{"Tipo de Proyecto":{"('0002-PE-2002', 0)":"MENSAJE NRO: 0438\/02","('0002-PE-2002', 1)":null,"('0002-PE-2002', 2)":null},"Iniciado en: ":{"('0002-PE-2002', 0)":"Diputados","('0002-PE-2002', 1)":null,"('0002-PE-2002', 2)":null},"Expediente Diputados: ":{"('0002-PE-2002', 0)":"0002-PE-2002","('0002-PE-2002', 1)":null,"('0002-PE-2002', 2)":null},"Publicado en: ":{"('0002-PE-2002', 0)":"Tr\u00e1mite Parlamentario N\u00b0 6","('0002-PE-2002', 1)":null,"('0002-PE-2002', 2)":null},"Fecha: ":{"('0002-PE-2002', 0)":"08\/03\/2002","('0002-PE-2002', 1)":null,"('0002-PE-2002', 2)":null},"T\u00edtulo":{"('0002-PE-2002', 0)":"DECRETO 410\/02 POR EL CUAL SE ESTABLECE QUE QUEDAN EXCEPTUADAS DE LA PESIFICACION DIVERSAS OPERATORIAS FINANCIERAS; SUSTITUCION DEL ARTICULO 10 DEL DECRETO 214\/02 (PESIFICACION DE SALDOS DE CUENTAS DE LAS ENTIDADES FINANCIERAS, FACULTANDO AL BCRA A DISPONER EXCEPCIONES).","('0002-PE-2002', 1)":null,"('0002-PE-2002', 2)":null},"('Firmantes', 'FIRMANTE')":{"('0002-PE-2002', 0)":"DUHALDE, EDUARDO ALBERTO","('0002-PE-2002', 1)":"CAPITANICH, JORGE","('0002-PE-2002', 2)":"REMES LENICOV, JORGE LUIS"},"('Firmantes', 'DISTRITO')":{"('0002-PE-2002', 0)":null,"('0002-PE-2002', 1)":null,"('0002-PE-2002', 2)":null},"('Firmantes', 'BLOQUE')":{"('0002-PE-2002', 0)":"PODER EJECUTIVO","('0002-PE-2002', 1)":"PODER EJECUTIVO","('0002-PE-2002', 2)":"PODER EJECUTIVO"},"('Giros', 'COMISI\u00d3N')":{"('0002-PE-2002', 0)":"FINANZAS","('0002-PE-2002', 1)":"PRESUPUESTO Y HACIENDA","('0002-PE-2002', 2)":null},"Sumario":{"('0002-PE-2002', 0)":"COMUNICA EL DICTADO DEL MISMO.","('0002-PE-2002', 1)":null,"('0002-PE-2002', 2)":null},"Palabra Clave":{"('0002-PE-2002', 0)":" ","('0002-PE-2002', 1)":null,"('0002-PE-2002', 2)":null}}