{"Tipo de Proyecto":{"('0005-PE-2002', 0)":"MENSAJE NRO: 0488\/02","('0005-PE-2002', 1)":null,"('0005-PE-2002', 2)":null},"Iniciado en: ":{"('0005-PE-2002', 0)":"Diputados","('0005-PE-2002', 1)":null,"('0005-PE-2002', 2)":null},"Expediente Diputados: ":{"('0005-PE-2002', 0)":"0005-PE-2002","('0005-PE-2002', 1)":null,"('0005-PE-2002', 2)":null},"Publicado en: ":{"('0005-PE-2002', 0)":"Tr\u00e1mite Parlamentario N\u00b0 8","('0005-PE-2002', 1)":null,"('0005-PE-2002', 2)":null},"Fecha: ":{"('0005-PE-2002', 0)":"12\/03\/2002","('0005-PE-2002', 1)":null,"('0005-PE-2002', 2)":null},"T\u00edtulo":{"('0005-PE-2002', 0)":"DECRETO 469\/02 DE PESIFICACION DE TITULOS PUBLICOS EN DOLARES ESTADOUNIDENSES U OTRA MONEDA EXTRANJERA QUE SE PRESENTEN PARA LA CANCELACION DE DEUDAS CON EL SISTEMA FINANCIERO.","('0005-PE-2002', 1)":null,"('0005-PE-2002', 2)":null},"('Firmantes', 'FIRMANTE')":{"('0005-PE-2002', 0)":"DUHALDE, EDUARDO ALBERTO","('0005-PE-2002', 1)":"CAPITANICH, JORGE","('0005-PE-2002', 2)":"GONZALEZ GARCIA, GINES MARIO"},"('Firmantes', 'DISTRITO')":{"('0005-PE-2002', 0)":null,"('0005-PE-2002', 1)":null,"('0005-PE-2002', 2)":null},"('Firmantes', 'BLOQUE')":{"('0005-PE-2002', 0)":"PODER EJECUTIVO","('0005-PE-2002', 1)":"PODER EJECUTIVO","('0005-PE-2002', 2)":"PODER EJECUTIVO"},"('Giros', 'COMISI\u00d3N')":{"('0005-PE-2002', 0)":"BICAMERAL DE SEGUIMIENTO DE FACULTADES DELEGADAS AL PODER EJECUTIVO NACIONAL - LEY 25561","('0005-PE-2002', 1)":null,"('0005-PE-2002', 2)":null},"Sumario":{"('0005-PE-2002', 0)":"COMUNICA EL DICTADO DEL MISMO.","('0005-PE-2002', 1)":null,"('0005-PE-2002', 2)":null},"Palabra Clave":{"('0005-PE-2002', 0)":" ","('0005-PE-2002', 1)":null,"('0005-PE-2002', 2)":null}}