{"Tipo de Proyecto":{"('0006-PE-2002', 0)":"MENSAJE NRO: 0492\/02","('0006-PE-2002', 1)":null,"('0006-PE-2002', 2)":null},"Iniciado en: ":{"('0006-PE-2002', 0)":"Diputados","('0006-PE-2002', 1)":null,"('0006-PE-2002', 2)":null},"Expediente Diputados: ":{"('0006-PE-2002', 0)":"0006-PE-2002","('0006-PE-2002', 1)":null,"('0006-PE-2002', 2)":null},"Publicado en: ":{"('0006-PE-2002', 0)":"Tr\u00e1mite Parlamentario N\u00b0 9","('0006-PE-2002', 1)":null,"('0006-PE-2002', 2)":null},"Fecha: ":{"('0006-PE-2002', 0)":"13\/03\/2002","('0006-PE-2002', 1)":null,"('0006-PE-2002', 2)":null},"T\u00edtulo":{"('0006-PE-2002', 0)":"DECRETO 491\/02 SOBRE LAS DESIGNACIONES DE PERSONAL EN EL AMBITO DE LA ADMINISTRACION PUBLICA NACIONAL.","('0006-PE-2002', 1)":null,"('0006-PE-2002', 2)":null},"('Firmantes', 'FIRMANTE')":{"('0006-PE-2002', 0)":"DUHALDE, EDUARDO ALBERTO","('0006-PE-2002', 1)":"CAPITANICH, JORGE","('0006-PE-2002', 2)":"GABRIELLI, RODOLFO FEDERICO"},"('Firmantes', 'DISTRITO')":{"('0006-PE-2002', 0)":null,"('0006-PE-2002', 1)":null,"('0006-PE-2002', 2)":null},"('Firmantes', 'BLOQUE')":{"('0006-PE-2002', 0)":"PODER EJECUTIVO","('0006-PE-2002', 1)":"PODER EJECUTIVO","('0006-PE-2002', 2)":"PODER EJECUTIVO"},"('Giros', 'COMISI\u00d3N')":{"('0006-PE-2002', 0)":"PRESUPUESTO Y HACIENDA","('0006-PE-2002', 1)":null,"('0006-PE-2002', 2)":null},"('Tramites', 'C\u00c1MARA')":{"('0006-PE-2002', 0)":"Diputados","('0006-PE-2002', 1)":null,"('0006-PE-2002', 2)":null},"('Tramites', 'MOVIMIENTO')":{"('0006-PE-2002', 0)":"VER TRAMITE EN EXPEDIENTE 7310-D-06","('0006-PE-2002', 1)":null,"('0006-PE-2002', 2)":null},"('Tramites', 'FECHA')":{"('0006-PE-2002', 0)":null,"('0006-PE-2002', 1)":null,"('0006-PE-2002', 2)":null},"('Tramites', 'RESULTADO')":{"('0006-PE-2002', 0)":null,"('0006-PE-2002', 1)":null,"('0006-PE-2002', 2)":null},"Sumario":{"('0006-PE-2002', 0)":"COMUNICACION DEL DICTADO DEL MISMO.","('0006-PE-2002', 1)":null,"('0006-PE-2002', 2)":null},"Palabra Clave":{"('0006-PE-2002', 0)":" ","('0006-PE-2002', 1)":null,"('0006-PE-2002', 2)":null}}