{"Tipo de Proyecto":{"('0008-S-2002', 0)":"MENSAJE NRO: 0711\/01 Y PROYECTO DE LEY","('0008-S-2002', 1)":null,"('0008-S-2002', 2)":null,"('0008-S-2002', 3)":null},"Iniciado en: ":{"('0008-S-2002', 0)":"Senado","('0008-S-2002', 1)":null,"('0008-S-2002', 2)":null,"('0008-S-2002', 3)":null},"Expediente Diputados: ":{"('0008-S-2002', 0)":"0008-S-2002","('0008-S-2002', 1)":null,"('0008-S-2002', 2)":null,"('0008-S-2002', 3)":null},"Expediente Senado: ":{"('0008-S-2002', 0)":"0156-PE-2001","('0008-S-2002', 1)":null,"('0008-S-2002', 2)":null,"('0008-S-2002', 3)":null},"Publicado en: ":{"('0008-S-2002', 0)":"Diario de Asuntos Entrados N\u00b0 47","('0008-S-2002', 1)":null,"('0008-S-2002', 2)":null,"('0008-S-2002', 3)":null},"Fecha: ":{"('0008-S-2002', 0)":"04\/06\/2001","('0008-S-2002', 1)":null,"('0008-S-2002', 2)":null,"('0008-S-2002', 3)":null},"T\u00edtulo":{"('0008-S-2002', 0)":"ACUERDO DE ASUNCION SOBRE RESTITUCION DE VEHICULOS AUTOMOTORES TERRESTRES Y\/O EMBARCACIONES QUE TRASPONEN ILEGALMENTE LAS FRONTERAS ENTRE LOS ESTADOS PARTES DEL MERCOSUR, LA REPUBLICA DE BOLIVIA Y LA REPUBLICA DE CHILE, SUSCRIPTO EN MONTEVIDEO, EL 7 DE DICIEMBRE DE 1999.","('0008-S-2002', 1)":null,"('0008-S-2002', 2)":null,"('0008-S-2002', 3)":null},"('Firmantes', 'FIRMANTE')":{"('0008-S-2002', 0)":"DE LA RUA, FERNANDO","('0008-S-2002', 1)":"COLOMBO, CHRYSTIAN","('0008-S-2002', 2)":"MESTRE, RAMON","('0008-S-2002', 3)":"RODRIGUEZ GIAVARINI, ADALBERTO"},"('Firmantes', 'DISTRITO')":{"('0008-S-2002', 0)":null,"('0008-S-2002', 1)":null,"('0008-S-2002', 2)":null,"('0008-S-2002', 3)":null},"('Firmantes', 'BLOQUE')":{"('0008-S-2002', 0)":"PODER EJECUTIVO","('0008-S-2002', 1)":"PODER EJECUTIVO","('0008-S-2002', 2)":"PODER EJECUTIVO","('0008-S-2002', 3)":"PODER EJECUTIVO"},"('Giros', 'COMISI\u00d3N')":{"('0008-S-2002', 0)":"RELACIONES EXTERIORES Y CULTO","('0008-S-2002', 1)":"LEGISLACION PENAL","('0008-S-2002', 2)":null,"('0008-S-2002', 3)":null},"('Tramites', 'C\u00c1MARA')":{"('0008-S-2002', 0)":"Senado","('0008-S-2002', 1)":"Diputados","('0008-S-2002', 2)":"Diputados","('0008-S-2002', 3)":null},"('Tramites', 'MOVIMIENTO')":{"('0008-S-2002', 0)":"CONSIDERACION Y APROBACION","('0008-S-2002', 1)":"PASA A DIPUTADOS - (TP 13\/02)","('0008-S-2002', 2)":"CONSIDERACION Y SANCION","('0008-S-2002', 3)":null},"('Tramites', 'FECHA')":{"('0008-S-2002', 0)":"14\/03\/2002","('0008-S-2002', 1)":null,"('0008-S-2002', 2)":"26\/02\/2003","('0008-S-2002', 3)":null},"('Tramites', 'RESULTADO')":{"('0008-S-2002', 0)":"MEDIA SANCION","('0008-S-2002', 1)":null,"('0008-S-2002', 2)":"SANCIONADO","('0008-S-2002', 3)":null},"Sumario":{"('0008-S-2002', 0)":"APROBACION.","('0008-S-2002', 1)":null,"('0008-S-2002', 2)":null,"('0008-S-2002', 3)":null},"Palabra Clave":{"('0008-S-2002', 0)":" ","('0008-S-2002', 1)":null,"('0008-S-2002', 2)":null,"('0008-S-2002', 3)":null}}