{"Tipo de Proyecto":{"('0010-OV-2002', 0)":"PROYECTO DE RESOLUCI\u00d3N"},"Iniciado en: ":{"('0010-OV-2002', 0)":"Senado"},"Expediente Senado: ":{"('0010-OV-2002', 0)":"0010-OV-2002"},"Fecha: ":{"('0010-OV-2002', 0)":"30\/09\/2003"},"T\u00edtulo":{"('0010-OV-2002', 0)":"RESOLUCIONES REMITIDAS POR LA AUDITORIA GENERAL DE LA NACION SOBRE LOS ESTADOS CONTABLES AL 31 DE DICIEMBRE DE 2000 (0010-OV-02); SOBRE AUDITORIA DE GESTION POR EL PERIODO 1997\/1998 (0231-OVD-02); Y RESPUESTA REMITIDA POR JEFE DE GABINETE DE MINISTROS EN RELACION A LA RESOLUCION APROBADA POR LA H CAMARA (0163-S-02), SOBRE LAS MEDIDAS ADOPTADAS A LOS FINES DE REGULARIZAR LAS SITUACIONES OBSERVADAS POR LA AGN (0328-OVD-03); EN EL AMBITO DE LA EMPRESA DE CONSTRUCCION DE VIVIENDA PARA LA ARMADA (COVIARA) EMPRESA DEL ESTADO."},"('Firmantes', 'FIRMANTE')":{"('0010-OV-2002', 0)":"PARLAMENTARIA MIXTA REVISORA DE CUENTAS"},"('Firmantes', 'DISTRITO')":{"('0010-OV-2002', 0)":null},"('Firmantes', 'BLOQUE')":{"('0010-OV-2002', 0)":null},"('Tramites', 'C\u00c1MARA')":{"('0010-OV-2002', 0)":"Senado"},"('Tramites', 'MOVIMIENTO')":{"('0010-OV-2002', 0)":"CONSIDERACION Y APROBACION (AL ARCHIVO)"},"('Tramites', 'FECHA')":{"('0010-OV-2002', 0)":"15\/10\/2003"},"('Tramites', 'RESULTADO')":{"('0010-OV-2002', 0)":"ARCHIVADO"},"Sumario":{"('0010-OV-2002', 0)":"HABIENDO TOMADO CONOCIMIENTO, SE RECOMIENDA SU REMISION AL ARCHIVO."},"Palabra Clave":{"('0010-OV-2002', 0)":" "}}