{"Tipo de Proyecto":{"('0010-PE-2002', 0)":"MENSAJE NRO: 0519\/02 Y PROYECTO DE LEY","('0010-PE-2002', 1)":null,"('0010-PE-2002', 2)":null,"('0010-PE-2002', 3)":null,"('0010-PE-2002', 4)":null,"('0010-PE-2002', 5)":null,"('0010-PE-2002', 6)":null,"('0010-PE-2002', 7)":null,"('0010-PE-2002', 8)":null,"('0010-PE-2002', 9)":null,"('0010-PE-2002', 10)":null,"('0010-PE-2002', 11)":null,"('0010-PE-2002', 12)":null},"Iniciado en: ":{"('0010-PE-2002', 0)":"Diputados","('0010-PE-2002', 1)":null,"('0010-PE-2002', 2)":null,"('0010-PE-2002', 3)":null,"('0010-PE-2002', 4)":null,"('0010-PE-2002', 5)":null,"('0010-PE-2002', 6)":null,"('0010-PE-2002', 7)":null,"('0010-PE-2002', 8)":null,"('0010-PE-2002', 9)":null,"('0010-PE-2002', 10)":null,"('0010-PE-2002', 11)":null,"('0010-PE-2002', 12)":null},"Expediente Diputados: ":{"('0010-PE-2002', 0)":"0010-PE-2002","('0010-PE-2002', 1)":null,"('0010-PE-2002', 2)":null,"('0010-PE-2002', 3)":null,"('0010-PE-2002', 4)":null,"('0010-PE-2002', 5)":null,"('0010-PE-2002', 6)":null,"('0010-PE-2002', 7)":null,"('0010-PE-2002', 8)":null,"('0010-PE-2002', 9)":null,"('0010-PE-2002', 10)":null,"('0010-PE-2002', 11)":null,"('0010-PE-2002', 12)":null},"Expediente Senado: ":{"('0010-PE-2002', 0)":"0016-CD-2003","('0010-PE-2002', 1)":null,"('0010-PE-2002', 2)":null,"('0010-PE-2002', 3)":null,"('0010-PE-2002', 4)":null,"('0010-PE-2002', 5)":null,"('0010-PE-2002', 6)":null,"('0010-PE-2002', 7)":null,"('0010-PE-2002', 8)":null,"('0010-PE-2002', 9)":null,"('0010-PE-2002', 10)":null,"('0010-PE-2002', 11)":null,"('0010-PE-2002', 12)":null},"Publicado en: ":{"('0010-PE-2002', 0)":"Tr\u00e1mite Parlamentario N\u00b0 12","('0010-PE-2002', 1)":null,"('0010-PE-2002', 2)":null,"('0010-PE-2002', 3)":null,"('0010-PE-2002', 4)":null,"('0010-PE-2002', 5)":null,"('0010-PE-2002', 6)":null,"('0010-PE-2002', 7)":null,"('0010-PE-2002', 8)":null,"('0010-PE-2002', 9)":null,"('0010-PE-2002', 10)":null,"('0010-PE-2002', 11)":null,"('0010-PE-2002', 12)":null},"Fecha: ":{"('0010-PE-2002', 0)":"18\/03\/2002","('0010-PE-2002', 1)":null,"('0010-PE-2002', 2)":null,"('0010-PE-2002', 3)":null,"('0010-PE-2002', 4)":null,"('0010-PE-2002', 5)":null,"('0010-PE-2002', 6)":null,"('0010-PE-2002', 7)":null,"('0010-PE-2002', 8)":null,"('0010-PE-2002', 9)":null,"('0010-PE-2002', 10)":null,"('0010-PE-2002', 11)":null,"('0010-PE-2002', 12)":null},"T\u00edtulo":{"('0010-PE-2002', 0)":"DERECHO DE LIBRE ACCESO A LA INFORMACION DE CUALQUIER ORGANO PERTENECIENTE AL SECTOR PUBLICO NACIONAL, DEL PODER LEGISLATIVO Y DEL PODER JUDICIAL.","('0010-PE-2002', 1)":null,"('0010-PE-2002', 2)":null,"('0010-PE-2002', 3)":null,"('0010-PE-2002', 4)":null,"('0010-PE-2002', 5)":null,"('0010-PE-2002', 6)":null,"('0010-PE-2002', 7)":null,"('0010-PE-2002', 8)":null,"('0010-PE-2002', 9)":null,"('0010-PE-2002', 10)":null,"('0010-PE-2002', 11)":null,"('0010-PE-2002', 12)":null},"('Firmantes', 'FIRMANTE')":{"('0010-PE-2002', 0)":"DUHALDE, EDUARDO ALBERTO","('0010-PE-2002', 1)":"CAPITANICH, JORGE","('0010-PE-2002', 2)":"VANOSSI, JORGE REINALDO","('0010-PE-2002', 3)":null,"('0010-PE-2002', 4)":null,"('0010-PE-2002', 5)":null,"('0010-PE-2002', 6)":null,"('0010-PE-2002', 7)":null,"('0010-PE-2002', 8)":null,"('0010-PE-2002', 9)":null,"('0010-PE-2002', 10)":null,"('0010-PE-2002', 11)":null,"('0010-PE-2002', 12)":null},"('Firmantes', 'DISTRITO')":{"('0010-PE-2002', 0)":null,"('0010-PE-2002', 1)":null,"('0010-PE-2002', 2)":null,"('0010-PE-2002', 3)":null,"('0010-PE-2002', 4)":null,"('0010-PE-2002', 5)":null,"('0010-PE-2002', 6)":null,"('0010-PE-2002', 7)":null,"('0010-PE-2002', 8)":null,"('0010-PE-2002', 9)":null,"('0010-PE-2002', 10)":null,"('0010-PE-2002', 11)":null,"('0010-PE-2002', 12)":null},"('Firmantes', 'BLOQUE')":{"('0010-PE-2002', 0)":"PODER EJECUTIVO","('0010-PE-2002', 1)":"PODER EJECUTIVO","('0010-PE-2002', 2)":"PODER EJECUTIVO","('0010-PE-2002', 3)":null,"('0010-PE-2002', 4)":null,"('0010-PE-2002', 5)":null,"('0010-PE-2002', 6)":null,"('0010-PE-2002', 7)":null,"('0010-PE-2002', 8)":null,"('0010-PE-2002', 9)":null,"('0010-PE-2002', 10)":null,"('0010-PE-2002', 11)":null,"('0010-PE-2002', 12)":null},"('Giros', 'COMISI\u00d3N')":{"('0010-PE-2002', 0)":"ASUNTOS CONSTITUCIONALES","('0010-PE-2002', 1)":"LIBERTAD DE EXPRESION","('0010-PE-2002', 2)":null,"('0010-PE-2002', 3)":null,"('0010-PE-2002', 4)":null,"('0010-PE-2002', 5)":null,"('0010-PE-2002', 6)":null,"('0010-PE-2002', 7)":null,"('0010-PE-2002', 8)":null,"('0010-PE-2002', 9)":null,"('0010-PE-2002', 10)":null,"('0010-PE-2002', 11)":null,"('0010-PE-2002', 12)":null},"('Tramites', 'C\u00c1MARA')":{"('0010-PE-2002', 0)":"Diputados","('0010-PE-2002', 1)":"Diputados","('0010-PE-2002', 2)":"Diputados","('0010-PE-2002', 3)":"Diputados","('0010-PE-2002', 4)":"Diputados","('0010-PE-2002', 5)":"Diputados","('0010-PE-2002', 6)":"Diputados","('0010-PE-2002', 7)":"Senado","('0010-PE-2002', 8)":"Senado","('0010-PE-2002', 9)":"Senado","('0010-PE-2002', 10)":"Senado","('0010-PE-2002', 11)":"Senado","('0010-PE-2002', 12)":"Diputados"},"('Tramites', 'MOVIMIENTO')":{"('0010-PE-2002', 0)":"RESOLUCION PRESIDENCIA AMPLIACION DE GIRO A LA COMISION DE LIBERTAD DE EXPRESION (BAE 5\/02)","('0010-PE-2002', 1)":"MANIFESTACIONES EN MINORIA","('0010-PE-2002', 2)":"MANIFESTACIONES EN MINORIA","('0010-PE-2002', 3)":"CONSIDERACION Y POSTERGACION DE TRATAMIENTO","('0010-PE-2002', 4)":"MANIFESTACIONES EN MINORIA","('0010-PE-2002', 5)":"CONSIDERACION Y APROBACION","('0010-PE-2002', 6)":"INSERCIONES DE LOS DIPUTADOS NIEVA, ALESSANDRO, CONTE GRAND, CORREA, HERNANDEZ, ROMERO Y STOLBIZER","('0010-PE-2002', 7)":"PASA A SENADO - (DAE 54)","('0010-PE-2002', 8)":"AMPLIACION GIRO A LA COMISION DE ASUNTOS CONSTITUCIONALES (AFIRMATIVA)","('0010-PE-2002', 9)":"AMPLIACION GIRO A LA COMISION DE DEFENSA NACIONAL (AFIRMATIVA)","('0010-PE-2002', 10)":"CONSIDERACION Y APROBACION CON MODIFICACIONES CONJUNTAMENTE PARA LOS EXPEDIENTES 0010-PE-2002, 0016-CD-2003, 0154-S-2003, 0809-S-2003, 0223-S-2004 y 1693-S-2004","('0010-PE-2002', 11)":"INSERCIONES","('0010-PE-2002', 12)":"VUELVE A DIPUTADOS - CONJUNTAMENTE PARA LOS EXPEDIENTES 0010-PE-2002, 0016-CD-2003, 0154-S-2003, 0809-S-2003, 0223-S-2004 y 1693-S-2004"},"('Tramites', 'FECHA')":{"('0010-PE-2002', 0)":"10\/04\/2002","('0010-PE-2002', 1)":"13\/11\/2002","('0010-PE-2002', 2)":"20\/11\/2002","('0010-PE-2002', 3)":"28\/11\/2002","('0010-PE-2002', 4)":"26\/03\/2003","('0010-PE-2002', 5)":"08\/05\/2003","('0010-PE-2002', 6)":"08\/05\/2003","('0010-PE-2002', 7)":null,"('0010-PE-2002', 8)":"28\/05\/2003","('0010-PE-2002', 9)":"11\/06\/2003","('0010-PE-2002', 10)":"01\/12\/2004","('0010-PE-2002', 11)":"01\/12\/2004","('0010-PE-2002', 12)":null},"('Tramites', 'RESULTADO')":{"('0010-PE-2002', 0)":null,"('0010-PE-2002', 1)":null,"('0010-PE-2002', 2)":null,"('0010-PE-2002', 3)":null,"('0010-PE-2002', 4)":null,"('0010-PE-2002', 5)":"MEDIA SANCION","('0010-PE-2002', 6)":null,"('0010-PE-2002', 7)":null,"('0010-PE-2002', 8)":null,"('0010-PE-2002', 9)":null,"('0010-PE-2002', 10)":"MEDIA SANCION","('0010-PE-2002', 11)":null,"('0010-PE-2002', 12)":null},"Sumario":{"('0010-PE-2002', 0)":"LEGITIMACION; PRINCIPIO DE LIBRE ACCESO A LA INFORMACION; TIPO DE INFORMACION; PLAZOS; DENEGATORIA; RESPONSABILIDADES; EXCEPCIONES AL EJERCICIO DEL DERECHO; INFORMACION PARCIALMENTE RESERVADA; REINTEGRO DE GASTOS; ENTRADA EN VIGENCIA.","('0010-PE-2002', 1)":null,"('0010-PE-2002', 2)":null,"('0010-PE-2002', 3)":null,"('0010-PE-2002', 4)":null,"('0010-PE-2002', 5)":null,"('0010-PE-2002', 6)":null,"('0010-PE-2002', 7)":null,"('0010-PE-2002', 8)":null,"('0010-PE-2002', 9)":null,"('0010-PE-2002', 10)":null,"('0010-PE-2002', 11)":null,"('0010-PE-2002', 12)":null},"Palabra Clave":{"('0010-PE-2002', 0)":" ","('0010-PE-2002', 1)":null,"('0010-PE-2002', 2)":null,"('0010-PE-2002', 3)":null,"('0010-PE-2002', 4)":null,"('0010-PE-2002', 5)":null,"('0010-PE-2002', 6)":null,"('0010-PE-2002', 7)":null,"('0010-PE-2002', 8)":null,"('0010-PE-2002', 9)":null,"('0010-PE-2002', 10)":null,"('0010-PE-2002', 11)":null,"('0010-PE-2002', 12)":null}}