{"Tipo de Proyecto":{"('0012-S-2002', 0)":"MENSAJE NRO: 1069\/01 Y PROYECTO DE LEY","('0012-S-2002', 1)":null,"('0012-S-2002', 2)":null},"Iniciado en: ":{"('0012-S-2002', 0)":"Senado","('0012-S-2002', 1)":null,"('0012-S-2002', 2)":null},"Expediente Diputados: ":{"('0012-S-2002', 0)":"0012-S-2002","('0012-S-2002', 1)":null,"('0012-S-2002', 2)":null},"Expediente Senado: ":{"('0012-S-2002', 0)":"0434-PE-2001","('0012-S-2002', 1)":null,"('0012-S-2002', 2)":null},"Publicado en: ":{"('0012-S-2002', 0)":"Diario de Asuntos Entrados N\u00b0 82","('0012-S-2002', 1)":null,"('0012-S-2002', 2)":null},"Fecha: ":{"('0012-S-2002', 0)":"28\/08\/2001","('0012-S-2002', 1)":null,"('0012-S-2002', 2)":null},"T\u00edtulo":{"('0012-S-2002', 0)":"CONVENIO DE COOPERACION CULTURAL Y EDUCATIVA CON LA REPUBLICA DEL LIBANO, SUSCRIPTO EN BUENOS AIRES EL 15 DE MAYO DE 2001.","('0012-S-2002', 1)":null,"('0012-S-2002', 2)":null},"('Firmantes', 'FIRMANTE')":{"('0012-S-2002', 0)":"DE LA RUA, FERNANDO","('0012-S-2002', 1)":"RODRIGUEZ GIAVARINI, ADALBERTO","('0012-S-2002', 2)":"DELICH, ANDRES G"},"('Firmantes', 'DISTRITO')":{"('0012-S-2002', 0)":null,"('0012-S-2002', 1)":null,"('0012-S-2002', 2)":null},"('Firmantes', 'BLOQUE')":{"('0012-S-2002', 0)":"PODER EJECUTIVO","('0012-S-2002', 1)":"PODER EJECUTIVO","('0012-S-2002', 2)":"PODER EJECUTIVO"},"('Giros', 'COMISI\u00d3N')":{"('0012-S-2002', 0)":"RELACIONES EXTERIORES Y CULTO","('0012-S-2002', 1)":"CULTURA","('0012-S-2002', 2)":null},"('Tramites', 'C\u00c1MARA')":{"('0012-S-2002', 0)":"Senado","('0012-S-2002', 1)":"Diputados","('0012-S-2002', 2)":"Diputados"},"('Tramites', 'MOVIMIENTO')":{"('0012-S-2002', 0)":"CONSIDERACION Y APROBACION","('0012-S-2002', 1)":"PASA A DIPUTADOS - (TP 13\/02)","('0012-S-2002', 2)":"CONSIDERACION Y SANCION"},"('Tramites', 'FECHA')":{"('0012-S-2002', 0)":"14\/03\/2002","('0012-S-2002', 1)":null,"('0012-S-2002', 2)":"12\/06\/2002"},"('Tramites', 'RESULTADO')":{"('0012-S-2002', 0)":"MEDIA SANCION","('0012-S-2002', 1)":null,"('0012-S-2002', 2)":"SANCIONADO"},"Sumario":{"('0012-S-2002', 0)":"APROBACION.","('0012-S-2002', 1)":null,"('0012-S-2002', 2)":null},"Palabra Clave":{"('0012-S-2002', 0)":" ","('0012-S-2002', 1)":null,"('0012-S-2002', 2)":null}}