{"Tipo de Proyecto":{"('0014-S-2002', 0)":"PROYECTO DE LEY","('0014-S-2002', 1)":null,"('0014-S-2002', 2)":null,"('0014-S-2002', 3)":null,"('0014-S-2002', 4)":null},"Iniciado en: ":{"('0014-S-2002', 0)":"Senado","('0014-S-2002', 1)":null,"('0014-S-2002', 2)":null,"('0014-S-2002', 3)":null,"('0014-S-2002', 4)":null},"Expediente Senado: ":{"('0014-S-2002', 0)":"0014-S-2002","('0014-S-2002', 1)":null,"('0014-S-2002', 2)":null,"('0014-S-2002', 3)":null,"('0014-S-2002', 4)":null},"Publicado en: ":{"('0014-S-2002', 0)":"Diario de Asuntos Entrados N\u00b0 3","('0014-S-2002', 1)":null,"('0014-S-2002', 2)":null,"('0014-S-2002', 3)":null,"('0014-S-2002', 4)":null},"Fecha: ":{"('0014-S-2002', 0)":"01\/03\/2002","('0014-S-2002', 1)":null,"('0014-S-2002', 2)":null,"('0014-S-2002', 3)":null,"('0014-S-2002', 4)":null},"T\u00edtulo":{"('0014-S-2002', 0)":"LEY COMPLEMENTARIA A LA LEY 25156 DE DEFENSA DE LA COMPETENCIA.","('0014-S-2002', 1)":null,"('0014-S-2002', 2)":null,"('0014-S-2002', 3)":null,"('0014-S-2002', 4)":null},"('Firmantes', 'FIRMANTE')":{"('0014-S-2002', 0)":"MORALES, GERARDO RUBEN","('0014-S-2002', 1)":"JENEFES, GUILLERMO RAUL","('0014-S-2002', 2)":"GOMEZ DIEZ, RICARDO","('0014-S-2002', 3)":"LOPEZ ARIAS, MARCELO EDUARDO","('0014-S-2002', 4)":"ARANCIO, MONICA"},"('Firmantes', 'DISTRITO')":{"('0014-S-2002', 0)":"JUJUY","('0014-S-2002', 1)":"JUJUY","('0014-S-2002', 2)":"SALTA","('0014-S-2002', 3)":"SALTA","('0014-S-2002', 4)":"JUJUY"},"('Firmantes', 'BLOQUE')":{"('0014-S-2002', 0)":"UCR","('0014-S-2002', 1)":"JUSTICIALISTA","('0014-S-2002', 2)":"RENOVADOR","('0014-S-2002', 3)":"JUSTICIALISTA","('0014-S-2002', 4)":"UCR"},"('Tramites', 'C\u00c1MARA')":{"('0014-S-2002', 0)":"Senado","('0014-S-2002', 1)":null,"('0014-S-2002', 2)":null,"('0014-S-2002', 3)":null,"('0014-S-2002', 4)":null},"('Tramites', 'MOVIMIENTO')":{"('0014-S-2002', 0)":"REPRODUCIDO POR EXPEDIENTE 0678-S-04 (DAE 43)","('0014-S-2002', 1)":null,"('0014-S-2002', 2)":null,"('0014-S-2002', 3)":null,"('0014-S-2002', 4)":null},"('Tramites', 'FECHA')":{"('0014-S-2002', 0)":null,"('0014-S-2002', 1)":null,"('0014-S-2002', 2)":null,"('0014-S-2002', 3)":null,"('0014-S-2002', 4)":null},"('Tramites', 'RESULTADO')":{"('0014-S-2002', 0)":null,"('0014-S-2002', 1)":null,"('0014-S-2002', 2)":null,"('0014-S-2002', 3)":null,"('0014-S-2002', 4)":null},"Sumario":{"('0014-S-2002', 0)":"SE FACULTA A LA SECRETARIA DE AGRICULTURA, GANADERIA, PESCA Y ALIMENTACION (SAGPYA) PARA QUE FIJE PRECIOS A LOS PRODUCTOS AGROPECUARIOS NACIONALES; CASOS: LOS CONTEMPLADOS EN EL CAPITULO I DE LA LEY 25156; MECANISMO DE FIJACION; REGLAMENTACION DE LOS CASOS NO PREVISTOS POR PARTE DE LA SAGPYA.","('0014-S-2002', 1)":null,"('0014-S-2002', 2)":null,"('0014-S-2002', 3)":null,"('0014-S-2002', 4)":null},"Palabra Clave":{"('0014-S-2002', 0)":" ","('0014-S-2002', 1)":null,"('0014-S-2002', 2)":null,"('0014-S-2002', 3)":null,"('0014-S-2002', 4)":null}}