{"Tipo de Proyecto":{"('0015-S-2002', 0)":"COMUNICACION","('0015-S-2002', 1)":null},"Iniciado en: ":{"('0015-S-2002', 0)":"Senado","('0015-S-2002', 1)":null},"Expediente Senado: ":{"('0015-S-2002', 0)":"0015-S-2002","('0015-S-2002', 1)":null},"Publicado en: ":{"('0015-S-2002', 0)":"Diario de Asuntos Entrados N\u00b0 3","('0015-S-2002', 1)":null},"Fecha: ":{"('0015-S-2002', 0)":"01\/03\/2002","('0015-S-2002', 1)":null},"T\u00edtulo":{"('0015-S-2002', 0)":"SOLICITAR A LAS NACIONES UNIDAS EL TRATAMIENTO DE LA SOBERANIA DE LAS ISLAS MALVINAS DISPUTADA POR LA ARGENTINA Y GRAN BRETA\u00d1A.","('0015-S-2002', 1)":null},"('Firmantes', 'FIRMANTE')":{"('0015-S-2002', 0)":"MENEM, EDUARDO","('0015-S-2002', 1)":null},"('Firmantes', 'DISTRITO')":{"('0015-S-2002', 0)":"LA RIOJA","('0015-S-2002', 1)":null},"('Firmantes', 'BLOQUE')":{"('0015-S-2002', 0)":"JUSTICIALISTA","('0015-S-2002', 1)":null},"('Tramites', 'C\u00c1MARA')":{"('0015-S-2002', 0)":"Senado","('0015-S-2002', 1)":"Senado"},"('Tramites', 'MOVIMIENTO')":{"('0015-S-2002', 0)":"CONSIDERACION Y APROBACION","('0015-S-2002', 1)":"CONTESTACION DEL PODER EJECUTIVO NACIONAL - GIRADO A LA COMISION RESPECTIVA"},"('Tramites', 'FECHA')":{"('0015-S-2002', 0)":"12\/06\/2002","('0015-S-2002', 1)":null},"('Tramites', 'RESULTADO')":{"('0015-S-2002', 0)":"APROBADO","('0015-S-2002', 1)":null},"Sumario":{"('0015-S-2002', 0)":"SOLICITUD AL PODER EJECUTIVO NACIONAL.","('0015-S-2002', 1)":null},"Palabra Clave":{"('0015-S-2002', 0)":" ","('0015-S-2002', 1)":null}}