{"Tipo de Proyecto":{"('0016-S-2002', 0)":"PROYECTO DE LEY"},"Iniciado en: ":{"('0016-S-2002', 0)":"Senado"},"Expediente Senado: ":{"('0016-S-2002', 0)":"0016-S-2002"},"Publicado en: ":{"('0016-S-2002', 0)":"Diario de Asuntos Entrados N\u00b0 3"},"Fecha: ":{"('0016-S-2002', 0)":"01\/03\/2002"},"T\u00edtulo":{"('0016-S-2002', 0)":"RATIFICACION DEL DECRETO 355\/2002 Y MODIFICACION DE LA LEY DE MINISTERIOS (TO DECRETO 438\/92) Y MODIFICATORIAS."},"('Firmantes', 'FIRMANTE')":{"('0016-S-2002', 0)":"COLAZO, MARIO JORGE"},"('Firmantes', 'DISTRITO')":{"('0016-S-2002', 0)":"TIERRA DEL FUEGO"},"('Firmantes', 'BLOQUE')":{"('0016-S-2002', 0)":"UCR"},"('Tramites', 'C\u00c1MARA')":{"('0016-S-2002', 0)":"Senado"},"('Tramites', 'MOVIMIENTO')":{"('0016-S-2002', 0)":"AMPLIACION GIRO A LA COMISION DE SEGURIDAD INTERIOR"},"('Tramites', 'FECHA')":{"('0016-S-2002', 0)":"23\/05\/2002"},"('Tramites', 'RESULTADO')":{"('0016-S-2002', 0)":null},"Sumario":{"('0016-S-2002', 0)":"SUSTITUCION DEL TITULO III DE LA LEY DE MINISTERIOS (SECRETARIAS DE LA PRESIDENCIA DE LA NACION); SUSTITUCION DEL INCISO 25) DEL ARTICULO 19 Y DEROGACION DE LOS ARTICULOS 4, 5, 6, 7 Y 8 DEL DECRETO 355\/02."},"Palabra Clave":{"('0016-S-2002', 0)":" "}}