{"Tipo de Proyecto":{"('0016-OV-2002', 0)":"PROYECTO DE RESOLUCI\u00d3N"},"Iniciado en: ":{"('0016-OV-2002', 0)":"Senado"},"Expediente Senado: ":{"('0016-OV-2002', 0)":"0016-OV-2002"},"Fecha: ":{"('0016-OV-2002', 0)":"22\/10\/2002"},"T\u00edtulo":{"('0016-OV-2002', 0)":"EXPEDIENTES REFERIDOS A LA MODIFICACION DEL PRESUPUESTO GENERAL DE LA ADMINISTRACION NACIONAL - EJERCICIO 2002."},"('Firmantes', 'FIRMANTE')":{"('0016-OV-2002', 0)":"PARLAMENTARIA MIXTA REVISORA DE CUENTAS"},"('Firmantes', 'DISTRITO')":{"('0016-OV-2002', 0)":null},"('Firmantes', 'BLOQUE')":{"('0016-OV-2002', 0)":null},"('Tramites', 'C\u00c1MARA')":{"('0016-OV-2002', 0)":"Senado"},"('Tramites', 'MOVIMIENTO')":{"('0016-OV-2002', 0)":"CONSIDERACION Y APROBACION (AL ARCHIVO)"},"('Tramites', 'FECHA')":{"('0016-OV-2002', 0)":"21\/11\/2002"},"('Tramites', 'RESULTADO')":{"('0016-OV-2002', 0)":"ARCHIVADO"},"Sumario":{"('0016-OV-2002', 0)":"HABIENDO TOMADO CONOCIMIENTO Y NO CONTENIENDO REQUERIMIENTOS DE ACCION SUBSISTENTES SE ACONSEJA SU REMISION AL ARCHIVO."},"Palabra Clave":{"('0016-OV-2002', 0)":" "}}