{"Tipo de Proyecto":{"('0017-S-2002', 0)":"PROYECTO DE LEY"},"Iniciado en: ":{"('0017-S-2002', 0)":"Senado"},"Expediente Senado: ":{"('0017-S-2002', 0)":"0017-S-2002"},"Publicado en: ":{"('0017-S-2002', 0)":"Diario de Asuntos Entrados N\u00b0 3"},"Fecha: ":{"('0017-S-2002', 0)":"01\/03\/2002"},"T\u00edtulo":{"('0017-S-2002', 0)":"LEY DE ACCESO A LA INFORMACION."},"('Firmantes', 'FIRMANTE')":{"('0017-S-2002', 0)":"COLAZO, MARIO JORGE"},"('Firmantes', 'DISTRITO')":{"('0017-S-2002', 0)":"TIERRA DEL FUEGO"},"('Firmantes', 'BLOQUE')":{"('0017-S-2002', 0)":"UCR"},"('Tramites', 'C\u00c1MARA')":{"('0017-S-2002', 0)":"Senado"},"('Tramites', 'MOVIMIENTO')":{"('0017-S-2002', 0)":"AMPLIACION DE GIRO A LA COMISION DE SISTEMAS, MEDIOS DE COMUNICACION Y LIBERTAD DE EXPRESION, Y DE JUSTICIA Y ASUNTOS PENALES; SUPRESION DE GIRO A LA COMISION DE ASUNTOS PENALES Y REGIMENES CARCELARIOS (AFIRMATIVA)"},"('Tramites', 'FECHA')":{"('0017-S-2002', 0)":"28\/05\/2003"},"('Tramites', 'RESULTADO')":{"('0017-S-2002', 0)":null},"Sumario":{"('0017-S-2002', 0)":"OBJETO; DEFINICIONES; SUMINISTRO DE INFORMACION; ORGANISMO DE APLICACION: DEFENSOR DEL PUEBLO DE LA NACION; INFORME ANTE EL CONGRESO DE LA NACION; DELITOS: SE AGREGAN PARRAFOS A LOS ARTICULOS 218 Y 249 Y SE INCORPORAN LOS ARTICULOS 157 BIS Y 224 BIS DEL CODIGO PENAL; APLICACION SUPLETORIA DE LA LEY 19549 DE PROCEDIMIENTOS ADMINISTRATIVOS Y EL DECRETO 1759\/72."},"Palabra Clave":{"('0017-S-2002', 0)":" "}}