{"Tipo de Proyecto":{"('0019-PE-2002', 0)":"MENSAJE NRO: 0619\/02","('0019-PE-2002', 1)":null,"('0019-PE-2002', 2)":null},"Iniciado en: ":{"('0019-PE-2002', 0)":"Diputados","('0019-PE-2002', 1)":null,"('0019-PE-2002', 2)":null},"Expediente Diputados: ":{"('0019-PE-2002', 0)":"0019-PE-2002","('0019-PE-2002', 1)":null,"('0019-PE-2002', 2)":null},"Publicado en: ":{"('0019-PE-2002', 0)":"Tr\u00e1mite Parlamentario N\u00b0 31","('0019-PE-2002', 1)":null,"('0019-PE-2002', 2)":null},"Fecha: ":{"('0019-PE-2002', 0)":"17\/04\/2002","('0019-PE-2002', 1)":null,"('0019-PE-2002', 2)":null},"T\u00edtulo":{"('0019-PE-2002', 0)":"COMUNICANDO EL DICTADO DEL DECRETO 618\/02 POR EL CUAL SE MODIFICA EL ARTICULO 6 DE LA LEY 21453, REGULACION DE EXPORTACION DE LOS PRODUCTOS DE ORIGEN AGRICOLA, QUE ESTABLECE LAS PAUTAS A APLICAR PARA LIQUIDAR LOS DERECHOS DE EXPORTACION.","('0019-PE-2002', 1)":null,"('0019-PE-2002', 2)":null},"('Firmantes', 'FIRMANTE')":{"('0019-PE-2002', 0)":"DUHALDE, EDUARDO ALBERTO","('0019-PE-2002', 1)":"CAPITANICH, JORGE","('0019-PE-2002', 2)":"REMES LENICOV, JORGE LUIS"},"('Firmantes', 'DISTRITO')":{"('0019-PE-2002', 0)":null,"('0019-PE-2002', 1)":null,"('0019-PE-2002', 2)":null},"('Firmantes', 'BLOQUE')":{"('0019-PE-2002', 0)":"PODER EJECUTIVO","('0019-PE-2002', 1)":"PODER EJECUTIVO","('0019-PE-2002', 2)":"PODER EJECUTIVO"},"('Giros', 'COMISI\u00d3N')":{"('0019-PE-2002', 0)":"AGRICULTURA Y GANADERIA","('0019-PE-2002', 1)":"COMERCIO","('0019-PE-2002', 2)":"PRESUPUESTO Y HACIENDA"},"Sumario":{"('0019-PE-2002', 0)":"ACOMPA\u00d1A COPIA AUTENTICADA.","('0019-PE-2002', 1)":null,"('0019-PE-2002', 2)":null},"Palabra Clave":{"('0019-PE-2002', 0)":" ","('0019-PE-2002', 1)":null,"('0019-PE-2002', 2)":null}}