{"Tipo de Proyecto":{"('0021-S-2002', 0)":"PROYECTO DE LEY","('0021-S-2002', 1)":null},"Iniciado en: ":{"('0021-S-2002', 0)":"Senado","('0021-S-2002', 1)":null},"Expediente Diputados: ":{"('0021-S-2002', 0)":"0021-S-2002","('0021-S-2002', 1)":null},"Expediente Senado: ":{"('0021-S-2002', 0)":"1907-S-2001","('0021-S-2002', 1)":null},"Publicado en: ":{"('0021-S-2002', 0)":"Diario de Asuntos Entrados N\u00b0 139","('0021-S-2002', 1)":null},"Fecha: ":{"('0021-S-2002', 0)":"16\/01\/2002","('0021-S-2002', 1)":null},"T\u00edtulo":{"('0021-S-2002', 0)":"DECLARAR EN ESTADO DE EMERGENCIA TURISTICA NACIONAL A LAS LOCALIDADES DE BARILOCHE, EL BOLSON, Y LOS BALNEARIOS DE LAS GRUTAS, PLAYAS DORADAS Y EL CONDOR, PROVINCIA DE RIO NEGRO, SEGUN EL ARTICULO 1 DE LA LEY 25561.","('0021-S-2002', 1)":null},"('Firmantes', 'FIRMANTE')":{"('0021-S-2002', 0)":"FALCO, LUIS ALBERTO","('0021-S-2002', 1)":"ISIDORI, AMANDA"},"('Firmantes', 'DISTRITO')":{"('0021-S-2002', 0)":"RIO NEGRO","('0021-S-2002', 1)":"RIO NEGRO"},"('Firmantes', 'BLOQUE')":{"('0021-S-2002', 0)":"UCR","('0021-S-2002', 1)":"UCR"},"('Giros', 'COMISI\u00d3N')":{"('0021-S-2002', 0)":"TURISMO","('0021-S-2002', 1)":"PRESUPUESTO Y HACIENDA"},"('Tramites', 'C\u00c1MARA')":{"('0021-S-2002', 0)":"Senado","('0021-S-2002', 1)":"Diputados"},"('Tramites', 'MOVIMIENTO')":{"('0021-S-2002', 0)":"CONSIDERACION Y APROBACION","('0021-S-2002', 1)":"PASA A DIPUTADOS - (TP 31\/02)"},"('Tramites', 'FECHA')":{"('0021-S-2002', 0)":"11\/04\/2002","('0021-S-2002', 1)":null},"('Tramites', 'RESULTADO')":{"('0021-S-2002', 0)":"MEDIA SANCION","('0021-S-2002', 1)":null},"Sumario":{"('0021-S-2002', 0)":"VIGENCIA HASTA EL 10\/12\/2003.","('0021-S-2002', 1)":null},"Palabra Clave":{"('0021-S-2002', 0)":" ","('0021-S-2002', 1)":null}}