{"Tipo de Proyecto":{"('0021-PE-2002', 0)":"MENSAJE NRO: 0629\/02 Y PROYECTO DE LEY","('0021-PE-2002', 1)":null,"('0021-PE-2002', 2)":null,"('0021-PE-2002', 3)":null,"('0021-PE-2002', 4)":null,"('0021-PE-2002', 5)":null},"Iniciado en: ":{"('0021-PE-2002', 0)":"Diputados","('0021-PE-2002', 1)":null,"('0021-PE-2002', 2)":null,"('0021-PE-2002', 3)":null,"('0021-PE-2002', 4)":null,"('0021-PE-2002', 5)":null},"Expediente Diputados: ":{"('0021-PE-2002', 0)":"0021-PE-2002","('0021-PE-2002', 1)":null,"('0021-PE-2002', 2)":null,"('0021-PE-2002', 3)":null,"('0021-PE-2002', 4)":null,"('0021-PE-2002', 5)":null},"Expediente Senado: ":{"('0021-PE-2002', 0)":"0019-CD-2002","('0021-PE-2002', 1)":null,"('0021-PE-2002', 2)":null,"('0021-PE-2002', 3)":null,"('0021-PE-2002', 4)":null,"('0021-PE-2002', 5)":null},"Publicado en: ":{"('0021-PE-2002', 0)":"Tr\u00e1mite Parlamentario N\u00b0 32","('0021-PE-2002', 1)":null,"('0021-PE-2002', 2)":null,"('0021-PE-2002', 3)":null,"('0021-PE-2002', 4)":null,"('0021-PE-2002', 5)":null},"Fecha: ":{"('0021-PE-2002', 0)":"18\/04\/2002","('0021-PE-2002', 1)":null,"('0021-PE-2002', 2)":null,"('0021-PE-2002', 3)":null,"('0021-PE-2002', 4)":null,"('0021-PE-2002', 5)":null},"T\u00edtulo":{"('0021-PE-2002', 0)":"MODIFICACION A LA LEY 25563, DE EMERGENCIA ECONOMICA, RESTABLECIENDO EFECTOS DE LA LEY 24522 DE CONCURSOS Y QUIEBRAS.","('0021-PE-2002', 1)":null,"('0021-PE-2002', 2)":null,"('0021-PE-2002', 3)":null,"('0021-PE-2002', 4)":null,"('0021-PE-2002', 5)":null},"('Firmantes', 'FIRMANTE')":{"('0021-PE-2002', 0)":"DUHALDE, EDUARDO ALBERTO","('0021-PE-2002', 1)":"CAPITANICH, JORGE","('0021-PE-2002', 2)":"VANOSSI, JORGE REINALDO","('0021-PE-2002', 3)":null,"('0021-PE-2002', 4)":null,"('0021-PE-2002', 5)":null},"('Firmantes', 'DISTRITO')":{"('0021-PE-2002', 0)":null,"('0021-PE-2002', 1)":null,"('0021-PE-2002', 2)":null,"('0021-PE-2002', 3)":null,"('0021-PE-2002', 4)":null,"('0021-PE-2002', 5)":null},"('Firmantes', 'BLOQUE')":{"('0021-PE-2002', 0)":"PODER EJECUTIVO","('0021-PE-2002', 1)":"PODER EJECUTIVO","('0021-PE-2002', 2)":"PODER EJECUTIVO","('0021-PE-2002', 3)":null,"('0021-PE-2002', 4)":null,"('0021-PE-2002', 5)":null},"('Giros', 'COMISI\u00d3N')":{"('0021-PE-2002', 0)":"LEGISLACION GENERAL","('0021-PE-2002', 1)":"PRESUPUESTO Y HACIENDA","('0021-PE-2002', 2)":null,"('0021-PE-2002', 3)":null,"('0021-PE-2002', 4)":null,"('0021-PE-2002', 5)":null},"('Tramites', 'C\u00c1MARA')":{"('0021-PE-2002', 0)":"Diputados","('0021-PE-2002', 1)":"Diputados","('0021-PE-2002', 2)":"Diputados","('0021-PE-2002', 3)":"Senado","('0021-PE-2002', 4)":"Senado","('0021-PE-2002', 5)":"Senado"},"('Tramites', 'MOVIMIENTO')":{"('0021-PE-2002', 0)":"MOCION SOBRE TABLAS (AFIRMATIVA)","('0021-PE-2002', 1)":"CONSIDERACION Y APROBACION CON MODIFICACIONES","('0021-PE-2002', 2)":"INSERCIONES","('0021-PE-2002', 3)":"PASA A SENADO - (DAE 87)","('0021-PE-2002', 4)":"CONSIDERACION Y SANCION","('0021-PE-2002', 5)":"INSERCIONES"},"('Tramites', 'FECHA')":{"('0021-PE-2002', 0)":"09\/05\/2002","('0021-PE-2002', 1)":"09\/05\/2002","('0021-PE-2002', 2)":"09\/05\/2002","('0021-PE-2002', 3)":null,"('0021-PE-2002', 4)":"15\/05\/2002","('0021-PE-2002', 5)":"15\/05\/2002"},"('Tramites', 'RESULTADO')":{"('0021-PE-2002', 0)":null,"('0021-PE-2002', 1)":"MEDIA SANCION","('0021-PE-2002', 2)":null,"('0021-PE-2002', 3)":null,"('0021-PE-2002', 4)":"SANCIONADO","('0021-PE-2002', 5)":null},"Sumario":{"('0021-PE-2002', 0)":"DEROGACION DEL ARTICULO 2 DE LA LEY 25563 Y RESTABLECIMIENTO DEL TEXTO DEL ARTICULO 43 DE LA LEY 24522 (PERIODO DE EXCLUSIVIDAD, PROPUESTAS DE ACUERDO); DEROGACION DEL ARTICULO 3 DE LA LEY 25563 Y RESTABLECIMIENTO DEL TEXTO DEL ARTICULO 49 DE LA LEY 24522 (EXISTENCIA DE ACUERDO); DEROGACION DEL ARTICULO 4 DE LA LEY 25563 Y RESTABLECIMIENTO DEL TEXTO DEL INCISO 5 DEL  ARTICULO 50 DE LA LEY 24522 (IMPUGNACION); DEROGACION DEL ARTICULO 5 DE LA LEY 25563 Y RESTABLECIMIENTO DEL TEXTO DEL ARTICULO 51 DE LA LEY 24522 (RESOLUCION); DEROGACION DEL ARTICULO 6 DE LA LEY 25563 Y RESTABLECIMIENTO DEL TEXTO DEL ARTICULO 53 DE LA LEY 24522 (MEDIDAS DE PRECAUCION); DEROGACION DEL ARTICULO 7 DE LA LEY 25563 Y RESTABLECIMIENTO DEL TEXTO DEL ARTICULO 55 DE LA LEY 24522 (NOVACION); MODIFICACION DEL ARTICULO 8 DE LA LEY 25563 (PLAZOS); DEROGACION DE LOS ARTICULOS 9, 11 Y 15; MODIFICACION DE LOS ARTICULOS 16 (SUSPENSION DE SUBASTAS Y  EJECUCION DE MEDIDAS CAUTELARES); DEROGACION DEL ARTICULO 21 DE LA LEY 25563 Y RESTABLECIMIENTO DEL TEXTO DEL ARTICULO 48 DE LA LEY 24522 (SUPUESTOS ESPECIALES); MODIFICACION DEL ARTICULO 52 (HOMOLOGACION).","('0021-PE-2002', 1)":null,"('0021-PE-2002', 2)":null,"('0021-PE-2002', 3)":null,"('0021-PE-2002', 4)":null,"('0021-PE-2002', 5)":null},"Palabra Clave":{"('0021-PE-2002', 0)":" ","('0021-PE-2002', 1)":null,"('0021-PE-2002', 2)":null,"('0021-PE-2002', 3)":null,"('0021-PE-2002', 4)":null,"('0021-PE-2002', 5)":null}}