{"Tipo de Proyecto":{"('0024-PE-2002', 0)":"MENSAJE NRO: 0663\/02","('0024-PE-2002', 1)":null,"('0024-PE-2002', 2)":null},"Iniciado en: ":{"('0024-PE-2002', 0)":"Diputados","('0024-PE-2002', 1)":null,"('0024-PE-2002', 2)":null},"Expediente Diputados: ":{"('0024-PE-2002', 0)":"0024-PE-2002","('0024-PE-2002', 1)":null,"('0024-PE-2002', 2)":null},"Publicado en: ":{"('0024-PE-2002', 0)":"Tr\u00e1mite Parlamentario N\u00b0 35","('0024-PE-2002', 1)":null,"('0024-PE-2002', 2)":null},"Fecha: ":{"('0024-PE-2002', 0)":"23\/04\/2002","('0024-PE-2002', 1)":null,"('0024-PE-2002', 2)":null},"T\u00edtulo":{"('0024-PE-2002', 0)":"DECRETO 644\/02 SOBRE LA PERCEPCION DE LOS PAGOS DE CAPITAL Y\/O INTERESES CORRESPONDIENTES A LOS CONTRATOS DE PRESTAMOS GARANTIZADOS.","('0024-PE-2002', 1)":null,"('0024-PE-2002', 2)":null},"('Firmantes', 'FIRMANTE')":{"('0024-PE-2002', 0)":"DUHALDE, EDUARDO ALBERTO","('0024-PE-2002', 1)":"CAPITANICH, JORGE","('0024-PE-2002', 2)":"GABRIELLI, RODOLFO FEDERICO"},"('Firmantes', 'DISTRITO')":{"('0024-PE-2002', 0)":null,"('0024-PE-2002', 1)":null,"('0024-PE-2002', 2)":null},"('Firmantes', 'BLOQUE')":{"('0024-PE-2002', 0)":"PODER EJECUTIVO","('0024-PE-2002', 1)":"PODER EJECUTIVO","('0024-PE-2002', 2)":"PODER EJECUTIVO"},"('Giros', 'COMISI\u00d3N')":{"('0024-PE-2002', 0)":"FINANZAS","('0024-PE-2002', 1)":"PRESUPUESTO Y HACIENDA","('0024-PE-2002', 2)":null},"Sumario":{"('0024-PE-2002', 0)":"COMUNICACION DEL DICTADO DEL MISMO.","('0024-PE-2002', 1)":null,"('0024-PE-2002', 2)":null},"Palabra Clave":{"('0024-PE-2002', 0)":" ","('0024-PE-2002', 1)":null,"('0024-PE-2002', 2)":null}}