{"Tipo de Proyecto":{"('0025-S-2002', 0)":"PROYECTO DE LEY","('0025-S-2002', 1)":null,"('0025-S-2002', 2)":null,"('0025-S-2002', 3)":null,"('0025-S-2002', 4)":null,"('0025-S-2002', 5)":null,"('0025-S-2002', 6)":null,"('0025-S-2002', 7)":null,"('0025-S-2002', 8)":null,"('0025-S-2002', 9)":null,"('0025-S-2002', 10)":null,"('0025-S-2002', 11)":null,"('0025-S-2002', 12)":null,"('0025-S-2002', 13)":null,"('0025-S-2002', 14)":null,"('0025-S-2002', 15)":null,"('0025-S-2002', 16)":null,"('0025-S-2002', 17)":null},"Iniciado en: ":{"('0025-S-2002', 0)":"Senado","('0025-S-2002', 1)":null,"('0025-S-2002', 2)":null,"('0025-S-2002', 3)":null,"('0025-S-2002', 4)":null,"('0025-S-2002', 5)":null,"('0025-S-2002', 6)":null,"('0025-S-2002', 7)":null,"('0025-S-2002', 8)":null,"('0025-S-2002', 9)":null,"('0025-S-2002', 10)":null,"('0025-S-2002', 11)":null,"('0025-S-2002', 12)":null,"('0025-S-2002', 13)":null,"('0025-S-2002', 14)":null,"('0025-S-2002', 15)":null,"('0025-S-2002', 16)":null,"('0025-S-2002', 17)":null},"Expediente Diputados: ":{"('0025-S-2002', 0)":"0025-S-2002","('0025-S-2002', 1)":null,"('0025-S-2002', 2)":null,"('0025-S-2002', 3)":null,"('0025-S-2002', 4)":null,"('0025-S-2002', 5)":null,"('0025-S-2002', 6)":null,"('0025-S-2002', 7)":null,"('0025-S-2002', 8)":null,"('0025-S-2002', 9)":null,"('0025-S-2002', 10)":null,"('0025-S-2002', 11)":null,"('0025-S-2002', 12)":null,"('0025-S-2002', 13)":null,"('0025-S-2002', 14)":null,"('0025-S-2002', 15)":null,"('0025-S-2002', 16)":null,"('0025-S-2002', 17)":null},"Expediente Senado: ":{"('0025-S-2002', 0)":"0643-S-2002","('0025-S-2002', 1)":null,"('0025-S-2002', 2)":null,"('0025-S-2002', 3)":null,"('0025-S-2002', 4)":null,"('0025-S-2002', 5)":null,"('0025-S-2002', 6)":null,"('0025-S-2002', 7)":null,"('0025-S-2002', 8)":null,"('0025-S-2002', 9)":null,"('0025-S-2002', 10)":null,"('0025-S-2002', 11)":null,"('0025-S-2002', 12)":null,"('0025-S-2002', 13)":null,"('0025-S-2002', 14)":null,"('0025-S-2002', 15)":null,"('0025-S-2002', 16)":null,"('0025-S-2002', 17)":null},"Publicado en: ":{"('0025-S-2002', 0)":"Diario de Asuntos Entrados N\u00b0 75","('0025-S-2002', 1)":null,"('0025-S-2002', 2)":null,"('0025-S-2002', 3)":null,"('0025-S-2002', 4)":null,"('0025-S-2002', 5)":null,"('0025-S-2002', 6)":null,"('0025-S-2002', 7)":null,"('0025-S-2002', 8)":null,"('0025-S-2002', 9)":null,"('0025-S-2002', 10)":null,"('0025-S-2002', 11)":null,"('0025-S-2002', 12)":null,"('0025-S-2002', 13)":null,"('0025-S-2002', 14)":null,"('0025-S-2002', 15)":null,"('0025-S-2002', 16)":null,"('0025-S-2002', 17)":null},"Fecha: ":{"('0025-S-2002', 0)":"02\/05\/2002","('0025-S-2002', 1)":null,"('0025-S-2002', 2)":null,"('0025-S-2002', 3)":null,"('0025-S-2002', 4)":null,"('0025-S-2002', 5)":null,"('0025-S-2002', 6)":null,"('0025-S-2002', 7)":null,"('0025-S-2002', 8)":null,"('0025-S-2002', 9)":null,"('0025-S-2002', 10)":null,"('0025-S-2002', 11)":null,"('0025-S-2002', 12)":null,"('0025-S-2002', 13)":null,"('0025-S-2002', 14)":null,"('0025-S-2002', 15)":null,"('0025-S-2002', 16)":null,"('0025-S-2002', 17)":null},"T\u00edtulo":{"('0025-S-2002', 0)":"DEROGACION DE LA LEY 20840 (SUBVERSION ECONOMICA) Y MODIFICACION DEL CODIGO PENAL.","('0025-S-2002', 1)":null,"('0025-S-2002', 2)":null,"('0025-S-2002', 3)":null,"('0025-S-2002', 4)":null,"('0025-S-2002', 5)":null,"('0025-S-2002', 6)":null,"('0025-S-2002', 7)":null,"('0025-S-2002', 8)":null,"('0025-S-2002', 9)":null,"('0025-S-2002', 10)":null,"('0025-S-2002', 11)":null,"('0025-S-2002', 12)":null,"('0025-S-2002', 13)":null,"('0025-S-2002', 14)":null,"('0025-S-2002', 15)":null,"('0025-S-2002', 16)":null,"('0025-S-2002', 17)":null},"('Firmantes', 'FIRMANTE')":{"('0025-S-2002', 0)":"GOMEZ DIEZ, RICARDO","('0025-S-2002', 1)":"WALTER, PABLO HECTOR","('0025-S-2002', 2)":null,"('0025-S-2002', 3)":null,"('0025-S-2002', 4)":null,"('0025-S-2002', 5)":null,"('0025-S-2002', 6)":null,"('0025-S-2002', 7)":null,"('0025-S-2002', 8)":null,"('0025-S-2002', 9)":null,"('0025-S-2002', 10)":null,"('0025-S-2002', 11)":null,"('0025-S-2002', 12)":null,"('0025-S-2002', 13)":null,"('0025-S-2002', 14)":null,"('0025-S-2002', 15)":null,"('0025-S-2002', 16)":null,"('0025-S-2002', 17)":null},"('Firmantes', 'DISTRITO')":{"('0025-S-2002', 0)":"SALTA","('0025-S-2002', 1)":"TUCUMAN","('0025-S-2002', 2)":null,"('0025-S-2002', 3)":null,"('0025-S-2002', 4)":null,"('0025-S-2002', 5)":null,"('0025-S-2002', 6)":null,"('0025-S-2002', 7)":null,"('0025-S-2002', 8)":null,"('0025-S-2002', 9)":null,"('0025-S-2002', 10)":null,"('0025-S-2002', 11)":null,"('0025-S-2002', 12)":null,"('0025-S-2002', 13)":null,"('0025-S-2002', 14)":null,"('0025-S-2002', 15)":null,"('0025-S-2002', 16)":null,"('0025-S-2002', 17)":null},"('Firmantes', 'BLOQUE')":{"('0025-S-2002', 0)":"RENOVADOR","('0025-S-2002', 1)":"FZA REPUBLICANA","('0025-S-2002', 2)":null,"('0025-S-2002', 3)":null,"('0025-S-2002', 4)":null,"('0025-S-2002', 5)":null,"('0025-S-2002', 6)":null,"('0025-S-2002', 7)":null,"('0025-S-2002', 8)":null,"('0025-S-2002', 9)":null,"('0025-S-2002', 10)":null,"('0025-S-2002', 11)":null,"('0025-S-2002', 12)":null,"('0025-S-2002', 13)":null,"('0025-S-2002', 14)":null,"('0025-S-2002', 15)":null,"('0025-S-2002', 16)":null,"('0025-S-2002', 17)":null},"('Giros', 'COMISI\u00d3N')":{"('0025-S-2002', 0)":"LEGISLACION PENAL","('0025-S-2002', 1)":"PRESUPUESTO Y HACIENDA","('0025-S-2002', 2)":null,"('0025-S-2002', 3)":null,"('0025-S-2002', 4)":null,"('0025-S-2002', 5)":null,"('0025-S-2002', 6)":null,"('0025-S-2002', 7)":null,"('0025-S-2002', 8)":null,"('0025-S-2002', 9)":null,"('0025-S-2002', 10)":null,"('0025-S-2002', 11)":null,"('0025-S-2002', 12)":null,"('0025-S-2002', 13)":null,"('0025-S-2002', 14)":null,"('0025-S-2002', 15)":null,"('0025-S-2002', 16)":null,"('0025-S-2002', 17)":null},"('Tramites', 'C\u00c1MARA')":{"('0025-S-2002', 0)":"Senado","('0025-S-2002', 1)":"Senado","('0025-S-2002', 2)":"Senado","('0025-S-2002', 3)":"Senado","('0025-S-2002', 4)":"Senado","('0025-S-2002', 5)":"Diputados","('0025-S-2002', 6)":"Diputados","('0025-S-2002', 7)":"Diputados","('0025-S-2002', 8)":"Diputados","('0025-S-2002', 9)":"Diputados","('0025-S-2002', 10)":"Diputados","('0025-S-2002', 11)":"Senado","('0025-S-2002', 12)":"Senado","('0025-S-2002', 13)":"Senado","('0025-S-2002', 14)":"Senado","('0025-S-2002', 15)":"Senado","('0025-S-2002', 16)":"Senado","('0025-S-2002', 17)":"Senado"},"('Tramites', 'MOVIMIENTO')":{"('0025-S-2002', 0)":"MOCION SOBRE TABLAS (AFIRMATIVA) JUNTO CON EXPEDIENTES 0087-PE-02, 0304-S-02, 0340-S-02 Y 0638-S-02","('0025-S-2002', 1)":"CONSIDERACION","('0025-S-2002', 2)":"SOLICITUD DE VOTACION NOMINAL (NEGATIVA)","('0025-S-2002', 3)":"CONSIDERACION Y APROBACION","('0025-S-2002', 4)":"INSERCIONES","('0025-S-2002', 5)":"PASA A DIPUTADOS - (TP 46)","('0025-S-2002', 6)":"MOCION DE PREFERENCIA CON DICTAMEN (AFIRMATIVA)","('0025-S-2002', 7)":"SOLICITUD DE VOTACION NOMINAL (AFIRMATIVA)","('0025-S-2002', 8)":"CONSIDERACION Y RECHAZO DEL DICTAMEN DE MAYORIA","('0025-S-2002', 9)":"CONSIDERACION Y APROBACION DEL DICTAMEN DE MINORIA","('0025-S-2002', 10)":"INSERCIONES","('0025-S-2002', 11)":"VUELVE A SENADO - (DAE 111\/02)","('0025-S-2002', 12)":"MANIFESTACIONES EN MINORIA","('0025-S-2002', 13)":"MOCION SOBRE TABLAS (AFIRMATIVA)","('0025-S-2002', 14)":"SOLICITUD VOTACION NOMINAL (AFIRMATIVA)","('0025-S-2002', 15)":"VOTACION (EMPATE) - VOTO DEL PRESIDENTE POR LA AFIRMATIVA)","('0025-S-2002', 16)":"CONSIDERACION Y SANCION (INSISTENCIA EN LA SANCION DEL H SENADO)","('0025-S-2002', 17)":"INSERCIONES"},"('Tramites', 'FECHA')":{"('0025-S-2002', 0)":"08\/05\/2002","('0025-S-2002', 1)":"08\/05\/2002","('0025-S-2002', 2)":"08\/05\/2002","('0025-S-2002', 3)":"08\/05\/2002","('0025-S-2002', 4)":"08\/05\/2002","('0025-S-2002', 5)":null,"('0025-S-2002', 6)":"22\/05\/2002","('0025-S-2002', 7)":"23\/05\/2002","('0025-S-2002', 8)":"23\/05\/2002","('0025-S-2002', 9)":"23\/05\/2002","('0025-S-2002', 10)":"23\/05\/2002","('0025-S-2002', 11)":null,"('0025-S-2002', 12)":"28\/05\/2002","('0025-S-2002', 13)":"30\/05\/2002","('0025-S-2002', 14)":"30\/05\/2002","('0025-S-2002', 15)":"30\/05\/2002","('0025-S-2002', 16)":"30\/05\/2002","('0025-S-2002', 17)":"30\/05\/2002"},"('Tramites', 'RESULTADO')":{"('0025-S-2002', 0)":null,"('0025-S-2002', 1)":null,"('0025-S-2002', 2)":null,"('0025-S-2002', 3)":"MEDIA SANCION","('0025-S-2002', 4)":null,"('0025-S-2002', 5)":null,"('0025-S-2002', 6)":null,"('0025-S-2002', 7)":null,"('0025-S-2002', 8)":null,"('0025-S-2002', 9)":"MEDIA SANCION","('0025-S-2002', 10)":null,"('0025-S-2002', 11)":null,"('0025-S-2002', 12)":null,"('0025-S-2002', 13)":null,"('0025-S-2002', 14)":null,"('0025-S-2002', 15)":null,"('0025-S-2002', 16)":"SANCIONADO","('0025-S-2002', 17)":null},"Sumario":{"('0025-S-2002', 0)":"MODIFICACION DEL ARTICULO 174, E INCORPORACION DEL ARTICULO 174 BIS DEL CODIGO PENAL.","('0025-S-2002', 1)":null,"('0025-S-2002', 2)":null,"('0025-S-2002', 3)":null,"('0025-S-2002', 4)":null,"('0025-S-2002', 5)":null,"('0025-S-2002', 6)":null,"('0025-S-2002', 7)":null,"('0025-S-2002', 8)":null,"('0025-S-2002', 9)":null,"('0025-S-2002', 10)":null,"('0025-S-2002', 11)":null,"('0025-S-2002', 12)":null,"('0025-S-2002', 13)":null,"('0025-S-2002', 14)":null,"('0025-S-2002', 15)":null,"('0025-S-2002', 16)":null,"('0025-S-2002', 17)":null},"Palabra Clave":{"('0025-S-2002', 0)":" ","('0025-S-2002', 1)":null,"('0025-S-2002', 2)":null,"('0025-S-2002', 3)":null,"('0025-S-2002', 4)":null,"('0025-S-2002', 5)":null,"('0025-S-2002', 6)":null,"('0025-S-2002', 7)":null,"('0025-S-2002', 8)":null,"('0025-S-2002', 9)":null,"('0025-S-2002', 10)":null,"('0025-S-2002', 11)":null,"('0025-S-2002', 12)":null,"('0025-S-2002', 13)":null,"('0025-S-2002', 14)":null,"('0025-S-2002', 15)":null,"('0025-S-2002', 16)":null,"('0025-S-2002', 17)":null}}