{"Tipo de Proyecto":{"('0027-PE-2002', 0)":"MENSAJE NRO: 0697\/02","('0027-PE-2002', 1)":null,"('0027-PE-2002', 2)":null,"('0027-PE-2002', 3)":null},"Iniciado en: ":{"('0027-PE-2002', 0)":"Diputados","('0027-PE-2002', 1)":null,"('0027-PE-2002', 2)":null,"('0027-PE-2002', 3)":null},"Expediente Diputados: ":{"('0027-PE-2002', 0)":"0027-PE-2002","('0027-PE-2002', 1)":null,"('0027-PE-2002', 2)":null,"('0027-PE-2002', 3)":null},"Publicado en: ":{"('0027-PE-2002', 0)":"Tr\u00e1mite Parlamentario N\u00b0 39","('0027-PE-2002', 1)":null,"('0027-PE-2002', 2)":null,"('0027-PE-2002', 3)":null},"Fecha: ":{"('0027-PE-2002', 0)":"29\/04\/2002","('0027-PE-2002', 1)":null,"('0027-PE-2002', 2)":null,"('0027-PE-2002', 3)":null},"T\u00edtulo":{"('0027-PE-2002', 0)":"DECRETO 687\/02, DE AUTORIZACION AL MINISTERIO DE DESARROLLO SOCIAL PARA CONTRATAR BIENES Y SERVICIOS NECESARIOS CON EL FIN DE PALIAR SITUACIONES DERIVADAS DE LA LEY DE EMERGENCIA PUBLICA. Y DE REFORMA DEL REGIMEN CAMBIARIO.","('0027-PE-2002', 1)":null,"('0027-PE-2002', 2)":null,"('0027-PE-2002', 3)":null},"('Firmantes', 'FIRMANTE')":{"('0027-PE-2002', 0)":"DUHALDE, EDUARDO ALBERTO","('0027-PE-2002', 1)":"CAPITANICH, JORGE","('0027-PE-2002', 2)":"DOGA, MARIA NELIDA","('0027-PE-2002', 3)":null},"('Firmantes', 'DISTRITO')":{"('0027-PE-2002', 0)":null,"('0027-PE-2002', 1)":null,"('0027-PE-2002', 2)":null,"('0027-PE-2002', 3)":null},"('Firmantes', 'BLOQUE')":{"('0027-PE-2002', 0)":"PODER EJECUTIVO","('0027-PE-2002', 1)":"PODER EJECUTIVO","('0027-PE-2002', 2)":"PODER EJECUTIVO","('0027-PE-2002', 3)":null},"('Giros', 'COMISI\u00d3N')":{"('0027-PE-2002', 0)":"ACCION SOCIAL Y SALUD PUBLICA","('0027-PE-2002', 1)":"OBRAS PUBLICAS","('0027-PE-2002', 2)":"PRESUPUESTO Y HACIENDA","('0027-PE-2002', 3)":"BICAMERAL PERMANENTE DE TRAMITE LEGISLATIVO - LEY 26122"},"Sumario":{"('0027-PE-2002', 0)":"COMUNICA EL DICTADO DEL MISMO.","('0027-PE-2002', 1)":null,"('0027-PE-2002', 2)":null,"('0027-PE-2002', 3)":null},"Palabra Clave":{"('0027-PE-2002', 0)":" ","('0027-PE-2002', 1)":null,"('0027-PE-2002', 2)":null,"('0027-PE-2002', 3)":null}}