{"Tipo de Proyecto":{"('0028-OVD-2002', 0)":"PROYECTO DE RESOLUCI\u00d3N"},"Iniciado en: ":{"('0028-OVD-2002', 0)":"Senado"},"Expediente Senado: ":{"('0028-OVD-2002', 0)":"0028-OVD-2002"},"Fecha: ":{"('0028-OVD-2002', 0)":"03\/07\/2003"},"T\u00edtulo":{"('0028-OVD-2002', 0)":"DICTAMEN EN LA RESPUESTA REMITIDA POR LA JEFATURA DE GABINETE DE MINISTROS EN RELACION A LA RESOLUCION APROBADA POR LA H CAMARA (0078-S-01) SOBRE LAS MEDIDAS ADOPTADAS EN EL AMBITO DE LA DIRECCION NACIONAL DE RECURSOS HIDROCARBURIFEROS Y DE LA ADMINISTRACION DE PARQUES NACIONALES."},"('Firmantes', 'FIRMANTE')":{"('0028-OVD-2002', 0)":"PARLAMENTARIA MIXTA REVISORA DE CUENTAS"},"('Firmantes', 'DISTRITO')":{"('0028-OVD-2002', 0)":null},"('Firmantes', 'BLOQUE')":{"('0028-OVD-2002', 0)":null},"('Tramites', 'C\u00c1MARA')":{"('0028-OVD-2002', 0)":"Senado"},"('Tramites', 'MOVIMIENTO')":{"('0028-OVD-2002', 0)":"CONSIDERACION Y APROBACION (AL ARCHIVO)"},"('Tramites', 'FECHA')":{"('0028-OVD-2002', 0)":"23\/07\/2003"},"('Tramites', 'RESULTADO')":{"('0028-OVD-2002', 0)":"ARCHIVADO"},"Sumario":{"('0028-OVD-2002', 0)":"HABIENDO TOMADO CONOCIMIENTO Y SIN PERJUICIO DE ULTERIORES MEDIDAS QUE PUEDAN ADOPTARSE, SE ACONSEJA SU REMISION AL ARCHIVO."},"Palabra Clave":{"('0028-OVD-2002', 0)":" "}}