{"Tipo de Proyecto":{"('0029-S-2002', 0)":"PROYECTO DE LEY"},"Iniciado en: ":{"('0029-S-2002', 0)":"Senado"},"Expediente Senado: ":{"('0029-S-2002', 0)":"0029-S-2002"},"Publicado en: ":{"('0029-S-2002', 0)":"Diario de Asuntos Entrados N\u00b0 5"},"Fecha: ":{"('0029-S-2002', 0)":"04\/03\/2002"},"T\u00edtulo":{"('0029-S-2002', 0)":"ACOSO; ORDEN DE RESTRICCION E INTERDICTO PROHIBIENDO EL MISMO."},"('Firmantes', 'FIRMANTE')":{"('0029-S-2002', 0)":"PICHETTO, MIGUEL ANGEL"},"('Firmantes', 'DISTRITO')":{"('0029-S-2002', 0)":"RIO NEGRO"},"('Firmantes', 'BLOQUE')":{"('0029-S-2002', 0)":"JUSTICIALISTA"},"('Tramites', 'C\u00c1MARA')":{"('0029-S-2002', 0)":"Senado"},"('Tramites', 'MOVIMIENTO')":{"('0029-S-2002', 0)":"AMPLIACION GIRO A LA COMISION DE ASUNTOS PENALES Y REGIMENES CARCELARIOS Y CAMBIO DE ORDEN DE LAS COMISIONES"},"('Tramites', 'FECHA')":{"('0029-S-2002', 0)":null},"('Tramites', 'RESULTADO')":{"('0029-S-2002', 0)":null},"Sumario":{"('0029-S-2002', 0)":"ACOSO, ALCANCES, ENTRE OTROS: ACTOS QUE AFECTAN LA SEGURIDAD O PRIVACIDAD, ACCION DE MERODEAR, INFORMAR FALSAMENTE, ACECHAR DIRECTA O INDIRECTAMENTE, ABUSO PSICOLOGICO, VIOLENCIA PSICOLOGICA IMPLICITA COMO CONDUCTA DE ACOSO EN EL AMBITO LABORAL., HOSTIGAMIENTO, ALARMA, PERTURBACION; ORDENES DE RETRICCION TEMPORARIA; MULTAS; TRAMITE."},"Palabra Clave":{"('0029-S-2002', 0)":" "}}