{"Tipo de Proyecto":{"('0029-PE-2002', 0)":"MENSAJE NRO: 0562\/02","('0029-PE-2002', 1)":null},"Iniciado en: ":{"('0029-PE-2002', 0)":"Senado","('0029-PE-2002', 1)":null},"Expediente Senado: ":{"('0029-PE-2002', 0)":"0029-PE-2002","('0029-PE-2002', 1)":null},"Publicado en: ":{"('0029-PE-2002', 0)":"DAE S.A. N\u00b0 3","('0029-PE-2002', 1)":null},"Fecha: ":{"('0029-PE-2002', 0)":"02\/04\/2002","('0029-PE-2002', 1)":null},"T\u00edtulo":{"('0029-PE-2002', 0)":"SOLICITA  ACUERDO PARA DESIGNAR JUEZ NACIONAL EN LO CRIMINAL DE INSTRUCCION 25 DE LA CAPITAL FEDERAL, EN LOS TERMINOS DEL ARTICULO 99 INCISO 4) DE LA CONSTITUCION NACIONAL.","('0029-PE-2002', 1)":null},"('Firmantes', 'FIRMANTE')":{"('0029-PE-2002', 0)":"DUHALDE, EDUARDO ALBERTO","('0029-PE-2002', 1)":"VANOSSI, JORGE REINALDO"},"('Firmantes', 'DISTRITO')":{"('0029-PE-2002', 0)":null,"('0029-PE-2002', 1)":null},"('Firmantes', 'BLOQUE')":{"('0029-PE-2002', 0)":"PODER EJECUTIVO","('0029-PE-2002', 1)":"PODER EJECUTIVO"},"('Tramites', 'C\u00c1MARA')":{"('0029-PE-2002', 0)":"Senado","('0029-PE-2002', 1)":null},"('Tramites', 'MOVIMIENTO')":{"('0029-PE-2002', 0)":"CONSIDERACION Y APROBACION","('0029-PE-2002', 1)":null},"('Tramites', 'FECHA')":{"('0029-PE-2002', 0)":"08\/05\/2002","('0029-PE-2002', 1)":null},"('Tramites', 'RESULTADO')":{"('0029-PE-2002', 0)":"APROBADO","('0029-PE-2002', 1)":null},"Sumario":{"('0029-PE-2002', 0)":"A LA DOCTORA MIRTA LILIANA LOPEZ GONZALEZ","('0029-PE-2002', 1)":null},"Palabra Clave":{"('0029-PE-2002', 0)":" ","('0029-PE-2002', 1)":null}}