{"Tipo de Proyecto":{"('0030-PE-2002', 0)":"MENSAJE NRO: 0563\/02","('0030-PE-2002', 1)":null},"Iniciado en: ":{"('0030-PE-2002', 0)":"Senado","('0030-PE-2002', 1)":null},"Expediente Senado: ":{"('0030-PE-2002', 0)":"0030-PE-2002","('0030-PE-2002', 1)":null},"Publicado en: ":{"('0030-PE-2002', 0)":"DAE S.A. N\u00b0 3","('0030-PE-2002', 1)":null},"Fecha: ":{"('0030-PE-2002', 0)":"02\/04\/2002","('0030-PE-2002', 1)":null},"T\u00edtulo":{"('0030-PE-2002', 0)":"SOLICITA  ACUERDO PARA DESIGNAR JUEZ EN LA SALA I DE LA CAMARA NACIONAL DE APELACIONES EN LO CIVIL Y COMERCIAL FEDERAL DE LA CAPITAL FEDERAL, EN LOS TERMINOS DEL ARTICULO 99 INCISO 4) DE LA CONSTITUCION NACIONAL.","('0030-PE-2002', 1)":null},"('Firmantes', 'FIRMANTE')":{"('0030-PE-2002', 0)":"DUHALDE, EDUARDO ALBERTO","('0030-PE-2002', 1)":"VANOSSI, JORGE REINALDO"},"('Firmantes', 'DISTRITO')":{"('0030-PE-2002', 0)":null,"('0030-PE-2002', 1)":null},"('Firmantes', 'BLOQUE')":{"('0030-PE-2002', 0)":"PODER EJECUTIVO","('0030-PE-2002', 1)":"PODER EJECUTIVO"},"('Tramites', 'C\u00c1MARA')":{"('0030-PE-2002', 0)":"Senado","('0030-PE-2002', 1)":null},"('Tramites', 'MOVIMIENTO')":{"('0030-PE-2002', 0)":"CONSIDERACION Y APROBACION","('0030-PE-2002', 1)":null},"('Tramites', 'FECHA')":{"('0030-PE-2002', 0)":"08\/05\/2002","('0030-PE-2002', 1)":null},"('Tramites', 'RESULTADO')":{"('0030-PE-2002', 0)":"APROBADO","('0030-PE-2002', 1)":null},"Sumario":{"('0030-PE-2002', 0)":"A LA DOCTORA MARIA SUSANA NAJURIETA.","('0030-PE-2002', 1)":null},"Palabra Clave":{"('0030-PE-2002', 0)":" ","('0030-PE-2002', 1)":null}}