{"Tipo de Proyecto":{"('0030-S-2002', 0)":"PROYECTO DE LEY"},"Iniciado en: ":{"('0030-S-2002', 0)":"Senado"},"Expediente Senado: ":{"('0030-S-2002', 0)":"0030-S-2002"},"Publicado en: ":{"('0030-S-2002', 0)":"Diario de Asuntos Entrados N\u00b0 6"},"Fecha: ":{"('0030-S-2002', 0)":"04\/03\/2002"},"T\u00edtulo":{"('0030-S-2002', 0)":"INTERNAS ABIERTAS Y SIMULTANEAS EN LOS PARTIDOS POLITICOS (LEY 23298)"},"('Firmantes', 'FIRMANTE')":{"('0030-S-2002', 0)":"PICHETTO, MIGUEL ANGEL"},"('Firmantes', 'DISTRITO')":{"('0030-S-2002', 0)":"RIO NEGRO"},"('Firmantes', 'BLOQUE')":{"('0030-S-2002', 0)":"JUSTICIALISTA"},"Sumario":{"('0030-S-2002', 0)":"MODIFICACION DEL ARTICULO 3, INCISO B) Y DEL ARTICULO 29 DE LA LEY 23298"},"Palabra Clave":{"('0030-S-2002', 0)":" "}}