{"Tipo de Proyecto":{"('0032-OVD-2002', 0)":"PROYECTO DE RESOLUCI\u00d3N"},"Iniciado en: ":{"('0032-OVD-2002', 0)":"Senado"},"Expediente Senado: ":{"('0032-OVD-2002', 0)":"0032-OVD-2002"},"Publicado en: ":{"('0032-OVD-2002', 0)":"Diario de Asuntos Entrados N\u00b0 0"},"Fecha: ":{"('0032-OVD-2002', 0)":"02\/09\/2003"},"T\u00edtulo":{"('0032-OVD-2002', 0)":"RESPUESTA REMITIDA POR LA JEFATURA DE GABINETE DE MINISTROS EN RELACION A LA RESOLUCION APROBADA POR LA H CAMARA (0099-S-00) SOBRE LA NECESIDAD DE ADECUAR LOS ASPECTOS OBSERVADOS POR LA AUDITORIA GENERAL DE LA NACION, EN EL AMBITO DEL INSTITUTO NACIONAL DE TECNOLOGIA INDUSTRIAL - INTI - A LA NORMATIVA LEGAL, TECNICO CONTABLE Y DE GESTION."},"('Firmantes', 'FIRMANTE')":{"('0032-OVD-2002', 0)":"PARLAMENTARIA MIXTA REVISORA DE CUENTAS"},"('Firmantes', 'DISTRITO')":{"('0032-OVD-2002', 0)":null},"('Firmantes', 'BLOQUE')":{"('0032-OVD-2002', 0)":null},"('Tramites', 'C\u00c1MARA')":{"('0032-OVD-2002', 0)":"Senado"},"('Tramites', 'MOVIMIENTO')":{"('0032-OVD-2002', 0)":"CONSIDERACION Y APROBACION (AL ARCHIVO)"},"('Tramites', 'FECHA')":{"('0032-OVD-2002', 0)":"17\/09\/2003"},"('Tramites', 'RESULTADO')":{"('0032-OVD-2002', 0)":"ARCHIVADO"},"Sumario":{"('0032-OVD-2002', 0)":"HABIENDO TOMADO CONOCIMIENTO Y SIN PERJUICIO DE ULTERIORES MEDIDAS QUE PUEDAN ADOPTARSE, SE ACONSEJA SU REMISION AL ARCHIVO."},"Palabra Clave":{"('0032-OVD-2002', 0)":" "}}