{"Tipo de Proyecto":{"('0033-OVD-2002', 0)":"PROYECTO DE RESOLUCI\u00d3N"},"Iniciado en: ":{"('0033-OVD-2002', 0)":"Senado"},"Expediente Senado: ":{"('0033-OVD-2002', 0)":"0033-OVD-2002"},"Fecha: ":{"('0033-OVD-2002', 0)":"31\/05\/2004"},"T\u00edtulo":{"('0033-OVD-2002', 0)":"DICTAMEN EN LA RESPUESTA REMITIDA POR LA JEFATURA DE GABINETE DE MINISTROS EN RELACION A LA RESOLUCION 0182-S-00 (0462-OV-99) APROBADA POR EL H CONGRESO NACIONAL REFERIDA AL CUMPLIMIENTO DE EJECUCION DE PROYECTOS Y OBRAS INDICADOS EN EL  AMBITO DEL MINISTERIO DE ECONOMIA Y OBRAS Y SERVICIOS PUBLICOS (EX SUBSECRETARIA DE GESTION DE LOS RECURSOS HIDRICOS)."},"('Firmantes', 'FIRMANTE')":{"('0033-OVD-2002', 0)":"PARLAMENTARIA MIXTA REVISORA DE CUENTAS"},"('Firmantes', 'DISTRITO')":{"('0033-OVD-2002', 0)":null},"('Firmantes', 'BLOQUE')":{"('0033-OVD-2002', 0)":null},"('Tramites', 'C\u00c1MARA')":{"('0033-OVD-2002', 0)":"Senado"},"('Tramites', 'MOVIMIENTO')":{"('0033-OVD-2002', 0)":"CONSIDERACION Y APROBACION (AL ARCHIVO)"},"('Tramites', 'FECHA')":{"('0033-OVD-2002', 0)":"23\/06\/2004"},"('Tramites', 'RESULTADO')":{"('0033-OVD-2002', 0)":"ARCHIVADO"},"Sumario":{"('0033-OVD-2002', 0)":"HABIENDO TOMADO CONOCIMIENTO Y SIN PERJUICIO DE LAS ULTERIORES MEDIDAS QUE PUEDAN ADOPTARSE SE ACONSEJA SU REMISION AL ARCHIVO."},"Palabra Clave":{"('0033-OVD-2002', 0)":" "}}