{"Tipo de Proyecto":{"('0034-S-2002', 0)":"PROYECTO DE RESOLUCI\u00d3N","('0034-S-2002', 1)":null,"('0034-S-2002', 2)":null,"('0034-S-2002', 3)":null,"('0034-S-2002', 4)":null,"('0034-S-2002', 5)":null,"('0034-S-2002', 6)":null},"Iniciado en: ":{"('0034-S-2002', 0)":"Senado","('0034-S-2002', 1)":null,"('0034-S-2002', 2)":null,"('0034-S-2002', 3)":null,"('0034-S-2002', 4)":null,"('0034-S-2002', 5)":null,"('0034-S-2002', 6)":null},"Expediente Senado: ":{"('0034-S-2002', 0)":"0034-S-2002","('0034-S-2002', 1)":null,"('0034-S-2002', 2)":null,"('0034-S-2002', 3)":null,"('0034-S-2002', 4)":null,"('0034-S-2002', 5)":null,"('0034-S-2002', 6)":null},"Publicado en: ":{"('0034-S-2002', 0)":"Diario de Asuntos Entrados N\u00b0 7","('0034-S-2002', 1)":null,"('0034-S-2002', 2)":null,"('0034-S-2002', 3)":null,"('0034-S-2002', 4)":null,"('0034-S-2002', 5)":null,"('0034-S-2002', 6)":null},"Fecha: ":{"('0034-S-2002', 0)":"05\/03\/2002","('0034-S-2002', 1)":null,"('0034-S-2002', 2)":null,"('0034-S-2002', 3)":null,"('0034-S-2002', 4)":null,"('0034-S-2002', 5)":null,"('0034-S-2002', 6)":null},"T\u00edtulo":{"('0034-S-2002', 0)":"MANIFESTACIONES DE RUDIGER DORNBUSCH, ASESOR DE BANCOS DE INVERSION, EN SU ESCRITO 'ARGENTINA: UN PLAN DE RESCATE QUE FUNCIONA'.","('0034-S-2002', 1)":null,"('0034-S-2002', 2)":null,"('0034-S-2002', 3)":null,"('0034-S-2002', 4)":null,"('0034-S-2002', 5)":null,"('0034-S-2002', 6)":null},"('Firmantes', 'FIRMANTE')":{"('0034-S-2002', 0)":"ARANCIO, MONICA","('0034-S-2002', 1)":"MORALES, GERARDO RUBEN","('0034-S-2002', 2)":"LOSADA, MARIO A.","('0034-S-2002', 3)":"FALCO, LUIS ALBERTO","('0034-S-2002', 4)":"MAESTRO, CARLOS","('0034-S-2002', 5)":"CURLETTI, MIRIAM BELEN","('0034-S-2002', 6)":"ALFONSIN, RAUL RICARDO"},"('Firmantes', 'DISTRITO')":{"('0034-S-2002', 0)":"JUJUY","('0034-S-2002', 1)":"JUJUY","('0034-S-2002', 2)":"MISIONES","('0034-S-2002', 3)":"RIO NEGRO","('0034-S-2002', 4)":"CHUBUT","('0034-S-2002', 5)":"CHACO","('0034-S-2002', 6)":"BUENOS AIRES"},"('Firmantes', 'BLOQUE')":{"('0034-S-2002', 0)":"UCR","('0034-S-2002', 1)":"UCR","('0034-S-2002', 2)":"UCR","('0034-S-2002', 3)":"UCR","('0034-S-2002', 4)":"UCR","('0034-S-2002', 5)":"UCR","('0034-S-2002', 6)":"UCR"},"('Tramites', 'C\u00c1MARA')":{"('0034-S-2002', 0)":"Senado","('0034-S-2002', 1)":null,"('0034-S-2002', 2)":null,"('0034-S-2002', 3)":null,"('0034-S-2002', 4)":null,"('0034-S-2002', 5)":null,"('0034-S-2002', 6)":null},"('Tramites', 'MOVIMIENTO')":{"('0034-S-2002', 0)":"AMPLIACION GIRO A LA COMISION DE LIBERTAD DE EXPRESION","('0034-S-2002', 1)":null,"('0034-S-2002', 2)":null,"('0034-S-2002', 3)":null,"('0034-S-2002', 4)":null,"('0034-S-2002', 5)":null,"('0034-S-2002', 6)":null},"('Tramites', 'FECHA')":{"('0034-S-2002', 0)":"14\/03\/2002","('0034-S-2002', 1)":null,"('0034-S-2002', 2)":null,"('0034-S-2002', 3)":null,"('0034-S-2002', 4)":null,"('0034-S-2002', 5)":null,"('0034-S-2002', 6)":null},"('Tramites', 'RESULTADO')":{"('0034-S-2002', 0)":null,"('0034-S-2002', 1)":null,"('0034-S-2002', 2)":null,"('0034-S-2002', 3)":null,"('0034-S-2002', 4)":null,"('0034-S-2002', 5)":null,"('0034-S-2002', 6)":null},"Sumario":{"('0034-S-2002', 0)":"EXPRESION DE REPUDIO.","('0034-S-2002', 1)":null,"('0034-S-2002', 2)":null,"('0034-S-2002', 3)":null,"('0034-S-2002', 4)":null,"('0034-S-2002', 5)":null,"('0034-S-2002', 6)":null},"Palabra Clave":{"('0034-S-2002', 0)":" ","('0034-S-2002', 1)":null,"('0034-S-2002', 2)":null,"('0034-S-2002', 3)":null,"('0034-S-2002', 4)":null,"('0034-S-2002', 5)":null,"('0034-S-2002', 6)":null}}