{"Tipo de Proyecto":{"('0038-S-2002', 0)":"PROYECTO DE LEY","('0038-S-2002', 1)":null,"('0038-S-2002', 2)":null},"Iniciado en: ":{"('0038-S-2002', 0)":"Senado","('0038-S-2002', 1)":null,"('0038-S-2002', 2)":null},"Expediente Senado: ":{"('0038-S-2002', 0)":"0038-S-2002","('0038-S-2002', 1)":null,"('0038-S-2002', 2)":null},"Publicado en: ":{"('0038-S-2002', 0)":"Diario de Asuntos Entrados N\u00b0 7","('0038-S-2002', 1)":null,"('0038-S-2002', 2)":null},"Fecha: ":{"('0038-S-2002', 0)":"05\/03\/2002","('0038-S-2002', 1)":null,"('0038-S-2002', 2)":null},"T\u00edtulo":{"('0038-S-2002', 0)":"MODIFICACION DE LA LEY  24937 (CONSEJO DE LA MAGISTRATURA).","('0038-S-2002', 1)":null,"('0038-S-2002', 2)":null},"('Firmantes', 'FIRMANTE')":{"('0038-S-2002', 0)":"ALFONSIN, RAUL RICARDO","('0038-S-2002', 1)":"MAESTRO, CARLOS","('0038-S-2002', 2)":"MORO, EDUARDO ANIBAL"},"('Firmantes', 'DISTRITO')":{"('0038-S-2002', 0)":"BUENOS AIRES","('0038-S-2002', 1)":"CHUBUT","('0038-S-2002', 2)":"CHACO"},"('Firmantes', 'BLOQUE')":{"('0038-S-2002', 0)":"UCR","('0038-S-2002', 1)":"UCR","('0038-S-2002', 2)":"UCR"},"Sumario":{"('0038-S-2002', 0)":"SUSTITUCION DEL ARTICULO 13:  RESPECTO AL TRAMITE DEL CONCURSO PARA CUBRIR VACANTES DE MAGISTRADOS JUDICIALES.","('0038-S-2002', 1)":null,"('0038-S-2002', 2)":null},"Palabra Clave":{"('0038-S-2002', 0)":" ","('0038-S-2002', 1)":null,"('0038-S-2002', 2)":null}}