{"Tipo de Proyecto":{"('0038-PE-2002', 0)":"MENSAJE NRO: 0860\/02 Y PROYECTO DE LEY","('0038-PE-2002', 1)":null,"('0038-PE-2002', 2)":null,"('0038-PE-2002', 3)":null},"Iniciado en: ":{"('0038-PE-2002', 0)":"Diputados","('0038-PE-2002', 1)":null,"('0038-PE-2002', 2)":null,"('0038-PE-2002', 3)":null},"Expediente Diputados: ":{"('0038-PE-2002', 0)":"0038-PE-2002","('0038-PE-2002', 1)":null,"('0038-PE-2002', 2)":null,"('0038-PE-2002', 3)":null},"Expediente Senado: ":{"('0038-PE-2002', 0)":"0144-CD-2002","('0038-PE-2002', 1)":null,"('0038-PE-2002', 2)":null,"('0038-PE-2002', 3)":null},"Publicado en: ":{"('0038-PE-2002', 0)":"Tr\u00e1mite Parlamentario N\u00b0 56","('0038-PE-2002', 1)":null,"('0038-PE-2002', 2)":null,"('0038-PE-2002', 3)":null},"Fecha: ":{"('0038-PE-2002', 0)":"23\/05\/2002","('0038-PE-2002', 1)":null,"('0038-PE-2002', 2)":null,"('0038-PE-2002', 3)":null},"T\u00edtulo":{"('0038-PE-2002', 0)":"MODIFICACION DE LA LEY 11683, DE PROCEDIMIENTO TRIBUTARIO.","('0038-PE-2002', 1)":null,"('0038-PE-2002', 2)":null,"('0038-PE-2002', 3)":null},"('Firmantes', 'FIRMANTE')":{"('0038-PE-2002', 0)":"DUHALDE, EDUARDO ALBERTO","('0038-PE-2002', 1)":"ATANASOF, ALFREDO NESTOR","('0038-PE-2002', 2)":"LAVAGNA, ROBERTO","('0038-PE-2002', 3)":"VANOSSI, JORGE REINALDO"},"('Firmantes', 'DISTRITO')":{"('0038-PE-2002', 0)":null,"('0038-PE-2002', 1)":null,"('0038-PE-2002', 2)":null,"('0038-PE-2002', 3)":null},"('Firmantes', 'BLOQUE')":{"('0038-PE-2002', 0)":"PODER EJECUTIVO","('0038-PE-2002', 1)":"PODER EJECUTIVO","('0038-PE-2002', 2)":"PODER EJECUTIVO","('0038-PE-2002', 3)":"PODER EJECUTIVO"},"('Giros', 'COMISI\u00d3N')":{"('0038-PE-2002', 0)":"PRESUPUESTO Y HACIENDA","('0038-PE-2002', 1)":null,"('0038-PE-2002', 2)":null,"('0038-PE-2002', 3)":null},"('Tramites', 'C\u00c1MARA')":{"('0038-PE-2002', 0)":"Diputados","('0038-PE-2002', 1)":"Senado","('0038-PE-2002', 2)":"Senado","('0038-PE-2002', 3)":"Senado"},"('Tramites', 'MOVIMIENTO')":{"('0038-PE-2002', 0)":"CONSIDERACION Y APROBACION CON MODIFICACIONES","('0038-PE-2002', 1)":"PASA A SENADO - (DAE 330)","('0038-PE-2002', 2)":"MOCION SOBRE TABLAS (AFIRMATIVA)","('0038-PE-2002', 3)":"CONSIDERACION Y SANCION"},"('Tramites', 'FECHA')":{"('0038-PE-2002', 0)":"28\/11\/2002","('0038-PE-2002', 1)":null,"('0038-PE-2002', 2)":"26\/12\/2002","('0038-PE-2002', 3)":"26\/12\/2002"},"('Tramites', 'RESULTADO')":{"('0038-PE-2002', 0)":"MEDIA SANCION","('0038-PE-2002', 1)":null,"('0038-PE-2002', 2)":null,"('0038-PE-2002', 3)":"SANCIONADO"},"Sumario":{"('0038-PE-2002', 0)":"DEROGACION EL ARTICULO 193, SOBRE PROCEDIMIENTO ANTE EL TRIBUNAL FISCAL DE LA NACION.","('0038-PE-2002', 1)":null,"('0038-PE-2002', 2)":null,"('0038-PE-2002', 3)":null},"Palabra Clave":{"('0038-PE-2002', 0)":" ","('0038-PE-2002', 1)":null,"('0038-PE-2002', 2)":null,"('0038-PE-2002', 3)":null}}