{"Tipo de Proyecto":{"('0039-PE-2002', 0)":"MENSAJE NRO: 0868\/02","('0039-PE-2002', 1)":null,"('0039-PE-2002', 2)":null,"('0039-PE-2002', 3)":null},"Iniciado en: ":{"('0039-PE-2002', 0)":"Diputados","('0039-PE-2002', 1)":null,"('0039-PE-2002', 2)":null,"('0039-PE-2002', 3)":null},"Expediente Diputados: ":{"('0039-PE-2002', 0)":"0039-PE-2002","('0039-PE-2002', 1)":null,"('0039-PE-2002', 2)":null,"('0039-PE-2002', 3)":null},"Expediente Senado: ":{"('0039-PE-2002', 0)":"0054-S-2006","('0039-PE-2002', 1)":null,"('0039-PE-2002', 2)":null,"('0039-PE-2002', 3)":null},"Publicado en: ":{"('0039-PE-2002', 0)":"Tr\u00e1mite Parlamentario N\u00b0 57","('0039-PE-2002', 1)":null,"('0039-PE-2002', 2)":null,"('0039-PE-2002', 3)":null},"Fecha: ":{"('0039-PE-2002', 0)":"24\/05\/2002","('0039-PE-2002', 1)":null,"('0039-PE-2002', 2)":null,"('0039-PE-2002', 3)":null},"T\u00edtulo":{"('0039-PE-2002', 0)":"DECRETO 867\/02 POR EL CUAL SE DECLARA EN EMERGENCIA EL ABASTECIMIENTO DE HIDROCARBUROS EN TODO EL TERRITORIO NACIONAL HASTA EL 30 DE SETIEMBRE DE 2002.","('0039-PE-2002', 1)":null,"('0039-PE-2002', 2)":null,"('0039-PE-2002', 3)":null},"('Firmantes', 'FIRMANTE')":{"('0039-PE-2002', 0)":"DUHALDE, EDUARDO ALBERTO","('0039-PE-2002', 1)":"ATANASOF, ALFREDO NESTOR","('0039-PE-2002', 2)":"LAVAGNA, ROBERTO","('0039-PE-2002', 3)":null},"('Firmantes', 'DISTRITO')":{"('0039-PE-2002', 0)":null,"('0039-PE-2002', 1)":null,"('0039-PE-2002', 2)":null,"('0039-PE-2002', 3)":null},"('Firmantes', 'BLOQUE')":{"('0039-PE-2002', 0)":"PODER EJECUTIVO","('0039-PE-2002', 1)":"PODER EJECUTIVO","('0039-PE-2002', 2)":"PODER EJECUTIVO","('0039-PE-2002', 3)":null},"('Giros', 'COMISI\u00d3N')":{"('0039-PE-2002', 0)":"BICAMERAL PERMANENTE DE TRAMITE LEGISLATIVO - LEY 26122","('0039-PE-2002', 1)":null,"('0039-PE-2002', 2)":null,"('0039-PE-2002', 3)":null},"('Tramites', 'C\u00c1MARA')":{"('0039-PE-2002', 0)":"Senado","('0039-PE-2002', 1)":"Diputados","('0039-PE-2002', 2)":"Diputados","('0039-PE-2002', 3)":"Diputados"},"('Tramites', 'MOVIMIENTO')":{"('0039-PE-2002', 0)":"CONSIDERACION Y APROBACION CONJUNTAMENTE PARA LOS EXPEDIENTES 0039-PE-2002, 0054-S-2006, 0108-PE-2002 y 0028-PE-2003","('0039-PE-2002', 1)":"PASA A DIPUTADOS - CONJUNTAMENTE PARA LOS EXPEDIENTES 0039-PE-2002, 0054-S-2006, 0108-PE-2002 y 0028-PE-2003","('0039-PE-2002', 2)":"SOLICITUD DEL PRESIDENTE DE LA COMISION BICAMERAL PERMANENTE DE TRAMITE LEGISLATIVO (LEY 26122) DE REMISION DEL EXPEDIENTE PARA SU ANALISIS (A LA PRESIDENCIA)","('0039-PE-2002', 3)":"EXPEDIENTE ORIGINALMENTE GIRADO A LA COMISION BICAMERAL DE SEGUIMIENTO DE FACULTADES DELEGADAS AL PODER EJECUTIVO NACIONAL - LEY 25561; SE LO REMITE A LA COMISION BICAMERAL PERMANENTE DE TRAMITE LEGISLATIVO (LEY 26122)"},"('Tramites', 'FECHA')":{"('0039-PE-2002', 0)":"10\/05\/2006","('0039-PE-2002', 1)":null,"('0039-PE-2002', 2)":"18\/07\/2007","('0039-PE-2002', 3)":null},"('Tramites', 'RESULTADO')":{"('0039-PE-2002', 0)":"APROBADO","('0039-PE-2002', 1)":null,"('0039-PE-2002', 2)":null,"('0039-PE-2002', 3)":null},"Sumario":{"('0039-PE-2002', 0)":"COMUNICA EL DICTADO DEL MISMO.","('0039-PE-2002', 1)":null,"('0039-PE-2002', 2)":null,"('0039-PE-2002', 3)":null},"Palabra Clave":{"('0039-PE-2002', 0)":" ","('0039-PE-2002', 1)":null,"('0039-PE-2002', 2)":null,"('0039-PE-2002', 3)":null}}