{"Tipo de Proyecto":{"('0040-PE-2002', 0)":"MENSAJE NRO: 0870\/02","('0040-PE-2002', 1)":null,"('0040-PE-2002', 2)":null},"Iniciado en: ":{"('0040-PE-2002', 0)":"Diputados","('0040-PE-2002', 1)":null,"('0040-PE-2002', 2)":null},"Expediente Diputados: ":{"('0040-PE-2002', 0)":"0040-PE-2002","('0040-PE-2002', 1)":null,"('0040-PE-2002', 2)":null},"Publicado en: ":{"('0040-PE-2002', 0)":"Tr\u00e1mite Parlamentario N\u00b0 57","('0040-PE-2002', 1)":null,"('0040-PE-2002', 2)":null},"Fecha: ":{"('0040-PE-2002', 0)":"24\/05\/2002","('0040-PE-2002', 1)":null,"('0040-PE-2002', 2)":null},"T\u00edtulo":{"('0040-PE-2002', 0)":"DECRETO 869\/02 POR EL CUAL SE MODIFICA EL PRESUPUESTO GENERAL DE LA ADMINISTRACION NACIONAL PARA EL EJERCICIO 2002.","('0040-PE-2002', 1)":null,"('0040-PE-2002', 2)":null},"('Firmantes', 'FIRMANTE')":{"('0040-PE-2002', 0)":"DUHALDE, EDUARDO ALBERTO","('0040-PE-2002', 1)":"ATANASOF, ALFREDO NESTOR","('0040-PE-2002', 2)":"LAVAGNA, ROBERTO"},"('Firmantes', 'DISTRITO')":{"('0040-PE-2002', 0)":null,"('0040-PE-2002', 1)":null,"('0040-PE-2002', 2)":null},"('Firmantes', 'BLOQUE')":{"('0040-PE-2002', 0)":"PODER EJECUTIVO","('0040-PE-2002', 1)":"PODER EJECUTIVO","('0040-PE-2002', 2)":"PODER EJECUTIVO"},"('Giros', 'COMISI\u00d3N')":{"('0040-PE-2002', 0)":"BICAMERAL PERMANENTE DE TRAMITE LEGISLATIVO - LEY 26122","('0040-PE-2002', 1)":null,"('0040-PE-2002', 2)":null},"('Tramites', 'C\u00c1MARA')":{"('0040-PE-2002', 0)":"Diputados","('0040-PE-2002', 1)":"Diputados","('0040-PE-2002', 2)":null},"('Tramites', 'MOVIMIENTO')":{"('0040-PE-2002', 0)":"SOLICITUD DEL PRESIDENTE DE LA COMISION BICAMERAL PERMANENTE DE TRAMITE LEGISLATIVO (LEY 26122) DE REMISION DEL EXPEDIENTE PARA SU ANALISIS (A LA PRESIDENCIA)","('0040-PE-2002', 1)":"EXPEDIENTE ORIGINALMENTE GIRADO A LA COMISION BICAMERAL DE SEGUIMIENTO DE FACULTADES DELEGADAS AL PODER EJECUTIVO NACIONAL - LEY 25561; SE LO REMITE A LA COMISION BICAMERAL PERMANENTE DE TRAMITE LEGISLATIVO (LEY 26122)","('0040-PE-2002', 2)":null},"('Tramites', 'FECHA')":{"('0040-PE-2002', 0)":"18\/07\/2007","('0040-PE-2002', 1)":null,"('0040-PE-2002', 2)":null},"('Tramites', 'RESULTADO')":{"('0040-PE-2002', 0)":null,"('0040-PE-2002', 1)":null,"('0040-PE-2002', 2)":null},"Sumario":{"('0040-PE-2002', 0)":"COMUNICA EL DICTADO DEL MISMO.","('0040-PE-2002', 1)":null,"('0040-PE-2002', 2)":null},"Palabra Clave":{"('0040-PE-2002', 0)":" ","('0040-PE-2002', 1)":null,"('0040-PE-2002', 2)":null}}