{"Tipo de Proyecto":{"('0040-S-2002', 0)":"PROYECTO DE LEY"},"Iniciado en: ":{"('0040-S-2002', 0)":"Senado"},"Expediente Senado: ":{"('0040-S-2002', 0)":"0040-S-2002"},"Publicado en: ":{"('0040-S-2002', 0)":"Diario de Asuntos Entrados N\u00b0 7"},"Fecha: ":{"('0040-S-2002', 0)":"05\/03\/2002"},"T\u00edtulo":{"('0040-S-2002', 0)":"LEY DE LAS CAMPA\u00d1AS ELECTORALES"},"('Firmantes', 'FIRMANTE')":{"('0040-S-2002', 0)":"PICHETTO, MIGUEL ANGEL"},"('Firmantes', 'DISTRITO')":{"('0040-S-2002', 0)":"RIO NEGRO"},"('Firmantes', 'BLOQUE')":{"('0040-S-2002', 0)":"JUSTICIALISTA"},"Sumario":{"('0040-S-2002', 0)":"ALCANCES; LIMITES O TERMINOS DE LAS CAMPA\u00d1AS; PROHIBICIONES; VIOLACIONES: APLICACION DE LAS PENAS ESTABLECIDAS POR EL CODIGO NACIONAL ELECTORAL."},"Palabra Clave":{"('0040-S-2002', 0)":" "}}