{"Tipo de Proyecto":{"('0041-PE-2002', 0)":"MENSAJE NRO: 0884\/02","('0041-PE-2002', 1)":null,"('0041-PE-2002', 2)":null,"('0041-PE-2002', 3)":null,"('0041-PE-2002', 4)":null,"('0041-PE-2002', 5)":null,"('0041-PE-2002', 6)":null,"('0041-PE-2002', 7)":null,"('0041-PE-2002', 8)":null,"('0041-PE-2002', 9)":null,"('0041-PE-2002', 10)":null},"Iniciado en: ":{"('0041-PE-2002', 0)":"Diputados","('0041-PE-2002', 1)":null,"('0041-PE-2002', 2)":null,"('0041-PE-2002', 3)":null,"('0041-PE-2002', 4)":null,"('0041-PE-2002', 5)":null,"('0041-PE-2002', 6)":null,"('0041-PE-2002', 7)":null,"('0041-PE-2002', 8)":null,"('0041-PE-2002', 9)":null,"('0041-PE-2002', 10)":null},"Expediente Diputados: ":{"('0041-PE-2002', 0)":"0041-PE-2002","('0041-PE-2002', 1)":null,"('0041-PE-2002', 2)":null,"('0041-PE-2002', 3)":null,"('0041-PE-2002', 4)":null,"('0041-PE-2002', 5)":null,"('0041-PE-2002', 6)":null,"('0041-PE-2002', 7)":null,"('0041-PE-2002', 8)":null,"('0041-PE-2002', 9)":null,"('0041-PE-2002', 10)":null},"Publicado en: ":{"('0041-PE-2002', 0)":"Tr\u00e1mite Parlamentario N\u00b0 59","('0041-PE-2002', 1)":null,"('0041-PE-2002', 2)":null,"('0041-PE-2002', 3)":null,"('0041-PE-2002', 4)":null,"('0041-PE-2002', 5)":null,"('0041-PE-2002', 6)":null,"('0041-PE-2002', 7)":null,"('0041-PE-2002', 8)":null,"('0041-PE-2002', 9)":null,"('0041-PE-2002', 10)":null},"Fecha: ":{"('0041-PE-2002', 0)":"28\/05\/2002","('0041-PE-2002', 1)":null,"('0041-PE-2002', 2)":null,"('0041-PE-2002', 3)":null,"('0041-PE-2002', 4)":null,"('0041-PE-2002', 5)":null,"('0041-PE-2002', 6)":null,"('0041-PE-2002', 7)":null,"('0041-PE-2002', 8)":null,"('0041-PE-2002', 9)":null,"('0041-PE-2002', 10)":null},"T\u00edtulo":{"('0041-PE-2002', 0)":"DECRETO 883\/02 POR EL CUAL SE PRORROGA POR 180 DIAS HABILES LA SUSPENSION DE LOS DESPIDOS SIN CAUSA JUSTIFICADA Y DEMAS DISPOSICIONES DEL ARTICULO 16 DE LA LEY 25561, DE EMERGENCIA PUBLICA Y REFORMA DEL REGIMEN CAMBIARIO.","('0041-PE-2002', 1)":null,"('0041-PE-2002', 2)":null,"('0041-PE-2002', 3)":null,"('0041-PE-2002', 4)":null,"('0041-PE-2002', 5)":null,"('0041-PE-2002', 6)":null,"('0041-PE-2002', 7)":null,"('0041-PE-2002', 8)":null,"('0041-PE-2002', 9)":null,"('0041-PE-2002', 10)":null},"('Firmantes', 'FIRMANTE')":{"('0041-PE-2002', 0)":"DUHALDE, EDUARDO ALBERTO","('0041-PE-2002', 1)":"ATANASOF, ALFREDO NESTOR","('0041-PE-2002', 2)":"CAMA\u00d1O, GRACIELA","('0041-PE-2002', 3)":"MATZKIN, JORGE RUBEN","('0041-PE-2002', 4)":"LAVAGNA, ROBERTO","('0041-PE-2002', 5)":"GIANNETTASIO, GRACIELA MARIA","('0041-PE-2002', 6)":"GONZALEZ GARCIA, GINES MARIO","('0041-PE-2002', 7)":"RUCKAUF, CARLOS FEDERICO","('0041-PE-2002', 8)":"VANOSSI, JORGE REINALDO","('0041-PE-2002', 9)":"JAUNARENA, JOSE HORACIO","('0041-PE-2002', 10)":"DOGA, MARIA NELIDA"},"('Firmantes', 'DISTRITO')":{"('0041-PE-2002', 0)":null,"('0041-PE-2002', 1)":null,"('0041-PE-2002', 2)":null,"('0041-PE-2002', 3)":null,"('0041-PE-2002', 4)":null,"('0041-PE-2002', 5)":null,"('0041-PE-2002', 6)":null,"('0041-PE-2002', 7)":null,"('0041-PE-2002', 8)":null,"('0041-PE-2002', 9)":null,"('0041-PE-2002', 10)":null},"('Firmantes', 'BLOQUE')":{"('0041-PE-2002', 0)":"PODER EJECUTIVO","('0041-PE-2002', 1)":"PODER EJECUTIVO","('0041-PE-2002', 2)":"PODER EJECUTIVO","('0041-PE-2002', 3)":"PODER EJECUTIVO","('0041-PE-2002', 4)":"PODER EJECUTIVO","('0041-PE-2002', 5)":"PODER EJECUTIVO","('0041-PE-2002', 6)":"PODER EJECUTIVO","('0041-PE-2002', 7)":"PODER EJECUTIVO","('0041-PE-2002', 8)":"PODER EJECUTIVO","('0041-PE-2002', 9)":"PODER EJECUTIVO","('0041-PE-2002', 10)":"PODER EJECUTIVO"},"('Giros', 'COMISI\u00d3N')":{"('0041-PE-2002', 0)":"BICAMERAL DE SEGUIMIENTO DE FACULTADES DELEGADAS AL PODER EJECUTIVO NACIONAL - LEY 25561","('0041-PE-2002', 1)":null,"('0041-PE-2002', 2)":null,"('0041-PE-2002', 3)":null,"('0041-PE-2002', 4)":null,"('0041-PE-2002', 5)":null,"('0041-PE-2002', 6)":null,"('0041-PE-2002', 7)":null,"('0041-PE-2002', 8)":null,"('0041-PE-2002', 9)":null,"('0041-PE-2002', 10)":null},"Sumario":{"('0041-PE-2002', 0)":"COMUNICACION DEL MISMO.","('0041-PE-2002', 1)":null,"('0041-PE-2002', 2)":null,"('0041-PE-2002', 3)":null,"('0041-PE-2002', 4)":null,"('0041-PE-2002', 5)":null,"('0041-PE-2002', 6)":null,"('0041-PE-2002', 7)":null,"('0041-PE-2002', 8)":null,"('0041-PE-2002', 9)":null,"('0041-PE-2002', 10)":null},"Palabra Clave":{"('0041-PE-2002', 0)":" ","('0041-PE-2002', 1)":null,"('0041-PE-2002', 2)":null,"('0041-PE-2002', 3)":null,"('0041-PE-2002', 4)":null,"('0041-PE-2002', 5)":null,"('0041-PE-2002', 6)":null,"('0041-PE-2002', 7)":null,"('0041-PE-2002', 8)":null,"('0041-PE-2002', 9)":null,"('0041-PE-2002', 10)":null}}