{"Tipo de Proyecto":{"('0042-PE-2002', 0)":"MENSAJE NRO: 0891\/02","('0042-PE-2002', 1)":null,"('0042-PE-2002', 2)":null},"Iniciado en: ":{"('0042-PE-2002', 0)":"Diputados","('0042-PE-2002', 1)":null,"('0042-PE-2002', 2)":null},"Expediente Diputados: ":{"('0042-PE-2002', 0)":"0042-PE-2002","('0042-PE-2002', 1)":null,"('0042-PE-2002', 2)":null},"Publicado en: ":{"('0042-PE-2002', 0)":"Tr\u00e1mite Parlamentario N\u00b0 61","('0042-PE-2002', 1)":null,"('0042-PE-2002', 2)":null},"Fecha: ":{"('0042-PE-2002', 0)":"30\/05\/2002","('0042-PE-2002', 1)":null,"('0042-PE-2002', 2)":null},"T\u00edtulo":{"('0042-PE-2002', 0)":"DICTADO DEL DECRETO 890\/02, ESTABLECIENDO COMO FECHA DE ENTRADA EN VIGENCIA DE LA LEY 25596, EL 29 DE MAYO DE 2002, DECLARANDO EN EMERGENCIA EL ABASTECIMIENTO DE GAS OIL EN TODO EL TERRITORIO NACIONAL.","('0042-PE-2002', 1)":null,"('0042-PE-2002', 2)":null},"('Firmantes', 'FIRMANTE')":{"('0042-PE-2002', 0)":"DUHALDE, EDUARDO ALBERTO","('0042-PE-2002', 1)":"ATANASOF, ALFREDO NESTOR","('0042-PE-2002', 2)":"LAVAGNA, ROBERTO"},"('Firmantes', 'DISTRITO')":{"('0042-PE-2002', 0)":null,"('0042-PE-2002', 1)":null,"('0042-PE-2002', 2)":null},"('Firmantes', 'BLOQUE')":{"('0042-PE-2002', 0)":"PODER EJECUTIVO","('0042-PE-2002', 1)":"PODER EJECUTIVO","('0042-PE-2002', 2)":"PODER EJECUTIVO"},"('Giros', 'COMISI\u00d3N')":{"('0042-PE-2002', 0)":"ENERGIA Y COMBUSTIBLES","('0042-PE-2002', 1)":"DEFENSA DEL CONSUMIDOR","('0042-PE-2002', 2)":"LEGISLACION GENERAL"},"Sumario":{"('0042-PE-2002', 0)":"COMUNICACION DEL MISMO.","('0042-PE-2002', 1)":null,"('0042-PE-2002', 2)":null},"Palabra Clave":{"('0042-PE-2002', 0)":" ","('0042-PE-2002', 1)":null,"('0042-PE-2002', 2)":null}}