{"Tipo de Proyecto":{"('0043-S-2002', 0)":"MENSAJE NRO: 1559\/01 Y PROYECTO DE LEY","('0043-S-2002', 1)":null,"('0043-S-2002', 2)":null,"('0043-S-2002', 3)":null},"Iniciado en: ":{"('0043-S-2002', 0)":"Senado","('0043-S-2002', 1)":null,"('0043-S-2002', 2)":null,"('0043-S-2002', 3)":null},"Expediente Diputados: ":{"('0043-S-2002', 0)":"0043-S-2002","('0043-S-2002', 1)":null,"('0043-S-2002', 2)":null,"('0043-S-2002', 3)":null},"Expediente Senado: ":{"('0043-S-2002', 0)":"0841-PE-2001","('0043-S-2002', 1)":null,"('0043-S-2002', 2)":null,"('0043-S-2002', 3)":null},"Publicado en: ":{"('0043-S-2002', 0)":"Diario de Asuntos Entrados N\u00b0 121","('0043-S-2002', 1)":null,"('0043-S-2002', 2)":null,"('0043-S-2002', 3)":null},"Fecha: ":{"('0043-S-2002', 0)":"30\/11\/2001","('0043-S-2002', 1)":null,"('0043-S-2002', 2)":null,"('0043-S-2002', 3)":null},"T\u00edtulo":{"('0043-S-2002', 0)":"ACUERDO MARCO DE COOPERACION FINANCIERA CON EL BANCO EUROPEO DE INVERSIONES, SUSCRIPTO EN MADRID, ESPA\u00d1A, EL 03\/10\/1994.","('0043-S-2002', 1)":null,"('0043-S-2002', 2)":null,"('0043-S-2002', 3)":null},"('Firmantes', 'FIRMANTE')":{"('0043-S-2002', 0)":"DE LA RUA, FERNANDO","('0043-S-2002', 1)":"COLOMBO, CHRYSTIAN","('0043-S-2002', 2)":"RODRIGUEZ GIAVARINI, ADALBERTO","('0043-S-2002', 3)":"CAVALLO, DOMINGO FELIPE"},"('Firmantes', 'DISTRITO')":{"('0043-S-2002', 0)":null,"('0043-S-2002', 1)":null,"('0043-S-2002', 2)":null,"('0043-S-2002', 3)":null},"('Firmantes', 'BLOQUE')":{"('0043-S-2002', 0)":"PODER EJECUTIVO","('0043-S-2002', 1)":"PODER EJECUTIVO","('0043-S-2002', 2)":"PODER EJECUTIVO","('0043-S-2002', 3)":"PODER EJECUTIVO"},"('Giros', 'COMISI\u00d3N')":{"('0043-S-2002', 0)":"RELACIONES EXTERIORES Y CULTO","('0043-S-2002', 1)":"FINANZAS","('0043-S-2002', 2)":null,"('0043-S-2002', 3)":null},"('Tramites', 'C\u00c1MARA')":{"('0043-S-2002', 0)":"Senado","('0043-S-2002', 1)":"Diputados","('0043-S-2002', 2)":null,"('0043-S-2002', 3)":null},"('Tramites', 'MOVIMIENTO')":{"('0043-S-2002', 0)":"CONSIDERACION Y APROBACION","('0043-S-2002', 1)":"PASA A DIPUTADOS - (TP 108)","('0043-S-2002', 2)":null,"('0043-S-2002', 3)":null},"('Tramites', 'FECHA')":{"('0043-S-2002', 0)":"01\/08\/2002","('0043-S-2002', 1)":null,"('0043-S-2002', 2)":null,"('0043-S-2002', 3)":null},"('Tramites', 'RESULTADO')":{"('0043-S-2002', 0)":"MEDIA SANCION","('0043-S-2002', 1)":null,"('0043-S-2002', 2)":null,"('0043-S-2002', 3)":null},"Sumario":{"('0043-S-2002', 0)":"APROBACION.","('0043-S-2002', 1)":null,"('0043-S-2002', 2)":null,"('0043-S-2002', 3)":null},"Palabra Clave":{"('0043-S-2002', 0)":" ","('0043-S-2002', 1)":null,"('0043-S-2002', 2)":null,"('0043-S-2002', 3)":null}}