{"Tipo de Proyecto":{"('0044-PE-2002', 0)":"MENSAJE NRO: 0966\/02 Y PROYECTO DE LEY","('0044-PE-2002', 1)":null,"('0044-PE-2002', 2)":null,"('0044-PE-2002', 3)":null},"Iniciado en: ":{"('0044-PE-2002', 0)":"Diputados","('0044-PE-2002', 1)":null,"('0044-PE-2002', 2)":null,"('0044-PE-2002', 3)":null},"Expediente Diputados: ":{"('0044-PE-2002', 0)":"0044-PE-2002","('0044-PE-2002', 1)":null,"('0044-PE-2002', 2)":null,"('0044-PE-2002', 3)":null},"Expediente Senado: ":{"('0044-PE-2002', 0)":"0063-CD-2002","('0044-PE-2002', 1)":null,"('0044-PE-2002', 2)":null,"('0044-PE-2002', 3)":null},"Publicado en: ":{"('0044-PE-2002', 0)":"Tr\u00e1mite Parlamentario N\u00b0 68","('0044-PE-2002', 1)":null,"('0044-PE-2002', 2)":null,"('0044-PE-2002', 3)":null},"Fecha: ":{"('0044-PE-2002', 0)":"10\/06\/2002","('0044-PE-2002', 1)":null,"('0044-PE-2002', 2)":null,"('0044-PE-2002', 3)":null},"T\u00edtulo":{"('0044-PE-2002', 0)":"LEY 11683 (TEXTO ORDENADO 1998) Y MODIFICATORIAS, DE PROCEDIMIENTO TRIBUTARIO: MODIFICACIONES.","('0044-PE-2002', 1)":null,"('0044-PE-2002', 2)":null,"('0044-PE-2002', 3)":null},"('Firmantes', 'FIRMANTE')":{"('0044-PE-2002', 0)":"DUHALDE, EDUARDO ALBERTO","('0044-PE-2002', 1)":"ATANASOF, ALFREDO NESTOR","('0044-PE-2002', 2)":"LAVAGNA, ROBERTO","('0044-PE-2002', 3)":null},"('Firmantes', 'DISTRITO')":{"('0044-PE-2002', 0)":null,"('0044-PE-2002', 1)":null,"('0044-PE-2002', 2)":null,"('0044-PE-2002', 3)":null},"('Firmantes', 'BLOQUE')":{"('0044-PE-2002', 0)":"PODER EJECUTIVO","('0044-PE-2002', 1)":"PODER EJECUTIVO","('0044-PE-2002', 2)":"PODER EJECUTIVO","('0044-PE-2002', 3)":null},"('Giros', 'COMISI\u00d3N')":{"('0044-PE-2002', 0)":"PRESUPUESTO Y HACIENDA","('0044-PE-2002', 1)":null,"('0044-PE-2002', 2)":null,"('0044-PE-2002', 3)":null},"('Tramites', 'C\u00c1MARA')":{"('0044-PE-2002', 0)":"Diputados","('0044-PE-2002', 1)":"Senado","('0044-PE-2002', 2)":"Senado","('0044-PE-2002', 3)":"Senado"},"('Tramites', 'MOVIMIENTO')":{"('0044-PE-2002', 0)":"CONSIDERACION Y APROBACION","('0044-PE-2002', 1)":"PASA A SENADO - (DAE 212)","('0044-PE-2002', 2)":"MOCION SOBRE TABLAS (AFIRMATIVA)","('0044-PE-2002', 3)":"CONSIDERACION Y SANCION"},"('Tramites', 'FECHA')":{"('0044-PE-2002', 0)":"08\/08\/2002","('0044-PE-2002', 1)":null,"('0044-PE-2002', 2)":"21\/11\/2002","('0044-PE-2002', 3)":"21\/11\/2002"},"('Tramites', 'RESULTADO')":{"('0044-PE-2002', 0)":"MEDIA SANCION","('0044-PE-2002', 1)":null,"('0044-PE-2002', 2)":null,"('0044-PE-2002', 3)":"SANCIONADO"},"Sumario":{"('0044-PE-2002', 0)":"INCORPORACION DE ARTICULO AGREGADO A CONTINUACION DEL ARTICULO 113 (IMPOSIBILIDAD DE ESTABLECER EL PODER EJECUTIVO NACIONAL REGIMENES DE REGULARIZACION DE DEUDAS TRIBUTARIAS QUE IMPLIQUEN LA EXIMICION TOTAL O PARCIAL DEL CAPITAL, INTERESES, MULTAS Y CUALQUIER OTRA SANCION POR INFRACCIONES RELACIONADAS CON LOS GRAVAMENES CUYA APLICACION, PERCEPCION Y FISCALIZACION SE ENCUENTRE A CARGO DE LA ADMINISTRACION FEDERAL DE INGRESOS PUBLICOS); DEROGACION DE LOS PARRAFOS SEGUNDO Y TERCERO DEL ARTICULO 73 DE LA LEY 25401; ENTRADA EN VIGENCIA.","('0044-PE-2002', 1)":null,"('0044-PE-2002', 2)":null,"('0044-PE-2002', 3)":null},"Palabra Clave":{"('0044-PE-2002', 0)":" ","('0044-PE-2002', 1)":null,"('0044-PE-2002', 2)":null,"('0044-PE-2002', 3)":null}}