{"Tipo de Proyecto":{"('0046-PE-2002', 0)":"MENSAJE NRO: 0993\/02","('0046-PE-2002', 1)":null,"('0046-PE-2002', 2)":null},"Iniciado en: ":{"('0046-PE-2002', 0)":"Diputados","('0046-PE-2002', 1)":null,"('0046-PE-2002', 2)":null},"Expediente Diputados: ":{"('0046-PE-2002', 0)":"0046-PE-2002","('0046-PE-2002', 1)":null,"('0046-PE-2002', 2)":null},"Publicado en: ":{"('0046-PE-2002', 0)":"Tr\u00e1mite Parlamentario N\u00b0 70","('0046-PE-2002', 1)":null,"('0046-PE-2002', 2)":null},"Fecha: ":{"('0046-PE-2002', 0)":"12\/06\/2002","('0046-PE-2002', 1)":null,"('0046-PE-2002', 2)":null},"T\u00edtulo":{"('0046-PE-2002', 0)":"DICTADO DEL DECRETO 992\/02, POR EL CUAL SE MODIFICA EL ARTICULO 1 DEL DECRETO 410\/02 DONDE SE EXCEPTUAN DE LA PESIFICACION A DIVERSAS OPERATORIAS FINANCIERAS, SOBRE LOS CONTRATOS DE FUTURO Y OPCIONES EXISTENTES AL 5 DE ENERO DE 2002.","('0046-PE-2002', 1)":null,"('0046-PE-2002', 2)":null},"('Firmantes', 'FIRMANTE')":{"('0046-PE-2002', 0)":"DUHALDE, EDUARDO ALBERTO","('0046-PE-2002', 1)":"ATANASOF, ALFREDO NESTOR","('0046-PE-2002', 2)":"LAVAGNA, ROBERTO"},"('Firmantes', 'DISTRITO')":{"('0046-PE-2002', 0)":null,"('0046-PE-2002', 1)":null,"('0046-PE-2002', 2)":null},"('Firmantes', 'BLOQUE')":{"('0046-PE-2002', 0)":"PODER EJECUTIVO","('0046-PE-2002', 1)":"PODER EJECUTIVO","('0046-PE-2002', 2)":"PODER EJECUTIVO"},"('Giros', 'COMISI\u00d3N')":{"('0046-PE-2002', 0)":"BICAMERAL DE SEGUIMIENTO DE FACULTADES DELEGADAS AL PODER EJECUTIVO NACIONAL - LEY 25561","('0046-PE-2002', 1)":null,"('0046-PE-2002', 2)":null},"Sumario":{"('0046-PE-2002', 0)":"COMUNICACION DEL MISMO.","('0046-PE-2002', 1)":null,"('0046-PE-2002', 2)":null},"Palabra Clave":{"('0046-PE-2002', 0)":" ","('0046-PE-2002', 1)":null,"('0046-PE-2002', 2)":null}}