{"Tipo de Proyecto":{"('0047-S-2002', 0)":"PROYECTO DE DECLARACI\u00d3N","('0047-S-2002', 1)":null,"('0047-S-2002', 2)":null,"('0047-S-2002', 3)":null,"('0047-S-2002', 4)":null,"('0047-S-2002', 5)":null,"('0047-S-2002', 6)":null,"('0047-S-2002', 7)":null,"('0047-S-2002', 8)":null,"('0047-S-2002', 9)":null,"('0047-S-2002', 10)":null,"('0047-S-2002', 11)":null},"Iniciado en: ":{"('0047-S-2002', 0)":"Senado","('0047-S-2002', 1)":null,"('0047-S-2002', 2)":null,"('0047-S-2002', 3)":null,"('0047-S-2002', 4)":null,"('0047-S-2002', 5)":null,"('0047-S-2002', 6)":null,"('0047-S-2002', 7)":null,"('0047-S-2002', 8)":null,"('0047-S-2002', 9)":null,"('0047-S-2002', 10)":null,"('0047-S-2002', 11)":null},"Expediente Senado: ":{"('0047-S-2002', 0)":"0047-S-2002","('0047-S-2002', 1)":null,"('0047-S-2002', 2)":null,"('0047-S-2002', 3)":null,"('0047-S-2002', 4)":null,"('0047-S-2002', 5)":null,"('0047-S-2002', 6)":null,"('0047-S-2002', 7)":null,"('0047-S-2002', 8)":null,"('0047-S-2002', 9)":null,"('0047-S-2002', 10)":null,"('0047-S-2002', 11)":null},"Publicado en: ":{"('0047-S-2002', 0)":"Diario de Asuntos Entrados N\u00b0 11","('0047-S-2002', 1)":null,"('0047-S-2002', 2)":null,"('0047-S-2002', 3)":null,"('0047-S-2002', 4)":null,"('0047-S-2002', 5)":null,"('0047-S-2002', 6)":null,"('0047-S-2002', 7)":null,"('0047-S-2002', 8)":null,"('0047-S-2002', 9)":null,"('0047-S-2002', 10)":null,"('0047-S-2002', 11)":null},"Fecha: ":{"('0047-S-2002', 0)":"05\/03\/2002","('0047-S-2002', 1)":null,"('0047-S-2002', 2)":null,"('0047-S-2002', 3)":null,"('0047-S-2002', 4)":null,"('0047-S-2002', 5)":null,"('0047-S-2002', 6)":null,"('0047-S-2002', 7)":null,"('0047-S-2002', 8)":null,"('0047-S-2002', 9)":null,"('0047-S-2002', 10)":null,"('0047-S-2002', 11)":null},"T\u00edtulo":{"('0047-S-2002', 0)":"DIA INTERNACIONAL DE LA MUJER QUE SE CONMEMORA EL 8 DE MARZO.","('0047-S-2002', 1)":null,"('0047-S-2002', 2)":null,"('0047-S-2002', 3)":null,"('0047-S-2002', 4)":null,"('0047-S-2002', 5)":null,"('0047-S-2002', 6)":null,"('0047-S-2002', 7)":null,"('0047-S-2002', 8)":null,"('0047-S-2002', 9)":null,"('0047-S-2002', 10)":null,"('0047-S-2002', 11)":null},"('Firmantes', 'FIRMANTE')":{"('0047-S-2002', 0)":"MAZA, ADA MERCEDES","('0047-S-2002', 1)":"HALAK, BEATRIZ SUSANA","('0047-S-2002', 2)":"CAPARROS, MABEL LUISA","('0047-S-2002', 3)":"BAR, GRACIELA YOLANDA","('0047-S-2002', 4)":"OVIEDO, MERCEDES MARGARITA","('0047-S-2002', 5)":"CASTRO, MARIA ELISA","('0047-S-2002', 6)":"ESCUDERO, SONIA MARGARITA","('0047-S-2002', 7)":"M\u00dcLLER, MABEL HILDA","('0047-S-2002', 8)":"MARTIN, FLORIANA NELIDA","('0047-S-2002', 9)":"PAZ, ELVA AZUCENA","('0047-S-2002', 10)":"PERCEVAL, MARIA CRISTINA","('0047-S-2002', 11)":"GOMEZ DE BERTONE, DEOLIDE CARMEN"},"('Firmantes', 'DISTRITO')":{"('0047-S-2002', 0)":"LA RIOJA","('0047-S-2002', 1)":"CORDOBA","('0047-S-2002', 2)":"TIERRA DEL FUEGO","('0047-S-2002', 3)":"ENTRE RIOS","('0047-S-2002', 4)":"MISIONES","('0047-S-2002', 5)":"SANTIAGO DEL ESTERO","('0047-S-2002', 6)":"SALTA","('0047-S-2002', 7)":"BUENOS AIRES","('0047-S-2002', 8)":"SAN JUAN","('0047-S-2002', 9)":"FORMOSA","('0047-S-2002', 10)":"MENDOZA","('0047-S-2002', 11)":"LA PAMPA"},"('Firmantes', 'BLOQUE')":{"('0047-S-2002', 0)":"JUSTICIALISTA","('0047-S-2002', 1)":"JUSTICIALISTA","('0047-S-2002', 2)":"JUSTICIALISTA","('0047-S-2002', 3)":"JUSTICIALISTA","('0047-S-2002', 4)":"JUSTICIALISTA","('0047-S-2002', 5)":"JUSTICIALISTA","('0047-S-2002', 6)":"JUSTICIALISTA","('0047-S-2002', 7)":"JUSTICIALISTA","('0047-S-2002', 8)":"JUSTICIALISTA","('0047-S-2002', 9)":"JUSTICIALISTA","('0047-S-2002', 10)":"JUSTICIALISTA","('0047-S-2002', 11)":"JUSTICIALISTA"},"('Tramites', 'C\u00c1MARA')":{"('0047-S-2002', 0)":"Senado","('0047-S-2002', 1)":null,"('0047-S-2002', 2)":null,"('0047-S-2002', 3)":null,"('0047-S-2002', 4)":null,"('0047-S-2002', 5)":null,"('0047-S-2002', 6)":null,"('0047-S-2002', 7)":null,"('0047-S-2002', 8)":null,"('0047-S-2002', 9)":null,"('0047-S-2002', 10)":null,"('0047-S-2002', 11)":null},"('Tramites', 'MOVIMIENTO')":{"('0047-S-2002', 0)":"VER TRAMITE EN EXPEDIENTE 2227-S-01","('0047-S-2002', 1)":null,"('0047-S-2002', 2)":null,"('0047-S-2002', 3)":null,"('0047-S-2002', 4)":null,"('0047-S-2002', 5)":null,"('0047-S-2002', 6)":null,"('0047-S-2002', 7)":null,"('0047-S-2002', 8)":null,"('0047-S-2002', 9)":null,"('0047-S-2002', 10)":null,"('0047-S-2002', 11)":null},"('Tramites', 'FECHA')":{"('0047-S-2002', 0)":"14\/03\/2002","('0047-S-2002', 1)":null,"('0047-S-2002', 2)":null,"('0047-S-2002', 3)":null,"('0047-S-2002', 4)":null,"('0047-S-2002', 5)":null,"('0047-S-2002', 6)":null,"('0047-S-2002', 7)":null,"('0047-S-2002', 8)":null,"('0047-S-2002', 9)":null,"('0047-S-2002', 10)":null,"('0047-S-2002', 11)":null},"('Tramites', 'RESULTADO')":{"('0047-S-2002', 0)":null,"('0047-S-2002', 1)":null,"('0047-S-2002', 2)":null,"('0047-S-2002', 3)":null,"('0047-S-2002', 4)":null,"('0047-S-2002', 5)":null,"('0047-S-2002', 6)":null,"('0047-S-2002', 7)":null,"('0047-S-2002', 8)":null,"('0047-S-2002', 9)":null,"('0047-S-2002', 10)":null,"('0047-S-2002', 11)":null},"Sumario":{"('0047-S-2002', 0)":"EXPRESION DE ADHESION.","('0047-S-2002', 1)":null,"('0047-S-2002', 2)":null,"('0047-S-2002', 3)":null,"('0047-S-2002', 4)":null,"('0047-S-2002', 5)":null,"('0047-S-2002', 6)":null,"('0047-S-2002', 7)":null,"('0047-S-2002', 8)":null,"('0047-S-2002', 9)":null,"('0047-S-2002', 10)":null,"('0047-S-2002', 11)":null},"Palabra Clave":{"('0047-S-2002', 0)":" ","('0047-S-2002', 1)":null,"('0047-S-2002', 2)":null,"('0047-S-2002', 3)":null,"('0047-S-2002', 4)":null,"('0047-S-2002', 5)":null,"('0047-S-2002', 6)":null,"('0047-S-2002', 7)":null,"('0047-S-2002', 8)":null,"('0047-S-2002', 9)":null,"('0047-S-2002', 10)":null,"('0047-S-2002', 11)":null}}