{"Tipo de Proyecto":{"('0049-PE-2002', 0)":"MENSAJE NRO: 1033\/02 Y PROYECTO DE LEY","('0049-PE-2002', 1)":null,"('0049-PE-2002', 2)":null},"Iniciado en: ":{"('0049-PE-2002', 0)":"Diputados","('0049-PE-2002', 1)":null,"('0049-PE-2002', 2)":null},"Expediente Diputados: ":{"('0049-PE-2002', 0)":"0049-PE-2002","('0049-PE-2002', 1)":null,"('0049-PE-2002', 2)":null},"Publicado en: ":{"('0049-PE-2002', 0)":"Tr\u00e1mite Parlamentario N\u00b0 73","('0049-PE-2002', 1)":null,"('0049-PE-2002', 2)":null},"Fecha: ":{"('0049-PE-2002', 0)":"18\/06\/2002","('0049-PE-2002', 1)":null,"('0049-PE-2002', 2)":null},"T\u00edtulo":{"('0049-PE-2002', 0)":"LEY 23966, DE IMPUESTO SOBRE LOS COMBUSTIBLES LIQUIDOS Y EL GAS NATURAL (TO 1998 Y MODIFICATORIAS): MODIFICACIONES.","('0049-PE-2002', 1)":null,"('0049-PE-2002', 2)":null},"('Firmantes', 'FIRMANTE')":{"('0049-PE-2002', 0)":"DUHALDE, EDUARDO ALBERTO","('0049-PE-2002', 1)":"ATANASOF, ALFREDO NESTOR","('0049-PE-2002', 2)":"LAVAGNA, ROBERTO"},"('Firmantes', 'DISTRITO')":{"('0049-PE-2002', 0)":null,"('0049-PE-2002', 1)":null,"('0049-PE-2002', 2)":null},"('Firmantes', 'BLOQUE')":{"('0049-PE-2002', 0)":"PODER EJECUTIVO","('0049-PE-2002', 1)":"PODER EJECUTIVO","('0049-PE-2002', 2)":"PODER EJECUTIVO"},"('Giros', 'COMISI\u00d3N')":{"('0049-PE-2002', 0)":"PRESUPUESTO Y HACIENDA","('0049-PE-2002', 1)":"ENERGIA Y COMBUSTIBLES","('0049-PE-2002', 2)":null},"Sumario":{"('0049-PE-2002', 0)":"TITULO III: MODIFICACIONES A LOS ARTICULOS 4 (INCORPORACION DE PARRAFO A CONTINUACION DEL PRIMER PARRAFO) Y 7 (ELIMINACION DEL INCISO D).","('0049-PE-2002', 1)":null,"('0049-PE-2002', 2)":null},"Palabra Clave":{"('0049-PE-2002', 0)":" ","('0049-PE-2002', 1)":null,"('0049-PE-2002', 2)":null}}