{"Tipo de Proyecto":{"('0050-PE-2002', 0)":"MENSAJE NRO: 1043\/02 Y PROYECTO DE LEY","('0050-PE-2002', 1)":null,"('0050-PE-2002', 2)":null},"Iniciado en: ":{"('0050-PE-2002', 0)":"Diputados","('0050-PE-2002', 1)":null,"('0050-PE-2002', 2)":null},"Expediente Diputados: ":{"('0050-PE-2002', 0)":"0050-PE-2002","('0050-PE-2002', 1)":null,"('0050-PE-2002', 2)":null},"Publicado en: ":{"('0050-PE-2002', 0)":"Tr\u00e1mite Parlamentario N\u00b0 74","('0050-PE-2002', 1)":null,"('0050-PE-2002', 2)":null},"Fecha: ":{"('0050-PE-2002', 0)":"19\/06\/2002","('0050-PE-2002', 1)":null,"('0050-PE-2002', 2)":null},"T\u00edtulo":{"('0050-PE-2002', 0)":"RECEPCIONAR EN NUESTRO ORDENAMIENTO JURIDICO UNA INSTITUCION PROVENIENTE DEL DERECHO ANGLOSAJON CONOCIDA COMO AMICUS CURIAE, AMIGO DEL TRIBUNAL O ASISTENTE OFICIOSO.","('0050-PE-2002', 1)":null,"('0050-PE-2002', 2)":null},"('Firmantes', 'FIRMANTE')":{"('0050-PE-2002', 0)":"DUHALDE, EDUARDO ALBERTO","('0050-PE-2002', 1)":"ATANASOF, ALFREDO NESTOR","('0050-PE-2002', 2)":"VANOSSI, JORGE REINALDO"},"('Firmantes', 'DISTRITO')":{"('0050-PE-2002', 0)":null,"('0050-PE-2002', 1)":null,"('0050-PE-2002', 2)":null},"('Firmantes', 'BLOQUE')":{"('0050-PE-2002', 0)":"PODER EJECUTIVO","('0050-PE-2002', 1)":"PODER EJECUTIVO","('0050-PE-2002', 2)":"PODER EJECUTIVO"},"('Giros', 'COMISI\u00d3N')":{"('0050-PE-2002', 0)":"JUSTICIA","('0050-PE-2002', 1)":"LEGISLACION PENAL","('0050-PE-2002', 2)":null},"Sumario":{"('0050-PE-2002', 0)":"REQUISITOS Y CONDICIONES PARA SU EJERCICIO; PARTICIPACION; ALCANCES Y LIMITACIONES DE SU FUNCION; TRASLADO A LAS PARTES; OBSTACULIZACION DE LA MARCHA NORMAL DEL PROCESO JUDICIAL.","('0050-PE-2002', 1)":null,"('0050-PE-2002', 2)":null},"Palabra Clave":{"('0050-PE-2002', 0)":" ","('0050-PE-2002', 1)":null,"('0050-PE-2002', 2)":null}}