{"Tipo de Proyecto":{"('0051-PE-2002', 0)":"MENSAJE NRO: 1044\/02 Y PROYECTO DE LEY","('0051-PE-2002', 1)":null,"('0051-PE-2002', 2)":null},"Iniciado en: ":{"('0051-PE-2002', 0)":"Diputados","('0051-PE-2002', 1)":null,"('0051-PE-2002', 2)":null},"Expediente Diputados: ":{"('0051-PE-2002', 0)":"0051-PE-2002","('0051-PE-2002', 1)":null,"('0051-PE-2002', 2)":null},"Publicado en: ":{"('0051-PE-2002', 0)":"Tr\u00e1mite Parlamentario N\u00b0 74","('0051-PE-2002', 1)":null,"('0051-PE-2002', 2)":null},"Fecha: ":{"('0051-PE-2002', 0)":"19\/06\/2002","('0051-PE-2002', 1)":null,"('0051-PE-2002', 2)":null},"T\u00edtulo":{"('0051-PE-2002', 0)":"LEY 23984, CODIGO PROCESAL PENAL DE LA NACION: MODIFICACIONES.","('0051-PE-2002', 1)":null,"('0051-PE-2002', 2)":null},"('Firmantes', 'FIRMANTE')":{"('0051-PE-2002', 0)":"DUHALDE, EDUARDO ALBERTO","('0051-PE-2002', 1)":"ATANASOF, ALFREDO NESTOR","('0051-PE-2002', 2)":"VANOSSI, JORGE REINALDO"},"('Firmantes', 'DISTRITO')":{"('0051-PE-2002', 0)":null,"('0051-PE-2002', 1)":null,"('0051-PE-2002', 2)":null},"('Firmantes', 'BLOQUE')":{"('0051-PE-2002', 0)":"PODER EJECUTIVO","('0051-PE-2002', 1)":"PODER EJECUTIVO","('0051-PE-2002', 2)":"PODER EJECUTIVO"},"('Giros', 'COMISI\u00d3N')":{"('0051-PE-2002', 0)":"LEGISLACION PENAL","('0051-PE-2002', 1)":null,"('0051-PE-2002', 2)":null},"Sumario":{"('0051-PE-2002', 0)":"SUSTITUCION DEL ARTICULO 319 (PRESUNCION DE IMPOSICION DE LA PENA DE PRISION DE CUMPLIMIENTO EFECTIVO).","('0051-PE-2002', 1)":null,"('0051-PE-2002', 2)":null},"Palabra Clave":{"('0051-PE-2002', 0)":" ","('0051-PE-2002', 1)":null,"('0051-PE-2002', 2)":null}}