{"Tipo de Proyecto":{"('0051-S-2002', 0)":"PROYECTO DE DECLARACI\u00d3N","('0051-S-2002', 1)":null,"('0051-S-2002', 2)":null,"('0051-S-2002', 3)":null,"('0051-S-2002', 4)":null,"('0051-S-2002', 5)":null,"('0051-S-2002', 6)":null,"('0051-S-2002', 7)":null},"Iniciado en: ":{"('0051-S-2002', 0)":"Senado","('0051-S-2002', 1)":null,"('0051-S-2002', 2)":null,"('0051-S-2002', 3)":null,"('0051-S-2002', 4)":null,"('0051-S-2002', 5)":null,"('0051-S-2002', 6)":null,"('0051-S-2002', 7)":null},"Expediente Senado: ":{"('0051-S-2002', 0)":"0051-S-2002","('0051-S-2002', 1)":null,"('0051-S-2002', 2)":null,"('0051-S-2002', 3)":null,"('0051-S-2002', 4)":null,"('0051-S-2002', 5)":null,"('0051-S-2002', 6)":null,"('0051-S-2002', 7)":null},"Publicado en: ":{"('0051-S-2002', 0)":"Diario de Asuntos Entrados N\u00b0 12","('0051-S-2002', 1)":null,"('0051-S-2002', 2)":null,"('0051-S-2002', 3)":null,"('0051-S-2002', 4)":null,"('0051-S-2002', 5)":null,"('0051-S-2002', 6)":null,"('0051-S-2002', 7)":null},"Fecha: ":{"('0051-S-2002', 0)":"06\/03\/2002","('0051-S-2002', 1)":null,"('0051-S-2002', 2)":null,"('0051-S-2002', 3)":null,"('0051-S-2002', 4)":null,"('0051-S-2002', 5)":null,"('0051-S-2002', 6)":null,"('0051-S-2002', 7)":null},"T\u00edtulo":{"('0051-S-2002', 0)":"MUERTE DEL POETA HAMLET LIMA QUINTANA.","('0051-S-2002', 1)":null,"('0051-S-2002', 2)":null,"('0051-S-2002', 3)":null,"('0051-S-2002', 4)":null,"('0051-S-2002', 5)":null,"('0051-S-2002', 6)":null,"('0051-S-2002', 7)":null},"('Firmantes', 'FIRMANTE')":{"('0051-S-2002', 0)":"MAESTRO, CARLOS","('0051-S-2002', 1)":"AGUNDEZ, JORGE ALFREDO","('0051-S-2002', 2)":"ALFONSIN, RAUL RICARDO","('0051-S-2002', 3)":"BRIZUELA DEL MORAL, EDUARDO SEGUNDO","('0051-S-2002', 4)":"FALCO, LUIS ALBERTO","('0051-S-2002', 5)":"LOSADA, MARIO A.","('0051-S-2002', 6)":"USANDIZAGA, HORACIO DANIEL","('0051-S-2002', 7)":"MORALES, GERARDO RUBEN"},"('Firmantes', 'DISTRITO')":{"('0051-S-2002', 0)":"CHUBUT","('0051-S-2002', 1)":"SAN LUIS","('0051-S-2002', 2)":"BUENOS AIRES","('0051-S-2002', 3)":"CATAMARCA","('0051-S-2002', 4)":"RIO NEGRO","('0051-S-2002', 5)":"MISIONES","('0051-S-2002', 6)":"SANTA FE","('0051-S-2002', 7)":"JUJUY"},"('Firmantes', 'BLOQUE')":{"('0051-S-2002', 0)":"UCR","('0051-S-2002', 1)":"UCR","('0051-S-2002', 2)":"UCR","('0051-S-2002', 3)":"FRENTE CIVICO Y SOCIAL DE CATAMARCA","('0051-S-2002', 4)":"UCR","('0051-S-2002', 5)":"UCR","('0051-S-2002', 6)":"UCR","('0051-S-2002', 7)":"UCR"},"('Tramites', 'C\u00c1MARA')":{"('0051-S-2002', 0)":"Senado","('0051-S-2002', 1)":null,"('0051-S-2002', 2)":null,"('0051-S-2002', 3)":null,"('0051-S-2002', 4)":null,"('0051-S-2002', 5)":null,"('0051-S-2002', 6)":null,"('0051-S-2002', 7)":null},"('Tramites', 'MOVIMIENTO')":{"('0051-S-2002', 0)":"CONSIDERACION Y APROBACION","('0051-S-2002', 1)":null,"('0051-S-2002', 2)":null,"('0051-S-2002', 3)":null,"('0051-S-2002', 4)":null,"('0051-S-2002', 5)":null,"('0051-S-2002', 6)":null,"('0051-S-2002', 7)":null},"('Tramites', 'FECHA')":{"('0051-S-2002', 0)":"23\/05\/2002","('0051-S-2002', 1)":null,"('0051-S-2002', 2)":null,"('0051-S-2002', 3)":null,"('0051-S-2002', 4)":null,"('0051-S-2002', 5)":null,"('0051-S-2002', 6)":null,"('0051-S-2002', 7)":null},"('Tramites', 'RESULTADO')":{"('0051-S-2002', 0)":"APROBADO","('0051-S-2002', 1)":null,"('0051-S-2002', 2)":null,"('0051-S-2002', 3)":null,"('0051-S-2002', 4)":null,"('0051-S-2002', 5)":null,"('0051-S-2002', 6)":null,"('0051-S-2002', 7)":null},"Sumario":{"('0051-S-2002', 0)":"EXPRESION DE PESAR.","('0051-S-2002', 1)":null,"('0051-S-2002', 2)":null,"('0051-S-2002', 3)":null,"('0051-S-2002', 4)":null,"('0051-S-2002', 5)":null,"('0051-S-2002', 6)":null,"('0051-S-2002', 7)":null},"Palabra Clave":{"('0051-S-2002', 0)":" ","('0051-S-2002', 1)":null,"('0051-S-2002', 2)":null,"('0051-S-2002', 3)":null,"('0051-S-2002', 4)":null,"('0051-S-2002', 5)":null,"('0051-S-2002', 6)":null,"('0051-S-2002', 7)":null}}