{"Tipo de Proyecto":{"('0052-PE-2002', 0)":"MENSAJE NRO: 1046\/02","('0052-PE-2002', 1)":null,"('0052-PE-2002', 2)":null},"Iniciado en: ":{"('0052-PE-2002', 0)":"Diputados","('0052-PE-2002', 1)":null,"('0052-PE-2002', 2)":null},"Expediente Diputados: ":{"('0052-PE-2002', 0)":"0052-PE-2002","('0052-PE-2002', 1)":null,"('0052-PE-2002', 2)":null},"Publicado en: ":{"('0052-PE-2002', 0)":"Tr\u00e1mite Parlamentario N\u00b0 74","('0052-PE-2002', 1)":null,"('0052-PE-2002', 2)":null},"Fecha: ":{"('0052-PE-2002', 0)":"19\/06\/2002","('0052-PE-2002', 1)":null,"('0052-PE-2002', 2)":null},"T\u00edtulo":{"('0052-PE-2002', 0)":"DECRETO 1045\/02, DE DISOLUCION Y LIQUIDACION DE LA ENTIDAD INFORMATICA TRIBUTARIA SOCIEDAD DEL ESTADO.","('0052-PE-2002', 1)":null,"('0052-PE-2002', 2)":null},"('Firmantes', 'FIRMANTE')":{"('0052-PE-2002', 0)":"DUHALDE, EDUARDO ALBERTO","('0052-PE-2002', 1)":"ATANASOF, ALFREDO NESTOR","('0052-PE-2002', 2)":"LAVAGNA, ROBERTO"},"('Firmantes', 'DISTRITO')":{"('0052-PE-2002', 0)":null,"('0052-PE-2002', 1)":null,"('0052-PE-2002', 2)":null},"('Firmantes', 'BLOQUE')":{"('0052-PE-2002', 0)":"PODER EJECUTIVO","('0052-PE-2002', 1)":"PODER EJECUTIVO","('0052-PE-2002', 2)":"PODER EJECUTIVO"},"('Giros', 'COMISI\u00d3N')":{"('0052-PE-2002', 0)":"COMUNICACIONES E INFORMATICA","('0052-PE-2002', 1)":"PRESUPUESTO Y HACIENDA","('0052-PE-2002', 2)":"BICAMERAL PERMANENTE DE TRAMITE LEGISLATIVO - LEY 26122"},"Sumario":{"('0052-PE-2002', 0)":"ACOMPA\u00d1ASE COPIA AUTENTICADA DE LA CITADA NORMA COMUNICANDO EL DICTADO DE LA MISMA.","('0052-PE-2002', 1)":null,"('0052-PE-2002', 2)":null},"Palabra Clave":{"('0052-PE-2002', 0)":" ","('0052-PE-2002', 1)":null,"('0052-PE-2002', 2)":null}}