{"Tipo de Proyecto":{"('0052-S-2002', 0)":"PROYECTO DE DECLARACI\u00d3N","('0052-S-2002', 1)":null,"('0052-S-2002', 2)":null,"('0052-S-2002', 3)":null,"('0052-S-2002', 4)":null,"('0052-S-2002', 5)":null,"('0052-S-2002', 6)":null,"('0052-S-2002', 7)":null},"Iniciado en: ":{"('0052-S-2002', 0)":"Senado","('0052-S-2002', 1)":null,"('0052-S-2002', 2)":null,"('0052-S-2002', 3)":null,"('0052-S-2002', 4)":null,"('0052-S-2002', 5)":null,"('0052-S-2002', 6)":null,"('0052-S-2002', 7)":null},"Expediente Senado: ":{"('0052-S-2002', 0)":"0052-S-2002","('0052-S-2002', 1)":null,"('0052-S-2002', 2)":null,"('0052-S-2002', 3)":null,"('0052-S-2002', 4)":null,"('0052-S-2002', 5)":null,"('0052-S-2002', 6)":null,"('0052-S-2002', 7)":null},"Publicado en: ":{"('0052-S-2002', 0)":"Diario de Asuntos Entrados N\u00b0 12","('0052-S-2002', 1)":null,"('0052-S-2002', 2)":null,"('0052-S-2002', 3)":null,"('0052-S-2002', 4)":null,"('0052-S-2002', 5)":null,"('0052-S-2002', 6)":null,"('0052-S-2002', 7)":null},"Fecha: ":{"('0052-S-2002', 0)":"06\/03\/2002","('0052-S-2002', 1)":null,"('0052-S-2002', 2)":null,"('0052-S-2002', 3)":null,"('0052-S-2002', 4)":null,"('0052-S-2002', 5)":null,"('0052-S-2002', 6)":null,"('0052-S-2002', 7)":null},"T\u00edtulo":{"('0052-S-2002', 0)":"\"PROYECTO SIGMA\" EMPRENDIDO POR EL CENTRO ATOMICO BARILOCHE.","('0052-S-2002', 1)":null,"('0052-S-2002', 2)":null,"('0052-S-2002', 3)":null,"('0052-S-2002', 4)":null,"('0052-S-2002', 5)":null,"('0052-S-2002', 6)":null,"('0052-S-2002', 7)":null},"('Firmantes', 'FIRMANTE')":{"('0052-S-2002', 0)":"BRIZUELA DEL MORAL, EDUARDO SEGUNDO","('0052-S-2002', 1)":"MAESTRO, CARLOS","('0052-S-2002', 2)":"AGUNDEZ, JORGE ALFREDO","('0052-S-2002', 3)":"ALFONSIN, RAUL RICARDO","('0052-S-2002', 4)":"LOSADA, MARIO A.","('0052-S-2002', 5)":"FALCO, LUIS ALBERTO","('0052-S-2002', 6)":"USANDIZAGA, HORACIO DANIEL","('0052-S-2002', 7)":"MORALES, GERARDO RUBEN"},"('Firmantes', 'DISTRITO')":{"('0052-S-2002', 0)":"CATAMARCA","('0052-S-2002', 1)":"CHUBUT","('0052-S-2002', 2)":"SAN LUIS","('0052-S-2002', 3)":"BUENOS AIRES","('0052-S-2002', 4)":"MISIONES","('0052-S-2002', 5)":"RIO NEGRO","('0052-S-2002', 6)":"SANTA FE","('0052-S-2002', 7)":"JUJUY"},"('Firmantes', 'BLOQUE')":{"('0052-S-2002', 0)":"FRENTE CIVICO Y SOCIAL DE CATAMARCA","('0052-S-2002', 1)":"UCR","('0052-S-2002', 2)":"UCR","('0052-S-2002', 3)":"UCR","('0052-S-2002', 4)":"UCR","('0052-S-2002', 5)":"UCR","('0052-S-2002', 6)":"UCR","('0052-S-2002', 7)":"UCR"},"('Tramites', 'C\u00c1MARA')":{"('0052-S-2002', 0)":"Senado","('0052-S-2002', 1)":null,"('0052-S-2002', 2)":null,"('0052-S-2002', 3)":null,"('0052-S-2002', 4)":null,"('0052-S-2002', 5)":null,"('0052-S-2002', 6)":null,"('0052-S-2002', 7)":null},"('Tramites', 'MOVIMIENTO')":{"('0052-S-2002', 0)":"CONSIDERACION Y APROBACION","('0052-S-2002', 1)":null,"('0052-S-2002', 2)":null,"('0052-S-2002', 3)":null,"('0052-S-2002', 4)":null,"('0052-S-2002', 5)":null,"('0052-S-2002', 6)":null,"('0052-S-2002', 7)":null},"('Tramites', 'FECHA')":{"('0052-S-2002', 0)":"08\/05\/2002","('0052-S-2002', 1)":null,"('0052-S-2002', 2)":null,"('0052-S-2002', 3)":null,"('0052-S-2002', 4)":null,"('0052-S-2002', 5)":null,"('0052-S-2002', 6)":null,"('0052-S-2002', 7)":null},"('Tramites', 'RESULTADO')":{"('0052-S-2002', 0)":"APROBADO","('0052-S-2002', 1)":null,"('0052-S-2002', 2)":null,"('0052-S-2002', 3)":null,"('0052-S-2002', 4)":null,"('0052-S-2002', 5)":null,"('0052-S-2002', 6)":null,"('0052-S-2002', 7)":null},"Sumario":{"('0052-S-2002', 0)":"DECLARACION DE INTERES PARLAMENTARIO.","('0052-S-2002', 1)":null,"('0052-S-2002', 2)":null,"('0052-S-2002', 3)":null,"('0052-S-2002', 4)":null,"('0052-S-2002', 5)":null,"('0052-S-2002', 6)":null,"('0052-S-2002', 7)":null},"Palabra Clave":{"('0052-S-2002', 0)":" ","('0052-S-2002', 1)":null,"('0052-S-2002', 2)":null,"('0052-S-2002', 3)":null,"('0052-S-2002', 4)":null,"('0052-S-2002', 5)":null,"('0052-S-2002', 6)":null,"('0052-S-2002', 7)":null}}