{"Tipo de Proyecto":{"('0053-PE-2002', 0)":"MENSAJE NRO: 1048\/02","('0053-PE-2002', 1)":null,"('0053-PE-2002', 2)":null},"Iniciado en: ":{"('0053-PE-2002', 0)":"Diputados","('0053-PE-2002', 1)":null,"('0053-PE-2002', 2)":null},"Expediente Diputados: ":{"('0053-PE-2002', 0)":"0053-PE-2002","('0053-PE-2002', 1)":null,"('0053-PE-2002', 2)":null},"Publicado en: ":{"('0053-PE-2002', 0)":"Tr\u00e1mite Parlamentario N\u00b0 74","('0053-PE-2002', 1)":null,"('0053-PE-2002', 2)":null},"Fecha: ":{"('0053-PE-2002', 0)":"19\/06\/2002","('0053-PE-2002', 1)":null,"('0053-PE-2002', 2)":null},"T\u00edtulo":{"('0053-PE-2002', 0)":"DECRETO 1047\/02, SOBRE PRORROGAR POR EL TERMINO DE SESENTA (60) DIAS EL PLAZO DE PRESENTACION DE LA CUENTA DE INVERSION DEL EJERCICIO 2001.","('0053-PE-2002', 1)":null,"('0053-PE-2002', 2)":null},"('Firmantes', 'FIRMANTE')":{"('0053-PE-2002', 0)":"DUHALDE, EDUARDO ALBERTO","('0053-PE-2002', 1)":"ATANASOF, ALFREDO NESTOR","('0053-PE-2002', 2)":"LAVAGNA, ROBERTO"},"('Firmantes', 'DISTRITO')":{"('0053-PE-2002', 0)":null,"('0053-PE-2002', 1)":null,"('0053-PE-2002', 2)":null},"('Firmantes', 'BLOQUE')":{"('0053-PE-2002', 0)":"PODER EJECUTIVO","('0053-PE-2002', 1)":"PODER EJECUTIVO","('0053-PE-2002', 2)":"PODER EJECUTIVO"},"('Giros', 'COMISI\u00d3N')":{"('0053-PE-2002', 0)":"PRESUPUESTO Y HACIENDA","('0053-PE-2002', 1)":"BICAMERAL PERMANENTE DE TRAMITE LEGISLATIVO - LEY 26122","('0053-PE-2002', 2)":null},"Sumario":{"('0053-PE-2002', 0)":"ACOMPA\u00d1ASE COPIA AUTENTICADA DE LA CITADA NORMA COMUNICANDO EL DICTADO DE LA MISMA.","('0053-PE-2002', 1)":null,"('0053-PE-2002', 2)":null},"Palabra Clave":{"('0053-PE-2002', 0)":" ","('0053-PE-2002', 1)":null,"('0053-PE-2002', 2)":null}}