{"Tipo de Proyecto":{"('0053-S-2002', 0)":"MENSAJE NRO: 0772\/02 Y PROYECTO DE LEY","('0053-S-2002', 1)":null,"('0053-S-2002', 2)":null},"Iniciado en: ":{"('0053-S-2002', 0)":"Senado","('0053-S-2002', 1)":null,"('0053-S-2002', 2)":null},"Expediente Diputados: ":{"('0053-S-2002', 0)":"0053-S-2002","('0053-S-2002', 1)":null,"('0053-S-2002', 2)":null},"Expediente Senado: ":{"('0053-S-2002', 0)":"0121-PE-2002","('0053-S-2002', 1)":null,"('0053-S-2002', 2)":null},"Publicado en: ":{"('0053-S-2002', 0)":"Diario de Asuntos Entrados N\u00b0 82","('0053-S-2002', 1)":null,"('0053-S-2002', 2)":null},"Fecha: ":{"('0053-S-2002', 0)":"08\/05\/2002","('0053-S-2002', 1)":null,"('0053-S-2002', 2)":null},"T\u00edtulo":{"('0053-S-2002', 0)":"APROBACION DEL TRATADO ENTRE LA REPUBLICA ARGENTINA Y LA REPUBLICA POPULAR CHINA SOBRE ASISTENCIA JUDICIAL EN MATERIA CIVIL Y COMERCIAL, SUSCRIPTO EN BUENOS AIRES EL 9 DE ABRIL DE 2001.","('0053-S-2002', 1)":null,"('0053-S-2002', 2)":null},"('Firmantes', 'FIRMANTE')":{"('0053-S-2002', 0)":"DUHALDE, EDUARDO ALBERTO","('0053-S-2002', 1)":"ATANASOF, ALFREDO NESTOR","('0053-S-2002', 2)":"RUCKAUF, CARLOS FEDERICO"},"('Firmantes', 'DISTRITO')":{"('0053-S-2002', 0)":null,"('0053-S-2002', 1)":null,"('0053-S-2002', 2)":null},"('Firmantes', 'BLOQUE')":{"('0053-S-2002', 0)":"PODER EJECUTIVO","('0053-S-2002', 1)":"PODER EJECUTIVO","('0053-S-2002', 2)":"PODER EJECUTIVO"},"('Giros', 'COMISI\u00d3N')":{"('0053-S-2002', 0)":"RELACIONES EXTERIORES Y CULTO","('0053-S-2002', 1)":"JUSTICIA","('0053-S-2002', 2)":null},"('Tramites', 'C\u00c1MARA')":{"('0053-S-2002', 0)":"Senado","('0053-S-2002', 1)":"Diputados","('0053-S-2002', 2)":"Diputados"},"('Tramites', 'MOVIMIENTO')":{"('0053-S-2002', 0)":"CONSIDERACION Y APROBACION","('0053-S-2002', 1)":"PASA A DIPUTADOS - (TP 108)","('0053-S-2002', 2)":"CONSIDERACION Y SANCION"},"('Tramites', 'FECHA')":{"('0053-S-2002', 0)":"01\/08\/2002","('0053-S-2002', 1)":null,"('0053-S-2002', 2)":"16\/03\/2011"},"('Tramites', 'RESULTADO')":{"('0053-S-2002', 0)":"MEDIA SANCION","('0053-S-2002', 1)":null,"('0053-S-2002', 2)":"SANCIONADO"},"Sumario":{"('0053-S-2002', 0)":"ACOMPA\u00d1A COPIA AUTENTICADA DEL MISMO.","('0053-S-2002', 1)":null,"('0053-S-2002', 2)":null},"Palabra Clave":{"('0053-S-2002', 0)":" ","('0053-S-2002', 1)":null,"('0053-S-2002', 2)":null}}