{"Tipo de Proyecto":{"('0054-PE-2002', 0)":"MENSAJE NRO: 1041\/02","('0054-PE-2002', 1)":null,"('0054-PE-2002', 2)":null},"Iniciado en: ":{"('0054-PE-2002', 0)":"Diputados","('0054-PE-2002', 1)":null,"('0054-PE-2002', 2)":null},"Expediente Diputados: ":{"('0054-PE-2002', 0)":"0054-PE-2002","('0054-PE-2002', 1)":null,"('0054-PE-2002', 2)":null},"Publicado en: ":{"('0054-PE-2002', 0)":"Tr\u00e1mite Parlamentario N\u00b0 74","('0054-PE-2002', 1)":null,"('0054-PE-2002', 2)":null},"Fecha: ":{"('0054-PE-2002', 0)":"19\/06\/2002","('0054-PE-2002', 1)":null,"('0054-PE-2002', 2)":null},"T\u00edtulo":{"('0054-PE-2002', 0)":"DICTADO DEL DECRETO 1040\/02, POR EL CUAL SE DESIGNA AL SECRETARIO Y COORDINADOR GENERAL DE LA COMISION DE RENEGOCIACION DE CONTRATOS DE OBRAS Y SERVICIOS PUBLICOS DEL MINISTERIO DE ECONOMIA.","('0054-PE-2002', 1)":null,"('0054-PE-2002', 2)":null},"('Firmantes', 'FIRMANTE')":{"('0054-PE-2002', 0)":"DUHALDE, EDUARDO ALBERTO","('0054-PE-2002', 1)":"ATANASOF, ALFREDO NESTOR","('0054-PE-2002', 2)":"LAVAGNA, ROBERTO"},"('Firmantes', 'DISTRITO')":{"('0054-PE-2002', 0)":null,"('0054-PE-2002', 1)":null,"('0054-PE-2002', 2)":null},"('Firmantes', 'BLOQUE')":{"('0054-PE-2002', 0)":"PODER EJECUTIVO","('0054-PE-2002', 1)":"PODER EJECUTIVO","('0054-PE-2002', 2)":"PODER EJECUTIVO"},"('Giros', 'COMISI\u00d3N')":{"('0054-PE-2002', 0)":"BICAMERAL DE SEGUIMIENTO DE FACULTADES DELEGADAS AL PODER EJECUTIVO NACIONAL - LEY 25561","('0054-PE-2002', 1)":null,"('0054-PE-2002', 2)":null},"Sumario":{"('0054-PE-2002', 0)":"ACOMPA\u00d1ASE COPIA AUTENTICADA DE LA CITADA NORMA COMUNICANDO EL DICTADO DE LA MISMA.","('0054-PE-2002', 1)":null,"('0054-PE-2002', 2)":null},"Palabra Clave":{"('0054-PE-2002', 0)":" ","('0054-PE-2002', 1)":null,"('0054-PE-2002', 2)":null}}