{"Tipo de Proyecto":{"('0057-S-2002', 0)":"MENSAJE NRO: 0716\/02 Y PROYECTO DE LEY","('0057-S-2002', 1)":null,"('0057-S-2002', 2)":null,"('0057-S-2002', 3)":null},"Iniciado en: ":{"('0057-S-2002', 0)":"Senado","('0057-S-2002', 1)":null,"('0057-S-2002', 2)":null,"('0057-S-2002', 3)":null},"Expediente Diputados: ":{"('0057-S-2002', 0)":"0057-S-2002","('0057-S-2002', 1)":null,"('0057-S-2002', 2)":null,"('0057-S-2002', 3)":null},"Expediente Senado: ":{"('0057-S-2002', 0)":"0117-PE-2002","('0057-S-2002', 1)":null,"('0057-S-2002', 2)":null,"('0057-S-2002', 3)":null},"Publicado en: ":{"('0057-S-2002', 0)":"Diario de Asuntos Entrados N\u00b0 78","('0057-S-2002', 1)":null,"('0057-S-2002', 2)":null,"('0057-S-2002', 3)":null},"Fecha: ":{"('0057-S-2002', 0)":"03\/05\/2002","('0057-S-2002', 1)":null,"('0057-S-2002', 2)":null,"('0057-S-2002', 3)":null},"T\u00edtulo":{"('0057-S-2002', 0)":"CONVENIO INTERNACIONAL PARA LA REPRESION DE LA FINANCIACION DEL TERRORISMO, ADOPTADO POR LA ASAMBLEA GENERAL DE LAS NACIONES UNIDAS EL 09\/12\/1999.","('0057-S-2002', 1)":null,"('0057-S-2002', 2)":null,"('0057-S-2002', 3)":null},"('Firmantes', 'FIRMANTE')":{"('0057-S-2002', 0)":"DUHALDE, EDUARDO ALBERTO","('0057-S-2002', 1)":"CAPITANICH, JORGE","('0057-S-2002', 2)":"RUCKAUF, CARLOS FEDERICO","('0057-S-2002', 3)":null},"('Firmantes', 'DISTRITO')":{"('0057-S-2002', 0)":null,"('0057-S-2002', 1)":null,"('0057-S-2002', 2)":null,"('0057-S-2002', 3)":null},"('Firmantes', 'BLOQUE')":{"('0057-S-2002', 0)":"PODER EJECUTIVO","('0057-S-2002', 1)":"PODER EJECUTIVO","('0057-S-2002', 2)":"PODER EJECUTIVO","('0057-S-2002', 3)":null},"('Giros', 'COMISI\u00d3N')":{"('0057-S-2002', 0)":"RELACIONES EXTERIORES Y CULTO","('0057-S-2002', 1)":"LEGISLACION PENAL","('0057-S-2002', 2)":"DERECHOS HUMANOS Y GARANTIAS","('0057-S-2002', 3)":null},"('Tramites', 'C\u00c1MARA')":{"('0057-S-2002', 0)":"Senado","('0057-S-2002', 1)":"Diputados","('0057-S-2002', 2)":"Diputados","('0057-S-2002', 3)":"Diputados"},"('Tramites', 'MOVIMIENTO')":{"('0057-S-2002', 0)":"CONSIDERACION Y APROBACION","('0057-S-2002', 1)":"PASA A DIPUTADOS - (TP 108)","('0057-S-2002', 2)":"CONSIDERACION","('0057-S-2002', 3)":"CONTINUA CONSIDERACION Y SANCION (VOTACION NOMINAL)"},"('Tramites', 'FECHA')":{"('0057-S-2002', 0)":"01\/08\/2002","('0057-S-2002', 1)":null,"('0057-S-2002', 2)":"16\/03\/2005","('0057-S-2002', 3)":"30\/03\/2005"},"('Tramites', 'RESULTADO')":{"('0057-S-2002', 0)":"MEDIA SANCION","('0057-S-2002', 1)":null,"('0057-S-2002', 2)":null,"('0057-S-2002', 3)":"SANCIONADO"},"Sumario":{"('0057-S-2002', 0)":"APROBACION.","('0057-S-2002', 1)":null,"('0057-S-2002', 2)":null,"('0057-S-2002', 3)":null},"Palabra Clave":{"('0057-S-2002', 0)":" ","('0057-S-2002', 1)":null,"('0057-S-2002', 2)":null,"('0057-S-2002', 3)":null}}