{"Tipo de Proyecto":{"('0058-S-2002', 0)":"MENSAJE NRO: 0646\/02 Y PROYECTO DE LEY","('0058-S-2002', 1)":null,"('0058-S-2002', 2)":null},"Iniciado en: ":{"('0058-S-2002', 0)":"Senado","('0058-S-2002', 1)":null,"('0058-S-2002', 2)":null},"Expediente Diputados: ":{"('0058-S-2002', 0)":"0058-S-2002","('0058-S-2002', 1)":null,"('0058-S-2002', 2)":null},"Expediente Senado: ":{"('0058-S-2002', 0)":"0096-PE-2002","('0058-S-2002', 1)":null,"('0058-S-2002', 2)":null},"Publicado en: ":{"('0058-S-2002', 0)":"Diario de Asuntos Entrados N\u00b0 67","('0058-S-2002', 1)":null,"('0058-S-2002', 2)":null},"Fecha: ":{"('0058-S-2002', 0)":"23\/04\/2002","('0058-S-2002', 1)":null,"('0058-S-2002', 2)":null},"T\u00edtulo":{"('0058-S-2002', 0)":"ACUERDO DE COOPERACION ECONOMICA Y COMERCIAL ENTRE EL GOBIERNO DE LA REPUBLICA ARGENTINA Y EL GOBIERNO DE GRANADA, SUSCRIPTO EN BUENOS AIRES EL 26 DE JUNIO DE 2001.","('0058-S-2002', 1)":null,"('0058-S-2002', 2)":null},"('Firmantes', 'FIRMANTE')":{"('0058-S-2002', 0)":"DUHALDE, EDUARDO ALBERTO","('0058-S-2002', 1)":"CAPITANICH, JORGE","('0058-S-2002', 2)":"RUCKAUF, CARLOS FEDERICO"},"('Firmantes', 'DISTRITO')":{"('0058-S-2002', 0)":null,"('0058-S-2002', 1)":null,"('0058-S-2002', 2)":null},"('Firmantes', 'BLOQUE')":{"('0058-S-2002', 0)":"PODER EJECUTIVO","('0058-S-2002', 1)":"PODER EJECUTIVO","('0058-S-2002', 2)":"PODER EJECUTIVO"},"('Giros', 'COMISI\u00d3N')":{"('0058-S-2002', 0)":"RELACIONES EXTERIORES Y CULTO","('0058-S-2002', 1)":"ECONOMIA","('0058-S-2002', 2)":null},"('Tramites', 'C\u00c1MARA')":{"('0058-S-2002', 0)":"Senado","('0058-S-2002', 1)":"Diputados","('0058-S-2002', 2)":"Diputados"},"('Tramites', 'MOVIMIENTO')":{"('0058-S-2002', 0)":"CONSIDERACION Y APROBACION","('0058-S-2002', 1)":"PASA A DIPUTADOS - (TP 108)","('0058-S-2002', 2)":"CONSIDERACION Y SANCION"},"('Tramites', 'FECHA')":{"('0058-S-2002', 0)":"01\/08\/2002","('0058-S-2002', 1)":null,"('0058-S-2002', 2)":"28\/11\/2002"},"('Tramites', 'RESULTADO')":{"('0058-S-2002', 0)":"MEDIA SANCION","('0058-S-2002', 1)":null,"('0058-S-2002', 2)":"SANCIONADO"},"Sumario":{"('0058-S-2002', 0)":"APROBACION DEL MISMO.","('0058-S-2002', 1)":null,"('0058-S-2002', 2)":null},"Palabra Clave":{"('0058-S-2002', 0)":" ","('0058-S-2002', 1)":null,"('0058-S-2002', 2)":null}}