{"Tipo de Proyecto":{"('0059-PE-2002', 0)":"MENSAJE NRO: 1095\/02","('0059-PE-2002', 1)":null,"('0059-PE-2002', 2)":null},"Iniciado en: ":{"('0059-PE-2002', 0)":"Diputados","('0059-PE-2002', 1)":null,"('0059-PE-2002', 2)":null},"Expediente Diputados: ":{"('0059-PE-2002', 0)":"0059-PE-2002","('0059-PE-2002', 1)":null,"('0059-PE-2002', 2)":null},"Publicado en: ":{"('0059-PE-2002', 0)":"Tr\u00e1mite Parlamentario N\u00b0 81","('0059-PE-2002', 1)":null,"('0059-PE-2002', 2)":null},"Fecha: ":{"('0059-PE-2002', 0)":"28\/06\/2002","('0059-PE-2002', 1)":null,"('0059-PE-2002', 2)":null},"T\u00edtulo":{"('0059-PE-2002', 0)":"DECRETO 1094\/02 (SUSTITUCION DEL ARTICULO 5 DE LA LEY 21453, DE REGULACION DE LA EXPORTACION DE PRODUCTOS DE ORIGEN AGRICOLA, SOBRE EL INGRESO DE LOS DERECHOS Y DEMAS TRIBUTOS QUE GRAVAREN A LAS EXPORTACIONES AGRICOLAS REGISTRADAS).","('0059-PE-2002', 1)":null,"('0059-PE-2002', 2)":null},"('Firmantes', 'FIRMANTE')":{"('0059-PE-2002', 0)":"DUHALDE, EDUARDO ALBERTO","('0059-PE-2002', 1)":"LAVAGNA, ROBERTO","('0059-PE-2002', 2)":"ATANASOF, ALFREDO NESTOR"},"('Firmantes', 'DISTRITO')":{"('0059-PE-2002', 0)":null,"('0059-PE-2002', 1)":null,"('0059-PE-2002', 2)":null},"('Firmantes', 'BLOQUE')":{"('0059-PE-2002', 0)":"PODER EJECUTIVO","('0059-PE-2002', 1)":"PODER EJECUTIVO","('0059-PE-2002', 2)":"PODER EJECUTIVO"},"('Giros', 'COMISI\u00d3N')":{"('0059-PE-2002', 0)":"AGRICULTURA Y GANADERIA","('0059-PE-2002', 1)":"COMERCIO","('0059-PE-2002', 2)":"PRESUPUESTO Y HACIENDA"},"Sumario":{"('0059-PE-2002', 0)":"COMUNICACION DEL DICTADO DEL MISMO.","('0059-PE-2002', 1)":null,"('0059-PE-2002', 2)":null},"Palabra Clave":{"('0059-PE-2002', 0)":" ","('0059-PE-2002', 1)":null,"('0059-PE-2002', 2)":null}}