{"Tipo de Proyecto":{"('0059-D-2002', 0)":"PROYECTO DE LEY","('0059-D-2002', 1)":null,"('0059-D-2002', 2)":null},"Iniciado en: ":{"('0059-D-2002', 0)":"Diputados","('0059-D-2002', 1)":null,"('0059-D-2002', 2)":null},"Expediente Diputados: ":{"('0059-D-2002', 0)":"0059-D-2002","('0059-D-2002', 1)":null,"('0059-D-2002', 2)":null},"Publicado en: ":{"('0059-D-2002', 0)":"Tr\u00e1mite Parlamentario N\u00b0 2","('0059-D-2002', 1)":null,"('0059-D-2002', 2)":null},"Fecha: ":{"('0059-D-2002', 0)":"04\/03\/2002","('0059-D-2002', 1)":null,"('0059-D-2002', 2)":null},"T\u00edtulo":{"('0059-D-2002', 0)":"APLICACION DE DERECHOS EXTRAORDINARIOS A LAS EXPORTACIONES.","('0059-D-2002', 1)":null,"('0059-D-2002', 2)":null},"('Firmantes', 'FIRMANTE')":{"('0059-D-2002', 0)":"FONTDEVILA, PABLO ANTONIO","('0059-D-2002', 1)":null,"('0059-D-2002', 2)":null},"('Firmantes', 'DISTRITO')":{"('0059-D-2002', 0)":"BUENOS AIRES","('0059-D-2002', 1)":null,"('0059-D-2002', 2)":null},"('Firmantes', 'BLOQUE')":{"('0059-D-2002', 0)":"JUSTICIALISTA","('0059-D-2002', 1)":null,"('0059-D-2002', 2)":null},"('Giros', 'COMISI\u00d3N')":{"('0059-D-2002', 0)":"COMERCIO","('0059-D-2002', 1)":"FINANZAS","('0059-D-2002', 2)":"PRESUPUESTO Y HACIENDA"},"Sumario":{"('0059-D-2002', 0)":"DERECHO EXTRAORDINARIO A LAS EXPORTACIONES DE HASTA UN DIEZ POR CIENTO POR EL PLAZO DE UN A\u00d1O, DISMINUCION AUTOMATICA AL CINCO POR CIENTO POR EL PLAZO DE UN A\u00d1O HASTA FINALIZAR EL PERIODO CON UNA TASA DEL CERO POR CIENTO; FACULTAR AL PODER EJECUTIVO NACIONAL A COMPENSAR CON LOS RECURSOS DISPUESTOS EN EL ARTICULO 1, LOS BENEFICIOS ESTABLECIDOS POR EL ARTICULO 43 DE LA LEY 23349 DE IMPUESTO AL VALOR AGREGADO, Y QUE A LA FECHA DE ENTRADA EN VIGENCIA DE LA PRESENTE LEY NO HUBIESEN SIDO LIQUIDADOS; MODIFICACION DEL ARTICULO 6 DE LA LEY 25561 DE EMERGENCIA PUBLICA Y REFORMA DEL REGIMEN CAMBIARIO (REESTRUCTURACION DE LAS DEUDAS CON EL SECTOR FINANCIERO, ESTABLECIENDO LA RELACION DE CAMBIO UN PESO ($1) = UN DOLAR (U$S 1), SOLO EN DEUDAS CON EL SISTEMA FINANCIERO CUYO IMPORTE EN ORIGEN NO FUESE SUPERIOR A DOLARES CIEN MIL (U$S 100000) CON RELACION A CREDITOS HIPOTECARIOS DESTINADOS A LA ADQUISICION DE VIVIENDA, A LA CONSTRUCCION, REFACCION Y\/O AMPLIACION DE VIVIENDA, CREDITOS PERSONALES, CREDITOS PRENDARIOS PARA LA ADQUISICION DE AUTOMOTORES Y CREDITOS DE PERSONAS FISICAS O JURIDICAS QUE CUMPLAN CON LOS REQUISITOS DE MICRO, PEQUE\u00d1A Y MEDIANA EMPRESA (MIPYME); VIGENCIA.","('0059-D-2002', 1)":null,"('0059-D-2002', 2)":null},"Palabra Clave":{"('0059-D-2002', 0)":" ","('0059-D-2002', 1)":null,"('0059-D-2002', 2)":null}}