{"Tipo de Proyecto":{"('0060-OV-2002', 0)":"PROYECTO DE RESOLUCI\u00d3N"},"Iniciado en: ":{"('0060-OV-2002', 0)":"Senado"},"Expediente Senado: ":{"('0060-OV-2002', 0)":"0060-OV-2002"},"Fecha: ":{"('0060-OV-2002', 0)":"30\/09\/2003"},"T\u00edtulo":{"('0060-OV-2002', 0)":"DOCUMENTACION REMITIDA POR LA AUDITORIA GENERAL DE LA NACION SOBRE LOS ESTADOS CONTABLES AL 31 DE DICIEMBRE DE 2000 Y 31 DE DICIEMBRE DE 2001 (0060-OV-02); DOCUMENTACION FALTANTE (0143-OV-02); ESTADOS CONTABLES AL 31 DE DICIEMBRE DE 2002 (0160-OV-03); Y DOCUMENTACION FALTANTE (0192-OV-03), TODO EN EL AMBITO DE LA EMPRESA DE CARGAS AEREAS DEL ATLANTICO SUD SOCIEDAD ANONIMA."},"('Firmantes', 'FIRMANTE')":{"('0060-OV-2002', 0)":"PARLAMENTARIA MIXTA REVISORA DE CUENTAS"},"('Firmantes', 'DISTRITO')":{"('0060-OV-2002', 0)":null},"('Firmantes', 'BLOQUE')":{"('0060-OV-2002', 0)":null},"('Tramites', 'C\u00c1MARA')":{"('0060-OV-2002', 0)":"Senado"},"('Tramites', 'MOVIMIENTO')":{"('0060-OV-2002', 0)":"CONSIDERACION Y APROBACION (AL ARCHIVO)"},"('Tramites', 'FECHA')":{"('0060-OV-2002', 0)":"15\/10\/2003"},"('Tramites', 'RESULTADO')":{"('0060-OV-2002', 0)":"ARCHIVADO"},"Sumario":{"('0060-OV-2002', 0)":"HABIENDO TOMADO CONOCIMIENTO, SE RECOMIENDA SU REMISION AL ARCHIVO."},"Palabra Clave":{"('0060-OV-2002', 0)":" "}}