{"Tipo de Proyecto":{"('0060-S-2002', 0)":"MENSAJE NRO: 0713\/02 Y PROYECTO DE LEY","('0060-S-2002', 1)":null,"('0060-S-2002', 2)":null,"('0060-S-2002', 3)":null},"Iniciado en: ":{"('0060-S-2002', 0)":"Senado","('0060-S-2002', 1)":null,"('0060-S-2002', 2)":null,"('0060-S-2002', 3)":null},"Expediente Diputados: ":{"('0060-S-2002', 0)":"0060-S-2002","('0060-S-2002', 1)":null,"('0060-S-2002', 2)":null,"('0060-S-2002', 3)":null},"Expediente Senado: ":{"('0060-S-2002', 0)":"0110-PE-2002","('0060-S-2002', 1)":null,"('0060-S-2002', 2)":null,"('0060-S-2002', 3)":null},"Publicado en: ":{"('0060-S-2002', 0)":"Diario de Asuntos Entrados N\u00b0 76","('0060-S-2002', 1)":null,"('0060-S-2002', 2)":null,"('0060-S-2002', 3)":null},"Fecha: ":{"('0060-S-2002', 0)":"02\/05\/2002","('0060-S-2002', 1)":null,"('0060-S-2002', 2)":null,"('0060-S-2002', 3)":null},"T\u00edtulo":{"('0060-S-2002', 0)":"APROBACION DEL PROTOCOLO DE OLIVOS PARA LA SOLUCION DE CONTROVERSIAS EN EL MERCOSUR, SUSCRIPTO EN OLIVOS, PROVINCIA DE BUENOS AIRES, EL 18 DE FEBRERO DE 2002.","('0060-S-2002', 1)":null,"('0060-S-2002', 2)":null,"('0060-S-2002', 3)":null},"('Firmantes', 'FIRMANTE')":{"('0060-S-2002', 0)":"DUHALDE, EDUARDO ALBERTO","('0060-S-2002', 1)":"CAPITANICH, JORGE","('0060-S-2002', 2)":"RUCKAUF, CARLOS FEDERICO","('0060-S-2002', 3)":null},"('Firmantes', 'DISTRITO')":{"('0060-S-2002', 0)":null,"('0060-S-2002', 1)":null,"('0060-S-2002', 2)":null,"('0060-S-2002', 3)":null},"('Firmantes', 'BLOQUE')":{"('0060-S-2002', 0)":"PODER EJECUTIVO","('0060-S-2002', 1)":"PODER EJECUTIVO","('0060-S-2002', 2)":"PODER EJECUTIVO","('0060-S-2002', 3)":null},"('Giros', 'COMISI\u00d3N')":{"('0060-S-2002', 0)":"RELACIONES EXTERIORES Y CULTO","('0060-S-2002', 1)":"MERCOSUR","('0060-S-2002', 2)":null,"('0060-S-2002', 3)":null},"('Tramites', 'C\u00c1MARA')":{"('0060-S-2002', 0)":"Senado","('0060-S-2002', 1)":"Senado","('0060-S-2002', 2)":"Diputados","('0060-S-2002', 3)":"Diputados"},"('Tramites', 'MOVIMIENTO')":{"('0060-S-2002', 0)":"AMPLIACION GIRO A LA COMISION DE INTEGRACION","('0060-S-2002', 1)":"CONSIDERACION Y APROBACION","('0060-S-2002', 2)":"PASA A DIPUTADOS - (TP 108)","('0060-S-2002', 3)":"CONSIDERACION Y SANCION"},"('Tramites', 'FECHA')":{"('0060-S-2002', 0)":"23\/05\/2002","('0060-S-2002', 1)":"01\/08\/2002","('0060-S-2002', 2)":null,"('0060-S-2002', 3)":"09\/10\/2002"},"('Tramites', 'RESULTADO')":{"('0060-S-2002', 0)":null,"('0060-S-2002', 1)":"MEDIA SANCION","('0060-S-2002', 2)":null,"('0060-S-2002', 3)":"SANCIONADO"},"Sumario":{"('0060-S-2002', 0)":"ACOMPA\u00d1A COPIA AUTENTICADA DEL MISMO.","('0060-S-2002', 1)":null,"('0060-S-2002', 2)":null,"('0060-S-2002', 3)":null},"Palabra Clave":{"('0060-S-2002', 0)":" ","('0060-S-2002', 1)":null,"('0060-S-2002', 2)":null,"('0060-S-2002', 3)":null}}