{"Tipo de Proyecto":{"('0060-PE-2002', 0)":"MENSAJE NRO: 1097\/02","('0060-PE-2002', 1)":null,"('0060-PE-2002', 2)":null},"Iniciado en: ":{"('0060-PE-2002', 0)":"Diputados","('0060-PE-2002', 1)":null,"('0060-PE-2002', 2)":null},"Expediente Diputados: ":{"('0060-PE-2002', 0)":"0060-PE-2002","('0060-PE-2002', 1)":null,"('0060-PE-2002', 2)":null},"Publicado en: ":{"('0060-PE-2002', 0)":"Tr\u00e1mite Parlamentario N\u00b0 81","('0060-PE-2002', 1)":null,"('0060-PE-2002', 2)":null},"Fecha: ":{"('0060-PE-2002', 0)":"28\/06\/2002","('0060-PE-2002', 1)":null,"('0060-PE-2002', 2)":null},"T\u00edtulo":{"('0060-PE-2002', 0)":"DECRETO 1096\/02 (EXCEPCION DE LO DISPUESTO EN LOS ARTICULOS 7 Y 10 DE LA LEY 23928 Y SUS MODIFICATORIAS, DE VALORES NEGOCIABLES QUE EMITA EL GOBIERNO NACIONAL Y EL BANCO CENTRAL DE LA REPUBLICA ARGENTINA).","('0060-PE-2002', 1)":null,"('0060-PE-2002', 2)":null},"('Firmantes', 'FIRMANTE')":{"('0060-PE-2002', 0)":"DUHALDE, EDUARDO ALBERTO","('0060-PE-2002', 1)":"ATANASOF, ALFREDO NESTOR","('0060-PE-2002', 2)":"LAVAGNA, ROBERTO"},"('Firmantes', 'DISTRITO')":{"('0060-PE-2002', 0)":null,"('0060-PE-2002', 1)":null,"('0060-PE-2002', 2)":null},"('Firmantes', 'BLOQUE')":{"('0060-PE-2002', 0)":"PODER EJECUTIVO","('0060-PE-2002', 1)":"PODER EJECUTIVO","('0060-PE-2002', 2)":"PODER EJECUTIVO"},"('Giros', 'COMISI\u00d3N')":{"('0060-PE-2002', 0)":"BICAMERAL DE SEGUIMIENTO DE FACULTADES DELEGADAS AL PODER EJECUTIVO NACIONAL - LEY 25561","('0060-PE-2002', 1)":null,"('0060-PE-2002', 2)":null},"Sumario":{"('0060-PE-2002', 0)":"COMUNICACION DEL DICTADO DEL MISMO.","('0060-PE-2002', 1)":null,"('0060-PE-2002', 2)":null},"Palabra Clave":{"('0060-PE-2002', 0)":" ","('0060-PE-2002', 1)":null,"('0060-PE-2002', 2)":null}}