{"Tipo de Proyecto":{"('0060-D-2002', 0)":"PROYECTO DE RESOLUCI\u00d3N","('0060-D-2002', 1)":null,"('0060-D-2002', 2)":null},"Iniciado en: ":{"('0060-D-2002', 0)":"Diputados","('0060-D-2002', 1)":null,"('0060-D-2002', 2)":null},"Expediente Diputados: ":{"('0060-D-2002', 0)":"0060-D-2002","('0060-D-2002', 1)":null,"('0060-D-2002', 2)":null},"Publicado en: ":{"('0060-D-2002', 0)":"Tr\u00e1mite Parlamentario N\u00b0 2","('0060-D-2002', 1)":null,"('0060-D-2002', 2)":null},"Fecha: ":{"('0060-D-2002', 0)":"04\/03\/2002","('0060-D-2002', 1)":null,"('0060-D-2002', 2)":null},"T\u00edtulo":{"('0060-D-2002', 0)":"CREACION EN EL AMBITO DE LA CAMARA DE DIPUTADOS, DE UNA COMISION ESPECIAL INVESTIGADORA DE LAS ACTIVIDADES DE LAS EMPRESAS TELEFONICAS ADJUDICATARIAS DE DICHO SERVICIO PUBLICO.","('0060-D-2002', 1)":null,"('0060-D-2002', 2)":null},"('Firmantes', 'FIRMANTE')":{"('0060-D-2002', 0)":"QUINTELA, RICARDO CLEMENTE","('0060-D-2002', 1)":null,"('0060-D-2002', 2)":null},"('Firmantes', 'DISTRITO')":{"('0060-D-2002', 0)":"LA RIOJA","('0060-D-2002', 1)":null,"('0060-D-2002', 2)":null},"('Firmantes', 'BLOQUE')":{"('0060-D-2002', 0)":"JUSTICIALISTA","('0060-D-2002', 1)":null,"('0060-D-2002', 2)":null},"('Giros', 'COMISI\u00d3N')":{"('0060-D-2002', 0)":"COMUNICACIONES E INFORMATICA","('0060-D-2002', 1)":"OBRAS PUBLICAS","('0060-D-2002', 2)":"PETICIONES, PODERES Y REGLAMENTO"},"Sumario":{"('0060-D-2002', 0)":"CREACION; INTEGRACION; OBJETIVOS; FACULTADES; INFORME.","('0060-D-2002', 1)":null,"('0060-D-2002', 2)":null},"Palabra Clave":{"('0060-D-2002', 0)":" ","('0060-D-2002', 1)":null,"('0060-D-2002', 2)":null}}