{"Tipo de Proyecto":{"('0061-PE-2002', 0)":"MENSAJE NRO: 1163\/02","('0061-PE-2002', 1)":null},"Iniciado en: ":{"('0061-PE-2002', 0)":"Diputados","('0061-PE-2002', 1)":null},"Expediente Diputados: ":{"('0061-PE-2002', 0)":"0061-PE-2002","('0061-PE-2002', 1)":null},"Expediente Senado: ":{"('0061-PE-2002', 0)":"0051-S-2006","('0061-PE-2002', 1)":null},"Publicado en: ":{"('0061-PE-2002', 0)":"Tr\u00e1mite Parlamentario N\u00b0 84","('0061-PE-2002', 1)":null},"Fecha: ":{"('0061-PE-2002', 0)":"03\/07\/2002","('0061-PE-2002', 1)":null},"T\u00edtulo":{"('0061-PE-2002', 0)":"DICTADO DEL DECRETO 1090\/2002, SOBRE RECLAMO POR INCUMPLIMIENTO DE LOS CONTRATOS DE OBRAS Y SERVICIOS PUBLICOS.","('0061-PE-2002', 1)":null},"('Firmantes', 'FIRMANTE')":{"('0061-PE-2002', 0)":"DUHALDE, EDUARDO ALBERTO","('0061-PE-2002', 1)":null},"('Firmantes', 'DISTRITO')":{"('0061-PE-2002', 0)":null,"('0061-PE-2002', 1)":null},"('Firmantes', 'BLOQUE')":{"('0061-PE-2002', 0)":"PODER EJECUTIVO","('0061-PE-2002', 1)":null},"('Giros', 'COMISI\u00d3N')":{"('0061-PE-2002', 0)":"BICAMERAL DE SEGUIMIENTO DE FACULTADES DELEGADAS AL PODER EJECUTIVO NACIONAL - LEY 25561","('0061-PE-2002', 1)":null},"('Tramites', 'C\u00c1MARA')":{"('0061-PE-2002', 0)":"Senado","('0061-PE-2002', 1)":"Diputados"},"('Tramites', 'MOVIMIENTO')":{"('0061-PE-2002', 0)":"CONSIDERACION Y APROBACION","('0061-PE-2002', 1)":"PASA A DIPUTADOS -"},"('Tramites', 'FECHA')":{"('0061-PE-2002', 0)":"10\/05\/2006","('0061-PE-2002', 1)":null},"('Tramites', 'RESULTADO')":{"('0061-PE-2002', 0)":"APROBADO","('0061-PE-2002', 1)":null},"Sumario":{"('0061-PE-2002', 0)":"COMUNICACION DEL MISMO.","('0061-PE-2002', 1)":null},"Palabra Clave":{"('0061-PE-2002', 0)":" ","('0061-PE-2002', 1)":null}}