{"Tipo de Proyecto":{"('0061-D-2002', 0)":"PROYECTO DE DECLARACI\u00d3N","('0061-D-2002', 1)":null,"('0061-D-2002', 2)":null},"Iniciado en: ":{"('0061-D-2002', 0)":"Diputados","('0061-D-2002', 1)":null,"('0061-D-2002', 2)":null},"Expediente Diputados: ":{"('0061-D-2002', 0)":"0061-D-2002","('0061-D-2002', 1)":null,"('0061-D-2002', 2)":null},"Publicado en: ":{"('0061-D-2002', 0)":"Tr\u00e1mite Parlamentario N\u00b0 2","('0061-D-2002', 1)":null,"('0061-D-2002', 2)":null},"Fecha: ":{"('0061-D-2002', 0)":"04\/03\/2002","('0061-D-2002', 1)":null,"('0061-D-2002', 2)":null},"T\u00edtulo":{"('0061-D-2002', 0)":"PARALIZACION DE LAS OBRAS VIALES EN EL PUENTE LUCAS CORDOBA SOBRE EL RIO SALI, RUTA NACIONAL 9, PROVINCIA DE TUCUMAN.","('0061-D-2002', 1)":null,"('0061-D-2002', 2)":null},"('Firmantes', 'FIRMANTE')":{"('0061-D-2002', 0)":"ALVAREZ, ROQUE TOBIAS","('0061-D-2002', 1)":"RIVAS, OLIJELA DEL VALLE","('0061-D-2002', 2)":"COUREL, CARLOS ALBERTO"},"('Firmantes', 'DISTRITO')":{"('0061-D-2002', 0)":"TUCUMAN","('0061-D-2002', 1)":"TUCUMAN","('0061-D-2002', 2)":"TUCUMAN"},"('Firmantes', 'BLOQUE')":{"('0061-D-2002', 0)":"JUSTICIALISTA","('0061-D-2002', 1)":"JUSTICIALISTA","('0061-D-2002', 2)":"UCR"},"('Giros', 'COMISI\u00d3N')":{"('0061-D-2002', 0)":"TRANSPORTES","('0061-D-2002', 1)":"OBRAS PUBLICAS","('0061-D-2002', 2)":null},"('Tramites', 'C\u00c1MARA')":{"('0061-D-2002', 0)":"Diputados","('0061-D-2002', 1)":null,"('0061-D-2002', 2)":null},"('Tramites', 'MOVIMIENTO')":{"('0061-D-2002', 0)":"CONSIDERACION Y APROBACION","('0061-D-2002', 1)":null,"('0061-D-2002', 2)":null},"('Tramites', 'FECHA')":{"('0061-D-2002', 0)":"12\/06\/2002","('0061-D-2002', 1)":null,"('0061-D-2002', 2)":null},"('Tramites', 'RESULTADO')":{"('0061-D-2002', 0)":"APROBADO","('0061-D-2002', 1)":null,"('0061-D-2002', 2)":null},"Sumario":{"('0061-D-2002', 0)":"EXPRESION DE PREOCUPACION.","('0061-D-2002', 1)":null,"('0061-D-2002', 2)":null},"Palabra Clave":{"('0061-D-2002', 0)":" ","('0061-D-2002', 1)":null,"('0061-D-2002', 2)":null}}