{"Tipo de Proyecto":{"('0063-D-2002', 0)":"PROYECTO DE DECLARACI\u00d3N"},"Iniciado en: ":{"('0063-D-2002', 0)":"Diputados"},"Expediente Diputados: ":{"('0063-D-2002', 0)":"0063-D-2002"},"Publicado en: ":{"('0063-D-2002', 0)":"Tr\u00e1mite Parlamentario N\u00b0 2"},"Fecha: ":{"('0063-D-2002', 0)":"04\/03\/2002"},"T\u00edtulo":{"('0063-D-2002', 0)":"SECUESTRO DE LA CANDIDATA PRESIDENCIAL DE COLOMBIA INGRID BETANCOURT, PERPETRADO POR LAS FUERZAS ARMADAS REVOLUCIONARIAS DE COLOMBIA (FARC)."},"('Firmantes', 'FIRMANTE')":{"('0063-D-2002', 0)":"FERNANDEZ VALONI, JOSE LUIS"},"('Firmantes', 'DISTRITO')":{"('0063-D-2002', 0)":"CIUDAD de BUENOS AIRES"},"('Firmantes', 'BLOQUE')":{"('0063-D-2002', 0)":"ACCION REPUBLICA"},"('Giros', 'COMISI\u00d3N')":{"('0063-D-2002', 0)":"RELACIONES EXTERIORES Y CULTO"},"('Tramites', 'C\u00c1MARA')":{"('0063-D-2002', 0)":"Diputados"},"('Tramites', 'MOVIMIENTO')":{"('0063-D-2002', 0)":"CONSIDERACION Y APROBACION"},"('Tramites', 'FECHA')":{"('0063-D-2002', 0)":"22\/05\/2002"},"('Tramites', 'RESULTADO')":{"('0063-D-2002', 0)":"APROBADO"},"Sumario":{"('0063-D-2002', 0)":"EXPRESION DE REPUDIO."},"Palabra Clave":{"('0063-D-2002', 0)":" "}}