{"Tipo de Proyecto":{"('0063-PE-2002', 0)":"MENSAJE NRO: 1214\/02","('0063-PE-2002', 1)":null,"('0063-PE-2002', 2)":null},"Iniciado en: ":{"('0063-PE-2002', 0)":"Diputados","('0063-PE-2002', 1)":null,"('0063-PE-2002', 2)":null},"Expediente Diputados: ":{"('0063-PE-2002', 0)":"0063-PE-2002","('0063-PE-2002', 1)":null,"('0063-PE-2002', 2)":null},"Publicado en: ":{"('0063-PE-2002', 0)":"Tr\u00e1mite Parlamentario N\u00b0 88","('0063-PE-2002', 1)":null,"('0063-PE-2002', 2)":null},"Fecha: ":{"('0063-PE-2002', 0)":"10\/07\/2002","('0063-PE-2002', 1)":null,"('0063-PE-2002', 2)":null},"T\u00edtulo":{"('0063-PE-2002', 0)":"COMUNICACION DEL DECRETO 1210\/02, POR EL CUAL SE SUSTITUYE LA DENOMINACION DEL MINISTERIO DE JUSTICIA Y DERECHOS HUMANOS POR LA DE MINISTERIO DE JUSTICIA, SEGURIDAD Y DERECHOS HUMANOS.","('0063-PE-2002', 1)":null,"('0063-PE-2002', 2)":null},"('Firmantes', 'FIRMANTE')":{"('0063-PE-2002', 0)":"DUHALDE, EDUARDO ALBERTO","('0063-PE-2002', 1)":"ATANASOF, ALFREDO NESTOR","('0063-PE-2002', 2)":"MATZKIN, JORGE RUBEN"},"('Firmantes', 'DISTRITO')":{"('0063-PE-2002', 0)":null,"('0063-PE-2002', 1)":null,"('0063-PE-2002', 2)":null},"('Firmantes', 'BLOQUE')":{"('0063-PE-2002', 0)":"PODER EJECUTIVO","('0063-PE-2002', 1)":"PODER EJECUTIVO","('0063-PE-2002', 2)":"PODER EJECUTIVO"},"('Giros', 'COMISI\u00d3N')":{"('0063-PE-2002', 0)":"BICAMERAL PERMANENTE DE TRAMITE LEGISLATIVO - LEY 26122","('0063-PE-2002', 1)":null,"('0063-PE-2002', 2)":null},"('Tramites', 'C\u00c1MARA')":{"('0063-PE-2002', 0)":"Diputados","('0063-PE-2002', 1)":"Diputados","('0063-PE-2002', 2)":null},"('Tramites', 'MOVIMIENTO')":{"('0063-PE-2002', 0)":"SOLICITUD DEL PRESIDENTE DE LA COMISION BICAMERAL PERMANENTE DE TRAMITE LEGISLATIVO (LEY 26122) DE REMISION DEL EXPEDIENTE PARA SU ANALISIS (A LA PRESIDENCIA)","('0063-PE-2002', 1)":"EXPEDIENTE ORIGINALMENTE GIRADO A LA COMISION DE ASUNTOS CONSTITUCIONALES; SE LO REMITE A LA COMISION BICAMERAL DE TRAMITE LEGISLATIVO (LEY 26122)","('0063-PE-2002', 2)":null},"('Tramites', 'FECHA')":{"('0063-PE-2002', 0)":"28\/03\/2007","('0063-PE-2002', 1)":null,"('0063-PE-2002', 2)":null},"('Tramites', 'RESULTADO')":{"('0063-PE-2002', 0)":null,"('0063-PE-2002', 1)":null,"('0063-PE-2002', 2)":null},"Palabra Clave":{"('0063-PE-2002', 0)":" ","('0063-PE-2002', 1)":null,"('0063-PE-2002', 2)":null}}