{"Tipo de Proyecto":{"('0064-D-2002', 0)":"PROYECTO DE DECLARACI\u00d3N"},"Iniciado en: ":{"('0064-D-2002', 0)":"Diputados"},"Expediente Diputados: ":{"('0064-D-2002', 0)":"0064-D-2002"},"Publicado en: ":{"('0064-D-2002', 0)":"Tr\u00e1mite Parlamentario N\u00b0 2"},"Fecha: ":{"('0064-D-2002', 0)":"04\/03\/2002"},"T\u00edtulo":{"('0064-D-2002', 0)":"HISTORICA DECISION DE LA CONFEDERACION HELVETICA (SUIZA) AL APROBAR MEDIANTE REFERENDUM EL 3 DE MARZO DE 2002 SU ADHESION A LA ORGANIZACION DE LAS NACIONES UNIDAS (ONU)."},"('Firmantes', 'FIRMANTE')":{"('0064-D-2002', 0)":"FERNANDEZ VALONI, JOSE LUIS"},"('Firmantes', 'DISTRITO')":{"('0064-D-2002', 0)":"CIUDAD de BUENOS AIRES"},"('Firmantes', 'BLOQUE')":{"('0064-D-2002', 0)":"ACCION REPUBLICA"},"('Giros', 'COMISI\u00d3N')":{"('0064-D-2002', 0)":"RELACIONES EXTERIORES Y CULTO"},"('Tramites', 'C\u00c1MARA')":{"('0064-D-2002', 0)":"Diputados"},"('Tramites', 'MOVIMIENTO')":{"('0064-D-2002', 0)":"CONSIDERACION Y APROBACION"},"('Tramites', 'FECHA')":{"('0064-D-2002', 0)":"22\/05\/2002"},"('Tramites', 'RESULTADO')":{"('0064-D-2002', 0)":"APROBADO"},"Sumario":{"('0064-D-2002', 0)":"EXPRESION DE BENEPLACITO."},"Palabra Clave":{"('0064-D-2002', 0)":" "}}