{"Tipo de Proyecto":{"('0065-D-2002', 0)":"PROYECTO DE DECLARACI\u00d3N","('0065-D-2002', 1)":null},"Iniciado en: ":{"('0065-D-2002', 0)":"Diputados","('0065-D-2002', 1)":null},"Expediente Diputados: ":{"('0065-D-2002', 0)":"0065-D-2002","('0065-D-2002', 1)":null},"Publicado en: ":{"('0065-D-2002', 0)":"Tr\u00e1mite Parlamentario N\u00b0 2","('0065-D-2002', 1)":null},"Fecha: ":{"('0065-D-2002', 0)":"04\/03\/2002","('0065-D-2002', 1)":null},"T\u00edtulo":{"('0065-D-2002', 0)":"PRESENTAR ANTE LA COMISION DE DERECHOS HUMANOS DE LAS NACIONES UNIDAS, UNA RESOLUCION CONDENANDO AL GOBIERNO CUBANO POR SU FALTA DE APERTURA DEMOCRATICA Y LA VIOLACION A LOS DERECHOS DE SUS CIUDADANOS.","('0065-D-2002', 1)":null},"('Firmantes', 'FIRMANTE')":{"('0065-D-2002', 0)":"CANTINI, GUILLERMO MARCELO","('0065-D-2002', 1)":"CASTELLANI, CARLOS ALBERTO"},"('Firmantes', 'DISTRITO')":{"('0065-D-2002', 0)":"CIUDAD de BUENOS AIRES","('0065-D-2002', 1)":"SANTA FE"},"('Firmantes', 'BLOQUE')":{"('0065-D-2002', 0)":"ACCION REPUBLICA","('0065-D-2002', 1)":"UCEDE"},"('Giros', 'COMISI\u00d3N')":{"('0065-D-2002', 0)":"RELACIONES EXTERIORES Y CULTO","('0065-D-2002', 1)":"DERECHOS HUMANOS Y GARANTIAS"},"('Tramites', 'C\u00c1MARA')":{"('0065-D-2002', 0)":"Diputados","('0065-D-2002', 1)":"Diputados"},"('Tramites', 'MOVIMIENTO')":{"('0065-D-2002', 0)":"SOLICITUD DE SER COFIRMANTE DEL DIPUTADO CASTELLANI ALBERTO (A SUS ANTECEDENTES)","('0065-D-2002', 1)":"SOLICITUD DE REPRODUCCION DEL PROYECTO PARA EL PERIODO 121 (2003), SEGUN LOS TERMINOS DEL ARTICULO 7 DE LA RESOLUCION DE LA HCD DEL 05\/06\/1996"},"('Tramites', 'FECHA')":{"('0065-D-2002', 0)":null,"('0065-D-2002', 1)":"12\/03\/2003"},"('Tramites', 'RESULTADO')":{"('0065-D-2002', 0)":null,"('0065-D-2002', 1)":null},"Sumario":{"('0065-D-2002', 0)":"SOLICITUD AL PODER EJECUTIVO NACIONAL.","('0065-D-2002', 1)":null},"Palabra Clave":{"('0065-D-2002', 0)":" ","('0065-D-2002', 1)":null}}