{"Tipo de Proyecto":{"('0065-PE-2002', 0)":"MENSAJE NRO: 1206\/02 Y PROYECTO DE LEY","('0065-PE-2002', 1)":null,"('0065-PE-2002', 2)":null},"Iniciado en: ":{"('0065-PE-2002', 0)":"Diputados","('0065-PE-2002', 1)":null,"('0065-PE-2002', 2)":null},"Expediente Diputados: ":{"('0065-PE-2002', 0)":"0065-PE-2002","('0065-PE-2002', 1)":null,"('0065-PE-2002', 2)":null},"Expediente Senado: ":{"('0065-PE-2002', 0)":"0017-CD-2003","('0065-PE-2002', 1)":null,"('0065-PE-2002', 2)":null},"Publicado en: ":{"('0065-PE-2002', 0)":"Tr\u00e1mite Parlamentario N\u00b0 90","('0065-PE-2002', 1)":null,"('0065-PE-2002', 2)":null},"Fecha: ":{"('0065-PE-2002', 0)":"12\/07\/2002","('0065-PE-2002', 1)":null,"('0065-PE-2002', 2)":null},"T\u00edtulo":{"('0065-PE-2002', 0)":"MODIFICACION DEL ARTICULO 2 DE LA LEY 23427, DE FONDO PARA EDUCACION Y PROMOCION COOPERATIVA, SOBRE LOS RECURSOS DEL MISMO.","('0065-PE-2002', 1)":null,"('0065-PE-2002', 2)":null},"('Firmantes', 'FIRMANTE')":{"('0065-PE-2002', 0)":"DUHALDE, EDUARDO ALBERTO","('0065-PE-2002', 1)":null,"('0065-PE-2002', 2)":null},"('Firmantes', 'DISTRITO')":{"('0065-PE-2002', 0)":null,"('0065-PE-2002', 1)":null,"('0065-PE-2002', 2)":null},"('Firmantes', 'BLOQUE')":{"('0065-PE-2002', 0)":"PODER EJECUTIVO","('0065-PE-2002', 1)":null,"('0065-PE-2002', 2)":null},"('Giros', 'COMISI\u00d3N')":{"('0065-PE-2002', 0)":"ASUNTOS COOPERATIVOS, MUTUALES Y DE ORG.NO GUBERNAMENTALES","('0065-PE-2002', 1)":"EDUCACION","('0065-PE-2002', 2)":"PRESUPUESTO Y HACIENDA"},"('Tramites', 'C\u00c1MARA')":{"('0065-PE-2002', 0)":"Diputados","('0065-PE-2002', 1)":"Senado","('0065-PE-2002', 2)":"Senado"},"('Tramites', 'MOVIMIENTO')":{"('0065-PE-2002', 0)":"CONSIDERACION Y APROBACION","('0065-PE-2002', 1)":"PASA A SENADO - (DAE 54)","('0065-PE-2002', 2)":"CONSIDERACION Y SANCION"},"('Tramites', 'FECHA')":{"('0065-PE-2002', 0)":"08\/05\/2003","('0065-PE-2002', 1)":null,"('0065-PE-2002', 2)":"15\/10\/2003"},"('Tramites', 'RESULTADO')":{"('0065-PE-2002', 0)":"MEDIA SANCION","('0065-PE-2002', 1)":null,"('0065-PE-2002', 2)":"SANCIONADO"},"Link":{"('0065-PE-2002', 0)":"https:\/\/www4.hcdn.gob.ar\/dependencias\/dsecretaria\/Periodo2002\/PDF2002\/TP2002\/0065-PE-02.pdf","('0065-PE-2002', 1)":null,"('0065-PE-2002', 2)":null},"Palabra Clave":{"('0065-PE-2002', 0)":" ","('0065-PE-2002', 1)":null,"('0065-PE-2002', 2)":null}}