{"Tipo de Proyecto":{"('0065-S-2002', 0)":"COMUNICACION"},"Iniciado en: ":{"('0065-S-2002', 0)":"Senado"},"Expediente Senado: ":{"('0065-S-2002', 0)":"0065-S-2002"},"Publicado en: ":{"('0065-S-2002', 0)":"Diario de Asuntos Entrados N\u00b0 13"},"Fecha: ":{"('0065-S-2002', 0)":"06\/03\/2002"},"T\u00edtulo":{"('0065-S-2002', 0)":"EVITAR LA PROPAGACION DE LA EPIDEMIA DE DENGUE VERIFICADA EN RIO DE JANEIRO , BRASIL."},"('Firmantes', 'FIRMANTE')":{"('0065-S-2002', 0)":"CURLETTI, MIRIAM BELEN"},"('Firmantes', 'DISTRITO')":{"('0065-S-2002', 0)":"CHACO"},"('Firmantes', 'BLOQUE')":{"('0065-S-2002', 0)":"UCR"},"('Tramites', 'C\u00c1MARA')":{"('0065-S-2002', 0)":"Senado"},"('Tramites', 'MOVIMIENTO')":{"('0065-S-2002', 0)":"CONSIDERACION Y APROBACION CONJUNTAMENTE PARA LOS EXPEDIENTES 0007-S-2002, 0065-S-2002 y 0108-S-2002"},"('Tramites', 'FECHA')":{"('0065-S-2002', 0)":"08\/05\/2002"},"('Tramites', 'RESULTADO')":{"('0065-S-2002', 0)":"APROBADO"},"Sumario":{"('0065-S-2002', 0)":"SOLICITUD AL PODER EJECUTIVO NACIONAL."},"Palabra Clave":{"('0065-S-2002', 0)":" "}}