{"Tipo de Proyecto":{"('0066-S-2002', 0)":"PROYECTO DE LEY","('0066-S-2002', 1)":null,"('0066-S-2002', 2)":null},"Iniciado en: ":{"('0066-S-2002', 0)":"Senado","('0066-S-2002', 1)":null,"('0066-S-2002', 2)":null},"Expediente Diputados: ":{"('0066-S-2002', 0)":"0066-S-2002","('0066-S-2002', 1)":null,"('0066-S-2002', 2)":null},"Expediente Senado: ":{"('0066-S-2002', 0)":"0838-S-2002","('0066-S-2002', 1)":null,"('0066-S-2002', 2)":null},"Publicado en: ":{"('0066-S-2002', 0)":"Diario de Asuntos Entrados N\u00b0 99","('0066-S-2002', 1)":null,"('0066-S-2002', 2)":null},"Fecha: ":{"('0066-S-2002', 0)":"16\/05\/2002","('0066-S-2002', 1)":null,"('0066-S-2002', 2)":null},"T\u00edtulo":{"('0066-S-2002', 0)":"PARTICIPACION CIUDADANA EN EL PROCESO DE OBRA PUBLICA.","('0066-S-2002', 1)":null,"('0066-S-2002', 2)":null},"('Firmantes', 'FIRMANTE')":{"('0066-S-2002', 0)":"PARDAL, JORGE ALBERTO","('0066-S-2002', 1)":null,"('0066-S-2002', 2)":null},"('Firmantes', 'DISTRITO')":{"('0066-S-2002', 0)":"MENDOZA","('0066-S-2002', 1)":null,"('0066-S-2002', 2)":null},"('Firmantes', 'BLOQUE')":{"('0066-S-2002', 0)":"JUSTICIALISTA","('0066-S-2002', 1)":null,"('0066-S-2002', 2)":null},"('Giros', 'COMISI\u00d3N')":{"('0066-S-2002', 0)":"OBRAS PUBLICAS","('0066-S-2002', 1)":"ASUNTOS COOPERATIVOS, MUTUALES Y DE ORG.NO GUBERNAMENTALES","('0066-S-2002', 2)":"PRESUPUESTO Y HACIENDA"},"('Tramites', 'C\u00c1MARA')":{"('0066-S-2002', 0)":"Senado","('0066-S-2002', 1)":"Diputados","('0066-S-2002', 2)":null},"('Tramites', 'MOVIMIENTO')":{"('0066-S-2002', 0)":"CONSIDERACION Y APROBACION","('0066-S-2002', 1)":"PASA A DIPUTADOS - (TP 108)","('0066-S-2002', 2)":null},"('Tramites', 'FECHA')":{"('0066-S-2002', 0)":"01\/08\/2002","('0066-S-2002', 1)":null,"('0066-S-2002', 2)":null},"('Tramites', 'RESULTADO')":{"('0066-S-2002', 0)":"MEDIA SANCION","('0066-S-2002', 1)":null,"('0066-S-2002', 2)":null},"Sumario":{"('0066-S-2002', 0)":"OBJETO; ALCANCES; ORGANIZACION Y FUNCIONAMIENTO DEL SISTEMA DE PARTICIPACION; COMISION CONSULTIVA: CONSTITUCION, INTEGRACION; INVITACION A LAS PROVINCIAS Y MUNICIPIOS A ADHERIR A LA PRESENTE LEY.","('0066-S-2002', 1)":null,"('0066-S-2002', 2)":null},"Palabra Clave":{"('0066-S-2002', 0)":" ","('0066-S-2002', 1)":null,"('0066-S-2002', 2)":null}}