{"Tipo de Proyecto":{"('0066-PE-2002', 0)":"MENSAJE NRO: 1245\/02 Y PROYECTO DE LEY","('0066-PE-2002', 1)":null,"('0066-PE-2002', 2)":null},"Iniciado en: ":{"('0066-PE-2002', 0)":"Diputados","('0066-PE-2002', 1)":null,"('0066-PE-2002', 2)":null},"Expediente Diputados: ":{"('0066-PE-2002', 0)":"0066-PE-2002","('0066-PE-2002', 1)":null,"('0066-PE-2002', 2)":null},"Expediente Senado: ":{"('0066-PE-2002', 0)":"0091-CD-2002","('0066-PE-2002', 1)":null,"('0066-PE-2002', 2)":null},"Publicado en: ":{"('0066-PE-2002', 0)":"Tr\u00e1mite Parlamentario N\u00b0 91","('0066-PE-2002', 1)":null,"('0066-PE-2002', 2)":null},"Fecha: ":{"('0066-PE-2002', 0)":"15\/07\/2002","('0066-PE-2002', 1)":null,"('0066-PE-2002', 2)":null},"T\u00edtulo":{"('0066-PE-2002', 0)":"EXIMIR DEL IMPUESTO A LAS GANANCIA MINIMA PRESUNTA, TITULO V DE LA LEY 25063, A LOS ENTES Y ORGANISMOS DE LOS ESTADOS PROVINCIALES, MUNICIPALIDADES Y A LA CIUDAD AUTONOMA DE BUENOS AIRES EN PROCESO DE PRIVATIZACION TOTAL O PARCIAL.","('0066-PE-2002', 1)":null,"('0066-PE-2002', 2)":null},"('Firmantes', 'FIRMANTE')":{"('0066-PE-2002', 0)":"DUHALDE, EDUARDO ALBERTO","('0066-PE-2002', 1)":"ATANASOF, ALFREDO NESTOR","('0066-PE-2002', 2)":"LAVAGNA, ROBERTO"},"('Firmantes', 'DISTRITO')":{"('0066-PE-2002', 0)":null,"('0066-PE-2002', 1)":null,"('0066-PE-2002', 2)":null},"('Firmantes', 'BLOQUE')":{"('0066-PE-2002', 0)":"PODER EJECUTIVO","('0066-PE-2002', 1)":"PODER EJECUTIVO","('0066-PE-2002', 2)":"PODER EJECUTIVO"},"('Giros', 'COMISI\u00d3N')":{"('0066-PE-2002', 0)":"PRESUPUESTO Y HACIENDA","('0066-PE-2002', 1)":null,"('0066-PE-2002', 2)":null},"('Tramites', 'C\u00c1MARA')":{"('0066-PE-2002', 0)":"Diputados","('0066-PE-2002', 1)":"Senado","('0066-PE-2002', 2)":"Senado"},"('Tramites', 'MOVIMIENTO')":{"('0066-PE-2002', 0)":"CONSIDERACION Y APROBACION","('0066-PE-2002', 1)":"PASA A SENADO - (DAE 265)","('0066-PE-2002', 2)":"CONSIDERACION Y SANCION"},"('Tramites', 'FECHA')":{"('0066-PE-2002', 0)":"18\/09\/2002","('0066-PE-2002', 1)":null,"('0066-PE-2002', 2)":"27\/10\/2004"},"('Tramites', 'RESULTADO')":{"('0066-PE-2002', 0)":"MEDIA SANCION","('0066-PE-2002', 1)":null,"('0066-PE-2002', 2)":"SANCIONADO"},"Sumario":{"('0066-PE-2002', 0)":"REMISION DE LA DEUDA POR LAS OBLIGACIONES TRIBUTARIAS.","('0066-PE-2002', 1)":null,"('0066-PE-2002', 2)":null},"Palabra Clave":{"('0066-PE-2002', 0)":" ","('0066-PE-2002', 1)":null,"('0066-PE-2002', 2)":null}}