{"Tipo de Proyecto":{"('0067-S-2002', 0)":"PROYECTO DE LEY","('0067-S-2002', 1)":null,"('0067-S-2002', 2)":null,"('0067-S-2002', 3)":null,"('0067-S-2002', 4)":null,"('0067-S-2002', 5)":null},"Iniciado en: ":{"('0067-S-2002', 0)":"Senado","('0067-S-2002', 1)":null,"('0067-S-2002', 2)":null,"('0067-S-2002', 3)":null,"('0067-S-2002', 4)":null,"('0067-S-2002', 5)":null},"Expediente Diputados: ":{"('0067-S-2002', 0)":"0067-S-2002","('0067-S-2002', 1)":null,"('0067-S-2002', 2)":null,"('0067-S-2002', 3)":null,"('0067-S-2002', 4)":null,"('0067-S-2002', 5)":null},"Expediente Senado: ":{"('0067-S-2002', 0)":"1316-S-2002","('0067-S-2002', 1)":null,"('0067-S-2002', 2)":null,"('0067-S-2002', 3)":null,"('0067-S-2002', 4)":null,"('0067-S-2002', 5)":null},"Publicado en: ":{"('0067-S-2002', 0)":"Diario de Asuntos Entrados N\u00b0 150","('0067-S-2002', 1)":null,"('0067-S-2002', 2)":null,"('0067-S-2002', 3)":null,"('0067-S-2002', 4)":null,"('0067-S-2002', 5)":null},"Fecha: ":{"('0067-S-2002', 0)":"27\/06\/2002","('0067-S-2002', 1)":null,"('0067-S-2002', 2)":null,"('0067-S-2002', 3)":null,"('0067-S-2002', 4)":null,"('0067-S-2002', 5)":null},"T\u00edtulo":{"('0067-S-2002', 0)":"PRORROGAR HASTA EL 24 DE AGOSTO DE 2005, LA RATIFICACION DE LA LEGISLACION DELEGADA POR EL ARTICULO 1 DE LA LEY 25148.","('0067-S-2002', 1)":null,"('0067-S-2002', 2)":null,"('0067-S-2002', 3)":null,"('0067-S-2002', 4)":null,"('0067-S-2002', 5)":null},"('Firmantes', 'FIRMANTE')":{"('0067-S-2002', 0)":"MAQUEDA, JUAN CARLOS","('0067-S-2002', 1)":null,"('0067-S-2002', 2)":null,"('0067-S-2002', 3)":null,"('0067-S-2002', 4)":null,"('0067-S-2002', 5)":null},"('Firmantes', 'DISTRITO')":{"('0067-S-2002', 0)":"CORDOBA","('0067-S-2002', 1)":null,"('0067-S-2002', 2)":null,"('0067-S-2002', 3)":null,"('0067-S-2002', 4)":null,"('0067-S-2002', 5)":null},"('Firmantes', 'BLOQUE')":{"('0067-S-2002', 0)":"JUSTICIALISTA","('0067-S-2002', 1)":null,"('0067-S-2002', 2)":null,"('0067-S-2002', 3)":null,"('0067-S-2002', 4)":null,"('0067-S-2002', 5)":null},"('Giros', 'COMISI\u00d3N')":{"('0067-S-2002', 0)":"ASUNTOS CONSTITUCIONALES","('0067-S-2002', 1)":null,"('0067-S-2002', 2)":null,"('0067-S-2002', 3)":null,"('0067-S-2002', 4)":null,"('0067-S-2002', 5)":null},"('Tramites', 'C\u00c1MARA')":{"('0067-S-2002', 0)":"Senado","('0067-S-2002', 1)":"Senado","('0067-S-2002', 2)":"Diputados","('0067-S-2002', 3)":"Diputados","('0067-S-2002', 4)":"Diputados","('0067-S-2002', 5)":"Diputados"},"('Tramites', 'MOVIMIENTO')":{"('0067-S-2002', 0)":"MOCION SOBRE TABLAS CON DICTAMEN (AFIRMATIVA) CONJUNTAMENTE PARA LOS EXPEDIENTES 0565-S-2001, 2112-S-2001, 0067-S-2002 y 1316-S-2002","('0067-S-2002', 1)":"CONSIDERACION Y APROBACION JUNTO CON EXPEDIENTES 2112-S-01 Y 0565-S-01 CONJUNTAMENTE PARA LOS EXPEDIENTES 0565-S-2001, 2112-S-2001, 0067-S-2002 y 1316-S-2002","('0067-S-2002', 2)":"PASA A DIPUTADOS - CONJUNTAMENTE PARA LOS EXPEDIENTES 0565-S-2001, 2112-S-2001, 0067-S-2002 y 1316-S-2002","('0067-S-2002', 3)":"MOCION APARTAMIENTO DEL REGLAMENTO (AFIRMATIVA) CONJUNTAMENTE PARA LOS EXPEDIENTES 0565-S-2001, 2112-S-2001, 0067-S-2002 y 1316-S-2002","('0067-S-2002', 4)":"MOCION SOBRE TABLAS (AFIRMATIVA) CONJUNTAMENTE PARA LOS EXPEDIENTES 0565-S-2001, 2112-S-2001, 0067-S-2002 y 1316-S-2002","('0067-S-2002', 5)":"CONSIDERACION Y SANCION CONJUNTAMENTE PARA LOS EXPEDIENTES 0565-S-2001, 2112-S-2001, 0067-S-2002 y 1316-S-2002"},"('Tramites', 'FECHA')":{"('0067-S-2002', 0)":"01\/08\/2002","('0067-S-2002', 1)":"01\/08\/2002","('0067-S-2002', 2)":null,"('0067-S-2002', 3)":"21\/08\/2002","('0067-S-2002', 4)":"21\/08\/2002","('0067-S-2002', 5)":"21\/08\/2002"},"('Tramites', 'RESULTADO')":{"('0067-S-2002', 0)":null,"('0067-S-2002', 1)":"MEDIA SANCION","('0067-S-2002', 2)":null,"('0067-S-2002', 3)":null,"('0067-S-2002', 4)":null,"('0067-S-2002', 5)":"SANCIONADO"},"Sumario":{"('0067-S-2002', 0)":"CREACION DE LA COMISION BICAMERAL DE EVALUACION DE LA LEGISLACION DELEGANTE; COMPOSICION, AUTORIDADES, QUORUM, REGLAMENTO, DE LA COMISION.","('0067-S-2002', 1)":null,"('0067-S-2002', 2)":null,"('0067-S-2002', 3)":null,"('0067-S-2002', 4)":null,"('0067-S-2002', 5)":null},"Palabra Clave":{"('0067-S-2002', 0)":" ","('0067-S-2002', 1)":null,"('0067-S-2002', 2)":null,"('0067-S-2002', 3)":null,"('0067-S-2002', 4)":null,"('0067-S-2002', 5)":null}}