{"Tipo de Proyecto":{"('0068-D-2002', 0)":"PROYECTO DE LEY","('0068-D-2002', 1)":null,"('0068-D-2002', 2)":null},"Iniciado en: ":{"('0068-D-2002', 0)":"Diputados","('0068-D-2002', 1)":null,"('0068-D-2002', 2)":null},"Expediente Diputados: ":{"('0068-D-2002', 0)":"0068-D-2002","('0068-D-2002', 1)":null,"('0068-D-2002', 2)":null},"Publicado en: ":{"('0068-D-2002', 0)":"Tr\u00e1mite Parlamentario N\u00b0 2","('0068-D-2002', 1)":null,"('0068-D-2002', 2)":null},"Fecha: ":{"('0068-D-2002', 0)":"04\/03\/2002","('0068-D-2002', 1)":null,"('0068-D-2002', 2)":null},"T\u00edtulo":{"('0068-D-2002', 0)":"PROHIBICION DE FUMAR EN OFICINAS DEL ESTADO (REPRODUCCION DEL EXPEDIENTE 1081-D-00).","('0068-D-2002', 1)":null,"('0068-D-2002', 2)":null},"('Firmantes', 'FIRMANTE')":{"('0068-D-2002', 0)":"PICAZO, SARAH ANA","('0068-D-2002', 1)":null,"('0068-D-2002', 2)":null},"('Firmantes', 'DISTRITO')":{"('0068-D-2002', 0)":"SANTA FE","('0068-D-2002', 1)":null,"('0068-D-2002', 2)":null},"('Firmantes', 'BLOQUE')":{"('0068-D-2002', 0)":"UCR","('0068-D-2002', 1)":null,"('0068-D-2002', 2)":null},"('Giros', 'COMISI\u00d3N')":{"('0068-D-2002', 0)":"ACCION SOCIAL Y SALUD PUBLICA","('0068-D-2002', 1)":"DROGADICCION","('0068-D-2002', 2)":"COMUNICACIONES E INFORMATICA"},"Sumario":{"('0068-D-2002', 0)":"ALCANCE; RESPONSABLES; CAMPA\u00d1A DE DIFUSION.","('0068-D-2002', 1)":null,"('0068-D-2002', 2)":null},"Palabra Clave":{"('0068-D-2002', 0)":" ","('0068-D-2002', 1)":null,"('0068-D-2002', 2)":null}}