{"Tipo de Proyecto":{"('0071-PE-2002', 0)":"MENSAJE NRO: 1296\/02","('0071-PE-2002', 1)":null,"('0071-PE-2002', 2)":null},"Iniciado en: ":{"('0071-PE-2002', 0)":"Diputados","('0071-PE-2002', 1)":null,"('0071-PE-2002', 2)":null},"Expediente Diputados: ":{"('0071-PE-2002', 0)":"0071-PE-2002","('0071-PE-2002', 1)":null,"('0071-PE-2002', 2)":null},"Publicado en: ":{"('0071-PE-2002', 0)":"Tr\u00e1mite Parlamentario N\u00b0 96","('0071-PE-2002', 1)":null,"('0071-PE-2002', 2)":null},"Fecha: ":{"('0071-PE-2002', 0)":"22\/07\/2002","('0071-PE-2002', 1)":null,"('0071-PE-2002', 2)":null},"T\u00edtulo":{"('0071-PE-2002', 0)":"MENSAJE DEL 19 DE JULIO DE 2002, COMUNICANDO EL DICTADO DEL DECRETO 1295\/02, POR EL QUE SE DEROGA EL DECRETO 1312 DEL 24 DE JUNIO DE 1993, REGLAMENTARIO DE LA LEY 13064 Y SE ESTABLECEN NUEVAS NORMAS PARA LA REDETERMINACION DE PRECIOS EN LAS CONTRATACIONES DE OBRAS PUBLICAS A LARGO PLAZO.","('0071-PE-2002', 1)":null,"('0071-PE-2002', 2)":null},"('Firmantes', 'FIRMANTE')":{"('0071-PE-2002', 0)":"DUHALDE, EDUARDO ALBERTO","('0071-PE-2002', 1)":"ATANASOF, ALFREDO NESTOR","('0071-PE-2002', 2)":"LAVAGNA, ROBERTO"},"('Firmantes', 'DISTRITO')":{"('0071-PE-2002', 0)":null,"('0071-PE-2002', 1)":null,"('0071-PE-2002', 2)":null},"('Firmantes', 'BLOQUE')":{"('0071-PE-2002', 0)":"PODER EJECUTIVO","('0071-PE-2002', 1)":"PODER EJECUTIVO","('0071-PE-2002', 2)":"PODER EJECUTIVO"},"('Giros', 'COMISI\u00d3N')":{"('0071-PE-2002', 0)":"BICAMERAL PERMANENTE DE TRAMITE LEGISLATIVO - LEY 26122","('0071-PE-2002', 1)":null,"('0071-PE-2002', 2)":null},"('Tramites', 'C\u00c1MARA')":{"('0071-PE-2002', 0)":"Diputados","('0071-PE-2002', 1)":"Diputados","('0071-PE-2002', 2)":null},"('Tramites', 'MOVIMIENTO')":{"('0071-PE-2002', 0)":"SOLICITUD DEL PRESIDENTE DE LA COMISION BICAMERAL PERMANENTE DE TRAMITE LEGISLATIVO (LEY 26122) DE REMISION DEL EXPEDIENTE PARA SU ANALISIS (A LA PRESIDENCIA)","('0071-PE-2002', 1)":"EXPEDIENTE ORIGINALMENTE GIRADO A LAS COMISIONES DE OBRAS PUBLICAS Y PRESUPUESTO Y HACIENDA; SE LO REMITE A LA COMISION BICAMERAL PERMANENTE DE TRAMITE LEGISLATIVO (LEY 26122)","('0071-PE-2002', 2)":null},"('Tramites', 'FECHA')":{"('0071-PE-2002', 0)":"06\/06\/2007","('0071-PE-2002', 1)":null,"('0071-PE-2002', 2)":null},"('Tramites', 'RESULTADO')":{"('0071-PE-2002', 0)":null,"('0071-PE-2002', 1)":null,"('0071-PE-2002', 2)":null},"Palabra Clave":{"('0071-PE-2002', 0)":" ","('0071-PE-2002', 1)":null,"('0071-PE-2002', 2)":null}}