{"Tipo de Proyecto":{"('0072-S-2002', 0)":"PROYECTO DE LEY","('0072-S-2002', 1)":null,"('0072-S-2002', 2)":null},"Iniciado en: ":{"('0072-S-2002', 0)":"Senado","('0072-S-2002', 1)":null,"('0072-S-2002', 2)":null},"Expediente Diputados: ":{"('0072-S-2002', 0)":"0072-S-2002","('0072-S-2002', 1)":null,"('0072-S-2002', 2)":null},"Expediente Senado: ":{"('0072-S-2002', 0)":"1121-S-2002","('0072-S-2002', 1)":null,"('0072-S-2002', 2)":null},"Publicado en: ":{"('0072-S-2002', 0)":"Diario de Asuntos Entrados N\u00b0 129","('0072-S-2002', 1)":null,"('0072-S-2002', 2)":null},"Fecha: ":{"('0072-S-2002', 0)":"11\/06\/2002","('0072-S-2002', 1)":null,"('0072-S-2002', 2)":null},"T\u00edtulo":{"('0072-S-2002', 0)":"DISPONER LA IMPRESION DE UNA MONEDA CON LA IMAGEN DE EVA PERON, EN CONMEMORACION DEL CINCUENTENARIO DE SU FALLECIMIENTO EL 26 DE JULIO DE 2002.","('0072-S-2002', 1)":null,"('0072-S-2002', 2)":null},"('Firmantes', 'FIRMANTE')":{"('0072-S-2002', 0)":"LATORRE, ROXANA","('0072-S-2002', 1)":null,"('0072-S-2002', 2)":null},"('Firmantes', 'DISTRITO')":{"('0072-S-2002', 0)":"SANTA FE","('0072-S-2002', 1)":null,"('0072-S-2002', 2)":null},"('Firmantes', 'BLOQUE')":{"('0072-S-2002', 0)":"JUSTICIALISTA","('0072-S-2002', 1)":null,"('0072-S-2002', 2)":null},"('Giros', 'COMISI\u00d3N')":{"('0072-S-2002', 0)":"FINANZAS","('0072-S-2002', 1)":null,"('0072-S-2002', 2)":null},"('Tramites', 'C\u00c1MARA')":{"('0072-S-2002', 0)":"Senado","('0072-S-2002', 1)":"Diputados","('0072-S-2002', 2)":"Diputados"},"('Tramites', 'MOVIMIENTO')":{"('0072-S-2002', 0)":"CONSIDERACION Y APROBACION CON MODIFICACIONES","('0072-S-2002', 1)":"PASA A DIPUTADOS - (TP 108)","('0072-S-2002', 2)":"CONSIDERACION Y SANCION"},"('Tramites', 'FECHA')":{"('0072-S-2002', 0)":"01\/08\/2002","('0072-S-2002', 1)":null,"('0072-S-2002', 2)":"18\/09\/2002"},"('Tramites', 'RESULTADO')":{"('0072-S-2002', 0)":"MEDIA SANCION","('0072-S-2002', 1)":null,"('0072-S-2002', 2)":"SANCIONADO"},"Sumario":{"('0072-S-2002', 0)":"IMPLEMENTARLO POR EL BANCO CENTRAL DE LA REPUBLICA ARGENTINA Y LA CASA DE LA MONEDA.","('0072-S-2002', 1)":null,"('0072-S-2002', 2)":null},"Palabra Clave":{"('0072-S-2002', 0)":" ","('0072-S-2002', 1)":null,"('0072-S-2002', 2)":null}}