{"Tipo de Proyecto":{"('0074-S-2002', 0)":"PROYECTO DE RESOLUCI\u00d3N","('0074-S-2002', 1)":null,"('0074-S-2002', 2)":null,"('0074-S-2002', 3)":null},"Iniciado en: ":{"('0074-S-2002', 0)":"Senado","('0074-S-2002', 1)":null,"('0074-S-2002', 2)":null,"('0074-S-2002', 3)":null},"Expediente Diputados: ":{"('0074-S-2002', 0)":"0074-S-2002","('0074-S-2002', 1)":null,"('0074-S-2002', 2)":null,"('0074-S-2002', 3)":null},"Expediente Senado: ":{"('0074-S-2002', 0)":"0105-OV-2000","('0074-S-2002', 1)":null,"('0074-S-2002', 2)":null,"('0074-S-2002', 3)":null},"Fecha: ":{"('0074-S-2002', 0)":"11\/07\/2002","('0074-S-2002', 1)":null,"('0074-S-2002', 2)":null,"('0074-S-2002', 3)":null},"T\u00edtulo":{"('0074-S-2002', 0)":"DICTAMEN EN LA RESOLUCION REMITIDA POR LA AUDITORIA GENERAL DE LA NACION SOBRE LOS ESTADOS FINANCIEROS DEL PROYECTO DE DESARROLLO RURAL DE LAS PROVINCIAS DEL NORDESTE ARGENTINO (NEA), CONTRATO DE PRESTAMO 417-AR FIDA.\n","('0074-S-2002', 1)":null,"('0074-S-2002', 2)":null,"('0074-S-2002', 3)":null},"('Firmantes', 'FIRMANTE')":{"('0074-S-2002', 0)":"PARLAMENTARIA MIXTA REVISORA DE CUENTAS","('0074-S-2002', 1)":null,"('0074-S-2002', 2)":null,"('0074-S-2002', 3)":null},"('Firmantes', 'DISTRITO')":{"('0074-S-2002', 0)":null,"('0074-S-2002', 1)":null,"('0074-S-2002', 2)":null,"('0074-S-2002', 3)":null},"('Firmantes', 'BLOQUE')":{"('0074-S-2002', 0)":null,"('0074-S-2002', 1)":null,"('0074-S-2002', 2)":null,"('0074-S-2002', 3)":null},"('Giros', 'COMISI\u00d3N')":{"('0074-S-2002', 0)":"PARLAMENTARIA MIXTA REVISORA DE CUENTAS","('0074-S-2002', 1)":null,"('0074-S-2002', 2)":null,"('0074-S-2002', 3)":null},"('Tramites', 'C\u00c1MARA')":{"('0074-S-2002', 0)":"Senado","('0074-S-2002', 1)":"Diputados","('0074-S-2002', 2)":"Diputados","('0074-S-2002', 3)":"Diputados"},"('Tramites', 'MOVIMIENTO')":{"('0074-S-2002', 0)":"CONSIDERACION Y APROBACION","('0074-S-2002', 1)":"PASA A DIPUTADOS -","('0074-S-2002', 2)":"CONSIDERACION Y APROBACION","('0074-S-2002', 3)":"CONTESTACION DEL PODER EJECUTIVO NACIONAL - JEFE DE GABINETE DE MINISTROS - (0948-OV-02) - GIRADA A LA COMISION RESPECTIVA (BAE 41\/02)"},"('Tramites', 'FECHA')":{"('0074-S-2002', 0)":"01\/08\/2002","('0074-S-2002', 1)":null,"('0074-S-2002', 2)":"28\/08\/2002","('0074-S-2002', 3)":"26\/02\/2003"},"('Tramites', 'RESULTADO')":{"('0074-S-2002', 0)":"APROBADO","('0074-S-2002', 1)":null,"('0074-S-2002', 2)":"APROBADO","('0074-S-2002', 3)":null},"Sumario":{"('0074-S-2002', 0)":"SOLICITUD AL PODER EJECUTIVO NACIONAL PARA QUE INFORME SOBRE MEDIDAS ADOPTADAS A LOS EFECTOS DE SUPERAR LAS OBSERVACIONES.","('0074-S-2002', 1)":null,"('0074-S-2002', 2)":null,"('0074-S-2002', 3)":null},"Palabra Clave":{"('0074-S-2002', 0)":" ","('0074-S-2002', 1)":null,"('0074-S-2002', 2)":null,"('0074-S-2002', 3)":null}}