{"Tipo de Proyecto":{"('0077-S-2002', 0)":"PROYECTO DE RESOLUCI\u00d3N","('0077-S-2002', 1)":null,"('0077-S-2002', 2)":null},"Iniciado en: ":{"('0077-S-2002', 0)":"Senado","('0077-S-2002', 1)":null,"('0077-S-2002', 2)":null},"Expediente Diputados: ":{"('0077-S-2002', 0)":"0077-S-2002","('0077-S-2002', 1)":null,"('0077-S-2002', 2)":null},"Expediente Senado: ":{"('0077-S-2002', 0)":"0140-OV-2000","('0077-S-2002', 1)":null,"('0077-S-2002', 2)":null},"Fecha: ":{"('0077-S-2002', 0)":"11\/07\/2002","('0077-S-2002', 1)":null,"('0077-S-2002', 2)":null},"T\u00edtulo":{"('0077-S-2002', 0)":"RESOLUCION EN EL DICTAMEN REMITIDO POR LA AUDITORIA GENERAL DE LA NACION SOBRE LOS ESTADOS FINANCIEROS AL 31 DE DICIEMBRE DE 1999 DEL PROYECTO PNUD ARG\/95\/5 DESARROLLO MUNICIPAL, CONVENIOS DE PRESTAMO 830\/OC BID Y 3860\/AR BIRF.","('0077-S-2002', 1)":null,"('0077-S-2002', 2)":null},"('Firmantes', 'FIRMANTE')":{"('0077-S-2002', 0)":"PARLAMENTARIA MIXTA REVISORA DE CUENTAS","('0077-S-2002', 1)":null,"('0077-S-2002', 2)":null},"('Firmantes', 'DISTRITO')":{"('0077-S-2002', 0)":null,"('0077-S-2002', 1)":null,"('0077-S-2002', 2)":null},"('Firmantes', 'BLOQUE')":{"('0077-S-2002', 0)":null,"('0077-S-2002', 1)":null,"('0077-S-2002', 2)":null},"('Giros', 'COMISI\u00d3N')":{"('0077-S-2002', 0)":"PARLAMENTARIA MIXTA REVISORA DE CUENTAS","('0077-S-2002', 1)":null,"('0077-S-2002', 2)":null},"('Tramites', 'C\u00c1MARA')":{"('0077-S-2002', 0)":"Senado","('0077-S-2002', 1)":"Diputados","('0077-S-2002', 2)":"Diputados"},"('Tramites', 'MOVIMIENTO')":{"('0077-S-2002', 0)":"CONSIDERACION Y APROBACION","('0077-S-2002', 1)":"PASA A DIPUTADOS -","('0077-S-2002', 2)":"CONSIDERACION Y APROBACION"},"('Tramites', 'FECHA')":{"('0077-S-2002', 0)":"01\/08\/2002","('0077-S-2002', 1)":null,"('0077-S-2002', 2)":"28\/08\/2002"},"('Tramites', 'RESULTADO')":{"('0077-S-2002', 0)":"APROBADO","('0077-S-2002', 1)":null,"('0077-S-2002', 2)":"APROBADO"},"Sumario":{"('0077-S-2002', 0)":"SOLICITUD AL PODER EJECUTIVO NACIONAL PARA QUE INFORME SOBRE LAS MEDIDAS ADOPTADAS A LOS EFECTOS DE SUPERAR LAS OBSERVACIONES EFECTUADAS.","('0077-S-2002', 1)":null,"('0077-S-2002', 2)":null},"Palabra Clave":{"('0077-S-2002', 0)":" ","('0077-S-2002', 1)":null,"('0077-S-2002', 2)":null}}