{"Tipo de Proyecto":{"('0078-PE-2002', 0)":"MENSAJE NRO: 1379\/02 Y PROYECTO DE LEY","('0078-PE-2002', 1)":null,"('0078-PE-2002', 2)":null},"Iniciado en: ":{"('0078-PE-2002', 0)":"Diputados","('0078-PE-2002', 1)":null,"('0078-PE-2002', 2)":null},"Expediente Diputados: ":{"('0078-PE-2002', 0)":"0078-PE-2002","('0078-PE-2002', 1)":null,"('0078-PE-2002', 2)":null},"Publicado en: ":{"('0078-PE-2002', 0)":"Tr\u00e1mite Parlamentario N\u00b0 104","('0078-PE-2002', 1)":null,"('0078-PE-2002', 2)":null},"Fecha: ":{"('0078-PE-2002', 0)":"01\/08\/2002","('0078-PE-2002', 1)":null,"('0078-PE-2002', 2)":null},"T\u00edtulo":{"('0078-PE-2002', 0)":"AUTORIZAR EL INGRESO DE PERSONAL DEL EJERCITO DE LA REPUBLICA FEDERATIVA DEL BRASIL AL TERRITORIO NACIONAL, PARA QUE PARTICIPE DEL EJERCICIO COMBINADO DE OPERACIONES CONVENCIONALES DENOMINADO 'LAZO FUERTE' CON EFECTIVOS DEL EJERCITO ARGENTINO.","('0078-PE-2002', 1)":null,"('0078-PE-2002', 2)":null},"('Firmantes', 'FIRMANTE')":{"('0078-PE-2002', 0)":"DUHALDE, EDUARDO ALBERTO","('0078-PE-2002', 1)":"ATANASOF, ALFREDO NESTOR","('0078-PE-2002', 2)":"JAUNARENA, JOSE HORACIO"},"('Firmantes', 'DISTRITO')":{"('0078-PE-2002', 0)":null,"('0078-PE-2002', 1)":null,"('0078-PE-2002', 2)":null},"('Firmantes', 'BLOQUE')":{"('0078-PE-2002', 0)":"PODER EJECUTIVO","('0078-PE-2002', 1)":"PODER EJECUTIVO","('0078-PE-2002', 2)":"PODER EJECUTIVO"},"('Giros', 'COMISI\u00d3N')":{"('0078-PE-2002', 0)":"DEFENSA NACIONAL","('0078-PE-2002', 1)":"RELACIONES EXTERIORES Y CULTO","('0078-PE-2002', 2)":null},"Link":{"('0078-PE-2002', 0)":"https:\/\/www4.hcdn.gob.ar\/dependencias\/dsecretaria\/Periodo2002\/PDF2002\/TP2002\/0078-PE-02.pdf","('0078-PE-2002', 1)":null,"('0078-PE-2002', 2)":null},"Palabra Clave":{"('0078-PE-2002', 0)":" ","('0078-PE-2002', 1)":null,"('0078-PE-2002', 2)":null}}