{"Tipo de Proyecto":{"('0082-S-2002', 0)":"PROYECTO DE RESOLUCI\u00d3N","('0082-S-2002', 1)":null,"('0082-S-2002', 2)":null,"('0082-S-2002', 3)":null},"Iniciado en: ":{"('0082-S-2002', 0)":"Senado","('0082-S-2002', 1)":null,"('0082-S-2002', 2)":null,"('0082-S-2002', 3)":null},"Expediente Diputados: ":{"('0082-S-2002', 0)":"0082-S-2002","('0082-S-2002', 1)":null,"('0082-S-2002', 2)":null,"('0082-S-2002', 3)":null},"Expediente Senado: ":{"('0082-S-2002', 0)":"0430-OV-2000","('0082-S-2002', 1)":null,"('0082-S-2002', 2)":null,"('0082-S-2002', 3)":null},"Fecha: ":{"('0082-S-2002', 0)":"12\/07\/2002","('0082-S-2002', 1)":null,"('0082-S-2002', 2)":null,"('0082-S-2002', 3)":null},"T\u00edtulo":{"('0082-S-2002', 0)":"DICTAMEN EN LA RESOLUCION REMITIDA POR LA AUDITORIA GENERAL DE LA NACION REFERIDA AL ACCIONAR DE LA COMISION NACIONAL DE REGULACION DEL TRANSPORTE (CNRT) EN LA ATENCION, TRAMITACION Y RESOLUCION DE LOS RECLAMOS EFECTUADOS POR LOS USUARIOS DEL SERVICIO DE TRANSPORTE POR FERROCARRIL.","('0082-S-2002', 1)":null,"('0082-S-2002', 2)":null,"('0082-S-2002', 3)":null},"('Firmantes', 'FIRMANTE')":{"('0082-S-2002', 0)":"PARLAMENTARIA MIXTA REVISORA DE CUENTAS","('0082-S-2002', 1)":null,"('0082-S-2002', 2)":null,"('0082-S-2002', 3)":null},"('Firmantes', 'DISTRITO')":{"('0082-S-2002', 0)":null,"('0082-S-2002', 1)":null,"('0082-S-2002', 2)":null,"('0082-S-2002', 3)":null},"('Firmantes', 'BLOQUE')":{"('0082-S-2002', 0)":null,"('0082-S-2002', 1)":null,"('0082-S-2002', 2)":null,"('0082-S-2002', 3)":null},"('Giros', 'COMISI\u00d3N')":{"('0082-S-2002', 0)":"PARLAMENTARIA MIXTA REVISORA DE CUENTAS","('0082-S-2002', 1)":null,"('0082-S-2002', 2)":null,"('0082-S-2002', 3)":null},"('Tramites', 'C\u00c1MARA')":{"('0082-S-2002', 0)":"Senado","('0082-S-2002', 1)":"Diputados","('0082-S-2002', 2)":"Diputados","('0082-S-2002', 3)":"Diputados"},"('Tramites', 'MOVIMIENTO')":{"('0082-S-2002', 0)":"CONSIDERACION Y APROBACION","('0082-S-2002', 1)":"PASA A DIPUTADOS -","('0082-S-2002', 2)":"CONSIDERACION Y APROBACION","('0082-S-2002', 3)":"CONTESTACION DEL PODER EJECUTIVO NACIONAL - JEFE DE GABINETE DE MINISTROS - (0949-OV-02) - GIRADA A LA COMISION RESPECTIVA (BAE 41\/02)"},"('Tramites', 'FECHA')":{"('0082-S-2002', 0)":"01\/08\/2002","('0082-S-2002', 1)":null,"('0082-S-2002', 2)":"28\/08\/2002","('0082-S-2002', 3)":"26\/02\/2003"},"('Tramites', 'RESULTADO')":{"('0082-S-2002', 0)":"APROBADO","('0082-S-2002', 1)":null,"('0082-S-2002', 2)":"APROBADO","('0082-S-2002', 3)":null},"Sumario":{"('0082-S-2002', 0)":"SOLICITUD AL PODER EJECUTIVO NACIONAL PARA QUE INFORME SOBRE LAS MEDIDAS ADOPTADAS A LOS FINES DE REGULARIZAR LAS GRAVES SITUACIONES OBSERVADAS.","('0082-S-2002', 1)":null,"('0082-S-2002', 2)":null,"('0082-S-2002', 3)":null},"Palabra Clave":{"('0082-S-2002', 0)":" ","('0082-S-2002', 1)":null,"('0082-S-2002', 2)":null,"('0082-S-2002', 3)":null}}