{"Tipo de Proyecto":{"('0083-S-2002', 0)":"PROYECTO DE RESOLUCI\u00d3N","('0083-S-2002', 1)":null,"('0083-S-2002', 2)":null,"('0083-S-2002', 3)":null},"Iniciado en: ":{"('0083-S-2002', 0)":"Senado","('0083-S-2002', 1)":null,"('0083-S-2002', 2)":null,"('0083-S-2002', 3)":null},"Expediente Diputados: ":{"('0083-S-2002', 0)":"0083-S-2002","('0083-S-2002', 1)":null,"('0083-S-2002', 2)":null,"('0083-S-2002', 3)":null},"Expediente Senado: ":{"('0083-S-2002', 0)":"0373-OV-2000","('0083-S-2002', 1)":null,"('0083-S-2002', 2)":null,"('0083-S-2002', 3)":null},"Fecha: ":{"('0083-S-2002', 0)":"12\/07\/2002","('0083-S-2002', 1)":null,"('0083-S-2002', 2)":null,"('0083-S-2002', 3)":null},"T\u00edtulo":{"('0083-S-2002', 0)":"DICTAMEN EN LA RESOLUCION REMITIDA POR LA AUDITORIA GENERAL DE LA NACION REFERIDA A UN RELEVAMIENTO DEL SISTEMA DE INFORMACION SOBRE METAS Y OBJETIVOS QUE SUSTENTAN LOS RESULTADOS OBTENIDOS POR EL PROGRAMA 17 DEFINICION DE POLITICAS DE COMERCIO EXTERIOR (EJERCICIO 1998) DEL MINISTERIO DE ECONOMIA Y OBRAS Y SERVICIOS PUBLICOS.","('0083-S-2002', 1)":null,"('0083-S-2002', 2)":null,"('0083-S-2002', 3)":null},"('Firmantes', 'FIRMANTE')":{"('0083-S-2002', 0)":"PARLAMENTARIA MIXTA REVISORA DE CUENTAS","('0083-S-2002', 1)":null,"('0083-S-2002', 2)":null,"('0083-S-2002', 3)":null},"('Firmantes', 'DISTRITO')":{"('0083-S-2002', 0)":null,"('0083-S-2002', 1)":null,"('0083-S-2002', 2)":null,"('0083-S-2002', 3)":null},"('Firmantes', 'BLOQUE')":{"('0083-S-2002', 0)":null,"('0083-S-2002', 1)":null,"('0083-S-2002', 2)":null,"('0083-S-2002', 3)":null},"('Giros', 'COMISI\u00d3N')":{"('0083-S-2002', 0)":"PARLAMENTARIA MIXTA REVISORA DE CUENTAS","('0083-S-2002', 1)":null,"('0083-S-2002', 2)":null,"('0083-S-2002', 3)":null},"('Tramites', 'C\u00c1MARA')":{"('0083-S-2002', 0)":"Senado","('0083-S-2002', 1)":"Diputados","('0083-S-2002', 2)":"Diputados","('0083-S-2002', 3)":"Diputados"},"('Tramites', 'MOVIMIENTO')":{"('0083-S-2002', 0)":"CONSIDERACION Y APROBACION","('0083-S-2002', 1)":"PASA A DIPUTADOS -","('0083-S-2002', 2)":"CONSIDERACION Y APROBACION","('0083-S-2002', 3)":"CONTESTACION DEL PODER EJECUTIVO NACIONAL - JEFE DE GABINETE DE MINISTROS - GIRADO A LA COMISION RESPECTIVA"},"('Tramites', 'FECHA')":{"('0083-S-2002', 0)":"01\/08\/2002","('0083-S-2002', 1)":null,"('0083-S-2002', 2)":"28\/08\/2002","('0083-S-2002', 3)":"16\/07\/2003"},"('Tramites', 'RESULTADO')":{"('0083-S-2002', 0)":"APROBADO","('0083-S-2002', 1)":null,"('0083-S-2002', 2)":"APROBADO","('0083-S-2002', 3)":null},"Sumario":{"('0083-S-2002', 0)":"SOLICITUD AL PODER EJECUTIVO NACIONAL PARA QUE INFORME SOBRE LAS MEDIDAS ADOPTADAS A LOS FINES DE REGULARIZAR LAS SITUACIONES OBSERVADAS.","('0083-S-2002', 1)":null,"('0083-S-2002', 2)":null,"('0083-S-2002', 3)":null},"Palabra Clave":{"('0083-S-2002', 0)":" ","('0083-S-2002', 1)":null,"('0083-S-2002', 2)":null,"('0083-S-2002', 3)":null}}