{"Tipo de Proyecto":{"('0084-S-2002', 0)":"PROYECTO DE RESOLUCI\u00d3N","('0084-S-2002', 1)":null,"('0084-S-2002', 2)":null},"Iniciado en: ":{"('0084-S-2002', 0)":"Senado","('0084-S-2002', 1)":null,"('0084-S-2002', 2)":null},"Expediente Diputados: ":{"('0084-S-2002', 0)":"0084-S-2002","('0084-S-2002', 1)":null,"('0084-S-2002', 2)":null},"Expediente Senado: ":{"('0084-S-2002', 0)":"0456-OV-2000","('0084-S-2002', 1)":null,"('0084-S-2002', 2)":null},"Fecha: ":{"('0084-S-2002', 0)":"12\/07\/2002","('0084-S-2002', 1)":null,"('0084-S-2002', 2)":null},"T\u00edtulo":{"('0084-S-2002', 0)":"DICTAMEN EN LA RESOLUCION REMITIDA POR LA AUDITORIA GENERAL DE LA NACION REFERIDA A LA PROHIBICION DE MOVIMIENTOS TRANSFRONTERIZOS DE RESIDUOS PELIGROSOS Y POTENCIALMENTE PELIGROSOS EN EL AMBITO DE LA DIRECCION GENERAL DE ADUANAS DEPENDIENTE DE LA ADMINISTRACION FEDERAL DE INGRESOS PUBLICOS.","('0084-S-2002', 1)":null,"('0084-S-2002', 2)":null},"('Firmantes', 'FIRMANTE')":{"('0084-S-2002', 0)":"PARLAMENTARIA MIXTA REVISORA DE CUENTAS","('0084-S-2002', 1)":null,"('0084-S-2002', 2)":null},"('Firmantes', 'DISTRITO')":{"('0084-S-2002', 0)":null,"('0084-S-2002', 1)":null,"('0084-S-2002', 2)":null},"('Firmantes', 'BLOQUE')":{"('0084-S-2002', 0)":null,"('0084-S-2002', 1)":null,"('0084-S-2002', 2)":null},"('Giros', 'COMISI\u00d3N')":{"('0084-S-2002', 0)":"PARLAMENTARIA MIXTA REVISORA DE CUENTAS","('0084-S-2002', 1)":null,"('0084-S-2002', 2)":null},"('Tramites', 'C\u00c1MARA')":{"('0084-S-2002', 0)":"Senado","('0084-S-2002', 1)":"Diputados","('0084-S-2002', 2)":"Diputados"},"('Tramites', 'MOVIMIENTO')":{"('0084-S-2002', 0)":"CONSIDERACION Y APROBACION","('0084-S-2002', 1)":"PASA A DIPUTADOS -","('0084-S-2002', 2)":"CONSIDERACION Y APROBACION"},"('Tramites', 'FECHA')":{"('0084-S-2002', 0)":"01\/08\/2002","('0084-S-2002', 1)":null,"('0084-S-2002', 2)":"28\/08\/2002"},"('Tramites', 'RESULTADO')":{"('0084-S-2002', 0)":"APROBADO","('0084-S-2002', 1)":null,"('0084-S-2002', 2)":"APROBADO"},"Sumario":{"('0084-S-2002', 0)":"SOLICITUD AL PODER EJECUTIVO NACIONAL PARA QUE INFORME SOBRE LAS MEDIDAS ADOPTADAS PARA ADECUAR LOS ASPECTOS OBSERVADOS.","('0084-S-2002', 1)":null,"('0084-S-2002', 2)":null},"Palabra Clave":{"('0084-S-2002', 0)":" ","('0084-S-2002', 1)":null,"('0084-S-2002', 2)":null}}