{"Tipo de Proyecto":{"('0086-S-2002', 0)":"PROYECTO DE RESOLUCI\u00d3N","('0086-S-2002', 1)":null,"('0086-S-2002', 2)":null,"('0086-S-2002', 3)":null},"Iniciado en: ":{"('0086-S-2002', 0)":"Senado","('0086-S-2002', 1)":null,"('0086-S-2002', 2)":null,"('0086-S-2002', 3)":null},"Expediente Diputados: ":{"('0086-S-2002', 0)":"0086-S-2002","('0086-S-2002', 1)":null,"('0086-S-2002', 2)":null,"('0086-S-2002', 3)":null},"Expediente Senado: ":{"('0086-S-2002', 0)":"0119-OV-2000","('0086-S-2002', 1)":null,"('0086-S-2002', 2)":null,"('0086-S-2002', 3)":null},"Fecha: ":{"('0086-S-2002', 0)":"12\/07\/2002","('0086-S-2002', 1)":null,"('0086-S-2002', 2)":null,"('0086-S-2002', 3)":null},"T\u00edtulo":{"('0086-S-2002', 0)":"DICTAMEN EN LA RESOLUCION REMITIDA POR LA AUDITORIA GENERAL DE LA NACION SOBRE VERIFICACION DEL CUMPLIMIENTO DE LOS DEBERES, FUNCIONES, MISION Y OBLIGACIONES DEL ENTE NACIONAL DE ADMINISTRACION DE BIENES FERROVIARIOS (ENABIEF) (HOY ORGANISMO NACIONAL DE ADMINISTRACION DE BIENES, DECRETO 443\/2000).","('0086-S-2002', 1)":null,"('0086-S-2002', 2)":null,"('0086-S-2002', 3)":null},"('Firmantes', 'FIRMANTE')":{"('0086-S-2002', 0)":"PARLAMENTARIA MIXTA REVISORA DE CUENTAS","('0086-S-2002', 1)":null,"('0086-S-2002', 2)":null,"('0086-S-2002', 3)":null},"('Firmantes', 'DISTRITO')":{"('0086-S-2002', 0)":null,"('0086-S-2002', 1)":null,"('0086-S-2002', 2)":null,"('0086-S-2002', 3)":null},"('Firmantes', 'BLOQUE')":{"('0086-S-2002', 0)":null,"('0086-S-2002', 1)":null,"('0086-S-2002', 2)":null,"('0086-S-2002', 3)":null},"('Giros', 'COMISI\u00d3N')":{"('0086-S-2002', 0)":"PARLAMENTARIA MIXTA REVISORA DE CUENTAS","('0086-S-2002', 1)":null,"('0086-S-2002', 2)":null,"('0086-S-2002', 3)":null},"('Tramites', 'C\u00c1MARA')":{"('0086-S-2002', 0)":"Senado","('0086-S-2002', 1)":"Diputados","('0086-S-2002', 2)":"Diputados","('0086-S-2002', 3)":"Diputados"},"('Tramites', 'MOVIMIENTO')":{"('0086-S-2002', 0)":"CONSIDERACION Y APROBACION","('0086-S-2002', 1)":"PASA A DIPUTADOS -","('0086-S-2002', 2)":"CONSIDERACION Y APROBACION","('0086-S-2002', 3)":"CONTESTACION DEL PODER EJECUTIVO NACIONAL - JEFE DE GABINETE DE MINISTROS - GIRADO A LA COMISION RESPECTIVA"},"('Tramites', 'FECHA')":{"('0086-S-2002', 0)":"01\/08\/2002","('0086-S-2002', 1)":null,"('0086-S-2002', 2)":"28\/08\/2002","('0086-S-2002', 3)":"16\/07\/2003"},"('Tramites', 'RESULTADO')":{"('0086-S-2002', 0)":"APROBADO","('0086-S-2002', 1)":null,"('0086-S-2002', 2)":"APROBADO","('0086-S-2002', 3)":null},"Sumario":{"('0086-S-2002', 0)":"SOLICITUD AL PODER EJECUTIVO NACIONAL PARA QUE INFORME SOBRE LAS MEDIDAS ADOPTADAS PARA CORREGIR LAS SITUACIONES OBSERVADAS, DETERMINAR Y EFECTIVIZAR LAS RESPONSABILIDADES QUE SE HUBIESEN DERIVADO DE LAS MISMAS Y ADECUAR EL PROCEDIMIENTO DEL ORGANISMO A LAS NORMAS PREVISTAS.","('0086-S-2002', 1)":null,"('0086-S-2002', 2)":null,"('0086-S-2002', 3)":null},"Palabra Clave":{"('0086-S-2002', 0)":" ","('0086-S-2002', 1)":null,"('0086-S-2002', 2)":null,"('0086-S-2002', 3)":null}}