{"Tipo de Proyecto":{"('0088-PE-2002', 0)":"MENSAJE NRO: 1581\/02 Y PROYECTO DE LEY","('0088-PE-2002', 1)":null,"('0088-PE-2002', 2)":null,"('0088-PE-2002', 3)":null,"('0088-PE-2002', 4)":null},"Iniciado en: ":{"('0088-PE-2002', 0)":"Diputados","('0088-PE-2002', 1)":null,"('0088-PE-2002', 2)":null,"('0088-PE-2002', 3)":null,"('0088-PE-2002', 4)":null},"Expediente Diputados: ":{"('0088-PE-2002', 0)":"0088-PE-2002","('0088-PE-2002', 1)":null,"('0088-PE-2002', 2)":null,"('0088-PE-2002', 3)":null,"('0088-PE-2002', 4)":null},"Publicado en: ":{"('0088-PE-2002', 0)":"Tr\u00e1mite Parlamentario N\u00b0 123","('0088-PE-2002', 1)":null,"('0088-PE-2002', 2)":null,"('0088-PE-2002', 3)":null,"('0088-PE-2002', 4)":null},"Fecha: ":{"('0088-PE-2002', 0)":"29\/08\/2002","('0088-PE-2002', 1)":null,"('0088-PE-2002', 2)":null,"('0088-PE-2002', 3)":null,"('0088-PE-2002', 4)":null},"T\u00edtulo":{"('0088-PE-2002', 0)":"AUTORIZAR EL INGRESO AL TERRITORIO NACIONAL DEL CUERPO DE INFANTERIA DE MARINA DE LOS ESTADOS UNIDOS DE AMERICA PARA PARTICIPAR DEL EJERCICIO COMBINADO UNITAS ANFIBIO, QUE SE LLEVARA A CABO EN LA BASE NAVAL PUERTO BELGRANO, PROVINCIA DE BUENOS AIRES, DEL 19 AL 25 DE OCTUBRE DE 2002.","('0088-PE-2002', 1)":null,"('0088-PE-2002', 2)":null,"('0088-PE-2002', 3)":null,"('0088-PE-2002', 4)":null},"('Firmantes', 'FIRMANTE')":{"('0088-PE-2002', 0)":"DUHALDE, EDUARDO ALBERTO","('0088-PE-2002', 1)":"ATANASOF, ALFREDO NESTOR","('0088-PE-2002', 2)":"LAVAGNA, ROBERTO","('0088-PE-2002', 3)":"RUCKAUF, CARLOS FEDERICO","('0088-PE-2002', 4)":"JAUNARENA, JOSE HORACIO"},"('Firmantes', 'DISTRITO')":{"('0088-PE-2002', 0)":null,"('0088-PE-2002', 1)":null,"('0088-PE-2002', 2)":null,"('0088-PE-2002', 3)":null,"('0088-PE-2002', 4)":null},"('Firmantes', 'BLOQUE')":{"('0088-PE-2002', 0)":"PODER EJECUTIVO","('0088-PE-2002', 1)":"PODER EJECUTIVO","('0088-PE-2002', 2)":"PODER EJECUTIVO","('0088-PE-2002', 3)":"PODER EJECUTIVO","('0088-PE-2002', 4)":"PODER EJECUTIVO"},"('Giros', 'COMISI\u00d3N')":{"('0088-PE-2002', 0)":"DEFENSA NACIONAL","('0088-PE-2002', 1)":"RELACIONES EXTERIORES Y CULTO","('0088-PE-2002', 2)":null,"('0088-PE-2002', 3)":null,"('0088-PE-2002', 4)":null},"Link":{"('0088-PE-2002', 0)":"https:\/\/www4.hcdn.gob.ar\/dependencias\/dsecretaria\/Periodo2002\/PDF2002\/TP2002\/0088-PE-02.pdf","('0088-PE-2002', 1)":null,"('0088-PE-2002', 2)":null,"('0088-PE-2002', 3)":null,"('0088-PE-2002', 4)":null},"Palabra Clave":{"('0088-PE-2002', 0)":" ","('0088-PE-2002', 1)":null,"('0088-PE-2002', 2)":null,"('0088-PE-2002', 3)":null,"('0088-PE-2002', 4)":null}}