{"Tipo de Proyecto":{"('0089-S-2002', 0)":"PROYECTO DE LEY","('0089-S-2002', 1)":null,"('0089-S-2002', 2)":null,"('0089-S-2002', 3)":null},"Iniciado en: ":{"('0089-S-2002', 0)":"Senado","('0089-S-2002', 1)":null,"('0089-S-2002', 2)":null,"('0089-S-2002', 3)":null},"Expediente Diputados: ":{"('0089-S-2002', 0)":"0089-S-2002","('0089-S-2002', 1)":null,"('0089-S-2002', 2)":null,"('0089-S-2002', 3)":null},"Expediente Senado: ":{"('0089-S-2002', 0)":"1643-S-2002","('0089-S-2002', 1)":null,"('0089-S-2002', 2)":null,"('0089-S-2002', 3)":null},"Publicado en: ":{"('0089-S-2002', 0)":"Diario de Asuntos Entrados N\u00b0 186","('0089-S-2002', 1)":null,"('0089-S-2002', 2)":null,"('0089-S-2002', 3)":null},"Fecha: ":{"('0089-S-2002', 0)":"23\/07\/2002","('0089-S-2002', 1)":null,"('0089-S-2002', 2)":null,"('0089-S-2002', 3)":null},"T\u00edtulo":{"('0089-S-2002', 0)":"CODIGO ELECTORAL NACIONAL (LEY 19945): MODIFICACIONES.\n\n\n\n\n","('0089-S-2002', 1)":null,"('0089-S-2002', 2)":null,"('0089-S-2002', 3)":null},"('Firmantes', 'FIRMANTE')":{"('0089-S-2002', 0)":"MAQUEDA, JUAN CARLOS","('0089-S-2002', 1)":"PICHETTO, MIGUEL ANGEL","('0089-S-2002', 2)":"CAPITANICH, JORGE","('0089-S-2002', 3)":"PERCEVAL, MARIA CRISTINA"},"('Firmantes', 'DISTRITO')":{"('0089-S-2002', 0)":"CORDOBA","('0089-S-2002', 1)":"RIO NEGRO","('0089-S-2002', 2)":"CHACO","('0089-S-2002', 3)":"MENDOZA"},"('Firmantes', 'BLOQUE')":{"('0089-S-2002', 0)":"JUSTICIALISTA","('0089-S-2002', 1)":"JUSTICIALISTA","('0089-S-2002', 2)":"JUSTICIALISTA","('0089-S-2002', 3)":"JUSTICIALISTA"},"('Giros', 'COMISI\u00d3N')":{"('0089-S-2002', 0)":"ASUNTOS CONSTITUCIONALES","('0089-S-2002', 1)":null,"('0089-S-2002', 2)":null,"('0089-S-2002', 3)":null},"('Tramites', 'C\u00c1MARA')":{"('0089-S-2002', 0)":"Senado","('0089-S-2002', 1)":"Senado","('0089-S-2002', 2)":"Diputados","('0089-S-2002', 3)":"Diputados"},"('Tramites', 'MOVIMIENTO')":{"('0089-S-2002', 0)":"MOCION DE PREFERENCIA PARA LA PROXIMA SESION CON O SIN DICTAMEN (AFIRMATIVA)","('0089-S-2002', 1)":"CONSIDERACION Y APROBACION","('0089-S-2002', 2)":"PASA A DIPUTADOS - (TP 117)","('0089-S-2002', 3)":"CONSIDERACION Y SANCION CONJUNTAMENTE PARA LOS EXPEDIENTES 4697-D-2002, 0089-S-2002 y 1643-S-2002"},"('Tramites', 'FECHA')":{"('0089-S-2002', 0)":"01\/08\/2002","('0089-S-2002', 1)":"15\/08\/2002","('0089-S-2002', 2)":null,"('0089-S-2002', 3)":"18\/09\/2002"},"('Tramites', 'RESULTADO')":{"('0089-S-2002', 0)":null,"('0089-S-2002', 1)":"MEDIA SANCION","('0089-S-2002', 2)":null,"('0089-S-2002', 3)":"SANCIONADO"},"Sumario":{"('0089-S-2002', 0)":"SUSTITUCION DEL ARTICULO 156 (ELECCION DIRECTA DE LOS SENADORES NACIONALES POR LAS PROVINCIAS Y LA CIUDAD DE BUENOS AIRES).","('0089-S-2002', 1)":null,"('0089-S-2002', 2)":null,"('0089-S-2002', 3)":null},"Palabra Clave":{"('0089-S-2002', 0)":" ","('0089-S-2002', 1)":null,"('0089-S-2002', 2)":null,"('0089-S-2002', 3)":null}}