{"Tipo de Proyecto":{"('0089-PE-2002', 0)":"MENSAJE NRO: 1582\/02 Y PROYECTO DE LEY","('0089-PE-2002', 1)":null},"Iniciado en: ":{"('0089-PE-2002', 0)":"Diputados","('0089-PE-2002', 1)":null},"Expediente Diputados: ":{"('0089-PE-2002', 0)":"0089-PE-2002","('0089-PE-2002', 1)":null},"Publicado en: ":{"('0089-PE-2002', 0)":"Tr\u00e1mite Parlamentario N\u00b0 123","('0089-PE-2002', 1)":null},"Fecha: ":{"('0089-PE-2002', 0)":"29\/08\/2002","('0089-PE-2002', 1)":null},"T\u00edtulo":{"('0089-PE-2002', 0)":"AUTORIZAR EL INGRESO AL TERRITORIO NACIONAL DEL CUERPO DE INFANTERIA DE MARINA DE LOS ESTADOS UNIDOS DE AMERICA PARA PARTICIPAR DEL EJERCICIO COMBINADO FLUVIAL VI.","('0089-PE-2002', 1)":null},"('Firmantes', 'FIRMANTE')":{"('0089-PE-2002', 0)":"DUHALDE, EDUARDO ALBERTO","('0089-PE-2002', 1)":null},"('Firmantes', 'DISTRITO')":{"('0089-PE-2002', 0)":null,"('0089-PE-2002', 1)":null},"('Firmantes', 'BLOQUE')":{"('0089-PE-2002', 0)":"PODER EJECUTIVO","('0089-PE-2002', 1)":null},"('Giros', 'COMISI\u00d3N')":{"('0089-PE-2002', 0)":"DEFENSA NACIONAL","('0089-PE-2002', 1)":"RELACIONES EXTERIORES Y CULTO"},"Link":{"('0089-PE-2002', 0)":"https:\/\/www4.hcdn.gob.ar\/dependencias\/dsecretaria\/Periodo2002\/PDF2002\/TP2002\/0089-PE-02.pdf","('0089-PE-2002', 1)":null},"Palabra Clave":{"('0089-PE-2002', 0)":" ","('0089-PE-2002', 1)":null}}