{"Tipo de Proyecto":{"('0089-D-2002', 0)":"PROYECTO DE LEY","('0089-D-2002', 1)":null,"('0089-D-2002', 2)":null,"('0089-D-2002', 3)":null,"('0089-D-2002', 4)":null,"('0089-D-2002', 5)":null,"('0089-D-2002', 6)":null},"Iniciado en: ":{"('0089-D-2002', 0)":"Diputados","('0089-D-2002', 1)":null,"('0089-D-2002', 2)":null,"('0089-D-2002', 3)":null,"('0089-D-2002', 4)":null,"('0089-D-2002', 5)":null,"('0089-D-2002', 6)":null},"Expediente Diputados: ":{"('0089-D-2002', 0)":"0089-D-2002","('0089-D-2002', 1)":null,"('0089-D-2002', 2)":null,"('0089-D-2002', 3)":null,"('0089-D-2002', 4)":null,"('0089-D-2002', 5)":null,"('0089-D-2002', 6)":null},"Expediente Senado: ":{"('0089-D-2002', 0)":"0024-CD-2002","('0089-D-2002', 1)":null,"('0089-D-2002', 2)":null,"('0089-D-2002', 3)":null,"('0089-D-2002', 4)":null,"('0089-D-2002', 5)":null,"('0089-D-2002', 6)":null},"Publicado en: ":{"('0089-D-2002', 0)":"Tr\u00e1mite Parlamentario N\u00b0 2","('0089-D-2002', 1)":null,"('0089-D-2002', 2)":null,"('0089-D-2002', 3)":null,"('0089-D-2002', 4)":null,"('0089-D-2002', 5)":null,"('0089-D-2002', 6)":null},"Fecha: ":{"('0089-D-2002', 0)":"04\/03\/2002","('0089-D-2002', 1)":null,"('0089-D-2002', 2)":null,"('0089-D-2002', 3)":null,"('0089-D-2002', 4)":null,"('0089-D-2002', 5)":null,"('0089-D-2002', 6)":null},"T\u00edtulo":{"('0089-D-2002', 0)":"SUSPENSION POR TRESCIENTOS SESENTA Y CINCO DIAS DE LOS DERECHOS DE IMPORTACION, IMPUESTO AL VALOR AGREGADO Y TODO OTRO TRIBUTO SOBRE EQUIPAMIENTO, INSUMOS, REACTIVOS, DROGAS Y MEDICAMENTOS DE ORIGEN EXTRANJERO DESTINADOS A LA SALUD HUMANA.","('0089-D-2002', 1)":null,"('0089-D-2002', 2)":null,"('0089-D-2002', 3)":null,"('0089-D-2002', 4)":null,"('0089-D-2002', 5)":null,"('0089-D-2002', 6)":null},"('Firmantes', 'FIRMANTE')":{"('0089-D-2002', 0)":"MARTINEZ, SILVIA VIRGINIA","('0089-D-2002', 1)":null,"('0089-D-2002', 2)":null,"('0089-D-2002', 3)":null,"('0089-D-2002', 4)":null,"('0089-D-2002', 5)":null,"('0089-D-2002', 6)":null},"('Firmantes', 'DISTRITO')":{"('0089-D-2002', 0)":"BUENOS AIRES","('0089-D-2002', 1)":null,"('0089-D-2002', 2)":null,"('0089-D-2002', 3)":null,"('0089-D-2002', 4)":null,"('0089-D-2002', 5)":null,"('0089-D-2002', 6)":null},"('Firmantes', 'BLOQUE')":{"('0089-D-2002', 0)":"JUSTICIALISTA","('0089-D-2002', 1)":null,"('0089-D-2002', 2)":null,"('0089-D-2002', 3)":null,"('0089-D-2002', 4)":null,"('0089-D-2002', 5)":null,"('0089-D-2002', 6)":null},"('Giros', 'COMISI\u00d3N')":{"('0089-D-2002', 0)":"ACCION SOCIAL Y SALUD PUBLICA","('0089-D-2002', 1)":"PRESUPUESTO Y HACIENDA","('0089-D-2002', 2)":null,"('0089-D-2002', 3)":null,"('0089-D-2002', 4)":null,"('0089-D-2002', 5)":null,"('0089-D-2002', 6)":null},"('Tramites', 'C\u00c1MARA')":{"('0089-D-2002', 0)":"Diputados","('0089-D-2002', 1)":"Diputados","('0089-D-2002', 2)":"Diputados","('0089-D-2002', 3)":"Senado","('0089-D-2002', 4)":"Senado","('0089-D-2002', 5)":"Senado","('0089-D-2002', 6)":"Senado"},"('Tramites', 'MOVIMIENTO')":{"('0089-D-2002', 0)":"MOCION DE PREFERENCIA (AFIRMATIVA)","('0089-D-2002', 1)":"MOCION SOBRE TABLAS (AFIRMATIVA)","('0089-D-2002', 2)":"CONSIDERACION Y APROBACION CON MODIFICACIONES JUNTO CON EXPEDIENTE 0360-D-02","('0089-D-2002', 3)":"PASA A SENADO - (DAE 90)","('0089-D-2002', 4)":"COMUNICACION DE LA SECRETARIA PARLAMENTARIA DE LA H. CAMARA DE DIPUTADOS DE UNA FE DE ERRATAS (0026-CD-02) (DAE 92)","('0089-D-2002', 5)":"MOCION SOBRE TABLAS (AFIRMATIVA)","('0089-D-2002', 6)":"CONSIDERACION Y SANCION"},"('Tramites', 'FECHA')":{"('0089-D-2002', 0)":"13\/03\/2002","('0089-D-2002', 1)":"09\/05\/2002","('0089-D-2002', 2)":"09\/05\/2002","('0089-D-2002', 3)":null,"('0089-D-2002', 4)":null,"('0089-D-2002', 5)":"15\/05\/2002","('0089-D-2002', 6)":"15\/05\/2002"},"('Tramites', 'RESULTADO')":{"('0089-D-2002', 0)":null,"('0089-D-2002', 1)":null,"('0089-D-2002', 2)":"MEDIA SANCION","('0089-D-2002', 3)":null,"('0089-D-2002', 4)":null,"('0089-D-2002', 5)":null,"('0089-D-2002', 6)":"SANCIONADO"},"Sumario":{"('0089-D-2002', 0)":"EL MINISTERIO DE SALUD DE LA NACION A TRAVES DE LA ANMAT, EL INAME Y OTROS ORGANISMOS, CONFECCIONARA EL LISTADO DE LOS ELEMENTOS INCLUIDOS.","('0089-D-2002', 1)":null,"('0089-D-2002', 2)":null,"('0089-D-2002', 3)":null,"('0089-D-2002', 4)":null,"('0089-D-2002', 5)":null,"('0089-D-2002', 6)":null},"Palabra Clave":{"('0089-D-2002', 0)":" ","('0089-D-2002', 1)":null,"('0089-D-2002', 2)":null,"('0089-D-2002', 3)":null,"('0089-D-2002', 4)":null,"('0089-D-2002', 5)":null,"('0089-D-2002', 6)":null}}