{"Tipo de Proyecto":{"('0090-PE-2002', 0)":"MENSAJE NRO: 1632\/02 Y PROYECTO DE LEY","('0090-PE-2002', 1)":null,"('0090-PE-2002', 2)":null},"Iniciado en: ":{"('0090-PE-2002', 0)":"Diputados","('0090-PE-2002', 1)":null,"('0090-PE-2002', 2)":null},"Expediente Diputados: ":{"('0090-PE-2002', 0)":"0090-PE-2002","('0090-PE-2002', 1)":null,"('0090-PE-2002', 2)":null},"Publicado en: ":{"('0090-PE-2002', 0)":"Tr\u00e1mite Parlamentario N\u00b0 126","('0090-PE-2002', 1)":null,"('0090-PE-2002', 2)":null},"Fecha: ":{"('0090-PE-2002', 0)":"03\/09\/2002","('0090-PE-2002', 1)":null,"('0090-PE-2002', 2)":null},"T\u00edtulo":{"('0090-PE-2002', 0)":"MODIFICACION A LA LEY 24050, QUE REGULA LA COMPETENCIA PENAL EN EL PODER JUDICIAL DE LA NACION, EN LO RELACIONADO A LOS DELITOS PENALES ECONOMICOS.","('0090-PE-2002', 1)":null,"('0090-PE-2002', 2)":null},"('Firmantes', 'FIRMANTE')":{"('0090-PE-2002', 0)":"DUHALDE, EDUARDO ALBERTO","('0090-PE-2002', 1)":"ATANASOF, ALFREDO NESTOR","('0090-PE-2002', 2)":"ALVAREZ, JUAN JOSE"},"('Firmantes', 'DISTRITO')":{"('0090-PE-2002', 0)":null,"('0090-PE-2002', 1)":null,"('0090-PE-2002', 2)":null},"('Firmantes', 'BLOQUE')":{"('0090-PE-2002', 0)":"PODER EJECUTIVO","('0090-PE-2002', 1)":"PODER EJECUTIVO","('0090-PE-2002', 2)":"PODER EJECUTIVO"},"('Giros', 'COMISI\u00d3N')":{"('0090-PE-2002', 0)":"LEGISLACION PENAL","('0090-PE-2002', 1)":"JUSTICIA","('0090-PE-2002', 2)":null},"Sumario":{"('0090-PE-2002', 0)":"SUSTITUCION DEL ARTICULO 13 (COMPETENCIA DE LOS TRIBUNALES ORALES EN LO PENAL ECONOMICO); SUSTITUCION DEL ARTICULO 19 (COMPETENCIA DE LA CAMARA NACIONAL DE APELACIONES EN LO PENAL ECONOMICO DE LA CAPITAL FEDERAL).","('0090-PE-2002', 1)":null,"('0090-PE-2002', 2)":null},"Palabra Clave":{"('0090-PE-2002', 0)":" ","('0090-PE-2002', 1)":null,"('0090-PE-2002', 2)":null}}