{"Tipo de Proyecto":{"('0091-S-2002', 0)":"PROYECTO DE LEY","('0091-S-2002', 1)":null},"Iniciado en: ":{"('0091-S-2002', 0)":"Senado","('0091-S-2002', 1)":null},"Expediente Diputados: ":{"('0091-S-2002', 0)":"0091-S-2002","('0091-S-2002', 1)":null},"Expediente Senado: ":{"('0091-S-2002', 0)":"0697-S-2002","('0091-S-2002', 1)":null},"Publicado en: ":{"('0091-S-2002', 0)":"Diario de Asuntos Entrados N\u00b0 82","('0091-S-2002', 1)":null},"Fecha: ":{"('0091-S-2002', 0)":"08\/05\/2002","('0091-S-2002', 1)":null},"T\u00edtulo":{"('0091-S-2002', 0)":"MODIFICACION DE LA LEY 19303 DE REGULACION PARA LA IMPORTACION, EXPORTACION, FABRICACION, FRACCIONAMIENTO, CIRCULACION Y EXPENDIO DE PSICOTROPICOS.","('0091-S-2002', 1)":null},"('Firmantes', 'FIRMANTE')":{"('0091-S-2002', 0)":"LAMBERTO, OSCAR","('0091-S-2002', 1)":null},"('Firmantes', 'DISTRITO')":{"('0091-S-2002', 0)":"SANTA FE","('0091-S-2002', 1)":null},"('Firmantes', 'BLOQUE')":{"('0091-S-2002', 0)":"JUSTICIALISTA","('0091-S-2002', 1)":null},"('Giros', 'COMISI\u00d3N')":{"('0091-S-2002', 0)":"ACCION SOCIAL Y SALUD PUBLICA","('0091-S-2002', 1)":"DROGADICCION"},"('Tramites', 'C\u00c1MARA')":{"('0091-S-2002', 0)":"Senado","('0091-S-2002', 1)":"Diputados"},"('Tramites', 'MOVIMIENTO')":{"('0091-S-2002', 0)":"CONSIDERACION Y APROBACION","('0091-S-2002', 1)":"PASA A DIPUTADOS - (TP 118)"},"('Tramites', 'FECHA')":{"('0091-S-2002', 0)":"15\/08\/2002","('0091-S-2002', 1)":null},"('Tramites', 'RESULTADO')":{"('0091-S-2002', 0)":"MEDIA SANCION","('0091-S-2002', 1)":null},"Sumario":{"('0091-S-2002', 0)":"INCORPORACION A CONTINUACION DEL ARTICULO 37 DE UN ARTICULO REFERENTE A LOS SISTEMAS DE REGISTRACION MECANICOS O ELECTRONICOS.","('0091-S-2002', 1)":null},"Palabra Clave":{"('0091-S-2002', 0)":" ","('0091-S-2002', 1)":null}}