{"Tipo de Proyecto":{"('0091-D-2002', 0)":"PROYECTO DE RESOLUCI\u00d3N","('0091-D-2002', 1)":null,"('0091-D-2002', 2)":null,"('0091-D-2002', 3)":null,"('0091-D-2002', 4)":null,"('0091-D-2002', 5)":null,"('0091-D-2002', 6)":null,"('0091-D-2002', 7)":null},"Iniciado en: ":{"('0091-D-2002', 0)":"Diputados","('0091-D-2002', 1)":null,"('0091-D-2002', 2)":null,"('0091-D-2002', 3)":null,"('0091-D-2002', 4)":null,"('0091-D-2002', 5)":null,"('0091-D-2002', 6)":null,"('0091-D-2002', 7)":null},"Expediente Diputados: ":{"('0091-D-2002', 0)":"0091-D-2002","('0091-D-2002', 1)":null,"('0091-D-2002', 2)":null,"('0091-D-2002', 3)":null,"('0091-D-2002', 4)":null,"('0091-D-2002', 5)":null,"('0091-D-2002', 6)":null,"('0091-D-2002', 7)":null},"Publicado en: ":{"('0091-D-2002', 0)":"Tr\u00e1mite Parlamentario N\u00b0 2","('0091-D-2002', 1)":null,"('0091-D-2002', 2)":null,"('0091-D-2002', 3)":null,"('0091-D-2002', 4)":null,"('0091-D-2002', 5)":null,"('0091-D-2002', 6)":null,"('0091-D-2002', 7)":null},"Fecha: ":{"('0091-D-2002', 0)":"04\/03\/2002","('0091-D-2002', 1)":null,"('0091-D-2002', 2)":null,"('0091-D-2002', 3)":null,"('0091-D-2002', 4)":null,"('0091-D-2002', 5)":null,"('0091-D-2002', 6)":null,"('0091-D-2002', 7)":null},"T\u00edtulo":{"('0091-D-2002', 0)":"DESIGNACION DE LOS SE\u00d1ORES LEGISLADORES PARA QUE INTEGREN LAS COMISIONES BICAMERALES CREADAS POR EL ARTICULO 14 DE LA LEY 23696 Y EL ARTICULO 20 DE LA LEY 25561 DE SEGUIMIENTO DE DICHAS NORMAS.","('0091-D-2002', 1)":null,"('0091-D-2002', 2)":null,"('0091-D-2002', 3)":null,"('0091-D-2002', 4)":null,"('0091-D-2002', 5)":null,"('0091-D-2002', 6)":null,"('0091-D-2002', 7)":null},"('Firmantes', 'FIRMANTE')":{"('0091-D-2002', 0)":"GARCIA, EDUARDO DANIEL","('0091-D-2002', 1)":"GIUSTINIANI, RUBEN HECTOR","('0091-D-2002', 2)":"BASTEIRO, SERGIO ARIEL","('0091-D-2002', 3)":"MELILLO, FERNANDO CESAR","('0091-D-2002', 4)":"POLINO, HECTOR TEODORO","('0091-D-2002', 5)":"BRAVO, ALFREDO PEDRO","('0091-D-2002', 6)":"RIVAS, JORGE","('0091-D-2002', 7)":"GONZALEZ, OSCAR ROBERTO"},"('Firmantes', 'DISTRITO')":{"('0091-D-2002', 0)":"CORDOBA","('0091-D-2002', 1)":"SANTA FE","('0091-D-2002', 2)":"BUENOS AIRES","('0091-D-2002', 3)":"CIUDAD de BUENOS AIRES","('0091-D-2002', 4)":"CIUDAD de BUENOS AIRES","('0091-D-2002', 5)":"CIUDAD de BUENOS AIRES","('0091-D-2002', 6)":"BUENOS AIRES","('0091-D-2002', 7)":"BUENOS AIRES"},"('Firmantes', 'BLOQUE')":{"('0091-D-2002', 0)":"PARTIDO SOCIALISTA POPULAR","('0091-D-2002', 1)":"PARTIDO SOCIALISTA POPULAR","('0091-D-2002', 2)":"ARI","('0091-D-2002', 3)":"FRENTE GRANDE","('0091-D-2002', 4)":"ARI","('0091-D-2002', 5)":"ARI","('0091-D-2002', 6)":"ARI","('0091-D-2002', 7)":"ARI"},"('Giros', 'COMISI\u00d3N')":{"('0091-D-2002', 0)":"PETICIONES, PODERES Y REGLAMENTO","('0091-D-2002', 1)":null,"('0091-D-2002', 2)":null,"('0091-D-2002', 3)":null,"('0091-D-2002', 4)":null,"('0091-D-2002', 5)":null,"('0091-D-2002', 6)":null,"('0091-D-2002', 7)":null},"Sumario":{"('0091-D-2002', 0)":"SOLICITUD A LOS SE\u00d1ORES PRESIDENTES DE LAS CAMARAS DE DIPUTADOS Y SENADORES.","('0091-D-2002', 1)":null,"('0091-D-2002', 2)":null,"('0091-D-2002', 3)":null,"('0091-D-2002', 4)":null,"('0091-D-2002', 5)":null,"('0091-D-2002', 6)":null,"('0091-D-2002', 7)":null},"Palabra Clave":{"('0091-D-2002', 0)":" ","('0091-D-2002', 1)":null,"('0091-D-2002', 2)":null,"('0091-D-2002', 3)":null,"('0091-D-2002', 4)":null,"('0091-D-2002', 5)":null,"('0091-D-2002', 6)":null,"('0091-D-2002', 7)":null}}