{"Tipo de Proyecto":{"('0092-OV-2002', 0)":"PROYECTO DE RESOLUCI\u00d3N"},"Iniciado en: ":{"('0092-OV-2002', 0)":"Senado"},"Expediente Senado: ":{"('0092-OV-2002', 0)":"0092-OV-2002"},"Fecha: ":{"('0092-OV-2002', 0)":"17\/11\/2003"},"T\u00edtulo":{"('0092-OV-2002', 0)":"RESOLUCION REMITIDA POR LA AUDITORIA GENERAL DE LA NACION SOBRE INFORME DE AUDITORIA DE GESTION DEL PROGRAMA 40, REFERENTE A CAPACIDAD OPERACIONAL DE LA DIRECCION NACIONAL DE GENDARMERIA."},"('Firmantes', 'FIRMANTE')":{"('0092-OV-2002', 0)":"PARLAMENTARIA MIXTA REVISORA DE CUENTAS"},"('Firmantes', 'DISTRITO')":{"('0092-OV-2002', 0)":null},"('Firmantes', 'BLOQUE')":{"('0092-OV-2002', 0)":null},"('Tramites', 'C\u00c1MARA')":{"('0092-OV-2002', 0)":"Senado"},"('Tramites', 'MOVIMIENTO')":{"('0092-OV-2002', 0)":"CONSIDERACION Y APROBACION (AL ARCHIVO)"},"('Tramites', 'FECHA')":{"('0092-OV-2002', 0)":"04\/12\/2003"},"('Tramites', 'RESULTADO')":{"('0092-OV-2002', 0)":"ARCHIVADO"},"Sumario":{"('0092-OV-2002', 0)":"HABIENDO TOMADO CONOCIMIENTO, SE RECOMIENDA SU REMISION AL ARCHIVO."},"Palabra Clave":{"('0092-OV-2002', 0)":" "}}