{"Tipo de Proyecto":{"('0092-PE-2002', 0)":"MENSAJE NRO: 1658\/02","('0092-PE-2002', 1)":null,"('0092-PE-2002', 2)":null,"('0092-PE-2002', 3)":null},"Iniciado en: ":{"('0092-PE-2002', 0)":"Diputados","('0092-PE-2002', 1)":null,"('0092-PE-2002', 2)":null,"('0092-PE-2002', 3)":null},"Expediente Diputados: ":{"('0092-PE-2002', 0)":"0092-PE-2002","('0092-PE-2002', 1)":null,"('0092-PE-2002', 2)":null,"('0092-PE-2002', 3)":null},"Publicado en: ":{"('0092-PE-2002', 0)":"Tr\u00e1mite Parlamentario N\u00b0 129","('0092-PE-2002', 1)":null,"('0092-PE-2002', 2)":null,"('0092-PE-2002', 3)":null},"Fecha: ":{"('0092-PE-2002', 0)":"06\/09\/2002","('0092-PE-2002', 1)":null,"('0092-PE-2002', 2)":null,"('0092-PE-2002', 3)":null},"T\u00edtulo":{"('0092-PE-2002', 0)":"DECRETO 1657\/02 POR EL CUAL SE SUSPENDE EL REGIMEN PREVISTO POR LOS DECRETOS 424\/01, 1615\/01, 979\/01, 1005\/01, Y 1226\/01, SOBRE CANCELACION DE OBLIGACIONES TRIBUTARIAS NACIONALES CON TITULOS DE LA DEUDA PUBLICA. ","('0092-PE-2002', 1)":null,"('0092-PE-2002', 2)":null,"('0092-PE-2002', 3)":null},"('Firmantes', 'FIRMANTE')":{"('0092-PE-2002', 0)":"DUHALDE, EDUARDO ALBERTO","('0092-PE-2002', 1)":"ATANASOF, ALFREDO NESTOR","('0092-PE-2002', 2)":"LAVAGNA, ROBERTO","('0092-PE-2002', 3)":"MATZKIN, JORGE RUBEN"},"('Firmantes', 'DISTRITO')":{"('0092-PE-2002', 0)":null,"('0092-PE-2002', 1)":null,"('0092-PE-2002', 2)":null,"('0092-PE-2002', 3)":null},"('Firmantes', 'BLOQUE')":{"('0092-PE-2002', 0)":"PODER EJECUTIVO","('0092-PE-2002', 1)":"PODER EJECUTIVO","('0092-PE-2002', 2)":"PODER EJECUTIVO","('0092-PE-2002', 3)":"PODER EJECUTIVO"},"('Giros', 'COMISI\u00d3N')":{"('0092-PE-2002', 0)":"BICAMERAL DE SEGUIMIENTO DE FACULTADES DELEGADAS AL PODER EJECUTIVO NACIONAL - LEY 25561","('0092-PE-2002', 1)":null,"('0092-PE-2002', 2)":null,"('0092-PE-2002', 3)":null},"Sumario":{"('0092-PE-2002', 0)":"COMUNICACION DEL DICTADO DEL MISMO.","('0092-PE-2002', 1)":null,"('0092-PE-2002', 2)":null,"('0092-PE-2002', 3)":null},"Palabra Clave":{"('0092-PE-2002', 0)":" ","('0092-PE-2002', 1)":null,"('0092-PE-2002', 2)":null,"('0092-PE-2002', 3)":null}}