{"Tipo de Proyecto":{"('0093-D-2002', 0)":"PROYECTO DE DECLARACI\u00d3N","('0093-D-2002', 1)":null},"Iniciado en: ":{"('0093-D-2002', 0)":"Diputados","('0093-D-2002', 1)":null},"Expediente Diputados: ":{"('0093-D-2002', 0)":"0093-D-2002","('0093-D-2002', 1)":null},"Publicado en: ":{"('0093-D-2002', 0)":"Tr\u00e1mite Parlamentario N\u00b0 2","('0093-D-2002', 1)":null},"Fecha: ":{"('0093-D-2002', 0)":"04\/03\/2002","('0093-D-2002', 1)":null},"T\u00edtulo":{"('0093-D-2002', 0)":"LABOR DE CIENTIFICOS PALEONTOLOGOS DE LA UNIVERSIDAD NACIONAL DEL COMAHUE (UNC) AL DESCUBRIR FOSILES DE UN DINOSAURIO HERBIVORO DEL PERIODO CRETACICO EN LA COSTA DEL LAGO LOS BARREALES, LOMA DE LA LATA, PROVINCIA DEL NEUQUEN.","('0093-D-2002', 1)":null},"('Firmantes', 'FIRMANTE')":{"('0093-D-2002', 0)":"JALIL, LUIS JULIAN","('0093-D-2002', 1)":"LOZANO, ENCARNACION"},"('Firmantes', 'DISTRITO')":{"('0093-D-2002', 0)":"NEUQUEN","('0093-D-2002', 1)":"NEUQUEN"},"('Firmantes', 'BLOQUE')":{"('0093-D-2002', 0)":"MOV POP NEUQUINO","('0093-D-2002', 1)":"MOV POP NEUQUINO"},"('Giros', 'COMISI\u00d3N')":{"('0093-D-2002', 0)":"CULTURA","('0093-D-2002', 1)":null},"('Tramites', 'C\u00c1MARA')":{"('0093-D-2002', 0)":"Diputados","('0093-D-2002', 1)":null},"('Tramites', 'MOVIMIENTO')":{"('0093-D-2002', 0)":"CONSIDERACION Y APROBACION","('0093-D-2002', 1)":null},"('Tramites', 'FECHA')":{"('0093-D-2002', 0)":"09\/05\/2002","('0093-D-2002', 1)":null},"('Tramites', 'RESULTADO')":{"('0093-D-2002', 0)":"APROBADO","('0093-D-2002', 1)":null},"Sumario":{"('0093-D-2002', 0)":"EXPRESION DE BENEPLACITO.","('0093-D-2002', 1)":null},"Palabra Clave":{"('0093-D-2002', 0)":" ","('0093-D-2002', 1)":null}}