{"Tipo de Proyecto":{"('0093-S-2002', 0)":"PROYECTO DE LEY","('0093-S-2002', 1)":null,"('0093-S-2002', 2)":null,"('0093-S-2002', 3)":null},"Iniciado en: ":{"('0093-S-2002', 0)":"Senado","('0093-S-2002', 1)":null,"('0093-S-2002', 2)":null,"('0093-S-2002', 3)":null},"Expediente Diputados: ":{"('0093-S-2002', 0)":"0093-S-2002","('0093-S-2002', 1)":null,"('0093-S-2002', 2)":null,"('0093-S-2002', 3)":null},"Expediente Senado: ":{"('0093-S-2002', 0)":"0991-S-2002","('0093-S-2002', 1)":null,"('0093-S-2002', 2)":null,"('0093-S-2002', 3)":null},"Publicado en: ":{"('0093-S-2002', 0)":"Diario de Asuntos Entrados N\u00b0 115","('0093-S-2002', 1)":null,"('0093-S-2002', 2)":null,"('0093-S-2002', 3)":null},"Fecha: ":{"('0093-S-2002', 0)":"29\/05\/2002","('0093-S-2002', 1)":null,"('0093-S-2002', 2)":null,"('0093-S-2002', 3)":null},"T\u00edtulo":{"('0093-S-2002', 0)":"CREACION DE LA COMISION NACIONAL DE TRABAJO BANCARIO.","('0093-S-2002', 1)":null,"('0093-S-2002', 2)":null,"('0093-S-2002', 3)":null},"('Firmantes', 'FIRMANTE')":{"('0093-S-2002', 0)":"BARRIONUEVO, JOSE LUIS","('0093-S-2002', 1)":null,"('0093-S-2002', 2)":null,"('0093-S-2002', 3)":null},"('Firmantes', 'DISTRITO')":{"('0093-S-2002', 0)":"CATAMARCA","('0093-S-2002', 1)":null,"('0093-S-2002', 2)":null,"('0093-S-2002', 3)":null},"('Firmantes', 'BLOQUE')":{"('0093-S-2002', 0)":"JUSTICIALISTA","('0093-S-2002', 1)":null,"('0093-S-2002', 2)":null,"('0093-S-2002', 3)":null},"('Giros', 'COMISI\u00d3N')":{"('0093-S-2002', 0)":"LEGISLACION DEL TRABAJO","('0093-S-2002', 1)":"FINANZAS","('0093-S-2002', 2)":"ASUNTOS CONSTITUCIONALES","('0093-S-2002', 3)":"ACCION SOCIAL Y SALUD PUBLICA"},"('Tramites', 'C\u00c1MARA')":{"('0093-S-2002', 0)":"Senado","('0093-S-2002', 1)":"Diputados","('0093-S-2002', 2)":"Diputados","('0093-S-2002', 3)":null},"('Tramites', 'MOVIMIENTO')":{"('0093-S-2002', 0)":"CONSIDERACION Y APROBACION CON MODIFICACIONES","('0093-S-2002', 1)":"PASA A DIPUTADOS - (TP 118)","('0093-S-2002', 2)":"RESOLUCION DE PRESIDENCIA AMPLIACION DEL GIRO A LA COMISION DE ACCION SOCIAL Y SALUD PUBLICA (BAE 27\/02)","('0093-S-2002', 3)":null},"('Tramites', 'FECHA')":{"('0093-S-2002', 0)":"15\/08\/2002","('0093-S-2002', 1)":null,"('0093-S-2002', 2)":"18\/09\/2002","('0093-S-2002', 3)":null},"('Tramites', 'RESULTADO')":{"('0093-S-2002', 0)":"MEDIA SANCION","('0093-S-2002', 1)":null,"('0093-S-2002', 2)":null,"('0093-S-2002', 3)":null},"Sumario":{"('0093-S-2002', 0)":"INTEGRACION; DESTINO A LA OBRA SOCIAL BANCARIA DEL APORTE POR COMISIONES QUE EFECTUAN LAS ENTIDADES BANCARIAS; SE DEJA SIN EFECTO EL ARTICULO 11 DEL DECRETO 492\/95 Y LOS DECRETOS 263\/96, 915\/96 Y 336\/98.","('0093-S-2002', 1)":null,"('0093-S-2002', 2)":null,"('0093-S-2002', 3)":null},"Palabra Clave":{"('0093-S-2002', 0)":" ","('0093-S-2002', 1)":null,"('0093-S-2002', 2)":null,"('0093-S-2002', 3)":null}}