{"Tipo de Proyecto":{"('0094-D-2002', 0)":"PROYECTO DE RESOLUCI\u00d3N","('0094-D-2002', 1)":null},"Iniciado en: ":{"('0094-D-2002', 0)":"Diputados","('0094-D-2002', 1)":null},"Expediente Diputados: ":{"('0094-D-2002', 0)":"0094-D-2002","('0094-D-2002', 1)":null},"Publicado en: ":{"('0094-D-2002', 0)":"Tr\u00e1mite Parlamentario N\u00b0 2","('0094-D-2002', 1)":null},"Fecha: ":{"('0094-D-2002', 0)":"04\/03\/2002","('0094-D-2002', 1)":null},"T\u00edtulo":{"('0094-D-2002', 0)":"PEDIDO DE INFORMES: SOBRE UN POSIBLE REBROTE DE HANTA VIRUS EN LA CIUDAD DE JUNIN DE LOS ANDES Y SUS ALREDEDORES (PROVINCIA DEL NEUQUEN) A CUSA DE UNA RATADA.","('0094-D-2002', 1)":null},"('Firmantes', 'FIRMANTE')":{"('0094-D-2002', 0)":"JALIL, LUIS JULIAN","('0094-D-2002', 1)":"LOZANO, ENCARNACION"},"('Firmantes', 'DISTRITO')":{"('0094-D-2002', 0)":"NEUQUEN","('0094-D-2002', 1)":"NEUQUEN"},"('Firmantes', 'BLOQUE')":{"('0094-D-2002', 0)":"MOV POP NEUQUINO","('0094-D-2002', 1)":"MOV POP NEUQUINO"},"('Giros', 'COMISI\u00d3N')":{"('0094-D-2002', 0)":"ACCION SOCIAL Y SALUD PUBLICA","('0094-D-2002', 1)":null},"Sumario":{"('0094-D-2002', 0)":"SOLICITUD AL PODER EJECUTIVO NACIONAL.","('0094-D-2002', 1)":null},"Palabra Clave":{"('0094-D-2002', 0)":" ","('0094-D-2002', 1)":null}}