{"Tipo de Proyecto":{"('0095-S-2002', 0)":"PROYECTO DE LEY","('0095-S-2002', 1)":null,"('0095-S-2002', 2)":null},"Iniciado en: ":{"('0095-S-2002', 0)":"Senado","('0095-S-2002', 1)":null,"('0095-S-2002', 2)":null},"Expediente Diputados: ":{"('0095-S-2002', 0)":"0095-S-2002","('0095-S-2002', 1)":null,"('0095-S-2002', 2)":null},"Expediente Senado: ":{"('0095-S-2002', 0)":"1677-S-2001","('0095-S-2002', 1)":null,"('0095-S-2002', 2)":null},"Publicado en: ":{"('0095-S-2002', 0)":"Diario de Asuntos Entrados N\u00b0 118","('0095-S-2002', 1)":null,"('0095-S-2002', 2)":null},"Fecha: ":{"('0095-S-2002', 0)":"28\/11\/2001","('0095-S-2002', 1)":null,"('0095-S-2002', 2)":null},"T\u00edtulo":{"('0095-S-2002', 0)":"ACTIVIDADES CIENTIFICO - TECNICAS DE PROTECCION AMBIENTAL Y DE TURISMO SUSTENTABLE ANTARTICAS, DESPLEGADAS POR LA REPUBLICA ARGENTINA.","('0095-S-2002', 1)":null,"('0095-S-2002', 2)":null},"('Firmantes', 'FIRMANTE')":{"('0095-S-2002', 0)":"GIOJA, JOSE LUIS","('0095-S-2002', 1)":null,"('0095-S-2002', 2)":null},"('Firmantes', 'DISTRITO')":{"('0095-S-2002', 0)":"SAN JUAN","('0095-S-2002', 1)":null,"('0095-S-2002', 2)":null},"('Firmantes', 'BLOQUE')":{"('0095-S-2002', 0)":"JUSTICIALISTA","('0095-S-2002', 1)":null,"('0095-S-2002', 2)":null},"('Giros', 'COMISI\u00d3N')":{"('0095-S-2002', 0)":"DEFENSA NACIONAL","('0095-S-2002', 1)":"RECURSOS NATURALES Y CONSERVACION DEL AMBIENTE HUMANO","('0095-S-2002', 2)":"TURISMO"},"('Tramites', 'C\u00c1MARA')":{"('0095-S-2002', 0)":"Senado","('0095-S-2002', 1)":"Diputados","('0095-S-2002', 2)":"Diputados"},"('Tramites', 'MOVIMIENTO')":{"('0095-S-2002', 0)":"CONSIDERACION Y APROBACION CON MODIFICACIONES","('0095-S-2002', 1)":"PASA A DIPUTADOS - (TP 118)","('0095-S-2002', 2)":"CONSIDERACION Y SANCION"},"('Tramites', 'FECHA')":{"('0095-S-2002', 0)":"15\/08\/2002","('0095-S-2002', 1)":null,"('0095-S-2002', 2)":"28\/11\/2002"},"('Tramites', 'RESULTADO')":{"('0095-S-2002', 0)":"MEDIA SANCION","('0095-S-2002', 1)":null,"('0095-S-2002', 2)":"SANCIONADO"},"Sumario":{"('0095-S-2002', 0)":"DECLARACION DE INTERES NACIONAL.","('0095-S-2002', 1)":null,"('0095-S-2002', 2)":null},"Palabra Clave":{"('0095-S-2002', 0)":" ","('0095-S-2002', 1)":null,"('0095-S-2002', 2)":null}}