{"Tipo de Proyecto":{"('0095-PE-2002', 0)":"MENSAJE NRO: 1810\/02 Y PROYECTO DE LEY","('0095-PE-2002', 1)":null,"('0095-PE-2002', 2)":null},"Iniciado en: ":{"('0095-PE-2002', 0)":"Diputados","('0095-PE-2002', 1)":null,"('0095-PE-2002', 2)":null},"Expediente Diputados: ":{"('0095-PE-2002', 0)":"0095-PE-2002","('0095-PE-2002', 1)":null,"('0095-PE-2002', 2)":null},"Publicado en: ":{"('0095-PE-2002', 0)":"Tr\u00e1mite Parlamentario N\u00b0 133","('0095-PE-2002', 1)":null,"('0095-PE-2002', 2)":null},"Fecha: ":{"('0095-PE-2002', 0)":"12\/09\/2002","('0095-PE-2002', 1)":null,"('0095-PE-2002', 2)":null},"T\u00edtulo":{"('0095-PE-2002', 0)":"AUTORIZAR LA TRANSFERENCIA A LA CIUDAD AUTONOMA DE BUENOS AIRES DEL TERRENO DONDE ACTUALMENTE FUNCIONA EL MERCADO DE LINIERS SOCIEDAD ANONIMA.","('0095-PE-2002', 1)":null,"('0095-PE-2002', 2)":null},"('Firmantes', 'FIRMANTE')":{"('0095-PE-2002', 0)":"DUHALDE, EDUARDO ALBERTO","('0095-PE-2002', 1)":"ATANASOF, ALFREDO NESTOR","('0095-PE-2002', 2)":"LAVAGNA, ROBERTO"},"('Firmantes', 'DISTRITO')":{"('0095-PE-2002', 0)":null,"('0095-PE-2002', 1)":null,"('0095-PE-2002', 2)":null},"('Firmantes', 'BLOQUE')":{"('0095-PE-2002', 0)":"PODER EJECUTIVO","('0095-PE-2002', 1)":"PODER EJECUTIVO","('0095-PE-2002', 2)":"PODER EJECUTIVO"},"('Giros', 'COMISI\u00d3N')":{"('0095-PE-2002', 0)":"LEGISLACION GENERAL","('0095-PE-2002', 1)":"AGRICULTURA Y GANADERIA","('0095-PE-2002', 2)":"ASUNTOS MUNICIPALES"},"Link":{"('0095-PE-2002', 0)":"https:\/\/www4.hcdn.gob.ar\/dependencias\/dsecretaria\/Periodo2002\/PDF2002\/TP2002\/0095-PE-02.pdf","('0095-PE-2002', 1)":null,"('0095-PE-2002', 2)":null},"Palabra Clave":{"('0095-PE-2002', 0)":" ","('0095-PE-2002', 1)":null,"('0095-PE-2002', 2)":null}}