{"Tipo de Proyecto":{"('0097-PE-2002', 0)":"MENSAJE NRO: 1831\/02","('0097-PE-2002', 1)":null,"('0097-PE-2002', 2)":null},"Iniciado en: ":{"('0097-PE-2002', 0)":"Diputados","('0097-PE-2002', 1)":null,"('0097-PE-2002', 2)":null},"Expediente Diputados: ":{"('0097-PE-2002', 0)":"0097-PE-2002","('0097-PE-2002', 1)":null,"('0097-PE-2002', 2)":null},"Publicado en: ":{"('0097-PE-2002', 0)":"Tr\u00e1mite Parlamentario N\u00b0 137","('0097-PE-2002', 1)":null,"('0097-PE-2002', 2)":null},"Fecha: ":{"('0097-PE-2002', 0)":"17\/09\/2002","('0097-PE-2002', 1)":null,"('0097-PE-2002', 2)":null},"T\u00edtulo":{"('0097-PE-2002', 0)":"COMUNICA EL DICTADO DEL DECRETO 1818\/02, POR EL CUAL SE DESIGNA AL DOCTOR JORGE GUSTAVO SIMEONOFF COMO SECRETARIO Y COORDINADOR GENERAL DE LA COMISION DE RENEGOCIACION DE LOS CONTRATOS DE OBRAS Y SERVICIOS PUBLICOS.","('0097-PE-2002', 1)":null,"('0097-PE-2002', 2)":null},"('Firmantes', 'FIRMANTE')":{"('0097-PE-2002', 0)":"DUHALDE, EDUARDO ALBERTO","('0097-PE-2002', 1)":"ATANASOF, ALFREDO NESTOR","('0097-PE-2002', 2)":"LAVAGNA, ROBERTO"},"('Firmantes', 'DISTRITO')":{"('0097-PE-2002', 0)":null,"('0097-PE-2002', 1)":null,"('0097-PE-2002', 2)":null},"('Firmantes', 'BLOQUE')":{"('0097-PE-2002', 0)":"PODER EJECUTIVO","('0097-PE-2002', 1)":"PODER EJECUTIVO","('0097-PE-2002', 2)":"PODER EJECUTIVO"},"('Giros', 'COMISI\u00d3N')":{"('0097-PE-2002', 0)":"BICAMERAL DE SEGUIMIENTO DE FACULTADES DELEGADAS AL PODER EJECUTIVO NACIONAL - LEY 25561","('0097-PE-2002', 1)":null,"('0097-PE-2002', 2)":null},"Palabra Clave":{"('0097-PE-2002', 0)":" ","('0097-PE-2002', 1)":null,"('0097-PE-2002', 2)":null}}