{"Tipo de Proyecto":{"('0098-PE-2002', 0)":"MENSAJE NRO: 1835\/02","('0098-PE-2002', 1)":null,"('0098-PE-2002', 2)":null},"Iniciado en: ":{"('0098-PE-2002', 0)":"Diputados","('0098-PE-2002', 1)":null,"('0098-PE-2002', 2)":null},"Expediente Diputados: ":{"('0098-PE-2002', 0)":"0098-PE-2002","('0098-PE-2002', 1)":null,"('0098-PE-2002', 2)":null},"Publicado en: ":{"('0098-PE-2002', 0)":"Tr\u00e1mite Parlamentario N\u00b0 137","('0098-PE-2002', 1)":null,"('0098-PE-2002', 2)":null},"Fecha: ":{"('0098-PE-2002', 0)":"17\/09\/2002","('0098-PE-2002', 1)":null,"('0098-PE-2002', 2)":null},"T\u00edtulo":{"('0098-PE-2002', 0)":"COMUNICA EL DICTADO DEL DECRETO 1834\/02, POR EL CUAL SE ESTABLECE QUE MIENTRAS DURE LA EMERGENCIA PUBLICA, LAS EMPRESAS CONCESIONARIAS DE SERVICIOS PUBLICOS QUE INGRESEN EN ESTADO FALENCIAL, NO PODRAN RESCINDIR LOS CONTRATOS DE CONCESION CELEBRADOS.","('0098-PE-2002', 1)":null,"('0098-PE-2002', 2)":null},"('Firmantes', 'FIRMANTE')":{"('0098-PE-2002', 0)":"DUHALDE, EDUARDO ALBERTO","('0098-PE-2002', 1)":"ATANASOF, ALFREDO NESTOR","('0098-PE-2002', 2)":"LAVAGNA, ROBERTO"},"('Firmantes', 'DISTRITO')":{"('0098-PE-2002', 0)":null,"('0098-PE-2002', 1)":null,"('0098-PE-2002', 2)":null},"('Firmantes', 'BLOQUE')":{"('0098-PE-2002', 0)":"PODER EJECUTIVO","('0098-PE-2002', 1)":"PODER EJECUTIVO","('0098-PE-2002', 2)":"PODER EJECUTIVO"},"('Giros', 'COMISI\u00d3N')":{"('0098-PE-2002', 0)":"BICAMERAL DE SEGUIMIENTO DE FACULTADES DELEGADAS AL PODER EJECUTIVO NACIONAL - LEY 25561","('0098-PE-2002', 1)":null,"('0098-PE-2002', 2)":null},"Palabra Clave":{"('0098-PE-2002', 0)":" ","('0098-PE-2002', 1)":null,"('0098-PE-2002', 2)":null}}