{"Tipo de Proyecto":{"('0098-S-2002', 0)":"PROYECTO DE LEY","('0098-S-2002', 1)":null,"('0098-S-2002', 2)":null,"('0098-S-2002', 3)":null,"('0098-S-2002', 4)":null,"('0098-S-2002', 5)":null,"('0098-S-2002', 6)":null,"('0098-S-2002', 7)":null,"('0098-S-2002', 8)":null,"('0098-S-2002', 9)":null,"('0098-S-2002', 10)":null},"Iniciado en: ":{"('0098-S-2002', 0)":"Senado","('0098-S-2002', 1)":null,"('0098-S-2002', 2)":null,"('0098-S-2002', 3)":null,"('0098-S-2002', 4)":null,"('0098-S-2002', 5)":null,"('0098-S-2002', 6)":null,"('0098-S-2002', 7)":null,"('0098-S-2002', 8)":null,"('0098-S-2002', 9)":null,"('0098-S-2002', 10)":null},"Expediente Diputados: ":{"('0098-S-2002', 0)":"0098-S-2002","('0098-S-2002', 1)":null,"('0098-S-2002', 2)":null,"('0098-S-2002', 3)":null,"('0098-S-2002', 4)":null,"('0098-S-2002', 5)":null,"('0098-S-2002', 6)":null,"('0098-S-2002', 7)":null,"('0098-S-2002', 8)":null,"('0098-S-2002', 9)":null,"('0098-S-2002', 10)":null},"Expediente Senado: ":{"('0098-S-2002', 0)":"0749-S-2002","('0098-S-2002', 1)":null,"('0098-S-2002', 2)":null,"('0098-S-2002', 3)":null,"('0098-S-2002', 4)":null,"('0098-S-2002', 5)":null,"('0098-S-2002', 6)":null,"('0098-S-2002', 7)":null,"('0098-S-2002', 8)":null,"('0098-S-2002', 9)":null,"('0098-S-2002', 10)":null},"Publicado en: ":{"('0098-S-2002', 0)":"Diario de Asuntos Entrados N\u00b0 88","('0098-S-2002', 1)":null,"('0098-S-2002', 2)":null,"('0098-S-2002', 3)":null,"('0098-S-2002', 4)":null,"('0098-S-2002', 5)":null,"('0098-S-2002', 6)":null,"('0098-S-2002', 7)":null,"('0098-S-2002', 8)":null,"('0098-S-2002', 9)":null,"('0098-S-2002', 10)":null},"Fecha: ":{"('0098-S-2002', 0)":"10\/05\/2002","('0098-S-2002', 1)":null,"('0098-S-2002', 2)":null,"('0098-S-2002', 3)":null,"('0098-S-2002', 4)":null,"('0098-S-2002', 5)":null,"('0098-S-2002', 6)":null,"('0098-S-2002', 7)":null,"('0098-S-2002', 8)":null,"('0098-S-2002', 9)":null,"('0098-S-2002', 10)":null},"T\u00edtulo":{"('0098-S-2002', 0)":"CREACION DE LA ADUANA DE OBERA CON ASIENTO EN LA DICHA CIUDAD DE LA PROVINCIA DE MISIONES.","('0098-S-2002', 1)":null,"('0098-S-2002', 2)":null,"('0098-S-2002', 3)":null,"('0098-S-2002', 4)":null,"('0098-S-2002', 5)":null,"('0098-S-2002', 6)":null,"('0098-S-2002', 7)":null,"('0098-S-2002', 8)":null,"('0098-S-2002', 9)":null,"('0098-S-2002', 10)":null},"('Firmantes', 'FIRMANTE')":{"('0098-S-2002', 0)":"LOSADA, MARIO A.","('0098-S-2002', 1)":null,"('0098-S-2002', 2)":null,"('0098-S-2002', 3)":null,"('0098-S-2002', 4)":null,"('0098-S-2002', 5)":null,"('0098-S-2002', 6)":null,"('0098-S-2002', 7)":null,"('0098-S-2002', 8)":null,"('0098-S-2002', 9)":null,"('0098-S-2002', 10)":null},"('Firmantes', 'DISTRITO')":{"('0098-S-2002', 0)":"MISIONES","('0098-S-2002', 1)":null,"('0098-S-2002', 2)":null,"('0098-S-2002', 3)":null,"('0098-S-2002', 4)":null,"('0098-S-2002', 5)":null,"('0098-S-2002', 6)":null,"('0098-S-2002', 7)":null,"('0098-S-2002', 8)":null,"('0098-S-2002', 9)":null,"('0098-S-2002', 10)":null},"('Firmantes', 'BLOQUE')":{"('0098-S-2002', 0)":"UCR","('0098-S-2002', 1)":null,"('0098-S-2002', 2)":null,"('0098-S-2002', 3)":null,"('0098-S-2002', 4)":null,"('0098-S-2002', 5)":null,"('0098-S-2002', 6)":null,"('0098-S-2002', 7)":null,"('0098-S-2002', 8)":null,"('0098-S-2002', 9)":null,"('0098-S-2002', 10)":null},"('Giros', 'COMISI\u00d3N')":{"('0098-S-2002', 0)":"ECONOMIA","('0098-S-2002', 1)":"PRESUPUESTO Y HACIENDA","('0098-S-2002', 2)":null,"('0098-S-2002', 3)":null,"('0098-S-2002', 4)":null,"('0098-S-2002', 5)":null,"('0098-S-2002', 6)":null,"('0098-S-2002', 7)":null,"('0098-S-2002', 8)":null,"('0098-S-2002', 9)":null,"('0098-S-2002', 10)":null},"('Tramites', 'C\u00c1MARA')":{"('0098-S-2002', 0)":"Senado","('0098-S-2002', 1)":"Senado","('0098-S-2002', 2)":"Diputados","('0098-S-2002', 3)":"Diputados","('0098-S-2002', 4)":"Diputados","('0098-S-2002', 5)":"Diputados","('0098-S-2002', 6)":"Senado","('0098-S-2002', 7)":"Senado","('0098-S-2002', 8)":"Senado","('0098-S-2002', 9)":"Senado","('0098-S-2002', 10)":"Senado"},"('Tramites', 'MOVIMIENTO')":{"('0098-S-2002', 0)":"MOCION SOBRE TABLAS (AFIRMATIVA)","('0098-S-2002', 1)":"CONSIDERACION Y APROBACION","('0098-S-2002', 2)":"PASA A DIPUTADOS - (TP 118)","('0098-S-2002', 3)":"MOCION DE PREFERENCIA PARA LA PROXIMA SESION O SUBSIGUIENTE CON DESPACHO DE COMISION (AFIRMATIVA)","('0098-S-2002', 4)":"CONSIDERACION Y APROBACION (CON VOTO DE LOS DOS TERCIOS DE LOS PRESENTES, ARTICULO 81 DE LA CONSTITUCION NACIONAL)","('0098-S-2002', 5)":"INSERCION","('0098-S-2002', 6)":"VUELVE A SENADO - (DAE 328\/02)","('0098-S-2002', 7)":"MOCION DE PREFERENCIA PARA LA PROXIMA SESION CON DICTAMEN (AFIRMATIVA)","('0098-S-2002', 8)":"MOCION DE POSTERGACION DEL TRATAMIENTO","('0098-S-2002', 9)":"MOCION SOBRE TABLAS (AFIRMATIVA)","('0098-S-2002', 10)":"CONSIDERACION Y SANCION"},"('Tramites', 'FECHA')":{"('0098-S-2002', 0)":"15\/08\/2002","('0098-S-2002', 1)":"15\/08\/2002","('0098-S-2002', 2)":null,"('0098-S-2002', 3)":"18\/09\/2002","('0098-S-2002', 4)":"28\/11\/2002","('0098-S-2002', 5)":"28\/11\/2002","('0098-S-2002', 6)":null,"('0098-S-2002', 7)":"07\/05\/2003","('0098-S-2002', 8)":"28\/05\/2003","('0098-S-2002', 9)":"04\/06\/2003","('0098-S-2002', 10)":"04\/06\/2003"},"('Tramites', 'RESULTADO')":{"('0098-S-2002', 0)":null,"('0098-S-2002', 1)":"MEDIA SANCION","('0098-S-2002', 2)":null,"('0098-S-2002', 3)":null,"('0098-S-2002', 4)":"MEDIA SANCION","('0098-S-2002', 5)":null,"('0098-S-2002', 6)":null,"('0098-S-2002', 7)":null,"('0098-S-2002', 8)":null,"('0098-S-2002', 9)":null,"('0098-S-2002', 10)":"SANCIONADO"},"Sumario":{"('0098-S-2002', 0)":"FACULTAD DE LA ADMINISTRACION NACIONAL DE ADUANAS PARA FIJAR O MODIFICAR LAS COMPETENCIAS TERRITORIALES.","('0098-S-2002', 1)":null,"('0098-S-2002', 2)":null,"('0098-S-2002', 3)":null,"('0098-S-2002', 4)":null,"('0098-S-2002', 5)":null,"('0098-S-2002', 6)":null,"('0098-S-2002', 7)":null,"('0098-S-2002', 8)":null,"('0098-S-2002', 9)":null,"('0098-S-2002', 10)":null},"Palabra Clave":{"('0098-S-2002', 0)":" ","('0098-S-2002', 1)":null,"('0098-S-2002', 2)":null,"('0098-S-2002', 3)":null,"('0098-S-2002', 4)":null,"('0098-S-2002', 5)":null,"('0098-S-2002', 6)":null,"('0098-S-2002', 7)":null,"('0098-S-2002', 8)":null,"('0098-S-2002', 9)":null,"('0098-S-2002', 10)":null}}