{"Tipo de Proyecto":{"('0099-S-2002', 0)":"PROYECTO DE LEY","('0099-S-2002', 1)":null,"('0099-S-2002', 2)":null,"('0099-S-2002', 3)":null},"Iniciado en: ":{"('0099-S-2002', 0)":"Senado","('0099-S-2002', 1)":null,"('0099-S-2002', 2)":null,"('0099-S-2002', 3)":null},"Expediente Diputados: ":{"('0099-S-2002', 0)":"0099-S-2002","('0099-S-2002', 1)":null,"('0099-S-2002', 2)":null,"('0099-S-2002', 3)":null},"Expediente Senado: ":{"('0099-S-2002', 0)":"1846-S-2002","('0099-S-2002', 1)":null,"('0099-S-2002', 2)":null,"('0099-S-2002', 3)":null},"Publicado en: ":{"('0099-S-2002', 0)":"Diario de Asuntos Entrados N\u00b0 207","('0099-S-2002', 1)":null,"('0099-S-2002', 2)":null,"('0099-S-2002', 3)":null},"Fecha: ":{"('0099-S-2002', 0)":"08\/08\/2002","('0099-S-2002', 1)":null,"('0099-S-2002', 2)":null,"('0099-S-2002', 3)":null},"T\u00edtulo":{"('0099-S-2002', 0)":"DECLARAR A JUJUY COMO CAPITAL HONORIFICA DE LA NACION ARGENTINA,  AL CONMEMORARSE EL 23 DE AGOSTO DE CADA A\u00d1O LA GESTA DEL EXODO JUJE\u00d1O.","('0099-S-2002', 1)":null,"('0099-S-2002', 2)":null,"('0099-S-2002', 3)":null},"('Firmantes', 'FIRMANTE')":{"('0099-S-2002', 0)":"ARANCIO, MONICA","('0099-S-2002', 1)":"MORALES, GERARDO RUBEN","('0099-S-2002', 2)":"JENEFES, GUILLERMO RAUL","('0099-S-2002', 3)":null},"('Firmantes', 'DISTRITO')":{"('0099-S-2002', 0)":"JUJUY","('0099-S-2002', 1)":"JUJUY","('0099-S-2002', 2)":"JUJUY","('0099-S-2002', 3)":null},"('Firmantes', 'BLOQUE')":{"('0099-S-2002', 0)":"FRENTE CIVICO JUJE\u00d1O","('0099-S-2002', 1)":"FRENTE CIVICO JUJE\u00d1O","('0099-S-2002', 2)":"JUSTICIALISTA","('0099-S-2002', 3)":null},"('Giros', 'COMISI\u00d3N')":{"('0099-S-2002', 0)":"CULTURA","('0099-S-2002', 1)":null,"('0099-S-2002', 2)":null,"('0099-S-2002', 3)":null},"('Tramites', 'C\u00c1MARA')":{"('0099-S-2002', 0)":"Senado","('0099-S-2002', 1)":"Senado","('0099-S-2002', 2)":"Diputados","('0099-S-2002', 3)":"Diputados"},"('Tramites', 'MOVIMIENTO')":{"('0099-S-2002', 0)":"MOCION SOBRE TABLAS (AFIRMATIVA)","('0099-S-2002', 1)":"CONSIDERACION Y APROBACION","('0099-S-2002', 2)":"PASA A DIPUTADOS - (TP 118)","('0099-S-2002', 3)":"CONSIDERACION Y SANCION"},"('Tramites', 'FECHA')":{"('0099-S-2002', 0)":"15\/08\/2002","('0099-S-2002', 1)":"15\/08\/2002","('0099-S-2002', 2)":null,"('0099-S-2002', 3)":"09\/10\/2002"},"('Tramites', 'RESULTADO')":{"('0099-S-2002', 0)":null,"('0099-S-2002', 1)":"MEDIA SANCION","('0099-S-2002', 2)":null,"('0099-S-2002', 3)":"SANCIONADO"},"Sumario":{"('0099-S-2002', 0)":"INSTITUIR EN TODO EL TERRITORIO NACIONAL LAS CEREMONIAS PUBLICAS PARA SU CONMEMORACION.","('0099-S-2002', 1)":null,"('0099-S-2002', 2)":null,"('0099-S-2002', 3)":null},"Palabra Clave":{"('0099-S-2002', 0)":" ","('0099-S-2002', 1)":null,"('0099-S-2002', 2)":null,"('0099-S-2002', 3)":null}}