{"Tipo de Proyecto":{"('0100-S-2002', 0)":"PROYECTO DE LEY","('0100-S-2002', 1)":null,"('0100-S-2002', 2)":null,"('0100-S-2002', 3)":null},"Iniciado en: ":{"('0100-S-2002', 0)":"Senado","('0100-S-2002', 1)":null,"('0100-S-2002', 2)":null,"('0100-S-2002', 3)":null},"Expediente Diputados: ":{"('0100-S-2002', 0)":"0100-S-2002","('0100-S-2002', 1)":null,"('0100-S-2002', 2)":null,"('0100-S-2002', 3)":null},"Expediente Senado: ":{"('0100-S-2002', 0)":"0623-S-2002","('0100-S-2002', 1)":null,"('0100-S-2002', 2)":null,"('0100-S-2002', 3)":null},"Publicado en: ":{"('0100-S-2002', 0)":"Diario de Asuntos Entrados N\u00b0 73","('0100-S-2002', 1)":null,"('0100-S-2002', 2)":null,"('0100-S-2002', 3)":null},"Fecha: ":{"('0100-S-2002', 0)":"29\/04\/2002","('0100-S-2002', 1)":null,"('0100-S-2002', 2)":null,"('0100-S-2002', 3)":null},"T\u00edtulo":{"('0100-S-2002', 0)":"RESPONSABILIDAD PATRIMONIAL DE ENTIDADES FINANCIERAS CONSTITUIDAS EN EL EXTRANJERO QUE OPEREN EN EL PAIS POR MEDIO DE SUCURSALES.","('0100-S-2002', 1)":null,"('0100-S-2002', 2)":null,"('0100-S-2002', 3)":null},"('Firmantes', 'FIRMANTE')":{"('0100-S-2002', 0)":"ALFONSIN, RAUL RICARDO","('0100-S-2002', 1)":"MAESTRO, CARLOS","('0100-S-2002', 2)":"LOSADA, MARIO A.","('0100-S-2002', 3)":"MORO, EDUARDO ANIBAL"},"('Firmantes', 'DISTRITO')":{"('0100-S-2002', 0)":"BUENOS AIRES","('0100-S-2002', 1)":"CHUBUT","('0100-S-2002', 2)":"MISIONES","('0100-S-2002', 3)":"CHACO"},"('Firmantes', 'BLOQUE')":{"('0100-S-2002', 0)":"UCR","('0100-S-2002', 1)":"UCR","('0100-S-2002', 2)":"UCR","('0100-S-2002', 3)":"UCR"},"('Giros', 'COMISI\u00d3N')":{"('0100-S-2002', 0)":"LEGISLACION GENERAL","('0100-S-2002', 1)":"FINANZAS","('0100-S-2002', 2)":null,"('0100-S-2002', 3)":null},"('Tramites', 'C\u00c1MARA')":{"('0100-S-2002', 0)":"Senado","('0100-S-2002', 1)":"Senado","('0100-S-2002', 2)":"Senado","('0100-S-2002', 3)":"Senado"},"('Tramites', 'MOVIMIENTO')":{"('0100-S-2002', 0)":"MOCION DE PREFERENCIA PARA LA PROXIMA SESION CON DICTAMEN (AFIRMATIVA)","('0100-S-2002', 1)":"CONSIDERACION Y APROBACION CON MODIFICACIONES CONJUNTAMENTE PARA LOS EXPEDIENTES 0100-S-2002, 0623-S-2002, 1301-S-2002 y 1577-S-2002","('0100-S-2002', 2)":"INSERCIONES CONJUNTAMENTE PARA LOS EXPEDIENTES 0100-S-2002, 0623-S-2002, 1301-S-2002 y 1577-S-2002","('0100-S-2002', 3)":"PASA A DIPUTADOS - (TP 118) CONJUNTAMENTE PARA LOS EXPEDIENTES 0100-S-2002, 0623-S-2002, 1301-S-2002 y 1577-S-2002"},"('Tramites', 'FECHA')":{"('0100-S-2002', 0)":"01\/08\/2002","('0100-S-2002', 1)":"15\/08\/2002","('0100-S-2002', 2)":"15\/08\/2002","('0100-S-2002', 3)":null},"('Tramites', 'RESULTADO')":{"('0100-S-2002', 0)":null,"('0100-S-2002', 1)":"MEDIA SANCION","('0100-S-2002', 2)":null,"('0100-S-2002', 3)":null},"Sumario":{"('0100-S-2002', 0)":"RESPONDERAN CON SU PATRIMONIO Y EL DE LA SUCURSAL LOCAL, EN ESPECIAL POR LOS PASIVOS ORIGINADOS EN DEPOSITOS, EN CONCORDANCIA CON LO DISPUESTO POR LOS ARTICULOS 2, 54, 59 Y 118 DE LA LEY 19550 DE SOCIEDADES COMERCIALES.","('0100-S-2002', 1)":null,"('0100-S-2002', 2)":null,"('0100-S-2002', 3)":null},"Palabra Clave":{"('0100-S-2002', 0)":" ","('0100-S-2002', 1)":null,"('0100-S-2002', 2)":null,"('0100-S-2002', 3)":null}}