{"Tipo de Proyecto":{"('0101-PE-2002', 0)":"MENSAJE NRO: 1858\/02","('0101-PE-2002', 1)":null,"('0101-PE-2002', 2)":null},"Iniciado en: ":{"('0101-PE-2002', 0)":"Diputados","('0101-PE-2002', 1)":null,"('0101-PE-2002', 2)":null},"Expediente Diputados: ":{"('0101-PE-2002', 0)":"0101-PE-2002","('0101-PE-2002', 1)":null,"('0101-PE-2002', 2)":null},"Publicado en: ":{"('0101-PE-2002', 0)":"Tr\u00e1mite Parlamentario N\u00b0 139","('0101-PE-2002', 1)":null,"('0101-PE-2002', 2)":null},"Fecha: ":{"('0101-PE-2002', 0)":"19\/09\/2002","('0101-PE-2002', 1)":null,"('0101-PE-2002', 2)":null},"T\u00edtulo":{"('0101-PE-2002', 0)":"COMUNICACION DEL DECRETO 1857\/02, POR EL CUAL SE OBSERVAN LOS ARTICULOS 2 Y 3 DE LA LEY 25648, DECLARANDO DE VALOR PATRIMONIAL Y DE INTERES CULTURAL Y TURISTICO AL CONJUNTO DE OBRAS CONOCIDO COMO LA RUTA DE LOS MURALES, PROVINCIA DE CORRIENTES.","('0101-PE-2002', 1)":null,"('0101-PE-2002', 2)":null},"('Firmantes', 'FIRMANTE')":{"('0101-PE-2002', 0)":"DUHALDE, EDUARDO ALBERTO","('0101-PE-2002', 1)":"ATANASOF, ALFREDO NESTOR","('0101-PE-2002', 2)":"MATZKIN, JORGE RUBEN"},"('Firmantes', 'DISTRITO')":{"('0101-PE-2002', 0)":null,"('0101-PE-2002', 1)":null,"('0101-PE-2002', 2)":null},"('Firmantes', 'BLOQUE')":{"('0101-PE-2002', 0)":"PODER EJECUTIVO","('0101-PE-2002', 1)":"PODER EJECUTIVO","('0101-PE-2002', 2)":"PODER EJECUTIVO"},"('Giros', 'COMISI\u00d3N')":{"('0101-PE-2002', 0)":"CULTURA","('0101-PE-2002', 1)":"TURISMO","('0101-PE-2002', 2)":null},"Link":{"('0101-PE-2002', 0)":"https:\/\/www4.hcdn.gob.ar\/dependencias\/dsecretaria\/Periodo2002\/PDF2002\/TP2002\/0101-PE-02.pdf","('0101-PE-2002', 1)":null,"('0101-PE-2002', 2)":null},"Palabra Clave":{"('0101-PE-2002', 0)":" ","('0101-PE-2002', 1)":null,"('0101-PE-2002', 2)":null}}