{"Tipo de Proyecto":{"('0101-S-2002', 0)":"COMUNICACION"},"Iniciado en: ":{"('0101-S-2002', 0)":"Senado"},"Expediente Senado: ":{"('0101-S-2002', 0)":"0101-S-2002"},"Publicado en: ":{"('0101-S-2002', 0)":"Diario de Asuntos Entrados N\u00b0 16"},"Fecha: ":{"('0101-S-2002', 0)":"11\/03\/2002"},"T\u00edtulo":{"('0101-S-2002', 0)":"PEDIDO DE INFORMES: SOBRE ESTADO DE LA SUBGERENCIA DE DISCAPACIDAD DEL PAMI."},"('Firmantes', 'FIRMANTE')":{"('0101-S-2002', 0)":"MAESTRO, CARLOS"},"('Firmantes', 'DISTRITO')":{"('0101-S-2002', 0)":"CHUBUT"},"('Firmantes', 'BLOQUE')":{"('0101-S-2002', 0)":"UCR"},"Sumario":{"('0101-S-2002', 0)":"SOLICITUD AL PODER EJECUTIVO NACIONAL."},"Palabra Clave":{"('0101-S-2002', 0)":" "}}