{"Tipo de Proyecto":{"('0102-S-2002', 0)":"PROYECTO DE RESOLUCI\u00d3N","('0102-S-2002', 1)":null,"('0102-S-2002', 2)":null,"('0102-S-2002', 3)":null,"('0102-S-2002', 4)":null},"Iniciado en: ":{"('0102-S-2002', 0)":"Senado","('0102-S-2002', 1)":null,"('0102-S-2002', 2)":null,"('0102-S-2002', 3)":null,"('0102-S-2002', 4)":null},"Expediente Diputados: ":{"('0102-S-2002', 0)":"0102-S-2002","('0102-S-2002', 1)":null,"('0102-S-2002', 2)":null,"('0102-S-2002', 3)":null,"('0102-S-2002', 4)":null},"Expediente Senado: ":{"('0102-S-2002', 0)":"0118-OV-2000","('0102-S-2002', 1)":null,"('0102-S-2002', 2)":null,"('0102-S-2002', 3)":null,"('0102-S-2002', 4)":null},"Fecha: ":{"('0102-S-2002', 0)":"19\/07\/2002","('0102-S-2002', 1)":null,"('0102-S-2002', 2)":null,"('0102-S-2002', 3)":null,"('0102-S-2002', 4)":null},"T\u00edtulo":{"('0102-S-2002', 0)":"DICTAMEN EN LA RESOLUCION REMITIDA POR LA AUDITORIA GENERAL DE LA NACION SOBRE SISTEMATIZACION DE LOS INFORMES APROBADOS POR EL COLEGIO DE AUDITORES Y LA COMISION DE SUPERVISION, EN EL AMBITO DE LOS SIGUIENTES ORGANISMOS: COMISION NACIONAL DE REGULACION DEL TRANSPORTE (CNRT), ENTE NACIONAL REGULADOR NUCLEAR (ENREN), DIRECCION NACIONAL DE TRANSPORTE AEROCOMERCIAL (DNTA), ORGANO DE CONTROL DE LAS CONCESIONES VIALES (OCCV), COMITE FEDERAL DE RADIODIFUSION (COMFER) Y LA COMISION NACIONAL DE CORREOS Y TELEGRAFOS.","('0102-S-2002', 1)":null,"('0102-S-2002', 2)":null,"('0102-S-2002', 3)":null,"('0102-S-2002', 4)":null},"('Firmantes', 'FIRMANTE')":{"('0102-S-2002', 0)":"PARLAMENTARIA MIXTA REVISORA DE CUENTAS","('0102-S-2002', 1)":null,"('0102-S-2002', 2)":null,"('0102-S-2002', 3)":null,"('0102-S-2002', 4)":null},"('Firmantes', 'DISTRITO')":{"('0102-S-2002', 0)":null,"('0102-S-2002', 1)":null,"('0102-S-2002', 2)":null,"('0102-S-2002', 3)":null,"('0102-S-2002', 4)":null},"('Firmantes', 'BLOQUE')":{"('0102-S-2002', 0)":null,"('0102-S-2002', 1)":null,"('0102-S-2002', 2)":null,"('0102-S-2002', 3)":null,"('0102-S-2002', 4)":null},"('Giros', 'COMISI\u00d3N')":{"('0102-S-2002', 0)":"PARLAMENTARIA MIXTA REVISORA DE CUENTAS","('0102-S-2002', 1)":null,"('0102-S-2002', 2)":null,"('0102-S-2002', 3)":null,"('0102-S-2002', 4)":null},"('Tramites', 'C\u00c1MARA')":{"('0102-S-2002', 0)":"Senado","('0102-S-2002', 1)":"Diputados","('0102-S-2002', 2)":"Diputados","('0102-S-2002', 3)":"Diputados","('0102-S-2002', 4)":"Diputados"},"('Tramites', 'MOVIMIENTO')":{"('0102-S-2002', 0)":"CONSIDERACION Y APROBACION","('0102-S-2002', 1)":"PASA A DIPUTADOS -","('0102-S-2002', 2)":"CONSIDERACION Y APROBACION","('0102-S-2002', 3)":"CONTESTACION DEL PODER EJECUTIVO NACIONAL - JEFE DE GABINETE DE MINISTROS - (1128-OV-02) - GIRADA A LA COMISION RESPECTIVA (BAE 46\/02)","('0102-S-2002', 4)":"CONTESTACION DEL PODER EJECUTIVO NACIONAL - JEFE DE GABINETE DE MINISTROS - GIRADO A LA COMISION RESPECTIVA"},"('Tramites', 'FECHA')":{"('0102-S-2002', 0)":"15\/08\/2002","('0102-S-2002', 1)":null,"('0102-S-2002', 2)":"18\/09\/2002","('0102-S-2002', 3)":"26\/02\/2003","('0102-S-2002', 4)":"08\/05\/2003"},"('Tramites', 'RESULTADO')":{"('0102-S-2002', 0)":"APROBADO","('0102-S-2002', 1)":null,"('0102-S-2002', 2)":"APROBADO","('0102-S-2002', 3)":null,"('0102-S-2002', 4)":null},"Sumario":{"('0102-S-2002', 0)":"SOLICITUD AL PODER EJECUTIVO NACIONAL PARA QUE INFORME CON CARACTER URGENTE SOBRE LAS MEDIDAS ADOPTADAS PARA SOLUCIONAR LOS DEFECTOS ADVERTIDOS, PARA QUE CON SU RESULTADO EL H CONGRESO EVALUE LAS MEDIDAS A ADOPTAR.","('0102-S-2002', 1)":null,"('0102-S-2002', 2)":null,"('0102-S-2002', 3)":null,"('0102-S-2002', 4)":null},"Palabra Clave":{"('0102-S-2002', 0)":" ","('0102-S-2002', 1)":null,"('0102-S-2002', 2)":null,"('0102-S-2002', 3)":null,"('0102-S-2002', 4)":null}}