{"Tipo de Proyecto":{"('0103-S-2002', 0)":"PROYECTO DE RESOLUCI\u00d3N","('0103-S-2002', 1)":null,"('0103-S-2002', 2)":null},"Iniciado en: ":{"('0103-S-2002', 0)":"Senado","('0103-S-2002', 1)":null,"('0103-S-2002', 2)":null},"Expediente Diputados: ":{"('0103-S-2002', 0)":"0103-S-2002","('0103-S-2002', 1)":null,"('0103-S-2002', 2)":null},"Expediente Senado: ":{"('0103-S-2002', 0)":"0104-OV-2000","('0103-S-2002', 1)":null,"('0103-S-2002', 2)":null},"Fecha: ":{"('0103-S-2002', 0)":"19\/07\/2002","('0103-S-2002', 1)":null,"('0103-S-2002', 2)":null},"T\u00edtulo":{"('0103-S-2002', 0)":"DICTAMEN EN LA RESOLUCION REMITIDA POR LA AUDITORIA GENERAL DE LA NACION SOBRE LOS ESTADOS FINANCIEROS DEL PROYECTO DE PROTECCION SOCIAL, CONVENIO DE PRESTAMO 3957-AR BIRF.","('0103-S-2002', 1)":null,"('0103-S-2002', 2)":null},"('Firmantes', 'FIRMANTE')":{"('0103-S-2002', 0)":"PARLAMENTARIA MIXTA REVISORA DE CUENTAS","('0103-S-2002', 1)":null,"('0103-S-2002', 2)":null},"('Firmantes', 'DISTRITO')":{"('0103-S-2002', 0)":null,"('0103-S-2002', 1)":null,"('0103-S-2002', 2)":null},"('Firmantes', 'BLOQUE')":{"('0103-S-2002', 0)":null,"('0103-S-2002', 1)":null,"('0103-S-2002', 2)":null},"('Giros', 'COMISI\u00d3N')":{"('0103-S-2002', 0)":"PARLAMENTARIA MIXTA REVISORA DE CUENTAS","('0103-S-2002', 1)":null,"('0103-S-2002', 2)":null},"('Tramites', 'C\u00c1MARA')":{"('0103-S-2002', 0)":"Senado","('0103-S-2002', 1)":"Diputados","('0103-S-2002', 2)":"Diputados"},"('Tramites', 'MOVIMIENTO')":{"('0103-S-2002', 0)":"CONSIDERACION Y APROBACION","('0103-S-2002', 1)":"PASA A DIPUTADOS -","('0103-S-2002', 2)":"CONSIDERACION Y APROBACION"},"('Tramites', 'FECHA')":{"('0103-S-2002', 0)":"15\/08\/2002","('0103-S-2002', 1)":null,"('0103-S-2002', 2)":"18\/09\/2002"},"('Tramites', 'RESULTADO')":{"('0103-S-2002', 0)":"APROBADO","('0103-S-2002', 1)":null,"('0103-S-2002', 2)":"APROBADO"},"Sumario":{"('0103-S-2002', 0)":"SOLICITUD AL PODER EJECUTIVO NACIONAL PARA QUE INFORME SOBRE LAS MEDIDAS ADOPTADAS A LOS EFECTOS DE SUPERAR LAS OBSERVACIONES EFECTUADAS Y PARA QUE ORDENE PONER A DISPOSICION DE LA AGN LA DOCUMENTACION QUE NO LE FUERA SUMINISTRADA AL TIEMPO DE AUDITAR LOS ESTADOS FINANCIEROS DE REFERENCIA.","('0103-S-2002', 1)":null,"('0103-S-2002', 2)":null},"Palabra Clave":{"('0103-S-2002', 0)":" ","('0103-S-2002', 1)":null,"('0103-S-2002', 2)":null}}