{"Tipo de Proyecto":{"('0105-PE-2002', 0)":"MENSAJE NRO: 1914\/02","('0105-PE-2002', 1)":null,"('0105-PE-2002', 2)":null},"Iniciado en: ":{"('0105-PE-2002', 0)":"Diputados","('0105-PE-2002', 1)":null,"('0105-PE-2002', 2)":null},"Expediente Diputados: ":{"('0105-PE-2002', 0)":"0105-PE-2002","('0105-PE-2002', 1)":null,"('0105-PE-2002', 2)":null},"Publicado en: ":{"('0105-PE-2002', 0)":"Tr\u00e1mite Parlamentario N\u00b0 146","('0105-PE-2002', 1)":null,"('0105-PE-2002', 2)":null},"Fecha: ":{"('0105-PE-2002', 0)":"30\/09\/2002","('0105-PE-2002', 1)":null,"('0105-PE-2002', 2)":null},"T\u00edtulo":{"('0105-PE-2002', 0)":"DICTADO DEL DECRETO 1913\/02, RELACIONADO CON LA AUTORIZACION OTORGADA AL MINISTERIO DEL INTERIOR PARA APROBAR TODAS LAS CONTRATACIONES DE BIENES Y SERVICIOS REQUERIDOS PARA EL PROCESO ELECCIONARIO.","('0105-PE-2002', 1)":null,"('0105-PE-2002', 2)":null},"('Firmantes', 'FIRMANTE')":{"('0105-PE-2002', 0)":"DUHALDE, EDUARDO ALBERTO","('0105-PE-2002', 1)":"ATANASOF, ALFREDO NESTOR","('0105-PE-2002', 2)":"MATZKIN, JORGE RUBEN"},"('Firmantes', 'DISTRITO')":{"('0105-PE-2002', 0)":null,"('0105-PE-2002', 1)":null,"('0105-PE-2002', 2)":null},"('Firmantes', 'BLOQUE')":{"('0105-PE-2002', 0)":"PODER EJECUTIVO","('0105-PE-2002', 1)":"PODER EJECUTIVO","('0105-PE-2002', 2)":"PODER EJECUTIVO"},"('Giros', 'COMISI\u00d3N')":{"('0105-PE-2002', 0)":"ASUNTOS CONSTITUCIONALES","('0105-PE-2002', 1)":"PRESUPUESTO Y HACIENDA","('0105-PE-2002', 2)":null},"('Tramites', 'C\u00c1MARA')":{"('0105-PE-2002', 0)":"Diputados","('0105-PE-2002', 1)":null,"('0105-PE-2002', 2)":null},"('Tramites', 'MOVIMIENTO')":{"('0105-PE-2002', 0)":"VER TRAMITE EN EXPEDIENTE 0057-PE-03","('0105-PE-2002', 1)":null,"('0105-PE-2002', 2)":null},"('Tramites', 'FECHA')":{"('0105-PE-2002', 0)":null,"('0105-PE-2002', 1)":null,"('0105-PE-2002', 2)":null},"('Tramites', 'RESULTADO')":{"('0105-PE-2002', 0)":null,"('0105-PE-2002', 1)":null,"('0105-PE-2002', 2)":null},"Palabra Clave":{"('0105-PE-2002', 0)":" ","('0105-PE-2002', 1)":null,"('0105-PE-2002', 2)":null}}