{"Tipo de Proyecto":{"('0108-S-2002', 0)":"PROYECTO DE RESOLUCI\u00d3N","('0108-S-2002', 1)":null,"('0108-S-2002', 2)":null,"('0108-S-2002', 3)":null},"Iniciado en: ":{"('0108-S-2002', 0)":"Senado","('0108-S-2002', 1)":null,"('0108-S-2002', 2)":null,"('0108-S-2002', 3)":null},"Expediente Diputados: ":{"('0108-S-2002', 0)":"0108-S-2002","('0108-S-2002', 1)":null,"('0108-S-2002', 2)":null,"('0108-S-2002', 3)":null},"Expediente Senado: ":{"('0108-S-2002', 0)":"0145-OV-2000","('0108-S-2002', 1)":null,"('0108-S-2002', 2)":null,"('0108-S-2002', 3)":null},"Fecha: ":{"('0108-S-2002', 0)":"19\/07\/2002","('0108-S-2002', 1)":null,"('0108-S-2002', 2)":null,"('0108-S-2002', 3)":null},"T\u00edtulo":{"('0108-S-2002', 0)":"DICTAMEN EN LA RESOLUCION REMITIDA POR LA AUDITORIA GENERAL DE LA NACION SOBRE LOS ESTADOS FINANCIEROS AL 31 DE DICIEMBRE DE 1998 DEL PROYECTO PARA LA EDUCACION DE RESPONSABILIDAD CIVICA Y DE GOBIERNO, CONVENIO DE DONACION IDF 27572-AR BIRF.","('0108-S-2002', 1)":null,"('0108-S-2002', 2)":null,"('0108-S-2002', 3)":null},"('Firmantes', 'FIRMANTE')":{"('0108-S-2002', 0)":"PARLAMENTARIA MIXTA REVISORA DE CUENTAS","('0108-S-2002', 1)":null,"('0108-S-2002', 2)":null,"('0108-S-2002', 3)":null},"('Firmantes', 'DISTRITO')":{"('0108-S-2002', 0)":null,"('0108-S-2002', 1)":null,"('0108-S-2002', 2)":null,"('0108-S-2002', 3)":null},"('Firmantes', 'BLOQUE')":{"('0108-S-2002', 0)":null,"('0108-S-2002', 1)":null,"('0108-S-2002', 2)":null,"('0108-S-2002', 3)":null},"('Giros', 'COMISI\u00d3N')":{"('0108-S-2002', 0)":"PARLAMENTARIA MIXTA REVISORA DE CUENTAS","('0108-S-2002', 1)":null,"('0108-S-2002', 2)":null,"('0108-S-2002', 3)":null},"('Tramites', 'C\u00c1MARA')":{"('0108-S-2002', 0)":"Senado","('0108-S-2002', 1)":"Diputados","('0108-S-2002', 2)":"Diputados","('0108-S-2002', 3)":"Diputados"},"('Tramites', 'MOVIMIENTO')":{"('0108-S-2002', 0)":"CONSIDERACION Y APROBACION","('0108-S-2002', 1)":"PASA A DIPUTADOS -","('0108-S-2002', 2)":"CONSIDERACION Y APROBACION","('0108-S-2002', 3)":"CONTESTACION DEL PODER EJECUTIVO NACIONAL - JEFE DE GABINETE DE MINISTROS - (0931-OV-02) - GIRADA A LA COMISION RESPECTIVA (BAE 41\/02)"},"('Tramites', 'FECHA')":{"('0108-S-2002', 0)":"15\/08\/2002","('0108-S-2002', 1)":null,"('0108-S-2002', 2)":"18\/09\/2002","('0108-S-2002', 3)":"26\/02\/2003"},"('Tramites', 'RESULTADO')":{"('0108-S-2002', 0)":"APROBADO","('0108-S-2002', 1)":null,"('0108-S-2002', 2)":"APROBADO","('0108-S-2002', 3)":null},"Sumario":{"('0108-S-2002', 0)":"SOLICITUD AL PODER EJECUTIVO NACIONAL PARA QUE INFORME SOBRE LAS MEDIDAS ADOPTADAS A LOS FINES DE SUPERAR LAS OBSERVACIONES EFECTUADAS.","('0108-S-2002', 1)":null,"('0108-S-2002', 2)":null,"('0108-S-2002', 3)":null},"Palabra Clave":{"('0108-S-2002', 0)":" ","('0108-S-2002', 1)":null,"('0108-S-2002', 2)":null,"('0108-S-2002', 3)":null}}