{"Tipo de Proyecto":{"('0109-PE-2002', 0)":"MENSAJE NRO: 2029\/02","('0109-PE-2002', 1)":null,"('0109-PE-2002', 2)":null},"Iniciado en: ":{"('0109-PE-2002', 0)":"Diputados","('0109-PE-2002', 1)":null,"('0109-PE-2002', 2)":null},"Expediente Diputados: ":{"('0109-PE-2002', 0)":"0109-PE-2002","('0109-PE-2002', 1)":null,"('0109-PE-2002', 2)":null},"Publicado en: ":{"('0109-PE-2002', 0)":"Tr\u00e1mite Parlamentario N\u00b0 154","('0109-PE-2002', 1)":null,"('0109-PE-2002', 2)":null},"Fecha: ":{"('0109-PE-2002', 0)":"10\/10\/2002","('0109-PE-2002', 1)":null,"('0109-PE-2002', 2)":null},"T\u00edtulo":{"('0109-PE-2002', 0)":"DECRETO 2028\/02 POR EL CUAL SE EXCEPTUA A LA POLICIA FEDERAL ARGENTINA DE LA PROHIBICION DE ADQUIRIR VEHICULOS, SEGUN ARTICULO 5 DEL DECRETO 30\/01. ","('0109-PE-2002', 1)":null,"('0109-PE-2002', 2)":null},"('Firmantes', 'FIRMANTE')":{"('0109-PE-2002', 0)":"DUHALDE, EDUARDO ALBERTO","('0109-PE-2002', 1)":"ATANASOF, ALFREDO NESTOR","('0109-PE-2002', 2)":"ALVAREZ, JUAN JOSE"},"('Firmantes', 'DISTRITO')":{"('0109-PE-2002', 0)":null,"('0109-PE-2002', 1)":null,"('0109-PE-2002', 2)":null},"('Firmantes', 'BLOQUE')":{"('0109-PE-2002', 0)":"PODER EJECUTIVO","('0109-PE-2002', 1)":"PODER EJECUTIVO","('0109-PE-2002', 2)":"PODER EJECUTIVO"},"('Giros', 'COMISI\u00d3N')":{"('0109-PE-2002', 0)":"PRESUPUESTO Y HACIENDA","('0109-PE-2002', 1)":"BICAMERAL PERMANENTE DE TRAMITE LEGISLATIVO - LEY 26122","('0109-PE-2002', 2)":null},"Sumario":{"('0109-PE-2002', 0)":"COMUNICACION DEL DICTADO DEL MISMO.","('0109-PE-2002', 1)":null,"('0109-PE-2002', 2)":null},"Palabra Clave":{"('0109-PE-2002', 0)":" ","('0109-PE-2002', 1)":null,"('0109-PE-2002', 2)":null}}