{"Tipo de Proyecto":{"('0109-OV-2002', 0)":"PROYECTO DE RESOLUCI\u00d3N"},"Iniciado en: ":{"('0109-OV-2002', 0)":"Senado"},"Expediente Senado: ":{"('0109-OV-2002', 0)":"0109-OV-2002"},"Fecha: ":{"('0109-OV-2002', 0)":"08\/09\/2003"},"T\u00edtulo":{"('0109-OV-2002', 0)":"RESOLUCION REMITIDA POR LA AUDITORIA GENERAL DE LA NACION SOBRE EL ESTADO DE LA CUENTA DE DEPOSITO POR EL PERIODO 25 DE JUNIO DE 2001 - 31 DE DICIEMBRE DE 2001 DEL PROGRAMA SECTORIAL DE SERVICIOS FINANCIEROS - CONVENIO DE PRESTAMO 1324\/OC-AR BID."},"('Firmantes', 'FIRMANTE')":{"('0109-OV-2002', 0)":"PARLAMENTARIA MIXTA REVISORA DE CUENTAS"},"('Firmantes', 'DISTRITO')":{"('0109-OV-2002', 0)":null},"('Firmantes', 'BLOQUE')":{"('0109-OV-2002', 0)":null},"('Tramites', 'C\u00c1MARA')":{"('0109-OV-2002', 0)":"Senado"},"('Tramites', 'MOVIMIENTO')":{"('0109-OV-2002', 0)":"CONSIDERACION Y APROBACION (AL ARCHIVO)"},"('Tramites', 'FECHA')":{"('0109-OV-2002', 0)":"17\/09\/2003"},"('Tramites', 'RESULTADO')":{"('0109-OV-2002', 0)":"ARCHIVADO"},"Sumario":{"('0109-OV-2002', 0)":"HABIENDO TOMADO CONOCIMIENTO, SE RECOMIENDA SU REMISION DEL ARCHIVO."},"Palabra Clave":{"('0109-OV-2002', 0)":" "}}