{"Tipo de Proyecto":{"('0109-S-2002', 0)":"PROYECTO DE RESOLUCI\u00d3N","('0109-S-2002', 1)":null,"('0109-S-2002', 2)":null},"Iniciado en: ":{"('0109-S-2002', 0)":"Senado","('0109-S-2002', 1)":null,"('0109-S-2002', 2)":null},"Expediente Diputados: ":{"('0109-S-2002', 0)":"0109-S-2002","('0109-S-2002', 1)":null,"('0109-S-2002', 2)":null},"Expediente Senado: ":{"('0109-S-2002', 0)":"0143-OV-2000","('0109-S-2002', 1)":null,"('0109-S-2002', 2)":null},"Fecha: ":{"('0109-S-2002', 0)":"19\/07\/2002","('0109-S-2002', 1)":null,"('0109-S-2002', 2)":null},"T\u00edtulo":{"('0109-S-2002', 0)":"DICTAMEN EN LA RESOLUCION REMITIDA POR LA AUDITORIA GENERAL DE LA NACION SOBRE LOS ESTADOS FINANCIEROS AL 31 DE DICIEMBRE DE 1999 DEL PROYECTO PNUD ARG\/97\/14 APOYO AL PROGRAMA DE EMPLEO TRANSITORIO TRABAJAR II, CONVENIO DE PRESTAMO 4195-AR BIRF.","('0109-S-2002', 1)":null,"('0109-S-2002', 2)":null},"('Firmantes', 'FIRMANTE')":{"('0109-S-2002', 0)":"PARLAMENTARIA MIXTA REVISORA DE CUENTAS","('0109-S-2002', 1)":null,"('0109-S-2002', 2)":null},"('Firmantes', 'DISTRITO')":{"('0109-S-2002', 0)":null,"('0109-S-2002', 1)":null,"('0109-S-2002', 2)":null},"('Firmantes', 'BLOQUE')":{"('0109-S-2002', 0)":null,"('0109-S-2002', 1)":null,"('0109-S-2002', 2)":null},"('Giros', 'COMISI\u00d3N')":{"('0109-S-2002', 0)":"PARLAMENTARIA MIXTA REVISORA DE CUENTAS","('0109-S-2002', 1)":null,"('0109-S-2002', 2)":null},"('Tramites', 'C\u00c1MARA')":{"('0109-S-2002', 0)":"Senado","('0109-S-2002', 1)":"Diputados","('0109-S-2002', 2)":"Diputados"},"('Tramites', 'MOVIMIENTO')":{"('0109-S-2002', 0)":"CONSIDERACION Y APROBACION","('0109-S-2002', 1)":"PASA A DIPUTADOS -","('0109-S-2002', 2)":"CONSIDERACION Y APROBACION"},"('Tramites', 'FECHA')":{"('0109-S-2002', 0)":"15\/08\/2002","('0109-S-2002', 1)":null,"('0109-S-2002', 2)":"18\/09\/2002"},"('Tramites', 'RESULTADO')":{"('0109-S-2002', 0)":"APROBADO","('0109-S-2002', 1)":null,"('0109-S-2002', 2)":"APROBADO"},"Sumario":{"('0109-S-2002', 0)":"SOLICITUD AL PODER EJECUTIVO NACIONAL PARA QUE INFORME SOBRE LAS MEDIDAS ADOPTADAS A LOS EFECTOS DE SUPERAR LAS MEDIDAS OBSERVADAS.","('0109-S-2002', 1)":null,"('0109-S-2002', 2)":null},"Palabra Clave":{"('0109-S-2002', 0)":" ","('0109-S-2002', 1)":null,"('0109-S-2002', 2)":null}}