{"Tipo de Proyecto":{"('0110-PE-2002', 0)":"MENSAJE NRO: 2076\/02","('0110-PE-2002', 1)":null,"('0110-PE-2002', 2)":null},"Iniciado en: ":{"('0110-PE-2002', 0)":"Diputados","('0110-PE-2002', 1)":null,"('0110-PE-2002', 2)":null},"Expediente Diputados: ":{"('0110-PE-2002', 0)":"0110-PE-2002","('0110-PE-2002', 1)":null,"('0110-PE-2002', 2)":null},"Expediente Senado: ":{"('0110-PE-2002', 0)":"4485-S-2004","('0110-PE-2002', 1)":null,"('0110-PE-2002', 2)":null},"Publicado en: ":{"('0110-PE-2002', 0)":"Tr\u00e1mite Parlamentario N\u00b0 158","('0110-PE-2002', 1)":null,"('0110-PE-2002', 2)":null},"Fecha: ":{"('0110-PE-2002', 0)":"17\/10\/2002","('0110-PE-2002', 1)":null,"('0110-PE-2002', 2)":null},"T\u00edtulo":{"('0110-PE-2002', 0)":"DECRETO 2075\/02, DECLARANDO EN ESTADO DE EMERGENCIA LA PRESTACION DE LOS SERVICIOS EMERGENTES DE LOS CONTRATOS DE CONCESION EN VIAS DE EJECUCION CORRESPONDIENTE AL SISTEMA PUBLICO DE TRANSPORTE FERROVIARIO DE SUPERFICIE Y SUBTERRANEO DEL AREA METROPOLITANA DE BUENOS AIRES.","('0110-PE-2002', 1)":null,"('0110-PE-2002', 2)":null},"('Firmantes', 'FIRMANTE')":{"('0110-PE-2002', 0)":"DUHALDE, EDUARDO ALBERTO","('0110-PE-2002', 1)":"ATANASOF, ALFREDO NESTOR","('0110-PE-2002', 2)":"LAVAGNA, ROBERTO"},"('Firmantes', 'DISTRITO')":{"('0110-PE-2002', 0)":null,"('0110-PE-2002', 1)":null,"('0110-PE-2002', 2)":null},"('Firmantes', 'BLOQUE')":{"('0110-PE-2002', 0)":"PODER EJECUTIVO","('0110-PE-2002', 1)":"PODER EJECUTIVO","('0110-PE-2002', 2)":"PODER EJECUTIVO"},"('Giros', 'COMISI\u00d3N')":{"('0110-PE-2002', 0)":"BICAMERAL DE SEGUIMIENTO DE FACULTADES DELEGADAS AL PODER EJECUTIVO NACIONAL - LEY 25561","('0110-PE-2002', 1)":null,"('0110-PE-2002', 2)":null},"('Tramites', 'C\u00c1MARA')":{"('0110-PE-2002', 0)":"Senado","('0110-PE-2002', 1)":"Diputados","('0110-PE-2002', 2)":null},"('Tramites', 'MOVIMIENTO')":{"('0110-PE-2002', 0)":"CONSIDERACION Y APROBACION","('0110-PE-2002', 1)":"PASA A DIPUTADOS -","('0110-PE-2002', 2)":null},"('Tramites', 'FECHA')":{"('0110-PE-2002', 0)":"10\/05\/2006","('0110-PE-2002', 1)":null,"('0110-PE-2002', 2)":null},"('Tramites', 'RESULTADO')":{"('0110-PE-2002', 0)":"APROBADO","('0110-PE-2002', 1)":null,"('0110-PE-2002', 2)":null},"Sumario":{"('0110-PE-2002', 0)":"COMUNICACION DEL MISMO.","('0110-PE-2002', 1)":null,"('0110-PE-2002', 2)":null},"Palabra Clave":{"('0110-PE-2002', 0)":" ","('0110-PE-2002', 1)":null,"('0110-PE-2002', 2)":null}}