{"Tipo de Proyecto":{"('0114-S-2002', 0)":"PROYECTO DE RESOLUCI\u00d3N","('0114-S-2002', 1)":null,"('0114-S-2002', 2)":null,"('0114-S-2002', 3)":null},"Iniciado en: ":{"('0114-S-2002', 0)":"Senado","('0114-S-2002', 1)":null,"('0114-S-2002', 2)":null,"('0114-S-2002', 3)":null},"Expediente Diputados: ":{"('0114-S-2002', 0)":"0114-S-2002","('0114-S-2002', 1)":null,"('0114-S-2002', 2)":null,"('0114-S-2002', 3)":null},"Expediente Senado: ":{"('0114-S-2002', 0)":"0221-OV-2000","('0114-S-2002', 1)":null,"('0114-S-2002', 2)":null,"('0114-S-2002', 3)":null},"Fecha: ":{"('0114-S-2002', 0)":"01\/08\/2002","('0114-S-2002', 1)":null,"('0114-S-2002', 2)":null,"('0114-S-2002', 3)":null},"T\u00edtulo":{"('0114-S-2002', 0)":"DICTAMEN EN LA RESOLUCION REMITIDA POR LA AUDITORIA GENERAL DE LA NACION SOBRE AUDITORIA DE GESTION AMBIENTAL EN EL AMBITO DE LA DIRECCION NACIONAL DE RECURSOS HIDROCARBURIFEROS Y COMBUSTIBLES.","('0114-S-2002', 1)":null,"('0114-S-2002', 2)":null,"('0114-S-2002', 3)":null},"('Firmantes', 'FIRMANTE')":{"('0114-S-2002', 0)":"PARLAMENTARIA MIXTA REVISORA DE CUENTAS","('0114-S-2002', 1)":null,"('0114-S-2002', 2)":null,"('0114-S-2002', 3)":null},"('Firmantes', 'DISTRITO')":{"('0114-S-2002', 0)":null,"('0114-S-2002', 1)":null,"('0114-S-2002', 2)":null,"('0114-S-2002', 3)":null},"('Firmantes', 'BLOQUE')":{"('0114-S-2002', 0)":null,"('0114-S-2002', 1)":null,"('0114-S-2002', 2)":null,"('0114-S-2002', 3)":null},"('Giros', 'COMISI\u00d3N')":{"('0114-S-2002', 0)":"PARLAMENTARIA MIXTA REVISORA DE CUENTAS","('0114-S-2002', 1)":null,"('0114-S-2002', 2)":null,"('0114-S-2002', 3)":null},"('Tramites', 'C\u00c1MARA')":{"('0114-S-2002', 0)":"Senado","('0114-S-2002', 1)":"Diputados","('0114-S-2002', 2)":"Diputados","('0114-S-2002', 3)":"Diputados"},"('Tramites', 'MOVIMIENTO')":{"('0114-S-2002', 0)":"CONSIDERACION Y APROBACION","('0114-S-2002', 1)":"PASA A DIPUTADOS -","('0114-S-2002', 2)":"CONSIDERACION Y APROBACION","('0114-S-2002', 3)":"CONTESTACION DEL PODER EJECUTIVO NACIONAL - JEFE DE GABINETE DE MINISTROS - (1158-OV-02) - GIRADA A LA COMISION RESPECTIVA (BAE 48\/02)"},"('Tramites', 'FECHA')":{"('0114-S-2002', 0)":"15\/08\/2002","('0114-S-2002', 1)":null,"('0114-S-2002', 2)":"18\/09\/2002","('0114-S-2002', 3)":"12\/03\/2003"},"('Tramites', 'RESULTADO')":{"('0114-S-2002', 0)":"APROBADO","('0114-S-2002', 1)":null,"('0114-S-2002', 2)":"APROBADO","('0114-S-2002', 3)":null},"Sumario":{"('0114-S-2002', 0)":"SOLICITUD AL PODER EJECUTIVO NACIONAL PARA QUE INFORME SOBRE LAS MEDIDAS ADOPTADAS A LOS FINES DE REGULARIZAR LAS SITUACIONES OBSERVADAS.","('0114-S-2002', 1)":null,"('0114-S-2002', 2)":null,"('0114-S-2002', 3)":null},"Palabra Clave":{"('0114-S-2002', 0)":" ","('0114-S-2002', 1)":null,"('0114-S-2002', 2)":null,"('0114-S-2002', 3)":null}}