{"Tipo de Proyecto":{"('0115-PE-2002', 0)":"MENSAJE NRO: 2143\/02 Y PROYECTO DE LEY","('0115-PE-2002', 1)":null,"('0115-PE-2002', 2)":null,"('0115-PE-2002', 3)":null,"('0115-PE-2002', 4)":null,"('0115-PE-2002', 5)":null,"('0115-PE-2002', 6)":null},"Iniciado en: ":{"('0115-PE-2002', 0)":"Diputados","('0115-PE-2002', 1)":null,"('0115-PE-2002', 2)":null,"('0115-PE-2002', 3)":null,"('0115-PE-2002', 4)":null,"('0115-PE-2002', 5)":null,"('0115-PE-2002', 6)":null},"Expediente Diputados: ":{"('0115-PE-2002', 0)":"0115-PE-2002","('0115-PE-2002', 1)":null,"('0115-PE-2002', 2)":null,"('0115-PE-2002', 3)":null,"('0115-PE-2002', 4)":null,"('0115-PE-2002', 5)":null,"('0115-PE-2002', 6)":null},"Expediente Senado: ":{"('0115-PE-2002', 0)":"0026-CD-2003","('0115-PE-2002', 1)":null,"('0115-PE-2002', 2)":null,"('0115-PE-2002', 3)":null,"('0115-PE-2002', 4)":null,"('0115-PE-2002', 5)":null,"('0115-PE-2002', 6)":null},"Publicado en: ":{"('0115-PE-2002', 0)":"Tr\u00e1mite Parlamentario N\u00b0 167","('0115-PE-2002', 1)":null,"('0115-PE-2002', 2)":null,"('0115-PE-2002', 3)":null,"('0115-PE-2002', 4)":null,"('0115-PE-2002', 5)":null,"('0115-PE-2002', 6)":null},"Fecha: ":{"('0115-PE-2002', 0)":"30\/10\/2002","('0115-PE-2002', 1)":null,"('0115-PE-2002', 2)":null,"('0115-PE-2002', 3)":null,"('0115-PE-2002', 4)":null,"('0115-PE-2002', 5)":null,"('0115-PE-2002', 6)":null},"T\u00edtulo":{"('0115-PE-2002', 0)":"CREACION DEL PROGRAMA NACIONAL DE PROTECCION A TESTIGOS E IMPUTADOS.","('0115-PE-2002', 1)":null,"('0115-PE-2002', 2)":null,"('0115-PE-2002', 3)":null,"('0115-PE-2002', 4)":null,"('0115-PE-2002', 5)":null,"('0115-PE-2002', 6)":null},"('Firmantes', 'FIRMANTE')":{"('0115-PE-2002', 0)":"DUHALDE, EDUARDO ALBERTO","('0115-PE-2002', 1)":"ATANASOF, ALFREDO NESTOR","('0115-PE-2002', 2)":"ALVAREZ, JUAN JOSE","('0115-PE-2002', 3)":null,"('0115-PE-2002', 4)":null,"('0115-PE-2002', 5)":null,"('0115-PE-2002', 6)":null},"('Firmantes', 'DISTRITO')":{"('0115-PE-2002', 0)":null,"('0115-PE-2002', 1)":null,"('0115-PE-2002', 2)":null,"('0115-PE-2002', 3)":null,"('0115-PE-2002', 4)":null,"('0115-PE-2002', 5)":null,"('0115-PE-2002', 6)":null},"('Firmantes', 'BLOQUE')":{"('0115-PE-2002', 0)":"PODER EJECUTIVO","('0115-PE-2002', 1)":"PODER EJECUTIVO","('0115-PE-2002', 2)":"PODER EJECUTIVO","('0115-PE-2002', 3)":null,"('0115-PE-2002', 4)":null,"('0115-PE-2002', 5)":null,"('0115-PE-2002', 6)":null},"('Giros', 'COMISI\u00d3N')":{"('0115-PE-2002', 0)":"LEGISLACION PENAL","('0115-PE-2002', 1)":null,"('0115-PE-2002', 2)":null,"('0115-PE-2002', 3)":null,"('0115-PE-2002', 4)":null,"('0115-PE-2002', 5)":null,"('0115-PE-2002', 6)":null},"('Tramites', 'C\u00c1MARA')":{"('0115-PE-2002', 0)":"Diputados","('0115-PE-2002', 1)":"Diputados","('0115-PE-2002', 2)":"Diputados","('0115-PE-2002', 3)":"Senado","('0115-PE-2002', 4)":"Senado","('0115-PE-2002', 5)":"Senado","('0115-PE-2002', 6)":"Senado"},"('Tramites', 'MOVIMIENTO')":{"('0115-PE-2002', 0)":"MOCION SOBRE TABLAS (AFIRMATIVA)","('0115-PE-2002', 1)":"CONSIDERACION Y APROBACION CON MODIFICACIONES","('0115-PE-2002', 2)":"INSERCION DE LA DIPUTADA WALSH","('0115-PE-2002', 3)":"PASA A SENADO -","('0115-PE-2002', 4)":"MOCION DE POSTERGACION DE TRATAMIENTO (AFIRMATIVA)","('0115-PE-2002', 5)":"MOCION SOBRE TABLAS (AFIRMATIVA)","('0115-PE-2002', 6)":"CONSIDERACION Y SANCION"},"('Tramites', 'FECHA')":{"('0115-PE-2002', 0)":"28\/05\/2003","('0115-PE-2002', 1)":"04\/06\/2003","('0115-PE-2002', 2)":"04\/06\/2003","('0115-PE-2002', 3)":null,"('0115-PE-2002', 4)":"02\/07\/2003","('0115-PE-2002', 5)":"23\/07\/2003","('0115-PE-2002', 6)":"23\/07\/2003"},"('Tramites', 'RESULTADO')":{"('0115-PE-2002', 0)":null,"('0115-PE-2002', 1)":"MEDIA SANCION","('0115-PE-2002', 2)":null,"('0115-PE-2002', 3)":null,"('0115-PE-2002', 4)":null,"('0115-PE-2002', 5)":null,"('0115-PE-2002', 6)":"SANCIONADO"},"Link":{"('0115-PE-2002', 0)":"https:\/\/www4.hcdn.gob.ar\/dependencias\/dsecretaria\/Periodo2002\/PDF2002\/TP2002\/0115-PE-02.pdf","('0115-PE-2002', 1)":null,"('0115-PE-2002', 2)":null,"('0115-PE-2002', 3)":null,"('0115-PE-2002', 4)":null,"('0115-PE-2002', 5)":null,"('0115-PE-2002', 6)":null},"Palabra Clave":{"('0115-PE-2002', 0)":" ","('0115-PE-2002', 1)":null,"('0115-PE-2002', 2)":null,"('0115-PE-2002', 3)":null,"('0115-PE-2002', 4)":null,"('0115-PE-2002', 5)":null,"('0115-PE-2002', 6)":null}}