{"Tipo de Proyecto":{"('0116-PE-2002', 0)":"MENSAJE NRO: 2144\/02 Y PROYECTO DE LEY","('0116-PE-2002', 1)":null,"('0116-PE-2002', 2)":null,"('0116-PE-2002', 3)":null,"('0116-PE-2002', 4)":null,"('0116-PE-2002', 5)":null},"Iniciado en: ":{"('0116-PE-2002', 0)":"Diputados","('0116-PE-2002', 1)":null,"('0116-PE-2002', 2)":null,"('0116-PE-2002', 3)":null,"('0116-PE-2002', 4)":null,"('0116-PE-2002', 5)":null},"Expediente Diputados: ":{"('0116-PE-2002', 0)":"0116-PE-2002","('0116-PE-2002', 1)":null,"('0116-PE-2002', 2)":null,"('0116-PE-2002', 3)":null,"('0116-PE-2002', 4)":null,"('0116-PE-2002', 5)":null},"Expediente Senado: ":{"('0116-PE-2002', 0)":"0024-CD-2003","('0116-PE-2002', 1)":null,"('0116-PE-2002', 2)":null,"('0116-PE-2002', 3)":null,"('0116-PE-2002', 4)":null,"('0116-PE-2002', 5)":null},"Publicado en: ":{"('0116-PE-2002', 0)":"Tr\u00e1mite Parlamentario N\u00b0 167","('0116-PE-2002', 1)":null,"('0116-PE-2002', 2)":null,"('0116-PE-2002', 3)":null,"('0116-PE-2002', 4)":null,"('0116-PE-2002', 5)":null},"Fecha: ":{"('0116-PE-2002', 0)":"30\/10\/2002","('0116-PE-2002', 1)":null,"('0116-PE-2002', 2)":null,"('0116-PE-2002', 3)":null,"('0116-PE-2002', 4)":null,"('0116-PE-2002', 5)":null},"T\u00edtulo":{"('0116-PE-2002', 0)":"MODIFICACION AL CODIGO PENAL, SOBRE LOS TIPOS PENALES DE LA PRIVACION ILEGAL CALIFICADA Y SECUESTRO EXTORSIVO.","('0116-PE-2002', 1)":null,"('0116-PE-2002', 2)":null,"('0116-PE-2002', 3)":null,"('0116-PE-2002', 4)":null,"('0116-PE-2002', 5)":null},"('Firmantes', 'FIRMANTE')":{"('0116-PE-2002', 0)":"DUHALDE, EDUARDO ALBERTO","('0116-PE-2002', 1)":"ATANASOF, ALFREDO NESTOR","('0116-PE-2002', 2)":"ALVAREZ, JUAN JOSE","('0116-PE-2002', 3)":null,"('0116-PE-2002', 4)":null,"('0116-PE-2002', 5)":null},"('Firmantes', 'DISTRITO')":{"('0116-PE-2002', 0)":null,"('0116-PE-2002', 1)":null,"('0116-PE-2002', 2)":null,"('0116-PE-2002', 3)":null,"('0116-PE-2002', 4)":null,"('0116-PE-2002', 5)":null},"('Firmantes', 'BLOQUE')":{"('0116-PE-2002', 0)":"PODER EJECUTIVO","('0116-PE-2002', 1)":"PODER EJECUTIVO","('0116-PE-2002', 2)":"PODER EJECUTIVO","('0116-PE-2002', 3)":null,"('0116-PE-2002', 4)":null,"('0116-PE-2002', 5)":null},"('Giros', 'COMISI\u00d3N')":{"('0116-PE-2002', 0)":"LEGISLACION PENAL","('0116-PE-2002', 1)":null,"('0116-PE-2002', 2)":null,"('0116-PE-2002', 3)":null,"('0116-PE-2002', 4)":null,"('0116-PE-2002', 5)":null},"('Tramites', 'C\u00c1MARA')":{"('0116-PE-2002', 0)":"Diputados","('0116-PE-2002', 1)":"Diputados","('0116-PE-2002', 2)":"Senado","('0116-PE-2002', 3)":"Senado","('0116-PE-2002', 4)":"Senado","('0116-PE-2002', 5)":"Senado"},"('Tramites', 'MOVIMIENTO')":{"('0116-PE-2002', 0)":"MOCION SOBRE TABLAS (AFIRMATIVA)","('0116-PE-2002', 1)":"CONSIDERACION Y APROBACION CON MODIFICACIONES","('0116-PE-2002', 2)":"PASA A SENADO - DAE 65","('0116-PE-2002', 3)":"MOCION SOBRE TABLAS (AFIRMATIVA)","('0116-PE-2002', 4)":"CONSIDERACION Y SANCION","('0116-PE-2002', 5)":"INSERCIONES"},"('Tramites', 'FECHA')":{"('0116-PE-2002', 0)":"08\/05\/2003","('0116-PE-2002', 1)":"28\/05\/2003","('0116-PE-2002', 2)":null,"('0116-PE-2002', 3)":"04\/06\/2003","('0116-PE-2002', 4)":"04\/06\/2003","('0116-PE-2002', 5)":"04\/06\/2003"},"('Tramites', 'RESULTADO')":{"('0116-PE-2002', 0)":null,"('0116-PE-2002', 1)":"MEDIA SANCION","('0116-PE-2002', 2)":null,"('0116-PE-2002', 3)":null,"('0116-PE-2002', 4)":"SANCIONADO","('0116-PE-2002', 5)":null},"Link":{"('0116-PE-2002', 0)":"https:\/\/www4.hcdn.gob.ar\/dependencias\/dsecretaria\/Periodo2002\/PDF2002\/TP2002\/0116-PE-02.pdf","('0116-PE-2002', 1)":null,"('0116-PE-2002', 2)":null,"('0116-PE-2002', 3)":null,"('0116-PE-2002', 4)":null,"('0116-PE-2002', 5)":null},"Palabra Clave":{"('0116-PE-2002', 0)":" ","('0116-PE-2002', 1)":null,"('0116-PE-2002', 2)":null,"('0116-PE-2002', 3)":null,"('0116-PE-2002', 4)":null,"('0116-PE-2002', 5)":null}}