{"Tipo de Proyecto":{"('0117-S-2002', 0)":"COMUNICACION","('0117-S-2002', 1)":null,"('0117-S-2002', 2)":null,"('0117-S-2002', 3)":null,"('0117-S-2002', 4)":null},"Iniciado en: ":{"('0117-S-2002', 0)":"Senado","('0117-S-2002', 1)":null,"('0117-S-2002', 2)":null,"('0117-S-2002', 3)":null,"('0117-S-2002', 4)":null},"Expediente Senado: ":{"('0117-S-2002', 0)":"0117-S-2002","('0117-S-2002', 1)":null,"('0117-S-2002', 2)":null,"('0117-S-2002', 3)":null,"('0117-S-2002', 4)":null},"Publicado en: ":{"('0117-S-2002', 0)":"Diario de Asuntos Entrados N\u00b0 19","('0117-S-2002', 1)":null,"('0117-S-2002', 2)":null,"('0117-S-2002', 3)":null,"('0117-S-2002', 4)":null},"Fecha: ":{"('0117-S-2002', 0)":"12\/03\/2002","('0117-S-2002', 1)":null,"('0117-S-2002', 2)":null,"('0117-S-2002', 3)":null,"('0117-S-2002', 4)":null},"T\u00edtulo":{"('0117-S-2002', 0)":"REINTEGRAR A LA PROVINCIA DE SAN LUIS FONDOS RETENIDOS POR EL BANCO NACION EN VIRTUD DE LO DISPUESTO POR LOS DECRETOS 1570\/01 Y 214\/02.","('0117-S-2002', 1)":null,"('0117-S-2002', 2)":null,"('0117-S-2002', 3)":null,"('0117-S-2002', 4)":null},"('Firmantes', 'FIRMANTE')":{"('0117-S-2002', 0)":"NEGRE DE ALONSO, LILIANA T.","('0117-S-2002', 1)":"OCHOA, RAUL ERNESTO","('0117-S-2002', 2)":"AGUNDEZ, JORGE ALFREDO","('0117-S-2002', 3)":"MAZA, ADA MERCEDES","('0117-S-2002', 4)":"ESCUDERO, SONIA MARGARITA"},"('Firmantes', 'DISTRITO')":{"('0117-S-2002', 0)":"SAN LUIS","('0117-S-2002', 1)":"SAN LUIS","('0117-S-2002', 2)":"SAN LUIS","('0117-S-2002', 3)":"LA RIOJA","('0117-S-2002', 4)":"SALTA"},"('Firmantes', 'BLOQUE')":{"('0117-S-2002', 0)":"JUSTICIALISTA","('0117-S-2002', 1)":"JUSTICIALISTA","('0117-S-2002', 2)":"UCR","('0117-S-2002', 3)":"JUSTICIALISTA","('0117-S-2002', 4)":"JUSTICIALISTA"},"Sumario":{"('0117-S-2002', 0)":"SOLICITUD AL PODER EJECUTIVO NACIONAL.","('0117-S-2002', 1)":null,"('0117-S-2002', 2)":null,"('0117-S-2002', 3)":null,"('0117-S-2002', 4)":null},"Palabra Clave":{"('0117-S-2002', 0)":" ","('0117-S-2002', 1)":null,"('0117-S-2002', 2)":null,"('0117-S-2002', 3)":null,"('0117-S-2002', 4)":null}}