{"Tipo de Proyecto":{"('0118-PE-2002', 0)":"MENSAJE NRO: 2191\/02","('0118-PE-2002', 1)":null,"('0118-PE-2002', 2)":null},"Iniciado en: ":{"('0118-PE-2002', 0)":"Diputados","('0118-PE-2002', 1)":null,"('0118-PE-2002', 2)":null},"Expediente Diputados: ":{"('0118-PE-2002', 0)":"0118-PE-2002","('0118-PE-2002', 1)":null,"('0118-PE-2002', 2)":null},"Publicado en: ":{"('0118-PE-2002', 0)":"Tr\u00e1mite Parlamentario N\u00b0 168","('0118-PE-2002', 1)":null,"('0118-PE-2002', 2)":null},"Fecha: ":{"('0118-PE-2002', 0)":"31\/10\/2002","('0118-PE-2002', 1)":null,"('0118-PE-2002', 2)":null},"T\u00edtulo":{"('0118-PE-2002', 0)":"DICTADO DEL DECRETO 2190\/02 POR EL CUAL SE OBSERVA EN SU TOTALIDAD EL PROYECTO LEY 25662, DE SUSTITUCION DEL ARTICULO 20 DEL DECRETO 905\/02, SOBRE CANCELACION DE DEUDAS DEL SISTEMA FINANCIERO CON BONOS.","('0118-PE-2002', 1)":null,"('0118-PE-2002', 2)":null},"('Firmantes', 'FIRMANTE')":{"('0118-PE-2002', 0)":"DUHALDE, EDUARDO ALBERTO","('0118-PE-2002', 1)":"ATANASOF, ALFREDO NESTOR","('0118-PE-2002', 2)":"LAVAGNA, ROBERTO"},"('Firmantes', 'DISTRITO')":{"('0118-PE-2002', 0)":null,"('0118-PE-2002', 1)":null,"('0118-PE-2002', 2)":null},"('Firmantes', 'BLOQUE')":{"('0118-PE-2002', 0)":"PODER EJECUTIVO","('0118-PE-2002', 1)":"PODER EJECUTIVO","('0118-PE-2002', 2)":"PODER EJECUTIVO"},"('Giros', 'COMISI\u00d3N')":{"('0118-PE-2002', 0)":"FINANZAS","('0118-PE-2002', 1)":"PRESUPUESTO Y HACIENDA","('0118-PE-2002', 2)":null},"('Tramites', 'C\u00c1MARA')":{"('0118-PE-2002', 0)":"Diputados","('0118-PE-2002', 1)":"Diputados","('0118-PE-2002', 2)":null},"('Tramites', 'MOVIMIENTO')":{"('0118-PE-2002', 0)":"MANIFESTACIONES EN MINORIA","('0118-PE-2002', 1)":"MANIFESTACIONES EN MINORIA","('0118-PE-2002', 2)":null},"('Tramites', 'FECHA')":{"('0118-PE-2002', 0)":"13\/11\/2002","('0118-PE-2002', 1)":"20\/11\/2002","('0118-PE-2002', 2)":null},"('Tramites', 'RESULTADO')":{"('0118-PE-2002', 0)":null,"('0118-PE-2002', 1)":null,"('0118-PE-2002', 2)":null},"Sumario":{"('0118-PE-2002', 0)":"COMUNICACION DEL MISMO.","('0118-PE-2002', 1)":null,"('0118-PE-2002', 2)":null},"Palabra Clave":{"('0118-PE-2002', 0)":" ","('0118-PE-2002', 1)":null,"('0118-PE-2002', 2)":null}}