{"Tipo de Proyecto":{"('0119-PE-2002', 0)":"MENSAJE NRO: 2208\/02","('0119-PE-2002', 1)":null,"('0119-PE-2002', 2)":null},"Iniciado en: ":{"('0119-PE-2002', 0)":"Diputados","('0119-PE-2002', 1)":null,"('0119-PE-2002', 2)":null},"Expediente Diputados: ":{"('0119-PE-2002', 0)":"0119-PE-2002","('0119-PE-2002', 1)":null,"('0119-PE-2002', 2)":null},"Publicado en: ":{"('0119-PE-2002', 0)":"Tr\u00e1mite Parlamentario N\u00b0 170","('0119-PE-2002', 1)":null,"('0119-PE-2002', 2)":null},"Fecha: ":{"('0119-PE-2002', 0)":"04\/11\/2002","('0119-PE-2002', 1)":null,"('0119-PE-2002', 2)":null},"T\u00edtulo":{"('0119-PE-2002', 0)":"COMUNICADO DEL DECRETO 2207\/02, DE MODIFICACION DEL PRESUPUESTO DE LA ADMINISTRACION NACIONAL PARA EL EJERCICIO 2002, CON DESTINO AL MINISTERIO DE RELACIONES EXTERIORES, COMERCIO INTERNACIONAL Y CULTO. ","('0119-PE-2002', 1)":null,"('0119-PE-2002', 2)":null},"('Firmantes', 'FIRMANTE')":{"('0119-PE-2002', 0)":"DUHALDE, EDUARDO ALBERTO","('0119-PE-2002', 1)":"ATANASOF, ALFREDO NESTOR","('0119-PE-2002', 2)":"LAVAGNA, ROBERTO"},"('Firmantes', 'DISTRITO')":{"('0119-PE-2002', 0)":null,"('0119-PE-2002', 1)":null,"('0119-PE-2002', 2)":null},"('Firmantes', 'BLOQUE')":{"('0119-PE-2002', 0)":"PODER EJECUTIVO","('0119-PE-2002', 1)":"PODER EJECUTIVO","('0119-PE-2002', 2)":"PODER EJECUTIVO"},"('Giros', 'COMISI\u00d3N')":{"('0119-PE-2002', 0)":"BICAMERAL PERMANENTE DE TRAMITE LEGISLATIVO - LEY 26122","('0119-PE-2002', 1)":null,"('0119-PE-2002', 2)":null},"('Tramites', 'C\u00c1MARA')":{"('0119-PE-2002', 0)":"Diputados","('0119-PE-2002', 1)":"Diputados","('0119-PE-2002', 2)":null},"('Tramites', 'MOVIMIENTO')":{"('0119-PE-2002', 0)":"SOLICITUD DEL PRESIDENTE DE LA COMISION BICAMERAL PERMANENTE DE TRAMITE LEGISLATIVO (LEY 26122) DE REMISION DEL EXPEDIENTE PARA SU ANALISIS (A LA PRESIDENCIA)","('0119-PE-2002', 1)":"EXPEDIENTE ORIGINALMENTE GIRADO A LA COMISION DE PRESUPUESTO Y HACIENDA; SE LO REMITE A LA COMISION BICAMERAL PERMANENTE DE TRAMITE LEGISLATIVO (LEY 26122)","('0119-PE-2002', 2)":null},"('Tramites', 'FECHA')":{"('0119-PE-2002', 0)":"18\/07\/2007","('0119-PE-2002', 1)":null,"('0119-PE-2002', 2)":null},"('Tramites', 'RESULTADO')":{"('0119-PE-2002', 0)":null,"('0119-PE-2002', 1)":null,"('0119-PE-2002', 2)":null},"Palabra Clave":{"('0119-PE-2002', 0)":" ","('0119-PE-2002', 1)":null,"('0119-PE-2002', 2)":null}}