{"Tipo de Proyecto":{"('0120-D-2002', 0)":"PROYECTO DE DECLARACI\u00d3N"},"Iniciado en: ":{"('0120-D-2002', 0)":"Diputados"},"Expediente Diputados: ":{"('0120-D-2002', 0)":"0120-D-2002"},"Publicado en: ":{"('0120-D-2002', 0)":"Tr\u00e1mite Parlamentario N\u00b0 3"},"Fecha: ":{"('0120-D-2002', 0)":"05\/03\/2002"},"T\u00edtulo":{"('0120-D-2002', 0)":"ASESINATO DE LA SENADORA COLOMBIANA MARTHA CATALINA DANIELS EN MANOS DE LAS FUERZAS ARMADAS REVOLUCIONARIAS DE COLOMBIA (FARC), EL 3 DE MARZO DE 2002."},"('Firmantes', 'FIRMANTE')":{"('0120-D-2002', 0)":"FERNANDEZ VALONI, JOSE LUIS"},"('Firmantes', 'DISTRITO')":{"('0120-D-2002', 0)":"CIUDAD de BUENOS AIRES"},"('Firmantes', 'BLOQUE')":{"('0120-D-2002', 0)":"ACCION REPUBLICA"},"('Giros', 'COMISI\u00d3N')":{"('0120-D-2002', 0)":"RELACIONES EXTERIORES Y CULTO"},"('Tramites', 'C\u00c1MARA')":{"('0120-D-2002', 0)":"Diputados"},"('Tramites', 'MOVIMIENTO')":{"('0120-D-2002', 0)":"CONSIDERACION Y APROBACION"},"('Tramites', 'FECHA')":{"('0120-D-2002', 0)":"22\/05\/2002"},"('Tramites', 'RESULTADO')":{"('0120-D-2002', 0)":"APROBADO"},"Sumario":{"('0120-D-2002', 0)":"EXPRESION DE REPUDIO."},"Palabra Clave":{"('0120-D-2002', 0)":" "}}