{"Tipo de Proyecto":{"('0120-PE-2002', 0)":"MENSAJE NRO: 2210\/02","('0120-PE-2002', 1)":null,"('0120-PE-2002', 2)":null},"Iniciado en: ":{"('0120-PE-2002', 0)":"Diputados","('0120-PE-2002', 1)":null,"('0120-PE-2002', 2)":null},"Expediente Diputados: ":{"('0120-PE-2002', 0)":"0120-PE-2002","('0120-PE-2002', 1)":null,"('0120-PE-2002', 2)":null},"Expediente Senado: ":{"('0120-PE-2002', 0)":"4483-S-2004","('0120-PE-2002', 1)":null,"('0120-PE-2002', 2)":null},"Publicado en: ":{"('0120-PE-2002', 0)":"Tr\u00e1mite Parlamentario N\u00b0 170","('0120-PE-2002', 1)":null,"('0120-PE-2002', 2)":null},"Fecha: ":{"('0120-PE-2002', 0)":"04\/11\/2002","('0120-PE-2002', 1)":null,"('0120-PE-2002', 2)":null},"T\u00edtulo":{"('0120-PE-2002', 0)":"COMUNICADO DEL DECRETO 2209\/02, SOBRE EXCEPCIONES A LA LEY 25152, DE SOLVENCIA FISCAL Y CALIDAD DE GESTION PUBLICA NACIONAL.","('0120-PE-2002', 1)":null,"('0120-PE-2002', 2)":null},"('Firmantes', 'FIRMANTE')":{"('0120-PE-2002', 0)":"DUHALDE, EDUARDO ALBERTO","('0120-PE-2002', 1)":"ATANASOF, ALFREDO NESTOR","('0120-PE-2002', 2)":"LAVAGNA, ROBERTO"},"('Firmantes', 'DISTRITO')":{"('0120-PE-2002', 0)":null,"('0120-PE-2002', 1)":null,"('0120-PE-2002', 2)":null},"('Firmantes', 'BLOQUE')":{"('0120-PE-2002', 0)":"PODER EJECUTIVO","('0120-PE-2002', 1)":"PODER EJECUTIVO","('0120-PE-2002', 2)":"PODER EJECUTIVO"},"('Giros', 'COMISI\u00d3N')":{"('0120-PE-2002', 0)":"BICAMERAL DE SEGUIMIENTO DE FACULTADES DELEGADAS AL PODER EJECUTIVO NACIONAL - LEY 25561","('0120-PE-2002', 1)":null,"('0120-PE-2002', 2)":null},"('Tramites', 'C\u00c1MARA')":{"('0120-PE-2002', 0)":"Senado","('0120-PE-2002', 1)":"Diputados","('0120-PE-2002', 2)":null},"('Tramites', 'MOVIMIENTO')":{"('0120-PE-2002', 0)":"CONSIDERACION Y APROBACION","('0120-PE-2002', 1)":"PASA A DIPUTADOS -","('0120-PE-2002', 2)":null},"('Tramites', 'FECHA')":{"('0120-PE-2002', 0)":"10\/05\/2006","('0120-PE-2002', 1)":null,"('0120-PE-2002', 2)":null},"('Tramites', 'RESULTADO')":{"('0120-PE-2002', 0)":"APROBADO","('0120-PE-2002', 1)":null,"('0120-PE-2002', 2)":null},"Palabra Clave":{"('0120-PE-2002', 0)":" ","('0120-PE-2002', 1)":null,"('0120-PE-2002', 2)":null}}