{"Tipo de Proyecto":{"('0121-D-2002', 0)":"PROYECTO DE DECLARACI\u00d3N","('0121-D-2002', 1)":null,"('0121-D-2002', 2)":null,"('0121-D-2002', 3)":null,"('0121-D-2002', 4)":null,"('0121-D-2002', 5)":null,"('0121-D-2002', 6)":null,"('0121-D-2002', 7)":null,"('0121-D-2002', 8)":null,"('0121-D-2002', 9)":null},"Iniciado en: ":{"('0121-D-2002', 0)":"Diputados","('0121-D-2002', 1)":null,"('0121-D-2002', 2)":null,"('0121-D-2002', 3)":null,"('0121-D-2002', 4)":null,"('0121-D-2002', 5)":null,"('0121-D-2002', 6)":null,"('0121-D-2002', 7)":null,"('0121-D-2002', 8)":null,"('0121-D-2002', 9)":null},"Expediente Diputados: ":{"('0121-D-2002', 0)":"0121-D-2002","('0121-D-2002', 1)":null,"('0121-D-2002', 2)":null,"('0121-D-2002', 3)":null,"('0121-D-2002', 4)":null,"('0121-D-2002', 5)":null,"('0121-D-2002', 6)":null,"('0121-D-2002', 7)":null,"('0121-D-2002', 8)":null,"('0121-D-2002', 9)":null},"Publicado en: ":{"('0121-D-2002', 0)":"Tr\u00e1mite Parlamentario N\u00b0 3","('0121-D-2002', 1)":null,"('0121-D-2002', 2)":null,"('0121-D-2002', 3)":null,"('0121-D-2002', 4)":null,"('0121-D-2002', 5)":null,"('0121-D-2002', 6)":null,"('0121-D-2002', 7)":null,"('0121-D-2002', 8)":null,"('0121-D-2002', 9)":null},"Fecha: ":{"('0121-D-2002', 0)":"05\/03\/2002","('0121-D-2002', 1)":null,"('0121-D-2002', 2)":null,"('0121-D-2002', 3)":null,"('0121-D-2002', 4)":null,"('0121-D-2002', 5)":null,"('0121-D-2002', 6)":null,"('0121-D-2002', 7)":null,"('0121-D-2002', 8)":null,"('0121-D-2002', 9)":null},"T\u00edtulo":{"('0121-D-2002', 0)":"PROPUESTA DE LOS ECONOMISTAS RUDIGER DORNBUSCH Y RICARDO CABALLERO PARA QUE LA BANCA EXTRANJERA, U OTRO ORGANISMO INTERNACIONAL, INTERVENGA LA ECONOMIA ARGENTINA Y TOMEN A SU CARGO EL CONTROL Y SUPERVISION DEL GASTO PUBLICO, LA EMISION MONETARIA Y LA ADMINISTRACION DE LOS IMPUESTOS.","('0121-D-2002', 1)":null,"('0121-D-2002', 2)":null,"('0121-D-2002', 3)":null,"('0121-D-2002', 4)":null,"('0121-D-2002', 5)":null,"('0121-D-2002', 6)":null,"('0121-D-2002', 7)":null,"('0121-D-2002', 8)":null,"('0121-D-2002', 9)":null},"('Firmantes', 'FIRMANTE')":{"('0121-D-2002', 0)":"POLINO, HECTOR TEODORO","('0121-D-2002', 1)":"WALSH, PATRICIA","('0121-D-2002', 2)":"GIUSTINIANI, RUBEN HECTOR","('0121-D-2002', 3)":"GONZALEZ, OSCAR ROBERTO","('0121-D-2002', 4)":"RIVAS, JORGE","('0121-D-2002', 5)":"BASTEIRO, SERGIO ARIEL","('0121-D-2002', 6)":"MACALUSE, EDUARDO GABRIEL","('0121-D-2002', 7)":"PARENTELLA, IRMA FIDELA","('0121-D-2002', 8)":"BRAVO, ALFREDO PEDRO","('0121-D-2002', 9)":"VILLALBA, ALFREDO HORACIO"},"('Firmantes', 'DISTRITO')":{"('0121-D-2002', 0)":"CIUDAD de BUENOS AIRES","('0121-D-2002', 1)":"CIUDAD de BUENOS AIRES","('0121-D-2002', 2)":"SANTA FE","('0121-D-2002', 3)":"BUENOS AIRES","('0121-D-2002', 4)":"BUENOS AIRES","('0121-D-2002', 5)":"BUENOS AIRES","('0121-D-2002', 6)":"BUENOS AIRES","('0121-D-2002', 7)":"CIUDAD de BUENOS AIRES","('0121-D-2002', 8)":"CIUDAD de BUENOS AIRES","('0121-D-2002', 9)":"BUENOS AIRES"},"('Firmantes', 'BLOQUE')":{"('0121-D-2002', 0)":"ARI","('0121-D-2002', 1)":"IZQUIERDA UNIDA","('0121-D-2002', 2)":"PARTIDO SOCIALISTA POPULAR","('0121-D-2002', 3)":"ARI","('0121-D-2002', 4)":"ARI","('0121-D-2002', 5)":"ARI","('0121-D-2002', 6)":"ARI","('0121-D-2002', 7)":"FRENTE GRANDE","('0121-D-2002', 8)":"ARI","('0121-D-2002', 9)":"FRENTE PARA EL CAMBIO"},"('Giros', 'COMISI\u00d3N')":{"('0121-D-2002', 0)":"FINANZAS","('0121-D-2002', 1)":"PRESUPUESTO Y HACIENDA","('0121-D-2002', 2)":null,"('0121-D-2002', 3)":null,"('0121-D-2002', 4)":null,"('0121-D-2002', 5)":null,"('0121-D-2002', 6)":null,"('0121-D-2002', 7)":null,"('0121-D-2002', 8)":null,"('0121-D-2002', 9)":null},"('Tramites', 'C\u00c1MARA')":{"('0121-D-2002', 0)":"Diputados","('0121-D-2002', 1)":null,"('0121-D-2002', 2)":null,"('0121-D-2002', 3)":null,"('0121-D-2002', 4)":null,"('0121-D-2002', 5)":null,"('0121-D-2002', 6)":null,"('0121-D-2002', 7)":null,"('0121-D-2002', 8)":null,"('0121-D-2002', 9)":null},"('Tramites', 'MOVIMIENTO')":{"('0121-D-2002', 0)":"SOLICITUD DE REPRODUCCION DEL PROYECTO PARA EL PERIODO 121 (2003), SEGUN LOS TERMINOS DEL ARTICULO 7 DE LA RESOLUCION DE LA HCD DEL 05\/06\/1996","('0121-D-2002', 1)":null,"('0121-D-2002', 2)":null,"('0121-D-2002', 3)":null,"('0121-D-2002', 4)":null,"('0121-D-2002', 5)":null,"('0121-D-2002', 6)":null,"('0121-D-2002', 7)":null,"('0121-D-2002', 8)":null,"('0121-D-2002', 9)":null},"('Tramites', 'FECHA')":{"('0121-D-2002', 0)":"12\/03\/2003","('0121-D-2002', 1)":null,"('0121-D-2002', 2)":null,"('0121-D-2002', 3)":null,"('0121-D-2002', 4)":null,"('0121-D-2002', 5)":null,"('0121-D-2002', 6)":null,"('0121-D-2002', 7)":null,"('0121-D-2002', 8)":null,"('0121-D-2002', 9)":null},"('Tramites', 'RESULTADO')":{"('0121-D-2002', 0)":null,"('0121-D-2002', 1)":null,"('0121-D-2002', 2)":null,"('0121-D-2002', 3)":null,"('0121-D-2002', 4)":null,"('0121-D-2002', 5)":null,"('0121-D-2002', 6)":null,"('0121-D-2002', 7)":null,"('0121-D-2002', 8)":null,"('0121-D-2002', 9)":null},"Sumario":{"('0121-D-2002', 0)":"EXPRESION DE REPUDIO.","('0121-D-2002', 1)":null,"('0121-D-2002', 2)":null,"('0121-D-2002', 3)":null,"('0121-D-2002', 4)":null,"('0121-D-2002', 5)":null,"('0121-D-2002', 6)":null,"('0121-D-2002', 7)":null,"('0121-D-2002', 8)":null,"('0121-D-2002', 9)":null},"Palabra Clave":{"('0121-D-2002', 0)":" ","('0121-D-2002', 1)":null,"('0121-D-2002', 2)":null,"('0121-D-2002', 3)":null,"('0121-D-2002', 4)":null,"('0121-D-2002', 5)":null,"('0121-D-2002', 6)":null,"('0121-D-2002', 7)":null,"('0121-D-2002', 8)":null,"('0121-D-2002', 9)":null}}