{"Tipo de Proyecto":{"('0121-S-2002', 0)":"PROYECTO DE LEY","('0121-S-2002', 1)":null,"('0121-S-2002', 2)":null,"('0121-S-2002', 3)":null,"('0121-S-2002', 4)":null,"('0121-S-2002', 5)":null},"Iniciado en: ":{"('0121-S-2002', 0)":"Senado","('0121-S-2002', 1)":null,"('0121-S-2002', 2)":null,"('0121-S-2002', 3)":null,"('0121-S-2002', 4)":null,"('0121-S-2002', 5)":null},"Expediente Diputados: ":{"('0121-S-2002', 0)":"0121-S-2002","('0121-S-2002', 1)":null,"('0121-S-2002', 2)":null,"('0121-S-2002', 3)":null,"('0121-S-2002', 4)":null,"('0121-S-2002', 5)":null},"Expediente Senado: ":{"('0121-S-2002', 0)":"1420-S-2002","('0121-S-2002', 1)":null,"('0121-S-2002', 2)":null,"('0121-S-2002', 3)":null,"('0121-S-2002', 4)":null,"('0121-S-2002', 5)":null},"Publicado en: ":{"('0121-S-2002', 0)":"Diario de Asuntos Entrados N\u00b0 161","('0121-S-2002', 1)":null,"('0121-S-2002', 2)":null,"('0121-S-2002', 3)":null,"('0121-S-2002', 4)":null,"('0121-S-2002', 5)":null},"Fecha: ":{"('0121-S-2002', 0)":"03\/07\/2002","('0121-S-2002', 1)":null,"('0121-S-2002', 2)":null,"('0121-S-2002', 3)":null,"('0121-S-2002', 4)":null,"('0121-S-2002', 5)":null},"T\u00edtulo":{"('0121-S-2002', 0)":"OPERATORIA DE LAS CAJAS DE CREDITO: MODIFICACION DE LA LEY DE ENTIDADES FINANCIERAS LEY 21526 (TEXTO SEGUN LEY 24144 CON LA MODIFICACIONES DE LA LAS LEYES 24485 Y 24627) Y DE LA LEY 20337 (LEY DE COOPERATIVAS).","('0121-S-2002', 1)":null,"('0121-S-2002', 2)":null,"('0121-S-2002', 3)":null,"('0121-S-2002', 4)":null,"('0121-S-2002', 5)":null},"('Firmantes', 'FIRMANTE')":{"('0121-S-2002', 0)":"BAR, GRACIELA YOLANDA","('0121-S-2002', 1)":null,"('0121-S-2002', 2)":null,"('0121-S-2002', 3)":null,"('0121-S-2002', 4)":null,"('0121-S-2002', 5)":null},"('Firmantes', 'DISTRITO')":{"('0121-S-2002', 0)":"ENTRE RIOS","('0121-S-2002', 1)":null,"('0121-S-2002', 2)":null,"('0121-S-2002', 3)":null,"('0121-S-2002', 4)":null,"('0121-S-2002', 5)":null},"('Firmantes', 'BLOQUE')":{"('0121-S-2002', 0)":"JUSTICIALISTA","('0121-S-2002', 1)":null,"('0121-S-2002', 2)":null,"('0121-S-2002', 3)":null,"('0121-S-2002', 4)":null,"('0121-S-2002', 5)":null},"('Giros', 'COMISI\u00d3N')":{"('0121-S-2002', 0)":"FINANZAS","('0121-S-2002', 1)":"ASUNTOS COOPERATIVOS, MUTUALES Y DE ORG.NO GUBERNAMENTALES","('0121-S-2002', 2)":null,"('0121-S-2002', 3)":null,"('0121-S-2002', 4)":null,"('0121-S-2002', 5)":null},"('Tramites', 'C\u00c1MARA')":{"('0121-S-2002', 0)":"Senado","('0121-S-2002', 1)":"Diputados","('0121-S-2002', 2)":"Diputados","('0121-S-2002', 3)":"Senado","('0121-S-2002', 4)":"Senado","('0121-S-2002', 5)":"Senado"},"('Tramites', 'MOVIMIENTO')":{"('0121-S-2002', 0)":"CONSIDERACION Y APROBACION CON MODIFICACIONES","('0121-S-2002', 1)":"PASA A DIPUTADOS - TP 126","('0121-S-2002', 2)":"CONSIDERACION Y APROBACION (CON VOTO DE LOS DOS TERCIOS DE LOS PRESENTES, ARTICULO 81 DE LA CONSTITUCION NACIONAL)","('0121-S-2002', 3)":"VUELVE A SENADO - (DAE 328\/02)","('0121-S-2002', 4)":"MOCION DE PREFERENCIA (AFIRMATIVA)","('0121-S-2002', 5)":"CONSIDERACION Y SANCION (ACEPTACION DE LAS MODIFICACIONES INTRODUCIDAS POR LA H CAMARA DE DIPUTADOS)"},"('Tramites', 'FECHA')":{"('0121-S-2002', 0)":"28\/08\/2002","('0121-S-2002', 1)":null,"('0121-S-2002', 2)":"28\/11\/2002","('0121-S-2002', 3)":null,"('0121-S-2002', 4)":"23\/07\/2003","('0121-S-2002', 5)":"01\/10\/2003"},"('Tramites', 'RESULTADO')":{"('0121-S-2002', 0)":"MEDIA SANCION","('0121-S-2002', 1)":null,"('0121-S-2002', 2)":"MEDIA SANCION","('0121-S-2002', 3)":null,"('0121-S-2002', 4)":null,"('0121-S-2002', 5)":"SANCIONADO"},"Sumario":{"('0121-S-2002', 0)":"INCORPORACION COMO  ARTICULO 4 BIS (FACULTAD DEL BANCO CENTRAL DE LA REPUBLICA ARGENTINA DE REGULAR LAS OBLIGACIONES DE LAS CAJAS DE CREDITO TENIENDO EN CUENTA SU CARACTERISTICA DE MUTUALIDAD ESTRICTA Y EN DE CONFORMIDAD CON SU NATURALEZA JURIDICA) Y COMO ARTICULO 26 BIS (OPERATORIA); Y MODIFICACION DEL ARTICULO 26 (FACULTADES DE LAS CAJAS DE CREDITO); SUSTITUCION DEL ARTICULO 116 DE LA LEY 20337 (BANCOS COOPERATIVOS).","('0121-S-2002', 1)":null,"('0121-S-2002', 2)":null,"('0121-S-2002', 3)":null,"('0121-S-2002', 4)":null,"('0121-S-2002', 5)":null},"Palabra Clave":{"('0121-S-2002', 0)":" ","('0121-S-2002', 1)":null,"('0121-S-2002', 2)":null,"('0121-S-2002', 3)":null,"('0121-S-2002', 4)":null,"('0121-S-2002', 5)":null}}