{"Tipo de Proyecto":{"('0122-D-2002', 0)":"PROYECTO DE RESOLUCI\u00d3N","('0122-D-2002', 1)":null},"Iniciado en: ":{"('0122-D-2002', 0)":"Diputados","('0122-D-2002', 1)":null},"Expediente Diputados: ":{"('0122-D-2002', 0)":"0122-D-2002","('0122-D-2002', 1)":null},"Publicado en: ":{"('0122-D-2002', 0)":"Tr\u00e1mite Parlamentario N\u00b0 3","('0122-D-2002', 1)":null},"Fecha: ":{"('0122-D-2002', 0)":"05\/03\/2002","('0122-D-2002', 1)":null},"T\u00edtulo":{"('0122-D-2002', 0)":"PEDIDO DE INFORMES: SOBRE CUESTIONES RELACIONADAS CON LAS ENFERMEDADES DEL DENGUE Y DE LA FIEBRE HEMORRAGICA.","('0122-D-2002', 1)":null},"('Firmantes', 'FIRMANTE')":{"('0122-D-2002', 0)":"ALCHOURON, GUILLERMO EDUARDO","('0122-D-2002', 1)":"CANTINI, GUILLERMO MARCELO"},"('Firmantes', 'DISTRITO')":{"('0122-D-2002', 0)":"BUENOS AIRES","('0122-D-2002', 1)":"CIUDAD de BUENOS AIRES"},"('Firmantes', 'BLOQUE')":{"('0122-D-2002', 0)":"ACCION REPUBLICA","('0122-D-2002', 1)":"ACCION REPUBLICA"},"('Giros', 'COMISI\u00d3N')":{"('0122-D-2002', 0)":"ACCION SOCIAL Y SALUD PUBLICA","('0122-D-2002', 1)":null},"Sumario":{"('0122-D-2002', 0)":"SOLICITUD AL PODER EJECUTIVO NACIONAL.","('0122-D-2002', 1)":null},"Palabra Clave":{"('0122-D-2002', 0)":" ","('0122-D-2002', 1)":null}}