{"Tipo de Proyecto":{"('0123-PE-2002', 0)":"MENSAJE NRO: 2240\/02","('0123-PE-2002', 1)":null,"('0123-PE-2002', 2)":null},"Iniciado en: ":{"('0123-PE-2002', 0)":"Diputados","('0123-PE-2002', 1)":null,"('0123-PE-2002', 2)":null},"Expediente Diputados: ":{"('0123-PE-2002', 0)":"0123-PE-2002","('0123-PE-2002', 1)":null,"('0123-PE-2002', 2)":null},"Publicado en: ":{"('0123-PE-2002', 0)":"Tr\u00e1mite Parlamentario N\u00b0 173","('0123-PE-2002', 1)":null,"('0123-PE-2002', 2)":null},"Fecha: ":{"('0123-PE-2002', 0)":"07\/11\/2002","('0123-PE-2002', 1)":null,"('0123-PE-2002', 2)":null},"T\u00edtulo":{"('0123-PE-2002', 0)":"DECRETO 2239\/02 POR EL CUAL SE APRUEBA EL PLAN DE INCLUSION DE EMPLEADORES -PIE- PARA INTEGRAR EL REGIMEN DE PREVENCION Y COBERTURA DE RIESGOS DEL TRABAJO, LEY 24557.","('0123-PE-2002', 1)":null,"('0123-PE-2002', 2)":null},"('Firmantes', 'FIRMANTE')":{"('0123-PE-2002', 0)":"DUHALDE, EDUARDO ALBERTO","('0123-PE-2002', 1)":"ATANASOF, ALFREDO NESTOR","('0123-PE-2002', 2)":"CAMA\u00d1O, GRACIELA"},"('Firmantes', 'DISTRITO')":{"('0123-PE-2002', 0)":null,"('0123-PE-2002', 1)":null,"('0123-PE-2002', 2)":null},"('Firmantes', 'BLOQUE')":{"('0123-PE-2002', 0)":"PODER EJECUTIVO","('0123-PE-2002', 1)":"PODER EJECUTIVO","('0123-PE-2002', 2)":"PODER EJECUTIVO"},"('Giros', 'COMISI\u00d3N')":{"('0123-PE-2002', 0)":"BICAMERAL DE SEGUIMIENTO DE FACULTADES DELEGADAS AL PODER EJECUTIVO NACIONAL - LEY 25561","('0123-PE-2002', 1)":null,"('0123-PE-2002', 2)":null},"Sumario":{"('0123-PE-2002', 0)":"COMUNICACION DEL MISMO.","('0123-PE-2002', 1)":null,"('0123-PE-2002', 2)":null},"Palabra Clave":{"('0123-PE-2002', 0)":" ","('0123-PE-2002', 1)":null,"('0123-PE-2002', 2)":null}}