{"Tipo de Proyecto":{"('0123-S-2002', 0)":"COMUNICACION","('0123-S-2002', 1)":null},"Iniciado en: ":{"('0123-S-2002', 0)":"Senado","('0123-S-2002', 1)":null},"Expediente Senado: ":{"('0123-S-2002', 0)":"0123-S-2002","('0123-S-2002', 1)":null},"Publicado en: ":{"('0123-S-2002', 0)":"Diario de Asuntos Entrados N\u00b0 19","('0123-S-2002', 1)":null},"Fecha: ":{"('0123-S-2002', 0)":"12\/03\/2002","('0123-S-2002', 1)":null},"T\u00edtulo":{"('0123-S-2002', 0)":"REGLAMENTAR LA LEY 25467, DE CIENCIA, TECNOLOGIA E INNOVACION.","('0123-S-2002', 1)":null},"('Firmantes', 'FIRMANTE')":{"('0123-S-2002', 0)":"TAFFAREL, RICARDO CESAR","('0123-S-2002', 1)":"FALCO, LUIS ALBERTO"},"('Firmantes', 'DISTRITO')":{"('0123-S-2002', 0)":"ENTRE RIOS","('0123-S-2002', 1)":"RIO NEGRO"},"('Firmantes', 'BLOQUE')":{"('0123-S-2002', 0)":"UCR","('0123-S-2002', 1)":"UCR"},"('Tramites', 'C\u00c1MARA')":{"('0123-S-2002', 0)":"Senado","('0123-S-2002', 1)":"Senado"},"('Tramites', 'MOVIMIENTO')":{"('0123-S-2002', 0)":"CONSIDERACION Y APROBACION","('0123-S-2002', 1)":"CONTESTACION DEL PODER EJECUTIVO NACIONAL - GIRADO A LA COMISION RESPECTIVA"},"('Tramites', 'FECHA')":{"('0123-S-2002', 0)":"08\/05\/2002","('0123-S-2002', 1)":null},"('Tramites', 'RESULTADO')":{"('0123-S-2002', 0)":"APROBADO","('0123-S-2002', 1)":null},"Sumario":{"('0123-S-2002', 0)":"SOLICITUD AL PODER EJECUTIVO NACIONAL.","('0123-S-2002', 1)":null},"Palabra Clave":{"('0123-S-2002', 0)":" ","('0123-S-2002', 1)":null}}