{"Tipo de Proyecto":{"('0124-PE-2002', 0)":"MENSAJE NRO: 2244\/02","('0124-PE-2002', 1)":null,"('0124-PE-2002', 2)":null},"Iniciado en: ":{"('0124-PE-2002', 0)":"Diputados","('0124-PE-2002', 1)":null,"('0124-PE-2002', 2)":null},"Expediente Diputados: ":{"('0124-PE-2002', 0)":"0124-PE-2002","('0124-PE-2002', 1)":null,"('0124-PE-2002', 2)":null},"Publicado en: ":{"('0124-PE-2002', 0)":"Tr\u00e1mite Parlamentario N\u00b0 173","('0124-PE-2002', 1)":null,"('0124-PE-2002', 2)":null},"Fecha: ":{"('0124-PE-2002', 0)":"07\/11\/2002","('0124-PE-2002', 1)":null,"('0124-PE-2002', 2)":null},"T\u00edtulo":{"('0124-PE-2002', 0)":"DECRETO 2243\/02 POR EL CUAL SE SUSTITUYE EL ARTICULO 1 DEL DECRETO 1657\/02, PARA DETERMINAR LA INCIDENCIA QUE TENDRA LA UTILIZACION DE TITULOS PUBLICOS PARA PAGAR IMPUESTOS NACIONALES.","('0124-PE-2002', 1)":null,"('0124-PE-2002', 2)":null},"('Firmantes', 'FIRMANTE')":{"('0124-PE-2002', 0)":"DUHALDE, EDUARDO ALBERTO","('0124-PE-2002', 1)":"ATANASOF, ALFREDO NESTOR","('0124-PE-2002', 2)":"LAVAGNA, ROBERTO"},"('Firmantes', 'DISTRITO')":{"('0124-PE-2002', 0)":null,"('0124-PE-2002', 1)":null,"('0124-PE-2002', 2)":null},"('Firmantes', 'BLOQUE')":{"('0124-PE-2002', 0)":"PODER EJECUTIVO","('0124-PE-2002', 1)":"PODER EJECUTIVO","('0124-PE-2002', 2)":"PODER EJECUTIVO"},"('Giros', 'COMISI\u00d3N')":{"('0124-PE-2002', 0)":"BICAMERAL DE SEGUIMIENTO DE FACULTADES DELEGADAS AL PODER EJECUTIVO NACIONAL - LEY 25561","('0124-PE-2002', 1)":null,"('0124-PE-2002', 2)":null},"Sumario":{"('0124-PE-2002', 0)":"COMUNICACION DEL MISMO.","('0124-PE-2002', 1)":null,"('0124-PE-2002', 2)":null},"Palabra Clave":{"('0124-PE-2002', 0)":" ","('0124-PE-2002', 1)":null,"('0124-PE-2002', 2)":null}}