{"Tipo de Proyecto":{"('0126-D-2002', 0)":"PROYECTO DE LEY"},"Iniciado en: ":{"('0126-D-2002', 0)":"Diputados"},"Expediente Diputados: ":{"('0126-D-2002', 0)":"0126-D-2002"},"Publicado en: ":{"('0126-D-2002', 0)":"Tr\u00e1mite Parlamentario N\u00b0 3"},"Fecha: ":{"('0126-D-2002', 0)":"05\/03\/2002"},"T\u00edtulo":{"('0126-D-2002', 0)":"MODIFICACIONES A LA LEY DE MINISTERIOS (TEXTO ORDENADO DECRETO 438\/92) Y SUS MODIFICATORIAS (REPRODUCCION DEL EXPEDIENTE 4259-D-00)."},"('Firmantes', 'FIRMANTE')":{"('0126-D-2002', 0)":"GONZALEZ, MARIA AMERICA"},"('Firmantes', 'DISTRITO')":{"('0126-D-2002', 0)":"CIUDAD de BUENOS AIRES"},"('Firmantes', 'BLOQUE')":{"('0126-D-2002', 0)":"FRENTE GRANDE"},"('Giros', 'COMISI\u00d3N')":{"('0126-D-2002', 0)":"ASUNTOS CONSTITUCIONALES"},"Sumario":{"('0126-D-2002', 0)":"SUSTITUCION DEL ARTICULO 1 (MINISTERIOS DEL PODER EJECUTIVO); SUSTITUCION DEL PRIMER PARRAFO DEL ARTICULO 22 (COMPETENCIA DEL MINISTERIO DE TRABAJO Y SEGURIDAD SOCIAL)."},"Palabra Clave":{"('0126-D-2002', 0)":" "}}