{"Tipo de Proyecto":{"('0128-D-2002', 0)":"PROYECTO DE LEY","('0128-D-2002', 1)":null},"Iniciado en: ":{"('0128-D-2002', 0)":"Diputados","('0128-D-2002', 1)":null},"Expediente Diputados: ":{"('0128-D-2002', 0)":"0128-D-2002","('0128-D-2002', 1)":null},"Publicado en: ":{"('0128-D-2002', 0)":"Tr\u00e1mite Parlamentario N\u00b0 3","('0128-D-2002', 1)":null},"Fecha: ":{"('0128-D-2002', 0)":"05\/03\/2002","('0128-D-2002', 1)":null},"T\u00edtulo":{"('0128-D-2002', 0)":"LEY 24241 (DE SISTEMA INTEGRADO DE JUBILACIONES Y PENSIONES): MODIFICACION. (REPRODUCCION DEL EXPEDIENTE 7735-D-00).","('0128-D-2002', 1)":null},"('Firmantes', 'FIRMANTE')":{"('0128-D-2002', 0)":"GONZALEZ, MARIA AMERICA","('0128-D-2002', 1)":null},"('Firmantes', 'DISTRITO')":{"('0128-D-2002', 0)":"CIUDAD de BUENOS AIRES","('0128-D-2002', 1)":null},"('Firmantes', 'BLOQUE')":{"('0128-D-2002', 0)":"FRENTE GRANDE","('0128-D-2002', 1)":null},"('Giros', 'COMISI\u00d3N')":{"('0128-D-2002', 0)":"PREVISION Y SEGURIDAD SOCIAL","('0128-D-2002', 1)":"PRESUPUESTO Y HACIENDA"},"('Tramites', 'C\u00c1MARA')":{"('0128-D-2002', 0)":"Diputados","('0128-D-2002', 1)":null},"('Tramites', 'MOVIMIENTO')":{"('0128-D-2002', 0)":"REPRODUCIDO POR EXPEDIENTE 0616-D-04 (TP 9)","('0128-D-2002', 1)":null},"('Tramites', 'FECHA')":{"('0128-D-2002', 0)":null,"('0128-D-2002', 1)":null},"('Tramites', 'RESULTADO')":{"('0128-D-2002', 0)":null,"('0128-D-2002', 1)":null},"Sumario":{"('0128-D-2002', 0)":"AGREGADO COMO ULTIMO PARRAFO DEL ARTICULO 19 (FALTA DE DIEZ A\u00d1OS DE APORTES); SUSTITUCION DEL PRIMER PARRAFO DEL ARTICULO 30 (PRESTACION ADICIONAL POR PERMANENCIA); SUSTITUCION DEL ARTICULO 21 (MODULO PREVISIONAL); SUSTITUCION DEL ARTICULO 24 (HABER DE LA PRESTACION COMPENSATORIA); SUSTITUCION DEL ARTICULO 25 (HABER DE LA PRESTACION ADICIONAL POR PERMANENCIA); SUSTITUCION DEL ARTICULO 27 (PRESTACION DE RETIRO POR INVALIDEZ Y DE PENSION POR FALLECIMIENTO DEL AFILIADO EN ACTIVIDAD); SUSTITUCION DEL ARTICULO 34 (INCOMPATIBILIDAD); MULTAS; SUSTITUCION DEL APARTADO 3 DEL ARTICULO 34 BIS (HABER MENSUAL POR EDAD AVANZADA); SUSTITUCION DEL APARTADO 4 DEL ARTICULO 34 (INCOMPATIBILIDAD); SUSTITUCION DEL ARTICULO 38 (ESCALA PARA EL COMPUTO DE A\u00d1OS DE SERVICIOS); SUSTITUCION DEL ARTICULO 42 (OBLIGACIONES DE LAS ADMINISTRADORAS RELATIVAS A LA INCORPORACION); SUSTITUCION DEL ARTICULO 43 (ASIGNACION DE AFILIADOS QUE NO ELIGIERON ADMINISTRADORAS; SUSTITUCION DEL ARTICULO 44 (DERECHO DE TRASPASO A OTRA ADMINISTRADORA); SUSTITUYESE EL INCISO A) DEL ARTICULO 48 (INCAPACIDAD); SUSTITUCION DEL ARTICULO 49 (DICTAMEN TRANSITORIO POR INVALIDEZ); SUSTITUCION DEL ARTICULO 50 (DICTAMEN DEFINITIVO POR INVALIDEZ); SUSTITUCION DEL ARTICULO 51 (COMISIONES MEDICAS-INTEGRACION Y FINANCIAMIENTO); INCORPORACION COMO PRIMER PARRAFO DEL ARTICULO 52 (CALIFICACION DE INVALIDEZ); SUSTITUCION DEL INCISO E) DEL ARTICULO 53 (HIJOS E HIJAS SOLTERAS); SUSTITUCION DEL ARTICULO 59 (ADMINISTRADORAS DE FONDOS DE JUBILACIONES Y PENSIONES-OBJETO-OFERTA COMPLEMENTARIA); SUSTITUCION DEL ARTICULO 66 (INFORMACION AL AFILIADO O BENEFICIARIO); SUSTITUCION DEL ARTICULO 68 (REGIMEN DE COMISIONES); SUSTITUCION DEL ARTICULO 69 (BONIFICACION DE LAS COMISIONES); SUSTITUYESE EL PUNTO 4 DEL INCISO E) DEL ARTICULO 72 (GARANTIA); SUSTITUCION DEL ARTICULO 73 (CONCENTRACION DEL MERCADO); INCORPORASE COMO ARTICULO 73 BIS (FUSION-ABSORCION DE FONDOS); SUSTITUCION DEL ARTICULO 74 (INVERSIONES); SUSTITUCION DEL ARTICULO 75 (PROHIBICIONES); SUSTITUCION DEL ARTICULO 76 (LIMITACIONES); SUSTITUCION DEL ARTICULO 78 (REQUISITOS DE LOS TITULOS Y DE LOS MERCADOS); SUSTITUCION DEL ARTICULO 79 (CALIFICACIONES DE RIESGO); SUSTITUCION DEL ARTICULO 80 (CONTROL Y DETERMINACION DE LOS DE LOS METODOS DE VALUACION DE INVERSIONES); SUSTITUCION DEL ARTICULO 83 (INTEGRACION); SUSTITUCION DEL ARTICULO 89 (ENCAJE); SUSTITUCION DEL ARTICULO 90 (GARANTIA DE RENTABILIDAD MINIMA); INCORPORACION COMO ARTICULO 96 BIS (RETIRO POR INVALIDEZ); INCORPORACION COMO ARTICULO 100 (SELECCION DE RETIRO PROGRAMADO-LIMITE); SUSTITUCION DEL INCISO C) DEL ARTICULO 101 (RENTA VITALICIA PREVISIONAL); SUSTITUCION DEL ARTICULO 108 (RENTA VITALICIA PREVISIONAL); INCORPORACION COMO INCISOS V) Y W) DEL ARTICULO 118 (REGIMEN DE INVERSIONES); INCORPORACION COMO ARTICULO 125 (HABER MINIMO GARANTIZADO); INCORPORACION COMO ARTICULO 15 TER (GESTION DE BENEFICIOS PREVISIONALES); SUSTITUCION DEL ARTICULO 8 (TRABAJADORES AUTONOMOS); DEROGANSE EL INCISO D) PUNTOS 1 Y 2 DEL ARTICULO 2, LOS ARTICULOS 29, 33, 87 Y 88 DE LA LEY 24241 Y SUS MODIFICATORIAS; DEJASE SIN EFECTO EL DECRETO 728 DEL 25 DE AGOSTO DE 2000 Y EL PUNTO 3 DE LA REGLAMENTACION DEL ARTICULO 24 DE LA LEY 24241 CONTENIDA EN EL DECRETO 679 DEL 9 DE MAYO DE 1995; DISPOSICIONES TRANSITORIAS.","('0128-D-2002', 1)":null},"Palabra Clave":{"('0128-D-2002', 0)":" ","('0128-D-2002', 1)":null}}