{"Tipo de Proyecto":{"('0129-PE-2002', 0)":"MENSAJE NRO: 2327\/02 Y PROYECTO DE LEY","('0129-PE-2002', 1)":null,"('0129-PE-2002', 2)":null},"Iniciado en: ":{"('0129-PE-2002', 0)":"Diputados","('0129-PE-2002', 1)":null,"('0129-PE-2002', 2)":null},"Expediente Diputados: ":{"('0129-PE-2002', 0)":"0129-PE-2002","('0129-PE-2002', 1)":null,"('0129-PE-2002', 2)":null},"Publicado en: ":{"('0129-PE-2002', 0)":"Tr\u00e1mite Parlamentario N\u00b0 180","('0129-PE-2002', 1)":null,"('0129-PE-2002', 2)":null},"Fecha: ":{"('0129-PE-2002', 0)":"18\/11\/2002","('0129-PE-2002', 1)":null,"('0129-PE-2002', 2)":null},"T\u00edtulo":{"('0129-PE-2002', 0)":"ACTUALIZACION DEL MONTO DE MULTAS PREVISTAS EN EL ARTICULO 2 DE LA LEY 20056 PROHIBICION DE EXHIBICION O PUBLICIDAD DE MENORES ACUSADOS DE DELITOS.","('0129-PE-2002', 1)":null,"('0129-PE-2002', 2)":null},"('Firmantes', 'FIRMANTE')":{"('0129-PE-2002', 0)":"DUHALDE, EDUARDO ALBERTO","('0129-PE-2002', 1)":"ATANASOF, ALFREDO NESTOR","('0129-PE-2002', 2)":"ALVAREZ, JUAN JOSE"},"('Firmantes', 'DISTRITO')":{"('0129-PE-2002', 0)":null,"('0129-PE-2002', 1)":null,"('0129-PE-2002', 2)":null},"('Firmantes', 'BLOQUE')":{"('0129-PE-2002', 0)":"PODER EJECUTIVO","('0129-PE-2002', 1)":"PODER EJECUTIVO","('0129-PE-2002', 2)":"PODER EJECUTIVO"},"('Giros', 'COMISI\u00d3N')":{"('0129-PE-2002', 0)":"LEGISLACION PENAL","('0129-PE-2002', 1)":"FAMILIA, MUJER, NI\u00d1EZ Y ADOLESCENCIA","('0129-PE-2002', 2)":null},"Link":{"('0129-PE-2002', 0)":"https:\/\/www4.hcdn.gob.ar\/dependencias\/dsecretaria\/Periodo2002\/PDF2002\/TP2002\/0129-PE-02.pdf","('0129-PE-2002', 1)":null,"('0129-PE-2002', 2)":null},"Palabra Clave":{"('0129-PE-2002', 0)":" ","('0129-PE-2002', 1)":null,"('0129-PE-2002', 2)":null}}