{"Tipo de Proyecto":{"('0129-S-2002', 0)":"PROYECTO DE RESOLUCI\u00d3N","('0129-S-2002', 1)":null,"('0129-S-2002', 2)":null,"('0129-S-2002', 3)":null},"Iniciado en: ":{"('0129-S-2002', 0)":"Senado","('0129-S-2002', 1)":null,"('0129-S-2002', 2)":null,"('0129-S-2002', 3)":null},"Expediente Diputados: ":{"('0129-S-2002', 0)":"0129-S-2002","('0129-S-2002', 1)":null,"('0129-S-2002', 2)":null,"('0129-S-2002', 3)":null},"Expediente Senado: ":{"('0129-S-2002', 0)":"0208-OV-1998","('0129-S-2002', 1)":null,"('0129-S-2002', 2)":null,"('0129-S-2002', 3)":null},"Fecha: ":{"('0129-S-2002', 0)":"15\/08\/2002","('0129-S-2002', 1)":null,"('0129-S-2002', 2)":null,"('0129-S-2002', 3)":null},"T\u00edtulo":{"('0129-S-2002', 0)":"RESOLUCIONES REMITIDAS POR LA AUDITORIA GENERAL DE LA NACION SOBRE LOS ESTADOS CONTABLES DE LA ENTIDAD BINACIONAL YACYRETA: AL 31\/12\/1997, AL 30\/6\/1998, AL 31\/12\/1998, AL 30\/6\/1999; ASI COMO RECOMENDACIONES PARA EL MEJORAMIENTO DE LOS PROCEDIMIENTOS CONTABLES Y DE CONTROL INTERNO.","('0129-S-2002', 1)":null,"('0129-S-2002', 2)":null,"('0129-S-2002', 3)":null},"('Firmantes', 'FIRMANTE')":{"('0129-S-2002', 0)":"PARLAMENTARIA MIXTA REVISORA DE CUENTAS","('0129-S-2002', 1)":null,"('0129-S-2002', 2)":null,"('0129-S-2002', 3)":null},"('Firmantes', 'DISTRITO')":{"('0129-S-2002', 0)":null,"('0129-S-2002', 1)":null,"('0129-S-2002', 2)":null,"('0129-S-2002', 3)":null},"('Firmantes', 'BLOQUE')":{"('0129-S-2002', 0)":null,"('0129-S-2002', 1)":null,"('0129-S-2002', 2)":null,"('0129-S-2002', 3)":null},"('Giros', 'COMISI\u00d3N')":{"('0129-S-2002', 0)":"PARLAMENTARIA MIXTA REVISORA DE CUENTAS","('0129-S-2002', 1)":null,"('0129-S-2002', 2)":null,"('0129-S-2002', 3)":null},"('Tramites', 'C\u00c1MARA')":{"('0129-S-2002', 0)":"Senado","('0129-S-2002', 1)":"Diputados","('0129-S-2002', 2)":"Diputados","('0129-S-2002', 3)":"Diputados"},"('Tramites', 'MOVIMIENTO')":{"('0129-S-2002', 0)":"CONSIDERACION Y APROBACION","('0129-S-2002', 1)":"PASA A DIPUTADOS -","('0129-S-2002', 2)":"CONSIDERACION Y APROBACION","('0129-S-2002', 3)":"CONTESTACION DEL PODER EJECUTIVO NACIONAL - JEFE DE GABINETE DE MINISTROS - GIRADO A LA COMISION RESPECTIVA"},"('Tramites', 'FECHA')":{"('0129-S-2002', 0)":"04\/09\/2002","('0129-S-2002', 1)":null,"('0129-S-2002', 2)":"09\/10\/2002","('0129-S-2002', 3)":"16\/07\/2003"},"('Tramites', 'RESULTADO')":{"('0129-S-2002', 0)":"APROBADO","('0129-S-2002', 1)":null,"('0129-S-2002', 2)":"APROBADO","('0129-S-2002', 3)":null},"Sumario":{"('0129-S-2002', 0)":"SOLICITUD AL PODER EJECUTIVO NACIONAL INFORME LAS MEDIDAS ADOPTADAS PARA SUPERAR LAS OBSERVACIONES REALIZADAS POR LA AGN.","('0129-S-2002', 1)":null,"('0129-S-2002', 2)":null,"('0129-S-2002', 3)":null},"Palabra Clave":{"('0129-S-2002', 0)":" ","('0129-S-2002', 1)":null,"('0129-S-2002', 2)":null,"('0129-S-2002', 3)":null}}