{"Tipo de Proyecto":{"('0129-D-2002', 0)":"PROYECTO DE LEY","('0129-D-2002', 1)":null,"('0129-D-2002', 2)":null},"Iniciado en: ":{"('0129-D-2002', 0)":"Diputados","('0129-D-2002', 1)":null,"('0129-D-2002', 2)":null},"Expediente Diputados: ":{"('0129-D-2002', 0)":"0129-D-2002","('0129-D-2002', 1)":null,"('0129-D-2002', 2)":null},"Publicado en: ":{"('0129-D-2002', 0)":"Tr\u00e1mite Parlamentario N\u00b0 3","('0129-D-2002', 1)":null,"('0129-D-2002', 2)":null},"Fecha: ":{"('0129-D-2002', 0)":"05\/03\/2002","('0129-D-2002', 1)":null,"('0129-D-2002', 2)":null},"T\u00edtulo":{"('0129-D-2002', 0)":"MODIFICACION A LA LEY 14029, CODIGO DE JUSTICIA MILITAR, DEROGANDO LA PENA DE MUERTE (REPRODUCCION DEL EXPEDIENTE 7611-D-98) (REPRODUCCION DEL EXPEDIENTE 0748-D-00).","('0129-D-2002', 1)":null,"('0129-D-2002', 2)":null},"('Firmantes', 'FIRMANTE')":{"('0129-D-2002', 0)":"STOLBIZER, MARGARITA ROSA","('0129-D-2002', 1)":null,"('0129-D-2002', 2)":null},"('Firmantes', 'DISTRITO')":{"('0129-D-2002', 0)":"BUENOS AIRES","('0129-D-2002', 1)":null,"('0129-D-2002', 2)":null},"('Firmantes', 'BLOQUE')":{"('0129-D-2002', 0)":"UCR","('0129-D-2002', 1)":null,"('0129-D-2002', 2)":null},"('Giros', 'COMISI\u00d3N')":{"('0129-D-2002', 0)":"DEFENSA NACIONAL","('0129-D-2002', 1)":"LEGISLACION PENAL","('0129-D-2002', 2)":"DERECHOS HUMANOS Y GARANTIAS"},"('Tramites', 'C\u00c1MARA')":{"('0129-D-2002', 0)":"Diputados","('0129-D-2002', 1)":null,"('0129-D-2002', 2)":null},"('Tramites', 'MOVIMIENTO')":{"('0129-D-2002', 0)":"REPRODUCIDO POR EXPEDIENTE 0981-D-04 (TP 16)","('0129-D-2002', 1)":null,"('0129-D-2002', 2)":null},"('Tramites', 'FECHA')":{"('0129-D-2002', 0)":null,"('0129-D-2002', 1)":null,"('0129-D-2002', 2)":null},"('Tramites', 'RESULTADO')":{"('0129-D-2002', 0)":null,"('0129-D-2002', 1)":null,"('0129-D-2002', 2)":null},"Palabra Clave":{"('0129-D-2002', 0)":" ","('0129-D-2002', 1)":null,"('0129-D-2002', 2)":null}}