{"Tipo de Proyecto":{"('0130-PE-2002', 0)":"MENSAJE NRO: 2326\/02 Y PROYECTO DE LEY","('0130-PE-2002', 1)":null,"('0130-PE-2002', 2)":null,"('0130-PE-2002', 3)":null},"Iniciado en: ":{"('0130-PE-2002', 0)":"Diputados","('0130-PE-2002', 1)":null,"('0130-PE-2002', 2)":null,"('0130-PE-2002', 3)":null},"Expediente Diputados: ":{"('0130-PE-2002', 0)":"0130-PE-2002","('0130-PE-2002', 1)":null,"('0130-PE-2002', 2)":null,"('0130-PE-2002', 3)":null},"Expediente Senado: ":{"('0130-PE-2002', 0)":"0161-CD-2002","('0130-PE-2002', 1)":null,"('0130-PE-2002', 2)":null,"('0130-PE-2002', 3)":null},"Publicado en: ":{"('0130-PE-2002', 0)":"Tr\u00e1mite Parlamentario N\u00b0 180","('0130-PE-2002', 1)":null,"('0130-PE-2002', 2)":null,"('0130-PE-2002', 3)":null},"Fecha: ":{"('0130-PE-2002', 0)":"18\/11\/2002","('0130-PE-2002', 1)":null,"('0130-PE-2002', 2)":null,"('0130-PE-2002', 3)":null},"T\u00edtulo":{"('0130-PE-2002', 0)":"EXIMIR DEL IMPUESTO SOBRE LOS BIENES PERSONALES (LEY 23966) A LOS TITULOS, BONOS Y DEMAS VALORES EMITIDOS POR LA NACION, LAS PROVINCIAS, LAS MUNICIPALIDADES Y EL GOBIERNO DE LA CIUDAD AUTONOMA DE BUENOS AIRES.","('0130-PE-2002', 1)":null,"('0130-PE-2002', 2)":null,"('0130-PE-2002', 3)":null},"('Firmantes', 'FIRMANTE')":{"('0130-PE-2002', 0)":"DUHALDE, EDUARDO ALBERTO","('0130-PE-2002', 1)":"ATANASOF, ALFREDO NESTOR","('0130-PE-2002', 2)":"LAVAGNA, ROBERTO","('0130-PE-2002', 3)":null},"('Firmantes', 'DISTRITO')":{"('0130-PE-2002', 0)":null,"('0130-PE-2002', 1)":null,"('0130-PE-2002', 2)":null,"('0130-PE-2002', 3)":null},"('Firmantes', 'BLOQUE')":{"('0130-PE-2002', 0)":"PODER EJECUTIVO","('0130-PE-2002', 1)":"PODER EJECUTIVO","('0130-PE-2002', 2)":"PODER EJECUTIVO","('0130-PE-2002', 3)":null},"('Giros', 'COMISI\u00d3N')":{"('0130-PE-2002', 0)":"PRESUPUESTO Y HACIENDA","('0130-PE-2002', 1)":null,"('0130-PE-2002', 2)":null,"('0130-PE-2002', 3)":null},"('Tramites', 'C\u00c1MARA')":{"('0130-PE-2002', 0)":"Diputados","('0130-PE-2002', 1)":"Senado","('0130-PE-2002', 2)":"Senado","('0130-PE-2002', 3)":"Senado"},"('Tramites', 'MOVIMIENTO')":{"('0130-PE-2002', 0)":"CONSIDERACION Y APROBACION CON MODIFICACIONES","('0130-PE-2002', 1)":"PASA A SENADO - (DAE 333)","('0130-PE-2002', 2)":"MOCION SOBRE TABLAS (AFIRMATIVA)","('0130-PE-2002', 3)":"CONSIDERACION Y SANCION"},"('Tramites', 'FECHA')":{"('0130-PE-2002', 0)":"18\/12\/2002","('0130-PE-2002', 1)":null,"('0130-PE-2002', 2)":"26\/12\/2002","('0130-PE-2002', 3)":"26\/12\/2002"},"('Tramites', 'RESULTADO')":{"('0130-PE-2002', 0)":"MEDIA SANCION","('0130-PE-2002', 1)":null,"('0130-PE-2002', 2)":null,"('0130-PE-2002', 3)":"SANCIONADO"},"Link":{"('0130-PE-2002', 0)":"https:\/\/www4.hcdn.gob.ar\/dependencias\/dsecretaria\/Periodo2002\/PDF2002\/TP2002\/0130-PE-02.pdf","('0130-PE-2002', 1)":null,"('0130-PE-2002', 2)":null,"('0130-PE-2002', 3)":null},"Palabra Clave":{"('0130-PE-2002', 0)":" ","('0130-PE-2002', 1)":null,"('0130-PE-2002', 2)":null,"('0130-PE-2002', 3)":null}}