{"Tipo de Proyecto":{"('0132-S-2002', 0)":"PROYECTO DE LEY","('0132-S-2002', 1)":null,"('0132-S-2002', 2)":null},"Iniciado en: ":{"('0132-S-2002', 0)":"Senado","('0132-S-2002', 1)":null,"('0132-S-2002', 2)":null},"Expediente Diputados: ":{"('0132-S-2002', 0)":"0132-S-2002","('0132-S-2002', 1)":null,"('0132-S-2002', 2)":null},"Expediente Senado: ":{"('0132-S-2002', 0)":"0031-OV-2001","('0132-S-2002', 1)":null,"('0132-S-2002', 2)":null},"Fecha: ":{"('0132-S-2002', 0)":"09\/08\/2002","('0132-S-2002', 1)":null,"('0132-S-2002', 2)":null},"T\u00edtulo":{"('0132-S-2002', 0)":"CONCEDER AUTORIZACION A CIUDADANOS ARGENTINOS PARA DESEMPE\u00d1AR CARGOS DE CONSULES Y VICECONSULES HONORARIOS, PROPUESTOS POR GOBIERNOS EXTRANJEROS DE ACUERDO A LEY 23732.","('0132-S-2002', 1)":null,"('0132-S-2002', 2)":null},"('Firmantes', 'FIRMANTE')":{"('0132-S-2002', 0)":"ASUNTOS CONSTITUCIONALES","('0132-S-2002', 1)":null,"('0132-S-2002', 2)":null},"('Firmantes', 'DISTRITO')":{"('0132-S-2002', 0)":null,"('0132-S-2002', 1)":null,"('0132-S-2002', 2)":null},"('Firmantes', 'BLOQUE')":{"('0132-S-2002', 0)":null,"('0132-S-2002', 1)":null,"('0132-S-2002', 2)":null},"('Giros', 'COMISI\u00d3N')":{"('0132-S-2002', 0)":"RELACIONES EXTERIORES Y CULTO","('0132-S-2002', 1)":null,"('0132-S-2002', 2)":null},"('Tramites', 'C\u00c1MARA')":{"('0132-S-2002', 0)":"Senado","('0132-S-2002', 1)":"Diputados","('0132-S-2002', 2)":"Diputados"},"('Tramites', 'MOVIMIENTO')":{"('0132-S-2002', 0)":"CONSIDERACION Y APROBACION","('0132-S-2002', 1)":"PASA A DIPUTADOS - (TP 138)","('0132-S-2002', 2)":"CONSIDERACION Y SANCION"},"('Tramites', 'FECHA')":{"('0132-S-2002', 0)":"11\/09\/2002","('0132-S-2002', 1)":null,"('0132-S-2002', 2)":"28\/11\/2002"},"('Tramites', 'RESULTADO')":{"('0132-S-2002', 0)":"MEDIA SANCION","('0132-S-2002', 1)":null,"('0132-S-2002', 2)":"SANCIONADO"},"Sumario":{"('0132-S-2002', 0)":"A DIEGO LORENZO MURUNIAK (UCRANIA), ABRAHAM CAMILO BRAHIM (ARABE SIRIA), MARIO ALE SIEDE (ARABE SIRIA), HORACIO SRUR MOHADEB (BANGLADESH), ROSA D'AMICO (ITALIA), ADRIANA RISO (ITALIA), JUAN MARTIN DAUJOTAS (LITUANIA) Y ALBERTO CASIANO GOLLAN (GRAN BRETA\u00d1A), DE CONFORMIDAD CON LAS CONSTANCIAS REMITIDAS POR EL MINISTERIO DE RELACIONES EXTERIORES, COMERCIO INTERNACIONAL Y CULTO.","('0132-S-2002', 1)":null,"('0132-S-2002', 2)":null},"Palabra Clave":{"('0132-S-2002', 0)":" ","('0132-S-2002', 1)":null,"('0132-S-2002', 2)":null}}