{"Tipo de Proyecto":{"('0132-PE-2002', 0)":"MENSAJE NRO: 2347\/02 Y PROYECTO DE LEY","('0132-PE-2002', 1)":null,"('0132-PE-2002', 2)":null,"('0132-PE-2002', 3)":null},"Iniciado en: ":{"('0132-PE-2002', 0)":"Diputados","('0132-PE-2002', 1)":null,"('0132-PE-2002', 2)":null,"('0132-PE-2002', 3)":null},"Expediente Diputados: ":{"('0132-PE-2002', 0)":"0132-PE-2002","('0132-PE-2002', 1)":null,"('0132-PE-2002', 2)":null,"('0132-PE-2002', 3)":null},"Publicado en: ":{"('0132-PE-2002', 0)":"Tr\u00e1mite Parlamentario N\u00b0 181","('0132-PE-2002', 1)":null,"('0132-PE-2002', 2)":null,"('0132-PE-2002', 3)":null},"Fecha: ":{"('0132-PE-2002', 0)":"19\/11\/2002","('0132-PE-2002', 1)":null,"('0132-PE-2002', 2)":null,"('0132-PE-2002', 3)":null},"T\u00edtulo":{"('0132-PE-2002', 0)":"LEY DE IMPUESTO A LAS GANANCIAS: MODIFICACION.","('0132-PE-2002', 1)":null,"('0132-PE-2002', 2)":null,"('0132-PE-2002', 3)":null},"('Firmantes', 'FIRMANTE')":{"('0132-PE-2002', 0)":"DUHALDE, EDUARDO ALBERTO","('0132-PE-2002', 1)":"ATANASOF, ALFREDO NESTOR","('0132-PE-2002', 2)":"LAVAGNA, ROBERTO","('0132-PE-2002', 3)":null},"('Firmantes', 'DISTRITO')":{"('0132-PE-2002', 0)":null,"('0132-PE-2002', 1)":null,"('0132-PE-2002', 2)":null,"('0132-PE-2002', 3)":null},"('Firmantes', 'BLOQUE')":{"('0132-PE-2002', 0)":"PODER EJECUTIVO","('0132-PE-2002', 1)":"PODER EJECUTIVO","('0132-PE-2002', 2)":"PODER EJECUTIVO","('0132-PE-2002', 3)":null},"('Giros', 'COMISI\u00d3N')":{"('0132-PE-2002', 0)":"PRESUPUESTO Y HACIENDA","('0132-PE-2002', 1)":null,"('0132-PE-2002', 2)":null,"('0132-PE-2002', 3)":null},"('Tramites', 'C\u00c1MARA')":{"('0132-PE-2002', 0)":"Diputados","('0132-PE-2002', 1)":"Diputados","('0132-PE-2002', 2)":"Diputados","('0132-PE-2002', 3)":"Diputados"},"('Tramites', 'MOVIMIENTO')":{"('0132-PE-2002', 0)":"CONSIDERACION EN GENERAL","('0132-PE-2002', 1)":"MOCION DE VUELTA A COMISION (AFIRMATIVA)","('0132-PE-2002', 2)":"MOCION DE RECONSIDERACION (AFIRMATIVA)","('0132-PE-2002', 3)":"CONSIDERACION"},"('Tramites', 'FECHA')":{"('0132-PE-2002', 0)":"18\/12\/2002","('0132-PE-2002', 1)":"18\/12\/2002","('0132-PE-2002', 2)":"18\/12\/2002","('0132-PE-2002', 3)":"18\/12\/2002"},"('Tramites', 'RESULTADO')":{"('0132-PE-2002', 0)":null,"('0132-PE-2002', 1)":null,"('0132-PE-2002', 2)":null,"('0132-PE-2002', 3)":null},"Sumario":{"('0132-PE-2002', 0)":"ELIMINACION DEL TITULO VI; INCORPORACION DE PARRAFO AL ARTICULO 20; ELIMINACION DE LA TOTALIDAD DE LAS ACTUALIZACIONES PREVISTAS EN LA LEY DE IMPUESTO A LAS GANANCIAS, TEXTO ORDENADO EN 1997 Y MODIFICACIONES; ESTABLECER EN EL 30% LA TASA PREVISTA EN LOS INCISOS A) Y B) DEL ARTICULO 69.","('0132-PE-2002', 1)":null,"('0132-PE-2002', 2)":null,"('0132-PE-2002', 3)":null},"Palabra Clave":{"('0132-PE-2002', 0)":" ","('0132-PE-2002', 1)":null,"('0132-PE-2002', 2)":null,"('0132-PE-2002', 3)":null}}