{"Tipo de Proyecto":{"('0133-OV-2002', 0)":"PROYECTO DE RESOLUCI\u00d3N"},"Iniciado en: ":{"('0133-OV-2002', 0)":"Senado"},"Expediente Senado: ":{"('0133-OV-2002', 0)":"0133-OV-2002"},"Fecha: ":{"('0133-OV-2002', 0)":"08\/09\/2003"},"T\u00edtulo":{"('0133-OV-2002', 0)":"RESOLUCION REMITIDA POR LA AUDITORIA GENERAL DE LA NACION SOBRE EL ESTADO DE LA CUENTA DE DEPOSITO POR PERIODO COMPRENDIDO ENTRE EL 5 DE SEPTIEMBRE DE 2001 Y EL 31 DE DICIEMBRE DE 2001 DEL PROGRAMA SECTORIAL DE APOYO AL COMPROMISO FEDERAL PARA EL CRECIMIENTO Y LA DISCIPLINA FISCAL, CONTRATO DE PRESTAMO 1341\/OC-AR BID."},"('Firmantes', 'FIRMANTE')":{"('0133-OV-2002', 0)":"PARLAMENTARIA MIXTA REVISORA DE CUENTAS"},"('Firmantes', 'DISTRITO')":{"('0133-OV-2002', 0)":null},"('Firmantes', 'BLOQUE')":{"('0133-OV-2002', 0)":null},"('Tramites', 'C\u00c1MARA')":{"('0133-OV-2002', 0)":"Senado"},"('Tramites', 'MOVIMIENTO')":{"('0133-OV-2002', 0)":"CONSIDERACION Y APROBACION (AL ARCHIVO)"},"('Tramites', 'FECHA')":{"('0133-OV-2002', 0)":"17\/09\/2003"},"('Tramites', 'RESULTADO')":{"('0133-OV-2002', 0)":"ARCHIVADO"},"Sumario":{"('0133-OV-2002', 0)":"HABIENDO TOMADO CONOCIMIENTO, SE RECOMIENDA SU REMISION AL ARCHIVO."},"Palabra Clave":{"('0133-OV-2002', 0)":" "}}