{"Tipo de Proyecto":{"('0134-S-2002', 0)":"MENSAJE NRO: 0790\/02 Y PROYECTO DE LEY","('0134-S-2002', 1)":null,"('0134-S-2002', 2)":null},"Iniciado en: ":{"('0134-S-2002', 0)":"Senado","('0134-S-2002', 1)":null,"('0134-S-2002', 2)":null},"Expediente Diputados: ":{"('0134-S-2002', 0)":"0134-S-2002","('0134-S-2002', 1)":null,"('0134-S-2002', 2)":null},"Expediente Senado: ":{"('0134-S-2002', 0)":"0125-PE-2002","('0134-S-2002', 1)":null,"('0134-S-2002', 2)":null},"Publicado en: ":{"('0134-S-2002', 0)":"Diario de Asuntos Entrados N\u00b0 90","('0134-S-2002', 1)":null,"('0134-S-2002', 2)":null},"Fecha: ":{"('0134-S-2002', 0)":"10\/05\/2002","('0134-S-2002', 1)":null,"('0134-S-2002', 2)":null},"T\u00edtulo":{"('0134-S-2002', 0)":"ACUERDO GENERAL DE SEDE ENTRE EL GOBIERNO DE LA REPUBLICA ARGENTINA Y EL GRUPO DE ACCION FINANCIERA DE AMERICA DEL SUD CONTRA EL LAVADO DE ACTIVOS - GAFISUD, SUSCRITO EN BUENOS AIRES DEL 3 DE DICIEMBRE DE 2001.","('0134-S-2002', 1)":null,"('0134-S-2002', 2)":null},"('Firmantes', 'FIRMANTE')":{"('0134-S-2002', 0)":"DUHALDE, EDUARDO ALBERTO","('0134-S-2002', 1)":"ATANASOF, ALFREDO NESTOR","('0134-S-2002', 2)":"RUCKAUF, CARLOS FEDERICO"},"('Firmantes', 'DISTRITO')":{"('0134-S-2002', 0)":null,"('0134-S-2002', 1)":null,"('0134-S-2002', 2)":null},"('Firmantes', 'BLOQUE')":{"('0134-S-2002', 0)":"PODER EJECUTIVO","('0134-S-2002', 1)":"PODER EJECUTIVO","('0134-S-2002', 2)":"PODER EJECUTIVO"},"('Giros', 'COMISI\u00d3N')":{"('0134-S-2002', 0)":"RELACIONES EXTERIORES Y CULTO","('0134-S-2002', 1)":"LEGISLACION PENAL","('0134-S-2002', 2)":null},"('Tramites', 'C\u00c1MARA')":{"('0134-S-2002', 0)":"Senado","('0134-S-2002', 1)":"Diputados","('0134-S-2002', 2)":"Diputados"},"('Tramites', 'MOVIMIENTO')":{"('0134-S-2002', 0)":"CONSIDERACION Y APROBACION","('0134-S-2002', 1)":"PASA A DIPUTADOS - (TP 138)","('0134-S-2002', 2)":"CONSIDERACION Y SANCION"},"('Tramites', 'FECHA')":{"('0134-S-2002', 0)":"11\/09\/2002","('0134-S-2002', 1)":null,"('0134-S-2002', 2)":"26\/02\/2003"},"('Tramites', 'RESULTADO')":{"('0134-S-2002', 0)":"MEDIA SANCION","('0134-S-2002', 1)":null,"('0134-S-2002', 2)":"SANCIONADO"},"Sumario":{"('0134-S-2002', 0)":"APROBACION DEL MISMO.","('0134-S-2002', 1)":null,"('0134-S-2002', 2)":null},"Palabra Clave":{"('0134-S-2002', 0)":" ","('0134-S-2002', 1)":null,"('0134-S-2002', 2)":null}}