{"Tipo de Proyecto":{"('0134-D-2002', 0)":"PROYECTO DE LEY","('0134-D-2002', 1)":null,"('0134-D-2002', 2)":null,"('0134-D-2002', 3)":null,"('0134-D-2002', 4)":null,"('0134-D-2002', 5)":null},"Iniciado en: ":{"('0134-D-2002', 0)":"Diputados","('0134-D-2002', 1)":null,"('0134-D-2002', 2)":null,"('0134-D-2002', 3)":null,"('0134-D-2002', 4)":null,"('0134-D-2002', 5)":null},"Expediente Diputados: ":{"('0134-D-2002', 0)":"0134-D-2002","('0134-D-2002', 1)":null,"('0134-D-2002', 2)":null,"('0134-D-2002', 3)":null,"('0134-D-2002', 4)":null,"('0134-D-2002', 5)":null},"Publicado en: ":{"('0134-D-2002', 0)":"Tr\u00e1mite Parlamentario N\u00b0 3","('0134-D-2002', 1)":null,"('0134-D-2002', 2)":null,"('0134-D-2002', 3)":null,"('0134-D-2002', 4)":null,"('0134-D-2002', 5)":null},"Fecha: ":{"('0134-D-2002', 0)":"05\/03\/2002","('0134-D-2002', 1)":null,"('0134-D-2002', 2)":null,"('0134-D-2002', 3)":null,"('0134-D-2002', 4)":null,"('0134-D-2002', 5)":null},"T\u00edtulo":{"('0134-D-2002', 0)":"MODIFICACION DEL CODIGO PROCESAL CIVIL Y COMERCIAL DE LA NACION, SEGUN LEY 25453.","('0134-D-2002', 1)":null,"('0134-D-2002', 2)":null,"('0134-D-2002', 3)":null,"('0134-D-2002', 4)":null,"('0134-D-2002', 5)":null},"('Firmantes', 'FIRMANTE')":{"('0134-D-2002', 0)":"RODRIGUEZ, MARCELA VIRGINIA","('0134-D-2002', 1)":"MUSA, LAURA CRISTINA","('0134-D-2002', 2)":"BORDENAVE, MARCELA ANTONIA","('0134-D-2002', 3)":"TAZZIOLI, ATILIO PASCUAL","('0134-D-2002', 4)":"RIVAS, JORGE","('0134-D-2002', 5)":"OCA\u00d1A, MARIA GRACIELA"},"('Firmantes', 'DISTRITO')":{"('0134-D-2002', 0)":"BUENOS AIRES","('0134-D-2002', 1)":"CIUDAD de BUENOS AIRES","('0134-D-2002', 2)":"BUENOS AIRES","('0134-D-2002', 3)":"CORDOBA","('0134-D-2002', 4)":"BUENOS AIRES","('0134-D-2002', 5)":"BUENOS AIRES"},"('Firmantes', 'BLOQUE')":{"('0134-D-2002', 0)":"ARI","('0134-D-2002', 1)":"ARI","('0134-D-2002', 2)":"ARI","('0134-D-2002', 3)":"FRENTE GRANDE","('0134-D-2002', 4)":"ARI","('0134-D-2002', 5)":"ARI"},"('Giros', 'COMISI\u00d3N')":{"('0134-D-2002', 0)":"JUSTICIA","('0134-D-2002', 1)":null,"('0134-D-2002', 2)":null,"('0134-D-2002', 3)":null,"('0134-D-2002', 4)":null,"('0134-D-2002', 5)":null},"Sumario":{"('0134-D-2002', 0)":"MODIFICACION DEL ARTICULO 195 (OPORTUNIDAD Y PRESUPUESTO) Y DEROGACION DEL ARTICULO 195 BIS (PER SALTUM)","('0134-D-2002', 1)":null,"('0134-D-2002', 2)":null,"('0134-D-2002', 3)":null,"('0134-D-2002', 4)":null,"('0134-D-2002', 5)":null},"Palabra Clave":{"('0134-D-2002', 0)":" ","('0134-D-2002', 1)":null,"('0134-D-2002', 2)":null,"('0134-D-2002', 3)":null,"('0134-D-2002', 4)":null,"('0134-D-2002', 5)":null}}