{"Tipo de Proyecto":{"('0135-PE-2002', 0)":"MENSAJE NRO: 0779\/02","('0135-PE-2002', 1)":null},"Iniciado en: ":{"('0135-PE-2002', 0)":"Senado","('0135-PE-2002', 1)":null},"Expediente Senado: ":{"('0135-PE-2002', 0)":"0135-PE-2002","('0135-PE-2002', 1)":null},"Publicado en: ":{"('0135-PE-2002', 0)":"DAE S.A. N\u00b0 7","('0135-PE-2002', 1)":null},"Fecha: ":{"('0135-PE-2002', 0)":"28\/05\/2002","('0135-PE-2002', 1)":null},"T\u00edtulo":{"('0135-PE-2002', 0)":"SOLICITAR ACUERDO PARA DESIGNAR DIRECTOR DEL BANCO CENTRAL DE LA REPUBLICA ARGENTINA, DE CONFORMIDAD CON EL ARTICULO 7 DE LA LEY 24144 (CARTA ORGANICA).","('0135-PE-2002', 1)":null},"('Firmantes', 'FIRMANTE')":{"('0135-PE-2002', 0)":"DUHALDE, EDUARDO ALBERTO","('0135-PE-2002', 1)":"VANOSSI, JORGE REINALDO"},"('Firmantes', 'DISTRITO')":{"('0135-PE-2002', 0)":null,"('0135-PE-2002', 1)":null},"('Firmantes', 'BLOQUE')":{"('0135-PE-2002', 0)":"PODER EJECUTIVO","('0135-PE-2002', 1)":"PODER EJECUTIVO"},"('Tramites', 'C\u00c1MARA')":{"('0135-PE-2002', 0)":"Senado","('0135-PE-2002', 1)":"Senado"},"('Tramites', 'MOVIMIENTO')":{"('0135-PE-2002', 0)":"MOCION SOBRE TABLAS (AFIRMATIVA)","('0135-PE-2002', 1)":"CONSIDERACION Y APROBACION"},"('Tramites', 'FECHA')":{"('0135-PE-2002', 0)":"01\/10\/2003","('0135-PE-2002', 1)":"01\/10\/2003"},"('Tramites', 'RESULTADO')":{"('0135-PE-2002', 0)":null,"('0135-PE-2002', 1)":"APROBADO"},"Sumario":{"('0135-PE-2002', 0)":"AL LICENCIADO VICTOR JACINTO BESCOS.","('0135-PE-2002', 1)":null},"Palabra Clave":{"('0135-PE-2002', 0)":" ","('0135-PE-2002', 1)":null}}