{"Tipo de Proyecto":{"('0136-S-2002', 0)":"MENSAJE NRO: 1426\/02 Y PROYECTO DE LEY","('0136-S-2002', 1)":null,"('0136-S-2002', 2)":null,"('0136-S-2002', 3)":null,"('0136-S-2002', 4)":null,"('0136-S-2002', 5)":null},"Iniciado en: ":{"('0136-S-2002', 0)":"Senado","('0136-S-2002', 1)":null,"('0136-S-2002', 2)":null,"('0136-S-2002', 3)":null,"('0136-S-2002', 4)":null,"('0136-S-2002', 5)":null},"Expediente Diputados: ":{"('0136-S-2002', 0)":"0136-S-2002","('0136-S-2002', 1)":null,"('0136-S-2002', 2)":null,"('0136-S-2002', 3)":null,"('0136-S-2002', 4)":null,"('0136-S-2002', 5)":null},"Expediente Senado: ":{"('0136-S-2002', 0)":"0295-PE-2002","('0136-S-2002', 1)":null,"('0136-S-2002', 2)":null,"('0136-S-2002', 3)":null,"('0136-S-2002', 4)":null,"('0136-S-2002', 5)":null},"Publicado en: ":{"('0136-S-2002', 0)":"Diario de Asuntos Entrados N\u00b0 205","('0136-S-2002', 1)":null,"('0136-S-2002', 2)":null,"('0136-S-2002', 3)":null,"('0136-S-2002', 4)":null,"('0136-S-2002', 5)":null},"Fecha: ":{"('0136-S-2002', 0)":"08\/08\/2002","('0136-S-2002', 1)":null,"('0136-S-2002', 2)":null,"('0136-S-2002', 3)":null,"('0136-S-2002', 4)":null,"('0136-S-2002', 5)":null},"T\u00edtulo":{"('0136-S-2002', 0)":"APROBACION DEL ACUERDO ENTRE LA REPUBLICA ARGENTINA Y LA CORPORACION ANDINA DE FOMENTO SOBRE SUSCRIPCION DE ACCIONES DEL CAPITAL ORDINARIO, SUSCRIPTO EN BUENOS AIRES EL 29 DE AGOSTO DE 2001.","('0136-S-2002', 1)":null,"('0136-S-2002', 2)":null,"('0136-S-2002', 3)":null,"('0136-S-2002', 4)":null,"('0136-S-2002', 5)":null},"('Firmantes', 'FIRMANTE')":{"('0136-S-2002', 0)":"DUHALDE, EDUARDO ALBERTO","('0136-S-2002', 1)":"ATANASOF, ALFREDO NESTOR","('0136-S-2002', 2)":"RUCKAUF, CARLOS FEDERICO","('0136-S-2002', 3)":"JAUNARENA, JOSE HORACIO","('0136-S-2002', 4)":null,"('0136-S-2002', 5)":null},"('Firmantes', 'DISTRITO')":{"('0136-S-2002', 0)":null,"('0136-S-2002', 1)":null,"('0136-S-2002', 2)":null,"('0136-S-2002', 3)":null,"('0136-S-2002', 4)":null,"('0136-S-2002', 5)":null},"('Firmantes', 'BLOQUE')":{"('0136-S-2002', 0)":"PODER EJECUTIVO","('0136-S-2002', 1)":"PODER EJECUTIVO","('0136-S-2002', 2)":"PODER EJECUTIVO","('0136-S-2002', 3)":"PODER EJECUTIVO","('0136-S-2002', 4)":null,"('0136-S-2002', 5)":null},"('Giros', 'COMISI\u00d3N')":{"('0136-S-2002', 0)":"RELACIONES EXTERIORES Y CULTO","('0136-S-2002', 1)":"PRESUPUESTO Y HACIENDA","('0136-S-2002', 2)":null,"('0136-S-2002', 3)":null,"('0136-S-2002', 4)":null,"('0136-S-2002', 5)":null},"('Tramites', 'C\u00c1MARA')":{"('0136-S-2002', 0)":"Senado","('0136-S-2002', 1)":"Senado","('0136-S-2002', 2)":"Diputados","('0136-S-2002', 3)":"Diputados","('0136-S-2002', 4)":"Diputados","('0136-S-2002', 5)":"Diputados"},"('Tramites', 'MOVIMIENTO')":{"('0136-S-2002', 0)":"MOCION SOBRE TABLAS (AFIRMATIVA)","('0136-S-2002', 1)":"CONSIDERACION Y APROBACION","('0136-S-2002', 2)":"PASA A DIPUTADOS - (TP 138)","('0136-S-2002', 3)":"MANIFESTACIONES EN MINORIA","('0136-S-2002', 4)":"MANIFESTACIONES EN MINORIA","('0136-S-2002', 5)":"CONSIDERACION Y SANCION"},"('Tramites', 'FECHA')":{"('0136-S-2002', 0)":"11\/09\/2002","('0136-S-2002', 1)":"11\/09\/2002","('0136-S-2002', 2)":null,"('0136-S-2002', 3)":"13\/11\/2002","('0136-S-2002', 4)":"20\/11\/2002","('0136-S-2002', 5)":"28\/11\/2002"},"('Tramites', 'RESULTADO')":{"('0136-S-2002', 0)":null,"('0136-S-2002', 1)":"MEDIA SANCION","('0136-S-2002', 2)":null,"('0136-S-2002', 3)":null,"('0136-S-2002', 4)":null,"('0136-S-2002', 5)":"SANCIONADO"},"Sumario":{"('0136-S-2002', 0)":"ACOMPA\u00d1A COPIA AUTENTICADA DEL MISMO.","('0136-S-2002', 1)":null,"('0136-S-2002', 2)":null,"('0136-S-2002', 3)":null,"('0136-S-2002', 4)":null,"('0136-S-2002', 5)":null},"Palabra Clave":{"('0136-S-2002', 0)":" ","('0136-S-2002', 1)":null,"('0136-S-2002', 2)":null,"('0136-S-2002', 3)":null,"('0136-S-2002', 4)":null,"('0136-S-2002', 5)":null}}