{"Tipo de Proyecto":{"('0137-D-2002', 0)":"PROYECTO DE RESOLUCI\u00d3N","('0137-D-2002', 1)":null,"('0137-D-2002', 2)":null,"('0137-D-2002', 3)":null,"('0137-D-2002', 4)":null},"Iniciado en: ":{"('0137-D-2002', 0)":"Diputados","('0137-D-2002', 1)":null,"('0137-D-2002', 2)":null,"('0137-D-2002', 3)":null,"('0137-D-2002', 4)":null},"Expediente Diputados: ":{"('0137-D-2002', 0)":"0137-D-2002","('0137-D-2002', 1)":null,"('0137-D-2002', 2)":null,"('0137-D-2002', 3)":null,"('0137-D-2002', 4)":null},"Publicado en: ":{"('0137-D-2002', 0)":"Tr\u00e1mite Parlamentario N\u00b0 3","('0137-D-2002', 1)":null,"('0137-D-2002', 2)":null,"('0137-D-2002', 3)":null,"('0137-D-2002', 4)":null},"Fecha: ":{"('0137-D-2002', 0)":"05\/03\/2002","('0137-D-2002', 1)":null,"('0137-D-2002', 2)":null,"('0137-D-2002', 3)":null,"('0137-D-2002', 4)":null},"T\u00edtulo":{"('0137-D-2002', 0)":"PEDIDO DE INFORMES: SOBRE POSIBLES VIOLACIONES A LOS DERECHOS HUMANOS POR PARTE DE LA POLICIA FEDERAL EN LAS MANIFESTACIONES DENOMINADAS \"CACEROLAZOS\".","('0137-D-2002', 1)":null,"('0137-D-2002', 2)":null,"('0137-D-2002', 3)":null,"('0137-D-2002', 4)":null},"('Firmantes', 'FIRMANTE')":{"('0137-D-2002', 0)":"RODRIGUEZ, MARCELA VIRGINIA","('0137-D-2002', 1)":"OCA\u00d1A, MARIA GRACIELA","('0137-D-2002', 2)":"MUSA, LAURA CRISTINA","('0137-D-2002', 3)":"TAZZIOLI, ATILIO PASCUAL","('0137-D-2002', 4)":"RIVAS, JORGE"},"('Firmantes', 'DISTRITO')":{"('0137-D-2002', 0)":"BUENOS AIRES","('0137-D-2002', 1)":"BUENOS AIRES","('0137-D-2002', 2)":"CIUDAD de BUENOS AIRES","('0137-D-2002', 3)":"CORDOBA","('0137-D-2002', 4)":"BUENOS AIRES"},"('Firmantes', 'BLOQUE')":{"('0137-D-2002', 0)":"ARI","('0137-D-2002', 1)":"ARI","('0137-D-2002', 2)":"ARI","('0137-D-2002', 3)":"FRENTE GRANDE","('0137-D-2002', 4)":"ARI"},"('Giros', 'COMISI\u00d3N')":{"('0137-D-2002', 0)":"LEGISLACION PENAL","('0137-D-2002', 1)":"DERECHOS HUMANOS Y GARANTIAS","('0137-D-2002', 2)":null,"('0137-D-2002', 3)":null,"('0137-D-2002', 4)":null},"('Tramites', 'C\u00c1MARA')":{"('0137-D-2002', 0)":"Diputados","('0137-D-2002', 1)":null,"('0137-D-2002', 2)":null,"('0137-D-2002', 3)":null,"('0137-D-2002', 4)":null},"('Tramites', 'MOVIMIENTO')":{"('0137-D-2002', 0)":"CONSIDERACION Y APROBACION","('0137-D-2002', 1)":null,"('0137-D-2002', 2)":null,"('0137-D-2002', 3)":null,"('0137-D-2002', 4)":null},"('Tramites', 'FECHA')":{"('0137-D-2002', 0)":"12\/06\/2002","('0137-D-2002', 1)":null,"('0137-D-2002', 2)":null,"('0137-D-2002', 3)":null,"('0137-D-2002', 4)":null},"('Tramites', 'RESULTADO')":{"('0137-D-2002', 0)":"APROBADO","('0137-D-2002', 1)":null,"('0137-D-2002', 2)":null,"('0137-D-2002', 3)":null,"('0137-D-2002', 4)":null},"Sumario":{"('0137-D-2002', 0)":"SOLICITUD AL PODER EJECUTIVO NACIONAL.","('0137-D-2002', 1)":null,"('0137-D-2002', 2)":null,"('0137-D-2002', 3)":null,"('0137-D-2002', 4)":null},"Palabra Clave":{"('0137-D-2002', 0)":" ","('0137-D-2002', 1)":null,"('0137-D-2002', 2)":null,"('0137-D-2002', 3)":null,"('0137-D-2002', 4)":null}}