{"Tipo de Proyecto":{"('0138-D-2002', 0)":"PROYECTO DE RESOLUCI\u00d3N","('0138-D-2002', 1)":null,"('0138-D-2002', 2)":null,"('0138-D-2002', 3)":null,"('0138-D-2002', 4)":null,"('0138-D-2002', 5)":null},"Iniciado en: ":{"('0138-D-2002', 0)":"Diputados","('0138-D-2002', 1)":null,"('0138-D-2002', 2)":null,"('0138-D-2002', 3)":null,"('0138-D-2002', 4)":null,"('0138-D-2002', 5)":null},"Expediente Diputados: ":{"('0138-D-2002', 0)":"0138-D-2002","('0138-D-2002', 1)":null,"('0138-D-2002', 2)":null,"('0138-D-2002', 3)":null,"('0138-D-2002', 4)":null,"('0138-D-2002', 5)":null},"Publicado en: ":{"('0138-D-2002', 0)":"Tr\u00e1mite Parlamentario N\u00b0 3","('0138-D-2002', 1)":null,"('0138-D-2002', 2)":null,"('0138-D-2002', 3)":null,"('0138-D-2002', 4)":null,"('0138-D-2002', 5)":null},"Fecha: ":{"('0138-D-2002', 0)":"05\/03\/2002","('0138-D-2002', 1)":null,"('0138-D-2002', 2)":null,"('0138-D-2002', 3)":null,"('0138-D-2002', 4)":null,"('0138-D-2002', 5)":null},"T\u00edtulo":{"('0138-D-2002', 0)":"PEDIDO DE INFORMES: SOBRE EL NOMBRAMIENTO DE HUGO MIGUENS A CARGO DE LA SECRETARIA DE DEFENSA DEL CONSUMIDOR, LA DESREGULACION Y LA COMPETENCIA.","('0138-D-2002', 1)":null,"('0138-D-2002', 2)":null,"('0138-D-2002', 3)":null,"('0138-D-2002', 4)":null,"('0138-D-2002', 5)":null},"('Firmantes', 'FIRMANTE')":{"('0138-D-2002', 0)":"RODRIGUEZ, MARCELA VIRGINIA","('0138-D-2002', 1)":"OCA\u00d1A, MARIA GRACIELA","('0138-D-2002', 2)":"MUSA, LAURA CRISTINA","('0138-D-2002', 3)":"TAZZIOLI, ATILIO PASCUAL","('0138-D-2002', 4)":"RIVAS, JORGE","('0138-D-2002', 5)":"BORDENAVE, MARCELA ANTONIA"},"('Firmantes', 'DISTRITO')":{"('0138-D-2002', 0)":"BUENOS AIRES","('0138-D-2002', 1)":"BUENOS AIRES","('0138-D-2002', 2)":"CIUDAD de BUENOS AIRES","('0138-D-2002', 3)":"CORDOBA","('0138-D-2002', 4)":"BUENOS AIRES","('0138-D-2002', 5)":"BUENOS AIRES"},"('Firmantes', 'BLOQUE')":{"('0138-D-2002', 0)":"ARI","('0138-D-2002', 1)":"ARI","('0138-D-2002', 2)":"ARI","('0138-D-2002', 3)":"FRENTE GRANDE","('0138-D-2002', 4)":"ARI","('0138-D-2002', 5)":"ARI"},"('Giros', 'COMISI\u00d3N')":{"('0138-D-2002', 0)":"DEFENSA DEL CONSUMIDOR","('0138-D-2002', 1)":null,"('0138-D-2002', 2)":null,"('0138-D-2002', 3)":null,"('0138-D-2002', 4)":null,"('0138-D-2002', 5)":null},"Sumario":{"('0138-D-2002', 0)":"SOLICITUD AL PODER EJECUTIVO NACIONAL.","('0138-D-2002', 1)":null,"('0138-D-2002', 2)":null,"('0138-D-2002', 3)":null,"('0138-D-2002', 4)":null,"('0138-D-2002', 5)":null},"Palabra Clave":{"('0138-D-2002', 0)":" ","('0138-D-2002', 1)":null,"('0138-D-2002', 2)":null,"('0138-D-2002', 3)":null,"('0138-D-2002', 4)":null,"('0138-D-2002', 5)":null}}