{"Tipo de Proyecto":{"('0139-PE-2002', 0)":"MENSAJE NRO: 2418\/02","('0139-PE-2002', 1)":null,"('0139-PE-2002', 2)":null},"Iniciado en: ":{"('0139-PE-2002', 0)":"Diputados","('0139-PE-2002', 1)":null,"('0139-PE-2002', 2)":null},"Expediente Diputados: ":{"('0139-PE-2002', 0)":"0139-PE-2002","('0139-PE-2002', 1)":null,"('0139-PE-2002', 2)":null},"Publicado en: ":{"('0139-PE-2002', 0)":"Tr\u00e1mite Parlamentario N\u00b0 188","('0139-PE-2002', 1)":null,"('0139-PE-2002', 2)":null},"Fecha: ":{"('0139-PE-2002', 0)":"28\/11\/2002","('0139-PE-2002', 1)":null,"('0139-PE-2002', 2)":null},"T\u00edtulo":{"('0139-PE-2002', 0)":"COMUNICANDO EL DECRETO 2417\/02 POR EL CUAL SE CONVOCA A SESIONES EXTRAORDINARIAS AL HONORABLE CONGRESO, DESDE EL 1\u00ba AL 31 DE DICIEMBRE DE 2002.","('0139-PE-2002', 1)":null,"('0139-PE-2002', 2)":null},"('Firmantes', 'FIRMANTE')":{"('0139-PE-2002', 0)":"DUHALDE, EDUARDO ALBERTO","('0139-PE-2002', 1)":"ATANASOF, ALFREDO NESTOR","('0139-PE-2002', 2)":"MATZKIN, JORGE RUBEN"},"('Firmantes', 'DISTRITO')":{"('0139-PE-2002', 0)":null,"('0139-PE-2002', 1)":null,"('0139-PE-2002', 2)":null},"('Firmantes', 'BLOQUE')":{"('0139-PE-2002', 0)":"PODER EJECUTIVO","('0139-PE-2002', 1)":"PODER EJECUTIVO","('0139-PE-2002', 2)":"PODER EJECUTIVO"},"('Giros', 'COMISI\u00d3N')":{"('0139-PE-2002', 0)":"A LA PRESIDENCIA","('0139-PE-2002', 1)":null,"('0139-PE-2002', 2)":null},"Link":{"('0139-PE-2002', 0)":"https:\/\/www4.hcdn.gob.ar\/dependencias\/dsecretaria\/Periodo2002\/PDF2002\/TP2002\/0139-PE-02.pdf","('0139-PE-2002', 1)":null,"('0139-PE-2002', 2)":null},"Palabra Clave":{"('0139-PE-2002', 0)":" ","('0139-PE-2002', 1)":null,"('0139-PE-2002', 2)":null}}