{"Tipo de Proyecto":{"('0140-D-2002', 0)":"PROYECTO DE LEY","('0140-D-2002', 1)":null,"('0140-D-2002', 2)":null,"('0140-D-2002', 3)":null},"Iniciado en: ":{"('0140-D-2002', 0)":"Diputados","('0140-D-2002', 1)":null,"('0140-D-2002', 2)":null,"('0140-D-2002', 3)":null},"Expediente Diputados: ":{"('0140-D-2002', 0)":"0140-D-2002","('0140-D-2002', 1)":null,"('0140-D-2002', 2)":null,"('0140-D-2002', 3)":null},"Publicado en: ":{"('0140-D-2002', 0)":"Tr\u00e1mite Parlamentario N\u00b0 3","('0140-D-2002', 1)":null,"('0140-D-2002', 2)":null,"('0140-D-2002', 3)":null},"Fecha: ":{"('0140-D-2002', 0)":"05\/03\/2002","('0140-D-2002', 1)":null,"('0140-D-2002', 2)":null,"('0140-D-2002', 3)":null},"T\u00edtulo":{"('0140-D-2002', 0)":"TRANSFERENCIA EN CONCEPTO DE COMPENSACION DE DEUDAS DE LA NACION A LA PROVINCIA DE SANTA FE, DEL EDIFICIO DE CORREOS DE LA CIUDAD CAPITAL DE LA PROVINCIA MENCIONADA.","('0140-D-2002', 1)":null,"('0140-D-2002', 2)":null,"('0140-D-2002', 3)":null},"('Firmantes', 'FIRMANTE')":{"('0140-D-2002', 0)":"ALARCON, MARIA DEL CARMEN","('0140-D-2002', 1)":null,"('0140-D-2002', 2)":null,"('0140-D-2002', 3)":null},"('Firmantes', 'DISTRITO')":{"('0140-D-2002', 0)":"SANTA FE","('0140-D-2002', 1)":null,"('0140-D-2002', 2)":null,"('0140-D-2002', 3)":null},"('Firmantes', 'BLOQUE')":{"('0140-D-2002', 0)":"JUSTICIALISTA","('0140-D-2002', 1)":null,"('0140-D-2002', 2)":null,"('0140-D-2002', 3)":null},"('Giros', 'COMISI\u00d3N')":{"('0140-D-2002', 0)":"LEGISLACION GENERAL","('0140-D-2002', 1)":"COMUNICACIONES E INFORMATICA","('0140-D-2002', 2)":"OBRAS PUBLICAS","('0140-D-2002', 3)":"PRESUPUESTO Y HACIENDA"},"Sumario":{"('0140-D-2002', 0)":"DESTINADO A UTILIDAD PUBLICA Y DE INTERES COMUNITARIO.","('0140-D-2002', 1)":null,"('0140-D-2002', 2)":null,"('0140-D-2002', 3)":null},"Palabra Clave":{"('0140-D-2002', 0)":" ","('0140-D-2002', 1)":null,"('0140-D-2002', 2)":null,"('0140-D-2002', 3)":null}}