{"Tipo de Proyecto":{"('0140-PE-2002', 0)":"MENSAJE NRO: 2419\/02 Y PROYECTO DE LEY","('0140-PE-2002', 1)":null,"('0140-PE-2002', 2)":null,"('0140-PE-2002', 3)":null},"Iniciado en: ":{"('0140-PE-2002', 0)":"Diputados","('0140-PE-2002', 1)":null,"('0140-PE-2002', 2)":null,"('0140-PE-2002', 3)":null},"Expediente Diputados: ":{"('0140-PE-2002', 0)":"0140-PE-2002","('0140-PE-2002', 1)":null,"('0140-PE-2002', 2)":null,"('0140-PE-2002', 3)":null},"Expediente Senado: ":{"('0140-PE-2002', 0)":"0158-CD-2002","('0140-PE-2002', 1)":null,"('0140-PE-2002', 2)":null,"('0140-PE-2002', 3)":null},"Publicado en: ":{"('0140-PE-2002', 0)":"Tr\u00e1mite Parlamentario N\u00b0 188","('0140-PE-2002', 1)":null,"('0140-PE-2002', 2)":null,"('0140-PE-2002', 3)":null},"Fecha: ":{"('0140-PE-2002', 0)":"28\/11\/2002","('0140-PE-2002', 1)":null,"('0140-PE-2002', 2)":null,"('0140-PE-2002', 3)":null},"T\u00edtulo":{"('0140-PE-2002', 0)":"PRORROGA HASTA EL 31 DE DICIEMBRE DE 2004 LA VIGENCIA DEL IMPUESTO SOBRE LOS CREDITOS Y DEBITOS EN CUENTAS BANCARIAS Y OTRAS OPERATORIAS, ESTABLECIDO POR EL ARTICULO 1 DE LA LEY 25413 (COMPETITIVIDAD) Y SUS MODIFICATORIAS.  ","('0140-PE-2002', 1)":null,"('0140-PE-2002', 2)":null,"('0140-PE-2002', 3)":null},"('Firmantes', 'FIRMANTE')":{"('0140-PE-2002', 0)":"DUHALDE, EDUARDO ALBERTO","('0140-PE-2002', 1)":"ATANASOF, ALFREDO NESTOR","('0140-PE-2002', 2)":"LAVAGNA, ROBERTO","('0140-PE-2002', 3)":null},"('Firmantes', 'DISTRITO')":{"('0140-PE-2002', 0)":null,"('0140-PE-2002', 1)":null,"('0140-PE-2002', 2)":null,"('0140-PE-2002', 3)":null},"('Firmantes', 'BLOQUE')":{"('0140-PE-2002', 0)":"PODER EJECUTIVO","('0140-PE-2002', 1)":"PODER EJECUTIVO","('0140-PE-2002', 2)":"PODER EJECUTIVO","('0140-PE-2002', 3)":null},"('Giros', 'COMISI\u00d3N')":{"('0140-PE-2002', 0)":"PRESUPUESTO Y HACIENDA","('0140-PE-2002', 1)":"FINANZAS","('0140-PE-2002', 2)":null,"('0140-PE-2002', 3)":null},"('Tramites', 'C\u00c1MARA')":{"('0140-PE-2002', 0)":"Diputados","('0140-PE-2002', 1)":"Senado","('0140-PE-2002', 2)":"Senado","('0140-PE-2002', 3)":"Senado"},"('Tramites', 'MOVIMIENTO')":{"('0140-PE-2002', 0)":"CONSIDERACION Y APROBACION","('0140-PE-2002', 1)":"PASA A SENADO - (DAE 333)","('0140-PE-2002', 2)":"MOCION SOBRE TABLAS (AFIRMATIVA)","('0140-PE-2002', 3)":"CONSIDERACION Y SANCION"},"('Tramites', 'FECHA')":{"('0140-PE-2002', 0)":"18\/12\/2002","('0140-PE-2002', 1)":null,"('0140-PE-2002', 2)":"26\/12\/2002","('0140-PE-2002', 3)":"26\/12\/2002"},"('Tramites', 'RESULTADO')":{"('0140-PE-2002', 0)":"MEDIA SANCION","('0140-PE-2002', 1)":null,"('0140-PE-2002', 2)":null,"('0140-PE-2002', 3)":"SANCIONADO"},"Link":{"('0140-PE-2002', 0)":"https:\/\/www4.hcdn.gob.ar\/dependencias\/dsecretaria\/Periodo2002\/PDF2002\/TP2002\/0140-PE-02.pdf","('0140-PE-2002', 1)":null,"('0140-PE-2002', 2)":null,"('0140-PE-2002', 3)":null},"Palabra Clave":{"('0140-PE-2002', 0)":" ","('0140-PE-2002', 1)":null,"('0140-PE-2002', 2)":null,"('0140-PE-2002', 3)":null}}