{"Tipo de Proyecto":{"('0140-S-2002', 0)":"COMUNICACION","('0140-S-2002', 1)":null,"('0140-S-2002', 2)":null},"Iniciado en: ":{"('0140-S-2002', 0)":"Senado","('0140-S-2002', 1)":null,"('0140-S-2002', 2)":null},"Expediente Senado: ":{"('0140-S-2002', 0)":"0140-S-2002","('0140-S-2002', 1)":null,"('0140-S-2002', 2)":null},"Publicado en: ":{"('0140-S-2002', 0)":"Diario de Asuntos Entrados N\u00b0 22","('0140-S-2002', 1)":null,"('0140-S-2002', 2)":null},"Fecha: ":{"('0140-S-2002', 0)":"13\/03\/2002","('0140-S-2002', 1)":null,"('0140-S-2002', 2)":null},"T\u00edtulo":{"('0140-S-2002', 0)":"PEDIDO DE INFORMES: SOBRE ATENCION POR PARTE DEL PAMI DE PACIENTES CON ENFERMEDADES GRAVES.","('0140-S-2002', 1)":null,"('0140-S-2002', 2)":null},"('Firmantes', 'FIRMANTE')":{"('0140-S-2002', 0)":"SALVATORI, PEDRO","('0140-S-2002', 1)":"ESCUDERO, SONIA MARGARITA","('0140-S-2002', 2)":"LOPEZ ARIAS, MARCELO EDUARDO"},"('Firmantes', 'DISTRITO')":{"('0140-S-2002', 0)":"NEUQUEN","('0140-S-2002', 1)":"SALTA","('0140-S-2002', 2)":"SALTA"},"('Firmantes', 'BLOQUE')":{"('0140-S-2002', 0)":"MOV POP NEUQUINO","('0140-S-2002', 1)":"JUSTICIALISTA","('0140-S-2002', 2)":"JUSTICIALISTA"},"Sumario":{"('0140-S-2002', 0)":"SOLICITUD AL PODER EJECUTIVO NACIONAL.","('0140-S-2002', 1)":null,"('0140-S-2002', 2)":null},"Palabra Clave":{"('0140-S-2002', 0)":" ","('0140-S-2002', 1)":null,"('0140-S-2002', 2)":null}}