{"Tipo de Proyecto":{"('0141-D-2002', 0)":"PROYECTO DE LEY","('0141-D-2002', 1)":null,"('0141-D-2002', 2)":null,"('0141-D-2002', 3)":null},"Iniciado en: ":{"('0141-D-2002', 0)":"Diputados","('0141-D-2002', 1)":null,"('0141-D-2002', 2)":null,"('0141-D-2002', 3)":null},"Expediente Diputados: ":{"('0141-D-2002', 0)":"0141-D-2002","('0141-D-2002', 1)":null,"('0141-D-2002', 2)":null,"('0141-D-2002', 3)":null},"Publicado en: ":{"('0141-D-2002', 0)":"Tr\u00e1mite Parlamentario N\u00b0 3","('0141-D-2002', 1)":null,"('0141-D-2002', 2)":null,"('0141-D-2002', 3)":null},"Fecha: ":{"('0141-D-2002', 0)":"05\/03\/2002","('0141-D-2002', 1)":null,"('0141-D-2002', 2)":null,"('0141-D-2002', 3)":null},"T\u00edtulo":{"('0141-D-2002', 0)":"TRANSFERIR A TITULO GRATUITO UN INMUEBLE PROPIEDAD DEL ESTADO NACIONAL (EX FERROCARRIL BELGRANO) UBICADO EN LAGUNA PAIVA A LA PROVINCIA DE SANTA FE, EN COMPENSACION DE DEUDAS.","('0141-D-2002', 1)":null,"('0141-D-2002', 2)":null,"('0141-D-2002', 3)":null},"('Firmantes', 'FIRMANTE')":{"('0141-D-2002', 0)":"ALARCON, MARIA DEL CARMEN","('0141-D-2002', 1)":null,"('0141-D-2002', 2)":null,"('0141-D-2002', 3)":null},"('Firmantes', 'DISTRITO')":{"('0141-D-2002', 0)":"SANTA FE","('0141-D-2002', 1)":null,"('0141-D-2002', 2)":null,"('0141-D-2002', 3)":null},"('Firmantes', 'BLOQUE')":{"('0141-D-2002', 0)":"JUSTICIALISTA","('0141-D-2002', 1)":null,"('0141-D-2002', 2)":null,"('0141-D-2002', 3)":null},"('Giros', 'COMISI\u00d3N')":{"('0141-D-2002', 0)":"LEGISLACION GENERAL","('0141-D-2002', 1)":"OBRAS PUBLICAS","('0141-D-2002', 2)":"TRANSPORTES","('0141-D-2002', 3)":"PRESUPUESTO Y HACIENDA"},"Sumario":{"('0141-D-2002', 0)":"CON DESTINO A LA INSTALACION DE INSTITUCIONES EDUCATIVAS, MUNICIPALES Y DE BIEN PUBLICO, Y EJECUCION DE PROYECTOS PRODUCTIVOS DE INTERES COMUNITARIO.","('0141-D-2002', 1)":null,"('0141-D-2002', 2)":null,"('0141-D-2002', 3)":null},"Palabra Clave":{"('0141-D-2002', 0)":" ","('0141-D-2002', 1)":null,"('0141-D-2002', 2)":null,"('0141-D-2002', 3)":null}}