{"Tipo de Proyecto":{"('0141-S-2002', 0)":"PROYECTO DE LEY","('0141-S-2002', 1)":null,"('0141-S-2002', 2)":null,"('0141-S-2002', 3)":null,"('0141-S-2002', 4)":null,"('0141-S-2002', 5)":null,"('0141-S-2002', 6)":null,"('0141-S-2002', 7)":null,"('0141-S-2002', 8)":null,"('0141-S-2002', 9)":null,"('0141-S-2002', 10)":null},"Iniciado en: ":{"('0141-S-2002', 0)":"Senado","('0141-S-2002', 1)":null,"('0141-S-2002', 2)":null,"('0141-S-2002', 3)":null,"('0141-S-2002', 4)":null,"('0141-S-2002', 5)":null,"('0141-S-2002', 6)":null,"('0141-S-2002', 7)":null,"('0141-S-2002', 8)":null,"('0141-S-2002', 9)":null,"('0141-S-2002', 10)":null},"Expediente Diputados: ":{"('0141-S-2002', 0)":"0141-S-2002","('0141-S-2002', 1)":null,"('0141-S-2002', 2)":null,"('0141-S-2002', 3)":null,"('0141-S-2002', 4)":null,"('0141-S-2002', 5)":null,"('0141-S-2002', 6)":null,"('0141-S-2002', 7)":null,"('0141-S-2002', 8)":null,"('0141-S-2002', 9)":null,"('0141-S-2002', 10)":null},"Expediente Senado: ":{"('0141-S-2002', 0)":"0933-S-2002","('0141-S-2002', 1)":null,"('0141-S-2002', 2)":null,"('0141-S-2002', 3)":null,"('0141-S-2002', 4)":null,"('0141-S-2002', 5)":null,"('0141-S-2002', 6)":null,"('0141-S-2002', 7)":null,"('0141-S-2002', 8)":null,"('0141-S-2002', 9)":null,"('0141-S-2002', 10)":null},"Publicado en: ":{"('0141-S-2002', 0)":"Diario de Asuntos Entrados N\u00b0 109","('0141-S-2002', 1)":null,"('0141-S-2002', 2)":null,"('0141-S-2002', 3)":null,"('0141-S-2002', 4)":null,"('0141-S-2002', 5)":null,"('0141-S-2002', 6)":null,"('0141-S-2002', 7)":null,"('0141-S-2002', 8)":null,"('0141-S-2002', 9)":null,"('0141-S-2002', 10)":null},"Fecha: ":{"('0141-S-2002', 0)":"23\/05\/2002","('0141-S-2002', 1)":null,"('0141-S-2002', 2)":null,"('0141-S-2002', 3)":null,"('0141-S-2002', 4)":null,"('0141-S-2002', 5)":null,"('0141-S-2002', 6)":null,"('0141-S-2002', 7)":null,"('0141-S-2002', 8)":null,"('0141-S-2002', 9)":null,"('0141-S-2002', 10)":null},"T\u00edtulo":{"('0141-S-2002', 0)":"TRANSFERIR A TITULO GRATUITO A LA FUNDACION FELICES LOS NI\u00d1OS UN INMUEBLE PROPIEDAD DEL ESTADO NACIONAL, SITO EN EL PARTIDO DE HURLINGHAM, PROVINCIA DE BUENOS AIRES.","('0141-S-2002', 1)":null,"('0141-S-2002', 2)":null,"('0141-S-2002', 3)":null,"('0141-S-2002', 4)":null,"('0141-S-2002', 5)":null,"('0141-S-2002', 6)":null,"('0141-S-2002', 7)":null,"('0141-S-2002', 8)":null,"('0141-S-2002', 9)":null,"('0141-S-2002', 10)":null},"('Firmantes', 'FIRMANTE')":{"('0141-S-2002', 0)":"COLAZO, MARIO JORGE","('0141-S-2002', 1)":"MORO, EDUARDO ANIBAL","('0141-S-2002', 2)":"LESCANO, MARCELA FABIANA","('0141-S-2002', 3)":"LOSADA, MARIO A.","('0141-S-2002', 4)":"CURLETTI, MIRIAM BELEN","('0141-S-2002', 5)":"ISIDORI, AMANDA","('0141-S-2002', 6)":"ARANCIO, MONICA","('0141-S-2002', 7)":"MAESTRO, CARLOS","('0141-S-2002', 8)":"BRIZUELA DEL MORAL, EDUARDO SEGUNDO","('0141-S-2002', 9)":"RASO, MARTA ETHEL","('0141-S-2002', 10)":"TAFFAREL, RICARDO CESAR"},"('Firmantes', 'DISTRITO')":{"('0141-S-2002', 0)":"TIERRA DEL FUEGO","('0141-S-2002', 1)":"CHACO","('0141-S-2002', 2)":"FORMOSA","('0141-S-2002', 3)":"MISIONES","('0141-S-2002', 4)":"CHACO","('0141-S-2002', 5)":"RIO NEGRO","('0141-S-2002', 6)":"JUJUY","('0141-S-2002', 7)":"CHUBUT","('0141-S-2002', 8)":"CATAMARCA","('0141-S-2002', 9)":"CHUBUT","('0141-S-2002', 10)":"ENTRE RIOS"},"('Firmantes', 'BLOQUE')":{"('0141-S-2002', 0)":"UCR","('0141-S-2002', 1)":"UCR","('0141-S-2002', 2)":"UCR","('0141-S-2002', 3)":"UCR","('0141-S-2002', 4)":"UCR","('0141-S-2002', 5)":"UCR","('0141-S-2002', 6)":"UCR","('0141-S-2002', 7)":"UCR","('0141-S-2002', 8)":"FRENTE CIVICO Y SOCIAL DE CATAMARCA","('0141-S-2002', 9)":"UCR","('0141-S-2002', 10)":"UCR"},"('Giros', 'COMISI\u00d3N')":{"('0141-S-2002', 0)":"LEGISLACION GENERAL","('0141-S-2002', 1)":"ASUNTOS COOPERATIVOS, MUTUALES Y DE ORG.NO GUBERNAMENTALES","('0141-S-2002', 2)":"FAMILIA, MUJER, NI\u00d1EZ Y ADOLESCENCIA","('0141-S-2002', 3)":null,"('0141-S-2002', 4)":null,"('0141-S-2002', 5)":null,"('0141-S-2002', 6)":null,"('0141-S-2002', 7)":null,"('0141-S-2002', 8)":null,"('0141-S-2002', 9)":null,"('0141-S-2002', 10)":null},"('Tramites', 'C\u00c1MARA')":{"('0141-S-2002', 0)":"Senado","('0141-S-2002', 1)":"Senado","('0141-S-2002', 2)":"Diputados","('0141-S-2002', 3)":null,"('0141-S-2002', 4)":null,"('0141-S-2002', 5)":null,"('0141-S-2002', 6)":null,"('0141-S-2002', 7)":null,"('0141-S-2002', 8)":null,"('0141-S-2002', 9)":null,"('0141-S-2002', 10)":null},"('Tramites', 'MOVIMIENTO')":{"('0141-S-2002', 0)":"SOLICITUD DE RETIRO DE FIRMA DEL SENADOR FALCO LUIS (AFIRMATIVA)","('0141-S-2002', 1)":"CONSIDERACION Y APROBACION","('0141-S-2002', 2)":"PASA A DIPUTADOS - (TP 145)","('0141-S-2002', 3)":null,"('0141-S-2002', 4)":null,"('0141-S-2002', 5)":null,"('0141-S-2002', 6)":null,"('0141-S-2002', 7)":null,"('0141-S-2002', 8)":null,"('0141-S-2002', 9)":null,"('0141-S-2002', 10)":null},"('Tramites', 'FECHA')":{"('0141-S-2002', 0)":null,"('0141-S-2002', 1)":"25\/09\/2002","('0141-S-2002', 2)":null,"('0141-S-2002', 3)":null,"('0141-S-2002', 4)":null,"('0141-S-2002', 5)":null,"('0141-S-2002', 6)":null,"('0141-S-2002', 7)":null,"('0141-S-2002', 8)":null,"('0141-S-2002', 9)":null,"('0141-S-2002', 10)":null},"('Tramites', 'RESULTADO')":{"('0141-S-2002', 0)":null,"('0141-S-2002', 1)":"MEDIA SANCION","('0141-S-2002', 2)":null,"('0141-S-2002', 3)":null,"('0141-S-2002', 4)":null,"('0141-S-2002', 5)":null,"('0141-S-2002', 6)":null,"('0141-S-2002', 7)":null,"('0141-S-2002', 8)":null,"('0141-S-2002', 9)":null,"('0141-S-2002', 10)":null},"Sumario":{"('0141-S-2002', 0)":"CARGO: IMPLEMENTACION DEL PROYECTO HOGAR-GRANJA-ESCUELA-TALLER PARA CHICOS ABANDONADOS Y MADRES SOLAS CON HIJOS.","('0141-S-2002', 1)":null,"('0141-S-2002', 2)":null,"('0141-S-2002', 3)":null,"('0141-S-2002', 4)":null,"('0141-S-2002', 5)":null,"('0141-S-2002', 6)":null,"('0141-S-2002', 7)":null,"('0141-S-2002', 8)":null,"('0141-S-2002', 9)":null,"('0141-S-2002', 10)":null},"Palabra Clave":{"('0141-S-2002', 0)":" ","('0141-S-2002', 1)":null,"('0141-S-2002', 2)":null,"('0141-S-2002', 3)":null,"('0141-S-2002', 4)":null,"('0141-S-2002', 5)":null,"('0141-S-2002', 6)":null,"('0141-S-2002', 7)":null,"('0141-S-2002', 8)":null,"('0141-S-2002', 9)":null,"('0141-S-2002', 10)":null}}