{"Tipo de Proyecto":{"('0142-PE-2002', 0)":"MENSAJE NRO: 2438\/02","('0142-PE-2002', 1)":null,"('0142-PE-2002', 2)":null},"Iniciado en: ":{"('0142-PE-2002', 0)":"Diputados","('0142-PE-2002', 1)":null,"('0142-PE-2002', 2)":null},"Expediente Diputados: ":{"('0142-PE-2002', 0)":"0142-PE-2002","('0142-PE-2002', 1)":null,"('0142-PE-2002', 2)":null},"Publicado en: ":{"('0142-PE-2002', 0)":"Tr\u00e1mite Parlamentario N\u00b0 190","('0142-PE-2002', 1)":null,"('0142-PE-2002', 2)":null},"Fecha: ":{"('0142-PE-2002', 0)":"02\/12\/2002","('0142-PE-2002', 1)":null,"('0142-PE-2002', 2)":null},"T\u00edtulo":{"('0142-PE-2002', 0)":"DICTADO DEL DECRETO 2437\/02 RELACIONADO CON LA READECUACION DE LAS TARIFAS DE LOS SERVICIOS PUBLICOS DE GAS Y ENERGIA ELECTRICA.","('0142-PE-2002', 1)":null,"('0142-PE-2002', 2)":null},"('Firmantes', 'FIRMANTE')":{"('0142-PE-2002', 0)":"DUHALDE, EDUARDO ALBERTO","('0142-PE-2002', 1)":"ATANASOF, ALFREDO NESTOR","('0142-PE-2002', 2)":"LAVAGNA, ROBERTO"},"('Firmantes', 'DISTRITO')":{"('0142-PE-2002', 0)":null,"('0142-PE-2002', 1)":null,"('0142-PE-2002', 2)":null},"('Firmantes', 'BLOQUE')":{"('0142-PE-2002', 0)":"PODER EJECUTIVO","('0142-PE-2002', 1)":"PODER EJECUTIVO","('0142-PE-2002', 2)":"PODER EJECUTIVO"},"('Giros', 'COMISI\u00d3N')":{"('0142-PE-2002', 0)":"BICAMERAL DE SEGUIMIENTO DE FACULTADES DELEGADAS AL PODER EJECUTIVO NACIONAL - LEY 25561","('0142-PE-2002', 1)":null,"('0142-PE-2002', 2)":null},"Sumario":{"('0142-PE-2002', 0)":"COMUNICACION DEL MISMO.","('0142-PE-2002', 1)":null,"('0142-PE-2002', 2)":null},"Palabra Clave":{"('0142-PE-2002', 0)":" ","('0142-PE-2002', 1)":null,"('0142-PE-2002', 2)":null}}