{"Tipo de Proyecto":{"('0142-S-2002', 0)":"PROYECTO DE LEY","('0142-S-2002', 1)":null},"Iniciado en: ":{"('0142-S-2002', 0)":"Senado","('0142-S-2002', 1)":null},"Expediente Diputados: ":{"('0142-S-2002', 0)":"0142-S-2002","('0142-S-2002', 1)":null},"Expediente Senado: ":{"('0142-S-2002', 0)":"1030-S-2002","('0142-S-2002', 1)":null},"Publicado en: ":{"('0142-S-2002', 0)":"Diario de Asuntos Entrados N\u00b0 119","('0142-S-2002', 1)":null},"Fecha: ":{"('0142-S-2002', 0)":"31\/05\/2002","('0142-S-2002', 1)":null},"T\u00edtulo":{"('0142-S-2002', 0)":"EXCEPTUAR DE LA APLICACION DEL CER A LAS SOCIEDADES COOPERATIVAS, ASOCIACIONES  MUTUALES.","('0142-S-2002', 1)":null},"('Firmantes', 'FIRMANTE')":{"('0142-S-2002', 0)":"GUINLE, MARCELO ALEJANDRO","('0142-S-2002', 1)":null},"('Firmantes', 'DISTRITO')":{"('0142-S-2002', 0)":"CHUBUT","('0142-S-2002', 1)":null},"('Firmantes', 'BLOQUE')":{"('0142-S-2002', 0)":"JUSTICIALISTA","('0142-S-2002', 1)":null},"('Giros', 'COMISI\u00d3N')":{"('0142-S-2002', 0)":"FINANZAS","('0142-S-2002', 1)":"PRESUPUESTO Y HACIENDA"},"('Tramites', 'C\u00c1MARA')":{"('0142-S-2002', 0)":"Senado","('0142-S-2002', 1)":"Diputados"},"('Tramites', 'MOVIMIENTO')":{"('0142-S-2002', 0)":"CONSIDERACION Y APROBACION","('0142-S-2002', 1)":"PASA A DIPUTADOS - (TP 145)"},"('Tramites', 'FECHA')":{"('0142-S-2002', 0)":"25\/09\/2002","('0142-S-2002', 1)":null},"('Tramites', 'RESULTADO')":{"('0142-S-2002', 0)":"MEDIA SANCION","('0142-S-2002', 1)":null},"Sumario":{"('0142-S-2002', 0)":"MODIFICAR EL ARTICULO 1\u00b0 DEL DECRETO 762\/02.","('0142-S-2002', 1)":null},"Palabra Clave":{"('0142-S-2002', 0)":" ","('0142-S-2002', 1)":null}}