{"Tipo de Proyecto":{"('0143-D-2002', 0)":"PROYECTO DE LEY","('0143-D-2002', 1)":null},"Iniciado en: ":{"('0143-D-2002', 0)":"Diputados","('0143-D-2002', 1)":null},"Expediente Diputados: ":{"('0143-D-2002', 0)":"0143-D-2002","('0143-D-2002', 1)":null},"Publicado en: ":{"('0143-D-2002', 0)":"Tr\u00e1mite Parlamentario N\u00b0 4","('0143-D-2002', 1)":null},"Fecha: ":{"('0143-D-2002', 0)":"06\/03\/2002","('0143-D-2002', 1)":null},"T\u00edtulo":{"('0143-D-2002', 0)":"LEY 24455 DE PRESTACIONES A ENFERMOS DE SIDA POR PARTE DE LAS OBRAS SOCIALES Y ASOCIACIONES INCLUIDAS EN LA LEY 23660: MODIFICACIONES (REPRODUCCION DEL EXPEDIENTE 0295-D-98) (REPRODUCCION DEL EXPEDIENTE 0722-D-00).","('0143-D-2002', 1)":null},"('Firmantes', 'FIRMANTE')":{"('0143-D-2002', 0)":"STOLBIZER, MARGARITA ROSA","('0143-D-2002', 1)":null},"('Firmantes', 'DISTRITO')":{"('0143-D-2002', 0)":"BUENOS AIRES","('0143-D-2002', 1)":null},"('Firmantes', 'BLOQUE')":{"('0143-D-2002', 0)":"UCR","('0143-D-2002', 1)":null},"('Giros', 'COMISI\u00d3N')":{"('0143-D-2002', 0)":"ACCION SOCIAL Y SALUD PUBLICA","('0143-D-2002', 1)":"DROGADICCION"},"('Tramites', 'C\u00c1MARA')":{"('0143-D-2002', 0)":"Diputados","('0143-D-2002', 1)":null},"('Tramites', 'MOVIMIENTO')":{"('0143-D-2002', 0)":"REPRODUCIDO POR EXPEDIENTE 2022-D-04","('0143-D-2002', 1)":null},"('Tramites', 'FECHA')":{"('0143-D-2002', 0)":null,"('0143-D-2002', 1)":null},"('Tramites', 'RESULTADO')":{"('0143-D-2002', 0)":null,"('0143-D-2002', 1)":null},"Sumario":{"('0143-D-2002', 0)":"MODIFICACION DE LOS ARTICULOS 1 (COBERTURA) Y 4 (COMPETENCIA DEL MINISTERIO DE SALUD Y ACCION SOCIAL); INCORPORACION DE UN PARRAFO AL ARTICULO 3 (RESPONSABILIDAD DEL FUNCIONARIO A CARGO DEL AREA).","('0143-D-2002', 1)":null},"Palabra Clave":{"('0143-D-2002', 0)":" ","('0143-D-2002', 1)":null}}