{"Tipo de Proyecto":{"('0143-S-2002', 0)":"PROYECTO DE DECLARACI\u00d3N","('0143-S-2002', 1)":null,"('0143-S-2002', 2)":null,"('0143-S-2002', 3)":null},"Iniciado en: ":{"('0143-S-2002', 0)":"Senado","('0143-S-2002', 1)":null,"('0143-S-2002', 2)":null,"('0143-S-2002', 3)":null},"Expediente Senado: ":{"('0143-S-2002', 0)":"0143-S-2002","('0143-S-2002', 1)":null,"('0143-S-2002', 2)":null,"('0143-S-2002', 3)":null},"Publicado en: ":{"('0143-S-2002', 0)":"Diario de Asuntos Entrados N\u00b0 23","('0143-S-2002', 1)":null,"('0143-S-2002', 2)":null,"('0143-S-2002', 3)":null},"Fecha: ":{"('0143-S-2002', 0)":"13\/03\/2002","('0143-S-2002', 1)":null,"('0143-S-2002', 2)":null,"('0143-S-2002', 3)":null},"T\u00edtulo":{"('0143-S-2002', 0)":"REALIZACION DE UNA CAMPA\u00d1A MASIVA DESTINADA A LA FORMACION DE UNA CONCIENCIA ECOLOGISTA.","('0143-S-2002', 1)":null,"('0143-S-2002', 2)":null,"('0143-S-2002', 3)":null},"('Firmantes', 'FIRMANTE')":{"('0143-S-2002', 0)":"SALVATORI, PEDRO","('0143-S-2002', 1)":"GOMEZ DIEZ, RICARDO","('0143-S-2002', 2)":"ESCUDERO, SONIA MARGARITA","('0143-S-2002', 3)":"LOPEZ ARIAS, MARCELO EDUARDO"},"('Firmantes', 'DISTRITO')":{"('0143-S-2002', 0)":"NEUQUEN","('0143-S-2002', 1)":"SALTA","('0143-S-2002', 2)":"SALTA","('0143-S-2002', 3)":"SALTA"},"('Firmantes', 'BLOQUE')":{"('0143-S-2002', 0)":"MOV POP NEUQUINO","('0143-S-2002', 1)":"RENOVADOR","('0143-S-2002', 2)":"JUSTICIALISTA","('0143-S-2002', 3)":"JUSTICIALISTA"},"Sumario":{"('0143-S-2002', 0)":"SOLICITUD AL PODER EJECUTIVO NACIONAL.","('0143-S-2002', 1)":null,"('0143-S-2002', 2)":null,"('0143-S-2002', 3)":null},"Palabra Clave":{"('0143-S-2002', 0)":" ","('0143-S-2002', 1)":null,"('0143-S-2002', 2)":null,"('0143-S-2002', 3)":null}}