{"Tipo de Proyecto":{"('0144-D-2002', 0)":"PROYECTO DE LEY"},"Iniciado en: ":{"('0144-D-2002', 0)":"Diputados"},"Expediente Diputados: ":{"('0144-D-2002', 0)":"0144-D-2002"},"Publicado en: ":{"('0144-D-2002', 0)":"Tr\u00e1mite Parlamentario N\u00b0 4"},"Fecha: ":{"('0144-D-2002', 0)":"06\/03\/2002"},"T\u00edtulo":{"('0144-D-2002', 0)":"CODIGO CIVIL: MODIFICACIONES (REPRODUCCION DEL EXPEDIENTE 0723-D-00)."},"('Firmantes', 'FIRMANTE')":{"('0144-D-2002', 0)":"STOLBIZER, MARGARITA ROSA"},"('Firmantes', 'DISTRITO')":{"('0144-D-2002', 0)":"BUENOS AIRES"},"('Firmantes', 'BLOQUE')":{"('0144-D-2002', 0)":"UCR"},"('Giros', 'COMISI\u00d3N')":{"('0144-D-2002', 0)":"LEGISLACION GENERAL"},"('Tramites', 'C\u00c1MARA')":{"('0144-D-2002', 0)":"Diputados"},"('Tramites', 'MOVIMIENTO')":{"('0144-D-2002', 0)":"REPRODUCIDO POR EXPEDIENTE 2023-D-04"},"('Tramites', 'FECHA')":{"('0144-D-2002', 0)":null},"('Tramites', 'RESULTADO')":{"('0144-D-2002', 0)":null},"Sumario":{"('0144-D-2002', 0)":"MODIFICACION DE LOS ARTICULOS 152 BIS (INHABILITACION JUDICIAL) Y 473 (ANULABILIDAD DE ACTOS JURIDICOS: CAPACIDAD)."},"Palabra Clave":{"('0144-D-2002', 0)":" "}}