{"Tipo de Proyecto":{"('0145-PE-2002', 0)":"MENSAJE NRO: 2491\/02 Y PROYECTO DE LEY","('0145-PE-2002', 1)":null,"('0145-PE-2002', 2)":null,"('0145-PE-2002', 3)":null,"('0145-PE-2002', 4)":null,"('0145-PE-2002', 5)":null},"Iniciado en: ":{"('0145-PE-2002', 0)":"Diputados","('0145-PE-2002', 1)":null,"('0145-PE-2002', 2)":null,"('0145-PE-2002', 3)":null,"('0145-PE-2002', 4)":null,"('0145-PE-2002', 5)":null},"Expediente Diputados: ":{"('0145-PE-2002', 0)":"0145-PE-2002","('0145-PE-2002', 1)":null,"('0145-PE-2002', 2)":null,"('0145-PE-2002', 3)":null,"('0145-PE-2002', 4)":null,"('0145-PE-2002', 5)":null},"Expediente Senado: ":{"('0145-PE-2002', 0)":"0159-CD-2003","('0145-PE-2002', 1)":null,"('0145-PE-2002', 2)":null,"('0145-PE-2002', 3)":null,"('0145-PE-2002', 4)":null,"('0145-PE-2002', 5)":null},"Publicado en: ":{"('0145-PE-2002', 0)":"Tr\u00e1mite Parlamentario N\u00b0 193","('0145-PE-2002', 1)":null,"('0145-PE-2002', 2)":null,"('0145-PE-2002', 3)":null,"('0145-PE-2002', 4)":null,"('0145-PE-2002', 5)":null},"Fecha: ":{"('0145-PE-2002', 0)":"05\/12\/2002","('0145-PE-2002', 1)":null,"('0145-PE-2002', 2)":null,"('0145-PE-2002', 3)":null,"('0145-PE-2002', 4)":null,"('0145-PE-2002', 5)":null},"T\u00edtulo":{"('0145-PE-2002', 0)":"REGIMEN PARA EL INGRESO DE TROPAS EXTRANJERAS Y SALIDA DE TROPAS NACIONALES.","('0145-PE-2002', 1)":null,"('0145-PE-2002', 2)":null,"('0145-PE-2002', 3)":null,"('0145-PE-2002', 4)":null,"('0145-PE-2002', 5)":null},"('Firmantes', 'FIRMANTE')":{"('0145-PE-2002', 0)":"DUHALDE, EDUARDO ALBERTO","('0145-PE-2002', 1)":"ATANASOF, ALFREDO NESTOR","('0145-PE-2002', 2)":"LAVAGNA, ROBERTO","('0145-PE-2002', 3)":"JAUNARENA, JOSE HORACIO","('0145-PE-2002', 4)":"RUCKAUF, CARLOS FEDERICO","('0145-PE-2002', 5)":null},"('Firmantes', 'DISTRITO')":{"('0145-PE-2002', 0)":null,"('0145-PE-2002', 1)":null,"('0145-PE-2002', 2)":null,"('0145-PE-2002', 3)":null,"('0145-PE-2002', 4)":null,"('0145-PE-2002', 5)":null},"('Firmantes', 'BLOQUE')":{"('0145-PE-2002', 0)":"PODER EJECUTIVO","('0145-PE-2002', 1)":"PODER EJECUTIVO","('0145-PE-2002', 2)":"PODER EJECUTIVO","('0145-PE-2002', 3)":"PODER EJECUTIVO","('0145-PE-2002', 4)":"PODER EJECUTIVO","('0145-PE-2002', 5)":null},"('Giros', 'COMISI\u00d3N')":{"('0145-PE-2002', 0)":"DEFENSA NACIONAL","('0145-PE-2002', 1)":"RELACIONES EXTERIORES Y CULTO","('0145-PE-2002', 2)":null,"('0145-PE-2002', 3)":null,"('0145-PE-2002', 4)":null,"('0145-PE-2002', 5)":null},"('Tramites', 'C\u00c1MARA')":{"('0145-PE-2002', 0)":"Diputados","('0145-PE-2002', 1)":"Diputados","('0145-PE-2002', 2)":"Diputados","('0145-PE-2002', 3)":"Senado","('0145-PE-2002', 4)":"Senado","('0145-PE-2002', 5)":"Senado"},"('Tramites', 'MOVIMIENTO')":{"('0145-PE-2002', 0)":"MOCION SOBRE TABLAS (AFIRMATIVA) CONJUNTAMENTE PARA LOS EXPEDIENTES 0145-PE-2002, 0159-CD-2003, 1873-D-2003 y 3183-D-2003","('0145-PE-2002', 1)":"CONSIDERACION Y APROBACION (VOTACION NOMINAL) CONJUNTAMENTE PARA LOS EXPEDIENTES 0145-PE-2002, 0159-CD-2003, 1873-D-2003 y 3183-D-2003","('0145-PE-2002', 2)":"INSERCION DEL DIPUTADO DAMIANI CONJUNTAMENTE PARA LOS EXPEDIENTES 0145-PE-2002, 0159-CD-2003, 1873-D-2003 y 3183-D-2003","('0145-PE-2002', 3)":"PASA A SENADO - CONJUNTAMENTE PARA LOS EXPEDIENTES 0145-PE-2002, 0159-CD-2003, 1873-D-2003 y 3183-D-2003","('0145-PE-2002', 4)":"MOCION SOBRE TABLAS (AFIRMATIVA) CONJUNTAMENTE PARA LOS EXPEDIENTES 0145-PE-2002, 0159-CD-2003, 1873-D-2003, 0717-S-2003, 3183-D-2003 y 0593-S-2004","('0145-PE-2002', 5)":"CONSIDERACION Y SANCION CONJUNTAMENTE PARA LOS EXPEDIENTES 0145-PE-2002, 0159-CD-2003, 1873-D-2003, 0717-S-2003, 3183-D-2003 y 0593-S-2004"},"('Tramites', 'FECHA')":{"('0145-PE-2002', 0)":"17\/12\/2003","('0145-PE-2002', 1)":"17\/12\/2003","('0145-PE-2002', 2)":"17\/12\/2003","('0145-PE-2002', 3)":null,"('0145-PE-2002', 4)":"31\/03\/2004","('0145-PE-2002', 5)":"31\/03\/2004"},"('Tramites', 'RESULTADO')":{"('0145-PE-2002', 0)":null,"('0145-PE-2002', 1)":"MEDIA SANCION","('0145-PE-2002', 2)":null,"('0145-PE-2002', 3)":null,"('0145-PE-2002', 4)":null,"('0145-PE-2002', 5)":"SANCIONADO"},"Link":{"('0145-PE-2002', 0)":"https:\/\/www4.hcdn.gob.ar\/dependencias\/dsecretaria\/Periodo2002\/PDF2002\/TP2002\/0145-PE-02.pdf","('0145-PE-2002', 1)":null,"('0145-PE-2002', 2)":null,"('0145-PE-2002', 3)":null,"('0145-PE-2002', 4)":null,"('0145-PE-2002', 5)":null},"Palabra Clave":{"('0145-PE-2002', 0)":" ","('0145-PE-2002', 1)":null,"('0145-PE-2002', 2)":null,"('0145-PE-2002', 3)":null,"('0145-PE-2002', 4)":null,"('0145-PE-2002', 5)":null}}