{"Tipo de Proyecto":{"('0146-D-2002', 0)":"PROYECTO DE LEY","('0146-D-2002', 1)":null,"('0146-D-2002', 2)":null,"('0146-D-2002', 3)":null},"Iniciado en: ":{"('0146-D-2002', 0)":"Diputados","('0146-D-2002', 1)":null,"('0146-D-2002', 2)":null,"('0146-D-2002', 3)":null},"Expediente Diputados: ":{"('0146-D-2002', 0)":"0146-D-2002","('0146-D-2002', 1)":null,"('0146-D-2002', 2)":null,"('0146-D-2002', 3)":null},"Publicado en: ":{"('0146-D-2002', 0)":"Tr\u00e1mite Parlamentario N\u00b0 4","('0146-D-2002', 1)":null,"('0146-D-2002', 2)":null,"('0146-D-2002', 3)":null},"Fecha: ":{"('0146-D-2002', 0)":"06\/03\/2002","('0146-D-2002', 1)":null,"('0146-D-2002', 2)":null,"('0146-D-2002', 3)":null},"T\u00edtulo":{"('0146-D-2002', 0)":"CREACION DEL PROGRAMA ESPECIAL DE ESTUDIOS UNIVERSITARIOS PARA PERSONAS PRIVADAS DE LA LIBERTAD (REPRODUCCION DEL EXPEDIENTE 4287-D-98) (REPRODUCCION DEL EXPEDIENTE 0726-D-00).","('0146-D-2002', 1)":null,"('0146-D-2002', 2)":null,"('0146-D-2002', 3)":null},"('Firmantes', 'FIRMANTE')":{"('0146-D-2002', 0)":"STOLBIZER, MARGARITA ROSA","('0146-D-2002', 1)":null,"('0146-D-2002', 2)":null,"('0146-D-2002', 3)":null},"('Firmantes', 'DISTRITO')":{"('0146-D-2002', 0)":"BUENOS AIRES","('0146-D-2002', 1)":null,"('0146-D-2002', 2)":null,"('0146-D-2002', 3)":null},"('Firmantes', 'BLOQUE')":{"('0146-D-2002', 0)":"UCR","('0146-D-2002', 1)":null,"('0146-D-2002', 2)":null,"('0146-D-2002', 3)":null},"('Giros', 'COMISI\u00d3N')":{"('0146-D-2002', 0)":"LEGISLACION PENAL","('0146-D-2002', 1)":"EDUCACION","('0146-D-2002', 2)":"DERECHOS HUMANOS Y GARANTIAS","('0146-D-2002', 3)":"PRESUPUESTO Y HACIENDA"},"('Tramites', 'C\u00c1MARA')":{"('0146-D-2002', 0)":"Diputados","('0146-D-2002', 1)":null,"('0146-D-2002', 2)":null,"('0146-D-2002', 3)":null},"('Tramites', 'MOVIMIENTO')":{"('0146-D-2002', 0)":"REPRODUCIDO POR EXPEDIENTE 2024-D-04","('0146-D-2002', 1)":null,"('0146-D-2002', 2)":null,"('0146-D-2002', 3)":null},"('Tramites', 'FECHA')":{"('0146-D-2002', 0)":null,"('0146-D-2002', 1)":null,"('0146-D-2002', 2)":null,"('0146-D-2002', 3)":null},"('Tramites', 'RESULTADO')":{"('0146-D-2002', 0)":null,"('0146-D-2002', 1)":null,"('0146-D-2002', 2)":null,"('0146-D-2002', 3)":null},"Sumario":{"('0146-D-2002', 0)":"OBJETIVOS; CREACION DE UNA COMISION ESPECIAL Y PERMANENTE PARA DELINEAR EL PROGRAMA, REALIZAR SU EJECUCION, CONTROL Y SEGUIMIENTO; INTEGRACION Y FUNCIONES DE LA COMISION; REQUISITOS PARA LA INCORPORACION AL PROGRAMA.","('0146-D-2002', 1)":null,"('0146-D-2002', 2)":null,"('0146-D-2002', 3)":null},"Palabra Clave":{"('0146-D-2002', 0)":" ","('0146-D-2002', 1)":null,"('0146-D-2002', 2)":null,"('0146-D-2002', 3)":null}}