{"Tipo de Proyecto":{"('0147-D-2002', 0)":"PROYECTO DE LEY","('0147-D-2002', 1)":null},"Iniciado en: ":{"('0147-D-2002', 0)":"Diputados","('0147-D-2002', 1)":null},"Expediente Diputados: ":{"('0147-D-2002', 0)":"0147-D-2002","('0147-D-2002', 1)":null},"Publicado en: ":{"('0147-D-2002', 0)":"Tr\u00e1mite Parlamentario N\u00b0 4","('0147-D-2002', 1)":null},"Fecha: ":{"('0147-D-2002', 0)":"06\/03\/2002","('0147-D-2002', 1)":null},"T\u00edtulo":{"('0147-D-2002', 0)":"MODIFICACION DEL CODIGO CIVIL (EJERCICIO COMPARTIDO DE LA PATRIA POTESTAD) (REPRODUCCION DEL EXPEDIENTE 4402-D-98) (REPRODUCCION DEL EXPEDIENTE 0727-D-00).","('0147-D-2002', 1)":null},"('Firmantes', 'FIRMANTE')":{"('0147-D-2002', 0)":"STOLBIZER, MARGARITA ROSA","('0147-D-2002', 1)":null},"('Firmantes', 'DISTRITO')":{"('0147-D-2002', 0)":"BUENOS AIRES","('0147-D-2002', 1)":null},"('Firmantes', 'BLOQUE')":{"('0147-D-2002', 0)":"UCR","('0147-D-2002', 1)":null},"('Giros', 'COMISI\u00d3N')":{"('0147-D-2002', 0)":"LEGISLACION GENERAL","('0147-D-2002', 1)":"FAMILIA, MUJER Y MINORIDAD"},"('Tramites', 'C\u00c1MARA')":{"('0147-D-2002', 0)":"Diputados","('0147-D-2002', 1)":null},"('Tramites', 'MOVIMIENTO')":{"('0147-D-2002', 0)":"REPRODUCIDO POR EXPEDIENTE 2025-D-04","('0147-D-2002', 1)":null},"('Tramites', 'FECHA')":{"('0147-D-2002', 0)":null,"('0147-D-2002', 1)":null},"('Tramites', 'RESULTADO')":{"('0147-D-2002', 0)":null,"('0147-D-2002', 1)":null},"Sumario":{"('0147-D-2002', 0)":"INCORPORACION DE UN PARRAFO AL ARTICULO 206 (TENENCIA COMPARTIDA DE LOS HIJOS); MODIFICACION DEL INCISO 2) DEL ARTICULO 207 (FIJACION DE ALIMENTOS); MODIFICACION DEL INCISO 5) DEL ARTICULO 264 (HIJOS EXTRAMATRIMONIALES); INCORPORACION DE UN PARRAFO AL ARTICULO 275 (TRABAJO INFANTIL).","('0147-D-2002', 1)":null},"Palabra Clave":{"('0147-D-2002', 0)":" ","('0147-D-2002', 1)":null}}