{"Tipo de Proyecto":{"('0147-PE-2002', 0)":"MENSAJE NRO: 2590\/02","('0147-PE-2002', 1)":null,"('0147-PE-2002', 2)":null},"Iniciado en: ":{"('0147-PE-2002', 0)":"Diputados","('0147-PE-2002', 1)":null,"('0147-PE-2002', 2)":null},"Expediente Diputados: ":{"('0147-PE-2002', 0)":"0147-PE-2002","('0147-PE-2002', 1)":null,"('0147-PE-2002', 2)":null},"Publicado en: ":{"('0147-PE-2002', 0)":"Tr\u00e1mite Parlamentario N\u00b0 200","('0147-PE-2002', 1)":null,"('0147-PE-2002', 2)":null},"Fecha: ":{"('0147-PE-2002', 0)":"16\/12\/2002","('0147-PE-2002', 1)":null,"('0147-PE-2002', 2)":null},"T\u00edtulo":{"('0147-PE-2002', 0)":"DICTADO DEL DECRETO 2589\/2002, SOBRE TRANSACCIONES DEL PODER EJECUTIVO DE ACUERDO AL ARTICULO 832 Y SIGUIENTES DEL CODIGO CIVIL.","('0147-PE-2002', 1)":null,"('0147-PE-2002', 2)":null},"('Firmantes', 'FIRMANTE')":{"('0147-PE-2002', 0)":"DUHALDE, EDUARDO ALBERTO","('0147-PE-2002', 1)":"ATANASOF, ALFREDO NESTOR","('0147-PE-2002', 2)":"LAVAGNA, ROBERTO"},"('Firmantes', 'DISTRITO')":{"('0147-PE-2002', 0)":null,"('0147-PE-2002', 1)":null,"('0147-PE-2002', 2)":null},"('Firmantes', 'BLOQUE')":{"('0147-PE-2002', 0)":"PODER EJECUTIVO","('0147-PE-2002', 1)":"PODER EJECUTIVO","('0147-PE-2002', 2)":"PODER EJECUTIVO"},"('Giros', 'COMISI\u00d3N')":{"('0147-PE-2002', 0)":"LEGISLACION GENERAL","('0147-PE-2002', 1)":"JUSTICIA","('0147-PE-2002', 2)":"OBRAS PUBLICAS"},"Sumario":{"('0147-PE-2002', 0)":"COMUNICACION DEL MISMO.","('0147-PE-2002', 1)":null,"('0147-PE-2002', 2)":null},"Palabra Clave":{"('0147-PE-2002', 0)":" ","('0147-PE-2002', 1)":null,"('0147-PE-2002', 2)":null}}