{"Tipo de Proyecto":{"('0148-PE-2002', 0)":"MENSAJE NRO: 2592\/02","('0148-PE-2002', 1)":null,"('0148-PE-2002', 2)":null},"Iniciado en: ":{"('0148-PE-2002', 0)":"Diputados","('0148-PE-2002', 1)":null,"('0148-PE-2002', 2)":null},"Expediente Diputados: ":{"('0148-PE-2002', 0)":"0148-PE-2002","('0148-PE-2002', 1)":null,"('0148-PE-2002', 2)":null},"Publicado en: ":{"('0148-PE-2002', 0)":"Tr\u00e1mite Parlamentario N\u00b0 200","('0148-PE-2002', 1)":null,"('0148-PE-2002', 2)":null},"Fecha: ":{"('0148-PE-2002', 0)":"16\/12\/2002","('0148-PE-2002', 1)":null,"('0148-PE-2002', 2)":null},"T\u00edtulo":{"('0148-PE-2002', 0)":"DICTADO DEL DECRETO 2591\/2002, POR EL CUAL SE AMPLIA EL TEMARIO DE SESIONES EXTRAORDINARIAS.","('0148-PE-2002', 1)":null,"('0148-PE-2002', 2)":null},"('Firmantes', 'FIRMANTE')":{"('0148-PE-2002', 0)":"DUHALDE, EDUARDO ALBERTO","('0148-PE-2002', 1)":"ATANASOF, ALFREDO NESTOR","('0148-PE-2002', 2)":"MATZKIN, JORGE RUBEN"},"('Firmantes', 'DISTRITO')":{"('0148-PE-2002', 0)":null,"('0148-PE-2002', 1)":null,"('0148-PE-2002', 2)":null},"('Firmantes', 'BLOQUE')":{"('0148-PE-2002', 0)":"PODER EJECUTIVO","('0148-PE-2002', 1)":"PODER EJECUTIVO","('0148-PE-2002', 2)":"PODER EJECUTIVO"},"('Giros', 'COMISI\u00d3N')":{"('0148-PE-2002', 0)":"A LA PRESIDENCIA","('0148-PE-2002', 1)":null,"('0148-PE-2002', 2)":null},"Sumario":{"('0148-PE-2002', 0)":"COMUNICACION DEL MISMO.","('0148-PE-2002', 1)":null,"('0148-PE-2002', 2)":null},"Palabra Clave":{"('0148-PE-2002', 0)":" ","('0148-PE-2002', 1)":null,"('0148-PE-2002', 2)":null}}