{"Tipo de Proyecto":{"('0149-D-2002', 0)":"PROYECTO DE LEY","('0149-D-2002', 1)":null},"Iniciado en: ":{"('0149-D-2002', 0)":"Diputados","('0149-D-2002', 1)":null},"Expediente Diputados: ":{"('0149-D-2002', 0)":"0149-D-2002","('0149-D-2002', 1)":null},"Publicado en: ":{"('0149-D-2002', 0)":"Tr\u00e1mite Parlamentario N\u00b0 4","('0149-D-2002', 1)":null},"Fecha: ":{"('0149-D-2002', 0)":"06\/03\/2002","('0149-D-2002', 1)":null},"T\u00edtulo":{"('0149-D-2002', 0)":"CONVENIO 158 RELATIVO A LA TERMINACION DE LA RELACION DE TRABAJO POR INICIATIVA DEL EMPLEADOR, ADOPTADO POR LA CONFERENCIA GENERAL DE LA ORGANIZACION INTERNACIONAL DEL TRABAJO EN SU REUNION DEL 22 DE JUNIO DE 1982 (REPRODUCCION DEL EXPEDIENTE 6199-D-98) (REPRODUCCION DEL EXPEDIENTE 0743-D-00).","('0149-D-2002', 1)":null},"('Firmantes', 'FIRMANTE')":{"('0149-D-2002', 0)":"STOLBIZER, MARGARITA ROSA","('0149-D-2002', 1)":null},"('Firmantes', 'DISTRITO')":{"('0149-D-2002', 0)":"BUENOS AIRES","('0149-D-2002', 1)":null},"('Firmantes', 'BLOQUE')":{"('0149-D-2002', 0)":"UCR","('0149-D-2002', 1)":null},"('Giros', 'COMISI\u00d3N')":{"('0149-D-2002', 0)":"RELACIONES EXTERIORES Y CULTO","('0149-D-2002', 1)":"LEGISLACION DEL TRABAJO"},"('Tramites', 'C\u00c1MARA')":{"('0149-D-2002', 0)":"Diputados","('0149-D-2002', 1)":null},"('Tramites', 'MOVIMIENTO')":{"('0149-D-2002', 0)":"REPRODUCIDO POR EXPEDIENTE 0982-D-04 (TP 16)","('0149-D-2002', 1)":null},"('Tramites', 'FECHA')":{"('0149-D-2002', 0)":null,"('0149-D-2002', 1)":null},"('Tramites', 'RESULTADO')":{"('0149-D-2002', 0)":null,"('0149-D-2002', 1)":null},"Sumario":{"('0149-D-2002', 0)":"RATIFICACION DEL MISMO.","('0149-D-2002', 1)":null},"Palabra Clave":{"('0149-D-2002', 0)":" ","('0149-D-2002', 1)":null}}