{"Tipo de Proyecto":{"('0149-PE-2002', 0)":"MENSAJE NRO: 2616\/02","('0149-PE-2002', 1)":null,"('0149-PE-2002', 2)":null},"Iniciado en: ":{"('0149-PE-2002', 0)":"Diputados","('0149-PE-2002', 1)":null,"('0149-PE-2002', 2)":null},"Expediente Diputados: ":{"('0149-PE-2002', 0)":"0149-PE-2002","('0149-PE-2002', 1)":null,"('0149-PE-2002', 2)":null},"Publicado en: ":{"('0149-PE-2002', 0)":"Tr\u00e1mite Parlamentario N\u00b0 201","('0149-PE-2002', 1)":null,"('0149-PE-2002', 2)":null},"Fecha: ":{"('0149-PE-2002', 0)":"17\/12\/2002","('0149-PE-2002', 1)":null,"('0149-PE-2002', 2)":null},"T\u00edtulo":{"('0149-PE-2002', 0)":"DICTADO DEL DECRETO 2615\/2002, POR EL CUAL SE CREA LA UNIVERSIDAD NACIONAL DE CHILECITO EN LA PROVINCIA DE LA RIOJA.","('0149-PE-2002', 1)":null,"('0149-PE-2002', 2)":null},"('Firmantes', 'FIRMANTE')":{"('0149-PE-2002', 0)":"DUHALDE, EDUARDO ALBERTO","('0149-PE-2002', 1)":"ATANASOF, ALFREDO NESTOR","('0149-PE-2002', 2)":"MATZKIN, JORGE RUBEN"},"('Firmantes', 'DISTRITO')":{"('0149-PE-2002', 0)":null,"('0149-PE-2002', 1)":null,"('0149-PE-2002', 2)":null},"('Firmantes', 'BLOQUE')":{"('0149-PE-2002', 0)":"PODER EJECUTIVO","('0149-PE-2002', 1)":"PODER EJECUTIVO","('0149-PE-2002', 2)":"PODER EJECUTIVO"},"('Giros', 'COMISI\u00d3N')":{"('0149-PE-2002', 0)":"EDUCACION","('0149-PE-2002', 1)":"PRESUPUESTO Y HACIENDA","('0149-PE-2002', 2)":"BICAMERAL PERMANENTE DE TRAMITE LEGISLATIVO - LEY 26122"},"Sumario":{"('0149-PE-2002', 0)":"COMUNICACION DEL MISMO.","('0149-PE-2002', 1)":null,"('0149-PE-2002', 2)":null},"Palabra Clave":{"('0149-PE-2002', 0)":" ","('0149-PE-2002', 1)":null,"('0149-PE-2002', 2)":null}}