{"Tipo de Proyecto":{"('0150-S-2002', 0)":"PROYECTO DE RESOLUCI\u00d3N","('0150-S-2002', 1)":null,"('0150-S-2002', 2)":null},"Iniciado en: ":{"('0150-S-2002', 0)":"Senado","('0150-S-2002', 1)":null,"('0150-S-2002', 2)":null},"Expediente Diputados: ":{"('0150-S-2002', 0)":"0150-S-2002","('0150-S-2002', 1)":null,"('0150-S-2002', 2)":null},"Expediente Senado: ":{"('0150-S-2002', 0)":"0604-OV-2000","('0150-S-2002', 1)":null,"('0150-S-2002', 2)":null},"Fecha: ":{"('0150-S-2002', 0)":"23\/08\/2002","('0150-S-2002', 1)":null,"('0150-S-2002', 2)":null},"T\u00edtulo":{"('0150-S-2002', 0)":"AUDITORIA GENERAL DE LA NACION : COMUNICA RESOLUCION 4\/01 CON EL INFORME SOBRE LA SUBSECRETARIA DE PUERTOS Y VIAS NAVEGABLES, EJERCICIO 1998.","('0150-S-2002', 1)":null,"('0150-S-2002', 2)":null},"('Firmantes', 'FIRMANTE')":{"('0150-S-2002', 0)":"PARLAMENTARIA MIXTA REVISORA DE CUENTAS","('0150-S-2002', 1)":null,"('0150-S-2002', 2)":null},"('Firmantes', 'DISTRITO')":{"('0150-S-2002', 0)":null,"('0150-S-2002', 1)":null,"('0150-S-2002', 2)":null},"('Firmantes', 'BLOQUE')":{"('0150-S-2002', 0)":null,"('0150-S-2002', 1)":null,"('0150-S-2002', 2)":null},"('Giros', 'COMISI\u00d3N')":{"('0150-S-2002', 0)":"PARLAMENTARIA MIXTA REVISORA DE CUENTAS","('0150-S-2002', 1)":null,"('0150-S-2002', 2)":null},"('Tramites', 'C\u00c1MARA')":{"('0150-S-2002', 0)":"Senado","('0150-S-2002', 1)":"Diputados","('0150-S-2002', 2)":"Diputados"},"('Tramites', 'MOVIMIENTO')":{"('0150-S-2002', 0)":"CONSIDERACION Y APROBACION","('0150-S-2002', 1)":"PASA A DIPUTADOS -","('0150-S-2002', 2)":"CONSIDERACION Y APROBACION"},"('Tramites', 'FECHA')":{"('0150-S-2002', 0)":"25\/09\/2002","('0150-S-2002', 1)":null,"('0150-S-2002', 2)":"28\/11\/2002"},"('Tramites', 'RESULTADO')":{"('0150-S-2002', 0)":"APROBADO","('0150-S-2002', 1)":null,"('0150-S-2002', 2)":"APROBADO"},"Sumario":{"('0150-S-2002', 0)":"SOLICITUD AL PODER EJECUTIVO NACIONAL PARA QUE ADOPTE LAS MEDIDAS ADOPTADAS PARA SUPERAR LAS OBSERVACIONES EFECTUADAS, REGULARIZAR LAS TAREAS Y PROCEDER A DISPONER LO CONDUCENTE PARA DETERMINAR EL POSIBLE PERJUICIO FISCAL, ASI COMO IDENTIFICAR LAS RESPONSABILIDADES EXISTENTES.","('0150-S-2002', 1)":null,"('0150-S-2002', 2)":null},"Palabra Clave":{"('0150-S-2002', 0)":" ","('0150-S-2002', 1)":null,"('0150-S-2002', 2)":null}}