{"Tipo de Proyecto":{"('0151-S-2002', 0)":"PROYECTO DE RESOLUCI\u00d3N","('0151-S-2002', 1)":null,"('0151-S-2002', 2)":null,"('0151-S-2002', 3)":null},"Iniciado en: ":{"('0151-S-2002', 0)":"Senado","('0151-S-2002', 1)":null,"('0151-S-2002', 2)":null,"('0151-S-2002', 3)":null},"Expediente Diputados: ":{"('0151-S-2002', 0)":"0151-S-2002","('0151-S-2002', 1)":null,"('0151-S-2002', 2)":null,"('0151-S-2002', 3)":null},"Expediente Senado: ":{"('0151-S-2002', 0)":"0005-OV-2001","('0151-S-2002', 1)":null,"('0151-S-2002', 2)":null,"('0151-S-2002', 3)":null},"Fecha: ":{"('0151-S-2002', 0)":"23\/08\/2002","('0151-S-2002', 1)":null,"('0151-S-2002', 2)":null,"('0151-S-2002', 3)":null},"T\u00edtulo":{"('0151-S-2002', 0)":"AUDITORIA GENERAL DE LA NACION: COMUNICA RESOLUCION 19\/01 APROBANDO EL INFORME REFERIDO A CONTRATOS DE SIGNIFICACION ECONOMICA QUE SE TRAMITARON EN EL INSTITUTO NACIONAL DE CINE Y ARTES AUDIOVISUALES.","('0151-S-2002', 1)":null,"('0151-S-2002', 2)":null,"('0151-S-2002', 3)":null},"('Firmantes', 'FIRMANTE')":{"('0151-S-2002', 0)":"PARLAMENTARIA MIXTA REVISORA DE CUENTAS","('0151-S-2002', 1)":null,"('0151-S-2002', 2)":null,"('0151-S-2002', 3)":null},"('Firmantes', 'DISTRITO')":{"('0151-S-2002', 0)":null,"('0151-S-2002', 1)":null,"('0151-S-2002', 2)":null,"('0151-S-2002', 3)":null},"('Firmantes', 'BLOQUE')":{"('0151-S-2002', 0)":null,"('0151-S-2002', 1)":null,"('0151-S-2002', 2)":null,"('0151-S-2002', 3)":null},"('Giros', 'COMISI\u00d3N')":{"('0151-S-2002', 0)":"PARLAMENTARIA MIXTA REVISORA DE CUENTAS","('0151-S-2002', 1)":null,"('0151-S-2002', 2)":null,"('0151-S-2002', 3)":null},"('Tramites', 'C\u00c1MARA')":{"('0151-S-2002', 0)":"Senado","('0151-S-2002', 1)":"Diputados","('0151-S-2002', 2)":"Diputados","('0151-S-2002', 3)":"Diputados"},"('Tramites', 'MOVIMIENTO')":{"('0151-S-2002', 0)":"CONSIDERACION Y APROBACION","('0151-S-2002', 1)":"PASA A DIPUTADOS -","('0151-S-2002', 2)":"CONSIDERACION Y APROBACION","('0151-S-2002', 3)":"CONTESTACION DEL PODER EJECUTIVO NACIONAL - JEFE DE GABINETE DE MINISTROS - GIRADO A LA COMISION RESPECTIVA"},"('Tramites', 'FECHA')":{"('0151-S-2002', 0)":"25\/09\/2002","('0151-S-2002', 1)":null,"('0151-S-2002', 2)":"28\/11\/2002","('0151-S-2002', 3)":"31\/03\/2004"},"('Tramites', 'RESULTADO')":{"('0151-S-2002', 0)":"APROBADO","('0151-S-2002', 1)":null,"('0151-S-2002', 2)":"APROBADO","('0151-S-2002', 3)":null},"Sumario":{"('0151-S-2002', 0)":"SOLICITUD AL PODER EJECUTIVO NACIONAL INFORME SOBRE LAS MEDIDAS ADOPTADAS PARA SUPERAR LAS OBSERVACIONES EFECTUADAS, REGULARIZAR LAS TAREAS Y PROCEDER A DISPONER LO CONDUCENTE PARA DETERMINAR EL POSIBLE PERJUICIO FISCAL, ASI COMO IDENTIFICAR LAS RESPONSABILIDADES EXISTENTES.","('0151-S-2002', 1)":null,"('0151-S-2002', 2)":null,"('0151-S-2002', 3)":null},"Palabra Clave":{"('0151-S-2002', 0)":" ","('0151-S-2002', 1)":null,"('0151-S-2002', 2)":null,"('0151-S-2002', 3)":null}}