{"Tipo de Proyecto":{"('0152-S-2002', 0)":"PROYECTO DE RESOLUCI\u00d3N","('0152-S-2002', 1)":null,"('0152-S-2002', 2)":null},"Iniciado en: ":{"('0152-S-2002', 0)":"Senado","('0152-S-2002', 1)":null,"('0152-S-2002', 2)":null},"Expediente Diputados: ":{"('0152-S-2002', 0)":"0152-S-2002","('0152-S-2002', 1)":null,"('0152-S-2002', 2)":null},"Expediente Senado: ":{"('0152-S-2002', 0)":"0007-OV-2001","('0152-S-2002', 1)":null,"('0152-S-2002', 2)":null},"Fecha: ":{"('0152-S-2002', 0)":"23\/08\/2002","('0152-S-2002', 1)":null,"('0152-S-2002', 2)":null},"T\u00edtulo":{"('0152-S-2002', 0)":"AUDITORIA GENERAL DE LA NACION: COMUNICA RESOLUCION  21\/01, APROBANDO EL INFORME REFERIDO A ENTE TRIPARTITO DE OBRAS Y SERVICIOS SANITARIOS CONTROL INTERNO ACTOS Y CONTRATACIONES DE SIGNIFICACION ECONOMICA Y ESTADOS CONTABLES AL 31\/12\/98.","('0152-S-2002', 1)":null,"('0152-S-2002', 2)":null},"('Firmantes', 'FIRMANTE')":{"('0152-S-2002', 0)":"PARLAMENTARIA MIXTA REVISORA DE CUENTAS","('0152-S-2002', 1)":null,"('0152-S-2002', 2)":null},"('Firmantes', 'DISTRITO')":{"('0152-S-2002', 0)":null,"('0152-S-2002', 1)":null,"('0152-S-2002', 2)":null},"('Firmantes', 'BLOQUE')":{"('0152-S-2002', 0)":null,"('0152-S-2002', 1)":null,"('0152-S-2002', 2)":null},"('Giros', 'COMISI\u00d3N')":{"('0152-S-2002', 0)":"PARLAMENTARIA MIXTA REVISORA DE CUENTAS","('0152-S-2002', 1)":null,"('0152-S-2002', 2)":null},"('Tramites', 'C\u00c1MARA')":{"('0152-S-2002', 0)":"Senado","('0152-S-2002', 1)":"Diputados","('0152-S-2002', 2)":"Diputados"},"('Tramites', 'MOVIMIENTO')":{"('0152-S-2002', 0)":"CONSIDERACION Y APROBACION","('0152-S-2002', 1)":"PASA A DIPUTADOS -","('0152-S-2002', 2)":"CONSIDERACION Y APROBACION"},"('Tramites', 'FECHA')":{"('0152-S-2002', 0)":"25\/09\/2002","('0152-S-2002', 1)":null,"('0152-S-2002', 2)":"28\/11\/2002"},"('Tramites', 'RESULTADO')":{"('0152-S-2002', 0)":"APROBADO","('0152-S-2002', 1)":null,"('0152-S-2002', 2)":"APROBADO"},"Sumario":{"('0152-S-2002', 0)":"SOLICITUD AL PODER EJECUTIVO NACIONAL PARA QUE ADOPTE LAS MEDIDAS ADOPTADAS PARA SUPERAR LAS OBSERVACIONES EFECTUADAS, REGULARIZAR LAS TAREAS Y ASEGURAR EL EFICAZ CUMPLIMIENTO DE LAS FUNCIONES DEL ORGANISMO EN DEFENSA DEL INTERES PUBLICO.","('0152-S-2002', 1)":null,"('0152-S-2002', 2)":null},"Palabra Clave":{"('0152-S-2002', 0)":" ","('0152-S-2002', 1)":null,"('0152-S-2002', 2)":null}}