{"Tipo de Proyecto":{"('0154-D-2002', 0)":"PROYECTO DE LEY","('0154-D-2002', 1)":null,"('0154-D-2002', 2)":null,"('0154-D-2002', 3)":null},"Iniciado en: ":{"('0154-D-2002', 0)":"Diputados","('0154-D-2002', 1)":null,"('0154-D-2002', 2)":null,"('0154-D-2002', 3)":null},"Expediente Diputados: ":{"('0154-D-2002', 0)":"0154-D-2002","('0154-D-2002', 1)":null,"('0154-D-2002', 2)":null,"('0154-D-2002', 3)":null},"Publicado en: ":{"('0154-D-2002', 0)":"Tr\u00e1mite Parlamentario N\u00b0 4","('0154-D-2002', 1)":null,"('0154-D-2002', 2)":null,"('0154-D-2002', 3)":null},"Fecha: ":{"('0154-D-2002', 0)":"06\/03\/2002","('0154-D-2002', 1)":null,"('0154-D-2002', 2)":null,"('0154-D-2002', 3)":null},"T\u00edtulo":{"('0154-D-2002', 0)":"CODIGO PROCESAL CIVIL Y COMERCIAL DE  LA NACION: MODIFICACIONES (REPRODUCCION DEL EXPEDIENTE 3037-D-00).","('0154-D-2002', 1)":null,"('0154-D-2002', 2)":null,"('0154-D-2002', 3)":null},"('Firmantes', 'FIRMANTE')":{"('0154-D-2002', 0)":"STOLBIZER, MARGARITA ROSA","('0154-D-2002', 1)":null,"('0154-D-2002', 2)":null,"('0154-D-2002', 3)":null},"('Firmantes', 'DISTRITO')":{"('0154-D-2002', 0)":"BUENOS AIRES","('0154-D-2002', 1)":null,"('0154-D-2002', 2)":null,"('0154-D-2002', 3)":null},"('Firmantes', 'BLOQUE')":{"('0154-D-2002', 0)":"UCR","('0154-D-2002', 1)":null,"('0154-D-2002', 2)":null,"('0154-D-2002', 3)":null},"('Giros', 'COMISI\u00d3N')":{"('0154-D-2002', 0)":"JUSTICIA","('0154-D-2002', 1)":"LEGISLACION GENERAL","('0154-D-2002', 2)":"TURISMO","('0154-D-2002', 3)":"DEFENSA DEL CONSUMIDOR"},"('Tramites', 'C\u00c1MARA')":{"('0154-D-2002', 0)":"Diputados","('0154-D-2002', 1)":null,"('0154-D-2002', 2)":null,"('0154-D-2002', 3)":null},"('Tramites', 'MOVIMIENTO')":{"('0154-D-2002', 0)":"REPRODUCIDO POR EXPEDIENTE 0867-D-04 (TP 14)","('0154-D-2002', 1)":null,"('0154-D-2002', 2)":null,"('0154-D-2002', 3)":null},"('Tramites', 'FECHA')":{"('0154-D-2002', 0)":null,"('0154-D-2002', 1)":null,"('0154-D-2002', 2)":null,"('0154-D-2002', 3)":null},"('Tramites', 'RESULTADO')":{"('0154-D-2002', 0)":null,"('0154-D-2002', 1)":null,"('0154-D-2002', 2)":null,"('0154-D-2002', 3)":null},"Sumario":{"('0154-D-2002', 0)":"MODIFICACIONES A LOS ARTICULOS 5 Y 320 A FIN DE PROTEGER AL USUARIO Y CONSUMIDOR EN LOS CASOS DE ADQUISICION Y \/ O USO DE SISTEMAS TURISTICOS DE TIEMPO COMPARTIDO Y USO DE CAJEROS AUTOMATICOS; COMPETENCIA.","('0154-D-2002', 1)":null,"('0154-D-2002', 2)":null,"('0154-D-2002', 3)":null},"Palabra Clave":{"('0154-D-2002', 0)":" ","('0154-D-2002', 1)":null,"('0154-D-2002', 2)":null,"('0154-D-2002', 3)":null}}