{"Tipo de Proyecto":{"('0156-D-2002', 0)":"PROYECTO DE LEY","('0156-D-2002', 1)":null},"Iniciado en: ":{"('0156-D-2002', 0)":"Diputados","('0156-D-2002', 1)":null},"Expediente Diputados: ":{"('0156-D-2002', 0)":"0156-D-2002","('0156-D-2002', 1)":null},"Expediente Senado: ":{"('0156-D-2002', 0)":"0129-CD-2003","('0156-D-2002', 1)":null},"Publicado en: ":{"('0156-D-2002', 0)":"Tr\u00e1mite Parlamentario N\u00b0 4","('0156-D-2002', 1)":null},"Fecha: ":{"('0156-D-2002', 0)":"06\/03\/2002","('0156-D-2002', 1)":null},"T\u00edtulo":{"('0156-D-2002', 0)":"CODIGO CIVIL: MODIFICACIONES (REPRODUCCION DEL EXPEDIENTE 4094-D-00).","('0156-D-2002', 1)":null},"('Firmantes', 'FIRMANTE')":{"('0156-D-2002', 0)":"STOLBIZER, MARGARITA ROSA","('0156-D-2002', 1)":null},"('Firmantes', 'DISTRITO')":{"('0156-D-2002', 0)":"BUENOS AIRES","('0156-D-2002', 1)":null},"('Firmantes', 'BLOQUE')":{"('0156-D-2002', 0)":"UCR","('0156-D-2002', 1)":null},"('Giros', 'COMISI\u00d3N')":{"('0156-D-2002', 0)":"LEGISLACION GENERAL","('0156-D-2002', 1)":"FAMILIA, MUJER Y MINORIDAD"},"('Tramites', 'C\u00c1MARA')":{"('0156-D-2002', 0)":"Diputados","('0156-D-2002', 1)":"Senado"},"('Tramites', 'MOVIMIENTO')":{"('0156-D-2002', 0)":"CONSIDERACION Y APROBACION CONJUNTAMENTE PARA LOS EXPEDIENTES 0156-D-2002, 0129-CD-2003, 1840-D-2002, 1966-D-2002, 2570-D-2002, 4990-D-2002, 5980-D-2002 y 3503-D-2003","('0156-D-2002', 1)":"PASA A SENADO - (DAE 183) CONJUNTAMENTE PARA LOS EXPEDIENTES 0156-D-2002, 0129-CD-2003, 1840-D-2002, 1966-D-2002, 2570-D-2002, 4990-D-2002, 5980-D-2002 y 3503-D-2003"},"('Tramites', 'FECHA')":{"('0156-D-2002', 0)":"26\/11\/2003","('0156-D-2002', 1)":null},"('Tramites', 'RESULTADO')":{"('0156-D-2002', 0)":"MEDIA SANCION","('0156-D-2002', 1)":null},"Sumario":{"('0156-D-2002', 0)":"MODIFICACION DEL ARTICULO 259, SOBRE ACCION DE IMPUGNACION DE PATERNIDAD.","('0156-D-2002', 1)":null},"Palabra Clave":{"('0156-D-2002', 0)":" ","('0156-D-2002', 1)":null}}