{"Tipo de Proyecto":{"('0157-D-2002', 0)":"PROYECTO DE LEY","('0157-D-2002', 1)":null},"Iniciado en: ":{"('0157-D-2002', 0)":"Diputados","('0157-D-2002', 1)":null},"Expediente Diputados: ":{"('0157-D-2002', 0)":"0157-D-2002","('0157-D-2002', 1)":null},"Publicado en: ":{"('0157-D-2002', 0)":"Tr\u00e1mite Parlamentario N\u00b0 4","('0157-D-2002', 1)":null},"Fecha: ":{"('0157-D-2002', 0)":"06\/03\/2002","('0157-D-2002', 1)":null},"T\u00edtulo":{"('0157-D-2002', 0)":"CODIGO DE CONDUCTA PARA ACTOS ELECTORALES DE LOS PARTIDOS POLITICOS (REPRODUCCION DEL EXPEDIENTE 4564-D-00).","('0157-D-2002', 1)":null},"('Firmantes', 'FIRMANTE')":{"('0157-D-2002', 0)":"STOLBIZER, MARGARITA ROSA","('0157-D-2002', 1)":null},"('Firmantes', 'DISTRITO')":{"('0157-D-2002', 0)":"BUENOS AIRES","('0157-D-2002', 1)":null},"('Firmantes', 'BLOQUE')":{"('0157-D-2002', 0)":"UCR","('0157-D-2002', 1)":null},"('Giros', 'COMISI\u00d3N')":{"('0157-D-2002', 0)":"ASUNTOS CONSTITUCIONALES","('0157-D-2002', 1)":"PRESUPUESTO Y HACIENDA"},"('Tramites', 'C\u00c1MARA')":{"('0157-D-2002', 0)":"Diputados","('0157-D-2002', 1)":"Diputados"},"('Tramites', 'MOVIMIENTO')":{"('0157-D-2002', 0)":"VER TRAMITE EN EXPEDIENTE 0390-PE-00","('0157-D-2002', 1)":"VER TRAMITE EN EXPEDIENTE 0112-PE-02"},"('Tramites', 'FECHA')":{"('0157-D-2002', 0)":null,"('0157-D-2002', 1)":null},"('Tramites', 'RESULTADO')":{"('0157-D-2002', 0)":null,"('0157-D-2002', 1)":null},"Sumario":{"('0157-D-2002', 0)":"ESTADO DE DERECHO; PARTIDOS POLITICOS; CAMPA\u00d1AS ELECTORALES; MEDIOS DE INFORMACION Y COMUNICACION; ELECCIONES INTERNAS; SANCIONES; COMISION NACIONAL ELECTORAL; FUNCIONARIOS ELECTORALES; PROVINCIAS.","('0157-D-2002', 1)":null},"Palabra Clave":{"('0157-D-2002', 0)":" ","('0157-D-2002', 1)":null}}