{"Tipo de Proyecto":{"('0157-S-2002', 0)":"PROYECTO DE RESOLUCI\u00d3N","('0157-S-2002', 1)":null,"('0157-S-2002', 2)":null},"Iniciado en: ":{"('0157-S-2002', 0)":"Senado","('0157-S-2002', 1)":null,"('0157-S-2002', 2)":null},"Expediente Diputados: ":{"('0157-S-2002', 0)":"0157-S-2002","('0157-S-2002', 1)":null,"('0157-S-2002', 2)":null},"Expediente Senado: ":{"('0157-S-2002', 0)":"0285-OV-2000","('0157-S-2002', 1)":null,"('0157-S-2002', 2)":null},"Fecha: ":{"('0157-S-2002', 0)":"30\/09\/2002","('0157-S-2002', 1)":null,"('0157-S-2002', 2)":null},"T\u00edtulo":{"('0157-S-2002', 0)":"REMISION DE RESPUESTAS DE LA JEFATURA DE GABINETE DE MINISTROS EN RELACION A LAS RESOLUCIONES APROBADAS POR EL H CONGRESO (186-S-2000 Y 115-S-2001), SOBRE LAS MEDIDAS ADOPTADAS A LOS FINES DE CORREGIR LOS DEFECTOS OBSERVADOS POR LA AUDITORIA GENERAL DE LA NACION EN LOS PROCEDIMIENTOS DE GESTION Y APLICACION DE FONDOS NACIONALES TRANSFERIDOS A LAS PROVINCIAS.\n","('0157-S-2002', 1)":null,"('0157-S-2002', 2)":null},"('Firmantes', 'FIRMANTE')":{"('0157-S-2002', 0)":"PARLAMENTARIA MIXTA REVISORA DE CUENTAS","('0157-S-2002', 1)":null,"('0157-S-2002', 2)":null},"('Firmantes', 'DISTRITO')":{"('0157-S-2002', 0)":null,"('0157-S-2002', 1)":null,"('0157-S-2002', 2)":null},"('Firmantes', 'BLOQUE')":{"('0157-S-2002', 0)":null,"('0157-S-2002', 1)":null,"('0157-S-2002', 2)":null},"('Giros', 'COMISI\u00d3N')":{"('0157-S-2002', 0)":"PARLAMENTARIA MIXTA REVISORA DE CUENTAS","('0157-S-2002', 1)":null,"('0157-S-2002', 2)":null},"('Tramites', 'C\u00c1MARA')":{"('0157-S-2002', 0)":"Senado","('0157-S-2002', 1)":"Diputados","('0157-S-2002', 2)":"Diputados"},"('Tramites', 'MOVIMIENTO')":{"('0157-S-2002', 0)":"CONSIDERACION Y APROBACION","('0157-S-2002', 1)":"PASA A DIPUTADOS -","('0157-S-2002', 2)":"CONSIDERACION Y APROBACION"},"('Tramites', 'FECHA')":{"('0157-S-2002', 0)":"23\/10\/2002","('0157-S-2002', 1)":null,"('0157-S-2002', 2)":"28\/11\/2002"},"('Tramites', 'RESULTADO')":{"('0157-S-2002', 0)":"APROBADO","('0157-S-2002', 1)":null,"('0157-S-2002', 2)":"APROBADO"},"Sumario":{"('0157-S-2002', 0)":"SOLICITUD AL PODER EJECUTIVO NACIONAL PARA QUE INFORME SOBRE LAS MEDIDAS ADOPTADAS A LOS FINES DE SOLUCIONAR LOS ASPECTOS OBSERVADOS.","('0157-S-2002', 1)":null,"('0157-S-2002', 2)":null},"Palabra Clave":{"('0157-S-2002', 0)":" ","('0157-S-2002', 1)":null,"('0157-S-2002', 2)":null}}