{"Tipo de Proyecto":{"('0157-OV-2002', 0)":"PROYECTO DE RESOLUCI\u00d3N"},"Iniciado en: ":{"('0157-OV-2002', 0)":"Senado"},"Expediente Senado: ":{"('0157-OV-2002', 0)":"0157-OV-2002"},"Fecha: ":{"('0157-OV-2002', 0)":"28\/11\/2003"},"T\u00edtulo":{"('0157-OV-2002', 0)":"RESOLUCION REMITIDA POR LA AUDITORIA GENERAL DE LA NACION SOBRE UN EXAMEN DE LAS ACCIONES TENDIENTES A LA REGULACION DE LAS ACTIVIDADES PESQUERAS Y DE CONSERVACION DE LOS RECURSOS MERLUZA COMUN Y CALAMAR, DE LOS PROGRAMAS DE MANEJO SUSTENTABLE DE ESPECIES, EL SEGUIMIENTO DE PROGRAMAS, PROYECTOS Y ACTIVIDADES, ASI COMO LAS EVALUACIONES DEL DESEMPE\u00d1O DE SUS GESTIONES, EN EL AMBITO DEL INSTITUTO NACIONAL DE INVESTIGACION Y DESARROLLO PESQUERO."},"('Firmantes', 'FIRMANTE')":{"('0157-OV-2002', 0)":"PARLAMENTARIA MIXTA REVISORA DE CUENTAS"},"('Firmantes', 'DISTRITO')":{"('0157-OV-2002', 0)":null},"('Firmantes', 'BLOQUE')":{"('0157-OV-2002', 0)":null},"('Tramites', 'C\u00c1MARA')":{"('0157-OV-2002', 0)":"Senado"},"('Tramites', 'MOVIMIENTO')":{"('0157-OV-2002', 0)":"CONSIDERACION Y APROBACION (AL ARCHIVO)"},"('Tramites', 'FECHA')":{"('0157-OV-2002', 0)":"04\/12\/2003"},"('Tramites', 'RESULTADO')":{"('0157-OV-2002', 0)":"ARCHIVADO"},"Sumario":{"('0157-OV-2002', 0)":"HABIENDO TOMADO CONOCIMIENTO, SE RECOMIENDA SU REMISION AL ARCHIVO."},"Palabra Clave":{"('0157-OV-2002', 0)":" "}}