{"Tipo de Proyecto":{"('0158-PE-2002', 0)":"MENSAJE NRO: 2704\/02","('0158-PE-2002', 1)":null,"('0158-PE-2002', 2)":null},"Iniciado en: ":{"('0158-PE-2002', 0)":"Diputados","('0158-PE-2002', 1)":null,"('0158-PE-2002', 2)":null},"Expediente Diputados: ":{"('0158-PE-2002', 0)":"0158-PE-2002","('0158-PE-2002', 1)":null,"('0158-PE-2002', 2)":null},"Expediente Senado: ":{"('0158-PE-2002', 0)":"4484-S-2004","('0158-PE-2002', 1)":null,"('0158-PE-2002', 2)":null},"Publicado en: ":{"('0158-PE-2002', 0)":"Tr\u00e1mite Parlamentario N\u00b0 205","('0158-PE-2002', 1)":null,"('0158-PE-2002', 2)":null},"Fecha: ":{"('0158-PE-2002', 0)":"30\/12\/2002","('0158-PE-2002', 1)":null,"('0158-PE-2002', 2)":null},"T\u00edtulo":{"('0158-PE-2002', 0)":"DECRETO NUMERO 2703\/02, RELACIONADO CON LA OBLIGACION DE LOS PRODUCTORES DE PETROLEO CRUDO, GAS NATURAL Y GASES LICUADO DE LIQUIDAR COMO MINIMO EL 30% DE LAS DIVISAS PROVENIENTES DE LA EXPORTACION DE PETROLEO CRUDO DE LIBRE DISPONIBILIDAD O DE SUS DERIVADOS. ","('0158-PE-2002', 1)":null,"('0158-PE-2002', 2)":null},"('Firmantes', 'FIRMANTE')":{"('0158-PE-2002', 0)":"DUHALDE, EDUARDO ALBERTO","('0158-PE-2002', 1)":"ATANASOF, ALFREDO NESTOR","('0158-PE-2002', 2)":"LAVAGNA, ROBERTO"},"('Firmantes', 'DISTRITO')":{"('0158-PE-2002', 0)":null,"('0158-PE-2002', 1)":null,"('0158-PE-2002', 2)":null},"('Firmantes', 'BLOQUE')":{"('0158-PE-2002', 0)":"PODER EJECUTIVO","('0158-PE-2002', 1)":"PODER EJECUTIVO","('0158-PE-2002', 2)":"PODER EJECUTIVO"},"('Giros', 'COMISI\u00d3N')":{"('0158-PE-2002', 0)":"BICAMERAL DE SEGUIMIENTO DE FACULTADES DELEGADAS AL PODER EJECUTIVO NACIONAL - LEY 25561","('0158-PE-2002', 1)":null,"('0158-PE-2002', 2)":null},"('Tramites', 'C\u00c1MARA')":{"('0158-PE-2002', 0)":"Senado","('0158-PE-2002', 1)":"Diputados","('0158-PE-2002', 2)":null},"('Tramites', 'MOVIMIENTO')":{"('0158-PE-2002', 0)":"CONSIDERACION Y APROBACION","('0158-PE-2002', 1)":"PASA A DIPUTADOS -","('0158-PE-2002', 2)":null},"('Tramites', 'FECHA')":{"('0158-PE-2002', 0)":"10\/05\/2006","('0158-PE-2002', 1)":null,"('0158-PE-2002', 2)":null},"('Tramites', 'RESULTADO')":{"('0158-PE-2002', 0)":"APROBADO","('0158-PE-2002', 1)":null,"('0158-PE-2002', 2)":null},"Sumario":{"('0158-PE-2002', 0)":"COMUNICACION DEL DICTADO DEL MISMO.","('0158-PE-2002', 1)":null,"('0158-PE-2002', 2)":null},"Palabra Clave":{"('0158-PE-2002', 0)":" ","('0158-PE-2002', 1)":null,"('0158-PE-2002', 2)":null}}