{"Tipo de Proyecto":{"('0158-D-2002', 0)":"PROYECTO DE RESOLUCI\u00d3N"},"Iniciado en: ":{"('0158-D-2002', 0)":"Diputados"},"Expediente Diputados: ":{"('0158-D-2002', 0)":"0158-D-2002"},"Publicado en: ":{"('0158-D-2002', 0)":"Tr\u00e1mite Parlamentario N\u00b0 4"},"Fecha: ":{"('0158-D-2002', 0)":"06\/03\/2002"},"T\u00edtulo":{"('0158-D-2002', 0)":"PEDIDO DE INFORMES: SOBRE EMISION DE BILLETES Y MONEDAS A PARTIR DE LA SANCION DE LA LEY 25562, DE REFORMA A LA CARTA ORGANICA DEL BANCO CENTRAL DE LA REPUBLICA ARGENTINA, Y OTRAS CUESTIONES CONEXAS."},"('Firmantes', 'FIRMANTE')":{"('0158-D-2002', 0)":"GUTIERREZ, FRANCISCO VIRGILIO"},"('Firmantes', 'DISTRITO')":{"('0158-D-2002', 0)":"BUENOS AIRES"},"('Firmantes', 'BLOQUE')":{"('0158-D-2002', 0)":"POLO SOCIAL"},"('Giros', 'COMISI\u00d3N')":{"('0158-D-2002', 0)":"FINANZAS"},"('Tramites', 'C\u00c1MARA')":{"('0158-D-2002', 0)":"Diputados"},"('Tramites', 'MOVIMIENTO')":{"('0158-D-2002', 0)":"SOLICITUD DE REPRODUCCION DEL PROYECTO PARA EL PERIODO 121 (2003), SEGUN LOS TERMINOS DEL ARTICULO 7 DE LA RESOLUCION DE LA HCD DEL 05\/06\/1996"},"('Tramites', 'FECHA')":{"('0158-D-2002', 0)":"12\/03\/2003"},"('Tramites', 'RESULTADO')":{"('0158-D-2002', 0)":null},"Sumario":{"('0158-D-2002', 0)":"SOLICITUD AL PODER EJECUTIVO NACIONAL."},"Palabra Clave":{"('0158-D-2002', 0)":" "}}