{"Tipo de Proyecto":{"('0159-OVD-2002', 0)":"PROYECTO DE RESOLUCI\u00d3N"},"Iniciado en: ":{"('0159-OVD-2002', 0)":"Senado"},"Expediente Senado: ":{"('0159-OVD-2002', 0)":"0159-OVD-2002"},"Fecha: ":{"('0159-OVD-2002', 0)":"21\/11\/2002"},"T\u00edtulo":{"('0159-OVD-2002', 0)":"DICTAMEN EN LA RESPUESTA DEL PODER EJECUTIVO SOBRE PAGO Y REGISTRACION DE LOS INTERESES CORRESPONDIENTES A LA EMISION DE LETRAS EXTERNAS DE LA REPUBLICA ARGENTINA EN PESOS."},"('Firmantes', 'FIRMANTE')":{"('0159-OVD-2002', 0)":"PARLAMENTARIA MIXTA REVISORA DE CUENTAS"},"('Firmantes', 'DISTRITO')":{"('0159-OVD-2002', 0)":null},"('Firmantes', 'BLOQUE')":{"('0159-OVD-2002', 0)":null},"('Tramites', 'C\u00c1MARA')":{"('0159-OVD-2002', 0)":"Senado"},"('Tramites', 'MOVIMIENTO')":{"('0159-OVD-2002', 0)":"CONSIDERACION Y APROBACION (AL ARCHIVO)"},"('Tramites', 'FECHA')":{"('0159-OVD-2002', 0)":"18\/12\/2002"},"('Tramites', 'RESULTADO')":{"('0159-OVD-2002', 0)":"ARCHIVADO"},"Sumario":{"('0159-OVD-2002', 0)":"HABIENDO TOMADO CONOCIMIENTO SE ACONSEJA SU REMISION AL ARCHIVO."},"Palabra Clave":{"('0159-OVD-2002', 0)":" "}}