{"Tipo de Proyecto":{"('0161-OVD-2002', 0)":"PROYECTO DE RESOLUCI\u00d3N"},"Iniciado en: ":{"('0161-OVD-2002', 0)":"Senado"},"Expediente Senado: ":{"('0161-OVD-2002', 0)":"0161-OVD-2002"},"Fecha: ":{"('0161-OVD-2002', 0)":"02\/09\/2003"},"T\u00edtulo":{"('0161-OVD-2002', 0)":"RESPUESTA REMITIDA POR LA JEFATURA DE GABINETE DE MINISTROS EN RELACION A LA RESOLUCION APROBADA POR LA H CAMARA (009-S-01) SOBRE LAS MEDIDAS ADOPTADAS PARA AJUSTAR LA EJECUCION DE LOS PROYECTOS FINANCIADOS POR ORGANISMOS INTERNACIONALES."},"('Firmantes', 'FIRMANTE')":{"('0161-OVD-2002', 0)":"PARLAMENTARIA MIXTA REVISORA DE CUENTAS"},"('Firmantes', 'DISTRITO')":{"('0161-OVD-2002', 0)":null},"('Firmantes', 'BLOQUE')":{"('0161-OVD-2002', 0)":null},"('Tramites', 'C\u00c1MARA')":{"('0161-OVD-2002', 0)":"Senado"},"('Tramites', 'MOVIMIENTO')":{"('0161-OVD-2002', 0)":"CONSIDERACION Y APROBACION (AL ARCHIVO)"},"('Tramites', 'FECHA')":{"('0161-OVD-2002', 0)":"17\/09\/2003"},"('Tramites', 'RESULTADO')":{"('0161-OVD-2002', 0)":"ARCHIVADO"},"Sumario":{"('0161-OVD-2002', 0)":"HABIENDO TOMADO CONOCIMIENTO Y SIN PERJUICIO DE ULTERIORES MEDIDAS QUE PUEDAN ADOPTARSE, SE ACONSEJA SU REMISION AL ARCHIVO."},"Palabra Clave":{"('0161-OVD-2002', 0)":" "}}