{"Tipo de Proyecto":{"('0162-OVD-2002', 0)":"PROYECTO DE RESOLUCI\u00d3N"},"Iniciado en: ":{"('0162-OVD-2002', 0)":"Senado"},"Expediente Senado: ":{"('0162-OVD-2002', 0)":"0162-OVD-2002"},"Fecha: ":{"('0162-OVD-2002', 0)":"22\/06\/2004"},"T\u00edtulo":{"('0162-OVD-2002', 0)":"DICTAMEN EN LA RESPUESTA REMITIDA POR LA JEFATURA DE GABINETE DE MINISTROS EN RELACION A LA RESOLUCION 0010-S-01 (0736-OV-95) APROBADA POR EL H CONGRESO NACIONAL REFERIDA A DEFICIENCIAS DETECTADAS EN LA GESTION INFORMATICA DEL BANCO CENTRAL DE LA REPUBLICA ARGENTINA."},"('Firmantes', 'FIRMANTE')":{"('0162-OVD-2002', 0)":"PARLAMENTARIA MIXTA REVISORA DE CUENTAS"},"('Firmantes', 'DISTRITO')":{"('0162-OVD-2002', 0)":null},"('Firmantes', 'BLOQUE')":{"('0162-OVD-2002', 0)":null},"('Tramites', 'C\u00c1MARA')":{"('0162-OVD-2002', 0)":"Senado"},"('Tramites', 'MOVIMIENTO')":{"('0162-OVD-2002', 0)":"CONSIDERACION Y APROBACION (AL ARCHIVO)"},"('Tramites', 'FECHA')":{"('0162-OVD-2002', 0)":"07\/07\/2004"},"('Tramites', 'RESULTADO')":{"('0162-OVD-2002', 0)":"ARCHIVADO"},"Sumario":{"('0162-OVD-2002', 0)":"HABIENDO TOMADO CONOCIMIENTO Y SIN PERJUICIO DE LAS ULTERIORES MEDIDAS QUE PUEDAN ADOPTARSE SE ACONSEJA SU REMISION AL ARCHIVO."},"Palabra Clave":{"('0162-OVD-2002', 0)":" "}}