{"Tipo de Proyecto":{"('0162-PE-2002', 0)":"MENSAJE NRO: 0038\/03","('0162-PE-2002', 1)":null,"('0162-PE-2002', 2)":null},"Iniciado en: ":{"('0162-PE-2002', 0)":"Diputados","('0162-PE-2002', 1)":null,"('0162-PE-2002', 2)":null},"Expediente Diputados: ":{"('0162-PE-2002', 0)":"0162-PE-2002","('0162-PE-2002', 1)":null,"('0162-PE-2002', 2)":null},"Publicado en: ":{"('0162-PE-2002', 0)":"Tr\u00e1mite Parlamentario N\u00b0 206","('0162-PE-2002', 1)":null,"('0162-PE-2002', 2)":null},"Fecha: ":{"('0162-PE-2002', 0)":"31\/01\/2003","('0162-PE-2002', 1)":null,"('0162-PE-2002', 2)":null},"T\u00edtulo":{"('0162-PE-2002', 0)":"COMUNICACION DEL DICTADO DEL DECRETO NUMERO 37\/03 SOBRE MODIFICACIONES EN LOS ARTICULOS 21 Y 23 DE LA LEY 22520, DE MINISTERIOS (TO POR EL DECRETO 438\/92 Y SUS MODIFICATORIAS). ","('0162-PE-2002', 1)":null,"('0162-PE-2002', 2)":null},"('Firmantes', 'FIRMANTE')":{"('0162-PE-2002', 0)":"DUHALDE, EDUARDO ALBERTO","('0162-PE-2002', 1)":"ATANASOF, ALFREDO NESTOR","('0162-PE-2002', 2)":"GONZALEZ GARCIA, GINES MARIO"},"('Firmantes', 'DISTRITO')":{"('0162-PE-2002', 0)":null,"('0162-PE-2002', 1)":null,"('0162-PE-2002', 2)":null},"('Firmantes', 'BLOQUE')":{"('0162-PE-2002', 0)":"PODER EJECUTIVO","('0162-PE-2002', 1)":"PODER EJECUTIVO","('0162-PE-2002', 2)":"PODER EJECUTIVO"},"('Giros', 'COMISI\u00d3N')":{"('0162-PE-2002', 0)":"BICAMERAL PERMANENTE DE TRAMITE LEGISLATIVO - LEY 26122","('0162-PE-2002', 1)":null,"('0162-PE-2002', 2)":null},"('Tramites', 'C\u00c1MARA')":{"('0162-PE-2002', 0)":"Diputados","('0162-PE-2002', 1)":"Diputados","('0162-PE-2002', 2)":null},"('Tramites', 'MOVIMIENTO')":{"('0162-PE-2002', 0)":"SOLICITUD DEL PRESIDENTE DE LA COMISION BICAMERAL PERMANENTE DE TRAMITE LEGISLATIVO (LEY 26122) DE REMISION DEL EXPEDIENTE PARA SU ANALISIS (A LA PRESIDENCIA)","('0162-PE-2002', 1)":"EXPEDIENTE ORIGINALMENTE GIRADO A LA COMISION DE ASUNTOS CONSTITUCIONALES; SE LO REMITE A LA COMISION BICAMERAL DE TRAMITE LEGISLATIVO (LEY 26122)","('0162-PE-2002', 2)":null},"('Tramites', 'FECHA')":{"('0162-PE-2002', 0)":"28\/03\/2007","('0162-PE-2002', 1)":null,"('0162-PE-2002', 2)":null},"('Tramites', 'RESULTADO')":{"('0162-PE-2002', 0)":null,"('0162-PE-2002', 1)":null,"('0162-PE-2002', 2)":null},"Palabra Clave":{"('0162-PE-2002', 0)":" ","('0162-PE-2002', 1)":null,"('0162-PE-2002', 2)":null}}