{"Tipo de Proyecto":{"('0163-S-2002', 0)":"PROYECTO DE RESOLUCI\u00d3N","('0163-S-2002', 1)":null,"('0163-S-2002', 2)":null,"('0163-S-2002', 3)":null},"Iniciado en: ":{"('0163-S-2002', 0)":"Senado","('0163-S-2002', 1)":null,"('0163-S-2002', 2)":null,"('0163-S-2002', 3)":null},"Expediente Diputados: ":{"('0163-S-2002', 0)":"0163-S-2002","('0163-S-2002', 1)":null,"('0163-S-2002', 2)":null,"('0163-S-2002', 3)":null},"Expediente Senado: ":{"('0163-S-2002', 0)":"0063-OV-2001","('0163-S-2002', 1)":null,"('0163-S-2002', 2)":null,"('0163-S-2002', 3)":null},"Fecha: ":{"('0163-S-2002', 0)":"01\/10\/2002","('0163-S-2002', 1)":null,"('0163-S-2002', 2)":null,"('0163-S-2002', 3)":null},"T\u00edtulo":{"('0163-S-2002', 0)":"DICTAMEN EN LA RESOLUCION REMITIDA POR LA AUDITORIA GENERAL DE LA NACION SOBRE LOS ESTADOS CONTABLES AL 31 DE DICIEMBRE DE 1999 EN EL AMBITO DE LA EMPRESA CONSTRUCCION DE VIVIENDA PARA LA ARMADA EMPRESA DEL ESTADO (COVIARA).","('0163-S-2002', 1)":null,"('0163-S-2002', 2)":null,"('0163-S-2002', 3)":null},"('Firmantes', 'FIRMANTE')":{"('0163-S-2002', 0)":"PARLAMENTARIA MIXTA REVISORA DE CUENTAS","('0163-S-2002', 1)":null,"('0163-S-2002', 2)":null,"('0163-S-2002', 3)":null},"('Firmantes', 'DISTRITO')":{"('0163-S-2002', 0)":null,"('0163-S-2002', 1)":null,"('0163-S-2002', 2)":null,"('0163-S-2002', 3)":null},"('Firmantes', 'BLOQUE')":{"('0163-S-2002', 0)":null,"('0163-S-2002', 1)":null,"('0163-S-2002', 2)":null,"('0163-S-2002', 3)":null},"('Giros', 'COMISI\u00d3N')":{"('0163-S-2002', 0)":"PARLAMENTARIA MIXTA REVISORA DE CUENTAS","('0163-S-2002', 1)":null,"('0163-S-2002', 2)":null,"('0163-S-2002', 3)":null},"('Tramites', 'C\u00c1MARA')":{"('0163-S-2002', 0)":"Senado","('0163-S-2002', 1)":"Diputados","('0163-S-2002', 2)":"Diputados","('0163-S-2002', 3)":"Diputados"},"('Tramites', 'MOVIMIENTO')":{"('0163-S-2002', 0)":"CONSIDERACION Y APROBACION","('0163-S-2002', 1)":"PASA A DIPUTADOS -","('0163-S-2002', 2)":"CONSIDERACION Y APROBACION","('0163-S-2002', 3)":"CONTESTACION DEL PODER EJECUTIVO NACIONAL - JEFE DE GABINETE DE MINISTROS - GIRADO A LA COMISION RESPECTIVA"},"('Tramites', 'FECHA')":{"('0163-S-2002', 0)":"23\/10\/2002","('0163-S-2002', 1)":null,"('0163-S-2002', 2)":"28\/11\/2002","('0163-S-2002', 3)":"16\/07\/2003"},"('Tramites', 'RESULTADO')":{"('0163-S-2002', 0)":"APROBADO","('0163-S-2002', 1)":null,"('0163-S-2002', 2)":"APROBADO","('0163-S-2002', 3)":null},"Sumario":{"('0163-S-2002', 0)":"SOLICITUD AL PODER EJECUTIVO NACIONAL PARA QUE INFORME SOBRE LAS MEDIDAS ADOPTADAS PARA REGULARIZAR LAS SITUACIONES OBSERVADAS.","('0163-S-2002', 1)":null,"('0163-S-2002', 2)":null,"('0163-S-2002', 3)":null},"Palabra Clave":{"('0163-S-2002', 0)":" ","('0163-S-2002', 1)":null,"('0163-S-2002', 2)":null,"('0163-S-2002', 3)":null}}