{"Tipo de Proyecto":{"('0165-S-2002', 0)":"PROYECTO DE RESOLUCI\u00d3N","('0165-S-2002', 1)":null,"('0165-S-2002', 2)":null,"('0165-S-2002', 3)":null},"Iniciado en: ":{"('0165-S-2002', 0)":"Senado","('0165-S-2002', 1)":null,"('0165-S-2002', 2)":null,"('0165-S-2002', 3)":null},"Expediente Diputados: ":{"('0165-S-2002', 0)":"0165-S-2002","('0165-S-2002', 1)":null,"('0165-S-2002', 2)":null,"('0165-S-2002', 3)":null},"Expediente Senado: ":{"('0165-S-2002', 0)":"0312-OV-2000","('0165-S-2002', 1)":null,"('0165-S-2002', 2)":null,"('0165-S-2002', 3)":null},"Fecha: ":{"('0165-S-2002', 0)":"04\/10\/2002","('0165-S-2002', 1)":null,"('0165-S-2002', 2)":null,"('0165-S-2002', 3)":null},"T\u00edtulo":{"('0165-S-2002', 0)":"DICTAMEN EN LA RESOLUCION REMITIDA POR LA AUDITORIA GENERAL DE LA NACION SOBRE LOS ESTADOS FINANCIEROS AL 31 DE DICIEMBRE DE 1999 DEL PROGRAMA DE RECONVERSION EMPRESARIAL PARA LAS EXPORTACIONES, CONVENIO DE PRESTAMO 3960-AR BIRF.","('0165-S-2002', 1)":null,"('0165-S-2002', 2)":null,"('0165-S-2002', 3)":null},"('Firmantes', 'FIRMANTE')":{"('0165-S-2002', 0)":"PARLAMENTARIA MIXTA REVISORA DE CUENTAS","('0165-S-2002', 1)":null,"('0165-S-2002', 2)":null,"('0165-S-2002', 3)":null},"('Firmantes', 'DISTRITO')":{"('0165-S-2002', 0)":null,"('0165-S-2002', 1)":null,"('0165-S-2002', 2)":null,"('0165-S-2002', 3)":null},"('Firmantes', 'BLOQUE')":{"('0165-S-2002', 0)":null,"('0165-S-2002', 1)":null,"('0165-S-2002', 2)":null,"('0165-S-2002', 3)":null},"('Giros', 'COMISI\u00d3N')":{"('0165-S-2002', 0)":"PARLAMENTARIA MIXTA REVISORA DE CUENTAS","('0165-S-2002', 1)":null,"('0165-S-2002', 2)":null,"('0165-S-2002', 3)":null},"('Tramites', 'C\u00c1MARA')":{"('0165-S-2002', 0)":"Senado","('0165-S-2002', 1)":"Diputados","('0165-S-2002', 2)":"Diputados","('0165-S-2002', 3)":"Diputados"},"('Tramites', 'MOVIMIENTO')":{"('0165-S-2002', 0)":"CONSIDERACION Y APROBACION","('0165-S-2002', 1)":"PASA A DIPUTADOS -","('0165-S-2002', 2)":"CONSIDERACION Y APROBACION","('0165-S-2002', 3)":"CONTESTACION DEL PODER EJECUTIVO NACIONAL - JEFE DE GABINETE DE MINISTROS - GIRADO A LA COMISION RESPECTIVA"},"('Tramites', 'FECHA')":{"('0165-S-2002', 0)":"23\/10\/2002","('0165-S-2002', 1)":null,"('0165-S-2002', 2)":"28\/11\/2002","('0165-S-2002', 3)":"13\/08\/2003"},"('Tramites', 'RESULTADO')":{"('0165-S-2002', 0)":"APROBADO","('0165-S-2002', 1)":null,"('0165-S-2002', 2)":"APROBADO","('0165-S-2002', 3)":null},"Sumario":{"('0165-S-2002', 0)":"SOLICITUD AL PODER EJECUTIVO NACIONAL PARA QUE INFORME SOBRE LAS OBSERVACIONES QUE EMERGEN COMO NO RESUELTAS EN EL INFORME DE REFERENCIA Y SOBRE LOS RESULTADOS OBTENIDOS MEDIANTE LA LA APLICACION DE LOS FONDOS DEL PRESTAMO.","('0165-S-2002', 1)":null,"('0165-S-2002', 2)":null,"('0165-S-2002', 3)":null},"Palabra Clave":{"('0165-S-2002', 0)":" ","('0165-S-2002', 1)":null,"('0165-S-2002', 2)":null,"('0165-S-2002', 3)":null}}