{"Tipo de Proyecto":{"('0166-S-2002', 0)":"PROYECTO DE RESOLUCI\u00d3N","('0166-S-2002', 1)":null,"('0166-S-2002', 2)":null,"('0166-S-2002', 3)":null},"Iniciado en: ":{"('0166-S-2002', 0)":"Senado","('0166-S-2002', 1)":null,"('0166-S-2002', 2)":null,"('0166-S-2002', 3)":null},"Expediente Diputados: ":{"('0166-S-2002', 0)":"0166-S-2002","('0166-S-2002', 1)":null,"('0166-S-2002', 2)":null,"('0166-S-2002', 3)":null},"Expediente Senado: ":{"('0166-S-2002', 0)":"0128-OV-2001","('0166-S-2002', 1)":null,"('0166-S-2002', 2)":null,"('0166-S-2002', 3)":null},"Fecha: ":{"('0166-S-2002', 0)":"04\/10\/2002","('0166-S-2002', 1)":null,"('0166-S-2002', 2)":null,"('0166-S-2002', 3)":null},"T\u00edtulo":{"('0166-S-2002', 0)":"DICTAMEN EN LA RESOLUCION REMITIDA POR LA AUDITORIA GENERAL DE LA NACION SOBRE BONOS DEL GOBIERNO NACIONAL A TASA VARIABLE CON VENCIMIENTO 2001 EN PESOS Y EN DOLARES ESTADOUNIDENSES DENOMINADOS BGON 1 Y BGOD 1.","('0166-S-2002', 1)":null,"('0166-S-2002', 2)":null,"('0166-S-2002', 3)":null},"('Firmantes', 'FIRMANTE')":{"('0166-S-2002', 0)":"PARLAMENTARIA MIXTA REVISORA DE CUENTAS","('0166-S-2002', 1)":null,"('0166-S-2002', 2)":null,"('0166-S-2002', 3)":null},"('Firmantes', 'DISTRITO')":{"('0166-S-2002', 0)":null,"('0166-S-2002', 1)":null,"('0166-S-2002', 2)":null,"('0166-S-2002', 3)":null},"('Firmantes', 'BLOQUE')":{"('0166-S-2002', 0)":null,"('0166-S-2002', 1)":null,"('0166-S-2002', 2)":null,"('0166-S-2002', 3)":null},"('Giros', 'COMISI\u00d3N')":{"('0166-S-2002', 0)":"PARLAMENTARIA MIXTA REVISORA DE CUENTAS","('0166-S-2002', 1)":null,"('0166-S-2002', 2)":null,"('0166-S-2002', 3)":null},"('Tramites', 'C\u00c1MARA')":{"('0166-S-2002', 0)":"Senado","('0166-S-2002', 1)":"Diputados","('0166-S-2002', 2)":"Diputados","('0166-S-2002', 3)":"Diputados"},"('Tramites', 'MOVIMIENTO')":{"('0166-S-2002', 0)":"CONSIDERACION Y APROBACION","('0166-S-2002', 1)":"PASA A DIPUTADOS -","('0166-S-2002', 2)":"CONSIDERACION Y APROBACION","('0166-S-2002', 3)":"CONTESTACION DEL PODER EJECUTIVO NACIONAL - JEFE DE GABINETE DE MINISTROS - GIRADO A LA COMISION RESPECTIVA"},"('Tramites', 'FECHA')":{"('0166-S-2002', 0)":"23\/10\/2002","('0166-S-2002', 1)":null,"('0166-S-2002', 2)":"28\/11\/2002","('0166-S-2002', 3)":"17\/12\/2003"},"('Tramites', 'RESULTADO')":{"('0166-S-2002', 0)":"APROBADO","('0166-S-2002', 1)":null,"('0166-S-2002', 2)":"APROBADO","('0166-S-2002', 3)":null},"Sumario":{"('0166-S-2002', 0)":"SOLICITUD AL PODER EJECUTIVO NACIONAL PARA QUE INFORME SOBRE LAS MEDIDAS ADOPTADAS EN FUNCION DE LAS OBSERVACIONES EFECTUADAS.","('0166-S-2002', 1)":null,"('0166-S-2002', 2)":null,"('0166-S-2002', 3)":null},"Palabra Clave":{"('0166-S-2002', 0)":" ","('0166-S-2002', 1)":null,"('0166-S-2002', 2)":null,"('0166-S-2002', 3)":null}}