{"Tipo de Proyecto":{"('0168-S-2002', 0)":"PROYECTO DE RESOLUCI\u00d3N","('0168-S-2002', 1)":null,"('0168-S-2002', 2)":null},"Iniciado en: ":{"('0168-S-2002', 0)":"Senado","('0168-S-2002', 1)":null,"('0168-S-2002', 2)":null},"Expediente Diputados: ":{"('0168-S-2002', 0)":"0168-S-2002","('0168-S-2002', 1)":null,"('0168-S-2002', 2)":null},"Expediente Senado: ":{"('0168-S-2002', 0)":"0319-OV-2000","('0168-S-2002', 1)":null,"('0168-S-2002', 2)":null},"Fecha: ":{"('0168-S-2002', 0)":"04\/10\/2002","('0168-S-2002', 1)":null,"('0168-S-2002', 2)":null},"T\u00edtulo":{"('0168-S-2002', 0)":"DICTAMEN EN LAS RESOLUCIONES REMITIDAS POR LA AUDITORIA GENERAL DE LA NACION SOBRE LOS ESTADOS FINANCIEROS AL 31 DE DICIEMBRE DE 1999 (0319-OV-00) Y 31 DE DICIEMBRE DE 2000 (0484-OV-01) DEL PROYECTO DE REFORMA DEL SECTOR SALUD (PRESSAL), CONVENIO DE PRESTAMO 3931-AR BIRF.\n","('0168-S-2002', 1)":null,"('0168-S-2002', 2)":null},"('Firmantes', 'FIRMANTE')":{"('0168-S-2002', 0)":"PARLAMENTARIA MIXTA REVISORA DE CUENTAS","('0168-S-2002', 1)":null,"('0168-S-2002', 2)":null},"('Firmantes', 'DISTRITO')":{"('0168-S-2002', 0)":null,"('0168-S-2002', 1)":null,"('0168-S-2002', 2)":null},"('Firmantes', 'BLOQUE')":{"('0168-S-2002', 0)":null,"('0168-S-2002', 1)":null,"('0168-S-2002', 2)":null},"('Giros', 'COMISI\u00d3N')":{"('0168-S-2002', 0)":"PARLAMENTARIA MIXTA REVISORA DE CUENTAS","('0168-S-2002', 1)":null,"('0168-S-2002', 2)":null},"('Tramites', 'C\u00c1MARA')":{"('0168-S-2002', 0)":"Senado","('0168-S-2002', 1)":"Diputados","('0168-S-2002', 2)":"Diputados"},"('Tramites', 'MOVIMIENTO')":{"('0168-S-2002', 0)":"CONSIDERACION Y APROBACION","('0168-S-2002', 1)":"PASA A DIPUTADOS -","('0168-S-2002', 2)":"CONSIDERACION Y APROBACION"},"('Tramites', 'FECHA')":{"('0168-S-2002', 0)":"23\/10\/2002","('0168-S-2002', 1)":null,"('0168-S-2002', 2)":"28\/11\/2002"},"('Tramites', 'RESULTADO')":{"('0168-S-2002', 0)":"APROBADO","('0168-S-2002', 1)":null,"('0168-S-2002', 2)":"APROBADO"},"Sumario":{"('0168-S-2002', 0)":"SOLICITUD AL PODER EJECUTIVO NACIONAL PARA QUE INFORME SOBRE LAS MEDIDAS ADOPTADAS PARA ADECUAR LAS SITUACIONES OBSERVADAS, DETERMINAR EL PERJUICIO FISCAL QUE PUDIERA HABERSE PRODUCIDO Y DETERMINAR Y EFECTIVIZAR LAS RESPONSABILIDADES CORRESPONDIENTES.","('0168-S-2002', 1)":null,"('0168-S-2002', 2)":null},"Palabra Clave":{"('0168-S-2002', 0)":" ","('0168-S-2002', 1)":null,"('0168-S-2002', 2)":null}}