{"Tipo de Proyecto":{"('0169-S-2002', 0)":"COMUNICACION","('0169-S-2002', 1)":null},"Iniciado en: ":{"('0169-S-2002', 0)":"Senado","('0169-S-2002', 1)":null},"Expediente Senado: ":{"('0169-S-2002', 0)":"0169-S-2002","('0169-S-2002', 1)":null},"Publicado en: ":{"('0169-S-2002', 0)":"Diario de Asuntos Entrados N\u00b0 26","('0169-S-2002', 1)":null},"Fecha: ":{"('0169-S-2002', 0)":"14\/03\/2002","('0169-S-2002', 1)":null},"T\u00edtulo":{"('0169-S-2002', 0)":"NO IMPLEMENTAR UN SEGURO DE CAMBIO PARA LAS DEUDAS CONTRAIDAS EN DIVISAS CON ENTIDADES DEL EXTERIOR, POR EL SECTOR PRIVADO FINANCIERO Y NO FINANCIERO; Y ABSTENERSE ADEMAS DE IMPLEMENTAR UN SISTEMA DE CONVERSION PARA DICHAS DEUDAS A UNA PARIDAD INFERIOR A LA FIJADA POR EL MERCADO LIBRE DE CAMBIOS.","('0169-S-2002', 1)":null},"('Firmantes', 'FIRMANTE')":{"('0169-S-2002', 0)":"GIOJA, JOSE LUIS","('0169-S-2002', 1)":"ALPEROVICH, JOSE JORGE"},"('Firmantes', 'DISTRITO')":{"('0169-S-2002', 0)":"SAN JUAN","('0169-S-2002', 1)":"TUCUMAN"},"('Firmantes', 'BLOQUE')":{"('0169-S-2002', 0)":"JUSTICIALISTA","('0169-S-2002', 1)":"JUSTICIALISTA"},"Sumario":{"('0169-S-2002', 0)":"SOLICITUD AL PODER EJECUTIVO NACIONAL.","('0169-S-2002', 1)":null},"Palabra Clave":{"('0169-S-2002', 0)":" ","('0169-S-2002', 1)":null}}