{"Tipo de Proyecto":{"('0169-PE-2002', 0)":"MENSAJE NRO: 0060\/03","('0169-PE-2002', 1)":null,"('0169-PE-2002', 2)":null},"Iniciado en: ":{"('0169-PE-2002', 0)":"Diputados","('0169-PE-2002', 1)":null,"('0169-PE-2002', 2)":null},"Expediente Diputados: ":{"('0169-PE-2002', 0)":"0169-PE-2002","('0169-PE-2002', 1)":null,"('0169-PE-2002', 2)":null},"Publicado en: ":{"('0169-PE-2002', 0)":"Tr\u00e1mite Parlamentario N\u00b0 206","('0169-PE-2002', 1)":null,"('0169-PE-2002', 2)":null},"Fecha: ":{"('0169-PE-2002', 0)":"31\/01\/2003","('0169-PE-2002', 1)":null,"('0169-PE-2002', 2)":null},"T\u00edtulo":{"('0169-PE-2002', 0)":"DECRETO 59\/03, POR EL QUE SE PRORROGA HASTA EL 31 DE MAYO DE 2003 LA VIGENCIA DEL DECRETO 23\/01, CON LOS ALCANCES DEL DECRETO 172\/02, QUE ESTABLECE LAS RETRIBUCIONES DEL PRESIDENTE DE LA NACION Y DE LOS FUNCIONARIOS Y AGENTES DE LA ADMINISTRACION PUBLICA NACIONAL.","('0169-PE-2002', 1)":null,"('0169-PE-2002', 2)":null},"('Firmantes', 'FIRMANTE')":{"('0169-PE-2002', 0)":"DUHALDE, EDUARDO ALBERTO","('0169-PE-2002', 1)":"ATANASOF, ALFREDO NESTOR","('0169-PE-2002', 2)":"MATZKIN, JORGE RUBEN"},"('Firmantes', 'DISTRITO')":{"('0169-PE-2002', 0)":null,"('0169-PE-2002', 1)":null,"('0169-PE-2002', 2)":null},"('Firmantes', 'BLOQUE')":{"('0169-PE-2002', 0)":"PODER EJECUTIVO","('0169-PE-2002', 1)":"PODER EJECUTIVO","('0169-PE-2002', 2)":"PODER EJECUTIVO"},"('Giros', 'COMISI\u00d3N')":{"('0169-PE-2002', 0)":"BICAMERAL PERMANENTE DE TRAMITE LEGISLATIVO - LEY 26122","('0169-PE-2002', 1)":null,"('0169-PE-2002', 2)":null},"('Tramites', 'C\u00c1MARA')":{"('0169-PE-2002', 0)":"Diputados","('0169-PE-2002', 1)":"Diputados","('0169-PE-2002', 2)":null},"('Tramites', 'MOVIMIENTO')":{"('0169-PE-2002', 0)":"SOLICITUD DEL PRESIDENTE DE LA COMISION BICAMERAL PERMANENTE DE TRAMITE LEGISLATIVO (LEY 26122) DE REMISION DEL EXPEDIENTE PARA SU ANALISIS (A LA PRESIDENCIA)","('0169-PE-2002', 1)":"EXPEDIENTE ORIGINALMENTE GIRADO A LA COMISION BICAMERAL DE SEGUIMIENTO DE FACULTADES DELEGADAS AL PODER EJECUTIVO NACIONAL - LEY 25561; SE LO REMITE A LA COMISION BICAMERAL DE TRAMITE LEGISLATIVO (LEY 26122)","('0169-PE-2002', 2)":null},"('Tramites', 'FECHA')":{"('0169-PE-2002', 0)":"25\/04\/2007","('0169-PE-2002', 1)":null,"('0169-PE-2002', 2)":null},"('Tramites', 'RESULTADO')":{"('0169-PE-2002', 0)":null,"('0169-PE-2002', 1)":null,"('0169-PE-2002', 2)":null},"Sumario":{"('0169-PE-2002', 0)":"COMUNICACION DEL DICTADO DEL MISMO.","('0169-PE-2002', 1)":null,"('0169-PE-2002', 2)":null},"Palabra Clave":{"('0169-PE-2002', 0)":" ","('0169-PE-2002', 1)":null,"('0169-PE-2002', 2)":null}}