{"Tipo de Proyecto":{"('0169-OVD-2002', 0)":"PROYECTO DE RESOLUCI\u00d3N"},"Iniciado en: ":{"('0169-OVD-2002', 0)":"Senado"},"Expediente Senado: ":{"('0169-OVD-2002', 0)":"0169-OVD-2002"},"Fecha: ":{"('0169-OVD-2002', 0)":"17\/11\/2003"},"T\u00edtulo":{"('0169-OVD-2002', 0)":"RESPUESTA REMITIDA POR LA JEFATURA DE GABINETE DE MINISTROS EN RELACION A LA RESOLUCION APROBADA POR LA H. CAMARA (0186-S-01), SOBRE LA NECESIDAD DE ADOPTAR LAS MEDIDAS NECESARIAS A LA REGULARIZACION DE LAS GRAVES SITUACIONES OBSERVADAS POR LA AUDITORIA GENERAL DE LA NACION CON MOTIVO DE SU EXAMEN SOBRE LOS ESTADOS FINANCIERAS DEL PROGRAMA DE CORREDORES VIALES NACIONALES, CONVENIO DE PRESTAMO 795\/OC-AR - BANCO INTERAMERICANO DE DESARROLLO.\n"},"('Firmantes', 'FIRMANTE')":{"('0169-OVD-2002', 0)":"PARLAMENTARIA MIXTA REVISORA DE CUENTAS"},"('Firmantes', 'DISTRITO')":{"('0169-OVD-2002', 0)":null},"('Firmantes', 'BLOQUE')":{"('0169-OVD-2002', 0)":null},"('Tramites', 'C\u00c1MARA')":{"('0169-OVD-2002', 0)":"Senado"},"('Tramites', 'MOVIMIENTO')":{"('0169-OVD-2002', 0)":"CONSIDERACION Y APROBACION"},"('Tramites', 'FECHA')":{"('0169-OVD-2002', 0)":"04\/12\/2003"},"('Tramites', 'RESULTADO')":{"('0169-OVD-2002', 0)":"APROBADO"},"Sumario":{"('0169-OVD-2002', 0)":"HABIENDO TOMADO CONOCIMIENTO Y SIN PERJUICIO DE ULTERIORES MEDIDAS QUE PUEDAN ADOPTARSE, SE ACONSEJA SU REMISION AL ARCHIVO."},"Palabra Clave":{"('0169-OVD-2002', 0)":" "}}