{"Tipo de Proyecto":{"('0170-PE-2002', 0)":"MENSAJE NRO: 2738\/02","('0170-PE-2002', 1)":null,"('0170-PE-2002', 2)":null},"Iniciado en: ":{"('0170-PE-2002', 0)":"Diputados","('0170-PE-2002', 1)":null,"('0170-PE-2002', 2)":null},"Expediente Diputados: ":{"('0170-PE-2002', 0)":"0170-PE-2002","('0170-PE-2002', 1)":null,"('0170-PE-2002', 2)":null},"Expediente Senado: ":{"('0170-PE-2002', 0)":"4482-S-2004","('0170-PE-2002', 1)":null,"('0170-PE-2002', 2)":null},"Publicado en: ":{"('0170-PE-2002', 0)":"Tr\u00e1mite Parlamentario N\u00b0 206","('0170-PE-2002', 1)":null,"('0170-PE-2002', 2)":null},"Fecha: ":{"('0170-PE-2002', 0)":"31\/01\/2003","('0170-PE-2002', 1)":null,"('0170-PE-2002', 2)":null},"T\u00edtulo":{"('0170-PE-2002', 0)":"DECRETO 2737\/02, POR EL CUAL SE ESTABLECEN MODIFICACIONES AL PRESUPUESTO DE LA ADMINISTRACION PUBLICA NACIONAL PARA EL EJERCICIO 2002.","('0170-PE-2002', 1)":null,"('0170-PE-2002', 2)":null},"('Firmantes', 'FIRMANTE')":{"('0170-PE-2002', 0)":"DUHALDE, EDUARDO ALBERTO","('0170-PE-2002', 1)":"LAVAGNA, ROBERTO","('0170-PE-2002', 2)":"ATANASOF, ALFREDO NESTOR"},"('Firmantes', 'DISTRITO')":{"('0170-PE-2002', 0)":null,"('0170-PE-2002', 1)":null,"('0170-PE-2002', 2)":null},"('Firmantes', 'BLOQUE')":{"('0170-PE-2002', 0)":"PODER EJECUTIVO","('0170-PE-2002', 1)":"PODER EJECUTIVO","('0170-PE-2002', 2)":"PODER EJECUTIVO"},"('Giros', 'COMISI\u00d3N')":{"('0170-PE-2002', 0)":"BICAMERAL DE SEGUIMIENTO DE FACULTADES DELEGADAS AL PODER EJECUTIVO NACIONAL - LEY 25561","('0170-PE-2002', 1)":null,"('0170-PE-2002', 2)":null},"('Tramites', 'C\u00c1MARA')":{"('0170-PE-2002', 0)":"Senado","('0170-PE-2002', 1)":"Diputados","('0170-PE-2002', 2)":null},"('Tramites', 'MOVIMIENTO')":{"('0170-PE-2002', 0)":"CONSIDERACION Y APROBACION","('0170-PE-2002', 1)":"PASA A DIPUTADOS -","('0170-PE-2002', 2)":null},"('Tramites', 'FECHA')":{"('0170-PE-2002', 0)":"10\/05\/2006","('0170-PE-2002', 1)":null,"('0170-PE-2002', 2)":null},"('Tramites', 'RESULTADO')":{"('0170-PE-2002', 0)":"APROBADO","('0170-PE-2002', 1)":null,"('0170-PE-2002', 2)":null},"Sumario":{"('0170-PE-2002', 0)":"COMUNICACION DEL DICTADO DEL MISMO.","('0170-PE-2002', 1)":null,"('0170-PE-2002', 2)":null},"Palabra Clave":{"('0170-PE-2002', 0)":" ","('0170-PE-2002', 1)":null,"('0170-PE-2002', 2)":null}}