{"Tipo de Proyecto":{"('0170-S-2002', 0)":"PROYECTO DE DECLARACI\u00d3N","('0170-S-2002', 1)":null},"Iniciado en: ":{"('0170-S-2002', 0)":"Senado","('0170-S-2002', 1)":null},"Expediente Senado: ":{"('0170-S-2002', 0)":"0170-S-2002","('0170-S-2002', 1)":null},"Publicado en: ":{"('0170-S-2002', 0)":"Diario de Asuntos Entrados N\u00b0 26","('0170-S-2002', 1)":null},"Fecha: ":{"('0170-S-2002', 0)":"14\/03\/2002","('0170-S-2002', 1)":null},"T\u00edtulo":{"('0170-S-2002', 0)":"DAR CUMPLIMIENTO CON LAS DEMANDAS DEL EMPRESARIADO DE LA PROVINCIA DEL CHACO ACERCA DE OBTENER BENEFICIOS FISCALES.","('0170-S-2002', 1)":null},"('Firmantes', 'FIRMANTE')":{"('0170-S-2002', 0)":"CURLETTI, MIRIAM BELEN","('0170-S-2002', 1)":"MORO, EDUARDO ANIBAL"},"('Firmantes', 'DISTRITO')":{"('0170-S-2002', 0)":"CHACO","('0170-S-2002', 1)":"CHACO"},"('Firmantes', 'BLOQUE')":{"('0170-S-2002', 0)":"UCR","('0170-S-2002', 1)":"UCR"},"Sumario":{"('0170-S-2002', 0)":"SOLICITUD AL PODER EJECUTIVO NACIONAL.","('0170-S-2002', 1)":null},"Palabra Clave":{"('0170-S-2002', 0)":" ","('0170-S-2002', 1)":null}}