{"Tipo de Proyecto":{"('0171-PE-2002', 0)":"MENSAJE NRO: 0071\/03","('0171-PE-2002', 1)":null,"('0171-PE-2002', 2)":null},"Iniciado en: ":{"('0171-PE-2002', 0)":"Diputados","('0171-PE-2002', 1)":null,"('0171-PE-2002', 2)":null},"Expediente Diputados: ":{"('0171-PE-2002', 0)":"0171-PE-2002","('0171-PE-2002', 1)":null,"('0171-PE-2002', 2)":null},"Publicado en: ":{"('0171-PE-2002', 0)":"Tr\u00e1mite Parlamentario N\u00b0 206","('0171-PE-2002', 1)":null,"('0171-PE-2002', 2)":null},"Fecha: ":{"('0171-PE-2002', 0)":"31\/01\/2003","('0171-PE-2002', 1)":null,"('0171-PE-2002', 2)":null},"T\u00edtulo":{"('0171-PE-2002', 0)":"DECRETO 70\/03, SOBRE DEROGACION DE LOS INCISOS h) Y l) DEL ARTICULO 1\u00ba DEL DECRETO 410\/02, MODIFICADO POR EL DECRETO 53\/03.","('0171-PE-2002', 1)":null,"('0171-PE-2002', 2)":null},"('Firmantes', 'FIRMANTE')":{"('0171-PE-2002', 0)":"DUHALDE, EDUARDO ALBERTO","('0171-PE-2002', 1)":"ATANASOF, ALFREDO NESTOR","('0171-PE-2002', 2)":"MATZKIN, JORGE RUBEN"},"('Firmantes', 'DISTRITO')":{"('0171-PE-2002', 0)":null,"('0171-PE-2002', 1)":null,"('0171-PE-2002', 2)":null},"('Firmantes', 'BLOQUE')":{"('0171-PE-2002', 0)":"PODER EJECUTIVO","('0171-PE-2002', 1)":"PODER EJECUTIVO","('0171-PE-2002', 2)":"PODER EJECUTIVO"},"('Giros', 'COMISI\u00d3N')":{"('0171-PE-2002', 0)":"BICAMERAL DE SEGUIMIENTO DE FACULTADES DELEGADAS AL PODER EJECUTIVO NACIONAL - LEY 25561","('0171-PE-2002', 1)":null,"('0171-PE-2002', 2)":null},"Sumario":{"('0171-PE-2002', 0)":"COMUNICACION DEL DICTADO DEL MISMO.","('0171-PE-2002', 1)":null,"('0171-PE-2002', 2)":null},"Palabra Clave":{"('0171-PE-2002', 0)":" ","('0171-PE-2002', 1)":null,"('0171-PE-2002', 2)":null}}