{"Tipo de Proyecto":{"('0172-PE-2002', 0)":"MENSAJE NRO: 0081\/03","('0172-PE-2002', 1)":null,"('0172-PE-2002', 2)":null},"Iniciado en: ":{"('0172-PE-2002', 0)":"Diputados","('0172-PE-2002', 1)":null,"('0172-PE-2002', 2)":null},"Expediente Diputados: ":{"('0172-PE-2002', 0)":"0172-PE-2002","('0172-PE-2002', 1)":null,"('0172-PE-2002', 2)":null},"Publicado en: ":{"('0172-PE-2002', 0)":"Tr\u00e1mite Parlamentario N\u00b0 206","('0172-PE-2002', 1)":null,"('0172-PE-2002', 2)":null},"Fecha: ":{"('0172-PE-2002', 0)":"31\/01\/2003","('0172-PE-2002', 1)":null,"('0172-PE-2002', 2)":null},"T\u00edtulo":{"('0172-PE-2002', 0)":"DECRETO 80\/03  POR EL  QUE SE OBSERVA PARCIALMENTE Y SE DEVUELVE  EL PROYECTO DE LEY 25719 POR EL CUAL  SE CREA UN IMPUESTO A APLICARSE A LAS TRANSFERENCIAS DE LETRAS DE CANCELACION DE OBLIGACIONES PROVINCIALES (LECOP) Y DE LETRAS DE TESORERIA PARA LA CANCELACION (PATACON) EMITIDAS POR LA PROVINCIA DE BUENOS AIRES. ","('0172-PE-2002', 1)":null,"('0172-PE-2002', 2)":null},"('Firmantes', 'FIRMANTE')":{"('0172-PE-2002', 0)":"DUHALDE, EDUARDO ALBERTO","('0172-PE-2002', 1)":"MATZKIN, JORGE RUBEN","('0172-PE-2002', 2)":"LAVAGNA, ROBERTO"},"('Firmantes', 'DISTRITO')":{"('0172-PE-2002', 0)":null,"('0172-PE-2002', 1)":null,"('0172-PE-2002', 2)":null},"('Firmantes', 'BLOQUE')":{"('0172-PE-2002', 0)":"PODER EJECUTIVO","('0172-PE-2002', 1)":"PODER EJECUTIVO","('0172-PE-2002', 2)":"PODER EJECUTIVO"},"('Giros', 'COMISI\u00d3N')":{"('0172-PE-2002', 0)":"PRESUPUESTO Y HACIENDA","('0172-PE-2002', 1)":null,"('0172-PE-2002', 2)":null},"Sumario":{"('0172-PE-2002', 0)":"COMUNICACION DEL DICTADO DEL MISMO.","('0172-PE-2002', 1)":null,"('0172-PE-2002', 2)":null},"Palabra Clave":{"('0172-PE-2002', 0)":" ","('0172-PE-2002', 1)":null,"('0172-PE-2002', 2)":null}}