{"Tipo de Proyecto":{"('0172-S-2002', 0)":"PROYECTO DE LEY","('0172-S-2002', 1)":null,"('0172-S-2002', 2)":null,"('0172-S-2002', 3)":null,"('0172-S-2002', 4)":null,"('0172-S-2002', 5)":null,"('0172-S-2002', 6)":null,"('0172-S-2002', 7)":null,"('0172-S-2002', 8)":null,"('0172-S-2002', 9)":null,"('0172-S-2002', 10)":null,"('0172-S-2002', 11)":null,"('0172-S-2002', 12)":null,"('0172-S-2002', 13)":null,"('0172-S-2002', 14)":null,"('0172-S-2002', 15)":null,"('0172-S-2002', 16)":null,"('0172-S-2002', 17)":null,"('0172-S-2002', 18)":null,"('0172-S-2002', 19)":null,"('0172-S-2002', 20)":null},"Iniciado en: ":{"('0172-S-2002', 0)":"Senado","('0172-S-2002', 1)":null,"('0172-S-2002', 2)":null,"('0172-S-2002', 3)":null,"('0172-S-2002', 4)":null,"('0172-S-2002', 5)":null,"('0172-S-2002', 6)":null,"('0172-S-2002', 7)":null,"('0172-S-2002', 8)":null,"('0172-S-2002', 9)":null,"('0172-S-2002', 10)":null,"('0172-S-2002', 11)":null,"('0172-S-2002', 12)":null,"('0172-S-2002', 13)":null,"('0172-S-2002', 14)":null,"('0172-S-2002', 15)":null,"('0172-S-2002', 16)":null,"('0172-S-2002', 17)":null,"('0172-S-2002', 18)":null,"('0172-S-2002', 19)":null,"('0172-S-2002', 20)":null},"Expediente Diputados: ":{"('0172-S-2002', 0)":"0172-S-2002","('0172-S-2002', 1)":null,"('0172-S-2002', 2)":null,"('0172-S-2002', 3)":null,"('0172-S-2002', 4)":null,"('0172-S-2002', 5)":null,"('0172-S-2002', 6)":null,"('0172-S-2002', 7)":null,"('0172-S-2002', 8)":null,"('0172-S-2002', 9)":null,"('0172-S-2002', 10)":null,"('0172-S-2002', 11)":null,"('0172-S-2002', 12)":null,"('0172-S-2002', 13)":null,"('0172-S-2002', 14)":null,"('0172-S-2002', 15)":null,"('0172-S-2002', 16)":null,"('0172-S-2002', 17)":null,"('0172-S-2002', 18)":null,"('0172-S-2002', 19)":null,"('0172-S-2002', 20)":null},"Expediente Senado: ":{"('0172-S-2002', 0)":"1456-S-2002","('0172-S-2002', 1)":null,"('0172-S-2002', 2)":null,"('0172-S-2002', 3)":null,"('0172-S-2002', 4)":null,"('0172-S-2002', 5)":null,"('0172-S-2002', 6)":null,"('0172-S-2002', 7)":null,"('0172-S-2002', 8)":null,"('0172-S-2002', 9)":null,"('0172-S-2002', 10)":null,"('0172-S-2002', 11)":null,"('0172-S-2002', 12)":null,"('0172-S-2002', 13)":null,"('0172-S-2002', 14)":null,"('0172-S-2002', 15)":null,"('0172-S-2002', 16)":null,"('0172-S-2002', 17)":null,"('0172-S-2002', 18)":null,"('0172-S-2002', 19)":null,"('0172-S-2002', 20)":null},"Publicado en: ":{"('0172-S-2002', 0)":"Diario de Asuntos Entrados N\u00b0 164","('0172-S-2002', 1)":null,"('0172-S-2002', 2)":null,"('0172-S-2002', 3)":null,"('0172-S-2002', 4)":null,"('0172-S-2002', 5)":null,"('0172-S-2002', 6)":null,"('0172-S-2002', 7)":null,"('0172-S-2002', 8)":null,"('0172-S-2002', 9)":null,"('0172-S-2002', 10)":null,"('0172-S-2002', 11)":null,"('0172-S-2002', 12)":null,"('0172-S-2002', 13)":null,"('0172-S-2002', 14)":null,"('0172-S-2002', 15)":null,"('0172-S-2002', 16)":null,"('0172-S-2002', 17)":null,"('0172-S-2002', 18)":null,"('0172-S-2002', 19)":null,"('0172-S-2002', 20)":null},"Fecha: ":{"('0172-S-2002', 0)":"04\/07\/2002","('0172-S-2002', 1)":null,"('0172-S-2002', 2)":null,"('0172-S-2002', 3)":null,"('0172-S-2002', 4)":null,"('0172-S-2002', 5)":null,"('0172-S-2002', 6)":null,"('0172-S-2002', 7)":null,"('0172-S-2002', 8)":null,"('0172-S-2002', 9)":null,"('0172-S-2002', 10)":null,"('0172-S-2002', 11)":null,"('0172-S-2002', 12)":null,"('0172-S-2002', 13)":null,"('0172-S-2002', 14)":null,"('0172-S-2002', 15)":null,"('0172-S-2002', 16)":null,"('0172-S-2002', 17)":null,"('0172-S-2002', 18)":null,"('0172-S-2002', 19)":null,"('0172-S-2002', 20)":null},"T\u00edtulo":{"('0172-S-2002', 0)":"CREACION EN EL AMBITO DEL CONGRESO DE LA NACION DE UNA COMISION BICAMERAL PARLAMENTARIA INVESTIGADORA DEL CUMPLIMIENTO DE LA LEY DEL CHEQUE (LEY 24452, MODIFICADA POR LEY 24760) EN CUANTO ESTABLECE LA INTEGRACION DE UN FONDO DE FINANCIAMIENTO DEL PROGRAMA PARA PERSONAS CON DISCAPACIDAD.","('0172-S-2002', 1)":null,"('0172-S-2002', 2)":null,"('0172-S-2002', 3)":null,"('0172-S-2002', 4)":null,"('0172-S-2002', 5)":null,"('0172-S-2002', 6)":null,"('0172-S-2002', 7)":null,"('0172-S-2002', 8)":null,"('0172-S-2002', 9)":null,"('0172-S-2002', 10)":null,"('0172-S-2002', 11)":null,"('0172-S-2002', 12)":null,"('0172-S-2002', 13)":null,"('0172-S-2002', 14)":null,"('0172-S-2002', 15)":null,"('0172-S-2002', 16)":null,"('0172-S-2002', 17)":null,"('0172-S-2002', 18)":null,"('0172-S-2002', 19)":null,"('0172-S-2002', 20)":null},"('Firmantes', 'FIRMANTE')":{"('0172-S-2002', 0)":"RASO, MARTA ETHEL","('0172-S-2002', 1)":"PERCEVAL, MARIA CRISTINA","('0172-S-2002', 2)":"ISIDORI, AMANDA","('0172-S-2002', 3)":"PAZ, ELVA AZUCENA","('0172-S-2002', 4)":"CURLETTI, MIRIAM BELEN","('0172-S-2002', 5)":"TAFFAREL, RICARDO CESAR","('0172-S-2002', 6)":"LATORRE, ROXANA","('0172-S-2002', 7)":"ZAVALIA, JOSE LUIS","('0172-S-2002', 8)":"FALCO, LUIS ALBERTO","('0172-S-2002', 9)":"PRADES, CARLOS","('0172-S-2002', 10)":"COLAZO, MARIO JORGE","('0172-S-2002', 11)":"MORO, EDUARDO ANIBAL","('0172-S-2002', 12)":"CASTRO, MARIA ELISA","('0172-S-2002', 13)":"MAESTRO, CARLOS","('0172-S-2002', 14)":"MORALES, GERARDO RUBEN","('0172-S-2002', 15)":"ARANCIO, MONICA","('0172-S-2002', 16)":"LESCANO, MARCELA FABIANA","('0172-S-2002', 17)":"CONTI, DIANA BEATRIZ","('0172-S-2002', 18)":"CHIAPPE, LAZARO ALBERTO","('0172-S-2002', 19)":"COLOMBO, MARIA TERESITA","('0172-S-2002', 20)":"LOSADA, MARIO A."},"('Firmantes', 'DISTRITO')":{"('0172-S-2002', 0)":"CHUBUT","('0172-S-2002', 1)":"MENDOZA","('0172-S-2002', 2)":"RIO NEGRO","('0172-S-2002', 3)":"FORMOSA","('0172-S-2002', 4)":"CHACO","('0172-S-2002', 5)":"ENTRE RIOS","('0172-S-2002', 6)":"SANTA FE","('0172-S-2002', 7)":"SANTIAGO DEL ESTERO","('0172-S-2002', 8)":"RIO NEGRO","('0172-S-2002', 9)":"SANTA CRUZ","('0172-S-2002', 10)":"TIERRA DEL FUEGO","('0172-S-2002', 11)":"CHACO","('0172-S-2002', 12)":"SANTIAGO DEL ESTERO","('0172-S-2002', 13)":"CHUBUT","('0172-S-2002', 14)":"JUJUY","('0172-S-2002', 15)":"JUJUY","('0172-S-2002', 16)":"FORMOSA","('0172-S-2002', 17)":"BUENOS AIRES","('0172-S-2002', 18)":"CORRIENTES","('0172-S-2002', 19)":"CATAMARCA","('0172-S-2002', 20)":"MISIONES"},"('Firmantes', 'BLOQUE')":{"('0172-S-2002', 0)":"UCR","('0172-S-2002', 1)":"JUSTICIALISTA","('0172-S-2002', 2)":"UCR","('0172-S-2002', 3)":"JUSTICIALISTA","('0172-S-2002', 4)":"UCR","('0172-S-2002', 5)":"UCR","('0172-S-2002', 6)":"JUSTICIALISTA","('0172-S-2002', 7)":"UCR","('0172-S-2002', 8)":"UCR","('0172-S-2002', 9)":"UCR","('0172-S-2002', 10)":"UCR","('0172-S-2002', 11)":"UCR","('0172-S-2002', 12)":"JUSTICIALISTA","('0172-S-2002', 13)":"UCR","('0172-S-2002', 14)":"FRENTE CIVICO JUJE\u00d1O","('0172-S-2002', 15)":"FRENTE CIVICO JUJE\u00d1O","('0172-S-2002', 16)":"UCR","('0172-S-2002', 17)":"FREPASO","('0172-S-2002', 18)":"LIBERAL","('0172-S-2002', 19)":"FRENTE CIVICO Y SOCIAL DE CATAMARCA","('0172-S-2002', 20)":"UCR"},"('Giros', 'COMISI\u00d3N')":{"('0172-S-2002', 0)":"FINANZAS","('0172-S-2002', 1)":"DISCAPACIDAD","('0172-S-2002', 2)":"PETICIONES, PODERES Y REGLAMENTO","('0172-S-2002', 3)":null,"('0172-S-2002', 4)":null,"('0172-S-2002', 5)":null,"('0172-S-2002', 6)":null,"('0172-S-2002', 7)":null,"('0172-S-2002', 8)":null,"('0172-S-2002', 9)":null,"('0172-S-2002', 10)":null,"('0172-S-2002', 11)":null,"('0172-S-2002', 12)":null,"('0172-S-2002', 13)":null,"('0172-S-2002', 14)":null,"('0172-S-2002', 15)":null,"('0172-S-2002', 16)":null,"('0172-S-2002', 17)":null,"('0172-S-2002', 18)":null,"('0172-S-2002', 19)":null,"('0172-S-2002', 20)":null},"('Tramites', 'C\u00c1MARA')":{"('0172-S-2002', 0)":"Senado","('0172-S-2002', 1)":"Senado","('0172-S-2002', 2)":"Senado","('0172-S-2002', 3)":"Diputados","('0172-S-2002', 4)":"Diputados","('0172-S-2002', 5)":null,"('0172-S-2002', 6)":null,"('0172-S-2002', 7)":null,"('0172-S-2002', 8)":null,"('0172-S-2002', 9)":null,"('0172-S-2002', 10)":null,"('0172-S-2002', 11)":null,"('0172-S-2002', 12)":null,"('0172-S-2002', 13)":null,"('0172-S-2002', 14)":null,"('0172-S-2002', 15)":null,"('0172-S-2002', 16)":null,"('0172-S-2002', 17)":null,"('0172-S-2002', 18)":null,"('0172-S-2002', 19)":null,"('0172-S-2002', 20)":null},"('Tramites', 'MOVIMIENTO')":{"('0172-S-2002', 0)":"MOCION DE PREFERENCIA PARA LA PROXIMA SESION PARA SER TRATADO EN TERCER TERMINO CON O SIN DICTAMEN (AFIRMATIVA)","('0172-S-2002', 1)":"SOLICITUD DEL AUTOR DE MODIFICACION DEL PROYECTO (EXPEDIENTE 1847-S-02) (AFIRMATIVA)","('0172-S-2002', 2)":"CONSIDERACION Y APROBACION","('0172-S-2002', 3)":"PASA A DIPUTADOS - (TP 175)","('0172-S-2002', 4)":"CONSIDERACION Y SANCION","('0172-S-2002', 5)":null,"('0172-S-2002', 6)":null,"('0172-S-2002', 7)":null,"('0172-S-2002', 8)":null,"('0172-S-2002', 9)":null,"('0172-S-2002', 10)":null,"('0172-S-2002', 11)":null,"('0172-S-2002', 12)":null,"('0172-S-2002', 13)":null,"('0172-S-2002', 14)":null,"('0172-S-2002', 15)":null,"('0172-S-2002', 16)":null,"('0172-S-2002', 17)":null,"('0172-S-2002', 18)":null,"('0172-S-2002', 19)":null,"('0172-S-2002', 20)":null},"('Tramites', 'FECHA')":{"('0172-S-2002', 0)":"23\/10\/2002","('0172-S-2002', 1)":null,"('0172-S-2002', 2)":"06\/11\/2002","('0172-S-2002', 3)":null,"('0172-S-2002', 4)":"16\/07\/2003","('0172-S-2002', 5)":null,"('0172-S-2002', 6)":null,"('0172-S-2002', 7)":null,"('0172-S-2002', 8)":null,"('0172-S-2002', 9)":null,"('0172-S-2002', 10)":null,"('0172-S-2002', 11)":null,"('0172-S-2002', 12)":null,"('0172-S-2002', 13)":null,"('0172-S-2002', 14)":null,"('0172-S-2002', 15)":null,"('0172-S-2002', 16)":null,"('0172-S-2002', 17)":null,"('0172-S-2002', 18)":null,"('0172-S-2002', 19)":null,"('0172-S-2002', 20)":null},"('Tramites', 'RESULTADO')":{"('0172-S-2002', 0)":null,"('0172-S-2002', 1)":null,"('0172-S-2002', 2)":"MEDIA SANCION","('0172-S-2002', 3)":null,"('0172-S-2002', 4)":"SANCIONADO","('0172-S-2002', 5)":null,"('0172-S-2002', 6)":null,"('0172-S-2002', 7)":null,"('0172-S-2002', 8)":null,"('0172-S-2002', 9)":null,"('0172-S-2002', 10)":null,"('0172-S-2002', 11)":null,"('0172-S-2002', 12)":null,"('0172-S-2002', 13)":null,"('0172-S-2002', 14)":null,"('0172-S-2002', 15)":null,"('0172-S-2002', 16)":null,"('0172-S-2002', 17)":null,"('0172-S-2002', 18)":null,"('0172-S-2002', 19)":null,"('0172-S-2002', 20)":null},"Sumario":{"('0172-S-2002', 0)":"OBJETIVOS; INTEGRACION; ELEVACION DE INFORME; FACULTADES; PARTICIPACION EN AUDIENCIAS; PERSONAL Y PRESUPUESTO DE GASTOS.","('0172-S-2002', 1)":null,"('0172-S-2002', 2)":null,"('0172-S-2002', 3)":null,"('0172-S-2002', 4)":null,"('0172-S-2002', 5)":null,"('0172-S-2002', 6)":null,"('0172-S-2002', 7)":null,"('0172-S-2002', 8)":null,"('0172-S-2002', 9)":null,"('0172-S-2002', 10)":null,"('0172-S-2002', 11)":null,"('0172-S-2002', 12)":null,"('0172-S-2002', 13)":null,"('0172-S-2002', 14)":null,"('0172-S-2002', 15)":null,"('0172-S-2002', 16)":null,"('0172-S-2002', 17)":null,"('0172-S-2002', 18)":null,"('0172-S-2002', 19)":null,"('0172-S-2002', 20)":null},"Palabra Clave":{"('0172-S-2002', 0)":" ","('0172-S-2002', 1)":null,"('0172-S-2002', 2)":null,"('0172-S-2002', 3)":null,"('0172-S-2002', 4)":null,"('0172-S-2002', 5)":null,"('0172-S-2002', 6)":null,"('0172-S-2002', 7)":null,"('0172-S-2002', 8)":null,"('0172-S-2002', 9)":null,"('0172-S-2002', 10)":null,"('0172-S-2002', 11)":null,"('0172-S-2002', 12)":null,"('0172-S-2002', 13)":null,"('0172-S-2002', 14)":null,"('0172-S-2002', 15)":null,"('0172-S-2002', 16)":null,"('0172-S-2002', 17)":null,"('0172-S-2002', 18)":null,"('0172-S-2002', 19)":null,"('0172-S-2002', 20)":null}}