{"Tipo de Proyecto":{"('0173-PE-2002', 0)":"MENSAJE NRO: 0095\/03 Y PROYECTO DE LEY","('0173-PE-2002', 1)":null,"('0173-PE-2002', 2)":null},"Iniciado en: ":{"('0173-PE-2002', 0)":"Diputados","('0173-PE-2002', 1)":null,"('0173-PE-2002', 2)":null},"Expediente Diputados: ":{"('0173-PE-2002', 0)":"0173-PE-2002","('0173-PE-2002', 1)":null,"('0173-PE-2002', 2)":null},"Publicado en: ":{"('0173-PE-2002', 0)":"Tr\u00e1mite Parlamentario N\u00b0 206","('0173-PE-2002', 1)":null,"('0173-PE-2002', 2)":null},"Fecha: ":{"('0173-PE-2002', 0)":"31\/01\/2003","('0173-PE-2002', 1)":null,"('0173-PE-2002', 2)":null},"T\u00edtulo":{"('0173-PE-2002', 0)":"LEY 24013, NACIONAL DE EMPLEO: MODIFICACIONES. ","('0173-PE-2002', 1)":null,"('0173-PE-2002', 2)":null},"('Firmantes', 'FIRMANTE')":{"('0173-PE-2002', 0)":"DUHALDE, EDUARDO ALBERTO","('0173-PE-2002', 1)":"ATANASOF, ALFREDO NESTOR","('0173-PE-2002', 2)":"CAMA\u00d1O, GRACIELA"},"('Firmantes', 'DISTRITO')":{"('0173-PE-2002', 0)":null,"('0173-PE-2002', 1)":null,"('0173-PE-2002', 2)":null},"('Firmantes', 'BLOQUE')":{"('0173-PE-2002', 0)":"PODER EJECUTIVO","('0173-PE-2002', 1)":"PODER EJECUTIVO","('0173-PE-2002', 2)":"PODER EJECUTIVO"},"('Giros', 'COMISI\u00d3N')":{"('0173-PE-2002', 0)":"LEGISLACION DEL TRABAJO","('0173-PE-2002', 1)":"PRESUPUESTO Y HACIENDA","('0173-PE-2002', 2)":null},"Sumario":{"('0173-PE-2002', 0)":"MODIFICACION DE LOS ARTICULOS 113 Y 117.","('0173-PE-2002', 1)":null,"('0173-PE-2002', 2)":null},"Palabra Clave":{"('0173-PE-2002', 0)":" ","('0173-PE-2002', 1)":null,"('0173-PE-2002', 2)":null}}