{"Tipo de Proyecto":{"('0175-S-2002', 0)":"PROYECTO DE LEY","('0175-S-2002', 1)":null,"('0175-S-2002', 2)":null,"('0175-S-2002', 3)":null},"Iniciado en: ":{"('0175-S-2002', 0)":"Senado","('0175-S-2002', 1)":null,"('0175-S-2002', 2)":null,"('0175-S-2002', 3)":null},"Expediente Diputados: ":{"('0175-S-2002', 0)":"0175-S-2002","('0175-S-2002', 1)":null,"('0175-S-2002', 2)":null,"('0175-S-2002', 3)":null},"Expediente Senado: ":{"('0175-S-2002', 0)":"0436-S-2002","('0175-S-2002', 1)":null,"('0175-S-2002', 2)":null,"('0175-S-2002', 3)":null},"Publicado en: ":{"('0175-S-2002', 0)":"Diario de Asuntos Entrados N\u00b0 55","('0175-S-2002', 1)":null,"('0175-S-2002', 2)":null,"('0175-S-2002', 3)":null},"Fecha: ":{"('0175-S-2002', 0)":"11\/04\/2002","('0175-S-2002', 1)":null,"('0175-S-2002', 2)":null,"('0175-S-2002', 3)":null},"T\u00edtulo":{"('0175-S-2002', 0)":"DEROGACION DEL DECRETO 2399\/71, REGLAMENTARIO DE LA LEY 14072 DE EJERCICIO DE LA MEDICINA VETERINARIA.","('0175-S-2002', 1)":null,"('0175-S-2002', 2)":null,"('0175-S-2002', 3)":null},"('Firmantes', 'FIRMANTE')":{"('0175-S-2002', 0)":"YOMA, JORGE RAUL","('0175-S-2002', 1)":"GOMEZ DE BERTONE, DEOLIDE CARMEN","('0175-S-2002', 2)":null,"('0175-S-2002', 3)":null},"('Firmantes', 'DISTRITO')":{"('0175-S-2002', 0)":"LA RIOJA","('0175-S-2002', 1)":"LA PAMPA","('0175-S-2002', 2)":null,"('0175-S-2002', 3)":null},"('Firmantes', 'BLOQUE')":{"('0175-S-2002', 0)":"JUSTICIALISTA","('0175-S-2002', 1)":"JUSTICIALISTA","('0175-S-2002', 2)":null,"('0175-S-2002', 3)":null},"('Giros', 'COMISI\u00d3N')":{"('0175-S-2002', 0)":"AGRICULTURA Y GANADERIA","('0175-S-2002', 1)":"LEGISLACION GENERAL","('0175-S-2002', 2)":null,"('0175-S-2002', 3)":null},"('Tramites', 'C\u00c1MARA')":{"('0175-S-2002', 0)":"Senado","('0175-S-2002', 1)":"Senado","('0175-S-2002', 2)":"Senado","('0175-S-2002', 3)":"Diputados"},"('Tramites', 'MOVIMIENTO')":{"('0175-S-2002', 0)":"SOLICITUD DE SER COFIRMANTE DE LA SENADORA GOMEZ DE BERTONE (0748-S-02) (A SUS ANTECEDENTES)","('0175-S-2002', 1)":"MOCION DE PREFERENCIA PARA LA PROXIMA SESION (AFIRMATIVA)","('0175-S-2002', 2)":"CONSIDERACION Y APROBACION","('0175-S-2002', 3)":"PASA A DIPUTADOS - (TP 175)"},"('Tramites', 'FECHA')":{"('0175-S-2002', 0)":null,"('0175-S-2002', 1)":"23\/10\/2002","('0175-S-2002', 2)":"06\/11\/2002","('0175-S-2002', 3)":null},"('Tramites', 'RESULTADO')":{"('0175-S-2002', 0)":null,"('0175-S-2002', 1)":null,"('0175-S-2002', 2)":"MEDIA SANCION","('0175-S-2002', 3)":null},"Link":{"('0175-S-2002', 0)":"https:\/\/www4.hcdn.gob.ar\/dependencias\/dsecretaria\/Periodo2002\/PDF2002\/TP2002\/0175-S-02.pdf","('0175-S-2002', 1)":null,"('0175-S-2002', 2)":null,"('0175-S-2002', 3)":null},"Palabra Clave":{"('0175-S-2002', 0)":" ","('0175-S-2002', 1)":null,"('0175-S-2002', 2)":null,"('0175-S-2002', 3)":null}}