{"Tipo de Proyecto":{"('0176-PE-2002', 0)":"MENSAJE NRO: 0129\/03 Y PROYECTO DE LEY","('0176-PE-2002', 1)":null,"('0176-PE-2002', 2)":null},"Iniciado en: ":{"('0176-PE-2002', 0)":"Diputados","('0176-PE-2002', 1)":null,"('0176-PE-2002', 2)":null},"Expediente Diputados: ":{"('0176-PE-2002', 0)":"0176-PE-2002","('0176-PE-2002', 1)":null,"('0176-PE-2002', 2)":null},"Publicado en: ":{"('0176-PE-2002', 0)":"Tr\u00e1mite Parlamentario N\u00b0 206","('0176-PE-2002', 1)":null,"('0176-PE-2002', 2)":null},"Fecha: ":{"('0176-PE-2002', 0)":"31\/01\/2003","('0176-PE-2002', 1)":null,"('0176-PE-2002', 2)":null},"T\u00edtulo":{"('0176-PE-2002', 0)":"SUSTITUCION DEL INCISO A) DEL ARTICULO 2 DEL DECRETO 860\/01, POR EL CUAL SE SUSTITUYEN LOS INCISOS B) Y C) DEL ARTICULO 23 DE LA LEY DE IMPUESTO A LAS GANANCIAS MODIFICADO POR LA LEY 25453, DE DEFICIT CERO Y EL DECRETO 1676\/01","('0176-PE-2002', 1)":null,"('0176-PE-2002', 2)":null},"('Firmantes', 'FIRMANTE')":{"('0176-PE-2002', 0)":"DUHALDE, EDUARDO ALBERTO","('0176-PE-2002', 1)":"ATANASOF, ALFREDO NESTOR","('0176-PE-2002', 2)":"LAVAGNA, ROBERTO"},"('Firmantes', 'DISTRITO')":{"('0176-PE-2002', 0)":null,"('0176-PE-2002', 1)":null,"('0176-PE-2002', 2)":null},"('Firmantes', 'BLOQUE')":{"('0176-PE-2002', 0)":"PODER EJECUTIVO","('0176-PE-2002', 1)":"PODER EJECUTIVO","('0176-PE-2002', 2)":"PODER EJECUTIVO"},"('Giros', 'COMISI\u00d3N')":{"('0176-PE-2002', 0)":"PRESUPUESTO Y HACIENDA","('0176-PE-2002', 1)":null,"('0176-PE-2002', 2)":null},"Link":{"('0176-PE-2002', 0)":"https:\/\/www4.hcdn.gob.ar\/dependencias\/dsecretaria\/Periodo2002\/PDF2002\/TP2002\/0176-PE-02.pdf","('0176-PE-2002', 1)":null,"('0176-PE-2002', 2)":null},"Palabra Clave":{"('0176-PE-2002', 0)":" ","('0176-PE-2002', 1)":null,"('0176-PE-2002', 2)":null}}