{"Tipo de Proyecto":{"('0177-PE-2002', 0)":"MENSAJE NRO: 0124\/03","('0177-PE-2002', 1)":null,"('0177-PE-2002', 2)":null},"Iniciado en: ":{"('0177-PE-2002', 0)":"Diputados","('0177-PE-2002', 1)":null,"('0177-PE-2002', 2)":null},"Expediente Diputados: ":{"('0177-PE-2002', 0)":"0177-PE-2002","('0177-PE-2002', 1)":null,"('0177-PE-2002', 2)":null},"Publicado en: ":{"('0177-PE-2002', 0)":"Tr\u00e1mite Parlamentario N\u00b0 206","('0177-PE-2002', 1)":null,"('0177-PE-2002', 2)":null},"Fecha: ":{"('0177-PE-2002', 0)":"31\/01\/2003","('0177-PE-2002', 1)":null,"('0177-PE-2002', 2)":null},"T\u00edtulo":{"('0177-PE-2002', 0)":"DECRETO 123\/03, DE TRANSFERENCIA DE DERECHOS Y OBLIGACIONES CONCEDIDOS A LA FIRMA SASETRU ANONIMA, COMERCIAL, INDUSTRIAL, FINANCIERA, INMOBILIARIA, AGROPECUARIA, IMPORTADORA Y EXPORTADORA.","('0177-PE-2002', 1)":null,"('0177-PE-2002', 2)":null},"('Firmantes', 'FIRMANTE')":{"('0177-PE-2002', 0)":"GIOJA, JOSE LUIS","('0177-PE-2002', 1)":"ATANASOF, ALFREDO NESTOR","('0177-PE-2002', 2)":"LAVAGNA, ROBERTO"},"('Firmantes', 'DISTRITO')":{"('0177-PE-2002', 0)":null,"('0177-PE-2002', 1)":null,"('0177-PE-2002', 2)":null},"('Firmantes', 'BLOQUE')":{"('0177-PE-2002', 0)":"PODER EJECUTIVO","('0177-PE-2002', 1)":"PODER EJECUTIVO","('0177-PE-2002', 2)":"PODER EJECUTIVO"},"('Giros', 'COMISI\u00d3N')":{"('0177-PE-2002', 0)":"BICAMERAL DE SEGUIMIENTO DE FACULTADES DELEGADAS AL PODER EJECUTIVO NACIONAL - LEY 25561","('0177-PE-2002', 1)":null,"('0177-PE-2002', 2)":null},"Sumario":{"('0177-PE-2002', 0)":"COMUNICACION DEL DICTADO DEL MISMO.","('0177-PE-2002', 1)":null,"('0177-PE-2002', 2)":null},"Palabra Clave":{"('0177-PE-2002', 0)":" ","('0177-PE-2002', 1)":null,"('0177-PE-2002', 2)":null}}