{"Tipo de Proyecto":{"('0178-PE-2002', 0)":"MENSAJE NRO: 0147\/03","('0178-PE-2002', 1)":null,"('0178-PE-2002', 2)":null},"Iniciado en: ":{"('0178-PE-2002', 0)":"Diputados","('0178-PE-2002', 1)":null,"('0178-PE-2002', 2)":null},"Expediente Diputados: ":{"('0178-PE-2002', 0)":"0178-PE-2002","('0178-PE-2002', 1)":null,"('0178-PE-2002', 2)":null},"Publicado en: ":{"('0178-PE-2002', 0)":"Tr\u00e1mite Parlamentario N\u00b0 206","('0178-PE-2002', 1)":null,"('0178-PE-2002', 2)":null},"Fecha: ":{"('0178-PE-2002', 0)":"31\/01\/2003","('0178-PE-2002', 1)":null,"('0178-PE-2002', 2)":null},"T\u00edtulo":{"('0178-PE-2002', 0)":"DECRETO 146\/03 POR EL CUAL SE READECUAN EN FORMA TRANSITORIA Y HASTA TANTO CONCLUYA EL PROCESO DE RENEGOCIACION, LAS TARIFAS DE LOS SERVICIOS PUBLICOS DE GAS Y ENERGIA ELECTRICA. ","('0178-PE-2002', 1)":null,"('0178-PE-2002', 2)":null},"('Firmantes', 'FIRMANTE')":{"('0178-PE-2002', 0)":"DUHALDE, EDUARDO ALBERTO","('0178-PE-2002', 1)":"ATANASOF, ALFREDO NESTOR","('0178-PE-2002', 2)":"LAVAGNA, ROBERTO"},"('Firmantes', 'DISTRITO')":{"('0178-PE-2002', 0)":null,"('0178-PE-2002', 1)":null,"('0178-PE-2002', 2)":null},"('Firmantes', 'BLOQUE')":{"('0178-PE-2002', 0)":"PODER EJECUTIVO","('0178-PE-2002', 1)":"PODER EJECUTIVO","('0178-PE-2002', 2)":"PODER EJECUTIVO"},"('Giros', 'COMISI\u00d3N')":{"('0178-PE-2002', 0)":"BICAMERAL DE SEGUIMIENTO DE FACULTADES DELEGADAS AL PODER EJECUTIVO NACIONAL - LEY 25561","('0178-PE-2002', 1)":null,"('0178-PE-2002', 2)":null},"Palabra Clave":{"('0178-PE-2002', 0)":" ","('0178-PE-2002', 1)":null,"('0178-PE-2002', 2)":null}}