{"Tipo de Proyecto":{"('0178-S-2002', 0)":"PROYECTO DE LEY","('0178-S-2002', 1)":null},"Iniciado en: ":{"('0178-S-2002', 0)":"Senado","('0178-S-2002', 1)":null},"Expediente Diputados: ":{"('0178-S-2002', 0)":"0178-S-2002","('0178-S-2002', 1)":null},"Expediente Senado: ":{"('0178-S-2002', 0)":"0899-S-2002","('0178-S-2002', 1)":null},"Publicado en: ":{"('0178-S-2002', 0)":"Diario de Asuntos Entrados N\u00b0 105","('0178-S-2002', 1)":null},"Fecha: ":{"('0178-S-2002', 0)":"22\/05\/2002","('0178-S-2002', 1)":null},"T\u00edtulo":{"('0178-S-2002', 0)":"DIFUSION DE LOS DERECHOS DE LA MUJER.","('0178-S-2002', 1)":null},"('Firmantes', 'FIRMANTE')":{"('0178-S-2002', 0)":"ISIDORI, AMANDA","('0178-S-2002', 1)":null},"('Firmantes', 'DISTRITO')":{"('0178-S-2002', 0)":"RIO NEGRO","('0178-S-2002', 1)":null},"('Firmantes', 'BLOQUE')":{"('0178-S-2002', 0)":"UCR","('0178-S-2002', 1)":null},"('Giros', 'COMISI\u00d3N')":{"('0178-S-2002', 0)":"FAMILIA, MUJER, NI\u00d1EZ Y ADOLESCENCIA","('0178-S-2002', 1)":null},"('Tramites', 'C\u00c1MARA')":{"('0178-S-2002', 0)":"Senado","('0178-S-2002', 1)":"Diputados"},"('Tramites', 'MOVIMIENTO')":{"('0178-S-2002', 0)":"CONSIDERACION Y APROBACION","('0178-S-2002', 1)":"PASA A DIPUTADOS - (TP 175)"},"('Tramites', 'FECHA')":{"('0178-S-2002', 0)":"06\/11\/2002","('0178-S-2002', 1)":null},"('Tramites', 'RESULTADO')":{"('0178-S-2002', 0)":"MEDIA SANCION","('0178-S-2002', 1)":null},"Sumario":{"('0178-S-2002', 0)":"POLITICA DE DIFUSION PERMANENTE A IMPLEMENTAR POR EL PODER EJECUTIVO NACIONAL.","('0178-S-2002', 1)":null},"Palabra Clave":{"('0178-S-2002', 0)":" ","('0178-S-2002', 1)":null}}