{"Tipo de Proyecto":{"('0179-S-2002', 0)":"PROYECTO DE RESOLUCI\u00d3N"},"Iniciado en: ":{"('0179-S-2002', 0)":"Senado"},"Expediente Senado: ":{"('0179-S-2002', 0)":"0179-S-2002"},"Publicado en: ":{"('0179-S-2002', 0)":"Diario de Asuntos Entrados N\u00b0 27"},"Fecha: ":{"('0179-S-2002', 0)":"04\/03\/2002"},"T\u00edtulo":{"('0179-S-2002', 0)":"SEXTO ENCUENTRO DE MUNICIPIOS DEL MERCOSUR."},"('Firmantes', 'FIRMANTE')":{"('0179-S-2002', 0)":"BAR, GRACIELA YOLANDA"},"('Firmantes', 'DISTRITO')":{"('0179-S-2002', 0)":"ENTRE RIOS"},"('Firmantes', 'BLOQUE')":{"('0179-S-2002', 0)":"JUSTICIALISTA"},"('Tramites', 'C\u00c1MARA')":{"('0179-S-2002', 0)":"Senado"},"('Tramites', 'MOVIMIENTO')":{"('0179-S-2002', 0)":"CONSIDERACION Y PASE AL ARCHIVO (EVENTO VENCIDO)"},"('Tramites', 'FECHA')":{"('0179-S-2002', 0)":"11\/04\/2002"},"('Tramites', 'RESULTADO')":{"('0179-S-2002', 0)":"ARCHIVADO"},"Sumario":{"('0179-S-2002', 0)":"DECLARACION DE INTERES PARLAMENTARIO."},"Palabra Clave":{"('0179-S-2002', 0)":" "}}