{"Tipo de Proyecto":{"('0180-OVD-2002', 0)":"PROYECTO DE RESOLUCI\u00d3N"},"Iniciado en: ":{"('0180-OVD-2002', 0)":"Senado"},"Expediente Senado: ":{"('0180-OVD-2002', 0)":"0180-OVD-2002"},"Fecha: ":{"('0180-OVD-2002', 0)":"18\/08\/2004"},"T\u00edtulo":{"('0180-OVD-2002', 0)":"DICTAMEN EN LA RESPUESTA ENVIADA POR LA JEFATURA DE GABINETE DE MINISTROS EN RELACION A LA RESOLUCION 0094-S-00 (0367-OV-98) SOBRE EL PROGRAMA DE MODERNIZACION DE LOS SERVICIOS AGROPECUARIOS - CONTRATO DE PRESTAMO BID 618\/OC-AR Y 3297 AR-BIRF."},"('Firmantes', 'FIRMANTE')":{"('0180-OVD-2002', 0)":"PARLAMENTARIA MIXTA REVISORA DE CUENTAS"},"('Firmantes', 'DISTRITO')":{"('0180-OVD-2002', 0)":null},"('Firmantes', 'BLOQUE')":{"('0180-OVD-2002', 0)":null},"('Tramites', 'C\u00c1MARA')":{"('0180-OVD-2002', 0)":"Senado"},"('Tramites', 'MOVIMIENTO')":{"('0180-OVD-2002', 0)":"CONSIDERACION Y APROBACION (AL ARCHIVO)"},"('Tramites', 'FECHA')":{"('0180-OVD-2002', 0)":"01\/09\/2004"},"('Tramites', 'RESULTADO')":{"('0180-OVD-2002', 0)":"ARCHIVADO"},"Sumario":{"('0180-OVD-2002', 0)":"HABIENDO TOMADO CONOCIMIENTO SE RECOMIENDA SU REMISION AL ARCHIVO."},"Palabra Clave":{"('0180-OVD-2002', 0)":" "}}