{"Tipo de Proyecto":{"('0181-PE-2002', 0)":"MENSAJE NRO: 0249\/03","('0181-PE-2002', 1)":null,"('0181-PE-2002', 2)":null},"Iniciado en: ":{"('0181-PE-2002', 0)":"Diputados","('0181-PE-2002', 1)":null,"('0181-PE-2002', 2)":null},"Expediente Diputados: ":{"('0181-PE-2002', 0)":"0181-PE-2002","('0181-PE-2002', 1)":null,"('0181-PE-2002', 2)":null},"Expediente Senado: ":{"('0181-PE-2002', 0)":"4480-S-2004","('0181-PE-2002', 1)":null,"('0181-PE-2002', 2)":null},"Publicado en: ":{"('0181-PE-2002', 0)":"Tr\u00e1mite Parlamentario N\u00b0 211","('0181-PE-2002', 1)":null,"('0181-PE-2002', 2)":null},"Fecha: ":{"('0181-PE-2002', 0)":"11\/02\/2003","('0181-PE-2002', 1)":null,"('0181-PE-2002', 2)":null},"T\u00edtulo":{"('0181-PE-2002', 0)":"COMUNICACION DEL DECRETO 248\/03 POR EL CUAL SE DEROGAN ARTICULOS DE LOS DECRETOS 1387\/01, DE REGULACION DE CAPITALIZACION DE OBLIGACIONES FISCALES Y 1524\/01 DE REGIMENES DE CAPITALIZACION Y REGULARIZACION.","('0181-PE-2002', 1)":null,"('0181-PE-2002', 2)":null},"('Firmantes', 'FIRMANTE')":{"('0181-PE-2002', 0)":"DUHALDE, EDUARDO ALBERTO","('0181-PE-2002', 1)":"ATANASOF, ALFREDO NESTOR","('0181-PE-2002', 2)":"LAVAGNA, ROBERTO"},"('Firmantes', 'DISTRITO')":{"('0181-PE-2002', 0)":null,"('0181-PE-2002', 1)":null,"('0181-PE-2002', 2)":null},"('Firmantes', 'BLOQUE')":{"('0181-PE-2002', 0)":"PODER EJECUTIVO","('0181-PE-2002', 1)":"PODER EJECUTIVO","('0181-PE-2002', 2)":"PODER EJECUTIVO"},"('Giros', 'COMISI\u00d3N')":{"('0181-PE-2002', 0)":"BICAMERAL DE SEGUIMIENTO DE FACULTADES DELEGADAS AL PODER EJECUTIVO NACIONAL - LEY 25561","('0181-PE-2002', 1)":null,"('0181-PE-2002', 2)":null},"('Tramites', 'C\u00c1MARA')":{"('0181-PE-2002', 0)":"Senado","('0181-PE-2002', 1)":"Diputados","('0181-PE-2002', 2)":null},"('Tramites', 'MOVIMIENTO')":{"('0181-PE-2002', 0)":"CONSIDERACION Y APROBACION","('0181-PE-2002', 1)":"PASA A DIPUTADOS -","('0181-PE-2002', 2)":null},"('Tramites', 'FECHA')":{"('0181-PE-2002', 0)":"10\/05\/2006","('0181-PE-2002', 1)":null,"('0181-PE-2002', 2)":null},"('Tramites', 'RESULTADO')":{"('0181-PE-2002', 0)":"APROBADO","('0181-PE-2002', 1)":null,"('0181-PE-2002', 2)":null},"Palabra Clave":{"('0181-PE-2002', 0)":" ","('0181-PE-2002', 1)":null,"('0181-PE-2002', 2)":null}}