{"Tipo de Proyecto":{"('0181-S-2002', 0)":"PROYECTO DE RESOLUCI\u00d3N","('0181-S-2002', 1)":null,"('0181-S-2002', 2)":null,"('0181-S-2002', 3)":null},"Iniciado en: ":{"('0181-S-2002', 0)":"Senado","('0181-S-2002', 1)":null,"('0181-S-2002', 2)":null,"('0181-S-2002', 3)":null},"Expediente Diputados: ":{"('0181-S-2002', 0)":"0181-S-2002","('0181-S-2002', 1)":null,"('0181-S-2002', 2)":null,"('0181-S-2002', 3)":null},"Expediente Senado: ":{"('0181-S-2002', 0)":"0149-OV-1994","('0181-S-2002', 1)":null,"('0181-S-2002', 2)":null,"('0181-S-2002', 3)":null},"Fecha: ":{"('0181-S-2002', 0)":"15\/10\/2002","('0181-S-2002', 1)":null,"('0181-S-2002', 2)":null,"('0181-S-2002', 3)":null},"T\u00edtulo":{"('0181-S-2002', 0)":"DICTAMEN EN LAS RESOLUCIONES REMITIDAS POR LA AUDITORIA GENERAL DE LA NACION SOBRE UNA AUDITORIA PRELIMINAR DE LA GESTION QUE LLEVAN A CABO LOS RESPONSABLES DE LA ENTEL (RESIDUAL), POR EL PERIODO COMPRENDIDO ENTRE EL 01 DE ENERO AL 31 DE MARZO DE 1994 (0194-OV-94) Y SOBRE RELEVAMIENTO Y EVALUACION DEL SEGUIMIENTO DE LAS RECOMENDACIONES EFECTUADAS EN OCASION DEL INFORME DE AUDITORIA DEL 31 DE MARZO DE 1994 (0043-OV-98).","('0181-S-2002', 1)":null,"('0181-S-2002', 2)":null,"('0181-S-2002', 3)":null},"('Firmantes', 'FIRMANTE')":{"('0181-S-2002', 0)":"PARLAMENTARIA MIXTA REVISORA DE CUENTAS","('0181-S-2002', 1)":null,"('0181-S-2002', 2)":null,"('0181-S-2002', 3)":null},"('Firmantes', 'DISTRITO')":{"('0181-S-2002', 0)":null,"('0181-S-2002', 1)":null,"('0181-S-2002', 2)":null,"('0181-S-2002', 3)":null},"('Firmantes', 'BLOQUE')":{"('0181-S-2002', 0)":null,"('0181-S-2002', 1)":null,"('0181-S-2002', 2)":null,"('0181-S-2002', 3)":null},"('Tramites', 'C\u00c1MARA')":{"('0181-S-2002', 0)":"Senado","('0181-S-2002', 1)":"Diputados","('0181-S-2002', 2)":"Diputados","('0181-S-2002', 3)":"Diputados"},"('Tramites', 'MOVIMIENTO')":{"('0181-S-2002', 0)":"CONSIDERACION Y APROBACION","('0181-S-2002', 1)":"PASA A DIPUTADOS -","('0181-S-2002', 2)":"CONSIDERACION Y APROBACION","('0181-S-2002', 3)":"CONTESTACION DEL PODER EJECUTIVO NACIONAL - JEFE DE GABINETE DE MINISTROS - GIRADO A LA COMISION RESPECTIVA"},"('Tramites', 'FECHA')":{"('0181-S-2002', 0)":"06\/11\/2002","('0181-S-2002', 1)":null,"('0181-S-2002', 2)":"28\/11\/2002","('0181-S-2002', 3)":"31\/03\/2004"},"('Tramites', 'RESULTADO')":{"('0181-S-2002', 0)":"APROBADO","('0181-S-2002', 1)":null,"('0181-S-2002', 2)":"APROBADO","('0181-S-2002', 3)":null},"Sumario":{"('0181-S-2002', 0)":"SOLICITUD AL PODER EJECUTIVO NACIONAL PARA QUE INFORME SOBRE LOS RESULTADOS LOS TRAMITES DE LIQUIDACION DE ENTEL (RESIDUAL).","('0181-S-2002', 1)":null,"('0181-S-2002', 2)":null,"('0181-S-2002', 3)":null},"Palabra Clave":{"('0181-S-2002', 0)":" ","('0181-S-2002', 1)":null,"('0181-S-2002', 2)":null,"('0181-S-2002', 3)":null}}