{"Tipo de Proyecto":{"('0183-PE-2002', 0)":"MENSAJE NRO: 0296\/03","('0183-PE-2002', 1)":null,"('0183-PE-2002', 2)":null},"Iniciado en: ":{"('0183-PE-2002', 0)":"Diputados","('0183-PE-2002', 1)":null,"('0183-PE-2002', 2)":null},"Expediente Diputados: ":{"('0183-PE-2002', 0)":"0183-PE-2002","('0183-PE-2002', 1)":null,"('0183-PE-2002', 2)":null},"Publicado en: ":{"('0183-PE-2002', 0)":"Tr\u00e1mite Parlamentario N\u00b0 213","('0183-PE-2002', 1)":null,"('0183-PE-2002', 2)":null},"Fecha: ":{"('0183-PE-2002', 0)":"14\/02\/2003","('0183-PE-2002', 1)":null,"('0183-PE-2002', 2)":null},"T\u00edtulo":{"('0183-PE-2002', 0)":"DICTADO DEL DECRETO 295 POR EL CUAL SE AUTORIZA LA CONTRATACION DE OBRAS CUYO PLAZO DE EJECUCION EXCEDE AL EJERCICIO FINANCIERO 2003.","('0183-PE-2002', 1)":null,"('0183-PE-2002', 2)":null},"('Firmantes', 'FIRMANTE')":{"('0183-PE-2002', 0)":"DUHALDE, EDUARDO ALBERTO","('0183-PE-2002', 1)":"ATANASOF, ALFREDO NESTOR","('0183-PE-2002', 2)":"LAVAGNA, ROBERTO"},"('Firmantes', 'DISTRITO')":{"('0183-PE-2002', 0)":null,"('0183-PE-2002', 1)":null,"('0183-PE-2002', 2)":null},"('Firmantes', 'BLOQUE')":{"('0183-PE-2002', 0)":"PODER EJECUTIVO","('0183-PE-2002', 1)":"PODER EJECUTIVO","('0183-PE-2002', 2)":"PODER EJECUTIVO"},"('Giros', 'COMISI\u00d3N')":{"('0183-PE-2002', 0)":"PRESUPUESTO Y HACIENDA","('0183-PE-2002', 1)":"OBRAS PUBLICAS","('0183-PE-2002', 2)":"BICAMERAL PERMANENTE DE TRAMITE LEGISLATIVO - LEY 26122"},"Sumario":{"('0183-PE-2002', 0)":"COMUNICACION DEL MISMO.","('0183-PE-2002', 1)":null,"('0183-PE-2002', 2)":null},"Palabra Clave":{"('0183-PE-2002', 0)":" ","('0183-PE-2002', 1)":null,"('0183-PE-2002', 2)":null}}