{"Tipo de Proyecto":{"('0186-S-2002', 0)":"PROYECTO DE RESOLUCI\u00d3N","('0186-S-2002', 1)":null,"('0186-S-2002', 2)":null},"Iniciado en: ":{"('0186-S-2002', 0)":"Senado","('0186-S-2002', 1)":null,"('0186-S-2002', 2)":null},"Expediente Diputados: ":{"('0186-S-2002', 0)":"0186-S-2002","('0186-S-2002', 1)":null,"('0186-S-2002', 2)":null},"Expediente Senado: ":{"('0186-S-2002', 0)":"0065-OV-2000","('0186-S-2002', 1)":null,"('0186-S-2002', 2)":null},"Fecha: ":{"('0186-S-2002', 0)":"22\/10\/2002","('0186-S-2002', 1)":null,"('0186-S-2002', 2)":null},"T\u00edtulo":{"('0186-S-2002', 0)":"RESOLUCION REMITIDAS POR LA AUDITORIA GENERAL DE LA NACION SOBRE FUNCIONAMIENTO DE LAS ACTIVIDADES DE CONTROL EN EL AMBITO DE LA UNIVERSIDAD TECNOLOGICA NACIONAL.","('0186-S-2002', 1)":null,"('0186-S-2002', 2)":null},"('Firmantes', 'FIRMANTE')":{"('0186-S-2002', 0)":"PARLAMENTARIA MIXTA REVISORA DE CUENTAS","('0186-S-2002', 1)":null,"('0186-S-2002', 2)":null},"('Firmantes', 'DISTRITO')":{"('0186-S-2002', 0)":null,"('0186-S-2002', 1)":null,"('0186-S-2002', 2)":null},"('Firmantes', 'BLOQUE')":{"('0186-S-2002', 0)":null,"('0186-S-2002', 1)":null,"('0186-S-2002', 2)":null},"('Giros', 'COMISI\u00d3N')":{"('0186-S-2002', 0)":"PARLAMENTARIA MIXTA REVISORA DE CUENTAS","('0186-S-2002', 1)":null,"('0186-S-2002', 2)":null},"('Tramites', 'C\u00c1MARA')":{"('0186-S-2002', 0)":"Senado","('0186-S-2002', 1)":"Diputados","('0186-S-2002', 2)":"Diputados"},"('Tramites', 'MOVIMIENTO')":{"('0186-S-2002', 0)":"CONSIDERACION Y APROBACION","('0186-S-2002', 1)":"PASA A DIPUTADOS -","('0186-S-2002', 2)":"CONSIDERACION Y APROBACION"},"('Tramites', 'FECHA')":{"('0186-S-2002', 0)":"21\/11\/2002","('0186-S-2002', 1)":null,"('0186-S-2002', 2)":"28\/11\/2002"},"('Tramites', 'RESULTADO')":{"('0186-S-2002', 0)":"APROBADO","('0186-S-2002', 1)":null,"('0186-S-2002', 2)":"APROBADO"},"Sumario":{"('0186-S-2002', 0)":"REQUERIR INFORMES A LA UTN SOBRE LAS MEDIDAS ADOPTADAS Y AL PODER EJECUTIVO SOBRE LOS RESULTADOS DEL TRAMITE CORRESPONDIENTE AL CUMPLIMIENTO POR LA UTN DE LAS PREVISIONES DE LA LEY 24521.","('0186-S-2002', 1)":null,"('0186-S-2002', 2)":null},"Palabra Clave":{"('0186-S-2002', 0)":" ","('0186-S-2002', 1)":null,"('0186-S-2002', 2)":null}}