{"Tipo de Proyecto":{"('0186-PE-2002', 0)":"MENSAJE NRO: 0374\/03 Y PROYECTO DE LEY","('0186-PE-2002', 1)":null,"('0186-PE-2002', 2)":null},"Iniciado en: ":{"('0186-PE-2002', 0)":"Diputados","('0186-PE-2002', 1)":null,"('0186-PE-2002', 2)":null},"Expediente Diputados: ":{"('0186-PE-2002', 0)":"0186-PE-2002","('0186-PE-2002', 1)":null,"('0186-PE-2002', 2)":null},"Publicado en: ":{"('0186-PE-2002', 0)":"Tr\u00e1mite Parlamentario N\u00b0 218","('0186-PE-2002', 1)":null,"('0186-PE-2002', 2)":null},"Fecha: ":{"('0186-PE-2002', 0)":"26\/02\/2003","('0186-PE-2002', 1)":null,"('0186-PE-2002', 2)":null},"T\u00edtulo":{"('0186-PE-2002', 0)":"MODIFICACION A LA LEY 24193 DE TRASPLANTE DE ORGANOS Y MATERIAL ANATOMICO HUMANO.","('0186-PE-2002', 1)":null,"('0186-PE-2002', 2)":null},"('Firmantes', 'FIRMANTE')":{"('0186-PE-2002', 0)":"DUHALDE, EDUARDO ALBERTO","('0186-PE-2002', 1)":"ATANASOF, ALFREDO NESTOR","('0186-PE-2002', 2)":"GONZALEZ GARCIA, GINES MARIO"},"('Firmantes', 'DISTRITO')":{"('0186-PE-2002', 0)":null,"('0186-PE-2002', 1)":null,"('0186-PE-2002', 2)":null},"('Firmantes', 'BLOQUE')":{"('0186-PE-2002', 0)":"PODER EJECUTIVO","('0186-PE-2002', 1)":"PODER EJECUTIVO","('0186-PE-2002', 2)":"PODER EJECUTIVO"},"('Giros', 'COMISI\u00d3N')":{"('0186-PE-2002', 0)":"LEGISLACION GENERAL","('0186-PE-2002', 1)":"ACCION SOCIAL Y SALUD PUBLICA","('0186-PE-2002', 2)":"LEGISLACION PENAL"},"('Tramites', 'C\u00c1MARA')":{"('0186-PE-2002', 0)":"Diputados","('0186-PE-2002', 1)":"Diputados","('0186-PE-2002', 2)":null},"('Tramites', 'MOVIMIENTO')":{"('0186-PE-2002', 0)":"MOCION DE PREFERENCIA PARA LA PROXIMA SESION CON DICTAMEN (AFIRMATIVA) CONJUNTAMENTE PARA LOS EXPEDIENTES 0872-D-2002, 0186-PE-2002 y 2151-D-2003","('0186-PE-2002', 1)":"SE DIFIERE SU TRATAMIENTO","('0186-PE-2002', 2)":null},"('Tramites', 'FECHA')":{"('0186-PE-2002', 0)":"27\/08\/2003","('0186-PE-2002', 1)":"04\/12\/2003","('0186-PE-2002', 2)":null},"('Tramites', 'RESULTADO')":{"('0186-PE-2002', 0)":null,"('0186-PE-2002', 1)":null,"('0186-PE-2002', 2)":null},"Link":{"('0186-PE-2002', 0)":"https:\/\/www4.hcdn.gob.ar\/dependencias\/dsecretaria\/Periodo2002\/PDF2002\/TP2002\/0186-PE-02.pdf","('0186-PE-2002', 1)":null,"('0186-PE-2002', 2)":null},"Palabra Clave":{"('0186-PE-2002', 0)":" ","('0186-PE-2002', 1)":null,"('0186-PE-2002', 2)":null}}