{"Tipo de Proyecto":{"('0187-PE-2002', 0)":"MENSAJE NRO: 0375\/03 Y PROYECTO DE LEY","('0187-PE-2002', 1)":null,"('0187-PE-2002', 2)":null},"Iniciado en: ":{"('0187-PE-2002', 0)":"Diputados","('0187-PE-2002', 1)":null,"('0187-PE-2002', 2)":null},"Expediente Diputados: ":{"('0187-PE-2002', 0)":"0187-PE-2002","('0187-PE-2002', 1)":null,"('0187-PE-2002', 2)":null},"Publicado en: ":{"('0187-PE-2002', 0)":"Tr\u00e1mite Parlamentario N\u00b0 218","('0187-PE-2002', 1)":null,"('0187-PE-2002', 2)":null},"Fecha: ":{"('0187-PE-2002', 0)":"26\/02\/2003","('0187-PE-2002', 1)":null,"('0187-PE-2002', 2)":null},"T\u00edtulo":{"('0187-PE-2002', 0)":"MODIFICACION AL DECRETO 1387\/01, SOBRE CONTRIBUCIONES PATRONALES.","('0187-PE-2002', 1)":null,"('0187-PE-2002', 2)":null},"('Firmantes', 'FIRMANTE')":{"('0187-PE-2002', 0)":"DUHALDE, EDUARDO ALBERTO","('0187-PE-2002', 1)":"ATANASOF, ALFREDO NESTOR","('0187-PE-2002', 2)":"LAVAGNA, ROBERTO"},"('Firmantes', 'DISTRITO')":{"('0187-PE-2002', 0)":null,"('0187-PE-2002', 1)":null,"('0187-PE-2002', 2)":null},"('Firmantes', 'BLOQUE')":{"('0187-PE-2002', 0)":"PODER EJECUTIVO","('0187-PE-2002', 1)":"PODER EJECUTIVO","('0187-PE-2002', 2)":"PODER EJECUTIVO"},"('Giros', 'COMISI\u00d3N')":{"('0187-PE-2002', 0)":"PRESUPUESTO Y HACIENDA","('0187-PE-2002', 1)":null,"('0187-PE-2002', 2)":null},"Sumario":{"('0187-PE-2002', 0)":"DEROGACION DEL ARTICULO 52.","('0187-PE-2002', 1)":null,"('0187-PE-2002', 2)":null},"Palabra Clave":{"('0187-PE-2002', 0)":" ","('0187-PE-2002', 1)":null,"('0187-PE-2002', 2)":null}}