{"Tipo de Proyecto":{"('0187-S-2002', 0)":"COMUNICACION","('0187-S-2002', 1)":null,"('0187-S-2002', 2)":null,"('0187-S-2002', 3)":null,"('0187-S-2002', 4)":null,"('0187-S-2002', 5)":null,"('0187-S-2002', 6)":null},"Iniciado en: ":{"('0187-S-2002', 0)":"Senado","('0187-S-2002', 1)":null,"('0187-S-2002', 2)":null,"('0187-S-2002', 3)":null,"('0187-S-2002', 4)":null,"('0187-S-2002', 5)":null,"('0187-S-2002', 6)":null},"Expediente Senado: ":{"('0187-S-2002', 0)":"0187-S-2002","('0187-S-2002', 1)":null,"('0187-S-2002', 2)":null,"('0187-S-2002', 3)":null,"('0187-S-2002', 4)":null,"('0187-S-2002', 5)":null,"('0187-S-2002', 6)":null},"Publicado en: ":{"('0187-S-2002', 0)":"Diario de Asuntos Entrados N\u00b0 27","('0187-S-2002', 1)":null,"('0187-S-2002', 2)":null,"('0187-S-2002', 3)":null,"('0187-S-2002', 4)":null,"('0187-S-2002', 5)":null,"('0187-S-2002', 6)":null},"Fecha: ":{"('0187-S-2002', 0)":"04\/03\/2002","('0187-S-2002', 1)":null,"('0187-S-2002', 2)":null,"('0187-S-2002', 3)":null,"('0187-S-2002', 4)":null,"('0187-S-2002', 5)":null,"('0187-S-2002', 6)":null},"T\u00edtulo":{"('0187-S-2002', 0)":"DISTRIBUCION EQUITATIVA DE LOS BENEFICIOS ENERGETICOS DEL MERCOSUR.","('0187-S-2002', 1)":null,"('0187-S-2002', 2)":null,"('0187-S-2002', 3)":null,"('0187-S-2002', 4)":null,"('0187-S-2002', 5)":null,"('0187-S-2002', 6)":null},"('Firmantes', 'FIRMANTE')":{"('0187-S-2002', 0)":"GALLIA, SERGIO ADRIAN","('0187-S-2002', 1)":"BUSTI, JORGE PEDRO","('0187-S-2002', 2)":"CAPARROS, MABEL LUISA","('0187-S-2002', 3)":"DANIELE, MARIO DOMINGO","('0187-S-2002', 4)":"PARDAL, JORGE ALBERTO","('0187-S-2002', 5)":"GUINLE, MARCELO ALEJANDRO","('0187-S-2002', 6)":"ESCUDERO, SONIA MARGARITA"},"('Firmantes', 'DISTRITO')":{"('0187-S-2002', 0)":"NEUQUEN","('0187-S-2002', 1)":"ENTRE RIOS","('0187-S-2002', 2)":"TIERRA DEL FUEGO","('0187-S-2002', 3)":"TIERRA DEL FUEGO","('0187-S-2002', 4)":"MENDOZA","('0187-S-2002', 5)":"CHUBUT","('0187-S-2002', 6)":"SALTA"},"('Firmantes', 'BLOQUE')":{"('0187-S-2002', 0)":"JUSTICIALISTA","('0187-S-2002', 1)":"JUSTICIALISTA","('0187-S-2002', 2)":"JUSTICIALISTA","('0187-S-2002', 3)":"JUSTICIALISTA","('0187-S-2002', 4)":"JUSTICIALISTA","('0187-S-2002', 5)":"JUSTICIALISTA","('0187-S-2002', 6)":"JUSTICIALISTA"},"('Tramites', 'C\u00c1MARA')":{"('0187-S-2002', 0)":"Senado","('0187-S-2002', 1)":"Senado","('0187-S-2002', 2)":null,"('0187-S-2002', 3)":null,"('0187-S-2002', 4)":null,"('0187-S-2002', 5)":null,"('0187-S-2002', 6)":null},"('Tramites', 'MOVIMIENTO')":{"('0187-S-2002', 0)":"CONSIDERACION Y APROBACION","('0187-S-2002', 1)":"CONTESTACION DEL PODER EJECUTIVO NACIONAL - GIRADO A LA COMISION RESPECTIVA","('0187-S-2002', 2)":null,"('0187-S-2002', 3)":null,"('0187-S-2002', 4)":null,"('0187-S-2002', 5)":null,"('0187-S-2002', 6)":null},"('Tramites', 'FECHA')":{"('0187-S-2002', 0)":"12\/06\/2002","('0187-S-2002', 1)":null,"('0187-S-2002', 2)":null,"('0187-S-2002', 3)":null,"('0187-S-2002', 4)":null,"('0187-S-2002', 5)":null,"('0187-S-2002', 6)":null},"('Tramites', 'RESULTADO')":{"('0187-S-2002', 0)":"APROBADO","('0187-S-2002', 1)":null,"('0187-S-2002', 2)":null,"('0187-S-2002', 3)":null,"('0187-S-2002', 4)":null,"('0187-S-2002', 5)":null,"('0187-S-2002', 6)":null},"Sumario":{"('0187-S-2002', 0)":"SOLICITUD AL PODER EJECUTIVO NACIONAL.","('0187-S-2002', 1)":null,"('0187-S-2002', 2)":null,"('0187-S-2002', 3)":null,"('0187-S-2002', 4)":null,"('0187-S-2002', 5)":null,"('0187-S-2002', 6)":null},"Palabra Clave":{"('0187-S-2002', 0)":" ","('0187-S-2002', 1)":null,"('0187-S-2002', 2)":null,"('0187-S-2002', 3)":null,"('0187-S-2002', 4)":null,"('0187-S-2002', 5)":null,"('0187-S-2002', 6)":null}}