{"Tipo de Proyecto":{"('0189-PE-2002', 0)":"MENSAJE NRO: 0415\/03"},"Iniciado en: ":{"('0189-PE-2002', 0)":"Diputados"},"Expediente Diputados: ":{"('0189-PE-2002', 0)":"0189-PE-2002"},"Publicado en: ":{"('0189-PE-2002', 0)":"Tr\u00e1mite Parlamentario N\u00b0 218"},"Fecha: ":{"('0189-PE-2002', 0)":"26\/02\/2003"},"T\u00edtulo":{"('0189-PE-2002', 0)":"DICTADO DEL DECRETO 414\/03 POR EL CUAL SE AMPLIA EL TEMARIO DE LAS SESIONES EXTRAORDINARIAS."},"('Firmantes', 'FIRMANTE')":{"('0189-PE-2002', 0)":"DUHALDE, EDUARDO ALBERTO"},"('Firmantes', 'DISTRITO')":{"('0189-PE-2002', 0)":null},"('Firmantes', 'BLOQUE')":{"('0189-PE-2002', 0)":"PODER EJECUTIVO"},"('Giros', 'COMISI\u00d3N')":{"('0189-PE-2002', 0)":"A LA PRESIDENCIA"},"Sumario":{"('0189-PE-2002', 0)":"COMUNICACION DEL MISMO."},"Palabra Clave":{"('0189-PE-2002', 0)":" "}}