{"Tipo de Proyecto":{"('0190-PE-2002', 0)":"MENSAJE NRO: 0418\/03","('0190-PE-2002', 1)":null,"('0190-PE-2002', 2)":null},"Iniciado en: ":{"('0190-PE-2002', 0)":"Diputados","('0190-PE-2002', 1)":null,"('0190-PE-2002', 2)":null},"Expediente Diputados: ":{"('0190-PE-2002', 0)":"0190-PE-2002","('0190-PE-2002', 1)":null,"('0190-PE-2002', 2)":null},"Publicado en: ":{"('0190-PE-2002', 0)":"Tr\u00e1mite Parlamentario N\u00b0 219","('0190-PE-2002', 1)":null,"('0190-PE-2002', 2)":null},"Fecha: ":{"('0190-PE-2002', 0)":"27\/02\/2003","('0190-PE-2002', 1)":null,"('0190-PE-2002', 2)":null},"T\u00edtulo":{"('0190-PE-2002', 0)":"DECRETO 417\/03, RELACIONADO CON EMPRESAS EXPORTADORAS DE LOS PRODUCTOS DE LA MINERIA. ","('0190-PE-2002', 1)":null,"('0190-PE-2002', 2)":null},"('Firmantes', 'FIRMANTE')":{"('0190-PE-2002', 0)":"DUHALDE, EDUARDO ALBERTO","('0190-PE-2002', 1)":"ATANASOF, ALFREDO NESTOR","('0190-PE-2002', 2)":"FERNANDEZ, ANIBAL"},"('Firmantes', 'DISTRITO')":{"('0190-PE-2002', 0)":null,"('0190-PE-2002', 1)":null,"('0190-PE-2002', 2)":null},"('Firmantes', 'BLOQUE')":{"('0190-PE-2002', 0)":"PODER EJECUTIVO","('0190-PE-2002', 1)":"PODER EJECUTIVO","('0190-PE-2002', 2)":"PODER EJECUTIVO"},"('Giros', 'COMISI\u00d3N')":{"('0190-PE-2002', 0)":"PRESUPUESTO Y HACIENDA","('0190-PE-2002', 1)":"MINERIA","('0190-PE-2002', 2)":"COMERCIO"},"Sumario":{"('0190-PE-2002', 0)":"COMUNICACION DEL DICTADO DEL MISMO.","('0190-PE-2002', 1)":null,"('0190-PE-2002', 2)":null},"Palabra Clave":{"('0190-PE-2002', 0)":" ","('0190-PE-2002', 1)":null,"('0190-PE-2002', 2)":null}}