{"Tipo de Proyecto":{"('0194-S-2002', 0)":"PROYECTO DE LEY","('0194-S-2002', 1)":null,"('0194-S-2002', 2)":null,"('0194-S-2002', 3)":null,"('0194-S-2002', 4)":null,"('0194-S-2002', 5)":null,"('0194-S-2002', 6)":null,"('0194-S-2002', 7)":null},"Iniciado en: ":{"('0194-S-2002', 0)":"Senado","('0194-S-2002', 1)":null,"('0194-S-2002', 2)":null,"('0194-S-2002', 3)":null,"('0194-S-2002', 4)":null,"('0194-S-2002', 5)":null,"('0194-S-2002', 6)":null,"('0194-S-2002', 7)":null},"Expediente Diputados: ":{"('0194-S-2002', 0)":"0194-S-2002","('0194-S-2002', 1)":null,"('0194-S-2002', 2)":null,"('0194-S-2002', 3)":null,"('0194-S-2002', 4)":null,"('0194-S-2002', 5)":null,"('0194-S-2002', 6)":null,"('0194-S-2002', 7)":null},"Expediente Senado: ":{"('0194-S-2002', 0)":"1865-S-2001","('0194-S-2002', 1)":null,"('0194-S-2002', 2)":null,"('0194-S-2002', 3)":null,"('0194-S-2002', 4)":null,"('0194-S-2002', 5)":null,"('0194-S-2002', 6)":null,"('0194-S-2002', 7)":null},"Publicado en: ":{"('0194-S-2002', 0)":"Diario de Asuntos Entrados N\u00b0 137","('0194-S-2002', 1)":null,"('0194-S-2002', 2)":null,"('0194-S-2002', 3)":null,"('0194-S-2002', 4)":null,"('0194-S-2002', 5)":null,"('0194-S-2002', 6)":null,"('0194-S-2002', 7)":null},"Fecha: ":{"('0194-S-2002', 0)":"14\/01\/2002","('0194-S-2002', 1)":null,"('0194-S-2002', 2)":null,"('0194-S-2002', 3)":null,"('0194-S-2002', 4)":null,"('0194-S-2002', 5)":null,"('0194-S-2002', 6)":null,"('0194-S-2002', 7)":null},"T\u00edtulo":{"('0194-S-2002', 0)":"REGIMEN DE ACEFALIA (REGLAMENTACION DEL ARTICULO 88 DE LA CONSTITUCION NACIONAL); DEROGACION DE LA LEY 20972.","('0194-S-2002', 1)":null,"('0194-S-2002', 2)":null,"('0194-S-2002', 3)":null,"('0194-S-2002', 4)":null,"('0194-S-2002', 5)":null,"('0194-S-2002', 6)":null,"('0194-S-2002', 7)":null},"('Firmantes', 'FIRMANTE')":{"('0194-S-2002', 0)":"GUINLE, MARCELO ALEJANDRO","('0194-S-2002', 1)":null,"('0194-S-2002', 2)":null,"('0194-S-2002', 3)":null,"('0194-S-2002', 4)":null,"('0194-S-2002', 5)":null,"('0194-S-2002', 6)":null,"('0194-S-2002', 7)":null},"('Firmantes', 'DISTRITO')":{"('0194-S-2002', 0)":"CHUBUT","('0194-S-2002', 1)":null,"('0194-S-2002', 2)":null,"('0194-S-2002', 3)":null,"('0194-S-2002', 4)":null,"('0194-S-2002', 5)":null,"('0194-S-2002', 6)":null,"('0194-S-2002', 7)":null},"('Firmantes', 'BLOQUE')":{"('0194-S-2002', 0)":"JUSTICIALISTA","('0194-S-2002', 1)":null,"('0194-S-2002', 2)":null,"('0194-S-2002', 3)":null,"('0194-S-2002', 4)":null,"('0194-S-2002', 5)":null,"('0194-S-2002', 6)":null,"('0194-S-2002', 7)":null},"('Giros', 'COMISI\u00d3N')":{"('0194-S-2002', 0)":"SOBRE TABLAS","('0194-S-2002', 1)":null,"('0194-S-2002', 2)":null,"('0194-S-2002', 3)":null,"('0194-S-2002', 4)":null,"('0194-S-2002', 5)":null,"('0194-S-2002', 6)":null,"('0194-S-2002', 7)":null},"('Tramites', 'C\u00c1MARA')":{"('0194-S-2002', 0)":"Senado","('0194-S-2002', 1)":"Senado","('0194-S-2002', 2)":"Senado","('0194-S-2002', 3)":"Senado","('0194-S-2002', 4)":"Senado","('0194-S-2002', 5)":"Diputados","('0194-S-2002', 6)":"Diputados","('0194-S-2002', 7)":"Diputados"},"('Tramites', 'MOVIMIENTO')":{"('0194-S-2002', 0)":"MOCION SOBRE TABLAS (AFIRMATIVA) CONJUNTAMENTE PARA LOS EXPEDIENTES 0194-S-2002, 1865-S-2001, 2090-S-2001, 0603-S-2002, 0979-S-2002, 0974-S-2002, 0993-S-2002, 1063-S-2002, 1235-S-2002, 1345-S-2002, 1404-S-2002, 2407-S-2002, 2808-S-2002 y 3028-S-2002","('0194-S-2002', 1)":"COMIENZO DEL TRATAMIENTO CONJUNTAMENTE PARA LOS EXPEDIENTES 0194-S-2002, 1865-S-2001, 2090-S-2001, 0603-S-2002, 0979-S-2002, 0974-S-2002, 0993-S-2002, 1063-S-2002, 1235-S-2002, 1345-S-2002, 1404-S-2002, 2407-S-2002, 2808-S-2002 y 3028-S-2002","('0194-S-2002', 2)":"CONSIDERACION Y APROBACION CON MODIFICACIONES CONJUNTAMENTE PARA LOS EXPEDIENTES 0194-S-2002, 1865-S-2001, 2090-S-2001, 0603-S-2002, 0979-S-2002, 0974-S-2002, 0993-S-2002, 1063-S-2002, 1235-S-2002, 1345-S-2002, 1404-S-2002, 2407-S-2002, 2808-S-2002 y 3028-S-2002","('0194-S-2002', 3)":"MOCION DE RECONSIDERACION (AFIRMATIVA) CONJUNTAMENTE PARA LOS EXPEDIENTES 0194-S-2002, 1865-S-2001, 2090-S-2001, 0603-S-2002, 0979-S-2002, 0974-S-2002, 0993-S-2002, 1063-S-2002, 1235-S-2002, 1345-S-2002, 1404-S-2002, 2407-S-2002, 2808-S-2002 y 3028-S-2002","('0194-S-2002', 4)":"INSERCION CONJUNTAMENTE PARA LOS EXPEDIENTES 0194-S-2002, 1865-S-2001, 2090-S-2001, 0603-S-2002, 0979-S-2002, 0974-S-2002, 0993-S-2002, 1063-S-2002, 1235-S-2002, 1345-S-2002, 1404-S-2002, 2407-S-2002, 2808-S-2002 y 3028-S-2002","('0194-S-2002', 5)":"PASA A DIPUTADOS - CONJUNTAMENTE PARA LOS EXPEDIENTES 0194-S-2002, 1865-S-2001, 2090-S-2001, 0603-S-2002, 0979-S-2002, 0974-S-2002, 0993-S-2002, 1063-S-2002, 1235-S-2002, 1345-S-2002, 1404-S-2002, 2407-S-2002, 2808-S-2002 y 3028-S-2002","('0194-S-2002', 6)":"MOCION SOBRE TABLAS (AFIRMATIVA) CONJUNTAMENTE PARA LOS EXPEDIENTES 0194-S-2002, 1865-S-2001, 2090-S-2001, 0603-S-2002, 0979-S-2002, 0974-S-2002, 0993-S-2002, 1063-S-2002, 1235-S-2002, 1345-S-2002, 1404-S-2002, 2407-S-2002, 2808-S-2002 y 3028-S-2002","('0194-S-2002', 7)":"CONSIDERACION Y SANCION CONJUNTAMENTE PARA LOS EXPEDIENTES 0194-S-2002, 1865-S-2001, 2090-S-2001, 0603-S-2002, 0979-S-2002, 0974-S-2002, 0993-S-2002, 1063-S-2002, 1235-S-2002, 1345-S-2002, 1404-S-2002, 2407-S-2002, 2808-S-2002 y 3028-S-2002"},"('Tramites', 'FECHA')":{"('0194-S-2002', 0)":"27\/11\/2002","('0194-S-2002', 1)":"27\/11\/2002","('0194-S-2002', 2)":"28\/11\/2002","('0194-S-2002', 3)":"28\/11\/2002","('0194-S-2002', 4)":"28\/11\/2002","('0194-S-2002', 5)":null,"('0194-S-2002', 6)":"28\/11\/2002","('0194-S-2002', 7)":"28\/11\/2002"},"('Tramites', 'RESULTADO')":{"('0194-S-2002', 0)":null,"('0194-S-2002', 1)":null,"('0194-S-2002', 2)":"MEDIA SANCION","('0194-S-2002', 3)":null,"('0194-S-2002', 4)":null,"('0194-S-2002', 5)":null,"('0194-S-2002', 6)":null,"('0194-S-2002', 7)":"SANCIONADO"},"Sumario":{"('0194-S-2002', 0)":"PRESIDENCIA TRANSITORIA: ORDEN SUCESORIO; CONVOCATORIA A ASAMBLEA LEGISLATIVA DENTRO DE 48 HORAS DE PRODUCIDA LA VACANCIA; QUORUM; OBJETIVOS Y FUNCIONES DE LA ASAMBLEA LEGISLATIVA; ELECCION DEL PRESIDENTE; REQUISITOS; VOTACION; VACANCIA DEFINITIVA; VACANCIA TRANSITORIA; IMPOSIBILIDAD DE REALIZAR LA ASAMBLEA LEGISLATIVA: JURAMENTO ANTE LA CORTE SUPREMA DE JUSTICIA DE LA NACION; EL TIEMPO DE ESTE MANDATO NO SE COMPUTA A LOS FINES DEL ARTICULO 90 DE LA CONSTITUCION NACIONAL (REELECCION).","('0194-S-2002', 1)":null,"('0194-S-2002', 2)":null,"('0194-S-2002', 3)":null,"('0194-S-2002', 4)":null,"('0194-S-2002', 5)":null,"('0194-S-2002', 6)":null,"('0194-S-2002', 7)":null},"Palabra Clave":{"('0194-S-2002', 0)":" ","('0194-S-2002', 1)":null,"('0194-S-2002', 2)":null,"('0194-S-2002', 3)":null,"('0194-S-2002', 4)":null,"('0194-S-2002', 5)":null,"('0194-S-2002', 6)":null,"('0194-S-2002', 7)":null}}