{"Tipo de Proyecto":{"('0195-D-2002', 0)":"PROYECTO DE RESOLUCI\u00d3N","('0195-D-2002', 1)":null},"Iniciado en: ":{"('0195-D-2002', 0)":"Diputados","('0195-D-2002', 1)":null},"Expediente Diputados: ":{"('0195-D-2002', 0)":"0195-D-2002","('0195-D-2002', 1)":null},"Publicado en: ":{"('0195-D-2002', 0)":"Tr\u00e1mite Parlamentario N\u00b0 5","('0195-D-2002', 1)":null},"Fecha: ":{"('0195-D-2002', 0)":"07\/03\/2002","('0195-D-2002', 1)":null},"T\u00edtulo":{"('0195-D-2002', 0)":"DICTAR LAS NORMATIVAS NECESARIAS PARA QUE LAS ENTIDADES MUTUALES CON AYUDA ECONOMICA QUE POSEAN DEPOSITADOS FONDOS, PUEDAN OBTENER LOS CORRESPONDIENTES CERTIFICADOS PARA LA COMPRA DE BIENES INMUEBLES, AUTOMOTORES E IMPLEMENTOS AGRICOLAS.","('0195-D-2002', 1)":null},"('Firmantes', 'FIRMANTE')":{"('0195-D-2002', 0)":"BUCCO, JORGE LUIS","('0195-D-2002', 1)":null},"('Firmantes', 'DISTRITO')":{"('0195-D-2002', 0)":"CORDOBA","('0195-D-2002', 1)":null},"('Firmantes', 'BLOQUE')":{"('0195-D-2002', 0)":"JUSTICIALISTA","('0195-D-2002', 1)":null},"('Giros', 'COMISI\u00d3N')":{"('0195-D-2002', 0)":"ASUNTOS COOPERATIVOS, MUTUALES Y DE ORG.NO GUBERNAMENTALES","('0195-D-2002', 1)":"FINANZAS"},"('Tramites', 'C\u00c1MARA')":{"('0195-D-2002', 0)":"Diputados","('0195-D-2002', 1)":null},"('Tramites', 'MOVIMIENTO')":{"('0195-D-2002', 0)":"CONSIDERACION Y APROBACION","('0195-D-2002', 1)":null},"('Tramites', 'FECHA')":{"('0195-D-2002', 0)":"09\/05\/2002","('0195-D-2002', 1)":null},"('Tramites', 'RESULTADO')":{"('0195-D-2002', 0)":"APROBADO","('0195-D-2002', 1)":null},"Sumario":{"('0195-D-2002', 0)":"SOLICITUD AL PODER EJECUTIVO NACIONAL A TRAVES DEL BANCO CENTRAL DE LA REPUBLICA ARGENTINA.","('0195-D-2002', 1)":null},"Palabra Clave":{"('0195-D-2002', 0)":" ","('0195-D-2002', 1)":null}}