{"Tipo de Proyecto":{"('0196-D-2002', 0)":"PROYECTO DE RESOLUCI\u00d3N","('0196-D-2002', 1)":null,"('0196-D-2002', 2)":null,"('0196-D-2002', 3)":null,"('0196-D-2002', 4)":null},"Iniciado en: ":{"('0196-D-2002', 0)":"Diputados","('0196-D-2002', 1)":null,"('0196-D-2002', 2)":null,"('0196-D-2002', 3)":null,"('0196-D-2002', 4)":null},"Expediente Diputados: ":{"('0196-D-2002', 0)":"0196-D-2002","('0196-D-2002', 1)":null,"('0196-D-2002', 2)":null,"('0196-D-2002', 3)":null,"('0196-D-2002', 4)":null},"Publicado en: ":{"('0196-D-2002', 0)":"Tr\u00e1mite Parlamentario N\u00b0 5","('0196-D-2002', 1)":null,"('0196-D-2002', 2)":null,"('0196-D-2002', 3)":null,"('0196-D-2002', 4)":null},"Fecha: ":{"('0196-D-2002', 0)":"07\/03\/2002","('0196-D-2002', 1)":null,"('0196-D-2002', 2)":null,"('0196-D-2002', 3)":null,"('0196-D-2002', 4)":null},"T\u00edtulo":{"('0196-D-2002', 0)":"ABSTENERSE DE DEPOSITAR ANTE LA ORGANIZACION DE LAS NACIONES UNIDAS (ONU), EL ACUERDO SOBRE LA APLICACION DE LAS DISPOSICIONES DE LA CONVENCION DE LAS NACIONES UNIDAS SOBRE EL DERECHO DEL MAR DEL 10 DE DICIEMBRE DE 1982 RELATIVAS A LA CONSERVACION Y ORDENACION DE LAS POBLACIONES DE PECES TRANZONALES Y LAS POBLACIONES DE PECES ALTAMENTE MIGRATORIOS, APROBADO EN NEW YORK, ESTADOS UNIDOS DE AMERICA, EL 12 DE ABRIL DE 1995.","('0196-D-2002', 1)":null,"('0196-D-2002', 2)":null,"('0196-D-2002', 3)":null,"('0196-D-2002', 4)":null},"('Firmantes', 'FIRMANTE')":{"('0196-D-2002', 0)":"KUNEY, MONICA","('0196-D-2002', 1)":"ACEVEDO, SERGIO","('0196-D-2002', 2)":"MORALES, NELIDA BEATRIZ","('0196-D-2002', 3)":"BERTONE, ROSANA ANDREA","('0196-D-2002', 4)":"HERRERA, GRISELDA NOEMI"},"('Firmantes', 'DISTRITO')":{"('0196-D-2002', 0)":"SANTA CRUZ","('0196-D-2002', 1)":"SANTA CRUZ","('0196-D-2002', 2)":"BUENOS AIRES","('0196-D-2002', 3)":"TIERRA DEL FUEGO","('0196-D-2002', 4)":"LA RIOJA"},"('Firmantes', 'BLOQUE')":{"('0196-D-2002', 0)":"JUSTICIALISTA","('0196-D-2002', 1)":"JUSTICIALISTA","('0196-D-2002', 2)":"UNIDAD FEDERALISTA","('0196-D-2002', 3)":"JUSTICIALISTA","('0196-D-2002', 4)":"JUSTICIALISTA"},"('Giros', 'COMISI\u00d3N')":{"('0196-D-2002', 0)":"RELACIONES EXTERIORES Y CULTO","('0196-D-2002', 1)":"INTERESES MARITIMOS, FLUVIALES, PESQUEROS Y PORTUARIOS","('0196-D-2002', 2)":null,"('0196-D-2002', 3)":null,"('0196-D-2002', 4)":null},"Sumario":{"('0196-D-2002', 0)":"SOLICITUD AL PODER EJECUTIVO NACIONAL.","('0196-D-2002', 1)":null,"('0196-D-2002', 2)":null,"('0196-D-2002', 3)":null,"('0196-D-2002', 4)":null},"Palabra Clave":{"('0196-D-2002', 0)":" ","('0196-D-2002', 1)":null,"('0196-D-2002', 2)":null,"('0196-D-2002', 3)":null,"('0196-D-2002', 4)":null}}