{"Tipo de Proyecto":{"('0196-OV-2002', 0)":"PROYECTO DE RESOLUCI\u00d3N"},"Iniciado en: ":{"('0196-OV-2002', 0)":"Senado"},"Expediente Senado: ":{"('0196-OV-2002', 0)":"0196-OV-2002"},"Fecha: ":{"('0196-OV-2002', 0)":"30\/09\/2003"},"T\u00edtulo":{"('0196-OV-2002', 0)":"RESOLUCION REMITIDA POR LA AUDITORIA GENERAL DE LA NACION SOBRE LOS ESTADOS FINANCIEROS AL 31 DE DICIEMBRE DE 2001 DEL PROYECTO DE INFRAESTRUCTURA Y GESTION DE DESAG\u00dcES, CONVENIO DE DONACION 25819 TF."},"('Firmantes', 'FIRMANTE')":{"('0196-OV-2002', 0)":"PARLAMENTARIA MIXTA REVISORA DE CUENTAS"},"('Firmantes', 'DISTRITO')":{"('0196-OV-2002', 0)":null},"('Firmantes', 'BLOQUE')":{"('0196-OV-2002', 0)":null},"('Tramites', 'C\u00c1MARA')":{"('0196-OV-2002', 0)":"Senado"},"('Tramites', 'MOVIMIENTO')":{"('0196-OV-2002', 0)":"CONSIDERACION Y APROBACION (AL ARCHIVO)"},"('Tramites', 'FECHA')":{"('0196-OV-2002', 0)":"15\/10\/2003"},"('Tramites', 'RESULTADO')":{"('0196-OV-2002', 0)":"ARCHIVADO"},"Sumario":{"('0196-OV-2002', 0)":"HABIENDO TOMADO CONOCIMIENTO, SE RECOMIENDA SU REMISION AL ARCHIVO."},"Palabra Clave":{"('0196-OV-2002', 0)":" "}}