{"Tipo de Proyecto":{"('0197-S-2002', 0)":"PROYECTO DE LEY","('0197-S-2002', 1)":null,"('0197-S-2002', 2)":null,"('0197-S-2002', 3)":null,"('0197-S-2002', 4)":null,"('0197-S-2002', 5)":null,"('0197-S-2002', 6)":null},"Iniciado en: ":{"('0197-S-2002', 0)":"Senado","('0197-S-2002', 1)":null,"('0197-S-2002', 2)":null,"('0197-S-2002', 3)":null,"('0197-S-2002', 4)":null,"('0197-S-2002', 5)":null,"('0197-S-2002', 6)":null},"Expediente Diputados: ":{"('0197-S-2002', 0)":"0197-S-2002","('0197-S-2002', 1)":null,"('0197-S-2002', 2)":null,"('0197-S-2002', 3)":null,"('0197-S-2002', 4)":null,"('0197-S-2002', 5)":null,"('0197-S-2002', 6)":null},"Expediente Senado: ":{"('0197-S-2002', 0)":"0790-S-2002","('0197-S-2002', 1)":null,"('0197-S-2002', 2)":null,"('0197-S-2002', 3)":null,"('0197-S-2002', 4)":null,"('0197-S-2002', 5)":null,"('0197-S-2002', 6)":null},"Publicado en: ":{"('0197-S-2002', 0)":"Diario de Asuntos Entrados N\u00b0 93","('0197-S-2002', 1)":null,"('0197-S-2002', 2)":null,"('0197-S-2002', 3)":null,"('0197-S-2002', 4)":null,"('0197-S-2002', 5)":null,"('0197-S-2002', 6)":null},"Fecha: ":{"('0197-S-2002', 0)":"15\/05\/2002","('0197-S-2002', 1)":null,"('0197-S-2002', 2)":null,"('0197-S-2002', 3)":null,"('0197-S-2002', 4)":null,"('0197-S-2002', 5)":null,"('0197-S-2002', 6)":null},"T\u00edtulo":{"('0197-S-2002', 0)":"CREACION DEL PROGRAMA FEDERAL DE HUERTAS EDUCATIVAS A DESARROLLARSE EN EL AMBITO DEL MINISTERIO DE EDUCACION, CIENCIA Y TECNOLOGIA, CON ACUERDO DEL CONSEJO FEDERAL DE CULTURA Y EDUCACION.","('0197-S-2002', 1)":null,"('0197-S-2002', 2)":null,"('0197-S-2002', 3)":null,"('0197-S-2002', 4)":null,"('0197-S-2002', 5)":null,"('0197-S-2002', 6)":null},"('Firmantes', 'FIRMANTE')":{"('0197-S-2002', 0)":"GOMEZ DE BERTONE, DEOLIDE CARMEN","('0197-S-2002', 1)":"BAR, GRACIELA YOLANDA","('0197-S-2002', 2)":"MARTIN, FLORIANA NELIDA","('0197-S-2002', 3)":"MAZA, ADA MERCEDES","('0197-S-2002', 4)":"PAZ, ELVA AZUCENA","('0197-S-2002', 5)":"PERCEVAL, MARIA CRISTINA","('0197-S-2002', 6)":"M\u00dcLLER, MABEL HILDA"},"('Firmantes', 'DISTRITO')":{"('0197-S-2002', 0)":"LA PAMPA","('0197-S-2002', 1)":"ENTRE RIOS","('0197-S-2002', 2)":"SAN JUAN","('0197-S-2002', 3)":"LA RIOJA","('0197-S-2002', 4)":"FORMOSA","('0197-S-2002', 5)":"MENDOZA","('0197-S-2002', 6)":"BUENOS AIRES"},"('Firmantes', 'BLOQUE')":{"('0197-S-2002', 0)":"JUSTICIALISTA","('0197-S-2002', 1)":"JUSTICIALISTA","('0197-S-2002', 2)":"JUSTICIALISTA","('0197-S-2002', 3)":"JUSTICIALISTA","('0197-S-2002', 4)":"JUSTICIALISTA","('0197-S-2002', 5)":"JUSTICIALISTA","('0197-S-2002', 6)":"JUSTICIALISTA"},"('Giros', 'COMISI\u00d3N')":{"('0197-S-2002', 0)":"EDUCACION","('0197-S-2002', 1)":"AGRICULTURA Y GANADERIA","('0197-S-2002', 2)":"CIENCIA Y TECNOLOGIA","('0197-S-2002', 3)":null,"('0197-S-2002', 4)":null,"('0197-S-2002', 5)":null,"('0197-S-2002', 6)":null},"('Tramites', 'C\u00c1MARA')":{"('0197-S-2002', 0)":"Senado","('0197-S-2002', 1)":"Diputados","('0197-S-2002', 2)":"Diputados","('0197-S-2002', 3)":null,"('0197-S-2002', 4)":null,"('0197-S-2002', 5)":null,"('0197-S-2002', 6)":null},"('Tramites', 'MOVIMIENTO')":{"('0197-S-2002', 0)":"CONSIDERACION Y APROBACION","('0197-S-2002', 1)":"PASA A DIPUTADOS - (TP 191)","('0197-S-2002', 2)":"CONSIDERACION Y SANCION","('0197-S-2002', 3)":null,"('0197-S-2002', 4)":null,"('0197-S-2002', 5)":null,"('0197-S-2002', 6)":null},"('Tramites', 'FECHA')":{"('0197-S-2002', 0)":"27\/11\/2002","('0197-S-2002', 1)":null,"('0197-S-2002', 2)":"26\/11\/2003","('0197-S-2002', 3)":null,"('0197-S-2002', 4)":null,"('0197-S-2002', 5)":null,"('0197-S-2002', 6)":null},"('Tramites', 'RESULTADO')":{"('0197-S-2002', 0)":"MEDIA SANCION","('0197-S-2002', 1)":null,"('0197-S-2002', 2)":"SANCIONADO","('0197-S-2002', 3)":null,"('0197-S-2002', 4)":null,"('0197-S-2002', 5)":null,"('0197-S-2002', 6)":null},"Sumario":{"('0197-S-2002', 0)":"AMBITO DE APLICACION; PROVISION DE INFORMACION ADECUADA MEDIANTE CONVENIOS CON EL INTA; PRODUCCION DESTINADA AL CONSUMO DE LAS RESPECTIVAS COMUNIDADES.","('0197-S-2002', 1)":null,"('0197-S-2002', 2)":null,"('0197-S-2002', 3)":null,"('0197-S-2002', 4)":null,"('0197-S-2002', 5)":null,"('0197-S-2002', 6)":null},"Palabra Clave":{"('0197-S-2002', 0)":" ","('0197-S-2002', 1)":null,"('0197-S-2002', 2)":null,"('0197-S-2002', 3)":null,"('0197-S-2002', 4)":null,"('0197-S-2002', 5)":null,"('0197-S-2002', 6)":null}}