{"Tipo de Proyecto":{"('0197-D-2002', 0)":"PROYECTO DE RESOLUCI\u00d3N","('0197-D-2002', 1)":null,"('0197-D-2002', 2)":null,"('0197-D-2002', 3)":null,"('0197-D-2002', 4)":null,"('0197-D-2002', 5)":null},"Iniciado en: ":{"('0197-D-2002', 0)":"Diputados","('0197-D-2002', 1)":null,"('0197-D-2002', 2)":null,"('0197-D-2002', 3)":null,"('0197-D-2002', 4)":null,"('0197-D-2002', 5)":null},"Expediente Diputados: ":{"('0197-D-2002', 0)":"0197-D-2002","('0197-D-2002', 1)":null,"('0197-D-2002', 2)":null,"('0197-D-2002', 3)":null,"('0197-D-2002', 4)":null,"('0197-D-2002', 5)":null},"Publicado en: ":{"('0197-D-2002', 0)":"Tr\u00e1mite Parlamentario N\u00b0 5","('0197-D-2002', 1)":null,"('0197-D-2002', 2)":null,"('0197-D-2002', 3)":null,"('0197-D-2002', 4)":null,"('0197-D-2002', 5)":null},"Fecha: ":{"('0197-D-2002', 0)":"07\/03\/2002","('0197-D-2002', 1)":null,"('0197-D-2002', 2)":null,"('0197-D-2002', 3)":null,"('0197-D-2002', 4)":null,"('0197-D-2002', 5)":null},"T\u00edtulo":{"('0197-D-2002', 0)":"DAR CUMPLIMIENTO A LO NORMADO POR LA LEY 24815 QUE ESTABLECE LA \"FIJACION DEL LIMITE EXTERIOR ESTE DE LA PLATAFORMA CONTINENTAL ARGENTINA\", CUYA EJECUCION DEBE LLEVAR ADELANTE LA COMISION NACIONAL DE LIMITE EXTERIOR DE LA PLATAFORMA CONTINENTAL (COPLA).","('0197-D-2002', 1)":null,"('0197-D-2002', 2)":null,"('0197-D-2002', 3)":null,"('0197-D-2002', 4)":null,"('0197-D-2002', 5)":null},"('Firmantes', 'FIRMANTE')":{"('0197-D-2002', 0)":"KUNEY, MONICA","('0197-D-2002', 1)":"ACEVEDO, SERGIO","('0197-D-2002', 2)":"MORALES, NELIDA BEATRIZ","('0197-D-2002', 3)":"BERTONE, ROSANA ANDREA","('0197-D-2002', 4)":"HERRERA, GRISELDA NOEMI","('0197-D-2002', 5)":"LARREGUY, CARLOS ALBERTO"},"('Firmantes', 'DISTRITO')":{"('0197-D-2002', 0)":"SANTA CRUZ","('0197-D-2002', 1)":"SANTA CRUZ","('0197-D-2002', 2)":"BUENOS AIRES","('0197-D-2002', 3)":"TIERRA DEL FUEGO","('0197-D-2002', 4)":"LA RIOJA","('0197-D-2002', 5)":"RIO NEGRO"},"('Firmantes', 'BLOQUE')":{"('0197-D-2002', 0)":"JUSTICIALISTA","('0197-D-2002', 1)":"JUSTICIALISTA","('0197-D-2002', 2)":"UNIDAD FEDERALISTA","('0197-D-2002', 3)":"JUSTICIALISTA","('0197-D-2002', 4)":"JUSTICIALISTA","('0197-D-2002', 5)":"JUSTICIALISTA"},"('Giros', 'COMISI\u00d3N')":{"('0197-D-2002', 0)":"RELACIONES EXTERIORES Y CULTO","('0197-D-2002', 1)":"DEFENSA NACIONAL","('0197-D-2002', 2)":null,"('0197-D-2002', 3)":null,"('0197-D-2002', 4)":null,"('0197-D-2002', 5)":null},"Sumario":{"('0197-D-2002', 0)":"SOLICITUD AL PODER EJECUTIVO NACIONAL.","('0197-D-2002', 1)":null,"('0197-D-2002', 2)":null,"('0197-D-2002', 3)":null,"('0197-D-2002', 4)":null,"('0197-D-2002', 5)":null},"Palabra Clave":{"('0197-D-2002', 0)":" ","('0197-D-2002', 1)":null,"('0197-D-2002', 2)":null,"('0197-D-2002', 3)":null,"('0197-D-2002', 4)":null,"('0197-D-2002', 5)":null}}