{"Tipo de Proyecto":{"('0198-S-2002', 0)":"PROYECTO DE LEY","('0198-S-2002', 1)":null,"('0198-S-2002', 2)":null,"('0198-S-2002', 3)":null,"('0198-S-2002', 4)":null},"Iniciado en: ":{"('0198-S-2002', 0)":"Senado","('0198-S-2002', 1)":null,"('0198-S-2002', 2)":null,"('0198-S-2002', 3)":null,"('0198-S-2002', 4)":null},"Expediente Diputados: ":{"('0198-S-2002', 0)":"0198-S-2002","('0198-S-2002', 1)":null,"('0198-S-2002', 2)":null,"('0198-S-2002', 3)":null,"('0198-S-2002', 4)":null},"Expediente Senado: ":{"('0198-S-2002', 0)":"0666-S-2002","('0198-S-2002', 1)":null,"('0198-S-2002', 2)":null,"('0198-S-2002', 3)":null,"('0198-S-2002', 4)":null},"Publicado en: ":{"('0198-S-2002', 0)":"Diario de Asuntos Entrados N\u00b0 78","('0198-S-2002', 1)":null,"('0198-S-2002', 2)":null,"('0198-S-2002', 3)":null,"('0198-S-2002', 4)":null},"Fecha: ":{"('0198-S-2002', 0)":"03\/05\/2002","('0198-S-2002', 1)":null,"('0198-S-2002', 2)":null,"('0198-S-2002', 3)":null,"('0198-S-2002', 4)":null},"T\u00edtulo":{"('0198-S-2002', 0)":"CUMPLIMIENTO DEL A\u00d1O LECTIVO.","('0198-S-2002', 1)":null,"('0198-S-2002', 2)":null,"('0198-S-2002', 3)":null,"('0198-S-2002', 4)":null},"('Firmantes', 'FIRMANTE')":{"('0198-S-2002', 0)":"BAR, GRACIELA YOLANDA","('0198-S-2002', 1)":null,"('0198-S-2002', 2)":null,"('0198-S-2002', 3)":null,"('0198-S-2002', 4)":null},"('Firmantes', 'DISTRITO')":{"('0198-S-2002', 0)":"ENTRE RIOS","('0198-S-2002', 1)":null,"('0198-S-2002', 2)":null,"('0198-S-2002', 3)":null,"('0198-S-2002', 4)":null},"('Firmantes', 'BLOQUE')":{"('0198-S-2002', 0)":"JUSTICIALISTA","('0198-S-2002', 1)":null,"('0198-S-2002', 2)":null,"('0198-S-2002', 3)":null,"('0198-S-2002', 4)":null},"('Giros', 'COMISI\u00d3N')":{"('0198-S-2002', 0)":"EDUCACION","('0198-S-2002', 1)":null,"('0198-S-2002', 2)":null,"('0198-S-2002', 3)":null,"('0198-S-2002', 4)":null},"('Tramites', 'C\u00c1MARA')":{"('0198-S-2002', 0)":"Senado","('0198-S-2002', 1)":"Senado","('0198-S-2002', 2)":"Senado","('0198-S-2002', 3)":"Senado","('0198-S-2002', 4)":"Diputados"},"('Tramites', 'MOVIMIENTO')":{"('0198-S-2002', 0)":"MOCION SOBRE TABLAS (AFIRMATIVA)","('0198-S-2002', 1)":"CONSIDERACION","('0198-S-2002', 2)":"MOCION DE PREFERENCIA PARA LA PROXIMA SESION (AFIRMATIVA)","('0198-S-2002', 3)":"CONSIDERACION Y APROBACION","('0198-S-2002', 4)":"PASA A DIPUTADOS - (TP 191)"},"('Tramites', 'FECHA')":{"('0198-S-2002', 0)":"11\/09\/2002","('0198-S-2002', 1)":"11\/09\/2002","('0198-S-2002', 2)":"23\/10\/2002","('0198-S-2002', 3)":"27\/11\/2002","('0198-S-2002', 4)":null},"('Tramites', 'RESULTADO')":{"('0198-S-2002', 0)":null,"('0198-S-2002', 1)":null,"('0198-S-2002', 2)":null,"('0198-S-2002', 3)":"MEDIA SANCION","('0198-S-2002', 4)":null},"Sumario":{"('0198-S-2002', 0)":"ESTABLECER 180 DIAS DE CLASES COMO CANTIDAD MININA ANUAL PARA LA TOTALIDAD DEL PAIS; ESTABLECIMIENTO DE LAS CONDICIONES NECESARIAS POR PARTE DEL MINISTERIO DE EDUCACION; ESTRATEGIAS DE TRABAJO.","('0198-S-2002', 1)":null,"('0198-S-2002', 2)":null,"('0198-S-2002', 3)":null,"('0198-S-2002', 4)":null},"Palabra Clave":{"('0198-S-2002', 0)":" ","('0198-S-2002', 1)":null,"('0198-S-2002', 2)":null,"('0198-S-2002', 3)":null,"('0198-S-2002', 4)":null}}