{"Tipo de Proyecto":{"('0198-PE-2002', 0)":"MENSAJE NRO: 1081\/02","('0198-PE-2002', 1)":null},"Iniciado en: ":{"('0198-PE-2002', 0)":"Senado","('0198-PE-2002', 1)":null},"Expediente Senado: ":{"('0198-PE-2002', 0)":"0198-PE-2002","('0198-PE-2002', 1)":null},"Publicado en: ":{"('0198-PE-2002', 0)":"DAE S.A. N\u00b0 10","('0198-PE-2002', 1)":null},"Fecha: ":{"('0198-PE-2002', 0)":"28\/06\/2002","('0198-PE-2002', 1)":null},"T\u00edtulo":{"('0198-PE-2002', 0)":"SOLICITAR ACUERDO PARA DESIGNAR PRESIDENTE DEL BANCO CENTRAL DE LA REPUBLICA ARGENTINA, DE CONFORMIDAD CON EL ARTICULO 7 DE LA LEY 24144 (CARTA ORGANICA).","('0198-PE-2002', 1)":null},"('Firmantes', 'FIRMANTE')":{"('0198-PE-2002', 0)":"DUHALDE, EDUARDO ALBERTO","('0198-PE-2002', 1)":"LAVAGNA, ROBERTO"},"('Firmantes', 'DISTRITO')":{"('0198-PE-2002', 0)":null,"('0198-PE-2002', 1)":null},"('Firmantes', 'BLOQUE')":{"('0198-PE-2002', 0)":"PODER EJECUTIVO","('0198-PE-2002', 1)":"PODER EJECUTIVO"},"('Tramites', 'C\u00c1MARA')":{"('0198-PE-2002', 0)":"Senado","('0198-PE-2002', 1)":null},"('Tramites', 'MOVIMIENTO')":{"('0198-PE-2002', 0)":"SOLICITUD DE RETIRO DEL ACUERDO (EXPEDIENTE 0649-PE-02) (AFIRMATIVA)","('0198-PE-2002', 1)":null},"('Tramites', 'FECHA')":{"('0198-PE-2002', 0)":"18\/12\/2002","('0198-PE-2002', 1)":null},"('Tramites', 'RESULTADO')":{"('0198-PE-2002', 0)":"RETIRADO","('0198-PE-2002', 1)":null},"Sumario":{"('0198-PE-2002', 0)":"AL DOCTOR ALDO RUBEN PIGNANELLI.","('0198-PE-2002', 1)":null},"Palabra Clave":{"('0198-PE-2002', 0)":" ","('0198-PE-2002', 1)":null}}