{"Tipo de Proyecto":{"('0199-PE-2002', 0)":"MENSAJE NRO: 1084\/02","('0199-PE-2002', 1)":null},"Iniciado en: ":{"('0199-PE-2002', 0)":"Senado","('0199-PE-2002', 1)":null},"Expediente Senado: ":{"('0199-PE-2002', 0)":"0199-PE-2002","('0199-PE-2002', 1)":null},"Publicado en: ":{"('0199-PE-2002', 0)":"DAE S.A. N\u00b0 10","('0199-PE-2002', 1)":null},"Fecha: ":{"('0199-PE-2002', 0)":"28\/06\/2002","('0199-PE-2002', 1)":null},"T\u00edtulo":{"('0199-PE-2002', 0)":"SOLICITAR ACUERDO PARA DESIGNAR DIRECTOR DEL BANCO CENTRAL DE LA REPUBLICA ARGENTINA, DE CONFORMIDAD CON EL ARTICULO 7 DE LA LEY 24144 (CARTA ORGANICA).","('0199-PE-2002', 1)":null},"('Firmantes', 'FIRMANTE')":{"('0199-PE-2002', 0)":"DUHALDE, EDUARDO ALBERTO","('0199-PE-2002', 1)":"LAVAGNA, ROBERTO"},"('Firmantes', 'DISTRITO')":{"('0199-PE-2002', 0)":null,"('0199-PE-2002', 1)":null},"('Firmantes', 'BLOQUE')":{"('0199-PE-2002', 0)":"PODER EJECUTIVO","('0199-PE-2002', 1)":"PODER EJECUTIVO"},"('Tramites', 'C\u00c1MARA')":{"('0199-PE-2002', 0)":"Senado","('0199-PE-2002', 1)":null},"('Tramites', 'MOVIMIENTO')":{"('0199-PE-2002', 0)":"CONSIDERACION Y APROBACION","('0199-PE-2002', 1)":null},"('Tramites', 'FECHA')":{"('0199-PE-2002', 0)":"26\/12\/2002","('0199-PE-2002', 1)":null},"('Tramites', 'RESULTADO')":{"('0199-PE-2002', 0)":"APROBADO","('0199-PE-2002', 1)":null},"Sumario":{"('0199-PE-2002', 0)":"AL CONTADOR  JORGE ALBERTO LEVY.","('0199-PE-2002', 1)":null},"Palabra Clave":{"('0199-PE-2002', 0)":" ","('0199-PE-2002', 1)":null}}