{"Tipo de Proyecto":{"('0199-S-2002', 0)":"PROYECTO DE LEY","('0199-S-2002', 1)":null,"('0199-S-2002', 2)":null,"('0199-S-2002', 3)":null,"('0199-S-2002', 4)":null,"('0199-S-2002', 5)":null},"Iniciado en: ":{"('0199-S-2002', 0)":"Senado","('0199-S-2002', 1)":null,"('0199-S-2002', 2)":null,"('0199-S-2002', 3)":null,"('0199-S-2002', 4)":null,"('0199-S-2002', 5)":null},"Expediente Diputados: ":{"('0199-S-2002', 0)":"0199-S-2002","('0199-S-2002', 1)":null,"('0199-S-2002', 2)":null,"('0199-S-2002', 3)":null,"('0199-S-2002', 4)":null,"('0199-S-2002', 5)":null},"Expediente Senado: ":{"('0199-S-2002', 0)":"0032-S-2002","('0199-S-2002', 1)":null,"('0199-S-2002', 2)":null,"('0199-S-2002', 3)":null,"('0199-S-2002', 4)":null,"('0199-S-2002', 5)":null},"Publicado en: ":{"('0199-S-2002', 0)":"Diario de Asuntos Entrados N\u00b0 6","('0199-S-2002', 1)":null,"('0199-S-2002', 2)":null,"('0199-S-2002', 3)":null,"('0199-S-2002', 4)":null,"('0199-S-2002', 5)":null},"Fecha: ":{"('0199-S-2002', 0)":"04\/03\/2002","('0199-S-2002', 1)":null,"('0199-S-2002', 2)":null,"('0199-S-2002', 3)":null,"('0199-S-2002', 4)":null,"('0199-S-2002', 5)":null},"T\u00edtulo":{"('0199-S-2002', 0)":"EXHIBICION DE LOS DERECHOS Y GARANTIAS RECONOCIDOS POR LA CONSTITUCION NACIONAL EN DEPENDENCIAS POLICIALES.","('0199-S-2002', 1)":null,"('0199-S-2002', 2)":null,"('0199-S-2002', 3)":null,"('0199-S-2002', 4)":null,"('0199-S-2002', 5)":null},"('Firmantes', 'FIRMANTE')":{"('0199-S-2002', 0)":"PICHETTO, MIGUEL ANGEL","('0199-S-2002', 1)":null,"('0199-S-2002', 2)":null,"('0199-S-2002', 3)":null,"('0199-S-2002', 4)":null,"('0199-S-2002', 5)":null},"('Firmantes', 'DISTRITO')":{"('0199-S-2002', 0)":"RIO NEGRO","('0199-S-2002', 1)":null,"('0199-S-2002', 2)":null,"('0199-S-2002', 3)":null,"('0199-S-2002', 4)":null,"('0199-S-2002', 5)":null},"('Firmantes', 'BLOQUE')":{"('0199-S-2002', 0)":"JUSTICIALISTA","('0199-S-2002', 1)":null,"('0199-S-2002', 2)":null,"('0199-S-2002', 3)":null,"('0199-S-2002', 4)":null,"('0199-S-2002', 5)":null},"('Giros', 'COMISI\u00d3N')":{"('0199-S-2002', 0)":"LEGISLACION PENAL","('0199-S-2002', 1)":null,"('0199-S-2002', 2)":null,"('0199-S-2002', 3)":null,"('0199-S-2002', 4)":null,"('0199-S-2002', 5)":null},"('Tramites', 'C\u00c1MARA')":{"('0199-S-2002', 0)":"Senado","('0199-S-2002', 1)":"Diputados","('0199-S-2002', 2)":"Diputados","('0199-S-2002', 3)":"Senado","('0199-S-2002', 4)":"Senado","('0199-S-2002', 5)":"Diputados"},"('Tramites', 'MOVIMIENTO')":{"('0199-S-2002', 0)":"CONSIDERACION Y APROBACION","('0199-S-2002', 1)":"PASA A DIPUTADOS - (TP 191)","('0199-S-2002', 2)":"CONSIDERACION Y APROBACION CON MODIFICACIONES","('0199-S-2002', 3)":"VUELVE A SENADO - (DAE 183)","('0199-S-2002', 4)":"CONSIDERACION Y SANCION","('0199-S-2002', 5)":"COMUNICACION DEL DECRETO 1496\/2004 del 27\/10\/2004 DE VETO TOTAL Y DEVOLUCION DEL PROYECTO"},"('Tramites', 'FECHA')":{"('0199-S-2002', 0)":"27\/11\/2002","('0199-S-2002', 1)":null,"('0199-S-2002', 2)":"26\/11\/2003","('0199-S-2002', 3)":null,"('0199-S-2002', 4)":"06\/10\/2004","('0199-S-2002', 5)":null},"('Tramites', 'RESULTADO')":{"('0199-S-2002', 0)":"MEDIA SANCION","('0199-S-2002', 1)":null,"('0199-S-2002', 2)":"MEDIA SANCION","('0199-S-2002', 3)":null,"('0199-S-2002', 4)":"SANCIONADO","('0199-S-2002', 5)":null},"Link":{"('0199-S-2002', 0)":"https:\/\/www4.hcdn.gob.ar\/dependencias\/dsecretaria\/Periodo2002\/PDF2002\/TP2002\/0199-S-02.pdf","('0199-S-2002', 1)":null,"('0199-S-2002', 2)":null,"('0199-S-2002', 3)":null,"('0199-S-2002', 4)":null,"('0199-S-2002', 5)":null},"Palabra Clave":{"('0199-S-2002', 0)":" ","('0199-S-2002', 1)":null,"('0199-S-2002', 2)":null,"('0199-S-2002', 3)":null,"('0199-S-2002', 4)":null,"('0199-S-2002', 5)":null}}