{"Tipo de Proyecto":{"('0200-D-2002', 0)":"PROYECTO DE RESOLUCI\u00d3N","('0200-D-2002', 1)":null},"Iniciado en: ":{"('0200-D-2002', 0)":"Diputados","('0200-D-2002', 1)":null},"Expediente Diputados: ":{"('0200-D-2002', 0)":"0200-D-2002","('0200-D-2002', 1)":null},"Publicado en: ":{"('0200-D-2002', 0)":"Tr\u00e1mite Parlamentario N\u00b0 5","('0200-D-2002', 1)":null},"Fecha: ":{"('0200-D-2002', 0)":"07\/03\/2002","('0200-D-2002', 1)":null},"T\u00edtulo":{"('0200-D-2002', 0)":"OTORGAMIENTO DE UNA PRORROGA POR DOS A\u00d1OS A TODAS LAS PYMES NACIONALES QUE NO HAYAN PODIDO CUMPLIMENTAR CON LA APLICACION DE LA RESOLUCION 92\/98 DE LA EX SECRETARIA DE INDUSTRIA, COMERCIO Y MINERIA, SOBRE NORMAS DE SEGURIDAD PARA LA ELABORACION DE ARTICULOS INDUSTRIALES.","('0200-D-2002', 1)":null},"('Firmantes', 'FIRMANTE')":{"('0200-D-2002', 0)":"FERNANDEZ VALONI, JOSE LUIS","('0200-D-2002', 1)":null},"('Firmantes', 'DISTRITO')":{"('0200-D-2002', 0)":"CIUDAD de BUENOS AIRES","('0200-D-2002', 1)":null},"('Firmantes', 'BLOQUE')":{"('0200-D-2002', 0)":"ACCION REPUBLICA","('0200-D-2002', 1)":null},"('Giros', 'COMISI\u00d3N')":{"('0200-D-2002', 0)":"PEQUE\u00d1AS Y MEDIANAS EMPRESAS","('0200-D-2002', 1)":"DEFENSA DEL CONSUMIDOR"},"('Tramites', 'C\u00c1MARA')":{"('0200-D-2002', 0)":"Diputados","('0200-D-2002', 1)":null},"('Tramites', 'MOVIMIENTO')":{"('0200-D-2002', 0)":"SOLICITUD DE REPRODUCCION DEL PROYECTO PARA EL PERIODO 121 (2003), SEGUN LOS TERMINOS DEL ARTICULO 7 DE LA RESOLUCION DE LA HCD DEL 05\/06\/1996","('0200-D-2002', 1)":null},"('Tramites', 'FECHA')":{"('0200-D-2002', 0)":"12\/03\/2003","('0200-D-2002', 1)":null},"('Tramites', 'RESULTADO')":{"('0200-D-2002', 0)":null,"('0200-D-2002', 1)":null},"Sumario":{"('0200-D-2002', 0)":"SOLICITUD AL PODER EJECUTIVO NACIONAL.","('0200-D-2002', 1)":null},"Palabra Clave":{"('0200-D-2002', 0)":" ","('0200-D-2002', 1)":null}}