{"Tipo de Proyecto":{"('0200-PE-2002', 0)":"MENSAJE NRO: 1085\/02","('0200-PE-2002', 1)":null},"Iniciado en: ":{"('0200-PE-2002', 0)":"Senado","('0200-PE-2002', 1)":null},"Expediente Senado: ":{"('0200-PE-2002', 0)":"0200-PE-2002","('0200-PE-2002', 1)":null},"Publicado en: ":{"('0200-PE-2002', 0)":"DAE S.A. N\u00b0 10","('0200-PE-2002', 1)":null},"Fecha: ":{"('0200-PE-2002', 0)":"28\/06\/2002","('0200-PE-2002', 1)":null},"T\u00edtulo":{"('0200-PE-2002', 0)":"SOLICITAR ACUERDO PARA DESIGNAR DIRECTOR DEL BANCO CENTRAL DE LA REPUBLICA ARGENTINA, DE CONFORMIDAD CON EL ARTICULO 7 DE LA LEY 24144 (CARTA ORGANICA).","('0200-PE-2002', 1)":null},"('Firmantes', 'FIRMANTE')":{"('0200-PE-2002', 0)":"DUHALDE, EDUARDO ALBERTO","('0200-PE-2002', 1)":"LAVAGNA, ROBERTO"},"('Firmantes', 'DISTRITO')":{"('0200-PE-2002', 0)":null,"('0200-PE-2002', 1)":null},"('Firmantes', 'BLOQUE')":{"('0200-PE-2002', 0)":"PODER EJECUTIVO","('0200-PE-2002', 1)":"PODER EJECUTIVO"},"('Tramites', 'C\u00c1MARA')":{"('0200-PE-2002', 0)":"Senado","('0200-PE-2002', 1)":"Senado"},"('Tramites', 'MOVIMIENTO')":{"('0200-PE-2002', 0)":"MOCION SOBRE TABLAS (AFIRMATIVA)","('0200-PE-2002', 1)":"CONSIDERACION Y APROBACION"},"('Tramites', 'FECHA')":{"('0200-PE-2002', 0)":"20\/08\/2003","('0200-PE-2002', 1)":"20\/08\/2003"},"('Tramites', 'RESULTADO')":{"('0200-PE-2002', 0)":null,"('0200-PE-2002', 1)":"APROBADO"},"Sumario":{"('0200-PE-2002', 0)":"AL DOCTOR FELIX ALBERTO CAMARASA.","('0200-PE-2002', 1)":null},"Palabra Clave":{"('0200-PE-2002', 0)":" ","('0200-PE-2002', 1)":null}}