{"Tipo de Proyecto":{"('0200-S-2002', 0)":"MENSAJE NRO: 0896\/02 Y PROYECTO DE LEY","('0200-S-2002', 1)":null,"('0200-S-2002', 2)":null,"('0200-S-2002', 3)":null},"Iniciado en: ":{"('0200-S-2002', 0)":"Senado","('0200-S-2002', 1)":null,"('0200-S-2002', 2)":null,"('0200-S-2002', 3)":null},"Expediente Diputados: ":{"('0200-S-2002', 0)":"0200-S-2002","('0200-S-2002', 1)":null,"('0200-S-2002', 2)":null,"('0200-S-2002', 3)":null},"Expediente Senado: ":{"('0200-S-2002', 0)":"0142-PE-2002","('0200-S-2002', 1)":null,"('0200-S-2002', 2)":null,"('0200-S-2002', 3)":null},"Publicado en: ":{"('0200-S-2002', 0)":"Diario de Asuntos Entrados N\u00b0 118","('0200-S-2002', 1)":null,"('0200-S-2002', 2)":null,"('0200-S-2002', 3)":null},"Fecha: ":{"('0200-S-2002', 0)":"31\/05\/2002","('0200-S-2002', 1)":null,"('0200-S-2002', 2)":null,"('0200-S-2002', 3)":null},"T\u00edtulo":{"('0200-S-2002', 0)":"CONVENIO PARA LA PROTECCION, CONSERVACION, RECUPERACION Y DEVOLUCION DE BIENES CULTURALES,  ARQUEOLOGICOS,  ARTISTICOS E HISTORICOS ROBADOS, EXPORTADOS O TRANSFERIDOS ILICITAMENTE ENTRE ARGENTINA Y PERU, SUSCRIPTO EN BUENOS AIRES EL 15 DE MAYO DE 2001 .","('0200-S-2002', 1)":null,"('0200-S-2002', 2)":null,"('0200-S-2002', 3)":null},"('Firmantes', 'FIRMANTE')":{"('0200-S-2002', 0)":"DUHALDE, EDUARDO ALBERTO","('0200-S-2002', 1)":"ATANASOF, ALFREDO NESTOR","('0200-S-2002', 2)":"RUCKAUF, CARLOS FEDERICO","('0200-S-2002', 3)":null},"('Firmantes', 'DISTRITO')":{"('0200-S-2002', 0)":null,"('0200-S-2002', 1)":null,"('0200-S-2002', 2)":null,"('0200-S-2002', 3)":null},"('Firmantes', 'BLOQUE')":{"('0200-S-2002', 0)":"PODER EJECUTIVO","('0200-S-2002', 1)":"PODER EJECUTIVO","('0200-S-2002', 2)":"PODER EJECUTIVO","('0200-S-2002', 3)":null},"('Giros', 'COMISI\u00d3N')":{"('0200-S-2002', 0)":"RELACIONES EXTERIORES Y CULTO","('0200-S-2002', 1)":"CULTURA","('0200-S-2002', 2)":"ECONOMIA","('0200-S-2002', 3)":"PRESUPUESTO Y HACIENDA"},"('Tramites', 'C\u00c1MARA')":{"('0200-S-2002', 0)":"Senado","('0200-S-2002', 1)":"Diputados","('0200-S-2002', 2)":"Diputados","('0200-S-2002', 3)":null},"('Tramites', 'MOVIMIENTO')":{"('0200-S-2002', 0)":"CONSIDERACION Y APROBACION","('0200-S-2002', 1)":"PASA A DIPUTADOS - (TP 191)","('0200-S-2002', 2)":"CONSIDERACION Y SANCION","('0200-S-2002', 3)":null},"('Tramites', 'FECHA')":{"('0200-S-2002', 0)":"27\/11\/2002","('0200-S-2002', 1)":null,"('0200-S-2002', 2)":"26\/11\/2003","('0200-S-2002', 3)":null},"('Tramites', 'RESULTADO')":{"('0200-S-2002', 0)":"MEDIA SANCION","('0200-S-2002', 1)":null,"('0200-S-2002', 2)":"SANCIONADO","('0200-S-2002', 3)":null},"Sumario":{"('0200-S-2002', 0)":"APROBACION.","('0200-S-2002', 1)":null,"('0200-S-2002', 2)":null,"('0200-S-2002', 3)":null},"Palabra Clave":{"('0200-S-2002', 0)":" ","('0200-S-2002', 1)":null,"('0200-S-2002', 2)":null,"('0200-S-2002', 3)":null}}