{"Tipo de Proyecto":{"('0202-S-2002', 0)":"PROYECTO DE LEY","('0202-S-2002', 1)":null,"('0202-S-2002', 2)":null},"Iniciado en: ":{"('0202-S-2002', 0)":"Senado","('0202-S-2002', 1)":null,"('0202-S-2002', 2)":null},"Expediente Diputados: ":{"('0202-S-2002', 0)":"0202-S-2002","('0202-S-2002', 1)":null,"('0202-S-2002', 2)":null},"Expediente Senado: ":{"('0202-S-2002', 0)":"1405-S-2002","('0202-S-2002', 1)":null,"('0202-S-2002', 2)":null},"Publicado en: ":{"('0202-S-2002', 0)":"Diario de Asuntos Entrados N\u00b0 159","('0202-S-2002', 1)":null,"('0202-S-2002', 2)":null},"Fecha: ":{"('0202-S-2002', 0)":"03\/07\/2002","('0202-S-2002', 1)":null,"('0202-S-2002', 2)":null},"T\u00edtulo":{"('0202-S-2002', 0)":"DECLARAR A LA INDUSTRIA INFORMATICA COMO ACTIVIDAD ESTRATEGICA PARA EL DESARROLLO NACIONAL.","('0202-S-2002', 1)":null,"('0202-S-2002', 2)":null},"('Firmantes', 'FIRMANTE')":{"('0202-S-2002', 0)":"FALCO, LUIS ALBERTO","('0202-S-2002', 1)":null,"('0202-S-2002', 2)":null},"('Firmantes', 'DISTRITO')":{"('0202-S-2002', 0)":"RIO NEGRO","('0202-S-2002', 1)":null,"('0202-S-2002', 2)":null},"('Firmantes', 'BLOQUE')":{"('0202-S-2002', 0)":"UCR","('0202-S-2002', 1)":null,"('0202-S-2002', 2)":null},"('Giros', 'COMISI\u00d3N')":{"('0202-S-2002', 0)":"COMUNICACIONES E INFORMATICA","('0202-S-2002', 1)":"INDUSTRIA","('0202-S-2002', 2)":"PRESUPUESTO Y HACIENDA"},"('Tramites', 'C\u00c1MARA')":{"('0202-S-2002', 0)":"Senado","('0202-S-2002', 1)":"Diputados","('0202-S-2002', 2)":null},"('Tramites', 'MOVIMIENTO')":{"('0202-S-2002', 0)":"CONSIDERACION Y APROBACION","('0202-S-2002', 1)":"PASA A DIPUTADOS - (TP 191)","('0202-S-2002', 2)":null},"('Tramites', 'FECHA')":{"('0202-S-2002', 0)":"27\/11\/2002","('0202-S-2002', 1)":null,"('0202-S-2002', 2)":null},"('Tramites', 'RESULTADO')":{"('0202-S-2002', 0)":"MEDIA SANCION","('0202-S-2002', 1)":null,"('0202-S-2002', 2)":null},"Sumario":{"('0202-S-2002', 0)":"COMPRENDE: EMPRESAS PUBLICAS O PRIVADAS DE PRODUCCION DE SOFTWARE Y HARDWARE; ASIMILACION A UNA ACTIVIDAD INDUSTRIAL PARA LA PERCEPCION DE BENEFICIOS IMPOSITIVOS.","('0202-S-2002', 1)":null,"('0202-S-2002', 2)":null},"Palabra Clave":{"('0202-S-2002', 0)":" ","('0202-S-2002', 1)":null,"('0202-S-2002', 2)":null}}