{"Tipo de Proyecto":{"('0202-PE-2002', 0)":"MENSAJE NRO: 1092\/02","('0202-PE-2002', 1)":null},"Iniciado en: ":{"('0202-PE-2002', 0)":"Senado","('0202-PE-2002', 1)":null},"Expediente Senado: ":{"('0202-PE-2002', 0)":"0202-PE-2002","('0202-PE-2002', 1)":null},"Publicado en: ":{"('0202-PE-2002', 0)":"DAE S.A. N\u00b0 10","('0202-PE-2002', 1)":null},"Fecha: ":{"('0202-PE-2002', 0)":"28\/06\/2002","('0202-PE-2002', 1)":null},"T\u00edtulo":{"('0202-PE-2002', 0)":"SOLICITAR ACUERDO PARA DESIGNAR DIRECTOR DEL BANCO CENTRAL DE LA REPUBLICA ARGENTINA, DE CONFORMIDAD CON EL ARTICULO 7 DE LA LEY 24144.","('0202-PE-2002', 1)":null},"('Firmantes', 'FIRMANTE')":{"('0202-PE-2002', 0)":"DUHALDE, EDUARDO ALBERTO","('0202-PE-2002', 1)":"LAVAGNA, ROBERTO"},"('Firmantes', 'DISTRITO')":{"('0202-PE-2002', 0)":null,"('0202-PE-2002', 1)":null},"('Firmantes', 'BLOQUE')":{"('0202-PE-2002', 0)":"PODER EJECUTIVO","('0202-PE-2002', 1)":"PODER EJECUTIVO"},"Sumario":{"('0202-PE-2002', 0)":"AL DOCTOR RICARDO ALBERTO FERREIRO.","('0202-PE-2002', 1)":null},"Palabra Clave":{"('0202-PE-2002', 0)":" ","('0202-PE-2002', 1)":null}}