{"Tipo de Proyecto":{"('0202-D-2002', 0)":"PROYECTO DE LEY","('0202-D-2002', 1)":null},"Iniciado en: ":{"('0202-D-2002', 0)":"Diputados","('0202-D-2002', 1)":null},"Expediente Diputados: ":{"('0202-D-2002', 0)":"0202-D-2002","('0202-D-2002', 1)":null},"Publicado en: ":{"('0202-D-2002', 0)":"Tr\u00e1mite Parlamentario N\u00b0 5","('0202-D-2002', 1)":null},"Fecha: ":{"('0202-D-2002', 0)":"07\/03\/2002","('0202-D-2002', 1)":null},"T\u00edtulo":{"('0202-D-2002', 0)":"LEY 23592, DE LUCHA CONTRA LA DISCRIMINACION: MODIFICACIONES.","('0202-D-2002', 1)":null},"('Firmantes', 'FIRMANTE')":{"('0202-D-2002', 0)":"STOLBIZER, MARGARITA ROSA","('0202-D-2002', 1)":null},"('Firmantes', 'DISTRITO')":{"('0202-D-2002', 0)":"BUENOS AIRES","('0202-D-2002', 1)":null},"('Firmantes', 'BLOQUE')":{"('0202-D-2002', 0)":"UCR","('0202-D-2002', 1)":null},"('Giros', 'COMISI\u00d3N')":{"('0202-D-2002', 0)":"LEGISLACION PENAL","('0202-D-2002', 1)":"DEPORTES"},"('Tramites', 'C\u00c1MARA')":{"('0202-D-2002', 0)":"Diputados","('0202-D-2002', 1)":"Diputados"},"('Tramites', 'MOVIMIENTO')":{"('0202-D-2002', 0)":"MOCION DE PREFERENCIA CON DICTAMEN (AFIRMATIVA)","('0202-D-2002', 1)":"REPRODUCIDO POR EXPEDIENTE 0983-D-04 (TP 16)"},"('Tramites', 'FECHA')":{"('0202-D-2002', 0)":"13\/03\/2002","('0202-D-2002', 1)":null},"('Tramites', 'RESULTADO')":{"('0202-D-2002', 0)":null,"('0202-D-2002', 1)":null},"Sumario":{"('0202-D-2002', 0)":"MODIFICACION DEL ARTICULO 2 (TIPIFICACION DE CONDUCTAS POR RIVALIDAD U ODIO DEPORTIVO).","('0202-D-2002', 1)":null},"Palabra Clave":{"('0202-D-2002', 0)":" ","('0202-D-2002', 1)":null}}