{"Tipo de Proyecto":{"('0204-S-2002', 0)":"PROYECTO DE LEY","('0204-S-2002', 1)":null,"('0204-S-2002', 2)":null,"('0204-S-2002', 3)":null},"Iniciado en: ":{"('0204-S-2002', 0)":"Senado","('0204-S-2002', 1)":null,"('0204-S-2002', 2)":null,"('0204-S-2002', 3)":null},"Expediente Diputados: ":{"('0204-S-2002', 0)":"0204-S-2002","('0204-S-2002', 1)":null,"('0204-S-2002', 2)":null,"('0204-S-2002', 3)":null},"Expediente Senado: ":{"('0204-S-2002', 0)":"1174-S-2002","('0204-S-2002', 1)":null,"('0204-S-2002', 2)":null,"('0204-S-2002', 3)":null},"Publicado en: ":{"('0204-S-2002', 0)":"Diario de Asuntos Entrados N\u00b0 135","('0204-S-2002', 1)":null,"('0204-S-2002', 2)":null,"('0204-S-2002', 3)":null},"Fecha: ":{"('0204-S-2002', 0)":"12\/06\/2002","('0204-S-2002', 1)":null,"('0204-S-2002', 2)":null,"('0204-S-2002', 3)":null},"T\u00edtulo":{"('0204-S-2002', 0)":"CONSTRUCCION DE UN MONUMENTO A LA MEMORIA DE LA DOCTORA ALICIA MOREAU DE JUSTO.","('0204-S-2002', 1)":null,"('0204-S-2002', 2)":null,"('0204-S-2002', 3)":null},"('Firmantes', 'FIRMANTE')":{"('0204-S-2002', 0)":"CURLETTI, MIRIAM BELEN","('0204-S-2002', 1)":"LESCANO, MARCELA FABIANA","('0204-S-2002', 2)":"TAFFAREL, RICARDO CESAR","('0204-S-2002', 3)":"RASO, MARTA ETHEL"},"('Firmantes', 'DISTRITO')":{"('0204-S-2002', 0)":"CHACO","('0204-S-2002', 1)":"FORMOSA","('0204-S-2002', 2)":"ENTRE RIOS","('0204-S-2002', 3)":"CHUBUT"},"('Firmantes', 'BLOQUE')":{"('0204-S-2002', 0)":"UCR","('0204-S-2002', 1)":"UCR","('0204-S-2002', 2)":"UCR","('0204-S-2002', 3)":"UCR"},"('Giros', 'COMISI\u00d3N')":{"('0204-S-2002', 0)":"CULTURA","('0204-S-2002', 1)":"ASUNTOS MUNICIPALES","('0204-S-2002', 2)":"PRESUPUESTO Y HACIENDA","('0204-S-2002', 3)":null},"('Tramites', 'C\u00c1MARA')":{"('0204-S-2002', 0)":"Senado","('0204-S-2002', 1)":"Diputados","('0204-S-2002', 2)":null,"('0204-S-2002', 3)":null},"('Tramites', 'MOVIMIENTO')":{"('0204-S-2002', 0)":"CONSIDERACION Y APROBACION","('0204-S-2002', 1)":"PASA A DIPUTADOS - (TP 191)","('0204-S-2002', 2)":null,"('0204-S-2002', 3)":null},"('Tramites', 'FECHA')":{"('0204-S-2002', 0)":"27\/11\/2002","('0204-S-2002', 1)":null,"('0204-S-2002', 2)":null,"('0204-S-2002', 3)":null},"('Tramites', 'RESULTADO')":{"('0204-S-2002', 0)":"MEDIA SANCION","('0204-S-2002', 1)":null,"('0204-S-2002', 2)":null,"('0204-S-2002', 3)":null},"Sumario":{"('0204-S-2002', 0)":"RECONOCIMIENTO DE SU LUCHA POR LOS DERECHOS HUMANOS, DE LA MUJER Y DE LOS TRABAJADORES; REALIZACION EN LA CAPITAL FEDERAL; GASTOS.","('0204-S-2002', 1)":null,"('0204-S-2002', 2)":null,"('0204-S-2002', 3)":null},"Palabra Clave":{"('0204-S-2002', 0)":" ","('0204-S-2002', 1)":null,"('0204-S-2002', 2)":null,"('0204-S-2002', 3)":null}}