{"Tipo de Proyecto":{"('0205-PE-2002', 0)":"MENSAJE NRO: 1109\/02","('0205-PE-2002', 1)":null},"Iniciado en: ":{"('0205-PE-2002', 0)":"Senado","('0205-PE-2002', 1)":null},"Expediente Senado: ":{"('0205-PE-2002', 0)":"0205-PE-2002","('0205-PE-2002', 1)":null},"Publicado en: ":{"('0205-PE-2002', 0)":"DAE S.A. N\u00b0 10","('0205-PE-2002', 1)":null},"Fecha: ":{"('0205-PE-2002', 0)":"28\/06\/2002","('0205-PE-2002', 1)":null},"T\u00edtulo":{"('0205-PE-2002', 0)":"SOLICITA ACUERDO PARA DESIGNAR JUEZ  EN LA SALA V DE LA CAMARA NACIONAL DE APELACIONES DEL TRABAJO DE LA CAPITAL FEDERAL, DE CONFORMIDAD CON EL ARTICULO 99, INCISO 4 DE LA CONSTITUCION NACIONAL.","('0205-PE-2002', 1)":null},"('Firmantes', 'FIRMANTE')":{"('0205-PE-2002', 0)":"DUHALDE, EDUARDO ALBERTO","('0205-PE-2002', 1)":"VANOSSI, JORGE REINALDO"},"('Firmantes', 'DISTRITO')":{"('0205-PE-2002', 0)":null,"('0205-PE-2002', 1)":null},"('Firmantes', 'BLOQUE')":{"('0205-PE-2002', 0)":"PODER EJECUTIVO","('0205-PE-2002', 1)":"PODER EJECUTIVO"},"('Tramites', 'C\u00c1MARA')":{"('0205-PE-2002', 0)":"Senado","('0205-PE-2002', 1)":null},"('Tramites', 'MOVIMIENTO')":{"('0205-PE-2002', 0)":"CONSIDERACION Y APROBACION","('0205-PE-2002', 1)":null},"('Tramites', 'FECHA')":{"('0205-PE-2002', 0)":"01\/08\/2002","('0205-PE-2002', 1)":null},"('Tramites', 'RESULTADO')":{"('0205-PE-2002', 0)":"APROBADO","('0205-PE-2002', 1)":null},"Sumario":{"('0205-PE-2002', 0)":"A LA DOCTORA MARIA CRISTINA GARCIA MARGALEJO.","('0205-PE-2002', 1)":null},"Palabra Clave":{"('0205-PE-2002', 0)":" ","('0205-PE-2002', 1)":null}}