{"Tipo de Proyecto":{"('0206-S-2002', 0)":"PROYECTO DE LEY","('0206-S-2002', 1)":null,"('0206-S-2002', 2)":null},"Iniciado en: ":{"('0206-S-2002', 0)":"Senado","('0206-S-2002', 1)":null,"('0206-S-2002', 2)":null},"Expediente Diputados: ":{"('0206-S-2002', 0)":"0206-S-2002","('0206-S-2002', 1)":null,"('0206-S-2002', 2)":null},"Expediente Senado: ":{"('0206-S-2002', 0)":"0765-S-2002","('0206-S-2002', 1)":null,"('0206-S-2002', 2)":null},"Publicado en: ":{"('0206-S-2002', 0)":"Diario de Asuntos Entrados N\u00b0 90","('0206-S-2002', 1)":null,"('0206-S-2002', 2)":null},"Fecha: ":{"('0206-S-2002', 0)":"10\/05\/2002","('0206-S-2002', 1)":null,"('0206-S-2002', 2)":null},"T\u00edtulo":{"('0206-S-2002', 0)":"LEY 14771 DE YACIMIENTOS MINEROS DE AGUA DE DIONISIO (YMAD): MODIFICACIONES.","('0206-S-2002', 1)":null,"('0206-S-2002', 2)":null},"('Firmantes', 'FIRMANTE')":{"('0206-S-2002', 0)":"COLOMBO, MARIA TERESITA","('0206-S-2002', 1)":null,"('0206-S-2002', 2)":null},"('Firmantes', 'DISTRITO')":{"('0206-S-2002', 0)":"CATAMARCA","('0206-S-2002', 1)":null,"('0206-S-2002', 2)":null},"('Firmantes', 'BLOQUE')":{"('0206-S-2002', 0)":"FRENTE CIVICO Y SOCIAL DE CATAMARCA","('0206-S-2002', 1)":null,"('0206-S-2002', 2)":null},"('Giros', 'COMISI\u00d3N')":{"('0206-S-2002', 0)":"MINERIA","('0206-S-2002', 1)":"ECONOMIAS Y DESARROLLO REGIONAL","('0206-S-2002', 2)":"PRESUPUESTO Y HACIENDA"},"('Tramites', 'C\u00c1MARA')":{"('0206-S-2002', 0)":"Senado","('0206-S-2002', 1)":"Diputados","('0206-S-2002', 2)":null},"('Tramites', 'MOVIMIENTO')":{"('0206-S-2002', 0)":"CONSIDERACION Y APROBACION","('0206-S-2002', 1)":"PASA A DIPUTADOS - (TP 191)","('0206-S-2002', 2)":null},"('Tramites', 'FECHA')":{"('0206-S-2002', 0)":"27\/11\/2002","('0206-S-2002', 1)":null,"('0206-S-2002', 2)":null},"('Tramites', 'RESULTADO')":{"('0206-S-2002', 0)":"MEDIA SANCION","('0206-S-2002', 1)":null,"('0206-S-2002', 2)":null},"Sumario":{"('0206-S-2002', 0)":"MODIFICACION DE LOS ARTICULOS 6 (DIRECCION Y ADMINISTRACION: DESIGNACION DE LOS VOCALES POR LA PROVINCIA DE CATAMARCA Y POR LA UNIVERSIDAD NACIONAL DE TUCUMAN), 7, 10, 17, 18, 20 (IMPOSIBILIDAD DE DECLARACION DE QUIEBRA); DEROGACION DEL ARTICULO 22.","('0206-S-2002', 1)":null,"('0206-S-2002', 2)":null},"Palabra Clave":{"('0206-S-2002', 0)":" ","('0206-S-2002', 1)":null,"('0206-S-2002', 2)":null}}