{"Tipo de Proyecto":{"('0206-D-2002', 0)":"PROYECTO DE RESOLUCI\u00d3N","('0206-D-2002', 1)":null},"Iniciado en: ":{"('0206-D-2002', 0)":"Diputados","('0206-D-2002', 1)":null},"Expediente Diputados: ":{"('0206-D-2002', 0)":"0206-D-2002","('0206-D-2002', 1)":null},"Publicado en: ":{"('0206-D-2002', 0)":"Tr\u00e1mite Parlamentario N\u00b0 5","('0206-D-2002', 1)":null},"Fecha: ":{"('0206-D-2002', 0)":"07\/03\/2002","('0206-D-2002', 1)":null},"T\u00edtulo":{"('0206-D-2002', 0)":"PEDIDO DE INFORMES: SOBRE LOS GRAVES HECHOS QUE TUVIERON LUGAR EN EL MUNICIPIO DE MERLO, PROVINCIA DE BUENOS AIRES, CUANDO PERSONAS VINCULADAS AL MUNICIPIO AGREDIERON A VECINOS QUE MANIFESTABAN PACIFICAMENTE POR LA AVENIDA PRINCIPAL DE ESA LOCALIDAD.","('0206-D-2002', 1)":null},"('Firmantes', 'FIRMANTE')":{"('0206-D-2002', 0)":"ZAMORA, LUIS FERNANDO","('0206-D-2002', 1)":"ROSELLI, JOSE ALBERTO"},"('Firmantes', 'DISTRITO')":{"('0206-D-2002', 0)":"CIUDAD de BUENOS AIRES","('0206-D-2002', 1)":"CIUDAD de BUENOS AIRES"},"('Firmantes', 'BLOQUE')":{"('0206-D-2002', 0)":"AUTODETERMINACION Y LIBERTAD","('0206-D-2002', 1)":"AUTODETERMINACION Y LIBERTAD"},"('Giros', 'COMISI\u00d3N')":{"('0206-D-2002', 0)":"SEGURIDAD INTERIOR","('0206-D-2002', 1)":"DERECHOS HUMANOS Y GARANTIAS"},"('Tramites', 'C\u00c1MARA')":{"('0206-D-2002', 0)":"Diputados","('0206-D-2002', 1)":null},"('Tramites', 'MOVIMIENTO')":{"('0206-D-2002', 0)":"MOCION DE PREFERENCIA CON DICTAMEN (AFIRMATIVA)","('0206-D-2002', 1)":null},"('Tramites', 'FECHA')":{"('0206-D-2002', 0)":"13\/03\/2002","('0206-D-2002', 1)":null},"('Tramites', 'RESULTADO')":{"('0206-D-2002', 0)":null,"('0206-D-2002', 1)":null},"Sumario":{"('0206-D-2002', 0)":"SOLICITUD AL PODER EJECUTIVO NACIONAL.","('0206-D-2002', 1)":null},"Palabra Clave":{"('0206-D-2002', 0)":" ","('0206-D-2002', 1)":null}}