{"Tipo de Proyecto":{"('0207-S-2002', 0)":"PROYECTO DE LEY","('0207-S-2002', 1)":null,"('0207-S-2002', 2)":null},"Iniciado en: ":{"('0207-S-2002', 0)":"Senado","('0207-S-2002', 1)":null,"('0207-S-2002', 2)":null},"Expediente Senado: ":{"('0207-S-2002', 0)":"0207-S-2002","('0207-S-2002', 1)":null,"('0207-S-2002', 2)":null},"Publicado en: ":{"('0207-S-2002', 0)":"Diario de Asuntos Entrados N\u00b0 30","('0207-S-2002', 1)":null,"('0207-S-2002', 2)":null},"Fecha: ":{"('0207-S-2002', 0)":"19\/03\/2002","('0207-S-2002', 1)":null,"('0207-S-2002', 2)":null},"T\u00edtulo":{"('0207-S-2002', 0)":"SUPRIMIENDO LOS ARTICULOS 1 Y 2 Y MODIFICANDO EL 3 DEL DECRETO 214\/02 (PESIFICACION) RESPECTO A LOS MONTOS.","('0207-S-2002', 1)":null,"('0207-S-2002', 2)":null},"('Firmantes', 'FIRMANTE')":{"('0207-S-2002', 0)":"ZAVALIA, JOSE LUIS","('0207-S-2002', 1)":"MORO, EDUARDO ANIBAL","('0207-S-2002', 2)":"PRADES, CARLOS"},"('Firmantes', 'DISTRITO')":{"('0207-S-2002', 0)":"SANTIAGO DEL ESTERO","('0207-S-2002', 1)":"CHACO","('0207-S-2002', 2)":"SANTA CRUZ"},"('Firmantes', 'BLOQUE')":{"('0207-S-2002', 0)":"UCR","('0207-S-2002', 1)":"UCR","('0207-S-2002', 2)":"UCR"},"Link":{"('0207-S-2002', 0)":"http:\/\/www.senado.gov.ar\/parlamentario\/comisiones\/verExp\/207.02\/S\/PL","('0207-S-2002', 1)":null,"('0207-S-2002', 2)":null},"Palabra Clave":{"('0207-S-2002', 0)":" ","('0207-S-2002', 1)":null,"('0207-S-2002', 2)":null}}