{"Tipo de Proyecto":{"('0207-OV-2002', 0)":"PROYECTO DE RESOLUCI\u00d3N"},"Iniciado en: ":{"('0207-OV-2002', 0)":"Senado"},"Expediente Senado: ":{"('0207-OV-2002', 0)":"0207-OV-2002"},"Fecha: ":{"('0207-OV-2002', 0)":"22\/06\/2004"},"T\u00edtulo":{"('0207-OV-2002', 0)":"RESOLUCIONES REMITIDAS POR LA AUDITORIA GENERAL DE LA NACION SOBRE: ESTADOS CONTABLES AL 30 DE JUNIO DE 2002 (0207-OV-02); ESTADOS CONTABLES REELABORADOS EN FUNCION DE LO INFORMADO POR LA SUPERINTENDENCIA DE AFJP AL 30 DE JUNIO DE 2002 (0340-OV-02); ESTADOS CONTABLES AL 31 DE DICIEMBRE DE 2002 (0153-OV-03), EN EL AMBITO DE NACION ADMINISTRADORA DE FONDOS DE JUBILACIONES Y PENSIONES SA Y FONDO DE JUBILACIONES Y PENSIONES."},"('Firmantes', 'FIRMANTE')":{"('0207-OV-2002', 0)":"PARLAMENTARIA MIXTA REVISORA DE CUENTAS"},"('Firmantes', 'DISTRITO')":{"('0207-OV-2002', 0)":null},"('Firmantes', 'BLOQUE')":{"('0207-OV-2002', 0)":null},"('Tramites', 'C\u00c1MARA')":{"('0207-OV-2002', 0)":"Senado"},"('Tramites', 'MOVIMIENTO')":{"('0207-OV-2002', 0)":"CONSIDERACION Y APROBACION (AL ARCHIVO)"},"('Tramites', 'FECHA')":{"('0207-OV-2002', 0)":"07\/07\/2004"},"('Tramites', 'RESULTADO')":{"('0207-OV-2002', 0)":"ARCHIVADO"},"Sumario":{"('0207-OV-2002', 0)":"HABIENDO TOMADO CONOCIMIENTO, SE RECOMIENDA SU REMISION AL ARCHIVO."},"Palabra Clave":{"('0207-OV-2002', 0)":" "}}