{"Tipo de Proyecto":{"('0209-D-2002', 0)":"PROYECTO DE LEY","('0209-D-2002', 1)":null},"Iniciado en: ":{"('0209-D-2002', 0)":"Diputados","('0209-D-2002', 1)":null},"Expediente Diputados: ":{"('0209-D-2002', 0)":"0209-D-2002","('0209-D-2002', 1)":null},"Publicado en: ":{"('0209-D-2002', 0)":"Tr\u00e1mite Parlamentario N\u00b0 5","('0209-D-2002', 1)":null},"Fecha: ":{"('0209-D-2002', 0)":"07\/03\/2002","('0209-D-2002', 1)":null},"T\u00edtulo":{"('0209-D-2002', 0)":"DECRETO 1495\/01, MODIFICATORIO DE LA LEY 24241, DE SISTEMA INTEGRADO DE JUBILACIONES Y PENSIONES.","('0209-D-2002', 1)":null},"('Firmantes', 'FIRMANTE')":{"('0209-D-2002', 0)":"CAMA\u00d1O, GRACIELA","('0209-D-2002', 1)":null},"('Firmantes', 'DISTRITO')":{"('0209-D-2002', 0)":"BUENOS AIRES","('0209-D-2002', 1)":null},"('Firmantes', 'BLOQUE')":{"('0209-D-2002', 0)":"JUSTICIALISTA","('0209-D-2002', 1)":null},"('Giros', 'COMISI\u00d3N')":{"('0209-D-2002', 0)":"PREVISION Y SEGURIDAD SOCIAL","('0209-D-2002', 1)":"ASUNTOS CONSTITUCIONALES"},"Sumario":{"('0209-D-2002', 0)":"DEROGACION DE LA CITADA NORMA.","('0209-D-2002', 1)":null},"Palabra Clave":{"('0209-D-2002', 0)":" ","('0209-D-2002', 1)":null}}