{"Tipo de Proyecto":{"('0210-S-2002', 0)":"COMUNICACION"},"Iniciado en: ":{"('0210-S-2002', 0)":"Senado"},"Expediente Senado: ":{"('0210-S-2002', 0)":"0210-S-2002"},"Publicado en: ":{"('0210-S-2002', 0)":"Diario de Asuntos Entrados N\u00b0 30"},"Fecha: ":{"('0210-S-2002', 0)":"19\/03\/2002"},"T\u00edtulo":{"('0210-S-2002', 0)":"REGLAMENTACION DEL ARTICULO 12 DE LA LEY 25563 (EMERGENCIA PRODUCTIVA Y CREDITICIA) RESPECTO AL ACCESO AL CREDITO PARA LAS PERSONAS EN CONCURSO."},"('Firmantes', 'FIRMANTE')":{"('0210-S-2002', 0)":"MORO, EDUARDO ANIBAL"},"('Firmantes', 'DISTRITO')":{"('0210-S-2002', 0)":"CHACO"},"('Firmantes', 'BLOQUE')":{"('0210-S-2002', 0)":"UCR"},"('Tramites', 'C\u00c1MARA')":{"('0210-S-2002', 0)":"Senado"},"('Tramites', 'MOVIMIENTO')":{"('0210-S-2002', 0)":"CONSIDERACION Y APROBACION"},"('Tramites', 'FECHA')":{"('0210-S-2002', 0)":"01\/08\/2002"},"('Tramites', 'RESULTADO')":{"('0210-S-2002', 0)":"APROBADO"},"Sumario":{"('0210-S-2002', 0)":"SOLICITUD AL PODER EJECUTIVO NACIONAL."},"Palabra Clave":{"('0210-S-2002', 0)":" "}}