{"Tipo de Proyecto":{"('0215-S-2002', 0)":"PROYECTO DE LEY","('0215-S-2002', 1)":null},"Iniciado en: ":{"('0215-S-2002', 0)":"Senado","('0215-S-2002', 1)":null},"Expediente Diputados: ":{"('0215-S-2002', 0)":"0215-S-2002","('0215-S-2002', 1)":null},"Expediente Senado: ":{"('0215-S-2002', 0)":"2088-S-2002","('0215-S-2002', 1)":null},"Publicado en: ":{"('0215-S-2002', 0)":"Diario de Asuntos Entrados N\u00b0 237","('0215-S-2002', 1)":null},"Fecha: ":{"('0215-S-2002', 0)":"29\/08\/2002","('0215-S-2002', 1)":null},"T\u00edtulo":{"('0215-S-2002', 0)":"CREACION EN EL AMBITO DEL MINISTERIO DE SALUD DE LA NACION DEL SISTEMA DE INFORMACION DE NECESIDADES DE RECURSOS HUMANOS (SIN - RRHH).","('0215-S-2002', 1)":null},"('Firmantes', 'FIRMANTE')":{"('0215-S-2002', 0)":"BARRIONUEVO, JOSE LUIS","('0215-S-2002', 1)":null},"('Firmantes', 'DISTRITO')":{"('0215-S-2002', 0)":"CATAMARCA","('0215-S-2002', 1)":null},"('Firmantes', 'BLOQUE')":{"('0215-S-2002', 0)":"JUSTICIALISTA","('0215-S-2002', 1)":null},"('Giros', 'COMISI\u00d3N')":{"('0215-S-2002', 0)":"ACCION SOCIAL Y SALUD PUBLICA","('0215-S-2002', 1)":"POBLACION Y RECURSOS HUMANOS"},"('Tramites', 'C\u00c1MARA')":{"('0215-S-2002', 0)":"Senado","('0215-S-2002', 1)":"Diputados"},"('Tramites', 'MOVIMIENTO')":{"('0215-S-2002', 0)":"CONSIDERACION Y APROBACION","('0215-S-2002', 1)":"PASA A DIPUTADOS - (TP 192)"},"('Tramites', 'FECHA')":{"('0215-S-2002', 0)":"28\/11\/2002","('0215-S-2002', 1)":null},"('Tramites', 'RESULTADO')":{"('0215-S-2002', 0)":"MEDIA SANCION","('0215-S-2002', 1)":null},"Sumario":{"('0215-S-2002', 0)":"FUNCIONES; APORTE DE INFORMACION Y DESAGREGACION DE LA INFORMACION; MODELO DE FORMULARIO PARA EL RELEVAMIENTO DE DATOS; METODOLOGIA PARA EL RELEVAMIENTO DE DATOS; ACTUALIZACION Y PUBLICACION EN FORMA SISTEMATICA Y PERIODICA DE LOS RESULTADOS OBTENIDOS.","('0215-S-2002', 1)":null},"Palabra Clave":{"('0215-S-2002', 0)":" ","('0215-S-2002', 1)":null}}