{"Tipo de Proyecto":{"('0215-PE-2002', 0)":"MENSAJE NRO: 1170\/02","('0215-PE-2002', 1)":null,"('0215-PE-2002', 2)":null},"Iniciado en: ":{"('0215-PE-2002', 0)":"Senado","('0215-PE-2002', 1)":null,"('0215-PE-2002', 2)":null},"Expediente Senado: ":{"('0215-PE-2002', 0)":"0215-PE-2002","('0215-PE-2002', 1)":null,"('0215-PE-2002', 2)":null},"Publicado en: ":{"('0215-PE-2002', 0)":"Diario de Asuntos Entrados N\u00b0 160","('0215-PE-2002', 1)":null,"('0215-PE-2002', 2)":null},"Fecha: ":{"('0215-PE-2002', 0)":"03\/07\/2002","('0215-PE-2002', 1)":null,"('0215-PE-2002', 2)":null},"T\u00edtulo":{"('0215-PE-2002', 0)":"COMUNICACION DEL DECRETO 1169\/02 POR EL QUE SE OBSERVA PARCIALMENTE Y SE PROMULGA EL PROYECTO DE LEY 25611.","('0215-PE-2002', 1)":null,"('0215-PE-2002', 2)":null},"('Firmantes', 'FIRMANTE')":{"('0215-PE-2002', 0)":"DUHALDE, EDUARDO ALBERTO","('0215-PE-2002', 1)":"ATANASOF, ALFREDO NESTOR","('0215-PE-2002', 2)":"MATZKIN, JORGE RUBEN"},"('Firmantes', 'DISTRITO')":{"('0215-PE-2002', 0)":null,"('0215-PE-2002', 1)":null,"('0215-PE-2002', 2)":null},"('Firmantes', 'BLOQUE')":{"('0215-PE-2002', 0)":"PODER EJECUTIVO","('0215-PE-2002', 1)":"PODER EJECUTIVO","('0215-PE-2002', 2)":"PODER EJECUTIVO"},"Palabra Clave":{"('0215-PE-2002', 0)":" ","('0215-PE-2002', 1)":null,"('0215-PE-2002', 2)":null}}