{"Tipo de Proyecto":{"('0217-S-2002', 0)":"PROYECTO DE LEY","('0217-S-2002', 1)":null},"Iniciado en: ":{"('0217-S-2002', 0)":"Senado","('0217-S-2002', 1)":null},"Expediente Diputados: ":{"('0217-S-2002', 0)":"0217-S-2002","('0217-S-2002', 1)":null},"Expediente Senado: ":{"('0217-S-2002', 0)":"1393-S-2002","('0217-S-2002', 1)":null},"Publicado en: ":{"('0217-S-2002', 0)":"Diario de Asuntos Entrados N\u00b0 158","('0217-S-2002', 1)":null},"Fecha: ":{"('0217-S-2002', 0)":"02\/07\/2002","('0217-S-2002', 1)":null},"T\u00edtulo":{"('0217-S-2002', 0)":"CREACION DEL FONDO AMBIENTAL NACIONAL.","('0217-S-2002', 1)":null},"('Firmantes', 'FIRMANTE')":{"('0217-S-2002', 0)":"MARTI, RUBEN","('0217-S-2002', 1)":"M\u00dcLLER, MABEL HILDA"},"('Firmantes', 'DISTRITO')":{"('0217-S-2002', 0)":"CORDOBA","('0217-S-2002', 1)":"BUENOS AIRES"},"('Firmantes', 'BLOQUE')":{"('0217-S-2002', 0)":"UCR","('0217-S-2002', 1)":"JUSTICIALISTA"},"('Giros', 'COMISI\u00d3N')":{"('0217-S-2002', 0)":"RECURSOS NATURALES Y CONSERVACION DEL AMBIENTE HUMANO","('0217-S-2002', 1)":"PRESUPUESTO Y HACIENDA"},"('Tramites', 'C\u00c1MARA')":{"('0217-S-2002', 0)":"Senado","('0217-S-2002', 1)":"Diputados"},"('Tramites', 'MOVIMIENTO')":{"('0217-S-2002', 0)":"CONSIDERACION Y APROBACION","('0217-S-2002', 1)":"PASA A DIPUTADOS - (TP 192)"},"('Tramites', 'FECHA')":{"('0217-S-2002', 0)":"28\/11\/2002","('0217-S-2002', 1)":null},"('Tramites', 'RESULTADO')":{"('0217-S-2002', 0)":"MEDIA SANCION","('0217-S-2002', 1)":null},"Sumario":{"('0217-S-2002', 0)":"GARANTIZAR LA PREVENCION DE EFECTOS NOCIVOS O PELIGROSOS SOBRE LOS RECURSOS NATURALES Y PRESERVACION DE LOS SISTEMAS ECOLOGICOS; RECURSOS ECONOMICOS Y FINANCIEROS; ASIGNACION DE FONDOS, PRIORIDADES; FUNCIONES DE LA AUTORIDAD DE APLICACION; CONSEJO ASESOR.","('0217-S-2002', 1)":null},"Palabra Clave":{"('0217-S-2002', 0)":" ","('0217-S-2002', 1)":null}}