{"Tipo de Proyecto":{"('0221-S-2002', 0)":"PROYECTO DE LEY","('0221-S-2002', 1)":null,"('0221-S-2002', 2)":null},"Iniciado en: ":{"('0221-S-2002', 0)":"Senado","('0221-S-2002', 1)":null,"('0221-S-2002', 2)":null},"Expediente Diputados: ":{"('0221-S-2002', 0)":"0221-S-2002","('0221-S-2002', 1)":null,"('0221-S-2002', 2)":null},"Expediente Senado: ":{"('0221-S-2002', 0)":"1003-S-2002","('0221-S-2002', 1)":null,"('0221-S-2002', 2)":null},"Publicado en: ":{"('0221-S-2002', 0)":"Diario de Asuntos Entrados N\u00b0 116","('0221-S-2002', 1)":null,"('0221-S-2002', 2)":null},"Fecha: ":{"('0221-S-2002', 0)":"30\/05\/2002","('0221-S-2002', 1)":null,"('0221-S-2002', 2)":null},"T\u00edtulo":{"('0221-S-2002', 0)":"REGIMEN DE SANCIONES PARA LAS ACTIVIDADES PESQUERAS EN MALVINAS .","('0221-S-2002', 1)":null,"('0221-S-2002', 2)":null},"('Firmantes', 'FIRMANTE')":{"('0221-S-2002', 0)":"DANIELE, MARIO DOMINGO","('0221-S-2002', 1)":null,"('0221-S-2002', 2)":null},"('Firmantes', 'DISTRITO')":{"('0221-S-2002', 0)":"TIERRA DEL FUEGO","('0221-S-2002', 1)":null,"('0221-S-2002', 2)":null},"('Firmantes', 'BLOQUE')":{"('0221-S-2002', 0)":"JUSTICIALISTA","('0221-S-2002', 1)":null,"('0221-S-2002', 2)":null},"('Giros', 'COMISI\u00d3N')":{"('0221-S-2002', 0)":"INTERESES MARITIMOS, FLUVIALES, PESQUEROS Y PORTUARIOS","('0221-S-2002', 1)":"SEGURIDAD INTERIOR","('0221-S-2002', 2)":"RELACIONES EXTERIORES Y CULTO"},"('Tramites', 'C\u00c1MARA')":{"('0221-S-2002', 0)":"Senado","('0221-S-2002', 1)":"Diputados","('0221-S-2002', 2)":null},"('Tramites', 'MOVIMIENTO')":{"('0221-S-2002', 0)":"CONSIDERACION Y APROBACION","('0221-S-2002', 1)":"PASA A DIPUTADOS - (TP 192)","('0221-S-2002', 2)":null},"('Tramites', 'FECHA')":{"('0221-S-2002', 0)":"28\/11\/2002","('0221-S-2002', 1)":null,"('0221-S-2002', 2)":null},"('Tramites', 'RESULTADO')":{"('0221-S-2002', 0)":"MEDIA SANCION","('0221-S-2002', 1)":null,"('0221-S-2002', 2)":null},"Sumario":{"('0221-S-2002', 0)":"EXPLOTACION DE LOS RECURSOS PESQUEROS DE CONFORMIDAD CON LA LEY 24922 (LEY FEDERAL DE PESCA); TIPIFICACION DE LAS SANCIONES; REINCIDENCIA; AUTORIDAD DE APLICACION; SUMARIOS Y TERMINO DE PRESCRIPCION DE LAS SANCIONES.","('0221-S-2002', 1)":null,"('0221-S-2002', 2)":null},"Palabra Clave":{"('0221-S-2002', 0)":" ","('0221-S-2002', 1)":null,"('0221-S-2002', 2)":null}}