{"Tipo de Proyecto":{"('0223-S-2002', 0)":"COMUNICACION"},"Iniciado en: ":{"('0223-S-2002', 0)":"Senado"},"Expediente Senado: ":{"('0223-S-2002', 0)":"0223-S-2002"},"Publicado en: ":{"('0223-S-2002', 0)":"Diario de Asuntos Entrados N\u00b0 31"},"Fecha: ":{"('0223-S-2002', 0)":"20\/03\/2002"},"T\u00edtulo":{"('0223-S-2002', 0)":"PRORROGAR LA FECHA DE CANCELACION DE DEUDAS HIPOTECARIAS CON TITULOS VALORES NACIONALES."},"('Firmantes', 'FIRMANTE')":{"('0223-S-2002', 0)":"LOSADA, MARIO A."},"('Firmantes', 'DISTRITO')":{"('0223-S-2002', 0)":"MISIONES"},"('Firmantes', 'BLOQUE')":{"('0223-S-2002', 0)":"UCR"},"('Tramites', 'C\u00c1MARA')":{"('0223-S-2002', 0)":"Senado"},"('Tramites', 'MOVIMIENTO')":{"('0223-S-2002', 0)":"CONSIDERACION Y APROBACION"},"('Tramites', 'FECHA')":{"('0223-S-2002', 0)":"08\/05\/2002"},"('Tramites', 'RESULTADO')":{"('0223-S-2002', 0)":"APROBADO"},"Sumario":{"('0223-S-2002', 0)":"SOLICITUD AL PODER EJECUTIVO NACIONAL."},"Palabra Clave":{"('0223-S-2002', 0)":" "}}