{"Tipo de Proyecto":{"('0224-S-2002', 0)":"PROYECTO DE DECLARACI\u00d3N"},"Iniciado en: ":{"('0224-S-2002', 0)":"Senado"},"Expediente Senado: ":{"('0224-S-2002', 0)":"0224-S-2002"},"Publicado en: ":{"('0224-S-2002', 0)":"Diario de Asuntos Entrados N\u00b0 31"},"Fecha: ":{"('0224-S-2002', 0)":"20\/03\/2002"},"T\u00edtulo":{"('0224-S-2002', 0)":"RENDIR HOMENAJE A QUIENES LUCHARON EN LA GESTA DE MALVINAS."},"('Firmantes', 'FIRMANTE')":{"('0224-S-2002', 0)":"COLAZO, MARIO JORGE"},"('Firmantes', 'DISTRITO')":{"('0224-S-2002', 0)":"TIERRA DEL FUEGO"},"('Firmantes', 'BLOQUE')":{"('0224-S-2002', 0)":"UCR"},"('Tramites', 'C\u00c1MARA')":{"('0224-S-2002', 0)":"Senado"},"('Tramites', 'MOVIMIENTO')":{"('0224-S-2002', 0)":"VER TRAMITE EN EXPEDIENTE 0119-S-02"},"('Tramites', 'FECHA')":{"('0224-S-2002', 0)":null},"('Tramites', 'RESULTADO')":{"('0224-S-2002', 0)":null},"Link":{"('0224-S-2002', 0)":"http:\/\/www.senado.gov.ar\/parlamentario\/comisiones\/verExp\/224.02\/S\/PD"},"Palabra Clave":{"('0224-S-2002', 0)":" "}}