{"Tipo de Proyecto":{"('0225-S-2002', 0)":"PROYECTO DE LEY","('0225-S-2002', 1)":null},"Iniciado en: ":{"('0225-S-2002', 0)":"Senado","('0225-S-2002', 1)":null},"Expediente Diputados: ":{"('0225-S-2002', 0)":"0225-S-2002","('0225-S-2002', 1)":null},"Expediente Senado: ":{"('0225-S-2002', 0)":"2169-S-2002","('0225-S-2002', 1)":null},"Publicado en: ":{"('0225-S-2002', 0)":"Diario de Asuntos Entrados N\u00b0 245","('0225-S-2002', 1)":null},"Fecha: ":{"('0225-S-2002', 0)":"05\/09\/2002","('0225-S-2002', 1)":null},"T\u00edtulo":{"('0225-S-2002', 0)":"INSTITUIR EL DIA NACIONAL DE LA SOLIDARIDAD.","('0225-S-2002', 1)":null},"('Firmantes', 'FIRMANTE')":{"('0225-S-2002', 0)":"FALCO, LUIS ALBERTO","('0225-S-2002', 1)":null},"('Firmantes', 'DISTRITO')":{"('0225-S-2002', 0)":"RIO NEGRO","('0225-S-2002', 1)":null},"('Firmantes', 'BLOQUE')":{"('0225-S-2002', 0)":"UCR","('0225-S-2002', 1)":null},"('Giros', 'COMISI\u00d3N')":{"('0225-S-2002', 0)":"LEGISLACION GENERAL","('0225-S-2002', 1)":null},"('Tramites', 'C\u00c1MARA')":{"('0225-S-2002', 0)":"Senado","('0225-S-2002', 1)":"Diputados"},"('Tramites', 'MOVIMIENTO')":{"('0225-S-2002', 0)":"CONSIDERACION Y APROBACION","('0225-S-2002', 1)":"PASA A DIPUTADOS - (TP 192)"},"('Tramites', 'FECHA')":{"('0225-S-2002', 0)":"28\/11\/2002","('0225-S-2002', 1)":null},"('Tramites', 'RESULTADO')":{"('0225-S-2002', 0)":"MEDIA SANCION","('0225-S-2002', 1)":null},"Sumario":{"('0225-S-2002', 0)":"ESTATUIR EL DIA 26 DE AGOSTO DE CADA A\u00d1O EN MEMORIA DE LA OBRA REALIZADA POR LA MADRE TERESA DE CALCUTA.","('0225-S-2002', 1)":null},"Palabra Clave":{"('0225-S-2002', 0)":" ","('0225-S-2002', 1)":null}}