{"Tipo de Proyecto":{"('0227-S-2002', 0)":"PROYECTO DE LEY","('0227-S-2002', 1)":null,"('0227-S-2002', 2)":null},"Iniciado en: ":{"('0227-S-2002', 0)":"Senado","('0227-S-2002', 1)":null,"('0227-S-2002', 2)":null},"Expediente Diputados: ":{"('0227-S-2002', 0)":"0227-S-2002","('0227-S-2002', 1)":null,"('0227-S-2002', 2)":null},"Expediente Senado: ":{"('0227-S-2002', 0)":"2675-S-2002","('0227-S-2002', 1)":null,"('0227-S-2002', 2)":null},"Publicado en: ":{"('0227-S-2002', 0)":"Diario de Asuntos Entrados N\u00b0 282","('0227-S-2002', 1)":null,"('0227-S-2002', 2)":null},"Fecha: ":{"('0227-S-2002', 0)":"15\/10\/2002","('0227-S-2002', 1)":null,"('0227-S-2002', 2)":null},"T\u00edtulo":{"('0227-S-2002', 0)":"DECLARAR ZONA DE DESASTRE A LA SUBREGION DENOMINADA COMARCA ANDINA DE LAS PROVINCIAS DE CHUBUT Y RIO NEGRO, Y A LAS LOCALIDADES DE ESQUEL Y TREVELIN DE LA PROVINCIA DE CHUBUT, AFECTADAS POR INUNDACIONES.","('0227-S-2002', 1)":null,"('0227-S-2002', 2)":null},"('Firmantes', 'FIRMANTE')":{"('0227-S-2002', 0)":"GUINLE, MARCELO ALEJANDRO","('0227-S-2002', 1)":null,"('0227-S-2002', 2)":null},"('Firmantes', 'DISTRITO')":{"('0227-S-2002', 0)":"CHUBUT","('0227-S-2002', 1)":null,"('0227-S-2002', 2)":null},"('Firmantes', 'BLOQUE')":{"('0227-S-2002', 0)":"JUSTICIALISTA","('0227-S-2002', 1)":null,"('0227-S-2002', 2)":null},"('Giros', 'COMISI\u00d3N')":{"('0227-S-2002', 0)":"PRESUPUESTO Y HACIENDA","('0227-S-2002', 1)":"AGRICULTURA Y GANADERIA","('0227-S-2002', 2)":"ECONOMIAS Y DESARROLLO REGIONAL"},"('Tramites', 'C\u00c1MARA')":{"('0227-S-2002', 0)":"Senado","('0227-S-2002', 1)":"Senado","('0227-S-2002', 2)":"Diputados"},"('Tramites', 'MOVIMIENTO')":{"('0227-S-2002', 0)":"MOCION SOBRE TABLAS CON DICTAMEN (AFIRMATIVA)","('0227-S-2002', 1)":"CONSIDERACION Y APROBACION","('0227-S-2002', 2)":"PASA A DIPUTADOS - (TP 192)"},"('Tramites', 'FECHA')":{"('0227-S-2002', 0)":"28\/11\/2002","('0227-S-2002', 1)":"28\/11\/2002","('0227-S-2002', 2)":null},"('Tramites', 'RESULTADO')":{"('0227-S-2002', 0)":null,"('0227-S-2002', 1)":"MEDIA SANCION","('0227-S-2002', 2)":null},"Sumario":{"('0227-S-2002', 0)":"DESTINAR UNA PARTIDA PRESUPUESTARIA EXTRAORDINARIA.","('0227-S-2002', 1)":null,"('0227-S-2002', 2)":null},"Palabra Clave":{"('0227-S-2002', 0)":" ","('0227-S-2002', 1)":null,"('0227-S-2002', 2)":null}}