{"Tipo de Proyecto":{"('0231-S-2002', 0)":"COMUNICACION","('0231-S-2002', 1)":null,"('0231-S-2002', 2)":null},"Iniciado en: ":{"('0231-S-2002', 0)":"Senado","('0231-S-2002', 1)":null,"('0231-S-2002', 2)":null},"Expediente Senado: ":{"('0231-S-2002', 0)":"0231-S-2002","('0231-S-2002', 1)":null,"('0231-S-2002', 2)":null},"Publicado en: ":{"('0231-S-2002', 0)":"Diario de Asuntos Entrados N\u00b0 32","('0231-S-2002', 1)":null,"('0231-S-2002', 2)":null},"Fecha: ":{"('0231-S-2002', 0)":"21\/03\/2002","('0231-S-2002', 1)":null,"('0231-S-2002', 2)":null},"T\u00edtulo":{"('0231-S-2002', 0)":"GARANTIZAR LA CONTINUIDAD DE LA EMPRESA ACEROS ZAPLA S.A.","('0231-S-2002', 1)":null,"('0231-S-2002', 2)":null},"('Firmantes', 'FIRMANTE')":{"('0231-S-2002', 0)":"MORALES, GERARDO RUBEN","('0231-S-2002', 1)":"ARANCIO, MONICA","('0231-S-2002', 2)":"JENEFES, GUILLERMO RAUL"},"('Firmantes', 'DISTRITO')":{"('0231-S-2002', 0)":"JUJUY","('0231-S-2002', 1)":"JUJUY","('0231-S-2002', 2)":"JUJUY"},"('Firmantes', 'BLOQUE')":{"('0231-S-2002', 0)":"UCR","('0231-S-2002', 1)":"UCR","('0231-S-2002', 2)":"JUSTICIALISTA"},"('Tramites', 'C\u00c1MARA')":{"('0231-S-2002', 0)":"Senado","('0231-S-2002', 1)":"Senado","('0231-S-2002', 2)":"Senado"},"('Tramites', 'MOVIMIENTO')":{"('0231-S-2002', 0)":"MOCION SOBRE TABLAS (AFIRMATIVA)","('0231-S-2002', 1)":"CONSIDERACION Y APROBACION","('0231-S-2002', 2)":"CONTESTACION DEL PODER EJECUTIVO NACIONAL - GIRADO A LA COMISION RESPECTIVA"},"('Tramites', 'FECHA')":{"('0231-S-2002', 0)":"15\/05\/2002","('0231-S-2002', 1)":"15\/05\/2002","('0231-S-2002', 2)":null},"('Tramites', 'RESULTADO')":{"('0231-S-2002', 0)":null,"('0231-S-2002', 1)":"APROBADO","('0231-S-2002', 2)":null},"Sumario":{"('0231-S-2002', 0)":"SOLICITUD AL PODER EJECUTIVO NACIONAL.","('0231-S-2002', 1)":null,"('0231-S-2002', 2)":null},"Palabra Clave":{"('0231-S-2002', 0)":" ","('0231-S-2002', 1)":null,"('0231-S-2002', 2)":null}}