{"Tipo de Proyecto":{"('0232-S-2002', 0)":"COMUNICACION","('0232-S-2002', 1)":null},"Iniciado en: ":{"('0232-S-2002', 0)":"Senado","('0232-S-2002', 1)":null},"Expediente Senado: ":{"('0232-S-2002', 0)":"0232-S-2002","('0232-S-2002', 1)":null},"Publicado en: ":{"('0232-S-2002', 0)":"Diario de Asuntos Entrados N\u00b0 32","('0232-S-2002', 1)":null},"Fecha: ":{"('0232-S-2002', 0)":"21\/03\/2002","('0232-S-2002', 1)":null},"T\u00edtulo":{"('0232-S-2002', 0)":"APLICACION DE POLITICAS DIFERENCIALES PARA REGIONES DEPRIMIDAS.","('0232-S-2002', 1)":null},"('Firmantes', 'FIRMANTE')":{"('0232-S-2002', 0)":"CURLETTI, MIRIAM BELEN","('0232-S-2002', 1)":"MORO, EDUARDO ANIBAL"},"('Firmantes', 'DISTRITO')":{"('0232-S-2002', 0)":"CHACO","('0232-S-2002', 1)":"CHACO"},"('Firmantes', 'BLOQUE')":{"('0232-S-2002', 0)":"UCR","('0232-S-2002', 1)":"UCR"},"('Tramites', 'C\u00c1MARA')":{"('0232-S-2002', 0)":"Senado","('0232-S-2002', 1)":null},"('Tramites', 'MOVIMIENTO')":{"('0232-S-2002', 0)":"CONSIDERACION Y APROBACION","('0232-S-2002', 1)":null},"('Tramites', 'FECHA')":{"('0232-S-2002', 0)":"23\/05\/2002","('0232-S-2002', 1)":null},"('Tramites', 'RESULTADO')":{"('0232-S-2002', 0)":"APROBADO","('0232-S-2002', 1)":null},"Sumario":{"('0232-S-2002', 0)":"SOLICITUD AL PODER EJECUTIVO NACIONAL.","('0232-S-2002', 1)":null},"Palabra Clave":{"('0232-S-2002', 0)":" ","('0232-S-2002', 1)":null}}