{"Tipo de Proyecto":{"('0233-S-2002', 0)":"PROYECTO DE LEY","('0233-S-2002', 1)":null,"('0233-S-2002', 2)":null},"Iniciado en: ":{"('0233-S-2002', 0)":"Senado","('0233-S-2002', 1)":null,"('0233-S-2002', 2)":null},"Expediente Diputados: ":{"('0233-S-2002', 0)":"0233-S-2002","('0233-S-2002', 1)":null,"('0233-S-2002', 2)":null},"Expediente Senado: ":{"('0233-S-2002', 0)":"1712-S-2002","('0233-S-2002', 1)":null,"('0233-S-2002', 2)":null},"Publicado en: ":{"('0233-S-2002', 0)":"Diario de Asuntos Entrados N\u00b0 191","('0233-S-2002', 1)":null,"('0233-S-2002', 2)":null},"Fecha: ":{"('0233-S-2002', 0)":"30\/07\/2002","('0233-S-2002', 1)":null,"('0233-S-2002', 2)":null},"T\u00edtulo":{"('0233-S-2002', 0)":"LEY 24308 (ESPACIOS PARA PEQUE\u00d1OS COMERCIOS EN FAVOR DE PERSONAS DISCAPACITADAS, EN TODA SEDE ADMINISTRATIVA DEL ESTADO NACIONAL): MODIFICACIONES.","('0233-S-2002', 1)":null,"('0233-S-2002', 2)":null},"('Firmantes', 'FIRMANTE')":{"('0233-S-2002', 0)":"RASO, MARTA ETHEL","('0233-S-2002', 1)":null,"('0233-S-2002', 2)":null},"('Firmantes', 'DISTRITO')":{"('0233-S-2002', 0)":"CHUBUT","('0233-S-2002', 1)":null,"('0233-S-2002', 2)":null},"('Firmantes', 'BLOQUE')":{"('0233-S-2002', 0)":"UCR","('0233-S-2002', 1)":null,"('0233-S-2002', 2)":null},"('Giros', 'COMISI\u00d3N')":{"('0233-S-2002', 0)":"DISCAPACIDAD","('0233-S-2002', 1)":"COMERCIO","('0233-S-2002', 2)":"ASUNTOS CONSTITUCIONALES"},"('Tramites', 'C\u00c1MARA')":{"('0233-S-2002', 0)":"Senado","('0233-S-2002', 1)":"Senado","('0233-S-2002', 2)":"Diputados"},"('Tramites', 'MOVIMIENTO')":{"('0233-S-2002', 0)":"MOCION SOBRE TABLAS CON DICTAMEN (AFIRMATIVA)","('0233-S-2002', 1)":"CONSIDERACION Y APROBACION","('0233-S-2002', 2)":"PASA A DIPUTADOS - (TP 192)"},"('Tramites', 'FECHA')":{"('0233-S-2002', 0)":"28\/11\/2002","('0233-S-2002', 1)":"28\/11\/2002","('0233-S-2002', 2)":null},"('Tramites', 'RESULTADO')":{"('0233-S-2002', 0)":null,"('0233-S-2002', 1)":"MEDIA SANCION","('0233-S-2002', 2)":null},"Sumario":{"('0233-S-2002', 0)":"MODIFICACION DEL ARTICULO 6 (PAGO DE SERVICIOS Y CANON).","('0233-S-2002', 1)":null,"('0233-S-2002', 2)":null},"Palabra Clave":{"('0233-S-2002', 0)":" ","('0233-S-2002', 1)":null,"('0233-S-2002', 2)":null}}