{"Tipo de Proyecto":{"('0001-JGM-2008', 0)":"MENSAJE NRO: 0083\/08","('0001-JGM-2008', 1)":null,"('0001-JGM-2008', 2)":null,"('0001-JGM-2008', 3)":null},"Iniciado en: ":{"('0001-JGM-2008', 0)":"Diputados","('0001-JGM-2008', 1)":null,"('0001-JGM-2008', 2)":null,"('0001-JGM-2008', 3)":null},"Expediente Diputados: ":{"('0001-JGM-2008', 0)":"0001-JGM-2008","('0001-JGM-2008', 1)":null,"('0001-JGM-2008', 2)":null,"('0001-JGM-2008', 3)":null},"Publicado en: ":{"('0001-JGM-2008', 0)":"Tr\u00e1mite Parlamentario N\u00b0 19","('0001-JGM-2008', 1)":null,"('0001-JGM-2008', 2)":null,"('0001-JGM-2008', 3)":null},"Fecha: ":{"('0001-JGM-2008', 0)":"07\/04\/2008","('0001-JGM-2008', 1)":null,"('0001-JGM-2008', 2)":null,"('0001-JGM-2008', 3)":null},"T\u00edtulo":{"('0001-JGM-2008', 0)":"COMUNICACION DEL DECRETO 565\/2008 DE PROMULGACION DE LA LEY 26361 (MODIFICACION A LA LEY 24240 DE DEFENSA DEL CONSUMIDOR); Y OBSERVACION DEL ARTICULO 32.","('0001-JGM-2008', 1)":null,"('0001-JGM-2008', 2)":null,"('0001-JGM-2008', 3)":null},"('Firmantes', 'FIRMANTE')":{"('0001-JGM-2008', 0)":"FERNANDEZ, ALBERTO","('0001-JGM-2008', 1)":"DE VIDO, JULIO","('0001-JGM-2008', 2)":null,"('0001-JGM-2008', 3)":null},"('Firmantes', 'DISTRITO')":{"('0001-JGM-2008', 0)":null,"('0001-JGM-2008', 1)":null,"('0001-JGM-2008', 2)":null,"('0001-JGM-2008', 3)":null},"('Firmantes', 'BLOQUE')":{"('0001-JGM-2008', 0)":"PODER EJECUTIVO","('0001-JGM-2008', 1)":"PODER EJECUTIVO","('0001-JGM-2008', 2)":null,"('0001-JGM-2008', 3)":null},"('Giros', 'COMISI\u00d3N')":{"('0001-JGM-2008', 0)":"BICAMERAL PERMANENTE DE TRAMITE LEGISLATIVO - LEY 26122","('0001-JGM-2008', 1)":"DEFENSA DEL CONSUMIDOR","('0001-JGM-2008', 2)":"COMERCIO","('0001-JGM-2008', 3)":"JUSTICIA"},"('Tramites', 'C\u00c1MARA')":{"('0001-JGM-2008', 0)":"Diputados","('0001-JGM-2008', 1)":"Diputados","('0001-JGM-2008', 2)":null,"('0001-JGM-2008', 3)":null},"('Tramites', 'MOVIMIENTO')":{"('0001-JGM-2008', 0)":"CONSIDERACION Y APROBACION","('0001-JGM-2008', 1)":"INSERCION DE LOS DIPUTADOS OBIGLIO Y RODRIGUEZ","('0001-JGM-2008', 2)":null,"('0001-JGM-2008', 3)":null},"('Tramites', 'FECHA')":{"('0001-JGM-2008', 0)":"28\/10\/2009","('0001-JGM-2008', 1)":"28\/10\/2009","('0001-JGM-2008', 2)":null,"('0001-JGM-2008', 3)":null},"('Tramites', 'RESULTADO')":{"('0001-JGM-2008', 0)":"APROBADO","('0001-JGM-2008', 1)":null,"('0001-JGM-2008', 2)":null,"('0001-JGM-2008', 3)":null},"Link":{"('0001-JGM-2008', 0)":"https:\/\/www4.hcdn.gob.ar\/dependencias\/dsecretaria\/Periodo2008\/PDF2008\/TP2008\/0001-JGM-08.pdf","('0001-JGM-2008', 1)":null,"('0001-JGM-2008', 2)":null,"('0001-JGM-2008', 3)":null},"Palabra Clave":{"('0001-JGM-2008', 0)":" ","('0001-JGM-2008', 1)":null,"('0001-JGM-2008', 2)":null,"('0001-JGM-2008', 3)":null}}