{"Tipo de Proyecto":{"('0001-PE-2008', 0)":"MENSAJE NRO: 0350\/08","('0001-PE-2008', 1)":null},"Iniciado en: ":{"('0001-PE-2008', 0)":"Senado","('0001-PE-2008', 1)":null},"Expediente Senado: ":{"('0001-PE-2008', 0)":"0001-PE-2008","('0001-PE-2008', 1)":null},"Publicado en: ":{"('0001-PE-2008', 0)":"DAE S.A. N\u00b0 1","('0001-PE-2008', 1)":null},"Fecha: ":{"('0001-PE-2008', 0)":"06\/03\/2008","('0001-PE-2008', 1)":null},"T\u00edtulo":{"('0001-PE-2008', 0)":"SOLICITA ACUERDO PARA DESIGNAR JUEZA DEL JUZGADO FEDERAL DE PRIMERA INSTANCIA DE SAN FRANCISCO, PROVINCIA DE CORDOBA A LA DOCTORA GRACIELA SUSANA MONTESI.","('0001-PE-2008', 1)":null},"('Firmantes', 'FIRMANTE')":{"('0001-PE-2008', 0)":"FERNANDEZ DE KIRCHNER, CRISTINA","('0001-PE-2008', 1)":"FERNANDEZ, ANIBAL"},"('Firmantes', 'DISTRITO')":{"('0001-PE-2008', 0)":null,"('0001-PE-2008', 1)":null},"('Firmantes', 'BLOQUE')":{"('0001-PE-2008', 0)":"PODER EJECUTIVO","('0001-PE-2008', 1)":"PODER EJECUTIVO"},"Palabra Clave":{"('0001-PE-2008', 0)":" ","('0001-PE-2008', 1)":null}}