{"Tipo de Proyecto":{"('0003-PE-2008', 0)":"MENSAJE NRO: 0475\/08 Y PROYECTO DE LEY","('0003-PE-2008', 1)":null,"('0003-PE-2008', 2)":null,"('0003-PE-2008', 3)":null,"('0003-PE-2008', 4)":null,"('0003-PE-2008', 5)":null,"('0003-PE-2008', 6)":null},"Iniciado en: ":{"('0003-PE-2008', 0)":"Diputados","('0003-PE-2008', 1)":null,"('0003-PE-2008', 2)":null,"('0003-PE-2008', 3)":null,"('0003-PE-2008', 4)":null,"('0003-PE-2008', 5)":null,"('0003-PE-2008', 6)":null},"Expediente Diputados: ":{"('0003-PE-2008', 0)":"0003-PE-2008","('0003-PE-2008', 1)":null,"('0003-PE-2008', 2)":null,"('0003-PE-2008', 3)":null,"('0003-PE-2008', 4)":null,"('0003-PE-2008', 5)":null,"('0003-PE-2008', 6)":null},"Expediente Senado: ":{"('0003-PE-2008', 0)":"0026-CD-2008","('0003-PE-2008', 1)":null,"('0003-PE-2008', 2)":null,"('0003-PE-2008', 3)":null,"('0003-PE-2008', 4)":null,"('0003-PE-2008', 5)":null,"('0003-PE-2008', 6)":null},"Publicado en: ":{"('0003-PE-2008', 0)":"Tr\u00e1mite Parlamentario N\u00b0 14","('0003-PE-2008', 1)":null,"('0003-PE-2008', 2)":null,"('0003-PE-2008', 3)":null,"('0003-PE-2008', 4)":null,"('0003-PE-2008', 5)":null,"('0003-PE-2008', 6)":null},"Fecha: ":{"('0003-PE-2008', 0)":"27\/03\/2008","('0003-PE-2008', 1)":null,"('0003-PE-2008', 2)":null,"('0003-PE-2008', 3)":null,"('0003-PE-2008', 4)":null,"('0003-PE-2008', 5)":null,"('0003-PE-2008', 6)":null},"T\u00edtulo":{"('0003-PE-2008', 0)":"CREACION DE UN FONDO DE RECOMPENSAS EN JURISDICCION DEL MINISTERIO DE JUSTICIA, SEGURIDAD Y DERECHOS HUMANOS, DESTINADO A CONTRIBUIR A LA DETENCION DE PERSONAS BUSCADAS POR LA JUSTICIA CON ORDEN DE CAPTURA O BUSQUEDA DE PARADERO EN CAUSAS PENALES POR VIOLACION A LOS DERECHOS HUMANOS; CREACION DE LA UNIDAD ESPECIAL PARA BUSQUEDA DE PERSONAS ORDENADA POR LA JUSTICIA.","('0003-PE-2008', 1)":null,"('0003-PE-2008', 2)":null,"('0003-PE-2008', 3)":null,"('0003-PE-2008', 4)":null,"('0003-PE-2008', 5)":null,"('0003-PE-2008', 6)":null},"('Firmantes', 'FIRMANTE')":{"('0003-PE-2008', 0)":"FERNANDEZ DE KIRCHNER, CRISTINA","('0003-PE-2008', 1)":"FERNANDEZ, ALBERTO","('0003-PE-2008', 2)":"FERNANDEZ, ANIBAL","('0003-PE-2008', 3)":null,"('0003-PE-2008', 4)":null,"('0003-PE-2008', 5)":null,"('0003-PE-2008', 6)":null},"('Firmantes', 'DISTRITO')":{"('0003-PE-2008', 0)":null,"('0003-PE-2008', 1)":null,"('0003-PE-2008', 2)":null,"('0003-PE-2008', 3)":null,"('0003-PE-2008', 4)":null,"('0003-PE-2008', 5)":null,"('0003-PE-2008', 6)":null},"('Firmantes', 'BLOQUE')":{"('0003-PE-2008', 0)":"PODER EJECUTIVO","('0003-PE-2008', 1)":"PODER EJECUTIVO","('0003-PE-2008', 2)":"PODER EJECUTIVO","('0003-PE-2008', 3)":null,"('0003-PE-2008', 4)":null,"('0003-PE-2008', 5)":null,"('0003-PE-2008', 6)":null},"('Giros', 'COMISI\u00d3N')":{"('0003-PE-2008', 0)":"LEGISLACION PENAL","('0003-PE-2008', 1)":"DERECHOS HUMANOS Y GARANTIAS","('0003-PE-2008', 2)":"PRESUPUESTO Y HACIENDA","('0003-PE-2008', 3)":null,"('0003-PE-2008', 4)":null,"('0003-PE-2008', 5)":null,"('0003-PE-2008', 6)":null},"('Tramites', 'C\u00c1MARA')":{"('0003-PE-2008', 0)":"Diputados","('0003-PE-2008', 1)":"Diputados","('0003-PE-2008', 2)":"Diputados","('0003-PE-2008', 3)":"Diputados","('0003-PE-2008', 4)":"Senado","('0003-PE-2008', 5)":"Senado","('0003-PE-2008', 6)":"Senado"},"('Tramites', 'MOVIMIENTO')":{"('0003-PE-2008', 0)":"MOCION DE PREFERENCIA CON DICTAMEN (AFIRMATIVA)","('0003-PE-2008', 1)":"MOCION SOBRE TABLAS (PLAN DE LABOR) (AFIRMATIVA)","('0003-PE-2008', 2)":"MOCION DE VUELTA A COMISION (NEGATIVA)","('0003-PE-2008', 3)":"CONSIDERACION Y APROBACION","('0003-PE-2008', 4)":"PASA A SENADO -","('0003-PE-2008', 5)":"MOCION SOBRE TABLAS CON DICTAMEN (AFIRMATIVA)","('0003-PE-2008', 6)":"CONSIDERACION Y SANCION"},"('Tramites', 'FECHA')":{"('0003-PE-2008', 0)":"23\/04\/2008","('0003-PE-2008', 1)":"07\/05\/2008","('0003-PE-2008', 2)":"07\/05\/2008","('0003-PE-2008', 3)":"07\/05\/2008","('0003-PE-2008', 4)":null,"('0003-PE-2008', 5)":"21\/05\/2008","('0003-PE-2008', 6)":"21\/05\/2008"},"('Tramites', 'RESULTADO')":{"('0003-PE-2008', 0)":null,"('0003-PE-2008', 1)":null,"('0003-PE-2008', 2)":null,"('0003-PE-2008', 3)":"MEDIA SANCION","('0003-PE-2008', 4)":null,"('0003-PE-2008', 5)":null,"('0003-PE-2008', 6)":"SANCIONADO"},"Link":{"('0003-PE-2008', 0)":"https:\/\/www4.hcdn.gob.ar\/dependencias\/dsecretaria\/Periodo2008\/PDF2008\/TP2008\/0003-PE-08.pdf","('0003-PE-2008', 1)":null,"('0003-PE-2008', 2)":null,"('0003-PE-2008', 3)":null,"('0003-PE-2008', 4)":null,"('0003-PE-2008', 5)":null,"('0003-PE-2008', 6)":null},"Palabra Clave":{"('0003-PE-2008', 0)":" ","('0003-PE-2008', 1)":null,"('0003-PE-2008', 2)":null,"('0003-PE-2008', 3)":null,"('0003-PE-2008', 4)":null,"('0003-PE-2008', 5)":null,"('0003-PE-2008', 6)":null}}