{"Tipo de Proyecto":{"('0003-D-2008', 0)":"PROYECTO DE DECLARACI\u00d3N"},"Iniciado en: ":{"('0003-D-2008', 0)":"Diputados"},"Expediente Diputados: ":{"('0003-D-2008', 0)":"0003-D-2008"},"Publicado en: ":{"('0003-D-2008', 0)":"Tr\u00e1mite Parlamentario N\u00b0 1"},"Fecha: ":{"('0003-D-2008', 0)":"03\/03\/2008"},"T\u00edtulo":{"('0003-D-2008', 0)":"DECLARAR DE INTERES DE LA H CAMARA EL \"29 CONGRESO MUNDIAL DE MEDICINA INTERNA\", A REALIZARSE DEL 16 AL 20 DE SEPTIEMBRE DE 2008 EN LA CIUDAD AUTONOMA DE BUENOS AIRES."},"('Firmantes', 'FIRMANTE')":{"('0003-D-2008', 0)":"BERTOL, PAULA MARIA"},"('Firmantes', 'DISTRITO')":{"('0003-D-2008', 0)":"CIUDAD de BUENOS AIRES"},"('Firmantes', 'BLOQUE')":{"('0003-D-2008', 0)":"PRO"},"('Giros', 'COMISI\u00d3N')":{"('0003-D-2008', 0)":"ACCION SOCIAL Y SALUD PUBLICA"},"('Tramites', 'C\u00c1MARA')":{"('0003-D-2008', 0)":"Diputados"},"('Tramites', 'MOVIMIENTO')":{"('0003-D-2008', 0)":"CONSIDERACION Y APROBACION"},"('Tramites', 'FECHA')":{"('0003-D-2008', 0)":"07\/05\/2008"},"('Tramites', 'RESULTADO')":{"('0003-D-2008', 0)":"APROBADO"},"Link":{"('0003-D-2008', 0)":"https:\/\/www.hcdn.gob.ar\/proyectos\/textoCompleto.jsp?exp=0003-D-2008&tipo=DECLARACION"},"Palabra Clave":{"('0003-D-2008', 0)":" "}}