{"Tipo de Proyecto":{"('0005-OV-2008', 0)":"PROYECTO DE RESOLUCI\u00d3N"},"Iniciado en: ":{"('0005-OV-2008', 0)":"Senado"},"Expediente Senado: ":{"('0005-OV-2008', 0)":"0005-OV-2008"},"Fecha: ":{"('0005-OV-2008', 0)":"07\/04\/2011"},"T\u00edtulo":{"('0005-OV-2008', 0)":"PEDIDO DE INFORMES AL PODER EJECUTIVO SOBRE SOBRE LAS MEDIDAS ADOPTADAS EN EL AMBITO DE LA SECRETARIA DE ENERGIA, A FIN DE REGULARIZAR LAS SITUACIONES OBSERVADAS POR LA AUDITORIA GENERAL DE LA NACION (0005-OV-08) EN EL EXAMEN REFERENTE AL GAS LICUADO - GESTION, PERIODO AUDITADO ABRIL 2005 HASTA ABRIL 2006."},"('Firmantes', 'FIRMANTE')":{"('0005-OV-2008', 0)":"PARLAMENTARIA MIXTA REVISORA DE CUENTAS"},"('Firmantes', 'DISTRITO')":{"('0005-OV-2008', 0)":null},"('Firmantes', 'BLOQUE')":{"('0005-OV-2008', 0)":null},"Link":{"('0005-OV-2008', 0)":"http:\/\/www.senado.gov.ar\/parlamentario\/comisiones\/verExp\/5.08\/OV\/PR"},"Palabra Clave":{"('0005-OV-2008', 0)":" "}}