{"Tipo de Proyecto":{"('0005-D-2008', 0)":"PROYECTO DE LEY","('0005-D-2008', 1)":null},"Iniciado en: ":{"('0005-D-2008', 0)":"Diputados","('0005-D-2008', 1)":null},"Expediente Diputados: ":{"('0005-D-2008', 0)":"0005-D-2008","('0005-D-2008', 1)":null},"Publicado en: ":{"('0005-D-2008', 0)":"Tr\u00e1mite Parlamentario N\u00b0 1","('0005-D-2008', 1)":null},"Fecha: ":{"('0005-D-2008', 0)":"03\/03\/2008","('0005-D-2008', 1)":null},"T\u00edtulo":{"('0005-D-2008', 0)":"ACCESIBILIDAD Y TRANSPORTE PARA PERSONAS CON DISCAPACIDAD, LEY 22431: SUSTITUCION DEL INCISO A) DEL ARTICULO 22 (OBLIGATORIEDAD DE CONTAR EN LOS VEHICULOS DE TRANSPORTE PUBLICO CON DOS ASIENTOS PARA PERSONAS CON MOVILIDAD REDUCIDA); DEROGACION DEL ARTICULO 1 DE LA LEY 25635, LA LEY 25634, LOS ARTICULOS 1 Y 2 DE LA LEY 25644, EL ARTICULO 4 DEL DECRETO 118\/2006, LOS PARRAFOS PRIMERO A SEPTIMO DEL DECRETO 38\/2004 Y LOS ARTICULOS 1, 2 Y 3 DE LA RESOLUCION 31\/04.","('0005-D-2008', 1)":null},"('Firmantes', 'FIRMANTE')":{"('0005-D-2008', 0)":"BERTOL, PAULA MARIA","('0005-D-2008', 1)":null},"('Firmantes', 'DISTRITO')":{"('0005-D-2008', 0)":"CIUDAD de BUENOS AIRES","('0005-D-2008', 1)":null},"('Firmantes', 'BLOQUE')":{"('0005-D-2008', 0)":"PRO","('0005-D-2008', 1)":null},"('Giros', 'COMISI\u00d3N')":{"('0005-D-2008', 0)":"DISCAPACIDAD","('0005-D-2008', 1)":"TRANSPORTES"},"Link":{"('0005-D-2008', 0)":"https:\/\/www.hcdn.gob.ar\/proyectos\/textoCompleto.jsp?exp=0005-D-2008&tipo=LEY","('0005-D-2008', 1)":null},"Palabra Clave":{"('0005-D-2008', 0)":" ","('0005-D-2008', 1)":null}}