{"Tipo de Proyecto":{"('0005-PE-2008', 0)":"MENSAJE NRO: 0477\/08 Y PROYECTO DE LEY","('0005-PE-2008', 1)":null,"('0005-PE-2008', 2)":null,"('0005-PE-2008', 3)":null,"('0005-PE-2008', 4)":null,"('0005-PE-2008', 5)":null,"('0005-PE-2008', 6)":null},"Iniciado en: ":{"('0005-PE-2008', 0)":"Diputados","('0005-PE-2008', 1)":null,"('0005-PE-2008', 2)":null,"('0005-PE-2008', 3)":null,"('0005-PE-2008', 4)":null,"('0005-PE-2008', 5)":null,"('0005-PE-2008', 6)":null},"Expediente Diputados: ":{"('0005-PE-2008', 0)":"0005-PE-2008","('0005-PE-2008', 1)":null,"('0005-PE-2008', 2)":null,"('0005-PE-2008', 3)":null,"('0005-PE-2008', 4)":null,"('0005-PE-2008', 5)":null,"('0005-PE-2008', 6)":null},"Expediente Senado: ":{"('0005-PE-2008', 0)":"0022-CD-2008","('0005-PE-2008', 1)":null,"('0005-PE-2008', 2)":null,"('0005-PE-2008', 3)":null,"('0005-PE-2008', 4)":null,"('0005-PE-2008', 5)":null,"('0005-PE-2008', 6)":null},"Publicado en: ":{"('0005-PE-2008', 0)":"Tr\u00e1mite Parlamentario N\u00b0 14","('0005-PE-2008', 1)":null,"('0005-PE-2008', 2)":null,"('0005-PE-2008', 3)":null,"('0005-PE-2008', 4)":null,"('0005-PE-2008', 5)":null,"('0005-PE-2008', 6)":null},"Fecha: ":{"('0005-PE-2008', 0)":"27\/03\/2008","('0005-PE-2008', 1)":null,"('0005-PE-2008', 2)":null,"('0005-PE-2008', 3)":null,"('0005-PE-2008', 4)":null,"('0005-PE-2008', 5)":null,"('0005-PE-2008', 6)":null},"T\u00edtulo":{"('0005-PE-2008', 0)":"REFORMA DEL CODIGO PROCESAL PENAL DE LA NACION, AGILIZACION DE LAS CAUSAS SOBRE VIOLACIONES A LOS DERECHOS HUMANOS: SUSTITUCION DE LOS ARTICULOS 450 (FORMA Y PLAZO), 453 (ADHESION), 454 (AUDIENCIAS), 455 (RESOLUCION), INCORPORACION DEL ARTICULO 473 BIS (TRAMITE ESPECIAL PARA REVISION DE AUTOS O DECRETOS) Y DEROGACION DEL ARTICULO 451. ","('0005-PE-2008', 1)":null,"('0005-PE-2008', 2)":null,"('0005-PE-2008', 3)":null,"('0005-PE-2008', 4)":null,"('0005-PE-2008', 5)":null,"('0005-PE-2008', 6)":null},"('Firmantes', 'FIRMANTE')":{"('0005-PE-2008', 0)":"FERNANDEZ DE KIRCHNER, CRISTINA","('0005-PE-2008', 1)":"FERNANDEZ, ALBERTO","('0005-PE-2008', 2)":"FERNANDEZ, ANIBAL","('0005-PE-2008', 3)":null,"('0005-PE-2008', 4)":null,"('0005-PE-2008', 5)":null,"('0005-PE-2008', 6)":null},"('Firmantes', 'DISTRITO')":{"('0005-PE-2008', 0)":null,"('0005-PE-2008', 1)":null,"('0005-PE-2008', 2)":null,"('0005-PE-2008', 3)":null,"('0005-PE-2008', 4)":null,"('0005-PE-2008', 5)":null,"('0005-PE-2008', 6)":null},"('Firmantes', 'BLOQUE')":{"('0005-PE-2008', 0)":"PODER EJECUTIVO","('0005-PE-2008', 1)":"PODER EJECUTIVO","('0005-PE-2008', 2)":"PODER EJECUTIVO","('0005-PE-2008', 3)":null,"('0005-PE-2008', 4)":null,"('0005-PE-2008', 5)":null,"('0005-PE-2008', 6)":null},"('Giros', 'COMISI\u00d3N')":{"('0005-PE-2008', 0)":"LEGISLACION PENAL","('0005-PE-2008', 1)":null,"('0005-PE-2008', 2)":null,"('0005-PE-2008', 3)":null,"('0005-PE-2008', 4)":null,"('0005-PE-2008', 5)":null,"('0005-PE-2008', 6)":null},"('Tramites', 'C\u00c1MARA')":{"('0005-PE-2008', 0)":"Diputados","('0005-PE-2008', 1)":"Diputados","('0005-PE-2008', 2)":"Diputados","('0005-PE-2008', 3)":"Diputados","('0005-PE-2008', 4)":"Senado","('0005-PE-2008', 5)":"Senado","('0005-PE-2008', 6)":"Senado"},"('Tramites', 'MOVIMIENTO')":{"('0005-PE-2008', 0)":"MOCION DE PREFERENCIA CON DICTAMEN (AFIRMATIVA)","('0005-PE-2008', 1)":"MOCION SOBRE TABLAS (PLAN DE LABOR) (AFIRMATIVA)","('0005-PE-2008', 2)":"MOCION DE VUELTA A COMISION (NEGATIVA)","('0005-PE-2008', 3)":"CONSIDERACION Y APROBACION","('0005-PE-2008', 4)":"PASA A SENADO -","('0005-PE-2008', 5)":"MOCION SOBRE TABLAS CON DICTAMEN (AFIRMATIVA)","('0005-PE-2008', 6)":"CONSIDERACION Y SANCION"},"('Tramites', 'FECHA')":{"('0005-PE-2008', 0)":"23\/04\/2008","('0005-PE-2008', 1)":"07\/05\/2008","('0005-PE-2008', 2)":"07\/05\/2008","('0005-PE-2008', 3)":"07\/05\/2008","('0005-PE-2008', 4)":null,"('0005-PE-2008', 5)":"21\/05\/2008","('0005-PE-2008', 6)":"21\/05\/2008"},"('Tramites', 'RESULTADO')":{"('0005-PE-2008', 0)":null,"('0005-PE-2008', 1)":null,"('0005-PE-2008', 2)":null,"('0005-PE-2008', 3)":"MEDIA SANCION","('0005-PE-2008', 4)":null,"('0005-PE-2008', 5)":null,"('0005-PE-2008', 6)":"SANCIONADO"},"Sumario":{"('0005-PE-2008', 0)":"Proyecto elaborado teniendo en cuenta la labor de la Comision Asesora para la Reforma de la Legislacion Procesal Penal creada por el Decreto 115\/2007.","('0005-PE-2008', 1)":null,"('0005-PE-2008', 2)":null,"('0005-PE-2008', 3)":null,"('0005-PE-2008', 4)":null,"('0005-PE-2008', 5)":null,"('0005-PE-2008', 6)":null},"Palabra Clave":{"('0005-PE-2008', 0)":" ","('0005-PE-2008', 1)":null,"('0005-PE-2008', 2)":null,"('0005-PE-2008', 3)":null,"('0005-PE-2008', 4)":null,"('0005-PE-2008', 5)":null,"('0005-PE-2008', 6)":null}}