{"Tipo de Proyecto":{"('0006-JGM-2008', 0)":"MENSAJE NRO: 0278\/08","('0006-JGM-2008', 1)":null},"Iniciado en: ":{"('0006-JGM-2008', 0)":"Diputados","('0006-JGM-2008', 1)":null},"Expediente Diputados: ":{"('0006-JGM-2008', 0)":"0006-JGM-2008","('0006-JGM-2008', 1)":null},"Publicado en: ":{"('0006-JGM-2008', 0)":"Tr\u00e1mite Parlamentario N\u00b0 76","('0006-JGM-2008', 1)":null},"Fecha: ":{"('0006-JGM-2008', 0)":"30\/06\/2008","('0006-JGM-2008', 1)":null},"T\u00edtulo":{"('0006-JGM-2008', 0)":"COMUNICACION DEL INFORME DE AVANCE SOBRE LA ELABORACION DEL PROYECTO DE LEY DE PRESUPUESTO GENERAL DE LA ADMINISTRACION NACIONAL CORRESPONDIENTE AL EJERCICIO 2009, DE CONFORMIDAD AL ARTICULO 2 DE LA LEY 24629.","('0006-JGM-2008', 1)":null},"('Firmantes', 'FIRMANTE')":{"('0006-JGM-2008', 0)":"FERNANDEZ, ALBERTO","('0006-JGM-2008', 1)":"FERNANDEZ, CARLOS"},"('Firmantes', 'DISTRITO')":{"('0006-JGM-2008', 0)":null,"('0006-JGM-2008', 1)":null},"('Firmantes', 'BLOQUE')":{"('0006-JGM-2008', 0)":"PODER EJECUTIVO","('0006-JGM-2008', 1)":"PODER EJECUTIVO"},"('Giros', 'COMISI\u00d3N')":{"('0006-JGM-2008', 0)":"PRESUPUESTO Y HACIENDA","('0006-JGM-2008', 1)":null},"Link":{"('0006-JGM-2008', 0)":"https:\/\/www4.hcdn.gob.ar\/dependencias\/dsecretaria\/Periodo2008\/PDF2008\/TP2008\/0006-JGM-08.pdf","('0006-JGM-2008', 1)":null},"Palabra Clave":{"('0006-JGM-2008', 0)":" ","('0006-JGM-2008', 1)":null}}