{"Tipo de Proyecto":{"('0006-PE-2008', 0)":"MENSAJE NRO: 0478\/08 Y PROYECTO DE LEY","('0006-PE-2008', 1)":null,"('0006-PE-2008', 2)":null,"('0006-PE-2008', 3)":null,"('0006-PE-2008', 4)":null,"('0006-PE-2008', 5)":null,"('0006-PE-2008', 6)":null,"('0006-PE-2008', 7)":null,"('0006-PE-2008', 8)":null,"('0006-PE-2008', 9)":null},"Iniciado en: ":{"('0006-PE-2008', 0)":"Diputados","('0006-PE-2008', 1)":null,"('0006-PE-2008', 2)":null,"('0006-PE-2008', 3)":null,"('0006-PE-2008', 4)":null,"('0006-PE-2008', 5)":null,"('0006-PE-2008', 6)":null,"('0006-PE-2008', 7)":null,"('0006-PE-2008', 8)":null,"('0006-PE-2008', 9)":null},"Expediente Diputados: ":{"('0006-PE-2008', 0)":"0006-PE-2008","('0006-PE-2008', 1)":null,"('0006-PE-2008', 2)":null,"('0006-PE-2008', 3)":null,"('0006-PE-2008', 4)":null,"('0006-PE-2008', 5)":null,"('0006-PE-2008', 6)":null,"('0006-PE-2008', 7)":null,"('0006-PE-2008', 8)":null,"('0006-PE-2008', 9)":null},"Expediente Senado: ":{"('0006-PE-2008', 0)":"0020-CD-2008","('0006-PE-2008', 1)":null,"('0006-PE-2008', 2)":null,"('0006-PE-2008', 3)":null,"('0006-PE-2008', 4)":null,"('0006-PE-2008', 5)":null,"('0006-PE-2008', 6)":null,"('0006-PE-2008', 7)":null,"('0006-PE-2008', 8)":null,"('0006-PE-2008', 9)":null},"Publicado en: ":{"('0006-PE-2008', 0)":"Tr\u00e1mite Parlamentario N\u00b0 14","('0006-PE-2008', 1)":null,"('0006-PE-2008', 2)":null,"('0006-PE-2008', 3)":null,"('0006-PE-2008', 4)":null,"('0006-PE-2008', 5)":null,"('0006-PE-2008', 6)":null,"('0006-PE-2008', 7)":null,"('0006-PE-2008', 8)":null,"('0006-PE-2008', 9)":null},"Fecha: ":{"('0006-PE-2008', 0)":"27\/03\/2008","('0006-PE-2008', 1)":null,"('0006-PE-2008', 2)":null,"('0006-PE-2008', 3)":null,"('0006-PE-2008', 4)":null,"('0006-PE-2008', 5)":null,"('0006-PE-2008', 6)":null,"('0006-PE-2008', 7)":null,"('0006-PE-2008', 8)":null,"('0006-PE-2008', 9)":null},"T\u00edtulo":{"('0006-PE-2008', 0)":"CREACION DE UNA NUEVA CAMARA CON FUNCIONES DE CASACION EN LO CRIMINAL Y CORRECCIONAL DE LA CAPITAL FEDERAL: SUSTITUCION DEL ARTICULO 23 E INCORPORACION DEL ARTICULO 30 BIS AL CODIGO PROCESAL PENAL; INCORPORACION DEL ARTICULO 11 BIS A LA LEY 24050, DE COMPETENCIA PENAL; SUSTITUCION DE LOS ARTICULO 5, 11, 19, 31 Y 32 DEL DECRETO LEY 1285\/58; INCORPORACION DEL ARTICULO 72 BIS A LA LEY 24121, DE ORGANIZACION DE LA JUSTICIA PENAL.","('0006-PE-2008', 1)":null,"('0006-PE-2008', 2)":null,"('0006-PE-2008', 3)":null,"('0006-PE-2008', 4)":null,"('0006-PE-2008', 5)":null,"('0006-PE-2008', 6)":null,"('0006-PE-2008', 7)":null,"('0006-PE-2008', 8)":null,"('0006-PE-2008', 9)":null},"('Firmantes', 'FIRMANTE')":{"('0006-PE-2008', 0)":"FERNANDEZ DE KIRCHNER, CRISTINA","('0006-PE-2008', 1)":"FERNANDEZ, ALBERTO","('0006-PE-2008', 2)":"FERNANDEZ, ANIBAL","('0006-PE-2008', 3)":null,"('0006-PE-2008', 4)":null,"('0006-PE-2008', 5)":null,"('0006-PE-2008', 6)":null,"('0006-PE-2008', 7)":null,"('0006-PE-2008', 8)":null,"('0006-PE-2008', 9)":null},"('Firmantes', 'DISTRITO')":{"('0006-PE-2008', 0)":null,"('0006-PE-2008', 1)":null,"('0006-PE-2008', 2)":null,"('0006-PE-2008', 3)":null,"('0006-PE-2008', 4)":null,"('0006-PE-2008', 5)":null,"('0006-PE-2008', 6)":null,"('0006-PE-2008', 7)":null,"('0006-PE-2008', 8)":null,"('0006-PE-2008', 9)":null},"('Firmantes', 'BLOQUE')":{"('0006-PE-2008', 0)":"PODER EJECUTIVO","('0006-PE-2008', 1)":"PODER EJECUTIVO","('0006-PE-2008', 2)":"PODER EJECUTIVO","('0006-PE-2008', 3)":null,"('0006-PE-2008', 4)":null,"('0006-PE-2008', 5)":null,"('0006-PE-2008', 6)":null,"('0006-PE-2008', 7)":null,"('0006-PE-2008', 8)":null,"('0006-PE-2008', 9)":null},"('Giros', 'COMISI\u00d3N')":{"('0006-PE-2008', 0)":"JUSTICIA","('0006-PE-2008', 1)":"LEGISLACION PENAL","('0006-PE-2008', 2)":"PRESUPUESTO Y HACIENDA","('0006-PE-2008', 3)":null,"('0006-PE-2008', 4)":null,"('0006-PE-2008', 5)":null,"('0006-PE-2008', 6)":null,"('0006-PE-2008', 7)":null,"('0006-PE-2008', 8)":null,"('0006-PE-2008', 9)":null},"('Tramites', 'C\u00c1MARA')":{"('0006-PE-2008', 0)":"Diputados","('0006-PE-2008', 1)":"Diputados","('0006-PE-2008', 2)":"Diputados","('0006-PE-2008', 3)":"Diputados","('0006-PE-2008', 4)":"Diputados","('0006-PE-2008', 5)":"Diputados","('0006-PE-2008', 6)":"Senado","('0006-PE-2008', 7)":"Senado","('0006-PE-2008', 8)":"Senado","('0006-PE-2008', 9)":"Senado"},"('Tramites', 'MOVIMIENTO')":{"('0006-PE-2008', 0)":"MOCION DE PREFERENCIA CON DICTAMEN (AFIRMATIVA)","('0006-PE-2008', 1)":"MOCION SOBRE TABLAS CON DICTAMEN (AFIRMATIVA)","('0006-PE-2008', 2)":"CONSIDERACION Y APROBACION EN GENERAL","('0006-PE-2008', 3)":"MANIFESTACIONES SOBRE LA MAYORIA NECESARIA PARA LA APROBACION DEL ARTICULO 7","('0006-PE-2008', 4)":"SOLICITUD DE VOTACION NOMINAL DEL ARTICULO 7 (AFIRMATIVA)","('0006-PE-2008', 5)":"CONTINUA CONSIDERACION Y APROBACION CON MODIFICACIONES","('0006-PE-2008', 6)":"PASA A SENADO -","('0006-PE-2008', 7)":"COMUNICACION DE LA SECRETARIA PARLAMENTARIA DE UN ERROR MATERIAL EN EL PASE (0030-CD-08) (A SUS ANTECEDENTES) (DAE 73)","('0006-PE-2008', 8)":"MOCION SOBRE TABLAS CON DICTAMEN (AFIRMATIVA)","('0006-PE-2008', 9)":"CONSIDERACION Y SANCION"},"('Tramites', 'FECHA')":{"('0006-PE-2008', 0)":"23\/04\/2008","('0006-PE-2008', 1)":"07\/05\/2008","('0006-PE-2008', 2)":"07\/05\/2008","('0006-PE-2008', 3)":"07\/05\/2008","('0006-PE-2008', 4)":"07\/05\/2008","('0006-PE-2008', 5)":"07\/05\/2008","('0006-PE-2008', 6)":null,"('0006-PE-2008', 7)":null,"('0006-PE-2008', 8)":"21\/05\/2008","('0006-PE-2008', 9)":"21\/05\/2008"},"('Tramites', 'RESULTADO')":{"('0006-PE-2008', 0)":null,"('0006-PE-2008', 1)":null,"('0006-PE-2008', 2)":null,"('0006-PE-2008', 3)":null,"('0006-PE-2008', 4)":null,"('0006-PE-2008', 5)":"MEDIA SANCION","('0006-PE-2008', 6)":null,"('0006-PE-2008', 7)":null,"('0006-PE-2008', 8)":null,"('0006-PE-2008', 9)":"SANCIONADO"},"Link":{"('0006-PE-2008', 0)":"https:\/\/www4.hcdn.gob.ar\/dependencias\/dsecretaria\/Periodo2008\/PDF2008\/TP2008\/0006-PE-08.pdf","('0006-PE-2008', 1)":null,"('0006-PE-2008', 2)":null,"('0006-PE-2008', 3)":null,"('0006-PE-2008', 4)":null,"('0006-PE-2008', 5)":null,"('0006-PE-2008', 6)":null,"('0006-PE-2008', 7)":null,"('0006-PE-2008', 8)":null,"('0006-PE-2008', 9)":null},"Palabra Clave":{"('0006-PE-2008', 0)":" ","('0006-PE-2008', 1)":null,"('0006-PE-2008', 2)":null,"('0006-PE-2008', 3)":null,"('0006-PE-2008', 4)":null,"('0006-PE-2008', 5)":null,"('0006-PE-2008', 6)":null,"('0006-PE-2008', 7)":null,"('0006-PE-2008', 8)":null,"('0006-PE-2008', 9)":null}}