{"Tipo de Proyecto":{"('0007-S-2008', 0)":"PROYECTO DE LEY","('0007-S-2008', 1)":null,"('0007-S-2008', 2)":null},"Iniciado en: ":{"('0007-S-2008', 0)":"Senado","('0007-S-2008', 1)":null,"('0007-S-2008', 2)":null},"Expediente Senado: ":{"('0007-S-2008', 0)":"0007-S-2008","('0007-S-2008', 1)":null,"('0007-S-2008', 2)":null},"Publicado en: ":{"('0007-S-2008', 0)":"Diario de Asuntos Entrados N\u00b0 1","('0007-S-2008', 1)":null,"('0007-S-2008', 2)":null},"Fecha: ":{"('0007-S-2008', 0)":"03\/03\/2008","('0007-S-2008', 1)":null,"('0007-S-2008', 2)":null},"T\u00edtulo":{"('0007-S-2008', 0)":"MODIFICACION DE LOS ARTICULOS 4 Y 5 DE LA LEY 23867 DE CREACION DE LA CAMARA FEDERAL DE APELACIONES DE LA PROVINCIA DE SALTA, CON JURISDICCION EN LAS PROVINCIAS DE SALTA Y JUJUY, ESTABLECIENDO EN LA CIUDAD DE SAN SALVADOR DE JUJUY UNA DE LAS SALAS DE LA CAMARA.","('0007-S-2008', 1)":null,"('0007-S-2008', 2)":null},"('Firmantes', 'FIRMANTE')":{"('0007-S-2008', 0)":"JENEFES, GUILLERMO RAUL","('0007-S-2008', 1)":"FELLNER, LILIANA BEATRIZ","('0007-S-2008', 2)":"MORALES, GERARDO RUBEN"},"('Firmantes', 'DISTRITO')":{"('0007-S-2008', 0)":"JUJUY","('0007-S-2008', 1)":"JUJUY","('0007-S-2008', 2)":"JUJUY"},"('Firmantes', 'BLOQUE')":{"('0007-S-2008', 0)":"FRENTE PARA LA VICTORIA - PJ","('0007-S-2008', 1)":"FRENTE PARA LA VICTORIA - PJ","('0007-S-2008', 2)":"UCR"},"Link":{"('0007-S-2008', 0)":"http:\/\/www.senado.gov.ar\/parlamentario\/comisiones\/verExp\/7.08\/S\/PL","('0007-S-2008', 1)":null,"('0007-S-2008', 2)":null},"Palabra Clave":{"('0007-S-2008', 0)":" ","('0007-S-2008', 1)":null,"('0007-S-2008', 2)":null}}