{"Tipo de Proyecto":{"('0007-PE-2008', 0)":"MENSAJE NRO: 0479\/08 Y PROYECTO DE LEY","('0007-PE-2008', 1)":null,"('0007-PE-2008', 2)":null,"('0007-PE-2008', 3)":null,"('0007-PE-2008', 4)":null,"('0007-PE-2008', 5)":null,"('0007-PE-2008', 6)":null,"('0007-PE-2008', 7)":null},"Iniciado en: ":{"('0007-PE-2008', 0)":"Diputados","('0007-PE-2008', 1)":null,"('0007-PE-2008', 2)":null,"('0007-PE-2008', 3)":null,"('0007-PE-2008', 4)":null,"('0007-PE-2008', 5)":null,"('0007-PE-2008', 6)":null,"('0007-PE-2008', 7)":null},"Expediente Diputados: ":{"('0007-PE-2008', 0)":"0007-PE-2008","('0007-PE-2008', 1)":null,"('0007-PE-2008', 2)":null,"('0007-PE-2008', 3)":null,"('0007-PE-2008', 4)":null,"('0007-PE-2008', 5)":null,"('0007-PE-2008', 6)":null,"('0007-PE-2008', 7)":null},"Expediente Senado: ":{"('0007-PE-2008', 0)":"0019-CD-2008","('0007-PE-2008', 1)":null,"('0007-PE-2008', 2)":null,"('0007-PE-2008', 3)":null,"('0007-PE-2008', 4)":null,"('0007-PE-2008', 5)":null,"('0007-PE-2008', 6)":null,"('0007-PE-2008', 7)":null},"Publicado en: ":{"('0007-PE-2008', 0)":"Tr\u00e1mite Parlamentario N\u00b0 14","('0007-PE-2008', 1)":null,"('0007-PE-2008', 2)":null,"('0007-PE-2008', 3)":null,"('0007-PE-2008', 4)":null,"('0007-PE-2008', 5)":null,"('0007-PE-2008', 6)":null,"('0007-PE-2008', 7)":null},"Fecha: ":{"('0007-PE-2008', 0)":"27\/03\/2008","('0007-PE-2008', 1)":null,"('0007-PE-2008', 2)":null,"('0007-PE-2008', 3)":null,"('0007-PE-2008', 4)":null,"('0007-PE-2008', 5)":null,"('0007-PE-2008', 6)":null,"('0007-PE-2008', 7)":null},"T\u00edtulo":{"('0007-PE-2008', 0)":"PROCEDIMIENTO PARA LA DESIGNACION DE LOS INTEGRANTES DE LOS TRIBUNALES ORALES EN LO CRIMINAL FEDERAL DE TODO EL PAIS EN CASOS DE LICENCIA, SUSPENSION, RECUSACION, EXCUSACION O VACANCIA DE SUS MIEMBROS.","('0007-PE-2008', 1)":null,"('0007-PE-2008', 2)":null,"('0007-PE-2008', 3)":null,"('0007-PE-2008', 4)":null,"('0007-PE-2008', 5)":null,"('0007-PE-2008', 6)":null,"('0007-PE-2008', 7)":null},"('Firmantes', 'FIRMANTE')":{"('0007-PE-2008', 0)":"FERNANDEZ DE KIRCHNER, CRISTINA","('0007-PE-2008', 1)":"FERNANDEZ, ALBERTO","('0007-PE-2008', 2)":"FERNANDEZ, ANIBAL","('0007-PE-2008', 3)":null,"('0007-PE-2008', 4)":null,"('0007-PE-2008', 5)":null,"('0007-PE-2008', 6)":null,"('0007-PE-2008', 7)":null},"('Firmantes', 'DISTRITO')":{"('0007-PE-2008', 0)":null,"('0007-PE-2008', 1)":null,"('0007-PE-2008', 2)":null,"('0007-PE-2008', 3)":null,"('0007-PE-2008', 4)":null,"('0007-PE-2008', 5)":null,"('0007-PE-2008', 6)":null,"('0007-PE-2008', 7)":null},"('Firmantes', 'BLOQUE')":{"('0007-PE-2008', 0)":"PODER EJECUTIVO","('0007-PE-2008', 1)":"PODER EJECUTIVO","('0007-PE-2008', 2)":"PODER EJECUTIVO","('0007-PE-2008', 3)":null,"('0007-PE-2008', 4)":null,"('0007-PE-2008', 5)":null,"('0007-PE-2008', 6)":null,"('0007-PE-2008', 7)":null},"('Giros', 'COMISI\u00d3N')":{"('0007-PE-2008', 0)":"JUSTICIA","('0007-PE-2008', 1)":null,"('0007-PE-2008', 2)":null,"('0007-PE-2008', 3)":null,"('0007-PE-2008', 4)":null,"('0007-PE-2008', 5)":null,"('0007-PE-2008', 6)":null,"('0007-PE-2008', 7)":null},"('Tramites', 'C\u00c1MARA')":{"('0007-PE-2008', 0)":"Diputados","('0007-PE-2008', 1)":"Diputados","('0007-PE-2008', 2)":"Diputados","('0007-PE-2008', 3)":"Diputados","('0007-PE-2008', 4)":"Senado","('0007-PE-2008', 5)":"Senado","('0007-PE-2008', 6)":"Senado","('0007-PE-2008', 7)":"Senado"},"('Tramites', 'MOVIMIENTO')":{"('0007-PE-2008', 0)":"MOCION DE PREFERENCIA CON DICTAMEN (AFIRMATIVA)","('0007-PE-2008', 1)":"MOCION SOBRE TABLAS (PLAN DE LABOR) (AFIRMATIVA)","('0007-PE-2008', 2)":"MOCION DE VUELTA A COMISION (NEGATIVA) (VOTACION NOMINAL)","('0007-PE-2008', 3)":"CONSIDERACION Y APROBACION CON MODIFICACIONES","('0007-PE-2008', 4)":"PASA A SENADO -","('0007-PE-2008', 5)":"COMUNICACION DE LA SECRETARIA PARLAMENTARIA DE UN ERROR MATERIAL EN EL PASE (0029-CD-08) (A SUS ANTECEDENTES)","('0007-PE-2008', 6)":"MOCION SOBRE TABLAS CON DICTAMEN (AFIRMATIVA)","('0007-PE-2008', 7)":"CONSIDERACION Y SANCION"},"('Tramites', 'FECHA')":{"('0007-PE-2008', 0)":"23\/04\/2008","('0007-PE-2008', 1)":"07\/05\/2008","('0007-PE-2008', 2)":"07\/05\/2008","('0007-PE-2008', 3)":"07\/05\/2008","('0007-PE-2008', 4)":null,"('0007-PE-2008', 5)":null,"('0007-PE-2008', 6)":"21\/05\/2008","('0007-PE-2008', 7)":"21\/05\/2008"},"('Tramites', 'RESULTADO')":{"('0007-PE-2008', 0)":null,"('0007-PE-2008', 1)":null,"('0007-PE-2008', 2)":null,"('0007-PE-2008', 3)":"MEDIA SANCION","('0007-PE-2008', 4)":null,"('0007-PE-2008', 5)":null,"('0007-PE-2008', 6)":null,"('0007-PE-2008', 7)":"SANCIONADO"},"Link":{"('0007-PE-2008', 0)":"https:\/\/www4.hcdn.gob.ar\/dependencias\/dsecretaria\/Periodo2008\/PDF2008\/TP2008\/0007-PE-08.pdf","('0007-PE-2008', 1)":null,"('0007-PE-2008', 2)":null,"('0007-PE-2008', 3)":null,"('0007-PE-2008', 4)":null,"('0007-PE-2008', 5)":null,"('0007-PE-2008', 6)":null,"('0007-PE-2008', 7)":null},"Palabra Clave":{"('0007-PE-2008', 0)":" ","('0007-PE-2008', 1)":null,"('0007-PE-2008', 2)":null,"('0007-PE-2008', 3)":null,"('0007-PE-2008', 4)":null,"('0007-PE-2008', 5)":null,"('0007-PE-2008', 6)":null,"('0007-PE-2008', 7)":null}}