{"Tipo de Proyecto":{"('0010-JGM-2008', 0)":"MENSAJE NRO: 0100\/08","('0010-JGM-2008', 1)":null},"Iniciado en: ":{"('0010-JGM-2008', 0)":"Diputados","('0010-JGM-2008', 1)":null},"Expediente Diputados: ":{"('0010-JGM-2008', 0)":"0010-JGM-2008","('0010-JGM-2008', 1)":null},"Publicado en: ":{"('0010-JGM-2008', 0)":"Tr\u00e1mite Parlamentario N\u00b0 122","('0010-JGM-2008', 1)":null},"Fecha: ":{"('0010-JGM-2008', 0)":"15\/09\/2008","('0010-JGM-2008', 1)":null},"T\u00edtulo":{"('0010-JGM-2008', 0)":"COMUNICACION DEL DECRETO DE NECESIDAD Y URGENCIA 1472\/08 POR EL CUAL SE MODIFICA EL PRESUPUESTO GENERAL DE LA ADMINISTRACION NACIONAL PARA EL EJERCICIO 2008.","('0010-JGM-2008', 1)":null},"('Firmantes', 'FIRMANTE')":{"('0010-JGM-2008', 0)":"MASSA, SERGIO TOMAS","('0010-JGM-2008', 1)":"FERNANDEZ, CARLOS"},"('Firmantes', 'DISTRITO')":{"('0010-JGM-2008', 0)":null,"('0010-JGM-2008', 1)":null},"('Firmantes', 'BLOQUE')":{"('0010-JGM-2008', 0)":"PODER EJECUTIVO","('0010-JGM-2008', 1)":"PODER EJECUTIVO"},"('Giros', 'COMISI\u00d3N')":{"('0010-JGM-2008', 0)":"BICAMERAL PERMANENTE DE TRAMITE LEGISLATIVO - LEY 26122","('0010-JGM-2008', 1)":null},"('Tramites', 'C\u00c1MARA')":{"('0010-JGM-2008', 0)":"Diputados","('0010-JGM-2008', 1)":"Diputados"},"('Tramites', 'MOVIMIENTO')":{"('0010-JGM-2008', 0)":"CONSIDERACION Y APROBACION","('0010-JGM-2008', 1)":"INSERCION DE LA DIPUTADA RODRIGUEZ"},"('Tramites', 'FECHA')":{"('0010-JGM-2008', 0)":"28\/10\/2009","('0010-JGM-2008', 1)":"28\/10\/2009"},"('Tramites', 'RESULTADO')":{"('0010-JGM-2008', 0)":"APROBADO","('0010-JGM-2008', 1)":null},"Link":{"('0010-JGM-2008', 0)":"https:\/\/www4.hcdn.gob.ar\/dependencias\/dsecretaria\/Periodo2008\/PDF2008\/TP2008\/0010-JGM-08.pdf","('0010-JGM-2008', 1)":null},"Palabra Clave":{"('0010-JGM-2008', 0)":" ","('0010-JGM-2008', 1)":null}}