{"Tipo de Proyecto":{"('0010-PE-2008', 0)":"MENSAJE NRO: 0733\/08 Y PROYECTO DE LEY","('0010-PE-2008', 1)":null,"('0010-PE-2008', 2)":null},"Iniciado en: ":{"('0010-PE-2008', 0)":"Diputados","('0010-PE-2008', 1)":null,"('0010-PE-2008', 2)":null},"Expediente Diputados: ":{"('0010-PE-2008', 0)":"0010-PE-2008","('0010-PE-2008', 1)":null,"('0010-PE-2008', 2)":null},"Expediente Senado: ":{"('0010-PE-2008', 0)":"0075-CD-2008","('0010-PE-2008', 1)":null,"('0010-PE-2008', 2)":null},"Publicado en: ":{"('0010-PE-2008', 0)":"Tr\u00e1mite Parlamentario N\u00b0 35","('0010-PE-2008', 1)":null,"('0010-PE-2008', 2)":null},"Fecha: ":{"('0010-PE-2008', 0)":"30\/04\/2008","('0010-PE-2008', 1)":null,"('0010-PE-2008', 2)":null},"T\u00edtulo":{"('0010-PE-2008', 0)":"INGRESOS POR CONCESIONES DE OBRAS DE DRAGADO, SE\u00d1ALIZACION Y MANTENIMIENTO DE VIAS NAVEGABLES; EXENCION DEL IMPUESTO AL VALOR AGREGADO (IVA).","('0010-PE-2008', 1)":null,"('0010-PE-2008', 2)":null},"('Firmantes', 'FIRMANTE')":{"('0010-PE-2008', 0)":"FERNANDEZ DE KIRCHNER, CRISTINA","('0010-PE-2008', 1)":"FERNANDEZ, ALBERTO","('0010-PE-2008', 2)":"FERNANDEZ, CARLOS"},"('Firmantes', 'DISTRITO')":{"('0010-PE-2008', 0)":null,"('0010-PE-2008', 1)":null,"('0010-PE-2008', 2)":null},"('Firmantes', 'BLOQUE')":{"('0010-PE-2008', 0)":"PODER EJECUTIVO","('0010-PE-2008', 1)":"PODER EJECUTIVO","('0010-PE-2008', 2)":"PODER EJECUTIVO"},"('Giros', 'COMISI\u00d3N')":{"('0010-PE-2008', 0)":"PRESUPUESTO Y HACIENDA","('0010-PE-2008', 1)":null,"('0010-PE-2008', 2)":null},"('Tramites', 'C\u00c1MARA')":{"('0010-PE-2008', 0)":"Diputados","('0010-PE-2008', 1)":"Senado","('0010-PE-2008', 2)":"Senado"},"('Tramites', 'MOVIMIENTO')":{"('0010-PE-2008', 0)":"CONSIDERACION Y APROBACION","('0010-PE-2008', 1)":"PASA A SENADO -","('0010-PE-2008', 2)":"CONSIDERACION Y SANCION"},"('Tramites', 'FECHA')":{"('0010-PE-2008', 0)":"26\/11\/2008","('0010-PE-2008', 1)":null,"('0010-PE-2008', 2)":"10\/12\/2008"},"('Tramites', 'RESULTADO')":{"('0010-PE-2008', 0)":"MEDIA SANCION","('0010-PE-2008', 1)":null,"('0010-PE-2008', 2)":"SANCIONADO"},"Link":{"('0010-PE-2008', 0)":"https:\/\/www4.hcdn.gob.ar\/dependencias\/dsecretaria\/Periodo2008\/PDF2008\/TP2008\/0010-PE-08.pdf","('0010-PE-2008', 1)":null,"('0010-PE-2008', 2)":null},"Palabra Clave":{"('0010-PE-2008', 0)":" ","('0010-PE-2008', 1)":null,"('0010-PE-2008', 2)":null}}