{"Tipo de Proyecto":{"('0010-S-2008', 0)":"PROYECTO DE DECLARACI\u00d3N"},"Iniciado en: ":{"('0010-S-2008', 0)":"Senado"},"Expediente Senado: ":{"('0010-S-2008', 0)":"0010-S-2008"},"Publicado en: ":{"('0010-S-2008', 0)":"Diario de Asuntos Entrados N\u00b0 1"},"Fecha: ":{"('0010-S-2008', 0)":"03\/03\/2008"},"T\u00edtulo":{"('0010-S-2008', 0)":"DECLARAR DE INTERES LEGISLATIVO EL 34 CONGRESO ARGENTINO DE AGENTES DE VIAJES A REALIZARSE EN SAN SALVADOR DE JUJUY DEL 8 AL 10 DE MAYO."},"('Firmantes', 'FIRMANTE')":{"('0010-S-2008', 0)":"JENEFES, GUILLERMO RAUL"},"('Firmantes', 'DISTRITO')":{"('0010-S-2008', 0)":"JUJUY"},"('Firmantes', 'BLOQUE')":{"('0010-S-2008', 0)":"FRENTE PARA LA VICTORIA - PJ"},"Link":{"('0010-S-2008', 0)":"http:\/\/www.senado.gov.ar\/parlamentario\/comisiones\/verExp\/10.08\/S\/PD"},"Palabra Clave":{"('0010-S-2008', 0)":" "}}