{"Tipo de Proyecto":{"('0011-PE-2008', 0)":"MENSAJE NRO: 0840\/08 Y PROYECTO DE LEY","('0011-PE-2008', 1)":null,"('0011-PE-2008', 2)":null,"('0011-PE-2008', 3)":null,"('0011-PE-2008', 4)":null,"('0011-PE-2008', 5)":null,"('0011-PE-2008', 6)":null,"('0011-PE-2008', 7)":null},"Iniciado en: ":{"('0011-PE-2008', 0)":"Diputados","('0011-PE-2008', 1)":null,"('0011-PE-2008', 2)":null,"('0011-PE-2008', 3)":null,"('0011-PE-2008', 4)":null,"('0011-PE-2008', 5)":null,"('0011-PE-2008', 6)":null,"('0011-PE-2008', 7)":null},"Expediente Diputados: ":{"('0011-PE-2008', 0)":"0011-PE-2008","('0011-PE-2008', 1)":null,"('0011-PE-2008', 2)":null,"('0011-PE-2008', 3)":null,"('0011-PE-2008', 4)":null,"('0011-PE-2008', 5)":null,"('0011-PE-2008', 6)":null,"('0011-PE-2008', 7)":null},"Expediente Senado: ":{"('0011-PE-2008', 0)":"0033-CD-2008","('0011-PE-2008', 1)":null,"('0011-PE-2008', 2)":null,"('0011-PE-2008', 3)":null,"('0011-PE-2008', 4)":null,"('0011-PE-2008', 5)":null,"('0011-PE-2008', 6)":null,"('0011-PE-2008', 7)":null},"Publicado en: ":{"('0011-PE-2008', 0)":"Tr\u00e1mite Parlamentario N\u00b0 49","('0011-PE-2008', 1)":null,"('0011-PE-2008', 2)":null,"('0011-PE-2008', 3)":null,"('0011-PE-2008', 4)":null,"('0011-PE-2008', 5)":null,"('0011-PE-2008', 6)":null,"('0011-PE-2008', 7)":null},"Fecha: ":{"('0011-PE-2008', 0)":"21\/05\/2008","('0011-PE-2008', 1)":null,"('0011-PE-2008', 2)":null,"('0011-PE-2008', 3)":null,"('0011-PE-2008', 4)":null,"('0011-PE-2008', 5)":null,"('0011-PE-2008', 6)":null,"('0011-PE-2008', 7)":null},"T\u00edtulo":{"('0011-PE-2008', 0)":"LEY DE DESARROLLO Y CONSOLIDACION DEL SECTOR AUTOPARTISTA NACIONAL: REGIMEN DE FORTALECIMIENTO DEL AUTOPARTISMO ARGENTINO, DEFINICION Y ALCANCES, BENEFICIOS, SOLICITUD DE INCORPORACION; REGIMEN DE CONSOLIDACION DE LA PRODUCCION NACIONAL DE MOTORES Y CAJAS DE TRANSMISION, REINTEGROS, SANCIONES, DISPOSICIONES GENERALES.","('0011-PE-2008', 1)":null,"('0011-PE-2008', 2)":null,"('0011-PE-2008', 3)":null,"('0011-PE-2008', 4)":null,"('0011-PE-2008', 5)":null,"('0011-PE-2008', 6)":null,"('0011-PE-2008', 7)":null},"('Firmantes', 'FIRMANTE')":{"('0011-PE-2008', 0)":"FERNANDEZ DE KIRCHNER, CRISTINA","('0011-PE-2008', 1)":"FERNANDEZ, ALBERTO","('0011-PE-2008', 2)":"FERNANDEZ, CARLOS","('0011-PE-2008', 3)":null,"('0011-PE-2008', 4)":null,"('0011-PE-2008', 5)":null,"('0011-PE-2008', 6)":null,"('0011-PE-2008', 7)":null},"('Firmantes', 'DISTRITO')":{"('0011-PE-2008', 0)":null,"('0011-PE-2008', 1)":null,"('0011-PE-2008', 2)":null,"('0011-PE-2008', 3)":null,"('0011-PE-2008', 4)":null,"('0011-PE-2008', 5)":null,"('0011-PE-2008', 6)":null,"('0011-PE-2008', 7)":null},"('Firmantes', 'BLOQUE')":{"('0011-PE-2008', 0)":"PODER EJECUTIVO","('0011-PE-2008', 1)":"PODER EJECUTIVO","('0011-PE-2008', 2)":"PODER EJECUTIVO","('0011-PE-2008', 3)":null,"('0011-PE-2008', 4)":null,"('0011-PE-2008', 5)":null,"('0011-PE-2008', 6)":null,"('0011-PE-2008', 7)":null},"('Giros', 'COMISI\u00d3N')":{"('0011-PE-2008', 0)":"INDUSTRIA","('0011-PE-2008', 1)":"PRESUPUESTO Y HACIENDA","('0011-PE-2008', 2)":null,"('0011-PE-2008', 3)":null,"('0011-PE-2008', 4)":null,"('0011-PE-2008', 5)":null,"('0011-PE-2008', 6)":null,"('0011-PE-2008', 7)":null},"('Tramites', 'C\u00c1MARA')":{"('0011-PE-2008', 0)":"Diputados","('0011-PE-2008', 1)":"Diputados","('0011-PE-2008', 2)":"Diputados","('0011-PE-2008', 3)":"Diputados","('0011-PE-2008', 4)":"Senado","('0011-PE-2008', 5)":"Senado","('0011-PE-2008', 6)":"Senado","('0011-PE-2008', 7)":"Senado"},"('Tramites', 'MOVIMIENTO')":{"('0011-PE-2008', 0)":"MOCION SOBRE TABLAS (AFIRMATIVA)","('0011-PE-2008', 1)":"CONSIDERACION","('0011-PE-2008', 2)":"CONSIDERACION Y APROBACION CON MODIFICACIONES","('0011-PE-2008', 3)":"INSERCIONES DE LAS DIPUTADAS MARINO Y SESMA","('0011-PE-2008', 4)":"PASA A SENADO -","('0011-PE-2008', 5)":"MOCION SOBRE TABLAS (AFIRMATIVA)","('0011-PE-2008', 6)":"CONSIDERACION Y SANCION","('0011-PE-2008', 7)":"INSERCION"},"('Tramites', 'FECHA')":{"('0011-PE-2008', 0)":"11\/06\/2008","('0011-PE-2008', 1)":"11\/06\/2008","('0011-PE-2008', 2)":"11\/06\/2008","('0011-PE-2008', 3)":"11\/06\/2008","('0011-PE-2008', 4)":null,"('0011-PE-2008', 5)":"25\/06\/2008","('0011-PE-2008', 6)":"25\/06\/2008","('0011-PE-2008', 7)":"25\/06\/2008"},"('Tramites', 'RESULTADO')":{"('0011-PE-2008', 0)":null,"('0011-PE-2008', 1)":null,"('0011-PE-2008', 2)":"MEDIA SANCION","('0011-PE-2008', 3)":null,"('0011-PE-2008', 4)":null,"('0011-PE-2008', 5)":null,"('0011-PE-2008', 6)":"SANCIONADO","('0011-PE-2008', 7)":null},"Link":{"('0011-PE-2008', 0)":"https:\/\/www4.hcdn.gob.ar\/dependencias\/dsecretaria\/Periodo2008\/PDF2008\/TP2008\/0011-PE-08.pdf","('0011-PE-2008', 1)":null,"('0011-PE-2008', 2)":null,"('0011-PE-2008', 3)":null,"('0011-PE-2008', 4)":null,"('0011-PE-2008', 5)":null,"('0011-PE-2008', 6)":null,"('0011-PE-2008', 7)":null},"Palabra Clave":{"('0011-PE-2008', 0)":" ","('0011-PE-2008', 1)":null,"('0011-PE-2008', 2)":null,"('0011-PE-2008', 3)":null,"('0011-PE-2008', 4)":null,"('0011-PE-2008', 5)":null,"('0011-PE-2008', 6)":null,"('0011-PE-2008', 7)":null}}