{"Tipo de Proyecto":{"('0012-PE-2008', 0)":"MENSAJE NRO: 0903\/08","('0012-PE-2008', 1)":null,"('0012-PE-2008', 2)":null},"Iniciado en: ":{"('0012-PE-2008', 0)":"Diputados","('0012-PE-2008', 1)":null,"('0012-PE-2008', 2)":null},"Expediente Diputados: ":{"('0012-PE-2008', 0)":"0012-PE-2008","('0012-PE-2008', 1)":null,"('0012-PE-2008', 2)":null},"Publicado en: ":{"('0012-PE-2008', 0)":"Tr\u00e1mite Parlamentario N\u00b0 63","('0012-PE-2008', 1)":null,"('0012-PE-2008', 2)":null},"Fecha: ":{"('0012-PE-2008', 0)":"10\/06\/2008","('0012-PE-2008', 1)":null,"('0012-PE-2008', 2)":null},"T\u00edtulo":{"('0012-PE-2008', 0)":"COMUNICACION DEL DICTADO DEL DECRETO 902\/08 POR EL CUAL SE PROCEDE AL REAJUSTE DE PRECIOS RESPECTO DE LOS CONTRATOS DE CONCESION DE OBRA PUBLICA, CORREDOR 28 Y CORREDOR 31 CON LAS EMPRESAS CONCESIONARIAS RUTAS DEL LITORAL SA Y RUTAS PAMPEANAS SA.","('0012-PE-2008', 1)":null,"('0012-PE-2008', 2)":null},"('Firmantes', 'FIRMANTE')":{"('0012-PE-2008', 0)":"FERNANDEZ DE KIRCHNER, CRISTINA","('0012-PE-2008', 1)":"FERNANDEZ, ALBERTO","('0012-PE-2008', 2)":"DE VIDO, JULIO"},"('Firmantes', 'DISTRITO')":{"('0012-PE-2008', 0)":null,"('0012-PE-2008', 1)":null,"('0012-PE-2008', 2)":null},"('Firmantes', 'BLOQUE')":{"('0012-PE-2008', 0)":"PODER EJECUTIVO","('0012-PE-2008', 1)":"PODER EJECUTIVO","('0012-PE-2008', 2)":"PODER EJECUTIVO"},"('Giros', 'COMISI\u00d3N')":{"('0012-PE-2008', 0)":"BICAMERAL DE SEGUIMIENTO DE FACULTADES DELEGADAS AL PODER EJECUTIVO NACIONAL - LEY 25561","('0012-PE-2008', 1)":null,"('0012-PE-2008', 2)":null},"Link":{"('0012-PE-2008', 0)":"https:\/\/www4.hcdn.gob.ar\/dependencias\/dsecretaria\/Periodo2008\/PDF2008\/TP2008\/0012-PE-08.pdf","('0012-PE-2008', 1)":null,"('0012-PE-2008', 2)":null},"Palabra Clave":{"('0012-PE-2008', 0)":" ","('0012-PE-2008', 1)":null,"('0012-PE-2008', 2)":null}}