{"Tipo de Proyecto":{"('0012-S-2008', 0)":"PROYECTO DE DECLARACI\u00d3N","('0012-S-2008', 1)":null},"Iniciado en: ":{"('0012-S-2008', 0)":"Senado","('0012-S-2008', 1)":null},"Expediente Senado: ":{"('0012-S-2008', 0)":"0012-S-2008","('0012-S-2008', 1)":null},"Publicado en: ":{"('0012-S-2008', 0)":"Diario de Asuntos Entrados N\u00b0 1","('0012-S-2008', 1)":null},"Fecha: ":{"('0012-S-2008', 0)":"03\/03\/2008","('0012-S-2008', 1)":null},"T\u00edtulo":{"('0012-S-2008', 0)":"ADHERIR AL 50 ANIVERSARIO DE RADIO RIVADAVIA, EL 24 DE ABRIL. ","('0012-S-2008', 1)":null},"('Firmantes', 'FIRMANTE')":{"('0012-S-2008', 0)":"JENEFES, GUILLERMO RAUL","('0012-S-2008', 1)":"FILMUS, DANIEL"},"('Firmantes', 'DISTRITO')":{"('0012-S-2008', 0)":"JUJUY","('0012-S-2008', 1)":"CIUDAD de BUENOS AIRES"},"('Firmantes', 'BLOQUE')":{"('0012-S-2008', 0)":"FRENTE PARA LA VICTORIA - PJ","('0012-S-2008', 1)":"FRENTE PARA LA VICTORIA - PJ"},"('Tramites', 'C\u00c1MARA')":{"('0012-S-2008', 0)":"Senado","('0012-S-2008', 1)":null},"('Tramites', 'MOVIMIENTO')":{"('0012-S-2008', 0)":"CONSIDERACION Y APROBACION","('0012-S-2008', 1)":null},"('Tramites', 'FECHA')":{"('0012-S-2008', 0)":"14\/05\/2008","('0012-S-2008', 1)":null},"('Tramites', 'RESULTADO')":{"('0012-S-2008', 0)":"APROBADO","('0012-S-2008', 1)":null},"Link":{"('0012-S-2008', 0)":"http:\/\/www.senado.gov.ar\/parlamentario\/comisiones\/verExp\/12.08\/S\/PD","('0012-S-2008', 1)":null},"Palabra Clave":{"('0012-S-2008', 0)":" ","('0012-S-2008', 1)":null}}