{"Tipo de Proyecto":{"('0013-JGM-2008', 0)":"MENSAJE NRO: 0562\/08","('0013-JGM-2008', 1)":null},"Iniciado en: ":{"('0013-JGM-2008', 0)":"Diputados","('0013-JGM-2008', 1)":null},"Expediente Diputados: ":{"('0013-JGM-2008', 0)":"0013-JGM-2008","('0013-JGM-2008', 1)":null},"Publicado en: ":{"('0013-JGM-2008', 0)":"Tr\u00e1mite Parlamentario N\u00b0 170","('0013-JGM-2008', 1)":null},"Fecha: ":{"('0013-JGM-2008', 0)":"25\/11\/2008","('0013-JGM-2008', 1)":null},"T\u00edtulo":{"('0013-JGM-2008', 0)":"COMUNICACION DEL DICTADO DEL DECRETO DE NECESIDAD Y URGENCIA 2025\/08 POR EL CUAL SE MODIFICA LA LEY DE MINISTERIOS, TEXTO ORDENADO POR DECRETO 438\/92  Y MODIFICATORIAS (SUSTITUCION DE LOS ARTICULOS 1, 9, 20 E INCORPORACION DEL ARTICULO 20 BIS), CREACION DEL MINISTERIO DE PRODUCCION.","('0013-JGM-2008', 1)":null},"('Firmantes', 'FIRMANTE')":{"('0013-JGM-2008', 0)":"MASSA, SERGIO TOMAS","('0013-JGM-2008', 1)":"RANDAZZO, FLORENCIO"},"('Firmantes', 'DISTRITO')":{"('0013-JGM-2008', 0)":null,"('0013-JGM-2008', 1)":null},"('Firmantes', 'BLOQUE')":{"('0013-JGM-2008', 0)":"PODER EJECUTIVO","('0013-JGM-2008', 1)":"PODER EJECUTIVO"},"('Giros', 'COMISI\u00d3N')":{"('0013-JGM-2008', 0)":"BICAMERAL PERMANENTE DE TRAMITE LEGISLATIVO - LEY 26122","('0013-JGM-2008', 1)":null},"('Tramites', 'C\u00c1MARA')":{"('0013-JGM-2008', 0)":"Diputados","('0013-JGM-2008', 1)":"Diputados"},"('Tramites', 'MOVIMIENTO')":{"('0013-JGM-2008', 0)":"CONSIDERACION Y APROBACION","('0013-JGM-2008', 1)":"INSERCION DE LA DIPUTADA RODRIGUEZ"},"('Tramites', 'FECHA')":{"('0013-JGM-2008', 0)":"28\/10\/2009","('0013-JGM-2008', 1)":"28\/10\/2009"},"('Tramites', 'RESULTADO')":{"('0013-JGM-2008', 0)":"APROBADO","('0013-JGM-2008', 1)":null},"Link":{"('0013-JGM-2008', 0)":"https:\/\/www4.hcdn.gob.ar\/dependencias\/dsecretaria\/Periodo2008\/PDF2008\/TP2008\/0013-JGM-08.pdf","('0013-JGM-2008', 1)":null},"Palabra Clave":{"('0013-JGM-2008', 0)":" ","('0013-JGM-2008', 1)":null}}