{"Tipo de Proyecto":{"('0013-PE-2008', 0)":"MENSAJE NRO: 0941\/08 Y PROYECTO DE LEY","('0013-PE-2008', 1)":null,"('0013-PE-2008', 2)":null,"('0013-PE-2008', 3)":null,"('0013-PE-2008', 4)":null,"('0013-PE-2008', 5)":null,"('0013-PE-2008', 6)":null,"('0013-PE-2008', 7)":null,"('0013-PE-2008', 8)":null,"('0013-PE-2008', 9)":null,"('0013-PE-2008', 10)":null,"('0013-PE-2008', 11)":null,"('0013-PE-2008', 12)":null,"('0013-PE-2008', 13)":null,"('0013-PE-2008', 14)":null},"Iniciado en: ":{"('0013-PE-2008', 0)":"Diputados","('0013-PE-2008', 1)":null,"('0013-PE-2008', 2)":null,"('0013-PE-2008', 3)":null,"('0013-PE-2008', 4)":null,"('0013-PE-2008', 5)":null,"('0013-PE-2008', 6)":null,"('0013-PE-2008', 7)":null,"('0013-PE-2008', 8)":null,"('0013-PE-2008', 9)":null,"('0013-PE-2008', 10)":null,"('0013-PE-2008', 11)":null,"('0013-PE-2008', 12)":null,"('0013-PE-2008', 13)":null,"('0013-PE-2008', 14)":null},"Expediente Diputados: ":{"('0013-PE-2008', 0)":"0013-PE-2008","('0013-PE-2008', 1)":null,"('0013-PE-2008', 2)":null,"('0013-PE-2008', 3)":null,"('0013-PE-2008', 4)":null,"('0013-PE-2008', 5)":null,"('0013-PE-2008', 6)":null,"('0013-PE-2008', 7)":null,"('0013-PE-2008', 8)":null,"('0013-PE-2008', 9)":null,"('0013-PE-2008', 10)":null,"('0013-PE-2008', 11)":null,"('0013-PE-2008', 12)":null,"('0013-PE-2008', 13)":null,"('0013-PE-2008', 14)":null},"Expediente Senado: ":{"('0013-PE-2008', 0)":"0042-CD-2008","('0013-PE-2008', 1)":null,"('0013-PE-2008', 2)":null,"('0013-PE-2008', 3)":null,"('0013-PE-2008', 4)":null,"('0013-PE-2008', 5)":null,"('0013-PE-2008', 6)":null,"('0013-PE-2008', 7)":null,"('0013-PE-2008', 8)":null,"('0013-PE-2008', 9)":null,"('0013-PE-2008', 10)":null,"('0013-PE-2008', 11)":null,"('0013-PE-2008', 12)":null,"('0013-PE-2008', 13)":null,"('0013-PE-2008', 14)":null},"Publicado en: ":{"('0013-PE-2008', 0)":"Tr\u00e1mite Parlamentario N\u00b0 67","('0013-PE-2008', 1)":null,"('0013-PE-2008', 2)":null,"('0013-PE-2008', 3)":null,"('0013-PE-2008', 4)":null,"('0013-PE-2008', 5)":null,"('0013-PE-2008', 6)":null,"('0013-PE-2008', 7)":null,"('0013-PE-2008', 8)":null,"('0013-PE-2008', 9)":null,"('0013-PE-2008', 10)":null,"('0013-PE-2008', 11)":null,"('0013-PE-2008', 12)":null,"('0013-PE-2008', 13)":null,"('0013-PE-2008', 14)":null},"Fecha: ":{"('0013-PE-2008', 0)":"19\/06\/2008","('0013-PE-2008', 1)":null,"('0013-PE-2008', 2)":null,"('0013-PE-2008', 3)":null,"('0013-PE-2008', 4)":null,"('0013-PE-2008', 5)":null,"('0013-PE-2008', 6)":null,"('0013-PE-2008', 7)":null,"('0013-PE-2008', 8)":null,"('0013-PE-2008', 9)":null,"('0013-PE-2008', 10)":null,"('0013-PE-2008', 11)":null,"('0013-PE-2008', 12)":null,"('0013-PE-2008', 13)":null,"('0013-PE-2008', 14)":null},"T\u00edtulo":{"('0013-PE-2008', 0)":"RETENCIONES AGROPECUARIAS: RATIFICACION DE LAS RESOLUCIONES DEL MINISTERIO DE ECONOMIA Y PRODUCCION 125\/08 Y 141\/08, 64\/08 Y SUS COMPLEMENTARIAS 284\/08 Y 285\/08; CREACION DEL FONDO DE REDISTRIBUCION SOCIAL.","('0013-PE-2008', 1)":null,"('0013-PE-2008', 2)":null,"('0013-PE-2008', 3)":null,"('0013-PE-2008', 4)":null,"('0013-PE-2008', 5)":null,"('0013-PE-2008', 6)":null,"('0013-PE-2008', 7)":null,"('0013-PE-2008', 8)":null,"('0013-PE-2008', 9)":null,"('0013-PE-2008', 10)":null,"('0013-PE-2008', 11)":null,"('0013-PE-2008', 12)":null,"('0013-PE-2008', 13)":null,"('0013-PE-2008', 14)":null},"('Firmantes', 'FIRMANTE')":{"('0013-PE-2008', 0)":"FERNANDEZ DE KIRCHNER, CRISTINA","('0013-PE-2008', 1)":"FERNANDEZ, ALBERTO","('0013-PE-2008', 2)":"FERNANDEZ, CARLOS","('0013-PE-2008', 3)":null,"('0013-PE-2008', 4)":null,"('0013-PE-2008', 5)":null,"('0013-PE-2008', 6)":null,"('0013-PE-2008', 7)":null,"('0013-PE-2008', 8)":null,"('0013-PE-2008', 9)":null,"('0013-PE-2008', 10)":null,"('0013-PE-2008', 11)":null,"('0013-PE-2008', 12)":null,"('0013-PE-2008', 13)":null,"('0013-PE-2008', 14)":null},"('Firmantes', 'DISTRITO')":{"('0013-PE-2008', 0)":null,"('0013-PE-2008', 1)":null,"('0013-PE-2008', 2)":null,"('0013-PE-2008', 3)":null,"('0013-PE-2008', 4)":null,"('0013-PE-2008', 5)":null,"('0013-PE-2008', 6)":null,"('0013-PE-2008', 7)":null,"('0013-PE-2008', 8)":null,"('0013-PE-2008', 9)":null,"('0013-PE-2008', 10)":null,"('0013-PE-2008', 11)":null,"('0013-PE-2008', 12)":null,"('0013-PE-2008', 13)":null,"('0013-PE-2008', 14)":null},"('Firmantes', 'BLOQUE')":{"('0013-PE-2008', 0)":"PODER EJECUTIVO","('0013-PE-2008', 1)":"PODER EJECUTIVO","('0013-PE-2008', 2)":"PODER EJECUTIVO","('0013-PE-2008', 3)":null,"('0013-PE-2008', 4)":null,"('0013-PE-2008', 5)":null,"('0013-PE-2008', 6)":null,"('0013-PE-2008', 7)":null,"('0013-PE-2008', 8)":null,"('0013-PE-2008', 9)":null,"('0013-PE-2008', 10)":null,"('0013-PE-2008', 11)":null,"('0013-PE-2008', 12)":null,"('0013-PE-2008', 13)":null,"('0013-PE-2008', 14)":null},"('Giros', 'COMISI\u00d3N')":{"('0013-PE-2008', 0)":"AGRICULTURA Y GANADERIA","('0013-PE-2008', 1)":"PRESUPUESTO Y HACIENDA","('0013-PE-2008', 2)":null,"('0013-PE-2008', 3)":null,"('0013-PE-2008', 4)":null,"('0013-PE-2008', 5)":null,"('0013-PE-2008', 6)":null,"('0013-PE-2008', 7)":null,"('0013-PE-2008', 8)":null,"('0013-PE-2008', 9)":null,"('0013-PE-2008', 10)":null,"('0013-PE-2008', 11)":null,"('0013-PE-2008', 12)":null,"('0013-PE-2008', 13)":null,"('0013-PE-2008', 14)":null},"('Tramites', 'C\u00c1MARA')":{"('0013-PE-2008', 0)":"Diputados","('0013-PE-2008', 1)":"Diputados","('0013-PE-2008', 2)":"Diputados","('0013-PE-2008', 3)":"Diputados","('0013-PE-2008', 4)":"Diputados","('0013-PE-2008', 5)":"Diputados","('0013-PE-2008', 6)":"Senado","('0013-PE-2008', 7)":"Senado","('0013-PE-2008', 8)":"Senado","('0013-PE-2008', 9)":"Senado","('0013-PE-2008', 10)":"Senado","('0013-PE-2008', 11)":"Senado","('0013-PE-2008', 12)":"Senado","('0013-PE-2008', 13)":"Senado","('0013-PE-2008', 14)":"Senado"},"('Tramites', 'MOVIMIENTO')":{"('0013-PE-2008', 0)":"CONVOCATORIA SESION ESPECIAL","('0013-PE-2008', 1)":"COMIENZA CONSIDERACION","('0013-PE-2008', 2)":"CONSIDERACION Y APROBACION EN GENERAL DEL DICTAMEN DE MAYORIA","('0013-PE-2008', 3)":"SOLICITUD VOTACION NOMINAL ARTICULOS 1 Y 2 (AFIRMATIVA)","('0013-PE-2008', 4)":"CONSIDERACION Y APROBACION CON MODIFICACIONES","('0013-PE-2008', 5)":"INSERCIONES DE LOS DIPUTADOS GIUDICI, ALCUAZ, ALFARO, ALVAREZ, BALADRON, BARRIOS, BAYONZO, BERTOL, BEVERAGGI, BIANCO, BURZACO, CALCHAQUI, DEL CAMPILLO, CARMONA, CEJAS, COLLANTES, CONTI, CREMER DE BUSTI, CUSINATO, DAHER, DIAZ BANCALARI, FABRIS, FADEL, FIOL, GALVALISI, GARCIA (I.A.), GINZBURG, GIOJA, GIUBERGIA, HALAK, HEREDIA, ITURRIETA, MARINO, MONTOYA, DE NARVAEZ, PRIETO, PUIGGROS, RECALDE, RUIZ, SESMA, SPATOLA, VACA NARVAJA, VILARI\u00d1O, WEST Y ZAVALLO","('0013-PE-2008', 6)":"PASA A SENADO -","('0013-PE-2008', 7)":"PLAN DE LABOR (AFIRMATIVA)","('0013-PE-2008', 8)":"CONSIDERACION","('0013-PE-2008', 9)":"VOTACION NOMINAL (EMPATE)","('0013-PE-2008', 10)":"CONSIDERACION","('0013-PE-2008', 11)":"SOLICITUD DEL PRESIDENTE DEL CUERPO DE HACER USO DE LA PALABRA (AFIRMATIVA)","('0013-PE-2008', 12)":"SEGUNDA VOTACION (EMPATE)","('0013-PE-2008', 13)":"VOTO DEL PRESIDENTE POR LA NEGATIVA (RECHAZADO)","('0013-PE-2008', 14)":"INSERCIONES DE LOS SENADORES ROMERO, GIRI, MENEM, PAMPURO, RIOFRIO, BORTOLOZZI DE BOGADO, MASSONI, PARRILLI, ESCUDERO, CORREGIDO, GUINLE, TROADELLO, GALLEGOS, COLAZO, FILMUS, VIANA, FORTSMANN Y MAZA."},"('Tramites', 'FECHA')":{"('0013-PE-2008', 0)":"04\/07\/2008","('0013-PE-2008', 1)":"04\/07\/2008","('0013-PE-2008', 2)":"04\/07\/2008","('0013-PE-2008', 3)":"04\/07\/2008","('0013-PE-2008', 4)":"04\/07\/2008","('0013-PE-2008', 5)":"04\/07\/2008","('0013-PE-2008', 6)":null,"('0013-PE-2008', 7)":"16\/07\/2008","('0013-PE-2008', 8)":"16\/07\/2008","('0013-PE-2008', 9)":"16\/07\/2008","('0013-PE-2008', 10)":"16\/07\/2008","('0013-PE-2008', 11)":"16\/07\/2008","('0013-PE-2008', 12)":"16\/07\/2008","('0013-PE-2008', 13)":"16\/07\/2008","('0013-PE-2008', 14)":"16\/07\/2008"},"('Tramites', 'RESULTADO')":{"('0013-PE-2008', 0)":null,"('0013-PE-2008', 1)":null,"('0013-PE-2008', 2)":null,"('0013-PE-2008', 3)":null,"('0013-PE-2008', 4)":"MEDIA SANCION","('0013-PE-2008', 5)":null,"('0013-PE-2008', 6)":null,"('0013-PE-2008', 7)":null,"('0013-PE-2008', 8)":null,"('0013-PE-2008', 9)":null,"('0013-PE-2008', 10)":null,"('0013-PE-2008', 11)":null,"('0013-PE-2008', 12)":null,"('0013-PE-2008', 13)":"RECHAZADO","('0013-PE-2008', 14)":null},"Sumario":{"('0013-PE-2008', 0)":"FINALIDAD DEL FONDO: FINANCIAR LA CONSTRUCCION HOSPITALES PUBLICOS Y CENTROS DE SALUD (60 %), VIVIENDAS POPULARES URBANAS O RURALES (20 %), CAMINOS RURALES (20 %). EJECUCION DESCENTRALIZADA DE LAS OBRAS POR CONVENIOS CON LAS PROVINCIAS.","('0013-PE-2008', 1)":null,"('0013-PE-2008', 2)":null,"('0013-PE-2008', 3)":null,"('0013-PE-2008', 4)":null,"('0013-PE-2008', 5)":null,"('0013-PE-2008', 6)":null,"('0013-PE-2008', 7)":null,"('0013-PE-2008', 8)":null,"('0013-PE-2008', 9)":null,"('0013-PE-2008', 10)":null,"('0013-PE-2008', 11)":null,"('0013-PE-2008', 12)":null,"('0013-PE-2008', 13)":null,"('0013-PE-2008', 14)":null},"Palabra Clave":{"('0013-PE-2008', 0)":" ","('0013-PE-2008', 1)":null,"('0013-PE-2008', 2)":null,"('0013-PE-2008', 3)":null,"('0013-PE-2008', 4)":null,"('0013-PE-2008', 5)":null,"('0013-PE-2008', 6)":null,"('0013-PE-2008', 7)":null,"('0013-PE-2008', 8)":null,"('0013-PE-2008', 9)":null,"('0013-PE-2008', 10)":null,"('0013-PE-2008', 11)":null,"('0013-PE-2008', 12)":null,"('0013-PE-2008', 13)":null,"('0013-PE-2008', 14)":null}}