{"Tipo de Proyecto":{"('0014-JGM-2008', 0)":"MENSAJE NRO: 0001\/09","('0014-JGM-2008', 1)":null,"('0014-JGM-2008', 2)":null},"Iniciado en: ":{"('0014-JGM-2008', 0)":"Diputados","('0014-JGM-2008', 1)":null,"('0014-JGM-2008', 2)":null},"Expediente Diputados: ":{"('0014-JGM-2008', 0)":"0014-JGM-2008","('0014-JGM-2008', 1)":null,"('0014-JGM-2008', 2)":null},"Publicado en: ":{"('0014-JGM-2008', 0)":"Tr\u00e1mite Parlamentario N\u00b0 185","('0014-JGM-2008', 1)":null,"('0014-JGM-2008', 2)":null},"Fecha: ":{"('0014-JGM-2008', 0)":"08\/01\/2009","('0014-JGM-2008', 1)":null,"('0014-JGM-2008', 2)":null},"T\u00edtulo":{"('0014-JGM-2008', 0)":"COMUNICACION DEL DECRETO 6\/2009  POR EL CUAL SE PROMULGA PARCIALMENTE EL PROYECTO DE LEY REGISTRADO BAJO EL NUMERO 26467, SOBRE ESTABLECER MEDIDAS ECONOMICAS PARA DESALENTAR EL CONSUMO DE PRODUCTOS ELABORADOS CON TABACO.","('0014-JGM-2008', 1)":null,"('0014-JGM-2008', 2)":null},"('Firmantes', 'FIRMANTE')":{"('0014-JGM-2008', 0)":"MASSA, SERGIO TOMAS","('0014-JGM-2008', 1)":"FERNANDEZ, CARLOS","('0014-JGM-2008', 2)":null},"('Firmantes', 'DISTRITO')":{"('0014-JGM-2008', 0)":null,"('0014-JGM-2008', 1)":null,"('0014-JGM-2008', 2)":null},"('Firmantes', 'BLOQUE')":{"('0014-JGM-2008', 0)":"PODER EJECUTIVO","('0014-JGM-2008', 1)":"PODER EJECUTIVO","('0014-JGM-2008', 2)":null},"('Giros', 'COMISI\u00d3N')":{"('0014-JGM-2008', 0)":"BICAMERAL PERMANENTE DE TRAMITE LEGISLATIVO - LEY 26122","('0014-JGM-2008', 1)":"COMERCIO","('0014-JGM-2008', 2)":"PRESUPUESTO Y HACIENDA"},"Link":{"('0014-JGM-2008', 0)":"https:\/\/www4.hcdn.gob.ar\/dependencias\/dsecretaria\/Periodo2008\/PDF2008\/TP2008\/0014-JGM-08.pdf","('0014-JGM-2008', 1)":null,"('0014-JGM-2008', 2)":null},"Palabra Clave":{"('0014-JGM-2008', 0)":" ","('0014-JGM-2008', 1)":null,"('0014-JGM-2008', 2)":null}}