{"Tipo de Proyecto":{"('0014-S-2008', 0)":"PROYECTO DE LEY"},"Iniciado en: ":{"('0014-S-2008', 0)":"Senado"},"Expediente Senado: ":{"('0014-S-2008', 0)":"0014-S-2008"},"Publicado en: ":{"('0014-S-2008', 0)":"Diario de Asuntos Entrados N\u00b0 1"},"Fecha: ":{"('0014-S-2008', 0)":"03\/03\/2008"},"T\u00edtulo":{"('0014-S-2008', 0)":"DECLARAR DE INTERES ARQUEOLOGICO, CULTURAL Y TURISTICO EL INKA\u00d1AN (CAMINO DEL INCA), Y SUS OBRAS ACCESORIAS Y COMPLEMENTARIAS, QUE SE DESARROLLAN EN LAS PROVINCIAS DE JUJUY, SALTA, CATAMARCA, LA RIOJA, SAN JUAN Y MENDOZA (REPRODUCCION DEL EXPEDIENTE 0157-S-06)."},"('Firmantes', 'FIRMANTE')":{"('0014-S-2008', 0)":"SAADI, RAMON EDUARDO"},"('Firmantes', 'DISTRITO')":{"('0014-S-2008', 0)":"CATAMARCA"},"('Firmantes', 'BLOQUE')":{"('0014-S-2008', 0)":"FRENTE PARA LA VICTORIA - PJ"},"Sumario":{"('0014-S-2008', 0)":"COORDINACION DE MEDIDAS DE PRESERVACION, PROTECCION E INVESTIGACION POR PARTE DEL INSTITUTO NACIONAL DE ANTROPOLOGIA Y PENSAMIENTO LATINOAMERICANO, DEPENDIENTE DE LA SECRETARIA DE CULTURA DE LA NACION; PROMOCION DE LA DIFUSION DEL CAMINO DEL INCA; ELABORACION DE PROPAGANDA, INCLUYENDO AL CAMINO DEL INCA, ENTRE LAS PRINCIPALES OFERTAS TURISTICAS NACIONALES."},"Palabra Clave":{"('0014-S-2008', 0)":" "}}