{"Tipo de Proyecto":{"('0015-PE-2008', 0)":"MENSAJE NRO: 1002\/08 Y PROYECTO DE LEY","('0015-PE-2008', 1)":null,"('0015-PE-2008', 2)":null},"Iniciado en: ":{"('0015-PE-2008', 0)":"Diputados","('0015-PE-2008', 1)":null,"('0015-PE-2008', 2)":null},"Expediente Diputados: ":{"('0015-PE-2008', 0)":"0015-PE-2008","('0015-PE-2008', 1)":null,"('0015-PE-2008', 2)":null},"Publicado en: ":{"('0015-PE-2008', 0)":"Tr\u00e1mite Parlamentario N\u00b0 73","('0015-PE-2008', 1)":null,"('0015-PE-2008', 2)":null},"Fecha: ":{"('0015-PE-2008', 0)":"25\/06\/2008","('0015-PE-2008', 1)":null,"('0015-PE-2008', 2)":null},"T\u00edtulo":{"('0015-PE-2008', 0)":"REGIMEN PARA LAS PERSONAS FISICAS O JURIDICAS QUE PRESTEN SERVICIOS DE SEGURIDAD Y CUSTODIA: APLICACION ARMONICA CON LA LEY 20429, NACIONAL DE ARMAS Y EXPLOSIVOS Y LA LEY 24059, DE SEGURIDAD INTERIOR.","('0015-PE-2008', 1)":null,"('0015-PE-2008', 2)":null},"('Firmantes', 'FIRMANTE')":{"('0015-PE-2008', 0)":"FERNANDEZ DE KIRCHNER, CRISTINA","('0015-PE-2008', 1)":"FERNANDEZ, ALBERTO","('0015-PE-2008', 2)":"FERNANDEZ, ANIBAL"},"('Firmantes', 'DISTRITO')":{"('0015-PE-2008', 0)":null,"('0015-PE-2008', 1)":null,"('0015-PE-2008', 2)":null},"('Firmantes', 'BLOQUE')":{"('0015-PE-2008', 0)":"PODER EJECUTIVO","('0015-PE-2008', 1)":"PODER EJECUTIVO","('0015-PE-2008', 2)":"PODER EJECUTIVO"},"('Giros', 'COMISI\u00d3N')":{"('0015-PE-2008', 0)":"SEGURIDAD INTERIOR","('0015-PE-2008', 1)":null,"('0015-PE-2008', 2)":null},"('Tramites', 'C\u00c1MARA')":{"('0015-PE-2008', 0)":"Diputados","('0015-PE-2008', 1)":null,"('0015-PE-2008', 2)":null},"('Tramites', 'MOVIMIENTO')":{"('0015-PE-2008', 0)":"MOCION SOBRE TABLAS (AFIRMATIVA)","('0015-PE-2008', 1)":null,"('0015-PE-2008', 2)":null},"('Tramites', 'FECHA')":{"('0015-PE-2008', 0)":"28\/10\/2009","('0015-PE-2008', 1)":null,"('0015-PE-2008', 2)":null},"('Tramites', 'RESULTADO')":{"('0015-PE-2008', 0)":null,"('0015-PE-2008', 1)":null,"('0015-PE-2008', 2)":null},"Sumario":{"('0015-PE-2008', 0)":"ACTIVIDADES COMPRENDIDAS; OBLIGACION DE COLABORAR CON LAS FUERZAS DE SEGURIDAD NACIONALES Y PROVINCIALES; REQUISITOS PARA LA HABILITACION; FUNCION DE DIRECTOR TECNICO; OBLIGACION DE CONTRATAR UN SEGURO DE RESPONSABILIDAD CIVIL; PROHIBICIONES; SANCIONES POR INFRACCION; DEROGACION DEL DECRETO 1002\/99.","('0015-PE-2008', 1)":null,"('0015-PE-2008', 2)":null},"Palabra Clave":{"('0015-PE-2008', 0)":" ","('0015-PE-2008', 1)":null,"('0015-PE-2008', 2)":null}}