{"Tipo de Proyecto":{"('0015-D-2008', 0)":"PROYECTO DE LEY","('0015-D-2008', 1)":null},"Iniciado en: ":{"('0015-D-2008', 0)":"Diputados","('0015-D-2008', 1)":null},"Expediente Diputados: ":{"('0015-D-2008', 0)":"0015-D-2008","('0015-D-2008', 1)":null},"Publicado en: ":{"('0015-D-2008', 0)":"Tr\u00e1mite Parlamentario N\u00b0 1","('0015-D-2008', 1)":null},"Fecha: ":{"('0015-D-2008', 0)":"03\/03\/2008","('0015-D-2008', 1)":null},"T\u00edtulo":{"('0015-D-2008', 0)":"REGIMEN PARA LA PUBLICIDAD OFICIAL; DERECHO A LA INFORMACION PUBLICA (REPRODUCCION DEL EXPEDIENTE 3761-D-06).","('0015-D-2008', 1)":null},"('Firmantes', 'FIRMANTE')":{"('0015-D-2008', 0)":"GIUDICI, SILVANA MYRIAM","('0015-D-2008', 1)":null},"('Firmantes', 'DISTRITO')":{"('0015-D-2008', 0)":"CIUDAD de BUENOS AIRES","('0015-D-2008', 1)":null},"('Firmantes', 'BLOQUE')":{"('0015-D-2008', 0)":"UCR","('0015-D-2008', 1)":null},"('Giros', 'COMISI\u00d3N')":{"('0015-D-2008', 0)":"COMUNICACIONES E INFORMATICA","('0015-D-2008', 1)":"LIBERTAD DE EXPRESION"},"('Tramites', 'C\u00c1MARA')":{"('0015-D-2008', 0)":"Diputados","('0015-D-2008', 1)":null},"('Tramites', 'MOVIMIENTO')":{"('0015-D-2008', 0)":"REPRODUCIDO POR EXPEDIENTE 0037-D-10","('0015-D-2008', 1)":null},"('Tramites', 'FECHA')":{"('0015-D-2008', 0)":null,"('0015-D-2008', 1)":null},"('Tramites', 'RESULTADO')":{"('0015-D-2008', 0)":null,"('0015-D-2008', 1)":null},"Sumario":{"('0015-D-2008', 0)":"CREACION DE UN REGISTRO DE ACCESO PUBLICO DE MEDIOS DE COMUNICACION QUE RECIBAN PUBLICIDAD OFICIAL; CREACION DEL CONSEJO FEDERAL DE ASESORAMIENTO EN PUBLICIDAD OFICIAL (CONFEP), DE CARACTER CONSULTIVO EXTERNO.","('0015-D-2008', 1)":null},"Palabra Clave":{"('0015-D-2008', 0)":" ","('0015-D-2008', 1)":null}}