{"Tipo de Proyecto":{"('0016-PE-2008', 0)":"MENSAJE NRO: 1019\/08 Y PROYECTO DE LEY","('0016-PE-2008', 1)":null,"('0016-PE-2008', 2)":null,"('0016-PE-2008', 3)":null},"Iniciado en: ":{"('0016-PE-2008', 0)":"Diputados","('0016-PE-2008', 1)":null,"('0016-PE-2008', 2)":null,"('0016-PE-2008', 3)":null},"Expediente Diputados: ":{"('0016-PE-2008', 0)":"0016-PE-2008","('0016-PE-2008', 1)":null,"('0016-PE-2008', 2)":null,"('0016-PE-2008', 3)":null},"Expediente Senado: ":{"('0016-PE-2008', 0)":"0069-CD-2008","('0016-PE-2008', 1)":null,"('0016-PE-2008', 2)":null,"('0016-PE-2008', 3)":null},"Publicado en: ":{"('0016-PE-2008', 0)":"Tr\u00e1mite Parlamentario N\u00b0 74","('0016-PE-2008', 1)":null,"('0016-PE-2008', 2)":null,"('0016-PE-2008', 3)":null},"Fecha: ":{"('0016-PE-2008', 0)":"26\/06\/2008","('0016-PE-2008', 1)":null,"('0016-PE-2008', 2)":null,"('0016-PE-2008', 3)":null},"T\u00edtulo":{"('0016-PE-2008', 0)":"PRORROGAR HASTA EL 30 DE DICIEMBRE DE 2009, LA VIGENCIA DEL TITULO V DE LA LEY 25063 Y SUS MODIFICACIONES, SOBRE EL IMPUESTO A LA GANANCIA MINIMA PRESUNTA.","('0016-PE-2008', 1)":null,"('0016-PE-2008', 2)":null,"('0016-PE-2008', 3)":null},"('Firmantes', 'FIRMANTE')":{"('0016-PE-2008', 0)":"FERNANDEZ DE KIRCHNER, CRISTINA","('0016-PE-2008', 1)":"FERNANDEZ, ALBERTO","('0016-PE-2008', 2)":"FERNANDEZ, CARLOS","('0016-PE-2008', 3)":null},"('Firmantes', 'DISTRITO')":{"('0016-PE-2008', 0)":null,"('0016-PE-2008', 1)":null,"('0016-PE-2008', 2)":null,"('0016-PE-2008', 3)":null},"('Firmantes', 'BLOQUE')":{"('0016-PE-2008', 0)":"PODER EJECUTIVO","('0016-PE-2008', 1)":"PODER EJECUTIVO","('0016-PE-2008', 2)":"PODER EJECUTIVO","('0016-PE-2008', 3)":null},"('Giros', 'COMISI\u00d3N')":{"('0016-PE-2008', 0)":"PRESUPUESTO Y HACIENDA","('0016-PE-2008', 1)":null,"('0016-PE-2008', 2)":null,"('0016-PE-2008', 3)":null},"('Tramites', 'C\u00c1MARA')":{"('0016-PE-2008', 0)":"Diputados","('0016-PE-2008', 1)":"Diputados","('0016-PE-2008', 2)":"Senado","('0016-PE-2008', 3)":"Senado"},"('Tramites', 'MOVIMIENTO')":{"('0016-PE-2008', 0)":"CONVOCATORIA SESION ESPECIAL","('0016-PE-2008', 1)":"CONSIDERACION Y APROBACION","('0016-PE-2008', 2)":"PASA A SENADO -","('0016-PE-2008', 3)":"CONSIDERACION Y SANCION"},"('Tramites', 'FECHA')":{"('0016-PE-2008', 0)":"06\/11\/2008","('0016-PE-2008', 1)":"06\/11\/2008","('0016-PE-2008', 2)":null,"('0016-PE-2008', 3)":"26\/11\/2008"},"('Tramites', 'RESULTADO')":{"('0016-PE-2008', 0)":null,"('0016-PE-2008', 1)":"MEDIA SANCION","('0016-PE-2008', 2)":null,"('0016-PE-2008', 3)":"SANCIONADO"},"Link":{"('0016-PE-2008', 0)":"https:\/\/www4.hcdn.gob.ar\/dependencias\/dsecretaria\/Periodo2008\/PDF2008\/TP2008\/0016-PE-08.pdf","('0016-PE-2008', 1)":null,"('0016-PE-2008', 2)":null,"('0016-PE-2008', 3)":null},"Palabra Clave":{"('0016-PE-2008', 0)":" ","('0016-PE-2008', 1)":null,"('0016-PE-2008', 2)":null,"('0016-PE-2008', 3)":null}}