{"Tipo de Proyecto":{"('0018-S-2008', 0)":"COMUNICACION"},"Iniciado en: ":{"('0018-S-2008', 0)":"Senado"},"Expediente Senado: ":{"('0018-S-2008', 0)":"0018-S-2008"},"Publicado en: ":{"('0018-S-2008', 0)":"Diario de Asuntos Entrados N\u00b0 1"},"Fecha: ":{"('0018-S-2008', 0)":"03\/03\/2008"},"T\u00edtulo":{"('0018-S-2008', 0)":"SOLICITAR AL PODER EJECUTIVO NACIONAL QUE LA EMPRESA YACIMIENTOS MINEROS AGUA DE DIONISIO (YMAD) SE ABSTENGA DE CELEBRAR NUEVOS CONVENIOS QUE CONLLEVEN RIESGOS AMBIENTALES. "},"('Firmantes', 'FIRMANTE')":{"('0018-S-2008', 0)":"SAADI, RAMON EDUARDO"},"('Firmantes', 'DISTRITO')":{"('0018-S-2008', 0)":"CATAMARCA"},"('Firmantes', 'BLOQUE')":{"('0018-S-2008', 0)":"FRENTE PARA LA VICTORIA - PJ"},"('Tramites', 'C\u00c1MARA')":{"('0018-S-2008', 0)":"Senado"},"('Tramites', 'MOVIMIENTO')":{"('0018-S-2008', 0)":"CONSIDERACION Y APROBACION"},"('Tramites', 'FECHA')":{"('0018-S-2008', 0)":"14\/05\/2008"},"('Tramites', 'RESULTADO')":{"('0018-S-2008', 0)":"APROBADO"},"Link":{"('0018-S-2008', 0)":"http:\/\/www.senado.gov.ar\/parlamentario\/comisiones\/verExp\/18.08\/S\/PC"},"Palabra Clave":{"('0018-S-2008', 0)":" "}}