{"Tipo de Proyecto":{"('0020-S-2008', 0)":"COMUNICACION"},"Iniciado en: ":{"('0020-S-2008', 0)":"Senado"},"Expediente Senado: ":{"('0020-S-2008', 0)":"0020-S-2008"},"Publicado en: ":{"('0020-S-2008', 0)":"Diario de Asuntos Entrados N\u00b0 1"},"Fecha: ":{"('0020-S-2008', 0)":"03\/03\/2008"},"T\u00edtulo":{"('0020-S-2008', 0)":"SOLICITAR AL PODER EJECUTIVO NACIONAL SE INCLUYA EN EL LISTADO DE EDIFICIOS A FINALIZAR A LA ESCUELA 128 DEL BARRIO ENTRE RIOS DEL DEPARTAMENTO DE FIAMBALA, PROVINCIA DE CATAMARCA . "},"('Firmantes', 'FIRMANTE')":{"('0020-S-2008', 0)":"SAADI, RAMON EDUARDO"},"('Firmantes', 'DISTRITO')":{"('0020-S-2008', 0)":"CATAMARCA"},"('Firmantes', 'BLOQUE')":{"('0020-S-2008', 0)":"FRENTE PARA LA VICTORIA - PJ"},"('Tramites', 'C\u00c1MARA')":{"('0020-S-2008', 0)":"Senado"},"('Tramites', 'MOVIMIENTO')":{"('0020-S-2008', 0)":"CONSIDERACION Y APROBACION"},"('Tramites', 'FECHA')":{"('0020-S-2008', 0)":"26\/11\/2008"},"('Tramites', 'RESULTADO')":{"('0020-S-2008', 0)":"APROBADO"},"Link":{"('0020-S-2008', 0)":"http:\/\/www.senado.gov.ar\/parlamentario\/comisiones\/verExp\/20.08\/S\/PC"},"Palabra Clave":{"('0020-S-2008', 0)":" "}}