{"Tipo de Proyecto":{"('0020-PE-2008', 0)":"MENSAJE NRO: 1354\/08 Y PROYECTO DE LEY","('0020-PE-2008', 1)":null,"('0020-PE-2008', 2)":null},"Iniciado en: ":{"('0020-PE-2008', 0)":"Diputados","('0020-PE-2008', 1)":null,"('0020-PE-2008', 2)":null},"Expediente Diputados: ":{"('0020-PE-2008', 0)":"0020-PE-2008","('0020-PE-2008', 1)":null,"('0020-PE-2008', 2)":null},"Publicado en: ":{"('0020-PE-2008', 0)":"Tr\u00e1mite Parlamentario N\u00b0 104","('0020-PE-2008', 1)":null,"('0020-PE-2008', 2)":null},"Fecha: ":{"('0020-PE-2008', 0)":"21\/08\/2008","('0020-PE-2008', 1)":null,"('0020-PE-2008', 2)":null},"T\u00edtulo":{"('0020-PE-2008', 0)":"REGIMEN DE TRABAJO A DOMICILIO; DEROGACION DE LA LEY 12713 Y SU DECRETO REGLAMENTARIO 118755\/42.","('0020-PE-2008', 1)":null,"('0020-PE-2008', 2)":null},"('Firmantes', 'FIRMANTE')":{"('0020-PE-2008', 0)":"FERNANDEZ DE KIRCHNER, CRISTINA","('0020-PE-2008', 1)":"MASSA, SERGIO TOMAS","('0020-PE-2008', 2)":"TOMADA, CARLOS"},"('Firmantes', 'DISTRITO')":{"('0020-PE-2008', 0)":null,"('0020-PE-2008', 1)":null,"('0020-PE-2008', 2)":null},"('Firmantes', 'BLOQUE')":{"('0020-PE-2008', 0)":"PODER EJECUTIVO","('0020-PE-2008', 1)":"PODER EJECUTIVO","('0020-PE-2008', 2)":"PODER EJECUTIVO"},"('Giros', 'COMISI\u00d3N')":{"('0020-PE-2008', 0)":"LEGISLACION DEL TRABAJO","('0020-PE-2008', 1)":null,"('0020-PE-2008', 2)":null},"Sumario":{"('0020-PE-2008', 0)":"DEFINICIONES; PRESUNCION; FORMALIDADES; OBLIGACIONES DEL EMPLEADOR; CALCULO SALARIAL Y DE LICENCIAS; SUSPENSION DEL TRABAJO; OBLIGACIONES ESPECIALES DEL TRABAJADOR A DOMICILIO Y DEL EMPLEADOR; AUTORIDAD DE APLICACION: MINISTERIO DE TRABAJO, EMPLEO Y SEGURIDAD SOCIAL; COMISIONES DE SALARIOS MINIMOS; CONDICIONES DE LOS LUGARES DE TRABAJO; FISCALIZACION Y CONTROL; APLICACION SUPLETORIA DE LA LEY 20744 (TEXTO ORDENADO 1976 Y MODIFICATORIAS) DE CONTRATO DE TRABAJO.","('0020-PE-2008', 1)":null,"('0020-PE-2008', 2)":null},"Palabra Clave":{"('0020-PE-2008', 0)":" ","('0020-PE-2008', 1)":null,"('0020-PE-2008', 2)":null}}