{"Tipo de Proyecto":{"('0021-D-2008', 0)":"PROYECTO DE LEY","('0021-D-2008', 1)":null},"Iniciado en: ":{"('0021-D-2008', 0)":"Diputados","('0021-D-2008', 1)":null},"Expediente Diputados: ":{"('0021-D-2008', 0)":"0021-D-2008","('0021-D-2008', 1)":null},"Publicado en: ":{"('0021-D-2008', 0)":"Tr\u00e1mite Parlamentario N\u00b0 1","('0021-D-2008', 1)":null},"Fecha: ":{"('0021-D-2008', 0)":"03\/03\/2008","('0021-D-2008', 1)":null},"T\u00edtulo":{"('0021-D-2008', 0)":"CIUDADANIA Y NATURALIZACION, LEY 346: MODIFICACION DEL INCISO 1) DEL ARTICULO 1, ADQUISICION DE LA NACIONALIDAD (REPRODUCCION DEL EXPEDIENTE 2618-D-06).","('0021-D-2008', 1)":null},"('Firmantes', 'FIRMANTE')":{"('0021-D-2008', 0)":"ITURRIETA, MIGUEL ANGEL","('0021-D-2008', 1)":null},"('Firmantes', 'DISTRITO')":{"('0021-D-2008', 0)":"MISIONES","('0021-D-2008', 1)":null},"('Firmantes', 'BLOQUE')":{"('0021-D-2008', 0)":"FRENTE PARA LA VICTORIA - PJ","('0021-D-2008', 1)":null},"('Giros', 'COMISI\u00d3N')":{"('0021-D-2008', 0)":"ASUNTOS CONSTITUCIONALES","('0021-D-2008', 1)":"LEGISLACION GENERAL"},"Palabra Clave":{"('0021-D-2008', 0)":" ","('0021-D-2008', 1)":null}}