{"Tipo de Proyecto":{"('0021-PE-2008', 0)":"MENSAJE NRO: 1355\/08 Y PROYECTO DE LEY","('0021-PE-2008', 1)":null,"('0021-PE-2008', 2)":null,"('0021-PE-2008', 3)":null,"('0021-PE-2008', 4)":null,"('0021-PE-2008', 5)":null,"('0021-PE-2008', 6)":null},"Iniciado en: ":{"('0021-PE-2008', 0)":"Diputados","('0021-PE-2008', 1)":null,"('0021-PE-2008', 2)":null,"('0021-PE-2008', 3)":null,"('0021-PE-2008', 4)":null,"('0021-PE-2008', 5)":null,"('0021-PE-2008', 6)":null},"Expediente Diputados: ":{"('0021-PE-2008', 0)":"0021-PE-2008","('0021-PE-2008', 1)":null,"('0021-PE-2008', 2)":null,"('0021-PE-2008', 3)":null,"('0021-PE-2008', 4)":null,"('0021-PE-2008', 5)":null,"('0021-PE-2008', 6)":null},"Expediente Senado: ":{"('0021-PE-2008', 0)":"0067-CD-2008","('0021-PE-2008', 1)":null,"('0021-PE-2008', 2)":null,"('0021-PE-2008', 3)":null,"('0021-PE-2008', 4)":null,"('0021-PE-2008', 5)":null,"('0021-PE-2008', 6)":null},"Publicado en: ":{"('0021-PE-2008', 0)":"Tr\u00e1mite Parlamentario N\u00b0 105","('0021-PE-2008', 1)":null,"('0021-PE-2008', 2)":null,"('0021-PE-2008', 3)":null,"('0021-PE-2008', 4)":null,"('0021-PE-2008', 5)":null,"('0021-PE-2008', 6)":null},"Fecha: ":{"('0021-PE-2008', 0)":"22\/08\/2008","('0021-PE-2008', 1)":null,"('0021-PE-2008', 2)":null,"('0021-PE-2008', 3)":null,"('0021-PE-2008', 4)":null,"('0021-PE-2008', 5)":null,"('0021-PE-2008', 6)":null},"T\u00edtulo":{"('0021-PE-2008', 0)":"TRASLADO DEL FERIADO NACIONAL DEL 12 DE OCTUBRE CUANDO COINCIDA CON LOS DIAS MARTES Y MIERCOLES AL LUNES ANTERIOR Y CUANDO CORRESPONDA AL JUEVES, VIERNES, SABADOS Y DOMINGO AL LUNES POSTERIOR.","('0021-PE-2008', 1)":null,"('0021-PE-2008', 2)":null,"('0021-PE-2008', 3)":null,"('0021-PE-2008', 4)":null,"('0021-PE-2008', 5)":null,"('0021-PE-2008', 6)":null},"('Firmantes', 'FIRMANTE')":{"('0021-PE-2008', 0)":"FERNANDEZ DE KIRCHNER, CRISTINA","('0021-PE-2008', 1)":"MASSA, SERGIO TOMAS","('0021-PE-2008', 2)":"RANDAZZO, FLORENCIO","('0021-PE-2008', 3)":null,"('0021-PE-2008', 4)":null,"('0021-PE-2008', 5)":null,"('0021-PE-2008', 6)":null},"('Firmantes', 'DISTRITO')":{"('0021-PE-2008', 0)":null,"('0021-PE-2008', 1)":null,"('0021-PE-2008', 2)":null,"('0021-PE-2008', 3)":null,"('0021-PE-2008', 4)":null,"('0021-PE-2008', 5)":null,"('0021-PE-2008', 6)":null},"('Firmantes', 'BLOQUE')":{"('0021-PE-2008', 0)":"PODER EJECUTIVO","('0021-PE-2008', 1)":"PODER EJECUTIVO","('0021-PE-2008', 2)":"PODER EJECUTIVO","('0021-PE-2008', 3)":null,"('0021-PE-2008', 4)":null,"('0021-PE-2008', 5)":null,"('0021-PE-2008', 6)":null},"('Giros', 'COMISI\u00d3N')":{"('0021-PE-2008', 0)":"LEGISLACION GENERAL","('0021-PE-2008', 1)":null,"('0021-PE-2008', 2)":null,"('0021-PE-2008', 3)":null,"('0021-PE-2008', 4)":null,"('0021-PE-2008', 5)":null,"('0021-PE-2008', 6)":null},"('Tramites', 'C\u00c1MARA')":{"('0021-PE-2008', 0)":"Diputados","('0021-PE-2008', 1)":"Diputados","('0021-PE-2008', 2)":"Diputados","('0021-PE-2008', 3)":"Diputados","('0021-PE-2008', 4)":"Senado","('0021-PE-2008', 5)":"Senado","('0021-PE-2008', 6)":"Senado"},"('Tramites', 'MOVIMIENTO')":{"('0021-PE-2008', 0)":"MOCION DE PREFERENCIA PARA LA PROXIMA SESION CON DICTAMEN (AFIRMATIVA)","('0021-PE-2008', 1)":"CITACION SESION ESPECIAL","('0021-PE-2008', 2)":"CONSIDERACION Y APROBACION","('0021-PE-2008', 3)":"INSERCION DEL DIPUTADO ITURRIETA","('0021-PE-2008', 4)":"PASA A SENADO -","('0021-PE-2008', 5)":"MOCION SOBRE TABLAS (AFIRMATIVA)","('0021-PE-2008', 6)":"CONSIDERACION Y SANCION"},"('Tramites', 'FECHA')":{"('0021-PE-2008', 0)":"03\/09\/2008","('0021-PE-2008', 1)":"01\/10\/2008","('0021-PE-2008', 2)":"01\/10\/2008","('0021-PE-2008', 3)":"01\/10\/2008","('0021-PE-2008', 4)":null,"('0021-PE-2008', 5)":"01\/10\/2008","('0021-PE-2008', 6)":"01\/10\/2008"},"('Tramites', 'RESULTADO')":{"('0021-PE-2008', 0)":null,"('0021-PE-2008', 1)":null,"('0021-PE-2008', 2)":"MEDIA SANCION","('0021-PE-2008', 3)":null,"('0021-PE-2008', 4)":null,"('0021-PE-2008', 5)":null,"('0021-PE-2008', 6)":"SANCIONADO"},"Link":{"('0021-PE-2008', 0)":"https:\/\/www4.hcdn.gob.ar\/dependencias\/dsecretaria\/Periodo2008\/PDF2008\/TP2008\/0021-PE-08.pdf","('0021-PE-2008', 1)":null,"('0021-PE-2008', 2)":null,"('0021-PE-2008', 3)":null,"('0021-PE-2008', 4)":null,"('0021-PE-2008', 5)":null,"('0021-PE-2008', 6)":null},"Palabra Clave":{"('0021-PE-2008', 0)":" ","('0021-PE-2008', 1)":null,"('0021-PE-2008', 2)":null,"('0021-PE-2008', 3)":null,"('0021-PE-2008', 4)":null,"('0021-PE-2008', 5)":null,"('0021-PE-2008', 6)":null}}