{"Tipo de Proyecto":{"('0022-PE-2008', 0)":"MENSAJE NRO: 1357\/08","('0022-PE-2008', 1)":null,"('0022-PE-2008', 2)":null,"('0022-PE-2008', 3)":null},"Iniciado en: ":{"('0022-PE-2008', 0)":"Diputados","('0022-PE-2008', 1)":null,"('0022-PE-2008', 2)":null,"('0022-PE-2008', 3)":null},"Expediente Diputados: ":{"('0022-PE-2008', 0)":"0022-PE-2008","('0022-PE-2008', 1)":null,"('0022-PE-2008', 2)":null,"('0022-PE-2008', 3)":null},"Publicado en: ":{"('0022-PE-2008', 0)":"Tr\u00e1mite Parlamentario N\u00b0 105","('0022-PE-2008', 1)":null,"('0022-PE-2008', 2)":null,"('0022-PE-2008', 3)":null},"Fecha: ":{"('0022-PE-2008', 0)":"22\/08\/2008","('0022-PE-2008', 1)":null,"('0022-PE-2008', 2)":null,"('0022-PE-2008', 3)":null},"T\u00edtulo":{"('0022-PE-2008', 0)":"COMUNICACION DEL DICTADO DEL DECRETO 1356\/08, POR EL CUAL SE RATIFICA EL ACTA ACUERDO DE RENEGOCIACION CONTRACTUAL SUSCRIPTA ENTRE EL ESTADO NACIONAL Y EL GOBIERNO DE LA PROVINCIA DEL NEUQUEN DE FECHA 4 DE MAYO DE 2006.","('0022-PE-2008', 1)":null,"('0022-PE-2008', 2)":null,"('0022-PE-2008', 3)":null},"('Firmantes', 'FIRMANTE')":{"('0022-PE-2008', 0)":"FERNANDEZ DE KIRCHNER, CRISTINA","('0022-PE-2008', 1)":"MASSA, SERGIO TOMAS","('0022-PE-2008', 2)":"DE VIDO, JULIO","('0022-PE-2008', 3)":"FERNANDEZ, ANIBAL"},"('Firmantes', 'DISTRITO')":{"('0022-PE-2008', 0)":null,"('0022-PE-2008', 1)":null,"('0022-PE-2008', 2)":null,"('0022-PE-2008', 3)":null},"('Firmantes', 'BLOQUE')":{"('0022-PE-2008', 0)":"PODER EJECUTIVO","('0022-PE-2008', 1)":"PODER EJECUTIVO","('0022-PE-2008', 2)":"PODER EJECUTIVO","('0022-PE-2008', 3)":"PODER EJECUTIVO"},"('Giros', 'COMISI\u00d3N')":{"('0022-PE-2008', 0)":"BICAMERAL DE SEGUIMIENTO DE FACULTADES DELEGADAS AL PODER EJECUTIVO NACIONAL - LEY 25561","('0022-PE-2008', 1)":null,"('0022-PE-2008', 2)":null,"('0022-PE-2008', 3)":null},"Link":{"('0022-PE-2008', 0)":"https:\/\/www4.hcdn.gob.ar\/dependencias\/dsecretaria\/Periodo2008\/PDF2008\/TP2008\/0022-PE-08.pdf","('0022-PE-2008', 1)":null,"('0022-PE-2008', 2)":null,"('0022-PE-2008', 3)":null},"Palabra Clave":{"('0022-PE-2008', 0)":" ","('0022-PE-2008', 1)":null,"('0022-PE-2008', 2)":null,"('0022-PE-2008', 3)":null}}