{"Tipo de Proyecto":{"('0022-D-2008', 0)":"PROYECTO DE LEY","('0022-D-2008', 1)":null,"('0022-D-2008', 2)":null},"Iniciado en: ":{"('0022-D-2008', 0)":"Diputados","('0022-D-2008', 1)":null,"('0022-D-2008', 2)":null},"Expediente Diputados: ":{"('0022-D-2008', 0)":"0022-D-2008","('0022-D-2008', 1)":null,"('0022-D-2008', 2)":null},"Expediente Senado: ":{"('0022-D-2008', 0)":"0084-CD-2008","('0022-D-2008', 1)":null,"('0022-D-2008', 2)":null},"Publicado en: ":{"('0022-D-2008', 0)":"Tr\u00e1mite Parlamentario N\u00b0 1","('0022-D-2008', 1)":null,"('0022-D-2008', 2)":null},"Fecha: ":{"('0022-D-2008', 0)":"03\/03\/2008","('0022-D-2008', 1)":null,"('0022-D-2008', 2)":null},"T\u00edtulo":{"('0022-D-2008', 0)":"CODIGO PROCESAL CIVIL Y COMERCIAL DE LA NACION, INCORPORACION DEL LIBRO OCTAVO: PROCESOS URGENTES, MEDIDAS AUTOSATISFACTIVAS, INCORPORACION DE LOS ARTICULOS 785 (PROCEDENCIA), 786 (TRAMITE), 787 (RECURSOS), 788 (SUSPENSION PROVISORIA) Y 789 (CADUCIDAD) (REPRODUCCION DEL EXPEDIENTE 6058-D-06).","('0022-D-2008', 1)":null,"('0022-D-2008', 2)":null},"('Firmantes', 'FIRMANTE')":{"('0022-D-2008', 0)":"ITURRIETA, MIGUEL ANGEL","('0022-D-2008', 1)":null,"('0022-D-2008', 2)":null},"('Firmantes', 'DISTRITO')":{"('0022-D-2008', 0)":"MISIONES","('0022-D-2008', 1)":null,"('0022-D-2008', 2)":null},"('Firmantes', 'BLOQUE')":{"('0022-D-2008', 0)":"FRENTE PARA LA VICTORIA - PJ","('0022-D-2008', 1)":null,"('0022-D-2008', 2)":null},"('Giros', 'COMISI\u00d3N')":{"('0022-D-2008', 0)":"JUSTICIA","('0022-D-2008', 1)":null,"('0022-D-2008', 2)":null},"('Tramites', 'C\u00c1MARA')":{"('0022-D-2008', 0)":"Diputados","('0022-D-2008', 1)":"Diputados","('0022-D-2008', 2)":"Senado"},"('Tramites', 'MOVIMIENTO')":{"('0022-D-2008', 0)":"CONSIDERACION Y APROBACION CONJUNTAMENTE PARA LOS EXPEDIENTES 0022-D-2008, 0084-CD-2008, 1321-D-2008, 1432-D-2008 y 1811-D-2008","('0022-D-2008', 1)":"INSERCION DE LOS DIPUTADOS BERTOL E ITURRIETA CONJUNTAMENTE PARA LOS EXPEDIENTES 0022-D-2008, 0084-CD-2008, 1321-D-2008, 1432-D-2008 y 1811-D-2008","('0022-D-2008', 2)":"PASA A SENADO - CONJUNTAMENTE PARA LOS EXPEDIENTES 0022-D-2008, 0084-CD-2008, 1321-D-2008, 1432-D-2008 y 1811-D-2008"},"('Tramites', 'FECHA')":{"('0022-D-2008', 0)":"03\/12\/2008","('0022-D-2008', 1)":"03\/12\/2008","('0022-D-2008', 2)":null},"('Tramites', 'RESULTADO')":{"('0022-D-2008', 0)":"MEDIA SANCION","('0022-D-2008', 1)":null,"('0022-D-2008', 2)":null},"Palabra Clave":{"('0022-D-2008', 0)":" ","('0022-D-2008', 1)":null,"('0022-D-2008', 2)":null}}