{"Tipo de Proyecto":{"('0023-D-2008', 0)":"PROYECTO DE LEY","('0023-D-2008', 1)":null},"Iniciado en: ":{"('0023-D-2008', 0)":"Diputados","('0023-D-2008', 1)":null},"Expediente Diputados: ":{"('0023-D-2008', 0)":"0023-D-2008","('0023-D-2008', 1)":null},"Publicado en: ":{"('0023-D-2008', 0)":"Tr\u00e1mite Parlamentario N\u00b0 1","('0023-D-2008', 1)":null},"Fecha: ":{"('0023-D-2008', 0)":"03\/03\/2008","('0023-D-2008', 1)":null},"T\u00edtulo":{"('0023-D-2008', 0)":"SEGURO OBLIGATORIO PARA PORTADORES DE ARMAS DE FUEGO, ARMERIAS, TALLERES DE REPARACION DE ARMAS DE FUEGO, RECARGADORES DE MUNICION, FABRICAS Y FABRICANTES DE ARMAS DE FUEGO Y MATERIALES CONTROLADOS. LEY COMPLEMENTARIA DE LO ESTABLECIDO POR LA LEY 20429, SU DECRETO REGLAMENTARIO 395\/75 Y DEMAS NORMATIVA DE APLICACION (REPRODUCCION DEL EXPEDIENTE 7025-D-06).","('0023-D-2008', 1)":null},"('Firmantes', 'FIRMANTE')":{"('0023-D-2008', 0)":"ITURRIETA, MIGUEL ANGEL","('0023-D-2008', 1)":null},"('Firmantes', 'DISTRITO')":{"('0023-D-2008', 0)":"MISIONES","('0023-D-2008', 1)":null},"('Firmantes', 'BLOQUE')":{"('0023-D-2008', 0)":"FRENTE PARA LA VICTORIA - PJ","('0023-D-2008', 1)":null},"('Giros', 'COMISI\u00d3N')":{"('0023-D-2008', 0)":"SEGURIDAD INTERIOR","('0023-D-2008', 1)":"ECONOMIA"},"Palabra Clave":{"('0023-D-2008', 0)":" ","('0023-D-2008', 1)":null}}