{"Tipo de Proyecto":{"('0024-D-2008', 0)":"PROYECTO DE LEY","('0024-D-2008', 1)":null,"('0024-D-2008', 2)":null},"Iniciado en: ":{"('0024-D-2008', 0)":"Diputados","('0024-D-2008', 1)":null,"('0024-D-2008', 2)":null},"Expediente Diputados: ":{"('0024-D-2008', 0)":"0024-D-2008","('0024-D-2008', 1)":null,"('0024-D-2008', 2)":null},"Publicado en: ":{"('0024-D-2008', 0)":"Tr\u00e1mite Parlamentario N\u00b0 1","('0024-D-2008', 1)":null,"('0024-D-2008', 2)":null},"Fecha: ":{"('0024-D-2008', 0)":"03\/03\/2008","('0024-D-2008', 1)":null,"('0024-D-2008', 2)":null},"T\u00edtulo":{"('0024-D-2008', 0)":"CREACION DEL PROGRAMA NACIONAL DE EDUCACION NUTRICIONAL (REPRODUCCION DEL EXPEDIENTE 7107-D-06).","('0024-D-2008', 1)":null,"('0024-D-2008', 2)":null},"('Firmantes', 'FIRMANTE')":{"('0024-D-2008', 0)":"ITURRIETA, MIGUEL ANGEL","('0024-D-2008', 1)":null,"('0024-D-2008', 2)":null},"('Firmantes', 'DISTRITO')":{"('0024-D-2008', 0)":"MISIONES","('0024-D-2008', 1)":null,"('0024-D-2008', 2)":null},"('Firmantes', 'BLOQUE')":{"('0024-D-2008', 0)":"FRENTE PARA LA VICTORIA - PJ","('0024-D-2008', 1)":null,"('0024-D-2008', 2)":null},"('Giros', 'COMISI\u00d3N')":{"('0024-D-2008', 0)":"ACCION SOCIAL Y SALUD PUBLICA","('0024-D-2008', 1)":"EDUCACION","('0024-D-2008', 2)":"PRESUPUESTO Y HACIENDA"},"Sumario":{"('0024-D-2008', 0)":"OBJETIVOS; COORDINACION.","('0024-D-2008', 1)":null,"('0024-D-2008', 2)":null},"Palabra Clave":{"('0024-D-2008', 0)":" ","('0024-D-2008', 1)":null,"('0024-D-2008', 2)":null}}