{"Tipo de Proyecto":{"('0025-S-2008', 0)":"PROYECTO DE DECLARACI\u00d3N"},"Iniciado en: ":{"('0025-S-2008', 0)":"Senado"},"Expediente Senado: ":{"('0025-S-2008', 0)":"0025-S-2008"},"Publicado en: ":{"('0025-S-2008', 0)":"Diario de Asuntos Entrados N\u00b0 1"},"Fecha: ":{"('0025-S-2008', 0)":"03\/03\/2008"},"T\u00edtulo":{"('0025-S-2008', 0)":"DECLARAR DE INTERES PARLAMENTARIO LAS JORNADAS TECNICAS COMAHUE 2008, A REALIZARSE EN LA CIUDAD DE NEUQUEN ENTRE EL 19 Y EL 21 DE MAYO. "},"('Firmantes', 'FIRMANTE')":{"('0025-S-2008', 0)":"LORES, HORACIO"},"('Firmantes', 'DISTRITO')":{"('0025-S-2008', 0)":"NEUQUEN"},"('Firmantes', 'BLOQUE')":{"('0025-S-2008', 0)":"MOV POP NEUQUINO"},"('Tramites', 'C\u00c1MARA')":{"('0025-S-2008', 0)":"Senado"},"('Tramites', 'MOVIMIENTO')":{"('0025-S-2008', 0)":"CONSIDERACION Y APROBACION"},"('Tramites', 'FECHA')":{"('0025-S-2008', 0)":"14\/05\/2008"},"('Tramites', 'RESULTADO')":{"('0025-S-2008', 0)":"APROBADO"},"Link":{"('0025-S-2008', 0)":"http:\/\/www.senado.gov.ar\/parlamentario\/comisiones\/verExp\/25.08\/S\/PD"},"Palabra Clave":{"('0025-S-2008', 0)":" "}}