{"Tipo de Proyecto":{"('0026-D-2008', 0)":"PROYECTO DE RESOLUCI\u00d3N","('0026-D-2008', 1)":null},"Iniciado en: ":{"('0026-D-2008', 0)":"Diputados","('0026-D-2008', 1)":null},"Expediente Diputados: ":{"('0026-D-2008', 0)":"0026-D-2008","('0026-D-2008', 1)":null},"Publicado en: ":{"('0026-D-2008', 0)":"Tr\u00e1mite Parlamentario N\u00b0 1","('0026-D-2008', 1)":null},"Fecha: ":{"('0026-D-2008', 0)":"03\/03\/2008","('0026-D-2008', 1)":null},"T\u00edtulo":{"('0026-D-2008', 0)":"PEDIDO DE INFORMES AL PODER EJECUTIVO SOBRE LA \" UNION TRANSITORIA DE EMPRESA UTE\", ENTRE \"YACIMIENTOS MINEROS DE AGUAS DE DIONISIO\" Y \"MINERA ALUMBRERA LIMITED\".","('0026-D-2008', 1)":null},"('Firmantes', 'FIRMANTE')":{"('0026-D-2008', 0)":"PASTORIZA, EDUARDO ANTONIO","('0026-D-2008', 1)":null},"('Firmantes', 'DISTRITO')":{"('0026-D-2008', 0)":"CATAMARCA","('0026-D-2008', 1)":null},"('Firmantes', 'BLOQUE')":{"('0026-D-2008', 0)":"POR LA VERDAD","('0026-D-2008', 1)":null},"('Giros', 'COMISI\u00d3N')":{"('0026-D-2008', 0)":"MINERIA","('0026-D-2008', 1)":null},"('Tramites', 'C\u00c1MARA')":{"('0026-D-2008', 0)":"Diputados","('0026-D-2008', 1)":"Diputados"},"('Tramites', 'MOVIMIENTO')":{"('0026-D-2008', 0)":"MOCION SOBRE TABLAS (PLAN DE LABOR) (AFIRMATIVA) CONJUNTAMENTE PARA LOS EXPEDIENTES 0029-D-2008, 0026-D-2008 y 1431-D-2008","('0026-D-2008', 1)":"CONSIDERACION Y APROBACION CONJUNTAMENTE PARA LOS EXPEDIENTES 0029-D-2008, 0026-D-2008 y 1431-D-2008"},"('Tramites', 'FECHA')":{"('0026-D-2008', 0)":"11\/03\/2009","('0026-D-2008', 1)":"11\/03\/2009"},"('Tramites', 'RESULTADO')":{"('0026-D-2008', 0)":null,"('0026-D-2008', 1)":"APROBADO"},"Link":{"('0026-D-2008', 0)":"https:\/\/www.hcdn.gob.ar\/proyectos\/textoCompleto.jsp?exp=0026-D-2008&tipo=RESOLUCION","('0026-D-2008', 1)":null},"Palabra Clave":{"('0026-D-2008', 0)":" ","('0026-D-2008', 1)":null}}