{"Tipo de Proyecto":{"('0027-S-2008', 0)":"PROYECTO DE DECLARACI\u00d3N"},"Iniciado en: ":{"('0027-S-2008', 0)":"Senado"},"Expediente Senado: ":{"('0027-S-2008', 0)":"0027-S-2008"},"Publicado en: ":{"('0027-S-2008', 0)":"Diario de Asuntos Entrados N\u00b0 1"},"Fecha: ":{"('0027-S-2008', 0)":"03\/03\/2008"},"T\u00edtulo":{"('0027-S-2008', 0)":"EXPRESAR PESAR POR EL ROBO DEL \"CORAZON INCORRUPTO\", DE FRAY MAMERTO ESQUIU, QUE SE ENCONTRABA EN EL CONVENTO DE SAN FRANCISCO DE LA CIUDAD CAPITAL DE CATAMARCA."},"('Firmantes', 'FIRMANTE')":{"('0027-S-2008', 0)":"LORES, HORACIO"},"('Firmantes', 'DISTRITO')":{"('0027-S-2008', 0)":"NEUQUEN"},"('Firmantes', 'BLOQUE')":{"('0027-S-2008', 0)":"MOV POP NEUQUINO"},"('Tramites', 'C\u00c1MARA')":{"('0027-S-2008', 0)":"Senado"},"('Tramites', 'MOVIMIENTO')":{"('0027-S-2008', 0)":"CONSIDERACION Y APROBACION"},"('Tramites', 'FECHA')":{"('0027-S-2008', 0)":"25\/06\/2008"},"('Tramites', 'RESULTADO')":{"('0027-S-2008', 0)":"APROBADO"},"Link":{"('0027-S-2008', 0)":"http:\/\/www.senado.gov.ar\/parlamentario\/comisiones\/verExp\/27.08\/S\/PD"},"Palabra Clave":{"('0027-S-2008', 0)":" "}}