{"Tipo de Proyecto":{"('0028-PE-2008', 0)":"MENSAJE NRO: 1772\/08 Y PROYECTO DE LEY","('0028-PE-2008', 1)":null,"('0028-PE-2008', 2)":null,"('0028-PE-2008', 3)":null,"('0028-PE-2008', 4)":null,"('0028-PE-2008', 5)":null,"('0028-PE-2008', 6)":null,"('0028-PE-2008', 7)":null,"('0028-PE-2008', 8)":null,"('0028-PE-2008', 9)":null,"('0028-PE-2008', 10)":null,"('0028-PE-2008', 11)":null,"('0028-PE-2008', 12)":null},"Iniciado en: ":{"('0028-PE-2008', 0)":"Diputados","('0028-PE-2008', 1)":null,"('0028-PE-2008', 2)":null,"('0028-PE-2008', 3)":null,"('0028-PE-2008', 4)":null,"('0028-PE-2008', 5)":null,"('0028-PE-2008', 6)":null,"('0028-PE-2008', 7)":null,"('0028-PE-2008', 8)":null,"('0028-PE-2008', 9)":null,"('0028-PE-2008', 10)":null,"('0028-PE-2008', 11)":null,"('0028-PE-2008', 12)":null},"Expediente Diputados: ":{"('0028-PE-2008', 0)":"0028-PE-2008","('0028-PE-2008', 1)":null,"('0028-PE-2008', 2)":null,"('0028-PE-2008', 3)":null,"('0028-PE-2008', 4)":null,"('0028-PE-2008', 5)":null,"('0028-PE-2008', 6)":null,"('0028-PE-2008', 7)":null,"('0028-PE-2008', 8)":null,"('0028-PE-2008', 9)":null,"('0028-PE-2008', 10)":null,"('0028-PE-2008', 11)":null,"('0028-PE-2008', 12)":null},"Expediente Senado: ":{"('0028-PE-2008', 0)":"0001-CD-2009","('0028-PE-2008', 1)":null,"('0028-PE-2008', 2)":null,"('0028-PE-2008', 3)":null,"('0028-PE-2008', 4)":null,"('0028-PE-2008', 5)":null,"('0028-PE-2008', 6)":null,"('0028-PE-2008', 7)":null,"('0028-PE-2008', 8)":null,"('0028-PE-2008', 9)":null,"('0028-PE-2008', 10)":null,"('0028-PE-2008', 11)":null,"('0028-PE-2008', 12)":null},"Publicado en: ":{"('0028-PE-2008', 0)":"Tr\u00e1mite Parlamentario N\u00b0 154","('0028-PE-2008', 1)":null,"('0028-PE-2008', 2)":null,"('0028-PE-2008', 3)":null,"('0028-PE-2008', 4)":null,"('0028-PE-2008', 5)":null,"('0028-PE-2008', 6)":null,"('0028-PE-2008', 7)":null,"('0028-PE-2008', 8)":null,"('0028-PE-2008', 9)":null,"('0028-PE-2008', 10)":null,"('0028-PE-2008', 11)":null,"('0028-PE-2008', 12)":null},"Fecha: ":{"('0028-PE-2008', 0)":"31\/10\/2008","('0028-PE-2008', 1)":null,"('0028-PE-2008', 2)":null,"('0028-PE-2008', 3)":null,"('0028-PE-2008', 4)":null,"('0028-PE-2008', 5)":null,"('0028-PE-2008', 6)":null,"('0028-PE-2008', 7)":null,"('0028-PE-2008', 8)":null,"('0028-PE-2008', 9)":null,"('0028-PE-2008', 10)":null,"('0028-PE-2008', 11)":null,"('0028-PE-2008', 12)":null},"T\u00edtulo":{"('0028-PE-2008', 0)":"DECLARACION DE EMERGENCIA NACIONAL DE LOS RECURSOS HUMANOS DE ENFERMERIA. PROMOVER SU INCLUSION EN EL ARTICULO 43 DE LA LEY 24521 DE EDUCACION SUPERIOR.","('0028-PE-2008', 1)":null,"('0028-PE-2008', 2)":null,"('0028-PE-2008', 3)":null,"('0028-PE-2008', 4)":null,"('0028-PE-2008', 5)":null,"('0028-PE-2008', 6)":null,"('0028-PE-2008', 7)":null,"('0028-PE-2008', 8)":null,"('0028-PE-2008', 9)":null,"('0028-PE-2008', 10)":null,"('0028-PE-2008', 11)":null,"('0028-PE-2008', 12)":null},"('Firmantes', 'FIRMANTE')":{"('0028-PE-2008', 0)":"FERNANDEZ DE KIRCHNER, CRISTINA","('0028-PE-2008', 1)":"MASSA, SERGIO TOMAS","('0028-PE-2008', 2)":"OCA\u00d1A, MARIA GRACIELA","('0028-PE-2008', 3)":null,"('0028-PE-2008', 4)":null,"('0028-PE-2008', 5)":null,"('0028-PE-2008', 6)":null,"('0028-PE-2008', 7)":null,"('0028-PE-2008', 8)":null,"('0028-PE-2008', 9)":null,"('0028-PE-2008', 10)":null,"('0028-PE-2008', 11)":null,"('0028-PE-2008', 12)":null},"('Firmantes', 'DISTRITO')":{"('0028-PE-2008', 0)":null,"('0028-PE-2008', 1)":null,"('0028-PE-2008', 2)":null,"('0028-PE-2008', 3)":null,"('0028-PE-2008', 4)":null,"('0028-PE-2008', 5)":null,"('0028-PE-2008', 6)":null,"('0028-PE-2008', 7)":null,"('0028-PE-2008', 8)":null,"('0028-PE-2008', 9)":null,"('0028-PE-2008', 10)":null,"('0028-PE-2008', 11)":null,"('0028-PE-2008', 12)":null},"('Firmantes', 'BLOQUE')":{"('0028-PE-2008', 0)":"PODER EJECUTIVO","('0028-PE-2008', 1)":"PODER EJECUTIVO","('0028-PE-2008', 2)":"PODER EJECUTIVO","('0028-PE-2008', 3)":null,"('0028-PE-2008', 4)":null,"('0028-PE-2008', 5)":null,"('0028-PE-2008', 6)":null,"('0028-PE-2008', 7)":null,"('0028-PE-2008', 8)":null,"('0028-PE-2008', 9)":null,"('0028-PE-2008', 10)":null,"('0028-PE-2008', 11)":null,"('0028-PE-2008', 12)":null},"('Giros', 'COMISI\u00d3N')":{"('0028-PE-2008', 0)":"ACCION SOCIAL Y SALUD PUBLICA","('0028-PE-2008', 1)":"EDUCACION","('0028-PE-2008', 2)":"PRESUPUESTO Y HACIENDA","('0028-PE-2008', 3)":null,"('0028-PE-2008', 4)":null,"('0028-PE-2008', 5)":null,"('0028-PE-2008', 6)":null,"('0028-PE-2008', 7)":null,"('0028-PE-2008', 8)":null,"('0028-PE-2008', 9)":null,"('0028-PE-2008', 10)":null,"('0028-PE-2008', 11)":null,"('0028-PE-2008', 12)":null},"('Tramites', 'C\u00c1MARA')":{"('0028-PE-2008', 0)":"Diputados","('0028-PE-2008', 1)":"Diputados","('0028-PE-2008', 2)":"Diputados","('0028-PE-2008', 3)":"Diputados","('0028-PE-2008', 4)":"Diputados","('0028-PE-2008', 5)":"Senado","('0028-PE-2008', 6)":"Senado","('0028-PE-2008', 7)":"Senado","('0028-PE-2008', 8)":"Senado","('0028-PE-2008', 9)":"Senado","('0028-PE-2008', 10)":"Diputados","('0028-PE-2008', 11)":"Diputados","('0028-PE-2008', 12)":"Diputados"},"('Tramites', 'MOVIMIENTO')":{"('0028-PE-2008', 0)":"MOCION DE PREFERENCIA CON DICTAMEN (AFIRMATIVA)","('0028-PE-2008', 1)":"MOCION SOBRE TABLAS (PLAN DE LABOR) (AFIRMATIVA) CONJUNTAMENTE PARA LOS EXPEDIENTES 0028-PE-2008, 0001-CD-2009 y 2011-S-2009","('0028-PE-2008', 2)":"PLAN DE LABOR (AFIRMATIVA) CONJUNTAMENTE PARA LOS EXPEDIENTES 0028-PE-2008, 0001-CD-2009 y 6502-D-2008","('0028-PE-2008', 3)":"CONSIDERACION Y APROBACION CON MODIFICACIONES CONJUNTAMENTE PARA LOS EXPEDIENTES 0028-PE-2008, 0001-CD-2009 y 6502-D-2008","('0028-PE-2008', 4)":"INSERCION DIPUTADA TORFE CONJUNTAMENTE PARA LOS EXPEDIENTES 0028-PE-2008, 0001-CD-2009 y 6502-D-2008","('0028-PE-2008', 5)":"PASA A SENADO - CONJUNTAMENTE PARA LOS EXPEDIENTES 0028-PE-2008, 0001-CD-2009 y 6502-D-2008","('0028-PE-2008', 6)":"MOCION DE PREFERENCIA PARA LA PROXIMA SESION (AFIRMATIVA) CONJUNTAMENTE PARA LOS EXPEDIENTES 0028-PE-2008, 0001-CD-2009 y 2011-S-2009","('0028-PE-2008', 7)":"MOCION SOBRE TABLAS (AFIRMATIVA) CONJUNTAMENTE PARA LOS EXPEDIENTES 0028-PE-2008, 0001-CD-2009 y 2011-S-2009","('0028-PE-2008', 8)":"CONSIDERACION Y APROBACION CONJUNTAMENTE PARA LOS EXPEDIENTES 0028-PE-2008, 0001-CD-2009 y 2011-S-2009","('0028-PE-2008', 9)":"INSERCIONES CONJUNTAMENTE PARA LOS EXPEDIENTES 0028-PE-2008, 0001-CD-2009 y 2011-S-2009","('0028-PE-2008', 10)":"VUELVE A DIPUTADOS - CONJUNTAMENTE PARA LOS EXPEDIENTES 0028-PE-2008, 0001-CD-2009 y 2011-S-2009","('0028-PE-2008', 11)":"MOCION DE PREFERENCIA PARA LA PROXIMA SESION CON DICTAMEN (AFIRMATIVA) CONJUNTAMENTE PARA LOS EXPEDIENTES 0028-PE-2008, 0001-CD-2009 y 2011-S-2009","('0028-PE-2008', 12)":"MOCION DE PREFERENCIA PARA LA PROXIMA SESION CON DICTAMEN (AFIRMATIVA) CONJUNTAMENTE PARA LOS EXPEDIENTES 0028-PE-2008, 0001-CD-2009 y 2011-S-2009"},"('Tramites', 'FECHA')":{"('0028-PE-2008', 0)":"03\/12\/2008","('0028-PE-2008', 1)":"13\/10\/2010","('0028-PE-2008', 2)":"11\/03\/2009","('0028-PE-2008', 3)":"11\/03\/2009","('0028-PE-2008', 4)":"11\/03\/2009","('0028-PE-2008', 5)":null,"('0028-PE-2008', 6)":"25\/11\/2009","('0028-PE-2008', 7)":"02\/12\/2009","('0028-PE-2008', 8)":"02\/12\/2009","('0028-PE-2008', 9)":"02\/12\/2009","('0028-PE-2008', 10)":null,"('0028-PE-2008', 11)":"11\/08\/2010","('0028-PE-2008', 12)":"18\/08\/2010"},"('Tramites', 'RESULTADO')":{"('0028-PE-2008', 0)":null,"('0028-PE-2008', 1)":null,"('0028-PE-2008', 2)":null,"('0028-PE-2008', 3)":"MEDIA SANCION","('0028-PE-2008', 4)":null,"('0028-PE-2008', 5)":null,"('0028-PE-2008', 6)":null,"('0028-PE-2008', 7)":null,"('0028-PE-2008', 8)":"MEDIA SANCION","('0028-PE-2008', 9)":null,"('0028-PE-2008', 10)":null,"('0028-PE-2008', 11)":null,"('0028-PE-2008', 12)":null},"Sumario":{"('0028-PE-2008', 0)":"CREACION DE UN FONDO FIDUCIARIO ESPECIFICO PARA ALCANZAR EL OBJETIVO DE LA PRESENTE LEY.","('0028-PE-2008', 1)":null,"('0028-PE-2008', 2)":null,"('0028-PE-2008', 3)":null,"('0028-PE-2008', 4)":null,"('0028-PE-2008', 5)":null,"('0028-PE-2008', 6)":null,"('0028-PE-2008', 7)":null,"('0028-PE-2008', 8)":null,"('0028-PE-2008', 9)":null,"('0028-PE-2008', 10)":null,"('0028-PE-2008', 11)":null,"('0028-PE-2008', 12)":null},"Palabra Clave":{"('0028-PE-2008', 0)":" ","('0028-PE-2008', 1)":null,"('0028-PE-2008', 2)":null,"('0028-PE-2008', 3)":null,"('0028-PE-2008', 4)":null,"('0028-PE-2008', 5)":null,"('0028-PE-2008', 6)":null,"('0028-PE-2008', 7)":null,"('0028-PE-2008', 8)":null,"('0028-PE-2008', 9)":null,"('0028-PE-2008', 10)":null,"('0028-PE-2008', 11)":null,"('0028-PE-2008', 12)":null}}