{"Tipo de Proyecto":{"('0029-PE-2008', 0)":"MENSAJE NRO: 1777\/08","('0029-PE-2008', 1)":null,"('0029-PE-2008', 2)":null},"Iniciado en: ":{"('0029-PE-2008', 0)":"Diputados","('0029-PE-2008', 1)":null,"('0029-PE-2008', 2)":null},"Expediente Diputados: ":{"('0029-PE-2008', 0)":"0029-PE-2008","('0029-PE-2008', 1)":null,"('0029-PE-2008', 2)":null},"Publicado en: ":{"('0029-PE-2008', 0)":"Tr\u00e1mite Parlamentario N\u00b0 158","('0029-PE-2008', 1)":null,"('0029-PE-2008', 2)":null},"Fecha: ":{"('0029-PE-2008', 0)":"06\/11\/2008","('0029-PE-2008', 1)":null,"('0029-PE-2008', 2)":null},"T\u00edtulo":{"('0029-PE-2008', 0)":"COMUNICACION DEL DECRETO 1776\/08, POR EL CUAL SE DECLARA ZONA DE DESASTRE AGROPECUARIO SEGUN LO NORMADO EN LA LEY 24959, DEL 1 DE ENERO AL 31 DE DICIEMBRE DE 2008, A LOS PARTIDOS DE PATAGONES, VILLARINO, BAHIA BLANCA, PUAN, TORNQUIST, SAAVEDRA Y ADOLFO ALSINA DE LA PROVINCIA DE BUENOS AIRES.","('0029-PE-2008', 1)":null,"('0029-PE-2008', 2)":null},"('Firmantes', 'FIRMANTE')":{"('0029-PE-2008', 0)":"FERNANDEZ DE KIRCHNER, CRISTINA","('0029-PE-2008', 1)":"MASSA, SERGIO TOMAS","('0029-PE-2008', 2)":"RANDAZZO, FLORENCIO"},"('Firmantes', 'DISTRITO')":{"('0029-PE-2008', 0)":null,"('0029-PE-2008', 1)":null,"('0029-PE-2008', 2)":null},"('Firmantes', 'BLOQUE')":{"('0029-PE-2008', 0)":"PODER EJECUTIVO","('0029-PE-2008', 1)":"PODER EJECUTIVO","('0029-PE-2008', 2)":"PODER EJECUTIVO"},"('Giros', 'COMISI\u00d3N')":{"('0029-PE-2008', 0)":"AGRICULTURA Y GANADERIA","('0029-PE-2008', 1)":"PRESUPUESTO Y HACIENDA","('0029-PE-2008', 2)":null},"Link":{"('0029-PE-2008', 0)":"https:\/\/www4.hcdn.gob.ar\/dependencias\/dsecretaria\/Periodo2008\/PDF2008\/TP2008\/0029-PE-08.pdf","('0029-PE-2008', 1)":null,"('0029-PE-2008', 2)":null},"Palabra Clave":{"('0029-PE-2008', 0)":" ","('0029-PE-2008', 1)":null,"('0029-PE-2008', 2)":null}}