{"Tipo de Proyecto":{"('0029-S-2008', 0)":"PROYECTO DE DECLARACI\u00d3N"},"Iniciado en: ":{"('0029-S-2008', 0)":"Senado"},"Expediente Senado: ":{"('0029-S-2008', 0)":"0029-S-2008"},"Publicado en: ":{"('0029-S-2008', 0)":"Diario de Asuntos Entrados N\u00b0 1"},"Fecha: ":{"('0029-S-2008', 0)":"03\/03\/2008"},"T\u00edtulo":{"('0029-S-2008', 0)":"ADHERIR A LA CONMEMORACION DEL DIA NACIONAL DEL ESCULTOR, EL 6 DE MARZO."},"('Firmantes', 'FIRMANTE')":{"('0029-S-2008', 0)":"COLAZO, MARIO JORGE"},"('Firmantes', 'DISTRITO')":{"('0029-S-2008', 0)":"TIERRA DEL FUEGO"},"('Firmantes', 'BLOQUE')":{"('0029-S-2008', 0)":"FRENTE PARA LA VICTORIA - PJ"},"Link":{"('0029-S-2008', 0)":"http:\/\/www.senado.gov.ar\/parlamentario\/comisiones\/verExp\/29.08\/S\/PD"},"Palabra Clave":{"('0029-S-2008', 0)":" "}}