{"Tipo de Proyecto":{"('0030-S-2008', 0)":"PROYECTO DE LEY","('0030-S-2008', 1)":null,"('0030-S-2008', 2)":null,"('0030-S-2008', 3)":null,"('0030-S-2008', 4)":null,"('0030-S-2008', 5)":null,"('0030-S-2008', 6)":null},"Iniciado en: ":{"('0030-S-2008', 0)":"Senado","('0030-S-2008', 1)":null,"('0030-S-2008', 2)":null,"('0030-S-2008', 3)":null,"('0030-S-2008', 4)":null,"('0030-S-2008', 5)":null,"('0030-S-2008', 6)":null},"Expediente Diputados: ":{"('0030-S-2008', 0)":"0030-S-2008","('0030-S-2008', 1)":null,"('0030-S-2008', 2)":null,"('0030-S-2008', 3)":null,"('0030-S-2008', 4)":null,"('0030-S-2008', 5)":null,"('0030-S-2008', 6)":null},"Expediente Senado: ":{"('0030-S-2008', 0)":"1143-S-2008","('0030-S-2008', 1)":null,"('0030-S-2008', 2)":null,"('0030-S-2008', 3)":null,"('0030-S-2008', 4)":null,"('0030-S-2008', 5)":null,"('0030-S-2008', 6)":null},"Publicado en: ":{"('0030-S-2008', 0)":"Diario de Asuntos Entrados N\u00b0 55","('0030-S-2008', 1)":null,"('0030-S-2008', 2)":null,"('0030-S-2008', 3)":null,"('0030-S-2008', 4)":null,"('0030-S-2008', 5)":null,"('0030-S-2008', 6)":null},"Fecha: ":{"('0030-S-2008', 0)":"29\/04\/2008","('0030-S-2008', 1)":null,"('0030-S-2008', 2)":null,"('0030-S-2008', 3)":null,"('0030-S-2008', 4)":null,"('0030-S-2008', 5)":null,"('0030-S-2008', 6)":null},"T\u00edtulo":{"('0030-S-2008', 0)":"PROCEDIMIENTO PARA LA DESIGNACION DE JUECES SUBROGANTES DE PRIMERA INSTANCIA, NACIONALES O FEDERALES, MODIFICACION DEL ARTICULO 31 DEL DECRETO LEY 1285\/58 (ORGANIZACION DE LA JUSTICIA NACIONAL)","('0030-S-2008', 1)":null,"('0030-S-2008', 2)":null,"('0030-S-2008', 3)":null,"('0030-S-2008', 4)":null,"('0030-S-2008', 5)":null,"('0030-S-2008', 6)":null},"('Firmantes', 'FIRMANTE')":{"('0030-S-2008', 0)":"FERNANDEZ, NICOLAS ALEJANDRO","('0030-S-2008', 1)":"PICHETTO, MIGUEL ANGEL","('0030-S-2008', 2)":null,"('0030-S-2008', 3)":null,"('0030-S-2008', 4)":null,"('0030-S-2008', 5)":null,"('0030-S-2008', 6)":null},"('Firmantes', 'DISTRITO')":{"('0030-S-2008', 0)":"SANTA CRUZ","('0030-S-2008', 1)":"RIO NEGRO","('0030-S-2008', 2)":null,"('0030-S-2008', 3)":null,"('0030-S-2008', 4)":null,"('0030-S-2008', 5)":null,"('0030-S-2008', 6)":null},"('Firmantes', 'BLOQUE')":{"('0030-S-2008', 0)":"FRENTE PARA LA VICTORIA - PJ","('0030-S-2008', 1)":"FRENTE PARA LA VICTORIA - PJ","('0030-S-2008', 2)":null,"('0030-S-2008', 3)":null,"('0030-S-2008', 4)":null,"('0030-S-2008', 5)":null,"('0030-S-2008', 6)":null},"('Giros', 'COMISI\u00d3N')":{"('0030-S-2008', 0)":"JUSTICIA","('0030-S-2008', 1)":null,"('0030-S-2008', 2)":null,"('0030-S-2008', 3)":null,"('0030-S-2008', 4)":null,"('0030-S-2008', 5)":null,"('0030-S-2008', 6)":null},"('Tramites', 'C\u00c1MARA')":{"('0030-S-2008', 0)":"Senado","('0030-S-2008', 1)":"Senado","('0030-S-2008', 2)":"Senado","('0030-S-2008', 3)":"Diputados","('0030-S-2008', 4)":"Diputados","('0030-S-2008', 5)":"Diputados","('0030-S-2008', 6)":"Diputados"},"('Tramites', 'MOVIMIENTO')":{"('0030-S-2008', 0)":"MOCION SOBRE TABLAS CON DICTAMEN (AFIRMATIVA) CONJUNTAMENTE PARA LOS EXPEDIENTES 2333-S-2007, 2354-S-2007, 1036-S-2008, 1141-S-2008, 0030-S-2008 y 1143-S-2008","('0030-S-2008', 1)":"CONSIDERACION Y APROBACION CON MODIFICACIONES CONJUNTAMENTE PARA LOS EXPEDIENTES 2333-S-2007, 2354-S-2007, 1036-S-2008, 1141-S-2008, 0030-S-2008 y 1143-S-2008","('0030-S-2008', 2)":"INSERCIONES CONJUNTAMENTE PARA LOS EXPEDIENTES 2333-S-2007, 2354-S-2007, 1036-S-2008, 1141-S-2008, 0030-S-2008 y 1143-S-2008","('0030-S-2008', 3)":"PASA A DIPUTADOS - CONJUNTAMENTE PARA LOS EXPEDIENTES 2333-S-2007, 2354-S-2007, 1036-S-2008, 1141-S-2008, 0030-S-2008 y 1143-S-2008","('0030-S-2008', 4)":"COMUNICACION DE UNA FE DE ERRATAS (0032-S-08)","('0030-S-2008', 5)":"MOCION SOBRE TABLAS (PLAN DE LABOR) (AFIRMATIVA) CONJUNTAMENTE PARA LOS EXPEDIENTES 2333-S-2007, 2354-S-2007, 1036-S-2008, 1141-S-2008, 0030-S-2008 y 1143-S-2008","('0030-S-2008', 6)":"CONSIDERACION Y SANCION CONJUNTAMENTE PARA LOS EXPEDIENTES 2333-S-2007, 2354-S-2007, 1036-S-2008, 1141-S-2008, 0030-S-2008 y 1143-S-2008"},"('Tramites', 'FECHA')":{"('0030-S-2008', 0)":"14\/05\/2008","('0030-S-2008', 1)":"14\/05\/2008","('0030-S-2008', 2)":"14\/05\/2008","('0030-S-2008', 3)":null,"('0030-S-2008', 4)":null,"('0030-S-2008', 5)":"21\/05\/2008","('0030-S-2008', 6)":"21\/05\/2008"},"('Tramites', 'RESULTADO')":{"('0030-S-2008', 0)":null,"('0030-S-2008', 1)":"MEDIA SANCION","('0030-S-2008', 2)":null,"('0030-S-2008', 3)":null,"('0030-S-2008', 4)":null,"('0030-S-2008', 5)":null,"('0030-S-2008', 6)":"SANCIONADO"},"Link":{"('0030-S-2008', 0)":"https:\/\/www4.hcdn.gob.ar\/dependencias\/dsecretaria\/Periodo2008\/PDF2008\/TP2008\/0030-S-08.pdf","('0030-S-2008', 1)":null,"('0030-S-2008', 2)":null,"('0030-S-2008', 3)":null,"('0030-S-2008', 4)":null,"('0030-S-2008', 5)":null,"('0030-S-2008', 6)":null},"Palabra Clave":{"('0030-S-2008', 0)":" ","('0030-S-2008', 1)":null,"('0030-S-2008', 2)":null,"('0030-S-2008', 3)":null,"('0030-S-2008', 4)":null,"('0030-S-2008', 5)":null,"('0030-S-2008', 6)":null}}