{"Tipo de Proyecto":{"('0030-D-2008', 0)":"PROYECTO DE DECLARACI\u00d3N"},"Iniciado en: ":{"('0030-D-2008', 0)":"Diputados"},"Expediente Diputados: ":{"('0030-D-2008', 0)":"0030-D-2008"},"Publicado en: ":{"('0030-D-2008', 0)":"Tr\u00e1mite Parlamentario N\u00b0 1"},"Fecha: ":{"('0030-D-2008', 0)":"03\/03\/2008"},"T\u00edtulo":{"('0030-D-2008', 0)":"EXPRESION DE DESAGRADO EN RELACION AL INCUMPLIMIENTO POR PARTE DE FUNCIONARIOS COMPETENTES DEL PODER EJECUTIVO NACIONAL RESPECTO AL SERVICIO DE AEROLINEAS ARGENTINAS EN VUELOS ENTRE LA PROVINCIA DE CATAMARCA - LA RIOJA Y LA CIUDAD AUTONOMA DE BUENOS AIRES."},"('Firmantes', 'FIRMANTE')":{"('0030-D-2008', 0)":"PASTORIZA, EDUARDO ANTONIO"},"('Firmantes', 'DISTRITO')":{"('0030-D-2008', 0)":"CATAMARCA"},"('Firmantes', 'BLOQUE')":{"('0030-D-2008', 0)":"POR LA VERDAD"},"('Giros', 'COMISI\u00d3N')":{"('0030-D-2008', 0)":"TRANSPORTES"},"Link":{"('0030-D-2008', 0)":"https:\/\/www.hcdn.gob.ar\/proyectos\/textoCompleto.jsp?exp=0030-D-2008&tipo=DECLARACION"},"Palabra Clave":{"('0030-D-2008', 0)":" "}}