{"Tipo de Proyecto":{"('0030-PE-2008', 0)":"MENSAJE NRO: 1838\/08","('0030-PE-2008', 1)":null,"('0030-PE-2008', 2)":null},"Iniciado en: ":{"('0030-PE-2008', 0)":"Diputados","('0030-PE-2008', 1)":null,"('0030-PE-2008', 2)":null},"Expediente Diputados: ":{"('0030-PE-2008', 0)":"0030-PE-2008","('0030-PE-2008', 1)":null,"('0030-PE-2008', 2)":null},"Publicado en: ":{"('0030-PE-2008', 0)":"Tr\u00e1mite Parlamentario N\u00b0 160","('0030-PE-2008', 1)":null,"('0030-PE-2008', 2)":null},"Fecha: ":{"('0030-PE-2008', 0)":"10\/11\/2008","('0030-PE-2008', 1)":null,"('0030-PE-2008', 2)":null},"T\u00edtulo":{"('0030-PE-2008', 0)":"COMUNICACION DEL DECRETO 1837\/08 POR EL CUAL SE OBSERVA EN SU TOTALIDAD Y SE DEVUELVE EL PROYECTO DE LEY SANCIONADO BAJO EL NUMERO 26418 (PRESUPUESTOS MINIMOS PARA LA PROTECCION DE LOS GLACIARES Y DEL AMBIENTE PERIGLACIAL)","('0030-PE-2008', 1)":null,"('0030-PE-2008', 2)":null},"('Firmantes', 'FIRMANTE')":{"('0030-PE-2008', 0)":"FERNANDEZ DE KIRCHNER, CRISTINA","('0030-PE-2008', 1)":"MASSA, SERGIO TOMAS","('0030-PE-2008', 2)":null},"('Firmantes', 'DISTRITO')":{"('0030-PE-2008', 0)":null,"('0030-PE-2008', 1)":null,"('0030-PE-2008', 2)":null},"('Firmantes', 'BLOQUE')":{"('0030-PE-2008', 0)":"PODER EJECUTIVO","('0030-PE-2008', 1)":"PODER EJECUTIVO","('0030-PE-2008', 2)":null},"('Giros', 'COMISI\u00d3N')":{"('0030-PE-2008', 0)":"RECURSOS NATURALES Y CONSERVACION DEL AMBIENTE HUMANO","('0030-PE-2008', 1)":"MINERIA","('0030-PE-2008', 2)":null},"('Tramites', 'C\u00c1MARA')":{"('0030-PE-2008', 0)":"Diputados","('0030-PE-2008', 1)":"Diputados","('0030-PE-2008', 2)":"Diputados"},"('Tramites', 'MOVIMIENTO')":{"('0030-PE-2008', 0)":"RESOLUCION PRESIDENCIA - AMPLIACION DE GIRO A LA COMISION DE MINERIA, SEGUN LO SOLICITADO POR LA DIPUTADA HERRERA GRISELDA","('0030-PE-2008', 1)":"MANIFESTACIONES Y MOCION APARTAMIENTO DEL REGLAMENTO (NEGATIVA)","('0030-PE-2008', 2)":"INSERCION DE LA DIPUTADA PUIGGROS"},"('Tramites', 'FECHA')":{"('0030-PE-2008', 0)":"03\/12\/2008","('0030-PE-2008', 1)":"03\/12\/2008","('0030-PE-2008', 2)":"03\/12\/2008"},"('Tramites', 'RESULTADO')":{"('0030-PE-2008', 0)":null,"('0030-PE-2008', 1)":null,"('0030-PE-2008', 2)":null},"Link":{"('0030-PE-2008', 0)":"https:\/\/www4.hcdn.gob.ar\/dependencias\/dsecretaria\/Periodo2008\/PDF2008\/TP2008\/0030-PE-08.pdf","('0030-PE-2008', 1)":null,"('0030-PE-2008', 2)":null},"Palabra Clave":{"('0030-PE-2008', 0)":" ","('0030-PE-2008', 1)":null,"('0030-PE-2008', 2)":null}}