{"Tipo de Proyecto":{"('0031-D-2008', 0)":"PROYECTO DE RESOLUCI\u00d3N"},"Iniciado en: ":{"('0031-D-2008', 0)":"Diputados"},"Expediente Diputados: ":{"('0031-D-2008', 0)":"0031-D-2008"},"Publicado en: ":{"('0031-D-2008', 0)":"Tr\u00e1mite Parlamentario N\u00b0 1"},"Fecha: ":{"('0031-D-2008', 0)":"03\/03\/2008"},"T\u00edtulo":{"('0031-D-2008', 0)":"RATIFICACION DEL COMPROMISO CON EL DERECHO A LA VIDA DESDE EL MOMENTO DE SU CONCEPCION."},"('Firmantes', 'FIRMANTE')":{"('0031-D-2008', 0)":"PASTORIZA, EDUARDO ANTONIO"},"('Firmantes', 'DISTRITO')":{"('0031-D-2008', 0)":"CATAMARCA"},"('Firmantes', 'BLOQUE')":{"('0031-D-2008', 0)":"POR LA VERDAD"},"('Giros', 'COMISI\u00d3N')":{"('0031-D-2008', 0)":"ACCION SOCIAL Y SALUD PUBLICA"},"Link":{"('0031-D-2008', 0)":"https:\/\/www.hcdn.gob.ar\/proyectos\/textoCompleto.jsp?exp=0031-D-2008&tipo=RESOLUCION"},"Palabra Clave":{"('0031-D-2008', 0)":" "}}