{"Tipo de Proyecto":{"('0031-PE-2008', 0)":"MENSAJE NRO: 1839\/08 Y PROYECTO DE LEY","('0031-PE-2008', 1)":null,"('0031-PE-2008', 2)":null,"('0031-PE-2008', 3)":null,"('0031-PE-2008', 4)":null},"Iniciado en: ":{"('0031-PE-2008', 0)":"Diputados","('0031-PE-2008', 1)":null,"('0031-PE-2008', 2)":null,"('0031-PE-2008', 3)":null,"('0031-PE-2008', 4)":null},"Expediente Diputados: ":{"('0031-PE-2008', 0)":"0031-PE-2008","('0031-PE-2008', 1)":null,"('0031-PE-2008', 2)":null,"('0031-PE-2008', 3)":null,"('0031-PE-2008', 4)":null},"Expediente Senado: ":{"('0031-PE-2008', 0)":"0077-CD-2008","('0031-PE-2008', 1)":null,"('0031-PE-2008', 2)":null,"('0031-PE-2008', 3)":null,"('0031-PE-2008', 4)":null},"Publicado en: ":{"('0031-PE-2008', 0)":"Tr\u00e1mite Parlamentario N\u00b0 161","('0031-PE-2008', 1)":null,"('0031-PE-2008', 2)":null,"('0031-PE-2008', 3)":null,"('0031-PE-2008', 4)":null},"Fecha: ":{"('0031-PE-2008', 0)":"11\/11\/2008","('0031-PE-2008', 1)":null,"('0031-PE-2008', 2)":null,"('0031-PE-2008', 3)":null,"('0031-PE-2008', 4)":null},"T\u00edtulo":{"('0031-PE-2008', 0)":"CREACION DEL REGIMEN DE INCENTIVOS A LA INVERSION LOCAL EN EMPRENDIMIENTOS DE MOTOCICLETAS Y MOTOPARTES. ","('0031-PE-2008', 1)":null,"('0031-PE-2008', 2)":null,"('0031-PE-2008', 3)":null,"('0031-PE-2008', 4)":null},"('Firmantes', 'FIRMANTE')":{"('0031-PE-2008', 0)":"FERNANDEZ DE KIRCHNER, CRISTINA","('0031-PE-2008', 1)":"MASSA, SERGIO TOMAS","('0031-PE-2008', 2)":"FERNANDEZ, CARLOS","('0031-PE-2008', 3)":null,"('0031-PE-2008', 4)":null},"('Firmantes', 'DISTRITO')":{"('0031-PE-2008', 0)":null,"('0031-PE-2008', 1)":null,"('0031-PE-2008', 2)":null,"('0031-PE-2008', 3)":null,"('0031-PE-2008', 4)":null},"('Firmantes', 'BLOQUE')":{"('0031-PE-2008', 0)":"PODER EJECUTIVO","('0031-PE-2008', 1)":"PODER EJECUTIVO","('0031-PE-2008', 2)":"PODER EJECUTIVO","('0031-PE-2008', 3)":null,"('0031-PE-2008', 4)":null},"('Giros', 'COMISI\u00d3N')":{"('0031-PE-2008', 0)":"INDUSTRIA","('0031-PE-2008', 1)":"PRESUPUESTO Y HACIENDA","('0031-PE-2008', 2)":null,"('0031-PE-2008', 3)":null,"('0031-PE-2008', 4)":null},"('Tramites', 'C\u00c1MARA')":{"('0031-PE-2008', 0)":"Diputados","('0031-PE-2008', 1)":"Diputados","('0031-PE-2008', 2)":"Senado","('0031-PE-2008', 3)":"Senado","('0031-PE-2008', 4)":"Senado"},"('Tramites', 'MOVIMIENTO')":{"('0031-PE-2008', 0)":"CONSIDERACION Y APROBACION CON MODIFICACIONES","('0031-PE-2008', 1)":"INSERCION DEL DIPUTADO OBIGLIO","('0031-PE-2008', 2)":"PASA A SENADO -","('0031-PE-2008', 3)":"CONSIDERACION Y SANCION","('0031-PE-2008', 4)":"INSERCION"},"('Tramites', 'FECHA')":{"('0031-PE-2008', 0)":"26\/11\/2008","('0031-PE-2008', 1)":"26\/11\/2008","('0031-PE-2008', 2)":null,"('0031-PE-2008', 3)":"10\/12\/2008","('0031-PE-2008', 4)":"10\/12\/2008"},"('Tramites', 'RESULTADO')":{"('0031-PE-2008', 0)":"MEDIA SANCION","('0031-PE-2008', 1)":null,"('0031-PE-2008', 2)":null,"('0031-PE-2008', 3)":"SANCIONADO","('0031-PE-2008', 4)":null},"Sumario":{"('0031-PE-2008', 0)":"DEFINICION, REQUISITOS PARA ADHERIR, TRATAMIENTO ARANCELARIO, BONO FISCAL SOBRE LAS COMPRAS DE MOTOPARTES LOCALES, SANCIONES; EXCLUSION DE LOS BIENES PRODUCIDOS EN LA PROVINCIA DE TIERRA DEL FUEGO, ANTARTIDA E ISLAS DEL ATLANTICO SUR.","('0031-PE-2008', 1)":null,"('0031-PE-2008', 2)":null,"('0031-PE-2008', 3)":null,"('0031-PE-2008', 4)":null},"Palabra Clave":{"('0031-PE-2008', 0)":" ","('0031-PE-2008', 1)":null,"('0031-PE-2008', 2)":null,"('0031-PE-2008', 3)":null,"('0031-PE-2008', 4)":null}}