{"Tipo de Proyecto":{"('0032-PE-2008', 0)":"MENSAJE NRO: 1889\/08 Y PROYECTO DE LEY","('0032-PE-2008', 1)":null,"('0032-PE-2008', 2)":null,"('0032-PE-2008', 3)":null,"('0032-PE-2008', 4)":null},"Iniciado en: ":{"('0032-PE-2008', 0)":"Diputados","('0032-PE-2008', 1)":null,"('0032-PE-2008', 2)":null,"('0032-PE-2008', 3)":null,"('0032-PE-2008', 4)":null},"Expediente Diputados: ":{"('0032-PE-2008', 0)":"0032-PE-2008","('0032-PE-2008', 1)":null,"('0032-PE-2008', 2)":null,"('0032-PE-2008', 3)":null,"('0032-PE-2008', 4)":null},"Expediente Senado: ":{"('0032-PE-2008', 0)":"0078-CD-2008","('0032-PE-2008', 1)":null,"('0032-PE-2008', 2)":null,"('0032-PE-2008', 3)":null,"('0032-PE-2008', 4)":null},"Publicado en: ":{"('0032-PE-2008', 0)":"Tr\u00e1mite Parlamentario N\u00b0 162","('0032-PE-2008', 1)":null,"('0032-PE-2008', 2)":null,"('0032-PE-2008', 3)":null,"('0032-PE-2008', 4)":null},"Fecha: ":{"('0032-PE-2008', 0)":"12\/11\/2008","('0032-PE-2008', 1)":null,"('0032-PE-2008', 2)":null,"('0032-PE-2008', 3)":null,"('0032-PE-2008', 4)":null},"T\u00edtulo":{"('0032-PE-2008', 0)":"PRORROGAR HASTA EL 31 DE DICIEMBRE DE 2009 LA VIGENCIA DE LA LEY 26204, DE EMERGENCIA ECONOMICA, PRORROGADA POR LEY 26339.","('0032-PE-2008', 1)":null,"('0032-PE-2008', 2)":null,"('0032-PE-2008', 3)":null,"('0032-PE-2008', 4)":null},"('Firmantes', 'FIRMANTE')":{"('0032-PE-2008', 0)":"FERNANDEZ DE KIRCHNER, CRISTINA","('0032-PE-2008', 1)":"FERNANDEZ, CARLOS","('0032-PE-2008', 2)":"MASSA, SERGIO TOMAS","('0032-PE-2008', 3)":null,"('0032-PE-2008', 4)":null},"('Firmantes', 'DISTRITO')":{"('0032-PE-2008', 0)":null,"('0032-PE-2008', 1)":null,"('0032-PE-2008', 2)":null,"('0032-PE-2008', 3)":null,"('0032-PE-2008', 4)":null},"('Firmantes', 'BLOQUE')":{"('0032-PE-2008', 0)":"PODER EJECUTIVO","('0032-PE-2008', 1)":"PODER EJECUTIVO","('0032-PE-2008', 2)":"PODER EJECUTIVO","('0032-PE-2008', 3)":null,"('0032-PE-2008', 4)":null},"('Giros', 'COMISI\u00d3N')":{"('0032-PE-2008', 0)":"PRESUPUESTO Y HACIENDA","('0032-PE-2008', 1)":null,"('0032-PE-2008', 2)":null,"('0032-PE-2008', 3)":null,"('0032-PE-2008', 4)":null},"('Tramites', 'C\u00c1MARA')":{"('0032-PE-2008', 0)":"Diputados","('0032-PE-2008', 1)":"Diputados","('0032-PE-2008', 2)":"Senado","('0032-PE-2008', 3)":"Senado","('0032-PE-2008', 4)":"Senado"},"('Tramites', 'MOVIMIENTO')":{"('0032-PE-2008', 0)":"CONSIDERACION Y APROBACION","('0032-PE-2008', 1)":"INSERCIONES DE LOS DIPUTADOS BERTOL, DIAZ BANCALARI, MONTOYA Y ZANCADA","('0032-PE-2008', 2)":"PASA A SENADO -","('0032-PE-2008', 3)":"CONSIDERACION Y SANCION","('0032-PE-2008', 4)":"INSERCION"},"('Tramites', 'FECHA')":{"('0032-PE-2008', 0)":"26\/11\/2008","('0032-PE-2008', 1)":"26\/11\/2008","('0032-PE-2008', 2)":null,"('0032-PE-2008', 3)":"10\/12\/2008","('0032-PE-2008', 4)":"10\/12\/2008"},"('Tramites', 'RESULTADO')":{"('0032-PE-2008', 0)":"MEDIA SANCION","('0032-PE-2008', 1)":null,"('0032-PE-2008', 2)":null,"('0032-PE-2008', 3)":"SANCIONADO","('0032-PE-2008', 4)":null},"Link":{"('0032-PE-2008', 0)":"https:\/\/www4.hcdn.gob.ar\/dependencias\/dsecretaria\/Periodo2008\/PDF2008\/TP2008\/0032-PE-08.pdf","('0032-PE-2008', 1)":null,"('0032-PE-2008', 2)":null,"('0032-PE-2008', 3)":null,"('0032-PE-2008', 4)":null},"Palabra Clave":{"('0032-PE-2008', 0)":" ","('0032-PE-2008', 1)":null,"('0032-PE-2008', 2)":null,"('0032-PE-2008', 3)":null,"('0032-PE-2008', 4)":null}}