{"Tipo de Proyecto":{"('0033-PE-2008', 0)":"MENSAJE NRO: 1890\/08 Y PROYECTO DE LEY","('0033-PE-2008', 1)":null,"('0033-PE-2008', 2)":null,"('0033-PE-2008', 3)":null,"('0033-PE-2008', 4)":null},"Iniciado en: ":{"('0033-PE-2008', 0)":"Diputados","('0033-PE-2008', 1)":null,"('0033-PE-2008', 2)":null,"('0033-PE-2008', 3)":null,"('0033-PE-2008', 4)":null},"Expediente Diputados: ":{"('0033-PE-2008', 0)":"0033-PE-2008","('0033-PE-2008', 1)":null,"('0033-PE-2008', 2)":null,"('0033-PE-2008', 3)":null,"('0033-PE-2008', 4)":null},"Expediente Senado: ":{"('0033-PE-2008', 0)":"0073-CD-2008","('0033-PE-2008', 1)":null,"('0033-PE-2008', 2)":null,"('0033-PE-2008', 3)":null,"('0033-PE-2008', 4)":null},"Publicado en: ":{"('0033-PE-2008', 0)":"Tr\u00e1mite Parlamentario N\u00b0 162","('0033-PE-2008', 1)":null,"('0033-PE-2008', 2)":null,"('0033-PE-2008', 3)":null,"('0033-PE-2008', 4)":null},"Fecha: ":{"('0033-PE-2008', 0)":"12\/11\/2008","('0033-PE-2008', 1)":null,"('0033-PE-2008', 2)":null,"('0033-PE-2008', 3)":null,"('0033-PE-2008', 4)":null},"T\u00edtulo":{"('0033-PE-2008', 0)":"MODIFICACION DEL TITULO VI DE LA LEY 23966, TEXTO ORDENADO 1997, DE IMPUESTO SOBRE LOS BIENES PERSONALES; SUSTITUCION DEL INCISO I) DEL ARTICULO 21, DEL INCISO G) DEL ARTICULO 22; INCORPORACION DE INCISO K) Y SUSTITUCION DEL TEXTO DEL ARTICULO SIN NUMERO INCORPORADO A CONTINUACION DEL ARTICULO 25.","('0033-PE-2008', 1)":null,"('0033-PE-2008', 2)":null,"('0033-PE-2008', 3)":null,"('0033-PE-2008', 4)":null},"('Firmantes', 'FIRMANTE')":{"('0033-PE-2008', 0)":"FERNANDEZ DE KIRCHNER, CRISTINA","('0033-PE-2008', 1)":"MASSA, SERGIO TOMAS","('0033-PE-2008', 2)":"FERNANDEZ, CARLOS","('0033-PE-2008', 3)":null,"('0033-PE-2008', 4)":null},"('Firmantes', 'DISTRITO')":{"('0033-PE-2008', 0)":null,"('0033-PE-2008', 1)":null,"('0033-PE-2008', 2)":null,"('0033-PE-2008', 3)":null,"('0033-PE-2008', 4)":null},"('Firmantes', 'BLOQUE')":{"('0033-PE-2008', 0)":"PODER EJECUTIVO","('0033-PE-2008', 1)":"PODER EJECUTIVO","('0033-PE-2008', 2)":"PODER EJECUTIVO","('0033-PE-2008', 3)":null,"('0033-PE-2008', 4)":null},"('Giros', 'COMISI\u00d3N')":{"('0033-PE-2008', 0)":"PRESUPUESTO Y HACIENDA","('0033-PE-2008', 1)":null,"('0033-PE-2008', 2)":null,"('0033-PE-2008', 3)":null,"('0033-PE-2008', 4)":null},"('Tramites', 'C\u00c1MARA')":{"('0033-PE-2008', 0)":"Diputados","('0033-PE-2008', 1)":"Diputados","('0033-PE-2008', 2)":"Senado","('0033-PE-2008', 3)":"Senado","('0033-PE-2008', 4)":"Senado"},"('Tramites', 'MOVIMIENTO')":{"('0033-PE-2008', 0)":"CONSIDERACION Y APROBACION","('0033-PE-2008', 1)":"INSERCIONES DE LOS DIPUTADOS GALVALISI Y LEMOS","('0033-PE-2008', 2)":"PASA A SENADO -","('0033-PE-2008', 3)":"CONSIDERACION Y SANCION","('0033-PE-2008', 4)":"INSERCIONES"},"('Tramites', 'FECHA')":{"('0033-PE-2008', 0)":"26\/11\/2008","('0033-PE-2008', 1)":"26\/11\/2008","('0033-PE-2008', 2)":null,"('0033-PE-2008', 3)":"10\/12\/2008","('0033-PE-2008', 4)":"10\/12\/2008"},"('Tramites', 'RESULTADO')":{"('0033-PE-2008', 0)":"MEDIA SANCION","('0033-PE-2008', 1)":null,"('0033-PE-2008', 2)":null,"('0033-PE-2008', 3)":"SANCIONADO","('0033-PE-2008', 4)":null},"Link":{"('0033-PE-2008', 0)":"https:\/\/www4.hcdn.gob.ar\/dependencias\/dsecretaria\/Periodo2008\/PDF2008\/TP2008\/0033-PE-08.pdf","('0033-PE-2008', 1)":null,"('0033-PE-2008', 2)":null,"('0033-PE-2008', 3)":null,"('0033-PE-2008', 4)":null},"Palabra Clave":{"('0033-PE-2008', 0)":" ","('0033-PE-2008', 1)":null,"('0033-PE-2008', 2)":null,"('0033-PE-2008', 3)":null,"('0033-PE-2008', 4)":null}}