{"Tipo de Proyecto":{"('0034-PE-2008', 0)":"MENSAJE NRO: 1888\/08 Y PROYECTO DE LEY","('0034-PE-2008', 1)":null,"('0034-PE-2008', 2)":null,"('0034-PE-2008', 3)":null,"('0034-PE-2008', 4)":null,"('0034-PE-2008', 5)":null},"Iniciado en: ":{"('0034-PE-2008', 0)":"Diputados","('0034-PE-2008', 1)":null,"('0034-PE-2008', 2)":null,"('0034-PE-2008', 3)":null,"('0034-PE-2008', 4)":null,"('0034-PE-2008', 5)":null},"Expediente Diputados: ":{"('0034-PE-2008', 0)":"0034-PE-2008","('0034-PE-2008', 1)":null,"('0034-PE-2008', 2)":null,"('0034-PE-2008', 3)":null,"('0034-PE-2008', 4)":null,"('0034-PE-2008', 5)":null},"Expediente Senado: ":{"('0034-PE-2008', 0)":"0071-CD-2008","('0034-PE-2008', 1)":null,"('0034-PE-2008', 2)":null,"('0034-PE-2008', 3)":null,"('0034-PE-2008', 4)":null,"('0034-PE-2008', 5)":null},"Publicado en: ":{"('0034-PE-2008', 0)":"Tr\u00e1mite Parlamentario N\u00b0 162","('0034-PE-2008', 1)":null,"('0034-PE-2008', 2)":null,"('0034-PE-2008', 3)":null,"('0034-PE-2008', 4)":null,"('0034-PE-2008', 5)":null},"Fecha: ":{"('0034-PE-2008', 0)":"12\/11\/2008","('0034-PE-2008', 1)":null,"('0034-PE-2008', 2)":null,"('0034-PE-2008', 3)":null,"('0034-PE-2008', 4)":null,"('0034-PE-2008', 5)":null},"T\u00edtulo":{"('0034-PE-2008', 0)":"PRORROGAR HASTA EL 31 DE DICIEMBRE DE 2009 LA VIGENCIA DE: LA SUSPENSION DE LA EXENCION ESTABLECIDA EN EL ARTICULO 20, INCISO I) DE LA LEY DE IMPUESTO A LAS GANANCIAS (TO 1997) QUE FUERA DISPUESTA POR EL ARTICULO 1 DE LA LEY 25731; LOS ARTICULOS 1, 2, 3, 4, 5 Y 6 DE LA LEY 25413 DE IMPUESTO SOBRE LOS CREDITOS Y DEBITOS EN CUENTAS BANCARIAS Y OTRAS OPERATORIAS; EL IMPUESTO ADICIONAL DE EMERGENCIA SOBRE EL PRECIO FINAL DE VENTA DE CIGARRILLOS ESTABLECIDO POR LEY 24625.","('0034-PE-2008', 1)":null,"('0034-PE-2008', 2)":null,"('0034-PE-2008', 3)":null,"('0034-PE-2008', 4)":null,"('0034-PE-2008', 5)":null},"('Firmantes', 'FIRMANTE')":{"('0034-PE-2008', 0)":"FERNANDEZ DE KIRCHNER, CRISTINA","('0034-PE-2008', 1)":"MASSA, SERGIO TOMAS","('0034-PE-2008', 2)":"FERNANDEZ, CARLOS","('0034-PE-2008', 3)":null,"('0034-PE-2008', 4)":null,"('0034-PE-2008', 5)":null},"('Firmantes', 'DISTRITO')":{"('0034-PE-2008', 0)":null,"('0034-PE-2008', 1)":null,"('0034-PE-2008', 2)":null,"('0034-PE-2008', 3)":null,"('0034-PE-2008', 4)":null,"('0034-PE-2008', 5)":null},"('Firmantes', 'BLOQUE')":{"('0034-PE-2008', 0)":"PODER EJECUTIVO","('0034-PE-2008', 1)":"PODER EJECUTIVO","('0034-PE-2008', 2)":"PODER EJECUTIVO","('0034-PE-2008', 3)":null,"('0034-PE-2008', 4)":null,"('0034-PE-2008', 5)":null},"('Giros', 'COMISI\u00d3N')":{"('0034-PE-2008', 0)":"PRESUPUESTO Y HACIENDA","('0034-PE-2008', 1)":null,"('0034-PE-2008', 2)":null,"('0034-PE-2008', 3)":null,"('0034-PE-2008', 4)":null,"('0034-PE-2008', 5)":null},"('Tramites', 'C\u00c1MARA')":{"('0034-PE-2008', 0)":"Diputados","('0034-PE-2008', 1)":"Diputados","('0034-PE-2008', 2)":"Diputados","('0034-PE-2008', 3)":"Senado","('0034-PE-2008', 4)":"Senado","('0034-PE-2008', 5)":"Senado"},"('Tramites', 'MOVIMIENTO')":{"('0034-PE-2008', 0)":"CONSIDERACION","('0034-PE-2008', 1)":"CONSIDERACION Y APROBACION","('0034-PE-2008', 2)":"INSERCIONES DE LOS DIPUTADOS COLLANTES, CORTINA, FADEL, GARCIA I, GRIBAUDO, GARCIA HAMILTON Y HALAK","('0034-PE-2008', 3)":"PASA A SENADO -","('0034-PE-2008', 4)":"CONSIDERACION Y SANCION","('0034-PE-2008', 5)":"INSERCIONES"},"('Tramites', 'FECHA')":{"('0034-PE-2008', 0)":"26\/11\/2008","('0034-PE-2008', 1)":"26\/11\/2008","('0034-PE-2008', 2)":"26\/11\/2008","('0034-PE-2008', 3)":null,"('0034-PE-2008', 4)":"10\/12\/2008","('0034-PE-2008', 5)":"10\/12\/2008"},"('Tramites', 'RESULTADO')":{"('0034-PE-2008', 0)":null,"('0034-PE-2008', 1)":"MEDIA SANCION","('0034-PE-2008', 2)":null,"('0034-PE-2008', 3)":null,"('0034-PE-2008', 4)":"SANCIONADO","('0034-PE-2008', 5)":null},"Link":{"('0034-PE-2008', 0)":"https:\/\/www4.hcdn.gob.ar\/dependencias\/dsecretaria\/Periodo2008\/PDF2008\/TP2008\/0034-PE-08.pdf","('0034-PE-2008', 1)":null,"('0034-PE-2008', 2)":null,"('0034-PE-2008', 3)":null,"('0034-PE-2008', 4)":null,"('0034-PE-2008', 5)":null},"Palabra Clave":{"('0034-PE-2008', 0)":" ","('0034-PE-2008', 1)":null,"('0034-PE-2008', 2)":null,"('0034-PE-2008', 3)":null,"('0034-PE-2008', 4)":null,"('0034-PE-2008', 5)":null}}