{"Tipo de Proyecto":{"('0035-S-2008', 0)":"PROYECTO DE LEY","('0035-S-2008', 1)":null,"('0035-S-2008', 2)":null,"('0035-S-2008', 3)":null,"('0035-S-2008', 4)":null},"Iniciado en: ":{"('0035-S-2008', 0)":"Senado","('0035-S-2008', 1)":null,"('0035-S-2008', 2)":null,"('0035-S-2008', 3)":null,"('0035-S-2008', 4)":null},"Expediente Diputados: ":{"('0035-S-2008', 0)":"0035-S-2008","('0035-S-2008', 1)":null,"('0035-S-2008', 2)":null,"('0035-S-2008', 3)":null,"('0035-S-2008', 4)":null},"Expediente Senado: ":{"('0035-S-2008', 0)":"0793-S-2008","('0035-S-2008', 1)":null,"('0035-S-2008', 2)":null,"('0035-S-2008', 3)":null,"('0035-S-2008', 4)":null},"Publicado en: ":{"('0035-S-2008', 0)":"Diario de Asuntos Entrados N\u00b0 37","('0035-S-2008', 1)":null,"('0035-S-2008', 2)":null,"('0035-S-2008', 3)":null,"('0035-S-2008', 4)":null},"Fecha: ":{"('0035-S-2008', 0)":"09\/04\/2008","('0035-S-2008', 1)":null,"('0035-S-2008', 2)":null,"('0035-S-2008', 3)":null,"('0035-S-2008', 4)":null},"T\u00edtulo":{"('0035-S-2008', 0)":"TRANSFERENCIA A TITULO GRATUITO A LA MUNICIPALIDAD DE CHOS MALAL, PROVINCIA DEL NEUQUEN, UN INMUEBLE PROPIEDAD DEL ESTADO NACIONAL UBICADO EN ESA LOCALIDAD.","('0035-S-2008', 1)":null,"('0035-S-2008', 2)":null,"('0035-S-2008', 3)":null,"('0035-S-2008', 4)":null},"('Firmantes', 'FIRMANTE')":{"('0035-S-2008', 0)":"PARRILLI, NANCI MARIA AGUSTINA","('0035-S-2008', 1)":null,"('0035-S-2008', 2)":null,"('0035-S-2008', 3)":null,"('0035-S-2008', 4)":null},"('Firmantes', 'DISTRITO')":{"('0035-S-2008', 0)":"NEUQUEN","('0035-S-2008', 1)":null,"('0035-S-2008', 2)":null,"('0035-S-2008', 3)":null,"('0035-S-2008', 4)":null},"('Firmantes', 'BLOQUE')":{"('0035-S-2008', 0)":"FRENTE PARA LA VICTORIA - PJ","('0035-S-2008', 1)":null,"('0035-S-2008', 2)":null,"('0035-S-2008', 3)":null,"('0035-S-2008', 4)":null},"('Giros', 'COMISI\u00d3N')":{"('0035-S-2008', 0)":"LEGISLACION GENERAL","('0035-S-2008', 1)":"ASUNTOS MUNICIPALES","('0035-S-2008', 2)":null,"('0035-S-2008', 3)":null,"('0035-S-2008', 4)":null},"('Tramites', 'C\u00c1MARA')":{"('0035-S-2008', 0)":"Senado","('0035-S-2008', 1)":"Diputados","('0035-S-2008', 2)":"Diputados","('0035-S-2008', 3)":"Diputados","('0035-S-2008', 4)":"Diputados"},"('Tramites', 'MOVIMIENTO')":{"('0035-S-2008', 0)":"CONSIDERACION Y APROBACION","('0035-S-2008', 1)":"PASA A DIPUTADOS -","('0035-S-2008', 2)":"MOCION DE PREFERENCIA PARA LA PROXIMA SESION CON DICTAMEN (AFIRMATIVA)","('0035-S-2008', 3)":"MOCION DE PREFERENCIA PARA LA PROXIMA SESION CON DICTAMEN (AFIRMATIVA)","('0035-S-2008', 4)":"CONSIDERACION Y SANCION"},"('Tramites', 'FECHA')":{"('0035-S-2008', 0)":"28\/05\/2008","('0035-S-2008', 1)":null,"('0035-S-2008', 2)":"27\/08\/2008","('0035-S-2008', 3)":"03\/09\/2008","('0035-S-2008', 4)":"03\/12\/2008"},"('Tramites', 'RESULTADO')":{"('0035-S-2008', 0)":"MEDIA SANCION","('0035-S-2008', 1)":null,"('0035-S-2008', 2)":null,"('0035-S-2008', 3)":null,"('0035-S-2008', 4)":"SANCIONADO"},"Sumario":{"('0035-S-2008', 0)":"CARGO: EJECUCION DEL PLAN DE CONSTRUCCION DE VIVIENDAS.","('0035-S-2008', 1)":null,"('0035-S-2008', 2)":null,"('0035-S-2008', 3)":null,"('0035-S-2008', 4)":null},"Palabra Clave":{"('0035-S-2008', 0)":" ","('0035-S-2008', 1)":null,"('0035-S-2008', 2)":null,"('0035-S-2008', 3)":null,"('0035-S-2008', 4)":null}}