{"Tipo de Proyecto":{"('0035-PE-2008', 0)":"MENSAJE NRO: 1895\/08 Y PROYECTO DE LEY","('0035-PE-2008', 1)":null,"('0035-PE-2008', 2)":null,"('0035-PE-2008', 3)":null},"Iniciado en: ":{"('0035-PE-2008', 0)":"Diputados","('0035-PE-2008', 1)":null,"('0035-PE-2008', 2)":null,"('0035-PE-2008', 3)":null},"Expediente Diputados: ":{"('0035-PE-2008', 0)":"0035-PE-2008","('0035-PE-2008', 1)":null,"('0035-PE-2008', 2)":null,"('0035-PE-2008', 3)":null},"Expediente Senado: ":{"('0035-PE-2008', 0)":"0076-CD-2008","('0035-PE-2008', 1)":null,"('0035-PE-2008', 2)":null,"('0035-PE-2008', 3)":null},"Publicado en: ":{"('0035-PE-2008', 0)":"Tr\u00e1mite Parlamentario N\u00b0 163","('0035-PE-2008', 1)":null,"('0035-PE-2008', 2)":null,"('0035-PE-2008', 3)":null},"Fecha: ":{"('0035-PE-2008', 0)":"13\/11\/2008","('0035-PE-2008', 1)":null,"('0035-PE-2008', 2)":null,"('0035-PE-2008', 3)":null},"T\u00edtulo":{"('0035-PE-2008', 0)":"AUTORIZACION A LA SE\u00d1ORA PRESIDENTA DE LA NACION PARA AUSENTARSE DEL PAIS DURANTE EL A\u00d1O 2009.","('0035-PE-2008', 1)":null,"('0035-PE-2008', 2)":null,"('0035-PE-2008', 3)":null},"('Firmantes', 'FIRMANTE')":{"('0035-PE-2008', 0)":"FERNANDEZ DE KIRCHNER, CRISTINA","('0035-PE-2008', 1)":"MASSA, SERGIO TOMAS","('0035-PE-2008', 2)":"RANDAZZO, FLORENCIO","('0035-PE-2008', 3)":null},"('Firmantes', 'DISTRITO')":{"('0035-PE-2008', 0)":null,"('0035-PE-2008', 1)":null,"('0035-PE-2008', 2)":null,"('0035-PE-2008', 3)":null},"('Firmantes', 'BLOQUE')":{"('0035-PE-2008', 0)":"PODER EJECUTIVO","('0035-PE-2008', 1)":"PODER EJECUTIVO","('0035-PE-2008', 2)":"PODER EJECUTIVO","('0035-PE-2008', 3)":null},"('Giros', 'COMISI\u00d3N')":{"('0035-PE-2008', 0)":"ASUNTOS CONSTITUCIONALES","('0035-PE-2008', 1)":null,"('0035-PE-2008', 2)":null,"('0035-PE-2008', 3)":null},"('Tramites', 'C\u00c1MARA')":{"('0035-PE-2008', 0)":"Diputados","('0035-PE-2008', 1)":"Senado","('0035-PE-2008', 2)":"Senado","('0035-PE-2008', 3)":"Senado"},"('Tramites', 'MOVIMIENTO')":{"('0035-PE-2008', 0)":"CONSIDERACION Y APROBACION","('0035-PE-2008', 1)":"PASA A SENADO -","('0035-PE-2008', 2)":"MOCION SOBRE TABLAS (AFIRMATIVA)","('0035-PE-2008', 3)":"CONSIDERACION Y SANCION"},"('Tramites', 'FECHA')":{"('0035-PE-2008', 0)":"26\/11\/2008","('0035-PE-2008', 1)":null,"('0035-PE-2008', 2)":"10\/12\/2008","('0035-PE-2008', 3)":"10\/12\/2008"},"('Tramites', 'RESULTADO')":{"('0035-PE-2008', 0)":"MEDIA SANCION","('0035-PE-2008', 1)":null,"('0035-PE-2008', 2)":null,"('0035-PE-2008', 3)":"SANCIONADO"},"Link":{"('0035-PE-2008', 0)":"https:\/\/www4.hcdn.gob.ar\/dependencias\/dsecretaria\/Periodo2008\/PDF2008\/TP2008\/0035-PE-08.pdf","('0035-PE-2008', 1)":null,"('0035-PE-2008', 2)":null,"('0035-PE-2008', 3)":null},"Palabra Clave":{"('0035-PE-2008', 0)":" ","('0035-PE-2008', 1)":null,"('0035-PE-2008', 2)":null,"('0035-PE-2008', 3)":null}}