{"Tipo de Proyecto":{"('0036-S-2008', 0)":"PROYECTO DE LEY"},"Iniciado en: ":{"('0036-S-2008', 0)":"Senado"},"Expediente Senado: ":{"('0036-S-2008', 0)":"0036-S-2008"},"Publicado en: ":{"('0036-S-2008', 0)":"Diario de Asuntos Entrados N\u00b0 1"},"Fecha: ":{"('0036-S-2008', 0)":"03\/03\/2008"},"T\u00edtulo":{"('0036-S-2008', 0)":"DERECHOS COMUNICACIONALES DE LAS NI\u00d1AS, NI\u00d1OS Y ADOLESCENTES (REPRODUCCION DEL EXPEDIENTE 4140-S-06)."},"('Firmantes', 'FIRMANTE')":{"('0036-S-2008', 0)":"PERCEVAL, MARIA CRISTINA"},"('Firmantes', 'DISTRITO')":{"('0036-S-2008', 0)":"MENDOZA"},"('Firmantes', 'BLOQUE')":{"('0036-S-2008', 0)":"FRENTE PARA LA VICTORIA - PJ"},"Sumario":{"('0036-S-2008', 0)":"CREACION DEL CONSEJO CONSULTIVO DE PROTECCION DE DERECHOS A LA COMUNICACION: FUNCIONES. CODIGO DE CONDUCTA. OBLIGACIONES Y DEBERES DE LOS MEDIOS DE COMUNICACION PUBLICOS."},"Palabra Clave":{"('0036-S-2008', 0)":" "}}