{"Tipo de Proyecto":{"('0037-PE-2008', 0)":"MENSAJE NRO: 2015\/08 Y PROYECTO DE LEY","('0037-PE-2008', 1)":null,"('0037-PE-2008', 2)":null,"('0037-PE-2008', 3)":null,"('0037-PE-2008', 4)":null,"('0037-PE-2008', 5)":null,"('0037-PE-2008', 6)":null},"Iniciado en: ":{"('0037-PE-2008', 0)":"Diputados","('0037-PE-2008', 1)":null,"('0037-PE-2008', 2)":null,"('0037-PE-2008', 3)":null,"('0037-PE-2008', 4)":null,"('0037-PE-2008', 5)":null,"('0037-PE-2008', 6)":null},"Expediente Diputados: ":{"('0037-PE-2008', 0)":"0037-PE-2008","('0037-PE-2008', 1)":null,"('0037-PE-2008', 2)":null,"('0037-PE-2008', 3)":null,"('0037-PE-2008', 4)":null,"('0037-PE-2008', 5)":null,"('0037-PE-2008', 6)":null},"Expediente Senado: ":{"('0037-PE-2008', 0)":"0107-CD-2008","('0037-PE-2008', 1)":null,"('0037-PE-2008', 2)":null,"('0037-PE-2008', 3)":null,"('0037-PE-2008', 4)":null,"('0037-PE-2008', 5)":null,"('0037-PE-2008', 6)":null},"Publicado en: ":{"('0037-PE-2008', 0)":"Tr\u00e1mite Parlamentario N\u00b0 170","('0037-PE-2008', 1)":null,"('0037-PE-2008', 2)":null,"('0037-PE-2008', 3)":null,"('0037-PE-2008', 4)":null,"('0037-PE-2008', 5)":null,"('0037-PE-2008', 6)":null},"Fecha: ":{"('0037-PE-2008', 0)":"25\/11\/2008","('0037-PE-2008', 1)":null,"('0037-PE-2008', 2)":null,"('0037-PE-2008', 3)":null,"('0037-PE-2008', 4)":null,"('0037-PE-2008', 5)":null,"('0037-PE-2008', 6)":null},"T\u00edtulo":{"('0037-PE-2008', 0)":"MEDIDAS ECONOMICAS PARA DESALENTAR EL CONSUMO DE PRODUCTOS ELABORADOS CON TABACO Y EVITAR UN DESEQUILIBRIO EN LA CADENA AGROINDUSTRIAL Y LA RECAUDACION FISCAL.","('0037-PE-2008', 1)":null,"('0037-PE-2008', 2)":null,"('0037-PE-2008', 3)":null,"('0037-PE-2008', 4)":null,"('0037-PE-2008', 5)":null,"('0037-PE-2008', 6)":null},"('Firmantes', 'FIRMANTE')":{"('0037-PE-2008', 0)":"FERNANDEZ DE KIRCHNER, CRISTINA","('0037-PE-2008', 1)":"MASSA, SERGIO TOMAS","('0037-PE-2008', 2)":"FERNANDEZ, CARLOS","('0037-PE-2008', 3)":null,"('0037-PE-2008', 4)":null,"('0037-PE-2008', 5)":null,"('0037-PE-2008', 6)":null},"('Firmantes', 'DISTRITO')":{"('0037-PE-2008', 0)":null,"('0037-PE-2008', 1)":null,"('0037-PE-2008', 2)":null,"('0037-PE-2008', 3)":null,"('0037-PE-2008', 4)":null,"('0037-PE-2008', 5)":null,"('0037-PE-2008', 6)":null},"('Firmantes', 'BLOQUE')":{"('0037-PE-2008', 0)":"PODER EJECUTIVO","('0037-PE-2008', 1)":"PODER EJECUTIVO","('0037-PE-2008', 2)":"PODER EJECUTIVO","('0037-PE-2008', 3)":null,"('0037-PE-2008', 4)":null,"('0037-PE-2008', 5)":null,"('0037-PE-2008', 6)":null},"('Giros', 'COMISI\u00d3N')":{"('0037-PE-2008', 0)":"COMERCIO","('0037-PE-2008', 1)":null,"('0037-PE-2008', 2)":null,"('0037-PE-2008', 3)":null,"('0037-PE-2008', 4)":null,"('0037-PE-2008', 5)":null,"('0037-PE-2008', 6)":null},"('Tramites', 'C\u00c1MARA')":{"('0037-PE-2008', 0)":"Diputados","('0037-PE-2008', 1)":"Diputados","('0037-PE-2008', 2)":"Diputados","('0037-PE-2008', 3)":"Diputados","('0037-PE-2008', 4)":"Senado","('0037-PE-2008', 5)":"Senado","('0037-PE-2008', 6)":"Senado"},"('Tramites', 'MOVIMIENTO')":{"('0037-PE-2008', 0)":"MOCION DE PREFERENCIA CON DICTAMEN (AFIRMATIVA)","('0037-PE-2008', 1)":"MOCION SOBRE TABLAS (AFIRMATIVA)","('0037-PE-2008', 2)":"CONSIDERACION Y APROBACION CON MODIFICACIONES","('0037-PE-2008', 3)":"INSERCION DE LOS DIPUTADOS BIANCO, ITURRIETA, SNOPEK, TORFE Y VILARI\u00d1O","('0037-PE-2008', 4)":"PASA A SENADO -","('0037-PE-2008', 5)":"CONSIDERACION Y SANCION","('0037-PE-2008', 6)":"COMUNICACION DEL DECRETO 6\/2009 del 07\/01\/2009 DE VETO PARCIAL Y PROMULGACION, OBSERVACION DEL ARTICULO 3"},"('Tramites', 'FECHA')":{"('0037-PE-2008', 0)":"03\/12\/2008","('0037-PE-2008', 1)":"10\/12\/2008","('0037-PE-2008', 2)":"10\/12\/2008","('0037-PE-2008', 3)":"10\/12\/2008","('0037-PE-2008', 4)":null,"('0037-PE-2008', 5)":"17\/12\/2008","('0037-PE-2008', 6)":null},"('Tramites', 'RESULTADO')":{"('0037-PE-2008', 0)":null,"('0037-PE-2008', 1)":null,"('0037-PE-2008', 2)":"MEDIA SANCION","('0037-PE-2008', 3)":null,"('0037-PE-2008', 4)":null,"('0037-PE-2008', 5)":"SANCIONADO","('0037-PE-2008', 6)":null},"Sumario":{"('0037-PE-2008', 0)":"INCORPORACION DE UN PARRAFO AL ARTICULO 15 Y DE UN ARTICULO SIN NUMERO A CONTINUACION DEL ARTICULO 16 DE LA LEY 24674, DE IMPUESTOS INTERNOS; SUSTITUCION DEL ARTICULO 25 E INCORPORACION DEL ARTICULO 25 BIS A LA LEY 19800, DE FONDO ESPECIAL DEL TABACO; CREACION DEL REGISTRO NACIONAL DE ACOPIADORES, PROCESADORES, FABRICANTES, IMPORTADORES, EXPORTADORES Y\/O COMERCIALIZADORES MAYORISTAS DE PRODUCTOS DERIVADOS DEL TABACO: INCORPORACION DE UN ARTICULO SIN NUMERO A CONTINUACION DEL ARTICULO 21 DE LA LEY 24674, DE IMPUESTOS INTERNOS.","('0037-PE-2008', 1)":null,"('0037-PE-2008', 2)":null,"('0037-PE-2008', 3)":null,"('0037-PE-2008', 4)":null,"('0037-PE-2008', 5)":null,"('0037-PE-2008', 6)":null},"Palabra Clave":{"('0037-PE-2008', 0)":" ","('0037-PE-2008', 1)":null,"('0037-PE-2008', 2)":null,"('0037-PE-2008', 3)":null,"('0037-PE-2008', 4)":null,"('0037-PE-2008', 5)":null,"('0037-PE-2008', 6)":null}}