{"Tipo de Proyecto":{"('0037-S-2008', 0)":"PROYECTO DE LEY"},"Iniciado en: ":{"('0037-S-2008', 0)":"Senado"},"Expediente Senado: ":{"('0037-S-2008', 0)":"0037-S-2008"},"Publicado en: ":{"('0037-S-2008', 0)":"Diario de Asuntos Entrados N\u00b0 1"},"Fecha: ":{"('0037-S-2008', 0)":"03\/03\/2008"},"T\u00edtulo":{"('0037-S-2008', 0)":"MODIFICACION DE LA LEY 11723 DE PROPIEDAD INTELECTUAL EN SUS ARTICULOS 34 (AUTORES DE OBRAS FOTOGRAFICAS - DERECHO DE PROPIEDAD) Y 34 BIS (DISPOSICION TRANSITORIA) (REPRODUCCION DEL EXPEDIENTE 0251-S-06)."},"('Firmantes', 'FIRMANTE')":{"('0037-S-2008', 0)":"PERCEVAL, MARIA CRISTINA"},"('Firmantes', 'DISTRITO')":{"('0037-S-2008', 0)":"MENDOZA"},"('Firmantes', 'BLOQUE')":{"('0037-S-2008', 0)":"FRENTE PARA LA VICTORIA - PJ"},"Link":{"('0037-S-2008', 0)":"http:\/\/www.senado.gov.ar\/parlamentario\/comisiones\/verExp\/37.08\/S\/PL"},"Palabra Clave":{"('0037-S-2008', 0)":" "}}