{"Tipo de Proyecto":{"('0037-D-2008', 0)":"PROYECTO DE RESOLUCI\u00d3N"},"Iniciado en: ":{"('0037-D-2008', 0)":"Diputados"},"Expediente Diputados: ":{"('0037-D-2008', 0)":"0037-D-2008"},"Publicado en: ":{"('0037-D-2008', 0)":"Tr\u00e1mite Parlamentario N\u00b0 1"},"Fecha: ":{"('0037-D-2008', 0)":"03\/03\/2008"},"T\u00edtulo":{"('0037-D-2008', 0)":"PEDIDO DE INFORMES AL PODER EJECUTIVO SOBRE LA TOMA DE MUESTRAS Y ANALISIS QUIMICOS PARA DETERMINAR EL AVANCE DE LA CONTAMINACION EN EL RIO VIS - VIS - AMANAO."},"('Firmantes', 'FIRMANTE')":{"('0037-D-2008', 0)":"PASTORIZA, EDUARDO ANTONIO"},"('Firmantes', 'DISTRITO')":{"('0037-D-2008', 0)":"CATAMARCA"},"('Firmantes', 'BLOQUE')":{"('0037-D-2008', 0)":"POR LA VERDAD"},"('Giros', 'COMISI\u00d3N')":{"('0037-D-2008', 0)":"RECURSOS NATURALES Y CONSERVACION DEL AMBIENTE HUMANO"},"('Tramites', 'C\u00c1MARA')":{"('0037-D-2008', 0)":"Diputados"},"('Tramites', 'MOVIMIENTO')":{"('0037-D-2008', 0)":"CONSIDERACION Y APROBACION"},"('Tramites', 'FECHA')":{"('0037-D-2008', 0)":"10\/06\/2008"},"('Tramites', 'RESULTADO')":{"('0037-D-2008', 0)":"APROBADO"},"Link":{"('0037-D-2008', 0)":"https:\/\/www.hcdn.gob.ar\/proyectos\/textoCompleto.jsp?exp=0037-D-2008&tipo=RESOLUCION"},"Palabra Clave":{"('0037-D-2008', 0)":" "}}