{"Tipo de Proyecto":{"('0038-D-2008', 0)":"PROYECTO DE LEY","('0038-D-2008', 1)":null},"Iniciado en: ":{"('0038-D-2008', 0)":"Diputados","('0038-D-2008', 1)":null},"Expediente Diputados: ":{"('0038-D-2008', 0)":"0038-D-2008","('0038-D-2008', 1)":null},"Publicado en: ":{"('0038-D-2008', 0)":"Tr\u00e1mite Parlamentario N\u00b0 1","('0038-D-2008', 1)":null},"Fecha: ":{"('0038-D-2008', 0)":"03\/03\/2008","('0038-D-2008', 1)":null},"T\u00edtulo":{"('0038-D-2008', 0)":"CODIGO CIVIL: SUSTITUCION DEL ARTICULO 3573 BIS (DERECHO REAL DE HABITACION EN FORMA VITALICIA Y GRATUITA PARA EL CONYUGE SUPERSTISTE CUANDO SE DEJE COMO HERENCIA UN SOLO INMUEBLE QUE HUBIERA CONSTITUIDO EL HOGAR CONYUGAL).","('0038-D-2008', 1)":null},"('Firmantes', 'FIRMANTE')":{"('0038-D-2008', 0)":"LEVERBERG, STELLA MARIS","('0038-D-2008', 1)":null},"('Firmantes', 'DISTRITO')":{"('0038-D-2008', 0)":"MISIONES","('0038-D-2008', 1)":null},"('Firmantes', 'BLOQUE')":{"('0038-D-2008', 0)":"FRENTE PARA LA VICTORIA - PJ","('0038-D-2008', 1)":null},"('Giros', 'COMISI\u00d3N')":{"('0038-D-2008', 0)":"LEGISLACION GENERAL","('0038-D-2008', 1)":"FAMILIA, MUJER, NI\u00d1EZ Y ADOLESCENCIA"},"('Tramites', 'C\u00c1MARA')":{"('0038-D-2008', 0)":"Diputados","('0038-D-2008', 1)":null},"('Tramites', 'MOVIMIENTO')":{"('0038-D-2008', 0)":"REPRODUCIDO POR EXPEDIENTE 0577-D-10","('0038-D-2008', 1)":null},"('Tramites', 'FECHA')":{"('0038-D-2008', 0)":null,"('0038-D-2008', 1)":null},"('Tramites', 'RESULTADO')":{"('0038-D-2008', 0)":null,"('0038-D-2008', 1)":null},"Link":{"('0038-D-2008', 0)":"https:\/\/www.hcdn.gob.ar\/proyectos\/textoCompleto.jsp?exp=0038-D-2008&tipo=LEY","('0038-D-2008', 1)":null},"Palabra Clave":{"('0038-D-2008', 0)":" ","('0038-D-2008', 1)":null}}