{"Tipo de Proyecto":{"('0038-PE-2008', 0)":"MENSAJE NRO: 2024\/08 Y PROYECTO DE LEY","('0038-PE-2008', 1)":null,"('0038-PE-2008', 2)":null,"('0038-PE-2008', 3)":null,"('0038-PE-2008', 4)":null,"('0038-PE-2008', 5)":null,"('0038-PE-2008', 6)":null},"Iniciado en: ":{"('0038-PE-2008', 0)":"Diputados","('0038-PE-2008', 1)":null,"('0038-PE-2008', 2)":null,"('0038-PE-2008', 3)":null,"('0038-PE-2008', 4)":null,"('0038-PE-2008', 5)":null,"('0038-PE-2008', 6)":null},"Expediente Diputados: ":{"('0038-PE-2008', 0)":"0038-PE-2008","('0038-PE-2008', 1)":null,"('0038-PE-2008', 2)":null,"('0038-PE-2008', 3)":null,"('0038-PE-2008', 4)":null,"('0038-PE-2008', 5)":null,"('0038-PE-2008', 6)":null},"Expediente Senado: ":{"('0038-PE-2008', 0)":"0106-CD-2008","('0038-PE-2008', 1)":null,"('0038-PE-2008', 2)":null,"('0038-PE-2008', 3)":null,"('0038-PE-2008', 4)":null,"('0038-PE-2008', 5)":null,"('0038-PE-2008', 6)":null},"Publicado en: ":{"('0038-PE-2008', 0)":"Tr\u00e1mite Parlamentario N\u00b0 170","('0038-PE-2008', 1)":null,"('0038-PE-2008', 2)":null,"('0038-PE-2008', 3)":null,"('0038-PE-2008', 4)":null,"('0038-PE-2008', 5)":null,"('0038-PE-2008', 6)":null},"Fecha: ":{"('0038-PE-2008', 0)":"25\/11\/2008","('0038-PE-2008', 1)":null,"('0038-PE-2008', 2)":null,"('0038-PE-2008', 3)":null,"('0038-PE-2008', 4)":null,"('0038-PE-2008', 5)":null,"('0038-PE-2008', 6)":null},"T\u00edtulo":{"('0038-PE-2008', 0)":"REGIMEN DE NORMALIZACION TRIBUTARIA, PROMOCION Y PROTECCION DEL EMPLEO REGISTRADO CON PRIORIDAD EN PYMES Y EXTERIORIZACION Y REPATRIACION DE CAPITALES.","('0038-PE-2008', 1)":null,"('0038-PE-2008', 2)":null,"('0038-PE-2008', 3)":null,"('0038-PE-2008', 4)":null,"('0038-PE-2008', 5)":null,"('0038-PE-2008', 6)":null},"('Firmantes', 'FIRMANTE')":{"('0038-PE-2008', 0)":"FERNANDEZ DE KIRCHNER, CRISTINA","('0038-PE-2008', 1)":"MASSA, SERGIO TOMAS","('0038-PE-2008', 2)":"TOMADA, CARLOS","('0038-PE-2008', 3)":"FERNANDEZ, CARLOS","('0038-PE-2008', 4)":null,"('0038-PE-2008', 5)":null,"('0038-PE-2008', 6)":null},"('Firmantes', 'DISTRITO')":{"('0038-PE-2008', 0)":null,"('0038-PE-2008', 1)":null,"('0038-PE-2008', 2)":null,"('0038-PE-2008', 3)":null,"('0038-PE-2008', 4)":null,"('0038-PE-2008', 5)":null,"('0038-PE-2008', 6)":null},"('Firmantes', 'BLOQUE')":{"('0038-PE-2008', 0)":"PODER EJECUTIVO","('0038-PE-2008', 1)":"PODER EJECUTIVO","('0038-PE-2008', 2)":"PODER EJECUTIVO","('0038-PE-2008', 3)":"PODER EJECUTIVO","('0038-PE-2008', 4)":null,"('0038-PE-2008', 5)":null,"('0038-PE-2008', 6)":null},"('Giros', 'COMISI\u00d3N')":{"('0038-PE-2008', 0)":"PRESUPUESTO Y HACIENDA","('0038-PE-2008', 1)":"LEGISLACION DEL TRABAJO","('0038-PE-2008', 2)":null,"('0038-PE-2008', 3)":null,"('0038-PE-2008', 4)":null,"('0038-PE-2008', 5)":null,"('0038-PE-2008', 6)":null},"('Tramites', 'C\u00c1MARA')":{"('0038-PE-2008', 0)":"Diputados","('0038-PE-2008', 1)":"Diputados","('0038-PE-2008', 2)":"Diputados","('0038-PE-2008', 3)":"Senado","('0038-PE-2008', 4)":"Senado","('0038-PE-2008', 5)":"Senado","('0038-PE-2008', 6)":"Senado"},"('Tramites', 'MOVIMIENTO')":{"('0038-PE-2008', 0)":"MOCION DE PREFERENCIA CON DICTAMEN (AFIRMATIVA)","('0038-PE-2008', 1)":"CONSIDERACION Y APROBACION CON MODIFICACIONES","('0038-PE-2008', 2)":"INSERCION DE LOS DIPUTADOS ACOSTA, ARBO, AUGSBURGER, BALDATA, BASTEIRO, BRILLO, COLLANTES, FABRIS, GRIBAUDO, HALAK, SOLANAS Y VIALE","('0038-PE-2008', 3)":"PASA A SENADO -","('0038-PE-2008', 4)":"MOCION SOBRE TABLAS (AFIRMATIVA)","('0038-PE-2008', 5)":"CONSIDERACION Y SANCION","('0038-PE-2008', 6)":"INSERCIONES"},"('Tramites', 'FECHA')":{"('0038-PE-2008', 0)":"03\/12\/2008","('0038-PE-2008', 1)":"10\/12\/2008","('0038-PE-2008', 2)":"10\/12\/2008","('0038-PE-2008', 3)":null,"('0038-PE-2008', 4)":"18\/12\/2008","('0038-PE-2008', 5)":"18\/12\/2008","('0038-PE-2008', 6)":"18\/12\/2008"},"('Tramites', 'RESULTADO')":{"('0038-PE-2008', 0)":null,"('0038-PE-2008', 1)":"MEDIA SANCION","('0038-PE-2008', 2)":null,"('0038-PE-2008', 3)":null,"('0038-PE-2008', 4)":null,"('0038-PE-2008', 5)":"SANCIONADO","('0038-PE-2008', 6)":null},"Sumario":{"('0038-PE-2008', 0)":"REGULARIZACION DE TRIBUTOS Y RECURSOS DE LA SEGURIDAD SOCIAL; REGULARIZACION DEL EMPLEO NO REGISTRADO; EXTERIORIZACION DE LA TENENCIA DE MONEDA NACIONAL, EXTRANJERA, DIVISAS Y DEMAS BIENES EN EL PAIS Y EN EL EXTERIOR; SUJETOS EXCLUIDOS DEL REGIMEN.","('0038-PE-2008', 1)":null,"('0038-PE-2008', 2)":null,"('0038-PE-2008', 3)":null,"('0038-PE-2008', 4)":null,"('0038-PE-2008', 5)":null,"('0038-PE-2008', 6)":null},"Palabra Clave":{"('0038-PE-2008', 0)":" ","('0038-PE-2008', 1)":null,"('0038-PE-2008', 2)":null,"('0038-PE-2008', 3)":null,"('0038-PE-2008', 4)":null,"('0038-PE-2008', 5)":null,"('0038-PE-2008', 6)":null}}