{"Tipo de Proyecto":{"('0039-PE-2008', 0)":"MENSAJE NRO: 2028\/08 Y PROYECTO DE LEY","('0039-PE-2008', 1)":null,"('0039-PE-2008', 2)":null},"Iniciado en: ":{"('0039-PE-2008', 0)":"Diputados","('0039-PE-2008', 1)":null,"('0039-PE-2008', 2)":null},"Expediente Diputados: ":{"('0039-PE-2008', 0)":"0039-PE-2008","('0039-PE-2008', 1)":null,"('0039-PE-2008', 2)":null},"Publicado en: ":{"('0039-PE-2008', 0)":"Tr\u00e1mite Parlamentario N\u00b0 170","('0039-PE-2008', 1)":null,"('0039-PE-2008', 2)":null},"Fecha: ":{"('0039-PE-2008', 0)":"25\/11\/2008","('0039-PE-2008', 1)":null,"('0039-PE-2008', 2)":null},"T\u00edtulo":{"('0039-PE-2008', 0)":"MEDIDAS PARA LA REDUCCION DEL CONSUMO DE PRODUCTOS ELABORADOS CON TABACO Y LA REDUCCION AL MINIMO DE LA EXPOSICION DE LAS PERSONAS A LOS EFECTOS NOCIVOS DEL HUMO DEL TABACO.","('0039-PE-2008', 1)":null,"('0039-PE-2008', 2)":null},"('Firmantes', 'FIRMANTE')":{"('0039-PE-2008', 0)":"FERNANDEZ DE KIRCHNER, CRISTINA","('0039-PE-2008', 1)":"MASSA, SERGIO TOMAS","('0039-PE-2008', 2)":"OCA\u00d1A, MARIA GRACIELA"},"('Firmantes', 'DISTRITO')":{"('0039-PE-2008', 0)":null,"('0039-PE-2008', 1)":null,"('0039-PE-2008', 2)":null},"('Firmantes', 'BLOQUE')":{"('0039-PE-2008', 0)":"PODER EJECUTIVO","('0039-PE-2008', 1)":"PODER EJECUTIVO","('0039-PE-2008', 2)":"PODER EJECUTIVO"},"('Giros', 'COMISI\u00d3N')":{"('0039-PE-2008', 0)":"ACCION SOCIAL Y SALUD PUBLICA","('0039-PE-2008', 1)":"PREVENCION DE ADICCIONES Y CONTROL DEL NARCOTRAFICO","('0039-PE-2008', 2)":"PRESUPUESTO Y HACIENDA"},"('Tramites', 'C\u00c1MARA')":{"('0039-PE-2008', 0)":"Diputados","('0039-PE-2008', 1)":"Diputados","('0039-PE-2008', 2)":null},"('Tramites', 'MOVIMIENTO')":{"('0039-PE-2008', 0)":"RESOLUCION DE PRESIDENCIA - AMPLIACION DE GIRO A LA COMISION DE PREVENCION DE ADICCIONES Y CONTROL DEL NARCOTRAFICO.","('0039-PE-2008', 1)":"MOCION DE PREFERENCIA PARA LA PROXIMA SESION CON DICTAMEN (AFIRMATIVA)","('0039-PE-2008', 2)":null},"('Tramites', 'FECHA')":{"('0039-PE-2008', 0)":"20\/05\/2009","('0039-PE-2008', 1)":"11\/11\/2009","('0039-PE-2008', 2)":null},"('Tramites', 'RESULTADO')":{"('0039-PE-2008', 0)":null,"('0039-PE-2008', 1)":null,"('0039-PE-2008', 2)":null},"Sumario":{"('0039-PE-2008', 0)":"LIMITACION A LA PUBLICIDAD, PROMOCION Y PATROCINIO; LEYENDAS PARA LOS PAQUETES DE PRODUCTOS CON TABACO; COMPOSICION DE LOS PRODUCTOS ELABORADOS CON TABACO; VENTA, DISTRIBUCION Y CONSUMO; PROTECCION AMBIENTAL, LUGARES DE CONSUMO; SANCIONES POR INFRACCION A LA LEY; DEROGACION DE LA LEY 23344 Y SU MODIFICATORIA 24044.","('0039-PE-2008', 1)":null,"('0039-PE-2008', 2)":null},"Palabra Clave":{"('0039-PE-2008', 0)":" ","('0039-PE-2008', 1)":null,"('0039-PE-2008', 2)":null}}