{"Tipo de Proyecto":{"('0039-S-2008', 0)":"PROYECTO DE LEY"},"Iniciado en: ":{"('0039-S-2008', 0)":"Senado"},"Expediente Senado: ":{"('0039-S-2008', 0)":"0039-S-2008"},"Publicado en: ":{"('0039-S-2008', 0)":"Diario de Asuntos Entrados N\u00b0 2"},"Fecha: ":{"('0039-S-2008', 0)":"03\/03\/2008"},"T\u00edtulo":{"('0039-S-2008', 0)":"APROBACION DE LA JERARQUIA CONSTITUCIONAL DE LA CONVENCION INTERAMERICANA PARA PREVENIR, SANCIONAR Y ERRADICAR LA VIOLENCIA CONTRA LA MUJER 'CONVENCION DE BELEM DO PARA', RATIFICADA POR LEY 24632 (REPRODUCCION DEL EXPEDIENTE 0786-S-06)."},"('Firmantes', 'FIRMANTE')":{"('0039-S-2008', 0)":"PERCEVAL, MARIA CRISTINA"},"('Firmantes', 'DISTRITO')":{"('0039-S-2008', 0)":"MENDOZA"},"('Firmantes', 'BLOQUE')":{"('0039-S-2008', 0)":"FRENTE PARA LA VICTORIA - PJ"},"Link":{"('0039-S-2008', 0)":"http:\/\/www.senado.gov.ar\/parlamentario\/comisiones\/verExp\/39.08\/S\/PL"},"Palabra Clave":{"('0039-S-2008', 0)":" "}}