{"Tipo de Proyecto":{"('0040-S-2008', 0)":"MENSAJE NRO: 0177\/08 Y PROYECTO DE LEY","('0040-S-2008', 1)":null,"('0040-S-2008', 2)":null,"('0040-S-2008', 3)":null},"Iniciado en: ":{"('0040-S-2008', 0)":"Senado","('0040-S-2008', 1)":null,"('0040-S-2008', 2)":null,"('0040-S-2008', 3)":null},"Expediente Diputados: ":{"('0040-S-2008', 0)":"0040-S-2008","('0040-S-2008', 1)":null,"('0040-S-2008', 2)":null,"('0040-S-2008', 3)":null},"Expediente Senado: ":{"('0040-S-2008', 0)":"0716-PE-2007","('0040-S-2008', 1)":null,"('0040-S-2008', 2)":null,"('0040-S-2008', 3)":null},"Publicado en: ":{"('0040-S-2008', 0)":"Diario de Asuntos Entrados N\u00b0 165","('0040-S-2008', 1)":null,"('0040-S-2008', 2)":null,"('0040-S-2008', 3)":null},"Fecha: ":{"('0040-S-2008', 0)":"07\/02\/2008","('0040-S-2008', 1)":null,"('0040-S-2008', 2)":null,"('0040-S-2008', 3)":null},"T\u00edtulo":{"('0040-S-2008', 0)":"APROBACION DEL CONVENIO PARA LA UNIFICACION DE CIERTAS REGLAS PARA EL TRANSPORTE AEREO INTERNACIONAL, SUSCRIPTO EN LA CIUDAD DE MONTREAL, CANADA, EL 28 DE MAYO DE 1999.","('0040-S-2008', 1)":null,"('0040-S-2008', 2)":null,"('0040-S-2008', 3)":null},"('Firmantes', 'FIRMANTE')":{"('0040-S-2008', 0)":"FERNANDEZ DE KIRCHNER, CRISTINA","('0040-S-2008', 1)":"FERNANDEZ, ALBERTO","('0040-S-2008', 2)":"TAIANA, JORGE ENRIQUE","('0040-S-2008', 3)":"DE VIDO, JULIO"},"('Firmantes', 'DISTRITO')":{"('0040-S-2008', 0)":null,"('0040-S-2008', 1)":null,"('0040-S-2008', 2)":null,"('0040-S-2008', 3)":null},"('Firmantes', 'BLOQUE')":{"('0040-S-2008', 0)":"PODER EJECUTIVO","('0040-S-2008', 1)":"PODER EJECUTIVO","('0040-S-2008', 2)":"PODER EJECUTIVO","('0040-S-2008', 3)":"PODER EJECUTIVO"},"('Giros', 'COMISI\u00d3N')":{"('0040-S-2008', 0)":"RELACIONES EXTERIORES Y CULTO","('0040-S-2008', 1)":"TRANSPORTES","('0040-S-2008', 2)":null,"('0040-S-2008', 3)":null},"('Tramites', 'C\u00c1MARA')":{"('0040-S-2008', 0)":"Senado","('0040-S-2008', 1)":"Diputados","('0040-S-2008', 2)":"Diputados","('0040-S-2008', 3)":null},"('Tramites', 'MOVIMIENTO')":{"('0040-S-2008', 0)":"CONSIDERACION Y APROBACION","('0040-S-2008', 1)":"PASA A DIPUTADOS -","('0040-S-2008', 2)":"CONSIDERACION Y SANCION","('0040-S-2008', 3)":null},"('Tramites', 'FECHA')":{"('0040-S-2008', 0)":"28\/05\/2008","('0040-S-2008', 1)":null,"('0040-S-2008', 2)":"03\/12\/2008","('0040-S-2008', 3)":null},"('Tramites', 'RESULTADO')":{"('0040-S-2008', 0)":"MEDIA SANCION","('0040-S-2008', 1)":null,"('0040-S-2008', 2)":"SANCIONADO","('0040-S-2008', 3)":null},"Link":{"('0040-S-2008', 0)":"https:\/\/www4.hcdn.gob.ar\/dependencias\/dsecretaria\/Periodo2008\/PDF2008\/TP2008\/0040-S-08.pdf","('0040-S-2008', 1)":null,"('0040-S-2008', 2)":null,"('0040-S-2008', 3)":null},"Palabra Clave":{"('0040-S-2008', 0)":" ","('0040-S-2008', 1)":null,"('0040-S-2008', 2)":null,"('0040-S-2008', 3)":null}}