{"Tipo de Proyecto":{"('0041-PE-2008', 0)":"MENSAJE NRO: 2032\/08","('0041-PE-2008', 1)":null,"('0041-PE-2008', 2)":null,"('0041-PE-2008', 3)":null},"Iniciado en: ":{"('0041-PE-2008', 0)":"Diputados","('0041-PE-2008', 1)":null,"('0041-PE-2008', 2)":null,"('0041-PE-2008', 3)":null},"Expediente Diputados: ":{"('0041-PE-2008', 0)":"0041-PE-2008","('0041-PE-2008', 1)":null,"('0041-PE-2008', 2)":null,"('0041-PE-2008', 3)":null},"Publicado en: ":{"('0041-PE-2008', 0)":"Tr\u00e1mite Parlamentario N\u00b0 171","('0041-PE-2008', 1)":null,"('0041-PE-2008', 2)":null,"('0041-PE-2008', 3)":null},"Fecha: ":{"('0041-PE-2008', 0)":"27\/11\/2008","('0041-PE-2008', 1)":null,"('0041-PE-2008', 2)":null,"('0041-PE-2008', 3)":null},"T\u00edtulo":{"('0041-PE-2008', 0)":"COMUNICACION DEL DECRETO 2017\/08, POR EL CUAL SE RATIFICA EL ACTA ACUERDO SUSCRIPTO POR LA UNIDAD DE RENEGOCIACION Y ANALISIS DE CONTRATOS DE SERVICIOS PUBLICOS Y LA EMPRESA CONCESIONARIA FERROSUR ROCA SOCIEDAD ANONIMA CON FECHA 19 DE MAYO DE 2008. ","('0041-PE-2008', 1)":null,"('0041-PE-2008', 2)":null,"('0041-PE-2008', 3)":null},"('Firmantes', 'FIRMANTE')":{"('0041-PE-2008', 0)":"FERNANDEZ DE KIRCHNER, CRISTINA","('0041-PE-2008', 1)":"MASSA, SERGIO TOMAS","('0041-PE-2008', 2)":"DE VIDO, JULIO","('0041-PE-2008', 3)":"FERNANDEZ, CARLOS"},"('Firmantes', 'DISTRITO')":{"('0041-PE-2008', 0)":null,"('0041-PE-2008', 1)":null,"('0041-PE-2008', 2)":null,"('0041-PE-2008', 3)":null},"('Firmantes', 'BLOQUE')":{"('0041-PE-2008', 0)":"PODER EJECUTIVO","('0041-PE-2008', 1)":"PODER EJECUTIVO","('0041-PE-2008', 2)":"PODER EJECUTIVO","('0041-PE-2008', 3)":"PODER EJECUTIVO"},"('Giros', 'COMISI\u00d3N')":{"('0041-PE-2008', 0)":"BICAMERAL DE SEGUIMIENTO DE FACULTADES DELEGADAS AL PODER EJECUTIVO NACIONAL - LEY 25561","('0041-PE-2008', 1)":null,"('0041-PE-2008', 2)":null,"('0041-PE-2008', 3)":null},"Link":{"('0041-PE-2008', 0)":"https:\/\/www4.hcdn.gob.ar\/dependencias\/dsecretaria\/Periodo2008\/PDF2008\/TP2008\/0041-PE-08.pdf","('0041-PE-2008', 1)":null,"('0041-PE-2008', 2)":null,"('0041-PE-2008', 3)":null},"Palabra Clave":{"('0041-PE-2008', 0)":" ","('0041-PE-2008', 1)":null,"('0041-PE-2008', 2)":null,"('0041-PE-2008', 3)":null}}