{"Tipo de Proyecto":{"('0041-D-2008', 0)":"PROYECTO DE DECLARACI\u00d3N"},"Iniciado en: ":{"('0041-D-2008', 0)":"Diputados"},"Expediente Diputados: ":{"('0041-D-2008', 0)":"0041-D-2008"},"Publicado en: ":{"('0041-D-2008', 0)":"Tr\u00e1mite Parlamentario N\u00b0 1"},"Fecha: ":{"('0041-D-2008', 0)":"03\/03\/2008"},"T\u00edtulo":{"('0041-D-2008', 0)":"EXPRESAR BENEPLACITO POR EL DESCUBRIMIENTO DE LA BACTERIA BIZIONIA ARGENTINENSIS, POR CIENTIFICOS ARGENTINOS, Y SU POSTERIOR DECODIFICACION DEL GENOMA."},"('Firmantes', 'FIRMANTE')":{"('0041-D-2008', 0)":"LEVERBERG, STELLA MARIS"},"('Firmantes', 'DISTRITO')":{"('0041-D-2008', 0)":"MISIONES"},"('Firmantes', 'BLOQUE')":{"('0041-D-2008', 0)":"FRENTE PARA LA VICTORIA - PJ"},"('Giros', 'COMISI\u00d3N')":{"('0041-D-2008', 0)":"CIENCIA Y TECNOLOGIA"},"('Tramites', 'C\u00c1MARA')":{"('0041-D-2008', 0)":"Diputados"},"('Tramites', 'MOVIMIENTO')":{"('0041-D-2008', 0)":"CONSIDERACION Y APROBACION"},"('Tramites', 'FECHA')":{"('0041-D-2008', 0)":"11\/06\/2008"},"('Tramites', 'RESULTADO')":{"('0041-D-2008', 0)":"APROBADO"},"Link":{"('0041-D-2008', 0)":"https:\/\/www.hcdn.gob.ar\/proyectos\/textoCompleto.jsp?exp=0041-D-2008&tipo=DECLARACION"},"Palabra Clave":{"('0041-D-2008', 0)":" "}}