{"Tipo de Proyecto":{"('0043-S-2008', 0)":"PROYECTO DE DECLARACI\u00d3N","('0043-S-2008', 1)":null},"Iniciado en: ":{"('0043-S-2008', 0)":"Senado","('0043-S-2008', 1)":null},"Expediente Senado: ":{"('0043-S-2008', 0)":"0043-S-2008","('0043-S-2008', 1)":null},"Publicado en: ":{"('0043-S-2008', 0)":"Diario de Asuntos Entrados N\u00b0 2","('0043-S-2008', 1)":null},"Fecha: ":{"('0043-S-2008', 0)":"03\/03\/2008","('0043-S-2008', 1)":null},"T\u00edtulo":{"('0043-S-2008', 0)":"ADHERIR AL 55 ANIVERSARIO DE RADIO NACIONAL DE ROSARIO, EL 1\u00ba DE MARZO.","('0043-S-2008', 1)":null},"('Firmantes', 'FIRMANTE')":{"('0043-S-2008', 0)":"JENEFES, GUILLERMO RAUL","('0043-S-2008', 1)":"LATORRE, ROXANA"},"('Firmantes', 'DISTRITO')":{"('0043-S-2008', 0)":"JUJUY","('0043-S-2008', 1)":"SANTA FE"},"('Firmantes', 'BLOQUE')":{"('0043-S-2008', 0)":"FRENTE PARA LA VICTORIA - PJ","('0043-S-2008', 1)":"FRENTE PARA LA VICTORIA - PJ"},"('Tramites', 'C\u00c1MARA')":{"('0043-S-2008', 0)":"Senado","('0043-S-2008', 1)":null},"('Tramites', 'MOVIMIENTO')":{"('0043-S-2008', 0)":"CONSIDERACION Y APROBACION","('0043-S-2008', 1)":null},"('Tramites', 'FECHA')":{"('0043-S-2008', 0)":"14\/05\/2008","('0043-S-2008', 1)":null},"('Tramites', 'RESULTADO')":{"('0043-S-2008', 0)":"APROBADO","('0043-S-2008', 1)":null},"Link":{"('0043-S-2008', 0)":"http:\/\/www.senado.gov.ar\/parlamentario\/comisiones\/verExp\/43.08\/S\/PD","('0043-S-2008', 1)":null},"Palabra Clave":{"('0043-S-2008', 0)":" ","('0043-S-2008', 1)":null}}