{"Tipo de Proyecto":{"('0043-OV-2008', 0)":"PROYECTO DE RESOLUCI\u00d3N"},"Iniciado en: ":{"('0043-OV-2008', 0)":"Senado"},"Expediente Senado: ":{"('0043-OV-2008', 0)":"0043-OV-2008"},"Fecha: ":{"('0043-OV-2008', 0)":"03\/10\/2014"},"T\u00edtulo":{"('0043-OV-2008', 0)":"RESOLUCIONES REMITIDAS POR LA AUDITORIA GENERAL DE LA NACION 46\/08, APROBANDO EL INFORME ESPECIAL SOBRE LA EXISTENCIA Y FUNCIONAMIENTO DE LOS PROCEDIMIENTOS DE CONTROL INTERNO QUE APLICA EL BANCO DE INVERSION Y COMERCIO EXTERIOR SOCIEDAD ANONIMA (BICE S.A.) PARA CUMPLIR CON LAS NORMAS DE LA UNIDAD DE INFORMACION FINANCIERA (UIF) Y DEL BANCO CENTRAL DE LA REPUBLICA ARGENTINA (BCRA) EN MATERIA DE PREVENCION DEL LAVADO DE ACTIVOS PROVENIENTES DE ACTIVIDADES ILICITAS Y PREVENCION DE FINANCIAMIENTO DEL TERRORISMO - ESTADOS CONTABLES AL 31 DE DICIEMBRE DE 2007 (0043-OV-08); 66\/09 APROBANDO EL INFORME ESPECIAL SOBRE LA EXISTENCIA Y FUNCIONAMIENTO DE LOS PROCEDIMIENTOS DE CONTROL INTERNO QUE APLICA BICE S.A. PARA CUMPLIR CON LAS NORMAS DE LA UIF Y DEL BCRA EN MATERIA DE PREVENCION DEL LAVADO DE ACTIVOS DE ORIGEN DELICTIVO - ESTADOS CONTABLES AL 31 DE DICIEMBRE DE 2008 (0099-OV-09); 87\/10, APROBANDO EL INFORME ESPECIAL SOBRE LA EXISTENCIA Y FUNCIONAMIENTO DE LOS PROCEDIMIENTOS DE CONTROL INTERNO QUE APLICA EL BICE S.A. PARA CUMPLIR CON LAS NORMAS DE LA UIF Y DEL BCRA REFERIDO AL BICE S.A., ESTADOS CONTABLES AL 31 DE DICIEMBRE DE 2009 (0110-OV-10); Y 53\/11, APROBANDO EL INFORME ESPECIAL SOBRE LA EXISTENCIA Y FUNCIONAMIENTO DE LOS PROCEDIMIENTOS DE CONTROL INTERNO QUE APLICA BICE S.A. PARA CUMPLIR CON LAS NORMAS DE LA UIF Y DEL BCRA EN MATERIA DE LAVADO DE ACTIVOS DE ORIGEN DELICTIVO, REFERIDO AL BICE S.A., ESTADOS CONTABLES AL 31 DE DICIEMBRE DE 2010 (0096-OV-11)."},"('Firmantes', 'FIRMANTE')":{"('0043-OV-2008', 0)":"PARLAMENTARIA MIXTA REVISORA DE CUENTAS"},"('Firmantes', 'DISTRITO')":{"('0043-OV-2008', 0)":null},"('Firmantes', 'BLOQUE')":{"('0043-OV-2008', 0)":null},"('Tramites', 'C\u00c1MARA')":{"('0043-OV-2008', 0)":"Senado"},"('Tramites', 'MOVIMIENTO')":{"('0043-OV-2008', 0)":"CONSIDERACION Y APROBACION (AL ARCHIVO)"},"('Tramites', 'FECHA')":{"('0043-OV-2008', 0)":"10\/12\/2014"},"('Tramites', 'RESULTADO')":{"('0043-OV-2008', 0)":"APROBADO"},"Sumario":{"('0043-OV-2008', 0)":"HABIENDO TOMADO CONOCIMIENTO Y SIN PERJUICIO DE ULTERIORES MEDIDAS QUE PUEDAN ADOPTARSE, SE ACONSEJA SU REMISION AL ARCHIVO."},"Palabra Clave":{"('0043-OV-2008', 0)":" "}}