{"Tipo de Proyecto":{"('0044-PE-2008', 0)":"MENSAJE NRO: 0086\/89 Y PROYECTO DE LEY","('0044-PE-2008', 1)":null,"('0044-PE-2008', 2)":null,"('0044-PE-2008', 3)":null,"('0044-PE-2008', 4)":null,"('0044-PE-2008', 5)":null,"('0044-PE-2008', 6)":null,"('0044-PE-2008', 7)":null,"('0044-PE-2008', 8)":null,"('0044-PE-2008', 9)":null,"('0044-PE-2008', 10)":null,"('0044-PE-2008', 11)":null,"('0044-PE-2008', 12)":null,"('0044-PE-2008', 13)":null,"('0044-PE-2008', 14)":null},"Iniciado en: ":{"('0044-PE-2008', 0)":"Diputados","('0044-PE-2008', 1)":null,"('0044-PE-2008', 2)":null,"('0044-PE-2008', 3)":null,"('0044-PE-2008', 4)":null,"('0044-PE-2008', 5)":null,"('0044-PE-2008', 6)":null,"('0044-PE-2008', 7)":null,"('0044-PE-2008', 8)":null,"('0044-PE-2008', 9)":null,"('0044-PE-2008', 10)":null,"('0044-PE-2008', 11)":null,"('0044-PE-2008', 12)":null,"('0044-PE-2008', 13)":null,"('0044-PE-2008', 14)":null},"Expediente Diputados: ":{"('0044-PE-2008', 0)":"0044-PE-2008","('0044-PE-2008', 1)":null,"('0044-PE-2008', 2)":null,"('0044-PE-2008', 3)":null,"('0044-PE-2008', 4)":null,"('0044-PE-2008', 5)":null,"('0044-PE-2008', 6)":null,"('0044-PE-2008', 7)":null,"('0044-PE-2008', 8)":null,"('0044-PE-2008', 9)":null,"('0044-PE-2008', 10)":null,"('0044-PE-2008', 11)":null,"('0044-PE-2008', 12)":null,"('0044-PE-2008', 13)":null,"('0044-PE-2008', 14)":null},"Expediente Senado: ":{"('0044-PE-2008', 0)":"0002-CD-2009","('0044-PE-2008', 1)":null,"('0044-PE-2008', 2)":null,"('0044-PE-2008', 3)":null,"('0044-PE-2008', 4)":null,"('0044-PE-2008', 5)":null,"('0044-PE-2008', 6)":null,"('0044-PE-2008', 7)":null,"('0044-PE-2008', 8)":null,"('0044-PE-2008', 9)":null,"('0044-PE-2008', 10)":null,"('0044-PE-2008', 11)":null,"('0044-PE-2008', 12)":null,"('0044-PE-2008', 13)":null,"('0044-PE-2008', 14)":null},"Publicado en: ":{"('0044-PE-2008', 0)":"Tr\u00e1mite Parlamentario N\u00b0 186","('0044-PE-2008', 1)":null,"('0044-PE-2008', 2)":null,"('0044-PE-2008', 3)":null,"('0044-PE-2008', 4)":null,"('0044-PE-2008', 5)":null,"('0044-PE-2008', 6)":null,"('0044-PE-2008', 7)":null,"('0044-PE-2008', 8)":null,"('0044-PE-2008', 9)":null,"('0044-PE-2008', 10)":null,"('0044-PE-2008', 11)":null,"('0044-PE-2008', 12)":null,"('0044-PE-2008', 13)":null,"('0044-PE-2008', 14)":null},"Fecha: ":{"('0044-PE-2008', 0)":"05\/02\/2009","('0044-PE-2008', 1)":null,"('0044-PE-2008', 2)":null,"('0044-PE-2008', 3)":null,"('0044-PE-2008', 4)":null,"('0044-PE-2008', 5)":null,"('0044-PE-2008', 6)":null,"('0044-PE-2008', 7)":null,"('0044-PE-2008', 8)":null,"('0044-PE-2008', 9)":null,"('0044-PE-2008', 10)":null,"('0044-PE-2008', 11)":null,"('0044-PE-2008', 12)":null,"('0044-PE-2008', 13)":null,"('0044-PE-2008', 14)":null},"T\u00edtulo":{"('0044-PE-2008', 0)":"APLICACION DEL SISTEMA DE PAGO PREVISTO EN LA LEY 26167, MODIFICATORIA DE LA 25798 DE CREACION DEL SISTEMA DE REFINANCIACION HIPOTECARIA, A DEUDORES DE ACREEDORES PRIVADOS QUE CUENTEN CON SENTENCIA FIRME Y PASADA EN AUTORIDAD DE COSA JUZGADA, MEDIANTE LA CUAL SE DECLARE LA INCONSTITUCIONALIDAD, INOPONIBILIDAD Y\/O INAPLICABILIDAD DEL MENCIONADO SISTEMA.","('0044-PE-2008', 1)":null,"('0044-PE-2008', 2)":null,"('0044-PE-2008', 3)":null,"('0044-PE-2008', 4)":null,"('0044-PE-2008', 5)":null,"('0044-PE-2008', 6)":null,"('0044-PE-2008', 7)":null,"('0044-PE-2008', 8)":null,"('0044-PE-2008', 9)":null,"('0044-PE-2008', 10)":null,"('0044-PE-2008', 11)":null,"('0044-PE-2008', 12)":null,"('0044-PE-2008', 13)":null,"('0044-PE-2008', 14)":null},"('Firmantes', 'FIRMANTE')":{"('0044-PE-2008', 0)":"FERNANDEZ DE KIRCHNER, CRISTINA","('0044-PE-2008', 1)":"MASSA, SERGIO TOMAS","('0044-PE-2008', 2)":"FERNANDEZ, CARLOS","('0044-PE-2008', 3)":null,"('0044-PE-2008', 4)":null,"('0044-PE-2008', 5)":null,"('0044-PE-2008', 6)":null,"('0044-PE-2008', 7)":null,"('0044-PE-2008', 8)":null,"('0044-PE-2008', 9)":null,"('0044-PE-2008', 10)":null,"('0044-PE-2008', 11)":null,"('0044-PE-2008', 12)":null,"('0044-PE-2008', 13)":null,"('0044-PE-2008', 14)":null},"('Firmantes', 'DISTRITO')":{"('0044-PE-2008', 0)":null,"('0044-PE-2008', 1)":null,"('0044-PE-2008', 2)":null,"('0044-PE-2008', 3)":null,"('0044-PE-2008', 4)":null,"('0044-PE-2008', 5)":null,"('0044-PE-2008', 6)":null,"('0044-PE-2008', 7)":null,"('0044-PE-2008', 8)":null,"('0044-PE-2008', 9)":null,"('0044-PE-2008', 10)":null,"('0044-PE-2008', 11)":null,"('0044-PE-2008', 12)":null,"('0044-PE-2008', 13)":null,"('0044-PE-2008', 14)":null},"('Firmantes', 'BLOQUE')":{"('0044-PE-2008', 0)":"PODER EJECUTIVO","('0044-PE-2008', 1)":"PODER EJECUTIVO","('0044-PE-2008', 2)":"PODER EJECUTIVO","('0044-PE-2008', 3)":null,"('0044-PE-2008', 4)":null,"('0044-PE-2008', 5)":null,"('0044-PE-2008', 6)":null,"('0044-PE-2008', 7)":null,"('0044-PE-2008', 8)":null,"('0044-PE-2008', 9)":null,"('0044-PE-2008', 10)":null,"('0044-PE-2008', 11)":null,"('0044-PE-2008', 12)":null,"('0044-PE-2008', 13)":null,"('0044-PE-2008', 14)":null},"('Giros', 'COMISI\u00d3N')":{"('0044-PE-2008', 0)":"JUSTICIA","('0044-PE-2008', 1)":"PRESUPUESTO Y HACIENDA","('0044-PE-2008', 2)":null,"('0044-PE-2008', 3)":null,"('0044-PE-2008', 4)":null,"('0044-PE-2008', 5)":null,"('0044-PE-2008', 6)":null,"('0044-PE-2008', 7)":null,"('0044-PE-2008', 8)":null,"('0044-PE-2008', 9)":null,"('0044-PE-2008', 10)":null,"('0044-PE-2008', 11)":null,"('0044-PE-2008', 12)":null,"('0044-PE-2008', 13)":null,"('0044-PE-2008', 14)":null},"('Tramites', 'C\u00c1MARA')":{"('0044-PE-2008', 0)":"Diputados","('0044-PE-2008', 1)":"Diputados","('0044-PE-2008', 2)":"Diputados","('0044-PE-2008', 3)":"Diputados","('0044-PE-2008', 4)":"Diputados","('0044-PE-2008', 5)":"Diputados","('0044-PE-2008', 6)":"Diputados","('0044-PE-2008', 7)":"Diputados","('0044-PE-2008', 8)":"Diputados","('0044-PE-2008', 9)":"Diputados","('0044-PE-2008', 10)":"Diputados","('0044-PE-2008', 11)":"Senado","('0044-PE-2008', 12)":"Senado","('0044-PE-2008', 13)":"Senado","('0044-PE-2008', 14)":"Senado"},"('Tramites', 'MOVIMIENTO')":{"('0044-PE-2008', 0)":"MOCION SOBRE TABLAS (AFIRMATIVA)","('0044-PE-2008', 1)":"MOCION DE ORDEN DE ANTICIPAR CONSIDERACION DEL DICTAMEN DE LA COMISION DE JUSTICIA (AFIRMATIVA)","('0044-PE-2008', 2)":"CONSIDERACION","('0044-PE-2008', 3)":"MOCION CONSTITUCION CAMARA EN COMISION (AFIRMATIVA)","('0044-PE-2008', 4)":"CONSTITUCION DE LA CAMARA EN COMISION","('0044-PE-2008', 5)":"CONFERENCIA","('0044-PE-2008', 6)":"MOCION DE CERRAR EL DEBATE Y ADOPTAR EL TEXTO PRODUCIDO POR LA CAMARA CONSTITUIDA EN COMISION (AFIRMATIVA)","('0044-PE-2008', 7)":"CONTINUA CONSIDERACION Y APROBACION CON MODIFICACIONES","('0044-PE-2008', 8)":"INSERCION DE LA DIPUTADA RODRIGUEZ","('0044-PE-2008', 9)":"INSERCION DEL DIPUTADO SOLANAS","('0044-PE-2008', 10)":"INSERCION DE LA DIPUTADA AUGSBURGER","('0044-PE-2008', 11)":"PASA A SENADO -","('0044-PE-2008', 12)":"MOCION SOBRE TABLAS (AFIRMATIVA)","('0044-PE-2008', 13)":"CONSIDERACION Y SANCION","('0044-PE-2008', 14)":"INSERCION DE LA SENADORA LATORRE"},"('Tramites', 'FECHA')":{"('0044-PE-2008', 0)":"11\/03\/2009","('0044-PE-2008', 1)":"11\/03\/2009","('0044-PE-2008', 2)":"11\/03\/2009","('0044-PE-2008', 3)":"11\/03\/2009","('0044-PE-2008', 4)":"11\/03\/2009","('0044-PE-2008', 5)":"11\/03\/2009","('0044-PE-2008', 6)":"11\/03\/2009","('0044-PE-2008', 7)":"11\/03\/2009","('0044-PE-2008', 8)":"11\/03\/2009","('0044-PE-2008', 9)":"11\/03\/2009","('0044-PE-2008', 10)":"11\/03\/2009","('0044-PE-2008', 11)":null,"('0044-PE-2008', 12)":"15\/04\/2009","('0044-PE-2008', 13)":"15\/04\/2009","('0044-PE-2008', 14)":"15\/04\/2009"},"('Tramites', 'RESULTADO')":{"('0044-PE-2008', 0)":null,"('0044-PE-2008', 1)":null,"('0044-PE-2008', 2)":null,"('0044-PE-2008', 3)":null,"('0044-PE-2008', 4)":null,"('0044-PE-2008', 5)":null,"('0044-PE-2008', 6)":null,"('0044-PE-2008', 7)":"MEDIA SANCION","('0044-PE-2008', 8)":null,"('0044-PE-2008', 9)":null,"('0044-PE-2008', 10)":null,"('0044-PE-2008', 11)":null,"('0044-PE-2008', 12)":null,"('0044-PE-2008', 13)":"SANCIONADO","('0044-PE-2008', 14)":null},"Link":{"('0044-PE-2008', 0)":"https:\/\/www4.hcdn.gob.ar\/dependencias\/dsecretaria\/Periodo2008\/PDF2008\/TP2008\/0044-PE-08.pdf","('0044-PE-2008', 1)":null,"('0044-PE-2008', 2)":null,"('0044-PE-2008', 3)":null,"('0044-PE-2008', 4)":null,"('0044-PE-2008', 5)":null,"('0044-PE-2008', 6)":null,"('0044-PE-2008', 7)":null,"('0044-PE-2008', 8)":null,"('0044-PE-2008', 9)":null,"('0044-PE-2008', 10)":null,"('0044-PE-2008', 11)":null,"('0044-PE-2008', 12)":null,"('0044-PE-2008', 13)":null,"('0044-PE-2008', 14)":null},"Palabra Clave":{"('0044-PE-2008', 0)":" ","('0044-PE-2008', 1)":null,"('0044-PE-2008', 2)":null,"('0044-PE-2008', 3)":null,"('0044-PE-2008', 4)":null,"('0044-PE-2008', 5)":null,"('0044-PE-2008', 6)":null,"('0044-PE-2008', 7)":null,"('0044-PE-2008', 8)":null,"('0044-PE-2008', 9)":null,"('0044-PE-2008', 10)":null,"('0044-PE-2008', 11)":null,"('0044-PE-2008', 12)":null,"('0044-PE-2008', 13)":null,"('0044-PE-2008', 14)":null}}