{"Tipo de Proyecto":{"('0046-PE-2008', 0)":"MENSAJE NRO: 0088\/89 Y PROYECTO DE LEY","('0046-PE-2008', 1)":null,"('0046-PE-2008', 2)":null,"('0046-PE-2008', 3)":null},"Iniciado en: ":{"('0046-PE-2008', 0)":"Diputados","('0046-PE-2008', 1)":null,"('0046-PE-2008', 2)":null,"('0046-PE-2008', 3)":null},"Expediente Diputados: ":{"('0046-PE-2008', 0)":"0046-PE-2008","('0046-PE-2008', 1)":null,"('0046-PE-2008', 2)":null,"('0046-PE-2008', 3)":null},"Publicado en: ":{"('0046-PE-2008', 0)":"Tr\u00e1mite Parlamentario N\u00b0 186","('0046-PE-2008', 1)":null,"('0046-PE-2008', 2)":null,"('0046-PE-2008', 3)":null},"Fecha: ":{"('0046-PE-2008', 0)":"05\/02\/2009","('0046-PE-2008', 1)":null,"('0046-PE-2008', 2)":null,"('0046-PE-2008', 3)":null},"T\u00edtulo":{"('0046-PE-2008', 0)":"EXTENSION DE LOS BENEFICIOS PREVISTOS EN LAS LEYES 16443 Y 20774, DE PROMOCION AL GRADO INMEDIATO SUPERIOR AL PERSONAL DE LAS FUERZAS DE SEGURIDAD INCAPACITADO O MUERTO EN ACTO DE SERVICIO, A LOS EFECTIVOS DE GENDARMERIA NACIONAL Y DE PREFECTURA NAVAL ARGENTINA.","('0046-PE-2008', 1)":null,"('0046-PE-2008', 2)":null,"('0046-PE-2008', 3)":null},"('Firmantes', 'FIRMANTE')":{"('0046-PE-2008', 0)":"FERNANDEZ DE KIRCHNER, CRISTINA","('0046-PE-2008', 1)":"MASSA, SERGIO TOMAS","('0046-PE-2008', 2)":"FERNANDEZ, ANIBAL","('0046-PE-2008', 3)":"TOMADA, CARLOS"},"('Firmantes', 'DISTRITO')":{"('0046-PE-2008', 0)":null,"('0046-PE-2008', 1)":null,"('0046-PE-2008', 2)":null,"('0046-PE-2008', 3)":null},"('Firmantes', 'BLOQUE')":{"('0046-PE-2008', 0)":"PODER EJECUTIVO","('0046-PE-2008', 1)":"PODER EJECUTIVO","('0046-PE-2008', 2)":"PODER EJECUTIVO","('0046-PE-2008', 3)":"PODER EJECUTIVO"},"('Giros', 'COMISI\u00d3N')":{"('0046-PE-2008', 0)":"SEGURIDAD INTERIOR","('0046-PE-2008', 1)":"PRESUPUESTO Y HACIENDA","('0046-PE-2008', 2)":null,"('0046-PE-2008', 3)":null},"('Tramites', 'C\u00c1MARA')":{"('0046-PE-2008', 0)":"Diputados","('0046-PE-2008', 1)":"Senado","('0046-PE-2008', 2)":null,"('0046-PE-2008', 3)":null},"('Tramites', 'MOVIMIENTO')":{"('0046-PE-2008', 0)":"CONSIDERACION Y APROBACION CONJUNTAMENTE PARA LOS EXPEDIENTES 0045-S-2007, 0146-S-2007, 0046-PE-2008 y 0037-D-2009","('0046-PE-2008', 1)":"VUELVE A SENADO - CONJUNTAMENTE PARA LOS EXPEDIENTES 0045-S-2007, 0146-S-2007, 0046-PE-2008 y 0037-D-2009","('0046-PE-2008', 2)":null,"('0046-PE-2008', 3)":null},"('Tramites', 'FECHA')":{"('0046-PE-2008', 0)":"28\/10\/2009","('0046-PE-2008', 1)":null,"('0046-PE-2008', 2)":null,"('0046-PE-2008', 3)":null},"('Tramites', 'RESULTADO')":{"('0046-PE-2008', 0)":"MEDIA SANCION","('0046-PE-2008', 1)":null,"('0046-PE-2008', 2)":null,"('0046-PE-2008', 3)":null},"Sumario":{"('0046-PE-2008', 0)":"ACTUALIZACION DE LOS HABERES DEL PERSONAL DE LA POLICIA FEDERAL ARGENTINA, GENDARMERIA NACIONAL Y DE PREFECTURA NAVAL ARGENTINA BENEFICIARIO DE LAS LEYES 16443 Y 20744, INCAPACITADO TOTAL O PARCIALMENTE.","('0046-PE-2008', 1)":null,"('0046-PE-2008', 2)":null,"('0046-PE-2008', 3)":null},"Palabra Clave":{"('0046-PE-2008', 0)":" ","('0046-PE-2008', 1)":null,"('0046-PE-2008', 2)":null,"('0046-PE-2008', 3)":null}}