{"Tipo de Proyecto":{"('0047-OV-2008', 0)":"PROYECTO DE RESOLUCI\u00d3N"},"Iniciado en: ":{"('0047-OV-2008', 0)":"Senado"},"Expediente Senado: ":{"('0047-OV-2008', 0)":"0047-OV-2008"},"Fecha: ":{"('0047-OV-2008', 0)":"08\/07\/2010"},"T\u00edtulo":{"('0047-OV-2008', 0)":"PEDIDO DE INFORMES AL PODER EJECUTIVO SOBRE RESOLUCION REMITIDA POR LA AUDITORIA GENERAL DE LA NACION INFORMES DE AUDITORIA RESPECTO DE EXAMINAR LA GESTION DEL ORGANO DE CONTROL DE LAS CONCESIONES VIALES (OCCOVI) EN EL CONTROL DE CALIDAD DE LAS PRESTACIONES DE LAS CONCESIONES VIALES ADJUDICADAS POR DECRETO 1007\/2003 Y EL SEGUIMIENTO DEL CUMPLIMIENTO DE OBLIGACIONES DSE LOS CONCESIONARIOS DE LA RED DE ACCESOS A LA CIUDAD DE BUENOS AIRES EN LOS ASPECTOS DE PESOS Y DIMENSIONES DE LOS VEHICULOS DE CARGA (0047-OV-08 Y 0308-OV-08)."},"('Firmantes', 'FIRMANTE')":{"('0047-OV-2008', 0)":"PARLAMENTARIA MIXTA REVISORA DE CUENTAS"},"('Firmantes', 'DISTRITO')":{"('0047-OV-2008', 0)":null},"('Firmantes', 'BLOQUE')":{"('0047-OV-2008', 0)":null},"Link":{"('0047-OV-2008', 0)":"http:\/\/www.senado.gov.ar\/parlamentario\/comisiones\/verExp\/47.08\/OV\/PR"},"Palabra Clave":{"('0047-OV-2008', 0)":" "}}