{"Tipo de Proyecto":{"('0047-D-2008', 0)":"PROYECTO DE LEY","('0047-D-2008', 1)":null,"('0047-D-2008', 2)":null},"Iniciado en: ":{"('0047-D-2008', 0)":"Diputados","('0047-D-2008', 1)":null,"('0047-D-2008', 2)":null},"Expediente Diputados: ":{"('0047-D-2008', 0)":"0047-D-2008","('0047-D-2008', 1)":null,"('0047-D-2008', 2)":null},"Publicado en: ":{"('0047-D-2008', 0)":"Tr\u00e1mite Parlamentario N\u00b0 1","('0047-D-2008', 1)":null,"('0047-D-2008', 2)":null},"Fecha: ":{"('0047-D-2008', 0)":"03\/03\/2008","('0047-D-2008', 1)":null,"('0047-D-2008', 2)":null},"T\u00edtulo":{"('0047-D-2008', 0)":"CREACION DEL PROGRAMA DE FORTALECIMIENTO DE LOS CONSEJOS FEDERALES DE LA REPUBLICA ARGENTINA, EN EL AMBITO DEL CONGRESO NACIONAL (REPRODUCCION DEL EXPEDIENTE 6731-D-06).","('0047-D-2008', 1)":null,"('0047-D-2008', 2)":null},"('Firmantes', 'FIRMANTE')":{"('0047-D-2008', 0)":"TORRONTEGUI, MARIA ANGELICA","('0047-D-2008', 1)":null,"('0047-D-2008', 2)":null},"('Firmantes', 'DISTRITO')":{"('0047-D-2008', 0)":"SAN LUIS","('0047-D-2008', 1)":null,"('0047-D-2008', 2)":null},"('Firmantes', 'BLOQUE')":{"('0047-D-2008', 0)":"FRENTE JUSTICIA UNION Y LIBERTAD - FREJULI","('0047-D-2008', 1)":null,"('0047-D-2008', 2)":null},"('Giros', 'COMISI\u00d3N')":{"('0047-D-2008', 0)":"ASUNTOS CONSTITUCIONALES","('0047-D-2008', 1)":"PETICIONES, PODERES Y REGLAMENTO","('0047-D-2008', 2)":"PRESUPUESTO Y HACIENDA"},"Sumario":{"('0047-D-2008', 0)":"OBJETIVOS; SE CREA LA COMISION BICAMERAL DE FORTALECIMIENTO DE LOS CONSEJOS FEDERALES;  DURACION; PRESUPUESTO.","('0047-D-2008', 1)":null,"('0047-D-2008', 2)":null},"Palabra Clave":{"('0047-D-2008', 0)":" ","('0047-D-2008', 1)":null,"('0047-D-2008', 2)":null}}