{"Tipo de Proyecto":{"('0048-D-2008', 0)":"PROYECTO DE LEY","('0048-D-2008', 1)":null},"Iniciado en: ":{"('0048-D-2008', 0)":"Diputados","('0048-D-2008', 1)":null},"Expediente Diputados: ":{"('0048-D-2008', 0)":"0048-D-2008","('0048-D-2008', 1)":null},"Publicado en: ":{"('0048-D-2008', 0)":"Tr\u00e1mite Parlamentario N\u00b0 1","('0048-D-2008', 1)":null},"Fecha: ":{"('0048-D-2008', 0)":"03\/03\/2008","('0048-D-2008', 1)":null},"T\u00edtulo":{"('0048-D-2008', 0)":"CONTROL DE LAS COMUNICACIONES TELEFONICAS EN INSTITUCIONES PENITENCIARIAS.","('0048-D-2008', 1)":null},"('Firmantes', 'FIRMANTE')":{"('0048-D-2008', 0)":"TORRONTEGUI, MARIA ANGELICA","('0048-D-2008', 1)":null},"('Firmantes', 'DISTRITO')":{"('0048-D-2008', 0)":"SAN LUIS","('0048-D-2008', 1)":null},"('Firmantes', 'BLOQUE')":{"('0048-D-2008', 0)":"FRENTE JUSTICIA UNION Y LIBERTAD - FREJULI","('0048-D-2008', 1)":null},"('Giros', 'COMISI\u00d3N')":{"('0048-D-2008', 0)":"LEGISLACION PENAL","('0048-D-2008', 1)":"COMUNICACIONES E INFORMATICA"},"Link":{"('0048-D-2008', 0)":"https:\/\/www.hcdn.gob.ar\/proyectos\/textoCompleto.jsp?exp=0048-D-2008&tipo=LEY","('0048-D-2008', 1)":null},"Palabra Clave":{"('0048-D-2008', 0)":" ","('0048-D-2008', 1)":null}}