{"Tipo de Proyecto":{"('0049-S-2008', 0)":"PROYECTO DE LEY","('0049-S-2008', 1)":null},"Iniciado en: ":{"('0049-S-2008', 0)":"Senado","('0049-S-2008', 1)":null},"Expediente Senado: ":{"('0049-S-2008', 0)":"0049-S-2008","('0049-S-2008', 1)":null},"Publicado en: ":{"('0049-S-2008', 0)":"Diario de Asuntos Entrados N\u00b0 2","('0049-S-2008', 1)":null},"Fecha: ":{"('0049-S-2008', 0)":"03\/03\/2008","('0049-S-2008', 1)":null},"T\u00edtulo":{"('0049-S-2008', 0)":"REGISTRO NACIONAL DE RESGUARDO DE ACCIONES DE MARKETING DIRECTO.","('0049-S-2008', 1)":null},"('Firmantes', 'FIRMANTE')":{"('0049-S-2008', 0)":"CORREGIDO, ELENA MERCEDES","('0049-S-2008', 1)":null},"('Firmantes', 'DISTRITO')":{"('0049-S-2008', 0)":"CHACO","('0049-S-2008', 1)":null},"('Firmantes', 'BLOQUE')":{"('0049-S-2008', 0)":"FRENTE PARA LA VICTORIA - PJ","('0049-S-2008', 1)":null},"('Tramites', 'C\u00c1MARA')":{"('0049-S-2008', 0)":"Senado","('0049-S-2008', 1)":"Diputados"},"('Tramites', 'MOVIMIENTO')":{"('0049-S-2008', 0)":"CONSIDERACION Y APROBACION CONJUNTAMENTE PARA LOS EXPEDIENTES 0154-S-2008, 0166-S-2007 y 0049-S-2008","('0049-S-2008', 1)":"PASA A DIPUTADOS - CONJUNTAMENTE PARA LOS EXPEDIENTES 0154-S-2008, 0166-S-2007 y 0049-S-2008"},"('Tramites', 'FECHA')":{"('0049-S-2008', 0)":"17\/12\/2008","('0049-S-2008', 1)":null},"('Tramites', 'RESULTADO')":{"('0049-S-2008', 0)":"MEDIA SANCION","('0049-S-2008', 1)":null},"Sumario":{"('0049-S-2008', 0)":"AUTORIDAD DE APLICACION: SUBSECRETARIA DE DEFENSA DEL CONSUMIDOR; DEFINICIONES; OBLIGACIONES Y PLAZOS; REQUISITOS; RENOVACION Y CANCELACION DE LAS INSCRIPCIONES; SANCIONES.","('0049-S-2008', 1)":null},"Palabra Clave":{"('0049-S-2008', 0)":" ","('0049-S-2008', 1)":null}}