{"Tipo de Proyecto":{"('0051-D-2008', 0)":"PROYECTO DE DECLARACI\u00d3N"},"Iniciado en: ":{"('0051-D-2008', 0)":"Diputados"},"Expediente Diputados: ":{"('0051-D-2008', 0)":"0051-D-2008"},"Publicado en: ":{"('0051-D-2008', 0)":"Tr\u00e1mite Parlamentario N\u00b0 1"},"Fecha: ":{"('0051-D-2008', 0)":"03\/03\/2008"},"T\u00edtulo":{"('0051-D-2008', 0)":"EXPRESAR BENEPLACITO POR LA BECA OTORGADA POR LA EMBAJADA DE LOS ESTADOS UNIDOS DE AMERICA A LA ALUMNA ESTEFANIA PAEZ MONTERO, QUIEN VIAJARA A ESE PAIS EN REPRESENTACION DE LA PROVINCIA DE SAN LUIS EN UN PLAN DE INTERCAMBIO CULTURAL."},"('Firmantes', 'FIRMANTE')":{"('0051-D-2008', 0)":"TORRONTEGUI, MARIA ANGELICA"},"('Firmantes', 'DISTRITO')":{"('0051-D-2008', 0)":"SAN LUIS"},"('Firmantes', 'BLOQUE')":{"('0051-D-2008', 0)":"FRENTE JUSTICIA UNION Y LIBERTAD - FREJULI"},"('Giros', 'COMISI\u00d3N')":{"('0051-D-2008', 0)":"EDUCACION"},"Link":{"('0051-D-2008', 0)":"https:\/\/www.hcdn.gob.ar\/proyectos\/textoCompleto.jsp?exp=0051-D-2008&tipo=DECLARACION"},"Palabra Clave":{"('0051-D-2008', 0)":" "}}