{"Tipo de Proyecto":{"('0052-D-2008', 0)":"PROYECTO DE LEY","('0052-D-2008', 1)":null},"Iniciado en: ":{"('0052-D-2008', 0)":"Diputados","('0052-D-2008', 1)":null},"Expediente Diputados: ":{"('0052-D-2008', 0)":"0052-D-2008","('0052-D-2008', 1)":null},"Publicado en: ":{"('0052-D-2008', 0)":"Tr\u00e1mite Parlamentario N\u00b0 1","('0052-D-2008', 1)":null},"Fecha: ":{"('0052-D-2008', 0)":"03\/03\/2008","('0052-D-2008', 1)":null},"T\u00edtulo":{"('0052-D-2008', 0)":"CREACION DE UN JUZGADO FEDERAL DE PRIMERA INSTANCIA CON ASIENTO EN LA CIUDAD DE OBERA, PROVINCIA DE MISIONES, CON JURISDICCION SOBRE LOS DEPARTAMENTOS DE CAINGUAS, 25 DE MAYO, OBERA, SAN JAVIER, LEANDRO N ALEM Y GUARANI, DE DICHA PROVINCIA. (REPRODUCCION DEL EXPEDIENTE 3809-D-06).","('0052-D-2008', 1)":null},"('Firmantes', 'FIRMANTE')":{"('0052-D-2008', 0)":"BIANCO, LIA FABIOLA","('0052-D-2008', 1)":null},"('Firmantes', 'DISTRITO')":{"('0052-D-2008', 0)":"MISIONES","('0052-D-2008', 1)":null},"('Firmantes', 'BLOQUE')":{"('0052-D-2008', 0)":"FRENTE PARA LA VICTORIA - PJ","('0052-D-2008', 1)":null},"('Giros', 'COMISI\u00d3N')":{"('0052-D-2008', 0)":"JUSTICIA","('0052-D-2008', 1)":"PRESUPUESTO Y HACIENDA"},"Palabra Clave":{"('0052-D-2008', 0)":" ","('0052-D-2008', 1)":null}}