{"Tipo de Proyecto":{"('0053-S-2008', 0)":"MENSAJE NRO: 0795\/08 Y PROYECTO DE LEY","('0053-S-2008', 1)":null,"('0053-S-2008', 2)":null,"('0053-S-2008', 3)":null,"('0053-S-2008', 4)":null,"('0053-S-2008', 5)":null},"Iniciado en: ":{"('0053-S-2008', 0)":"Senado","('0053-S-2008', 1)":null,"('0053-S-2008', 2)":null,"('0053-S-2008', 3)":null,"('0053-S-2008', 4)":null,"('0053-S-2008', 5)":null},"Expediente Diputados: ":{"('0053-S-2008', 0)":"0053-S-2008","('0053-S-2008', 1)":null,"('0053-S-2008', 2)":null,"('0053-S-2008', 3)":null,"('0053-S-2008', 4)":null,"('0053-S-2008', 5)":null},"Expediente Senado: ":{"('0053-S-2008', 0)":"0039-PE-2008","('0053-S-2008', 1)":null,"('0053-S-2008', 2)":null,"('0053-S-2008', 3)":null,"('0053-S-2008', 4)":null,"('0053-S-2008', 5)":null},"Publicado en: ":{"('0053-S-2008', 0)":"Diario de Asuntos Entrados N\u00b0 69","('0053-S-2008', 1)":null,"('0053-S-2008', 2)":null,"('0053-S-2008', 3)":null,"('0053-S-2008', 4)":null,"('0053-S-2008', 5)":null},"Fecha: ":{"('0053-S-2008', 0)":"16\/05\/2008","('0053-S-2008', 1)":null,"('0053-S-2008', 2)":null,"('0053-S-2008', 3)":null,"('0053-S-2008', 4)":null,"('0053-S-2008', 5)":null},"T\u00edtulo":{"('0053-S-2008', 0)":"CONVENIO INTERNACIONAL DEL ACEITE DE OLIVA Y LAS ACEITUNAS DE MESA, CONCLUIDO EN GINEBRA, CONFEDERACION SUIZA, EL 29 DE ABRIL DE 2005. APROBACION.","('0053-S-2008', 1)":null,"('0053-S-2008', 2)":null,"('0053-S-2008', 3)":null,"('0053-S-2008', 4)":null,"('0053-S-2008', 5)":null},"('Firmantes', 'FIRMANTE')":{"('0053-S-2008', 0)":"FERNANDEZ DE KIRCHNER, CRISTINA","('0053-S-2008', 1)":"FERNANDEZ, ALBERTO","('0053-S-2008', 2)":"TAIANA, JORGE ENRIQUE","('0053-S-2008', 3)":null,"('0053-S-2008', 4)":null,"('0053-S-2008', 5)":null},"('Firmantes', 'DISTRITO')":{"('0053-S-2008', 0)":null,"('0053-S-2008', 1)":null,"('0053-S-2008', 2)":null,"('0053-S-2008', 3)":null,"('0053-S-2008', 4)":null,"('0053-S-2008', 5)":null},"('Firmantes', 'BLOQUE')":{"('0053-S-2008', 0)":"PODER EJECUTIVO","('0053-S-2008', 1)":"PODER EJECUTIVO","('0053-S-2008', 2)":"PODER EJECUTIVO","('0053-S-2008', 3)":null,"('0053-S-2008', 4)":null,"('0053-S-2008', 5)":null},"('Giros', 'COMISI\u00d3N')":{"('0053-S-2008', 0)":"RELACIONES EXTERIORES Y CULTO","('0053-S-2008', 1)":"INDUSTRIA","('0053-S-2008', 2)":null,"('0053-S-2008', 3)":null,"('0053-S-2008', 4)":null,"('0053-S-2008', 5)":null},"('Tramites', 'C\u00c1MARA')":{"('0053-S-2008', 0)":"Senado","('0053-S-2008', 1)":"Senado","('0053-S-2008', 2)":"Diputados","('0053-S-2008', 3)":"Diputados","('0053-S-2008', 4)":"Diputados","('0053-S-2008', 5)":"Diputados"},"('Tramites', 'MOVIMIENTO')":{"('0053-S-2008', 0)":"CONSIDERACION Y APROBACION","('0053-S-2008', 1)":"INSERCION","('0053-S-2008', 2)":"PASA A DIPUTADOS -","('0053-S-2008', 3)":"MOCION DE PREFERENCIA PARA LA PROXIMA SESION CON DICTAMEN (AFIRMATIVA)","('0053-S-2008', 4)":"MOCION DE PREFERENCIA PARA LA PROXIMA SESION CON DICTAMEN (AFIRMATIVA)","('0053-S-2008', 5)":"CONSIDERACION Y SANCION"},"('Tramites', 'FECHA')":{"('0053-S-2008', 0)":"06\/08\/2008","('0053-S-2008', 1)":"06\/08\/2008","('0053-S-2008', 2)":null,"('0053-S-2008', 3)":"27\/08\/2008","('0053-S-2008', 4)":"03\/09\/2008","('0053-S-2008', 5)":"26\/11\/2008"},"('Tramites', 'RESULTADO')":{"('0053-S-2008', 0)":"MEDIA SANCION","('0053-S-2008', 1)":null,"('0053-S-2008', 2)":null,"('0053-S-2008', 3)":null,"('0053-S-2008', 4)":null,"('0053-S-2008', 5)":"SANCIONADO"},"Link":{"('0053-S-2008', 0)":"http:\/\/www.senado.gov.ar\/web\/proyectos\/verExpe.php?origen=PE&nro_comision=&tipo=PL&numexp=39\/08&tConsulta=5","('0053-S-2008', 1)":null,"('0053-S-2008', 2)":null,"('0053-S-2008', 3)":null,"('0053-S-2008', 4)":null,"('0053-S-2008', 5)":null},"Palabra Clave":{"('0053-S-2008', 0)":" ","('0053-S-2008', 1)":null,"('0053-S-2008', 2)":null,"('0053-S-2008', 3)":null,"('0053-S-2008', 4)":null,"('0053-S-2008', 5)":null}}