{"Tipo de Proyecto":{"('0055-D-2008', 0)":"PROYECTO DE LEY","('0055-D-2008', 1)":null,"('0055-D-2008', 2)":null},"Iniciado en: ":{"('0055-D-2008', 0)":"Diputados","('0055-D-2008', 1)":null,"('0055-D-2008', 2)":null},"Expediente Diputados: ":{"('0055-D-2008', 0)":"0055-D-2008","('0055-D-2008', 1)":null,"('0055-D-2008', 2)":null},"Publicado en: ":{"('0055-D-2008', 0)":"Tr\u00e1mite Parlamentario N\u00b0 1","('0055-D-2008', 1)":null,"('0055-D-2008', 2)":null},"Fecha: ":{"('0055-D-2008', 0)":"03\/03\/2008","('0055-D-2008', 1)":null,"('0055-D-2008', 2)":null},"T\u00edtulo":{"('0055-D-2008', 0)":"OTORGAR UNA PENSION A LOS SOLDADOS CONSCRIPTOS QUE HUBIEREN PERMANECIDO BAJO BANDERA ENTRE EL 2 DE ABRIL Y EL 14 DE JULIO DE 1982 POR EL CONFLICTO DEL ATLANTICO SUR, CUYO DESTINO HUBIERE SIDO CUALQUIER AMBITO DEL TERRITORIO NACIONAL, CON EXCEPCION DEL TEATRO DE OPERACIONES MALVINAS (TOM) Y TEATRO DE OPERACIONES DEL ATLANTICO SUR (TOAS) (REPRODUCCION DEL EXPEDIENTE 6181-D-06).","('0055-D-2008', 1)":null,"('0055-D-2008', 2)":null},"('Firmantes', 'FIRMANTE')":{"('0055-D-2008', 0)":"BIANCO, LIA FABIOLA","('0055-D-2008', 1)":null,"('0055-D-2008', 2)":null},"('Firmantes', 'DISTRITO')":{"('0055-D-2008', 0)":"MISIONES","('0055-D-2008', 1)":null,"('0055-D-2008', 2)":null},"('Firmantes', 'BLOQUE')":{"('0055-D-2008', 0)":"FRENTE PARA LA VICTORIA - PJ","('0055-D-2008', 1)":null,"('0055-D-2008', 2)":null},"('Giros', 'COMISI\u00d3N')":{"('0055-D-2008', 0)":"PREVISION Y SEGURIDAD SOCIAL","('0055-D-2008', 1)":"DEFENSA NACIONAL","('0055-D-2008', 2)":"PRESUPUESTO Y HACIENDA"},"Sumario":{"('0055-D-2008', 0)":"MONTO DEL 20 % DE LA PENSION HONORIFICA DE VETERANOS DE GUERRA ESTABLECIDA POR LEY 23848 Y MODIFICATORIAS; OTORGAMIENTO, LIQUIDACION Y PAGO POR PARTE DE LA ANSES; COMPATIBILIDAD CON CUALQUIER OTRO BENEFICIO PREVISIONAL.","('0055-D-2008', 1)":null,"('0055-D-2008', 2)":null},"Palabra Clave":{"('0055-D-2008', 0)":" ","('0055-D-2008', 1)":null,"('0055-D-2008', 2)":null}}