{"Tipo de Proyecto":{"('0056-D-2008', 0)":"PROYECTO DE LEY","('0056-D-2008', 1)":null},"Iniciado en: ":{"('0056-D-2008', 0)":"Diputados","('0056-D-2008', 1)":null},"Expediente Diputados: ":{"('0056-D-2008', 0)":"0056-D-2008","('0056-D-2008', 1)":null},"Publicado en: ":{"('0056-D-2008', 0)":"Tr\u00e1mite Parlamentario N\u00b0 1","('0056-D-2008', 1)":null},"Fecha: ":{"('0056-D-2008', 0)":"03\/03\/2008","('0056-D-2008', 1)":null},"T\u00edtulo":{"('0056-D-2008', 0)":"MODIFICACION DEL CODIGO PENAL, SOBRE CORRUPCION Y PROSTITUCION DE MENORES (REPRODUCCION DEL EXPEDIENTE 6746-D-06).","('0056-D-2008', 1)":null},"('Firmantes', 'FIRMANTE')":{"('0056-D-2008', 0)":"BIANCO, LIA FABIOLA","('0056-D-2008', 1)":null},"('Firmantes', 'DISTRITO')":{"('0056-D-2008', 0)":"MISIONES","('0056-D-2008', 1)":null},"('Firmantes', 'BLOQUE')":{"('0056-D-2008', 0)":"FRENTE PARA LA VICTORIA - PJ","('0056-D-2008', 1)":null},"('Giros', 'COMISI\u00d3N')":{"('0056-D-2008', 0)":"LEGISLACION PENAL","('0056-D-2008', 1)":"FAMILIA, MUJER, NI\u00d1EZ Y ADOLESCENCIA"},"Sumario":{"('0056-D-2008', 0)":"MODIFICACION DE LOS ARTICULOS 125, 125 BIS, 127 BIS Y 129.","('0056-D-2008', 1)":null},"Palabra Clave":{"('0056-D-2008', 0)":" ","('0056-D-2008', 1)":null}}