{"Tipo de Proyecto":{"('0058-S-2008', 0)":"PROYECTO DE RESOLUCI\u00d3N","('0058-S-2008', 1)":null,"('0058-S-2008', 2)":null,"('0058-S-2008', 3)":null},"Iniciado en: ":{"('0058-S-2008', 0)":"Senado","('0058-S-2008', 1)":null,"('0058-S-2008', 2)":null,"('0058-S-2008', 3)":null},"Expediente Diputados: ":{"('0058-S-2008', 0)":"0058-S-2008","('0058-S-2008', 1)":null,"('0058-S-2008', 2)":null,"('0058-S-2008', 3)":null},"Expediente Senado: ":{"('0058-S-2008', 0)":"0070-OV-2007","('0058-S-2008', 1)":null,"('0058-S-2008', 2)":null,"('0058-S-2008', 3)":null},"Fecha: ":{"('0058-S-2008', 0)":"23\/06\/2008","('0058-S-2008', 1)":null,"('0058-S-2008', 2)":null,"('0058-S-2008', 3)":null},"T\u00edtulo":{"('0058-S-2008', 0)":"PEDIDO DE INFORMES AL PODER EJECUTIVO SOBRE RESOLUCION REMITIDA POR LA AUDITORIA GENERAL DE LA NACION APROBANDO INFORME SOBRE LOS ESTADOS FINANCIEROS AL 31 DE DICIEMBRE DE 2006, CORRESPONDIENTES AL PROGRAMA DE MEJORAMIENTO DEL SISTEMA EDUCATIVO - SUBPROGRAMA II EXPANSION DE LA INFRAESTRUCTURA ESCOLAR - CONVENIO DE PRESTAMO BID 1345\/OC-AR.","('0058-S-2008', 1)":null,"('0058-S-2008', 2)":null,"('0058-S-2008', 3)":null},"('Firmantes', 'FIRMANTE')":{"('0058-S-2008', 0)":"PARLAMENTARIA MIXTA REVISORA DE CUENTAS","('0058-S-2008', 1)":null,"('0058-S-2008', 2)":null,"('0058-S-2008', 3)":null},"('Firmantes', 'DISTRITO')":{"('0058-S-2008', 0)":null,"('0058-S-2008', 1)":null,"('0058-S-2008', 2)":null,"('0058-S-2008', 3)":null},"('Firmantes', 'BLOQUE')":{"('0058-S-2008', 0)":null,"('0058-S-2008', 1)":null,"('0058-S-2008', 2)":null,"('0058-S-2008', 3)":null},"('Giros', 'COMISI\u00d3N')":{"('0058-S-2008', 0)":"PARLAMENTARIA MIXTA REVISORA DE CUENTAS","('0058-S-2008', 1)":null,"('0058-S-2008', 2)":null,"('0058-S-2008', 3)":null},"('Tramites', 'C\u00c1MARA')":{"('0058-S-2008', 0)":"Senado","('0058-S-2008', 1)":"Diputados","('0058-S-2008', 2)":"Diputados","('0058-S-2008', 3)":"Diputados"},"('Tramites', 'MOVIMIENTO')":{"('0058-S-2008', 0)":"CONSIDERACION Y APROBACION","('0058-S-2008', 1)":"PASA A DIPUTADOS -","('0058-S-2008', 2)":"CONSIDERACION Y APROBACION","('0058-S-2008', 3)":"CONTESTACION DEL PODER EJECUTIVO NACIONAL - JEFE DE GABINETE DE MINISTROS - GIRADO A LA COMISION RESPECTIVA"},"('Tramites', 'FECHA')":{"('0058-S-2008', 0)":"06\/08\/2008","('0058-S-2008', 1)":null,"('0058-S-2008', 2)":"11\/03\/2009","('0058-S-2008', 3)":"16\/03\/2011"},"('Tramites', 'RESULTADO')":{"('0058-S-2008', 0)":"APROBADO","('0058-S-2008', 1)":null,"('0058-S-2008', 2)":"APROBADO","('0058-S-2008', 3)":null},"Link":{"('0058-S-2008', 0)":"http:\/\/www.senado.gov.ar\/parlamentario\/comisiones\/verExp\/70.07\/OV\/PR","('0058-S-2008', 1)":null,"('0058-S-2008', 2)":null,"('0058-S-2008', 3)":null},"Palabra Clave":{"('0058-S-2008', 0)":" ","('0058-S-2008', 1)":null,"('0058-S-2008', 2)":null,"('0058-S-2008', 3)":null}}