{"Tipo de Proyecto":{"('0059-S-2008', 0)":"PROYECTO DE RESOLUCI\u00d3N","('0059-S-2008', 1)":null,"('0059-S-2008', 2)":null,"('0059-S-2008', 3)":null},"Iniciado en: ":{"('0059-S-2008', 0)":"Senado","('0059-S-2008', 1)":null,"('0059-S-2008', 2)":null,"('0059-S-2008', 3)":null},"Expediente Diputados: ":{"('0059-S-2008', 0)":"0059-S-2008","('0059-S-2008', 1)":null,"('0059-S-2008', 2)":null,"('0059-S-2008', 3)":null},"Expediente Senado: ":{"('0059-S-2008', 0)":"0051-OV-2007","('0059-S-2008', 1)":null,"('0059-S-2008', 2)":null,"('0059-S-2008', 3)":null},"Fecha: ":{"('0059-S-2008', 0)":"23\/06\/2008","('0059-S-2008', 1)":null,"('0059-S-2008', 2)":null,"('0059-S-2008', 3)":null},"T\u00edtulo":{"('0059-S-2008', 0)":"PEDIDO DE INFORMES AL PODER EJECUTIVO SOBRE RESOLUCION REMITIDA POR LA AUDITORIA GENERAL DE LA NACION APROBANDO EL INFORME REALIZADO EN EL AMBITO DE LA SECRETARIA DE COMUNICACIONES, REFERIDO A \"ESTUDIOS DE OPINION PUBLICA SOBRE LA CALIDAD DEL SERVICIO BASICO TELEFONICO Y PROCEDIMIENTOS ALTERNATIVOS\" Y DESCARGO DEL CITADO ORGANISMO.","('0059-S-2008', 1)":null,"('0059-S-2008', 2)":null,"('0059-S-2008', 3)":null},"('Firmantes', 'FIRMANTE')":{"('0059-S-2008', 0)":"PARLAMENTARIA MIXTA REVISORA DE CUENTAS","('0059-S-2008', 1)":null,"('0059-S-2008', 2)":null,"('0059-S-2008', 3)":null},"('Firmantes', 'DISTRITO')":{"('0059-S-2008', 0)":null,"('0059-S-2008', 1)":null,"('0059-S-2008', 2)":null,"('0059-S-2008', 3)":null},"('Firmantes', 'BLOQUE')":{"('0059-S-2008', 0)":null,"('0059-S-2008', 1)":null,"('0059-S-2008', 2)":null,"('0059-S-2008', 3)":null},"('Giros', 'COMISI\u00d3N')":{"('0059-S-2008', 0)":"PARLAMENTARIA MIXTA REVISORA DE CUENTAS","('0059-S-2008', 1)":null,"('0059-S-2008', 2)":null,"('0059-S-2008', 3)":null},"('Tramites', 'C\u00c1MARA')":{"('0059-S-2008', 0)":"Senado","('0059-S-2008', 1)":"Senado","('0059-S-2008', 2)":"Diputados","('0059-S-2008', 3)":"Diputados"},"('Tramites', 'MOVIMIENTO')":{"('0059-S-2008', 0)":"CONSIDERACION Y APROBACION","('0059-S-2008', 1)":"PASA A DIPUTADOS -","('0059-S-2008', 2)":"CONSIDERACION Y APROBACION","('0059-S-2008', 3)":"CONTESTACION DEL PODER EJECUTIVO NACIONAL - JEFE DE GABINETE DE MINISTROS - GIRADO A LA COMISION RESPECTIVA"},"('Tramites', 'FECHA')":{"('0059-S-2008', 0)":"06\/08\/2008","('0059-S-2008', 1)":"06\/08\/2008","('0059-S-2008', 2)":"11\/03\/2009","('0059-S-2008', 3)":"16\/03\/2011"},"('Tramites', 'RESULTADO')":{"('0059-S-2008', 0)":"APROBADO","('0059-S-2008', 1)":null,"('0059-S-2008', 2)":"APROBADO","('0059-S-2008', 3)":null},"Link":{"('0059-S-2008', 0)":"http:\/\/www.senado.gov.ar\/parlamentario\/comisiones\/verExp\/51.07\/OV\/PR","('0059-S-2008', 1)":null,"('0059-S-2008', 2)":null,"('0059-S-2008', 3)":null},"Palabra Clave":{"('0059-S-2008', 0)":" ","('0059-S-2008', 1)":null,"('0059-S-2008', 2)":null,"('0059-S-2008', 3)":null}}