{"Tipo de Proyecto":{"('0059-D-2008', 0)":"PROYECTO DE RESOLUCI\u00d3N","('0059-D-2008', 1)":null},"Iniciado en: ":{"('0059-D-2008', 0)":"Diputados","('0059-D-2008', 1)":null},"Expediente Diputados: ":{"('0059-D-2008', 0)":"0059-D-2008","('0059-D-2008', 1)":null},"Fecha: ":{"('0059-D-2008', 0)":"03\/03\/2008","('0059-D-2008', 1)":null},"T\u00edtulo":{"('0059-D-2008', 0)":"EL DIPUTADO CLAUDIO JAVIER POGGI SOLICITA LICENCIA SIN GOCE DE HABERES PARA OCUPAR EL CARGO DE JEFE DEL PROGRAMA DE CONTROL DE GESTION DEL GOBIERNO DE LA PROVINCIA DE SAN LUIS DESDE EL 01\/03\/2008 AL 30\/11\/2008","('0059-D-2008', 1)":null},"('Firmantes', 'FIRMANTE')":{"('0059-D-2008', 0)":"POGGI, CLAUDIO JAVIER","('0059-D-2008', 1)":null},"('Firmantes', 'DISTRITO')":{"('0059-D-2008', 0)":"SAN LUIS","('0059-D-2008', 1)":null},"('Firmantes', 'BLOQUE')":{"('0059-D-2008', 0)":"FRENTE JUSTICIA UNION Y LIBERTAD - FREJULI","('0059-D-2008', 1)":null},"('Giros', 'COMISI\u00d3N')":{"('0059-D-2008', 0)":"SOBRE TABLAS","('0059-D-2008', 1)":null},"('Tramites', 'C\u00c1MARA')":{"('0059-D-2008', 0)":"Diputados","('0059-D-2008', 1)":"Diputados"},"('Tramites', 'MOVIMIENTO')":{"('0059-D-2008', 0)":"MOCION SOBRE TABLAS (AFIRMATIVA) CONJUNTAMENTE PARA LOS EXPEDIENTES 0058-D-2008 y 0059-D-2008","('0059-D-2008', 1)":"CONSIDERACION Y APROBACION CONJUNTAMENTE PARA LOS EXPEDIENTES 0058-D-2008 y 0059-D-2008"},"('Tramites', 'FECHA')":{"('0059-D-2008', 0)":"12\/03\/2008","('0059-D-2008', 1)":"12\/03\/2008"},"('Tramites', 'RESULTADO')":{"('0059-D-2008', 0)":null,"('0059-D-2008', 1)":"APROBADO"},"Palabra Clave":{"('0059-D-2008', 0)":" ","('0059-D-2008', 1)":null}}