{"Tipo de Proyecto":{"('0060-S-2008', 0)":"PROYECTO DE RESOLUCI\u00d3N","('0060-S-2008', 1)":null,"('0060-S-2008', 2)":null,"('0060-S-2008', 3)":null},"Iniciado en: ":{"('0060-S-2008', 0)":"Senado","('0060-S-2008', 1)":null,"('0060-S-2008', 2)":null,"('0060-S-2008', 3)":null},"Expediente Diputados: ":{"('0060-S-2008', 0)":"0060-S-2008","('0060-S-2008', 1)":null,"('0060-S-2008', 2)":null,"('0060-S-2008', 3)":null},"Expediente Senado: ":{"('0060-S-2008', 0)":"0282-OV-2007","('0060-S-2008', 1)":null,"('0060-S-2008', 2)":null,"('0060-S-2008', 3)":null},"Fecha: ":{"('0060-S-2008', 0)":"23\/06\/2008","('0060-S-2008', 1)":null,"('0060-S-2008', 2)":null,"('0060-S-2008', 3)":null},"T\u00edtulo":{"('0060-S-2008', 0)":"PEDIDO DE INFORMES AL PODER EJECUTIVO SOBRE RESOLUCION REMITIDA POR LA AUDITORIA GENERAL DE LA NACION REFERENTE A LOS ESTADOS FINANCIEROS AL 31 DE DICIEMBRE 2006, CORRESPONDIENTES AL PROGRAMA DE DESARROLLO SOCIAL EN AREAS FRONTERIZAS DEL NOROESTE Y NORDESTE ARGENTINO CON NECESIDADES BASICAS INSATISFECHAS (PROFASA) - CONTRATO DE PRESTAMO ARG-14\/04 FONPLATA.","('0060-S-2008', 1)":null,"('0060-S-2008', 2)":null,"('0060-S-2008', 3)":null},"('Firmantes', 'FIRMANTE')":{"('0060-S-2008', 0)":"PARLAMENTARIA MIXTA REVISORA DE CUENTAS","('0060-S-2008', 1)":null,"('0060-S-2008', 2)":null,"('0060-S-2008', 3)":null},"('Firmantes', 'DISTRITO')":{"('0060-S-2008', 0)":null,"('0060-S-2008', 1)":null,"('0060-S-2008', 2)":null,"('0060-S-2008', 3)":null},"('Firmantes', 'BLOQUE')":{"('0060-S-2008', 0)":null,"('0060-S-2008', 1)":null,"('0060-S-2008', 2)":null,"('0060-S-2008', 3)":null},"('Giros', 'COMISI\u00d3N')":{"('0060-S-2008', 0)":"PARLAMENTARIA MIXTA REVISORA DE CUENTAS","('0060-S-2008', 1)":null,"('0060-S-2008', 2)":null,"('0060-S-2008', 3)":null},"('Tramites', 'C\u00c1MARA')":{"('0060-S-2008', 0)":"Senado","('0060-S-2008', 1)":"Diputados","('0060-S-2008', 2)":"Diputados","('0060-S-2008', 3)":"Diputados"},"('Tramites', 'MOVIMIENTO')":{"('0060-S-2008', 0)":"CONSIDERACION Y APROBACION","('0060-S-2008', 1)":"PASA A DIPUTADOS -","('0060-S-2008', 2)":"CONSIDERACION Y APROBACION","('0060-S-2008', 3)":"CONTESTACION DEL PODER EJECUTIVO NACIONAL - JEFE DE GABINETE DE MINISTROS - GIRADO A LA COMISION RESPECTIVA"},"('Tramites', 'FECHA')":{"('0060-S-2008', 0)":"06\/08\/2008","('0060-S-2008', 1)":null,"('0060-S-2008', 2)":"11\/03\/2009","('0060-S-2008', 3)":"12\/05\/2010"},"('Tramites', 'RESULTADO')":{"('0060-S-2008', 0)":"APROBADO","('0060-S-2008', 1)":null,"('0060-S-2008', 2)":"APROBADO","('0060-S-2008', 3)":null},"Link":{"('0060-S-2008', 0)":"http:\/\/www.senado.gov.ar\/parlamentario\/comisiones\/verExp\/282.07\/OV\/PR","('0060-S-2008', 1)":null,"('0060-S-2008', 2)":null,"('0060-S-2008', 3)":null},"Palabra Clave":{"('0060-S-2008', 0)":" ","('0060-S-2008', 1)":null,"('0060-S-2008', 2)":null,"('0060-S-2008', 3)":null}}