{"Tipo de Proyecto":{"('0061-D-2008', 0)":"PROYECTO DE RESOLUCI\u00d3N","('0061-D-2008', 1)":null},"Iniciado en: ":{"('0061-D-2008', 0)":"Diputados","('0061-D-2008', 1)":null},"Expediente Diputados: ":{"('0061-D-2008', 0)":"0061-D-2008","('0061-D-2008', 1)":null},"Publicado en: ":{"('0061-D-2008', 0)":"Tr\u00e1mite Parlamentario N\u00b0 1","('0061-D-2008', 1)":null},"Fecha: ":{"('0061-D-2008', 0)":"03\/03\/2008","('0061-D-2008', 1)":null},"T\u00edtulo":{"('0061-D-2008', 0)":"INSTALAR EN EL AMBITO DE LA H CAMARA CINCO LINEAS TELEFONICAS GRATUITAS PARA LLAMADAS ENTRANTES.","('0061-D-2008', 1)":null},"('Firmantes', 'FIRMANTE')":{"('0061-D-2008', 0)":"KRONEBERGER, DANIEL RICARDO","('0061-D-2008', 1)":null},"('Firmantes', 'DISTRITO')":{"('0061-D-2008', 0)":"LA PAMPA","('0061-D-2008', 1)":null},"('Firmantes', 'BLOQUE')":{"('0061-D-2008', 0)":"UCR","('0061-D-2008', 1)":null},"('Giros', 'COMISI\u00d3N')":{"('0061-D-2008', 0)":"PETICIONES, PODERES Y REGLAMENTO","('0061-D-2008', 1)":"PRESUPUESTO Y HACIENDA"},"Link":{"('0061-D-2008', 0)":"https:\/\/www.hcdn.gob.ar\/proyectos\/textoCompleto.jsp?exp=0061-D-2008&tipo=RESOLUCION","('0061-D-2008', 1)":null},"Palabra Clave":{"('0061-D-2008', 0)":" ","('0061-D-2008', 1)":null}}