{"Tipo de Proyecto":{"('0063-D-2008', 0)":"PROYECTO DE RESOLUCI\u00d3N"},"Iniciado en: ":{"('0063-D-2008', 0)":"Diputados"},"Expediente Diputados: ":{"('0063-D-2008', 0)":"0063-D-2008"},"Publicado en: ":{"('0063-D-2008', 0)":"Tr\u00e1mite Parlamentario N\u00b0 1"},"Fecha: ":{"('0063-D-2008', 0)":"03\/03\/2008"},"T\u00edtulo":{"('0063-D-2008', 0)":"EXPRESAR BENEPLACITO POR EL SEGUNDO LUGAR EN EL MUNDO COMO MEJOR LIBRERIA OBTENIDO POR \"EL ATENEO GRAN SPLENDID\", PUBLICADO EN EL PERIODICO INGLES \"THE GUARDIAN\"."},"('Firmantes', 'FIRMANTE')":{"('0063-D-2008', 0)":"GALVALISI, LUIS ALBERTO"},"('Firmantes', 'DISTRITO')":{"('0063-D-2008', 0)":"CIUDAD de BUENOS AIRES"},"('Firmantes', 'BLOQUE')":{"('0063-D-2008', 0)":"PRO"},"('Giros', 'COMISI\u00d3N')":{"('0063-D-2008', 0)":"CULTURA"},"Link":{"('0063-D-2008', 0)":"https:\/\/www.hcdn.gob.ar\/proyectos\/textoCompleto.jsp?exp=0063-D-2008&tipo=RESOLUCION"},"Palabra Clave":{"('0063-D-2008', 0)":" "}}