{"Tipo de Proyecto":{"('0064-S-2008', 0)":"PROYECTO DE RESOLUCI\u00d3N","('0064-S-2008', 1)":null,"('0064-S-2008', 2)":null,"('0064-S-2008', 3)":null},"Iniciado en: ":{"('0064-S-2008', 0)":"Senado","('0064-S-2008', 1)":null,"('0064-S-2008', 2)":null,"('0064-S-2008', 3)":null},"Expediente Diputados: ":{"('0064-S-2008', 0)":"0064-S-2008","('0064-S-2008', 1)":null,"('0064-S-2008', 2)":null,"('0064-S-2008', 3)":null},"Expediente Senado: ":{"('0064-S-2008', 0)":"0074-OV-2007","('0064-S-2008', 1)":null,"('0064-S-2008', 2)":null,"('0064-S-2008', 3)":null},"Fecha: ":{"('0064-S-2008', 0)":"23\/06\/2008","('0064-S-2008', 1)":null,"('0064-S-2008', 2)":null,"('0064-S-2008', 3)":null},"T\u00edtulo":{"('0064-S-2008', 0)":"PEDIDO DE INFORMES AL PODER EJECUTIVO SOBRE RESOLUCION REMITIDA POR LA AUDITORIA GENERAL DE LA NACION REFERENTE A LOS ESTADOS FINANCIEROS AL 31 DE DICIEMBRE DE 2006, CORRESPONDIENTES AL PROGRAMA DE FORTALECIMIENTO INSTITUCIONAL DE LA SECRETARIA DE POLITICA ECONOMICA, CONTRATO DE PRESTAMO DE COOPERACION TECNICA 1575\/OC-AR BID.","('0064-S-2008', 1)":null,"('0064-S-2008', 2)":null,"('0064-S-2008', 3)":null},"('Firmantes', 'FIRMANTE')":{"('0064-S-2008', 0)":"PARLAMENTARIA MIXTA REVISORA DE CUENTAS","('0064-S-2008', 1)":null,"('0064-S-2008', 2)":null,"('0064-S-2008', 3)":null},"('Firmantes', 'DISTRITO')":{"('0064-S-2008', 0)":null,"('0064-S-2008', 1)":null,"('0064-S-2008', 2)":null,"('0064-S-2008', 3)":null},"('Firmantes', 'BLOQUE')":{"('0064-S-2008', 0)":null,"('0064-S-2008', 1)":null,"('0064-S-2008', 2)":null,"('0064-S-2008', 3)":null},"('Giros', 'COMISI\u00d3N')":{"('0064-S-2008', 0)":"PARLAMENTARIA MIXTA REVISORA DE CUENTAS","('0064-S-2008', 1)":null,"('0064-S-2008', 2)":null,"('0064-S-2008', 3)":null},"('Tramites', 'C\u00c1MARA')":{"('0064-S-2008', 0)":"Senado","('0064-S-2008', 1)":"Diputados","('0064-S-2008', 2)":"Diputados","('0064-S-2008', 3)":"Diputados"},"('Tramites', 'MOVIMIENTO')":{"('0064-S-2008', 0)":"CONSIDERACION Y APROBACION","('0064-S-2008', 1)":"PASA A DIPUTADOS -","('0064-S-2008', 2)":"CONSIDERACION Y APROBACION","('0064-S-2008', 3)":"CONTESTACION DEL PODER EJECUTIVO NACIONAL - JEFE DE GABINETE DE MINISTROS - GIRADO A LA COMISION RESPECTIVA"},"('Tramites', 'FECHA')":{"('0064-S-2008', 0)":"06\/08\/2008","('0064-S-2008', 1)":null,"('0064-S-2008', 2)":"11\/03\/2009","('0064-S-2008', 3)":"13\/10\/2010"},"('Tramites', 'RESULTADO')":{"('0064-S-2008', 0)":"APROBADO","('0064-S-2008', 1)":null,"('0064-S-2008', 2)":"APROBADO","('0064-S-2008', 3)":null},"Link":{"('0064-S-2008', 0)":"http:\/\/www.senado.gov.ar\/parlamentario\/comisiones\/verExp\/74.07\/OV\/PR","('0064-S-2008', 1)":null,"('0064-S-2008', 2)":null,"('0064-S-2008', 3)":null},"Palabra Clave":{"('0064-S-2008', 0)":" ","('0064-S-2008', 1)":null,"('0064-S-2008', 2)":null,"('0064-S-2008', 3)":null}}