{"Tipo de Proyecto":{"('0066-D-2008', 0)":"PROYECTO DE RESOLUCI\u00d3N"},"Iniciado en: ":{"('0066-D-2008', 0)":"Diputados"},"Expediente Diputados: ":{"('0066-D-2008', 0)":"0066-D-2008"},"Publicado en: ":{"('0066-D-2008', 0)":"Tr\u00e1mite Parlamentario N\u00b0 1"},"Fecha: ":{"('0066-D-2008', 0)":"03\/03\/2008"},"T\u00edtulo":{"('0066-D-2008', 0)":"DECLARAR DE INTERES DE ESTA H CAMARA LA REVISTA \"HACER FAMILIA\", POR HABERSELE OTORGADO LOS PREMIOS \"SANTA CLARA DE ASIS\" A LA MEJOR PUBLICACION Y EL PRIMER PREMIO \"- ADEPA - ASOCIACION DE ENTIDADES PERIODISTICAS ARGENTINAS\"."},"('Firmantes', 'FIRMANTE')":{"('0066-D-2008', 0)":"GALVALISI, LUIS ALBERTO"},"('Firmantes', 'DISTRITO')":{"('0066-D-2008', 0)":"CIUDAD de BUENOS AIRES"},"('Firmantes', 'BLOQUE')":{"('0066-D-2008', 0)":"PRO"},"('Giros', 'COMISI\u00d3N')":{"('0066-D-2008', 0)":"CULTURA"},"Link":{"('0066-D-2008', 0)":"https:\/\/www.hcdn.gob.ar\/proyectos\/textoCompleto.jsp?exp=0066-D-2008&tipo=RESOLUCION"},"Palabra Clave":{"('0066-D-2008', 0)":" "}}