{"Tipo de Proyecto":{"('0068-S-2008', 0)":"PROYECTO DE RESOLUCI\u00d3N","('0068-S-2008', 1)":null,"('0068-S-2008', 2)":null,"('0068-S-2008', 3)":null},"Iniciado en: ":{"('0068-S-2008', 0)":"Senado","('0068-S-2008', 1)":null,"('0068-S-2008', 2)":null,"('0068-S-2008', 3)":null},"Expediente Diputados: ":{"('0068-S-2008', 0)":"0068-S-2008","('0068-S-2008', 1)":null,"('0068-S-2008', 2)":null,"('0068-S-2008', 3)":null},"Expediente Senado: ":{"('0068-S-2008', 0)":"0487-OV-2006","('0068-S-2008', 1)":null,"('0068-S-2008', 2)":null,"('0068-S-2008', 3)":null},"Fecha: ":{"('0068-S-2008', 0)":"23\/06\/2008","('0068-S-2008', 1)":null,"('0068-S-2008', 2)":null,"('0068-S-2008', 3)":null},"T\u00edtulo":{"('0068-S-2008', 0)":"PEDIDO DE INFORMES AL PODER EJECUTIVO SOBRE RESOLUCIONES REMITIDAS POR LA AUDITORIA GENERAL DE LA NACION REFERENTES A LOS ESTADOS CONTABLES POR EL EJERCICIO FINALIZADO AL 31 DE DICIEMBRE DE 2002 (0487-OV-06) Y SOBRE LAS CONTRATACIONES RELEVANTES 2001 - 2002 (0008-OV-07) Y DESCARGO DEL ORGANISMO AUDITADO, EN EL AMBITO DE LA ADMINISTRACION GENERAL DE PUERTOS SOCIEDAD DEL ESTADO (EN LIQUIDACION).","('0068-S-2008', 1)":null,"('0068-S-2008', 2)":null,"('0068-S-2008', 3)":null},"('Firmantes', 'FIRMANTE')":{"('0068-S-2008', 0)":"PARLAMENTARIA MIXTA REVISORA DE CUENTAS","('0068-S-2008', 1)":null,"('0068-S-2008', 2)":null,"('0068-S-2008', 3)":null},"('Firmantes', 'DISTRITO')":{"('0068-S-2008', 0)":null,"('0068-S-2008', 1)":null,"('0068-S-2008', 2)":null,"('0068-S-2008', 3)":null},"('Firmantes', 'BLOQUE')":{"('0068-S-2008', 0)":null,"('0068-S-2008', 1)":null,"('0068-S-2008', 2)":null,"('0068-S-2008', 3)":null},"('Giros', 'COMISI\u00d3N')":{"('0068-S-2008', 0)":"PARLAMENTARIA MIXTA REVISORA DE CUENTAS","('0068-S-2008', 1)":null,"('0068-S-2008', 2)":null,"('0068-S-2008', 3)":null},"('Tramites', 'C\u00c1MARA')":{"('0068-S-2008', 0)":"Senado","('0068-S-2008', 1)":"Diputados","('0068-S-2008', 2)":"Diputados","('0068-S-2008', 3)":"Diputados"},"('Tramites', 'MOVIMIENTO')":{"('0068-S-2008', 0)":"CONSIDERACION Y APROBACION","('0068-S-2008', 1)":"PASA A DIPUTADOS -","('0068-S-2008', 2)":"CONSIDERACION Y APROBACION","('0068-S-2008', 3)":"CONTESTACION DEL PODER EJECUTIVO NACIONAL - JEFE DE GABINETE DE MINISTROS - GIRADO A LA COMISION RESPECTIVA"},"('Tramites', 'FECHA')":{"('0068-S-2008', 0)":"06\/08\/2008","('0068-S-2008', 1)":null,"('0068-S-2008', 2)":"11\/03\/2009","('0068-S-2008', 3)":"17\/03\/2010"},"('Tramites', 'RESULTADO')":{"('0068-S-2008', 0)":"APROBADO","('0068-S-2008', 1)":null,"('0068-S-2008', 2)":"APROBADO","('0068-S-2008', 3)":null},"Link":{"('0068-S-2008', 0)":"http:\/\/www.senado.gov.ar\/parlamentario\/comisiones\/verExp\/487.06\/OV\/PR","('0068-S-2008', 1)":null,"('0068-S-2008', 2)":null,"('0068-S-2008', 3)":null},"Palabra Clave":{"('0068-S-2008', 0)":" ","('0068-S-2008', 1)":null,"('0068-S-2008', 2)":null,"('0068-S-2008', 3)":null}}