{"Tipo de Proyecto":{"('0068-D-2008', 0)":"PROYECTO DE RESOLUCI\u00d3N"},"Iniciado en: ":{"('0068-D-2008', 0)":"Diputados"},"Expediente Diputados: ":{"('0068-D-2008', 0)":"0068-D-2008"},"Publicado en: ":{"('0068-D-2008', 0)":"Tr\u00e1mite Parlamentario N\u00b0 1"},"Fecha: ":{"('0068-D-2008', 0)":"03\/03\/2008"},"T\u00edtulo":{"('0068-D-2008', 0)":"DECLARAR DE INTERES DE ESTA H CAMARA LOS 112 A\u00d1OS DE EXISTENCIA QUE CUMPLE EL \"MUSEO NACIONAL DE BELLAS ARTES\", QUE ABRIERA SUS PUERTAS EL 25 DE DICIEMBRE DE 1895, Y 75 A\u00d1OS DEL TRASLADO REALIZADO EL 23 DE MAYO DE 1933."},"('Firmantes', 'FIRMANTE')":{"('0068-D-2008', 0)":"GALVALISI, LUIS ALBERTO"},"('Firmantes', 'DISTRITO')":{"('0068-D-2008', 0)":"CIUDAD de BUENOS AIRES"},"('Firmantes', 'BLOQUE')":{"('0068-D-2008', 0)":"PRO"},"('Giros', 'COMISI\u00d3N')":{"('0068-D-2008', 0)":"CULTURA"},"('Tramites', 'C\u00c1MARA')":{"('0068-D-2008', 0)":"Diputados"},"('Tramites', 'MOVIMIENTO')":{"('0068-D-2008', 0)":"CONSIDERACION Y APROBACION"},"('Tramites', 'FECHA')":{"('0068-D-2008', 0)":"21\/05\/2008"},"('Tramites', 'RESULTADO')":{"('0068-D-2008', 0)":"APROBADO"},"Link":{"('0068-D-2008', 0)":"https:\/\/www.hcdn.gob.ar\/proyectos\/textoCompleto.jsp?exp=0068-D-2008&tipo=RESOLUCION"},"Palabra Clave":{"('0068-D-2008', 0)":" "}}