{"Tipo de Proyecto":{"('0069-D-2008', 0)":"PROYECTO DE RESOLUCI\u00d3N","('0069-D-2008', 1)":null,"('0069-D-2008', 2)":null,"('0069-D-2008', 3)":null},"Iniciado en: ":{"('0069-D-2008', 0)":"Diputados","('0069-D-2008', 1)":null,"('0069-D-2008', 2)":null,"('0069-D-2008', 3)":null},"Expediente Diputados: ":{"('0069-D-2008', 0)":"0069-D-2008","('0069-D-2008', 1)":null,"('0069-D-2008', 2)":null,"('0069-D-2008', 3)":null},"Publicado en: ":{"('0069-D-2008', 0)":"Tr\u00e1mite Parlamentario N\u00b0 1","('0069-D-2008', 1)":null,"('0069-D-2008', 2)":null,"('0069-D-2008', 3)":null},"Fecha: ":{"('0069-D-2008', 0)":"03\/03\/2008","('0069-D-2008', 1)":null,"('0069-D-2008', 2)":null,"('0069-D-2008', 3)":null},"T\u00edtulo":{"('0069-D-2008', 0)":"PEDIDO DE INFORMES AL PODER EJECUTIVO SOBRE LA CENTRAL NUCLEAR ATUCHA II.","('0069-D-2008', 1)":null,"('0069-D-2008', 2)":null,"('0069-D-2008', 3)":null},"('Firmantes', 'FIRMANTE')":{"('0069-D-2008', 0)":"GALVALISI, LUIS ALBERTO","('0069-D-2008', 1)":"AMENTA, MARCELO","('0069-D-2008', 2)":"COMELLI, ALICIA MARCELA","('0069-D-2008', 3)":"GRIBAUDO, CHRISTIAN ALEJANDRO"},"('Firmantes', 'DISTRITO')":{"('0069-D-2008', 0)":"CIUDAD de BUENOS AIRES","('0069-D-2008', 1)":"BUENOS AIRES","('0069-D-2008', 2)":"NEUQUEN","('0069-D-2008', 3)":"BUENOS AIRES"},"('Firmantes', 'BLOQUE')":{"('0069-D-2008', 0)":"PRO","('0069-D-2008', 1)":"RECREAR PARA EL CRECIMIENTO","('0069-D-2008', 2)":"MOV POP NEUQUINO","('0069-D-2008', 3)":"PRO"},"('Giros', 'COMISI\u00d3N')":{"('0069-D-2008', 0)":"ENERGIA Y COMBUSTIBLES","('0069-D-2008', 1)":null,"('0069-D-2008', 2)":null,"('0069-D-2008', 3)":null},"Link":{"('0069-D-2008', 0)":"https:\/\/www.hcdn.gob.ar\/proyectos\/textoCompleto.jsp?exp=0069-D-2008&tipo=RESOLUCION","('0069-D-2008', 1)":null,"('0069-D-2008', 2)":null,"('0069-D-2008', 3)":null},"Palabra Clave":{"('0069-D-2008', 0)":" ","('0069-D-2008', 1)":null,"('0069-D-2008', 2)":null,"('0069-D-2008', 3)":null}}