{"Tipo de Proyecto":{"('0071-S-2008', 0)":"PROYECTO DE RESOLUCI\u00d3N","('0071-S-2008', 1)":null,"('0071-S-2008', 2)":null,"('0071-S-2008', 3)":null},"Iniciado en: ":{"('0071-S-2008', 0)":"Senado","('0071-S-2008', 1)":null,"('0071-S-2008', 2)":null,"('0071-S-2008', 3)":null},"Expediente Diputados: ":{"('0071-S-2008', 0)":"0071-S-2008","('0071-S-2008', 1)":null,"('0071-S-2008', 2)":null,"('0071-S-2008', 3)":null},"Expediente Senado: ":{"('0071-S-2008', 0)":"0023-OV-2007","('0071-S-2008', 1)":null,"('0071-S-2008', 2)":null,"('0071-S-2008', 3)":null},"Fecha: ":{"('0071-S-2008', 0)":"23\/06\/2008","('0071-S-2008', 1)":null,"('0071-S-2008', 2)":null,"('0071-S-2008', 3)":null},"T\u00edtulo":{"('0071-S-2008', 0)":"PEDIDO DE INFORMES AL PODER EJECUTIVO SOBRE RESOLUCION REMITIDA POR LA AUDITORIA GENERAL DE LA NACION REFERENTE A LOS ESTADOS FINANCIEROS AL 31 DE DICIEMBRE DE 2005 CORRESPONDIENTES AL PROYECTO PNUD ARG-03-016 \"APOYO A LA EJECUCION DEL PRODISM EN LA PROVINCIA DE RIO NEGRO\" - CONVENIO DE PRESTAMO 830\/OC-AR Y 932\/SF-AR BID.","('0071-S-2008', 1)":null,"('0071-S-2008', 2)":null,"('0071-S-2008', 3)":null},"('Firmantes', 'FIRMANTE')":{"('0071-S-2008', 0)":"PARLAMENTARIA MIXTA REVISORA DE CUENTAS","('0071-S-2008', 1)":null,"('0071-S-2008', 2)":null,"('0071-S-2008', 3)":null},"('Firmantes', 'DISTRITO')":{"('0071-S-2008', 0)":null,"('0071-S-2008', 1)":null,"('0071-S-2008', 2)":null,"('0071-S-2008', 3)":null},"('Firmantes', 'BLOQUE')":{"('0071-S-2008', 0)":null,"('0071-S-2008', 1)":null,"('0071-S-2008', 2)":null,"('0071-S-2008', 3)":null},"('Giros', 'COMISI\u00d3N')":{"('0071-S-2008', 0)":"PARLAMENTARIA MIXTA REVISORA DE CUENTAS","('0071-S-2008', 1)":null,"('0071-S-2008', 2)":null,"('0071-S-2008', 3)":null},"('Tramites', 'C\u00c1MARA')":{"('0071-S-2008', 0)":"Senado","('0071-S-2008', 1)":"Diputados","('0071-S-2008', 2)":"Diputados","('0071-S-2008', 3)":"Diputados"},"('Tramites', 'MOVIMIENTO')":{"('0071-S-2008', 0)":"CONSIDERACION Y APROBACION","('0071-S-2008', 1)":"PASA A DIPUTADOS -","('0071-S-2008', 2)":"CONSIDERACION Y APROBACION","('0071-S-2008', 3)":"CONTESTACION DEL PODER EJECUTIVO NACIONAL - JEFE DE GABINETE DE MINISTROS - GIRADO A LA COMISION RESPECTIVA"},"('Tramites', 'FECHA')":{"('0071-S-2008', 0)":"06\/08\/2008","('0071-S-2008', 1)":null,"('0071-S-2008', 2)":"11\/03\/2009","('0071-S-2008', 3)":"28\/10\/2009"},"('Tramites', 'RESULTADO')":{"('0071-S-2008', 0)":"APROBADO","('0071-S-2008', 1)":null,"('0071-S-2008', 2)":"APROBADO","('0071-S-2008', 3)":null},"Link":{"('0071-S-2008', 0)":"http:\/\/www.senado.gov.ar\/parlamentario\/comisiones\/verExp\/23.07\/OV\/PR","('0071-S-2008', 1)":null,"('0071-S-2008', 2)":null,"('0071-S-2008', 3)":null},"Palabra Clave":{"('0071-S-2008', 0)":" ","('0071-S-2008', 1)":null,"('0071-S-2008', 2)":null,"('0071-S-2008', 3)":null}}