{"Tipo de Proyecto":{"('0072-D-2008', 0)":"PROYECTO DE RESOLUCI\u00d3N","('0072-D-2008', 1)":null,"('0072-D-2008', 2)":null},"Iniciado en: ":{"('0072-D-2008', 0)":"Diputados","('0072-D-2008', 1)":null,"('0072-D-2008', 2)":null},"Expediente Diputados: ":{"('0072-D-2008', 0)":"0072-D-2008","('0072-D-2008', 1)":null,"('0072-D-2008', 2)":null},"Publicado en: ":{"('0072-D-2008', 0)":"Tr\u00e1mite Parlamentario N\u00b0 1","('0072-D-2008', 1)":null,"('0072-D-2008', 2)":null},"Fecha: ":{"('0072-D-2008', 0)":"03\/03\/2008","('0072-D-2008', 1)":null,"('0072-D-2008', 2)":null},"T\u00edtulo":{"('0072-D-2008', 0)":"SOLICITAR AL PODER EJECUTIVO DISPONGA LA APERTURA DE UN CRUCE FERROVIAL EN EL RAMAL 15 VIA PERGAMINO - CASILDA LOCALIDAD DE PEYRANO, VILLA CONSTITUCION, PROVINCIA DE SANTA FE.","('0072-D-2008', 1)":null,"('0072-D-2008', 2)":null},"('Firmantes', 'FIRMANTE')":{"('0072-D-2008', 0)":"GALVALISI, LUIS ALBERTO","('0072-D-2008', 1)":"AMENTA, MARCELO","('0072-D-2008', 2)":"GRIBAUDO, CHRISTIAN ALEJANDRO"},"('Firmantes', 'DISTRITO')":{"('0072-D-2008', 0)":"CIUDAD de BUENOS AIRES","('0072-D-2008', 1)":"BUENOS AIRES","('0072-D-2008', 2)":"BUENOS AIRES"},"('Firmantes', 'BLOQUE')":{"('0072-D-2008', 0)":"PRO","('0072-D-2008', 1)":"RECREAR PARA EL CRECIMIENTO","('0072-D-2008', 2)":"PRO"},"('Giros', 'COMISI\u00d3N')":{"('0072-D-2008', 0)":"TRANSPORTES","('0072-D-2008', 1)":null,"('0072-D-2008', 2)":null},"('Tramites', 'C\u00c1MARA')":{"('0072-D-2008', 0)":"Diputados","('0072-D-2008', 1)":null,"('0072-D-2008', 2)":null},"('Tramites', 'MOVIMIENTO')":{"('0072-D-2008', 0)":"CONSIDERACION Y APROBACION CONJUNTAMENTE PARA LOS EXPEDIENTES 0072-D-2008 y 0151-D-2008","('0072-D-2008', 1)":null,"('0072-D-2008', 2)":null},"('Tramites', 'FECHA')":{"('0072-D-2008', 0)":"20\/08\/2008","('0072-D-2008', 1)":null,"('0072-D-2008', 2)":null},"('Tramites', 'RESULTADO')":{"('0072-D-2008', 0)":"APROBADO","('0072-D-2008', 1)":null,"('0072-D-2008', 2)":null},"Link":{"('0072-D-2008', 0)":"https:\/\/www.hcdn.gob.ar\/proyectos\/textoCompleto.jsp?exp=0072-D-2008&tipo=RESOLUCION","('0072-D-2008', 1)":null,"('0072-D-2008', 2)":null},"Palabra Clave":{"('0072-D-2008', 0)":" ","('0072-D-2008', 1)":null,"('0072-D-2008', 2)":null}}