{"Tipo de Proyecto":{"('0074-D-2008', 0)":"PROYECTO DE DECLARACI\u00d3N"},"Iniciado en: ":{"('0074-D-2008', 0)":"Diputados"},"Expediente Diputados: ":{"('0074-D-2008', 0)":"0074-D-2008"},"Publicado en: ":{"('0074-D-2008', 0)":"Tr\u00e1mite Parlamentario N\u00b0 1"},"Fecha: ":{"('0074-D-2008', 0)":"03\/03\/2008"},"T\u00edtulo":{"('0074-D-2008', 0)":"DECLARAR DE INTERES DE LA H CAMARA EL LIBRO \"POBLACION Y BIENESTAR EN LA ARGENTINA DEL PRIMERO AL SEGUNDO CENTENARIO. UNA HISTORIA SOCIAL DEL SIGLO XX\", DE SUSANA TORRADO."},"('Firmantes', 'FIRMANTE')":{"('0074-D-2008', 0)":"SCALESI, JUAN CARLOS"},"('Firmantes', 'DISTRITO')":{"('0074-D-2008', 0)":"RIO NEGRO"},"('Firmantes', 'BLOQUE')":{"('0074-D-2008', 0)":"DE LA CONCERTACION"},"('Giros', 'COMISI\u00d3N')":{"('0074-D-2008', 0)":"CULTURA"},"('Tramites', 'C\u00c1MARA')":{"('0074-D-2008', 0)":"Diputados"},"('Tramites', 'MOVIMIENTO')":{"('0074-D-2008', 0)":"CONSIDERACION Y APROBACION"},"('Tramites', 'FECHA')":{"('0074-D-2008', 0)":"21\/05\/2008"},"('Tramites', 'RESULTADO')":{"('0074-D-2008', 0)":"APROBADO"},"Link":{"('0074-D-2008', 0)":"https:\/\/www.hcdn.gob.ar\/proyectos\/textoCompleto.jsp?exp=0074-D-2008&tipo=DECLARACION"},"Palabra Clave":{"('0074-D-2008', 0)":" "}}