{"Tipo de Proyecto":{"('0075-S-2008', 0)":"PROYECTO DE RESOLUCI\u00d3N","('0075-S-2008', 1)":null,"('0075-S-2008', 2)":null,"('0075-S-2008', 3)":null},"Iniciado en: ":{"('0075-S-2008', 0)":"Senado","('0075-S-2008', 1)":null,"('0075-S-2008', 2)":null,"('0075-S-2008', 3)":null},"Expediente Diputados: ":{"('0075-S-2008', 0)":"0075-S-2008","('0075-S-2008', 1)":null,"('0075-S-2008', 2)":null,"('0075-S-2008', 3)":null},"Expediente Senado: ":{"('0075-S-2008', 0)":"0056-OV-2007","('0075-S-2008', 1)":null,"('0075-S-2008', 2)":null,"('0075-S-2008', 3)":null},"Fecha: ":{"('0075-S-2008', 0)":"23\/06\/2008","('0075-S-2008', 1)":null,"('0075-S-2008', 2)":null,"('0075-S-2008', 3)":null},"T\u00edtulo":{"('0075-S-2008', 0)":"PEDIDO DE INFORMES AL PODER EJECUTIVO SOBRE RESOLUCION REMITIDA POR LA AUDITORIA GENERAL DE LA NACION REFERENTE A LOS ESTADOS FINANCIEROS EJERCICIO IRREGULAR DE CIERRE FINALIZADO EL 28 DE AGOSTO DE 2006, CORRESPONDIENTES AL PROGRAMA SECTORIAL DE SERVICIOS FINANCIEROS - COOPERACION TECNICA - CONTRATO DE PRESTAMO 1325\/OC-AR BID.","('0075-S-2008', 1)":null,"('0075-S-2008', 2)":null,"('0075-S-2008', 3)":null},"('Firmantes', 'FIRMANTE')":{"('0075-S-2008', 0)":"PARLAMENTARIA MIXTA REVISORA DE CUENTAS","('0075-S-2008', 1)":null,"('0075-S-2008', 2)":null,"('0075-S-2008', 3)":null},"('Firmantes', 'DISTRITO')":{"('0075-S-2008', 0)":null,"('0075-S-2008', 1)":null,"('0075-S-2008', 2)":null,"('0075-S-2008', 3)":null},"('Firmantes', 'BLOQUE')":{"('0075-S-2008', 0)":null,"('0075-S-2008', 1)":null,"('0075-S-2008', 2)":null,"('0075-S-2008', 3)":null},"('Giros', 'COMISI\u00d3N')":{"('0075-S-2008', 0)":"PARLAMENTARIA MIXTA REVISORA DE CUENTAS","('0075-S-2008', 1)":null,"('0075-S-2008', 2)":null,"('0075-S-2008', 3)":null},"('Tramites', 'C\u00c1MARA')":{"('0075-S-2008', 0)":"Senado","('0075-S-2008', 1)":"Diputados","('0075-S-2008', 2)":"Diputados","('0075-S-2008', 3)":"Diputados"},"('Tramites', 'MOVIMIENTO')":{"('0075-S-2008', 0)":"CONSIDERACION Y APROBACION","('0075-S-2008', 1)":"PASA A DIPUTADOS -","('0075-S-2008', 2)":"CONSIDERACION Y APROBACION","('0075-S-2008', 3)":"CONTESTACION DEL PODER EJECUTIVO NACIONAL - JEFE DE GABINETE DE MINISTROS - GIRADO A LA COMISION RESPECTIVA"},"('Tramites', 'FECHA')":{"('0075-S-2008', 0)":"06\/08\/2008","('0075-S-2008', 1)":null,"('0075-S-2008', 2)":"11\/03\/2009","('0075-S-2008', 3)":"04\/11\/2009"},"('Tramites', 'RESULTADO')":{"('0075-S-2008', 0)":"APROBADO","('0075-S-2008', 1)":null,"('0075-S-2008', 2)":"APROBADO","('0075-S-2008', 3)":null},"Link":{"('0075-S-2008', 0)":"http:\/\/www.senado.gov.ar\/parlamentario\/comisiones\/verExp\/56.07\/OV\/PR","('0075-S-2008', 1)":null,"('0075-S-2008', 2)":null,"('0075-S-2008', 3)":null},"Palabra Clave":{"('0075-S-2008', 0)":" ","('0075-S-2008', 1)":null,"('0075-S-2008', 2)":null,"('0075-S-2008', 3)":null}}