{"Tipo de Proyecto":{"('0077-S-2008', 0)":"PROYECTO DE RESOLUCI\u00d3N","('0077-S-2008', 1)":null,"('0077-S-2008', 2)":null,"('0077-S-2008', 3)":null},"Iniciado en: ":{"('0077-S-2008', 0)":"Senado","('0077-S-2008', 1)":null,"('0077-S-2008', 2)":null,"('0077-S-2008', 3)":null},"Expediente Diputados: ":{"('0077-S-2008', 0)":"0077-S-2008","('0077-S-2008', 1)":null,"('0077-S-2008', 2)":null,"('0077-S-2008', 3)":null},"Expediente Senado: ":{"('0077-S-2008', 0)":"0204-OVD-2007","('0077-S-2008', 1)":null,"('0077-S-2008', 2)":null,"('0077-S-2008', 3)":null},"Fecha: ":{"('0077-S-2008', 0)":"23\/06\/2008","('0077-S-2008', 1)":null,"('0077-S-2008', 2)":null,"('0077-S-2008', 3)":null},"T\u00edtulo":{"('0077-S-2008', 0)":"PEDIDO DE INFORMES AL PODER EJECUTIVO SOBRE RESPUESTAS REMITIDAS POR LA JEFATURA DE GABINETE DE MINISTROS, EN RELACION A LAS RESOLUCIONES APROBADAS POR EL HONORABLE CONGRESO DE LA NACION (0018-S-06 Y 0070-S-07) (0204-OVD-07 Y 0686-OVD-07) Y SOBRE LOS ESTADOS FINANCIEROS AL 31 DE DICIEMBRE DE 2006 CORRESPONDIENTES AL PROYECTO PNUD ARG 2\/020 (0397-OV-07) Y AL PROGRAMA DE FORTALECIMIENTO INSTITUCIONAL DEL MINISTERIO DE RELACIONES EXTERIORES, COMERCIO INTERNACIONAL Y CULTO - CONTRATO DE PRESTAMO 1279\/OC AR BID.","('0077-S-2008', 1)":null,"('0077-S-2008', 2)":null,"('0077-S-2008', 3)":null},"('Firmantes', 'FIRMANTE')":{"('0077-S-2008', 0)":"PARLAMENTARIA MIXTA REVISORA DE CUENTAS","('0077-S-2008', 1)":null,"('0077-S-2008', 2)":null,"('0077-S-2008', 3)":null},"('Firmantes', 'DISTRITO')":{"('0077-S-2008', 0)":null,"('0077-S-2008', 1)":null,"('0077-S-2008', 2)":null,"('0077-S-2008', 3)":null},"('Firmantes', 'BLOQUE')":{"('0077-S-2008', 0)":null,"('0077-S-2008', 1)":null,"('0077-S-2008', 2)":null,"('0077-S-2008', 3)":null},"('Giros', 'COMISI\u00d3N')":{"('0077-S-2008', 0)":"PARLAMENTARIA MIXTA REVISORA DE CUENTAS","('0077-S-2008', 1)":null,"('0077-S-2008', 2)":null,"('0077-S-2008', 3)":null},"('Tramites', 'C\u00c1MARA')":{"('0077-S-2008', 0)":"Senado","('0077-S-2008', 1)":"Diputados","('0077-S-2008', 2)":"Diputados","('0077-S-2008', 3)":"Diputados"},"('Tramites', 'MOVIMIENTO')":{"('0077-S-2008', 0)":"CONSIDERACION Y APROBACION","('0077-S-2008', 1)":"PASA A DIPUTADOS -","('0077-S-2008', 2)":"CONSIDERACION Y APROBACION","('0077-S-2008', 3)":"CONTESTACION DEL PODER EJECUTIVO NACIONAL - JEFE DE GABINETE DE MINISTROS - GIRADO A LA COMISION RESPECTIVA"},"('Tramites', 'FECHA')":{"('0077-S-2008', 0)":"06\/08\/2008","('0077-S-2008', 1)":null,"('0077-S-2008', 2)":"11\/03\/2009","('0077-S-2008', 3)":"16\/03\/2011"},"('Tramites', 'RESULTADO')":{"('0077-S-2008', 0)":"APROBADO","('0077-S-2008', 1)":null,"('0077-S-2008', 2)":"APROBADO","('0077-S-2008', 3)":null},"Link":{"('0077-S-2008', 0)":"http:\/\/www.senado.gov.ar\/parlamentario\/comisiones\/verExp\/204.07\/OVD\/PR","('0077-S-2008', 1)":null,"('0077-S-2008', 2)":null,"('0077-S-2008', 3)":null},"Palabra Clave":{"('0077-S-2008', 0)":" ","('0077-S-2008', 1)":null,"('0077-S-2008', 2)":null,"('0077-S-2008', 3)":null}}