{"Tipo de Proyecto":{"('0078-D-2008', 0)":"PROYECTO DE LEY","('0078-D-2008', 1)":null},"Iniciado en: ":{"('0078-D-2008', 0)":"Diputados","('0078-D-2008', 1)":null},"Expediente Diputados: ":{"('0078-D-2008', 0)":"0078-D-2008","('0078-D-2008', 1)":null},"Publicado en: ":{"('0078-D-2008', 0)":"Tr\u00e1mite Parlamentario N\u00b0 1","('0078-D-2008', 1)":null},"Fecha: ":{"('0078-D-2008', 0)":"03\/03\/2008","('0078-D-2008', 1)":null},"T\u00edtulo":{"('0078-D-2008', 0)":"CREACION DEL PROGRAMA NACIONAL EN SEGURIDAD Y EDUCACION VIAL (REPRODUCCION DEL EXPEDIENTE 0656-D-06).","('0078-D-2008', 1)":null},"('Firmantes', 'FIRMANTE')":{"('0078-D-2008', 0)":"GIUDICI, SILVANA MYRIAM","('0078-D-2008', 1)":null},"('Firmantes', 'DISTRITO')":{"('0078-D-2008', 0)":"CIUDAD de BUENOS AIRES","('0078-D-2008', 1)":null},"('Firmantes', 'BLOQUE')":{"('0078-D-2008', 0)":"UCR","('0078-D-2008', 1)":null},"('Giros', 'COMISI\u00d3N')":{"('0078-D-2008', 0)":"TRANSPORTES","('0078-D-2008', 1)":"PRESUPUESTO Y HACIENDA"},"Sumario":{"('0078-D-2008', 0)":"DEPENDIENTE DE LA SECRETARIA DE TRANSPORTE; CREACION DEL OBSERVATORIO DE SEGURIDAD VIAL.","('0078-D-2008', 1)":null},"Palabra Clave":{"('0078-D-2008', 0)":" ","('0078-D-2008', 1)":null}}