{"Tipo de Proyecto":{"('0079-D-2008', 0)":"PROYECTO DE LEY","('0079-D-2008', 1)":null,"('0079-D-2008', 2)":null,"('0079-D-2008', 3)":null},"Iniciado en: ":{"('0079-D-2008', 0)":"Diputados","('0079-D-2008', 1)":null,"('0079-D-2008', 2)":null,"('0079-D-2008', 3)":null},"Expediente Diputados: ":{"('0079-D-2008', 0)":"0079-D-2008","('0079-D-2008', 1)":null,"('0079-D-2008', 2)":null,"('0079-D-2008', 3)":null},"Expediente Senado: ":{"('0079-D-2008', 0)":"0063-CD-2008","('0079-D-2008', 1)":null,"('0079-D-2008', 2)":null,"('0079-D-2008', 3)":null},"Publicado en: ":{"('0079-D-2008', 0)":"Tr\u00e1mite Parlamentario N\u00b0 1","('0079-D-2008', 1)":null,"('0079-D-2008', 2)":null,"('0079-D-2008', 3)":null},"Fecha: ":{"('0079-D-2008', 0)":"03\/03\/2008","('0079-D-2008', 1)":null,"('0079-D-2008', 2)":null,"('0079-D-2008', 3)":null},"T\u00edtulo":{"('0079-D-2008', 0)":"OBRAS SOCIALES, LEY 23660: SUSTITUCION DEL ARTICULO 9 (BENEFICIARIOS, CONVIVIENTES).","('0079-D-2008', 1)":null,"('0079-D-2008', 2)":null,"('0079-D-2008', 3)":null},"('Firmantes', 'FIRMANTE')":{"('0079-D-2008', 0)":"GIUDICI, SILVANA MYRIAM","('0079-D-2008', 1)":"BISUTTI, DELIA BEATRIZ","('0079-D-2008', 2)":null,"('0079-D-2008', 3)":null},"('Firmantes', 'DISTRITO')":{"('0079-D-2008', 0)":"CIUDAD de BUENOS AIRES","('0079-D-2008', 1)":"CIUDAD de BUENOS AIRES","('0079-D-2008', 2)":null,"('0079-D-2008', 3)":null},"('Firmantes', 'BLOQUE')":{"('0079-D-2008', 0)":"UCR","('0079-D-2008', 1)":"ARI AUTONOMO 8 +","('0079-D-2008', 2)":null,"('0079-D-2008', 3)":null},"('Giros', 'COMISI\u00d3N')":{"('0079-D-2008', 0)":"ACCION SOCIAL Y SALUD PUBLICA","('0079-D-2008', 1)":"FAMILIA, MUJER, NI\u00d1EZ Y ADOLESCENCIA","('0079-D-2008', 2)":null,"('0079-D-2008', 3)":null},"('Tramites', 'C\u00c1MARA')":{"('0079-D-2008', 0)":"Diputados","('0079-D-2008', 1)":"Diputados","('0079-D-2008', 2)":"Diputados","('0079-D-2008', 3)":"Senado"},"('Tramites', 'MOVIMIENTO')":{"('0079-D-2008', 0)":"MOCION DE PREFERENCIA PARA LA PROXIMA SESION CON DICTAMEN (AFIRMATIVA)","('0079-D-2008', 1)":"CONSIDERACION Y APROBACION","('0079-D-2008', 2)":"INSERCION DE LAS DIPUTADAS AUGSBURGER Y HOTTON","('0079-D-2008', 3)":"PASA A SENADO -"},"('Tramites', 'FECHA')":{"('0079-D-2008', 0)":"12\/03\/2008","('0079-D-2008', 1)":"27\/08\/2008","('0079-D-2008', 2)":"27\/08\/2008","('0079-D-2008', 3)":null},"('Tramites', 'RESULTADO')":{"('0079-D-2008', 0)":null,"('0079-D-2008', 1)":"MEDIA SANCION","('0079-D-2008', 2)":null,"('0079-D-2008', 3)":null},"Link":{"('0079-D-2008', 0)":"https:\/\/www.hcdn.gob.ar\/proyectos\/textoCompleto.jsp?exp=0079-D-2008&tipo=LEY","('0079-D-2008', 1)":null,"('0079-D-2008', 2)":null,"('0079-D-2008', 3)":null},"Palabra Clave":{"('0079-D-2008', 0)":" ","('0079-D-2008', 1)":null,"('0079-D-2008', 2)":null,"('0079-D-2008', 3)":null}}