{"Tipo de Proyecto":{"('0079-S-2008', 0)":"PROYECTO DE RESOLUCI\u00d3N","('0079-S-2008', 1)":null,"('0079-S-2008', 2)":null,"('0079-S-2008', 3)":null},"Iniciado en: ":{"('0079-S-2008', 0)":"Senado","('0079-S-2008', 1)":null,"('0079-S-2008', 2)":null,"('0079-S-2008', 3)":null},"Expediente Diputados: ":{"('0079-S-2008', 0)":"0079-S-2008","('0079-S-2008', 1)":null,"('0079-S-2008', 2)":null,"('0079-S-2008', 3)":null},"Expediente Senado: ":{"('0079-S-2008', 0)":"0096-OVD-2007","('0079-S-2008', 1)":null,"('0079-S-2008', 2)":null,"('0079-S-2008', 3)":null},"Fecha: ":{"('0079-S-2008', 0)":"14\/07\/2008","('0079-S-2008', 1)":null,"('0079-S-2008', 2)":null,"('0079-S-2008', 3)":null},"T\u00edtulo":{"('0079-S-2008', 0)":"PEDIDO DE INFORMES AL PODER EJECUTIVO SOBRE RESPUESTA DE LA JEFATURA DE GABINETE DE MINISTROS, EN RELACION A LA RESOLUCION APROBADA POR EL HONORABLE CONGRESO DE LA NACION (0123-S-05) (0096-OVD-07) Y RESOLUCION REMITIDA POR LA AUDITORIA GENERAL DE LA NACION SOBRE LOS ESTADOS FINANCIEROS AL 31 DE DICIEMBRE DE 2006 (0196-OV-07) CORRESPONDIENTES AL PROYECTO DE TRANSPORTE URBANO DE BUENOS AIRES - CONVENIO DE PRESTAMO 4163-AR BIRF.","('0079-S-2008', 1)":null,"('0079-S-2008', 2)":null,"('0079-S-2008', 3)":null},"('Firmantes', 'FIRMANTE')":{"('0079-S-2008', 0)":"PARLAMENTARIA MIXTA REVISORA DE CUENTAS","('0079-S-2008', 1)":null,"('0079-S-2008', 2)":null,"('0079-S-2008', 3)":null},"('Firmantes', 'DISTRITO')":{"('0079-S-2008', 0)":null,"('0079-S-2008', 1)":null,"('0079-S-2008', 2)":null,"('0079-S-2008', 3)":null},"('Firmantes', 'BLOQUE')":{"('0079-S-2008', 0)":null,"('0079-S-2008', 1)":null,"('0079-S-2008', 2)":null,"('0079-S-2008', 3)":null},"('Giros', 'COMISI\u00d3N')":{"('0079-S-2008', 0)":"PARLAMENTARIA MIXTA REVISORA DE CUENTAS","('0079-S-2008', 1)":null,"('0079-S-2008', 2)":null,"('0079-S-2008', 3)":null},"('Tramites', 'C\u00c1MARA')":{"('0079-S-2008', 0)":"Senado","('0079-S-2008', 1)":"Diputados","('0079-S-2008', 2)":"Diputados","('0079-S-2008', 3)":"Diputados"},"('Tramites', 'MOVIMIENTO')":{"('0079-S-2008', 0)":"CONSIDERACION Y APROBACION","('0079-S-2008', 1)":"PASA A DIPUTADOS -","('0079-S-2008', 2)":"CONSIDERACION Y APROBACION","('0079-S-2008', 3)":"CONTESTACION DEL PODER EJECUTIVO NACIONAL - JEFE DE GABINETE DE MINISTROS - GIRADO A LA COMISION RESPECTIVA"},"('Tramites', 'FECHA')":{"('0079-S-2008', 0)":"06\/08\/2008","('0079-S-2008', 1)":null,"('0079-S-2008', 2)":"11\/03\/2009","('0079-S-2008', 3)":"17\/03\/2010"},"('Tramites', 'RESULTADO')":{"('0079-S-2008', 0)":"APROBADO","('0079-S-2008', 1)":null,"('0079-S-2008', 2)":"APROBADO","('0079-S-2008', 3)":null},"Link":{"('0079-S-2008', 0)":"http:\/\/www.senado.gov.ar\/parlamentario\/comisiones\/verExp\/96.07\/OVD\/PR","('0079-S-2008', 1)":null,"('0079-S-2008', 2)":null,"('0079-S-2008', 3)":null},"Palabra Clave":{"('0079-S-2008', 0)":" ","('0079-S-2008', 1)":null,"('0079-S-2008', 2)":null,"('0079-S-2008', 3)":null}}