{"Tipo de Proyecto":{"('0080-D-2008', 0)":"PROYECTO DE LEY","('0080-D-2008', 1)":null,"('0080-D-2008', 2)":null,"('0080-D-2008', 3)":null,"('0080-D-2008', 4)":null,"('0080-D-2008', 5)":null,"('0080-D-2008', 6)":null,"('0080-D-2008', 7)":null,"('0080-D-2008', 8)":null,"('0080-D-2008', 9)":null},"Iniciado en: ":{"('0080-D-2008', 0)":"Diputados","('0080-D-2008', 1)":null,"('0080-D-2008', 2)":null,"('0080-D-2008', 3)":null,"('0080-D-2008', 4)":null,"('0080-D-2008', 5)":null,"('0080-D-2008', 6)":null,"('0080-D-2008', 7)":null,"('0080-D-2008', 8)":null,"('0080-D-2008', 9)":null},"Expediente Diputados: ":{"('0080-D-2008', 0)":"0080-D-2008","('0080-D-2008', 1)":null,"('0080-D-2008', 2)":null,"('0080-D-2008', 3)":null,"('0080-D-2008', 4)":null,"('0080-D-2008', 5)":null,"('0080-D-2008', 6)":null,"('0080-D-2008', 7)":null,"('0080-D-2008', 8)":null,"('0080-D-2008', 9)":null},"Publicado en: ":{"('0080-D-2008', 0)":"Tr\u00e1mite Parlamentario N\u00b0 1","('0080-D-2008', 1)":null,"('0080-D-2008', 2)":null,"('0080-D-2008', 3)":null,"('0080-D-2008', 4)":null,"('0080-D-2008', 5)":null,"('0080-D-2008', 6)":null,"('0080-D-2008', 7)":null,"('0080-D-2008', 8)":null,"('0080-D-2008', 9)":null},"Fecha: ":{"('0080-D-2008', 0)":"03\/03\/2008","('0080-D-2008', 1)":null,"('0080-D-2008', 2)":null,"('0080-D-2008', 3)":null,"('0080-D-2008', 4)":null,"('0080-D-2008', 5)":null,"('0080-D-2008', 6)":null,"('0080-D-2008', 7)":null,"('0080-D-2008', 8)":null,"('0080-D-2008', 9)":null},"T\u00edtulo":{"('0080-D-2008', 0)":"IMPUESTO A LAS GANANCIAS, LEY 20628 (TO 1997): SUSTITUCION DEL INCISO I) DEL ARTICULO 20, SOBRE INTERESES RECONOCIDOS EN SEDE JUDICIAL O ADMINISTRATIVA COMO ACCESORIOS DE DE CREDITOS LABORALES.","('0080-D-2008', 1)":null,"('0080-D-2008', 2)":null,"('0080-D-2008', 3)":null,"('0080-D-2008', 4)":null,"('0080-D-2008', 5)":null,"('0080-D-2008', 6)":null,"('0080-D-2008', 7)":null,"('0080-D-2008', 8)":null,"('0080-D-2008', 9)":null},"('Firmantes', 'FIRMANTE')":{"('0080-D-2008', 0)":"PAIS, JUAN MARIO","('0080-D-2008', 1)":"CHIQUICHANO, ROSA LAUDELINA","('0080-D-2008', 2)":"GARCIA DE MORENO, EVA","('0080-D-2008', 3)":"CORDOBA, JOSE MANUEL","('0080-D-2008', 4)":"MOREJON, MANUEL AMOR","('0080-D-2008', 5)":"KORENFELD, BEATRIZ LILIANA","('0080-D-2008', 6)":"CALCHAQUI, MARIEL","('0080-D-2008', 7)":"MASSEI, OSCAR","('0080-D-2008', 8)":"GONZALEZ, NANCY SUSANA","('0080-D-2008', 9)":"CEJAS, JORGE ALBERTO"},"('Firmantes', 'DISTRITO')":{"('0080-D-2008', 0)":"CHUBUT","('0080-D-2008', 1)":"CHUBUT","('0080-D-2008', 2)":"CHUBUT","('0080-D-2008', 3)":"SANTA CRUZ","('0080-D-2008', 4)":"CHUBUT","('0080-D-2008', 5)":"SANTA CRUZ","('0080-D-2008', 6)":"TIERRA DEL FUEGO","('0080-D-2008', 7)":"NEUQUEN","('0080-D-2008', 8)":"CHUBUT","('0080-D-2008', 9)":"RIO NEGRO"},"('Firmantes', 'BLOQUE')":{"('0080-D-2008', 0)":"FRENTE PARA LA VICTORIA - PJ","('0080-D-2008', 1)":"FRENTE PARA LA VICTORIA - PJ","('0080-D-2008', 2)":"FRENTE PARA LA VICTORIA - PJ","('0080-D-2008', 3)":"FRENTE PARA LA VICTORIA - PJ","('0080-D-2008', 4)":"FRENTE PARA LA VICTORIA - PJ","('0080-D-2008', 5)":"FRENTE PARA LA VICTORIA - PJ","('0080-D-2008', 6)":"FRENTE PARA LA VICTORIA - PJ","('0080-D-2008', 7)":"FRENTE PARA LA VICTORIA - PJ","('0080-D-2008', 8)":"FRENTE PARA LA VICTORIA - PJ","('0080-D-2008', 9)":"FRENTE PARA LA VICTORIA - PJ"},"('Giros', 'COMISI\u00d3N')":{"('0080-D-2008', 0)":"PRESUPUESTO Y HACIENDA","('0080-D-2008', 1)":"LEGISLACION DEL TRABAJO","('0080-D-2008', 2)":null,"('0080-D-2008', 3)":null,"('0080-D-2008', 4)":null,"('0080-D-2008', 5)":null,"('0080-D-2008', 6)":null,"('0080-D-2008', 7)":null,"('0080-D-2008', 8)":null,"('0080-D-2008', 9)":null},"Link":{"('0080-D-2008', 0)":"https:\/\/www.hcdn.gob.ar\/proyectos\/textoCompleto.jsp?exp=0080-D-2008&tipo=LEY","('0080-D-2008', 1)":null,"('0080-D-2008', 2)":null,"('0080-D-2008', 3)":null,"('0080-D-2008', 4)":null,"('0080-D-2008', 5)":null,"('0080-D-2008', 6)":null,"('0080-D-2008', 7)":null,"('0080-D-2008', 8)":null,"('0080-D-2008', 9)":null},"Palabra Clave":{"('0080-D-2008', 0)":" ","('0080-D-2008', 1)":null,"('0080-D-2008', 2)":null,"('0080-D-2008', 3)":null,"('0080-D-2008', 4)":null,"('0080-D-2008', 5)":null,"('0080-D-2008', 6)":null,"('0080-D-2008', 7)":null,"('0080-D-2008', 8)":null,"('0080-D-2008', 9)":null}}