{"Tipo de Proyecto":{"('0082-D-2008', 0)":"PROYECTO DE LEY","('0082-D-2008', 1)":null},"Iniciado en: ":{"('0082-D-2008', 0)":"Diputados","('0082-D-2008', 1)":null},"Expediente Diputados: ":{"('0082-D-2008', 0)":"0082-D-2008","('0082-D-2008', 1)":null},"Publicado en: ":{"('0082-D-2008', 0)":"Tr\u00e1mite Parlamentario N\u00b0 1","('0082-D-2008', 1)":null},"Fecha: ":{"('0082-D-2008', 0)":"03\/03\/2008","('0082-D-2008', 1)":null},"T\u00edtulo":{"('0082-D-2008', 0)":"CREACION DEL AREA METROPOLITANA BUENOS AIRES (AMBA) (REPRODUCCION DEL EXPEDIENTE 0251-D-06).","('0082-D-2008', 1)":null},"('Firmantes', 'FIRMANTE')":{"('0082-D-2008', 0)":"VILLAVERDE, JORGE ANTONIO","('0082-D-2008', 1)":null},"('Firmantes', 'DISTRITO')":{"('0082-D-2008', 0)":"BUENOS AIRES","('0082-D-2008', 1)":null},"('Firmantes', 'BLOQUE')":{"('0082-D-2008', 0)":"FRENTE PARA LA VICTORIA - PJ","('0082-D-2008', 1)":null},"('Giros', 'COMISI\u00d3N')":{"('0082-D-2008', 0)":"POBLACION Y DESARROLLO HUMANO","('0082-D-2008', 1)":"ECONOMIAS Y DESARROLLO REGIONAL"},"Sumario":{"('0082-D-2008', 0)":"DISPOSICIONES GENERALES; FINALIDAD; MECANISMO DE CONCERTACION; ORGANISMOS DE APLICACION: ASAMBLEA GENERAL METROPOLITANA, JUNTA DIRECTIVA, SECRETARIA PERMANENTE, CONSEJO CONSULTIVO.","('0082-D-2008', 1)":null},"Palabra Clave":{"('0082-D-2008', 0)":" ","('0082-D-2008', 1)":null}}