{"Tipo de Proyecto":{"('0082-S-2008', 0)":"PROYECTO DE RESOLUCI\u00d3N","('0082-S-2008', 1)":null,"('0082-S-2008', 2)":null,"('0082-S-2008', 3)":null},"Iniciado en: ":{"('0082-S-2008', 0)":"Senado","('0082-S-2008', 1)":null,"('0082-S-2008', 2)":null,"('0082-S-2008', 3)":null},"Expediente Diputados: ":{"('0082-S-2008', 0)":"0082-S-2008","('0082-S-2008', 1)":null,"('0082-S-2008', 2)":null,"('0082-S-2008', 3)":null},"Expediente Senado: ":{"('0082-S-2008', 0)":"0199-OVD-2007","('0082-S-2008', 1)":null,"('0082-S-2008', 2)":null,"('0082-S-2008', 3)":null},"Fecha: ":{"('0082-S-2008', 0)":"14\/07\/2008","('0082-S-2008', 1)":null,"('0082-S-2008', 2)":null,"('0082-S-2008', 3)":null},"T\u00edtulo":{"('0082-S-2008', 0)":"PEDIDO DE INFORMES AL PODER EJECUTIVO SOBRE RESPUESTAS REMITIDAS POR LA JEFATURA DE GABINETE DE MINISTROS EN RELACION A LAS RESOLUCIONES 0133-S-05 (0199-OVD-07) Y 0169-S-06 (0028-OVD-07) APROBADAS POR EL HONORABLE CONGRESO DE LA NACION, Y SOBRE RESOLUCIONES REMITIDAS POR LA AUDITORIA GENERAL DE LA NACION, REFERENTES A LOS ESTADOS FINANCIEROS DEL PROGRAMA DE REFORMA DE LA EDUCACION SUPERIOR TECNICA NO UNIVERSITARIA - CONTRATO DE PRESTAMO 1060\/OC-AR BID, EJERCICIO 7 AL 31 DE DICIEMBRE DE 2005 (0428-OV-06) Y EJERCICIO FINALIZADO EL 31 DE DICIEMBRE DE 2006 (0368-OV-07).","('0082-S-2008', 1)":null,"('0082-S-2008', 2)":null,"('0082-S-2008', 3)":null},"('Firmantes', 'FIRMANTE')":{"('0082-S-2008', 0)":"PARLAMENTARIA MIXTA REVISORA DE CUENTAS","('0082-S-2008', 1)":null,"('0082-S-2008', 2)":null,"('0082-S-2008', 3)":null},"('Firmantes', 'DISTRITO')":{"('0082-S-2008', 0)":null,"('0082-S-2008', 1)":null,"('0082-S-2008', 2)":null,"('0082-S-2008', 3)":null},"('Firmantes', 'BLOQUE')":{"('0082-S-2008', 0)":null,"('0082-S-2008', 1)":null,"('0082-S-2008', 2)":null,"('0082-S-2008', 3)":null},"('Giros', 'COMISI\u00d3N')":{"('0082-S-2008', 0)":"PARLAMENTARIA MIXTA REVISORA DE CUENTAS","('0082-S-2008', 1)":null,"('0082-S-2008', 2)":null,"('0082-S-2008', 3)":null},"('Tramites', 'C\u00c1MARA')":{"('0082-S-2008', 0)":"Senado","('0082-S-2008', 1)":"Diputados","('0082-S-2008', 2)":"Diputados","('0082-S-2008', 3)":"Diputados"},"('Tramites', 'MOVIMIENTO')":{"('0082-S-2008', 0)":"CONSIDERACION Y APROBACION","('0082-S-2008', 1)":"PASA A DIPUTADOS -","('0082-S-2008', 2)":"CONSIDERACION Y APROBACION","('0082-S-2008', 3)":"CONTESTACION DEL PODER EJECUTIVO NACIONAL - JEFE DE GABINETE DE MINISTROS - GIRADO A LA COMISION RESPECTIVA"},"('Tramites', 'FECHA')":{"('0082-S-2008', 0)":"06\/08\/2008","('0082-S-2008', 1)":null,"('0082-S-2008', 2)":"11\/03\/2009","('0082-S-2008', 3)":"04\/11\/2009"},"('Tramites', 'RESULTADO')":{"('0082-S-2008', 0)":"APROBADO","('0082-S-2008', 1)":null,"('0082-S-2008', 2)":"APROBADO","('0082-S-2008', 3)":null},"Link":{"('0082-S-2008', 0)":"http:\/\/www.senado.gov.ar\/parlamentario\/comisiones\/verExp\/199.07\/OVD\/PR","('0082-S-2008', 1)":null,"('0082-S-2008', 2)":null,"('0082-S-2008', 3)":null},"Palabra Clave":{"('0082-S-2008', 0)":" ","('0082-S-2008', 1)":null,"('0082-S-2008', 2)":null,"('0082-S-2008', 3)":null}}