{"Tipo de Proyecto":{"('0083-S-2008', 0)":"PROYECTO DE RESOLUCI\u00d3N","('0083-S-2008', 1)":null,"('0083-S-2008', 2)":null,"('0083-S-2008', 3)":null},"Iniciado en: ":{"('0083-S-2008', 0)":"Senado","('0083-S-2008', 1)":null,"('0083-S-2008', 2)":null,"('0083-S-2008', 3)":null},"Expediente Diputados: ":{"('0083-S-2008', 0)":"0083-S-2008","('0083-S-2008', 1)":null,"('0083-S-2008', 2)":null,"('0083-S-2008', 3)":null},"Expediente Senado: ":{"('0083-S-2008', 0)":"0167-OV-2006","('0083-S-2008', 1)":null,"('0083-S-2008', 2)":null,"('0083-S-2008', 3)":null},"Fecha: ":{"('0083-S-2008', 0)":"14\/07\/2008","('0083-S-2008', 1)":null,"('0083-S-2008', 2)":null,"('0083-S-2008', 3)":null},"T\u00edtulo":{"('0083-S-2008', 0)":"PEDIDO DE INFORMES AL PODER EJECUTIVO SOBRE RESOLUCION REMITIDA POR LA AUDITORIA GENERAL DE LA NACION REFERENTE A CONTROLES RESPECTO DE LAS DIVERSAS MODALIDADES DEL SERVICIO DE OFERTA LIBRE, REALIZADO EN EL AMBITO DE LA COMISION NACIONAL DE LA REGULACION DEL TRANSPORTE (CNRT).","('0083-S-2008', 1)":null,"('0083-S-2008', 2)":null,"('0083-S-2008', 3)":null},"('Firmantes', 'FIRMANTE')":{"('0083-S-2008', 0)":"PARLAMENTARIA MIXTA REVISORA DE CUENTAS","('0083-S-2008', 1)":null,"('0083-S-2008', 2)":null,"('0083-S-2008', 3)":null},"('Firmantes', 'DISTRITO')":{"('0083-S-2008', 0)":null,"('0083-S-2008', 1)":null,"('0083-S-2008', 2)":null,"('0083-S-2008', 3)":null},"('Firmantes', 'BLOQUE')":{"('0083-S-2008', 0)":null,"('0083-S-2008', 1)":null,"('0083-S-2008', 2)":null,"('0083-S-2008', 3)":null},"('Giros', 'COMISI\u00d3N')":{"('0083-S-2008', 0)":"PARLAMENTARIA MIXTA REVISORA DE CUENTAS","('0083-S-2008', 1)":null,"('0083-S-2008', 2)":null,"('0083-S-2008', 3)":null},"('Tramites', 'C\u00c1MARA')":{"('0083-S-2008', 0)":"Senado","('0083-S-2008', 1)":"Diputados","('0083-S-2008', 2)":"Diputados","('0083-S-2008', 3)":"Diputados"},"('Tramites', 'MOVIMIENTO')":{"('0083-S-2008', 0)":"CONSIDERACION Y APROBACION","('0083-S-2008', 1)":"PASA A DIPUTADOS -","('0083-S-2008', 2)":"CONSIDERACION Y APROBACION","('0083-S-2008', 3)":"CONTESTACION DEL PODER EJECUTIVO NACIONAL - JEFE DE GABINETE DE MINISTROS - GIRADO A LA COMISION RESPECTIVA"},"('Tramites', 'FECHA')":{"('0083-S-2008', 0)":"06\/08\/2008","('0083-S-2008', 1)":null,"('0083-S-2008', 2)":"11\/03\/2009","('0083-S-2008', 3)":"17\/03\/2010"},"('Tramites', 'RESULTADO')":{"('0083-S-2008', 0)":"APROBADO","('0083-S-2008', 1)":null,"('0083-S-2008', 2)":"APROBADO","('0083-S-2008', 3)":null},"Link":{"('0083-S-2008', 0)":"http:\/\/www.senado.gov.ar\/parlamentario\/comisiones\/verExp\/167.06\/OV\/PR","('0083-S-2008', 1)":null,"('0083-S-2008', 2)":null,"('0083-S-2008', 3)":null},"Palabra Clave":{"('0083-S-2008', 0)":" ","('0083-S-2008', 1)":null,"('0083-S-2008', 2)":null,"('0083-S-2008', 3)":null}}