{"Tipo de Proyecto":{"('0083-D-2008', 0)":"PROYECTO DE LEY","('0083-D-2008', 1)":null},"Iniciado en: ":{"('0083-D-2008', 0)":"Diputados","('0083-D-2008', 1)":null},"Expediente Diputados: ":{"('0083-D-2008', 0)":"0083-D-2008","('0083-D-2008', 1)":null},"Publicado en: ":{"('0083-D-2008', 0)":"Tr\u00e1mite Parlamentario N\u00b0 1","('0083-D-2008', 1)":null},"Fecha: ":{"('0083-D-2008', 0)":"03\/03\/2008","('0083-D-2008', 1)":null},"T\u00edtulo":{"('0083-D-2008', 0)":"CREACION DE LA DIRECCION NACIONAL DEL VETERANO DE GUERRA DE LA REPUBLICA ARGENTINA EN EL AMBITO DEL MINISTERIO DE DEFENSA NACIONAL (REPRODUCCION DEL EXPEDIENTE 4347-D-06).","('0083-D-2008', 1)":null},"('Firmantes', 'FIRMANTE')":{"('0083-D-2008', 0)":"VILLAVERDE, JORGE ANTONIO","('0083-D-2008', 1)":null},"('Firmantes', 'DISTRITO')":{"('0083-D-2008', 0)":"BUENOS AIRES","('0083-D-2008', 1)":null},"('Firmantes', 'BLOQUE')":{"('0083-D-2008', 0)":"FRENTE PARA LA VICTORIA - PJ","('0083-D-2008', 1)":null},"('Giros', 'COMISI\u00d3N')":{"('0083-D-2008', 0)":"DEFENSA NACIONAL","('0083-D-2008', 1)":"PRESUPUESTO Y HACIENDA"},"Sumario":{"('0083-D-2008', 0)":"FUNCIONES; PRESUPUESTO.","('0083-D-2008', 1)":null},"Palabra Clave":{"('0083-D-2008', 0)":" ","('0083-D-2008', 1)":null}}