{"Tipo de Proyecto":{"('0085-S-2008', 0)":"PROYECTO DE RESOLUCI\u00d3N","('0085-S-2008', 1)":null,"('0085-S-2008', 2)":null,"('0085-S-2008', 3)":null},"Iniciado en: ":{"('0085-S-2008', 0)":"Senado","('0085-S-2008', 1)":null,"('0085-S-2008', 2)":null,"('0085-S-2008', 3)":null},"Expediente Diputados: ":{"('0085-S-2008', 0)":"0085-S-2008","('0085-S-2008', 1)":null,"('0085-S-2008', 2)":null,"('0085-S-2008', 3)":null},"Expediente Senado: ":{"('0085-S-2008', 0)":"0284-OV-2007","('0085-S-2008', 1)":null,"('0085-S-2008', 2)":null,"('0085-S-2008', 3)":null},"Fecha: ":{"('0085-S-2008', 0)":"15\/07\/2008","('0085-S-2008', 1)":null,"('0085-S-2008', 2)":null,"('0085-S-2008', 3)":null},"T\u00edtulo":{"('0085-S-2008', 0)":"PEDIDO DE INFORMES AL PODER EJECUTIVO SOBRE RESOLUCION REMITIDA POR LA AUDITORIA GENERAL DE LA NACION REFERENTE A LOS ESTADOS FINANCIEROS AL 31 DE DICIEMBRE DE 2006 CORRESPONDIENTES AL PROYECTO DE ENERGIAS RENOVABLES EN MERCADOS RURALES - CONVENIO DE PRESTAMO 4454-AR Y CONVENIO DE DONACION TF 20548 GEF.","('0085-S-2008', 1)":null,"('0085-S-2008', 2)":null,"('0085-S-2008', 3)":null},"('Firmantes', 'FIRMANTE')":{"('0085-S-2008', 0)":"PARLAMENTARIA MIXTA REVISORA DE CUENTAS","('0085-S-2008', 1)":null,"('0085-S-2008', 2)":null,"('0085-S-2008', 3)":null},"('Firmantes', 'DISTRITO')":{"('0085-S-2008', 0)":null,"('0085-S-2008', 1)":null,"('0085-S-2008', 2)":null,"('0085-S-2008', 3)":null},"('Firmantes', 'BLOQUE')":{"('0085-S-2008', 0)":null,"('0085-S-2008', 1)":null,"('0085-S-2008', 2)":null,"('0085-S-2008', 3)":null},"('Giros', 'COMISI\u00d3N')":{"('0085-S-2008', 0)":"PARLAMENTARIA MIXTA REVISORA DE CUENTAS","('0085-S-2008', 1)":null,"('0085-S-2008', 2)":null,"('0085-S-2008', 3)":null},"('Tramites', 'C\u00c1MARA')":{"('0085-S-2008', 0)":"Senado","('0085-S-2008', 1)":"Diputados","('0085-S-2008', 2)":"Diputados","('0085-S-2008', 3)":"Diputados"},"('Tramites', 'MOVIMIENTO')":{"('0085-S-2008', 0)":"CONSIDERACION Y APROBACION","('0085-S-2008', 1)":"PASA A DIPUTADOS -","('0085-S-2008', 2)":"CONSIDERACION Y APROBACION","('0085-S-2008', 3)":"CONTESTACION DEL PODER EJECUTIVO NACIONAL - JEFE DE GABINETE DE MINISTROS - GIRADO A LA COMISION RESPECTIVA"},"('Tramites', 'FECHA')":{"('0085-S-2008', 0)":"06\/08\/2008","('0085-S-2008', 1)":null,"('0085-S-2008', 2)":"11\/03\/2009","('0085-S-2008', 3)":"16\/03\/2011"},"('Tramites', 'RESULTADO')":{"('0085-S-2008', 0)":"APROBADO","('0085-S-2008', 1)":null,"('0085-S-2008', 2)":"APROBADO","('0085-S-2008', 3)":null},"Link":{"('0085-S-2008', 0)":"http:\/\/www.senado.gov.ar\/parlamentario\/comisiones\/verExp\/284.07\/OV\/PR","('0085-S-2008', 1)":null,"('0085-S-2008', 2)":null,"('0085-S-2008', 3)":null},"Palabra Clave":{"('0085-S-2008', 0)":" ","('0085-S-2008', 1)":null,"('0085-S-2008', 2)":null,"('0085-S-2008', 3)":null}}