{"Tipo de Proyecto":{"('0086-S-2008', 0)":"PROYECTO DE RESOLUCI\u00d3N","('0086-S-2008', 1)":null,"('0086-S-2008', 2)":null},"Iniciado en: ":{"('0086-S-2008', 0)":"Senado","('0086-S-2008', 1)":null,"('0086-S-2008', 2)":null},"Expediente Diputados: ":{"('0086-S-2008', 0)":"0086-S-2008","('0086-S-2008', 1)":null,"('0086-S-2008', 2)":null},"Expediente Senado: ":{"('0086-S-2008', 0)":"0345-OV-2007","('0086-S-2008', 1)":null,"('0086-S-2008', 2)":null},"Fecha: ":{"('0086-S-2008', 0)":"15\/07\/2008","('0086-S-2008', 1)":null,"('0086-S-2008', 2)":null},"T\u00edtulo":{"('0086-S-2008', 0)":"PEDIDO DE INFORMES AL PODER EJECUTIVO SOBRE RESOLUCION REMITIDA POR LA AUDITORIA GENERAL DE LA NACION REFERENTE A LOS ESTADOS FINANCIEROS AL 31 DE DICIEMBRE DE 2006 CORRESPONDIENTES AL PROYECTO DE DESARROLLO RURAL DE LAS PROVINCIAS DEL NOROESTE ARGENTINO (PRODERNOA) - CONTRATO DE PRESTAMO 514-AR FIDA.","('0086-S-2008', 1)":null,"('0086-S-2008', 2)":null},"('Firmantes', 'FIRMANTE')":{"('0086-S-2008', 0)":"PARLAMENTARIA MIXTA REVISORA DE CUENTAS","('0086-S-2008', 1)":null,"('0086-S-2008', 2)":null},"('Firmantes', 'DISTRITO')":{"('0086-S-2008', 0)":null,"('0086-S-2008', 1)":null,"('0086-S-2008', 2)":null},"('Firmantes', 'BLOQUE')":{"('0086-S-2008', 0)":null,"('0086-S-2008', 1)":null,"('0086-S-2008', 2)":null},"('Giros', 'COMISI\u00d3N')":{"('0086-S-2008', 0)":"PARLAMENTARIA MIXTA REVISORA DE CUENTAS","('0086-S-2008', 1)":null,"('0086-S-2008', 2)":null},"('Tramites', 'C\u00c1MARA')":{"('0086-S-2008', 0)":"Senado","('0086-S-2008', 1)":"Diputados","('0086-S-2008', 2)":"Diputados"},"('Tramites', 'MOVIMIENTO')":{"('0086-S-2008', 0)":"CONSIDERACION Y APROBACION","('0086-S-2008', 1)":"PASA A DIPUTADOS -","('0086-S-2008', 2)":"CONSIDERACION Y APROBACION"},"('Tramites', 'FECHA')":{"('0086-S-2008', 0)":"06\/08\/2008","('0086-S-2008', 1)":null,"('0086-S-2008', 2)":"11\/03\/2009"},"('Tramites', 'RESULTADO')":{"('0086-S-2008', 0)":"APROBADO","('0086-S-2008', 1)":null,"('0086-S-2008', 2)":"APROBADO"},"Link":{"('0086-S-2008', 0)":"http:\/\/www.senado.gov.ar\/parlamentario\/comisiones\/verExp\/345.07\/OV\/PR","('0086-S-2008', 1)":null,"('0086-S-2008', 2)":null},"Palabra Clave":{"('0086-S-2008', 0)":" ","('0086-S-2008', 1)":null,"('0086-S-2008', 2)":null}}