{"Tipo de Proyecto":{"('0088-S-2008', 0)":"PROYECTO DE RESOLUCI\u00d3N","('0088-S-2008', 1)":null,"('0088-S-2008', 2)":null},"Iniciado en: ":{"('0088-S-2008', 0)":"Senado","('0088-S-2008', 1)":null,"('0088-S-2008', 2)":null},"Expediente Diputados: ":{"('0088-S-2008', 0)":"0088-S-2008","('0088-S-2008', 1)":null,"('0088-S-2008', 2)":null},"Expediente Senado: ":{"('0088-S-2008', 0)":"0242-OV-2007","('0088-S-2008', 1)":null,"('0088-S-2008', 2)":null},"Fecha: ":{"('0088-S-2008', 0)":"15\/07\/2008","('0088-S-2008', 1)":null,"('0088-S-2008', 2)":null},"T\u00edtulo":{"('0088-S-2008', 0)":"PEDIDO DE INFORMES AL PODER EJECUTIVO SOBRE RESOLUCION REMITIDA POR LA AUDITORIA GENERAL DE LA NACION REFERENTE A LA CUENTA DE INVERSIONES EJERCICIO FISCAL 2004 Y DESCARGO CORRESPONDIENTE AL INSTITUTO DE AYUDA FINANCIERA PARA EL PAGO DE RETIROS Y PENSIONES MILITARES (IAFPRPM).","('0088-S-2008', 1)":null,"('0088-S-2008', 2)":null},"('Firmantes', 'FIRMANTE')":{"('0088-S-2008', 0)":"PARLAMENTARIA MIXTA REVISORA DE CUENTAS","('0088-S-2008', 1)":null,"('0088-S-2008', 2)":null},"('Firmantes', 'DISTRITO')":{"('0088-S-2008', 0)":null,"('0088-S-2008', 1)":null,"('0088-S-2008', 2)":null},"('Firmantes', 'BLOQUE')":{"('0088-S-2008', 0)":null,"('0088-S-2008', 1)":null,"('0088-S-2008', 2)":null},"('Giros', 'COMISI\u00d3N')":{"('0088-S-2008', 0)":"PARLAMENTARIA MIXTA REVISORA DE CUENTAS","('0088-S-2008', 1)":null,"('0088-S-2008', 2)":null},"('Tramites', 'C\u00c1MARA')":{"('0088-S-2008', 0)":"Senado","('0088-S-2008', 1)":"Diputados","('0088-S-2008', 2)":"Diputados"},"('Tramites', 'MOVIMIENTO')":{"('0088-S-2008', 0)":"CONSIDERACION Y APROBACION","('0088-S-2008', 1)":"PASA A DIPUTADOS -","('0088-S-2008', 2)":"CONSIDERACION Y APROBACION"},"('Tramites', 'FECHA')":{"('0088-S-2008', 0)":"06\/08\/2008","('0088-S-2008', 1)":null,"('0088-S-2008', 2)":"11\/03\/2009"},"('Tramites', 'RESULTADO')":{"('0088-S-2008', 0)":"APROBADO","('0088-S-2008', 1)":null,"('0088-S-2008', 2)":"APROBADO"},"Link":{"('0088-S-2008', 0)":"http:\/\/www.senado.gov.ar\/parlamentario\/comisiones\/verExp\/242.07\/OV\/PR","('0088-S-2008', 1)":null,"('0088-S-2008', 2)":null},"Palabra Clave":{"('0088-S-2008', 0)":" ","('0088-S-2008', 1)":null,"('0088-S-2008', 2)":null}}