{"Tipo de Proyecto":{"('0093-OV-2008', 0)":"PROYECTO DE RESOLUCI\u00d3N"},"Iniciado en: ":{"('0093-OV-2008', 0)":"Senado"},"Expediente Senado: ":{"('0093-OV-2008', 0)":"0093-OV-2008"},"Fecha: ":{"('0093-OV-2008', 0)":"07\/11\/2008"},"T\u00edtulo":{"('0093-OV-2008', 0)":"RESOLUCION REMITIDA POR LA AUDITORIA GENERAL DE LA NACION SOBRE LOS ESTADOS FINANCIEROS AL 31 DE DICIEMBRE DE 2006, CORRESPONDIANTES AL PROGRAMA DE CAMINOS PROVINCIALES - CONVENIO DE PRESTAMO 4093-AR BIRF."},"('Firmantes', 'FIRMANTE')":{"('0093-OV-2008', 0)":"PARLAMENTARIA MIXTA REVISORA DE CUENTAS"},"('Firmantes', 'DISTRITO')":{"('0093-OV-2008', 0)":null},"('Firmantes', 'BLOQUE')":{"('0093-OV-2008', 0)":null},"('Tramites', 'C\u00c1MARA')":{"('0093-OV-2008', 0)":"Senado"},"('Tramites', 'MOVIMIENTO')":{"('0093-OV-2008', 0)":"CONSIDERACION Y APROBACION (AL ARCHIVO)"},"('Tramites', 'FECHA')":{"('0093-OV-2008', 0)":"02\/12\/2009"},"('Tramites', 'RESULTADO')":{"('0093-OV-2008', 0)":"APROBADO"},"Sumario":{"('0093-OV-2008', 0)":"HABIENDO TOMADO CONOCIMIENTO Y SIN PERJUICIO DE ULTERIORES MEDIDAS QUE PUEDAN ADOPTARSE, SE ACONSEJA SU REMISION AL ARCHIVO."},"Palabra Clave":{"('0093-OV-2008', 0)":" "}}