{"Tipo de Proyecto":{"('0094-S-2008', 0)":"PROYECTO DE DECLARACI\u00d3N"},"Iniciado en: ":{"('0094-S-2008', 0)":"Senado"},"Expediente Senado: ":{"('0094-S-2008', 0)":"0094-S-2008"},"Publicado en: ":{"('0094-S-2008', 0)":"Diario de Asuntos Entrados N\u00b0 4"},"Fecha: ":{"('0094-S-2008', 0)":"04\/03\/2008"},"T\u00edtulo":{"('0094-S-2008', 0)":"EXPRESAR RECONOCIMIENTO A LINEAS AEREAS DEL ESTADO (LADE) POR SER LA PRIMERA LINEA AEREA DE FOMENTO AEROCOMERCIAL DEL MUNDO."},"('Firmantes', 'FIRMANTE')":{"('0094-S-2008', 0)":"COLAZO, MARIO JORGE"},"('Firmantes', 'DISTRITO')":{"('0094-S-2008', 0)":"TIERRA DEL FUEGO"},"('Firmantes', 'BLOQUE')":{"('0094-S-2008', 0)":"FRENTE PARA LA VICTORIA - PJ"},"('Tramites', 'C\u00c1MARA')":{"('0094-S-2008', 0)":"Senado"},"('Tramites', 'MOVIMIENTO')":{"('0094-S-2008', 0)":"CONSIDERACION Y APROBACION"},"('Tramites', 'FECHA')":{"('0094-S-2008', 0)":"26\/11\/2008"},"('Tramites', 'RESULTADO')":{"('0094-S-2008', 0)":"APROBADO"},"Link":{"('0094-S-2008', 0)":"http:\/\/www.senado.gov.ar\/parlamentario\/comisiones\/verExp\/94.08\/S\/PD"},"Palabra Clave":{"('0094-S-2008', 0)":" "}}