{"Tipo de Proyecto":{"('0095-OV-2008', 0)":"PROYECTO DE RESOLUCI\u00d3N"},"Iniciado en: ":{"('0095-OV-2008', 0)":"Senado"},"Expediente Senado: ":{"('0095-OV-2008', 0)":"0095-OV-2008"},"Fecha: ":{"('0095-OV-2008', 0)":"07\/11\/2008"},"T\u00edtulo":{"('0095-OV-2008', 0)":"RESOLUCION REMITIDA POR LA AUDITORIA GENERAL DE LA NACION REFERENTE A LOS ESTADOS FINANCIEROS AL 31 DE DICIEMBRE DE 2007, CORRESPONDIENTES AL PROGRAMA DE MEJORA DE LA COMPETITIVIDAD DEL SECTOR TURISMO, CONTRATO DE PRESTAMO 1648 OC-AR BID."},"('Firmantes', 'FIRMANTE')":{"('0095-OV-2008', 0)":"PARLAMENTARIA MIXTA REVISORA DE CUENTAS"},"('Firmantes', 'DISTRITO')":{"('0095-OV-2008', 0)":null},"('Firmantes', 'BLOQUE')":{"('0095-OV-2008', 0)":null},"('Tramites', 'C\u00c1MARA')":{"('0095-OV-2008', 0)":"Senado"},"('Tramites', 'MOVIMIENTO')":{"('0095-OV-2008', 0)":"CONSIDERACION Y APROBACION (AL ARCHIVO)"},"('Tramites', 'FECHA')":{"('0095-OV-2008', 0)":"02\/12\/2009"},"('Tramites', 'RESULTADO')":{"('0095-OV-2008', 0)":"APROBADO"},"Sumario":{"('0095-OV-2008', 0)":"HABIENDO TOMADO CONOCIMIENTO Y SIN PERJUICIO DE ULTERIORES MEDIDAS QUE PUEDAN ADOPTARSE, SE ACONSEJA SU REMISION AL ARCHIVO."},"Palabra Clave":{"('0095-OV-2008', 0)":" "}}