{"Tipo de Proyecto":{"('0097-PE-2008', 0)":"MENSAJE NRO: 0888\/08","('0097-PE-2008', 1)":null},"Iniciado en: ":{"('0097-PE-2008', 0)":"Senado","('0097-PE-2008', 1)":null},"Expediente Senado: ":{"('0097-PE-2008', 0)":"0097-PE-2008","('0097-PE-2008', 1)":null},"Publicado en: ":{"('0097-PE-2008', 0)":"DAE S.A. N\u00b0 8","('0097-PE-2008', 1)":null},"Fecha: ":{"('0097-PE-2008', 0)":"05\/06\/2008","('0097-PE-2008', 1)":null},"T\u00edtulo":{"('0097-PE-2008', 0)":"SOLICITA ACUERDO PARA DESIGNAR JUEZ DE LA CAMARA NACIONAL DE APELACIONES EN LO CRIMINAL Y CORRECCIONAL FEDERAL DE LA CAPITAL FEDERAL, SALA II, AL DOCTOR EDUARDO GUILLERMO FARAH.","('0097-PE-2008', 1)":null},"('Firmantes', 'FIRMANTE')":{"('0097-PE-2008', 0)":"FERNANDEZ DE KIRCHNER, CRISTINA","('0097-PE-2008', 1)":"FERNANDEZ, ANIBAL"},"('Firmantes', 'DISTRITO')":{"('0097-PE-2008', 0)":null,"('0097-PE-2008', 1)":null},"('Firmantes', 'BLOQUE')":{"('0097-PE-2008', 0)":"PODER EJECUTIVO","('0097-PE-2008', 1)":"PODER EJECUTIVO"},"('Tramites', 'C\u00c1MARA')":{"('0097-PE-2008', 0)":"Senado","('0097-PE-2008', 1)":null},"('Tramites', 'MOVIMIENTO')":{"('0097-PE-2008', 0)":"CONSIDERACION Y APROBACION","('0097-PE-2008', 1)":null},"('Tramites', 'FECHA')":{"('0097-PE-2008', 0)":"06\/08\/2008","('0097-PE-2008', 1)":null},"('Tramites', 'RESULTADO')":{"('0097-PE-2008', 0)":"APROBADO","('0097-PE-2008', 1)":null},"Palabra Clave":{"('0097-PE-2008', 0)":" ","('0097-PE-2008', 1)":null}}