{"Tipo de Proyecto":{"('0098-S-2008', 0)":"PROYECTO DE DECLARACI\u00d3N","('0098-S-2008', 1)":null},"Iniciado en: ":{"('0098-S-2008', 0)":"Senado","('0098-S-2008', 1)":null},"Expediente Senado: ":{"('0098-S-2008', 0)":"0098-S-2008","('0098-S-2008', 1)":null},"Publicado en: ":{"('0098-S-2008', 0)":"Diario de Asuntos Entrados N\u00b0 4","('0098-S-2008', 1)":null},"Fecha: ":{"('0098-S-2008', 0)":"04\/03\/2008","('0098-S-2008', 1)":null},"T\u00edtulo":{"('0098-S-2008', 0)":"DECLARAR DE INTERES EL CONGRESO INTERNACIONAL SOBRE \"TRIBUNALES CONSTITUCIONALES Y FEDERALISMO\", A REALIZARSE EL 26 Y 27 DE MARZO EN LA CIUDAD DE BUENOS AIRES. ","('0098-S-2008', 1)":null},"('Firmantes', 'FIRMANTE')":{"('0098-S-2008', 0)":"RIOFRIO, MARINA RAQUEL","('0098-S-2008', 1)":null},"('Firmantes', 'DISTRITO')":{"('0098-S-2008', 0)":"SAN JUAN","('0098-S-2008', 1)":null},"('Firmantes', 'BLOQUE')":{"('0098-S-2008', 0)":"FRENTE PARA LA VICTORIA - PJ","('0098-S-2008', 1)":null},"('Tramites', 'C\u00c1MARA')":{"('0098-S-2008', 0)":"Senado","('0098-S-2008', 1)":"Senado"},"('Tramites', 'MOVIMIENTO')":{"('0098-S-2008', 0)":"MOCION SOBRE TABLAS (AFIRMATIVA)","('0098-S-2008', 1)":"CONSIDERACION Y APROBACION"},"('Tramites', 'FECHA')":{"('0098-S-2008', 0)":"12\/03\/2008","('0098-S-2008', 1)":"12\/03\/2008"},"('Tramites', 'RESULTADO')":{"('0098-S-2008', 0)":null,"('0098-S-2008', 1)":"APROBADO"},"Link":{"('0098-S-2008', 0)":"http:\/\/www.senado.gov.ar\/parlamentario\/comisiones\/verExp\/98.08\/S\/PD","('0098-S-2008', 1)":null},"Palabra Clave":{"('0098-S-2008', 0)":" ","('0098-S-2008', 1)":null}}