{"Tipo de Proyecto":{"('0101-S-2008', 0)":"MENSAJE NRO: 0844\/08 Y PROYECTO DE LEY","('0101-S-2008', 1)":null,"('0101-S-2008', 2)":null,"('0101-S-2008', 3)":null,"('0101-S-2008', 4)":null,"('0101-S-2008', 5)":null},"Iniciado en: ":{"('0101-S-2008', 0)":"Senado","('0101-S-2008', 1)":null,"('0101-S-2008', 2)":null,"('0101-S-2008', 3)":null,"('0101-S-2008', 4)":null,"('0101-S-2008', 5)":null},"Expediente Diputados: ":{"('0101-S-2008', 0)":"0101-S-2008","('0101-S-2008', 1)":null,"('0101-S-2008', 2)":null,"('0101-S-2008', 3)":null,"('0101-S-2008', 4)":null,"('0101-S-2008', 5)":null},"Expediente Senado: ":{"('0101-S-2008', 0)":"0045-PE-2008","('0101-S-2008', 1)":null,"('0101-S-2008', 2)":null,"('0101-S-2008', 3)":null,"('0101-S-2008', 4)":null,"('0101-S-2008', 5)":null},"Publicado en: ":{"('0101-S-2008', 0)":"Diario de Asuntos Entrados N\u00b0 74","('0101-S-2008', 1)":null,"('0101-S-2008', 2)":null,"('0101-S-2008', 3)":null,"('0101-S-2008', 4)":null,"('0101-S-2008', 5)":null},"Fecha: ":{"('0101-S-2008', 0)":"26\/05\/2008","('0101-S-2008', 1)":null,"('0101-S-2008', 2)":null,"('0101-S-2008', 3)":null,"('0101-S-2008', 4)":null,"('0101-S-2008', 5)":null},"T\u00edtulo":{"('0101-S-2008', 0)":"APROBACION DEL ACUERDO DE SUSCRIPCION DE ACCIONES DE CAPITAL ORDINARIO, SUSCRIPTO EL 5 DE OCTUBRE DE 2007 CON LA CORPORACION ANDINA DE FOMENTO.","('0101-S-2008', 1)":null,"('0101-S-2008', 2)":null,"('0101-S-2008', 3)":null,"('0101-S-2008', 4)":null,"('0101-S-2008', 5)":null},"('Firmantes', 'FIRMANTE')":{"('0101-S-2008', 0)":"FERNANDEZ DE KIRCHNER, CRISTINA","('0101-S-2008', 1)":"FERNANDEZ, ALBERTO","('0101-S-2008', 2)":"FERNANDEZ, CARLOS","('0101-S-2008', 3)":null,"('0101-S-2008', 4)":null,"('0101-S-2008', 5)":null},"('Firmantes', 'DISTRITO')":{"('0101-S-2008', 0)":null,"('0101-S-2008', 1)":null,"('0101-S-2008', 2)":null,"('0101-S-2008', 3)":null,"('0101-S-2008', 4)":null,"('0101-S-2008', 5)":null},"('Firmantes', 'BLOQUE')":{"('0101-S-2008', 0)":"PODER EJECUTIVO","('0101-S-2008', 1)":"PODER EJECUTIVO","('0101-S-2008', 2)":"PODER EJECUTIVO","('0101-S-2008', 3)":null,"('0101-S-2008', 4)":null,"('0101-S-2008', 5)":null},"('Giros', 'COMISI\u00d3N')":{"('0101-S-2008', 0)":"RELACIONES EXTERIORES Y CULTO","('0101-S-2008', 1)":"ECONOMIA","('0101-S-2008', 2)":null,"('0101-S-2008', 3)":null,"('0101-S-2008', 4)":null,"('0101-S-2008', 5)":null},"('Tramites', 'C\u00c1MARA')":{"('0101-S-2008', 0)":"Senado","('0101-S-2008', 1)":"Senado","('0101-S-2008', 2)":"Senado","('0101-S-2008', 3)":"Diputados","('0101-S-2008', 4)":"Diputados","('0101-S-2008', 5)":"Diputados"},"('Tramites', 'MOVIMIENTO')":{"('0101-S-2008', 0)":"AMPLIACION GIRO A LA COMISION DE ECONOMIA NACIONAL E INVERSION; SE SUPRIME EL GIRO A LA COMISION DE PRESUPUESTO Y HACIENDA","('0101-S-2008', 1)":"MOCION SOBRE TABLAS (AFIRMATIVA)","('0101-S-2008', 2)":"CONSIDERACION Y APROBACION","('0101-S-2008', 3)":"PASA A DIPUTADOS -","('0101-S-2008', 4)":"CONVOCATORIA SESION ESPECIAL","('0101-S-2008', 5)":"CONSIDERACION Y SANCION"},"('Tramites', 'FECHA')":{"('0101-S-2008', 0)":"25\/06\/2008","('0101-S-2008', 1)":"10\/09\/2008","('0101-S-2008', 2)":"10\/09\/2008","('0101-S-2008', 3)":null,"('0101-S-2008', 4)":"06\/11\/2008","('0101-S-2008', 5)":"06\/11\/2008"},"('Tramites', 'RESULTADO')":{"('0101-S-2008', 0)":null,"('0101-S-2008', 1)":null,"('0101-S-2008', 2)":"MEDIA SANCION","('0101-S-2008', 3)":null,"('0101-S-2008', 4)":null,"('0101-S-2008', 5)":"SANCIONADO"},"Link":{"('0101-S-2008', 0)":"https:\/\/www4.hcdn.gob.ar\/dependencias\/dsecretaria\/Periodo2008\/PDF2008\/TP2008\/0101-S-08.pdf","('0101-S-2008', 1)":null,"('0101-S-2008', 2)":null,"('0101-S-2008', 3)":null,"('0101-S-2008', 4)":null,"('0101-S-2008', 5)":null},"Palabra Clave":{"('0101-S-2008', 0)":" ","('0101-S-2008', 1)":null,"('0101-S-2008', 2)":null,"('0101-S-2008', 3)":null,"('0101-S-2008', 4)":null,"('0101-S-2008', 5)":null}}