{"Tipo de Proyecto":{"('0103-PE-2008', 0)":"MENSAJE NRO: 1000\/08","('0103-PE-2008', 1)":null},"Iniciado en: ":{"('0103-PE-2008', 0)":"Senado","('0103-PE-2008', 1)":null},"Expediente Senado: ":{"('0103-PE-2008', 0)":"0103-PE-2008","('0103-PE-2008', 1)":null},"Publicado en: ":{"('0103-PE-2008', 0)":"DAE S.A. N\u00b0 9","('0103-PE-2008', 1)":null},"Fecha: ":{"('0103-PE-2008', 0)":"26\/06\/2008","('0103-PE-2008', 1)":null},"T\u00edtulo":{"('0103-PE-2008', 0)":"SOLICITA ACUERDO PARA PROMOVER AL GRADO INMEDIATO SUPERIOR, CON FECHA 31 DE DICIEMBRE DE 2007, AL PERSONAL MILITAR SUPERIOR DEL EJERCITO TENIENTE CORONEL RODOLFO HUGO JOFRE, TENIENTE CORONEL RAUL EDUARDO CASTA\u00d1O, TENIENTE CORONEL RODOLFO CESAR BOERO, TENIENTE CORONEL WASHINGTON ANTONIO PALLERO Y TENIENTE CORONEL JORGE DANIEL RAMON PEREIRA.","('0103-PE-2008', 1)":null},"('Firmantes', 'FIRMANTE')":{"('0103-PE-2008', 0)":"FERNANDEZ DE KIRCHNER, CRISTINA","('0103-PE-2008', 1)":"GARRE, NILDA CELIA"},"('Firmantes', 'DISTRITO')":{"('0103-PE-2008', 0)":null,"('0103-PE-2008', 1)":null},"('Firmantes', 'BLOQUE')":{"('0103-PE-2008', 0)":"PODER EJECUTIVO","('0103-PE-2008', 1)":"PODER EJECUTIVO"},"('Tramites', 'C\u00c1MARA')":{"('0103-PE-2008', 0)":"Senado","('0103-PE-2008', 1)":null},"('Tramites', 'MOVIMIENTO')":{"('0103-PE-2008', 0)":"CONSIDERACION Y APROBACION","('0103-PE-2008', 1)":null},"('Tramites', 'FECHA')":{"('0103-PE-2008', 0)":"10\/09\/2008","('0103-PE-2008', 1)":null},"('Tramites', 'RESULTADO')":{"('0103-PE-2008', 0)":"APROBADO","('0103-PE-2008', 1)":null},"Palabra Clave":{"('0103-PE-2008', 0)":" ","('0103-PE-2008', 1)":null}}