{"Tipo de Proyecto":{"('0103-S-2008', 0)":"MENSAJE NRO: 0976\/08 Y PROYECTO DE LEY","('0103-S-2008', 1)":null,"('0103-S-2008', 2)":null,"('0103-S-2008', 3)":null},"Iniciado en: ":{"('0103-S-2008', 0)":"Senado","('0103-S-2008', 1)":null,"('0103-S-2008', 2)":null,"('0103-S-2008', 3)":null},"Expediente Diputados: ":{"('0103-S-2008', 0)":"0103-S-2008","('0103-S-2008', 1)":null,"('0103-S-2008', 2)":null,"('0103-S-2008', 3)":null},"Expediente Senado: ":{"('0103-S-2008', 0)":"0101-PE-2008","('0103-S-2008', 1)":null,"('0103-S-2008', 2)":null,"('0103-S-2008', 3)":null},"Publicado en: ":{"('0103-S-2008', 0)":"Diario de Asuntos Entrados N\u00b0 91","('0103-S-2008', 1)":null,"('0103-S-2008', 2)":null,"('0103-S-2008', 3)":null},"Fecha: ":{"('0103-S-2008', 0)":"24\/06\/2008","('0103-S-2008', 1)":null,"('0103-S-2008', 2)":null,"('0103-S-2008', 3)":null},"T\u00edtulo":{"('0103-S-2008', 0)":"APROBACION DEL CONVENIO SOBRE SEGURIDAD SOCIAL CON LA REPUBLICA DE ESLOVENIA, SUSCRIPTO EN BUENOS AIRES EL 12 DE ABRIL DE 2007 . ","('0103-S-2008', 1)":null,"('0103-S-2008', 2)":null,"('0103-S-2008', 3)":null},"('Firmantes', 'FIRMANTE')":{"('0103-S-2008', 0)":"FERNANDEZ DE KIRCHNER, CRISTINA","('0103-S-2008', 1)":"FERNANDEZ, ALBERTO","('0103-S-2008', 2)":"TAIANA, JORGE ENRIQUE","('0103-S-2008', 3)":null},"('Firmantes', 'DISTRITO')":{"('0103-S-2008', 0)":null,"('0103-S-2008', 1)":null,"('0103-S-2008', 2)":null,"('0103-S-2008', 3)":null},"('Firmantes', 'BLOQUE')":{"('0103-S-2008', 0)":"PODER EJECUTIVO","('0103-S-2008', 1)":"PODER EJECUTIVO","('0103-S-2008', 2)":"PODER EJECUTIVO","('0103-S-2008', 3)":null},"('Giros', 'COMISI\u00d3N')":{"('0103-S-2008', 0)":"RELACIONES EXTERIORES Y CULTO","('0103-S-2008', 1)":"PREVISION Y SEGURIDAD SOCIAL","('0103-S-2008', 2)":null,"('0103-S-2008', 3)":null},"('Tramites', 'C\u00c1MARA')":{"('0103-S-2008', 0)":"Senado","('0103-S-2008', 1)":"Diputados","('0103-S-2008', 2)":"Diputados","('0103-S-2008', 3)":"Diputados"},"('Tramites', 'MOVIMIENTO')":{"('0103-S-2008', 0)":"CONSIDERACION Y APROBACION","('0103-S-2008', 1)":"PASA A DIPUTADOS -","('0103-S-2008', 2)":"MOCION DE PREFERENCIA CON DICTAMEN (AFIRMATIVA)","('0103-S-2008', 3)":"CONSIDERACION Y SANCION"},"('Tramites', 'FECHA')":{"('0103-S-2008', 0)":"10\/09\/2008","('0103-S-2008', 1)":null,"('0103-S-2008', 2)":"03\/12\/2008","('0103-S-2008', 3)":"10\/12\/2008"},"('Tramites', 'RESULTADO')":{"('0103-S-2008', 0)":"MEDIA SANCION","('0103-S-2008', 1)":null,"('0103-S-2008', 2)":null,"('0103-S-2008', 3)":"SANCIONADO"},"Link":{"('0103-S-2008', 0)":"https:\/\/www4.hcdn.gob.ar\/dependencias\/dsecretaria\/Periodo2008\/PDF2008\/TP2008\/0103-S-08.pdf","('0103-S-2008', 1)":null,"('0103-S-2008', 2)":null,"('0103-S-2008', 3)":null},"Palabra Clave":{"('0103-S-2008', 0)":" ","('0103-S-2008', 1)":null,"('0103-S-2008', 2)":null,"('0103-S-2008', 3)":null}}