{"Tipo de Proyecto":{"('0104-PE-2008', 0)":"MENSAJE NRO: 1001\/08","('0104-PE-2008', 1)":null},"Iniciado en: ":{"('0104-PE-2008', 0)":"Senado","('0104-PE-2008', 1)":null},"Expediente Senado: ":{"('0104-PE-2008', 0)":"0104-PE-2008","('0104-PE-2008', 1)":null},"Publicado en: ":{"('0104-PE-2008', 0)":"DAE S.A. N\u00b0 9","('0104-PE-2008', 1)":null},"Fecha: ":{"('0104-PE-2008', 0)":"26\/06\/2008","('0104-PE-2008', 1)":null},"T\u00edtulo":{"('0104-PE-2008', 0)":"SOLICITA ACUERDO PARA PROMOVER LA GRADO INMEDIATO SUPERIOR, CON FECHA 31 DE DICIEMBRE DE 2005, AL TENIENTE CORONEL DE INFANTERIA JUAN CARLOS VILLANUEVA.","('0104-PE-2008', 1)":null},"('Firmantes', 'FIRMANTE')":{"('0104-PE-2008', 0)":"FERNANDEZ DE KIRCHNER, CRISTINA","('0104-PE-2008', 1)":"GARRE, NILDA CELIA"},"('Firmantes', 'DISTRITO')":{"('0104-PE-2008', 0)":null,"('0104-PE-2008', 1)":null},"('Firmantes', 'BLOQUE')":{"('0104-PE-2008', 0)":"PODER EJECUTIVO","('0104-PE-2008', 1)":"PODER EJECUTIVO"},"('Tramites', 'C\u00c1MARA')":{"('0104-PE-2008', 0)":"Senado","('0104-PE-2008', 1)":"Senado"},"('Tramites', 'MOVIMIENTO')":{"('0104-PE-2008', 0)":"MOCION SOBRE TABLAS (AFIRMATIVA)","('0104-PE-2008', 1)":"CONSIDERACION Y APROBACION"},"('Tramites', 'FECHA')":{"('0104-PE-2008', 0)":"17\/12\/2008","('0104-PE-2008', 1)":"17\/12\/2008"},"('Tramites', 'RESULTADO')":{"('0104-PE-2008', 0)":null,"('0104-PE-2008', 1)":"APROBADO"},"Palabra Clave":{"('0104-PE-2008', 0)":" ","('0104-PE-2008', 1)":null}}