{"Tipo de Proyecto":{"('0104-S-2008', 0)":"PROYECTO DE DECLARACI\u00d3N"},"Iniciado en: ":{"('0104-S-2008', 0)":"Senado"},"Expediente Senado: ":{"('0104-S-2008', 0)":"0104-S-2008"},"Publicado en: ":{"('0104-S-2008', 0)":"Diario de Asuntos Entrados N\u00b0 5"},"Fecha: ":{"('0104-S-2008', 0)":"04\/03\/2008"},"T\u00edtulo":{"('0104-S-2008', 0)":"EXPRESAR PREOCUPACION POR LA CRISIS DIPLOMATICA EN LA REGION A RAIZ DE LA INCURSION DEL EJERCITO COLOMBIANO EN TERRITORIO DE ECUADOR Y OTRAS CUESTIONES CONEXAS."},"('Firmantes', 'FIRMANTE')":{"('0104-S-2008', 0)":"GIUSTINIANI, RUBEN HECTOR"},"('Firmantes', 'DISTRITO')":{"('0104-S-2008', 0)":"SANTA FE"},"('Firmantes', 'BLOQUE')":{"('0104-S-2008', 0)":"PARTIDO SOCIALISTA"},"Link":{"('0104-S-2008', 0)":"http:\/\/www.senado.gov.ar\/parlamentario\/comisiones\/verExp\/104.08\/S\/PD"},"Palabra Clave":{"('0104-S-2008', 0)":" "}}