{"Tipo de Proyecto":{"('0105-D-2008', 0)":"PROYECTO DE LEY"},"Iniciado en: ":{"('0105-D-2008', 0)":"Diputados"},"Expediente Diputados: ":{"('0105-D-2008', 0)":"0105-D-2008"},"Publicado en: ":{"('0105-D-2008', 0)":"Tr\u00e1mite Parlamentario N\u00b0 2"},"Fecha: ":{"('0105-D-2008', 0)":"04\/03\/2008"},"T\u00edtulo":{"('0105-D-2008', 0)":"PREVENCION Y LUCHA CONTRA LA ENFERMEDAD DE CHAGAS - MAZZA, LEY 22360: MODIFICACION."},"('Firmantes', 'FIRMANTE')":{"('0105-D-2008', 0)":"COLLANTES, GENARO AURELIO"},"('Firmantes', 'DISTRITO')":{"('0105-D-2008', 0)":"CATAMARCA"},"('Firmantes', 'BLOQUE')":{"('0105-D-2008', 0)":"FRENTE CIVICO Y SOCIAL DE CATAMARCA"},"('Giros', 'COMISI\u00d3N')":{"('0105-D-2008', 0)":"ACCION SOCIAL Y SALUD PUBLICA"},"Sumario":{"('0105-D-2008', 0)":"DEROGACION DEL ARTICULO 7, SOBRE OBLIGATORIEDAD DE REALIZAR LAS REACCIONES SEROLOGICAS."},"Palabra Clave":{"('0105-D-2008', 0)":" "}}