{"Tipo de Proyecto":{"('0106-S-2008', 0)":"PROYECTO DE RESOLUCI\u00d3N","('0106-S-2008', 1)":null,"('0106-S-2008', 2)":null,"('0106-S-2008', 3)":null},"Iniciado en: ":{"('0106-S-2008', 0)":"Senado","('0106-S-2008', 1)":null,"('0106-S-2008', 2)":null,"('0106-S-2008', 3)":null},"Expediente Diputados: ":{"('0106-S-2008', 0)":"0106-S-2008","('0106-S-2008', 1)":null,"('0106-S-2008', 2)":null,"('0106-S-2008', 3)":null},"Expediente Senado: ":{"('0106-S-2008', 0)":"0441-OV-2007","('0106-S-2008', 1)":null,"('0106-S-2008', 2)":null,"('0106-S-2008', 3)":null},"Fecha: ":{"('0106-S-2008', 0)":"02\/09\/2008","('0106-S-2008', 1)":null,"('0106-S-2008', 2)":null,"('0106-S-2008', 3)":null},"T\u00edtulo":{"('0106-S-2008', 0)":"CONCEDER AUTORIZACION PARA DESEMPE\u00d1AR FUNCIONES DE CONSULES HONORARIOS CON CARTAS PATENTES OTORGADAS POR OTROS PAISES SEGUN LO ESTABLECIDO EN LA LEY 23732, ACORDE CON LAS CONSTANCIAS ENVIADAS POR EL MINISTERIO DE RELACIONES EXTERIORES, COMERCIO INTERNACIONAL Y CULTO, A LOS CIUDADANOS: OECHSLE, WALTER FRANCISCO (ALEMANIA), CAMPOS, JULIA HAYDEE (ESPA\u00d1A), SCHWERI, MAYA (SUIZA), KOROVAICHUK, OSCAR JUAN (UCRANIA).","('0106-S-2008', 1)":null,"('0106-S-2008', 2)":null,"('0106-S-2008', 3)":null},"('Firmantes', 'FIRMANTE')":{"('0106-S-2008', 0)":"ASUNTOS CONSTITUCIONALES","('0106-S-2008', 1)":null,"('0106-S-2008', 2)":null,"('0106-S-2008', 3)":null},"('Firmantes', 'DISTRITO')":{"('0106-S-2008', 0)":null,"('0106-S-2008', 1)":null,"('0106-S-2008', 2)":null,"('0106-S-2008', 3)":null},"('Firmantes', 'BLOQUE')":{"('0106-S-2008', 0)":null,"('0106-S-2008', 1)":null,"('0106-S-2008', 2)":null,"('0106-S-2008', 3)":null},"('Giros', 'COMISI\u00d3N')":{"('0106-S-2008', 0)":"RELACIONES EXTERIORES Y CULTO","('0106-S-2008', 1)":null,"('0106-S-2008', 2)":null,"('0106-S-2008', 3)":null},"('Tramites', 'C\u00c1MARA')":{"('0106-S-2008', 0)":"Senado","('0106-S-2008', 1)":"Senado","('0106-S-2008', 2)":"Diputados","('0106-S-2008', 3)":"Diputados"},"('Tramites', 'MOVIMIENTO')":{"('0106-S-2008', 0)":"MOCION SOBRE TABLAS (AFIRMATIVA)","('0106-S-2008', 1)":"CONSIDERACION Y APROBACION","('0106-S-2008', 2)":"PASA A DIPUTADOS -","('0106-S-2008', 3)":"CONSIDERACION Y SANCION"},"('Tramites', 'FECHA')":{"('0106-S-2008', 0)":"10\/09\/2008","('0106-S-2008', 1)":"10\/09\/2008","('0106-S-2008', 2)":null,"('0106-S-2008', 3)":"11\/03\/2009"},"('Tramites', 'RESULTADO')":{"('0106-S-2008', 0)":null,"('0106-S-2008', 1)":"MEDIA SANCION","('0106-S-2008', 2)":null,"('0106-S-2008', 3)":"SANCIONADO"},"Link":{"('0106-S-2008', 0)":"https:\/\/www4.hcdn.gob.ar\/dependencias\/dsecretaria\/Periodo2008\/PDF2008\/TP2008\/0106-S-08.pdf","('0106-S-2008', 1)":null,"('0106-S-2008', 2)":null,"('0106-S-2008', 3)":null},"Palabra Clave":{"('0106-S-2008', 0)":" ","('0106-S-2008', 1)":null,"('0106-S-2008', 2)":null,"('0106-S-2008', 3)":null}}