{"Tipo de Proyecto":{"('0107-S-2008', 0)":"PROYECTO DE LEY","('0107-S-2008', 1)":null,"('0107-S-2008', 2)":null,"('0107-S-2008', 3)":null,"('0107-S-2008', 4)":null},"Iniciado en: ":{"('0107-S-2008', 0)":"Senado","('0107-S-2008', 1)":null,"('0107-S-2008', 2)":null,"('0107-S-2008', 3)":null,"('0107-S-2008', 4)":null},"Expediente Diputados: ":{"('0107-S-2008', 0)":"0107-S-2008","('0107-S-2008', 1)":null,"('0107-S-2008', 2)":null,"('0107-S-2008', 3)":null,"('0107-S-2008', 4)":null},"Expediente Senado: ":{"('0107-S-2008', 0)":"1824-S-2008","('0107-S-2008', 1)":null,"('0107-S-2008', 2)":null,"('0107-S-2008', 3)":null,"('0107-S-2008', 4)":null},"Publicado en: ":{"('0107-S-2008', 0)":"Diario de Asuntos Entrados N\u00b0 85","('0107-S-2008', 1)":null,"('0107-S-2008', 2)":null,"('0107-S-2008', 3)":null,"('0107-S-2008', 4)":null},"Fecha: ":{"('0107-S-2008', 0)":"11\/06\/2008","('0107-S-2008', 1)":null,"('0107-S-2008', 2)":null,"('0107-S-2008', 3)":null,"('0107-S-2008', 4)":null},"T\u00edtulo":{"('0107-S-2008', 0)":"INSTITUIR CON CARACTER DE COMPETENCIA ANUAL EL PROGRAMA SOCIAL Y DEPORTIVO \"JUEGOS NACIONALES EVITA\" QUE SE DESARROLLA EN EL AMBITO DE LA SECRETARIA DE DEPORTE DEL MINISTERIO DE DESARROLLO SOCIAL.","('0107-S-2008', 1)":null,"('0107-S-2008', 2)":null,"('0107-S-2008', 3)":null,"('0107-S-2008', 4)":null},"('Firmantes', 'FIRMANTE')":{"('0107-S-2008', 0)":"FORSTMANN, SELVA JUDIT","('0107-S-2008', 1)":"PERCEVAL, MARIA CRISTINA","('0107-S-2008', 2)":"OSUNA, BLANCA INES","('0107-S-2008', 3)":"GIRI, HAIDE DELIA","('0107-S-2008', 4)":null},"('Firmantes', 'DISTRITO')":{"('0107-S-2008', 0)":"SANTA CRUZ","('0107-S-2008', 1)":"MENDOZA","('0107-S-2008', 2)":"ENTRE RIOS","('0107-S-2008', 3)":"CORDOBA","('0107-S-2008', 4)":null},"('Firmantes', 'BLOQUE')":{"('0107-S-2008', 0)":"FRENTE PARA LA VICTORIA - PJ","('0107-S-2008', 1)":"FRENTE PARA LA VICTORIA - PJ","('0107-S-2008', 2)":"FRENTE PARA LA VICTORIA - PJ","('0107-S-2008', 3)":"FRENTE PARA LA VICTORIA - PJ","('0107-S-2008', 4)":null},"('Giros', 'COMISI\u00d3N')":{"('0107-S-2008', 0)":"DEPORTES","('0107-S-2008', 1)":"PRESUPUESTO Y HACIENDA","('0107-S-2008', 2)":null,"('0107-S-2008', 3)":null,"('0107-S-2008', 4)":null},"('Tramites', 'C\u00c1MARA')":{"('0107-S-2008', 0)":"Senado","('0107-S-2008', 1)":"Senado","('0107-S-2008', 2)":"Senado","('0107-S-2008', 3)":"Diputados","('0107-S-2008', 4)":"Diputados"},"('Tramites', 'MOVIMIENTO')":{"('0107-S-2008', 0)":"SOLICITUD DE SER COFIRMANTE DE LA SENADORA GIRI (A SUS ANTECEDENTES)","('0107-S-2008', 1)":"MOCION SOBRE TABLAS (AFIRMATIVA)","('0107-S-2008', 2)":"CONSIDERACION Y APROBACION","('0107-S-2008', 3)":"PASA A DIPUTADOS -","('0107-S-2008', 4)":"CONSIDERACION Y SANCION"},"('Tramites', 'FECHA')":{"('0107-S-2008', 0)":"06\/08\/2008","('0107-S-2008', 1)":"10\/09\/2008","('0107-S-2008', 2)":"10\/09\/2008","('0107-S-2008', 3)":null,"('0107-S-2008', 4)":"10\/12\/2008"},"('Tramites', 'RESULTADO')":{"('0107-S-2008', 0)":null,"('0107-S-2008', 1)":null,"('0107-S-2008', 2)":"MEDIA SANCION","('0107-S-2008', 3)":null,"('0107-S-2008', 4)":"SANCIONADO"},"Sumario":{"('0107-S-2008', 0)":"OBJETIVOS; SUSCRIPCION DE CONVENIOS; PARTIDAS PRESUPUESTARIAS; VIGENCIA DE LA LEY.","('0107-S-2008', 1)":null,"('0107-S-2008', 2)":null,"('0107-S-2008', 3)":null,"('0107-S-2008', 4)":null},"Palabra Clave":{"('0107-S-2008', 0)":" ","('0107-S-2008', 1)":null,"('0107-S-2008', 2)":null,"('0107-S-2008', 3)":null,"('0107-S-2008', 4)":null}}