{"Tipo de Proyecto":{"('0108-S-2008', 0)":"PROYECTO DE LEY","('0108-S-2008', 1)":null},"Iniciado en: ":{"('0108-S-2008', 0)":"Senado","('0108-S-2008', 1)":null},"Expediente Senado: ":{"('0108-S-2008', 0)":"0108-S-2008","('0108-S-2008', 1)":null},"Publicado en: ":{"('0108-S-2008', 0)":"Diario de Asuntos Entrados N\u00b0 5","('0108-S-2008', 1)":null},"Fecha: ":{"('0108-S-2008', 0)":"04\/03\/2008","('0108-S-2008', 1)":null},"T\u00edtulo":{"('0108-S-2008', 0)":"PROGRAMA INTERDISCIPLINARIO DE SALUD AMBIENTAL . ","('0108-S-2008', 1)":null},"('Firmantes', 'FIRMANTE')":{"('0108-S-2008', 0)":"NEGRE DE ALONSO, LILIANA T.","('0108-S-2008', 1)":"RODRIGUEZ SAA, ADOLFO"},"('Firmantes', 'DISTRITO')":{"('0108-S-2008', 0)":"SAN LUIS","('0108-S-2008', 1)":"SAN LUIS"},"('Firmantes', 'BLOQUE')":{"('0108-S-2008', 0)":"JUSTICIALISTA SAN LUIS","('0108-S-2008', 1)":"JUSTICIALISTA SAN LUIS"},"Link":{"('0108-S-2008', 0)":"http:\/\/www.senado.gov.ar\/parlamentario\/comisiones\/verExp\/108.08\/S\/PL","('0108-S-2008', 1)":null},"Palabra Clave":{"('0108-S-2008', 0)":" ","('0108-S-2008', 1)":null}}