{"Tipo de Proyecto":{"('0110-D-2008', 0)":"PROYECTO DE RESOLUCI\u00d3N"},"Iniciado en: ":{"('0110-D-2008', 0)":"Diputados"},"Expediente Diputados: ":{"('0110-D-2008', 0)":"0110-D-2008"},"Publicado en: ":{"('0110-D-2008', 0)":"Tr\u00e1mite Parlamentario N\u00b0 2"},"Fecha: ":{"('0110-D-2008', 0)":"04\/03\/2008"},"T\u00edtulo":{"('0110-D-2008', 0)":"SOLICITAR AL PODER EJECUTIVO DISPONGA LAS MEDIDAS NECESARIAS PARA INCORPORAR LAS \"OBRAS DE INFRAESTRUCTURA PROVISION DE GAS NATURAL AL SISTEMA LA RIOJA - CATAMARCA\" EN EL \"PROGRAMA DE FIDEICOMISOS DE GAS - FIDEICOMISOS FINANCIEROS\"."},"('Firmantes', 'FIRMANTE')":{"('0110-D-2008', 0)":"COLLANTES, GENARO AURELIO"},"('Firmantes', 'DISTRITO')":{"('0110-D-2008', 0)":"CATAMARCA"},"('Firmantes', 'BLOQUE')":{"('0110-D-2008', 0)":"FRENTE CIVICO Y SOCIAL DE CATAMARCA"},"('Giros', 'COMISI\u00d3N')":{"('0110-D-2008', 0)":"ENERGIA Y COMBUSTIBLES"},"Link":{"('0110-D-2008', 0)":"https:\/\/www.hcdn.gob.ar\/proyectos\/textoCompleto.jsp?exp=0110-D-2008&tipo=RESOLUCION"},"Palabra Clave":{"('0110-D-2008', 0)":" "}}