{"Tipo de Proyecto":{"('0110-S-2008', 0)":"PROYECTO DE LEY","('0110-S-2008', 1)":null},"Iniciado en: ":{"('0110-S-2008', 0)":"Senado","('0110-S-2008', 1)":null},"Expediente Senado: ":{"('0110-S-2008', 0)":"0110-S-2008","('0110-S-2008', 1)":null},"Publicado en: ":{"('0110-S-2008', 0)":"Diario de Asuntos Entrados N\u00b0 5","('0110-S-2008', 1)":null},"Fecha: ":{"('0110-S-2008', 0)":"04\/03\/2008","('0110-S-2008', 1)":null},"T\u00edtulo":{"('0110-S-2008', 0)":"MODIFICACION DE LA LEY 24573 - MEDIACION - RESPECTO A LAS NOTIFICACIONES PARA CITAR A LAS PARTES; MODIFICACION DEL ARTICULO 4 (DESIGNACION DEL MEDIADOR).","('0110-S-2008', 1)":null},"('Firmantes', 'FIRMANTE')":{"('0110-S-2008', 0)":"NEGRE DE ALONSO, LILIANA T.","('0110-S-2008', 1)":"RODRIGUEZ SAA, ADOLFO"},"('Firmantes', 'DISTRITO')":{"('0110-S-2008', 0)":"SAN LUIS","('0110-S-2008', 1)":"SAN LUIS"},"('Firmantes', 'BLOQUE')":{"('0110-S-2008', 0)":"JUSTICIALISTA SAN LUIS","('0110-S-2008', 1)":"JUSTICIALISTA SAN LUIS"},"Link":{"('0110-S-2008', 0)":"http:\/\/www.senado.gov.ar\/parlamentario\/comisiones\/verExp\/110.08\/S\/PL","('0110-S-2008', 1)":null},"Palabra Clave":{"('0110-S-2008', 0)":" ","('0110-S-2008', 1)":null}}