{"Tipo de Proyecto":{"('0113-S-2008', 0)":"MENSAJE NRO: 0796\/08 Y PROYECTO DE LEY","('0113-S-2008', 1)":null,"('0113-S-2008', 2)":null},"Iniciado en: ":{"('0113-S-2008', 0)":"Senado","('0113-S-2008', 1)":null,"('0113-S-2008', 2)":null},"Expediente Diputados: ":{"('0113-S-2008', 0)":"0113-S-2008","('0113-S-2008', 1)":null,"('0113-S-2008', 2)":null},"Expediente Senado: ":{"('0113-S-2008', 0)":"0040-PE-2008","('0113-S-2008', 1)":null,"('0113-S-2008', 2)":null},"Publicado en: ":{"('0113-S-2008', 0)":"Diario de Asuntos Entrados N\u00b0 69","('0113-S-2008', 1)":null,"('0113-S-2008', 2)":null},"Fecha: ":{"('0113-S-2008', 0)":"16\/05\/2008","('0113-S-2008', 1)":null,"('0113-S-2008', 2)":null},"T\u00edtulo":{"('0113-S-2008', 0)":"APROBACION DEL ACUERDO MARCO DE COOPERACION EN EL CAMPO DE LAS ACTIVIDADES ESPACIALES ENTRE LA REPUBLICA ARGENTINA Y LA REPUBLICA DEL ECUADOR, SUSCRIPTO EN BUENOS AIRES, EL 20 DE SETIEMBRE DE 2007 . ","('0113-S-2008', 1)":null,"('0113-S-2008', 2)":null},"('Firmantes', 'FIRMANTE')":{"('0113-S-2008', 0)":"FERNANDEZ DE KIRCHNER, CRISTINA","('0113-S-2008', 1)":"FERNANDEZ, ALBERTO","('0113-S-2008', 2)":"TAIANA, JORGE ENRIQUE"},"('Firmantes', 'DISTRITO')":{"('0113-S-2008', 0)":null,"('0113-S-2008', 1)":null,"('0113-S-2008', 2)":null},"('Firmantes', 'BLOQUE')":{"('0113-S-2008', 0)":"PODER EJECUTIVO","('0113-S-2008', 1)":"PODER EJECUTIVO","('0113-S-2008', 2)":"PODER EJECUTIVO"},"('Giros', 'COMISI\u00d3N')":{"('0113-S-2008', 0)":"RELACIONES EXTERIORES Y CULTO","('0113-S-2008', 1)":"CIENCIA Y TECNOLOGIA","('0113-S-2008', 2)":null},"('Tramites', 'C\u00c1MARA')":{"('0113-S-2008', 0)":"Senado","('0113-S-2008', 1)":"Diputados","('0113-S-2008', 2)":"Diputados"},"('Tramites', 'MOVIMIENTO')":{"('0113-S-2008', 0)":"CONSIDERACION Y APROBACION","('0113-S-2008', 1)":"PASA A DIPUTADOS -","('0113-S-2008', 2)":"CONSIDERACION Y SANCION"},"('Tramites', 'FECHA')":{"('0113-S-2008', 0)":"22\/10\/2008","('0113-S-2008', 1)":null,"('0113-S-2008', 2)":"11\/03\/2009"},"('Tramites', 'RESULTADO')":{"('0113-S-2008', 0)":"MEDIA SANCION","('0113-S-2008', 1)":null,"('0113-S-2008', 2)":"SANCIONADO"},"Link":{"('0113-S-2008', 0)":"https:\/\/www4.hcdn.gob.ar\/dependencias\/dsecretaria\/Periodo2008\/PDF2008\/TP2008\/0113-S-08.pdf","('0113-S-2008', 1)":null,"('0113-S-2008', 2)":null},"Palabra Clave":{"('0113-S-2008', 0)":" ","('0113-S-2008', 1)":null,"('0113-S-2008', 2)":null}}