{"Tipo de Proyecto":{"('0114-S-2008', 0)":"MENSAJE NRO: 0797\/08 Y PROYECTO DE LEY","('0114-S-2008', 1)":null,"('0114-S-2008', 2)":null},"Iniciado en: ":{"('0114-S-2008', 0)":"Senado","('0114-S-2008', 1)":null,"('0114-S-2008', 2)":null},"Expediente Diputados: ":{"('0114-S-2008', 0)":"0114-S-2008","('0114-S-2008', 1)":null,"('0114-S-2008', 2)":null},"Expediente Senado: ":{"('0114-S-2008', 0)":"0041-PE-2008","('0114-S-2008', 1)":null,"('0114-S-2008', 2)":null},"Publicado en: ":{"('0114-S-2008', 0)":"Diario de Asuntos Entrados N\u00b0 69","('0114-S-2008', 1)":null,"('0114-S-2008', 2)":null},"Fecha: ":{"('0114-S-2008', 0)":"16\/05\/2008","('0114-S-2008', 1)":null,"('0114-S-2008', 2)":null},"T\u00edtulo":{"('0114-S-2008', 0)":"APROBACION DEL CONVENIO INTERNACIONAL DEL AZUCAR 1992, SUSCRIPTO EN GINEBRA, CONFEDERACION SUIZA, EL 20 DE MARZO DE 1992 . ","('0114-S-2008', 1)":null,"('0114-S-2008', 2)":null},"('Firmantes', 'FIRMANTE')":{"('0114-S-2008', 0)":"FERNANDEZ DE KIRCHNER, CRISTINA","('0114-S-2008', 1)":"FERNANDEZ, ALBERTO","('0114-S-2008', 2)":"TAIANA, JORGE ENRIQUE"},"('Firmantes', 'DISTRITO')":{"('0114-S-2008', 0)":null,"('0114-S-2008', 1)":null,"('0114-S-2008', 2)":null},"('Firmantes', 'BLOQUE')":{"('0114-S-2008', 0)":"PODER EJECUTIVO","('0114-S-2008', 1)":"PODER EJECUTIVO","('0114-S-2008', 2)":"PODER EJECUTIVO"},"('Giros', 'COMISI\u00d3N')":{"('0114-S-2008', 0)":"RELACIONES EXTERIORES Y CULTO","('0114-S-2008', 1)":"COMERCIO","('0114-S-2008', 2)":null},"('Tramites', 'C\u00c1MARA')":{"('0114-S-2008', 0)":"Senado","('0114-S-2008', 1)":"Diputados","('0114-S-2008', 2)":"Diputados"},"('Tramites', 'MOVIMIENTO')":{"('0114-S-2008', 0)":"CONSIDERACION Y APROBACION","('0114-S-2008', 1)":"PASA A DIPUTADOS -","('0114-S-2008', 2)":"CONSIDERACION Y SANCION"},"('Tramites', 'FECHA')":{"('0114-S-2008', 0)":"22\/10\/2008","('0114-S-2008', 1)":null,"('0114-S-2008', 2)":"11\/03\/2009"},"('Tramites', 'RESULTADO')":{"('0114-S-2008', 0)":"MEDIA SANCION","('0114-S-2008', 1)":null,"('0114-S-2008', 2)":"SANCIONADO"},"Link":{"('0114-S-2008', 0)":"https:\/\/www4.hcdn.gob.ar\/dependencias\/dsecretaria\/Periodo2008\/PDF2008\/TP2008\/0114-S-08.pdf","('0114-S-2008', 1)":null,"('0114-S-2008', 2)":null},"Palabra Clave":{"('0114-S-2008', 0)":" ","('0114-S-2008', 1)":null,"('0114-S-2008', 2)":null}}