{"Tipo de Proyecto":{"('0115-S-2008', 0)":"MENSAJE NRO: 1068\/08 Y PROYECTO DE LEY","('0115-S-2008', 1)":null,"('0115-S-2008', 2)":null},"Iniciado en: ":{"('0115-S-2008', 0)":"Senado","('0115-S-2008', 1)":null,"('0115-S-2008', 2)":null},"Expediente Diputados: ":{"('0115-S-2008', 0)":"0115-S-2008","('0115-S-2008', 1)":null,"('0115-S-2008', 2)":null},"Expediente Senado: ":{"('0115-S-2008', 0)":"0114-PE-2008","('0115-S-2008', 1)":null,"('0115-S-2008', 2)":null},"Publicado en: ":{"('0115-S-2008', 0)":"Diario de Asuntos Entrados N\u00b0 105","('0115-S-2008', 1)":null,"('0115-S-2008', 2)":null},"Fecha: ":{"('0115-S-2008', 0)":"08\/07\/2008","('0115-S-2008', 1)":null,"('0115-S-2008', 2)":null},"T\u00edtulo":{"('0115-S-2008', 0)":"APROBACION DEL ACUERDO MARCO DE COOPERACION EN EL CAMPO DE LAS ACTIVIDADES ESPACIALES CON LA REPUBLICA DEL PERU, SUSCRIPTO EN LIMA EL 1 DE SEPTIEMBRE DE 2006.","('0115-S-2008', 1)":null,"('0115-S-2008', 2)":null},"('Firmantes', 'FIRMANTE')":{"('0115-S-2008', 0)":"FERNANDEZ DE KIRCHNER, CRISTINA","('0115-S-2008', 1)":"FERNANDEZ, ALBERTO","('0115-S-2008', 2)":"TAIANA, JORGE ENRIQUE"},"('Firmantes', 'DISTRITO')":{"('0115-S-2008', 0)":null,"('0115-S-2008', 1)":null,"('0115-S-2008', 2)":null},"('Firmantes', 'BLOQUE')":{"('0115-S-2008', 0)":"PODER EJECUTIVO","('0115-S-2008', 1)":"PODER EJECUTIVO","('0115-S-2008', 2)":"PODER EJECUTIVO"},"('Giros', 'COMISI\u00d3N')":{"('0115-S-2008', 0)":"RELACIONES EXTERIORES Y CULTO","('0115-S-2008', 1)":"CIENCIA Y TECNOLOGIA","('0115-S-2008', 2)":null},"('Tramites', 'C\u00c1MARA')":{"('0115-S-2008', 0)":"Senado","('0115-S-2008', 1)":"Diputados","('0115-S-2008', 2)":"Diputados"},"('Tramites', 'MOVIMIENTO')":{"('0115-S-2008', 0)":"CONSIDERACION Y APROBACION","('0115-S-2008', 1)":"PASA A DIPUTADOS -","('0115-S-2008', 2)":"CONSIDERACION Y SANCION"},"('Tramites', 'FECHA')":{"('0115-S-2008', 0)":"22\/10\/2008","('0115-S-2008', 1)":null,"('0115-S-2008', 2)":"11\/03\/2009"},"('Tramites', 'RESULTADO')":{"('0115-S-2008', 0)":"MEDIA SANCION","('0115-S-2008', 1)":null,"('0115-S-2008', 2)":"SANCIONADO"},"Link":{"('0115-S-2008', 0)":"https:\/\/www4.hcdn.gob.ar\/dependencias\/dsecretaria\/Periodo2008\/PDF2008\/TP2008\/0115-S-08.pdf","('0115-S-2008', 1)":null,"('0115-S-2008', 2)":null},"Palabra Clave":{"('0115-S-2008', 0)":" ","('0115-S-2008', 1)":null,"('0115-S-2008', 2)":null}}