{"Tipo de Proyecto":{"('0118-PE-2008', 0)":"MENSAJE NRO: 1167\/08","('0118-PE-2008', 1)":null},"Iniciado en: ":{"('0118-PE-2008', 0)":"Senado","('0118-PE-2008', 1)":null},"Expediente Senado: ":{"('0118-PE-2008', 0)":"0118-PE-2008","('0118-PE-2008', 1)":null},"Publicado en: ":{"('0118-PE-2008', 0)":"DAE S.A. N\u00b0 10","('0118-PE-2008', 1)":null},"Fecha: ":{"('0118-PE-2008', 0)":"18\/07\/2008","('0118-PE-2008', 1)":null},"T\u00edtulo":{"('0118-PE-2008', 0)":"SOLICITAR ACUERDO PARA DESIGNAR JUEZ DE LA CAMARA FEDERAL DE APELACIONES DE LA PLATA , PROVINCIA DE BUENOS AIRES , SALA II, DOCTOR CESAR ALVAREZ.","('0118-PE-2008', 1)":null},"('Firmantes', 'FIRMANTE')":{"('0118-PE-2008', 0)":"FERNANDEZ DE KIRCHNER, CRISTINA","('0118-PE-2008', 1)":"FERNANDEZ, ANIBAL"},"('Firmantes', 'DISTRITO')":{"('0118-PE-2008', 0)":null,"('0118-PE-2008', 1)":null},"('Firmantes', 'BLOQUE')":{"('0118-PE-2008', 0)":"PODER EJECUTIVO","('0118-PE-2008', 1)":"PODER EJECUTIVO"},"('Tramites', 'C\u00c1MARA')":{"('0118-PE-2008', 0)":"Senado","('0118-PE-2008', 1)":"Senado"},"('Tramites', 'MOVIMIENTO')":{"('0118-PE-2008', 0)":"MOCION SOBRE TABLAS (AFIRMATIVA)","('0118-PE-2008', 1)":"CONSIDERACION Y APROBACION"},"('Tramites', 'FECHA')":{"('0118-PE-2008', 0)":"01\/10\/2008","('0118-PE-2008', 1)":"01\/10\/2008"},"('Tramites', 'RESULTADO')":{"('0118-PE-2008', 0)":null,"('0118-PE-2008', 1)":"APROBADO"},"Palabra Clave":{"('0118-PE-2008', 0)":" ","('0118-PE-2008', 1)":null}}