{"Tipo de Proyecto":{"('0118-D-2008', 0)":"PROYECTO DE RESOLUCI\u00d3N"},"Iniciado en: ":{"('0118-D-2008', 0)":"Diputados"},"Expediente Diputados: ":{"('0118-D-2008', 0)":"0118-D-2008"},"Publicado en: ":{"('0118-D-2008', 0)":"Tr\u00e1mite Parlamentario N\u00b0 2"},"Fecha: ":{"('0118-D-2008', 0)":"04\/03\/2008"},"T\u00edtulo":{"('0118-D-2008', 0)":"EXPRESAR BENEPLACITO POR EL CONVENIO MARCO DE COOPERACION ENTRE EL MINISTERIO DE DEFENSA Y LA ADMINISTRACION DE PARQUES NACIONALES, DONDE SE ESTABLECEN PLANES PARA LA CONSERVACION DE LA BIODIVERSIDAD EN AREAS ADMINISTRADAS POR LAS FUERZAS ARMADAS."},"('Firmantes', 'FIRMANTE')":{"('0118-D-2008', 0)":"GUTIERREZ, GRACIELA BEATRIZ"},"('Firmantes', 'DISTRITO')":{"('0118-D-2008', 0)":"SANTA CRUZ"},"('Firmantes', 'BLOQUE')":{"('0118-D-2008', 0)":"FRENTE PARA LA VICTORIA - PJ"},"('Giros', 'COMISI\u00d3N')":{"('0118-D-2008', 0)":"RECURSOS NATURALES Y CONSERVACION DEL AMBIENTE HUMANO"},"('Tramites', 'C\u00c1MARA')":{"('0118-D-2008', 0)":"Diputados"},"('Tramites', 'MOVIMIENTO')":{"('0118-D-2008', 0)":"CONSIDERACION Y APROBACION"},"('Tramites', 'FECHA')":{"('0118-D-2008', 0)":"21\/05\/2008"},"('Tramites', 'RESULTADO')":{"('0118-D-2008', 0)":"APROBADO"},"Link":{"('0118-D-2008', 0)":"https:\/\/www.hcdn.gob.ar\/proyectos\/textoCompleto.jsp?exp=0118-D-2008&tipo=RESOLUCION"},"Palabra Clave":{"('0118-D-2008', 0)":" "}}