{"Tipo de Proyecto":{"('0119-PE-2008', 0)":"MENSAJE NRO: 1168\/08","('0119-PE-2008', 1)":null},"Iniciado en: ":{"('0119-PE-2008', 0)":"Senado","('0119-PE-2008', 1)":null},"Expediente Senado: ":{"('0119-PE-2008', 0)":"0119-PE-2008","('0119-PE-2008', 1)":null},"Publicado en: ":{"('0119-PE-2008', 0)":"DAE S.A. N\u00b0 10","('0119-PE-2008', 1)":null},"Fecha: ":{"('0119-PE-2008', 0)":"18\/07\/2008","('0119-PE-2008', 1)":null},"T\u00edtulo":{"('0119-PE-2008', 0)":"SOLICITAR ACUERDO PARA DESIGNAR JUEZ DE LA CAMARA NACIONAL DE APELACIONES EN LO CRIMINAL Y CORRECCIONAL FEDERAL DE LA CAPITAL FEDERAL SALA I, AL DOCTOR JORGE LUIS BALLESTERO.","('0119-PE-2008', 1)":null},"('Firmantes', 'FIRMANTE')":{"('0119-PE-2008', 0)":"FERNANDEZ DE KIRCHNER, CRISTINA","('0119-PE-2008', 1)":"FERNANDEZ, ANIBAL"},"('Firmantes', 'DISTRITO')":{"('0119-PE-2008', 0)":null,"('0119-PE-2008', 1)":null},"('Firmantes', 'BLOQUE')":{"('0119-PE-2008', 0)":"PODER EJECUTIVO","('0119-PE-2008', 1)":"PODER EJECUTIVO"},"('Tramites', 'C\u00c1MARA')":{"('0119-PE-2008', 0)":"Senado","('0119-PE-2008', 1)":"Senado"},"('Tramites', 'MOVIMIENTO')":{"('0119-PE-2008', 0)":"MOCION SOBRE TABLAS (AFIRMATIVA)","('0119-PE-2008', 1)":"CONSIDERACION Y APROBACION"},"('Tramites', 'FECHA')":{"('0119-PE-2008', 0)":"01\/10\/2008","('0119-PE-2008', 1)":"01\/10\/2008"},"('Tramites', 'RESULTADO')":{"('0119-PE-2008', 0)":null,"('0119-PE-2008', 1)":"APROBADO"},"Palabra Clave":{"('0119-PE-2008', 0)":" ","('0119-PE-2008', 1)":null}}