{"Tipo de Proyecto":{"('0119-S-2008', 0)":"PROYECTO DE LEY","('0119-S-2008', 1)":null,"('0119-S-2008', 2)":null},"Iniciado en: ":{"('0119-S-2008', 0)":"Senado","('0119-S-2008', 1)":null,"('0119-S-2008', 2)":null},"Expediente Diputados: ":{"('0119-S-2008', 0)":"0119-S-2008","('0119-S-2008', 1)":null,"('0119-S-2008', 2)":null},"Expediente Senado: ":{"('0119-S-2008', 0)":"0667-S-2008","('0119-S-2008', 1)":null,"('0119-S-2008', 2)":null},"Publicado en: ":{"('0119-S-2008', 0)":"Diario de Asuntos Entrados N\u00b0 32","('0119-S-2008', 1)":null,"('0119-S-2008', 2)":null},"Fecha: ":{"('0119-S-2008', 0)":"04\/04\/2008","('0119-S-2008', 1)":null,"('0119-S-2008', 2)":null},"T\u00edtulo":{"('0119-S-2008', 0)":"DECLARAR MONUMENTO HISTORICO NACIONAL A LA CABA\u00d1A DE PIEDRA CONOCIDA COMO CHOZA DE LOS SUECOS EN LA BASE ESPERANZA, LA CABA\u00d1A DE PIEDRA JUNTO A LA TUMBA DE UN EXPEDICIONARIO Y LA PIRCA UBICADA EN LA EN EL PUNTO MAS ALTO DE LA ISLA PAULET, SITUADAS EN LA PROVINCIA DE TIERRA DEL FUEGO, ANTARTIDA E ISLAS DEL ATLANTICO SUR.","('0119-S-2008', 1)":null,"('0119-S-2008', 2)":null},"('Firmantes', 'FIRMANTE')":{"('0119-S-2008', 0)":"FERNANDEZ, NICOLAS ALEJANDRO","('0119-S-2008', 1)":null,"('0119-S-2008', 2)":null},"('Firmantes', 'DISTRITO')":{"('0119-S-2008', 0)":"SANTA CRUZ","('0119-S-2008', 1)":null,"('0119-S-2008', 2)":null},"('Firmantes', 'BLOQUE')":{"('0119-S-2008', 0)":"FRENTE PARA LA VICTORIA - PJ","('0119-S-2008', 1)":null,"('0119-S-2008', 2)":null},"('Giros', 'COMISI\u00d3N')":{"('0119-S-2008', 0)":"CULTURA","('0119-S-2008', 1)":"DEFENSA NACIONAL","('0119-S-2008', 2)":null},"('Tramites', 'C\u00c1MARA')":{"('0119-S-2008', 0)":"Senado","('0119-S-2008', 1)":"Diputados","('0119-S-2008', 2)":"Diputados"},"('Tramites', 'MOVIMIENTO')":{"('0119-S-2008', 0)":"CONSIDERACION Y APROBACION","('0119-S-2008', 1)":"PASA A DIPUTADOS -","('0119-S-2008', 2)":"CONSIDERACION Y SANCION"},"('Tramites', 'FECHA')":{"('0119-S-2008', 0)":"22\/10\/2008","('0119-S-2008', 1)":null,"('0119-S-2008', 2)":"11\/08\/2010"},"('Tramites', 'RESULTADO')":{"('0119-S-2008', 0)":"MEDIA SANCION","('0119-S-2008', 1)":null,"('0119-S-2008', 2)":"SANCIONADO"},"Link":{"('0119-S-2008', 0)":"https:\/\/www4.hcdn.gob.ar\/dependencias\/dsecretaria\/Periodo2008\/PDF2008\/TP2008\/0119-S-08.pdf","('0119-S-2008', 1)":null,"('0119-S-2008', 2)":null},"Palabra Clave":{"('0119-S-2008', 0)":" ","('0119-S-2008', 1)":null,"('0119-S-2008', 2)":null}}