{"Tipo de Proyecto":{"('0121-S-2008', 0)":"PROYECTO DE LEY","('0121-S-2008', 1)":null,"('0121-S-2008', 2)":null,"('0121-S-2008', 3)":null,"('0121-S-2008', 4)":null,"('0121-S-2008', 5)":null,"('0121-S-2008', 6)":null,"('0121-S-2008', 7)":null,"('0121-S-2008', 8)":null,"('0121-S-2008', 9)":null,"('0121-S-2008', 10)":null,"('0121-S-2008', 11)":null,"('0121-S-2008', 12)":null,"('0121-S-2008', 13)":null,"('0121-S-2008', 14)":null},"Iniciado en: ":{"('0121-S-2008', 0)":"Senado","('0121-S-2008', 1)":null,"('0121-S-2008', 2)":null,"('0121-S-2008', 3)":null,"('0121-S-2008', 4)":null,"('0121-S-2008', 5)":null,"('0121-S-2008', 6)":null,"('0121-S-2008', 7)":null,"('0121-S-2008', 8)":null,"('0121-S-2008', 9)":null,"('0121-S-2008', 10)":null,"('0121-S-2008', 11)":null,"('0121-S-2008', 12)":null,"('0121-S-2008', 13)":null,"('0121-S-2008', 14)":null},"Expediente Diputados: ":{"('0121-S-2008', 0)":"0121-S-2008","('0121-S-2008', 1)":null,"('0121-S-2008', 2)":null,"('0121-S-2008', 3)":null,"('0121-S-2008', 4)":null,"('0121-S-2008', 5)":null,"('0121-S-2008', 6)":null,"('0121-S-2008', 7)":null,"('0121-S-2008', 8)":null,"('0121-S-2008', 9)":null,"('0121-S-2008', 10)":null,"('0121-S-2008', 11)":null,"('0121-S-2008', 12)":null,"('0121-S-2008', 13)":null,"('0121-S-2008', 14)":null},"Expediente Senado: ":{"('0121-S-2008', 0)":"2379-S-2008","('0121-S-2008', 1)":null,"('0121-S-2008', 2)":null,"('0121-S-2008', 3)":null,"('0121-S-2008', 4)":null,"('0121-S-2008', 5)":null,"('0121-S-2008', 6)":null,"('0121-S-2008', 7)":null,"('0121-S-2008', 8)":null,"('0121-S-2008', 9)":null,"('0121-S-2008', 10)":null,"('0121-S-2008', 11)":null,"('0121-S-2008', 12)":null,"('0121-S-2008', 13)":null,"('0121-S-2008', 14)":null},"Publicado en: ":{"('0121-S-2008', 0)":"Diario de Asuntos Entrados N\u00b0 108","('0121-S-2008', 1)":null,"('0121-S-2008', 2)":null,"('0121-S-2008', 3)":null,"('0121-S-2008', 4)":null,"('0121-S-2008', 5)":null,"('0121-S-2008', 6)":null,"('0121-S-2008', 7)":null,"('0121-S-2008', 8)":null,"('0121-S-2008', 9)":null,"('0121-S-2008', 10)":null,"('0121-S-2008', 11)":null,"('0121-S-2008', 12)":null,"('0121-S-2008', 13)":null,"('0121-S-2008', 14)":null},"Fecha: ":{"('0121-S-2008', 0)":"17\/07\/2008","('0121-S-2008', 1)":null,"('0121-S-2008', 2)":null,"('0121-S-2008', 3)":null,"('0121-S-2008', 4)":null,"('0121-S-2008', 5)":null,"('0121-S-2008', 6)":null,"('0121-S-2008', 7)":null,"('0121-S-2008', 8)":null,"('0121-S-2008', 9)":null,"('0121-S-2008', 10)":null,"('0121-S-2008', 11)":null,"('0121-S-2008', 12)":null,"('0121-S-2008', 13)":null,"('0121-S-2008', 14)":null},"T\u00edtulo":{"('0121-S-2008', 0)":"INCORPORACION DE ARTICULO 25 BIS A LA LEY 19800 DE FONDO ESPECIAL DEL TABACO, ESTABLECIENDO UN ADICIONAL DEL CINCO POR CIENTO (5%) DEL PRECIO TOTAL DE VENTA AL PUBLICO DE CADA PAQUETE DE CIGARRILLOS COMPLEMENTARIO DEL ADICIONAL FIJO ESTABLECIDO EN LA MISMA NORMA.","('0121-S-2008', 1)":null,"('0121-S-2008', 2)":null,"('0121-S-2008', 3)":null,"('0121-S-2008', 4)":null,"('0121-S-2008', 5)":null,"('0121-S-2008', 6)":null,"('0121-S-2008', 7)":null,"('0121-S-2008', 8)":null,"('0121-S-2008', 9)":null,"('0121-S-2008', 10)":null,"('0121-S-2008', 11)":null,"('0121-S-2008', 12)":null,"('0121-S-2008', 13)":null,"('0121-S-2008', 14)":null},"('Firmantes', 'FIRMANTE')":{"('0121-S-2008', 0)":"JENEFES, GUILLERMO RAUL","('0121-S-2008', 1)":"VIANA, LUIS ALBERTO","('0121-S-2008', 2)":"TORRES, EDUARDO ENRIQUE","('0121-S-2008', 3)":"FELLNER, LILIANA BEATRIZ","('0121-S-2008', 4)":"PEREZ ALSINA, JUAN AGUSTIN","('0121-S-2008', 5)":"RIOS, ROBERTO FABIAN","('0121-S-2008', 6)":"BIANCALANI, FABIO DARIO","('0121-S-2008', 7)":"MIRANDA, JULIO ANTONIO","('0121-S-2008', 8)":"VIUDES DE DAMONTE, ISABEL JOSEFA","('0121-S-2008', 9)":"PINCHETTI DE SIERRA MORALES, DELIA","('0121-S-2008', 10)":"SALAZAR, CARLOS EDUARDO","('0121-S-2008', 11)":"COLOMBO, MARIA TERESITA","('0121-S-2008', 12)":"ROMERO, JUAN CARLOS","('0121-S-2008', 13)":"ESCUDERO, SONIA MARGARITA","('0121-S-2008', 14)":"VIGO, ELIDA MARIA"},"('Firmantes', 'DISTRITO')":{"('0121-S-2008', 0)":"JUJUY","('0121-S-2008', 1)":"MISIONES","('0121-S-2008', 2)":"MISIONES","('0121-S-2008', 3)":"JUJUY","('0121-S-2008', 4)":"SALTA","('0121-S-2008', 5)":"CORRIENTES","('0121-S-2008', 6)":"CHACO","('0121-S-2008', 7)":"TUCUMAN","('0121-S-2008', 8)":"CORRIENTES","('0121-S-2008', 9)":"TUCUMAN","('0121-S-2008', 10)":"TUCUMAN","('0121-S-2008', 11)":"CATAMARCA","('0121-S-2008', 12)":"SALTA","('0121-S-2008', 13)":"SALTA","('0121-S-2008', 14)":"MISIONES"},"('Firmantes', 'BLOQUE')":{"('0121-S-2008', 0)":"FRENTE PARA LA VICTORIA - PJ","('0121-S-2008', 1)":"FRENTE PARA LA VICTORIA - PJ","('0121-S-2008', 2)":"FRENTE PARA LA VICTORIA - PJ","('0121-S-2008', 3)":"FRENTE PARA LA VICTORIA - PJ","('0121-S-2008', 4)":"RENOVADOR DE SALTA","('0121-S-2008', 5)":"FRENTE PARA LA VICTORIA - PJ","('0121-S-2008', 6)":"FRENTE PARA LA VICTORIA - PJ","('0121-S-2008', 7)":"FRENTE PARA LA VICTORIA - PJ","('0121-S-2008', 8)":"PARTIDO NUEVO","('0121-S-2008', 9)":"FZA REPUBLICANA","('0121-S-2008', 10)":"FZA REPUBLICANA","('0121-S-2008', 11)":"FRENTE CIVICO Y SOCIAL DE CATAMARCA","('0121-S-2008', 12)":"FRENTE PARA LA VICTORIA - PJ","('0121-S-2008', 13)":"FRENTE PARA LA VICTORIA - PJ","('0121-S-2008', 14)":"FRENTE PARA LA VICTORIA - PJ"},"('Giros', 'COMISI\u00d3N')":{"('0121-S-2008', 0)":"COMERCIO","('0121-S-2008', 1)":"PRESUPUESTO Y HACIENDA","('0121-S-2008', 2)":null,"('0121-S-2008', 3)":null,"('0121-S-2008', 4)":null,"('0121-S-2008', 5)":null,"('0121-S-2008', 6)":null,"('0121-S-2008', 7)":null,"('0121-S-2008', 8)":null,"('0121-S-2008', 9)":null,"('0121-S-2008', 10)":null,"('0121-S-2008', 11)":null,"('0121-S-2008', 12)":null,"('0121-S-2008', 13)":null,"('0121-S-2008', 14)":null},"('Tramites', 'C\u00c1MARA')":{"('0121-S-2008', 0)":"Senado","('0121-S-2008', 1)":"Senado","('0121-S-2008', 2)":"Senado","('0121-S-2008', 3)":"Senado","('0121-S-2008', 4)":"Senado","('0121-S-2008', 5)":"Diputados","('0121-S-2008', 6)":null,"('0121-S-2008', 7)":null,"('0121-S-2008', 8)":null,"('0121-S-2008', 9)":null,"('0121-S-2008', 10)":null,"('0121-S-2008', 11)":null,"('0121-S-2008', 12)":null,"('0121-S-2008', 13)":null,"('0121-S-2008', 14)":null},"('Tramites', 'MOVIMIENTO')":{"('0121-S-2008', 0)":"MOCION DE PREFERENCIA PARA LA PROXIMA SESION (AFIRMATIVA)","('0121-S-2008', 1)":"MOCION SOBRE TABLAS (AFIRMATIVA)","('0121-S-2008', 2)":"CONSIDERACION Y APROBACION","('0121-S-2008', 3)":"MANIFESTACIONES SOBRE VOTACION","('0121-S-2008', 4)":"INSERCIONES DEL SENADOR JENEFES","('0121-S-2008', 5)":"PASA A DIPUTADOS -","('0121-S-2008', 6)":null,"('0121-S-2008', 7)":null,"('0121-S-2008', 8)":null,"('0121-S-2008', 9)":null,"('0121-S-2008', 10)":null,"('0121-S-2008', 11)":null,"('0121-S-2008', 12)":null,"('0121-S-2008', 13)":null,"('0121-S-2008', 14)":null},"('Tramites', 'FECHA')":{"('0121-S-2008', 0)":"10\/09\/2008","('0121-S-2008', 1)":"05\/11\/2008","('0121-S-2008', 2)":"05\/11\/2008","('0121-S-2008', 3)":"05\/11\/2008","('0121-S-2008', 4)":"05\/11\/2008","('0121-S-2008', 5)":null,"('0121-S-2008', 6)":null,"('0121-S-2008', 7)":null,"('0121-S-2008', 8)":null,"('0121-S-2008', 9)":null,"('0121-S-2008', 10)":null,"('0121-S-2008', 11)":null,"('0121-S-2008', 12)":null,"('0121-S-2008', 13)":null,"('0121-S-2008', 14)":null},"('Tramites', 'RESULTADO')":{"('0121-S-2008', 0)":null,"('0121-S-2008', 1)":null,"('0121-S-2008', 2)":"MEDIA SANCION","('0121-S-2008', 3)":null,"('0121-S-2008', 4)":null,"('0121-S-2008', 5)":null,"('0121-S-2008', 6)":null,"('0121-S-2008', 7)":null,"('0121-S-2008', 8)":null,"('0121-S-2008', 9)":null,"('0121-S-2008', 10)":null,"('0121-S-2008', 11)":null,"('0121-S-2008', 12)":null,"('0121-S-2008', 13)":null,"('0121-S-2008', 14)":null},"Link":{"('0121-S-2008', 0)":"https:\/\/www4.hcdn.gob.ar\/dependencias\/dsecretaria\/Periodo2008\/PDF2008\/TP2008\/0121-S-08.pdf","('0121-S-2008', 1)":null,"('0121-S-2008', 2)":null,"('0121-S-2008', 3)":null,"('0121-S-2008', 4)":null,"('0121-S-2008', 5)":null,"('0121-S-2008', 6)":null,"('0121-S-2008', 7)":null,"('0121-S-2008', 8)":null,"('0121-S-2008', 9)":null,"('0121-S-2008', 10)":null,"('0121-S-2008', 11)":null,"('0121-S-2008', 12)":null,"('0121-S-2008', 13)":null,"('0121-S-2008', 14)":null},"Palabra Clave":{"('0121-S-2008', 0)":" ","('0121-S-2008', 1)":null,"('0121-S-2008', 2)":null,"('0121-S-2008', 3)":null,"('0121-S-2008', 4)":null,"('0121-S-2008', 5)":null,"('0121-S-2008', 6)":null,"('0121-S-2008', 7)":null,"('0121-S-2008', 8)":null,"('0121-S-2008', 9)":null,"('0121-S-2008', 10)":null,"('0121-S-2008', 11)":null,"('0121-S-2008', 12)":null,"('0121-S-2008', 13)":null,"('0121-S-2008', 14)":null}}