{"Tipo de Proyecto":{"('0123-PE-2008', 0)":"MENSAJE NRO: 1172\/08","('0123-PE-2008', 1)":null},"Iniciado en: ":{"('0123-PE-2008', 0)":"Senado","('0123-PE-2008', 1)":null},"Expediente Senado: ":{"('0123-PE-2008', 0)":"0123-PE-2008","('0123-PE-2008', 1)":null},"Publicado en: ":{"('0123-PE-2008', 0)":"DAE S.A. N\u00b0 10","('0123-PE-2008', 1)":null},"Fecha: ":{"('0123-PE-2008', 0)":"18\/07\/2008","('0123-PE-2008', 1)":null},"T\u00edtulo":{"('0123-PE-2008', 0)":"SOLICITA ACUERDO PARA DESIGNAR JUEZA DEL JUZGADO FEDERAL DE PRIMERA INSTANCIA DE RECONQUISTA , PROVINCIA DE SANTA FE, A LA DOCTORA GRACIELA MARTA VILAS.","('0123-PE-2008', 1)":null},"('Firmantes', 'FIRMANTE')":{"('0123-PE-2008', 0)":"FERNANDEZ DE KIRCHNER, CRISTINA","('0123-PE-2008', 1)":"FERNANDEZ, ANIBAL"},"('Firmantes', 'DISTRITO')":{"('0123-PE-2008', 0)":null,"('0123-PE-2008', 1)":null},"('Firmantes', 'BLOQUE')":{"('0123-PE-2008', 0)":"PODER EJECUTIVO","('0123-PE-2008', 1)":"PODER EJECUTIVO"},"('Tramites', 'C\u00c1MARA')":{"('0123-PE-2008', 0)":"Senado","('0123-PE-2008', 1)":null},"('Tramites', 'MOVIMIENTO')":{"('0123-PE-2008', 0)":"SOLICITUD DE RETIRO DEL MENSAJE (EXPEDIENTE 0259-PE-08, MENSAJE 1408\/08, DAE SUPLEMENTO ACUERDOS 15)","('0123-PE-2008', 1)":null},"('Tramites', 'FECHA')":{"('0123-PE-2008', 0)":"10\/09\/2008","('0123-PE-2008', 1)":null},"('Tramites', 'RESULTADO')":{"('0123-PE-2008', 0)":"RETIRADO","('0123-PE-2008', 1)":null},"Palabra Clave":{"('0123-PE-2008', 0)":" ","('0123-PE-2008', 1)":null}}