{"Tipo de Proyecto":{"('0123-S-2008', 0)":"PROYECTO DE LEY","('0123-S-2008', 1)":null},"Iniciado en: ":{"('0123-S-2008', 0)":"Senado","('0123-S-2008', 1)":null},"Expediente Senado: ":{"('0123-S-2008', 0)":"0123-S-2008","('0123-S-2008', 1)":null},"Publicado en: ":{"('0123-S-2008', 0)":"Diario de Asuntos Entrados N\u00b0 6","('0123-S-2008', 1)":null},"Fecha: ":{"('0123-S-2008', 0)":"04\/03\/2008","('0123-S-2008', 1)":null},"T\u00edtulo":{"('0123-S-2008', 0)":"REGIMEN DE TRANSFERENCIAS COMPENSATORIAS POR PERDIDAS ORIGINADAS EN RETENCIONES A EXPORTACIONES MINERAS.","('0123-S-2008', 1)":null},"('Firmantes', 'FIRMANTE')":{"('0123-S-2008', 0)":"CASTILLO, OSCAR ANIBAL","('0123-S-2008', 1)":"COLOMBO, MARIA TERESITA"},"('Firmantes', 'DISTRITO')":{"('0123-S-2008', 0)":"CATAMARCA","('0123-S-2008', 1)":"CATAMARCA"},"('Firmantes', 'BLOQUE')":{"('0123-S-2008', 0)":"FRENTE CIVICO Y SOCIAL DE CATAMARCA","('0123-S-2008', 1)":"FRENTE CIVICO Y SOCIAL DE CATAMARCA"},"Sumario":{"('0123-S-2008', 0)":"TRANSFERENCIAS; ORIGEN DE LOS RECURSOS; VIGENCIA.","('0123-S-2008', 1)":null},"Palabra Clave":{"('0123-S-2008', 0)":" ","('0123-S-2008', 1)":null}}