{"Tipo de Proyecto":{"('0124-P-2008', 0)":"PROYECTO DE RESOLUCI\u00d3N"},"Iniciado en: ":{"('0124-P-2008', 0)":"Diputados"},"Expediente Diputados: ":{"('0124-P-2008', 0)":"0124-P-2008"},"Publicado en: ":{"('0124-P-2008', 0)":"BAE N\u00b0 24"},"Fecha: ":{"('0124-P-2008', 0)":"26\/08\/2008"},"T\u00edtulo":{"('0124-P-2008', 0)":"RECHAZAR EL PEDIDO DE JUICIO POLITICO PROMOVIDO POR EL SE\u00d1OR JUSTO D. REVUELTA A LA SE\u00d1ORA PRESIDENTA DE LA NACION, DOCTORA CRISTINA FERNANDEZ DE KIRCHNER, POR SUPUESTA FALSEDAD IDEOLOGICA"},"('Firmantes', 'FIRMANTE')":{"('0124-P-2008', 0)":"JUICIO POLITICO"},"('Firmantes', 'DISTRITO')":{"('0124-P-2008', 0)":null},"('Firmantes', 'BLOQUE')":{"('0124-P-2008', 0)":null},"('Giros', 'COMISI\u00d3N')":{"('0124-P-2008', 0)":"JUICIO POLITICO"},"Palabra Clave":{"('0124-P-2008', 0)":" "}}