{"Tipo de Proyecto":{"('0124-PE-2008', 0)":"MENSAJE NRO: 1173\/08","('0124-PE-2008', 1)":null},"Iniciado en: ":{"('0124-PE-2008', 0)":"Senado","('0124-PE-2008', 1)":null},"Expediente Senado: ":{"('0124-PE-2008', 0)":"0124-PE-2008","('0124-PE-2008', 1)":null},"Publicado en: ":{"('0124-PE-2008', 0)":"DAE S.A. N\u00b0 10","('0124-PE-2008', 1)":null},"Fecha: ":{"('0124-PE-2008', 0)":"18\/07\/2008","('0124-PE-2008', 1)":null},"T\u00edtulo":{"('0124-PE-2008', 0)":"SOLICITAR ACUERDO PARA DESIGNAR FISCAL GENERAL ADJUNTA ANTE LA CAMARA NACIONAL DE APELACIONES DEL TRABAJO DE LA CAPITAL FEDERAL, A LA DOCTORA MARIA CRISTINA PRIETO, EN LOS TERMINOS DEL ARTICULO 5 DE LA LEY 24946 (MINISTERIO PUBLICO).","('0124-PE-2008', 1)":null},"('Firmantes', 'FIRMANTE')":{"('0124-PE-2008', 0)":"FERNANDEZ DE KIRCHNER, CRISTINA","('0124-PE-2008', 1)":"FERNANDEZ, ANIBAL"},"('Firmantes', 'DISTRITO')":{"('0124-PE-2008', 0)":null,"('0124-PE-2008', 1)":null},"('Firmantes', 'BLOQUE')":{"('0124-PE-2008', 0)":"PODER EJECUTIVO","('0124-PE-2008', 1)":"PODER EJECUTIVO"},"('Tramites', 'C\u00c1MARA')":{"('0124-PE-2008', 0)":"Senado","('0124-PE-2008', 1)":"Senado"},"('Tramites', 'MOVIMIENTO')":{"('0124-PE-2008', 0)":"MOCION SOBRE TABLAS (AFIRMATIVA)","('0124-PE-2008', 1)":"CONSIDERACION Y APROBACION"},"('Tramites', 'FECHA')":{"('0124-PE-2008', 0)":"01\/10\/2008","('0124-PE-2008', 1)":"01\/10\/2008"},"('Tramites', 'RESULTADO')":{"('0124-PE-2008', 0)":null,"('0124-PE-2008', 1)":"APROBADO"},"Palabra Clave":{"('0124-PE-2008', 0)":" ","('0124-PE-2008', 1)":null}}