{"Tipo de Proyecto":{"('0124-D-2008', 0)":"PROYECTO DE RESOLUCI\u00d3N"},"Iniciado en: ":{"('0124-D-2008', 0)":"Diputados"},"Expediente Diputados: ":{"('0124-D-2008', 0)":"0124-D-2008"},"Publicado en: ":{"('0124-D-2008', 0)":"Tr\u00e1mite Parlamentario N\u00b0 2"},"Fecha: ":{"('0124-D-2008', 0)":"04\/03\/2008"},"T\u00edtulo":{"('0124-D-2008', 0)":"PEDIDO DE INFORMES AL PODER EJECUTIVO SOBRE LAS DEFICIENCIAS DEL SERVICIO DE TRANSPORTE FERROVIARIO DE PASAJEROS DE LA LINEA FEDERICO LACROZE, TRAMO BUENOS AIRES - POSADAS, PROVINCIA DE MISIONES."},"('Firmantes', 'FIRMANTE')":{"('0124-D-2008', 0)":"PERIE, JULIA ARGENTINA"},"('Firmantes', 'DISTRITO')":{"('0124-D-2008', 0)":"MISIONES"},"('Firmantes', 'BLOQUE')":{"('0124-D-2008', 0)":"FRENTE PARA LA VICTORIA - PJ"},"('Giros', 'COMISI\u00d3N')":{"('0124-D-2008', 0)":"TRANSPORTES"},"Link":{"('0124-D-2008', 0)":"https:\/\/www.hcdn.gob.ar\/proyectos\/textoCompleto.jsp?exp=0124-D-2008&tipo=RESOLUCION"},"Palabra Clave":{"('0124-D-2008', 0)":" "}}