{"Tipo de Proyecto":{"('0125-D-2008', 0)":"PROYECTO DE DECLARACI\u00d3N"},"Iniciado en: ":{"('0125-D-2008', 0)":"Diputados"},"Expediente Diputados: ":{"('0125-D-2008', 0)":"0125-D-2008"},"Publicado en: ":{"('0125-D-2008', 0)":"Tr\u00e1mite Parlamentario N\u00b0 2"},"Fecha: ":{"('0125-D-2008', 0)":"04\/03\/2008"},"T\u00edtulo":{"('0125-D-2008', 0)":"EXPRESAR BENEPLACITO POR LA ELECCION DE LA OBRA DE TEATRO \"FRAGIL SOBRE DICIEMBRE\" DE PATRICIO ELIZALDE PARA REPRESENTAR A LA REGION DEL NEA EN EL PROXIMO \"FESTIVAL NACIONAL DE TEATRO\", A REALIZARSE EN EL MES DE ABRIL DE 2008."},"('Firmantes', 'FIRMANTE')":{"('0125-D-2008', 0)":"PERIE, JULIA ARGENTINA"},"('Firmantes', 'DISTRITO')":{"('0125-D-2008', 0)":"MISIONES"},"('Firmantes', 'BLOQUE')":{"('0125-D-2008', 0)":"FRENTE PARA LA VICTORIA - PJ"},"('Giros', 'COMISI\u00d3N')":{"('0125-D-2008', 0)":"CULTURA"},"Link":{"('0125-D-2008', 0)":"https:\/\/www.hcdn.gob.ar\/proyectos\/textoCompleto.jsp?exp=0125-D-2008&tipo=DECLARACION"},"Palabra Clave":{"('0125-D-2008', 0)":" "}}