{"Tipo de Proyecto":{"('0126-S-2008', 0)":"COMUNICACION","('0126-S-2008', 1)":null},"Iniciado en: ":{"('0126-S-2008', 0)":"Senado","('0126-S-2008', 1)":null},"Expediente Senado: ":{"('0126-S-2008', 0)":"0126-S-2008","('0126-S-2008', 1)":null},"Publicado en: ":{"('0126-S-2008', 0)":"Diario de Asuntos Entrados N\u00b0 6","('0126-S-2008', 1)":null},"Fecha: ":{"('0126-S-2008', 0)":"04\/03\/2008","('0126-S-2008', 1)":null},"T\u00edtulo":{"('0126-S-2008', 0)":"PEDIDO DE INFORMES AL PODER EJECUTIVO NACIONAL SOBRE LAS MEDIDAS IMPLEMENTADAS A RAIZ DE LOS ULTIMOS ROBOS DE PIEZAS HISTORICAS EN EL PAIS.","('0126-S-2008', 1)":null},"('Firmantes', 'FIRMANTE')":{"('0126-S-2008', 0)":"RODRIGUEZ SAA, ADOLFO","('0126-S-2008', 1)":"NEGRE DE ALONSO, LILIANA T."},"('Firmantes', 'DISTRITO')":{"('0126-S-2008', 0)":"SAN LUIS","('0126-S-2008', 1)":"SAN LUIS"},"('Firmantes', 'BLOQUE')":{"('0126-S-2008', 0)":"JUSTICIALISTA SAN LUIS","('0126-S-2008', 1)":"JUSTICIALISTA SAN LUIS"},"('Tramites', 'C\u00c1MARA')":{"('0126-S-2008', 0)":"Senado","('0126-S-2008', 1)":"Senado"},"('Tramites', 'MOVIMIENTO')":{"('0126-S-2008', 0)":"APROBACION ARTICULO 106, PARRAFO 3 DEL REGLAMENTO DEL H SENADO CONJUNTAMENTE PARA LOS EXPEDIENTES 3608-S-2007 y 0126-S-2008","('0126-S-2008', 1)":"CONTESTACION DEL PODER EJECUTIVO NACIONAL - GIRADO A LA COMISION RESPECTIVA CONJUNTAMENTE PARA LOS EXPEDIENTES 3608-S-2007 y 0126-S-2008"},"('Tramites', 'FECHA')":{"('0126-S-2008', 0)":"14\/05\/2008","('0126-S-2008', 1)":"04\/03\/2009"},"('Tramites', 'RESULTADO')":{"('0126-S-2008', 0)":"APROBADO","('0126-S-2008', 1)":null},"Link":{"('0126-S-2008', 0)":"http:\/\/www.senado.gov.ar\/parlamentario\/comisiones\/verExp\/126.08\/S\/PC","('0126-S-2008', 1)":null},"Palabra Clave":{"('0126-S-2008', 0)":" ","('0126-S-2008', 1)":null}}