{"Tipo de Proyecto":{"('0126-D-2008', 0)":"PROYECTO DE RESOLUCI\u00d3N"},"Iniciado en: ":{"('0126-D-2008', 0)":"Diputados"},"Expediente Diputados: ":{"('0126-D-2008', 0)":"0126-D-2008"},"Publicado en: ":{"('0126-D-2008', 0)":"Tr\u00e1mite Parlamentario N\u00b0 2"},"Fecha: ":{"('0126-D-2008', 0)":"04\/03\/2008"},"T\u00edtulo":{"('0126-D-2008', 0)":"PEDIDO DE INFORMES AL PODER EJECUTIVO SOBRE LOS CONTROLES DE EMANACION DE GASES DE COMBUSTION REALIZADOS EN EL PARQUE AUTOMOTOR DE PASAJEROS Y DE CARGA, EN EL MARCO DE LA LEY 24449 DE TRANSITO."},"('Firmantes', 'FIRMANTE')":{"('0126-D-2008', 0)":"PERIE, JULIA ARGENTINA"},"('Firmantes', 'DISTRITO')":{"('0126-D-2008', 0)":"MISIONES"},"('Firmantes', 'BLOQUE')":{"('0126-D-2008', 0)":"FRENTE PARA LA VICTORIA - PJ"},"('Giros', 'COMISI\u00d3N')":{"('0126-D-2008', 0)":"TRANSPORTES"},"Link":{"('0126-D-2008', 0)":"https:\/\/www.hcdn.gob.ar\/proyectos\/textoCompleto.jsp?exp=0126-D-2008&tipo=RESOLUCION"},"Palabra Clave":{"('0126-D-2008', 0)":" "}}