{"Tipo de Proyecto":{"('0127-D-2008', 0)":"PROYECTO DE RESOLUCI\u00d3N","('0127-D-2008', 1)":null},"Iniciado en: ":{"('0127-D-2008', 0)":"Diputados","('0127-D-2008', 1)":null},"Expediente Diputados: ":{"('0127-D-2008', 0)":"0127-D-2008","('0127-D-2008', 1)":null},"Publicado en: ":{"('0127-D-2008', 0)":"Tr\u00e1mite Parlamentario N\u00b0 2","('0127-D-2008', 1)":null},"Fecha: ":{"('0127-D-2008', 0)":"04\/03\/2008","('0127-D-2008', 1)":null},"T\u00edtulo":{"('0127-D-2008', 0)":"SOLICITAR AL PODER EJECUTIVO DISPONGA DESARROLLAR UNA CAMPA\u00d1A DE INFORMACION Y PROMOCION SOBRE LOS ALCANCES DE LA LEY 26206, DE EDUCACION NACIONAL, EN CUANTO A ASEGURAR A LOS PUEBLOS INDIGENAS EL RESPETO A SU LENGUA E IDENTIDAD CULTURAL.","('0127-D-2008', 1)":null},"('Firmantes', 'FIRMANTE')":{"('0127-D-2008', 0)":"PERIE, JULIA ARGENTINA","('0127-D-2008', 1)":null},"('Firmantes', 'DISTRITO')":{"('0127-D-2008', 0)":"MISIONES","('0127-D-2008', 1)":null},"('Firmantes', 'BLOQUE')":{"('0127-D-2008', 0)":"FRENTE PARA LA VICTORIA - PJ","('0127-D-2008', 1)":null},"('Giros', 'COMISI\u00d3N')":{"('0127-D-2008', 0)":"POBLACION Y DESARROLLO HUMANO","('0127-D-2008', 1)":null},"('Tramites', 'C\u00c1MARA')":{"('0127-D-2008', 0)":"Diputados","('0127-D-2008', 1)":"Diputados"},"('Tramites', 'MOVIMIENTO')":{"('0127-D-2008', 0)":"CONSIDERACION Y APROBACION","('0127-D-2008', 1)":"CONTESTACION DEL PODER EJECUTIVO NACIONAL - JEFE DE GABINETE DE MINISTROS - GIRADO A LA COMISION RESPECTIVA"},"('Tramites', 'FECHA')":{"('0127-D-2008', 0)":"21\/05\/2008","('0127-D-2008', 1)":"11\/03\/2009"},"('Tramites', 'RESULTADO')":{"('0127-D-2008', 0)":"APROBADO","('0127-D-2008', 1)":null},"Link":{"('0127-D-2008', 0)":"https:\/\/www.hcdn.gob.ar\/proyectos\/textoCompleto.jsp?exp=0127-D-2008&tipo=RESOLUCION","('0127-D-2008', 1)":null},"Palabra Clave":{"('0127-D-2008', 0)":" ","('0127-D-2008', 1)":null}}