{"Tipo de Proyecto":{"('0127-S-2008', 0)":"PROYECTO DE LEY","('0127-S-2008', 1)":null,"('0127-S-2008', 2)":null},"Iniciado en: ":{"('0127-S-2008', 0)":"Senado","('0127-S-2008', 1)":null,"('0127-S-2008', 2)":null},"Expediente Diputados: ":{"('0127-S-2008', 0)":"0127-S-2008","('0127-S-2008', 1)":null,"('0127-S-2008', 2)":null},"Expediente Senado: ":{"('0127-S-2008', 0)":"0171-S-2008","('0127-S-2008', 1)":null,"('0127-S-2008', 2)":null},"Publicado en: ":{"('0127-S-2008', 0)":"Diario de Asuntos Entrados N\u00b0 8","('0127-S-2008', 1)":null,"('0127-S-2008', 2)":null},"Fecha: ":{"('0127-S-2008', 0)":"05\/03\/2008","('0127-S-2008', 1)":null,"('0127-S-2008', 2)":null},"T\u00edtulo":{"('0127-S-2008', 0)":"CREACION DEL REGISTRO NACIONAL DE IDENTIFICACION GENETICA DE ABUSADORES SEXUALES (REPRODUCCION DEL EXPEDIENTE 2575-S-06).","('0127-S-2008', 1)":null,"('0127-S-2008', 2)":null},"('Firmantes', 'FIRMANTE')":{"('0127-S-2008', 0)":"FELLNER, LILIANA BEATRIZ","('0127-S-2008', 1)":null,"('0127-S-2008', 2)":null},"('Firmantes', 'DISTRITO')":{"('0127-S-2008', 0)":"JUJUY","('0127-S-2008', 1)":null,"('0127-S-2008', 2)":null},"('Firmantes', 'BLOQUE')":{"('0127-S-2008', 0)":"FRENTE PARA LA VICTORIA - PJ","('0127-S-2008', 1)":null,"('0127-S-2008', 2)":null},"('Giros', 'COMISI\u00d3N')":{"('0127-S-2008', 0)":"LEGISLACION PENAL","('0127-S-2008', 1)":"JUSTICIA","('0127-S-2008', 2)":null},"('Tramites', 'C\u00c1MARA')":{"('0127-S-2008', 0)":"Senado","('0127-S-2008', 1)":"Senado","('0127-S-2008', 2)":"Diputados"},"('Tramites', 'MOVIMIENTO')":{"('0127-S-2008', 0)":"AMPLIACION GIRO A LA COMISION DE SEGURIDAD INTERIOR Y NARCOTRAFICO","('0127-S-2008', 1)":"CONSIDERACION Y APROBACION CON MODIFICACIONES CONJUNTAMENTE PARA LOS EXPEDIENTES 0127-S-2008, 0171-S-2008, 0388-S-2008, 0781-S-2008, 2386-S-2008, 2397-S-2008 y 3300-S-2008","('0127-S-2008', 2)":"PASA A DIPUTADOS - CONJUNTAMENTE PARA LOS EXPEDIENTES 0127-S-2008, 0171-S-2008, 0388-S-2008, 0781-S-2008, 2386-S-2008, 2397-S-2008 y 3300-S-2008"},"('Tramites', 'FECHA')":{"('0127-S-2008', 0)":"01\/10\/2008","('0127-S-2008', 1)":"26\/11\/2008","('0127-S-2008', 2)":null},"('Tramites', 'RESULTADO')":{"('0127-S-2008', 0)":null,"('0127-S-2008', 1)":"MEDIA SANCION","('0127-S-2008', 2)":null},"Sumario":{"('0127-S-2008', 0)":"AMBITO DE FUNCIONAMIENTO: REGISTRO NACIONAL DE REINCIDENCIA, DEPENDIENTE DEL MINISTERIO DE JUSTICIA DE LA NACION (RENIGAS); INFORMACION GENETICA; SECCION ESPECIAL DE AUTORES IGNORADOS; REALIZACION DEL EXAMEN GENETICO E INCORPORACION AL REGISTRO; CONTENIDO RESERVADO DE LAS CONSTANCIAS OBRANTES EN EL REGISTRO; RETIRO DE LA INFORMACION; PROHIBICIONES.","('0127-S-2008', 1)":null,"('0127-S-2008', 2)":null},"Palabra Clave":{"('0127-S-2008', 0)":" ","('0127-S-2008', 1)":null,"('0127-S-2008', 2)":null}}