{"Tipo de Proyecto":{"('0128-S-2008', 0)":"PROYECTO DE LEY","('0128-S-2008', 1)":null,"('0128-S-2008', 2)":null},"Iniciado en: ":{"('0128-S-2008', 0)":"Senado","('0128-S-2008', 1)":null,"('0128-S-2008', 2)":null},"Expediente Diputados: ":{"('0128-S-2008', 0)":"0128-S-2008","('0128-S-2008', 1)":null,"('0128-S-2008', 2)":null},"Expediente Senado: ":{"('0128-S-2008', 0)":"1224-S-2008","('0128-S-2008', 1)":null,"('0128-S-2008', 2)":null},"Publicado en: ":{"('0128-S-2008', 0)":"Diario de Asuntos Entrados N\u00b0 59","('0128-S-2008', 1)":null,"('0128-S-2008', 2)":null},"Fecha: ":{"('0128-S-2008', 0)":"06\/05\/2008","('0128-S-2008', 1)":null,"('0128-S-2008', 2)":null},"T\u00edtulo":{"('0128-S-2008', 0)":"CREACION DEL CONSEJO FEDERAL DE ADULTOS MAYORES, CON EL FIN DE ASESORAR Y COLABORAR EN EL DISE\u00d1O DE POLITICAS SOCIALES DIRIGIDAS A LA POBLACION DE 60 A\u00d1OS Y MAS, PARA FORTALECER SUS ORGANIZACIONES.","('0128-S-2008', 1)":null,"('0128-S-2008', 2)":null},"('Firmantes', 'FIRMANTE')":{"('0128-S-2008', 0)":"FORSTMANN, SELVA JUDIT","('0128-S-2008', 1)":"PERCEVAL, MARIA CRISTINA","('0128-S-2008', 2)":"GIRI, HAIDE DELIA"},"('Firmantes', 'DISTRITO')":{"('0128-S-2008', 0)":"SANTA CRUZ","('0128-S-2008', 1)":"MENDOZA","('0128-S-2008', 2)":"CORDOBA"},"('Firmantes', 'BLOQUE')":{"('0128-S-2008', 0)":"FRENTE PARA LA VICTORIA - PJ","('0128-S-2008', 1)":"FRENTE PARA LA VICTORIA - PJ","('0128-S-2008', 2)":"FRENTE PARA LA VICTORIA - PJ"},"('Giros', 'COMISI\u00d3N')":{"('0128-S-2008', 0)":"TERCERA EDAD","('0128-S-2008', 1)":"ACCION SOCIAL Y SALUD PUBLICA","('0128-S-2008', 2)":"PRESUPUESTO Y HACIENDA"},"('Tramites', 'C\u00c1MARA')":{"('0128-S-2008', 0)":"Senado","('0128-S-2008', 1)":"Senado","('0128-S-2008', 2)":"Diputados"},"('Tramites', 'MOVIMIENTO')":{"('0128-S-2008', 0)":"MOCION DE PREFERENCIA PARA LA PROXIMA SESION (AFIRMATIVA)","('0128-S-2008', 1)":"CONSIDERACION Y APROBACION","('0128-S-2008', 2)":"PASA A DIPUTADOS -"},"('Tramites', 'FECHA')":{"('0128-S-2008', 0)":"22\/10\/2008","('0128-S-2008', 1)":"26\/11\/2008","('0128-S-2008', 2)":null},"('Tramites', 'RESULTADO')":{"('0128-S-2008', 0)":null,"('0128-S-2008', 1)":"MEDIA SANCION","('0128-S-2008', 2)":null},"Sumario":{"('0128-S-2008', 0)":"FUNCIONES; INTEGRACION; PLENARIO; EL COMITE EJECUTIVO REALIZARA LAS TAREAS NECESARIAS PARA EL CUMPLIMIENTO DE LAS RESOLUCIONES DEL PLENARIO.","('0128-S-2008', 1)":null,"('0128-S-2008', 2)":null},"Palabra Clave":{"('0128-S-2008', 0)":" ","('0128-S-2008', 1)":null,"('0128-S-2008', 2)":null}}