{"Tipo de Proyecto":{"('0129-D-2008', 0)":"PROYECTO DE DECLARACI\u00d3N"},"Iniciado en: ":{"('0129-D-2008', 0)":"Diputados"},"Expediente Diputados: ":{"('0129-D-2008', 0)":"0129-D-2008"},"Publicado en: ":{"('0129-D-2008', 0)":"Tr\u00e1mite Parlamentario N\u00b0 2"},"Fecha: ":{"('0129-D-2008', 0)":"04\/03\/2008"},"T\u00edtulo":{"('0129-D-2008', 0)":"EXPRESAR BENEPLACITO POR EL DESARROLLO DEL \"CUARTO CONGRESO FORESTAL ARGENTINO Y LATINOAMERICANO\", A REALIZARSE DEL 7 AL 10 DE OCTUBRE DE 2008 EN LA CIUDAD DE BARILOCHE, PROVINCIA DE RIO NEGRO."},"('Firmantes', 'FIRMANTE')":{"('0129-D-2008', 0)":"PERIE, JULIA ARGENTINA"},"('Firmantes', 'DISTRITO')":{"('0129-D-2008', 0)":"MISIONES"},"('Firmantes', 'BLOQUE')":{"('0129-D-2008', 0)":"FRENTE PARA LA VICTORIA - PJ"},"('Giros', 'COMISI\u00d3N')":{"('0129-D-2008', 0)":"RECURSOS NATURALES Y CONSERVACION DEL AMBIENTE HUMANO"},"('Tramites', 'C\u00c1MARA')":{"('0129-D-2008', 0)":"Diputados"},"('Tramites', 'MOVIMIENTO')":{"('0129-D-2008', 0)":"CONSIDERACION Y APROBACION"},"('Tramites', 'FECHA')":{"('0129-D-2008', 0)":"21\/05\/2008"},"('Tramites', 'RESULTADO')":{"('0129-D-2008', 0)":"APROBADO"},"Link":{"('0129-D-2008', 0)":"https:\/\/www.hcdn.gob.ar\/proyectos\/textoCompleto.jsp?exp=0129-D-2008&tipo=DECLARACION"},"Palabra Clave":{"('0129-D-2008', 0)":" "}}