{"Tipo de Proyecto":{"('0130-S-2008', 0)":"PROYECTO DE LEY","('0130-S-2008', 1)":null,"('0130-S-2008', 2)":null,"('0130-S-2008', 3)":null,"('0130-S-2008', 4)":null,"('0130-S-2008', 5)":null,"('0130-S-2008', 6)":null,"('0130-S-2008', 7)":null},"Iniciado en: ":{"('0130-S-2008', 0)":"Senado","('0130-S-2008', 1)":null,"('0130-S-2008', 2)":null,"('0130-S-2008', 3)":null,"('0130-S-2008', 4)":null,"('0130-S-2008', 5)":null,"('0130-S-2008', 6)":null,"('0130-S-2008', 7)":null},"Expediente Diputados: ":{"('0130-S-2008', 0)":"0130-S-2008","('0130-S-2008', 1)":null,"('0130-S-2008', 2)":null,"('0130-S-2008', 3)":null,"('0130-S-2008', 4)":null,"('0130-S-2008', 5)":null,"('0130-S-2008', 6)":null,"('0130-S-2008', 7)":null},"Expediente Senado: ":{"('0130-S-2008', 0)":"2122-S-2008","('0130-S-2008', 1)":null,"('0130-S-2008', 2)":null,"('0130-S-2008', 3)":null,"('0130-S-2008', 4)":null,"('0130-S-2008', 5)":null,"('0130-S-2008', 6)":null,"('0130-S-2008', 7)":null},"Publicado en: ":{"('0130-S-2008', 0)":"Diario de Asuntos Entrados N\u00b0 96","('0130-S-2008', 1)":null,"('0130-S-2008', 2)":null,"('0130-S-2008', 3)":null,"('0130-S-2008', 4)":null,"('0130-S-2008', 5)":null,"('0130-S-2008', 6)":null,"('0130-S-2008', 7)":null},"Fecha: ":{"('0130-S-2008', 0)":"26\/06\/2008","('0130-S-2008', 1)":null,"('0130-S-2008', 2)":null,"('0130-S-2008', 3)":null,"('0130-S-2008', 4)":null,"('0130-S-2008', 5)":null,"('0130-S-2008', 6)":null,"('0130-S-2008', 7)":null},"T\u00edtulo":{"('0130-S-2008', 0)":"CREACION DEL JUZGADO FEDERAL DE PRIMERA INSTANCIA NUMERO 4 DE LA CIUDAD DE MENDOZA, PROVINCIA DE MENDOZA.","('0130-S-2008', 1)":null,"('0130-S-2008', 2)":null,"('0130-S-2008', 3)":null,"('0130-S-2008', 4)":null,"('0130-S-2008', 5)":null,"('0130-S-2008', 6)":null,"('0130-S-2008', 7)":null},"('Firmantes', 'FIRMANTE')":{"('0130-S-2008', 0)":"PERCEVAL, MARIA CRISTINA","('0130-S-2008', 1)":"SANZ, ERNESTO RICARDO","('0130-S-2008', 2)":null,"('0130-S-2008', 3)":null,"('0130-S-2008', 4)":null,"('0130-S-2008', 5)":null,"('0130-S-2008', 6)":null,"('0130-S-2008', 7)":null},"('Firmantes', 'DISTRITO')":{"('0130-S-2008', 0)":"MENDOZA","('0130-S-2008', 1)":"MENDOZA","('0130-S-2008', 2)":null,"('0130-S-2008', 3)":null,"('0130-S-2008', 4)":null,"('0130-S-2008', 5)":null,"('0130-S-2008', 6)":null,"('0130-S-2008', 7)":null},"('Firmantes', 'BLOQUE')":{"('0130-S-2008', 0)":"FRENTE PARA LA VICTORIA - PJ","('0130-S-2008', 1)":"UCR","('0130-S-2008', 2)":null,"('0130-S-2008', 3)":null,"('0130-S-2008', 4)":null,"('0130-S-2008', 5)":null,"('0130-S-2008', 6)":null,"('0130-S-2008', 7)":null},"('Giros', 'COMISI\u00d3N')":{"('0130-S-2008', 0)":"JUSTICIA","('0130-S-2008', 1)":"PRESUPUESTO Y HACIENDA","('0130-S-2008', 2)":null,"('0130-S-2008', 3)":null,"('0130-S-2008', 4)":null,"('0130-S-2008', 5)":null,"('0130-S-2008', 6)":null,"('0130-S-2008', 7)":null},"('Tramites', 'C\u00c1MARA')":{"('0130-S-2008', 0)":"Senado","('0130-S-2008', 1)":"Diputados","('0130-S-2008', 2)":"Diputados","('0130-S-2008', 3)":"Diputados","('0130-S-2008', 4)":"Diputados","('0130-S-2008', 5)":"Senado","('0130-S-2008', 6)":"Senado","('0130-S-2008', 7)":"Senado"},"('Tramites', 'MOVIMIENTO')":{"('0130-S-2008', 0)":"CONSIDERACION Y APROBACION","('0130-S-2008', 1)":"PASA A DIPUTADOS -","('0130-S-2008', 2)":"MOCION DE PREFERENCIA PARA LA PROXIMA SESION CON DICTAMEN (AFIRMATIVA)","('0130-S-2008', 3)":"CONSIDERACION Y APROBACION CON MODIFICACIONES","('0130-S-2008', 4)":"INSERCION DEL DIPUTADO PIUMATO","('0130-S-2008', 5)":"VUELVE A SENADO -","('0130-S-2008', 6)":"MOCION DE PREFERENCIA PARA LA PROXIMA SESION CON DICTAMEN (AFIRMATIVA)","('0130-S-2008', 7)":"CONSIDERACION Y SANCION"},"('Tramites', 'FECHA')":{"('0130-S-2008', 0)":"26\/11\/2008","('0130-S-2008', 1)":null,"('0130-S-2008', 2)":"28\/10\/2009","('0130-S-2008', 3)":"04\/11\/2009","('0130-S-2008', 4)":"04\/11\/2009","('0130-S-2008', 5)":null,"('0130-S-2008', 6)":"18\/11\/2009","('0130-S-2008', 7)":"02\/12\/2009"},"('Tramites', 'RESULTADO')":{"('0130-S-2008', 0)":"MEDIA SANCION","('0130-S-2008', 1)":null,"('0130-S-2008', 2)":null,"('0130-S-2008', 3)":"MEDIA SANCION","('0130-S-2008', 4)":null,"('0130-S-2008', 5)":null,"('0130-S-2008', 6)":null,"('0130-S-2008', 7)":"SANCIONADO"},"Link":{"('0130-S-2008', 0)":"https:\/\/www4.hcdn.gob.ar\/dependencias\/dsecretaria\/Periodo2008\/PDF2008\/TP2008\/0130-S-08.pdf","('0130-S-2008', 1)":null,"('0130-S-2008', 2)":null,"('0130-S-2008', 3)":null,"('0130-S-2008', 4)":null,"('0130-S-2008', 5)":null,"('0130-S-2008', 6)":null,"('0130-S-2008', 7)":null},"Palabra Clave":{"('0130-S-2008', 0)":" ","('0130-S-2008', 1)":null,"('0130-S-2008', 2)":null,"('0130-S-2008', 3)":null,"('0130-S-2008', 4)":null,"('0130-S-2008', 5)":null,"('0130-S-2008', 6)":null,"('0130-S-2008', 7)":null}}