{"Tipo de Proyecto":{"('0131-D-2008', 0)":"PROYECTO DE RESOLUCI\u00d3N"},"Iniciado en: ":{"('0131-D-2008', 0)":"Diputados"},"Expediente Diputados: ":{"('0131-D-2008', 0)":"0131-D-2008"},"Publicado en: ":{"('0131-D-2008', 0)":"Tr\u00e1mite Parlamentario N\u00b0 2"},"Fecha: ":{"('0131-D-2008', 0)":"04\/03\/2008"},"T\u00edtulo":{"('0131-D-2008', 0)":"SOLICITAR AL PODER EJECUTIVO DISPONGA REALIZAR UNA CAMPA\u00d1A DE DIFUSION MASIVA REFERIDA AL \"PROGRAMA NACIONAL DE BECAS UNIVERSITARIAS\"."},"('Firmantes', 'FIRMANTE')":{"('0131-D-2008', 0)":"PERIE, JULIA ARGENTINA"},"('Firmantes', 'DISTRITO')":{"('0131-D-2008', 0)":"MISIONES"},"('Firmantes', 'BLOQUE')":{"('0131-D-2008', 0)":"FRENTE PARA LA VICTORIA - PJ"},"('Giros', 'COMISI\u00d3N')":{"('0131-D-2008', 0)":"EDUCACION"},"Link":{"('0131-D-2008', 0)":"https:\/\/www.hcdn.gob.ar\/proyectos\/textoCompleto.jsp?exp=0131-D-2008&tipo=RESOLUCION"},"Palabra Clave":{"('0131-D-2008', 0)":" "}}