{"Tipo de Proyecto":{"('0132-S-2008', 0)":"PROYECTO DE DECLARACI\u00d3N","('0132-S-2008', 1)":null},"Iniciado en: ":{"('0132-S-2008', 0)":"Senado","('0132-S-2008', 1)":null},"Expediente Senado: ":{"('0132-S-2008', 0)":"0132-S-2008","('0132-S-2008', 1)":null},"Publicado en: ":{"('0132-S-2008', 0)":"Diario de Asuntos Entrados N\u00b0 6","('0132-S-2008', 1)":null},"Fecha: ":{"('0132-S-2008', 0)":"04\/03\/2008","('0132-S-2008', 1)":null},"T\u00edtulo":{"('0132-S-2008', 0)":"ADHERIR AL DIA MUNDIAL DEL AGUA, A CELEBRARSE EL 22 DE MARZO.","('0132-S-2008', 1)":null},"('Firmantes', 'FIRMANTE')":{"('0132-S-2008', 0)":"RODRIGUEZ SAA, ADOLFO","('0132-S-2008', 1)":"NEGRE DE ALONSO, LILIANA T."},"('Firmantes', 'DISTRITO')":{"('0132-S-2008', 0)":"SAN LUIS","('0132-S-2008', 1)":"SAN LUIS"},"('Firmantes', 'BLOQUE')":{"('0132-S-2008', 0)":"JUSTICIALISTA SAN LUIS","('0132-S-2008', 1)":"JUSTICIALISTA SAN LUIS"},"('Tramites', 'C\u00c1MARA')":{"('0132-S-2008', 0)":"Senado","('0132-S-2008', 1)":null},"('Tramites', 'MOVIMIENTO')":{"('0132-S-2008', 0)":"CONSIDERACION Y APROBACION CONJUNTAMENTE PARA LOS EXPEDIENTES 0090-S-2008, 0132-S-2008 y 0186-S-2008","('0132-S-2008', 1)":null},"('Tramites', 'FECHA')":{"('0132-S-2008', 0)":"16\/04\/2008","('0132-S-2008', 1)":null},"('Tramites', 'RESULTADO')":{"('0132-S-2008', 0)":"APROBADO","('0132-S-2008', 1)":null},"Link":{"('0132-S-2008', 0)":"http:\/\/www.senado.gov.ar\/parlamentario\/comisiones\/verExp\/132.08\/S\/PD","('0132-S-2008', 1)":null},"Palabra Clave":{"('0132-S-2008', 0)":" ","('0132-S-2008', 1)":null}}