{"Tipo de Proyecto":{"('0133-D-2008', 0)":"PROYECTO DE LEY","('0133-D-2008', 1)":null},"Iniciado en: ":{"('0133-D-2008', 0)":"Diputados","('0133-D-2008', 1)":null},"Expediente Diputados: ":{"('0133-D-2008', 0)":"0133-D-2008","('0133-D-2008', 1)":null},"Expediente Senado: ":{"('0133-D-2008', 0)":"0088-CD-2008","('0133-D-2008', 1)":null},"Publicado en: ":{"('0133-D-2008', 0)":"Tr\u00e1mite Parlamentario N\u00b0 2","('0133-D-2008', 1)":null},"Fecha: ":{"('0133-D-2008', 0)":"04\/03\/2008","('0133-D-2008', 1)":null},"T\u00edtulo":{"('0133-D-2008', 0)":"EMISION ESPECIAL DE UNA MONEDA O BILLETE CON LA IMAGEN DE DON ATAHUALPA YUPANQUI.","('0133-D-2008', 1)":null},"('Firmantes', 'FIRMANTE')":{"('0133-D-2008', 0)":"PERIE, JULIA ARGENTINA","('0133-D-2008', 1)":null},"('Firmantes', 'DISTRITO')":{"('0133-D-2008', 0)":"MISIONES","('0133-D-2008', 1)":null},"('Firmantes', 'BLOQUE')":{"('0133-D-2008', 0)":"FRENTE PARA LA VICTORIA - PJ","('0133-D-2008', 1)":null},"('Giros', 'COMISI\u00d3N')":{"('0133-D-2008', 0)":"FINANZAS","('0133-D-2008', 1)":null},"('Tramites', 'C\u00c1MARA')":{"('0133-D-2008', 0)":"Diputados","('0133-D-2008', 1)":"Senado"},"('Tramites', 'MOVIMIENTO')":{"('0133-D-2008', 0)":"CONSIDERACION Y APROBACION","('0133-D-2008', 1)":"PASA A SENADO -"},"('Tramites', 'FECHA')":{"('0133-D-2008', 0)":"03\/12\/2008","('0133-D-2008', 1)":null},"('Tramites', 'RESULTADO')":{"('0133-D-2008', 0)":"MEDIA SANCION","('0133-D-2008', 1)":null},"Link":{"('0133-D-2008', 0)":"https:\/\/www.hcdn.gob.ar\/proyectos\/textoCompleto.jsp?exp=0133-D-2008&tipo=LEY","('0133-D-2008', 1)":null},"Palabra Clave":{"('0133-D-2008', 0)":" ","('0133-D-2008', 1)":null}}