{"Tipo de Proyecto":{"('0133-S-2008', 0)":"PROYECTO DE DECLARACI\u00d3N","('0133-S-2008', 1)":null},"Iniciado en: ":{"('0133-S-2008', 0)":"Senado","('0133-S-2008', 1)":null},"Expediente Senado: ":{"('0133-S-2008', 0)":"0133-S-2008","('0133-S-2008', 1)":null},"Publicado en: ":{"('0133-S-2008', 0)":"Diario de Asuntos Entrados N\u00b0 6","('0133-S-2008', 1)":null},"Fecha: ":{"('0133-S-2008', 0)":"04\/03\/2008","('0133-S-2008', 1)":null},"T\u00edtulo":{"('0133-S-2008', 0)":"ADHERIR AL DIA FORESTAL MUNDIAL, A CELEBRARSE EL 21 DE MARZO. ","('0133-S-2008', 1)":null},"('Firmantes', 'FIRMANTE')":{"('0133-S-2008', 0)":"RODRIGUEZ SAA, ADOLFO","('0133-S-2008', 1)":"NEGRE DE ALONSO, LILIANA T."},"('Firmantes', 'DISTRITO')":{"('0133-S-2008', 0)":"SAN LUIS","('0133-S-2008', 1)":"SAN LUIS"},"('Firmantes', 'BLOQUE')":{"('0133-S-2008', 0)":"JUSTICIALISTA SAN LUIS","('0133-S-2008', 1)":"JUSTICIALISTA SAN LUIS"},"('Tramites', 'C\u00c1MARA')":{"('0133-S-2008', 0)":"Senado","('0133-S-2008', 1)":null},"('Tramites', 'MOVIMIENTO')":{"('0133-S-2008', 0)":"APROBACION ARTICULO 106, PARRAFO 3 DEL REGLAMENTO DEL H SENADO CONJUNTAMENTE PARA LOS EXPEDIENTES 0133-S-2008 y 0183-S-2008","('0133-S-2008', 1)":null},"('Tramites', 'FECHA')":{"('0133-S-2008', 0)":"03\/09\/2008","('0133-S-2008', 1)":null},"('Tramites', 'RESULTADO')":{"('0133-S-2008', 0)":"APROBADO","('0133-S-2008', 1)":null},"Link":{"('0133-S-2008', 0)":"http:\/\/www.senado.gov.ar\/parlamentario\/comisiones\/verExp\/133.08\/S\/PD","('0133-S-2008', 1)":null},"Palabra Clave":{"('0133-S-2008', 0)":" ","('0133-S-2008', 1)":null}}