{"Tipo de Proyecto":{"('0135-D-2008', 0)":"PROYECTO DE RESOLUCI\u00d3N","('0135-D-2008', 1)":null,"('0135-D-2008', 2)":null},"Iniciado en: ":{"('0135-D-2008', 0)":"Diputados","('0135-D-2008', 1)":null,"('0135-D-2008', 2)":null},"Expediente Diputados: ":{"('0135-D-2008', 0)":"0135-D-2008","('0135-D-2008', 1)":null,"('0135-D-2008', 2)":null},"Publicado en: ":{"('0135-D-2008', 0)":"Tr\u00e1mite Parlamentario N\u00b0 2","('0135-D-2008', 1)":null,"('0135-D-2008', 2)":null},"Fecha: ":{"('0135-D-2008', 0)":"04\/03\/2008","('0135-D-2008', 1)":null,"('0135-D-2008', 2)":null},"T\u00edtulo":{"('0135-D-2008', 0)":"PEDIDO DE INFORMES AL PODER EJECUTIVO SOBRE LOS INCONVENIENTES POR LOS QUE HA ATRAVESADO EL SECTOR DE TRANSPORTE AEROCOMERCIAL EN EL PERIODO 2006 - 2007.","('0135-D-2008', 1)":null,"('0135-D-2008', 2)":null},"('Firmantes', 'FIRMANTE')":{"('0135-D-2008', 0)":"ACU\u00d1A, HUGO RODOLFO","('0135-D-2008', 1)":"BRILLO, JOSE RICARDO","('0135-D-2008', 2)":"COMELLI, ALICIA MARCELA"},"('Firmantes', 'DISTRITO')":{"('0135-D-2008', 0)":"NEUQUEN","('0135-D-2008', 1)":"NEUQUEN","('0135-D-2008', 2)":"NEUQUEN"},"('Firmantes', 'BLOQUE')":{"('0135-D-2008', 0)":"MOV POP NEUQUINO","('0135-D-2008', 1)":"MOV POP NEUQUINO","('0135-D-2008', 2)":"MOV POP NEUQUINO"},"('Giros', 'COMISI\u00d3N')":{"('0135-D-2008', 0)":"TRANSPORTES","('0135-D-2008', 1)":null,"('0135-D-2008', 2)":null},"Link":{"('0135-D-2008', 0)":"https:\/\/www.hcdn.gob.ar\/proyectos\/textoCompleto.jsp?exp=0135-D-2008&tipo=RESOLUCION","('0135-D-2008', 1)":null,"('0135-D-2008', 2)":null},"Palabra Clave":{"('0135-D-2008', 0)":" ","('0135-D-2008', 1)":null,"('0135-D-2008', 2)":null}}