{"Tipo de Proyecto":{"('0135-S-2008', 0)":"COMUNICACION"},"Iniciado en: ":{"('0135-S-2008', 0)":"Senado"},"Expediente Senado: ":{"('0135-S-2008', 0)":"0135-S-2008"},"Publicado en: ":{"('0135-S-2008', 0)":"Diario de Asuntos Entrados N\u00b0 6"},"Fecha: ":{"('0135-S-2008', 0)":"04\/03\/2008"},"T\u00edtulo":{"('0135-S-2008', 0)":"SOLICITAR AL PODER EJECUTIVO NACIONAL SE ABSTENGA DE TOMAR PARTIDO RESPECTO AL CONFLICTO QUE ENFRENTA A LAS REPUBLICAS DE COLOMBIA Y ECUADOR."},"('Firmantes', 'FIRMANTE')":{"('0135-S-2008', 0)":"MARINO, JUAN CARLOS"},"('Firmantes', 'DISTRITO')":{"('0135-S-2008', 0)":"LA PAMPA"},"('Firmantes', 'BLOQUE')":{"('0135-S-2008', 0)":"UCR"},"Link":{"('0135-S-2008', 0)":"http:\/\/www.senado.gov.ar\/parlamentario\/comisiones\/verExp\/135.08\/S\/PC"},"Palabra Clave":{"('0135-S-2008', 0)":" "}}