{"Tipo de Proyecto":{"('0136-D-2008', 0)":"PROYECTO DE LEY"},"Iniciado en: ":{"('0136-D-2008', 0)":"Diputados"},"Expediente Diputados: ":{"('0136-D-2008', 0)":"0136-D-2008"},"Publicado en: ":{"('0136-D-2008', 0)":"Tr\u00e1mite Parlamentario N\u00b0 2"},"Fecha: ":{"('0136-D-2008', 0)":"04\/03\/2008"},"T\u00edtulo":{"('0136-D-2008', 0)":"SUSPENSION DE LA APLICACION DEL SISTEMAS DE COMPROBACION DE VELOCIDAD VEHICULAR QUE SE EFECTUAN CON CINEMOMETROS Y\/O RADARES FOTOGRAFICOS SIN CERTIFICACION Y VERIFICACION EMITIDOS POR EL INTI (REPRODUCCION DEL EXPEDIENTE 7233-D-06)."},"('Firmantes', 'FIRMANTE')":{"('0136-D-2008', 0)":"ACU\u00d1A, HUGO RODOLFO"},"('Firmantes', 'DISTRITO')":{"('0136-D-2008', 0)":"NEUQUEN"},"('Firmantes', 'BLOQUE')":{"('0136-D-2008', 0)":"MOV POP NEUQUINO"},"Palabra Clave":{"('0136-D-2008', 0)":" "}}