{"Tipo de Proyecto":{"('0137-S-2008', 0)":"PROYECTO DE LEY","('0137-S-2008', 1)":null,"('0137-S-2008', 2)":null,"('0137-S-2008', 3)":null},"Iniciado en: ":{"('0137-S-2008', 0)":"Senado","('0137-S-2008', 1)":null,"('0137-S-2008', 2)":null,"('0137-S-2008', 3)":null},"Expediente Diputados: ":{"('0137-S-2008', 0)":"0137-S-2008","('0137-S-2008', 1)":null,"('0137-S-2008', 2)":null,"('0137-S-2008', 3)":null},"Expediente Senado: ":{"('0137-S-2008', 0)":"2852-S-2008","('0137-S-2008', 1)":null,"('0137-S-2008', 2)":null,"('0137-S-2008', 3)":null},"Publicado en: ":{"('0137-S-2008', 0)":"Diario de Asuntos Entrados N\u00b0 128","('0137-S-2008', 1)":null,"('0137-S-2008', 2)":null,"('0137-S-2008', 3)":null},"Fecha: ":{"('0137-S-2008', 0)":"03\/09\/2008","('0137-S-2008', 1)":null,"('0137-S-2008', 2)":null,"('0137-S-2008', 3)":null},"T\u00edtulo":{"('0137-S-2008', 0)":"TRANSFERENCIA A TITULO GRATUITO A LA MUNICIPALIDAD DE COMODORO RIVADAVIA, PROVINCIA DE CHUBUT, UN INMUEBLE PROPIEDAD DEL ESTADO NACIONAL, UBICADO EN ESA CIUDAD.","('0137-S-2008', 1)":null,"('0137-S-2008', 2)":null,"('0137-S-2008', 3)":null},"('Firmantes', 'FIRMANTE')":{"('0137-S-2008', 0)":"GUINLE, MARCELO ALEJANDRO","('0137-S-2008', 1)":null,"('0137-S-2008', 2)":null,"('0137-S-2008', 3)":null},"('Firmantes', 'DISTRITO')":{"('0137-S-2008', 0)":"CHUBUT","('0137-S-2008', 1)":null,"('0137-S-2008', 2)":null,"('0137-S-2008', 3)":null},"('Firmantes', 'BLOQUE')":{"('0137-S-2008', 0)":"FRENTE PARA LA VICTORIA - PJ","('0137-S-2008', 1)":null,"('0137-S-2008', 2)":null,"('0137-S-2008', 3)":null},"('Giros', 'COMISI\u00d3N')":{"('0137-S-2008', 0)":"LEGISLACION GENERAL","('0137-S-2008', 1)":"ASUNTOS COOPERATIVOS, MUTUALES Y DE ORG.NO GUBERNAMENTALES","('0137-S-2008', 2)":null,"('0137-S-2008', 3)":null},"('Tramites', 'C\u00c1MARA')":{"('0137-S-2008', 0)":"Senado","('0137-S-2008', 1)":"Diputados","('0137-S-2008', 2)":"Diputados","('0137-S-2008', 3)":"Diputados"},"('Tramites', 'MOVIMIENTO')":{"('0137-S-2008', 0)":"CONSIDERACION Y APROBACION","('0137-S-2008', 1)":"PASA A DIPUTADOS -","('0137-S-2008', 2)":"MOCION DE PREFERENCIA PARA LA PROXIMA SESION CON DICTAMEN (AFIRMATIVA)","('0137-S-2008', 3)":"CONSIDERACION Y SANCION"},"('Tramites', 'FECHA')":{"('0137-S-2008', 0)":"26\/11\/2008","('0137-S-2008', 1)":null,"('0137-S-2008', 2)":"09\/06\/2010","('0137-S-2008', 3)":"23\/06\/2010"},"('Tramites', 'RESULTADO')":{"('0137-S-2008', 0)":"MEDIA SANCION","('0137-S-2008', 1)":null,"('0137-S-2008', 2)":null,"('0137-S-2008', 3)":"SANCIONADO"},"Sumario":{"('0137-S-2008', 0)":"DESTINO: EMPLAZAMIENTO DEL NUEVO CUARTEL CENTRAL DE BOMBEROS VOLUNTARIOS","('0137-S-2008', 1)":null,"('0137-S-2008', 2)":null,"('0137-S-2008', 3)":null},"Palabra Clave":{"('0137-S-2008', 0)":" ","('0137-S-2008', 1)":null,"('0137-S-2008', 2)":null,"('0137-S-2008', 3)":null}}