{"Tipo de Proyecto":{"('0138-S-2008', 0)":"PROYECTO DE LEY","('0138-S-2008', 1)":null,"('0138-S-2008', 2)":null,"('0138-S-2008', 3)":null,"('0138-S-2008', 4)":null},"Iniciado en: ":{"('0138-S-2008', 0)":"Senado","('0138-S-2008', 1)":null,"('0138-S-2008', 2)":null,"('0138-S-2008', 3)":null,"('0138-S-2008', 4)":null},"Expediente Diputados: ":{"('0138-S-2008', 0)":"0138-S-2008","('0138-S-2008', 1)":null,"('0138-S-2008', 2)":null,"('0138-S-2008', 3)":null,"('0138-S-2008', 4)":null},"Expediente Senado: ":{"('0138-S-2008', 0)":"0420-OV-2004","('0138-S-2008', 1)":null,"('0138-S-2008', 2)":null,"('0138-S-2008', 3)":null,"('0138-S-2008', 4)":null},"Fecha: ":{"('0138-S-2008', 0)":"31\/10\/2008","('0138-S-2008', 1)":null,"('0138-S-2008', 2)":null,"('0138-S-2008', 3)":null,"('0138-S-2008', 4)":null},"T\u00edtulo":{"('0138-S-2008', 0)":"AUTORIZACION PARA DESEMPE\u00d1AR CARGOS DE CONSULES, VICECONSULES Y AGENTES CONSULARES HONORARIOS POR GOBIERNOS EXTRANJEROS SEGUN LEY 23732, SOLICITADAS POR CIUDADANOS ARGENTINOS POR INTERMEDIO DEL  MINISTERIO DE RELACIONES EXTERIORES COMERCIO INTERNACIONAL Y CULTO - DIRECCION NACIONAL DE CEREMONIAL.","('0138-S-2008', 1)":null,"('0138-S-2008', 2)":null,"('0138-S-2008', 3)":null,"('0138-S-2008', 4)":null},"('Firmantes', 'FIRMANTE')":{"('0138-S-2008', 0)":"ASUNTOS CONSTITUCIONALES","('0138-S-2008', 1)":null,"('0138-S-2008', 2)":null,"('0138-S-2008', 3)":null,"('0138-S-2008', 4)":null},"('Firmantes', 'DISTRITO')":{"('0138-S-2008', 0)":null,"('0138-S-2008', 1)":null,"('0138-S-2008', 2)":null,"('0138-S-2008', 3)":null,"('0138-S-2008', 4)":null},"('Firmantes', 'BLOQUE')":{"('0138-S-2008', 0)":null,"('0138-S-2008', 1)":null,"('0138-S-2008', 2)":null,"('0138-S-2008', 3)":null,"('0138-S-2008', 4)":null},"('Giros', 'COMISI\u00d3N')":{"('0138-S-2008', 0)":"RELACIONES EXTERIORES Y CULTO","('0138-S-2008', 1)":null,"('0138-S-2008', 2)":null,"('0138-S-2008', 3)":null,"('0138-S-2008', 4)":null},"('Tramites', 'C\u00c1MARA')":{"('0138-S-2008', 0)":"Senado","('0138-S-2008', 1)":"Senado","('0138-S-2008', 2)":"Diputados","('0138-S-2008', 3)":"Diputados","('0138-S-2008', 4)":"Diputados"},"('Tramites', 'MOVIMIENTO')":{"('0138-S-2008', 0)":"MOCION SOBRE TABLAS CON DICTAMEN (AFIRMATIVA)","('0138-S-2008', 1)":"CONSIDERACION Y APROBACION","('0138-S-2008', 2)":"PASA A DIPUTADOS -","('0138-S-2008', 3)":"MOCION SOBRE TABLAS (PLAN DE LABOR) (AFIRMATIVA)","('0138-S-2008', 4)":"CONSIDERACION Y SANCION"},"('Tramites', 'FECHA')":{"('0138-S-2008', 0)":"26\/11\/2008","('0138-S-2008', 1)":"26\/11\/2008","('0138-S-2008', 2)":null,"('0138-S-2008', 3)":"05\/08\/2009","('0138-S-2008', 4)":"05\/08\/2009"},"('Tramites', 'RESULTADO')":{"('0138-S-2008', 0)":null,"('0138-S-2008', 1)":"MEDIA SANCION","('0138-S-2008', 2)":null,"('0138-S-2008', 3)":null,"('0138-S-2008', 4)":"SANCIONADO"},"Sumario":{"('0138-S-2008', 0)":"NOMINA ANEXA: LUCIA PARATORE (ITALIA), MARIA EDELIA GIRO (FINLANDIA), ANA MARIA ANDERSEN (DINAMARCA), LUCIA ISABEL ZIZICH (CROACIA), RICARDO DIAB (BRASIL), JORGE EDUARDO PELLA (BRASIL), AMADEO JOSE LOMBARDI (PORTUGAL), CARLOS CAGGIANO (ITALIA), PABLO VARGIU (ITALIA), FEDERICO BOCHERT (ALEMANIA), ALEJANDRO PEDROSA (MEXICO), ABDALA SAADI (R. A. SIRIA), CARLOS BECKER (ALEMANIA).","('0138-S-2008', 1)":null,"('0138-S-2008', 2)":null,"('0138-S-2008', 3)":null,"('0138-S-2008', 4)":null},"Palabra Clave":{"('0138-S-2008', 0)":" ","('0138-S-2008', 1)":null,"('0138-S-2008', 2)":null,"('0138-S-2008', 3)":null,"('0138-S-2008', 4)":null}}