{"Tipo de Proyecto":{"('0138-D-2008', 0)":"PROYECTO DE DECLARACI\u00d3N"},"Iniciado en: ":{"('0138-D-2008', 0)":"Diputados"},"Expediente Diputados: ":{"('0138-D-2008', 0)":"0138-D-2008"},"Publicado en: ":{"('0138-D-2008', 0)":"Tr\u00e1mite Parlamentario N\u00b0 2"},"Fecha: ":{"('0138-D-2008', 0)":"04\/03\/2008"},"T\u00edtulo":{"('0138-D-2008', 0)":"EXPRESAR PREOCUPACION POR LAS REITERADAS CANCELACIONES DE VUELOS INTERNACIONALES Y DE CABOTAJE QUE LA EMPRESA AEROLINEAS ARGENTINAS - AUSTRAL REALIZA A DIARIO."},"('Firmantes', 'FIRMANTE')":{"('0138-D-2008', 0)":"CAMA\u00d1O, DANTE ALBERTO"},"('Firmantes', 'DISTRITO')":{"('0138-D-2008', 0)":"BUENOS AIRES"},"('Firmantes', 'BLOQUE')":{"('0138-D-2008', 0)":"NACIONAL SINDICAL"},"('Giros', 'COMISI\u00d3N')":{"('0138-D-2008', 0)":"TRANSPORTES"},"Link":{"('0138-D-2008', 0)":"https:\/\/www.hcdn.gob.ar\/proyectos\/textoCompleto.jsp?exp=0138-D-2008&tipo=DECLARACION"},"Palabra Clave":{"('0138-D-2008', 0)":" "}}