{"Tipo de Proyecto":{"('0139-D-2008', 0)":"PROYECTO DE DECLARACI\u00d3N"},"Iniciado en: ":{"('0139-D-2008', 0)":"Diputados"},"Expediente Diputados: ":{"('0139-D-2008', 0)":"0139-D-2008"},"Publicado en: ":{"('0139-D-2008', 0)":"Tr\u00e1mite Parlamentario N\u00b0 2"},"Fecha: ":{"('0139-D-2008', 0)":"04\/03\/2008"},"T\u00edtulo":{"('0139-D-2008', 0)":"REPUDIAR EL ATENTADO PERPETRADO CONTRA EL PARTIDO POLITICO OPOSITOR DE BHUTTO EN PAKISTAN."},"('Firmantes', 'FIRMANTE')":{"('0139-D-2008', 0)":"CAMA\u00d1O, DANTE ALBERTO"},"('Firmantes', 'DISTRITO')":{"('0139-D-2008', 0)":"BUENOS AIRES"},"('Firmantes', 'BLOQUE')":{"('0139-D-2008', 0)":"NACIONAL SINDICAL"},"('Giros', 'COMISI\u00d3N')":{"('0139-D-2008', 0)":"RELACIONES EXTERIORES Y CULTO"},"Link":{"('0139-D-2008', 0)":"https:\/\/www.hcdn.gob.ar\/proyectos\/textoCompleto.jsp?exp=0139-D-2008&tipo=DECLARACION"},"Palabra Clave":{"('0139-D-2008', 0)":" "}}