{"Tipo de Proyecto":{"('0141-D-2008', 0)":"PROYECTO DE DECLARACI\u00d3N"},"Iniciado en: ":{"('0141-D-2008', 0)":"Diputados"},"Expediente Diputados: ":{"('0141-D-2008', 0)":"0141-D-2008"},"Publicado en: ":{"('0141-D-2008', 0)":"Tr\u00e1mite Parlamentario N\u00b0 2"},"Fecha: ":{"('0141-D-2008', 0)":"04\/03\/2008"},"T\u00edtulo":{"('0141-D-2008', 0)":"EXPRESAR CALUROSA BIENVENIDA AL JEFE DE ESTADO DE BRASIL, LUIZ INACIO LULA DA SILVA, QUIEN VISITO NUESTRO PAIS EL DIA 22 DE FEBRERO DE 2007."},"('Firmantes', 'FIRMANTE')":{"('0141-D-2008', 0)":"CAMA\u00d1O, DANTE ALBERTO"},"('Firmantes', 'DISTRITO')":{"('0141-D-2008', 0)":"BUENOS AIRES"},"('Firmantes', 'BLOQUE')":{"('0141-D-2008', 0)":"NACIONAL SINDICAL"},"('Giros', 'COMISI\u00d3N')":{"('0141-D-2008', 0)":"RELACIONES EXTERIORES Y CULTO"},"Link":{"('0141-D-2008', 0)":"https:\/\/www.hcdn.gob.ar\/proyectos\/textoCompleto.jsp?exp=0141-D-2008&tipo=DECLARACION"},"Palabra Clave":{"('0141-D-2008', 0)":" "}}