{"Tipo de Proyecto":{"('0142-S-2008', 0)":"PROYECTO DE LEY","('0142-S-2008', 1)":null,"('0142-S-2008', 2)":null,"('0142-S-2008', 3)":null,"('0142-S-2008', 4)":null},"Iniciado en: ":{"('0142-S-2008', 0)":"Senado","('0142-S-2008', 1)":null,"('0142-S-2008', 2)":null,"('0142-S-2008', 3)":null,"('0142-S-2008', 4)":null},"Expediente Diputados: ":{"('0142-S-2008', 0)":"0142-S-2008","('0142-S-2008', 1)":null,"('0142-S-2008', 2)":null,"('0142-S-2008', 3)":null,"('0142-S-2008', 4)":null},"Expediente Senado: ":{"('0142-S-2008', 0)":"0939-S-2008","('0142-S-2008', 1)":null,"('0142-S-2008', 2)":null,"('0142-S-2008', 3)":null,"('0142-S-2008', 4)":null},"Publicado en: ":{"('0142-S-2008', 0)":"Diario de Asuntos Entrados N\u00b0 44","('0142-S-2008', 1)":null,"('0142-S-2008', 2)":null,"('0142-S-2008', 3)":null,"('0142-S-2008', 4)":null},"Fecha: ":{"('0142-S-2008', 0)":"16\/04\/2008","('0142-S-2008', 1)":null,"('0142-S-2008', 2)":null,"('0142-S-2008', 3)":null,"('0142-S-2008', 4)":null},"T\u00edtulo":{"('0142-S-2008', 0)":"CREACION DE UN JUZGADO FEDERAL DE PRIMERA INSTANCIA DE FUERO UNIVERSAL CON ASIENTO EN LA CIUDAD DE GOYA, PROVINCIA DE CORRIENTES (REPRODUCCION DEL EXPEDIENTE 3775-S-06).","('0142-S-2008', 1)":null,"('0142-S-2008', 2)":null,"('0142-S-2008', 3)":null,"('0142-S-2008', 4)":null},"('Firmantes', 'FIRMANTE')":{"('0142-S-2008', 0)":"RIOS, ROBERTO FABIAN","('0142-S-2008', 1)":"VIUDES DE DAMONTE, ISABEL JOSEFA","('0142-S-2008', 2)":null,"('0142-S-2008', 3)":null,"('0142-S-2008', 4)":null},"('Firmantes', 'DISTRITO')":{"('0142-S-2008', 0)":"CORRIENTES","('0142-S-2008', 1)":"CORRIENTES","('0142-S-2008', 2)":null,"('0142-S-2008', 3)":null,"('0142-S-2008', 4)":null},"('Firmantes', 'BLOQUE')":{"('0142-S-2008', 0)":"FRENTE PARA LA VICTORIA - PJ","('0142-S-2008', 1)":"PARTIDO NUEVO","('0142-S-2008', 2)":null,"('0142-S-2008', 3)":null,"('0142-S-2008', 4)":null},"('Giros', 'COMISI\u00d3N')":{"('0142-S-2008', 0)":"JUSTICIA","('0142-S-2008', 1)":"PRESUPUESTO Y HACIENDA","('0142-S-2008', 2)":null,"('0142-S-2008', 3)":null,"('0142-S-2008', 4)":null},"('Tramites', 'C\u00c1MARA')":{"('0142-S-2008', 0)":"Senado","('0142-S-2008', 1)":"Senado","('0142-S-2008', 2)":"Diputados","('0142-S-2008', 3)":"Diputados","('0142-S-2008', 4)":"Diputados"},"('Tramites', 'MOVIMIENTO')":{"('0142-S-2008', 0)":"CONSIDERACION Y APROBACION","('0142-S-2008', 1)":"INSERCION","('0142-S-2008', 2)":"PASA A DIPUTADOS -","('0142-S-2008', 3)":"MOCION SOBRE TABLAS (PLAN DE LABOR) (AFIRMATIVA)","('0142-S-2008', 4)":"CONSIDERACION Y SANCION"},"('Tramites', 'FECHA')":{"('0142-S-2008', 0)":"10\/12\/2008","('0142-S-2008', 1)":"10\/12\/2008","('0142-S-2008', 2)":null,"('0142-S-2008', 3)":"05\/08\/2009","('0142-S-2008', 4)":"05\/08\/2009"},"('Tramites', 'RESULTADO')":{"('0142-S-2008', 0)":"MEDIA SANCION","('0142-S-2008', 1)":null,"('0142-S-2008', 2)":null,"('0142-S-2008', 3)":null,"('0142-S-2008', 4)":"SANCIONADO"},"Sumario":{"('0142-S-2008', 0)":"SECRETARIAS; CREACION DE UNA FISCALIA FEDERAL DE PRIMERA INSTANCIA Y UNA DEFENSORIA PUBLICA OFICIAL; CREACION DE CARGOS.","('0142-S-2008', 1)":null,"('0142-S-2008', 2)":null,"('0142-S-2008', 3)":null,"('0142-S-2008', 4)":null},"Palabra Clave":{"('0142-S-2008', 0)":" ","('0142-S-2008', 1)":null,"('0142-S-2008', 2)":null,"('0142-S-2008', 3)":null,"('0142-S-2008', 4)":null}}