{"Tipo de Proyecto":{"('0145-D-2008', 0)":"PROYECTO DE DECLARACI\u00d3N"},"Iniciado en: ":{"('0145-D-2008', 0)":"Diputados"},"Expediente Diputados: ":{"('0145-D-2008', 0)":"0145-D-2008"},"Publicado en: ":{"('0145-D-2008', 0)":"Tr\u00e1mite Parlamentario N\u00b0 2"},"Fecha: ":{"('0145-D-2008', 0)":"04\/03\/2008"},"T\u00edtulo":{"('0145-D-2008', 0)":"EXPRESAR REPUDIO POR LOS INCIDENTES OCURRIDOS EL DIA 17 DE FEBRERO DE 2008, ENTRE TURISTAS Y ASAMBLEISTAS EN EL CORTE DE RUTA DE COLON, PROVINCIA DE ENTRE RIOS."},"('Firmantes', 'FIRMANTE')":{"('0145-D-2008', 0)":"CAMA\u00d1O, DANTE ALBERTO"},"('Firmantes', 'DISTRITO')":{"('0145-D-2008', 0)":"BUENOS AIRES"},"('Firmantes', 'BLOQUE')":{"('0145-D-2008', 0)":"NACIONAL SINDICAL"},"('Giros', 'COMISI\u00d3N')":{"('0145-D-2008', 0)":"SEGURIDAD INTERIOR"},"Link":{"('0145-D-2008', 0)":"https:\/\/www.hcdn.gob.ar\/proyectos\/textoCompleto.jsp?exp=0145-D-2008&tipo=DECLARACION"},"Palabra Clave":{"('0145-D-2008', 0)":" "}}