{"Tipo de Proyecto":{"('0151-D-2008', 0)":"PROYECTO DE DECLARACI\u00d3N","('0151-D-2008', 1)":null,"('0151-D-2008', 2)":null},"Iniciado en: ":{"('0151-D-2008', 0)":"Diputados","('0151-D-2008', 1)":null,"('0151-D-2008', 2)":null},"Expediente Diputados: ":{"('0151-D-2008', 0)":"0151-D-2008","('0151-D-2008', 1)":null,"('0151-D-2008', 2)":null},"Publicado en: ":{"('0151-D-2008', 0)":"Tr\u00e1mite Parlamentario N\u00b0 2","('0151-D-2008', 1)":null,"('0151-D-2008', 2)":null},"Fecha: ":{"('0151-D-2008', 0)":"04\/03\/2008","('0151-D-2008', 1)":null,"('0151-D-2008', 2)":null},"T\u00edtulo":{"('0151-D-2008', 0)":"SOLICITAR AL PODER EJECUTIVO DISPONGA AMPLIAR LA TROCHA DE LA RED FERROVIARIA ENTRE LA CIUDAD DE SAN MIGUEL DE TUCUMAN, PROVINCIA DE TUCUMAN Y LA CIUDAD DE GENERAL G\u00dcEMES, PROVINCIA DE SALTA.","('0151-D-2008', 1)":null,"('0151-D-2008', 2)":null},"('Firmantes', 'FIRMANTE')":{"('0151-D-2008', 0)":"SALUM, OSVALDO RUBEN","('0151-D-2008', 1)":"GIOJA, JUAN CARLOS","('0151-D-2008', 2)":"LOPEZ ARIAS, MARCELO EDUARDO"},"('Firmantes', 'DISTRITO')":{"('0151-D-2008', 0)":"SALTA","('0151-D-2008', 1)":"SAN JUAN","('0151-D-2008', 2)":"SALTA"},"('Firmantes', 'BLOQUE')":{"('0151-D-2008', 0)":"FRENTE PARA LA VICTORIA - PJ","('0151-D-2008', 1)":"FRENTE PARA LA VICTORIA - PJ","('0151-D-2008', 2)":"FRENTE PARA LA VICTORIA - PJ"},"('Giros', 'COMISI\u00d3N')":{"('0151-D-2008', 0)":"TRANSPORTES","('0151-D-2008', 1)":null,"('0151-D-2008', 2)":null},"('Tramites', 'C\u00c1MARA')":{"('0151-D-2008', 0)":"Diputados","('0151-D-2008', 1)":null,"('0151-D-2008', 2)":null},"('Tramites', 'MOVIMIENTO')":{"('0151-D-2008', 0)":"CONSIDERACION Y APROBACION CONJUNTAMENTE PARA LOS EXPEDIENTES 0072-D-2008 y 0151-D-2008","('0151-D-2008', 1)":null,"('0151-D-2008', 2)":null},"('Tramites', 'FECHA')":{"('0151-D-2008', 0)":"20\/08\/2008","('0151-D-2008', 1)":null,"('0151-D-2008', 2)":null},"('Tramites', 'RESULTADO')":{"('0151-D-2008', 0)":"APROBADO","('0151-D-2008', 1)":null,"('0151-D-2008', 2)":null},"Link":{"('0151-D-2008', 0)":"https:\/\/www.hcdn.gob.ar\/proyectos\/textoCompleto.jsp?exp=0151-D-2008&tipo=DECLARACION","('0151-D-2008', 1)":null,"('0151-D-2008', 2)":null},"Palabra Clave":{"('0151-D-2008', 0)":" ","('0151-D-2008', 1)":null,"('0151-D-2008', 2)":null}}