{"Tipo de Proyecto":{"('0152-D-2008', 0)":"PROYECTO DE DECLARACI\u00d3N","('0152-D-2008', 1)":null,"('0152-D-2008', 2)":null,"('0152-D-2008', 3)":null,"('0152-D-2008', 4)":null,"('0152-D-2008', 5)":null,"('0152-D-2008', 6)":null,"('0152-D-2008', 7)":null},"Iniciado en: ":{"('0152-D-2008', 0)":"Diputados","('0152-D-2008', 1)":null,"('0152-D-2008', 2)":null,"('0152-D-2008', 3)":null,"('0152-D-2008', 4)":null,"('0152-D-2008', 5)":null,"('0152-D-2008', 6)":null,"('0152-D-2008', 7)":null},"Expediente Diputados: ":{"('0152-D-2008', 0)":"0152-D-2008","('0152-D-2008', 1)":null,"('0152-D-2008', 2)":null,"('0152-D-2008', 3)":null,"('0152-D-2008', 4)":null,"('0152-D-2008', 5)":null,"('0152-D-2008', 6)":null,"('0152-D-2008', 7)":null},"Publicado en: ":{"('0152-D-2008', 0)":"Tr\u00e1mite Parlamentario N\u00b0 2","('0152-D-2008', 1)":null,"('0152-D-2008', 2)":null,"('0152-D-2008', 3)":null,"('0152-D-2008', 4)":null,"('0152-D-2008', 5)":null,"('0152-D-2008', 6)":null,"('0152-D-2008', 7)":null},"Fecha: ":{"('0152-D-2008', 0)":"04\/03\/2008","('0152-D-2008', 1)":null,"('0152-D-2008', 2)":null,"('0152-D-2008', 3)":null,"('0152-D-2008', 4)":null,"('0152-D-2008', 5)":null,"('0152-D-2008', 6)":null,"('0152-D-2008', 7)":null},"T\u00edtulo":{"('0152-D-2008', 0)":"SOLICITAR AL PODER EJECUTIVO DISPONGA EL AUMENTO DE LAS ASIGNACIONES FAMILIARES EN RELACION A LOS AUMENTOS EN LAS REMUNERACIONES DE LOS SECTORES PUBLICO Y PRIVADO. ","('0152-D-2008', 1)":null,"('0152-D-2008', 2)":null,"('0152-D-2008', 3)":null,"('0152-D-2008', 4)":null,"('0152-D-2008', 5)":null,"('0152-D-2008', 6)":null,"('0152-D-2008', 7)":null},"('Firmantes', 'FIRMANTE')":{"('0152-D-2008', 0)":"GONZALEZ, MARIA AMERICA","('0152-D-2008', 1)":"BENAS, VERONICA CLAUDIA","('0152-D-2008', 2)":"BELOUS, NELIDA","('0152-D-2008', 3)":"GORBACZ, LEONARDO ARIEL","('0152-D-2008', 4)":"MACALUSE, EDUARDO GABRIEL","('0152-D-2008', 5)":"GIUDICI, SILVANA MYRIAM","('0152-D-2008', 6)":"LOZANO, CLAUDIO RAUL","('0152-D-2008', 7)":"MORANDINI, NORMA ELENA"},"('Firmantes', 'DISTRITO')":{"('0152-D-2008', 0)":"CIUDAD de BUENOS AIRES","('0152-D-2008', 1)":"SANTA FE","('0152-D-2008', 2)":"TIERRA DEL FUEGO","('0152-D-2008', 3)":"TIERRA DEL FUEGO","('0152-D-2008', 4)":"BUENOS AIRES","('0152-D-2008', 5)":"CIUDAD de BUENOS AIRES","('0152-D-2008', 6)":"CIUDAD de BUENOS AIRES","('0152-D-2008', 7)":"CORDOBA"},"('Firmantes', 'BLOQUE')":{"('0152-D-2008', 0)":"ARI AUTONOMO 8 +","('0152-D-2008', 1)":"ARI AUTONOMO 8 +","('0152-D-2008', 2)":"ARI AUTONOMO 8 +","('0152-D-2008', 3)":"ARI AUTONOMO 8 +","('0152-D-2008', 4)":"ARI AUTONOMO 8 +","('0152-D-2008', 5)":"UCR","('0152-D-2008', 6)":"BUENOS AIRES PARA TODOS EN PROYECTO SUR","('0152-D-2008', 7)":"MEMORIA Y DEMOCRACIA"},"('Giros', 'COMISI\u00d3N')":{"('0152-D-2008', 0)":"LEGISLACION DEL TRABAJO","('0152-D-2008', 1)":null,"('0152-D-2008', 2)":null,"('0152-D-2008', 3)":null,"('0152-D-2008', 4)":null,"('0152-D-2008', 5)":null,"('0152-D-2008', 6)":null,"('0152-D-2008', 7)":null},"Link":{"('0152-D-2008', 0)":"https:\/\/www.hcdn.gob.ar\/proyectos\/textoCompleto.jsp?exp=0152-D-2008&tipo=DECLARACION","('0152-D-2008', 1)":null,"('0152-D-2008', 2)":null,"('0152-D-2008', 3)":null,"('0152-D-2008', 4)":null,"('0152-D-2008', 5)":null,"('0152-D-2008', 6)":null,"('0152-D-2008', 7)":null},"Palabra Clave":{"('0152-D-2008', 0)":" ","('0152-D-2008', 1)":null,"('0152-D-2008', 2)":null,"('0152-D-2008', 3)":null,"('0152-D-2008', 4)":null,"('0152-D-2008', 5)":null,"('0152-D-2008', 6)":null,"('0152-D-2008', 7)":null}}