{"Tipo de Proyecto":{"('0152-S-2008', 0)":"PROYECTO DE LEY","('0152-S-2008', 1)":null,"('0152-S-2008', 2)":null,"('0152-S-2008', 3)":null,"('0152-S-2008', 4)":null,"('0152-S-2008', 5)":null,"('0152-S-2008', 6)":null,"('0152-S-2008', 7)":null,"('0152-S-2008', 8)":null,"('0152-S-2008', 9)":null,"('0152-S-2008', 10)":null},"Iniciado en: ":{"('0152-S-2008', 0)":"Senado","('0152-S-2008', 1)":null,"('0152-S-2008', 2)":null,"('0152-S-2008', 3)":null,"('0152-S-2008', 4)":null,"('0152-S-2008', 5)":null,"('0152-S-2008', 6)":null,"('0152-S-2008', 7)":null,"('0152-S-2008', 8)":null,"('0152-S-2008', 9)":null,"('0152-S-2008', 10)":null},"Expediente Diputados: ":{"('0152-S-2008', 0)":"0152-S-2008","('0152-S-2008', 1)":null,"('0152-S-2008', 2)":null,"('0152-S-2008', 3)":null,"('0152-S-2008', 4)":null,"('0152-S-2008', 5)":null,"('0152-S-2008', 6)":null,"('0152-S-2008', 7)":null,"('0152-S-2008', 8)":null,"('0152-S-2008', 9)":null,"('0152-S-2008', 10)":null},"Expediente Senado: ":{"('0152-S-2008', 0)":"0995-S-2008","('0152-S-2008', 1)":null,"('0152-S-2008', 2)":null,"('0152-S-2008', 3)":null,"('0152-S-2008', 4)":null,"('0152-S-2008', 5)":null,"('0152-S-2008', 6)":null,"('0152-S-2008', 7)":null,"('0152-S-2008', 8)":null,"('0152-S-2008', 9)":null,"('0152-S-2008', 10)":null},"Publicado en: ":{"('0152-S-2008', 0)":"Diario de Asuntos Entrados N\u00b0 47","('0152-S-2008', 1)":null,"('0152-S-2008', 2)":null,"('0152-S-2008', 3)":null,"('0152-S-2008', 4)":null,"('0152-S-2008', 5)":null,"('0152-S-2008', 6)":null,"('0152-S-2008', 7)":null,"('0152-S-2008', 8)":null,"('0152-S-2008', 9)":null,"('0152-S-2008', 10)":null},"Fecha: ":{"('0152-S-2008', 0)":"17\/04\/2008","('0152-S-2008', 1)":null,"('0152-S-2008', 2)":null,"('0152-S-2008', 3)":null,"('0152-S-2008', 4)":null,"('0152-S-2008', 5)":null,"('0152-S-2008', 6)":null,"('0152-S-2008', 7)":null,"('0152-S-2008', 8)":null,"('0152-S-2008', 9)":null,"('0152-S-2008', 10)":null},"T\u00edtulo":{"('0152-S-2008', 0)":"MODIFICACION DEL CODIGO CIVIL Y DEL CODIGO DE COMERCIO RESPECTO A LA MAYORIA DE EDAD.","('0152-S-2008', 1)":null,"('0152-S-2008', 2)":null,"('0152-S-2008', 3)":null,"('0152-S-2008', 4)":null,"('0152-S-2008', 5)":null,"('0152-S-2008', 6)":null,"('0152-S-2008', 7)":null,"('0152-S-2008', 8)":null,"('0152-S-2008', 9)":null,"('0152-S-2008', 10)":null},"('Firmantes', 'FIRMANTE')":{"('0152-S-2008', 0)":"GIUSTINIANI, RUBEN HECTOR","('0152-S-2008', 1)":null,"('0152-S-2008', 2)":null,"('0152-S-2008', 3)":null,"('0152-S-2008', 4)":null,"('0152-S-2008', 5)":null,"('0152-S-2008', 6)":null,"('0152-S-2008', 7)":null,"('0152-S-2008', 8)":null,"('0152-S-2008', 9)":null,"('0152-S-2008', 10)":null},"('Firmantes', 'DISTRITO')":{"('0152-S-2008', 0)":"SANTA FE","('0152-S-2008', 1)":null,"('0152-S-2008', 2)":null,"('0152-S-2008', 3)":null,"('0152-S-2008', 4)":null,"('0152-S-2008', 5)":null,"('0152-S-2008', 6)":null,"('0152-S-2008', 7)":null,"('0152-S-2008', 8)":null,"('0152-S-2008', 9)":null,"('0152-S-2008', 10)":null},"('Firmantes', 'BLOQUE')":{"('0152-S-2008', 0)":"PARTIDO SOCIALISTA","('0152-S-2008', 1)":null,"('0152-S-2008', 2)":null,"('0152-S-2008', 3)":null,"('0152-S-2008', 4)":null,"('0152-S-2008', 5)":null,"('0152-S-2008', 6)":null,"('0152-S-2008', 7)":null,"('0152-S-2008', 8)":null,"('0152-S-2008', 9)":null,"('0152-S-2008', 10)":null},"('Giros', 'COMISI\u00d3N')":{"('0152-S-2008', 0)":"LEGISLACION GENERAL","('0152-S-2008', 1)":"FAMILIA, MUJER, NI\u00d1EZ Y ADOLESCENCIA","('0152-S-2008', 2)":null,"('0152-S-2008', 3)":null,"('0152-S-2008', 4)":null,"('0152-S-2008', 5)":null,"('0152-S-2008', 6)":null,"('0152-S-2008', 7)":null,"('0152-S-2008', 8)":null,"('0152-S-2008', 9)":null,"('0152-S-2008', 10)":null},"('Tramites', 'C\u00c1MARA')":{"('0152-S-2008', 0)":"Senado","('0152-S-2008', 1)":"Senado","('0152-S-2008', 2)":"Senado","('0152-S-2008', 3)":"Diputados","('0152-S-2008', 4)":"Diputados","('0152-S-2008', 5)":"Diputados","('0152-S-2008', 6)":"Diputados","('0152-S-2008', 7)":"Senado","('0152-S-2008', 8)":"Senado","('0152-S-2008', 9)":"Senado","('0152-S-2008', 10)":"Senado"},"('Tramites', 'MOVIMIENTO')":{"('0152-S-2008', 0)":"MOCION DE PREFERENCIA PARA LA PROXIMA SESION CON DICTAMEN (AFIRMATIVA)","('0152-S-2008', 1)":"MOCION DE PREFERENCIA (AFIRMATIVA)","('0152-S-2008', 2)":"CONSIDERACION Y APROBACION","('0152-S-2008', 3)":"PASA A DIPUTADOS -","('0152-S-2008', 4)":"MOCION DE PREFERENCIA PARA LA PROXIMA SESION CON DICTAMEN (AFIRMATIVA)","('0152-S-2008', 5)":"CONSIDERACION Y APROBACION CON MODIFICACIONES CONJUNTAMENTE PARA LOS EXPEDIENTES 2212-D-2008, 0152-S-2008, 0995-S-2008 y 1128-D-2009","('0152-S-2008', 6)":"INSERCION DE LAS DIPUTADAS AUGSBURGER Y BERTOL","('0152-S-2008', 7)":"VUELVE A SENADO - CONJUNTAMENTE PARA LOS EXPEDIENTES 2212-D-2008, 0152-S-2008, 0995-S-2008 y 1128-D-2009","('0152-S-2008', 8)":"MOCION DE PREFERENCIA PARA LA PROXIMA SESION CON DICTAMEN (AFIRMATIVA)","('0152-S-2008', 9)":"MOCION SOBRE TABLAS (AFIRMATIVA) CONJUNTAMENTE PARA LOS EXPEDIENTES 2212-D-2008, 0152-S-2008, 0995-S-2008 y 1128-D-2009","('0152-S-2008', 10)":"CONSIDERACION Y SANCION (SENADO INSISTE EN SU SANCION ORIGINAL) CONJUNTAMENTE PARA LOS EXPEDIENTES 2212-D-2008, 0152-S-2008, 0995-S-2008 y 1128-D-2009"},"('Tramites', 'FECHA')":{"('0152-S-2008', 0)":"13\/08\/2008","('0152-S-2008', 1)":"05\/11\/2008","('0152-S-2008', 2)":"17\/12\/2008","('0152-S-2008', 3)":null,"('0152-S-2008', 4)":"11\/11\/2009","('0152-S-2008', 5)":"25\/11\/2009","('0152-S-2008', 6)":"25\/11\/2009","('0152-S-2008', 7)":null,"('0152-S-2008', 8)":"25\/11\/2009","('0152-S-2008', 9)":"02\/12\/2009","('0152-S-2008', 10)":"02\/12\/2009"},"('Tramites', 'RESULTADO')":{"('0152-S-2008', 0)":null,"('0152-S-2008', 1)":null,"('0152-S-2008', 2)":"MEDIA SANCION","('0152-S-2008', 3)":null,"('0152-S-2008', 4)":null,"('0152-S-2008', 5)":"MEDIA SANCION","('0152-S-2008', 6)":null,"('0152-S-2008', 7)":null,"('0152-S-2008', 8)":null,"('0152-S-2008', 9)":null,"('0152-S-2008', 10)":"SANCIONADO"},"Sumario":{"('0152-S-2008', 0)":"MODIFICACION DE LOS ARTICULOS 126 (MENORES DE 18 A\u00d1OS), 127 (MENORES IMPUBERES: MENORES DE 14 A\u00d1OS Y MENORES ADULTOS: DE 14 A 18 A\u00d1OS), 128, 131 (EMANCIPACION POR MATRIMONIO), 132, 168, 275, INCISO 2) DEL ARTICULO 203, Y ARTICULO 459; DEROGACION DEL INCISO 2 DEL ARTICULO 264 QUATER (PATRIA POTESTAD); INCORPORACION DE SEGUNDO PARRAFO AL ARTICULO 265 (OBLIGACION DE PRESTAR ALIMENTOS HASTA LOS 21 A\u00d1OS); DEROGACION DE LOS ARTICULO 10, 11 Y 12  (EMANCIPACION) DEL CAPITULO II DEL CODIGO DE COMERCIO.","('0152-S-2008', 1)":null,"('0152-S-2008', 2)":null,"('0152-S-2008', 3)":null,"('0152-S-2008', 4)":null,"('0152-S-2008', 5)":null,"('0152-S-2008', 6)":null,"('0152-S-2008', 7)":null,"('0152-S-2008', 8)":null,"('0152-S-2008', 9)":null,"('0152-S-2008', 10)":null},"Palabra Clave":{"('0152-S-2008', 0)":" ","('0152-S-2008', 1)":null,"('0152-S-2008', 2)":null,"('0152-S-2008', 3)":null,"('0152-S-2008', 4)":null,"('0152-S-2008', 5)":null,"('0152-S-2008', 6)":null,"('0152-S-2008', 7)":null,"('0152-S-2008', 8)":null,"('0152-S-2008', 9)":null,"('0152-S-2008', 10)":null}}