{"Tipo de Proyecto":{"('0153-S-2008', 0)":"PROYECTO DE LEY"},"Iniciado en: ":{"('0153-S-2008', 0)":"Senado"},"Expediente Senado: ":{"('0153-S-2008', 0)":"0153-S-2008"},"Publicado en: ":{"('0153-S-2008', 0)":"Diario de Asuntos Entrados N\u00b0 7"},"Fecha: ":{"('0153-S-2008', 0)":"05\/03\/2008"},"T\u00edtulo":{"('0153-S-2008', 0)":"EXCEPTUASE DE LA LEY QUE PERMITE LA ESTERILIZACION VOLUNTARIA DE PERSONAS MAYORES DE EDAD, A LOS CIUDADANOS Y CIUDADANAS INDIGENAS (REPRODUCCION DEL EXPEDIENTE 2869-S-06)."},"('Firmantes', 'FIRMANTE')":{"('0153-S-2008', 0)":"BORTOLOZZI DE BOGADO, ADRIANA RAQUEL"},"('Firmantes', 'DISTRITO')":{"('0153-S-2008', 0)":"FORMOSA"},"('Firmantes', 'BLOQUE')":{"('0153-S-2008', 0)":"FRENTE PARA LA VICTORIA - PJ"},"Link":{"('0153-S-2008', 0)":"http:\/\/www.senado.gov.ar\/parlamentario\/comisiones\/verExp\/153.08\/S\/PL"},"Palabra Clave":{"('0153-S-2008', 0)":" "}}