{"Tipo de Proyecto":{"('0154-D-2008', 0)":"PROYECTO DE LEY","('0154-D-2008', 1)":null},"Iniciado en: ":{"('0154-D-2008', 0)":"Diputados","('0154-D-2008', 1)":null},"Expediente Diputados: ":{"('0154-D-2008', 0)":"0154-D-2008","('0154-D-2008', 1)":null},"Publicado en: ":{"('0154-D-2008', 0)":"Tr\u00e1mite Parlamentario N\u00b0 2","('0154-D-2008', 1)":null},"Fecha: ":{"('0154-D-2008', 0)":"04\/03\/2008","('0154-D-2008', 1)":null},"T\u00edtulo":{"('0154-D-2008', 0)":"INSTITUTO NACIONAL DE ESTADISTICAS Y CENSOS (INDEC), MODIFICACION DE LA LEY 17622 Y EL DECRETO 3110\/70, REDEFINICION DE LA SITUACION JURIDICO - INSTITUCIONAL.","('0154-D-2008', 1)":null},"('Firmantes', 'FIRMANTE')":{"('0154-D-2008', 0)":"GALVALISI, LUIS ALBERTO","('0154-D-2008', 1)":"COMELLI, ALICIA MARCELA"},"('Firmantes', 'DISTRITO')":{"('0154-D-2008', 0)":"CIUDAD de BUENOS AIRES","('0154-D-2008', 1)":"NEUQUEN"},"('Firmantes', 'BLOQUE')":{"('0154-D-2008', 0)":"PRO","('0154-D-2008', 1)":"MOV POP NEUQUINO"},"('Giros', 'COMISI\u00d3N')":{"('0154-D-2008', 0)":"COMERCIO","('0154-D-2008', 1)":"PRESUPUESTO Y HACIENDA"},"Sumario":{"('0154-D-2008', 0)":"PERSONA JURIDICA DE DERECHO PUBLICO; OBJETIVO Y FUNCIONES, PRESUPUESTO; METODOLOGIA; INFORMACION; AREAS DE TRABAJO; DIRECCIONES; CARGOS CONCURSADOS; JURADOS; ANTECEDENTES.","('0154-D-2008', 1)":null},"Palabra Clave":{"('0154-D-2008', 0)":" ","('0154-D-2008', 1)":null}}