{"Tipo de Proyecto":{"('0158-S-2008', 0)":"PROYECTO DE LEY"},"Iniciado en: ":{"('0158-S-2008', 0)":"Senado"},"Expediente Senado: ":{"('0158-S-2008', 0)":"0158-S-2008"},"Publicado en: ":{"('0158-S-2008', 0)":"Diario de Asuntos Entrados N\u00b0 7"},"Fecha: ":{"('0158-S-2008', 0)":"05\/03\/2008"},"T\u00edtulo":{"('0158-S-2008', 0)":"MODIFICACION DE LA LEY DE TARJETAS DE CREDITO 25065 (REPRODUCCION DEL EXPEDIENTE 2192-S-06)."},"('Firmantes', 'FIRMANTE')":{"('0158-S-2008', 0)":"BORTOLOZZI DE BOGADO, ADRIANA RAQUEL"},"('Firmantes', 'DISTRITO')":{"('0158-S-2008', 0)":"FORMOSA"},"('Firmantes', 'BLOQUE')":{"('0158-S-2008', 0)":"FRENTE PARA LA VICTORIA - PJ"},"('Tramites', 'C\u00c1MARA')":{"('0158-S-2008', 0)":"Senado"},"('Tramites', 'MOVIMIENTO')":{"('0158-S-2008', 0)":"REPRODUCIDO POR EXPEDIENTE 0080-S-10"},"('Tramites', 'FECHA')":{"('0158-S-2008', 0)":null},"('Tramites', 'RESULTADO')":{"('0158-S-2008', 0)":null},"Sumario":{"('0158-S-2008', 0)":"MODIFICACION DE LOS ARTICULOS 17 (SANCIONES), 48 (MARCO SANCIONATORIO) Y 53 (PROHIBICIONES); INCORPORACION DE INCISO C) AL ARTICULO 50."},"Palabra Clave":{"('0158-S-2008', 0)":" "}}