{"Tipo de Proyecto":{"('0158-OV-2008', 0)":"PROYECTO DE RESOLUCI\u00d3N","('0158-OV-2008', 1)":null},"Iniciado en: ":{"('0158-OV-2008', 0)":"Senado","('0158-OV-2008', 1)":null},"Expediente Senado: ":{"('0158-OV-2008', 0)":"0158-OV-2008","('0158-OV-2008', 1)":null},"Fecha: ":{"('0158-OV-2008', 0)":"11\/11\/2008","('0158-OV-2008', 1)":null},"T\u00edtulo":{"('0158-OV-2008', 0)":"RESOLUCION REMITIDA POR LA AUDITORIA GENERAL DE LA NACION SOBRE LA CORTE SUPREMA DE JUSTICIA DE LA NACION - CUENTA DE INVERSION DEL EJERCICIO FISCAL 2005.","('0158-OV-2008', 1)":null},"('Firmantes', 'FIRMANTE')":{"('0158-OV-2008', 0)":"PARLAMENTARIA MIXTA REVISORA DE CUENTAS","('0158-OV-2008', 1)":null},"('Firmantes', 'DISTRITO')":{"('0158-OV-2008', 0)":null,"('0158-OV-2008', 1)":null},"('Firmantes', 'BLOQUE')":{"('0158-OV-2008', 0)":null,"('0158-OV-2008', 1)":null},"('Tramites', 'C\u00c1MARA')":{"('0158-OV-2008', 0)":"Senado","('0158-OV-2008', 1)":"Senado"},"('Tramites', 'MOVIMIENTO')":{"('0158-OV-2008', 0)":"MOCION DE PREFERENCIA PARA LA PROXIMA SESION (AFIRMATIVA)","('0158-OV-2008', 1)":"CONSIDERACION Y APROBACION (AL ARCHIVO)"},"('Tramites', 'FECHA')":{"('0158-OV-2008', 0)":"11\/11\/2009","('0158-OV-2008', 1)":"18\/11\/2009"},"('Tramites', 'RESULTADO')":{"('0158-OV-2008', 0)":null,"('0158-OV-2008', 1)":"APROBADO"},"Sumario":{"('0158-OV-2008', 0)":"HABIENDO TOMADO CONOCIMIENTO Y SIN PERJUICIO DE ULTERIORES MEDIDAS QUE PUEDAN ADOPTARSE, SE ACONSEJA SU REMISION AL ARCHIVO.","('0158-OV-2008', 1)":null},"Palabra Clave":{"('0158-OV-2008', 0)":" ","('0158-OV-2008', 1)":null}}