{"Tipo de Proyecto":{"('0160-S-2008', 0)":"PROYECTO DE LEY","('0160-S-2008', 1)":null},"Iniciado en: ":{"('0160-S-2008', 0)":"Senado","('0160-S-2008', 1)":null},"Expediente Senado: ":{"('0160-S-2008', 0)":"0160-S-2008","('0160-S-2008', 1)":null},"Publicado en: ":{"('0160-S-2008', 0)":"Diario de Asuntos Entrados N\u00b0 7","('0160-S-2008', 1)":null},"Fecha: ":{"('0160-S-2008', 0)":"05\/03\/2008","('0160-S-2008', 1)":null},"T\u00edtulo":{"('0160-S-2008', 0)":"MODIFICACION A LA LEY 20628, DE IMPUESTO A LAS GANANCIAS (REPRODUCCION DEL EXPEDIENTE 2240-S-06).","('0160-S-2008', 1)":null},"('Firmantes', 'FIRMANTE')":{"('0160-S-2008', 0)":"BORTOLOZZI DE BOGADO, ADRIANA RAQUEL","('0160-S-2008', 1)":"MAYANS, JOSE MIGUEL ANGEL"},"('Firmantes', 'DISTRITO')":{"('0160-S-2008', 0)":"FORMOSA","('0160-S-2008', 1)":"FORMOSA"},"('Firmantes', 'BLOQUE')":{"('0160-S-2008', 0)":"FRENTE PARA LA VICTORIA - PJ","('0160-S-2008', 1)":"FRENTE PARA LA VICTORIA - PJ"},"('Tramites', 'C\u00c1MARA')":{"('0160-S-2008', 0)":"Senado","('0160-S-2008', 1)":null},"('Tramites', 'MOVIMIENTO')":{"('0160-S-2008', 0)":"REPRODUCIDO POR EXPEDIENTE 0082-S-10","('0160-S-2008', 1)":null},"('Tramites', 'FECHA')":{"('0160-S-2008', 0)":null,"('0160-S-2008', 1)":null},"('Tramites', 'RESULTADO')":{"('0160-S-2008', 0)":null,"('0160-S-2008', 1)":null},"Sumario":{"('0160-S-2008', 0)":"INCORPORACION DE INCISO G) AL ARTICULO 82 (DEDUCCION DEL IMPUESTO A LAS GANANCIAS POR COMPRA DE FERTILIZANTES).","('0160-S-2008', 1)":null},"Palabra Clave":{"('0160-S-2008', 0)":" ","('0160-S-2008', 1)":null}}