{"Tipo de Proyecto":{"('0161-S-2008', 0)":"PROYECTO DE LEY","('0161-S-2008', 1)":null,"('0161-S-2008', 2)":null,"('0161-S-2008', 3)":null},"Iniciado en: ":{"('0161-S-2008', 0)":"Senado","('0161-S-2008', 1)":null,"('0161-S-2008', 2)":null,"('0161-S-2008', 3)":null},"Expediente Diputados: ":{"('0161-S-2008', 0)":"0161-S-2008","('0161-S-2008', 1)":null,"('0161-S-2008', 2)":null,"('0161-S-2008', 3)":null},"Expediente Senado: ":{"('0161-S-2008', 0)":"1287-S-2008","('0161-S-2008', 1)":null,"('0161-S-2008', 2)":null,"('0161-S-2008', 3)":null},"Publicado en: ":{"('0161-S-2008', 0)":"Diario de Asuntos Entrados N\u00b0 61","('0161-S-2008', 1)":null,"('0161-S-2008', 2)":null,"('0161-S-2008', 3)":null},"Fecha: ":{"('0161-S-2008', 0)":"08\/05\/2008","('0161-S-2008', 1)":null,"('0161-S-2008', 2)":null,"('0161-S-2008', 3)":null},"T\u00edtulo":{"('0161-S-2008', 0)":"CREACION DE UN JUZGADO FEDERAL DE PRIMERA INSTANCIA EN LA CIUDAD DE CORDOBA, AL QUE SE LE ASIGNARA EL NUMERO 4.","('0161-S-2008', 1)":null,"('0161-S-2008', 2)":null,"('0161-S-2008', 3)":null},"('Firmantes', 'FIRMANTE')":{"('0161-S-2008', 0)":"URQUIA, ROBERTO DANIEL","('0161-S-2008', 1)":"GIRI, HAIDE DELIA","('0161-S-2008', 2)":"ROSSI, CARLOS ALBERTO","('0161-S-2008', 3)":null},"('Firmantes', 'DISTRITO')":{"('0161-S-2008', 0)":"CORDOBA","('0161-S-2008', 1)":"CORDOBA","('0161-S-2008', 2)":"CORDOBA","('0161-S-2008', 3)":null},"('Firmantes', 'BLOQUE')":{"('0161-S-2008', 0)":"FRENTE PARA LA VICTORIA - PJ","('0161-S-2008', 1)":"FRENTE PARA LA VICTORIA - PJ","('0161-S-2008', 2)":"VECINALISTA - PARTIDO NUEVO","('0161-S-2008', 3)":null},"('Giros', 'COMISI\u00d3N')":{"('0161-S-2008', 0)":"JUSTICIA","('0161-S-2008', 1)":"PRESUPUESTO Y HACIENDA","('0161-S-2008', 2)":null,"('0161-S-2008', 3)":null},"('Tramites', 'C\u00c1MARA')":{"('0161-S-2008', 0)":"Senado","('0161-S-2008', 1)":"Senado","('0161-S-2008', 2)":"Senado","('0161-S-2008', 3)":"Diputados"},"('Tramites', 'MOVIMIENTO')":{"('0161-S-2008', 0)":"MOCION SOBRE TABLAS (AFIRMATIVA)","('0161-S-2008', 1)":"CONSIDERACION Y APROBACION","('0161-S-2008', 2)":"INSERCION","('0161-S-2008', 3)":"PASA A DIPUTADOS -"},"('Tramites', 'FECHA')":{"('0161-S-2008', 0)":"17\/12\/2008","('0161-S-2008', 1)":"17\/12\/2008","('0161-S-2008', 2)":"17\/12\/2008","('0161-S-2008', 3)":null},"('Tramites', 'RESULTADO')":{"('0161-S-2008', 0)":null,"('0161-S-2008', 1)":"MEDIA SANCION","('0161-S-2008', 2)":null,"('0161-S-2008', 3)":null},"Link":{"('0161-S-2008', 0)":"https:\/\/www4.hcdn.gob.ar\/dependencias\/dsecretaria\/Periodo2008\/PDF2008\/TP2008\/0161-S-08.pdf","('0161-S-2008', 1)":null,"('0161-S-2008', 2)":null,"('0161-S-2008', 3)":null},"Palabra Clave":{"('0161-S-2008', 0)":" ","('0161-S-2008', 1)":null,"('0161-S-2008', 2)":null,"('0161-S-2008', 3)":null}}