{"Tipo de Proyecto":{"('0163-D-2008', 0)":"PROYECTO DE DECLARACI\u00d3N"},"Iniciado en: ":{"('0163-D-2008', 0)":"Diputados"},"Expediente Diputados: ":{"('0163-D-2008', 0)":"0163-D-2008"},"Publicado en: ":{"('0163-D-2008', 0)":"Tr\u00e1mite Parlamentario N\u00b0 2"},"Fecha: ":{"('0163-D-2008', 0)":"04\/03\/2008"},"T\u00edtulo":{"('0163-D-2008', 0)":"SOLICITAR AL PODER EJECUTIVO DISPONGA ASISTIR FINANCIERAMENTE A LA PROVINCIA DE TUCUMAN, CON DESTINO A LA ZONA OESTE, PARA REALIZAR OBRAS DE CONSTRUCCION DE LA RED CLOACAL."},"('Firmantes', 'FIRMANTE')":{"('0163-D-2008', 0)":"HERRERA, ALBERTO"},"('Firmantes', 'DISTRITO')":{"('0163-D-2008', 0)":"TUCUMAN"},"('Firmantes', 'BLOQUE')":{"('0163-D-2008', 0)":"FRENTE PARA LA VICTORIA - PJ"},"('Giros', 'COMISI\u00d3N')":{"('0163-D-2008', 0)":"OBRAS PUBLICAS"},"('Tramites', 'C\u00c1MARA')":{"('0163-D-2008', 0)":"Diputados"},"('Tramites', 'MOVIMIENTO')":{"('0163-D-2008', 0)":"CONSIDERACION Y APROBACION CONJUNTAMENTE PARA LOS EXPEDIENTES 0163-D-2008 y 0166-D-2008"},"('Tramites', 'FECHA')":{"('0163-D-2008', 0)":"21\/05\/2008"},"('Tramites', 'RESULTADO')":{"('0163-D-2008', 0)":"APROBADO"},"Link":{"('0163-D-2008', 0)":"https:\/\/www.hcdn.gob.ar\/proyectos\/textoCompleto.jsp?exp=0163-D-2008&tipo=DECLARACION"},"Palabra Clave":{"('0163-D-2008', 0)":" "}}