{"Tipo de Proyecto":{"('0164-S-2008', 0)":"PROYECTO DE LEY","('0164-S-2008', 1)":null,"('0164-S-2008', 2)":null,"('0164-S-2008', 3)":null,"('0164-S-2008', 4)":null},"Iniciado en: ":{"('0164-S-2008', 0)":"Senado","('0164-S-2008', 1)":null,"('0164-S-2008', 2)":null,"('0164-S-2008', 3)":null,"('0164-S-2008', 4)":null},"Expediente Diputados: ":{"('0164-S-2008', 0)":"0164-S-2008","('0164-S-2008', 1)":null,"('0164-S-2008', 2)":null,"('0164-S-2008', 3)":null,"('0164-S-2008', 4)":null},"Expediente Senado: ":{"('0164-S-2008', 0)":"1546-S-2008","('0164-S-2008', 1)":null,"('0164-S-2008', 2)":null,"('0164-S-2008', 3)":null,"('0164-S-2008', 4)":null},"Publicado en: ":{"('0164-S-2008', 0)":"Diario de Asuntos Entrados N\u00b0 74","('0164-S-2008', 1)":null,"('0164-S-2008', 2)":null,"('0164-S-2008', 3)":null,"('0164-S-2008', 4)":null},"Fecha: ":{"('0164-S-2008', 0)":"26\/05\/2008","('0164-S-2008', 1)":null,"('0164-S-2008', 2)":null,"('0164-S-2008', 3)":null,"('0164-S-2008', 4)":null},"T\u00edtulo":{"('0164-S-2008', 0)":"REGIMEN PREVISIONAL PARA TRABAJADORES EN RELACION DE DEPENDENCIA DE LA EX COMPA\u00d1IA AZUCARERA LAS PALMAS S.A.I.C.A., CUYA DESVINCULACION DEFINITIVA SE HUBIERA PRODUCIDO HASTA LOS DOS A\u00d1OS POSTERIORES A LA FECHA DEL DECRETO 1274\/92.","('0164-S-2008', 1)":null,"('0164-S-2008', 2)":null,"('0164-S-2008', 3)":null,"('0164-S-2008', 4)":null},"('Firmantes', 'FIRMANTE')":{"('0164-S-2008', 0)":"CORREGIDO, ELENA MERCEDES","('0164-S-2008', 1)":null,"('0164-S-2008', 2)":null,"('0164-S-2008', 3)":null,"('0164-S-2008', 4)":null},"('Firmantes', 'DISTRITO')":{"('0164-S-2008', 0)":"CHACO","('0164-S-2008', 1)":null,"('0164-S-2008', 2)":null,"('0164-S-2008', 3)":null,"('0164-S-2008', 4)":null},"('Firmantes', 'BLOQUE')":{"('0164-S-2008', 0)":"FRENTE PARA LA VICTORIA - PJ","('0164-S-2008', 1)":null,"('0164-S-2008', 2)":null,"('0164-S-2008', 3)":null,"('0164-S-2008', 4)":null},"('Giros', 'COMISI\u00d3N')":{"('0164-S-2008', 0)":"PREVISION Y SEGURIDAD SOCIAL","('0164-S-2008', 1)":"LEGISLACION DEL TRABAJO","('0164-S-2008', 2)":"PRESUPUESTO Y HACIENDA","('0164-S-2008', 3)":null,"('0164-S-2008', 4)":null},"('Tramites', 'C\u00c1MARA')":{"('0164-S-2008', 0)":"Senado","('0164-S-2008', 1)":"Senado","('0164-S-2008', 2)":"Diputados","('0164-S-2008', 3)":"Diputados","('0164-S-2008', 4)":"Senado"},"('Tramites', 'MOVIMIENTO')":{"('0164-S-2008', 0)":"MOCION SOBRE TABLAS (AFIRMATIVA)","('0164-S-2008', 1)":"CONSIDERACION Y APROBACION","('0164-S-2008', 2)":"PASA A DIPUTADOS -","('0164-S-2008', 3)":"RESOLUCION DE PRESIDENCIA - CAMBIO DE ORDEN DE LAS COMISIONES","('0164-S-2008', 4)":"REPRODUCIDO POR EXPEDIENTE 0655-S-11"},"('Tramites', 'FECHA')":{"('0164-S-2008', 0)":"17\/12\/2008","('0164-S-2008', 1)":"17\/12\/2008","('0164-S-2008', 2)":null,"('0164-S-2008', 3)":"28\/10\/2009","('0164-S-2008', 4)":null},"('Tramites', 'RESULTADO')":{"('0164-S-2008', 0)":null,"('0164-S-2008', 1)":"MEDIA SANCION","('0164-S-2008', 2)":null,"('0164-S-2008', 3)":null,"('0164-S-2008', 4)":null},"Link":{"('0164-S-2008', 0)":"https:\/\/www4.hcdn.gob.ar\/dependencias\/dsecretaria\/Periodo2008\/PDF2008\/TP2008\/0164-S-08.pdf","('0164-S-2008', 1)":null,"('0164-S-2008', 2)":null,"('0164-S-2008', 3)":null,"('0164-S-2008', 4)":null},"Palabra Clave":{"('0164-S-2008', 0)":" ","('0164-S-2008', 1)":null,"('0164-S-2008', 2)":null,"('0164-S-2008', 3)":null,"('0164-S-2008', 4)":null}}