{"Tipo de Proyecto":{"('0165-S-2008', 0)":"PROYECTO DE LEY","('0165-S-2008', 1)":null,"('0165-S-2008', 2)":null,"('0165-S-2008', 3)":null},"Iniciado en: ":{"('0165-S-2008', 0)":"Senado","('0165-S-2008', 1)":null,"('0165-S-2008', 2)":null,"('0165-S-2008', 3)":null},"Expediente Diputados: ":{"('0165-S-2008', 0)":"0165-S-2008","('0165-S-2008', 1)":null,"('0165-S-2008', 2)":null,"('0165-S-2008', 3)":null},"Expediente Senado: ":{"('0165-S-2008', 0)":"2548-S-2008","('0165-S-2008', 1)":null,"('0165-S-2008', 2)":null,"('0165-S-2008', 3)":null},"Publicado en: ":{"('0165-S-2008', 0)":"Diario de Asuntos Entrados N\u00b0 116","('0165-S-2008', 1)":null,"('0165-S-2008', 2)":null,"('0165-S-2008', 3)":null},"Fecha: ":{"('0165-S-2008', 0)":"07\/08\/2008","('0165-S-2008', 1)":null,"('0165-S-2008', 2)":null,"('0165-S-2008', 3)":null},"T\u00edtulo":{"('0165-S-2008', 0)":"CREACION DE UNA COMISION DE HOMENAJE AL BICENTENARIO DEL NATALICIO DE DOMINGO FAUSTINO SARMIENTO.","('0165-S-2008', 1)":null,"('0165-S-2008', 2)":null,"('0165-S-2008', 3)":null},"('Firmantes', 'FIRMANTE')":{"('0165-S-2008', 0)":"GIOJA, CESAR AMBROSIO","('0165-S-2008', 1)":"PICHETTO, MIGUEL ANGEL","('0165-S-2008', 2)":"FILMUS, DANIEL","('0165-S-2008', 3)":"OSUNA, BLANCA INES"},"('Firmantes', 'DISTRITO')":{"('0165-S-2008', 0)":"SAN JUAN","('0165-S-2008', 1)":"RIO NEGRO","('0165-S-2008', 2)":"CIUDAD de BUENOS AIRES","('0165-S-2008', 3)":"ENTRE RIOS"},"('Firmantes', 'BLOQUE')":{"('0165-S-2008', 0)":"FRENTE PARA LA VICTORIA - PJ","('0165-S-2008', 1)":"FRENTE PARA LA VICTORIA - PJ","('0165-S-2008', 2)":"FRENTE PARA LA VICTORIA - PJ","('0165-S-2008', 3)":"FRENTE PARA LA VICTORIA - PJ"},"('Giros', 'COMISI\u00d3N')":{"('0165-S-2008', 0)":"EDUCACION","('0165-S-2008', 1)":"FINANZAS","('0165-S-2008', 2)":"PRESUPUESTO Y HACIENDA","('0165-S-2008', 3)":null},"('Tramites', 'C\u00c1MARA')":{"('0165-S-2008', 0)":"Senado","('0165-S-2008', 1)":"Senado","('0165-S-2008', 2)":"Diputados","('0165-S-2008', 3)":null},"('Tramites', 'MOVIMIENTO')":{"('0165-S-2008', 0)":"MOCION SOBRE TABLAS (AFIRMATIVA)","('0165-S-2008', 1)":"CONSIDERACION Y APROBACION","('0165-S-2008', 2)":"PASA A DIPUTADOS -","('0165-S-2008', 3)":null},"('Tramites', 'FECHA')":{"('0165-S-2008', 0)":"17\/12\/2008","('0165-S-2008', 1)":"17\/12\/2008","('0165-S-2008', 2)":null,"('0165-S-2008', 3)":null},"('Tramites', 'RESULTADO')":{"('0165-S-2008', 0)":null,"('0165-S-2008', 1)":"MEDIA SANCION","('0165-S-2008', 2)":null,"('0165-S-2008', 3)":null},"Sumario":{"('0165-S-2008', 0)":"OBJETO; DECLARAR A LA PROVINCIA DE SAN JUAN COMO CAPITAL NACIONAL DE LA EDUCACION POPULAR, CREACION DE UN PARQUE TEMATICO; REEDICION DE OBRAS; DECLARAR AL EDIFICIO DEL MINISTERIO DE EDUCACION DE LA NACION CON EL NOMBRE DE PALACIO DOMINGO FAUSTINO SARMIENTO.","('0165-S-2008', 1)":null,"('0165-S-2008', 2)":null,"('0165-S-2008', 3)":null},"Palabra Clave":{"('0165-S-2008', 0)":" ","('0165-S-2008', 1)":null,"('0165-S-2008', 2)":null,"('0165-S-2008', 3)":null}}