{"Tipo de Proyecto":{"('0166-S-2008', 0)":"PROYECTO DE LEY","('0166-S-2008', 1)":null,"('0166-S-2008', 2)":null,"('0166-S-2008', 3)":null},"Iniciado en: ":{"('0166-S-2008', 0)":"Senado","('0166-S-2008', 1)":null,"('0166-S-2008', 2)":null,"('0166-S-2008', 3)":null},"Expediente Diputados: ":{"('0166-S-2008', 0)":"0166-S-2008","('0166-S-2008', 1)":null,"('0166-S-2008', 2)":null,"('0166-S-2008', 3)":null},"Expediente Senado: ":{"('0166-S-2008', 0)":"1324-S-2008","('0166-S-2008', 1)":null,"('0166-S-2008', 2)":null,"('0166-S-2008', 3)":null},"Publicado en: ":{"('0166-S-2008', 0)":"Diario de Asuntos Entrados N\u00b0 64","('0166-S-2008', 1)":null,"('0166-S-2008', 2)":null,"('0166-S-2008', 3)":null},"Fecha: ":{"('0166-S-2008', 0)":"13\/05\/2008","('0166-S-2008', 1)":null,"('0166-S-2008', 2)":null,"('0166-S-2008', 3)":null},"T\u00edtulo":{"('0166-S-2008', 0)":"INSTITUIR EL 3 DE JULIO COMO DIA NACIONAL DEL SUFRAGIO LIBRE, EN CONMEMORACION DEL FALLECIMIENTO DE HIPOLITO YRIGOYEN.","('0166-S-2008', 1)":null,"('0166-S-2008', 2)":null,"('0166-S-2008', 3)":null},"('Firmantes', 'FIRMANTE')":{"('0166-S-2008', 0)":"RACHED, EMILIO ALBERTO","('0166-S-2008', 1)":null,"('0166-S-2008', 2)":null,"('0166-S-2008', 3)":null},"('Firmantes', 'DISTRITO')":{"('0166-S-2008', 0)":"SANTIAGO DEL ESTERO","('0166-S-2008', 1)":null,"('0166-S-2008', 2)":null,"('0166-S-2008', 3)":null},"('Firmantes', 'BLOQUE')":{"('0166-S-2008', 0)":"FRENTE CIVICO POR SANTIAGO","('0166-S-2008', 1)":null,"('0166-S-2008', 2)":null,"('0166-S-2008', 3)":null},"('Giros', 'COMISI\u00d3N')":{"('0166-S-2008', 0)":"ASUNTOS CONSTITUCIONALES","('0166-S-2008', 1)":"LEGISLACION GENERAL","('0166-S-2008', 2)":null,"('0166-S-2008', 3)":null},"('Tramites', 'C\u00c1MARA')":{"('0166-S-2008', 0)":"Senado","('0166-S-2008', 1)":"Senado","('0166-S-2008', 2)":"Diputados","('0166-S-2008', 3)":"Diputados"},"('Tramites', 'MOVIMIENTO')":{"('0166-S-2008', 0)":"MOCION SOBRE TABLAS (AFIRMATIVA)","('0166-S-2008', 1)":"CONSIDERACION Y APROBACION","('0166-S-2008', 2)":"PASA A DIPUTADOS -","('0166-S-2008', 3)":"REPRODUCIDO POR EXPEDIENTE 2747-S-13"},"('Tramites', 'FECHA')":{"('0166-S-2008', 0)":"17\/12\/2008","('0166-S-2008', 1)":"17\/12\/2008","('0166-S-2008', 2)":null,"('0166-S-2008', 3)":null},"('Tramites', 'RESULTADO')":{"('0166-S-2008', 0)":null,"('0166-S-2008', 1)":"MEDIA SANCION","('0166-S-2008', 2)":null,"('0166-S-2008', 3)":null},"Link":{"('0166-S-2008', 0)":"https:\/\/www4.hcdn.gob.ar\/dependencias\/dsecretaria\/Periodo2008\/PDF2008\/TP2008\/0166-S-08.pdf","('0166-S-2008', 1)":null,"('0166-S-2008', 2)":null,"('0166-S-2008', 3)":null},"Palabra Clave":{"('0166-S-2008', 0)":" ","('0166-S-2008', 1)":null,"('0166-S-2008', 2)":null,"('0166-S-2008', 3)":null}}