{"Tipo de Proyecto":{"('0167-S-2008', 0)":"PROYECTO DE DECLARACI\u00d3N"},"Iniciado en: ":{"('0167-S-2008', 0)":"Senado"},"Expediente Senado: ":{"('0167-S-2008', 0)":"0167-S-2008"},"Publicado en: ":{"('0167-S-2008', 0)":"Diario de Asuntos Entrados N\u00b0 8"},"Fecha: ":{"('0167-S-2008', 0)":"05\/03\/2008"},"T\u00edtulo":{"('0167-S-2008', 0)":"EXPRESAR ADHESION AL ANIVERSARIO DEL DIA GRANDE DE JUJUY EL 27 DE ABRIL ."},"('Firmantes', 'FIRMANTE')":{"('0167-S-2008', 0)":"FELLNER, LILIANA BEATRIZ"},"('Firmantes', 'DISTRITO')":{"('0167-S-2008', 0)":"JUJUY"},"('Firmantes', 'BLOQUE')":{"('0167-S-2008', 0)":"FRENTE PARA LA VICTORIA - PJ"},"Link":{"('0167-S-2008', 0)":"http:\/\/www.senado.gov.ar\/parlamentario\/comisiones\/verExp\/167.08\/S\/PD"},"Palabra Clave":{"('0167-S-2008', 0)":" "}}