{"Tipo de Proyecto":{"('0167-D-2008', 0)":"PROYECTO DE DECLARACI\u00d3N"},"Iniciado en: ":{"('0167-D-2008', 0)":"Diputados"},"Expediente Diputados: ":{"('0167-D-2008', 0)":"0167-D-2008"},"Publicado en: ":{"('0167-D-2008', 0)":"Tr\u00e1mite Parlamentario N\u00b0 2"},"Fecha: ":{"('0167-D-2008', 0)":"04\/03\/2008"},"T\u00edtulo":{"('0167-D-2008', 0)":"SOLICITAR AL PODER EJECUTIVO DISPONGA ASISTIR FINANCIERAMENTE A LA PROVINCIA DE TUCUMAN, CON DESTINO A LA ZONA OESTE PARA REALIZAR OBRAS DESTINADAS A LA CONSTRUCCION DE LA RED DE GAS DOMICILIARIO."},"('Firmantes', 'FIRMANTE')":{"('0167-D-2008', 0)":"HERRERA, ALBERTO"},"('Firmantes', 'DISTRITO')":{"('0167-D-2008', 0)":"TUCUMAN"},"('Firmantes', 'BLOQUE')":{"('0167-D-2008', 0)":"FRENTE PARA LA VICTORIA - PJ"},"('Giros', 'COMISI\u00d3N')":{"('0167-D-2008', 0)":"ENERGIA Y COMBUSTIBLES"},"Link":{"('0167-D-2008', 0)":"https:\/\/www.hcdn.gob.ar\/proyectos\/textoCompleto.jsp?exp=0167-D-2008&tipo=DECLARACION"},"Palabra Clave":{"('0167-D-2008', 0)":" "}}