{"Tipo de Proyecto":{"('0169-D-2008', 0)":"PROYECTO DE RESOLUCI\u00d3N"},"Iniciado en: ":{"('0169-D-2008', 0)":"Diputados"},"Expediente Diputados: ":{"('0169-D-2008', 0)":"0169-D-2008"},"Publicado en: ":{"('0169-D-2008', 0)":"Tr\u00e1mite Parlamentario N\u00b0 2"},"Fecha: ":{"('0169-D-2008', 0)":"04\/03\/2008"},"T\u00edtulo":{"('0169-D-2008', 0)":"PEDIDO DE INFORMES AL PODER EJECUTIVO SOBRE LA IMPLEMENTACION DE UN NUEVO INDICE DE PRECIOS PARA CALCULAR LA INFLACION."},"('Firmantes', 'FIRMANTE')":{"('0169-D-2008', 0)":"DE NARVAEZ, FRANCISCO"},"('Firmantes', 'DISTRITO')":{"('0169-D-2008', 0)":"BUENOS AIRES"},"('Firmantes', 'BLOQUE')":{"('0169-D-2008', 0)":"UNION CELESTE Y BLANCO"},"('Giros', 'COMISI\u00d3N')":{"('0169-D-2008', 0)":"COMERCIO"},"Link":{"('0169-D-2008', 0)":"https:\/\/www.hcdn.gob.ar\/proyectos\/textoCompleto.jsp?exp=0169-D-2008&tipo=RESOLUCION"},"Palabra Clave":{"('0169-D-2008', 0)":" "}}