{"Tipo de Proyecto":{"('0169-S-2008', 0)":"PROYECTO DE LEY"},"Iniciado en: ":{"('0169-S-2008', 0)":"Senado"},"Expediente Senado: ":{"('0169-S-2008', 0)":"0169-S-2008"},"Publicado en: ":{"('0169-S-2008', 0)":"Diario de Asuntos Entrados N\u00b0 8"},"Fecha: ":{"('0169-S-2008', 0)":"05\/03\/2008"},"T\u00edtulo":{"('0169-S-2008', 0)":"DEROGACION DE LOS ARTICULOS 13 Y 16 DE LA LEY 12331 (PROFILAXIS DE LAS ENFERMEDADES VENEREAS) Y DE LA LEY 16668 (CERTIFICADOS PRENUPCIALES) (REPRODUCCION DEL EXPEDIENTE 2340-S-06)."},"('Firmantes', 'FIRMANTE')":{"('0169-S-2008', 0)":"FELLNER, LILIANA BEATRIZ"},"('Firmantes', 'DISTRITO')":{"('0169-S-2008', 0)":"JUJUY"},"('Firmantes', 'BLOQUE')":{"('0169-S-2008', 0)":"FRENTE PARA LA VICTORIA - PJ"},"('Tramites', 'C\u00c1MARA')":{"('0169-S-2008', 0)":"Senado"},"('Tramites', 'MOVIMIENTO')":{"('0169-S-2008', 0)":"REPRODUCIDO POR EXPEDIENTE 0203-S-2010"},"('Tramites', 'FECHA')":{"('0169-S-2008', 0)":null},"('Tramites', 'RESULTADO')":{"('0169-S-2008', 0)":null},"Sumario":{"('0169-S-2008', 0)":"MODIFICACION DE LA LEY 25673 DE PROGRAMA NACIONAL DE SALUD SEXUAL Y PROCREACION RESPONSABLE, RESPECTO A PROMOVER EVENTOS EDUCATIVOS FOCALIZADOS EN ENFERMEDADES DE TRANSMISION SEXUAL, SU PREVENCION Y SUS EFECTOS: INCORPORACION DE INCISO E) AL ARTICULO 5; INVITACION A LAS PROVINCIAS Y A LA CIUDAD AUTONOMA DE BUENOS AIRES A ADHERIR."},"Palabra Clave":{"('0169-S-2008', 0)":" "}}