{"Tipo de Proyecto":{"('0170-D-2008', 0)":"PROYECTO DE RESOLUCI\u00d3N","('0170-D-2008', 1)":null,"('0170-D-2008', 2)":null,"('0170-D-2008', 3)":null,"('0170-D-2008', 4)":null},"Iniciado en: ":{"('0170-D-2008', 0)":"Diputados","('0170-D-2008', 1)":null,"('0170-D-2008', 2)":null,"('0170-D-2008', 3)":null,"('0170-D-2008', 4)":null},"Expediente Diputados: ":{"('0170-D-2008', 0)":"0170-D-2008","('0170-D-2008', 1)":null,"('0170-D-2008', 2)":null,"('0170-D-2008', 3)":null,"('0170-D-2008', 4)":null},"Publicado en: ":{"('0170-D-2008', 0)":"Tr\u00e1mite Parlamentario N\u00b0 2","('0170-D-2008', 1)":null,"('0170-D-2008', 2)":null,"('0170-D-2008', 3)":null,"('0170-D-2008', 4)":null},"Fecha: ":{"('0170-D-2008', 0)":"04\/03\/2008","('0170-D-2008', 1)":null,"('0170-D-2008', 2)":null,"('0170-D-2008', 3)":null,"('0170-D-2008', 4)":null},"T\u00edtulo":{"('0170-D-2008', 0)":"PEDIDO DE INFORMES AL PODER EJECUTIVO SOBRE TRATATIVAS PARA LA ADHESION AL \"BANCO DEL SUR\".","('0170-D-2008', 1)":null,"('0170-D-2008', 2)":null,"('0170-D-2008', 3)":null,"('0170-D-2008', 4)":null},"('Firmantes', 'FIRMANTE')":{"('0170-D-2008', 0)":"GORBACZ, LEONARDO ARIEL","('0170-D-2008', 1)":"BISUTTI, DELIA BEATRIZ","('0170-D-2008', 2)":"GONZALEZ, MARIA AMERICA","('0170-D-2008', 3)":"RAIMUNDI, CARLOS","('0170-D-2008', 4)":"AUGSBURGER, SILVIA"},"('Firmantes', 'DISTRITO')":{"('0170-D-2008', 0)":"TIERRA DEL FUEGO","('0170-D-2008', 1)":"CIUDAD de BUENOS AIRES","('0170-D-2008', 2)":"CIUDAD de BUENOS AIRES","('0170-D-2008', 3)":"BUENOS AIRES","('0170-D-2008', 4)":"SANTA FE"},"('Firmantes', 'BLOQUE')":{"('0170-D-2008', 0)":"ARI AUTONOMO 8 +","('0170-D-2008', 1)":"ARI AUTONOMO 8 +","('0170-D-2008', 2)":"ARI AUTONOMO 8 +","('0170-D-2008', 3)":"ARI AUTONOMO 8 +","('0170-D-2008', 4)":"PARTIDO SOCIALISTA"},"('Giros', 'COMISI\u00d3N')":{"('0170-D-2008', 0)":"RELACIONES EXTERIORES Y CULTO","('0170-D-2008', 1)":null,"('0170-D-2008', 2)":null,"('0170-D-2008', 3)":null,"('0170-D-2008', 4)":null},"Link":{"('0170-D-2008', 0)":"https:\/\/www.hcdn.gob.ar\/proyectos\/textoCompleto.jsp?exp=0170-D-2008&tipo=RESOLUCION","('0170-D-2008', 1)":null,"('0170-D-2008', 2)":null,"('0170-D-2008', 3)":null,"('0170-D-2008', 4)":null},"Palabra Clave":{"('0170-D-2008', 0)":" ","('0170-D-2008', 1)":null,"('0170-D-2008', 2)":null,"('0170-D-2008', 3)":null,"('0170-D-2008', 4)":null}}