{"Tipo de Proyecto":{"('0172-D-2008', 0)":"PROYECTO DE LEY"},"Iniciado en: ":{"('0172-D-2008', 0)":"Diputados"},"Expediente Diputados: ":{"('0172-D-2008', 0)":"0172-D-2008"},"Publicado en: ":{"('0172-D-2008', 0)":"Tr\u00e1mite Parlamentario N\u00b0 2"},"Fecha: ":{"('0172-D-2008', 0)":"04\/03\/2008"},"T\u00edtulo":{"('0172-D-2008', 0)":"CONTRATO DE TRABAJO, LEY 20744 (TO 1976): MODIFICACION."},"('Firmantes', 'FIRMANTE')":{"('0172-D-2008', 0)":"BIANCO, LIA FABIOLA"},"('Firmantes', 'DISTRITO')":{"('0172-D-2008', 0)":"MISIONES"},"('Firmantes', 'BLOQUE')":{"('0172-D-2008', 0)":"FRENTE PARA LA VICTORIA - PJ"},"('Giros', 'COMISI\u00d3N')":{"('0172-D-2008', 0)":"LEGISLACION DEL TRABAJO"},"Sumario":{"('0172-D-2008', 0)":"SUSTITUCION DEL ARTICULO 241 (EXTINCION DEL CONTRATO POR MUTUO ACUERDO)."},"Palabra Clave":{"('0172-D-2008', 0)":" "}}