{"Tipo de Proyecto":{"('0172-S-2008', 0)":"PROYECTO DE LEY"},"Iniciado en: ":{"('0172-S-2008', 0)":"Senado"},"Expediente Senado: ":{"('0172-S-2008', 0)":"0172-S-2008"},"Publicado en: ":{"('0172-S-2008', 0)":"Diario de Asuntos Entrados N\u00b0 8"},"Fecha: ":{"('0172-S-2008', 0)":"05\/03\/2008"},"T\u00edtulo":{"('0172-S-2008', 0)":"INCORPORAR AL REGIMEN DE VACUNACION NACIONAL LA ADMINISTRACION DE LA VACUNA ANTINEUMOCOCICA EN LA POBLACION PEDIATRICA. (REPRODUCCION DEL EXPEDIENTE 2341-S-06)."},"('Firmantes', 'FIRMANTE')":{"('0172-S-2008', 0)":"FELLNER, LILIANA BEATRIZ"},"('Firmantes', 'DISTRITO')":{"('0172-S-2008', 0)":"JUJUY"},"('Firmantes', 'BLOQUE')":{"('0172-S-2008', 0)":"FRENTE PARA LA VICTORIA - PJ"},"('Tramites', 'C\u00c1MARA')":{"('0172-S-2008', 0)":"Senado"},"('Tramites', 'MOVIMIENTO')":{"('0172-S-2008', 0)":"REPRODUCIDO POR EXPEDIENTE 0201-S-2010"},"('Tramites', 'FECHA')":{"('0172-S-2008', 0)":null},"('Tramites', 'RESULTADO')":{"('0172-S-2008', 0)":null},"Sumario":{"('0172-S-2008', 0)":"AUTORIDAD DE APLICACION: MINISTERIO DE SALUD Y AMBIENTE DE LA NACION; APLICACION GRATUITA EN TODOS LOS CENTROS DE SALUD PUBLICA DEL PAIS; BENEFICIARIOS; NI\u00d1OS CON ENFERMEDADES CON ALTO RIESGO DE ADQUIRIR INFECCION SISTEMICA O SEVERA."},"Palabra Clave":{"('0172-S-2008', 0)":" "}}