{"Tipo de Proyecto":{"('0174-D-2008', 0)":"PROYECTO DE RESOLUCI\u00d3N"},"Iniciado en: ":{"('0174-D-2008', 0)":"Diputados"},"Expediente Diputados: ":{"('0174-D-2008', 0)":"0174-D-2008"},"Publicado en: ":{"('0174-D-2008', 0)":"Tr\u00e1mite Parlamentario N\u00b0 2"},"Fecha: ":{"('0174-D-2008', 0)":"04\/03\/2008"},"T\u00edtulo":{"('0174-D-2008', 0)":"DECLARAR DE INTERES DE LA H CAMARA AL \"BOSQUE MODELO SAN PEDRO\" UBICADO EN LA LOCALIDAD DE SAN PEDRO, PROVINCIA DE MISIONES."},"('Firmantes', 'FIRMANTE')":{"('0174-D-2008', 0)":"BIANCO, LIA FABIOLA"},"('Firmantes', 'DISTRITO')":{"('0174-D-2008', 0)":"MISIONES"},"('Firmantes', 'BLOQUE')":{"('0174-D-2008', 0)":"FRENTE PARA LA VICTORIA - PJ"},"('Giros', 'COMISI\u00d3N')":{"('0174-D-2008', 0)":"RECURSOS NATURALES Y CONSERVACION DEL AMBIENTE HUMANO"},"Link":{"('0174-D-2008', 0)":"https:\/\/www.hcdn.gob.ar\/proyectos\/textoCompleto.jsp?exp=0174-D-2008&tipo=RESOLUCION"},"Palabra Clave":{"('0174-D-2008', 0)":" "}}