{"Tipo de Proyecto":{"('0174-S-2008', 0)":"PROYECTO DE DECLARACI\u00d3N"},"Iniciado en: ":{"('0174-S-2008', 0)":"Senado"},"Expediente Senado: ":{"('0174-S-2008', 0)":"0174-S-2008"},"Publicado en: ":{"('0174-S-2008', 0)":"Diario de Asuntos Entrados N\u00b0 8"},"Fecha: ":{"('0174-S-2008', 0)":"05\/03\/2008"},"T\u00edtulo":{"('0174-S-2008', 0)":"DECLARAR DE INTERES LA MUESTRA ITINERANTE 100 A\u00d1OS DE TURISMO ARGENTINO A REALIZARSE DE MAYO DEL CORRIENTE A\u00d1O HASTA MAYO DE 2010."},"('Firmantes', 'FIRMANTE')":{"('0174-S-2008', 0)":"FELLNER, LILIANA BEATRIZ"},"('Firmantes', 'DISTRITO')":{"('0174-S-2008', 0)":"JUJUY"},"('Firmantes', 'BLOQUE')":{"('0174-S-2008', 0)":"FRENTE PARA LA VICTORIA - PJ"},"('Tramites', 'C\u00c1MARA')":{"('0174-S-2008', 0)":"Senado"},"('Tramites', 'MOVIMIENTO')":{"('0174-S-2008', 0)":"CONSIDERACION Y APROBACION"},"('Tramites', 'FECHA')":{"('0174-S-2008', 0)":"21\/05\/2008"},"('Tramites', 'RESULTADO')":{"('0174-S-2008', 0)":"APROBADO"},"Link":{"('0174-S-2008', 0)":"http:\/\/www.senado.gov.ar\/parlamentario\/comisiones\/verExp\/174.08\/S\/PD"},"Palabra Clave":{"('0174-S-2008', 0)":" "}}