{"Tipo de Proyecto":{"('0176-D-2008', 0)":"PROYECTO DE DECLARACI\u00d3N","('0176-D-2008', 1)":null},"Iniciado en: ":{"('0176-D-2008', 0)":"Diputados","('0176-D-2008', 1)":null},"Expediente Diputados: ":{"('0176-D-2008', 0)":"0176-D-2008","('0176-D-2008', 1)":null},"Publicado en: ":{"('0176-D-2008', 0)":"Tr\u00e1mite Parlamentario N\u00b0 2","('0176-D-2008', 1)":null},"Fecha: ":{"('0176-D-2008', 0)":"04\/03\/2008","('0176-D-2008', 1)":null},"T\u00edtulo":{"('0176-D-2008', 0)":"DECLARAR DE INTERES DE LA H CAMARA EL ENCUENTRO INTERNACIONAL \"100 A\u00d1OS DEL FORD T, ENCUENTRO CENTENARIO\", A REALIZARSE DEL 1 AL 5 DE OCTUBRE DE 2008 EN LA PROVINCIA DE CORDOBA.","('0176-D-2008', 1)":null},"('Firmantes', 'FIRMANTE')":{"('0176-D-2008', 0)":"MORINI, PEDRO JUAN","('0176-D-2008', 1)":"AZCOITI, PEDRO JOSE"},"('Firmantes', 'DISTRITO')":{"('0176-D-2008', 0)":"SANTA FE","('0176-D-2008', 1)":"BUENOS AIRES"},"('Firmantes', 'BLOQUE')":{"('0176-D-2008', 0)":"UCR","('0176-D-2008', 1)":"UCR"},"('Giros', 'COMISI\u00d3N')":{"('0176-D-2008', 0)":"TURISMO","('0176-D-2008', 1)":null},"('Tramites', 'C\u00c1MARA')":{"('0176-D-2008', 0)":"Diputados","('0176-D-2008', 1)":null},"('Tramites', 'MOVIMIENTO')":{"('0176-D-2008', 0)":"CONSIDERACION Y APROBACION","('0176-D-2008', 1)":null},"('Tramites', 'FECHA')":{"('0176-D-2008', 0)":"07\/05\/2008","('0176-D-2008', 1)":null},"('Tramites', 'RESULTADO')":{"('0176-D-2008', 0)":"APROBADO","('0176-D-2008', 1)":null},"Link":{"('0176-D-2008', 0)":"https:\/\/www.hcdn.gob.ar\/proyectos\/textoCompleto.jsp?exp=0176-D-2008&tipo=DECLARACION","('0176-D-2008', 1)":null},"Palabra Clave":{"('0176-D-2008', 0)":" ","('0176-D-2008', 1)":null}}