{"Tipo de Proyecto":{"('0176-S-2008', 0)":"PROYECTO DE DECLARACI\u00d3N","('0176-S-2008', 1)":null},"Iniciado en: ":{"('0176-S-2008', 0)":"Senado","('0176-S-2008', 1)":null},"Expediente Senado: ":{"('0176-S-2008', 0)":"0176-S-2008","('0176-S-2008', 1)":null},"Publicado en: ":{"('0176-S-2008', 0)":"Diario de Asuntos Entrados N\u00b0 8","('0176-S-2008', 1)":null},"Fecha: ":{"('0176-S-2008', 0)":"05\/03\/2008","('0176-S-2008', 1)":null},"T\u00edtulo":{"('0176-S-2008', 0)":"DECLARAR DE INTERES EL I ENCUENTRO DE CINE Y VIDEO DE LA QUEBRADA A REALIZARSE EN LA CIUDAD DE TILCARA DEL 12 AL 19 DE ABRIL .","('0176-S-2008', 1)":null},"('Firmantes', 'FIRMANTE')":{"('0176-S-2008', 0)":"FELLNER, LILIANA BEATRIZ","('0176-S-2008', 1)":null},"('Firmantes', 'DISTRITO')":{"('0176-S-2008', 0)":"JUJUY","('0176-S-2008', 1)":null},"('Firmantes', 'BLOQUE')":{"('0176-S-2008', 0)":"FRENTE PARA LA VICTORIA - PJ","('0176-S-2008', 1)":null},"('Tramites', 'C\u00c1MARA')":{"('0176-S-2008', 0)":"Senado","('0176-S-2008', 1)":"Senado"},"('Tramites', 'MOVIMIENTO')":{"('0176-S-2008', 0)":"MOCION SOBRE TABLAS (AFIRMATIVA) CONJUNTAMENTE PARA LOS EXPEDIENTES 0013-S-2008 y 0176-S-2008","('0176-S-2008', 1)":"CONSIDERACION Y APROBACION CONJUNTAMENTE PARA LOS EXPEDIENTES 0013-S-2008 y 0176-S-2008"},"('Tramites', 'FECHA')":{"('0176-S-2008', 0)":"09\/04\/2008","('0176-S-2008', 1)":"09\/04\/2008"},"('Tramites', 'RESULTADO')":{"('0176-S-2008', 0)":null,"('0176-S-2008', 1)":"APROBADO"},"Link":{"('0176-S-2008', 0)":"http:\/\/www.senado.gov.ar\/parlamentario\/comisiones\/verExp\/176.08\/S\/PD","('0176-S-2008', 1)":null},"Palabra Clave":{"('0176-S-2008', 0)":" ","('0176-S-2008', 1)":null}}