{"Tipo de Proyecto":{"('0177-S-2008', 0)":"PROYECTO DE LEY","('0177-S-2008', 1)":null,"('0177-S-2008', 2)":null,"('0177-S-2008', 3)":null},"Iniciado en: ":{"('0177-S-2008', 0)":"Senado","('0177-S-2008', 1)":null,"('0177-S-2008', 2)":null,"('0177-S-2008', 3)":null},"Expediente Senado: ":{"('0177-S-2008', 0)":"0177-S-2008","('0177-S-2008', 1)":null,"('0177-S-2008', 2)":null,"('0177-S-2008', 3)":null},"Publicado en: ":{"('0177-S-2008', 0)":"Diario de Asuntos Entrados N\u00b0 8","('0177-S-2008', 1)":null,"('0177-S-2008', 2)":null,"('0177-S-2008', 3)":null},"Fecha: ":{"('0177-S-2008', 0)":"05\/03\/2008","('0177-S-2008', 1)":null,"('0177-S-2008', 2)":null,"('0177-S-2008', 3)":null},"T\u00edtulo":{"('0177-S-2008', 0)":"ACU\u00d1ACION DE UNA MONEDA CONMEMORATIVA DE D. ATAHUALPA YUPANQUI POR EL CENTENARIO DE SU NATALICIO .","('0177-S-2008', 1)":null,"('0177-S-2008', 2)":null,"('0177-S-2008', 3)":null},"('Firmantes', 'FIRMANTE')":{"('0177-S-2008', 0)":"FELLNER, LILIANA BEATRIZ","('0177-S-2008', 1)":"JENEFES, GUILLERMO RAUL","('0177-S-2008', 2)":"FILMUS, DANIEL","('0177-S-2008', 3)":"URQUIA, ROBERTO DANIEL"},"('Firmantes', 'DISTRITO')":{"('0177-S-2008', 0)":"JUJUY","('0177-S-2008', 1)":"JUJUY","('0177-S-2008', 2)":"CIUDAD de BUENOS AIRES","('0177-S-2008', 3)":"CORDOBA"},"('Firmantes', 'BLOQUE')":{"('0177-S-2008', 0)":"FRENTE PARA LA VICTORIA - PJ","('0177-S-2008', 1)":"FRENTE PARA LA VICTORIA - PJ","('0177-S-2008', 2)":"FRENTE PARA LA VICTORIA - PJ","('0177-S-2008', 3)":"FRENTE PARA LA VICTORIA - PJ"},"Link":{"('0177-S-2008', 0)":"http:\/\/www.senado.gov.ar\/parlamentario\/comisiones\/verExp\/177.08\/S\/PL","('0177-S-2008', 1)":null,"('0177-S-2008', 2)":null,"('0177-S-2008', 3)":null},"Palabra Clave":{"('0177-S-2008', 0)":" ","('0177-S-2008', 1)":null,"('0177-S-2008', 2)":null,"('0177-S-2008', 3)":null}}