{"Tipo de Proyecto":{"('0180-D-2008', 0)":"PROYECTO DE LEY","('0180-D-2008', 1)":null,"('0180-D-2008', 2)":null,"('0180-D-2008', 3)":null,"('0180-D-2008', 4)":null},"Iniciado en: ":{"('0180-D-2008', 0)":"Diputados","('0180-D-2008', 1)":null,"('0180-D-2008', 2)":null,"('0180-D-2008', 3)":null,"('0180-D-2008', 4)":null},"Expediente Diputados: ":{"('0180-D-2008', 0)":"0180-D-2008","('0180-D-2008', 1)":null,"('0180-D-2008', 2)":null,"('0180-D-2008', 3)":null,"('0180-D-2008', 4)":null},"Publicado en: ":{"('0180-D-2008', 0)":"Tr\u00e1mite Parlamentario N\u00b0 2","('0180-D-2008', 1)":null,"('0180-D-2008', 2)":null,"('0180-D-2008', 3)":null,"('0180-D-2008', 4)":null},"Fecha: ":{"('0180-D-2008', 0)":"04\/03\/2008","('0180-D-2008', 1)":null,"('0180-D-2008', 2)":null,"('0180-D-2008', 3)":null,"('0180-D-2008', 4)":null},"T\u00edtulo":{"('0180-D-2008', 0)":"CODIGO PROCESAL PENAL: MODIFICACION.","('0180-D-2008', 1)":null,"('0180-D-2008', 2)":null,"('0180-D-2008', 3)":null,"('0180-D-2008', 4)":null},"('Firmantes', 'FIRMANTE')":{"('0180-D-2008', 0)":"PETIT, MARIA DE LOS ANGELES","('0180-D-2008', 1)":"CREMER DE BUSTI, MARIA CRISTINA","('0180-D-2008', 2)":"CALZA, NELIO HIGINIO","('0180-D-2008', 3)":"ZAVALLO, GUSTAVO MARCELO","('0180-D-2008', 4)":"SOLANAS, RAUL PATRICIO"},"('Firmantes', 'DISTRITO')":{"('0180-D-2008', 0)":"ENTRE RIOS","('0180-D-2008', 1)":"ENTRE RIOS","('0180-D-2008', 2)":"ENTRE RIOS","('0180-D-2008', 3)":"ENTRE RIOS","('0180-D-2008', 4)":"ENTRE RIOS"},"('Firmantes', 'BLOQUE')":{"('0180-D-2008', 0)":"FRENTE PARA LA VICTORIA - PJ","('0180-D-2008', 1)":"FRENTE PARA LA VICTORIA - PJ","('0180-D-2008', 2)":"FRENTE PARA LA VICTORIA - PJ","('0180-D-2008', 3)":"FRENTE PARA LA VICTORIA - PJ","('0180-D-2008', 4)":"FRENTE PARA LA VICTORIA - PJ"},"('Giros', 'COMISI\u00d3N')":{"('0180-D-2008', 0)":"LEGISLACION PENAL","('0180-D-2008', 1)":null,"('0180-D-2008', 2)":null,"('0180-D-2008', 3)":null,"('0180-D-2008', 4)":null},"Sumario":{"('0180-D-2008', 0)":"MODIFICACION DEL ARTICULO 311 BIS POR EL CUAL EN LAS CAUSAS DE LESIONES O MUERTE COMO CONSECUENCIA DEL USO DE AUTOMOTORES EL JUEZ DEBERA EN EL ACTO DE PROCESAMIENTO INHABILITAR AL PROCESADO PARA CONDUCIR.","('0180-D-2008', 1)":null,"('0180-D-2008', 2)":null,"('0180-D-2008', 3)":null,"('0180-D-2008', 4)":null},"Palabra Clave":{"('0180-D-2008', 0)":" ","('0180-D-2008', 1)":null,"('0180-D-2008', 2)":null,"('0180-D-2008', 3)":null,"('0180-D-2008', 4)":null}}