{"Tipo de Proyecto":{"('0180-PE-2008', 0)":"MENSAJE NRO: 1219\/08","('0180-PE-2008', 1)":null},"Iniciado en: ":{"('0180-PE-2008', 0)":"Senado","('0180-PE-2008', 1)":null},"Expediente Senado: ":{"('0180-PE-2008', 0)":"0180-PE-2008","('0180-PE-2008', 1)":null},"Publicado en: ":{"('0180-PE-2008', 0)":"DAE S.A. N\u00b0 11","('0180-PE-2008', 1)":null},"Fecha: ":{"('0180-PE-2008', 0)":"04\/08\/2008","('0180-PE-2008', 1)":null},"T\u00edtulo":{"('0180-PE-2008', 0)":"SOLICITA ACUERDO PARA PROMOVER A FUNCIONARIA DE LA CATEGORIA \"A\" EMBAJADORA EXTRAORDINARIA Y  PLENIPOTENCIARIA A LA ACTUAL FUNCIONARIA DE LA CATEGORIA \"B\" MINISTRA PLENIPOTENCIARIA DE PRIMERA CLASE NORA BEATRIZ BORJA.","('0180-PE-2008', 1)":null},"('Firmantes', 'FIRMANTE')":{"('0180-PE-2008', 0)":"FERNANDEZ DE KIRCHNER, CRISTINA","('0180-PE-2008', 1)":"TAIANA, JORGE ENRIQUE"},"('Firmantes', 'DISTRITO')":{"('0180-PE-2008', 0)":null,"('0180-PE-2008', 1)":null},"('Firmantes', 'BLOQUE')":{"('0180-PE-2008', 0)":"PODER EJECUTIVO","('0180-PE-2008', 1)":"PODER EJECUTIVO"},"('Tramites', 'C\u00c1MARA')":{"('0180-PE-2008', 0)":"Senado","('0180-PE-2008', 1)":"Senado"},"('Tramites', 'MOVIMIENTO')":{"('0180-PE-2008', 0)":"MOCION SOBRE TABLAS (AFIRMATIVA)","('0180-PE-2008', 1)":"CONSIDERACION Y APROBACION"},"('Tramites', 'FECHA')":{"('0180-PE-2008', 0)":"10\/09\/2008","('0180-PE-2008', 1)":"10\/09\/2008"},"('Tramites', 'RESULTADO')":{"('0180-PE-2008', 0)":null,"('0180-PE-2008', 1)":"APROBADO"},"Palabra Clave":{"('0180-PE-2008', 0)":" ","('0180-PE-2008', 1)":null}}