{"Tipo de Proyecto":{"('0181-S-2008', 0)":"PROYECTO DE DECLARACI\u00d3N"},"Iniciado en: ":{"('0181-S-2008', 0)":"Senado"},"Expediente Senado: ":{"('0181-S-2008', 0)":"0181-S-2008"},"Publicado en: ":{"('0181-S-2008', 0)":"Diario de Asuntos Entrados N\u00b0 8"},"Fecha: ":{"('0181-S-2008', 0)":"05\/03\/2008"},"T\u00edtulo":{"('0181-S-2008', 0)":"DECLARAR DE INTERES PARA EL H. SENADO EL XXVI CONGRESO DE CIRUGIA DE CORDOBA A REALIZARSE DEL 10 AL 12 DE SEPTIEMBRE."},"('Firmantes', 'FIRMANTE')":{"('0181-S-2008', 0)":"ROSSI, CARLOS ALBERTO"},"('Firmantes', 'DISTRITO')":{"('0181-S-2008', 0)":"CORDOBA"},"('Firmantes', 'BLOQUE')":{"('0181-S-2008', 0)":"VECINALISTA - PARTIDO NUEVO"},"('Tramites', 'C\u00c1MARA')":{"('0181-S-2008', 0)":"Senado"},"('Tramites', 'MOVIMIENTO')":{"('0181-S-2008', 0)":"CONSIDERACION Y APROBACION"},"('Tramites', 'FECHA')":{"('0181-S-2008', 0)":"14\/05\/2008"},"('Tramites', 'RESULTADO')":{"('0181-S-2008', 0)":"APROBADO"},"Link":{"('0181-S-2008', 0)":"http:\/\/www.senado.gov.ar\/parlamentario\/comisiones\/verExp\/181.08\/S\/PD"},"Palabra Clave":{"('0181-S-2008', 0)":" "}}