{"Tipo de Proyecto":{"('0182-D-2008', 0)":"PROYECTO DE DECLARACI\u00d3N","('0182-D-2008', 1)":null,"('0182-D-2008', 2)":null,"('0182-D-2008', 3)":null,"('0182-D-2008', 4)":null,"('0182-D-2008', 5)":null,"('0182-D-2008', 6)":null,"('0182-D-2008', 7)":null},"Iniciado en: ":{"('0182-D-2008', 0)":"Diputados","('0182-D-2008', 1)":null,"('0182-D-2008', 2)":null,"('0182-D-2008', 3)":null,"('0182-D-2008', 4)":null,"('0182-D-2008', 5)":null,"('0182-D-2008', 6)":null,"('0182-D-2008', 7)":null},"Expediente Diputados: ":{"('0182-D-2008', 0)":"0182-D-2008","('0182-D-2008', 1)":null,"('0182-D-2008', 2)":null,"('0182-D-2008', 3)":null,"('0182-D-2008', 4)":null,"('0182-D-2008', 5)":null,"('0182-D-2008', 6)":null,"('0182-D-2008', 7)":null},"Publicado en: ":{"('0182-D-2008', 0)":"Tr\u00e1mite Parlamentario N\u00b0 2","('0182-D-2008', 1)":null,"('0182-D-2008', 2)":null,"('0182-D-2008', 3)":null,"('0182-D-2008', 4)":null,"('0182-D-2008', 5)":null,"('0182-D-2008', 6)":null,"('0182-D-2008', 7)":null},"Fecha: ":{"('0182-D-2008', 0)":"04\/03\/2008","('0182-D-2008', 1)":null,"('0182-D-2008', 2)":null,"('0182-D-2008', 3)":null,"('0182-D-2008', 4)":null,"('0182-D-2008', 5)":null,"('0182-D-2008', 6)":null,"('0182-D-2008', 7)":null},"T\u00edtulo":{"('0182-D-2008', 0)":"DECLARAR DE INTERES DE LA H CAMARA QUE LAS JURISDICCIONES PROVINCIALES Y LA CIUDAD AUTONOMA DE BUENOS AIRES PROCEDAN A EFECTUAR LAS REFORMAS NECESARIAS EN SU LEGISLACION SEGUN LAS DISPOSICIONES DE LA LEY 26206, DE EDUCACION NACIONAL. ","('0182-D-2008', 1)":null,"('0182-D-2008', 2)":null,"('0182-D-2008', 3)":null,"('0182-D-2008', 4)":null,"('0182-D-2008', 5)":null,"('0182-D-2008', 6)":null,"('0182-D-2008', 7)":null},"('Firmantes', 'FIRMANTE')":{"('0182-D-2008', 0)":"PUIGGROS, ADRIANA VICTORIA","('0182-D-2008', 1)":"ACOSTA, MARIA JULIA","('0182-D-2008', 2)":"GULLO, JUAN CARLOS DANTE","('0182-D-2008', 3)":"VELARDE, MARTA SYLVIA","('0182-D-2008', 4)":"SOLA, FELIPE CARLOS","('0182-D-2008', 5)":"VACA NARVAJA, PATRICIA","('0182-D-2008', 6)":"MASSEI, OSCAR","('0182-D-2008', 7)":"FADEL, PATRICIA SUSANA"},"('Firmantes', 'DISTRITO')":{"('0182-D-2008', 0)":"BUENOS AIRES","('0182-D-2008', 1)":"CATAMARCA","('0182-D-2008', 2)":"CIUDAD de BUENOS AIRES","('0182-D-2008', 3)":"SANTIAGO DEL ESTERO","('0182-D-2008', 4)":"BUENOS AIRES","('0182-D-2008', 5)":"CORDOBA","('0182-D-2008', 6)":"NEUQUEN","('0182-D-2008', 7)":"MENDOZA"},"('Firmantes', 'BLOQUE')":{"('0182-D-2008', 0)":"FRENTE PARA LA VICTORIA - PJ","('0182-D-2008', 1)":"FRENTE PARA LA VICTORIA - PJ","('0182-D-2008', 2)":"FRENTE PARA LA VICTORIA - PJ","('0182-D-2008', 3)":"FRENTE PARA LA VICTORIA - PJ","('0182-D-2008', 4)":"FRENTE PARA LA VICTORIA - PJ","('0182-D-2008', 5)":"FRENTE PARA LA VICTORIA - PJ","('0182-D-2008', 6)":"FRENTE PARA LA VICTORIA - PJ","('0182-D-2008', 7)":"FRENTE PARA LA VICTORIA - PJ"},"('Giros', 'COMISI\u00d3N')":{"('0182-D-2008', 0)":"EDUCACION","('0182-D-2008', 1)":null,"('0182-D-2008', 2)":null,"('0182-D-2008', 3)":null,"('0182-D-2008', 4)":null,"('0182-D-2008', 5)":null,"('0182-D-2008', 6)":null,"('0182-D-2008', 7)":null},"Link":{"('0182-D-2008', 0)":"https:\/\/www.hcdn.gob.ar\/proyectos\/textoCompleto.jsp?exp=0182-D-2008&tipo=DECLARACION","('0182-D-2008', 1)":null,"('0182-D-2008', 2)":null,"('0182-D-2008', 3)":null,"('0182-D-2008', 4)":null,"('0182-D-2008', 5)":null,"('0182-D-2008', 6)":null,"('0182-D-2008', 7)":null},"Palabra Clave":{"('0182-D-2008', 0)":" ","('0182-D-2008', 1)":null,"('0182-D-2008', 2)":null,"('0182-D-2008', 3)":null,"('0182-D-2008', 4)":null,"('0182-D-2008', 5)":null,"('0182-D-2008', 6)":null,"('0182-D-2008', 7)":null}}