{"Tipo de Proyecto":{"('0184-S-2008', 0)":"PROYECTO DE DECLARACI\u00d3N"},"Iniciado en: ":{"('0184-S-2008', 0)":"Senado"},"Expediente Senado: ":{"('0184-S-2008', 0)":"0184-S-2008"},"Publicado en: ":{"('0184-S-2008', 0)":"Diario de Asuntos Entrados N\u00b0 8"},"Fecha: ":{"('0184-S-2008', 0)":"05\/03\/2008"},"T\u00edtulo":{"('0184-S-2008', 0)":"EXPRESAR ADHESION A LA CONMEMORACION DEL DIA MUNDIAL DEL TEATRO, EL 27 DE MARZO ."},"('Firmantes', 'FIRMANTE')":{"('0184-S-2008', 0)":"BASUALDO, ROBERTO GUSTAVO"},"('Firmantes', 'DISTRITO')":{"('0184-S-2008', 0)":"SAN JUAN"},"('Firmantes', 'BLOQUE')":{"('0184-S-2008', 0)":"PRODUCCION Y TRABAJO"},"('Tramites', 'C\u00c1MARA')":{"('0184-S-2008', 0)":"Senado"},"('Tramites', 'MOVIMIENTO')":{"('0184-S-2008', 0)":"CONSIDERACION Y APROBACION"},"('Tramites', 'FECHA')":{"('0184-S-2008', 0)":"06\/08\/2008"},"('Tramites', 'RESULTADO')":{"('0184-S-2008', 0)":"APROBADO"},"Link":{"('0184-S-2008', 0)":"http:\/\/www.senado.gov.ar\/parlamentario\/comisiones\/verExp\/184.08\/S\/PD"},"Palabra Clave":{"('0184-S-2008', 0)":" "}}