{"Tipo de Proyecto":{"('0186-PE-2008', 0)":"MENSAJE NRO: 1225\/08","('0186-PE-2008', 1)":null},"Iniciado en: ":{"('0186-PE-2008', 0)":"Senado","('0186-PE-2008', 1)":null},"Expediente Senado: ":{"('0186-PE-2008', 0)":"0186-PE-2008","('0186-PE-2008', 1)":null},"Publicado en: ":{"('0186-PE-2008', 0)":"DAE S.A. N\u00b0 11","('0186-PE-2008', 1)":null},"Fecha: ":{"('0186-PE-2008', 0)":"04\/08\/2008","('0186-PE-2008', 1)":null},"T\u00edtulo":{"('0186-PE-2008', 0)":"SOLICITA ACUERDO PARA PROMOVER A FUNCIONARIO DE LA CATEGORIA \"B\" MINISTRO PLENIPOTENCIARIO DE PRIMERA CLASE AL ACTUAL FUNCIONARIO DE LA CATEGORIA \"C\" MINISTRO PLENIPOTENCIARIO DE SEGUNDA CLASE RODOLFO JOSE MARTIN SARAVIA.","('0186-PE-2008', 1)":null},"('Firmantes', 'FIRMANTE')":{"('0186-PE-2008', 0)":"FERNANDEZ DE KIRCHNER, CRISTINA","('0186-PE-2008', 1)":"TAIANA, JORGE ENRIQUE"},"('Firmantes', 'DISTRITO')":{"('0186-PE-2008', 0)":null,"('0186-PE-2008', 1)":null},"('Firmantes', 'BLOQUE')":{"('0186-PE-2008', 0)":"PODER EJECUTIVO","('0186-PE-2008', 1)":"PODER EJECUTIVO"},"('Tramites', 'C\u00c1MARA')":{"('0186-PE-2008', 0)":"Senado","('0186-PE-2008', 1)":"Senado"},"('Tramites', 'MOVIMIENTO')":{"('0186-PE-2008', 0)":"MOCION SOBRE TABLAS (AFIRMATIVA)","('0186-PE-2008', 1)":"CONSIDERACION Y APROBACION"},"('Tramites', 'FECHA')":{"('0186-PE-2008', 0)":"10\/09\/2008","('0186-PE-2008', 1)":"10\/09\/2008"},"('Tramites', 'RESULTADO')":{"('0186-PE-2008', 0)":null,"('0186-PE-2008', 1)":"APROBADO"},"Palabra Clave":{"('0186-PE-2008', 0)":" ","('0186-PE-2008', 1)":null}}