{"Tipo de Proyecto":{"('0187-S-2008', 0)":"PROYECTO DE DECLARACI\u00d3N"},"Iniciado en: ":{"('0187-S-2008', 0)":"Senado"},"Expediente Senado: ":{"('0187-S-2008', 0)":"0187-S-2008"},"Publicado en: ":{"('0187-S-2008', 0)":"Diario de Asuntos Entrados N\u00b0 8"},"Fecha: ":{"('0187-S-2008', 0)":"05\/03\/2008"},"T\u00edtulo":{"('0187-S-2008', 0)":"EXPRESAR ADHESION A LA CONMEMORACION DEL DIA MUNDIAL DE LA METEOROLOGIA A CELEBRARSE EL 23 DE MARZO."},"('Firmantes', 'FIRMANTE')":{"('0187-S-2008', 0)":"BASUALDO, ROBERTO GUSTAVO"},"('Firmantes', 'DISTRITO')":{"('0187-S-2008', 0)":"SAN JUAN"},"('Firmantes', 'BLOQUE')":{"('0187-S-2008', 0)":"PRODUCCION Y TRABAJO"},"('Tramites', 'C\u00c1MARA')":{"('0187-S-2008', 0)":"Senado"},"('Tramites', 'MOVIMIENTO')":{"('0187-S-2008', 0)":"CONSIDERACION Y APROBACION CONJUNTAMENTE PARA LOS EXPEDIENTES 0187-S-2008 y 0228-S-2008"},"('Tramites', 'FECHA')":{"('0187-S-2008', 0)":"25\/06\/2008"},"('Tramites', 'RESULTADO')":{"('0187-S-2008', 0)":"APROBADO"},"Link":{"('0187-S-2008', 0)":"http:\/\/www.senado.gov.ar\/parlamentario\/comisiones\/verExp\/187.08\/S\/PD"},"Palabra Clave":{"('0187-S-2008', 0)":" "}}