{"Tipo de Proyecto":{"('0189-S-2008', 0)":"PROYECTO DE DECLARACI\u00d3N"},"Iniciado en: ":{"('0189-S-2008', 0)":"Senado"},"Expediente Senado: ":{"('0189-S-2008', 0)":"0189-S-2008"},"Publicado en: ":{"('0189-S-2008', 0)":"Diario de Asuntos Entrados N\u00b0 8"},"Fecha: ":{"('0189-S-2008', 0)":"05\/03\/2008"},"T\u00edtulo":{"('0189-S-2008', 0)":"EXPRESAR ADHESION A LA CONMEMORACION DEL DIA MUNDIAL DEL RI\u00d1ON, EL 8 DE MARZO ."},"('Firmantes', 'FIRMANTE')":{"('0189-S-2008', 0)":"BASUALDO, ROBERTO GUSTAVO"},"('Firmantes', 'DISTRITO')":{"('0189-S-2008', 0)":"SAN JUAN"},"('Firmantes', 'BLOQUE')":{"('0189-S-2008', 0)":"PRODUCCION Y TRABAJO"},"('Tramites', 'C\u00c1MARA')":{"('0189-S-2008', 0)":"Senado"},"('Tramites', 'MOVIMIENTO')":{"('0189-S-2008', 0)":"CONSIDERACION Y APROBACION"},"('Tramites', 'FECHA')":{"('0189-S-2008', 0)":"14\/05\/2008"},"('Tramites', 'RESULTADO')":{"('0189-S-2008', 0)":"APROBADO"},"Link":{"('0189-S-2008', 0)":"http:\/\/www.senado.gov.ar\/parlamentario\/comisiones\/verExp\/189.08\/S\/PD"},"Palabra Clave":{"('0189-S-2008', 0)":" "}}