{"Tipo de Proyecto":{"('0190-D-2008', 0)":"PROYECTO DE LEY","('0190-D-2008', 1)":null},"Iniciado en: ":{"('0190-D-2008', 0)":"Diputados","('0190-D-2008', 1)":null},"Expediente Diputados: ":{"('0190-D-2008', 0)":"0190-D-2008","('0190-D-2008', 1)":null},"Publicado en: ":{"('0190-D-2008', 0)":"Tr\u00e1mite Parlamentario N\u00b0 2","('0190-D-2008', 1)":null},"Fecha: ":{"('0190-D-2008', 0)":"04\/03\/2008","('0190-D-2008', 1)":null},"T\u00edtulo":{"('0190-D-2008', 0)":"COMPETENCIA PENAL DEL PODER JUDICIAL DE LA NACION, LEY 24050: MODIFICACION.","('0190-D-2008', 1)":null},"('Firmantes', 'FIRMANTE')":{"('0190-D-2008', 0)":"CONTI, DIANA BEATRIZ","('0190-D-2008', 1)":null},"('Firmantes', 'DISTRITO')":{"('0190-D-2008', 0)":"BUENOS AIRES","('0190-D-2008', 1)":null},"('Firmantes', 'BLOQUE')":{"('0190-D-2008', 0)":"FRENTE PARA LA VICTORIA - PJ","('0190-D-2008', 1)":null},"('Giros', 'COMISI\u00d3N')":{"('0190-D-2008', 0)":"LEGISLACION PENAL","('0190-D-2008', 1)":"JUSTICIA"},"Sumario":{"('0190-D-2008', 0)":"SE INCORPORAN SENDOS ULTIMOS PARRAFOS A LOS ARTICULOS 13, 14, 15, 16 Y 17 (JUZGAMIENTO A CARGO DE UNO SOLO DE LOS INTEGRANTES DEL TRIBUNAL ORAL, OPTIMIZACION DE LOS RECURSOS HUMANOS EN LA ADMINISTRACION DE JUSTICIA PENAL).","('0190-D-2008', 1)":null},"Palabra Clave":{"('0190-D-2008', 0)":" ","('0190-D-2008', 1)":null}}