{"Tipo de Proyecto":{"('0190-S-2008', 0)":"PROYECTO DE DECLARACI\u00d3N"},"Iniciado en: ":{"('0190-S-2008', 0)":"Senado"},"Expediente Senado: ":{"('0190-S-2008', 0)":"0190-S-2008"},"Publicado en: ":{"('0190-S-2008', 0)":"Diario de Asuntos Entrados N\u00b0 8"},"Fecha: ":{"('0190-S-2008', 0)":"05\/03\/2008"},"T\u00edtulo":{"('0190-S-2008', 0)":"EXPRESAR ADHESION A LA CELEBRACION DEL DIA INTERNACIONAL DE LOS DERECHOS DEL CONSUMIDOR , EL 15 DE MARZO."},"('Firmantes', 'FIRMANTE')":{"('0190-S-2008', 0)":"BASUALDO, ROBERTO GUSTAVO"},"('Firmantes', 'DISTRITO')":{"('0190-S-2008', 0)":"SAN JUAN"},"('Firmantes', 'BLOQUE')":{"('0190-S-2008', 0)":"PRODUCCION Y TRABAJO"},"Link":{"('0190-S-2008', 0)":"http:\/\/www.senado.gov.ar\/parlamentario\/comisiones\/verExp\/190.08\/S\/PD"},"Palabra Clave":{"('0190-S-2008', 0)":" "}}