{"Tipo de Proyecto":{"('0191-S-2008', 0)":"COMUNICACION"},"Iniciado en: ":{"('0191-S-2008', 0)":"Senado"},"Expediente Senado: ":{"('0191-S-2008', 0)":"0191-S-2008"},"Publicado en: ":{"('0191-S-2008', 0)":"Diario de Asuntos Entrados N\u00b0 8"},"Fecha: ":{"('0191-S-2008', 0)":"05\/03\/2008"},"T\u00edtulo":{"('0191-S-2008', 0)":"PEDIDO DE INFORMES AL PODER EJECUTIVO SOBRE EL GRADO DE EVASION RESPECTO AL IMPUESTO A LOS DEBITOS BANCARIOS."},"('Firmantes', 'FIRMANTE')":{"('0191-S-2008', 0)":"BASUALDO, ROBERTO GUSTAVO"},"('Firmantes', 'DISTRITO')":{"('0191-S-2008', 0)":"SAN JUAN"},"('Firmantes', 'BLOQUE')":{"('0191-S-2008', 0)":"PRODUCCION Y TRABAJO"},"Link":{"('0191-S-2008', 0)":"http:\/\/www.senado.gov.ar\/parlamentario\/comisiones\/verExp\/191.08\/S\/PC"},"Palabra Clave":{"('0191-S-2008', 0)":" "}}