{"Tipo de Proyecto":{"('0192-S-2008', 0)":"COMUNICACION","('0192-S-2008', 1)":null},"Iniciado en: ":{"('0192-S-2008', 0)":"Senado","('0192-S-2008', 1)":null},"Expediente Senado: ":{"('0192-S-2008', 0)":"0192-S-2008","('0192-S-2008', 1)":null},"Publicado en: ":{"('0192-S-2008', 0)":"Diario de Asuntos Entrados N\u00b0 8","('0192-S-2008', 1)":null},"Fecha: ":{"('0192-S-2008', 0)":"05\/03\/2008","('0192-S-2008', 1)":null},"T\u00edtulo":{"('0192-S-2008', 0)":"PEDIDO DE INFORMES AL PODER EJECUTIVO SOBRE LAS MEDIDAS A ADOPTAR PARA DETECTAR Y PREVENIR CAMBIOS CLIMATICOS .","('0192-S-2008', 1)":null},"('Firmantes', 'FIRMANTE')":{"('0192-S-2008', 0)":"BASUALDO, ROBERTO GUSTAVO","('0192-S-2008', 1)":null},"('Firmantes', 'DISTRITO')":{"('0192-S-2008', 0)":"SAN JUAN","('0192-S-2008', 1)":null},"('Firmantes', 'BLOQUE')":{"('0192-S-2008', 0)":"PRODUCCION Y TRABAJO","('0192-S-2008', 1)":null},"('Tramites', 'C\u00c1MARA')":{"('0192-S-2008', 0)":"Senado","('0192-S-2008', 1)":"Senado"},"('Tramites', 'MOVIMIENTO')":{"('0192-S-2008', 0)":"CONSIDERACION Y APROBACION CONJUNTAMENTE PARA LOS EXPEDIENTES 0192-S-2008 y 0428-S-2008","('0192-S-2008', 1)":"CONTESTACION DEL PODER EJECUTIVO NACIONAL - GIRADO A LA COMISION RESPECTIVA CONJUNTAMENTE PARA LOS EXPEDIENTES 0192-S-2008 y 0428-S-2008"},"('Tramites', 'FECHA')":{"('0192-S-2008', 0)":"21\/05\/2008","('0192-S-2008', 1)":"08\/07\/2009"},"('Tramites', 'RESULTADO')":{"('0192-S-2008', 0)":"APROBADO","('0192-S-2008', 1)":null},"Link":{"('0192-S-2008', 0)":"http:\/\/www.senado.gov.ar\/parlamentario\/comisiones\/verExp\/192.08\/S\/PC","('0192-S-2008', 1)":null},"Palabra Clave":{"('0192-S-2008', 0)":" ","('0192-S-2008', 1)":null}}