{"Tipo de Proyecto":{"('0192-D-2008', 0)":"PROYECTO DE LEY","('0192-D-2008', 1)":null},"Iniciado en: ":{"('0192-D-2008', 0)":"Diputados","('0192-D-2008', 1)":null},"Expediente Diputados: ":{"('0192-D-2008', 0)":"0192-D-2008","('0192-D-2008', 1)":null},"Publicado en: ":{"('0192-D-2008', 0)":"Tr\u00e1mite Parlamentario N\u00b0 2","('0192-D-2008', 1)":null},"Fecha: ":{"('0192-D-2008', 0)":"04\/03\/2008","('0192-D-2008', 1)":null},"T\u00edtulo":{"('0192-D-2008', 0)":"CODIGO NACIONAL ELECTORAL, LEY 19495 (TO DECRETO 2135\/83 Y SUS MODIFICATORIAS): MODIFICACION.","('0192-D-2008', 1)":null},"('Firmantes', 'FIRMANTE')":{"('0192-D-2008', 0)":"CONTI, DIANA BEATRIZ","('0192-D-2008', 1)":null},"('Firmantes', 'DISTRITO')":{"('0192-D-2008', 0)":"BUENOS AIRES","('0192-D-2008', 1)":null},"('Firmantes', 'BLOQUE')":{"('0192-D-2008', 0)":"FRENTE PARA LA VICTORIA - PJ","('0192-D-2008', 1)":null},"('Giros', 'COMISI\u00d3N')":{"('0192-D-2008', 0)":"ASUNTOS CONSTITUCIONALES","('0192-D-2008', 1)":"DISCAPACIDAD"},"Sumario":{"('0192-D-2008', 0)":"DEROGACION DEL INCISO B) DEL ARTICULO 3 (EXCLUSION DE LOS SORDOMUDOS RESPECTO DEL DERECHO AL VOTO).","('0192-D-2008', 1)":null},"Palabra Clave":{"('0192-D-2008', 0)":" ","('0192-D-2008', 1)":null}}