{"Tipo de Proyecto":{"('0193-D-2008', 0)":"PROYECTO DE DECLARACI\u00d3N","('0193-D-2008', 1)":null,"('0193-D-2008', 2)":null},"Iniciado en: ":{"('0193-D-2008', 0)":"Diputados","('0193-D-2008', 1)":null,"('0193-D-2008', 2)":null},"Expediente Diputados: ":{"('0193-D-2008', 0)":"0193-D-2008","('0193-D-2008', 1)":null,"('0193-D-2008', 2)":null},"Publicado en: ":{"('0193-D-2008', 0)":"Tr\u00e1mite Parlamentario N\u00b0 2","('0193-D-2008', 1)":null,"('0193-D-2008', 2)":null},"Fecha: ":{"('0193-D-2008', 0)":"04\/03\/2008","('0193-D-2008', 1)":null,"('0193-D-2008', 2)":null},"T\u00edtulo":{"('0193-D-2008', 0)":"EXPRESAR REPUDIO A LA NUEVA VIOLACION DEL \"ESTATUTO DEL RIO URUGUAY\" POR PARTE DE LA REPUBLICA ORIENTAL DEL URUGUAY AL PROYECTARSE LA CONSTRUCCION E INSTALACION DE UN PUERTO DE ULTRA MAR EN EL DEPARTAMENTO DE SORIANO, FRENTE A LOS DEPARTAMENTOS DE GUALEGUAYCHU E ISLAS DEL IBICUY, PROVINCIA DE ENTRE RIOS.","('0193-D-2008', 1)":null,"('0193-D-2008', 2)":null},"('Firmantes', 'FIRMANTE')":{"('0193-D-2008', 0)":"CREMER DE BUSTI, MARIA CRISTINA","('0193-D-2008', 1)":"PETIT, MARIA DE LOS ANGELES","('0193-D-2008', 2)":"ZAVALLO, GUSTAVO MARCELO"},"('Firmantes', 'DISTRITO')":{"('0193-D-2008', 0)":"ENTRE RIOS","('0193-D-2008', 1)":"ENTRE RIOS","('0193-D-2008', 2)":"ENTRE RIOS"},"('Firmantes', 'BLOQUE')":{"('0193-D-2008', 0)":"FRENTE PARA LA VICTORIA - PJ","('0193-D-2008', 1)":"FRENTE PARA LA VICTORIA - PJ","('0193-D-2008', 2)":"FRENTE PARA LA VICTORIA - PJ"},"('Giros', 'COMISI\u00d3N')":{"('0193-D-2008', 0)":"RELACIONES EXTERIORES Y CULTO","('0193-D-2008', 1)":null,"('0193-D-2008', 2)":null},"Link":{"('0193-D-2008', 0)":"https:\/\/www.hcdn.gob.ar\/proyectos\/textoCompleto.jsp?exp=0193-D-2008&tipo=DECLARACION","('0193-D-2008', 1)":null,"('0193-D-2008', 2)":null},"Palabra Clave":{"('0193-D-2008', 0)":" ","('0193-D-2008', 1)":null,"('0193-D-2008', 2)":null}}