{"Tipo de Proyecto":{"('0194-D-2008', 0)":"PROYECTO DE RESOLUCI\u00d3N","('0194-D-2008', 1)":null,"('0194-D-2008', 2)":null},"Iniciado en: ":{"('0194-D-2008', 0)":"Diputados","('0194-D-2008', 1)":null,"('0194-D-2008', 2)":null},"Expediente Diputados: ":{"('0194-D-2008', 0)":"0194-D-2008","('0194-D-2008', 1)":null,"('0194-D-2008', 2)":null},"Publicado en: ":{"('0194-D-2008', 0)":"Tr\u00e1mite Parlamentario N\u00b0 2","('0194-D-2008', 1)":null,"('0194-D-2008', 2)":null},"Fecha: ":{"('0194-D-2008', 0)":"04\/03\/2008","('0194-D-2008', 1)":null,"('0194-D-2008', 2)":null},"T\u00edtulo":{"('0194-D-2008', 0)":"PEDIDO DE INFORMES AL PODER EJECUTIVO SOBRE EL PROYECTO DE UN PUERTO DE ULTRAMAR PARA TRANSBORDAR HIERRO Y CARBON MINERAL, A CONSTRUIRSE EN EL DEPARTAMENTO DE SORIANO, REPUBLICA ORIENTAL DEL URUGUAY, FRENTE A LOS DEPARTAMENTOS DE GUALEGUAYCHU E ISLAS DEL IBICUY, PROVINCIA DE ENTRE RIOS.","('0194-D-2008', 1)":null,"('0194-D-2008', 2)":null},"('Firmantes', 'FIRMANTE')":{"('0194-D-2008', 0)":"CREMER DE BUSTI, MARIA CRISTINA","('0194-D-2008', 1)":"PETIT, MARIA DE LOS ANGELES","('0194-D-2008', 2)":"ZAVALLO, GUSTAVO MARCELO"},"('Firmantes', 'DISTRITO')":{"('0194-D-2008', 0)":"ENTRE RIOS","('0194-D-2008', 1)":"ENTRE RIOS","('0194-D-2008', 2)":"ENTRE RIOS"},"('Firmantes', 'BLOQUE')":{"('0194-D-2008', 0)":"FRENTE PARA LA VICTORIA - PJ","('0194-D-2008', 1)":"FRENTE PARA LA VICTORIA - PJ","('0194-D-2008', 2)":"FRENTE PARA LA VICTORIA - PJ"},"('Giros', 'COMISI\u00d3N')":{"('0194-D-2008', 0)":"RELACIONES EXTERIORES Y CULTO","('0194-D-2008', 1)":null,"('0194-D-2008', 2)":null},"Link":{"('0194-D-2008', 0)":"https:\/\/www.hcdn.gob.ar\/proyectos\/textoCompleto.jsp?exp=0194-D-2008&tipo=RESOLUCION","('0194-D-2008', 1)":null,"('0194-D-2008', 2)":null},"Palabra Clave":{"('0194-D-2008', 0)":" ","('0194-D-2008', 1)":null,"('0194-D-2008', 2)":null}}