{"Tipo de Proyecto":{"('0196-D-2008', 0)":"PROYECTO DE LEY","('0196-D-2008', 1)":null,"('0196-D-2008', 2)":null},"Iniciado en: ":{"('0196-D-2008', 0)":"Diputados","('0196-D-2008', 1)":null,"('0196-D-2008', 2)":null},"Expediente Diputados: ":{"('0196-D-2008', 0)":"0196-D-2008","('0196-D-2008', 1)":null,"('0196-D-2008', 2)":null},"Publicado en: ":{"('0196-D-2008', 0)":"Tr\u00e1mite Parlamentario N\u00b0 2","('0196-D-2008', 1)":null,"('0196-D-2008', 2)":null},"Fecha: ":{"('0196-D-2008', 0)":"04\/03\/2008","('0196-D-2008', 1)":null,"('0196-D-2008', 2)":null},"T\u00edtulo":{"('0196-D-2008', 0)":"PROHIBICION DEL OFRECIMIENTO DE PAQUETES TURISTICOS QUE INCLUYAN EXPLOTACION SEXUAL O PROSTITUCION DE NI\u00d1OS, NI\u00d1AS Y ADOLESCENTES. ANEXO I: CODIGO DE CONDUCTA PARA LA PREVENCION DEL TRAFICO SEXUAL INFANTIL (REPRODUCCION DEL EXPEDIENTE 6748-D-06).","('0196-D-2008', 1)":null,"('0196-D-2008', 2)":null},"('Firmantes', 'FIRMANTE')":{"('0196-D-2008', 0)":"BIANCO, LIA FABIOLA","('0196-D-2008', 1)":null,"('0196-D-2008', 2)":null},"('Firmantes', 'DISTRITO')":{"('0196-D-2008', 0)":"MISIONES","('0196-D-2008', 1)":null,"('0196-D-2008', 2)":null},"('Firmantes', 'BLOQUE')":{"('0196-D-2008', 0)":"FRENTE PARA LA VICTORIA - PJ","('0196-D-2008', 1)":null,"('0196-D-2008', 2)":null},"('Giros', 'COMISI\u00d3N')":{"('0196-D-2008', 0)":"TURISMO","('0196-D-2008', 1)":"FAMILIA, MUJER, NI\u00d1EZ Y ADOLESCENCIA","('0196-D-2008', 2)":"LEGISLACION PENAL"},"Palabra Clave":{"('0196-D-2008', 0)":" ","('0196-D-2008', 1)":null,"('0196-D-2008', 2)":null}}