{"Tipo de Proyecto":{"('0197-D-2008', 0)":"PROYECTO DE LEY","('0197-D-2008', 1)":null},"Iniciado en: ":{"('0197-D-2008', 0)":"Diputados","('0197-D-2008', 1)":null},"Expediente Diputados: ":{"('0197-D-2008', 0)":"0197-D-2008","('0197-D-2008', 1)":null},"Publicado en: ":{"('0197-D-2008', 0)":"Tr\u00e1mite Parlamentario N\u00b0 2","('0197-D-2008', 1)":null},"Fecha: ":{"('0197-D-2008', 0)":"04\/03\/2008","('0197-D-2008', 1)":null},"T\u00edtulo":{"('0197-D-2008', 0)":"CREACION DEL BOLETO SANITARIO GRATUITO PARA PASAJEROS DE TRANSPORTE PUBLICO QUE POR MOTIVOS DE ENFERMEDADES CRONICAS O TRATAMIENTOS PROLONGADOS DEBAN ASISTIR CUATRO VECES O MAS DURANTE UN A\u00d1O, A INSTITUCIONES, HOSPITALES O CENTROS DE SALUD PUBLICOS (REPRODUCCION DEL EXPEDIENTE 2677-D-06).","('0197-D-2008', 1)":null},"('Firmantes', 'FIRMANTE')":{"('0197-D-2008', 0)":"GORBACZ, LEONARDO ARIEL","('0197-D-2008', 1)":null},"('Firmantes', 'DISTRITO')":{"('0197-D-2008', 0)":"TIERRA DEL FUEGO","('0197-D-2008', 1)":null},"('Firmantes', 'BLOQUE')":{"('0197-D-2008', 0)":"ARI AUTONOMO 8 +","('0197-D-2008', 1)":null},"('Giros', 'COMISI\u00d3N')":{"('0197-D-2008', 0)":"TRANSPORTES","('0197-D-2008', 1)":"ACCION SOCIAL Y SALUD PUBLICA"},"Palabra Clave":{"('0197-D-2008', 0)":" ","('0197-D-2008', 1)":null}}