{"Tipo de Proyecto":{"('0197-OV-2008', 0)":"PROYECTO DE RESOLUCI\u00d3N"},"Iniciado en: ":{"('0197-OV-2008', 0)":"Senado"},"Expediente Senado: ":{"('0197-OV-2008', 0)":"0197-OV-2008"},"Fecha: ":{"('0197-OV-2008', 0)":"16\/06\/2009"},"T\u00edtulo":{"('0197-OV-2008', 0)":"RESOLUCION REMITIDA POR LA AUDITORIA GENERAL DE LA NACION SOBRE UNA AUDITORIA DE LOS ESTADOS FINANCIEROS, DEL CUMPLIMIENTO DE LAS CLAUSULAS CONTRACTUALES, DE LAS SOLICITUDES DE DESEMBOLSO Y DE LA DECLARACION DE PROCEDIMIENTOS DE AUDITORIA CORRESPONDIENTE AL \"PROGRAMA DE REFORMA DEL SECTOR DE AGUA POTABLE Y SANEAMIENTO\" - CONVENIO DE PRESTAMO 4484-AR BIRF, POR EL EJERCICIO FINALIZADO EL 31 DE DICIEMBRE DE 2007, EJECUTADOS POR EL ENTE NACIONAL DE OBRAS HIDRICAS DE SANEAMIENTO (ENOHSA)."},"('Firmantes', 'FIRMANTE')":{"('0197-OV-2008', 0)":"PARLAMENTARIA MIXTA REVISORA DE CUENTAS"},"('Firmantes', 'DISTRITO')":{"('0197-OV-2008', 0)":null},"('Firmantes', 'BLOQUE')":{"('0197-OV-2008', 0)":null},"('Tramites', 'C\u00c1MARA')":{"('0197-OV-2008', 0)":"Senado"},"('Tramites', 'MOVIMIENTO')":{"('0197-OV-2008', 0)":"CONSIDERACION Y APROBACION (AL ARCHIVO)"},"('Tramites', 'FECHA')":{"('0197-OV-2008', 0)":"02\/12\/2009"},"('Tramites', 'RESULTADO')":{"('0197-OV-2008', 0)":"APROBADO"},"Sumario":{"('0197-OV-2008', 0)":"HABIENDO TOMADO CONOCIMIENTO Y SIN PERJUICIO DE ULTERIORES MEDIDAS QUE PUEDAN ADOPTARSE, SE ACONSEJA SU REMISION AL ARCHIVO."},"Palabra Clave":{"('0197-OV-2008', 0)":" "}}