{"Tipo de Proyecto":{"('0198-OV-2008', 0)":"PROYECTO DE RESOLUCI\u00d3N","('0198-OV-2008', 1)":null},"Iniciado en: ":{"('0198-OV-2008', 0)":"Senado","('0198-OV-2008', 1)":null},"Expediente Senado: ":{"('0198-OV-2008', 0)":"0198-OV-2008","('0198-OV-2008', 1)":null},"Fecha: ":{"('0198-OV-2008', 0)":"11\/11\/2008","('0198-OV-2008', 1)":null},"T\u00edtulo":{"('0198-OV-2008', 0)":"RESOLUCION REMITIDA POR LA AUDITORIA GENERAL DE LA NACION SOBRE LOS ESTADOS CONTABLES ANUALES AL 31 DE DICIEMBRE DE 2007, CORRESPONDIENTES A NACION ADMINISTRADORA DE FONDOS DE JUBILACIONES Y PENSIONES SOCIEDAD ANONIMA.","('0198-OV-2008', 1)":null},"('Firmantes', 'FIRMANTE')":{"('0198-OV-2008', 0)":"PARLAMENTARIA MIXTA REVISORA DE CUENTAS","('0198-OV-2008', 1)":null},"('Firmantes', 'DISTRITO')":{"('0198-OV-2008', 0)":null,"('0198-OV-2008', 1)":null},"('Firmantes', 'BLOQUE')":{"('0198-OV-2008', 0)":null,"('0198-OV-2008', 1)":null},"('Tramites', 'C\u00c1MARA')":{"('0198-OV-2008', 0)":"Senado","('0198-OV-2008', 1)":"Senado"},"('Tramites', 'MOVIMIENTO')":{"('0198-OV-2008', 0)":"MOCION DE PREFERENCIA PARA LA PROXIMA SESION (AFIRMATIVA)","('0198-OV-2008', 1)":"CONSIDERACION Y APROBACION (AL ARCHIVO)"},"('Tramites', 'FECHA')":{"('0198-OV-2008', 0)":"11\/11\/2009","('0198-OV-2008', 1)":"18\/11\/2009"},"('Tramites', 'RESULTADO')":{"('0198-OV-2008', 0)":null,"('0198-OV-2008', 1)":"APROBADO"},"Sumario":{"('0198-OV-2008', 0)":"HABIENDO TOMADO CONOCIMIENTO Y SIN PERJUICIO DE ULTERIORES MEDIDAS QUE PUEDAN ADOPTARSE, SE ACONSEJA SU REMISION AL ARCHIVO.","('0198-OV-2008', 1)":null},"Palabra Clave":{"('0198-OV-2008', 0)":" ","('0198-OV-2008', 1)":null}}