{"Tipo de Proyecto":{"('0198-D-2008', 0)":"PROYECTO DE LEY","('0198-D-2008', 1)":null},"Iniciado en: ":{"('0198-D-2008', 0)":"Diputados","('0198-D-2008', 1)":null},"Expediente Diputados: ":{"('0198-D-2008', 0)":"0198-D-2008","('0198-D-2008', 1)":null},"Publicado en: ":{"('0198-D-2008', 0)":"Tr\u00e1mite Parlamentario N\u00b0 2","('0198-D-2008', 1)":null},"Fecha: ":{"('0198-D-2008', 0)":"04\/03\/2008","('0198-D-2008', 1)":null},"T\u00edtulo":{"('0198-D-2008', 0)":"GRATUIDAD DEL TRANSPORTE PUBLICO PARA LOS DISCAPACITADOS: DEROGACION DEL ARTICULO 4  DEL DECRETO 118\/06, QUE LIMITA EL EJERCICIO DEL DERECHO ESTABLECIDO POR LA LEY 25504 (REPRODUCCION DEL EXPEDIENTE 2723-D-06).","('0198-D-2008', 1)":null},"('Firmantes', 'FIRMANTE')":{"('0198-D-2008', 0)":"GORBACZ, LEONARDO ARIEL","('0198-D-2008', 1)":null},"('Firmantes', 'DISTRITO')":{"('0198-D-2008', 0)":"TIERRA DEL FUEGO","('0198-D-2008', 1)":null},"('Firmantes', 'BLOQUE')":{"('0198-D-2008', 0)":"ARI AUTONOMO 8 +","('0198-D-2008', 1)":null},"('Giros', 'COMISI\u00d3N')":{"('0198-D-2008', 0)":"DISCAPACIDAD","('0198-D-2008', 1)":"TRANSPORTES"},"Palabra Clave":{"('0198-D-2008', 0)":" ","('0198-D-2008', 1)":null}}