{"Tipo de Proyecto":{"('0198-S-2008', 0)":"PROYECTO DE LEY"},"Iniciado en: ":{"('0198-S-2008', 0)":"Senado"},"Expediente Senado: ":{"('0198-S-2008', 0)":"0198-S-2008"},"Publicado en: ":{"('0198-S-2008', 0)":"Diario de Asuntos Entrados N\u00b0 8"},"Fecha: ":{"('0198-S-2008', 0)":"05\/03\/2008"},"T\u00edtulo":{"('0198-S-2008', 0)":"MODIFICACION DE LOS ARTICULOS 1078 Y 1085 DEL CODIGO CIVIL, SOBRE INDEMNIZACION DEL DA\u00d1O MORAL (REPRODUCCION DEL EXPEDIENTE 3655-S-05)."},"('Firmantes', 'FIRMANTE')":{"('0198-S-2008', 0)":"GUINLE, MARCELO ALEJANDRO"},"('Firmantes', 'DISTRITO')":{"('0198-S-2008', 0)":"CHUBUT"},"('Firmantes', 'BLOQUE')":{"('0198-S-2008', 0)":"FRENTE PARA LA VICTORIA - PJ"},"('Tramites', 'C\u00c1MARA')":{"('0198-S-2008', 0)":"Senado"},"('Tramites', 'MOVIMIENTO')":{"('0198-S-2008', 0)":"REPRODUCIDO POR EXPEDIENTE 0244-S-10"},"('Tramites', 'FECHA')":{"('0198-S-2008', 0)":null},"('Tramites', 'RESULTADO')":{"('0198-S-2008', 0)":null},"Link":{"('0198-S-2008', 0)":"http:\/\/www.senado.gov.ar\/parlamentario\/comisiones\/verExp\/198.08\/S\/PL"},"Palabra Clave":{"('0198-S-2008', 0)":" "}}