{"Tipo de Proyecto":{"('0199-S-2008', 0)":"PROYECTO DE DECLARACI\u00d3N","('0199-S-2008', 1)":null},"Iniciado en: ":{"('0199-S-2008', 0)":"Senado","('0199-S-2008', 1)":null},"Expediente Senado: ":{"('0199-S-2008', 0)":"0199-S-2008","('0199-S-2008', 1)":null},"Publicado en: ":{"('0199-S-2008', 0)":"Diario de Asuntos Entrados N\u00b0 8","('0199-S-2008', 1)":null},"Fecha: ":{"('0199-S-2008', 0)":"05\/03\/2008","('0199-S-2008', 1)":null},"T\u00edtulo":{"('0199-S-2008', 0)":"EXPRESAR ADHESION A LA CONMEMORACION DEL DIA INTERNACIONAL DE LA MUJER , A CELEBRARSE EL 8 DE MARZO .","('0199-S-2008', 1)":null},"('Firmantes', 'FIRMANTE')":{"('0199-S-2008', 0)":"URQUIA, ROBERTO DANIEL","('0199-S-2008', 1)":null},"('Firmantes', 'DISTRITO')":{"('0199-S-2008', 0)":"CORDOBA","('0199-S-2008', 1)":null},"('Firmantes', 'BLOQUE')":{"('0199-S-2008', 0)":"FRENTE PARA LA VICTORIA - PJ","('0199-S-2008', 1)":null},"('Tramites', 'C\u00c1MARA')":{"('0199-S-2008', 0)":"Senado","('0199-S-2008', 1)":"Senado"},"('Tramites', 'MOVIMIENTO')":{"('0199-S-2008', 0)":"MOCION SOBRE TABLAS (AFIRMATIVA) CONJUNTAMENTE PARA LOS EXPEDIENTES 3739-S-2007, 3760-S-2007, 3784-S-2007, 3804-S-2007, 3810-S-2007, 3811-S-2007, 0019-S-2008, 0030-S-2008, 0086-S-2008, 0097-S-2008, 0141-S-2008, 0142-S-2008, 0144-S-2008, 0148-S-2008, 0199-S-2008, 0201-S-2008, 0254-S-2008 y 3794-S-2008","('0199-S-2008', 1)":"CONSIDERACION Y APROBACION CONJUNTAMENTE PARA LOS EXPEDIENTES 3739-S-2007, 3760-S-2007, 3784-S-2007, 3804-S-2007, 3810-S-2007, 3811-S-2007, 0019-S-2008, 0030-S-2008, 0086-S-2008, 0097-S-2008, 0141-S-2008, 0142-S-2008, 0144-S-2008, 0148-S-2008, 0199-S-2008, 0201-S-2008, 0254-S-2008 y 3794-S-2008"},"('Tramites', 'FECHA')":{"('0199-S-2008', 0)":"12\/03\/2008","('0199-S-2008', 1)":"12\/03\/2008"},"('Tramites', 'RESULTADO')":{"('0199-S-2008', 0)":null,"('0199-S-2008', 1)":"APROBADO"},"Link":{"('0199-S-2008', 0)":"http:\/\/www.senado.gov.ar\/parlamentario\/comisiones\/verExp\/199.08\/S\/PD","('0199-S-2008', 1)":null},"Palabra Clave":{"('0199-S-2008', 0)":" ","('0199-S-2008', 1)":null}}