{"Tipo de Proyecto":{"('0200-D-2008', 0)":"PROYECTO DE LEY","('0200-D-2008', 1)":null,"('0200-D-2008', 2)":null},"Iniciado en: ":{"('0200-D-2008', 0)":"Diputados","('0200-D-2008', 1)":null,"('0200-D-2008', 2)":null},"Expediente Diputados: ":{"('0200-D-2008', 0)":"0200-D-2008","('0200-D-2008', 1)":null,"('0200-D-2008', 2)":null},"Publicado en: ":{"('0200-D-2008', 0)":"Tr\u00e1mite Parlamentario N\u00b0 2","('0200-D-2008', 1)":null,"('0200-D-2008', 2)":null},"Fecha: ":{"('0200-D-2008', 0)":"04\/03\/2008","('0200-D-2008', 1)":null,"('0200-D-2008', 2)":null},"T\u00edtulo":{"('0200-D-2008', 0)":"CREACION DE LA OFICINA DE INFORMACION Y PROTECCION DE LOS DERECHOS DE LOS USUARIOS DEL SERVICIO DE TRANSPORTE PUBLICO AEROCOMERCIAL (REPRODUCCION DEL EXPEDIENTE 7346-D-06).","('0200-D-2008', 1)":null,"('0200-D-2008', 2)":null},"('Firmantes', 'FIRMANTE')":{"('0200-D-2008', 0)":"GORBACZ, LEONARDO ARIEL","('0200-D-2008', 1)":null,"('0200-D-2008', 2)":null},"('Firmantes', 'DISTRITO')":{"('0200-D-2008', 0)":"TIERRA DEL FUEGO","('0200-D-2008', 1)":null,"('0200-D-2008', 2)":null},"('Firmantes', 'BLOQUE')":{"('0200-D-2008', 0)":"ARI AUTONOMO 8 +","('0200-D-2008', 1)":null,"('0200-D-2008', 2)":null},"('Giros', 'COMISI\u00d3N')":{"('0200-D-2008', 0)":"TRANSPORTES","('0200-D-2008', 1)":"DEFENSA DEL CONSUMIDOR","('0200-D-2008', 2)":"PRESUPUESTO Y HACIENDA"},"Palabra Clave":{"('0200-D-2008', 0)":" ","('0200-D-2008', 1)":null,"('0200-D-2008', 2)":null}}