{"Tipo de Proyecto":{"('0201-D-2008', 0)":"PROYECTO DE LEY","('0201-D-2008', 1)":null},"Iniciado en: ":{"('0201-D-2008', 0)":"Diputados","('0201-D-2008', 1)":null},"Expediente Diputados: ":{"('0201-D-2008', 0)":"0201-D-2008","('0201-D-2008', 1)":null},"Publicado en: ":{"('0201-D-2008', 0)":"Tr\u00e1mite Parlamentario N\u00b0 2","('0201-D-2008', 1)":null},"Fecha: ":{"('0201-D-2008', 0)":"04\/03\/2008","('0201-D-2008', 1)":null},"T\u00edtulo":{"('0201-D-2008', 0)":"LEY DE COORDINADORES Y PROMOTORES DE VIAJES DE TURISMO.","('0201-D-2008', 1)":null},"('Firmantes', 'FIRMANTE')":{"('0201-D-2008', 0)":"NAIM, LIDIA LUCIA","('0201-D-2008', 1)":"RAIMUNDI, CARLOS"},"('Firmantes', 'DISTRITO')":{"('0201-D-2008', 0)":"BUENOS AIRES","('0201-D-2008', 1)":"BUENOS AIRES"},"('Firmantes', 'BLOQUE')":{"('0201-D-2008', 0)":"ARI AUTONOMO 8 +","('0201-D-2008', 1)":"ARI AUTONOMO 8 +"},"('Giros', 'COMISI\u00d3N')":{"('0201-D-2008', 0)":"TURISMO","('0201-D-2008', 1)":"COMERCIO"},"Sumario":{"('0201-D-2008', 0)":"REQUISITOS; COMISIONES; CREACION DEL REGISTRO NACIONAL DE COORDINADORES Y PROMOTORES DE TURISMO; INHABILITACION; DEBERES Y OBLIGACIONES.","('0201-D-2008', 1)":null},"Palabra Clave":{"('0201-D-2008', 0)":" ","('0201-D-2008', 1)":null}}