{"Tipo de Proyecto":{"('0203-D-2008', 0)":"PROYECTO DE LEY","('0203-D-2008', 1)":null},"Iniciado en: ":{"('0203-D-2008', 0)":"Diputados","('0203-D-2008', 1)":null},"Expediente Diputados: ":{"('0203-D-2008', 0)":"0203-D-2008","('0203-D-2008', 1)":null},"Publicado en: ":{"('0203-D-2008', 0)":"Tr\u00e1mite Parlamentario N\u00b0 2","('0203-D-2008', 1)":null},"Fecha: ":{"('0203-D-2008', 0)":"04\/03\/2008","('0203-D-2008', 1)":null},"T\u00edtulo":{"('0203-D-2008', 0)":"REGIMEN PENAL Y PROCESAL PENAL ESPECIAL PARA NI\u00d1OS Y ADOLESCENTES (REPRODUCCION DEL EXPEDIENTE 1290-D-06).","('0203-D-2008', 1)":null},"('Firmantes', 'FIRMANTE')":{"('0203-D-2008', 0)":"COMELLI, ALICIA MARCELA","('0203-D-2008', 1)":null},"('Firmantes', 'DISTRITO')":{"('0203-D-2008', 0)":"NEUQUEN","('0203-D-2008', 1)":null},"('Firmantes', 'BLOQUE')":{"('0203-D-2008', 0)":"MOV POP NEUQUINO","('0203-D-2008', 1)":null},"('Giros', 'COMISI\u00d3N')":{"('0203-D-2008', 0)":"LEGISLACION PENAL","('0203-D-2008', 1)":"FAMILIA, MUJER, NI\u00d1EZ Y ADOLESCENCIA"},"Sumario":{"('0203-D-2008', 0)":"LIMITE A LA PUNIBILIDAD: SE APLICARA A TODA PERSONA QUE SEA MENOR DE DIECIOCHO (18) A\u00d1OS Y MAYOR DE DIECISEIS (16) A\u00d1OS AL MOMENTO DE ATRIBUIRSELE UN DELITO; NORMAS ESPECIALES DEL PROCESO; MEDIDAS CAUTELARES PROCESALES PENALES; REGIMEN ESPECIAL DE PENAS; DEROGACION DE LOS ARTICULOS 410, 411, 412, 413 Y 414 DEL DEL CODIGO PROCESAL PENAL DE LA NACION (LEY 23984 Y MODIFICATORIAS).","('0203-D-2008', 1)":null},"Palabra Clave":{"('0203-D-2008', 0)":" ","('0203-D-2008', 1)":null}}