{"Tipo de Proyecto":{"('0203-S-2008', 0)":"PROYECTO DE LEY"},"Iniciado en: ":{"('0203-S-2008', 0)":"Senado"},"Expediente Senado: ":{"('0203-S-2008', 0)":"0203-S-2008"},"Publicado en: ":{"('0203-S-2008', 0)":"Diario de Asuntos Entrados N\u00b0 9"},"Fecha: ":{"('0203-S-2008', 0)":"06\/03\/2008"},"T\u00edtulo":{"('0203-S-2008', 0)":"INCORPORACION DEL ARTICULO 19 BIS A LA LEY 20655 DE PROMOCION Y DESARROLLO DEL DEPORTE, INCORPORACION DE UN 30 % DE MUJERES EN LA INTEGRACION DE LAS ENTIDADES REPRESENTATIVAS NACIONALES (REPRODUCCION DEL EXPEDIENTE 1938-S-06)."},"('Firmantes', 'FIRMANTE')":{"('0203-S-2008', 0)":"MAZA, ADA MERCEDES"},"('Firmantes', 'DISTRITO')":{"('0203-S-2008', 0)":"LA RIOJA"},"('Firmantes', 'BLOQUE')":{"('0203-S-2008', 0)":"FRENTE PARA LA VICTORIA - PJ"},"Link":{"('0203-S-2008', 0)":"http:\/\/www.senado.gov.ar\/parlamentario\/comisiones\/verExp\/203.08\/S\/PL"},"Palabra Clave":{"('0203-S-2008', 0)":" "}}