{"Tipo de Proyecto":{"('0205-S-2008', 0)":"PROYECTO DE LEY"},"Iniciado en: ":{"('0205-S-2008', 0)":"Senado"},"Expediente Senado: ":{"('0205-S-2008', 0)":"0205-S-2008"},"Publicado en: ":{"('0205-S-2008', 0)":"Diario de Asuntos Entrados N\u00b0 9"},"Fecha: ":{"('0205-S-2008', 0)":"06\/03\/2008"},"T\u00edtulo":{"('0205-S-2008', 0)":"MODIFICACION DEL ESTATUTO DEL DOCENTE EN RELACION A LAS CAUSAS DE INHABILITACION PARA EL INGRESO O REINGRESO A LA DOCENCIA (REPRODUCCION DEL EXPEDIENTE 3738-S-06)."},"('Firmantes', 'FIRMANTE')":{"('0205-S-2008', 0)":"MAZA, ADA MERCEDES"},"('Firmantes', 'DISTRITO')":{"('0205-S-2008', 0)":"LA RIOJA"},"('Firmantes', 'BLOQUE')":{"('0205-S-2008', 0)":"FRENTE PARA LA VICTORIA - PJ"},"Sumario":{"('0205-S-2008', 0)":"CAUSAS DE INHABILITACION; PRESENTACION DE UN CERTIFICADO DE REINCIDENCIA, EXPEDIDO POR EL REGISTRO NACIONAL DE REINCIDENCIA; ESTADO DE SALUD DEL DOCENTE: CONTROLES ESPECIFICOS; INVITACION A LOS GOBIERNOS PROVINCIALES Y A LA CIUDAD AUTONOMA DE BUENOS AIRES A INCLUIR ESTAS EXIGENCIAS EN SUS RESPECTIVAS NORMATIVAS Y REGLAMENTACIONES."},"Palabra Clave":{"('0205-S-2008', 0)":" "}}