{"Tipo de Proyecto":{"('0205-D-2008', 0)":"PROYECTO DE LEY","('0205-D-2008', 1)":null},"Iniciado en: ":{"('0205-D-2008', 0)":"Diputados","('0205-D-2008', 1)":null},"Expediente Diputados: ":{"('0205-D-2008', 0)":"0205-D-2008","('0205-D-2008', 1)":null},"Publicado en: ":{"('0205-D-2008', 0)":"Tr\u00e1mite Parlamentario N\u00b0 2","('0205-D-2008', 1)":null},"Fecha: ":{"('0205-D-2008', 0)":"04\/03\/2008","('0205-D-2008', 1)":null},"T\u00edtulo":{"('0205-D-2008', 0)":"MODIFICACION DE LA LEY 17319, MARCO REGULATORIO DE LA FEDERALIZACION DE HIDROCARBUROS Y TRANSFERENCIA A LAS PROVINCIAS DEL DOMINIO Y JURISDICCION DE LOS YACIMIENTOS (REPRODUCCION DEL EXPEDIENTE 2564-D-06).","('0205-D-2008', 1)":null},"('Firmantes', 'FIRMANTE')":{"('0205-D-2008', 0)":"COMELLI, ALICIA MARCELA","('0205-D-2008', 1)":null},"('Firmantes', 'DISTRITO')":{"('0205-D-2008', 0)":"NEUQUEN","('0205-D-2008', 1)":null},"('Firmantes', 'BLOQUE')":{"('0205-D-2008', 0)":"MOV POP NEUQUINO","('0205-D-2008', 1)":null},"('Giros', 'COMISI\u00d3N')":{"('0205-D-2008', 0)":"ENERGIA Y COMBUSTIBLES","('0205-D-2008', 1)":"PRESUPUESTO Y HACIENDA"},"Sumario":{"('0205-D-2008', 0)":"MODIFICACION DE LOS ARTICULOS 1, 2, 5, 18, 19, 21, 38, 56, 61, 66, 69 INCISO E), 97 Y 100 DE LA LEY 17319; SUSTITUCION DE TERMINOS EN EL ARTICULADO DE LA LEY; INCORPORACION DE ARTICULO 156 BIS; DEROGACION DE LOS ARTICULOS 12, 13, 59, 62, 63, 91, 96, 99 Y 103; DISPOSICIONES COMPLEMENTARIAS; DISPOSICIONES ORGANICAS: CREACION DEL CONSEJO FEDERAL DE PROVINCIAS PRODUCTORAS DE HIDROCARBUROS (COFEPHI); RATIFICACION DE LOS DECRETOS 1055\/89, 1212\/89, 1589\/89 Y 546\/03","('0205-D-2008', 1)":null},"Palabra Clave":{"('0205-D-2008', 0)":" ","('0205-D-2008', 1)":null}}