{"Tipo de Proyecto":{"('0206-S-2008', 0)":"PROYECTO DE DECLARACI\u00d3N"},"Iniciado en: ":{"('0206-S-2008', 0)":"Senado"},"Expediente Senado: ":{"('0206-S-2008', 0)":"0206-S-2008"},"Publicado en: ":{"('0206-S-2008', 0)":"Diario de Asuntos Entrados N\u00b0 9"},"Fecha: ":{"('0206-S-2008', 0)":"06\/03\/2008"},"T\u00edtulo":{"('0206-S-2008', 0)":"ADHERIR A LA CONMEMORACION DEL 195 ANIVERSARIO DE LA BATALLA DE SALTA."},"('Firmantes', 'FIRMANTE')":{"('0206-S-2008', 0)":"PEREZ ALSINA, JUAN AGUSTIN"},"('Firmantes', 'DISTRITO')":{"('0206-S-2008', 0)":"SALTA"},"('Firmantes', 'BLOQUE')":{"('0206-S-2008', 0)":"RENOVADOR DE SALTA"},"('Tramites', 'C\u00c1MARA')":{"('0206-S-2008', 0)":"Senado"},"('Tramites', 'MOVIMIENTO')":{"('0206-S-2008', 0)":"CONSIDERACION Y APROBACION"},"('Tramites', 'FECHA')":{"('0206-S-2008', 0)":"14\/05\/2008"},"('Tramites', 'RESULTADO')":{"('0206-S-2008', 0)":"APROBADO"},"Link":{"('0206-S-2008', 0)":"http:\/\/www.senado.gov.ar\/parlamentario\/comisiones\/verExp\/206.08\/S\/PD"},"Palabra Clave":{"('0206-S-2008', 0)":" "}}