{"Tipo de Proyecto":{"('0206-D-2008', 0)":"PROYECTO DE LEY","('0206-D-2008', 1)":null},"Iniciado en: ":{"('0206-D-2008', 0)":"Diputados","('0206-D-2008', 1)":null},"Expediente Diputados: ":{"('0206-D-2008', 0)":"0206-D-2008","('0206-D-2008', 1)":null},"Publicado en: ":{"('0206-D-2008', 0)":"Tr\u00e1mite Parlamentario N\u00b0 2","('0206-D-2008', 1)":null},"Fecha: ":{"('0206-D-2008', 0)":"04\/03\/2008","('0206-D-2008', 1)":null},"T\u00edtulo":{"('0206-D-2008', 0)":"CREACION DEL REGISTRO NACIONAL DE ORDENES DE CAPTURA - RENOC - DENTRO DEL MINISTERIO DEL INTERIOR (REPRODUCCION DEL EXPEDIENTE 3272-D-06).","('0206-D-2008', 1)":null},"('Firmantes', 'FIRMANTE')":{"('0206-D-2008', 0)":"COMELLI, ALICIA MARCELA","('0206-D-2008', 1)":null},"('Firmantes', 'DISTRITO')":{"('0206-D-2008', 0)":"NEUQUEN","('0206-D-2008', 1)":null},"('Firmantes', 'BLOQUE')":{"('0206-D-2008', 0)":"MOV POP NEUQUINO","('0206-D-2008', 1)":null},"('Giros', 'COMISI\u00d3N')":{"('0206-D-2008', 0)":"LEGISLACION PENAL","('0206-D-2008', 1)":"SEGURIDAD INTERIOR"},"('Tramites', 'C\u00c1MARA')":{"('0206-D-2008', 0)":"Diputados","('0206-D-2008', 1)":"Diputados"},"('Tramites', 'MOVIMIENTO')":{"('0206-D-2008', 0)":"MOCION DE PREFERENCIA PARA LA PROXIMA SESION CON DICTAMEN (AFIRMATIVA)","('0206-D-2008', 1)":"MOCION DE PREFERENCIA PARA LA PROXIMA SESION CON DICTAMEN (AFIRMATIVA)"},"('Tramites', 'FECHA')":{"('0206-D-2008', 0)":"27\/08\/2008","('0206-D-2008', 1)":"03\/09\/2008"},"('Tramites', 'RESULTADO')":{"('0206-D-2008', 0)":null,"('0206-D-2008', 1)":null},"Sumario":{"('0206-D-2008', 0)":"FUNCIONES; ORDENES; OBLIGACIONES DE LA SUBSECRETARIA DE SEGURIDAD INTERIOR.","('0206-D-2008', 1)":null},"Palabra Clave":{"('0206-D-2008', 0)":" ","('0206-D-2008', 1)":null}}