{"Tipo de Proyecto":{"('0207-PE-2008', 0)":"MENSAJE NRO: 1246\/08","('0207-PE-2008', 1)":null},"Iniciado en: ":{"('0207-PE-2008', 0)":"Senado","('0207-PE-2008', 1)":null},"Expediente Senado: ":{"('0207-PE-2008', 0)":"0207-PE-2008","('0207-PE-2008', 1)":null},"Publicado en: ":{"('0207-PE-2008', 0)":"DAE S.A. N\u00b0 11","('0207-PE-2008', 1)":null},"Fecha: ":{"('0207-PE-2008', 0)":"04\/08\/2008","('0207-PE-2008', 1)":null},"T\u00edtulo":{"('0207-PE-2008', 0)":"SOLICITA ACUERDO PARA PROMOVER A FUNCIONARIO DE LA CATEGORIA \"C\" MINISTRO PLENIPOTENCIARIO DE SEGUNDA CLASE AL ACTUAL FUNCIONARIO DE LA CATEGORIA \"D\" CONSEJERO DE EMBAJADA Y CONSUL GENERAL JOSE MARIA ALLER.","('0207-PE-2008', 1)":null},"('Firmantes', 'FIRMANTE')":{"('0207-PE-2008', 0)":"FERNANDEZ DE KIRCHNER, CRISTINA","('0207-PE-2008', 1)":"TAIANA, JORGE ENRIQUE"},"('Firmantes', 'DISTRITO')":{"('0207-PE-2008', 0)":null,"('0207-PE-2008', 1)":null},"('Firmantes', 'BLOQUE')":{"('0207-PE-2008', 0)":"PODER EJECUTIVO","('0207-PE-2008', 1)":"PODER EJECUTIVO"},"('Tramites', 'C\u00c1MARA')":{"('0207-PE-2008', 0)":"Senado","('0207-PE-2008', 1)":"Senado"},"('Tramites', 'MOVIMIENTO')":{"('0207-PE-2008', 0)":"MOCION SOBRE TABLAS (AFIRMATIVA)","('0207-PE-2008', 1)":"CONSIDERACION Y APROBACION"},"('Tramites', 'FECHA')":{"('0207-PE-2008', 0)":"01\/10\/2008","('0207-PE-2008', 1)":"01\/10\/2008"},"('Tramites', 'RESULTADO')":{"('0207-PE-2008', 0)":null,"('0207-PE-2008', 1)":"APROBADO"},"Palabra Clave":{"('0207-PE-2008', 0)":" ","('0207-PE-2008', 1)":null}}