{"Tipo de Proyecto":{"('0207-D-2008', 0)":"PROYECTO DE LEY"},"Iniciado en: ":{"('0207-D-2008', 0)":"Diputados"},"Expediente Diputados: ":{"('0207-D-2008', 0)":"0207-D-2008"},"Publicado en: ":{"('0207-D-2008', 0)":"Tr\u00e1mite Parlamentario N\u00b0 2"},"Fecha: ":{"('0207-D-2008', 0)":"04\/03\/2008"},"T\u00edtulo":{"('0207-D-2008', 0)":"REGIMEN DE LA ACCION DE \"HABEAS NORMA\", CON EL OBJETO DE PROTEGER LOS DERECHOS CONSTITUCIONALES O LEGALES QUE NO PUEDAN SER EJERCIDOS POR FALTA DE UNA NORMA REGLAMENTARIA QUE LO TORNE OPERATIVO (REPRODUCCION DEL EXPEDIENTE 6772-D-06)."},"('Firmantes', 'FIRMANTE')":{"('0207-D-2008', 0)":"COMELLI, ALICIA MARCELA"},"('Firmantes', 'DISTRITO')":{"('0207-D-2008', 0)":"NEUQUEN"},"('Firmantes', 'BLOQUE')":{"('0207-D-2008', 0)":"MOV POP NEUQUINO"},"('Giros', 'COMISI\u00d3N')":{"('0207-D-2008', 0)":"JUSTICIA"},"('Tramites', 'C\u00c1MARA')":{"('0207-D-2008', 0)":"Diputados"},"('Tramites', 'MOVIMIENTO')":{"('0207-D-2008', 0)":"REPRODUCIDO POR EXPEDIENTE 0043-D-10"},"('Tramites', 'FECHA')":{"('0207-D-2008', 0)":null},"('Tramites', 'RESULTADO')":{"('0207-D-2008', 0)":null},"Palabra Clave":{"('0207-D-2008', 0)":" "}}