{"Tipo de Proyecto":{"('0208-PE-2008', 0)":"MENSAJE NRO: 1247\/08","('0208-PE-2008', 1)":null},"Iniciado en: ":{"('0208-PE-2008', 0)":"Senado","('0208-PE-2008', 1)":null},"Expediente Senado: ":{"('0208-PE-2008', 0)":"0208-PE-2008","('0208-PE-2008', 1)":null},"Publicado en: ":{"('0208-PE-2008', 0)":"DAE S.A. N\u00b0 11","('0208-PE-2008', 1)":null},"Fecha: ":{"('0208-PE-2008', 0)":"04\/08\/2008","('0208-PE-2008', 1)":null},"T\u00edtulo":{"('0208-PE-2008', 0)":"SOLICITA ACUERDO PARA PROMOVER A FUNCIONARIA DE LA CATEGORIA \"C\" MINISTRA PLENIPOTENCIARIA DE SEGUNDA CLASE A LA ACTUAL FUNCIONARIA DE LA CATEGORIA \"D\" CONSEJERA DE EMBAJADA Y CONSUL GENERAL MARTA VICTORIA DE JONG.","('0208-PE-2008', 1)":null},"('Firmantes', 'FIRMANTE')":{"('0208-PE-2008', 0)":"FERNANDEZ DE KIRCHNER, CRISTINA","('0208-PE-2008', 1)":"TAIANA, JORGE ENRIQUE"},"('Firmantes', 'DISTRITO')":{"('0208-PE-2008', 0)":null,"('0208-PE-2008', 1)":null},"('Firmantes', 'BLOQUE')":{"('0208-PE-2008', 0)":"PODER EJECUTIVO","('0208-PE-2008', 1)":"PODER EJECUTIVO"},"('Tramites', 'C\u00c1MARA')":{"('0208-PE-2008', 0)":"Senado","('0208-PE-2008', 1)":"Senado"},"('Tramites', 'MOVIMIENTO')":{"('0208-PE-2008', 0)":"MOCION SOBRE TABLAS (AFIRMATIVA)","('0208-PE-2008', 1)":"CONSIDERACION Y APROBACION"},"('Tramites', 'FECHA')":{"('0208-PE-2008', 0)":"10\/09\/2008","('0208-PE-2008', 1)":"10\/09\/2008"},"('Tramites', 'RESULTADO')":{"('0208-PE-2008', 0)":null,"('0208-PE-2008', 1)":"APROBADO"},"Palabra Clave":{"('0208-PE-2008', 0)":" ","('0208-PE-2008', 1)":null}}