{"Tipo de Proyecto":{"('0208-D-2008', 0)":"PROYECTO DE LEY","('0208-D-2008', 1)":null},"Iniciado en: ":{"('0208-D-2008', 0)":"Diputados","('0208-D-2008', 1)":null},"Expediente Diputados: ":{"('0208-D-2008', 0)":"0208-D-2008","('0208-D-2008', 1)":null},"Publicado en: ":{"('0208-D-2008', 0)":"Tr\u00e1mite Parlamentario N\u00b0 2","('0208-D-2008', 1)":null},"Fecha: ":{"('0208-D-2008', 0)":"04\/03\/2008","('0208-D-2008', 1)":null},"T\u00edtulo":{"('0208-D-2008', 0)":"DECLARAR POR EL TERMINO DE 1 A\u00d1O EL ESTADO DE EMERGENCIA EN SEGURIDAD VIAL: MODIFICACION DE LOS ARTICULO 6 Y 8 DE LA LEY 24449 DE TRANSITO (REPRODUCCION DEL EXPEDIENTE 6792-D-06).","('0208-D-2008', 1)":null},"('Firmantes', 'FIRMANTE')":{"('0208-D-2008', 0)":"COMELLI, ALICIA MARCELA","('0208-D-2008', 1)":null},"('Firmantes', 'DISTRITO')":{"('0208-D-2008', 0)":"NEUQUEN","('0208-D-2008', 1)":null},"('Firmantes', 'BLOQUE')":{"('0208-D-2008', 0)":"MOV POP NEUQUINO","('0208-D-2008', 1)":null},"('Giros', 'COMISI\u00d3N')":{"('0208-D-2008', 0)":"TRANSPORTES","('0208-D-2008', 1)":"SEGURIDAD INTERIOR"},"('Tramites', 'C\u00c1MARA')":{"('0208-D-2008', 0)":"Diputados","('0208-D-2008', 1)":null},"('Tramites', 'MOVIMIENTO')":{"('0208-D-2008', 0)":"MOCION DE PREFERENCIA PARA LA PROXIMA SESION CON DICTAMEN (AFIRMATIVA)","('0208-D-2008', 1)":null},"('Tramites', 'FECHA')":{"('0208-D-2008', 0)":"12\/03\/2008","('0208-D-2008', 1)":null},"('Tramites', 'RESULTADO')":{"('0208-D-2008', 0)":null,"('0208-D-2008', 1)":null},"Sumario":{"('0208-D-2008', 0)":"CONVOCAR DE MANERA EXTRAORDINARIA A SESION PERMANENTE AL CONSEJO FEDERAL DE SEGURIDAD VIAL","('0208-D-2008', 1)":null},"Palabra Clave":{"('0208-D-2008', 0)":" ","('0208-D-2008', 1)":null}}