{"Tipo de Proyecto":{"('0001-S-2006', 0)":"PROYECTO DE LEY","('0001-S-2006', 1)":null,"('0001-S-2006', 2)":null},"Iniciado en: ":{"('0001-S-2006', 0)":"Senado","('0001-S-2006', 1)":null,"('0001-S-2006', 2)":null},"Expediente Senado: ":{"('0001-S-2006', 0)":"0001-S-2006","('0001-S-2006', 1)":null,"('0001-S-2006', 2)":null},"Publicado en: ":{"('0001-S-2006', 0)":"Diario de Asuntos Entrados N\u00b0 1","('0001-S-2006', 1)":null,"('0001-S-2006', 2)":null},"Fecha: ":{"('0001-S-2006', 0)":"01\/03\/2006","('0001-S-2006', 1)":null,"('0001-S-2006', 2)":null},"T\u00edtulo":{"('0001-S-2006', 0)":"REGIMEN PROMOCIONAL PARA LA INVESTIGACION, DESARROLLO, GENERACION Y USO DE BIOCOMBUSTIBLES E INDUSTRIA QUIMICA DERIVADA EN EL TERRITORIO DE LA NACION.","('0001-S-2006', 1)":null,"('0001-S-2006', 2)":null},"('Firmantes', 'FIRMANTE')":{"('0001-S-2006', 0)":"FALCO, LUIS ALBERTO","('0001-S-2006', 1)":null,"('0001-S-2006', 2)":null},"('Firmantes', 'DISTRITO')":{"('0001-S-2006', 0)":"RIO NEGRO","('0001-S-2006', 1)":null,"('0001-S-2006', 2)":null},"('Firmantes', 'BLOQUE')":{"('0001-S-2006', 0)":"RADICAL RIONEGRINO","('0001-S-2006', 1)":null,"('0001-S-2006', 2)":null},"('Tramites', 'C\u00c1MARA')":{"('0001-S-2006', 0)":"Senado","('0001-S-2006', 1)":"Senado","('0001-S-2006', 2)":"Senado"},"('Tramites', 'MOVIMIENTO')":{"('0001-S-2006', 0)":"SOLICITUD DEL AUTOR DE RETIRO DEL PROYECTO","('0001-S-2006', 1)":"MOCION SOBRE TABLAS (AFIRMATIVA)","('0001-S-2006', 2)":"CONSIDERACION Y APROBACION DE RETIRO DEL PROYECTO"},"('Tramites', 'FECHA')":{"('0001-S-2006', 0)":"06\/07\/2006","('0001-S-2006', 1)":"06\/07\/2006","('0001-S-2006', 2)":"06\/07\/2006"},"('Tramites', 'RESULTADO')":{"('0001-S-2006', 0)":null,"('0001-S-2006', 1)":null,"('0001-S-2006', 2)":"RETIRADO"},"Sumario":{"('0001-S-2006', 0)":"AUTORIDAD DE APLICACION: COMISION NACIONAL DE BIOCOMBUSTIBLES; FUNCIONES DE LA AUTORIDAD DE APLICACION; BENEFICIOS; ESTABILIDAD FISCAL; EXENCIONES; PROVISION Y PRODUCCION DE MATERIAL PRIMAS (ETANOL Y BIODIESEL);  PROYECTOS.","('0001-S-2006', 1)":null,"('0001-S-2006', 2)":null},"Palabra Clave":{"('0001-S-2006', 0)":" ","('0001-S-2006', 1)":null,"('0001-S-2006', 2)":null}}