{"Tipo de Proyecto":{"('0003-S-2006', 0)":"PROYECTO DE LEY"},"Iniciado en: ":{"('0003-S-2006', 0)":"Senado"},"Expediente Senado: ":{"('0003-S-2006', 0)":"0003-S-2006"},"Publicado en: ":{"('0003-S-2006', 0)":"Diario de Asuntos Entrados N\u00b0 1"},"Fecha: ":{"('0003-S-2006', 0)":"01\/03\/2006"},"T\u00edtulo":{"('0003-S-2006', 0)":"INCORPORAR A LA 'GYMNOCHARACINUS BERGI' (MOJARRA DESNUDA) A LA CALIFICACION ESTABLECIDA EN EL ARTICULO 8 (MONUMENTO NATURAL) DE LA LEY 22351 (PARQUES NACIONALES, RESERVAS NACIONALES, MONUMENTOS NATURALES), DECLARADA ESPECIE VULNERABLE POR LA UNION INTERNACIONAL PARA LA CONSERVACION DE LA NATURALEZA."},"('Firmantes', 'FIRMANTE')":{"('0003-S-2006', 0)":"FALCO, LUIS ALBERTO"},"('Firmantes', 'DISTRITO')":{"('0003-S-2006', 0)":"RIO NEGRO"},"('Firmantes', 'BLOQUE')":{"('0003-S-2006', 0)":"RADICAL RIONEGRINO"},"Sumario":{"('0003-S-2006', 0)":"ENCOMENDAR A LA ADMINISTRACION DE PARQUES NACIONALES COMPATIBILIZAR CON LA DIRECCION NACIONAL DE RECURSOS NATURALES Y CONSERVACION DE LA BIODIVERSIDAD DE LA NACION EL PLAN DE MANEJO PARA LA ESPECIE, AJUSTANDOLO A LA POLITICA NACIONAL SOBRE CONSERVACION DE LA DIVERSIDAD BIOLOGICA; INVITACION A LOS ORGANISMOS PROVINCIALES."},"Palabra Clave":{"('0003-S-2006', 0)":" "}}