{"Tipo de Proyecto":{"('0003-D-2006', 0)":"PROYECTO DE LEY","('0003-D-2006', 1)":null,"('0003-D-2006', 2)":null},"Iniciado en: ":{"('0003-D-2006', 0)":"Diputados","('0003-D-2006', 1)":null,"('0003-D-2006', 2)":null},"Expediente Diputados: ":{"('0003-D-2006', 0)":"0003-D-2006","('0003-D-2006', 1)":null,"('0003-D-2006', 2)":null},"Publicado en: ":{"('0003-D-2006', 0)":"Tr\u00e1mite Parlamentario N\u00b0 1","('0003-D-2006', 1)":null,"('0003-D-2006', 2)":null},"Fecha: ":{"('0003-D-2006', 0)":"01\/03\/2006","('0003-D-2006', 1)":null,"('0003-D-2006', 2)":null},"T\u00edtulo":{"('0003-D-2006', 0)":"REGIMEN PARA LA AUTORIZACION DE IMPORTACIONES; REQUISITOS SANITARIOS Y FITOSANITARIOS (REPRODUCCION DEL EXPEDIENTE 1277-D-04).","('0003-D-2006', 1)":null,"('0003-D-2006', 2)":null},"('Firmantes', 'FIRMANTE')":{"('0003-D-2006', 0)":"TULIO, ROSA ESTER","('0003-D-2006', 1)":null,"('0003-D-2006', 2)":null},"('Firmantes', 'DISTRITO')":{"('0003-D-2006', 0)":"BUENOS AIRES","('0003-D-2006', 1)":null,"('0003-D-2006', 2)":null},"('Firmantes', 'BLOQUE')":{"('0003-D-2006', 0)":"PERONISTA FEDERAL","('0003-D-2006', 1)":null,"('0003-D-2006', 2)":null},"('Giros', 'COMISI\u00d3N')":{"('0003-D-2006', 0)":"AGRICULTURA Y GANADERIA","('0003-D-2006', 1)":"COMERCIO","('0003-D-2006', 2)":"MERCOSUR"},"Sumario":{"('0003-D-2006', 0)":"MEDIDAS; AUTORIDAD DE APLICACION: SECRETARIA DE AGRICULTURA, GANADERIA, PESCA Y ALIMENTACION DE LA NACION; SISTEMA DE COMENTARIOS PUBLICOS NO VINCULANTES; PROCEDIMIENTO: PASOS.","('0003-D-2006', 1)":null,"('0003-D-2006', 2)":null},"Palabra Clave":{"('0003-D-2006', 0)":" ","('0003-D-2006', 1)":null,"('0003-D-2006', 2)":null}}