{"Tipo de Proyecto":{"('0003-PE-2006', 0)":"MENSAJE NRO: 0299\/06","('0003-PE-2006', 1)":null,"('0003-PE-2006', 2)":null,"('0003-PE-2006', 3)":null},"Iniciado en: ":{"('0003-PE-2006', 0)":"Diputados","('0003-PE-2006', 1)":null,"('0003-PE-2006', 2)":null,"('0003-PE-2006', 3)":null},"Expediente Diputados: ":{"('0003-PE-2006', 0)":"0003-PE-2006","('0003-PE-2006', 1)":null,"('0003-PE-2006', 2)":null,"('0003-PE-2006', 3)":null},"Publicado en: ":{"('0003-PE-2006', 0)":"Tr\u00e1mite Parlamentario N\u00b0 13","('0003-PE-2006', 1)":null,"('0003-PE-2006', 2)":null,"('0003-PE-2006', 3)":null},"Fecha: ":{"('0003-PE-2006', 0)":"17\/03\/2006","('0003-PE-2006', 1)":null,"('0003-PE-2006', 2)":null,"('0003-PE-2006', 3)":null},"T\u00edtulo":{"('0003-PE-2006', 0)":"COMUNICACION DEL DECRETO 298\/06, POR EL CUAL SE RATIFICA EL ACUERDO DE RENEGOCIACION CONTRACTUAL SUSCRIPTO POR LA UNIDAD DE RENEGOCIACION Y ANALISIS DE CONTRATOS DE SERVICIOS PUBLICOS Y LA EMPRESA GRUPO CONCESIONARIO DEL OESTE SA, CON FECHA 16 DE DICIEMBRE DE 2005.","('0003-PE-2006', 1)":null,"('0003-PE-2006', 2)":null,"('0003-PE-2006', 3)":null},"('Firmantes', 'FIRMANTE')":{"('0003-PE-2006', 0)":"KIRCHNER, NESTOR CARLOS","('0003-PE-2006', 1)":"FERNANDEZ, ALBERTO","('0003-PE-2006', 2)":"DE VIDO, JULIO","('0003-PE-2006', 3)":"MICELI, FELISA JOSEFINA"},"('Firmantes', 'DISTRITO')":{"('0003-PE-2006', 0)":null,"('0003-PE-2006', 1)":null,"('0003-PE-2006', 2)":null,"('0003-PE-2006', 3)":null},"('Firmantes', 'BLOQUE')":{"('0003-PE-2006', 0)":"PODER EJECUTIVO","('0003-PE-2006', 1)":"PODER EJECUTIVO","('0003-PE-2006', 2)":"PODER EJECUTIVO","('0003-PE-2006', 3)":"PODER EJECUTIVO"},"('Giros', 'COMISI\u00d3N')":{"('0003-PE-2006', 0)":"BICAMERAL DE SEGUIMIENTO DE FACULTADES DELEGADAS AL PODER EJECUTIVO NACIONAL - LEY 25561","('0003-PE-2006', 1)":null,"('0003-PE-2006', 2)":null,"('0003-PE-2006', 3)":null},"Palabra Clave":{"('0003-PE-2006', 0)":" ","('0003-PE-2006', 1)":null,"('0003-PE-2006', 2)":null,"('0003-PE-2006', 3)":null}}