{"Tipo de Proyecto":{"('0004-S-2006', 0)":"PROYECTO DE LEY"},"Iniciado en: ":{"('0004-S-2006', 0)":"Senado"},"Expediente Senado: ":{"('0004-S-2006', 0)":"0004-S-2006"},"Publicado en: ":{"('0004-S-2006', 0)":"Diario de Asuntos Entrados N\u00b0 1"},"Fecha: ":{"('0004-S-2006', 0)":"01\/03\/2006"},"T\u00edtulo":{"('0004-S-2006', 0)":"CREACION DE LA COMISION BICAMERAL PERMANENTE DE SEGUIMIENTO Y CONTROL DE LA EJECUCION PRESUPUESTARIA CORRESPONDIENTE A LAS POLITICAS SOCIALES REGULARES Y ASISTENCIALES (GASTO SOCIAL DE LA NACION)."},"('Firmantes', 'FIRMANTE')":{"('0004-S-2006', 0)":"FALCO, LUIS ALBERTO"},"('Firmantes', 'DISTRITO')":{"('0004-S-2006', 0)":"RIO NEGRO"},"('Firmantes', 'BLOQUE')":{"('0004-S-2006', 0)":"RADICAL RIONEGRINO"},"Sumario":{"('0004-S-2006', 0)":"OBJETO; DEFINICIONES; INTEGRACION; ATRIBUCIONES Y FACULTADES; ACTUACION; INFORME ANUAL."},"Palabra Clave":{"('0004-S-2006', 0)":" "}}