{"Tipo de Proyecto":{"('0004-D-2006', 0)":"PROYECTO DE LEY","('0004-D-2006', 1)":null},"Iniciado en: ":{"('0004-D-2006', 0)":"Diputados","('0004-D-2006', 1)":null},"Expediente Diputados: ":{"('0004-D-2006', 0)":"0004-D-2006","('0004-D-2006', 1)":null},"Publicado en: ":{"('0004-D-2006', 0)":"Tr\u00e1mite Parlamentario N\u00b0 1","('0004-D-2006', 1)":null},"Fecha: ":{"('0004-D-2006', 0)":"01\/03\/2006","('0004-D-2006', 1)":null},"T\u00edtulo":{"('0004-D-2006', 0)":"CREACION DEL COLEGIO NACIONAL DE PROFESIONALES EN ENFERMERIA (REPRODUCCION DEL EXPEDIENTE 6684-D-04).","('0004-D-2006', 1)":null},"('Firmantes', 'FIRMANTE')":{"('0004-D-2006', 0)":"TULIO, ROSA ESTER","('0004-D-2006', 1)":null},"('Firmantes', 'DISTRITO')":{"('0004-D-2006', 0)":"BUENOS AIRES","('0004-D-2006', 1)":null},"('Firmantes', 'BLOQUE')":{"('0004-D-2006', 0)":"PERONISTA FEDERAL","('0004-D-2006', 1)":null},"('Giros', 'COMISI\u00d3N')":{"('0004-D-2006', 0)":"ACCION SOCIAL Y SALUD PUBLICA","('0004-D-2006', 1)":"EDUCACION"},"('Tramites', 'C\u00c1MARA')":{"('0004-D-2006', 0)":"Diputados","('0004-D-2006', 1)":null},"('Tramites', 'MOVIMIENTO')":{"('0004-D-2006', 0)":"RESOLUCION DE PRESIDENCIA - CAMBIO DE ORDEN DE LAS COMISIONES","('0004-D-2006', 1)":null},"('Tramites', 'FECHA')":{"('0004-D-2006', 0)":"07\/06\/2006","('0004-D-2006', 1)":null},"('Tramites', 'RESULTADO')":{"('0004-D-2006', 0)":null,"('0004-D-2006', 1)":null},"Sumario":{"('0004-D-2006', 0)":"ASIENTO: CIUDAD AUTONOMA DE BUENOS AIRES; ACOGIMIENTO A LEYES Y DECRETOS PARA ENTIDADES CIVILES; SUBDELEGACIONES; MIEMBROS DEL COLEGIO; OBJETIVO DEL COLEGIO; ASAMBLEA A CARGO DEL GOBIERNO DEL COLEGIO; TRIBUNAL DE ETICA Y DISCIPLINA; FUNCIONES DEL COLEGIO; BIENES; INVITACION A LAS PROVINCIAS Y A LA CIUDAD AUTONOMA DE BUENOS AIRES A ADHERIR A LA PRESENTE LEY.","('0004-D-2006', 1)":null},"Palabra Clave":{"('0004-D-2006', 0)":" ","('0004-D-2006', 1)":null}}