{"Tipo de Proyecto":{"('0005-PE-2006', 0)":"MENSAJE NRO: 0312\/06","('0005-PE-2006', 1)":null,"('0005-PE-2006', 2)":null},"Iniciado en: ":{"('0005-PE-2006', 0)":"Diputados","('0005-PE-2006', 1)":null,"('0005-PE-2006', 2)":null},"Expediente Diputados: ":{"('0005-PE-2006', 0)":"0005-PE-2006","('0005-PE-2006', 1)":null,"('0005-PE-2006', 2)":null},"Publicado en: ":{"('0005-PE-2006', 0)":"Tr\u00e1mite Parlamentario N\u00b0 16","('0005-PE-2006', 1)":null,"('0005-PE-2006', 2)":null},"Fecha: ":{"('0005-PE-2006', 0)":"22\/03\/2006","('0005-PE-2006', 1)":null,"('0005-PE-2006', 2)":null},"T\u00edtulo":{"('0005-PE-2006', 0)":"COMUNICACION DEL DECRETO 311\/06, POR EL CUAL SE DA POR APROBADO EL OTORGAMIENTO DE LOS PRESTAMOS REINTEGRABLES DEL TESORO NACIONAL AL FONDO UNIFICADO, CREADO POR EL ARTICULO 37 DE LA LEY 24065 DE MARCO REGULATORIO ELECTRICO.","('0005-PE-2006', 1)":null,"('0005-PE-2006', 2)":null},"('Firmantes', 'FIRMANTE')":{"('0005-PE-2006', 0)":"KIRCHNER, NESTOR CARLOS","('0005-PE-2006', 1)":"FERNANDEZ, ALBERTO","('0005-PE-2006', 2)":"DE VIDO, JULIO"},"('Firmantes', 'DISTRITO')":{"('0005-PE-2006', 0)":null,"('0005-PE-2006', 1)":null,"('0005-PE-2006', 2)":null},"('Firmantes', 'BLOQUE')":{"('0005-PE-2006', 0)":"PODER EJECUTIVO","('0005-PE-2006', 1)":"PODER EJECUTIVO","('0005-PE-2006', 2)":"PODER EJECUTIVO"},"('Giros', 'COMISI\u00d3N')":{"('0005-PE-2006', 0)":"ENERGIA Y COMBUSTIBLES","('0005-PE-2006', 1)":"PRESUPUESTO Y HACIENDA","('0005-PE-2006', 2)":null},"('Tramites', 'C\u00c1MARA')":{"('0005-PE-2006', 0)":"Diputados","('0005-PE-2006', 1)":null,"('0005-PE-2006', 2)":null},"('Tramites', 'MOVIMIENTO')":{"('0005-PE-2006', 0)":"VER TRAMITE EN EXPEDIENTE 7063-D-06","('0005-PE-2006', 1)":null,"('0005-PE-2006', 2)":null},"('Tramites', 'FECHA')":{"('0005-PE-2006', 0)":null,"('0005-PE-2006', 1)":null,"('0005-PE-2006', 2)":null},"('Tramites', 'RESULTADO')":{"('0005-PE-2006', 0)":null,"('0005-PE-2006', 1)":null,"('0005-PE-2006', 2)":null},"Palabra Clave":{"('0005-PE-2006', 0)":" ","('0005-PE-2006', 1)":null,"('0005-PE-2006', 2)":null}}