{"Tipo de Proyecto":{"('0005-D-2006', 0)":"PROYECTO DE RESOLUCI\u00d3N"},"Iniciado en: ":{"('0005-D-2006', 0)":"Diputados"},"Expediente Diputados: ":{"('0005-D-2006', 0)":"0005-D-2006"},"Publicado en: ":{"('0005-D-2006', 0)":"Tr\u00e1mite Parlamentario N\u00b0 1"},"Fecha: ":{"('0005-D-2006', 0)":"01\/03\/2006"},"T\u00edtulo":{"('0005-D-2006', 0)":"DECLARAR DE INTERES PARLAMENTARIO A LA DECIMOQUINTA EDICION DE \"EXPO CHACRA\", A REALIZARSE DEL 1 AL 4 DE MARZO DE 2006, EN PERGAMINO, PROVINCIA DE BUENOS AIRES."},"('Firmantes', 'FIRMANTE')":{"('0005-D-2006', 0)":"TULIO, ROSA ESTER"},"('Firmantes', 'DISTRITO')":{"('0005-D-2006', 0)":"BUENOS AIRES"},"('Firmantes', 'BLOQUE')":{"('0005-D-2006', 0)":"PERONISTA FEDERAL"},"('Giros', 'COMISI\u00d3N')":{"('0005-D-2006', 0)":"AGRICULTURA Y GANADERIA"},"('Tramites', 'C\u00c1MARA')":{"('0005-D-2006', 0)":"Diputados"},"('Tramites', 'MOVIMIENTO')":{"('0005-D-2006', 0)":"CONSIDERACION Y APROBACION CONJUNTAMENTE PARA LOS EXPEDIENTES 0005-D-2006 y 0304-D-2006"},"('Tramites', 'FECHA')":{"('0005-D-2006', 0)":"19\/04\/2006"},"('Tramites', 'RESULTADO')":{"('0005-D-2006', 0)":"APROBADO"},"Link":{"('0005-D-2006', 0)":"https:\/\/www.hcdn.gob.ar\/proyectos\/textoCompleto.jsp?exp=0005-D-2006&tipo=RESOLUCION"},"Palabra Clave":{"('0005-D-2006', 0)":" "}}