{"Tipo de Proyecto":{"('0007-PE-2006', 0)":"MENSAJE NRO: 0332\/06 Y PROYECTO DE LEY","('0007-PE-2006', 1)":null,"('0007-PE-2006', 2)":null,"('0007-PE-2006', 3)":null,"('0007-PE-2006', 4)":null,"('0007-PE-2006', 5)":null,"('0007-PE-2006', 6)":null},"Iniciado en: ":{"('0007-PE-2006', 0)":"Diputados","('0007-PE-2006', 1)":null,"('0007-PE-2006', 2)":null,"('0007-PE-2006', 3)":null,"('0007-PE-2006', 4)":null,"('0007-PE-2006', 5)":null,"('0007-PE-2006', 6)":null},"Expediente Diputados: ":{"('0007-PE-2006', 0)":"0007-PE-2006","('0007-PE-2006', 1)":null,"('0007-PE-2006', 2)":null,"('0007-PE-2006', 3)":null,"('0007-PE-2006', 4)":null,"('0007-PE-2006', 5)":null,"('0007-PE-2006', 6)":null},"Expediente Senado: ":{"('0007-PE-2006', 0)":"0108-CD-2006","('0007-PE-2006', 1)":null,"('0007-PE-2006', 2)":null,"('0007-PE-2006', 3)":null,"('0007-PE-2006', 4)":null,"('0007-PE-2006', 5)":null,"('0007-PE-2006', 6)":null},"Publicado en: ":{"('0007-PE-2006', 0)":"Tr\u00e1mite Parlamentario N\u00b0 17","('0007-PE-2006', 1)":null,"('0007-PE-2006', 2)":null,"('0007-PE-2006', 3)":null,"('0007-PE-2006', 4)":null,"('0007-PE-2006', 5)":null,"('0007-PE-2006', 6)":null},"Fecha: ":{"('0007-PE-2006', 0)":"23\/03\/2006","('0007-PE-2006', 1)":null,"('0007-PE-2006', 2)":null,"('0007-PE-2006', 3)":null,"('0007-PE-2006', 4)":null,"('0007-PE-2006', 5)":null,"('0007-PE-2006', 6)":null},"T\u00edtulo":{"('0007-PE-2006', 0)":"MODIFICACION AL CODIGO PENAL: SUSTITUCION DE LOS ARTICULOS 200 Y 201, INCORPORACION DE LOS ARTICULOS 201 BIS, 201 TER, 201 QUATER, 201 QUINQUIES, 202 BIS, SUSTITUCION DE LOS ARTICULOS 203, 204, 204 BIS Y 204 TER (ADULTERACION DE MEDICAMENTOS).","('0007-PE-2006', 1)":null,"('0007-PE-2006', 2)":null,"('0007-PE-2006', 3)":null,"('0007-PE-2006', 4)":null,"('0007-PE-2006', 5)":null,"('0007-PE-2006', 6)":null},"('Firmantes', 'FIRMANTE')":{"('0007-PE-2006', 0)":"KIRCHNER, NESTOR CARLOS","('0007-PE-2006', 1)":"FERNANDEZ, ALBERTO","('0007-PE-2006', 2)":"IRIBARNE, ALBERTO JUAN BAUTISTA","('0007-PE-2006', 3)":"GONZALEZ GARCIA, GINES MARIO","('0007-PE-2006', 4)":null,"('0007-PE-2006', 5)":null,"('0007-PE-2006', 6)":null},"('Firmantes', 'DISTRITO')":{"('0007-PE-2006', 0)":null,"('0007-PE-2006', 1)":null,"('0007-PE-2006', 2)":null,"('0007-PE-2006', 3)":null,"('0007-PE-2006', 4)":null,"('0007-PE-2006', 5)":null,"('0007-PE-2006', 6)":null},"('Firmantes', 'BLOQUE')":{"('0007-PE-2006', 0)":"PODER EJECUTIVO","('0007-PE-2006', 1)":"PODER EJECUTIVO","('0007-PE-2006', 2)":"PODER EJECUTIVO","('0007-PE-2006', 3)":"PODER EJECUTIVO","('0007-PE-2006', 4)":null,"('0007-PE-2006', 5)":null,"('0007-PE-2006', 6)":null},"('Giros', 'COMISI\u00d3N')":{"('0007-PE-2006', 0)":"LEGISLACION PENAL","('0007-PE-2006', 1)":"ACCION SOCIAL Y SALUD PUBLICA","('0007-PE-2006', 2)":null,"('0007-PE-2006', 3)":null,"('0007-PE-2006', 4)":null,"('0007-PE-2006', 5)":null,"('0007-PE-2006', 6)":null},"('Tramites', 'C\u00c1MARA')":{"('0007-PE-2006', 0)":"Diputados","('0007-PE-2006', 1)":"Diputados","('0007-PE-2006', 2)":"Senado","('0007-PE-2006', 3)":"Senado","('0007-PE-2006', 4)":"Diputados","('0007-PE-2006', 5)":"Diputados","('0007-PE-2006', 6)":"Diputados"},"('Tramites', 'MOVIMIENTO')":{"('0007-PE-2006', 0)":"MOCION DE PREFERENCIA PARA LA PROXIMA SESION CON DICTAMEN (AFIRMATIVA)","('0007-PE-2006', 1)":"CONSIDERACION Y APROBACION CON MODIFICACIONES CONJUNTAMENTE PARA LOS EXPEDIENTES 2501-D-2005, 0007-PE-2006 y 0108-CD-2006","('0007-PE-2006', 2)":"PASA A SENADO - CONJUNTAMENTE PARA LOS EXPEDIENTES 2501-D-2005, 0007-PE-2006 y 0108-CD-2006","('0007-PE-2006', 3)":"CONSIDERACION Y APROBACION CON MODIFICACIONES CONJUNTAMENTE PARA LOS EXPEDIENTES 2501-D-2005, 0007-PE-2006 y 0108-CD-2006","('0007-PE-2006', 4)":"VUELVE A DIPUTADOS - CONJUNTAMENTE PARA LOS EXPEDIENTES 2501-D-2005, 0007-PE-2006 y 0108-CD-2006","('0007-PE-2006', 5)":"CITACION SESION ESPECIAL CONJUNTAMENTE PARA LOS EXPEDIENTES 2501-D-2005, 0007-PE-2006 y 0108-CD-2006","('0007-PE-2006', 6)":"CONSIDERACION Y SANCION CONJUNTAMENTE PARA LOS EXPEDIENTES 2501-D-2005, 0007-PE-2006 y 0108-CD-2006"},"('Tramites', 'FECHA')":{"('0007-PE-2006', 0)":"11\/10\/2006","('0007-PE-2006', 1)":"01\/11\/2006","('0007-PE-2006', 2)":null,"('0007-PE-2006', 3)":"17\/12\/2008","('0007-PE-2006', 4)":null,"('0007-PE-2006', 5)":"14\/10\/2009","('0007-PE-2006', 6)":"14\/10\/2009"},"('Tramites', 'RESULTADO')":{"('0007-PE-2006', 0)":null,"('0007-PE-2006', 1)":"MEDIA SANCION","('0007-PE-2006', 2)":null,"('0007-PE-2006', 3)":"MEDIA SANCION","('0007-PE-2006', 4)":null,"('0007-PE-2006', 5)":null,"('0007-PE-2006', 6)":"SANCIONADO"},"Link":{"('0007-PE-2006', 0)":"http:\/\/www.senado.gov.ar\/web\/proyectos\/verExpe.php?origen=CD&nro_comision=&tipo=PL&numexp=108\/06&tConsulta=5","('0007-PE-2006', 1)":null,"('0007-PE-2006', 2)":null,"('0007-PE-2006', 3)":null,"('0007-PE-2006', 4)":null,"('0007-PE-2006', 5)":null,"('0007-PE-2006', 6)":null},"Palabra Clave":{"('0007-PE-2006', 0)":" ","('0007-PE-2006', 1)":null,"('0007-PE-2006', 2)":null,"('0007-PE-2006', 3)":null,"('0007-PE-2006', 4)":null,"('0007-PE-2006', 5)":null,"('0007-PE-2006', 6)":null}}