{"Tipo de Proyecto":{"('0007-S-2006', 0)":"PROYECTO DE DECLARACI\u00d3N"},"Iniciado en: ":{"('0007-S-2006', 0)":"Senado"},"Expediente Senado: ":{"('0007-S-2006', 0)":"0007-S-2006"},"Publicado en: ":{"('0007-S-2006', 0)":"Diario de Asuntos Entrados N\u00b0 1"},"Fecha: ":{"('0007-S-2006', 0)":"01\/03\/2006"},"T\u00edtulo":{"('0007-S-2006', 0)":"PONER DE RELIEVE LA VITAL IMPORTANCIA Y LA ENORME TRASCENDENCIA CIENTIFICA DE LAS INVESTIGACIONES DESARROLLADAS POR MEDICOS ARGENTINOS QUE LLEVAN A CABO UN ESTUDIO PARA DETERMINAR SI EL AUTOTRASPLANTE DE CELULAS MADRE ES CAPAZ DE REGENERAR LAS ZONAS DEL CORAZON DA\u00d1ADAS POR EL MAL DE CHAGAS."},"('Firmantes', 'FIRMANTE')":{"('0007-S-2006', 0)":"SANZ, ERNESTO RICARDO"},"('Firmantes', 'DISTRITO')":{"('0007-S-2006', 0)":"MENDOZA"},"('Firmantes', 'BLOQUE')":{"('0007-S-2006', 0)":"UCR"},"('Tramites', 'C\u00c1MARA')":{"('0007-S-2006', 0)":"Senado"},"('Tramites', 'MOVIMIENTO')":{"('0007-S-2006', 0)":"CONSIDERACION Y APROBACION"},"('Tramites', 'FECHA')":{"('0007-S-2006', 0)":"31\/05\/2006"},"('Tramites', 'RESULTADO')":{"('0007-S-2006', 0)":"APROBADO"},"Link":{"('0007-S-2006', 0)":"http:\/\/www.senado.gov.ar\/parlamentario\/comisiones\/verExp\/7.06\/S\/PD"},"Palabra Clave":{"('0007-S-2006', 0)":" "}}