{"Tipo de Proyecto":{"('0008-D-2006', 0)":"PROYECTO DE LEY","('0008-D-2006', 1)":null,"('0008-D-2006', 2)":null},"Iniciado en: ":{"('0008-D-2006', 0)":"Diputados","('0008-D-2006', 1)":null,"('0008-D-2006', 2)":null},"Expediente Diputados: ":{"('0008-D-2006', 0)":"0008-D-2006","('0008-D-2006', 1)":null,"('0008-D-2006', 2)":null},"Publicado en: ":{"('0008-D-2006', 0)":"Tr\u00e1mite Parlamentario N\u00b0 1","('0008-D-2006', 1)":null,"('0008-D-2006', 2)":null},"Fecha: ":{"('0008-D-2006', 0)":"01\/03\/2006","('0008-D-2006', 1)":null,"('0008-D-2006', 2)":null},"T\u00edtulo":{"('0008-D-2006', 0)":"CREACION DE LA COMISION PERMANENTE DE OBSERVACION DE SITIOS DE INTERNET ARGENTINOS CON CONTENIDOS DE PORNOGRAFIA INFANTIL, EN EL AMBITO DEL PODER EJECUTIVO NACIONAL.","('0008-D-2006', 1)":null,"('0008-D-2006', 2)":null},"('Firmantes', 'FIRMANTE')":{"('0008-D-2006', 0)":"BERTOL, PAULA MARIA","('0008-D-2006', 1)":null,"('0008-D-2006', 2)":null},"('Firmantes', 'DISTRITO')":{"('0008-D-2006', 0)":"CIUDAD de BUENOS AIRES","('0008-D-2006', 1)":null,"('0008-D-2006', 2)":null},"('Firmantes', 'BLOQUE')":{"('0008-D-2006', 0)":"PRO","('0008-D-2006', 1)":null,"('0008-D-2006', 2)":null},"('Giros', 'COMISI\u00d3N')":{"('0008-D-2006', 0)":"COMUNICACIONES E INFORMATICA","('0008-D-2006', 1)":"FAMILIA, MUJER, NI\u00d1EZ Y ADOLESCENCIA","('0008-D-2006', 2)":"PRESUPUESTO Y HACIENDA"},"Sumario":{"('0008-D-2006', 0)":"OBJETIVOS; MEDIOS; RECURSOS; AUTORIDAD DE APLICACION Y REGLAMENTACION.","('0008-D-2006', 1)":null,"('0008-D-2006', 2)":null},"Palabra Clave":{"('0008-D-2006', 0)":" ","('0008-D-2006', 1)":null,"('0008-D-2006', 2)":null}}