{"Tipo de Proyecto":{"('0009-S-2006', 0)":"PROYECTO DE DECLARACI\u00d3N"},"Iniciado en: ":{"('0009-S-2006', 0)":"Senado"},"Expediente Senado: ":{"('0009-S-2006', 0)":"0009-S-2006"},"Publicado en: ":{"('0009-S-2006', 0)":"Diario de Asuntos Entrados N\u00b0 1"},"Fecha: ":{"('0009-S-2006', 0)":"01\/03\/2006"},"T\u00edtulo":{"('0009-S-2006', 0)":"EXPRESAR BENEPLACITO ANTE LAS DISTINCIONES OBTENIDAS POR CINCO ESTUDIANTES DE NUESTRO PAIS QUE PARTICIPARON EN EL SIMPOSIO DE JOVENES EMBAJADORES DE LA FISICA, LLEVADO A CABO EN TAIPEI, TAIWAN."},"('Firmantes', 'FIRMANTE')":{"('0009-S-2006', 0)":"SANZ, ERNESTO RICARDO"},"('Firmantes', 'DISTRITO')":{"('0009-S-2006', 0)":"MENDOZA"},"('Firmantes', 'BLOQUE')":{"('0009-S-2006', 0)":"UCR"},"('Tramites', 'C\u00c1MARA')":{"('0009-S-2006', 0)":"Senado"},"('Tramites', 'MOVIMIENTO')":{"('0009-S-2006', 0)":"CONSIDERACION Y APROBACION"},"('Tramites', 'FECHA')":{"('0009-S-2006', 0)":"10\/05\/2006"},"('Tramites', 'RESULTADO')":{"('0009-S-2006', 0)":"APROBADO"},"Link":{"('0009-S-2006', 0)":"http:\/\/www.senado.gov.ar\/parlamentario\/comisiones\/verExp\/9.06\/S\/PD"},"Palabra Clave":{"('0009-S-2006', 0)":" "}}