{"Tipo de Proyecto":{"('0009-D-2006', 0)":"PROYECTO DE DECLARACI\u00d3N"},"Iniciado en: ":{"('0009-D-2006', 0)":"Diputados"},"Expediente Diputados: ":{"('0009-D-2006', 0)":"0009-D-2006"},"Publicado en: ":{"('0009-D-2006', 0)":"Tr\u00e1mite Parlamentario N\u00b0 1"},"Fecha: ":{"('0009-D-2006', 0)":"01\/03\/2006"},"T\u00edtulo":{"('0009-D-2006', 0)":"EXPRESAR PREOCUPACION POR EL ANUNCIO OFICIAL DE REANUDAR LA ACTIVIDAD DE ENRIQUECIMIENTO DE URANIO EN IRAN."},"('Firmantes', 'FIRMANTE')":{"('0009-D-2006', 0)":"BERTOL, PAULA MARIA"},"('Firmantes', 'DISTRITO')":{"('0009-D-2006', 0)":"CIUDAD de BUENOS AIRES"},"('Firmantes', 'BLOQUE')":{"('0009-D-2006', 0)":"PRO"},"('Giros', 'COMISI\u00d3N')":{"('0009-D-2006', 0)":"RELACIONES EXTERIORES Y CULTO"},"Link":{"('0009-D-2006', 0)":"https:\/\/www.hcdn.gob.ar\/proyectos\/textoCompleto.jsp?exp=0009-D-2006&tipo=DECLARACION"},"Palabra Clave":{"('0009-D-2006', 0)":" "}}