{"Tipo de Proyecto":{"('0010-S-2006', 0)":"PROYECTO DE LEY","('0010-S-2006', 1)":null,"('0010-S-2006', 2)":null,"('0010-S-2006', 3)":null,"('0010-S-2006', 4)":null,"('0010-S-2006', 5)":null,"('0010-S-2006', 6)":null,"('0010-S-2006', 7)":null,"('0010-S-2006', 8)":null,"('0010-S-2006', 9)":null,"('0010-S-2006', 10)":null,"('0010-S-2006', 11)":null,"('0010-S-2006', 12)":null},"Iniciado en: ":{"('0010-S-2006', 0)":"Senado","('0010-S-2006', 1)":null,"('0010-S-2006', 2)":null,"('0010-S-2006', 3)":null,"('0010-S-2006', 4)":null,"('0010-S-2006', 5)":null,"('0010-S-2006', 6)":null,"('0010-S-2006', 7)":null,"('0010-S-2006', 8)":null,"('0010-S-2006', 9)":null,"('0010-S-2006', 10)":null,"('0010-S-2006', 11)":null,"('0010-S-2006', 12)":null},"Expediente Senado: ":{"('0010-S-2006', 0)":"0010-S-2006","('0010-S-2006', 1)":null,"('0010-S-2006', 2)":null,"('0010-S-2006', 3)":null,"('0010-S-2006', 4)":null,"('0010-S-2006', 5)":null,"('0010-S-2006', 6)":null,"('0010-S-2006', 7)":null,"('0010-S-2006', 8)":null,"('0010-S-2006', 9)":null,"('0010-S-2006', 10)":null,"('0010-S-2006', 11)":null,"('0010-S-2006', 12)":null},"Publicado en: ":{"('0010-S-2006', 0)":"Diario de Asuntos Entrados N\u00b0 1","('0010-S-2006', 1)":null,"('0010-S-2006', 2)":null,"('0010-S-2006', 3)":null,"('0010-S-2006', 4)":null,"('0010-S-2006', 5)":null,"('0010-S-2006', 6)":null,"('0010-S-2006', 7)":null,"('0010-S-2006', 8)":null,"('0010-S-2006', 9)":null,"('0010-S-2006', 10)":null,"('0010-S-2006', 11)":null,"('0010-S-2006', 12)":null},"Fecha: ":{"('0010-S-2006', 0)":"01\/03\/2006","('0010-S-2006', 1)":null,"('0010-S-2006', 2)":null,"('0010-S-2006', 3)":null,"('0010-S-2006', 4)":null,"('0010-S-2006', 5)":null,"('0010-S-2006', 6)":null,"('0010-S-2006', 7)":null,"('0010-S-2006', 8)":null,"('0010-S-2006', 9)":null,"('0010-S-2006', 10)":null,"('0010-S-2006', 11)":null,"('0010-S-2006', 12)":null},"T\u00edtulo":{"('0010-S-2006', 0)":"MODIFICACION DEL CODIGO PENAL: DELITOS CONTRA LA INTEGRIDAD SEXUAL.","('0010-S-2006', 1)":null,"('0010-S-2006', 2)":null,"('0010-S-2006', 3)":null,"('0010-S-2006', 4)":null,"('0010-S-2006', 5)":null,"('0010-S-2006', 6)":null,"('0010-S-2006', 7)":null,"('0010-S-2006', 8)":null,"('0010-S-2006', 9)":null,"('0010-S-2006', 10)":null,"('0010-S-2006', 11)":null,"('0010-S-2006', 12)":null},"('Firmantes', 'FIRMANTE')":{"('0010-S-2006', 0)":"CAPITANICH, JORGE","('0010-S-2006', 1)":null,"('0010-S-2006', 2)":null,"('0010-S-2006', 3)":null,"('0010-S-2006', 4)":null,"('0010-S-2006', 5)":null,"('0010-S-2006', 6)":null,"('0010-S-2006', 7)":null,"('0010-S-2006', 8)":null,"('0010-S-2006', 9)":null,"('0010-S-2006', 10)":null,"('0010-S-2006', 11)":null,"('0010-S-2006', 12)":null},"('Firmantes', 'DISTRITO')":{"('0010-S-2006', 0)":"CHACO","('0010-S-2006', 1)":null,"('0010-S-2006', 2)":null,"('0010-S-2006', 3)":null,"('0010-S-2006', 4)":null,"('0010-S-2006', 5)":null,"('0010-S-2006', 6)":null,"('0010-S-2006', 7)":null,"('0010-S-2006', 8)":null,"('0010-S-2006', 9)":null,"('0010-S-2006', 10)":null,"('0010-S-2006', 11)":null,"('0010-S-2006', 12)":null},"('Firmantes', 'BLOQUE')":{"('0010-S-2006', 0)":"JUSTICIALISTA","('0010-S-2006', 1)":null,"('0010-S-2006', 2)":null,"('0010-S-2006', 3)":null,"('0010-S-2006', 4)":null,"('0010-S-2006', 5)":null,"('0010-S-2006', 6)":null,"('0010-S-2006', 7)":null,"('0010-S-2006', 8)":null,"('0010-S-2006', 9)":null,"('0010-S-2006', 10)":null,"('0010-S-2006', 11)":null,"('0010-S-2006', 12)":null},"('Tramites', 'C\u00c1MARA')":{"('0010-S-2006', 0)":"Senado","('0010-S-2006', 1)":"Senado","('0010-S-2006', 2)":"Senado","('0010-S-2006', 3)":"Senado","('0010-S-2006', 4)":"Diputados","('0010-S-2006', 5)":"Diputados","('0010-S-2006', 6)":"Diputados","('0010-S-2006', 7)":"Diputados","('0010-S-2006', 8)":"Diputados","('0010-S-2006', 9)":"Diputados","('0010-S-2006', 10)":"Diputados","('0010-S-2006', 11)":"Diputados","('0010-S-2006', 12)":"Diputados"},"('Tramites', 'MOVIMIENTO')":{"('0010-S-2006', 0)":"PRESENCIA DEL MINISTRO DEL INTERIOR , DOCTOR ANIBAL FERNANDEZ CONJUNTAMENTE PARA LOS EXPEDIENTES 0257-S-2006, 1712-S-2005, 2948-S-2005, 4068-S-2005, 0010-S-2006, 0433-S-2006, 1237-S-2006 y 2557-S-2006","('0010-S-2006', 1)":"MOCION SOBRE TABLAS (AFIRMATIVA) CONJUNTAMENTE PARA LOS EXPEDIENTES 0257-S-2006, 1712-S-2005, 2948-S-2005, 4068-S-2005, 0010-S-2006, 0433-S-2006, 1237-S-2006 y 2557-S-2006","('0010-S-2006', 2)":"CONSIDERACION Y APROBACION CON MODIFICACIONES CONJUNTAMENTE PARA LOS EXPEDIENTES 0257-S-2006, 1712-S-2005, 2948-S-2005, 4068-S-2005, 0010-S-2006, 0433-S-2006, 1237-S-2006 y 2557-S-2006","('0010-S-2006', 3)":"INSERCION DEL SENADOR GIUSTINIANI CONJUNTAMENTE PARA LOS EXPEDIENTES 0257-S-2006, 1712-S-2005, 2948-S-2005, 4068-S-2005, 0010-S-2006, 0433-S-2006, 1237-S-2006 y 2557-S-2006","('0010-S-2006', 4)":"PASA A DIPUTADOS - CONJUNTAMENTE PARA LOS EXPEDIENTES 0257-S-2006, 1712-S-2005, 2948-S-2005, 4068-S-2005, 0010-S-2006, 0433-S-2006, 1237-S-2006 y 2557-S-2006","('0010-S-2006', 5)":"MOCION DE PREFERENCIA (AFIRMATIVA) CONJUNTAMENTE PARA LOS EXPEDIENTES 0257-S-2006, 1712-S-2005, 2948-S-2005, 4068-S-2005, 0010-S-2006, 0433-S-2006, 1237-S-2006 y 2557-S-2006","('0010-S-2006', 6)":"MOCION DE PREFERENCIA CON DICTAMEN (AFIRMATIVA) CONJUNTAMENTE PARA LOS EXPEDIENTES 0257-S-2006, 1712-S-2005, 2948-S-2005, 4068-S-2005, 0010-S-2006, 0433-S-2006, 1237-S-2006 y 2557-S-2006","('0010-S-2006', 7)":"MOCION DE PREFERENCIA PARA LA PROXIMA SESION CON DICTAMEN (AFIRMATIVA) CONJUNTAMENTE PARA LOS EXPEDIENTES 0257-S-2006, 1712-S-2005, 2948-S-2005, 4068-S-2005, 0010-S-2006, 0433-S-2006, 1237-S-2006 y 2557-S-2006","('0010-S-2006', 8)":"MOCION DE PREFERENCIA PARA LA PROXIMA SESION CON DICTAMEN (AFIRMATIVA) CONJUNTAMENTE PARA LOS EXPEDIENTES 0257-S-2006, 1712-S-2005, 2948-S-2005, 4068-S-2005, 0010-S-2006, 0433-S-2006, 1237-S-2006 y 2557-S-2006","('0010-S-2006', 9)":"MOCION DE PREFERENCIA PARA LA PROXIMA SESION CON DICTAMEN (AFIRMATIVA) CONJUNTAMENTE PARA LOS EXPEDIENTES 0257-S-2006, 1712-S-2005, 2948-S-2005, 4068-S-2005, 0010-S-2006, 0433-S-2006, 1237-S-2006 y 2557-S-2006","('0010-S-2006', 10)":"CONSIDERACION CONJUNTAMENTE PARA LOS EXPEDIENTES 0257-S-2006, 1712-S-2005, 2948-S-2005, 4068-S-2005, 0010-S-2006, 0433-S-2006, 1237-S-2006 y 2557-S-2006","('0010-S-2006', 11)":"CONTINUA CONSIDERACION Y SANCION CONJUNTAMENTE PARA LOS EXPEDIENTES 0257-S-2006, 1712-S-2005, 2948-S-2005, 4068-S-2005, 0010-S-2006, 0433-S-2006, 1237-S-2006 y 2557-S-2006","('0010-S-2006', 12)":"INSERCIONES DE LOS DIPUTADOS BURZACO, MASSEI Y SOLANAS CONJUNTAMENTE PARA LOS EXPEDIENTES 0257-S-2006, 1712-S-2005, 2948-S-2005, 4068-S-2005, 0010-S-2006, 0433-S-2006, 1237-S-2006 y 2557-S-2006"},"('Tramites', 'FECHA')":{"('0010-S-2006', 0)":"06\/12\/2006","('0010-S-2006', 1)":"06\/12\/2006","('0010-S-2006', 2)":"06\/12\/2006","('0010-S-2006', 3)":"06\/12\/2006","('0010-S-2006', 4)":null,"('0010-S-2006', 5)":"09\/05\/2007","('0010-S-2006', 6)":"15\/08\/2007","('0010-S-2006', 7)":"07\/11\/2007","('0010-S-2006', 8)":"14\/11\/2007","('0010-S-2006', 9)":"21\/11\/2007","('0010-S-2006', 10)":"09\/04\/2008","('0010-S-2006', 11)":"09\/04\/2008","('0010-S-2006', 12)":"09\/04\/2008"},"('Tramites', 'RESULTADO')":{"('0010-S-2006', 0)":null,"('0010-S-2006', 1)":null,"('0010-S-2006', 2)":"MEDIA SANCION","('0010-S-2006', 3)":null,"('0010-S-2006', 4)":null,"('0010-S-2006', 5)":null,"('0010-S-2006', 6)":null,"('0010-S-2006', 7)":null,"('0010-S-2006', 8)":null,"('0010-S-2006', 9)":null,"('0010-S-2006', 10)":null,"('0010-S-2006', 11)":"SANCIONADO","('0010-S-2006', 12)":null},"Sumario":{"('0010-S-2006', 0)":"SUSTITUCION DE LOS ARTICULOS 126, 127 Y 127 TER (PROMOCION DE LA PROSTITUCION); ASISTENCIA A LAS VICTIMAS; SISTEMA DE INFORMACION.","('0010-S-2006', 1)":null,"('0010-S-2006', 2)":null,"('0010-S-2006', 3)":null,"('0010-S-2006', 4)":null,"('0010-S-2006', 5)":null,"('0010-S-2006', 6)":null,"('0010-S-2006', 7)":null,"('0010-S-2006', 8)":null,"('0010-S-2006', 9)":null,"('0010-S-2006', 10)":null,"('0010-S-2006', 11)":null,"('0010-S-2006', 12)":null},"Palabra Clave":{"('0010-S-2006', 0)":" ","('0010-S-2006', 1)":null,"('0010-S-2006', 2)":null,"('0010-S-2006', 3)":null,"('0010-S-2006', 4)":null,"('0010-S-2006', 5)":null,"('0010-S-2006', 6)":null,"('0010-S-2006', 7)":null,"('0010-S-2006', 8)":null,"('0010-S-2006', 9)":null,"('0010-S-2006', 10)":null,"('0010-S-2006', 11)":null,"('0010-S-2006', 12)":null}}