{"Tipo de Proyecto":{"('0011-PE-2006', 0)":"MENSAJE NRO: 0374\/06","('0011-PE-2006', 1)":null,"('0011-PE-2006', 2)":null,"('0011-PE-2006', 3)":null,"('0011-PE-2006', 4)":null},"Iniciado en: ":{"('0011-PE-2006', 0)":"Diputados","('0011-PE-2006', 1)":null,"('0011-PE-2006', 2)":null,"('0011-PE-2006', 3)":null,"('0011-PE-2006', 4)":null},"Expediente Diputados: ":{"('0011-PE-2006', 0)":"0011-PE-2006","('0011-PE-2006', 1)":null,"('0011-PE-2006', 2)":null,"('0011-PE-2006', 3)":null,"('0011-PE-2006', 4)":null},"Publicado en: ":{"('0011-PE-2006', 0)":"Tr\u00e1mite Parlamentario N\u00b0 25","('0011-PE-2006', 1)":null,"('0011-PE-2006', 2)":null,"('0011-PE-2006', 3)":null,"('0011-PE-2006', 4)":null},"Fecha: ":{"('0011-PE-2006', 0)":"05\/04\/2006","('0011-PE-2006', 1)":null,"('0011-PE-2006', 2)":null,"('0011-PE-2006', 3)":null,"('0011-PE-2006', 4)":null},"T\u00edtulo":{"('0011-PE-2006', 0)":"COMUNICACION DEL DECRETO 373\/2006 MODIFICATORIO DEL ARTICULO 2 DECRETO 304\/2006 (AGUA Y SANEAMIENTOS ARGENTINOS SOCIEDAD ANONIMA - AYSA); INTRANSFERIBILIDAD DE LAS ACCIONES DEL ESTADO NACIONAL.","('0011-PE-2006', 1)":null,"('0011-PE-2006', 2)":null,"('0011-PE-2006', 3)":null,"('0011-PE-2006', 4)":null},"('Firmantes', 'FIRMANTE')":{"('0011-PE-2006', 0)":"KIRCHNER, NESTOR CARLOS","('0011-PE-2006', 1)":"FERNANDEZ, ALBERTO","('0011-PE-2006', 2)":"DE VIDO, JULIO","('0011-PE-2006', 3)":null,"('0011-PE-2006', 4)":null},"('Firmantes', 'DISTRITO')":{"('0011-PE-2006', 0)":null,"('0011-PE-2006', 1)":null,"('0011-PE-2006', 2)":null,"('0011-PE-2006', 3)":null,"('0011-PE-2006', 4)":null},"('Firmantes', 'BLOQUE')":{"('0011-PE-2006', 0)":"PODER EJECUTIVO","('0011-PE-2006', 1)":"PODER EJECUTIVO","('0011-PE-2006', 2)":"PODER EJECUTIVO","('0011-PE-2006', 3)":null,"('0011-PE-2006', 4)":null},"('Giros', 'COMISI\u00d3N')":{"('0011-PE-2006', 0)":"OBRAS PUBLICAS","('0011-PE-2006', 1)":"PRESUPUESTO Y HACIENDA","('0011-PE-2006', 2)":null,"('0011-PE-2006', 3)":null,"('0011-PE-2006', 4)":null},"('Tramites', 'C\u00c1MARA')":{"('0011-PE-2006', 0)":"Diputados","('0011-PE-2006', 1)":"Diputados","('0011-PE-2006', 2)":"Diputados","('0011-PE-2006', 3)":"Senado","('0011-PE-2006', 4)":"Senado"},"('Tramites', 'MOVIMIENTO')":{"('0011-PE-2006', 0)":"MOCION SOBRE TABLAS (AFIRMATIVA) CONJUNTAMENTE PARA LOS EXPEDIENTES 0004-PE-2006, 0007-CD-2006 y 0011-PE-2006","('0011-PE-2006', 1)":"CONSIDERACION Y APROBACION (VOTACION NOMINAL) CONJUNTAMENTE PARA LOS EXPEDIENTES 0004-PE-2006, 0007-CD-2006 y 0011-PE-2006","('0011-PE-2006', 2)":"INSERCIONES CONJUNTAMENTE PARA LOS EXPEDIENTES 0004-PE-2006, 0007-CD-2006 y 0011-PE-2006","('0011-PE-2006', 3)":"PASA A SENADO - CONJUNTAMENTE PARA LOS EXPEDIENTES 0004-PE-2006, 0007-CD-2006 y 0011-PE-2006","('0011-PE-2006', 4)":"CONSIDERACION Y SANCION CONJUNTAMENTE PARA LOS EXPEDIENTES 0004-PE-2006, 0007-CD-2006 y 0011-PE-2006"},"('Tramites', 'FECHA')":{"('0011-PE-2006', 0)":"05\/04\/2006","('0011-PE-2006', 1)":"05\/04\/2006","('0011-PE-2006', 2)":"05\/04\/2006","('0011-PE-2006', 3)":null,"('0011-PE-2006', 4)":"17\/05\/2006"},"('Tramites', 'RESULTADO')":{"('0011-PE-2006', 0)":null,"('0011-PE-2006', 1)":"MEDIA SANCION","('0011-PE-2006', 2)":null,"('0011-PE-2006', 3)":null,"('0011-PE-2006', 4)":"SANCIONADO"},"Link":{"('0011-PE-2006', 0)":"http:\/\/www.senado.gov.ar\/web\/proyectos\/verExpe.php?origen=S&nro_comision=&tipo=PL&numexp=0\/00&tConsulta=4","('0011-PE-2006', 1)":null,"('0011-PE-2006', 2)":null,"('0011-PE-2006', 3)":null,"('0011-PE-2006', 4)":null},"Palabra Clave":{"('0011-PE-2006', 0)":" ","('0011-PE-2006', 1)":null,"('0011-PE-2006', 2)":null,"('0011-PE-2006', 3)":null,"('0011-PE-2006', 4)":null}}