{"Tipo de Proyecto":{"('0011-D-2006', 0)":"PROYECTO DE DECLARACI\u00d3N","('0011-D-2006', 1)":null},"Iniciado en: ":{"('0011-D-2006', 0)":"Diputados","('0011-D-2006', 1)":null},"Expediente Diputados: ":{"('0011-D-2006', 0)":"0011-D-2006","('0011-D-2006', 1)":null},"Publicado en: ":{"('0011-D-2006', 0)":"Tr\u00e1mite Parlamentario N\u00b0 1","('0011-D-2006', 1)":null},"Fecha: ":{"('0011-D-2006', 0)":"01\/03\/2006","('0011-D-2006', 1)":null},"T\u00edtulo":{"('0011-D-2006', 0)":"SOLICITAR AL PODER EJECUTIVO NACIONAL LA REGLAMENTACION DE LA LEY 24788, DE LUCHA CONTRA EL ALCOHOLISMO.","('0011-D-2006', 1)":null},"('Firmantes', 'FIRMANTE')":{"('0011-D-2006', 0)":"MONTENEGRO, OLINDA","('0011-D-2006', 1)":"ZIMMERMANN, VICTOR"},"('Firmantes', 'DISTRITO')":{"('0011-D-2006', 0)":"CHACO","('0011-D-2006', 1)":"CHACO"},"('Firmantes', 'BLOQUE')":{"('0011-D-2006', 0)":"UCR","('0011-D-2006', 1)":"UCR"},"('Giros', 'COMISI\u00d3N')":{"('0011-D-2006', 0)":"PREVENCION DE ADICCIONES Y CONTROL DEL NARCOTRAFICO","('0011-D-2006', 1)":"ACCION SOCIAL Y SALUD PUBLICA"},"('Tramites', 'C\u00c1MARA')":{"('0011-D-2006', 0)":"Diputados","('0011-D-2006', 1)":"Diputados"},"('Tramites', 'MOVIMIENTO')":{"('0011-D-2006', 0)":"CONSIDERACION Y APROBACION","('0011-D-2006', 1)":"CONTESTACION DEL PODER EJECUTIVO NACIONAL - JEFE DE GABINETE DE MINISTROS - GIRADO A LA COMISION RESPECTIVA"},"('Tramites', 'FECHA')":{"('0011-D-2006', 0)":"28\/06\/2006","('0011-D-2006', 1)":"07\/11\/2007"},"('Tramites', 'RESULTADO')":{"('0011-D-2006', 0)":"APROBADO","('0011-D-2006', 1)":null},"Link":{"('0011-D-2006', 0)":"https:\/\/www.hcdn.gob.ar\/proyectos\/textoCompleto.jsp?exp=0011-D-2006&tipo=DECLARACION","('0011-D-2006', 1)":null},"Palabra Clave":{"('0011-D-2006', 0)":" ","('0011-D-2006', 1)":null}}