{"Tipo de Proyecto":{"('0012-S-2006', 0)":"PROYECTO DE LEY","('0012-S-2006', 1)":null,"('0012-S-2006', 2)":null,"('0012-S-2006', 3)":null,"('0012-S-2006', 4)":null,"('0012-S-2006', 5)":null},"Iniciado en: ":{"('0012-S-2006', 0)":"Senado","('0012-S-2006', 1)":null,"('0012-S-2006', 2)":null,"('0012-S-2006', 3)":null,"('0012-S-2006', 4)":null,"('0012-S-2006', 5)":null},"Expediente Senado: ":{"('0012-S-2006', 0)":"0012-S-2006","('0012-S-2006', 1)":null,"('0012-S-2006', 2)":null,"('0012-S-2006', 3)":null,"('0012-S-2006', 4)":null,"('0012-S-2006', 5)":null},"Publicado en: ":{"('0012-S-2006', 0)":"Diario de Asuntos Entrados N\u00b0 1","('0012-S-2006', 1)":null,"('0012-S-2006', 2)":null,"('0012-S-2006', 3)":null,"('0012-S-2006', 4)":null,"('0012-S-2006', 5)":null},"Fecha: ":{"('0012-S-2006', 0)":"01\/03\/2006","('0012-S-2006', 1)":null,"('0012-S-2006', 2)":null,"('0012-S-2006', 3)":null,"('0012-S-2006', 4)":null,"('0012-S-2006', 5)":null},"T\u00edtulo":{"('0012-S-2006', 0)":"DETECCION Y TRATAMIENTO PRECOZ DEL MAL DE CHAGAS Y ELIMINACION DE LA DISCRIMINACION LABORAL A LOS ENFERMOS CHAGASICOS.","('0012-S-2006', 1)":null,"('0012-S-2006', 2)":null,"('0012-S-2006', 3)":null,"('0012-S-2006', 4)":null,"('0012-S-2006', 5)":null},"('Firmantes', 'FIRMANTE')":{"('0012-S-2006', 0)":"CAPITANICH, JORGE","('0012-S-2006', 1)":null,"('0012-S-2006', 2)":null,"('0012-S-2006', 3)":null,"('0012-S-2006', 4)":null,"('0012-S-2006', 5)":null},"('Firmantes', 'DISTRITO')":{"('0012-S-2006', 0)":"CHACO","('0012-S-2006', 1)":null,"('0012-S-2006', 2)":null,"('0012-S-2006', 3)":null,"('0012-S-2006', 4)":null,"('0012-S-2006', 5)":null},"('Firmantes', 'BLOQUE')":{"('0012-S-2006', 0)":"JUSTICIALISTA","('0012-S-2006', 1)":null,"('0012-S-2006', 2)":null,"('0012-S-2006', 3)":null,"('0012-S-2006', 4)":null,"('0012-S-2006', 5)":null},"('Tramites', 'C\u00c1MARA')":{"('0012-S-2006', 0)":"Senado","('0012-S-2006', 1)":"Senado","('0012-S-2006', 2)":"Diputados","('0012-S-2006', 3)":"Diputados","('0012-S-2006', 4)":"Senado","('0012-S-2006', 5)":"Senado"},"('Tramites', 'MOVIMIENTO')":{"('0012-S-2006', 0)":"MOCION SOBRE TABLAS (AFIRMATIVA) CONJUNTAMENTE PARA LOS EXPEDIENTES 0012-S-2006, 0095-S-2006, 0116-S-2006 y 1140-S-2006","('0012-S-2006', 1)":"CONSIDERACION Y APROBACION CON MODIFICACIONES CONJUNTAMENTE PARA LOS EXPEDIENTES 0012-S-2006, 0095-S-2006, 0116-S-2006 y 1140-S-2006","('0012-S-2006', 2)":"PASA A DIPUTADOS - CONJUNTAMENTE PARA LOS EXPEDIENTES 0012-S-2006, 0095-S-2006, 0116-S-2006 y 1140-S-2006","('0012-S-2006', 3)":"CONSIDERACION Y APROBACION CONJUNTAMENTE PARA LOS EXPEDIENTES 0012-S-2006, 0095-S-2006, 0116-S-2006 y 1140-S-2006","('0012-S-2006', 4)":"VUELVE A SENADO - CONJUNTAMENTE PARA LOS EXPEDIENTES 0012-S-2006, 0095-S-2006, 0116-S-2006 y 1140-S-2006","('0012-S-2006', 5)":"CONSIDERACION Y SANCION (ACEPTACION PARCIAL DE LAS MODIFICACIONES INTRODUCIDAS POR LA H CAMARA DE DIPUTADOS) CONJUNTAMENTE PARA LOS EXPEDIENTES 0012-S-2006, 0095-S-2006, 0116-S-2006 y 1140-S-2006"},"('Tramites', 'FECHA')":{"('0012-S-2006', 0)":"28\/06\/2006","('0012-S-2006', 1)":"28\/06\/2006","('0012-S-2006', 2)":null,"('0012-S-2006', 3)":"28\/03\/2007","('0012-S-2006', 4)":null,"('0012-S-2006', 5)":"08\/08\/2007"},"('Tramites', 'RESULTADO')":{"('0012-S-2006', 0)":null,"('0012-S-2006', 1)":"MEDIA SANCION","('0012-S-2006', 2)":null,"('0012-S-2006', 3)":"MEDIA SANCION","('0012-S-2006', 4)":null,"('0012-S-2006', 5)":"SANCIONADO"},"Sumario":{"('0012-S-2006', 0)":"DEJAR SIN EFECTO LOS DISPUESTO EN EL ARTICULO 7 DE LA LEY 22360 (PREVENCION Y LUCHA CONTRA LA ENFERMEDAD DE CHAGAS MAZZA); ESTABLECER CON CARACTER OBLIGATORIO EN TODO EL TERRITORIO NACIONAL LA REALIZACION DEL EXAMEN EN TODA MUJER EMBARAZADA, EN LOS RECIEN NACIDOS DE MADRE INFECTADA, EN LOS NI\u00d1OS INGRESANTES A ESCUELAS PRIMARIAS Y SECUNDARIAS; GRATUIDAD DE LOS EXAMENES; ACTUALIZACION DEL SISTEMA NACIONAL DE INFORMACION SOBRE LA ENFERMEDAD DE CHAGAS - MAZZA; ELABORACION ANUAL DE UN MAPA SANITARIO; ACCIONES; SANCIONES.","('0012-S-2006', 1)":null,"('0012-S-2006', 2)":null,"('0012-S-2006', 3)":null,"('0012-S-2006', 4)":null,"('0012-S-2006', 5)":null},"Palabra Clave":{"('0012-S-2006', 0)":" ","('0012-S-2006', 1)":null,"('0012-S-2006', 2)":null,"('0012-S-2006', 3)":null,"('0012-S-2006', 4)":null,"('0012-S-2006', 5)":null}}