{"Tipo de Proyecto":{"('0012-PE-2006', 0)":"MENSAJE NRO: 0386\/06","('0012-PE-2006', 1)":null,"('0012-PE-2006', 2)":null},"Iniciado en: ":{"('0012-PE-2006', 0)":"Diputados","('0012-PE-2006', 1)":null,"('0012-PE-2006', 2)":null},"Expediente Diputados: ":{"('0012-PE-2006', 0)":"0012-PE-2006","('0012-PE-2006', 1)":null,"('0012-PE-2006', 2)":null},"Publicado en: ":{"('0012-PE-2006', 0)":"Tr\u00e1mite Parlamentario N\u00b0 27","('0012-PE-2006', 1)":null,"('0012-PE-2006', 2)":null},"Fecha: ":{"('0012-PE-2006', 0)":"06\/04\/2006","('0012-PE-2006', 1)":null,"('0012-PE-2006', 2)":null},"T\u00edtulo":{"('0012-PE-2006', 0)":"COMUNICACION DEL DECRETO 385\/06, POR EL CUAL SE RATIFICA EL ACTA ACUERDO DE RENEGOCIACION CONTRACTUAL CELEBRADA POR LA UNIDAD DE RENEGOCIACION DE LOS CONTRATOS DE SERVICIOS PUBLICOS Y LA EMPRESA GAS NATURAL BAN SA.","('0012-PE-2006', 1)":null,"('0012-PE-2006', 2)":null},"('Firmantes', 'FIRMANTE')":{"('0012-PE-2006', 0)":"KIRCHNER, NESTOR CARLOS","('0012-PE-2006', 1)":"FERNANDEZ, ALBERTO","('0012-PE-2006', 2)":"MICELI, FELISA JOSEFINA"},"('Firmantes', 'DISTRITO')":{"('0012-PE-2006', 0)":null,"('0012-PE-2006', 1)":null,"('0012-PE-2006', 2)":null},"('Firmantes', 'BLOQUE')":{"('0012-PE-2006', 0)":"PODER EJECUTIVO","('0012-PE-2006', 1)":"PODER EJECUTIVO","('0012-PE-2006', 2)":"PODER EJECUTIVO"},"('Giros', 'COMISI\u00d3N')":{"('0012-PE-2006', 0)":"BICAMERAL DE SEGUIMIENTO DE FACULTADES DELEGADAS AL PODER EJECUTIVO NACIONAL - LEY 25561","('0012-PE-2006', 1)":null,"('0012-PE-2006', 2)":null},"Palabra Clave":{"('0012-PE-2006', 0)":" ","('0012-PE-2006', 1)":null,"('0012-PE-2006', 2)":null}}