{"Tipo de Proyecto":{"('0013-D-2006', 0)":"PROYECTO DE RESOLUCI\u00d3N","('0013-D-2006', 1)":null},"Iniciado en: ":{"('0013-D-2006', 0)":"Diputados","('0013-D-2006', 1)":null},"Expediente Diputados: ":{"('0013-D-2006', 0)":"0013-D-2006","('0013-D-2006', 1)":null},"Publicado en: ":{"('0013-D-2006', 0)":"Tr\u00e1mite Parlamentario N\u00b0 1","('0013-D-2006', 1)":null},"Fecha: ":{"('0013-D-2006', 0)":"01\/03\/2006","('0013-D-2006', 1)":null},"T\u00edtulo":{"('0013-D-2006', 0)":"PEDIDO DE INFORMES AL PODER EJECUTIVO NACIONAL SOBRE LA EXISTENCIA DE ESTADISTICAS ACERCA DE LA TEMATICA DE VIOLENCIA FAMILIAR.","('0013-D-2006', 1)":null},"('Firmantes', 'FIRMANTE')":{"('0013-D-2006', 0)":"MONTENEGRO, OLINDA","('0013-D-2006', 1)":"ZIMMERMANN, VICTOR"},"('Firmantes', 'DISTRITO')":{"('0013-D-2006', 0)":"CHACO","('0013-D-2006', 1)":"CHACO"},"('Firmantes', 'BLOQUE')":{"('0013-D-2006', 0)":"UCR","('0013-D-2006', 1)":"UCR"},"('Giros', 'COMISI\u00d3N')":{"('0013-D-2006', 0)":"FAMILIA, MUJER, NI\u00d1EZ Y ADOLESCENCIA","('0013-D-2006', 1)":null},"Link":{"('0013-D-2006', 0)":"https:\/\/www.hcdn.gob.ar\/proyectos\/textoCompleto.jsp?exp=0013-D-2006&tipo=RESOLUCION","('0013-D-2006', 1)":null},"Palabra Clave":{"('0013-D-2006', 0)":" ","('0013-D-2006', 1)":null}}