{"Tipo de Proyecto":{"('0014-PE-2006', 0)":"MENSAJE NRO: 0493\/06","('0014-PE-2006', 1)":null,"('0014-PE-2006', 2)":null},"Iniciado en: ":{"('0014-PE-2006', 0)":"Diputados","('0014-PE-2006', 1)":null,"('0014-PE-2006', 2)":null},"Expediente Diputados: ":{"('0014-PE-2006', 0)":"0014-PE-2006","('0014-PE-2006', 1)":null,"('0014-PE-2006', 2)":null},"Publicado en: ":{"('0014-PE-2006', 0)":"Tr\u00e1mite Parlamentario N\u00b0 37","('0014-PE-2006', 1)":null,"('0014-PE-2006', 2)":null},"Fecha: ":{"('0014-PE-2006', 0)":"25\/04\/2006","('0014-PE-2006', 1)":null,"('0014-PE-2006', 2)":null},"T\u00edtulo":{"('0014-PE-2006', 0)":"COMUNICACION DEL DECRETO 446\/06, POR EL CUAL SE DECLARA EN ESTADO DE EMERGENCIA POR EL TERMINO DE CIENTO OCHENTA DIAS LA PRESTACION DEL SERVICIO FERROVIARIO DE TRANSPORTE DE CARGAS Y PASAJEROS A CARGO DE LA EMPRESA BELGRANO CARGAS SOCIEDAD ANONIMA.","('0014-PE-2006', 1)":null,"('0014-PE-2006', 2)":null},"('Firmantes', 'FIRMANTE')":{"('0014-PE-2006', 0)":"KIRCHNER, NESTOR CARLOS","('0014-PE-2006', 1)":"FERNANDEZ, ALBERTO","('0014-PE-2006', 2)":"DE VIDO, JULIO"},"('Firmantes', 'DISTRITO')":{"('0014-PE-2006', 0)":null,"('0014-PE-2006', 1)":null,"('0014-PE-2006', 2)":null},"('Firmantes', 'BLOQUE')":{"('0014-PE-2006', 0)":"PODER EJECUTIVO","('0014-PE-2006', 1)":"PODER EJECUTIVO","('0014-PE-2006', 2)":"PODER EJECUTIVO"},"('Giros', 'COMISI\u00d3N')":{"('0014-PE-2006', 0)":"BICAMERAL DE SEGUIMIENTO DE FACULTADES DELEGADAS AL PODER EJECUTIVO NACIONAL - LEY 25561","('0014-PE-2006', 1)":null,"('0014-PE-2006', 2)":null},"Palabra Clave":{"('0014-PE-2006', 0)":" ","('0014-PE-2006', 1)":null,"('0014-PE-2006', 2)":null}}