{"Tipo de Proyecto":{"('0014-D-2006', 0)":"PROYECTO DE DECLARACI\u00d3N","('0014-D-2006', 1)":null},"Iniciado en: ":{"('0014-D-2006', 0)":"Diputados","('0014-D-2006', 1)":null},"Expediente Diputados: ":{"('0014-D-2006', 0)":"0014-D-2006","('0014-D-2006', 1)":null},"Publicado en: ":{"('0014-D-2006', 0)":"Tr\u00e1mite Parlamentario N\u00b0 1","('0014-D-2006', 1)":null},"Fecha: ":{"('0014-D-2006', 0)":"01\/03\/2006","('0014-D-2006', 1)":null},"T\u00edtulo":{"('0014-D-2006', 0)":"DECLARAR DE INTERES PARLAMENTARIO LA DIFUSION DEL LIBRO \"JUNTOS\".","('0014-D-2006', 1)":null},"('Firmantes', 'FIRMANTE')":{"('0014-D-2006', 0)":"MONTENEGRO, OLINDA","('0014-D-2006', 1)":"ZIMMERMANN, VICTOR"},"('Firmantes', 'DISTRITO')":{"('0014-D-2006', 0)":"CHACO","('0014-D-2006', 1)":"CHACO"},"('Firmantes', 'BLOQUE')":{"('0014-D-2006', 0)":"UCR","('0014-D-2006', 1)":"UCR"},"('Giros', 'COMISI\u00d3N')":{"('0014-D-2006', 0)":"CULTURA","('0014-D-2006', 1)":null},"('Tramites', 'C\u00c1MARA')":{"('0014-D-2006', 0)":"Diputados","('0014-D-2006', 1)":null},"('Tramites', 'MOVIMIENTO')":{"('0014-D-2006', 0)":"CONSIDERACION Y APROBACION","('0014-D-2006', 1)":null},"('Tramites', 'FECHA')":{"('0014-D-2006', 0)":"19\/07\/2006","('0014-D-2006', 1)":null},"('Tramites', 'RESULTADO')":{"('0014-D-2006', 0)":"APROBADO","('0014-D-2006', 1)":null},"Link":{"('0014-D-2006', 0)":"https:\/\/www.hcdn.gob.ar\/proyectos\/textoCompleto.jsp?exp=0014-D-2006&tipo=DECLARACION","('0014-D-2006', 1)":null},"Palabra Clave":{"('0014-D-2006', 0)":" ","('0014-D-2006', 1)":null}}