{"Tipo de Proyecto":{"('0015-S-2006', 0)":"COMUNICACION","('0015-S-2006', 1)":null},"Iniciado en: ":{"('0015-S-2006', 0)":"Senado","('0015-S-2006', 1)":null},"Expediente Senado: ":{"('0015-S-2006', 0)":"0015-S-2006","('0015-S-2006', 1)":null},"Publicado en: ":{"('0015-S-2006', 0)":"Diario de Asuntos Entrados N\u00b0 1","('0015-S-2006', 1)":null},"Fecha: ":{"('0015-S-2006', 0)":"01\/03\/2006","('0015-S-2006', 1)":null},"T\u00edtulo":{"('0015-S-2006', 0)":"SOLICITAR AL PODER EJECUTIVO SE DE CUMPLIMIENTO AL ARTICULO 3 DEL CONVENIO DE TRANSFERENCIA DEL SISTEMA PREVISIONAL SOCIAL PROVINCIAL, SUSCRIPTO CON LA PROVINCIA DE CATAMARCA.","('0015-S-2006', 1)":null},"('Firmantes', 'FIRMANTE')":{"('0015-S-2006', 0)":"SAADI, RAMON EDUARDO","('0015-S-2006', 1)":null},"('Firmantes', 'DISTRITO')":{"('0015-S-2006', 0)":"CATAMARCA","('0015-S-2006', 1)":null},"('Firmantes', 'BLOQUE')":{"('0015-S-2006', 0)":"JUSTICIALISTA","('0015-S-2006', 1)":null},"('Tramites', 'C\u00c1MARA')":{"('0015-S-2006', 0)":"Senado","('0015-S-2006', 1)":"Senado"},"('Tramites', 'MOVIMIENTO')":{"('0015-S-2006', 0)":"CONSIDERACION Y APROBACION","('0015-S-2006', 1)":"CONTESTACION DEL PODER EJECUTIVO NACIONAL - GIRADO A LA COMISION RESPECTIVA"},"('Tramites', 'FECHA')":{"('0015-S-2006', 0)":"14\/06\/2006","('0015-S-2006', 1)":null},"('Tramites', 'RESULTADO')":{"('0015-S-2006', 0)":"APROBADO","('0015-S-2006', 1)":null},"Link":{"('0015-S-2006', 0)":"http:\/\/www.senado.gov.ar\/parlamentario\/comisiones\/verExp\/15.06\/S\/PC","('0015-S-2006', 1)":null},"Palabra Clave":{"('0015-S-2006', 0)":" ","('0015-S-2006', 1)":null}}