{"Tipo de Proyecto":{"('0015-D-2006', 0)":"PROYECTO DE LEY","('0015-D-2006', 1)":null},"Iniciado en: ":{"('0015-D-2006', 0)":"Diputados","('0015-D-2006', 1)":null},"Expediente Diputados: ":{"('0015-D-2006', 0)":"0015-D-2006","('0015-D-2006', 1)":null},"Publicado en: ":{"('0015-D-2006', 0)":"Tr\u00e1mite Parlamentario N\u00b0 1","('0015-D-2006', 1)":null},"Fecha: ":{"('0015-D-2006', 0)":"01\/03\/2006","('0015-D-2006', 1)":null},"T\u00edtulo":{"('0015-D-2006', 0)":"MODIFICACION DEL ARTICULO 158 DE LA LEY 20744 DE CONTRATO DE TRABAJO EN RELACION A LAS LICENCIAS ESPECIALES DE LAS QUE GOZARA EL TRABAJADOR.","('0015-D-2006', 1)":null},"('Firmantes', 'FIRMANTE')":{"('0015-D-2006', 0)":"MONTENEGRO, OLINDA","('0015-D-2006', 1)":"ZIMMERMANN, VICTOR"},"('Firmantes', 'DISTRITO')":{"('0015-D-2006', 0)":"CHACO","('0015-D-2006', 1)":"CHACO"},"('Firmantes', 'BLOQUE')":{"('0015-D-2006', 0)":"UCR","('0015-D-2006', 1)":"UCR"},"('Giros', 'COMISI\u00d3N')":{"('0015-D-2006', 0)":"LEGISLACION DEL TRABAJO","('0015-D-2006', 1)":"FAMILIA, MUJER, NI\u00d1EZ Y ADOLESCENCIA"},"('Tramites', 'C\u00c1MARA')":{"('0015-D-2006', 0)":"Diputados","('0015-D-2006', 1)":"Senado"},"('Tramites', 'MOVIMIENTO')":{"('0015-D-2006', 0)":"CONSIDERACION Y APROBACION CON MODIFICACIONES CONJUNTAMENTE PARA LOS EXPEDIENTES 0195-D-2005, 0145-CD-2006, 0512-D-2005, 1335-D-2005, 1410-D-2005, 2138-D-2005, 2977-D-2005, 3058-D-2005, 3283-D-2005, 3966-D-2005, 3980-D-2005, 5640-D-2005, 0015-D-2006, 0440-D-2006, 0899-D-2006, 1573-D-2006, 1734-D-2006, 1825-D-2006, 2115-D-2006, 2957-D-2006, 3136-D-2006, 3375-D-2006, 3546-D-2006, 3566-D-2006, 3860-D-2006, 4025-D-2006 y 4268-D-2006","('0015-D-2006', 1)":"PASA A SENADO - CONJUNTAMENTE PARA LOS EXPEDIENTES 0195-D-2005, 0145-CD-2006, 0512-D-2005, 1335-D-2005, 1410-D-2005, 2138-D-2005, 2977-D-2005, 3058-D-2005, 3283-D-2005, 3966-D-2005, 3980-D-2005, 5640-D-2005, 0015-D-2006, 0440-D-2006, 0899-D-2006, 1573-D-2006, 1734-D-2006, 1825-D-2006, 2115-D-2006, 2957-D-2006, 3136-D-2006, 3375-D-2006, 3546-D-2006, 3566-D-2006, 3860-D-2006, 4025-D-2006 y 4268-D-2006"},"('Tramites', 'FECHA')":{"('0015-D-2006', 0)":"29\/11\/2006","('0015-D-2006', 1)":null},"('Tramites', 'RESULTADO')":{"('0015-D-2006', 0)":"MEDIA SANCION","('0015-D-2006', 1)":null},"Link":{"('0015-D-2006', 0)":"https:\/\/www.hcdn.gob.ar\/proyectos\/textoCompleto.jsp?exp=0015-D-2006&tipo=LEY","('0015-D-2006', 1)":null},"Palabra Clave":{"('0015-D-2006', 0)":" ","('0015-D-2006', 1)":null}}