{"Tipo de Proyecto":{"('0016-D-2006', 0)":"PROYECTO DE LEY","('0016-D-2006', 1)":null},"Iniciado en: ":{"('0016-D-2006', 0)":"Diputados","('0016-D-2006', 1)":null},"Expediente Diputados: ":{"('0016-D-2006', 0)":"0016-D-2006","('0016-D-2006', 1)":null},"Publicado en: ":{"('0016-D-2006', 0)":"Tr\u00e1mite Parlamentario N\u00b0 1","('0016-D-2006', 1)":null},"Fecha: ":{"('0016-D-2006', 0)":"01\/03\/2006","('0016-D-2006', 1)":null},"T\u00edtulo":{"('0016-D-2006', 0)":"MODIFICACION DEL ARTICULO 164 DE LA LEY 20744 DE CONTRATO DE TRABAJO, EN RELACION A LA ACUMULACION DE VACACIONES.","('0016-D-2006', 1)":null},"('Firmantes', 'FIRMANTE')":{"('0016-D-2006', 0)":"MONTENEGRO, OLINDA","('0016-D-2006', 1)":"ZIMMERMANN, VICTOR"},"('Firmantes', 'DISTRITO')":{"('0016-D-2006', 0)":"CHACO","('0016-D-2006', 1)":"CHACO"},"('Firmantes', 'BLOQUE')":{"('0016-D-2006', 0)":"UCR","('0016-D-2006', 1)":"UCR"},"('Giros', 'COMISI\u00d3N')":{"('0016-D-2006', 0)":"LEGISLACION DEL TRABAJO","('0016-D-2006', 1)":null},"Link":{"('0016-D-2006', 0)":"https:\/\/www.hcdn.gob.ar\/proyectos\/textoCompleto.jsp?exp=0016-D-2006&tipo=LEY","('0016-D-2006', 1)":null},"Palabra Clave":{"('0016-D-2006', 0)":" ","('0016-D-2006', 1)":null}}