{"Tipo de Proyecto":{"('0018-PE-2006', 0)":"MENSAJE NRO: 0531\/06","('0018-PE-2006', 1)":null,"('0018-PE-2006', 2)":null},"Iniciado en: ":{"('0018-PE-2006', 0)":"Diputados","('0018-PE-2006', 1)":null,"('0018-PE-2006', 2)":null},"Expediente Diputados: ":{"('0018-PE-2006', 0)":"0018-PE-2006","('0018-PE-2006', 1)":null,"('0018-PE-2006', 2)":null},"Publicado en: ":{"('0018-PE-2006', 0)":"Tr\u00e1mite Parlamentario N\u00b0 43","('0018-PE-2006', 1)":null,"('0018-PE-2006', 2)":null},"Fecha: ":{"('0018-PE-2006', 0)":"04\/05\/2006","('0018-PE-2006', 1)":null,"('0018-PE-2006', 2)":null},"T\u00edtulo":{"('0018-PE-2006', 0)":"COMUNICACION DEL DECRETO 530\/06 POR EL CUAL SE APRUEBA A PARTIR DEL 1 DE JULIO DE 2005 EL INCREMENTO DE LAS ASIGNACIONES PARA SU APLICACION A LA REMUNERACION DE LOS RESIDENTES QUE REALIZAN SU FORMACION EN EL HOSPITAL DE PEDIATRIA -SAMIC- PROFESOR JUAN P. GARRAHAN.","('0018-PE-2006', 1)":null,"('0018-PE-2006', 2)":null},"('Firmantes', 'FIRMANTE')":{"('0018-PE-2006', 0)":"KIRCHNER, NESTOR CARLOS","('0018-PE-2006', 1)":"FERNANDEZ, ALBERTO","('0018-PE-2006', 2)":"GONZALEZ GARCIA, GINES MARIO"},"('Firmantes', 'DISTRITO')":{"('0018-PE-2006', 0)":null,"('0018-PE-2006', 1)":null,"('0018-PE-2006', 2)":null},"('Firmantes', 'BLOQUE')":{"('0018-PE-2006', 0)":"PODER EJECUTIVO","('0018-PE-2006', 1)":"PODER EJECUTIVO","('0018-PE-2006', 2)":"PODER EJECUTIVO"},"('Giros', 'COMISI\u00d3N')":{"('0018-PE-2006', 0)":"ACCION SOCIAL Y SALUD PUBLICA","('0018-PE-2006', 1)":"PRESUPUESTO Y HACIENDA","('0018-PE-2006', 2)":null},"('Tramites', 'C\u00c1MARA')":{"('0018-PE-2006', 0)":"Diputados","('0018-PE-2006', 1)":null,"('0018-PE-2006', 2)":null},"('Tramites', 'MOVIMIENTO')":{"('0018-PE-2006', 0)":"VER TRAMITE EN EXPEDIENTE 7059-D-06","('0018-PE-2006', 1)":null,"('0018-PE-2006', 2)":null},"('Tramites', 'FECHA')":{"('0018-PE-2006', 0)":null,"('0018-PE-2006', 1)":null,"('0018-PE-2006', 2)":null},"('Tramites', 'RESULTADO')":{"('0018-PE-2006', 0)":null,"('0018-PE-2006', 1)":null,"('0018-PE-2006', 2)":null},"Palabra Clave":{"('0018-PE-2006', 0)":" ","('0018-PE-2006', 1)":null,"('0018-PE-2006', 2)":null}}