{"Tipo de Proyecto":{"('0018-S-2006', 0)":"PROYECTO DE DECLARACI\u00d3N"},"Iniciado en: ":{"('0018-S-2006', 0)":"Senado"},"Expediente Senado: ":{"('0018-S-2006', 0)":"0018-S-2006"},"Publicado en: ":{"('0018-S-2006', 0)":"Diario de Asuntos Entrados N\u00b0 1"},"Fecha: ":{"('0018-S-2006', 0)":"01\/03\/2006"},"T\u00edtulo":{"('0018-S-2006', 0)":"DECLARAR DE INTERES PARLAMENTARIO LA REALIZACION DEL IV CONGRESO MUNDIAL DE CAMELIDOS A REALIZARSE EN OCTUBRE DE 2006 EN LA PROVINCIA DE CATAMARCA."},"('Firmantes', 'FIRMANTE')":{"('0018-S-2006', 0)":"SAADI, RAMON EDUARDO"},"('Firmantes', 'DISTRITO')":{"('0018-S-2006', 0)":"CATAMARCA"},"('Firmantes', 'BLOQUE')":{"('0018-S-2006', 0)":"JUSTICIALISTA"},"('Tramites', 'C\u00c1MARA')":{"('0018-S-2006', 0)":"Senado"},"('Tramites', 'MOVIMIENTO')":{"('0018-S-2006', 0)":"APROBACION ARTICULO 106, PARRAFO 3 DEL REGLAMENTO DEL H SENADO"},"('Tramites', 'FECHA')":{"('0018-S-2006', 0)":"10\/05\/2006"},"('Tramites', 'RESULTADO')":{"('0018-S-2006', 0)":"APROBADO"},"Link":{"('0018-S-2006', 0)":"http:\/\/www.senado.gov.ar\/parlamentario\/comisiones\/verExp\/18.06\/S\/PD"},"Palabra Clave":{"('0018-S-2006', 0)":" "}}