{"Tipo de Proyecto":{"('0019-D-2006', 0)":"PROYECTO DE LEY","('0019-D-2006', 1)":null},"Iniciado en: ":{"('0019-D-2006', 0)":"Diputados","('0019-D-2006', 1)":null},"Expediente Diputados: ":{"('0019-D-2006', 0)":"0019-D-2006","('0019-D-2006', 1)":null},"Publicado en: ":{"('0019-D-2006', 0)":"Tr\u00e1mite Parlamentario N\u00b0 1","('0019-D-2006', 1)":null},"Fecha: ":{"('0019-D-2006', 0)":"01\/03\/2006","('0019-D-2006', 1)":null},"T\u00edtulo":{"('0019-D-2006', 0)":"MODIFICACION DEL ARTICULO 167 DEL CODIGO PENAL SOBRE ROBO EN DESPOBLADO O EN BANDA.","('0019-D-2006', 1)":null},"('Firmantes', 'FIRMANTE')":{"('0019-D-2006', 0)":"MONTENEGRO, OLINDA","('0019-D-2006', 1)":"ZIMMERMANN, VICTOR"},"('Firmantes', 'DISTRITO')":{"('0019-D-2006', 0)":"CHACO","('0019-D-2006', 1)":"CHACO"},"('Firmantes', 'BLOQUE')":{"('0019-D-2006', 0)":"UCR","('0019-D-2006', 1)":"UCR"},"('Giros', 'COMISI\u00d3N')":{"('0019-D-2006', 0)":"LEGISLACION PENAL","('0019-D-2006', 1)":null},"Link":{"('0019-D-2006', 0)":"https:\/\/www.hcdn.gob.ar\/proyectos\/textoCompleto.jsp?exp=0019-D-2006&tipo=LEY","('0019-D-2006', 1)":null},"Palabra Clave":{"('0019-D-2006', 0)":" ","('0019-D-2006', 1)":null}}