{"Tipo de Proyecto":{"('0020-S-2006', 0)":"PROYECTO DE DECLARACI\u00d3N"},"Iniciado en: ":{"('0020-S-2006', 0)":"Senado"},"Expediente Senado: ":{"('0020-S-2006', 0)":"0020-S-2006"},"Publicado en: ":{"('0020-S-2006', 0)":"Diario de Asuntos Entrados N\u00b0 1"},"Fecha: ":{"('0020-S-2006', 0)":"01\/03\/2006"},"T\u00edtulo":{"('0020-S-2006', 0)":"APOYAR EL INFORME DE LA COMISION DE DERECHOS HUMANOS DE NACIONES UNIDAS SOBRE EL CIERRE DEL CENTRO DE DETENCION QUE LOS ESTADOS UNIDOS TIENEN EN GUANTANAMO."},"('Firmantes', 'FIRMANTE')":{"('0020-S-2006', 0)":"MAZA, ADA MERCEDES"},"('Firmantes', 'DISTRITO')":{"('0020-S-2006', 0)":"LA RIOJA"},"('Firmantes', 'BLOQUE')":{"('0020-S-2006', 0)":"JUSTICIALISTA"},"('Tramites', 'C\u00c1MARA')":{"('0020-S-2006', 0)":"Senado"},"('Tramites', 'MOVIMIENTO')":{"('0020-S-2006', 0)":"CONSIDERACION Y APROBACION"},"('Tramites', 'FECHA')":{"('0020-S-2006', 0)":"23\/05\/2007"},"('Tramites', 'RESULTADO')":{"('0020-S-2006', 0)":"APROBADO"},"Link":{"('0020-S-2006', 0)":"http:\/\/www.senado.gov.ar\/parlamentario\/comisiones\/verExp\/20.06\/S\/PD"},"Palabra Clave":{"('0020-S-2006', 0)":" "}}