{"Tipo de Proyecto":{"('0020-PE-2006', 0)":"MENSAJE NRO: 0600\/06","('0020-PE-2006', 1)":null,"('0020-PE-2006', 2)":null},"Iniciado en: ":{"('0020-PE-2006', 0)":"Diputados","('0020-PE-2006', 1)":null,"('0020-PE-2006', 2)":null},"Expediente Diputados: ":{"('0020-PE-2006', 0)":"0020-PE-2006","('0020-PE-2006', 1)":null,"('0020-PE-2006', 2)":null},"Publicado en: ":{"('0020-PE-2006', 0)":"Tr\u00e1mite Parlamentario N\u00b0 50","('0020-PE-2006', 1)":null,"('0020-PE-2006', 2)":null},"Fecha: ":{"('0020-PE-2006', 0)":"15\/05\/2006","('0020-PE-2006', 1)":null,"('0020-PE-2006', 2)":null},"T\u00edtulo":{"('0020-PE-2006', 0)":"COMUNICACION DEL DECRETO 599\/2006, POR EL CUAL SE INSTITUYE A PARTIR DEL 1 DE MAYO EL SUBSIDIO DE CONTENCION FAMILIAR POR FALLECIMIENTO.","('0020-PE-2006', 1)":null,"('0020-PE-2006', 2)":null},"('Firmantes', 'FIRMANTE')":{"('0020-PE-2006', 0)":"KIRCHNER, NESTOR CARLOS","('0020-PE-2006', 1)":"FERNANDEZ, ALBERTO","('0020-PE-2006', 2)":"TOMADA, CARLOS"},"('Firmantes', 'DISTRITO')":{"('0020-PE-2006', 0)":null,"('0020-PE-2006', 1)":null,"('0020-PE-2006', 2)":null},"('Firmantes', 'BLOQUE')":{"('0020-PE-2006', 0)":"PODER EJECUTIVO","('0020-PE-2006', 1)":"PODER EJECUTIVO","('0020-PE-2006', 2)":"PODER EJECUTIVO"},"('Giros', 'COMISI\u00d3N')":{"('0020-PE-2006', 0)":"BICAMERAL DE SEGUIMIENTO DE FACULTADES DELEGADAS AL PODER EJECUTIVO NACIONAL - LEY 25561","('0020-PE-2006', 1)":null,"('0020-PE-2006', 2)":null},"Palabra Clave":{"('0020-PE-2006', 0)":" ","('0020-PE-2006', 1)":null,"('0020-PE-2006', 2)":null}}