{"Tipo de Proyecto":{"('0021-D-2006', 0)":"PROYECTO DE LEY","('0021-D-2006', 1)":null},"Iniciado en: ":{"('0021-D-2006', 0)":"Diputados","('0021-D-2006', 1)":null},"Expediente Diputados: ":{"('0021-D-2006', 0)":"0021-D-2006","('0021-D-2006', 1)":null},"Publicado en: ":{"('0021-D-2006', 0)":"Tr\u00e1mite Parlamentario N\u00b0 1","('0021-D-2006', 1)":null},"Fecha: ":{"('0021-D-2006', 0)":"01\/03\/2006","('0021-D-2006', 1)":null},"T\u00edtulo":{"('0021-D-2006', 0)":"LEY DE PROMOCION DEL ARRAIGO DEL DOCENTE.","('0021-D-2006', 1)":null},"('Firmantes', 'FIRMANTE')":{"('0021-D-2006', 0)":"MONTENEGRO, OLINDA","('0021-D-2006', 1)":"ZIMMERMANN, VICTOR"},"('Firmantes', 'DISTRITO')":{"('0021-D-2006', 0)":"CHACO","('0021-D-2006', 1)":"CHACO"},"('Firmantes', 'BLOQUE')":{"('0021-D-2006', 0)":"UCR","('0021-D-2006', 1)":"UCR"},"('Giros', 'COMISI\u00d3N')":{"('0021-D-2006', 0)":"EDUCACION","('0021-D-2006', 1)":"PRESUPUESTO Y HACIENDA"},"Sumario":{"('0021-D-2006', 0)":"OBJETIVOS Y ALCANCES; ESPACIOS PRIORITARIOS PARA EL DESARROLLO DOCENTE: CREACION DEL NOMENCLADOR NACIONAL DE PUESTOS DOCENTES, CREACION DEL MAPA NACIONAL DE LA ACTIVIDAD DOCENTE; INSTRUMENTOS DE ATENCION A LOS ESPACIOS PRIORITARIOS: REGIMEN DE PROMOCION DEL ARRAIGO DOCENTE, REGIMEN DE PROMOCION AL DESARROLLO DOCENTE.","('0021-D-2006', 1)":null},"Palabra Clave":{"('0021-D-2006', 0)":" ","('0021-D-2006', 1)":null}}