{"Tipo de Proyecto":{"('0022-PE-2006', 0)":"MENSAJE NRO: 0645\/06 Y PROYECTO DE LEY","('0022-PE-2006', 1)":null,"('0022-PE-2006', 2)":null,"('0022-PE-2006', 3)":null,"('0022-PE-2006', 4)":null},"Iniciado en: ":{"('0022-PE-2006', 0)":"Diputados","('0022-PE-2006', 1)":null,"('0022-PE-2006', 2)":null,"('0022-PE-2006', 3)":null,"('0022-PE-2006', 4)":null},"Expediente Diputados: ":{"('0022-PE-2006', 0)":"0022-PE-2006","('0022-PE-2006', 1)":null,"('0022-PE-2006', 2)":null,"('0022-PE-2006', 3)":null,"('0022-PE-2006', 4)":null},"Expediente Senado: ":{"('0022-PE-2006', 0)":"0018-CD-2007","('0022-PE-2006', 1)":null,"('0022-PE-2006', 2)":null,"('0022-PE-2006', 3)":null,"('0022-PE-2006', 4)":null},"Publicado en: ":{"('0022-PE-2006', 0)":"Tr\u00e1mite Parlamentario N\u00b0 56","('0022-PE-2006', 1)":null,"('0022-PE-2006', 2)":null,"('0022-PE-2006', 3)":null,"('0022-PE-2006', 4)":null},"Fecha: ":{"('0022-PE-2006', 0)":"23\/05\/2006","('0022-PE-2006', 1)":null,"('0022-PE-2006', 2)":null,"('0022-PE-2006', 3)":null,"('0022-PE-2006', 4)":null},"T\u00edtulo":{"('0022-PE-2006', 0)":"MARCAS, SE\u00d1ALES Y MEDIOS ALTERNATIVOS DE IDENTIFICACION ANIMAL EN GENERAL, EN RELACION AL GANADO PORCINO, MODIFICACION DE LA LEY 22939, A FIN DE INCORPORAR LA UTILIZACION DE LA CARAVANA, EL TATUAJE Y EL IMPLANTE ELECTRONICO COMO MEDIOS ALTERNATIVOS DE IDENTIFICACION.","('0022-PE-2006', 1)":null,"('0022-PE-2006', 2)":null,"('0022-PE-2006', 3)":null,"('0022-PE-2006', 4)":null},"('Firmantes', 'FIRMANTE')":{"('0022-PE-2006', 0)":"KIRCHNER, NESTOR CARLOS","('0022-PE-2006', 1)":"FERNANDEZ, ALBERTO","('0022-PE-2006', 2)":"MICELI, FELISA JOSEFINA","('0022-PE-2006', 3)":null,"('0022-PE-2006', 4)":null},"('Firmantes', 'DISTRITO')":{"('0022-PE-2006', 0)":null,"('0022-PE-2006', 1)":null,"('0022-PE-2006', 2)":null,"('0022-PE-2006', 3)":null,"('0022-PE-2006', 4)":null},"('Firmantes', 'BLOQUE')":{"('0022-PE-2006', 0)":"PODER EJECUTIVO","('0022-PE-2006', 1)":"PODER EJECUTIVO","('0022-PE-2006', 2)":"PODER EJECUTIVO","('0022-PE-2006', 3)":null,"('0022-PE-2006', 4)":null},"('Giros', 'COMISI\u00d3N')":{"('0022-PE-2006', 0)":"LEGISLACION GENERAL","('0022-PE-2006', 1)":"AGRICULTURA Y GANADERIA","('0022-PE-2006', 2)":null,"('0022-PE-2006', 3)":null,"('0022-PE-2006', 4)":null},"('Tramites', 'C\u00c1MARA')":{"('0022-PE-2006', 0)":"Diputados","('0022-PE-2006', 1)":"Diputados","('0022-PE-2006', 2)":"Senado","('0022-PE-2006', 3)":"Senado","('0022-PE-2006', 4)":"Senado"},"('Tramites', 'MOVIMIENTO')":{"('0022-PE-2006', 0)":"MOCION DE PREFERENCIA CON DICTAMEN (AFIRMATIVA)","('0022-PE-2006', 1)":"CONSIDERACION Y APROBACION","('0022-PE-2006', 2)":"PASA A SENADO -","('0022-PE-2006', 3)":"CONSIDERACION Y SANCION","('0022-PE-2006', 4)":"INSERCIONES"},"('Tramites', 'FECHA')":{"('0022-PE-2006', 0)":"28\/03\/2007","('0022-PE-2006', 1)":"11\/04\/2007","('0022-PE-2006', 2)":null,"('0022-PE-2006', 3)":"04\/03\/2009","('0022-PE-2006', 4)":"04\/03\/2009"},"('Tramites', 'RESULTADO')":{"('0022-PE-2006', 0)":null,"('0022-PE-2006', 1)":"MEDIA SANCION","('0022-PE-2006', 2)":null,"('0022-PE-2006', 3)":"SANCIONADO","('0022-PE-2006', 4)":null},"Link":{"('0022-PE-2006', 0)":"http:\/\/www.senado.gov.ar\/web\/proyectos\/verExpe.php?origen=CD&nro_comision=&tipo=PL&numexp=18\/07&tConsulta=4","('0022-PE-2006', 1)":null,"('0022-PE-2006', 2)":null,"('0022-PE-2006', 3)":null,"('0022-PE-2006', 4)":null},"Palabra Clave":{"('0022-PE-2006', 0)":" ","('0022-PE-2006', 1)":null,"('0022-PE-2006', 2)":null,"('0022-PE-2006', 3)":null,"('0022-PE-2006', 4)":null}}