{"Tipo de Proyecto":{"('0023-PE-2006', 0)":"MENSAJE NRO: 0682\/06","('0023-PE-2006', 1)":null,"('0023-PE-2006', 2)":null},"Iniciado en: ":{"('0023-PE-2006', 0)":"Diputados","('0023-PE-2006', 1)":null,"('0023-PE-2006', 2)":null},"Expediente Diputados: ":{"('0023-PE-2006', 0)":"0023-PE-2006","('0023-PE-2006', 1)":null,"('0023-PE-2006', 2)":null},"Publicado en: ":{"('0023-PE-2006', 0)":"Tr\u00e1mite Parlamentario N\u00b0 62","('0023-PE-2006', 1)":null,"('0023-PE-2006', 2)":null},"Fecha: ":{"('0023-PE-2006', 0)":"01\/06\/2006","('0023-PE-2006', 1)":null,"('0023-PE-2006', 2)":null},"T\u00edtulo":{"('0023-PE-2006', 0)":"COMUNICACION DEL DECRETO 681\/06, POR EL CUAL SE MODIFICA LA DISTRIBUCION DEL PRESUPUESTO DE LA ADMINISTRACION NACIONAL PARA EL EJERCICIO 2006, JURISDICCION 75, MINISTERIO DE TRABAJO, EMPLEO Y SEGURIDAD SOCIAL, SUPERINTENDENCIA DE RIESGOS DEL TRABAJO -SRT-, FIJANDO UNA NUEVA ESCALA SALARIAL A PARTIR DEL 1 DE ENERO DE 2006.","('0023-PE-2006', 1)":null,"('0023-PE-2006', 2)":null},"('Firmantes', 'FIRMANTE')":{"('0023-PE-2006', 0)":"KIRCHNER, NESTOR CARLOS","('0023-PE-2006', 1)":"FERNANDEZ, ALBERTO","('0023-PE-2006', 2)":"TOMADA, CARLOS"},"('Firmantes', 'DISTRITO')":{"('0023-PE-2006', 0)":null,"('0023-PE-2006', 1)":null,"('0023-PE-2006', 2)":null},"('Firmantes', 'BLOQUE')":{"('0023-PE-2006', 0)":"PODER EJECUTIVO","('0023-PE-2006', 1)":"PODER EJECUTIVO","('0023-PE-2006', 2)":"PODER EJECUTIVO"},"('Giros', 'COMISI\u00d3N')":{"('0023-PE-2006', 0)":"LEGISLACION DEL TRABAJO","('0023-PE-2006', 1)":"PRESUPUESTO Y HACIENDA","('0023-PE-2006', 2)":null},"('Tramites', 'C\u00c1MARA')":{"('0023-PE-2006', 0)":"Diputados","('0023-PE-2006', 1)":null,"('0023-PE-2006', 2)":null},"('Tramites', 'MOVIMIENTO')":{"('0023-PE-2006', 0)":"VER TRAMITE EN EXPEDIENTE 6800-D-06","('0023-PE-2006', 1)":null,"('0023-PE-2006', 2)":null},"('Tramites', 'FECHA')":{"('0023-PE-2006', 0)":null,"('0023-PE-2006', 1)":null,"('0023-PE-2006', 2)":null},"('Tramites', 'RESULTADO')":{"('0023-PE-2006', 0)":null,"('0023-PE-2006', 1)":null,"('0023-PE-2006', 2)":null},"Palabra Clave":{"('0023-PE-2006', 0)":" ","('0023-PE-2006', 1)":null,"('0023-PE-2006', 2)":null}}