{"Tipo de Proyecto":{"('0024-S-2006', 0)":"COMUNICACION"},"Iniciado en: ":{"('0024-S-2006', 0)":"Senado"},"Expediente Senado: ":{"('0024-S-2006', 0)":"0024-S-2006"},"Publicado en: ":{"('0024-S-2006', 0)":"Diario de Asuntos Entrados N\u00b0 1"},"Fecha: ":{"('0024-S-2006', 0)":"01\/03\/2006"},"T\u00edtulo":{"('0024-S-2006', 0)":"SOLICITAR AL PODER EJECUTIVO LLAME A CONCURSO PARA CUBRIR LOS CARGOS DIRECTIVOS DE LOS ENTES REGULADORES QUE SE ENCUENTREN INTERVENIDOS O NO, Y SE REEMPLACE TODAS LAS DESIGNACIONES QUE SE HICIERON POR DECRETO."},"('Firmantes', 'FIRMANTE')":{"('0024-S-2006', 0)":"SAADI, RAMON EDUARDO"},"('Firmantes', 'DISTRITO')":{"('0024-S-2006', 0)":"CATAMARCA"},"('Firmantes', 'BLOQUE')":{"('0024-S-2006', 0)":"JUSTICIALISTA"},"('Tramites', 'C\u00c1MARA')":{"('0024-S-2006', 0)":"Senado"},"('Tramites', 'MOVIMIENTO')":{"('0024-S-2006', 0)":"CONSIDERACION Y APROBACION"},"('Tramites', 'FECHA')":{"('0024-S-2006', 0)":"26\/04\/2006"},"('Tramites', 'RESULTADO')":{"('0024-S-2006', 0)":"APROBADO"},"Link":{"('0024-S-2006', 0)":"http:\/\/www.senado.gov.ar\/parlamentario\/comisiones\/verExp\/24.06\/S\/PC"},"Palabra Clave":{"('0024-S-2006', 0)":" "}}