{"Tipo de Proyecto":{"('0026-S-2006', 0)":"PROYECTO DE LEY","('0026-S-2006', 1)":null},"Iniciado en: ":{"('0026-S-2006', 0)":"Senado","('0026-S-2006', 1)":null},"Expediente Diputados: ":{"('0026-S-2006', 0)":"0026-S-2006","('0026-S-2006', 1)":null},"Expediente Senado: ":{"('0026-S-2006', 0)":"0136-S-2006","('0026-S-2006', 1)":null},"Publicado en: ":{"('0026-S-2006', 0)":"Diario de Asuntos Entrados N\u00b0 8","('0026-S-2006', 1)":null},"Fecha: ":{"('0026-S-2006', 0)":"03\/03\/2006","('0026-S-2006', 1)":null},"T\u00edtulo":{"('0026-S-2006', 0)":"TRANSFERENCIA A LA MUNICIPALIDAD DE PEDRO R FERNANDEZ, PROVINCIA DE CORRIENTES, INMUEBLES PROPIEDAD DEL ESTADO NACIONAL - FERROCARRILES ARGENTINOS- , UBICADOS EN 'VILLA FERROVIARIA (REPRODUCCION DEL EXPEDIENTE 3006-S-04).","('0026-S-2006', 1)":null},"('Firmantes', 'FIRMANTE')":{"('0026-S-2006', 0)":"RIOS, ROBERTO FABIAN","('0026-S-2006', 1)":null},"('Firmantes', 'DISTRITO')":{"('0026-S-2006', 0)":"CORRIENTES","('0026-S-2006', 1)":null},"('Firmantes', 'BLOQUE')":{"('0026-S-2006', 0)":"JUSTICIALISTA","('0026-S-2006', 1)":null},"('Giros', 'COMISI\u00d3N')":{"('0026-S-2006', 0)":"LEGISLACION GENERAL","('0026-S-2006', 1)":"TRANSPORTES"},"('Tramites', 'C\u00c1MARA')":{"('0026-S-2006', 0)":"Senado","('0026-S-2006', 1)":"Diputados"},"('Tramites', 'MOVIMIENTO')":{"('0026-S-2006', 0)":"CONSIDERACION Y APROBACION","('0026-S-2006', 1)":"PASA A DIPUTADOS -"},"('Tramites', 'FECHA')":{"('0026-S-2006', 0)":"05\/04\/2006","('0026-S-2006', 1)":null},"('Tramites', 'RESULTADO')":{"('0026-S-2006', 0)":"MEDIA SANCION","('0026-S-2006', 1)":null},"Sumario":{"('0026-S-2006', 0)":"CESION POR PARTE DE LA MUNICIPALIDAD A LOS OCUPANTES QUE HAYAN DESTINADO LOS MISMOS A VIVIENDA FAMILIAR Y PUEDAN ACREDITAR LA POSESION ANTERIOR DE AL MENOS 10 A\u00d1OS.","('0026-S-2006', 1)":null},"Palabra Clave":{"('0026-S-2006', 0)":" ","('0026-S-2006', 1)":null}}