{"Tipo de Proyecto":{"('0028-S-2006', 0)":"PROYECTO DE DECLARACI\u00d3N"},"Iniciado en: ":{"('0028-S-2006', 0)":"Senado"},"Expediente Senado: ":{"('0028-S-2006', 0)":"0028-S-2006"},"Publicado en: ":{"('0028-S-2006', 0)":"Diario de Asuntos Entrados N\u00b0 2"},"Fecha: ":{"('0028-S-2006', 0)":"01\/03\/2006"},"T\u00edtulo":{"('0028-S-2006', 0)":"ADHESION AL DIA INTERNACIONAL DE LA ELIMINACION DE LA DISCRIMINACION RACIAL A CONMEMORARSE EL DIA 21 DE MARZO"},"('Firmantes', 'FIRMANTE')":{"('0028-S-2006', 0)":"SAADI, RAMON EDUARDO"},"('Firmantes', 'DISTRITO')":{"('0028-S-2006', 0)":"CATAMARCA"},"('Firmantes', 'BLOQUE')":{"('0028-S-2006', 0)":"JUSTICIALISTA"},"('Tramites', 'C\u00c1MARA')":{"('0028-S-2006', 0)":"Senado"},"('Tramites', 'MOVIMIENTO')":{"('0028-S-2006', 0)":"CONSIDERACION Y APROBACION CONJUNTAMENTE PARA LOS EXPEDIENTES 4119-S-2005, 4169-S-2005, 4168-S-2005, 0028-S-2006, 0319-S-2006 y 0456-S-2006"},"('Tramites', 'FECHA')":{"('0028-S-2006', 0)":"17\/05\/2006"},"('Tramites', 'RESULTADO')":{"('0028-S-2006', 0)":"APROBADO"},"Link":{"('0028-S-2006', 0)":"http:\/\/www.senado.gov.ar\/parlamentario\/comisiones\/verExp\/28.06\/S\/PD"},"Palabra Clave":{"('0028-S-2006', 0)":" "}}