{"Tipo de Proyecto":{"('0028-PE-2006', 0)":"MENSAJE NRO: 0761\/06","('0028-PE-2006', 1)":null,"('0028-PE-2006', 2)":null},"Iniciado en: ":{"('0028-PE-2006', 0)":"Diputados","('0028-PE-2006', 1)":null,"('0028-PE-2006', 2)":null},"Expediente Diputados: ":{"('0028-PE-2006', 0)":"0028-PE-2006","('0028-PE-2006', 1)":null,"('0028-PE-2006', 2)":null},"Publicado en: ":{"('0028-PE-2006', 0)":"Tr\u00e1mite Parlamentario N\u00b0 73","('0028-PE-2006', 1)":null,"('0028-PE-2006', 2)":null},"Fecha: ":{"('0028-PE-2006', 0)":"16\/06\/2006","('0028-PE-2006', 1)":null,"('0028-PE-2006', 2)":null},"T\u00edtulo":{"('0028-PE-2006', 0)":"COMUNICACION DEL DECRETO 760\/06 POR EL CUAL SE HOMOLOGA EL ACTA ACUERDO Y ANEXO DE LA COMISION NEGOCIADORA SECTORIAL CORRESPONDIENTE AL SISTEMA NACIONAL DE LA PROFESION ADMINISTRATIVA SINAPA, DECRETO 993\/91 (TO 1995 Y SUS MODIFICATORIAS) PARA EL PERSONAL DEL AGRUPAMIENTO CIENTIFICO TECNICO, DE FECHA 2 DE MAYO DE 2006.","('0028-PE-2006', 1)":null,"('0028-PE-2006', 2)":null},"('Firmantes', 'FIRMANTE')":{"('0028-PE-2006', 0)":"KIRCHNER, NESTOR CARLOS","('0028-PE-2006', 1)":"FERNANDEZ, ALBERTO","('0028-PE-2006', 2)":"TOMADA, CARLOS"},"('Firmantes', 'DISTRITO')":{"('0028-PE-2006', 0)":null,"('0028-PE-2006', 1)":null,"('0028-PE-2006', 2)":null},"('Firmantes', 'BLOQUE')":{"('0028-PE-2006', 0)":"PODER EJECUTIVO","('0028-PE-2006', 1)":"PODER EJECUTIVO","('0028-PE-2006', 2)":"PODER EJECUTIVO"},"('Giros', 'COMISI\u00d3N')":{"('0028-PE-2006', 0)":"LEGISLACION DEL TRABAJO","('0028-PE-2006', 1)":"PRESUPUESTO Y HACIENDA","('0028-PE-2006', 2)":null},"('Tramites', 'C\u00c1MARA')":{"('0028-PE-2006', 0)":"Diputados","('0028-PE-2006', 1)":null,"('0028-PE-2006', 2)":null},"('Tramites', 'MOVIMIENTO')":{"('0028-PE-2006', 0)":"VER EXPEDIENTE 6802-D-2006","('0028-PE-2006', 1)":null,"('0028-PE-2006', 2)":null},"('Tramites', 'FECHA')":{"('0028-PE-2006', 0)":null,"('0028-PE-2006', 1)":null,"('0028-PE-2006', 2)":null},"('Tramites', 'RESULTADO')":{"('0028-PE-2006', 0)":null,"('0028-PE-2006', 1)":null,"('0028-PE-2006', 2)":null},"Palabra Clave":{"('0028-PE-2006', 0)":" ","('0028-PE-2006', 1)":null,"('0028-PE-2006', 2)":null}}