{"Tipo de Proyecto":{"('0029-PE-2006', 0)":"MENSAJE NRO: 0763\/06","('0029-PE-2006', 1)":null,"('0029-PE-2006', 2)":null},"Iniciado en: ":{"('0029-PE-2006', 0)":"Diputados","('0029-PE-2006', 1)":null,"('0029-PE-2006', 2)":null},"Expediente Diputados: ":{"('0029-PE-2006', 0)":"0029-PE-2006","('0029-PE-2006', 1)":null,"('0029-PE-2006', 2)":null},"Publicado en: ":{"('0029-PE-2006', 0)":"Tr\u00e1mite Parlamentario N\u00b0 73","('0029-PE-2006', 1)":null,"('0029-PE-2006', 2)":null},"Fecha: ":{"('0029-PE-2006', 0)":"16\/06\/2006","('0029-PE-2006', 1)":null,"('0029-PE-2006', 2)":null},"T\u00edtulo":{"('0029-PE-2006', 0)":"COMUNICACION DEL DECRETO 762\/06 POR EL CUAL SE HOMOLOGAN LAS ACTAS ACUERDO Y ANEXOS DE LA COMISION NEGOCIADORA DEL CONVENIO COLECTIVO DE TRABAJO SECTORIAL CORRESPONDIENTE PARA EL PERSONAL EMBARCADO DE LA ACTUAL DIRECCION NACIONAL DE VIAS NAVEGABLES, DECRETO 2606\/83 Y SUS MODIFICATORIOS, DE FECHAS 8 Y 10 DE MAYO DE 2006.","('0029-PE-2006', 1)":null,"('0029-PE-2006', 2)":null},"('Firmantes', 'FIRMANTE')":{"('0029-PE-2006', 0)":"KIRCHNER, NESTOR CARLOS","('0029-PE-2006', 1)":"FERNANDEZ, ALBERTO","('0029-PE-2006', 2)":"TOMADA, CARLOS"},"('Firmantes', 'DISTRITO')":{"('0029-PE-2006', 0)":null,"('0029-PE-2006', 1)":null,"('0029-PE-2006', 2)":null},"('Firmantes', 'BLOQUE')":{"('0029-PE-2006', 0)":"PODER EJECUTIVO","('0029-PE-2006', 1)":"PODER EJECUTIVO","('0029-PE-2006', 2)":"PODER EJECUTIVO"},"('Giros', 'COMISI\u00d3N')":{"('0029-PE-2006', 0)":"LEGISLACION DEL TRABAJO","('0029-PE-2006', 1)":"PRESUPUESTO Y HACIENDA","('0029-PE-2006', 2)":null},"Palabra Clave":{"('0029-PE-2006', 0)":" ","('0029-PE-2006', 1)":null,"('0029-PE-2006', 2)":null}}