{"Tipo de Proyecto":{"('0030-PE-2006', 0)":"MENSAJE NRO: 0765\/06","('0030-PE-2006', 1)":null,"('0030-PE-2006', 2)":null},"Iniciado en: ":{"('0030-PE-2006', 0)":"Diputados","('0030-PE-2006', 1)":null,"('0030-PE-2006', 2)":null},"Expediente Diputados: ":{"('0030-PE-2006', 0)":"0030-PE-2006","('0030-PE-2006', 1)":null,"('0030-PE-2006', 2)":null},"Publicado en: ":{"('0030-PE-2006', 0)":"Tr\u00e1mite Parlamentario N\u00b0 73","('0030-PE-2006', 1)":null,"('0030-PE-2006', 2)":null},"Fecha: ":{"('0030-PE-2006', 0)":"16\/06\/2006","('0030-PE-2006', 1)":null,"('0030-PE-2006', 2)":null},"T\u00edtulo":{"('0030-PE-2006', 0)":"COMUNICACION DEL DECRETO 764\/06 POR EL CUAL SE INCREMENTA EN UN 11% LOS HABERES DE LAS PRESTACIONES A CARGO DEL REGIMEN PREVISIONAL PUBLICO DEL SISTEMA INTEGRADO DE JUBILACIONES Y PENSIONES A PARTIR DEL 1 DE JUNIO DE 2006.","('0030-PE-2006', 1)":null,"('0030-PE-2006', 2)":null},"('Firmantes', 'FIRMANTE')":{"('0030-PE-2006', 0)":"KIRCHNER, NESTOR CARLOS","('0030-PE-2006', 1)":"FERNANDEZ, ALBERTO","('0030-PE-2006', 2)":"TOMADA, CARLOS"},"('Firmantes', 'DISTRITO')":{"('0030-PE-2006', 0)":null,"('0030-PE-2006', 1)":null,"('0030-PE-2006', 2)":null},"('Firmantes', 'BLOQUE')":{"('0030-PE-2006', 0)":"PODER EJECUTIVO","('0030-PE-2006', 1)":"PODER EJECUTIVO","('0030-PE-2006', 2)":"PODER EJECUTIVO"},"('Giros', 'COMISI\u00d3N')":{"('0030-PE-2006', 0)":"PREVISION Y SEGURIDAD SOCIAL","('0030-PE-2006', 1)":"PRESUPUESTO Y HACIENDA","('0030-PE-2006', 2)":null},"('Tramites', 'C\u00c1MARA')":{"('0030-PE-2006', 0)":"Diputados","('0030-PE-2006', 1)":null,"('0030-PE-2006', 2)":null},"('Tramites', 'MOVIMIENTO')":{"('0030-PE-2006', 0)":"VER TRAMITE EN EXPEDIENTE 6806-D-06","('0030-PE-2006', 1)":null,"('0030-PE-2006', 2)":null},"('Tramites', 'FECHA')":{"('0030-PE-2006', 0)":null,"('0030-PE-2006', 1)":null,"('0030-PE-2006', 2)":null},"('Tramites', 'RESULTADO')":{"('0030-PE-2006', 0)":null,"('0030-PE-2006', 1)":null,"('0030-PE-2006', 2)":null},"Palabra Clave":{"('0030-PE-2006', 0)":" ","('0030-PE-2006', 1)":null,"('0030-PE-2006', 2)":null}}