{"Tipo de Proyecto":{"('0030-S-2006', 0)":"COMUNICACION"},"Iniciado en: ":{"('0030-S-2006', 0)":"Senado"},"Expediente Senado: ":{"('0030-S-2006', 0)":"0030-S-2006"},"Publicado en: ":{"('0030-S-2006', 0)":"Diario de Asuntos Entrados N\u00b0 2"},"Fecha: ":{"('0030-S-2006', 0)":"01\/03\/2006"},"T\u00edtulo":{"('0030-S-2006', 0)":"SOLICITAR AL PODER EJECUTIVO SE CREE EL SERVICIO DE HEMODIALISIS EN EL HOSPITAL SAN JUAN BAUTISTA DEL DEPARTAMENTO DE TINOGASTA, PROVINCIA DE CATAMARCA."},"('Firmantes', 'FIRMANTE')":{"('0030-S-2006', 0)":"SAADI, RAMON EDUARDO"},"('Firmantes', 'DISTRITO')":{"('0030-S-2006', 0)":"CATAMARCA"},"('Firmantes', 'BLOQUE')":{"('0030-S-2006', 0)":"JUSTICIALISTA"},"('Tramites', 'C\u00c1MARA')":{"('0030-S-2006', 0)":"Senado"},"('Tramites', 'MOVIMIENTO')":{"('0030-S-2006', 0)":"CONSIDERACION Y APROBACION"},"('Tramites', 'FECHA')":{"('0030-S-2006', 0)":"28\/06\/2006"},"('Tramites', 'RESULTADO')":{"('0030-S-2006', 0)":"APROBADO"},"Link":{"('0030-S-2006', 0)":"http:\/\/www.senado.gov.ar\/parlamentario\/comisiones\/verExp\/30.06\/S\/PC"},"Palabra Clave":{"('0030-S-2006', 0)":" "}}