{"Tipo de Proyecto":{"('0032-D-2006', 0)":"PROYECTO DE LEY","('0032-D-2006', 1)":null},"Iniciado en: ":{"('0032-D-2006', 0)":"Diputados","('0032-D-2006', 1)":null},"Expediente Diputados: ":{"('0032-D-2006', 0)":"0032-D-2006","('0032-D-2006', 1)":null},"Publicado en: ":{"('0032-D-2006', 0)":"Tr\u00e1mite Parlamentario N\u00b0 1","('0032-D-2006', 1)":null},"Fecha: ":{"('0032-D-2006', 0)":"01\/03\/2006","('0032-D-2006', 1)":null},"T\u00edtulo":{"('0032-D-2006', 0)":"PRORROGA DE LA COMPETENCIA A FAVOR DE TRIBUNALES INTERNACIONALES: PROHIBICION.","('0032-D-2006', 1)":null},"('Firmantes', 'FIRMANTE')":{"('0032-D-2006', 0)":"SOLANAS, RAUL PATRICIO","('0032-D-2006', 1)":null},"('Firmantes', 'DISTRITO')":{"('0032-D-2006', 0)":"ENTRE RIOS","('0032-D-2006', 1)":null},"('Firmantes', 'BLOQUE')":{"('0032-D-2006', 0)":"FRENTE PARA LA VICTORIA - PJ","('0032-D-2006', 1)":null},"('Giros', 'COMISI\u00d3N')":{"('0032-D-2006', 0)":"JUSTICIA","('0032-D-2006', 1)":"RELACIONES EXTERIORES Y CULTO"},"('Tramites', 'C\u00c1MARA')":{"('0032-D-2006', 0)":"Diputados","('0032-D-2006', 1)":null},"('Tramites', 'MOVIMIENTO')":{"('0032-D-2006', 0)":"REPRODUCIDO POR EXPEDIENTE 1733-D-08","('0032-D-2006', 1)":null},"('Tramites', 'FECHA')":{"('0032-D-2006', 0)":null,"('0032-D-2006', 1)":null},"('Tramites', 'RESULTADO')":{"('0032-D-2006', 0)":null,"('0032-D-2006', 1)":null},"Sumario":{"('0032-D-2006', 0)":"ALCANCES.","('0032-D-2006', 1)":null},"Palabra Clave":{"('0032-D-2006', 0)":" ","('0032-D-2006', 1)":null}}