{"Tipo de Proyecto":{"('0032-PE-2006', 0)":"MENSAJE NRO: 0783\/06","('0032-PE-2006', 1)":null,"('0032-PE-2006', 2)":null},"Iniciado en: ":{"('0032-PE-2006', 0)":"Diputados","('0032-PE-2006', 1)":null,"('0032-PE-2006', 2)":null},"Expediente Diputados: ":{"('0032-PE-2006', 0)":"0032-PE-2006","('0032-PE-2006', 1)":null,"('0032-PE-2006', 2)":null},"Publicado en: ":{"('0032-PE-2006', 0)":"Tr\u00e1mite Parlamentario N\u00b0 77","('0032-PE-2006', 1)":null,"('0032-PE-2006', 2)":null},"Fecha: ":{"('0032-PE-2006', 0)":"23\/06\/2006","('0032-PE-2006', 1)":null,"('0032-PE-2006', 2)":null},"T\u00edtulo":{"('0032-PE-2006', 0)":"COMUNICACION DEL DECRETO 782\/06, POR EL CUAL SE ELIMINA EL TOPE PARA LA PERCEPCION DE LAS RETRIBUCIONES DE LAS AUTORIDADES SUPERIORES DEL PODER EJECUTIVO NACIONAL.","('0032-PE-2006', 1)":null,"('0032-PE-2006', 2)":null},"('Firmantes', 'FIRMANTE')":{"('0032-PE-2006', 0)":"KIRCHNER, NESTOR CARLOS","('0032-PE-2006', 1)":"FERNANDEZ, ALBERTO","('0032-PE-2006', 2)":"MICELI, FELISA JOSEFINA"},"('Firmantes', 'DISTRITO')":{"('0032-PE-2006', 0)":null,"('0032-PE-2006', 1)":null,"('0032-PE-2006', 2)":null},"('Firmantes', 'BLOQUE')":{"('0032-PE-2006', 0)":"PODER EJECUTIVO","('0032-PE-2006', 1)":"PODER EJECUTIVO","('0032-PE-2006', 2)":"PODER EJECUTIVO"},"('Giros', 'COMISI\u00d3N')":{"('0032-PE-2006', 0)":"PRESUPUESTO Y HACIENDA","('0032-PE-2006', 1)":null,"('0032-PE-2006', 2)":null},"('Tramites', 'C\u00c1MARA')":{"('0032-PE-2006', 0)":"Diputados","('0032-PE-2006', 1)":null,"('0032-PE-2006', 2)":null},"('Tramites', 'MOVIMIENTO')":{"('0032-PE-2006', 0)":"VER TRAMITE EN EXPEDIENTE 6806-D-06","('0032-PE-2006', 1)":null,"('0032-PE-2006', 2)":null},"('Tramites', 'FECHA')":{"('0032-PE-2006', 0)":null,"('0032-PE-2006', 1)":null,"('0032-PE-2006', 2)":null},"('Tramites', 'RESULTADO')":{"('0032-PE-2006', 0)":null,"('0032-PE-2006', 1)":null,"('0032-PE-2006', 2)":null},"Sumario":{"('0032-PE-2006', 0)":"MODIFICACION DEL COMPLEMENTO POR RESPONSABILIDAD DEL CARGO.","('0032-PE-2006', 1)":null,"('0032-PE-2006', 2)":null},"Palabra Clave":{"('0032-PE-2006', 0)":" ","('0032-PE-2006', 1)":null,"('0032-PE-2006', 2)":null}}