{"Tipo de Proyecto":{"('0033-D-2006', 0)":"PROYECTO DE LEY","('0033-D-2006', 1)":null,"('0033-D-2006', 2)":null},"Iniciado en: ":{"('0033-D-2006', 0)":"Diputados","('0033-D-2006', 1)":null,"('0033-D-2006', 2)":null},"Expediente Diputados: ":{"('0033-D-2006', 0)":"0033-D-2006","('0033-D-2006', 1)":null,"('0033-D-2006', 2)":null},"Publicado en: ":{"('0033-D-2006', 0)":"Tr\u00e1mite Parlamentario N\u00b0 1","('0033-D-2006', 1)":null,"('0033-D-2006', 2)":null},"Fecha: ":{"('0033-D-2006', 0)":"01\/03\/2006","('0033-D-2006', 1)":null,"('0033-D-2006', 2)":null},"T\u00edtulo":{"('0033-D-2006', 0)":"MODIFICACION DEL ARTICULO 40, TITULO V, DE LA LEY 25300 SOBRE PARTICIPACION DE LAS MICRO, PEQUE\u00d1AS Y MEDIANAS EMPRESAS NACIONALES (MIPYMES), EN LAS LICITACIONES NACIONALES E INTERNACIONALES REALIZADAS POR LOS ORGANISMOS ALUDIDOS EN EL ARTICULO 8 DE LA LEY 24156 (CONTROL DE GESTION DEL SECTOR PUBLICO NACIONAL), PARA LA ADQUISICION DE BIENES Y SERVICIOS.","('0033-D-2006', 1)":null,"('0033-D-2006', 2)":null},"('Firmantes', 'FIRMANTE')":{"('0033-D-2006', 0)":"SOLANAS, RAUL PATRICIO","('0033-D-2006', 1)":null,"('0033-D-2006', 2)":null},"('Firmantes', 'DISTRITO')":{"('0033-D-2006', 0)":"ENTRE RIOS","('0033-D-2006', 1)":null,"('0033-D-2006', 2)":null},"('Firmantes', 'BLOQUE')":{"('0033-D-2006', 0)":"FRENTE PARA LA VICTORIA - PJ","('0033-D-2006', 1)":null,"('0033-D-2006', 2)":null},"('Giros', 'COMISI\u00d3N')":{"('0033-D-2006', 0)":"PEQUE\u00d1AS Y MEDIANAS EMPRESAS","('0033-D-2006', 1)":"OBRAS PUBLICAS","('0033-D-2006', 2)":"PRESUPUESTO Y HACIENDA"},"('Tramites', 'C\u00c1MARA')":{"('0033-D-2006', 0)":"Diputados","('0033-D-2006', 1)":null,"('0033-D-2006', 2)":null},"('Tramites', 'MOVIMIENTO')":{"('0033-D-2006', 0)":"REPRODUCIDO POR EXPEDIENTE 1734-D-08","('0033-D-2006', 1)":null,"('0033-D-2006', 2)":null},"('Tramites', 'FECHA')":{"('0033-D-2006', 0)":null,"('0033-D-2006', 1)":null,"('0033-D-2006', 2)":null},"('Tramites', 'RESULTADO')":{"('0033-D-2006', 0)":null,"('0033-D-2006', 1)":null,"('0033-D-2006', 2)":null},"Link":{"('0033-D-2006', 0)":"https:\/\/www.hcdn.gob.ar\/proyectos\/textoCompleto.jsp?exp=0033-D-2006&tipo=LEY","('0033-D-2006', 1)":null,"('0033-D-2006', 2)":null},"Palabra Clave":{"('0033-D-2006', 0)":" ","('0033-D-2006', 1)":null,"('0033-D-2006', 2)":null}}