{"Tipo de Proyecto":{"('0033-PE-2006', 0)":"MENSAJE NRO: 0812\/06","('0033-PE-2006', 1)":null,"('0033-PE-2006', 2)":null},"Iniciado en: ":{"('0033-PE-2006', 0)":"Diputados","('0033-PE-2006', 1)":null,"('0033-PE-2006', 2)":null},"Expediente Diputados: ":{"('0033-PE-2006', 0)":"0033-PE-2006","('0033-PE-2006', 1)":null,"('0033-PE-2006', 2)":null},"Publicado en: ":{"('0033-PE-2006', 0)":"Tr\u00e1mite Parlamentario N\u00b0 80","('0033-PE-2006', 1)":null,"('0033-PE-2006', 2)":null},"Fecha: ":{"('0033-PE-2006', 0)":"28\/06\/2006","('0033-PE-2006', 1)":null,"('0033-PE-2006', 2)":null},"T\u00edtulo":{"('0033-PE-2006', 0)":"COMUNICACION DEL DECRETO 811\/06, SOBRE MODIFICACION DEL ARTICULO 5 DEL DECRETO 1687\/04, POR EL CUAL EL ESTADO NACIONAL CAPITALIZARA AL BANCO DE LA NACION ARGENTINA POR UN IMPORTE DE $ 2.660.000.000 PARA LOS EJERCICIOS DE 2004 - 2008.","('0033-PE-2006', 1)":null,"('0033-PE-2006', 2)":null},"('Firmantes', 'FIRMANTE')":{"('0033-PE-2006', 0)":"KIRCHNER, NESTOR CARLOS","('0033-PE-2006', 1)":"FERNANDEZ, ALBERTO","('0033-PE-2006', 2)":"MICELI, FELISA JOSEFINA"},"('Firmantes', 'DISTRITO')":{"('0033-PE-2006', 0)":null,"('0033-PE-2006', 1)":null,"('0033-PE-2006', 2)":null},"('Firmantes', 'BLOQUE')":{"('0033-PE-2006', 0)":"PODER EJECUTIVO","('0033-PE-2006', 1)":"PODER EJECUTIVO","('0033-PE-2006', 2)":"PODER EJECUTIVO"},"('Giros', 'COMISI\u00d3N')":{"('0033-PE-2006', 0)":"PRESUPUESTO Y HACIENDA","('0033-PE-2006', 1)":"FINANZAS","('0033-PE-2006', 2)":null},"('Tramites', 'C\u00c1MARA')":{"('0033-PE-2006', 0)":"Diputados","('0033-PE-2006', 1)":null,"('0033-PE-2006', 2)":null},"('Tramites', 'MOVIMIENTO')":{"('0033-PE-2006', 0)":"VER TRAMITE EN EXPEDIENTE 7066-D-06","('0033-PE-2006', 1)":null,"('0033-PE-2006', 2)":null},"('Tramites', 'FECHA')":{"('0033-PE-2006', 0)":null,"('0033-PE-2006', 1)":null,"('0033-PE-2006', 2)":null},"('Tramites', 'RESULTADO')":{"('0033-PE-2006', 0)":null,"('0033-PE-2006', 1)":null,"('0033-PE-2006', 2)":null},"Palabra Clave":{"('0033-PE-2006', 0)":" ","('0033-PE-2006', 1)":null,"('0033-PE-2006', 2)":null}}