{"Tipo de Proyecto":{"('0034-S-2006', 0)":"PROYECTO DE DECLARACI\u00d3N","('0034-S-2006', 1)":null,"('0034-S-2006', 2)":null},"Iniciado en: ":{"('0034-S-2006', 0)":"Senado","('0034-S-2006', 1)":null,"('0034-S-2006', 2)":null},"Expediente Senado: ":{"('0034-S-2006', 0)":"0034-S-2006","('0034-S-2006', 1)":null,"('0034-S-2006', 2)":null},"Publicado en: ":{"('0034-S-2006', 0)":"Diario de Asuntos Entrados N\u00b0 2","('0034-S-2006', 1)":null,"('0034-S-2006', 2)":null},"Fecha: ":{"('0034-S-2006', 0)":"01\/03\/2006","('0034-S-2006', 1)":null,"('0034-S-2006', 2)":null},"T\u00edtulo":{"('0034-S-2006', 0)":"ADHERIR A LA CONMEMORACION DEL DIA INTERNACIONAL DE LA MUJER A CELEBRARSE EL 8 DE MARZO.","('0034-S-2006', 1)":null,"('0034-S-2006', 2)":null},"('Firmantes', 'FIRMANTE')":{"('0034-S-2006', 0)":"ROSSI, CARLOS ALBERTO","('0034-S-2006', 1)":null,"('0034-S-2006', 2)":null},"('Firmantes', 'DISTRITO')":{"('0034-S-2006', 0)":"CORDOBA","('0034-S-2006', 1)":null,"('0034-S-2006', 2)":null},"('Firmantes', 'BLOQUE')":{"('0034-S-2006', 0)":"VECINALISTA - PARTIDO NUEVO","('0034-S-2006', 1)":null,"('0034-S-2006', 2)":null},"('Tramites', 'C\u00c1MARA')":{"('0034-S-2006', 0)":"Senado","('0034-S-2006', 1)":"Senado","('0034-S-2006', 2)":"Senado"},"('Tramites', 'MOVIMIENTO')":{"('0034-S-2006', 0)":"MOCION SOBRE TABLAS (AFIRMATIVA) CONJUNTAMENTE PARA LOS EXPEDIENTES 4179-S-2005, 4222-S-2005, 0029-S-2006, 0034-S-2006, 0087-S-2006, 0076-S-2006, 0140-S-2006, 0143-S-2006, 0237-S-2006, 0249-S-2006, 0252-S-2006, 0254-S-2006 y 0303-S-2006","('0034-S-2006', 1)":"CONSIDERACION Y APROBACION CONJUNTAMENTE PARA LOS EXPEDIENTES 4179-S-2005, 4222-S-2005, 0029-S-2006, 0034-S-2006, 0087-S-2006, 0076-S-2006, 0140-S-2006, 0143-S-2006, 0237-S-2006, 0249-S-2006, 0252-S-2006, 0254-S-2006 y 0303-S-2006","('0034-S-2006', 2)":"INSERCION DEL SENADOR MENEM CONJUNTAMENTE PARA LOS EXPEDIENTES 4179-S-2005, 4222-S-2005, 0029-S-2006, 0034-S-2006, 0087-S-2006, 0076-S-2006, 0140-S-2006, 0143-S-2006, 0237-S-2006, 0249-S-2006, 0252-S-2006, 0254-S-2006 y 0303-S-2006"},"('Tramites', 'FECHA')":{"('0034-S-2006', 0)":"08\/03\/2006","('0034-S-2006', 1)":"08\/03\/2006","('0034-S-2006', 2)":"08\/03\/2006"},"('Tramites', 'RESULTADO')":{"('0034-S-2006', 0)":null,"('0034-S-2006', 1)":"APROBADO","('0034-S-2006', 2)":null},"Link":{"('0034-S-2006', 0)":"http:\/\/www.senado.gov.ar\/parlamentario\/comisiones\/verExp\/34.06\/S\/PD","('0034-S-2006', 1)":null,"('0034-S-2006', 2)":null},"Palabra Clave":{"('0034-S-2006', 0)":" ","('0034-S-2006', 1)":null,"('0034-S-2006', 2)":null}}