{"Tipo de Proyecto":{"('0035-S-2006', 0)":"PROYECTO DE RESOLUCI\u00d3N","('0035-S-2006', 1)":null,"('0035-S-2006', 2)":null,"('0035-S-2006', 3)":null},"Iniciado en: ":{"('0035-S-2006', 0)":"Senado","('0035-S-2006', 1)":null,"('0035-S-2006', 2)":null,"('0035-S-2006', 3)":null},"Expediente Diputados: ":{"('0035-S-2006', 0)":"0035-S-2006","('0035-S-2006', 1)":null,"('0035-S-2006', 2)":null,"('0035-S-2006', 3)":null},"Expediente Senado: ":{"('0035-S-2006', 0)":"0316-OV-2005","('0035-S-2006', 1)":null,"('0035-S-2006', 2)":null,"('0035-S-2006', 3)":null},"Fecha: ":{"('0035-S-2006', 0)":"17\/03\/2006","('0035-S-2006', 1)":null,"('0035-S-2006', 2)":null,"('0035-S-2006', 3)":null},"T\u00edtulo":{"('0035-S-2006', 0)":"RESOLUCION REMITIDA POR LA AUDITORIA GENERAL DE LA NACION DISPONIENDO EMITIR DICTAMEN, EN LOS TERMINOS DEL ARTICULO 19 DE LAS NORMAS BASICAS PARA EL FUNCIONAMIENTO DE LA AGN, SOBRE LAS CUESTIONES EMERGENTES DEL EJERCICIO DE CONTROL EXTERNO DE LA MISMA FRENTE AL INCUMPLIMIENTO DE LA SECRETARIA DE TRANSPORTE A SUMINISTRAR LA DOCUMENTACION REQUERIDA: SOLICITAR AL PODER EJECUTIVO DISPONGA LAS MEDIDAS CONDUCENTES A QUE SE PROVEA A LA AGN DE LA INFORMACION QUE REQUIERE EN EL CURSO DE LOS PROCESOS DE AUDITORIA QUE LLEVA A CABO EN EL AMBITO DE LA ST.","('0035-S-2006', 1)":null,"('0035-S-2006', 2)":null,"('0035-S-2006', 3)":null},"('Firmantes', 'FIRMANTE')":{"('0035-S-2006', 0)":"PARLAMENTARIA MIXTA REVISORA DE CUENTAS","('0035-S-2006', 1)":null,"('0035-S-2006', 2)":null,"('0035-S-2006', 3)":null},"('Firmantes', 'DISTRITO')":{"('0035-S-2006', 0)":null,"('0035-S-2006', 1)":null,"('0035-S-2006', 2)":null,"('0035-S-2006', 3)":null},"('Firmantes', 'BLOQUE')":{"('0035-S-2006', 0)":null,"('0035-S-2006', 1)":null,"('0035-S-2006', 2)":null,"('0035-S-2006', 3)":null},"('Giros', 'COMISI\u00d3N')":{"('0035-S-2006', 0)":"PARLAMENTARIA MIXTA REVISORA DE CUENTAS","('0035-S-2006', 1)":null,"('0035-S-2006', 2)":null,"('0035-S-2006', 3)":null},"('Tramites', 'C\u00c1MARA')":{"('0035-S-2006', 0)":"Senado","('0035-S-2006', 1)":"Diputados","('0035-S-2006', 2)":"Diputados","('0035-S-2006', 3)":"Diputados"},"('Tramites', 'MOVIMIENTO')":{"('0035-S-2006', 0)":"CONSIDERACION Y APROBACION","('0035-S-2006', 1)":"PASA A DIPUTADOS -","('0035-S-2006', 2)":"CONSIDERACION Y APROBACION","('0035-S-2006', 3)":"CONTESTACION DEL PODER EJECUTIVO NACIONAL - JEFE DE GABINETE DE MINISTROS - GIRADO A LA COMISION RESPECTIVA"},"('Tramites', 'FECHA')":{"('0035-S-2006', 0)":"05\/04\/2006","('0035-S-2006', 1)":null,"('0035-S-2006', 2)":"10\/05\/2006","('0035-S-2006', 3)":"29\/11\/2006"},"('Tramites', 'RESULTADO')":{"('0035-S-2006', 0)":"APROBADO","('0035-S-2006', 1)":null,"('0035-S-2006', 2)":"APROBADO","('0035-S-2006', 3)":null},"Link":{"('0035-S-2006', 0)":"http:\/\/www.senado.gov.ar\/parlamentario\/comisiones\/verExp\/316.05\/OV\/PR","('0035-S-2006', 1)":null,"('0035-S-2006', 2)":null,"('0035-S-2006', 3)":null},"Palabra Clave":{"('0035-S-2006', 0)":" ","('0035-S-2006', 1)":null,"('0035-S-2006', 2)":null,"('0035-S-2006', 3)":null}}