{"Tipo de Proyecto":{"('0035-PE-2006', 0)":"MENSAJE NRO: 0833\/06","('0035-PE-2006', 1)":null,"('0035-PE-2006', 2)":null},"Iniciado en: ":{"('0035-PE-2006', 0)":"Diputados","('0035-PE-2006', 1)":null,"('0035-PE-2006', 2)":null},"Expediente Diputados: ":{"('0035-PE-2006', 0)":"0035-PE-2006","('0035-PE-2006', 1)":null,"('0035-PE-2006', 2)":null},"Publicado en: ":{"('0035-PE-2006', 0)":"Tr\u00e1mite Parlamentario N\u00b0 89","('0035-PE-2006', 1)":null,"('0035-PE-2006', 2)":null},"Fecha: ":{"('0035-PE-2006', 0)":"11\/07\/2006","('0035-PE-2006', 1)":null,"('0035-PE-2006', 2)":null},"T\u00edtulo":{"('0035-PE-2006', 0)":"COMUNICACION DEL DECRETO 832\/06, POR EL CUAL SE PRORROGA HASTA EL 31 DE JULIO DE 2006 LA VIGENCIA DEL PROGRAMA DE ASISTENCIA AL EMPLEO DE LOS TRABAJADORES DE LA INDUSTRIA DE LA CARNE Y SUS DERIVADOS CREADO POR DECRETO 516\/06.","('0035-PE-2006', 1)":null,"('0035-PE-2006', 2)":null},"('Firmantes', 'FIRMANTE')":{"('0035-PE-2006', 0)":"KIRCHNER, NESTOR CARLOS","('0035-PE-2006', 1)":"FERNANDEZ, ALBERTO","('0035-PE-2006', 2)":"TOMADA, CARLOS"},"('Firmantes', 'DISTRITO')":{"('0035-PE-2006', 0)":null,"('0035-PE-2006', 1)":null,"('0035-PE-2006', 2)":null},"('Firmantes', 'BLOQUE')":{"('0035-PE-2006', 0)":"PODER EJECUTIVO","('0035-PE-2006', 1)":"PODER EJECUTIVO","('0035-PE-2006', 2)":"PODER EJECUTIVO"},"('Giros', 'COMISI\u00d3N')":{"('0035-PE-2006', 0)":"BICAMERAL DE SEGUIMIENTO DE FACULTADES DELEGADAS AL PODER EJECUTIVO NACIONAL - LEY 25561","('0035-PE-2006', 1)":null,"('0035-PE-2006', 2)":null},"('Tramites', 'C\u00c1MARA')":{"('0035-PE-2006', 0)":"Diputados","('0035-PE-2006', 1)":null,"('0035-PE-2006', 2)":null},"('Tramites', 'MOVIMIENTO')":{"('0035-PE-2006', 0)":"VER TRAMITE EN EXPEDIENTE 6806-D-06","('0035-PE-2006', 1)":null,"('0035-PE-2006', 2)":null},"('Tramites', 'FECHA')":{"('0035-PE-2006', 0)":null,"('0035-PE-2006', 1)":null,"('0035-PE-2006', 2)":null},"('Tramites', 'RESULTADO')":{"('0035-PE-2006', 0)":null,"('0035-PE-2006', 1)":null,"('0035-PE-2006', 2)":null},"Palabra Clave":{"('0035-PE-2006', 0)":" ","('0035-PE-2006', 1)":null,"('0035-PE-2006', 2)":null}}