{"Tipo de Proyecto":{"('0035-D-2006', 0)":"PROYECTO DE LEY","('0035-D-2006', 1)":null},"Iniciado en: ":{"('0035-D-2006', 0)":"Diputados","('0035-D-2006', 1)":null},"Expediente Diputados: ":{"('0035-D-2006', 0)":"0035-D-2006","('0035-D-2006', 1)":null},"Publicado en: ":{"('0035-D-2006', 0)":"Tr\u00e1mite Parlamentario N\u00b0 1","('0035-D-2006', 1)":null},"Fecha: ":{"('0035-D-2006', 0)":"01\/03\/2006","('0035-D-2006', 1)":null},"T\u00edtulo":{"('0035-D-2006', 0)":"MODIFICACION DEL ARTICULO 3 (DERECHO DE ELEGIR EL NOMBRE DE PILA) Y AGREGADO DE ARTICULO 3 TER (INSCRIPCION DE NOMBRES EXTRANJEROS) A LA LEY 18248 (LEY DEL NOMBRE).","('0035-D-2006', 1)":null},"('Firmantes', 'FIRMANTE')":{"('0035-D-2006', 0)":"SOLANAS, RAUL PATRICIO","('0035-D-2006', 1)":null},"('Firmantes', 'DISTRITO')":{"('0035-D-2006', 0)":"ENTRE RIOS","('0035-D-2006', 1)":null},"('Firmantes', 'BLOQUE')":{"('0035-D-2006', 0)":"FRENTE PARA LA VICTORIA - PJ","('0035-D-2006', 1)":null},"('Giros', 'COMISI\u00d3N')":{"('0035-D-2006', 0)":"LEGISLACION GENERAL","('0035-D-2006', 1)":"JUSTICIA"},"('Tramites', 'C\u00c1MARA')":{"('0035-D-2006', 0)":"Diputados","('0035-D-2006', 1)":null},"('Tramites', 'MOVIMIENTO')":{"('0035-D-2006', 0)":"REPRODUCIDO POR EXPEDIENTE 4372-D-08","('0035-D-2006', 1)":null},"('Tramites', 'FECHA')":{"('0035-D-2006', 0)":null,"('0035-D-2006', 1)":null},"('Tramites', 'RESULTADO')":{"('0035-D-2006', 0)":null,"('0035-D-2006', 1)":null},"Link":{"('0035-D-2006', 0)":"https:\/\/www.hcdn.gob.ar\/proyectos\/textoCompleto.jsp?exp=0035-D-2006&tipo=LEY","('0035-D-2006', 1)":null},"Palabra Clave":{"('0035-D-2006', 0)":" ","('0035-D-2006', 1)":null}}