{"Tipo de Proyecto":{"('0036-PE-2006', 0)":"MENSAJE NRO: 0862\/06","('0036-PE-2006', 1)":null,"('0036-PE-2006', 2)":null},"Iniciado en: ":{"('0036-PE-2006', 0)":"Diputados","('0036-PE-2006', 1)":null,"('0036-PE-2006', 2)":null},"Expediente Diputados: ":{"('0036-PE-2006', 0)":"0036-PE-2006","('0036-PE-2006', 1)":null,"('0036-PE-2006', 2)":null},"Publicado en: ":{"('0036-PE-2006', 0)":"Tr\u00e1mite Parlamentario N\u00b0 90","('0036-PE-2006', 1)":null,"('0036-PE-2006', 2)":null},"Fecha: ":{"('0036-PE-2006', 0)":"12\/07\/2006","('0036-PE-2006', 1)":null,"('0036-PE-2006', 2)":null},"T\u00edtulo":{"('0036-PE-2006', 0)":"COMUNICACION DEL DECRETO 861\/06, POR EL CUAL SE RATIFICA LO ACTUADO POR LA SECRETARIA DE TRANSPORTE EN RELACION A LA RESCISION DEL CONTRATO DE CONCESION DE EXPLOTACION DE LOS SERVICIOS DE TRANSPORTE FERROVIARIO DE PASAJEROS DE LA LINEA GENERAL SAN MARTIN.","('0036-PE-2006', 1)":null,"('0036-PE-2006', 2)":null},"('Firmantes', 'FIRMANTE')":{"('0036-PE-2006', 0)":"KIRCHNER, NESTOR CARLOS","('0036-PE-2006', 1)":"FERNANDEZ, ALBERTO","('0036-PE-2006', 2)":"DE VIDO, JULIO"},"('Firmantes', 'DISTRITO')":{"('0036-PE-2006', 0)":null,"('0036-PE-2006', 1)":null,"('0036-PE-2006', 2)":null},"('Firmantes', 'BLOQUE')":{"('0036-PE-2006', 0)":"PODER EJECUTIVO","('0036-PE-2006', 1)":"PODER EJECUTIVO","('0036-PE-2006', 2)":"PODER EJECUTIVO"},"('Giros', 'COMISI\u00d3N')":{"('0036-PE-2006', 0)":"BICAMERAL DE REFORMA DEL ESTADO Y SEGUIMIENTO DE LAS PRIVATIZACIONES (LEY 23696)","('0036-PE-2006', 1)":"BICAMERAL DE SEGUIMIENTO DE FACULTADES DELEGADAS AL PODER EJECUTIVO NACIONAL - LEY 25561","('0036-PE-2006', 2)":null},"Palabra Clave":{"('0036-PE-2006', 0)":" ","('0036-PE-2006', 1)":null,"('0036-PE-2006', 2)":null}}