{"Tipo de Proyecto":{"('0037-D-2006', 0)":"PROYECTO DE RESOLUCI\u00d3N","('0037-D-2006', 1)":null},"Iniciado en: ":{"('0037-D-2006', 0)":"Diputados","('0037-D-2006', 1)":null},"Expediente Diputados: ":{"('0037-D-2006', 0)":"0037-D-2006","('0037-D-2006', 1)":null},"Publicado en: ":{"('0037-D-2006', 0)":"Tr\u00e1mite Parlamentario N\u00b0 1","('0037-D-2006', 1)":null},"Fecha: ":{"('0037-D-2006', 0)":"01\/03\/2006","('0037-D-2006', 1)":null},"T\u00edtulo":{"('0037-D-2006', 0)":"SOLICITAR AL PODER EJECUTIVO NACIONAL INICIE GESTIONES A FIN DE SOLUCIONAR EL CONFLICTO DE LAS PLANTAS DE CELULOSA A INSTALARSE EN FRAY BENTOS, REPUBLICA ORIENTAL DEL URUGUAY.","('0037-D-2006', 1)":null},"('Firmantes', 'FIRMANTE')":{"('0037-D-2006', 0)":"SOLANAS, RAUL PATRICIO","('0037-D-2006', 1)":null},"('Firmantes', 'DISTRITO')":{"('0037-D-2006', 0)":"ENTRE RIOS","('0037-D-2006', 1)":null},"('Firmantes', 'BLOQUE')":{"('0037-D-2006', 0)":"FRENTE PARA LA VICTORIA - PJ","('0037-D-2006', 1)":null},"('Giros', 'COMISI\u00d3N')":{"('0037-D-2006', 0)":"RELACIONES EXTERIORES Y CULTO","('0037-D-2006', 1)":"RECURSOS NATURALES Y CONSERVACION DEL AMBIENTE HUMANO"},"Link":{"('0037-D-2006', 0)":"https:\/\/www.hcdn.gob.ar\/proyectos\/textoCompleto.jsp?exp=0037-D-2006&tipo=RESOLUCION","('0037-D-2006', 1)":null},"Palabra Clave":{"('0037-D-2006', 0)":" ","('0037-D-2006', 1)":null}}