{"Tipo de Proyecto":{"('0037-PE-2006', 0)":"MENSAJE NRO: 0914\/06","('0037-PE-2006', 1)":null,"('0037-PE-2006', 2)":null},"Iniciado en: ":{"('0037-PE-2006', 0)":"Diputados","('0037-PE-2006', 1)":null,"('0037-PE-2006', 2)":null},"Expediente Diputados: ":{"('0037-PE-2006', 0)":"0037-PE-2006","('0037-PE-2006', 1)":null,"('0037-PE-2006', 2)":null},"Publicado en: ":{"('0037-PE-2006', 0)":"Tr\u00e1mite Parlamentario N\u00b0 96","('0037-PE-2006', 1)":null,"('0037-PE-2006', 2)":null},"Fecha: ":{"('0037-PE-2006', 0)":"20\/07\/2006","('0037-PE-2006', 1)":null,"('0037-PE-2006', 2)":null},"T\u00edtulo":{"('0037-PE-2006', 0)":"COMUNICACION DEL DECRETO 913\/2006, POR EL CUAL SE SUSTITUYE EL ANEXO C PREVISTO EN EL REGIMEN LABORAL PARA EL PERSONAL EMBARCADO DEL INSTITUTO NACIONAL DE INVESTIGACION Y DESARROLLO PESQUERO, APROBADO POR DECRETO 630\/94.","('0037-PE-2006', 1)":null,"('0037-PE-2006', 2)":null},"('Firmantes', 'FIRMANTE')":{"('0037-PE-2006', 0)":"KIRCHNER, NESTOR CARLOS","('0037-PE-2006', 1)":"FERNANDEZ, ALBERTO","('0037-PE-2006', 2)":"MICELI, FELISA JOSEFINA"},"('Firmantes', 'DISTRITO')":{"('0037-PE-2006', 0)":null,"('0037-PE-2006', 1)":null,"('0037-PE-2006', 2)":null},"('Firmantes', 'BLOQUE')":{"('0037-PE-2006', 0)":"PODER EJECUTIVO","('0037-PE-2006', 1)":"PODER EJECUTIVO","('0037-PE-2006', 2)":"PODER EJECUTIVO"},"('Giros', 'COMISI\u00d3N')":{"('0037-PE-2006', 0)":"LEGISLACION DEL TRABAJO","('0037-PE-2006', 1)":"PRESUPUESTO Y HACIENDA","('0037-PE-2006', 2)":null},"('Tramites', 'C\u00c1MARA')":{"('0037-PE-2006', 0)":"Diputados","('0037-PE-2006', 1)":null,"('0037-PE-2006', 2)":null},"('Tramites', 'MOVIMIENTO')":{"('0037-PE-2006', 0)":"VER TRAMITE EN EXPEDIENTE 6804-D-06","('0037-PE-2006', 1)":null,"('0037-PE-2006', 2)":null},"('Tramites', 'FECHA')":{"('0037-PE-2006', 0)":null,"('0037-PE-2006', 1)":null,"('0037-PE-2006', 2)":null},"('Tramites', 'RESULTADO')":{"('0037-PE-2006', 0)":null,"('0037-PE-2006', 1)":null,"('0037-PE-2006', 2)":null},"Palabra Clave":{"('0037-PE-2006', 0)":" ","('0037-PE-2006', 1)":null,"('0037-PE-2006', 2)":null}}