{"Tipo de Proyecto":{"('0038-S-2006', 0)":"PROYECTO DE LEY"},"Iniciado en: ":{"('0038-S-2006', 0)":"Senado"},"Expediente Senado: ":{"('0038-S-2006', 0)":"0038-S-2006"},"Publicado en: ":{"('0038-S-2006', 0)":"Diario de Asuntos Entrados N\u00b0 2"},"Fecha: ":{"('0038-S-2006', 0)":"01\/03\/2006"},"T\u00edtulo":{"('0038-S-2006', 0)":"REGIMEN DE DESPENALIZACION DEL ABORTO PARA CASOS ESPECIFICOS (REPRODUCCION DEL EXPEDIENTE 2903-S-04)."},"('Firmantes', 'FIRMANTE')":{"('0038-S-2006', 0)":"GIUSTINIANI, RUBEN HECTOR"},"('Firmantes', 'DISTRITO')":{"('0038-S-2006', 0)":"SANTA FE"},"('Firmantes', 'BLOQUE')":{"('0038-S-2006', 0)":"PARTIDO SOCIALISTA"},"Sumario":{"('0038-S-2006', 0)":"MODIFICACION DEL ARTICULO 86 DEL CODIGO PENAL Y DEROGACION DEL ARTICULO 88."},"Palabra Clave":{"('0038-S-2006', 0)":" "}}