{"Tipo de Proyecto":{"('0039-S-2006', 0)":"PROYECTO DE RESOLUCI\u00d3N","('0039-S-2006', 1)":null,"('0039-S-2006', 2)":null},"Iniciado en: ":{"('0039-S-2006', 0)":"Senado","('0039-S-2006', 1)":null,"('0039-S-2006', 2)":null},"Expediente Diputados: ":{"('0039-S-2006', 0)":"0039-S-2006","('0039-S-2006', 1)":null,"('0039-S-2006', 2)":null},"Expediente Senado: ":{"('0039-S-2006', 0)":"1080-OVD-2004","('0039-S-2006', 1)":null,"('0039-S-2006', 2)":null},"Fecha: ":{"('0039-S-2006', 0)":"31\/03\/2006","('0039-S-2006', 1)":null,"('0039-S-2006', 2)":null},"T\u00edtulo":{"('0039-S-2006', 0)":"PEDIDO DE INFORMES AL PODER EJECUTIVO SOBRE LOS INFORMES ESPECIALES REMITIDOS POR LA AUDITORIA GENERAL DE LA NACION DE ACUERDO A LOS PRESCRIPTO POR EL ARTICULO 8 DE LA LEY 25152 (REGIMEN DE SOLVENCIA FISCAL Y CALIDAD DE LA GESTION PUBLICA NACIONAL) CORRESPONDIENTES AL 31 DE MARZO DE 2004 (1080-OVD-04), 31 DE DICIEMBRE DE 2004 (0281-OV-05), 30 DE SEPTIEMBRE DE 2004 (0282-OV-05) Y 30 DE JUNIO DE 2004 (0283-OV-05).","('0039-S-2006', 1)":null,"('0039-S-2006', 2)":null},"('Firmantes', 'FIRMANTE')":{"('0039-S-2006', 0)":"PARLAMENTARIA MIXTA REVISORA DE CUENTAS","('0039-S-2006', 1)":null,"('0039-S-2006', 2)":null},"('Firmantes', 'DISTRITO')":{"('0039-S-2006', 0)":null,"('0039-S-2006', 1)":null,"('0039-S-2006', 2)":null},"('Firmantes', 'BLOQUE')":{"('0039-S-2006', 0)":null,"('0039-S-2006', 1)":null,"('0039-S-2006', 2)":null},"('Giros', 'COMISI\u00d3N')":{"('0039-S-2006', 0)":"PARLAMENTARIA MIXTA REVISORA DE CUENTAS","('0039-S-2006', 1)":null,"('0039-S-2006', 2)":null},"('Tramites', 'C\u00c1MARA')":{"('0039-S-2006', 0)":"Senado","('0039-S-2006', 1)":"Diputados","('0039-S-2006', 2)":"Diputados"},"('Tramites', 'MOVIMIENTO')":{"('0039-S-2006', 0)":"CONSIDERACION Y APROBACION","('0039-S-2006', 1)":"PASA A DIPUTADOS -","('0039-S-2006', 2)":"CONSIDERACION Y APROBACION"},"('Tramites', 'FECHA')":{"('0039-S-2006', 0)":"19\/04\/2006","('0039-S-2006', 1)":null,"('0039-S-2006', 2)":"31\/05\/2006"},"('Tramites', 'RESULTADO')":{"('0039-S-2006', 0)":"APROBADO","('0039-S-2006', 1)":null,"('0039-S-2006', 2)":"APROBADO"},"Link":{"('0039-S-2006', 0)":"http:\/\/www.senado.gov.ar\/parlamentario\/comisiones\/verExp\/1080.04\/OVD\/PR","('0039-S-2006', 1)":null,"('0039-S-2006', 2)":null},"Palabra Clave":{"('0039-S-2006', 0)":" ","('0039-S-2006', 1)":null,"('0039-S-2006', 2)":null}}