{"Tipo de Proyecto":{"('0040-D-2006', 0)":"PROYECTO DE DECLARACI\u00d3N","('0040-D-2006', 1)":null},"Iniciado en: ":{"('0040-D-2006', 0)":"Diputados","('0040-D-2006', 1)":null},"Expediente Diputados: ":{"('0040-D-2006', 0)":"0040-D-2006","('0040-D-2006', 1)":null},"Publicado en: ":{"('0040-D-2006', 0)":"Tr\u00e1mite Parlamentario N\u00b0 1","('0040-D-2006', 1)":null},"Fecha: ":{"('0040-D-2006', 0)":"01\/03\/2006","('0040-D-2006', 1)":null},"T\u00edtulo":{"('0040-D-2006', 0)":"DECLARAR DE INTERES PARLAMENTARIO EL PROGRAMA DE TV POR CABLE \"MATEANDO CON LA CIENCIA\", QUE SE TRANSMITE POR MULTICANAL NORTE - OESTE DEL GRAN BUENOS AIRES, A TRAVES DE LA SE\u00d1AL DE NVT.","('0040-D-2006', 1)":null},"('Firmantes', 'FIRMANTE')":{"('0040-D-2006', 0)":"ROMERO, ROSARIO MARGARITA","('0040-D-2006', 1)":null},"('Firmantes', 'DISTRITO')":{"('0040-D-2006', 0)":"ENTRE RIOS","('0040-D-2006', 1)":null},"('Firmantes', 'BLOQUE')":{"('0040-D-2006', 0)":"FRENTE PARA LA VICTORIA - PJ","('0040-D-2006', 1)":null},"('Giros', 'COMISI\u00d3N')":{"('0040-D-2006', 0)":"COMUNICACIONES E INFORMATICA","('0040-D-2006', 1)":"CIENCIA Y TECNOLOGIA"},"('Tramites', 'C\u00c1MARA')":{"('0040-D-2006', 0)":"Diputados","('0040-D-2006', 1)":null},"('Tramites', 'MOVIMIENTO')":{"('0040-D-2006', 0)":"CONSIDERACION Y APROBACION","('0040-D-2006', 1)":null},"('Tramites', 'FECHA')":{"('0040-D-2006', 0)":"14\/03\/2007","('0040-D-2006', 1)":null},"('Tramites', 'RESULTADO')":{"('0040-D-2006', 0)":"APROBADO","('0040-D-2006', 1)":null},"Link":{"('0040-D-2006', 0)":"https:\/\/www.hcdn.gob.ar\/proyectos\/textoCompleto.jsp?exp=0040-D-2006&tipo=DECLARACION","('0040-D-2006', 1)":null},"Palabra Clave":{"('0040-D-2006', 0)":" ","('0040-D-2006', 1)":null}}