{"Tipo de Proyecto":{"('0041-PE-2006', 0)":"MENSAJE NRO: 1025\/06 Y PROYECTO DE LEY","('0041-PE-2006', 1)":null,"('0041-PE-2006', 2)":null,"('0041-PE-2006', 3)":null,"('0041-PE-2006', 4)":null,"('0041-PE-2006', 5)":null,"('0041-PE-2006', 6)":null},"Iniciado en: ":{"('0041-PE-2006', 0)":"Diputados","('0041-PE-2006', 1)":null,"('0041-PE-2006', 2)":null,"('0041-PE-2006', 3)":null,"('0041-PE-2006', 4)":null,"('0041-PE-2006', 5)":null,"('0041-PE-2006', 6)":null},"Expediente Diputados: ":{"('0041-PE-2006', 0)":"0041-PE-2006","('0041-PE-2006', 1)":null,"('0041-PE-2006', 2)":null,"('0041-PE-2006', 3)":null,"('0041-PE-2006', 4)":null,"('0041-PE-2006', 5)":null,"('0041-PE-2006', 6)":null},"Expediente Senado: ":{"('0041-PE-2006', 0)":"0121-CD-2006","('0041-PE-2006', 1)":null,"('0041-PE-2006', 2)":null,"('0041-PE-2006', 3)":null,"('0041-PE-2006', 4)":null,"('0041-PE-2006', 5)":null,"('0041-PE-2006', 6)":null},"Publicado en: ":{"('0041-PE-2006', 0)":"Tr\u00e1mite Parlamentario N\u00b0 108","('0041-PE-2006', 1)":null,"('0041-PE-2006', 2)":null,"('0041-PE-2006', 3)":null,"('0041-PE-2006', 4)":null,"('0041-PE-2006', 5)":null,"('0041-PE-2006', 6)":null},"Fecha: ":{"('0041-PE-2006', 0)":"11\/08\/2006","('0041-PE-2006', 1)":null,"('0041-PE-2006', 2)":null,"('0041-PE-2006', 3)":null,"('0041-PE-2006', 4)":null,"('0041-PE-2006', 5)":null,"('0041-PE-2006', 6)":null},"T\u00edtulo":{"('0041-PE-2006', 0)":"DECLARAR LA EMERGENCIA NACIONAL EN MATERIA DE TENENCIA, PORTACION, FABRICACION, IMPORTACION, EXPORTACION, TRANSPORTE, DEPOSITO, ALMACENAMIENTO, TRANSITO INTERNACIONAL, REGISTRACION, DONACION, COMODATO Y COMPRAVENTA DE ARMAS DE FUEGO, MUNICIONES, EXPLOSIVOS Y DEMAS MATERIALES CONTROLADOS, REGISTRADOS O NO, DURANTE EL TERMINO DE UN A\u00d1O.","('0041-PE-2006', 1)":null,"('0041-PE-2006', 2)":null,"('0041-PE-2006', 3)":null,"('0041-PE-2006', 4)":null,"('0041-PE-2006', 5)":null,"('0041-PE-2006', 6)":null},"('Firmantes', 'FIRMANTE')":{"('0041-PE-2006', 0)":"KIRCHNER, NESTOR CARLOS","('0041-PE-2006', 1)":"FERNANDEZ, ALBERTO","('0041-PE-2006', 2)":"FERNANDEZ, ANIBAL","('0041-PE-2006', 3)":null,"('0041-PE-2006', 4)":null,"('0041-PE-2006', 5)":null,"('0041-PE-2006', 6)":null},"('Firmantes', 'DISTRITO')":{"('0041-PE-2006', 0)":null,"('0041-PE-2006', 1)":null,"('0041-PE-2006', 2)":null,"('0041-PE-2006', 3)":null,"('0041-PE-2006', 4)":null,"('0041-PE-2006', 5)":null,"('0041-PE-2006', 6)":null},"('Firmantes', 'BLOQUE')":{"('0041-PE-2006', 0)":"PODER EJECUTIVO","('0041-PE-2006', 1)":"PODER EJECUTIVO","('0041-PE-2006', 2)":"PODER EJECUTIVO","('0041-PE-2006', 3)":null,"('0041-PE-2006', 4)":null,"('0041-PE-2006', 5)":null,"('0041-PE-2006', 6)":null},"('Giros', 'COMISI\u00d3N')":{"('0041-PE-2006', 0)":"SEGURIDAD INTERIOR","('0041-PE-2006', 1)":"LEGISLACION PENAL","('0041-PE-2006', 2)":"PRESUPUESTO Y HACIENDA","('0041-PE-2006', 3)":null,"('0041-PE-2006', 4)":null,"('0041-PE-2006', 5)":null,"('0041-PE-2006', 6)":null},"('Tramites', 'C\u00c1MARA')":{"('0041-PE-2006', 0)":"Diputados","('0041-PE-2006', 1)":"Diputados","('0041-PE-2006', 2)":"Diputados","('0041-PE-2006', 3)":"Senado","('0041-PE-2006', 4)":"Senado","('0041-PE-2006', 5)":"Senado","('0041-PE-2006', 6)":"Diputados"},"('Tramites', 'MOVIMIENTO')":{"('0041-PE-2006', 0)":"MOCION DE PREFERENCIA PARA LA PROXIMA SESION CON DICTAMEN (AFIRMATIVA)","('0041-PE-2006', 1)":"MOCION DE PREFERENCIA PARA LA PROXIMA SESION CON DICTAMEN (AFIRMATIVA)","('0041-PE-2006', 2)":"CONSIDERACION Y APROBACION CON MODIFICACIONES CONJUNTAMENTE PARA LOS EXPEDIENTES 5568-D-2005, 1412-D-2006, 2837-D-2006, 3951-D-2006, 3957-D-2006, 4404-D-2006, 0041-PE-2006, 0121-CD-2006 y 5279-D-2006","('0041-PE-2006', 3)":"PASA A SENADO - CONJUNTAMENTE PARA LOS EXPEDIENTES 5568-D-2005, 1412-D-2006, 2837-D-2006, 3951-D-2006, 3957-D-2006, 4404-D-2006, 0041-PE-2006, 0121-CD-2006 y 5279-D-2006","('0041-PE-2006', 4)":"CONSIDERACION Y SANCION CONJUNTAMENTE PARA LOS EXPEDIENTES 5568-D-2005, 1412-D-2006, 2837-D-2006, 3951-D-2006, 3957-D-2006, 4404-D-2006, 0041-PE-2006, 0121-CD-2006 y 5279-D-2006","('0041-PE-2006', 5)":"INSERCION DE LOS SENADORES CAPOS Y ESCUDERO CONJUNTAMENTE PARA LOS EXPEDIENTES 5568-D-2005, 1412-D-2006, 2837-D-2006, 3951-D-2006, 3957-D-2006, 4404-D-2006, 0041-PE-2006, 0121-CD-2006 y 5279-D-2006","('0041-PE-2006', 6)":"COMUNICACION DEL DECRETO 8\/2007 DE VETO PARCIAL Y PROMULGACION CONJUNTAMENTE PARA LOS EXPEDIENTES 5568-D-2005, 1412-D-2006, 2837-D-2006, 3951-D-2006, 3957-D-2006, 4404-D-2006, 0041-PE-2006, 0121-CD-2006 y 5279-D-2006"},"('Tramites', 'FECHA')":{"('0041-PE-2006', 0)":"11\/10\/2006","('0041-PE-2006', 1)":"25\/10\/2006","('0041-PE-2006', 2)":"08\/11\/2006","('0041-PE-2006', 3)":null,"('0041-PE-2006', 4)":"20\/12\/2006","('0041-PE-2006', 5)":"20\/12\/2006","('0041-PE-2006', 6)":null},"('Tramites', 'RESULTADO')":{"('0041-PE-2006', 0)":null,"('0041-PE-2006', 1)":null,"('0041-PE-2006', 2)":"MEDIA SANCION","('0041-PE-2006', 3)":null,"('0041-PE-2006', 4)":"SANCIONADO","('0041-PE-2006', 5)":null,"('0041-PE-2006', 6)":null},"Sumario":{"('0041-PE-2006', 0)":"REALIZAR LA DESTRUCCION PUBLICA E INMEDIATA DEL ARMAMENTO; PROHIBICION DE LA FABRICACION Y DE LA IMPORTACION DE REPLICAS DE ARMAS DE FUEGO; REALIZAR CAMPA\u00d1AS DE CONCIENTIZACION EN CONTRA DEL USO DE ARMAS DE FUEGO DE JUGUETE Y DE JUEGOS ELECTRONICOS VIOLENTOS; CREACION DEL CONSEJO CONSULTIVO PARA LAS POLITICAS DE CONTROL DE ARMAS DE FUEGO Y MUNICIONES; DEROGACION DEL ARTICULO 2 DE LA LEY 20429.","('0041-PE-2006', 1)":null,"('0041-PE-2006', 2)":null,"('0041-PE-2006', 3)":null,"('0041-PE-2006', 4)":null,"('0041-PE-2006', 5)":null,"('0041-PE-2006', 6)":null},"Palabra Clave":{"('0041-PE-2006', 0)":" ","('0041-PE-2006', 1)":null,"('0041-PE-2006', 2)":null,"('0041-PE-2006', 3)":null,"('0041-PE-2006', 4)":null,"('0041-PE-2006', 5)":null,"('0041-PE-2006', 6)":null}}