{"Tipo de Proyecto":{"('0042-PE-2006', 0)":"MENSAJE NRO: 1026\/06","('0042-PE-2006', 1)":null,"('0042-PE-2006', 2)":null,"('0042-PE-2006', 3)":null},"Iniciado en: ":{"('0042-PE-2006', 0)":"Diputados","('0042-PE-2006', 1)":null,"('0042-PE-2006', 2)":null,"('0042-PE-2006', 3)":null},"Expediente Diputados: ":{"('0042-PE-2006', 0)":"0042-PE-2006","('0042-PE-2006', 1)":null,"('0042-PE-2006', 2)":null,"('0042-PE-2006', 3)":null},"Publicado en: ":{"('0042-PE-2006', 0)":"Tr\u00e1mite Parlamentario N\u00b0 108","('0042-PE-2006', 1)":null,"('0042-PE-2006', 2)":null,"('0042-PE-2006', 3)":null},"Fecha: ":{"('0042-PE-2006', 0)":"11\/08\/2006","('0042-PE-2006', 1)":null,"('0042-PE-2006', 2)":null,"('0042-PE-2006', 3)":null},"T\u00edtulo":{"('0042-PE-2006', 0)":"COMUNICACION DEL DECRETO 1023\/06 POR EL CUAL SE TRANSFIERE EL REGISTRO NACIONAL DE ARMAS DE LA ORBITA DE LA SECRETARIA DE ASUNTOS MILITARES DEL MINISTERIO DE DEFENSA AL MINISTERIO DEL INTERIOR.","('0042-PE-2006', 1)":null,"('0042-PE-2006', 2)":null,"('0042-PE-2006', 3)":null},"('Firmantes', 'FIRMANTE')":{"('0042-PE-2006', 0)":"KIRCHNER, NESTOR CARLOS","('0042-PE-2006', 1)":"FERNANDEZ, ALBERTO","('0042-PE-2006', 2)":"FERNANDEZ, ANIBAL","('0042-PE-2006', 3)":"GARRE, NILDA CELIA"},"('Firmantes', 'DISTRITO')":{"('0042-PE-2006', 0)":null,"('0042-PE-2006', 1)":null,"('0042-PE-2006', 2)":null,"('0042-PE-2006', 3)":null},"('Firmantes', 'BLOQUE')":{"('0042-PE-2006', 0)":"PODER EJECUTIVO","('0042-PE-2006', 1)":"PODER EJECUTIVO","('0042-PE-2006', 2)":"PODER EJECUTIVO","('0042-PE-2006', 3)":"PODER EJECUTIVO"},"('Giros', 'COMISI\u00d3N')":{"('0042-PE-2006', 0)":"SEGURIDAD INTERIOR","('0042-PE-2006', 1)":"DEFENSA NACIONAL","('0042-PE-2006', 2)":"PRESUPUESTO Y HACIENDA","('0042-PE-2006', 3)":null},"Palabra Clave":{"('0042-PE-2006', 0)":" ","('0042-PE-2006', 1)":null,"('0042-PE-2006', 2)":null,"('0042-PE-2006', 3)":null}}