{"Tipo de Proyecto":{"('0044-PE-2006', 0)":"MENSAJE NRO: 1091\/06","('0044-PE-2006', 1)":null,"('0044-PE-2006', 2)":null},"Iniciado en: ":{"('0044-PE-2006', 0)":"Diputados","('0044-PE-2006', 1)":null,"('0044-PE-2006', 2)":null},"Expediente Diputados: ":{"('0044-PE-2006', 0)":"0044-PE-2006","('0044-PE-2006', 1)":null,"('0044-PE-2006', 2)":null},"Publicado en: ":{"('0044-PE-2006', 0)":"Tr\u00e1mite Parlamentario N\u00b0 116","('0044-PE-2006', 1)":null,"('0044-PE-2006', 2)":null},"Fecha: ":{"('0044-PE-2006', 0)":"24\/08\/2006","('0044-PE-2006', 1)":null,"('0044-PE-2006', 2)":null},"T\u00edtulo":{"('0044-PE-2006', 0)":"COMUNICACION DEL DECRETO 1076\/06, POR EL CUAL SE DELEGA LA AUTORIZACION PARA EL ACCESO A LA INFORMACION VINCULADA A LAS ACTIVIDADES DE INTELIGENCIA MILITAR AL TITULAR DEL MINISTERIO DE DEFENSA.","('0044-PE-2006', 1)":null,"('0044-PE-2006', 2)":null},"('Firmantes', 'FIRMANTE')":{"('0044-PE-2006', 0)":"KIRCHNER, NESTOR CARLOS","('0044-PE-2006', 1)":"FERNANDEZ, ALBERTO","('0044-PE-2006', 2)":"GARRE, NILDA CELIA"},"('Firmantes', 'DISTRITO')":{"('0044-PE-2006', 0)":null,"('0044-PE-2006', 1)":null,"('0044-PE-2006', 2)":null},"('Firmantes', 'BLOQUE')":{"('0044-PE-2006', 0)":"PODER EJECUTIVO","('0044-PE-2006', 1)":"PODER EJECUTIVO","('0044-PE-2006', 2)":"PODER EJECUTIVO"},"('Giros', 'COMISI\u00d3N')":{"('0044-PE-2006', 0)":"DEFENSA NACIONAL","('0044-PE-2006', 1)":"BICAMERAL DE FISCALIZACION DE ORGANISMOS Y ACTIVIDADES DE INTELIGENCIA (LEY 25520)","('0044-PE-2006', 2)":null},"Palabra Clave":{"('0044-PE-2006', 0)":" ","('0044-PE-2006', 1)":null,"('0044-PE-2006', 2)":null}}