{"Tipo de Proyecto":{"('0045-S-2006', 0)":"COMUNICACION","('0045-S-2006', 1)":null},"Iniciado en: ":{"('0045-S-2006', 0)":"Senado","('0045-S-2006', 1)":null},"Expediente Senado: ":{"('0045-S-2006', 0)":"0045-S-2006","('0045-S-2006', 1)":null},"Publicado en: ":{"('0045-S-2006', 0)":"Diario de Asuntos Entrados N\u00b0 3","('0045-S-2006', 1)":null},"Fecha: ":{"('0045-S-2006', 0)":"01\/03\/2006","('0045-S-2006', 1)":null},"T\u00edtulo":{"('0045-S-2006', 0)":"SOLICITAR AL PODER EJECUTIVO ARBITRE LOS MECANISMOS NECESARIOS PARA QUE LA LOCALIDAD DE TIRAXI, EN EL DEPARTAMENTO DE DOCTOR MANUEL BELGRANO DE LA PROVINCIA DE JUJUY, CUENTE CON EL SERVICIO DE TELEFONIA BASICA.","('0045-S-2006', 1)":null},"('Firmantes', 'FIRMANTE')":{"('0045-S-2006', 0)":"JENEFES, GUILLERMO RAUL","('0045-S-2006', 1)":null},"('Firmantes', 'DISTRITO')":{"('0045-S-2006', 0)":"JUJUY","('0045-S-2006', 1)":null},"('Firmantes', 'BLOQUE')":{"('0045-S-2006', 0)":"JUSTICIALISTA","('0045-S-2006', 1)":null},"('Tramites', 'C\u00c1MARA')":{"('0045-S-2006', 0)":"Senado","('0045-S-2006', 1)":"Senado"},"('Tramites', 'MOVIMIENTO')":{"('0045-S-2006', 0)":"CONSIDERACION Y APROBACION","('0045-S-2006', 1)":"CONTESTACION DEL PODER EJECUTIVO NACIONAL - JEFE DE GABINETE DE MINISTROS - (A SUS ANTECEDENTES)"},"('Tramites', 'FECHA')":{"('0045-S-2006', 0)":"19\/04\/2006","('0045-S-2006', 1)":"02\/11\/2011"},"('Tramites', 'RESULTADO')":{"('0045-S-2006', 0)":"APROBADO","('0045-S-2006', 1)":null},"Link":{"('0045-S-2006', 0)":"http:\/\/www.senado.gov.ar\/parlamentario\/comisiones\/verExp\/45.06\/S\/PC","('0045-S-2006', 1)":null},"Palabra Clave":{"('0045-S-2006', 0)":" ","('0045-S-2006', 1)":null}}