{"Tipo de Proyecto":{"('0046-S-2006', 0)":"COMUNICACION","('0046-S-2006', 1)":null,"('0046-S-2006', 2)":null},"Iniciado en: ":{"('0046-S-2006', 0)":"Senado","('0046-S-2006', 1)":null,"('0046-S-2006', 2)":null},"Expediente Senado: ":{"('0046-S-2006', 0)":"0046-S-2006","('0046-S-2006', 1)":null,"('0046-S-2006', 2)":null},"Publicado en: ":{"('0046-S-2006', 0)":"Diario de Asuntos Entrados N\u00b0 3","('0046-S-2006', 1)":null,"('0046-S-2006', 2)":null},"Fecha: ":{"('0046-S-2006', 0)":"01\/03\/2006","('0046-S-2006', 1)":null,"('0046-S-2006', 2)":null},"T\u00edtulo":{"('0046-S-2006', 0)":"SOLICITAR AL PODER EJECUTIVO ARBITRE LOS MEDIOS NECESARIOS PARA LA CONFECCION DE UNA SERIE DE SELLOS POSTALES CONMEMORATIVOS DEL CENTESIMO ANIVERSARIO DE LA CIUDAD DE LA QUIACA, A CELEBRARSE EN EL A\u00d1O 2007.","('0046-S-2006', 1)":null,"('0046-S-2006', 2)":null},"('Firmantes', 'FIRMANTE')":{"('0046-S-2006', 0)":"JENEFES, GUILLERMO RAUL","('0046-S-2006', 1)":null,"('0046-S-2006', 2)":null},"('Firmantes', 'DISTRITO')":{"('0046-S-2006', 0)":"JUJUY","('0046-S-2006', 1)":null,"('0046-S-2006', 2)":null},"('Firmantes', 'BLOQUE')":{"('0046-S-2006', 0)":"JUSTICIALISTA","('0046-S-2006', 1)":null,"('0046-S-2006', 2)":null},"('Tramites', 'C\u00c1MARA')":{"('0046-S-2006', 0)":"Senado","('0046-S-2006', 1)":"Senado","('0046-S-2006', 2)":"Senado"},"('Tramites', 'MOVIMIENTO')":{"('0046-S-2006', 0)":"SE SUPRIME EL GIRO A LA COMISION DE EDUCACION, CULTURA, CIENCIA Y TECNOLOGIA; GIRO A LA COMISION DE SISTEMAS, MEDIOS DE COMUNICACION Y LIBERTAD DE EXPRESION","('0046-S-2006', 1)":"CONSIDERACION Y APROBACION CONJUNTAMENTE PARA LOS EXPEDIENTES 0046-S-2006 y 0299-S-2006","('0046-S-2006', 2)":"CONTESTACION DEL PODER EJECUTIVO NACIONAL - GIRADO A LA COMISION RESPECTIVA"},"('Tramites', 'FECHA')":{"('0046-S-2006', 0)":"15\/03\/2006","('0046-S-2006', 1)":"28\/06\/2006","('0046-S-2006', 2)":null},"('Tramites', 'RESULTADO')":{"('0046-S-2006', 0)":null,"('0046-S-2006', 1)":"APROBADO","('0046-S-2006', 2)":null},"Link":{"('0046-S-2006', 0)":"http:\/\/www.senado.gov.ar\/parlamentario\/comisiones\/verExp\/46.06\/S\/PC","('0046-S-2006', 1)":null,"('0046-S-2006', 2)":null},"Palabra Clave":{"('0046-S-2006', 0)":" ","('0046-S-2006', 1)":null,"('0046-S-2006', 2)":null}}