{"Tipo de Proyecto":{"('0046-D-2006', 0)":"PROYECTO DE LEY","('0046-D-2006', 1)":null,"('0046-D-2006', 2)":null,"('0046-D-2006', 3)":null,"('0046-D-2006', 4)":null,"('0046-D-2006', 5)":null,"('0046-D-2006', 6)":null,"('0046-D-2006', 7)":null,"('0046-D-2006', 8)":null,"('0046-D-2006', 9)":null},"Iniciado en: ":{"('0046-D-2006', 0)":"Diputados","('0046-D-2006', 1)":null,"('0046-D-2006', 2)":null,"('0046-D-2006', 3)":null,"('0046-D-2006', 4)":null,"('0046-D-2006', 5)":null,"('0046-D-2006', 6)":null,"('0046-D-2006', 7)":null,"('0046-D-2006', 8)":null,"('0046-D-2006', 9)":null},"Expediente Diputados: ":{"('0046-D-2006', 0)":"0046-D-2006","('0046-D-2006', 1)":null,"('0046-D-2006', 2)":null,"('0046-D-2006', 3)":null,"('0046-D-2006', 4)":null,"('0046-D-2006', 5)":null,"('0046-D-2006', 6)":null,"('0046-D-2006', 7)":null,"('0046-D-2006', 8)":null,"('0046-D-2006', 9)":null},"Publicado en: ":{"('0046-D-2006', 0)":"Tr\u00e1mite Parlamentario N\u00b0 1","('0046-D-2006', 1)":null,"('0046-D-2006', 2)":null,"('0046-D-2006', 3)":null,"('0046-D-2006', 4)":null,"('0046-D-2006', 5)":null,"('0046-D-2006', 6)":null,"('0046-D-2006', 7)":null,"('0046-D-2006', 8)":null,"('0046-D-2006', 9)":null},"Fecha: ":{"('0046-D-2006', 0)":"01\/03\/2006","('0046-D-2006', 1)":null,"('0046-D-2006', 2)":null,"('0046-D-2006', 3)":null,"('0046-D-2006', 4)":null,"('0046-D-2006', 5)":null,"('0046-D-2006', 6)":null,"('0046-D-2006', 7)":null,"('0046-D-2006', 8)":null,"('0046-D-2006', 9)":null},"T\u00edtulo":{"('0046-D-2006', 0)":"CARACTER OBLIGATORIO Y ASISTIDO DEL NIVEL POLIMODAL O SU EQUIVALENTE, EN TODAS SUS MODALIDADES Y ORIENTACIONES EN TODO EL AMBITO DEL SISTEMA EDUCATIVO NACIONAL.","('0046-D-2006', 1)":null,"('0046-D-2006', 2)":null,"('0046-D-2006', 3)":null,"('0046-D-2006', 4)":null,"('0046-D-2006', 5)":null,"('0046-D-2006', 6)":null,"('0046-D-2006', 7)":null,"('0046-D-2006', 8)":null,"('0046-D-2006', 9)":null},"('Firmantes', 'FIRMANTE')":{"('0046-D-2006', 0)":"BULLRICH, ESTEBAN JOSE","('0046-D-2006', 1)":"ALCHOURON, GUILLERMO EDUARDO","('0046-D-2006', 2)":"BRILLO, JOSE RICARDO","('0046-D-2006', 3)":"ESTEBAN, SILVIA GRACIELA","('0046-D-2006', 4)":"JEREZ, ESTEBAN EDUARDO","('0046-D-2006', 5)":"JEREZ, EUSEBIA ANTONIA","('0046-D-2006', 6)":"MARTINI, HUGO","('0046-D-2006', 7)":"PINEDO, FEDERICO","('0046-D-2006', 8)":"TONELLI, PABLO GABRIEL","('0046-D-2006', 9)":"BERTOL, PAULA MARIA"},"('Firmantes', 'DISTRITO')":{"('0046-D-2006', 0)":"CIUDAD de BUENOS AIRES","('0046-D-2006', 1)":"BUENOS AIRES","('0046-D-2006', 2)":"NEUQUEN","('0046-D-2006', 3)":"SANTA CRUZ","('0046-D-2006', 4)":"TUCUMAN","('0046-D-2006', 5)":"TUCUMAN","('0046-D-2006', 6)":"CIUDAD de BUENOS AIRES","('0046-D-2006', 7)":"CIUDAD de BUENOS AIRES","('0046-D-2006', 8)":"BUENOS AIRES","('0046-D-2006', 9)":"CIUDAD de BUENOS AIRES"},"('Firmantes', 'BLOQUE')":{"('0046-D-2006', 0)":"PRO","('0046-D-2006', 1)":"ACCION REPUBLICA","('0046-D-2006', 2)":"MOV POP NEUQUINO","('0046-D-2006', 3)":"FRENTE PARA LA VICTORIA - PJ","('0046-D-2006', 4)":"PRO","('0046-D-2006', 5)":"FZA REPUBLICANA","('0046-D-2006', 6)":"PRO","('0046-D-2006', 7)":"PRO","('0046-D-2006', 8)":"PRO","('0046-D-2006', 9)":"PRO"},"('Giros', 'COMISI\u00d3N')":{"('0046-D-2006', 0)":"EDUCACION","('0046-D-2006', 1)":"PRESUPUESTO Y HACIENDA","('0046-D-2006', 2)":null,"('0046-D-2006', 3)":null,"('0046-D-2006', 4)":null,"('0046-D-2006', 5)":null,"('0046-D-2006', 6)":null,"('0046-D-2006', 7)":null,"('0046-D-2006', 8)":null,"('0046-D-2006', 9)":null},"Sumario":{"('0046-D-2006', 0)":"REALIZACION DE ESTUDIOS TECNICOS NECESARIOS; IGUALDAD DE OPORTUNIDADES Y POSIBILIDADES EN EL ACCESO; OBLIGACIONES DEL MINISTERIO DE EDUCACION, CIENCIA Y TECNOLOGIA DE LA NACION; PARTIDA PRESUPUESTARIA.","('0046-D-2006', 1)":null,"('0046-D-2006', 2)":null,"('0046-D-2006', 3)":null,"('0046-D-2006', 4)":null,"('0046-D-2006', 5)":null,"('0046-D-2006', 6)":null,"('0046-D-2006', 7)":null,"('0046-D-2006', 8)":null,"('0046-D-2006', 9)":null},"Palabra Clave":{"('0046-D-2006', 0)":" ","('0046-D-2006', 1)":null,"('0046-D-2006', 2)":null,"('0046-D-2006', 3)":null,"('0046-D-2006', 4)":null,"('0046-D-2006', 5)":null,"('0046-D-2006', 6)":null,"('0046-D-2006', 7)":null,"('0046-D-2006', 8)":null,"('0046-D-2006', 9)":null}}