{"Tipo de Proyecto":{"('0047-S-2006', 0)":"PROYECTO DE LEY","('0047-S-2006', 1)":null},"Iniciado en: ":{"('0047-S-2006', 0)":"Senado","('0047-S-2006', 1)":null},"Expediente Senado: ":{"('0047-S-2006', 0)":"0047-S-2006","('0047-S-2006', 1)":null},"Publicado en: ":{"('0047-S-2006', 0)":"Diario de Asuntos Entrados N\u00b0 3","('0047-S-2006', 1)":null},"Fecha: ":{"('0047-S-2006', 0)":"01\/03\/2006","('0047-S-2006', 1)":null},"T\u00edtulo":{"('0047-S-2006', 0)":"MODIFICACION DE LA LEY 24093 (LEY NACIONAL DE ACTIVIDADES PORTUARIAS).","('0047-S-2006', 1)":null},"('Firmantes', 'FIRMANTE')":{"('0047-S-2006', 0)":"GONZALEZ DE DUHALDE, HILDA","('0047-S-2006', 1)":null},"('Firmantes', 'DISTRITO')":{"('0047-S-2006', 0)":"BUENOS AIRES","('0047-S-2006', 1)":null},"('Firmantes', 'BLOQUE')":{"('0047-S-2006', 0)":"JUSTICIALISTA DIALOG AR","('0047-S-2006', 1)":null},"('Tramites', 'C\u00c1MARA')":{"('0047-S-2006', 0)":"Senado","('0047-S-2006', 1)":"Senado"},"('Tramites', 'MOVIMIENTO')":{"('0047-S-2006', 0)":"MOCION DE PREFERENCIA PARA LA PROXIMA SESION CON DICTAMEN (AFIRMATIVA)","('0047-S-2006', 1)":"REPRODUCIDO POR EXPEDIENTE 0296-S-08 (DAE 14)"},"('Tramites', 'FECHA')":{"('0047-S-2006', 0)":"06\/06\/2007","('0047-S-2006', 1)":null},"('Tramites', 'RESULTADO')":{"('0047-S-2006', 0)":null,"('0047-S-2006', 1)":null},"Sumario":{"('0047-S-2006', 0)":"MODIFICACION DE LOS ARTICULOS 5 (TRAMITES); MODIFICACION DE LOS INCISOS C) Y D) DEL ARTICULO 6; INCORPORACION DE INCISO K) AL ARTICULO 6, DE PARRAFO FINAL AL ARTICULO 6; MODIFICACION DEL ARTICULO 7 (CLASIFICACION) Y 17 (PARTICULARES)","('0047-S-2006', 1)":null},"Palabra Clave":{"('0047-S-2006', 0)":" ","('0047-S-2006', 1)":null}}