{"Tipo de Proyecto":{"('0048-PE-2006', 0)":"MENSAJE NRO: 1127\/06","('0048-PE-2006', 1)":null,"('0048-PE-2006', 2)":null},"Iniciado en: ":{"('0048-PE-2006', 0)":"Diputados","('0048-PE-2006', 1)":null,"('0048-PE-2006', 2)":null},"Expediente Diputados: ":{"('0048-PE-2006', 0)":"0048-PE-2006","('0048-PE-2006', 1)":null,"('0048-PE-2006', 2)":null},"Publicado en: ":{"('0048-PE-2006', 0)":"Tr\u00e1mite Parlamentario N\u00b0 120","('0048-PE-2006', 1)":null,"('0048-PE-2006', 2)":null},"Fecha: ":{"('0048-PE-2006', 0)":"30\/08\/2006","('0048-PE-2006', 1)":null,"('0048-PE-2006', 2)":null},"T\u00edtulo":{"('0048-PE-2006', 0)":"COMUNICACION DEL DECRETO 1126\/06 POR EL CUAL SE HACEN EXTENSIVOS LOS ALCANCES DEL DECRETO 1095\/06 AL PERSONAL DE GENDARMERIA NACIONAL Y DE LA PREFECTURA NAVAL ARGENTINA. ","('0048-PE-2006', 1)":null,"('0048-PE-2006', 2)":null},"('Firmantes', 'FIRMANTE')":{"('0048-PE-2006', 0)":"KIRCHNER, NESTOR CARLOS","('0048-PE-2006', 1)":"FERNANDEZ, ALBERTO","('0048-PE-2006', 2)":"FERNANDEZ, ANIBAL"},"('Firmantes', 'DISTRITO')":{"('0048-PE-2006', 0)":null,"('0048-PE-2006', 1)":null,"('0048-PE-2006', 2)":null},"('Firmantes', 'BLOQUE')":{"('0048-PE-2006', 0)":"PODER EJECUTIVO","('0048-PE-2006', 1)":"PODER EJECUTIVO","('0048-PE-2006', 2)":"PODER EJECUTIVO"},"('Giros', 'COMISI\u00d3N')":{"('0048-PE-2006', 0)":"SEGURIDAD INTERIOR","('0048-PE-2006', 1)":"PRESUPUESTO Y HACIENDA","('0048-PE-2006', 2)":null},"('Tramites', 'C\u00c1MARA')":{"('0048-PE-2006', 0)":"Diputados","('0048-PE-2006', 1)":null,"('0048-PE-2006', 2)":null},"('Tramites', 'MOVIMIENTO')":{"('0048-PE-2006', 0)":"VER TRAMITE EN EXPEDIENTE 6806-D-06","('0048-PE-2006', 1)":null,"('0048-PE-2006', 2)":null},"('Tramites', 'FECHA')":{"('0048-PE-2006', 0)":null,"('0048-PE-2006', 1)":null,"('0048-PE-2006', 2)":null},"('Tramites', 'RESULTADO')":{"('0048-PE-2006', 0)":null,"('0048-PE-2006', 1)":null,"('0048-PE-2006', 2)":null},"Palabra Clave":{"('0048-PE-2006', 0)":" ","('0048-PE-2006', 1)":null,"('0048-PE-2006', 2)":null}}