{"Tipo de Proyecto":{"('0048-D-2006', 0)":"PROYECTO DE DECLARACI\u00d3N","('0048-D-2006', 1)":null,"('0048-D-2006', 2)":null,"('0048-D-2006', 3)":null,"('0048-D-2006', 4)":null,"('0048-D-2006', 5)":null,"('0048-D-2006', 6)":null,"('0048-D-2006', 7)":null},"Iniciado en: ":{"('0048-D-2006', 0)":"Diputados","('0048-D-2006', 1)":null,"('0048-D-2006', 2)":null,"('0048-D-2006', 3)":null,"('0048-D-2006', 4)":null,"('0048-D-2006', 5)":null,"('0048-D-2006', 6)":null,"('0048-D-2006', 7)":null},"Expediente Diputados: ":{"('0048-D-2006', 0)":"0048-D-2006","('0048-D-2006', 1)":null,"('0048-D-2006', 2)":null,"('0048-D-2006', 3)":null,"('0048-D-2006', 4)":null,"('0048-D-2006', 5)":null,"('0048-D-2006', 6)":null,"('0048-D-2006', 7)":null},"Publicado en: ":{"('0048-D-2006', 0)":"Tr\u00e1mite Parlamentario N\u00b0 1","('0048-D-2006', 1)":null,"('0048-D-2006', 2)":null,"('0048-D-2006', 3)":null,"('0048-D-2006', 4)":null,"('0048-D-2006', 5)":null,"('0048-D-2006', 6)":null,"('0048-D-2006', 7)":null},"Fecha: ":{"('0048-D-2006', 0)":"01\/03\/2006","('0048-D-2006', 1)":null,"('0048-D-2006', 2)":null,"('0048-D-2006', 3)":null,"('0048-D-2006', 4)":null,"('0048-D-2006', 5)":null,"('0048-D-2006', 6)":null,"('0048-D-2006', 7)":null},"T\u00edtulo":{"('0048-D-2006', 0)":"EXPRESAR REPUDIO POR LAS EXPRESIONES DEL GOBERNADOR DE LA PROVINCIA DE SANTA FE JUSTIFICANDO LA NEGATIVA DEL GOBIERNO CUBANO DE PERMITIR EL INGRESO A SU PAIS DEL CIUDADANO ARGENTINO JOSE IGNACIO GARCIA HAMILTON.","('0048-D-2006', 1)":null,"('0048-D-2006', 2)":null,"('0048-D-2006', 3)":null,"('0048-D-2006', 4)":null,"('0048-D-2006', 5)":null,"('0048-D-2006', 6)":null,"('0048-D-2006', 7)":null},"('Firmantes', 'FIRMANTE')":{"('0048-D-2006', 0)":"BULLRICH, ESTEBAN JOSE","('0048-D-2006', 1)":"ALCHOURON, GUILLERMO EDUARDO","('0048-D-2006', 2)":"BRILLO, JOSE RICARDO","('0048-D-2006', 3)":"GINZBURG, NORA RAQUEL","('0048-D-2006', 4)":"MARTINI, HUGO","('0048-D-2006', 5)":"PINEDO, FEDERICO","('0048-D-2006', 6)":"TONELLI, PABLO GABRIEL","('0048-D-2006', 7)":"BERTOL, PAULA MARIA"},"('Firmantes', 'DISTRITO')":{"('0048-D-2006', 0)":"CIUDAD de BUENOS AIRES","('0048-D-2006', 1)":"BUENOS AIRES","('0048-D-2006', 2)":"NEUQUEN","('0048-D-2006', 3)":"CIUDAD de BUENOS AIRES","('0048-D-2006', 4)":"CIUDAD de BUENOS AIRES","('0048-D-2006', 5)":"CIUDAD de BUENOS AIRES","('0048-D-2006', 6)":"BUENOS AIRES","('0048-D-2006', 7)":"CIUDAD de BUENOS AIRES"},"('Firmantes', 'BLOQUE')":{"('0048-D-2006', 0)":"PRO","('0048-D-2006', 1)":"ACCION REPUBLICA","('0048-D-2006', 2)":"MOV POP NEUQUINO","('0048-D-2006', 3)":"PRO","('0048-D-2006', 4)":"PRO","('0048-D-2006', 5)":"PRO","('0048-D-2006', 6)":"PRO","('0048-D-2006', 7)":"PRO"},"('Giros', 'COMISI\u00d3N')":{"('0048-D-2006', 0)":"RELACIONES EXTERIORES Y CULTO","('0048-D-2006', 1)":"DERECHOS HUMANOS Y GARANTIAS","('0048-D-2006', 2)":null,"('0048-D-2006', 3)":null,"('0048-D-2006', 4)":null,"('0048-D-2006', 5)":null,"('0048-D-2006', 6)":null,"('0048-D-2006', 7)":null},"Link":{"('0048-D-2006', 0)":"https:\/\/www.hcdn.gob.ar\/proyectos\/textoCompleto.jsp?exp=0048-D-2006&tipo=DECLARACION","('0048-D-2006', 1)":null,"('0048-D-2006', 2)":null,"('0048-D-2006', 3)":null,"('0048-D-2006', 4)":null,"('0048-D-2006', 5)":null,"('0048-D-2006', 6)":null,"('0048-D-2006', 7)":null},"Palabra Clave":{"('0048-D-2006', 0)":" ","('0048-D-2006', 1)":null,"('0048-D-2006', 2)":null,"('0048-D-2006', 3)":null,"('0048-D-2006', 4)":null,"('0048-D-2006', 5)":null,"('0048-D-2006', 6)":null,"('0048-D-2006', 7)":null}}