{"Tipo de Proyecto":{"('0049-PE-2006', 0)":"MENSAJE NRO: 1172\/06","('0049-PE-2006', 1)":null,"('0049-PE-2006', 2)":null},"Iniciado en: ":{"('0049-PE-2006', 0)":"Diputados","('0049-PE-2006', 1)":null,"('0049-PE-2006', 2)":null},"Expediente Diputados: ":{"('0049-PE-2006', 0)":"0049-PE-2006","('0049-PE-2006', 1)":null,"('0049-PE-2006', 2)":null},"Publicado en: ":{"('0049-PE-2006', 0)":"Tr\u00e1mite Parlamentario N\u00b0 126","('0049-PE-2006', 1)":null,"('0049-PE-2006', 2)":null},"Fecha: ":{"('0049-PE-2006', 0)":"07\/09\/2006","('0049-PE-2006', 1)":null,"('0049-PE-2006', 2)":null},"T\u00edtulo":{"('0049-PE-2006', 0)":"COMUNICACION DEL DECRETO 1171\/06 POR EL CUAL SE HOMOLOGA EL ACTA ACUERDO Y ANEXOS DE LA COMISION NEGOCIADORA DEL CONVENIO COLECTIVO DE TRABAJO PARA EL PERSONAL QUE SE DESEMPE\u00d1A EN EL ORGANO DE CONTROL DE CONCESIONES VIALES (OCCOVI), CON VIGENCIA A PARTIR DEL 1 DE JUNIO DE 2006 Y DEL 1 DE AGOSTO DE 2006.","('0049-PE-2006', 1)":null,"('0049-PE-2006', 2)":null},"('Firmantes', 'FIRMANTE')":{"('0049-PE-2006', 0)":"KIRCHNER, NESTOR CARLOS","('0049-PE-2006', 1)":"FERNANDEZ, ALBERTO","('0049-PE-2006', 2)":"TOMADA, CARLOS"},"('Firmantes', 'DISTRITO')":{"('0049-PE-2006', 0)":null,"('0049-PE-2006', 1)":null,"('0049-PE-2006', 2)":null},"('Firmantes', 'BLOQUE')":{"('0049-PE-2006', 0)":"PODER EJECUTIVO","('0049-PE-2006', 1)":"PODER EJECUTIVO","('0049-PE-2006', 2)":"PODER EJECUTIVO"},"('Giros', 'COMISI\u00d3N')":{"('0049-PE-2006', 0)":"TRANSPORTES","('0049-PE-2006', 1)":"PRESUPUESTO Y HACIENDA","('0049-PE-2006', 2)":null},"('Tramites', 'C\u00c1MARA')":{"('0049-PE-2006', 0)":"Diputados","('0049-PE-2006', 1)":null,"('0049-PE-2006', 2)":null},"('Tramites', 'MOVIMIENTO')":{"('0049-PE-2006', 0)":"VER TRAMITE EN EXPEDIENTE 6806-D-06","('0049-PE-2006', 1)":null,"('0049-PE-2006', 2)":null},"('Tramites', 'FECHA')":{"('0049-PE-2006', 0)":null,"('0049-PE-2006', 1)":null,"('0049-PE-2006', 2)":null},"('Tramites', 'RESULTADO')":{"('0049-PE-2006', 0)":null,"('0049-PE-2006', 1)":null,"('0049-PE-2006', 2)":null},"Palabra Clave":{"('0049-PE-2006', 0)":" ","('0049-PE-2006', 1)":null,"('0049-PE-2006', 2)":null}}