{"Tipo de Proyecto":{"('0051-S-2006', 0)":"PROYECTO DE DECLARACI\u00d3N"},"Iniciado en: ":{"('0051-S-2006', 0)":"Senado"},"Expediente Senado: ":{"('0051-S-2006', 0)":"0051-S-2006"},"Publicado en: ":{"('0051-S-2006', 0)":"Diario de Asuntos Entrados N\u00b0 3"},"Fecha: ":{"('0051-S-2006', 0)":"01\/03\/2006"},"T\u00edtulo":{"('0051-S-2006', 0)":"DECLARAR DE INTERES CULTURAL LA CONFERENCIA MUNDIAL SOBRE EDUCACION ARTISTICA 'CONSTRUIR CAPACIDADES CREATIVAS PARA EL SIGLO XXI', EN LISBOA, PORTUGAL, DEL 6 AL 9\/03\/2006."},"('Firmantes', 'FIRMANTE')":{"('0051-S-2006', 0)":"SAPAG, LUZ MARIA"},"('Firmantes', 'DISTRITO')":{"('0051-S-2006', 0)":"NEUQUEN"},"('Firmantes', 'BLOQUE')":{"('0051-S-2006', 0)":"MOV POP NEUQUINO"},"('Tramites', 'C\u00c1MARA')":{"('0051-S-2006', 0)":"Senado"},"('Tramites', 'MOVIMIENTO')":{"('0051-S-2006', 0)":"CONSIDERACION Y APROBACION"},"('Tramites', 'FECHA')":{"('0051-S-2006', 0)":"10\/05\/2006"},"('Tramites', 'RESULTADO')":{"('0051-S-2006', 0)":"APROBADO"},"Link":{"('0051-S-2006', 0)":"http:\/\/www.senado.gov.ar\/parlamentario\/comisiones\/verExp\/51.06\/S\/PD"},"Palabra Clave":{"('0051-S-2006', 0)":" "}}