{"Tipo de Proyecto":{"('0051-PE-2006', 0)":"MENSAJE NRO: 1232\/06 Y PROYECTO DE LEY","('0051-PE-2006', 1)":null,"('0051-PE-2006', 2)":null},"Iniciado en: ":{"('0051-PE-2006', 0)":"Diputados","('0051-PE-2006', 1)":null,"('0051-PE-2006', 2)":null},"Expediente Diputados: ":{"('0051-PE-2006', 0)":"0051-PE-2006","('0051-PE-2006', 1)":null,"('0051-PE-2006', 2)":null},"Expediente Senado: ":{"('0051-PE-2006', 0)":"0113-CD-2006","('0051-PE-2006', 1)":null,"('0051-PE-2006', 2)":null},"Publicado en: ":{"('0051-PE-2006', 0)":"Tr\u00e1mite Parlamentario N\u00b0 131","('0051-PE-2006', 1)":null,"('0051-PE-2006', 2)":null},"Fecha: ":{"('0051-PE-2006', 0)":"14\/09\/2006","('0051-PE-2006', 1)":null,"('0051-PE-2006', 2)":null},"T\u00edtulo":{"('0051-PE-2006', 0)":"INSTITUIR EL DIA 16 DE SEPTIEMBRE DE CADA A\u00d1O COMO DIA NACIONAL DE LA JUVENTUD EN CONMEMORACION A LA DENOMINADA NOCHE DE LOS LAPICES.","('0051-PE-2006', 1)":null,"('0051-PE-2006', 2)":null},"('Firmantes', 'FIRMANTE')":{"('0051-PE-2006', 0)":"KIRCHNER, NESTOR CARLOS","('0051-PE-2006', 1)":"FERNANDEZ, ALBERTO","('0051-PE-2006', 2)":"FERNANDEZ, ANIBAL"},"('Firmantes', 'DISTRITO')":{"('0051-PE-2006', 0)":null,"('0051-PE-2006', 1)":null,"('0051-PE-2006', 2)":null},"('Firmantes', 'BLOQUE')":{"('0051-PE-2006', 0)":"PODER EJECUTIVO","('0051-PE-2006', 1)":"PODER EJECUTIVO","('0051-PE-2006', 2)":"PODER EJECUTIVO"},"('Giros', 'COMISI\u00d3N')":{"('0051-PE-2006', 0)":"DERECHOS HUMANOS Y GARANTIAS","('0051-PE-2006', 1)":"LEGISLACION GENERAL","('0051-PE-2006', 2)":null},"('Tramites', 'C\u00c1MARA')":{"('0051-PE-2006', 0)":"Diputados","('0051-PE-2006', 1)":"Diputados","('0051-PE-2006', 2)":"Senado"},"('Tramites', 'MOVIMIENTO')":{"('0051-PE-2006', 0)":"MOCION DE PREFERENCIA PARA LA PROXIMA SESION CON DICTAMEN (AFIRMATIVA)","('0051-PE-2006', 1)":"CONSIDERACION Y APROBACION","('0051-PE-2006', 2)":"PASA A SENADO -"},"('Tramites', 'FECHA')":{"('0051-PE-2006', 0)":"25\/10\/2006","('0051-PE-2006', 1)":"08\/11\/2006","('0051-PE-2006', 2)":null},"('Tramites', 'RESULTADO')":{"('0051-PE-2006', 0)":null,"('0051-PE-2006', 1)":"MEDIA SANCION","('0051-PE-2006', 2)":null},"Palabra Clave":{"('0051-PE-2006', 0)":" ","('0051-PE-2006', 1)":null,"('0051-PE-2006', 2)":null}}