{"Tipo de Proyecto":{"('0052-S-2006', 0)":"PROYECTO DE DECLARACI\u00d3N"},"Iniciado en: ":{"('0052-S-2006', 0)":"Senado"},"Expediente Senado: ":{"('0052-S-2006', 0)":"0052-S-2006"},"Publicado en: ":{"('0052-S-2006', 0)":"Diario de Asuntos Entrados N\u00b0 3"},"Fecha: ":{"('0052-S-2006', 0)":"01\/03\/2006"},"T\u00edtulo":{"('0052-S-2006', 0)":"ADHESION A LAS ACTIVIDADES A DESARROLLARSE EN EL MARCO DEL DIA INTERNACIONAL DEL ESCULTOR, A REALIZARSE EL 06\/03\/2006, EN RESISTENCIA, PROVINCIA DE CHACO."},"('Firmantes', 'FIRMANTE')":{"('0052-S-2006', 0)":"CURLETTI, MIRIAM BELEN"},"('Firmantes', 'DISTRITO')":{"('0052-S-2006', 0)":"CHACO"},"('Firmantes', 'BLOQUE')":{"('0052-S-2006', 0)":"UCR"},"('Tramites', 'C\u00c1MARA')":{"('0052-S-2006', 0)":"Senado"},"('Tramites', 'MOVIMIENTO')":{"('0052-S-2006', 0)":"CONSIDERACION Y APROBACION"},"('Tramites', 'FECHA')":{"('0052-S-2006', 0)":"10\/05\/2006"},"('Tramites', 'RESULTADO')":{"('0052-S-2006', 0)":"APROBADO"},"Link":{"('0052-S-2006', 0)":"http:\/\/www.senado.gov.ar\/parlamentario\/comisiones\/verExp\/52.06\/S\/PD"},"Palabra Clave":{"('0052-S-2006', 0)":" "}}