{"Tipo de Proyecto":{"('0053-S-2006', 0)":"PROYECTO DE LEY"},"Iniciado en: ":{"('0053-S-2006', 0)":"Senado"},"Expediente Senado: ":{"('0053-S-2006', 0)":"0053-S-2006"},"Publicado en: ":{"('0053-S-2006', 0)":"Diario de Asuntos Entrados N\u00b0 4"},"Fecha: ":{"('0053-S-2006', 0)":"01\/03\/2006"},"T\u00edtulo":{"('0053-S-2006', 0)":"REGIMEN DE REEMBOLSOS A LAS EXPORTACIONES POR PUERTOS Y ADUANAS UBICADOS AL SUR DEL RIO COLORADO (REPRODUCCION DEL EXPEDIENTE 1293-S-04)."},"('Firmantes', 'FIRMANTE')":{"('0053-S-2006', 0)":"MASSONI, NORBERTO"},"('Firmantes', 'DISTRITO')":{"('0053-S-2006', 0)":"CHUBUT"},"('Firmantes', 'BLOQUE')":{"('0053-S-2006', 0)":"UCR"},"('Tramites', 'C\u00c1MARA')":{"('0053-S-2006', 0)":"Senado"},"('Tramites', 'MOVIMIENTO')":{"('0053-S-2006', 0)":"REPRODUCIDO POR EXPEDIENTE 0411-S-08 (DAE 19)"},"('Tramites', 'FECHA')":{"('0053-S-2006', 0)":null},"('Tramites', 'RESULTADO')":{"('0053-S-2006', 0)":null},"Sumario":{"('0053-S-2006', 0)":"REGIMEN DE REEMBOLSOS; INSUMOS TEMPORALES; APLICACION DEL REEMBOLSO ADICIONAL DISPUESTO EN EL ARTICULO 1 DE LA PRESENTE NORMA A LAS EXPORTACIONES DE MERCADERIAS PROVENIENTES DE LA PROVINCIA DEL NEUQUEN, QUE FUEREN EMBARCADAS POR LOS PUERTOS DETALLADOS EN EL MISMO ARTICULO Y CUMPLAN CON LOS REQUISITOS ESTABLECIDOS EN EL ARTICULO 6; CERTIFICACION Y CONTROL DE AUTORIDAD COMPETENTE DE LA FORMULA ESTABLECIDA EN EL INCISO B) DEL ARTICULO 1; CERTIFICADO DE ORIGEN; EXCEPCIONES; REGLAMENTACION; DEROGACION DE LA LEY 23018 Y SUS MODIFICATORIAS 24490 Y 25454."},"Palabra Clave":{"('0053-S-2006', 0)":" "}}