{"Tipo de Proyecto":{"('0053-D-2006', 0)":"PROYECTO DE RESOLUCI\u00d3N","('0053-D-2006', 1)":null},"Iniciado en: ":{"('0053-D-2006', 0)":"Diputados","('0053-D-2006', 1)":null},"Expediente Diputados: ":{"('0053-D-2006', 0)":"0053-D-2006","('0053-D-2006', 1)":null},"Publicado en: ":{"('0053-D-2006', 0)":"Tr\u00e1mite Parlamentario N\u00b0 1","('0053-D-2006', 1)":null},"Fecha: ":{"('0053-D-2006', 0)":"01\/03\/2006","('0053-D-2006', 1)":null},"T\u00edtulo":{"('0053-D-2006', 0)":"RENDIR HOMENAJE AL DOCTOR RAMON CARRILLO EN OCASION DEL CENTENARIO DE SU NACIMIENTO EL DIA 7 DE MARZO DE 2006.","('0053-D-2006', 1)":null},"('Firmantes', 'FIRMANTE')":{"('0053-D-2006', 0)":"VILLAVERDE, JORGE ANTONIO","('0053-D-2006', 1)":null},"('Firmantes', 'DISTRITO')":{"('0053-D-2006', 0)":"BUENOS AIRES","('0053-D-2006', 1)":null},"('Firmantes', 'BLOQUE')":{"('0053-D-2006', 0)":"PERONISTA FEDERAL","('0053-D-2006', 1)":null},"('Giros', 'COMISI\u00d3N')":{"('0053-D-2006', 0)":"ACCION SOCIAL Y SALUD PUBLICA","('0053-D-2006', 1)":"PETICIONES, PODERES Y REGLAMENTO"},"Sumario":{"('0053-D-2006', 0)":"DESIGNAR CON EL NOMBRE DE \"DOCTOR RAMON CARRILLO\" A LA SALA DE REUNIONES DE LA COMISION DE SALUD DE LA HONORABLE CAMARA DE DIPUTADOS DE LA NACION.","('0053-D-2006', 1)":null},"Palabra Clave":{"('0053-D-2006', 0)":" ","('0053-D-2006', 1)":null}}