{"Tipo de Proyecto":{"('0054-PE-2006', 0)":"MENSAJE NRO: 1235\/06","('0054-PE-2006', 1)":null,"('0054-PE-2006', 2)":null},"Iniciado en: ":{"('0054-PE-2006', 0)":"Diputados","('0054-PE-2006', 1)":null,"('0054-PE-2006', 2)":null},"Expediente Diputados: ":{"('0054-PE-2006', 0)":"0054-PE-2006","('0054-PE-2006', 1)":null,"('0054-PE-2006', 2)":null},"Publicado en: ":{"('0054-PE-2006', 0)":"Tr\u00e1mite Parlamentario N\u00b0 134","('0054-PE-2006', 1)":null,"('0054-PE-2006', 2)":null},"Fecha: ":{"('0054-PE-2006', 0)":"18\/09\/2006","('0054-PE-2006', 1)":null,"('0054-PE-2006', 2)":null},"T\u00edtulo":{"('0054-PE-2006', 0)":"COMUNICACION DEL DECRETO 1223\/06 POR EL CUAL SE INCREMENTAN LOS SALARIOS DEL PERSONAL DEL SERVICIO PENITENCIARIO FEDERAL.","('0054-PE-2006', 1)":null,"('0054-PE-2006', 2)":null},"('Firmantes', 'FIRMANTE')":{"('0054-PE-2006', 0)":"KIRCHNER, NESTOR CARLOS","('0054-PE-2006', 1)":"FERNANDEZ, ALBERTO","('0054-PE-2006', 2)":"IRIBARNE, ALBERTO JUAN BAUTISTA"},"('Firmantes', 'DISTRITO')":{"('0054-PE-2006', 0)":null,"('0054-PE-2006', 1)":null,"('0054-PE-2006', 2)":null},"('Firmantes', 'BLOQUE')":{"('0054-PE-2006', 0)":"PODER EJECUTIVO","('0054-PE-2006', 1)":"PODER EJECUTIVO","('0054-PE-2006', 2)":"PODER EJECUTIVO"},"('Giros', 'COMISI\u00d3N')":{"('0054-PE-2006', 0)":"LEGISLACION PENAL","('0054-PE-2006', 1)":"PRESUPUESTO Y HACIENDA","('0054-PE-2006', 2)":null},"('Tramites', 'C\u00c1MARA')":{"('0054-PE-2006', 0)":"Diputados","('0054-PE-2006', 1)":null,"('0054-PE-2006', 2)":null},"('Tramites', 'MOVIMIENTO')":{"('0054-PE-2006', 0)":"VER TRAMITE EN EXPEDIENTE 6806-D-06","('0054-PE-2006', 1)":null,"('0054-PE-2006', 2)":null},"('Tramites', 'FECHA')":{"('0054-PE-2006', 0)":null,"('0054-PE-2006', 1)":null,"('0054-PE-2006', 2)":null},"('Tramites', 'RESULTADO')":{"('0054-PE-2006', 0)":null,"('0054-PE-2006', 1)":null,"('0054-PE-2006', 2)":null},"Palabra Clave":{"('0054-PE-2006', 0)":" ","('0054-PE-2006', 1)":null,"('0054-PE-2006', 2)":null}}