{"Tipo de Proyecto":{"('0054-S-2006', 0)":"PROYECTO DE LEY"},"Iniciado en: ":{"('0054-S-2006', 0)":"Senado"},"Expediente Senado: ":{"('0054-S-2006', 0)":"0054-S-2006"},"Publicado en: ":{"('0054-S-2006', 0)":"Diario de Asuntos Entrados N\u00b0 4"},"Fecha: ":{"('0054-S-2006', 0)":"01\/03\/2006"},"T\u00edtulo":{"('0054-S-2006', 0)":"REGIMEN DE COPARTICIPACION FEDERAL DE IMPUESTOS (REPRODUCCION DEL EXPEDIENTE 0592-S-04)."},"('Firmantes', 'FIRMANTE')":{"('0054-S-2006', 0)":"MASSONI, NORBERTO"},"('Firmantes', 'DISTRITO')":{"('0054-S-2006', 0)":"CHUBUT"},"('Firmantes', 'BLOQUE')":{"('0054-S-2006', 0)":"UCR"},"('Tramites', 'C\u00c1MARA')":{"('0054-S-2006', 0)":"Senado"},"('Tramites', 'MOVIMIENTO')":{"('0054-S-2006', 0)":"REPRODUCIDO POR EXPEDIENTE 0414-S-08 (DAE 19)"},"('Tramites', 'FECHA')":{"('0054-S-2006', 0)":null},"('Tramites', 'RESULTADO')":{"('0054-S-2006', 0)":null},"Sumario":{"('0054-S-2006', 0)":"INTEGRACION DE LA MASA DE FONDOS A DISTRIBUIR;  DURACION DE LA LEY - CONVENIO: 10 A\u00d1OS; CRITERIO CENTRAL; DISTRIBUCION PRIMARIA: 42 % PARA LA NACION Y 58 % PARA TRANSFERENCIA AUTOMATICA AL CONJUNTO DE LAS PROVINCIAS Y LA CIUDAD DE BUENOS AIRES; DISTRIBUCION SECUNDARIA: 50 % EN PROPORCION IGUALITARIA AL TOTAL DE JURISDICCIONES, 25% EN PROPORCION DIRECTA AL TOTAL DE POBLACION DE CADA JURISDICCION, 25 % EN PROPORCION DIRECTA AL INDICADOR DE NECESIDADES BASICAS INSATISFECHAS (NBI) QUE REGISTRAN LAS JURISDICCIONES; COMPROMISO DE LAS PROVINCIAS; CONSENSO ENTRE LA NACION Y PROVINCIAS PARA ELEVAR LOS NIVELES DE RECAUDACION TRIBUTARIA; RESPONSABILIDAD LEGAL DE LOS FUNCIONARIOS PUBLICOS; CREACION DE FONDOS; ORGANISMO FISCAL FEDERAL; RATIFICACION DE LA VIGENCIA DE LA COMISION FEDERAL DE IMPUESTOS; TRANSPARENCIA DE INFORMACION FISCAL; ADHESION DE LAS PROVINCIAS Y DE LA CIUDAD DE BUENOS AIRES."},"Palabra Clave":{"('0054-S-2006', 0)":" "}}