{"Tipo de Proyecto":{"('0054-D-2006', 0)":"PROYECTO DE LEY","('0054-D-2006', 1)":null,"('0054-D-2006', 2)":null},"Iniciado en: ":{"('0054-D-2006', 0)":"Diputados","('0054-D-2006', 1)":null,"('0054-D-2006', 2)":null},"Expediente Diputados: ":{"('0054-D-2006', 0)":"0054-D-2006","('0054-D-2006', 1)":null,"('0054-D-2006', 2)":null},"Publicado en: ":{"('0054-D-2006', 0)":"Tr\u00e1mite Parlamentario N\u00b0 1","('0054-D-2006', 1)":null,"('0054-D-2006', 2)":null},"Fecha: ":{"('0054-D-2006', 0)":"01\/03\/2006","('0054-D-2006', 1)":null,"('0054-D-2006', 2)":null},"T\u00edtulo":{"('0054-D-2006', 0)":"DISPONER LA CELEBRACION DE LA SEMANA DE LA CULTURA ITALIANA, LA QUE TENDRA LUGAR DURANTE LA TERCERA SEMANA DEL MES DE OCTUBRE DE CADA A\u00d1O.","('0054-D-2006', 1)":null,"('0054-D-2006', 2)":null},"('Firmantes', 'FIRMANTE')":{"('0054-D-2006', 0)":"VILLAVERDE, JORGE ANTONIO","('0054-D-2006', 1)":null,"('0054-D-2006', 2)":null},"('Firmantes', 'DISTRITO')":{"('0054-D-2006', 0)":"BUENOS AIRES","('0054-D-2006', 1)":null,"('0054-D-2006', 2)":null},"('Firmantes', 'BLOQUE')":{"('0054-D-2006', 0)":"PERONISTA FEDERAL","('0054-D-2006', 1)":null,"('0054-D-2006', 2)":null},"('Giros', 'COMISI\u00d3N')":{"('0054-D-2006', 0)":"CULTURA","('0054-D-2006', 1)":"POBLACION Y DESARROLLO HUMANO","('0054-D-2006', 2)":"LEGISLACION GENERAL"},"('Tramites', 'C\u00c1MARA')":{"('0054-D-2006', 0)":"Diputados","('0054-D-2006', 1)":null,"('0054-D-2006', 2)":null},"('Tramites', 'MOVIMIENTO')":{"('0054-D-2006', 0)":"REPRODUCIDO POR EXPEDIENTE 0081-D-08","('0054-D-2006', 1)":null,"('0054-D-2006', 2)":null},"('Tramites', 'FECHA')":{"('0054-D-2006', 0)":null,"('0054-D-2006', 1)":null,"('0054-D-2006', 2)":null},"('Tramites', 'RESULTADO')":{"('0054-D-2006', 0)":null,"('0054-D-2006', 1)":null,"('0054-D-2006', 2)":null},"Sumario":{"('0054-D-2006', 0)":"ACTIVIDADES; INVITACION A LOS GOBIERNOS PROVINCIALES A ADHERIR.","('0054-D-2006', 1)":null,"('0054-D-2006', 2)":null},"Palabra Clave":{"('0054-D-2006', 0)":" ","('0054-D-2006', 1)":null,"('0054-D-2006', 2)":null}}