{"Tipo de Proyecto":{"('0055-PE-2006', 0)":"MENSAJE NRO: 1226\/06","('0055-PE-2006', 1)":null,"('0055-PE-2006', 2)":null},"Iniciado en: ":{"('0055-PE-2006', 0)":"Diputados","('0055-PE-2006', 1)":null,"('0055-PE-2006', 2)":null},"Expediente Diputados: ":{"('0055-PE-2006', 0)":"0055-PE-2006","('0055-PE-2006', 1)":null,"('0055-PE-2006', 2)":null},"Publicado en: ":{"('0055-PE-2006', 0)":"Tr\u00e1mite Parlamentario N\u00b0 140","('0055-PE-2006', 1)":null,"('0055-PE-2006', 2)":null},"Fecha: ":{"('0055-PE-2006', 0)":"26\/09\/2006","('0055-PE-2006', 1)":null,"('0055-PE-2006', 2)":null},"T\u00edtulo":{"('0055-PE-2006', 0)":"COMUNICACION DEL DECRETO 1225\/06 POR EL QUE SE CREA LA AGENCIA NACIONAL DE DESARROLLO DE INVERSIONES EN EL AMBITO DEL MINISTERIO DE ECONOMIA Y PRODUCCION.","('0055-PE-2006', 1)":null,"('0055-PE-2006', 2)":null},"('Firmantes', 'FIRMANTE')":{"('0055-PE-2006', 0)":"KIRCHNER, NESTOR CARLOS","('0055-PE-2006', 1)":"FERNANDEZ, ALBERTO","('0055-PE-2006', 2)":"DE VIDO, JULIO"},"('Firmantes', 'DISTRITO')":{"('0055-PE-2006', 0)":null,"('0055-PE-2006', 1)":null,"('0055-PE-2006', 2)":null},"('Firmantes', 'BLOQUE')":{"('0055-PE-2006', 0)":"PODER EJECUTIVO","('0055-PE-2006', 1)":"PODER EJECUTIVO","('0055-PE-2006', 2)":"PODER EJECUTIVO"},"('Giros', 'COMISI\u00d3N')":{"('0055-PE-2006', 0)":"ECONOMIA","('0055-PE-2006', 1)":null,"('0055-PE-2006', 2)":null},"Palabra Clave":{"('0055-PE-2006', 0)":" ","('0055-PE-2006', 1)":null,"('0055-PE-2006', 2)":null}}