{"Tipo de Proyecto":{"('0056-S-2006', 0)":"PROYECTO DE LEY"},"Iniciado en: ":{"('0056-S-2006', 0)":"Senado"},"Expediente Senado: ":{"('0056-S-2006', 0)":"0056-S-2006"},"Publicado en: ":{"('0056-S-2006', 0)":"Diario de Asuntos Entrados N\u00b0 4"},"Fecha: ":{"('0056-S-2006', 0)":"01\/03\/2006"},"T\u00edtulo":{"('0056-S-2006', 0)":"MODIFICACION DEL CODIGO PENAL, SOBRE CONDENADOS POR DELITOS CONTRA LA INTEGRIDAD SEXUAL (REPRODUCCION DEL EXPEDIENTE 0844-S-04)."},"('Firmantes', 'FIRMANTE')":{"('0056-S-2006', 0)":"MASSONI, NORBERTO"},"('Firmantes', 'DISTRITO')":{"('0056-S-2006', 0)":"CHUBUT"},"('Firmantes', 'BLOQUE')":{"('0056-S-2006', 0)":"UCR"},"('Tramites', 'C\u00c1MARA')":{"('0056-S-2006', 0)":"Senado"},"('Tramites', 'MOVIMIENTO')":{"('0056-S-2006', 0)":"REPRODUCIDO POR EXPEDIENTE 0415-S-08 (DAE 19)"},"('Tramites', 'FECHA')":{"('0056-S-2006', 0)":null},"('Tramites', 'RESULTADO')":{"('0056-S-2006', 0)":null},"Sumario":{"('0056-S-2006', 0)":"INCORPORACION DEL ARTICULO 124 BIS (REHABILITACION MEDICA Y PSICOLOGICA PARA CONDENADOS POR DELITOS SEXUALES); INCORPORACION DE LOS SIGUIENTES ARTICULOS AL CAPITULO II DE LA LEY 24660 (PENA PRIVATIVA DE LA LIBERTAD): ARTICULO 56 BIS (CUERPO DE PERITOS), 56 TER (ABUSADORES SEXUALES Y VIOLADORES), 56 QUATER (EVALUACION), 56 SEXIES (CUMPLIDA LA CONDENA); MODIFICACION DEL ARTICULO 17 (SALIDAS TRANSITORIAS)."},"Palabra Clave":{"('0056-S-2006', 0)":" "}}