{"Tipo de Proyecto":{"('0056-D-2006', 0)":"PROYECTO DE LEY","('0056-D-2006', 1)":null},"Iniciado en: ":{"('0056-D-2006', 0)":"Diputados","('0056-D-2006', 1)":null},"Expediente Diputados: ":{"('0056-D-2006', 0)":"0056-D-2006","('0056-D-2006', 1)":null},"Publicado en: ":{"('0056-D-2006', 0)":"Tr\u00e1mite Parlamentario N\u00b0 1","('0056-D-2006', 1)":null},"Fecha: ":{"('0056-D-2006', 0)":"01\/03\/2006","('0056-D-2006', 1)":null},"T\u00edtulo":{"('0056-D-2006', 0)":"BOMBEROS VOLUNTARIOS CON RECONOCIMIENTO OFICIAL: EXCEPCION DEL PAGO DE IMPUESTOS, TASAS, CONTRIBUCIONES (REPRODUCCION DEL EXPEDIENTE 7675-D-04).","('0056-D-2006', 1)":null},"('Firmantes', 'FIRMANTE')":{"('0056-D-2006', 0)":"MANSUR, NELIDA MABEL","('0056-D-2006', 1)":null},"('Firmantes', 'DISTRITO')":{"('0056-D-2006', 0)":"BUENOS AIRES","('0056-D-2006', 1)":null},"('Firmantes', 'BLOQUE')":{"('0056-D-2006', 0)":"UNIDAD FEDERALISTA","('0056-D-2006', 1)":null},"('Giros', 'COMISI\u00d3N')":{"('0056-D-2006', 0)":"ASUNTOS COOPERATIVOS, MUTUALES Y DE ORG.NO GUBERNAMENTALES","('0056-D-2006', 1)":"PRESUPUESTO Y HACIENDA"},"Palabra Clave":{"('0056-D-2006', 0)":" ","('0056-D-2006', 1)":null}}