{"Tipo de Proyecto":{"('0057-PE-2006', 0)":"MENSAJE NRO: 1328\/06 Y PROYECTO DE LEY","('0057-PE-2006', 1)":null,"('0057-PE-2006', 2)":null,"('0057-PE-2006', 3)":null,"('0057-PE-2006', 4)":null},"Iniciado en: ":{"('0057-PE-2006', 0)":"Diputados","('0057-PE-2006', 1)":null,"('0057-PE-2006', 2)":null,"('0057-PE-2006', 3)":null,"('0057-PE-2006', 4)":null},"Expediente Diputados: ":{"('0057-PE-2006', 0)":"0057-PE-2006","('0057-PE-2006', 1)":null,"('0057-PE-2006', 2)":null,"('0057-PE-2006', 3)":null,"('0057-PE-2006', 4)":null},"Expediente Senado: ":{"('0057-PE-2006', 0)":"0111-CD-2006","('0057-PE-2006', 1)":null,"('0057-PE-2006', 2)":null,"('0057-PE-2006', 3)":null,"('0057-PE-2006', 4)":null},"Publicado en: ":{"('0057-PE-2006', 0)":"Tr\u00e1mite Parlamentario N\u00b0 146","('0057-PE-2006', 1)":null,"('0057-PE-2006', 2)":null,"('0057-PE-2006', 3)":null,"('0057-PE-2006', 4)":null},"Fecha: ":{"('0057-PE-2006', 0)":"05\/10\/2006","('0057-PE-2006', 1)":null,"('0057-PE-2006', 2)":null,"('0057-PE-2006', 3)":null,"('0057-PE-2006', 4)":null},"T\u00edtulo":{"('0057-PE-2006', 0)":"ACORDAR AUTORIZACION AL PRESIDENTE DE LA NACION PARA AUSENTARSE DEL PAIS DURANTE EL A\u00d1O 2007.","('0057-PE-2006', 1)":null,"('0057-PE-2006', 2)":null,"('0057-PE-2006', 3)":null,"('0057-PE-2006', 4)":null},"('Firmantes', 'FIRMANTE')":{"('0057-PE-2006', 0)":"KIRCHNER, NESTOR CARLOS","('0057-PE-2006', 1)":"FERNANDEZ, ALBERTO","('0057-PE-2006', 2)":"FERNANDEZ, ANIBAL","('0057-PE-2006', 3)":null,"('0057-PE-2006', 4)":null},"('Firmantes', 'DISTRITO')":{"('0057-PE-2006', 0)":null,"('0057-PE-2006', 1)":null,"('0057-PE-2006', 2)":null,"('0057-PE-2006', 3)":null,"('0057-PE-2006', 4)":null},"('Firmantes', 'BLOQUE')":{"('0057-PE-2006', 0)":"PODER EJECUTIVO","('0057-PE-2006', 1)":"PODER EJECUTIVO","('0057-PE-2006', 2)":"PODER EJECUTIVO","('0057-PE-2006', 3)":null,"('0057-PE-2006', 4)":null},"('Giros', 'COMISI\u00d3N')":{"('0057-PE-2006', 0)":"ASUNTOS CONSTITUCIONALES","('0057-PE-2006', 1)":null,"('0057-PE-2006', 2)":null,"('0057-PE-2006', 3)":null,"('0057-PE-2006', 4)":null},"('Tramites', 'C\u00c1MARA')":{"('0057-PE-2006', 0)":"Diputados","('0057-PE-2006', 1)":"Diputados","('0057-PE-2006', 2)":"Senado","('0057-PE-2006', 3)":"Senado","('0057-PE-2006', 4)":"Senado"},"('Tramites', 'MOVIMIENTO')":{"('0057-PE-2006', 0)":"MOCION SOBRE TABLAS (AFIRMATIVA)","('0057-PE-2006', 1)":"CONSIDERACION Y APROBACION","('0057-PE-2006', 2)":"PASA A SENADO -","('0057-PE-2006', 3)":"MOCION SOBRE TABLAS (AFIRMATIVA)","('0057-PE-2006', 4)":"CONSIDERACION Y SANCION"},"('Tramites', 'FECHA')":{"('0057-PE-2006', 0)":"08\/11\/2006","('0057-PE-2006', 1)":"08\/11\/2006","('0057-PE-2006', 2)":null,"('0057-PE-2006', 3)":"20\/12\/2006","('0057-PE-2006', 4)":"20\/12\/2006"},"('Tramites', 'RESULTADO')":{"('0057-PE-2006', 0)":null,"('0057-PE-2006', 1)":"MEDIA SANCION","('0057-PE-2006', 2)":null,"('0057-PE-2006', 3)":null,"('0057-PE-2006', 4)":"SANCIONADO"},"Link":{"('0057-PE-2006', 0)":"http:\/\/www.senado.gov.ar\/web\/proyectos\/verExpe.php?origen=CD&nro_comision=&tipo=PL&numexp=111\/06&tConsulta=4","('0057-PE-2006', 1)":null,"('0057-PE-2006', 2)":null,"('0057-PE-2006', 3)":null,"('0057-PE-2006', 4)":null},"Palabra Clave":{"('0057-PE-2006', 0)":" ","('0057-PE-2006', 1)":null,"('0057-PE-2006', 2)":null,"('0057-PE-2006', 3)":null,"('0057-PE-2006', 4)":null}}