{"Tipo de Proyecto":{"('0057-S-2006', 0)":"PROYECTO DE LEY"},"Iniciado en: ":{"('0057-S-2006', 0)":"Senado"},"Expediente Senado: ":{"('0057-S-2006', 0)":"0057-S-2006"},"Publicado en: ":{"('0057-S-2006', 0)":"Diario de Asuntos Entrados N\u00b0 4"},"Fecha: ":{"('0057-S-2006', 0)":"01\/03\/2006"},"T\u00edtulo":{"('0057-S-2006', 0)":"DECLARAR EN TODO EL TERRITORIO NACIONAL AL RECURSO NATURAL DEL AGUA COMO PATRIMONIO NATURAL Y RECURSO ESTRATEGICO NACIONAL (REPRODUCCION DEL EXPEDIENTE 0970-S-04)."},"('Firmantes', 'FIRMANTE')":{"('0057-S-2006', 0)":"MASSONI, NORBERTO"},"('Firmantes', 'DISTRITO')":{"('0057-S-2006', 0)":"CHUBUT"},"('Firmantes', 'BLOQUE')":{"('0057-S-2006', 0)":"UCR"},"('Tramites', 'C\u00c1MARA')":{"('0057-S-2006', 0)":"Senado"},"('Tramites', 'MOVIMIENTO')":{"('0057-S-2006', 0)":"REPRODUCIDO POR EXPEDIENTE 0308-S-08 (DAE 14)"},"('Tramites', 'FECHA')":{"('0057-S-2006', 0)":null},"('Tramites', 'RESULTADO')":{"('0057-S-2006', 0)":null},"Sumario":{"('0057-S-2006', 0)":"CONSIDERACION DE TODOS LOS RECURSOS DE AGUA DEL TERRITORIO NACIONAL COMO RECURSOS ESTRATEGICOS NACIONALES Y DE PERTENENCIA EXCLUSIVA DEL PATRIMONIO DE LA NACION ARGENTINA; OBJETO DE LA PRESENTE NORMA; AUTORIZACIONES DE EXPORTACION DE AGUA DULCE; MARCO LEGAL: ARTICULO 41 DE LA CONSTITUCION NACIONAL; AUTORIDAD DE APLICACION."},"Palabra Clave":{"('0057-S-2006', 0)":" "}}