{"Tipo de Proyecto":{"('0058-S-2006', 0)":"PROYECTO DE LEY"},"Iniciado en: ":{"('0058-S-2006', 0)":"Senado"},"Expediente Senado: ":{"('0058-S-2006', 0)":"0058-S-2006"},"Publicado en: ":{"('0058-S-2006', 0)":"Diario de Asuntos Entrados N\u00b0 4"},"Fecha: ":{"('0058-S-2006', 0)":"01\/03\/2006"},"T\u00edtulo":{"('0058-S-2006', 0)":"CREACION DEL REGISTRO DE BUQUES Y ARTEFACTOS NAVALES DE LOS PAISES INTEGRANTES DEL MERCOSUR, QUE TENDRA COMO FINALIDAD ESENCIAL POSIBILITAR EL CABOTAJE ENTRE LOS PUERTOS PATAGONICOS (REPRODUCCION DEL EXPEDIENTE 1287-S-04)."},"('Firmantes', 'FIRMANTE')":{"('0058-S-2006', 0)":"MASSONI, NORBERTO"},"('Firmantes', 'DISTRITO')":{"('0058-S-2006', 0)":"CHUBUT"},"('Firmantes', 'BLOQUE')":{"('0058-S-2006', 0)":"UCR"},"('Tramites', 'C\u00c1MARA')":{"('0058-S-2006', 0)":"Senado"},"('Tramites', 'MOVIMIENTO')":{"('0058-S-2006', 0)":"REPRODUCIDO POR EXPEDIENTE 0307-S-08 (DAE 14)"},"('Tramites', 'FECHA')":{"('0058-S-2006', 0)":null},"('Tramites', 'RESULTADO')":{"('0058-S-2006', 0)":null},"Sumario":{"('0058-S-2006', 0)":"REQUISITOS, VIGENCIA DE LA INSCRIPCION, RESCISION, PRORROGA, PABELLON NACIONAL, REGIMEN DE IMPORTACION; ARMADORES: EXPLOTACION COMERCIAL, FRECUENCIA MINIMA, RESPONSABILIDAD, REPARACION Y MANTENIMIENTO, EXCEPCIONES, TRIPULACION, CONTRATO DE AJUSTE, CERTIFICADO, RECIPROCIDAD, REGLAMENTACION."},"Palabra Clave":{"('0058-S-2006', 0)":" "}}