{"Tipo de Proyecto":{"('0058-PE-2006', 0)":"MENSAJE NRO: 1387\/06","('0058-PE-2006', 1)":null,"('0058-PE-2006', 2)":null},"Iniciado en: ":{"('0058-PE-2006', 0)":"Diputados","('0058-PE-2006', 1)":null,"('0058-PE-2006', 2)":null},"Expediente Diputados: ":{"('0058-PE-2006', 0)":"0058-PE-2006","('0058-PE-2006', 1)":null,"('0058-PE-2006', 2)":null},"Publicado en: ":{"('0058-PE-2006', 0)":"Tr\u00e1mite Parlamentario N\u00b0 150","('0058-PE-2006', 1)":null,"('0058-PE-2006', 2)":null},"Fecha: ":{"('0058-PE-2006', 0)":"11\/10\/2006","('0058-PE-2006', 1)":null,"('0058-PE-2006', 2)":null},"T\u00edtulo":{"('0058-PE-2006', 0)":"COMUNICACION DEL DECRETO 1386\/06, POR EL CUAL SE DETERMINA UN AUMENTO SALARIAL A PARTIR DEL 1 DE JULIO DE 2005 PARA EL PERSONAL CIVIL DE LA SECRETARIA DE INTELIGENCIA DE LA PRESIDENCIA DE LA NACION.","('0058-PE-2006', 1)":null,"('0058-PE-2006', 2)":null},"('Firmantes', 'FIRMANTE')":{"('0058-PE-2006', 0)":"KIRCHNER, NESTOR CARLOS","('0058-PE-2006', 1)":"FERNANDEZ, ALBERTO","('0058-PE-2006', 2)":"FERNANDEZ, ANIBAL"},"('Firmantes', 'DISTRITO')":{"('0058-PE-2006', 0)":null,"('0058-PE-2006', 1)":null,"('0058-PE-2006', 2)":null},"('Firmantes', 'BLOQUE')":{"('0058-PE-2006', 0)":"PODER EJECUTIVO","('0058-PE-2006', 1)":"PODER EJECUTIVO","('0058-PE-2006', 2)":"PODER EJECUTIVO"},"('Giros', 'COMISI\u00d3N')":{"('0058-PE-2006', 0)":"SEGURIDAD INTERIOR","('0058-PE-2006', 1)":"PRESUPUESTO Y HACIENDA","('0058-PE-2006', 2)":null},"('Tramites', 'C\u00c1MARA')":{"('0058-PE-2006', 0)":"Diputados","('0058-PE-2006', 1)":null,"('0058-PE-2006', 2)":null},"('Tramites', 'MOVIMIENTO')":{"('0058-PE-2006', 0)":"VER TRAMITE EN EXPEDIENTE 6806-D-06","('0058-PE-2006', 1)":null,"('0058-PE-2006', 2)":null},"('Tramites', 'FECHA')":{"('0058-PE-2006', 0)":null,"('0058-PE-2006', 1)":null,"('0058-PE-2006', 2)":null},"('Tramites', 'RESULTADO')":{"('0058-PE-2006', 0)":null,"('0058-PE-2006', 1)":null,"('0058-PE-2006', 2)":null},"Palabra Clave":{"('0058-PE-2006', 0)":" ","('0058-PE-2006', 1)":null,"('0058-PE-2006', 2)":null}}