{"Tipo de Proyecto":{"('0059-PE-2006', 0)":"MENSAJE NRO: 1408\/06 Y PROYECTO DE LEY","('0059-PE-2006', 1)":null,"('0059-PE-2006', 2)":null},"Iniciado en: ":{"('0059-PE-2006', 0)":"Diputados","('0059-PE-2006', 1)":null,"('0059-PE-2006', 2)":null},"Expediente Diputados: ":{"('0059-PE-2006', 0)":"0059-PE-2006","('0059-PE-2006', 1)":null,"('0059-PE-2006', 2)":null},"Publicado en: ":{"('0059-PE-2006', 0)":"Tr\u00e1mite Parlamentario N\u00b0 150","('0059-PE-2006', 1)":null,"('0059-PE-2006', 2)":null},"Fecha: ":{"('0059-PE-2006', 0)":"11\/10\/2006","('0059-PE-2006', 1)":null,"('0059-PE-2006', 2)":null},"T\u00edtulo":{"('0059-PE-2006', 0)":"MODIFICACION DE LA LEY 20464, ESTATUTO DEL INVESTIGADOR CIENTIFICO Y TECNOLOGICO Y DE LA CARRERA DEL PERSONAL DE APOYO A LA INVESTIGACION Y DESARROLLO DEL CONICET (CONSEJO NACIONAL DE INVESTIGACIONES CIENTIFICAS Y TECNICAS), ANEXO I: SUSTITUCION DE LOS ARTICULOS 1 (SUJETOS COMPRENDIDOS), 3 (CARRERA DE TECNOLOGO, PROFESIONAL Y TECNICO) Y 4; MODIFICACION DEL PUNTO B) DEL ARTICULO 6; SUSTITUCION DE LOS ARTICULOS 16 (SOLICITUD DE COBERTURA DE CARGOS) Y 17; MODIFICACION DE LOS PUNTOS 1 Y 3 DEL INCISO G) DEL ARTICULO 18 E INCORPORACION DE UN ULTIMO PARRAFO (LICENCIAS); SUSTITUCION DE LOS ARTICULOS 35 (OBLIGACIONES), 42 (PROMOCION) Y 43 (EVALUACION); MODIFICACION DEL INCISO G) DEL ARTICULO 44; SUSTITUCION DE LOS ARTICULOS 48 (JUNTA TECNICA, AUTORIDADES), 49 (CONTRATOS CON EL CONICET) Y 50; DEROGACION DE LOS ARTICULOS 32 Y 36.","('0059-PE-2006', 1)":null,"('0059-PE-2006', 2)":null},"('Firmantes', 'FIRMANTE')":{"('0059-PE-2006', 0)":"KIRCHNER, NESTOR CARLOS","('0059-PE-2006', 1)":"FERNANDEZ, ALBERTO","('0059-PE-2006', 2)":"FILMUS, DANIEL"},"('Firmantes', 'DISTRITO')":{"('0059-PE-2006', 0)":null,"('0059-PE-2006', 1)":null,"('0059-PE-2006', 2)":null},"('Firmantes', 'BLOQUE')":{"('0059-PE-2006', 0)":"PODER EJECUTIVO","('0059-PE-2006', 1)":"PODER EJECUTIVO","('0059-PE-2006', 2)":"PODER EJECUTIVO"},"('Giros', 'COMISI\u00d3N')":{"('0059-PE-2006', 0)":"CIENCIA Y TECNOLOGIA","('0059-PE-2006', 1)":"LEGISLACION DEL TRABAJO","('0059-PE-2006', 2)":null},"('Tramites', 'C\u00c1MARA')":{"('0059-PE-2006', 0)":"Diputados","('0059-PE-2006', 1)":null,"('0059-PE-2006', 2)":null},"('Tramites', 'MOVIMIENTO')":{"('0059-PE-2006', 0)":"MOCION DE PREFERENCIA PARA LA PROXIMA SESION CON DICTAMEN (AFIRMATIVA)","('0059-PE-2006', 1)":null,"('0059-PE-2006', 2)":null},"('Tramites', 'FECHA')":{"('0059-PE-2006', 0)":"14\/11\/2007","('0059-PE-2006', 1)":null,"('0059-PE-2006', 2)":null},"('Tramites', 'RESULTADO')":{"('0059-PE-2006', 0)":null,"('0059-PE-2006', 1)":null,"('0059-PE-2006', 2)":null},"Palabra Clave":{"('0059-PE-2006', 0)":" ","('0059-PE-2006', 1)":null,"('0059-PE-2006', 2)":null}}