{"Tipo de Proyecto":{"('0061-D-2006', 0)":"PROYECTO DE LEY","('0061-D-2006', 1)":null},"Iniciado en: ":{"('0061-D-2006', 0)":"Diputados","('0061-D-2006', 1)":null},"Expediente Diputados: ":{"('0061-D-2006', 0)":"0061-D-2006","('0061-D-2006', 1)":null},"Publicado en: ":{"('0061-D-2006', 0)":"Tr\u00e1mite Parlamentario N\u00b0 1","('0061-D-2006', 1)":null},"Fecha: ":{"('0061-D-2006', 0)":"01\/03\/2006","('0061-D-2006', 1)":null},"T\u00edtulo":{"('0061-D-2006', 0)":"MODIFICACION DEL ARTICULO 3 DE LA LEY 23555 DE FERIADOS NACIONALES, ESTABLECIENDO EL NO TRASLADO DEL DIA 2 DE ABRIL. (REPRODUCCION DEL EXPEDIENTE 1457-D-04).","('0061-D-2006', 1)":null},"('Firmantes', 'FIRMANTE')":{"('0061-D-2006', 0)":"MANSUR, NELIDA MABEL","('0061-D-2006', 1)":null},"('Firmantes', 'DISTRITO')":{"('0061-D-2006', 0)":"BUENOS AIRES","('0061-D-2006', 1)":null},"('Firmantes', 'BLOQUE')":{"('0061-D-2006', 0)":"UNIDAD FEDERALISTA","('0061-D-2006', 1)":null},"('Giros', 'COMISI\u00d3N')":{"('0061-D-2006', 0)":"LEGISLACION GENERAL","('0061-D-2006', 1)":"DEFENSA NACIONAL"},"('Tramites', 'C\u00c1MARA')":{"('0061-D-2006', 0)":"Diputados","('0061-D-2006', 1)":"Diputados"},"('Tramites', 'MOVIMIENTO')":{"('0061-D-2006', 0)":"RESOLUCION DE PRESIDENCIA - AMPLIACION DE GIRO A LA COMISION DE DEFENSA NACIONAL.","('0061-D-2006', 1)":"CONSIDERACION Y SANCION (VOTACION NOMINAL) CONJUNTAMENTE PARA LOS EXPEDIENTES 0027-S-2004, 0294-S-2004, 0061-D-2006 y 0807-D-2006"},"('Tramites', 'FECHA')":{"('0061-D-2006', 0)":"10\/05\/2006","('0061-D-2006', 1)":"07\/06\/2006"},"('Tramites', 'RESULTADO')":{"('0061-D-2006', 0)":null,"('0061-D-2006', 1)":"SANCIONADO"},"Palabra Clave":{"('0061-D-2006', 0)":" ","('0061-D-2006', 1)":null}}