{"Tipo de Proyecto":{"('0061-S-2006', 0)":"PROYECTO DE LEY"},"Iniciado en: ":{"('0061-S-2006', 0)":"Senado"},"Expediente Senado: ":{"('0061-S-2006', 0)":"0061-S-2006"},"Publicado en: ":{"('0061-S-2006', 0)":"Diario de Asuntos Entrados N\u00b0 4"},"Fecha: ":{"('0061-S-2006', 0)":"01\/03\/2006"},"T\u00edtulo":{"('0061-S-2006', 0)":"CREACION DE LA EMPRESA UNIPERSONAL DE RESPONSABILIDAD LIMITADA (REPRODUCCION DEL EXPEDIENTE 3605-S-04)."},"('Firmantes', 'FIRMANTE')":{"('0061-S-2006', 0)":"MASSONI, NORBERTO"},"('Firmantes', 'DISTRITO')":{"('0061-S-2006', 0)":"CHUBUT"},"('Firmantes', 'BLOQUE')":{"('0061-S-2006', 0)":"UCR"},"Sumario":{"('0061-S-2006', 0)":"SUJETO DE DERECHO; APORTES DE CAPITAL; RESPONSABILIDAD DEL TITULAR; CAPITAL; APORTES; APORTES NO DINERARIOS; TRANSFERENCIA DE CAPITAL EN CASO DE ENAJENACION DE LA EMPRESA UNIPERSONAL DE RESPONSABILIDAD LIMITADA; INCUMPLIMIENTO DE LAS SOLEMNIDADES CONTENIDAS EN LA PRESENTE NORMA; INSCRIPCION EN EL REGISTRO PUBLICO DE COMERCIO DEL INSTRUMENTO PUBLICO O PRIVADO, POR EL CUAL SE CONSTITUYA O MODIFIQUE UNA EMPRESA UNIPERSONAL DE RESPONSABILIDAD LIMITADA; ADMINISTRACION DE LA EMPRESA; UTILIDADES LIQUIDAS DE LA EMPRESA; ESTADOS CONTABLES; QUIEBRA DE LA EMPRESA; CASOS EN LOS QUE EL TITULAR O GERENTE GENERAL RESPONDERA ILIMITADAMENTE CON SUS BIENES; DECISIONES ADOPTADAS EN CUANTO AL GIRO COMERCIAL DE LA EMPRESA; DISOLUCION DE LA SOCIEDAD COMERCIAL; EXTINCION DE LA EMPRESA UNIPERSONAL DE RESPONSABILIDAD LIMITADA; REGLAMENTACION."},"Palabra Clave":{"('0061-S-2006', 0)":" "}}