{"Tipo de Proyecto":{"('0062-S-2006', 0)":"PROYECTO DE LEY"},"Iniciado en: ":{"('0062-S-2006', 0)":"Senado"},"Expediente Senado: ":{"('0062-S-2006', 0)":"0062-S-2006"},"Publicado en: ":{"('0062-S-2006', 0)":"Diario de Asuntos Entrados N\u00b0 4"},"Fecha: ":{"('0062-S-2006', 0)":"01\/03\/2006"},"T\u00edtulo":{"('0062-S-2006', 0)":"RESPONSABILIDAD CIVIL DEL USUARIO, TENEDOR, O POSEEDOR DE ARMAS POR LA PORTACION Y\/O USO DE ESTAS POR PARTE DE TERCERAS PERSONAS (REPRODUCCION DEL EXPEDIENTE 3877-S-04)."},"('Firmantes', 'FIRMANTE')":{"('0062-S-2006', 0)":"MASSONI, NORBERTO"},"('Firmantes', 'DISTRITO')":{"('0062-S-2006', 0)":"CHUBUT"},"('Firmantes', 'BLOQUE')":{"('0062-S-2006', 0)":"UCR"},"('Tramites', 'C\u00c1MARA')":{"('0062-S-2006', 0)":"Senado"},"('Tramites', 'MOVIMIENTO')":{"('0062-S-2006', 0)":"REPRODUCIDO POR EXPEDIENTE 0304-S-08 (DAE 14)"},"('Tramites', 'FECHA')":{"('0062-S-2006', 0)":null},"('Tramites', 'RESULTADO')":{"('0062-S-2006', 0)":null},"Sumario":{"('0062-S-2006', 0)":"RESPONSABILIDADES DEL DIRECTOR O PERSONAL DE UN ESTABLECIMIENTO EDUCATIVO QUE DETECTE LA TENENCIA DE ARMAS POR PARTE DE UN MENOR; INCORPORACION DEL INCISO 7 AL ARTICULO 36 DE LA LEY 20429, DE ARMAS Y EXPLOSIVOS."},"Palabra Clave":{"('0062-S-2006', 0)":" "}}