{"Tipo de Proyecto":{"('0063-PE-2006', 0)":"MENSAJE NRO: 1462\/06","('0063-PE-2006', 1)":null,"('0063-PE-2006', 2)":null},"Iniciado en: ":{"('0063-PE-2006', 0)":"Diputados","('0063-PE-2006', 1)":null,"('0063-PE-2006', 2)":null},"Expediente Diputados: ":{"('0063-PE-2006', 0)":"0063-PE-2006","('0063-PE-2006', 1)":null,"('0063-PE-2006', 2)":null},"Publicado en: ":{"('0063-PE-2006', 0)":"Tr\u00e1mite Parlamentario N\u00b0 154","('0063-PE-2006', 1)":null,"('0063-PE-2006', 2)":null},"Fecha: ":{"('0063-PE-2006', 0)":"18\/10\/2006","('0063-PE-2006', 1)":null,"('0063-PE-2006', 2)":null},"T\u00edtulo":{"('0063-PE-2006', 0)":"COMUNICACION DEL DECRETO 1461\/06 POR EL CUAL SE HOMOLOGA EL ACTA ACUERDO Y ANEXOS DE LA COMISION NEGOCIADORA DEL CONVENIO COLECTIVO DE TRABAJO GENERAL  PARA LA ADMINISTRACION PUBLICA NACIONAL, POR EL CUAL SE ESTABLECE LA VIGENCIA DE LOS INCREMENTOS PARA EL PERSONAL DE LA DIRECCION NACIONAL DE FABRICACIONES MILITARES.","('0063-PE-2006', 1)":null,"('0063-PE-2006', 2)":null},"('Firmantes', 'FIRMANTE')":{"('0063-PE-2006', 0)":"KIRCHNER, NESTOR CARLOS","('0063-PE-2006', 1)":"TOMADA, CARLOS","('0063-PE-2006', 2)":"FERNANDEZ, ALBERTO"},"('Firmantes', 'DISTRITO')":{"('0063-PE-2006', 0)":null,"('0063-PE-2006', 1)":null,"('0063-PE-2006', 2)":null},"('Firmantes', 'BLOQUE')":{"('0063-PE-2006', 0)":"PODER EJECUTIVO","('0063-PE-2006', 1)":"PODER EJECUTIVO","('0063-PE-2006', 2)":"PODER EJECUTIVO"},"('Giros', 'COMISI\u00d3N')":{"('0063-PE-2006', 0)":"LEGISLACION DEL TRABAJO","('0063-PE-2006', 1)":"PRESUPUESTO Y HACIENDA","('0063-PE-2006', 2)":null},"('Tramites', 'C\u00c1MARA')":{"('0063-PE-2006', 0)":"Diputados","('0063-PE-2006', 1)":null,"('0063-PE-2006', 2)":null},"('Tramites', 'MOVIMIENTO')":{"('0063-PE-2006', 0)":"VER TRAMITE EN EXPEDIENTE 6806-D-06","('0063-PE-2006', 1)":null,"('0063-PE-2006', 2)":null},"('Tramites', 'FECHA')":{"('0063-PE-2006', 0)":null,"('0063-PE-2006', 1)":null,"('0063-PE-2006', 2)":null},"('Tramites', 'RESULTADO')":{"('0063-PE-2006', 0)":null,"('0063-PE-2006', 1)":null,"('0063-PE-2006', 2)":null},"Palabra Clave":{"('0063-PE-2006', 0)":" ","('0063-PE-2006', 1)":null,"('0063-PE-2006', 2)":null}}