{"Tipo de Proyecto":{"('0066-PE-2006', 0)":"MENSAJE NRO: 1536\/06","('0066-PE-2006', 1)":null,"('0066-PE-2006', 2)":null},"Iniciado en: ":{"('0066-PE-2006', 0)":"Diputados","('0066-PE-2006', 1)":null,"('0066-PE-2006', 2)":null},"Expediente Diputados: ":{"('0066-PE-2006', 0)":"0066-PE-2006","('0066-PE-2006', 1)":null,"('0066-PE-2006', 2)":null},"Publicado en: ":{"('0066-PE-2006', 0)":"Tr\u00e1mite Parlamentario N\u00b0 161","('0066-PE-2006', 1)":null,"('0066-PE-2006', 2)":null},"Fecha: ":{"('0066-PE-2006', 0)":"27\/10\/2006","('0066-PE-2006', 1)":null,"('0066-PE-2006', 2)":null},"T\u00edtulo":{"('0066-PE-2006', 0)":"COMUNICACION DEL DECRETO 1487\/06 POR EL CUAL SE HOMOLOGA EL ACTA ACUERDO DE LA COMISION NEGOCIADORA SECTORIAL CORRESPONDIENTE AL SISTEMA NACIONAL DE LA PROFESION ADMINISTRATIVA.","('0066-PE-2006', 1)":null,"('0066-PE-2006', 2)":null},"('Firmantes', 'FIRMANTE')":{"('0066-PE-2006', 0)":"KIRCHNER, NESTOR CARLOS","('0066-PE-2006', 1)":"FERNANDEZ, ALBERTO","('0066-PE-2006', 2)":"TOMADA, CARLOS"},"('Firmantes', 'DISTRITO')":{"('0066-PE-2006', 0)":null,"('0066-PE-2006', 1)":null,"('0066-PE-2006', 2)":null},"('Firmantes', 'BLOQUE')":{"('0066-PE-2006', 0)":"PODER EJECUTIVO","('0066-PE-2006', 1)":"PODER EJECUTIVO","('0066-PE-2006', 2)":"PODER EJECUTIVO"},"('Giros', 'COMISI\u00d3N')":{"('0066-PE-2006', 0)":"BICAMERAL PERMANENTE DE TRAMITE LEGISLATIVO - LEY 26122","('0066-PE-2006', 1)":null,"('0066-PE-2006', 2)":null},"('Tramites', 'C\u00c1MARA')":{"('0066-PE-2006', 0)":"Diputados","('0066-PE-2006', 1)":null,"('0066-PE-2006', 2)":null},"('Tramites', 'MOVIMIENTO')":{"('0066-PE-2006', 0)":"VER TRAMITE EN EXPEDIENTE 6798-D-06","('0066-PE-2006', 1)":null,"('0066-PE-2006', 2)":null},"('Tramites', 'FECHA')":{"('0066-PE-2006', 0)":null,"('0066-PE-2006', 1)":null,"('0066-PE-2006', 2)":null},"('Tramites', 'RESULTADO')":{"('0066-PE-2006', 0)":null,"('0066-PE-2006', 1)":null,"('0066-PE-2006', 2)":null},"Link":{"('0066-PE-2006', 0)":"https:\/\/www4.hcdn.gob.ar\/dependencias\/dsecretaria\/Periodo2006\/PDF2006\/TP2006\/0066-PE-06.pdf","('0066-PE-2006', 1)":null,"('0066-PE-2006', 2)":null},"Palabra Clave":{"('0066-PE-2006', 0)":" ","('0066-PE-2006', 1)":null,"('0066-PE-2006', 2)":null}}