{"Tipo de Proyecto":{"('0068-S-2006', 0)":"PROYECTO DE LEY"},"Iniciado en: ":{"('0068-S-2006', 0)":"Senado"},"Expediente Senado: ":{"('0068-S-2006', 0)":"0068-S-2006"},"Publicado en: ":{"('0068-S-2006', 0)":"Diario de Asuntos Entrados N\u00b0 4"},"Fecha: ":{"('0068-S-2006', 0)":"01\/03\/2006"},"T\u00edtulo":{"('0068-S-2006', 0)":"DELITOS SEXUALES: MODIFICACION DEL CODIGO PENAL, CODIGO PROCESAL PENAL Y LEYES 24660 Y 24390 (REPRODUCCION DEL EXPEDIENTE 0412-S-04)."},"('Firmantes', 'FIRMANTE')":{"('0068-S-2006', 0)":"MASSONI, NORBERTO"},"('Firmantes', 'DISTRITO')":{"('0068-S-2006', 0)":"CHUBUT"},"('Firmantes', 'BLOQUE')":{"('0068-S-2006', 0)":"UCR"},"('Tramites', 'C\u00c1MARA')":{"('0068-S-2006', 0)":"Senado"},"('Tramites', 'MOVIMIENTO')":{"('0068-S-2006', 0)":"REPRODUCIDO POR EXPEDIENTE 0332-S-08"},"('Tramites', 'FECHA')":{"('0068-S-2006', 0)":null},"('Tramites', 'RESULTADO')":{"('0068-S-2006', 0)":null},"Sumario":{"('0068-S-2006', 0)":"MODIFICACION DEL ARTICULO 14 (IMPOSIBILIDAD DE LIBERTAD CONDICIONAL) E INCORPORACION DE PARRAFO AL ARTICULO 63 (PRESCRIPCION DE LA ACCION); SUSTITUCION DEL SEGUNDO PARRAFO DEL ARTICULO 316 DEL CODIGO PROCESAL PENAL (LIBERTAD CONDICIONAL); MODIFICACION DE LOS ARTICULO 1 (PRISION PREVENTIVA) Y 11 (EXCLUSIONES) DE LA LEY 24390 (PLAZOS PARA LA PRISION PREVENTIVA); INCORPORACION DE ARTICULO 147 BIS (PROGRAMAS DE REHABILITACION Y TRATAMIENTO) A LA LEY 24660 (EJECUCION DE LA PENA PRIVATIVA DE LA LIBERTAD)."},"Palabra Clave":{"('0068-S-2006', 0)":" "}}