{"Tipo de Proyecto":{"('0070-S-2006', 0)":"PROYECTO DE LEY"},"Iniciado en: ":{"('0070-S-2006', 0)":"Senado"},"Expediente Senado: ":{"('0070-S-2006', 0)":"0070-S-2006"},"Publicado en: ":{"('0070-S-2006', 0)":"Diario de Asuntos Entrados N\u00b0 4"},"Fecha: ":{"('0070-S-2006', 0)":"01\/03\/2006"},"T\u00edtulo":{"('0070-S-2006', 0)":"MODIFICACION DEL ARTICULO 623 DEL CODIGO CIVIL SOBRE PROHIBICION DE INTERESES SOBRE LOS INTERESES."},"('Firmantes', 'FIRMANTE')":{"('0070-S-2006', 0)":"CAPITANICH, JORGE"},"('Firmantes', 'DISTRITO')":{"('0070-S-2006', 0)":"CHACO"},"('Firmantes', 'BLOQUE')":{"('0070-S-2006', 0)":"JUSTICIALISTA"},"Link":{"('0070-S-2006', 0)":"http:\/\/www.senado.gov.ar\/parlamentario\/comisiones\/verExp\/70.06\/S\/PL"},"Palabra Clave":{"('0070-S-2006', 0)":" "}}