{"Tipo de Proyecto":{"('0070-PE-2006', 0)":"MENSAJE NRO: 1685\/06 Y PROYECTO DE LEY","('0070-PE-2006', 1)":null,"('0070-PE-2006', 2)":null,"('0070-PE-2006', 3)":null,"('0070-PE-2006', 4)":null,"('0070-PE-2006', 5)":null,"('0070-PE-2006', 6)":null,"('0070-PE-2006', 7)":null},"Iniciado en: ":{"('0070-PE-2006', 0)":"Diputados","('0070-PE-2006', 1)":null,"('0070-PE-2006', 2)":null,"('0070-PE-2006', 3)":null,"('0070-PE-2006', 4)":null,"('0070-PE-2006', 5)":null,"('0070-PE-2006', 6)":null,"('0070-PE-2006', 7)":null},"Expediente Diputados: ":{"('0070-PE-2006', 0)":"0070-PE-2006","('0070-PE-2006', 1)":null,"('0070-PE-2006', 2)":null,"('0070-PE-2006', 3)":null,"('0070-PE-2006', 4)":null,"('0070-PE-2006', 5)":null,"('0070-PE-2006', 6)":null,"('0070-PE-2006', 7)":null},"Expediente Senado: ":{"('0070-PE-2006', 0)":"0200-CD-2006","('0070-PE-2006', 1)":null,"('0070-PE-2006', 2)":null,"('0070-PE-2006', 3)":null,"('0070-PE-2006', 4)":null,"('0070-PE-2006', 5)":null,"('0070-PE-2006', 6)":null,"('0070-PE-2006', 7)":null},"Publicado en: ":{"('0070-PE-2006', 0)":"Tr\u00e1mite Parlamentario N\u00b0 180","('0070-PE-2006', 1)":null,"('0070-PE-2006', 2)":null,"('0070-PE-2006', 3)":null,"('0070-PE-2006', 4)":null,"('0070-PE-2006', 5)":null,"('0070-PE-2006', 6)":null,"('0070-PE-2006', 7)":null},"Fecha: ":{"('0070-PE-2006', 0)":"23\/11\/2006","('0070-PE-2006', 1)":null,"('0070-PE-2006', 2)":null,"('0070-PE-2006', 3)":null,"('0070-PE-2006', 4)":null,"('0070-PE-2006', 5)":null,"('0070-PE-2006', 6)":null,"('0070-PE-2006', 7)":null},"T\u00edtulo":{"('0070-PE-2006', 0)":"CREACION DEL REGISTRO UNICO PARA LA INSCRIPCION DE PERSONAS QUE REALIZAN TAREAS DE CONTROL DE ADMISION Y PERMANENCIA DE PUBLICO EN ESPECTACULOS MUSICALES, ARTISTICOS Y DE ENTRETENIMIENTO.","('0070-PE-2006', 1)":null,"('0070-PE-2006', 2)":null,"('0070-PE-2006', 3)":null,"('0070-PE-2006', 4)":null,"('0070-PE-2006', 5)":null,"('0070-PE-2006', 6)":null,"('0070-PE-2006', 7)":null},"('Firmantes', 'FIRMANTE')":{"('0070-PE-2006', 0)":"KIRCHNER, NESTOR CARLOS","('0070-PE-2006', 1)":"FERNANDEZ, ALBERTO","('0070-PE-2006', 2)":"FERNANDEZ, ANIBAL","('0070-PE-2006', 3)":null,"('0070-PE-2006', 4)":null,"('0070-PE-2006', 5)":null,"('0070-PE-2006', 6)":null,"('0070-PE-2006', 7)":null},"('Firmantes', 'DISTRITO')":{"('0070-PE-2006', 0)":null,"('0070-PE-2006', 1)":null,"('0070-PE-2006', 2)":null,"('0070-PE-2006', 3)":null,"('0070-PE-2006', 4)":null,"('0070-PE-2006', 5)":null,"('0070-PE-2006', 6)":null,"('0070-PE-2006', 7)":null},"('Firmantes', 'BLOQUE')":{"('0070-PE-2006', 0)":"PODER EJECUTIVO","('0070-PE-2006', 1)":"PODER EJECUTIVO","('0070-PE-2006', 2)":"PODER EJECUTIVO","('0070-PE-2006', 3)":null,"('0070-PE-2006', 4)":null,"('0070-PE-2006', 5)":null,"('0070-PE-2006', 6)":null,"('0070-PE-2006', 7)":null},"('Giros', 'COMISI\u00d3N')":{"('0070-PE-2006', 0)":"LEGISLACION DEL TRABAJO","('0070-PE-2006', 1)":"LEGISLACION GENERAL","('0070-PE-2006', 2)":null,"('0070-PE-2006', 3)":null,"('0070-PE-2006', 4)":null,"('0070-PE-2006', 5)":null,"('0070-PE-2006', 6)":null,"('0070-PE-2006', 7)":null},"('Tramites', 'C\u00c1MARA')":{"('0070-PE-2006', 0)":"Diputados","('0070-PE-2006', 1)":"Diputados","('0070-PE-2006', 2)":"Diputados","('0070-PE-2006', 3)":"Senado","('0070-PE-2006', 4)":"Senado","('0070-PE-2006', 5)":"Senado","('0070-PE-2006', 6)":"Diputados","('0070-PE-2006', 7)":"Diputados"},"('Tramites', 'MOVIMIENTO')":{"('0070-PE-2006', 0)":"MOCION DE PREFERENCIA PARA LA PROXIMA SESION CON DICTAMEN (AFIRMATIVA)","('0070-PE-2006', 1)":"CONSIDERACION Y APROBACION CON MODIFICACIONES","('0070-PE-2006', 2)":"INSERCION","('0070-PE-2006', 3)":"PASA A SENADO -","('0070-PE-2006', 4)":"CONSIDERACION Y APROBACION CON MODIFICACIONES","('0070-PE-2006', 5)":"INSERCIONES","('0070-PE-2006', 6)":"VUELVE A DIPUTADOS -","('0070-PE-2006', 7)":"CONSIDERACION Y SANCION (INSISTENCIA DE LA H CAMARA EN SU SANCION ORIGINAL)"},"('Tramites', 'FECHA')":{"('0070-PE-2006', 0)":"13\/12\/2006","('0070-PE-2006', 1)":"13\/02\/2007","('0070-PE-2006', 2)":"13\/02\/2007","('0070-PE-2006', 3)":null,"('0070-PE-2006', 4)":"07\/11\/2007","('0070-PE-2006', 5)":"07\/11\/2007","('0070-PE-2006', 6)":null,"('0070-PE-2006', 7)":"07\/05\/2008"},"('Tramites', 'RESULTADO')":{"('0070-PE-2006', 0)":null,"('0070-PE-2006', 1)":"MEDIA SANCION","('0070-PE-2006', 2)":null,"('0070-PE-2006', 3)":null,"('0070-PE-2006', 4)":"MEDIA SANCION","('0070-PE-2006', 5)":null,"('0070-PE-2006', 6)":null,"('0070-PE-2006', 7)":"SANCIONADO"},"Sumario":{"('0070-PE-2006', 0)":"AUTORIDAD DE APLICACION: MINISTERIO DEL INTERIOR; DEFINICIONES; DERECHO DE ADMISION Y PERMANENCIA; CONTROL DE ADMISION Y PERMANENCIA;  CONDICIONES PARA DESEMPE\u00d1ARSE COMO CONTROLADOR DE ADMISION Y PERMANENCIA; REQUISITOS, INCOMPATIBILIDADES; FUNCIONES; OBLIGACIONES; PROHIBICIONES; IMPEDIMENTOS DE ADMISION Y PERMANENCIA; HABILITACION ; REGISTRO, CATEGORIAS, CAPACITACION; REGIMEN DE INFRACCIONES; SANCIONES; OBLIGACIONES DE LOS EMPLEADORES; INVITACION A ADHERIR A LAS PROVINCIAS Y A LA CIUDAD DE BUENOS AIRES; COMPETENCIA DE CADA PROVINCIA.","('0070-PE-2006', 1)":null,"('0070-PE-2006', 2)":null,"('0070-PE-2006', 3)":null,"('0070-PE-2006', 4)":null,"('0070-PE-2006', 5)":null,"('0070-PE-2006', 6)":null,"('0070-PE-2006', 7)":null},"Palabra Clave":{"('0070-PE-2006', 0)":" ","('0070-PE-2006', 1)":null,"('0070-PE-2006', 2)":null,"('0070-PE-2006', 3)":null,"('0070-PE-2006', 4)":null,"('0070-PE-2006', 5)":null,"('0070-PE-2006', 6)":null,"('0070-PE-2006', 7)":null}}