{"Tipo de Proyecto":{"('0071-PE-2006', 0)":"MENSAJE NRO: 2064\/06","('0071-PE-2006', 1)":null,"('0071-PE-2006', 2)":null},"Iniciado en: ":{"('0071-PE-2006', 0)":"Diputados","('0071-PE-2006', 1)":null,"('0071-PE-2006', 2)":null},"Expediente Diputados: ":{"('0071-PE-2006', 0)":"0071-PE-2006","('0071-PE-2006', 1)":null,"('0071-PE-2006', 2)":null},"Publicado en: ":{"('0071-PE-2006', 0)":"Tr\u00e1mite Parlamentario N\u00b0 196","('0071-PE-2006', 1)":null,"('0071-PE-2006', 2)":null},"Fecha: ":{"('0071-PE-2006', 0)":"05\/01\/2007","('0071-PE-2006', 1)":null,"('0071-PE-2006', 2)":null},"T\u00edtulo":{"('0071-PE-2006', 0)":"COMUNICACION DEL DECRETO 2063\/06 DEL 28\/12\/2006, POR EL CUAL SE MODIFICA EL PRESUPUESTO DE LA ADMINISTRACION NACIONAL PARA EL EJERCICIO 2006.","('0071-PE-2006', 1)":null,"('0071-PE-2006', 2)":null},"('Firmantes', 'FIRMANTE')":{"('0071-PE-2006', 0)":"KIRCHNER, NESTOR CARLOS","('0071-PE-2006', 1)":"FERNANDEZ, ALBERTO","('0071-PE-2006', 2)":"MICELI, FELISA JOSEFINA"},"('Firmantes', 'DISTRITO')":{"('0071-PE-2006', 0)":null,"('0071-PE-2006', 1)":null,"('0071-PE-2006', 2)":null},"('Firmantes', 'BLOQUE')":{"('0071-PE-2006', 0)":"PODER EJECUTIVO","('0071-PE-2006', 1)":"PODER EJECUTIVO","('0071-PE-2006', 2)":"PODER EJECUTIVO"},"('Giros', 'COMISI\u00d3N')":{"('0071-PE-2006', 0)":"BICAMERAL PERMANENTE DE TRAMITE LEGISLATIVO - LEY 26122","('0071-PE-2006', 1)":null,"('0071-PE-2006', 2)":null},"('Tramites', 'C\u00c1MARA')":{"('0071-PE-2006', 0)":"Diputados","('0071-PE-2006', 1)":"Diputados","('0071-PE-2006', 2)":null},"('Tramites', 'MOVIMIENTO')":{"('0071-PE-2006', 0)":"CONSIDERACION Y APROBACION","('0071-PE-2006', 1)":"INSERCION DEL DIPUTADO LANDAU","('0071-PE-2006', 2)":null},"('Tramites', 'FECHA')":{"('0071-PE-2006', 0)":"06\/06\/2007","('0071-PE-2006', 1)":"06\/06\/2007","('0071-PE-2006', 2)":null},"('Tramites', 'RESULTADO')":{"('0071-PE-2006', 0)":"APROBADO","('0071-PE-2006', 1)":null,"('0071-PE-2006', 2)":null},"Link":{"('0071-PE-2006', 0)":"https:\/\/www4.hcdn.gob.ar\/dependencias\/dsecretaria\/Periodo2006\/PDF2006\/TP2006\/0071-PE-06.pdf","('0071-PE-2006', 1)":null,"('0071-PE-2006', 2)":null},"Palabra Clave":{"('0071-PE-2006', 0)":" ","('0071-PE-2006', 1)":null,"('0071-PE-2006', 2)":null}}