{"Tipo de Proyecto":{"('0072-PE-2006', 0)":"MENSAJE NRO: 0002\/07","('0072-PE-2006', 1)":null,"('0072-PE-2006', 2)":null},"Iniciado en: ":{"('0072-PE-2006', 0)":"Diputados","('0072-PE-2006', 1)":null,"('0072-PE-2006', 2)":null},"Expediente Diputados: ":{"('0072-PE-2006', 0)":"0072-PE-2006","('0072-PE-2006', 1)":null,"('0072-PE-2006', 2)":null},"Publicado en: ":{"('0072-PE-2006', 0)":"Tr\u00e1mite Parlamentario N\u00b0 196","('0072-PE-2006', 1)":null,"('0072-PE-2006', 2)":null},"Fecha: ":{"('0072-PE-2006', 0)":"08\/01\/2007","('0072-PE-2006', 1)":null,"('0072-PE-2006', 2)":null},"T\u00edtulo":{"('0072-PE-2006', 0)":"COMUNICACION DEL DECRETO 1\/07 MEDIANTE EL CUAL SE OBSERVA PARCIALMENTE Y PROMULGA EL PROYECTO DE LEY 26198, DE PRESUPUESTO GENERAL DE LA ADMINISTRACION NACIONAL PARA EL EJERCICIO FISCAL CORRESPONDIENTE AL A\u00d1O 2007.","('0072-PE-2006', 1)":null,"('0072-PE-2006', 2)":null},"('Firmantes', 'FIRMANTE')":{"('0072-PE-2006', 0)":"KIRCHNER, NESTOR CARLOS","('0072-PE-2006', 1)":"FERNANDEZ, ALBERTO","('0072-PE-2006', 2)":"MICELI, FELISA JOSEFINA"},"('Firmantes', 'DISTRITO')":{"('0072-PE-2006', 0)":null,"('0072-PE-2006', 1)":null,"('0072-PE-2006', 2)":null},"('Firmantes', 'BLOQUE')":{"('0072-PE-2006', 0)":"PODER EJECUTIVO","('0072-PE-2006', 1)":"PODER EJECUTIVO","('0072-PE-2006', 2)":"PODER EJECUTIVO"},"('Giros', 'COMISI\u00d3N')":{"('0072-PE-2006', 0)":"PRESUPUESTO Y HACIENDA","('0072-PE-2006', 1)":"BICAMERAL PERMANENTE DE TRAMITE LEGISLATIVO - LEY 26122","('0072-PE-2006', 2)":null},"('Tramites', 'C\u00c1MARA')":{"('0072-PE-2006', 0)":"Diputados","('0072-PE-2006', 1)":null,"('0072-PE-2006', 2)":null},"('Tramites', 'MOVIMIENTO')":{"('0072-PE-2006', 0)":"VER TRAMITE EN EXPEDIENTE 7508-D-06","('0072-PE-2006', 1)":null,"('0072-PE-2006', 2)":null},"('Tramites', 'FECHA')":{"('0072-PE-2006', 0)":null,"('0072-PE-2006', 1)":null,"('0072-PE-2006', 2)":null},"('Tramites', 'RESULTADO')":{"('0072-PE-2006', 0)":null,"('0072-PE-2006', 1)":null,"('0072-PE-2006', 2)":null},"Link":{"('0072-PE-2006', 0)":"https:\/\/www4.hcdn.gob.ar\/dependencias\/dsecretaria\/Periodo2006\/PDF2006\/TP2006\/0072-PE-06.pdf","('0072-PE-2006', 1)":null,"('0072-PE-2006', 2)":null},"Palabra Clave":{"('0072-PE-2006', 0)":" ","('0072-PE-2006', 1)":null,"('0072-PE-2006', 2)":null}}