{"Tipo de Proyecto":{"('0072-S-2006', 0)":"COMUNICACION","('0072-S-2006', 1)":null,"('0072-S-2006', 2)":null},"Iniciado en: ":{"('0072-S-2006', 0)":"Senado","('0072-S-2006', 1)":null,"('0072-S-2006', 2)":null},"Expediente Senado: ":{"('0072-S-2006', 0)":"0072-S-2006","('0072-S-2006', 1)":null,"('0072-S-2006', 2)":null},"Publicado en: ":{"('0072-S-2006', 0)":"Diario de Asuntos Entrados N\u00b0 4","('0072-S-2006', 1)":null,"('0072-S-2006', 2)":null},"Fecha: ":{"('0072-S-2006', 0)":"01\/03\/2006","('0072-S-2006', 1)":null,"('0072-S-2006', 2)":null},"T\u00edtulo":{"('0072-S-2006', 0)":"PEDIDO DE INFORMES AL PODER EJECUTIVO SOBRE DIVERSOS ASPECTOS VINCULADOS A LOS PLANES \"MAS Y MEJOR TRABAJO\".","('0072-S-2006', 1)":null,"('0072-S-2006', 2)":null},"('Firmantes', 'FIRMANTE')":{"('0072-S-2006', 0)":"ESCUDERO, SONIA MARGARITA","('0072-S-2006', 1)":null,"('0072-S-2006', 2)":null},"('Firmantes', 'DISTRITO')":{"('0072-S-2006', 0)":"SALTA","('0072-S-2006', 1)":null,"('0072-S-2006', 2)":null},"('Firmantes', 'BLOQUE')":{"('0072-S-2006', 0)":"JUSTICIALISTA","('0072-S-2006', 1)":null,"('0072-S-2006', 2)":null},"('Tramites', 'C\u00c1MARA')":{"('0072-S-2006', 0)":"Senado","('0072-S-2006', 1)":"Senado","('0072-S-2006', 2)":"Senado"},"('Tramites', 'MOVIMIENTO')":{"('0072-S-2006', 0)":"MOCION SOBRE TABLAS (AFIRMATIVA)","('0072-S-2006', 1)":"CONSIDERACION Y APROBACION","('0072-S-2006', 2)":"CONTESTACION DEL PODER EJECUTIVO NACIONAL - GIRADO A LA COMISION RESPECTIVA"},"('Tramites', 'FECHA')":{"('0072-S-2006', 0)":"05\/04\/2006","('0072-S-2006', 1)":"05\/04\/2006","('0072-S-2006', 2)":null},"('Tramites', 'RESULTADO')":{"('0072-S-2006', 0)":null,"('0072-S-2006', 1)":"APROBADO","('0072-S-2006', 2)":null},"Link":{"('0072-S-2006', 0)":"http:\/\/www.senado.gov.ar\/parlamentario\/comisiones\/verExp\/72.06\/S\/PC","('0072-S-2006', 1)":null,"('0072-S-2006', 2)":null},"Palabra Clave":{"('0072-S-2006', 0)":" ","('0072-S-2006', 1)":null,"('0072-S-2006', 2)":null}}