{"Tipo de Proyecto":{"('0073-S-2006', 0)":"PROYECTO DE DECLARACI\u00d3N"},"Iniciado en: ":{"('0073-S-2006', 0)":"Senado"},"Expediente Senado: ":{"('0073-S-2006', 0)":"0073-S-2006"},"Publicado en: ":{"('0073-S-2006', 0)":"Diario de Asuntos Entrados N\u00b0 4"},"Fecha: ":{"('0073-S-2006', 0)":"01\/03\/2006"},"T\u00edtulo":{"('0073-S-2006', 0)":"EXPRESAR BENEPLACITO POR LA ELECCION DE MICHELLE BACHELET COMO PRESIDENTE DE LA REPUBLICA DE CHILE. "},"('Firmantes', 'FIRMANTE')":{"('0073-S-2006', 0)":"ESCUDERO, SONIA MARGARITA"},"('Firmantes', 'DISTRITO')":{"('0073-S-2006', 0)":"SALTA"},"('Firmantes', 'BLOQUE')":{"('0073-S-2006', 0)":"JUSTICIALISTA"},"('Tramites', 'C\u00c1MARA')":{"('0073-S-2006', 0)":"Senado"},"('Tramites', 'MOVIMIENTO')":{"('0073-S-2006', 0)":"CONSIDERACION Y APROBACION"},"('Tramites', 'FECHA')":{"('0073-S-2006', 0)":"06\/09\/2006"},"('Tramites', 'RESULTADO')":{"('0073-S-2006', 0)":"APROBADO"},"Link":{"('0073-S-2006', 0)":"http:\/\/www.senado.gov.ar\/parlamentario\/comisiones\/verExp\/73.06\/S\/PD"},"Palabra Clave":{"('0073-S-2006', 0)":" "}}