{"Tipo de Proyecto":{"('0074-S-2006', 0)":"COMUNICACION","('0074-S-2006', 1)":null,"('0074-S-2006', 2)":null,"('0074-S-2006', 3)":null},"Iniciado en: ":{"('0074-S-2006', 0)":"Senado","('0074-S-2006', 1)":null,"('0074-S-2006', 2)":null,"('0074-S-2006', 3)":null},"Expediente Senado: ":{"('0074-S-2006', 0)":"0074-S-2006","('0074-S-2006', 1)":null,"('0074-S-2006', 2)":null,"('0074-S-2006', 3)":null},"Publicado en: ":{"('0074-S-2006', 0)":"Diario de Asuntos Entrados N\u00b0 4","('0074-S-2006', 1)":null,"('0074-S-2006', 2)":null,"('0074-S-2006', 3)":null},"Fecha: ":{"('0074-S-2006', 0)":"01\/03\/2006","('0074-S-2006', 1)":null,"('0074-S-2006', 2)":null,"('0074-S-2006', 3)":null},"T\u00edtulo":{"('0074-S-2006', 0)":"PEDIDO DE INFORMES AL PODER EJECUTIVO SOBRE DIVERSOS ASPECTOS VINCULADOS A LAS RESERVAS DE GAS Y PETROLEO Y A LA INVERSION ELECTRICA.","('0074-S-2006', 1)":null,"('0074-S-2006', 2)":null,"('0074-S-2006', 3)":null},"('Firmantes', 'FIRMANTE')":{"('0074-S-2006', 0)":"ESCUDERO, SONIA MARGARITA","('0074-S-2006', 1)":null,"('0074-S-2006', 2)":null,"('0074-S-2006', 3)":null},"('Firmantes', 'DISTRITO')":{"('0074-S-2006', 0)":"SALTA","('0074-S-2006', 1)":null,"('0074-S-2006', 2)":null,"('0074-S-2006', 3)":null},"('Firmantes', 'BLOQUE')":{"('0074-S-2006', 0)":"JUSTICIALISTA","('0074-S-2006', 1)":null,"('0074-S-2006', 2)":null,"('0074-S-2006', 3)":null},"('Tramites', 'C\u00c1MARA')":{"('0074-S-2006', 0)":"Senado","('0074-S-2006', 1)":"Senado","('0074-S-2006', 2)":"Senado","('0074-S-2006', 3)":"Senado"},"('Tramites', 'MOVIMIENTO')":{"('0074-S-2006', 0)":"MOCION SOBRE TABLAS (AFIRMATIVA)","('0074-S-2006', 1)":"CONSIDERACION Y APROBACION","('0074-S-2006', 2)":"CONTESTACION DEL PODER EJECUTIVO NACIONAL - GIRADO A LA COMISION RESPECTIVA","('0074-S-2006', 3)":"CONTESTACION DEL PODER EJECUTIVO NACIONAL - GIRADO A LA COMISION RESPECTIVA"},"('Tramites', 'FECHA')":{"('0074-S-2006', 0)":"05\/04\/2006","('0074-S-2006', 1)":"05\/04\/2006","('0074-S-2006', 2)":null,"('0074-S-2006', 3)":null},"('Tramites', 'RESULTADO')":{"('0074-S-2006', 0)":null,"('0074-S-2006', 1)":"APROBADO","('0074-S-2006', 2)":null,"('0074-S-2006', 3)":null},"Link":{"('0074-S-2006', 0)":"http:\/\/www.senado.gov.ar\/parlamentario\/comisiones\/verExp\/74.06\/S\/PC","('0074-S-2006', 1)":null,"('0074-S-2006', 2)":null,"('0074-S-2006', 3)":null},"Palabra Clave":{"('0074-S-2006', 0)":" ","('0074-S-2006', 1)":null,"('0074-S-2006', 2)":null,"('0074-S-2006', 3)":null}}