{"Tipo de Proyecto":{"('0075-PE-2006', 0)":"MENSAJE NRO: 0023\/07","('0075-PE-2006', 1)":null,"('0075-PE-2006', 2)":null},"Iniciado en: ":{"('0075-PE-2006', 0)":"Diputados","('0075-PE-2006', 1)":null,"('0075-PE-2006', 2)":null},"Expediente Diputados: ":{"('0075-PE-2006', 0)":"0075-PE-2006","('0075-PE-2006', 1)":null,"('0075-PE-2006', 2)":null},"Publicado en: ":{"('0075-PE-2006', 0)":"Tr\u00e1mite Parlamentario N\u00b0 196","('0075-PE-2006', 1)":null,"('0075-PE-2006', 2)":null},"Fecha: ":{"('0075-PE-2006', 0)":"23\/01\/2007","('0075-PE-2006', 1)":null,"('0075-PE-2006', 2)":null},"T\u00edtulo":{"('0075-PE-2006', 0)":"COMUNICACION DEL DECRETO 22\/07 DEL 16 DE ENERO DE 2007, POR EL CUAL SE PRORROGAN LAS SUSPENSIONES RESPECTO DEL ESTABLECIMIENTO DE LOS DOS (2) PUNTOS PORCENTUALES CORRESPONDIENTES AL APORTE PERSONAL DE LOS TRABAJADORES EN RELACION DE DEPENDENCIA DISPUESTO POR EL DECRETO 390\/03 Y SUS MODIFICATORIAS.","('0075-PE-2006', 1)":null,"('0075-PE-2006', 2)":null},"('Firmantes', 'FIRMANTE')":{"('0075-PE-2006', 0)":"KIRCHNER, NESTOR CARLOS","('0075-PE-2006', 1)":"FERNANDEZ, ALBERTO","('0075-PE-2006', 2)":"TOMADA, CARLOS"},"('Firmantes', 'DISTRITO')":{"('0075-PE-2006', 0)":null,"('0075-PE-2006', 1)":null,"('0075-PE-2006', 2)":null},"('Firmantes', 'BLOQUE')":{"('0075-PE-2006', 0)":"PODER EJECUTIVO","('0075-PE-2006', 1)":"PODER EJECUTIVO","('0075-PE-2006', 2)":"PODER EJECUTIVO"},"('Giros', 'COMISI\u00d3N')":{"('0075-PE-2006', 0)":"BICAMERAL PERMANENTE DE TRAMITE LEGISLATIVO - LEY 26122","('0075-PE-2006', 1)":null,"('0075-PE-2006', 2)":null},"('Tramites', 'C\u00c1MARA')":{"('0075-PE-2006', 0)":"Diputados","('0075-PE-2006', 1)":"Diputados","('0075-PE-2006', 2)":null},"('Tramites', 'MOVIMIENTO')":{"('0075-PE-2006', 0)":"CONSIDERACION Y APROBACION","('0075-PE-2006', 1)":"INSERCION DEL DIPUTADO LANDAU","('0075-PE-2006', 2)":null},"('Tramites', 'FECHA')":{"('0075-PE-2006', 0)":"06\/06\/2007","('0075-PE-2006', 1)":"06\/06\/2007","('0075-PE-2006', 2)":null},"('Tramites', 'RESULTADO')":{"('0075-PE-2006', 0)":"APROBADO","('0075-PE-2006', 1)":null,"('0075-PE-2006', 2)":null},"Link":{"('0075-PE-2006', 0)":"https:\/\/www4.hcdn.gob.ar\/dependencias\/dsecretaria\/Periodo2006\/PDF2006\/TP2006\/0075-PE-06.pdf","('0075-PE-2006', 1)":null,"('0075-PE-2006', 2)":null},"Palabra Clave":{"('0075-PE-2006', 0)":" ","('0075-PE-2006', 1)":null,"('0075-PE-2006', 2)":null}}