{"Tipo de Proyecto":{"('0077-S-2006', 0)":"MENSAJE NRO: 0307\/06 Y PROYECTO DE LEY","('0077-S-2006', 1)":null,"('0077-S-2006', 2)":null,"('0077-S-2006', 3)":null,"('0077-S-2006', 4)":null},"Iniciado en: ":{"('0077-S-2006', 0)":"Senado","('0077-S-2006', 1)":null,"('0077-S-2006', 2)":null,"('0077-S-2006', 3)":null,"('0077-S-2006', 4)":null},"Expediente Diputados: ":{"('0077-S-2006', 0)":"0077-S-2006","('0077-S-2006', 1)":null,"('0077-S-2006', 2)":null,"('0077-S-2006', 3)":null,"('0077-S-2006', 4)":null},"Expediente Senado: ":{"('0077-S-2006', 0)":"0012-PE-2006","('0077-S-2006', 1)":null,"('0077-S-2006', 2)":null,"('0077-S-2006', 3)":null,"('0077-S-2006', 4)":null},"Publicado en: ":{"('0077-S-2006', 0)":"Diario de Asuntos Entrados N\u00b0 29","('0077-S-2006', 1)":null,"('0077-S-2006', 2)":null,"('0077-S-2006', 3)":null,"('0077-S-2006', 4)":null},"Fecha: ":{"('0077-S-2006', 0)":"27\/03\/2006","('0077-S-2006', 1)":null,"('0077-S-2006', 2)":null,"('0077-S-2006', 3)":null,"('0077-S-2006', 4)":null},"T\u00edtulo":{"('0077-S-2006', 0)":"APROBACION DEL PROTOCOLO DE ASUNCION SOBRE COMPROMISO CON LA PROMOCION Y PROTECCION DE LOS DERECHOS HUMANOS DEL MERCOSUR, SUSCRIPTO EN ASUNCION, REPUBLICA DEL PARAGUAY EL 20 DE JUNIO DE 2005.","('0077-S-2006', 1)":null,"('0077-S-2006', 2)":null,"('0077-S-2006', 3)":null,"('0077-S-2006', 4)":null},"('Firmantes', 'FIRMANTE')":{"('0077-S-2006', 0)":"KIRCHNER, NESTOR CARLOS","('0077-S-2006', 1)":"FERNANDEZ, ALBERTO","('0077-S-2006', 2)":"TAIANA, JORGE ENRIQUE","('0077-S-2006', 3)":null,"('0077-S-2006', 4)":null},"('Firmantes', 'DISTRITO')":{"('0077-S-2006', 0)":null,"('0077-S-2006', 1)":null,"('0077-S-2006', 2)":null,"('0077-S-2006', 3)":null,"('0077-S-2006', 4)":null},"('Firmantes', 'BLOQUE')":{"('0077-S-2006', 0)":"PODER EJECUTIVO","('0077-S-2006', 1)":"PODER EJECUTIVO","('0077-S-2006', 2)":"PODER EJECUTIVO","('0077-S-2006', 3)":null,"('0077-S-2006', 4)":null},"('Giros', 'COMISI\u00d3N')":{"('0077-S-2006', 0)":"RELACIONES EXTERIORES Y CULTO","('0077-S-2006', 1)":"DERECHOS HUMANOS Y GARANTIAS","('0077-S-2006', 2)":"MERCOSUR","('0077-S-2006', 3)":null,"('0077-S-2006', 4)":null},"('Tramites', 'C\u00c1MARA')":{"('0077-S-2006', 0)":"Senado","('0077-S-2006', 1)":"Diputados","('0077-S-2006', 2)":"Diputados","('0077-S-2006', 3)":"Diputados","('0077-S-2006', 4)":"Diputados"},"('Tramites', 'MOVIMIENTO')":{"('0077-S-2006', 0)":"CONSIDERACION Y APROBACION","('0077-S-2006', 1)":"PASA A DIPUTADOS -","('0077-S-2006', 2)":"MOCION SOBRE TABLAS (PLAN DE LABOR) (AFIRMATIVA)","('0077-S-2006', 3)":"CONSIDERACION Y SANCION (VOTACION NOMINAL)","('0077-S-2006', 4)":"INSERCIONES"},"('Tramites', 'FECHA')":{"('0077-S-2006', 0)":"31\/05\/2006","('0077-S-2006', 1)":null,"('0077-S-2006', 2)":"07\/06\/2006","('0077-S-2006', 3)":"07\/06\/2006","('0077-S-2006', 4)":"07\/06\/2006"},"('Tramites', 'RESULTADO')":{"('0077-S-2006', 0)":"MEDIA SANCION","('0077-S-2006', 1)":null,"('0077-S-2006', 2)":null,"('0077-S-2006', 3)":"SANCIONADO","('0077-S-2006', 4)":null},"Link":{"('0077-S-2006', 0)":"http:\/\/www.senado.gov.ar\/web\/proyectos\/verExpe.php?origen=PE&nro_comision=&tipo=PL&numexp=12\/06&tConsulta=5","('0077-S-2006', 1)":null,"('0077-S-2006', 2)":null,"('0077-S-2006', 3)":null,"('0077-S-2006', 4)":null},"Palabra Clave":{"('0077-S-2006', 0)":" ","('0077-S-2006', 1)":null,"('0077-S-2006', 2)":null,"('0077-S-2006', 3)":null,"('0077-S-2006', 4)":null}}