{"Tipo de Proyecto":{"('0078-PE-2006', 0)":"MENSAJE NRO: 0143\/07","('0078-PE-2006', 1)":null,"('0078-PE-2006', 2)":null},"Iniciado en: ":{"('0078-PE-2006', 0)":"Diputados","('0078-PE-2006', 1)":null,"('0078-PE-2006', 2)":null},"Expediente Diputados: ":{"('0078-PE-2006', 0)":"0078-PE-2006","('0078-PE-2006', 1)":null,"('0078-PE-2006', 2)":null},"Publicado en: ":{"('0078-PE-2006', 0)":"Tr\u00e1mite Parlamentario N\u00b0 199","('0078-PE-2006', 1)":null,"('0078-PE-2006', 2)":null},"Fecha: ":{"('0078-PE-2006', 0)":"20\/02\/2007","('0078-PE-2006', 1)":null,"('0078-PE-2006', 2)":null},"T\u00edtulo":{"('0078-PE-2006', 0)":"COMUNICACION DEL DECRETO 142\/07, POR EL CUAL SE SE\u00d1ALAN LAS 12 HORAS DEL DIA PRIMERO DE MARZO DE 2007 PARA LA APERTURA DE SESIONES ORDINARIAS DEL H. CONGRESO DE LA NACION.","('0078-PE-2006', 1)":null,"('0078-PE-2006', 2)":null},"('Firmantes', 'FIRMANTE')":{"('0078-PE-2006', 0)":"KIRCHNER, NESTOR CARLOS","('0078-PE-2006', 1)":"FERNANDEZ, ALBERTO","('0078-PE-2006', 2)":"FERNANDEZ, ANIBAL"},"('Firmantes', 'DISTRITO')":{"('0078-PE-2006', 0)":null,"('0078-PE-2006', 1)":null,"('0078-PE-2006', 2)":null},"('Firmantes', 'BLOQUE')":{"('0078-PE-2006', 0)":"PODER EJECUTIVO","('0078-PE-2006', 1)":"PODER EJECUTIVO","('0078-PE-2006', 2)":"PODER EJECUTIVO"},"('Giros', 'COMISI\u00d3N')":{"('0078-PE-2006', 0)":"A LA PRESIDENCIA","('0078-PE-2006', 1)":null,"('0078-PE-2006', 2)":null},"Link":{"('0078-PE-2006', 0)":"https:\/\/www4.hcdn.gob.ar\/dependencias\/dsecretaria\/Periodo2006\/PDF2006\/TP2006\/0078-PE-06.pdf","('0078-PE-2006', 1)":null,"('0078-PE-2006', 2)":null},"Palabra Clave":{"('0078-PE-2006', 0)":" ","('0078-PE-2006', 1)":null,"('0078-PE-2006', 2)":null}}