{"Tipo de Proyecto":{"('0079-S-2006', 0)":"PROYECTO DE LEY"},"Iniciado en: ":{"('0079-S-2006', 0)":"Senado"},"Expediente Senado: ":{"('0079-S-2006', 0)":"0079-S-2006"},"Publicado en: ":{"('0079-S-2006', 0)":"Diario de Asuntos Entrados N\u00b0 4"},"Fecha: ":{"('0079-S-2006', 0)":"01\/03\/2006"},"T\u00edtulo":{"('0079-S-2006', 0)":"PRORROGA DEL PLAZO DEL ARTICULO 1 DE LA LEY 25287 DE PRORROGA DEL ARTICULO 30 DE LA LE 24573 (MEDIACION Y CONCILIACION) POR EL TERMINO DE CINCO A\u00d1OS A PARTIR DE SU VENCIMIENTO."},"('Firmantes', 'FIRMANTE')":{"('0079-S-2006', 0)":"BAR, GRACIELA YOLANDA"},"('Firmantes', 'DISTRITO')":{"('0079-S-2006', 0)":"ENTRE RIOS"},"('Firmantes', 'BLOQUE')":{"('0079-S-2006', 0)":"JUSTICIALISTA"},"Link":{"('0079-S-2006', 0)":"http:\/\/www.senado.gov.ar\/parlamentario\/comisiones\/verExp\/79.06\/S\/PL"},"Palabra Clave":{"('0079-S-2006', 0)":" "}}