{"Tipo de Proyecto":{"('0084-S-2006', 0)":"PROYECTO DE DECLARACI\u00d3N"},"Iniciado en: ":{"('0084-S-2006', 0)":"Senado"},"Expediente Senado: ":{"('0084-S-2006', 0)":"0084-S-2006"},"Publicado en: ":{"('0084-S-2006', 0)":"Diario de Asuntos Entrados N\u00b0 4"},"Fecha: ":{"('0084-S-2006', 0)":"01\/03\/2006"},"T\u00edtulo":{"('0084-S-2006', 0)":"DECLARAR DE INTERES LA EDICION DE LA \"ECO AVENTURA ARGENTINA - CIRCUITO 2006 \" A REALIZARSE ENTRE LOS MESES DE MAYO Y DICIEMBRE. "},"('Firmantes', 'FIRMANTE')":{"('0084-S-2006', 0)":"FELLNER, LILIANA BEATRIZ"},"('Firmantes', 'DISTRITO')":{"('0084-S-2006', 0)":"JUJUY"},"('Firmantes', 'BLOQUE')":{"('0084-S-2006', 0)":"JUSTICIALISTA"},"('Tramites', 'C\u00c1MARA')":{"('0084-S-2006', 0)":"Senado"},"('Tramites', 'MOVIMIENTO')":{"('0084-S-2006', 0)":"APROBACION ARTICULO 106, PARRAFO 3 DEL REGLAMENTO DEL H SENADO"},"('Tramites', 'FECHA')":{"('0084-S-2006', 0)":"10\/05\/2006"},"('Tramites', 'RESULTADO')":{"('0084-S-2006', 0)":"APROBADO"},"Link":{"('0084-S-2006', 0)":"http:\/\/www.senado.gov.ar\/parlamentario\/comisiones\/verExp\/84.06\/S\/PD"},"Palabra Clave":{"('0084-S-2006', 0)":" "}}