{"Tipo de Proyecto":{"('0087-S-2006', 0)":"PROYECTO DE DECLARACI\u00d3N","('0087-S-2006', 1)":null,"('0087-S-2006', 2)":null},"Iniciado en: ":{"('0087-S-2006', 0)":"Senado","('0087-S-2006', 1)":null,"('0087-S-2006', 2)":null},"Expediente Senado: ":{"('0087-S-2006', 0)":"0087-S-2006","('0087-S-2006', 1)":null,"('0087-S-2006', 2)":null},"Publicado en: ":{"('0087-S-2006', 0)":"Diario de Asuntos Entrados N\u00b0 6","('0087-S-2006', 1)":null,"('0087-S-2006', 2)":null},"Fecha: ":{"('0087-S-2006', 0)":"01\/03\/2006","('0087-S-2006', 1)":null,"('0087-S-2006', 2)":null},"T\u00edtulo":{"('0087-S-2006', 0)":"EXPRESAR ADHESION A LA CONMEMORACION DEL DIA DE LAS NACIONES UNIDAS PARA LOS DERECHOS DE LA MUJER Y LA PAZ INTERNACIONAL, INSTITUIDO EL DIA 8 DE MARZO.","('0087-S-2006', 1)":null,"('0087-S-2006', 2)":null},"('Firmantes', 'FIRMANTE')":{"('0087-S-2006', 0)":"GIRI, HAIDE DELIA","('0087-S-2006', 1)":"URQUIA, ROBERTO DANIEL","('0087-S-2006', 2)":null},"('Firmantes', 'DISTRITO')":{"('0087-S-2006', 0)":"CORDOBA","('0087-S-2006', 1)":"CORDOBA","('0087-S-2006', 2)":null},"('Firmantes', 'BLOQUE')":{"('0087-S-2006', 0)":"JUSTICIALISTA","('0087-S-2006', 1)":"JUSTICIALISTA","('0087-S-2006', 2)":null},"('Tramites', 'C\u00c1MARA')":{"('0087-S-2006', 0)":"Senado","('0087-S-2006', 1)":"Senado","('0087-S-2006', 2)":"Senado"},"('Tramites', 'MOVIMIENTO')":{"('0087-S-2006', 0)":"MOCION SOBRE TABLAS (AFIRMATIVA) CONJUNTAMENTE PARA LOS EXPEDIENTES 4179-S-2005, 4222-S-2005, 0029-S-2006, 0034-S-2006, 0087-S-2006, 0076-S-2006, 0140-S-2006, 0143-S-2006, 0237-S-2006, 0249-S-2006, 0252-S-2006, 0254-S-2006 y 0303-S-2006","('0087-S-2006', 1)":"CONSIDERACION Y APROBACION CONJUNTAMENTE PARA LOS EXPEDIENTES 4179-S-2005, 4222-S-2005, 0029-S-2006, 0034-S-2006, 0087-S-2006, 0076-S-2006, 0140-S-2006, 0143-S-2006, 0237-S-2006, 0249-S-2006, 0252-S-2006, 0254-S-2006 y 0303-S-2006","('0087-S-2006', 2)":"INSERCION DEL SENADOR MENEM CONJUNTAMENTE PARA LOS EXPEDIENTES 4179-S-2005, 4222-S-2005, 0029-S-2006, 0034-S-2006, 0087-S-2006, 0076-S-2006, 0140-S-2006, 0143-S-2006, 0237-S-2006, 0249-S-2006, 0252-S-2006, 0254-S-2006 y 0303-S-2006"},"('Tramites', 'FECHA')":{"('0087-S-2006', 0)":"08\/03\/2006","('0087-S-2006', 1)":"08\/03\/2006","('0087-S-2006', 2)":"08\/03\/2006"},"('Tramites', 'RESULTADO')":{"('0087-S-2006', 0)":null,"('0087-S-2006', 1)":"APROBADO","('0087-S-2006', 2)":null},"Link":{"('0087-S-2006', 0)":"http:\/\/www.senado.gov.ar\/parlamentario\/comisiones\/verExp\/87.06\/S\/PD","('0087-S-2006', 1)":null,"('0087-S-2006', 2)":null},"Palabra Clave":{"('0087-S-2006', 0)":" ","('0087-S-2006', 1)":null,"('0087-S-2006', 2)":null}}