{"Tipo de Proyecto":{"('0088-S-2006', 0)":"PROYECTO DE DECLARACI\u00d3N","('0088-S-2006', 1)":null},"Iniciado en: ":{"('0088-S-2006', 0)":"Senado","('0088-S-2006', 1)":null},"Expediente Senado: ":{"('0088-S-2006', 0)":"0088-S-2006","('0088-S-2006', 1)":null},"Publicado en: ":{"('0088-S-2006', 0)":"Diario de Asuntos Entrados N\u00b0 6","('0088-S-2006', 1)":null},"Fecha: ":{"('0088-S-2006', 0)":"01\/03\/2006","('0088-S-2006', 1)":null},"T\u00edtulo":{"('0088-S-2006', 0)":"RENDIR HOMENAJE A LA CIUDAD DE VILLA DOLORES, PROVINCIA DE CORDOBA, AL CUMPLIRSE EL 153\u00b0 ANIVERSARIO DE SU FUNDACION.","('0088-S-2006', 1)":null},"('Firmantes', 'FIRMANTE')":{"('0088-S-2006', 0)":"GIRI, HAIDE DELIA","('0088-S-2006', 1)":"URQUIA, ROBERTO DANIEL"},"('Firmantes', 'DISTRITO')":{"('0088-S-2006', 0)":"CORDOBA","('0088-S-2006', 1)":"CORDOBA"},"('Firmantes', 'BLOQUE')":{"('0088-S-2006', 0)":"JUSTICIALISTA","('0088-S-2006', 1)":"JUSTICIALISTA"},"('Tramites', 'C\u00c1MARA')":{"('0088-S-2006', 0)":"Senado","('0088-S-2006', 1)":null},"('Tramites', 'MOVIMIENTO')":{"('0088-S-2006', 0)":"CONSIDERACION Y APROBACION","('0088-S-2006', 1)":null},"('Tramites', 'FECHA')":{"('0088-S-2006', 0)":"17\/05\/2006","('0088-S-2006', 1)":null},"('Tramites', 'RESULTADO')":{"('0088-S-2006', 0)":"APROBADO","('0088-S-2006', 1)":null},"Link":{"('0088-S-2006', 0)":"http:\/\/www.senado.gov.ar\/parlamentario\/comisiones\/verExp\/88.06\/S\/PD","('0088-S-2006', 1)":null},"Palabra Clave":{"('0088-S-2006', 0)":" ","('0088-S-2006', 1)":null}}