{"Tipo de Proyecto":{"('0090-PE-2006', 0)":"MENSAJE NRO: 0867\/06 Y PROYECTO DE LEY","('0090-PE-2006', 1)":null,"('0090-PE-2006', 2)":null,"('0090-PE-2006', 3)":null,"('0090-PE-2006', 4)":null,"('0090-PE-2006', 5)":null,"('0090-PE-2006', 6)":null},"Iniciado en: ":{"('0090-PE-2006', 0)":"Senado","('0090-PE-2006', 1)":null,"('0090-PE-2006', 2)":null,"('0090-PE-2006', 3)":null,"('0090-PE-2006', 4)":null,"('0090-PE-2006', 5)":null,"('0090-PE-2006', 6)":null},"Expediente Senado: ":{"('0090-PE-2006', 0)":"0090-PE-2006","('0090-PE-2006', 1)":null,"('0090-PE-2006', 2)":null,"('0090-PE-2006', 3)":null,"('0090-PE-2006', 4)":null,"('0090-PE-2006', 5)":null,"('0090-PE-2006', 6)":null},"Publicado en: ":{"('0090-PE-2006', 0)":"Diario de Asuntos Entrados N\u00b0 114","('0090-PE-2006', 1)":null,"('0090-PE-2006', 2)":null,"('0090-PE-2006', 3)":null,"('0090-PE-2006', 4)":null,"('0090-PE-2006', 5)":null,"('0090-PE-2006', 6)":null},"Fecha: ":{"('0090-PE-2006', 0)":"14\/07\/2006","('0090-PE-2006', 1)":null,"('0090-PE-2006', 2)":null,"('0090-PE-2006', 3)":null,"('0090-PE-2006', 4)":null,"('0090-PE-2006', 5)":null,"('0090-PE-2006', 6)":null},"T\u00edtulo":{"('0090-PE-2006', 0)":"SISTEMAS TURISTICOS DE TIEMPO COMPARTIDO (STTC). ","('0090-PE-2006', 1)":null,"('0090-PE-2006', 2)":null,"('0090-PE-2006', 3)":null,"('0090-PE-2006', 4)":null,"('0090-PE-2006', 5)":null,"('0090-PE-2006', 6)":null},"('Firmantes', 'FIRMANTE')":{"('0090-PE-2006', 0)":"KIRCHNER, NESTOR CARLOS","('0090-PE-2006', 1)":"FERNANDEZ, ALBERTO","('0090-PE-2006', 2)":"FERNANDEZ, ANIBAL","('0090-PE-2006', 3)":null,"('0090-PE-2006', 4)":null,"('0090-PE-2006', 5)":null,"('0090-PE-2006', 6)":null},"('Firmantes', 'DISTRITO')":{"('0090-PE-2006', 0)":null,"('0090-PE-2006', 1)":null,"('0090-PE-2006', 2)":null,"('0090-PE-2006', 3)":null,"('0090-PE-2006', 4)":null,"('0090-PE-2006', 5)":null,"('0090-PE-2006', 6)":null},"('Firmantes', 'BLOQUE')":{"('0090-PE-2006', 0)":"PODER EJECUTIVO","('0090-PE-2006', 1)":"PODER EJECUTIVO","('0090-PE-2006', 2)":"PODER EJECUTIVO","('0090-PE-2006', 3)":null,"('0090-PE-2006', 4)":null,"('0090-PE-2006', 5)":null,"('0090-PE-2006', 6)":null},"('Tramites', 'C\u00c1MARA')":{"('0090-PE-2006', 0)":"Senado","('0090-PE-2006', 1)":"Senado","('0090-PE-2006', 2)":"Senado","('0090-PE-2006', 3)":"Diputados","('0090-PE-2006', 4)":"Diputados","('0090-PE-2006', 5)":"Diputados","('0090-PE-2006', 6)":"Diputados"},"('Tramites', 'MOVIMIENTO')":{"('0090-PE-2006', 0)":"MOCION SOBRE TABLAS (AFIRMATIVA) CONJUNTAMENTE PARA LOS EXPEDIENTES 0284-S-2006, 0512-S-2005 y 0090-PE-2006","('0090-PE-2006', 1)":"CONSIDERACION Y APROBACION CON MODIFICACIONES CONJUNTAMENTE PARA LOS EXPEDIENTES 0284-S-2006, 0512-S-2005 y 0090-PE-2006","('0090-PE-2006', 2)":"INSERCION DEL SENADOR FERNANDEZ CONJUNTAMENTE PARA LOS EXPEDIENTES 0284-S-2006, 0512-S-2005 y 0090-PE-2006","('0090-PE-2006', 3)":"PASA A DIPUTADOS - CONJUNTAMENTE PARA LOS EXPEDIENTES 0284-S-2006, 0512-S-2005 y 0090-PE-2006","('0090-PE-2006', 4)":"MOCION DE VUELTA A COMISION (AFIRMATIVA) CONJUNTAMENTE PARA LOS EXPEDIENTES 0284-S-2006, 0512-S-2005 y 0090-PE-2006","('0090-PE-2006', 5)":"MOCION SOBRE TABLAS CON DICTAMEN (AFIRMATIVA) CONJUNTAMENTE PARA LOS EXPEDIENTES 0284-S-2006, 0512-S-2005 y 0090-PE-2006","('0090-PE-2006', 6)":"CONSIDERACION Y SANCION CONJUNTAMENTE PARA LOS EXPEDIENTES 0284-S-2006, 0512-S-2005 y 0090-PE-2006"},"('Tramites', 'FECHA')":{"('0090-PE-2006', 0)":"20\/12\/2006","('0090-PE-2006', 1)":"20\/12\/2006","('0090-PE-2006', 2)":"20\/12\/2006","('0090-PE-2006', 3)":null,"('0090-PE-2006', 4)":"09\/05\/2007","('0090-PE-2006', 5)":"28\/02\/2008","('0090-PE-2006', 6)":"28\/02\/2008"},"('Tramites', 'RESULTADO')":{"('0090-PE-2006', 0)":null,"('0090-PE-2006', 1)":"MEDIA SANCION","('0090-PE-2006', 2)":null,"('0090-PE-2006', 3)":null,"('0090-PE-2006', 4)":null,"('0090-PE-2006', 5)":null,"('0090-PE-2006', 6)":"SANCIONADO"},"Sumario":{"('0090-PE-2006', 0)":"DISPOSICIONES GENERALES; AUTORIDAD DE APLICACION DE LOS SISTEMAS TURISTICOS DE TIEMPO COMPARTIDO (STTC); CONSTITUCION DEL SISTEMA TURISTICO DE TIEMPO COMPARTIDO; CONTRATO DE TIEMPO COMPARTIDO; ADMINISTRACION DE LOS STTC; COMERCIALIZACION Y PUBLICIDAD DE LOS STTC; INSTANCIA ARBITRAL; EXTINCION DEL SISTEMA TURISTICO DE TIEMPO COMPARTIDO; DISPOSICIONES COMPLEMENTARIAS.","('0090-PE-2006', 1)":null,"('0090-PE-2006', 2)":null,"('0090-PE-2006', 3)":null,"('0090-PE-2006', 4)":null,"('0090-PE-2006', 5)":null,"('0090-PE-2006', 6)":null},"Palabra Clave":{"('0090-PE-2006', 0)":" ","('0090-PE-2006', 1)":null,"('0090-PE-2006', 2)":null,"('0090-PE-2006', 3)":null,"('0090-PE-2006', 4)":null,"('0090-PE-2006', 5)":null,"('0090-PE-2006', 6)":null}}