{"Tipo de Proyecto":{"('0092-S-2006', 0)":"PROYECTO DE RESOLUCI\u00d3N","('0092-S-2006', 1)":null,"('0092-S-2006', 2)":null,"('0092-S-2006', 3)":null},"Iniciado en: ":{"('0092-S-2006', 0)":"Senado","('0092-S-2006', 1)":null,"('0092-S-2006', 2)":null,"('0092-S-2006', 3)":null},"Expediente Diputados: ":{"('0092-S-2006', 0)":"0092-S-2006","('0092-S-2006', 1)":null,"('0092-S-2006', 2)":null,"('0092-S-2006', 3)":null},"Expediente Senado: ":{"('0092-S-2006', 0)":"0006-OV-2005","('0092-S-2006', 1)":null,"('0092-S-2006', 2)":null,"('0092-S-2006', 3)":null},"Fecha: ":{"('0092-S-2006', 0)":"09\/05\/2006","('0092-S-2006', 1)":null,"('0092-S-2006', 2)":null,"('0092-S-2006', 3)":null},"T\u00edtulo":{"('0092-S-2006', 0)":"PEDIDO DE INFORMES AL PODER EJECUTIVO SOBRE RESOLUCIONES REMITIDAS POR LA AUDITORIA GENERAL DE LA NACION REFERENTES A LOS ESTADOS CONTABLES DEL INSTITUTO NACIONAL DE SERVICIOS SOCIALES PARA JUBILADOS Y PENSIONADOS, POR LOS EJERCICIOS FINALIZADOS EL 31 DE DICIEMBRE DE 2000 (0006-OV-05), 31 DE DICIEMBRE DE 2001 (0187-OV-05) Y 31 DE DICIEMBRE DE 2002 (0536-OV-05).","('0092-S-2006', 1)":null,"('0092-S-2006', 2)":null,"('0092-S-2006', 3)":null},"('Firmantes', 'FIRMANTE')":{"('0092-S-2006', 0)":"PARLAMENTARIA MIXTA REVISORA DE CUENTAS","('0092-S-2006', 1)":null,"('0092-S-2006', 2)":null,"('0092-S-2006', 3)":null},"('Firmantes', 'DISTRITO')":{"('0092-S-2006', 0)":null,"('0092-S-2006', 1)":null,"('0092-S-2006', 2)":null,"('0092-S-2006', 3)":null},"('Firmantes', 'BLOQUE')":{"('0092-S-2006', 0)":null,"('0092-S-2006', 1)":null,"('0092-S-2006', 2)":null,"('0092-S-2006', 3)":null},"('Giros', 'COMISI\u00d3N')":{"('0092-S-2006', 0)":"PARLAMENTARIA MIXTA REVISORA DE CUENTAS","('0092-S-2006', 1)":null,"('0092-S-2006', 2)":null,"('0092-S-2006', 3)":null},"('Tramites', 'C\u00c1MARA')":{"('0092-S-2006', 0)":"Senado","('0092-S-2006', 1)":"Diputados","('0092-S-2006', 2)":"Diputados","('0092-S-2006', 3)":"Diputados"},"('Tramites', 'MOVIMIENTO')":{"('0092-S-2006', 0)":"CONSIDERACION Y APROBACION","('0092-S-2006', 1)":"PASA A DIPUTADOS -","('0092-S-2006', 2)":"CONSIDERACION Y APROBACION","('0092-S-2006', 3)":"CONTESTACION DEL PODER EJECUTIVO NACIONAL - JEFE DE GABINETE DE MINISTROS - GIRADO A LA COMISION RESPECTIVA"},"('Tramites', 'FECHA')":{"('0092-S-2006', 0)":"28\/06\/2006","('0092-S-2006', 1)":null,"('0092-S-2006', 2)":"02\/08\/2006","('0092-S-2006', 3)":"14\/03\/2007"},"('Tramites', 'RESULTADO')":{"('0092-S-2006', 0)":"APROBADO","('0092-S-2006', 1)":null,"('0092-S-2006', 2)":"APROBADO","('0092-S-2006', 3)":null},"Link":{"('0092-S-2006', 0)":"http:\/\/www.senado.gov.ar\/parlamentario\/comisiones\/verExp\/6.05\/OV\/PR","('0092-S-2006', 1)":null,"('0092-S-2006', 2)":null,"('0092-S-2006', 3)":null},"Palabra Clave":{"('0092-S-2006', 0)":" ","('0092-S-2006', 1)":null,"('0092-S-2006', 2)":null,"('0092-S-2006', 3)":null}}