{"Tipo de Proyecto":{"('0093-S-2006', 0)":"PROYECTO DE RESOLUCI\u00d3N","('0093-S-2006', 1)":null,"('0093-S-2006', 2)":null},"Iniciado en: ":{"('0093-S-2006', 0)":"Senado","('0093-S-2006', 1)":null,"('0093-S-2006', 2)":null},"Expediente Diputados: ":{"('0093-S-2006', 0)":"0093-S-2006","('0093-S-2006', 1)":null,"('0093-S-2006', 2)":null},"Expediente Senado: ":{"('0093-S-2006', 0)":"0531-OV-2004","('0093-S-2006', 1)":null,"('0093-S-2006', 2)":null},"Fecha: ":{"('0093-S-2006', 0)":"29\/11\/2004","('0093-S-2006', 1)":null,"('0093-S-2006', 2)":null},"T\u00edtulo":{"('0093-S-2006', 0)":"PEDIDO DE INFORMES AL PODER EJECUTIVO SOBRE RESOLUCION REMITIDA POR LA AUDITORIA GENERAL DE LA NACION REFERENTE A LOS ESTADOS CONTABLES AL 31 DE DICIEMBRE DE 2002 (0531-OV-04) Y MEMORIA ANUAL A LA MISMA FECHA (0113-OV-05), DE NUCLEOELECTRICA ARGENTINA S.A.","('0093-S-2006', 1)":null,"('0093-S-2006', 2)":null},"('Firmantes', 'FIRMANTE')":{"('0093-S-2006', 0)":"PARLAMENTARIA MIXTA REVISORA DE CUENTAS","('0093-S-2006', 1)":null,"('0093-S-2006', 2)":null},"('Firmantes', 'DISTRITO')":{"('0093-S-2006', 0)":null,"('0093-S-2006', 1)":null,"('0093-S-2006', 2)":null},"('Firmantes', 'BLOQUE')":{"('0093-S-2006', 0)":null,"('0093-S-2006', 1)":null,"('0093-S-2006', 2)":null},"('Giros', 'COMISI\u00d3N')":{"('0093-S-2006', 0)":"PARLAMENTARIA MIXTA REVISORA DE CUENTAS","('0093-S-2006', 1)":null,"('0093-S-2006', 2)":null},"('Tramites', 'C\u00c1MARA')":{"('0093-S-2006', 0)":"Senado","('0093-S-2006', 1)":"Diputados","('0093-S-2006', 2)":"Diputados"},"('Tramites', 'MOVIMIENTO')":{"('0093-S-2006', 0)":"CONSIDERACION Y APROBACION","('0093-S-2006', 1)":"PASA A DIPUTADOS -","('0093-S-2006', 2)":"CONSIDERACION Y APROBACION"},"('Tramites', 'FECHA')":{"('0093-S-2006', 0)":"28\/06\/2006","('0093-S-2006', 1)":null,"('0093-S-2006', 2)":"02\/08\/2006"},"('Tramites', 'RESULTADO')":{"('0093-S-2006', 0)":"APROBADO","('0093-S-2006', 1)":null,"('0093-S-2006', 2)":"APROBADO"},"Link":{"('0093-S-2006', 0)":"http:\/\/www.senado.gov.ar\/parlamentario\/comisiones\/verExp\/531.04\/OV\/PR","('0093-S-2006', 1)":null,"('0093-S-2006', 2)":null},"Palabra Clave":{"('0093-S-2006', 0)":" ","('0093-S-2006', 1)":null,"('0093-S-2006', 2)":null}}