{"Tipo de Proyecto":{"('0094-S-2006', 0)":"PROYECTO DE LEY"},"Iniciado en: ":{"('0094-S-2006', 0)":"Senado"},"Expediente Senado: ":{"('0094-S-2006', 0)":"0094-S-2006"},"Publicado en: ":{"('0094-S-2006', 0)":"Diario de Asuntos Entrados N\u00b0 6"},"Fecha: ":{"('0094-S-2006', 0)":"01\/03\/2006"},"T\u00edtulo":{"('0094-S-2006', 0)":"SUSTITUCION DEL ARTICULO 5 DE LA LEY 25603 (REGIMEN PARA LA DISPONIBILIDAD DE BIENES DE TERCEROS QUE SE ENCUENTREN DEMORADOS EN EL AMBITO DE LA DIRECCION GENERAL DE ADUANAS) (REPRODUCCION DEL EXPEDIENTE 2562-S-04)."},"('Firmantes', 'FIRMANTE')":{"('0094-S-2006', 0)":"GUINLE, MARCELO ALEJANDRO"},"('Firmantes', 'DISTRITO')":{"('0094-S-2006', 0)":"CHUBUT"},"('Firmantes', 'BLOQUE')":{"('0094-S-2006', 0)":"JUSTICIALISTA"},"Link":{"('0094-S-2006', 0)":"http:\/\/www.senado.gov.ar\/parlamentario\/comisiones\/verExp\/94.06\/S\/PL"},"Palabra Clave":{"('0094-S-2006', 0)":" "}}