{"Tipo de Proyecto":{"('0096-S-2006', 0)":"PROYECTO DE LEY","('0096-S-2006', 1)":null,"('0096-S-2006', 2)":null,"('0096-S-2006', 3)":null,"('0096-S-2006', 4)":null,"('0096-S-2006', 5)":null,"('0096-S-2006', 6)":null},"Iniciado en: ":{"('0096-S-2006', 0)":"Senado","('0096-S-2006', 1)":null,"('0096-S-2006', 2)":null,"('0096-S-2006', 3)":null,"('0096-S-2006', 4)":null,"('0096-S-2006', 5)":null,"('0096-S-2006', 6)":null},"Expediente Diputados: ":{"('0096-S-2006', 0)":"0096-S-2006","('0096-S-2006', 1)":null,"('0096-S-2006', 2)":null,"('0096-S-2006', 3)":null,"('0096-S-2006', 4)":null,"('0096-S-2006', 5)":null,"('0096-S-2006', 6)":null},"Expediente Senado: ":{"('0096-S-2006', 0)":"1448-S-2006","('0096-S-2006', 1)":null,"('0096-S-2006', 2)":null,"('0096-S-2006', 3)":null,"('0096-S-2006', 4)":null,"('0096-S-2006', 5)":null,"('0096-S-2006', 6)":null},"Publicado en: ":{"('0096-S-2006', 0)":"Diario de Asuntos Entrados N\u00b0 64","('0096-S-2006', 1)":null,"('0096-S-2006', 2)":null,"('0096-S-2006', 3)":null,"('0096-S-2006', 4)":null,"('0096-S-2006', 5)":null,"('0096-S-2006', 6)":null},"Fecha: ":{"('0096-S-2006', 0)":"11\/05\/2006","('0096-S-2006', 1)":null,"('0096-S-2006', 2)":null,"('0096-S-2006', 3)":null,"('0096-S-2006', 4)":null,"('0096-S-2006', 5)":null,"('0096-S-2006', 6)":null},"T\u00edtulo":{"('0096-S-2006', 0)":"CREACION DE UNA ADUANA CON ASIENTO EN LA CIUDAD DE CALETA OLIVIA, PROVINCIA DE SANTA CRUZ.","('0096-S-2006', 1)":null,"('0096-S-2006', 2)":null,"('0096-S-2006', 3)":null,"('0096-S-2006', 4)":null,"('0096-S-2006', 5)":null,"('0096-S-2006', 6)":null},"('Firmantes', 'FIRMANTE')":{"('0096-S-2006', 0)":"FERNANDEZ, NICOLAS ALEJANDRO","('0096-S-2006', 1)":null,"('0096-S-2006', 2)":null,"('0096-S-2006', 3)":null,"('0096-S-2006', 4)":null,"('0096-S-2006', 5)":null,"('0096-S-2006', 6)":null},"('Firmantes', 'DISTRITO')":{"('0096-S-2006', 0)":"SANTA CRUZ","('0096-S-2006', 1)":null,"('0096-S-2006', 2)":null,"('0096-S-2006', 3)":null,"('0096-S-2006', 4)":null,"('0096-S-2006', 5)":null,"('0096-S-2006', 6)":null},"('Firmantes', 'BLOQUE')":{"('0096-S-2006', 0)":"JUSTICIALISTA","('0096-S-2006', 1)":null,"('0096-S-2006', 2)":null,"('0096-S-2006', 3)":null,"('0096-S-2006', 4)":null,"('0096-S-2006', 5)":null,"('0096-S-2006', 6)":null},"('Giros', 'COMISI\u00d3N')":{"('0096-S-2006', 0)":"ECONOMIA","('0096-S-2006', 1)":"PRESUPUESTO Y HACIENDA","('0096-S-2006', 2)":null,"('0096-S-2006', 3)":null,"('0096-S-2006', 4)":null,"('0096-S-2006', 5)":null,"('0096-S-2006', 6)":null},"('Tramites', 'C\u00c1MARA')":{"('0096-S-2006', 0)":"Senado","('0096-S-2006', 1)":"Senado","('0096-S-2006', 2)":"Diputados","('0096-S-2006', 3)":"Diputados","('0096-S-2006', 4)":"Diputados","('0096-S-2006', 5)":"Diputados","('0096-S-2006', 6)":"Diputados"},"('Tramites', 'MOVIMIENTO')":{"('0096-S-2006', 0)":"MOCION SOBRE TABLAS (AFIRMATIVA)","('0096-S-2006', 1)":"CONSIDERACION Y APROBACION","('0096-S-2006', 2)":"PASA A DIPUTADOS -","('0096-S-2006', 3)":"RESOLUCION DE PRESIDENCIA - AMPLIACION DE GIRO A LA COMISION DE PRESUPUESTO Y HACIENDA.","('0096-S-2006', 4)":"MOCION DE PREFERENCIA PARA LA PROXIMA SESION CON DICTAMEN (AFIRMATIVA)","('0096-S-2006', 5)":"MOCION SOBRE TABLAS CON DICTAMEN (AFIRMATIVA)","('0096-S-2006', 6)":"CONSIDERACION Y SANCION"},"('Tramites', 'FECHA')":{"('0096-S-2006', 0)":"28\/06\/2006","('0096-S-2006', 1)":"28\/06\/2006","('0096-S-2006', 2)":null,"('0096-S-2006', 3)":"19\/07\/2006","('0096-S-2006', 4)":"08\/11\/2006","('0096-S-2006', 5)":"15\/11\/2006","('0096-S-2006', 6)":"15\/11\/2006"},"('Tramites', 'RESULTADO')":{"('0096-S-2006', 0)":null,"('0096-S-2006', 1)":"MEDIA SANCION","('0096-S-2006', 2)":null,"('0096-S-2006', 3)":null,"('0096-S-2006', 4)":null,"('0096-S-2006', 5)":null,"('0096-S-2006', 6)":"SANCIONADO"},"Sumario":{"('0096-S-2006', 0)":"FACULTASE A LA AFIP PARA FIJAR O MODIFICAR LA COMPETENCIA TERRITORIAL DE LAS ADUANAS.","('0096-S-2006', 1)":null,"('0096-S-2006', 2)":null,"('0096-S-2006', 3)":null,"('0096-S-2006', 4)":null,"('0096-S-2006', 5)":null,"('0096-S-2006', 6)":null},"Palabra Clave":{"('0096-S-2006', 0)":" ","('0096-S-2006', 1)":null,"('0096-S-2006', 2)":null,"('0096-S-2006', 3)":null,"('0096-S-2006', 4)":null,"('0096-S-2006', 5)":null,"('0096-S-2006', 6)":null}}