{"Tipo de Proyecto":{"('0097-S-2006', 0)":"PROYECTO DE DECLARACI\u00d3N"},"Iniciado en: ":{"('0097-S-2006', 0)":"Senado"},"Expediente Senado: ":{"('0097-S-2006', 0)":"0097-S-2006"},"Publicado en: ":{"('0097-S-2006', 0)":"Diario de Asuntos Entrados N\u00b0 7"},"Fecha: ":{"('0097-S-2006', 0)":"02\/03\/2006"},"T\u00edtulo":{"('0097-S-2006', 0)":"EXPRESAR PREOCUPACION POR LA DEPREDACION DEL PATRIMONIO PALEONTOLOGICO NACIONAL Y LA COMERCIALIZACION ILEGAL DEL MISMO."},"('Firmantes', 'FIRMANTE')":{"('0097-S-2006', 0)":"PETCOFF NAIDENOFF, LUIS CARLOS"},"('Firmantes', 'DISTRITO')":{"('0097-S-2006', 0)":"FORMOSA"},"('Firmantes', 'BLOQUE')":{"('0097-S-2006', 0)":"UCR"},"('Tramites', 'C\u00c1MARA')":{"('0097-S-2006', 0)":"Senado"},"('Tramites', 'MOVIMIENTO')":{"('0097-S-2006', 0)":"CONSIDERACION Y APROBACION"},"('Tramites', 'FECHA')":{"('0097-S-2006', 0)":"26\/04\/2006"},"('Tramites', 'RESULTADO')":{"('0097-S-2006', 0)":"APROBADO"},"Link":{"('0097-S-2006', 0)":"http:\/\/www.senado.gov.ar\/parlamentario\/comisiones\/verExp\/97.06\/S\/PD"},"Palabra Clave":{"('0097-S-2006', 0)":" "}}