{"Tipo de Proyecto":{"('0098-S-2006', 0)":"PROYECTO DE LEY","('0098-S-2006', 1)":null},"Iniciado en: ":{"('0098-S-2006', 0)":"Senado","('0098-S-2006', 1)":null},"Expediente Senado: ":{"('0098-S-2006', 0)":"0098-S-2006","('0098-S-2006', 1)":null},"Publicado en: ":{"('0098-S-2006', 0)":"Diario de Asuntos Entrados N\u00b0 7","('0098-S-2006', 1)":null},"Fecha: ":{"('0098-S-2006', 0)":"02\/03\/2006","('0098-S-2006', 1)":null},"T\u00edtulo":{"('0098-S-2006', 0)":"DEROGACION DEL INCISO 6 DEL ARTICULO 88 Y EL ARTICULO 114 DE LA LEY 24522 (LEY DE CONCURSOS Y QUIEBRAS) SOBRE INTERCEPCION DE LA CORRESPONDENCIA DEL FALLIDO.","('0098-S-2006', 1)":null},"('Firmantes', 'FIRMANTE')":{"('0098-S-2006', 0)":"NEGRE DE ALONSO, LILIANA T.","('0098-S-2006', 1)":"RODRIGUEZ SAA, ADOLFO"},"('Firmantes', 'DISTRITO')":{"('0098-S-2006', 0)":"SAN LUIS","('0098-S-2006', 1)":"SAN LUIS"},"('Firmantes', 'BLOQUE')":{"('0098-S-2006', 0)":"JUSTICIALISTA SAN LUIS","('0098-S-2006', 1)":"JUSTICIALISTA SAN LUIS"},"Link":{"('0098-S-2006', 0)":"http:\/\/www.senado.gov.ar\/parlamentario\/comisiones\/verExp\/98.06\/S\/PL","('0098-S-2006', 1)":null},"Palabra Clave":{"('0098-S-2006', 0)":" ","('0098-S-2006', 1)":null}}