{"Tipo de Proyecto":{"('0099-S-2006', 0)":"PROYECTO DE LEY"},"Iniciado en: ":{"('0099-S-2006', 0)":"Senado"},"Expediente Senado: ":{"('0099-S-2006', 0)":"0099-S-2006"},"Publicado en: ":{"('0099-S-2006', 0)":"Diario de Asuntos Entrados N\u00b0 7"},"Fecha: ":{"('0099-S-2006', 0)":"02\/03\/2006"},"T\u00edtulo":{"('0099-S-2006', 0)":"ALOJAMIENTO PARA ACOMPA\u00d1ANTES DE MENORES INTERNADOS."},"('Firmantes', 'FIRMANTE')":{"('0099-S-2006', 0)":"SAADI, RAMON EDUARDO"},"('Firmantes', 'DISTRITO')":{"('0099-S-2006', 0)":"CATAMARCA"},"('Firmantes', 'BLOQUE')":{"('0099-S-2006', 0)":"JUSTICIALISTA"},"('Tramites', 'C\u00c1MARA')":{"('0099-S-2006', 0)":"Senado"},"('Tramites', 'MOVIMIENTO')":{"('0099-S-2006', 0)":"REPRODUCIDO POR EXPEDIENTE 0380-S-08"},"('Tramites', 'FECHA')":{"('0099-S-2006', 0)":null},"('Tramites', 'RESULTADO')":{"('0099-S-2006', 0)":null},"Sumario":{"('0099-S-2006', 0)":"LOS HOSPITALES PUBLICOS Y\/O PRIVADOS, CENTROS ASISTENCIALES DEBERAN CONTAR DENTRO DE LAS POSIBILIDADES DE SUS EDIFICIOS, CON HABITACIONES, SALAS O PABELLONES CON EL OBJETO DE ALOJAR A LOS FAMILIARES O RESPONSABLES LEGALES QUE ACOMPA\u00d1EN A LOS MENORES; PRIORIDAD; GASTOS."},"Palabra Clave":{"('0099-S-2006', 0)":" "}}