{"Tipo de Proyecto":{"('0100-S-2006', 0)":"PROYECTO DE DECLARACI\u00d3N"},"Iniciado en: ":{"('0100-S-2006', 0)":"Senado"},"Expediente Senado: ":{"('0100-S-2006', 0)":"0100-S-2006"},"Publicado en: ":{"('0100-S-2006', 0)":"Diario de Asuntos Entrados N\u00b0 7"},"Fecha: ":{"('0100-S-2006', 0)":"02\/03\/2006"},"T\u00edtulo":{"('0100-S-2006', 0)":"EXPRESAR PREOCUPACION Y REPUDIO ANTE LA FALTA DE RESPUESTA AL RECLAMO RESPECTO DE LA INFRAESTRUCTURA DEL SERVICIOS DE AGUA POTABLE EN LA CIUDAD DE FIAMBALA, DEPARTAMENTO DE TINOGASTA, PROVINCIA DE CATAMARCA."},"('Firmantes', 'FIRMANTE')":{"('0100-S-2006', 0)":"SAADI, RAMON EDUARDO"},"('Firmantes', 'DISTRITO')":{"('0100-S-2006', 0)":"CATAMARCA"},"('Firmantes', 'BLOQUE')":{"('0100-S-2006', 0)":"JUSTICIALISTA"},"Link":{"('0100-S-2006', 0)":"http:\/\/www.senado.gov.ar\/parlamentario\/comisiones\/verExp\/100.06\/S\/PD"},"Palabra Clave":{"('0100-S-2006', 0)":" "}}