{"Tipo de Proyecto":{"('0101-S-2006', 0)":"MENSAJE NRO: 0816\/06 Y PROYECTO DE LEY","('0101-S-2006', 1)":null,"('0101-S-2006', 2)":null,"('0101-S-2006', 3)":null,"('0101-S-2006', 4)":null,"('0101-S-2006', 5)":null},"Iniciado en: ":{"('0101-S-2006', 0)":"Senado","('0101-S-2006', 1)":null,"('0101-S-2006', 2)":null,"('0101-S-2006', 3)":null,"('0101-S-2006', 4)":null,"('0101-S-2006', 5)":null},"Expediente Diputados: ":{"('0101-S-2006', 0)":"0101-S-2006","('0101-S-2006', 1)":null,"('0101-S-2006', 2)":null,"('0101-S-2006', 3)":null,"('0101-S-2006', 4)":null,"('0101-S-2006', 5)":null},"Expediente Senado: ":{"('0101-S-2006', 0)":"0078-PE-2006","('0101-S-2006', 1)":null,"('0101-S-2006', 2)":null,"('0101-S-2006', 3)":null,"('0101-S-2006', 4)":null,"('0101-S-2006', 5)":null},"Publicado en: ":{"('0101-S-2006', 0)":"Diario de Asuntos Entrados N\u00b0 104","('0101-S-2006', 1)":null,"('0101-S-2006', 2)":null,"('0101-S-2006', 3)":null,"('0101-S-2006', 4)":null,"('0101-S-2006', 5)":null},"Fecha: ":{"('0101-S-2006', 0)":"30\/06\/2006","('0101-S-2006', 1)":null,"('0101-S-2006', 2)":null,"('0101-S-2006', 3)":null,"('0101-S-2006', 4)":null,"('0101-S-2006', 5)":null},"T\u00edtulo":{"('0101-S-2006', 0)":"MODIFICACION DEL ARTICULO 37 DE LA LEY 24156 DE ADMINISTRACION FINANCIERA Y DE LOS SISTEMAS DE CONTROL DEL SECTOR PUBLICO NACIONAL. FACULTAR AL JEFE DE GABINETE DE MINISTROS A DISPONER LAS REESTRUCTURACIONES PRESUPUESTARIAS QUE CONSIDERE NECESARIAS DENTRO DEL TOTAL APROBADO POR CADA LEY DE PRESUPUESTO, INCLUIDAS LAS MODIFICACIONES QUE INVOLUCREN GASTOS CORRIENTES, GASTOS DE CAPITAL, APLICACIONES FINANCIERAS Y DISTRIBUCION DE LAS FINALIDADES.","('0101-S-2006', 1)":null,"('0101-S-2006', 2)":null,"('0101-S-2006', 3)":null,"('0101-S-2006', 4)":null,"('0101-S-2006', 5)":null},"('Firmantes', 'FIRMANTE')":{"('0101-S-2006', 0)":"KIRCHNER, NESTOR CARLOS","('0101-S-2006', 1)":"FERNANDEZ, ALBERTO","('0101-S-2006', 2)":"MICELI, FELISA JOSEFINA","('0101-S-2006', 3)":null,"('0101-S-2006', 4)":null,"('0101-S-2006', 5)":null},"('Firmantes', 'DISTRITO')":{"('0101-S-2006', 0)":null,"('0101-S-2006', 1)":null,"('0101-S-2006', 2)":null,"('0101-S-2006', 3)":null,"('0101-S-2006', 4)":null,"('0101-S-2006', 5)":null},"('Firmantes', 'BLOQUE')":{"('0101-S-2006', 0)":"PODER EJECUTIVO","('0101-S-2006', 1)":"PODER EJECUTIVO","('0101-S-2006', 2)":"PODER EJECUTIVO","('0101-S-2006', 3)":null,"('0101-S-2006', 4)":null,"('0101-S-2006', 5)":null},"('Giros', 'COMISI\u00d3N')":{"('0101-S-2006', 0)":"PRESUPUESTO Y HACIENDA","('0101-S-2006', 1)":null,"('0101-S-2006', 2)":null,"('0101-S-2006', 3)":null,"('0101-S-2006', 4)":null,"('0101-S-2006', 5)":null},"('Tramites', 'C\u00c1MARA')":{"('0101-S-2006', 0)":"Senado","('0101-S-2006', 1)":"Senado","('0101-S-2006', 2)":"Diputados","('0101-S-2006', 3)":"Diputados","('0101-S-2006', 4)":"Diputados","('0101-S-2006', 5)":"Diputados"},"('Tramites', 'MOVIMIENTO')":{"('0101-S-2006', 0)":"CONSIDERACION Y APROBACION","('0101-S-2006', 1)":"INSERCIONES DE LOS SENADORES MASSONI, CAPITANICH, GIRI, LOPEZ ARIAS, GIUSTINIANI, BAUSALDO, ROSSI, GALLIA Y MENEM","('0101-S-2006', 2)":"PASA A DIPUTADOS -","('0101-S-2006', 3)":"CONSIDERACION Y APROBACION EN GENERAL (VOTACION NOMINAL)","('0101-S-2006', 4)":"CONSIDERACION Y SANCION (VOTACION NOMINAL)","('0101-S-2006', 5)":"INSERCIONES DE LOS DIPUTADOS, BAYONZO, BERTOL, CANTERO, CARRIO, COLOMBI, COMELLI, DE BERNARDI, DE LA ROSA, DIAZ BANCALARI, FABRIS, FERRO, GALVALISI, JEREZ, LAMBERTO, LEMOS, LOVAGLIO SARAVIA, MARCONATO, MACCHI, PESO, RODRIGUEZ, ROSSO, SOLANAS Y VANOSSI"},"('Tramites', 'FECHA')":{"('0101-S-2006', 0)":"12\/07\/2006","('0101-S-2006', 1)":"12\/07\/2006","('0101-S-2006', 2)":null,"('0101-S-2006', 3)":"02\/08\/2006","('0101-S-2006', 4)":"02\/08\/2006","('0101-S-2006', 5)":"02\/08\/2006"},"('Tramites', 'RESULTADO')":{"('0101-S-2006', 0)":"MEDIA SANCION","('0101-S-2006', 1)":null,"('0101-S-2006', 2)":null,"('0101-S-2006', 3)":null,"('0101-S-2006', 4)":"SANCIONADO","('0101-S-2006', 5)":null},"Sumario":{"('0101-S-2006', 0)":"EXCEPTUAR AL JEFE DE GABINETE DE LO ESTABLECIDO EN EL ARTICULO 15 DE LA LEY 25917 (REGIMEN FEDERAL DE RESPONSABILIDAD FISCAL).","('0101-S-2006', 1)":null,"('0101-S-2006', 2)":null,"('0101-S-2006', 3)":null,"('0101-S-2006', 4)":null,"('0101-S-2006', 5)":null},"Palabra Clave":{"('0101-S-2006', 0)":" ","('0101-S-2006', 1)":null,"('0101-S-2006', 2)":null,"('0101-S-2006', 3)":null,"('0101-S-2006', 4)":null,"('0101-S-2006', 5)":null}}