{"Tipo de Proyecto":{"('0103-S-2006', 0)":"COMUNICACION"},"Iniciado en: ":{"('0103-S-2006', 0)":"Senado"},"Expediente Senado: ":{"('0103-S-2006', 0)":"0103-S-2006"},"Publicado en: ":{"('0103-S-2006', 0)":"Diario de Asuntos Entrados N\u00b0 7"},"Fecha: ":{"('0103-S-2006', 0)":"02\/03\/2006"},"T\u00edtulo":{"('0103-S-2006', 0)":"SOLICITAR AL PODER EJECUTIVO SE ABONE LAS DEUDAS MANTENIDAS CON FUNDACIONES Y PRODUCTORES ORIGINADAS EN LA CAMPA\u00d1A DE VACUNACION CONTRA LA FIEBRE AFTOSA CORRESPONDIENTE AL A\u00d1O 2001."},"('Firmantes', 'FIRMANTE')":{"('0103-S-2006', 0)":"SAADI, RAMON EDUARDO"},"('Firmantes', 'DISTRITO')":{"('0103-S-2006', 0)":"CATAMARCA"},"('Firmantes', 'BLOQUE')":{"('0103-S-2006', 0)":"JUSTICIALISTA"},"Link":{"('0103-S-2006', 0)":"http:\/\/www.senado.gov.ar\/parlamentario\/comisiones\/verExp\/103.06\/S\/PC"},"Palabra Clave":{"('0103-S-2006', 0)":" "}}