{"Tipo de Proyecto":{"('0108-S-2006', 0)":"PROYECTO DE DECLARACI\u00d3N","('0108-S-2006', 1)":null},"Iniciado en: ":{"('0108-S-2006', 0)":"Senado","('0108-S-2006', 1)":null},"Expediente Senado: ":{"('0108-S-2006', 0)":"0108-S-2006","('0108-S-2006', 1)":null},"Publicado en: ":{"('0108-S-2006', 0)":"Diario de Asuntos Entrados N\u00b0 7","('0108-S-2006', 1)":null},"Fecha: ":{"('0108-S-2006', 0)":"02\/03\/2006","('0108-S-2006', 1)":null},"T\u00edtulo":{"('0108-S-2006', 0)":"ADHERIR A LA SEXTA EDICION DE MERCOLACTEA 2006, A REALIZARSE EN SAN FRANCISCO, CORDOBA, DEL 11 AL 14 DE MAYO DE 2006.","('0108-S-2006', 1)":null},"('Firmantes', 'FIRMANTE')":{"('0108-S-2006', 0)":"ROSSI, CARLOS ALBERTO","('0108-S-2006', 1)":"URQUIA, ROBERTO DANIEL"},"('Firmantes', 'DISTRITO')":{"('0108-S-2006', 0)":"CORDOBA","('0108-S-2006', 1)":"CORDOBA"},"('Firmantes', 'BLOQUE')":{"('0108-S-2006', 0)":"VECINALISTA - PARTIDO NUEVO","('0108-S-2006', 1)":"JUSTICIALISTA"},"('Tramites', 'C\u00c1MARA')":{"('0108-S-2006', 0)":"Senado","('0108-S-2006', 1)":null},"('Tramites', 'MOVIMIENTO')":{"('0108-S-2006', 0)":"APROBACION ARTICULO 106, PARRAFO 3 DEL REGLAMENTO DEL H SENADO","('0108-S-2006', 1)":null},"('Tramites', 'FECHA')":{"('0108-S-2006', 0)":"10\/05\/2006","('0108-S-2006', 1)":null},"('Tramites', 'RESULTADO')":{"('0108-S-2006', 0)":"APROBADO","('0108-S-2006', 1)":null},"Link":{"('0108-S-2006', 0)":"http:\/\/www.senado.gov.ar\/parlamentario\/comisiones\/verExp\/108.06\/S\/PD","('0108-S-2006', 1)":null},"Palabra Clave":{"('0108-S-2006', 0)":" ","('0108-S-2006', 1)":null}}