{"Tipo de Proyecto":{"('0109-S-2006', 0)":"MENSAJE NRO: 1010\/06 Y PROYECTO DE LEY","('0109-S-2006', 1)":null,"('0109-S-2006', 2)":null,"('0109-S-2006', 3)":null,"('0109-S-2006', 4)":null,"('0109-S-2006', 5)":null,"('0109-S-2006', 6)":null,"('0109-S-2006', 7)":null},"Iniciado en: ":{"('0109-S-2006', 0)":"Senado","('0109-S-2006', 1)":null,"('0109-S-2006', 2)":null,"('0109-S-2006', 3)":null,"('0109-S-2006', 4)":null,"('0109-S-2006', 5)":null,"('0109-S-2006', 6)":null,"('0109-S-2006', 7)":null},"Expediente Diputados: ":{"('0109-S-2006', 0)":"0109-S-2006","('0109-S-2006', 1)":null,"('0109-S-2006', 2)":null,"('0109-S-2006', 3)":null,"('0109-S-2006', 4)":null,"('0109-S-2006', 5)":null,"('0109-S-2006', 6)":null,"('0109-S-2006', 7)":null},"Expediente Senado: ":{"('0109-S-2006', 0)":"0175-PE-2006","('0109-S-2006', 1)":null,"('0109-S-2006', 2)":null,"('0109-S-2006', 3)":null,"('0109-S-2006', 4)":null,"('0109-S-2006', 5)":null,"('0109-S-2006', 6)":null,"('0109-S-2006', 7)":null},"Publicado en: ":{"('0109-S-2006', 0)":"Diario de Asuntos Entrados N\u00b0 122","('0109-S-2006', 1)":null,"('0109-S-2006', 2)":null,"('0109-S-2006', 3)":null,"('0109-S-2006', 4)":null,"('0109-S-2006', 5)":null,"('0109-S-2006', 6)":null,"('0109-S-2006', 7)":null},"Fecha: ":{"('0109-S-2006', 0)":"02\/08\/2006","('0109-S-2006', 1)":null,"('0109-S-2006', 2)":null,"('0109-S-2006', 3)":null,"('0109-S-2006', 4)":null,"('0109-S-2006', 5)":null,"('0109-S-2006', 6)":null,"('0109-S-2006', 7)":null},"T\u00edtulo":{"('0109-S-2006', 0)":"AUTORIZACION DE LA SALIDA DEL TERRITORIO NACIONAL DE MEDIOS, PERSONAL MILITAR Y DE SEGURIDAD PARA QUE PARTICIPEN EN LA MISION DE ESTABILIZACION DE LAS NACIONES UNIDAS EN HAITI (MINUSTAH).","('0109-S-2006', 1)":null,"('0109-S-2006', 2)":null,"('0109-S-2006', 3)":null,"('0109-S-2006', 4)":null,"('0109-S-2006', 5)":null,"('0109-S-2006', 6)":null,"('0109-S-2006', 7)":null},"('Firmantes', 'FIRMANTE')":{"('0109-S-2006', 0)":"KIRCHNER, NESTOR CARLOS","('0109-S-2006', 1)":"FERNANDEZ, ANIBAL","('0109-S-2006', 2)":"TAIANA, JORGE ENRIQUE","('0109-S-2006', 3)":"GARRE, NILDA CELIA","('0109-S-2006', 4)":"MICELI, FELISA JOSEFINA","('0109-S-2006', 5)":null,"('0109-S-2006', 6)":null,"('0109-S-2006', 7)":null},"('Firmantes', 'DISTRITO')":{"('0109-S-2006', 0)":null,"('0109-S-2006', 1)":null,"('0109-S-2006', 2)":null,"('0109-S-2006', 3)":null,"('0109-S-2006', 4)":null,"('0109-S-2006', 5)":null,"('0109-S-2006', 6)":null,"('0109-S-2006', 7)":null},"('Firmantes', 'BLOQUE')":{"('0109-S-2006', 0)":"PODER EJECUTIVO","('0109-S-2006', 1)":"PODER EJECUTIVO","('0109-S-2006', 2)":"PODER EJECUTIVO","('0109-S-2006', 3)":"PODER EJECUTIVO","('0109-S-2006', 4)":"PODER EJECUTIVO","('0109-S-2006', 5)":null,"('0109-S-2006', 6)":null,"('0109-S-2006', 7)":null},"('Giros', 'COMISI\u00d3N')":{"('0109-S-2006', 0)":"DEFENSA NACIONAL","('0109-S-2006', 1)":"RELACIONES EXTERIORES Y CULTO","('0109-S-2006', 2)":null,"('0109-S-2006', 3)":null,"('0109-S-2006', 4)":null,"('0109-S-2006', 5)":null,"('0109-S-2006', 6)":null,"('0109-S-2006', 7)":null},"('Tramites', 'C\u00c1MARA')":{"('0109-S-2006', 0)":"Senado","('0109-S-2006', 1)":"Senado","('0109-S-2006', 2)":"Diputados","('0109-S-2006', 3)":"Diputados","('0109-S-2006', 4)":"Diputados","('0109-S-2006', 5)":"Diputados","('0109-S-2006', 6)":"Diputados","('0109-S-2006', 7)":"Diputados"},"('Tramites', 'MOVIMIENTO')":{"('0109-S-2006', 0)":"MOCION SOBRE TABLAS (AFIRMATIVA)","('0109-S-2006', 1)":"CONSIDERACION Y APROBACION CON MODIFICACIONES","('0109-S-2006', 2)":"PASA A DIPUTADOS -","('0109-S-2006', 3)":"ACLARACION DE LA PRESIDENCIA CON RESPECTO AL INGRESO DEL PROYECTO","('0109-S-2006', 4)":"MOCION SOBRE TABLAS (AFIRMATIVA) (VOTACION NOMINAL)","('0109-S-2006', 5)":"CONSIDERACION Y APROBACION EN GENERAL (VOTACION NOMINAL)","('0109-S-2006', 6)":"CONSIDERACION Y SANCION","('0109-S-2006', 7)":"INSERCIONES DE LOS DIPUTADOS VILLAVERDE Y DI POLLINA"},"('Tramites', 'FECHA')":{"('0109-S-2006', 0)":"09\/08\/2006","('0109-S-2006', 1)":"09\/08\/2006","('0109-S-2006', 2)":null,"('0109-S-2006', 3)":"09\/08\/2006","('0109-S-2006', 4)":"09\/08\/2006","('0109-S-2006', 5)":"09\/08\/2006","('0109-S-2006', 6)":"09\/08\/2006","('0109-S-2006', 7)":"09\/08\/2006"},"('Tramites', 'RESULTADO')":{"('0109-S-2006', 0)":null,"('0109-S-2006', 1)":"MEDIA SANCION","('0109-S-2006', 2)":null,"('0109-S-2006', 3)":null,"('0109-S-2006', 4)":null,"('0109-S-2006', 5)":null,"('0109-S-2006', 6)":"SANCIONADO","('0109-S-2006', 7)":null},"Link":{"('0109-S-2006', 0)":"http:\/\/www.senado.gov.ar\/web\/proyectos\/verExpe.php?origen=PE&nro_comision=&tipo=PL&numexp=175\/06&tConsulta=5","('0109-S-2006', 1)":null,"('0109-S-2006', 2)":null,"('0109-S-2006', 3)":null,"('0109-S-2006', 4)":null,"('0109-S-2006', 5)":null,"('0109-S-2006', 6)":null,"('0109-S-2006', 7)":null},"Palabra Clave":{"('0109-S-2006', 0)":" ","('0109-S-2006', 1)":null,"('0109-S-2006', 2)":null,"('0109-S-2006', 3)":null,"('0109-S-2006', 4)":null,"('0109-S-2006', 5)":null,"('0109-S-2006', 6)":null,"('0109-S-2006', 7)":null}}