{"Tipo de Proyecto":{"('0110-S-2006', 0)":"MENSAJE NRO: 0977\/06 Y PROYECTO DE LEY","('0110-S-2006', 1)":null,"('0110-S-2006', 2)":null,"('0110-S-2006', 3)":null,"('0110-S-2006', 4)":null},"Iniciado en: ":{"('0110-S-2006', 0)":"Senado","('0110-S-2006', 1)":null,"('0110-S-2006', 2)":null,"('0110-S-2006', 3)":null,"('0110-S-2006', 4)":null},"Expediente Diputados: ":{"('0110-S-2006', 0)":"0110-S-2006","('0110-S-2006', 1)":null,"('0110-S-2006', 2)":null,"('0110-S-2006', 3)":null,"('0110-S-2006', 4)":null},"Expediente Senado: ":{"('0110-S-2006', 0)":"0174-PE-2006","('0110-S-2006', 1)":null,"('0110-S-2006', 2)":null,"('0110-S-2006', 3)":null,"('0110-S-2006', 4)":null},"Publicado en: ":{"('0110-S-2006', 0)":"Diario de Asuntos Entrados N\u00b0 122","('0110-S-2006', 1)":null,"('0110-S-2006', 2)":null,"('0110-S-2006', 3)":null,"('0110-S-2006', 4)":null},"Fecha: ":{"('0110-S-2006', 0)":"02\/08\/2006","('0110-S-2006', 1)":null,"('0110-S-2006', 2)":null,"('0110-S-2006', 3)":null,"('0110-S-2006', 4)":null},"T\u00edtulo":{"('0110-S-2006', 0)":"AUTORIZACION DE LA SALIDA DE PERSONAL Y MEDIOS DE LA FUERZA AEREA ARGENTINA PARA PARTICIPAR EN EL EJERCICIO COMBINADO \"CRUZEX 2006\".\n \n","('0110-S-2006', 1)":null,"('0110-S-2006', 2)":null,"('0110-S-2006', 3)":null,"('0110-S-2006', 4)":null},"('Firmantes', 'FIRMANTE')":{"('0110-S-2006', 0)":"KIRCHNER, NESTOR CARLOS","('0110-S-2006', 1)":"FERNANDEZ, ALBERTO","('0110-S-2006', 2)":"TAIANA, JORGE ENRIQUE","('0110-S-2006', 3)":"GARRE, NILDA CELIA","('0110-S-2006', 4)":null},"('Firmantes', 'DISTRITO')":{"('0110-S-2006', 0)":null,"('0110-S-2006', 1)":null,"('0110-S-2006', 2)":null,"('0110-S-2006', 3)":null,"('0110-S-2006', 4)":null},"('Firmantes', 'BLOQUE')":{"('0110-S-2006', 0)":"PODER EJECUTIVO","('0110-S-2006', 1)":"PODER EJECUTIVO","('0110-S-2006', 2)":"PODER EJECUTIVO","('0110-S-2006', 3)":"PODER EJECUTIVO","('0110-S-2006', 4)":null},"('Giros', 'COMISI\u00d3N')":{"('0110-S-2006', 0)":"DEFENSA NACIONAL","('0110-S-2006', 1)":"RELACIONES EXTERIORES Y CULTO","('0110-S-2006', 2)":null,"('0110-S-2006', 3)":null,"('0110-S-2006', 4)":null},"('Tramites', 'C\u00c1MARA')":{"('0110-S-2006', 0)":"Senado","('0110-S-2006', 1)":"Senado","('0110-S-2006', 2)":"Diputados","('0110-S-2006', 3)":"Diputados","('0110-S-2006', 4)":"Diputados"},"('Tramites', 'MOVIMIENTO')":{"('0110-S-2006', 0)":"MOCION SOBRE TABLAS (AFIRMATIVA)","('0110-S-2006', 1)":"CONSIDERACION Y APROBACION","('0110-S-2006', 2)":"PASA A DIPUTADOS -","('0110-S-2006', 3)":"MOCION SOBRE TABLAS (AFIRMATIVA)","('0110-S-2006', 4)":"CONSIDERACION Y SANCION"},"('Tramites', 'FECHA')":{"('0110-S-2006', 0)":"09\/08\/2006","('0110-S-2006', 1)":"09\/08\/2006","('0110-S-2006', 2)":null,"('0110-S-2006', 3)":"16\/08\/2006","('0110-S-2006', 4)":"16\/08\/2006"},"('Tramites', 'RESULTADO')":{"('0110-S-2006', 0)":null,"('0110-S-2006', 1)":"MEDIA SANCION","('0110-S-2006', 2)":null,"('0110-S-2006', 3)":null,"('0110-S-2006', 4)":"SANCIONADO"},"Link":{"('0110-S-2006', 0)":"http:\/\/www.senado.gov.ar\/web\/proyectos\/verExpe.php?origen=PE&nro_comision=&tipo=PL&numexp=174\/06&tConsulta=5","('0110-S-2006', 1)":null,"('0110-S-2006', 2)":null,"('0110-S-2006', 3)":null,"('0110-S-2006', 4)":null},"Palabra Clave":{"('0110-S-2006', 0)":" ","('0110-S-2006', 1)":null,"('0110-S-2006', 2)":null,"('0110-S-2006', 3)":null,"('0110-S-2006', 4)":null}}