{"Tipo de Proyecto":{"('0112-D-2006', 0)":"PROYECTO DE DECLARACI\u00d3N","('0112-D-2006', 1)":null},"Iniciado en: ":{"('0112-D-2006', 0)":"Diputados","('0112-D-2006', 1)":null},"Expediente Diputados: ":{"('0112-D-2006', 0)":"0112-D-2006","('0112-D-2006', 1)":null},"Publicado en: ":{"('0112-D-2006', 0)":"Tr\u00e1mite Parlamentario N\u00b0 2","('0112-D-2006', 1)":null},"Fecha: ":{"('0112-D-2006', 0)":"02\/03\/2006","('0112-D-2006', 1)":null},"T\u00edtulo":{"('0112-D-2006', 0)":"SOLICITAR AL PODER EJECUTIVO REALICE GESTIONES PARA LA CELEBRACION DE CONVENIOS CON LOS ENTES PROVINCIALES DE TURISMO A EFECTOS DE ADOPTAR MEDIDAS ANTIINFLACIONARIAS ORIENTADAS A REDUCIR Y NO AUMENTAR LOS PRECIOS NOMINALES DE DIVERSOS PRODUCTOS TURISTICOS HASTA JUNIO DE 2006.","('0112-D-2006', 1)":null},"('Firmantes', 'FIRMANTE')":{"('0112-D-2006', 0)":"INGRAM, RODDY ERNESTO","('0112-D-2006', 1)":null},"('Firmantes', 'DISTRITO')":{"('0112-D-2006', 0)":"CHUBUT","('0112-D-2006', 1)":null},"('Firmantes', 'BLOQUE')":{"('0112-D-2006', 0)":"FRENTE PARA LA VICTORIA - PJ","('0112-D-2006', 1)":null},"('Giros', 'COMISI\u00d3N')":{"('0112-D-2006', 0)":"TURISMO","('0112-D-2006', 1)":"DEFENSA DEL CONSUMIDOR"},"Link":{"('0112-D-2006', 0)":"https:\/\/www.hcdn.gob.ar\/proyectos\/textoCompleto.jsp?exp=0112-D-2006&tipo=DECLARACION","('0112-D-2006', 1)":null},"Palabra Clave":{"('0112-D-2006', 0)":" ","('0112-D-2006', 1)":null}}