{"Tipo de Proyecto":{"('0113-D-2006', 0)":"PROYECTO DE DECLARACI\u00d3N","('0113-D-2006', 1)":null},"Iniciado en: ":{"('0113-D-2006', 0)":"Diputados","('0113-D-2006', 1)":null},"Expediente Diputados: ":{"('0113-D-2006', 0)":"0113-D-2006","('0113-D-2006', 1)":null},"Publicado en: ":{"('0113-D-2006', 0)":"Tr\u00e1mite Parlamentario N\u00b0 2","('0113-D-2006', 1)":null},"Fecha: ":{"('0113-D-2006', 0)":"02\/03\/2006","('0113-D-2006', 1)":null},"T\u00edtulo":{"('0113-D-2006', 0)":"DECLARAR DE INTERES NACIONAL LOS ACTOS DE CONMEMORACION DEL TRIGESIMO ANIVERSARIO DEL GOLPE MILITAR DEL 24 DE MARZO DE 1976.","('0113-D-2006', 1)":null},"('Firmantes', 'FIRMANTE')":{"('0113-D-2006', 0)":"MONGELO, JOSE RICARDO","('0113-D-2006', 1)":null},"('Firmantes', 'DISTRITO')":{"('0113-D-2006', 0)":"CHACO","('0113-D-2006', 1)":null},"('Firmantes', 'BLOQUE')":{"('0113-D-2006', 0)":"FRENTE PARA LA VICTORIA - PJ","('0113-D-2006', 1)":null},"('Giros', 'COMISI\u00d3N')":{"('0113-D-2006', 0)":"DERECHOS HUMANOS Y GARANTIAS","('0113-D-2006', 1)":"ASUNTOS CONSTITUCIONALES"},"Link":{"('0113-D-2006', 0)":"https:\/\/www.hcdn.gob.ar\/proyectos\/textoCompleto.jsp?exp=0113-D-2006&tipo=DECLARACION","('0113-D-2006', 1)":null},"Palabra Clave":{"('0113-D-2006', 0)":" ","('0113-D-2006', 1)":null}}