{"Tipo de Proyecto":{"('0114-S-2006', 0)":"PROYECTO DE LEY","('0114-S-2006', 1)":null},"Iniciado en: ":{"('0114-S-2006', 0)":"Senado","('0114-S-2006', 1)":null},"Expediente Senado: ":{"('0114-S-2006', 0)":"0114-S-2006","('0114-S-2006', 1)":null},"Publicado en: ":{"('0114-S-2006', 0)":"Diario de Asuntos Entrados N\u00b0 7","('0114-S-2006', 1)":null},"Fecha: ":{"('0114-S-2006', 0)":"02\/03\/2006","('0114-S-2006', 1)":null},"T\u00edtulo":{"('0114-S-2006', 0)":"MODIFICACION DE LA LEY 23351 DE BIBLIOTECAS POPULARES SOBRE LA INEMBARGABILIDAD DEL PATRIMONIO BIBLIOGRAFICO. ","('0114-S-2006', 1)":null},"('Firmantes', 'FIRMANTE')":{"('0114-S-2006', 0)":"GALLEGO, SILVIA ESTER","('0114-S-2006', 1)":"MARIN, RUBEN HUGO"},"('Firmantes', 'DISTRITO')":{"('0114-S-2006', 0)":"LA PAMPA","('0114-S-2006', 1)":"LA PAMPA"},"('Firmantes', 'BLOQUE')":{"('0114-S-2006', 0)":"JUSTICIALISTA","('0114-S-2006', 1)":"JUSTICIALISTA"},"('Tramites', 'C\u00c1MARA')":{"('0114-S-2006', 0)":"Senado","('0114-S-2006', 1)":null},"('Tramites', 'MOVIMIENTO')":{"('0114-S-2006', 0)":"REPRODUCIDO POR EXPEDIENTE 0074-S-08","('0114-S-2006', 1)":null},"('Tramites', 'FECHA')":{"('0114-S-2006', 0)":null,"('0114-S-2006', 1)":null},"('Tramites', 'RESULTADO')":{"('0114-S-2006', 0)":null,"('0114-S-2006', 1)":null},"Sumario":{"('0114-S-2006', 0)":"INCORPORACION DEL INCISO H) AL ARTICULO 5 (INEMBARGABILIDAD E INEJECUTABILIDAD DEL PATRIMONIO BIBLIOGRAFICO Y DEL INVENTARIO INFORMATICO).","('0114-S-2006', 1)":null},"Palabra Clave":{"('0114-S-2006', 0)":" ","('0114-S-2006', 1)":null}}