{"Tipo de Proyecto":{"('0117-PE-2006', 0)":"MENSAJE NRO: 0945\/06","('0117-PE-2006', 1)":null},"Iniciado en: ":{"('0117-PE-2006', 0)":"Senado","('0117-PE-2006', 1)":null},"Expediente Senado: ":{"('0117-PE-2006', 0)":"0117-PE-2006","('0117-PE-2006', 1)":null},"Publicado en: ":{"('0117-PE-2006', 0)":"DAE S.A. N\u00b0 6","('0117-PE-2006', 1)":null},"Fecha: ":{"('0117-PE-2006', 0)":"28\/07\/2006","('0117-PE-2006', 1)":null},"T\u00edtulo":{"('0117-PE-2006', 0)":"SOLICITA ACUERDO PARA DESIGNAR EMBAJADOR EXTRAORDINARIO Y PLENIPOTENCIARIO AL SE\u00d1OR LEOPOLDO ALFREDO BRAVO DE CONFORMIDAD CON LO DISPUESTO EN EL ARTICULO 5 DE LA LEY 20957. ","('0117-PE-2006', 1)":null},"('Firmantes', 'FIRMANTE')":{"('0117-PE-2006', 0)":"KIRCHNER, NESTOR CARLOS","('0117-PE-2006', 1)":null},"('Firmantes', 'DISTRITO')":{"('0117-PE-2006', 0)":null,"('0117-PE-2006', 1)":null},"('Firmantes', 'BLOQUE')":{"('0117-PE-2006', 0)":"PODER EJECUTIVO","('0117-PE-2006', 1)":null},"('Tramites', 'C\u00c1MARA')":{"('0117-PE-2006', 0)":"Senado","('0117-PE-2006', 1)":"Senado"},"('Tramites', 'MOVIMIENTO')":{"('0117-PE-2006', 0)":"MOCION SOBRE TABLAS CON DICTAMEN (AFIRMATIVA)","('0117-PE-2006', 1)":"CONSIDERACION Y APROBACION"},"('Tramites', 'FECHA')":{"('0117-PE-2006', 0)":"16\/08\/2006","('0117-PE-2006', 1)":"16\/08\/2006"},"('Tramites', 'RESULTADO')":{"('0117-PE-2006', 0)":null,"('0117-PE-2006', 1)":"APROBADO"},"Palabra Clave":{"('0117-PE-2006', 0)":" ","('0117-PE-2006', 1)":null}}