{"Tipo de Proyecto":{"('0118-S-2006', 0)":"PROYECTO DE LEY","('0118-S-2006', 1)":null,"('0118-S-2006', 2)":null,"('0118-S-2006', 3)":null},"Iniciado en: ":{"('0118-S-2006', 0)":"Senado","('0118-S-2006', 1)":null,"('0118-S-2006', 2)":null,"('0118-S-2006', 3)":null},"Expediente Diputados: ":{"('0118-S-2006', 0)":"0118-S-2006","('0118-S-2006', 1)":null,"('0118-S-2006', 2)":null,"('0118-S-2006', 3)":null},"Expediente Senado: ":{"('0118-S-2006', 0)":"0293-S-2006","('0118-S-2006', 1)":null,"('0118-S-2006', 2)":null,"('0118-S-2006', 3)":null},"Publicado en: ":{"('0118-S-2006', 0)":"Diario de Asuntos Entrados N\u00b0 14","('0118-S-2006', 1)":null,"('0118-S-2006', 2)":null,"('0118-S-2006', 3)":null},"Fecha: ":{"('0118-S-2006', 0)":"08\/03\/2006","('0118-S-2006', 1)":null,"('0118-S-2006', 2)":null,"('0118-S-2006', 3)":null},"T\u00edtulo":{"('0118-S-2006', 0)":"DESIGNACION CON EL NOMBRE DE CEFERINO NAMUNCURA A LA RUTA NACIONAL 22, CUYA TRAYECTORIA VA DESDE BAHIA BLANCA, PROVINCIA DE BUENOS AIRES, HASTA PINO HACHADO, PROVINCIA DE NEUQUEN (REPRODUCCION DEL EXPEDIENTE 0030-S-04).","('0118-S-2006', 1)":null,"('0118-S-2006', 2)":null,"('0118-S-2006', 3)":null},"('Firmantes', 'FIRMANTE')":{"('0118-S-2006', 0)":"ISIDORI, AMANDA","('0118-S-2006', 1)":null,"('0118-S-2006', 2)":null,"('0118-S-2006', 3)":null},"('Firmantes', 'DISTRITO')":{"('0118-S-2006', 0)":"RIO NEGRO","('0118-S-2006', 1)":null,"('0118-S-2006', 2)":null,"('0118-S-2006', 3)":null},"('Firmantes', 'BLOQUE')":{"('0118-S-2006', 0)":"UCR","('0118-S-2006', 1)":null,"('0118-S-2006', 2)":null,"('0118-S-2006', 3)":null},"('Giros', 'COMISI\u00d3N')":{"('0118-S-2006', 0)":"TRANSPORTES","('0118-S-2006', 1)":null,"('0118-S-2006', 2)":null,"('0118-S-2006', 3)":null},"('Tramites', 'C\u00c1MARA')":{"('0118-S-2006', 0)":"Senado","('0118-S-2006', 1)":"Senado","('0118-S-2006', 2)":"Diputados","('0118-S-2006', 3)":"Diputados"},"('Tramites', 'MOVIMIENTO')":{"('0118-S-2006', 0)":"CONSIDERACION Y APROBACION CONJUNTAMENTE PARA LOS EXPEDIENTES 0118-S-2006, 0293-S-2006 y 1828-S-2006","('0118-S-2006', 1)":"INSERCION DEL SENADOR GALLIA","('0118-S-2006', 2)":"PASA A DIPUTADOS - CONJUNTAMENTE PARA LOS EXPEDIENTES 0118-S-2006, 0293-S-2006 y 1828-S-2006","('0118-S-2006', 3)":"MOCION DE PREFERENCIA CON DICTAMEN (AFIRMATIVA)"},"('Tramites', 'FECHA')":{"('0118-S-2006', 0)":"30\/08\/2006","('0118-S-2006', 1)":"30\/08\/2006","('0118-S-2006', 2)":null,"('0118-S-2006', 3)":"18\/07\/2007"},"('Tramites', 'RESULTADO')":{"('0118-S-2006', 0)":"MEDIA SANCION","('0118-S-2006', 1)":null,"('0118-S-2006', 2)":null,"('0118-S-2006', 3)":null},"Link":{"('0118-S-2006', 0)":"http:\/\/www.senado.gov.ar\/parlamentario\/comisiones\/verExp\/293.06\/S\/PL","('0118-S-2006', 1)":null,"('0118-S-2006', 2)":null,"('0118-S-2006', 3)":null},"Palabra Clave":{"('0118-S-2006', 0)":" ","('0118-S-2006', 1)":null,"('0118-S-2006', 2)":null,"('0118-S-2006', 3)":null}}