{"Tipo de Proyecto":{"('0119-S-2006', 0)":"MENSAJE NRO: 0838\/06 Y PROYECTO DE LEY","('0119-S-2006', 1)":null,"('0119-S-2006', 2)":null,"('0119-S-2006', 3)":null,"('0119-S-2006', 4)":null,"('0119-S-2006', 5)":null},"Iniciado en: ":{"('0119-S-2006', 0)":"Senado","('0119-S-2006', 1)":null,"('0119-S-2006', 2)":null,"('0119-S-2006', 3)":null,"('0119-S-2006', 4)":null,"('0119-S-2006', 5)":null},"Expediente Diputados: ":{"('0119-S-2006', 0)":"0119-S-2006","('0119-S-2006', 1)":null,"('0119-S-2006', 2)":null,"('0119-S-2006', 3)":null,"('0119-S-2006', 4)":null,"('0119-S-2006', 5)":null},"Expediente Senado: ":{"('0119-S-2006', 0)":"0084-PE-2006","('0119-S-2006', 1)":null,"('0119-S-2006', 2)":null,"('0119-S-2006', 3)":null,"('0119-S-2006', 4)":null,"('0119-S-2006', 5)":null},"Publicado en: ":{"('0119-S-2006', 0)":"Diario de Asuntos Entrados N\u00b0 113","('0119-S-2006', 1)":null,"('0119-S-2006', 2)":null,"('0119-S-2006', 3)":null,"('0119-S-2006', 4)":null,"('0119-S-2006', 5)":null},"Fecha: ":{"('0119-S-2006', 0)":"13\/07\/2006","('0119-S-2006', 1)":null,"('0119-S-2006', 2)":null,"('0119-S-2006', 3)":null,"('0119-S-2006', 4)":null,"('0119-S-2006', 5)":null},"T\u00edtulo":{"('0119-S-2006', 0)":"APROBACION DEL PROTOCOLO CONSTITUTIVO DEL PARLAMENTO DEL MERCOSUR, SUSCRIPTO EN MONTEVIDEO, REPUBLICA ORIENTAL DEL URUGUAY, EL 9 DE DICIEMBRE DE 2005.","('0119-S-2006', 1)":null,"('0119-S-2006', 2)":null,"('0119-S-2006', 3)":null,"('0119-S-2006', 4)":null,"('0119-S-2006', 5)":null},"('Firmantes', 'FIRMANTE')":{"('0119-S-2006', 0)":"KIRCHNER, NESTOR CARLOS","('0119-S-2006', 1)":"FERNANDEZ, ALBERTO","('0119-S-2006', 2)":"TAIANA, JORGE ENRIQUE","('0119-S-2006', 3)":null,"('0119-S-2006', 4)":null,"('0119-S-2006', 5)":null},"('Firmantes', 'DISTRITO')":{"('0119-S-2006', 0)":null,"('0119-S-2006', 1)":null,"('0119-S-2006', 2)":null,"('0119-S-2006', 3)":null,"('0119-S-2006', 4)":null,"('0119-S-2006', 5)":null},"('Firmantes', 'BLOQUE')":{"('0119-S-2006', 0)":"PODER EJECUTIVO","('0119-S-2006', 1)":"PODER EJECUTIVO","('0119-S-2006', 2)":"PODER EJECUTIVO","('0119-S-2006', 3)":null,"('0119-S-2006', 4)":null,"('0119-S-2006', 5)":null},"('Giros', 'COMISI\u00d3N')":{"('0119-S-2006', 0)":"RELACIONES EXTERIORES Y CULTO","('0119-S-2006', 1)":"MERCOSUR","('0119-S-2006', 2)":null,"('0119-S-2006', 3)":null,"('0119-S-2006', 4)":null,"('0119-S-2006', 5)":null},"('Tramites', 'C\u00c1MARA')":{"('0119-S-2006', 0)":"Senado","('0119-S-2006', 1)":"Senado","('0119-S-2006', 2)":"Senado","('0119-S-2006', 3)":"Diputados","('0119-S-2006', 4)":"Diputados","('0119-S-2006', 5)":"Diputados"},"('Tramites', 'MOVIMIENTO')":{"('0119-S-2006', 0)":"MOCION SOBRE TABLAS (AFIRMATIVA)","('0119-S-2006', 1)":"CONSIDERACION Y APROBACION","('0119-S-2006', 2)":"INSERCION DE LOS SENADORES BAR, GIUSTINIANI, VIGO Y REUTEMANN","('0119-S-2006', 3)":"PASA A DIPUTADOS -","('0119-S-2006', 4)":"CONSIDERACION Y SANCION","('0119-S-2006', 5)":"INSERCION DEL DIPUTADO ATANASOF"},"('Tramites', 'FECHA')":{"('0119-S-2006', 0)":"30\/08\/2006","('0119-S-2006', 1)":"30\/08\/2006","('0119-S-2006', 2)":"30\/08\/2006","('0119-S-2006', 3)":null,"('0119-S-2006', 4)":"27\/09\/2006","('0119-S-2006', 5)":"27\/09\/2006"},"('Tramites', 'RESULTADO')":{"('0119-S-2006', 0)":null,"('0119-S-2006', 1)":"MEDIA SANCION","('0119-S-2006', 2)":null,"('0119-S-2006', 3)":null,"('0119-S-2006', 4)":"SANCIONADO","('0119-S-2006', 5)":null},"Link":{"('0119-S-2006', 0)":"http:\/\/www.senado.gov.ar\/web\/proyectos\/verExpe.php?origen=PE&nro_comision=&tipo=PL&numexp=84\/06&tConsulta=5","('0119-S-2006', 1)":null,"('0119-S-2006', 2)":null,"('0119-S-2006', 3)":null,"('0119-S-2006', 4)":null,"('0119-S-2006', 5)":null},"Palabra Clave":{"('0119-S-2006', 0)":" ","('0119-S-2006', 1)":null,"('0119-S-2006', 2)":null,"('0119-S-2006', 3)":null,"('0119-S-2006', 4)":null,"('0119-S-2006', 5)":null}}