{"Tipo de Proyecto":{"('0122-S-2006', 0)":"PROYECTO DE RESOLUCI\u00d3N","('0122-S-2006', 1)":null,"('0122-S-2006', 2)":null,"('0122-S-2006', 3)":null},"Iniciado en: ":{"('0122-S-2006', 0)":"Senado","('0122-S-2006', 1)":null,"('0122-S-2006', 2)":null,"('0122-S-2006', 3)":null},"Expediente Diputados: ":{"('0122-S-2006', 0)":"0122-S-2006","('0122-S-2006', 1)":null,"('0122-S-2006', 2)":null,"('0122-S-2006', 3)":null},"Expediente Senado: ":{"('0122-S-2006', 0)":"0652-OV-2004","('0122-S-2006', 1)":null,"('0122-S-2006', 2)":null,"('0122-S-2006', 3)":null},"Fecha: ":{"('0122-S-2006', 0)":"19\/05\/2006","('0122-S-2006', 1)":null,"('0122-S-2006', 2)":null,"('0122-S-2006', 3)":null},"T\u00edtulo":{"('0122-S-2006', 0)":"PEDIDO DE INFORMES AL PODER EJECUTIVO SOBRE RESOLUCIONES REMITIDAS POR LA AUDITORIA GENERAL DE LA NACION REFERENTES A LOS ESTADOS CONTABLES CORRESPONDIENTES AL EJERCICIO FINALIZADO EL 31 DE DICIEMBRE DE 2002 (0653-OV-04), Y A LA RESOLUCION AGN 206\/04 SOBRE LA \"EJECUCION PRESUPUESTARIA Y CONTROL INTERNO\" EJERCICIO AL 31 DE DICIEMBRE DE 2002 (0652-OV-04), Y DESCARGO EN RELACION A LA MISMA (0662-OV-04), EN EL AMBITO DE LA COMISION BINACIONAL PUENTE BUENOS AIRES - COLONIA (DELEGACION ARGENTINA). ","('0122-S-2006', 1)":null,"('0122-S-2006', 2)":null,"('0122-S-2006', 3)":null},"('Firmantes', 'FIRMANTE')":{"('0122-S-2006', 0)":"PARLAMENTARIA MIXTA REVISORA DE CUENTAS","('0122-S-2006', 1)":null,"('0122-S-2006', 2)":null,"('0122-S-2006', 3)":null},"('Firmantes', 'DISTRITO')":{"('0122-S-2006', 0)":null,"('0122-S-2006', 1)":null,"('0122-S-2006', 2)":null,"('0122-S-2006', 3)":null},"('Firmantes', 'BLOQUE')":{"('0122-S-2006', 0)":null,"('0122-S-2006', 1)":null,"('0122-S-2006', 2)":null,"('0122-S-2006', 3)":null},"('Giros', 'COMISI\u00d3N')":{"('0122-S-2006', 0)":"PARLAMENTARIA MIXTA REVISORA DE CUENTAS","('0122-S-2006', 1)":null,"('0122-S-2006', 2)":null,"('0122-S-2006', 3)":null},"('Tramites', 'C\u00c1MARA')":{"('0122-S-2006', 0)":"Senado","('0122-S-2006', 1)":"Diputados","('0122-S-2006', 2)":"Diputados","('0122-S-2006', 3)":"Diputados"},"('Tramites', 'MOVIMIENTO')":{"('0122-S-2006', 0)":"CONSIDERACION Y APROBACION","('0122-S-2006', 1)":"PASA A DIPUTADOS -","('0122-S-2006', 2)":"CONSIDERACION Y APROBACION","('0122-S-2006', 3)":"CONTESTACION DEL PODER EJECUTIVO NACIONAL - JEFE DE GABINETE DE MINISTROS - GIRADO A LA COMISION RESPECTIVA"},"('Tramites', 'FECHA')":{"('0122-S-2006', 0)":"30\/08\/2006","('0122-S-2006', 1)":null,"('0122-S-2006', 2)":"27\/09\/2006","('0122-S-2006', 3)":"28\/02\/2008"},"('Tramites', 'RESULTADO')":{"('0122-S-2006', 0)":"APROBADO","('0122-S-2006', 1)":null,"('0122-S-2006', 2)":"APROBADO","('0122-S-2006', 3)":null},"Link":{"('0122-S-2006', 0)":"http:\/\/www.senado.gov.ar\/parlamentario\/comisiones\/verExp\/652.04\/OV\/PR","('0122-S-2006', 1)":null,"('0122-S-2006', 2)":null,"('0122-S-2006', 3)":null},"Palabra Clave":{"('0122-S-2006', 0)":" ","('0122-S-2006', 1)":null,"('0122-S-2006', 2)":null,"('0122-S-2006', 3)":null}}