{"Tipo de Proyecto":{"('0123-S-2006', 0)":"PROYECTO DE RESOLUCI\u00d3N","('0123-S-2006', 1)":null,"('0123-S-2006', 2)":null,"('0123-S-2006', 3)":null},"Iniciado en: ":{"('0123-S-2006', 0)":"Senado","('0123-S-2006', 1)":null,"('0123-S-2006', 2)":null,"('0123-S-2006', 3)":null},"Expediente Diputados: ":{"('0123-S-2006', 0)":"0123-S-2006","('0123-S-2006', 1)":null,"('0123-S-2006', 2)":null,"('0123-S-2006', 3)":null},"Expediente Senado: ":{"('0123-S-2006', 0)":"0158-OV-2002","('0123-S-2006', 1)":null,"('0123-S-2006', 2)":null,"('0123-S-2006', 3)":null},"Fecha: ":{"('0123-S-2006', 0)":"19\/05\/2006","('0123-S-2006', 1)":null,"('0123-S-2006', 2)":null,"('0123-S-2006', 3)":null},"T\u00edtulo":{"('0123-S-2006', 0)":"PEDIDO DE INFORMES AL PODER EJECUTIVO SOBRE RESOLUCIONES REMITIDAS POR LA AUDITORIA GENERAL DE LA NACION REFERENTES A: ESTADOS CONTABLES, EJERCICIO AL 31 DE DICIEMBRE DE 2001 (0158-OV-02); MEMORANDO DE CONTROL INTERNO SOBRE LOS ESTADOS CONTABLES AL 31 DE DICIEMBRE DE 2001 (0101-OV-03); ESTADOS CONTABLES AL 31 DE DICIEMBRE DE 2002 (0370-OV-03); RESPUESTA REMITIDA POR JEFATURA DE GABINETE DE MINISTROS EN RELACION A LA RESOLUCION APROBADA POR LA H. CAMARA (0144-S-03) SOBRE LAS MEDIDAS ADOPTADAS EN EL SENO DEL BANCO DE LA NACION ARGENTINA PARA REGULARIZAR LAS SITUACIONES OBSERVADAS POR EL ORGANO DE CONTROL EXTERNO SOBRE LOS ESTADOS CONTABLES Y SOBRE EL CONTROL INTERNO CONTABLE, CORRESPONDIENTES A LOS EJERCICIOS FINALIZADOS EL 31 DE DICIEMBRE DE 1999 Y 31 DE DICIEMBRE DE 2000 (0160-OVD-04); LA TOMA DE CONOCIMIENTO DEL INFORME DEL AUDITOR REFERIDO A LOS ESTADOS CONTABLES POR EL PERIODO DE NUEVE MESES TERMINADO EL 30 DE SEPTIEMBRE DE 2003 (0194-OV-04); MEMORANDO DE CONTROL INTERNO SOBRE LOS ESTADOS CONTABLES AL 31 DE DICIEMBRE DE 2002 (0276-OV-04) Y AL 31 DE DICIEMBRE DE 2003 (0282-OV-04); REVISION LIMITADA DE LOS ESTADOS CONTABLES AL 31 DE MARZO DE 2004 (0598-OV-04); ESTADOS CONTABLES AL 30 DE JUNIO DE 2004 (0012-OV-05); ESTADOS CONTABLES POR EL PERIODO DE NUEVE MESES FINALIZADO EL 30 DE SEPTIEMBRE DE 2004 (0013-OV-05); MEMORIA ANUAL CORRESPONDIENTE AL EJERCICIO 2002 (0028-OV-05); ESTADOS CONTABLES AL 31 DE DICIEMBRE DE 2004 (0290-OV-05); EN EL AMBITO DEL BANCO DE LA NACION ARGENTINA.","('0123-S-2006', 1)":null,"('0123-S-2006', 2)":null,"('0123-S-2006', 3)":null},"('Firmantes', 'FIRMANTE')":{"('0123-S-2006', 0)":"PARLAMENTARIA MIXTA REVISORA DE CUENTAS","('0123-S-2006', 1)":null,"('0123-S-2006', 2)":null,"('0123-S-2006', 3)":null},"('Firmantes', 'DISTRITO')":{"('0123-S-2006', 0)":null,"('0123-S-2006', 1)":null,"('0123-S-2006', 2)":null,"('0123-S-2006', 3)":null},"('Firmantes', 'BLOQUE')":{"('0123-S-2006', 0)":null,"('0123-S-2006', 1)":null,"('0123-S-2006', 2)":null,"('0123-S-2006', 3)":null},"('Giros', 'COMISI\u00d3N')":{"('0123-S-2006', 0)":"PARLAMENTARIA MIXTA REVISORA DE CUENTAS","('0123-S-2006', 1)":null,"('0123-S-2006', 2)":null,"('0123-S-2006', 3)":null},"('Tramites', 'C\u00c1MARA')":{"('0123-S-2006', 0)":"Senado","('0123-S-2006', 1)":"Diputados","('0123-S-2006', 2)":"Diputados","('0123-S-2006', 3)":"Diputados"},"('Tramites', 'MOVIMIENTO')":{"('0123-S-2006', 0)":"CONSIDERACION Y APROBACION","('0123-S-2006', 1)":"PASA A DIPUTADOS -","('0123-S-2006', 2)":"CONSIDERACION Y APROBACION","('0123-S-2006', 3)":"CONTESTACION DEL PODER EJECUTIVO NACIONAL - JEFE DE GABINETE DE MINISTROS - GIRADO A LA COMISION RESPECTIVA"},"('Tramites', 'FECHA')":{"('0123-S-2006', 0)":"30\/08\/2006","('0123-S-2006', 1)":null,"('0123-S-2006', 2)":"04\/10\/2006","('0123-S-2006', 3)":"26\/12\/2007"},"('Tramites', 'RESULTADO')":{"('0123-S-2006', 0)":"APROBADO","('0123-S-2006', 1)":null,"('0123-S-2006', 2)":"APROBADO","('0123-S-2006', 3)":null},"Link":{"('0123-S-2006', 0)":"http:\/\/www.senado.gov.ar\/parlamentario\/comisiones\/verExp\/158.02\/OV\/PR","('0123-S-2006', 1)":null,"('0123-S-2006', 2)":null,"('0123-S-2006', 3)":null},"Palabra Clave":{"('0123-S-2006', 0)":" ","('0123-S-2006', 1)":null,"('0123-S-2006', 2)":null,"('0123-S-2006', 3)":null}}