{"Tipo de Proyecto":{"('0126-S-2006', 0)":"PROYECTO DE RESOLUCI\u00d3N","('0126-S-2006', 1)":null,"('0126-S-2006', 2)":null},"Iniciado en: ":{"('0126-S-2006', 0)":"Senado","('0126-S-2006', 1)":null,"('0126-S-2006', 2)":null},"Expediente Diputados: ":{"('0126-S-2006', 0)":"0126-S-2006","('0126-S-2006', 1)":null,"('0126-S-2006', 2)":null},"Expediente Senado: ":{"('0126-S-2006', 0)":"0032-OV-2005","('0126-S-2006', 1)":null,"('0126-S-2006', 2)":null},"Fecha: ":{"('0126-S-2006', 0)":"19\/05\/2006","('0126-S-2006', 1)":null,"('0126-S-2006', 2)":null},"T\u00edtulo":{"('0126-S-2006', 0)":"PEDIDO DE INFORMES AL PODER EJECUTIVO SOBRE RESOLUCION REMITIDA POR LA AUDITORIA GENERAL DE LA NACION ENVIANDO COPIA AUTENTICADA DE LA RESOLUCION 14\/05 SOBRE UNA AUDITORIA DE GESTION REALIZADA EN EL AMBITO DE LA SUPERINTENDENCIA DE SERVICIOS DE SALUD.","('0126-S-2006', 1)":null,"('0126-S-2006', 2)":null},"('Firmantes', 'FIRMANTE')":{"('0126-S-2006', 0)":"PARLAMENTARIA MIXTA REVISORA DE CUENTAS","('0126-S-2006', 1)":null,"('0126-S-2006', 2)":null},"('Firmantes', 'DISTRITO')":{"('0126-S-2006', 0)":null,"('0126-S-2006', 1)":null,"('0126-S-2006', 2)":null},"('Firmantes', 'BLOQUE')":{"('0126-S-2006', 0)":null,"('0126-S-2006', 1)":null,"('0126-S-2006', 2)":null},"('Giros', 'COMISI\u00d3N')":{"('0126-S-2006', 0)":"PARLAMENTARIA MIXTA REVISORA DE CUENTAS","('0126-S-2006', 1)":null,"('0126-S-2006', 2)":null},"('Tramites', 'C\u00c1MARA')":{"('0126-S-2006', 0)":"Senado","('0126-S-2006', 1)":"Diputados","('0126-S-2006', 2)":"Diputados"},"('Tramites', 'MOVIMIENTO')":{"('0126-S-2006', 0)":"CONSIDERACION Y APROBACION","('0126-S-2006', 1)":"PASA A DIPUTADOS -","('0126-S-2006', 2)":"CONSIDERACION Y APROBACION"},"('Tramites', 'FECHA')":{"('0126-S-2006', 0)":"30\/08\/2006","('0126-S-2006', 1)":null,"('0126-S-2006', 2)":"04\/10\/2006"},"('Tramites', 'RESULTADO')":{"('0126-S-2006', 0)":"APROBADO","('0126-S-2006', 1)":null,"('0126-S-2006', 2)":"APROBADO"},"Link":{"('0126-S-2006', 0)":"http:\/\/www.senado.gov.ar\/parlamentario\/comisiones\/verExp\/32.05\/OV\/PR","('0126-S-2006', 1)":null,"('0126-S-2006', 2)":null},"Palabra Clave":{"('0126-S-2006', 0)":" ","('0126-S-2006', 1)":null,"('0126-S-2006', 2)":null}}