{"Tipo de Proyecto":{"('0127-S-2006', 0)":"PROYECTO DE RESOLUCI\u00d3N","('0127-S-2006', 1)":null,"('0127-S-2006', 2)":null,"('0127-S-2006', 3)":null},"Iniciado en: ":{"('0127-S-2006', 0)":"Senado","('0127-S-2006', 1)":null,"('0127-S-2006', 2)":null,"('0127-S-2006', 3)":null},"Expediente Diputados: ":{"('0127-S-2006', 0)":"0127-S-2006","('0127-S-2006', 1)":null,"('0127-S-2006', 2)":null,"('0127-S-2006', 3)":null},"Expediente Senado: ":{"('0127-S-2006', 0)":"0505-OVD-2005","('0127-S-2006', 1)":null,"('0127-S-2006', 2)":null,"('0127-S-2006', 3)":null},"Fecha: ":{"('0127-S-2006', 0)":"19\/05\/2006","('0127-S-2006', 1)":null,"('0127-S-2006', 2)":null,"('0127-S-2006', 3)":null},"T\u00edtulo":{"('0127-S-2006', 0)":"PEDIDO DE INFORMES AL PODER EJECUTIVO SOBRE: RESPUESTA REMITIDA POR LA JEFATURA DE GABINETE DE MINISTROS EN RELACION A LA RESOLUCION APROBADA POR LA H. CAMARA (0259-S-04) SOBRE LAS MEDIDAS ADOPTADAS PARA CORREGIR Y REGULARIZAR LAS SITUACIONES OBSERVADAS POR LA AUDITORIA GENERAL DE LA NACION EN EL AMBITO DEL COMITE FEDERAL DE RADIODIFUSION Y EN LA COMISION NACIONAL DE COMUNICACIONES (0505-OVD-05); Y COMUNICACION DE UNA RESOLUCION DE LA AUDITORIA GENERAL DE LA NACION REFERENTE A UN INFORME RELATIVO A LA ADJUDICACION DE LICENCIAS DE RADIODIFUSION Y TELEVISION Y EL CUMPLIMIENTO DE LA NORMATIVA VIGENTE Y DESCARGO (0465-OV-05).","('0127-S-2006', 1)":null,"('0127-S-2006', 2)":null,"('0127-S-2006', 3)":null},"('Firmantes', 'FIRMANTE')":{"('0127-S-2006', 0)":"PARLAMENTARIA MIXTA REVISORA DE CUENTAS","('0127-S-2006', 1)":null,"('0127-S-2006', 2)":null,"('0127-S-2006', 3)":null},"('Firmantes', 'DISTRITO')":{"('0127-S-2006', 0)":null,"('0127-S-2006', 1)":null,"('0127-S-2006', 2)":null,"('0127-S-2006', 3)":null},"('Firmantes', 'BLOQUE')":{"('0127-S-2006', 0)":null,"('0127-S-2006', 1)":null,"('0127-S-2006', 2)":null,"('0127-S-2006', 3)":null},"('Giros', 'COMISI\u00d3N')":{"('0127-S-2006', 0)":"PARLAMENTARIA MIXTA REVISORA DE CUENTAS","('0127-S-2006', 1)":null,"('0127-S-2006', 2)":null,"('0127-S-2006', 3)":null},"('Tramites', 'C\u00c1MARA')":{"('0127-S-2006', 0)":"Senado","('0127-S-2006', 1)":"Diputados","('0127-S-2006', 2)":"Diputados","('0127-S-2006', 3)":"Diputados"},"('Tramites', 'MOVIMIENTO')":{"('0127-S-2006', 0)":"CONSIDERACION Y APROBACION","('0127-S-2006', 1)":"PASA A DIPUTADOS -","('0127-S-2006', 2)":"CONSIDERACION Y APROBACION","('0127-S-2006', 3)":"CONTESTACION DEL PODER EJECUTIVO NACIONAL - JEFE DE GABINETE DE MINISTROS - GIRADO A LA COMISION RESPECTIVA"},"('Tramites', 'FECHA')":{"('0127-S-2006', 0)":"30\/08\/2006","('0127-S-2006', 1)":null,"('0127-S-2006', 2)":"04\/10\/2006","('0127-S-2006', 3)":"07\/11\/2007"},"('Tramites', 'RESULTADO')":{"('0127-S-2006', 0)":"APROBADO","('0127-S-2006', 1)":null,"('0127-S-2006', 2)":"APROBADO","('0127-S-2006', 3)":null},"Link":{"('0127-S-2006', 0)":"http:\/\/www.senado.gov.ar\/parlamentario\/comisiones\/verExp\/505.05\/OVD\/PR","('0127-S-2006', 1)":null,"('0127-S-2006', 2)":null,"('0127-S-2006', 3)":null},"Palabra Clave":{"('0127-S-2006', 0)":" ","('0127-S-2006', 1)":null,"('0127-S-2006', 2)":null,"('0127-S-2006', 3)":null}}