{"Tipo de Proyecto":{"('0129-S-2006', 0)":"PROYECTO DE RESOLUCI\u00d3N","('0129-S-2006', 1)":null,"('0129-S-2006', 2)":null},"Iniciado en: ":{"('0129-S-2006', 0)":"Senado","('0129-S-2006', 1)":null,"('0129-S-2006', 2)":null},"Expediente Diputados: ":{"('0129-S-2006', 0)":"0129-S-2006","('0129-S-2006', 1)":null,"('0129-S-2006', 2)":null},"Expediente Senado: ":{"('0129-S-2006', 0)":"0248-OV-2005","('0129-S-2006', 1)":null,"('0129-S-2006', 2)":null},"Fecha: ":{"('0129-S-2006', 0)":"13\/06\/2006","('0129-S-2006', 1)":null,"('0129-S-2006', 2)":null},"T\u00edtulo":{"('0129-S-2006', 0)":"PEDIDO DE INFORMES AL PODER EJECUTIVO SOBRE RESOLUCION REMITIDA POR LA AUDITORIA GENERAL DE LA NACION REFERENTE A LOS ESTADOS FINANCIEROS POR EL EJERCICIO FINALIZADO EL 31 DE DICIEMBRE DE 2004 CORRESPONDIENTE AL PROYECTO DE REHABILITACION Y MANTENIMIENTO DE RUTAS NACIONALES, CONVENIO DE PRESTAMO 4295-AR.","('0129-S-2006', 1)":null,"('0129-S-2006', 2)":null},"('Firmantes', 'FIRMANTE')":{"('0129-S-2006', 0)":"PARLAMENTARIA MIXTA REVISORA DE CUENTAS","('0129-S-2006', 1)":null,"('0129-S-2006', 2)":null},"('Firmantes', 'DISTRITO')":{"('0129-S-2006', 0)":null,"('0129-S-2006', 1)":null,"('0129-S-2006', 2)":null},"('Firmantes', 'BLOQUE')":{"('0129-S-2006', 0)":null,"('0129-S-2006', 1)":null,"('0129-S-2006', 2)":null},"('Giros', 'COMISI\u00d3N')":{"('0129-S-2006', 0)":"PARLAMENTARIA MIXTA REVISORA DE CUENTAS","('0129-S-2006', 1)":null,"('0129-S-2006', 2)":null},"('Tramites', 'C\u00c1MARA')":{"('0129-S-2006', 0)":"Senado","('0129-S-2006', 1)":"Diputados","('0129-S-2006', 2)":"Diputados"},"('Tramites', 'MOVIMIENTO')":{"('0129-S-2006', 0)":"CONSIDERACION Y APROBACION","('0129-S-2006', 1)":"PASA A DIPUTADOS -","('0129-S-2006', 2)":"CONSIDERACION Y APROBACION"},"('Tramites', 'FECHA')":{"('0129-S-2006', 0)":"30\/08\/2006","('0129-S-2006', 1)":null,"('0129-S-2006', 2)":"04\/10\/2006"},"('Tramites', 'RESULTADO')":{"('0129-S-2006', 0)":"APROBADO","('0129-S-2006', 1)":null,"('0129-S-2006', 2)":"APROBADO"},"Link":{"('0129-S-2006', 0)":"http:\/\/www.senado.gov.ar\/parlamentario\/comisiones\/verExp\/248.05\/OV\/PR","('0129-S-2006', 1)":null,"('0129-S-2006', 2)":null},"Palabra Clave":{"('0129-S-2006', 0)":" ","('0129-S-2006', 1)":null,"('0129-S-2006', 2)":null}}