{"Tipo de Proyecto":{"('0132-S-2006', 0)":"PROYECTO DE RESOLUCI\u00d3N","('0132-S-2006', 1)":null,"('0132-S-2006', 2)":null,"('0132-S-2006', 3)":null},"Iniciado en: ":{"('0132-S-2006', 0)":"Senado","('0132-S-2006', 1)":null,"('0132-S-2006', 2)":null,"('0132-S-2006', 3)":null},"Expediente Diputados: ":{"('0132-S-2006', 0)":"0132-S-2006","('0132-S-2006', 1)":null,"('0132-S-2006', 2)":null,"('0132-S-2006', 3)":null},"Expediente Senado: ":{"('0132-S-2006', 0)":"0366-OV-2005","('0132-S-2006', 1)":null,"('0132-S-2006', 2)":null,"('0132-S-2006', 3)":null},"Fecha: ":{"('0132-S-2006', 0)":"13\/06\/2006","('0132-S-2006', 1)":null,"('0132-S-2006', 2)":null,"('0132-S-2006', 3)":null},"T\u00edtulo":{"('0132-S-2006', 0)":"PEDIDO DE INFORMES AL PODER EJECUTIVO SOBRE RESOLUCION REMITIDA POR LA AUDITORIA GENERAL DE LA NACION REFERENTE A LOS ESTADOS FINANCIEROS POR EL EJERCICIO FINALIZADO EL 31 DE DICIEMBRE DE 2004 CORRESPONDIENTES AL PROYECTO DE SISTEMA DE IDENTIFICACION NACIONAL TRIBUTARIO Y SOCIAL (SINTYS) - CONVENIO DE PRESTAMO 4459-AR BIRF.","('0132-S-2006', 1)":null,"('0132-S-2006', 2)":null,"('0132-S-2006', 3)":null},"('Firmantes', 'FIRMANTE')":{"('0132-S-2006', 0)":"PARLAMENTARIA MIXTA REVISORA DE CUENTAS","('0132-S-2006', 1)":null,"('0132-S-2006', 2)":null,"('0132-S-2006', 3)":null},"('Firmantes', 'DISTRITO')":{"('0132-S-2006', 0)":null,"('0132-S-2006', 1)":null,"('0132-S-2006', 2)":null,"('0132-S-2006', 3)":null},"('Firmantes', 'BLOQUE')":{"('0132-S-2006', 0)":null,"('0132-S-2006', 1)":null,"('0132-S-2006', 2)":null,"('0132-S-2006', 3)":null},"('Giros', 'COMISI\u00d3N')":{"('0132-S-2006', 0)":"PARLAMENTARIA MIXTA REVISORA DE CUENTAS","('0132-S-2006', 1)":null,"('0132-S-2006', 2)":null,"('0132-S-2006', 3)":null},"('Tramites', 'C\u00c1MARA')":{"('0132-S-2006', 0)":"Senado","('0132-S-2006', 1)":"Diputados","('0132-S-2006', 2)":"Diputados","('0132-S-2006', 3)":"Diputados"},"('Tramites', 'MOVIMIENTO')":{"('0132-S-2006', 0)":"CONSIDERACION Y APROBACION","('0132-S-2006', 1)":"PASA A DIPUTADOS -","('0132-S-2006', 2)":"CONSIDERACION Y APROBACION","('0132-S-2006', 3)":"CONTESTACION DEL PODER EJECUTIVO NACIONAL - JEFE DE GABINETE DE MINISTROS - GIRADO A LA COMISION RESPECTIVA"},"('Tramites', 'FECHA')":{"('0132-S-2006', 0)":"30\/08\/2006","('0132-S-2006', 1)":null,"('0132-S-2006', 2)":"04\/10\/2006","('0132-S-2006', 3)":"25\/04\/2007"},"('Tramites', 'RESULTADO')":{"('0132-S-2006', 0)":"APROBADO","('0132-S-2006', 1)":null,"('0132-S-2006', 2)":"APROBADO","('0132-S-2006', 3)":null},"Link":{"('0132-S-2006', 0)":"http:\/\/www.senado.gov.ar\/parlamentario\/comisiones\/verExp\/366.05\/OV\/PR","('0132-S-2006', 1)":null,"('0132-S-2006', 2)":null,"('0132-S-2006', 3)":null},"Palabra Clave":{"('0132-S-2006', 0)":" ","('0132-S-2006', 1)":null,"('0132-S-2006', 2)":null,"('0132-S-2006', 3)":null}}