{"Tipo de Proyecto":{"('0132-D-2006', 0)":"PROYECTO DE RESOLUCI\u00d3N"},"Iniciado en: ":{"('0132-D-2006', 0)":"Diputados"},"Expediente Diputados: ":{"('0132-D-2006', 0)":"0132-D-2006"},"Publicado en: ":{"('0132-D-2006', 0)":"Tr\u00e1mite Parlamentario N\u00b0 2"},"Fecha: ":{"('0132-D-2006', 0)":"02\/03\/2007"},"T\u00edtulo":{"('0132-D-2006', 0)":"SOLICITAR AL PODER EJECUTIVO DISPONGA PROVEER DE EQUIPAMIENTO Y PERSONAL AL CENTRO DEL SERVICIO NACIONAL DE CHAGAS DE LA PROVINCIA DE CATAMARCA PARA LA REALIZACION DE CONTROLES Y DESINFECCION DE HOGARES.  "},"('Firmantes', 'FIRMANTE')":{"('0132-D-2006', 0)":"PASTORIZA, EDUARDO ANTONIO"},"('Firmantes', 'DISTRITO')":{"('0132-D-2006', 0)":"CATAMARCA"},"('Firmantes', 'BLOQUE')":{"('0132-D-2006', 0)":"FRENTE PARA LA VICTORIA - PJ"},"('Giros', 'COMISI\u00d3N')":{"('0132-D-2006', 0)":"ACCION SOCIAL Y SALUD PUBLICA"},"Palabra Clave":{"('0132-D-2006', 0)":" "}}