{"Tipo de Proyecto":{"('0134-S-2006', 0)":"PROYECTO DE RESOLUCI\u00d3N","('0134-S-2006', 1)":null,"('0134-S-2006', 2)":null,"('0134-S-2006', 3)":null},"Iniciado en: ":{"('0134-S-2006', 0)":"Senado","('0134-S-2006', 1)":null,"('0134-S-2006', 2)":null,"('0134-S-2006', 3)":null},"Expediente Diputados: ":{"('0134-S-2006', 0)":"0134-S-2006","('0134-S-2006', 1)":null,"('0134-S-2006', 2)":null,"('0134-S-2006', 3)":null},"Expediente Senado: ":{"('0134-S-2006', 0)":"0606-OV-2004","('0134-S-2006', 1)":null,"('0134-S-2006', 2)":null,"('0134-S-2006', 3)":null},"Fecha: ":{"('0134-S-2006', 0)":"13\/06\/2006","('0134-S-2006', 1)":null,"('0134-S-2006', 2)":null,"('0134-S-2006', 3)":null},"T\u00edtulo":{"('0134-S-2006', 0)":"PEDIDO DE INFORMES AL PODER EJECUTIVO SOBRE RESOLUCION REMITIDA POR LA AUDITORIA GENERAL DE LA NACION REFERENTE A LA GESTION DE TODOS LOS ASPECTOS RELATIVOS A LA EMISION DE GASES CONTAMINANTES, RUIDOS Y RADIACIONES PARASITAS PROVENIENTES DE VEHICULOS AUTOMOTORES NUEVOS DE PASAJEROS Y DE CARGA, EN EL AMBITO DE LA SECRETARIA DE AMBIENTE Y DESARROLLO HUMANO.","('0134-S-2006', 1)":null,"('0134-S-2006', 2)":null,"('0134-S-2006', 3)":null},"('Firmantes', 'FIRMANTE')":{"('0134-S-2006', 0)":"PARLAMENTARIA MIXTA REVISORA DE CUENTAS","('0134-S-2006', 1)":null,"('0134-S-2006', 2)":null,"('0134-S-2006', 3)":null},"('Firmantes', 'DISTRITO')":{"('0134-S-2006', 0)":null,"('0134-S-2006', 1)":null,"('0134-S-2006', 2)":null,"('0134-S-2006', 3)":null},"('Firmantes', 'BLOQUE')":{"('0134-S-2006', 0)":null,"('0134-S-2006', 1)":null,"('0134-S-2006', 2)":null,"('0134-S-2006', 3)":null},"('Giros', 'COMISI\u00d3N')":{"('0134-S-2006', 0)":"PARLAMENTARIA MIXTA REVISORA DE CUENTAS","('0134-S-2006', 1)":null,"('0134-S-2006', 2)":null,"('0134-S-2006', 3)":null},"('Tramites', 'C\u00c1MARA')":{"('0134-S-2006', 0)":"Senado","('0134-S-2006', 1)":"Diputados","('0134-S-2006', 2)":"Diputados","('0134-S-2006', 3)":"Diputados"},"('Tramites', 'MOVIMIENTO')":{"('0134-S-2006', 0)":"CONSIDERACION Y APROBACION","('0134-S-2006', 1)":"PASA A DIPUTADOS -","('0134-S-2006', 2)":"CONSIDERACION Y APROBACION","('0134-S-2006', 3)":"CONTESTACION DEL PODER EJECUTIVO NACIONAL - JEFE DE GABINETE DE MINISTROS - GIRADO A LA COMISION RESPECTIVA"},"('Tramites', 'FECHA')":{"('0134-S-2006', 0)":"30\/08\/2006","('0134-S-2006', 1)":null,"('0134-S-2006', 2)":"04\/10\/2006","('0134-S-2006', 3)":"07\/11\/2007"},"('Tramites', 'RESULTADO')":{"('0134-S-2006', 0)":"APROBADO","('0134-S-2006', 1)":null,"('0134-S-2006', 2)":"APROBADO","('0134-S-2006', 3)":null},"Link":{"('0134-S-2006', 0)":"http:\/\/www.senado.gov.ar\/parlamentario\/comisiones\/verExp\/606.04\/OV\/PR","('0134-S-2006', 1)":null,"('0134-S-2006', 2)":null,"('0134-S-2006', 3)":null},"Palabra Clave":{"('0134-S-2006', 0)":" ","('0134-S-2006', 1)":null,"('0134-S-2006', 2)":null,"('0134-S-2006', 3)":null}}