{"Tipo de Proyecto":{"('0136-S-2006', 0)":"PROYECTO DE RESOLUCI\u00d3N","('0136-S-2006', 1)":null,"('0136-S-2006', 2)":null,"('0136-S-2006', 3)":null},"Iniciado en: ":{"('0136-S-2006', 0)":"Senado","('0136-S-2006', 1)":null,"('0136-S-2006', 2)":null,"('0136-S-2006', 3)":null},"Expediente Diputados: ":{"('0136-S-2006', 0)":"0136-S-2006","('0136-S-2006', 1)":null,"('0136-S-2006', 2)":null,"('0136-S-2006', 3)":null},"Expediente Senado: ":{"('0136-S-2006', 0)":"0361-OV-2005","('0136-S-2006', 1)":null,"('0136-S-2006', 2)":null,"('0136-S-2006', 3)":null},"Fecha: ":{"('0136-S-2006', 0)":"16\/06\/2006","('0136-S-2006', 1)":null,"('0136-S-2006', 2)":null,"('0136-S-2006', 3)":null},"T\u00edtulo":{"('0136-S-2006', 0)":"PEDIDO DE INFORMES AL PODER EJECUTIVO SOBRE RESOLUCION REMITIDA POR LA AUDITORIA GENERAL DE LA NACION REFERENTE A LOS ESTADOS FINANCIEROS AL 31 DE DICIEMBRE DE 2004 CORRESPONDIENTES AL PROYECTO DE PREVENCION DE LA CONTAMINACION COSTERA Y GESTION DE LA DIVERSIDAD BIOLOGICA MARINA, CONVENIO DE DONACION BIRF GEF TF 28385.","('0136-S-2006', 1)":null,"('0136-S-2006', 2)":null,"('0136-S-2006', 3)":null},"('Firmantes', 'FIRMANTE')":{"('0136-S-2006', 0)":"PARLAMENTARIA MIXTA REVISORA DE CUENTAS","('0136-S-2006', 1)":null,"('0136-S-2006', 2)":null,"('0136-S-2006', 3)":null},"('Firmantes', 'DISTRITO')":{"('0136-S-2006', 0)":null,"('0136-S-2006', 1)":null,"('0136-S-2006', 2)":null,"('0136-S-2006', 3)":null},"('Firmantes', 'BLOQUE')":{"('0136-S-2006', 0)":null,"('0136-S-2006', 1)":null,"('0136-S-2006', 2)":null,"('0136-S-2006', 3)":null},"('Giros', 'COMISI\u00d3N')":{"('0136-S-2006', 0)":"PARLAMENTARIA MIXTA REVISORA DE CUENTAS","('0136-S-2006', 1)":null,"('0136-S-2006', 2)":null,"('0136-S-2006', 3)":null},"('Tramites', 'C\u00c1MARA')":{"('0136-S-2006', 0)":"Senado","('0136-S-2006', 1)":"Diputados","('0136-S-2006', 2)":"Diputados","('0136-S-2006', 3)":"Diputados"},"('Tramites', 'MOVIMIENTO')":{"('0136-S-2006', 0)":"CONSIDERACION Y APROBACION","('0136-S-2006', 1)":"PASA A DIPUTADOS -","('0136-S-2006', 2)":"CONSIDERACION Y APROBACION","('0136-S-2006', 3)":"CONTESTACION DEL PODER EJECUTIVO NACIONAL - JEFE DE GABINETE DE MINISTROS - GIRADO A LA COMISION RESPECTIVA"},"('Tramites', 'FECHA')":{"('0136-S-2006', 0)":"30\/08\/2006","('0136-S-2006', 1)":null,"('0136-S-2006', 2)":"04\/10\/2006","('0136-S-2006', 3)":"07\/11\/2007"},"('Tramites', 'RESULTADO')":{"('0136-S-2006', 0)":"APROBADO","('0136-S-2006', 1)":null,"('0136-S-2006', 2)":"APROBADO","('0136-S-2006', 3)":null},"Link":{"('0136-S-2006', 0)":"http:\/\/www.senado.gov.ar\/parlamentario\/comisiones\/verExp\/361.05\/OV\/PR","('0136-S-2006', 1)":null,"('0136-S-2006', 2)":null,"('0136-S-2006', 3)":null},"Palabra Clave":{"('0136-S-2006', 0)":" ","('0136-S-2006', 1)":null,"('0136-S-2006', 2)":null,"('0136-S-2006', 3)":null}}