{"Tipo de Proyecto":{"('0137-CD-2006', 0)":"PROYECTO DE LEY","('0137-CD-2006', 1)":null,"('0137-CD-2006', 2)":null},"Iniciado en: ":{"('0137-CD-2006', 0)":"Senado","('0137-CD-2006', 1)":null,"('0137-CD-2006', 2)":null},"Expediente Diputados: ":{"('0137-CD-2006', 0)":"0137-CD-2006","('0137-CD-2006', 1)":null,"('0137-CD-2006', 2)":null},"Expediente Senado: ":{"('0137-CD-2006', 0)":"1599-S-2006","('0137-CD-2006', 1)":null,"('0137-CD-2006', 2)":null},"Publicado en: ":{"('0137-CD-2006', 0)":"Diario de Asuntos Entrados N\u00b0 70","('0137-CD-2006', 1)":null,"('0137-CD-2006', 2)":null},"Fecha: ":{"('0137-CD-2006', 0)":"17\/05\/2006","('0137-CD-2006', 1)":null,"('0137-CD-2006', 2)":null},"T\u00edtulo":{"('0137-CD-2006', 0)":"DECLARAR EN TODO EL TERRITORIO NACIONAL Y POR EL TERMINO DE CUATRO (4) A\u00d1OS LA EMERGENCIA DE LA PROPIEDAD DE TIERRAS OCUPADA TRADICIONALMENTE POR LA COMUNIDAD INDIGENA.","('0137-CD-2006', 1)":null,"('0137-CD-2006', 2)":null},"('Firmantes', 'FIRMANTE')":{"('0137-CD-2006', 0)":"KIRCHNER, ALICIA","('0137-CD-2006', 1)":"FELLNER, LILIANA BEATRIZ","('0137-CD-2006', 2)":null},"('Firmantes', 'DISTRITO')":{"('0137-CD-2006', 0)":"SANTA CRUZ","('0137-CD-2006', 1)":"JUJUY","('0137-CD-2006', 2)":null},"('Firmantes', 'BLOQUE')":{"('0137-CD-2006', 0)":"JUSTICIALISTA","('0137-CD-2006', 1)":"JUSTICIALISTA","('0137-CD-2006', 2)":null},"('Giros', 'COMISI\u00d3N')":{"('0137-CD-2006', 0)":"JUSTICIA","('0137-CD-2006', 1)":"POBLACION Y DESARROLLO HUMANO","('0137-CD-2006', 2)":"PRESUPUESTO Y HACIENDA"},"('Tramites', 'C\u00c1MARA')":{"('0137-CD-2006', 0)":"Senado","('0137-CD-2006', 1)":"Diputados","('0137-CD-2006', 2)":"Diputados"},"('Tramites', 'MOVIMIENTO')":{"('0137-CD-2006', 0)":"CONSIDERACION Y APROBACION CON MODIFICACIONES CONJUNTAMENTE PARA LOS EXPEDIENTES 0112-S-2006, 0402-S-2006, 0137-CD-2006 y 1599-S-2006","('0137-CD-2006', 1)":"PASA A DIPUTADOS - CONJUNTAMENTE PARA LOS EXPEDIENTES 0112-S-2006, 0402-S-2006, 0137-CD-2006 y 1599-S-2006","('0137-CD-2006', 2)":"CONSIDERACION Y SANCION CONJUNTAMENTE PARA LOS EXPEDIENTES 0112-S-2006, 0402-S-2006, 0137-CD-2006 y 1599-S-2006"},"('Tramites', 'FECHA')":{"('0137-CD-2006', 0)":"16\/08\/2006","('0137-CD-2006', 1)":null,"('0137-CD-2006', 2)":"01\/11\/2006"},"('Tramites', 'RESULTADO')":{"('0137-CD-2006', 0)":"MEDIA SANCION","('0137-CD-2006', 1)":null,"('0137-CD-2006', 2)":"SANCIONADO"},"Sumario":{"('0137-CD-2006', 0)":"SUSPENSION DEL TRAMITE DE EJECUCION DE SENTENCIAS DE DESALOJO; CREACION DE UN FONDO ESPECIAL PARA LA ASISTENCIA DE LAS COMUNIDADES INDIGENAS DEL PAIS; RECURSOS.","('0137-CD-2006', 1)":null,"('0137-CD-2006', 2)":null},"Palabra Clave":{"('0137-CD-2006', 0)":" ","('0137-CD-2006', 1)":null,"('0137-CD-2006', 2)":null}}