{"Tipo de Proyecto":{"('0137-S-2006', 0)":"PROYECTO DE RESOLUCI\u00d3N","('0137-S-2006', 1)":null,"('0137-S-2006', 2)":null,"('0137-S-2006', 3)":null,"('0137-S-2006', 4)":null},"Iniciado en: ":{"('0137-S-2006', 0)":"Senado","('0137-S-2006', 1)":null,"('0137-S-2006', 2)":null,"('0137-S-2006', 3)":null,"('0137-S-2006', 4)":null},"Expediente Diputados: ":{"('0137-S-2006', 0)":"0137-S-2006","('0137-S-2006', 1)":null,"('0137-S-2006', 2)":null,"('0137-S-2006', 3)":null,"('0137-S-2006', 4)":null},"Expediente Senado: ":{"('0137-S-2006', 0)":"0502-OVD-2004","('0137-S-2006', 1)":null,"('0137-S-2006', 2)":null,"('0137-S-2006', 3)":null,"('0137-S-2006', 4)":null},"Fecha: ":{"('0137-S-2006', 0)":"21\/06\/2006","('0137-S-2006', 1)":null,"('0137-S-2006', 2)":null,"('0137-S-2006', 3)":null,"('0137-S-2006', 4)":null},"T\u00edtulo":{"('0137-S-2006', 0)":"PEDIDO DE INFORMES AL PODER EJECUTIVO SOBRE: RESPUESTA DE LA JEFATURA DE GABINETE DE MINISTROS EN RELACION A LA RESOLUCION APROBADA POR LA H CAMARA (0152-S-03) SOBRE LAS MEDIDAS ADOPTADAS PARA SUPERAR LAS SITUACIONES OBSERVADAS POR LA AUDITORIA GENERAL DE LA NACION CON MOTIVO DE LOS ESTADOS FINANCIEROS AL 31 DE DICIEMBRE DE 2000 Y 31 DE DICIEMBRE DE 2001 DEL PROYECTO DE REDUCCION DE LAS SUSTANCIAS QUE AGOTAN LA CAPA DE OZONO - CONVENIO DE DONACION DE LOS FONDOS PROVENIENTES DEL PROTOCOLO DE MONTREAL OTF 22013 (0502-OVD-04); LOS ESTADOS FINANCIEROS AL 31 DE DICIEMBRE DE 2005 DEL MENCIONADO PROYECTO (0344-OV-05).","('0137-S-2006', 1)":null,"('0137-S-2006', 2)":null,"('0137-S-2006', 3)":null,"('0137-S-2006', 4)":null},"('Firmantes', 'FIRMANTE')":{"('0137-S-2006', 0)":"PARLAMENTARIA MIXTA REVISORA DE CUENTAS","('0137-S-2006', 1)":null,"('0137-S-2006', 2)":null,"('0137-S-2006', 3)":null,"('0137-S-2006', 4)":null},"('Firmantes', 'DISTRITO')":{"('0137-S-2006', 0)":null,"('0137-S-2006', 1)":null,"('0137-S-2006', 2)":null,"('0137-S-2006', 3)":null,"('0137-S-2006', 4)":null},"('Firmantes', 'BLOQUE')":{"('0137-S-2006', 0)":null,"('0137-S-2006', 1)":null,"('0137-S-2006', 2)":null,"('0137-S-2006', 3)":null,"('0137-S-2006', 4)":null},"('Giros', 'COMISI\u00d3N')":{"('0137-S-2006', 0)":"PARLAMENTARIA MIXTA REVISORA DE CUENTAS","('0137-S-2006', 1)":null,"('0137-S-2006', 2)":null,"('0137-S-2006', 3)":null,"('0137-S-2006', 4)":null},"('Tramites', 'C\u00c1MARA')":{"('0137-S-2006', 0)":"Senado","('0137-S-2006', 1)":"Diputados","('0137-S-2006', 2)":"Diputados","('0137-S-2006', 3)":"Diputados","('0137-S-2006', 4)":"Diputados"},"('Tramites', 'MOVIMIENTO')":{"('0137-S-2006', 0)":"CONSIDERACION Y APROBACION","('0137-S-2006', 1)":"PASA A DIPUTADOS -","('0137-S-2006', 2)":"CONSIDERACION Y APROBACION","('0137-S-2006', 3)":"CONTESTACION DEL PODER EJECUTIVO NACIONAL - JEFE DE GABINETE DE MINISTROS - GIRADO A LA COMISION RESPECTIVA","('0137-S-2006', 4)":"CONTESTACION DEL PODER EJECUTIVO NACIONAL - JEFE DE GABINETE DE MINISTROS - GIRADO A LA COMISION RESPECTIVA"},"('Tramites', 'FECHA')":{"('0137-S-2006', 0)":"30\/08\/2006","('0137-S-2006', 1)":null,"('0137-S-2006', 2)":"04\/10\/2006","('0137-S-2006', 3)":"29\/11\/2006","('0137-S-2006', 4)":"25\/04\/2007"},"('Tramites', 'RESULTADO')":{"('0137-S-2006', 0)":"APROBADO","('0137-S-2006', 1)":null,"('0137-S-2006', 2)":"APROBADO","('0137-S-2006', 3)":null,"('0137-S-2006', 4)":null},"Link":{"('0137-S-2006', 0)":"http:\/\/www.senado.gov.ar\/parlamentario\/comisiones\/verExp\/502.04\/OVD\/PR","('0137-S-2006', 1)":null,"('0137-S-2006', 2)":null,"('0137-S-2006', 3)":null,"('0137-S-2006', 4)":null},"Palabra Clave":{"('0137-S-2006', 0)":" ","('0137-S-2006', 1)":null,"('0137-S-2006', 2)":null,"('0137-S-2006', 3)":null,"('0137-S-2006', 4)":null}}