{"Tipo de Proyecto":{"('0138-S-2006', 0)":"PROYECTO DE RESOLUCI\u00d3N","('0138-S-2006', 1)":null,"('0138-S-2006', 2)":null,"('0138-S-2006', 3)":null,"('0138-S-2006', 4)":null,"('0138-S-2006', 5)":null,"('0138-S-2006', 6)":null},"Iniciado en: ":{"('0138-S-2006', 0)":"Senado","('0138-S-2006', 1)":null,"('0138-S-2006', 2)":null,"('0138-S-2006', 3)":null,"('0138-S-2006', 4)":null,"('0138-S-2006', 5)":null,"('0138-S-2006', 6)":null},"Expediente Diputados: ":{"('0138-S-2006', 0)":"0138-S-2006","('0138-S-2006', 1)":null,"('0138-S-2006', 2)":null,"('0138-S-2006', 3)":null,"('0138-S-2006', 4)":null,"('0138-S-2006', 5)":null,"('0138-S-2006', 6)":null},"Expediente Senado: ":{"('0138-S-2006', 0)":"0422-OV-2005","('0138-S-2006', 1)":null,"('0138-S-2006', 2)":null,"('0138-S-2006', 3)":null,"('0138-S-2006', 4)":null,"('0138-S-2006', 5)":null,"('0138-S-2006', 6)":null},"Fecha: ":{"('0138-S-2006', 0)":"21\/06\/2006","('0138-S-2006', 1)":null,"('0138-S-2006', 2)":null,"('0138-S-2006', 3)":null,"('0138-S-2006', 4)":null,"('0138-S-2006', 5)":null,"('0138-S-2006', 6)":null},"T\u00edtulo":{"('0138-S-2006', 0)":"PEDIDO DE INFORMES AL PODER EJECUTIVO SOBRE RESOLUCION REMITIDA POR LA AUDITORIA GENERAL DE LA NACION REFERENTE A LOS ESTADOS FINANCIEROS POR EL EJERCICIO FINALIZADO EL 31 DE DICIEMBRE DE 2004 CORRESPONDIENTES AL PROGRAMA DE FORTALECIMIENTO INSTITUCIONAL DE LA POLITICA COMERCIAL EXTERNA - CONTRATO DE PRESTAMO 1206\/OC-AR BID.","('0138-S-2006', 1)":null,"('0138-S-2006', 2)":null,"('0138-S-2006', 3)":null,"('0138-S-2006', 4)":null,"('0138-S-2006', 5)":null,"('0138-S-2006', 6)":null},"('Firmantes', 'FIRMANTE')":{"('0138-S-2006', 0)":"PARLAMENTARIA MIXTA REVISORA DE CUENTAS","('0138-S-2006', 1)":null,"('0138-S-2006', 2)":null,"('0138-S-2006', 3)":null,"('0138-S-2006', 4)":null,"('0138-S-2006', 5)":null,"('0138-S-2006', 6)":null},"('Firmantes', 'DISTRITO')":{"('0138-S-2006', 0)":null,"('0138-S-2006', 1)":null,"('0138-S-2006', 2)":null,"('0138-S-2006', 3)":null,"('0138-S-2006', 4)":null,"('0138-S-2006', 5)":null,"('0138-S-2006', 6)":null},"('Firmantes', 'BLOQUE')":{"('0138-S-2006', 0)":null,"('0138-S-2006', 1)":null,"('0138-S-2006', 2)":null,"('0138-S-2006', 3)":null,"('0138-S-2006', 4)":null,"('0138-S-2006', 5)":null,"('0138-S-2006', 6)":null},"('Giros', 'COMISI\u00d3N')":{"('0138-S-2006', 0)":"PARLAMENTARIA MIXTA REVISORA DE CUENTAS","('0138-S-2006', 1)":null,"('0138-S-2006', 2)":null,"('0138-S-2006', 3)":null,"('0138-S-2006', 4)":null,"('0138-S-2006', 5)":null,"('0138-S-2006', 6)":null},"('Tramites', 'C\u00c1MARA')":{"('0138-S-2006', 0)":"Senado","('0138-S-2006', 1)":"Diputados","('0138-S-2006', 2)":"Diputados","('0138-S-2006', 3)":"Diputados","('0138-S-2006', 4)":"Diputados","('0138-S-2006', 5)":"Diputados","('0138-S-2006', 6)":"Diputados"},"('Tramites', 'MOVIMIENTO')":{"('0138-S-2006', 0)":"CONSIDERACION Y APROBACION","('0138-S-2006', 1)":"PASA A DIPUTADOS -","('0138-S-2006', 2)":"CONSIDERACION Y APROBACION","('0138-S-2006', 3)":"CONTESTACION DEL PODER EJECUTIVO NACIONAL - JEFE DE GABINETE DE MINISTROS - GIRADO A LA COMISION RESPECTIVA","('0138-S-2006', 4)":"CONTESTACION DEL PODER EJECUTIVO NACIONAL - JEFE DE GABINETE DE MINISTROS - GIRADO A LA COMISION RESPECTIVA","('0138-S-2006', 5)":"CONTESTACION DEL PODER EJECUTIVO NACIONAL - JEFE DE GABINETE DE MINISTROS - GIRADO A LA COMISION RESPECTIVA","('0138-S-2006', 6)":"CONTESTACION DEL PODER EJECUTIVO NACIONAL - JEFE DE GABINETE DE MINISTROS - GIRADO A LA COMISION RESPECTIVA"},"('Tramites', 'FECHA')":{"('0138-S-2006', 0)":"30\/08\/2006","('0138-S-2006', 1)":null,"('0138-S-2006', 2)":"04\/10\/2006","('0138-S-2006', 3)":"28\/02\/2008","('0138-S-2006', 4)":"11\/03\/2009","('0138-S-2006', 5)":"11\/03\/2009","('0138-S-2006', 6)":"05\/08\/2009"},"('Tramites', 'RESULTADO')":{"('0138-S-2006', 0)":"APROBADO","('0138-S-2006', 1)":null,"('0138-S-2006', 2)":"APROBADO","('0138-S-2006', 3)":null,"('0138-S-2006', 4)":null,"('0138-S-2006', 5)":null,"('0138-S-2006', 6)":null},"Link":{"('0138-S-2006', 0)":"http:\/\/www.senado.gov.ar\/parlamentario\/comisiones\/verExp\/422.05\/OV\/PR","('0138-S-2006', 1)":null,"('0138-S-2006', 2)":null,"('0138-S-2006', 3)":null,"('0138-S-2006', 4)":null,"('0138-S-2006', 5)":null,"('0138-S-2006', 6)":null},"Palabra Clave":{"('0138-S-2006', 0)":" ","('0138-S-2006', 1)":null,"('0138-S-2006', 2)":null,"('0138-S-2006', 3)":null,"('0138-S-2006', 4)":null,"('0138-S-2006', 5)":null,"('0138-S-2006', 6)":null}}