{"Tipo de Proyecto":{"('0139-S-2006', 0)":"PROYECTO DE RESOLUCI\u00d3N","('0139-S-2006', 1)":null,"('0139-S-2006', 2)":null},"Iniciado en: ":{"('0139-S-2006', 0)":"Senado","('0139-S-2006', 1)":null,"('0139-S-2006', 2)":null},"Expediente Diputados: ":{"('0139-S-2006', 0)":"0139-S-2006","('0139-S-2006', 1)":null,"('0139-S-2006', 2)":null},"Expediente Senado: ":{"('0139-S-2006', 0)":"0343-OV-2005","('0139-S-2006', 1)":null,"('0139-S-2006', 2)":null},"Fecha: ":{"('0139-S-2006', 0)":"21\/06\/2006","('0139-S-2006', 1)":null,"('0139-S-2006', 2)":null},"T\u00edtulo":{"('0139-S-2006', 0)":"PEDIDO DE INFORMES AL PODER EJECUTIVO SOBRE RESOLUCION REMITIDA POR LA AUDITORIA GENERAL DE LA NACION REFERENTE A LOS ESTADOS FINANCIEROS AL 31 DE DICIEMBRE DE 2004 CORRESPONDIENTES AL PROGRAMA DE APOYO A LA REESTRUCTURACION EMPRESARIAL, CONVENIO DE PRESTAMO 989\/OC-AR.","('0139-S-2006', 1)":null,"('0139-S-2006', 2)":null},"('Firmantes', 'FIRMANTE')":{"('0139-S-2006', 0)":"PARLAMENTARIA MIXTA REVISORA DE CUENTAS","('0139-S-2006', 1)":null,"('0139-S-2006', 2)":null},"('Firmantes', 'DISTRITO')":{"('0139-S-2006', 0)":null,"('0139-S-2006', 1)":null,"('0139-S-2006', 2)":null},"('Firmantes', 'BLOQUE')":{"('0139-S-2006', 0)":null,"('0139-S-2006', 1)":null,"('0139-S-2006', 2)":null},"('Giros', 'COMISI\u00d3N')":{"('0139-S-2006', 0)":"PARLAMENTARIA MIXTA REVISORA DE CUENTAS","('0139-S-2006', 1)":null,"('0139-S-2006', 2)":null},"('Tramites', 'C\u00c1MARA')":{"('0139-S-2006', 0)":"Senado","('0139-S-2006', 1)":"Diputados","('0139-S-2006', 2)":"Diputados"},"('Tramites', 'MOVIMIENTO')":{"('0139-S-2006', 0)":"CONSIDERACION Y APROBACION","('0139-S-2006', 1)":"PASA A DIPUTADOS -","('0139-S-2006', 2)":"CONSIDERACION Y APROBACION"},"('Tramites', 'FECHA')":{"('0139-S-2006', 0)":"30\/08\/2006","('0139-S-2006', 1)":null,"('0139-S-2006', 2)":"04\/10\/2006"},"('Tramites', 'RESULTADO')":{"('0139-S-2006', 0)":"APROBADO","('0139-S-2006', 1)":null,"('0139-S-2006', 2)":"APROBADO"},"Link":{"('0139-S-2006', 0)":"http:\/\/www.senado.gov.ar\/parlamentario\/comisiones\/verExp\/343.05\/OV\/PR","('0139-S-2006', 1)":null,"('0139-S-2006', 2)":null},"Palabra Clave":{"('0139-S-2006', 0)":" ","('0139-S-2006', 1)":null,"('0139-S-2006', 2)":null}}