{"Tipo de Proyecto":{"('0141-S-2006', 0)":"PROYECTO DE LEY","('0141-S-2006', 1)":null,"('0141-S-2006', 2)":null,"('0141-S-2006', 3)":null,"('0141-S-2006', 4)":null,"('0141-S-2006', 5)":null,"('0141-S-2006', 6)":null},"Iniciado en: ":{"('0141-S-2006', 0)":"Senado","('0141-S-2006', 1)":null,"('0141-S-2006', 2)":null,"('0141-S-2006', 3)":null,"('0141-S-2006', 4)":null,"('0141-S-2006', 5)":null,"('0141-S-2006', 6)":null},"Expediente Senado: ":{"('0141-S-2006', 0)":"0141-S-2006","('0141-S-2006', 1)":null,"('0141-S-2006', 2)":null,"('0141-S-2006', 3)":null,"('0141-S-2006', 4)":null,"('0141-S-2006', 5)":null,"('0141-S-2006', 6)":null},"Publicado en: ":{"('0141-S-2006', 0)":"Diario de Asuntos Entrados N\u00b0 8","('0141-S-2006', 1)":null,"('0141-S-2006', 2)":null,"('0141-S-2006', 3)":null,"('0141-S-2006', 4)":null,"('0141-S-2006', 5)":null,"('0141-S-2006', 6)":null},"Fecha: ":{"('0141-S-2006', 0)":"03\/03\/2006","('0141-S-2006', 1)":null,"('0141-S-2006', 2)":null,"('0141-S-2006', 3)":null,"('0141-S-2006', 4)":null,"('0141-S-2006', 5)":null,"('0141-S-2006', 6)":null},"T\u00edtulo":{"('0141-S-2006', 0)":"MARCO NORMATIVO PARA LA FORMULACION Y EJECUCION DE POLITICAS PUBLICAS PARA LA OBTENCION DE MEDIOS MATERIALES PARA LA DEFENSA NACIONAL.","('0141-S-2006', 1)":null,"('0141-S-2006', 2)":null,"('0141-S-2006', 3)":null,"('0141-S-2006', 4)":null,"('0141-S-2006', 5)":null,"('0141-S-2006', 6)":null},"('Firmantes', 'FIRMANTE')":{"('0141-S-2006', 0)":"PERCEVAL, MARIA CRISTINA","('0141-S-2006', 1)":"TAFFAREL, RICARDO CESAR","('0141-S-2006', 2)":"MERA, MARIO RUBEN","('0141-S-2006', 3)":"PAMPURO, JOSE JUAN BAUTISTA","('0141-S-2006', 4)":"RIOS, ROBERTO FABIAN","('0141-S-2006', 5)":"DANIELE, MARIO DOMINGO","('0141-S-2006', 6)":"URQUIA, ROBERTO DANIEL"},"('Firmantes', 'DISTRITO')":{"('0141-S-2006', 0)":"MENDOZA","('0141-S-2006', 1)":"ENTRE RIOS","('0141-S-2006', 2)":"SANTIAGO DEL ESTERO","('0141-S-2006', 3)":"BUENOS AIRES","('0141-S-2006', 4)":"CORRIENTES","('0141-S-2006', 5)":"TIERRA DEL FUEGO","('0141-S-2006', 6)":"CORDOBA"},"('Firmantes', 'BLOQUE')":{"('0141-S-2006', 0)":"JUSTICIALISTA","('0141-S-2006', 1)":"UCR","('0141-S-2006', 2)":"JUSTICIALISTA","('0141-S-2006', 3)":"JUSTICIALISTA","('0141-S-2006', 4)":"JUSTICIALISTA","('0141-S-2006', 5)":"JUSTICIALISTA","('0141-S-2006', 6)":"JUSTICIALISTA"},"Sumario":{"('0141-S-2006', 0)":"PRINCIPIOS FUNDAMENTALES: OBJETO, FINALIDAD DE LA INVESTIGACION Y DESARROLLO Y DE LA PRODUCCION PARA LA DEFENSA; AUTORIDAD DE APLICACION: MINISTERIO DE DEFENSA: ATRIBUCIONES; OBTENCION DE MEDIOS MATERIALES PARA LA DEFENSA NACIONAL: PROCEDIMIENTO DE OBTENCION, ITEM MAYORES, PARTICIPACION DEL CONGRESO, APLICACION DE PAUTAS DEL ARTICULO 19 DE LA LEY 24948, REQUERIMIENTOS URGENTES, RELACION FUNCIONAL, ORGANO DE ADQUISICIONES, ORGANO DE LOGISTICA; REGIMEN DE CONTRATACIONES COMPENSADAS: UTILIZACION DEL REGIMEN DE CONTRATACIONES COMPENSADAS, DEFINICION, OBJETIVOS, OBTENCION DE COMPENSACION, ACUERDO DE COMPENSACION, MODALIDADES DE LOS ACUERDOS DE COMPENSACION: PRODUCCION BAJO LICENCIA, COPRODUCCION, SUBCONTRATACION, INVERSIONES EXTRANJERAS, ACUERDOS DE COMERCIALIZACION, TRUEQUE, CONTRACOMPRA, TRANSFERENCIA DE TECNOLOGIA, EXCEPCIONES, PORCENTAJE; PRODUCCION PARA LA DEFENSA: COOPERACION DE PERSONAL MILITAR CON EMPRESAS MIXTAS O PRIVADAS NACIONALES, PRESTACION DE SERVICIOS DE PERSONAL MILITAR EN EMPRESAS O ESTABLECIMIENTOS ESTATALES DE PRODUCCION PARA LA DEFENSA; DIRECCION GENERAL DE FABRICACIONES MILITARES: CONTINUIDAD DE LA DIRECCION GENERAL DE FABRICACIONES MILITARES: DEJAR SIN EFECTO LA DECLARACION DE \"SUJETA A PRIVATIZACION\" REALIZADA POR EL DECRETO 1398\/80, RATIFICADO POR LA LEY 24045, TRANSFERENCIA, PASIVO ACTUAL, DISPOSICIONES FINALES: REGLAMENTACION.","('0141-S-2006', 1)":null,"('0141-S-2006', 2)":null,"('0141-S-2006', 3)":null,"('0141-S-2006', 4)":null,"('0141-S-2006', 5)":null,"('0141-S-2006', 6)":null},"Palabra Clave":{"('0141-S-2006', 0)":" ","('0141-S-2006', 1)":null,"('0141-S-2006', 2)":null,"('0141-S-2006', 3)":null,"('0141-S-2006', 4)":null,"('0141-S-2006', 5)":null,"('0141-S-2006', 6)":null}}