{"Tipo de Proyecto":{"('0142-S-2006', 0)":"PROYECTO DE RESOLUCI\u00d3N","('0142-S-2006', 1)":null,"('0142-S-2006', 2)":null,"('0142-S-2006', 3)":null},"Iniciado en: ":{"('0142-S-2006', 0)":"Senado","('0142-S-2006', 1)":null,"('0142-S-2006', 2)":null,"('0142-S-2006', 3)":null},"Expediente Diputados: ":{"('0142-S-2006', 0)":"0142-S-2006","('0142-S-2006', 1)":null,"('0142-S-2006', 2)":null,"('0142-S-2006', 3)":null},"Expediente Senado: ":{"('0142-S-2006', 0)":"0035-OV-2006","('0142-S-2006', 1)":null,"('0142-S-2006', 2)":null,"('0142-S-2006', 3)":null},"Fecha: ":{"('0142-S-2006', 0)":"11\/07\/2006","('0142-S-2006', 1)":null,"('0142-S-2006', 2)":null,"('0142-S-2006', 3)":null},"T\u00edtulo":{"('0142-S-2006', 0)":"PEDIDO DE INFORMES AL PODER EJECUTIVO SOBRE RESOLUCION REMITIDA POR LA AUDITORIA GENERAL DE LA NACION REFERENTE AL COMITE EJECUTOR MATANZA - RIACHUELO, RELACIONADO A LA GESTION AMBIENTAL DE LA CUENCA MATANZA - RIACHUELO.","('0142-S-2006', 1)":null,"('0142-S-2006', 2)":null,"('0142-S-2006', 3)":null},"('Firmantes', 'FIRMANTE')":{"('0142-S-2006', 0)":"PARLAMENTARIA MIXTA REVISORA DE CUENTAS","('0142-S-2006', 1)":null,"('0142-S-2006', 2)":null,"('0142-S-2006', 3)":null},"('Firmantes', 'DISTRITO')":{"('0142-S-2006', 0)":null,"('0142-S-2006', 1)":null,"('0142-S-2006', 2)":null,"('0142-S-2006', 3)":null},"('Firmantes', 'BLOQUE')":{"('0142-S-2006', 0)":null,"('0142-S-2006', 1)":null,"('0142-S-2006', 2)":null,"('0142-S-2006', 3)":null},"('Giros', 'COMISI\u00d3N')":{"('0142-S-2006', 0)":"PARLAMENTARIA MIXTA REVISORA DE CUENTAS","('0142-S-2006', 1)":null,"('0142-S-2006', 2)":null,"('0142-S-2006', 3)":null},"('Tramites', 'C\u00c1MARA')":{"('0142-S-2006', 0)":"Senado","('0142-S-2006', 1)":"Diputados","('0142-S-2006', 2)":"Diputados","('0142-S-2006', 3)":"Diputados"},"('Tramites', 'MOVIMIENTO')":{"('0142-S-2006', 0)":"CONSIDERACION Y APROBACION","('0142-S-2006', 1)":"PASA A DIPUTADOS -","('0142-S-2006', 2)":"CONSIDERACION Y APROBACION","('0142-S-2006', 3)":"CONTESTACION DEL PODER EJECUTIVO NACIONAL - JEFE DE GABINETE DE MINISTROS - GIRADO A LA COMISION RESPECTIVA"},"('Tramites', 'FECHA')":{"('0142-S-2006', 0)":"30\/08\/2006","('0142-S-2006', 1)":null,"('0142-S-2006', 2)":"04\/10\/2006","('0142-S-2006', 3)":"14\/03\/2007"},"('Tramites', 'RESULTADO')":{"('0142-S-2006', 0)":"APROBADO","('0142-S-2006', 1)":null,"('0142-S-2006', 2)":"APROBADO","('0142-S-2006', 3)":null},"Link":{"('0142-S-2006', 0)":"http:\/\/www.senado.gov.ar\/parlamentario\/comisiones\/verExp\/35.06\/OV\/PR","('0142-S-2006', 1)":null,"('0142-S-2006', 2)":null,"('0142-S-2006', 3)":null},"Palabra Clave":{"('0142-S-2006', 0)":" ","('0142-S-2006', 1)":null,"('0142-S-2006', 2)":null,"('0142-S-2006', 3)":null}}