{"Tipo de Proyecto":{"('0147-S-2006', 0)":"PROYECTO DE RESOLUCI\u00d3N","('0147-S-2006', 1)":null,"('0147-S-2006', 2)":null,"('0147-S-2006', 3)":null},"Iniciado en: ":{"('0147-S-2006', 0)":"Senado","('0147-S-2006', 1)":null,"('0147-S-2006', 2)":null,"('0147-S-2006', 3)":null},"Expediente Diputados: ":{"('0147-S-2006', 0)":"0147-S-2006","('0147-S-2006', 1)":null,"('0147-S-2006', 2)":null,"('0147-S-2006', 3)":null},"Expediente Senado: ":{"('0147-S-2006', 0)":"0568-OVD-2004","('0147-S-2006', 1)":null,"('0147-S-2006', 2)":null,"('0147-S-2006', 3)":null},"Fecha: ":{"('0147-S-2006', 0)":"11\/07\/2006","('0147-S-2006', 1)":null,"('0147-S-2006', 2)":null,"('0147-S-2006', 3)":null},"T\u00edtulo":{"('0147-S-2006', 0)":"PEDIDO DE INFORMES AL PODER EJECUTIVO SOBRE: RESPUESTA REMITIDA POR LA JEFATURA DE GABINETE DE MINISTROS EN RELACION A LA RESOLUCION APROBADA POR LA H CAMARA (0280-S-02) SOBRE LAS SITUACIONES PLANTEADAS POR LA AUDITORIA GENERAL DE LA NACION QUE MOTIVARON LA ABSTENCION DE OPINION SOBRE LOS ESTADOS FINANCIEROS AL 31 DE DICIEMBRE DE 1999 Y AL 31 DE DICIEMBRE DE 2000 (0568-OVD-04), Y RESOLUCIONES REMITIDAS POR LA AUDITORIA GENERAL DE LA NACION: COMUNICANDO RESOLUCION 138\/04 RECTIFICANDO LA RESOLUCION 96\/04 REFERIDA A LOS ESTADOS FINANCIEROS AL 31 DE DICIEMBRE DE 2003 (0520-OV-04); REFERENTE A LOS ESTADOS FINANCIEROS AL 31 DE DICIEMBRE DE 2004 (0255-OV-05); Y REFERENTE A LOS ESTADOS FINANCIEROS AL 31 DE DICIEMBRE DE 2005 (0107-OV-06), CORRESPONDIENTES AL PROGRAMA DE GESTION AMBIENTAL EN LA CUENCA MATANZA - RIACHUELO, CONVENIO DE PRESTAMO 1059\/OC-AR BID.","('0147-S-2006', 1)":null,"('0147-S-2006', 2)":null,"('0147-S-2006', 3)":null},"('Firmantes', 'FIRMANTE')":{"('0147-S-2006', 0)":"PARLAMENTARIA MIXTA REVISORA DE CUENTAS","('0147-S-2006', 1)":null,"('0147-S-2006', 2)":null,"('0147-S-2006', 3)":null},"('Firmantes', 'DISTRITO')":{"('0147-S-2006', 0)":null,"('0147-S-2006', 1)":null,"('0147-S-2006', 2)":null,"('0147-S-2006', 3)":null},"('Firmantes', 'BLOQUE')":{"('0147-S-2006', 0)":null,"('0147-S-2006', 1)":null,"('0147-S-2006', 2)":null,"('0147-S-2006', 3)":null},"('Giros', 'COMISI\u00d3N')":{"('0147-S-2006', 0)":"PARLAMENTARIA MIXTA REVISORA DE CUENTAS","('0147-S-2006', 1)":null,"('0147-S-2006', 2)":null,"('0147-S-2006', 3)":null},"('Tramites', 'C\u00c1MARA')":{"('0147-S-2006', 0)":"Senado","('0147-S-2006', 1)":"Diputados","('0147-S-2006', 2)":"Diputados","('0147-S-2006', 3)":"Diputados"},"('Tramites', 'MOVIMIENTO')":{"('0147-S-2006', 0)":"CONSIDERACION Y APROBACION","('0147-S-2006', 1)":"PASA A DIPUTADOS -","('0147-S-2006', 2)":"CONSIDERACION Y APROBACION","('0147-S-2006', 3)":"CONTESTACION DEL PODER EJECUTIVO NACIONAL - JEFE DE GABINETE DE MINISTROS - GIRADO A LA COMISION RESPECTIVA"},"('Tramites', 'FECHA')":{"('0147-S-2006', 0)":"30\/08\/2006","('0147-S-2006', 1)":null,"('0147-S-2006', 2)":"04\/10\/2006","('0147-S-2006', 3)":"26\/12\/2007"},"('Tramites', 'RESULTADO')":{"('0147-S-2006', 0)":"APROBADO","('0147-S-2006', 1)":null,"('0147-S-2006', 2)":"APROBADO","('0147-S-2006', 3)":null},"Link":{"('0147-S-2006', 0)":"http:\/\/www.senado.gov.ar\/parlamentario\/comisiones\/verExp\/568.04\/OVD\/PR","('0147-S-2006', 1)":null,"('0147-S-2006', 2)":null,"('0147-S-2006', 3)":null},"Palabra Clave":{"('0147-S-2006', 0)":" ","('0147-S-2006', 1)":null,"('0147-S-2006', 2)":null,"('0147-S-2006', 3)":null}}