{"Tipo de Proyecto":{"('0154-S-2006', 0)":"PROYECTO DE RESOLUCI\u00d3N","('0154-S-2006', 1)":null,"('0154-S-2006', 2)":null,"('0154-S-2006', 3)":null},"Iniciado en: ":{"('0154-S-2006', 0)":"Senado","('0154-S-2006', 1)":null,"('0154-S-2006', 2)":null,"('0154-S-2006', 3)":null},"Expediente Diputados: ":{"('0154-S-2006', 0)":"0154-S-2006","('0154-S-2006', 1)":null,"('0154-S-2006', 2)":null,"('0154-S-2006', 3)":null},"Expediente Senado: ":{"('0154-S-2006', 0)":"0389-OV-2005","('0154-S-2006', 1)":null,"('0154-S-2006', 2)":null,"('0154-S-2006', 3)":null},"Fecha: ":{"('0154-S-2006', 0)":"15\/08\/2006","('0154-S-2006', 1)":null,"('0154-S-2006', 2)":null,"('0154-S-2006', 3)":null},"T\u00edtulo":{"('0154-S-2006', 0)":"PEDIDO DE INFORMES AL PODER EJECUTIVO SOBRE RESOLUCIONES REMITIDAS POR LA AUDITORIA GENERAL DE LA NACION SOBRE LOS ESTADOS CONTABLES AL 31 DE DICIEMBRE DE 2000 (0389-OV-05), 31 DE DICIEMBRE DE 1999 (0390-OV-05), 31 DE DICIEMBRE DE 2001 (0488-OV-05); LOS CONTRATOS RELEVANTES EJERCICIOS 1999 Y 2000 Y DESCARGO DEL ORGANISMO AUDITADO (0538-OV-05); RESPUESTA REMITIDA POR LA JEFATURA DE GABINETE DE MINISTROS EN RELACION A LA RESOLUCION CONJUNTA APROBADA POR LA H CAMARA (0202-S-04) SOBRE REMITIR COPIA DE LAS ACTUACIONES 0561-OV-03, 0726-OV-03, 0272-OV-04 (H CAMARA DE SENADORES) Y 0355-OV-04  (H CAMARA DE DIPUTADOS) A LA FISCALIA NACIONAL DE INVESTIGACIONES ADMINISTRATIVAS, A LOS FINES QUE DETERMINE SU COMPETENCIA (0597-OVD-05); UN INFORME ESPECIAL REFERIDA A LA EVALUACION DEL SISTEMA INFORMATICO DE ADMINISTRACION Y ABASTECIMIENTO DENOMINADO GESTION INTEGRAL DE GOBIERNO AUTOMATIZADO (GIGA) Y DE LA GESTION DE LA TECNOLOGIA INFORMATICA (0021-OV-06), TODO REFERIDO A LA ADMINISTRACION GENERAL DE PUERTOS SOCIEDAD DEL ESTADO.","('0154-S-2006', 1)":null,"('0154-S-2006', 2)":null,"('0154-S-2006', 3)":null},"('Firmantes', 'FIRMANTE')":{"('0154-S-2006', 0)":"PARLAMENTARIA MIXTA REVISORA DE CUENTAS","('0154-S-2006', 1)":null,"('0154-S-2006', 2)":null,"('0154-S-2006', 3)":null},"('Firmantes', 'DISTRITO')":{"('0154-S-2006', 0)":null,"('0154-S-2006', 1)":null,"('0154-S-2006', 2)":null,"('0154-S-2006', 3)":null},"('Firmantes', 'BLOQUE')":{"('0154-S-2006', 0)":null,"('0154-S-2006', 1)":null,"('0154-S-2006', 2)":null,"('0154-S-2006', 3)":null},"('Giros', 'COMISI\u00d3N')":{"('0154-S-2006', 0)":"PARLAMENTARIA MIXTA REVISORA DE CUENTAS","('0154-S-2006', 1)":null,"('0154-S-2006', 2)":null,"('0154-S-2006', 3)":null},"('Tramites', 'C\u00c1MARA')":{"('0154-S-2006', 0)":"Senado","('0154-S-2006', 1)":"Diputados","('0154-S-2006', 2)":"Diputados","('0154-S-2006', 3)":"Diputados"},"('Tramites', 'MOVIMIENTO')":{"('0154-S-2006', 0)":"CONSIDERACION Y APROBACION","('0154-S-2006', 1)":"PASA A DIPUTADOS -","('0154-S-2006', 2)":"CONSIDERACION Y APROBACION","('0154-S-2006', 3)":"CONTESTACION DEL PODER EJECUTIVO NACIONAL - JEFE DE GABINETE DE MINISTROS - GIRADO A LA COMISION RESPECTIVA"},"('Tramites', 'FECHA')":{"('0154-S-2006', 0)":"06\/09\/2006","('0154-S-2006', 1)":null,"('0154-S-2006', 2)":"11\/10\/2006","('0154-S-2006', 3)":"28\/02\/2008"},"('Tramites', 'RESULTADO')":{"('0154-S-2006', 0)":"APROBADO","('0154-S-2006', 1)":null,"('0154-S-2006', 2)":"APROBADO","('0154-S-2006', 3)":null},"Link":{"('0154-S-2006', 0)":"http:\/\/www.senado.gov.ar\/parlamentario\/comisiones\/verExp\/389.05\/OV\/PR","('0154-S-2006', 1)":null,"('0154-S-2006', 2)":null,"('0154-S-2006', 3)":null},"Palabra Clave":{"('0154-S-2006', 0)":" ","('0154-S-2006', 1)":null,"('0154-S-2006', 2)":null,"('0154-S-2006', 3)":null}}