{"Tipo de Proyecto":{"('0155-S-2006', 0)":"PROYECTO DE RESOLUCI\u00d3N","('0155-S-2006', 1)":null,"('0155-S-2006', 2)":null,"('0155-S-2006', 3)":null},"Iniciado en: ":{"('0155-S-2006', 0)":"Senado","('0155-S-2006', 1)":null,"('0155-S-2006', 2)":null,"('0155-S-2006', 3)":null},"Expediente Diputados: ":{"('0155-S-2006', 0)":"0155-S-2006","('0155-S-2006', 1)":null,"('0155-S-2006', 2)":null,"('0155-S-2006', 3)":null},"Expediente Senado: ":{"('0155-S-2006', 0)":"0363-OV-2005","('0155-S-2006', 1)":null,"('0155-S-2006', 2)":null,"('0155-S-2006', 3)":null},"Fecha: ":{"('0155-S-2006', 0)":"15\/08\/2006","('0155-S-2006', 1)":null,"('0155-S-2006', 2)":null,"('0155-S-2006', 3)":null},"T\u00edtulo":{"('0155-S-2006', 0)":"PEDIDO DE INFORMES AL PODER EJECUTIVO SOBRE RESOLUCION REMITIDA POR LA AUDITORIA GENERAL DE LA NACION REFERENTE A LOS ESTADOS FINANCIEROS AL 31 DE DICIEMBRE DE 2004 CORRESPONDIENTES AL PROGRAMA MULTISECTORIAL DE PREINVERSION II - CONVENIO DE PRESTAMO 925\/OC-AR.","('0155-S-2006', 1)":null,"('0155-S-2006', 2)":null,"('0155-S-2006', 3)":null},"('Firmantes', 'FIRMANTE')":{"('0155-S-2006', 0)":"PARLAMENTARIA MIXTA REVISORA DE CUENTAS","('0155-S-2006', 1)":null,"('0155-S-2006', 2)":null,"('0155-S-2006', 3)":null},"('Firmantes', 'DISTRITO')":{"('0155-S-2006', 0)":null,"('0155-S-2006', 1)":null,"('0155-S-2006', 2)":null,"('0155-S-2006', 3)":null},"('Firmantes', 'BLOQUE')":{"('0155-S-2006', 0)":null,"('0155-S-2006', 1)":null,"('0155-S-2006', 2)":null,"('0155-S-2006', 3)":null},"('Giros', 'COMISI\u00d3N')":{"('0155-S-2006', 0)":"PARLAMENTARIA MIXTA REVISORA DE CUENTAS","('0155-S-2006', 1)":null,"('0155-S-2006', 2)":null,"('0155-S-2006', 3)":null},"('Tramites', 'C\u00c1MARA')":{"('0155-S-2006', 0)":"Senado","('0155-S-2006', 1)":"Diputados","('0155-S-2006', 2)":"Diputados","('0155-S-2006', 3)":"Diputados"},"('Tramites', 'MOVIMIENTO')":{"('0155-S-2006', 0)":"CONSIDERACION Y APROBACION","('0155-S-2006', 1)":"PASA A DIPUTADOS -","('0155-S-2006', 2)":"CONSIDERACION Y APROBACION","('0155-S-2006', 3)":"CONTESTACION DEL PODER EJECUTIVO NACIONAL - JEFE DE GABINETE DE MINISTROS - GIRADO A LA COMISION RESPECTIVA"},"('Tramites', 'FECHA')":{"('0155-S-2006', 0)":"06\/09\/2006","('0155-S-2006', 1)":null,"('0155-S-2006', 2)":"11\/10\/2006","('0155-S-2006', 3)":"28\/02\/2008"},"('Tramites', 'RESULTADO')":{"('0155-S-2006', 0)":"APROBADO","('0155-S-2006', 1)":null,"('0155-S-2006', 2)":"APROBADO","('0155-S-2006', 3)":null},"Link":{"('0155-S-2006', 0)":"http:\/\/www.senado.gov.ar\/parlamentario\/comisiones\/verExp\/363.05\/OV\/PR","('0155-S-2006', 1)":null,"('0155-S-2006', 2)":null,"('0155-S-2006', 3)":null},"Palabra Clave":{"('0155-S-2006', 0)":" ","('0155-S-2006', 1)":null,"('0155-S-2006', 2)":null,"('0155-S-2006', 3)":null}}