{"Tipo de Proyecto":{"('0156-S-2006', 0)":"PROYECTO DE RESOLUCI\u00d3N","('0156-S-2006', 1)":null,"('0156-S-2006', 2)":null},"Iniciado en: ":{"('0156-S-2006', 0)":"Senado","('0156-S-2006', 1)":null,"('0156-S-2006', 2)":null},"Expediente Diputados: ":{"('0156-S-2006', 0)":"0156-S-2006","('0156-S-2006', 1)":null,"('0156-S-2006', 2)":null},"Expediente Senado: ":{"('0156-S-2006', 0)":"0421-OV-2005","('0156-S-2006', 1)":null,"('0156-S-2006', 2)":null},"Fecha: ":{"('0156-S-2006', 0)":"15\/08\/2006","('0156-S-2006', 1)":null,"('0156-S-2006', 2)":null},"T\u00edtulo":{"('0156-S-2006', 0)":"PEDIDO DE INFORMES AL PODER EJECUTIVO SOBRE RESOLUCION REMITIDA POR LA AUDITORIA GENERAL DE LA NACION REFERENTE A LOS ESTADOS FINANCIEROS AL 31 DE DICIEMBRE DE 2004 CORRESPONDIENTES AL PROGRAMA FEDERAL DE LA MUJER - CONTRATO DE PRESTAMO 1133\/OC AR BID.","('0156-S-2006', 1)":null,"('0156-S-2006', 2)":null},"('Firmantes', 'FIRMANTE')":{"('0156-S-2006', 0)":"PARLAMENTARIA MIXTA REVISORA DE CUENTAS","('0156-S-2006', 1)":null,"('0156-S-2006', 2)":null},"('Firmantes', 'DISTRITO')":{"('0156-S-2006', 0)":null,"('0156-S-2006', 1)":null,"('0156-S-2006', 2)":null},"('Firmantes', 'BLOQUE')":{"('0156-S-2006', 0)":null,"('0156-S-2006', 1)":null,"('0156-S-2006', 2)":null},"('Giros', 'COMISI\u00d3N')":{"('0156-S-2006', 0)":"PARLAMENTARIA MIXTA REVISORA DE CUENTAS","('0156-S-2006', 1)":null,"('0156-S-2006', 2)":null},"('Tramites', 'C\u00c1MARA')":{"('0156-S-2006', 0)":"Senado","('0156-S-2006', 1)":"Diputados","('0156-S-2006', 2)":"Diputados"},"('Tramites', 'MOVIMIENTO')":{"('0156-S-2006', 0)":"CONSIDERACION Y APROBACION","('0156-S-2006', 1)":"PASA A DIPUTADOS -","('0156-S-2006', 2)":"CONSIDERACION Y APROBACION"},"('Tramites', 'FECHA')":{"('0156-S-2006', 0)":"06\/09\/2006","('0156-S-2006', 1)":null,"('0156-S-2006', 2)":"11\/10\/2006"},"('Tramites', 'RESULTADO')":{"('0156-S-2006', 0)":"APROBADO","('0156-S-2006', 1)":null,"('0156-S-2006', 2)":"APROBADO"},"Link":{"('0156-S-2006', 0)":"http:\/\/www.senado.gov.ar\/parlamentario\/comisiones\/verExp\/421.05\/OV\/PR","('0156-S-2006', 1)":null,"('0156-S-2006', 2)":null},"Palabra Clave":{"('0156-S-2006', 0)":" ","('0156-S-2006', 1)":null,"('0156-S-2006', 2)":null}}