{"Tipo de Proyecto":{"('0157-S-2006', 0)":"PROYECTO DE RESOLUCI\u00d3N","('0157-S-2006', 1)":null,"('0157-S-2006', 2)":null,"('0157-S-2006', 3)":null,"('0157-S-2006', 4)":null},"Iniciado en: ":{"('0157-S-2006', 0)":"Senado","('0157-S-2006', 1)":null,"('0157-S-2006', 2)":null,"('0157-S-2006', 3)":null,"('0157-S-2006', 4)":null},"Expediente Diputados: ":{"('0157-S-2006', 0)":"0157-S-2006","('0157-S-2006', 1)":null,"('0157-S-2006', 2)":null,"('0157-S-2006', 3)":null,"('0157-S-2006', 4)":null},"Expediente Senado: ":{"('0157-S-2006', 0)":"0127-OV-2005","('0157-S-2006', 1)":null,"('0157-S-2006', 2)":null,"('0157-S-2006', 3)":null,"('0157-S-2006', 4)":null},"Fecha: ":{"('0157-S-2006', 0)":"15\/08\/2006","('0157-S-2006', 1)":null,"('0157-S-2006', 2)":null,"('0157-S-2006', 3)":null,"('0157-S-2006', 4)":null},"T\u00edtulo":{"('0157-S-2006', 0)":"PEDIDO DE INFORMES AL PODER EJECUTIVO SOBRE RESOLUCIONES REMITIDAS POR LA AUDITORIA GENERAL DE LA NACION REFERENTES A: LA SECRETARIA DE COMUNICACIONES (SECOM), COMISION NACIONAL DE COMUNICACIONES (CNC) Y COMITE FEDERAL DE RADIODIFUSION (COMFER), SOBRE VERIFICACION DE LOS PROCEDIMIENTOS DE CONTROL RELACIONADOS CON LA APLICACION DE LOS PLANES TECNICOS BASICOS NACIONALES DE FRECUENCIAS PARA LOS SERVICIOS DE RADIODIFUSION Y DE LOS CONTROLES EFECTUADOS EN LA MATERIA CLANDESTINIDAD, PERIODO COMPRENDIDO ENTRE EL 1 DE JULIO DE 2001 Y EL 31 DE DICIEMBRE DE 2002, Y DESCARGO DEL ORGANISMO AUDITADO CON RESPECTO AL MISMO (0127-OV-05); CONTROL DE LA INSTALACION DE LAS ANTENAS DE TELEFONIA CELULAR EN ZONAS DENSAMENTE POBLADAS EN EL TERRITORIO NACIONAL Y LOS POSIBLES EFECTOS SOBRE LA SALUD DE LA POBLACION DE LAS RADIACIONES QUE PRODUCEN, Y DESCARGO DEL ORGANISMO AUDITADO (0043-OV-06); RESPUESTA REMITIDA POR JEFATURA DE GABINETE DE MINISTROS EN RELACION A LA RESOLUCION APROBADA POR LA H. CAMARA (0132-S-04), SOBRE LAS MEDIDAS ADOPTADAS PARA RESOLVER LAS GRAVES SITUACIONES DETECTADAS POR LA AGN EN SU AUDITORIA RELATIVA A LAS REDES SATELITALES NAHUEL SAT Y A FIN DE ADECUAR EL CUMPLIMIENTO DE LOS DEBERES QUE SUS COMPETENCIA DETERMINAN A LA SECOM Y LA CNC A LA PLENA DEFENSA DE LOS INTERESES DEL ESTADO (0197-OVD-05); UN ESTUDIO ESPECIAL REALIZADO EN LA SECOM, CNC Y COMISION NACIONAL DE ACTIVIDADES ESPACIALES (CONEA) SOBRE \"RELEVAMIENTO DE LAS ACCIONES DESARROLLADAS PARA ASEGURAR LOS DERECHOS DEL ESTADO NACIONAL, ANTE EL POTENCIAL INCUMPLIMIENTO EN EL SATELITE DESTINADO A LA OCUPACION DE LA SEGUNDA POSICION ORBITAL 81 LONGITUD ESTE\" (0349-OV-05); Y \"VERIFICACION Y EVALUACION DEL SISTEMA DE CONTROL Y DE LOS PROCEDIMIENTOS REALIZADOS POR EL COMFER DURANTE EL EJERCICIO 2003\", Y DESCARGO DEL ORGANISMO AUDITADO (0353-OV-05).","('0157-S-2006', 1)":null,"('0157-S-2006', 2)":null,"('0157-S-2006', 3)":null,"('0157-S-2006', 4)":null},"('Firmantes', 'FIRMANTE')":{"('0157-S-2006', 0)":"PARLAMENTARIA MIXTA REVISORA DE CUENTAS","('0157-S-2006', 1)":null,"('0157-S-2006', 2)":null,"('0157-S-2006', 3)":null,"('0157-S-2006', 4)":null},"('Firmantes', 'DISTRITO')":{"('0157-S-2006', 0)":null,"('0157-S-2006', 1)":null,"('0157-S-2006', 2)":null,"('0157-S-2006', 3)":null,"('0157-S-2006', 4)":null},"('Firmantes', 'BLOQUE')":{"('0157-S-2006', 0)":null,"('0157-S-2006', 1)":null,"('0157-S-2006', 2)":null,"('0157-S-2006', 3)":null,"('0157-S-2006', 4)":null},"('Giros', 'COMISI\u00d3N')":{"('0157-S-2006', 0)":"PARLAMENTARIA MIXTA REVISORA DE CUENTAS","('0157-S-2006', 1)":null,"('0157-S-2006', 2)":null,"('0157-S-2006', 3)":null,"('0157-S-2006', 4)":null},"('Tramites', 'C\u00c1MARA')":{"('0157-S-2006', 0)":"Senado","('0157-S-2006', 1)":"Diputados","('0157-S-2006', 2)":"Diputados","('0157-S-2006', 3)":"Diputados","('0157-S-2006', 4)":"Diputados"},"('Tramites', 'MOVIMIENTO')":{"('0157-S-2006', 0)":"CONSIDERACION Y APROBACION","('0157-S-2006', 1)":"PASA A DIPUTADOS -","('0157-S-2006', 2)":"CONSIDERACION Y APROBACION","('0157-S-2006', 3)":"CONTESTACION DEL PODER EJECUTIVO NACIONAL - JEFE DE GABINETE DE MINISTROS - GIRADO A LA COMISION RESPECTIVA","('0157-S-2006', 4)":"CONTESTACION DEL PODER EJECUTIVO NACIONAL - JEFE DE GABINETE DE MINISTROS - GIRADO A LA COMISION RESPECTIVA"},"('Tramites', 'FECHA')":{"('0157-S-2006', 0)":"06\/09\/2006","('0157-S-2006', 1)":null,"('0157-S-2006', 2)":"11\/10\/2006","('0157-S-2006', 3)":"07\/11\/2007","('0157-S-2006', 4)":"26\/12\/2007"},"('Tramites', 'RESULTADO')":{"('0157-S-2006', 0)":"APROBADO","('0157-S-2006', 1)":null,"('0157-S-2006', 2)":"APROBADO","('0157-S-2006', 3)":null,"('0157-S-2006', 4)":null},"Link":{"('0157-S-2006', 0)":"http:\/\/www.senado.gov.ar\/parlamentario\/comisiones\/verExp\/127.05\/OV\/PR","('0157-S-2006', 1)":null,"('0157-S-2006', 2)":null,"('0157-S-2006', 3)":null,"('0157-S-2006', 4)":null},"Palabra Clave":{"('0157-S-2006', 0)":" ","('0157-S-2006', 1)":null,"('0157-S-2006', 2)":null,"('0157-S-2006', 3)":null,"('0157-S-2006', 4)":null}}