{"Tipo de Proyecto":{"('0158-S-2006', 0)":"PROYECTO DE RESOLUCI\u00d3N","('0158-S-2006', 1)":null,"('0158-S-2006', 2)":null,"('0158-S-2006', 3)":null},"Iniciado en: ":{"('0158-S-2006', 0)":"Senado","('0158-S-2006', 1)":null,"('0158-S-2006', 2)":null,"('0158-S-2006', 3)":null},"Expediente Diputados: ":{"('0158-S-2006', 0)":"0158-S-2006","('0158-S-2006', 1)":null,"('0158-S-2006', 2)":null,"('0158-S-2006', 3)":null},"Expediente Senado: ":{"('0158-S-2006', 0)":"0364-OV-2005","('0158-S-2006', 1)":null,"('0158-S-2006', 2)":null,"('0158-S-2006', 3)":null},"Fecha: ":{"('0158-S-2006', 0)":"15\/08\/2006","('0158-S-2006', 1)":null,"('0158-S-2006', 2)":null,"('0158-S-2006', 3)":null},"T\u00edtulo":{"('0158-S-2006', 0)":"PEDIDO DE INFORMES AL PODER EJECUTIVO SOBRE: RESOLUCION REMITIDA POR LA AUDITORIA GENERAL DE LA NACION REFERENTE A LOS ESTADOS FINANCIEROS POR EL EJERCICIO FINALIZADO EL 31 DE DICIEMBRE DE 2004 CORRESPONDIENTES AL PROGRAMA DE FINANCIAMIENTO A MUNICIPIOS, CONVENIOS DE PRESTAMOS 3860\/AR BIRF, 830\/OC-AR Y 932\/SF-AR BID Y DONACION TF 26528 BIRF (0364-OV-05); Y RESPUESTA REMITIDA POR LA JEFATURA DE GABINETE DE MINISTROS EN RELACION A LA RESOLUCION APROBADA POR LA H. CAMARA (0275-S-04) SOBRE LAS MEDIDAS ADOPTADAS EN ATENCION A LAS OBSERVACIONES EFECTUADAS POR LA AGN SOBRE LOS ESTADOS FINANCIEROS AL 31 DE DICIEMBRE DE 2002 DE LOS MENCIONADOS PROGRAMA Y PRESTAMOS (0508-OVD-05).","('0158-S-2006', 1)":null,"('0158-S-2006', 2)":null,"('0158-S-2006', 3)":null},"('Firmantes', 'FIRMANTE')":{"('0158-S-2006', 0)":"PARLAMENTARIA MIXTA REVISORA DE CUENTAS","('0158-S-2006', 1)":null,"('0158-S-2006', 2)":null,"('0158-S-2006', 3)":null},"('Firmantes', 'DISTRITO')":{"('0158-S-2006', 0)":null,"('0158-S-2006', 1)":null,"('0158-S-2006', 2)":null,"('0158-S-2006', 3)":null},"('Firmantes', 'BLOQUE')":{"('0158-S-2006', 0)":null,"('0158-S-2006', 1)":null,"('0158-S-2006', 2)":null,"('0158-S-2006', 3)":null},"('Giros', 'COMISI\u00d3N')":{"('0158-S-2006', 0)":"PARLAMENTARIA MIXTA REVISORA DE CUENTAS","('0158-S-2006', 1)":null,"('0158-S-2006', 2)":null,"('0158-S-2006', 3)":null},"('Tramites', 'C\u00c1MARA')":{"('0158-S-2006', 0)":"Senado","('0158-S-2006', 1)":"Diputados","('0158-S-2006', 2)":"Diputados","('0158-S-2006', 3)":"Diputados"},"('Tramites', 'MOVIMIENTO')":{"('0158-S-2006', 0)":"CONSIDERACION Y APROBACION","('0158-S-2006', 1)":"PASA A DIPUTADOS -","('0158-S-2006', 2)":"CONSIDERACION Y APROBACION","('0158-S-2006', 3)":"CONTESTACION DEL PODER EJECUTIVO NACIONAL - JEFE DE GABINETE DE MINISTROS - GIRADO A LA COMISION RESPECTIVA"},"('Tramites', 'FECHA')":{"('0158-S-2006', 0)":"06\/09\/2006","('0158-S-2006', 1)":null,"('0158-S-2006', 2)":"11\/10\/2006","('0158-S-2006', 3)":"26\/12\/2007"},"('Tramites', 'RESULTADO')":{"('0158-S-2006', 0)":"APROBADO","('0158-S-2006', 1)":null,"('0158-S-2006', 2)":"APROBADO","('0158-S-2006', 3)":null},"Link":{"('0158-S-2006', 0)":"http:\/\/www.senado.gov.ar\/parlamentario\/comisiones\/verExp\/364.05\/OV\/PR","('0158-S-2006', 1)":null,"('0158-S-2006', 2)":null,"('0158-S-2006', 3)":null},"Palabra Clave":{"('0158-S-2006', 0)":" ","('0158-S-2006', 1)":null,"('0158-S-2006', 2)":null,"('0158-S-2006', 3)":null}}