{"Tipo de Proyecto":{"('0159-S-2006', 0)":"PROYECTO DE RESOLUCI\u00d3N","('0159-S-2006', 1)":null,"('0159-S-2006', 2)":null,"('0159-S-2006', 3)":null},"Iniciado en: ":{"('0159-S-2006', 0)":"Senado","('0159-S-2006', 1)":null,"('0159-S-2006', 2)":null,"('0159-S-2006', 3)":null},"Expediente Diputados: ":{"('0159-S-2006', 0)":"0159-S-2006","('0159-S-2006', 1)":null,"('0159-S-2006', 2)":null,"('0159-S-2006', 3)":null},"Expediente Senado: ":{"('0159-S-2006', 0)":"0419-OV-2005","('0159-S-2006', 1)":null,"('0159-S-2006', 2)":null,"('0159-S-2006', 3)":null},"Fecha: ":{"('0159-S-2006', 0)":"15\/08\/2006","('0159-S-2006', 1)":null,"('0159-S-2006', 2)":null,"('0159-S-2006', 3)":null},"T\u00edtulo":{"('0159-S-2006', 0)":"PEDIDO DE INFORMES AL PODER EJECUTIVO SOBRE RESOLUCIONES REMITIDAS POR LA AUDITORIA GENERAL DE LA NACION REFERENTES A LOS ESTADOS FINANCIEROS AL 31 DE DICIEMBRE DE 2004 CORRESPONDIENTES AL SEGUNDO PROGRAMA MATERNO INFANTIL Y NUTRICION - PROMIN II (0419-OV-05), PROYECTO PNUD ARG\/97\/046, APOYO A LA UNIDAD DE COORDINACION DE PROMIN II (0470-OV-05) Y FORTALECIMIENTO DE LA RED DE ATENCION MATERNO INFANTIL DE LA PROVINCIA DE BUENOS AIRES (0547-OV-05) - CONVENIO DE PRESTAMO 4164-AR BIRF.","('0159-S-2006', 1)":null,"('0159-S-2006', 2)":null,"('0159-S-2006', 3)":null},"('Firmantes', 'FIRMANTE')":{"('0159-S-2006', 0)":"PARLAMENTARIA MIXTA REVISORA DE CUENTAS","('0159-S-2006', 1)":null,"('0159-S-2006', 2)":null,"('0159-S-2006', 3)":null},"('Firmantes', 'DISTRITO')":{"('0159-S-2006', 0)":null,"('0159-S-2006', 1)":null,"('0159-S-2006', 2)":null,"('0159-S-2006', 3)":null},"('Firmantes', 'BLOQUE')":{"('0159-S-2006', 0)":null,"('0159-S-2006', 1)":null,"('0159-S-2006', 2)":null,"('0159-S-2006', 3)":null},"('Giros', 'COMISI\u00d3N')":{"('0159-S-2006', 0)":"PARLAMENTARIA MIXTA REVISORA DE CUENTAS","('0159-S-2006', 1)":null,"('0159-S-2006', 2)":null,"('0159-S-2006', 3)":null},"('Tramites', 'C\u00c1MARA')":{"('0159-S-2006', 0)":"Senado","('0159-S-2006', 1)":"Diputados","('0159-S-2006', 2)":"Diputados","('0159-S-2006', 3)":"Diputados"},"('Tramites', 'MOVIMIENTO')":{"('0159-S-2006', 0)":"CONSIDERACION Y APROBACION","('0159-S-2006', 1)":"PASA A DIPUTADOS -","('0159-S-2006', 2)":"CONSIDERACION Y APROBACION","('0159-S-2006', 3)":"CONTESTACION DEL PODER EJECUTIVO NACIONAL - JEFE DE GABINETE DE MINISTROS - GIRADO A LA COMISION RESPECTIVA"},"('Tramites', 'FECHA')":{"('0159-S-2006', 0)":"06\/09\/2006","('0159-S-2006', 1)":null,"('0159-S-2006', 2)":"11\/10\/2006","('0159-S-2006', 3)":"07\/11\/2007"},"('Tramites', 'RESULTADO')":{"('0159-S-2006', 0)":"APROBADO","('0159-S-2006', 1)":null,"('0159-S-2006', 2)":"APROBADO","('0159-S-2006', 3)":null},"Link":{"('0159-S-2006', 0)":"http:\/\/www.senado.gov.ar\/parlamentario\/comisiones\/verExp\/419.05\/OV\/PR","('0159-S-2006', 1)":null,"('0159-S-2006', 2)":null,"('0159-S-2006', 3)":null},"Palabra Clave":{"('0159-S-2006', 0)":" ","('0159-S-2006', 1)":null,"('0159-S-2006', 2)":null,"('0159-S-2006', 3)":null}}