{"Tipo de Proyecto":{"('0160-S-2006', 0)":"PROYECTO DE RESOLUCI\u00d3N","('0160-S-2006', 1)":null,"('0160-S-2006', 2)":null,"('0160-S-2006', 3)":null},"Iniciado en: ":{"('0160-S-2006', 0)":"Senado","('0160-S-2006', 1)":null,"('0160-S-2006', 2)":null,"('0160-S-2006', 3)":null},"Expediente Diputados: ":{"('0160-S-2006', 0)":"0160-S-2006","('0160-S-2006', 1)":null,"('0160-S-2006', 2)":null,"('0160-S-2006', 3)":null},"Expediente Senado: ":{"('0160-S-2006', 0)":"0159-OV-2005","('0160-S-2006', 1)":null,"('0160-S-2006', 2)":null,"('0160-S-2006', 3)":null},"Fecha: ":{"('0160-S-2006', 0)":"15\/08\/2006","('0160-S-2006', 1)":null,"('0160-S-2006', 2)":null,"('0160-S-2006', 3)":null},"T\u00edtulo":{"('0160-S-2006', 0)":"PEDIDO DE INFORMES AL PODER EJECUTIVO SOBRE RESOLUCIONES REMITIDAS POR LA AUDITORIA GENERAL DE LA NACION REFERENTES A: LA TOMA DE CONOCIMIENTO DEL INFORME DE REVISION LIMITADA SOBRE LOS ESTADOS CONTABLES AL 31 DE MARZO DE 2004 (0159-OV-05); LA TOMA DE CONOCIMIENTO DEL INFORME DE REVISION LIMITADA SOBRE LOS ESTADOS CONTABLES AL 30 DE JUNIO DE 2004 (0168-OV-05); LA TOMA DE CONOCIMIENTO DEL INFORME DE REVISION LIMITADA SOBRE LOS ESTADOS CONTABLES AL 30 DE SEPTIEMBRE DE 2004 SOBRE EL PERIODO DE NUEVE MESES FINALIZADO A ESA FECHA (0186-OV-05); Y LOS ESTADOS CONTABLES AL 31 DE DICIEMBRE DE 2004 (0368-OV-05); TODO EN EL AMBITO DEL BANCO DE LA NACION ARGENTINA - FIDEICOMISO BERSA. ","('0160-S-2006', 1)":null,"('0160-S-2006', 2)":null,"('0160-S-2006', 3)":null},"('Firmantes', 'FIRMANTE')":{"('0160-S-2006', 0)":"PARLAMENTARIA MIXTA REVISORA DE CUENTAS","('0160-S-2006', 1)":null,"('0160-S-2006', 2)":null,"('0160-S-2006', 3)":null},"('Firmantes', 'DISTRITO')":{"('0160-S-2006', 0)":null,"('0160-S-2006', 1)":null,"('0160-S-2006', 2)":null,"('0160-S-2006', 3)":null},"('Firmantes', 'BLOQUE')":{"('0160-S-2006', 0)":null,"('0160-S-2006', 1)":null,"('0160-S-2006', 2)":null,"('0160-S-2006', 3)":null},"('Giros', 'COMISI\u00d3N')":{"('0160-S-2006', 0)":"PARLAMENTARIA MIXTA REVISORA DE CUENTAS","('0160-S-2006', 1)":null,"('0160-S-2006', 2)":null,"('0160-S-2006', 3)":null},"('Tramites', 'C\u00c1MARA')":{"('0160-S-2006', 0)":"Senado","('0160-S-2006', 1)":"Diputados","('0160-S-2006', 2)":"Diputados","('0160-S-2006', 3)":"Diputados"},"('Tramites', 'MOVIMIENTO')":{"('0160-S-2006', 0)":"CONSIDERACION Y APROBACION","('0160-S-2006', 1)":"PASA A DIPUTADOS -","('0160-S-2006', 2)":"CONSIDERACION Y APROBACION","('0160-S-2006', 3)":"CONTESTACION DEL PODER EJECUTIVO NACIONAL - JEFE DE GABINETE DE MINISTROS - GIRADO A LA COMISION RESPECTIVA"},"('Tramites', 'FECHA')":{"('0160-S-2006', 0)":"06\/09\/2006","('0160-S-2006', 1)":null,"('0160-S-2006', 2)":"11\/10\/2006","('0160-S-2006', 3)":"07\/11\/2007"},"('Tramites', 'RESULTADO')":{"('0160-S-2006', 0)":"APROBADO","('0160-S-2006', 1)":null,"('0160-S-2006', 2)":"APROBADO","('0160-S-2006', 3)":null},"Link":{"('0160-S-2006', 0)":"http:\/\/www.senado.gov.ar\/parlamentario\/comisiones\/verExp\/159.05\/OV\/PR","('0160-S-2006', 1)":null,"('0160-S-2006', 2)":null,"('0160-S-2006', 3)":null},"Palabra Clave":{"('0160-S-2006', 0)":" ","('0160-S-2006', 1)":null,"('0160-S-2006', 2)":null,"('0160-S-2006', 3)":null}}