{"Tipo de Proyecto":{"('0164-D-2006', 0)":"PROYECTO DE RESOLUCI\u00d3N","('0164-D-2006', 1)":null},"Iniciado en: ":{"('0164-D-2006', 0)":"Diputados","('0164-D-2006', 1)":null},"Expediente Diputados: ":{"('0164-D-2006', 0)":"0164-D-2006","('0164-D-2006', 1)":null},"Publicado en: ":{"('0164-D-2006', 0)":"Tr\u00e1mite Parlamentario N\u00b0 2","('0164-D-2006', 1)":null},"Fecha: ":{"('0164-D-2006', 0)":"02\/03\/2006","('0164-D-2006', 1)":null},"T\u00edtulo":{"('0164-D-2006', 0)":"SOLICITAR AL PODER EJECUTIVO NACIONAL LA INVESTIGACION DE LAS CAUSAS QUE MOTIVARON LOS DERRUMBES EN EL PUENTE SOBRE EL RIO SECO Y OTROS EN LA PROVINCIA DE SALTA.\n","('0164-D-2006', 1)":null},"('Firmantes', 'FIRMANTE')":{"('0164-D-2006', 0)":"LOVAGLIO SARAVIA, ANTONIO","('0164-D-2006', 1)":null},"('Firmantes', 'DISTRITO')":{"('0164-D-2006', 0)":"SALTA","('0164-D-2006', 1)":null},"('Firmantes', 'BLOQUE')":{"('0164-D-2006', 0)":"FRENTE PARA LA VICTORIA - PJ","('0164-D-2006', 1)":null},"('Giros', 'COMISI\u00d3N')":{"('0164-D-2006', 0)":"TRANSPORTES","('0164-D-2006', 1)":"OBRAS PUBLICAS"},"Link":{"('0164-D-2006', 0)":"https:\/\/www.hcdn.gob.ar\/proyectos\/textoCompleto.jsp?exp=0164-D-2006&tipo=RESOLUCION","('0164-D-2006', 1)":null},"Palabra Clave":{"('0164-D-2006', 0)":" ","('0164-D-2006', 1)":null}}