{"Tipo de Proyecto":{"('0166-S-2006', 0)":"PROYECTO DE LEY","('0166-S-2006', 1)":null,"('0166-S-2006', 2)":null,"('0166-S-2006', 3)":null,"('0166-S-2006', 4)":null,"('0166-S-2006', 5)":null,"('0166-S-2006', 6)":null},"Iniciado en: ":{"('0166-S-2006', 0)":"Senado","('0166-S-2006', 1)":null,"('0166-S-2006', 2)":null,"('0166-S-2006', 3)":null,"('0166-S-2006', 4)":null,"('0166-S-2006', 5)":null,"('0166-S-2006', 6)":null},"Expediente Diputados: ":{"('0166-S-2006', 0)":"0166-S-2006","('0166-S-2006', 1)":null,"('0166-S-2006', 2)":null,"('0166-S-2006', 3)":null,"('0166-S-2006', 4)":null,"('0166-S-2006', 5)":null,"('0166-S-2006', 6)":null},"Expediente Senado: ":{"('0166-S-2006', 0)":"2078-S-2006","('0166-S-2006', 1)":null,"('0166-S-2006', 2)":null,"('0166-S-2006', 3)":null,"('0166-S-2006', 4)":null,"('0166-S-2006', 5)":null,"('0166-S-2006', 6)":null},"Publicado en: ":{"('0166-S-2006', 0)":"Diario de Asuntos Entrados N\u00b0 91","('0166-S-2006', 1)":null,"('0166-S-2006', 2)":null,"('0166-S-2006', 3)":null,"('0166-S-2006', 4)":null,"('0166-S-2006', 5)":null,"('0166-S-2006', 6)":null},"Fecha: ":{"('0166-S-2006', 0)":"15\/06\/2006","('0166-S-2006', 1)":null,"('0166-S-2006', 2)":null,"('0166-S-2006', 3)":null,"('0166-S-2006', 4)":null,"('0166-S-2006', 5)":null,"('0166-S-2006', 6)":null},"T\u00edtulo":{"('0166-S-2006', 0)":"LEY DEL IMPLEMENTACION DEL ESTATUTO DE ROMA DE LA CORTE PENAL INTERNACIONAL.","('0166-S-2006', 1)":null,"('0166-S-2006', 2)":null,"('0166-S-2006', 3)":null,"('0166-S-2006', 4)":null,"('0166-S-2006', 5)":null,"('0166-S-2006', 6)":null},"('Firmantes', 'FIRMANTE')":{"('0166-S-2006', 0)":"FERNANDEZ DE KIRCHNER, CRISTINA","('0166-S-2006', 1)":null,"('0166-S-2006', 2)":null,"('0166-S-2006', 3)":null,"('0166-S-2006', 4)":null,"('0166-S-2006', 5)":null,"('0166-S-2006', 6)":null},"('Firmantes', 'DISTRITO')":{"('0166-S-2006', 0)":"BUENOS AIRES","('0166-S-2006', 1)":null,"('0166-S-2006', 2)":null,"('0166-S-2006', 3)":null,"('0166-S-2006', 4)":null,"('0166-S-2006', 5)":null,"('0166-S-2006', 6)":null},"('Firmantes', 'BLOQUE')":{"('0166-S-2006', 0)":"JUSTICIALISTA","('0166-S-2006', 1)":null,"('0166-S-2006', 2)":null,"('0166-S-2006', 3)":null,"('0166-S-2006', 4)":null,"('0166-S-2006', 5)":null,"('0166-S-2006', 6)":null},"('Giros', 'COMISI\u00d3N')":{"('0166-S-2006', 0)":"LEGISLACION PENAL","('0166-S-2006', 1)":"RELACIONES EXTERIORES Y CULTO","('0166-S-2006', 2)":null,"('0166-S-2006', 3)":null,"('0166-S-2006', 4)":null,"('0166-S-2006', 5)":null,"('0166-S-2006', 6)":null},"('Tramites', 'C\u00c1MARA')":{"('0166-S-2006', 0)":"Senado","('0166-S-2006', 1)":"Senado","('0166-S-2006', 2)":"Diputados","('0166-S-2006', 3)":"Diputados","('0166-S-2006', 4)":"Diputados","('0166-S-2006', 5)":"Diputados","('0166-S-2006', 6)":"Diputados"},"('Tramites', 'MOVIMIENTO')":{"('0166-S-2006', 0)":"CONSIDERACION Y APROBACION CON MODIFICACIONES","('0166-S-2006', 1)":"INSERCIONES DE LOS SENADORES MENEM, BASUALDO, LOPEZ ARIAS ESCUDERO","('0166-S-2006', 2)":"PASA A DIPUTADOS -","('0166-S-2006', 3)":"MOCION DE PREFERENCIA PARA LA PROXIMA SESION CON DICTAMEN (AFIRMATIVA)","('0166-S-2006', 4)":"COMIENZA CONSIDERACION","('0166-S-2006', 5)":"CONSIDERACION Y SANCION","('0166-S-2006', 6)":"INSERCION DE LOS DIPUTADOS DI POLLINA, GINZBURG Y LANDAU"},"('Tramites', 'FECHA')":{"('0166-S-2006', 0)":"06\/09\/2006","('0166-S-2006', 1)":"06\/09\/2006","('0166-S-2006', 2)":null,"('0166-S-2006', 3)":"29\/11\/2006","('0166-S-2006', 4)":"06\/12\/2006","('0166-S-2006', 5)":"13\/12\/2006","('0166-S-2006', 6)":"13\/12\/2006"},"('Tramites', 'RESULTADO')":{"('0166-S-2006', 0)":"MEDIA SANCION","('0166-S-2006', 1)":null,"('0166-S-2006', 2)":null,"('0166-S-2006', 3)":null,"('0166-S-2006', 4)":null,"('0166-S-2006', 5)":"SANCIONADO","('0166-S-2006', 6)":null},"Sumario":{"('0166-S-2006', 0)":"DISPOSICIONES GENERALES; PENAS Y PRINCIPIOS GENERALES; DELITOS CONTRA LA ADMINISTRACION DE JUSTICIA DE LA CORTE PENAL INTERNACIONAL; RELACIONES CON LA CORTE PENAL INTERNACIONAL: DISPOSICIONES GENERALES, REMISIONES A LA CORTE PENAL INTERNACIONAL E IMPUGNACION DE COMPETENCIA O ADMISIBILIDAD; ELECCION DE MAGISTRADOS Y REPRESENTANTES EN LA ASAMBLEA DE LOS ESTADOS PARTES, COOPERACION INTERNACIONAL Y ASISTENCIA JUDICIAL, OTRAS FORMAS DE COOPERACION CON LA CORTE PENAL INTERNACIONAL, RECURSOS, EROGACIONES A CARGO DEL ESTADO ARGENTINO, EJECUCION DE PENAS; DISPOSICIONES FINALES.","('0166-S-2006', 1)":null,"('0166-S-2006', 2)":null,"('0166-S-2006', 3)":null,"('0166-S-2006', 4)":null,"('0166-S-2006', 5)":null,"('0166-S-2006', 6)":null},"Palabra Clave":{"('0166-S-2006', 0)":" ","('0166-S-2006', 1)":null,"('0166-S-2006', 2)":null,"('0166-S-2006', 3)":null,"('0166-S-2006', 4)":null,"('0166-S-2006', 5)":null,"('0166-S-2006', 6)":null}}