{"Tipo de Proyecto":{"('0166-OV-2006', 0)":"PROYECTO DE RESOLUCI\u00d3N"},"Iniciado en: ":{"('0166-OV-2006', 0)":"Senado"},"Expediente Senado: ":{"('0166-OV-2006', 0)":"0166-OV-2006"},"Fecha: ":{"('0166-OV-2006', 0)":"26\/12\/2006"},"T\u00edtulo":{"('0166-OV-2006', 0)":"PEDIDO DE INFORMES AL PODER EJECUTIVO SOBRE RESOLUCION REMITIDA POR LA AUDITORIA GENERAL DE LA NACION COMUNICANDO RESOLUCION SOBRE LOS ESTADOS FINANCIEROS AL 31 DE DICIEMBRE DE 2005 CORRESPONDIENTES AL PROGRAMA CORREDORES VIALES DE INTEGRACION - FASE I, CONTRATO DE PRESTAMO 2966 - CAF."},"('Firmantes', 'FIRMANTE')":{"('0166-OV-2006', 0)":"PARLAMENTARIA MIXTA REVISORA DE CUENTAS"},"('Firmantes', 'DISTRITO')":{"('0166-OV-2006', 0)":null},"('Firmantes', 'BLOQUE')":{"('0166-OV-2006', 0)":null},"Link":{"('0166-OV-2006', 0)":"http:\/\/www.senado.gov.ar\/parlamentario\/comisiones\/verExp\/166.06\/OV\/PR"},"Palabra Clave":{"('0166-OV-2006', 0)":" "}}