{"Tipo de Proyecto":{"('0169-S-2006', 0)":"PROYECTO DE RESOLUCI\u00d3N","('0169-S-2006', 1)":null,"('0169-S-2006', 2)":null,"('0169-S-2006', 3)":null},"Iniciado en: ":{"('0169-S-2006', 0)":"Senado","('0169-S-2006', 1)":null,"('0169-S-2006', 2)":null,"('0169-S-2006', 3)":null},"Expediente Diputados: ":{"('0169-S-2006', 0)":"0169-S-2006","('0169-S-2006', 1)":null,"('0169-S-2006', 2)":null,"('0169-S-2006', 3)":null},"Expediente Senado: ":{"('0169-S-2006', 0)":"0426-OV-2005","('0169-S-2006', 1)":null,"('0169-S-2006', 2)":null,"('0169-S-2006', 3)":null},"Fecha: ":{"('0169-S-2006', 0)":"25\/08\/2006","('0169-S-2006', 1)":null,"('0169-S-2006', 2)":null,"('0169-S-2006', 3)":null},"T\u00edtulo":{"('0169-S-2006', 0)":"PEDIDO DE INFORMES AL PODER EJECUTIVO SOBRE RESOLUCION REMITIDA POR LA AUDITORIA GENERAL DE LA NACION REFERENTE A LOS ESTADOS FINANCIEROS AL 31 DE DICIEMBRE DE 2004 CORRESPONDIENTES AL PROGRAMA DE REFORMA DE LA EDUCACION SUPERIOR TECNICA NO UNIVERSITARIA - CONTRATO DE PRESTAMO 1060\/OC AR-BID.","('0169-S-2006', 1)":null,"('0169-S-2006', 2)":null,"('0169-S-2006', 3)":null},"('Firmantes', 'FIRMANTE')":{"('0169-S-2006', 0)":"PARLAMENTARIA MIXTA REVISORA DE CUENTAS","('0169-S-2006', 1)":null,"('0169-S-2006', 2)":null,"('0169-S-2006', 3)":null},"('Firmantes', 'DISTRITO')":{"('0169-S-2006', 0)":null,"('0169-S-2006', 1)":null,"('0169-S-2006', 2)":null,"('0169-S-2006', 3)":null},"('Firmantes', 'BLOQUE')":{"('0169-S-2006', 0)":null,"('0169-S-2006', 1)":null,"('0169-S-2006', 2)":null,"('0169-S-2006', 3)":null},"('Giros', 'COMISI\u00d3N')":{"('0169-S-2006', 0)":"PARLAMENTARIA MIXTA REVISORA DE CUENTAS","('0169-S-2006', 1)":null,"('0169-S-2006', 2)":null,"('0169-S-2006', 3)":null},"('Tramites', 'C\u00c1MARA')":{"('0169-S-2006', 0)":"Senado","('0169-S-2006', 1)":"Diputados","('0169-S-2006', 2)":"Diputados","('0169-S-2006', 3)":"Diputados"},"('Tramites', 'MOVIMIENTO')":{"('0169-S-2006', 0)":"CONSIDERACION Y APROBACION","('0169-S-2006', 1)":"PASA A DIPUTADOS -","('0169-S-2006', 2)":"CONSIDERACION Y APROBACION","('0169-S-2006', 3)":"CONTESTACION DEL PODER EJECUTIVO NACIONAL - JEFE DE GABINETE DE MINISTROS - GIRADO A LA COMISION RESPECTIVA"},"('Tramites', 'FECHA')":{"('0169-S-2006', 0)":"13\/09\/2006","('0169-S-2006', 1)":null,"('0169-S-2006', 2)":"25\/10\/2006","('0169-S-2006', 3)":"14\/03\/2007"},"('Tramites', 'RESULTADO')":{"('0169-S-2006', 0)":"APROBADO","('0169-S-2006', 1)":null,"('0169-S-2006', 2)":"APROBADO","('0169-S-2006', 3)":null},"Link":{"('0169-S-2006', 0)":"http:\/\/www.senado.gov.ar\/parlamentario\/comisiones\/verExp\/426.05\/OV\/PR","('0169-S-2006', 1)":null,"('0169-S-2006', 2)":null,"('0169-S-2006', 3)":null},"Palabra Clave":{"('0169-S-2006', 0)":" ","('0169-S-2006', 1)":null,"('0169-S-2006', 2)":null,"('0169-S-2006', 3)":null}}