{"Tipo de Proyecto":{"('0171-D-2006', 0)":"PROYECTO DE RESOLUCI\u00d3N","('0171-D-2006', 1)":null,"('0171-D-2006', 2)":null,"('0171-D-2006', 3)":null},"Iniciado en: ":{"('0171-D-2006', 0)":"Diputados","('0171-D-2006', 1)":null,"('0171-D-2006', 2)":null,"('0171-D-2006', 3)":null},"Expediente Diputados: ":{"('0171-D-2006', 0)":"0171-D-2006","('0171-D-2006', 1)":null,"('0171-D-2006', 2)":null,"('0171-D-2006', 3)":null},"Publicado en: ":{"('0171-D-2006', 0)":"Tr\u00e1mite Parlamentario N\u00b0 2","('0171-D-2006', 1)":null,"('0171-D-2006', 2)":null,"('0171-D-2006', 3)":null},"Fecha: ":{"('0171-D-2006', 0)":"02\/03\/2006","('0171-D-2006', 1)":null,"('0171-D-2006', 2)":null,"('0171-D-2006', 3)":null},"T\u00edtulo":{"('0171-D-2006', 0)":"SOLICITAR AL PODER EJECUTIVO NACIONAL LA INCLUSION DEL SECTOR OLIVICOLA EN EL PROGRAMA DEL INSTITUTO DE TECNOLOGIA INDUSTRIAL (INTI) \"PARA LA MEJORA DE LA EFICIENCIA Y DE LA COMPETITIVIDAD DE LA ECONOMIA ARGENTINA\".","('0171-D-2006', 1)":null,"('0171-D-2006', 2)":null,"('0171-D-2006', 3)":null},"('Firmantes', 'FIRMANTE')":{"('0171-D-2006', 0)":"BORSANI, LUIS GUSTAVO","('0171-D-2006', 1)":"IGLESIAS, ROBERTO RAUL","('0171-D-2006', 2)":"THOMAS, ENRIQUE LUIS","('0171-D-2006', 3)":"LEMOS, SILVIA BEATRIZ"},"('Firmantes', 'DISTRITO')":{"('0171-D-2006', 0)":"MENDOZA","('0171-D-2006', 1)":"MENDOZA","('0171-D-2006', 2)":"MENDOZA","('0171-D-2006', 3)":"MENDOZA"},"('Firmantes', 'BLOQUE')":{"('0171-D-2006', 0)":"UCR","('0171-D-2006', 1)":"UCR","('0171-D-2006', 2)":"FRENTE PARA LA VICTORIA - PJ","('0171-D-2006', 3)":"UCR"},"('Giros', 'COMISI\u00d3N')":{"('0171-D-2006', 0)":"AGRICULTURA Y GANADERIA","('0171-D-2006', 1)":"INDUSTRIA","('0171-D-2006', 2)":null,"('0171-D-2006', 3)":null},"Link":{"('0171-D-2006', 0)":"https:\/\/www.hcdn.gob.ar\/proyectos\/textoCompleto.jsp?exp=0171-D-2006&tipo=RESOLUCION","('0171-D-2006', 1)":null,"('0171-D-2006', 2)":null,"('0171-D-2006', 3)":null},"Palabra Clave":{"('0171-D-2006', 0)":" ","('0171-D-2006', 1)":null,"('0171-D-2006', 2)":null,"('0171-D-2006', 3)":null}}