{"Tipo de Proyecto":{"('0173-S-2006', 0)":"PROYECTO DE RESOLUCI\u00d3N","('0173-S-2006', 1)":null,"('0173-S-2006', 2)":null,"('0173-S-2006', 3)":null},"Iniciado en: ":{"('0173-S-2006', 0)":"Senado","('0173-S-2006', 1)":null,"('0173-S-2006', 2)":null,"('0173-S-2006', 3)":null},"Expediente Diputados: ":{"('0173-S-2006', 0)":"0173-S-2006","('0173-S-2006', 1)":null,"('0173-S-2006', 2)":null,"('0173-S-2006', 3)":null},"Expediente Senado: ":{"('0173-S-2006', 0)":"0534-OV-2005","('0173-S-2006', 1)":null,"('0173-S-2006', 2)":null,"('0173-S-2006', 3)":null},"Fecha: ":{"('0173-S-2006', 0)":"25\/08\/2006","('0173-S-2006', 1)":null,"('0173-S-2006', 2)":null,"('0173-S-2006', 3)":null},"T\u00edtulo":{"('0173-S-2006', 0)":"PEDIDO DE INFORMES AL PODER EJECUTIVO SOBRE RESOLUCION REMITIDA POR LA AUDITORIA GENERAL DE LA NACION REFERENTE A LOS ESTADOS FINANCIEROS AL 31 DE DICIEMBRE DE 2004 CORRESPONDIENTES AL PROYECTO PNUD ARG\/02\/020 - PROGRAMA DE FORTALECIMIENTO INSTITUCIONAL DEL MINISTERIO DE RELACIONES EXTERIORES, COMERCIO INTERNACIONAL Y CULTO - CONTRATO DE PRESTAMO 1279\/OC-AR.","('0173-S-2006', 1)":null,"('0173-S-2006', 2)":null,"('0173-S-2006', 3)":null},"('Firmantes', 'FIRMANTE')":{"('0173-S-2006', 0)":"PARLAMENTARIA MIXTA REVISORA DE CUENTAS","('0173-S-2006', 1)":null,"('0173-S-2006', 2)":null,"('0173-S-2006', 3)":null},"('Firmantes', 'DISTRITO')":{"('0173-S-2006', 0)":null,"('0173-S-2006', 1)":null,"('0173-S-2006', 2)":null,"('0173-S-2006', 3)":null},"('Firmantes', 'BLOQUE')":{"('0173-S-2006', 0)":null,"('0173-S-2006', 1)":null,"('0173-S-2006', 2)":null,"('0173-S-2006', 3)":null},"('Giros', 'COMISI\u00d3N')":{"('0173-S-2006', 0)":"PARLAMENTARIA MIXTA REVISORA DE CUENTAS","('0173-S-2006', 1)":null,"('0173-S-2006', 2)":null,"('0173-S-2006', 3)":null},"('Tramites', 'C\u00c1MARA')":{"('0173-S-2006', 0)":"Senado","('0173-S-2006', 1)":"Diputados","('0173-S-2006', 2)":"Diputados","('0173-S-2006', 3)":"Diputados"},"('Tramites', 'MOVIMIENTO')":{"('0173-S-2006', 0)":"CONSIDERACION Y APROBACION","('0173-S-2006', 1)":"PASA A DIPUTADOS -","('0173-S-2006', 2)":"CONSIDERACION Y APROBACION","('0173-S-2006', 3)":"CONTESTACION DEL PODER EJECUTIVO NACIONAL - JEFE DE GABINETE DE MINISTROS - GIRADO A LA COMISION RESPECTIVA"},"('Tramites', 'FECHA')":{"('0173-S-2006', 0)":"13\/09\/2006","('0173-S-2006', 1)":null,"('0173-S-2006', 2)":"25\/10\/2006","('0173-S-2006', 3)":"26\/12\/2007"},"('Tramites', 'RESULTADO')":{"('0173-S-2006', 0)":"APROBADO","('0173-S-2006', 1)":null,"('0173-S-2006', 2)":"APROBADO","('0173-S-2006', 3)":null},"Link":{"('0173-S-2006', 0)":"http:\/\/www.senado.gov.ar\/parlamentario\/comisiones\/verExp\/534.05\/OV\/PR","('0173-S-2006', 1)":null,"('0173-S-2006', 2)":null,"('0173-S-2006', 3)":null},"Palabra Clave":{"('0173-S-2006', 0)":" ","('0173-S-2006', 1)":null,"('0173-S-2006', 2)":null,"('0173-S-2006', 3)":null}}