{"Tipo de Proyecto":{"('0173-D-2006', 0)":"PROYECTO DE DECLARACI\u00d3N"},"Iniciado en: ":{"('0173-D-2006', 0)":"Diputados"},"Expediente Diputados: ":{"('0173-D-2006', 0)":"0173-D-2006"},"Publicado en: ":{"('0173-D-2006', 0)":"Tr\u00e1mite Parlamentario N\u00b0 2"},"Fecha: ":{"('0173-D-2006', 0)":"02\/03\/2006"},"T\u00edtulo":{"('0173-D-2006', 0)":"EXPRESAR ADHESION AL \"DIA INTERNACIONAL DE LA MUJER\", A CELEBRARSE EL 8 DE MARZO DE CADA A\u00d1O."},"('Firmantes', 'FIRMANTE')":{"('0173-D-2006', 0)":"M\u00dcLLER, MABEL HILDA"},"('Firmantes', 'DISTRITO')":{"('0173-D-2006', 0)":"BUENOS AIRES"},"('Firmantes', 'BLOQUE')":{"('0173-D-2006', 0)":"PERONISTA FEDERAL"},"('Giros', 'COMISI\u00d3N')":{"('0173-D-2006', 0)":"FAMILIA, MUJER, NI\u00d1EZ Y ADOLESCENCIA"},"Link":{"('0173-D-2006', 0)":"https:\/\/www.hcdn.gob.ar\/proyectos\/textoCompleto.jsp?exp=0173-D-2006&tipo=DECLARACION"},"Palabra Clave":{"('0173-D-2006', 0)":" "}}