{"Tipo de Proyecto":{"('0175-S-2006', 0)":"MENSAJE NRO: 0558\/06 Y PROYECTO DE LEY","('0175-S-2006', 1)":null,"('0175-S-2006', 2)":null,"('0175-S-2006', 3)":null},"Iniciado en: ":{"('0175-S-2006', 0)":"Senado","('0175-S-2006', 1)":null,"('0175-S-2006', 2)":null,"('0175-S-2006', 3)":null},"Expediente Diputados: ":{"('0175-S-2006', 0)":"0175-S-2006","('0175-S-2006', 1)":null,"('0175-S-2006', 2)":null,"('0175-S-2006', 3)":null},"Expediente Senado: ":{"('0175-S-2006', 0)":"0044-PE-2006","('0175-S-2006', 1)":null,"('0175-S-2006', 2)":null,"('0175-S-2006', 3)":null},"Publicado en: ":{"('0175-S-2006', 0)":"Diario de Asuntos Entrados N\u00b0 61","('0175-S-2006', 1)":null,"('0175-S-2006', 2)":null,"('0175-S-2006', 3)":null},"Fecha: ":{"('0175-S-2006', 0)":"09\/05\/2006","('0175-S-2006', 1)":null,"('0175-S-2006', 2)":null,"('0175-S-2006', 3)":null},"T\u00edtulo":{"('0175-S-2006', 0)":"APROBACION DEL ARREGLO DE NIZA RELATIVO A LA CLASIFICACION INTERNACIONAL DE PRODUCTOS Y SERVICIOS PARA EL REGISTRO DE LAS MARCAS, ADOPTADO EN NIZA, REPUBLICA FRANCESA, EL 15 DE JUNIO DE 1957, REVISADO EN ESTOCOLMO, REINO DE SUECIA, EL 14 DE JULIO DE 1967 Y EN GINEBRA, CONFEDERACION SUIZA, EL 13 DE MAYO DE 1977 Y MODIFICADO EL 28 DE SEPTIEMBRE DE 1979.","('0175-S-2006', 1)":null,"('0175-S-2006', 2)":null,"('0175-S-2006', 3)":null},"('Firmantes', 'FIRMANTE')":{"('0175-S-2006', 0)":"KIRCHNER, NESTOR CARLOS","('0175-S-2006', 1)":"FERNANDEZ, ALBERTO","('0175-S-2006', 2)":"TAIANA, JORGE ENRIQUE","('0175-S-2006', 3)":null},"('Firmantes', 'DISTRITO')":{"('0175-S-2006', 0)":null,"('0175-S-2006', 1)":null,"('0175-S-2006', 2)":null,"('0175-S-2006', 3)":null},"('Firmantes', 'BLOQUE')":{"('0175-S-2006', 0)":"PODER EJECUTIVO","('0175-S-2006', 1)":"PODER EJECUTIVO","('0175-S-2006', 2)":"PODER EJECUTIVO","('0175-S-2006', 3)":null},"('Giros', 'COMISI\u00d3N')":{"('0175-S-2006', 0)":"RELACIONES EXTERIORES Y CULTO","('0175-S-2006', 1)":"INDUSTRIA","('0175-S-2006', 2)":null,"('0175-S-2006', 3)":null},"('Tramites', 'C\u00c1MARA')":{"('0175-S-2006', 0)":"Senado","('0175-S-2006', 1)":"Diputados","('0175-S-2006', 2)":"Diputados","('0175-S-2006', 3)":"Diputados"},"('Tramites', 'MOVIMIENTO')":{"('0175-S-2006', 0)":"CONSIDERACION Y APROBACION","('0175-S-2006', 1)":"PASA A DIPUTADOS -","('0175-S-2006', 2)":"MOCION TRATAMIENTO EN FORMA CONJUNTA (AFIRMATIVA)","('0175-S-2006', 3)":"CONSIDERACION Y SANCION"},"('Tramites', 'FECHA')":{"('0175-S-2006', 0)":"13\/09\/2006","('0175-S-2006', 1)":null,"('0175-S-2006', 2)":"28\/03\/2007","('0175-S-2006', 3)":"28\/03\/2007"},"('Tramites', 'RESULTADO')":{"('0175-S-2006', 0)":"MEDIA SANCION","('0175-S-2006', 1)":null,"('0175-S-2006', 2)":null,"('0175-S-2006', 3)":"SANCIONADO"},"Link":{"('0175-S-2006', 0)":"http:\/\/www.senado.gov.ar\/web\/proyectos\/verExpe.php?origen=PE&nro_comision=&tipo=PL&numexp=44\/06&tConsulta=5","('0175-S-2006', 1)":null,"('0175-S-2006', 2)":null,"('0175-S-2006', 3)":null},"Palabra Clave":{"('0175-S-2006', 0)":" ","('0175-S-2006', 1)":null,"('0175-S-2006', 2)":null,"('0175-S-2006', 3)":null}}