{"Tipo de Proyecto":{"('0177-D-2006', 0)":"PROYECTO DE DECLARACI\u00d3N","('0177-D-2006', 1)":null,"('0177-D-2006', 2)":null},"Iniciado en: ":{"('0177-D-2006', 0)":"Diputados","('0177-D-2006', 1)":null,"('0177-D-2006', 2)":null},"Expediente Diputados: ":{"('0177-D-2006', 0)":"0177-D-2006","('0177-D-2006', 1)":null,"('0177-D-2006', 2)":null},"Publicado en: ":{"('0177-D-2006', 0)":"Tr\u00e1mite Parlamentario N\u00b0 2","('0177-D-2006', 1)":null,"('0177-D-2006', 2)":null},"Fecha: ":{"('0177-D-2006', 0)":"02\/03\/2006","('0177-D-2006', 1)":null,"('0177-D-2006', 2)":null},"T\u00edtulo":{"('0177-D-2006', 0)":"SOLICITAR AL PODER EJECUTIVO NACIONAL LA INCORPORACION DE LA CIUDAD DE CHIMPAY, PROVINCIA DE RIO NEGRO, Y \"CUNA DE CEFERINO NAMUNCURA\" COMO CIRCUITO DE TURISMO RELIGIOSO EN LOS PLANES PROMOCIONALES DE LA SECRETARIA DE TURISMO.","('0177-D-2006', 1)":null,"('0177-D-2006', 2)":null},"('Firmantes', 'FIRMANTE')":{"('0177-D-2006', 0)":"NEMIROVSCI, OSVALDO MARIO","('0177-D-2006', 1)":"HERNANDEZ, CINTHYA GABRIELA","('0177-D-2006', 2)":"ARRIAGA, JULIO ESTEBAN"},"('Firmantes', 'DISTRITO')":{"('0177-D-2006', 0)":"RIO NEGRO","('0177-D-2006', 1)":"RIO NEGRO","('0177-D-2006', 2)":"RIO NEGRO"},"('Firmantes', 'BLOQUE')":{"('0177-D-2006', 0)":"FRENTE PARA LA VICTORIA - PJ","('0177-D-2006', 1)":"UCR","('0177-D-2006', 2)":"FRENTE PARA LA VICTORIA - PJ"},"('Giros', 'COMISI\u00d3N')":{"('0177-D-2006', 0)":"TURISMO","('0177-D-2006', 1)":"RELACIONES EXTERIORES Y CULTO","('0177-D-2006', 2)":null},"('Tramites', 'C\u00c1MARA')":{"('0177-D-2006', 0)":"Diputados","('0177-D-2006', 1)":null,"('0177-D-2006', 2)":null},"('Tramites', 'MOVIMIENTO')":{"('0177-D-2006', 0)":"CONSIDERACION Y APROBACION","('0177-D-2006', 1)":null,"('0177-D-2006', 2)":null},"('Tramites', 'FECHA')":{"('0177-D-2006', 0)":"25\/10\/2006","('0177-D-2006', 1)":null,"('0177-D-2006', 2)":null},"('Tramites', 'RESULTADO')":{"('0177-D-2006', 0)":"APROBADO","('0177-D-2006', 1)":null,"('0177-D-2006', 2)":null},"Link":{"('0177-D-2006', 0)":"https:\/\/www.hcdn.gob.ar\/proyectos\/textoCompleto.jsp?exp=0177-D-2006&tipo=DECLARACION","('0177-D-2006', 1)":null,"('0177-D-2006', 2)":null},"Palabra Clave":{"('0177-D-2006', 0)":" ","('0177-D-2006', 1)":null,"('0177-D-2006', 2)":null}}