{"Tipo de Proyecto":{"('0180-S-2006', 0)":"COMUNICACION"},"Iniciado en: ":{"('0180-S-2006', 0)":"Senado"},"Expediente Senado: ":{"('0180-S-2006', 0)":"0180-S-2006"},"Publicado en: ":{"('0180-S-2006', 0)":"Diario de Asuntos Entrados N\u00b0 9"},"Fecha: ":{"('0180-S-2006', 0)":"03\/03\/2006"},"T\u00edtulo":{"('0180-S-2006', 0)":"PEDIDO DE INFORMES AL PODER EJECUTIVO SOBRE EL CONTROL DE LA LEPRA."},"('Firmantes', 'FIRMANTE')":{"('0180-S-2006', 0)":"BASUALDO, ROBERTO GUSTAVO"},"('Firmantes', 'DISTRITO')":{"('0180-S-2006', 0)":"SAN JUAN"},"('Firmantes', 'BLOQUE')":{"('0180-S-2006', 0)":"PRODUCCION Y TRABAJO"},"('Tramites', 'C\u00c1MARA')":{"('0180-S-2006', 0)":"Senado"},"('Tramites', 'MOVIMIENTO')":{"('0180-S-2006', 0)":"APROBACION ARTICULO 106, PARRAFO 3 DEL REGLAMENTO DEL H SENADO CONJUNTAMENTE PARA LOS EXPEDIENTES 3490-S-2005 y 0180-S-2006"},"('Tramites', 'FECHA')":{"('0180-S-2006', 0)":"19\/04\/2006"},"('Tramites', 'RESULTADO')":{"('0180-S-2006', 0)":"APROBADO"},"Link":{"('0180-S-2006', 0)":"http:\/\/www.senado.gov.ar\/parlamentario\/comisiones\/verExp\/180.06\/S\/PC"},"Palabra Clave":{"('0180-S-2006', 0)":" "}}