{"Tipo de Proyecto":{"('0180-D-2006', 0)":"PROYECTO DE RESOLUCI\u00d3N","('0180-D-2006', 1)":null,"('0180-D-2006', 2)":null},"Iniciado en: ":{"('0180-D-2006', 0)":"Diputados","('0180-D-2006', 1)":null,"('0180-D-2006', 2)":null},"Expediente Diputados: ":{"('0180-D-2006', 0)":"0180-D-2006","('0180-D-2006', 1)":null,"('0180-D-2006', 2)":null},"Publicado en: ":{"('0180-D-2006', 0)":"Tr\u00e1mite Parlamentario N\u00b0 2","('0180-D-2006', 1)":null,"('0180-D-2006', 2)":null},"Fecha: ":{"('0180-D-2006', 0)":"02\/03\/2006","('0180-D-2006', 1)":null,"('0180-D-2006', 2)":null},"T\u00edtulo":{"('0180-D-2006', 0)":"COLOCACION DE UNA  PLACA RECORDATORIA DEL DOCTOR ARTURO MARTIN JAURETCHE POR PARTE DE LA HONORABLE CAMARA DE DIPUTADOS DE LA NACION EN EL FRONTISPICIO DEL EDIFICIO DONDE VIVIERA, CONMEMORANDO EL CENTESIMO CUARTO ANIVERSARIO DE SU NATALICIO A CUMPLIRSE EL 13 DE NOVIEMBRE DE 2006.","('0180-D-2006', 1)":null,"('0180-D-2006', 2)":null},"('Firmantes', 'FIRMANTE')":{"('0180-D-2006', 0)":"NEMIROVSCI, OSVALDO MARIO","('0180-D-2006', 1)":"ARTOLA, ISABEL AMANDA","('0180-D-2006', 2)":"FERNANDEZ, ALFREDO CESAR"},"('Firmantes', 'DISTRITO')":{"('0180-D-2006', 0)":"RIO NEGRO","('0180-D-2006', 1)":"BUENOS AIRES","('0180-D-2006', 2)":"MENDOZA"},"('Firmantes', 'BLOQUE')":{"('0180-D-2006', 0)":"FRENTE PARA LA VICTORIA - PJ","('0180-D-2006', 1)":"FRENTE PARA LA VICTORIA - PJ","('0180-D-2006', 2)":"FRENTE PARA LA VICTORIA - PJ"},"('Giros', 'COMISI\u00d3N')":{"('0180-D-2006', 0)":"ASUNTOS MUNICIPALES","('0180-D-2006', 1)":"PETICIONES, PODERES Y REGLAMENTO","('0180-D-2006', 2)":null},"('Tramites', 'C\u00c1MARA')":{"('0180-D-2006', 0)":"Diputados","('0180-D-2006', 1)":null,"('0180-D-2006', 2)":null},"('Tramites', 'MOVIMIENTO')":{"('0180-D-2006', 0)":"CONSIDERACION Y APROBACION","('0180-D-2006', 1)":null,"('0180-D-2006', 2)":null},"('Tramites', 'FECHA')":{"('0180-D-2006', 0)":"19\/07\/2006","('0180-D-2006', 1)":null,"('0180-D-2006', 2)":null},"('Tramites', 'RESULTADO')":{"('0180-D-2006', 0)":"APROBADO","('0180-D-2006', 1)":null,"('0180-D-2006', 2)":null},"Link":{"('0180-D-2006', 0)":"https:\/\/www.hcdn.gob.ar\/proyectos\/textoCompleto.jsp?exp=0180-D-2006&tipo=RESOLUCION","('0180-D-2006', 1)":null,"('0180-D-2006', 2)":null},"Palabra Clave":{"('0180-D-2006', 0)":" ","('0180-D-2006', 1)":null,"('0180-D-2006', 2)":null}}