{"Tipo de Proyecto":{"('0182-S-2006', 0)":"PROYECTO DE RESOLUCI\u00d3N","('0182-S-2006', 1)":null,"('0182-S-2006', 2)":null},"Iniciado en: ":{"('0182-S-2006', 0)":"Senado","('0182-S-2006', 1)":null,"('0182-S-2006', 2)":null},"Expediente Diputados: ":{"('0182-S-2006', 0)":"0182-S-2006","('0182-S-2006', 1)":null,"('0182-S-2006', 2)":null},"Expediente Senado: ":{"('0182-S-2006', 0)":"0232-OV-2006","('0182-S-2006', 1)":null,"('0182-S-2006', 2)":null},"Fecha: ":{"('0182-S-2006', 0)":"08\/09\/2006","('0182-S-2006', 1)":null,"('0182-S-2006', 2)":null},"T\u00edtulo":{"('0182-S-2006', 0)":"PROPUESTA ACUERDO EN EL MARCO DE LA RENEGOCIACION DEL CONTRATO DE CONCESION ENTRE EL ESTADO NACIONAL Y CAMINOS DEL RIO URUGUAY SOCIEDAD ANONIMA - CRUSA - CONCESION DEL CORREDOR 18 - PERTENECIENTE AL GRUPO V DEL SISTEMA VIAL NACIONAL.","('0182-S-2006', 1)":null,"('0182-S-2006', 2)":null},"('Firmantes', 'FIRMANTE')":{"('0182-S-2006', 0)":"BICAMERAL SEG. DE FACULTADES DELEGADAS AL PODER EJECUTIVO NAC. (LEY 25561)","('0182-S-2006', 1)":null,"('0182-S-2006', 2)":null},"('Firmantes', 'DISTRITO')":{"('0182-S-2006', 0)":null,"('0182-S-2006', 1)":null,"('0182-S-2006', 2)":null},"('Firmantes', 'BLOQUE')":{"('0182-S-2006', 0)":null,"('0182-S-2006', 1)":null,"('0182-S-2006', 2)":null},"('Giros', 'COMISI\u00d3N')":{"('0182-S-2006', 0)":"BICAMERAL DE SEGUIMIENTO DE FACULTADES DELEGADAS AL PODER EJECUTIVO NACIONAL - LEY 25561","('0182-S-2006', 1)":null,"('0182-S-2006', 2)":null},"('Tramites', 'C\u00c1MARA')":{"('0182-S-2006', 0)":"Senado","('0182-S-2006', 1)":"Senado","('0182-S-2006', 2)":"Diputados"},"('Tramites', 'MOVIMIENTO')":{"('0182-S-2006', 0)":"MOCION SOBRE TABLAS (AFIRMATIVA)","('0182-S-2006', 1)":"CONSIDERACION Y APROBACION","('0182-S-2006', 2)":"PASA A DIPUTADOS -"},"('Tramites', 'FECHA')":{"('0182-S-2006', 0)":"13\/09\/2006","('0182-S-2006', 1)":"13\/09\/2006","('0182-S-2006', 2)":null},"('Tramites', 'RESULTADO')":{"('0182-S-2006', 0)":null,"('0182-S-2006', 1)":"APROBADO","('0182-S-2006', 2)":null},"Link":{"('0182-S-2006', 0)":"http:\/\/www.senado.gov.ar\/parlamentario\/comisiones\/verExp\/232.06\/OV\/PR","('0182-S-2006', 1)":null,"('0182-S-2006', 2)":null},"Palabra Clave":{"('0182-S-2006', 0)":" ","('0182-S-2006', 1)":null,"('0182-S-2006', 2)":null}}