{"Tipo de Proyecto":{"('0182-D-2006', 0)":"PROYECTO DE RESOLUCI\u00d3N"},"Iniciado en: ":{"('0182-D-2006', 0)":"Diputados"},"Expediente Diputados: ":{"('0182-D-2006', 0)":"0182-D-2006"},"Publicado en: ":{"('0182-D-2006', 0)":"Tr\u00e1mite Parlamentario N\u00b0 2"},"Fecha: ":{"('0182-D-2006', 0)":"02\/03\/2006"},"T\u00edtulo":{"('0182-D-2006', 0)":"SOLICITAR AL PODER EJECUTIVO NACIONAL LA INSTALACION DE ANTENAS REPETIDORAS DE LA FRECUENCIA 870 KILOHERTZ, LRA 1 RADIO NACIONAL, EN LOS MENUCOS, PROVINCIA DE RIO NEGRO."},"('Firmantes', 'FIRMANTE')":{"('0182-D-2006', 0)":"NEMIROVSCI, OSVALDO MARIO"},"('Firmantes', 'DISTRITO')":{"('0182-D-2006', 0)":"RIO NEGRO"},"('Firmantes', 'BLOQUE')":{"('0182-D-2006', 0)":"FRENTE PARA LA VICTORIA - PJ"},"('Giros', 'COMISI\u00d3N')":{"('0182-D-2006', 0)":"COMUNICACIONES E INFORMATICA"},"('Tramites', 'C\u00c1MARA')":{"('0182-D-2006', 0)":"Diputados"},"('Tramites', 'MOVIMIENTO')":{"('0182-D-2006', 0)":"CONSIDERACION Y APROBACION"},"('Tramites', 'FECHA')":{"('0182-D-2006', 0)":"19\/04\/2006"},"('Tramites', 'RESULTADO')":{"('0182-D-2006', 0)":"APROBADO"},"Link":{"('0182-D-2006', 0)":"https:\/\/www.hcdn.gob.ar\/proyectos\/textoCompleto.jsp?exp=0182-D-2006&tipo=RESOLUCION"},"Palabra Clave":{"('0182-D-2006', 0)":" "}}