{"Tipo de Proyecto":{"('0184-S-2006', 0)":"COMUNICACION","('0184-S-2006', 1)":null},"Iniciado en: ":{"('0184-S-2006', 0)":"Senado","('0184-S-2006', 1)":null},"Expediente Senado: ":{"('0184-S-2006', 0)":"0184-S-2006","('0184-S-2006', 1)":null},"Publicado en: ":{"('0184-S-2006', 0)":"Diario de Asuntos Entrados N\u00b0 9","('0184-S-2006', 1)":null},"Fecha: ":{"('0184-S-2006', 0)":"03\/03\/2006","('0184-S-2006', 1)":null},"T\u00edtulo":{"('0184-S-2006', 0)":"SOLICITAR AL PODER EJECUTIVO NACIONAL QUE EL ESTADO DE RIO GRANDE DO SUL DESISTA DE LA SANCION DE UNA NORMA PARA EL ANALISIS DE RESIDUOS AGROQUIMICOS.","('0184-S-2006', 1)":null},"('Firmantes', 'FIRMANTE')":{"('0184-S-2006', 0)":"BASUALDO, ROBERTO GUSTAVO","('0184-S-2006', 1)":null},"('Firmantes', 'DISTRITO')":{"('0184-S-2006', 0)":"SAN JUAN","('0184-S-2006', 1)":null},"('Firmantes', 'BLOQUE')":{"('0184-S-2006', 0)":"PRODUCCION Y TRABAJO","('0184-S-2006', 1)":null},"('Tramites', 'C\u00c1MARA')":{"('0184-S-2006', 0)":"Senado","('0184-S-2006', 1)":"Senado"},"('Tramites', 'MOVIMIENTO')":{"('0184-S-2006', 0)":"CONSIDERACION Y APROBACION CONJUNTAMENTE PARA LOS EXPEDIENTES 0184-S-2006, 0343-S-2006 y 0346-S-2006","('0184-S-2006', 1)":"CONTESTACION DEL PODER EJECUTIVO NACIONAL - GIRADO A LA COMISION RESPECTIVA"},"('Tramites', 'FECHA')":{"('0184-S-2006', 0)":"07\/06\/2006","('0184-S-2006', 1)":null},"('Tramites', 'RESULTADO')":{"('0184-S-2006', 0)":"APROBADO","('0184-S-2006', 1)":null},"Link":{"('0184-S-2006', 0)":"http:\/\/www.senado.gov.ar\/parlamentario\/comisiones\/verExp\/184.06\/S\/PC","('0184-S-2006', 1)":null},"Palabra Clave":{"('0184-S-2006', 0)":" ","('0184-S-2006', 1)":null}}