{"Tipo de Proyecto":{"('0185-D-2006', 0)":"PROYECTO DE DECLARACI\u00d3N"},"Iniciado en: ":{"('0185-D-2006', 0)":"Diputados"},"Expediente Diputados: ":{"('0185-D-2006', 0)":"0185-D-2006"},"Publicado en: ":{"('0185-D-2006', 0)":"Tr\u00e1mite Parlamentario N\u00b0 2"},"Fecha: ":{"('0185-D-2006', 0)":"02\/03\/2006"},"T\u00edtulo":{"('0185-D-2006', 0)":"SOLICITAR AL PODER EJECUTIVO NACIONAL LA CATEGORIZACION DE LA CARRERA DE MECANICO DENTAL QUE SE DICTA EN LA UNIVERSIDAD DE LA PLATA, PROVINCIA DE BUENOS AIRES COMO TECNICATURA."},"('Firmantes', 'FIRMANTE')":{"('0185-D-2006', 0)":"AG\u00dcERO, ELDA SUSANA"},"('Firmantes', 'DISTRITO')":{"('0185-D-2006', 0)":"BUENOS AIRES"},"('Firmantes', 'BLOQUE')":{"('0185-D-2006', 0)":"FRENTE PARA LA VICTORIA - PJ"},"('Giros', 'COMISI\u00d3N')":{"('0185-D-2006', 0)":"EDUCACION"},"Link":{"('0185-D-2006', 0)":"https:\/\/www.hcdn.gob.ar\/proyectos\/textoCompleto.jsp?exp=0185-D-2006&tipo=DECLARACION"},"Palabra Clave":{"('0185-D-2006', 0)":" "}}