{"Tipo de Proyecto":{"('0186-S-2006', 0)":"PROYECTO DE LEY","('0186-S-2006', 1)":null,"('0186-S-2006', 2)":null,"('0186-S-2006', 3)":null,"('0186-S-2006', 4)":null,"('0186-S-2006', 5)":null},"Iniciado en: ":{"('0186-S-2006', 0)":"Senado","('0186-S-2006', 1)":null,"('0186-S-2006', 2)":null,"('0186-S-2006', 3)":null,"('0186-S-2006', 4)":null,"('0186-S-2006', 5)":null},"Expediente Diputados: ":{"('0186-S-2006', 0)":"0186-S-2006","('0186-S-2006', 1)":null,"('0186-S-2006', 2)":null,"('0186-S-2006', 3)":null,"('0186-S-2006', 4)":null,"('0186-S-2006', 5)":null},"Expediente Senado: ":{"('0186-S-2006', 0)":"1931-S-2006","('0186-S-2006', 1)":null,"('0186-S-2006', 2)":null,"('0186-S-2006', 3)":null,"('0186-S-2006', 4)":null,"('0186-S-2006', 5)":null},"Publicado en: ":{"('0186-S-2006', 0)":"Diario de Asuntos Entrados N\u00b0 84","('0186-S-2006', 1)":null,"('0186-S-2006', 2)":null,"('0186-S-2006', 3)":null,"('0186-S-2006', 4)":null,"('0186-S-2006', 5)":null},"Fecha: ":{"('0186-S-2006', 0)":"07\/06\/2006","('0186-S-2006', 1)":null,"('0186-S-2006', 2)":null,"('0186-S-2006', 3)":null,"('0186-S-2006', 4)":null,"('0186-S-2006', 5)":null},"T\u00edtulo":{"('0186-S-2006', 0)":"TRANSFERENCIA A TITULO GRATUITO A LA MUNICIPALIDAD DE PRESIDENCIA DE LA PLAZA, PROVINCIA DEL CHACO, UN INMUEBLE PROPIEDAD DEL ESTADO NACIONAL.","('0186-S-2006', 1)":null,"('0186-S-2006', 2)":null,"('0186-S-2006', 3)":null,"('0186-S-2006', 4)":null,"('0186-S-2006', 5)":null},"('Firmantes', 'FIRMANTE')":{"('0186-S-2006', 0)":"CAPITANICH, JORGE","('0186-S-2006', 1)":"CURLETTI, MIRIAM BELEN","('0186-S-2006', 2)":"MASTANDREA, ALICIA ESTER","('0186-S-2006', 3)":null,"('0186-S-2006', 4)":null,"('0186-S-2006', 5)":null},"('Firmantes', 'DISTRITO')":{"('0186-S-2006', 0)":"CHACO","('0186-S-2006', 1)":"CHACO","('0186-S-2006', 2)":"CHACO","('0186-S-2006', 3)":null,"('0186-S-2006', 4)":null,"('0186-S-2006', 5)":null},"('Firmantes', 'BLOQUE')":{"('0186-S-2006', 0)":"JUSTICIALISTA","('0186-S-2006', 1)":"UCR","('0186-S-2006', 2)":"UCR","('0186-S-2006', 3)":null,"('0186-S-2006', 4)":null,"('0186-S-2006', 5)":null},"('Giros', 'COMISI\u00d3N')":{"('0186-S-2006', 0)":"LEGISLACION GENERAL","('0186-S-2006', 1)":"CIENCIA Y TECNOLOGIA","('0186-S-2006', 2)":null,"('0186-S-2006', 3)":null,"('0186-S-2006', 4)":null,"('0186-S-2006', 5)":null},"('Tramites', 'C\u00c1MARA')":{"('0186-S-2006', 0)":"Senado","('0186-S-2006', 1)":"Diputados","('0186-S-2006', 2)":"Diputados","('0186-S-2006', 3)":"Diputados","('0186-S-2006', 4)":"Diputados","('0186-S-2006', 5)":"Diputados"},"('Tramites', 'MOVIMIENTO')":{"('0186-S-2006', 0)":"CONSIDERACION Y APROBACION","('0186-S-2006', 1)":"PASA A DIPUTADOS -","('0186-S-2006', 2)":"MOCION DE PREFERENCIA PARA LA PROXIMA SESION CON DICTAMEN (AFIRMATIVA)","('0186-S-2006', 3)":"MOCION DE PREFERENCIA PARA LA PROXIMA SESION CON DICTAMEN (AFIRMATIVA)","('0186-S-2006', 4)":"MOCION DE PREFERENCIA CON DICTAMEN (AFIRMATIVA)","('0186-S-2006', 5)":"CONSIDERACION Y SANCION"},"('Tramites', 'FECHA')":{"('0186-S-2006', 0)":"27\/09\/2006","('0186-S-2006', 1)":null,"('0186-S-2006', 2)":"27\/08\/2008","('0186-S-2006', 3)":"03\/09\/2008","('0186-S-2006', 4)":"03\/12\/2008","('0186-S-2006', 5)":"10\/12\/2008"},"('Tramites', 'RESULTADO')":{"('0186-S-2006', 0)":"MEDIA SANCION","('0186-S-2006', 1)":null,"('0186-S-2006', 2)":null,"('0186-S-2006', 3)":null,"('0186-S-2006', 4)":null,"('0186-S-2006', 5)":"SANCIONADO"},"Link":{"('0186-S-2006', 0)":"http:\/\/www.senado.gov.ar\/parlamentario\/comisiones\/verExp\/1931.06\/S\/PL","('0186-S-2006', 1)":null,"('0186-S-2006', 2)":null,"('0186-S-2006', 3)":null,"('0186-S-2006', 4)":null,"('0186-S-2006', 5)":null},"Palabra Clave":{"('0186-S-2006', 0)":" ","('0186-S-2006', 1)":null,"('0186-S-2006', 2)":null,"('0186-S-2006', 3)":null,"('0186-S-2006', 4)":null,"('0186-S-2006', 5)":null}}