{"Tipo de Proyecto":{"('0187-D-2006', 0)":"PROYECTO DE DECLARACI\u00d3N"},"Iniciado en: ":{"('0187-D-2006', 0)":"Diputados"},"Expediente Diputados: ":{"('0187-D-2006', 0)":"0187-D-2006"},"Publicado en: ":{"('0187-D-2006', 0)":"Tr\u00e1mite Parlamentario N\u00b0 2"},"Fecha: ":{"('0187-D-2006', 0)":"02\/03\/2006"},"T\u00edtulo":{"('0187-D-2006', 0)":"DECLARAR DE INTERES NACIONAL EL ENCUENTRO DE CINE ARGENTINO - EUROPEO \"PANTALLA PINAMAR\", A REALIZARSE A PRINCIPIOS DEL MES DE DICIEMBRE DE 2006 EN PINAMAR, PROVINCIA DE BUENOS AIRES."},"('Firmantes', 'FIRMANTE')":{"('0187-D-2006', 0)":"AG\u00dcERO, ELDA SUSANA"},"('Firmantes', 'DISTRITO')":{"('0187-D-2006', 0)":"BUENOS AIRES"},"('Firmantes', 'BLOQUE')":{"('0187-D-2006', 0)":"JUSTICIALISTA"},"('Giros', 'COMISI\u00d3N')":{"('0187-D-2006', 0)":"CULTURA"},"('Tramites', 'C\u00c1MARA')":{"('0187-D-2006', 0)":"Diputados"},"('Tramites', 'MOVIMIENTO')":{"('0187-D-2006', 0)":"CONSIDERACION Y APROBACION"},"('Tramites', 'FECHA')":{"('0187-D-2006', 0)":"11\/10\/2006"},"('Tramites', 'RESULTADO')":{"('0187-D-2006', 0)":"APROBADO"},"Link":{"('0187-D-2006', 0)":"https:\/\/www.hcdn.gob.ar\/proyectos\/textoCompleto.jsp?exp=0187-D-2006&tipo=DECLARACION"},"Palabra Clave":{"('0187-D-2006', 0)":" "}}