{"Tipo de Proyecto":{"('0189-D-2006', 0)":"PROYECTO DE DECLARACI\u00d3N","('0189-D-2006', 1)":null,"('0189-D-2006', 2)":null,"('0189-D-2006', 3)":null,"('0189-D-2006', 4)":null,"('0189-D-2006', 5)":null,"('0189-D-2006', 6)":null,"('0189-D-2006', 7)":null,"('0189-D-2006', 8)":null,"('0189-D-2006', 9)":null,"('0189-D-2006', 10)":null,"('0189-D-2006', 11)":null,"('0189-D-2006', 12)":null},"Iniciado en: ":{"('0189-D-2006', 0)":"Diputados","('0189-D-2006', 1)":null,"('0189-D-2006', 2)":null,"('0189-D-2006', 3)":null,"('0189-D-2006', 4)":null,"('0189-D-2006', 5)":null,"('0189-D-2006', 6)":null,"('0189-D-2006', 7)":null,"('0189-D-2006', 8)":null,"('0189-D-2006', 9)":null,"('0189-D-2006', 10)":null,"('0189-D-2006', 11)":null,"('0189-D-2006', 12)":null},"Expediente Diputados: ":{"('0189-D-2006', 0)":"0189-D-2006","('0189-D-2006', 1)":null,"('0189-D-2006', 2)":null,"('0189-D-2006', 3)":null,"('0189-D-2006', 4)":null,"('0189-D-2006', 5)":null,"('0189-D-2006', 6)":null,"('0189-D-2006', 7)":null,"('0189-D-2006', 8)":null,"('0189-D-2006', 9)":null,"('0189-D-2006', 10)":null,"('0189-D-2006', 11)":null,"('0189-D-2006', 12)":null},"Publicado en: ":{"('0189-D-2006', 0)":"Tr\u00e1mite Parlamentario N\u00b0 2","('0189-D-2006', 1)":null,"('0189-D-2006', 2)":null,"('0189-D-2006', 3)":null,"('0189-D-2006', 4)":null,"('0189-D-2006', 5)":null,"('0189-D-2006', 6)":null,"('0189-D-2006', 7)":null,"('0189-D-2006', 8)":null,"('0189-D-2006', 9)":null,"('0189-D-2006', 10)":null,"('0189-D-2006', 11)":null,"('0189-D-2006', 12)":null},"Fecha: ":{"('0189-D-2006', 0)":"02\/03\/2006","('0189-D-2006', 1)":null,"('0189-D-2006', 2)":null,"('0189-D-2006', 3)":null,"('0189-D-2006', 4)":null,"('0189-D-2006', 5)":null,"('0189-D-2006', 6)":null,"('0189-D-2006', 7)":null,"('0189-D-2006', 8)":null,"('0189-D-2006', 9)":null,"('0189-D-2006', 10)":null,"('0189-D-2006', 11)":null,"('0189-D-2006', 12)":null},"T\u00edtulo":{"('0189-D-2006', 0)":"DECLARAR DE INTERES DE LA HONORABLE CAMARA DE DIPUTADOS DE LA NACION LA \"XXVII ASAMBLEA ANUAL Y FORO DE LA INDUSTRIA FARMACEUTICA LATINOAMERICANA\", A REALIZARSE DEL 20 AL 24 DE MARZO DE 2006 EN LA LOCALIDAD DE EL CALAFATE, PROVINCIA DE SANTA CRUZ.","('0189-D-2006', 1)":null,"('0189-D-2006', 2)":null,"('0189-D-2006', 3)":null,"('0189-D-2006', 4)":null,"('0189-D-2006', 5)":null,"('0189-D-2006', 6)":null,"('0189-D-2006', 7)":null,"('0189-D-2006', 8)":null,"('0189-D-2006', 9)":null,"('0189-D-2006', 10)":null,"('0189-D-2006', 11)":null,"('0189-D-2006', 12)":null},"('Firmantes', 'FIRMANTE')":{"('0189-D-2006', 0)":"GIORGETTI, JORGE RAUL","('0189-D-2006', 1)":"JEREZ, ESTEBAN EDUARDO","('0189-D-2006', 2)":"CANTERO GUTIERREZ, ALBERTO","('0189-D-2006', 3)":"GUTIERREZ, FRANCISCO VIRGILIO","('0189-D-2006', 4)":"ALARCON, MARIA DEL CARMEN","('0189-D-2006', 5)":"DAZA, HECTOR RUBEN","('0189-D-2006', 6)":"PERIE, HUGO RUBEN","('0189-D-2006', 7)":"ROSSI, AGUSTIN OSCAR","('0189-D-2006', 8)":"LAMBERTO, OSCAR","('0189-D-2006', 9)":"MARCONATO, GUSTAVO ANGEL","('0189-D-2006', 10)":"FIGUEROA, JOSE OSCAR","('0189-D-2006', 11)":"HERRERA, GRISELDA NOEMI","('0189-D-2006', 12)":"LOVAGLIO SARAVIA, ANTONIO"},"('Firmantes', 'DISTRITO')":{"('0189-D-2006', 0)":"SANTA FE","('0189-D-2006', 1)":"TUCUMAN","('0189-D-2006', 2)":"CORDOBA","('0189-D-2006', 3)":"BUENOS AIRES","('0189-D-2006', 4)":"SANTA FE","('0189-D-2006', 5)":"JUJUY","('0189-D-2006', 6)":"CORRIENTES","('0189-D-2006', 7)":"SANTA FE","('0189-D-2006', 8)":"SANTA FE","('0189-D-2006', 9)":"SANTA FE","('0189-D-2006', 10)":"SANTIAGO DEL ESTERO","('0189-D-2006', 11)":"LA RIOJA","('0189-D-2006', 12)":"SALTA"},"('Firmantes', 'BLOQUE')":{"('0189-D-2006', 0)":"FRENTE PARA LA VICTORIA - PJ","('0189-D-2006', 1)":"PRO","('0189-D-2006', 2)":"FRENTE PARA LA VICTORIA - PJ","('0189-D-2006', 3)":"FRENTE PARA LA VICTORIA - PJ","('0189-D-2006', 4)":"FRENTE PARA LA VICTORIA - PJ","('0189-D-2006', 5)":"FRENTE PARA LA VICTORIA - PJ","('0189-D-2006', 6)":"FRENTE PARA LA VICTORIA - PJ","('0189-D-2006', 7)":"FRENTE PARA LA VICTORIA - PJ","('0189-D-2006', 8)":"FRENTE PARA LA VICTORIA - PJ","('0189-D-2006', 9)":"FRENTE PARA LA VICTORIA - PJ","('0189-D-2006', 10)":"FRENTE PARA LA VICTORIA - PJ","('0189-D-2006', 11)":"FRENTE PARA LA VICTORIA - PJ","('0189-D-2006', 12)":"FRENTE PARA LA VICTORIA - PJ"},"('Giros', 'COMISI\u00d3N')":{"('0189-D-2006', 0)":"INDUSTRIA","('0189-D-2006', 1)":null,"('0189-D-2006', 2)":null,"('0189-D-2006', 3)":null,"('0189-D-2006', 4)":null,"('0189-D-2006', 5)":null,"('0189-D-2006', 6)":null,"('0189-D-2006', 7)":null,"('0189-D-2006', 8)":null,"('0189-D-2006', 9)":null,"('0189-D-2006', 10)":null,"('0189-D-2006', 11)":null,"('0189-D-2006', 12)":null},"('Tramites', 'C\u00c1MARA')":{"('0189-D-2006', 0)":"Diputados","('0189-D-2006', 1)":null,"('0189-D-2006', 2)":null,"('0189-D-2006', 3)":null,"('0189-D-2006', 4)":null,"('0189-D-2006', 5)":null,"('0189-D-2006', 6)":null,"('0189-D-2006', 7)":null,"('0189-D-2006', 8)":null,"('0189-D-2006', 9)":null,"('0189-D-2006', 10)":null,"('0189-D-2006', 11)":null,"('0189-D-2006', 12)":null},"('Tramites', 'MOVIMIENTO')":{"('0189-D-2006', 0)":"CONSIDERACION Y APROBACION","('0189-D-2006', 1)":null,"('0189-D-2006', 2)":null,"('0189-D-2006', 3)":null,"('0189-D-2006', 4)":null,"('0189-D-2006', 5)":null,"('0189-D-2006', 6)":null,"('0189-D-2006', 7)":null,"('0189-D-2006', 8)":null,"('0189-D-2006', 9)":null,"('0189-D-2006', 10)":null,"('0189-D-2006', 11)":null,"('0189-D-2006', 12)":null},"('Tramites', 'FECHA')":{"('0189-D-2006', 0)":"10\/05\/2006","('0189-D-2006', 1)":null,"('0189-D-2006', 2)":null,"('0189-D-2006', 3)":null,"('0189-D-2006', 4)":null,"('0189-D-2006', 5)":null,"('0189-D-2006', 6)":null,"('0189-D-2006', 7)":null,"('0189-D-2006', 8)":null,"('0189-D-2006', 9)":null,"('0189-D-2006', 10)":null,"('0189-D-2006', 11)":null,"('0189-D-2006', 12)":null},"('Tramites', 'RESULTADO')":{"('0189-D-2006', 0)":"APROBADO","('0189-D-2006', 1)":null,"('0189-D-2006', 2)":null,"('0189-D-2006', 3)":null,"('0189-D-2006', 4)":null,"('0189-D-2006', 5)":null,"('0189-D-2006', 6)":null,"('0189-D-2006', 7)":null,"('0189-D-2006', 8)":null,"('0189-D-2006', 9)":null,"('0189-D-2006', 10)":null,"('0189-D-2006', 11)":null,"('0189-D-2006', 12)":null},"Link":{"('0189-D-2006', 0)":"https:\/\/www.hcdn.gob.ar\/proyectos\/textoCompleto.jsp?exp=0189-D-2006&tipo=DECLARACION","('0189-D-2006', 1)":null,"('0189-D-2006', 2)":null,"('0189-D-2006', 3)":null,"('0189-D-2006', 4)":null,"('0189-D-2006', 5)":null,"('0189-D-2006', 6)":null,"('0189-D-2006', 7)":null,"('0189-D-2006', 8)":null,"('0189-D-2006', 9)":null,"('0189-D-2006', 10)":null,"('0189-D-2006', 11)":null,"('0189-D-2006', 12)":null},"Palabra Clave":{"('0189-D-2006', 0)":" ","('0189-D-2006', 1)":null,"('0189-D-2006', 2)":null,"('0189-D-2006', 3)":null,"('0189-D-2006', 4)":null,"('0189-D-2006', 5)":null,"('0189-D-2006', 6)":null,"('0189-D-2006', 7)":null,"('0189-D-2006', 8)":null,"('0189-D-2006', 9)":null,"('0189-D-2006', 10)":null,"('0189-D-2006', 11)":null,"('0189-D-2006', 12)":null}}