{"Tipo de Proyecto":{"('0190-S-2006', 0)":"PROYECTO DE RESOLUCI\u00d3N","('0190-S-2006', 1)":null,"('0190-S-2006', 2)":null},"Iniciado en: ":{"('0190-S-2006', 0)":"Senado","('0190-S-2006', 1)":null,"('0190-S-2006', 2)":null},"Expediente Diputados: ":{"('0190-S-2006', 0)":"0190-S-2006","('0190-S-2006', 1)":null,"('0190-S-2006', 2)":null},"Expediente Senado: ":{"('0190-S-2006', 0)":"0541-OV-2005","('0190-S-2006', 1)":null,"('0190-S-2006', 2)":null},"Fecha: ":{"('0190-S-2006', 0)":"06\/09\/2006","('0190-S-2006', 1)":null,"('0190-S-2006', 2)":null},"T\u00edtulo":{"('0190-S-2006', 0)":"PEDIDO DE INFORMES AL PODER EJECUTIVO SOBRE RESOLUCION REMITIDA POR LA AUDITORIA GENERAL DE LA NACION REFERENTE A LOS ESTADOS FINANCIEROS AL 31 DE DICIEMBRE DE 2004 CORRESPONDIENTES AL PROYECTO PNUD ARG\/00\/010 \"FORTALECIMIENTO Y APOYO A LA UNIDAD DE COORDINACION DE PROGRAMAS Y PROYECTOS CON FINANCIAMIENTO EXTERNO DEL MINISTERIO DE SALUD\".","('0190-S-2006', 1)":null,"('0190-S-2006', 2)":null},"('Firmantes', 'FIRMANTE')":{"('0190-S-2006', 0)":"PARLAMENTARIA MIXTA REVISORA DE CUENTAS","('0190-S-2006', 1)":null,"('0190-S-2006', 2)":null},"('Firmantes', 'DISTRITO')":{"('0190-S-2006', 0)":null,"('0190-S-2006', 1)":null,"('0190-S-2006', 2)":null},"('Firmantes', 'BLOQUE')":{"('0190-S-2006', 0)":null,"('0190-S-2006', 1)":null,"('0190-S-2006', 2)":null},"('Giros', 'COMISI\u00d3N')":{"('0190-S-2006', 0)":"PARLAMENTARIA MIXTA REVISORA DE CUENTAS","('0190-S-2006', 1)":null,"('0190-S-2006', 2)":null},"('Tramites', 'C\u00c1MARA')":{"('0190-S-2006', 0)":"Senado","('0190-S-2006', 1)":"Diputados","('0190-S-2006', 2)":"Diputados"},"('Tramites', 'MOVIMIENTO')":{"('0190-S-2006', 0)":"CONSIDERACION Y APROBACION","('0190-S-2006', 1)":"PASA A DIPUTADOS -","('0190-S-2006', 2)":"CONSIDERACION Y APROBACION"},"('Tramites', 'FECHA')":{"('0190-S-2006', 0)":"27\/09\/2006","('0190-S-2006', 1)":null,"('0190-S-2006', 2)":"08\/11\/2006"},"('Tramites', 'RESULTADO')":{"('0190-S-2006', 0)":"APROBADO","('0190-S-2006', 1)":null,"('0190-S-2006', 2)":"APROBADO"},"Link":{"('0190-S-2006', 0)":"http:\/\/www.senado.gov.ar\/parlamentario\/comisiones\/verExp\/541.05\/OV\/PR","('0190-S-2006', 1)":null,"('0190-S-2006', 2)":null},"Palabra Clave":{"('0190-S-2006', 0)":" ","('0190-S-2006', 1)":null,"('0190-S-2006', 2)":null}}