{"Tipo de Proyecto":{"('0192-S-2006', 0)":"PROYECTO DE RESOLUCI\u00d3N","('0192-S-2006', 1)":null,"('0192-S-2006', 2)":null,"('0192-S-2006', 3)":null},"Iniciado en: ":{"('0192-S-2006', 0)":"Senado","('0192-S-2006', 1)":null,"('0192-S-2006', 2)":null,"('0192-S-2006', 3)":null},"Expediente Diputados: ":{"('0192-S-2006', 0)":"0192-S-2006","('0192-S-2006', 1)":null,"('0192-S-2006', 2)":null,"('0192-S-2006', 3)":null},"Expediente Senado: ":{"('0192-S-2006', 0)":"0544-OV-2005","('0192-S-2006', 1)":null,"('0192-S-2006', 2)":null,"('0192-S-2006', 3)":null},"Fecha: ":{"('0192-S-2006', 0)":"06\/09\/2006","('0192-S-2006', 1)":null,"('0192-S-2006', 2)":null,"('0192-S-2006', 3)":null},"T\u00edtulo":{"('0192-S-2006', 0)":"PEDIDO DE INFORMES AL PODER EJECUTIVO SOBRE RESOLUCION REMITIDA POR LA AUDITORIA GENERAL DE LA NACION REFERENTE A LOS ESTADOS FINANCIEROS AL 31 DE DICIEMBRE DE 2004 CORRESPONDIENTES AL PROYECTO PNUD ARG\/98\/013 APOYO Y FORTALECIMIENTO A LA UNIDAD EJECUTORA DE LA PROVINCIA DE MENDOZA DEL PROGRAMA MATERNO INFANTIL Y NUTRICION - PROMIN II - CONVENIO DE PRESTAMO 4164-AR BIRF.","('0192-S-2006', 1)":null,"('0192-S-2006', 2)":null,"('0192-S-2006', 3)":null},"('Firmantes', 'FIRMANTE')":{"('0192-S-2006', 0)":"PARLAMENTARIA MIXTA REVISORA DE CUENTAS","('0192-S-2006', 1)":null,"('0192-S-2006', 2)":null,"('0192-S-2006', 3)":null},"('Firmantes', 'DISTRITO')":{"('0192-S-2006', 0)":null,"('0192-S-2006', 1)":null,"('0192-S-2006', 2)":null,"('0192-S-2006', 3)":null},"('Firmantes', 'BLOQUE')":{"('0192-S-2006', 0)":null,"('0192-S-2006', 1)":null,"('0192-S-2006', 2)":null,"('0192-S-2006', 3)":null},"('Giros', 'COMISI\u00d3N')":{"('0192-S-2006', 0)":"PARLAMENTARIA MIXTA REVISORA DE CUENTAS","('0192-S-2006', 1)":null,"('0192-S-2006', 2)":null,"('0192-S-2006', 3)":null},"('Tramites', 'C\u00c1MARA')":{"('0192-S-2006', 0)":"Senado","('0192-S-2006', 1)":"Diputados","('0192-S-2006', 2)":"Diputados","('0192-S-2006', 3)":"Diputados"},"('Tramites', 'MOVIMIENTO')":{"('0192-S-2006', 0)":"CONSIDERACION Y APROBACION","('0192-S-2006', 1)":"PASA A DIPUTADOS -","('0192-S-2006', 2)":"CONSIDERACION Y APROBACION","('0192-S-2006', 3)":"CONTESTACION DEL PODER EJECUTIVO NACIONAL - JEFE DE GABINETE DE MINISTROS - GIRADO A LA COMISION RESPECTIVA"},"('Tramites', 'FECHA')":{"('0192-S-2006', 0)":"27\/09\/2006","('0192-S-2006', 1)":null,"('0192-S-2006', 2)":"08\/11\/2006","('0192-S-2006', 3)":"07\/11\/2007"},"('Tramites', 'RESULTADO')":{"('0192-S-2006', 0)":"APROBADO","('0192-S-2006', 1)":null,"('0192-S-2006', 2)":"APROBADO","('0192-S-2006', 3)":null},"Link":{"('0192-S-2006', 0)":"http:\/\/www.senado.gov.ar\/parlamentario\/comisiones\/verExp\/544.05\/OV\/PR","('0192-S-2006', 1)":null,"('0192-S-2006', 2)":null,"('0192-S-2006', 3)":null},"Palabra Clave":{"('0192-S-2006', 0)":" ","('0192-S-2006', 1)":null,"('0192-S-2006', 2)":null,"('0192-S-2006', 3)":null}}