{"Tipo de Proyecto":{"('0196-D-2006', 0)":"PROYECTO DE DECLARACI\u00d3N","('0196-D-2006', 1)":null},"Iniciado en: ":{"('0196-D-2006', 0)":"Diputados","('0196-D-2006', 1)":null},"Expediente Diputados: ":{"('0196-D-2006', 0)":"0196-D-2006","('0196-D-2006', 1)":null},"Publicado en: ":{"('0196-D-2006', 0)":"Tr\u00e1mite Parlamentario N\u00b0 2","('0196-D-2006', 1)":null},"Fecha: ":{"('0196-D-2006', 0)":"02\/03\/2006","('0196-D-2006', 1)":null},"T\u00edtulo":{"('0196-D-2006', 0)":"SOLICITAR AL PODER EJECUTIVO NACIONAL LA MODIFICACION DEL REGIMEN SIMPLIFICADO PARA PEQUE\u00d1OS CONTRIBUYENTES ASOCIADOS A COOPERATIVAS DE TRABAJO, RESOLUCION AFIP 1819\/05.","('0196-D-2006', 1)":null},"('Firmantes', 'FIRMANTE')":{"('0196-D-2006', 0)":"GODOY, JUAN CARLOS LUCIO","('0196-D-2006', 1)":"MARTINEZ GARBINO, EMILIO RAUL"},"('Firmantes', 'DISTRITO')":{"('0196-D-2006', 0)":"ENTRE RIOS","('0196-D-2006', 1)":"ENTRE RIOS"},"('Firmantes', 'BLOQUE')":{"('0196-D-2006', 0)":"CONCERTACION ENTRERRIANA","('0196-D-2006', 1)":"CONCERTACION ENTRERRIANA"},"('Giros', 'COMISI\u00d3N')":{"('0196-D-2006', 0)":"PRESUPUESTO Y HACIENDA","('0196-D-2006', 1)":"ASUNTOS COOPERATIVOS, MUTUALES Y DE ORG.NO GUBERNAMENTALES"},"Link":{"('0196-D-2006', 0)":"https:\/\/www.hcdn.gob.ar\/proyectos\/textoCompleto.jsp?exp=0196-D-2006&tipo=DECLARACION","('0196-D-2006', 1)":null},"Palabra Clave":{"('0196-D-2006', 0)":" ","('0196-D-2006', 1)":null}}