{"Tipo de Proyecto":{"('0199-S-2006', 0)":"PROYECTO DE LEY","('0199-S-2006', 1)":null,"('0199-S-2006', 2)":null,"('0199-S-2006', 3)":null},"Iniciado en: ":{"('0199-S-2006', 0)":"Senado","('0199-S-2006', 1)":null,"('0199-S-2006', 2)":null,"('0199-S-2006', 3)":null},"Expediente Diputados: ":{"('0199-S-2006', 0)":"0199-S-2006","('0199-S-2006', 1)":null,"('0199-S-2006', 2)":null,"('0199-S-2006', 3)":null},"Expediente Senado: ":{"('0199-S-2006', 0)":"3473-S-2006","('0199-S-2006', 1)":null,"('0199-S-2006', 2)":null,"('0199-S-2006', 3)":null},"Publicado en: ":{"('0199-S-2006', 0)":"Diario de Asuntos Entrados N\u00b0 157","('0199-S-2006', 1)":null,"('0199-S-2006', 2)":null,"('0199-S-2006', 3)":null},"Fecha: ":{"('0199-S-2006', 0)":"27\/09\/2006","('0199-S-2006', 1)":null,"('0199-S-2006', 2)":null,"('0199-S-2006', 3)":null},"T\u00edtulo":{"('0199-S-2006', 0)":"MODIFICACION DE LA LEY 26090, DE DECLARACION COMO ZONA DE DESASTRE Y EMERGENCIA ECONOMICA Y SOCIAL A DIVERSOS DEPARTAMENTOS DE LA PROVINCIA DEL CHACO: INCORPORAR A LA MISMA A DIVERSOS DEPARTAMENTOS DE LA PROVINCIA DE SANTA FE.","('0199-S-2006', 1)":null,"('0199-S-2006', 2)":null,"('0199-S-2006', 3)":null},"('Firmantes', 'FIRMANTE')":{"('0199-S-2006', 0)":"REUTEMANN, CARLOS ALBERTO","('0199-S-2006', 1)":"LATORRE, ROXANA","('0199-S-2006', 2)":null,"('0199-S-2006', 3)":null},"('Firmantes', 'DISTRITO')":{"('0199-S-2006', 0)":"SANTA FE","('0199-S-2006', 1)":"SANTA FE","('0199-S-2006', 2)":null,"('0199-S-2006', 3)":null},"('Firmantes', 'BLOQUE')":{"('0199-S-2006', 0)":"JUSTICIALISTA","('0199-S-2006', 1)":"JUSTICIALISTA","('0199-S-2006', 2)":null,"('0199-S-2006', 3)":null},"('Giros', 'COMISI\u00d3N')":{"('0199-S-2006', 0)":"PRESUPUESTO Y HACIENDA","('0199-S-2006', 1)":"AGRICULTURA Y GANADERIA","('0199-S-2006', 2)":null,"('0199-S-2006', 3)":null},"('Tramites', 'C\u00c1MARA')":{"('0199-S-2006', 0)":"Senado","('0199-S-2006', 1)":"Senado","('0199-S-2006', 2)":"Senado","('0199-S-2006', 3)":"Diputados"},"('Tramites', 'MOVIMIENTO')":{"('0199-S-2006', 0)":"MOCION DE PREFERENCIA PARA LA PROXIMA SESION CON O SIN DICTAMEN (AFIRMATIVA)","('0199-S-2006', 1)":"MOCION SOBRE TABLAS (AFIRMATIVA)","('0199-S-2006', 2)":"CONSIDERACION Y APROBACION","('0199-S-2006', 3)":"PASA A DIPUTADOS -"},"('Tramites', 'FECHA')":{"('0199-S-2006', 0)":"27\/09\/2006","('0199-S-2006', 1)":"04\/10\/2006","('0199-S-2006', 2)":"04\/10\/2006","('0199-S-2006', 3)":null},"('Tramites', 'RESULTADO')":{"('0199-S-2006', 0)":null,"('0199-S-2006', 1)":null,"('0199-S-2006', 2)":"MEDIA SANCION","('0199-S-2006', 3)":null},"Link":{"('0199-S-2006', 0)":"http:\/\/www.senado.gov.ar\/parlamentario\/comisiones\/verExp\/3473.06\/S\/PL","('0199-S-2006', 1)":null,"('0199-S-2006', 2)":null,"('0199-S-2006', 3)":null},"Palabra Clave":{"('0199-S-2006', 0)":" ","('0199-S-2006', 1)":null,"('0199-S-2006', 2)":null,"('0199-S-2006', 3)":null}}