{"Tipo de Proyecto":{"('0201-S-2006', 0)":"PROYECTO DE LEY"},"Iniciado en: ":{"('0201-S-2006', 0)":"Senado"},"Expediente Senado: ":{"('0201-S-2006', 0)":"0201-S-2006"},"Publicado en: ":{"('0201-S-2006', 0)":"Diario de Asuntos Entrados N\u00b0 10"},"Fecha: ":{"('0201-S-2006', 0)":"03\/03\/2006"},"T\u00edtulo":{"('0201-S-2006', 0)":"MODIFICACION AL CODIGO PENAL."},"('Firmantes', 'FIRMANTE')":{"('0201-S-2006', 0)":"BASUALDO, ROBERTO GUSTAVO"},"('Firmantes', 'DISTRITO')":{"('0201-S-2006', 0)":"SAN JUAN"},"('Firmantes', 'BLOQUE')":{"('0201-S-2006', 0)":"PRODUCCION Y TRABAJO"},"Sumario":{"('0201-S-2006', 0)":"INCORPORACION DEL INCISO 7) DEL ARTICULO 163 (HURTO DE UN BIEN PERTENECIENTE AL PATRIMONIO CULTURAL DE LA NACION)."},"Palabra Clave":{"('0201-S-2006', 0)":" "}}