{"Tipo de Proyecto":{"('0202-S-2006', 0)":"PROYECTO DE RESOLUCI\u00d3N","('0202-S-2006', 1)":null,"('0202-S-2006', 2)":null},"Iniciado en: ":{"('0202-S-2006', 0)":"Senado","('0202-S-2006', 1)":null,"('0202-S-2006', 2)":null},"Expediente Diputados: ":{"('0202-S-2006', 0)":"0202-S-2006","('0202-S-2006', 1)":null,"('0202-S-2006', 2)":null},"Expediente Senado: ":{"('0202-S-2006', 0)":"0270-OV-2006","('0202-S-2006', 1)":null,"('0202-S-2006', 2)":null},"Fecha: ":{"('0202-S-2006', 0)":"29\/09\/2006","('0202-S-2006', 1)":null,"('0202-S-2006', 2)":null},"T\u00edtulo":{"('0202-S-2006', 0)":"SOMETER A ESTUDIO EL ACTA ACUERDO DE RENEGOCIACION DEL CONTRATO EN RELACION A LA EMPRESA DE TRANSPORTE DE ENERGIA ELECTRICA POR DISTRIBUCION TRONCAL DE LA PATAGONIA SOCIEDAD ANONIMA (TRANSPA S.A.) SUSCRITA POR LA UNIDAD DE RENEGOCIACION Y ANALISIS DE CONTRATOS DE SERVICIOS PUBLICOS - UNIREM - Y LA PRECITADA EMPRESA.","('0202-S-2006', 1)":null,"('0202-S-2006', 2)":null},"('Firmantes', 'FIRMANTE')":{"('0202-S-2006', 0)":"BICAMERAL SEG. DE FACULTADES DELEGADAS AL PODER EJECUTIVO NAC. (LEY 25561)","('0202-S-2006', 1)":null,"('0202-S-2006', 2)":null},"('Firmantes', 'DISTRITO')":{"('0202-S-2006', 0)":null,"('0202-S-2006', 1)":null,"('0202-S-2006', 2)":null},"('Firmantes', 'BLOQUE')":{"('0202-S-2006', 0)":null,"('0202-S-2006', 1)":null,"('0202-S-2006', 2)":null},"('Giros', 'COMISI\u00d3N')":{"('0202-S-2006', 0)":"BICAMERAL DE SEGUIMIENTO DE FACULTADES DELEGADAS AL PODER EJECUTIVO NACIONAL - LEY 25561","('0202-S-2006', 1)":null,"('0202-S-2006', 2)":null},"('Tramites', 'C\u00c1MARA')":{"('0202-S-2006', 0)":"Senado","('0202-S-2006', 1)":"Diputados","('0202-S-2006', 2)":"Diputados"},"('Tramites', 'MOVIMIENTO')":{"('0202-S-2006', 0)":"CONSIDERACION Y APROBACION","('0202-S-2006', 1)":"PASA A DIPUTADOS -","('0202-S-2006', 2)":"MOCION SOBRE TABLAS (PLAN DE LABOR) (AFIRMATIVA)"},"('Tramites', 'FECHA')":{"('0202-S-2006', 0)":"04\/10\/2006","('0202-S-2006', 1)":null,"('0202-S-2006', 2)":"04\/10\/2006"},"('Tramites', 'RESULTADO')":{"('0202-S-2006', 0)":"APROBADO","('0202-S-2006', 1)":null,"('0202-S-2006', 2)":null},"Link":{"('0202-S-2006', 0)":"http:\/\/www.senado.gov.ar\/parlamentario\/comisiones\/verExp\/270.06\/OV\/PR","('0202-S-2006', 1)":null,"('0202-S-2006', 2)":null},"Palabra Clave":{"('0202-S-2006', 0)":" ","('0202-S-2006', 1)":null,"('0202-S-2006', 2)":null}}