{"Tipo de Proyecto":{"('0203-S-2006', 0)":"MENSAJE NRO: 1108\/06 Y PROYECTO DE LEY","('0203-S-2006', 1)":null,"('0203-S-2006', 2)":null,"('0203-S-2006', 3)":null,"('0203-S-2006', 4)":null,"('0203-S-2006', 5)":null},"Iniciado en: ":{"('0203-S-2006', 0)":"Senado","('0203-S-2006', 1)":null,"('0203-S-2006', 2)":null,"('0203-S-2006', 3)":null,"('0203-S-2006', 4)":null,"('0203-S-2006', 5)":null},"Expediente Diputados: ":{"('0203-S-2006', 0)":"0203-S-2006","('0203-S-2006', 1)":null,"('0203-S-2006', 2)":null,"('0203-S-2006', 3)":null,"('0203-S-2006', 4)":null,"('0203-S-2006', 5)":null},"Expediente Senado: ":{"('0203-S-2006', 0)":"0187-PE-2006","('0203-S-2006', 1)":null,"('0203-S-2006', 2)":null,"('0203-S-2006', 3)":null,"('0203-S-2006', 4)":null,"('0203-S-2006', 5)":null},"Publicado en: ":{"('0203-S-2006', 0)":"Diario de Asuntos Entrados N\u00b0 137","('0203-S-2006', 1)":null,"('0203-S-2006', 2)":null,"('0203-S-2006', 3)":null,"('0203-S-2006', 4)":null,"('0203-S-2006', 5)":null},"Fecha: ":{"('0203-S-2006', 0)":"29\/08\/2006","('0203-S-2006', 1)":null,"('0203-S-2006', 2)":null,"('0203-S-2006', 3)":null,"('0203-S-2006', 4)":null,"('0203-S-2006', 5)":null},"T\u00edtulo":{"('0203-S-2006', 0)":"CREACION DE LA AUTORIDAD DE CUENCA MATANZA RIACHUELO COMO ENTE DE DERECHO PUBLICO EN EL AMBITO DE LA SECRETARIA DE AMBIENTE Y DESARROLLO SUSTENTABLE DE LA JEFATURA DE GABINETE DE MINISTROS.","('0203-S-2006', 1)":null,"('0203-S-2006', 2)":null,"('0203-S-2006', 3)":null,"('0203-S-2006', 4)":null,"('0203-S-2006', 5)":null},"('Firmantes', 'FIRMANTE')":{"('0203-S-2006', 0)":"KIRCHNER, NESTOR CARLOS","('0203-S-2006', 1)":"FERNANDEZ, ALBERTO","('0203-S-2006', 2)":"FERNANDEZ, ANIBAL","('0203-S-2006', 3)":null,"('0203-S-2006', 4)":null,"('0203-S-2006', 5)":null},"('Firmantes', 'DISTRITO')":{"('0203-S-2006', 0)":null,"('0203-S-2006', 1)":null,"('0203-S-2006', 2)":null,"('0203-S-2006', 3)":null,"('0203-S-2006', 4)":null,"('0203-S-2006', 5)":null},"('Firmantes', 'BLOQUE')":{"('0203-S-2006', 0)":"PODER EJECUTIVO","('0203-S-2006', 1)":"PODER EJECUTIVO","('0203-S-2006', 2)":"PODER EJECUTIVO","('0203-S-2006', 3)":null,"('0203-S-2006', 4)":null,"('0203-S-2006', 5)":null},"('Giros', 'COMISI\u00d3N')":{"('0203-S-2006', 0)":"INTERESES MARITIMOS, FLUVIALES, PESQUEROS Y PORTUARIOS","('0203-S-2006', 1)":"RECURSOS NATURALES Y CONSERVACION DEL AMBIENTE HUMANO","('0203-S-2006', 2)":"PRESUPUESTO Y HACIENDA","('0203-S-2006', 3)":null,"('0203-S-2006', 4)":null,"('0203-S-2006', 5)":null},"('Tramites', 'C\u00c1MARA')":{"('0203-S-2006', 0)":"Senado","('0203-S-2006', 1)":"Senado","('0203-S-2006', 2)":"Diputados","('0203-S-2006', 3)":"Diputados","('0203-S-2006', 4)":"Diputados","('0203-S-2006', 5)":"Diputados"},"('Tramites', 'MOVIMIENTO')":{"('0203-S-2006', 0)":"JEFATURA DE GABINETE REMITE COPIA FIEL DEL ACUERDO DE COMPROMISO","('0203-S-2006', 1)":"CONSIDERACION Y APROBACION","('0203-S-2006', 2)":"PASA A DIPUTADOS -","('0203-S-2006', 3)":"MOCION DE PREFERENCIA PARA LA PROXIMA SESION CON DICTAMEN (AFIRMATIVA)","('0203-S-2006', 4)":"CONSIDERACION Y SANCION","('0203-S-2006', 5)":"INSERCIONES DE LOS DIPUTADOS GUTIERREZ, MASSEI Y RICHTER"},"('Tramites', 'FECHA')":{"('0203-S-2006', 0)":null,"('0203-S-2006', 1)":"11\/10\/2006","('0203-S-2006', 2)":null,"('0203-S-2006', 3)":"08\/11\/2006","('0203-S-2006', 4)":"15\/11\/2006","('0203-S-2006', 5)":"15\/11\/2006"},"('Tramites', 'RESULTADO')":{"('0203-S-2006', 0)":null,"('0203-S-2006', 1)":"MEDIA SANCION","('0203-S-2006', 2)":null,"('0203-S-2006', 3)":null,"('0203-S-2006', 4)":"SANCIONADO","('0203-S-2006', 5)":null},"Sumario":{"('0203-S-2006', 0)":"COMPETENCIA EN EL AREA COMPRENDIDA POR LA CIUDAD AUTONOMA DE BUENOS AIRES Y LOS PARTIDOS DE LANUS, AVELLANEDA, LOMAS DE ZAMORA, ESTEBAN ECHEVERRIA, LA MATANZA, EZEIZA, CA\u00d1UELAS, ALMIRANTE BROWN, MORON, MERLO, MARCOS PAZ, PRESIDENTE PERON, SAN VICENTE Y GENERAL LAS HERAS DE LA PROVINCIA DE BUENOS AIRES; INTEGRACION; CONSEJO MUNICIPAL; COMISION DE PARTICIPACION SOCIAL; COMPETENCIA; FACULTADES; INFORME ANUAL; FINANCIAMIENTO: CREACION DEL FONDO DE COMPENSACION AMBIENTAL; REGIMEN DE COMPRAS Y CONTRATACIONES; TRANSFERENCIA DE LAS PARTIDAS PRESUPUESTARIAS, BIENES MUEBLES Y DEMAS PATRIMONIO PERTENECIENTE AL COMITE EJECUTOR DEL PLAN DE GESTION AMBIENTAL Y DE MANEJO DE LA CUENCA HIDRICA MATANZA RIACHUELO, CREADO POR EL ARTICULO 1 DEL DECRETO 482\/95; OBSERVACION DE LOS PRINCIPIOS DE LA POLITICA AMBIENTAL CONTENIDOS EN LA LEY GENERAL DE AMBIENTE 25675; INVITACION A LA LEGISLATURAS DE LA PROVINCIA DE BUENOS AIRES Y DE LA CIUDAD AUTONOMA DE BUENOS AIRES A ADHERIR.","('0203-S-2006', 1)":null,"('0203-S-2006', 2)":null,"('0203-S-2006', 3)":null,"('0203-S-2006', 4)":null,"('0203-S-2006', 5)":null},"Palabra Clave":{"('0203-S-2006', 0)":" ","('0203-S-2006', 1)":null,"('0203-S-2006', 2)":null,"('0203-S-2006', 3)":null,"('0203-S-2006', 4)":null,"('0203-S-2006', 5)":null}}