{"Tipo de Proyecto":{"('0204-S-2006', 0)":"PROYECTO DE LEY"},"Iniciado en: ":{"('0204-S-2006', 0)":"Senado"},"Expediente Senado: ":{"('0204-S-2006', 0)":"0204-S-2006"},"Publicado en: ":{"('0204-S-2006', 0)":"Diario de Asuntos Entrados N\u00b0 10"},"Fecha: ":{"('0204-S-2006', 0)":"03\/03\/2006"},"T\u00edtulo":{"('0204-S-2006', 0)":"CREACION DE LAS JORNADAS EDUCATIVAS NACIONALES DE PREVENCION DE LA VIOLENCIA ESCOLAR."},"('Firmantes', 'FIRMANTE')":{"('0204-S-2006', 0)":"BASUALDO, ROBERTO GUSTAVO"},"('Firmantes', 'DISTRITO')":{"('0204-S-2006', 0)":"SAN JUAN"},"('Firmantes', 'BLOQUE')":{"('0204-S-2006', 0)":"PRODUCCION Y TRABAJO"},"Sumario":{"('0204-S-2006', 0)":"DESARROLLO EN LOS ESTABLECIMIENTOS EDUCATIVOS DE TODO EL TERRITORIO NACIONAL; CRITERIOS A DESARROLLAR; ORGANO DE APLICACION: MINISTERIO DE EDUCACION DE LA NACION; INVITACION A LAS PROVINCIAS A ADHERIR A LA PRESENTE LEY; PARTIDAS PRESUPUESTARIAS."},"Palabra Clave":{"('0204-S-2006', 0)":" "}}