{"Tipo de Proyecto":{"('0205-S-2006', 0)":"PROYECTO DE LEY"},"Iniciado en: ":{"('0205-S-2006', 0)":"Senado"},"Expediente Senado: ":{"('0205-S-2006', 0)":"0205-S-2006"},"Publicado en: ":{"('0205-S-2006', 0)":"Diario de Asuntos Entrados N\u00b0 10"},"Fecha: ":{"('0205-S-2006', 0)":"03\/03\/2006"},"T\u00edtulo":{"('0205-S-2006', 0)":"MODIFICACION A LA LEY 20744, DE CONTRATO DE TRABAJO."},"('Firmantes', 'FIRMANTE')":{"('0205-S-2006', 0)":"BASUALDO, ROBERTO GUSTAVO"},"('Firmantes', 'DISTRITO')":{"('0205-S-2006', 0)":"SAN JUAN"},"('Firmantes', 'BLOQUE')":{"('0205-S-2006', 0)":"PRODUCCION Y TRABAJO"},"Sumario":{"('0205-S-2006', 0)":"MODIFICACION AL INCISO A) DEL ARTICULO 158 (LICENCIAS ESPECIALES)."},"Palabra Clave":{"('0205-S-2006', 0)":" "}}