{"Tipo de Proyecto":{"('0206-S-2006', 0)":"PROYECTO DE LEY"},"Iniciado en: ":{"('0206-S-2006', 0)":"Senado"},"Expediente Senado: ":{"('0206-S-2006', 0)":"0206-S-2006"},"Publicado en: ":{"('0206-S-2006', 0)":"Diario de Asuntos Entrados N\u00b0 10"},"Fecha: ":{"('0206-S-2006', 0)":"03\/03\/2006"},"T\u00edtulo":{"('0206-S-2006', 0)":"CREACION DEL PROGRAMA NACIONAL PREVENCION DESDE LA CASA."},"('Firmantes', 'FIRMANTE')":{"('0206-S-2006', 0)":"BASUALDO, ROBERTO GUSTAVO"},"('Firmantes', 'DISTRITO')":{"('0206-S-2006', 0)":"SAN JUAN"},"('Firmantes', 'BLOQUE')":{"('0206-S-2006', 0)":"PRODUCCION Y TRABAJO"},"Sumario":{"('0206-S-2006', 0)":"DESTINO: PREVENCION DE ENFERMEDADES DE TRANSMISION SEXUAL (ETS) EN EL AMBITO FAMILIAR; ACTIVIDADES; AUTORIDAD DE APLICACION: MINISTERIO DE SALUD DE LA NACION; IMPLEMENTACION DEL PROGRAMA; INVITACION A LAS PROVINCIAS Y A LA CIUDAD AUTONOMA DE BUENOS AIRES A ADHERIR A LA PRESENTE LEY."},"Palabra Clave":{"('0206-S-2006', 0)":" "}}