{"Tipo de Proyecto":{"('0209-OV-2006', 0)":"PROYECTO DE RESOLUCI\u00d3N"},"Iniciado en: ":{"('0209-OV-2006', 0)":"Senado"},"Expediente Senado: ":{"('0209-OV-2006', 0)":"0209-OV-2006"},"Fecha: ":{"('0209-OV-2006', 0)":"04\/12\/2008"},"T\u00edtulo":{"('0209-OV-2006', 0)":"PEDIDO DE INFORMES AL PODER EJECUTIVO SOBRE RESOLUCIONES REMITIDAS POR LA AUDITORIA GENERAL DE LA NACION REFERENTES A LOS ESTADOS CONTABLES POR LOS EJERCICIOS FINALIZADOS AL 31 DE DICIEMBRE DE 2002 (0209-OV-06), 31 DE DICIEMBRE DE 2003 (0012-OV-07) Y 31 DE DICIEMBRE DE 2004 (0384-OV-07), A UNA CARTA SOBRE ASPECTOS CONTABLES Y DE CONTABLES Y DE CONTROL INTERNO, POR EL EJERCICIO TERMINADO EL 31 DE DICIEMBRE DE 2004 (0392-OV-07) Y UN INFORME SOBRE CONTRATOS RELEVANTES 2002 - 2003 (0431-OV-06), CORRESPONDIENTES AL SISTEMA NACIONAL DE MEDIOS PUBLICOS SOCIEDAD DEL ESTADO."},"('Firmantes', 'FIRMANTE')":{"('0209-OV-2006', 0)":"PARLAMENTARIA MIXTA REVISORA DE CUENTAS"},"('Firmantes', 'DISTRITO')":{"('0209-OV-2006', 0)":null},"('Firmantes', 'BLOQUE')":{"('0209-OV-2006', 0)":null},"Link":{"('0209-OV-2006', 0)":"http:\/\/www.senado.gov.ar\/parlamentario\/comisiones\/verExp\/209.06\/OV\/PR"},"Palabra Clave":{"('0209-OV-2006', 0)":" "}}