{"Tipo de Proyecto":{"('0213-OVD-2006', 0)":"PROYECTO DE RESOLUCI\u00d3N"},"Iniciado en: ":{"('0213-OVD-2006', 0)":"Senado"},"Expediente Senado: ":{"('0213-OVD-2006', 0)":"0213-OVD-2006"},"Publicado en: ":{"('0213-OVD-2006', 0)":"Diario de Asuntos Entrados N\u00b0 155"},"Fecha: ":{"('0213-OVD-2006', 0)":"25\/09\/2006"},"T\u00edtulo":{"('0213-OVD-2006', 0)":"RESPUESTAS REMITIDAS POR LA JEFATURA DE GABINETE DE MINISTROS EN RELACION A LA RESOLUCION APROBADA POR EL H. CONGRESO (0262-S-04) SOBRE PEDIDO DE INFORMES ACERCA DE RESOLUCION REMITIDA POR LA AUDITORIA GENERAL DE LA NACION REFERENTE A LA SECRETARIA DE ENERGIA Y LA SUBSECRETARIA DE DEFENSA DE LA COMPETENCIA Y DEFENSA DEL CONSUMIDOR (0213-OVD-06 Y 0214-OVD-06)."},"('Firmantes', 'FIRMANTE')":{"('0213-OVD-2006', 0)":"PARLAMENTARIA MIXTA REVISORA DE CUENTAS"},"('Firmantes', 'DISTRITO')":{"('0213-OVD-2006', 0)":null},"('Firmantes', 'BLOQUE')":{"('0213-OVD-2006', 0)":null},"('Tramites', 'C\u00c1MARA')":{"('0213-OVD-2006', 0)":"Senado"},"('Tramites', 'MOVIMIENTO')":{"('0213-OVD-2006', 0)":"CONSIDERACION Y APROBACION (AL ARCHIVO)"},"('Tramites', 'FECHA')":{"('0213-OVD-2006', 0)":"01\/11\/2006"},"('Tramites', 'RESULTADO')":{"('0213-OVD-2006', 0)":"ARCHIVADO"},"Sumario":{"('0213-OVD-2006', 0)":"HABIENDO TOMADO CONOCIMIENTO Y SIN PERJUICIO DE ULTERIORES MEDIDAS QUE PUEDAN ADOPTARSE, SE ACONSEJA SU REMISION AL ARCHIVO."},"Palabra Clave":{"('0213-OVD-2006', 0)":" "}}