{"Tipo de Proyecto":{"('0214-S-2006', 0)":"MENSAJE NRO: 0871\/06 Y PROYECTO DE LEY","('0214-S-2006', 1)":null,"('0214-S-2006', 2)":null,"('0214-S-2006', 3)":null},"Iniciado en: ":{"('0214-S-2006', 0)":"Senado","('0214-S-2006', 1)":null,"('0214-S-2006', 2)":null,"('0214-S-2006', 3)":null},"Expediente Diputados: ":{"('0214-S-2006', 0)":"0214-S-2006","('0214-S-2006', 1)":null,"('0214-S-2006', 2)":null,"('0214-S-2006', 3)":null},"Expediente Senado: ":{"('0214-S-2006', 0)":"0091-PE-2006","('0214-S-2006', 1)":null,"('0214-S-2006', 2)":null,"('0214-S-2006', 3)":null},"Publicado en: ":{"('0214-S-2006', 0)":"Diario de Asuntos Entrados N\u00b0 114","('0214-S-2006', 1)":null,"('0214-S-2006', 2)":null,"('0214-S-2006', 3)":null},"Fecha: ":{"('0214-S-2006', 0)":"13\/07\/2006","('0214-S-2006', 1)":null,"('0214-S-2006', 2)":null,"('0214-S-2006', 3)":null},"T\u00edtulo":{"('0214-S-2006', 0)":"APROBACION DEL PROTOCOLO COMPLEMENTARIO AL CONVENIO DE SEGURIDAD SOCIAL ENTRE LA REPUBLICA ARGENTINA Y EL REINO DE ESPA\u00d1A, SUSCRITO EN BUENOS AIRES EL 28 DE ENERO DE 1997.","('0214-S-2006', 1)":null,"('0214-S-2006', 2)":null,"('0214-S-2006', 3)":null},"('Firmantes', 'FIRMANTE')":{"('0214-S-2006', 0)":"KIRCHNER, NESTOR CARLOS","('0214-S-2006', 1)":"FERNANDEZ, ALBERTO","('0214-S-2006', 2)":"TAIANA, JORGE ENRIQUE","('0214-S-2006', 3)":"TOMADA, CARLOS"},"('Firmantes', 'DISTRITO')":{"('0214-S-2006', 0)":null,"('0214-S-2006', 1)":null,"('0214-S-2006', 2)":null,"('0214-S-2006', 3)":null},"('Firmantes', 'BLOQUE')":{"('0214-S-2006', 0)":"PODER EJECUTIVO","('0214-S-2006', 1)":"PODER EJECUTIVO","('0214-S-2006', 2)":"PODER EJECUTIVO","('0214-S-2006', 3)":"PODER EJECUTIVO"},"('Giros', 'COMISI\u00d3N')":{"('0214-S-2006', 0)":"RELACIONES EXTERIORES Y CULTO","('0214-S-2006', 1)":"PREVISION Y SEGURIDAD SOCIAL","('0214-S-2006', 2)":null,"('0214-S-2006', 3)":null},"('Tramites', 'C\u00c1MARA')":{"('0214-S-2006', 0)":"Senado","('0214-S-2006', 1)":"Diputados","('0214-S-2006', 2)":"Diputados","('0214-S-2006', 3)":null},"('Tramites', 'MOVIMIENTO')":{"('0214-S-2006', 0)":"CONSIDERACION Y APROBACION","('0214-S-2006', 1)":"PASA A DIPUTADOS -","('0214-S-2006', 2)":"CONSIDERACION Y SANCION","('0214-S-2006', 3)":null},"('Tramites', 'FECHA')":{"('0214-S-2006', 0)":"01\/11\/2006","('0214-S-2006', 1)":null,"('0214-S-2006', 2)":"18\/07\/2007","('0214-S-2006', 3)":null},"('Tramites', 'RESULTADO')":{"('0214-S-2006', 0)":"MEDIA SANCION","('0214-S-2006', 1)":null,"('0214-S-2006', 2)":"SANCIONADO","('0214-S-2006', 3)":null},"Sumario":{"('0214-S-2006', 0)":"ACOMPA\u00d1ASE COPIA AUTENTICADA DEL MISMO.","('0214-S-2006', 1)":null,"('0214-S-2006', 2)":null,"('0214-S-2006', 3)":null},"Palabra Clave":{"('0214-S-2006', 0)":" ","('0214-S-2006', 1)":null,"('0214-S-2006', 2)":null,"('0214-S-2006', 3)":null}}