{"Tipo de Proyecto":{"('0215-OV-2006', 0)":"PROYECTO DE RESOLUCI\u00d3N","('0215-OV-2006', 1)":null},"Iniciado en: ":{"('0215-OV-2006', 0)":"Senado","('0215-OV-2006', 1)":null},"Expediente Senado: ":{"('0215-OV-2006', 0)":"0215-OV-2006","('0215-OV-2006', 1)":null},"Fecha: ":{"('0215-OV-2006', 0)":"07\/11\/2008","('0215-OV-2006', 1)":null},"T\u00edtulo":{"('0215-OV-2006', 0)":"RESOLUCIONES REMITIDAS POR LA AUDITORIA GENERAL DE LA NACION SOBRE INFORMES DE AUDITORIA DE REVISION LIMITADA CORRESPONDIENTES A LOS ESTADOS CONTABLES AL 31 DE MARZO DE 2006 (0215-OV-06), 30 DE JUNIO DE 2006 (0375-OV-06), 30 DE SEPTIEMBRE DE 2006 (0486-OV-06), 31 DE MARZO DE 2007 (0233-OV-07), 30 DE JUNIO DE 2007 (0400-OV-07), 30 DE SEPTIEMBRE DE 2007 (0461-OV-07) Y 31 DE DICIEMBRE DE 2007 (0041-OV-08), CORRESPONDIENTES AL BANCO DE INVERSION Y COMERCIO EXTERIOR SOCIEDAD ANONIMA (BICE).","('0215-OV-2006', 1)":null},"('Firmantes', 'FIRMANTE')":{"('0215-OV-2006', 0)":"PARLAMENTARIA MIXTA REVISORA DE CUENTAS","('0215-OV-2006', 1)":null},"('Firmantes', 'DISTRITO')":{"('0215-OV-2006', 0)":null,"('0215-OV-2006', 1)":null},"('Firmantes', 'BLOQUE')":{"('0215-OV-2006', 0)":null,"('0215-OV-2006', 1)":null},"('Tramites', 'C\u00c1MARA')":{"('0215-OV-2006', 0)":"Senado","('0215-OV-2006', 1)":"Senado"},"('Tramites', 'MOVIMIENTO')":{"('0215-OV-2006', 0)":"MOCION DE PREFERENCIA PARA LA PROXIMA SESION (AFIRMATIVA)","('0215-OV-2006', 1)":"CONSIDERACION Y APROBACION (AL ARCHIVO)"},"('Tramites', 'FECHA')":{"('0215-OV-2006', 0)":"11\/11\/2009","('0215-OV-2006', 1)":"18\/11\/2009"},"('Tramites', 'RESULTADO')":{"('0215-OV-2006', 0)":null,"('0215-OV-2006', 1)":"APROBADO"},"Sumario":{"('0215-OV-2006', 0)":"HABIENDO TOMADO CONOCIMIENTO Y SIN PERJUICIO DE ULTERIORES MEDIDAS QUE PUEDAN ADOPTARSE, SE ACONSEJA SU REMISION AL ARCHIVO.","('0215-OV-2006', 1)":null},"Palabra Clave":{"('0215-OV-2006', 0)":" ","('0215-OV-2006', 1)":null}}