{"Tipo de Proyecto":{"('0215-S-2006', 0)":"PROYECTO DE LEY"},"Iniciado en: ":{"('0215-S-2006', 0)":"Senado"},"Expediente Senado: ":{"('0215-S-2006', 0)":"0215-S-2006"},"Publicado en: ":{"('0215-S-2006', 0)":"Diario de Asuntos Entrados N\u00b0 11"},"Fecha: ":{"('0215-S-2006', 0)":"06\/03\/2006"},"T\u00edtulo":{"('0215-S-2006', 0)":"DEROGACION DE LA LEY 23681, QUE ESTABLECE EL RECARGO SOBRE EL PRECIO DE VENTA DE ELECTRICIDAD, RESPECTO DE LAS TARIFAS VIGENTES, Y DEJAR SIN EFECTO EL DECRETO 1378\/01, SOBRE RECARGO EN EL PRECIO DE LA ENERGIA PARA SUBSIDIAR A LA PROVINCIA DE SANTA CRUZ."},"('Firmantes', 'FIRMANTE')":{"('0215-S-2006', 0)":"SAADI, RAMON EDUARDO"},"('Firmantes', 'DISTRITO')":{"('0215-S-2006', 0)":"CATAMARCA"},"('Firmantes', 'BLOQUE')":{"('0215-S-2006', 0)":"JUSTICIALISTA"},"('Tramites', 'C\u00c1MARA')":{"('0215-S-2006', 0)":"Senado"},"('Tramites', 'MOVIMIENTO')":{"('0215-S-2006', 0)":"REPRODUCIDO POR EXPEDIENTE 0500-S-08"},"('Tramites', 'FECHA')":{"('0215-S-2006', 0)":null},"('Tramites', 'RESULTADO')":{"('0215-S-2006', 0)":null},"Link":{"('0215-S-2006', 0)":"http:\/\/www.senado.gov.ar\/parlamentario\/comisiones\/verExp\/215.06\/S\/PL"},"Palabra Clave":{"('0215-S-2006', 0)":" "}}