{"Tipo de Proyecto":{"('0216-S-2006', 0)":"MENSAJE NRO: 0873\/06 Y PROYECTO DE LEY","('0216-S-2006', 1)":null,"('0216-S-2006', 2)":null},"Iniciado en: ":{"('0216-S-2006', 0)":"Senado","('0216-S-2006', 1)":null,"('0216-S-2006', 2)":null},"Expediente Diputados: ":{"('0216-S-2006', 0)":"0216-S-2006","('0216-S-2006', 1)":null,"('0216-S-2006', 2)":null},"Expediente Senado: ":{"('0216-S-2006', 0)":"0093-PE-2006","('0216-S-2006', 1)":null,"('0216-S-2006', 2)":null},"Publicado en: ":{"('0216-S-2006', 0)":"Diario de Asuntos Entrados N\u00b0 114","('0216-S-2006', 1)":null,"('0216-S-2006', 2)":null},"Fecha: ":{"('0216-S-2006', 0)":"13\/07\/2006","('0216-S-2006', 1)":null,"('0216-S-2006', 2)":null},"T\u00edtulo":{"('0216-S-2006', 0)":"APROBACION DEL CONVENIO MARCO DE COOPERACION EN MATERIA DE SALUD Y CIENCIAS MEDICAS CON EL GOBIERNO DE LA REPUBLICA POPULAR CHINA, SUSCRIPTO EN BEIJING EL 28 DE JUNIO DE 2004.","('0216-S-2006', 1)":null,"('0216-S-2006', 2)":null},"('Firmantes', 'FIRMANTE')":{"('0216-S-2006', 0)":"KIRCHNER, NESTOR CARLOS","('0216-S-2006', 1)":"FERNANDEZ, ALBERTO","('0216-S-2006', 2)":"TAIANA, JORGE ENRIQUE"},"('Firmantes', 'DISTRITO')":{"('0216-S-2006', 0)":null,"('0216-S-2006', 1)":null,"('0216-S-2006', 2)":null},"('Firmantes', 'BLOQUE')":{"('0216-S-2006', 0)":"PODER EJECUTIVO","('0216-S-2006', 1)":"PODER EJECUTIVO","('0216-S-2006', 2)":"PODER EJECUTIVO"},"('Giros', 'COMISI\u00d3N')":{"('0216-S-2006', 0)":"RELACIONES EXTERIORES Y CULTO","('0216-S-2006', 1)":"ACCION SOCIAL Y SALUD PUBLICA","('0216-S-2006', 2)":null},"('Tramites', 'C\u00c1MARA')":{"('0216-S-2006', 0)":"Senado","('0216-S-2006', 1)":"Diputados","('0216-S-2006', 2)":"Diputados"},"('Tramites', 'MOVIMIENTO')":{"('0216-S-2006', 0)":"CONSIDERACION Y APROBACION","('0216-S-2006', 1)":"PASA A DIPUTADOS -","('0216-S-2006', 2)":"CONSIDERACION Y SANCION"},"('Tramites', 'FECHA')":{"('0216-S-2006', 0)":"01\/11\/2006","('0216-S-2006', 1)":null,"('0216-S-2006', 2)":"25\/04\/2007"},"('Tramites', 'RESULTADO')":{"('0216-S-2006', 0)":"MEDIA SANCION","('0216-S-2006', 1)":null,"('0216-S-2006', 2)":"SANCIONADO"},"Sumario":{"('0216-S-2006', 0)":"ACOMPA\u00d1ASE COPIA AUTENTICADA DEL MISMO.","('0216-S-2006', 1)":null,"('0216-S-2006', 2)":null},"Palabra Clave":{"('0216-S-2006', 0)":" ","('0216-S-2006', 1)":null,"('0216-S-2006', 2)":null}}