{"Tipo de Proyecto":{"('0217-S-2006', 0)":"PROYECTO DE LEY","('0217-S-2006', 1)":null,"('0217-S-2006', 2)":null,"('0217-S-2006', 3)":null},"Iniciado en: ":{"('0217-S-2006', 0)":"Senado","('0217-S-2006', 1)":null,"('0217-S-2006', 2)":null,"('0217-S-2006', 3)":null},"Expediente Senado: ":{"('0217-S-2006', 0)":"0217-S-2006","('0217-S-2006', 1)":null,"('0217-S-2006', 2)":null,"('0217-S-2006', 3)":null},"Publicado en: ":{"('0217-S-2006', 0)":"Diario de Asuntos Entrados N\u00b0 11","('0217-S-2006', 1)":null,"('0217-S-2006', 2)":null,"('0217-S-2006', 3)":null},"Fecha: ":{"('0217-S-2006', 0)":"06\/03\/2006","('0217-S-2006', 1)":null,"('0217-S-2006', 2)":null,"('0217-S-2006', 3)":null},"T\u00edtulo":{"('0217-S-2006', 0)":"CREACION DE LA COMISION BICAMERAL PERMANENTE DE TRAMITE LEGISLATIVO; REGLAMENTACION DEL ARTICULO 99 DE LA CONSTITUCION NACIONAL, DECRETOS DE NECESIDAD Y URGENCIA, ARTICULOS 76 Y 100, DECRETOS QUE EJERCEN FACULTADES DELEGADAS, Y ARTICULOS 80 Y 100 DE LA CONSTITUCION NACIONAL, SOBRE DECRETOS DE PROMULGACION PARCIAL DE LEYES.","('0217-S-2006', 1)":null,"('0217-S-2006', 2)":null,"('0217-S-2006', 3)":null},"('Firmantes', 'FIRMANTE')":{"('0217-S-2006', 0)":"SAADI, RAMON EDUARDO","('0217-S-2006', 1)":null,"('0217-S-2006', 2)":null,"('0217-S-2006', 3)":null},"('Firmantes', 'DISTRITO')":{"('0217-S-2006', 0)":"CATAMARCA","('0217-S-2006', 1)":null,"('0217-S-2006', 2)":null,"('0217-S-2006', 3)":null},"('Firmantes', 'BLOQUE')":{"('0217-S-2006', 0)":"JUSTICIALISTA","('0217-S-2006', 1)":null,"('0217-S-2006', 2)":null,"('0217-S-2006', 3)":null},"('Tramites', 'C\u00c1MARA')":{"('0217-S-2006', 0)":"Senado","('0217-S-2006', 1)":"Diputados","('0217-S-2006', 2)":"Diputados","('0217-S-2006', 3)":"Diputados"},"('Tramites', 'MOVIMIENTO')":{"('0217-S-2006', 0)":"CONSIDERACION Y APROBACION CON MODIFICACIONES CONJUNTAMENTE PARA LOS EXPEDIENTES 0100-S-2006, 0435-S-2005, 0451-S-2005, 0634-S-2005, 2166-S-2005, 2076-S-2005, 2183-S-2005, 0033-S-2006, 0217-S-2006 y 0712-S-2006","('0217-S-2006', 1)":"PASA A DIPUTADOS - CONJUNTAMENTE PARA LOS EXPEDIENTES 0100-S-2006, 0435-S-2005, 0451-S-2005, 0634-S-2005, 2166-S-2005, 2076-S-2005, 2183-S-2005, 0033-S-2006, 0217-S-2006 y 0712-S-2006","('0217-S-2006', 2)":"CONSIDERACION Y APROBACION EN GENERAL (VOTACION NOMINAL) CONJUNTAMENTE PARA LOS EXPEDIENTES 0100-S-2006, 0435-S-2005, 0451-S-2005, 0634-S-2005, 2166-S-2005, 2076-S-2005, 2183-S-2005, 0033-S-2006, 0217-S-2006 y 0712-S-2006","('0217-S-2006', 3)":"CONSIDERACION Y SANCION (VOTACIONES NOMINALES) CONJUNTAMENTE PARA LOS EXPEDIENTES 0100-S-2006, 0435-S-2005, 0451-S-2005, 0634-S-2005, 2166-S-2005, 2076-S-2005, 2183-S-2005, 0033-S-2006, 0217-S-2006 y 0712-S-2006"},"('Tramites', 'FECHA')":{"('0217-S-2006', 0)":"06\/07\/2006","('0217-S-2006', 1)":null,"('0217-S-2006', 2)":"20\/07\/2006","('0217-S-2006', 3)":"20\/07\/2006"},"('Tramites', 'RESULTADO')":{"('0217-S-2006', 0)":"MEDIA SANCION","('0217-S-2006', 1)":null,"('0217-S-2006', 2)":null,"('0217-S-2006', 3)":"SANCIONADO"},"Sumario":{"('0217-S-2006', 0)":"REGIMEN JURIDICO.","('0217-S-2006', 1)":null,"('0217-S-2006', 2)":null,"('0217-S-2006', 3)":null},"Palabra Clave":{"('0217-S-2006', 0)":" ","('0217-S-2006', 1)":null,"('0217-S-2006', 2)":null,"('0217-S-2006', 3)":null}}