{"Tipo de Proyecto":{"('0218-S-2006', 0)":"PROYECTO DE LEY"},"Iniciado en: ":{"('0218-S-2006', 0)":"Senado"},"Expediente Senado: ":{"('0218-S-2006', 0)":"0218-S-2006"},"Publicado en: ":{"('0218-S-2006', 0)":"Diario de Asuntos Entrados N\u00b0 11"},"Fecha: ":{"('0218-S-2006', 0)":"06\/03\/2006"},"T\u00edtulo":{"('0218-S-2006', 0)":"DEROGACION DE LA LEY 25688, DE REGIMEN DE GESTION AMBIENTAL DE AGUAS (REPRODUCCION DEL EXPEDIENTE 1220-S-04)."},"('Firmantes', 'FIRMANTE')":{"('0218-S-2006', 0)":"SAADI, RAMON EDUARDO"},"('Firmantes', 'DISTRITO')":{"('0218-S-2006', 0)":"CATAMARCA"},"('Firmantes', 'BLOQUE')":{"('0218-S-2006', 0)":"JUSTICIALISTA"},"Link":{"('0218-S-2006', 0)":"http:\/\/www.senado.gov.ar\/parlamentario\/comisiones\/verExp\/218.06\/S\/PL"},"Palabra Clave":{"('0218-S-2006', 0)":" "}}