{"Tipo de Proyecto":{"('0220-S-2006', 0)":"PROYECTO DE LEY","('0220-S-2006', 1)":null,"('0220-S-2006', 2)":null},"Iniciado en: ":{"('0220-S-2006', 0)":"Senado","('0220-S-2006', 1)":null,"('0220-S-2006', 2)":null},"Expediente Diputados: ":{"('0220-S-2006', 0)":"0220-S-2006","('0220-S-2006', 1)":null,"('0220-S-2006', 2)":null},"Expediente Senado: ":{"('0220-S-2006', 0)":"1389-S-2006","('0220-S-2006', 1)":null,"('0220-S-2006', 2)":null},"Publicado en: ":{"('0220-S-2006', 0)":"Diario de Asuntos Entrados N\u00b0 62","('0220-S-2006', 1)":null,"('0220-S-2006', 2)":null},"Fecha: ":{"('0220-S-2006', 0)":"10\/05\/2006","('0220-S-2006', 1)":null,"('0220-S-2006', 2)":null},"T\u00edtulo":{"('0220-S-2006', 0)":"CREACION DEL JUZGADO FEDERAL DE PRIMERA INSTANCIA NUMERO 2 EN RESISTENCIA, PROVINCIA DEL CHACO.","('0220-S-2006', 1)":null,"('0220-S-2006', 2)":null},"('Firmantes', 'FIRMANTE')":{"('0220-S-2006', 0)":"CAPITANICH, JORGE","('0220-S-2006', 1)":null,"('0220-S-2006', 2)":null},"('Firmantes', 'DISTRITO')":{"('0220-S-2006', 0)":"CHACO","('0220-S-2006', 1)":null,"('0220-S-2006', 2)":null},"('Firmantes', 'BLOQUE')":{"('0220-S-2006', 0)":"JUSTICIALISTA","('0220-S-2006', 1)":null,"('0220-S-2006', 2)":null},"('Giros', 'COMISI\u00d3N')":{"('0220-S-2006', 0)":"JUSTICIA","('0220-S-2006', 1)":"PRESUPUESTO Y HACIENDA","('0220-S-2006', 2)":null},"('Tramites', 'C\u00c1MARA')":{"('0220-S-2006', 0)":"Senado","('0220-S-2006', 1)":"Diputados","('0220-S-2006', 2)":"Diputados"},"('Tramites', 'MOVIMIENTO')":{"('0220-S-2006', 0)":"CONSIDERACION Y APROBACION","('0220-S-2006', 1)":"PASA A DIPUTADOS -","('0220-S-2006', 2)":"CONSIDERACION Y SANCION"},"('Tramites', 'FECHA')":{"('0220-S-2006', 0)":"01\/11\/2006","('0220-S-2006', 1)":null,"('0220-S-2006', 2)":"20\/08\/2008"},"('Tramites', 'RESULTADO')":{"('0220-S-2006', 0)":"MEDIA SANCION","('0220-S-2006', 1)":null,"('0220-S-2006', 2)":"SANCIONADO"},"Link":{"('0220-S-2006', 0)":"https:\/\/www4.hcdn.gob.ar\/dependencias\/dsecretaria\/Periodo2006\/PDF2006\/TP2006\/0220-S-06.pdf","('0220-S-2006', 1)":null,"('0220-S-2006', 2)":null},"Palabra Clave":{"('0220-S-2006', 0)":" ","('0220-S-2006', 1)":null,"('0220-S-2006', 2)":null}}