{"Tipo de Proyecto":{"('0221-S-2006', 0)":"PROYECTO DE LEY","('0221-S-2006', 1)":null,"('0221-S-2006', 2)":null,"('0221-S-2006', 3)":null,"('0221-S-2006', 4)":null,"('0221-S-2006', 5)":null,"('0221-S-2006', 6)":null},"Iniciado en: ":{"('0221-S-2006', 0)":"Senado","('0221-S-2006', 1)":null,"('0221-S-2006', 2)":null,"('0221-S-2006', 3)":null,"('0221-S-2006', 4)":null,"('0221-S-2006', 5)":null,"('0221-S-2006', 6)":null},"Expediente Diputados: ":{"('0221-S-2006', 0)":"0221-S-2006","('0221-S-2006', 1)":null,"('0221-S-2006', 2)":null,"('0221-S-2006', 3)":null,"('0221-S-2006', 4)":null,"('0221-S-2006', 5)":null,"('0221-S-2006', 6)":null},"Expediente Senado: ":{"('0221-S-2006', 0)":"1493-S-2006","('0221-S-2006', 1)":null,"('0221-S-2006', 2)":null,"('0221-S-2006', 3)":null,"('0221-S-2006', 4)":null,"('0221-S-2006', 5)":null,"('0221-S-2006', 6)":null},"Publicado en: ":{"('0221-S-2006', 0)":"Diario de Asuntos Entrados N\u00b0 65","('0221-S-2006', 1)":null,"('0221-S-2006', 2)":null,"('0221-S-2006', 3)":null,"('0221-S-2006', 4)":null,"('0221-S-2006', 5)":null,"('0221-S-2006', 6)":null},"Fecha: ":{"('0221-S-2006', 0)":"12\/05\/2006","('0221-S-2006', 1)":null,"('0221-S-2006', 2)":null,"('0221-S-2006', 3)":null,"('0221-S-2006', 4)":null,"('0221-S-2006', 5)":null,"('0221-S-2006', 6)":null},"T\u00edtulo":{"('0221-S-2006', 0)":"CREACION DE UN JUZGADO FEDERAL DE PRIMERA INSTANCIA EN LA CIUDAD DE CALETA OLIVIA, PROVINCIA DE SANTA CRUZ.","('0221-S-2006', 1)":null,"('0221-S-2006', 2)":null,"('0221-S-2006', 3)":null,"('0221-S-2006', 4)":null,"('0221-S-2006', 5)":null,"('0221-S-2006', 6)":null},"('Firmantes', 'FIRMANTE')":{"('0221-S-2006', 0)":"FERNANDEZ, NICOLAS ALEJANDRO","('0221-S-2006', 1)":"KIRCHNER, ALICIA","('0221-S-2006', 2)":null,"('0221-S-2006', 3)":null,"('0221-S-2006', 4)":null,"('0221-S-2006', 5)":null,"('0221-S-2006', 6)":null},"('Firmantes', 'DISTRITO')":{"('0221-S-2006', 0)":"SANTA CRUZ","('0221-S-2006', 1)":"SANTA CRUZ","('0221-S-2006', 2)":null,"('0221-S-2006', 3)":null,"('0221-S-2006', 4)":null,"('0221-S-2006', 5)":null,"('0221-S-2006', 6)":null},"('Firmantes', 'BLOQUE')":{"('0221-S-2006', 0)":"JUSTICIALISTA","('0221-S-2006', 1)":"JUSTICIALISTA","('0221-S-2006', 2)":null,"('0221-S-2006', 3)":null,"('0221-S-2006', 4)":null,"('0221-S-2006', 5)":null,"('0221-S-2006', 6)":null},"('Giros', 'COMISI\u00d3N')":{"('0221-S-2006', 0)":"JUSTICIA","('0221-S-2006', 1)":"PRESUPUESTO Y HACIENDA","('0221-S-2006', 2)":null,"('0221-S-2006', 3)":null,"('0221-S-2006', 4)":null,"('0221-S-2006', 5)":null,"('0221-S-2006', 6)":null},"('Tramites', 'C\u00c1MARA')":{"('0221-S-2006', 0)":"Senado","('0221-S-2006', 1)":"Senado","('0221-S-2006', 2)":"Diputados","('0221-S-2006', 3)":"Diputados","('0221-S-2006', 4)":"Diputados","('0221-S-2006', 5)":"Diputados","('0221-S-2006', 6)":"Diputados"},"('Tramites', 'MOVIMIENTO')":{"('0221-S-2006', 0)":"MOCION SOBRE TABLAS CON DICTAMEN (AFIRMATIVA)","('0221-S-2006', 1)":"CONSIDERACION Y APROBACION","('0221-S-2006', 2)":"PASA A DIPUTADOS -","('0221-S-2006', 3)":"MOCION DE PREFERENCIA PARA LA PROXIMA SESION CON DICTAMEN (AFIRMATIVA)","('0221-S-2006', 4)":"MOCION DE PREFERENCIA CON DICTAMEN (AFIRMATIVA)","('0221-S-2006', 5)":"CONSIDERACION Y SANCION","('0221-S-2006', 6)":"INSERCION"},"('Tramites', 'FECHA')":{"('0221-S-2006', 0)":"01\/11\/2006","('0221-S-2006', 1)":"01\/11\/2006","('0221-S-2006', 2)":null,"('0221-S-2006', 3)":"29\/11\/2006","('0221-S-2006', 4)":"28\/03\/2007","('0221-S-2006', 5)":"09\/05\/2007","('0221-S-2006', 6)":"09\/05\/2007"},"('Tramites', 'RESULTADO')":{"('0221-S-2006', 0)":null,"('0221-S-2006', 1)":"MEDIA SANCION","('0221-S-2006', 2)":null,"('0221-S-2006', 3)":null,"('0221-S-2006', 4)":null,"('0221-S-2006', 5)":"SANCIONADO","('0221-S-2006', 6)":null},"Sumario":{"('0221-S-2006', 0)":"SECRETARIAS; COMPETENCIA; FISCALIAS; CARGOS.","('0221-S-2006', 1)":null,"('0221-S-2006', 2)":null,"('0221-S-2006', 3)":null,"('0221-S-2006', 4)":null,"('0221-S-2006', 5)":null,"('0221-S-2006', 6)":null},"Palabra Clave":{"('0221-S-2006', 0)":" ","('0221-S-2006', 1)":null,"('0221-S-2006', 2)":null,"('0221-S-2006', 3)":null,"('0221-S-2006', 4)":null,"('0221-S-2006', 5)":null,"('0221-S-2006', 6)":null}}