{"Tipo de Proyecto":{"('0222-D-2006', 0)":"PROYECTO DE DECLARACI\u00d3N"},"Iniciado en: ":{"('0222-D-2006', 0)":"Diputados"},"Expediente Diputados: ":{"('0222-D-2006', 0)":"0222-D-2006"},"Publicado en: ":{"('0222-D-2006', 0)":"Tr\u00e1mite Parlamentario N\u00b0 3"},"Fecha: ":{"('0222-D-2006', 0)":"03\/03\/2006"},"T\u00edtulo":{"('0222-D-2006', 0)":"DECLARAR DE INTERES CULTURAL EL GUION CINEMATOGRAFICO \"ISIDRO VELAZQUEZ - LA LEYENDA DE UN SAPUCAY\", ESCRITO POR EL REALIZADOR CORRENTINO CAMILO JOSE GOMEZ."},"('Firmantes', 'FIRMANTE')":{"('0222-D-2006', 0)":"MENDEZ DE FERREYRA, ARACELI ESTELA"},"('Firmantes', 'DISTRITO')":{"('0222-D-2006', 0)":"CORRIENTES"},"('Firmantes', 'BLOQUE')":{"('0222-D-2006', 0)":"FRENTE PARA LA VICTORIA - PJ"},"('Giros', 'COMISI\u00d3N')":{"('0222-D-2006', 0)":"CULTURA"},"('Tramites', 'C\u00c1MARA')":{"('0222-D-2006', 0)":"Diputados"},"('Tramites', 'MOVIMIENTO')":{"('0222-D-2006', 0)":"CONSIDERACION Y APROBACION"},"('Tramites', 'FECHA')":{"('0222-D-2006', 0)":"19\/07\/2006"},"('Tramites', 'RESULTADO')":{"('0222-D-2006', 0)":"APROBADO"},"Link":{"('0222-D-2006', 0)":"https:\/\/www.hcdn.gob.ar\/proyectos\/textoCompleto.jsp?exp=0222-D-2006&tipo=DECLARACION"},"Palabra Clave":{"('0222-D-2006', 0)":" "}}