{"Tipo de Proyecto":{"('0223-D-2006', 0)":"PROYECTO DE DECLARACI\u00d3N","('0223-D-2006', 1)":null},"Iniciado en: ":{"('0223-D-2006', 0)":"Diputados","('0223-D-2006', 1)":null},"Expediente Diputados: ":{"('0223-D-2006', 0)":"0223-D-2006","('0223-D-2006', 1)":null},"Publicado en: ":{"('0223-D-2006', 0)":"Tr\u00e1mite Parlamentario N\u00b0 3","('0223-D-2006', 1)":null},"Fecha: ":{"('0223-D-2006', 0)":"03\/03\/2006","('0223-D-2006', 1)":null},"T\u00edtulo":{"('0223-D-2006', 0)":"SOLICITAR AL PODER EJECUTIVO NACIONAL LA ILUMINACION Y PAVIMENTACION DE LAS RUTAS NACIONALES 9 Y 158, EN LA CIUDAD DE VILLA MARIA, PROVINCIA DE CORDOBA.","('0223-D-2006', 1)":null},"('Firmantes', 'FIRMANTE')":{"('0223-D-2006', 0)":"NEGRI, MARIO RAUL","('0223-D-2006', 1)":null},"('Firmantes', 'DISTRITO')":{"('0223-D-2006', 0)":"CORDOBA","('0223-D-2006', 1)":null},"('Firmantes', 'BLOQUE')":{"('0223-D-2006', 0)":"UCR","('0223-D-2006', 1)":null},"('Giros', 'COMISI\u00d3N')":{"('0223-D-2006', 0)":"TRANSPORTES","('0223-D-2006', 1)":"OBRAS PUBLICAS"},"('Tramites', 'C\u00c1MARA')":{"('0223-D-2006', 0)":"Diputados","('0223-D-2006', 1)":null},"('Tramites', 'MOVIMIENTO')":{"('0223-D-2006', 0)":"CONSIDERACION Y APROBACION CONJUNTAMENTE PARA LOS EXPEDIENTES 0067-D-2006, 0073-D-2006, 0074-D-2006, 0145-D-2006, 0160-D-2006, 0223-D-2006, 0747-D-2006, 0748-D-2006, 0927-D-2006, 0970-D-2006, 1019-D-2006, 1027-D-2006, 1031-D-2006, 1303-D-2006, 1426-D-2006 y 1457-D-2006","('0223-D-2006', 1)":null},"('Tramites', 'FECHA')":{"('0223-D-2006', 0)":"07\/06\/2006","('0223-D-2006', 1)":null},"('Tramites', 'RESULTADO')":{"('0223-D-2006', 0)":"APROBADO","('0223-D-2006', 1)":null},"Link":{"('0223-D-2006', 0)":"https:\/\/www.hcdn.gob.ar\/proyectos\/textoCompleto.jsp?exp=0223-D-2006&tipo=DECLARACION","('0223-D-2006', 1)":null},"Palabra Clave":{"('0223-D-2006', 0)":" ","('0223-D-2006', 1)":null}}