{"Tipo de Proyecto":{"('0224-S-2006', 0)":"PROYECTO DE RESOLUCI\u00d3N","('0224-S-2006', 1)":null,"('0224-S-2006', 2)":null,"('0224-S-2006', 3)":null},"Iniciado en: ":{"('0224-S-2006', 0)":"Senado","('0224-S-2006', 1)":null,"('0224-S-2006', 2)":null,"('0224-S-2006', 3)":null},"Expediente Diputados: ":{"('0224-S-2006', 0)":"0224-S-2006","('0224-S-2006', 1)":null,"('0224-S-2006', 2)":null,"('0224-S-2006', 3)":null},"Expediente Senado: ":{"('0224-S-2006', 0)":"0549-OV-2005","('0224-S-2006', 1)":null,"('0224-S-2006', 2)":null,"('0224-S-2006', 3)":null},"Fecha: ":{"('0224-S-2006', 0)":"02\/10\/2006","('0224-S-2006', 1)":null,"('0224-S-2006', 2)":null,"('0224-S-2006', 3)":null},"T\u00edtulo":{"('0224-S-2006', 0)":"PEDIDO DE INFORMES AL PODER EJECUTIVO SOBRE RESOLUCIONES REMITIDAS POR LA AUDITORIA GENERAL DE LA NACION REFERENTES A LOS ESTADOS FINANCIEROS POR LOS EJERCICIOS FINALIZADOS EL 31 DE DICIEMBRE DE 2004 (0549-OV-05) Y 31 DE DICIEMBRE DE 2005 (0222-OV-06) CORRESPONDIENTES AL CUARTO PROYECTO DE PROTECCION SOCIAL - CONVENIO DE PRESTAMO 4398\/AR BIRF.","('0224-S-2006', 1)":null,"('0224-S-2006', 2)":null,"('0224-S-2006', 3)":null},"('Firmantes', 'FIRMANTE')":{"('0224-S-2006', 0)":"PARLAMENTARIA MIXTA REVISORA DE CUENTAS","('0224-S-2006', 1)":null,"('0224-S-2006', 2)":null,"('0224-S-2006', 3)":null},"('Firmantes', 'DISTRITO')":{"('0224-S-2006', 0)":null,"('0224-S-2006', 1)":null,"('0224-S-2006', 2)":null,"('0224-S-2006', 3)":null},"('Firmantes', 'BLOQUE')":{"('0224-S-2006', 0)":null,"('0224-S-2006', 1)":null,"('0224-S-2006', 2)":null,"('0224-S-2006', 3)":null},"('Giros', 'COMISI\u00d3N')":{"('0224-S-2006', 0)":"PARLAMENTARIA MIXTA REVISORA DE CUENTAS","('0224-S-2006', 1)":null,"('0224-S-2006', 2)":null,"('0224-S-2006', 3)":null},"('Tramites', 'C\u00c1MARA')":{"('0224-S-2006', 0)":"Senado","('0224-S-2006', 1)":"Diputados","('0224-S-2006', 2)":"Diputados","('0224-S-2006', 3)":"Diputados"},"('Tramites', 'MOVIMIENTO')":{"('0224-S-2006', 0)":"CONSIDERACION Y APROBACION","('0224-S-2006', 1)":"PASA A DIPUTADOS -","('0224-S-2006', 2)":"CONSIDERACION Y APROBACION","('0224-S-2006', 3)":"CONTESTACION DEL PODER EJECUTIVO NACIONAL - JEFE DE GABINETE DE MINISTROS - GIRADO A LA COMISION RESPECTIVA"},"('Tramites', 'FECHA')":{"('0224-S-2006', 0)":"01\/11\/2006","('0224-S-2006', 1)":null,"('0224-S-2006', 2)":"13\/12\/2006","('0224-S-2006', 3)":"28\/02\/2008"},"('Tramites', 'RESULTADO')":{"('0224-S-2006', 0)":"APROBADO","('0224-S-2006', 1)":null,"('0224-S-2006', 2)":"APROBADO","('0224-S-2006', 3)":null},"Link":{"('0224-S-2006', 0)":"http:\/\/www.senado.gov.ar\/parlamentario\/comisiones\/verExp\/549.05\/OV\/PR","('0224-S-2006', 1)":null,"('0224-S-2006', 2)":null,"('0224-S-2006', 3)":null},"Palabra Clave":{"('0224-S-2006', 0)":" ","('0224-S-2006', 1)":null,"('0224-S-2006', 2)":null,"('0224-S-2006', 3)":null}}