{"Tipo de Proyecto":{"('0224-D-2006', 0)":"PROYECTO DE DECLARACI\u00d3N"},"Iniciado en: ":{"('0224-D-2006', 0)":"Diputados"},"Expediente Diputados: ":{"('0224-D-2006', 0)":"0224-D-2006"},"Publicado en: ":{"('0224-D-2006', 0)":"Tr\u00e1mite Parlamentario N\u00b0 3"},"Fecha: ":{"('0224-D-2006', 0)":"03\/03\/2006"},"T\u00edtulo":{"('0224-D-2006', 0)":"HOMENAJE AL PRIMER MINISTRO DE SUECIA, OLOF PALME, DEFENSOR DEL DESARME Y DE LA PAZ MUNDIAL EN LA CONMEMORACION DE LOS VEINTE A\u00d1OS DE SU ASESINATO."},"('Firmantes', 'FIRMANTE')":{"('0224-D-2006', 0)":"NEGRI, MARIO RAUL"},"('Firmantes', 'DISTRITO')":{"('0224-D-2006', 0)":"CORDOBA"},"('Firmantes', 'BLOQUE')":{"('0224-D-2006', 0)":"UCR"},"('Giros', 'COMISI\u00d3N')":{"('0224-D-2006', 0)":"LABOR PARLAMENTARIA"},"Link":{"('0224-D-2006', 0)":"https:\/\/www.hcdn.gob.ar\/proyectos\/textoCompleto.jsp?exp=0224-D-2006&tipo=DECLARACION"},"Palabra Clave":{"('0224-D-2006', 0)":" "}}