{"Tipo de Proyecto":{"('0226-S-2006', 0)":"PROYECTO DE RESOLUCI\u00d3N","('0226-S-2006', 1)":null,"('0226-S-2006', 2)":null,"('0226-S-2006', 3)":null,"('0226-S-2006', 4)":null},"Iniciado en: ":{"('0226-S-2006', 0)":"Senado","('0226-S-2006', 1)":null,"('0226-S-2006', 2)":null,"('0226-S-2006', 3)":null,"('0226-S-2006', 4)":null},"Expediente Diputados: ":{"('0226-S-2006', 0)":"0226-S-2006","('0226-S-2006', 1)":null,"('0226-S-2006', 2)":null,"('0226-S-2006', 3)":null,"('0226-S-2006', 4)":null},"Expediente Senado: ":{"('0226-S-2006', 0)":"0489-OVD-2003","('0226-S-2006', 1)":null,"('0226-S-2006', 2)":null,"('0226-S-2006', 3)":null,"('0226-S-2006', 4)":null},"Fecha: ":{"('0226-S-2006', 0)":"02\/10\/2006","('0226-S-2006', 1)":null,"('0226-S-2006', 2)":null,"('0226-S-2006', 3)":null,"('0226-S-2006', 4)":null},"T\u00edtulo":{"('0226-S-2006', 0)":"PEDIDO DE INFORMES AL PODER EJECUTIVO SOBRE RESPUESTA REMITIDA POR LA JEFATURA DE GABINETE DE MINISTROS EN RELACION A LA RESOLUCION APROBADA POR LA H. CAMARA (0273-S-03) SOBRE AUDITORIA RELACIONADA AL REGLAMENTO DE CREDITO DEL PROGRAMA GLOBAL DE CREDITO PARA LAS MICRO Y PEQUE\u00d1AS EMPRESAS (0489-OVD-03), Y SOBRE RESOLUCION REMITIDA POR LA AUDITORIA GENERAL DE LA NACION SOBRE LOS ESTADOS FINANCIEROS AL 31 DE DICIEMBRE DE 2004 DEL MENCIONADO PROGRAMA (0367-OV-05), CONTRATOS DE PRESTAMO 643\/OC-AR, 867\/SF-AR Y 1192\/OC-AR BID.","('0226-S-2006', 1)":null,"('0226-S-2006', 2)":null,"('0226-S-2006', 3)":null,"('0226-S-2006', 4)":null},"('Firmantes', 'FIRMANTE')":{"('0226-S-2006', 0)":"PARLAMENTARIA MIXTA REVISORA DE CUENTAS","('0226-S-2006', 1)":null,"('0226-S-2006', 2)":null,"('0226-S-2006', 3)":null,"('0226-S-2006', 4)":null},"('Firmantes', 'DISTRITO')":{"('0226-S-2006', 0)":null,"('0226-S-2006', 1)":null,"('0226-S-2006', 2)":null,"('0226-S-2006', 3)":null,"('0226-S-2006', 4)":null},"('Firmantes', 'BLOQUE')":{"('0226-S-2006', 0)":null,"('0226-S-2006', 1)":null,"('0226-S-2006', 2)":null,"('0226-S-2006', 3)":null,"('0226-S-2006', 4)":null},"('Giros', 'COMISI\u00d3N')":{"('0226-S-2006', 0)":"PARLAMENTARIA MIXTA REVISORA DE CUENTAS","('0226-S-2006', 1)":null,"('0226-S-2006', 2)":null,"('0226-S-2006', 3)":null,"('0226-S-2006', 4)":null},"('Tramites', 'C\u00c1MARA')":{"('0226-S-2006', 0)":"Senado","('0226-S-2006', 1)":"Diputados","('0226-S-2006', 2)":"Diputados","('0226-S-2006', 3)":"Diputados","('0226-S-2006', 4)":"Diputados"},"('Tramites', 'MOVIMIENTO')":{"('0226-S-2006', 0)":"CONSIDERACION Y APROBACION","('0226-S-2006', 1)":"PASA A DIPUTADOS -","('0226-S-2006', 2)":"CONSIDERACION Y APROBACION","('0226-S-2006', 3)":"CONTESTACION DEL PODER EJECUTIVO NACIONAL - JEFE DE GABINETE DE MINISTROS - GIRADO A LA COMISION RESPECTIVA","('0226-S-2006', 4)":"CONTESTACION DEL PODER EJECUTIVO NACIONAL - JEFE DE GABINETE DE MINISTROS - GIRADO A LA COMISION RESPECTIVA"},"('Tramites', 'FECHA')":{"('0226-S-2006', 0)":"01\/11\/2006","('0226-S-2006', 1)":null,"('0226-S-2006', 2)":"13\/12\/2006","('0226-S-2006', 3)":"28\/02\/2008","('0226-S-2006', 4)":"11\/03\/2009"},"('Tramites', 'RESULTADO')":{"('0226-S-2006', 0)":"APROBADO","('0226-S-2006', 1)":null,"('0226-S-2006', 2)":"APROBADO","('0226-S-2006', 3)":null,"('0226-S-2006', 4)":null},"Link":{"('0226-S-2006', 0)":"http:\/\/www.senado.gov.ar\/parlamentario\/comisiones\/verExp\/489.03\/OVD\/PR","('0226-S-2006', 1)":null,"('0226-S-2006', 2)":null,"('0226-S-2006', 3)":null,"('0226-S-2006', 4)":null},"Palabra Clave":{"('0226-S-2006', 0)":" ","('0226-S-2006', 1)":null,"('0226-S-2006', 2)":null,"('0226-S-2006', 3)":null,"('0226-S-2006', 4)":null}}