{"Tipo de Proyecto":{"('0228-D-2006', 0)":"PROYECTO DE DECLARACI\u00d3N","('0228-D-2006', 1)":null},"Iniciado en: ":{"('0228-D-2006', 0)":"Diputados","('0228-D-2006', 1)":null},"Expediente Diputados: ":{"('0228-D-2006', 0)":"0228-D-2006","('0228-D-2006', 1)":null},"Publicado en: ":{"('0228-D-2006', 0)":"Tr\u00e1mite Parlamentario N\u00b0 3","('0228-D-2006', 1)":null},"Fecha: ":{"('0228-D-2006', 0)":"03\/03\/2006","('0228-D-2006', 1)":null},"T\u00edtulo":{"('0228-D-2006', 0)":"EXPRESAR BENEPLACITO POR LA NUEVA SE\u00d1AL DE TELEVISION EDUCATIVA, IMPULSADA DESDE EL MINISTERIO DE EDUCACION DE LA NACION Y DIRIGIDA POR EL CINEASTA TRISTAN BAUER.","('0228-D-2006', 1)":null},"('Firmantes', 'FIRMANTE')":{"('0228-D-2006', 0)":"FERRIGNO, SANTIAGO","('0228-D-2006', 1)":null},"('Firmantes', 'DISTRITO')":{"('0228-D-2006', 0)":"LA PAMPA","('0228-D-2006', 1)":null},"('Firmantes', 'BLOQUE')":{"('0228-D-2006', 0)":"FRENTE PARA LA VICTORIA - PJ","('0228-D-2006', 1)":null},"('Giros', 'COMISI\u00d3N')":{"('0228-D-2006', 0)":"EDUCACION","('0228-D-2006', 1)":"COMUNICACIONES E INFORMATICA"},"('Tramites', 'C\u00c1MARA')":{"('0228-D-2006', 0)":"Diputados","('0228-D-2006', 1)":null},"('Tramites', 'MOVIMIENTO')":{"('0228-D-2006', 0)":"CONSIDERACION Y APROBACION","('0228-D-2006', 1)":null},"('Tramites', 'FECHA')":{"('0228-D-2006', 0)":"19\/07\/2006","('0228-D-2006', 1)":null},"('Tramites', 'RESULTADO')":{"('0228-D-2006', 0)":"APROBADO","('0228-D-2006', 1)":null},"Link":{"('0228-D-2006', 0)":"https:\/\/www.hcdn.gob.ar\/proyectos\/textoCompleto.jsp?exp=0228-D-2006&tipo=DECLARACION","('0228-D-2006', 1)":null},"Palabra Clave":{"('0228-D-2006', 0)":" ","('0228-D-2006', 1)":null}}