{"Tipo de Proyecto":{"('0229-D-2006', 0)":"PROYECTO DE RESOLUCI\u00d3N","('0229-D-2006', 1)":null},"Iniciado en: ":{"('0229-D-2006', 0)":"Diputados","('0229-D-2006', 1)":null},"Expediente Diputados: ":{"('0229-D-2006', 0)":"0229-D-2006","('0229-D-2006', 1)":null},"Publicado en: ":{"('0229-D-2006', 0)":"Tr\u00e1mite Parlamentario N\u00b0 3","('0229-D-2006', 1)":null},"Fecha: ":{"('0229-D-2006', 0)":"03\/03\/2006","('0229-D-2006', 1)":null},"T\u00edtulo":{"('0229-D-2006', 0)":"EXPRESAR BENEPLACITO POR LA INICIATIVA DE LA SECRETARIA DE DERECHOS HUMANOS DE LA NACION DE SOLICITAR ANTE LA \"UNESCO\" LA DECLARACION DE \"PATRIMONIO DE LA HUMANIDAD\" PARA LOS DOCUMENTOS Y ARCHIVOS DE LA DICTADURA MILITAR EN LA ARGENTINA.","('0229-D-2006', 1)":null},"('Firmantes', 'FIRMANTE')":{"('0229-D-2006', 0)":"FERRIGNO, SANTIAGO","('0229-D-2006', 1)":null},"('Firmantes', 'DISTRITO')":{"('0229-D-2006', 0)":"LA PAMPA","('0229-D-2006', 1)":null},"('Firmantes', 'BLOQUE')":{"('0229-D-2006', 0)":"FRENTE PARA LA VICTORIA - PJ","('0229-D-2006', 1)":null},"('Giros', 'COMISI\u00d3N')":{"('0229-D-2006', 0)":"DERECHOS HUMANOS Y GARANTIAS","('0229-D-2006', 1)":"RELACIONES EXTERIORES Y CULTO"},"('Tramites', 'C\u00c1MARA')":{"('0229-D-2006', 0)":"Diputados","('0229-D-2006', 1)":null},"('Tramites', 'MOVIMIENTO')":{"('0229-D-2006', 0)":"CONSIDERACION Y APROBACION","('0229-D-2006', 1)":null},"('Tramites', 'FECHA')":{"('0229-D-2006', 0)":"14\/03\/2007","('0229-D-2006', 1)":null},"('Tramites', 'RESULTADO')":{"('0229-D-2006', 0)":"APROBADO","('0229-D-2006', 1)":null},"Link":{"('0229-D-2006', 0)":"https:\/\/www.hcdn.gob.ar\/proyectos\/textoCompleto.jsp?exp=0229-D-2006&tipo=RESOLUCION","('0229-D-2006', 1)":null},"Palabra Clave":{"('0229-D-2006', 0)":" ","('0229-D-2006', 1)":null}}