{"Tipo de Proyecto":{"('0231-D-2006', 0)":"PROYECTO DE RESOLUCI\u00d3N","('0231-D-2006', 1)":null,"('0231-D-2006', 2)":null,"('0231-D-2006', 3)":null,"('0231-D-2006', 4)":null,"('0231-D-2006', 5)":null,"('0231-D-2006', 6)":null,"('0231-D-2006', 7)":null},"Iniciado en: ":{"('0231-D-2006', 0)":"Diputados","('0231-D-2006', 1)":null,"('0231-D-2006', 2)":null,"('0231-D-2006', 3)":null,"('0231-D-2006', 4)":null,"('0231-D-2006', 5)":null,"('0231-D-2006', 6)":null,"('0231-D-2006', 7)":null},"Expediente Diputados: ":{"('0231-D-2006', 0)":"0231-D-2006","('0231-D-2006', 1)":null,"('0231-D-2006', 2)":null,"('0231-D-2006', 3)":null,"('0231-D-2006', 4)":null,"('0231-D-2006', 5)":null,"('0231-D-2006', 6)":null,"('0231-D-2006', 7)":null},"Publicado en: ":{"('0231-D-2006', 0)":"Tr\u00e1mite Parlamentario N\u00b0 3","('0231-D-2006', 1)":null,"('0231-D-2006', 2)":null,"('0231-D-2006', 3)":null,"('0231-D-2006', 4)":null,"('0231-D-2006', 5)":null,"('0231-D-2006', 6)":null,"('0231-D-2006', 7)":null},"Fecha: ":{"('0231-D-2006', 0)":"03\/03\/2006","('0231-D-2006', 1)":null,"('0231-D-2006', 2)":null,"('0231-D-2006', 3)":null,"('0231-D-2006', 4)":null,"('0231-D-2006', 5)":null,"('0231-D-2006', 6)":null,"('0231-D-2006', 7)":null},"T\u00edtulo":{"('0231-D-2006', 0)":"PEDIDO DE INFORMES AL PODER EJECUTIVO SOBRE LA NOMINA DE LOS FUNCIONARIOS QUE INTERVINIERON EN LAS NEGOCIACIONES Y SUSCRIPCION DE LOS TRATADOS BILATERALES DE INVERSION.","('0231-D-2006', 1)":null,"('0231-D-2006', 2)":null,"('0231-D-2006', 3)":null,"('0231-D-2006', 4)":null,"('0231-D-2006', 5)":null,"('0231-D-2006', 6)":null,"('0231-D-2006', 7)":null},"('Firmantes', 'FIRMANTE')":{"('0231-D-2006', 0)":"MACALUSE, EDUARDO GABRIEL","('0231-D-2006', 1)":"BINNER, HERMES JUAN","('0231-D-2006', 2)":"GONZALEZ, MARIA AMERICA","('0231-D-2006', 3)":"MAFFEI, MARTA OLINDA","('0231-D-2006', 4)":"QUIROZ, ELSA SIRIA","('0231-D-2006', 5)":"LOZANO, CLAUDIO RAUL","('0231-D-2006', 6)":"GODOY, JUAN CARLOS LUCIO","('0231-D-2006', 7)":"GARCIA, SUSANA ROSA"},"('Firmantes', 'DISTRITO')":{"('0231-D-2006', 0)":"BUENOS AIRES","('0231-D-2006', 1)":"SANTA FE","('0231-D-2006', 2)":"CIUDAD de BUENOS AIRES","('0231-D-2006', 3)":"BUENOS AIRES","('0231-D-2006', 4)":"BUENOS AIRES","('0231-D-2006', 5)":"CIUDAD de BUENOS AIRES","('0231-D-2006', 6)":"ENTRE RIOS","('0231-D-2006', 7)":"SANTA FE"},"('Firmantes', 'BLOQUE')":{"('0231-D-2006', 0)":"ARI","('0231-D-2006', 1)":"PARTIDO SOCIALISTA","('0231-D-2006', 2)":"ARI","('0231-D-2006', 3)":"ARI","('0231-D-2006', 4)":"ARI","('0231-D-2006', 5)":"EMANCIPACION Y JUSTICIA","('0231-D-2006', 6)":"CONCERTACION ENTRERRIANA","('0231-D-2006', 7)":"ARI"},"('Giros', 'COMISI\u00d3N')":{"('0231-D-2006', 0)":"RELACIONES EXTERIORES Y CULTO","('0231-D-2006', 1)":null,"('0231-D-2006', 2)":null,"('0231-D-2006', 3)":null,"('0231-D-2006', 4)":null,"('0231-D-2006', 5)":null,"('0231-D-2006', 6)":null,"('0231-D-2006', 7)":null},"('Tramites', 'C\u00c1MARA')":{"('0231-D-2006', 0)":"Diputados","('0231-D-2006', 1)":"Diputados","('0231-D-2006', 2)":null,"('0231-D-2006', 3)":null,"('0231-D-2006', 4)":null,"('0231-D-2006', 5)":null,"('0231-D-2006', 6)":null,"('0231-D-2006', 7)":null},"('Tramites', 'MOVIMIENTO')":{"('0231-D-2006', 0)":"SOLICITUD DE REPRODUCCION DEL PROYECTO PARA EL PERIODO 125 (2007), SEGUN LOS TERMINOS DEL ARTICULO 7 DE LA RESOLUCION DE LA HCD DEL 05\/06\/1996","('0231-D-2006', 1)":"SOLICITUD DE REPRODUCCION DEL PROYECTO PARA EL PERIODO 126 (2008), SEGUN LOS TERMINOS DEL ARTICULO 7 DE LA RESOLUCION DE LA HCD DEL 05\/06\/1996","('0231-D-2006', 2)":null,"('0231-D-2006', 3)":null,"('0231-D-2006', 4)":null,"('0231-D-2006', 5)":null,"('0231-D-2006', 6)":null,"('0231-D-2006', 7)":null},"('Tramites', 'FECHA')":{"('0231-D-2006', 0)":"14\/03\/2007","('0231-D-2006', 1)":"12\/03\/2008","('0231-D-2006', 2)":null,"('0231-D-2006', 3)":null,"('0231-D-2006', 4)":null,"('0231-D-2006', 5)":null,"('0231-D-2006', 6)":null,"('0231-D-2006', 7)":null},"('Tramites', 'RESULTADO')":{"('0231-D-2006', 0)":null,"('0231-D-2006', 1)":null,"('0231-D-2006', 2)":null,"('0231-D-2006', 3)":null,"('0231-D-2006', 4)":null,"('0231-D-2006', 5)":null,"('0231-D-2006', 6)":null,"('0231-D-2006', 7)":null},"Link":{"('0231-D-2006', 0)":"https:\/\/www.hcdn.gob.ar\/proyectos\/textoCompleto.jsp?exp=0231-D-2006&tipo=RESOLUCION","('0231-D-2006', 1)":null,"('0231-D-2006', 2)":null,"('0231-D-2006', 3)":null,"('0231-D-2006', 4)":null,"('0231-D-2006', 5)":null,"('0231-D-2006', 6)":null,"('0231-D-2006', 7)":null},"Palabra Clave":{"('0231-D-2006', 0)":" ","('0231-D-2006', 1)":null,"('0231-D-2006', 2)":null,"('0231-D-2006', 3)":null,"('0231-D-2006', 4)":null,"('0231-D-2006', 5)":null,"('0231-D-2006', 6)":null,"('0231-D-2006', 7)":null}}