{"Tipo de Proyecto":{"('0232-S-2006', 0)":"PROYECTO DE RESOLUCI\u00d3N","('0232-S-2006', 1)":null},"Iniciado en: ":{"('0232-S-2006', 0)":"Senado","('0232-S-2006', 1)":null},"Expediente Senado: ":{"('0232-S-2006', 0)":"0232-S-2006","('0232-S-2006', 1)":null},"Publicado en: ":{"('0232-S-2006', 0)":"Diario de Asuntos Entrados N\u00b0 11","('0232-S-2006', 1)":null},"Fecha: ":{"('0232-S-2006', 0)":"06\/03\/2006","('0232-S-2006', 1)":null},"T\u00edtulo":{"('0232-S-2006', 0)":"PEDIDO DE INFORMES AL PODER EJECUTIVO SOBRE UNA SUPUESTA CONTRATACION POR PARTE DE LA AGENCIA TELAM S.E. DE CARTELES DE PUBLICIDAD ESTATICA EN EL ESTADIO DEL CLUB NUEVA CHICAGO, CON LA INSCRIPCION \"KIRCHNER 2007 - 2011\" CON LA FIRMA DEL FRENTE PARA LA VICTORIA.","('0232-S-2006', 1)":null},"('Firmantes', 'FIRMANTE')":{"('0232-S-2006', 0)":"NEGRE DE ALONSO, LILIANA T.","('0232-S-2006', 1)":"RODRIGUEZ SAA, ADOLFO"},"('Firmantes', 'DISTRITO')":{"('0232-S-2006', 0)":"SAN LUIS","('0232-S-2006', 1)":"SAN LUIS"},"('Firmantes', 'BLOQUE')":{"('0232-S-2006', 0)":"JUSTICIALISTA SAN LUIS","('0232-S-2006', 1)":"JUSTICIALISTA SAN LUIS"},"Link":{"('0232-S-2006', 0)":"http:\/\/www.senado.gov.ar\/parlamentario\/comisiones\/verExp\/232.06\/S\/PR","('0232-S-2006', 1)":null},"Palabra Clave":{"('0232-S-2006', 0)":" ","('0232-S-2006', 1)":null}}