{"Tipo de Proyecto":{"('0233-D-2006', 0)":"PROYECTO DE RESOLUCI\u00d3N","('0233-D-2006', 1)":null,"('0233-D-2006', 2)":null,"('0233-D-2006', 3)":null,"('0233-D-2006', 4)":null,"('0233-D-2006', 5)":null,"('0233-D-2006', 6)":null,"('0233-D-2006', 7)":null,"('0233-D-2006', 8)":null},"Iniciado en: ":{"('0233-D-2006', 0)":"Diputados","('0233-D-2006', 1)":null,"('0233-D-2006', 2)":null,"('0233-D-2006', 3)":null,"('0233-D-2006', 4)":null,"('0233-D-2006', 5)":null,"('0233-D-2006', 6)":null,"('0233-D-2006', 7)":null,"('0233-D-2006', 8)":null},"Expediente Diputados: ":{"('0233-D-2006', 0)":"0233-D-2006","('0233-D-2006', 1)":null,"('0233-D-2006', 2)":null,"('0233-D-2006', 3)":null,"('0233-D-2006', 4)":null,"('0233-D-2006', 5)":null,"('0233-D-2006', 6)":null,"('0233-D-2006', 7)":null,"('0233-D-2006', 8)":null},"Publicado en: ":{"('0233-D-2006', 0)":"Tr\u00e1mite Parlamentario N\u00b0 3","('0233-D-2006', 1)":null,"('0233-D-2006', 2)":null,"('0233-D-2006', 3)":null,"('0233-D-2006', 4)":null,"('0233-D-2006', 5)":null,"('0233-D-2006', 6)":null,"('0233-D-2006', 7)":null,"('0233-D-2006', 8)":null},"Fecha: ":{"('0233-D-2006', 0)":"03\/03\/2006","('0233-D-2006', 1)":null,"('0233-D-2006', 2)":null,"('0233-D-2006', 3)":null,"('0233-D-2006', 4)":null,"('0233-D-2006', 5)":null,"('0233-D-2006', 6)":null,"('0233-D-2006', 7)":null,"('0233-D-2006', 8)":null},"T\u00edtulo":{"('0233-D-2006', 0)":"SOLICITAR AL PODER EJECUTIVO NACIONAL LA DENUNCIA DEL TRATADO ENTRE LA REPUBLICA ARGENTINA Y EL GOBIERNO DE LA REPUBLICA ARABE DE EGIPTO PARA LA PROMOCION Y PROTECCION RECIPROCA DE INVERSIONES, SUSCRIPTO EN EL CAIRO, EGIPTO, EL 11 DE MAYO DE 1992 (LEY 24248).","('0233-D-2006', 1)":null,"('0233-D-2006', 2)":null,"('0233-D-2006', 3)":null,"('0233-D-2006', 4)":null,"('0233-D-2006', 5)":null,"('0233-D-2006', 6)":null,"('0233-D-2006', 7)":null,"('0233-D-2006', 8)":null},"('Firmantes', 'FIRMANTE')":{"('0233-D-2006', 0)":"MACALUSE, EDUARDO GABRIEL","('0233-D-2006', 1)":"MAFFEI, MARTA OLINDA","('0233-D-2006', 2)":"RODRIGUEZ, MARCELA VIRGINIA","('0233-D-2006', 3)":"LOZANO, CLAUDIO RAUL","('0233-D-2006', 4)":"GONZALEZ, MARIA AMERICA","('0233-D-2006', 5)":"BINNER, HERMES JUAN","('0233-D-2006', 6)":"GARCIA, SUSANA ROSA","('0233-D-2006', 7)":"GODOY, JUAN CARLOS LUCIO","('0233-D-2006', 8)":"QUIROZ, ELSA SIRIA"},"('Firmantes', 'DISTRITO')":{"('0233-D-2006', 0)":"BUENOS AIRES","('0233-D-2006', 1)":"BUENOS AIRES","('0233-D-2006', 2)":"BUENOS AIRES","('0233-D-2006', 3)":"CIUDAD de BUENOS AIRES","('0233-D-2006', 4)":"CIUDAD de BUENOS AIRES","('0233-D-2006', 5)":"SANTA FE","('0233-D-2006', 6)":"SANTA FE","('0233-D-2006', 7)":"ENTRE RIOS","('0233-D-2006', 8)":"BUENOS AIRES"},"('Firmantes', 'BLOQUE')":{"('0233-D-2006', 0)":"ARI","('0233-D-2006', 1)":"ARI","('0233-D-2006', 2)":"ARI","('0233-D-2006', 3)":"EMANCIPACION Y JUSTICIA","('0233-D-2006', 4)":"ARI","('0233-D-2006', 5)":"PARTIDO SOCIALISTA","('0233-D-2006', 6)":"ARI","('0233-D-2006', 7)":"CONCERTACION ENTRERRIANA","('0233-D-2006', 8)":"ARI"},"('Giros', 'COMISI\u00d3N')":{"('0233-D-2006', 0)":"RELACIONES EXTERIORES Y CULTO","('0233-D-2006', 1)":"ECONOMIA","('0233-D-2006', 2)":null,"('0233-D-2006', 3)":null,"('0233-D-2006', 4)":null,"('0233-D-2006', 5)":null,"('0233-D-2006', 6)":null,"('0233-D-2006', 7)":null,"('0233-D-2006', 8)":null},"('Tramites', 'C\u00c1MARA')":{"('0233-D-2006', 0)":"Diputados","('0233-D-2006', 1)":"Diputados","('0233-D-2006', 2)":"Diputados","('0233-D-2006', 3)":null,"('0233-D-2006', 4)":null,"('0233-D-2006', 5)":null,"('0233-D-2006', 6)":null,"('0233-D-2006', 7)":null,"('0233-D-2006', 8)":null},"('Tramites', 'MOVIMIENTO')":{"('0233-D-2006', 0)":"SOLICITUD DE REPRODUCCION DEL PROYECTO PARA EL PERIODO 125 (2007), SEGUN LOS TERMINOS DEL ARTICULO 7 DE LA RESOLUCION DE LA HCD DEL 05\/06\/1996","('0233-D-2006', 1)":"SOLICITUD DE REPRODUCCION DEL PROYECTO PARA EL PERIODO 126 (2008), SEGUN LOS TERMINOS DEL ARTICULO 7 DE LA RESOLUCION DE LA HCD DEL 05\/06\/1996","('0233-D-2006', 2)":"SOLICITUD DE REPRODUCCION DEL PROYECTO PARA EL PERIODO 128 (2010), SEGUN LOS TERMINOS DEL ARTICULO 7 DE LA RESOLUCION DE LA HCD DEL 05\/06\/1996","('0233-D-2006', 3)":null,"('0233-D-2006', 4)":null,"('0233-D-2006', 5)":null,"('0233-D-2006', 6)":null,"('0233-D-2006', 7)":null,"('0233-D-2006', 8)":null},"('Tramites', 'FECHA')":{"('0233-D-2006', 0)":"14\/03\/2007","('0233-D-2006', 1)":"12\/03\/2008","('0233-D-2006', 2)":"17\/03\/2010","('0233-D-2006', 3)":null,"('0233-D-2006', 4)":null,"('0233-D-2006', 5)":null,"('0233-D-2006', 6)":null,"('0233-D-2006', 7)":null,"('0233-D-2006', 8)":null},"('Tramites', 'RESULTADO')":{"('0233-D-2006', 0)":null,"('0233-D-2006', 1)":null,"('0233-D-2006', 2)":null,"('0233-D-2006', 3)":null,"('0233-D-2006', 4)":null,"('0233-D-2006', 5)":null,"('0233-D-2006', 6)":null,"('0233-D-2006', 7)":null,"('0233-D-2006', 8)":null},"Link":{"('0233-D-2006', 0)":"https:\/\/www.hcdn.gob.ar\/proyectos\/textoCompleto.jsp?exp=0233-D-2006&tipo=RESOLUCION","('0233-D-2006', 1)":null,"('0233-D-2006', 2)":null,"('0233-D-2006', 3)":null,"('0233-D-2006', 4)":null,"('0233-D-2006', 5)":null,"('0233-D-2006', 6)":null,"('0233-D-2006', 7)":null,"('0233-D-2006', 8)":null},"Palabra Clave":{"('0233-D-2006', 0)":" ","('0233-D-2006', 1)":null,"('0233-D-2006', 2)":null,"('0233-D-2006', 3)":null,"('0233-D-2006', 4)":null,"('0233-D-2006', 5)":null,"('0233-D-2006', 6)":null,"('0233-D-2006', 7)":null,"('0233-D-2006', 8)":null}}