{"Tipo de Proyecto":{"('0234-D-2006', 0)":"PROYECTO DE DECLARACI\u00d3N"},"Iniciado en: ":{"('0234-D-2006', 0)":"Diputados"},"Expediente Diputados: ":{"('0234-D-2006', 0)":"0234-D-2006"},"Publicado en: ":{"('0234-D-2006', 0)":"Tr\u00e1mite Parlamentario N\u00b0 3"},"Fecha: ":{"('0234-D-2006', 0)":"03\/03\/2006"},"T\u00edtulo":{"('0234-D-2006', 0)":"DECLARAR DE INTERES DE LA HONORABLE CAMARA DE DIPUTADOS DE LA NACION LA \"TRIGESIMO SEXTA EDICION DEL FESTIVAL FOLKLORICO DEL NORESTE ARGENTINO\", A REALIZARSE LOS DIAS 3, 4, 10 Y 11 DE MARZO DE 2006 EN LA CIUDAD DE RECONQUISTA, PROVINCIA DE SANTA FE."},"('Firmantes', 'FIRMANTE')":{"('0234-D-2006', 0)":"ZANCADA, PABLO V."},"('Firmantes', 'DISTRITO')":{"('0234-D-2006', 0)":"SANTA FE"},"('Firmantes', 'BLOQUE')":{"('0234-D-2006', 0)":"PARTIDO SOCIALISTA"},"('Giros', 'COMISI\u00d3N')":{"('0234-D-2006', 0)":"CULTURA"},"Link":{"('0234-D-2006', 0)":"https:\/\/www.hcdn.gob.ar\/proyectos\/textoCompleto.jsp?exp=0234-D-2006&tipo=DECLARACION"},"Palabra Clave":{"('0234-D-2006', 0)":" "}}