{"Tipo de Proyecto":{"('0234-S-2006', 0)":"PROYECTO DE LEY","('0234-S-2006', 1)":null,"('0234-S-2006', 2)":null,"('0234-S-2006', 3)":null,"('0234-S-2006', 4)":null},"Iniciado en: ":{"('0234-S-2006', 0)":"Senado","('0234-S-2006', 1)":null,"('0234-S-2006', 2)":null,"('0234-S-2006', 3)":null,"('0234-S-2006', 4)":null},"Expediente Diputados: ":{"('0234-S-2006', 0)":"0234-S-2006","('0234-S-2006', 1)":null,"('0234-S-2006', 2)":null,"('0234-S-2006', 3)":null,"('0234-S-2006', 4)":null},"Expediente Senado: ":{"('0234-S-2006', 0)":"4081-S-2006","('0234-S-2006', 1)":null,"('0234-S-2006', 2)":null,"('0234-S-2006', 3)":null,"('0234-S-2006', 4)":null},"Publicado en: ":{"('0234-S-2006', 0)":"Diario de Asuntos Entrados N\u00b0 185","('0234-S-2006', 1)":null,"('0234-S-2006', 2)":null,"('0234-S-2006', 3)":null,"('0234-S-2006', 4)":null},"Fecha: ":{"('0234-S-2006', 0)":"09\/11\/2006","('0234-S-2006', 1)":null,"('0234-S-2006', 2)":null,"('0234-S-2006', 3)":null,"('0234-S-2006', 4)":null},"T\u00edtulo":{"('0234-S-2006', 0)":"REDUCCION DE LA COMPOSICION DE LA CORTE SUPREMA DE JUSTICIA DE LA NACION.","('0234-S-2006', 1)":null,"('0234-S-2006', 2)":null,"('0234-S-2006', 3)":null,"('0234-S-2006', 4)":null},"('Firmantes', 'FIRMANTE')":{"('0234-S-2006', 0)":"FERNANDEZ DE KIRCHNER, CRISTINA","('0234-S-2006', 1)":null,"('0234-S-2006', 2)":null,"('0234-S-2006', 3)":null,"('0234-S-2006', 4)":null},"('Firmantes', 'DISTRITO')":{"('0234-S-2006', 0)":"BUENOS AIRES","('0234-S-2006', 1)":null,"('0234-S-2006', 2)":null,"('0234-S-2006', 3)":null,"('0234-S-2006', 4)":null},"('Firmantes', 'BLOQUE')":{"('0234-S-2006', 0)":"JUSTICIALISTA","('0234-S-2006', 1)":null,"('0234-S-2006', 2)":null,"('0234-S-2006', 3)":null,"('0234-S-2006', 4)":null},"('Giros', 'COMISI\u00d3N')":{"('0234-S-2006', 0)":"JUSTICIA","('0234-S-2006', 1)":"ASUNTOS CONSTITUCIONALES","('0234-S-2006', 2)":null,"('0234-S-2006', 3)":null,"('0234-S-2006', 4)":null},"('Tramites', 'C\u00c1MARA')":{"('0234-S-2006', 0)":"Senado","('0234-S-2006', 1)":"Diputados","('0234-S-2006', 2)":"Diputados","('0234-S-2006', 3)":"Diputados","('0234-S-2006', 4)":"Diputados"},"('Tramites', 'MOVIMIENTO')":{"('0234-S-2006', 0)":"CONSIDERACION Y APROBACION CONJUNTAMENTE PARA LOS EXPEDIENTES 0367-S-2005, 2028-S-2005, 2385-S-2005, 2268-S-2005, 1046-S-2006, 1050-S-2006, 3434-S-2006, 0234-S-2006, 4081-S-2006, 4053-S-2006 y 3943-S-2006","('0234-S-2006', 1)":"PASA A DIPUTADOS - CONJUNTAMENTE PARA LOS EXPEDIENTES 0367-S-2005, 2028-S-2005, 2385-S-2005, 2268-S-2005, 1046-S-2006, 1050-S-2006, 3434-S-2006, 0234-S-2006, 4081-S-2006, 4053-S-2006 y 3943-S-2006","('0234-S-2006', 2)":"MOCION SOBRE TABLAS (AFIRMATIVA) CONJUNTAMENTE PARA LOS EXPEDIENTES 0367-S-2005, 2028-S-2005, 2385-S-2005, 2268-S-2005, 1046-S-2006, 1050-S-2006, 3434-S-2006, 0234-S-2006, 4081-S-2006, 4053-S-2006 y 3943-S-2006","('0234-S-2006', 3)":"CONSIDERACION Y SANCION CONJUNTAMENTE PARA LOS EXPEDIENTES 0367-S-2005, 2028-S-2005, 2385-S-2005, 2268-S-2005, 1046-S-2006, 1050-S-2006, 3434-S-2006, 0234-S-2006, 4081-S-2006, 4053-S-2006 y 3943-S-2006","('0234-S-2006', 4)":"INSERCION DE LOS DIPUTADOS BINNER, GALVALISI, NIEVA, SPATOLA Y VANOSSI"},"('Tramites', 'FECHA')":{"('0234-S-2006', 0)":"22\/11\/2006","('0234-S-2006', 1)":null,"('0234-S-2006', 2)":"29\/11\/2006","('0234-S-2006', 3)":"29\/11\/2006","('0234-S-2006', 4)":"29\/11\/2006"},"('Tramites', 'RESULTADO')":{"('0234-S-2006', 0)":"MEDIA SANCION","('0234-S-2006', 1)":null,"('0234-S-2006', 2)":null,"('0234-S-2006', 3)":"SANCIONADO","('0234-S-2006', 4)":null},"Sumario":{"('0234-S-2006', 0)":"DEROGACION DEL ARTICULO 1 DE LA LEY 23774, QUE MODIFICABA EL ARTICULO 21 DEL DECRETO LEY 1285\/58, TEXTO SEGUN LEY 16895; MODIFICACION DEL ARTICULO 21 DEL DECRETO LEY 1285\/58 (COMPOSICION POR CINCO JUECES); DISPOSICIONES TRANSITORIAS","('0234-S-2006', 1)":null,"('0234-S-2006', 2)":null,"('0234-S-2006', 3)":null,"('0234-S-2006', 4)":null},"Palabra Clave":{"('0234-S-2006', 0)":" ","('0234-S-2006', 1)":null,"('0234-S-2006', 2)":null,"('0234-S-2006', 3)":null,"('0234-S-2006', 4)":null}}