{"Tipo de Proyecto":{"('0235-S-2006', 0)":"MENSAJE NRO: 1526\/06 Y PROYECTO DE LEY","('0235-S-2006', 1)":null,"('0235-S-2006', 2)":null,"('0235-S-2006', 3)":null,"('0235-S-2006', 4)":null,"('0235-S-2006', 5)":null},"Iniciado en: ":{"('0235-S-2006', 0)":"Senado","('0235-S-2006', 1)":null,"('0235-S-2006', 2)":null,"('0235-S-2006', 3)":null,"('0235-S-2006', 4)":null,"('0235-S-2006', 5)":null},"Expediente Diputados: ":{"('0235-S-2006', 0)":"0235-S-2006","('0235-S-2006', 1)":null,"('0235-S-2006', 2)":null,"('0235-S-2006', 3)":null,"('0235-S-2006', 4)":null,"('0235-S-2006', 5)":null},"Expediente Senado: ":{"('0235-S-2006', 0)":"0350-PE-2006","('0235-S-2006', 1)":null,"('0235-S-2006', 2)":null,"('0235-S-2006', 3)":null,"('0235-S-2006', 4)":null,"('0235-S-2006', 5)":null},"Publicado en: ":{"('0235-S-2006', 0)":"Diario de Asuntos Entrados N\u00b0 177","('0235-S-2006', 1)":null,"('0235-S-2006', 2)":null,"('0235-S-2006', 3)":null,"('0235-S-2006', 4)":null,"('0235-S-2006', 5)":null},"Fecha: ":{"('0235-S-2006', 0)":"27\/10\/2006","('0235-S-2006', 1)":null,"('0235-S-2006', 2)":null,"('0235-S-2006', 3)":null,"('0235-S-2006', 4)":null,"('0235-S-2006', 5)":null},"T\u00edtulo":{"('0235-S-2006', 0)":"MODIFICACION DEL ARTICULO 1 DE LA LEY 17319 - HIDROCARBUROS, REGLAMENTACION DEL ARTICULO 124 DE LA CONSTITUCION NACIONAL ACERCA DEL DOMINIO DE LOS RECURSOS PETROLEROS.\n","('0235-S-2006', 1)":null,"('0235-S-2006', 2)":null,"('0235-S-2006', 3)":null,"('0235-S-2006', 4)":null,"('0235-S-2006', 5)":null},"('Firmantes', 'FIRMANTE')":{"('0235-S-2006', 0)":"KIRCHNER, NESTOR CARLOS","('0235-S-2006', 1)":"FERNANDEZ, ALBERTO","('0235-S-2006', 2)":"TAIANA, JORGE ENRIQUE","('0235-S-2006', 3)":"DE VIDO, JULIO","('0235-S-2006', 4)":null,"('0235-S-2006', 5)":null},"('Firmantes', 'DISTRITO')":{"('0235-S-2006', 0)":null,"('0235-S-2006', 1)":null,"('0235-S-2006', 2)":null,"('0235-S-2006', 3)":null,"('0235-S-2006', 4)":null,"('0235-S-2006', 5)":null},"('Firmantes', 'BLOQUE')":{"('0235-S-2006', 0)":"PODER EJECUTIVO","('0235-S-2006', 1)":"PODER EJECUTIVO","('0235-S-2006', 2)":"PODER EJECUTIVO","('0235-S-2006', 3)":"PODER EJECUTIVO","('0235-S-2006', 4)":null,"('0235-S-2006', 5)":null},"('Giros', 'COMISI\u00d3N')":{"('0235-S-2006', 0)":"ENERGIA Y COMBUSTIBLES","('0235-S-2006', 1)":"PRESUPUESTO Y HACIENDA","('0235-S-2006', 2)":null,"('0235-S-2006', 3)":null,"('0235-S-2006', 4)":null,"('0235-S-2006', 5)":null},"('Tramites', 'C\u00c1MARA')":{"('0235-S-2006', 0)":"Senado","('0235-S-2006', 1)":"Diputados","('0235-S-2006', 2)":"Diputados","('0235-S-2006', 3)":"Diputados","('0235-S-2006', 4)":"Diputados","('0235-S-2006', 5)":"Diputados"},"('Tramites', 'MOVIMIENTO')":{"('0235-S-2006', 0)":"CONSIDERACION Y APROBACION","('0235-S-2006', 1)":"PASA A DIPUTADOS -","('0235-S-2006', 2)":"MOCION DE PREFERENCIA PARA LA PROXIMA SESION CON DICTAMEN (AFIRMATIVA)","('0235-S-2006', 3)":"MOCION SOBRE TABLAS (AFIRMATIVA)","('0235-S-2006', 4)":"CONSIDERACION Y SANCION","('0235-S-2006', 5)":"INSERCION DE LOS DIPUTADOS AZCOITI, COMELLI Y TATE"},"('Tramites', 'FECHA')":{"('0235-S-2006', 0)":"22\/11\/2006","('0235-S-2006', 1)":null,"('0235-S-2006', 2)":"29\/11\/2006","('0235-S-2006', 3)":"06\/12\/2006","('0235-S-2006', 4)":"06\/12\/2006","('0235-S-2006', 5)":"06\/12\/2006"},"('Tramites', 'RESULTADO')":{"('0235-S-2006', 0)":"MEDIA SANCION","('0235-S-2006', 1)":null,"('0235-S-2006', 2)":null,"('0235-S-2006', 3)":null,"('0235-S-2006', 4)":"SANCIONADO","('0235-S-2006', 5)":null},"Link":{"('0235-S-2006', 0)":"https:\/\/www4.hcdn.gob.ar\/dependencias\/dsecretaria\/Periodo2006\/PDF2006\/TP2006\/0235-S-06.pdf","('0235-S-2006', 1)":null,"('0235-S-2006', 2)":null,"('0235-S-2006', 3)":null,"('0235-S-2006', 4)":null,"('0235-S-2006', 5)":null},"Palabra Clave":{"('0235-S-2006', 0)":" ","('0235-S-2006', 1)":null,"('0235-S-2006', 2)":null,"('0235-S-2006', 3)":null,"('0235-S-2006', 4)":null,"('0235-S-2006', 5)":null}}