{"Tipo de Proyecto":{"('0238-S-2006', 0)":"PROYECTO DE RESOLUCI\u00d3N","('0238-S-2006', 1)":null,"('0238-S-2006', 2)":null,"('0238-S-2006', 3)":null},"Iniciado en: ":{"('0238-S-2006', 0)":"Senado","('0238-S-2006', 1)":null,"('0238-S-2006', 2)":null,"('0238-S-2006', 3)":null},"Expediente Diputados: ":{"('0238-S-2006', 0)":"0238-S-2006","('0238-S-2006', 1)":null,"('0238-S-2006', 2)":null,"('0238-S-2006', 3)":null},"Expediente Senado: ":{"('0238-S-2006', 0)":"0555-OV-2005","('0238-S-2006', 1)":null,"('0238-S-2006', 2)":null,"('0238-S-2006', 3)":null},"Fecha: ":{"('0238-S-2006', 0)":"23\/10\/2006","('0238-S-2006', 1)":null,"('0238-S-2006', 2)":null,"('0238-S-2006', 3)":null},"T\u00edtulo":{"('0238-S-2006', 0)":"PEDIDO DE INFORMES AL PODER EJECUTIVO SOBRE RESOLUCION REMITIDA POR LA AUDITORIA GENERAL DE LA NACION REFERENTE A LOS ESTADOS FINANCIEROS AL 31 DE DICIEMBRE DE 2004 CORRESPONDIENTES AL PROYECTO PNUD ARG 97\/013 PROGRAMA DE APOYO A LA REESTRUCTURACION EMPRESARIAL.","('0238-S-2006', 1)":null,"('0238-S-2006', 2)":null,"('0238-S-2006', 3)":null},"('Firmantes', 'FIRMANTE')":{"('0238-S-2006', 0)":"PARLAMENTARIA MIXTA REVISORA DE CUENTAS","('0238-S-2006', 1)":null,"('0238-S-2006', 2)":null,"('0238-S-2006', 3)":null},"('Firmantes', 'DISTRITO')":{"('0238-S-2006', 0)":null,"('0238-S-2006', 1)":null,"('0238-S-2006', 2)":null,"('0238-S-2006', 3)":null},"('Firmantes', 'BLOQUE')":{"('0238-S-2006', 0)":null,"('0238-S-2006', 1)":null,"('0238-S-2006', 2)":null,"('0238-S-2006', 3)":null},"('Giros', 'COMISI\u00d3N')":{"('0238-S-2006', 0)":"PARLAMENTARIA MIXTA REVISORA DE CUENTAS","('0238-S-2006', 1)":null,"('0238-S-2006', 2)":null,"('0238-S-2006', 3)":null},"('Tramites', 'C\u00c1MARA')":{"('0238-S-2006', 0)":"Senado","('0238-S-2006', 1)":"Diputados","('0238-S-2006', 2)":"Diputados","('0238-S-2006', 3)":"Diputados"},"('Tramites', 'MOVIMIENTO')":{"('0238-S-2006', 0)":"CONSIDERACION Y APROBACION","('0238-S-2006', 1)":"PASA A DIPUTADOS -","('0238-S-2006', 2)":"CONSIDERACION Y APROBACION","('0238-S-2006', 3)":"CONTESTACION DEL PODER EJECUTIVO NACIONAL - JEFE DE GABINETE DE MINISTROS - GIRADO A LA COMISION RESPECTIVA"},"('Tramites', 'FECHA')":{"('0238-S-2006', 0)":"22\/11\/2006","('0238-S-2006', 1)":null,"('0238-S-2006', 2)":"14\/03\/2007","('0238-S-2006', 3)":"11\/03\/2009"},"('Tramites', 'RESULTADO')":{"('0238-S-2006', 0)":"APROBADO","('0238-S-2006', 1)":null,"('0238-S-2006', 2)":"APROBADO","('0238-S-2006', 3)":null},"Link":{"('0238-S-2006', 0)":"http:\/\/www.senado.gov.ar\/parlamentario\/comisiones\/verExp\/555.05\/OV\/PR","('0238-S-2006', 1)":null,"('0238-S-2006', 2)":null,"('0238-S-2006', 3)":null},"Palabra Clave":{"('0238-S-2006', 0)":" ","('0238-S-2006', 1)":null,"('0238-S-2006', 2)":null,"('0238-S-2006', 3)":null}}