{"Tipo de Proyecto":{"('0239-S-2006', 0)":"PROYECTO DE RESOLUCI\u00d3N","('0239-S-2006', 1)":null,"('0239-S-2006', 2)":null,"('0239-S-2006', 3)":null},"Iniciado en: ":{"('0239-S-2006', 0)":"Senado","('0239-S-2006', 1)":null,"('0239-S-2006', 2)":null,"('0239-S-2006', 3)":null},"Expediente Diputados: ":{"('0239-S-2006', 0)":"0239-S-2006","('0239-S-2006', 1)":null,"('0239-S-2006', 2)":null,"('0239-S-2006', 3)":null},"Expediente Senado: ":{"('0239-S-2006', 0)":"0582-OV-2005","('0239-S-2006', 1)":null,"('0239-S-2006', 2)":null,"('0239-S-2006', 3)":null},"Publicado en: ":{"('0239-S-2006', 0)":"Diario de Asuntos Entrados N\u00b0 0","('0239-S-2006', 1)":null,"('0239-S-2006', 2)":null,"('0239-S-2006', 3)":null},"Fecha: ":{"('0239-S-2006', 0)":"23\/10\/2006","('0239-S-2006', 1)":null,"('0239-S-2006', 2)":null,"('0239-S-2006', 3)":null},"T\u00edtulo":{"('0239-S-2006', 0)":"RESOLUCION REMITIDA POR LA AUDITORIA GENERAL DE LA NACION SOBRE UNA AUDITORIA DE CONTROL DE GESTION AMBIENTAL DEL PROGRAMA SOCIAL DE BOSQUES (PROSOBO), REFERENTE AL APROVECHAMIENTO SUSTENTABLE DE LAS MASAS FORESTALES NATIVAS: SOLICITUD AL PODER EJECUTIVO PARA QUE SE COMPLETEN LAS TAREAS DESTINADAS A CORREGIR LAS SITUACIONES OBSERVADAS EN LA MENCIONADA AUDITORIA.","('0239-S-2006', 1)":null,"('0239-S-2006', 2)":null,"('0239-S-2006', 3)":null},"('Firmantes', 'FIRMANTE')":{"('0239-S-2006', 0)":"PARLAMENTARIA MIXTA REVISORA DE CUENTAS","('0239-S-2006', 1)":null,"('0239-S-2006', 2)":null,"('0239-S-2006', 3)":null},"('Firmantes', 'DISTRITO')":{"('0239-S-2006', 0)":null,"('0239-S-2006', 1)":null,"('0239-S-2006', 2)":null,"('0239-S-2006', 3)":null},"('Firmantes', 'BLOQUE')":{"('0239-S-2006', 0)":null,"('0239-S-2006', 1)":null,"('0239-S-2006', 2)":null,"('0239-S-2006', 3)":null},"('Giros', 'COMISI\u00d3N')":{"('0239-S-2006', 0)":"PARLAMENTARIA MIXTA REVISORA DE CUENTAS","('0239-S-2006', 1)":null,"('0239-S-2006', 2)":null,"('0239-S-2006', 3)":null},"('Tramites', 'C\u00c1MARA')":{"('0239-S-2006', 0)":"Senado","('0239-S-2006', 1)":"Diputados","('0239-S-2006', 2)":"Diputados","('0239-S-2006', 3)":"Diputados"},"('Tramites', 'MOVIMIENTO')":{"('0239-S-2006', 0)":"CONSIDERACION Y APROBACION","('0239-S-2006', 1)":"PASA A DIPUTADOS -","('0239-S-2006', 2)":"CONSIDERACION Y APROBACION","('0239-S-2006', 3)":"CONTESTACION DEL PODER EJECUTIVO NACIONAL - JEFE DE GABINETE DE MINISTROS - GIRADO A LA COMISION RESPECTIVA"},"('Tramites', 'FECHA')":{"('0239-S-2006', 0)":"22\/11\/2006","('0239-S-2006', 1)":null,"('0239-S-2006', 2)":"14\/03\/2007","('0239-S-2006', 3)":"07\/11\/2007"},"('Tramites', 'RESULTADO')":{"('0239-S-2006', 0)":"APROBADO","('0239-S-2006', 1)":null,"('0239-S-2006', 2)":"APROBADO","('0239-S-2006', 3)":null},"Link":{"('0239-S-2006', 0)":"http:\/\/www.senado.gov.ar\/parlamentario\/comisiones\/verExp\/582.05\/OV\/PR","('0239-S-2006', 1)":null,"('0239-S-2006', 2)":null,"('0239-S-2006', 3)":null},"Palabra Clave":{"('0239-S-2006', 0)":" ","('0239-S-2006', 1)":null,"('0239-S-2006', 2)":null,"('0239-S-2006', 3)":null}}