{"Tipo de Proyecto":{"('0240-S-2006', 0)":"PROYECTO DE RESOLUCI\u00d3N","('0240-S-2006', 1)":null,"('0240-S-2006', 2)":null},"Iniciado en: ":{"('0240-S-2006', 0)":"Senado","('0240-S-2006', 1)":null,"('0240-S-2006', 2)":null},"Expediente Diputados: ":{"('0240-S-2006', 0)":"0240-S-2006","('0240-S-2006', 1)":null,"('0240-S-2006', 2)":null},"Expediente Senado: ":{"('0240-S-2006', 0)":"0014-OV-2006","('0240-S-2006', 1)":null,"('0240-S-2006', 2)":null},"Fecha: ":{"('0240-S-2006', 0)":"23\/10\/2006","('0240-S-2006', 1)":null,"('0240-S-2006', 2)":null},"T\u00edtulo":{"('0240-S-2006', 0)":"PEDIDO DE INFORMES AL PODER EJECUTIVO SOBRE RESOLUCION REMITIDA POR LA AUDITORIA GENERAL DE LA NACION REFERENTE A LOS ESTADOS FINANCIEROS, EJERCICIOS 1 Y 2, AL 31 DE DICIEMBRE DE 2003 Y 31 DE DICIEMBRE DE 2004, CORRESPONDIENTES AL PROYECTO DE DESARROLLO RURAL DE LAS PROVINCIAS DEL NOROESTE ARGENTINO (PRODERNOA), CONTRATO DE PRESTAMO 514-AR FIDA.","('0240-S-2006', 1)":null,"('0240-S-2006', 2)":null},"('Firmantes', 'FIRMANTE')":{"('0240-S-2006', 0)":"PARLAMENTARIA MIXTA REVISORA DE CUENTAS","('0240-S-2006', 1)":null,"('0240-S-2006', 2)":null},"('Firmantes', 'DISTRITO')":{"('0240-S-2006', 0)":null,"('0240-S-2006', 1)":null,"('0240-S-2006', 2)":null},"('Firmantes', 'BLOQUE')":{"('0240-S-2006', 0)":null,"('0240-S-2006', 1)":null,"('0240-S-2006', 2)":null},"('Giros', 'COMISI\u00d3N')":{"('0240-S-2006', 0)":"PARLAMENTARIA MIXTA REVISORA DE CUENTAS","('0240-S-2006', 1)":null,"('0240-S-2006', 2)":null},"('Tramites', 'C\u00c1MARA')":{"('0240-S-2006', 0)":"Senado","('0240-S-2006', 1)":"Diputados","('0240-S-2006', 2)":"Diputados"},"('Tramites', 'MOVIMIENTO')":{"('0240-S-2006', 0)":"CONSIDERACION Y APROBACION","('0240-S-2006', 1)":"PASA A DIPUTADOS -","('0240-S-2006', 2)":"CONSIDERACION Y APROBACION"},"('Tramites', 'FECHA')":{"('0240-S-2006', 0)":"22\/11\/2006","('0240-S-2006', 1)":null,"('0240-S-2006', 2)":"14\/03\/2007"},"('Tramites', 'RESULTADO')":{"('0240-S-2006', 0)":"APROBADO","('0240-S-2006', 1)":null,"('0240-S-2006', 2)":"APROBADO"},"Link":{"('0240-S-2006', 0)":"http:\/\/www.senado.gov.ar\/parlamentario\/comisiones\/verExp\/14.06\/OV\/PR","('0240-S-2006', 1)":null,"('0240-S-2006', 2)":null},"Palabra Clave":{"('0240-S-2006', 0)":" ","('0240-S-2006', 1)":null,"('0240-S-2006', 2)":null}}