{"Tipo de Proyecto":{"('0241-S-2006', 0)":"PROYECTO DE RESOLUCI\u00d3N","('0241-S-2006', 1)":null,"('0241-S-2006', 2)":null,"('0241-S-2006', 3)":null},"Iniciado en: ":{"('0241-S-2006', 0)":"Senado","('0241-S-2006', 1)":null,"('0241-S-2006', 2)":null,"('0241-S-2006', 3)":null},"Expediente Diputados: ":{"('0241-S-2006', 0)":"0241-S-2006","('0241-S-2006', 1)":null,"('0241-S-2006', 2)":null,"('0241-S-2006', 3)":null},"Expediente Senado: ":{"('0241-S-2006', 0)":"0038-OV-2006","('0241-S-2006', 1)":null,"('0241-S-2006', 2)":null,"('0241-S-2006', 3)":null},"Fecha: ":{"('0241-S-2006', 0)":"23\/10\/2006","('0241-S-2006', 1)":null,"('0241-S-2006', 2)":null,"('0241-S-2006', 3)":null},"T\u00edtulo":{"('0241-S-2006', 0)":"PEDIDO DE INFORMES AL PODER EJECUTIVO SOBRE RESOLUCION REMITIDA POR LA AUDITORIA GENERAL DE LA NACION REFERENTE A LOS ESTADOS FINANCIEROS AL 31 DE DICIEMBRE DE 2004 CORRESPONDIENTES AL CONVENIO NO REEMBOLSABLE DE COOPERACION TECNICA REGIONAL NO REEMBOLSABLE ATN\/SF-6250\/RG-BID, PROYECTO ALCANCE Y RESULTADOS DE LAS REFORMAS EDUCATIVAS.","('0241-S-2006', 1)":null,"('0241-S-2006', 2)":null,"('0241-S-2006', 3)":null},"('Firmantes', 'FIRMANTE')":{"('0241-S-2006', 0)":"PARLAMENTARIA MIXTA REVISORA DE CUENTAS","('0241-S-2006', 1)":null,"('0241-S-2006', 2)":null,"('0241-S-2006', 3)":null},"('Firmantes', 'DISTRITO')":{"('0241-S-2006', 0)":null,"('0241-S-2006', 1)":null,"('0241-S-2006', 2)":null,"('0241-S-2006', 3)":null},"('Firmantes', 'BLOQUE')":{"('0241-S-2006', 0)":null,"('0241-S-2006', 1)":null,"('0241-S-2006', 2)":null,"('0241-S-2006', 3)":null},"('Giros', 'COMISI\u00d3N')":{"('0241-S-2006', 0)":"PARLAMENTARIA MIXTA REVISORA DE CUENTAS","('0241-S-2006', 1)":null,"('0241-S-2006', 2)":null,"('0241-S-2006', 3)":null},"('Tramites', 'C\u00c1MARA')":{"('0241-S-2006', 0)":"Senado","('0241-S-2006', 1)":"Diputados","('0241-S-2006', 2)":"Diputados","('0241-S-2006', 3)":"Diputados"},"('Tramites', 'MOVIMIENTO')":{"('0241-S-2006', 0)":"CONSIDERACION Y APROBACION","('0241-S-2006', 1)":"PASA A DIPUTADOS -","('0241-S-2006', 2)":"CONSIDERACION Y APROBACION","('0241-S-2006', 3)":"CONTESTACION DEL PODER EJECUTIVO NACIONAL - JEFE DE GABINETE DE MINISTROS - GIRADO A LA COMISION RESPECTIVA"},"('Tramites', 'FECHA')":{"('0241-S-2006', 0)":"22\/11\/2006","('0241-S-2006', 1)":null,"('0241-S-2006', 2)":"14\/03\/2007","('0241-S-2006', 3)":"07\/11\/2007"},"('Tramites', 'RESULTADO')":{"('0241-S-2006', 0)":"APROBADO","('0241-S-2006', 1)":null,"('0241-S-2006', 2)":"APROBADO","('0241-S-2006', 3)":null},"Link":{"('0241-S-2006', 0)":"http:\/\/www.senado.gov.ar\/parlamentario\/comisiones\/verExp\/38.06\/OV\/PR","('0241-S-2006', 1)":null,"('0241-S-2006', 2)":null,"('0241-S-2006', 3)":null},"Palabra Clave":{"('0241-S-2006', 0)":" ","('0241-S-2006', 1)":null,"('0241-S-2006', 2)":null,"('0241-S-2006', 3)":null}}