{"Tipo de Proyecto":{"('0242-S-2006', 0)":"PROYECTO DE LEY"},"Iniciado en: ":{"('0242-S-2006', 0)":"Senado"},"Expediente Senado: ":{"('0242-S-2006', 0)":"0242-S-2006"},"Publicado en: ":{"('0242-S-2006', 0)":"Diario de Asuntos Entrados N\u00b0 12"},"Fecha: ":{"('0242-S-2006', 0)":"07\/03\/2006"},"T\u00edtulo":{"('0242-S-2006', 0)":"DISPONER LA EXENCION DEL PAGO DEL IMPUESTO AL VALOR AGREGADO AL SERVICIO DE AGUA POTABLE Y CLOACAS BRINDADO POR LOS PEQUE\u00d1OS OPERADORES DEL SECTOR (REPRODUCCION DEL EXPEDIENTE 3361-S-04)."},"('Firmantes', 'FIRMANTE')":{"('0242-S-2006', 0)":"JAQUE, CELSO ALEJANDRO"},"('Firmantes', 'DISTRITO')":{"('0242-S-2006', 0)":"MENDOZA"},"('Firmantes', 'BLOQUE')":{"('0242-S-2006', 0)":"JUSTICIALISTA"},"Sumario":{"('0242-S-2006', 0)":"INCORPORACION DE UN TEXTO COMO INCISO I) DEL ARTICULO 7, EN EL TITULO II \"EXENCIONES \" DE LA LEY 23349 DE IVA; DEFINICIONES; IMPORTES; RECLAMOS."},"Palabra Clave":{"('0242-S-2006', 0)":" "}}