{"Tipo de Proyecto":{"('0243-D-2006', 0)":"PROYECTO DE RESOLUCI\u00d3N","('0243-D-2006', 1)":null,"('0243-D-2006', 2)":null,"('0243-D-2006', 3)":null,"('0243-D-2006', 4)":null,"('0243-D-2006', 5)":null,"('0243-D-2006', 6)":null,"('0243-D-2006', 7)":null,"('0243-D-2006', 8)":null},"Iniciado en: ":{"('0243-D-2006', 0)":"Diputados","('0243-D-2006', 1)":null,"('0243-D-2006', 2)":null,"('0243-D-2006', 3)":null,"('0243-D-2006', 4)":null,"('0243-D-2006', 5)":null,"('0243-D-2006', 6)":null,"('0243-D-2006', 7)":null,"('0243-D-2006', 8)":null},"Expediente Diputados: ":{"('0243-D-2006', 0)":"0243-D-2006","('0243-D-2006', 1)":null,"('0243-D-2006', 2)":null,"('0243-D-2006', 3)":null,"('0243-D-2006', 4)":null,"('0243-D-2006', 5)":null,"('0243-D-2006', 6)":null,"('0243-D-2006', 7)":null,"('0243-D-2006', 8)":null},"Publicado en: ":{"('0243-D-2006', 0)":"Tr\u00e1mite Parlamentario N\u00b0 3","('0243-D-2006', 1)":null,"('0243-D-2006', 2)":null,"('0243-D-2006', 3)":null,"('0243-D-2006', 4)":null,"('0243-D-2006', 5)":null,"('0243-D-2006', 6)":null,"('0243-D-2006', 7)":null,"('0243-D-2006', 8)":null},"Fecha: ":{"('0243-D-2006', 0)":"03\/03\/2006","('0243-D-2006', 1)":null,"('0243-D-2006', 2)":null,"('0243-D-2006', 3)":null,"('0243-D-2006', 4)":null,"('0243-D-2006', 5)":null,"('0243-D-2006', 6)":null,"('0243-D-2006', 7)":null,"('0243-D-2006', 8)":null},"T\u00edtulo":{"('0243-D-2006', 0)":"SOLICITAR AL PODER EJECUTIVO NACIONAL LA DENUNCIA DEL CONVENIO ENTRE LA REPUBLICA ARGENTINA Y LA REPUBLICA DE AUSTRIA RELATIVO A LA PROMOCION Y PROTECCION RECIPROCA DE INVERSIONES, SUSCRIPTO EN BUENOS AIRES EL 7 DE AGOSTO DE 1992, (LEY 24328).","('0243-D-2006', 1)":null,"('0243-D-2006', 2)":null,"('0243-D-2006', 3)":null,"('0243-D-2006', 4)":null,"('0243-D-2006', 5)":null,"('0243-D-2006', 6)":null,"('0243-D-2006', 7)":null,"('0243-D-2006', 8)":null},"('Firmantes', 'FIRMANTE')":{"('0243-D-2006', 0)":"MACALUSE, EDUARDO GABRIEL","('0243-D-2006', 1)":"BINNER, HERMES JUAN","('0243-D-2006', 2)":"GONZALEZ, MARIA AMERICA","('0243-D-2006', 3)":"MAFFEI, MARTA OLINDA","('0243-D-2006', 4)":"QUIROZ, ELSA SIRIA","('0243-D-2006', 5)":"LOZANO, CLAUDIO RAUL","('0243-D-2006', 6)":"GODOY, JUAN CARLOS LUCIO","('0243-D-2006', 7)":"GARCIA, SUSANA ROSA","('0243-D-2006', 8)":"RODRIGUEZ, MARCELA VIRGINIA"},"('Firmantes', 'DISTRITO')":{"('0243-D-2006', 0)":"BUENOS AIRES","('0243-D-2006', 1)":"SANTA FE","('0243-D-2006', 2)":"CIUDAD de BUENOS AIRES","('0243-D-2006', 3)":"BUENOS AIRES","('0243-D-2006', 4)":"BUENOS AIRES","('0243-D-2006', 5)":"CIUDAD de BUENOS AIRES","('0243-D-2006', 6)":"ENTRE RIOS","('0243-D-2006', 7)":"SANTA FE","('0243-D-2006', 8)":"BUENOS AIRES"},"('Firmantes', 'BLOQUE')":{"('0243-D-2006', 0)":"ARI","('0243-D-2006', 1)":"PARTIDO SOCIALISTA","('0243-D-2006', 2)":"ARI","('0243-D-2006', 3)":"ARI","('0243-D-2006', 4)":"ARI","('0243-D-2006', 5)":"EMANCIPACION Y JUSTICIA","('0243-D-2006', 6)":"CONCERTACION ENTRERRIANA","('0243-D-2006', 7)":"ARI","('0243-D-2006', 8)":"ARI"},"('Giros', 'COMISI\u00d3N')":{"('0243-D-2006', 0)":"RELACIONES EXTERIORES Y CULTO","('0243-D-2006', 1)":"ECONOMIA","('0243-D-2006', 2)":null,"('0243-D-2006', 3)":null,"('0243-D-2006', 4)":null,"('0243-D-2006', 5)":null,"('0243-D-2006', 6)":null,"('0243-D-2006', 7)":null,"('0243-D-2006', 8)":null},"('Tramites', 'C\u00c1MARA')":{"('0243-D-2006', 0)":"Diputados","('0243-D-2006', 1)":"Diputados","('0243-D-2006', 2)":"Diputados","('0243-D-2006', 3)":null,"('0243-D-2006', 4)":null,"('0243-D-2006', 5)":null,"('0243-D-2006', 6)":null,"('0243-D-2006', 7)":null,"('0243-D-2006', 8)":null},"('Tramites', 'MOVIMIENTO')":{"('0243-D-2006', 0)":"SOLICITUD DE REPRODUCCION DEL PROYECTO PARA EL PERIODO 125 (2007), SEGUN LOS TERMINOS DEL ARTICULO 7 DE LA RESOLUCION DE LA HCD DEL 05\/06\/1996","('0243-D-2006', 1)":"SOLICITUD DE REPRODUCCION DEL PROYECTO PARA EL PERIODO 126 (2008), SEGUN LOS TERMINOS DEL ARTICULO 7 DE LA RESOLUCION DE LA HCD DEL 05\/06\/1996","('0243-D-2006', 2)":"SOLICITUD DE REPRODUCCION DEL PROYECTO PARA EL PERIODO 128 (2010), SEGUN LOS TERMINOS DEL ARTICULO 7 DE LA RESOLUCION DE LA HCD DEL 05\/06\/1996","('0243-D-2006', 3)":null,"('0243-D-2006', 4)":null,"('0243-D-2006', 5)":null,"('0243-D-2006', 6)":null,"('0243-D-2006', 7)":null,"('0243-D-2006', 8)":null},"('Tramites', 'FECHA')":{"('0243-D-2006', 0)":"14\/03\/2007","('0243-D-2006', 1)":"12\/03\/2008","('0243-D-2006', 2)":"17\/03\/2010","('0243-D-2006', 3)":null,"('0243-D-2006', 4)":null,"('0243-D-2006', 5)":null,"('0243-D-2006', 6)":null,"('0243-D-2006', 7)":null,"('0243-D-2006', 8)":null},"('Tramites', 'RESULTADO')":{"('0243-D-2006', 0)":null,"('0243-D-2006', 1)":null,"('0243-D-2006', 2)":null,"('0243-D-2006', 3)":null,"('0243-D-2006', 4)":null,"('0243-D-2006', 5)":null,"('0243-D-2006', 6)":null,"('0243-D-2006', 7)":null,"('0243-D-2006', 8)":null},"Link":{"('0243-D-2006', 0)":"https:\/\/www.hcdn.gob.ar\/proyectos\/textoCompleto.jsp?exp=0243-D-2006&tipo=RESOLUCION","('0243-D-2006', 1)":null,"('0243-D-2006', 2)":null,"('0243-D-2006', 3)":null,"('0243-D-2006', 4)":null,"('0243-D-2006', 5)":null,"('0243-D-2006', 6)":null,"('0243-D-2006', 7)":null,"('0243-D-2006', 8)":null},"Palabra Clave":{"('0243-D-2006', 0)":" ","('0243-D-2006', 1)":null,"('0243-D-2006', 2)":null,"('0243-D-2006', 3)":null,"('0243-D-2006', 4)":null,"('0243-D-2006', 5)":null,"('0243-D-2006', 6)":null,"('0243-D-2006', 7)":null,"('0243-D-2006', 8)":null}}