{"Tipo de Proyecto":{"('0244-S-2006', 0)":"PROYECTO DE LEY"},"Iniciado en: ":{"('0244-S-2006', 0)":"Senado"},"Expediente Senado: ":{"('0244-S-2006', 0)":"0244-S-2006"},"Publicado en: ":{"('0244-S-2006', 0)":"Diario de Asuntos Entrados N\u00b0 12"},"Fecha: ":{"('0244-S-2006', 0)":"07\/03\/2006"},"T\u00edtulo":{"('0244-S-2006', 0)":"LEY DE JERARQUIZACION DE LA ACTIVIDAD JUDICIAL (REPRODUCCION DEL EXPEDIENTE 1926-S-04)."},"('Firmantes', 'FIRMANTE')":{"('0244-S-2006', 0)":"JAQUE, CELSO ALEJANDRO"},"('Firmantes', 'DISTRITO')":{"('0244-S-2006', 0)":"MENDOZA"},"('Firmantes', 'BLOQUE')":{"('0244-S-2006', 0)":"JUSTICIALISTA"},"Sumario":{"('0244-S-2006', 0)":"EVALUACION PERIODICA DE LA ACTIVIDAD DE LOS MAGISTRADOS DE TIPO TECNICO - ACADEMICA POR PARTE DEL CONSEJO DE LA MAGISTRATURA; ASPECTO TECNICO - ACADEMICO; CURSOS DE CAPACITACION; ASPECTO PSICOFISICO; ASPIRANTES A MAGISTRADOS EN EL PODER JUDICIAL; IMPEDIMENTOS; SANCIONES; CARRERA JUDICIAL."},"Palabra Clave":{"('0244-S-2006', 0)":" "}}