{"Tipo de Proyecto":{"('0246-S-2006', 0)":"PROYECTO DE LEY"},"Iniciado en: ":{"('0246-S-2006', 0)":"Senado"},"Expediente Senado: ":{"('0246-S-2006', 0)":"0246-S-2006"},"Publicado en: ":{"('0246-S-2006', 0)":"Diario de Asuntos Entrados N\u00b0 12"},"Fecha: ":{"('0246-S-2006', 0)":"07\/03\/2006"},"T\u00edtulo":{"('0246-S-2006', 0)":"CREACION DEL CONSEJO NACIONAL DE CALIDAD TURISTICA, EN EL AMBITO DE LA SECRETARIA DE TURISMO (REPRODUCCION DEL EXPEDIENTE 2959-S-04)."},"('Firmantes', 'FIRMANTE')":{"('0246-S-2006', 0)":"JAQUE, CELSO ALEJANDRO"},"('Firmantes', 'DISTRITO')":{"('0246-S-2006', 0)":"MENDOZA"},"('Firmantes', 'BLOQUE')":{"('0246-S-2006', 0)":"JUSTICIALISTA"},"Sumario":{"('0246-S-2006', 0)":"OBJETO; AUTORIDAD DE APLICACION; INTEGRACION."},"Palabra Clave":{"('0246-S-2006', 0)":" "}}