{"Tipo de Proyecto":{"('0247-S-2006', 0)":"PROYECTO DE LEY"},"Iniciado en: ":{"('0247-S-2006', 0)":"Senado"},"Expediente Senado: ":{"('0247-S-2006', 0)":"0247-S-2006"},"Publicado en: ":{"('0247-S-2006', 0)":"Diario de Asuntos Entrados N\u00b0 12"},"Fecha: ":{"('0247-S-2006', 0)":"07\/03\/2006"},"T\u00edtulo":{"('0247-S-2006', 0)":"CREACION DEL PROGRAMA NACIONAL EDUCAR EN VALORES EN EL AMBITO DEL MINISTERIO DE EDUCACION, CIENCIA Y TECNOLOGIA DE LA NACION (REPRODUCCION DEL EXPEDIENTE 3543-S-04)."},"('Firmantes', 'FIRMANTE')":{"('0247-S-2006', 0)":"JAQUE, CELSO ALEJANDRO"},"('Firmantes', 'DISTRITO')":{"('0247-S-2006', 0)":"MENDOZA"},"('Firmantes', 'BLOQUE')":{"('0247-S-2006', 0)":"JUSTICIALISTA"},"Sumario":{"('0247-S-2006', 0)":"OBJETIVOS; DESTINATARIOS; FINANCIAMIENTO; CREACION DE UNA COMISION DE EVALUACION; ADHESION DE LAS PROVINCIAS Y DE LA CIUDAD AUTONOMA DE BUENOS AIRES."},"Palabra Clave":{"('0247-S-2006', 0)":" "}}