{"Tipo de Proyecto":{"('0247-D-2006', 0)":"PROYECTO DE RESOLUCI\u00d3N","('0247-D-2006', 1)":null,"('0247-D-2006', 2)":null,"('0247-D-2006', 3)":null,"('0247-D-2006', 4)":null,"('0247-D-2006', 5)":null,"('0247-D-2006', 6)":null,"('0247-D-2006', 7)":null,"('0247-D-2006', 8)":null},"Iniciado en: ":{"('0247-D-2006', 0)":"Diputados","('0247-D-2006', 1)":null,"('0247-D-2006', 2)":null,"('0247-D-2006', 3)":null,"('0247-D-2006', 4)":null,"('0247-D-2006', 5)":null,"('0247-D-2006', 6)":null,"('0247-D-2006', 7)":null,"('0247-D-2006', 8)":null},"Expediente Diputados: ":{"('0247-D-2006', 0)":"0247-D-2006","('0247-D-2006', 1)":null,"('0247-D-2006', 2)":null,"('0247-D-2006', 3)":null,"('0247-D-2006', 4)":null,"('0247-D-2006', 5)":null,"('0247-D-2006', 6)":null,"('0247-D-2006', 7)":null,"('0247-D-2006', 8)":null},"Publicado en: ":{"('0247-D-2006', 0)":"Tr\u00e1mite Parlamentario N\u00b0 3","('0247-D-2006', 1)":null,"('0247-D-2006', 2)":null,"('0247-D-2006', 3)":null,"('0247-D-2006', 4)":null,"('0247-D-2006', 5)":null,"('0247-D-2006', 6)":null,"('0247-D-2006', 7)":null,"('0247-D-2006', 8)":null},"Fecha: ":{"('0247-D-2006', 0)":"03\/03\/2006","('0247-D-2006', 1)":null,"('0247-D-2006', 2)":null,"('0247-D-2006', 3)":null,"('0247-D-2006', 4)":null,"('0247-D-2006', 5)":null,"('0247-D-2006', 6)":null,"('0247-D-2006', 7)":null,"('0247-D-2006', 8)":null},"T\u00edtulo":{"('0247-D-2006', 0)":"SOLICITAR AL PODER EJECUTIVO NACIONAL LA DENUNCIA DEL TRATADO ENTRE LA REPUBLICA ARGENTINA Y LA REPUBLICA FEDERAL DE ALEMANIA SOBRE PROMOCION Y PROTECCION RECIPROCA DE INVERSIONES, SUSCRIPTO EN BONN (REPUBLICA FEDERAL DE ALEMANIA), EL 9 DE ABRIL DE 1991, (LEY 24098).","('0247-D-2006', 1)":null,"('0247-D-2006', 2)":null,"('0247-D-2006', 3)":null,"('0247-D-2006', 4)":null,"('0247-D-2006', 5)":null,"('0247-D-2006', 6)":null,"('0247-D-2006', 7)":null,"('0247-D-2006', 8)":null},"('Firmantes', 'FIRMANTE')":{"('0247-D-2006', 0)":"MACALUSE, EDUARDO GABRIEL","('0247-D-2006', 1)":"MAFFEI, MARTA OLINDA","('0247-D-2006', 2)":"RODRIGUEZ, MARCELA VIRGINIA","('0247-D-2006', 3)":"LOZANO, CLAUDIO RAUL","('0247-D-2006', 4)":"GONZALEZ, MARIA AMERICA","('0247-D-2006', 5)":"BINNER, HERMES JUAN","('0247-D-2006', 6)":"GARCIA, SUSANA ROSA","('0247-D-2006', 7)":"GODOY, JUAN CARLOS LUCIO","('0247-D-2006', 8)":"QUIROZ, ELSA SIRIA"},"('Firmantes', 'DISTRITO')":{"('0247-D-2006', 0)":"BUENOS AIRES","('0247-D-2006', 1)":"BUENOS AIRES","('0247-D-2006', 2)":"BUENOS AIRES","('0247-D-2006', 3)":"CIUDAD de BUENOS AIRES","('0247-D-2006', 4)":"CIUDAD de BUENOS AIRES","('0247-D-2006', 5)":"SANTA FE","('0247-D-2006', 6)":"SANTA FE","('0247-D-2006', 7)":"ENTRE RIOS","('0247-D-2006', 8)":"BUENOS AIRES"},"('Firmantes', 'BLOQUE')":{"('0247-D-2006', 0)":"ARI","('0247-D-2006', 1)":"ARI","('0247-D-2006', 2)":"ARI","('0247-D-2006', 3)":"EMANCIPACION Y JUSTICIA","('0247-D-2006', 4)":"ARI","('0247-D-2006', 5)":"PARTIDO SOCIALISTA","('0247-D-2006', 6)":"ARI","('0247-D-2006', 7)":"CONCERTACION ENTRERRIANA","('0247-D-2006', 8)":"ARI"},"('Giros', 'COMISI\u00d3N')":{"('0247-D-2006', 0)":"RELACIONES EXTERIORES Y CULTO","('0247-D-2006', 1)":"ECONOMIA","('0247-D-2006', 2)":null,"('0247-D-2006', 3)":null,"('0247-D-2006', 4)":null,"('0247-D-2006', 5)":null,"('0247-D-2006', 6)":null,"('0247-D-2006', 7)":null,"('0247-D-2006', 8)":null},"('Tramites', 'C\u00c1MARA')":{"('0247-D-2006', 0)":"Diputados","('0247-D-2006', 1)":"Diputados","('0247-D-2006', 2)":"Diputados","('0247-D-2006', 3)":null,"('0247-D-2006', 4)":null,"('0247-D-2006', 5)":null,"('0247-D-2006', 6)":null,"('0247-D-2006', 7)":null,"('0247-D-2006', 8)":null},"('Tramites', 'MOVIMIENTO')":{"('0247-D-2006', 0)":"SOLICITUD DE REPRODUCCION DEL PROYECTO PARA EL PERIODO 125 (2007), SEGUN LOS TERMINOS DEL ARTICULO 7 DE LA RESOLUCION DE LA HCD DEL 05\/06\/1996","('0247-D-2006', 1)":"SOLICITUD DE REPRODUCCION DEL PROYECTO PARA EL PERIODO 126 (2008), SEGUN LOS TERMINOS DEL ARTICULO 7 DE LA RESOLUCION DE LA HCD DEL 05\/06\/1996","('0247-D-2006', 2)":"SOLICITUD DE REPRODUCCION DEL PROYECTO PARA EL PERIODO 128 (2010), SEGUN LOS TERMINOS DEL ARTICULO 7 DE LA RESOLUCION DE LA HCD DEL 05\/06\/1996","('0247-D-2006', 3)":null,"('0247-D-2006', 4)":null,"('0247-D-2006', 5)":null,"('0247-D-2006', 6)":null,"('0247-D-2006', 7)":null,"('0247-D-2006', 8)":null},"('Tramites', 'FECHA')":{"('0247-D-2006', 0)":"14\/03\/2007","('0247-D-2006', 1)":"12\/03\/2008","('0247-D-2006', 2)":"17\/03\/2010","('0247-D-2006', 3)":null,"('0247-D-2006', 4)":null,"('0247-D-2006', 5)":null,"('0247-D-2006', 6)":null,"('0247-D-2006', 7)":null,"('0247-D-2006', 8)":null},"('Tramites', 'RESULTADO')":{"('0247-D-2006', 0)":null,"('0247-D-2006', 1)":null,"('0247-D-2006', 2)":null,"('0247-D-2006', 3)":null,"('0247-D-2006', 4)":null,"('0247-D-2006', 5)":null,"('0247-D-2006', 6)":null,"('0247-D-2006', 7)":null,"('0247-D-2006', 8)":null},"Link":{"('0247-D-2006', 0)":"https:\/\/www.hcdn.gob.ar\/proyectos\/textoCompleto.jsp?exp=0247-D-2006&tipo=RESOLUCION","('0247-D-2006', 1)":null,"('0247-D-2006', 2)":null,"('0247-D-2006', 3)":null,"('0247-D-2006', 4)":null,"('0247-D-2006', 5)":null,"('0247-D-2006', 6)":null,"('0247-D-2006', 7)":null,"('0247-D-2006', 8)":null},"Palabra Clave":{"('0247-D-2006', 0)":" ","('0247-D-2006', 1)":null,"('0247-D-2006', 2)":null,"('0247-D-2006', 3)":null,"('0247-D-2006', 4)":null,"('0247-D-2006', 5)":null,"('0247-D-2006', 6)":null,"('0247-D-2006', 7)":null,"('0247-D-2006', 8)":null}}