{"Tipo de Proyecto":{"('0248-S-2006', 0)":"COMUNICACION"},"Iniciado en: ":{"('0248-S-2006', 0)":"Senado"},"Expediente Senado: ":{"('0248-S-2006', 0)":"0248-S-2006"},"Publicado en: ":{"('0248-S-2006', 0)":"Diario de Asuntos Entrados N\u00b0 12"},"Fecha: ":{"('0248-S-2006', 0)":"07\/03\/2006"},"T\u00edtulo":{"('0248-S-2006', 0)":"SOLICITAR AL PODER EJECUTIVO DECLARE ZONA DE DESASTRE Y DECRETE LA EMERGENCIA ECONOMICA Y SOCIAL EN LA REGION AL NORTE DE LA RUTA NACIONAL 81, DESDE EL LIMITE CON LA PROVINCIA DE SALTA Y HASTA LA RUTA PROVINCIAL 23 DE LA PROVINCIA DE FORMOSA AFECTADA POR GRAVES INUNDACIONES."},"('Firmantes', 'FIRMANTE')":{"('0248-S-2006', 0)":"PETCOFF NAIDENOFF, LUIS CARLOS"},"('Firmantes', 'DISTRITO')":{"('0248-S-2006', 0)":"FORMOSA"},"('Firmantes', 'BLOQUE')":{"('0248-S-2006', 0)":"UCR"},"Link":{"('0248-S-2006', 0)":"http:\/\/www.senado.gov.ar\/parlamentario\/comisiones\/verExp\/248.06\/S\/PC"},"Palabra Clave":{"('0248-S-2006', 0)":" "}}