{"Tipo de Proyecto":{"('0248-D-2006', 0)":"PROYECTO DE RESOLUCI\u00d3N","('0248-D-2006', 1)":null,"('0248-D-2006', 2)":null,"('0248-D-2006', 3)":null,"('0248-D-2006', 4)":null,"('0248-D-2006', 5)":null,"('0248-D-2006', 6)":null,"('0248-D-2006', 7)":null},"Iniciado en: ":{"('0248-D-2006', 0)":"Diputados","('0248-D-2006', 1)":null,"('0248-D-2006', 2)":null,"('0248-D-2006', 3)":null,"('0248-D-2006', 4)":null,"('0248-D-2006', 5)":null,"('0248-D-2006', 6)":null,"('0248-D-2006', 7)":null},"Expediente Diputados: ":{"('0248-D-2006', 0)":"0248-D-2006","('0248-D-2006', 1)":null,"('0248-D-2006', 2)":null,"('0248-D-2006', 3)":null,"('0248-D-2006', 4)":null,"('0248-D-2006', 5)":null,"('0248-D-2006', 6)":null,"('0248-D-2006', 7)":null},"Publicado en: ":{"('0248-D-2006', 0)":"Tr\u00e1mite Parlamentario N\u00b0 3","('0248-D-2006', 1)":null,"('0248-D-2006', 2)":null,"('0248-D-2006', 3)":null,"('0248-D-2006', 4)":null,"('0248-D-2006', 5)":null,"('0248-D-2006', 6)":null,"('0248-D-2006', 7)":null},"Fecha: ":{"('0248-D-2006', 0)":"03\/03\/2006","('0248-D-2006', 1)":null,"('0248-D-2006', 2)":null,"('0248-D-2006', 3)":null,"('0248-D-2006', 4)":null,"('0248-D-2006', 5)":null,"('0248-D-2006', 6)":null,"('0248-D-2006', 7)":null},"T\u00edtulo":{"('0248-D-2006', 0)":"SOLICITAR AL PODER EJECUTIVO NACIONAL LA DENUNCIA DEL TRATADO ENTRE LA REPUBLICA ARGENTINA Y EL GOBIERNO DEL REINO UNIDO DE GRAN BRETA\u00d1A E IRLANDA DEL NORTE PARA LA PROMOCION Y PROTECCION RECIPROCA DE INVERSIONES, SUSCRIPTO EN LONDRES, REINO UNIDO, EL 11 DE DICIEMBRE DE 1990, (LEY 24184).","('0248-D-2006', 1)":null,"('0248-D-2006', 2)":null,"('0248-D-2006', 3)":null,"('0248-D-2006', 4)":null,"('0248-D-2006', 5)":null,"('0248-D-2006', 6)":null,"('0248-D-2006', 7)":null},"('Firmantes', 'FIRMANTE')":{"('0248-D-2006', 0)":"MACALUSE, EDUARDO GABRIEL","('0248-D-2006', 1)":"BINNER, HERMES JUAN","('0248-D-2006', 2)":"GONZALEZ, MARIA AMERICA","('0248-D-2006', 3)":"MAFFEI, MARTA OLINDA","('0248-D-2006', 4)":"QUIROZ, ELSA SIRIA","('0248-D-2006', 5)":"LOZANO, CLAUDIO RAUL","('0248-D-2006', 6)":"GODOY, JUAN CARLOS LUCIO","('0248-D-2006', 7)":"GARCIA, SUSANA ROSA"},"('Firmantes', 'DISTRITO')":{"('0248-D-2006', 0)":"BUENOS AIRES","('0248-D-2006', 1)":"SANTA FE","('0248-D-2006', 2)":"CIUDAD de BUENOS AIRES","('0248-D-2006', 3)":"BUENOS AIRES","('0248-D-2006', 4)":"BUENOS AIRES","('0248-D-2006', 5)":"CIUDAD de BUENOS AIRES","('0248-D-2006', 6)":"ENTRE RIOS","('0248-D-2006', 7)":"SANTA FE"},"('Firmantes', 'BLOQUE')":{"('0248-D-2006', 0)":"ARI","('0248-D-2006', 1)":"PARTIDO SOCIALISTA","('0248-D-2006', 2)":"ARI","('0248-D-2006', 3)":"ARI","('0248-D-2006', 4)":"ARI","('0248-D-2006', 5)":"EMANCIPACION Y JUSTICIA","('0248-D-2006', 6)":"CONCERTACION ENTRERRIANA","('0248-D-2006', 7)":"ARI"},"('Giros', 'COMISI\u00d3N')":{"('0248-D-2006', 0)":"RELACIONES EXTERIORES Y CULTO","('0248-D-2006', 1)":"ECONOMIA","('0248-D-2006', 2)":null,"('0248-D-2006', 3)":null,"('0248-D-2006', 4)":null,"('0248-D-2006', 5)":null,"('0248-D-2006', 6)":null,"('0248-D-2006', 7)":null},"('Tramites', 'C\u00c1MARA')":{"('0248-D-2006', 0)":"Diputados","('0248-D-2006', 1)":"Diputados","('0248-D-2006', 2)":"Diputados","('0248-D-2006', 3)":null,"('0248-D-2006', 4)":null,"('0248-D-2006', 5)":null,"('0248-D-2006', 6)":null,"('0248-D-2006', 7)":null},"('Tramites', 'MOVIMIENTO')":{"('0248-D-2006', 0)":"SOLICITUD DE REPRODUCCION DEL PROYECTO PARA EL PERIODO 125 (2007), SEGUN LOS TERMINOS DEL ARTICULO 7 DE LA RESOLUCION DE LA HCD DEL 05\/06\/1996","('0248-D-2006', 1)":"SOLICITUD DE REPRODUCCION DEL PROYECTO PARA EL PERIODO 126 (2008), SEGUN LOS TERMINOS DEL ARTICULO 7 DE LA RESOLUCION DE LA HCD DEL 05\/06\/1996","('0248-D-2006', 2)":"SOLICITUD DE REPRODUCCION DEL PROYECTO PARA EL PERIODO 128 (2010), SEGUN LOS TERMINOS DEL ARTICULO 7 DE LA RESOLUCION DE LA HCD DEL 05\/06\/1996","('0248-D-2006', 3)":null,"('0248-D-2006', 4)":null,"('0248-D-2006', 5)":null,"('0248-D-2006', 6)":null,"('0248-D-2006', 7)":null},"('Tramites', 'FECHA')":{"('0248-D-2006', 0)":"14\/03\/2007","('0248-D-2006', 1)":"12\/03\/2008","('0248-D-2006', 2)":"17\/03\/2010","('0248-D-2006', 3)":null,"('0248-D-2006', 4)":null,"('0248-D-2006', 5)":null,"('0248-D-2006', 6)":null,"('0248-D-2006', 7)":null},"('Tramites', 'RESULTADO')":{"('0248-D-2006', 0)":null,"('0248-D-2006', 1)":null,"('0248-D-2006', 2)":null,"('0248-D-2006', 3)":null,"('0248-D-2006', 4)":null,"('0248-D-2006', 5)":null,"('0248-D-2006', 6)":null,"('0248-D-2006', 7)":null},"Link":{"('0248-D-2006', 0)":"https:\/\/www.hcdn.gob.ar\/proyectos\/textoCompleto.jsp?exp=0248-D-2006&tipo=RESOLUCION","('0248-D-2006', 1)":null,"('0248-D-2006', 2)":null,"('0248-D-2006', 3)":null,"('0248-D-2006', 4)":null,"('0248-D-2006', 5)":null,"('0248-D-2006', 6)":null,"('0248-D-2006', 7)":null},"Palabra Clave":{"('0248-D-2006', 0)":" ","('0248-D-2006', 1)":null,"('0248-D-2006', 2)":null,"('0248-D-2006', 3)":null,"('0248-D-2006', 4)":null,"('0248-D-2006', 5)":null,"('0248-D-2006', 6)":null,"('0248-D-2006', 7)":null}}