{"Tipo de Proyecto":{"('0250-S-2006', 0)":"PROYECTO DE DECLARACI\u00d3N"},"Iniciado en: ":{"('0250-S-2006', 0)":"Senado"},"Expediente Senado: ":{"('0250-S-2006', 0)":"0250-S-2006"},"Publicado en: ":{"('0250-S-2006', 0)":"Diario de Asuntos Entrados N\u00b0 12"},"Fecha: ":{"('0250-S-2006', 0)":"07\/03\/2006"},"T\u00edtulo":{"('0250-S-2006', 0)":"DECLARAR DE INTERES PARLAMENTARIO AL III CONGRESO INTERNACIONAL PATRIMONIO CULTURAL A REALIZARSE EN CORDOBA ENTRE EL 4 Y 7 DE MAYO DE 2006."},"('Firmantes', 'FIRMANTE')":{"('0250-S-2006', 0)":"ROSSI, CARLOS ALBERTO"},"('Firmantes', 'DISTRITO')":{"('0250-S-2006', 0)":"CORDOBA"},"('Firmantes', 'BLOQUE')":{"('0250-S-2006', 0)":"VECINALISTA - PARTIDO NUEVO"},"Link":{"('0250-S-2006', 0)":"http:\/\/www.senado.gov.ar\/parlamentario\/comisiones\/verExp\/250.06\/S\/PD"},"Palabra Clave":{"('0250-S-2006', 0)":" "}}