{"Tipo de Proyecto":{"('0251-S-2006', 0)":"PROYECTO DE LEY","('0251-S-2006', 1)":null,"('0251-S-2006', 2)":null,"('0251-S-2006', 3)":null,"('0251-S-2006', 4)":null,"('0251-S-2006', 5)":null,"('0251-S-2006', 6)":null,"('0251-S-2006', 7)":null,"('0251-S-2006', 8)":null,"('0251-S-2006', 9)":null,"('0251-S-2006', 10)":null,"('0251-S-2006', 11)":null,"('0251-S-2006', 12)":null,"('0251-S-2006', 13)":null,"('0251-S-2006', 14)":null,"('0251-S-2006', 15)":null,"('0251-S-2006', 16)":null,"('0251-S-2006', 17)":null,"('0251-S-2006', 18)":null,"('0251-S-2006', 19)":null,"('0251-S-2006', 20)":null,"('0251-S-2006', 21)":null,"('0251-S-2006', 22)":null,"('0251-S-2006', 23)":null,"('0251-S-2006', 24)":null,"('0251-S-2006', 25)":null},"Iniciado en: ":{"('0251-S-2006', 0)":"Senado","('0251-S-2006', 1)":null,"('0251-S-2006', 2)":null,"('0251-S-2006', 3)":null,"('0251-S-2006', 4)":null,"('0251-S-2006', 5)":null,"('0251-S-2006', 6)":null,"('0251-S-2006', 7)":null,"('0251-S-2006', 8)":null,"('0251-S-2006', 9)":null,"('0251-S-2006', 10)":null,"('0251-S-2006', 11)":null,"('0251-S-2006', 12)":null,"('0251-S-2006', 13)":null,"('0251-S-2006', 14)":null,"('0251-S-2006', 15)":null,"('0251-S-2006', 16)":null,"('0251-S-2006', 17)":null,"('0251-S-2006', 18)":null,"('0251-S-2006', 19)":null,"('0251-S-2006', 20)":null,"('0251-S-2006', 21)":null,"('0251-S-2006', 22)":null,"('0251-S-2006', 23)":null,"('0251-S-2006', 24)":null,"('0251-S-2006', 25)":null},"Expediente Diputados: ":{"('0251-S-2006', 0)":"0251-S-2006","('0251-S-2006', 1)":null,"('0251-S-2006', 2)":null,"('0251-S-2006', 3)":null,"('0251-S-2006', 4)":null,"('0251-S-2006', 5)":null,"('0251-S-2006', 6)":null,"('0251-S-2006', 7)":null,"('0251-S-2006', 8)":null,"('0251-S-2006', 9)":null,"('0251-S-2006', 10)":null,"('0251-S-2006', 11)":null,"('0251-S-2006', 12)":null,"('0251-S-2006', 13)":null,"('0251-S-2006', 14)":null,"('0251-S-2006', 15)":null,"('0251-S-2006', 16)":null,"('0251-S-2006', 17)":null,"('0251-S-2006', 18)":null,"('0251-S-2006', 19)":null,"('0251-S-2006', 20)":null,"('0251-S-2006', 21)":null,"('0251-S-2006', 22)":null,"('0251-S-2006', 23)":null,"('0251-S-2006', 24)":null,"('0251-S-2006', 25)":null},"Expediente Senado: ":{"('0251-S-2006', 0)":"4218-S-2006","('0251-S-2006', 1)":null,"('0251-S-2006', 2)":null,"('0251-S-2006', 3)":null,"('0251-S-2006', 4)":null,"('0251-S-2006', 5)":null,"('0251-S-2006', 6)":null,"('0251-S-2006', 7)":null,"('0251-S-2006', 8)":null,"('0251-S-2006', 9)":null,"('0251-S-2006', 10)":null,"('0251-S-2006', 11)":null,"('0251-S-2006', 12)":null,"('0251-S-2006', 13)":null,"('0251-S-2006', 14)":null,"('0251-S-2006', 15)":null,"('0251-S-2006', 16)":null,"('0251-S-2006', 17)":null,"('0251-S-2006', 18)":null,"('0251-S-2006', 19)":null,"('0251-S-2006', 20)":null,"('0251-S-2006', 21)":null,"('0251-S-2006', 22)":null,"('0251-S-2006', 23)":null,"('0251-S-2006', 24)":null,"('0251-S-2006', 25)":null},"Publicado en: ":{"('0251-S-2006', 0)":"Diario de Asuntos Entrados N\u00b0 194","('0251-S-2006', 1)":null,"('0251-S-2006', 2)":null,"('0251-S-2006', 3)":null,"('0251-S-2006', 4)":null,"('0251-S-2006', 5)":null,"('0251-S-2006', 6)":null,"('0251-S-2006', 7)":null,"('0251-S-2006', 8)":null,"('0251-S-2006', 9)":null,"('0251-S-2006', 10)":null,"('0251-S-2006', 11)":null,"('0251-S-2006', 12)":null,"('0251-S-2006', 13)":null,"('0251-S-2006', 14)":null,"('0251-S-2006', 15)":null,"('0251-S-2006', 16)":null,"('0251-S-2006', 17)":null,"('0251-S-2006', 18)":null,"('0251-S-2006', 19)":null,"('0251-S-2006', 20)":null,"('0251-S-2006', 21)":null,"('0251-S-2006', 22)":null,"('0251-S-2006', 23)":null,"('0251-S-2006', 24)":null,"('0251-S-2006', 25)":null},"Fecha: ":{"('0251-S-2006', 0)":"21\/11\/2006","('0251-S-2006', 1)":null,"('0251-S-2006', 2)":null,"('0251-S-2006', 3)":null,"('0251-S-2006', 4)":null,"('0251-S-2006', 5)":null,"('0251-S-2006', 6)":null,"('0251-S-2006', 7)":null,"('0251-S-2006', 8)":null,"('0251-S-2006', 9)":null,"('0251-S-2006', 10)":null,"('0251-S-2006', 11)":null,"('0251-S-2006', 12)":null,"('0251-S-2006', 13)":null,"('0251-S-2006', 14)":null,"('0251-S-2006', 15)":null,"('0251-S-2006', 16)":null,"('0251-S-2006', 17)":null,"('0251-S-2006', 18)":null,"('0251-S-2006', 19)":null,"('0251-S-2006', 20)":null,"('0251-S-2006', 21)":null,"('0251-S-2006', 22)":null,"('0251-S-2006', 23)":null,"('0251-S-2006', 24)":null,"('0251-S-2006', 25)":null},"T\u00edtulo":{"('0251-S-2006', 0)":"MODIFICACION DE LA LEY 11723 (PROPIEDAD INTELECTUAL) RESPECTO AL ACCESO A LOS MATERIALES PROTEGIDOS POR DERECHOS DE AUTOR, A PERSONAS CIEGAS Y CON OTRAS DISCAPACIDADES PERCEPTIVAS: INCORPORACION DE PARAGRAFO AL ARTICULO 36 IN FINE.","('0251-S-2006', 1)":null,"('0251-S-2006', 2)":null,"('0251-S-2006', 3)":null,"('0251-S-2006', 4)":null,"('0251-S-2006', 5)":null,"('0251-S-2006', 6)":null,"('0251-S-2006', 7)":null,"('0251-S-2006', 8)":null,"('0251-S-2006', 9)":null,"('0251-S-2006', 10)":null,"('0251-S-2006', 11)":null,"('0251-S-2006', 12)":null,"('0251-S-2006', 13)":null,"('0251-S-2006', 14)":null,"('0251-S-2006', 15)":null,"('0251-S-2006', 16)":null,"('0251-S-2006', 17)":null,"('0251-S-2006', 18)":null,"('0251-S-2006', 19)":null,"('0251-S-2006', 20)":null,"('0251-S-2006', 21)":null,"('0251-S-2006', 22)":null,"('0251-S-2006', 23)":null,"('0251-S-2006', 24)":null,"('0251-S-2006', 25)":null},"('Firmantes', 'FIRMANTE')":{"('0251-S-2006', 0)":"TERRAGNO, RODOLFO HECTOR","('0251-S-2006', 1)":"PAMPURO, JOSE JUAN BAUTISTA","('0251-S-2006', 2)":"PERCEVAL, MARIA CRISTINA","('0251-S-2006', 3)":"IBARRA, VILMA LIDIA","('0251-S-2006', 4)":"MASTANDREA, ALICIA ESTER","('0251-S-2006', 5)":"RIOFRIO, MARINA RAQUEL","('0251-S-2006', 6)":"SANZ, ERNESTO RICARDO","('0251-S-2006', 7)":"RODRIGUEZ SAA, ADOLFO","('0251-S-2006', 8)":"MORALES, GERARDO RUBEN","('0251-S-2006', 9)":"ROSSI, CARLOS ALBERTO","('0251-S-2006', 10)":"PETCOFF NAIDENOFF, LUIS CARLOS","('0251-S-2006', 11)":"GIUSTI, SILVIA ESTER","('0251-S-2006', 12)":"FALCO, LUIS ALBERTO","('0251-S-2006', 13)":"BAR, GRACIELA YOLANDA","('0251-S-2006', 14)":"MARTINEZ, ALFREDO ANSELMO","('0251-S-2006', 15)":"GIUSTINIANI, RUBEN HECTOR","('0251-S-2006', 16)":"CURLETTI, MIRIAM BELEN","('0251-S-2006', 17)":"MARINO, JUAN CARLOS","('0251-S-2006', 18)":"CASTILLO, OSCAR ANIBAL","('0251-S-2006', 19)":"GIRI, HAIDE DELIA","('0251-S-2006', 20)":"CAPOS, LILIANA","('0251-S-2006', 21)":"ESCUDERO, SONIA MARGARITA","('0251-S-2006', 22)":"GALLEGO, SILVIA ESTER","('0251-S-2006', 23)":"PINCHETTI DE SIERRA MORALES, DELIA","('0251-S-2006', 24)":"GONZALEZ DE DUHALDE, HILDA","('0251-S-2006', 25)":"MARTINEZ PASS DE CRESTO, LAURA"},"('Firmantes', 'DISTRITO')":{"('0251-S-2006', 0)":"CIUDAD de BUENOS AIRES","('0251-S-2006', 1)":"BUENOS AIRES","('0251-S-2006', 2)":"MENDOZA","('0251-S-2006', 3)":"CIUDAD de BUENOS AIRES","('0251-S-2006', 4)":"CHACO","('0251-S-2006', 5)":"SAN JUAN","('0251-S-2006', 6)":"MENDOZA","('0251-S-2006', 7)":"SAN LUIS","('0251-S-2006', 8)":"JUJUY","('0251-S-2006', 9)":"CORDOBA","('0251-S-2006', 10)":"FORMOSA","('0251-S-2006', 11)":"CHUBUT","('0251-S-2006', 12)":"RIO NEGRO","('0251-S-2006', 13)":"ENTRE RIOS","('0251-S-2006', 14)":"SANTA CRUZ","('0251-S-2006', 15)":"SANTA FE","('0251-S-2006', 16)":"CHACO","('0251-S-2006', 17)":"LA PAMPA","('0251-S-2006', 18)":"CATAMARCA","('0251-S-2006', 19)":"CORDOBA","('0251-S-2006', 20)":"TIERRA DEL FUEGO","('0251-S-2006', 21)":"SALTA","('0251-S-2006', 22)":"LA PAMPA","('0251-S-2006', 23)":"TUCUMAN","('0251-S-2006', 24)":"BUENOS AIRES","('0251-S-2006', 25)":"ENTRE RIOS"},"('Firmantes', 'BLOQUE')":{"('0251-S-2006', 0)":"RADICAL INDEPENDIENTE","('0251-S-2006', 1)":"JUSTICIALISTA","('0251-S-2006', 2)":"JUSTICIALISTA","('0251-S-2006', 3)":"PARTIDO DE LA VICTORIA","('0251-S-2006', 4)":"UCR","('0251-S-2006', 5)":"JUSTICIALISTA","('0251-S-2006', 6)":"UCR","('0251-S-2006', 7)":"JUSTICIALISTA SAN LUIS","('0251-S-2006', 8)":"UCR","('0251-S-2006', 9)":"VECINALISTA - PARTIDO NUEVO","('0251-S-2006', 10)":"UCR","('0251-S-2006', 11)":"JUSTICIALISTA","('0251-S-2006', 12)":"RADICAL RIONEGRINO","('0251-S-2006', 13)":"JUSTICIALISTA","('0251-S-2006', 14)":"UCR","('0251-S-2006', 15)":"PARTIDO SOCIALISTA","('0251-S-2006', 16)":"UCR","('0251-S-2006', 17)":"UCR","('0251-S-2006', 18)":"FRENTE CIVICO Y SOCIAL DE CATAMARCA","('0251-S-2006', 19)":"JUSTICIALISTA","('0251-S-2006', 20)":"UCR","('0251-S-2006', 21)":"JUSTICIALISTA","('0251-S-2006', 22)":"JUSTICIALISTA","('0251-S-2006', 23)":"FZA REPUBLICANA","('0251-S-2006', 24)":"JUSTICIALISTA DIALOG AR","('0251-S-2006', 25)":"JUSTICIALISTA"},"('Giros', 'COMISI\u00d3N')":{"('0251-S-2006', 0)":"LEGISLACION GENERAL","('0251-S-2006', 1)":"LEGISLACION PENAL","('0251-S-2006', 2)":null,"('0251-S-2006', 3)":null,"('0251-S-2006', 4)":null,"('0251-S-2006', 5)":null,"('0251-S-2006', 6)":null,"('0251-S-2006', 7)":null,"('0251-S-2006', 8)":null,"('0251-S-2006', 9)":null,"('0251-S-2006', 10)":null,"('0251-S-2006', 11)":null,"('0251-S-2006', 12)":null,"('0251-S-2006', 13)":null,"('0251-S-2006', 14)":null,"('0251-S-2006', 15)":null,"('0251-S-2006', 16)":null,"('0251-S-2006', 17)":null,"('0251-S-2006', 18)":null,"('0251-S-2006', 19)":null,"('0251-S-2006', 20)":null,"('0251-S-2006', 21)":null,"('0251-S-2006', 22)":null,"('0251-S-2006', 23)":null,"('0251-S-2006', 24)":null,"('0251-S-2006', 25)":null},"('Tramites', 'C\u00c1MARA')":{"('0251-S-2006', 0)":"Senado","('0251-S-2006', 1)":"Senado","('0251-S-2006', 2)":"Senado","('0251-S-2006', 3)":"Senado","('0251-S-2006', 4)":"Diputados","('0251-S-2006', 5)":"Diputados","('0251-S-2006', 6)":"Diputados","('0251-S-2006', 7)":null,"('0251-S-2006', 8)":null,"('0251-S-2006', 9)":null,"('0251-S-2006', 10)":null,"('0251-S-2006', 11)":null,"('0251-S-2006', 12)":null,"('0251-S-2006', 13)":null,"('0251-S-2006', 14)":null,"('0251-S-2006', 15)":null,"('0251-S-2006', 16)":null,"('0251-S-2006', 17)":null,"('0251-S-2006', 18)":null,"('0251-S-2006', 19)":null,"('0251-S-2006', 20)":null,"('0251-S-2006', 21)":null,"('0251-S-2006', 22)":null,"('0251-S-2006', 23)":null,"('0251-S-2006', 24)":null,"('0251-S-2006', 25)":null},"('Tramites', 'MOVIMIENTO')":{"('0251-S-2006', 0)":"SOLICITUD DE SER COFIRMANTE DE LAS SENADORAS MARTINEZ PASS DE CRESTO, PINCHETTI Y GONZALEZ DE DUHALDE (A SUS ANTECEDENTES)","('0251-S-2006', 1)":"MOCION DE PREFERENCIA PARA LA PROXIMA SESION CON O SIN DICTAMEN (AFIRMATIVA)","('0251-S-2006', 2)":"MOCION SOBRE TABLAS (AFIRMATIVA)","('0251-S-2006', 3)":"CONSIDERACION Y APROBACION","('0251-S-2006', 4)":"PASA A DIPUTADOS -","('0251-S-2006', 5)":"MOCION DE PREFERENCIA PARA LA PROXIMA SESION CON DICTAMEN (AFIRMATIVA)","('0251-S-2006', 6)":"CONSIDERACION Y SANCION","('0251-S-2006', 7)":null,"('0251-S-2006', 8)":null,"('0251-S-2006', 9)":null,"('0251-S-2006', 10)":null,"('0251-S-2006', 11)":null,"('0251-S-2006', 12)":null,"('0251-S-2006', 13)":null,"('0251-S-2006', 14)":null,"('0251-S-2006', 15)":null,"('0251-S-2006', 16)":null,"('0251-S-2006', 17)":null,"('0251-S-2006', 18)":null,"('0251-S-2006', 19)":null,"('0251-S-2006', 20)":null,"('0251-S-2006', 21)":null,"('0251-S-2006', 22)":null,"('0251-S-2006', 23)":null,"('0251-S-2006', 24)":null,"('0251-S-2006', 25)":null},"('Tramites', 'FECHA')":{"('0251-S-2006', 0)":null,"('0251-S-2006', 1)":"22\/11\/2006","('0251-S-2006', 2)":"29\/11\/2006","('0251-S-2006', 3)":"29\/11\/2006","('0251-S-2006', 4)":null,"('0251-S-2006', 5)":"06\/12\/2006","('0251-S-2006', 6)":"15\/08\/2007","('0251-S-2006', 7)":null,"('0251-S-2006', 8)":null,"('0251-S-2006', 9)":null,"('0251-S-2006', 10)":null,"('0251-S-2006', 11)":null,"('0251-S-2006', 12)":null,"('0251-S-2006', 13)":null,"('0251-S-2006', 14)":null,"('0251-S-2006', 15)":null,"('0251-S-2006', 16)":null,"('0251-S-2006', 17)":null,"('0251-S-2006', 18)":null,"('0251-S-2006', 19)":null,"('0251-S-2006', 20)":null,"('0251-S-2006', 21)":null,"('0251-S-2006', 22)":null,"('0251-S-2006', 23)":null,"('0251-S-2006', 24)":null,"('0251-S-2006', 25)":null},"('Tramites', 'RESULTADO')":{"('0251-S-2006', 0)":null,"('0251-S-2006', 1)":null,"('0251-S-2006', 2)":null,"('0251-S-2006', 3)":"MEDIA SANCION","('0251-S-2006', 4)":null,"('0251-S-2006', 5)":null,"('0251-S-2006', 6)":"SANCIONADO","('0251-S-2006', 7)":null,"('0251-S-2006', 8)":null,"('0251-S-2006', 9)":null,"('0251-S-2006', 10)":null,"('0251-S-2006', 11)":null,"('0251-S-2006', 12)":null,"('0251-S-2006', 13)":null,"('0251-S-2006', 14)":null,"('0251-S-2006', 15)":null,"('0251-S-2006', 16)":null,"('0251-S-2006', 17)":null,"('0251-S-2006', 18)":null,"('0251-S-2006', 19)":null,"('0251-S-2006', 20)":null,"('0251-S-2006', 21)":null,"('0251-S-2006', 22)":null,"('0251-S-2006', 23)":null,"('0251-S-2006', 24)":null,"('0251-S-2006', 25)":null},"Link":{"('0251-S-2006', 0)":"http:\/\/www.senado.gov.ar\/parlamentario\/comisiones\/verExp\/4218.06\/S\/PL","('0251-S-2006', 1)":null,"('0251-S-2006', 2)":null,"('0251-S-2006', 3)":null,"('0251-S-2006', 4)":null,"('0251-S-2006', 5)":null,"('0251-S-2006', 6)":null,"('0251-S-2006', 7)":null,"('0251-S-2006', 8)":null,"('0251-S-2006', 9)":null,"('0251-S-2006', 10)":null,"('0251-S-2006', 11)":null,"('0251-S-2006', 12)":null,"('0251-S-2006', 13)":null,"('0251-S-2006', 14)":null,"('0251-S-2006', 15)":null,"('0251-S-2006', 16)":null,"('0251-S-2006', 17)":null,"('0251-S-2006', 18)":null,"('0251-S-2006', 19)":null,"('0251-S-2006', 20)":null,"('0251-S-2006', 21)":null,"('0251-S-2006', 22)":null,"('0251-S-2006', 23)":null,"('0251-S-2006', 24)":null,"('0251-S-2006', 25)":null},"Palabra Clave":{"('0251-S-2006', 0)":" ","('0251-S-2006', 1)":null,"('0251-S-2006', 2)":null,"('0251-S-2006', 3)":null,"('0251-S-2006', 4)":null,"('0251-S-2006', 5)":null,"('0251-S-2006', 6)":null,"('0251-S-2006', 7)":null,"('0251-S-2006', 8)":null,"('0251-S-2006', 9)":null,"('0251-S-2006', 10)":null,"('0251-S-2006', 11)":null,"('0251-S-2006', 12)":null,"('0251-S-2006', 13)":null,"('0251-S-2006', 14)":null,"('0251-S-2006', 15)":null,"('0251-S-2006', 16)":null,"('0251-S-2006', 17)":null,"('0251-S-2006', 18)":null,"('0251-S-2006', 19)":null,"('0251-S-2006', 20)":null,"('0251-S-2006', 21)":null,"('0251-S-2006', 22)":null,"('0251-S-2006', 23)":null,"('0251-S-2006', 24)":null,"('0251-S-2006', 25)":null}}