{"Tipo de Proyecto":{"('0251-D-2006', 0)":"PROYECTO DE LEY","('0251-D-2006', 1)":null},"Iniciado en: ":{"('0251-D-2006', 0)":"Diputados","('0251-D-2006', 1)":null},"Expediente Diputados: ":{"('0251-D-2006', 0)":"0251-D-2006","('0251-D-2006', 1)":null},"Publicado en: ":{"('0251-D-2006', 0)":"Tr\u00e1mite Parlamentario N\u00b0 3","('0251-D-2006', 1)":null},"Fecha: ":{"('0251-D-2006', 0)":"03\/03\/2006","('0251-D-2006', 1)":null},"T\u00edtulo":{"('0251-D-2006', 0)":"CREACION DEL AREA METROPOLITANA BUENOS AIRES (AMBA).","('0251-D-2006', 1)":null},"('Firmantes', 'FIRMANTE')":{"('0251-D-2006', 0)":"VILLAVERDE, JORGE ANTONIO","('0251-D-2006', 1)":null},"('Firmantes', 'DISTRITO')":{"('0251-D-2006', 0)":"BUENOS AIRES","('0251-D-2006', 1)":null},"('Firmantes', 'BLOQUE')":{"('0251-D-2006', 0)":"PERONISTA FEDERAL","('0251-D-2006', 1)":null},"('Giros', 'COMISI\u00d3N')":{"('0251-D-2006', 0)":"POBLACION Y DESARROLLO HUMANO","('0251-D-2006', 1)":"ECONOMIAS Y DESARROLLO REGIONAL"},"('Tramites', 'C\u00c1MARA')":{"('0251-D-2006', 0)":"Diputados","('0251-D-2006', 1)":null},"('Tramites', 'MOVIMIENTO')":{"('0251-D-2006', 0)":"REPRODUCIDO POR EXPEDIENTE 0082-D-08","('0251-D-2006', 1)":null},"('Tramites', 'FECHA')":{"('0251-D-2006', 0)":null,"('0251-D-2006', 1)":null},"('Tramites', 'RESULTADO')":{"('0251-D-2006', 0)":null,"('0251-D-2006', 1)":null},"Sumario":{"('0251-D-2006', 0)":"DISPOSICIONES GENERALES; FINALIDAD; MECANISMO DE CONCERTACION; ORGANISMOS DE APLICACION: ASAMBLEA GENERAL METROPOLITANA, JUNTA DIRECTIVA, SECRETARIA PERMANENTE, CONSEJO CONSULTIVO.","('0251-D-2006', 1)":null},"Palabra Clave":{"('0251-D-2006', 0)":" ","('0251-D-2006', 1)":null}}