{"Tipo de Proyecto":{"('0253-OVD-2006', 0)":"PROYECTO DE RESOLUCI\u00d3N"},"Iniciado en: ":{"('0253-OVD-2006', 0)":"Senado"},"Expediente Senado: ":{"('0253-OVD-2006', 0)":"0253-OVD-2006"},"Fecha: ":{"('0253-OVD-2006', 0)":"16\/08\/2007"},"T\u00edtulo":{"('0253-OVD-2006', 0)":"RESPUESTA REMITIDA POR LA JEFATURA DE GABINETE DE MINISTROS EN RELACION A LA RESOLUCION APROBADA POR LA H. CAMARA (0299-S-03)."},"('Firmantes', 'FIRMANTE')":{"('0253-OVD-2006', 0)":"PARLAMENTARIA MIXTA REVISORA DE CUENTAS"},"('Firmantes', 'DISTRITO')":{"('0253-OVD-2006', 0)":null},"('Firmantes', 'BLOQUE')":{"('0253-OVD-2006', 0)":null},"('Tramites', 'C\u00c1MARA')":{"('0253-OVD-2006', 0)":"Senado"},"('Tramites', 'MOVIMIENTO')":{"('0253-OVD-2006', 0)":"CONSIDERACION Y APROBACION"},"('Tramites', 'FECHA')":{"('0253-OVD-2006', 0)":"12\/12\/2007"},"('Tramites', 'RESULTADO')":{"('0253-OVD-2006', 0)":"APROBADO"},"Sumario":{"('0253-OVD-2006', 0)":"HABIENDO TOMADO CONOCIMIENTO Y SIN PERJUICIO DE ULTERIORES MEDIDAS QUE PUEDAN ADOPTARSE FRENTE A LOS FUTUROS INFORMES QUE PRODUZCA LA AUDITORIA GENERAL DE LA NACION, SE ACONSEJA SU REMISION AL ARCHIVO."},"Palabra Clave":{"('0253-OVD-2006', 0)":" "}}