{"Tipo de Proyecto":{"('0253-D-2006', 0)":"PROYECTO DE LEY","('0253-D-2006', 1)":null},"Iniciado en: ":{"('0253-D-2006', 0)":"Diputados","('0253-D-2006', 1)":null},"Expediente Diputados: ":{"('0253-D-2006', 0)":"0253-D-2006","('0253-D-2006', 1)":null},"Publicado en: ":{"('0253-D-2006', 0)":"Tr\u00e1mite Parlamentario N\u00b0 3","('0253-D-2006', 1)":null},"Fecha: ":{"('0253-D-2006', 0)":"03\/03\/2006","('0253-D-2006', 1)":null},"T\u00edtulo":{"('0253-D-2006', 0)":"SERVICIO EXTERIOR DE LA NACION, LEY 20957: OBLIGATORIEDAD DE DESIGNAR PROFESIONALES UNIVERSITARIOS DEL SECTOR CUANDO SE NOMBREN AGREGADOS ESPECIALIZADOS EN EL AREA ESPECIFICA DE TURISMO (REPRODUCCION DEL EXPEDIENTE 6904-D-04).","('0253-D-2006', 1)":null},"('Firmantes', 'FIRMANTE')":{"('0253-D-2006', 0)":"INGRAM, RODDY ERNESTO","('0253-D-2006', 1)":null},"('Firmantes', 'DISTRITO')":{"('0253-D-2006', 0)":"CHUBUT","('0253-D-2006', 1)":null},"('Firmantes', 'BLOQUE')":{"('0253-D-2006', 0)":"FRENTE PARA LA VICTORIA - PJ","('0253-D-2006', 1)":null},"('Giros', 'COMISI\u00d3N')":{"('0253-D-2006', 0)":"RELACIONES EXTERIORES Y CULTO","('0253-D-2006', 1)":"TURISMO"},"Palabra Clave":{"('0253-D-2006', 0)":" ","('0253-D-2006', 1)":null}}