{"Tipo de Proyecto":{"('0254-S-2006', 0)":"MENSAJE NRO: 1656\/06 Y PROYECTO DE LEY","('0254-S-2006', 1)":null,"('0254-S-2006', 2)":null,"('0254-S-2006', 3)":null,"('0254-S-2006', 4)":null,"('0254-S-2006', 5)":null,"('0254-S-2006', 6)":null,"('0254-S-2006', 7)":null},"Iniciado en: ":{"('0254-S-2006', 0)":"Senado","('0254-S-2006', 1)":null,"('0254-S-2006', 2)":null,"('0254-S-2006', 3)":null,"('0254-S-2006', 4)":null,"('0254-S-2006', 5)":null,"('0254-S-2006', 6)":null,"('0254-S-2006', 7)":null},"Expediente Diputados: ":{"('0254-S-2006', 0)":"0254-S-2006","('0254-S-2006', 1)":null,"('0254-S-2006', 2)":null,"('0254-S-2006', 3)":null,"('0254-S-2006', 4)":null,"('0254-S-2006', 5)":null,"('0254-S-2006', 6)":null,"('0254-S-2006', 7)":null},"Expediente Senado: ":{"('0254-S-2006', 0)":"0423-PE-2006","('0254-S-2006', 1)":null,"('0254-S-2006', 2)":null,"('0254-S-2006', 3)":null,"('0254-S-2006', 4)":null,"('0254-S-2006', 5)":null,"('0254-S-2006', 6)":null,"('0254-S-2006', 7)":null},"Publicado en: ":{"('0254-S-2006', 0)":"Diario de Asuntos Entrados N\u00b0 192","('0254-S-2006', 1)":null,"('0254-S-2006', 2)":null,"('0254-S-2006', 3)":null,"('0254-S-2006', 4)":null,"('0254-S-2006', 5)":null,"('0254-S-2006', 6)":null,"('0254-S-2006', 7)":null},"Fecha: ":{"('0254-S-2006', 0)":"16\/11\/2006","('0254-S-2006', 1)":null,"('0254-S-2006', 2)":null,"('0254-S-2006', 3)":null,"('0254-S-2006', 4)":null,"('0254-S-2006', 5)":null,"('0254-S-2006', 6)":null,"('0254-S-2006', 7)":null},"T\u00edtulo":{"('0254-S-2006', 0)":"APROBACION DEL PROTOCOLO DE ADHESION DE LA REPUBLICA BOLIVARIANA DE VENEZUELA AL MERCOSUR, SUSCRITO EN CARACAS EL 4 DE JULIO DE 2006.","('0254-S-2006', 1)":null,"('0254-S-2006', 2)":null,"('0254-S-2006', 3)":null,"('0254-S-2006', 4)":null,"('0254-S-2006', 5)":null,"('0254-S-2006', 6)":null,"('0254-S-2006', 7)":null},"('Firmantes', 'FIRMANTE')":{"('0254-S-2006', 0)":"KIRCHNER, NESTOR CARLOS","('0254-S-2006', 1)":"FERNANDEZ, ALBERTO","('0254-S-2006', 2)":"TAIANA, JORGE ENRIQUE","('0254-S-2006', 3)":null,"('0254-S-2006', 4)":null,"('0254-S-2006', 5)":null,"('0254-S-2006', 6)":null,"('0254-S-2006', 7)":null},"('Firmantes', 'DISTRITO')":{"('0254-S-2006', 0)":null,"('0254-S-2006', 1)":null,"('0254-S-2006', 2)":null,"('0254-S-2006', 3)":null,"('0254-S-2006', 4)":null,"('0254-S-2006', 5)":null,"('0254-S-2006', 6)":null,"('0254-S-2006', 7)":null},"('Firmantes', 'BLOQUE')":{"('0254-S-2006', 0)":"PODER EJECUTIVO","('0254-S-2006', 1)":"PODER EJECUTIVO","('0254-S-2006', 2)":"PODER EJECUTIVO","('0254-S-2006', 3)":null,"('0254-S-2006', 4)":null,"('0254-S-2006', 5)":null,"('0254-S-2006', 6)":null,"('0254-S-2006', 7)":null},"('Tramites', 'C\u00c1MARA')":{"('0254-S-2006', 0)":"Senado","('0254-S-2006', 1)":"Senado","('0254-S-2006', 2)":"Senado","('0254-S-2006', 3)":"Diputados","('0254-S-2006', 4)":"Diputados","('0254-S-2006', 5)":"Diputados","('0254-S-2006', 6)":"Diputados","('0254-S-2006', 7)":"Diputados"},"('Tramites', 'MOVIMIENTO')":{"('0254-S-2006', 0)":"MOCION SOBRE TABLAS (AFIRMATIVA)","('0254-S-2006', 1)":"CONSIDERACION Y APROBACION","('0254-S-2006', 2)":"INSERCIONES DE LOS SENADORES GIUSTINIANI Y REUTEMANN","('0254-S-2006', 3)":"PASA A DIPUTADOS -","('0254-S-2006', 4)":"MOCION APARTAMIENTO DEL REGLAMENTO (AFIRMATIVA)","('0254-S-2006', 5)":"MOCION SOBRE TABLAS (AFIRMATIVA)","('0254-S-2006', 6)":"CONSIDERACION Y SANCION","('0254-S-2006', 7)":"INSERCION DE LOS DIPUTADOS ARG\u00dcELLO, DI POLLINA, JANO Y PINEDO"},"('Tramites', 'FECHA')":{"('0254-S-2006', 0)":"06\/12\/2006","('0254-S-2006', 1)":"06\/12\/2006","('0254-S-2006', 2)":"06\/12\/2006","('0254-S-2006', 3)":null,"('0254-S-2006', 4)":"06\/12\/2006","('0254-S-2006', 5)":"06\/12\/2006","('0254-S-2006', 6)":"06\/12\/2006","('0254-S-2006', 7)":"06\/12\/2006"},"('Tramites', 'RESULTADO')":{"('0254-S-2006', 0)":null,"('0254-S-2006', 1)":"MEDIA SANCION","('0254-S-2006', 2)":null,"('0254-S-2006', 3)":null,"('0254-S-2006', 4)":null,"('0254-S-2006', 5)":null,"('0254-S-2006', 6)":"SANCIONADO","('0254-S-2006', 7)":null},"Link":{"('0254-S-2006', 0)":"https:\/\/www4.hcdn.gob.ar\/dependencias\/dsecretaria\/Periodo2006\/PDF2006\/TP2006\/0254-S-06.pdf","('0254-S-2006', 1)":null,"('0254-S-2006', 2)":null,"('0254-S-2006', 3)":null,"('0254-S-2006', 4)":null,"('0254-S-2006', 5)":null,"('0254-S-2006', 6)":null,"('0254-S-2006', 7)":null},"Palabra Clave":{"('0254-S-2006', 0)":" ","('0254-S-2006', 1)":null,"('0254-S-2006', 2)":null,"('0254-S-2006', 3)":null,"('0254-S-2006', 4)":null,"('0254-S-2006', 5)":null,"('0254-S-2006', 6)":null,"('0254-S-2006', 7)":null}}