{"Tipo de Proyecto":{"('0255-D-2006', 0)":"PROYECTO DE DECLARACI\u00d3N"},"Iniciado en: ":{"('0255-D-2006', 0)":"Diputados"},"Expediente Diputados: ":{"('0255-D-2006', 0)":"0255-D-2006"},"Publicado en: ":{"('0255-D-2006', 0)":"Tr\u00e1mite Parlamentario N\u00b0 3"},"Fecha: ":{"('0255-D-2006', 0)":"03\/03\/2006"},"T\u00edtulo":{"('0255-D-2006', 0)":"EXPRESAR ADHESION A LA DECLARACION DEL 2006 COMO \"A\u00d1O DE HOMENAJE AL DOCTOR RAMON CARRILLO\"."},"('Firmantes', 'FIRMANTE')":{"('0255-D-2006', 0)":"FIGUEROA, JOSE OSCAR"},"('Firmantes', 'DISTRITO')":{"('0255-D-2006', 0)":"SANTIAGO DEL ESTERO"},"('Firmantes', 'BLOQUE')":{"('0255-D-2006', 0)":"FRENTE PARA LA VICTORIA - PJ"},"('Giros', 'COMISI\u00d3N')":{"('0255-D-2006', 0)":"ACCION SOCIAL Y SALUD PUBLICA"},"('Tramites', 'C\u00c1MARA')":{"('0255-D-2006', 0)":"Diputados"},"('Tramites', 'MOVIMIENTO')":{"('0255-D-2006', 0)":"CONSIDERACION Y APROBACION"},"('Tramites', 'FECHA')":{"('0255-D-2006', 0)":"10\/05\/2006"},"('Tramites', 'RESULTADO')":{"('0255-D-2006', 0)":"APROBADO"},"Link":{"('0255-D-2006', 0)":"https:\/\/www.hcdn.gob.ar\/proyectos\/textoCompleto.jsp?exp=0255-D-2006&tipo=DECLARACION"},"Palabra Clave":{"('0255-D-2006', 0)":" "}}