{"Tipo de Proyecto":{"('0255-S-2006', 0)":"MENSAJE NRO: 1667\/06 Y PROYECTO DE LEY","('0255-S-2006', 1)":null,"('0255-S-2006', 2)":null,"('0255-S-2006', 3)":null,"('0255-S-2006', 4)":null,"('0255-S-2006', 5)":null,"('0255-S-2006', 6)":null,"('0255-S-2006', 7)":null,"('0255-S-2006', 8)":null,"('0255-S-2006', 9)":null},"Iniciado en: ":{"('0255-S-2006', 0)":"Senado","('0255-S-2006', 1)":null,"('0255-S-2006', 2)":null,"('0255-S-2006', 3)":null,"('0255-S-2006', 4)":null,"('0255-S-2006', 5)":null,"('0255-S-2006', 6)":null,"('0255-S-2006', 7)":null,"('0255-S-2006', 8)":null,"('0255-S-2006', 9)":null},"Expediente Diputados: ":{"('0255-S-2006', 0)":"0255-S-2006","('0255-S-2006', 1)":null,"('0255-S-2006', 2)":null,"('0255-S-2006', 3)":null,"('0255-S-2006', 4)":null,"('0255-S-2006', 5)":null,"('0255-S-2006', 6)":null,"('0255-S-2006', 7)":null,"('0255-S-2006', 8)":null,"('0255-S-2006', 9)":null},"Expediente Senado: ":{"('0255-S-2006', 0)":"0424-PE-2006","('0255-S-2006', 1)":null,"('0255-S-2006', 2)":null,"('0255-S-2006', 3)":null,"('0255-S-2006', 4)":null,"('0255-S-2006', 5)":null,"('0255-S-2006', 6)":null,"('0255-S-2006', 7)":null,"('0255-S-2006', 8)":null,"('0255-S-2006', 9)":null},"Publicado en: ":{"('0255-S-2006', 0)":"Diario de Asuntos Entrados N\u00b0 190","('0255-S-2006', 1)":null,"('0255-S-2006', 2)":null,"('0255-S-2006', 3)":null,"('0255-S-2006', 4)":null,"('0255-S-2006', 5)":null,"('0255-S-2006', 6)":null,"('0255-S-2006', 7)":null,"('0255-S-2006', 8)":null,"('0255-S-2006', 9)":null},"Fecha: ":{"('0255-S-2006', 0)":"16\/11\/2006","('0255-S-2006', 1)":null,"('0255-S-2006', 2)":null,"('0255-S-2006', 3)":null,"('0255-S-2006', 4)":null,"('0255-S-2006', 5)":null,"('0255-S-2006', 6)":null,"('0255-S-2006', 7)":null,"('0255-S-2006', 8)":null,"('0255-S-2006', 9)":null},"T\u00edtulo":{"('0255-S-2006', 0)":"LEY DE EDUCACION NACIONAL.","('0255-S-2006', 1)":null,"('0255-S-2006', 2)":null,"('0255-S-2006', 3)":null,"('0255-S-2006', 4)":null,"('0255-S-2006', 5)":null,"('0255-S-2006', 6)":null,"('0255-S-2006', 7)":null,"('0255-S-2006', 8)":null,"('0255-S-2006', 9)":null},"('Firmantes', 'FIRMANTE')":{"('0255-S-2006', 0)":"KIRCHNER, NESTOR CARLOS","('0255-S-2006', 1)":"FERNANDEZ, ALBERTO","('0255-S-2006', 2)":"FILMUS, DANIEL","('0255-S-2006', 3)":null,"('0255-S-2006', 4)":null,"('0255-S-2006', 5)":null,"('0255-S-2006', 6)":null,"('0255-S-2006', 7)":null,"('0255-S-2006', 8)":null,"('0255-S-2006', 9)":null},"('Firmantes', 'DISTRITO')":{"('0255-S-2006', 0)":null,"('0255-S-2006', 1)":null,"('0255-S-2006', 2)":null,"('0255-S-2006', 3)":null,"('0255-S-2006', 4)":null,"('0255-S-2006', 5)":null,"('0255-S-2006', 6)":null,"('0255-S-2006', 7)":null,"('0255-S-2006', 8)":null,"('0255-S-2006', 9)":null},"('Firmantes', 'BLOQUE')":{"('0255-S-2006', 0)":"PODER EJECUTIVO","('0255-S-2006', 1)":"PODER EJECUTIVO","('0255-S-2006', 2)":"PODER EJECUTIVO","('0255-S-2006', 3)":null,"('0255-S-2006', 4)":null,"('0255-S-2006', 5)":null,"('0255-S-2006', 6)":null,"('0255-S-2006', 7)":null,"('0255-S-2006', 8)":null,"('0255-S-2006', 9)":null},"('Giros', 'COMISI\u00d3N')":{"('0255-S-2006', 0)":"EDUCACION","('0255-S-2006', 1)":"PRESUPUESTO Y HACIENDA","('0255-S-2006', 2)":null,"('0255-S-2006', 3)":null,"('0255-S-2006', 4)":null,"('0255-S-2006', 5)":null,"('0255-S-2006', 6)":null,"('0255-S-2006', 7)":null,"('0255-S-2006', 8)":null,"('0255-S-2006', 9)":null},"('Tramites', 'C\u00c1MARA')":{"('0255-S-2006', 0)":"Senado","('0255-S-2006', 1)":"Senado","('0255-S-2006', 2)":"Senado","('0255-S-2006', 3)":"Senado","('0255-S-2006', 4)":"Diputados","('0255-S-2006', 5)":"Diputados","('0255-S-2006', 6)":"Diputados","('0255-S-2006', 7)":"Diputados","('0255-S-2006', 8)":"Diputados","('0255-S-2006', 9)":"Diputados"},"('Tramites', 'MOVIMIENTO')":{"('0255-S-2006', 0)":"MOCION SOBRE TABLAS (AFIRMATIVA)","('0255-S-2006', 1)":"PRESENCIA DEL MINISTRO DE EDUCACION, CIENCIA Y TECNOLOGIA, LICENCIADO DANIEL FILMUS","('0255-S-2006', 2)":"CONSIDERACION Y APROBACION","('0255-S-2006', 3)":"INSERCIONES DE LOS SENADORES GIUSTINIANI, NEGRE DE ALONSO, FELLNER, MASTANDREA, CAPARROS, BASUALDO, GIUSTI, JAQUE, CAPOS, PERSICO Y VIGO","('0255-S-2006', 4)":"PASA A DIPUTADOS -","('0255-S-2006', 5)":"MOCION DE PREFERENCIA PARA LA PROXIMA SESION CON DICTAMEN (AFIRMATIVA)","('0255-S-2006', 6)":"MOCION SOBRE TABLAS (AFIRMATIVA)","('0255-S-2006', 7)":"CONSIDERACION","('0255-S-2006', 8)":"CONTINUA CONSIDERACION Y SANCION","('0255-S-2006', 9)":"INSERCION DE LOS DIPUTADOS AUGSBURGER, B\u00d6SCH DE SARTORI, BULLRICH, CARRIO, DAHER, DE BRASI, MASSEI, PESO, ROMAN, SOLANAS, VANOSSI"},"('Tramites', 'FECHA')":{"('0255-S-2006', 0)":"06\/12\/2006","('0255-S-2006', 1)":"06\/12\/2006","('0255-S-2006', 2)":"06\/12\/2006","('0255-S-2006', 3)":"06\/12\/2006","('0255-S-2006', 4)":null,"('0255-S-2006', 5)":"06\/12\/2006","('0255-S-2006', 6)":"14\/12\/2006","('0255-S-2006', 7)":"14\/12\/2006","('0255-S-2006', 8)":"14\/12\/2006","('0255-S-2006', 9)":"14\/12\/2006"},"('Tramites', 'RESULTADO')":{"('0255-S-2006', 0)":null,"('0255-S-2006', 1)":null,"('0255-S-2006', 2)":"MEDIA SANCION","('0255-S-2006', 3)":null,"('0255-S-2006', 4)":null,"('0255-S-2006', 5)":null,"('0255-S-2006', 6)":null,"('0255-S-2006', 7)":null,"('0255-S-2006', 8)":"SANCIONADO","('0255-S-2006', 9)":null},"Sumario":{"('0255-S-2006', 0)":"PRINCIPIOS, DERECHOS Y GARANTIAS; FINES Y OBJETIVOS; SISTEMA EDUCATIVO NACIONAL; EDUCACION INICIAL; EDUCACION PRIMARIA; EDUCACION SECUNDARIA; EDUCACION SUPERIOR; EDUCACION TECNICO PROFESIONAL; EDUCACION ARTISTICA; EDUCACION ESPECIAL; EDUCACION PERMANENTE DE JOVENES Y ADULTOS; EDUCACION RURAL; EDUCACION INTERCULTURAL BILING\u00dcE; EDUCACION EN CONTEXTOS DE PRIVACION DE LIBERTAD; EDUCACION DOMICILIARIA Y HOSPITALARIA; EDUCACION DE GESTION PRIVADA; DOCENTES; FORMACION; DERECHOS Y OBLIGACIONES; POLITICAS DE PROMOCION DE LA IGUALDAD EDUCATIVA;  CALIDAD DE LA EDUCACION; INFORMACION Y EVALUACION DEL SISTEMA EDUCATIVO; NUEVAS TECNOLOGIAS Y MEDIOS DE COMUNICACION; EDUCACION A DISTANCIA; EDUCACION NO FORMAL;  GOBIERNO Y ADMINISTRACION; AUTORIDAD DE APLICACION: MINISTERIO DE EDUCACION, CIENCIA Y TECNOLOGIA; CREACION DEL  CONSEJO FEDERAL DE EDUCACION; AUTORIDADES EDUCATIVAS DE LAS PROVINCIAS Y DE LA CIUDAD AUTONOMA DE BUENOS AIRES; INSTITUCION EDUCATIVA; DERECHOS Y DEBERES DE LOS MIEMBROS DE LA INSTITUCION EDUCATIVA; DEBERES DE LOS\/LAS ALUMNOS\/AS; DERECHOS Y DEBERES DE LOS PADRES, MADRES Y TUTORES\/AS; DEROGACION DE LA LEY 24195 (LEY FEDERAL DE EDUCACION), LA LEY 22047 (CONSEJO FEDERAL DE CULTURA Y EDUCACION) Y DECRETO REGLAMENTARIO 943\/84; MODIFICACION EN EL ARTICULO 5  Y SUCESIVOS DE LA LEY 24521, DE EDUCACION SUPERIOR, LA DENOMINACION 'INSTITUCIONES DE EDUCACION SUPERIOR NO UNIVERSITARIA' POR LA DE 'INSTITUTOS DE EDUCACION SUPERIOR', DISPOSICIONES TRANSITORIAS Y COMPLEMENTARIAS.","('0255-S-2006', 1)":null,"('0255-S-2006', 2)":null,"('0255-S-2006', 3)":null,"('0255-S-2006', 4)":null,"('0255-S-2006', 5)":null,"('0255-S-2006', 6)":null,"('0255-S-2006', 7)":null,"('0255-S-2006', 8)":null,"('0255-S-2006', 9)":null},"Palabra Clave":{"('0255-S-2006', 0)":" ","('0255-S-2006', 1)":null,"('0255-S-2006', 2)":null,"('0255-S-2006', 3)":null,"('0255-S-2006', 4)":null,"('0255-S-2006', 5)":null,"('0255-S-2006', 6)":null,"('0255-S-2006', 7)":null,"('0255-S-2006', 8)":null,"('0255-S-2006', 9)":null}}