{"Tipo de Proyecto":{"('0256-D-2006', 0)":"PROYECTO DE DECLARACI\u00d3N","('0256-D-2006', 1)":null},"Iniciado en: ":{"('0256-D-2006', 0)":"Diputados","('0256-D-2006', 1)":null},"Expediente Diputados: ":{"('0256-D-2006', 0)":"0256-D-2006","('0256-D-2006', 1)":null},"Publicado en: ":{"('0256-D-2006', 0)":"Tr\u00e1mite Parlamentario N\u00b0 3","('0256-D-2006', 1)":null},"Fecha: ":{"('0256-D-2006', 0)":"03\/03\/2006","('0256-D-2006', 1)":null},"T\u00edtulo":{"('0256-D-2006', 0)":"DECLARAR DE INTERES PARLAMENTARIO LAS \"V REUNIONES DE LAS COMISIONES DEL PARLAMENTO LATINOAMERICANO\", A REALIZARSE DEL 5 AL 7 DE ABRIL DE 2006 EN LA CIUDAD AUTONOMA DE BUENOS AIRES.","('0256-D-2006', 1)":null},"('Firmantes', 'FIRMANTE')":{"('0256-D-2006', 0)":"RUCKAUF, CARLOS FEDERICO","('0256-D-2006', 1)":null},"('Firmantes', 'DISTRITO')":{"('0256-D-2006', 0)":"BUENOS AIRES","('0256-D-2006', 1)":null},"('Firmantes', 'BLOQUE')":{"('0256-D-2006', 0)":"PERONISTA FEDERAL","('0256-D-2006', 1)":null},"('Giros', 'COMISI\u00d3N')":{"('0256-D-2006', 0)":"RELACIONES EXTERIORES Y CULTO","('0256-D-2006', 1)":"PETICIONES, PODERES Y REGLAMENTO"},"Link":{"('0256-D-2006', 0)":"https:\/\/www.hcdn.gob.ar\/proyectos\/textoCompleto.jsp?exp=0256-D-2006&tipo=DECLARACION","('0256-D-2006', 1)":null},"Palabra Clave":{"('0256-D-2006', 0)":" ","('0256-D-2006', 1)":null}}