{"Tipo de Proyecto":{"('0258-S-2006', 0)":"MENSAJE NRO: 1505\/06 Y PROYECTO DE LEY","('0258-S-2006', 1)":null,"('0258-S-2006', 2)":null},"Iniciado en: ":{"('0258-S-2006', 0)":"Senado","('0258-S-2006', 1)":null,"('0258-S-2006', 2)":null},"Expediente Diputados: ":{"('0258-S-2006', 0)":"0258-S-2006","('0258-S-2006', 1)":null,"('0258-S-2006', 2)":null},"Expediente Senado: ":{"('0258-S-2006', 0)":"0346-PE-2006","('0258-S-2006', 1)":null,"('0258-S-2006', 2)":null},"Publicado en: ":{"('0258-S-2006', 0)":"Diario de Asuntos Entrados N\u00b0 0","('0258-S-2006', 1)":null,"('0258-S-2006', 2)":null},"Fecha: ":{"('0258-S-2006', 0)":"10\/11\/2006","('0258-S-2006', 1)":null,"('0258-S-2006', 2)":null},"T\u00edtulo":{"('0258-S-2006', 0)":"ACUERDO DE ASISTENCIA MUTUA JUDICIAL EN MATERIA PENAL ENTRE LA REPUBLICA ARGENTINA Y LA REPUBLICA PORTUGUESA, SUSCRIPTO EN LISBOA EL 7 DE ABRIL DE 2003. APROBACION.","('0258-S-2006', 1)":null,"('0258-S-2006', 2)":null},"('Firmantes', 'FIRMANTE')":{"('0258-S-2006', 0)":"KIRCHNER, NESTOR CARLOS","('0258-S-2006', 1)":"FERNANDEZ, ALBERTO","('0258-S-2006', 2)":"TAIANA, JORGE ENRIQUE"},"('Firmantes', 'DISTRITO')":{"('0258-S-2006', 0)":null,"('0258-S-2006', 1)":null,"('0258-S-2006', 2)":null},"('Firmantes', 'BLOQUE')":{"('0258-S-2006', 0)":"PODER EJECUTIVO","('0258-S-2006', 1)":"PODER EJECUTIVO","('0258-S-2006', 2)":"PODER EJECUTIVO"},"('Giros', 'COMISI\u00d3N')":{"('0258-S-2006', 0)":"RELACIONES EXTERIORES Y CULTO","('0258-S-2006', 1)":"LEGISLACION PENAL","('0258-S-2006', 2)":null},"('Tramites', 'C\u00c1MARA')":{"('0258-S-2006', 0)":"Senado","('0258-S-2006', 1)":"Diputados","('0258-S-2006', 2)":"Diputados"},"('Tramites', 'MOVIMIENTO')":{"('0258-S-2006', 0)":"CONSIDERACION Y APROBACION","('0258-S-2006', 1)":"PASA A DIPUTADOS -","('0258-S-2006', 2)":"CONSIDERACION Y SANCION"},"('Tramites', 'FECHA')":{"('0258-S-2006', 0)":"06\/12\/2006","('0258-S-2006', 1)":null,"('0258-S-2006', 2)":"03\/12\/2008"},"('Tramites', 'RESULTADO')":{"('0258-S-2006', 0)":"MEDIA SANCION","('0258-S-2006', 1)":null,"('0258-S-2006', 2)":"SANCIONADO"},"Link":{"('0258-S-2006', 0)":"https:\/\/www4.hcdn.gob.ar\/dependencias\/dsecretaria\/Periodo2006\/PDF2006\/TP2006\/0258-S-06.pdf","('0258-S-2006', 1)":null,"('0258-S-2006', 2)":null},"Palabra Clave":{"('0258-S-2006', 0)":" ","('0258-S-2006', 1)":null,"('0258-S-2006', 2)":null}}