{"Tipo de Proyecto":{"('0259-D-2006', 0)":"PROYECTO DE LEY","('0259-D-2006', 1)":null,"('0259-D-2006', 2)":null,"('0259-D-2006', 3)":null,"('0259-D-2006', 4)":null,"('0259-D-2006', 5)":null,"('0259-D-2006', 6)":null,"('0259-D-2006', 7)":null},"Iniciado en: ":{"('0259-D-2006', 0)":"Diputados","('0259-D-2006', 1)":null,"('0259-D-2006', 2)":null,"('0259-D-2006', 3)":null,"('0259-D-2006', 4)":null,"('0259-D-2006', 5)":null,"('0259-D-2006', 6)":null,"('0259-D-2006', 7)":null},"Expediente Diputados: ":{"('0259-D-2006', 0)":"0259-D-2006","('0259-D-2006', 1)":null,"('0259-D-2006', 2)":null,"('0259-D-2006', 3)":null,"('0259-D-2006', 4)":null,"('0259-D-2006', 5)":null,"('0259-D-2006', 6)":null,"('0259-D-2006', 7)":null},"Expediente Senado: ":{"('0259-D-2006', 0)":"0067-CD-2006","('0259-D-2006', 1)":null,"('0259-D-2006', 2)":null,"('0259-D-2006', 3)":null,"('0259-D-2006', 4)":null,"('0259-D-2006', 5)":null,"('0259-D-2006', 6)":null,"('0259-D-2006', 7)":null},"Publicado en: ":{"('0259-D-2006', 0)":"Tr\u00e1mite Parlamentario N\u00b0 3","('0259-D-2006', 1)":null,"('0259-D-2006', 2)":null,"('0259-D-2006', 3)":null,"('0259-D-2006', 4)":null,"('0259-D-2006', 5)":null,"('0259-D-2006', 6)":null,"('0259-D-2006', 7)":null},"Fecha: ":{"('0259-D-2006', 0)":"03\/03\/2006","('0259-D-2006', 1)":null,"('0259-D-2006', 2)":null,"('0259-D-2006', 3)":null,"('0259-D-2006', 4)":null,"('0259-D-2006', 5)":null,"('0259-D-2006', 6)":null,"('0259-D-2006', 7)":null},"T\u00edtulo":{"('0259-D-2006', 0)":"CREACION DEL REGIMEN PARA EL DESARROLLO DE LA GANADERIA DE CAMELIDOS SUDAMERICANOS.","('0259-D-2006', 1)":null,"('0259-D-2006', 2)":null,"('0259-D-2006', 3)":null,"('0259-D-2006', 4)":null,"('0259-D-2006', 5)":null,"('0259-D-2006', 6)":null,"('0259-D-2006', 7)":null},"('Firmantes', 'FIRMANTE')":{"('0259-D-2006', 0)":"GIUBERGIA, MIGUEL ANGEL","('0259-D-2006', 1)":"ZIMMERMANN, VICTOR","('0259-D-2006', 2)":"MARTINEZ, ERNESTO FELIX","('0259-D-2006', 3)":"SNOPEK, CARLOS DANIEL","('0259-D-2006', 4)":"NIEVA, ALEJANDRO MARIO","('0259-D-2006', 5)":"NEGRI, MARIO RAUL","('0259-D-2006', 6)":"HERNANDEZ, CINTHYA GABRIELA","('0259-D-2006', 7)":"BORSANI, LUIS GUSTAVO"},"('Firmantes', 'DISTRITO')":{"('0259-D-2006', 0)":"JUJUY","('0259-D-2006', 1)":"CHACO","('0259-D-2006', 2)":"LA RIOJA","('0259-D-2006', 3)":"JUJUY","('0259-D-2006', 4)":"JUJUY","('0259-D-2006', 5)":"CORDOBA","('0259-D-2006', 6)":"RIO NEGRO","('0259-D-2006', 7)":"MENDOZA"},"('Firmantes', 'BLOQUE')":{"('0259-D-2006', 0)":"UCR","('0259-D-2006', 1)":"UCR","('0259-D-2006', 2)":"UCR","('0259-D-2006', 3)":"FRENTE PARA LA VICTORIA - PJ","('0259-D-2006', 4)":"UCR","('0259-D-2006', 5)":"UCR","('0259-D-2006', 6)":"UCR","('0259-D-2006', 7)":"UCR"},"('Giros', 'COMISI\u00d3N')":{"('0259-D-2006', 0)":"AGRICULTURA Y GANADERIA","('0259-D-2006', 1)":"PRESUPUESTO Y HACIENDA","('0259-D-2006', 2)":null,"('0259-D-2006', 3)":null,"('0259-D-2006', 4)":null,"('0259-D-2006', 5)":null,"('0259-D-2006', 6)":null,"('0259-D-2006', 7)":null},"('Tramites', 'C\u00c1MARA')":{"('0259-D-2006', 0)":"Diputados","('0259-D-2006', 1)":"Diputados","('0259-D-2006', 2)":"Diputados","('0259-D-2006', 3)":"Diputados","('0259-D-2006', 4)":"Diputados","('0259-D-2006', 5)":"Senado","('0259-D-2006', 6)":null,"('0259-D-2006', 7)":null},"('Tramites', 'MOVIMIENTO')":{"('0259-D-2006', 0)":"SOLICITUD DE ADHESION DE LA DIPUTADA GARIN DE TULA (A SUS ANTECEDENTES)","('0259-D-2006', 1)":"MOCION DE PREFERENCIA CON DICTAMEN (AFIRMATIVA)","('0259-D-2006', 2)":"MOCION DE PREFERENCIA CON DICTAMEN (AFIRMATIVA)","('0259-D-2006', 3)":"MOCION DE PREFERENCIA PARA LA PROXIMA SESION CON DICTAMEN (AFIRMATIVA)","('0259-D-2006', 4)":"CONSIDERACION Y APROBACION","('0259-D-2006', 5)":"PASA A SENADO -","('0259-D-2006', 6)":null,"('0259-D-2006', 7)":null},"('Tramites', 'FECHA')":{"('0259-D-2006', 0)":null,"('0259-D-2006', 1)":"19\/04\/2006","('0259-D-2006', 2)":"07\/06\/2006","('0259-D-2006', 3)":"09\/08\/2006","('0259-D-2006', 4)":"16\/08\/2006","('0259-D-2006', 5)":null,"('0259-D-2006', 6)":null,"('0259-D-2006', 7)":null},"('Tramites', 'RESULTADO')":{"('0259-D-2006', 0)":null,"('0259-D-2006', 1)":null,"('0259-D-2006', 2)":null,"('0259-D-2006', 3)":null,"('0259-D-2006', 4)":"MEDIA SANCION","('0259-D-2006', 5)":null,"('0259-D-2006', 6)":null,"('0259-D-2006', 7)":null},"Sumario":{"('0259-D-2006', 0)":"GENERALIDADES; OBJETIVOS; BENEFICIARIOS; DE LOS BENEFICIOS; AUTORIDAD DE APLICACION: SECRETARIA DE AGRICULTURA, GANADERIA, PESCA Y ALIMENTACION; CREACION DE LA COMISION TECNICA DE CAMELIDOS (COTECA); FUNCIONES DE LA AUTORIDAD DE APLICACION; CONFORMACION Y FUNCIONES DE LA COMISION TECNICA DE CAMELIDOS; FUNCIONES DEL COORDINADOR NACIONAL; CREACION DEL FONDO FIDUCIARIO DENOMINADO FONDO PARA LA RECUPERACION DE LA ACTIVIDAD CAMELIDA (FOAC); INFRACCIONES Y SANCIONES; ADHESION PROVINCIAL: CONSTITUCION DE UNA UNIDAD EJECUTORA PROVINCIAL (UEP): FUNCIONES Y FACULTADES.","('0259-D-2006', 1)":null,"('0259-D-2006', 2)":null,"('0259-D-2006', 3)":null,"('0259-D-2006', 4)":null,"('0259-D-2006', 5)":null,"('0259-D-2006', 6)":null,"('0259-D-2006', 7)":null},"Palabra Clave":{"('0259-D-2006', 0)":" ","('0259-D-2006', 1)":null,"('0259-D-2006', 2)":null,"('0259-D-2006', 3)":null,"('0259-D-2006', 4)":null,"('0259-D-2006', 5)":null,"('0259-D-2006', 6)":null,"('0259-D-2006', 7)":null}}