{"Tipo de Proyecto":{"('0260-S-2006', 0)":"PROYECTO DE LEY","('0260-S-2006', 1)":null,"('0260-S-2006', 2)":null},"Iniciado en: ":{"('0260-S-2006', 0)":"Senado","('0260-S-2006', 1)":null,"('0260-S-2006', 2)":null},"Expediente Diputados: ":{"('0260-S-2006', 0)":"0260-S-2006","('0260-S-2006', 1)":null,"('0260-S-2006', 2)":null},"Expediente Senado: ":{"('0260-S-2006', 0)":"4345-S-2006","('0260-S-2006', 1)":null,"('0260-S-2006', 2)":null},"Publicado en: ":{"('0260-S-2006', 0)":"Diario de Asuntos Entrados N\u00b0 198","('0260-S-2006', 1)":null,"('0260-S-2006', 2)":null},"Fecha: ":{"('0260-S-2006', 0)":"27\/11\/2006","('0260-S-2006', 1)":null,"('0260-S-2006', 2)":null},"T\u00edtulo":{"('0260-S-2006', 0)":"PRORROGA DE LA VIGENCIA DEL DERECHO A LA EXPORTACION DE HIDROCARBUROS CREADO POR EL ARTICULO 6 DE LA LEY 25561 (EMERGENCIA PUBLICA Y REFORMA DEL REGIMEN CAMBIARIO). ","('0260-S-2006', 1)":null,"('0260-S-2006', 2)":null},"('Firmantes', 'FIRMANTE')":{"('0260-S-2006', 0)":"CAPITANICH, JORGE","('0260-S-2006', 1)":null,"('0260-S-2006', 2)":null},"('Firmantes', 'DISTRITO')":{"('0260-S-2006', 0)":"CHACO","('0260-S-2006', 1)":null,"('0260-S-2006', 2)":null},"('Firmantes', 'BLOQUE')":{"('0260-S-2006', 0)":"JUSTICIALISTA","('0260-S-2006', 1)":null,"('0260-S-2006', 2)":null},"('Giros', 'COMISI\u00d3N')":{"('0260-S-2006', 0)":"PRESUPUESTO Y HACIENDA","('0260-S-2006', 1)":null,"('0260-S-2006', 2)":null},"('Tramites', 'C\u00c1MARA')":{"('0260-S-2006', 0)":"Senado","('0260-S-2006', 1)":"Senado","('0260-S-2006', 2)":"Diputados"},"('Tramites', 'MOVIMIENTO')":{"('0260-S-2006', 0)":"MOCION SOBRE TABLAS (AFIRMATIVA)","('0260-S-2006', 1)":"CONSIDERACION Y APROBACION CON MODIFICACIONES","('0260-S-2006', 2)":"PASA A DIPUTADOS -"},"('Tramites', 'FECHA')":{"('0260-S-2006', 0)":"06\/12\/2006","('0260-S-2006', 1)":"06\/12\/2006","('0260-S-2006', 2)":null},"('Tramites', 'RESULTADO')":{"('0260-S-2006', 0)":null,"('0260-S-2006', 1)":"MEDIA SANCION","('0260-S-2006', 2)":null},"Link":{"('0260-S-2006', 0)":"https:\/\/www4.hcdn.gob.ar\/dependencias\/dsecretaria\/Periodo2006\/PDF2006\/TP2006\/0260-S-06.pdf","('0260-S-2006', 1)":null,"('0260-S-2006', 2)":null},"Palabra Clave":{"('0260-S-2006', 0)":" ","('0260-S-2006', 1)":null,"('0260-S-2006', 2)":null}}