{"Tipo de Proyecto":{"('0260-D-2006', 0)":"PROYECTO DE DECLARACI\u00d3N","('0260-D-2006', 1)":null},"Iniciado en: ":{"('0260-D-2006', 0)":"Diputados","('0260-D-2006', 1)":null},"Expediente Diputados: ":{"('0260-D-2006', 0)":"0260-D-2006","('0260-D-2006', 1)":null},"Publicado en: ":{"('0260-D-2006', 0)":"Tr\u00e1mite Parlamentario N\u00b0 3","('0260-D-2006', 1)":null},"Fecha: ":{"('0260-D-2006', 0)":"03\/03\/2006","('0260-D-2006', 1)":null},"T\u00edtulo":{"('0260-D-2006', 0)":"DECLARAR DE INTERES DE LA HONORABLE CAMARA DE DIPUTADOS DE LA NACION LA \"EXPO CENTRAL 2006, I MUESTRA REGIONAL DE PRODUCTOS, TECNOLOGIA Y SERVICIOS PARA LA INDUSTRIA FRUTIHORTICOLA\", A REALIZARSE DEL 23 AL 26 DE MARZO DE 2006 EN EL MERCADO CENTRAL DE BUENOS AIRES.","('0260-D-2006', 1)":null},"('Firmantes', 'FIRMANTE')":{"('0260-D-2006', 0)":"BALESTRINI, ALBERTO EDGARDO","('0260-D-2006', 1)":"CIGOGNA, LUIS FRANCISCO JORGE"},"('Firmantes', 'DISTRITO')":{"('0260-D-2006', 0)":"BUENOS AIRES","('0260-D-2006', 1)":"BUENOS AIRES"},"('Firmantes', 'BLOQUE')":{"('0260-D-2006', 0)":"FRENTE PARA LA VICTORIA - PJ","('0260-D-2006', 1)":"FRENTE PARA LA VICTORIA - PJ"},"('Giros', 'COMISI\u00d3N')":{"('0260-D-2006', 0)":"AGRICULTURA Y GANADERIA","('0260-D-2006', 1)":null},"('Tramites', 'C\u00c1MARA')":{"('0260-D-2006', 0)":"Diputados","('0260-D-2006', 1)":null},"('Tramites', 'MOVIMIENTO')":{"('0260-D-2006', 0)":"CONSIDERACION Y APROBACION CONJUNTAMENTE PARA LOS EXPEDIENTES 0260-D-2006 y 0306-D-2006","('0260-D-2006', 1)":null},"('Tramites', 'FECHA')":{"('0260-D-2006', 0)":"19\/04\/2006","('0260-D-2006', 1)":null},"('Tramites', 'RESULTADO')":{"('0260-D-2006', 0)":"APROBADO","('0260-D-2006', 1)":null},"Link":{"('0260-D-2006', 0)":"https:\/\/www.hcdn.gob.ar\/proyectos\/textoCompleto.jsp?exp=0260-D-2006&tipo=DECLARACION","('0260-D-2006', 1)":null},"Palabra Clave":{"('0260-D-2006', 0)":" ","('0260-D-2006', 1)":null}}