{"Tipo de Proyecto":{"('0261-S-2006', 0)":"PROYECTO DE LEY","('0261-S-2006', 1)":null,"('0261-S-2006', 2)":null,"('0261-S-2006', 3)":null},"Iniciado en: ":{"('0261-S-2006', 0)":"Senado","('0261-S-2006', 1)":null,"('0261-S-2006', 2)":null,"('0261-S-2006', 3)":null},"Expediente Diputados: ":{"('0261-S-2006', 0)":"0261-S-2006","('0261-S-2006', 1)":null,"('0261-S-2006', 2)":null,"('0261-S-2006', 3)":null},"Expediente Senado: ":{"('0261-S-2006', 0)":"1806-S-2006","('0261-S-2006', 1)":null,"('0261-S-2006', 2)":null,"('0261-S-2006', 3)":null},"Publicado en: ":{"('0261-S-2006', 0)":"Diario de Asuntos Entrados N\u00b0 78","('0261-S-2006', 1)":null,"('0261-S-2006', 2)":null,"('0261-S-2006', 3)":null},"Fecha: ":{"('0261-S-2006', 0)":"31\/05\/2006","('0261-S-2006', 1)":null,"('0261-S-2006', 2)":null,"('0261-S-2006', 3)":null},"T\u00edtulo":{"('0261-S-2006', 0)":"CREACION EN EL AMBITO DEL MINISTERIO DE DESARROLLO SOCIAL DE LA NACION, BAJO LA ORBITA DE LA DIRECCION NACIONAL DE JUVENTUD U ORGANISMO NACIONAL EQUIVALENTE, EL CONSEJO NACIONAL DE LA JUVENTUD.","('0261-S-2006', 1)":null,"('0261-S-2006', 2)":null,"('0261-S-2006', 3)":null},"('Firmantes', 'FIRMANTE')":{"('0261-S-2006', 0)":"KIRCHNER, ALICIA","('0261-S-2006', 1)":"FERNANDEZ, NICOLAS ALEJANDRO","('0261-S-2006', 2)":null,"('0261-S-2006', 3)":null},"('Firmantes', 'DISTRITO')":{"('0261-S-2006', 0)":"SANTA CRUZ","('0261-S-2006', 1)":"SANTA CRUZ","('0261-S-2006', 2)":null,"('0261-S-2006', 3)":null},"('Firmantes', 'BLOQUE')":{"('0261-S-2006', 0)":"JUSTICIALISTA","('0261-S-2006', 1)":"JUSTICIALISTA","('0261-S-2006', 2)":null,"('0261-S-2006', 3)":null},"('Giros', 'COMISI\u00d3N')":{"('0261-S-2006', 0)":"FAMILIA, MUJER, NI\u00d1EZ Y ADOLESCENCIA","('0261-S-2006', 1)":"PRESUPUESTO Y HACIENDA","('0261-S-2006', 2)":null,"('0261-S-2006', 3)":null},"('Tramites', 'C\u00c1MARA')":{"('0261-S-2006', 0)":"Senado","('0261-S-2006', 1)":"Senado","('0261-S-2006', 2)":"Diputados","('0261-S-2006', 3)":"Diputados"},"('Tramites', 'MOVIMIENTO')":{"('0261-S-2006', 0)":"CONSIDERACION Y APROBACION","('0261-S-2006', 1)":"INSERCIONES DE LAS SENADORAS GALLEGO Y BAR","('0261-S-2006', 2)":"PASA A DIPUTADOS -","('0261-S-2006', 3)":"CONSIDERACION Y SANCION"},"('Tramites', 'FECHA')":{"('0261-S-2006', 0)":"06\/12\/2006","('0261-S-2006', 1)":"06\/12\/2006","('0261-S-2006', 2)":null,"('0261-S-2006', 3)":"28\/03\/2007"},"('Tramites', 'RESULTADO')":{"('0261-S-2006', 0)":"MEDIA SANCION","('0261-S-2006', 1)":null,"('0261-S-2006', 2)":null,"('0261-S-2006', 3)":"SANCIONADO"},"Sumario":{"('0261-S-2006', 0)":"MISIONES; INTEGRACION; FUNCIONES; COORDINACION ADMINISTRATIVA PERMANENTE; REUNIONES; CONCLUSIONES DEL CONSEJO; GASTOS.","('0261-S-2006', 1)":null,"('0261-S-2006', 2)":null,"('0261-S-2006', 3)":null},"Palabra Clave":{"('0261-S-2006', 0)":" ","('0261-S-2006', 1)":null,"('0261-S-2006', 2)":null,"('0261-S-2006', 3)":null}}