{"Tipo de Proyecto":{"('0261-D-2006', 0)":"PROYECTO DE RESOLUCI\u00d3N","('0261-D-2006', 1)":null,"('0261-D-2006', 2)":null},"Iniciado en: ":{"('0261-D-2006', 0)":"Diputados","('0261-D-2006', 1)":null,"('0261-D-2006', 2)":null},"Expediente Diputados: ":{"('0261-D-2006', 0)":"0261-D-2006","('0261-D-2006', 1)":null,"('0261-D-2006', 2)":null},"Publicado en: ":{"('0261-D-2006', 0)":"Tr\u00e1mite Parlamentario N\u00b0 3","('0261-D-2006', 1)":null,"('0261-D-2006', 2)":null},"Fecha: ":{"('0261-D-2006', 0)":"03\/03\/2006","('0261-D-2006', 1)":null,"('0261-D-2006', 2)":null},"T\u00edtulo":{"('0261-D-2006', 0)":"SOLICITAR AL PODER EJECUTIVO NACIONAL LA DECLARACION DE ALERTA SANITARIA EN TODO EL PAIS POR LA GRIPE AVIAR.","('0261-D-2006', 1)":null,"('0261-D-2006', 2)":null},"('Firmantes', 'FIRMANTE')":{"('0261-D-2006', 0)":"CANTERO GUTIERREZ, ALBERTO","('0261-D-2006', 1)":"ROSSO, GRACIELA ZULEMA","('0261-D-2006', 2)":"VACA NARVAJA, PATRICIA"},"('Firmantes', 'DISTRITO')":{"('0261-D-2006', 0)":"CORDOBA","('0261-D-2006', 1)":"BUENOS AIRES","('0261-D-2006', 2)":"CORDOBA"},"('Firmantes', 'BLOQUE')":{"('0261-D-2006', 0)":"FRENTE PARA LA VICTORIA - PJ","('0261-D-2006', 1)":"FRENTE PARA LA VICTORIA - PJ","('0261-D-2006', 2)":"FRENTE PARA LA VICTORIA - PJ"},"('Giros', 'COMISI\u00d3N')":{"('0261-D-2006', 0)":"ACCION SOCIAL Y SALUD PUBLICA","('0261-D-2006', 1)":null,"('0261-D-2006', 2)":null},"Link":{"('0261-D-2006', 0)":"https:\/\/www.hcdn.gob.ar\/proyectos\/textoCompleto.jsp?exp=0261-D-2006&tipo=RESOLUCION","('0261-D-2006', 1)":null,"('0261-D-2006', 2)":null},"Palabra Clave":{"('0261-D-2006', 0)":" ","('0261-D-2006', 1)":null,"('0261-D-2006', 2)":null}}