{"Tipo de Proyecto":{"('0262-S-2006', 0)":"COMUNICACION","('0262-S-2006', 1)":null},"Iniciado en: ":{"('0262-S-2006', 0)":"Senado","('0262-S-2006', 1)":null},"Expediente Senado: ":{"('0262-S-2006', 0)":"0262-S-2006","('0262-S-2006', 1)":null},"Publicado en: ":{"('0262-S-2006', 0)":"Diario de Asuntos Entrados N\u00b0 12","('0262-S-2006', 1)":null},"Fecha: ":{"('0262-S-2006', 0)":"07\/03\/2006","('0262-S-2006', 1)":null},"T\u00edtulo":{"('0262-S-2006', 0)":"SOLICITAR AL PODER EJECUTIVO DISPONGA LAS MEDIDAS PARA INCORPORAR PERSONAL A LA SUPERVISION REGIONAL SAN LUIS DEL SENASA.","('0262-S-2006', 1)":null},"('Firmantes', 'FIRMANTE')":{"('0262-S-2006', 0)":"RODRIGUEZ SAA, ADOLFO","('0262-S-2006', 1)":"NEGRE DE ALONSO, LILIANA T."},"('Firmantes', 'DISTRITO')":{"('0262-S-2006', 0)":"SAN LUIS","('0262-S-2006', 1)":"SAN LUIS"},"('Firmantes', 'BLOQUE')":{"('0262-S-2006', 0)":"JUSTICIALISTA SAN LUIS","('0262-S-2006', 1)":"JUSTICIALISTA SAN LUIS"},"('Tramites', 'C\u00c1MARA')":{"('0262-S-2006', 0)":"Senado","('0262-S-2006', 1)":null},"('Tramites', 'MOVIMIENTO')":{"('0262-S-2006', 0)":"CONSIDERACION Y APROBACION","('0262-S-2006', 1)":null},"('Tramites', 'FECHA')":{"('0262-S-2006', 0)":"28\/06\/2006","('0262-S-2006', 1)":null},"('Tramites', 'RESULTADO')":{"('0262-S-2006', 0)":"APROBADO","('0262-S-2006', 1)":null},"Link":{"('0262-S-2006', 0)":"http:\/\/www.senado.gov.ar\/parlamentario\/comisiones\/verExp\/262.06\/S\/PC","('0262-S-2006', 1)":null},"Palabra Clave":{"('0262-S-2006', 0)":" ","('0262-S-2006', 1)":null}}