{"Tipo de Proyecto":{"('0264-D-2006', 0)":"PROYECTO DE LEY","('0264-D-2006', 1)":null},"Iniciado en: ":{"('0264-D-2006', 0)":"Diputados","('0264-D-2006', 1)":null},"Expediente Diputados: ":{"('0264-D-2006', 0)":"0264-D-2006","('0264-D-2006', 1)":null},"Publicado en: ":{"('0264-D-2006', 0)":"Tr\u00e1mite Parlamentario N\u00b0 3","('0264-D-2006', 1)":null},"Fecha: ":{"('0264-D-2006', 0)":"03\/03\/2006","('0264-D-2006', 1)":null},"T\u00edtulo":{"('0264-D-2006', 0)":"MODIFICACION DEL TITULO IV DE LA SECCION II, LIBRO I, DEL CODIGO CIVIL DE LA NACION, EN RELACION A LA FIGURA JURIDICA DE LA ADOPCION.","('0264-D-2006', 1)":null},"('Firmantes', 'FIRMANTE')":{"('0264-D-2006', 0)":"COMELLI, ALICIA MARCELA","('0264-D-2006', 1)":null},"('Firmantes', 'DISTRITO')":{"('0264-D-2006', 0)":"NEUQUEN","('0264-D-2006', 1)":null},"('Firmantes', 'BLOQUE')":{"('0264-D-2006', 0)":"MOV POP NEUQUINO","('0264-D-2006', 1)":null},"('Giros', 'COMISI\u00d3N')":{"('0264-D-2006', 0)":"LEGISLACION GENERAL","('0264-D-2006', 1)":"FAMILIA, MUJER, NI\u00d1EZ Y ADOLESCENCIA"},"Sumario":{"('0264-D-2006', 0)":"ADOPCION: DISPOSICIONES GENERALES; DISPOSICIONES ESPECIALES DE LA GUARDA; DISPOSICIONES ESPECIALES DE LA ADOPCION; ADOPCION PLENA; ADOPCION SIMPLE; REVOCACION Y NULIDAD; ADOPCION CONFERIDA EN EL EXTRANJERO; DEROGACION DE LA LEY 24779 Y DEL ARTICULO 4050 DEL CODIGO CIVIL.","('0264-D-2006', 1)":null},"Palabra Clave":{"('0264-D-2006', 0)":" ","('0264-D-2006', 1)":null}}