{"Tipo de Proyecto":{"('0001-OV-2018', 0)":"PROYECTO DE RESOLUCI\u00d3N"},"Iniciado en: ":{"('0001-OV-2018', 0)":"Senado"},"Expediente Senado: ":{"('0001-OV-2018', 0)":"0001-OV-2018"},"Fecha: ":{"('0001-OV-2018', 0)":"27\/11\/2018"},"T\u00edtulo":{"('0001-OV-2018', 0)":"PEDIDO DE INFORMES AL PODER EJECUTIVO SOBRE RESOLUCION REMITIDA POR LA AUDITORIA GENERAL DE LA NACION 4\/18, QUE APRUEBA EL INFORME DE LA AUDITORIA DE CONTROL DE GESTION AMBIENTAL REALIZADO EN ENERGIA ARGENTINA S.A. (ENARSA), VINCULADA A ENERGIAS RENOVABLES, PERIODO 2010 - 2015."},"('Firmantes', 'FIRMANTE')":{"('0001-OV-2018', 0)":"PARLAMENTARIA MIXTA REVISORA DE CUENTAS"},"('Firmantes', 'DISTRITO')":{"('0001-OV-2018', 0)":null},"('Firmantes', 'BLOQUE')":{"('0001-OV-2018', 0)":null},"Link":{"('0001-OV-2018', 0)":"http:\/\/www.senado.gov.ar\/parlamentario\/comisiones\/verExp\/1.18\/OV\/PR"},"Palabra Clave":{"('0001-OV-2018', 0)":" "}}