{"Tipo de Proyecto":{"('0001-D-2018', 0)":"PROYECTO DE DECLARACI\u00d3N","('0001-D-2018', 1)":null},"Iniciado en: ":{"('0001-D-2018', 0)":"Diputados","('0001-D-2018', 1)":null},"Expediente Diputados: ":{"('0001-D-2018', 0)":"0001-D-2018","('0001-D-2018', 1)":null},"Publicado en: ":{"('0001-D-2018', 0)":"Tr\u00e1mite Parlamentario N\u00b0 1","('0001-D-2018', 1)":null},"Fecha: ":{"('0001-D-2018', 0)":"02\/03\/2018","('0001-D-2018', 1)":null},"T\u00edtulo":{"('0001-D-2018', 0)":"EXPRESAR BENEPLACITO POR LA CAMPA\u00d1A INTERNACIONAL PARA QUE LA ORGANIZACION DE LAS NACIONES UNIDAS -ONU-, DECLARE LA DECADA DEL EMPLEO JUVENIL 2020-2030.","('0001-D-2018', 1)":null},"('Firmantes', 'FIRMANTE')":{"('0001-D-2018', 0)":"MEDINA, MARTIN NICOLAS","('0001-D-2018', 1)":"WOLFF, WALDO EZEQUIEL"},"('Firmantes', 'DISTRITO')":{"('0001-D-2018', 0)":"BUENOS AIRES","('0001-D-2018', 1)":"BUENOS AIRES"},"('Firmantes', 'BLOQUE')":{"('0001-D-2018', 0)":"PRO","('0001-D-2018', 1)":"PRO"},"('Giros', 'COMISI\u00d3N')":{"('0001-D-2018', 0)":"LEGISLACION DEL TRABAJO","('0001-D-2018', 1)":null},"('Tramites', 'C\u00c1MARA')":{"('0001-D-2018', 0)":"Diputados","('0001-D-2018', 1)":"Diputados"},"('Tramites', 'MOVIMIENTO')":{"('0001-D-2018', 0)":"SOLICITUD DE SER COFIRMANTE DEL DIPUTADO WOLFF (A SUS ANTECEDENTES)","('0001-D-2018', 1)":"SOLICITUD DE SER ADHERENTE DE LA DIPUTADA URROZ (A SUS ANTECEDENTES)"},"('Tramites', 'FECHA')":{"('0001-D-2018', 0)":null,"('0001-D-2018', 1)":null},"('Tramites', 'RESULTADO')":{"('0001-D-2018', 0)":null,"('0001-D-2018', 1)":null},"Link":{"('0001-D-2018', 0)":"https:\/\/www.hcdn.gob.ar\/proyectos\/textoCompleto.jsp?exp=0001-D-2018&tipo=DECLARACION","('0001-D-2018', 1)":null},"Palabra Clave":{"('0001-D-2018', 0)":" ","('0001-D-2018', 1)":null}}