{"Tipo de Proyecto":{"('0001-PE-2018', 0)":"MENSAJE NRO: 0038\/18 Y PROYECTO DE LEY","('0001-PE-2018', 1)":null,"('0001-PE-2018', 2)":null},"Iniciado en: ":{"('0001-PE-2018', 0)":"Diputados","('0001-PE-2018', 1)":null,"('0001-PE-2018', 2)":null},"Expediente Diputados: ":{"('0001-PE-2018', 0)":"0001-PE-2018","('0001-PE-2018', 1)":null,"('0001-PE-2018', 2)":null},"Publicado en: ":{"('0001-PE-2018', 0)":"Tr\u00e1mite Parlamentario N\u00b0 7","('0001-PE-2018', 1)":null,"('0001-PE-2018', 2)":null},"Fecha: ":{"('0001-PE-2018', 0)":"13\/03\/2018","('0001-PE-2018', 1)":null,"('0001-PE-2018', 2)":null},"T\u00edtulo":{"('0001-PE-2018', 0)":"EQUIDAD DE GENERO E IGUALDAD DE OPORTUNIDADES EN EL TRABAJO","('0001-PE-2018', 1)":null,"('0001-PE-2018', 2)":null},"('Firmantes', 'FIRMANTE')":{"('0001-PE-2018', 0)":"MACRI, MAURICIO","('0001-PE-2018', 1)":"PE\u00d1A, MARCOS","('0001-PE-2018', 2)":"TRIACA, ALBERTO JORGE"},"('Firmantes', 'DISTRITO')":{"('0001-PE-2018', 0)":null,"('0001-PE-2018', 1)":null,"('0001-PE-2018', 2)":null},"('Firmantes', 'BLOQUE')":{"('0001-PE-2018', 0)":"PODER EJECUTIVO","('0001-PE-2018', 1)":"PODER EJECUTIVO","('0001-PE-2018', 2)":"PODER EJECUTIVO"},"('Giros', 'COMISI\u00d3N')":{"('0001-PE-2018', 0)":"LEGISLACION DEL TRABAJO","('0001-PE-2018', 1)":"FAMILIA, MUJER, NI\u00d1EZ Y ADOLESCENCIA","('0001-PE-2018', 2)":null},"Sumario":{"('0001-PE-2018', 0)":"MODIFICACION DE LA LEY 20744 DE CONTRATO DE TRABAJO: MODIFICACION DE LA DENOMINACION DEL TITULO VII 'DE LA EQUIDAD DE GENERO E IGUALDAD DE OPORTUNIDADES', MODIFICACION DE LOS ARTICULOS 172, 173, 175 Y 176; MODIFICACION DE LOS ARTICULOS 158 (LICENCIAS) Y  183 (OPCIONES DE PRESTACION PARA LA MUJER LUEGO DE LA MATERNIDAD), E INCORPORACION DEL ARTICULO 198 BIS (JORNADA REDUCIDA PARA EL CUIDADO DE NI\u00d1OS Y\/O NI\u00d1AS)","('0001-PE-2018', 1)":null,"('0001-PE-2018', 2)":null},"Palabra Clave":{"('0001-PE-2018', 0)":" ","('0001-PE-2018', 1)":null,"('0001-PE-2018', 2)":null}}