{"Tipo de Proyecto":{"('0002-JGM-2018', 0)":"MENSAJE NRO \/ A\u00d1O"},"Iniciado en: ":{"('0002-JGM-2018', 0)":"Diputados"},"Expediente Diputados: ":{"('0002-JGM-2018', 0)":"0002-JGM-2018"},"Publicado en: ":{"('0002-JGM-2018', 0)":"Tr\u00e1mite Parlamentario N\u00b0 16"},"Fecha: ":{"('0002-JGM-2018', 0)":"23\/03\/2018"},"T\u00edtulo":{"('0002-JGM-2018', 0)":"COMUNICACION DE LA DECISION ADMINISTRATIVA 337\/2018 DE FECHA 23 DE MARZO DE 2018 POR LA CUAL MODIFICA EL PRESUPUESTO GENERAL DE LA ADMINISTRACION NACIONAL PARA EL EJERCICIO 2018."},"('Firmantes', 'FIRMANTE')":{"('0002-JGM-2018', 0)":"PE\u00d1A, MARCOS"},"('Firmantes', 'DISTRITO')":{"('0002-JGM-2018', 0)":null},"('Firmantes', 'BLOQUE')":{"('0002-JGM-2018', 0)":"PODER EJECUTIVO"},"('Giros', 'COMISI\u00d3N')":{"('0002-JGM-2018', 0)":"PRESUPUESTO Y HACIENDA"},"Palabra Clave":{"('0002-JGM-2018', 0)":" "}}