{"Tipo de Proyecto":{"('0002-D-2018', 0)":"PROYECTO DE RESOLUCI\u00d3N"},"Iniciado en: ":{"('0002-D-2018', 0)":"Diputados"},"Expediente Diputados: ":{"('0002-D-2018', 0)":"0002-D-2018"},"Publicado en: ":{"('0002-D-2018', 0)":"Tr\u00e1mite Parlamentario N\u00b0 1"},"Fecha: ":{"('0002-D-2018', 0)":"02\/03\/2018"},"T\u00edtulo":{"('0002-D-2018', 0)":"DECLARAR DE INTERES DE LA H. CAMARA LA \"FIESTA DE LA MOZZARELLA\" A REALIZARSE EN EL MES DE OCTUBRE DE 2018 EN LA LOCALIDAD DE SAN VICENTE, PROVINCIA DE BUENOS AIRES."},"('Firmantes', 'FIRMANTE')":{"('0002-D-2018', 0)":"MEDINA, MARTIN NICOLAS"},"('Firmantes', 'DISTRITO')":{"('0002-D-2018', 0)":"BUENOS AIRES"},"('Firmantes', 'BLOQUE')":{"('0002-D-2018', 0)":"PRO"},"('Giros', 'COMISI\u00d3N')":{"('0002-D-2018', 0)":"AGRICULTURA Y GANADERIA"},"('Tramites', 'C\u00c1MARA')":{"('0002-D-2018', 0)":"Diputados"},"('Tramites', 'MOVIMIENTO')":{"('0002-D-2018', 0)":"APROBACION ARTICULO 114 DEL REGLAMENTO DE LA H CAMARA DE DIPUTADOS; COMUNICADO EL 14\/12\/2018"},"('Tramites', 'FECHA')":{"('0002-D-2018', 0)":null},"('Tramites', 'RESULTADO')":{"('0002-D-2018', 0)":"APROBADO"},"Link":{"('0002-D-2018', 0)":"https:\/\/www.hcdn.gob.ar\/proyectos\/textoCompleto.jsp?exp=0002-D-2018&tipo=RESOLUCION"},"Palabra Clave":{"('0002-D-2018', 0)":" "}}