{"Tipo de Proyecto":{"('0003-S-2018', 0)":"PROYECTO DE RESOLUCI\u00d3N"},"Iniciado en: ":{"('0003-S-2018', 0)":"Senado"},"Expediente Senado: ":{"('0003-S-2018', 0)":"0003-S-2018"},"Publicado en: ":{"('0003-S-2018', 0)":"Diario de Asuntos Entrados N\u00b0 1"},"Fecha: ":{"('0003-S-2018', 0)":"02\/03\/2018"},"T\u00edtulo":{"('0003-S-2018', 0)":"MODIFICACION DEL REGLAMENTO DEL HONORABLE SENADO, RESPECTO A LA PROPORCIONALIDAD DE LOS SECTORES POLITICOS, PARIDAD DE GENERO Y PARTICIPACION EN LA INTEGRACION DE COMISIONES."},"('Firmantes', 'FIRMANTE')":{"('0003-S-2018', 0)":"KUNATH, SIGRID ELIZABETH"},"('Firmantes', 'DISTRITO')":{"('0003-S-2018', 0)":"ENTRE RIOS"},"('Firmantes', 'BLOQUE')":{"('0003-S-2018', 0)":"JUSTICIALISTA"},"Sumario":{"('0003-S-2018', 0)":"MODIFICACION DE LOS ARTICULOS 60 Y 91 DEL REGLAMENTO DEL HONORABLE SENADO DE LA NACION."},"Palabra Clave":{"('0003-S-2018', 0)":" "}}