{"Tipo de Proyecto":{"('0004-PE-2018', 0)":"MENSAJE NRO: 0100\/18 Y PROYECTO DE LEY","('0004-PE-2018', 1)":null,"('0004-PE-2018', 2)":null},"Iniciado en: ":{"('0004-PE-2018', 0)":"Diputados","('0004-PE-2018', 1)":null,"('0004-PE-2018', 2)":null},"Expediente Diputados: ":{"('0004-PE-2018', 0)":"0004-PE-2018","('0004-PE-2018', 1)":null,"('0004-PE-2018', 2)":null},"Publicado en: ":{"('0004-PE-2018', 0)":"Tr\u00e1mite Parlamentario N\u00b0 88","('0004-PE-2018', 1)":null,"('0004-PE-2018', 2)":null},"Fecha: ":{"('0004-PE-2018', 0)":"16\/07\/2018","('0004-PE-2018', 1)":null,"('0004-PE-2018', 2)":null},"T\u00edtulo":{"('0004-PE-2018', 0)":"ESTABLECER EL 30 DE NOVIEMBRE DE 2018 COMO FERIADO NACIONAL, POR UNICA VEZ, EN EL AMBITO DE LA CIUDAD AUTONOMA DE BUENOS AIRES, CON MOTIVO DE LA CELEBRACION DE LA CUMBRE DE LOS LIDERES DEL GRUPO DE LOS 20 (G-20). ","('0004-PE-2018', 1)":null,"('0004-PE-2018', 2)":null},"('Firmantes', 'FIRMANTE')":{"('0004-PE-2018', 0)":"MACRI, MAURICIO","('0004-PE-2018', 1)":"PE\u00d1A, MARCOS","('0004-PE-2018', 2)":"FRIGERIO, ROGELIO"},"('Firmantes', 'DISTRITO')":{"('0004-PE-2018', 0)":null,"('0004-PE-2018', 1)":null,"('0004-PE-2018', 2)":null},"('Firmantes', 'BLOQUE')":{"('0004-PE-2018', 0)":"PODER EJECUTIVO","('0004-PE-2018', 1)":"PODER EJECUTIVO","('0004-PE-2018', 2)":"PODER EJECUTIVO"},"('Giros', 'COMISI\u00d3N')":{"('0004-PE-2018', 0)":"LEGISLACION GENERAL","('0004-PE-2018', 1)":null,"('0004-PE-2018', 2)":null},"Palabra Clave":{"('0004-PE-2018', 0)":" ","('0004-PE-2018', 1)":null,"('0004-PE-2018', 2)":null}}