{"Tipo de Proyecto":{"('0004-D-2018', 0)":"PROYECTO DE LEY","('0004-D-2018', 1)":null},"Iniciado en: ":{"('0004-D-2018', 0)":"Diputados","('0004-D-2018', 1)":null},"Expediente Diputados: ":{"('0004-D-2018', 0)":"0004-D-2018","('0004-D-2018', 1)":null},"Publicado en: ":{"('0004-D-2018', 0)":"Tr\u00e1mite Parlamentario N\u00b0 1","('0004-D-2018', 1)":null},"Fecha: ":{"('0004-D-2018', 0)":"02\/03\/2018","('0004-D-2018', 1)":null},"T\u00edtulo":{"('0004-D-2018', 0)":"CODIGO ALIMENTARIO ARGENTINO - LEY 18284 -. MODIFICACION DE LOS ARTICULOS 998 Y 999, SOBRE PORCENTAJE DE JUGO EN BEBIDAS SIN ALCOHOL (REPRODUCCION DEL EXPEDIENTE 8091-D-16).","('0004-D-2018', 1)":null},"('Firmantes', 'FIRMANTE')":{"('0004-D-2018', 0)":"GAYOL, YANINA CELESTE","('0004-D-2018', 1)":null},"('Firmantes', 'DISTRITO')":{"('0004-D-2018', 0)":"ENTRE RIOS","('0004-D-2018', 1)":null},"('Firmantes', 'BLOQUE')":{"('0004-D-2018', 0)":"PRO","('0004-D-2018', 1)":null},"('Giros', 'COMISI\u00d3N')":{"('0004-D-2018', 0)":"ACCION SOCIAL Y SALUD PUBLICA","('0004-D-2018', 1)":"INDUSTRIA"},"Palabra Clave":{"('0004-D-2018', 0)":" ","('0004-D-2018', 1)":null}}