{"Tipo de Proyecto":{"('0005-PE-2018', 0)":"MENSAJE NRO: 0033\/18","('0005-PE-2018', 1)":null},"Iniciado en: ":{"('0005-PE-2018', 0)":"Senado","('0005-PE-2018', 1)":null},"Expediente Senado: ":{"('0005-PE-2018', 0)":"0005-PE-2018","('0005-PE-2018', 1)":null},"Publicado en: ":{"('0005-PE-2018', 0)":"DAE S.A. N\u00b0 1","('0005-PE-2018', 1)":null},"Fecha: ":{"('0005-PE-2018', 0)":"06\/03\/2018","('0005-PE-2018', 1)":null},"T\u00edtulo":{"('0005-PE-2018', 0)":"SOLICITAR ACUERDO PARA DESIGNAR JUEZA DE CAMARA DEL TRIBUNAL ORAL EN LO CRIMINAL FEDERAL N\u00ba 1 DE SAN MARTIN, PROVINCIA DE BUENOS AIRES, A LA DOCTORA SILVINA MAYORGA.","('0005-PE-2018', 1)":null},"('Firmantes', 'FIRMANTE')":{"('0005-PE-2018', 0)":"MACRI, MAURICIO","('0005-PE-2018', 1)":"GARAVANO, GERMAN CARLOS"},"('Firmantes', 'DISTRITO')":{"('0005-PE-2018', 0)":null,"('0005-PE-2018', 1)":null},"('Firmantes', 'BLOQUE')":{"('0005-PE-2018', 0)":"PODER EJECUTIVO","('0005-PE-2018', 1)":"PODER EJECUTIVO"},"('Tramites', 'C\u00c1MARA')":{"('0005-PE-2018', 0)":"Senado","('0005-PE-2018', 1)":"Senado"},"('Tramites', 'MOVIMIENTO')":{"('0005-PE-2018', 0)":"CITACION SESION ESPECIAL","('0005-PE-2018', 1)":"CONSIDERACION Y APROBACION"},"('Tramites', 'FECHA')":{"('0005-PE-2018', 0)":"30\/05\/2018","('0005-PE-2018', 1)":"30\/05\/2018"},"('Tramites', 'RESULTADO')":{"('0005-PE-2018', 0)":null,"('0005-PE-2018', 1)":"APROBADO"},"Palabra Clave":{"('0005-PE-2018', 0)":" ","('0005-PE-2018', 1)":null}}