{"Tipo de Proyecto":{"('0005-D-2018', 0)":"PROYECTO DE LEY","('0005-D-2018', 1)":null},"Iniciado en: ":{"('0005-D-2018', 0)":"Diputados","('0005-D-2018', 1)":null},"Expediente Diputados: ":{"('0005-D-2018', 0)":"0005-D-2018","('0005-D-2018', 1)":null},"Publicado en: ":{"('0005-D-2018', 0)":"Tr\u00e1mite Parlamentario N\u00b0 1","('0005-D-2018', 1)":null},"Fecha: ":{"('0005-D-2018', 0)":"02\/03\/2018","('0005-D-2018', 1)":null},"T\u00edtulo":{"('0005-D-2018', 0)":"DECLARESE A LA CIUDAD DE VILLA PARANACITO, PROVINCIA DE ENTRE RIOS, \"CAPITAL NACIONAL DEL DESFILE DE LAS CARROZAS NAUTICAS (REPRODUCCION DEL EXPEDIENTE 8437-D-16).","('0005-D-2018', 1)":null},"('Firmantes', 'FIRMANTE')":{"('0005-D-2018', 0)":"GAYOL, YANINA CELESTE","('0005-D-2018', 1)":null},"('Firmantes', 'DISTRITO')":{"('0005-D-2018', 0)":"ENTRE RIOS","('0005-D-2018', 1)":null},"('Firmantes', 'BLOQUE')":{"('0005-D-2018', 0)":"PRO","('0005-D-2018', 1)":null},"('Giros', 'COMISI\u00d3N')":{"('0005-D-2018', 0)":"LEGISLACION GENERAL","('0005-D-2018', 1)":"TURISMO"},"Palabra Clave":{"('0005-D-2018', 0)":" ","('0005-D-2018', 1)":null}}