{"Tipo de Proyecto":{"('0006-S-2018', 0)":"PROYECTO DE LEY","('0006-S-2018', 1)":null,"('0006-S-2018', 2)":null},"Iniciado en: ":{"('0006-S-2018', 0)":"Senado","('0006-S-2018', 1)":null,"('0006-S-2018', 2)":null},"Expediente Senado: ":{"('0006-S-2018', 0)":"0006-S-2018","('0006-S-2018', 1)":null,"('0006-S-2018', 2)":null},"Publicado en: ":{"('0006-S-2018', 0)":"Diario de Asuntos Entrados N\u00b0 1","('0006-S-2018', 1)":null,"('0006-S-2018', 2)":null},"Fecha: ":{"('0006-S-2018', 0)":"02\/03\/2018","('0006-S-2018', 1)":null,"('0006-S-2018', 2)":null},"T\u00edtulo":{"('0006-S-2018', 0)":"TRANSFERIR A TITULO GRATUITO A LA MUNICIPALIDAD DE CRESPO, PROVINCIA DE ENTRE RIOS, EL DOMINIO DE TRES INMUEBLES PROPIEDAD DEL ESTADO NACIONAL - ESTADO MAYOR GENERAL DEL EJERCITO ARGENTINO - UBICADOS EN EL EJIDO URBANO DE LA CITADA CIUDAD (REPRODUCCION DEL EXPEDIENTE 0023-S-16).","('0006-S-2018', 1)":null,"('0006-S-2018', 2)":null},"('Firmantes', 'FIRMANTE')":{"('0006-S-2018', 0)":"KUNATH, SIGRID ELIZABETH","('0006-S-2018', 1)":"DE ANGELI, ALFREDO LUIS","('0006-S-2018', 2)":"GUASTAVINO, PEDRO GUILLERMO ANGEL"},"('Firmantes', 'DISTRITO')":{"('0006-S-2018', 0)":"ENTRE RIOS","('0006-S-2018', 1)":"ENTRE RIOS","('0006-S-2018', 2)":"ENTRE RIOS"},"('Firmantes', 'BLOQUE')":{"('0006-S-2018', 0)":"JUSTICIALISTA","('0006-S-2018', 1)":"FRENTE PRO","('0006-S-2018', 2)":"JUSTICIALISTA"},"Link":{"('0006-S-2018', 0)":"http:\/\/www.senado.gov.ar\/parlamentario\/comisiones\/verExp\/6.18\/S\/PL","('0006-S-2018', 1)":null,"('0006-S-2018', 2)":null},"Palabra Clave":{"('0006-S-2018', 0)":" ","('0006-S-2018', 1)":null,"('0006-S-2018', 2)":null}}