{"Tipo de Proyecto":{"('0008-JGM-2018', 0)":"MENSAJE NRO \/ A\u00d1O"},"Iniciado en: ":{"('0008-JGM-2018', 0)":"Diputados"},"Expediente Diputados: ":{"('0008-JGM-2018', 0)":"0008-JGM-2018"},"Publicado en: ":{"('0008-JGM-2018', 0)":"Tr\u00e1mite Parlamentario N\u00b0 52"},"Fecha: ":{"('0008-JGM-2018', 0)":"21\/05\/2018"},"T\u00edtulo":{"('0008-JGM-2018', 0)":"DECISION ADMINISTRATIVA 999\/2018 DE FECHA 14 DE MAYO DE 2018 POR LA CUAL SE MODIFICA EL PRESUPUESTO GENERAL DE LA ADMINISTRACION PUBLICA NACIONAL PARA EL EJERCICIO 2018, COMUNICACION A LA COMISION DE PRESUPUESTO Y HACIENDA DE LA HCDN DE CONFORMIDAD CON EL ARTICULO 37 DE LA LEY 24156 MODIFICADO POR LEY 27342."},"('Firmantes', 'FIRMANTE')":{"('0008-JGM-2018', 0)":"PE\u00d1A, MARCOS"},"('Firmantes', 'DISTRITO')":{"('0008-JGM-2018', 0)":null},"('Firmantes', 'BLOQUE')":{"('0008-JGM-2018', 0)":"PODER EJECUTIVO"},"('Giros', 'COMISI\u00d3N')":{"('0008-JGM-2018', 0)":"PRESUPUESTO Y HACIENDA"},"Palabra Clave":{"('0008-JGM-2018', 0)":" "}}