{"Tipo de Proyecto":{"('0008-PE-2018', 0)":"MENSAJE NRO: 0242\/18","('0008-PE-2018', 1)":null},"Iniciado en: ":{"('0008-PE-2018', 0)":"Diputados","('0008-PE-2018', 1)":null},"Expediente Diputados: ":{"('0008-PE-2018', 0)":"0008-PE-2018","('0008-PE-2018', 1)":null},"Publicado en: ":{"('0008-PE-2018', 0)":"Tr\u00e1mite Parlamentario N\u00b0 172","('0008-PE-2018', 1)":null},"Fecha: ":{"('0008-PE-2018', 0)":"29\/11\/2018","('0008-PE-2018', 1)":null},"T\u00edtulo":{"('0008-PE-2018', 0)":"COMUNICACION DEL DECRETO 1087\/18, POR EL CUAL SE CONVOCA A SESIONES EXTRAORDINARIAS DEL 3 AL 21 DE DICIEMBRE DE 2018","('0008-PE-2018', 1)":null},"('Firmantes', 'FIRMANTE')":{"('0008-PE-2018', 0)":"MACRI, MAURICIO","('0008-PE-2018', 1)":"PE\u00d1A, MARCOS"},"('Firmantes', 'DISTRITO')":{"('0008-PE-2018', 0)":null,"('0008-PE-2018', 1)":null},"('Firmantes', 'BLOQUE')":{"('0008-PE-2018', 0)":"PODER EJECUTIVO","('0008-PE-2018', 1)":"PODER EJECUTIVO"},"('Giros', 'COMISI\u00d3N')":{"('0008-PE-2018', 0)":"A LA PRESIDENCIA","('0008-PE-2018', 1)":null},"Sumario":{"('0008-PE-2018', 0)":"TEMARIO: 1) PROYECTO DE LEY POR EL CUAL SE AUTORIZA AL SE\u00d1OR PRESIDENTE DE LA NACION A AUSENTARSE DEL PAIS DURANTE EL A\u00d1O 2019 CUANDO RAZONES DE GOBIERNO LO REQUIERAN (MENSAJE 214\/2018, EXPEDIENTE 108-S-2018); 2) PROYECTO DE LEY TENDIENTE A APROBAR EL CONVENIO DE COOPERACION CULTURAL ENTRE LA REPUBLICA ARGENTINA Y EL REINO DE ESPA\u00d1A, SUSCRIPTO EN MADRID, REINO DE ESPA\u00d1A, EL 23 DE FEBRERO DE 2017 (MENSAJE 61\/2018, EXPEDIENTE 45-S-2018) OD 591; 3) PROYECTO DE LEY TENDIENTE A APROBAR EL PROTOCOLO DE ENMIENDA AL CONVENIO DE INTEGRACION CINEMATOGRAFICA IBEROAMERICANA, CELEBRADO EN LA CIUDAD DE CORDOBA, REINO DE ESPA\u00d1A, EL 28 DE NOVIEMBRE DE 2007. (MENSAJE 92\/2018, EXPEDIENTE 100-S-2018) OD 592; 4) PROYECTO DE LEY TENDIENTE A APROBAR EL CONVENIO DE COOPERACION EDUCATIVA ENTRE LA REPUBLICA ARGENTINA Y EL REINO DE ESPA\u00d1A, CELEBRADO EN LA CIUDAD DE MADRID, REINO DE ESPA\u00d1A, EL 23 DE FEBRERO DE 2017. (MENSAJE. 17\/2018, EXPEDIENTE 19-S-2018) OD 748; 5) PROYECTO DE LEY TENDIENTE A APROBAR EL ACUERDO DE RECONOCIMIENTO MUTUO DE TITULOS, DIPLOMAS Y GRADOS ACADEMICOS DE EDUCACION SUPERIOR UNIVERSITARIA ENTRE LA REPUBLICA ARGENTINA Y EL REINO DE ESPA\u00d1A, SUSCRIPTO EN LA CIUDAD DE MADRID, REINO DE ESPA\u00d1A, EL 23 DE FEBRERO DE 2017. (MENSAJE. 162\/2017, EXPEDIENTE 79-S-2018) OD 749; 6) PROYECTO DE LEY TENDIENTE A APROBAR EL ACUERDO ENTRE LA REPUBLICA ARGENTINA Y EL REINO DE ESPA\u00d1A SOBRE RECONOCIMIENTO MUTUO DE TITULOS Y CERTIFICADOS DE ESTUDIOS DE LOS NIVELES DE EDUCACION PRIMARIA, SECUNDARIA Y SUPERIOR - A EXCEPCION DE LA EDUCACION UNIVERSITARIA - DE LA REPUBLICA ARGENTINA Y EDUCACION PRIMARIA, SECUNDARIA OBLIGATORIA Y POST OBLIGATORIA Y EDUCACION SUPERIOR NO UNIVERSITARIA DEL REINO DE ESPA\u00d1A, O SUS DENOMINACIONES EQUIVALENTES, SUSCRIPTO EN LA CIUDAD DE MADRID, REINO DE ESPA\u00d1A, EL 23 DE FEBRERO DE 2017. (MENSAJE. 168\/2017, EXPEDIENTE 80-S-2018) OD 750; 7) PROYECTO DE LEY MEDIANTE EL CUAL SE APRUEBA EL ACUERDO DE COMPLEMENTACION ECONOMICA N\u00b0 35 CELEBRADO ENTRE LOS ESTADOS PARTES DEL MERCOSUR Y LA REPUBLICA DE CHILE - SEXAGESIMO PRIMER PROTOCOLO ADICIONAL, SUSCRIPTO EN LA CIUDAD DE MONTEVIDEO - REPUBLICA ORIENTAL DEL URUGUAY, EL 4 DE ENERO DE 2018 (MENSAJE. 81\/18 EXP 93-S-2018). OD 802; 8) PROYECTO DE LEY DE RECONOCIMIENTO Y PROTECCION DE LAS PERSONAS APATRIDAS (EXPEDIENTE 6205-D-2018) OD 768; 9) PROYECTO DE LEY POR EL CUAL SE MODIFICA LA LEY N\u00b0 26707 DE CREACION DEL JUZGADO FEDERAL DE PRIMERA INSTANCIA DE TARTAGAL, PROVINCIA DE SALTA. (EXPEDIENTE 24-S-2017) OD 763; 10) PROYECTO DE LEY POR EL CUAL SE MODIFICA EL ARTICULO 3\u00b0 DE LA LEY N\u00b0 26528 QUE ESTABLECE QUE LA CAMARA FEDERAL DE APELACIONES DE SAN MARTIN ES EL TRIBUNAL DE ALZADA DEL JUZGADO QUE SE CREA POR DICHA NORMA Y QUE LOS TRIBUNALES ORALES EN LO CRIMINAL FEDERAL DE SAN MARTIN SON TRIBUNALES DE JUICIO EN MATERIA PENAL. (EXPEDIENTE 6086-D-2018) OD 551; 11) PROYECTO DE LEY POR EL CUAL SE SUSTITUYE LA RUBRICA \"RECURSOS DE CASACION, DE INCONSTITUCIONALIDAD Y DE REVISION\" Y SUSTITUYE LOS ARTICULOS 288 A 301 CORRESPONDIENTES A LA DE LA SECCION 8VA DEL CAPITULO IV TITULO IV DEL LIBRO PRIMERO DEL CODIGO PROCESAL CIVIL Y COMERCIAL DE LA NACION (EXPEDIENTE 2786-D-2018) OD 440; 12) PROYECTO DE LEY POR EL CUAL SE DEROGAN DIVERSOS ARTICULOS DE LA LEY N\u00b0 26736 QUE REGULA LA FABRICACION, COMERCIALIZACION Y DISTRIBUCION DE PASTA CELULOSA Y PAPEL DE DIARIOS. (EXPEDIENTE 7073-D-2018) OD 762; 13) PROYECTO DE LEY POR EL CUAL SE TRANSFIERE A FAVOR DE LA PROVINCIA DE MISIONES EL DOMINIO DE UN INMUEBLE UBICADO EN PUERTO PANAMBI CON DESTINO A UNA PLAZA PUBLICA Y UN NUEVO EDIFICIO MUNICIPAL. (EXPEDIENTE 1943-D-2018) OD 798; 14) PROYECTO DE LEY POR EL CUAL SE TRANSFIERE A TITULO ONEROSO, POR VENTA O PERMUTA, A LA PROVINCIA DE SALTA, UN INMUEBLE UBICADO EN EL DEPARTAMENTO CAPITAL DE LA CITADA PROVINCIA- (EXPEDIENTE 141-S-2017) OD 801; 15) PROYECTO DE LEY POR EL CUAL SE TRANSFIERE A TITULO GRATUITO A FAVOR DE LA PROVINCIA DE JUJUY EL DOMINIO DE DIVERSOS INMUEBLES DE PROPIEDAD DEL ESTADO NACIONAL UBICADOS EN LA CIUDAD DE SAN SALVADOR DE JUJUY. (EXPEDIENTE 144-S-2017) OD 766; 16) PROYECTO DE LEY POR EL CUAL SE DEROGA LA LEY N\u00b0 11247 SOBRE DERECHOS DE FAROS Y BALIZAS. (EXPEDIENTE 3318-D-2018) OD 237; 17) PROYECTO DE LEY POR EL CUAL SE DECLARA DE INTERES PUBLICO NACIONAL LA POLITICA DE SEGURIDAD EN EL TRANSPORTE (EXPEDIENTE 479-D-2017 Y 2933-D-2018) OD 804; 18) PROYECTO DE LEY POR EL CUAL SE DECLARA A LA PROVINCIA DE MISIONES \"CAPITAL NACIONAL DE LA BIODIVERSIDAD\" (EXPEDIENTE 2782-D-2017) OD 535; 19) PROYECTO DE LEY POR EL CUAL SE DECLARA A LA PROVINCIA DE MISIONES COMO PROVINCIA DE CULTURA HACEDORA (EXPEDIENTE 6159-D-2018) OD 761; 20) PROYECTO DE LEY TENDIENTE A REGULAR LA IMPLEMENTACION DE UNA POLITICA PUBLICA DE CONTROL DE LAS ENFERMEDADES PREVENIBLES POR VACUNACION (EXPEDIENTE 972-D-2018) OD 810; 21) PROYECTO DE LEY POR EL CUAL SE ESTABLECE LA OBLIGATORIEDAD DE LA PRESENTACION DE UN CERTIFICADO DE APTITUD FISICA A TODA PERSONA HUMANA QUE REALICE ACTIVIDADES FISICAS Y\/O DEPORTIVAS EN INSTITUCIONES DEPORTIVAS O EN CARRERAS DE CALLE. (EXPEDIENTE 2437-D-2017 Y 302-D-2018) OD 816; 22) PROYECTO DE LEY POR EL CUAL SE MODIFICA LA LEY DE IMPUESTO A LOS BIENES PERSONALES. EXENCIONES Y PROGRESIVIDAD DEL GRAVAMEN. (EXPEDIENTE 6443-D-2018). OD 809; 23) PROYECTO DE LEY TENDIENTE A REFORMAR EL CODIGO PROCESAL PENAL DE LA NACION QUE FUERA APROBADO POR LEY N \u00b0 27063 (EXPEDIENTE 36-S-2018 Y 38-S-2018) OD 235; 24) PROYECTO DE LEY POR EL CUAL SE SUSTITUYE EL ANEXO DEL ARTICULO 2\u00b0 DE LA LEY N\u00b0 27453 QUE DECLARO DE INTERES PUBLICO EL REGIMEN DE INTEGRACION SOCIO URBANA DE LOS BARRIOS POPULARES IDENTIFICADOS EN EL REGISTRO NACIONAL DE BARRIOS POPULARES EN PROCESO DE INTEGRACION URBANA (RENABAP). (EXPEDIENTE 7157-D-2018); 25) PROYECTO DE LEY POR EL CUAL SE ACEPTA LA CESION DEL DOMINIO EMINENTE Y DE LA JURISDICCION EFECTUADA POR LA PROVINCIA DE CORRIENTES AL ESTADO NACIONAL, PARA LA CREACION DEL PARQUE Y RESERVA NACIONAL IBERA (EXPEDIENTE 26-S-2018). OD 399; 26) PROYECTO DE LEY POR EL CUAL SE CREAN, EN EL MARCO DEL SISTEMA NACIONAL DE AREAS MARINAS PROTEGIDAS, INSTITUIDO POR LA LEY N\u00ba 27037, - DOS (2) AREAS MARINAS PROTEGIDAS \"NAMUNCURA - BANCO BURDWOOD II\" Y \"YAGANES\", UBICADAS EN AREAS DE LA ZONA ECONOMICA EXCLUSIVA DE LOS ESPACIOS MARITIMOS ARGENTINOS, COMO ASI TAMBIEN INCORPORAR CIERTAS MODIFICACIONES A LA CITADA LEY N\u00ba 27037 (MENSAJE. 131\/2017, EXPEDIENTE 21-PE-2017); 27) PROYECTO DE LEY POR EL CUAL SE MODIFICA Y SE PRORROGA LA VIGENCIA DE LA LEY N\u00b0 25080 DE INVERSIONES PARA BOSQUES CULTIVADOS. (EXPEDIENTE 5550-D-2018) OD 486; 28) PROYECTO DE LEY POR EL CUAL SE MODIFICA LA LEY N\u00b0 26473 EN CUANTO A LA PROHIBICION Y COMERCIALIZACION DE LAMPARAS INCANDESCENTES Y HALOGENAS. (EXPEDIENTE 70-D-2018) OD 434; 29) PROYECTO DE LEY POR EL QUE SE INCORPORA A LA LEY DE SOCIEDADES, LA SOCIEDAD DE INTERES Y BENEFICIO COLECTIVO (IBC). (EXPEDIENTE 2216-D-2017 Y 2498-D-2018) OD 567; 30) PROYECTO DE LEY TENDIENTE A APROBAR EL CONVENIO PARA LA PROTECCION DE LAS PERSONAS CON RESPECTO AL TRATAMIENTO AUTOMATIZADO DE DATOS DE CARACTER PERSONAL, SUSCRIPTO EN LA CIUDAD DE ESTRASBURGO, REPUBLICA FRANCESA, EL 28 DE ENERO DE 1981, Y EL PROTOCOLO ADICIONAL AL CONVENIO PARA LA PROTECCION DE LAS PERSONAS CON RESPECTO AL TRATAMIENTO AUTOMATIZADO DE DATOS DE CARACTER PERSONAL, A LAS AUTORIDADES DE CONTROL Y A LOS FLUJOS TRANSFRONTERIZOS DE DATOS, SUSCRIPTO EN LA CIUDAD DE ESTRASBURGO, REPUBLICA FRANCESA, EL 8 DE NOVIEMBRE DE 2001 (MENSAJE. 147\/18, EXPEDIENTE 42-S-2018) OD 550; 31) PROYECTO DE LEY TENDIENTE A AUTORIZAR LA ENTRADA DE TROPAS EXTRANJERAS AL TERRITORIO NACIONAL Y LA SALIDA FUERA DE EL DE FUERZAS NACIONALES, PARA PARTICIPAR EN LOS EJERCICIOS CONTEMPLADOS EN EL PROGRAMA DE EJERCITACIONES COMBINADAS A REALIZARSE DESDE EL 1\u00b0 DE SEPTIEMBRE DE 2018 HASTA EL 31 DE AGOSTO DE 2019. (MENSAJE 98\/2018, EXPEDIENTE 65-S-2018) OD. 565; 32) PROYECTO DE LEY TENDIENTE A AUTORIZAR LA ENTRADA DE TROPAS EXTRANJERAS AL TERRITORIO NACIONAL Y LA SALIDA FUERA DE EL DE FUERZAS NACIONALES, PARA PARTICIPAR EN LOS EJERCICIOS CONTEMPLADOS EN EL PROGRAMA DE EJERCITACIONES COMBINADAS A REALIZARSE DESDE EL 1\u00b0 DE SEPTIEMBRE DE 2017 HASTA EL 31 DE AGOSTO DE 2018. (MENSAJE 81\/2017, EXPEDIENTE 85-S-2017 Y 91-S-2017) OD 216; 33) AUTORIZACION PARA DESEMPE\u00d1AR SUS RESPECTIVOS CARGOS DE CONSULES Y VICECONSULES HONORARIOS PROPUESTOS POR GOBIERNOS EXTRANJEROS. (EXPEDIENTE 150-S-2017) OD 41 (DIPUTADOS) Y OD 987\/18 (SENADO); 34) PROYECTO DE LEY POR EL CUAL SE CREA LA CEDULA ESCOLAR NACIONAL (EXPEDIENTE 108-S-2016) OD 28; 35) PROYECTO DE LEY MODIFICATORIO DE LA LEY N\u00b0 26215 DE FINANCIAMIENTO DE LOS PARTIDOS POLITICOS (MENSAJE; 99\/2018, EXPEDIENTE 3-PE-2018); 36) PROYECTO DE LEY TENDIENTE A INSTRUMENTAR UN REGIMEN PENAL Y PROCESAL PARA LA PREVENCION Y REPRESION DE DELITOS EN ESPECTACULOS FUTBOLISTICOS. (MENSAJE 241\/2018, EXPEDIENTE 7-PE-2018); 37) PROYECTO DE LEY POR EL CUAL SE CREA UNA CONTRIBUCION EXTRAORDINARIA SOBRE EL CAPITAL DE COOPERATIVAS Y MUTUALES DE AHORRO, DE CREDITO Y\/O FINANCIERAS, DE SEGUROS Y\/O REASEGUROS (EXPEDIENTE 7435-D-2018) 38) PROYECTO DE LEY MEDIANTE EL CUAL SE MODIFICA EL ART. 3\u00b0 DE LA LEY N\u00b0 26052 ESTABLECIENDO QUE EN EL CASO DE LOS DELITOS PREVISTOS EN EL ART. 34 DE LA LEY DE ESTUPEFACIENTES N\u00b0 23737, CONOCERA LA JUSTICIA FEDERAL CUANDO LA CAUSA TUVIERE CONEXIDAD SUBJETIVA Y\/OBJETIVA CON OTRA SUSTANCIADA EN EL FUERO ORDINARIO O PROVINCIAL. (MENSAJE. 121\/2017, EXPEDIENTE PE- 379\/2017) OD 910\/18; 39) CONSIDERACION DE ACUERDOS PARA DESIGNACIONES Y PROMOCIONES; 40) CONSIDERACION DE TRATADOS, CONVENIOS Y ACUERDOS INTERNACIONALES","('0008-PE-2018', 1)":null},"Palabra Clave":{"('0008-PE-2018', 0)":" ","('0008-PE-2018', 1)":null}}