{"Tipo de Proyecto":{"('0008-D-2018', 0)":"PROYECTO DE LEY","('0008-D-2018', 1)":null,"('0008-D-2018', 2)":null,"('0008-D-2018', 3)":null,"('0008-D-2018', 4)":null,"('0008-D-2018', 5)":null,"('0008-D-2018', 6)":null,"('0008-D-2018', 7)":null,"('0008-D-2018', 8)":null,"('0008-D-2018', 9)":null},"Iniciado en: ":{"('0008-D-2018', 0)":"Diputados","('0008-D-2018', 1)":null,"('0008-D-2018', 2)":null,"('0008-D-2018', 3)":null,"('0008-D-2018', 4)":null,"('0008-D-2018', 5)":null,"('0008-D-2018', 6)":null,"('0008-D-2018', 7)":null,"('0008-D-2018', 8)":null,"('0008-D-2018', 9)":null},"Expediente Diputados: ":{"('0008-D-2018', 0)":"0008-D-2018","('0008-D-2018', 1)":null,"('0008-D-2018', 2)":null,"('0008-D-2018', 3)":null,"('0008-D-2018', 4)":null,"('0008-D-2018', 5)":null,"('0008-D-2018', 6)":null,"('0008-D-2018', 7)":null,"('0008-D-2018', 8)":null,"('0008-D-2018', 9)":null},"Publicado en: ":{"('0008-D-2018', 0)":"Tr\u00e1mite Parlamentario N\u00b0 1","('0008-D-2018', 1)":null,"('0008-D-2018', 2)":null,"('0008-D-2018', 3)":null,"('0008-D-2018', 4)":null,"('0008-D-2018', 5)":null,"('0008-D-2018', 6)":null,"('0008-D-2018', 7)":null,"('0008-D-2018', 8)":null,"('0008-D-2018', 9)":null},"Fecha: ":{"('0008-D-2018', 0)":"02\/03\/2018","('0008-D-2018', 1)":null,"('0008-D-2018', 2)":null,"('0008-D-2018', 3)":null,"('0008-D-2018', 4)":null,"('0008-D-2018', 5)":null,"('0008-D-2018', 6)":null,"('0008-D-2018', 7)":null,"('0008-D-2018', 8)":null,"('0008-D-2018', 9)":null},"T\u00edtulo":{"('0008-D-2018', 0)":"PROGRAMA NACIONAL PARA LA DIFUSION Y EL FOMENTO DE LAS BUENAS PRACTICAS AGROPECUARIAS -BPA-. CREACION.","('0008-D-2018', 1)":null,"('0008-D-2018', 2)":null,"('0008-D-2018', 3)":null,"('0008-D-2018', 4)":null,"('0008-D-2018', 5)":null,"('0008-D-2018', 6)":null,"('0008-D-2018', 7)":null,"('0008-D-2018', 8)":null,"('0008-D-2018', 9)":null},"('Firmantes', 'FIRMANTE')":{"('0008-D-2018', 0)":"GAYOL, YANINA CELESTE","('0008-D-2018', 1)":"NU\u00d1EZ, JOSE CARLOS","('0008-D-2018', 2)":"MAQUIEYRA, MARTIN","('0008-D-2018', 3)":"OLIVARES, HECTOR ENRIQUE","('0008-D-2018', 4)":"ARCE, MARIO HORACIO","('0008-D-2018', 5)":"SCAGLIA, GISELA","('0008-D-2018', 6)":"ECHEGARAY, ALEJANDRO CARLOS AUGUSTO","('0008-D-2018', 7)":"PRETTO, PEDRO JAVIER","('0008-D-2018', 8)":"TORELLO, PABLO","('0008-D-2018', 9)":"BENEDETTI, ATILIO FRANCISCO SALVADOR"},"('Firmantes', 'DISTRITO')":{"('0008-D-2018', 0)":"ENTRE RIOS","('0008-D-2018', 1)":"SANTA FE","('0008-D-2018', 2)":"LA PAMPA","('0008-D-2018', 3)":"LA RIOJA","('0008-D-2018', 4)":"FORMOSA","('0008-D-2018', 5)":"SANTA FE","('0008-D-2018', 6)":"BUENOS AIRES","('0008-D-2018', 7)":"CORDOBA","('0008-D-2018', 8)":"BUENOS AIRES","('0008-D-2018', 9)":"ENTRE RIOS"},"('Firmantes', 'BLOQUE')":{"('0008-D-2018', 0)":"PRO","('0008-D-2018', 1)":"PRO","('0008-D-2018', 2)":"PRO","('0008-D-2018', 3)":"UCR","('0008-D-2018', 4)":"UCR","('0008-D-2018', 5)":"PRO","('0008-D-2018', 6)":"UCR","('0008-D-2018', 7)":"PRO","('0008-D-2018', 8)":"PRO","('0008-D-2018', 9)":"UCR"},"('Giros', 'COMISI\u00d3N')":{"('0008-D-2018', 0)":"AGRICULTURA Y GANADERIA","('0008-D-2018', 1)":"PRESUPUESTO Y HACIENDA","('0008-D-2018', 2)":null,"('0008-D-2018', 3)":null,"('0008-D-2018', 4)":null,"('0008-D-2018', 5)":null,"('0008-D-2018', 6)":null,"('0008-D-2018', 7)":null,"('0008-D-2018', 8)":null,"('0008-D-2018', 9)":null},"('Tramites', 'C\u00c1MARA')":{"('0008-D-2018', 0)":"Diputados","('0008-D-2018', 1)":"Diputados","('0008-D-2018', 2)":"Diputados","('0008-D-2018', 3)":"Diputados","('0008-D-2018', 4)":"Diputados","('0008-D-2018', 5)":"Diputados","('0008-D-2018', 6)":"Diputados","('0008-D-2018', 7)":"Diputados","('0008-D-2018', 8)":"Diputados","('0008-D-2018', 9)":null},"('Tramites', 'MOVIMIENTO')":{"('0008-D-2018', 0)":"SOLICITUD DE SER COFIRMANTE DEL DIPUTADO NU\u00d1EZ, JOSE CARLOS (A SUS ANTECEDENTES)","('0008-D-2018', 1)":"SOLICITUD DE SER COFIRMANTE DEL DIPUTADO MAQUIEYRA (A SUS ANTECEDENTES)","('0008-D-2018', 2)":"SOLICITUD DE SER COFIRMANTE DEL DIPUTADO OLIVARES (A SUS ANTECEDENTES)","('0008-D-2018', 3)":"SOLICITUD DE SER COFIRMANTE DEL DIPUTADO ARCE (A SUS ANTECEDENTES)","('0008-D-2018', 4)":"SOLICITUD DE SER COFIRMANTE DE LA DIPUTADA SCAGLIA (A SUS ANTECEDENTES)","('0008-D-2018', 5)":"SOLICITUD DE SER COFIRMANTE DEL DIPUTADO ECHEGARAY (A SUS ANTECEDENTES)","('0008-D-2018', 6)":"SOLICITUD DE SER COFIRMANTE DEL DIPUTADO PRETTO (A SUS ANTECEDENTES)","('0008-D-2018', 7)":"SOLICITUD DE SER COFIRMANTE DEL DIPUTADO TORELLO (A SUS ANTECEDENTES)","('0008-D-2018', 8)":"SOLICITUD DE SER COFIRMANTE DEL DIPUTADO BENEDETTI (A SUS ANTECEDENTES)","('0008-D-2018', 9)":null},"('Tramites', 'FECHA')":{"('0008-D-2018', 0)":null,"('0008-D-2018', 1)":null,"('0008-D-2018', 2)":null,"('0008-D-2018', 3)":null,"('0008-D-2018', 4)":null,"('0008-D-2018', 5)":null,"('0008-D-2018', 6)":null,"('0008-D-2018', 7)":null,"('0008-D-2018', 8)":null,"('0008-D-2018', 9)":null},"('Tramites', 'RESULTADO')":{"('0008-D-2018', 0)":null,"('0008-D-2018', 1)":null,"('0008-D-2018', 2)":null,"('0008-D-2018', 3)":null,"('0008-D-2018', 4)":null,"('0008-D-2018', 5)":null,"('0008-D-2018', 6)":null,"('0008-D-2018', 7)":null,"('0008-D-2018', 8)":null,"('0008-D-2018', 9)":null},"Sumario":{"('0008-D-2018', 0)":"CREACION DEL CONSEJO CONSULTIVO DE BUENAS PRACTICAS AGROPECUARIAS (CCBPA); AUTORIDAD DE APLICACION; FACULTADES; FINANCIACION; INSTITUIR EL 20 DE MARZO DE CADA A\u00d1O COMO EL \"DIA NACIONAL DE LAS BUENAS PRACTICAS AGROPECUARIAS\", EN CONMEMORACION DE LA PUBLICACION DEL INFORME DE LA ONU \"OUR COMMON FUTURE: BRUNDTLAND REPORT\".","('0008-D-2018', 1)":null,"('0008-D-2018', 2)":null,"('0008-D-2018', 3)":null,"('0008-D-2018', 4)":null,"('0008-D-2018', 5)":null,"('0008-D-2018', 6)":null,"('0008-D-2018', 7)":null,"('0008-D-2018', 8)":null,"('0008-D-2018', 9)":null},"Palabra Clave":{"('0008-D-2018', 0)":" ","('0008-D-2018', 1)":null,"('0008-D-2018', 2)":null,"('0008-D-2018', 3)":null,"('0008-D-2018', 4)":null,"('0008-D-2018', 5)":null,"('0008-D-2018', 6)":null,"('0008-D-2018', 7)":null,"('0008-D-2018', 8)":null,"('0008-D-2018', 9)":null}}