{"Tipo de Proyecto":{"('0009-S-2018', 0)":"PROYECTO DE LEY"},"Iniciado en: ":{"('0009-S-2018', 0)":"Senado"},"Expediente Senado: ":{"('0009-S-2018', 0)":"0009-S-2018"},"Publicado en: ":{"('0009-S-2018', 0)":"Diario de Asuntos Entrados N\u00b0 1"},"Fecha: ":{"('0009-S-2018', 0)":"02\/03\/2018"},"T\u00edtulo":{"('0009-S-2018', 0)":"MODIFICACION DE LA LEY 20744 (CONTRATO DE TRABAJO), RESPECTO DE EXTENDER LOS DERECHOS DE LA MISMA A LAS PERSONAS UNIDAS EN CONVIVENCIA.\n (REPRODUCCION DEL EXPEDIENTE 0245-S-16)."},"('Firmantes', 'FIRMANTE')":{"('0009-S-2018', 0)":"KUNATH, SIGRID ELIZABETH"},"('Firmantes', 'DISTRITO')":{"('0009-S-2018', 0)":"ENTRE RIOS"},"('Firmantes', 'BLOQUE')":{"('0009-S-2018', 0)":"JUSTICIALISTA"},"('Tramites', 'C\u00c1MARA')":{"('0009-S-2018', 0)":"Senado"},"('Tramites', 'MOVIMIENTO')":{"('0009-S-2018', 0)":"MOCION DE PREFERENCIA PARA LA PROXIMA SESION CON DICTAMEN (AFIRMATIVA)"},"('Tramites', 'FECHA')":{"('0009-S-2018', 0)":"16\/04\/2019"},"('Tramites', 'RESULTADO')":{"('0009-S-2018', 0)":null},"Sumario":{"('0009-S-2018', 0)":"MODIFICACION DE LOS INCISOS D) (REINTEGRO DE GASTOS DE MEDICAMENTOS Y GASTOS MEDICOS Y ODONTOLOGICOS) E I) (PAGO DE GASTOS DE SEPELIO DE FAMILIARES Y CONVIVIENTES) DEL ARTICULO 103 BIS, ARTICULO 164 (ACUMULACION), ARTICULO 180 (NULIDAD) Y ARTICULO 262 (CAUSAHABIENTES); SUSTITUCION DEL INCISO C) DEL ARTICULO 158, ARTICULO 181 (PRESUNCION), ARTICULO 248 (INDEMNIZACION POR ANTIG\u00dcEDAD, MONTO, BENEFICIARIOS)."},"Palabra Clave":{"('0009-S-2018', 0)":" "}}