{"Tipo de Proyecto":{"('0009-PE-2018', 0)":"MENSAJE NRO: 0247\/18","('0009-PE-2018', 1)":null},"Iniciado en: ":{"('0009-PE-2018', 0)":"Diputados","('0009-PE-2018', 1)":null},"Expediente Diputados: ":{"('0009-PE-2018', 0)":"0009-PE-2018","('0009-PE-2018', 1)":null},"Publicado en: ":{"('0009-PE-2018', 0)":"Tr\u00e1mite Parlamentario N\u00b0 178","('0009-PE-2018', 1)":null},"Fecha: ":{"('0009-PE-2018', 0)":"12\/12\/2018","('0009-PE-2018', 1)":null},"T\u00edtulo":{"('0009-PE-2018', 0)":"COMUNICACION DEL DICTADO DEL DECRETO 1122\/2018 POR EL CUAL SE PRORROGAN LAS SESIONES EXTRAORDINARIAS HONORABLE CONGRESO DE LA NACION HASTA EL 28 DE DICIEMBRE DE 2018 Y AMPLIACION DEL TEMARIO.\n","('0009-PE-2018', 1)":null},"('Firmantes', 'FIRMANTE')":{"('0009-PE-2018', 0)":"MACRI, MAURICIO","('0009-PE-2018', 1)":"PE\u00d1A, MARCOS"},"('Firmantes', 'DISTRITO')":{"('0009-PE-2018', 0)":null,"('0009-PE-2018', 1)":null},"('Firmantes', 'BLOQUE')":{"('0009-PE-2018', 0)":"PODER EJECUTIVO","('0009-PE-2018', 1)":"PODER EJECUTIVO"},"('Giros', 'COMISI\u00d3N')":{"('0009-PE-2018', 0)":"A LA PRESIDENCIA","('0009-PE-2018', 1)":null},"Sumario":{"('0009-PE-2018', 0)":"INCLUSION EN EL TEMARIO DE: PROYECTO DE LEY POR EL QUE SE MODIFICA LA LEY DE FINANCIAMIENTO DE LOS PARTIDOS POLITICOS 26215 (OD 986\/2018 - HONORABLE SENADO DE LA NACION).","('0009-PE-2018', 1)":null},"Palabra Clave":{"('0009-PE-2018', 0)":" ","('0009-PE-2018', 1)":null}}