{"Tipo de Proyecto":{"('0010-D-2018', 0)":"PROYECTO DE RESOLUCI\u00d3N"},"Iniciado en: ":{"('0010-D-2018', 0)":"Diputados"},"Expediente Diputados: ":{"('0010-D-2018', 0)":"0010-D-2018"},"Publicado en: ":{"('0010-D-2018', 0)":"Tr\u00e1mite Parlamentario N\u00b0 1"},"Fecha: ":{"('0010-D-2018', 0)":"02\/03\/2018"},"T\u00edtulo":{"('0010-D-2018', 0)":"EXPRESAR BENEPLACITO POR LA \"SEXTA FIESTA DEL PAN CASERO\", REALIZADA DEL 26 AL 28 DE ENERO DE 2018 EN LA LOCALIDAD DE SAUCE DE LUNA, PROVINCIA DE ENTRE RIOS."},"('Firmantes', 'FIRMANTE')":{"('0010-D-2018', 0)":"GAYOL, YANINA CELESTE"},"('Firmantes', 'DISTRITO')":{"('0010-D-2018', 0)":"ENTRE RIOS"},"('Firmantes', 'BLOQUE')":{"('0010-D-2018', 0)":"PRO"},"('Giros', 'COMISI\u00d3N')":{"('0010-D-2018', 0)":"CULTURA"},"('Tramites', 'C\u00c1MARA')":{"('0010-D-2018', 0)":"Diputados"},"('Tramites', 'MOVIMIENTO')":{"('0010-D-2018', 0)":"APROBACION ARTICULO 114 DEL REGLAMENTO DE LA H CAMARA DE DIPUTADOS; COMUNICADO EL 14\/12\/2018"},"('Tramites', 'FECHA')":{"('0010-D-2018', 0)":null},"('Tramites', 'RESULTADO')":{"('0010-D-2018', 0)":"APROBADO"},"Link":{"('0010-D-2018', 0)":"https:\/\/www.hcdn.gob.ar\/proyectos\/textoCompleto.jsp?exp=0010-D-2018&tipo=RESOLUCION"},"Palabra Clave":{"('0010-D-2018', 0)":" "}}