{"Tipo de Proyecto":{"('0012-S-2018', 0)":"PROYECTO DE LEY"},"Iniciado en: ":{"('0012-S-2018', 0)":"Senado"},"Expediente Senado: ":{"('0012-S-2018', 0)":"0012-S-2018"},"Publicado en: ":{"('0012-S-2018', 0)":"Diario de Asuntos Entrados N\u00b0 1"},"Fecha: ":{"('0012-S-2018', 0)":"02\/03\/2018"},"T\u00edtulo":{"('0012-S-2018', 0)":"MODIFICACION DEL ARTICULO 14 DE LA LEY 24240 (DEFENSA DEL CONSUMIDOR) RESPECTO DE LAS PAUTAS A CUMPLIR POR LOS CERTIFICADOS DE GARANTIAS (REPRODUCCION DEL EXPEDIENTE 3161-S-16)."},"('Firmantes', 'FIRMANTE')":{"('0012-S-2018', 0)":"KUNATH, SIGRID ELIZABETH"},"('Firmantes', 'DISTRITO')":{"('0012-S-2018', 0)":"ENTRE RIOS"},"('Firmantes', 'BLOQUE')":{"('0012-S-2018', 0)":"JUSTICIALISTA"},"Link":{"('0012-S-2018', 0)":"http:\/\/www.senado.gov.ar\/parlamentario\/comisiones\/verExp\/12.18\/S\/PL"},"Palabra Clave":{"('0012-S-2018', 0)":" "}}