{"Tipo de Proyecto":{"('0012-JGM-2018', 0)":"MENSAJE NRO: 0014\/18","('0012-JGM-2018', 1)":null},"Iniciado en: ":{"('0012-JGM-2018', 0)":"Diputados","('0012-JGM-2018', 1)":null},"Expediente Diputados: ":{"('0012-JGM-2018', 0)":"0012-JGM-2018","('0012-JGM-2018', 1)":null},"Publicado en: ":{"('0012-JGM-2018', 0)":"Tr\u00e1mite Parlamentario N\u00b0 80","('0012-JGM-2018', 1)":null},"Fecha: ":{"('0012-JGM-2018', 0)":"03\/07\/2018","('0012-JGM-2018', 1)":null},"T\u00edtulo":{"('0012-JGM-2018', 0)":"INFORME DE AVANCE SOBRE LA ELABORACION DEL PROYECTO DE LEY DE PRESUPUESTO GENERAL DE LA ADMINISTRACION NACIONAL CORRESPONDIENTE AL EJERCICIO 2019., DE ACUERDO CON LO ESTABLECIDO EN EL ULTIMO PARRAFO DEL ARTICULO 2 DE LA LEY 24629","('0012-JGM-2018', 1)":null},"('Firmantes', 'FIRMANTE')":{"('0012-JGM-2018', 0)":"PE\u00d1A, MARCOS","('0012-JGM-2018', 1)":"DUJOVNE, NICOLAS"},"('Firmantes', 'DISTRITO')":{"('0012-JGM-2018', 0)":null,"('0012-JGM-2018', 1)":null},"('Firmantes', 'BLOQUE')":{"('0012-JGM-2018', 0)":"PODER EJECUTIVO","('0012-JGM-2018', 1)":"PODER EJECUTIVO"},"('Giros', 'COMISI\u00d3N')":{"('0012-JGM-2018', 0)":"PRESUPUESTO Y HACIENDA","('0012-JGM-2018', 1)":null},"Palabra Clave":{"('0012-JGM-2018', 0)":" ","('0012-JGM-2018', 1)":null}}