{"Tipo de Proyecto":{"('0012-OV-2018', 0)":"PROYECTO DE RESOLUCI\u00d3N"},"Iniciado en: ":{"('0012-OV-2018', 0)":"Senado"},"Expediente Senado: ":{"('0012-OV-2018', 0)":"0012-OV-2018"},"Fecha: ":{"('0012-OV-2018', 0)":"26\/11\/2018"},"T\u00edtulo":{"('0012-OV-2018', 0)":"PEDIDO DE INFORMES AL PODER EJECUTIVO SOBRE RESOLUCION REMITIDA POR LA AUDITORIA GENERAL DE LA NACION 06\/18, APROBANDO EL INFORME REALIZADO EN LOS AMBITOS DEL COMITE COORDINADOR DE PROGRAMAS PARA PERSONAS CON DISCAPACIDAD (COMITE COORDINADOR), DE LA COMISION ASESORA PARA LA INTEGRACION DE LAS PERSONAS CON DISCAPACIDAD (CONADIS) Y EN EL CONSEJO NACIONAL DE COORDINACION DE POLITICAS SOCIALES (CNCPS), REFERIDO AL \"FONDO NACIONAL PARA LA INTEGRACION DE LAS PERSONAS CON DISCAPACIDAD\" Y LA APLICACION DE SUS FONDOS CONFORME EL DESTINO PREVISTO EN LA LEY 25730, DURANTE LOS EJERCICIOS 2014 Y PRIMER SEMESTRE DE 2015."},"('Firmantes', 'FIRMANTE')":{"('0012-OV-2018', 0)":"PARLAMENTARIA MIXTA REVISORA DE CUENTAS"},"('Firmantes', 'DISTRITO')":{"('0012-OV-2018', 0)":null},"('Firmantes', 'BLOQUE')":{"('0012-OV-2018', 0)":null},"Link":{"('0012-OV-2018', 0)":"http:\/\/www.senado.gov.ar\/parlamentario\/comisiones\/verExp\/12.18\/OV\/PR"},"Palabra Clave":{"('0012-OV-2018', 0)":" "}}