{"Tipo de Proyecto":{"('0013-D-2018', 0)":"PROYECTO DE RESOLUCI\u00d3N"},"Iniciado en: ":{"('0013-D-2018', 0)":"Diputados"},"Expediente Diputados: ":{"('0013-D-2018', 0)":"0013-D-2018"},"Publicado en: ":{"('0013-D-2018', 0)":"Tr\u00e1mite Parlamentario N\u00b0 1"},"Fecha: ":{"('0013-D-2018', 0)":"02\/03\/2018"},"T\u00edtulo":{"('0013-D-2018', 0)":"EXPRESAR BENEPLACITO POR EL 129 ANIVERSARIO DE \"ALDEA SAN ANTONIO\", MUNICIPIO DEL DEPARTAMENTO DE GUALEGUAYCHU, PROVINCIA DE ENTRE RIOS, CELEBRADO EL 24 DE FEBRERO DE 2018."},"('Firmantes', 'FIRMANTE')":{"('0013-D-2018', 0)":"GAYOL, YANINA CELESTE"},"('Firmantes', 'DISTRITO')":{"('0013-D-2018', 0)":"ENTRE RIOS"},"('Firmantes', 'BLOQUE')":{"('0013-D-2018', 0)":"PRO"},"('Giros', 'COMISI\u00d3N')":{"('0013-D-2018', 0)":"POBLACION Y DESARROLLO HUMANO"},"Link":{"('0013-D-2018', 0)":"https:\/\/www.hcdn.gob.ar\/proyectos\/textoCompleto.jsp?exp=0013-D-2018&tipo=RESOLUCION"},"Palabra Clave":{"('0013-D-2018', 0)":" "}}