{"Tipo de Proyecto":{"('0013-OV-2018', 0)":"PROYECTO DE RESOLUCI\u00d3N"},"Iniciado en: ":{"('0013-OV-2018', 0)":"Senado"},"Expediente Senado: ":{"('0013-OV-2018', 0)":"0013-OV-2018"},"Publicado en: ":{"('0013-OV-2018', 0)":"Diario de Asuntos Entrados N\u00b0 0"},"Fecha: ":{"('0013-OV-2018', 0)":"13\/07\/2018"},"T\u00edtulo":{"('0013-OV-2018', 0)":"DICTAMEN EN LA RESOLUCION REMITIDA POR LA AUDITORIA GENERAL DE LA NACION 7\/18, REFERIDA AL INFORME ESPECIAL REQUEDITO POR LA DIRECCION GENERAL DE EMPLEO DEL GCABA SOBRE ALMACENAMIENTO EN HOJAS MOVILES Y OTRO INFORME AFIN "},"('Firmantes', 'FIRMANTE')":{"('0013-OV-2018', 0)":"PARLAMENTARIA MIXTA REVISORA DE CUENTAS"},"('Firmantes', 'DISTRITO')":{"('0013-OV-2018', 0)":null},"('Firmantes', 'BLOQUE')":{"('0013-OV-2018', 0)":null},"Sumario":{"('0013-OV-2018', 0)":"HABIENDO TOMADO CONOCIMIENTO Y SIN PERJUICIO DE ULTERIORES MEDIDAS QUE PUEDAN ADOPTARSE, SE ACONSEJA SU REMISION AL ARCHIVO."},"Palabra Clave":{"('0013-OV-2018', 0)":" "}}