{"Tipo de Proyecto":{"('0013-S-2018', 0)":"PROYECTO DE LEY"},"Iniciado en: ":{"('0013-S-2018', 0)":"Senado"},"Expediente Senado: ":{"('0013-S-2018', 0)":"0013-S-2018"},"Publicado en: ":{"('0013-S-2018', 0)":"Diario de Asuntos Entrados N\u00b0 1"},"Fecha: ":{"('0013-S-2018', 0)":"02\/03\/2018"},"T\u00edtulo":{"('0013-S-2018', 0)":"MODIFICACION DEL INCISO 6 DEL ARTICULO 34 DE LA LEY 11179 - CODIGO PENAL -, INCORPORANDO EN EL SUPUESTO DE LEGITIMA DEFENSA A LA MUJER QUE SUFRIERE UNA AGRESION EN CONTEXTO DE VIOLENCIA DE GENERO (REPRODUCCION DEL EXPEDIENTE 3989-S-16)."},"('Firmantes', 'FIRMANTE')":{"('0013-S-2018', 0)":"KUNATH, SIGRID ELIZABETH"},"('Firmantes', 'DISTRITO')":{"('0013-S-2018', 0)":"ENTRE RIOS"},"('Firmantes', 'BLOQUE')":{"('0013-S-2018', 0)":"JUSTICIALISTA"},"Link":{"('0013-S-2018', 0)":"http:\/\/www.senado.gov.ar\/parlamentario\/comisiones\/verExp\/13.18\/S\/PL"},"Palabra Clave":{"('0013-S-2018', 0)":" "}}