{"Tipo de Proyecto":{"('0014-OV-2018', 0)":"PROYECTO DE RESOLUCI\u00d3N"},"Iniciado en: ":{"('0014-OV-2018', 0)":"Senado"},"Expediente Senado: ":{"('0014-OV-2018', 0)":"0014-OV-2018"},"Publicado en: ":{"('0014-OV-2018', 0)":"Diario de Asuntos Entrados N\u00b0 0"},"Fecha: ":{"('0014-OV-2018', 0)":"11\/09\/2018"},"T\u00edtulo":{"('0014-OV-2018', 0)":"PEDIDO DE INFORMES AL PODER EJECUTIVO SOBRE LAS MEDIDAS ADOPTADAS PARA REGULARIZAR LAS SITUACIONES OBSERVADAS POR LA AUDITORIA GENERAL DE LA NACION SOBRE CONTROLES INTERNO Y CONTABLE Y SOBRE ESTADOS CONTABLES AL 31\/12\/2015 DE TALLERES NAVALES DARSENA NORTE SACIYN (TANDANOR)"},"('Firmantes', 'FIRMANTE')":{"('0014-OV-2018', 0)":"PARLAMENTARIA MIXTA REVISORA DE CUENTAS"},"('Firmantes', 'DISTRITO')":{"('0014-OV-2018', 0)":null},"('Firmantes', 'BLOQUE')":{"('0014-OV-2018', 0)":null},"Sumario":{"('0014-OV-2018', 0)":"COMUNICACION AL PODER EJECUTIVO NACIONAL Y A  LA AUDITORIA GENERAL DE LA NACION."},"Palabra Clave":{"('0014-OV-2018', 0)":" "}}