{"Tipo de Proyecto":{"('0014-S-2018', 0)":"PROYECTO DE LEY","('0014-S-2018', 1)":null},"Iniciado en: ":{"('0014-S-2018', 0)":"Senado","('0014-S-2018', 1)":null},"Expediente Senado: ":{"('0014-S-2018', 0)":"0014-S-2018","('0014-S-2018', 1)":null},"Publicado en: ":{"('0014-S-2018', 0)":"Diario de Asuntos Entrados N\u00b0 1","('0014-S-2018', 1)":null},"Fecha: ":{"('0014-S-2018', 0)":"02\/03\/2018","('0014-S-2018', 1)":null},"T\u00edtulo":{"('0014-S-2018', 0)":"OTORGAR JERARQUIA CONSTITUCIONAL A LA CONVENCION INTERAMERICANA PARA PREVENIR, SANCIONAR Y ERRADICAR LA VIOLENCIA CONTRA LA MUJER, APROBADA POR LEY 24632 (CONVENCION DE BELEM DO PARA) (REPRODUCCION DEL EXPEDIENTE 0658-S-16).","('0014-S-2018', 1)":null},"('Firmantes', 'FIRMANTE')":{"('0014-S-2018', 0)":"KUNATH, SIGRID ELIZABETH","('0014-S-2018', 1)":"OJEDA, JOSE ANATOLIO"},"('Firmantes', 'DISTRITO')":{"('0014-S-2018', 0)":"ENTRE RIOS","('0014-S-2018', 1)":"TIERRA DEL FUEGO"},"('Firmantes', 'BLOQUE')":{"('0014-S-2018', 0)":"JUSTICIALISTA","('0014-S-2018', 1)":"JUSTICIALISTA"},"('Tramites', 'C\u00c1MARA')":{"('0014-S-2018', 0)":"Senado","('0014-S-2018', 1)":null},"('Tramites', 'MOVIMIENTO')":{"('0014-S-2018', 0)":"SOLICITUD DE SER COFIRMANTE DEL SENADOR OJEDA (A SUS ANTECEDENTES)","('0014-S-2018', 1)":null},"('Tramites', 'FECHA')":{"('0014-S-2018', 0)":"14\/11\/2018","('0014-S-2018', 1)":null},"('Tramites', 'RESULTADO')":{"('0014-S-2018', 0)":null,"('0014-S-2018', 1)":null},"Link":{"('0014-S-2018', 0)":"http:\/\/www.senado.gov.ar\/parlamentario\/comisiones\/verExp\/14.18\/S\/PL","('0014-S-2018', 1)":null},"Palabra Clave":{"('0014-S-2018', 0)":" ","('0014-S-2018', 1)":null}}