{"Tipo de Proyecto":{"('0015-S-2018', 0)":"PROYECTO DE LEY"},"Iniciado en: ":{"('0015-S-2018', 0)":"Senado"},"Expediente Senado: ":{"('0015-S-2018', 0)":"0015-S-2018"},"Publicado en: ":{"('0015-S-2018', 0)":"Diario de Asuntos Entrados N\u00b0 1"},"Fecha: ":{"('0015-S-2018', 0)":"02\/03\/2018"},"T\u00edtulo":{"('0015-S-2018', 0)":"INSTITUYENDO EL 17 DE MAYO DE CADA A\u00d1O COMO EL \"DIA NACIONAL DE LUCHA CONTRA LA DISCRIMINACION POR ORIENTACION SEXUAL O IDENTIDAD DE GENERO\". (REPRODUCCION DEL EXPEDIENTE 1371-S-15)."},"('Firmantes', 'FIRMANTE')":{"('0015-S-2018', 0)":"KUNATH, SIGRID ELIZABETH"},"('Firmantes', 'DISTRITO')":{"('0015-S-2018', 0)":"ENTRE RIOS"},"('Firmantes', 'BLOQUE')":{"('0015-S-2018', 0)":"JUSTICIALISTA"},"Sumario":{"('0015-S-2018', 0)":"DESARROLLO DE ACTIVIDADES DE SENSIBILIZACION, DIFUSION Y REIVINDICACION DE LA LUCHA CONTRA LA HOMOFOBIA, LESBOFOBIA, BIFOBIA, TRANSFOBIA E INTERFOBIA; INCLUSION DEL DIA 17 DE MAYO EN EL CALENDARIO ESCOLAR."},"Palabra Clave":{"('0015-S-2018', 0)":" "}}