{"Tipo de Proyecto":{"('0017-S-2018', 0)":"PROYECTO DE LEY"},"Iniciado en: ":{"('0017-S-2018', 0)":"Senado"},"Expediente Senado: ":{"('0017-S-2018', 0)":"0017-S-2018"},"Publicado en: ":{"('0017-S-2018', 0)":"Diario de Asuntos Entrados N\u00b0 1"},"Fecha: ":{"('0017-S-2018', 0)":"02\/03\/2018"},"T\u00edtulo":{"('0017-S-2018', 0)":"MODIFICACION DE LA LEY 24449 - TRANSITO -, SOBRE EXIGENCIAS A PROPIETARIOS DE VEHICULOS DE SERVICIOS DE TRANSPORTE DE PASAJEROS Y CARGA."},"('Firmantes', 'FIRMANTE')":{"('0017-S-2018', 0)":"CLOSS, MAURICE FABIAN"},"('Firmantes', 'DISTRITO')":{"('0017-S-2018', 0)":"MISIONES"},"('Firmantes', 'BLOQUE')":{"('0017-S-2018', 0)":"MISIONES"},"Sumario":{"('0017-S-2018', 0)":"MODIFICACION DEL INCISO O) DEL ARTICULO 48 Y MODIFICACION DEL ARTICULO 53 DE LA LEY 24449; DEROGACION DE LOS ARTICULOS 49 Y 50 DEL DECRETO 27\/2018."},"Palabra Clave":{"('0017-S-2018', 0)":" "}}