{"Tipo de Proyecto":{"('0017-OV-2018', 0)":"PROYECTO DE RESOLUCI\u00d3N"},"Iniciado en: ":{"('0017-OV-2018', 0)":"Senado"},"Expediente Senado: ":{"('0017-OV-2018', 0)":"0017-OV-2018"},"Publicado en: ":{"('0017-OV-2018', 0)":"Diario de Asuntos Entrados N\u00b0 0"},"Fecha: ":{"('0017-OV-2018', 0)":"13\/07\/2018"},"T\u00edtulo":{"('0017-OV-2018', 0)":"PEDIDO DE INFORMES AL PODER EJECUTIVO SOBRE LAS MEDIDAS ADOPTADAS PARA REGULARIZAR LAS SITUACIONES OBSERVADAS POR LA AUDITORIA GENERAL DE LA NACION SOBRE LA ASIGNACION DE FONDOS Y EJECUCION PRESUPUESTARIA DE LA AUTORIDAD DE CUENCA MATANZA RIACHUELO (ACUMAR) INFORMACION AL 31\/12\/2016."},"('Firmantes', 'FIRMANTE')":{"('0017-OV-2018', 0)":"PARLAMENTARIA MIXTA REVISORA DE CUENTAS"},"('Firmantes', 'DISTRITO')":{"('0017-OV-2018', 0)":null},"('Firmantes', 'BLOQUE')":{"('0017-OV-2018', 0)":null},"Sumario":{"('0017-OV-2018', 0)":"COMUNICACION AL PODER EJECUTIVO, AL JUZGADO CRIMINAL Y CORRECCIONAL FEDERAL NUMERO 12, AL JUZGADO FEDERAL EN LO CRIMINAL Y CORRECCIONAL NUMERO 2 DE LA CIUDAD DE MORON, PROVINCIA DE BUENOS AIRES, A LA CORTE SUPREMA DE JUSTICIA DE LA NACION, A LA AUTORIDAD CUENCA MATANZA RIACHUELO Y A LA AUDITORIA GENERAL DE LA NACION."},"Palabra Clave":{"('0017-OV-2018', 0)":" "}}