{"Tipo de Proyecto":{"('0019-OV-2018', 0)":"PROYECTO DE RESOLUCI\u00d3N"},"Iniciado en: ":{"('0019-OV-2018', 0)":"Senado"},"Expediente Senado: ":{"('0019-OV-2018', 0)":"0019-OV-2018"},"Publicado en: ":{"('0019-OV-2018', 0)":"Diario de Asuntos Entrados N\u00b0 0"},"Fecha: ":{"('0019-OV-2018', 0)":"11\/09\/2018"},"T\u00edtulo":{"('0019-OV-2018', 0)":"PEDIDO DE INFORMES AL PODER EJECUTIVO SOBRE LAS MEDIDAS ADOPTADAS PARA REGULARIZAR LAS SITUACIONES OBSERVADAS POR LA AUDITORIA GENERAL DE LA NACION  EN SU INFORME ESPECIAL AL 31\/12\/2016 SOBRE LOS PROCEDIMIENTOS LLEVADOS A CABO EN EL AMBITO DE LAS CONTRATACIONES DE AGUA Y SANEAMIENTOS ARGENTINOS (AYSA) EN EL MARCO DEL PLAN INTEGRAL DE SANEAMIENTO AMBIENTAL (PISA)."},"('Firmantes', 'FIRMANTE')":{"('0019-OV-2018', 0)":"PARLAMENTARIA MIXTA REVISORA DE CUENTAS"},"('Firmantes', 'DISTRITO')":{"('0019-OV-2018', 0)":null},"('Firmantes', 'BLOQUE')":{"('0019-OV-2018', 0)":null},"Sumario":{"('0019-OV-2018', 0)":"COMUNICACION AL PODER EJECUTIVO, AL JUZGADO CRIMINAL Y CORRECCIONAL FEDERAL NUMERO 12, AL JUZGADO FEDERAL EN LO CRIMINAL Y CORRECCIONAL NUMERO 2 DE LA CIUDAD DE MORON, PROVINCIA DE BUENOS AIRES, A LA CORTE SUPREMA DE JUSTICIA DE LA NACION, A LA AUTORIDAD CUENCA MATANZA RIACHUELO Y A LA AUDITORIA GENERAL DE LA NACION."},"Palabra Clave":{"('0019-OV-2018', 0)":" "}}