{"Tipo de Proyecto":{"('0019-S-2018', 0)":"COMUNICACION"},"Iniciado en: ":{"('0019-S-2018', 0)":"Senado"},"Expediente Senado: ":{"('0019-S-2018', 0)":"0019-S-2018"},"Publicado en: ":{"('0019-S-2018', 0)":"Diario de Asuntos Entrados N\u00b0 1"},"Fecha: ":{"('0019-S-2018', 0)":"02\/03\/2018"},"T\u00edtulo":{"('0019-S-2018', 0)":"SOLICITAR AL PODER EJECUTIVO DISPONGA LAS MEDIDAS TENDIENTES A QUE SE EVITE EL ALZA DESMEDIDA DEL PRECIO DE LOS MEDICAMENTOS Y EN PARTICULAR LOS DESTINADOS AL ABASTECIMIENTO DEL INSSJP."},"('Firmantes', 'FIRMANTE')":{"('0019-S-2018', 0)":"ROZAS, ANGEL"},"('Firmantes', 'DISTRITO')":{"('0019-S-2018', 0)":"CHACO"},"('Firmantes', 'BLOQUE')":{"('0019-S-2018', 0)":"UCR"},"Link":{"('0019-S-2018', 0)":"http:\/\/www.senado.gov.ar\/parlamentario\/comisiones\/verExp\/19.18\/S\/PC"},"Palabra Clave":{"('0019-S-2018', 0)":" "}}