{"Tipo de Proyecto":{"('0021-D-2018', 0)":"PROYECTO DE RESOLUCI\u00d3N"},"Iniciado en: ":{"('0021-D-2018', 0)":"Diputados"},"Expediente Diputados: ":{"('0021-D-2018', 0)":"0021-D-2018"},"Publicado en: ":{"('0021-D-2018', 0)":"Tr\u00e1mite Parlamentario N\u00b0 1"},"Fecha: ":{"('0021-D-2018', 0)":"02\/03\/2018"},"T\u00edtulo":{"('0021-D-2018', 0)":"DECLARAR DE INTERES DE LA H. CAMARA LA INAUGURACION DE LA PRIMERA ESCUELA PRIMARIA MUNICIPAL, A REALIZARSE EL 6 DE MARZO DE 2018, EN LA CIUDAD DE LA BANDA, PROVINCIA DE SANTIAGO DEL ESTERO."},"('Firmantes', 'FIRMANTE')":{"('0021-D-2018', 0)":"MORALES, MARIANA ELIZABET"},"('Firmantes', 'DISTRITO')":{"('0021-D-2018', 0)":"SANTIAGO DEL ESTERO"},"('Firmantes', 'BLOQUE')":{"('0021-D-2018', 0)":"FEDERAL UNIDOS POR UNA NUEVA ARGENTINA"},"('Giros', 'COMISI\u00d3N')":{"('0021-D-2018', 0)":"EDUCACION"},"('Tramites', 'C\u00c1MARA')":{"('0021-D-2018', 0)":"Diputados"},"('Tramites', 'MOVIMIENTO')":{"('0021-D-2018', 0)":"MOCION DE PREFERENCIA CON DICTAMEN (AFIRMATIVA)"},"('Tramites', 'FECHA')":{"('0021-D-2018', 0)":"21\/03\/2018"},"('Tramites', 'RESULTADO')":{"('0021-D-2018', 0)":null},"Link":{"('0021-D-2018', 0)":"https:\/\/www.hcdn.gob.ar\/proyectos\/textoCompleto.jsp?exp=0021-D-2018&tipo=RESOLUCION"},"Palabra Clave":{"('0021-D-2018', 0)":" "}}