{"Tipo de Proyecto":{"('0022-JGM-2018', 0)":"MENSAJE NRO \/ A\u00d1O"},"Iniciado en: ":{"('0022-JGM-2018', 0)":"Diputados"},"Expediente Diputados: ":{"('0022-JGM-2018', 0)":"0022-JGM-2018"},"Publicado en: ":{"('0022-JGM-2018', 0)":"Tr\u00e1mite Parlamentario N\u00b0 146"},"Fecha: ":{"('0022-JGM-2018', 0)":"22\/10\/2018"},"T\u00edtulo":{"('0022-JGM-2018', 0)":"DECISION ADMINISTRATIVA 1701\/18 DE FECHA 12 DE OCTUBRE DE 2018 POR LA CUAL SE MODIFICA EL PRESUPUESTO DE LA ADMINISTRACION PUBLICA NACIONAL PARA EL EJERCICIO 2018. "},"('Firmantes', 'FIRMANTE')":{"('0022-JGM-2018', 0)":"PE\u00d1A, MARCOS"},"('Firmantes', 'DISTRITO')":{"('0022-JGM-2018', 0)":null},"('Firmantes', 'BLOQUE')":{"('0022-JGM-2018', 0)":"PODER EJECUTIVO"},"('Giros', 'COMISI\u00d3N')":{"('0022-JGM-2018', 0)":"PRESUPUESTO Y HACIENDA"},"Palabra Clave":{"('0022-JGM-2018', 0)":" "}}