{"Tipo de Proyecto":{"('0025-OV-2018', 0)":"PROYECTO DE RESOLUCI\u00d3N"},"Iniciado en: ":{"('0025-OV-2018', 0)":"Senado"},"Expediente Senado: ":{"('0025-OV-2018', 0)":"0025-OV-2018"},"Publicado en: ":{"('0025-OV-2018', 0)":"Diario de Asuntos Entrados N\u00b0 0"},"Fecha: ":{"('0025-OV-2018', 0)":"13\/07\/2018"},"T\u00edtulo":{"('0025-OV-2018', 0)":"DICTAMEN EN LA RESOLUCION REMITIDA POR LA AUDITORIA GENERAL DE LA NACION, 25\/18, REFERIDA A LA ACEPTACION DE LA DONACION DEL BANCO INTERAMERICANO DE DESARROLLO Y PARA LA ORGANIZACION DE LA XXVIII ASAMBLEA GENERAL ORDINARIA DE OLACEFS."},"('Firmantes', 'FIRMANTE')":{"('0025-OV-2018', 0)":"PARLAMENTARIA MIXTA REVISORA DE CUENTAS"},"('Firmantes', 'DISTRITO')":{"('0025-OV-2018', 0)":null},"('Firmantes', 'BLOQUE')":{"('0025-OV-2018', 0)":null},"Sumario":{"('0025-OV-2018', 0)":"HABIENDO TOMADO CONOCIMIENTO Y SIN PERJUICIO DE ULTERIORES MEDIDAS QUE PUEDAN ADOPTARSE, SE ACONSEJA SU REMISION AL ARCHIVO."},"Palabra Clave":{"('0025-OV-2018', 0)":" "}}