{"Tipo de Proyecto":{"('0025-JGM-2018', 0)":"MENSAJE NRO: 0021\/18","('0025-JGM-2018', 1)":null},"Iniciado en: ":{"('0025-JGM-2018', 0)":"Diputados","('0025-JGM-2018', 1)":null},"Expediente Diputados: ":{"('0025-JGM-2018', 0)":"0025-JGM-2018","('0025-JGM-2018', 1)":null},"Publicado en: ":{"('0025-JGM-2018', 0)":"Tr\u00e1mite Parlamentario N\u00b0 168","('0025-JGM-2018', 1)":null},"Fecha: ":{"('0025-JGM-2018', 0)":"22\/11\/2018","('0025-JGM-2018', 1)":null},"T\u00edtulo":{"('0025-JGM-2018', 0)":"REMITE INFORME DEL PRESUPUESTO PLURIANUAL PARA EL PERIODO 2019 - 2021, DE ACUERDO A LO ESTABLECIDO POR LA LEY 25152, DE SOLVENCIA FISCAL Y LA LEY 25917 DE RESPONSABILIDAD FISCAL FEDERAL.  ","('0025-JGM-2018', 1)":null},"('Firmantes', 'FIRMANTE')":{"('0025-JGM-2018', 0)":"PE\u00d1A, MARCOS","('0025-JGM-2018', 1)":"DUJOVNE, NICOLAS"},"('Firmantes', 'DISTRITO')":{"('0025-JGM-2018', 0)":null,"('0025-JGM-2018', 1)":null},"('Firmantes', 'BLOQUE')":{"('0025-JGM-2018', 0)":"PODER EJECUTIVO","('0025-JGM-2018', 1)":"PODER EJECUTIVO"},"('Giros', 'COMISI\u00d3N')":{"('0025-JGM-2018', 0)":"PRESUPUESTO Y HACIENDA","('0025-JGM-2018', 1)":null},"Palabra Clave":{"('0025-JGM-2018', 0)":" ","('0025-JGM-2018', 1)":null}}