{"Tipo de Proyecto":{"('0026-OV-2018', 0)":"PROYECTO DE RESOLUCI\u00d3N"},"Iniciado en: ":{"('0026-OV-2018', 0)":"Senado"},"Expediente Senado: ":{"('0026-OV-2018', 0)":"0026-OV-2018"},"Publicado en: ":{"('0026-OV-2018', 0)":"Diario de Asuntos Entrados N\u00b0 0"},"Fecha: ":{"('0026-OV-2018', 0)":"13\/07\/2018"},"T\u00edtulo":{"('0026-OV-2018', 0)":"PEDIDO DE INFORMES A LA CORTE SUPREMA DE JUSTICIA DE LA NACION SOBRE LAS MEDIDAS ADOPTADAS PARA REGULARIZAR LAS REITERADAS OBSERVACIONES DE LA AUDITORIA GENERAL DE LA NACION SOBRE LA APROBACION DE MOVIMIENTOS DEVENGADOS Y SALDOS DEL A\u00d1O 2016 DE LA CAMARA NACIONAL ELECTORAL."},"('Firmantes', 'FIRMANTE')":{"('0026-OV-2018', 0)":"PARLAMENTARIA MIXTA REVISORA DE CUENTAS"},"('Firmantes', 'DISTRITO')":{"('0026-OV-2018', 0)":null},"('Firmantes', 'BLOQUE')":{"('0026-OV-2018', 0)":null},"Link":{"('0026-OV-2018', 0)":"http:\/\/www.senado.gov.ar\/parlamentario\/comisiones\/verExp\/26.18\/OV\/PR"},"Palabra Clave":{"('0026-OV-2018', 0)":" "}}