{"Tipo de Proyecto":{"('0027-OV-2018', 0)":"PROYECTO DE RESOLUCI\u00d3N"},"Iniciado en: ":{"('0027-OV-2018', 0)":"Senado"},"Expediente Senado: ":{"('0027-OV-2018', 0)":"0027-OV-2018"},"Fecha: ":{"('0027-OV-2018', 0)":"09\/10\/2018"},"T\u00edtulo":{"('0027-OV-2018', 0)":"PEDIDO DE INFORMES AL PODER EJECUTIVO SOBRE RESOLUCION REMITIDA POR LA AUDITORIA GENERAL DE LA NACION 19\/18, QUE APRUEBA EL INFORME DE AUDITORIA, EL INFORME EJECUTIVO, LA SINTESIS EJECUTIVA Y LA FICHA DEL INFORME, REALIZADO EN LA AGENCIA DE ADMINISTRACION DE BIENES DEL ESTADO - GESTION."},"('Firmantes', 'FIRMANTE')":{"('0027-OV-2018', 0)":"PARLAMENTARIA MIXTA REVISORA DE CUENTAS"},"('Firmantes', 'DISTRITO')":{"('0027-OV-2018', 0)":null},"('Firmantes', 'BLOQUE')":{"('0027-OV-2018', 0)":null},"Link":{"('0027-OV-2018', 0)":"http:\/\/www.senado.gov.ar\/parlamentario\/comisiones\/verExp\/27.18\/OV\/PR"},"Palabra Clave":{"('0027-OV-2018', 0)":" "}}