{"Tipo de Proyecto":{"('0028-OV-2018', 0)":"PROYECTO DE RESOLUCI\u00d3N"},"Iniciado en: ":{"('0028-OV-2018', 0)":"Senado"},"Expediente Senado: ":{"('0028-OV-2018', 0)":"0028-OV-2018"},"Fecha: ":{"('0028-OV-2018', 0)":"26\/11\/2018"},"T\u00edtulo":{"('0028-OV-2018', 0)":"PEDIDO DE INFORMES AL PODER EJECUTIVO SOBRE RESOLUCIONES REMITIDAS POR LA AUDITORIA GENERAL DE LA NACION 20\/18, QUE APRUEBA EL INFORME DEL AUDITOR REFERIDO A LOS ESTADOS CONTABLES RECTIFICATIVOS POR EL EJERCICIO FINALIZADO EL 31\/12\/2009, CORRESPONDIENTES A OPTAR OPERADORA MAYORISTA DE SERVICIOS TURISTICOS S.A. (0028-OV-18), 21\/18 QUE APRUEBA EL INFORME DEL AUDITOR REFERIDO A LOS ESTADOS CONTABLES RECTIFICATIVOS POR EL PERIODO FINALIZADO EL 31\/12\/2010, CORRESPONDIENTES A OPTAR OPERADORA MAYORISTA DE SERVICIOS TURISTICOS S.A. (0029-OV-18), 22\/18, QUE APRUEBA EL INFORME DEL AUDITOR REFERIDO A LOS ESTADOS CONTABLES RECTIFICATIVOS POR EL PERIODO FINALIZADO EL 31\/12\/2011, CORRESPONDIENTES A OPTAR OPERADORA MAYORISTA DE SERVICIOS TURISTICOS S.A. (0030-OV-18), 23\/18, QUE APRUEBA EL INFORME DEL AUDITOR REFERIDO A LOS ESTADOS CONTABLES RECTIFICATIVOS POR EL PERIODO FINALIZADO EL 31\/12\/2012, CORRESPONDIENTES A OPTAR OPERADORA MAYORISTA DE SERVICIOS TURISTICOS S.A. (0031-OV-18); 24\/18, QUE APRUEBA EL INFORME DEL AUDITOR REFERIDO A LOS ESTADOS CONTABLES RECTIFICATIVOS POR EL PERIODO FINALIZADO EL 31\/12\/2013, CORRESPONDIENTES A OPTAR OPERADORA MAYORISTA DE SERVICIOS TURISTICOS S.A. (0032-OV-18); Y 25\/18, QUE APRUEBA EL INFORME DEL AUDITOR REFERIDO A LOS ESTADOS CONTABLES RECTIFICATIVOS POR EL PERIODO FINALIZADO EL 31\/12\/2014, CORRESPONDIENTES A OPTAR OPERADORA MAYORISTA DE SERVICIOS TURISTICOS S.A. (0033-OV-18)."},"('Firmantes', 'FIRMANTE')":{"('0028-OV-2018', 0)":"PARLAMENTARIA MIXTA REVISORA DE CUENTAS"},"('Firmantes', 'DISTRITO')":{"('0028-OV-2018', 0)":null},"('Firmantes', 'BLOQUE')":{"('0028-OV-2018', 0)":null},"Link":{"('0028-OV-2018', 0)":"http:\/\/www.senado.gov.ar\/parlamentario\/comisiones\/verExp\/28.18\/OV\/PR"},"Palabra Clave":{"('0028-OV-2018', 0)":" "}}