{"Tipo de Proyecto":{"('0028-JGM-2018', 0)":"MENSAJE NRO \/ A\u00d1O"},"Iniciado en: ":{"('0028-JGM-2018', 0)":"Diputados"},"Expediente Diputados: ":{"('0028-JGM-2018', 0)":"0028-JGM-2018"},"Publicado en: ":{"('0028-JGM-2018', 0)":"Tr\u00e1mite Parlamentario N\u00b0 178"},"Fecha: ":{"('0028-JGM-2018', 0)":"12\/12\/2018"},"T\u00edtulo":{"('0028-JGM-2018', 0)":"REMITE COPIA DE LA DECISION ADMINISTRATIVA 1853 DEL 7 DE DICIEMBRE DE 2018 POR LA CUAL SE MODIFICA EL PRESUPUESTO GENERAL DE LA ADMINISTRACION NACIONAL PARA EL EJERCICIO 2018"},"('Firmantes', 'FIRMANTE')":{"('0028-JGM-2018', 0)":"PE\u00d1A, MARCOS"},"('Firmantes', 'DISTRITO')":{"('0028-JGM-2018', 0)":null},"('Firmantes', 'BLOQUE')":{"('0028-JGM-2018', 0)":"PODER EJECUTIVO"},"('Giros', 'COMISI\u00d3N')":{"('0028-JGM-2018', 0)":"PRESUPUESTO Y HACIENDA"},"Palabra Clave":{"('0028-JGM-2018', 0)":" "}}