{"Tipo de Proyecto":{"('0030-JGM-2018', 0)":"MENSAJE NRO: ____\/__"},"Iniciado en: ":{"('0030-JGM-2018', 0)":"Diputados"},"Expediente Diputados: ":{"('0030-JGM-2018', 0)":"0030-JGM-2018"},"Publicado en: ":{"('0030-JGM-2018', 0)":"Tr\u00e1mite Parlamentario N\u00b0 182"},"Fecha: ":{"('0030-JGM-2018', 0)":"31\/01\/2019"},"T\u00edtulo":{"('0030-JGM-2018', 0)":"REMITE COPIA DE LA DECISION ADMINISTRATIVA 1955 DEL 28 DE DICIEMBRE DE 2018 POR LA CUAL SE MODIFICA EL PRESUPUESTO GENERAL DE LA ADMINISTRACION NACIONAL PARA EL EJERCICIO 2018."},"('Firmantes', 'FIRMANTE')":{"('0030-JGM-2018', 0)":"PE\u00d1A, MARCOS"},"('Firmantes', 'DISTRITO')":{"('0030-JGM-2018', 0)":null},"('Firmantes', 'BLOQUE')":{"('0030-JGM-2018', 0)":"PODER EJECUTIVO"},"('Giros', 'COMISI\u00d3N')":{"('0030-JGM-2018', 0)":"PRESUPUESTO Y HACIENDA"},"Palabra Clave":{"('0030-JGM-2018', 0)":" "}}