{"Tipo de Proyecto":{"('0030-S-2018', 0)":"PROYECTO DE DECLARACI\u00d3N","('0030-S-2018', 1)":null},"Iniciado en: ":{"('0030-S-2018', 0)":"Senado","('0030-S-2018', 1)":null},"Expediente Senado: ":{"('0030-S-2018', 0)":"0030-S-2018","('0030-S-2018', 1)":null},"Publicado en: ":{"('0030-S-2018', 0)":"Diario de Asuntos Entrados N\u00b0 2","('0030-S-2018', 1)":null},"Fecha: ":{"('0030-S-2018', 0)":"05\/03\/2018","('0030-S-2018', 1)":null},"T\u00edtulo":{"('0030-S-2018', 0)":"EXPRESAR RECONOCIMIENTO AL COMITE INTERNACIONAL DE LA CRUZ ROJA, AL EQUIPO ARGENTINO DE ANTROPOLOGIA FORENSE Y LA FUNDACION NO ME OLVIDES, EN EL PROCESO DE IDENTIFICACION DE 88 DE LOS 121 SOLDADOS ARGENTINOS ENTERRADOS EN EL CEMENTERIO ARGENTINO DE DARWIN EN LAS ISLAS MALVINAS.","('0030-S-2018', 1)":null},"('Firmantes', 'FIRMANTE')":{"('0030-S-2018', 0)":"CREXELL, CARMEN LUCILA","('0030-S-2018', 1)":"PINEDO, FEDERICO"},"('Firmantes', 'DISTRITO')":{"('0030-S-2018', 0)":"NEUQUEN","('0030-S-2018', 1)":"CIUDAD de BUENOS AIRES"},"('Firmantes', 'BLOQUE')":{"('0030-S-2018', 0)":"MOV POP NEUQUINO","('0030-S-2018', 1)":"FRENTE PRO"},"('Tramites', 'C\u00c1MARA')":{"('0030-S-2018', 0)":"Senado","('0030-S-2018', 1)":"Senado"},"('Tramites', 'MOVIMIENTO')":{"('0030-S-2018', 0)":"MOCION SOBRE TABLAS (AFIRMATIVA)","('0030-S-2018', 1)":"CONSIDERACION Y APROBACION"},"('Tramites', 'FECHA')":{"('0030-S-2018', 0)":"21\/03\/2018","('0030-S-2018', 1)":"21\/03\/2018"},"('Tramites', 'RESULTADO')":{"('0030-S-2018', 0)":null,"('0030-S-2018', 1)":"APROBADO"},"Link":{"('0030-S-2018', 0)":"http:\/\/www.senado.gov.ar\/parlamentario\/comisiones\/verExp\/30.18\/S\/PD","('0030-S-2018', 1)":null},"Palabra Clave":{"('0030-S-2018', 0)":" ","('0030-S-2018', 1)":null}}