{"Tipo de Proyecto":{"('0030-D-2018', 0)":"PROYECTO DE LEY"},"Iniciado en: ":{"('0030-D-2018', 0)":"Diputados"},"Expediente Diputados: ":{"('0030-D-2018', 0)":"0030-D-2018"},"Publicado en: ":{"('0030-D-2018', 0)":"Tr\u00e1mite Parlamentario N\u00b0 1"},"Fecha: ":{"('0030-D-2018', 0)":"02\/03\/2018"},"T\u00edtulo":{"('0030-D-2018', 0)":"CODIGO PENAL: MODIFICACION DEL ARTICULO 166, SOBRE COMISION DE ROBO UTILIZANDO UN ARMA DE FUEGO DESCARGADA O DE UTILERIA (REPRODUCCION DEL EXPEDIENTE 1926-D-16)."},"('Firmantes', 'FIRMANTE')":{"('0030-D-2018', 0)":"CACERES, EDUARDO AUGUSTO"},"('Firmantes', 'DISTRITO')":{"('0030-D-2018', 0)":"SAN JUAN"},"('Firmantes', 'BLOQUE')":{"('0030-D-2018', 0)":"PRO"},"('Giros', 'COMISI\u00d3N')":{"('0030-D-2018', 0)":"LEGISLACION PENAL"},"Palabra Clave":{"('0030-D-2018', 0)":" "}}