{"Tipo de Proyecto":{"('0031-D-2018', 0)":"PROYECTO DE LEY","('0031-D-2018', 1)":null,"('0031-D-2018', 2)":null},"Iniciado en: ":{"('0031-D-2018', 0)":"Diputados","('0031-D-2018', 1)":null,"('0031-D-2018', 2)":null},"Expediente Diputados: ":{"('0031-D-2018', 0)":"0031-D-2018","('0031-D-2018', 1)":null,"('0031-D-2018', 2)":null},"Publicado en: ":{"('0031-D-2018', 0)":"Tr\u00e1mite Parlamentario N\u00b0 1","('0031-D-2018', 1)":null,"('0031-D-2018', 2)":null},"Fecha: ":{"('0031-D-2018', 0)":"02\/03\/2018","('0031-D-2018', 1)":null,"('0031-D-2018', 2)":null},"T\u00edtulo":{"('0031-D-2018', 0)":"PROTECCION Y BIENESTAR DE ANIMALES DOMESTICOS, SILVESTRES Y EXOTICOS. REGIMEN. MODIFICACION DEL ARTICULO 1 DE LA LEY 14346, SOBRE PENAS. CREACION DEL INSTITUTO NACIONAL DE PROTECCION Y BIENESTAR ANIMAL (REPRODUCCION DEL EXPEDIENTE 6933-D-16).","('0031-D-2018', 1)":null,"('0031-D-2018', 2)":null},"('Firmantes', 'FIRMANTE')":{"('0031-D-2018', 0)":"CACERES, EDUARDO AUGUSTO","('0031-D-2018', 1)":null,"('0031-D-2018', 2)":null},"('Firmantes', 'DISTRITO')":{"('0031-D-2018', 0)":"SAN JUAN","('0031-D-2018', 1)":null,"('0031-D-2018', 2)":null},"('Firmantes', 'BLOQUE')":{"('0031-D-2018', 0)":"PRO","('0031-D-2018', 1)":null,"('0031-D-2018', 2)":null},"('Giros', 'COMISI\u00d3N')":{"('0031-D-2018', 0)":"LEGISLACION GENERAL","('0031-D-2018', 1)":"LEGISLACION PENAL","('0031-D-2018', 2)":"PRESUPUESTO Y HACIENDA"},"Sumario":{"('0031-D-2018', 0)":"OBJETO; PENA; CREACION DEL INSTITUTO NACIONAL DE PROTECCION Y BIENESTAR ANIMAL (INPBA), ORGANISMO AUTARQUICO EN EL AMBITO DEL MINISTERIO DE AMBIENTE Y DESARROLLO SUSTENTABLE: ATRIBUCIONES Y FUNCIONES; EL INPBA ESTARA DIRIGIDO Y ADMINISTRADO POR UN DIRECTORIO, ASISTIDO POR UN CONSEJO ASESOR; CONTINUIDAD DE LAS GESTIONES DEL \"INSTITUTO NACIONAL DE TENENCIA RESPONSABLE Y SANIDAD DE PERROS Y GATOS - DECRETO 1088\/2011\".","('0031-D-2018', 1)":null,"('0031-D-2018', 2)":null},"Palabra Clave":{"('0031-D-2018', 0)":" ","('0031-D-2018', 1)":null,"('0031-D-2018', 2)":null}}