{"Tipo de Proyecto":{"('0032-D-2018', 0)":"PROYECTO DE LEY","('0032-D-2018', 1)":null},"Iniciado en: ":{"('0032-D-2018', 0)":"Diputados","('0032-D-2018', 1)":null},"Expediente Diputados: ":{"('0032-D-2018', 0)":"0032-D-2018","('0032-D-2018', 1)":null},"Publicado en: ":{"('0032-D-2018', 0)":"Tr\u00e1mite Parlamentario N\u00b0 1","('0032-D-2018', 1)":null},"Fecha: ":{"('0032-D-2018', 0)":"02\/03\/2018","('0032-D-2018', 1)":null},"T\u00edtulo":{"('0032-D-2018', 0)":"PRESUPUESTOS MINIMOS PARA LA REGULACION Y CONTROL DE ESPECTACULOS POPULARES.","('0032-D-2018', 1)":null},"('Firmantes', 'FIRMANTE')":{"('0032-D-2018', 0)":"PRETTO, PEDRO JAVIER","('0032-D-2018', 1)":null},"('Firmantes', 'DISTRITO')":{"('0032-D-2018', 0)":"CORDOBA","('0032-D-2018', 1)":null},"('Firmantes', 'BLOQUE')":{"('0032-D-2018', 0)":"PRO","('0032-D-2018', 1)":null},"('Giros', 'COMISI\u00d3N')":{"('0032-D-2018', 0)":"SEGURIDAD INTERIOR","('0032-D-2018', 1)":"CULTURA"},"Sumario":{"('0032-D-2018', 0)":"DEFINICION; CAPACIDAD; RESPONSABILIDAD; SEGURIDAD.","('0032-D-2018', 1)":null},"Palabra Clave":{"('0032-D-2018', 0)":" ","('0032-D-2018', 1)":null}}