{"Tipo de Proyecto":{"('0032-JGM-2018', 0)":"MENSAJE NRO: 0006\/19","('0032-JGM-2018', 1)":null,"('0032-JGM-2018', 2)":null},"Iniciado en: ":{"('0032-JGM-2018', 0)":"Diputados","('0032-JGM-2018', 1)":null,"('0032-JGM-2018', 2)":null},"Expediente Diputados: ":{"('0032-JGM-2018', 0)":"0032-JGM-2018","('0032-JGM-2018', 1)":null,"('0032-JGM-2018', 2)":null},"Publicado en: ":{"('0032-JGM-2018', 0)":"Tr\u00e1mite Parlamentario N\u00b0 182","('0032-JGM-2018', 1)":null,"('0032-JGM-2018', 2)":null},"Fecha: ":{"('0032-JGM-2018', 0)":"31\/01\/2019","('0032-JGM-2018', 1)":null,"('0032-JGM-2018', 2)":null},"T\u00edtulo":{"('0032-JGM-2018', 0)":"COMUNICACION DEL DECRETO 1039\/18,  POR EL CUAL SE FACULTA AL MINISTERIO DE TRANSPORTE A DISPONER DEL PRODUCIDO DEL COBRO DE LAS LETRAS DEL TESORO PERTENECIENTES AL FIDEICOMISO CREADO POR DECRETO 976\/01 Y SUS MODIFICATORIOS.","('0032-JGM-2018', 1)":null,"('0032-JGM-2018', 2)":null},"('Firmantes', 'FIRMANTE')":{"('0032-JGM-2018', 0)":"MACRI, MAURICIO","('0032-JGM-2018', 1)":"PE\u00d1A, MARCOS","('0032-JGM-2018', 2)":"DUJOVNE, NICOLAS"},"('Firmantes', 'DISTRITO')":{"('0032-JGM-2018', 0)":null,"('0032-JGM-2018', 1)":null,"('0032-JGM-2018', 2)":null},"('Firmantes', 'BLOQUE')":{"('0032-JGM-2018', 0)":"PODER EJECUTIVO","('0032-JGM-2018', 1)":"PODER EJECUTIVO","('0032-JGM-2018', 2)":"PODER EJECUTIVO"},"('Giros', 'COMISI\u00d3N')":{"('0032-JGM-2018', 0)":"BICAMERAL DE SEGUIMIENTO DE CONTRATOS DE PARTICIPACI\u00d3N P\u00daBLICO-PRIVADA","('0032-JGM-2018', 1)":null,"('0032-JGM-2018', 2)":null},"Palabra Clave":{"('0032-JGM-2018', 0)":" ","('0032-JGM-2018', 1)":null,"('0032-JGM-2018', 2)":null}}