{"Tipo de Proyecto":{"('0032-S-2018', 0)":"PROYECTO DE LEY"},"Iniciado en: ":{"('0032-S-2018', 0)":"Senado"},"Expediente Senado: ":{"('0032-S-2018', 0)":"0032-S-2018"},"Publicado en: ":{"('0032-S-2018', 0)":"Diario de Asuntos Entrados N\u00b0 2"},"Fecha: ":{"('0032-S-2018', 0)":"05\/03\/2018"},"T\u00edtulo":{"('0032-S-2018', 0)":"MODIFICACION DE LAS LEYES 24417 Y 26485 -VIOLENCIA FAMILIAR Y DE PROTECCION INTEGRAL A LAS MUJERES- RESPECTO A LA DURACION DE LAS MEDIDAS DE PROTECCION PERSONAL CONTRA LA VIOLENCIA FAMILIAR."},"('Firmantes', 'FIRMANTE')":{"('0032-S-2018', 0)":"GONZALEZ, GLADYS ESTHER"},"('Firmantes', 'DISTRITO')":{"('0032-S-2018', 0)":"BUENOS AIRES"},"('Firmantes', 'BLOQUE')":{"('0032-S-2018', 0)":"FRENTE PRO"},"('Tramites', 'C\u00c1MARA')":{"('0032-S-2018', 0)":"Senado"},"('Tramites', 'MOVIMIENTO')":{"('0032-S-2018', 0)":"REPRODUCIDO POR EXPEDIENTE 0173-S-20"},"('Tramites', 'FECHA')":{"('0032-S-2018', 0)":null},"('Tramites', 'RESULTADO')":{"('0032-S-2018', 0)":null},"Sumario":{"('0032-S-2018', 0)":"MODIFICACION DEL ARTICULO 4 DE LA LEY 24417 Y DEL ARTICULO 27 DE LA LEY 26485."},"Palabra Clave":{"('0032-S-2018', 0)":" "}}