{"Tipo de Proyecto":{"('0033-D-2018', 0)":"PROYECTO DE LEY","('0033-D-2018', 1)":null},"Iniciado en: ":{"('0033-D-2018', 0)":"Diputados","('0033-D-2018', 1)":null},"Expediente Diputados: ":{"('0033-D-2018', 0)":"0033-D-2018","('0033-D-2018', 1)":null},"Publicado en: ":{"('0033-D-2018', 0)":"Tr\u00e1mite Parlamentario N\u00b0 1","('0033-D-2018', 1)":null},"Fecha: ":{"('0033-D-2018', 0)":"02\/03\/2018","('0033-D-2018', 1)":null},"T\u00edtulo":{"('0033-D-2018', 0)":"DECLARASE CIUDAD CAPITAL FEDERAL ALTERNA DE LA REPUBLICA ARGENTINA A LA CIUDAD DE CORDOBA (REPRODUCCION DEL EXPEDIENTE 8057-D-16).","('0033-D-2018', 1)":null},"('Firmantes', 'FIRMANTE')":{"('0033-D-2018', 0)":"PRETTO, PEDRO JAVIER","('0033-D-2018', 1)":null},"('Firmantes', 'DISTRITO')":{"('0033-D-2018', 0)":"CORDOBA","('0033-D-2018', 1)":null},"('Firmantes', 'BLOQUE')":{"('0033-D-2018', 0)":"PRO","('0033-D-2018', 1)":null},"('Giros', 'COMISI\u00d3N')":{"('0033-D-2018', 0)":"ASUNTOS CONSTITUCIONALES","('0033-D-2018', 1)":"PRESUPUESTO Y HACIENDA"},"Sumario":{"('0033-D-2018', 0)":"AUTORIDAD DE APLICACION: MINISTERIO DEL INTERIOR, OBRAS PUBLICAS Y VIVIENDAS.","('0033-D-2018', 1)":null},"Palabra Clave":{"('0033-D-2018', 0)":" ","('0033-D-2018', 1)":null}}