{"Tipo de Proyecto":{"('0034-D-2018', 0)":"PROYECTO DE LEY","('0034-D-2018', 1)":null},"Iniciado en: ":{"('0034-D-2018', 0)":"Diputados","('0034-D-2018', 1)":null},"Expediente Diputados: ":{"('0034-D-2018', 0)":"0034-D-2018","('0034-D-2018', 1)":null},"Publicado en: ":{"('0034-D-2018', 0)":"Tr\u00e1mite Parlamentario N\u00b0 1","('0034-D-2018', 1)":null},"Fecha: ":{"('0034-D-2018', 0)":"02\/03\/2018","('0034-D-2018', 1)":null},"T\u00edtulo":{"('0034-D-2018', 0)":"PROMOCION Y FOMENTO A LA PRODUCCION DE CONTENIDOS AUDIOVISUALES, DIGITALES Y CINEMATOGRAFICOS.  REGIMEN (REPRODUCCION DEL EXPEDIENTE 7991-D-16).","('0034-D-2018', 1)":null},"('Firmantes', 'FIRMANTE')":{"('0034-D-2018', 0)":"PRETTO, PEDRO JAVIER","('0034-D-2018', 1)":null},"('Firmantes', 'DISTRITO')":{"('0034-D-2018', 0)":"CORDOBA","('0034-D-2018', 1)":null},"('Firmantes', 'BLOQUE')":{"('0034-D-2018', 0)":"PRO","('0034-D-2018', 1)":null},"('Giros', 'COMISI\u00d3N')":{"('0034-D-2018', 0)":"COMUNICACIONES E INFORMATICA","('0034-D-2018', 1)":"PRESUPUESTO Y HACIENDA"},"Sumario":{"('0034-D-2018', 0)":"DECLARACION DE LA PRODUCCION DE CONTENIDOS AUDIOVISUALES, DIGITALES Y CINEMATOGRAFICOS ASIMILABLE A LA ACTIVIDAD INDUSTRIAL Y ALCANZADA POR EL REGIMEN DE LAS LEYES 26838 Y 17741 (DE FOMENTO DE LA ACTIVIDAD CINEMATOGRAFICA NACIONAL); CREACION DEL FIDEICOMISO \"FONDO DE INVERSION DE PRODUCCION AUDIOVISUAL Y CINEMATOGRAFICO ARGENTINO (FIPA); CREACION EN EL AMBITO DE LA AUTORIDAD DE APLICACION, EL REGISTRO NACIONAL DE PRODUCTORAS DE CONTENIDOS AUDIOVISUALES, DIGITALES Y CINEMATOGRAFICOS; INFRACCIONES Y SANCIONES; AUTORIDAD DE APLICACION: MINISTERIO DE PRODUCCION; INVITACION A LAS PROVINCIAS Y A LA CIUDAD AUTONOMA DE BUENOS AIRES A ADHERIR.","('0034-D-2018', 1)":null},"Palabra Clave":{"('0034-D-2018', 0)":" ","('0034-D-2018', 1)":null}}