{"Tipo de Proyecto":{"('0034-S-2018', 0)":"COMUNICACION","('0034-S-2018', 1)":null,"('0034-S-2018', 2)":null},"Iniciado en: ":{"('0034-S-2018', 0)":"Senado","('0034-S-2018', 1)":null,"('0034-S-2018', 2)":null},"Expediente Senado: ":{"('0034-S-2018', 0)":"0034-S-2018","('0034-S-2018', 1)":null,"('0034-S-2018', 2)":null},"Publicado en: ":{"('0034-S-2018', 0)":"Diario de Asuntos Entrados N\u00b0 2","('0034-S-2018', 1)":null,"('0034-S-2018', 2)":null},"Fecha: ":{"('0034-S-2018', 0)":"02\/03\/2018","('0034-S-2018', 1)":null,"('0034-S-2018', 2)":null},"T\u00edtulo":{"('0034-S-2018', 0)":"PEDIDO DE INFORMES AL PODER EJECUTIVO SOBRE LA ASISTENCIA BRINDADA EN EL MARCO DE LAS INUNDACIONES SUFRIDAS EN EL NORTE DE LA PROVINCIA DE SALTA POR EL DESBORDE DEL RIO PILCOMAYO.","('0034-S-2018', 1)":null,"('0034-S-2018', 2)":null},"('Firmantes', 'FIRMANTE')":{"('0034-S-2018', 0)":"FIORE VI\u00d1UALES, MARIA CRISTINA DEL VALLE","('0034-S-2018', 1)":null,"('0034-S-2018', 2)":null},"('Firmantes', 'DISTRITO')":{"('0034-S-2018', 0)":"SALTA","('0034-S-2018', 1)":null,"('0034-S-2018', 2)":null},"('Firmantes', 'BLOQUE')":{"('0034-S-2018', 0)":"PARES","('0034-S-2018', 1)":null,"('0034-S-2018', 2)":null},"('Tramites', 'C\u00c1MARA')":{"('0034-S-2018', 0)":"Senado","('0034-S-2018', 1)":"Senado","('0034-S-2018', 2)":"Senado"},"('Tramites', 'MOVIMIENTO')":{"('0034-S-2018', 0)":"MOCION SOBRE TABLAS (AFIRMATIVA)","('0034-S-2018', 1)":"CONSIDERACION Y APROBACION","('0034-S-2018', 2)":"CONTESTACION DEL PODER EJECUTIVO NACIONAL - JEFE DE GABINETE DE MINISTROS - GIRADO A LA COMISION RESPECTIVA"},"('Tramites', 'FECHA')":{"('0034-S-2018', 0)":"21\/03\/2018","('0034-S-2018', 1)":"21\/03\/2018","('0034-S-2018', 2)":"20\/03\/2019"},"('Tramites', 'RESULTADO')":{"('0034-S-2018', 0)":null,"('0034-S-2018', 1)":"APROBADO","('0034-S-2018', 2)":null},"Link":{"('0034-S-2018', 0)":"http:\/\/www.senado.gov.ar\/parlamentario\/comisiones\/verExp\/34.18\/S\/PC","('0034-S-2018', 1)":null,"('0034-S-2018', 2)":null},"Palabra Clave":{"('0034-S-2018', 0)":" ","('0034-S-2018', 1)":null,"('0034-S-2018', 2)":null}}