{"Tipo de Proyecto":{"('0035-JGM-2018', 0)":"MENSAJE NRO: 0004\/19","('0035-JGM-2018', 1)":null},"Iniciado en: ":{"('0035-JGM-2018', 0)":"Diputados","('0035-JGM-2018', 1)":null},"Expediente Diputados: ":{"('0035-JGM-2018', 0)":"0035-JGM-2018","('0035-JGM-2018', 1)":null},"Publicado en: ":{"('0035-JGM-2018', 0)":"Tr\u00e1mite Parlamentario N\u00b0 186","('0035-JGM-2018', 1)":null},"Fecha: ":{"('0035-JGM-2018', 0)":"19\/02\/2019","('0035-JGM-2018', 1)":null},"T\u00edtulo":{"('0035-JGM-2018', 0)":"COMUNICACION DEL DECRETO DE NECESIDAD Y URGENCIA 92\/19 DEL 29 DE ENERO DE 2019, POR EL CUAL MODIFICA LA LEY 20655 - INSTITUTO NACIONAL DEL DEPORTE Y LA ACTIVIDAD FISICA -, CREANDO LA AGENCIA DE DEPORTE NACIONAL.","('0035-JGM-2018', 1)":null},"('Firmantes', 'FIRMANTE')":{"('0035-JGM-2018', 0)":"PE\u00d1A, MARCOS","('0035-JGM-2018', 1)":"FRIGERIO, ROGELIO"},"('Firmantes', 'DISTRITO')":{"('0035-JGM-2018', 0)":null,"('0035-JGM-2018', 1)":null},"('Firmantes', 'BLOQUE')":{"('0035-JGM-2018', 0)":"PODER EJECUTIVO","('0035-JGM-2018', 1)":"PODER EJECUTIVO"},"('Giros', 'COMISI\u00d3N')":{"('0035-JGM-2018', 0)":"BICAMERAL PERMANENTE DE TRAMITE LEGISLATIVO - LEY 26122","('0035-JGM-2018', 1)":null},"('Tramites', 'C\u00c1MARA')":{"('0035-JGM-2018', 0)":"Diputados","('0035-JGM-2018', 1)":"Diputados"},"('Tramites', 'MOVIMIENTO')":{"('0035-JGM-2018', 0)":"MOCION DE PREFERENCIA CON DICTAMEN (AFIRMATIVA)","('0035-JGM-2018', 1)":"VER TRAMITE DEL DECRETO EN SENADO EN EXPEDIENTE 4830-S-2018"},"('Tramites', 'FECHA')":{"('0035-JGM-2018', 0)":"24\/04\/2019","('0035-JGM-2018', 1)":null},"('Tramites', 'RESULTADO')":{"('0035-JGM-2018', 0)":null,"('0035-JGM-2018', 1)":null},"Palabra Clave":{"('0035-JGM-2018', 0)":" ","('0035-JGM-2018', 1)":null}}