{"Tipo de Proyecto":{"('0035-S-2018', 0)":"PROYECTO DE LEY"},"Iniciado en: ":{"('0035-S-2018', 0)":"Senado"},"Expediente Senado: ":{"('0035-S-2018', 0)":"0035-S-2018"},"Publicado en: ":{"('0035-S-2018', 0)":"Diario de Asuntos Entrados N\u00b0 2"},"Fecha: ":{"('0035-S-2018', 0)":"05\/03\/2018"},"T\u00edtulo":{"('0035-S-2018', 0)":"PROCEDIMIENTO PARA LA APLICACION DE LOS CONVENIOS SOBRE LA RESTITUCION DE MENORES, REGIMENES DE CONTACTO, COMUNICACIONES INTERNACIONALES. (REPRODUCCION DEL EXPEDIENTE 4738-S-16)."},"('Firmantes', 'FIRMANTE')":{"('0035-S-2018', 0)":"BRAILLARD POCCARD, NESTOR PEDRO"},"('Firmantes', 'DISTRITO')":{"('0035-S-2018', 0)":"CORRIENTES"},"('Firmantes', 'BLOQUE')":{"('0035-S-2018', 0)":"FRENTE PRO"},"Sumario":{"('0035-S-2018', 0)":"CONVENIO DE LA HAYA DE 1980 Y CONVENCION INTERAMERICANA SOBRE RESTITUCION INTERNACIONAL DE MENORES DE MONTEVIDEO DE 1989; AUTORIDAD CENTRAL; PROCEDIMIENTO JUDICIAL; DERECHO DE COMUNICACION; COMUNICACIONES JUDICIALES  DIRECTAS."},"Palabra Clave":{"('0035-S-2018', 0)":" "}}