{"Tipo de Proyecto":{"('0037-OV-2018', 0)":"PROYECTO DE RESOLUCI\u00d3N"},"Iniciado en: ":{"('0037-OV-2018', 0)":"Senado"},"Expediente Senado: ":{"('0037-OV-2018', 0)":"0037-OV-2018"},"Publicado en: ":{"('0037-OV-2018', 0)":"Diario de Asuntos Entrados N\u00b0 0"},"Fecha: ":{"('0037-OV-2018', 0)":"13\/07\/2018"},"T\u00edtulo":{"('0037-OV-2018', 0)":"DICTAMEN EN LA RESOLUCION REMITIDA POR LA AUDITORIA GENERAL DE LA NACION, 29\/18 REFERIDO AL INFORME ESPECIAL DEL PROGRAMA DE OBRAS VIALES DE INTEGRACION ENTRE ARGENTINA Y PARAGUAY (PRESTAMO CAF 4724) DE LA ENTIDAD BINACIONAL YACYRETA, ESTADO FINANCIEROS DEL EJERCICIO FINALIZADO EL 31\/12\/2016)."},"('Firmantes', 'FIRMANTE')":{"('0037-OV-2018', 0)":"PARLAMENTARIA MIXTA REVISORA DE CUENTAS"},"('Firmantes', 'DISTRITO')":{"('0037-OV-2018', 0)":null},"('Firmantes', 'BLOQUE')":{"('0037-OV-2018', 0)":null},"Sumario":{"('0037-OV-2018', 0)":"HABIENDO TOMADO CONOCIMIENTO Y SIN PERJUICIO DE ULTERIORES MEDIDAS QUE PUEDAN ADOPTARSE, SE ACONSEJA SU REMISION AL ARCHIVO."},"Palabra Clave":{"('0037-OV-2018', 0)":" "}}