{"Tipo de Proyecto":{"('0037-D-2018', 0)":"PROYECTO DE LEY","('0037-D-2018', 1)":null,"('0037-D-2018', 2)":null,"('0037-D-2018', 3)":null},"Iniciado en: ":{"('0037-D-2018', 0)":"Diputados","('0037-D-2018', 1)":null,"('0037-D-2018', 2)":null,"('0037-D-2018', 3)":null},"Expediente Diputados: ":{"('0037-D-2018', 0)":"0037-D-2018","('0037-D-2018', 1)":null,"('0037-D-2018', 2)":null,"('0037-D-2018', 3)":null},"Expediente Senado: ":{"('0037-D-2018', 0)":"0103-CD-2019","('0037-D-2018', 1)":null,"('0037-D-2018', 2)":null,"('0037-D-2018', 3)":null},"Publicado en: ":{"('0037-D-2018', 0)":"Tr\u00e1mite Parlamentario N\u00b0 1","('0037-D-2018', 1)":null,"('0037-D-2018', 2)":null,"('0037-D-2018', 3)":null},"Fecha: ":{"('0037-D-2018', 0)":"02\/03\/2018","('0037-D-2018', 1)":null,"('0037-D-2018', 2)":null,"('0037-D-2018', 3)":null},"T\u00edtulo":{"('0037-D-2018', 0)":"\"CIUDAD DULCE DEL PAIS\". SE DECLARA COMO TAL A LA CIUDAD DE ARROYITO, DEPARTAMENTO SAN JUSTO, PROVINCIA DE CORDOBA. (REPRODUCCION DEL EXPEDIENTE 6993-D-16).","('0037-D-2018', 1)":null,"('0037-D-2018', 2)":null,"('0037-D-2018', 3)":null},"('Firmantes', 'FIRMANTE')":{"('0037-D-2018', 0)":"PRETTO, PEDRO JAVIER","('0037-D-2018', 1)":null,"('0037-D-2018', 2)":null,"('0037-D-2018', 3)":null},"('Firmantes', 'DISTRITO')":{"('0037-D-2018', 0)":"CORDOBA","('0037-D-2018', 1)":null,"('0037-D-2018', 2)":null,"('0037-D-2018', 3)":null},"('Firmantes', 'BLOQUE')":{"('0037-D-2018', 0)":"PRO","('0037-D-2018', 1)":null,"('0037-D-2018', 2)":null,"('0037-D-2018', 3)":null},"('Giros', 'COMISI\u00d3N')":{"('0037-D-2018', 0)":"LEGISLACION GENERAL","('0037-D-2018', 1)":null,"('0037-D-2018', 2)":null,"('0037-D-2018', 3)":null},"('Tramites', 'C\u00c1MARA')":{"('0037-D-2018', 0)":"Diputados","('0037-D-2018', 1)":"Diputados","('0037-D-2018', 2)":"Diputados","('0037-D-2018', 3)":"Senado"},"('Tramites', 'MOVIMIENTO')":{"('0037-D-2018', 0)":"MOCION APARTAMIENTO DEL REGLAMENTO (AFIRMATIVA)","('0037-D-2018', 1)":"MOCION SOBRE TABLAS (AFIRMATIVA)","('0037-D-2018', 2)":"CONSIDERACION Y APROBACION","('0037-D-2018', 3)":"PASA A SENADO -"},"('Tramites', 'FECHA')":{"('0037-D-2018', 0)":"20\/11\/2019","('0037-D-2018', 1)":"20\/11\/2019","('0037-D-2018', 2)":"20\/11\/2019","('0037-D-2018', 3)":null},"('Tramites', 'RESULTADO')":{"('0037-D-2018', 0)":null,"('0037-D-2018', 1)":null,"('0037-D-2018', 2)":"MEDIA SANCION","('0037-D-2018', 3)":null},"Palabra Clave":{"('0037-D-2018', 0)":" ","('0037-D-2018', 1)":null,"('0037-D-2018', 2)":null,"('0037-D-2018', 3)":null}}