{"Tipo de Proyecto":{"('0039-S-2018', 0)":"PROYECTO DE LEY","('0039-S-2018', 1)":null,"('0039-S-2018', 2)":null,"('0039-S-2018', 3)":null,"('0039-S-2018', 4)":null,"('0039-S-2018', 5)":null,"('0039-S-2018', 6)":null,"('0039-S-2018', 7)":null,"('0039-S-2018', 8)":null,"('0039-S-2018', 9)":null},"Iniciado en: ":{"('0039-S-2018', 0)":"Senado","('0039-S-2018', 1)":null,"('0039-S-2018', 2)":null,"('0039-S-2018', 3)":null,"('0039-S-2018', 4)":null,"('0039-S-2018', 5)":null,"('0039-S-2018', 6)":null,"('0039-S-2018', 7)":null,"('0039-S-2018', 8)":null,"('0039-S-2018', 9)":null},"Expediente Diputados: ":{"('0039-S-2018', 0)":"0039-S-2018","('0039-S-2018', 1)":null,"('0039-S-2018', 2)":null,"('0039-S-2018', 3)":null,"('0039-S-2018', 4)":null,"('0039-S-2018', 5)":null,"('0039-S-2018', 6)":null,"('0039-S-2018', 7)":null,"('0039-S-2018', 8)":null,"('0039-S-2018', 9)":null},"Expediente Senado: ":{"('0039-S-2018', 0)":"0453-S-2017","('0039-S-2018', 1)":null,"('0039-S-2018', 2)":null,"('0039-S-2018', 3)":null,"('0039-S-2018', 4)":null,"('0039-S-2018', 5)":null,"('0039-S-2018', 6)":null,"('0039-S-2018', 7)":null,"('0039-S-2018', 8)":null,"('0039-S-2018', 9)":null},"Publicado en: ":{"('0039-S-2018', 0)":"Diario de Asuntos Entrados N\u00b0 23","('0039-S-2018', 1)":null,"('0039-S-2018', 2)":null,"('0039-S-2018', 3)":null,"('0039-S-2018', 4)":null,"('0039-S-2018', 5)":null,"('0039-S-2018', 6)":null,"('0039-S-2018', 7)":null,"('0039-S-2018', 8)":null,"('0039-S-2018', 9)":null},"Fecha: ":{"('0039-S-2018', 0)":"16\/03\/2017","('0039-S-2018', 1)":null,"('0039-S-2018', 2)":null,"('0039-S-2018', 3)":null,"('0039-S-2018', 4)":null,"('0039-S-2018', 5)":null,"('0039-S-2018', 6)":null,"('0039-S-2018', 7)":null,"('0039-S-2018', 8)":null,"('0039-S-2018', 9)":null},"T\u00edtulo":{"('0039-S-2018', 0)":"MODIFICACION DE LA LEY 24193 - TRASPLANTES DE ORGANOS Y MATERIALES ANATOMICOS -, RESPECTO DE LA OBTENCION Y PRESERVACION DE LAS CELULAS MADRE Y LAS FUNCIONES DEL INCUCAI.","('0039-S-2018', 1)":null,"('0039-S-2018', 2)":null,"('0039-S-2018', 3)":null,"('0039-S-2018', 4)":null,"('0039-S-2018', 5)":null,"('0039-S-2018', 6)":null,"('0039-S-2018', 7)":null,"('0039-S-2018', 8)":null,"('0039-S-2018', 9)":null},"('Firmantes', 'FIRMANTE')":{"('0039-S-2018', 0)":"PEREYRA, GUILLERMO JUAN","('0039-S-2018', 1)":null,"('0039-S-2018', 2)":null,"('0039-S-2018', 3)":null,"('0039-S-2018', 4)":null,"('0039-S-2018', 5)":null,"('0039-S-2018', 6)":null,"('0039-S-2018', 7)":null,"('0039-S-2018', 8)":null,"('0039-S-2018', 9)":null},"('Firmantes', 'DISTRITO')":{"('0039-S-2018', 0)":"NEUQUEN","('0039-S-2018', 1)":null,"('0039-S-2018', 2)":null,"('0039-S-2018', 3)":null,"('0039-S-2018', 4)":null,"('0039-S-2018', 5)":null,"('0039-S-2018', 6)":null,"('0039-S-2018', 7)":null,"('0039-S-2018', 8)":null,"('0039-S-2018', 9)":null},"('Firmantes', 'BLOQUE')":{"('0039-S-2018', 0)":"MOV POP NEUQUINO","('0039-S-2018', 1)":null,"('0039-S-2018', 2)":null,"('0039-S-2018', 3)":null,"('0039-S-2018', 4)":null,"('0039-S-2018', 5)":null,"('0039-S-2018', 6)":null,"('0039-S-2018', 7)":null,"('0039-S-2018', 8)":null,"('0039-S-2018', 9)":null},"('Giros', 'COMISI\u00d3N')":{"('0039-S-2018', 0)":"LEGISLACION GENERAL","('0039-S-2018', 1)":"ACCION SOCIAL Y SALUD PUBLICA","('0039-S-2018', 2)":"LEGISLACION PENAL","('0039-S-2018', 3)":null,"('0039-S-2018', 4)":null,"('0039-S-2018', 5)":null,"('0039-S-2018', 6)":null,"('0039-S-2018', 7)":null,"('0039-S-2018', 8)":null,"('0039-S-2018', 9)":null},"('Tramites', 'C\u00c1MARA')":{"('0039-S-2018', 0)":"Senado","('0039-S-2018', 1)":"Senado","('0039-S-2018', 2)":"Senado","('0039-S-2018', 3)":"Senado","('0039-S-2018', 4)":"Senado","('0039-S-2018', 5)":"Diputados","('0039-S-2018', 6)":"Diputados","('0039-S-2018', 7)":"Diputados","('0039-S-2018', 8)":"Diputados","('0039-S-2018', 9)":"Diputados"},"('Tramites', 'MOVIMIENTO')":{"('0039-S-2018', 0)":"CITACION SESION ESPECIAL CONJUNTAMENTE PARA LOS EXPEDIENTES 0039-S-2018, 0453-S-2017, 0621-S-2017, 1002-S-2018 y 1694-S-2018","('0039-S-2018', 1)":"MOCION ALTERACION DEL ORDEN DEL DIA PARA SER TRATADO EN PRIMER LUGAR (AFIRMATIVA) CONJUNTAMENTE PARA LOS EXPEDIENTES 0039-S-2018, 0453-S-2017, 0621-S-2017, 1002-S-2018 y 1694-S-2018","('0039-S-2018', 2)":"MOCION SOBRE TABLAS (AFIRMATIVA) CONJUNTAMENTE PARA LOS EXPEDIENTES 0039-S-2018, 0453-S-2017, 0621-S-2017, 1002-S-2018 y 1694-S-2018","('0039-S-2018', 3)":"CONSIDERACION Y APROBACION CON MODIFICACIONES CONJUNTAMENTE PARA LOS EXPEDIENTES 0039-S-2018, 0453-S-2017, 0621-S-2017, 1002-S-2018 y 1694-S-2018","('0039-S-2018', 4)":"INSERCIONES CONJUNTAMENTE PARA LOS EXPEDIENTES 0039-S-2018, 0453-S-2017, 0621-S-2017, 1002-S-2018 y 1694-S-2018","('0039-S-2018', 5)":"PASA A DIPUTADOS - CONJUNTAMENTE PARA LOS EXPEDIENTES 0039-S-2018, 0453-S-2017, 0621-S-2017, 1002-S-2018 y 1694-S-2018","('0039-S-2018', 6)":"CITACION SESION ESPECIAL CONJUNTAMENTE PARA LOS EXPEDIENTES 0039-S-2018, 0453-S-2017, 0621-S-2017, 1002-S-2018 y 1694-S-2018","('0039-S-2018', 7)":"MOCION TRATAMIENTO EN PRIMER LUGAR (AFIRMATIVA) CONJUNTAMENTE PARA LOS EXPEDIENTES 0039-S-2018, 0453-S-2017, 0621-S-2017, 1002-S-2018 y 1694-S-2018","('0039-S-2018', 8)":"CONSIDERACION Y SANCION CONJUNTAMENTE PARA LOS EXPEDIENTES 0039-S-2018, 0453-S-2017, 0621-S-2017, 1002-S-2018 y 1694-S-2018","('0039-S-2018', 9)":"INSERCIONES CONJUNTAMENTE PARA LOS EXPEDIENTES 0039-S-2018, 0453-S-2017, 0621-S-2017, 1002-S-2018 y 1694-S-2018"},"('Tramites', 'FECHA')":{"('0039-S-2018', 0)":"30\/05\/2018","('0039-S-2018', 1)":"30\/05\/2018","('0039-S-2018', 2)":"30\/05\/2018","('0039-S-2018', 3)":"30\/05\/2018","('0039-S-2018', 4)":"30\/05\/2018","('0039-S-2018', 5)":null,"('0039-S-2018', 6)":"04\/07\/2018","('0039-S-2018', 7)":"04\/07\/2018","('0039-S-2018', 8)":"04\/07\/2018","('0039-S-2018', 9)":"04\/07\/2018"},"('Tramites', 'RESULTADO')":{"('0039-S-2018', 0)":null,"('0039-S-2018', 1)":null,"('0039-S-2018', 2)":null,"('0039-S-2018', 3)":"MEDIA SANCION","('0039-S-2018', 4)":null,"('0039-S-2018', 5)":null,"('0039-S-2018', 6)":null,"('0039-S-2018', 7)":null,"('0039-S-2018', 8)":"SANCIONADO","('0039-S-2018', 9)":null},"Link":{"('0039-S-2018', 0)":"http:\/\/www.senado.gov.ar\/parlamentario\/comisiones\/verExp\/453.17\/S\/PL","('0039-S-2018', 1)":null,"('0039-S-2018', 2)":null,"('0039-S-2018', 3)":null,"('0039-S-2018', 4)":null,"('0039-S-2018', 5)":null,"('0039-S-2018', 6)":null,"('0039-S-2018', 7)":null,"('0039-S-2018', 8)":null,"('0039-S-2018', 9)":null},"Palabra Clave":{"('0039-S-2018', 0)":" ","('0039-S-2018', 1)":null,"('0039-S-2018', 2)":null,"('0039-S-2018', 3)":null,"('0039-S-2018', 4)":null,"('0039-S-2018', 5)":null,"('0039-S-2018', 6)":null,"('0039-S-2018', 7)":null,"('0039-S-2018', 8)":null,"('0039-S-2018', 9)":null}}