{"Tipo de Proyecto":{"('0040-D-2018', 0)":"PROYECTO DE LEY","('0040-D-2018', 1)":null,"('0040-D-2018', 2)":null},"Iniciado en: ":{"('0040-D-2018', 0)":"Diputados","('0040-D-2018', 1)":null,"('0040-D-2018', 2)":null},"Expediente Diputados: ":{"('0040-D-2018', 0)":"0040-D-2018","('0040-D-2018', 1)":null,"('0040-D-2018', 2)":null},"Publicado en: ":{"('0040-D-2018', 0)":"Tr\u00e1mite Parlamentario N\u00b0 1","('0040-D-2018', 1)":null,"('0040-D-2018', 2)":null},"Fecha: ":{"('0040-D-2018', 0)":"02\/03\/2018","('0040-D-2018', 1)":null,"('0040-D-2018', 2)":null},"T\u00edtulo":{"('0040-D-2018', 0)":"DESTINO DE BIENES RECUPERADOS DE DELITOS COMETIDOS POR CAUSAS DE CORRUPCION EN LA ADMINISTRACION PUBLICA. REGIMEN (REPRODUCCION DEL EXPEDIENTE 3900-D-16).","('0040-D-2018', 1)":null,"('0040-D-2018', 2)":null},"('Firmantes', 'FIRMANTE')":{"('0040-D-2018', 0)":"PRETTO, PEDRO JAVIER","('0040-D-2018', 1)":null,"('0040-D-2018', 2)":null},"('Firmantes', 'DISTRITO')":{"('0040-D-2018', 0)":"CORDOBA","('0040-D-2018', 1)":null,"('0040-D-2018', 2)":null},"('Firmantes', 'BLOQUE')":{"('0040-D-2018', 0)":"PRO","('0040-D-2018', 1)":null,"('0040-D-2018', 2)":null},"('Giros', 'COMISI\u00d3N')":{"('0040-D-2018', 0)":"LEGISLACION GENERAL","('0040-D-2018', 1)":"JUSTICIA","('0040-D-2018', 2)":"PRESUPUESTO Y HACIENDA"},"Sumario":{"('0040-D-2018', 0)":"FINANCIAMIENTO DE OBRAS DE INFRAESTRUCTURA EN SALUD PUBLICA, EDUCACION PUBLICA, E INFRAESTRUCTURA PARA ACTIVIDADES SOCIALES Y VIVIENDAS.","('0040-D-2018', 1)":null,"('0040-D-2018', 2)":null},"Palabra Clave":{"('0040-D-2018', 0)":" ","('0040-D-2018', 1)":null,"('0040-D-2018', 2)":null}}