{"Tipo de Proyecto":{"('0041-D-2018', 0)":"PROYECTO DE LEY"},"Iniciado en: ":{"('0041-D-2018', 0)":"Diputados"},"Expediente Diputados: ":{"('0041-D-2018', 0)":"0041-D-2018"},"Publicado en: ":{"('0041-D-2018', 0)":"Tr\u00e1mite Parlamentario N\u00b0 1"},"Fecha: ":{"('0041-D-2018', 0)":"02\/03\/2018"},"T\u00edtulo":{"('0041-D-2018', 0)":"TIEMPO MINIMO PARA LA NOMINACION DE CALLES, MONUMENTOS, ESPACIOS O LUGARES PUBLICOS. ESTABLECIMIENTO. MODIFICACION DE LA LEY 26794, MODIFICANDO EL NOMBRE DEL CENTRO CULTURAL PRESIDENTE DR. NESTOR CARLOS KIRCHNER (REPRODUCCION DEL EXPEDIENTE 5435-D-16)."},"('Firmantes', 'FIRMANTE')":{"('0041-D-2018', 0)":"PRETTO, PEDRO JAVIER"},"('Firmantes', 'DISTRITO')":{"('0041-D-2018', 0)":"CORDOBA"},"('Firmantes', 'BLOQUE')":{"('0041-D-2018', 0)":"PRO"},"('Giros', 'COMISI\u00d3N')":{"('0041-D-2018', 0)":"LEGISLACION GENERAL"},"Sumario":{"('0041-D-2018', 0)":"DEBEN TRANSCURRIR COMO MINIMO VEINTE (20) A\u00d1OS DESDE LA MUERTE DE LA PERSONA CUYO NOMBRE SE PROPICIA RECONOCER PUBLICAMENTE; MODIFICACION DEL ARTICULO 1 DE LA LEY 26794: CAMBIO DE NOMBRE POR EL DE 'CENTRO CULTURAL BICENTENARIO DE LA INDEPENDENCIA'."},"Palabra Clave":{"('0041-D-2018', 0)":" "}}