{"Tipo de Proyecto":{"('0042-D-2018', 0)":"PROYECTO DE RESOLUCI\u00d3N","('0042-D-2018', 1)":null,"('0042-D-2018', 2)":null},"Iniciado en: ":{"('0042-D-2018', 0)":"Diputados","('0042-D-2018', 1)":null,"('0042-D-2018', 2)":null},"Expediente Diputados: ":{"('0042-D-2018', 0)":"0042-D-2018","('0042-D-2018', 1)":null,"('0042-D-2018', 2)":null},"Publicado en: ":{"('0042-D-2018', 0)":"Tr\u00e1mite Parlamentario N\u00b0 1","('0042-D-2018', 1)":null,"('0042-D-2018', 2)":null},"Fecha: ":{"('0042-D-2018', 0)":"02\/03\/2018","('0042-D-2018', 1)":null,"('0042-D-2018', 2)":null},"T\u00edtulo":{"('0042-D-2018', 0)":"DECLARAR DE INTERES DE LA HONORABLE CAMARA LA OBRA TEATRAL \"LA REFORMA - OPERA ROCK\", DE HERNAN ESPINOSA Y EMMANUEL MILLAN, A ESTRENARSE EN EL MES DE MAYO DE 2018, EN LA CIUDAD DE CORDOBA.","('0042-D-2018', 1)":null,"('0042-D-2018', 2)":null},"('Firmantes', 'FIRMANTE')":{"('0042-D-2018', 0)":"CARRO, PABLO","('0042-D-2018', 1)":"ESTEVEZ, GABRIELA BEATRIZ","('0042-D-2018', 2)":"ALONSO, LAURA V."},"('Firmantes', 'DISTRITO')":{"('0042-D-2018', 0)":"CORDOBA","('0042-D-2018', 1)":"CORDOBA","('0042-D-2018', 2)":"BUENOS AIRES"},"('Firmantes', 'BLOQUE')":{"('0042-D-2018', 0)":"FRENTE PARA LA VICTORIA - PJ","('0042-D-2018', 1)":"FRENTE PARA LA VICTORIA - PJ","('0042-D-2018', 2)":"FRENTE PARA LA VICTORIA - PJ"},"('Giros', 'COMISI\u00d3N')":{"('0042-D-2018', 0)":"CULTURA","('0042-D-2018', 1)":null,"('0042-D-2018', 2)":null},"('Tramites', 'C\u00c1MARA')":{"('0042-D-2018', 0)":"Diputados","('0042-D-2018', 1)":"Diputados","('0042-D-2018', 2)":null},"('Tramites', 'MOVIMIENTO')":{"('0042-D-2018', 0)":"SOLICITUD DE SER COFIRMANTE DE LA DIPUTADA ALONSO, LAURA VALERIA (A SUS ANTECEDENTES)","('0042-D-2018', 1)":"APROBACION ARTICULO 114 DEL REGLAMENTO DE LA H CAMARA DE DIPUTADOS; COMUNICADO EL 06\/07\/2018","('0042-D-2018', 2)":null},"('Tramites', 'FECHA')":{"('0042-D-2018', 0)":null,"('0042-D-2018', 1)":null,"('0042-D-2018', 2)":null},"('Tramites', 'RESULTADO')":{"('0042-D-2018', 0)":null,"('0042-D-2018', 1)":"APROBADO","('0042-D-2018', 2)":null},"Link":{"('0042-D-2018', 0)":"https:\/\/www.hcdn.gob.ar\/proyectos\/textoCompleto.jsp?exp=0042-D-2018&tipo=RESOLUCION","('0042-D-2018', 1)":null,"('0042-D-2018', 2)":null},"Palabra Clave":{"('0042-D-2018', 0)":" ","('0042-D-2018', 1)":null,"('0042-D-2018', 2)":null}}