{"Tipo de Proyecto":{"('0043-S-2018', 0)":"PROYECTO DE LEY"},"Iniciado en: ":{"('0043-S-2018', 0)":"Senado"},"Expediente Senado: ":{"('0043-S-2018', 0)":"0043-S-2018"},"Publicado en: ":{"('0043-S-2018', 0)":"Diario de Asuntos Entrados N\u00b0 3"},"Fecha: ":{"('0043-S-2018', 0)":"05\/03\/2018"},"T\u00edtulo":{"('0043-S-2018', 0)":"MODIFICACION DE LA LEY 24522 DE CONCURSOS Y QUIEBRAS, EN LO RELATIVO AL INSTITUTO DEL ACUERDO PREVENTIVO EXTRAJUDICIAL (REPRODUCCION DEL EXPEDIENTE 2580-S-14) (REPRODUCCION DEL EXPEDIENTE 0362-S-16)."},"('Firmantes', 'FIRMANTE')":{"('0043-S-2018', 0)":"CREXELL, CARMEN LUCILA"},"('Firmantes', 'DISTRITO')":{"('0043-S-2018', 0)":"NEUQUEN"},"('Firmantes', 'BLOQUE')":{"('0043-S-2018', 0)":"MOV POP NEUQUINO"},"('Tramites', 'C\u00c1MARA')":{"('0043-S-2018', 0)":"Senado"},"('Tramites', 'MOVIMIENTO')":{"('0043-S-2018', 0)":"REPRODUCIDO POR EXPEDIENTE 0144-S-20"},"('Tramites', 'FECHA')":{"('0043-S-2018', 0)":null},"('Tramites', 'RESULTADO')":{"('0043-S-2018', 0)":null},"Sumario":{"('0043-S-2018', 0)":"MODIFICACION DE LOS ARTICULOS 72 (REQUISITOS PARA LA HOMOLOGACION), 74 (PUBLICIDAD. NOTIFICACION A LOS ACREEDORES), 75 (OPOSICION AL ACUERDO), 76 (EFECTOS DE LA HOMOLOGACION), 76 BIS (INADMISIBILIDAD DE NUEVOS PEDIDOS)."},"Palabra Clave":{"('0043-S-2018', 0)":" "}}