{"Tipo de Proyecto":{"('0044-S-2018', 0)":"MENSAJE NRO: 0052\/18 Y PROYECTO DE LEY","('0044-S-2018', 1)":null,"('0044-S-2018', 2)":null,"('0044-S-2018', 3)":null,"('0044-S-2018', 4)":null,"('0044-S-2018', 5)":null},"Iniciado en: ":{"('0044-S-2018', 0)":"Senado","('0044-S-2018', 1)":null,"('0044-S-2018', 2)":null,"('0044-S-2018', 3)":null,"('0044-S-2018', 4)":null,"('0044-S-2018', 5)":null},"Expediente Diputados: ":{"('0044-S-2018', 0)":"0044-S-2018","('0044-S-2018', 1)":null,"('0044-S-2018', 2)":null,"('0044-S-2018', 3)":null,"('0044-S-2018', 4)":null,"('0044-S-2018', 5)":null},"Expediente Senado: ":{"('0044-S-2018', 0)":"0096-PE-2018","('0044-S-2018', 1)":null,"('0044-S-2018', 2)":null,"('0044-S-2018', 3)":null,"('0044-S-2018', 4)":null,"('0044-S-2018', 5)":null},"Publicado en: ":{"('0044-S-2018', 0)":"Diario de Asuntos Entrados N\u00b0 45","('0044-S-2018', 1)":null,"('0044-S-2018', 2)":null,"('0044-S-2018', 3)":null,"('0044-S-2018', 4)":null,"('0044-S-2018', 5)":null},"Fecha: ":{"('0044-S-2018', 0)":"06\/04\/2018","('0044-S-2018', 1)":null,"('0044-S-2018', 2)":null,"('0044-S-2018', 3)":null,"('0044-S-2018', 4)":null,"('0044-S-2018', 5)":null},"T\u00edtulo":{"('0044-S-2018', 0)":"LEY DE FOMENTO DE DESPLIEGUE DE INFRAESTRUCTURA Y LA COMPETENCIA DE TECNOLOGIAS DE LA INFORMACION Y LAS COMUNICACIONES (TICS): MODIFICACION DE LA LEYES 27208 (LEY DE DESARROLLO DE LA INDUSTRIA SATELITAL), 27078 (ARGENTINA DIGITAL) Y 26522 (SERVICIOS DE COMUNICACION AUDIOVISUAL).","('0044-S-2018', 1)":null,"('0044-S-2018', 2)":null,"('0044-S-2018', 3)":null,"('0044-S-2018', 4)":null,"('0044-S-2018', 5)":null},"('Firmantes', 'FIRMANTE')":{"('0044-S-2018', 0)":"MACRI, MAURICIO","('0044-S-2018', 1)":"PE\u00d1A, MARCOS","('0044-S-2018', 2)":"IBARRA, ANDRES HORACIO","('0044-S-2018', 3)":null,"('0044-S-2018', 4)":null,"('0044-S-2018', 5)":null},"('Firmantes', 'DISTRITO')":{"('0044-S-2018', 0)":null,"('0044-S-2018', 1)":null,"('0044-S-2018', 2)":null,"('0044-S-2018', 3)":null,"('0044-S-2018', 4)":null,"('0044-S-2018', 5)":null},"('Firmantes', 'BLOQUE')":{"('0044-S-2018', 0)":"PODER EJECUTIVO","('0044-S-2018', 1)":"PODER EJECUTIVO","('0044-S-2018', 2)":"PODER EJECUTIVO","('0044-S-2018', 3)":null,"('0044-S-2018', 4)":null,"('0044-S-2018', 5)":null},"('Giros', 'COMISI\u00d3N')":{"('0044-S-2018', 0)":"COMUNICACIONES E INFORMATICA","('0044-S-2018', 1)":"PRESUPUESTO Y HACIENDA","('0044-S-2018', 2)":null,"('0044-S-2018', 3)":null,"('0044-S-2018', 4)":null,"('0044-S-2018', 5)":null},"('Tramites', 'C\u00c1MARA')":{"('0044-S-2018', 0)":"Senado","('0044-S-2018', 1)":"Senado","('0044-S-2018', 2)":"Senado","('0044-S-2018', 3)":"Diputados","('0044-S-2018', 4)":"Diputados","('0044-S-2018', 5)":"Diputados"},"('Tramites', 'MOVIMIENTO')":{"('0044-S-2018', 0)":"MOCION DE AMPLIACION DE GIRO A LA COMISION DE EDUCACION Y CULTURA (AFIRMATIVO)","('0044-S-2018', 1)":"CONSIDERACION Y APROBACION CON MODIFICACIONES","('0044-S-2018', 2)":"INSERCIONES","('0044-S-2018', 3)":"PASA A DIPUTADOS -","('0044-S-2018', 4)":"DIPUTADO ZILIOTTO SOLICITA DEVOLUCION AL H SENADO DEL PROYECTO (A LA PRESIDENCIA) (POR DISPOSICION DEL PRESIDENTE DE LA H. CAMARA SE GIRA A LA COMISION DE ASUNTOS CONSTITUCIONALES)","('0044-S-2018', 5)":"DIPUTADO CARRO Y OTROS SOLICITAN DEVOLUCION AL H SENADO DEL PROYECTO (A LA PRESIDENCIA)"},"('Tramites', 'FECHA')":{"('0044-S-2018', 0)":"18\/04\/2018","('0044-S-2018', 1)":"04\/07\/2018","('0044-S-2018', 2)":"04\/07\/2018","('0044-S-2018', 3)":null,"('0044-S-2018', 4)":null,"('0044-S-2018', 5)":null},"('Tramites', 'RESULTADO')":{"('0044-S-2018', 0)":null,"('0044-S-2018', 1)":"MEDIA SANCION","('0044-S-2018', 2)":null,"('0044-S-2018', 3)":null,"('0044-S-2018', 4)":null,"('0044-S-2018', 5)":null},"Sumario":{"('0044-S-2018', 0)":"INFRAESTRUCTURA DE TELECOMUNICACIONES; INCORPORACION DE LOS ARTICULOS 40 BIS, 40 TER A LA LEY 27078; MODIFICACION DEL ARTICULO 11 DE LA LEY 27208; RADIODIFUSION POR SUSCRIPCION: MODIFICACION DE LOS ARTICULOS 6,9, 10, 94 Y 95 DE LA LEY 27078; DEROGACION EL APARTADO A) DEL INCISO 1 DEL ARTICULO 45 (MULTIPLICIDAD DE LICENCIAS EN EL ORDEN NACIONAL) Y LOS ARTICULOS 38 (ADJUDICACION PARA SERVICIOS DE RADIODIFUSION POR SUSCRIPCION CON USO DE SOPORTE SATELITAL.) Y 46 (NO CONCURRENCIA) DE LA LEY 26522; LOS INCISOS B) Y C) DEL ARTICULO 6 Y EL APARTADO III) DEL ARTICULO 96 DE LA LEY 27078 Y EL ANEXO II DE LA LEY 27208.","('0044-S-2018', 1)":null,"('0044-S-2018', 2)":null,"('0044-S-2018', 3)":null,"('0044-S-2018', 4)":null,"('0044-S-2018', 5)":null},"Palabra Clave":{"('0044-S-2018', 0)":" ","('0044-S-2018', 1)":null,"('0044-S-2018', 2)":null,"('0044-S-2018', 3)":null,"('0044-S-2018', 4)":null,"('0044-S-2018', 5)":null}}