{"Tipo de Proyecto":{"('0044-D-2018', 0)":"PROYECTO DE LEY","('0044-D-2018', 1)":null},"Iniciado en: ":{"('0044-D-2018', 0)":"Diputados","('0044-D-2018', 1)":null},"Expediente Diputados: ":{"('0044-D-2018', 0)":"0044-D-2018","('0044-D-2018', 1)":null},"Publicado en: ":{"('0044-D-2018', 0)":"Tr\u00e1mite Parlamentario N\u00b0 1","('0044-D-2018', 1)":null},"Fecha: ":{"('0044-D-2018', 0)":"02\/03\/2018","('0044-D-2018', 1)":null},"T\u00edtulo":{"('0044-D-2018', 0)":"SISTEMA NACIONAL DE CIENCIA, TECNOLOGIA E INNOVACION - LEY 25467 - MODIFICACION DE LOS ARTICULOS 10 Y 11 E INCORPORACION DEL ARTICULO 10 BIS, SOBRE CREACION DEL CONSEJO FEDERAL DE CIENCIA, TECNOLOGIA E INNOVACION - COFECYT -.  FUNCIONES Y ASESORAMIENTO A LAS COMISIONES DE CIENCIA, TECNOLOGIA E INNOVACION PRODUCTIVA DEL H. CONGRESO, RESPECTIVAMENTE. ","('0044-D-2018', 1)":null},"('Firmantes', 'FIRMANTE')":{"('0044-D-2018', 0)":"CASTRO, SANDRA DANIELA","('0044-D-2018', 1)":null},"('Firmantes', 'DISTRITO')":{"('0044-D-2018', 0)":"SAN JUAN","('0044-D-2018', 1)":null},"('Firmantes', 'BLOQUE')":{"('0044-D-2018', 0)":"FRENTE PARA LA VICTORIA - PJ","('0044-D-2018', 1)":null},"('Giros', 'COMISI\u00d3N')":{"('0044-D-2018', 0)":"CIENCIA, TECNOLOGIA E INNOVACION PRODUCTIVA","('0044-D-2018', 1)":"PRESUPUESTO Y HACIENDA"},"Sumario":{"('0044-D-2018', 0)":"MODIFICACION DEL ARTICULO 10 (CREACION DEL CONSEJO FEDERAL DE CIENCIA, TECNOLOGIA E INNOVACION: INTEGRACION, FUNCIONES, FACULTADES ORGANIZATIVAS Y REGLAMENTARIAS, DURACION DEL MANDATO DEL PRESIDENTE); INCORPORACION DEL ARTICULO 10 BIS (FUNCIONES DEL PRESIDENTE DEL COFECYT) Y DE INCISO E) AL ARTICULO 11 (FUNCIONES DEL CONSEJO FEDERAL: ASESORAR A LAS COMISIONES DE CIENCIA, TECNOLOGIA E INNOVACION PRODUCTIVA DEL CONGRESO DE LA NACION)","('0044-D-2018', 1)":null},"Palabra Clave":{"('0044-D-2018', 0)":" ","('0044-D-2018', 1)":null}}