{"Tipo de Proyecto":{"('0046-OV-2018', 0)":"PROYECTO DE RESOLUCI\u00d3N"},"Iniciado en: ":{"('0046-OV-2018', 0)":"Senado"},"Expediente Senado: ":{"('0046-OV-2018', 0)":"0046-OV-2018"},"Publicado en: ":{"('0046-OV-2018', 0)":"Diario de Asuntos Entrados N\u00b0 0"},"Fecha: ":{"('0046-OV-2018', 0)":"11\/09\/2018"},"T\u00edtulo":{"('0046-OV-2018', 0)":"PEDIDO DE INFORMES AL PODER EJECUTIVO SOBRE LAS MEDIDAS ADOPTADAS PARA REGULARIZAR LAS SITUACIONES OBSERVADAS POR LA AUDITORIA GENERAL DE LA NACION REFERIDA A LOS ESTADOS CONTABLES DE SOCIEDAD DEL ESTADO CASA DE MONEDA EJERCICIO FINALIZADO EL 31\/12\/2015."},"('Firmantes', 'FIRMANTE')":{"('0046-OV-2018', 0)":"PARLAMENTARIA MIXTA REVISORA DE CUENTAS"},"('Firmantes', 'DISTRITO')":{"('0046-OV-2018', 0)":null},"('Firmantes', 'BLOQUE')":{"('0046-OV-2018', 0)":null},"Link":{"('0046-OV-2018', 0)":"http:\/\/www.senado.gov.ar\/parlamentario\/comisiones\/verExp\/46.18\/OV\/PR"},"Palabra Clave":{"('0046-OV-2018', 0)":" "}}