{"Tipo de Proyecto":{"('0046-D-2018', 0)":"PROYECTO DE LEY"},"Iniciado en: ":{"('0046-D-2018', 0)":"Diputados"},"Expediente Diputados: ":{"('0046-D-2018', 0)":"0046-D-2018"},"Publicado en: ":{"('0046-D-2018', 0)":"Tr\u00e1mite Parlamentario N\u00b0 1"},"Fecha: ":{"('0046-D-2018', 0)":"02\/03\/2018"},"T\u00edtulo":{"('0046-D-2018', 0)":"ACADEMIA NACIONAL DE ODONTOLOGIA - LEY 25202 -. MODIFICACION DEL ARTICULO 2\u00b0, SOBRE SU INCLUSION DENTRO DEL REGIMEN DE CONTRIBUCIONES Y SUBSIDIOS PREVISTOS PARA LAS ACADEMIAS NACIONALES. "},"('Firmantes', 'FIRMANTE')":{"('0046-D-2018', 0)":"CASTRO, SANDRA DANIELA"},"('Firmantes', 'DISTRITO')":{"('0046-D-2018', 0)":"SAN JUAN"},"('Firmantes', 'BLOQUE')":{"('0046-D-2018', 0)":"FRENTE PARA LA VICTORIA - PJ"},"('Giros', 'COMISI\u00d3N')":{"('0046-D-2018', 0)":"PRESUPUESTO Y HACIENDA"},"Link":{"('0046-D-2018', 0)":"https:\/\/www.hcdn.gob.ar\/proyectos\/textoCompleto.jsp?exp=0046-D-2018&tipo=LEY"},"Palabra Clave":{"('0046-D-2018', 0)":" "}}