{"Tipo de Proyecto":{"('0047-S-2018', 0)":"PROYECTO DE LEY","('0047-S-2018', 1)":null,"('0047-S-2018', 2)":null},"Iniciado en: ":{"('0047-S-2018', 0)":"Senado","('0047-S-2018', 1)":null,"('0047-S-2018', 2)":null},"Expediente Diputados: ":{"('0047-S-2018', 0)":"0047-S-2018","('0047-S-2018', 1)":null,"('0047-S-2018', 2)":null},"Expediente Senado: ":{"('0047-S-2018', 0)":"1142-S-2018","('0047-S-2018', 1)":null,"('0047-S-2018', 2)":null},"Publicado en: ":{"('0047-S-2018', 0)":"Diario de Asuntos Entrados N\u00b0 56","('0047-S-2018', 1)":null,"('0047-S-2018', 2)":null},"Fecha: ":{"('0047-S-2018', 0)":"18\/04\/2018","('0047-S-2018', 1)":null,"('0047-S-2018', 2)":null},"T\u00edtulo":{"('0047-S-2018', 0)":"DIA NACIONAL DE LA ADOPCION.","('0047-S-2018', 1)":null,"('0047-S-2018', 2)":null},"('Firmantes', 'FIRMANTE')":{"('0047-S-2018', 0)":"ROZAS, ANGEL","('0047-S-2018', 1)":null,"('0047-S-2018', 2)":null},"('Firmantes', 'DISTRITO')":{"('0047-S-2018', 0)":"CHACO","('0047-S-2018', 1)":null,"('0047-S-2018', 2)":null},"('Firmantes', 'BLOQUE')":{"('0047-S-2018', 0)":"UCR","('0047-S-2018', 1)":null,"('0047-S-2018', 2)":null},"('Giros', 'COMISI\u00d3N')":{"('0047-S-2018', 0)":"LEGISLACION GENERAL","('0047-S-2018', 1)":"FAMILIA, MUJER, NI\u00d1EZ Y ADOLESCENCIA","('0047-S-2018', 2)":null},"('Tramites', 'C\u00c1MARA')":{"('0047-S-2018', 0)":"Senado","('0047-S-2018', 1)":"Senado","('0047-S-2018', 2)":"Diputados"},"('Tramites', 'MOVIMIENTO')":{"('0047-S-2018', 0)":"MOCION SOBRE TABLAS (AFIRMATIVA)","('0047-S-2018', 1)":"CONSIDERACION Y APROBACION","('0047-S-2018', 2)":"PASA A DIPUTADOS -"},"('Tramites', 'FECHA')":{"('0047-S-2018', 0)":"04\/07\/2018","('0047-S-2018', 1)":"04\/07\/2018","('0047-S-2018', 2)":null},"('Tramites', 'RESULTADO')":{"('0047-S-2018', 0)":null,"('0047-S-2018', 1)":"MEDIA SANCION","('0047-S-2018', 2)":null},"Sumario":{"('0047-S-2018', 0)":"INSTITUIR EL 15 DE SEPTIEMBRE DE CADA DE A\u00d1O COMO DIA NACIONAL DE LA ADOPCION.","('0047-S-2018', 1)":null,"('0047-S-2018', 2)":null},"Palabra Clave":{"('0047-S-2018', 0)":" ","('0047-S-2018', 1)":null,"('0047-S-2018', 2)":null}}