{"Tipo de Proyecto":{"('0047-D-2018', 0)":"PROYECTO DE LEY","('0047-D-2018', 1)":null},"Iniciado en: ":{"('0047-D-2018', 0)":"Diputados","('0047-D-2018', 1)":null},"Expediente Diputados: ":{"('0047-D-2018', 0)":"0047-D-2018","('0047-D-2018', 1)":null},"Publicado en: ":{"('0047-D-2018', 0)":"Tr\u00e1mite Parlamentario N\u00b0 1","('0047-D-2018', 1)":null},"Fecha: ":{"('0047-D-2018', 0)":"02\/03\/2018","('0047-D-2018', 1)":null},"T\u00edtulo":{"('0047-D-2018', 0)":"IMPLEMENTACION DE LACTARIOS EN EL AMBITO DE ORGANISMOS PUBLICOS. REGIMEN. ","('0047-D-2018', 1)":null},"('Firmantes', 'FIRMANTE')":{"('0047-D-2018', 0)":"CASTRO, SANDRA DANIELA","('0047-D-2018', 1)":null},"('Firmantes', 'DISTRITO')":{"('0047-D-2018', 0)":"SAN JUAN","('0047-D-2018', 1)":null},"('Firmantes', 'BLOQUE')":{"('0047-D-2018', 0)":"FRENTE PARA LA VICTORIA - PJ","('0047-D-2018', 1)":null},"('Giros', 'COMISI\u00d3N')":{"('0047-D-2018', 0)":"FAMILIA, MUJER, NI\u00d1EZ Y ADOLESCENCIA","('0047-D-2018', 1)":"PRESUPUESTO Y HACIENDA"},"Sumario":{"('0047-D-2018', 0)":"DEFINICION DE LACTARIO; AUTORIDAD DE APLICACION: MINISTERIO DE SALUD; FUNCIONES DE LA AUTORIDAD DE APLICACION","('0047-D-2018', 1)":null},"Palabra Clave":{"('0047-D-2018', 0)":" ","('0047-D-2018', 1)":null}}