{"Tipo de Proyecto":{"('0048-S-2018', 0)":"PROYECTO DE LEY"},"Iniciado en: ":{"('0048-S-2018', 0)":"Senado"},"Expediente Senado: ":{"('0048-S-2018', 0)":"0048-S-2018"},"Publicado en: ":{"('0048-S-2018', 0)":"Diario de Asuntos Entrados N\u00b0 3"},"Fecha: ":{"('0048-S-2018', 0)":"05\/03\/2018"},"T\u00edtulo":{"('0048-S-2018', 0)":"PROTECCION DE LOS ANIMALES DE EXPERIMENTACIONES. "},"('Firmantes', 'FIRMANTE')":{"('0048-S-2018', 0)":"COBOS, JULIO CESAR CLETO"},"('Firmantes', 'DISTRITO')":{"('0048-S-2018', 0)":"MENDOZA"},"('Firmantes', 'BLOQUE')":{"('0048-S-2018', 0)":"UCR"},"Sumario":{"('0048-S-2018', 0)":"OBJETO; AMBITO DE APLICACION; DEFINICIONES; ESPECIES ANIMALES DE EXPERIMENTACION; PROHIBICION DE UTILIZACION DE DETERMINADOS ANIMALES; PROCEDIMIENTOS EXPERIMENTALES; FINALIDADES; CONDICIONES; PROHIBICIONES; EJECUCION Y  SELECCION DE LOS PROCEDIMIENTOS EXPERIMENTALES; PROCEDIMIENTOS EXPERIMENTALES CON FINALIDADES EDUCATIVAS; ELIMINACION DEL DOLOR; UTILIZACION DE ANIMALES EN MAS DE UN PROCEDIMIENTO EXPERIMENTAL; REQUISITOS GENERALES DE LOS BIOTERIOS; CREACION, FUNCION Y COMPOSICION DE DE LA COMISION NACIONAL DE ANIMALES DE EXPERIMENTACION; REGIMEN DE AUTORIZACIONES Y DE CONTROL; RESPONSABLE DEL PROYECTO; LUGAR DE EJECUCION DEL PROYECTO; LICENCIA; REGISTRO NACIONAL DE BIOTERIOS; CREACION DEL REGISTRO NACIONAL DE CONTROL DE ANIMALES;  CREACION DEL COMITE NACIONAL DE DE BIOETICA ANIMAL; REGIMEN SANCIONATORIO; TIPIFICACION DE LAS SANCIONES; PRESCRIPCION; SANCIONES Y MULTAS; DESTINO DE LAS MULTAS APLICADAS. INVITACION A ADHERIR."},"Palabra Clave":{"('0048-S-2018', 0)":" "}}