{"Tipo de Proyecto":{"('0048-D-2018', 0)":"PROYECTO DE RESOLUCI\u00d3N","('0048-D-2018', 1)":null,"('0048-D-2018', 2)":null,"('0048-D-2018', 3)":null,"('0048-D-2018', 4)":null,"('0048-D-2018', 5)":null,"('0048-D-2018', 6)":null,"('0048-D-2018', 7)":null},"Iniciado en: ":{"('0048-D-2018', 0)":"Diputados","('0048-D-2018', 1)":null,"('0048-D-2018', 2)":null,"('0048-D-2018', 3)":null,"('0048-D-2018', 4)":null,"('0048-D-2018', 5)":null,"('0048-D-2018', 6)":null,"('0048-D-2018', 7)":null},"Expediente Diputados: ":{"('0048-D-2018', 0)":"0048-D-2018","('0048-D-2018', 1)":null,"('0048-D-2018', 2)":null,"('0048-D-2018', 3)":null,"('0048-D-2018', 4)":null,"('0048-D-2018', 5)":null,"('0048-D-2018', 6)":null,"('0048-D-2018', 7)":null},"Publicado en: ":{"('0048-D-2018', 0)":"Tr\u00e1mite Parlamentario N\u00b0 1","('0048-D-2018', 1)":null,"('0048-D-2018', 2)":null,"('0048-D-2018', 3)":null,"('0048-D-2018', 4)":null,"('0048-D-2018', 5)":null,"('0048-D-2018', 6)":null,"('0048-D-2018', 7)":null},"Fecha: ":{"('0048-D-2018', 0)":"02\/03\/2018","('0048-D-2018', 1)":null,"('0048-D-2018', 2)":null,"('0048-D-2018', 3)":null,"('0048-D-2018', 4)":null,"('0048-D-2018', 5)":null,"('0048-D-2018', 6)":null,"('0048-D-2018', 7)":null},"T\u00edtulo":{"('0048-D-2018', 0)":"EXPRESAR REPUDIO Y PREOCUPACION POR LOS DESPIDOS DE TRABAJADORES DEL INSTITUTO NACIONAL DE TECNOLOGIA INDUSTRIAL -INTI-, OCURRIDOS DURANTE EL MES DE ENERO DE 2018.","('0048-D-2018', 1)":null,"('0048-D-2018', 2)":null,"('0048-D-2018', 3)":null,"('0048-D-2018', 4)":null,"('0048-D-2018', 5)":null,"('0048-D-2018', 6)":null,"('0048-D-2018', 7)":null},"('Firmantes', 'FIRMANTE')":{"('0048-D-2018', 0)":"MOREAU, CECILIA","('0048-D-2018', 1)":"VAZQUEZ, JUAN BENEDICTO","('0048-D-2018', 2)":"PITIOT, CARLA BETINA","('0048-D-2018', 3)":"DE PONTI, LUCILA MARIA","('0048-D-2018', 4)":"MU\u00d1OZ, ROSA ROSARIO","('0048-D-2018', 5)":"SOLA, FELIPE CARLOS","('0048-D-2018', 6)":"DEL CA\u00d1O, NICOLAS","('0048-D-2018', 7)":"GONZALEZ SELIGRA, NATHALIA INES"},"('Firmantes', 'DISTRITO')":{"('0048-D-2018', 0)":"BUENOS AIRES","('0048-D-2018', 1)":"SANTA CRUZ","('0048-D-2018', 2)":"CIUDAD de BUENOS AIRES","('0048-D-2018', 3)":"SANTA FE","('0048-D-2018', 4)":"CHUBUT","('0048-D-2018', 5)":"BUENOS AIRES","('0048-D-2018', 6)":"BUENOS AIRES","('0048-D-2018', 7)":"BUENOS AIRES"},"('Firmantes', 'BLOQUE')":{"('0048-D-2018', 0)":"FEDERAL UNIDOS POR UNA NUEVA ARGENTINA","('0048-D-2018', 1)":"FRENTE PARA LA VICTORIA - PJ","('0048-D-2018', 2)":"FEDERAL UNIDOS POR UNA NUEVA ARGENTINA","('0048-D-2018', 3)":"PERONISMO PARA LA VICTORIA","('0048-D-2018', 4)":"TRABAJO Y DIGNIDAD","('0048-D-2018', 5)":"FEDERAL UNIDOS POR UNA NUEVA ARGENTINA","('0048-D-2018', 6)":"PTS - FRENTE DE IZQUIERDA","('0048-D-2018', 7)":"PTS - FRENTE DE IZQUIERDA"},"('Giros', 'COMISI\u00d3N')":{"('0048-D-2018', 0)":"LEGISLACION DEL TRABAJO","('0048-D-2018', 1)":null,"('0048-D-2018', 2)":null,"('0048-D-2018', 3)":null,"('0048-D-2018', 4)":null,"('0048-D-2018', 5)":null,"('0048-D-2018', 6)":null,"('0048-D-2018', 7)":null},"('Tramites', 'C\u00c1MARA')":{"('0048-D-2018', 0)":"Diputados","('0048-D-2018', 1)":null,"('0048-D-2018', 2)":null,"('0048-D-2018', 3)":null,"('0048-D-2018', 4)":null,"('0048-D-2018', 5)":null,"('0048-D-2018', 6)":null,"('0048-D-2018', 7)":null},"('Tramites', 'MOVIMIENTO')":{"('0048-D-2018', 0)":"SOLICITUD DE SER COFIRMANTES DE LOS DIPUTADOS DEL CA\u00d1O Y GONZALEZ SELIGRA (A SUS ANTECEDENTES)","('0048-D-2018', 1)":null,"('0048-D-2018', 2)":null,"('0048-D-2018', 3)":null,"('0048-D-2018', 4)":null,"('0048-D-2018', 5)":null,"('0048-D-2018', 6)":null,"('0048-D-2018', 7)":null},"('Tramites', 'FECHA')":{"('0048-D-2018', 0)":null,"('0048-D-2018', 1)":null,"('0048-D-2018', 2)":null,"('0048-D-2018', 3)":null,"('0048-D-2018', 4)":null,"('0048-D-2018', 5)":null,"('0048-D-2018', 6)":null,"('0048-D-2018', 7)":null},"('Tramites', 'RESULTADO')":{"('0048-D-2018', 0)":null,"('0048-D-2018', 1)":null,"('0048-D-2018', 2)":null,"('0048-D-2018', 3)":null,"('0048-D-2018', 4)":null,"('0048-D-2018', 5)":null,"('0048-D-2018', 6)":null,"('0048-D-2018', 7)":null},"Link":{"('0048-D-2018', 0)":"https:\/\/www.hcdn.gob.ar\/proyectos\/textoCompleto.jsp?exp=0048-D-2018&tipo=RESOLUCION","('0048-D-2018', 1)":null,"('0048-D-2018', 2)":null,"('0048-D-2018', 3)":null,"('0048-D-2018', 4)":null,"('0048-D-2018', 5)":null,"('0048-D-2018', 6)":null,"('0048-D-2018', 7)":null},"Palabra Clave":{"('0048-D-2018', 0)":" ","('0048-D-2018', 1)":null,"('0048-D-2018', 2)":null,"('0048-D-2018', 3)":null,"('0048-D-2018', 4)":null,"('0048-D-2018', 5)":null,"('0048-D-2018', 6)":null,"('0048-D-2018', 7)":null}}