{"Tipo de Proyecto":{"('0049-S-2018', 0)":"PROYECTO DE DECLARACI\u00d3N","('0049-S-2018', 1)":null},"Iniciado en: ":{"('0049-S-2018', 0)":"Senado","('0049-S-2018', 1)":null},"Expediente Senado: ":{"('0049-S-2018', 0)":"0049-S-2018","('0049-S-2018', 1)":null},"Publicado en: ":{"('0049-S-2018', 0)":"Diario de Asuntos Entrados N\u00b0 3","('0049-S-2018', 1)":null},"Fecha: ":{"('0049-S-2018', 0)":"02\/03\/2018","('0049-S-2018', 1)":null},"T\u00edtulo":{"('0049-S-2018', 0)":"DECLARAR DE INTERES EL VII CONGRESO NACIONAL Y V INTERNACIONAL DE INVESTIGACION EDUCATIVA \"POLITICAS Y PRACTICAS DE PRODUCCION Y CIRCULACION DE CONOCIMIENTO, A REALIZARSE EN LA CIUDAD DE CIPOLLETTI, PROVINCIA DE RIO NEGRO DEL 18 AL 20 DE ABRIL DE 2018.","('0049-S-2018', 1)":null},"('Firmantes', 'FIRMANTE')":{"('0049-S-2018', 0)":"GARCIA LARRABURU, SILVINA MARCELA","('0049-S-2018', 1)":null},"('Firmantes', 'DISTRITO')":{"('0049-S-2018', 0)":"RIO NEGRO","('0049-S-2018', 1)":null},"('Firmantes', 'BLOQUE')":{"('0049-S-2018', 0)":"JUSTICIALISTA","('0049-S-2018', 1)":null},"('Tramites', 'C\u00c1MARA')":{"('0049-S-2018', 0)":"Senado","('0049-S-2018', 1)":"Senado"},"('Tramites', 'MOVIMIENTO')":{"('0049-S-2018', 0)":"MOCION SOBRE TABLAS (AFIRMATIVA)","('0049-S-2018', 1)":"CONSIDERACION Y APROBACION"},"('Tramites', 'FECHA')":{"('0049-S-2018', 0)":"21\/03\/2018","('0049-S-2018', 1)":"21\/03\/2018"},"('Tramites', 'RESULTADO')":{"('0049-S-2018', 0)":null,"('0049-S-2018', 1)":"APROBADO"},"Link":{"('0049-S-2018', 0)":"http:\/\/www.senado.gov.ar\/parlamentario\/comisiones\/verExp\/49.18\/S\/PD","('0049-S-2018', 1)":null},"Palabra Clave":{"('0049-S-2018', 0)":" ","('0049-S-2018', 1)":null}}