{"Tipo de Proyecto":{"('0051-S-2018', 0)":"PROYECTO DE LEY"},"Iniciado en: ":{"('0051-S-2018', 0)":"Senado"},"Expediente Senado: ":{"('0051-S-2018', 0)":"0051-S-2018"},"Publicado en: ":{"('0051-S-2018', 0)":"Diario de Asuntos Entrados N\u00b0 3"},"Fecha: ":{"('0051-S-2018', 0)":"05\/03\/2018"},"T\u00edtulo":{"('0051-S-2018', 0)":"ESTABLECER UN REGIMEN JUBILATORIO DIFERENCIAL PARA LOS CUERPOS ESTABLES ESTATALES DE BAILARINAS Y BAILARINES (REPRODUCCION DEL EXPEDIENTE 1200-S-16)."},"('Firmantes', 'FIRMANTE')":{"('0051-S-2018', 0)":"DURANGO, NORMA HAYDEE"},"('Firmantes', 'DISTRITO')":{"('0051-S-2018', 0)":"LA PAMPA"},"('Firmantes', 'BLOQUE')":{"('0051-S-2018', 0)":"PARTIDO JUSTICIALISTA LA PAMPA"},"('Tramites', 'C\u00c1MARA')":{"('0051-S-2018', 0)":"Senado"},"('Tramites', 'MOVIMIENTO')":{"('0051-S-2018', 0)":"REPRODUCIDO POR EXPEDIENTE 0098-S-20"},"('Tramites', 'FECHA')":{"('0051-S-2018', 0)":null},"('Tramites', 'RESULTADO')":{"('0051-S-2018', 0)":null},"Sumario":{"('0051-S-2018', 0)":"REQUISITOS: 20 A\u00d1OS DE ACTUACION Y 40 A\u00d1OS DE EDAD."},"Palabra Clave":{"('0051-S-2018', 0)":" "}}