{"Tipo de Proyecto":{"('0052-D-2018', 0)":"PROYECTO DE RESOLUCI\u00d3N","('0052-D-2018', 1)":null,"('0052-D-2018', 2)":null,"('0052-D-2018', 3)":null},"Iniciado en: ":{"('0052-D-2018', 0)":"Diputados","('0052-D-2018', 1)":null,"('0052-D-2018', 2)":null,"('0052-D-2018', 3)":null},"Expediente Diputados: ":{"('0052-D-2018', 0)":"0052-D-2018","('0052-D-2018', 1)":null,"('0052-D-2018', 2)":null,"('0052-D-2018', 3)":null},"Publicado en: ":{"('0052-D-2018', 0)":"Tr\u00e1mite Parlamentario N\u00b0 1","('0052-D-2018', 1)":null,"('0052-D-2018', 2)":null,"('0052-D-2018', 3)":null},"Fecha: ":{"('0052-D-2018', 0)":"02\/03\/2018","('0052-D-2018', 1)":null,"('0052-D-2018', 2)":null,"('0052-D-2018', 3)":null},"T\u00edtulo":{"('0052-D-2018', 0)":"EXPRESAR REPUDIO POR LOS RECORTES PRESUPUESTARIOS EN EL PLAN PROGRESAR, DEMAS PROGRAMAS SOCIOEDUCATIVOS Y OTRAS AREAS EN EDUCACION.","('0052-D-2018', 1)":null,"('0052-D-2018', 2)":null,"('0052-D-2018', 3)":null},"('Firmantes', 'FIRMANTE')":{"('0052-D-2018', 0)":"DE PONTI, LUCILA MARIA","('0052-D-2018', 1)":"FERREYRA, ARACELI","('0052-D-2018', 2)":"HORNE, SILVIA RENEE","('0052-D-2018', 3)":"GROSSO, LEONARDO"},"('Firmantes', 'DISTRITO')":{"('0052-D-2018', 0)":"SANTA FE","('0052-D-2018', 1)":"CORRIENTES","('0052-D-2018', 2)":"RIO NEGRO","('0052-D-2018', 3)":"BUENOS AIRES"},"('Firmantes', 'BLOQUE')":{"('0052-D-2018', 0)":"PERONISMO PARA LA VICTORIA","('0052-D-2018', 1)":"PERONISMO PARA LA VICTORIA","('0052-D-2018', 2)":"PERONISMO PARA LA VICTORIA","('0052-D-2018', 3)":"PERONISMO PARA LA VICTORIA"},"('Giros', 'COMISI\u00d3N')":{"('0052-D-2018', 0)":"EDUCACION","('0052-D-2018', 1)":null,"('0052-D-2018', 2)":null,"('0052-D-2018', 3)":null},"('Tramites', 'C\u00c1MARA')":{"('0052-D-2018', 0)":"Diputados","('0052-D-2018', 1)":null,"('0052-D-2018', 2)":null,"('0052-D-2018', 3)":null},"('Tramites', 'MOVIMIENTO')":{"('0052-D-2018', 0)":"MANIFESTACIONES EN MINORIA","('0052-D-2018', 1)":null,"('0052-D-2018', 2)":null,"('0052-D-2018', 3)":null},"('Tramites', 'FECHA')":{"('0052-D-2018', 0)":"13\/09\/2018","('0052-D-2018', 1)":null,"('0052-D-2018', 2)":null,"('0052-D-2018', 3)":null},"('Tramites', 'RESULTADO')":{"('0052-D-2018', 0)":null,"('0052-D-2018', 1)":null,"('0052-D-2018', 2)":null,"('0052-D-2018', 3)":null},"Link":{"('0052-D-2018', 0)":"https:\/\/www.hcdn.gob.ar\/proyectos\/textoCompleto.jsp?exp=0052-D-2018&tipo=RESOLUCION","('0052-D-2018', 1)":null,"('0052-D-2018', 2)":null,"('0052-D-2018', 3)":null},"Palabra Clave":{"('0052-D-2018', 0)":" ","('0052-D-2018', 1)":null,"('0052-D-2018', 2)":null,"('0052-D-2018', 3)":null}}