{"Tipo de Proyecto":{"('0052-S-2018', 0)":"PROYECTO DE LEY"},"Iniciado en: ":{"('0052-S-2018', 0)":"Senado"},"Expediente Senado: ":{"('0052-S-2018', 0)":"0052-S-2018"},"Publicado en: ":{"('0052-S-2018', 0)":"Diario de Asuntos Entrados N\u00b0 3"},"Fecha: ":{"('0052-S-2018', 0)":"05\/03\/2018"},"T\u00edtulo":{"('0052-S-2018', 0)":"OTORGAR JERARQUIA CONSTITUCIONAL A LA CONVENCION INTERAMERICANA PARA PREVENIR, SANCIONAR Y ERRADICAR LA VIOLENCIA CONTRA LA MUJER, \"CONVENCION DE BELEN DO PARA\" - ADOPTADA POR LA ASAMBLEA DE LOS ESTADOS AMERICANOS, EL 09\/06\/94 Y APROBADA POR LEY 24632 (REPRODUCCION DEL EXPEDIENTE 1487-S-16)."},"('Firmantes', 'FIRMANTE')":{"('0052-S-2018', 0)":"DURANGO, NORMA HAYDEE"},"('Firmantes', 'DISTRITO')":{"('0052-S-2018', 0)":"LA PAMPA"},"('Firmantes', 'BLOQUE')":{"('0052-S-2018', 0)":"PARTIDO JUSTICIALISTA LA PAMPA"},"('Tramites', 'C\u00c1MARA')":{"('0052-S-2018', 0)":"Senado"},"('Tramites', 'MOVIMIENTO')":{"('0052-S-2018', 0)":"REPRODUCIDO POR EXPEDIENTE 0099-S-20"},"('Tramites', 'FECHA')":{"('0052-S-2018', 0)":null},"('Tramites', 'RESULTADO')":{"('0052-S-2018', 0)":null},"Sumario":{"('0052-S-2018', 0)":"EN LOS TERMINOS DEL ARTICULO 75, INCISO 22 DE LA CONSTITUCION NACIONAL"},"Palabra Clave":{"('0052-S-2018', 0)":" "}}