{"Tipo de Proyecto":{"('0053-S-2018', 0)":"PROYECTO DE LEY"},"Iniciado en: ":{"('0053-S-2018', 0)":"Senado"},"Expediente Senado: ":{"('0053-S-2018', 0)":"0053-S-2018"},"Publicado en: ":{"('0053-S-2018', 0)":"Diario de Asuntos Entrados N\u00b0 3"},"Fecha: ":{"('0053-S-2018', 0)":"05\/03\/2018"},"T\u00edtulo":{"('0053-S-2018', 0)":"MODIFICACION DEL ARTICULO 6\u00ba DE LA LEY 23968 (LINEAS DE BASE Y DELIMITACION DE ESPACIOS MARITIMOS), ESTABLECIENDO LA DEMARCACION CON CARACTER DEFINITIVO Y OBLIGATORIO DEL LIMITE EXTERIOR DE LA PLATAFORMA CONTINENTAL ARGENTINA TRAZADO DE ACUERDO A LA PRESENTACION ADOPTADA POR LA COMISION DE LIMITES DE LA PLATAFORMA CONTINENTAL DE LA CONVENCION DE LAS NACIONES UNIDAS SOBRE EL DERECHO DEL MAR (REPRODUCCION DEL EXPEDIENTE 2140-S-16)."},"('Firmantes', 'FIRMANTE')":{"('0053-S-2018', 0)":"DURANGO, NORMA HAYDEE"},"('Firmantes', 'DISTRITO')":{"('0053-S-2018', 0)":"LA PAMPA"},"('Firmantes', 'BLOQUE')":{"('0053-S-2018', 0)":"PARTIDO JUSTICIALISTA LA PAMPA"},"('Tramites', 'C\u00c1MARA')":{"('0053-S-2018', 0)":"Senado"},"('Tramites', 'MOVIMIENTO')":{"('0053-S-2018', 0)":"REPRODUCIDO POR EXPEDIENTE 0100-S-20"},"('Tramites', 'FECHA')":{"('0053-S-2018', 0)":null},"('Tramites', 'RESULTADO')":{"('0053-S-2018', 0)":null},"Link":{"('0053-S-2018', 0)":"http:\/\/www.senado.gov.ar\/parlamentario\/comisiones\/verExp\/53.18\/S\/PL"},"Palabra Clave":{"('0053-S-2018', 0)":" "}}