{"Tipo de Proyecto":{"('0053-D-2018', 0)":"PROYECTO DE RESOLUCI\u00d3N","('0053-D-2018', 1)":null},"Iniciado en: ":{"('0053-D-2018', 0)":"Diputados","('0053-D-2018', 1)":null},"Expediente Diputados: ":{"('0053-D-2018', 0)":"0053-D-2018","('0053-D-2018', 1)":null},"Publicado en: ":{"('0053-D-2018', 0)":"Tr\u00e1mite Parlamentario N\u00b0 1","('0053-D-2018', 1)":null},"Fecha: ":{"('0053-D-2018', 0)":"02\/03\/2018","('0053-D-2018', 1)":null},"T\u00edtulo":{"('0053-D-2018', 0)":"SOLICITAR AL PODER EJECUTIVO DISPONGA LAS MEDIDAS NECESARIAS PARA EL REACONDICIONAMIENTO DEL CRUCE VIAL ENTRE LAS RUTAS NACIONALES 9 Y 193.","('0053-D-2018', 1)":null},"('Firmantes', 'FIRMANTE')":{"('0053-D-2018', 0)":"CRESTO, MAYDA","('0053-D-2018', 1)":"BAHILLO, JUAN JOSE"},"('Firmantes', 'DISTRITO')":{"('0053-D-2018', 0)":"ENTRE RIOS","('0053-D-2018', 1)":"ENTRE RIOS"},"('Firmantes', 'BLOQUE')":{"('0053-D-2018', 0)":"JUSTICIALISTA","('0053-D-2018', 1)":"JUSTICIALISTA"},"('Giros', 'COMISI\u00d3N')":{"('0053-D-2018', 0)":"TRANSPORTES","('0053-D-2018', 1)":null},"('Tramites', 'C\u00c1MARA')":{"('0053-D-2018', 0)":"Diputados","('0053-D-2018', 1)":null},"('Tramites', 'MOVIMIENTO')":{"('0053-D-2018', 0)":"APROBACION ARTICULO 114 DEL REGLAMENTO DE LA H CAMARA DE DIPUTADOS; COMUNICADO EL 22\/06\/2018","('0053-D-2018', 1)":null},"('Tramites', 'FECHA')":{"('0053-D-2018', 0)":null,"('0053-D-2018', 1)":null},"('Tramites', 'RESULTADO')":{"('0053-D-2018', 0)":"APROBADO","('0053-D-2018', 1)":null},"Link":{"('0053-D-2018', 0)":"https:\/\/www.hcdn.gob.ar\/proyectos\/textoCompleto.jsp?exp=0053-D-2018&tipo=RESOLUCION","('0053-D-2018', 1)":null},"Palabra Clave":{"('0053-D-2018', 0)":" ","('0053-D-2018', 1)":null}}