{"Tipo de Proyecto":{"('0055-D-2018', 0)":"PROYECTO DE RESOLUCI\u00d3N"},"Iniciado en: ":{"('0055-D-2018', 0)":"Diputados"},"Expediente Diputados: ":{"('0055-D-2018', 0)":"0055-D-2018"},"Publicado en: ":{"('0055-D-2018', 0)":"Tr\u00e1mite Parlamentario N\u00b0 1"},"Fecha: ":{"('0055-D-2018', 0)":"02\/03\/2018"},"T\u00edtulo":{"('0055-D-2018', 0)":"REGLAMENTO DE LA HONORABLE CAMARA DE DIPUTADOS DE LA NACION. MODIFICACION DEL ARTICULO 2, SOBRE PARIDAD DE GENERO EN ELECCION DE AUTORIDADES."},"('Firmantes', 'FIRMANTE')":{"('0055-D-2018', 0)":"CRESTO, MAYDA"},"('Firmantes', 'DISTRITO')":{"('0055-D-2018', 0)":"ENTRE RIOS"},"('Firmantes', 'BLOQUE')":{"('0055-D-2018', 0)":"JUSTICIALISTA"},"('Giros', 'COMISI\u00d3N')":{"('0055-D-2018', 0)":"PETICIONES, PODERES Y REGLAMENTO"},"Palabra Clave":{"('0055-D-2018', 0)":" "}}