{"Tipo de Proyecto":{"('0058-D-2018', 0)":"PROYECTO DE LEY","('0058-D-2018', 1)":null},"Iniciado en: ":{"('0058-D-2018', 0)":"Diputados","('0058-D-2018', 1)":null},"Expediente Diputados: ":{"('0058-D-2018', 0)":"0058-D-2018","('0058-D-2018', 1)":null},"Publicado en: ":{"('0058-D-2018', 0)":"Tr\u00e1mite Parlamentario N\u00b0 1","('0058-D-2018', 1)":null},"Fecha: ":{"('0058-D-2018', 0)":"02\/03\/2018","('0058-D-2018', 1)":null},"T\u00edtulo":{"('0058-D-2018', 0)":"DECLARESE CAPITAL NACIONAL DE LA CHAYA A LA PROVINCIA DE LA RIOJA (REPRODUCCION DEL EXPEDIENTE 0156-D-16).","('0058-D-2018', 1)":null},"('Firmantes', 'FIRMANTE')":{"('0058-D-2018', 0)":"OLIVARES, HECTOR ENRIQUE","('0058-D-2018', 1)":null},"('Firmantes', 'DISTRITO')":{"('0058-D-2018', 0)":"LA RIOJA","('0058-D-2018', 1)":null},"('Firmantes', 'BLOQUE')":{"('0058-D-2018', 0)":"UCR","('0058-D-2018', 1)":null},"('Giros', 'COMISI\u00d3N')":{"('0058-D-2018', 0)":"CULTURA","('0058-D-2018', 1)":"LEGISLACION GENERAL"},"Palabra Clave":{"('0058-D-2018', 0)":" ","('0058-D-2018', 1)":null}}