{"Tipo de Proyecto":{"('0059-S-2018', 0)":"PROYECTO DE DECLARACI\u00d3N"},"Iniciado en: ":{"('0059-S-2018', 0)":"Senado"},"Expediente Senado: ":{"('0059-S-2018', 0)":"0059-S-2018"},"Publicado en: ":{"('0059-S-2018', 0)":"Diario de Asuntos Entrados N\u00b0 3"},"Fecha: ":{"('0059-S-2018', 0)":"05\/03\/2018"},"T\u00edtulo":{"('0059-S-2018', 0)":"ADHERIR A LA CONMEMORACION DEL DIA INTERNACIONAL DE LA MUJER Y LA NI\u00d1A EN LA CIENCIA."},"('Firmantes', 'FIRMANTE')":{"('0059-S-2018', 0)":"DURANGO, NORMA HAYDEE"},"('Firmantes', 'DISTRITO')":{"('0059-S-2018', 0)":"LA PAMPA"},"('Firmantes', 'BLOQUE')":{"('0059-S-2018', 0)":"PARTIDO JUSTICIALISTA LA PAMPA"},"('Tramites', 'C\u00c1MARA')":{"('0059-S-2018', 0)":"Senado"},"('Tramites', 'MOVIMIENTO')":{"('0059-S-2018', 0)":"CONSIDERACION Y APROBACION CONJUNTAMENTE PARA LOS EXPEDIENTES 0302-S-2017, 0059-S-2018 y 1388-S-2018"},"('Tramites', 'FECHA')":{"('0059-S-2018', 0)":"27\/06\/2018"},"('Tramites', 'RESULTADO')":{"('0059-S-2018', 0)":"APROBADO"},"Link":{"('0059-S-2018', 0)":"http:\/\/www.senado.gov.ar\/parlamentario\/comisiones\/verExp\/59.18\/S\/PD"},"Palabra Clave":{"('0059-S-2018', 0)":" "}}