{"Tipo de Proyecto":{"('0060-D-2018', 0)":"PROYECTO DE LEY"},"Iniciado en: ":{"('0060-D-2018', 0)":"Diputados"},"Expediente Diputados: ":{"('0060-D-2018', 0)":"0060-D-2018"},"Publicado en: ":{"('0060-D-2018', 0)":"Tr\u00e1mite Parlamentario N\u00b0 1"},"Fecha: ":{"('0060-D-2018', 0)":"02\/03\/2018"},"T\u00edtulo":{"('0060-D-2018', 0)":"IMPUESTO AL VALOR AGREGADO - LEY 20631; MODIFICACION DEL ARTICULO 28, SOBRE LIMITES MAXIMOS PARA LA ALICUOTA DE ENERGIA ELECTRICA DESTINADA A RIEGO AGRICOLA (REPRODUCCION DEL EXPEDIENTE 1470-D-16)."},"('Firmantes', 'FIRMANTE')":{"('0060-D-2018', 0)":"OLIVARES, HECTOR ENRIQUE"},"('Firmantes', 'DISTRITO')":{"('0060-D-2018', 0)":"LA RIOJA"},"('Firmantes', 'BLOQUE')":{"('0060-D-2018', 0)":"UCR"},"('Giros', 'COMISI\u00d3N')":{"('0060-D-2018', 0)":"PRESUPUESTO Y HACIENDA"},"Palabra Clave":{"('0060-D-2018', 0)":" "}}