{"Tipo de Proyecto":{"('0060-S-2018', 0)":"PROYECTO DE DECLARACI\u00d3N"},"Iniciado en: ":{"('0060-S-2018', 0)":"Senado"},"Expediente Senado: ":{"('0060-S-2018', 0)":"0060-S-2018"},"Publicado en: ":{"('0060-S-2018', 0)":"Diario de Asuntos Entrados N\u00b0 3"},"Fecha: ":{"('0060-S-2018', 0)":"05\/03\/2018"},"T\u00edtulo":{"('0060-S-2018', 0)":"EXPRESAR BENEPLACITO POR LA PARTICIPACION DE LA PROVINCIA DE LA PAMPA EN EL PROCESO DE INTEGRACION CON LA REPUBLICA DE CHILE, A TRAVES DE SU RECIENTE INCLUSION EN EL COMITE BINACIONAL NOTIFICADA POR NUESTRA REPRESENTACION EN ESE PAIS. "},"('Firmantes', 'FIRMANTE')":{"('0060-S-2018', 0)":"DURANGO, NORMA HAYDEE"},"('Firmantes', 'DISTRITO')":{"('0060-S-2018', 0)":"LA PAMPA"},"('Firmantes', 'BLOQUE')":{"('0060-S-2018', 0)":"PARTIDO JUSTICIALISTA LA PAMPA"},"('Tramites', 'C\u00c1MARA')":{"('0060-S-2018', 0)":"Senado"},"('Tramites', 'MOVIMIENTO')":{"('0060-S-2018', 0)":"CONSIDERACION Y APROBACION"},"('Tramites', 'FECHA')":{"('0060-S-2018', 0)":"18\/04\/2018"},"('Tramites', 'RESULTADO')":{"('0060-S-2018', 0)":"APROBADO"},"Link":{"('0060-S-2018', 0)":"http:\/\/www.senado.gov.ar\/parlamentario\/comisiones\/verExp\/60.18\/S\/PD"},"Palabra Clave":{"('0060-S-2018', 0)":" "}}