{"Tipo de Proyecto":{"('0061-S-2018', 0)":"PROYECTO DE DECLARACI\u00d3N"},"Iniciado en: ":{"('0061-S-2018', 0)":"Senado"},"Expediente Senado: ":{"('0061-S-2018', 0)":"0061-S-2018"},"Publicado en: ":{"('0061-S-2018', 0)":"Diario de Asuntos Entrados N\u00b0 3"},"Fecha: ":{"('0061-S-2018', 0)":"05\/03\/2018"},"T\u00edtulo":{"('0061-S-2018', 0)":"EXPRESAR BENEPLACITO POR LOS LOGROS OBTENIDOS POR LOS PAMPEANOS CAROLINA SOLERA Y ALDO FAVA EN LA COMPETENCIA INTERNACIONAL DE MOUNTAIN BIKE TRANS ANDES CHALLENGE QUE TUVO LUGAR DESDE EL 17 AL 21 DE ENERO DE ESTE A\u00d1O EN CHILE. "},"('Firmantes', 'FIRMANTE')":{"('0061-S-2018', 0)":"DURANGO, NORMA HAYDEE"},"('Firmantes', 'DISTRITO')":{"('0061-S-2018', 0)":"LA PAMPA"},"('Firmantes', 'BLOQUE')":{"('0061-S-2018', 0)":"PARTIDO JUSTICIALISTA LA PAMPA"},"('Tramites', 'C\u00c1MARA')":{"('0061-S-2018', 0)":"Senado"},"('Tramites', 'MOVIMIENTO')":{"('0061-S-2018', 0)":"CONSIDERACION Y APROBACION"},"('Tramites', 'FECHA')":{"('0061-S-2018', 0)":"18\/04\/2018"},"('Tramites', 'RESULTADO')":{"('0061-S-2018', 0)":"APROBADO"},"Link":{"('0061-S-2018', 0)":"http:\/\/www.senado.gov.ar\/parlamentario\/comisiones\/verExp\/61.18\/S\/PD"},"Palabra Clave":{"('0061-S-2018', 0)":" "}}