{"Tipo de Proyecto":{"('0062-OV-2018', 0)":"PROYECTO DE RESOLUCI\u00d3N"},"Iniciado en: ":{"('0062-OV-2018', 0)":"Diputados"},"Expediente Diputados: ":{"('0062-OV-2018', 0)":"0062-OV-2018"},"Publicado en: ":{"('0062-OV-2018', 0)":"Tr\u00e1mite Parlamentario N\u00b0 0"},"Fecha: ":{"('0062-OV-2018', 0)":"07\/06\/2018"},"T\u00edtulo":{"('0062-OV-2018', 0)":"SOLICITUD DE DESAFUERO DE LA DIPUTADA AIDA BEATRIZ AYALA, SOLICITADA POR LA JUEZA NIREMPERGER, TITULAR DEL JUZGADO FEDERAL NUMERO 1 DE RESISTENCIA, PROVINCIA DEL CHACO."},"('Firmantes', 'FIRMANTE')":{"('0062-OV-2018', 0)":"ASUNTOS CONSTITUCIONALES"},"('Firmantes', 'DISTRITO')":{"('0062-OV-2018', 0)":null},"('Firmantes', 'BLOQUE')":{"('0062-OV-2018', 0)":null},"('Giros', 'COMISI\u00d3N')":{"('0062-OV-2018', 0)":"ASUNTOS CONSTITUCIONALES"},"Palabra Clave":{"('0062-OV-2018', 0)":" "}}