{"Tipo de Proyecto":{"('0064-D-2018', 0)":"PROYECTO DE LEY"},"Iniciado en: ":{"('0064-D-2018', 0)":"Diputados"},"Expediente Diputados: ":{"('0064-D-2018', 0)":"0064-D-2018"},"Publicado en: ":{"('0064-D-2018', 0)":"Tr\u00e1mite Parlamentario N\u00b0 1"},"Fecha: ":{"('0064-D-2018', 0)":"02\/03\/2018"},"T\u00edtulo":{"('0064-D-2018', 0)":"FUNCIONARIOS PUBLICOS DE TODOS LOS PODERES DEL ESTADO NACIONAL. PROHIBICION PARA NOMBRAR Y CONTRATAR FAMILIARES (REPRODUCCION DEL EXPEDIENTE 7705-D-16)."},"('Firmantes', 'FIRMANTE')":{"('0064-D-2018', 0)":"INCICCO, LUCAS CIRIACO"},"('Firmantes', 'DISTRITO')":{"('0064-D-2018', 0)":"SANTA FE"},"('Firmantes', 'BLOQUE')":{"('0064-D-2018', 0)":"PRO"},"('Giros', 'COMISI\u00d3N')":{"('0064-D-2018', 0)":"ASUNTOS CONSTITUCIONALES"},"Sumario":{"('0064-D-2018', 0)":"CASOS EN QUE NO SE APLICARA LA MEDIACION; EXTENSION DE LA PROHIBICION RESPECTO A FUNCIONARIOS DE INJERENCIA DIRECTA O INDIRECTA EN LOS NOMBRAMIENTOS; DEFINICION DE INJERENCIA DIRECTA E INJERENCIA INDIRECTA A LOS FINES DE LA PRESENTE LEY; SANCIONES; REMOCION O RESTITUCION A SU CARGO ORIGINAL A LOS AGENTES PUBLICOS EN SITUACION DE NEPOTISMO, A PARTIR DE QUE TOMEN CONOCIMIENTO DEL HECHO; NO RENOVACION DE CONTRATOS DE PRESTACION DE SERVICIOS EN EL SECTOR PUBLICO O NOMBRAMIENTOS PROVISORIOS VIGENTES EN CONTROVERSIA A SUS PREVISIONES NO PODRAN SER RENOVADOS; LA PRESENTE LEY NO TIENE EFECTO RETROACTIVO; CONFECCION DE UN REGISTRO CON TODAS AQUELLAS PERSONAS QUE , CON ANTERIORIDAD A LA ENTRADA EN VIGENCIA DE LA PRESENTE LEY, TIENEN NOMBRADOS FAMILIARES EN DEPENDENCIAS DONDE EL MISMO TENGA DEPENDENCIA DIRECTA O INDIRECTA; DATOS MINIMOS A CONSIGNAR EN EL REGISTRO."},"Palabra Clave":{"('0064-D-2018', 0)":" "}}