{"Tipo de Proyecto":{"('0064-S-2018', 0)":"PROYECTO DE RESOLUCI\u00d3N"},"Iniciado en: ":{"('0064-S-2018', 0)":"Senado"},"Expediente Senado: ":{"('0064-S-2018', 0)":"0064-S-2018"},"Publicado en: ":{"('0064-S-2018', 0)":"Diario de Asuntos Entrados N\u00b0 4"},"Fecha: ":{"('0064-S-2018', 0)":"05\/03\/2018"},"T\u00edtulo":{"('0064-S-2018', 0)":"DISPONER LA CREACION EN EL HONORABLE SENADO DE LA NACION DE UNA SALA DE LACTANCIA EN EL EDIFICIO ANEXO \"SENADOR ALFREDO L. PALACIOS\"."},"('Firmantes', 'FIRMANTE')":{"('0064-S-2018', 0)":"DURANGO, NORMA HAYDEE"},"('Firmantes', 'DISTRITO')":{"('0064-S-2018', 0)":"LA PAMPA"},"('Firmantes', 'BLOQUE')":{"('0064-S-2018', 0)":"PARTIDO JUSTICIALISTA LA PAMPA"},"Link":{"('0064-S-2018', 0)":"http:\/\/www.senado.gov.ar\/parlamentario\/comisiones\/verExp\/64.18\/S\/PR"},"Palabra Clave":{"('0064-S-2018', 0)":" "}}