{"Tipo de Proyecto":{"('0065-D-2018', 0)":"PROYECTO DE LEY"},"Iniciado en: ":{"('0065-D-2018', 0)":"Diputados"},"Expediente Diputados: ":{"('0065-D-2018', 0)":"0065-D-2018"},"Publicado en: ":{"('0065-D-2018', 0)":"Tr\u00e1mite Parlamentario N\u00b0 1"},"Fecha: ":{"('0065-D-2018', 0)":"02\/03\/2018"},"T\u00edtulo":{"('0065-D-2018', 0)":"CODIGO PENAL DE LA NACION. MODIFICACION DEL ARTICULO 256, SOBRE PENAS A FUNCIONARIOS PUBLICOS (REPRODUCCION DEL EXPEDIENTE 8754-D-16)."},"('Firmantes', 'FIRMANTE')":{"('0065-D-2018', 0)":"INCICCO, LUCAS CIRIACO"},"('Firmantes', 'DISTRITO')":{"('0065-D-2018', 0)":"SANTA FE"},"('Firmantes', 'BLOQUE')":{"('0065-D-2018', 0)":"PRO"},"('Giros', 'COMISI\u00d3N')":{"('0065-D-2018', 0)":"LEGISLACION PENAL"},"Sumario":{"('0065-D-2018', 0)":"MODIFICACION DE LOS ARTICULOS 256 Y 256 BIS."},"Palabra Clave":{"('0065-D-2018', 0)":" "}}