{"Tipo de Proyecto":{"('0066-D-2018', 0)":"PROYECTO DE LEY","('0066-D-2018', 1)":null},"Iniciado en: ":{"('0066-D-2018', 0)":"Diputados","('0066-D-2018', 1)":null},"Expediente Diputados: ":{"('0066-D-2018', 0)":"0066-D-2018","('0066-D-2018', 1)":null},"Publicado en: ":{"('0066-D-2018', 0)":"Tr\u00e1mite Parlamentario N\u00b0 1","('0066-D-2018', 1)":null},"Fecha: ":{"('0066-D-2018', 0)":"02\/03\/2018","('0066-D-2018', 1)":null},"T\u00edtulo":{"('0066-D-2018', 0)":"INSTITUYASE EL 5 DE DICIEMBRE DE CADA A\u00d1O COMO \"DIA NACIONAL DE LOS VOLUNTARIOS PARA EL DESARROLLO ECONOMICO Y SOCIAL\" (REPRODUCCION DEL EXPEDIENTE 7931-D-16).","('0066-D-2018', 1)":null},"('Firmantes', 'FIRMANTE')":{"('0066-D-2018', 0)":"INCICCO, LUCAS CIRIACO","('0066-D-2018', 1)":null},"('Firmantes', 'DISTRITO')":{"('0066-D-2018', 0)":"SANTA FE","('0066-D-2018', 1)":null},"('Firmantes', 'BLOQUE')":{"('0066-D-2018', 0)":"PRO","('0066-D-2018', 1)":null},"('Giros', 'COMISI\u00d3N')":{"('0066-D-2018', 0)":"LEGISLACION GENERAL","('0066-D-2018', 1)":"ASUNTOS COOPERATIVOS, MUTUALES Y DE ORG.NO GUBERNAMENTALES"},"Palabra Clave":{"('0066-D-2018', 0)":" ","('0066-D-2018', 1)":null}}