{"Tipo de Proyecto":{"('0067-S-2018', 0)":"PROYECTO DE LEY","('0067-S-2018', 1)":null},"Iniciado en: ":{"('0067-S-2018', 0)":"Senado","('0067-S-2018', 1)":null},"Expediente Diputados: ":{"('0067-S-2018', 0)":"0067-S-2018","('0067-S-2018', 1)":null},"Expediente Senado: ":{"('0067-S-2018', 0)":"0545-S-2018","('0067-S-2018', 1)":null},"Publicado en: ":{"('0067-S-2018', 0)":"Diario de Asuntos Entrados N\u00b0 27","('0067-S-2018', 1)":null},"Fecha: ":{"('0067-S-2018', 0)":"14\/03\/2018","('0067-S-2018', 1)":null},"T\u00edtulo":{"('0067-S-2018', 0)":"DECLARAR HEROE NACIONAL A DON MANUEL EDUARDO ARIAS, POR SU PARTICIPACION EN LA BATALLA DE HUMAHUACA, EN LA GUERRA DE INDEPENDENCIA DE LA ARGENTINA.","('0067-S-2018', 1)":null},"('Firmantes', 'FIRMANTE')":{"('0067-S-2018', 0)":"GIACOPPO, SILVIA DEL ROSARIO","('0067-S-2018', 1)":null},"('Firmantes', 'DISTRITO')":{"('0067-S-2018', 0)":"JUJUY","('0067-S-2018', 1)":null},"('Firmantes', 'BLOQUE')":{"('0067-S-2018', 0)":"UCR","('0067-S-2018', 1)":null},"('Giros', 'COMISI\u00d3N')":{"('0067-S-2018', 0)":"DEFENSA NACIONAL","('0067-S-2018', 1)":"EDUCACION Y CULTURA"},"('Tramites', 'C\u00c1MARA')":{"('0067-S-2018', 0)":"Senado","('0067-S-2018', 1)":"Diputados"},"('Tramites', 'MOVIMIENTO')":{"('0067-S-2018', 0)":"CONSIDERACION Y APROBACION CONJUNTAMENTE PARA LOS EXPEDIENTES 0067-S-2018, 0545-S-2018 y 0654-S-2018","('0067-S-2018', 1)":"PASA A DIPUTADOS - CONJUNTAMENTE PARA LOS EXPEDIENTES 0067-S-2018, 0545-S-2018 y 0654-S-2018"},"('Tramites', 'FECHA')":{"('0067-S-2018', 0)":"10\/10\/2018","('0067-S-2018', 1)":null},"('Tramites', 'RESULTADO')":{"('0067-S-2018', 0)":"MEDIA SANCION","('0067-S-2018', 1)":null},"Link":{"('0067-S-2018', 0)":"http:\/\/www.senado.gov.ar\/parlamentario\/comisiones\/verExp\/545.18\/S\/PL","('0067-S-2018', 1)":null},"Palabra Clave":{"('0067-S-2018', 0)":" ","('0067-S-2018', 1)":null}}