{"Tipo de Proyecto":{"('0068-PE-2018', 0)":"MENSAJE NRO: 0034\/18","('0068-PE-2018', 1)":null},"Iniciado en: ":{"('0068-PE-2018', 0)":"Senado","('0068-PE-2018', 1)":null},"Expediente Senado: ":{"('0068-PE-2018', 0)":"0068-PE-2018","('0068-PE-2018', 1)":null},"Publicado en: ":{"('0068-PE-2018', 0)":"DAE S.A. N\u00b0 1","('0068-PE-2018', 1)":null},"Fecha: ":{"('0068-PE-2018', 0)":"06\/03\/2018","('0068-PE-2018', 1)":null},"T\u00edtulo":{"('0068-PE-2018', 0)":"SOLICITAR ACUERDO PARA DESIGNAR JUEZ DEL JUZGADO NACIONAL DE PRIMERA INSTANCIA EN LO CIVIL N\u00ba 27 DE LA CAPITAL FEDERAL, AL DOCTOR JUAN MARTIN ALTERINI.","('0068-PE-2018', 1)":null},"('Firmantes', 'FIRMANTE')":{"('0068-PE-2018', 0)":"MACRI, MAURICIO","('0068-PE-2018', 1)":"GARAVANO, GERMAN CARLOS"},"('Firmantes', 'DISTRITO')":{"('0068-PE-2018', 0)":null,"('0068-PE-2018', 1)":null},"('Firmantes', 'BLOQUE')":{"('0068-PE-2018', 0)":"PODER EJECUTIVO","('0068-PE-2018', 1)":"PODER EJECUTIVO"},"('Tramites', 'C\u00c1MARA')":{"('0068-PE-2018', 0)":"Senado","('0068-PE-2018', 1)":"Senado"},"('Tramites', 'MOVIMIENTO')":{"('0068-PE-2018', 0)":"CITACION SESION ESPECIAL","('0068-PE-2018', 1)":"CONSIDERACION Y APROBACION"},"('Tramites', 'FECHA')":{"('0068-PE-2018', 0)":"30\/05\/2018","('0068-PE-2018', 1)":"30\/05\/2018"},"('Tramites', 'RESULTADO')":{"('0068-PE-2018', 0)":null,"('0068-PE-2018', 1)":"APROBADO"},"Palabra Clave":{"('0068-PE-2018', 0)":" ","('0068-PE-2018', 1)":null}}