{"Tipo de Proyecto":{"('0068-S-2018', 0)":"PROYECTO DE LEY","('0068-S-2018', 1)":null},"Iniciado en: ":{"('0068-S-2018', 0)":"Senado","('0068-S-2018', 1)":null},"Expediente Diputados: ":{"('0068-S-2018', 0)":"0068-S-2018","('0068-S-2018', 1)":null},"Expediente Senado: ":{"('0068-S-2018', 0)":"0109-S-2018","('0068-S-2018', 1)":null},"Publicado en: ":{"('0068-S-2018', 0)":"Diario de Asuntos Entrados N\u00b0 6","('0068-S-2018', 1)":null},"Fecha: ":{"('0068-S-2018', 0)":"05\/03\/2018","('0068-S-2018', 1)":null},"T\u00edtulo":{"('0068-S-2018', 0)":"INSTITUIR LA TERCERA SEMANA DEL MES DE MAYO DE CADA A\u00d1O COMO \"SEMANA NACIONAL DE CONCIENTIZACION SOBRE LA MANIOBRA DE HEIMLICH\".","('0068-S-2018', 1)":null},"('Firmantes', 'FIRMANTE')":{"('0068-S-2018', 0)":"PEREYRA, GUILLERMO JUAN","('0068-S-2018', 1)":null},"('Firmantes', 'DISTRITO')":{"('0068-S-2018', 0)":"NEUQUEN","('0068-S-2018', 1)":null},"('Firmantes', 'BLOQUE')":{"('0068-S-2018', 0)":"MOV POP NEUQUINO","('0068-S-2018', 1)":null},"('Giros', 'COMISI\u00d3N')":{"('0068-S-2018', 0)":"LEGISLACION GENERAL","('0068-S-2018', 1)":"ACCION SOCIAL Y SALUD PUBLICA"},"('Tramites', 'C\u00c1MARA')":{"('0068-S-2018', 0)":"Senado","('0068-S-2018', 1)":"Diputados"},"('Tramites', 'MOVIMIENTO')":{"('0068-S-2018', 0)":"CONSIDERACION Y APROBACION","('0068-S-2018', 1)":"PASA A DIPUTADOS -"},"('Tramites', 'FECHA')":{"('0068-S-2018', 0)":"10\/10\/2018","('0068-S-2018', 1)":null},"('Tramites', 'RESULTADO')":{"('0068-S-2018', 0)":"MEDIA SANCION","('0068-S-2018', 1)":null},"Link":{"('0068-S-2018', 0)":"http:\/\/www.senado.gov.ar\/parlamentario\/comisiones\/verExp\/109.18\/S\/PL","('0068-S-2018', 1)":null},"Palabra Clave":{"('0068-S-2018', 0)":" ","('0068-S-2018', 1)":null}}