{"Tipo de Proyecto":{"('0072-S-2018', 0)":"PROYECTO DE LEY","('0072-S-2018', 1)":null},"Iniciado en: ":{"('0072-S-2018', 0)":"Senado","('0072-S-2018', 1)":null},"Expediente Diputados: ":{"('0072-S-2018', 0)":"0072-S-2018","('0072-S-2018', 1)":null},"Expediente Senado: ":{"('0072-S-2018', 0)":"0773-S-2018","('0072-S-2018', 1)":null},"Publicado en: ":{"('0072-S-2018', 0)":"Diario de Asuntos Entrados N\u00b0 38","('0072-S-2018', 1)":null},"Fecha: ":{"('0072-S-2018', 0)":"22\/03\/2018","('0072-S-2018', 1)":null},"T\u00edtulo":{"('0072-S-2018', 0)":"DECLARAR \"CAPITAL NACIONAL DEL CICLISMO\" A LA PROVINCIA DE SAN JUAN.","('0072-S-2018', 1)":null},"('Firmantes', 'FIRMANTE')":{"('0072-S-2018', 0)":"LOPEZ VALVERDE, CRISTINA DEL CARMEN","('0072-S-2018', 1)":"U\u00d1AC, JOSE RUBEN"},"('Firmantes', 'DISTRITO')":{"('0072-S-2018', 0)":"SAN JUAN","('0072-S-2018', 1)":"SAN JUAN"},"('Firmantes', 'BLOQUE')":{"('0072-S-2018', 0)":"JUSTICIALISTA","('0072-S-2018', 1)":"JUSTICIALISTA"},"('Giros', 'COMISI\u00d3N')":{"('0072-S-2018', 0)":"LEGISLACION GENERAL","('0072-S-2018', 1)":"DEPORTES"},"('Tramites', 'C\u00c1MARA')":{"('0072-S-2018', 0)":"Senado","('0072-S-2018', 1)":"Diputados"},"('Tramites', 'MOVIMIENTO')":{"('0072-S-2018', 0)":"CONSIDERACION Y APROBACION","('0072-S-2018', 1)":"PASA A DIPUTADOS -"},"('Tramites', 'FECHA')":{"('0072-S-2018', 0)":"10\/10\/2018","('0072-S-2018', 1)":null},"('Tramites', 'RESULTADO')":{"('0072-S-2018', 0)":"MEDIA SANCION","('0072-S-2018', 1)":null},"Link":{"('0072-S-2018', 0)":"http:\/\/www.senado.gov.ar\/parlamentario\/comisiones\/verExp\/773.18\/S\/PL","('0072-S-2018', 1)":null},"Palabra Clave":{"('0072-S-2018', 0)":" ","('0072-S-2018', 1)":null}}