{"Tipo de Proyecto":{"('0073-S-2018', 0)":"PROYECTO DE LEY","('0073-S-2018', 1)":null},"Iniciado en: ":{"('0073-S-2018', 0)":"Senado","('0073-S-2018', 1)":null},"Expediente Diputados: ":{"('0073-S-2018', 0)":"0073-S-2018","('0073-S-2018', 1)":null},"Expediente Senado: ":{"('0073-S-2018', 0)":"0039-S-2018","('0073-S-2018', 1)":null},"Publicado en: ":{"('0073-S-2018', 0)":"Diario de Asuntos Entrados N\u00b0 2","('0073-S-2018', 1)":null},"Fecha: ":{"('0073-S-2018', 0)":"05\/03\/2018","('0073-S-2018', 1)":null},"T\u00edtulo":{"('0073-S-2018', 0)":"DECLARAR CAPITAL NACIONAL DE TETRATLON A LA CIUDAD DE SAN MARTIN DE LOS ANDES, PROVINCIA DE NEUQUEN (REPRODUCCION DEL EXPEDIENTE 3195-S-15).","('0073-S-2018', 1)":null},"('Firmantes', 'FIRMANTE')":{"('0073-S-2018', 0)":"CREXELL, CARMEN LUCILA","('0073-S-2018', 1)":null},"('Firmantes', 'DISTRITO')":{"('0073-S-2018', 0)":"NEUQUEN","('0073-S-2018', 1)":null},"('Firmantes', 'BLOQUE')":{"('0073-S-2018', 0)":"MOV POP NEUQUINO","('0073-S-2018', 1)":null},"('Giros', 'COMISI\u00d3N')":{"('0073-S-2018', 0)":"LEGISLACION GENERAL","('0073-S-2018', 1)":"DEPORTES"},"('Tramites', 'C\u00c1MARA')":{"('0073-S-2018', 0)":"Senado","('0073-S-2018', 1)":"Diputados"},"('Tramites', 'MOVIMIENTO')":{"('0073-S-2018', 0)":"CONSIDERACION Y APROBACION","('0073-S-2018', 1)":"PASA A DIPUTADOS -"},"('Tramites', 'FECHA')":{"('0073-S-2018', 0)":"10\/10\/2018","('0073-S-2018', 1)":null},"('Tramites', 'RESULTADO')":{"('0073-S-2018', 0)":"MEDIA SANCION","('0073-S-2018', 1)":null},"Link":{"('0073-S-2018', 0)":"http:\/\/www.senado.gov.ar\/parlamentario\/comisiones\/verExp\/39.18\/S\/PL","('0073-S-2018', 1)":null},"Palabra Clave":{"('0073-S-2018', 0)":" ","('0073-S-2018', 1)":null}}