{"Tipo de Proyecto":{"('0074-S-2018', 0)":"PROYECTO DE LEY"},"Iniciado en: ":{"('0074-S-2018', 0)":"Senado"},"Expediente Senado: ":{"('0074-S-2018', 0)":"0074-S-2018"},"Publicado en: ":{"('0074-S-2018', 0)":"Diario de Asuntos Entrados N\u00b0 4"},"Fecha: ":{"('0074-S-2018', 0)":"05\/03\/2018"},"T\u00edtulo":{"('0074-S-2018', 0)":"MODIFICACION DEL ARTICULO 177 DE LA LEY 20744 - CONTRATO DE TRABAJO - Y SUS MODIFICATORIAS, PROLONGANDO LA LICENCIA POR MATERNIDAD EN CASO DE PARTO PRETERMINO (REPRODUCCION DEL EXPEDIENTE 4187-S-16)."},"('Firmantes', 'FIRMANTE')":{"('0074-S-2018', 0)":"ELIAS DE PEREZ, SILVIA BEATRIZ"},"('Firmantes', 'DISTRITO')":{"('0074-S-2018', 0)":"TUCUMAN"},"('Firmantes', 'BLOQUE')":{"('0074-S-2018', 0)":"UCR"},"('Tramites', 'C\u00c1MARA')":{"('0074-S-2018', 0)":"Senado"},"('Tramites', 'MOVIMIENTO')":{"('0074-S-2018', 0)":"MOCION DE PREFERENCIA PARA LA PROXIMA SESION CON DICTAMEN (AFIRMATIVA) CONJUNTAMENTE PARA LOS EXPEDIENTES 0077-S-2017, 0078-S-2017, 0134-S-2017, 0173-S-2017, 0625-S-2017, 0688-S-2017, 0981-S-2017, 1203-S-2017, 1562-S-2017, 0067-S-2018, 0074-S-2018, 0306-S-2018, 0354-S-2018, 0339-S-2018, 0596-S-2018, 1337-S-2018, 1329-S-2018, 2323-S-2018 y 3341-S-2018"},"('Tramites', 'FECHA')":{"('0074-S-2018', 0)":"16\/04\/2019"},"('Tramites', 'RESULTADO')":{"('0074-S-2018', 0)":null},"Link":{"('0074-S-2018', 0)":"http:\/\/www.senado.gov.ar\/parlamentario\/comisiones\/verExp\/74.18\/S\/PL"},"Palabra Clave":{"('0074-S-2018', 0)":" "}}