{"Tipo de Proyecto":{"('0074-PE-2018', 0)":"MENSAJE NRO: 0036\/18","('0074-PE-2018', 1)":null},"Iniciado en: ":{"('0074-PE-2018', 0)":"Senado","('0074-PE-2018', 1)":null},"Expediente Senado: ":{"('0074-PE-2018', 0)":"0074-PE-2018","('0074-PE-2018', 1)":null},"Publicado en: ":{"('0074-PE-2018', 0)":"DAE S.A. N\u00b0 2","('0074-PE-2018', 1)":null},"Fecha: ":{"('0074-PE-2018', 0)":"06\/03\/2018","('0074-PE-2018', 1)":null},"T\u00edtulo":{"('0074-PE-2018', 0)":"SOLICITAR ACUERDO PARA DESIGNAR JUEZA DEL JUZGADO NACIONAL DE PRIMERA INSTANCIA EN LO CIVIL N\u00ba 40 DE LA CAPITAL FEDERAL, A LA DOCTORA ANALIA VICTORIA ROMERO.","('0074-PE-2018', 1)":null},"('Firmantes', 'FIRMANTE')":{"('0074-PE-2018', 0)":"MACRI, MAURICIO","('0074-PE-2018', 1)":"GARAVANO, GERMAN CARLOS"},"('Firmantes', 'DISTRITO')":{"('0074-PE-2018', 0)":null,"('0074-PE-2018', 1)":null},"('Firmantes', 'BLOQUE')":{"('0074-PE-2018', 0)":"PODER EJECUTIVO","('0074-PE-2018', 1)":"PODER EJECUTIVO"},"('Tramites', 'C\u00c1MARA')":{"('0074-PE-2018', 0)":"Senado","('0074-PE-2018', 1)":"Senado"},"('Tramites', 'MOVIMIENTO')":{"('0074-PE-2018', 0)":"CITACION SESION ESPECIAL","('0074-PE-2018', 1)":"CONSIDERACION Y APROBACION"},"('Tramites', 'FECHA')":{"('0074-PE-2018', 0)":"30\/05\/2018","('0074-PE-2018', 1)":"30\/05\/2018"},"('Tramites', 'RESULTADO')":{"('0074-PE-2018', 0)":null,"('0074-PE-2018', 1)":"APROBADO"},"Palabra Clave":{"('0074-PE-2018', 0)":" ","('0074-PE-2018', 1)":null}}