{"Tipo de Proyecto":{"('0075-S-2018', 0)":"PROYECTO DE LEY"},"Iniciado en: ":{"('0075-S-2018', 0)":"Senado"},"Expediente Senado: ":{"('0075-S-2018', 0)":"0075-S-2018"},"Publicado en: ":{"('0075-S-2018', 0)":"Diario de Asuntos Entrados N\u00b0 4"},"Fecha: ":{"('0075-S-2018', 0)":"05\/03\/2018"},"T\u00edtulo":{"('0075-S-2018', 0)":"CREACION DEL PROGRAMA RESERVA PARA LA COMPETENCIA PYME \"COMPITE PYME\" (REPRODUCCION DEL EXPEDIENTE 3846-S-16)."},"('Firmantes', 'FIRMANTE')":{"('0075-S-2018', 0)":"ELIAS DE PEREZ, SILVIA BEATRIZ"},"('Firmantes', 'DISTRITO')":{"('0075-S-2018', 0)":"TUCUMAN"},"('Firmantes', 'BLOQUE')":{"('0075-S-2018', 0)":"UCR"},"Sumario":{"('0075-S-2018', 0)":"RESERVA; AGRUPACION DE ACTIVIDADES; CATEGORIAS ESPECIALES; EXCLUSIONES; INVITACION A ADHERIR."},"Palabra Clave":{"('0075-S-2018', 0)":" "}}