{"Tipo de Proyecto":{"('0075-PE-2018', 0)":"MENSAJE NRO: 0037\/18","('0075-PE-2018', 1)":null},"Iniciado en: ":{"('0075-PE-2018', 0)":"Senado","('0075-PE-2018', 1)":null},"Expediente Senado: ":{"('0075-PE-2018', 0)":"0075-PE-2018","('0075-PE-2018', 1)":null},"Publicado en: ":{"('0075-PE-2018', 0)":"DAE S.A. N\u00b0 3","('0075-PE-2018', 1)":null},"Fecha: ":{"('0075-PE-2018', 0)":"09\/03\/2018","('0075-PE-2018', 1)":null},"T\u00edtulo":{"('0075-PE-2018', 0)":"SOLICITAR ACUERDO PARA DESIGNAR FISCAL GENERAL ADJUNTO DE LA PROCURACION GENERAL DE LA NACION, AL DOCTOR JOSE LUIS AG\u00dcERO ITURBE.","('0075-PE-2018', 1)":null},"('Firmantes', 'FIRMANTE')":{"('0075-PE-2018', 0)":"MACRI, MAURICIO","('0075-PE-2018', 1)":"GARAVANO, GERMAN CARLOS"},"('Firmantes', 'DISTRITO')":{"('0075-PE-2018', 0)":null,"('0075-PE-2018', 1)":null},"('Firmantes', 'BLOQUE')":{"('0075-PE-2018', 0)":"PODER EJECUTIVO","('0075-PE-2018', 1)":"PODER EJECUTIVO"},"('Tramites', 'C\u00c1MARA')":{"('0075-PE-2018', 0)":"Senado","('0075-PE-2018', 1)":"Senado"},"('Tramites', 'MOVIMIENTO')":{"('0075-PE-2018', 0)":"CITACION SESION ESPECIAL","('0075-PE-2018', 1)":"CONSIDERACION Y APROBACION"},"('Tramites', 'FECHA')":{"('0075-PE-2018', 0)":"30\/05\/2018","('0075-PE-2018', 1)":"30\/05\/2018"},"('Tramites', 'RESULTADO')":{"('0075-PE-2018', 0)":null,"('0075-PE-2018', 1)":"APROBADO"},"Palabra Clave":{"('0075-PE-2018', 0)":" ","('0075-PE-2018', 1)":null}}