{"Tipo de Proyecto":{"('0075-D-2018', 0)":"PROYECTO DE RESOLUCI\u00d3N"},"Iniciado en: ":{"('0075-D-2018', 0)":"Diputados"},"Expediente Diputados: ":{"('0075-D-2018', 0)":"0075-D-2018"},"Publicado en: ":{"('0075-D-2018', 0)":"Tr\u00e1mite Parlamentario N\u00b0 1"},"Fecha: ":{"('0075-D-2018', 0)":"02\/03\/2018"},"T\u00edtulo":{"('0075-D-2018', 0)":"SOLICITAR AL PODER EJECUTIVO DISPONGA LAS MEDIDAS NECESARIAS PARA LA REGLAMENTACION DEL ARTICULO 10 DE LA LEY 27264 PROGRAMA DE RECUPERACION PRODUCTIVA."},"('Firmantes', 'FIRMANTE')":{"('0075-D-2018', 0)":"DI STEFANO, DANIEL"},"('Firmantes', 'DISTRITO')":{"('0075-D-2018', 0)":"MISIONES"},"('Firmantes', 'BLOQUE')":{"('0075-D-2018', 0)":"FRENTE DE LA CONCORDIA MISIONERO"},"('Giros', 'COMISI\u00d3N')":{"('0075-D-2018', 0)":"PRESUPUESTO Y HACIENDA"},"Link":{"('0075-D-2018', 0)":"https:\/\/www.hcdn.gob.ar\/proyectos\/textoCompleto.jsp?exp=0075-D-2018&tipo=RESOLUCION"},"Palabra Clave":{"('0075-D-2018', 0)":" "}}