{"Tipo de Proyecto":{"('0076-S-2018', 0)":"PROYECTO DE LEY","('0076-S-2018', 1)":null},"Iniciado en: ":{"('0076-S-2018', 0)":"Senado","('0076-S-2018', 1)":null},"Expediente Diputados: ":{"('0076-S-2018', 0)":"0076-S-2018","('0076-S-2018', 1)":null},"Expediente Senado: ":{"('0076-S-2018', 0)":"0547-OV-2017","('0076-S-2018', 1)":null},"Publicado en: ":{"('0076-S-2018', 0)":"Diario de Asuntos Entrados N\u00b0 0","('0076-S-2018', 1)":null},"Fecha: ":{"('0076-S-2018', 0)":"04\/07\/2018","('0076-S-2018', 1)":null},"T\u00edtulo":{"('0076-S-2018', 0)":"DICTAMEN EN LA CONSIDERACION DE DISTINTOS CIUDADANOS SOLICITANDO AUTORIZACIONES PARA DESEMPE\u00d1AR SUS RESPECTIVOS CARGOS DE CONSULES Y VICE CONSULES HONORARIOS PROPUESTOS POR GOBIERNOS EXTRANJERO.","('0076-S-2018', 1)":null},"('Firmantes', 'FIRMANTE')":{"('0076-S-2018', 0)":"ASUNTOS CONSTITUCIONALES","('0076-S-2018', 1)":null},"('Firmantes', 'DISTRITO')":{"('0076-S-2018', 0)":null,"('0076-S-2018', 1)":null},"('Firmantes', 'BLOQUE')":{"('0076-S-2018', 0)":null,"('0076-S-2018', 1)":null},"('Giros', 'COMISI\u00d3N')":{"('0076-S-2018', 0)":"RELACIONES EXTERIORES Y CULTO","('0076-S-2018', 1)":null},"('Tramites', 'C\u00c1MARA')":{"('0076-S-2018', 0)":"Senado","('0076-S-2018', 1)":"Diputados"},"('Tramites', 'MOVIMIENTO')":{"('0076-S-2018', 0)":"CONSIDERACION Y APROBACION","('0076-S-2018', 1)":"PASA A DIPUTADOS -"},"('Tramites', 'FECHA')":{"('0076-S-2018', 0)":"10\/10\/2018","('0076-S-2018', 1)":null},"('Tramites', 'RESULTADO')":{"('0076-S-2018', 0)":"MEDIA SANCION","('0076-S-2018', 1)":null},"Sumario":{"('0076-S-2018', 0)":"0547-OV-17:  GUSTAVO RICARDO GUTIERREZ, CONSUL HONORARIO DE LA REPUBLICA DE KAZAJSTAN, EN LA CIUDAD DE ROSARIO, PROVINCIA DE SANTA FE; 0549-OV-17:  LEDA INES LOSI, VICECONSUL HONORARIA DE LA REPUBLICA ITALIANA, EN LA CIUDAD DE PARANA, PROVINCIA DE ENTRE RIOS; 0554-OV-17: CARLOS EDUARDO FERREIRA M\u00dcLLER, CONSUL HONORARIO DE BRASIL, EN LA PROVINCIA DE SALTA; 0596-OV-17:  MIRKO ANTONIO JURAGA, CONSUL HONORARIO DE CROACIA, EN LA CIUDAD DE ROSARIO, CON CIRCUNSCRIPCION EN LAS PROVINCIAS DE SANTA FE, ENTRE RIOS, CORRIENTES; 0002-OV-18:  GIORGINA PIA BORTONI, VICECONSUL HONORARIA DE LA REPUBLICA ITALIANA, EN LA CIUDAD DE SAN CARLOS DE BARILOCHE, CON CIRCUNSCRIPCION EN DISTRITOS DE LA PROVINCIA DE RIO NEGRO; 0003-OV-18:  JESSICA DAFNE ILEANA ZEGARRA PONCE, VICECONSUL HONORARIA DE LA REPUBLICA DEL PERU, EN LA CIUDAD DE ROSARIO, PROVINCIA DE SANTA FE Y EN LA PROVINCIA DE ENTRE RIOS; 0055-OV-18;  LAURA MARIA ESTEVAN, VICECONSUL HONORARIA DEL REINO DE ESPA\u00d1A, EN LA CIUDAD DE PUERTO MADRYN, PROVINCIA DE CHUBUT; 0056-OV-18: ALEJANDRO GABRIEL CAPPA, VICECONSUL HONORARIO DEL REINO DE ESPA\u00d1A, EN LA CIUDAD DE RIO GALLEGOS, PROVINCIA DE SANTA CRUZ; 0057-OV-18: PEDRO EDUARDO OLLER FERNANDEZ VICECONSUL HONORARIO DEL REINO DE ESPA\u00d1A, EN LA CIUDAD DE SAN SALVADOR DE JUJUY, PROVINCIA DE JUJUY; 0058-OV-18: MARCELA BEATRIZ RUIBAL MARKAN, VICECONSUL HONORARIA DEL REINO DE ESPA\u00d1A, EN LA CIUDAD DE VIEDMA, PROVINCIA DE RIO NEGRO;  0059-OV-18: BASILIO KRYWINSKI LAJOVICH, CONSUL HONORARIO DEL UCRANIA, EN LA CIUDAD DE RESISTENCIA, PROVINCIA DE CHACO","('0076-S-2018', 1)":null},"Palabra Clave":{"('0076-S-2018', 0)":" ","('0076-S-2018', 1)":null}}