{"Tipo de Proyecto":{"('0076-D-2018', 0)":"PROYECTO DE LEY","('0076-D-2018', 1)":null},"Iniciado en: ":{"('0076-D-2018', 0)":"Diputados","('0076-D-2018', 1)":null},"Expediente Diputados: ":{"('0076-D-2018', 0)":"0076-D-2018","('0076-D-2018', 1)":null},"Publicado en: ":{"('0076-D-2018', 0)":"Tr\u00e1mite Parlamentario N\u00b0 1","('0076-D-2018', 1)":null},"Fecha: ":{"('0076-D-2018', 0)":"02\/03\/2018","('0076-D-2018', 1)":null},"T\u00edtulo":{"('0076-D-2018', 0)":"PROGRAMA NACIONAL DE INFORMACION FRONTERIZA DE LUCHA Y PREVENCION CONTRA EL DENGUE. ZIKA Y CHIKUNGUNYA. CREACION.","('0076-D-2018', 1)":null},"('Firmantes', 'FIRMANTE')":{"('0076-D-2018', 0)":"DI STEFANO, DANIEL","('0076-D-2018', 1)":null},"('Firmantes', 'DISTRITO')":{"('0076-D-2018', 0)":"MISIONES","('0076-D-2018', 1)":null},"('Firmantes', 'BLOQUE')":{"('0076-D-2018', 0)":"FRENTE DE LA CONCORDIA MISIONERO","('0076-D-2018', 1)":null},"('Giros', 'COMISI\u00d3N')":{"('0076-D-2018', 0)":"ACCION SOCIAL Y SALUD PUBLICA","('0076-D-2018', 1)":"PRESUPUESTO Y HACIENDA"},"Sumario":{"('0076-D-2018', 0)":"CREACION; AMBITO DE EJECUCION; DESARROLLO; INFORMACION COMPRENDIDA; PROVISION DE MATERIAL; REGLAMENTACION.","('0076-D-2018', 1)":null},"Palabra Clave":{"('0076-D-2018', 0)":" ","('0076-D-2018', 1)":null}}