{"Tipo de Proyecto":{"('0076-PE-2018', 0)":"MENSAJE NRO: 0009\/18"},"Iniciado en: ":{"('0076-PE-2018', 0)":"Senado"},"Expediente Senado: ":{"('0076-PE-2018', 0)":"0076-PE-2018"},"Publicado en: ":{"('0076-PE-2018', 0)":"Diario de Asuntos Entrados N\u00b0 0"},"Fecha: ":{"('0076-PE-2018', 0)":"08\/03\/2018"},"T\u00edtulo":{"('0076-PE-2018', 0)":"COMUNICAR EL DICTADO DEL DECRETO 147\/18, DE FACULTADES DELEGADAS, POR EL CUAL SE PRORROGA A PARTIR DEL 1 DE ENERO DE 2018 Y HASTA LA FECHA EN QUE SURTAN EFECTO LAS DISPOSICIONES DEL TITULO IV DE LA LEY 27430, LA VIGENCIA DEL TRATAMIENTO DISPUESTO PARA EL BIODIESEL COMBUSTIBLE Y EL BIODIESEL PURO ESTABLECIDO POR EL ARTICULO 4 DEL CAPITULO I DE LA LEY 23966."},"('Firmantes', 'FIRMANTE')":{"('0076-PE-2018', 0)":"MACRI, MAURICIO"},"('Firmantes', 'DISTRITO')":{"('0076-PE-2018', 0)":null},"('Firmantes', 'BLOQUE')":{"('0076-PE-2018', 0)":"PODER EJECUTIVO"},"('Tramites', 'C\u00c1MARA')":{"('0076-PE-2018', 0)":"Senado"},"('Tramites', 'MOVIMIENTO')":{"('0076-PE-2018', 0)":"VER TRAMITE DEL DECRETO EN CAMARA DE DIPUTADOS EN EXPEDIENTE 1965-D-2018"},"('Tramites', 'FECHA')":{"('0076-PE-2018', 0)":null},"('Tramites', 'RESULTADO')":{"('0076-PE-2018', 0)":null},"Palabra Clave":{"('0076-PE-2018', 0)":" "}}