{"Tipo de Proyecto":{"('0077-OV-2018', 0)":"PROYECTO DE RESOLUCI\u00d3N"},"Iniciado en: ":{"('0077-OV-2018', 0)":"Senado"},"Expediente Senado: ":{"('0077-OV-2018', 0)":"0077-OV-2018"},"Fecha: ":{"('0077-OV-2018', 0)":"06\/08\/2019"},"T\u00edtulo":{"('0077-OV-2018', 0)":"RESOLUCION REMITIDA POR LA AUDITORIA GENERAL DE LA NACION 38\/18, APROBANDO EL INFORME DE AUDITORIA SOBRE LOS ESTADOS FINANCIEROS CORRESPONDIENTES AL PROGRAMA DE PROMOCION DE EXPORTACIONES, CONTRATO DE PRESTAMO BID 2239\/OC-AR, POR EL EJERCICIO 6 COMPRENDIDO ENTRE EL 01\/01\/2016 AL 12\/04\/2017."},"('Firmantes', 'FIRMANTE')":{"('0077-OV-2018', 0)":"PARLAMENTARIA MIXTA REVISORA DE CUENTAS"},"('Firmantes', 'DISTRITO')":{"('0077-OV-2018', 0)":null},"('Firmantes', 'BLOQUE')":{"('0077-OV-2018', 0)":null},"Sumario":{"('0077-OV-2018', 0)":"HABIENDO TOMADO CONOCIMIENTO, Y SIN PERJUICIO DE ULTERIORES MEDIDAS QUE PUEDAN ADOPTARSE, SE ACONSEJA SU REMISION AL ARCHIVO."},"Palabra Clave":{"('0077-OV-2018', 0)":" "}}