{"Tipo de Proyecto":{"('0077-PE-2018', 0)":"MENSAJE NRO: 0010\/18"},"Iniciado en: ":{"('0077-PE-2018', 0)":"Senado"},"Expediente Senado: ":{"('0077-PE-2018', 0)":"0077-PE-2018"},"Publicado en: ":{"('0077-PE-2018', 0)":"Diario de Asuntos Entrados N\u00b0 0"},"Fecha: ":{"('0077-PE-2018', 0)":"09\/03\/2018"},"T\u00edtulo":{"('0077-PE-2018', 0)":"COMUNICAR EL DICTADO DEL DECRETO 157\/18, DE NECESIDAD Y URGENCIA, POR EL CUAL SE ESTABLECEN PRECISIONES RESPECTO A LA APLICACION DE LA LEY 27423 DE HONORARIOS DE ABOGADOS, PROCURADORES Y AUXILIARES DE LA JUSTICIA, EN LOS ASUNTOS REGULADOS POR LAS LEYES 27260 (REPARACION HISTORICA) Y 27348 (COMPLEMENTARIA SOBRE RIESGOS DEL TRABAJO)."},"('Firmantes', 'FIRMANTE')":{"('0077-PE-2018', 0)":"MACRI, MAURICIO"},"('Firmantes', 'DISTRITO')":{"('0077-PE-2018', 0)":null},"('Firmantes', 'BLOQUE')":{"('0077-PE-2018', 0)":"PODER EJECUTIVO"},"('Tramites', 'C\u00c1MARA')":{"('0077-PE-2018', 0)":"Diputados"},"('Tramites', 'MOVIMIENTO')":{"('0077-PE-2018', 0)":"VER TRAMITE DEL DECRETO EN CAMARA DE DIPUTADOS EN EXPEDIENTE 1969-D-2018"},"('Tramites', 'FECHA')":{"('0077-PE-2018', 0)":null},"('Tramites', 'RESULTADO')":{"('0077-PE-2018', 0)":null},"Palabra Clave":{"('0077-PE-2018', 0)":" "}}