{"Tipo de Proyecto":{"('0077-D-2018', 0)":"PROYECTO DE LEY","('0077-D-2018', 1)":null},"Iniciado en: ":{"('0077-D-2018', 0)":"Diputados","('0077-D-2018', 1)":null},"Expediente Diputados: ":{"('0077-D-2018', 0)":"0077-D-2018","('0077-D-2018', 1)":null},"Publicado en: ":{"('0077-D-2018', 0)":"Tr\u00e1mite Parlamentario N\u00b0 1","('0077-D-2018', 1)":null},"Fecha: ":{"('0077-D-2018', 0)":"02\/03\/2018","('0077-D-2018', 1)":null},"T\u00edtulo":{"('0077-D-2018', 0)":"PROGRAMA DE FORMACION PARA USO RESPONSABLE DE TARJETAS DE CREDITO. CREACION.","('0077-D-2018', 1)":null},"('Firmantes', 'FIRMANTE')":{"('0077-D-2018', 0)":"DI STEFANO, DANIEL","('0077-D-2018', 1)":null},"('Firmantes', 'DISTRITO')":{"('0077-D-2018', 0)":"MISIONES","('0077-D-2018', 1)":null},"('Firmantes', 'BLOQUE')":{"('0077-D-2018', 0)":"FRENTE DE LA CONCORDIA MISIONERO","('0077-D-2018', 1)":null},"('Giros', 'COMISI\u00d3N')":{"('0077-D-2018', 0)":"LEGISLACION GENERAL","('0077-D-2018', 1)":"FINANZAS"},"Sumario":{"('0077-D-2018', 0)":"OBJETIVO; CURSO DE INFORMACION FINANCIERA: ESPECIFICACIONES; A QUIENES SOLICITE POR PRIMERA VEZ UNA TARJETA DE CREDITO, SE CONSTATARA LA PARTICIPACION DE LA PERSONA FISICA EN EL CURSO DE INFORMACION FINANCIERA EN FORMA FEHACIENTE; SANCION O MULTA AL BANCO O ENTIDAD POR INCUMPLIMIENTO; REMISION AL BANCO CENTRAL DE LA REPUBLICA ARGENTINA (BCRA) COPIA DE LAS CONSTANCIAS DE ASISTENCIA AL CURSO DE INFORMACION FINANCIERA; INFORME AL CLIENTE SOBRE LOS RIESGOS QUE CONLLEVA UNA UTILIZACION INADECUADA DE LA TARJETA.","('0077-D-2018', 1)":null},"Palabra Clave":{"('0077-D-2018', 0)":" ","('0077-D-2018', 1)":null}}