{"Tipo de Proyecto":{"('0078-S-2018', 0)":"MENSAJE NRO: 0083\/18 Y PROYECTO DE LEY","('0078-S-2018', 1)":null,"('0078-S-2018', 2)":null},"Iniciado en: ":{"('0078-S-2018', 0)":"Senado","('0078-S-2018', 1)":null,"('0078-S-2018', 2)":null},"Expediente Diputados: ":{"('0078-S-2018', 0)":"0078-S-2018","('0078-S-2018', 1)":null,"('0078-S-2018', 2)":null},"Expediente Senado: ":{"('0078-S-2018', 0)":"0173-PE-2018","('0078-S-2018', 1)":null,"('0078-S-2018', 2)":null},"Publicado en: ":{"('0078-S-2018', 0)":"Diario de Asuntos Entrados N\u00b0 97","('0078-S-2018', 1)":null,"('0078-S-2018', 2)":null},"Fecha: ":{"('0078-S-2018', 0)":"12\/06\/2018","('0078-S-2018', 1)":null,"('0078-S-2018', 2)":null},"T\u00edtulo":{"('0078-S-2018', 0)":"APROBACION DEL ACUERDO POR CANJE DE NOTAS PARA MODIFICAR EL CONVENIO DE RECONOCIMIENTO DE CERTIFICADOS DE ESTUDIOS DE NIVEL PRIMARIO Y MEDIO NO TECNICO O SUS DENOMINACIONES EQUIVALENTES CON LOS ESTADOS UNIDOS MEXICANOS DEL 26 DE NOVIEMBRE DE 1997, SUSCRIPTO EN CABA, EL 29 DE JULIO DE 2016.","('0078-S-2018', 1)":null,"('0078-S-2018', 2)":null},"('Firmantes', 'FIRMANTE')":{"('0078-S-2018', 0)":"MACRI, MAURICIO","('0078-S-2018', 1)":"PE\u00d1A, MARCOS","('0078-S-2018', 2)":"FAURIE, JORGE MARCELO"},"('Firmantes', 'DISTRITO')":{"('0078-S-2018', 0)":null,"('0078-S-2018', 1)":null,"('0078-S-2018', 2)":null},"('Firmantes', 'BLOQUE')":{"('0078-S-2018', 0)":"PODER EJECUTIVO","('0078-S-2018', 1)":"PODER EJECUTIVO","('0078-S-2018', 2)":"PODER EJECUTIVO"},"('Giros', 'COMISI\u00d3N')":{"('0078-S-2018', 0)":"RELACIONES EXTERIORES Y CULTO","('0078-S-2018', 1)":"EDUCACION","('0078-S-2018', 2)":null},"('Tramites', 'C\u00c1MARA')":{"('0078-S-2018', 0)":"Senado","('0078-S-2018', 1)":"Diputados","('0078-S-2018', 2)":null},"('Tramites', 'MOVIMIENTO')":{"('0078-S-2018', 0)":"CONSIDERACION Y APROBACION","('0078-S-2018', 1)":"PASA A DIPUTADOS -","('0078-S-2018', 2)":null},"('Tramites', 'FECHA')":{"('0078-S-2018', 0)":"10\/10\/2018","('0078-S-2018', 1)":null,"('0078-S-2018', 2)":null},"('Tramites', 'RESULTADO')":{"('0078-S-2018', 0)":"MEDIA SANCION","('0078-S-2018', 1)":null,"('0078-S-2018', 2)":null},"Link":{"('0078-S-2018', 0)":"http:\/\/www.senado.gov.ar\/web\/proyectos\/verExpe.php?origen=PE&nro_comision=&tipo=PL&numexp=173\/18&tConsulta=5","('0078-S-2018', 1)":null,"('0078-S-2018', 2)":null},"Palabra Clave":{"('0078-S-2018', 0)":" ","('0078-S-2018', 1)":null,"('0078-S-2018', 2)":null}}