{"Tipo de Proyecto":{"('0079-S-2018', 0)":"PROYECTO DE LEY"},"Iniciado en: ":{"('0079-S-2018', 0)":"Senado"},"Expediente Senado: ":{"('0079-S-2018', 0)":"0079-S-2018"},"Publicado en: ":{"('0079-S-2018', 0)":"Diario de Asuntos Entrados N\u00b0 4"},"Fecha: ":{"('0079-S-2018', 0)":"05\/03\/2018"},"T\u00edtulo":{"('0079-S-2018', 0)":"OTORGAR JERARQUIA CONSTITUCIONAL A LA CONVENCION INTERAMERICANA CONTRA LA CORRUPCION, ADOPTADA EN EL MARCO DE LA OEA, EL 29 DE MARZO DE 1996 Y RATIFICADA POR NUESTRO PAIS POR LEY 24759 (REPRODUCCION DEL EXPEDIENTE 0975-S-16)."},"('Firmantes', 'FIRMANTE')":{"('0079-S-2018', 0)":"ELIAS DE PEREZ, SILVIA BEATRIZ"},"('Firmantes', 'DISTRITO')":{"('0079-S-2018', 0)":"TUCUMAN"},"('Firmantes', 'BLOQUE')":{"('0079-S-2018', 0)":"UCR"},"Link":{"('0079-S-2018', 0)":"http:\/\/www.senado.gov.ar\/parlamentario\/comisiones\/verExp\/79.18\/S\/PL"},"Palabra Clave":{"('0079-S-2018', 0)":" "}}