{"Tipo de Proyecto":{"('0080-OV-2018', 0)":"PROYECTO DE RESOLUCI\u00d3N"},"Iniciado en: ":{"('0080-OV-2018', 0)":"Senado"},"Expediente Senado: ":{"('0080-OV-2018', 0)":"0080-OV-2018"},"Fecha: ":{"('0080-OV-2018', 0)":"26\/11\/2018"},"T\u00edtulo":{"('0080-OV-2018', 0)":"RESOLUCION REMITIDA POR LA AUDITORIA GENERAL DE LA NACION 41\/18, QUE APRUEBA EL INFORME REFERIDO A LOS ESTADOS FINANCIEROS DEL EJERCICIO DE CIERRE AL 31\/12\/2016, CORRESPONDIENTES AL \"PROYECTO DE PROTECCION SOCIAL BASICA FINANCIAMIENTO ADICIONAL\", CONVENIO DE PRESTAMO BIRF 8017-AR."},"('Firmantes', 'FIRMANTE')":{"('0080-OV-2018', 0)":"PARLAMENTARIA MIXTA REVISORA DE CUENTAS"},"('Firmantes', 'DISTRITO')":{"('0080-OV-2018', 0)":null},"('Firmantes', 'BLOQUE')":{"('0080-OV-2018', 0)":null},"Sumario":{"('0080-OV-2018', 0)":"HABIENDO TOMADO CONOCIMIENTO Y SIN PERJUICIO DE ULTERIORES MEDIDAS QUE PUEDAN ADOPTARSE, SE ACONSEJA SU REMISION AL ARCHIVO."},"Palabra Clave":{"('0080-OV-2018', 0)":" "}}