{"Tipo de Proyecto":{"('0081-S-2018', 0)":"PROYECTO DE LEY"},"Iniciado en: ":{"('0081-S-2018', 0)":"Senado"},"Expediente Senado: ":{"('0081-S-2018', 0)":"0081-S-2018"},"Publicado en: ":{"('0081-S-2018', 0)":"Diario de Asuntos Entrados N\u00b0 4"},"Fecha: ":{"('0081-S-2018', 0)":"05\/03\/2018"},"T\u00edtulo":{"('0081-S-2018', 0)":"CREACION DEL SISTEMA DE CENTROS NACIONALES DE ALTO RENDIMIENTO DEPORTIVOS (SICENARD) (REPRODUCCION DEL EXPEDIENTE 1210-S-16)."},"('Firmantes', 'FIRMANTE')":{"('0081-S-2018', 0)":"ELIAS DE PEREZ, SILVIA BEATRIZ"},"('Firmantes', 'DISTRITO')":{"('0081-S-2018', 0)":"TUCUMAN"},"('Firmantes', 'BLOQUE')":{"('0081-S-2018', 0)":"UCR"},"Sumario":{"('0081-S-2018', 0)":"CREACION; AUTORIDAD DE APLICACION; DISTRIBUCION GEOGRAFICA; INSTALACIONES; DISCIPLINAS OLIMPICAS."},"Palabra Clave":{"('0081-S-2018', 0)":" "}}