{"Tipo de Proyecto":{"('0082-S-2018', 0)":"PROYECTO DE LEY"},"Iniciado en: ":{"('0082-S-2018', 0)":"Senado"},"Expediente Senado: ":{"('0082-S-2018', 0)":"0082-S-2018"},"Publicado en: ":{"('0082-S-2018', 0)":"Diario de Asuntos Entrados N\u00b0 5"},"Fecha: ":{"('0082-S-2018', 0)":"05\/03\/2018"},"T\u00edtulo":{"('0082-S-2018', 0)":"PROHIBIR EL USO DEL MTBE (METIL TERCIARIO BUTIL ETER), PRODUCTO OXIGENANTE DE LAS NAFTAS, QUE DEBERA SER REEMPLAZADO POR EL ETANO (ANHIDRIDO Y\/O HIDRATADO) (REPRODUCCION DEL EXPEDIENTE 0032-S-16)."},"('Firmantes', 'FIRMANTE')":{"('0082-S-2018', 0)":"ELIAS DE PEREZ, SILVIA BEATRIZ"},"('Firmantes', 'DISTRITO')":{"('0082-S-2018', 0)":"TUCUMAN"},"('Firmantes', 'BLOQUE')":{"('0082-S-2018', 0)":"UCR"},"Link":{"('0082-S-2018', 0)":"http:\/\/www.senado.gov.ar\/parlamentario\/comisiones\/verExp\/82.18\/S\/PL"},"Palabra Clave":{"('0082-S-2018', 0)":" "}}