{"Tipo de Proyecto":{"('0082-OV-2018', 0)":"PROYECTO DE RESOLUCI\u00d3N"},"Iniciado en: ":{"('0082-OV-2018', 0)":"Senado"},"Expediente Senado: ":{"('0082-OV-2018', 0)":"0082-OV-2018"},"Fecha: ":{"('0082-OV-2018', 0)":"26\/11\/2018"},"T\u00edtulo":{"('0082-OV-2018', 0)":"PEDIDO DE INFORMES AL PODER EJECUTIVO SOBRE RESOLUCIONES REMITIDAS POR LA AUDITORIA GENERAL DE LA NACION, 43\/18, QUE APRUEBA EL INFORME DEL AUDITOR INDEPENDIENTE REFERIDA A LA AUDITORIA PRACTICADA SOBRE LOS ESTADOS CONTABLES DE LA ADMINISTRACION GENERAL DE PUERTOS SOCIEDAD DEL ESTADO, POR EL EJERCICIO FINALIZADO EL 31\/12\/2016 (0082-OV-18), 44\/18, QUE APRUEBA EL INFORME SOBRE CONTROLES - INTERNO Y CONTABLE - REFERIDO AL EJERCICIO FINALIZADO EL 31\/12\/2016, DE LA ADMINISTRACION GENERAL DE PUERTOS S.E. (0083-OV-18), Y COPIA DEL INFORME DE LA COMISION FISCALIZADORA, EJERCICIO FINALIZADO EL 31\/12\/2016, DE LA ADMINISTRACION GENERAL DE PUERTOS S.E. (0258-OV-18)."},"('Firmantes', 'FIRMANTE')":{"('0082-OV-2018', 0)":"PARLAMENTARIA MIXTA REVISORA DE CUENTAS"},"('Firmantes', 'DISTRITO')":{"('0082-OV-2018', 0)":null},"('Firmantes', 'BLOQUE')":{"('0082-OV-2018', 0)":null},"Link":{"('0082-OV-2018', 0)":"http:\/\/www.senado.gov.ar\/parlamentario\/comisiones\/verExp\/82.18\/OV\/PR"},"Palabra Clave":{"('0082-OV-2018', 0)":" "}}