{"Tipo de Proyecto":{"('0083-S-2018', 0)":"PROYECTO DE LEY","('0083-S-2018', 1)":null},"Iniciado en: ":{"('0083-S-2018', 0)":"Senado","('0083-S-2018', 1)":null},"Expediente Diputados: ":{"('0083-S-2018', 0)":"0083-S-2018","('0083-S-2018', 1)":null},"Expediente Senado: ":{"('0083-S-2018', 0)":"0997-S-2017","('0083-S-2018', 1)":null},"Publicado en: ":{"('0083-S-2018', 0)":"Diario de Asuntos Entrados N\u00b0 49","('0083-S-2018', 1)":null},"Fecha: ":{"('0083-S-2018', 0)":"03\/04\/2017","('0083-S-2018', 1)":null},"T\u00edtulo":{"('0083-S-2018', 0)":"DECLARAR HEROE NACIONAL AL GENERAL DON BERNABE ARAOZ.","('0083-S-2018', 1)":null},"('Firmantes', 'FIRMANTE')":{"('0083-S-2018', 0)":"MIRKIN, BEATRIZ GRACIELA","('0083-S-2018', 1)":"ALPEROVICH, JOSE JORGE"},"('Firmantes', 'DISTRITO')":{"('0083-S-2018', 0)":"TUCUMAN","('0083-S-2018', 1)":"TUCUMAN"},"('Firmantes', 'BLOQUE')":{"('0083-S-2018', 0)":"FRENTE PARA LA VICTORIA - PJ","('0083-S-2018', 1)":"FRENTE PARA LA VICTORIA - PJ"},"('Giros', 'COMISI\u00d3N')":{"('0083-S-2018', 0)":"DEFENSA NACIONAL","('0083-S-2018', 1)":"EDUCACION"},"('Tramites', 'C\u00c1MARA')":{"('0083-S-2018', 0)":"Senado","('0083-S-2018', 1)":"Diputados"},"('Tramites', 'MOVIMIENTO')":{"('0083-S-2018', 0)":"CONSIDERACION Y APROBACION CONJUNTAMENTE PARA LOS EXPEDIENTES 0083-S-2018, 0997-S-2017 y 1019-S-2017","('0083-S-2018', 1)":"PASA A DIPUTADOS - CONJUNTAMENTE PARA LOS EXPEDIENTES 0083-S-2018, 0997-S-2017 y 1019-S-2017"},"('Tramites', 'FECHA')":{"('0083-S-2018', 0)":"10\/10\/2018","('0083-S-2018', 1)":null},"('Tramites', 'RESULTADO')":{"('0083-S-2018', 0)":"MEDIA SANCION","('0083-S-2018', 1)":null},"Link":{"('0083-S-2018', 0)":"http:\/\/www.senado.gov.ar\/parlamentario\/comisiones\/verExp\/997.17\/S\/PL","('0083-S-2018', 1)":null},"Palabra Clave":{"('0083-S-2018', 0)":" ","('0083-S-2018', 1)":null}}