{"Tipo de Proyecto":{"('0084-D-2018', 0)":"PROYECTO DE LEY","('0084-D-2018', 1)":null,"('0084-D-2018', 2)":null,"('0084-D-2018', 3)":null,"('0084-D-2018', 4)":null,"('0084-D-2018', 5)":null,"('0084-D-2018', 6)":null,"('0084-D-2018', 7)":null,"('0084-D-2018', 8)":null,"('0084-D-2018', 9)":null},"Iniciado en: ":{"('0084-D-2018', 0)":"Diputados","('0084-D-2018', 1)":null,"('0084-D-2018', 2)":null,"('0084-D-2018', 3)":null,"('0084-D-2018', 4)":null,"('0084-D-2018', 5)":null,"('0084-D-2018', 6)":null,"('0084-D-2018', 7)":null,"('0084-D-2018', 8)":null,"('0084-D-2018', 9)":null},"Expediente Diputados: ":{"('0084-D-2018', 0)":"0084-D-2018","('0084-D-2018', 1)":null,"('0084-D-2018', 2)":null,"('0084-D-2018', 3)":null,"('0084-D-2018', 4)":null,"('0084-D-2018', 5)":null,"('0084-D-2018', 6)":null,"('0084-D-2018', 7)":null,"('0084-D-2018', 8)":null,"('0084-D-2018', 9)":null},"Publicado en: ":{"('0084-D-2018', 0)":"Tr\u00e1mite Parlamentario N\u00b0 1","('0084-D-2018', 1)":null,"('0084-D-2018', 2)":null,"('0084-D-2018', 3)":null,"('0084-D-2018', 4)":null,"('0084-D-2018', 5)":null,"('0084-D-2018', 6)":null,"('0084-D-2018', 7)":null,"('0084-D-2018', 8)":null,"('0084-D-2018', 9)":null},"Fecha: ":{"('0084-D-2018', 0)":"02\/03\/2018","('0084-D-2018', 1)":null,"('0084-D-2018', 2)":null,"('0084-D-2018', 3)":null,"('0084-D-2018', 4)":null,"('0084-D-2018', 5)":null,"('0084-D-2018', 6)":null,"('0084-D-2018', 7)":null,"('0084-D-2018', 8)":null,"('0084-D-2018', 9)":null},"T\u00edtulo":{"('0084-D-2018', 0)":"CODIGO CIVIL Y COMERCIAL DE LA NACION. MODIFICACION. INCORPORACION DE LA GESTACION POR SUSTITUCION. ","('0084-D-2018', 1)":null,"('0084-D-2018', 2)":null,"('0084-D-2018', 3)":null,"('0084-D-2018', 4)":null,"('0084-D-2018', 5)":null,"('0084-D-2018', 6)":null,"('0084-D-2018', 7)":null,"('0084-D-2018', 8)":null,"('0084-D-2018', 9)":null},"('Firmantes', 'FIRMANTE')":{"('0084-D-2018', 0)":"RACH QUIROGA, ANALIA","('0084-D-2018', 1)":"MERCADO, VERONICA","('0084-D-2018', 2)":"ALVAREZ RODRIGUEZ, MARIA CRISTINA","('0084-D-2018', 3)":"CARMONA, GUILLERMO RAMON","('0084-D-2018', 4)":"FILMUS, DANIEL","('0084-D-2018', 5)":"ROSSI, AGUSTIN OSCAR","('0084-D-2018', 6)":"MENDOZA, MAYRA SOLEDAD","('0084-D-2018', 7)":"MACHA, MONICA","('0084-D-2018', 8)":"MASIN, MARIA LUCILA","('0084-D-2018', 9)":"CAROL, ANALUZ AILEN"},"('Firmantes', 'DISTRITO')":{"('0084-D-2018', 0)":"CHACO","('0084-D-2018', 1)":"CATAMARCA","('0084-D-2018', 2)":"BUENOS AIRES","('0084-D-2018', 3)":"MENDOZA","('0084-D-2018', 4)":"CIUDAD de BUENOS AIRES","('0084-D-2018', 5)":"SANTA FE","('0084-D-2018', 6)":"BUENOS AIRES","('0084-D-2018', 7)":"BUENOS AIRES","('0084-D-2018', 8)":"CHACO","('0084-D-2018', 9)":"TIERRA DEL FUEGO"},"('Firmantes', 'BLOQUE')":{"('0084-D-2018', 0)":"FRENTE PARA LA VICTORIA - PJ","('0084-D-2018', 1)":"FRENTE PARA LA VICTORIA - PJ","('0084-D-2018', 2)":"FRENTE PARA LA VICTORIA - PJ","('0084-D-2018', 3)":"FRENTE PARA LA VICTORIA - PJ","('0084-D-2018', 4)":"FRENTE PARA LA VICTORIA - PJ","('0084-D-2018', 5)":"FRENTE PARA LA VICTORIA - PJ","('0084-D-2018', 6)":"FRENTE PARA LA VICTORIA - PJ","('0084-D-2018', 7)":"FRENTE PARA LA VICTORIA - PJ","('0084-D-2018', 8)":"FRENTE PARA LA VICTORIA - PJ","('0084-D-2018', 9)":"FRENTE PARA LA VICTORIA - PJ"},"('Giros', 'COMISI\u00d3N')":{"('0084-D-2018', 0)":"LEGISLACION GENERAL","('0084-D-2018', 1)":null,"('0084-D-2018', 2)":null,"('0084-D-2018', 3)":null,"('0084-D-2018', 4)":null,"('0084-D-2018', 5)":null,"('0084-D-2018', 6)":null,"('0084-D-2018', 7)":null,"('0084-D-2018', 8)":null,"('0084-D-2018', 9)":null},"('Tramites', 'C\u00c1MARA')":{"('0084-D-2018', 0)":"Diputados","('0084-D-2018', 1)":"Diputados","('0084-D-2018', 2)":null,"('0084-D-2018', 3)":null,"('0084-D-2018', 4)":null,"('0084-D-2018', 5)":null,"('0084-D-2018', 6)":null,"('0084-D-2018', 7)":null,"('0084-D-2018', 8)":null,"('0084-D-2018', 9)":null},"('Tramites', 'MOVIMIENTO')":{"('0084-D-2018', 0)":"SOLICITUD DE SER COFIRMANTE DE LA DIPUTADA CAROL (A SUS ANTECEDENTES)","('0084-D-2018', 1)":"RESOLUCION DE PRESIDENCIA - SE SUPRIME EL GIRO A LAS COMISIONES DE FAMILIA, MUJER, NI\u00d1EZ Y ADOLESCENCIA.","('0084-D-2018', 2)":null,"('0084-D-2018', 3)":null,"('0084-D-2018', 4)":null,"('0084-D-2018', 5)":null,"('0084-D-2018', 6)":null,"('0084-D-2018', 7)":null,"('0084-D-2018', 8)":null,"('0084-D-2018', 9)":null},"('Tramites', 'FECHA')":{"('0084-D-2018', 0)":null,"('0084-D-2018', 1)":null,"('0084-D-2018', 2)":null,"('0084-D-2018', 3)":null,"('0084-D-2018', 4)":null,"('0084-D-2018', 5)":null,"('0084-D-2018', 6)":null,"('0084-D-2018', 7)":null,"('0084-D-2018', 8)":null,"('0084-D-2018', 9)":null},"('Tramites', 'RESULTADO')":{"('0084-D-2018', 0)":null,"('0084-D-2018', 1)":null,"('0084-D-2018', 2)":null,"('0084-D-2018', 3)":null,"('0084-D-2018', 4)":null,"('0084-D-2018', 5)":null,"('0084-D-2018', 6)":null,"('0084-D-2018', 7)":null,"('0084-D-2018', 8)":null,"('0084-D-2018', 9)":null},"Sumario":{"('0084-D-2018', 0)":"MODIFICACION DE LOS ARTICULOS 560, 561, 562, 563, 565, 575, 577 INCORPORACION DE LOS ARTICULOS 575 BIS, 575 TER","('0084-D-2018', 1)":null,"('0084-D-2018', 2)":null,"('0084-D-2018', 3)":null,"('0084-D-2018', 4)":null,"('0084-D-2018', 5)":null,"('0084-D-2018', 6)":null,"('0084-D-2018', 7)":null,"('0084-D-2018', 8)":null,"('0084-D-2018', 9)":null},"Palabra Clave":{"('0084-D-2018', 0)":" ","('0084-D-2018', 1)":null,"('0084-D-2018', 2)":null,"('0084-D-2018', 3)":null,"('0084-D-2018', 4)":null,"('0084-D-2018', 5)":null,"('0084-D-2018', 6)":null,"('0084-D-2018', 7)":null,"('0084-D-2018', 8)":null,"('0084-D-2018', 9)":null}}