{"Tipo de Proyecto":{"('0084-S-2018', 0)":"PROYECTO DE DECLARACI\u00d3N"},"Iniciado en: ":{"('0084-S-2018', 0)":"Senado"},"Expediente Senado: ":{"('0084-S-2018', 0)":"0084-S-2018"},"Publicado en: ":{"('0084-S-2018', 0)":"Diario de Asuntos Entrados N\u00b0 5"},"Fecha: ":{"('0084-S-2018', 0)":"05\/03\/2018"},"T\u00edtulo":{"('0084-S-2018', 0)":"RECHAZAR EL LAUDO ARBITRAL EFECTUADO POR EL SE\u00d1OR PRESIDENTE DE LA NACION, MAURICIO MACRI, EN RELACION AL CONFLICTO ENTRE MENDOZA Y LA PAMPA POR LA REPRESA HIDROELECTRICA PORTEZUELO DEL VIENTO."},"('Firmantes', 'FIRMANTE')":{"('0084-S-2018', 0)":"LOVERA, DANIEL ANIBAL"},"('Firmantes', 'DISTRITO')":{"('0084-S-2018', 0)":"LA PAMPA"},"('Firmantes', 'BLOQUE')":{"('0084-S-2018', 0)":"PARTIDO JUSTICIALISTA LA PAMPA"},"Link":{"('0084-S-2018', 0)":"http:\/\/www.senado.gov.ar\/parlamentario\/comisiones\/verExp\/84.18\/S\/PD"},"Palabra Clave":{"('0084-S-2018', 0)":" "}}