{"Tipo de Proyecto":{"('0084-PE-2018', 0)":"MENSAJE NRO: 0043\/18","('0084-PE-2018', 1)":null},"Iniciado en: ":{"('0084-PE-2018', 0)":"Senado","('0084-PE-2018', 1)":null},"Expediente Senado: ":{"('0084-PE-2018', 0)":"0084-PE-2018","('0084-PE-2018', 1)":null},"Publicado en: ":{"('0084-PE-2018', 0)":"DAE S.A. N\u00b0 6","('0084-PE-2018', 1)":null},"Fecha: ":{"('0084-PE-2018', 0)":"21\/03\/2018","('0084-PE-2018', 1)":null},"T\u00edtulo":{"('0084-PE-2018', 0)":"SOLICITAR ACUERDO PARA PROMOVER A LA CATEGORIA \"C\", MINISTRO PLENIPOTENCIARIO DE SEGUNDA CLASE, A LOS FUNCIONARIOS DE LA CATEGORIA \"D\", CONSEJERO DE EMBAJADA Y CONSUL GENERAL, DEL MINISTERIO DE RELACIONES EXTERIORES Y CULTO.","('0084-PE-2018', 1)":null},"('Firmantes', 'FIRMANTE')":{"('0084-PE-2018', 0)":"MACRI, MAURICIO","('0084-PE-2018', 1)":"FAURIE, JORGE MARCELO"},"('Firmantes', 'DISTRITO')":{"('0084-PE-2018', 0)":null,"('0084-PE-2018', 1)":null},"('Firmantes', 'BLOQUE')":{"('0084-PE-2018', 0)":"PODER EJECUTIVO","('0084-PE-2018', 1)":"PODER EJECUTIVO"},"('Tramites', 'C\u00c1MARA')":{"('0084-PE-2018', 0)":"Senado","('0084-PE-2018', 1)":null},"('Tramites', 'MOVIMIENTO')":{"('0084-PE-2018', 0)":"CONSIDERACION Y APROBACION","('0084-PE-2018', 1)":null},"('Tramites', 'FECHA')":{"('0084-PE-2018', 0)":"27\/06\/2018","('0084-PE-2018', 1)":null},"('Tramites', 'RESULTADO')":{"('0084-PE-2018', 0)":"APROBADO","('0084-PE-2018', 1)":null},"Palabra Clave":{"('0084-PE-2018', 0)":" ","('0084-PE-2018', 1)":null}}