{"Tipo de Proyecto":{"('0085-S-2018', 0)":"COMUNICACION","('0085-S-2018', 1)":null},"Iniciado en: ":{"('0085-S-2018', 0)":"Senado","('0085-S-2018', 1)":null},"Expediente Senado: ":{"('0085-S-2018', 0)":"0085-S-2018","('0085-S-2018', 1)":null},"Publicado en: ":{"('0085-S-2018', 0)":"Diario de Asuntos Entrados N\u00b0 5","('0085-S-2018', 1)":null},"Fecha: ":{"('0085-S-2018', 0)":"05\/03\/2018","('0085-S-2018', 1)":null},"T\u00edtulo":{"('0085-S-2018', 0)":"PEDIDO DE INFORMES AL PODER EJECUTIVO SOBRE EL MEMORANDO DE ENTENDIMIENTO DE COLABORACION Y ASISTENCIA TECNICA CELEBRADO ENTRE EL MINISTERIO DE MODERNIZACION Y AMAZON WEB SERVICES INC.","('0085-S-2018', 1)":null},"('Firmantes', 'FIRMANTE')":{"('0085-S-2018', 0)":"LOVERA, DANIEL ANIBAL","('0085-S-2018', 1)":"DURANGO, NORMA HAYDEE"},"('Firmantes', 'DISTRITO')":{"('0085-S-2018', 0)":"LA PAMPA","('0085-S-2018', 1)":"LA PAMPA"},"('Firmantes', 'BLOQUE')":{"('0085-S-2018', 0)":"PARTIDO JUSTICIALISTA LA PAMPA","('0085-S-2018', 1)":"PARTIDO JUSTICIALISTA LA PAMPA"},"('Tramites', 'C\u00c1MARA')":{"('0085-S-2018', 0)":"Senado","('0085-S-2018', 1)":"Senado"},"('Tramites', 'MOVIMIENTO')":{"('0085-S-2018', 0)":"CONSIDERACION Y APROBACION","('0085-S-2018', 1)":"CONTESTACION DEL PODER EJECUTIVO NACIONAL - JEFE DE GABINETE DE MINISTROS - GIRADO A LA COMISION RESPECTIVA"},"('Tramites', 'FECHA')":{"('0085-S-2018', 0)":"27\/06\/2018","('0085-S-2018', 1)":"20\/03\/2019"},"('Tramites', 'RESULTADO')":{"('0085-S-2018', 0)":"APROBADO","('0085-S-2018', 1)":null},"Link":{"('0085-S-2018', 0)":"http:\/\/www.senado.gov.ar\/parlamentario\/comisiones\/verExp\/85.18\/S\/PC","('0085-S-2018', 1)":null},"Palabra Clave":{"('0085-S-2018', 0)":" ","('0085-S-2018', 1)":null}}