{"Tipo de Proyecto":{"('0085-PE-2018', 0)":"MENSAJE NRO: 0044\/18","('0085-PE-2018', 1)":null},"Iniciado en: ":{"('0085-PE-2018', 0)":"Senado","('0085-PE-2018', 1)":null},"Expediente Senado: ":{"('0085-PE-2018', 0)":"0085-PE-2018","('0085-PE-2018', 1)":null},"Publicado en: ":{"('0085-PE-2018', 0)":"DAE S.A. N\u00b0 6","('0085-PE-2018', 1)":null},"Fecha: ":{"('0085-PE-2018', 0)":"21\/03\/2018","('0085-PE-2018', 1)":null},"T\u00edtulo":{"('0085-PE-2018', 0)":"SOLICITAR ACUERDO PARA DESIGNAR FISCAL DE LA PROCURACION GENERAL DE LA NACION, AL DOCTOR SANTIAGO ROLDAN.","('0085-PE-2018', 1)":null},"('Firmantes', 'FIRMANTE')":{"('0085-PE-2018', 0)":"MACRI, MAURICIO","('0085-PE-2018', 1)":"GARAVANO, GERMAN CARLOS"},"('Firmantes', 'DISTRITO')":{"('0085-PE-2018', 0)":null,"('0085-PE-2018', 1)":null},"('Firmantes', 'BLOQUE')":{"('0085-PE-2018', 0)":"PODER EJECUTIVO","('0085-PE-2018', 1)":"PODER EJECUTIVO"},"('Tramites', 'C\u00c1MARA')":{"('0085-PE-2018', 0)":"Senado","('0085-PE-2018', 1)":"Senado"},"('Tramites', 'MOVIMIENTO')":{"('0085-PE-2018', 0)":"CITACION SESION ESPECIAL","('0085-PE-2018', 1)":"CONSIDERACION Y APROBACION"},"('Tramites', 'FECHA')":{"('0085-PE-2018', 0)":"30\/05\/2018","('0085-PE-2018', 1)":"30\/05\/2018"},"('Tramites', 'RESULTADO')":{"('0085-PE-2018', 0)":null,"('0085-PE-2018', 1)":"APROBADO"},"Palabra Clave":{"('0085-PE-2018', 0)":" ","('0085-PE-2018', 1)":null}}