{"Tipo de Proyecto":{"('0087-S-2018', 0)":"PROYECTO DE LEY","('0087-S-2018', 1)":null},"Iniciado en: ":{"('0087-S-2018', 0)":"Senado","('0087-S-2018', 1)":null},"Expediente Diputados: ":{"('0087-S-2018', 0)":"0087-S-2018","('0087-S-2018', 1)":null},"Expediente Senado: ":{"('0087-S-2018', 0)":"0054-S-2018","('0087-S-2018', 1)":null},"Publicado en: ":{"('0087-S-2018', 0)":"Diario de Asuntos Entrados N\u00b0 3","('0087-S-2018', 1)":null},"Fecha: ":{"('0087-S-2018', 0)":"05\/03\/2018","('0087-S-2018', 1)":null},"T\u00edtulo":{"('0087-S-2018', 0)":"ADHERIR A LA RESOLUCION DE LA ASAMBLEA GENERAL DE NACIONES UNIDAS A\/RES\/63\/139 DEL 11\/12\/08, QUE DECLARA EL 19 DE AGOSTO DE CADA A\u00d1O COMO EL DIA MUNDIAL DE LA ASISTENCIA HUMANITARIA (REPRODUCCION DEL EXPEDIENTE 3334-S-16).","('0087-S-2018', 1)":null},"('Firmantes', 'FIRMANTE')":{"('0087-S-2018', 0)":"DURANGO, NORMA HAYDEE","('0087-S-2018', 1)":null},"('Firmantes', 'DISTRITO')":{"('0087-S-2018', 0)":"LA PAMPA","('0087-S-2018', 1)":null},"('Firmantes', 'BLOQUE')":{"('0087-S-2018', 0)":"PARTIDO JUSTICIALISTA LA PAMPA","('0087-S-2018', 1)":null},"('Giros', 'COMISI\u00d3N')":{"('0087-S-2018', 0)":"RELACIONES EXTERIORES Y CULTO","('0087-S-2018', 1)":"ACCION SOCIAL Y SALUD PUBLICA"},"('Tramites', 'C\u00c1MARA')":{"('0087-S-2018', 0)":"Senado","('0087-S-2018', 1)":"Diputados"},"('Tramites', 'MOVIMIENTO')":{"('0087-S-2018', 0)":"CONSIDERACION Y APROBACION","('0087-S-2018', 1)":"PASA A DIPUTADOS -"},"('Tramites', 'FECHA')":{"('0087-S-2018', 0)":"10\/10\/2018","('0087-S-2018', 1)":null},"('Tramites', 'RESULTADO')":{"('0087-S-2018', 0)":"MEDIA SANCION","('0087-S-2018', 1)":null},"Link":{"('0087-S-2018', 0)":"http:\/\/www.senado.gov.ar\/parlamentario\/comisiones\/verExp\/54.18\/S\/PL","('0087-S-2018', 1)":null},"Palabra Clave":{"('0087-S-2018', 0)":" ","('0087-S-2018', 1)":null}}