{"Tipo de Proyecto":{"('0088-PE-2018', 0)":"MENSAJE NRO: 0046\/18","('0088-PE-2018', 1)":null},"Iniciado en: ":{"('0088-PE-2018', 0)":"Senado","('0088-PE-2018', 1)":null},"Expediente Senado: ":{"('0088-PE-2018', 0)":"0088-PE-2018","('0088-PE-2018', 1)":null},"Publicado en: ":{"('0088-PE-2018', 0)":"DAE S.A. N\u00b0 7","('0088-PE-2018', 1)":null},"Fecha: ":{"('0088-PE-2018', 0)":"05\/04\/2018","('0088-PE-2018', 1)":null},"T\u00edtulo":{"('0088-PE-2018', 0)":"PROMOVER AL GRADO INMEDIATO SUPERIOR A PARTIR DEL 31\/12\/2017 A PERSONAL MILITAR SUPERIOR DEL EJERCITO ARGENTINO.","('0088-PE-2018', 1)":null},"('Firmantes', 'FIRMANTE')":{"('0088-PE-2018', 0)":"MACRI, MAURICIO","('0088-PE-2018', 1)":"AGUAD, OSCAR RAUL"},"('Firmantes', 'DISTRITO')":{"('0088-PE-2018', 0)":null,"('0088-PE-2018', 1)":null},"('Firmantes', 'BLOQUE')":{"('0088-PE-2018', 0)":"PODER EJECUTIVO","('0088-PE-2018', 1)":"PODER EJECUTIVO"},"('Tramites', 'C\u00c1MARA')":{"('0088-PE-2018', 0)":"Senado","('0088-PE-2018', 1)":null},"('Tramites', 'MOVIMIENTO')":{"('0088-PE-2018', 0)":"CONSIDERACION Y APROBACION","('0088-PE-2018', 1)":null},"('Tramites', 'FECHA')":{"('0088-PE-2018', 0)":"27\/06\/2018","('0088-PE-2018', 1)":null},"('Tramites', 'RESULTADO')":{"('0088-PE-2018', 0)":"APROBADO","('0088-PE-2018', 1)":null},"Sumario":{"('0088-PE-2018', 0)":"TENIENTES CORONELES CUERPO DE COMANDO ESCALAFON DE LAS ARMAS: GABRIEL ROLANDO SENMARTIN, GONZALO ROBERTO CESAR HERRERA, ALEJANDRO GUILLERMO LIBERATORI, LUIS PABLO GUIMPEL, JOSE MARIA PROTTI, HECTOR DARIO OCHOA, ROBERTO OSCAR DELLO RUSSO, PABLO FRANCISCO DEPALO, JULIAN ANDRES MASSI FILIPPA, GUSTAVO WALTER RE, ALFREDO MASSARELLI, MIGUEL AUGUSTO KELLER, CARLOS JULIO SANMILLAN, GONZALO RODRIGUEZ ESPADA, CLAUDIO CEFERINO CERVIGNI, CESAR GUILLERMO MANDER, JORGE MARIANO LOPEZ STANIC, PABLO GUILLERMO PLAZA, GUSTAVO ADOLFO VISCEGLIE, RICARDO ADRIAN NEUMANN, CARLOS MARTIN ROZAS, PABLO JAVIER ROLANDO, PABLO GABRIEL ZANZERO, CARLOS ALBERTO ISSLER, RAMON VENTURINI, ALEJANDRO NESTOR VALDIVIA, JUAN SEBASTIAN VARGAS, ROBERTO MANUEL CERETTI, PABLO JOSE CONFORTE, LUIS ALBERTO TINTO, MARTIN MIGUEL GODDIO, CESAR ATILIO RODRIGUEZ, FACUNDO PE\u00d1A MANNUWAL, PABLO ALBERTO FILIPPINI, CRISTIAN FABIO CELLI, MARIO ALEJANDRO ALFONSO, RICARDO RAUL BENITEZ LABORDE, HECTOR FERNANDO CUELLO, OSCAR ALFREDO ACOSTA, ROLANDO SERGIO JAVORSKY, GUILLERMO OTERMIN, HERNAN MARIANO MOSQUERA, SERGIO DANIEL PAGIRYS, JOSE TEROL ASTRADA, DIEGO LEANDRO PEREYRA, FABIAN HORACIO DANIA, JUAN MANUEL DEVOTO, CESAR LEONARDO TABOADA, FABIAN MARCELO LOPEZ, JUAN JOSE AURELIO CARRERAS, MARCELO FABIAN RODRIGUEZ REY, EDGARDO FERNANDO MORALES, PABLO MARTIN DELLISANTI, FRANCISCO CRISTIAN MACHINANDIARENA, OSCAR ALEJANDRO ALLENDE, JUAN CARLOS MARTINEZ, RODOLFO ADRIAN TABBIA, VICTOR HUGO SALGADO; ESCALAFON DE COMPLEMENTO DE LAS ARMAS: VGM ANTONIO REYES, ROBERTO RAMON BIENESKI, ALEJANDRO GUSTAVO MUI\u00d1OS; ESPECIALIDADES: INTENDENCIA; VGM MIGUEL ANGEL SANTILLAN, RICARDO ROBERTO SALAZAR, RODOLFO DANIEL BUSKO; ARSENALES: LEONARDO JORGE ROGALA, FERNANDO ENRIQUE PEDRO POMA, EDGARDO WALTER RODRIGUEZ, EDUARDO OSCAR MONTI, JORGE ESTEBAN PEDRO ALESSO;CUERPO PROFESIONAL: ESCALAFON DE MEDICOS: JAVIER OMAR BARBARA, HUGO NICANOR ARENAS , LAURA PATRICIA IRAMAIN ESCALAFON DE AUDITORES, MARIO JORGE NEGRETTE ESCALAFON DE BIOQUIMICOS , SILVIA BEATRIZ LUCERO. MARCELA ALEJANDRA ARCE; ESCALAFON DE ODONTOLOGOS: SILVIA INES MONTENEGRO; ESCALAFON DE VETERINARIOS: HECTOR DANIEL TORRES: ESCALAFON DE MAESTROS DE BANDA: JAIME GUZMAN;ESCALAFON DE ENFERMEROS PROFESIONALES: SANDRA ISABEL CORIA","('0088-PE-2018', 1)":null},"Palabra Clave":{"('0088-PE-2018', 0)":" ","('0088-PE-2018', 1)":null}}