{"Tipo de Proyecto":{"('0089-s-2018', 0)":"PROYECTO DE LEY","('0089-s-2018', 1)":null},"Iniciado en: ":{"('0089-s-2018', 0)":"Senado","('0089-s-2018', 1)":null},"Expediente Diputados: ":{"('0089-s-2018', 0)":"0089-s-2018","('0089-s-2018', 1)":null},"Expediente Senado: ":{"('0089-s-2018', 0)":"0805-S-2018","('0089-s-2018', 1)":null},"Publicado en: ":{"('0089-s-2018', 0)":"Diario de Asuntos Entrados N\u00b0 40","('0089-s-2018', 1)":null},"Fecha: ":{"('0089-s-2018', 0)":"26\/03\/2018","('0089-s-2018', 1)":null},"T\u00edtulo":{"('0089-s-2018', 0)":"DECLARAR BIEN DE INTERES HISTORICO NACIONAL, EN LOS TERMINOS DE LA LEY 12665, AL INMUEBLE DE LA CALLE RIVADAVIA 148, DE LA CIUDAD DE VIEDMA, PROVINCIA DE RIO NEGRO.","('0089-s-2018', 1)":null},"('Firmantes', 'FIRMANTE')":{"('0089-s-2018', 0)":"ODARDA, MARIA MAGDALENA","('0089-s-2018', 1)":null},"('Firmantes', 'DISTRITO')":{"('0089-s-2018', 0)":"RIO NEGRO","('0089-s-2018', 1)":null},"('Firmantes', 'BLOQUE')":{"('0089-s-2018', 0)":"RIO - FRENTE PROGRESISTA","('0089-s-2018', 1)":null},"('Giros', 'COMISI\u00d3N')":{"('0089-s-2018', 0)":"CULTURA","('0089-s-2018', 1)":"PRESUPUESTO Y HACIENDA"},"('Tramites', 'C\u00c1MARA')":{"('0089-s-2018', 0)":"Senado","('0089-s-2018', 1)":"Diputados"},"('Tramites', 'MOVIMIENTO')":{"('0089-s-2018', 0)":"CONSIDERACION Y APROBACION","('0089-s-2018', 1)":"PASA A DIPUTADOS -"},"('Tramites', 'FECHA')":{"('0089-s-2018', 0)":"10\/10\/2018","('0089-s-2018', 1)":null},"('Tramites', 'RESULTADO')":{"('0089-s-2018', 0)":"MEDIA SANCION","('0089-s-2018', 1)":null},"Link":{"('0089-s-2018', 0)":"http:\/\/www.senado.gov.ar\/parlamentario\/comisiones\/verExp\/805.18\/S\/PL","('0089-s-2018', 1)":null},"Palabra Clave":{"('0089-s-2018', 0)":" ","('0089-s-2018', 1)":null}}