{"Tipo de Proyecto":{"('0089-D-2018', 0)":"PROYECTO DE LEY","('0089-D-2018', 1)":null,"('0089-D-2018', 2)":null},"Iniciado en: ":{"('0089-D-2018', 0)":"Diputados","('0089-D-2018', 1)":null,"('0089-D-2018', 2)":null},"Expediente Diputados: ":{"('0089-D-2018', 0)":"0089-D-2018","('0089-D-2018', 1)":null,"('0089-D-2018', 2)":null},"Expediente Senado: ":{"('0089-D-2018', 0)":"0125-CD-2019","('0089-D-2018', 1)":null,"('0089-D-2018', 2)":null},"Publicado en: ":{"('0089-D-2018', 0)":"Tr\u00e1mite Parlamentario N\u00b0 1","('0089-D-2018', 1)":null,"('0089-D-2018', 2)":null},"Fecha: ":{"('0089-D-2018', 0)":"02\/03\/2018","('0089-D-2018', 1)":null,"('0089-D-2018', 2)":null},"T\u00edtulo":{"('0089-D-2018', 0)":"TRANFERENCIA DE UN INMUEBLE PROPIEDAD DEL ESTADO NACIONAL  A LA MUNICIPALIDAD DE CONCORDIA, PROVINCIA DE ENTRE RIOS","('0089-D-2018', 1)":null,"('0089-D-2018', 2)":null},"('Firmantes', 'FIRMANTE')":{"('0089-D-2018', 0)":"CRESTO, MAYDA","('0089-D-2018', 1)":"BAHILLO, JUAN JOSE","('0089-D-2018', 2)":null},"('Firmantes', 'DISTRITO')":{"('0089-D-2018', 0)":"ENTRE RIOS","('0089-D-2018', 1)":"ENTRE RIOS","('0089-D-2018', 2)":null},"('Firmantes', 'BLOQUE')":{"('0089-D-2018', 0)":"JUSTICIALISTA","('0089-D-2018', 1)":"JUSTICIALISTA","('0089-D-2018', 2)":null},"('Giros', 'COMISI\u00d3N')":{"('0089-D-2018', 0)":"LEGISLACION GENERAL","('0089-D-2018', 1)":"PRESUPUESTO Y HACIENDA","('0089-D-2018', 2)":null},"('Tramites', 'C\u00c1MARA')":{"('0089-D-2018', 0)":"Diputados","('0089-D-2018', 1)":"Diputados","('0089-D-2018', 2)":"Senado"},"('Tramites', 'MOVIMIENTO')":{"('0089-D-2018', 0)":"CITACION SESION ESPECIAL","('0089-D-2018', 1)":"CONSIDERACION Y APROBACION","('0089-D-2018', 2)":"PASA A SENADO -"},"('Tramites', 'FECHA')":{"('0089-D-2018', 0)":"20\/11\/2019","('0089-D-2018', 1)":"20\/11\/2019","('0089-D-2018', 2)":null},"('Tramites', 'RESULTADO')":{"('0089-D-2018', 0)":null,"('0089-D-2018', 1)":"MEDIA SANCION","('0089-D-2018', 2)":null},"Link":{"('0089-D-2018', 0)":"https:\/\/www.hcdn.gob.ar\/proyectos\/textoCompleto.jsp?exp=0089-D-2018&tipo=LEY","('0089-D-2018', 1)":null,"('0089-D-2018', 2)":null},"Palabra Clave":{"('0089-D-2018', 0)":" ","('0089-D-2018', 1)":null,"('0089-D-2018', 2)":null}}