{"Tipo de Proyecto":{"('0090-PE-2018', 0)":"MENSAJE NRO: 0048\/18","('0090-PE-2018', 1)":null},"Iniciado en: ":{"('0090-PE-2018', 0)":"Senado","('0090-PE-2018', 1)":null},"Expediente Senado: ":{"('0090-PE-2018', 0)":"0090-PE-2018","('0090-PE-2018', 1)":null},"Publicado en: ":{"('0090-PE-2018', 0)":"DAE S.A. N\u00b0 8","('0090-PE-2018', 1)":null},"Fecha: ":{"('0090-PE-2018', 0)":"04\/04\/2018","('0090-PE-2018', 1)":null},"T\u00edtulo":{"('0090-PE-2018', 0)":"SOLICITA ACUERDO PARA DESIGNAR VOCAL DE LA CAMARA NACIONAL DE APELACIONES EN LO CRIMINAL Y CORRECCIONAL DE LA CAPITAL FEDERAL, VOCALIA N\u00ba 4, AL DOCTOR PABLO GUILLERMO LUCERO.","('0090-PE-2018', 1)":null},"('Firmantes', 'FIRMANTE')":{"('0090-PE-2018', 0)":"MACRI, MAURICIO","('0090-PE-2018', 1)":"GARAVANO, GERMAN CARLOS"},"('Firmantes', 'DISTRITO')":{"('0090-PE-2018', 0)":null,"('0090-PE-2018', 1)":null},"('Firmantes', 'BLOQUE')":{"('0090-PE-2018', 0)":"PODER EJECUTIVO","('0090-PE-2018', 1)":"PODER EJECUTIVO"},"('Tramites', 'C\u00c1MARA')":{"('0090-PE-2018', 0)":"Senado","('0090-PE-2018', 1)":null},"('Tramites', 'MOVIMIENTO')":{"('0090-PE-2018', 0)":"CONSIDERACION Y APROBACION","('0090-PE-2018', 1)":null},"('Tramites', 'FECHA')":{"('0090-PE-2018', 0)":"27\/06\/2018","('0090-PE-2018', 1)":null},"('Tramites', 'RESULTADO')":{"('0090-PE-2018', 0)":"APROBADO","('0090-PE-2018', 1)":null},"Palabra Clave":{"('0090-PE-2018', 0)":" ","('0090-PE-2018', 1)":null}}