{"Tipo de Proyecto":{"('0092-PE-2018', 0)":"MENSAJE NRO: 0050\/18","('0092-PE-2018', 1)":null},"Iniciado en: ":{"('0092-PE-2018', 0)":"Senado","('0092-PE-2018', 1)":null},"Expediente Senado: ":{"('0092-PE-2018', 0)":"0092-PE-2018","('0092-PE-2018', 1)":null},"Publicado en: ":{"('0092-PE-2018', 0)":"DAE S.A. N\u00b0 8","('0092-PE-2018', 1)":null},"Fecha: ":{"('0092-PE-2018', 0)":"04\/04\/2018","('0092-PE-2018', 1)":null},"T\u00edtulo":{"('0092-PE-2018', 0)":"SOLICITAR ACUERDO PARA DESIGNAR FISCAL GENERAL ANTE LA CAMARA FEDERAL DE CASACION PENAL, FISCALIA N\u00ba 1, AL DOCTOR MARIO ALBERTO VILLAR.","('0092-PE-2018', 1)":null},"('Firmantes', 'FIRMANTE')":{"('0092-PE-2018', 0)":"MACRI, MAURICIO","('0092-PE-2018', 1)":"GARAVANO, GERMAN CARLOS"},"('Firmantes', 'DISTRITO')":{"('0092-PE-2018', 0)":null,"('0092-PE-2018', 1)":null},"('Firmantes', 'BLOQUE')":{"('0092-PE-2018', 0)":"PODER EJECUTIVO","('0092-PE-2018', 1)":"PODER EJECUTIVO"},"('Tramites', 'C\u00c1MARA')":{"('0092-PE-2018', 0)":"Senado","('0092-PE-2018', 1)":null},"('Tramites', 'MOVIMIENTO')":{"('0092-PE-2018', 0)":"CONSIDERACION Y APROBACION","('0092-PE-2018', 1)":null},"('Tramites', 'FECHA')":{"('0092-PE-2018', 0)":"27\/06\/2018","('0092-PE-2018', 1)":null},"('Tramites', 'RESULTADO')":{"('0092-PE-2018', 0)":"APROBADO","('0092-PE-2018', 1)":null},"Palabra Clave":{"('0092-PE-2018', 0)":" ","('0092-PE-2018', 1)":null}}