{"Tipo de Proyecto":{"('0093-OV-2018', 0)":"PROYECTO DE RESOLUCI\u00d3N"},"Iniciado en: ":{"('0093-OV-2018', 0)":"Senado"},"Expediente Senado: ":{"('0093-OV-2018', 0)":"0093-OV-2018"},"Fecha: ":{"('0093-OV-2018', 0)":"12\/08\/2019"},"T\u00edtulo":{"('0093-OV-2018', 0)":"RESOLUCION REMITIDA POR LA AUDITORIA GENERAL DE LA NACION 53\/18, QUE APRUEBA EL INFORME REFERIDO A LOS ESTADOS FINANCIEROS DEL EJERCICIO 4 FINALIZADO EL 31\/12\/2017, CORRESPONDIENTES AL PROGRAMA DE SUSTENTABILIDAD Y COMPETITIVIDAD FORESTAL, FINANCIADO PARCIALMENTE  A TRAVES DEL CONVENIO DE PRESTAMO BID 2853\/OC-AR, SUSCRITO EL 16 DE MAYO DE 2013 ENTRE LA REPUBLICA ARGENTINA Y EL BID."},"('Firmantes', 'FIRMANTE')":{"('0093-OV-2018', 0)":"PARLAMENTARIA MIXTA REVISORA DE CUENTAS"},"('Firmantes', 'DISTRITO')":{"('0093-OV-2018', 0)":null},"('Firmantes', 'BLOQUE')":{"('0093-OV-2018', 0)":null},"Sumario":{"('0093-OV-2018', 0)":"HABIENDO TOMADO CONOCIMIENTO Y SIN PERJUICIO DE ULTERIORES MEDIDAS QUE PUEDAN ADOPTARSE, SE ACONSEJA SU REMISION AL ARCHIVO."},"Palabra Clave":{"('0093-OV-2018', 0)":" "}}