{"Tipo de Proyecto":{"('0093-D-2018', 0)":"PROYECTO DE RESOLUCI\u00d3N","('0093-D-2018', 1)":null},"Iniciado en: ":{"('0093-D-2018', 0)":"Diputados","('0093-D-2018', 1)":null},"Expediente Diputados: ":{"('0093-D-2018', 0)":"0093-D-2018","('0093-D-2018', 1)":null},"Publicado en: ":{"('0093-D-2018', 0)":"Tr\u00e1mite Parlamentario N\u00b0 1","('0093-D-2018', 1)":null},"Fecha: ":{"('0093-D-2018', 0)":"02\/03\/2018","('0093-D-2018', 1)":null},"T\u00edtulo":{"('0093-D-2018', 0)":"PEDIDO DE INFORMES VERBALES AL SE\u00d1OR MINISTRO DE FINANZAS DE LA NACION, LUIS CAPUTO, SOBRE SU VINCULACION CON EMPRESAS O SOCIEDADES INCLUIDAS EN LA INVESTIGACION INTERNACIONAL DENOMINADA \"PARADISE PAPERS\", Y OTRAS CUESTIONES CONEXAS.","('0093-D-2018', 1)":null},"('Firmantes', 'FIRMANTE')":{"('0093-D-2018', 0)":"GIOJA, JOSE LUIS","('0093-D-2018', 1)":"SORAIRE, MIRTA ALICIA"},"('Firmantes', 'DISTRITO')":{"('0093-D-2018', 0)":"SAN JUAN","('0093-D-2018', 1)":"TUCUMAN"},"('Firmantes', 'BLOQUE')":{"('0093-D-2018', 0)":"FRENTE PARA LA VICTORIA - PJ","('0093-D-2018', 1)":"FRENTE PARA LA VICTORIA - PJ"},"('Giros', 'COMISI\u00d3N')":{"('0093-D-2018', 0)":"ASUNTOS CONSTITUCIONALES","('0093-D-2018', 1)":"FINANZAS"},"('Tramites', 'C\u00c1MARA')":{"('0093-D-2018', 0)":"Diputados","('0093-D-2018', 1)":null},"('Tramites', 'MOVIMIENTO')":{"('0093-D-2018', 0)":"SOLICITUD DE SER COFIRMANTE DE LA DIPUTADA SORAIRE (A SUS ANTECEDENTES)","('0093-D-2018', 1)":null},"('Tramites', 'FECHA')":{"('0093-D-2018', 0)":null,"('0093-D-2018', 1)":null},"('Tramites', 'RESULTADO')":{"('0093-D-2018', 0)":null,"('0093-D-2018', 1)":null},"Link":{"('0093-D-2018', 0)":"https:\/\/www.hcdn.gob.ar\/proyectos\/textoCompleto.jsp?exp=0093-D-2018&tipo=RESOLUCION","('0093-D-2018', 1)":null},"Palabra Clave":{"('0093-D-2018', 0)":" ","('0093-D-2018', 1)":null}}