{"Tipo de Proyecto":{"('0094-D-2018', 0)":"PROYECTO DE LEY","('0094-D-2018', 1)":null},"Iniciado en: ":{"('0094-D-2018', 0)":"Diputados","('0094-D-2018', 1)":null},"Expediente Diputados: ":{"('0094-D-2018', 0)":"0094-D-2018","('0094-D-2018', 1)":null},"Publicado en: ":{"('0094-D-2018', 0)":"Tr\u00e1mite Parlamentario N\u00b0 1","('0094-D-2018', 1)":null},"Fecha: ":{"('0094-D-2018', 0)":"02\/03\/2018","('0094-D-2018', 1)":null},"T\u00edtulo":{"('0094-D-2018', 0)":"SISTEMA DE ALERTA TEMPRANA PARA VICTIMAS DE VIOLENCIA DE GENERO. CREACION.","('0094-D-2018', 1)":null},"('Firmantes', 'FIRMANTE')":{"('0094-D-2018', 0)":"NAZARIO, ADRIANA MONICA","('0094-D-2018', 1)":null},"('Firmantes', 'DISTRITO')":{"('0094-D-2018', 0)":"CORDOBA","('0094-D-2018', 1)":null},"('Firmantes', 'BLOQUE')":{"('0094-D-2018', 0)":"CORDOBA TRABAJO Y PRODUCCION","('0094-D-2018', 1)":null},"('Giros', 'COMISI\u00d3N')":{"('0094-D-2018', 0)":"FAMILIA, MUJER, NI\u00d1EZ Y ADOLESCENCIA","('0094-D-2018', 1)":"PRESUPUESTO Y HACIENDA"},"Sumario":{"('0094-D-2018', 0)":"ENTREGA GRATUITA DE DISPOSITIVOS ELECTRONICOS ANTIPANICO;  CREACION DEL REGISTRO DE DISPOSITIVOS ELECTRONICOS ANTIPANICO;  AUTORIDAD DE APLICACION: INSTITUTO NACIONAL DE LAS MUJERES.","('0094-D-2018', 1)":null},"Palabra Clave":{"('0094-D-2018', 0)":" ","('0094-D-2018', 1)":null}}