{"Tipo de Proyecto":{"('0094-OV-2018', 0)":"PROYECTO DE RESOLUCI\u00d3N"},"Iniciado en: ":{"('0094-OV-2018', 0)":"Senado"},"Expediente Senado: ":{"('0094-OV-2018', 0)":"0094-OV-2018"},"Fecha: ":{"('0094-OV-2018', 0)":"26\/11\/2018"},"T\u00edtulo":{"('0094-OV-2018', 0)":"RESOLUCION REMITIDA POR LA AUDITORIA GENERAL DE LA NACION 54\/18, APROBANDO EL INFORME DE AUDITORIA REFERIDO A LOS ESTADOS FINANCIEROS CORRESPONDIENTES AL PROGRAMA \"CORREDORES VIALES FASE II - RUTA NACIONAL 40\", EJERCICIO 4 FINALIZADO EL 31\/12\/2017."},"('Firmantes', 'FIRMANTE')":{"('0094-OV-2018', 0)":"PARLAMENTARIA MIXTA REVISORA DE CUENTAS"},"('Firmantes', 'DISTRITO')":{"('0094-OV-2018', 0)":null},"('Firmantes', 'BLOQUE')":{"('0094-OV-2018', 0)":null},"Sumario":{"('0094-OV-2018', 0)":"HABIENDO TOMADO CONOCIMIENTO Y SIN PERJUICIO DE ULTERIORES MEDIDAS QUE PUEDAN ADOPTARSE, SE ACONSEJA SU REMISION AL ARCHIVO."},"Palabra Clave":{"('0094-OV-2018', 0)":" "}}