{"Tipo de Proyecto":{"('0095-S-2018', 0)":"MENSAJE NRO: 0086\/18 Y PROYECTO DE LEY","('0095-S-2018', 1)":null,"('0095-S-2018', 2)":null},"Iniciado en: ":{"('0095-S-2018', 0)":"Senado","('0095-S-2018', 1)":null,"('0095-S-2018', 2)":null},"Expediente Diputados: ":{"('0095-S-2018', 0)":"0095-S-2018","('0095-S-2018', 1)":null,"('0095-S-2018', 2)":null},"Expediente Senado: ":{"('0095-S-2018', 0)":"0177-PE-2018","('0095-S-2018', 1)":null,"('0095-S-2018', 2)":null},"Publicado en: ":{"('0095-S-2018', 0)":"Diario de Asuntos Entrados N\u00b0 100","('0095-S-2018', 1)":null,"('0095-S-2018', 2)":null},"Fecha: ":{"('0095-S-2018', 0)":"19\/06\/2018","('0095-S-2018', 1)":null,"('0095-S-2018', 2)":null},"T\u00edtulo":{"('0095-S-2018', 0)":"APROBACION DEL CONVENIO SOBRE COBRO INTERNACIONAL DE ALIMENTOS PARA LOS NI\u00d1OS Y OTROS MIEMBROS DE LA FAMILIA, HECHO EN LA CIUDAD DE LA HAYA, REINO DE LOS PAISES BAJOS, EL 23 DE NOVIEMBRE DE 2007.","('0095-S-2018', 1)":null,"('0095-S-2018', 2)":null},"('Firmantes', 'FIRMANTE')":{"('0095-S-2018', 0)":"MACRI, MAURICIO","('0095-S-2018', 1)":"PE\u00d1A, MARCOS","('0095-S-2018', 2)":"FAURIE, JORGE MARCELO"},"('Firmantes', 'DISTRITO')":{"('0095-S-2018', 0)":null,"('0095-S-2018', 1)":null,"('0095-S-2018', 2)":null},"('Firmantes', 'BLOQUE')":{"('0095-S-2018', 0)":"PODER EJECUTIVO","('0095-S-2018', 1)":"PODER EJECUTIVO","('0095-S-2018', 2)":"PODER EJECUTIVO"},"('Giros', 'COMISI\u00d3N')":{"('0095-S-2018', 0)":"RELACIONES EXTERIORES Y CULTO","('0095-S-2018', 1)":"LEGISLACION GENERAL","('0095-S-2018', 2)":null},"('Tramites', 'C\u00c1MARA')":{"('0095-S-2018', 0)":"Senado","('0095-S-2018', 1)":"Diputados","('0095-S-2018', 2)":null},"('Tramites', 'MOVIMIENTO')":{"('0095-S-2018', 0)":"CONSIDERACION Y APROBACION","('0095-S-2018', 1)":"PASA A DIPUTADOS -","('0095-S-2018', 2)":null},"('Tramites', 'FECHA')":{"('0095-S-2018', 0)":"10\/10\/2018","('0095-S-2018', 1)":null,"('0095-S-2018', 2)":null},"('Tramites', 'RESULTADO')":{"('0095-S-2018', 0)":"MEDIA SANCION","('0095-S-2018', 1)":null,"('0095-S-2018', 2)":null},"Sumario":{"('0095-S-2018', 0)":"EL CONVENIO CONSTA DE SESENTA Y CINCO (65) ARTICULOS Y DOS (2) ANEXOS.","('0095-S-2018', 1)":null,"('0095-S-2018', 2)":null},"Palabra Clave":{"('0095-S-2018', 0)":" ","('0095-S-2018', 1)":null,"('0095-S-2018', 2)":null}}