{"Tipo de Proyecto":{"('0096-D-2018', 0)":"PROYECTO DE RESOLUCI\u00d3N","('0096-D-2018', 1)":null,"('0096-D-2018', 2)":null},"Iniciado en: ":{"('0096-D-2018', 0)":"Diputados","('0096-D-2018', 1)":null,"('0096-D-2018', 2)":null},"Expediente Diputados: ":{"('0096-D-2018', 0)":"0096-D-2018","('0096-D-2018', 1)":null,"('0096-D-2018', 2)":null},"Publicado en: ":{"('0096-D-2018', 0)":"Tr\u00e1mite Parlamentario N\u00b0 1","('0096-D-2018', 1)":null,"('0096-D-2018', 2)":null},"Fecha: ":{"('0096-D-2018', 0)":"02\/03\/2018","('0096-D-2018', 1)":null,"('0096-D-2018', 2)":null},"T\u00edtulo":{"('0096-D-2018', 0)":"EXPRESAR RECHAZO POR LA BAJA Y\/O ELIMINACION EN EL REGIMEN ARANCELARIO PARA EL INGRESO DE ACEITE DE OLIVA Y ACEITUNA DE MESA A NUESTRO PAIS.","('0096-D-2018', 1)":null,"('0096-D-2018', 2)":null},"('Firmantes', 'FIRMANTE')":{"('0096-D-2018', 0)":"MERCADO, VERONICA","('0096-D-2018', 1)":"LEAVY, SERGIO NAPOLEON","('0096-D-2018', 2)":"ESPINOZA, FERNANDO"},"('Firmantes', 'DISTRITO')":{"('0096-D-2018', 0)":"CATAMARCA","('0096-D-2018', 1)":"SALTA","('0096-D-2018', 2)":"BUENOS AIRES"},"('Firmantes', 'BLOQUE')":{"('0096-D-2018', 0)":"FRENTE PARA LA VICTORIA - PJ","('0096-D-2018', 1)":"FRENTE PARA LA VICTORIA - PJ","('0096-D-2018', 2)":"FRENTE PARA LA VICTORIA - PJ"},"('Giros', 'COMISI\u00d3N')":{"('0096-D-2018', 0)":"AGRICULTURA Y GANADERIA","('0096-D-2018', 1)":null,"('0096-D-2018', 2)":null},"('Tramites', 'C\u00c1MARA')":{"('0096-D-2018', 0)":"Diputados","('0096-D-2018', 1)":null,"('0096-D-2018', 2)":null},"('Tramites', 'MOVIMIENTO')":{"('0096-D-2018', 0)":"SOLICITUD DE REPRODUCCION DEL PROYECTO PARA EL PERIODO 137 (2019), SEGUN LOS TERMINOS DEL ARTICULO 7 DE LA RESOLUCION DE LA HCD DEL 05\/06\/1996","('0096-D-2018', 1)":null,"('0096-D-2018', 2)":null},"('Tramites', 'FECHA')":{"('0096-D-2018', 0)":null,"('0096-D-2018', 1)":null,"('0096-D-2018', 2)":null},"('Tramites', 'RESULTADO')":{"('0096-D-2018', 0)":null,"('0096-D-2018', 1)":null,"('0096-D-2018', 2)":null},"Link":{"('0096-D-2018', 0)":"https:\/\/www.hcdn.gob.ar\/proyectos\/textoCompleto.jsp?exp=0096-D-2018&tipo=RESOLUCION","('0096-D-2018', 1)":null,"('0096-D-2018', 2)":null},"Palabra Clave":{"('0096-D-2018', 0)":" ","('0096-D-2018', 1)":null,"('0096-D-2018', 2)":null}}