{"Tipo de Proyecto":{"('0096-OV-2018', 0)":"PROYECTO DE RESOLUCI\u00d3N"},"Iniciado en: ":{"('0096-OV-2018', 0)":"Senado"},"Expediente Senado: ":{"('0096-OV-2018', 0)":"0096-OV-2018"},"Publicado en: ":{"('0096-OV-2018', 0)":"Diario de Asuntos Entrados N\u00b0 0"},"Fecha: ":{"('0096-OV-2018', 0)":"11\/09\/2018"},"T\u00edtulo":{"('0096-OV-2018', 0)":"DICTAMEN EN LA RESOLUCION REMITIDA POR LA AUDITORIA GENERAL DE LA NACION 56\/18, QUE APRUEBA EL INFORME DE AUDITORIA REFERIDO A LOS ESTADOS FINANCIEROS CORRESPONDIENTES AL PROGRAMA DE REHABILITACION Y PAVIMENTACION DEL PASO INTERNACIONAL 'EL PEHUENCHE', CONTRATO DE PRESTAMO 4538 (CAF), EJERCICIO 10 FINALIZADO EL 31\/12\/2017."},"('Firmantes', 'FIRMANTE')":{"('0096-OV-2018', 0)":"PARLAMENTARIA MIXTA REVISORA DE CUENTAS"},"('Firmantes', 'DISTRITO')":{"('0096-OV-2018', 0)":null},"('Firmantes', 'BLOQUE')":{"('0096-OV-2018', 0)":null},"Sumario":{"('0096-OV-2018', 0)":"HABIENDO TOMADO CONOCIMIENTO Y SIN PERJUICIO DE ULTERIORES MEDIDAS QUE PUEDAN ADOPTARSE, SE ACONSEJA SU REMISION AL ARCHIVO."},"Palabra Clave":{"('0096-OV-2018', 0)":" "}}