{"Tipo de Proyecto":{"('0097-D-2018', 0)":"PROYECTO DE DECLARACI\u00d3N","('0097-D-2018', 1)":null,"('0097-D-2018', 2)":null,"('0097-D-2018', 3)":null,"('0097-D-2018', 4)":null,"('0097-D-2018', 5)":null,"('0097-D-2018', 6)":null,"('0097-D-2018', 7)":null,"('0097-D-2018', 8)":null,"('0097-D-2018', 9)":null,"('0097-D-2018', 10)":null,"('0097-D-2018', 11)":null,"('0097-D-2018', 12)":null,"('0097-D-2018', 13)":null,"('0097-D-2018', 14)":null},"Iniciado en: ":{"('0097-D-2018', 0)":"Diputados","('0097-D-2018', 1)":null,"('0097-D-2018', 2)":null,"('0097-D-2018', 3)":null,"('0097-D-2018', 4)":null,"('0097-D-2018', 5)":null,"('0097-D-2018', 6)":null,"('0097-D-2018', 7)":null,"('0097-D-2018', 8)":null,"('0097-D-2018', 9)":null,"('0097-D-2018', 10)":null,"('0097-D-2018', 11)":null,"('0097-D-2018', 12)":null,"('0097-D-2018', 13)":null,"('0097-D-2018', 14)":null},"Expediente Diputados: ":{"('0097-D-2018', 0)":"0097-D-2018","('0097-D-2018', 1)":null,"('0097-D-2018', 2)":null,"('0097-D-2018', 3)":null,"('0097-D-2018', 4)":null,"('0097-D-2018', 5)":null,"('0097-D-2018', 6)":null,"('0097-D-2018', 7)":null,"('0097-D-2018', 8)":null,"('0097-D-2018', 9)":null,"('0097-D-2018', 10)":null,"('0097-D-2018', 11)":null,"('0097-D-2018', 12)":null,"('0097-D-2018', 13)":null,"('0097-D-2018', 14)":null},"Publicado en: ":{"('0097-D-2018', 0)":"Tr\u00e1mite Parlamentario N\u00b0 1","('0097-D-2018', 1)":null,"('0097-D-2018', 2)":null,"('0097-D-2018', 3)":null,"('0097-D-2018', 4)":null,"('0097-D-2018', 5)":null,"('0097-D-2018', 6)":null,"('0097-D-2018', 7)":null,"('0097-D-2018', 8)":null,"('0097-D-2018', 9)":null,"('0097-D-2018', 10)":null,"('0097-D-2018', 11)":null,"('0097-D-2018', 12)":null,"('0097-D-2018', 13)":null,"('0097-D-2018', 14)":null},"Fecha: ":{"('0097-D-2018', 0)":"02\/03\/2018","('0097-D-2018', 1)":null,"('0097-D-2018', 2)":null,"('0097-D-2018', 3)":null,"('0097-D-2018', 4)":null,"('0097-D-2018', 5)":null,"('0097-D-2018', 6)":null,"('0097-D-2018', 7)":null,"('0097-D-2018', 8)":null,"('0097-D-2018', 9)":null,"('0097-D-2018', 10)":null,"('0097-D-2018', 11)":null,"('0097-D-2018', 12)":null,"('0097-D-2018', 13)":null,"('0097-D-2018', 14)":null},"T\u00edtulo":{"('0097-D-2018', 0)":"EXPRESAR BENEPLACITO POR LA CREACION DEL \"COMITE DE SOLIDARIDAD CON LULA DA SILVA\" DENTRO DE LA CENTRAL DE TRABAJADORES ARGENTINOS - CTA.","('0097-D-2018', 1)":null,"('0097-D-2018', 2)":null,"('0097-D-2018', 3)":null,"('0097-D-2018', 4)":null,"('0097-D-2018', 5)":null,"('0097-D-2018', 6)":null,"('0097-D-2018', 7)":null,"('0097-D-2018', 8)":null,"('0097-D-2018', 9)":null,"('0097-D-2018', 10)":null,"('0097-D-2018', 11)":null,"('0097-D-2018', 12)":null,"('0097-D-2018', 13)":null,"('0097-D-2018', 14)":null},"('Firmantes', 'FIRMANTE')":{"('0097-D-2018', 0)":"BRITEZ, MARIA CRISTINA","('0097-D-2018', 1)":"ESPINOZA, FERNANDO","('0097-D-2018', 2)":"CERRUTI, GABRIELA","('0097-D-2018', 3)":"IGON, SANTIAGO NICOLAS","('0097-D-2018', 4)":"CLERI, MARCOS","('0097-D-2018', 5)":"ESTEVEZ, GABRIELA BEATRIZ","('0097-D-2018', 6)":"CAROL, ANALUZ AILEN","('0097-D-2018', 7)":"CARRO, PABLO","('0097-D-2018', 8)":"SIERRA, MAGDALENA","('0097-D-2018', 9)":"SILEY, VANESA","('0097-D-2018', 10)":"ALONSO, LAURA V.","('0097-D-2018', 11)":"MASIN, MARIA LUCILA","('0097-D-2018', 12)":"MENDOZA, MAYRA SOLEDAD","('0097-D-2018', 13)":"FILMUS, DANIEL","('0097-D-2018', 14)":"HUSS, JUAN MANUEL"},"('Firmantes', 'DISTRITO')":{"('0097-D-2018', 0)":"MISIONES","('0097-D-2018', 1)":"BUENOS AIRES","('0097-D-2018', 2)":"CIUDAD de BUENOS AIRES","('0097-D-2018', 3)":"CHUBUT","('0097-D-2018', 4)":"SANTA FE","('0097-D-2018', 5)":"CORDOBA","('0097-D-2018', 6)":"TIERRA DEL FUEGO","('0097-D-2018', 7)":"CORDOBA","('0097-D-2018', 8)":"BUENOS AIRES","('0097-D-2018', 9)":"BUENOS AIRES","('0097-D-2018', 10)":"BUENOS AIRES","('0097-D-2018', 11)":"CHACO","('0097-D-2018', 12)":"BUENOS AIRES","('0097-D-2018', 13)":"CIUDAD de BUENOS AIRES","('0097-D-2018', 14)":"ENTRE RIOS"},"('Firmantes', 'BLOQUE')":{"('0097-D-2018', 0)":"FRENTE PARA LA VICTORIA - PJ","('0097-D-2018', 1)":"FRENTE PARA LA VICTORIA - PJ","('0097-D-2018', 2)":"FRENTE PARA LA VICTORIA - PJ","('0097-D-2018', 3)":"FRENTE PARA LA VICTORIA - PJ","('0097-D-2018', 4)":"FRENTE PARA LA VICTORIA - PJ","('0097-D-2018', 5)":"FRENTE PARA LA VICTORIA - PJ","('0097-D-2018', 6)":"FRENTE PARA LA VICTORIA - PJ","('0097-D-2018', 7)":"FRENTE PARA LA VICTORIA - PJ","('0097-D-2018', 8)":"FRENTE PARA LA VICTORIA - PJ","('0097-D-2018', 9)":"FRENTE PARA LA VICTORIA - PJ","('0097-D-2018', 10)":"FRENTE PARA LA VICTORIA - PJ","('0097-D-2018', 11)":"FRENTE PARA LA VICTORIA - PJ","('0097-D-2018', 12)":"FRENTE PARA LA VICTORIA - PJ","('0097-D-2018', 13)":"FRENTE PARA LA VICTORIA - PJ","('0097-D-2018', 14)":"FRENTE PARA LA VICTORIA - PJ"},"('Giros', 'COMISI\u00d3N')":{"('0097-D-2018', 0)":"RELACIONES EXTERIORES Y CULTO","('0097-D-2018', 1)":null,"('0097-D-2018', 2)":null,"('0097-D-2018', 3)":null,"('0097-D-2018', 4)":null,"('0097-D-2018', 5)":null,"('0097-D-2018', 6)":null,"('0097-D-2018', 7)":null,"('0097-D-2018', 8)":null,"('0097-D-2018', 9)":null,"('0097-D-2018', 10)":null,"('0097-D-2018', 11)":null,"('0097-D-2018', 12)":null,"('0097-D-2018', 13)":null,"('0097-D-2018', 14)":null},"('Tramites', 'C\u00c1MARA')":{"('0097-D-2018', 0)":"Diputados","('0097-D-2018', 1)":null,"('0097-D-2018', 2)":null,"('0097-D-2018', 3)":null,"('0097-D-2018', 4)":null,"('0097-D-2018', 5)":null,"('0097-D-2018', 6)":null,"('0097-D-2018', 7)":null,"('0097-D-2018', 8)":null,"('0097-D-2018', 9)":null,"('0097-D-2018', 10)":null,"('0097-D-2018', 11)":null,"('0097-D-2018', 12)":null,"('0097-D-2018', 13)":null,"('0097-D-2018', 14)":null},"('Tramites', 'MOVIMIENTO')":{"('0097-D-2018', 0)":"SOLICITUD DE SER ADHERENTE DEL DIPUTADO SANTILLAN (A SUS ANTECEDENTES)","('0097-D-2018', 1)":null,"('0097-D-2018', 2)":null,"('0097-D-2018', 3)":null,"('0097-D-2018', 4)":null,"('0097-D-2018', 5)":null,"('0097-D-2018', 6)":null,"('0097-D-2018', 7)":null,"('0097-D-2018', 8)":null,"('0097-D-2018', 9)":null,"('0097-D-2018', 10)":null,"('0097-D-2018', 11)":null,"('0097-D-2018', 12)":null,"('0097-D-2018', 13)":null,"('0097-D-2018', 14)":null},"('Tramites', 'FECHA')":{"('0097-D-2018', 0)":null,"('0097-D-2018', 1)":null,"('0097-D-2018', 2)":null,"('0097-D-2018', 3)":null,"('0097-D-2018', 4)":null,"('0097-D-2018', 5)":null,"('0097-D-2018', 6)":null,"('0097-D-2018', 7)":null,"('0097-D-2018', 8)":null,"('0097-D-2018', 9)":null,"('0097-D-2018', 10)":null,"('0097-D-2018', 11)":null,"('0097-D-2018', 12)":null,"('0097-D-2018', 13)":null,"('0097-D-2018', 14)":null},"('Tramites', 'RESULTADO')":{"('0097-D-2018', 0)":null,"('0097-D-2018', 1)":null,"('0097-D-2018', 2)":null,"('0097-D-2018', 3)":null,"('0097-D-2018', 4)":null,"('0097-D-2018', 5)":null,"('0097-D-2018', 6)":null,"('0097-D-2018', 7)":null,"('0097-D-2018', 8)":null,"('0097-D-2018', 9)":null,"('0097-D-2018', 10)":null,"('0097-D-2018', 11)":null,"('0097-D-2018', 12)":null,"('0097-D-2018', 13)":null,"('0097-D-2018', 14)":null},"Link":{"('0097-D-2018', 0)":"https:\/\/www.hcdn.gob.ar\/proyectos\/textoCompleto.jsp?exp=0097-D-2018&tipo=DECLARACION","('0097-D-2018', 1)":null,"('0097-D-2018', 2)":null,"('0097-D-2018', 3)":null,"('0097-D-2018', 4)":null,"('0097-D-2018', 5)":null,"('0097-D-2018', 6)":null,"('0097-D-2018', 7)":null,"('0097-D-2018', 8)":null,"('0097-D-2018', 9)":null,"('0097-D-2018', 10)":null,"('0097-D-2018', 11)":null,"('0097-D-2018', 12)":null,"('0097-D-2018', 13)":null,"('0097-D-2018', 14)":null},"Palabra Clave":{"('0097-D-2018', 0)":" ","('0097-D-2018', 1)":null,"('0097-D-2018', 2)":null,"('0097-D-2018', 3)":null,"('0097-D-2018', 4)":null,"('0097-D-2018', 5)":null,"('0097-D-2018', 6)":null,"('0097-D-2018', 7)":null,"('0097-D-2018', 8)":null,"('0097-D-2018', 9)":null,"('0097-D-2018', 10)":null,"('0097-D-2018', 11)":null,"('0097-D-2018', 12)":null,"('0097-D-2018', 13)":null,"('0097-D-2018', 14)":null}}