{"Tipo de Proyecto":{"('0097-S-2018', 0)":"PROYECTO DE DECLARACI\u00d3N","('0097-S-2018', 1)":null},"Iniciado en: ":{"('0097-S-2018', 0)":"Senado","('0097-S-2018', 1)":null},"Expediente Senado: ":{"('0097-S-2018', 0)":"0097-S-2018","('0097-S-2018', 1)":null},"Publicado en: ":{"('0097-S-2018', 0)":"Diario de Asuntos Entrados N\u00b0 5","('0097-S-2018', 1)":null},"Fecha: ":{"('0097-S-2018', 0)":"05\/03\/2018","('0097-S-2018', 1)":null},"T\u00edtulo":{"('0097-S-2018', 0)":"EXPRESAR RECONOCIMIENTO Y HOMENAJE AL POETA ANTONIO ESTEBAN AG\u00dcERO AL CONMEMORARSE EL 101 ANIVERSARIO DE SU NATALICIO EL 7 DE FEBRERO DE 2018.\n","('0097-S-2018', 1)":null},"('Firmantes', 'FIRMANTE')":{"('0097-S-2018', 0)":"CATALFAMO, MARIA EUGENIA","('0097-S-2018', 1)":"RODRIGUEZ SAA, ADOLFO"},"('Firmantes', 'DISTRITO')":{"('0097-S-2018', 0)":"SAN LUIS","('0097-S-2018', 1)":"SAN LUIS"},"('Firmantes', 'BLOQUE')":{"('0097-S-2018', 0)":"UNIDAD JUSTICIALISTA","('0097-S-2018', 1)":"UNIDAD JUSTICIALISTA"},"('Tramites', 'C\u00c1MARA')":{"('0097-S-2018', 0)":"Senado","('0097-S-2018', 1)":"Senado"},"('Tramites', 'MOVIMIENTO')":{"('0097-S-2018', 0)":"MOCION SOBRE TABLAS (AFIRMATIVA)","('0097-S-2018', 1)":"CONSIDERACION Y APROBACION"},"('Tramites', 'FECHA')":{"('0097-S-2018', 0)":"21\/03\/2018","('0097-S-2018', 1)":"21\/03\/2018"},"('Tramites', 'RESULTADO')":{"('0097-S-2018', 0)":null,"('0097-S-2018', 1)":"APROBADO"},"Link":{"('0097-S-2018', 0)":"http:\/\/www.senado.gov.ar\/parlamentario\/comisiones\/verExp\/97.18\/S\/PD","('0097-S-2018', 1)":null},"Palabra Clave":{"('0097-S-2018', 0)":" ","('0097-S-2018', 1)":null}}