{"Tipo de Proyecto":{"('0098-OV-2018', 0)":"PROYECTO DE RESOLUCI\u00d3N"},"Iniciado en: ":{"('0098-OV-2018', 0)":"Senado"},"Expediente Senado: ":{"('0098-OV-2018', 0)":"0098-OV-2018"},"Fecha: ":{"('0098-OV-2018', 0)":"09\/10\/2018"},"T\u00edtulo":{"('0098-OV-2018', 0)":"RESOLUCION REMITIDA POR LA AUDITORIA GENERAL DE LA NACION 46\/18, QUE APRUEBA EL INFORME SOBRE LOS ESTADOS FINANCIEROS AL 31\/10\/2017, REFERIDOS AL \"PROYECTO DE REPOTENCIACION (EXTENSION DE LA VIDA UTIL) DE LA CENTRAL NUCLEAR EMBALSE - PRESTAMO CAF 8086, DE NUCLEOELECTRICA ARGENTINA S.A."},"('Firmantes', 'FIRMANTE')":{"('0098-OV-2018', 0)":"PARLAMENTARIA MIXTA REVISORA DE CUENTAS"},"('Firmantes', 'DISTRITO')":{"('0098-OV-2018', 0)":null},"('Firmantes', 'BLOQUE')":{"('0098-OV-2018', 0)":null},"Sumario":{"('0098-OV-2018', 0)":"HABIENDO TOMADO CONOCIMIENTO Y SIN PERJUICIO DE ULTERIORES MEDIDAS QUE PUEDAN ADOPTARSE, SE ACONSEJA SU REMISION AL ARCHIVO"},"Palabra Clave":{"('0098-OV-2018', 0)":" "}}