{"Tipo de Proyecto":{"('0098-S-2018', 0)":"PROYECTO DE DECLARACI\u00d3N","('0098-S-2018', 1)":null},"Iniciado en: ":{"('0098-S-2018', 0)":"Senado","('0098-S-2018', 1)":null},"Expediente Senado: ":{"('0098-S-2018', 0)":"0098-S-2018","('0098-S-2018', 1)":null},"Publicado en: ":{"('0098-S-2018', 0)":"Diario de Asuntos Entrados N\u00b0 5","('0098-S-2018', 1)":null},"Fecha: ":{"('0098-S-2018', 0)":"05\/03\/2018","('0098-S-2018', 1)":null},"T\u00edtulo":{"('0098-S-2018', 0)":"EXPRESAR BENEPLACITO POR LA INICIATIVA \"PROGRAMADORES 3.0\", IMPULSADA POR EL GOBIERNO DE SAN LUIS, CUYO OBJETIVO ES FORMAR PROGRAMADORES CERTIFICADOS, PARA SU INSERCION LABORAL EN LAS GRANDES EMPRESAS TECNOLOGICAS DEL MUNDO.","('0098-S-2018', 1)":null},"('Firmantes', 'FIRMANTE')":{"('0098-S-2018', 0)":"CATALFAMO, MARIA EUGENIA","('0098-S-2018', 1)":"RODRIGUEZ SAA, ADOLFO"},"('Firmantes', 'DISTRITO')":{"('0098-S-2018', 0)":"SAN LUIS","('0098-S-2018', 1)":"SAN LUIS"},"('Firmantes', 'BLOQUE')":{"('0098-S-2018', 0)":"UNIDAD JUSTICIALISTA","('0098-S-2018', 1)":"UNIDAD JUSTICIALISTA"},"('Tramites', 'C\u00c1MARA')":{"('0098-S-2018', 0)":"Senado","('0098-S-2018', 1)":"Senado"},"('Tramites', 'MOVIMIENTO')":{"('0098-S-2018', 0)":"MOCION SOBRE TABLAS (AFIRMATIVA)","('0098-S-2018', 1)":"CONSIDERACION Y APROBACION"},"('Tramites', 'FECHA')":{"('0098-S-2018', 0)":"21\/03\/2018","('0098-S-2018', 1)":"21\/03\/2018"},"('Tramites', 'RESULTADO')":{"('0098-S-2018', 0)":null,"('0098-S-2018', 1)":"APROBADO"},"Link":{"('0098-S-2018', 0)":"http:\/\/www.senado.gov.ar\/parlamentario\/comisiones\/verExp\/98.18\/S\/PD","('0098-S-2018', 1)":null},"Palabra Clave":{"('0098-S-2018', 0)":" ","('0098-S-2018', 1)":null}}