{"Tipo de Proyecto":{"('0099-D-2018', 0)":"PROYECTO DE LEY","('0099-D-2018', 1)":null},"Iniciado en: ":{"('0099-D-2018', 0)":"Diputados","('0099-D-2018', 1)":null},"Expediente Diputados: ":{"('0099-D-2018', 0)":"0099-D-2018","('0099-D-2018', 1)":null},"Publicado en: ":{"('0099-D-2018', 0)":"Tr\u00e1mite Parlamentario N\u00b0 1","('0099-D-2018', 1)":null},"Fecha: ":{"('0099-D-2018', 0)":"02\/03\/2018","('0099-D-2018', 1)":null},"T\u00edtulo":{"('0099-D-2018', 0)":"FONDO DE CONSERVACION DE LAS ESTANCIAS Y MISIONES JESUITICAS. CREACION.","('0099-D-2018', 1)":null},"('Firmantes', 'FIRMANTE')":{"('0099-D-2018', 0)":"NAZARIO, ADRIANA MONICA","('0099-D-2018', 1)":null},"('Firmantes', 'DISTRITO')":{"('0099-D-2018', 0)":"CORDOBA","('0099-D-2018', 1)":null},"('Firmantes', 'BLOQUE')":{"('0099-D-2018', 0)":"CORDOBA TRABAJO Y PRODUCCION","('0099-D-2018', 1)":null},"('Giros', 'COMISI\u00d3N')":{"('0099-D-2018', 0)":"CULTURA","('0099-D-2018', 1)":"PRESUPUESTO Y HACIENDA"},"Sumario":{"('0099-D-2018', 0)":"INTEGRACION; ADMINISTRACION DEL FONDO; CONSTRUCCIONES.","('0099-D-2018', 1)":null},"Palabra Clave":{"('0099-D-2018', 0)":" ","('0099-D-2018', 1)":null}}