{"Tipo de Proyecto":{"('0100-OV-2018', 0)":"PROYECTO DE RESOLUCI\u00d3N"},"Iniciado en: ":{"('0100-OV-2018', 0)":"Senado"},"Expediente Senado: ":{"('0100-OV-2018', 0)":"0100-OV-2018"},"Publicado en: ":{"('0100-OV-2018', 0)":"Diario de Asuntos Entrados N\u00b0 0"},"Fecha: ":{"('0100-OV-2018', 0)":"11\/09\/2018"},"T\u00edtulo":{"('0100-OV-2018', 0)":"DICTAMEN EN LA RESOLUCION REMITIDA POR LA AUDITORIA GENERAL DE LA NACION 48\/2018, QUE APRUEBA EL INFORME DEL AUDITOR INDEPENDIENTE SOBRE LOS ESTADOS FINANCIEROS Y SOBRE CONTROLES - INTERNO Y CONTABLE- DEL TERCER PROGRAMA DE AGUA POTABLE Y SANEAMIENTO DEL AREA METROPOLITANA Y EL CONURBANO BONAERENSE - PRESTAMO BID 3733\/OC-AR CORRESPONDIENTE A AGUA Y SANEAMIENTOS ARGENTINOS SOCIEDAD ANONIMA (AYSA) AL 31\/12\/2017."},"('Firmantes', 'FIRMANTE')":{"('0100-OV-2018', 0)":"PARLAMENTARIA MIXTA REVISORA DE CUENTAS"},"('Firmantes', 'DISTRITO')":{"('0100-OV-2018', 0)":null},"('Firmantes', 'BLOQUE')":{"('0100-OV-2018', 0)":null},"Sumario":{"('0100-OV-2018', 0)":"HABIENDO TOMADO CONOCIMIENTO Y SIN PERJUICIO DE ULTERIORES MEDIDAS QUE PUEDAN ADOPTARSE, SE ACONSEJA SU REMISION AL ARCHIVO."},"Palabra Clave":{"('0100-OV-2018', 0)":" "}}