{"Tipo de Proyecto":{"('0100-PE-2018', 0)":"MENSAJE NRO: 0053\/18","('0100-PE-2018', 1)":null},"Iniciado en: ":{"('0100-PE-2018', 0)":"Senado","('0100-PE-2018', 1)":null},"Expediente Senado: ":{"('0100-PE-2018', 0)":"0100-PE-2018","('0100-PE-2018', 1)":null},"Publicado en: ":{"('0100-PE-2018', 0)":"DAE S.A. N\u00b0 9","('0100-PE-2018', 1)":null},"Fecha: ":{"('0100-PE-2018', 0)":"17\/04\/2018","('0100-PE-2018', 1)":null},"T\u00edtulo":{"('0100-PE-2018', 0)":"SOLICITAR ACUERDO PARA DESIGNAR VOCAL DE LA CAMARA FEDERAL DE CASACION PENAL, VOCALIA N\u00b0 2, AL DOCTOR DANIEL ANTONIO PETRONE.","('0100-PE-2018', 1)":null},"('Firmantes', 'FIRMANTE')":{"('0100-PE-2018', 0)":"MACRI, MAURICIO","('0100-PE-2018', 1)":"GARAVANO, GERMAN CARLOS"},"('Firmantes', 'DISTRITO')":{"('0100-PE-2018', 0)":null,"('0100-PE-2018', 1)":null},"('Firmantes', 'BLOQUE')":{"('0100-PE-2018', 0)":"PODER EJECUTIVO","('0100-PE-2018', 1)":"PODER EJECUTIVO"},"('Tramites', 'C\u00c1MARA')":{"('0100-PE-2018', 0)":"Senado","('0100-PE-2018', 1)":null},"('Tramites', 'MOVIMIENTO')":{"('0100-PE-2018', 0)":"CONSIDERACION Y APROBACION","('0100-PE-2018', 1)":null},"('Tramites', 'FECHA')":{"('0100-PE-2018', 0)":"27\/06\/2018","('0100-PE-2018', 1)":null},"('Tramites', 'RESULTADO')":{"('0100-PE-2018', 0)":"APROBADO","('0100-PE-2018', 1)":null},"Palabra Clave":{"('0100-PE-2018', 0)":" ","('0100-PE-2018', 1)":null}}