{"Tipo de Proyecto":{"('0101-S-2018', 0)":"MENSAJE NRO: 0096\/18 Y PROYECTO DE LEY","('0101-S-2018', 1)":null,"('0101-S-2018', 2)":null},"Iniciado en: ":{"('0101-S-2018', 0)":"Senado","('0101-S-2018', 1)":null,"('0101-S-2018', 2)":null},"Expediente Diputados: ":{"('0101-S-2018', 0)":"0101-S-2018","('0101-S-2018', 1)":null,"('0101-S-2018', 2)":null},"Expediente Senado: ":{"('0101-S-2018', 0)":"0201-PE-2018","('0101-S-2018', 1)":null,"('0101-S-2018', 2)":null},"Publicado en: ":{"('0101-S-2018', 0)":"Diario de Asuntos Entrados N\u00b0 119","('0101-S-2018', 1)":null,"('0101-S-2018', 2)":null},"Fecha: ":{"('0101-S-2018', 0)":"17\/07\/2018","('0101-S-2018', 1)":null,"('0101-S-2018', 2)":null},"T\u00edtulo":{"('0101-S-2018', 0)":"APROBACION DEL ACUERDO MARCO CON LA SECRETARIA DEL CONVENIO DE BASILEA SOBRE EL CONTROL DE LOS MOVIMIENTOS TRANSFRONTERIZOS DE LOS DESECHOS PELIGROSOS Y SU ELIMINACION SOBRE EL CENTRO REGIONAL DEL CONVENIO DE BASILEA PARA LA CAPACITACION Y LA TRANSFERENCIA DE TECNOLOGIA Y SUS ANEXOS, SUSCRIPTO EN LA CIUDAD DE GINEBRA -CONFEDERACION SUIZA, EL 2 DE NOVIEMBRE DE 2016.","('0101-S-2018', 1)":null,"('0101-S-2018', 2)":null},"('Firmantes', 'FIRMANTE')":{"('0101-S-2018', 0)":"MACRI, MAURICIO","('0101-S-2018', 1)":"PE\u00d1A, MARCOS","('0101-S-2018', 2)":"FAURIE, JORGE MARCELO"},"('Firmantes', 'DISTRITO')":{"('0101-S-2018', 0)":null,"('0101-S-2018', 1)":null,"('0101-S-2018', 2)":null},"('Firmantes', 'BLOQUE')":{"('0101-S-2018', 0)":"PODER EJECUTIVO","('0101-S-2018', 1)":"PODER EJECUTIVO","('0101-S-2018', 2)":"PODER EJECUTIVO"},"('Giros', 'COMISI\u00d3N')":{"('0101-S-2018', 0)":"RELACIONES EXTERIORES Y CULTO","('0101-S-2018', 1)":"RECURSOS NATURALES Y CONSERVACION DEL AMBIENTE HUMANO","('0101-S-2018', 2)":null},"('Tramites', 'C\u00c1MARA')":{"('0101-S-2018', 0)":"Senado","('0101-S-2018', 1)":"Diputados","('0101-S-2018', 2)":null},"('Tramites', 'MOVIMIENTO')":{"('0101-S-2018', 0)":"CONSIDERACION Y APROBACION","('0101-S-2018', 1)":"PASA A DIPUTADOS -","('0101-S-2018', 2)":null},"('Tramites', 'FECHA')":{"('0101-S-2018', 0)":"10\/10\/2018","('0101-S-2018', 1)":null,"('0101-S-2018', 2)":null},"('Tramites', 'RESULTADO')":{"('0101-S-2018', 0)":"MEDIA SANCION","('0101-S-2018', 1)":null,"('0101-S-2018', 2)":null},"Link":{"('0101-S-2018', 0)":"http:\/\/www.senado.gov.ar\/web\/proyectos\/verExpe.php?origen=PE&nro_comision=&tipo=PL&numexp=201\/18&tConsulta=5","('0101-S-2018', 1)":null,"('0101-S-2018', 2)":null},"Palabra Clave":{"('0101-S-2018', 0)":" ","('0101-S-2018', 1)":null,"('0101-S-2018', 2)":null}}