{"Tipo de Proyecto":{"('0101-D-2018', 0)":"PROYECTO DE DECLARACI\u00d3N","('0101-D-2018', 1)":null,"('0101-D-2018', 2)":null,"('0101-D-2018', 3)":null,"('0101-D-2018', 4)":null},"Iniciado en: ":{"('0101-D-2018', 0)":"Diputados","('0101-D-2018', 1)":null,"('0101-D-2018', 2)":null,"('0101-D-2018', 3)":null,"('0101-D-2018', 4)":null},"Expediente Diputados: ":{"('0101-D-2018', 0)":"0101-D-2018","('0101-D-2018', 1)":null,"('0101-D-2018', 2)":null,"('0101-D-2018', 3)":null,"('0101-D-2018', 4)":null},"Publicado en: ":{"('0101-D-2018', 0)":"Tr\u00e1mite Parlamentario N\u00b0 1","('0101-D-2018', 1)":null,"('0101-D-2018', 2)":null,"('0101-D-2018', 3)":null,"('0101-D-2018', 4)":null},"Fecha: ":{"('0101-D-2018', 0)":"02\/03\/2018","('0101-D-2018', 1)":null,"('0101-D-2018', 2)":null,"('0101-D-2018', 3)":null,"('0101-D-2018', 4)":null},"T\u00edtulo":{"('0101-D-2018', 0)":"SOLICITUD AL PODER EJECUTIVO DECLARE ZONA DE EMERGENCIA Y DESASTRE AGROPECUARIO POR LOS INCENDIOS ACAECIDOS EN ZONAS RURALES DE LAS PROVINCIAS DE MENDOZA Y LA PAMPA.","('0101-D-2018', 1)":null,"('0101-D-2018', 2)":null,"('0101-D-2018', 3)":null,"('0101-D-2018', 4)":null},"('Firmantes', 'FIRMANTE')":{"('0101-D-2018', 0)":"NAJUL, CLAUDIA","('0101-D-2018', 1)":"ZAMARBIDE, FEDERICO RAUL","('0101-D-2018', 2)":"KRONEBERGER, DANIEL RICARDO","('0101-D-2018', 3)":"BORSANI, LUIS GUSTAVO","('0101-D-2018', 4)":"PETRI, LUIS ALFONSO"},"('Firmantes', 'DISTRITO')":{"('0101-D-2018', 0)":"MENDOZA","('0101-D-2018', 1)":"MENDOZA","('0101-D-2018', 2)":"LA PAMPA","('0101-D-2018', 3)":"MENDOZA","('0101-D-2018', 4)":"MENDOZA"},"('Firmantes', 'BLOQUE')":{"('0101-D-2018', 0)":"UCR","('0101-D-2018', 1)":"UCR","('0101-D-2018', 2)":"UCR","('0101-D-2018', 3)":"UCR","('0101-D-2018', 4)":"UCR"},"('Giros', 'COMISI\u00d3N')":{"('0101-D-2018', 0)":"AGRICULTURA Y GANADERIA","('0101-D-2018', 1)":null,"('0101-D-2018', 2)":null,"('0101-D-2018', 3)":null,"('0101-D-2018', 4)":null},"Link":{"('0101-D-2018', 0)":"https:\/\/www.hcdn.gob.ar\/proyectos\/textoCompleto.jsp?exp=0101-D-2018&tipo=DECLARACION","('0101-D-2018', 1)":null,"('0101-D-2018', 2)":null,"('0101-D-2018', 3)":null,"('0101-D-2018', 4)":null},"Palabra Clave":{"('0101-D-2018', 0)":" ","('0101-D-2018', 1)":null,"('0101-D-2018', 2)":null,"('0101-D-2018', 3)":null,"('0101-D-2018', 4)":null}}