{"Tipo de Proyecto":{"('0101-PE-2018', 0)":"MENSAJE NRO: 0054\/18","('0101-PE-2018', 1)":null},"Iniciado en: ":{"('0101-PE-2018', 0)":"Senado","('0101-PE-2018', 1)":null},"Expediente Senado: ":{"('0101-PE-2018', 0)":"0101-PE-2018","('0101-PE-2018', 1)":null},"Publicado en: ":{"('0101-PE-2018', 0)":"DAE S.A. N\u00b0 9","('0101-PE-2018', 1)":null},"Fecha: ":{"('0101-PE-2018', 0)":"17\/04\/2018","('0101-PE-2018', 1)":null},"T\u00edtulo":{"('0101-PE-2018', 0)":"SOLICITAR ACUERDO PARA DESIGNAR JUEZ DEL JUZGADO NACIONAL DE PRIMERA INSTANCIA EN LO CIVIL N\u00b0 15, DE LA CAPITAL FEDERAL, AL DOCTOR ALEJANDRO JAVIER SANTAMARIA.","('0101-PE-2018', 1)":null},"('Firmantes', 'FIRMANTE')":{"('0101-PE-2018', 0)":"MACRI, MAURICIO","('0101-PE-2018', 1)":"GARAVANO, GERMAN CARLOS"},"('Firmantes', 'DISTRITO')":{"('0101-PE-2018', 0)":null,"('0101-PE-2018', 1)":null},"('Firmantes', 'BLOQUE')":{"('0101-PE-2018', 0)":"PODER EJECUTIVO","('0101-PE-2018', 1)":"PODER EJECUTIVO"},"('Tramites', 'C\u00c1MARA')":{"('0101-PE-2018', 0)":"Senado","('0101-PE-2018', 1)":null},"('Tramites', 'MOVIMIENTO')":{"('0101-PE-2018', 0)":"CONSIDERACION Y APROBACION","('0101-PE-2018', 1)":null},"('Tramites', 'FECHA')":{"('0101-PE-2018', 0)":"27\/06\/2018","('0101-PE-2018', 1)":null},"('Tramites', 'RESULTADO')":{"('0101-PE-2018', 0)":"APROBADO","('0101-PE-2018', 1)":null},"Palabra Clave":{"('0101-PE-2018', 0)":" ","('0101-PE-2018', 1)":null}}