{"Tipo de Proyecto":{"('0102-S-2018', 0)":"MENSAJE NRO: 0103\/18 Y PROYECTO DE LEY","('0102-S-2018', 1)":null,"('0102-S-2018', 2)":null,"('0102-S-2018', 3)":null},"Iniciado en: ":{"('0102-S-2018', 0)":"Senado","('0102-S-2018', 1)":null,"('0102-S-2018', 2)":null,"('0102-S-2018', 3)":null},"Expediente Diputados: ":{"('0102-S-2018', 0)":"0102-S-2018","('0102-S-2018', 1)":null,"('0102-S-2018', 2)":null,"('0102-S-2018', 3)":null},"Expediente Senado: ":{"('0102-S-2018', 0)":"0218-PE-2018","('0102-S-2018', 1)":null,"('0102-S-2018', 2)":null,"('0102-S-2018', 3)":null},"Publicado en: ":{"('0102-S-2018', 0)":"Diario de Asuntos Entrados N\u00b0 130","('0102-S-2018', 1)":null,"('0102-S-2018', 2)":null,"('0102-S-2018', 3)":null},"Fecha: ":{"('0102-S-2018', 0)":"02\/08\/2018","('0102-S-2018', 1)":null,"('0102-S-2018', 2)":null,"('0102-S-2018', 3)":null},"T\u00edtulo":{"('0102-S-2018', 0)":"APROBACION DEL PROTOCOLO DE ENMIENDA - ACUERDO LATINOAMERICANO DE COPRODUCCION CINEMATOGRAFICA, SUSCRIPTO EN LA CIUDAD DE BOGOTA, REPUBLICA DE COLOMBIA, EL 14 DE JULIO DE 2006.","('0102-S-2018', 1)":null,"('0102-S-2018', 2)":null,"('0102-S-2018', 3)":null},"('Firmantes', 'FIRMANTE')":{"('0102-S-2018', 0)":"MACRI, MAURICIO","('0102-S-2018', 1)":"PE\u00d1A, MARCOS","('0102-S-2018', 2)":"FAURIE, JORGE MARCELO","('0102-S-2018', 3)":null},"('Firmantes', 'DISTRITO')":{"('0102-S-2018', 0)":null,"('0102-S-2018', 1)":null,"('0102-S-2018', 2)":null,"('0102-S-2018', 3)":null},"('Firmantes', 'BLOQUE')":{"('0102-S-2018', 0)":"PODER EJECUTIVO","('0102-S-2018', 1)":"PODER EJECUTIVO","('0102-S-2018', 2)":"PODER EJECUTIVO","('0102-S-2018', 3)":null},"('Giros', 'COMISI\u00d3N')":{"('0102-S-2018', 0)":"RELACIONES EXTERIORES Y CULTO","('0102-S-2018', 1)":"CULTURA","('0102-S-2018', 2)":null,"('0102-S-2018', 3)":null},"('Tramites', 'C\u00c1MARA')":{"('0102-S-2018', 0)":"Senado","('0102-S-2018', 1)":"Diputados","('0102-S-2018', 2)":"Diputados","('0102-S-2018', 3)":"Diputados"},"('Tramites', 'MOVIMIENTO')":{"('0102-S-2018', 0)":"CONSIDERACION Y APROBACION","('0102-S-2018', 1)":"PASA A DIPUTADOS -","('0102-S-2018', 2)":"CITACION SESION ESPECIAL","('0102-S-2018', 3)":"CONSIDERACION Y SANCION"},"('Tramites', 'FECHA')":{"('0102-S-2018', 0)":"10\/10\/2018","('0102-S-2018', 1)":null,"('0102-S-2018', 2)":"20\/11\/2019","('0102-S-2018', 3)":"20\/11\/2019"},"('Tramites', 'RESULTADO')":{"('0102-S-2018', 0)":"MEDIA SANCION","('0102-S-2018', 1)":null,"('0102-S-2018', 2)":null,"('0102-S-2018', 3)":"SANCIONADO"},"Link":{"('0102-S-2018', 0)":"http:\/\/www.senado.gov.ar\/web\/proyectos\/verExpe.php?origen=PE&nro_comision=&tipo=PL&numexp=218\/18&tConsulta=5","('0102-S-2018', 1)":null,"('0102-S-2018', 2)":null,"('0102-S-2018', 3)":null},"Palabra Clave":{"('0102-S-2018', 0)":" ","('0102-S-2018', 1)":null,"('0102-S-2018', 2)":null,"('0102-S-2018', 3)":null}}