{"Tipo de Proyecto":{"('0102-PE-2018', 0)":"MENSAJE NRO: 0055\/18","('0102-PE-2018', 1)":null},"Iniciado en: ":{"('0102-PE-2018', 0)":"Senado","('0102-PE-2018', 1)":null},"Expediente Senado: ":{"('0102-PE-2018', 0)":"0102-PE-2018","('0102-PE-2018', 1)":null},"Publicado en: ":{"('0102-PE-2018', 0)":"DAE S.A. N\u00b0 9","('0102-PE-2018', 1)":null},"Fecha: ":{"('0102-PE-2018', 0)":"17\/04\/2018","('0102-PE-2018', 1)":null},"T\u00edtulo":{"('0102-PE-2018', 0)":"SOLICITAR ACUERDO PARA DESIGNAR VOCAL DE LA CAMARA FEDERAL DE CASACION PENAL, VOCALIA N\u00b0 5, AL DOCTOR DIEGO GUSTAVO BARROETAVE\u00d1A.","('0102-PE-2018', 1)":null},"('Firmantes', 'FIRMANTE')":{"('0102-PE-2018', 0)":"MACRI, MAURICIO","('0102-PE-2018', 1)":"GARAVANO, GERMAN CARLOS"},"('Firmantes', 'DISTRITO')":{"('0102-PE-2018', 0)":null,"('0102-PE-2018', 1)":null},"('Firmantes', 'BLOQUE')":{"('0102-PE-2018', 0)":"PODER EJECUTIVO","('0102-PE-2018', 1)":"PODER EJECUTIVO"},"('Tramites', 'C\u00c1MARA')":{"('0102-PE-2018', 0)":"Senado","('0102-PE-2018', 1)":null},"('Tramites', 'MOVIMIENTO')":{"('0102-PE-2018', 0)":"CONSIDERACION Y APROBACION","('0102-PE-2018', 1)":null},"('Tramites', 'FECHA')":{"('0102-PE-2018', 0)":"27\/06\/2018","('0102-PE-2018', 1)":null},"('Tramites', 'RESULTADO')":{"('0102-PE-2018', 0)":"APROBADO","('0102-PE-2018', 1)":null},"Palabra Clave":{"('0102-PE-2018', 0)":" ","('0102-PE-2018', 1)":null}}