{"Tipo de Proyecto":{"('0102-D-2018', 0)":"PROYECTO DE LEY","('0102-D-2018', 1)":null},"Iniciado en: ":{"('0102-D-2018', 0)":"Diputados","('0102-D-2018', 1)":null},"Expediente Diputados: ":{"('0102-D-2018', 0)":"0102-D-2018","('0102-D-2018', 1)":null},"Publicado en: ":{"('0102-D-2018', 0)":"Tr\u00e1mite Parlamentario N\u00b0 1","('0102-D-2018', 1)":null},"Fecha: ":{"('0102-D-2018', 0)":"02\/03\/2018","('0102-D-2018', 1)":null},"T\u00edtulo":{"('0102-D-2018', 0)":"MIGRACIONES - LEY 25871 -. MODIFICACION DEL ARTICULO 8 SOBRE DERECHO A LA SALUD A INMIGRANTES.","('0102-D-2018', 1)":null},"('Firmantes', 'FIRMANTE')":{"('0102-D-2018', 0)":"MARTINEZ, SILVIA ALEJANDRA","('0102-D-2018', 1)":null},"('Firmantes', 'DISTRITO')":{"('0102-D-2018', 0)":"JUJUY","('0102-D-2018', 1)":null},"('Firmantes', 'BLOQUE')":{"('0102-D-2018', 0)":"UCR","('0102-D-2018', 1)":null},"('Giros', 'COMISI\u00d3N')":{"('0102-D-2018', 0)":"RELACIONES EXTERIORES Y CULTO","('0102-D-2018', 1)":"ACCION SOCIAL Y SALUD PUBLICA"},"Sumario":{"('0102-D-2018', 0)":"REQUISITOS.","('0102-D-2018', 1)":null},"Palabra Clave":{"('0102-D-2018', 0)":" ","('0102-D-2018', 1)":null}}