{"Tipo de Proyecto":{"('0103-S-2018', 0)":"MENSAJE NRO: 0110\/18 Y PROYECTO DE LEY","('0103-S-2018', 1)":null},"Iniciado en: ":{"('0103-S-2018', 0)":"Senado","('0103-S-2018', 1)":null},"Expediente Diputados: ":{"('0103-S-2018', 0)":"0103-S-2018","('0103-S-2018', 1)":null},"Expediente Senado: ":{"('0103-S-2018', 0)":"0224-PE-2018","('0103-S-2018', 1)":null},"Publicado en: ":{"('0103-S-2018', 0)":"Diario de Asuntos Entrados N\u00b0 133","('0103-S-2018', 1)":null},"Fecha: ":{"('0103-S-2018', 0)":"09\/08\/2018","('0103-S-2018', 1)":null},"T\u00edtulo":{"('0103-S-2018', 0)":"APROBACION DEL CONVENIO INTERNACIONAL DEL ACEITE DE OLIVA Y DE LAS ACEITUNAS DE MESA DE 2015, ADOPTADO EN GINEBRA, CONFEDERACION SUIZA, EL 9 DE OCTUBRE DE 2015.","('0103-S-2018', 1)":null},"('Firmantes', 'FIRMANTE')":{"('0103-S-2018', 0)":"MACRI, MAURICIO","('0103-S-2018', 1)":null},"('Firmantes', 'DISTRITO')":{"('0103-S-2018', 0)":null,"('0103-S-2018', 1)":null},"('Firmantes', 'BLOQUE')":{"('0103-S-2018', 0)":"PODER EJECUTIVO","('0103-S-2018', 1)":null},"('Giros', 'COMISI\u00d3N')":{"('0103-S-2018', 0)":"RELACIONES EXTERIORES Y CULTO","('0103-S-2018', 1)":"AGRICULTURA Y GANADERIA"},"('Tramites', 'C\u00c1MARA')":{"('0103-S-2018', 0)":"Senado","('0103-S-2018', 1)":"Diputados"},"('Tramites', 'MOVIMIENTO')":{"('0103-S-2018', 0)":"CONSIDERACION Y APROBACION","('0103-S-2018', 1)":"PASA A DIPUTADOS -"},"('Tramites', 'FECHA')":{"('0103-S-2018', 0)":"10\/10\/2018","('0103-S-2018', 1)":null},"('Tramites', 'RESULTADO')":{"('0103-S-2018', 0)":"MEDIA SANCION","('0103-S-2018', 1)":null},"Link":{"('0103-S-2018', 0)":"http:\/\/www.senado.gov.ar\/web\/proyectos\/verExpe.php?origen=PE&nro_comision=&tipo=PL&numexp=224\/18&tConsulta=5","('0103-S-2018', 1)":null},"Palabra Clave":{"('0103-S-2018', 0)":" ","('0103-S-2018', 1)":null}}