{"Tipo de Proyecto":{"('0104-S-2018', 0)":"MENSAJE NRO: 0101\/18 Y PROYECTO DE LEY","('0104-S-2018', 1)":null,"('0104-S-2018', 2)":null,"('0104-S-2018', 3)":null,"('0104-S-2018', 4)":null,"('0104-S-2018', 5)":null},"Iniciado en: ":{"('0104-S-2018', 0)":"Senado","('0104-S-2018', 1)":null,"('0104-S-2018', 2)":null,"('0104-S-2018', 3)":null,"('0104-S-2018', 4)":null,"('0104-S-2018', 5)":null},"Expediente Diputados: ":{"('0104-S-2018', 0)":"0104-S-2018","('0104-S-2018', 1)":null,"('0104-S-2018', 2)":null,"('0104-S-2018', 3)":null,"('0104-S-2018', 4)":null,"('0104-S-2018', 5)":null},"Expediente Senado: ":{"('0104-S-2018', 0)":"0210-PE-2018","('0104-S-2018', 1)":null,"('0104-S-2018', 2)":null,"('0104-S-2018', 3)":null,"('0104-S-2018', 4)":null,"('0104-S-2018', 5)":null},"Publicado en: ":{"('0104-S-2018', 0)":"Diario de Asuntos Entrados N\u00b0 129","('0104-S-2018', 1)":null,"('0104-S-2018', 2)":null,"('0104-S-2018', 3)":null,"('0104-S-2018', 4)":null,"('0104-S-2018', 5)":null},"Fecha: ":{"('0104-S-2018', 0)":"01\/08\/2018","('0104-S-2018', 1)":null,"('0104-S-2018', 2)":null,"('0104-S-2018', 3)":null,"('0104-S-2018', 4)":null,"('0104-S-2018', 5)":null},"T\u00edtulo":{"('0104-S-2018', 0)":"RATIFICACION DEL CONVENIO ENTRE EL MINISTERIO DEL INTERIOR, OBRAS PUBLICAS Y VIVIENDA, LAS PROVINCIAS DE BUENOS AIRES, CORDOBA Y DE SANTA FE PARA LA INTEGRACION DE LA COMISION INTERJURISDICCIONAL DE LA CUENCA DE LA LAGUNA LA PICASA, SUSCRIPTO EN CIUDAD AUTONOMA DE BUENOS AIRES EL 15 DE JUNIO DE 2016.","('0104-S-2018', 1)":null,"('0104-S-2018', 2)":null,"('0104-S-2018', 3)":null,"('0104-S-2018', 4)":null,"('0104-S-2018', 5)":null},"('Firmantes', 'FIRMANTE')":{"('0104-S-2018', 0)":"MACRI, MAURICIO","('0104-S-2018', 1)":"PE\u00d1A, MARCOS","('0104-S-2018', 2)":"FRIGERIO, ROGELIO","('0104-S-2018', 3)":null,"('0104-S-2018', 4)":null,"('0104-S-2018', 5)":null},"('Firmantes', 'DISTRITO')":{"('0104-S-2018', 0)":null,"('0104-S-2018', 1)":null,"('0104-S-2018', 2)":null,"('0104-S-2018', 3)":null,"('0104-S-2018', 4)":null,"('0104-S-2018', 5)":null},"('Firmantes', 'BLOQUE')":{"('0104-S-2018', 0)":"PODER EJECUTIVO","('0104-S-2018', 1)":"PODER EJECUTIVO","('0104-S-2018', 2)":"PODER EJECUTIVO","('0104-S-2018', 3)":null,"('0104-S-2018', 4)":null,"('0104-S-2018', 5)":null},"('Giros', 'COMISI\u00d3N')":{"('0104-S-2018', 0)":"ASUNTOS CONSTITUCIONALES","('0104-S-2018', 1)":null,"('0104-S-2018', 2)":null,"('0104-S-2018', 3)":null,"('0104-S-2018', 4)":null,"('0104-S-2018', 5)":null},"('Tramites', 'C\u00c1MARA')":{"('0104-S-2018', 0)":"Senado","('0104-S-2018', 1)":"Senado","('0104-S-2018', 2)":"Diputados","('0104-S-2018', 3)":"Diputados","('0104-S-2018', 4)":"Diputados","('0104-S-2018', 5)":"Diputados"},"('Tramites', 'MOVIMIENTO')":{"('0104-S-2018', 0)":"MOCION SOBRE TABLAS (AFIRMATIVA)","('0104-S-2018', 1)":"CONSIDERACION Y APROBACION","('0104-S-2018', 2)":"PASA A DIPUTADOS -","('0104-S-2018', 3)":"CITACION SESION ESPECIAL","('0104-S-2018', 4)":"CONSIDERACION Y SANCION","('0104-S-2018', 5)":"INSERCIONES"},"('Tramites', 'FECHA')":{"('0104-S-2018', 0)":"10\/10\/2018","('0104-S-2018', 1)":"10\/10\/2018","('0104-S-2018', 2)":null,"('0104-S-2018', 3)":"26\/06\/2019","('0104-S-2018', 4)":"26\/06\/2019","('0104-S-2018', 5)":"26\/06\/2019"},"('Tramites', 'RESULTADO')":{"('0104-S-2018', 0)":null,"('0104-S-2018', 1)":"MEDIA SANCION","('0104-S-2018', 2)":null,"('0104-S-2018', 3)":null,"('0104-S-2018', 4)":"SANCIONADO","('0104-S-2018', 5)":null},"Link":{"('0104-S-2018', 0)":"http:\/\/www.senado.gov.ar\/web\/proyectos\/verExpe.php?origen=PE&nro_comision=&tipo=PL&numexp=210\/18&tConsulta=5","('0104-S-2018', 1)":null,"('0104-S-2018', 2)":null,"('0104-S-2018', 3)":null,"('0104-S-2018', 4)":null,"('0104-S-2018', 5)":null},"Palabra Clave":{"('0104-S-2018', 0)":" ","('0104-S-2018', 1)":null,"('0104-S-2018', 2)":null,"('0104-S-2018', 3)":null,"('0104-S-2018', 4)":null,"('0104-S-2018', 5)":null}}