{"Tipo de Proyecto":{"('0105-D-2018', 0)":"PROYECTO DE RESOLUCI\u00d3N"},"Iniciado en: ":{"('0105-D-2018', 0)":"Diputados"},"Expediente Diputados: ":{"('0105-D-2018', 0)":"0105-D-2018"},"Publicado en: ":{"('0105-D-2018', 0)":"Tr\u00e1mite Parlamentario N\u00b0 1"},"Fecha: ":{"('0105-D-2018', 0)":"02\/03\/2018"},"T\u00edtulo":{"('0105-D-2018', 0)":"PEDIDO DE INFORMES AL PODER EJECUTIVO SOBRE EL PLAN DE ALUMBRADO EFICIENTE - PLAE - PUBLICADO EN LA RESOLUCION 84 -E\/2017, Y OTRAS CUESTIONES CONEXAS."},"('Firmantes', 'FIRMANTE')":{"('0105-D-2018', 0)":"CONTIGIANI, LUIS GUSTAVO"},"('Firmantes', 'DISTRITO')":{"('0105-D-2018', 0)":"SANTA FE"},"('Firmantes', 'BLOQUE')":{"('0105-D-2018', 0)":"PARTIDO SOCIALISTA"},"('Giros', 'COMISI\u00d3N')":{"('0105-D-2018', 0)":"OBRAS PUBLICAS"},"Link":{"('0105-D-2018', 0)":"https:\/\/www.hcdn.gob.ar\/proyectos\/textoCompleto.jsp?exp=0105-D-2018&tipo=RESOLUCION"},"Palabra Clave":{"('0105-D-2018', 0)":" "}}