{"Tipo de Proyecto":{"('0106-D-2018', 0)":"PROYECTO DE RESOLUCI\u00d3N"},"Iniciado en: ":{"('0106-D-2018', 0)":"Diputados"},"Expediente Diputados: ":{"('0106-D-2018', 0)":"0106-D-2018"},"Publicado en: ":{"('0106-D-2018', 0)":"Tr\u00e1mite Parlamentario N\u00b0 1"},"Fecha: ":{"('0106-D-2018', 0)":"02\/03\/2018"},"T\u00edtulo":{"('0106-D-2018', 0)":"SOLICITAR AL PODER EJECUTIVO DISPONGA LAS MEDIDAS NECESARIAS PARA EL CUMPLIMIENTO DE LA TARIFA DE REFERENCIA ESTABLECIDA EN LA DISPOSICION 171 -E\/2017 DEL MINISTERIO DE TRANSPORTE."},"('Firmantes', 'FIRMANTE')":{"('0106-D-2018', 0)":"CONTIGIANI, LUIS GUSTAVO"},"('Firmantes', 'DISTRITO')":{"('0106-D-2018', 0)":"SANTA FE"},"('Firmantes', 'BLOQUE')":{"('0106-D-2018', 0)":"PARTIDO SOCIALISTA"},"('Giros', 'COMISI\u00d3N')":{"('0106-D-2018', 0)":"TRANSPORTES"},"('Tramites', 'C\u00c1MARA')":{"('0106-D-2018', 0)":"Diputados"},"('Tramites', 'MOVIMIENTO')":{"('0106-D-2018', 0)":"MOCION DE PREFERENCIA CON O SIN DICTAMEN (NEGATIVA)"},"('Tramites', 'FECHA')":{"('0106-D-2018', 0)":"21\/03\/2018"},"('Tramites', 'RESULTADO')":{"('0106-D-2018', 0)":null},"Link":{"('0106-D-2018', 0)":"https:\/\/www.hcdn.gob.ar\/proyectos\/textoCompleto.jsp?exp=0106-D-2018&tipo=RESOLUCION"},"Palabra Clave":{"('0106-D-2018', 0)":" "}}