{"Tipo de Proyecto":{"('0107-S-2018', 0)":"PROYECTO DE LEY"},"Iniciado en: ":{"('0107-S-2018', 0)":"Senado"},"Expediente Senado: ":{"('0107-S-2018', 0)":"0107-S-2018"},"Publicado en: ":{"('0107-S-2018', 0)":"Diario de Asuntos Entrados N\u00b0 6"},"Fecha: ":{"('0107-S-2018', 0)":"05\/03\/2018"},"T\u00edtulo":{"('0107-S-2018', 0)":"EXTENDER LOS PLAZOS PREVISTOS EN LOS ARTICULOS 2\u00ba Y 5\u00ba DE LA LEY 26360 Y S\/M (REGIMEN PARA EL TRATAMIENTO FISCAL DE LAS INVERSIONES), PARA LA REALIZACION DE INVERSIONES EN OBRAS DE INFRAESTRUCTURA HASTA EL 31 DE DICIEMBRE DE 2018.\n"},"('Firmantes', 'FIRMANTE')":{"('0107-S-2018', 0)":"PEREYRA, GUILLERMO JUAN"},"('Firmantes', 'DISTRITO')":{"('0107-S-2018', 0)":"NEUQUEN"},"('Firmantes', 'BLOQUE')":{"('0107-S-2018', 0)":"MOV POP NEUQUINO"},"Link":{"('0107-S-2018', 0)":"http:\/\/www.senado.gov.ar\/parlamentario\/comisiones\/verExp\/107.18\/S\/PL"},"Palabra Clave":{"('0107-S-2018', 0)":" "}}