{"Tipo de Proyecto":{"('0107-D-2018', 0)":"PROYECTO DE LEY","('0107-D-2018', 1)":null,"('0107-D-2018', 2)":null},"Iniciado en: ":{"('0107-D-2018', 0)":"Diputados","('0107-D-2018', 1)":null,"('0107-D-2018', 2)":null},"Expediente Diputados: ":{"('0107-D-2018', 0)":"0107-D-2018","('0107-D-2018', 1)":null,"('0107-D-2018', 2)":null},"Publicado en: ":{"('0107-D-2018', 0)":"Tr\u00e1mite Parlamentario N\u00b0 1","('0107-D-2018', 1)":null,"('0107-D-2018', 2)":null},"Fecha: ":{"('0107-D-2018', 0)":"02\/03\/2018","('0107-D-2018', 1)":null,"('0107-D-2018', 2)":null},"T\u00edtulo":{"('0107-D-2018', 0)":"COMISION ESPECIAL PARA PROMOCION Y SEGUIMIENTO DE LOS JUEGOS OLIMPICOS DE LA JUVENTUD BUENOS AIRES 2018. CREACION EN EL AMBITO DE LA H. CAMARA DE DIPUTADOS.","('0107-D-2018', 1)":null,"('0107-D-2018', 2)":null},"('Firmantes', 'FIRMANTE')":{"('0107-D-2018', 0)":"CASSINERIO, PAULO LEONARDO","('0107-D-2018', 1)":null,"('0107-D-2018', 2)":null},"('Firmantes', 'DISTRITO')":{"('0107-D-2018', 0)":"CORDOBA","('0107-D-2018', 1)":null,"('0107-D-2018', 2)":null},"('Firmantes', 'BLOQUE')":{"('0107-D-2018', 0)":"CORDOBA FEDERAL","('0107-D-2018', 1)":null,"('0107-D-2018', 2)":null},"('Giros', 'COMISI\u00d3N')":{"('0107-D-2018', 0)":"PETICIONES, PODERES Y REGLAMENTO","('0107-D-2018', 1)":"DEPORTES","('0107-D-2018', 2)":"PRESUPUESTO Y HACIENDA"},"Sumario":{"('0107-D-2018', 0)":"INTEGRACION; FACULTADES.","('0107-D-2018', 1)":null,"('0107-D-2018', 2)":null},"Palabra Clave":{"('0107-D-2018', 0)":" ","('0107-D-2018', 1)":null,"('0107-D-2018', 2)":null}}