{"Tipo de Proyecto":{"('0108-S-2018', 0)":"MENSAJE NRO: 0214\/18 Y PROYECTO DE LEY","('0108-S-2018', 1)":null,"('0108-S-2018', 2)":null,"('0108-S-2018', 3)":null,"('0108-S-2018', 4)":null,"('0108-S-2018', 5)":null,"('0108-S-2018', 6)":null,"('0108-S-2018', 7)":null,"('0108-S-2018', 8)":null},"Iniciado en: ":{"('0108-S-2018', 0)":"Senado","('0108-S-2018', 1)":null,"('0108-S-2018', 2)":null,"('0108-S-2018', 3)":null,"('0108-S-2018', 4)":null,"('0108-S-2018', 5)":null,"('0108-S-2018', 6)":null,"('0108-S-2018', 7)":null,"('0108-S-2018', 8)":null},"Expediente Diputados: ":{"('0108-S-2018', 0)":"0108-S-2018","('0108-S-2018', 1)":null,"('0108-S-2018', 2)":null,"('0108-S-2018', 3)":null,"('0108-S-2018', 4)":null,"('0108-S-2018', 5)":null,"('0108-S-2018', 6)":null,"('0108-S-2018', 7)":null,"('0108-S-2018', 8)":null},"Expediente Senado: ":{"('0108-S-2018', 0)":"0365-PE-2018","('0108-S-2018', 1)":null,"('0108-S-2018', 2)":null,"('0108-S-2018', 3)":null,"('0108-S-2018', 4)":null,"('0108-S-2018', 5)":null,"('0108-S-2018', 6)":null,"('0108-S-2018', 7)":null,"('0108-S-2018', 8)":null},"Publicado en: ":{"('0108-S-2018', 0)":"Diario de Asuntos Entrados N\u00b0 205","('0108-S-2018', 1)":null,"('0108-S-2018', 2)":null,"('0108-S-2018', 3)":null,"('0108-S-2018', 4)":null,"('0108-S-2018', 5)":null,"('0108-S-2018', 6)":null,"('0108-S-2018', 7)":null,"('0108-S-2018', 8)":null},"Fecha: ":{"('0108-S-2018', 0)":"09\/11\/2018","('0108-S-2018', 1)":null,"('0108-S-2018', 2)":null,"('0108-S-2018', 3)":null,"('0108-S-2018', 4)":null,"('0108-S-2018', 5)":null,"('0108-S-2018', 6)":null,"('0108-S-2018', 7)":null,"('0108-S-2018', 8)":null},"T\u00edtulo":{"('0108-S-2018', 0)":"AUTORIZACION AL SE\u00d1OR PRESIDENTE DE LA NACION PARA AUSENTARSE DEL PAIS DURANTE EL A\u00d1O 2019, CUANDO RAZONES DE GOBIERNO ASI LO REQUIERAN.","('0108-S-2018', 1)":null,"('0108-S-2018', 2)":null,"('0108-S-2018', 3)":null,"('0108-S-2018', 4)":null,"('0108-S-2018', 5)":null,"('0108-S-2018', 6)":null,"('0108-S-2018', 7)":null,"('0108-S-2018', 8)":null},"('Firmantes', 'FIRMANTE')":{"('0108-S-2018', 0)":"MACRI, MAURICIO","('0108-S-2018', 1)":"PE\u00d1A, MARCOS","('0108-S-2018', 2)":null,"('0108-S-2018', 3)":null,"('0108-S-2018', 4)":null,"('0108-S-2018', 5)":null,"('0108-S-2018', 6)":null,"('0108-S-2018', 7)":null,"('0108-S-2018', 8)":null},"('Firmantes', 'DISTRITO')":{"('0108-S-2018', 0)":null,"('0108-S-2018', 1)":null,"('0108-S-2018', 2)":null,"('0108-S-2018', 3)":null,"('0108-S-2018', 4)":null,"('0108-S-2018', 5)":null,"('0108-S-2018', 6)":null,"('0108-S-2018', 7)":null,"('0108-S-2018', 8)":null},"('Firmantes', 'BLOQUE')":{"('0108-S-2018', 0)":"PODER EJECUTIVO","('0108-S-2018', 1)":"PODER EJECUTIVO","('0108-S-2018', 2)":null,"('0108-S-2018', 3)":null,"('0108-S-2018', 4)":null,"('0108-S-2018', 5)":null,"('0108-S-2018', 6)":null,"('0108-S-2018', 7)":null,"('0108-S-2018', 8)":null},"('Giros', 'COMISI\u00d3N')":{"('0108-S-2018', 0)":"ASUNTOS CONSTITUCIONALES","('0108-S-2018', 1)":null,"('0108-S-2018', 2)":null,"('0108-S-2018', 3)":null,"('0108-S-2018', 4)":null,"('0108-S-2018', 5)":null,"('0108-S-2018', 6)":null,"('0108-S-2018', 7)":null,"('0108-S-2018', 8)":null},"('Tramites', 'C\u00c1MARA')":{"('0108-S-2018', 0)":"Senado","('0108-S-2018', 1)":"Senado","('0108-S-2018', 2)":"Senado","('0108-S-2018', 3)":"Senado","('0108-S-2018', 4)":"Diputados","('0108-S-2018', 5)":"Diputados","('0108-S-2018', 6)":"Diputados","('0108-S-2018', 7)":"Diputados","('0108-S-2018', 8)":"Diputados"},"('Tramites', 'MOVIMIENTO')":{"('0108-S-2018', 0)":"CITACION SESION ESPECIAL","('0108-S-2018', 1)":"MOCION SOBRE TABLAS (AFIRMATIVA)","('0108-S-2018', 2)":"CONSIDERACION Y APROBACION","('0108-S-2018', 3)":"INSERCIONES","('0108-S-2018', 4)":"PASA A DIPUTADOS -","('0108-S-2018', 5)":"CITACION SESION ESPECIAL","('0108-S-2018', 6)":"MOCION SOBRE TABLAS (AFIRMATIVA)","('0108-S-2018', 7)":"CONSIDERACION Y SANCION","('0108-S-2018', 8)":"INSERCION"},"('Tramites', 'FECHA')":{"('0108-S-2018', 0)":"14\/11\/2018","('0108-S-2018', 1)":"14\/11\/2018","('0108-S-2018', 2)":"14\/11\/2018","('0108-S-2018', 3)":"14\/11\/2018","('0108-S-2018', 4)":null,"('0108-S-2018', 5)":"05\/12\/2018","('0108-S-2018', 6)":"05\/12\/2018","('0108-S-2018', 7)":"05\/12\/2018","('0108-S-2018', 8)":"05\/12\/2018"},"('Tramites', 'RESULTADO')":{"('0108-S-2018', 0)":null,"('0108-S-2018', 1)":null,"('0108-S-2018', 2)":"MEDIA SANCION","('0108-S-2018', 3)":null,"('0108-S-2018', 4)":null,"('0108-S-2018', 5)":null,"('0108-S-2018', 6)":null,"('0108-S-2018', 7)":"SANCIONADO","('0108-S-2018', 8)":null},"Link":{"('0108-S-2018', 0)":"http:\/\/www.senado.gov.ar\/web\/proyectos\/verExpe.php?origen=PE&nro_comision=&tipo=PL&numexp=365\/18&tConsulta=5","('0108-S-2018', 1)":null,"('0108-S-2018', 2)":null,"('0108-S-2018', 3)":null,"('0108-S-2018', 4)":null,"('0108-S-2018', 5)":null,"('0108-S-2018', 6)":null,"('0108-S-2018', 7)":null,"('0108-S-2018', 8)":null},"Palabra Clave":{"('0108-S-2018', 0)":" ","('0108-S-2018', 1)":null,"('0108-S-2018', 2)":null,"('0108-S-2018', 3)":null,"('0108-S-2018', 4)":null,"('0108-S-2018', 5)":null,"('0108-S-2018', 6)":null,"('0108-S-2018', 7)":null,"('0108-S-2018', 8)":null}}