{"Tipo de Proyecto":{"('0108-D-2018', 0)":"PROYECTO DE RESOLUCI\u00d3N"},"Iniciado en: ":{"('0108-D-2018', 0)":"Diputados"},"Expediente Diputados: ":{"('0108-D-2018', 0)":"0108-D-2018"},"Publicado en: ":{"('0108-D-2018', 0)":"Tr\u00e1mite Parlamentario N\u00b0 1"},"Fecha: ":{"('0108-D-2018', 0)":"02\/03\/2018"},"T\u00edtulo":{"('0108-D-2018', 0)":"DECLARAR DE INTERES DE LA H. CAMARA LOS JUEGOS OLIMPICOS DE LA JUVENTUD BUENOS AIRES 2018."},"('Firmantes', 'FIRMANTE')":{"('0108-D-2018', 0)":"CASSINERIO, PAULO LEONARDO"},"('Firmantes', 'DISTRITO')":{"('0108-D-2018', 0)":"CORDOBA"},"('Firmantes', 'BLOQUE')":{"('0108-D-2018', 0)":"CORDOBA FEDERAL"},"('Giros', 'COMISI\u00d3N')":{"('0108-D-2018', 0)":"DEPORTES"},"('Tramites', 'C\u00c1MARA')":{"('0108-D-2018', 0)":"Diputados"},"('Tramites', 'MOVIMIENTO')":{"('0108-D-2018', 0)":"APROBACION ARTICULO 114 DEL REGLAMENTO DE LA H CAMARA DE DIPUTADOS; COMUNICADO EL 07\/05\/2018 CONJUNTAMENTE PARA LOS EXPEDIENTES 0108-D-2018 y 0833-D-2018"},"('Tramites', 'FECHA')":{"('0108-D-2018', 0)":null},"('Tramites', 'RESULTADO')":{"('0108-D-2018', 0)":"APROBADO"},"Link":{"('0108-D-2018', 0)":"https:\/\/www.hcdn.gob.ar\/proyectos\/textoCompleto.jsp?exp=0108-D-2018&tipo=RESOLUCION"},"Palabra Clave":{"('0108-D-2018', 0)":" "}}