{"Tipo de Proyecto":{"('0109-OV-2018', 0)":"PROYECTO DE RESOLUCI\u00d3N"},"Iniciado en: ":{"('0109-OV-2018', 0)":"Senado"},"Expediente Senado: ":{"('0109-OV-2018', 0)":"0109-OV-2018"},"Fecha: ":{"('0109-OV-2018', 0)":"09\/10\/2018"},"T\u00edtulo":{"('0109-OV-2018', 0)":"RESOLUCIONES REMITIDAS POR LA AUDITORIA GENERAL DE LA NACION 57\/18, QUE APRUEBA EL INFORME DE AUDITORIA REFERIDO AL BANCO DE LA NACION ARGENTINA - ESTADOS CONTABLES AL 31\/12\/2016 DEL FIDEICOMISO FONDO NACIONAL DE DESARROLLO PARA LA MICRO, PEQUE\u00d1A Y MEDIANA EMPRESA (0109-OV-18), Y 58\/18, QUE APRUEBA EL MEMORANDO SOBRE EL SOBRE EL SISTEMA DE CONTROL INTERNO CONTABLES REFERIDO A LOS ESTADOS CONTABLES AL 31\/12\/2016 DEL BANCO DE LA NACION ARGENTINA - FIDEICOMISO FONDO NACIONAL DE DESARROLLO PARA LA MICRO PEQUE\u00d1A Y MEDIANA EMPRESA (0110-OV-18)."},"('Firmantes', 'FIRMANTE')":{"('0109-OV-2018', 0)":"PARLAMENTARIA MIXTA REVISORA DE CUENTAS"},"('Firmantes', 'DISTRITO')":{"('0109-OV-2018', 0)":null},"('Firmantes', 'BLOQUE')":{"('0109-OV-2018', 0)":null},"Sumario":{"('0109-OV-2018', 0)":"HABIENDO TOMADO CONOCIMIENTO Y SIN PERJUICIO DE ULTERIORES MEDIDAS QUE PUEDAN ADOPTARSE, SE ACONSEJA SU REMISION AL ARCHIVO"},"Palabra Clave":{"('0109-OV-2018', 0)":" "}}