{"Tipo de Proyecto":{"('0109-D-2018', 0)":"PROYECTO DE DECLARACI\u00d3N"},"Iniciado en: ":{"('0109-D-2018', 0)":"Diputados"},"Expediente Diputados: ":{"('0109-D-2018', 0)":"0109-D-2018"},"Publicado en: ":{"('0109-D-2018', 0)":"Tr\u00e1mite Parlamentario N\u00b0 1"},"Fecha: ":{"('0109-D-2018', 0)":"02\/03\/2018"},"T\u00edtulo":{"('0109-D-2018', 0)":"EXPRESAR PESAR POR EL DOBLE FEMICIDIO DE KARINA APABLAZA Y SU HIJA VALENTINA, OCURRIDOS EL 22 DE FEBRERO DE 2018 EN LA LOCALIDAD DE LAS OVEJAS, PROVINCIA DEL NEUQUEN."},"('Firmantes', 'FIRMANTE')":{"('0109-D-2018', 0)":"SAPAG, ALMA LILIANA"},"('Firmantes', 'DISTRITO')":{"('0109-D-2018', 0)":"NEUQUEN"},"('Firmantes', 'BLOQUE')":{"('0109-D-2018', 0)":"MOV POP NEUQUINO"},"('Giros', 'COMISI\u00d3N')":{"('0109-D-2018', 0)":"FAMILIA, MUJER, NI\u00d1EZ Y ADOLESCENCIA"},"Link":{"('0109-D-2018', 0)":"https:\/\/www.hcdn.gob.ar\/proyectos\/textoCompleto.jsp?exp=0109-D-2018&tipo=DECLARACION"},"Palabra Clave":{"('0109-D-2018', 0)":" "}}