{"Tipo de Proyecto":{"('0109-S-2018', 0)":"PROYECTO DE LEY","('0109-S-2018', 1)":null,"('0109-S-2018', 2)":null,"('0109-S-2018', 3)":null,"('0109-S-2018', 4)":null,"('0109-S-2018', 5)":null,"('0109-S-2018', 6)":null},"Iniciado en: ":{"('0109-S-2018', 0)":"Senado","('0109-S-2018', 1)":null,"('0109-S-2018', 2)":null,"('0109-S-2018', 3)":null,"('0109-S-2018', 4)":null,"('0109-S-2018', 5)":null,"('0109-S-2018', 6)":null},"Expediente Diputados: ":{"('0109-S-2018', 0)":"0109-S-2018","('0109-S-2018', 1)":null,"('0109-S-2018', 2)":null,"('0109-S-2018', 3)":null,"('0109-S-2018', 4)":null,"('0109-S-2018', 5)":null,"('0109-S-2018', 6)":null},"Expediente Senado: ":{"('0109-S-2018', 0)":"3299-S-2018","('0109-S-2018', 1)":null,"('0109-S-2018', 2)":null,"('0109-S-2018', 3)":null,"('0109-S-2018', 4)":null,"('0109-S-2018', 5)":null,"('0109-S-2018', 6)":null},"Publicado en: ":{"('0109-S-2018', 0)":"Diario de Asuntos Entrados N\u00b0 163","('0109-S-2018', 1)":null,"('0109-S-2018', 2)":null,"('0109-S-2018', 3)":null,"('0109-S-2018', 4)":null,"('0109-S-2018', 5)":null,"('0109-S-2018', 6)":null},"Fecha: ":{"('0109-S-2018', 0)":"12\/09\/2018","('0109-S-2018', 1)":null,"('0109-S-2018', 2)":null,"('0109-S-2018', 3)":null,"('0109-S-2018', 4)":null,"('0109-S-2018', 5)":null,"('0109-S-2018', 6)":null},"T\u00edtulo":{"('0109-S-2018', 0)":"DISPONER LA REINCORPORACION DE TRABAJADORES CESANTEADOS DE FABRICAS MILITARES DE LA PROVINCIA DE CORDOBA.","('0109-S-2018', 1)":null,"('0109-S-2018', 2)":null,"('0109-S-2018', 3)":null,"('0109-S-2018', 4)":null,"('0109-S-2018', 5)":null,"('0109-S-2018', 6)":null},"('Firmantes', 'FIRMANTE')":{"('0109-S-2018', 0)":"CASERIO, CARLOS ALBERTO","('0109-S-2018', 1)":"PICHETTO, MIGUEL ANGEL","('0109-S-2018', 2)":"PEROTTI, OMAR ANGEL","('0109-S-2018', 3)":null,"('0109-S-2018', 4)":null,"('0109-S-2018', 5)":null,"('0109-S-2018', 6)":null},"('Firmantes', 'DISTRITO')":{"('0109-S-2018', 0)":"CORDOBA","('0109-S-2018', 1)":"RIO NEGRO","('0109-S-2018', 2)":"SANTA FE","('0109-S-2018', 3)":null,"('0109-S-2018', 4)":null,"('0109-S-2018', 5)":null,"('0109-S-2018', 6)":null},"('Firmantes', 'BLOQUE')":{"('0109-S-2018', 0)":"JUSTICIALISTA","('0109-S-2018', 1)":"JUSTICIALISTA","('0109-S-2018', 2)":"JUSTICIALISTA","('0109-S-2018', 3)":null,"('0109-S-2018', 4)":null,"('0109-S-2018', 5)":null,"('0109-S-2018', 6)":null},"('Giros', 'COMISI\u00d3N')":{"('0109-S-2018', 0)":"LEGISLACION DEL TRABAJO","('0109-S-2018', 1)":"PRESUPUESTO Y HACIENDA","('0109-S-2018', 2)":null,"('0109-S-2018', 3)":null,"('0109-S-2018', 4)":null,"('0109-S-2018', 5)":null,"('0109-S-2018', 6)":null},"('Tramites', 'C\u00c1MARA')":{"('0109-S-2018', 0)":"Senado","('0109-S-2018', 1)":"Senado","('0109-S-2018', 2)":"Senado","('0109-S-2018', 3)":"Diputados","('0109-S-2018', 4)":"Diputados","('0109-S-2018', 5)":"Diputados","('0109-S-2018', 6)":"Diputados"},"('Tramites', 'MOVIMIENTO')":{"('0109-S-2018', 0)":"MOCION DE PREFERENCIA (AFIRMATIVA)","('0109-S-2018', 1)":"CITACION SESION ESPECIAL","('0109-S-2018', 2)":"CONSIDERACION Y APROBACION CON MODIFICACIONES","('0109-S-2018', 3)":"PASA A DIPUTADOS -","('0109-S-2018', 4)":"CITACION SESION ESPECIAL","('0109-S-2018', 5)":"MOCION SOBRE TABLAS (NEGATIVA) (VOTACION NOMINAL)","('0109-S-2018', 6)":"MANIFESTACIONES"},"('Tramites', 'FECHA')":{"('0109-S-2018', 0)":"10\/10\/2018","('0109-S-2018', 1)":"14\/11\/2018","('0109-S-2018', 2)":"14\/11\/2018","('0109-S-2018', 3)":null,"('0109-S-2018', 4)":"04\/04\/2019","('0109-S-2018', 5)":"04\/04\/2019","('0109-S-2018', 6)":"04\/04\/2019"},"('Tramites', 'RESULTADO')":{"('0109-S-2018', 0)":null,"('0109-S-2018', 1)":null,"('0109-S-2018', 2)":"MEDIA SANCION","('0109-S-2018', 3)":null,"('0109-S-2018', 4)":null,"('0109-S-2018', 5)":null,"('0109-S-2018', 6)":null},"Sumario":{"('0109-S-2018', 0)":"REINCORPORACION INMEDIATA; SUSPENSION POR PARTE DEL MINISTERIO DE DEFENSA DE TODA MEDIDA DE SUSPENSION O CESANTIA DE TRABAJADORES DE FABRICACIONES MILITARES; PROGRAMA DE RECUPERACION ECONOMICA DE LAS FABRICAS MILITARES.","('0109-S-2018', 1)":null,"('0109-S-2018', 2)":null,"('0109-S-2018', 3)":null,"('0109-S-2018', 4)":null,"('0109-S-2018', 5)":null,"('0109-S-2018', 6)":null},"Palabra Clave":{"('0109-S-2018', 0)":" ","('0109-S-2018', 1)":null,"('0109-S-2018', 2)":null,"('0109-S-2018', 3)":null,"('0109-S-2018', 4)":null,"('0109-S-2018', 5)":null,"('0109-S-2018', 6)":null}}