{"Tipo de Proyecto":{"('0110-S-2018', 0)":"PROYECTO DE LEY"},"Iniciado en: ":{"('0110-S-2018', 0)":"Senado"},"Expediente Senado: ":{"('0110-S-2018', 0)":"0110-S-2018"},"Publicado en: ":{"('0110-S-2018', 0)":"Diario de Asuntos Entrados N\u00b0 6"},"Fecha: ":{"('0110-S-2018', 0)":"05\/03\/2018"},"T\u00edtulo":{"('0110-S-2018', 0)":"RESTABLECER DESDE EL 19\/09\/2016, POR CUATRO A\u00d1OS, PRORROGABLES POR OTROS DOS, LA VIGENCIA DEL PLAN DE INCLUSION PREVISIONAL - LEY 26970 -, PARA LOS HOMBRES QUE CUMPLIEREN O HAYAN CUMPLIDO LA EDAD JUBILATORIA.\n"},"('Firmantes', 'FIRMANTE')":{"('0110-S-2018', 0)":"PEREYRA, GUILLERMO JUAN"},"('Firmantes', 'DISTRITO')":{"('0110-S-2018', 0)":"NEUQUEN"},"('Firmantes', 'BLOQUE')":{"('0110-S-2018', 0)":"MOV POP NEUQUINO"},"Link":{"('0110-S-2018', 0)":"http:\/\/www.senado.gov.ar\/parlamentario\/comisiones\/verExp\/110.18\/S\/PL"},"Palabra Clave":{"('0110-S-2018', 0)":" "}}