{"Tipo de Proyecto":{"('0110-D-2018', 0)":"PROYECTO DE RESOLUCI\u00d3N"},"Iniciado en: ":{"('0110-D-2018', 0)":"Diputados"},"Expediente Diputados: ":{"('0110-D-2018', 0)":"0110-D-2018"},"Publicado en: ":{"('0110-D-2018', 0)":"Tr\u00e1mite Parlamentario N\u00b0 1"},"Fecha: ":{"('0110-D-2018', 0)":"02\/03\/2018"},"T\u00edtulo":{"('0110-D-2018', 0)":"PEDIDO DE INFORMES AL PODER EJECUTIVO SOBRE EL AUMENTO DE LOS CASOS DE SIFILIS EN LA REPUBLICA ARGENTINA, Y OTRAS CUESTIONES CONEXAS."},"('Firmantes', 'FIRMANTE')":{"('0110-D-2018', 0)":"SAPAG, ALMA LILIANA"},"('Firmantes', 'DISTRITO')":{"('0110-D-2018', 0)":"NEUQUEN"},"('Firmantes', 'BLOQUE')":{"('0110-D-2018', 0)":"MOV POP NEUQUINO"},"('Giros', 'COMISI\u00d3N')":{"('0110-D-2018', 0)":"ACCION SOCIAL Y SALUD PUBLICA"},"Link":{"('0110-D-2018', 0)":"https:\/\/www.hcdn.gob.ar\/proyectos\/textoCompleto.jsp?exp=0110-D-2018&tipo=RESOLUCION"},"Palabra Clave":{"('0110-D-2018', 0)":" "}}