{"Tipo de Proyecto":{"('0111-D-2018', 0)":"PROYECTO DE RESOLUCI\u00d3N"},"Iniciado en: ":{"('0111-D-2018', 0)":"Diputados"},"Expediente Diputados: ":{"('0111-D-2018', 0)":"0111-D-2018"},"Publicado en: ":{"('0111-D-2018', 0)":"Tr\u00e1mite Parlamentario N\u00b0 1"},"Fecha: ":{"('0111-D-2018', 0)":"02\/03\/2018"},"T\u00edtulo":{"('0111-D-2018', 0)":"DECLARAR DE INTERES DE LA H. CAMARA LA FECHA INAUGURAL DEL \"CAMPEONATO DEL MUNDIAL DE MOTOCROSS MXGP 2018\", A REALIZARSE LOS DIAS 3 Y 4 DE MARZO DE 2018 EN LA CIUDAD DE VILLA LA ANGOSTURA, PROVINCIA DEL NEQUEN."},"('Firmantes', 'FIRMANTE')":{"('0111-D-2018', 0)":"SAPAG, ALMA LILIANA"},"('Firmantes', 'DISTRITO')":{"('0111-D-2018', 0)":"NEUQUEN"},"('Firmantes', 'BLOQUE')":{"('0111-D-2018', 0)":"MOV POP NEUQUINO"},"('Giros', 'COMISI\u00d3N')":{"('0111-D-2018', 0)":"DEPORTES"},"('Tramites', 'C\u00c1MARA')":{"('0111-D-2018', 0)":"Diputados"},"('Tramites', 'MOVIMIENTO')":{"('0111-D-2018', 0)":"APROBACION ARTICULO 114 DEL REGLAMENTO DE LA H CAMARA DE DIPUTADOS; COMUNICADO EL 07\/05\/2018"},"('Tramites', 'FECHA')":{"('0111-D-2018', 0)":null},"('Tramites', 'RESULTADO')":{"('0111-D-2018', 0)":"APROBADO"},"Link":{"('0111-D-2018', 0)":"https:\/\/www.hcdn.gob.ar\/proyectos\/textoCompleto.jsp?exp=0111-D-2018&tipo=RESOLUCION"},"Palabra Clave":{"('0111-D-2018', 0)":" "}}