{"Tipo de Proyecto":{"('0112-D-2018', 0)":"PROYECTO DE DECLARACI\u00d3N"},"Iniciado en: ":{"('0112-D-2018', 0)":"Diputados"},"Expediente Diputados: ":{"('0112-D-2018', 0)":"0112-D-2018"},"Publicado en: ":{"('0112-D-2018', 0)":"Tr\u00e1mite Parlamentario N\u00b0 1"},"Fecha: ":{"('0112-D-2018', 0)":"02\/03\/2018"},"T\u00edtulo":{"('0112-D-2018', 0)":"EXPRESAR BENEPLACITO POR LA PARTICIPACION DEL PIANISTA NEUQUINO LUCA VILA EN EL HOMENAJE REALIZADO AL MUSICO MARIANO MORES EN EL CENTRO CULTURAL KIRCHNER EL 18 DE FEBRERO DE 2018."},"('Firmantes', 'FIRMANTE')":{"('0112-D-2018', 0)":"SAPAG, ALMA LILIANA"},"('Firmantes', 'DISTRITO')":{"('0112-D-2018', 0)":"NEUQUEN"},"('Firmantes', 'BLOQUE')":{"('0112-D-2018', 0)":"MOV POP NEUQUINO"},"('Giros', 'COMISI\u00d3N')":{"('0112-D-2018', 0)":"CULTURA"},"('Tramites', 'C\u00c1MARA')":{"('0112-D-2018', 0)":"Diputados"},"('Tramites', 'MOVIMIENTO')":{"('0112-D-2018', 0)":"APROBACION ARTICULO 114 DEL REGLAMENTO DE LA H CAMARA DE DIPUTADOS; COMUNICADO EL 05\/09\/2018"},"('Tramites', 'FECHA')":{"('0112-D-2018', 0)":null},"('Tramites', 'RESULTADO')":{"('0112-D-2018', 0)":"APROBADO"},"Link":{"('0112-D-2018', 0)":"https:\/\/www.hcdn.gob.ar\/proyectos\/textoCompleto.jsp?exp=0112-D-2018&tipo=DECLARACION"},"Palabra Clave":{"('0112-D-2018', 0)":" "}}