{"Tipo de Proyecto":{"('0112-PE-2018', 0)":"MENSAJE NRO: 0058\/18","('0112-PE-2018', 1)":null},"Iniciado en: ":{"('0112-PE-2018', 0)":"Senado","('0112-PE-2018', 1)":null},"Expediente Senado: ":{"('0112-PE-2018', 0)":"0112-PE-2018","('0112-PE-2018', 1)":null},"Publicado en: ":{"('0112-PE-2018', 0)":"DAE S.A. N\u00b0 10","('0112-PE-2018', 1)":null},"Fecha: ":{"('0112-PE-2018', 0)":"23\/04\/2018","('0112-PE-2018', 1)":null},"T\u00edtulo":{"('0112-PE-2018', 0)":"SOLICITA ACUERDO PARA DESIGNAR JUEZ DEL JUZGADO NACIONAL DE PRIMERA INSTANCIA EN LO CIVIL N\u00b0 107 DE LA CAPITAL FEDERAL AL DOCTOR RICARDO DARIO AGUGLIARO.","('0112-PE-2018', 1)":null},"('Firmantes', 'FIRMANTE')":{"('0112-PE-2018', 0)":"MACRI, MAURICIO","('0112-PE-2018', 1)":"GARAVANO, GERMAN CARLOS"},"('Firmantes', 'DISTRITO')":{"('0112-PE-2018', 0)":null,"('0112-PE-2018', 1)":null},"('Firmantes', 'BLOQUE')":{"('0112-PE-2018', 0)":"PODER EJECUTIVO","('0112-PE-2018', 1)":"PODER EJECUTIVO"},"('Tramites', 'C\u00c1MARA')":{"('0112-PE-2018', 0)":"Senado","('0112-PE-2018', 1)":null},"('Tramites', 'MOVIMIENTO')":{"('0112-PE-2018', 0)":"CONSIDERACION Y APROBACION","('0112-PE-2018', 1)":null},"('Tramites', 'FECHA')":{"('0112-PE-2018', 0)":"27\/06\/2018","('0112-PE-2018', 1)":null},"('Tramites', 'RESULTADO')":{"('0112-PE-2018', 0)":"APROBADO","('0112-PE-2018', 1)":null},"Palabra Clave":{"('0112-PE-2018', 0)":" ","('0112-PE-2018', 1)":null}}