{"Tipo de Proyecto":{"('0113-S-2018', 0)":"PROYECTO DE LEY"},"Iniciado en: ":{"('0113-S-2018', 0)":"Senado"},"Expediente Senado: ":{"('0113-S-2018', 0)":"0113-S-2018"},"Publicado en: ":{"('0113-S-2018', 0)":"Diario de Asuntos Entrados N\u00b0 6"},"Fecha: ":{"('0113-S-2018', 0)":"05\/03\/2018"},"T\u00edtulo":{"('0113-S-2018', 0)":"MODIFICACION DEL SISTEMA INTEGRAL DE JUBILACIONES Y PENSIONES, ESTABLECIENDO LA OBLIGATORIEDAD DE APORTES A LOS MAYORES DE 16 A\u00d1OS. "},"('Firmantes', 'FIRMANTE')":{"('0113-S-2018', 0)":"PEREYRA, GUILLERMO JUAN"},"('Firmantes', 'DISTRITO')":{"('0113-S-2018', 0)":"NEUQUEN"},"('Firmantes', 'BLOQUE')":{"('0113-S-2018', 0)":"MOV POP NEUQUINO"},"Link":{"('0113-S-2018', 0)":"http:\/\/www.senado.gov.ar\/parlamentario\/comisiones\/verExp\/113.18\/S\/PL"},"Palabra Clave":{"('0113-S-2018', 0)":" "}}