{"Tipo de Proyecto":{"('0114-S-2018', 0)":"PROYECTO DE LEY"},"Iniciado en: ":{"('0114-S-2018', 0)":"Senado"},"Expediente Senado: ":{"('0114-S-2018', 0)":"0114-S-2018"},"Publicado en: ":{"('0114-S-2018', 0)":"Diario de Asuntos Entrados N\u00b0 6"},"Fecha: ":{"('0114-S-2018', 0)":"05\/03\/2018"},"T\u00edtulo":{"('0114-S-2018', 0)":"MODIFICACION DEL SISTEMA INTEGRADO DE JUBILACIONES Y PENSIONES, LEY 24241, INCORPORACION A LOS MAYORES DE 16 A\u00d1OS.\n "},"('Firmantes', 'FIRMANTE')":{"('0114-S-2018', 0)":"PEREYRA, GUILLERMO JUAN"},"('Firmantes', 'DISTRITO')":{"('0114-S-2018', 0)":"NEUQUEN"},"('Firmantes', 'BLOQUE')":{"('0114-S-2018', 0)":"MOV POP NEUQUINO"},"Sumario":{"('0114-S-2018', 0)":"MODIFICACION DEL ARTICULO 3, INCORPORACION VOLUNTARIA."},"Palabra Clave":{"('0114-S-2018', 0)":" "}}