{"Tipo de Proyecto":{"('0114-PE-2018', 0)":"MENSAJE NRO: 0059\/18","('0114-PE-2018', 1)":null},"Iniciado en: ":{"('0114-PE-2018', 0)":"Senado","('0114-PE-2018', 1)":null},"Expediente Senado: ":{"('0114-PE-2018', 0)":"0114-PE-2018","('0114-PE-2018', 1)":null},"Publicado en: ":{"('0114-PE-2018', 0)":"DAE S.A. N\u00b0 11","('0114-PE-2018', 1)":null},"Fecha: ":{"('0114-PE-2018', 0)":"24\/04\/2018","('0114-PE-2018', 1)":null},"T\u00edtulo":{"('0114-PE-2018', 0)":"SOLICITA ACUERDO PARA DESIGNAR JUEZA DEL JUZGADO FEDERAL DE PRIMERA INSTANCIAS EN LO CIVIL NUMERO 2 DE LA CAPITAL FEDERAL A LA DOCTORA MARIA EUGENIA NELLI.","('0114-PE-2018', 1)":null},"('Firmantes', 'FIRMANTE')":{"('0114-PE-2018', 0)":"MACRI, MAURICIO","('0114-PE-2018', 1)":"GARAVANO, GERMAN CARLOS"},"('Firmantes', 'DISTRITO')":{"('0114-PE-2018', 0)":null,"('0114-PE-2018', 1)":null},"('Firmantes', 'BLOQUE')":{"('0114-PE-2018', 0)":"PODER EJECUTIVO","('0114-PE-2018', 1)":"PODER EJECUTIVO"},"('Tramites', 'C\u00c1MARA')":{"('0114-PE-2018', 0)":"Senado","('0114-PE-2018', 1)":null},"('Tramites', 'MOVIMIENTO')":{"('0114-PE-2018', 0)":"CONSIDERACION Y APROBACION","('0114-PE-2018', 1)":null},"('Tramites', 'FECHA')":{"('0114-PE-2018', 0)":"27\/06\/2018","('0114-PE-2018', 1)":null},"('Tramites', 'RESULTADO')":{"('0114-PE-2018', 0)":"APROBADO","('0114-PE-2018', 1)":null},"Palabra Clave":{"('0114-PE-2018', 0)":" ","('0114-PE-2018', 1)":null}}