{"Tipo de Proyecto":{"('0115-D-2018', 0)":"PROYECTO DE LEY"},"Iniciado en: ":{"('0115-D-2018', 0)":"Diputados"},"Expediente Diputados: ":{"('0115-D-2018', 0)":"0115-D-2018"},"Publicado en: ":{"('0115-D-2018', 0)":"Tr\u00e1mite Parlamentario N\u00b0 1"},"Fecha: ":{"('0115-D-2018', 0)":"02\/03\/2018"},"T\u00edtulo":{"('0115-D-2018', 0)":"INSTITUYASE EL 30 DE NOVIEMBRE DE CADA A\u00d1O COMO \"DIA NACIONAL DEL LICENCIADO EN RELACIONES INTERNACIONALES\" (REPRODUCCION DEL EXPEDIENTE 8156-D-16)."},"('Firmantes', 'FIRMANTE')":{"('0115-D-2018', 0)":"RISTA, OLGA MARIA"},"('Firmantes', 'DISTRITO')":{"('0115-D-2018', 0)":"CORDOBA"},"('Firmantes', 'BLOQUE')":{"('0115-D-2018', 0)":"UCR"},"('Giros', 'COMISI\u00d3N')":{"('0115-D-2018', 0)":"LEGISLACION GENERAL"},"Palabra Clave":{"('0115-D-2018', 0)":" "}}