{"Tipo de Proyecto":{"('0115-S-2018', 0)":"MENSAJE NRO: 0162\/18 Y PROYECTO DE LEY","('0115-S-2018', 1)":null,"('0115-S-2018', 2)":null},"Iniciado en: ":{"('0115-S-2018', 0)":"Senado","('0115-S-2018', 1)":null,"('0115-S-2018', 2)":null},"Expediente Diputados: ":{"('0115-S-2018', 0)":"0115-S-2018","('0115-S-2018', 1)":null,"('0115-S-2018', 2)":null},"Expediente Senado: ":{"('0115-S-2018', 0)":"0301-PE-2018","('0115-S-2018', 1)":null,"('0115-S-2018', 2)":null},"Publicado en: ":{"('0115-S-2018', 0)":"Diario de Asuntos Entrados N\u00b0 0","('0115-S-2018', 1)":null,"('0115-S-2018', 2)":null},"Fecha: ":{"('0115-S-2018', 0)":"02\/10\/2018","('0115-S-2018', 1)":null,"('0115-S-2018', 2)":null},"T\u00edtulo":{"('0115-S-2018', 0)":"APROBACION DEL ACUERDO CON EL GOBIERNO DEL ESTADO DE QATAR PARA EVITAR LA DOBLE IMPOSICION Y PREVENIR LA EVASION FISCAL EN MATERIA DE IMPUESTOS SOBRE LA RENTA Y SOBRE EL PATRIMONIO Y SU PROTOCOLO, SUSCRIPTOS EN LA CIUDAD DE WASHINGTON, ESTADOS UNIDOS DE AMERICA, EL 19 DE ABRIL DE 2018.","('0115-S-2018', 1)":null,"('0115-S-2018', 2)":null},"('Firmantes', 'FIRMANTE')":{"('0115-S-2018', 0)":"MACRI, MAURICIO","('0115-S-2018', 1)":"PE\u00d1A, MARCOS","('0115-S-2018', 2)":"FAURIE, JORGE MARCELO"},"('Firmantes', 'DISTRITO')":{"('0115-S-2018', 0)":null,"('0115-S-2018', 1)":null,"('0115-S-2018', 2)":null},"('Firmantes', 'BLOQUE')":{"('0115-S-2018', 0)":"PODER EJECUTIVO","('0115-S-2018', 1)":"PODER EJECUTIVO","('0115-S-2018', 2)":"PODER EJECUTIVO"},"('Giros', 'COMISI\u00d3N')":{"('0115-S-2018', 0)":"RELACIONES EXTERIORES Y CULTO","('0115-S-2018', 1)":"PRESUPUESTO Y HACIENDA","('0115-S-2018', 2)":null},"('Tramites', 'C\u00c1MARA')":{"('0115-S-2018', 0)":"Senado","('0115-S-2018', 1)":"Senado","('0115-S-2018', 2)":"Diputados"},"('Tramites', 'MOVIMIENTO')":{"('0115-S-2018', 0)":"MOCION SOBRE TABLAS (AFIRMATIVA)","('0115-S-2018', 1)":"CONSIDERACION Y APROBACION","('0115-S-2018', 2)":"PASA A DIPUTADOS -"},"('Tramites', 'FECHA')":{"('0115-S-2018', 0)":"12\/12\/2018","('0115-S-2018', 1)":"12\/12\/2018","('0115-S-2018', 2)":null},"('Tramites', 'RESULTADO')":{"('0115-S-2018', 0)":null,"('0115-S-2018', 1)":"MEDIA SANCION","('0115-S-2018', 2)":null},"Link":{"('0115-S-2018', 0)":"http:\/\/www.senado.gov.ar\/web\/proyectos\/verExpe.php?origen=PE&nro_comision=&tipo=PL&numexp=301\/18&tConsulta=5","('0115-S-2018', 1)":null,"('0115-S-2018', 2)":null},"Palabra Clave":{"('0115-S-2018', 0)":" ","('0115-S-2018', 1)":null,"('0115-S-2018', 2)":null}}