{"Tipo de Proyecto":{"('0116-S-2018', 0)":"MENSAJE NRO: 0174\/18 Y PROYECTO DE LEY","('0116-S-2018', 1)":null,"('0116-S-2018', 2)":null},"Iniciado en: ":{"('0116-S-2018', 0)":"Senado","('0116-S-2018', 1)":null,"('0116-S-2018', 2)":null},"Expediente Diputados: ":{"('0116-S-2018', 0)":"0116-S-2018","('0116-S-2018', 1)":null,"('0116-S-2018', 2)":null},"Expediente Senado: ":{"('0116-S-2018', 0)":"0307-PE-2018","('0116-S-2018', 1)":null,"('0116-S-2018', 2)":null},"Publicado en: ":{"('0116-S-2018', 0)":"Diario de Asuntos Entrados N\u00b0 178","('0116-S-2018', 1)":null,"('0116-S-2018', 2)":null},"Fecha: ":{"('0116-S-2018', 0)":"04\/10\/2018","('0116-S-2018', 1)":null,"('0116-S-2018', 2)":null},"T\u00edtulo":{"('0116-S-2018', 0)":"APROBACION DEL TRATADO SOBRE PROMOCION Y PROTECCION RECIPROCA DE LAS INVERSIONES, CON EL GOBIERNO DEL ESTADO DE QATAR, SUSCRIPTO EN LA CIUDAD DE DOHA, ESTADO DE QATAR, EL 6 DE NOVIEMBRE 2016.","('0116-S-2018', 1)":null,"('0116-S-2018', 2)":null},"('Firmantes', 'FIRMANTE')":{"('0116-S-2018', 0)":"MACRI, MAURICIO","('0116-S-2018', 1)":"PE\u00d1A, MARCOS","('0116-S-2018', 2)":"FAURIE, JORGE MARCELO"},"('Firmantes', 'DISTRITO')":{"('0116-S-2018', 0)":null,"('0116-S-2018', 1)":null,"('0116-S-2018', 2)":null},"('Firmantes', 'BLOQUE')":{"('0116-S-2018', 0)":"PODER EJECUTIVO","('0116-S-2018', 1)":"PODER EJECUTIVO","('0116-S-2018', 2)":"PODER EJECUTIVO"},"('Giros', 'COMISI\u00d3N')":{"('0116-S-2018', 0)":"RELACIONES EXTERIORES Y CULTO","('0116-S-2018', 1)":"PRESUPUESTO Y HACIENDA","('0116-S-2018', 2)":null},"('Tramites', 'C\u00c1MARA')":{"('0116-S-2018', 0)":"Senado","('0116-S-2018', 1)":"Senado","('0116-S-2018', 2)":"Diputados"},"('Tramites', 'MOVIMIENTO')":{"('0116-S-2018', 0)":"MOCION SOBRE TABLAS (AFIRMATIVA)","('0116-S-2018', 1)":"CONSIDERACION Y APROBACION","('0116-S-2018', 2)":"PASA A DIPUTADOS -"},"('Tramites', 'FECHA')":{"('0116-S-2018', 0)":"12\/12\/2018","('0116-S-2018', 1)":"12\/12\/2018","('0116-S-2018', 2)":null},"('Tramites', 'RESULTADO')":{"('0116-S-2018', 0)":null,"('0116-S-2018', 1)":"MEDIA SANCION","('0116-S-2018', 2)":null},"Link":{"('0116-S-2018', 0)":"http:\/\/www.senado.gov.ar\/web\/proyectos\/verExpe.php?origen=PE&nro_comision=&tipo=PL&numexp=307\/18&tConsulta=5","('0116-S-2018', 1)":null,"('0116-S-2018', 2)":null},"Palabra Clave":{"('0116-S-2018', 0)":" ","('0116-S-2018', 1)":null,"('0116-S-2018', 2)":null}}