{"Tipo de Proyecto":{"('0116-D-2018', 0)":"PROYECTO DE LEY","('0116-D-2018', 1)":null},"Iniciado en: ":{"('0116-D-2018', 0)":"Diputados","('0116-D-2018', 1)":null},"Expediente Diputados: ":{"('0116-D-2018', 0)":"0116-D-2018","('0116-D-2018', 1)":null},"Publicado en: ":{"('0116-D-2018', 0)":"Tr\u00e1mite Parlamentario N\u00b0 1","('0116-D-2018', 1)":null},"Fecha: ":{"('0116-D-2018', 0)":"02\/03\/2018","('0116-D-2018', 1)":null},"T\u00edtulo":{"('0116-D-2018', 0)":"\"DIA NACIONAL DEL REFUGIERO\". SE INSTITUYE COMO TAL EL 11 DE AGOSTO DE CADA A\u00d1O (REPRODUCCION DEL EXPEDIENTE 5758-D-16).","('0116-D-2018', 1)":null},"('Firmantes', 'FIRMANTE')":{"('0116-D-2018', 0)":"RISTA, OLGA MARIA","('0116-D-2018', 1)":null},"('Firmantes', 'DISTRITO')":{"('0116-D-2018', 0)":"CORDOBA","('0116-D-2018', 1)":null},"('Firmantes', 'BLOQUE')":{"('0116-D-2018', 0)":"UCR","('0116-D-2018', 1)":null},"('Giros', 'COMISI\u00d3N')":{"('0116-D-2018', 0)":"LEGISLACION GENERAL","('0116-D-2018', 1)":"TURISMO"},"Palabra Clave":{"('0116-D-2018', 0)":" ","('0116-D-2018', 1)":null}}