{"Tipo de Proyecto":{"('0117-S-2018', 0)":"PROYECTO DE LEY","('0117-S-2018', 1)":null},"Iniciado en: ":{"('0117-S-2018', 0)":"Senado","('0117-S-2018', 1)":null},"Expediente Diputados: ":{"('0117-S-2018', 0)":"0117-S-2018","('0117-S-2018', 1)":null},"Expediente Senado: ":{"('0117-S-2018', 0)":"0147-OV-2018","('0117-S-2018', 1)":null},"Fecha: ":{"('0117-S-2018', 0)":"13\/11\/2018","('0117-S-2018', 1)":null},"T\u00edtulo":{"('0117-S-2018', 0)":"MINISTERIO DE RELACIONES EXTERIORES Y CULTO REMITE NOTAS ENVIADAS POR DIVERSOS CIUDADANOS ARGENTINOS, SOLICITANDO AUTORIZACION PARA DESEMPE\u00d1AR SUS RESPECTIVOS CARGOS DE CONSULES Y VICECONSULES PROPUESTOS POR GOBIERNOS EXTRANJEROS, Y QUE HA CONSIDERADO LA COMISION DE ASUNTOS CONSTITUCIONALES - NOMINA ANEXA: GUSTAVO NICOLAS BOZOVICH, CONSUL HONORARIO DE SERBIA EN LA CIUDAD DE SALTA, PROVINCIA HOMONIMA (0147-OV-18), MARIO ALBERTO LAUS, CONSUL HONORARIO DE FRANCIA EN LA CIUDAD DE ROSARIO, PROVINCIA DE SANTA FE (0185-OV-18), VICENTE AZNAR, CONSUL HONORARIO DE ECUADOR EN LA CIUDAD DE CORDOBA, CON CIRCUNSCRIPCION EN LAS PROVINCIAS DE CORDOBA, SANTA FE Y SAN LUIS (0232-OV-18), JUAN EMANUEL SCHREIBER, CONSUL HONORARIO DE BRASIL EN LA CIUDAD DE SAN CARLOS DE BARILOCHE, CON CIRCUNSCRIPCION EN LA PROVINCIA DE RIO NEGRO (0233-OV-18), ISABEL ESTELA SANCHEZ IZQUIERDO, VICECONSUL HONORARIA DE ESPA\u00d1A EN LA CIUDAD DE COMODORO RIVADAVIA, CON CIRCUNSCRIPCION EN BAHIA BLANCA (0234-OV-18), RICARDO SERGIO DANILO CLEMENT, CONSUL HONORARIO DE SUIZA EN LA CIUDAD DE USHUAIA, CON CIRCUNSCRIPCION EN LAS PROVINCIAS DE TIERRA DEL FUEGO, ANTARTIDA E ISLAS DEL ATLANTICO SUR Y SANTA CRUZ (0235-OV-18), PAULA LORENA MARTINEZ SANIN, VICECONSUL HONORARIA DEL REINO DE ESPA\u00d1A EN LA CIUDAD DE SALTA, CON CIRCUNSCRIPCION EN LA PROVINCIA DE CORDOBA (0236-OV-18), SERGIO LIMBER SERVIO, CONSUL HONORARIO DE PORTUGAL EN LA CIUDAD DE CORDOBA (0237-OV-18), MARINA PAOLA VAZQUEZ PUCILLO, VICECONSUL HONORARIA DE LA REPUBLICA ITALIANA EN LA CIUDAD DE NECOCHEA, CON CIRCUNSCRIPCION EN MAR DEL PLATA (0238-OV-18), Y JOSE CARLOS ARCAGNI, CONSUL HONORARIO DEL REINO DE LETONIA EN LA CIUDAD DE BUENOS AIRES, CON CIRCUNSCRIPCION EN TODA LA REPUBLICA ARGENTINA (0271-OV-18).","('0117-S-2018', 1)":null},"('Firmantes', 'FIRMANTE')":{"('0117-S-2018', 0)":"ASUNTOS CONSTITUCIONALES","('0117-S-2018', 1)":null},"('Firmantes', 'DISTRITO')":{"('0117-S-2018', 0)":null,"('0117-S-2018', 1)":null},"('Firmantes', 'BLOQUE')":{"('0117-S-2018', 0)":null,"('0117-S-2018', 1)":null},"('Giros', 'COMISI\u00d3N')":{"('0117-S-2018', 0)":"RELACIONES EXTERIORES Y CULTO","('0117-S-2018', 1)":null},"('Tramites', 'C\u00c1MARA')":{"('0117-S-2018', 0)":"Senado","('0117-S-2018', 1)":"Diputados"},"('Tramites', 'MOVIMIENTO')":{"('0117-S-2018', 0)":"CONSIDERACION Y APROBACION","('0117-S-2018', 1)":"PASA A DIPUTADOS -"},"('Tramites', 'FECHA')":{"('0117-S-2018', 0)":"12\/12\/2018","('0117-S-2018', 1)":null},"('Tramites', 'RESULTADO')":{"('0117-S-2018', 0)":"MEDIA SANCION","('0117-S-2018', 1)":null},"Link":{"('0117-S-2018', 0)":"http:\/\/www.senado.gov.ar\/parlamentario\/comisiones\/verExp\/147.18\/OV\/PL","('0117-S-2018', 1)":null},"Palabra Clave":{"('0117-S-2018', 0)":" ","('0117-S-2018', 1)":null}}