{"Tipo de Proyecto":{"('0118-S-2018', 0)":"PROYECTO DE LEY"},"Iniciado en: ":{"('0118-S-2018', 0)":"Senado"},"Expediente Senado: ":{"('0118-S-2018', 0)":"0118-S-2018"},"Publicado en: ":{"('0118-S-2018', 0)":"Diario de Asuntos Entrados N\u00b0 6"},"Fecha: ":{"('0118-S-2018', 0)":"05\/03\/2018"},"T\u00edtulo":{"('0118-S-2018', 0)":"DECLARAR MONUMENTO NATURAL SUJETO A LAS NORMAS ESTABLECIDAS POR LEY 22351, A LA ARAUCARIA ARAUCANA, \"PEHUEN\", ESPECIE ARBOREA DEL GENERO DE CONIFERAS ARAUCARIA DE LA FAMILIA ARAUCARIACEAE."},"('Firmantes', 'FIRMANTE')":{"('0118-S-2018', 0)":"PEREYRA, GUILLERMO JUAN"},"('Firmantes', 'DISTRITO')":{"('0118-S-2018', 0)":"NEUQUEN"},"('Firmantes', 'BLOQUE')":{"('0118-S-2018', 0)":"MOV POP NEUQUINO"},"Link":{"('0118-S-2018', 0)":"http:\/\/www.senado.gov.ar\/parlamentario\/comisiones\/verExp\/118.18\/S\/PL"},"Palabra Clave":{"('0118-S-2018', 0)":" "}}