{"Tipo de Proyecto":{"('0119-S-2018', 0)":"PROYECTO DE LEY"},"Iniciado en: ":{"('0119-S-2018', 0)":"Senado"},"Expediente Senado: ":{"('0119-S-2018', 0)":"0119-S-2018"},"Publicado en: ":{"('0119-S-2018', 0)":"Diario de Asuntos Entrados N\u00b0 6"},"Fecha: ":{"('0119-S-2018', 0)":"05\/03\/2018"},"T\u00edtulo":{"('0119-S-2018', 0)":"DECLARAR MONUMENTO HISTORICO NACIONAL AL PALACIO LEZAMA, SITIO EN AVENIDA MARTIN GARCIA 344, DE LA CIUDAD AUTONOMA DE BUENOS AIRES. "},"('Firmantes', 'FIRMANTE')":{"('0119-S-2018', 0)":"PEREYRA, GUILLERMO JUAN"},"('Firmantes', 'DISTRITO')":{"('0119-S-2018', 0)":"NEUQUEN"},"('Firmantes', 'BLOQUE')":{"('0119-S-2018', 0)":"MOV POP NEUQUINO"},"Link":{"('0119-S-2018', 0)":"http:\/\/www.senado.gov.ar\/parlamentario\/comisiones\/verExp\/119.18\/S\/PL"},"Palabra Clave":{"('0119-S-2018', 0)":" "}}