{"Tipo de Proyecto":{"('0121-D-2018', 0)":"PROYECTO DE RESOLUCI\u00d3N"},"Iniciado en: ":{"('0121-D-2018', 0)":"Diputados"},"Expediente Diputados: ":{"('0121-D-2018', 0)":"0121-D-2018"},"Publicado en: ":{"('0121-D-2018', 0)":"Tr\u00e1mite Parlamentario N\u00b0 1"},"Fecha: ":{"('0121-D-2018', 0)":"02\/03\/2018"},"T\u00edtulo":{"('0121-D-2018', 0)":"SOLICITAR AL PODER EJECUTIVO DISPONGA LAS MEDIDAS NECESARIAS PARA ESTABLECER LAS NEGOCIACIONES BILATERALES CON EL ESTADO PLURINACIONAL DE BOLIVIA RESPECTO AL ACCESO GRATUITO A LOS SERVICIOS DE EDUCACION Y SALUD DE LOS INMIGRANTES DE NACIONALIDAD BOLIVIANA EN NUESTRO PAIS."},"('Firmantes', 'FIRMANTE')":{"('0121-D-2018', 0)":"LEHMANN, MARIA LUCILA"},"('Firmantes', 'DISTRITO')":{"('0121-D-2018', 0)":"SANTA FE"},"('Firmantes', 'BLOQUE')":{"('0121-D-2018', 0)":"COALICION CIVICA"},"('Giros', 'COMISI\u00d3N')":{"('0121-D-2018', 0)":"RELACIONES EXTERIORES Y CULTO"},"('Tramites', 'C\u00c1MARA')":{"('0121-D-2018', 0)":"Diputados"},"('Tramites', 'MOVIMIENTO')":{"('0121-D-2018', 0)":"SOLICITUD DE REPRODUCCION DEL PROYECTO PARA EL PERIODO 137 (2019), SEGUN LOS TERMINOS DEL ARTICULO 7 DE LA RESOLUCION DE LA HCD DEL 05\/06\/1996"},"('Tramites', 'FECHA')":{"('0121-D-2018', 0)":null},"('Tramites', 'RESULTADO')":{"('0121-D-2018', 0)":null},"Link":{"('0121-D-2018', 0)":"https:\/\/www.hcdn.gob.ar\/proyectos\/textoCompleto.jsp?exp=0121-D-2018&tipo=RESOLUCION"},"Palabra Clave":{"('0121-D-2018', 0)":" "}}