{"Tipo de Proyecto":{"('0122-OV-2018', 0)":"PROYECTO DE RESOLUCI\u00d3N"},"Iniciado en: ":{"('0122-OV-2018', 0)":"Senado"},"Expediente Senado: ":{"('0122-OV-2018', 0)":"0122-OV-2018"},"Fecha: ":{"('0122-OV-2018', 0)":"09\/10\/2018"},"T\u00edtulo":{"('0122-OV-2018', 0)":"PEDIDO DE INFORMES AL PODER EJECUTIVO SOBRE RESOLUCION REMITIDA POR LA AUDITORIA GENERAL DE LA NACION 62\/18, QUE APRUEBA EL INFORME DE AUDITORIA DE CONTROL DE GESTION AMBIENTAL REALIZADO EN EL MINISTERIO DE AMBIENTE Y DESARROLLO SUSTENTABLE."},"('Firmantes', 'FIRMANTE')":{"('0122-OV-2018', 0)":"PARLAMENTARIA MIXTA REVISORA DE CUENTAS"},"('Firmantes', 'DISTRITO')":{"('0122-OV-2018', 0)":null},"('Firmantes', 'BLOQUE')":{"('0122-OV-2018', 0)":null},"Link":{"('0122-OV-2018', 0)":"http:\/\/www.senado.gov.ar\/parlamentario\/comisiones\/verExp\/122.18\/OV\/PR"},"Palabra Clave":{"('0122-OV-2018', 0)":" "}}