{"Tipo de Proyecto":{"('0123-D-2018', 0)":"PROYECTO DE RESOLUCI\u00d3N"},"Iniciado en: ":{"('0123-D-2018', 0)":"Diputados"},"Expediente Diputados: ":{"('0123-D-2018', 0)":"0123-D-2018"},"Publicado en: ":{"('0123-D-2018', 0)":"Tr\u00e1mite Parlamentario N\u00b0 2"},"Fecha: ":{"('0123-D-2018', 0)":"05\/03\/2018"},"T\u00edtulo":{"('0123-D-2018', 0)":"REGLAMENTO DE LA H. CAMARA. MODIFICACION DE LOS ARTICULOS 112, 115 Y 120, SOBRE OPINIONES, DICTAMENES DE MINORIA. PRESENTACION DE PROYECTOS Y NUMERO DE FIRMAS DE LOS MISMOS, RESPECTIVAMENTE (REPRODUCCION DEL EXPEDIENTE 6008-D-17)."},"('Firmantes', 'FIRMANTE')":{"('0123-D-2018', 0)":"BANFI, KARINA"},"('Firmantes', 'DISTRITO')":{"('0123-D-2018', 0)":"BUENOS AIRES"},"('Firmantes', 'BLOQUE')":{"('0123-D-2018', 0)":"UCR"},"('Giros', 'COMISI\u00d3N')":{"('0123-D-2018', 0)":"PETICIONES, PODERES Y REGLAMENTO"},"Link":{"('0123-D-2018', 0)":"https:\/\/www.hcdn.gob.ar\/proyectos\/textoCompleto.jsp?exp=0123-D-2018&tipo=RESOLUCION"},"Palabra Clave":{"('0123-D-2018', 0)":" "}}