{"Tipo de Proyecto":{"('0123-OV-2018', 0)":"PROYECTO DE RESOLUCI\u00d3N"},"Iniciado en: ":{"('0123-OV-2018', 0)":"Senado"},"Expediente Senado: ":{"('0123-OV-2018', 0)":"0123-OV-2018"},"Fecha: ":{"('0123-OV-2018', 0)":"26\/11\/2018"},"T\u00edtulo":{"('0123-OV-2018', 0)":"PEDIDO DE INFORMES AL PODER EJECUTIVO SOBRE RESOLUCION REMITIDA POR LA AUDITORIA GENERAL DE LA NACION 63\/18, QUE APRUEBA EL INFORME DE AUDITORIA DE GESTION AMBIENTAL REALIZADO EN EL MINISTERIO DE AGROINDUSTRIA."},"('Firmantes', 'FIRMANTE')":{"('0123-OV-2018', 0)":"PARLAMENTARIA MIXTA REVISORA DE CUENTAS"},"('Firmantes', 'DISTRITO')":{"('0123-OV-2018', 0)":null},"('Firmantes', 'BLOQUE')":{"('0123-OV-2018', 0)":null},"Link":{"('0123-OV-2018', 0)":"http:\/\/www.senado.gov.ar\/parlamentario\/comisiones\/verExp\/123.18\/OV\/PR"},"Palabra Clave":{"('0123-OV-2018', 0)":" "}}