{"Tipo de Proyecto":{"('0124-OV-2018', 0)":"PROYECTO DE RESOLUCI\u00d3N"},"Iniciado en: ":{"('0124-OV-2018', 0)":"Senado"},"Expediente Senado: ":{"('0124-OV-2018', 0)":"0124-OV-2018"},"Fecha: ":{"('0124-OV-2018', 0)":"09\/10\/2018"},"T\u00edtulo":{"('0124-OV-2018', 0)":"PEDIDO DE INFORMES AL PODER EJECUTIVO SOBRE RESOLUCION REMITIDA POR LA AUDITORIA GENERAL DE LA NACION 64\/18, , APROBANDO EL INFORME REALIZADO EN EL AMBITO DEL \"INSTITUTO NACIONAL DE SERVICIOS SOCIALES PARA JUBILADOS (INSSIYP), REFERIDO A LAS PRESTACIONES I, II Y III NIVEL DE ATENCION DEL MODELO PRESTACIONAL APROBADO POR RESOLUCION 284\/DE\/05 BRINDADAS POR EL INSTITUTO A SUS AFILIADOS EN LA UNIDAD DE GESTION LOCAL (UGL) VI - CAPITAL FEDERAL, PREVISTAS EN EL PROGRAMA PRESUPUESTARIO 8800 - MODELOS RETRIBUTIVOS CORRESPONDIENTES AL A\u00d1O 2014\"."},"('Firmantes', 'FIRMANTE')":{"('0124-OV-2018', 0)":"PARLAMENTARIA MIXTA REVISORA DE CUENTAS"},"('Firmantes', 'DISTRITO')":{"('0124-OV-2018', 0)":null},"('Firmantes', 'BLOQUE')":{"('0124-OV-2018', 0)":null},"Link":{"('0124-OV-2018', 0)":"http:\/\/www.senado.gov.ar\/parlamentario\/comisiones\/verExp\/124.18\/OV\/PR"},"Palabra Clave":{"('0124-OV-2018', 0)":" "}}