{"Tipo de Proyecto":{"('0124-S-2018', 0)":"PROYECTO DE LEY"},"Iniciado en: ":{"('0124-S-2018', 0)":"Senado"},"Expediente Senado: ":{"('0124-S-2018', 0)":"0124-S-2018"},"Publicado en: ":{"('0124-S-2018', 0)":"Diario de Asuntos Entrados N\u00b0 7"},"Fecha: ":{"('0124-S-2018', 0)":"05\/03\/2018"},"T\u00edtulo":{"('0124-S-2018', 0)":"MODIFICACION DE LA LEY 26680 DE RECUPERACION DE LA GANADERIA OVINA: SUSTITUCION DEL ARTICULO 2, ELEVANDO EL MONTO MINIMO A INTEGRAR EN EL FONDO PARA LA RECUPERACION DE LA ACTIVIDAD OVINA (FRAO)."},"('Firmantes', 'FIRMANTE')":{"('0124-S-2018', 0)":"PEREYRA, GUILLERMO JUAN"},"('Firmantes', 'DISTRITO')":{"('0124-S-2018', 0)":"NEUQUEN"},"('Firmantes', 'BLOQUE')":{"('0124-S-2018', 0)":"MOV POP NEUQUINO"},"Link":{"('0124-S-2018', 0)":"http:\/\/www.senado.gov.ar\/parlamentario\/comisiones\/verExp\/124.18\/S\/PL"},"Palabra Clave":{"('0124-S-2018', 0)":" "}}