{"Tipo de Proyecto":{"('0126-OV-2018', 0)":"PROYECTO DE RESOLUCI\u00d3N"},"Iniciado en: ":{"('0126-OV-2018', 0)":"Senado"},"Expediente Senado: ":{"('0126-OV-2018', 0)":"0126-OV-2018"},"Fecha: ":{"('0126-OV-2018', 0)":"26\/11\/2018"},"T\u00edtulo":{"('0126-OV-2018', 0)":"PEDIDO DE INFORMES AL PODER EJECUTIVO SOBRE RESOLUCION REMITIDA POR LA AUDITORIA GENERAL DE LA NACION, 66\/18, APROBANDO EL INFORME REALIZADO EN EL AMBITO DE LA COORDINACION DEL FONDO ESPECIAL DEL TABACO DEL MINISTERIO DE AGROINDUSTRIA, REFERIDO A \"LOS PROCEDIMIENTOS ESTABLECIDOS PARA LA RECONVERSION, DIVERSIFICACION Y TECNIFICACION DE LA PRODUCCION TABACALERA, EN EL MARCO DE LA LEGISLACION VIGENTE POR PARTE DE LA COORDINACION DEL FONDO NACIONAL DEL TABACO DEPENDIENTE DEL MINISTERIO DE AGROINDUSTRIA (MINAGRI), CORRESPONDIENTE AL PERIODO 01\/01\/2015 AL 30\/04\/2016\"."},"('Firmantes', 'FIRMANTE')":{"('0126-OV-2018', 0)":"PARLAMENTARIA MIXTA REVISORA DE CUENTAS"},"('Firmantes', 'DISTRITO')":{"('0126-OV-2018', 0)":null},"('Firmantes', 'BLOQUE')":{"('0126-OV-2018', 0)":null},"Link":{"('0126-OV-2018', 0)":"http:\/\/www.senado.gov.ar\/parlamentario\/comisiones\/verExp\/126.18\/OV\/PR"},"Palabra Clave":{"('0126-OV-2018', 0)":" "}}