{"Tipo de Proyecto":{"('0127-S-2018', 0)":"PROYECTO DE LEY"},"Iniciado en: ":{"('0127-S-2018', 0)":"Senado"},"Expediente Senado: ":{"('0127-S-2018', 0)":"0127-S-2018"},"Publicado en: ":{"('0127-S-2018', 0)":"Diario de Asuntos Entrados N\u00b0 7"},"Fecha: ":{"('0127-S-2018', 0)":"05\/03\/2018"},"T\u00edtulo":{"('0127-S-2018', 0)":"MODIFICACION DE LA LEY 27262 CREANDO EL REGISTRO PUBLICO DE PROFESIONALES INGENIEROS AGRONOMOS PRIVADOS O TITULO EQUIVALENTE, PARA UNA FISCALIZACION PRIVADA CON CONTROL OFICIAL. "},"('Firmantes', 'FIRMANTE')":{"('0127-S-2018', 0)":"PEREYRA, GUILLERMO JUAN"},"('Firmantes', 'DISTRITO')":{"('0127-S-2018', 0)":"NEUQUEN"},"('Firmantes', 'BLOQUE')":{"('0127-S-2018', 0)":"MOV POP NEUQUINO"},"Sumario":{"('0127-S-2018', 0)":"INCORPORACION  DE LOS ARTICULOS 3 BIS, 3 TER, 3 QUATER, 3 QUINQUIES, 3 SEXIES, 3 SEPTIES Y MODIFICACION DEL ARTICULO 7."},"Palabra Clave":{"('0127-S-2018', 0)":" "}}