{"Tipo de Proyecto":{"('0128-D-2018', 0)":"PROYECTO DE LEY"},"Iniciado en: ":{"('0128-D-2018', 0)":"Diputados"},"Expediente Diputados: ":{"('0128-D-2018', 0)":"0128-D-2018"},"Publicado en: ":{"('0128-D-2018', 0)":"Tr\u00e1mite Parlamentario N\u00b0 2"},"Fecha: ":{"('0128-D-2018', 0)":"05\/03\/2018"},"T\u00edtulo":{"('0128-D-2018', 0)":"CODIGO CIVIL Y COMERCIAL DE LA NACION. MODIFICACION DEL ARTICULO 1196, SOBRE LOCACION HABITACIONAL (REPRODUCCION DEL EXPEDIENTE 8652-D-16)."},"('Firmantes', 'FIRMANTE')":{"('0128-D-2018', 0)":"BANFI, KARINA"},"('Firmantes', 'DISTRITO')":{"('0128-D-2018', 0)":"BUENOS AIRES"},"('Firmantes', 'BLOQUE')":{"('0128-D-2018', 0)":"UCR"},"('Giros', 'COMISI\u00d3N')":{"('0128-D-2018', 0)":"LEGISLACION GENERAL"},"Palabra Clave":{"('0128-D-2018', 0)":" "}}