{"Tipo de Proyecto":{"('0128-PE-2018', 0)":"MENSAJE NRO: 0060\/18","('0128-PE-2018', 1)":null},"Iniciado en: ":{"('0128-PE-2018', 0)":"Senado","('0128-PE-2018', 1)":null},"Expediente Senado: ":{"('0128-PE-2018', 0)":"0128-PE-2018","('0128-PE-2018', 1)":null},"Publicado en: ":{"('0128-PE-2018', 0)":"DAE S.A. N\u00b0 11","('0128-PE-2018', 1)":null},"Fecha: ":{"('0128-PE-2018', 0)":"24\/04\/2018","('0128-PE-2018', 1)":null},"T\u00edtulo":{"('0128-PE-2018', 0)":"SOLICITA ACUERTO PARA DESIGNAR CONJUECES DE LA CAMARA FEDERAL DE APELACIONES DE TUCUMAN A LOS DOCTORES JORGE ENRIQUE DAVID, HERNAN EDUARDO FRIAS SILVA Y RENE EDUARDO PADILLA.","('0128-PE-2018', 1)":null},"('Firmantes', 'FIRMANTE')":{"('0128-PE-2018', 0)":"MACRI, MAURICIO","('0128-PE-2018', 1)":"GARAVANO, GERMAN CARLOS"},"('Firmantes', 'DISTRITO')":{"('0128-PE-2018', 0)":null,"('0128-PE-2018', 1)":null},"('Firmantes', 'BLOQUE')":{"('0128-PE-2018', 0)":"PODER EJECUTIVO","('0128-PE-2018', 1)":"PODER EJECUTIVO"},"('Tramites', 'C\u00c1MARA')":{"('0128-PE-2018', 0)":"Senado","('0128-PE-2018', 1)":"Senado"},"('Tramites', 'MOVIMIENTO')":{"('0128-PE-2018', 0)":"CONSIDERACION Y APROBACION DE LA ORDEN DEL DIA 308\/18","('0128-PE-2018', 1)":"CONSIDERACION Y APROBACION DE LA ORDEN DEL DIA 609\/18"},"('Tramites', 'FECHA')":{"('0128-PE-2018', 0)":"04\/07\/2018","('0128-PE-2018', 1)":"10\/10\/2018"},"('Tramites', 'RESULTADO')":{"('0128-PE-2018', 0)":"APROBADO","('0128-PE-2018', 1)":"APROBADO"},"Palabra Clave":{"('0128-PE-2018', 0)":" ","('0128-PE-2018', 1)":null}}