{"Tipo de Proyecto":{"('0128-S-2018', 0)":"PROYECTO DE LEY"},"Iniciado en: ":{"('0128-S-2018', 0)":"Senado"},"Expediente Senado: ":{"('0128-S-2018', 0)":"0128-S-2018"},"Publicado en: ":{"('0128-S-2018', 0)":"Diario de Asuntos Entrados N\u00b0 7"},"Fecha: ":{"('0128-S-2018', 0)":"05\/03\/2018"},"T\u00edtulo":{"('0128-S-2018', 0)":"LEY 25065  DE TARJETAS DE CREDITO; SUSTITUCION  DEL INCISO C) DEL ARTICULO 37 , POR EL CUAL SE ESTABLECE QUE LOS COMERCIOS DEBERAN EXHIBIR UN CARTEL INDICANDO QUE NO SE EFECTUARAN DIFERENCIAS ENTRE EL PRECIO DE CONTADO O CON TARJETA DE CREDITO O DEBITO, SALVO CUANDO LA DIFERENCIA SEA A FAVOR DEL CONSUMIDOR."},"('Firmantes', 'FIRMANTE')":{"('0128-S-2018', 0)":"PEREYRA, GUILLERMO JUAN"},"('Firmantes', 'DISTRITO')":{"('0128-S-2018', 0)":"NEUQUEN"},"('Firmantes', 'BLOQUE')":{"('0128-S-2018', 0)":"MOV POP NEUQUINO"},"Link":{"('0128-S-2018', 0)":"http:\/\/www.senado.gov.ar\/parlamentario\/comisiones\/verExp\/128.18\/S\/PL"},"Palabra Clave":{"('0128-S-2018', 0)":" "}}