{"Tipo de Proyecto":{"('0129-S-2018', 0)":"PROYECTO DE LEY"},"Iniciado en: ":{"('0129-S-2018', 0)":"Senado"},"Expediente Senado: ":{"('0129-S-2018', 0)":"0129-S-2018"},"Publicado en: ":{"('0129-S-2018', 0)":"Diario de Asuntos Entrados N\u00b0 7"},"Fecha: ":{"('0129-S-2018', 0)":"05\/03\/2018"},"T\u00edtulo":{"('0129-S-2018', 0)":"PROGRAMA DE PROPIEDAD PARTICIPADA DE LOS EX AGENTES DE GAS DEL ESTADO"},"('Firmantes', 'FIRMANTE')":{"('0129-S-2018', 0)":"PEREYRA, GUILLERMO JUAN"},"('Firmantes', 'DISTRITO')":{"('0129-S-2018', 0)":"NEUQUEN"},"('Firmantes', 'BLOQUE')":{"('0129-S-2018', 0)":"MOV POP NEUQUINO"},"Sumario":{"('0129-S-2018', 0)":"MODIFICACION DEL ARTICULO 80 DE LA LEY 24076; INDEMNIZACION."},"Palabra Clave":{"('0129-S-2018', 0)":" "}}