{"Tipo de Proyecto":{"('0130-D-2018', 0)":"PROYECTO DE LEY","('0130-D-2018', 1)":null},"Iniciado en: ":{"('0130-D-2018', 0)":"Diputados","('0130-D-2018', 1)":null},"Expediente Diputados: ":{"('0130-D-2018', 0)":"0130-D-2018","('0130-D-2018', 1)":null},"Publicado en: ":{"('0130-D-2018', 0)":"Tr\u00e1mite Parlamentario N\u00b0 2","('0130-D-2018', 1)":null},"Fecha: ":{"('0130-D-2018', 0)":"05\/03\/2018","('0130-D-2018', 1)":null},"T\u00edtulo":{"('0130-D-2018', 0)":"CONVENCION INTERAMERICANA CONTRA EL RACISMO, LA DISCRIMINACION RACIAL Y FORMAS CONEXAS DE INTOLERANCIA, ADOPTADA EL 5 DE JUNIO DE 2013 EN EL MARCO DEL 43\u00b0 PERIODO ORDINARIO DE SESIONES DE LA \"ASAMBLEA GENERAL DE LA ORGANIZACION DE ESTADOS AMERICANOS -OEA-\". APROBACION (REPRODUCCION DEL EXPEDIENTE 4870-D-16).","('0130-D-2018', 1)":null},"('Firmantes', 'FIRMANTE')":{"('0130-D-2018', 0)":"BANFI, KARINA","('0130-D-2018', 1)":null},"('Firmantes', 'DISTRITO')":{"('0130-D-2018', 0)":"BUENOS AIRES","('0130-D-2018', 1)":null},"('Firmantes', 'BLOQUE')":{"('0130-D-2018', 0)":"UCR","('0130-D-2018', 1)":null},"('Giros', 'COMISI\u00d3N')":{"('0130-D-2018', 0)":"RELACIONES EXTERIORES Y CULTO","('0130-D-2018', 1)":"DERECHOS HUMANOS Y GARANTIAS"},"Palabra Clave":{"('0130-D-2018', 0)":" ","('0130-D-2018', 1)":null}}