{"Tipo de Proyecto":{"('0130-S-2018', 0)":"PROYECTO DE LEY"},"Iniciado en: ":{"('0130-S-2018', 0)":"Senado"},"Expediente Senado: ":{"('0130-S-2018', 0)":"0130-S-2018"},"Publicado en: ":{"('0130-S-2018', 0)":"Diario de Asuntos Entrados N\u00b0 7"},"Fecha: ":{"('0130-S-2018', 0)":"05\/03\/2018"},"T\u00edtulo":{"('0130-S-2018', 0)":"MODIFICACION DEL ARTICULO 21 DE LA LEY 24196 (INVERSIONES MINERAS) RESPECTO DE ACTUALIZAR, ARMONIZAR Y UNIFICAR CRITERIO SOBRE LAS INVERSIONES Y SUSTITUCION DE IMPORTACIONES."},"('Firmantes', 'FIRMANTE')":{"('0130-S-2018', 0)":"PEREYRA, GUILLERMO JUAN"},"('Firmantes', 'DISTRITO')":{"('0130-S-2018', 0)":"NEUQUEN"},"('Firmantes', 'BLOQUE')":{"('0130-S-2018', 0)":"MOV POP NEUQUINO"},"Link":{"('0130-S-2018', 0)":"http:\/\/www.senado.gov.ar\/parlamentario\/comisiones\/verExp\/130.18\/S\/PL"},"Palabra Clave":{"('0130-S-2018', 0)":" "}}