{"Tipo de Proyecto":{"('0132-D-2018', 0)":"PROYECTO DE RESOLUCI\u00d3N","('0132-D-2018', 1)":null,"('0132-D-2018', 2)":null},"Iniciado en: ":{"('0132-D-2018', 0)":"Diputados","('0132-D-2018', 1)":null,"('0132-D-2018', 2)":null},"Expediente Diputados: ":{"('0132-D-2018', 0)":"0132-D-2018","('0132-D-2018', 1)":null,"('0132-D-2018', 2)":null},"Publicado en: ":{"('0132-D-2018', 0)":"Tr\u00e1mite Parlamentario N\u00b0 2","('0132-D-2018', 1)":null,"('0132-D-2018', 2)":null},"Fecha: ":{"('0132-D-2018', 0)":"05\/03\/2018","('0132-D-2018', 1)":null,"('0132-D-2018', 2)":null},"T\u00edtulo":{"('0132-D-2018', 0)":"REGLAMENTO DE LA H. CAMARA DE DIPUTADOS. MODIFICACION DEL ARTICULO 61 SOBRE CREACION DE LA COMISION DE GENERO E INCORPORACION DEL 101 SEPTIES, SOBRE COMPETENCIA. (REPRODUCCION DEL EXPEDIENTE 1660-D-17).","('0132-D-2018', 1)":null,"('0132-D-2018', 2)":null},"('Firmantes', 'FIRMANTE')":{"('0132-D-2018', 0)":"BANFI, KARINA","('0132-D-2018', 1)":null,"('0132-D-2018', 2)":null},"('Firmantes', 'DISTRITO')":{"('0132-D-2018', 0)":"BUENOS AIRES","('0132-D-2018', 1)":null,"('0132-D-2018', 2)":null},"('Firmantes', 'BLOQUE')":{"('0132-D-2018', 0)":"UCR","('0132-D-2018', 1)":null,"('0132-D-2018', 2)":null},"('Giros', 'COMISI\u00d3N')":{"('0132-D-2018', 0)":"PETICIONES, PODERES Y REGLAMENTO","('0132-D-2018', 1)":"FAMILIA, MUJER, NI\u00d1EZ Y ADOLESCENCIA","('0132-D-2018', 2)":"PRESUPUESTO Y HACIENDA"},"Palabra Clave":{"('0132-D-2018', 0)":" ","('0132-D-2018', 1)":null,"('0132-D-2018', 2)":null}}