{"Tipo de Proyecto":{"('0133-OV-2018', 0)":"PROYECTO DE RESOLUCI\u00d3N"},"Iniciado en: ":{"('0133-OV-2018', 0)":"Senado"},"Expediente Senado: ":{"('0133-OV-2018', 0)":"0133-OV-2018"},"Fecha: ":{"('0133-OV-2018', 0)":"09\/10\/2018"},"T\u00edtulo":{"('0133-OV-2018', 0)":"RESOLUCION REMITIDA POR LA AUDITORIA GENERAL DE LA NACION 73\/17, APROBANDO EL INFORME DE AUDITORIA REFERIDO A LOS ESTADOS FINANCIEROS CORRESPONDIENTES AL PROGRAMA DE DESARROLLO RURAL PARA LA AGRICULTURA FAMILIAR (PRODAF), CONVENIO DE PRESTAMO 2740\/OC-AR BID, DEL EJERCICIO 4 FINALIZADO EL 31\/12\/2017."},"('Firmantes', 'FIRMANTE')":{"('0133-OV-2018', 0)":"PARLAMENTARIA MIXTA REVISORA DE CUENTAS"},"('Firmantes', 'DISTRITO')":{"('0133-OV-2018', 0)":null},"('Firmantes', 'BLOQUE')":{"('0133-OV-2018', 0)":null},"Sumario":{"('0133-OV-2018', 0)":"HABIENDO TOMADO CONOCIMIENTO Y SIN PERJUICIO DE ULTERIORES MEDIDAS QUE PUEDAN ADOPTARSE, SE ACONSEJA SU REMISION AL ARCHIVO"},"Palabra Clave":{"('0133-OV-2018', 0)":" "}}