{"Tipo de Proyecto":{"('0133-D-2018', 0)":"PROYECTO DE DECLARACI\u00d3N"},"Iniciado en: ":{"('0133-D-2018', 0)":"Diputados"},"Expediente Diputados: ":{"('0133-D-2018', 0)":"0133-D-2018"},"Publicado en: ":{"('0133-D-2018', 0)":"Tr\u00e1mite Parlamentario N\u00b0 2"},"Fecha: ":{"('0133-D-2018', 0)":"05\/03\/2018"},"T\u00edtulo":{"('0133-D-2018', 0)":"EXPRESAR PREOCUPACION Y RECHAZO POR EL CIERRE TRANSITORIO DE LA ESCUELA PRIMARIA N\u00b0 212 DE JORNADA EXTENDIDA DE LA LOCALIDAD DE RIO COLORADO, PROVINCIA DE RIO NEGRO."},"('Firmantes', 'FIRMANTE')":{"('0133-D-2018', 0)":"DO\u00d1ATE, CLAUDIO MARTIN"},"('Firmantes', 'DISTRITO')":{"('0133-D-2018', 0)":"RIO NEGRO"},"('Firmantes', 'BLOQUE')":{"('0133-D-2018', 0)":"FRENTE PARA LA VICTORIA - PJ"},"('Giros', 'COMISI\u00d3N')":{"('0133-D-2018', 0)":"EDUCACION"},"Link":{"('0133-D-2018', 0)":"https:\/\/www.hcdn.gob.ar\/proyectos\/textoCompleto.jsp?exp=0133-D-2018&tipo=DECLARACION"},"Palabra Clave":{"('0133-D-2018', 0)":" "}}