{"Tipo de Proyecto":{"('0134-S-2018', 0)":"COMUNICACION","('0134-S-2018', 1)":null},"Iniciado en: ":{"('0134-S-2018', 0)":"Senado","('0134-S-2018', 1)":null},"Expediente Senado: ":{"('0134-S-2018', 0)":"0134-S-2018","('0134-S-2018', 1)":null},"Publicado en: ":{"('0134-S-2018', 0)":"Diario de Asuntos Entrados N\u00b0 7","('0134-S-2018', 1)":null},"Fecha: ":{"('0134-S-2018', 0)":"05\/03\/2018","('0134-S-2018', 1)":null},"T\u00edtulo":{"('0134-S-2018', 0)":"PEDIDO DE INFORMES AL PODER EJECUTIVO SOBRE EL ESTADO DE LA OBRA \"OBRAS DE SEGURIDAD EN DISTRITO NEUQUEN\".","('0134-S-2018', 1)":null},"('Firmantes', 'FIRMANTE')":{"('0134-S-2018', 0)":"PEREYRA, GUILLERMO JUAN","('0134-S-2018', 1)":null},"('Firmantes', 'DISTRITO')":{"('0134-S-2018', 0)":"NEUQUEN","('0134-S-2018', 1)":null},"('Firmantes', 'BLOQUE')":{"('0134-S-2018', 0)":"MOV POP NEUQUINO","('0134-S-2018', 1)":null},"('Tramites', 'C\u00c1MARA')":{"('0134-S-2018', 0)":"Senado","('0134-S-2018', 1)":"Senado"},"('Tramites', 'MOVIMIENTO')":{"('0134-S-2018', 0)":"CONSIDERACION Y APROBACION","('0134-S-2018', 1)":"CONTESTACION DEL PODER EJECUTIVO NACIONAL - JEFE DE GABINETE DE MINISTROS - GIRADO A LA COMISION RESPECTIVA"},"('Tramites', 'FECHA')":{"('0134-S-2018', 0)":"10\/10\/2018","('0134-S-2018', 1)":"20\/03\/2019"},"('Tramites', 'RESULTADO')":{"('0134-S-2018', 0)":"APROBADO","('0134-S-2018', 1)":null},"Link":{"('0134-S-2018', 0)":"http:\/\/www.senado.gov.ar\/parlamentario\/comisiones\/verExp\/134.18\/S\/PC","('0134-S-2018', 1)":null},"Palabra Clave":{"('0134-S-2018', 0)":" ","('0134-S-2018', 1)":null}}