{"Tipo de Proyecto":{"('0134-D-2018', 0)":"PROYECTO DE RESOLUCI\u00d3N","('0134-D-2018', 1)":null,"('0134-D-2018', 2)":null},"Iniciado en: ":{"('0134-D-2018', 0)":"Diputados","('0134-D-2018', 1)":null,"('0134-D-2018', 2)":null},"Expediente Diputados: ":{"('0134-D-2018', 0)":"0134-D-2018","('0134-D-2018', 1)":null,"('0134-D-2018', 2)":null},"Publicado en: ":{"('0134-D-2018', 0)":"Tr\u00e1mite Parlamentario N\u00b0 2","('0134-D-2018', 1)":null,"('0134-D-2018', 2)":null},"Fecha: ":{"('0134-D-2018', 0)":"05\/03\/2018","('0134-D-2018', 1)":null,"('0134-D-2018', 2)":null},"T\u00edtulo":{"('0134-D-2018', 0)":"EXPRESAR ADHESION AL \"DIA DE LAS NACIONES UNIDAS PARA LOS DERECHOS DE LA MUJER Y LA PAZ INTERNACIONAL\", ESTABLECIDO EL 8 DE MARZO DE 1977 POR RESOLUCION 32\/142 DE LA ORGANIZACION DE LAS NACIONES UNIDAS -ONU-.","('0134-D-2018', 1)":null,"('0134-D-2018', 2)":null},"('Firmantes', 'FIRMANTE')":{"('0134-D-2018', 0)":"AVILA, BEATRIZ LUISA","('0134-D-2018', 1)":"BRAMBILLA, SOFIA","('0134-D-2018', 2)":"MOLINA, KARINA ALEJANDRA"},"('Firmantes', 'DISTRITO')":{"('0134-D-2018', 0)":"TUCUMAN","('0134-D-2018', 1)":"CORRIENTES","('0134-D-2018', 2)":"LA RIOJA"},"('Firmantes', 'BLOQUE')":{"('0134-D-2018', 0)":"PARTIDO POR LA JUSTICIA SOCIAL","('0134-D-2018', 1)":"PRO","('0134-D-2018', 2)":"PRO"},"('Giros', 'COMISI\u00d3N')":{"('0134-D-2018', 0)":"FAMILIA, MUJER, NI\u00d1EZ Y ADOLESCENCIA","('0134-D-2018', 1)":null,"('0134-D-2018', 2)":null},"('Tramites', 'C\u00c1MARA')":{"('0134-D-2018', 0)":"Diputados","('0134-D-2018', 1)":null,"('0134-D-2018', 2)":null},"('Tramites', 'MOVIMIENTO')":{"('0134-D-2018', 0)":"SOLICITUD DE SER COFIRMANTE DE LA DIPUTADA MOLINA (A SUS ANTECEDENTES)","('0134-D-2018', 1)":null,"('0134-D-2018', 2)":null},"('Tramites', 'FECHA')":{"('0134-D-2018', 0)":null,"('0134-D-2018', 1)":null,"('0134-D-2018', 2)":null},"('Tramites', 'RESULTADO')":{"('0134-D-2018', 0)":null,"('0134-D-2018', 1)":null,"('0134-D-2018', 2)":null},"Link":{"('0134-D-2018', 0)":"https:\/\/www.hcdn.gob.ar\/proyectos\/textoCompleto.jsp?exp=0134-D-2018&tipo=RESOLUCION","('0134-D-2018', 1)":null,"('0134-D-2018', 2)":null},"Palabra Clave":{"('0134-D-2018', 0)":" ","('0134-D-2018', 1)":null,"('0134-D-2018', 2)":null}}