{"Tipo de Proyecto":{"('0135-OV-2018', 0)":"PROYECTO DE RESOLUCI\u00d3N"},"Iniciado en: ":{"('0135-OV-2018', 0)":"Senado"},"Expediente Senado: ":{"('0135-OV-2018', 0)":"0135-OV-2018"},"Fecha: ":{"('0135-OV-2018', 0)":"09\/10\/2018"},"T\u00edtulo":{"('0135-OV-2018', 0)":"PEDIDO DE INFORMES AL PODER EJECUTIVO SOBRE RESOLUCIONES REMITIDAS POR LA AUDITORIA GENERAL DE LA NACION 75\/18, QUE APRUEBA EL INFORME DEL AUDITOR INDEPENDIENTE REFERIDO A LA AUDITORIA PRACTICADA SOBRE LOS ESTADOS CONTABLES DE CONSTRUCCION DE VIVIENDA PARA LA ARMADA EMPRESA DEL ESTADO (COVIARA), POR EL EJERCICIO FINALIZADO EL 31\/12\/2015 (0135-OV-18), Y 76\/18, QUE APRUEBA EL INFORME SOBRE CONTROLES - INTERNO CONTABLES - REFERIDOS A LOS EJERCICIOS FINALIZADOS EL 31\/12\/2014 Y 31\/12\/2015, DE COVIARA (0136-OV-18)."},"('Firmantes', 'FIRMANTE')":{"('0135-OV-2018', 0)":"PARLAMENTARIA MIXTA REVISORA DE CUENTAS"},"('Firmantes', 'DISTRITO')":{"('0135-OV-2018', 0)":null},"('Firmantes', 'BLOQUE')":{"('0135-OV-2018', 0)":null},"Link":{"('0135-OV-2018', 0)":"http:\/\/www.senado.gov.ar\/parlamentario\/comisiones\/verExp\/135.18\/OV\/PR"},"Palabra Clave":{"('0135-OV-2018', 0)":" "}}