{"Tipo de Proyecto":{"('0136-PE-2018', 0)":"MENSAJE NRO: 0064\/18","('0136-PE-2018', 1)":null},"Iniciado en: ":{"('0136-PE-2018', 0)":"Senado","('0136-PE-2018', 1)":null},"Expediente Senado: ":{"('0136-PE-2018', 0)":"0136-PE-2018","('0136-PE-2018', 1)":null},"Publicado en: ":{"('0136-PE-2018', 0)":"DAE S.A. N\u00b0 13","('0136-PE-2018', 1)":null},"Fecha: ":{"('0136-PE-2018', 0)":"08\/05\/2018","('0136-PE-2018', 1)":null},"T\u00edtulo":{"('0136-PE-2018', 0)":"SOLICITA ACUERDO PARA DESIGNAR FISCAL ANTE LOS JUZGADOS FEDERALES DE PRIMERA INSTANCIA EN LO CRIMINAL Y CORRECCIONAL DE SAN ISIDRO, FISCALIA N\u00b01, AL DOCTOR FEDERICO JOSE IUSPA.","('0136-PE-2018', 1)":null},"('Firmantes', 'FIRMANTE')":{"('0136-PE-2018', 0)":"MACRI, MAURICIO","('0136-PE-2018', 1)":"GARAVANO, GERMAN CARLOS"},"('Firmantes', 'DISTRITO')":{"('0136-PE-2018', 0)":null,"('0136-PE-2018', 1)":null},"('Firmantes', 'BLOQUE')":{"('0136-PE-2018', 0)":"PODER EJECUTIVO","('0136-PE-2018', 1)":"PODER EJECUTIVO"},"('Tramites', 'C\u00c1MARA')":{"('0136-PE-2018', 0)":"Senado","('0136-PE-2018', 1)":null},"('Tramites', 'MOVIMIENTO')":{"('0136-PE-2018', 0)":"CONSIDERACION Y APROBACION","('0136-PE-2018', 1)":null},"('Tramites', 'FECHA')":{"('0136-PE-2018', 0)":"04\/07\/2018","('0136-PE-2018', 1)":null},"('Tramites', 'RESULTADO')":{"('0136-PE-2018', 0)":"APROBADO","('0136-PE-2018', 1)":null},"Palabra Clave":{"('0136-PE-2018', 0)":" ","('0136-PE-2018', 1)":null}}