{"Tipo de Proyecto":{"('0137-S-2018', 0)":"COMUNICACION"},"Iniciado en: ":{"('0137-S-2018', 0)":"Senado"},"Expediente Senado: ":{"('0137-S-2018', 0)":"0137-S-2018"},"Publicado en: ":{"('0137-S-2018', 0)":"Diario de Asuntos Entrados N\u00b0 7"},"Fecha: ":{"('0137-S-2018', 0)":"05\/03\/2018"},"T\u00edtulo":{"('0137-S-2018', 0)":"PEDIDO DE INFORMES AL PODER EJECUTIVO SOBRE EL ESTADO DE AVANCE DE LA OBRA \"CONSTRUCCION NUEVO EDIFICIO SEDE DE LOS TRIBUNALES FEDERALES DEL NEUQUEN, PROVINCIA HOMONIMA\""},"('Firmantes', 'FIRMANTE')":{"('0137-S-2018', 0)":"PEREYRA, GUILLERMO JUAN"},"('Firmantes', 'DISTRITO')":{"('0137-S-2018', 0)":"NEUQUEN"},"('Firmantes', 'BLOQUE')":{"('0137-S-2018', 0)":"MOV POP NEUQUINO"},"Link":{"('0137-S-2018', 0)":"http:\/\/www.senado.gov.ar\/parlamentario\/comisiones\/verExp\/137.18\/S\/PC"},"Palabra Clave":{"('0137-S-2018', 0)":" "}}