{"Tipo de Proyecto":{"('0137-OV-2018', 0)":"PROYECTO DE RESOLUCI\u00d3N"},"Iniciado en: ":{"('0137-OV-2018', 0)":"Senado"},"Expediente Senado: ":{"('0137-OV-2018', 0)":"0137-OV-2018"},"Fecha: ":{"('0137-OV-2018', 0)":"26\/11\/2018"},"T\u00edtulo":{"('0137-OV-2018', 0)":"PEDIDO DE INFORMES AL PODER EJECUTIVO SOBRE RESOLUCIONES REMITIDAS POR LA AUDITORIA GENERAL DE LA NACION 77\/18, QUE APRUEBA EL INFORME DEL AUDITOR INDEPENDIENTE REFERIDO A LA AUDITORIA PRACTICADA SOBRE LOS ESTADOS CONTABLES DE LA COMISION MIXTA ARGENTINO - PARAGUAYA DEL RIO PARANA (COMIP), EJERCICIO FINALIZADO EL 31\/12\/2016 (0137-OV-18), Y 78\/18, QUE APRUEBA EL INFORME SOBRE CONTROLES - INTERNO Y CONTABLE - REFERIDO A LA AUDITORIA PRACTICADA SOBRE LOS ESTADOS CONTABLES DE LA COMIP, EJERCICIO FINALIZADO AL 31\/12\/2016 (0138-OV-18)."},"('Firmantes', 'FIRMANTE')":{"('0137-OV-2018', 0)":"PARLAMENTARIA MIXTA REVISORA DE CUENTAS"},"('Firmantes', 'DISTRITO')":{"('0137-OV-2018', 0)":null},"('Firmantes', 'BLOQUE')":{"('0137-OV-2018', 0)":null},"Link":{"('0137-OV-2018', 0)":"http:\/\/www.senado.gov.ar\/parlamentario\/comisiones\/verExp\/137.18\/OV\/PR"},"Palabra Clave":{"('0137-OV-2018', 0)":" "}}