{"Tipo de Proyecto":{"('0138-PE-2018', 0)":"MENSAJE NRO: 0066\/18","('0138-PE-2018', 1)":null},"Iniciado en: ":{"('0138-PE-2018', 0)":"Senado","('0138-PE-2018', 1)":null},"Expediente Senado: ":{"('0138-PE-2018', 0)":"0138-PE-2018","('0138-PE-2018', 1)":null},"Publicado en: ":{"('0138-PE-2018', 0)":"DAE S.A. N\u00b0 14","('0138-PE-2018', 1)":null},"Fecha: ":{"('0138-PE-2018', 0)":"10\/05\/2018","('0138-PE-2018', 1)":null},"T\u00edtulo":{"('0138-PE-2018', 0)":"SOLICITA ACUERDO PARA DESIGNAR VOCAL DE LA CAMARA FEDERAL DE CASACION PENAL, VOCALIA N\u00b012, AL DOCTOR GUILLERMO JORGE YACOBUCCI.","('0138-PE-2018', 1)":null},"('Firmantes', 'FIRMANTE')":{"('0138-PE-2018', 0)":"MACRI, MAURICIO","('0138-PE-2018', 1)":"GARAVANO, GERMAN CARLOS"},"('Firmantes', 'DISTRITO')":{"('0138-PE-2018', 0)":null,"('0138-PE-2018', 1)":null},"('Firmantes', 'BLOQUE')":{"('0138-PE-2018', 0)":"PODER EJECUTIVO","('0138-PE-2018', 1)":"PODER EJECUTIVO"},"('Tramites', 'C\u00c1MARA')":{"('0138-PE-2018', 0)":"Senado","('0138-PE-2018', 1)":null},"('Tramites', 'MOVIMIENTO')":{"('0138-PE-2018', 0)":"CONSIDERACION Y APROBACION","('0138-PE-2018', 1)":null},"('Tramites', 'FECHA')":{"('0138-PE-2018', 0)":"04\/07\/2018","('0138-PE-2018', 1)":null},"('Tramites', 'RESULTADO')":{"('0138-PE-2018', 0)":"APROBADO","('0138-PE-2018', 1)":null},"Palabra Clave":{"('0138-PE-2018', 0)":" ","('0138-PE-2018', 1)":null}}