{"Tipo de Proyecto":{"('0139-OV-2018', 0)":"PROYECTO DE RESOLUCI\u00d3N"},"Iniciado en: ":{"('0139-OV-2018', 0)":"Senado"},"Expediente Senado: ":{"('0139-OV-2018', 0)":"0139-OV-2018"},"Fecha: ":{"('0139-OV-2018', 0)":"09\/10\/2018"},"T\u00edtulo":{"('0139-OV-2018', 0)":"PEDIDO DE INFORMES AL PODER EJECUTIVO SOBRE RESOLUCION REMITIDA POR LA AUDITORIA GENERAL DE LA NACION 79\/18, APROBANDO EL INFORME REALIZADO EN EL AMBITO DE LA COORDINACION NACIONAL DE ENFERMEDADES TRANSMISIBLES POR VECTORES, DE LA SECRETARIA DE OPERACIONES Y ESTRATEGIAS DE SALUD, REFERIDO AL \"EXAMEN DE LA GESTION AMBIENTAL DEL PROGRAMA NACIONAL CONCERTADO DE PREVENCION Y ASISTENCIA INTEGRAL DE LA ENFERMEDAD DE CHAGAS - SEGUIMIENTO RESOLUCION AGN 020\/2012. PERIODO AUDITADO 10\/01\/2015 AL 31\/12\/2016."},"('Firmantes', 'FIRMANTE')":{"('0139-OV-2018', 0)":"PARLAMENTARIA MIXTA REVISORA DE CUENTAS"},"('Firmantes', 'DISTRITO')":{"('0139-OV-2018', 0)":null},"('Firmantes', 'BLOQUE')":{"('0139-OV-2018', 0)":null},"Link":{"('0139-OV-2018', 0)":"http:\/\/www.senado.gov.ar\/parlamentario\/comisiones\/verExp\/139.18\/OV\/PR"},"Palabra Clave":{"('0139-OV-2018', 0)":" "}}