{"Tipo de Proyecto":{"('0139-PE-2018', 0)":"MENSAJE NRO: 0067\/18","('0139-PE-2018', 1)":null},"Iniciado en: ":{"('0139-PE-2018', 0)":"Senado","('0139-PE-2018', 1)":null},"Expediente Senado: ":{"('0139-PE-2018', 0)":"0139-PE-2018","('0139-PE-2018', 1)":null},"Publicado en: ":{"('0139-PE-2018', 0)":"DAE S.A. N\u00b0 14","('0139-PE-2018', 1)":null},"Fecha: ":{"('0139-PE-2018', 0)":"10\/05\/2018","('0139-PE-2018', 1)":null},"T\u00edtulo":{"('0139-PE-2018', 0)":"SOLICITA ACUERDO PARA TRASLADO DEL JUEZ DE CAMARA DEL TRIBUNAL ORAL EN LO CRIMINAL Y CORRECCIONAL N\u00b0 8 DE LA CAPITAL FEDERAL AL TRIBUNAL ORAL EN LO CRIMINAL FEDERAL N\u00b0 1 DE LA CAPITAL FEDERAL, AL DOCTOR RICARDO ANGEL BASILICO.\n","('0139-PE-2018', 1)":null},"('Firmantes', 'FIRMANTE')":{"('0139-PE-2018', 0)":"MACRI, MAURICIO","('0139-PE-2018', 1)":"GARAVANO, GERMAN CARLOS"},"('Firmantes', 'DISTRITO')":{"('0139-PE-2018', 0)":null,"('0139-PE-2018', 1)":null},"('Firmantes', 'BLOQUE')":{"('0139-PE-2018', 0)":"PODER EJECUTIVO","('0139-PE-2018', 1)":"PODER EJECUTIVO"},"('Tramites', 'C\u00c1MARA')":{"('0139-PE-2018', 0)":"Senado","('0139-PE-2018', 1)":null},"('Tramites', 'MOVIMIENTO')":{"('0139-PE-2018', 0)":"CONSIDERACION Y APROBACION","('0139-PE-2018', 1)":null},"('Tramites', 'FECHA')":{"('0139-PE-2018', 0)":"04\/07\/2018","('0139-PE-2018', 1)":null},"('Tramites', 'RESULTADO')":{"('0139-PE-2018', 0)":"APROBADO","('0139-PE-2018', 1)":null},"Palabra Clave":{"('0139-PE-2018', 0)":" ","('0139-PE-2018', 1)":null}}