{"Tipo de Proyecto":{"('0140-D-2018', 0)":"PROYECTO DE DECLARACI\u00d3N","('0140-D-2018', 1)":null},"Iniciado en: ":{"('0140-D-2018', 0)":"Diputados","('0140-D-2018', 1)":null},"Expediente Diputados: ":{"('0140-D-2018', 0)":"0140-D-2018","('0140-D-2018', 1)":null},"Publicado en: ":{"('0140-D-2018', 0)":"Tr\u00e1mite Parlamentario N\u00b0 2","('0140-D-2018', 1)":null},"Fecha: ":{"('0140-D-2018', 0)":"05\/03\/2018","('0140-D-2018', 1)":null},"T\u00edtulo":{"('0140-D-2018', 0)":"EXPRESAR PREOCUPACION POR LA DECISION DE RECORTAR EL ACCESO A LAS PENSIONES POR DISCAPACIDAD A MENORES, Y OTRAS CUESTIONES CONEXAS (REPRODUCCION DEL EXPEDIENTE 6792-D-17).","('0140-D-2018', 1)":null},"('Firmantes', 'FIRMANTE')":{"('0140-D-2018', 0)":"FRANA, SILVINA PATRICIA","('0140-D-2018', 1)":null},"('Firmantes', 'DISTRITO')":{"('0140-D-2018', 0)":"SANTA FE","('0140-D-2018', 1)":null},"('Firmantes', 'BLOQUE')":{"('0140-D-2018', 0)":"FRENTE PARA LA VICTORIA - PJ","('0140-D-2018', 1)":null},"('Giros', 'COMISI\u00d3N')":{"('0140-D-2018', 0)":"DISCAPACIDAD","('0140-D-2018', 1)":"PRESUPUESTO Y HACIENDA"},"('Tramites', 'C\u00c1MARA')":{"('0140-D-2018', 0)":"Diputados","('0140-D-2018', 1)":null},"('Tramites', 'MOVIMIENTO')":{"('0140-D-2018', 0)":"SOLICITUD DE REPRODUCCION DEL PROYECTO PARA EL PERIODO 137 (2019), SEGUN LOS TERMINOS DEL ARTICULO 7 DE LA RESOLUCION DE LA HCD DEL 05\/06\/1996","('0140-D-2018', 1)":null},"('Tramites', 'FECHA')":{"('0140-D-2018', 0)":null,"('0140-D-2018', 1)":null},"('Tramites', 'RESULTADO')":{"('0140-D-2018', 0)":null,"('0140-D-2018', 1)":null},"Palabra Clave":{"('0140-D-2018', 0)":" ","('0140-D-2018', 1)":null}}