{"Tipo de Proyecto":{"('0141-D-2018', 0)":"PROYECTO DE DECLARACI\u00d3N","('0141-D-2018', 1)":null,"('0141-D-2018', 2)":null,"('0141-D-2018', 3)":null},"Iniciado en: ":{"('0141-D-2018', 0)":"Diputados","('0141-D-2018', 1)":null,"('0141-D-2018', 2)":null,"('0141-D-2018', 3)":null},"Expediente Diputados: ":{"('0141-D-2018', 0)":"0141-D-2018","('0141-D-2018', 1)":null,"('0141-D-2018', 2)":null,"('0141-D-2018', 3)":null},"Publicado en: ":{"('0141-D-2018', 0)":"Tr\u00e1mite Parlamentario N\u00b0 2","('0141-D-2018', 1)":null,"('0141-D-2018', 2)":null,"('0141-D-2018', 3)":null},"Fecha: ":{"('0141-D-2018', 0)":"05\/03\/2018","('0141-D-2018', 1)":null,"('0141-D-2018', 2)":null,"('0141-D-2018', 3)":null},"T\u00edtulo":{"('0141-D-2018', 0)":"DECLARAR DE INTERES DE LA HONORABLE CAMARA LA GIRA DEL GRUPO MUSICAL DE CUMBIA \"LOS PALMERAS\", ORIUNDO DE LA PROVINCIA DE SANTA FE, JUNTO CON LA \"ORQUESTA FILARMONICA DE SANTA FE\", POR DISTINTAS CIUDADES DE NUESTRO PAIS (REPRODUCCION DEL EXPEDIENTE 6798-D-17).","('0141-D-2018', 1)":null,"('0141-D-2018', 2)":null,"('0141-D-2018', 3)":null},"('Firmantes', 'FIRMANTE')":{"('0141-D-2018', 0)":"FRANA, SILVINA PATRICIA","('0141-D-2018', 1)":"MARCUCCI, HUGO MARIA","('0141-D-2018', 2)":"CONTIGIANI, LUIS GUSTAVO","('0141-D-2018', 3)":null},"('Firmantes', 'DISTRITO')":{"('0141-D-2018', 0)":"SANTA FE","('0141-D-2018', 1)":"SANTA FE","('0141-D-2018', 2)":"SANTA FE","('0141-D-2018', 3)":null},"('Firmantes', 'BLOQUE')":{"('0141-D-2018', 0)":"FRENTE PARA LA VICTORIA - PJ","('0141-D-2018', 1)":"UCR","('0141-D-2018', 2)":"PARTIDO SOCIALISTA","('0141-D-2018', 3)":null},"('Giros', 'COMISI\u00d3N')":{"('0141-D-2018', 0)":"CULTURA","('0141-D-2018', 1)":null,"('0141-D-2018', 2)":null,"('0141-D-2018', 3)":null},"('Tramites', 'C\u00c1MARA')":{"('0141-D-2018', 0)":"Diputados","('0141-D-2018', 1)":"Diputados","('0141-D-2018', 2)":"Diputados","('0141-D-2018', 3)":"Diputados"},"('Tramites', 'MOVIMIENTO')":{"('0141-D-2018', 0)":"SOLICITUD DE SER COFIRMANTE DEL DIPUTADO MARCUCCI (A SUS ANTECEDENTES)","('0141-D-2018', 1)":"SOLICITUD DE SER COFIRMANTE DEL DIPUTADO CONTIGIANI (A SUS ANTECEDENTES)","('0141-D-2018', 2)":"MOCION SOBRE TABLAS (AFIRMATIVA)","('0141-D-2018', 3)":"CONSIDERACION Y APROBACION"},"('Tramites', 'FECHA')":{"('0141-D-2018', 0)":null,"('0141-D-2018', 1)":null,"('0141-D-2018', 2)":"21\/03\/2018","('0141-D-2018', 3)":"21\/03\/2018"},"('Tramites', 'RESULTADO')":{"('0141-D-2018', 0)":null,"('0141-D-2018', 1)":null,"('0141-D-2018', 2)":null,"('0141-D-2018', 3)":"APROBADO"},"Palabra Clave":{"('0141-D-2018', 0)":" ","('0141-D-2018', 1)":null,"('0141-D-2018', 2)":null,"('0141-D-2018', 3)":null}}