{"Tipo de Proyecto":{"('0142-PE-2018', 0)":"MENSAJE NRO: 0070\/18","('0142-PE-2018', 1)":null},"Iniciado en: ":{"('0142-PE-2018', 0)":"Senado","('0142-PE-2018', 1)":null},"Expediente Senado: ":{"('0142-PE-2018', 0)":"0142-PE-2018","('0142-PE-2018', 1)":null},"Publicado en: ":{"('0142-PE-2018', 0)":"Diario de Asuntos Entrados N\u00b0 14","('0142-PE-2018', 1)":null},"Fecha: ":{"('0142-PE-2018', 0)":"10\/05\/2018","('0142-PE-2018', 1)":null},"T\u00edtulo":{"('0142-PE-2018', 0)":"SOLICITAR EL ACUERDO NECESARIO PARA PROMOVER AL GRADO INMEDIATO SUPERIOR AL PERSONAL MILITAR SUPERIOR DE LA FUERZA AEREA ARGENTINA.","('0142-PE-2018', 1)":null},"('Firmantes', 'FIRMANTE')":{"('0142-PE-2018', 0)":"MACRI, MAURICIO","('0142-PE-2018', 1)":"AGUAD, OSCAR RAUL"},"('Firmantes', 'DISTRITO')":{"('0142-PE-2018', 0)":null,"('0142-PE-2018', 1)":null},"('Firmantes', 'BLOQUE')":{"('0142-PE-2018', 0)":"PODER EJECUTIVO","('0142-PE-2018', 1)":"PODER EJECUTIVO"},"('Tramites', 'C\u00c1MARA')":{"('0142-PE-2018', 0)":"Senado","('0142-PE-2018', 1)":null},"('Tramites', 'MOVIMIENTO')":{"('0142-PE-2018', 0)":"CONSIDERACION Y APROBACION","('0142-PE-2018', 1)":null},"('Tramites', 'FECHA')":{"('0142-PE-2018', 0)":"04\/07\/2018","('0142-PE-2018', 1)":null},"('Tramites', 'RESULTADO')":{"('0142-PE-2018', 0)":"APROBADO","('0142-PE-2018', 1)":null},"Sumario":{"('0142-PE-2018', 0)":"BRIGADIERES, CUERPO DE COMANDO: ROBERTO ANREASEN, GUSTAVO TESTONI, MARIO ROVELLA, ALEJANDRO AMOROS, COMODORAS, CUERPO DE COMANDO: REYNALDO COCCO, CARLOS GRZONA, CLAUDIO SALABERRY, PEDRO NOTTI, ROBERTO ORLANDO","('0142-PE-2018', 1)":null},"Palabra Clave":{"('0142-PE-2018', 0)":" ","('0142-PE-2018', 1)":null}}