{"Tipo de Proyecto":{"('0142-S-2018', 0)":"COMUNICACION","('0142-S-2018', 1)":null},"Iniciado en: ":{"('0142-S-2018', 0)":"Senado","('0142-S-2018', 1)":null},"Expediente Senado: ":{"('0142-S-2018', 0)":"0142-S-2018","('0142-S-2018', 1)":null},"Publicado en: ":{"('0142-S-2018', 0)":"Diario de Asuntos Entrados N\u00b0 7","('0142-S-2018', 1)":null},"Fecha: ":{"('0142-S-2018', 0)":"05\/03\/2018","('0142-S-2018', 1)":null},"T\u00edtulo":{"('0142-S-2018', 0)":"PEDIDO DE INFORMES AL PODER EJECUTIVO SOBRE EL ESTADO DE AVANCE DE LA OBRA \"CONSTRUCCION ACUEDUCTO NEXO IV RAMAL ESTE Y NEXO I RAMAL PLOTIER-MARI MENUCO- NEUQUEN\", DE ESTA PROVINCIA.","('0142-S-2018', 1)":null},"('Firmantes', 'FIRMANTE')":{"('0142-S-2018', 0)":"PEREYRA, GUILLERMO JUAN","('0142-S-2018', 1)":null},"('Firmantes', 'DISTRITO')":{"('0142-S-2018', 0)":"NEUQUEN","('0142-S-2018', 1)":null},"('Firmantes', 'BLOQUE')":{"('0142-S-2018', 0)":"MOV POP NEUQUINO","('0142-S-2018', 1)":null},"('Tramites', 'C\u00c1MARA')":{"('0142-S-2018', 0)":"Senado","('0142-S-2018', 1)":"Senado"},"('Tramites', 'MOVIMIENTO')":{"('0142-S-2018', 0)":"CONSIDERACION Y APROBACION","('0142-S-2018', 1)":"CONTESTACION DEL PODER EJECUTIVO NACIONAL - JEFE DE GABINETE DE MINISTROS - GIRADO A LA COMISION RESPECTIVA"},"('Tramites', 'FECHA')":{"('0142-S-2018', 0)":"10\/10\/2018","('0142-S-2018', 1)":"20\/03\/2019"},"('Tramites', 'RESULTADO')":{"('0142-S-2018', 0)":"APROBADO","('0142-S-2018', 1)":null},"Link":{"('0142-S-2018', 0)":"http:\/\/www.senado.gov.ar\/parlamentario\/comisiones\/verExp\/142.18\/S\/PC","('0142-S-2018', 1)":null},"Palabra Clave":{"('0142-S-2018', 0)":" ","('0142-S-2018', 1)":null}}