{"Tipo de Proyecto":{"('0143-S-2018', 0)":"PROYECTO DE DECLARACI\u00d3N"},"Iniciado en: ":{"('0143-S-2018', 0)":"Senado"},"Expediente Senado: ":{"('0143-S-2018', 0)":"0143-S-2018"},"Publicado en: ":{"('0143-S-2018', 0)":"Diario de Asuntos Entrados N\u00b0 8"},"Fecha: ":{"('0143-S-2018', 0)":"06\/03\/2018"},"T\u00edtulo":{"('0143-S-2018', 0)":"ADHERIR A LA CONMEMORACION DEL 105 ANIVERSARIO DE LA FUNDACION DE LA CIUDAD DE ZAPALA, PROVINCIA DEL NEUQUEN, EL 12 DE JULIO DE 2018"},"('Firmantes', 'FIRMANTE')":{"('0143-S-2018', 0)":"PEREYRA, GUILLERMO JUAN"},"('Firmantes', 'DISTRITO')":{"('0143-S-2018', 0)":"NEUQUEN"},"('Firmantes', 'BLOQUE')":{"('0143-S-2018', 0)":"MOV POP NEUQUINO"},"('Tramites', 'C\u00c1MARA')":{"('0143-S-2018', 0)":"Senado"},"('Tramites', 'MOVIMIENTO')":{"('0143-S-2018', 0)":"CONSIDERACION Y APROBACION"},"('Tramites', 'FECHA')":{"('0143-S-2018', 0)":"10\/10\/2018"},"('Tramites', 'RESULTADO')":{"('0143-S-2018', 0)":"APROBADO"},"Link":{"('0143-S-2018', 0)":"http:\/\/www.senado.gov.ar\/parlamentario\/comisiones\/verExp\/143.18\/S\/PD"},"Palabra Clave":{"('0143-S-2018', 0)":" "}}