{"Tipo de Proyecto":{"('0145-S-2018', 0)":"PROYECTO DE DECLARACI\u00d3N"},"Iniciado en: ":{"('0145-S-2018', 0)":"Senado"},"Expediente Senado: ":{"('0145-S-2018', 0)":"0145-S-2018"},"Publicado en: ":{"('0145-S-2018', 0)":"Diario de Asuntos Entrados N\u00b0 8"},"Fecha: ":{"('0145-S-2018', 0)":"06\/03\/2018"},"T\u00edtulo":{"('0145-S-2018', 0)":"EXPRESAR BENEPLACITO POR EL 105 ANIVERSARIO DE LA FUNDACION DEL HOSPITAL CASTRO RENDON DE LA PROVINCIA DEL NEUQUEN, EL 28 DE JULIO DE 2018."},"('Firmantes', 'FIRMANTE')":{"('0145-S-2018', 0)":"PEREYRA, GUILLERMO JUAN"},"('Firmantes', 'DISTRITO')":{"('0145-S-2018', 0)":"NEUQUEN"},"('Firmantes', 'BLOQUE')":{"('0145-S-2018', 0)":"MOV POP NEUQUINO"},"('Tramites', 'C\u00c1MARA')":{"('0145-S-2018', 0)":"Senado"},"('Tramites', 'MOVIMIENTO')":{"('0145-S-2018', 0)":"CONSIDERACION Y APROBACION"},"('Tramites', 'FECHA')":{"('0145-S-2018', 0)":"27\/06\/2018"},"('Tramites', 'RESULTADO')":{"('0145-S-2018', 0)":"APROBADO"},"Link":{"('0145-S-2018', 0)":"http:\/\/www.senado.gov.ar\/parlamentario\/comisiones\/verExp\/145.18\/S\/PD"},"Palabra Clave":{"('0145-S-2018', 0)":" "}}