{"Tipo de Proyecto":{"('0145-D-2018', 0)":"PROYECTO DE LEY"},"Iniciado en: ":{"('0145-D-2018', 0)":"Diputados"},"Expediente Diputados: ":{"('0145-D-2018', 0)":"0145-D-2018"},"Publicado en: ":{"('0145-D-2018', 0)":"Tr\u00e1mite Parlamentario N\u00b0 2"},"Fecha: ":{"('0145-D-2018', 0)":"05\/03\/2018"},"T\u00edtulo":{"('0145-D-2018', 0)":"EXENCION DEL IMPUESTO AL VALOR AGREGADO Y A LAS GANANCIAS A LA ADQUISICION, LOCACION E IMPORTACION DE AUTOMOVILES CON DESTINO A UNA EMPRESA O DETERMINADA ACTIVIDAD COMERCIAL. MODIFICACION DE LAS LEYES 20628 - T.O. DECRETO 649\/97 - Y 23349 (REPRODUCCION DEL EXPEDIENTE 3935-D-16)."},"('Firmantes', 'FIRMANTE')":{"('0145-D-2018', 0)":"FRANA, SILVINA PATRICIA"},"('Firmantes', 'DISTRITO')":{"('0145-D-2018', 0)":"SANTA FE"},"('Firmantes', 'BLOQUE')":{"('0145-D-2018', 0)":"FRENTE PARA LA VICTORIA - PJ"},"('Giros', 'COMISI\u00d3N')":{"('0145-D-2018', 0)":"PRESUPUESTO Y HACIENDA"},"Sumario":{"('0145-D-2018', 0)":"MODIFICACION DE PUNTO 1 DEL INCISO A) DEL ARTICULO 12 DE LA LEY 23349 Y DEL INCISO I) DEL ARTICULO 88 DE LA LEY 20628."},"Palabra Clave":{"('0145-D-2018', 0)":" "}}