{"Tipo de Proyecto":{"('0147-PE-2018', 0)":"MENSAJE NRO: 0071\/18","('0147-PE-2018', 1)":null},"Iniciado en: ":{"('0147-PE-2018', 0)":"Senado","('0147-PE-2018', 1)":null},"Expediente Senado: ":{"('0147-PE-2018', 0)":"0147-PE-2018","('0147-PE-2018', 1)":null},"Publicado en: ":{"('0147-PE-2018', 0)":"DAE S.A. N\u00b0 16","('0147-PE-2018', 1)":null},"Fecha: ":{"('0147-PE-2018', 0)":"23\/05\/2018","('0147-PE-2018', 1)":null},"T\u00edtulo":{"('0147-PE-2018', 0)":"SOLICITA ACUERDO PARA LA DESIGNACION DE LA JUEZA DEL JUZGADO NACIONAL DE PRIMERA INSTANCIA DEL TRABAJO NUMERO 65 DE LA CAPITAL FEDERAL, A LA DOCTORA GABRIELA SUSANA CRUZ DEVOTO.","('0147-PE-2018', 1)":null},"('Firmantes', 'FIRMANTE')":{"('0147-PE-2018', 0)":"MACRI, MAURICIO","('0147-PE-2018', 1)":"GARAVANO, GERMAN CARLOS"},"('Firmantes', 'DISTRITO')":{"('0147-PE-2018', 0)":null,"('0147-PE-2018', 1)":null},"('Firmantes', 'BLOQUE')":{"('0147-PE-2018', 0)":"PODER EJECUTIVO","('0147-PE-2018', 1)":"PODER EJECUTIVO"},"('Tramites', 'C\u00c1MARA')":{"('0147-PE-2018', 0)":"Senado","('0147-PE-2018', 1)":null},"('Tramites', 'MOVIMIENTO')":{"('0147-PE-2018', 0)":"CONSIDERACION Y APROBACION","('0147-PE-2018', 1)":null},"('Tramites', 'FECHA')":{"('0147-PE-2018', 0)":"04\/07\/2018","('0147-PE-2018', 1)":null},"('Tramites', 'RESULTADO')":{"('0147-PE-2018', 0)":"APROBADO","('0147-PE-2018', 1)":null},"Palabra Clave":{"('0147-PE-2018', 0)":" ","('0147-PE-2018', 1)":null}}