{"Tipo de Proyecto":{"('0148-D-2018', 0)":"PROYECTO DE LEY","('0148-D-2018', 1)":null},"Iniciado en: ":{"('0148-D-2018', 0)":"Diputados","('0148-D-2018', 1)":null},"Expediente Diputados: ":{"('0148-D-2018', 0)":"0148-D-2018","('0148-D-2018', 1)":null},"Publicado en: ":{"('0148-D-2018', 0)":"Tr\u00e1mite Parlamentario N\u00b0 2","('0148-D-2018', 1)":null},"Fecha: ":{"('0148-D-2018', 0)":"05\/03\/2018","('0148-D-2018', 1)":null},"T\u00edtulo":{"('0148-D-2018', 0)":"INCENTIVOS FISCALES PARA MIPYMES POR EL TERMINO DE CUATRO A\u00d1OS. REGIMEN (REPRODUCCION DEL EXPEDIENTE 2643-D-16).","('0148-D-2018', 1)":null},"('Firmantes', 'FIRMANTE')":{"('0148-D-2018', 0)":"FRANA, SILVINA PATRICIA","('0148-D-2018', 1)":null},"('Firmantes', 'DISTRITO')":{"('0148-D-2018', 0)":"SANTA FE","('0148-D-2018', 1)":null},"('Firmantes', 'BLOQUE')":{"('0148-D-2018', 0)":"FRENTE PARA LA VICTORIA - PJ","('0148-D-2018', 1)":null},"('Giros', 'COMISI\u00d3N')":{"('0148-D-2018', 0)":"PRESUPUESTO Y HACIENDA","('0148-D-2018', 1)":"PEQUE\u00d1AS Y MEDIANAS EMPRESAS"},"Sumario":{"('0148-D-2018', 0)":"BONOS DE CREDITO FISCAL POR CONTRIBUCIONES PATRONALES, AMORTIZACION ACELERADA DE BIENES DE CAPITAL, DEVOLUCION DE IVA Y COMPUTO DE PORCENTAJE DE IMPUESTO A LOS DEBITOS Y CREDITOS BANCARIOS COMO PAGO A CUENTA DEL IMPUESTO A LAS GANANCIAS.","('0148-D-2018', 1)":null},"Palabra Clave":{"('0148-D-2018', 0)":" ","('0148-D-2018', 1)":null}}