{"Tipo de Proyecto":{"('0148-PE-2018', 0)":"MENSAJE NRO: 0072\/18","('0148-PE-2018', 1)":null},"Iniciado en: ":{"('0148-PE-2018', 0)":"Senado","('0148-PE-2018', 1)":null},"Expediente Senado: ":{"('0148-PE-2018', 0)":"0148-PE-2018","('0148-PE-2018', 1)":null},"Publicado en: ":{"('0148-PE-2018', 0)":"DAE S.A. N\u00b0 16","('0148-PE-2018', 1)":null},"Fecha: ":{"('0148-PE-2018', 0)":"23\/05\/2018","('0148-PE-2018', 1)":null},"T\u00edtulo":{"('0148-PE-2018', 0)":"SOLICITAR ACUERDO PARA DESIGNAR AL FISCAL ANTE EL JUZGADO FEDERAL DE PRIMERA INSTANCIA DE CAMPANA, PROVINCIA DE BUENOS AIRES, AL DOCTOR SEBASTIAN ALBERTO BRINGAS","('0148-PE-2018', 1)":null},"('Firmantes', 'FIRMANTE')":{"('0148-PE-2018', 0)":"MACRI, MAURICIO","('0148-PE-2018', 1)":"GARAVANO, GERMAN CARLOS"},"('Firmantes', 'DISTRITO')":{"('0148-PE-2018', 0)":null,"('0148-PE-2018', 1)":null},"('Firmantes', 'BLOQUE')":{"('0148-PE-2018', 0)":"PODER EJECUTIVO","('0148-PE-2018', 1)":"PODER EJECUTIVO"},"('Tramites', 'C\u00c1MARA')":{"('0148-PE-2018', 0)":"Senado","('0148-PE-2018', 1)":null},"('Tramites', 'MOVIMIENTO')":{"('0148-PE-2018', 0)":"CONSIDERACION Y APROBACION","('0148-PE-2018', 1)":null},"('Tramites', 'FECHA')":{"('0148-PE-2018', 0)":"04\/07\/2018","('0148-PE-2018', 1)":null},"('Tramites', 'RESULTADO')":{"('0148-PE-2018', 0)":"APROBADO","('0148-PE-2018', 1)":null},"Palabra Clave":{"('0148-PE-2018', 0)":" ","('0148-PE-2018', 1)":null}}