{"Tipo de Proyecto":{"('0149-S-2018', 0)":"PROYECTO DE DECLARACI\u00d3N"},"Iniciado en: ":{"('0149-S-2018', 0)":"Senado"},"Expediente Senado: ":{"('0149-S-2018', 0)":"0149-S-2018"},"Publicado en: ":{"('0149-S-2018', 0)":"Diario de Asuntos Entrados N\u00b0 8"},"Fecha: ":{"('0149-S-2018', 0)":"06\/03\/2018"},"T\u00edtulo":{"('0149-S-2018', 0)":"ADHERIR  A LA CONMEMORACION DEL 45 ANIVERSARIO DE LA TERCERA ASUNCION PRESIDENCIAL DEL TENIENTE GENERAL JUAN DOMINGO PERON, EL 12 DE OCTUBRE DE 2018. "},"('Firmantes', 'FIRMANTE')":{"('0149-S-2018', 0)":"PEREYRA, GUILLERMO JUAN"},"('Firmantes', 'DISTRITO')":{"('0149-S-2018', 0)":"NEUQUEN"},"('Firmantes', 'BLOQUE')":{"('0149-S-2018', 0)":"MOV POP NEUQUINO"},"('Tramites', 'C\u00c1MARA')":{"('0149-S-2018', 0)":"Senado"},"('Tramites', 'MOVIMIENTO')":{"('0149-S-2018', 0)":"CONSIDERACION Y APROBACION"},"('Tramites', 'FECHA')":{"('0149-S-2018', 0)":"10\/10\/2018"},"('Tramites', 'RESULTADO')":{"('0149-S-2018', 0)":"APROBADO"},"Link":{"('0149-S-2018', 0)":"http:\/\/www.senado.gov.ar\/parlamentario\/comisiones\/verExp\/149.18\/S\/PD"},"Palabra Clave":{"('0149-S-2018', 0)":" "}}