{"Tipo de Proyecto":{"('0151-PE-2018', 0)":"MENSAJE NRO: 0075\/18","('0151-PE-2018', 1)":null},"Iniciado en: ":{"('0151-PE-2018', 0)":"Senado","('0151-PE-2018', 1)":null},"Expediente Senado: ":{"('0151-PE-2018', 0)":"0151-PE-2018","('0151-PE-2018', 1)":null},"Publicado en: ":{"('0151-PE-2018', 0)":"DAE S.A. N\u00b0 17","('0151-PE-2018', 1)":null},"Fecha: ":{"('0151-PE-2018', 0)":"24\/05\/2018","('0151-PE-2018', 1)":null},"T\u00edtulo":{"('0151-PE-2018', 0)":"SOLICITAR ACUERDO PARA DESIGNAR JUEZ DE CAMARA DEL TRIBUNAL ORAL EN LO CRIMINAL FEDERAL DE CATAMARCA, PROVINCIA DE CATAMARCA, AL DOCTOR ENRIQUE LILLJEDAHL.","('0151-PE-2018', 1)":null},"('Firmantes', 'FIRMANTE')":{"('0151-PE-2018', 0)":"MACRI, MAURICIO","('0151-PE-2018', 1)":"GARAVANO, GERMAN CARLOS"},"('Firmantes', 'DISTRITO')":{"('0151-PE-2018', 0)":null,"('0151-PE-2018', 1)":null},"('Firmantes', 'BLOQUE')":{"('0151-PE-2018', 0)":"PODER EJECUTIVO","('0151-PE-2018', 1)":"PODER EJECUTIVO"},"('Tramites', 'C\u00c1MARA')":{"('0151-PE-2018', 0)":"Senado","('0151-PE-2018', 1)":null},"('Tramites', 'MOVIMIENTO')":{"('0151-PE-2018', 0)":"CONSIDERACION Y APROBACION","('0151-PE-2018', 1)":null},"('Tramites', 'FECHA')":{"('0151-PE-2018', 0)":"04\/07\/2018","('0151-PE-2018', 1)":null},"('Tramites', 'RESULTADO')":{"('0151-PE-2018', 0)":"APROBADO","('0151-PE-2018', 1)":null},"Palabra Clave":{"('0151-PE-2018', 0)":" ","('0151-PE-2018', 1)":null}}