{"Tipo de Proyecto":{"('0151-D-2018', 0)":"PROYECTO DE LEY","('0151-D-2018', 1)":null},"Iniciado en: ":{"('0151-D-2018', 0)":"Diputados","('0151-D-2018', 1)":null},"Expediente Diputados: ":{"('0151-D-2018', 0)":"0151-D-2018","('0151-D-2018', 1)":null},"Publicado en: ":{"('0151-D-2018', 0)":"Tr\u00e1mite Parlamentario N\u00b0 2","('0151-D-2018', 1)":null},"Fecha: ":{"('0151-D-2018', 0)":"05\/03\/2018","('0151-D-2018', 1)":null},"T\u00edtulo":{"('0151-D-2018', 0)":"CAMARA FEDERAL DE APELACIONES CON ASIENTO EN LA CIUDAD CAPITAL DE LA PROVINCIA DE SANTA FE. CREACION (REPRODUCCION DEL EXPEDIENTE 0249-D-16).","('0151-D-2018', 1)":null},"('Firmantes', 'FIRMANTE')":{"('0151-D-2018', 0)":"FRANA, SILVINA PATRICIA","('0151-D-2018', 1)":null},"('Firmantes', 'DISTRITO')":{"('0151-D-2018', 0)":"SANTA FE","('0151-D-2018', 1)":null},"('Firmantes', 'BLOQUE')":{"('0151-D-2018', 0)":"FRENTE PARA LA VICTORIA - PJ","('0151-D-2018', 1)":null},"('Giros', 'COMISI\u00d3N')":{"('0151-D-2018', 0)":"JUSTICIA","('0151-D-2018', 1)":"PRESUPUESTO Y HACIENDA"},"Palabra Clave":{"('0151-D-2018', 0)":" ","('0151-D-2018', 1)":null}}