{"Tipo de Proyecto":{"('0153-S-2018', 0)":"PROYECTO DE DECLARACI\u00d3N","('0153-S-2018', 1)":null},"Iniciado en: ":{"('0153-S-2018', 0)":"Senado","('0153-S-2018', 1)":null},"Expediente Senado: ":{"('0153-S-2018', 0)":"0153-S-2018","('0153-S-2018', 1)":null},"Publicado en: ":{"('0153-S-2018', 0)":"Diario de Asuntos Entrados N\u00b0 8","('0153-S-2018', 1)":null},"Fecha: ":{"('0153-S-2018', 0)":"06\/03\/2018","('0153-S-2018', 1)":null},"T\u00edtulo":{"('0153-S-2018', 0)":"ADHERIR A LA CONMEMORACION DEL DIA INTERNACIONAL DE LA MUJER, EL 8 DE MARZO DE 2018.","('0153-S-2018', 1)":null},"('Firmantes', 'FIRMANTE')":{"('0153-S-2018', 0)":"RODRIGUEZ SAA, ADOLFO","('0153-S-2018', 1)":"CATALFAMO, MARIA EUGENIA"},"('Firmantes', 'DISTRITO')":{"('0153-S-2018', 0)":"SAN LUIS","('0153-S-2018', 1)":"SAN LUIS"},"('Firmantes', 'BLOQUE')":{"('0153-S-2018', 0)":"UNIDAD JUSTICIALISTA","('0153-S-2018', 1)":"UNIDAD JUSTICIALISTA"},"('Tramites', 'C\u00c1MARA')":{"('0153-S-2018', 0)":"Senado","('0153-S-2018', 1)":"Senado"},"('Tramites', 'MOVIMIENTO')":{"('0153-S-2018', 0)":"MOCION SOBRE TABLAS (AFIRMATIVA) CONJUNTAMENTE PARA LOS EXPEDIENTES 4987-S-2017, 0058-S-2018, 0153-S-2018, 0219-S-2018, 0320-S-2018, 0343-S-2018, 0353-S-2018, 0357-S-2018, 0367-S-2018 y 0478-S-2018","('0153-S-2018', 1)":"CONSIDERACION Y APROBACION (TEXTO UNIFICADO) CONJUNTAMENTE PARA LOS EXPEDIENTES 4987-S-2017, 0058-S-2018, 0153-S-2018, 0219-S-2018, 0320-S-2018, 0343-S-2018, 0353-S-2018, 0357-S-2018, 0367-S-2018 y 0478-S-2018"},"('Tramites', 'FECHA')":{"('0153-S-2018', 0)":"21\/03\/2018","('0153-S-2018', 1)":"21\/03\/2018"},"('Tramites', 'RESULTADO')":{"('0153-S-2018', 0)":null,"('0153-S-2018', 1)":"APROBADO"},"Link":{"('0153-S-2018', 0)":"http:\/\/www.senado.gov.ar\/parlamentario\/comisiones\/verExp\/153.18\/S\/PD","('0153-S-2018', 1)":null},"Palabra Clave":{"('0153-S-2018', 0)":" ","('0153-S-2018', 1)":null}}