{"Tipo de Proyecto":{"('0153-PE-2018', 0)":"MENSAJE NRO: 0077\/18","('0153-PE-2018', 1)":null},"Iniciado en: ":{"('0153-PE-2018', 0)":"Senado","('0153-PE-2018', 1)":null},"Expediente Senado: ":{"('0153-PE-2018', 0)":"0153-PE-2018","('0153-PE-2018', 1)":null},"Publicado en: ":{"('0153-PE-2018', 0)":"DAE S.A. N\u00b0 18","('0153-PE-2018', 1)":null},"Fecha: ":{"('0153-PE-2018', 0)":"31\/05\/2018","('0153-PE-2018', 1)":null},"T\u00edtulo":{"('0153-PE-2018', 0)":"SOLICITAR ACUERDO PARA PROMOVER AL GRADO INMEDIATO SUPERIOR AL GENERAL DE BRIGADA CLAUDIO ERNESTO PASQUALINI.","('0153-PE-2018', 1)":null},"('Firmantes', 'FIRMANTE')":{"('0153-PE-2018', 0)":"MACRI, MAURICIO","('0153-PE-2018', 1)":"GARAVANO, GERMAN CARLOS"},"('Firmantes', 'DISTRITO')":{"('0153-PE-2018', 0)":null,"('0153-PE-2018', 1)":null},"('Firmantes', 'BLOQUE')":{"('0153-PE-2018', 0)":"PODER EJECUTIVO","('0153-PE-2018', 1)":"PODER EJECUTIVO"},"('Tramites', 'C\u00c1MARA')":{"('0153-PE-2018', 0)":"Senado","('0153-PE-2018', 1)":null},"('Tramites', 'MOVIMIENTO')":{"('0153-PE-2018', 0)":"CONSIDERACION Y APROBACION","('0153-PE-2018', 1)":null},"('Tramites', 'FECHA')":{"('0153-PE-2018', 0)":"22\/08\/2018","('0153-PE-2018', 1)":null},"('Tramites', 'RESULTADO')":{"('0153-PE-2018', 0)":"APROBADO","('0153-PE-2018', 1)":null},"Palabra Clave":{"('0153-PE-2018', 0)":" ","('0153-PE-2018', 1)":null}}