{"Tipo de Proyecto":{"('0154-S-2018', 0)":"PROYECTO DE DECLARACI\u00d3N","('0154-S-2018', 1)":null},"Iniciado en: ":{"('0154-S-2018', 0)":"Senado","('0154-S-2018', 1)":null},"Expediente Senado: ":{"('0154-S-2018', 0)":"0154-S-2018","('0154-S-2018', 1)":null},"Publicado en: ":{"('0154-S-2018', 0)":"Diario de Asuntos Entrados N\u00b0 8","('0154-S-2018', 1)":null},"Fecha: ":{"('0154-S-2018', 0)":"06\/03\/2018","('0154-S-2018', 1)":null},"T\u00edtulo":{"('0154-S-2018', 0)":"ADHERIR A LA CONMEMORACION DEL DIA NACIONAL DE LA SEGURIDAD VIAL, EL 10 DE JUNIO DE 2018.","('0154-S-2018', 1)":null},"('Firmantes', 'FIRMANTE')":{"('0154-S-2018', 0)":"RODRIGUEZ SAA, ADOLFO","('0154-S-2018', 1)":"CATALFAMO, MARIA EUGENIA"},"('Firmantes', 'DISTRITO')":{"('0154-S-2018', 0)":"SAN LUIS","('0154-S-2018', 1)":"SAN LUIS"},"('Firmantes', 'BLOQUE')":{"('0154-S-2018', 0)":"UNIDAD JUSTICIALISTA","('0154-S-2018', 1)":"UNIDAD JUSTICIALISTA"},"('Tramites', 'C\u00c1MARA')":{"('0154-S-2018', 0)":"Senado","('0154-S-2018', 1)":"Senado"},"('Tramites', 'MOVIMIENTO')":{"('0154-S-2018', 0)":"MOCION SOBRE TABLAS (AFIRMATIVA)","('0154-S-2018', 1)":"CONSIDERACION Y APROBACION"},"('Tramites', 'FECHA')":{"('0154-S-2018', 0)":"18\/04\/2018","('0154-S-2018', 1)":"18\/04\/2018"},"('Tramites', 'RESULTADO')":{"('0154-S-2018', 0)":null,"('0154-S-2018', 1)":"APROBADO"},"Link":{"('0154-S-2018', 0)":"http:\/\/www.senado.gov.ar\/parlamentario\/comisiones\/verExp\/154.18\/S\/PD","('0154-S-2018', 1)":null},"Palabra Clave":{"('0154-S-2018', 0)":" ","('0154-S-2018', 1)":null}}