{"Tipo de Proyecto":{"('0155-D-2018', 0)":"PROYECTO DE LEY","('0155-D-2018', 1)":null,"('0155-D-2018', 2)":null},"Iniciado en: ":{"('0155-D-2018', 0)":"Diputados","('0155-D-2018', 1)":null,"('0155-D-2018', 2)":null},"Expediente Diputados: ":{"('0155-D-2018', 0)":"0155-D-2018","('0155-D-2018', 1)":null,"('0155-D-2018', 2)":null},"Publicado en: ":{"('0155-D-2018', 0)":"Tr\u00e1mite Parlamentario N\u00b0 2","('0155-D-2018', 1)":null,"('0155-D-2018', 2)":null},"Fecha: ":{"('0155-D-2018', 0)":"05\/03\/2018","('0155-D-2018', 1)":null,"('0155-D-2018', 2)":null},"T\u00edtulo":{"('0155-D-2018', 0)":"PROGRAMA DE PROTECCION INTEGRAL DE PERSONAS CON CARDIOPATIAS CONGENITAS; CREACION EN EL AMBITO DEL MINISTERIO DE SALUD DE LA NACION. (REPRODUCCION DEL EXPEDIENTE 6384-D-16).","('0155-D-2018', 1)":null,"('0155-D-2018', 2)":null},"('Firmantes', 'FIRMANTE')":{"('0155-D-2018', 0)":"FRANA, SILVINA PATRICIA","('0155-D-2018', 1)":null,"('0155-D-2018', 2)":null},"('Firmantes', 'DISTRITO')":{"('0155-D-2018', 0)":"SANTA FE","('0155-D-2018', 1)":null,"('0155-D-2018', 2)":null},"('Firmantes', 'BLOQUE')":{"('0155-D-2018', 0)":"FRENTE PARA LA VICTORIA - PJ","('0155-D-2018', 1)":null,"('0155-D-2018', 2)":null},"('Giros', 'COMISI\u00d3N')":{"('0155-D-2018', 0)":"ACCION SOCIAL Y SALUD PUBLICA","('0155-D-2018', 1)":"FAMILIA, MUJER, NI\u00d1EZ Y ADOLESCENCIA","('0155-D-2018', 2)":"PRESUPUESTO Y HACIENDA"},"Palabra Clave":{"('0155-D-2018', 0)":" ","('0155-D-2018', 1)":null,"('0155-D-2018', 2)":null}}