{"Tipo de Proyecto":{"('0156-D-2018', 0)":"PROYECTO DE LEY","('0156-D-2018', 1)":null,"('0156-D-2018', 2)":null},"Iniciado en: ":{"('0156-D-2018', 0)":"Diputados","('0156-D-2018', 1)":null,"('0156-D-2018', 2)":null},"Expediente Diputados: ":{"('0156-D-2018', 0)":"0156-D-2018","('0156-D-2018', 1)":null,"('0156-D-2018', 2)":null},"Publicado en: ":{"('0156-D-2018', 0)":"Tr\u00e1mite Parlamentario N\u00b0 2","('0156-D-2018', 1)":null,"('0156-D-2018', 2)":null},"Fecha: ":{"('0156-D-2018', 0)":"05\/03\/2018","('0156-D-2018', 1)":null,"('0156-D-2018', 2)":null},"T\u00edtulo":{"('0156-D-2018', 0)":"ESPACIOS PARA LA LACTANCIA EN ESTABLECIMIENTOS LABORALES PUBLICOS Y PRIVADOS.  CREACION (REPRODUCCION DEL EXPEDIENTE 6497-D-16).","('0156-D-2018', 1)":null,"('0156-D-2018', 2)":null},"('Firmantes', 'FIRMANTE')":{"('0156-D-2018', 0)":"FRANA, SILVINA PATRICIA","('0156-D-2018', 1)":null,"('0156-D-2018', 2)":null},"('Firmantes', 'DISTRITO')":{"('0156-D-2018', 0)":"SANTA FE","('0156-D-2018', 1)":null,"('0156-D-2018', 2)":null},"('Firmantes', 'BLOQUE')":{"('0156-D-2018', 0)":"FRENTE PARA LA VICTORIA - PJ","('0156-D-2018', 1)":null,"('0156-D-2018', 2)":null},"('Giros', 'COMISI\u00d3N')":{"('0156-D-2018', 0)":"LEGISLACION DEL TRABAJO","('0156-D-2018', 1)":"FAMILIA, MUJER, NI\u00d1EZ Y ADOLESCENCIA","('0156-D-2018', 2)":"PRESUPUESTO Y HACIENDA"},"Sumario":{"('0156-D-2018', 0)":"INVITACION A ADHERIR.","('0156-D-2018', 1)":null,"('0156-D-2018', 2)":null},"Palabra Clave":{"('0156-D-2018', 0)":" ","('0156-D-2018', 1)":null,"('0156-D-2018', 2)":null}}