{"Tipo de Proyecto":{"('0156-S-2018', 0)":"PROYECTO DE DECLARACI\u00d3N","('0156-S-2018', 1)":null},"Iniciado en: ":{"('0156-S-2018', 0)":"Senado","('0156-S-2018', 1)":null},"Expediente Senado: ":{"('0156-S-2018', 0)":"0156-S-2018","('0156-S-2018', 1)":null},"Publicado en: ":{"('0156-S-2018', 0)":"Diario de Asuntos Entrados N\u00b0 8","('0156-S-2018', 1)":null},"Fecha: ":{"('0156-S-2018', 0)":"06\/03\/2018","('0156-S-2018', 1)":null},"T\u00edtulo":{"('0156-S-2018', 0)":"ADHERIR A LA CONMEMORACION DEL DIA MUNDIAL DEL AGUA","('0156-S-2018', 1)":null},"('Firmantes', 'FIRMANTE')":{"('0156-S-2018', 0)":"RODRIGUEZ SAA, ADOLFO","('0156-S-2018', 1)":"CATALFAMO, MARIA EUGENIA"},"('Firmantes', 'DISTRITO')":{"('0156-S-2018', 0)":"SAN LUIS","('0156-S-2018', 1)":"SAN LUIS"},"('Firmantes', 'BLOQUE')":{"('0156-S-2018', 0)":"UNIDAD JUSTICIALISTA","('0156-S-2018', 1)":"UNIDAD JUSTICIALISTA"},"('Tramites', 'C\u00c1MARA')":{"('0156-S-2018', 0)":"Senado","('0156-S-2018', 1)":"Senado"},"('Tramites', 'MOVIMIENTO')":{"('0156-S-2018', 0)":"MOCION SOBRE TABLAS (AFIRMATIVA) CONJUNTAMENTE PARA LOS EXPEDIENTES 0156-S-2018, 0370-S-2018, 0391-S-2018, 0474-S-2018, 0532-S-2018 y 0850-S-2018","('0156-S-2018', 1)":"CONSIDERACION Y APROBACION (TEXTO UNIFICADO) CONJUNTAMENTE PARA LOS EXPEDIENTES 0156-S-2018, 0370-S-2018, 0391-S-2018, 0474-S-2018, 0532-S-2018 y 0850-S-2018"},"('Tramites', 'FECHA')":{"('0156-S-2018', 0)":"18\/04\/2018","('0156-S-2018', 1)":"18\/04\/2018"},"('Tramites', 'RESULTADO')":{"('0156-S-2018', 0)":null,"('0156-S-2018', 1)":"APROBADO"},"Link":{"('0156-S-2018', 0)":"http:\/\/www.senado.gov.ar\/parlamentario\/comisiones\/verExp\/156.18\/S\/PD","('0156-S-2018', 1)":null},"Palabra Clave":{"('0156-S-2018', 0)":" ","('0156-S-2018', 1)":null}}