{"Tipo de Proyecto":{"('0157-S-2018', 0)":"PROYECTO DE DECLARACI\u00d3N","('0157-S-2018', 1)":null},"Iniciado en: ":{"('0157-S-2018', 0)":"Senado","('0157-S-2018', 1)":null},"Expediente Senado: ":{"('0157-S-2018', 0)":"0157-S-2018","('0157-S-2018', 1)":null},"Publicado en: ":{"('0157-S-2018', 0)":"Diario de Asuntos Entrados N\u00b0 8","('0157-S-2018', 1)":null},"Fecha: ":{"('0157-S-2018', 0)":"06\/03\/2018","('0157-S-2018', 1)":null},"T\u00edtulo":{"('0157-S-2018', 0)":"ADHERIR A LA CONMEMORACION DEL DIA INTERNACIONAL DE LOS BOSQUES","('0157-S-2018', 1)":null},"('Firmantes', 'FIRMANTE')":{"('0157-S-2018', 0)":"RODRIGUEZ SAA, ADOLFO","('0157-S-2018', 1)":"CATALFAMO, MARIA EUGENIA"},"('Firmantes', 'DISTRITO')":{"('0157-S-2018', 0)":"SAN LUIS","('0157-S-2018', 1)":"SAN LUIS"},"('Firmantes', 'BLOQUE')":{"('0157-S-2018', 0)":"UNIDAD JUSTICIALISTA","('0157-S-2018', 1)":"UNIDAD JUSTICIALISTA"},"Link":{"('0157-S-2018', 0)":"http:\/\/www.senado.gov.ar\/parlamentario\/comisiones\/verExp\/157.18\/S\/PD","('0157-S-2018', 1)":null},"Palabra Clave":{"('0157-S-2018', 0)":" ","('0157-S-2018', 1)":null}}