{"Tipo de Proyecto":{"('0158-S-2018', 0)":"PROYECTO DE DECLARACI\u00d3N","('0158-S-2018', 1)":null},"Iniciado en: ":{"('0158-S-2018', 0)":"Senado","('0158-S-2018', 1)":null},"Expediente Senado: ":{"('0158-S-2018', 0)":"0158-S-2018","('0158-S-2018', 1)":null},"Publicado en: ":{"('0158-S-2018', 0)":"Diario de Asuntos Entrados N\u00b0 8","('0158-S-2018', 1)":null},"Fecha: ":{"('0158-S-2018', 0)":"06\/03\/2018","('0158-S-2018', 1)":null},"T\u00edtulo":{"('0158-S-2018', 0)":"EXPRESAR BENEPLACITO POR EL ANIVERSARIO DEL ESTABLECIMIENTO DE LAS RELACIONES DIPLOMATICAS CON EL ESTADO DE JAPON","('0158-S-2018', 1)":null},"('Firmantes', 'FIRMANTE')":{"('0158-S-2018', 0)":"RODRIGUEZ SAA, ADOLFO","('0158-S-2018', 1)":"CATALFAMO, MARIA EUGENIA"},"('Firmantes', 'DISTRITO')":{"('0158-S-2018', 0)":"SAN LUIS","('0158-S-2018', 1)":"SAN LUIS"},"('Firmantes', 'BLOQUE')":{"('0158-S-2018', 0)":"UNIDAD JUSTICIALISTA","('0158-S-2018', 1)":"UNIDAD JUSTICIALISTA"},"('Tramites', 'C\u00c1MARA')":{"('0158-S-2018', 0)":"Senado","('0158-S-2018', 1)":null},"('Tramites', 'MOVIMIENTO')":{"('0158-S-2018', 0)":"CONSIDERACION Y APROBACION","('0158-S-2018', 1)":null},"('Tramites', 'FECHA')":{"('0158-S-2018', 0)":"18\/04\/2018","('0158-S-2018', 1)":null},"('Tramites', 'RESULTADO')":{"('0158-S-2018', 0)":"APROBADO","('0158-S-2018', 1)":null},"Link":{"('0158-S-2018', 0)":"http:\/\/www.senado.gov.ar\/parlamentario\/comisiones\/verExp\/158.18\/S\/PD","('0158-S-2018', 1)":null},"Palabra Clave":{"('0158-S-2018', 0)":" ","('0158-S-2018', 1)":null}}