{"Tipo de Proyecto":{"('0160-D-2018', 0)":"PROYECTO DE DECLARACI\u00d3N"},"Iniciado en: ":{"('0160-D-2018', 0)":"Diputados"},"Expediente Diputados: ":{"('0160-D-2018', 0)":"0160-D-2018"},"Publicado en: ":{"('0160-D-2018', 0)":"Tr\u00e1mite Parlamentario N\u00b0 2"},"Fecha: ":{"('0160-D-2018', 0)":"05\/03\/2018"},"T\u00edtulo":{"('0160-D-2018', 0)":"EXPRESAR ADHESION A LA CELEBRACION DEL \"DIA DEL NI\u00d1O POR NACER\", A REALIZARE EL 25 DE MARZO DE CADA A\u00d1O."},"('Firmantes', 'FIRMANTE')":{"('0160-D-2018', 0)":"BIANCHI, IVANA MARIA"},"('Firmantes', 'DISTRITO')":{"('0160-D-2018', 0)":"SAN LUIS"},"('Firmantes', 'BLOQUE')":{"('0160-D-2018', 0)":"UNIDAD JUSTICIALISTA"},"('Giros', 'COMISI\u00d3N')":{"('0160-D-2018', 0)":"FAMILIA, MUJER, NI\u00d1EZ Y ADOLESCENCIA"},"('Tramites', 'C\u00c1MARA')":{"('0160-D-2018', 0)":"Diputados"},"('Tramites', 'MOVIMIENTO')":{"('0160-D-2018', 0)":"MOCION DE PREFERENCIA CON O SIN DICTAMEN (AFIRMATIVA)"},"('Tramites', 'FECHA')":{"('0160-D-2018', 0)":"21\/03\/2018"},"('Tramites', 'RESULTADO')":{"('0160-D-2018', 0)":null},"Link":{"('0160-D-2018', 0)":"https:\/\/www.hcdn.gob.ar\/proyectos\/textoCompleto.jsp?exp=0160-D-2018&tipo=DECLARACION"},"Palabra Clave":{"('0160-D-2018', 0)":" "}}