{"Tipo de Proyecto":{"('0161-D-2018', 0)":"PROYECTO DE DECLARACI\u00d3N","('0161-D-2018', 1)":null},"Iniciado en: ":{"('0161-D-2018', 0)":"Diputados","('0161-D-2018', 1)":null},"Expediente Diputados: ":{"('0161-D-2018', 0)":"0161-D-2018","('0161-D-2018', 1)":null},"Publicado en: ":{"('0161-D-2018', 0)":"Tr\u00e1mite Parlamentario N\u00b0 2","('0161-D-2018', 1)":null},"Fecha: ":{"('0161-D-2018', 0)":"05\/03\/2018","('0161-D-2018', 1)":null},"T\u00edtulo":{"('0161-D-2018', 0)":"EXPRESAR BENEPLACITO POR LA ELEVACION A JUICIO ORAL Y PUBLICO, DEL PRIMER SINIESTRO VIAL CALIFICADO COMO HOMICIDIO SIMPLE Y CONOCIDO COMO \"TRAGEDIA DE MIGUEL LANUS\", OCURRIDO EL 13 DE FEBRERO DE 2016 EN LA CIUDAD DE POSADAS, PROVINCIA DE MISIONES.","('0161-D-2018', 1)":null},"('Firmantes', 'FIRMANTE')":{"('0161-D-2018', 0)":"DI STEFANO, DANIEL","('0161-D-2018', 1)":"WELLBACH, RICARDO"},"('Firmantes', 'DISTRITO')":{"('0161-D-2018', 0)":"MISIONES","('0161-D-2018', 1)":"MISIONES"},"('Firmantes', 'BLOQUE')":{"('0161-D-2018', 0)":"FRENTE DE LA CONCORDIA MISIONERO","('0161-D-2018', 1)":"FRENTE DE LA CONCORDIA MISIONERO"},"('Giros', 'COMISI\u00d3N')":{"('0161-D-2018', 0)":"LEGISLACION PENAL","('0161-D-2018', 1)":null},"('Tramites', 'C\u00c1MARA')":{"('0161-D-2018', 0)":"Diputados","('0161-D-2018', 1)":null},"('Tramites', 'MOVIMIENTO')":{"('0161-D-2018', 0)":"SOLICITUD DE SER COFIRMANTE DEL DIPUTADO WELLBACH (A SUS ANTECEDENTES)","('0161-D-2018', 1)":null},"('Tramites', 'FECHA')":{"('0161-D-2018', 0)":null,"('0161-D-2018', 1)":null},"('Tramites', 'RESULTADO')":{"('0161-D-2018', 0)":null,"('0161-D-2018', 1)":null},"Link":{"('0161-D-2018', 0)":"https:\/\/www.hcdn.gob.ar\/proyectos\/textoCompleto.jsp?exp=0161-D-2018&tipo=DECLARACION","('0161-D-2018', 1)":null},"Palabra Clave":{"('0161-D-2018', 0)":" ","('0161-D-2018', 1)":null}}