{"Tipo de Proyecto":{"('0162-D-2018', 0)":"PROYECTO DE RESOLUCI\u00d3N","('0162-D-2018', 1)":null},"Iniciado en: ":{"('0162-D-2018', 0)":"Diputados","('0162-D-2018', 1)":null},"Expediente Diputados: ":{"('0162-D-2018', 0)":"0162-D-2018","('0162-D-2018', 1)":null},"Publicado en: ":{"('0162-D-2018', 0)":"Tr\u00e1mite Parlamentario N\u00b0 2","('0162-D-2018', 1)":null},"Fecha: ":{"('0162-D-2018', 0)":"05\/03\/2018","('0162-D-2018', 1)":null},"T\u00edtulo":{"('0162-D-2018', 0)":"PEDIDO DE INFORMES AL PODER EJECUTIVO SOBRE DIVERSAS CUESTIONES RELACIONADAS CON LA COBERTURA MEDICA BRINDADA POR NUESTRO PAIS A CIUDADANOS EXTRANJEROS.","('0162-D-2018', 1)":null},"('Firmantes', 'FIRMANTE')":{"('0162-D-2018', 0)":"DI STEFANO, DANIEL","('0162-D-2018', 1)":"WELLBACH, RICARDO"},"('Firmantes', 'DISTRITO')":{"('0162-D-2018', 0)":"MISIONES","('0162-D-2018', 1)":"MISIONES"},"('Firmantes', 'BLOQUE')":{"('0162-D-2018', 0)":"FRENTE DE LA CONCORDIA MISIONERO","('0162-D-2018', 1)":"FRENTE DE LA CONCORDIA MISIONERO"},"('Giros', 'COMISI\u00d3N')":{"('0162-D-2018', 0)":"RELACIONES EXTERIORES Y CULTO","('0162-D-2018', 1)":null},"('Tramites', 'C\u00c1MARA')":{"('0162-D-2018', 0)":"Diputados","('0162-D-2018', 1)":null},"('Tramites', 'MOVIMIENTO')":{"('0162-D-2018', 0)":"SOLICITUD DE SER COFIRMANTE DEL DIPUTADO WELLBACH (A SUS ANTECEDENTES)","('0162-D-2018', 1)":null},"('Tramites', 'FECHA')":{"('0162-D-2018', 0)":null,"('0162-D-2018', 1)":null},"('Tramites', 'RESULTADO')":{"('0162-D-2018', 0)":null,"('0162-D-2018', 1)":null},"Link":{"('0162-D-2018', 0)":"https:\/\/www.hcdn.gob.ar\/proyectos\/textoCompleto.jsp?exp=0162-D-2018&tipo=RESOLUCION","('0162-D-2018', 1)":null},"Palabra Clave":{"('0162-D-2018', 0)":" ","('0162-D-2018', 1)":null}}