{"Tipo de Proyecto":{"('0163-D-2018', 0)":"PROYECTO DE LEY","('0163-D-2018', 1)":null,"('0163-D-2018', 2)":null,"('0163-D-2018', 3)":null,"('0163-D-2018', 4)":null,"('0163-D-2018', 5)":null},"Iniciado en: ":{"('0163-D-2018', 0)":"Diputados","('0163-D-2018', 1)":null,"('0163-D-2018', 2)":null,"('0163-D-2018', 3)":null,"('0163-D-2018', 4)":null,"('0163-D-2018', 5)":null},"Expediente Diputados: ":{"('0163-D-2018', 0)":"0163-D-2018","('0163-D-2018', 1)":null,"('0163-D-2018', 2)":null,"('0163-D-2018', 3)":null,"('0163-D-2018', 4)":null,"('0163-D-2018', 5)":null},"Publicado en: ":{"('0163-D-2018', 0)":"Tr\u00e1mite Parlamentario N\u00b0 2","('0163-D-2018', 1)":null,"('0163-D-2018', 2)":null,"('0163-D-2018', 3)":null,"('0163-D-2018', 4)":null,"('0163-D-2018', 5)":null},"Fecha: ":{"('0163-D-2018', 0)":"05\/03\/2018","('0163-D-2018', 1)":null,"('0163-D-2018', 2)":null,"('0163-D-2018', 3)":null,"('0163-D-2018', 4)":null,"('0163-D-2018', 5)":null},"T\u00edtulo":{"('0163-D-2018', 0)":"PRESUPUESTO GENERAL DE LA ADMINISTRACION NACIONAL EJERCICIO 2002 - LEY 25565 -. MODIFICACION DEL ARTICULO 75, INCORPORANDO COMO BENEFICIARIO DEL FONDO FIDUCIARIO PARA SUBSIDIOS DE CONSUMOS RESIDENCIALES DE GAS, A LA REGION OCEANICA BONAERENSE (REPRODUCCION DEL EXPEDIENTE 2745-D-16).","('0163-D-2018', 1)":null,"('0163-D-2018', 2)":null,"('0163-D-2018', 3)":null,"('0163-D-2018', 4)":null,"('0163-D-2018', 5)":null},"('Firmantes', 'FIRMANTE')":{"('0163-D-2018', 0)":"RAVERTA, MARIA FERNANDA","('0163-D-2018', 1)":"SIERRA, MAGDALENA","('0163-D-2018', 2)":"ALONSO, LAURA V.","('0163-D-2018', 3)":"PIETRAGALLA CORTI, HORACIO","('0163-D-2018', 4)":"SANTILLAN, WALTER MARCELO","('0163-D-2018', 5)":"HUSS, JUAN MANUEL"},"('Firmantes', 'DISTRITO')":{"('0163-D-2018', 0)":"BUENOS AIRES","('0163-D-2018', 1)":"BUENOS AIRES","('0163-D-2018', 2)":"BUENOS AIRES","('0163-D-2018', 3)":"BUENOS AIRES","('0163-D-2018', 4)":"TUCUMAN","('0163-D-2018', 5)":"ENTRE RIOS"},"('Firmantes', 'BLOQUE')":{"('0163-D-2018', 0)":"FRENTE PARA LA VICTORIA - PJ","('0163-D-2018', 1)":"FRENTE PARA LA VICTORIA - PJ","('0163-D-2018', 2)":"FRENTE PARA LA VICTORIA - PJ","('0163-D-2018', 3)":"FRENTE PARA LA VICTORIA - PJ","('0163-D-2018', 4)":"FRENTE PARA LA VICTORIA - PJ","('0163-D-2018', 5)":"FRENTE PARA LA VICTORIA - PJ"},"('Giros', 'COMISI\u00d3N')":{"('0163-D-2018', 0)":"PRESUPUESTO Y HACIENDA","('0163-D-2018', 1)":null,"('0163-D-2018', 2)":null,"('0163-D-2018', 3)":null,"('0163-D-2018', 4)":null,"('0163-D-2018', 5)":null},"('Tramites', 'C\u00c1MARA')":{"('0163-D-2018', 0)":"Diputados","('0163-D-2018', 1)":"Diputados","('0163-D-2018', 2)":"Diputados","('0163-D-2018', 3)":"Diputados","('0163-D-2018', 4)":"Diputados","('0163-D-2018', 5)":null},"('Tramites', 'MOVIMIENTO')":{"('0163-D-2018', 0)":"SOLICITUD DE SER COFIRMANTE DE LA DIPUTADA SIERRA (A SUS ANTECEDENTES)","('0163-D-2018', 1)":"SOLICITUD DE SER COFIRMANTE DE LA DIPUTADA ALONSO, LAURA V. (A SUS ANTECEDENTES)","('0163-D-2018', 2)":"SOLICITUD DE SER COFIRMANTE DEL DIPUTADO PIETRAGALLA CORTI (A SUS ANTECEDENTES)","('0163-D-2018', 3)":"SOLICITUD DE SER COFIRMANTE DEL DIPUTADO SANTILLAN (A SUS ANTECEDENTES)","('0163-D-2018', 4)":"SOLICITUD DE SER COFIRMANTE DEL DIPUTADO HUSS (A SUS ANTECEDENTES)","('0163-D-2018', 5)":null},"('Tramites', 'FECHA')":{"('0163-D-2018', 0)":null,"('0163-D-2018', 1)":null,"('0163-D-2018', 2)":null,"('0163-D-2018', 3)":null,"('0163-D-2018', 4)":null,"('0163-D-2018', 5)":null},"('Tramites', 'RESULTADO')":{"('0163-D-2018', 0)":null,"('0163-D-2018', 1)":null,"('0163-D-2018', 2)":null,"('0163-D-2018', 3)":null,"('0163-D-2018', 4)":null,"('0163-D-2018', 5)":null},"Palabra Clave":{"('0163-D-2018', 0)":" ","('0163-D-2018', 1)":null,"('0163-D-2018', 2)":null,"('0163-D-2018', 3)":null,"('0163-D-2018', 4)":null,"('0163-D-2018', 5)":null}}