{"Tipo de Proyecto":{"('0164-S-2018', 0)":"PROYECTO DE LEY","('0164-S-2018', 1)":null},"Iniciado en: ":{"('0164-S-2018', 0)":"Senado","('0164-S-2018', 1)":null},"Expediente Senado: ":{"('0164-S-2018', 0)":"0164-S-2018","('0164-S-2018', 1)":null},"Publicado en: ":{"('0164-S-2018', 0)":"Diario de Asuntos Entrados N\u00b0 9","('0164-S-2018', 1)":null},"Fecha: ":{"('0164-S-2018', 0)":"06\/03\/2018","('0164-S-2018', 1)":null},"T\u00edtulo":{"('0164-S-2018', 0)":"LEY 21799 DE CARTA ORGANICA DEL BANCO DE LA NACION  ARGENTINA Y SUS MODIFICATORIAS. MODIFICACION DE LOS ARTICULOS 4 Y 5 SOBRE SALVAGUARDAR Y GARANTIZAR EL CAPITAL","('0164-S-2018', 1)":null},"('Firmantes', 'FIRMANTE')":{"('0164-S-2018', 0)":"RODRIGUEZ SAA, ADOLFO","('0164-S-2018', 1)":"CATALFAMO, MARIA EUGENIA"},"('Firmantes', 'DISTRITO')":{"('0164-S-2018', 0)":"SAN LUIS","('0164-S-2018', 1)":"SAN LUIS"},"('Firmantes', 'BLOQUE')":{"('0164-S-2018', 0)":"UNIDAD JUSTICIALISTA","('0164-S-2018', 1)":"UNIDAD JUSTICIALISTA"},"Link":{"('0164-S-2018', 0)":"http:\/\/www.senado.gov.ar\/parlamentario\/comisiones\/verExp\/164.18\/S\/PL","('0164-S-2018', 1)":null},"Palabra Clave":{"('0164-S-2018', 0)":" ","('0164-S-2018', 1)":null}}