{"Tipo de Proyecto":{"('0165-D-2018', 0)":"PROYECTO DE LEY","('0165-D-2018', 1)":null,"('0165-D-2018', 2)":null,"('0165-D-2018', 3)":null,"('0165-D-2018', 4)":null,"('0165-D-2018', 5)":null},"Iniciado en: ":{"('0165-D-2018', 0)":"Diputados","('0165-D-2018', 1)":null,"('0165-D-2018', 2)":null,"('0165-D-2018', 3)":null,"('0165-D-2018', 4)":null,"('0165-D-2018', 5)":null},"Expediente Diputados: ":{"('0165-D-2018', 0)":"0165-D-2018","('0165-D-2018', 1)":null,"('0165-D-2018', 2)":null,"('0165-D-2018', 3)":null,"('0165-D-2018', 4)":null,"('0165-D-2018', 5)":null},"Publicado en: ":{"('0165-D-2018', 0)":"Tr\u00e1mite Parlamentario N\u00b0 2","('0165-D-2018', 1)":null,"('0165-D-2018', 2)":null,"('0165-D-2018', 3)":null,"('0165-D-2018', 4)":null,"('0165-D-2018', 5)":null},"Fecha: ":{"('0165-D-2018', 0)":"05\/03\/2018","('0165-D-2018', 1)":null,"('0165-D-2018', 2)":null,"('0165-D-2018', 3)":null,"('0165-D-2018', 4)":null,"('0165-D-2018', 5)":null},"T\u00edtulo":{"('0165-D-2018', 0)":"SOCIEDADES DE FOMENTO. REGIMEN PARA SU FUNCIONAMIENTO (REPRODUCCION DEL EXPEDIENTE 2137-D-16).","('0165-D-2018', 1)":null,"('0165-D-2018', 2)":null,"('0165-D-2018', 3)":null,"('0165-D-2018', 4)":null,"('0165-D-2018', 5)":null},"('Firmantes', 'FIRMANTE')":{"('0165-D-2018', 0)":"RAVERTA, MARIA FERNANDA","('0165-D-2018', 1)":"SIERRA, MAGDALENA","('0165-D-2018', 2)":"ALONSO, LAURA V.","('0165-D-2018', 3)":"PIETRAGALLA CORTI, HORACIO","('0165-D-2018', 4)":"SANTILLAN, WALTER MARCELO","('0165-D-2018', 5)":"HUSS, JUAN MANUEL"},"('Firmantes', 'DISTRITO')":{"('0165-D-2018', 0)":"BUENOS AIRES","('0165-D-2018', 1)":"BUENOS AIRES","('0165-D-2018', 2)":"BUENOS AIRES","('0165-D-2018', 3)":"BUENOS AIRES","('0165-D-2018', 4)":"TUCUMAN","('0165-D-2018', 5)":"ENTRE RIOS"},"('Firmantes', 'BLOQUE')":{"('0165-D-2018', 0)":"FRENTE PARA LA VICTORIA - PJ","('0165-D-2018', 1)":"FRENTE PARA LA VICTORIA - PJ","('0165-D-2018', 2)":"FRENTE PARA LA VICTORIA - PJ","('0165-D-2018', 3)":"FRENTE PARA LA VICTORIA - PJ","('0165-D-2018', 4)":"FRENTE PARA LA VICTORIA - PJ","('0165-D-2018', 5)":"FRENTE PARA LA VICTORIA - PJ"},"('Giros', 'COMISI\u00d3N')":{"('0165-D-2018', 0)":"ASUNTOS COOPERATIVOS, MUTUALES Y DE ORG.NO GUBERNAMENTALES","('0165-D-2018', 1)":"JUSTICIA","('0165-D-2018', 2)":"PRESUPUESTO Y HACIENDA","('0165-D-2018', 3)":null,"('0165-D-2018', 4)":null,"('0165-D-2018', 5)":null},"('Tramites', 'C\u00c1MARA')":{"('0165-D-2018', 0)":"Diputados","('0165-D-2018', 1)":"Diputados","('0165-D-2018', 2)":"Diputados","('0165-D-2018', 3)":"Diputados","('0165-D-2018', 4)":"Diputados","('0165-D-2018', 5)":null},"('Tramites', 'MOVIMIENTO')":{"('0165-D-2018', 0)":"SOLICITUD DE SER COFIRMANTE DE LA DIPUTADA SIERRA (A SUS ANTECEDENTES)","('0165-D-2018', 1)":"SOLICITUD DE SER COFIRMANTE DE LA DIPUTADA ALONSO, LAURA V. (A SUS ANTECEDENTES)","('0165-D-2018', 2)":"SOLICITUD DE SER COFIRMANTE DEL DIPUTADO PIETRAGALLA CORTI (A SUS ANTECEDENTES)","('0165-D-2018', 3)":"SOLICITUD DE SER COFIRMANTE DEL DIPUTADO SANTILLAN (A SUS ANTECEDENTES)","('0165-D-2018', 4)":"SOLICITUD DE SER COFIRMANTE DEL DIPUTADO HUSS (A SUS ANTECEDENTES)","('0165-D-2018', 5)":null},"('Tramites', 'FECHA')":{"('0165-D-2018', 0)":null,"('0165-D-2018', 1)":null,"('0165-D-2018', 2)":null,"('0165-D-2018', 3)":null,"('0165-D-2018', 4)":null,"('0165-D-2018', 5)":null},"('Tramites', 'RESULTADO')":{"('0165-D-2018', 0)":null,"('0165-D-2018', 1)":null,"('0165-D-2018', 2)":null,"('0165-D-2018', 3)":null,"('0165-D-2018', 4)":null,"('0165-D-2018', 5)":null},"Sumario":{"('0165-D-2018', 0)":"OBJETO; DEFINICION; UNIVERSO; AUTORIDAD DE APLICACION: INSPECCION GENERAL DE JUSTICIA, DEL MINISTERIO DE JUSTICIA Y DERECHOS HUMANOS; CREACION DEL REGISTRO NACIONAL DE SOCIEDADES DE FOMENTO, EN EL AMBITO DE INSPECCION GENERAL DE JUSTICIA; PROTECCION; PRESERVACION; INSCRIPCION; RESPONSABILIDAD CIVIL; BAJA; ASESORIA LEGAL Y TECNICA; ORGANIZACION: FORMA DE GOBIERNO; ACTIVIDAD ECONOMICA; EXENCION IMPOSITIVA; RESGUARDO.","('0165-D-2018', 1)":null,"('0165-D-2018', 2)":null,"('0165-D-2018', 3)":null,"('0165-D-2018', 4)":null,"('0165-D-2018', 5)":null},"Palabra Clave":{"('0165-D-2018', 0)":" ","('0165-D-2018', 1)":null,"('0165-D-2018', 2)":null,"('0165-D-2018', 3)":null,"('0165-D-2018', 4)":null,"('0165-D-2018', 5)":null}}