{"Tipo de Proyecto":{"('0166-S-2018', 0)":"PROYECTO DE LEY","('0166-S-2018', 1)":null},"Iniciado en: ":{"('0166-S-2018', 0)":"Senado","('0166-S-2018', 1)":null},"Expediente Senado: ":{"('0166-S-2018', 0)":"0166-S-2018","('0166-S-2018', 1)":null},"Publicado en: ":{"('0166-S-2018', 0)":"Diario de Asuntos Entrados N\u00b0 9","('0166-S-2018', 1)":null},"Fecha: ":{"('0166-S-2018', 0)":"06\/03\/2018","('0166-S-2018', 1)":null},"T\u00edtulo":{"('0166-S-2018', 0)":"CONTROL Y SEGUIMIENTO DE LA CONCENTRACION EN LOS MERCADOS Y PRACTICAS PREDATORIAS","('0166-S-2018', 1)":null},"('Firmantes', 'FIRMANTE')":{"('0166-S-2018', 0)":"RODRIGUEZ MACHADO, LAURA ELENA","('0166-S-2018', 1)":"CATALFAMO, MARIA EUGENIA"},"('Firmantes', 'DISTRITO')":{"('0166-S-2018', 0)":"CORDOBA","('0166-S-2018', 1)":"SAN LUIS"},"('Firmantes', 'BLOQUE')":{"('0166-S-2018', 0)":"FRENTE PRO","('0166-S-2018', 1)":"UNIDAD JUSTICIALISTA"},"Sumario":{"('0166-S-2018', 0)":"LEY 25156 DE DEFENSA DE LA COMPETENCIA; MODIFICACION DEL INCISO M) DEL ARTICULO 2); INCISO D)  DEL ARTICULO 46; INCORPORACION DEL ARTICULO 5 BIS, 7 BIS, 7 TER, Y ULTIMO PARRAFO DEL ARTICULO 18","('0166-S-2018', 1)":null},"Palabra Clave":{"('0166-S-2018', 0)":" ","('0166-S-2018', 1)":null}}