{"Tipo de Proyecto":{"('0167-D-2018', 0)":"PROYECTO DE LEY","('0167-D-2018', 1)":null,"('0167-D-2018', 2)":null,"('0167-D-2018', 3)":null,"('0167-D-2018', 4)":null},"Iniciado en: ":{"('0167-D-2018', 0)":"Diputados","('0167-D-2018', 1)":null,"('0167-D-2018', 2)":null,"('0167-D-2018', 3)":null,"('0167-D-2018', 4)":null},"Expediente Diputados: ":{"('0167-D-2018', 0)":"0167-D-2018","('0167-D-2018', 1)":null,"('0167-D-2018', 2)":null,"('0167-D-2018', 3)":null,"('0167-D-2018', 4)":null},"Publicado en: ":{"('0167-D-2018', 0)":"Tr\u00e1mite Parlamentario N\u00b0 2","('0167-D-2018', 1)":null,"('0167-D-2018', 2)":null,"('0167-D-2018', 3)":null,"('0167-D-2018', 4)":null},"Fecha: ":{"('0167-D-2018', 0)":"05\/03\/2018","('0167-D-2018', 1)":null,"('0167-D-2018', 2)":null,"('0167-D-2018', 3)":null,"('0167-D-2018', 4)":null},"T\u00edtulo":{"('0167-D-2018', 0)":"TARIFA SOCIAL EN SERVICIOS PUBLICOS PARA COOPERATIVAS DE TRABAJO, DE FABRICAS RECUPERADAS. REGIMEN (REPRODUCCION DEL EXPEDIENTE 2338-D-16).","('0167-D-2018', 1)":null,"('0167-D-2018', 2)":null,"('0167-D-2018', 3)":null,"('0167-D-2018', 4)":null},"('Firmantes', 'FIRMANTE')":{"('0167-D-2018', 0)":"RAVERTA, MARIA FERNANDA","('0167-D-2018', 1)":"SIERRA, MAGDALENA","('0167-D-2018', 2)":"ALONSO, LAURA V.","('0167-D-2018', 3)":"PIETRAGALLA CORTI, HORACIO","('0167-D-2018', 4)":"SANTILLAN, WALTER MARCELO"},"('Firmantes', 'DISTRITO')":{"('0167-D-2018', 0)":"BUENOS AIRES","('0167-D-2018', 1)":"BUENOS AIRES","('0167-D-2018', 2)":"BUENOS AIRES","('0167-D-2018', 3)":"BUENOS AIRES","('0167-D-2018', 4)":"TUCUMAN"},"('Firmantes', 'BLOQUE')":{"('0167-D-2018', 0)":"FRENTE PARA LA VICTORIA - PJ","('0167-D-2018', 1)":"FRENTE PARA LA VICTORIA - PJ","('0167-D-2018', 2)":"FRENTE PARA LA VICTORIA - PJ","('0167-D-2018', 3)":"FRENTE PARA LA VICTORIA - PJ","('0167-D-2018', 4)":"FRENTE PARA LA VICTORIA - PJ"},"('Giros', 'COMISI\u00d3N')":{"('0167-D-2018', 0)":"ASUNTOS COOPERATIVOS, MUTUALES Y DE ORG.NO GUBERNAMENTALES","('0167-D-2018', 1)":"OBRAS PUBLICAS","('0167-D-2018', 2)":"PRESUPUESTO Y HACIENDA","('0167-D-2018', 3)":null,"('0167-D-2018', 4)":null},"('Tramites', 'C\u00c1MARA')":{"('0167-D-2018', 0)":"Diputados","('0167-D-2018', 1)":"Diputados","('0167-D-2018', 2)":"Diputados","('0167-D-2018', 3)":"Diputados","('0167-D-2018', 4)":null},"('Tramites', 'MOVIMIENTO')":{"('0167-D-2018', 0)":"SOLICITUD DE SER COFIRMANTE DE LA DIPUTADA SIERRA (A SUS ANTECEDENTES)","('0167-D-2018', 1)":"SOLICITUD DE SER COFIRMANTE DE LA DIPUTADA ALONSO, LAURA V. (A SUS ANTECEDENTES)","('0167-D-2018', 2)":"SOLICITUD DE SER COFIRMANTE DEL DIPUTADO PIETRAGALLA CORTI (A SUS ANTECEDENTES)","('0167-D-2018', 3)":"SOLICITUD DE SER COFIRMANTE DEL DIPUTADO SANTILLAN (A SUS ANTECEDENTES)","('0167-D-2018', 4)":null},"('Tramites', 'FECHA')":{"('0167-D-2018', 0)":null,"('0167-D-2018', 1)":null,"('0167-D-2018', 2)":null,"('0167-D-2018', 3)":null,"('0167-D-2018', 4)":null},"('Tramites', 'RESULTADO')":{"('0167-D-2018', 0)":null,"('0167-D-2018', 1)":null,"('0167-D-2018', 2)":null,"('0167-D-2018', 3)":null,"('0167-D-2018', 4)":null},"Sumario":{"('0167-D-2018', 0)":"CREACION DEL REGIMEN DE TARIFA SOCIAL EN SERVICIOS PUBLICOS PARA COOPERATIVAS DE TRABAJO, DE FABRICAS RECUPERADAS; FINALIDAD; CARACTER DE LA NORMA; SERVICIOS COMPRENDIDOS; SUJETOS COMPRENDIDOS; INGRESO AL REGIMEN; OBLIGACIONES; CARACTERISTICAS DE LA TARIFA: SERVICIOS DE ELECTRICIDAD, DE GAS Y DE AGUA.","('0167-D-2018', 1)":null,"('0167-D-2018', 2)":null,"('0167-D-2018', 3)":null,"('0167-D-2018', 4)":null},"Palabra Clave":{"('0167-D-2018', 0)":" ","('0167-D-2018', 1)":null,"('0167-D-2018', 2)":null,"('0167-D-2018', 3)":null,"('0167-D-2018', 4)":null}}