{"Tipo de Proyecto":{"('0169-S-2018', 0)":"PROYECTO DE LEY"},"Iniciado en: ":{"('0169-S-2018', 0)":"Senado"},"Expediente Senado: ":{"('0169-S-2018', 0)":"0169-S-2018"},"Publicado en: ":{"('0169-S-2018', 0)":"Diario de Asuntos Entrados N\u00b0 9"},"Fecha: ":{"('0169-S-2018', 0)":"06\/03\/2018"},"T\u00edtulo":{"('0169-S-2018', 0)":"ESTABLECER LA JUBILACION ORDINARIA PARA EL PERSONAL COMPRENDIDO EN LA LEY 14473 (ESTATUTO DEL DOCENTE) Y SU REGLAMENTACION (REPRODUCCION DEL EXPEDIENTE 1131-S-16)."},"('Firmantes', 'FIRMANTE')":{"('0169-S-2018', 0)":"ODARDA, MARIA MAGDALENA"},"('Firmantes', 'DISTRITO')":{"('0169-S-2018', 0)":"RIO NEGRO"},"('Firmantes', 'BLOQUE')":{"('0169-S-2018', 0)":"RIO - FRENTE PROGRESISTA"},"Link":{"('0169-S-2018', 0)":"http:\/\/www.senado.gov.ar\/parlamentario\/comisiones\/verExp\/169.18\/S\/PL"},"Palabra Clave":{"('0169-S-2018', 0)":" "}}