{"Tipo de Proyecto":{"('0170-S-2018', 0)":"PROYECTO DE LEY"},"Iniciado en: ":{"('0170-S-2018', 0)":"Senado"},"Expediente Senado: ":{"('0170-S-2018', 0)":"0170-S-2018"},"Publicado en: ":{"('0170-S-2018', 0)":"Diario de Asuntos Entrados N\u00b0 9"},"Fecha: ":{"('0170-S-2018', 0)":"06\/03\/2018"},"T\u00edtulo":{"('0170-S-2018', 0)":"ESTABLECER UNA TARIFA PRODUCTIVA ESPECIAL DE LOS SERVICIOS DE ELECTRICIDAD Y GAS PARA LA PRODUCCION FRUTICOLA DE RIO NEGRO Y NEUQUE (REPRODUCCION DEL EXPEDIENTE 1394-S-16)."},"('Firmantes', 'FIRMANTE')":{"('0170-S-2018', 0)":"ODARDA, MARIA MAGDALENA"},"('Firmantes', 'DISTRITO')":{"('0170-S-2018', 0)":"RIO NEGRO"},"('Firmantes', 'BLOQUE')":{"('0170-S-2018', 0)":"RIO - FRENTE PROGRESISTA"},"Link":{"('0170-S-2018', 0)":"http:\/\/www.senado.gov.ar\/parlamentario\/comisiones\/verExp\/170.18\/S\/PL"},"Palabra Clave":{"('0170-S-2018', 0)":" "}}