{"Tipo de Proyecto":{"('0171-D-2018', 0)":"PROYECTO DE LEY","('0171-D-2018', 1)":null,"('0171-D-2018', 2)":null,"('0171-D-2018', 3)":null,"('0171-D-2018', 4)":null},"Iniciado en: ":{"('0171-D-2018', 0)":"Diputados","('0171-D-2018', 1)":null,"('0171-D-2018', 2)":null,"('0171-D-2018', 3)":null,"('0171-D-2018', 4)":null},"Expediente Diputados: ":{"('0171-D-2018', 0)":"0171-D-2018","('0171-D-2018', 1)":null,"('0171-D-2018', 2)":null,"('0171-D-2018', 3)":null,"('0171-D-2018', 4)":null},"Publicado en: ":{"('0171-D-2018', 0)":"Tr\u00e1mite Parlamentario N\u00b0 2","('0171-D-2018', 1)":null,"('0171-D-2018', 2)":null,"('0171-D-2018', 3)":null,"('0171-D-2018', 4)":null},"Fecha: ":{"('0171-D-2018', 0)":"05\/03\/2018","('0171-D-2018', 1)":null,"('0171-D-2018', 2)":null,"('0171-D-2018', 3)":null,"('0171-D-2018', 4)":null},"T\u00edtulo":{"('0171-D-2018', 0)":"LABORATORIO CENTRAL DE ANALISIS GENETICOS DE ALTA COMPLEJIDAD. CREACION EN EL AMBITO DEL MINISTERIO DE SALUD DE LA NACION. MODIFICACION DE LAS LEYES 24193 Y 25392 (REPRODUCCION DEL EXPEDIENTE 6411-D-16).","('0171-D-2018', 1)":null,"('0171-D-2018', 2)":null,"('0171-D-2018', 3)":null,"('0171-D-2018', 4)":null},"('Firmantes', 'FIRMANTE')":{"('0171-D-2018', 0)":"RAVERTA, MARIA FERNANDA","('0171-D-2018', 1)":"SIERRA, MAGDALENA","('0171-D-2018', 2)":"ALONSO, LAURA V.","('0171-D-2018', 3)":"PIETRAGALLA CORTI, HORACIO","('0171-D-2018', 4)":"SANTILLAN, WALTER MARCELO"},"('Firmantes', 'DISTRITO')":{"('0171-D-2018', 0)":"BUENOS AIRES","('0171-D-2018', 1)":"BUENOS AIRES","('0171-D-2018', 2)":"BUENOS AIRES","('0171-D-2018', 3)":"BUENOS AIRES","('0171-D-2018', 4)":"TUCUMAN"},"('Firmantes', 'BLOQUE')":{"('0171-D-2018', 0)":"FRENTE PARA LA VICTORIA - PJ","('0171-D-2018', 1)":"FRENTE PARA LA VICTORIA - PJ","('0171-D-2018', 2)":"FRENTE PARA LA VICTORIA - PJ","('0171-D-2018', 3)":"FRENTE PARA LA VICTORIA - PJ","('0171-D-2018', 4)":"FRENTE PARA LA VICTORIA - PJ"},"('Giros', 'COMISI\u00d3N')":{"('0171-D-2018', 0)":"ACCION SOCIAL Y SALUD PUBLICA","('0171-D-2018', 1)":"PRESUPUESTO Y HACIENDA","('0171-D-2018', 2)":null,"('0171-D-2018', 3)":null,"('0171-D-2018', 4)":null},"('Tramites', 'C\u00c1MARA')":{"('0171-D-2018', 0)":"Diputados","('0171-D-2018', 1)":"Diputados","('0171-D-2018', 2)":"Diputados","('0171-D-2018', 3)":"Diputados","('0171-D-2018', 4)":null},"('Tramites', 'MOVIMIENTO')":{"('0171-D-2018', 0)":"SOLICITUD DE SER COFIRMANTE DE LA DIPUTADA SIERRA (A SUS ANTECEDENTES)","('0171-D-2018', 1)":"SOLICITUD DE SER COFIRMANTE DE LA DIPUTADA ALONSO, LAURA V. (A SUS ANTECEDENTES)","('0171-D-2018', 2)":"SOLICITUD DE SER COFIRMANTE DEL DIPUTADO PIETRAGALLA CORTI (A SUS ANTECEDENTES)","('0171-D-2018', 3)":"SOLICITUD DE SER COFIRMANTE DEL DIPUTADO SANTILLAN (A SUS ANTECEDENTES)","('0171-D-2018', 4)":null},"('Tramites', 'FECHA')":{"('0171-D-2018', 0)":null,"('0171-D-2018', 1)":null,"('0171-D-2018', 2)":null,"('0171-D-2018', 3)":null,"('0171-D-2018', 4)":null},"('Tramites', 'RESULTADO')":{"('0171-D-2018', 0)":null,"('0171-D-2018', 1)":null,"('0171-D-2018', 2)":null,"('0171-D-2018', 3)":null,"('0171-D-2018', 4)":null},"Sumario":{"('0171-D-2018', 0)":"ORGANIZACION; FINANCIAMIENTO; INCORPORACION DE INCISO Y), AL ARTICULO 44 DE LA LEY 24193 DE TRASPLANTES DE ORGANOS Y MATERIALES ANATOMICOS; MODIFICACION DEL ARTICULO 2 DE LA LEY 25392 DE REGISTRO NACIONAL DE DONANTES DE CELULAS PROGENITORAS HEMATOPOYETICAS (CPH).","('0171-D-2018', 1)":null,"('0171-D-2018', 2)":null,"('0171-D-2018', 3)":null,"('0171-D-2018', 4)":null},"Palabra Clave":{"('0171-D-2018', 0)":" ","('0171-D-2018', 1)":null,"('0171-D-2018', 2)":null,"('0171-D-2018', 3)":null,"('0171-D-2018', 4)":null}}