{"Tipo de Proyecto":{"('0171-S-2018', 0)":"PROYECTO DE LEY"},"Iniciado en: ":{"('0171-S-2018', 0)":"Senado"},"Expediente Senado: ":{"('0171-S-2018', 0)":"0171-S-2018"},"Publicado en: ":{"('0171-S-2018', 0)":"Diario de Asuntos Entrados N\u00b0 9"},"Fecha: ":{"('0171-S-2018', 0)":"06\/03\/2018"},"T\u00edtulo":{"('0171-S-2018', 0)":"DECLARAR A LA REPUBLICA ARGENTINA COMO PAIS DE PRACTICA NO EUTANASICA PARA EL CONTROL POBLACIONAL DE PERROS Y GATOS (REPRODUCCION DEL EXPEDIENTE 1395-S-16)."},"('Firmantes', 'FIRMANTE')":{"('0171-S-2018', 0)":"ODARDA, MARIA MAGDALENA"},"('Firmantes', 'DISTRITO')":{"('0171-S-2018', 0)":"RIO NEGRO"},"('Firmantes', 'BLOQUE')":{"('0171-S-2018', 0)":"RIO - FRENTE PROGRESISTA"},"Link":{"('0171-S-2018', 0)":"http:\/\/www.senado.gov.ar\/parlamentario\/comisiones\/verExp\/171.18\/S\/PL"},"Palabra Clave":{"('0171-S-2018', 0)":" "}}