{"Tipo de Proyecto":{"('0172-D-2018', 0)":"PROYECTO DE LEY","('0172-D-2018', 1)":null,"('0172-D-2018', 2)":null,"('0172-D-2018', 3)":null,"('0172-D-2018', 4)":null},"Iniciado en: ":{"('0172-D-2018', 0)":"Diputados","('0172-D-2018', 1)":null,"('0172-D-2018', 2)":null,"('0172-D-2018', 3)":null,"('0172-D-2018', 4)":null},"Expediente Diputados: ":{"('0172-D-2018', 0)":"0172-D-2018","('0172-D-2018', 1)":null,"('0172-D-2018', 2)":null,"('0172-D-2018', 3)":null,"('0172-D-2018', 4)":null},"Publicado en: ":{"('0172-D-2018', 0)":"Tr\u00e1mite Parlamentario N\u00b0 2","('0172-D-2018', 1)":null,"('0172-D-2018', 2)":null,"('0172-D-2018', 3)":null,"('0172-D-2018', 4)":null},"Fecha: ":{"('0172-D-2018', 0)":"05\/03\/2018","('0172-D-2018', 1)":null,"('0172-D-2018', 2)":null,"('0172-D-2018', 3)":null,"('0172-D-2018', 4)":null},"T\u00edtulo":{"('0172-D-2018', 0)":"TRANSITO - LEY 24449 -. MODIFICACION, SOBRE CIRCULACION SEGURA DE CUATRICICLOS Y TRICICLOS MOTORIZADOS; LICENCIAS DE CONDUCIR, Y NORMAS DE SEGURIDAD (REPRODUCCION DEL EXPEDIENTE 2602-D-16).","('0172-D-2018', 1)":null,"('0172-D-2018', 2)":null,"('0172-D-2018', 3)":null,"('0172-D-2018', 4)":null},"('Firmantes', 'FIRMANTE')":{"('0172-D-2018', 0)":"RAVERTA, MARIA FERNANDA","('0172-D-2018', 1)":"SIERRA, MAGDALENA","('0172-D-2018', 2)":"ALONSO, LAURA V.","('0172-D-2018', 3)":"PIETRAGALLA CORTI, HORACIO","('0172-D-2018', 4)":"SANTILLAN, WALTER MARCELO"},"('Firmantes', 'DISTRITO')":{"('0172-D-2018', 0)":"BUENOS AIRES","('0172-D-2018', 1)":"BUENOS AIRES","('0172-D-2018', 2)":"BUENOS AIRES","('0172-D-2018', 3)":"BUENOS AIRES","('0172-D-2018', 4)":"TUCUMAN"},"('Firmantes', 'BLOQUE')":{"('0172-D-2018', 0)":"FRENTE PARA LA VICTORIA - PJ","('0172-D-2018', 1)":"FRENTE PARA LA VICTORIA - PJ","('0172-D-2018', 2)":"FRENTE PARA LA VICTORIA - PJ","('0172-D-2018', 3)":"FRENTE PARA LA VICTORIA - PJ","('0172-D-2018', 4)":"FRENTE PARA LA VICTORIA - PJ"},"('Giros', 'COMISI\u00d3N')":{"('0172-D-2018', 0)":"TRANSPORTES","('0172-D-2018', 1)":"SEGURIDAD INTERIOR","('0172-D-2018', 2)":null,"('0172-D-2018', 3)":null,"('0172-D-2018', 4)":null},"('Tramites', 'C\u00c1MARA')":{"('0172-D-2018', 0)":"Diputados","('0172-D-2018', 1)":"Diputados","('0172-D-2018', 2)":"Diputados","('0172-D-2018', 3)":"Diputados","('0172-D-2018', 4)":null},"('Tramites', 'MOVIMIENTO')":{"('0172-D-2018', 0)":"SOLICITUD DE SER COFIRMANTE DE LA DIPUTADA SIERRA (A SUS ANTECEDENTES)","('0172-D-2018', 1)":"SOLICITUD DE SER COFIRMANTE DE LA DIPUTADA ALONSO, LAURA V. (A SUS ANTECEDENTES)","('0172-D-2018', 2)":"SOLICITUD DE SER COFIRMANTE DEL DIPUTADO PIETRAGALLA CORTI (A SUS ANTECEDENTES)","('0172-D-2018', 3)":"SOLICITUD DE SER COFIRMANTE DEL DIPUTADO SANTILLAN (A SUS ANTECEDENTES)","('0172-D-2018', 4)":null},"('Tramites', 'FECHA')":{"('0172-D-2018', 0)":null,"('0172-D-2018', 1)":null,"('0172-D-2018', 2)":null,"('0172-D-2018', 3)":null,"('0172-D-2018', 4)":null},"('Tramites', 'RESULTADO')":{"('0172-D-2018', 0)":null,"('0172-D-2018', 1)":null,"('0172-D-2018', 2)":null,"('0172-D-2018', 3)":null,"('0172-D-2018', 4)":null},"Sumario":{"('0172-D-2018', 0)":"INCORPORACION AL ARTICULO 5, DE LOS INCISOS M.1), M.2), M.3), U.1), Z.2) Y Z.3); SUSTITUCION DEL ARTICULO 11: EDADES MINIMAS PARA CONDUCIR; SUSTITUCION DE LA CLASE A) DE LICENCIAS PARA CONDUCIR; SUSTITUCION DEL INCISO I) DEL ARTICULO 29 (USO DE CASCO Y DE ESPEJO RETROVISOR); INCORPORACION DE APARTADO 3.1; MODIFICACION DE LOS INCISOS F), G) Y J) DEL ARTICULO 40; SUSTITUCION DEL INCISO M) DEL ARTICULO 48; INCORPORACION AL ARTICULO 48, DE LOS INCISOS Z) Y Z.1); SUSTITUCION DEL SEGUNDO PARRAFO DEL ARTICULO 68; SUSTITUCION DE LOS INCISOS R), S) Y U) DEL ARTICULO 77; INCORPORACION DE ULTIMO PARRAFO AL ARTICULO 85; SUSTITUCION DEL INCISO D) DEL ARTICULO 86; INVITACION A LAS PROVINCIAS Y A LA CIUDAD AUTONOMA DE BUENOS AIRES A ADHERIR.","('0172-D-2018', 1)":null,"('0172-D-2018', 2)":null,"('0172-D-2018', 3)":null,"('0172-D-2018', 4)":null},"Palabra Clave":{"('0172-D-2018', 0)":" ","('0172-D-2018', 1)":null,"('0172-D-2018', 2)":null,"('0172-D-2018', 3)":null,"('0172-D-2018', 4)":null}}