{"Tipo de Proyecto":{"('0173-D-2018', 0)":"PROYECTO DE LEY","('0173-D-2018', 1)":null},"Iniciado en: ":{"('0173-D-2018', 0)":"Diputados","('0173-D-2018', 1)":null},"Expediente Diputados: ":{"('0173-D-2018', 0)":"0173-D-2018","('0173-D-2018', 1)":null},"Publicado en: ":{"('0173-D-2018', 0)":"Tr\u00e1mite Parlamentario N\u00b0 2","('0173-D-2018', 1)":null},"Fecha: ":{"('0173-D-2018', 0)":"05\/03\/2018","('0173-D-2018', 1)":null},"T\u00edtulo":{"('0173-D-2018', 0)":"ASIGNASE LA SUMA DE CINCUENTA MILLONES DE PESOS EN CONCEPTO DE APORTE EXTRAORDINARIO FUNDACIONAL, POR UNICA VEZ PARA LA CONSTRUCCION DE LAS INSTALACIONES DEL CENTRO NACIONAL DE PROMOCION DE LA INNOVACION PRODUCTIVA EN EL DESARROLLO REGIONAL QUINES, EN LA PROVINCIA DE SAN LUIS. (REPRODUCCION DEL EXPEDIENTE 0308-D-16).","('0173-D-2018', 1)":null},"('Firmantes', 'FIRMANTE')":{"('0173-D-2018', 0)":"RICCARDO, JOSE LUIS","('0173-D-2018', 1)":null},"('Firmantes', 'DISTRITO')":{"('0173-D-2018', 0)":"SAN LUIS","('0173-D-2018', 1)":null},"('Firmantes', 'BLOQUE')":{"('0173-D-2018', 0)":"UCR","('0173-D-2018', 1)":null},"('Giros', 'COMISI\u00d3N')":{"('0173-D-2018', 0)":"ECONOMIAS Y DESARROLLO REGIONAL","('0173-D-2018', 1)":"PRESUPUESTO Y HACIENDA"},"Palabra Clave":{"('0173-D-2018', 0)":" ","('0173-D-2018', 1)":null}}