{"Tipo de Proyecto":{"('0174-PE-2018', 0)":"MENSAJE NRO: 0087\/18","('0174-PE-2018', 1)":null},"Iniciado en: ":{"('0174-PE-2018', 0)":"Senado","('0174-PE-2018', 1)":null},"Expediente Senado: ":{"('0174-PE-2018', 0)":"0174-PE-2018","('0174-PE-2018', 1)":null},"Publicado en: ":{"('0174-PE-2018', 0)":"DAE S.A. N\u00b0 21","('0174-PE-2018', 1)":null},"Fecha: ":{"('0174-PE-2018', 0)":"15\/06\/2018","('0174-PE-2018', 1)":null},"T\u00edtulo":{"('0174-PE-2018', 0)":"SOLICITAR ACUERDO PARA DESIGNAR CONJUECES DE LA CAMARA FEDERAL DE LA SEGURIDAD SOCIAL A LOS DOCTORES VALERIA BERTOLONI, MARIA GABRIELA JANEIRO, FERNANDO STRASSER.","('0174-PE-2018', 1)":null},"('Firmantes', 'FIRMANTE')":{"('0174-PE-2018', 0)":"MACRI, MAURICIO","('0174-PE-2018', 1)":"GARAVANO, GERMAN CARLOS"},"('Firmantes', 'DISTRITO')":{"('0174-PE-2018', 0)":null,"('0174-PE-2018', 1)":null},"('Firmantes', 'BLOQUE')":{"('0174-PE-2018', 0)":"PODER EJECUTIVO","('0174-PE-2018', 1)":"PODER EJECUTIVO"},"('Tramites', 'C\u00c1MARA')":{"('0174-PE-2018', 0)":"Senado","('0174-PE-2018', 1)":null},"('Tramites', 'MOVIMIENTO')":{"('0174-PE-2018', 0)":"CONSIDERACION Y APROBACION","('0174-PE-2018', 1)":null},"('Tramites', 'FECHA')":{"('0174-PE-2018', 0)":"10\/10\/2018","('0174-PE-2018', 1)":null},"('Tramites', 'RESULTADO')":{"('0174-PE-2018', 0)":"APROBADO","('0174-PE-2018', 1)":null},"Palabra Clave":{"('0174-PE-2018', 0)":" ","('0174-PE-2018', 1)":null}}