{"Tipo de Proyecto":{"('0175-S-2018', 0)":"PROYECTO DE LEY"},"Iniciado en: ":{"('0175-S-2018', 0)":"Senado"},"Expediente Senado: ":{"('0175-S-2018', 0)":"0175-S-2018"},"Publicado en: ":{"('0175-S-2018', 0)":"Diario de Asuntos Entrados N\u00b0 9"},"Fecha: ":{"('0175-S-2018', 0)":"06\/03\/2018"},"T\u00edtulo":{"('0175-S-2018', 0)":"DECLARAR BIEN DE INTERES HISTORICO NACIONAL, EN LOS TERMINOS DE LA LEY 12665, EL INMUEBLE QUE OCUPA EL MUSEO MUNICIPAL DE LA CIUDAD DE PLOTTIER, PROVINCIA DEL NEUQUEN (REPRODUCCION DEL EXPEDIENTE 1584-S-16)."},"('Firmantes', 'FIRMANTE')":{"('0175-S-2018', 0)":"ODARDA, MARIA MAGDALENA"},"('Firmantes', 'DISTRITO')":{"('0175-S-2018', 0)":"RIO NEGRO"},"('Firmantes', 'BLOQUE')":{"('0175-S-2018', 0)":"RIO - FRENTE PROGRESISTA"},"Link":{"('0175-S-2018', 0)":"http:\/\/www.senado.gov.ar\/parlamentario\/comisiones\/verExp\/175.18\/S\/PL"},"Palabra Clave":{"('0175-S-2018', 0)":" "}}