{"Tipo de Proyecto":{"('0176-S-2018', 0)":"PROYECTO DE LEY"},"Iniciado en: ":{"('0176-S-2018', 0)":"Senado"},"Expediente Senado: ":{"('0176-S-2018', 0)":"0176-S-2018"},"Publicado en: ":{"('0176-S-2018', 0)":"Diario de Asuntos Entrados N\u00b0 9"},"Fecha: ":{"('0176-S-2018', 0)":"06\/03\/2018"},"T\u00edtulo":{"('0176-S-2018', 0)":"REGIMEN DE PRESUPUESTOS MINIMOS PARA LA PRESERVACION, PROTECCION Y USO SOSTENIBLE DE ACUIFEROS. (REPRODUCCION DEL EXPEDIENTE 2623-S-14) (REPRODUCCION DEL EXPEDIENTE 1775-S-16)."},"('Firmantes', 'FIRMANTE')":{"('0176-S-2018', 0)":"ODARDA, MARIA MAGDALENA"},"('Firmantes', 'DISTRITO')":{"('0176-S-2018', 0)":"RIO NEGRO"},"('Firmantes', 'BLOQUE')":{"('0176-S-2018', 0)":"RIO - FRENTE PROGRESISTA"},"Sumario":{"('0176-S-2018', 0)":"CONCEPTO DE ACUIFEROS Y OBJETIVOS; AUTORIDAD DE APLICACION; CRITERIOS DE PROTECCION Y UTILIZACION DE LOS ACUIFEROS; PROHIBICION DE POZOS QUE CONECTEN NIVELES DE AGUA SUBTERRANEA; ACTIVIDADES PERMITIDAS Y PROHIBIDAS; SANCIONES; DISPOSICIONES TRANSITORIAS."},"Palabra Clave":{"('0176-S-2018', 0)":" "}}