{"Tipo de Proyecto":{"('0178-PE-2018', 0)":"MENSAJE NRO: 0088\/18","('0178-PE-2018', 1)":null},"Iniciado en: ":{"('0178-PE-2018', 0)":"Senado","('0178-PE-2018', 1)":null},"Expediente Senado: ":{"('0178-PE-2018', 0)":"0178-PE-2018","('0178-PE-2018', 1)":null},"Publicado en: ":{"('0178-PE-2018', 0)":"DAE S.A. N\u00b0 21","('0178-PE-2018', 1)":null},"Fecha: ":{"('0178-PE-2018', 0)":"15\/06\/2018","('0178-PE-2018', 1)":null},"T\u00edtulo":{"('0178-PE-2018', 0)":"SOLICITA ACUERDO PARA DESIGNAR PRESIDENTE DEL BANCO CENTRAL DE LA REPUBLICA ARGENTINA, AL LICENCIADO EN ECONOMIA LUIS ANDRES CAPUTO.","('0178-PE-2018', 1)":null},"('Firmantes', 'FIRMANTE')":{"('0178-PE-2018', 0)":"MACRI, MAURICIO","('0178-PE-2018', 1)":"PE\u00d1A, MARCOS"},"('Firmantes', 'DISTRITO')":{"('0178-PE-2018', 0)":null,"('0178-PE-2018', 1)":null},"('Firmantes', 'BLOQUE')":{"('0178-PE-2018', 0)":"PODER EJECUTIVO","('0178-PE-2018', 1)":"PODER EJECUTIVO"},"('Tramites', 'C\u00c1MARA')":{"('0178-PE-2018', 0)":"Senado","('0178-PE-2018', 1)":null},"('Tramites', 'MOVIMIENTO')":{"('0178-PE-2018', 0)":"SOLICITUD DE RETIRO DEL ACUERDO POR MENSAJE 160\/18 DEL 01\/10\/2018","('0178-PE-2018', 1)":null},"('Tramites', 'FECHA')":{"('0178-PE-2018', 0)":null,"('0178-PE-2018', 1)":null},"('Tramites', 'RESULTADO')":{"('0178-PE-2018', 0)":null,"('0178-PE-2018', 1)":null},"Palabra Clave":{"('0178-PE-2018', 0)":" ","('0178-PE-2018', 1)":null}}