{"Tipo de Proyecto":{"('0179-D-2018', 0)":"PROYECTO DE LEY","('0179-D-2018', 1)":null,"('0179-D-2018', 2)":null},"Iniciado en: ":{"('0179-D-2018', 0)":"Diputados","('0179-D-2018', 1)":null,"('0179-D-2018', 2)":null},"Expediente Diputados: ":{"('0179-D-2018', 0)":"0179-D-2018","('0179-D-2018', 1)":null,"('0179-D-2018', 2)":null},"Publicado en: ":{"('0179-D-2018', 0)":"Tr\u00e1mite Parlamentario N\u00b0 2","('0179-D-2018', 1)":null,"('0179-D-2018', 2)":null},"Fecha: ":{"('0179-D-2018', 0)":"05\/03\/2018","('0179-D-2018', 1)":null,"('0179-D-2018', 2)":null},"T\u00edtulo":{"('0179-D-2018', 0)":"REGISTRO NACIONAL DE PERSONAS DESAPARECIDAS EN DEMOCRACIA. CREACION (REPRODUCCION DEL EXPEDIENTE 8072-D-16).","('0179-D-2018', 1)":null,"('0179-D-2018', 2)":null},"('Firmantes', 'FIRMANTE')":{"('0179-D-2018', 0)":"RICCARDO, JOSE LUIS","('0179-D-2018', 1)":null,"('0179-D-2018', 2)":null},"('Firmantes', 'DISTRITO')":{"('0179-D-2018', 0)":"SAN LUIS","('0179-D-2018', 1)":null,"('0179-D-2018', 2)":null},"('Firmantes', 'BLOQUE')":{"('0179-D-2018', 0)":"UCR","('0179-D-2018', 1)":null,"('0179-D-2018', 2)":null},"('Giros', 'COMISI\u00d3N')":{"('0179-D-2018', 0)":"DERECHOS HUMANOS Y GARANTIAS","('0179-D-2018', 1)":"SEGURIDAD INTERIOR","('0179-D-2018', 2)":"PRESUPUESTO Y HACIENDA"},"('Tramites', 'C\u00c1MARA')":{"('0179-D-2018', 0)":"Diputados","('0179-D-2018', 1)":null,"('0179-D-2018', 2)":null},"('Tramites', 'MOVIMIENTO')":{"('0179-D-2018', 0)":"RESOLUCION DE PRESIDENCIA - AMPLIACION DE GIRO A LA COMISION DE SEGURIDAD INTERIOR.","('0179-D-2018', 1)":null,"('0179-D-2018', 2)":null},"('Tramites', 'FECHA')":{"('0179-D-2018', 0)":null,"('0179-D-2018', 1)":null,"('0179-D-2018', 2)":null},"('Tramites', 'RESULTADO')":{"('0179-D-2018', 0)":null,"('0179-D-2018', 1)":null,"('0179-D-2018', 2)":null},"Sumario":{"('0179-D-2018', 0)":"ESPACIOS DIARIOS EN LOS MEDIOS DE COMUNICACION PARA DAR A CONOCER LOS DATOS DE LAS PERSONAS DESAPARECIDAS; PROTOCOLO PARA SU BUSQUEDA.","('0179-D-2018', 1)":null,"('0179-D-2018', 2)":null},"Palabra Clave":{"('0179-D-2018', 0)":" ","('0179-D-2018', 1)":null,"('0179-D-2018', 2)":null}}