{"Tipo de Proyecto":{"('0179-S-2018', 0)":"PROYECTO DE LEY","('0179-S-2018', 1)":null,"('0179-S-2018', 2)":null,"('0179-S-2018', 3)":null},"Iniciado en: ":{"('0179-S-2018', 0)":"Senado","('0179-S-2018', 1)":null,"('0179-S-2018', 2)":null,"('0179-S-2018', 3)":null},"Expediente Senado: ":{"('0179-S-2018', 0)":"0179-S-2018","('0179-S-2018', 1)":null,"('0179-S-2018', 2)":null,"('0179-S-2018', 3)":null},"Publicado en: ":{"('0179-S-2018', 0)":"Diario de Asuntos Entrados N\u00b0 9","('0179-S-2018', 1)":null,"('0179-S-2018', 2)":null,"('0179-S-2018', 3)":null},"Fecha: ":{"('0179-S-2018', 0)":"06\/03\/2018","('0179-S-2018', 1)":null,"('0179-S-2018', 2)":null,"('0179-S-2018', 3)":null},"T\u00edtulo":{"('0179-S-2018', 0)":"PROMOCION DE LA ALIMENTACION SALUDABLE.","('0179-S-2018', 1)":null,"('0179-S-2018', 2)":null,"('0179-S-2018', 3)":null},"('Firmantes', 'FIRMANTE')":{"('0179-S-2018', 0)":"FERNANDEZ SAGASTI, ANABEL","('0179-S-2018', 1)":"PILATTI VERGARA, MARIA INES","('0179-S-2018', 2)":"SACNUN, MARIA DE LOS ANGELES","('0179-S-2018', 3)":"GONZALEZ, NANCY SUSANA"},"('Firmantes', 'DISTRITO')":{"('0179-S-2018', 0)":"MENDOZA","('0179-S-2018', 1)":"CHACO","('0179-S-2018', 2)":"SANTA FE","('0179-S-2018', 3)":"CHUBUT"},"('Firmantes', 'BLOQUE')":{"('0179-S-2018', 0)":"FRENTE PARA LA VICTORIA - PJ","('0179-S-2018', 1)":"FRENTE PARA LA VICTORIA - PJ","('0179-S-2018', 2)":"FRENTE PARA LA VICTORIA - PJ","('0179-S-2018', 3)":"FRENTE PARA LA VICTORIA - PJ"},"('Tramites', 'C\u00c1MARA')":{"('0179-S-2018', 0)":"Senado","('0179-S-2018', 1)":null,"('0179-S-2018', 2)":null,"('0179-S-2018', 3)":null},"('Tramites', 'MOVIMIENTO')":{"('0179-S-2018', 0)":"AMPLIACION DE GIRO A LA COMISION DE INDUSTRIA Y COMERCIO. SE SUPRIME EL GIRO A LA COMISION DE DERECHOS Y GARANTIAS.","('0179-S-2018', 1)":null,"('0179-S-2018', 2)":null,"('0179-S-2018', 3)":null},"('Tramites', 'FECHA')":{"('0179-S-2018', 0)":"30\/05\/2018","('0179-S-2018', 1)":null,"('0179-S-2018', 2)":null,"('0179-S-2018', 3)":null},"('Tramites', 'RESULTADO')":{"('0179-S-2018', 0)":null,"('0179-S-2018', 1)":null,"('0179-S-2018', 2)":null,"('0179-S-2018', 3)":null},"Sumario":{"('0179-S-2018', 0)":"DISPOSICIONES GENERALES; ALIMENTOS PROCESADOS Y ULTRAPROCESADOS CON ELEVADO CONTENIDO DE CALORIAS, AZUCARES, GRASAS Y SODIO; PUBLICIDAD; ESTABLECIMIENTOS DE EDUCACION INICIAL, PRIMARIA Y SECUNDARIA; BASE NACIONAL DE DATOS DE COMPOSICION DE ALIMENTOS; AUTORIDAD DE APLICACION; SANCIONES; DISPOSICIONES FINALES Y TRANSITORIAS;  INVITACION A ADHERIR.","('0179-S-2018', 1)":null,"('0179-S-2018', 2)":null,"('0179-S-2018', 3)":null},"Palabra Clave":{"('0179-S-2018', 0)":" ","('0179-S-2018', 1)":null,"('0179-S-2018', 2)":null,"('0179-S-2018', 3)":null}}