{"Tipo de Proyecto":{"('0180-S-2018', 0)":"PROYECTO DE DECLARACI\u00d3N"},"Iniciado en: ":{"('0180-S-2018', 0)":"Senado"},"Expediente Senado: ":{"('0180-S-2018', 0)":"0180-S-2018"},"Publicado en: ":{"('0180-S-2018', 0)":"Diario de Asuntos Entrados N\u00b0 9"},"Fecha: ":{"('0180-S-2018', 0)":"06\/03\/2018"},"T\u00edtulo":{"('0180-S-2018', 0)":"ADHERIR A LA CONMEMORACION DEL DIA MUNDIAL DE LA JUSTICIA SOCIAL."},"('Firmantes', 'FIRMANTE')":{"('0180-S-2018', 0)":"ITURREZ DE CAPPELLINI, ADA ROSA DEL VALLE"},"('Firmantes', 'DISTRITO')":{"('0180-S-2018', 0)":"SANTIAGO DEL ESTERO"},"('Firmantes', 'BLOQUE')":{"('0180-S-2018', 0)":"FRENTE CIVICO POR SANTIAGO"},"('Tramites', 'C\u00c1MARA')":{"('0180-S-2018', 0)":"Senado"},"('Tramites', 'MOVIMIENTO')":{"('0180-S-2018', 0)":"CONSIDERACION Y APROBACION"},"('Tramites', 'FECHA')":{"('0180-S-2018', 0)":"10\/10\/2018"},"('Tramites', 'RESULTADO')":{"('0180-S-2018', 0)":"APROBADO"},"Link":{"('0180-S-2018', 0)":"http:\/\/www.senado.gov.ar\/parlamentario\/comisiones\/verExp\/180.18\/S\/PD"},"Palabra Clave":{"('0180-S-2018', 0)":" "}}