{"Tipo de Proyecto":{"('0181-D-2018', 0)":"PROYECTO DE RESOLUCI\u00d3N","('0181-D-2018', 1)":null},"Iniciado en: ":{"('0181-D-2018', 0)":"Diputados","('0181-D-2018', 1)":null},"Expediente Diputados: ":{"('0181-D-2018', 0)":"0181-D-2018","('0181-D-2018', 1)":null},"Publicado en: ":{"('0181-D-2018', 0)":"Tr\u00e1mite Parlamentario N\u00b0 2","('0181-D-2018', 1)":null},"Fecha: ":{"('0181-D-2018', 0)":"05\/03\/2018","('0181-D-2018', 1)":null},"T\u00edtulo":{"('0181-D-2018', 0)":"INSTITUIR EL \"RECONOCIMIENTO PUBLICO DE LA HONORABLE CAMARA DE DIPUTADOS DE LA NACION A LA EXCELENCIA CIENTIFICA DOCTOR BERNARDO ALBERTO HOUSSAY\", QUE SE OTORGARA ANUALMENTE A UNA PERSONA O INSTITUCION, POR SUS MERITOS EN INVESTIGACION CIENTIFICA O DESARROLLO TECNOLOGICO (REPRODUCCION DEL EXPEDIENTE 4303-D-17).","('0181-D-2018', 1)":null},"('Firmantes', 'FIRMANTE')":{"('0181-D-2018', 0)":"RICCARDO, JOSE LUIS","('0181-D-2018', 1)":null},"('Firmantes', 'DISTRITO')":{"('0181-D-2018', 0)":"SAN LUIS","('0181-D-2018', 1)":null},"('Firmantes', 'BLOQUE')":{"('0181-D-2018', 0)":"UCR","('0181-D-2018', 1)":null},"('Giros', 'COMISI\u00d3N')":{"('0181-D-2018', 0)":"PETICIONES, PODERES Y REGLAMENTO","('0181-D-2018', 1)":"CIENCIA, TECNOLOGIA E INNOVACION PRODUCTIVA"},"Palabra Clave":{"('0181-D-2018', 0)":" ","('0181-D-2018', 1)":null}}