{"Tipo de Proyecto":{"('0181-OV-2018', 0)":"PROYECTO DE RESOLUCI\u00d3N"},"Iniciado en: ":{"('0181-OV-2018', 0)":"Senado"},"Expediente Senado: ":{"('0181-OV-2018', 0)":"0181-OV-2018"},"Fecha: ":{"('0181-OV-2018', 0)":"27\/11\/2018"},"T\u00edtulo":{"('0181-OV-2018', 0)":"PEDIDO DE INFORMES AL PODER EJECUTIVO SOBRE RESOLUCION REMITIDA POR LA AUDITORIA GENERAL DE LA NACION 80\/18, APROBANDO EL INFORME REALIZADO EN EL AMBITO DEL MINISTERIO DE ENERGIA Y MINERIA (MINEM), REFERIDO A \"VERIFICAR EL CONTROL Y SEGUIMIENTO EFECTUADOS POR LA AUTORIDAD DE APLICACION EN LA IMPLEMENTACION DE LAS NORMAS Y PROCEDIMIENTOS PARA LOS SISTEMAS DE MEDICION Y TRANSMISION DE LA INFORMACION RELATIVA A LOS PRODUCCION DE HIDROCARBUROS EN TODOS LOS YACIMIENTOS DEL PAIS, DE ACUERDO A LO ESTABLECIDO EN LA RESOLUCION DE LA EXSECRETARIA DE ENERGIA (SE) 318\/10\"."},"('Firmantes', 'FIRMANTE')":{"('0181-OV-2018', 0)":"PARLAMENTARIA MIXTA REVISORA DE CUENTAS"},"('Firmantes', 'DISTRITO')":{"('0181-OV-2018', 0)":null},"('Firmantes', 'BLOQUE')":{"('0181-OV-2018', 0)":null},"Link":{"('0181-OV-2018', 0)":"http:\/\/www.senado.gov.ar\/parlamentario\/comisiones\/verExp\/181.18\/OV\/PR"},"Palabra Clave":{"('0181-OV-2018', 0)":" "}}