{"Tipo de Proyecto":{"('0181-S-2018', 0)":"PROYECTO DE LEY"},"Iniciado en: ":{"('0181-S-2018', 0)":"Senado"},"Expediente Senado: ":{"('0181-S-2018', 0)":"0181-S-2018"},"Publicado en: ":{"('0181-S-2018', 0)":"Diario de Asuntos Entrados N\u00b0 9"},"Fecha: ":{"('0181-S-2018', 0)":"06\/03\/2018"},"T\u00edtulo":{"('0181-S-2018', 0)":"MODIFICACION DE LA LEY DE REGIMEN PARA LA PROFESION DE MARTILLERO RESPECTO DE LAS CONDICIONES HABILITANTES PARA EJERCER."},"('Firmantes', 'FIRMANTE')":{"('0181-S-2018', 0)":"ITURREZ DE CAPPELLINI, ADA ROSA DEL VALLE"},"('Firmantes', 'DISTRITO')":{"('0181-S-2018', 0)":"SANTIAGO DEL ESTERO"},"('Firmantes', 'BLOQUE')":{"('0181-S-2018', 0)":"FRENTE CIVICO POR SANTIAGO"},"Sumario":{"('0181-S-2018', 0)":"MODIFICACION DEL ARTICULO 1 DE LA LEY 20266; CONDICIONES HABILITANTES PARA EJERCER."},"Palabra Clave":{"('0181-S-2018', 0)":" "}}