{"Tipo de Proyecto":{"('0182-S-2018', 0)":"PROYECTO DE DECLARACI\u00d3N"},"Iniciado en: ":{"('0182-S-2018', 0)":"Senado"},"Expediente Senado: ":{"('0182-S-2018', 0)":"0182-S-2018"},"Publicado en: ":{"('0182-S-2018', 0)":"Diario de Asuntos Entrados N\u00b0 10"},"Fecha: ":{"('0182-S-2018', 0)":"07\/03\/2018"},"T\u00edtulo":{"('0182-S-2018', 0)":"EXPRESAR BENEPLACITO POR EL LOGRO OBTENIDO POR LA UBA EN EL RANKING MUNDIAL DE UNIVERSIDADES."},"('Firmantes', 'FIRMANTE')":{"('0182-S-2018', 0)":"PETCOFF NAIDENOFF, LUIS CARLOS"},"('Firmantes', 'DISTRITO')":{"('0182-S-2018', 0)":"FORMOSA"},"('Firmantes', 'BLOQUE')":{"('0182-S-2018', 0)":"UCR"},"('Tramites', 'C\u00c1MARA')":{"('0182-S-2018', 0)":"Senado"},"('Tramites', 'MOVIMIENTO')":{"('0182-S-2018', 0)":"CONSIDERACION Y APROBACION"},"('Tramites', 'FECHA')":{"('0182-S-2018', 0)":"10\/10\/2018"},"('Tramites', 'RESULTADO')":{"('0182-S-2018', 0)":"APROBADO"},"Link":{"('0182-S-2018', 0)":"http:\/\/www.senado.gov.ar\/parlamentario\/comisiones\/verExp\/182.18\/S\/PD"},"Palabra Clave":{"('0182-S-2018', 0)":" "}}