{"Tipo de Proyecto":{"('0183-OV-2018', 0)":"PROYECTO DE RESOLUCI\u00d3N"},"Iniciado en: ":{"('0183-OV-2018', 0)":"Senado"},"Expediente Senado: ":{"('0183-OV-2018', 0)":"0183-OV-2018"},"Fecha: ":{"('0183-OV-2018', 0)":"07\/08\/2019"},"T\u00edtulo":{"('0183-OV-2018', 0)":"RESOLUCIONES REMITIDAS POR LA AUDITORIA GENERAL DE LA NACION 82\/18, QUE APRUEBA EL INFORME SOBRE LOS ESTADOS CONTABLES DEL FIDEICOMISO FONDO DE COMPENSACION AMBIENTAL - ACUMAR, AL 30\/06\/2017 QUE ADMINISTRA BAPRO MANDATOS Y NEGOCIOS S.A. (0183-OV-18), Y 231\/18, QUE APRUEBA EL INFORME SOBRE LOS ESTADOS CONTABLES DEL FIDEICOMISO FONDO DE COMPENSACION AMBIENTAL - ACUMAR, AL 31\/12\/2017 QUE ADMINISTRA BAPRO MANDATOS Y NEGOCIOS S.A. (0688-OV-18)."},"('Firmantes', 'FIRMANTE')":{"('0183-OV-2018', 0)":"PARLAMENTARIA MIXTA REVISORA DE CUENTAS"},"('Firmantes', 'DISTRITO')":{"('0183-OV-2018', 0)":null},"('Firmantes', 'BLOQUE')":{"('0183-OV-2018', 0)":null},"Sumario":{"('0183-OV-2018', 0)":"HABIENDO TOMADO CONOCIMIENTO Y SIN PERJUICIO DE ULTERIORES MEDIDAS QUE PUEDAN ADOPTARSE, SE ACONSEJA SU REMISION AL ARCHIVO."},"Palabra Clave":{"('0183-OV-2018', 0)":" "}}