{"Tipo de Proyecto":{"('0183-D-2018', 0)":"PROYECTO DE LEY","('0183-D-2018', 1)":null},"Iniciado en: ":{"('0183-D-2018', 0)":"Diputados","('0183-D-2018', 1)":null},"Expediente Diputados: ":{"('0183-D-2018', 0)":"0183-D-2018","('0183-D-2018', 1)":null},"Publicado en: ":{"('0183-D-2018', 0)":"Tr\u00e1mite Parlamentario N\u00b0 2","('0183-D-2018', 1)":null},"Fecha: ":{"('0183-D-2018', 0)":"05\/03\/2018","('0183-D-2018', 1)":null},"T\u00edtulo":{"('0183-D-2018', 0)":"EDUCACION NACIONAL - LEY 26206 -.  MODIFICACION DEL ARTICULO 97, SOBRE PUBLICACION DE DATOS, INDICADORES Y RESULTADOS CONCERNIENTES A TODA INVESTIGACION O EVALUACION EDUCATIVA.","('0183-D-2018', 1)":null},"('Firmantes', 'FIRMANTE')":{"('0183-D-2018', 0)":"BANFI, KARINA","('0183-D-2018', 1)":"RICCARDO, JOSE LUIS"},"('Firmantes', 'DISTRITO')":{"('0183-D-2018', 0)":"BUENOS AIRES","('0183-D-2018', 1)":"SAN LUIS"},"('Firmantes', 'BLOQUE')":{"('0183-D-2018', 0)":"UCR","('0183-D-2018', 1)":"UCR"},"('Giros', 'COMISI\u00d3N')":{"('0183-D-2018', 0)":"EDUCACION","('0183-D-2018', 1)":null},"('Tramites', 'C\u00c1MARA')":{"('0183-D-2018', 0)":"Diputados","('0183-D-2018', 1)":null},"('Tramites', 'MOVIMIENTO')":{"('0183-D-2018', 0)":"MOCION DE PREFERENCIA CON DICTAMEN (AFIRMATIVA)","('0183-D-2018', 1)":null},"('Tramites', 'FECHA')":{"('0183-D-2018', 0)":"21\/03\/2018","('0183-D-2018', 1)":null},"('Tramites', 'RESULTADO')":{"('0183-D-2018', 0)":null,"('0183-D-2018', 1)":null},"Link":{"('0183-D-2018', 0)":"https:\/\/www.hcdn.gob.ar\/proyectos\/textoCompleto.jsp?exp=0183-D-2018&tipo=LEY","('0183-D-2018', 1)":null},"Palabra Clave":{"('0183-D-2018', 0)":" ","('0183-D-2018', 1)":null}}