{"Tipo de Proyecto":{"('0184-S-2018', 0)":"PROYECTO DE LEY","('0184-S-2018', 1)":null,"('0184-S-2018', 2)":null,"('0184-S-2018', 3)":null,"('0184-S-2018', 4)":null,"('0184-S-2018', 5)":null,"('0184-S-2018', 6)":null,"('0184-S-2018', 7)":null,"('0184-S-2018', 8)":null,"('0184-S-2018', 9)":null,"('0184-S-2018', 10)":null,"('0184-S-2018', 11)":null,"('0184-S-2018', 12)":null,"('0184-S-2018', 13)":null,"('0184-S-2018', 14)":null},"Iniciado en: ":{"('0184-S-2018', 0)":"Senado","('0184-S-2018', 1)":null,"('0184-S-2018', 2)":null,"('0184-S-2018', 3)":null,"('0184-S-2018', 4)":null,"('0184-S-2018', 5)":null,"('0184-S-2018', 6)":null,"('0184-S-2018', 7)":null,"('0184-S-2018', 8)":null,"('0184-S-2018', 9)":null,"('0184-S-2018', 10)":null,"('0184-S-2018', 11)":null,"('0184-S-2018', 12)":null,"('0184-S-2018', 13)":null,"('0184-S-2018', 14)":null},"Expediente Senado: ":{"('0184-S-2018', 0)":"0184-S-2018","('0184-S-2018', 1)":null,"('0184-S-2018', 2)":null,"('0184-S-2018', 3)":null,"('0184-S-2018', 4)":null,"('0184-S-2018', 5)":null,"('0184-S-2018', 6)":null,"('0184-S-2018', 7)":null,"('0184-S-2018', 8)":null,"('0184-S-2018', 9)":null,"('0184-S-2018', 10)":null,"('0184-S-2018', 11)":null,"('0184-S-2018', 12)":null,"('0184-S-2018', 13)":null,"('0184-S-2018', 14)":null},"Publicado en: ":{"('0184-S-2018', 0)":"Diario de Asuntos Entrados N\u00b0 10","('0184-S-2018', 1)":null,"('0184-S-2018', 2)":null,"('0184-S-2018', 3)":null,"('0184-S-2018', 4)":null,"('0184-S-2018', 5)":null,"('0184-S-2018', 6)":null,"('0184-S-2018', 7)":null,"('0184-S-2018', 8)":null,"('0184-S-2018', 9)":null,"('0184-S-2018', 10)":null,"('0184-S-2018', 11)":null,"('0184-S-2018', 12)":null,"('0184-S-2018', 13)":null,"('0184-S-2018', 14)":null},"Fecha: ":{"('0184-S-2018', 0)":"07\/03\/2018","('0184-S-2018', 1)":null,"('0184-S-2018', 2)":null,"('0184-S-2018', 3)":null,"('0184-S-2018', 4)":null,"('0184-S-2018', 5)":null,"('0184-S-2018', 6)":null,"('0184-S-2018', 7)":null,"('0184-S-2018', 8)":null,"('0184-S-2018', 9)":null,"('0184-S-2018', 10)":null,"('0184-S-2018', 11)":null,"('0184-S-2018', 12)":null,"('0184-S-2018', 13)":null,"('0184-S-2018', 14)":null},"T\u00edtulo":{"('0184-S-2018', 0)":"MODIFICACION DE LA LEY 24331 - ZONAS FRANCAS -.","('0184-S-2018', 1)":null,"('0184-S-2018', 2)":null,"('0184-S-2018', 3)":null,"('0184-S-2018', 4)":null,"('0184-S-2018', 5)":null,"('0184-S-2018', 6)":null,"('0184-S-2018', 7)":null,"('0184-S-2018', 8)":null,"('0184-S-2018', 9)":null,"('0184-S-2018', 10)":null,"('0184-S-2018', 11)":null,"('0184-S-2018', 12)":null,"('0184-S-2018', 13)":null,"('0184-S-2018', 14)":null},"('Firmantes', 'FIRMANTE')":{"('0184-S-2018', 0)":"LUENZO, ALFREDO HECTOR","('0184-S-2018', 1)":"SNOPEK, GUILLERMO EUGENIO MARIO","('0184-S-2018', 2)":"CREXELL, CARMEN LUCILA","('0184-S-2018', 3)":"FUENTES, MARCELO JORGE","('0184-S-2018', 4)":"CASERIO, CARLOS ALBERTO","('0184-S-2018', 5)":"ROMERO, JUAN CARLOS","('0184-S-2018', 6)":"PAIS, JUAN MARIO","('0184-S-2018', 7)":"MIRKIN, BEATRIZ GRACIELA","('0184-S-2018', 8)":"RODRIGUEZ SAA, ADOLFO","('0184-S-2018', 9)":"PEREYRA, GUILLERMO JUAN","('0184-S-2018', 10)":"GONZALEZ, NANCY SUSANA","('0184-S-2018', 11)":"CLOSS, MAURICE FABIAN","('0184-S-2018', 12)":"REUTEMANN, CARLOS ALBERTO","('0184-S-2018', 13)":"SOLANAS, FERNANDO EZEQUIEL","('0184-S-2018', 14)":"IANNI, ANA MARIA"},"('Firmantes', 'DISTRITO')":{"('0184-S-2018', 0)":"CHUBUT","('0184-S-2018', 1)":"JUJUY","('0184-S-2018', 2)":"NEUQUEN","('0184-S-2018', 3)":"NEUQUEN","('0184-S-2018', 4)":"CORDOBA","('0184-S-2018', 5)":"SALTA","('0184-S-2018', 6)":"CHUBUT","('0184-S-2018', 7)":"TUCUMAN","('0184-S-2018', 8)":"SAN LUIS","('0184-S-2018', 9)":"NEUQUEN","('0184-S-2018', 10)":"CHUBUT","('0184-S-2018', 11)":"MISIONES","('0184-S-2018', 12)":"SANTA FE","('0184-S-2018', 13)":"CIUDAD de BUENOS AIRES","('0184-S-2018', 14)":"SANTA CRUZ"},"('Firmantes', 'BLOQUE')":{"('0184-S-2018', 0)":"CHUBUT SOMOS TODOS","('0184-S-2018', 1)":"JUSTICIALISTA","('0184-S-2018', 2)":"MOV POP NEUQUINO","('0184-S-2018', 3)":"FRENTE PARA LA VICTORIA - PJ","('0184-S-2018', 4)":"JUSTICIALISTA","('0184-S-2018', 5)":"JUSTICIALISTA 8 DE OCTUBRE","('0184-S-2018', 6)":"JUSTICIALISTA CHUBUT","('0184-S-2018', 7)":"JUSTICIALISTA","('0184-S-2018', 8)":"UNIDAD JUSTICIALISTA","('0184-S-2018', 9)":"MOV POP NEUQUINO","('0184-S-2018', 10)":"FRENTE PARA LA VICTORIA - PJ","('0184-S-2018', 11)":"MISIONES","('0184-S-2018', 12)":"SANTA FE FEDERAL","('0184-S-2018', 13)":"PROYECTO SUR - UNEN","('0184-S-2018', 14)":"FRENTE PARA LA VICTORIA - PJ"},"('Tramites', 'C\u00c1MARA')":{"('0184-S-2018', 0)":"Senado","('0184-S-2018', 1)":"Senado","('0184-S-2018', 2)":null,"('0184-S-2018', 3)":null,"('0184-S-2018', 4)":null,"('0184-S-2018', 5)":null,"('0184-S-2018', 6)":null,"('0184-S-2018', 7)":null,"('0184-S-2018', 8)":null,"('0184-S-2018', 9)":null,"('0184-S-2018', 10)":null,"('0184-S-2018', 11)":null,"('0184-S-2018', 12)":null,"('0184-S-2018', 13)":null,"('0184-S-2018', 14)":null},"('Tramites', 'MOVIMIENTO')":{"('0184-S-2018', 0)":"SOLICITUD DE SER COFIRMANTE DEL SENADOR REUTEMANN (A SUS ANTECEDENTES)","('0184-S-2018', 1)":"SOLICITUD DE SER COFIRMANTE DE LA SENADORA IANNI (A SUS ANTECEDENTES)","('0184-S-2018', 2)":null,"('0184-S-2018', 3)":null,"('0184-S-2018', 4)":null,"('0184-S-2018', 5)":null,"('0184-S-2018', 6)":null,"('0184-S-2018', 7)":null,"('0184-S-2018', 8)":null,"('0184-S-2018', 9)":null,"('0184-S-2018', 10)":null,"('0184-S-2018', 11)":null,"('0184-S-2018', 12)":null,"('0184-S-2018', 13)":null,"('0184-S-2018', 14)":null},"('Tramites', 'FECHA')":{"('0184-S-2018', 0)":"18\/04\/2018","('0184-S-2018', 1)":"14\/11\/2018","('0184-S-2018', 2)":null,"('0184-S-2018', 3)":null,"('0184-S-2018', 4)":null,"('0184-S-2018', 5)":null,"('0184-S-2018', 6)":null,"('0184-S-2018', 7)":null,"('0184-S-2018', 8)":null,"('0184-S-2018', 9)":null,"('0184-S-2018', 10)":null,"('0184-S-2018', 11)":null,"('0184-S-2018', 12)":null,"('0184-S-2018', 13)":null,"('0184-S-2018', 14)":null},"('Tramites', 'RESULTADO')":{"('0184-S-2018', 0)":null,"('0184-S-2018', 1)":null,"('0184-S-2018', 2)":null,"('0184-S-2018', 3)":null,"('0184-S-2018', 4)":null,"('0184-S-2018', 5)":null,"('0184-S-2018', 6)":null,"('0184-S-2018', 7)":null,"('0184-S-2018', 8)":null,"('0184-S-2018', 9)":null,"('0184-S-2018', 10)":null,"('0184-S-2018', 11)":null,"('0184-S-2018', 12)":null,"('0184-S-2018', 13)":null,"('0184-S-2018', 14)":null},"Sumario":{"('0184-S-2018', 0)":"MODIFICACION DE LOS ARTICULOS 6,7, 13, 22, 23, 24, 31, 32, 33, 40, 41 Y 45 DE LA LEY 24331; INCORPORACION DE LOS ARTICULOS 6 BIS, 13 BIS, 47 Y 48 DE LA LEY 24331; DEROGACION DE LOS ARTICULOS 25, 27, 28 Y 29 DE LA LEY 24331.","('0184-S-2018', 1)":null,"('0184-S-2018', 2)":null,"('0184-S-2018', 3)":null,"('0184-S-2018', 4)":null,"('0184-S-2018', 5)":null,"('0184-S-2018', 6)":null,"('0184-S-2018', 7)":null,"('0184-S-2018', 8)":null,"('0184-S-2018', 9)":null,"('0184-S-2018', 10)":null,"('0184-S-2018', 11)":null,"('0184-S-2018', 12)":null,"('0184-S-2018', 13)":null,"('0184-S-2018', 14)":null},"Palabra Clave":{"('0184-S-2018', 0)":" ","('0184-S-2018', 1)":null,"('0184-S-2018', 2)":null,"('0184-S-2018', 3)":null,"('0184-S-2018', 4)":null,"('0184-S-2018', 5)":null,"('0184-S-2018', 6)":null,"('0184-S-2018', 7)":null,"('0184-S-2018', 8)":null,"('0184-S-2018', 9)":null,"('0184-S-2018', 10)":null,"('0184-S-2018', 11)":null,"('0184-S-2018', 12)":null,"('0184-S-2018', 13)":null,"('0184-S-2018', 14)":null}}