{"Tipo de Proyecto":{"('0185-D-2018', 0)":"PROYECTO DE DECLARACI\u00d3N"},"Iniciado en: ":{"('0185-D-2018', 0)":"Diputados"},"Expediente Diputados: ":{"('0185-D-2018', 0)":"0185-D-2018"},"Publicado en: ":{"('0185-D-2018', 0)":"Tr\u00e1mite Parlamentario N\u00b0 2"},"Fecha: ":{"('0185-D-2018', 0)":"05\/03\/2018"},"T\u00edtulo":{"('0185-D-2018', 0)":"SOLICITAR AL PODER EJECUTIVO DISPONGA LA REGLAMENTACION DEL ARTICULO 1 DE LA LEY 27346, REFERIDO AL PAGO DEL IMPUESTO A LAS GANANCIAS POR PARTE DE MAGISTRADOS, FUNCIONARIOS Y EMPLEADOS DEL PODER JUDICIAL DE LA NACION."},"('Firmantes', 'FIRMANTE')":{"('0185-D-2018', 0)":"MARCUCCI, HUGO MARIA"},"('Firmantes', 'DISTRITO')":{"('0185-D-2018', 0)":"SANTA FE"},"('Firmantes', 'BLOQUE')":{"('0185-D-2018', 0)":"UCR"},"('Giros', 'COMISI\u00d3N')":{"('0185-D-2018', 0)":"PRESUPUESTO Y HACIENDA"},"Link":{"('0185-D-2018', 0)":"https:\/\/www.hcdn.gob.ar\/proyectos\/textoCompleto.jsp?exp=0185-D-2018&tipo=DECLARACION"},"Palabra Clave":{"('0185-D-2018', 0)":" "}}