{"Tipo de Proyecto":{"('0186-D-2018', 0)":"PROYECTO DE LEY","('0186-D-2018', 1)":null,"('0186-D-2018', 2)":null,"('0186-D-2018', 3)":null,"('0186-D-2018', 4)":null,"('0186-D-2018', 5)":null,"('0186-D-2018', 6)":null},"Iniciado en: ":{"('0186-D-2018', 0)":"Diputados","('0186-D-2018', 1)":null,"('0186-D-2018', 2)":null,"('0186-D-2018', 3)":null,"('0186-D-2018', 4)":null,"('0186-D-2018', 5)":null,"('0186-D-2018', 6)":null},"Expediente Diputados: ":{"('0186-D-2018', 0)":"0186-D-2018","('0186-D-2018', 1)":null,"('0186-D-2018', 2)":null,"('0186-D-2018', 3)":null,"('0186-D-2018', 4)":null,"('0186-D-2018', 5)":null,"('0186-D-2018', 6)":null},"Expediente Senado: ":{"('0186-D-2018', 0)":"0105-CD-2019","('0186-D-2018', 1)":null,"('0186-D-2018', 2)":null,"('0186-D-2018', 3)":null,"('0186-D-2018', 4)":null,"('0186-D-2018', 5)":null,"('0186-D-2018', 6)":null},"Publicado en: ":{"('0186-D-2018', 0)":"Tr\u00e1mite Parlamentario N\u00b0 2","('0186-D-2018', 1)":null,"('0186-D-2018', 2)":null,"('0186-D-2018', 3)":null,"('0186-D-2018', 4)":null,"('0186-D-2018', 5)":null,"('0186-D-2018', 6)":null},"Fecha: ":{"('0186-D-2018', 0)":"05\/03\/2018","('0186-D-2018', 1)":null,"('0186-D-2018', 2)":null,"('0186-D-2018', 3)":null,"('0186-D-2018', 4)":null,"('0186-D-2018', 5)":null,"('0186-D-2018', 6)":null},"T\u00edtulo":{"('0186-D-2018', 0)":"DECLARAR MONUMENTO HISTORICO NACIONAL AL EDIFICIO DE LA \"BASILICA NUESTRA SE\u00d1ORA DEL CARMEN\", UBICADO EN LA CIUDAD CAPITAL DE LA PROVINCIA DE SANTA FE.","('0186-D-2018', 1)":null,"('0186-D-2018', 2)":null,"('0186-D-2018', 3)":null,"('0186-D-2018', 4)":null,"('0186-D-2018', 5)":null,"('0186-D-2018', 6)":null},"('Firmantes', 'FIRMANTE')":{"('0186-D-2018', 0)":"MARCUCCI, HUGO MARIA","('0186-D-2018', 1)":"FRANA, SILVINA PATRICIA","('0186-D-2018', 2)":null,"('0186-D-2018', 3)":null,"('0186-D-2018', 4)":null,"('0186-D-2018', 5)":null,"('0186-D-2018', 6)":null},"('Firmantes', 'DISTRITO')":{"('0186-D-2018', 0)":"SANTA FE","('0186-D-2018', 1)":"SANTA FE","('0186-D-2018', 2)":null,"('0186-D-2018', 3)":null,"('0186-D-2018', 4)":null,"('0186-D-2018', 5)":null,"('0186-D-2018', 6)":null},"('Firmantes', 'BLOQUE')":{"('0186-D-2018', 0)":"UCR","('0186-D-2018', 1)":"FRENTE PARA LA VICTORIA - PJ","('0186-D-2018', 2)":null,"('0186-D-2018', 3)":null,"('0186-D-2018', 4)":null,"('0186-D-2018', 5)":null,"('0186-D-2018', 6)":null},"('Giros', 'COMISI\u00d3N')":{"('0186-D-2018', 0)":"CULTURA","('0186-D-2018', 1)":"PRESUPUESTO Y HACIENDA","('0186-D-2018', 2)":null,"('0186-D-2018', 3)":null,"('0186-D-2018', 4)":null,"('0186-D-2018', 5)":null,"('0186-D-2018', 6)":null},"('Tramites', 'C\u00c1MARA')":{"('0186-D-2018', 0)":"Diputados","('0186-D-2018', 1)":"Diputados","('0186-D-2018', 2)":"Diputados","('0186-D-2018', 3)":"Diputados","('0186-D-2018', 4)":"Diputados","('0186-D-2018', 5)":"Diputados","('0186-D-2018', 6)":"Senado"},"('Tramites', 'MOVIMIENTO')":{"('0186-D-2018', 0)":"SOLICITUD DE SER COFIRMANTE DE LA DIPUTADA FRANA (A SUS ANTECEDENTES)","('0186-D-2018', 1)":"SOLICITUD DEL AUTOR DE RETIRO DEL PROYECTO","('0186-D-2018', 2)":"SOLICITUD DEL AUTOR DE DEJAR SIN EFECTO EL RETIRO SOLICITADO","('0186-D-2018', 3)":"CITACION SESION ESPECIAL","('0186-D-2018', 4)":"MOCION SOBRE TABLAS (AFIRMATIVA)","('0186-D-2018', 5)":"CONSIDERACION Y APROBACION","('0186-D-2018', 6)":"PASA A SENADO -"},"('Tramites', 'FECHA')":{"('0186-D-2018', 0)":null,"('0186-D-2018', 1)":null,"('0186-D-2018', 2)":null,"('0186-D-2018', 3)":"20\/11\/2019","('0186-D-2018', 4)":"20\/11\/2019","('0186-D-2018', 5)":"20\/11\/2019","('0186-D-2018', 6)":null},"('Tramites', 'RESULTADO')":{"('0186-D-2018', 0)":null,"('0186-D-2018', 1)":null,"('0186-D-2018', 2)":null,"('0186-D-2018', 3)":null,"('0186-D-2018', 4)":null,"('0186-D-2018', 5)":"MEDIA SANCION","('0186-D-2018', 6)":null},"Link":{"('0186-D-2018', 0)":"https:\/\/www.hcdn.gob.ar\/proyectos\/textoCompleto.jsp?exp=0186-D-2018&tipo=LEY","('0186-D-2018', 1)":null,"('0186-D-2018', 2)":null,"('0186-D-2018', 3)":null,"('0186-D-2018', 4)":null,"('0186-D-2018', 5)":null,"('0186-D-2018', 6)":null},"Palabra Clave":{"('0186-D-2018', 0)":" ","('0186-D-2018', 1)":null,"('0186-D-2018', 2)":null,"('0186-D-2018', 3)":null,"('0186-D-2018', 4)":null,"('0186-D-2018', 5)":null,"('0186-D-2018', 6)":null}}