{"Tipo de Proyecto":{"('0188-D-2018', 0)":"PROYECTO DE LEY","('0188-D-2018', 1)":null,"('0188-D-2018', 2)":null},"Iniciado en: ":{"('0188-D-2018', 0)":"Diputados","('0188-D-2018', 1)":null,"('0188-D-2018', 2)":null},"Expediente Diputados: ":{"('0188-D-2018', 0)":"0188-D-2018","('0188-D-2018', 1)":null,"('0188-D-2018', 2)":null},"Publicado en: ":{"('0188-D-2018', 0)":"Tr\u00e1mite Parlamentario N\u00b0 2","('0188-D-2018', 1)":null,"('0188-D-2018', 2)":null},"Fecha: ":{"('0188-D-2018', 0)":"05\/03\/2018","('0188-D-2018', 1)":null,"('0188-D-2018', 2)":null},"T\u00edtulo":{"('0188-D-2018', 0)":"IMPORTACION DE AMBULANCIAS Y AUTOBOMBAS CON REGIMEN ARANCELARIO ESPECIAL. CREACION.","('0188-D-2018', 1)":null,"('0188-D-2018', 2)":null},"('Firmantes', 'FIRMANTE')":{"('0188-D-2018', 0)":"BEVILACQUA, GUSTAVO","('0188-D-2018', 1)":null,"('0188-D-2018', 2)":null},"('Firmantes', 'DISTRITO')":{"('0188-D-2018', 0)":"BUENOS AIRES","('0188-D-2018', 1)":null,"('0188-D-2018', 2)":null},"('Firmantes', 'BLOQUE')":{"('0188-D-2018', 0)":"FEDERAL UNIDOS POR UNA NUEVA ARGENTINA","('0188-D-2018', 1)":null,"('0188-D-2018', 2)":null},"('Giros', 'COMISI\u00d3N')":{"('0188-D-2018', 0)":"PRESUPUESTO Y HACIENDA","('0188-D-2018', 1)":"ACCION SOCIAL Y SALUD PUBLICA","('0188-D-2018', 2)":"ASUNTOS COOPERATIVOS, MUTUALES Y DE ORG.NO GUBERNAMENTALES"},"Sumario":{"('0188-D-2018', 0)":"TRANSFERENCIA; DESPACHO; INVITACION A ADHERIR.","('0188-D-2018', 1)":null,"('0188-D-2018', 2)":null},"Palabra Clave":{"('0188-D-2018', 0)":" ","('0188-D-2018', 1)":null,"('0188-D-2018', 2)":null}}