{"Tipo de Proyecto":{"('0189-D-2018', 0)":"PROYECTO DE LEY","('0189-D-2018', 1)":null,"('0189-D-2018', 2)":null},"Iniciado en: ":{"('0189-D-2018', 0)":"Diputados","('0189-D-2018', 1)":null,"('0189-D-2018', 2)":null},"Expediente Diputados: ":{"('0189-D-2018', 0)":"0189-D-2018","('0189-D-2018', 1)":null,"('0189-D-2018', 2)":null},"Publicado en: ":{"('0189-D-2018', 0)":"Tr\u00e1mite Parlamentario N\u00b0 2","('0189-D-2018', 1)":null,"('0189-D-2018', 2)":null},"Fecha: ":{"('0189-D-2018', 0)":"05\/03\/2018","('0189-D-2018', 1)":null,"('0189-D-2018', 2)":null},"T\u00edtulo":{"('0189-D-2018', 0)":"IMPUESTO A LOS COMBUTIBLES - LEY 23966 -. MODIFICACION DEL ARTICULO 7\u00b0, SOBRE EXENCION DEL IMPUESTO A LOS COMBUSTIBLES A LAS PROVINCIAS DEL NEUQUEN, LA PAMPA, RIO NEGRO, CHUBUT, SANTA CRUZ, TIERRA DEL FUEGO, ANTARTIDA E ISLAS DEL ATLANTICO SUR,  LOS PARTIDOS BONAERENSES DE PATAGONES Y VILLARINO; Y MALARG\u00dcE, PROVINCIA DE MENDOZA.","('0189-D-2018', 1)":null,"('0189-D-2018', 2)":null},"('Firmantes', 'FIRMANTE')":{"('0189-D-2018', 0)":"BEVILACQUA, GUSTAVO","('0189-D-2018', 1)":null,"('0189-D-2018', 2)":null},"('Firmantes', 'DISTRITO')":{"('0189-D-2018', 0)":"BUENOS AIRES","('0189-D-2018', 1)":null,"('0189-D-2018', 2)":null},"('Firmantes', 'BLOQUE')":{"('0189-D-2018', 0)":"FEDERAL UNIDOS POR UNA NUEVA ARGENTINA","('0189-D-2018', 1)":null,"('0189-D-2018', 2)":null},"('Giros', 'COMISI\u00d3N')":{"('0189-D-2018', 0)":"ECONOMIAS Y DESARROLLO REGIONAL","('0189-D-2018', 1)":"ENERGIA Y COMBUSTIBLES","('0189-D-2018', 2)":"PRESUPUESTO Y HACIENDA"},"Link":{"('0189-D-2018', 0)":"https:\/\/www.hcdn.gob.ar\/proyectos\/textoCompleto.jsp?exp=0189-D-2018&tipo=LEY","('0189-D-2018', 1)":null,"('0189-D-2018', 2)":null},"Palabra Clave":{"('0189-D-2018', 0)":" ","('0189-D-2018', 1)":null,"('0189-D-2018', 2)":null}}