{"Tipo de Proyecto":{"('0189-S-2018', 0)":"PROYECTO DE LEY"},"Iniciado en: ":{"('0189-S-2018', 0)":"Senado"},"Expediente Senado: ":{"('0189-S-2018', 0)":"0189-S-2018"},"Publicado en: ":{"('0189-S-2018', 0)":"Diario de Asuntos Entrados N\u00b0 10"},"Fecha: ":{"('0189-S-2018', 0)":"07\/03\/2018"},"T\u00edtulo":{"('0189-S-2018', 0)":"MODIFICACION DE LA LEY 24449 - LEY DE TRANSITO - RESPECTO DE ESTABLECER PROHIBICIONES DE MANIOBRAS DESTINADAS A ELUDIR EL PAGO DEL PEAJE."},"('Firmantes', 'FIRMANTE')":{"('0189-S-2018', 0)":"VARELA, MARTA"},"('Firmantes', 'DISTRITO')":{"('0189-S-2018', 0)":"CIUDAD de BUENOS AIRES"},"('Firmantes', 'BLOQUE')":{"('0189-S-2018', 0)":"FRENTE PRO"},"Sumario":{"('0189-S-2018', 0)":"INCORPORACION DEL INCISO Z) AL ARTICULO 48."},"Palabra Clave":{"('0189-S-2018', 0)":" "}}