{"Tipo de Proyecto":{"('0189-PE-2018', 0)":"MENSAJE NRO: 0012\/18"},"Iniciado en: ":{"('0189-PE-2018', 0)":"Senado"},"Expediente Senado: ":{"('0189-PE-2018', 0)":"0189-PE-2018"},"Fecha: ":{"('0189-PE-2018', 0)":"02\/07\/2018"},"T\u00edtulo":{"('0189-PE-2018', 0)":"COMUNICACION DEL DECRETO DE NECESIDAD Y URGENCIA 545\/18, POR EL CUAL SE MODIFICA EL PRESUPUESTO GENERAL DE LA ADMINISTRACION NACIONAL PARA EL EJERCICIO 2018 DE ACUERDO CON EL DETALLE OBRANTE EN LAS PLANILLAS ANEXAS."},"('Firmantes', 'FIRMANTE')":{"('0189-PE-2018', 0)":"MACRI, MAURICIO"},"('Firmantes', 'DISTRITO')":{"('0189-PE-2018', 0)":null},"('Firmantes', 'BLOQUE')":{"('0189-PE-2018', 0)":"PODER EJECUTIVO"},"('Tramites', 'C\u00c1MARA')":{"('0189-PE-2018', 0)":"Senado"},"('Tramites', 'MOVIMIENTO')":{"('0189-PE-2018', 0)":"VER TRAMITE DEL DECRETO EN DIPUTADOS EN EXPEDIENTE 7683-D-18"},"('Tramites', 'FECHA')":{"('0189-PE-2018', 0)":null},"('Tramites', 'RESULTADO')":{"('0189-PE-2018', 0)":null},"Palabra Clave":{"('0189-PE-2018', 0)":" "}}