{"Tipo de Proyecto":{"('0001-S-2009', 0)":"PROYECTO DE LEY","('0001-S-2009', 1)":null,"('0001-S-2009', 2)":null,"('0001-S-2009', 3)":null,"('0001-S-2009', 4)":null,"('0001-S-2009', 5)":null,"('0001-S-2009', 6)":null,"('0001-S-2009', 7)":null,"('0001-S-2009', 8)":null,"('0001-S-2009', 9)":null,"('0001-S-2009', 10)":null,"('0001-S-2009', 11)":null},"Iniciado en: ":{"('0001-S-2009', 0)":"Senado","('0001-S-2009', 1)":null,"('0001-S-2009', 2)":null,"('0001-S-2009', 3)":null,"('0001-S-2009', 4)":null,"('0001-S-2009', 5)":null,"('0001-S-2009', 6)":null,"('0001-S-2009', 7)":null,"('0001-S-2009', 8)":null,"('0001-S-2009', 9)":null,"('0001-S-2009', 10)":null,"('0001-S-2009', 11)":null},"Expediente Senado: ":{"('0001-S-2009', 0)":"0001-S-2009","('0001-S-2009', 1)":null,"('0001-S-2009', 2)":null,"('0001-S-2009', 3)":null,"('0001-S-2009', 4)":null,"('0001-S-2009', 5)":null,"('0001-S-2009', 6)":null,"('0001-S-2009', 7)":null,"('0001-S-2009', 8)":null,"('0001-S-2009', 9)":null,"('0001-S-2009', 10)":null,"('0001-S-2009', 11)":null},"Publicado en: ":{"('0001-S-2009', 0)":"Diario de Asuntos Entrados N\u00b0 1","('0001-S-2009', 1)":null,"('0001-S-2009', 2)":null,"('0001-S-2009', 3)":null,"('0001-S-2009', 4)":null,"('0001-S-2009', 5)":null,"('0001-S-2009', 6)":null,"('0001-S-2009', 7)":null,"('0001-S-2009', 8)":null,"('0001-S-2009', 9)":null,"('0001-S-2009', 10)":null,"('0001-S-2009', 11)":null},"Fecha: ":{"('0001-S-2009', 0)":"02\/03\/2009","('0001-S-2009', 1)":null,"('0001-S-2009', 2)":null,"('0001-S-2009', 3)":null,"('0001-S-2009', 4)":null,"('0001-S-2009', 5)":null,"('0001-S-2009', 6)":null,"('0001-S-2009', 7)":null,"('0001-S-2009', 8)":null,"('0001-S-2009', 9)":null,"('0001-S-2009', 10)":null,"('0001-S-2009', 11)":null},"T\u00edtulo":{"('0001-S-2009', 0)":"CREACION DEL CONSEJO CONSULTIVO DEL TABACO.","('0001-S-2009', 1)":null,"('0001-S-2009', 2)":null,"('0001-S-2009', 3)":null,"('0001-S-2009', 4)":null,"('0001-S-2009', 5)":null,"('0001-S-2009', 6)":null,"('0001-S-2009', 7)":null,"('0001-S-2009', 8)":null,"('0001-S-2009', 9)":null,"('0001-S-2009', 10)":null,"('0001-S-2009', 11)":null},"('Firmantes', 'FIRMANTE')":{"('0001-S-2009', 0)":"JENEFES, GUILLERMO RAUL","('0001-S-2009', 1)":"VIUDES DE DAMONTE, ISABEL JOSEFA","('0001-S-2009', 2)":"ESCUDERO, SONIA MARGARITA","('0001-S-2009', 3)":"CORREGIDO, ELENA MERCEDES","('0001-S-2009', 4)":"BIANCALANI, FABIO DARIO","('0001-S-2009', 5)":"PINCHETTI DE SIERRA MORALES, DELIA","('0001-S-2009', 6)":"TORRES, EDUARDO ENRIQUE","('0001-S-2009', 7)":"MORALES, GERARDO RUBEN","('0001-S-2009', 8)":"SALAZAR, CARLOS EDUARDO","('0001-S-2009', 9)":"PEREZ ALSINA, JUAN AGUSTIN","('0001-S-2009', 10)":"RIOS, ROBERTO FABIAN","('0001-S-2009', 11)":"NIKISCH, ROY ABELARDO"},"('Firmantes', 'DISTRITO')":{"('0001-S-2009', 0)":"JUJUY","('0001-S-2009', 1)":"CORRIENTES","('0001-S-2009', 2)":"SALTA","('0001-S-2009', 3)":"CHACO","('0001-S-2009', 4)":"CHACO","('0001-S-2009', 5)":"TUCUMAN","('0001-S-2009', 6)":"MISIONES","('0001-S-2009', 7)":"JUJUY","('0001-S-2009', 8)":"TUCUMAN","('0001-S-2009', 9)":"SALTA","('0001-S-2009', 10)":"CORRIENTES","('0001-S-2009', 11)":"CHACO"},"('Firmantes', 'BLOQUE')":{"('0001-S-2009', 0)":"FRENTE PARA LA VICTORIA - PJ","('0001-S-2009', 1)":"PARTIDO NUEVO","('0001-S-2009', 2)":"JUSTICIALISTA 8 DE OCTUBRE","('0001-S-2009', 3)":"FRENTE PARA LA VICTORIA - PJ","('0001-S-2009', 4)":"FRENTE PARA LA VICTORIA - PJ","('0001-S-2009', 5)":"FZA REPUBLICANA","('0001-S-2009', 6)":"FRENTE PARA LA VICTORIA - PJ","('0001-S-2009', 7)":"UCR","('0001-S-2009', 8)":"FZA REPUBLICANA","('0001-S-2009', 9)":"RENOVADOR DE SALTA","('0001-S-2009', 10)":"FRENTE PARA LA VICTORIA - PJ","('0001-S-2009', 11)":"UCR"},"('Tramites', 'C\u00c1MARA')":{"('0001-S-2009', 0)":"Senado","('0001-S-2009', 1)":null,"('0001-S-2009', 2)":null,"('0001-S-2009', 3)":null,"('0001-S-2009', 4)":null,"('0001-S-2009', 5)":null,"('0001-S-2009', 6)":null,"('0001-S-2009', 7)":null,"('0001-S-2009', 8)":null,"('0001-S-2009', 9)":null,"('0001-S-2009', 10)":null,"('0001-S-2009', 11)":null},"('Tramites', 'MOVIMIENTO')":{"('0001-S-2009', 0)":"SOLICITUD DE SER COFIRMANTE DEL SENADOR NIKISCH (A SUS ANTECEDENTES)","('0001-S-2009', 1)":null,"('0001-S-2009', 2)":null,"('0001-S-2009', 3)":null,"('0001-S-2009', 4)":null,"('0001-S-2009', 5)":null,"('0001-S-2009', 6)":null,"('0001-S-2009', 7)":null,"('0001-S-2009', 8)":null,"('0001-S-2009', 9)":null,"('0001-S-2009', 10)":null,"('0001-S-2009', 11)":null},"('Tramites', 'FECHA')":{"('0001-S-2009', 0)":"04\/03\/2009","('0001-S-2009', 1)":null,"('0001-S-2009', 2)":null,"('0001-S-2009', 3)":null,"('0001-S-2009', 4)":null,"('0001-S-2009', 5)":null,"('0001-S-2009', 6)":null,"('0001-S-2009', 7)":null,"('0001-S-2009', 8)":null,"('0001-S-2009', 9)":null,"('0001-S-2009', 10)":null,"('0001-S-2009', 11)":null},"('Tramites', 'RESULTADO')":{"('0001-S-2009', 0)":null,"('0001-S-2009', 1)":null,"('0001-S-2009', 2)":null,"('0001-S-2009', 3)":null,"('0001-S-2009', 4)":null,"('0001-S-2009', 5)":null,"('0001-S-2009', 6)":null,"('0001-S-2009', 7)":null,"('0001-S-2009', 8)":null,"('0001-S-2009', 9)":null,"('0001-S-2009', 10)":null,"('0001-S-2009', 11)":null},"Link":{"('0001-S-2009', 0)":"http:\/\/www.senado.gov.ar\/parlamentario\/comisiones\/verExp\/1.09\/S\/PL","('0001-S-2009', 1)":null,"('0001-S-2009', 2)":null,"('0001-S-2009', 3)":null,"('0001-S-2009', 4)":null,"('0001-S-2009', 5)":null,"('0001-S-2009', 6)":null,"('0001-S-2009', 7)":null,"('0001-S-2009', 8)":null,"('0001-S-2009', 9)":null,"('0001-S-2009', 10)":null,"('0001-S-2009', 11)":null},"Palabra Clave":{"('0001-S-2009', 0)":" ","('0001-S-2009', 1)":null,"('0001-S-2009', 2)":null,"('0001-S-2009', 3)":null,"('0001-S-2009', 4)":null,"('0001-S-2009', 5)":null,"('0001-S-2009', 6)":null,"('0001-S-2009', 7)":null,"('0001-S-2009', 8)":null,"('0001-S-2009', 9)":null,"('0001-S-2009', 10)":null,"('0001-S-2009', 11)":null}}