{"Tipo de Proyecto":{"('0003-PE-2009', 0)":"MENSAJE NRO: 0164\/09","('0003-PE-2009', 1)":null},"Iniciado en: ":{"('0003-PE-2009', 0)":"Senado","('0003-PE-2009', 1)":null},"Expediente Senado: ":{"('0003-PE-2009', 0)":"0003-PE-2009","('0003-PE-2009', 1)":null},"Publicado en: ":{"('0003-PE-2009', 0)":"DAE S.A. N\u00b0 1","('0003-PE-2009', 1)":null},"Fecha: ":{"('0003-PE-2009', 0)":"11\/03\/2009","('0003-PE-2009', 1)":null},"T\u00edtulo":{"('0003-PE-2009', 0)":"SOLICITAR ACUERDO PARA PROMOVER A FUNCIONARIO DE LA CATEGORIA \"C\" MINISTRO PLENIPOTENCIARIO DE SEGUNDA CLASE, AL ACTUAL FUNCIONARIO DE LA CATEGORIA \"D\" CONSEJERO DE LA EMBAJADA Y CONSUL GENERAL, DON ALBERTO AGUSTIN COTO.","('0003-PE-2009', 1)":null},"('Firmantes', 'FIRMANTE')":{"('0003-PE-2009', 0)":"FERNANDEZ DE KIRCHNER, CRISTINA","('0003-PE-2009', 1)":"TAIANA, JORGE ENRIQUE"},"('Firmantes', 'DISTRITO')":{"('0003-PE-2009', 0)":null,"('0003-PE-2009', 1)":null},"('Firmantes', 'BLOQUE')":{"('0003-PE-2009', 0)":"PODER EJECUTIVO","('0003-PE-2009', 1)":"PODER EJECUTIVO"},"('Tramites', 'C\u00c1MARA')":{"('0003-PE-2009', 0)":"Senado","('0003-PE-2009', 1)":null},"('Tramites', 'MOVIMIENTO')":{"('0003-PE-2009', 0)":"CONSIDERACION Y APROBACION","('0003-PE-2009', 1)":null},"('Tramites', 'FECHA')":{"('0003-PE-2009', 0)":"13\/05\/2009","('0003-PE-2009', 1)":null},"('Tramites', 'RESULTADO')":{"('0003-PE-2009', 0)":"APROBADO","('0003-PE-2009', 1)":null},"Palabra Clave":{"('0003-PE-2009', 0)":" ","('0003-PE-2009', 1)":null}}