{"Tipo de Proyecto":{"('0004-PE-2009', 0)":"MENSAJE NRO: 0182\/09","('0004-PE-2009', 1)":null,"('0004-PE-2009', 2)":null},"Iniciado en: ":{"('0004-PE-2009', 0)":"Diputados","('0004-PE-2009', 1)":null,"('0004-PE-2009', 2)":null},"Expediente Diputados: ":{"('0004-PE-2009', 0)":"0004-PE-2009","('0004-PE-2009', 1)":null,"('0004-PE-2009', 2)":null},"Publicado en: ":{"('0004-PE-2009', 0)":"Tr\u00e1mite Parlamentario N\u00b0 13","('0004-PE-2009', 1)":null,"('0004-PE-2009', 2)":null},"Fecha: ":{"('0004-PE-2009', 0)":"18\/03\/2009","('0004-PE-2009', 1)":null,"('0004-PE-2009', 2)":null},"T\u00edtulo":{"('0004-PE-2009', 0)":"COMUNICACION DEL DICTADO DEL DECRETO 181\/2009 POR EL CUAL SE AUTORIZA LA REALIZACION DEL XL VIAJE DE INSTRUCCION Y LA SALIDA DEL TERRITORIO NACIONAL DEL BUQUE ESCUELA FRAGATA LIBERTAD. ","('0004-PE-2009', 1)":null,"('0004-PE-2009', 2)":null},"('Firmantes', 'FIRMANTE')":{"('0004-PE-2009', 0)":"FERNANDEZ DE KIRCHNER, CRISTINA","('0004-PE-2009', 1)":"MASSA, SERGIO TOMAS","('0004-PE-2009', 2)":"GARRE, NILDA CELIA"},"('Firmantes', 'DISTRITO')":{"('0004-PE-2009', 0)":null,"('0004-PE-2009', 1)":null,"('0004-PE-2009', 2)":null},"('Firmantes', 'BLOQUE')":{"('0004-PE-2009', 0)":"PODER EJECUTIVO","('0004-PE-2009', 1)":"PODER EJECUTIVO","('0004-PE-2009', 2)":"PODER EJECUTIVO"},"('Giros', 'COMISI\u00d3N')":{"('0004-PE-2009', 0)":"DEFENSA NACIONAL","('0004-PE-2009', 1)":null,"('0004-PE-2009', 2)":null},"Link":{"('0004-PE-2009', 0)":"https:\/\/www4.hcdn.gob.ar\/dependencias\/dsecretaria\/Periodo2009\/PDF2009\/TP2009\/0004-PE-09.pdf","('0004-PE-2009', 1)":null,"('0004-PE-2009', 2)":null},"Palabra Clave":{"('0004-PE-2009', 0)":" ","('0004-PE-2009', 1)":null,"('0004-PE-2009', 2)":null}}