{"Tipo de Proyecto":{"('0005-S-2009', 0)":"PROYECTO DE LEY"},"Iniciado en: ":{"('0005-S-2009', 0)":"Senado"},"Expediente Senado: ":{"('0005-S-2009', 0)":"0005-S-2009"},"Publicado en: ":{"('0005-S-2009', 0)":"Diario de Asuntos Entrados N\u00b0 1"},"Fecha: ":{"('0005-S-2009', 0)":"02\/03\/2009"},"T\u00edtulo":{"('0005-S-2009', 0)":"TRANSFERENCIA A TITULO GRATUITO A LA PROVINCIA DE ENTRE RIOS DE UN PREDIO DE LA LOCALIDAD DE CONCEPCION DEL URUGUAY, QUE SE ENCUENTRA EN JURISDICCION DE LA DIRECCION NACIONAL DE VIAS NAVEGABLES."},"('Firmantes', 'FIRMANTE')":{"('0005-S-2009', 0)":"OSUNA, BLANCA INES"},"('Firmantes', 'DISTRITO')":{"('0005-S-2009', 0)":"ENTRE RIOS"},"('Firmantes', 'BLOQUE')":{"('0005-S-2009', 0)":"FRENTE PARA LA VICTORIA - PJ"},"('Tramites', 'C\u00c1MARA')":{"('0005-S-2009', 0)":"Senado"},"('Tramites', 'MOVIMIENTO')":{"('0005-S-2009', 0)":"REPRODUCIDO POR EXPEDIENTE 0216-S-11"},"('Tramites', 'FECHA')":{"('0005-S-2009', 0)":null},"('Tramites', 'RESULTADO')":{"('0005-S-2009', 0)":null},"Sumario":{"('0005-S-2009', 0)":"CARGO: FUNCIONAMIENTO DEL CENTRO DE FORMACION PROFESIONAL NUMERO 1 DE CONCEPCION DEL URUGUAY."},"Palabra Clave":{"('0005-S-2009', 0)":" "}}