{"Tipo de Proyecto":{"('0005-PE-2009', 0)":"MENSAJE NRO: 0184\/09 Y PROYECTO DE LEY","('0005-PE-2009', 1)":null,"('0005-PE-2009', 2)":null},"Iniciado en: ":{"('0005-PE-2009', 0)":"Diputados","('0005-PE-2009', 1)":null,"('0005-PE-2009', 2)":null},"Expediente Diputados: ":{"('0005-PE-2009', 0)":"0005-PE-2009","('0005-PE-2009', 1)":null,"('0005-PE-2009', 2)":null},"Expediente Senado: ":{"('0005-PE-2009', 0)":"0060-CD-2010","('0005-PE-2009', 1)":null,"('0005-PE-2009', 2)":null},"Publicado en: ":{"('0005-PE-2009', 0)":"Tr\u00e1mite Parlamentario N\u00b0 13","('0005-PE-2009', 1)":null,"('0005-PE-2009', 2)":null},"Fecha: ":{"('0005-PE-2009', 0)":"18\/03\/2009","('0005-PE-2009', 1)":null,"('0005-PE-2009', 2)":null},"T\u00edtulo":{"('0005-PE-2009', 0)":"TRANSFERIR A TITULO GRATUITO A FAVOR DE LA MUNICIPALIDAD DE MORON UN INMUEBLE PROPIEDAD DEL ESTADO NACIONAL, UBICADO EN EL PARTIDO DE MORON, PROVINCIA DE BUENOS AIRES; FINALIDAD: CREACION DE UN 'CENTRO DOCUMENTAL DE LA MEMORIA'","('0005-PE-2009', 1)":null,"('0005-PE-2009', 2)":null},"('Firmantes', 'FIRMANTE')":{"('0005-PE-2009', 0)":"FERNANDEZ DE KIRCHNER, CRISTINA","('0005-PE-2009', 1)":"MASSA, SERGIO TOMAS","('0005-PE-2009', 2)":"GARRE, NILDA CELIA"},"('Firmantes', 'DISTRITO')":{"('0005-PE-2009', 0)":null,"('0005-PE-2009', 1)":null,"('0005-PE-2009', 2)":null},"('Firmantes', 'BLOQUE')":{"('0005-PE-2009', 0)":"PODER EJECUTIVO","('0005-PE-2009', 1)":"PODER EJECUTIVO","('0005-PE-2009', 2)":"PODER EJECUTIVO"},"('Giros', 'COMISI\u00d3N')":{"('0005-PE-2009', 0)":"LEGISLACION GENERAL","('0005-PE-2009', 1)":"DEFENSA NACIONAL","('0005-PE-2009', 2)":null},"('Tramites', 'C\u00c1MARA')":{"('0005-PE-2009', 0)":"Diputados","('0005-PE-2009', 1)":"Senado","('0005-PE-2009', 2)":null},"('Tramites', 'MOVIMIENTO')":{"('0005-PE-2009', 0)":"CONSIDERACION Y APROBACION","('0005-PE-2009', 1)":"PASA A SENADO -","('0005-PE-2009', 2)":null},"('Tramites', 'FECHA')":{"('0005-PE-2009', 0)":"13\/10\/2010","('0005-PE-2009', 1)":null,"('0005-PE-2009', 2)":null},"('Tramites', 'RESULTADO')":{"('0005-PE-2009', 0)":"MEDIA SANCION","('0005-PE-2009', 1)":null,"('0005-PE-2009', 2)":null},"Link":{"('0005-PE-2009', 0)":"https:\/\/www4.hcdn.gob.ar\/dependencias\/dsecretaria\/Periodo2009\/PDF2009\/TP2009\/0005-PE-09.pdf","('0005-PE-2009', 1)":null,"('0005-PE-2009', 2)":null},"Palabra Clave":{"('0005-PE-2009', 0)":" ","('0005-PE-2009', 1)":null,"('0005-PE-2009', 2)":null}}