{"Tipo de Proyecto":{"('0006-S-2009', 0)":"COMUNICACION"},"Iniciado en: ":{"('0006-S-2009', 0)":"Senado"},"Expediente Senado: ":{"('0006-S-2009', 0)":"0006-S-2009"},"Publicado en: ":{"('0006-S-2009', 0)":"Diario de Asuntos Entrados N\u00b0 1"},"Fecha: ":{"('0006-S-2009', 0)":"02\/03\/2009"},"T\u00edtulo":{"('0006-S-2009', 0)":"SOLICITAR AL PODER EJECUTIVO DISPONGA LAS MEDIDAS CONDUCENTES A GARANTIZAR CON FONDOS EXCEDENTES DE LA ADMINISTRACION NACIONAL DE LA SEGURIDAD SOCIAL (ANSES) EL OTORGAMIENTO DE CREDITOS PARA JUBILADOS Y PENSIONADOS EXCLUIDOS DEL ACCESO AL PLAN CANJE DE ELECTRODOMESTICOS."},"('Firmantes', 'FIRMANTE')":{"('0006-S-2009', 0)":"SAADI, RAMON EDUARDO"},"('Firmantes', 'DISTRITO')":{"('0006-S-2009', 0)":"CATAMARCA"},"('Firmantes', 'BLOQUE')":{"('0006-S-2009', 0)":"FRENTE PARA LA VICTORIA - PJ"},"Link":{"('0006-S-2009', 0)":"http:\/\/www.senado.gov.ar\/parlamentario\/comisiones\/verExp\/6.09\/S\/PC"},"Palabra Clave":{"('0006-S-2009', 0)":" "}}