{"Tipo de Proyecto":{"('0007-S-2009', 0)":"PROYECTO DE LEY"},"Iniciado en: ":{"('0007-S-2009', 0)":"Senado"},"Expediente Senado: ":{"('0007-S-2009', 0)":"0007-S-2009"},"Publicado en: ":{"('0007-S-2009', 0)":"Diario de Asuntos Entrados N\u00b0 1"},"Fecha: ":{"('0007-S-2009', 0)":"02\/03\/2009"},"T\u00edtulo":{"('0007-S-2009', 0)":"MODIFICACIONES A LA LEY 24196, DE INVERSIONES MINERAS: SUSTITUCION DE LOS ARTICULOS 22 (REGALIAS DE LAS PROVINCIAS) Y DEL PRIMER PARRAFO 24 (AUTORIDAD DE APLICACION), Y DEROGACION DEL ARTICULO 22 BIS."},"('Firmantes', 'FIRMANTE')":{"('0007-S-2009', 0)":"SAADI, RAMON EDUARDO"},"('Firmantes', 'DISTRITO')":{"('0007-S-2009', 0)":"CATAMARCA"},"('Firmantes', 'BLOQUE')":{"('0007-S-2009', 0)":"FRENTE PARA LA VICTORIA - PJ"},"Link":{"('0007-S-2009', 0)":"http:\/\/www.senado.gov.ar\/parlamentario\/comisiones\/verExp\/7.09\/S\/PL"},"Palabra Clave":{"('0007-S-2009', 0)":" "}}