{"Tipo de Proyecto":{"('0008-S-2009', 0)":"PROYECTO DE LEY"},"Iniciado en: ":{"('0008-S-2009', 0)":"Senado"},"Expediente Senado: ":{"('0008-S-2009', 0)":"0008-S-2009"},"Publicado en: ":{"('0008-S-2009', 0)":"Diario de Asuntos Entrados N\u00b0 1"},"Fecha: ":{"('0008-S-2009', 0)":"02\/03\/2009"},"T\u00edtulo":{"('0008-S-2009', 0)":"MODIFICACION A LA LEY 25725, FONDO FIDUCIARIO PARA SUBSIDIOS DE CONSUMOS RESIDUALES DE GAS: SUSTITUCION DEL PRIMER PARRAFO DEL ARTICULO 84 (COMPENSACIONES TARIFARIAS PARA LA REGION PATAGONICA, DEPARTAMENTO DE MALARG\u00dcE DE LA PROVINCIA DE MENDOZA, Y DE LA REGION CONOCIDA COMO LA PUNA)."},"('Firmantes', 'FIRMANTE')":{"('0008-S-2009', 0)":"SAADI, RAMON EDUARDO"},"('Firmantes', 'DISTRITO')":{"('0008-S-2009', 0)":"CATAMARCA"},"('Firmantes', 'BLOQUE')":{"('0008-S-2009', 0)":"FRENTE PARA LA VICTORIA - PJ"},"Link":{"('0008-S-2009', 0)":"http:\/\/www.senado.gov.ar\/parlamentario\/comisiones\/verExp\/8.09\/S\/PL"},"Palabra Clave":{"('0008-S-2009', 0)":" "}}