{"Tipo de Proyecto":{"('0009-S-2009', 0)":"PROYECTO DE LEY"},"Iniciado en: ":{"('0009-S-2009', 0)":"Senado"},"Expediente Senado: ":{"('0009-S-2009', 0)":"0009-S-2009"},"Publicado en: ":{"('0009-S-2009', 0)":"Diario de Asuntos Entrados N\u00b0 1"},"Fecha: ":{"('0009-S-2009', 0)":"02\/03\/2009"},"T\u00edtulo":{"('0009-S-2009', 0)":"INSTITUCION DEL DERECHO DE FORMACION DEL DEPORTISTA."},"('Firmantes', 'FIRMANTE')":{"('0009-S-2009', 0)":"SAADI, RAMON EDUARDO"},"('Firmantes', 'DISTRITO')":{"('0009-S-2009', 0)":"CATAMARCA"},"('Firmantes', 'BLOQUE')":{"('0009-S-2009', 0)":"FRENTE PARA LA VICTORIA - PJ"},"Sumario":{"('0009-S-2009', 0)":"CREACION DEL REGISTRO DE ENTIDADES DEPORTIVAS FORMADORAS."},"Palabra Clave":{"('0009-S-2009', 0)":" "}}