{"Tipo de Proyecto":{"('0010-PE-2009', 0)":"MENSAJE NRO: 0104\/09"},"Iniciado en: ":{"('0010-PE-2009', 0)":"Senado"},"Expediente Senado: ":{"('0010-PE-2009', 0)":"0010-PE-2009"},"Publicado en: ":{"('0010-PE-2009', 0)":"Diario de Asuntos Entrados N\u00b0 0"},"Fecha: ":{"('0010-PE-2009', 0)":"20\/03\/2009"},"T\u00edtulo":{"('0010-PE-2009', 0)":"COMUNICACION DEL DICTADO DEL DECRETO DE NECESIDAD Y URGENCIA 206\/2009 POR EL CUAL SE CREA EL FONDO FEDERAL SOLIDARIO."},"('Firmantes', 'FIRMANTE')":{"('0010-PE-2009', 0)":"FERNANDEZ DE KIRCHNER, CRISTINA"},"('Firmantes', 'DISTRITO')":{"('0010-PE-2009', 0)":null},"('Firmantes', 'BLOQUE')":{"('0010-PE-2009', 0)":"PODER EJECUTIVO"},"Palabra Clave":{"('0010-PE-2009', 0)":" "}}