{"Tipo de Proyecto":{"('0015-OV-2009', 0)":"PROYECTO DE RESOLUCI\u00d3N","('0015-OV-2009', 1)":null,"('0015-OV-2009', 2)":null},"Iniciado en: ":{"('0015-OV-2009', 0)":"Senado","('0015-OV-2009', 1)":null,"('0015-OV-2009', 2)":null},"Expediente Senado: ":{"('0015-OV-2009', 0)":"0015-OV-2009","('0015-OV-2009', 1)":null,"('0015-OV-2009', 2)":null},"Fecha: ":{"('0015-OV-2009', 0)":"10\/11\/2010","('0015-OV-2009', 1)":null,"('0015-OV-2009', 2)":null},"T\u00edtulo":{"('0015-OV-2009', 0)":"PEDIDO DE INFORMES AL PODER EJECUTIVO SOBRE RESOLUCIONES REMITIDAS POR LA AUDITORIA GENERAL DE LA NACION REFERENTES A LOS ESTADOS CONTABLES POR EL EJERCICIO FINALIZADO EL 31 DE DICIEMBRE DE 2006 (0015-OV-09) Y A LA CARTA SOBRE SOBRE ASPECTOS CONTABLES Y DE CONTROL INTERNO ELABORADO SOBRE LOS ESTADOS CONTABLES POR EL EJERCICIO FINALIZADO EL 31 DE DICIEMBRE DE 2006 (0016-OV-09) CORRESPONDIENTES A SOCIEDAD DEL ESTADO CASA DE MONEDA. ","('0015-OV-2009', 1)":null,"('0015-OV-2009', 2)":null},"('Firmantes', 'FIRMANTE')":{"('0015-OV-2009', 0)":"PARLAMENTARIA MIXTA REVISORA DE CUENTAS","('0015-OV-2009', 1)":null,"('0015-OV-2009', 2)":null},"('Firmantes', 'DISTRITO')":{"('0015-OV-2009', 0)":null,"('0015-OV-2009', 1)":null,"('0015-OV-2009', 2)":null},"('Firmantes', 'BLOQUE')":{"('0015-OV-2009', 0)":null,"('0015-OV-2009', 1)":null,"('0015-OV-2009', 2)":null},"('Tramites', 'C\u00c1MARA')":{"('0015-OV-2009', 0)":"Senado","('0015-OV-2009', 1)":"Diputados","('0015-OV-2009', 2)":"Senado"},"('Tramites', 'MOVIMIENTO')":{"('0015-OV-2009', 0)":"CONSIDERACION Y APROBACION","('0015-OV-2009', 1)":"PASA A DIPUTADOS -","('0015-OV-2009', 2)":"CONTESTACION DEL PODER EJECUTIVO NACIONAL - GIRADO A LA COMISION RESPECTIVA"},"('Tramites', 'FECHA')":{"('0015-OV-2009', 0)":"30\/03\/2011","('0015-OV-2009', 1)":"30\/11\/2011","('0015-OV-2009', 2)":"14\/12\/2011"},"('Tramites', 'RESULTADO')":{"('0015-OV-2009', 0)":"APROBADO","('0015-OV-2009', 1)":null,"('0015-OV-2009', 2)":null},"Link":{"('0015-OV-2009', 0)":"http:\/\/www.senado.gov.ar\/parlamentario\/comisiones\/verExp\/15.09\/OV\/PR","('0015-OV-2009', 1)":null,"('0015-OV-2009', 2)":null},"Palabra Clave":{"('0015-OV-2009', 0)":" ","('0015-OV-2009', 1)":null,"('0015-OV-2009', 2)":null}}