{"Tipo de Proyecto":{"('0016-D-2009', 0)":"PROYECTO DE DECLARACI\u00d3N","('0016-D-2009', 1)":null,"('0016-D-2009', 2)":null,"('0016-D-2009', 3)":null},"Iniciado en: ":{"('0016-D-2009', 0)":"Diputados","('0016-D-2009', 1)":null,"('0016-D-2009', 2)":null,"('0016-D-2009', 3)":null},"Expediente Diputados: ":{"('0016-D-2009', 0)":"0016-D-2009","('0016-D-2009', 1)":null,"('0016-D-2009', 2)":null,"('0016-D-2009', 3)":null},"Publicado en: ":{"('0016-D-2009', 0)":"Tr\u00e1mite Parlamentario N\u00b0 1","('0016-D-2009', 1)":null,"('0016-D-2009', 2)":null,"('0016-D-2009', 3)":null},"Fecha: ":{"('0016-D-2009', 0)":"02\/03\/2009","('0016-D-2009', 1)":null,"('0016-D-2009', 2)":null,"('0016-D-2009', 3)":null},"T\u00edtulo":{"('0016-D-2009', 0)":"EXPRESAR PREOCUPACION POR LAS AMENAZAS RECIBIDAS POR EL PERIODISTA GUSTAVO HEREDIA, DE RADIO UNIVERSIDAD DE LA PROVINCIA DE SAN LUIS, EL DIA 22 DE ENERO DE 2009.","('0016-D-2009', 1)":null,"('0016-D-2009', 2)":null,"('0016-D-2009', 3)":null},"('Firmantes', 'FIRMANTE')":{"('0016-D-2009', 0)":"GIUDICI, SILVANA MYRIAM","('0016-D-2009', 1)":"MORANDINI, NORMA ELENA","('0016-D-2009', 2)":"IGLESIAS, FERNANDO ADOLFO","('0016-D-2009', 3)":"RIOBOO, SANDRA ADRIANA"},"('Firmantes', 'DISTRITO')":{"('0016-D-2009', 0)":"CIUDAD de BUENOS AIRES","('0016-D-2009', 1)":"CORDOBA","('0016-D-2009', 2)":"CIUDAD de BUENOS AIRES","('0016-D-2009', 3)":"BUENOS AIRES"},"('Firmantes', 'BLOQUE')":{"('0016-D-2009', 0)":"UCR","('0016-D-2009', 1)":"MEMORIA Y DEMOCRACIA","('0016-D-2009', 2)":"COALICION CIVICA - ARI - GEN - UPT","('0016-D-2009', 3)":"UCR"},"('Giros', 'COMISI\u00d3N')":{"('0016-D-2009', 0)":"LIBERTAD DE EXPRESION","('0016-D-2009', 1)":null,"('0016-D-2009', 2)":null,"('0016-D-2009', 3)":null},"Link":{"('0016-D-2009', 0)":"https:\/\/www.hcdn.gob.ar\/proyectos\/textoCompleto.jsp?exp=0016-D-2009&tipo=DECLARACION","('0016-D-2009', 1)":null,"('0016-D-2009', 2)":null,"('0016-D-2009', 3)":null},"Palabra Clave":{"('0016-D-2009', 0)":" ","('0016-D-2009', 1)":null,"('0016-D-2009', 2)":null,"('0016-D-2009', 3)":null}}