{"Tipo de Proyecto":{"('0017-S-2009', 0)":"PROYECTO DE DECLARACI\u00d3N"},"Iniciado en: ":{"('0017-S-2009', 0)":"Senado"},"Expediente Senado: ":{"('0017-S-2009', 0)":"0017-S-2009"},"Publicado en: ":{"('0017-S-2009', 0)":"Diario de Asuntos Entrados N\u00b0 1"},"Fecha: ":{"('0017-S-2009', 0)":"02\/03\/2009"},"T\u00edtulo":{"('0017-S-2009', 0)":"EXPRESAR BENEPLACITO POR LA CIFRA HISTORICA DE TRASPLANTES DE ORGANOS ALCANZADA POR NUESTRO PAIS DURANTE EL A\u00d1O 2008."},"('Firmantes', 'FIRMANTE')":{"('0017-S-2009', 0)":"LORES, HORACIO"},"('Firmantes', 'DISTRITO')":{"('0017-S-2009', 0)":"NEUQUEN"},"('Firmantes', 'BLOQUE')":{"('0017-S-2009', 0)":"MOV POP NEUQUINO"},"Link":{"('0017-S-2009', 0)":"http:\/\/www.senado.gov.ar\/parlamentario\/comisiones\/verExp\/17.09\/S\/PD"},"Palabra Clave":{"('0017-S-2009', 0)":" "}}