{"Tipo de Proyecto":{"('0018-JGM-2009', 0)":"MENSAJE NRO: 0538\/09","('0018-JGM-2009', 1)":null,"('0018-JGM-2009', 2)":null,"('0018-JGM-2009', 3)":null},"Iniciado en: ":{"('0018-JGM-2009', 0)":"Diputados","('0018-JGM-2009', 1)":null,"('0018-JGM-2009', 2)":null,"('0018-JGM-2009', 3)":null},"Expediente Diputados: ":{"('0018-JGM-2009', 0)":"0018-JGM-2009","('0018-JGM-2009', 1)":null,"('0018-JGM-2009', 2)":null,"('0018-JGM-2009', 3)":null},"Publicado en: ":{"('0018-JGM-2009', 0)":"Tr\u00e1mite Parlamentario N\u00b0 175","('0018-JGM-2009', 1)":null,"('0018-JGM-2009', 2)":null,"('0018-JGM-2009', 3)":null},"Fecha: ":{"('0018-JGM-2009', 0)":"10\/12\/2009","('0018-JGM-2009', 1)":null,"('0018-JGM-2009', 2)":null,"('0018-JGM-2009', 3)":null},"T\u00edtulo":{"('0018-JGM-2009', 0)":"COMUNICACION DEL DECRETO 2004\/09 POR EL CUAL PROMULGA PARCIALMENTE EL PROYECTO DE LEY REGISTRADO BAJO EL NUMERO 26571, DE REFORMA POLITICO ELECTORAL. (EXPEDIENTE 0031-PE-09).\n","('0018-JGM-2009', 1)":null,"('0018-JGM-2009', 2)":null,"('0018-JGM-2009', 3)":null},"('Firmantes', 'FIRMANTE')":{"('0018-JGM-2009', 0)":"FERNANDEZ, ANIBAL","('0018-JGM-2009', 1)":"RANDAZZO, FLORENCIO","('0018-JGM-2009', 2)":null,"('0018-JGM-2009', 3)":null},"('Firmantes', 'DISTRITO')":{"('0018-JGM-2009', 0)":null,"('0018-JGM-2009', 1)":null,"('0018-JGM-2009', 2)":null,"('0018-JGM-2009', 3)":null},"('Firmantes', 'BLOQUE')":{"('0018-JGM-2009', 0)":"PODER EJECUTIVO","('0018-JGM-2009', 1)":"PODER EJECUTIVO","('0018-JGM-2009', 2)":null,"('0018-JGM-2009', 3)":null},"('Giros', 'COMISI\u00d3N')":{"('0018-JGM-2009', 0)":"BICAMERAL PERMANENTE DE TRAMITE LEGISLATIVO - LEY 26122","('0018-JGM-2009', 1)":"ASUNTOS CONSTITUCIONALES","('0018-JGM-2009', 2)":"JUSTICIA","('0018-JGM-2009', 3)":"PRESUPUESTO Y HACIENDA"},"('Tramites', 'C\u00c1MARA')":{"('0018-JGM-2009', 0)":"Diputados","('0018-JGM-2009', 1)":null,"('0018-JGM-2009', 2)":null,"('0018-JGM-2009', 3)":null},"('Tramites', 'MOVIMIENTO')":{"('0018-JGM-2009', 0)":"CONSIDERACION Y VOTACION, SOBRE 238 DIPUTADOS PRESENTES: POR EL DICTAMEN I: 95 VOTOS Y POR EL DICTAMEN II: 142 VOTOS AFIRMATIVOS","('0018-JGM-2009', 1)":null,"('0018-JGM-2009', 2)":null,"('0018-JGM-2009', 3)":null},"('Tramites', 'FECHA')":{"('0018-JGM-2009', 0)":"17\/03\/2010","('0018-JGM-2009', 1)":null,"('0018-JGM-2009', 2)":null,"('0018-JGM-2009', 3)":null},"('Tramites', 'RESULTADO')":{"('0018-JGM-2009', 0)":null,"('0018-JGM-2009', 1)":null,"('0018-JGM-2009', 2)":null,"('0018-JGM-2009', 3)":null},"Link":{"('0018-JGM-2009', 0)":"https:\/\/www4.hcdn.gob.ar\/dependencias\/dsecretaria\/Periodo2009\/PDF2009\/TP2009\/0018-JGM-09.pdf","('0018-JGM-2009', 1)":null,"('0018-JGM-2009', 2)":null,"('0018-JGM-2009', 3)":null},"Palabra Clave":{"('0018-JGM-2009', 0)":" ","('0018-JGM-2009', 1)":null,"('0018-JGM-2009', 2)":null,"('0018-JGM-2009', 3)":null}}