{"Tipo de Proyecto":{"('0018-S-2009', 0)":"PROYECTO DE DECLARACI\u00d3N","('0018-S-2009', 1)":null},"Iniciado en: ":{"('0018-S-2009', 0)":"Senado","('0018-S-2009', 1)":null},"Expediente Senado: ":{"('0018-S-2009', 0)":"0018-S-2009","('0018-S-2009', 1)":null},"Publicado en: ":{"('0018-S-2009', 0)":"Diario de Asuntos Entrados N\u00b0 1","('0018-S-2009', 1)":null},"Fecha: ":{"('0018-S-2009', 0)":"02\/03\/2009","('0018-S-2009', 1)":null},"T\u00edtulo":{"('0018-S-2009', 0)":"EXPRESAR BENEPLACITO POR LA CONMEMORACION DEL DIA DE LA ANTARTIDA ARGENTINA, QUE SE CELEBRO EL 22 DE FEBRERO DE 2009.","('0018-S-2009', 1)":null},"('Firmantes', 'FIRMANTE')":{"('0018-S-2009', 0)":"LORES, HORACIO","('0018-S-2009', 1)":null},"('Firmantes', 'DISTRITO')":{"('0018-S-2009', 0)":"NEUQUEN","('0018-S-2009', 1)":null},"('Firmantes', 'BLOQUE')":{"('0018-S-2009', 0)":"MOV POP NEUQUINO","('0018-S-2009', 1)":null},"('Tramites', 'C\u00c1MARA')":{"('0018-S-2009', 0)":"Senado","('0018-S-2009', 1)":"Senado"},"('Tramites', 'MOVIMIENTO')":{"('0018-S-2009', 0)":"MOCION SOBRE TABLAS (AFIRMATIVA) CONJUNTAMENTE PARA LOS EXPEDIENTES 4502-S-2008, 0018-S-2009 y 0104-S-2009","('0018-S-2009', 1)":"CONSIDERACION Y APROBACION CONJUNTAMENTE PARA LOS EXPEDIENTES 4502-S-2008, 0018-S-2009 y 0104-S-2009"},"('Tramites', 'FECHA')":{"('0018-S-2009', 0)":"04\/03\/2009","('0018-S-2009', 1)":"04\/03\/2009"},"('Tramites', 'RESULTADO')":{"('0018-S-2009', 0)":null,"('0018-S-2009', 1)":"APROBADO"},"Link":{"('0018-S-2009', 0)":"http:\/\/www.senado.gov.ar\/parlamentario\/comisiones\/verExp\/18.09\/S\/PD","('0018-S-2009', 1)":null},"Palabra Clave":{"('0018-S-2009', 0)":" ","('0018-S-2009', 1)":null}}