{"Tipo de Proyecto":{"('0019-D-2009', 0)":"PROYECTO DE DECLARACI\u00d3N","('0019-D-2009', 1)":null,"('0019-D-2009', 2)":null},"Iniciado en: ":{"('0019-D-2009', 0)":"Diputados","('0019-D-2009', 1)":null,"('0019-D-2009', 2)":null},"Expediente Diputados: ":{"('0019-D-2009', 0)":"0019-D-2009","('0019-D-2009', 1)":null,"('0019-D-2009', 2)":null},"Publicado en: ":{"('0019-D-2009', 0)":"Tr\u00e1mite Parlamentario N\u00b0 1","('0019-D-2009', 1)":null,"('0019-D-2009', 2)":null},"Fecha: ":{"('0019-D-2009', 0)":"02\/03\/2009","('0019-D-2009', 1)":null,"('0019-D-2009', 2)":null},"T\u00edtulo":{"('0019-D-2009', 0)":"EXPRESAR REPUDIO POR LAS AGRESIONES SUFRIDAS POR LA PERIODISTA DE \"TODO NOTICIAS -TN-\", NORBERTO DUPESSO, EL DIA 24 DE FEBRERO DE 2009, POR PARTE DEL OBISPO LEFEBVRISTA RICHARD WILLIAMSON, EL 24 DE FEBRERO DE 2009 EN EL AEROPUERTO NACIONAL DE EZEIZA.","('0019-D-2009', 1)":null,"('0019-D-2009', 2)":null},"('Firmantes', 'FIRMANTE')":{"('0019-D-2009', 0)":"GIUDICI, SILVANA MYRIAM","('0019-D-2009', 1)":"MORANDINI, NORMA ELENA","('0019-D-2009', 2)":"IGLESIAS, FERNANDO ADOLFO"},"('Firmantes', 'DISTRITO')":{"('0019-D-2009', 0)":"CIUDAD de BUENOS AIRES","('0019-D-2009', 1)":"CORDOBA","('0019-D-2009', 2)":"CIUDAD de BUENOS AIRES"},"('Firmantes', 'BLOQUE')":{"('0019-D-2009', 0)":"UCR","('0019-D-2009', 1)":"MEMORIA Y DEMOCRACIA","('0019-D-2009', 2)":"COALICION CIVICA - ARI - GEN - UPT"},"('Giros', 'COMISI\u00d3N')":{"('0019-D-2009', 0)":"LIBERTAD DE EXPRESION","('0019-D-2009', 1)":null,"('0019-D-2009', 2)":null},"Link":{"('0019-D-2009', 0)":"https:\/\/www.hcdn.gob.ar\/proyectos\/textoCompleto.jsp?exp=0019-D-2009&tipo=DECLARACION","('0019-D-2009', 1)":null,"('0019-D-2009', 2)":null},"Palabra Clave":{"('0019-D-2009', 0)":" ","('0019-D-2009', 1)":null,"('0019-D-2009', 2)":null}}