{"Tipo de Proyecto":{"('0020-PE-2009', 0)":"MENSAJE NRO: 0343\/09 Y PROYECTO DE LEY","('0020-PE-2009', 1)":null,"('0020-PE-2009', 2)":null},"Iniciado en: ":{"('0020-PE-2009', 0)":"Senado","('0020-PE-2009', 1)":null,"('0020-PE-2009', 2)":null},"Expediente Senado: ":{"('0020-PE-2009', 0)":"0020-PE-2009","('0020-PE-2009', 1)":null,"('0020-PE-2009', 2)":null},"Publicado en: ":{"('0020-PE-2009', 0)":"Diario de Asuntos Entrados N\u00b0 52","('0020-PE-2009', 1)":null,"('0020-PE-2009', 2)":null},"Fecha: ":{"('0020-PE-2009', 0)":"17\/04\/2009","('0020-PE-2009', 1)":null,"('0020-PE-2009', 2)":null},"T\u00edtulo":{"('0020-PE-2009', 0)":"APROBACION DEL CONVENIO 155 DE LA ORGANIZACION INTERNACIONAL DEL TRABAJO SOBRE SEGURIDAD Y SALUD DE LOS TRABAJADORES Y MEDIO AMBIENTE DE TRABAJO, ADOPTADO EN GINEBRA, CONFEDERACION SUIZA, EL 22 DE JUNIO DE 1981.","('0020-PE-2009', 1)":null,"('0020-PE-2009', 2)":null},"('Firmantes', 'FIRMANTE')":{"('0020-PE-2009', 0)":"FERNANDEZ DE KIRCHNER, CRISTINA","('0020-PE-2009', 1)":"MASSA, SERGIO TOMAS","('0020-PE-2009', 2)":"TAIANA, JORGE ENRIQUE"},"('Firmantes', 'DISTRITO')":{"('0020-PE-2009', 0)":null,"('0020-PE-2009', 1)":null,"('0020-PE-2009', 2)":null},"('Firmantes', 'BLOQUE')":{"('0020-PE-2009', 0)":"PODER EJECUTIVO","('0020-PE-2009', 1)":"PODER EJECUTIVO","('0020-PE-2009', 2)":"PODER EJECUTIVO"},"Palabra Clave":{"('0020-PE-2009', 0)":" ","('0020-PE-2009', 1)":null,"('0020-PE-2009', 2)":null}}