{"Tipo de Proyecto":{"('0020-S-2009', 0)":"PROYECTO DE DECLARACI\u00d3N","('0020-S-2009', 1)":null},"Iniciado en: ":{"('0020-S-2009', 0)":"Senado","('0020-S-2009', 1)":null},"Expediente Senado: ":{"('0020-S-2009', 0)":"0020-S-2009","('0020-S-2009', 1)":null},"Publicado en: ":{"('0020-S-2009', 0)":"Diario de Asuntos Entrados N\u00b0 1","('0020-S-2009', 1)":null},"Fecha: ":{"('0020-S-2009', 0)":"02\/03\/2009","('0020-S-2009', 1)":null},"T\u00edtulo":{"('0020-S-2009', 0)":"EXPRESAR BENEPLACITO POR LA REDUCCION DE LA TASA DE MORTALIDAD INFANTIL EN LA PROVINCIA DEL NEUQUEN, EL 6,7 POR MIL DURANTE EL A\u00d1O 2008.","('0020-S-2009', 1)":null},"('Firmantes', 'FIRMANTE')":{"('0020-S-2009', 0)":"LORES, HORACIO","('0020-S-2009', 1)":null},"('Firmantes', 'DISTRITO')":{"('0020-S-2009', 0)":"NEUQUEN","('0020-S-2009', 1)":null},"('Firmantes', 'BLOQUE')":{"('0020-S-2009', 0)":"MOV POP NEUQUINO","('0020-S-2009', 1)":null},"('Tramites', 'C\u00c1MARA')":{"('0020-S-2009', 0)":"Senado","('0020-S-2009', 1)":"Senado"},"('Tramites', 'MOVIMIENTO')":{"('0020-S-2009', 0)":"MOCION SOBRE TABLAS (AFIRMATIVA)","('0020-S-2009', 1)":"CONSIDERACION Y APROBACION"},"('Tramites', 'FECHA')":{"('0020-S-2009', 0)":"26\/03\/2009","('0020-S-2009', 1)":"26\/03\/2009"},"('Tramites', 'RESULTADO')":{"('0020-S-2009', 0)":null,"('0020-S-2009', 1)":"APROBADO"},"Link":{"('0020-S-2009', 0)":"http:\/\/www.senado.gov.ar\/parlamentario\/comisiones\/verExp\/20.09\/S\/PD","('0020-S-2009', 1)":null},"Palabra Clave":{"('0020-S-2009', 0)":" ","('0020-S-2009', 1)":null}}