{"Tipo de Proyecto":{"('0022-D-2009', 0)":"PROYECTO DE RESOLUCI\u00d3N","('0022-D-2009', 1)":null,"('0022-D-2009', 2)":null,"('0022-D-2009', 3)":null,"('0022-D-2009', 4)":null},"Iniciado en: ":{"('0022-D-2009', 0)":"Diputados","('0022-D-2009', 1)":null,"('0022-D-2009', 2)":null,"('0022-D-2009', 3)":null,"('0022-D-2009', 4)":null},"Expediente Diputados: ":{"('0022-D-2009', 0)":"0022-D-2009","('0022-D-2009', 1)":null,"('0022-D-2009', 2)":null,"('0022-D-2009', 3)":null,"('0022-D-2009', 4)":null},"Publicado en: ":{"('0022-D-2009', 0)":"Tr\u00e1mite Parlamentario N\u00b0 1","('0022-D-2009', 1)":null,"('0022-D-2009', 2)":null,"('0022-D-2009', 3)":null,"('0022-D-2009', 4)":null},"Fecha: ":{"('0022-D-2009', 0)":"02\/03\/2009","('0022-D-2009', 1)":null,"('0022-D-2009', 2)":null,"('0022-D-2009', 3)":null,"('0022-D-2009', 4)":null},"T\u00edtulo":{"('0022-D-2009', 0)":"PEDIDO DE INFORMES AL PODER EJECUTIVO SOBRE LA TRANSFERENCIA - VENTA DE LA LICENCIA DE LA RADIODIFUSORA DEL PLATA AM 1030.","('0022-D-2009', 1)":null,"('0022-D-2009', 2)":null,"('0022-D-2009', 3)":null,"('0022-D-2009', 4)":null},"('Firmantes', 'FIRMANTE')":{"('0022-D-2009', 0)":"GIUDICI, SILVANA MYRIAM","('0022-D-2009', 1)":"MORANDINI, NORMA ELENA","('0022-D-2009', 2)":"PINEDO, FEDERICO","('0022-D-2009', 3)":"IGLESIAS, FERNANDO ADOLFO","('0022-D-2009', 4)":"GIUBERGIA, MIGUEL ANGEL"},"('Firmantes', 'DISTRITO')":{"('0022-D-2009', 0)":"CIUDAD de BUENOS AIRES","('0022-D-2009', 1)":"CORDOBA","('0022-D-2009', 2)":"CIUDAD de BUENOS AIRES","('0022-D-2009', 3)":"CIUDAD de BUENOS AIRES","('0022-D-2009', 4)":"JUJUY"},"('Firmantes', 'BLOQUE')":{"('0022-D-2009', 0)":"UCR","('0022-D-2009', 1)":"MEMORIA Y DEMOCRACIA","('0022-D-2009', 2)":"PRO","('0022-D-2009', 3)":"COALICION CIVICA - ARI - GEN - UPT","('0022-D-2009', 4)":"UCR"},"('Giros', 'COMISI\u00d3N')":{"('0022-D-2009', 0)":"COMUNICACIONES E INFORMATICA","('0022-D-2009', 1)":null,"('0022-D-2009', 2)":null,"('0022-D-2009', 3)":null,"('0022-D-2009', 4)":null},"Link":{"('0022-D-2009', 0)":"https:\/\/www.hcdn.gob.ar\/proyectos\/textoCompleto.jsp?exp=0022-D-2009&tipo=RESOLUCION","('0022-D-2009', 1)":null,"('0022-D-2009', 2)":null,"('0022-D-2009', 3)":null,"('0022-D-2009', 4)":null},"Palabra Clave":{"('0022-D-2009', 0)":" ","('0022-D-2009', 1)":null,"('0022-D-2009', 2)":null,"('0022-D-2009', 3)":null,"('0022-D-2009', 4)":null}}