{"Tipo de Proyecto":{"('0022-JGM-2009', 0)":"MENSAJE NRO: 0001\/10","('0022-JGM-2009', 1)":null},"Iniciado en: ":{"('0022-JGM-2009', 0)":"Diputados","('0022-JGM-2009', 1)":null},"Expediente Diputados: ":{"('0022-JGM-2009', 0)":"0022-JGM-2009","('0022-JGM-2009', 1)":null},"Publicado en: ":{"('0022-JGM-2009', 0)":"Tr\u00e1mite Parlamentario N\u00b0 179","('0022-JGM-2009', 1)":null},"Fecha: ":{"('0022-JGM-2009', 0)":"07\/01\/2010","('0022-JGM-2009', 1)":null},"T\u00edtulo":{"('0022-JGM-2009', 0)":"COMUNICACION DEL DECRETO DE NECESIDAD Y URGENCIA 18\/2010, POR EL CUAL SE REMUEVE DE SU CARGO AL PRESIDENTE DEL BANCO CENTRAL DE LA REPUBLICA ARGENTINA, LICENCIADO HERNAN MARTIN PEREZ REDRADO.","('0022-JGM-2009', 1)":null},"('Firmantes', 'FIRMANTE')":{"('0022-JGM-2009', 0)":"FERNANDEZ, ANIBAL","('0022-JGM-2009', 1)":"BOUDOU, AMADO"},"('Firmantes', 'DISTRITO')":{"('0022-JGM-2009', 0)":null,"('0022-JGM-2009', 1)":null},"('Firmantes', 'BLOQUE')":{"('0022-JGM-2009', 0)":"PODER EJECUTIVO","('0022-JGM-2009', 1)":"PODER EJECUTIVO"},"('Giros', 'COMISI\u00d3N')":{"('0022-JGM-2009', 0)":"BICAMERAL PERMANENTE DE TRAMITE LEGISLATIVO - LEY 26122","('0022-JGM-2009', 1)":null},"Link":{"('0022-JGM-2009', 0)":"https:\/\/www4.hcdn.gob.ar\/dependencias\/dsecretaria\/Periodo2009\/PDF2009\/TP2009\/0022-JGM-09.pdf","('0022-JGM-2009', 1)":null},"Palabra Clave":{"('0022-JGM-2009', 0)":" ","('0022-JGM-2009', 1)":null}}