{"Tipo de Proyecto":{"('0022-S-2009', 0)":"PROYECTO DE LEY"},"Iniciado en: ":{"('0022-S-2009', 0)":"Senado"},"Expediente Senado: ":{"('0022-S-2009', 0)":"0022-S-2009"},"Publicado en: ":{"('0022-S-2009', 0)":"Diario de Asuntos Entrados N\u00b0 1"},"Fecha: ":{"('0022-S-2009', 0)":"02\/03\/2009"},"T\u00edtulo":{"('0022-S-2009', 0)":"TRANSFERENCIA AL AERO CLUB BARILOCHE, SITO EN LA CIUDAD DE SAN CARLOS DE BARILOCHE, PROVINCIA DE RIO NEGRO, EL DOMINIO Y\/O DERECHOS QUE TENGA EL ESTADO NACIONAL SOBRE FRACCIONES DE TERRENOS ASIGNADAS EN USO A LA FUERZA AEREA ARGENTINA, UBICADOS EN AQUELLA LOCALIDAD."},"('Firmantes', 'FIRMANTE')":{"('0022-S-2009', 0)":"PICHETTO, MIGUEL ANGEL"},"('Firmantes', 'DISTRITO')":{"('0022-S-2009', 0)":"RIO NEGRO"},"('Firmantes', 'BLOQUE')":{"('0022-S-2009', 0)":"FRENTE PARA LA VICTORIA - PJ"},"Link":{"('0022-S-2009', 0)":"http:\/\/www.senado.gov.ar\/parlamentario\/comisiones\/verExp\/22.09\/S\/PL"},"Palabra Clave":{"('0022-S-2009', 0)":" "}}