{"Tipo de Proyecto":{"('0023-JGM-2009', 0)":"MENSAJE NRO: 0670\/09","('0023-JGM-2009', 1)":null,"('0023-JGM-2009', 2)":null},"Iniciado en: ":{"('0023-JGM-2009', 0)":"Diputados","('0023-JGM-2009', 1)":null,"('0023-JGM-2009', 2)":null},"Expediente Diputados: ":{"('0023-JGM-2009', 0)":"0023-JGM-2009","('0023-JGM-2009', 1)":null,"('0023-JGM-2009', 2)":null},"Publicado en: ":{"('0023-JGM-2009', 0)":"Tr\u00e1mite Parlamentario N\u00b0 179","('0023-JGM-2009', 1)":null,"('0023-JGM-2009', 2)":null},"Fecha: ":{"('0023-JGM-2009', 0)":"02\/02\/2010","('0023-JGM-2009', 1)":null,"('0023-JGM-2009', 2)":null},"T\u00edtulo":{"('0023-JGM-2009', 0)":"COMUNICACION DEL DECRETO 2259\/09, MEDIANTE EL CUAL SE PRORROGA LA VIGENCIA DEL REGIMEN DE IMPORTACION DE LINEAS DE PRODUCCION USADAS HASTA EL 31 DE DICIEMBRE DE 2010.","('0023-JGM-2009', 1)":null,"('0023-JGM-2009', 2)":null},"('Firmantes', 'FIRMANTE')":{"('0023-JGM-2009', 0)":"FERNANDEZ, ANIBAL","('0023-JGM-2009', 1)":"BOUDOU, AMADO","('0023-JGM-2009', 2)":"GIORGI, DEBORA"},"('Firmantes', 'DISTRITO')":{"('0023-JGM-2009', 0)":null,"('0023-JGM-2009', 1)":null,"('0023-JGM-2009', 2)":null},"('Firmantes', 'BLOQUE')":{"('0023-JGM-2009', 0)":"PODER EJECUTIVO","('0023-JGM-2009', 1)":"PODER EJECUTIVO","('0023-JGM-2009', 2)":"PODER EJECUTIVO"},"('Giros', 'COMISI\u00d3N')":{"('0023-JGM-2009', 0)":"BICAMERAL PERMANENTE DE TRAMITE LEGISLATIVO - LEY 26122","('0023-JGM-2009', 1)":null,"('0023-JGM-2009', 2)":null},"Link":{"('0023-JGM-2009', 0)":"https:\/\/www4.hcdn.gob.ar\/dependencias\/dsecretaria\/Periodo2009\/PDF2009\/TP2009\/0023-JGM-09.pdf","('0023-JGM-2009', 1)":null,"('0023-JGM-2009', 2)":null},"Palabra Clave":{"('0023-JGM-2009', 0)":" ","('0023-JGM-2009', 1)":null,"('0023-JGM-2009', 2)":null}}