{"Tipo de Proyecto":{"('0023-D-2009', 0)":"PROYECTO DE DECLARACI\u00d3N","('0023-D-2009', 1)":null,"('0023-D-2009', 2)":null,"('0023-D-2009', 3)":null},"Iniciado en: ":{"('0023-D-2009', 0)":"Diputados","('0023-D-2009', 1)":null,"('0023-D-2009', 2)":null,"('0023-D-2009', 3)":null},"Expediente Diputados: ":{"('0023-D-2009', 0)":"0023-D-2009","('0023-D-2009', 1)":null,"('0023-D-2009', 2)":null,"('0023-D-2009', 3)":null},"Publicado en: ":{"('0023-D-2009', 0)":"Tr\u00e1mite Parlamentario N\u00b0 1","('0023-D-2009', 1)":null,"('0023-D-2009', 2)":null,"('0023-D-2009', 3)":null},"Fecha: ":{"('0023-D-2009', 0)":"02\/03\/2009","('0023-D-2009', 1)":null,"('0023-D-2009', 2)":null,"('0023-D-2009', 3)":null},"T\u00edtulo":{"('0023-D-2009', 0)":"EXPRESAR PREOCUPACION POR EL DESALOJO VIOLENTO SUFRIDO POR EL FOTOGRAFO LEONARDO ZAVATTARO DE LA AGENCIA DE NOTICIAS TELAM, POR PARTE DE LA POLICIA, EN LA AUDIENCIA DEL JUICIO POR DELITOS DE LESA HUMANIDAD.","('0023-D-2009', 1)":null,"('0023-D-2009', 2)":null,"('0023-D-2009', 3)":null},"('Firmantes', 'FIRMANTE')":{"('0023-D-2009', 0)":"GIUDICI, SILVANA MYRIAM","('0023-D-2009', 1)":"STORNI, SILVIA","('0023-D-2009', 2)":"LOZANO, CLAUDIO RAUL","('0023-D-2009', 3)":"IGLESIAS, FERNANDO ADOLFO"},"('Firmantes', 'DISTRITO')":{"('0023-D-2009', 0)":"CIUDAD de BUENOS AIRES","('0023-D-2009', 1)":"CORDOBA","('0023-D-2009', 2)":"CIUDAD de BUENOS AIRES","('0023-D-2009', 3)":"CIUDAD de BUENOS AIRES"},"('Firmantes', 'BLOQUE')":{"('0023-D-2009', 0)":"UCR","('0023-D-2009', 1)":"UCR","('0023-D-2009', 2)":"BUENOS AIRES PARA TODOS EN PROYECTO SUR","('0023-D-2009', 3)":"COALICION CIVICA - ARI - GEN - UPT"},"('Giros', 'COMISI\u00d3N')":{"('0023-D-2009', 0)":"LEGISLACION PENAL","('0023-D-2009', 1)":null,"('0023-D-2009', 2)":null,"('0023-D-2009', 3)":null},"Link":{"('0023-D-2009', 0)":"https:\/\/www.hcdn.gob.ar\/proyectos\/textoCompleto.jsp?exp=0023-D-2009&tipo=DECLARACION","('0023-D-2009', 1)":null,"('0023-D-2009', 2)":null,"('0023-D-2009', 3)":null},"Palabra Clave":{"('0023-D-2009', 0)":" ","('0023-D-2009', 1)":null,"('0023-D-2009', 2)":null,"('0023-D-2009', 3)":null}}