{"Tipo de Proyecto":{"('0024-S-2009', 0)":"PROYECTO DE LEY","('0024-S-2009', 1)":null,"('0024-S-2009', 2)":null},"Iniciado en: ":{"('0024-S-2009', 0)":"Senado","('0024-S-2009', 1)":null,"('0024-S-2009', 2)":null},"Expediente Senado: ":{"('0024-S-2009', 0)":"0024-S-2009","('0024-S-2009', 1)":null,"('0024-S-2009', 2)":null},"Publicado en: ":{"('0024-S-2009', 0)":"Diario de Asuntos Entrados N\u00b0 1","('0024-S-2009', 1)":null,"('0024-S-2009', 2)":null},"Fecha: ":{"('0024-S-2009', 0)":"02\/03\/2009","('0024-S-2009', 1)":null,"('0024-S-2009', 2)":null},"T\u00edtulo":{"('0024-S-2009', 0)":"DEROGACION DEL ARTICULO 1985 DEL CODIGO CIVIL, SOBRE SUBSISTENCIA DEL MANDATO DE LA MUJER.","('0024-S-2009', 1)":null,"('0024-S-2009', 2)":null},"('Firmantes', 'FIRMANTE')":{"('0024-S-2009', 0)":"RODRIGUEZ SAA, ADOLFO","('0024-S-2009', 1)":"NEGRE DE ALONSO, LILIANA T.","('0024-S-2009', 2)":"BASUALDO, ROBERTO GUSTAVO"},"('Firmantes', 'DISTRITO')":{"('0024-S-2009', 0)":"SAN LUIS","('0024-S-2009', 1)":"SAN LUIS","('0024-S-2009', 2)":"SAN JUAN"},"('Firmantes', 'BLOQUE')":{"('0024-S-2009', 0)":"JUSTICIALISTA SAN LUIS","('0024-S-2009', 1)":"JUSTICIALISTA SAN LUIS","('0024-S-2009', 2)":"PRODUCCION Y TRABAJO"},"Link":{"('0024-S-2009', 0)":"http:\/\/www.senado.gov.ar\/parlamentario\/comisiones\/verExp\/24.09\/S\/PL","('0024-S-2009', 1)":null,"('0024-S-2009', 2)":null},"Palabra Clave":{"('0024-S-2009', 0)":" ","('0024-S-2009', 1)":null,"('0024-S-2009', 2)":null}}