{"Tipo de Proyecto":{"('0025-JGM-2009', 0)":"MENSAJE NRO: 0672\/09","('0025-JGM-2009', 1)":null,"('0025-JGM-2009', 2)":null},"Iniciado en: ":{"('0025-JGM-2009', 0)":"Diputados","('0025-JGM-2009', 1)":null,"('0025-JGM-2009', 2)":null},"Expediente Diputados: ":{"('0025-JGM-2009', 0)":"0025-JGM-2009","('0025-JGM-2009', 1)":null,"('0025-JGM-2009', 2)":null},"Publicado en: ":{"('0025-JGM-2009', 0)":"Tr\u00e1mite Parlamentario N\u00b0 179","('0025-JGM-2009', 1)":null,"('0025-JGM-2009', 2)":null},"Fecha: ":{"('0025-JGM-2009', 0)":"02\/02\/2010","('0025-JGM-2009', 1)":null,"('0025-JGM-2009', 2)":null},"T\u00edtulo":{"('0025-JGM-2009', 0)":"COMUNICACION DEL DECRETO 2261\/09, POR EL CUAL SE PRORROGA POR EL TERMINO DE CIENTO OCHENTA DIAS LA SUSPENSION ESTABLECIDA EN EL ARTICULO 1 DE LA RESOLUCION CONJUNTA NUMERO 1 DEL EX MINISTERIO DE PRODUCCION Y  NUMERO 2 DEL MINISTERIO DE ECONOMIA Y FINANZAS PUBLICAS DE SUSPENSION DE LA EXPORTACION PARA CONSUMO DE DESPERDICIOS Y DESECHOS DE METALES FERROSOS.","('0025-JGM-2009', 1)":null,"('0025-JGM-2009', 2)":null},"('Firmantes', 'FIRMANTE')":{"('0025-JGM-2009', 0)":"FERNANDEZ, ANIBAL","('0025-JGM-2009', 1)":"BOUDOU, AMADO","('0025-JGM-2009', 2)":"GIORGI, DEBORA"},"('Firmantes', 'DISTRITO')":{"('0025-JGM-2009', 0)":null,"('0025-JGM-2009', 1)":null,"('0025-JGM-2009', 2)":null},"('Firmantes', 'BLOQUE')":{"('0025-JGM-2009', 0)":"PODER EJECUTIVO","('0025-JGM-2009', 1)":"PODER EJECUTIVO","('0025-JGM-2009', 2)":"PODER EJECUTIVO"},"('Giros', 'COMISI\u00d3N')":{"('0025-JGM-2009', 0)":"BICAMERAL PERMANENTE DE TRAMITE LEGISLATIVO - LEY 26122","('0025-JGM-2009', 1)":null,"('0025-JGM-2009', 2)":null},"('Tramites', 'C\u00c1MARA')":{"('0025-JGM-2009', 0)":"Diputados","('0025-JGM-2009', 1)":null,"('0025-JGM-2009', 2)":null},"('Tramites', 'MOVIMIENTO')":{"('0025-JGM-2009', 0)":"CONSIDERACION Y APROBACION","('0025-JGM-2009', 1)":null,"('0025-JGM-2009', 2)":null},"('Tramites', 'FECHA')":{"('0025-JGM-2009', 0)":"19\/11\/2014","('0025-JGM-2009', 1)":null,"('0025-JGM-2009', 2)":null},"('Tramites', 'RESULTADO')":{"('0025-JGM-2009', 0)":"APROBADO","('0025-JGM-2009', 1)":null,"('0025-JGM-2009', 2)":null},"Link":{"('0025-JGM-2009', 0)":"https:\/\/www4.hcdn.gob.ar\/dependencias\/dsecretaria\/Periodo2009\/PDF2009\/TP2009\/0025-JGM-09.pdf","('0025-JGM-2009', 1)":null,"('0025-JGM-2009', 2)":null},"Palabra Clave":{"('0025-JGM-2009', 0)":" ","('0025-JGM-2009', 1)":null,"('0025-JGM-2009', 2)":null}}