{"Tipo de Proyecto":{"('0025-S-2009', 0)":"COMUNICACION","('0025-S-2009', 1)":null,"('0025-S-2009', 2)":null},"Iniciado en: ":{"('0025-S-2009', 0)":"Senado","('0025-S-2009', 1)":null,"('0025-S-2009', 2)":null},"Expediente Senado: ":{"('0025-S-2009', 0)":"0025-S-2009","('0025-S-2009', 1)":null,"('0025-S-2009', 2)":null},"Publicado en: ":{"('0025-S-2009', 0)":"Diario de Asuntos Entrados N\u00b0 1","('0025-S-2009', 1)":null,"('0025-S-2009', 2)":null},"Fecha: ":{"('0025-S-2009', 0)":"02\/03\/2009","('0025-S-2009', 1)":null,"('0025-S-2009', 2)":null},"T\u00edtulo":{"('0025-S-2009', 0)":"PEDIDO DE INFORMES AL PODER EJECUTIVO SOBRE CUALES HAN SIDO LAS HERRAMIENTAS ADMINISTRATIVAS UTILIZADAS POR EL SE\u00d1OR SECRETARIO DE COMERCIO INTERIOR, DON GUILLERMO MORENO, PARA LA ADQUISICION, TRASLADO, ACOPIO Y DISTRIBUCION DE LAS TONELADAS DE MAIZ QUE FUERAN ADQUIRIDAS POR EL ESTADO NACIONAL PARA SER ENTREGADAS A LOS PRODUCTORES AGROPECUARIOS AFECTADOS POR LA SEQUIA.","('0025-S-2009', 1)":null,"('0025-S-2009', 2)":null},"('Firmantes', 'FIRMANTE')":{"('0025-S-2009', 0)":"RODRIGUEZ SAA, ADOLFO","('0025-S-2009', 1)":"NEGRE DE ALONSO, LILIANA T.","('0025-S-2009', 2)":"BASUALDO, ROBERTO GUSTAVO"},"('Firmantes', 'DISTRITO')":{"('0025-S-2009', 0)":"SAN LUIS","('0025-S-2009', 1)":"SAN LUIS","('0025-S-2009', 2)":"SAN JUAN"},"('Firmantes', 'BLOQUE')":{"('0025-S-2009', 0)":"JUSTICIALISTA SAN LUIS","('0025-S-2009', 1)":"JUSTICIALISTA SAN LUIS","('0025-S-2009', 2)":"PRODUCCION Y TRABAJO"},"Link":{"('0025-S-2009', 0)":"http:\/\/www.senado.gov.ar\/parlamentario\/comisiones\/verExp\/25.09\/S\/PC","('0025-S-2009', 1)":null,"('0025-S-2009', 2)":null},"Palabra Clave":{"('0025-S-2009', 0)":" ","('0025-S-2009', 1)":null,"('0025-S-2009', 2)":null}}