{"Tipo de Proyecto":{"('0027-D-2009', 0)":"PROYECTO DE LEY","('0027-D-2009', 1)":null,"('0027-D-2009', 2)":null,"('0027-D-2009', 3)":null},"Iniciado en: ":{"('0027-D-2009', 0)":"Diputados","('0027-D-2009', 1)":null,"('0027-D-2009', 2)":null,"('0027-D-2009', 3)":null},"Expediente Diputados: ":{"('0027-D-2009', 0)":"0027-D-2009","('0027-D-2009', 1)":null,"('0027-D-2009', 2)":null,"('0027-D-2009', 3)":null},"Publicado en: ":{"('0027-D-2009', 0)":"Tr\u00e1mite Parlamentario N\u00b0 1","('0027-D-2009', 1)":null,"('0027-D-2009', 2)":null,"('0027-D-2009', 3)":null},"Fecha: ":{"('0027-D-2009', 0)":"02\/03\/2009","('0027-D-2009', 1)":null,"('0027-D-2009', 2)":null,"('0027-D-2009', 3)":null},"T\u00edtulo":{"('0027-D-2009', 0)":"GARANTIA DE LOS INTERESES DEL ESTADO NACIONAL EN LA CIUDAD AUTONOMA DE BUENOS AIRES, LEY 24588: MODIFICACION DEL ARTICULO 10 (TRANSFERENCIA A LA CIUDAD AUTONOMA DEL REGISTRO DE LA PROPIEDAD INMUEBLE Y DE LA INSPECCION GENERAL DE JUSTICIA) (REPRODUCCION DEL EXPEDIENTE 3902-D-07).","('0027-D-2009', 1)":null,"('0027-D-2009', 2)":null,"('0027-D-2009', 3)":null},"('Firmantes', 'FIRMANTE')":{"('0027-D-2009', 0)":"GIUDICI, SILVANA MYRIAM","('0027-D-2009', 1)":null,"('0027-D-2009', 2)":null,"('0027-D-2009', 3)":null},"('Firmantes', 'DISTRITO')":{"('0027-D-2009', 0)":"CIUDAD de BUENOS AIRES","('0027-D-2009', 1)":null,"('0027-D-2009', 2)":null,"('0027-D-2009', 3)":null},"('Firmantes', 'BLOQUE')":{"('0027-D-2009', 0)":"UCR","('0027-D-2009', 1)":null,"('0027-D-2009', 2)":null,"('0027-D-2009', 3)":null},"('Giros', 'COMISI\u00d3N')":{"('0027-D-2009', 0)":"JUSTICIA","('0027-D-2009', 1)":"ASUNTOS CONSTITUCIONALES","('0027-D-2009', 2)":"LEGISLACION GENERAL","('0027-D-2009', 3)":"PRESUPUESTO Y HACIENDA"},"('Tramites', 'C\u00c1MARA')":{"('0027-D-2009', 0)":"Diputados","('0027-D-2009', 1)":null,"('0027-D-2009', 2)":null,"('0027-D-2009', 3)":null},"('Tramites', 'MOVIMIENTO')":{"('0027-D-2009', 0)":"REPRODUCIDO POR EXPEDIENTE 0061-D-11","('0027-D-2009', 1)":null,"('0027-D-2009', 2)":null,"('0027-D-2009', 3)":null},"('Tramites', 'FECHA')":{"('0027-D-2009', 0)":null,"('0027-D-2009', 1)":null,"('0027-D-2009', 2)":null,"('0027-D-2009', 3)":null},"('Tramites', 'RESULTADO')":{"('0027-D-2009', 0)":null,"('0027-D-2009', 1)":null,"('0027-D-2009', 2)":null,"('0027-D-2009', 3)":null},"Palabra Clave":{"('0027-D-2009', 0)":" ","('0027-D-2009', 1)":null,"('0027-D-2009', 2)":null,"('0027-D-2009', 3)":null}}