{"Tipo de Proyecto":{"('0028-PE-2009', 0)":"MENSAJE NRO: 1469\/09 Y PROYECTO DE LEY","('0028-PE-2009', 1)":null,"('0028-PE-2009', 2)":null,"('0028-PE-2009', 3)":null},"Iniciado en: ":{"('0028-PE-2009', 0)":"Diputados","('0028-PE-2009', 1)":null,"('0028-PE-2009', 2)":null,"('0028-PE-2009', 3)":null},"Expediente Diputados: ":{"('0028-PE-2009', 0)":"0028-PE-2009","('0028-PE-2009', 1)":null,"('0028-PE-2009', 2)":null,"('0028-PE-2009', 3)":null},"Expediente Senado: ":{"('0028-PE-2009', 0)":"0062-CD-2009","('0028-PE-2009', 1)":null,"('0028-PE-2009', 2)":null,"('0028-PE-2009', 3)":null},"Publicado en: ":{"('0028-PE-2009', 0)":"Tr\u00e1mite Parlamentario N\u00b0 141","('0028-PE-2009', 1)":null,"('0028-PE-2009', 2)":null,"('0028-PE-2009', 3)":null},"Fecha: ":{"('0028-PE-2009', 0)":"20\/10\/2009","('0028-PE-2009', 1)":null,"('0028-PE-2009', 2)":null,"('0028-PE-2009', 3)":null},"T\u00edtulo":{"('0028-PE-2009', 0)":"ACORDAR AUTORIZACION A LA SE\u00d1ORA PRESIDENTA DE LA NACION PARA  AUSENTARSE DEL PAIS DURANTE EL A\u00d1O 2010, CUANDO RAZONES DE GOBIERNO ASI LO REQUIERAN.","('0028-PE-2009', 1)":null,"('0028-PE-2009', 2)":null,"('0028-PE-2009', 3)":null},"('Firmantes', 'FIRMANTE')":{"('0028-PE-2009', 0)":"FERNANDEZ DE KIRCHNER, CRISTINA","('0028-PE-2009', 1)":"FERNANDEZ, ANIBAL","('0028-PE-2009', 2)":"RANDAZZO, FLORENCIO","('0028-PE-2009', 3)":null},"('Firmantes', 'DISTRITO')":{"('0028-PE-2009', 0)":null,"('0028-PE-2009', 1)":null,"('0028-PE-2009', 2)":null,"('0028-PE-2009', 3)":null},"('Firmantes', 'BLOQUE')":{"('0028-PE-2009', 0)":"PODER EJECUTIVO","('0028-PE-2009', 1)":"PODER EJECUTIVO","('0028-PE-2009', 2)":"PODER EJECUTIVO","('0028-PE-2009', 3)":null},"('Giros', 'COMISI\u00d3N')":{"('0028-PE-2009', 0)":"ASUNTOS CONSTITUCIONALES","('0028-PE-2009', 1)":null,"('0028-PE-2009', 2)":null,"('0028-PE-2009', 3)":null},"('Tramites', 'C\u00c1MARA')":{"('0028-PE-2009', 0)":"Diputados","('0028-PE-2009', 1)":"Diputados","('0028-PE-2009', 2)":"Senado","('0028-PE-2009', 3)":"Senado"},"('Tramites', 'MOVIMIENTO')":{"('0028-PE-2009', 0)":"MOCION SOBRE TABLAS (AFIRMATIVA)","('0028-PE-2009', 1)":"CONSIDERACION Y APROBACION","('0028-PE-2009', 2)":"PASA A SENADO -","('0028-PE-2009', 3)":"CONSIDERACION Y SANCION"},"('Tramites', 'FECHA')":{"('0028-PE-2009', 0)":"28\/10\/2009","('0028-PE-2009', 1)":"28\/10\/2009","('0028-PE-2009', 2)":null,"('0028-PE-2009', 3)":"18\/11\/2009"},"('Tramites', 'RESULTADO')":{"('0028-PE-2009', 0)":null,"('0028-PE-2009', 1)":"MEDIA SANCION","('0028-PE-2009', 2)":null,"('0028-PE-2009', 3)":"SANCIONADO"},"Link":{"('0028-PE-2009', 0)":"https:\/\/www4.hcdn.gob.ar\/dependencias\/dsecretaria\/Periodo2009\/PDF2009\/TP2009\/0028-PE-09.pdf","('0028-PE-2009', 1)":null,"('0028-PE-2009', 2)":null,"('0028-PE-2009', 3)":null},"Palabra Clave":{"('0028-PE-2009', 0)":" ","('0028-PE-2009', 1)":null,"('0028-PE-2009', 2)":null,"('0028-PE-2009', 3)":null}}