{"Tipo de Proyecto":{"('0028-D-2009', 0)":"PROYECTO DE LEY","('0028-D-2009', 1)":null},"Iniciado en: ":{"('0028-D-2009', 0)":"Diputados","('0028-D-2009', 1)":null},"Expediente Diputados: ":{"('0028-D-2009', 0)":"0028-D-2009","('0028-D-2009', 1)":null},"Publicado en: ":{"('0028-D-2009', 0)":"Tr\u00e1mite Parlamentario N\u00b0 1","('0028-D-2009', 1)":null},"Fecha: ":{"('0028-D-2009', 0)":"02\/03\/2009","('0028-D-2009', 1)":null},"T\u00edtulo":{"('0028-D-2009', 0)":"CUMPLIR CON EL ARTICULO 63 DE LA CONSTITUCION DE LA ORGANIZACION MUNDIAL DE LA SALUD Y REMITIR TODAS LAS LEYES SANCIONADAS EN MATERIA DE SALUD AL DEPARTAMENTO DE ASUNTOS LEGALES DE LA OMS.","('0028-D-2009', 1)":null},"('Firmantes', 'FIRMANTE')":{"('0028-D-2009', 0)":"MORANTE, ANTONIO ARNALDO MARIA","('0028-D-2009', 1)":null},"('Firmantes', 'DISTRITO')":{"('0028-D-2009', 0)":"CHACO","('0028-D-2009', 1)":null},"('Firmantes', 'BLOQUE')":{"('0028-D-2009', 0)":"FRENTE PARA LA VICTORIA - PJ","('0028-D-2009', 1)":null},"('Giros', 'COMISI\u00d3N')":{"('0028-D-2009', 0)":"RELACIONES EXTERIORES Y CULTO","('0028-D-2009', 1)":"ACCION SOCIAL Y SALUD PUBLICA"},"('Tramites', 'C\u00c1MARA')":{"('0028-D-2009', 0)":"Diputados","('0028-D-2009', 1)":null},"('Tramites', 'MOVIMIENTO')":{"('0028-D-2009', 0)":"REPRODUCIDO POR EXPEDIENTE 0090-D-11","('0028-D-2009', 1)":null},"('Tramites', 'FECHA')":{"('0028-D-2009', 0)":null,"('0028-D-2009', 1)":null},"('Tramites', 'RESULTADO')":{"('0028-D-2009', 0)":null,"('0028-D-2009', 1)":null},"Link":{"('0028-D-2009', 0)":"https:\/\/www.hcdn.gob.ar\/proyectos\/textoCompleto.jsp?exp=0028-D-2009&tipo=LEY","('0028-D-2009', 1)":null},"Palabra Clave":{"('0028-D-2009', 0)":" ","('0028-D-2009', 1)":null}}