{"Tipo de Proyecto":{"('0030-S-2009', 0)":"PROYECTO DE DECLARACI\u00d3N"},"Iniciado en: ":{"('0030-S-2009', 0)":"Senado"},"Expediente Senado: ":{"('0030-S-2009', 0)":"0030-S-2009"},"Publicado en: ":{"('0030-S-2009', 0)":"Diario de Asuntos Entrados N\u00b0 2"},"Fecha: ":{"('0030-S-2009', 0)":"02\/03\/2009"},"T\u00edtulo":{"('0030-S-2009', 0)":"EXPRESAR PREOCUPACION POR LOS CASOS LEISHMANIASIS Y PALUDISMO REGISTRADOS EN EL LITORAL DEL PAIS."},"('Firmantes', 'FIRMANTE')":{"('0030-S-2009', 0)":"CORREGIDO, ELENA MERCEDES"},"('Firmantes', 'DISTRITO')":{"('0030-S-2009', 0)":"CHACO"},"('Firmantes', 'BLOQUE')":{"('0030-S-2009', 0)":"FRENTE PARA LA VICTORIA - PJ"},"Link":{"('0030-S-2009', 0)":"http:\/\/www.senado.gov.ar\/parlamentario\/comisiones\/verExp\/30.09\/S\/PD"},"Palabra Clave":{"('0030-S-2009', 0)":" "}}