{"Tipo de Proyecto":{"('0030-D-2009', 0)":"PROYECTO DE LEY"},"Iniciado en: ":{"('0030-D-2009', 0)":"Diputados"},"Expediente Diputados: ":{"('0030-D-2009', 0)":"0030-D-2009"},"Publicado en: ":{"('0030-D-2009', 0)":"Tr\u00e1mite Parlamentario N\u00b0 1"},"Fecha: ":{"('0030-D-2009', 0)":"02\/03\/2009"},"T\u00edtulo":{"('0030-D-2009', 0)":"ESTATUTO Y ESCALAFON PARA EL PERSONAL DEL CONGRESO DE LA NACION, LEY 24600: MODIFICACIONES."},"('Firmantes', 'FIRMANTE')":{"('0030-D-2009', 0)":"MORANTE, ANTONIO ARNALDO MARIA"},"('Firmantes', 'DISTRITO')":{"('0030-D-2009', 0)":"CHACO"},"('Firmantes', 'BLOQUE')":{"('0030-D-2009', 0)":"FRENTE PARA LA VICTORIA - PJ"},"('Giros', 'COMISI\u00d3N')":{"('0030-D-2009', 0)":"LEGISLACION DEL TRABAJO"},"('Tramites', 'C\u00c1MARA')":{"('0030-D-2009', 0)":"Diputados"},"('Tramites', 'MOVIMIENTO')":{"('0030-D-2009', 0)":"REPRODUCIDO POR EXPEDIENTE 0092-D-11"},"('Tramites', 'FECHA')":{"('0030-D-2009', 0)":null},"('Tramites', 'RESULTADO')":{"('0030-D-2009', 0)":null},"Link":{"('0030-D-2009', 0)":"https:\/\/www.hcdn.gob.ar\/proyectos\/textoCompleto.jsp?exp=0030-D-2009&tipo=LEY"},"Palabra Clave":{"('0030-D-2009', 0)":" "}}