{"Tipo de Proyecto":{"('0031-D-2009', 0)":"PROYECTO DE LEY","('0031-D-2009', 1)":null},"Iniciado en: ":{"('0031-D-2009', 0)":"Diputados","('0031-D-2009', 1)":null},"Expediente Diputados: ":{"('0031-D-2009', 0)":"0031-D-2009","('0031-D-2009', 1)":null},"Publicado en: ":{"('0031-D-2009', 0)":"Tr\u00e1mite Parlamentario N\u00b0 1","('0031-D-2009', 1)":null},"Fecha: ":{"('0031-D-2009', 0)":"02\/03\/2009","('0031-D-2009', 1)":null},"T\u00edtulo":{"('0031-D-2009', 0)":"CONVENIO MARCO DE LA ORGANIZACION MUNDIAL DE LA SALUD  PARA EL CONTROL DEL TABACO, ADOPTADO EN LA 56 ASAMBLEA MUNDIAL DE LA SALUD, GINEBRA, SUIZA, EL 21\/5\/2003. APROBACION.","('0031-D-2009', 1)":null},"('Firmantes', 'FIRMANTE')":{"('0031-D-2009', 0)":"MORANTE, ANTONIO ARNALDO MARIA","('0031-D-2009', 1)":null},"('Firmantes', 'DISTRITO')":{"('0031-D-2009', 0)":"CHACO","('0031-D-2009', 1)":null},"('Firmantes', 'BLOQUE')":{"('0031-D-2009', 0)":"FRENTE PARA LA VICTORIA - PJ","('0031-D-2009', 1)":null},"('Giros', 'COMISI\u00d3N')":{"('0031-D-2009', 0)":"RELACIONES EXTERIORES Y CULTO","('0031-D-2009', 1)":"PREVENCION DE ADICCIONES Y CONTROL DEL NARCOTRAFICO"},"('Tramites', 'C\u00c1MARA')":{"('0031-D-2009', 0)":"Diputados","('0031-D-2009', 1)":null},"('Tramites', 'MOVIMIENTO')":{"('0031-D-2009', 0)":"REPRODUCIDO POR EXPEDIENTE 0093-D-11","('0031-D-2009', 1)":null},"('Tramites', 'FECHA')":{"('0031-D-2009', 0)":null,"('0031-D-2009', 1)":null},"('Tramites', 'RESULTADO')":{"('0031-D-2009', 0)":null,"('0031-D-2009', 1)":null},"Link":{"('0031-D-2009', 0)":"https:\/\/www.hcdn.gob.ar\/proyectos\/textoCompleto.jsp?exp=0031-D-2009&tipo=LEY","('0031-D-2009', 1)":null},"Palabra Clave":{"('0031-D-2009', 0)":" ","('0031-D-2009', 1)":null}}