{"Tipo de Proyecto":{"('0033-PE-2009', 0)":"MENSAJE NRO: 1646\/09 Y PROYECTO DE LEY","('0033-PE-2009', 1)":null,"('0033-PE-2009', 2)":null,"('0033-PE-2009', 3)":null,"('0033-PE-2009', 4)":null},"Iniciado en: ":{"('0033-PE-2009', 0)":"Diputados","('0033-PE-2009', 1)":null,"('0033-PE-2009', 2)":null,"('0033-PE-2009', 3)":null,"('0033-PE-2009', 4)":null},"Expediente Diputados: ":{"('0033-PE-2009', 0)":"0033-PE-2009","('0033-PE-2009', 1)":null,"('0033-PE-2009', 2)":null,"('0033-PE-2009', 3)":null,"('0033-PE-2009', 4)":null},"Expediente Senado: ":{"('0033-PE-2009', 0)":"0083-CD-2009","('0033-PE-2009', 1)":null,"('0033-PE-2009', 2)":null,"('0033-PE-2009', 3)":null,"('0033-PE-2009', 4)":null},"Publicado en: ":{"('0033-PE-2009', 0)":"Tr\u00e1mite Parlamentario N\u00b0 152","('0033-PE-2009', 1)":null,"('0033-PE-2009', 2)":null,"('0033-PE-2009', 3)":null,"('0033-PE-2009', 4)":null},"Fecha: ":{"('0033-PE-2009', 0)":"04\/11\/2009","('0033-PE-2009', 1)":null,"('0033-PE-2009', 2)":null,"('0033-PE-2009', 3)":null,"('0033-PE-2009', 4)":null},"T\u00edtulo":{"('0033-PE-2009', 0)":"PRORROGAR LA VIGENCIA DE LA LEY 26204, DE EMERGENCIA ECONOMICA, PRORROGADA POR LAS LEYES 26339 Y 26456, HASTA EL 31 DE DICIEMBRE DE 2011.","('0033-PE-2009', 1)":null,"('0033-PE-2009', 2)":null,"('0033-PE-2009', 3)":null,"('0033-PE-2009', 4)":null},"('Firmantes', 'FIRMANTE')":{"('0033-PE-2009', 0)":"FERNANDEZ DE KIRCHNER, CRISTINA","('0033-PE-2009', 1)":"BOUDOU, AMADO","('0033-PE-2009', 2)":"FERNANDEZ, ANIBAL","('0033-PE-2009', 3)":null,"('0033-PE-2009', 4)":null},"('Firmantes', 'DISTRITO')":{"('0033-PE-2009', 0)":null,"('0033-PE-2009', 1)":null,"('0033-PE-2009', 2)":null,"('0033-PE-2009', 3)":null,"('0033-PE-2009', 4)":null},"('Firmantes', 'BLOQUE')":{"('0033-PE-2009', 0)":"PODER EJECUTIVO","('0033-PE-2009', 1)":"PODER EJECUTIVO","('0033-PE-2009', 2)":"PODER EJECUTIVO","('0033-PE-2009', 3)":null,"('0033-PE-2009', 4)":null},"('Giros', 'COMISI\u00d3N')":{"('0033-PE-2009', 0)":"PRESUPUESTO Y HACIENDA","('0033-PE-2009', 1)":null,"('0033-PE-2009', 2)":null,"('0033-PE-2009', 3)":null,"('0033-PE-2009', 4)":null},"('Tramites', 'C\u00c1MARA')":{"('0033-PE-2009', 0)":"Diputados","('0033-PE-2009', 1)":"Diputados","('0033-PE-2009', 2)":"Diputados","('0033-PE-2009', 3)":"Senado","('0033-PE-2009', 4)":"Senado"},"('Tramites', 'MOVIMIENTO')":{"('0033-PE-2009', 0)":"MOCION DE PREFERENCIA PARA LA PROXIMA SESION CON DICTAMEN (AFIRMATIVA)","('0033-PE-2009', 1)":"CONSIDERACION Y APROBACION DEL DICTAMEN DE MAYORIA","('0033-PE-2009', 2)":"INSERCION DE LOS DIPUTADOS DIAZ BANCALARI, GIUDICI Y GONZALEZ","('0033-PE-2009', 3)":"PASA A SENADO -","('0033-PE-2009', 4)":"CONSIDERACION Y SANCION"},"('Tramites', 'FECHA')":{"('0033-PE-2009', 0)":"04\/11\/2009","('0033-PE-2009', 1)":"11\/11\/2009","('0033-PE-2009', 2)":"11\/11\/2009","('0033-PE-2009', 3)":null,"('0033-PE-2009', 4)":"25\/11\/2009"},"('Tramites', 'RESULTADO')":{"('0033-PE-2009', 0)":null,"('0033-PE-2009', 1)":"MEDIA SANCION","('0033-PE-2009', 2)":null,"('0033-PE-2009', 3)":null,"('0033-PE-2009', 4)":"SANCIONADO"},"Link":{"('0033-PE-2009', 0)":"https:\/\/www4.hcdn.gob.ar\/dependencias\/dsecretaria\/Periodo2009\/PDF2009\/TP2009\/0033-PE-09.pdf","('0033-PE-2009', 1)":null,"('0033-PE-2009', 2)":null,"('0033-PE-2009', 3)":null,"('0033-PE-2009', 4)":null},"Palabra Clave":{"('0033-PE-2009', 0)":" ","('0033-PE-2009', 1)":null,"('0033-PE-2009', 2)":null,"('0033-PE-2009', 3)":null,"('0033-PE-2009', 4)":null}}