{"Tipo de Proyecto":{"('0034-D-2009', 0)":"PROYECTO DE RESOLUCI\u00d3N"},"Iniciado en: ":{"('0034-D-2009', 0)":"Diputados"},"Expediente Diputados: ":{"('0034-D-2009', 0)":"0034-D-2009"},"Publicado en: ":{"('0034-D-2009', 0)":"Tr\u00e1mite Parlamentario N\u00b0 1"},"Fecha: ":{"('0034-D-2009', 0)":"02\/03\/2009"},"T\u00edtulo":{"('0034-D-2009', 0)":"EXPRESAR ADHESION A LA CELEBRACION DEL \"DIA INTERNACIONAL DE LA MUJER\", A REALIZARSE EL DIA 8 DE MARZO DE CADA A\u00d1O."},"('Firmantes', 'FIRMANTE')":{"('0034-D-2009', 0)":"MORANTE, ANTONIO ARNALDO MARIA"},"('Firmantes', 'DISTRITO')":{"('0034-D-2009', 0)":"CHACO"},"('Firmantes', 'BLOQUE')":{"('0034-D-2009', 0)":"FRENTE PARA LA VICTORIA - PJ"},"('Giros', 'COMISI\u00d3N')":{"('0034-D-2009', 0)":"FAMILIA, MUJER, NI\u00d1EZ Y ADOLESCENCIA"},"Link":{"('0034-D-2009', 0)":"https:\/\/www.hcdn.gob.ar\/proyectos\/textoCompleto.jsp?exp=0034-D-2009&tipo=RESOLUCION"},"Palabra Clave":{"('0034-D-2009', 0)":" "}}