{"Tipo de Proyecto":{"('0035-D-2009', 0)":"PROYECTO DE RESOLUCI\u00d3N","('0035-D-2009', 1)":null},"Iniciado en: ":{"('0035-D-2009', 0)":"Diputados","('0035-D-2009', 1)":null},"Expediente Diputados: ":{"('0035-D-2009', 0)":"0035-D-2009","('0035-D-2009', 1)":null},"Publicado en: ":{"('0035-D-2009', 0)":"Tr\u00e1mite Parlamentario N\u00b0 1","('0035-D-2009', 1)":null},"Fecha: ":{"('0035-D-2009', 0)":"02\/03\/2009","('0035-D-2009', 1)":null},"T\u00edtulo":{"('0035-D-2009', 0)":"RENDIR HOMENAJE A LA CONSTITUCION NACIONAL DE 1949, AL CONMEMORARSE EL 60 ANIVERSARIO DE SU SANCION, EL DIA 11 DE MARZO DE 2009.","('0035-D-2009', 1)":null},"('Firmantes', 'FIRMANTE')":{"('0035-D-2009', 0)":"MORANTE, ANTONIO ARNALDO MARIA","('0035-D-2009', 1)":null},"('Firmantes', 'DISTRITO')":{"('0035-D-2009', 0)":"CHACO","('0035-D-2009', 1)":null},"('Firmantes', 'BLOQUE')":{"('0035-D-2009', 0)":"FRENTE PARA LA VICTORIA - PJ","('0035-D-2009', 1)":null},"('Giros', 'COMISI\u00d3N')":{"('0035-D-2009', 0)":"LABOR PARLAMENTARIA","('0035-D-2009', 1)":null},"('Tramites', 'C\u00c1MARA')":{"('0035-D-2009', 0)":"Diputados","('0035-D-2009', 1)":"Diputados"},"('Tramites', 'MOVIMIENTO')":{"('0035-D-2009', 0)":"MOCION SOBRE TABLAS (PLAN DE LABOR) (AFIRMATIVA) CONJUNTAMENTE PARA LOS EXPEDIENTES 0035-D-2009 y 0154-D-2009","('0035-D-2009', 1)":"CONSIDERACION Y APROBACION CONJUNTAMENTE PARA LOS EXPEDIENTES 0035-D-2009 y 0154-D-2009"},"('Tramites', 'FECHA')":{"('0035-D-2009', 0)":"11\/03\/2009","('0035-D-2009', 1)":"11\/03\/2009"},"('Tramites', 'RESULTADO')":{"('0035-D-2009', 0)":null,"('0035-D-2009', 1)":"APROBADO"},"Link":{"('0035-D-2009', 0)":"https:\/\/www.hcdn.gob.ar\/proyectos\/textoCompleto.jsp?exp=0035-D-2009&tipo=RESOLUCION","('0035-D-2009', 1)":null},"Palabra Clave":{"('0035-D-2009', 0)":" ","('0035-D-2009', 1)":null}}