{"Tipo de Proyecto":{"('0036-PE-2009', 0)":"MENSAJE NRO: 1803\/09"},"Iniciado en: ":{"('0036-PE-2009', 0)":"Diputados"},"Expediente Diputados: ":{"('0036-PE-2009', 0)":"0036-PE-2009"},"Publicado en: ":{"('0036-PE-2009', 0)":"Tr\u00e1mite Parlamentario N\u00b0 166"},"Fecha: ":{"('0036-PE-2009', 0)":"24\/11\/2009"},"T\u00edtulo":{"('0036-PE-2009', 0)":"COMUNICACION DEL DECRETO 1802\/09 POR EL CUAL SE PRORROGAN LAS SESIONES ORDINARIAS HASTA EL 10 DE DICIEMBRE DE 2009."},"('Firmantes', 'FIRMANTE')":{"('0036-PE-2009', 0)":"FERNANDEZ DE KIRCHNER, CRISTINA"},"('Firmantes', 'DISTRITO')":{"('0036-PE-2009', 0)":null},"('Firmantes', 'BLOQUE')":{"('0036-PE-2009', 0)":"PODER EJECUTIVO"},"('Giros', 'COMISI\u00d3N')":{"('0036-PE-2009', 0)":"A LA PRESIDENCIA"},"Palabra Clave":{"('0036-PE-2009', 0)":" "}}