{"Tipo de Proyecto":{"('0036-OV-2009', 0)":"PROYECTO DE RESOLUCI\u00d3N"},"Iniciado en: ":{"('0036-OV-2009', 0)":"Senado"},"Expediente Senado: ":{"('0036-OV-2009', 0)":"0036-OV-2009"},"Fecha: ":{"('0036-OV-2009', 0)":"22\/09\/2009"},"T\u00edtulo":{"('0036-OV-2009', 0)":"RESOLUCIONES REMITIDAS POR LA AUDITORIA GENERAL DE LA NACION SOBRE LOS ESTADOS FINANCIEROS AL 31 DE AGOSTO DE 2008 DEL PROYECTO PNUD ARG\/02\/020 (0036-OV-09) Y SOBRE LOS ESTADOS FINANCIEROS AL 31 DE AGOSTO DE 2008 CORRESPONDIENTES AL CONTRATO DE PRESTAMO 1279\/OC-AR BID (0037-OV-09) EN EL AMBITO DEL PROGRAMA DE FORTALECIMIENTO INSTITUCIONAL DEL MINISTERIO DE RELACIONES EXTERIORES, COMERCIO INTERNACIONAL Y CULTO."},"('Firmantes', 'FIRMANTE')":{"('0036-OV-2009', 0)":"PARLAMENTARIA MIXTA REVISORA DE CUENTAS"},"('Firmantes', 'DISTRITO')":{"('0036-OV-2009', 0)":null},"('Firmantes', 'BLOQUE')":{"('0036-OV-2009', 0)":null},"('Tramites', 'C\u00c1MARA')":{"('0036-OV-2009', 0)":"Senado"},"('Tramites', 'MOVIMIENTO')":{"('0036-OV-2009', 0)":"CONSIDERACION Y APROBACION (AL ARCHIVO)"},"('Tramites', 'FECHA')":{"('0036-OV-2009', 0)":"02\/12\/2009"},"('Tramites', 'RESULTADO')":{"('0036-OV-2009', 0)":"APROBADO"},"Sumario":{"('0036-OV-2009', 0)":"HABIENDO TOMADO CONOCIMIENTO, Y SIN PERJUICIO DE ULTERIORES MEDIDAS QUE PUEDAN ADOPTARSE, SE ACONSEJA SU REMISION AL ARCHIVO."},"Palabra Clave":{"('0036-OV-2009', 0)":" "}}