{"Tipo de Proyecto":{"('0036-S-2009', 0)":"COMUNICACION"},"Iniciado en: ":{"('0036-S-2009', 0)":"Senado"},"Expediente Senado: ":{"('0036-S-2009', 0)":"0036-S-2009"},"Publicado en: ":{"('0036-S-2009', 0)":"Diario de Asuntos Entrados N\u00b0 2"},"Fecha: ":{"('0036-S-2009', 0)":"02\/03\/2009"},"T\u00edtulo":{"('0036-S-2009', 0)":"SOLICITAR AL PODER EJECUTIVO NACIONAL LA REGLAMENTACION DEL ARTICULO 43 DE LA LEY DE IMPUESTO AL VALOR AGREGADO, EN RELACION AL REINTEGRO DEL IMPUESTO, PARA LAS COMPRAS EFECTUADAS POR TURISTAS DEL EXTRANJERO, DE BIENES GRAVADOS PRODUCIDOS EN EL PAIS, QUE AQUELLOS TRASLADEN AL EXTERIOR."},"('Firmantes', 'FIRMANTE')":{"('0036-S-2009', 0)":"JENEFES, GUILLERMO RAUL"},"('Firmantes', 'DISTRITO')":{"('0036-S-2009', 0)":"JUJUY"},"('Firmantes', 'BLOQUE')":{"('0036-S-2009', 0)":"FRENTE PARA LA VICTORIA - PJ"},"Link":{"('0036-S-2009', 0)":"http:\/\/www.senado.gov.ar\/parlamentario\/comisiones\/verExp\/36.09\/S\/PC"},"Palabra Clave":{"('0036-S-2009', 0)":" "}}