{"Tipo de Proyecto":{"('0037-D-2009', 0)":"PROYECTO DE LEY","('0037-D-2009', 1)":null,"('0037-D-2009', 2)":null},"Iniciado en: ":{"('0037-D-2009', 0)":"Diputados","('0037-D-2009', 1)":null,"('0037-D-2009', 2)":null},"Expediente Diputados: ":{"('0037-D-2009', 0)":"0037-D-2009","('0037-D-2009', 1)":null,"('0037-D-2009', 2)":null},"Publicado en: ":{"('0037-D-2009', 0)":"Tr\u00e1mite Parlamentario N\u00b0 1","('0037-D-2009', 1)":null,"('0037-D-2009', 2)":null},"Fecha: ":{"('0037-D-2009', 0)":"02\/03\/2009","('0037-D-2009', 1)":null,"('0037-D-2009', 2)":null},"T\u00edtulo":{"('0037-D-2009', 0)":"PROMOCION DEL PERSONAL DE FUERZAS DE SEGURIDAD, LEY 20774: INCLUSION DE LA POLICIA DE SEGURIDAD AEROPORTUARIA DENTRO DE LOS ALCANCES DEL ARTICULO 1 (REPRODUCCION DEL EXPEDIENTE 2435-D-07).","('0037-D-2009', 1)":null,"('0037-D-2009', 2)":null},"('Firmantes', 'FIRMANTE')":{"('0037-D-2009', 0)":"ITURRIETA, MIGUEL ANGEL","('0037-D-2009', 1)":null,"('0037-D-2009', 2)":null},"('Firmantes', 'DISTRITO')":{"('0037-D-2009', 0)":"MISIONES","('0037-D-2009', 1)":null,"('0037-D-2009', 2)":null},"('Firmantes', 'BLOQUE')":{"('0037-D-2009', 0)":"FRENTE PARA LA VICTORIA - PJ","('0037-D-2009', 1)":null,"('0037-D-2009', 2)":null},"('Giros', 'COMISI\u00d3N')":{"('0037-D-2009', 0)":"SEGURIDAD INTERIOR","('0037-D-2009', 1)":"PRESUPUESTO Y HACIENDA","('0037-D-2009', 2)":null},"('Tramites', 'C\u00c1MARA')":{"('0037-D-2009', 0)":"Diputados","('0037-D-2009', 1)":"Diputados","('0037-D-2009', 2)":"Senado"},"('Tramites', 'MOVIMIENTO')":{"('0037-D-2009', 0)":"RESOLUCION DE PRESIDENCIA - SE SUPRIME EL GIRO A LA COMISION DE LEGISLACION PENAL.","('0037-D-2009', 1)":"CONSIDERACION Y APROBACION CONJUNTAMENTE PARA LOS EXPEDIENTES 0045-S-2007, 0146-S-2007, 0046-PE-2008 y 0037-D-2009","('0037-D-2009', 2)":"VUELVE A SENADO - CONJUNTAMENTE PARA LOS EXPEDIENTES 0045-S-2007, 0146-S-2007, 0046-PE-2008 y 0037-D-2009"},"('Tramites', 'FECHA')":{"('0037-D-2009', 0)":"20\/05\/2009","('0037-D-2009', 1)":"28\/10\/2009","('0037-D-2009', 2)":null},"('Tramites', 'RESULTADO')":{"('0037-D-2009', 0)":null,"('0037-D-2009', 1)":"MEDIA SANCION","('0037-D-2009', 2)":null},"Palabra Clave":{"('0037-D-2009', 0)":" ","('0037-D-2009', 1)":null,"('0037-D-2009', 2)":null}}