{"Tipo de Proyecto":{"('0037-S-2009', 0)":"PROYECTO DE DECLARACI\u00d3N"},"Iniciado en: ":{"('0037-S-2009', 0)":"Senado"},"Expediente Senado: ":{"('0037-S-2009', 0)":"0037-S-2009"},"Publicado en: ":{"('0037-S-2009', 0)":"Diario de Asuntos Entrados N\u00b0 2"},"Fecha: ":{"('0037-S-2009', 0)":"02\/03\/2009"},"T\u00edtulo":{"('0037-S-2009', 0)":"EXPRESAR BENEPLACITO POR LA EXITOSA GIRA DE LA CAMERATA JUJUY DE LA ORQUESTA INFANTO JUVENIL, POR LA REPUBLICA DE CHILE."},"('Firmantes', 'FIRMANTE')":{"('0037-S-2009', 0)":"JENEFES, GUILLERMO RAUL"},"('Firmantes', 'DISTRITO')":{"('0037-S-2009', 0)":"JUJUY"},"('Firmantes', 'BLOQUE')":{"('0037-S-2009', 0)":"FRENTE PARA LA VICTORIA - PJ"},"('Tramites', 'C\u00c1MARA')":{"('0037-S-2009', 0)":"Senado"},"('Tramites', 'MOVIMIENTO')":{"('0037-S-2009', 0)":"CONSIDERACION Y APROBACION"},"('Tramites', 'FECHA')":{"('0037-S-2009', 0)":"08\/07\/2009"},"('Tramites', 'RESULTADO')":{"('0037-S-2009', 0)":"APROBADO"},"Link":{"('0037-S-2009', 0)":"http:\/\/www.senado.gov.ar\/parlamentario\/comisiones\/verExp\/37.09\/S\/PD"},"Palabra Clave":{"('0037-S-2009', 0)":" "}}