{"Tipo de Proyecto":{"('0038-PE-2009', 0)":"MENSAJE NRO: 1808\/09","('0038-PE-2009', 1)":null,"('0038-PE-2009', 2)":null},"Iniciado en: ":{"('0038-PE-2009', 0)":"Diputados","('0038-PE-2009', 1)":null,"('0038-PE-2009', 2)":null},"Expediente Diputados: ":{"('0038-PE-2009', 0)":"0038-PE-2009","('0038-PE-2009', 1)":null,"('0038-PE-2009', 2)":null},"Publicado en: ":{"('0038-PE-2009', 0)":"Tr\u00e1mite Parlamentario N\u00b0 166","('0038-PE-2009', 1)":null,"('0038-PE-2009', 2)":null},"Fecha: ":{"('0038-PE-2009', 0)":"24\/11\/2009","('0038-PE-2009', 1)":null,"('0038-PE-2009', 2)":null},"T\u00edtulo":{"('0038-PE-2009', 0)":"COMUNICACION DEL DECRETO 1807\/09, POR EL CUAL SE APRUEBA EL PLAN DE ACCION Y EL PRESUPUESTO DE GASTOS PARA EL EJERCICIO 2009 CORRESPONDIENTE AL BANCO CENTRAL DE LA REPUBLICA ARGENTINA.","('0038-PE-2009', 1)":null,"('0038-PE-2009', 2)":null},"('Firmantes', 'FIRMANTE')":{"('0038-PE-2009', 0)":"FERNANDEZ DE KIRCHNER, CRISTINA","('0038-PE-2009', 1)":"FERNANDEZ, ANIBAL","('0038-PE-2009', 2)":"BOUDOU, AMADO"},"('Firmantes', 'DISTRITO')":{"('0038-PE-2009', 0)":null,"('0038-PE-2009', 1)":null,"('0038-PE-2009', 2)":null},"('Firmantes', 'BLOQUE')":{"('0038-PE-2009', 0)":"PODER EJECUTIVO","('0038-PE-2009', 1)":"PODER EJECUTIVO","('0038-PE-2009', 2)":"PODER EJECUTIVO"},"('Giros', 'COMISI\u00d3N')":{"('0038-PE-2009', 0)":"FINANZAS","('0038-PE-2009', 1)":"PRESUPUESTO Y HACIENDA","('0038-PE-2009', 2)":null},"Link":{"('0038-PE-2009', 0)":"https:\/\/www4.hcdn.gob.ar\/dependencias\/dsecretaria\/Periodo2009\/PDF2009\/TP2009\/0038-PE-09.pdf","('0038-PE-2009', 1)":null,"('0038-PE-2009', 2)":null},"Palabra Clave":{"('0038-PE-2009', 0)":" ","('0038-PE-2009', 1)":null,"('0038-PE-2009', 2)":null}}