{"Tipo de Proyecto":{"('0038-S-2009', 0)":"PROYECTO DE LEY"},"Iniciado en: ":{"('0038-S-2009', 0)":"Senado"},"Expediente Senado: ":{"('0038-S-2009', 0)":"0038-S-2009"},"Publicado en: ":{"('0038-S-2009', 0)":"Diario de Asuntos Entrados N\u00b0 2"},"Fecha: ":{"('0038-S-2009', 0)":"02\/03\/2009"},"T\u00edtulo":{"('0038-S-2009', 0)":"PROMOCION DE LA REGION PUNA JUJE\u00d1A: AMBITO DE APLICACION, ALCANCES Y OBJETIVOS, TRATAMIENTO FISCAL Y BENEFICIOS CREDITICIOS, DISPOSICIONES GENERALES."},"('Firmantes', 'FIRMANTE')":{"('0038-S-2009', 0)":"JENEFES, GUILLERMO RAUL"},"('Firmantes', 'DISTRITO')":{"('0038-S-2009', 0)":"JUJUY"},"('Firmantes', 'BLOQUE')":{"('0038-S-2009', 0)":"FRENTE PARA LA VICTORIA - PJ"},"Link":{"('0038-S-2009', 0)":"http:\/\/www.senado.gov.ar\/parlamentario\/comisiones\/verExp\/38.09\/S\/PL"},"Palabra Clave":{"('0038-S-2009', 0)":" "}}