{"Tipo de Proyecto":{"('0039-D-2009', 0)":"PROYECTO DE LEY","('0039-D-2009', 1)":null},"Iniciado en: ":{"('0039-D-2009', 0)":"Diputados","('0039-D-2009', 1)":null},"Expediente Diputados: ":{"('0039-D-2009', 0)":"0039-D-2009","('0039-D-2009', 1)":null},"Publicado en: ":{"('0039-D-2009', 0)":"Tr\u00e1mite Parlamentario N\u00b0 1","('0039-D-2009', 1)":null},"Fecha: ":{"('0039-D-2009', 0)":"02\/03\/2009","('0039-D-2009', 1)":null},"T\u00edtulo":{"('0039-D-2009', 0)":"CREACION DEL PROGRAMA NACIONAL DE EDUCACION VIAL CONFORME LAS DISPOSICIONES DE LA LEY 23348: OBJETIVOS, ENSE\u00d1ANZA, CREACION DE LA COMISION NACIONAL DE EDUCACION VIAL (REPRODUCCION DEL EXPEDIENTE 1800-D-07).","('0039-D-2009', 1)":null},"('Firmantes', 'FIRMANTE')":{"('0039-D-2009', 0)":"ITURRIETA, MIGUEL ANGEL","('0039-D-2009', 1)":null},"('Firmantes', 'DISTRITO')":{"('0039-D-2009', 0)":"MISIONES","('0039-D-2009', 1)":null},"('Firmantes', 'BLOQUE')":{"('0039-D-2009', 0)":"FRENTE PARA LA VICTORIA - PJ","('0039-D-2009', 1)":null},"('Giros', 'COMISI\u00d3N')":{"('0039-D-2009', 0)":"EDUCACION","('0039-D-2009', 1)":"TRANSPORTES"},"('Tramites', 'C\u00c1MARA')":{"('0039-D-2009', 0)":"Diputados","('0039-D-2009', 1)":null},"('Tramites', 'MOVIMIENTO')":{"('0039-D-2009', 0)":"SOLICITUD DE SER ADHERENTE DEL DIPUTADO RUIZ (A SUS ANTECEDENTES)","('0039-D-2009', 1)":null},"('Tramites', 'FECHA')":{"('0039-D-2009', 0)":"20\/05\/2009","('0039-D-2009', 1)":null},"('Tramites', 'RESULTADO')":{"('0039-D-2009', 0)":null,"('0039-D-2009', 1)":null},"Palabra Clave":{"('0039-D-2009', 0)":" ","('0039-D-2009', 1)":null}}