{"Tipo de Proyecto":{"('0039-PE-2009', 0)":"MENSAJE NRO: 1838\/09 Y PROYECTO DE LEY","('0039-PE-2009', 1)":null,"('0039-PE-2009', 2)":null,"('0039-PE-2009', 3)":null},"Iniciado en: ":{"('0039-PE-2009', 0)":"Diputados","('0039-PE-2009', 1)":null,"('0039-PE-2009', 2)":null,"('0039-PE-2009', 3)":null},"Expediente Diputados: ":{"('0039-PE-2009', 0)":"0039-PE-2009","('0039-PE-2009', 1)":null,"('0039-PE-2009', 2)":null,"('0039-PE-2009', 3)":null},"Publicado en: ":{"('0039-PE-2009', 0)":"Tr\u00e1mite Parlamentario N\u00b0 168","('0039-PE-2009', 1)":null,"('0039-PE-2009', 2)":null,"('0039-PE-2009', 3)":null},"Fecha: ":{"('0039-PE-2009', 0)":"26\/11\/2009","('0039-PE-2009', 1)":null,"('0039-PE-2009', 2)":null,"('0039-PE-2009', 3)":null},"T\u00edtulo":{"('0039-PE-2009', 0)":"MODIFICACION DE LA LEY 25922, SOBRE REGIMEN DE PROMOCION DE LA INDUSTRIA DEL SOFTWARE Y SERVICIOS INFORMATICOS.","('0039-PE-2009', 1)":null,"('0039-PE-2009', 2)":null,"('0039-PE-2009', 3)":null},"('Firmantes', 'FIRMANTE')":{"('0039-PE-2009', 0)":"FERNANDEZ DE KIRCHNER, CRISTINA","('0039-PE-2009', 1)":"FERNANDEZ, ANIBAL","('0039-PE-2009', 2)":"BOUDOU, AMADO","('0039-PE-2009', 3)":"GIORGI, DEBORA"},"('Firmantes', 'DISTRITO')":{"('0039-PE-2009', 0)":null,"('0039-PE-2009', 1)":null,"('0039-PE-2009', 2)":null,"('0039-PE-2009', 3)":null},"('Firmantes', 'BLOQUE')":{"('0039-PE-2009', 0)":"PODER EJECUTIVO","('0039-PE-2009', 1)":"PODER EJECUTIVO","('0039-PE-2009', 2)":"PODER EJECUTIVO","('0039-PE-2009', 3)":"PODER EJECUTIVO"},"('Giros', 'COMISI\u00d3N')":{"('0039-PE-2009', 0)":"INDUSTRIA","('0039-PE-2009', 1)":"COMUNICACIONES E INFORMATICA","('0039-PE-2009', 2)":"PRESUPUESTO Y HACIENDA","('0039-PE-2009', 3)":null},"Sumario":{"('0039-PE-2009', 0)":"SUSTITUCION DE LOS ARTICULOS 1 (ALCANCES Y VIGENCIA), 2 (PERSONAS JURIDICAS QUE PODRAN ADHERIRSE, CONDICIONES), 3 (INSCRIPCION), 7 (ESTABILIDAD FISCAL), 8 (BONO DE CREDITO FISCAL), 9 (REDUCCION EN EL MONTO DEL IMPUESTO A LAS GANANCIAS), 10 (CERTIFICACION DE CALIDAD), 20 (SANCIONES) Y 24 (FACULTADES DE LA AUTORIDAD DE APLICACION); INCORPORACION DE LOS ARTICULOS 8 BIS (LOS BENEFICIARIOS NO SERAN SUJETOS PASIBLES DE RETENCIONES NI PERCEPCIONES DEL IMPUESTO AL VALOR AGREGADO) Y 10 BIS (SUJETOS YA INSCRIPTOS, OPCION).","('0039-PE-2009', 1)":null,"('0039-PE-2009', 2)":null,"('0039-PE-2009', 3)":null},"Palabra Clave":{"('0039-PE-2009', 0)":" ","('0039-PE-2009', 1)":null,"('0039-PE-2009', 2)":null,"('0039-PE-2009', 3)":null}}