{"Tipo de Proyecto":{"('0040-PE-2009', 0)":"MENSAJE NRO: 1950\/09"},"Iniciado en: ":{"('0040-PE-2009', 0)":"Diputados"},"Expediente Diputados: ":{"('0040-PE-2009', 0)":"0040-PE-2009"},"Publicado en: ":{"('0040-PE-2009', 0)":"Tr\u00e1mite Parlamentario N\u00b0 175"},"Fecha: ":{"('0040-PE-2009', 0)":"10\/12\/2009"},"T\u00edtulo":{"('0040-PE-2009', 0)":"COMUNICACION DEL DICTADO DEL DECRETO 1949\/09 POR EL CUAL SE APRUEBA EL CALCULO DE LA INCIDENCIA QUE LAS VARIACIONES DE PRECIOS OPERADAS DESDE NOVIEMBRE 2007 HASTA MAYO 2009 HAN TENIDO EN LOS COSTOS RELACIONADOS EN LA OPERACION, MANTENIMIENTO E INVERSIONES INCLUIDAS EN EL PLAN ECONOMICO FINANCIERO - PEF - DE LA CONCESION DE LA EMPRESA CONCESIONARIA AUTOPISTAS DEL SOL S.A."},"('Firmantes', 'FIRMANTE')":{"('0040-PE-2009', 0)":"FERNANDEZ DE KIRCHNER, CRISTINA"},"('Firmantes', 'DISTRITO')":{"('0040-PE-2009', 0)":null},"('Firmantes', 'BLOQUE')":{"('0040-PE-2009', 0)":"PODER EJECUTIVO"},"('Giros', 'COMISI\u00d3N')":{"('0040-PE-2009', 0)":"BICAMERAL DE REFORMA DEL ESTADO Y SEGUIMIENTO DE LAS PRIVATIZACIONES (LEY 23696)"},"Palabra Clave":{"('0040-PE-2009', 0)":" "}}