{"Tipo de Proyecto":{"('0042-PE-2009', 0)":"MENSAJE NRO: 1992\/09","('0042-PE-2009', 1)":null,"('0042-PE-2009', 2)":null,"('0042-PE-2009', 3)":null},"Iniciado en: ":{"('0042-PE-2009', 0)":"Diputados","('0042-PE-2009', 1)":null,"('0042-PE-2009', 2)":null,"('0042-PE-2009', 3)":null},"Expediente Diputados: ":{"('0042-PE-2009', 0)":"0042-PE-2009","('0042-PE-2009', 1)":null,"('0042-PE-2009', 2)":null,"('0042-PE-2009', 3)":null},"Publicado en: ":{"('0042-PE-2009', 0)":"Tr\u00e1mite Parlamentario N\u00b0 175","('0042-PE-2009', 1)":null,"('0042-PE-2009', 2)":null,"('0042-PE-2009', 3)":null},"Fecha: ":{"('0042-PE-2009', 0)":"10\/12\/2009","('0042-PE-2009', 1)":null,"('0042-PE-2009', 2)":null,"('0042-PE-2009', 3)":null},"T\u00edtulo":{"('0042-PE-2009', 0)":"COMUNICACION DEL DECRETO 1991\/09 POR EL CUAL SE RATIFICAN LAS ACTAS ACUERDO SUSCRIPTAS POR LA UNIDAD DE RENEGOCIACION Y ANALISIS DE CONTRATOS DE SERVICIOS PUBLICOS Y LAS EMPRESAS CONCESIONARIAS TERMINALES RIO DE LA PLATA SA, TERMINALES PORTUARIAS ARGENTINAS S.A., TERMINAL 4 S.A. Y BUENOS AIRES CONTAINER TERMINAL SERVICES S.A.","('0042-PE-2009', 1)":null,"('0042-PE-2009', 2)":null,"('0042-PE-2009', 3)":null},"('Firmantes', 'FIRMANTE')":{"('0042-PE-2009', 0)":"FERNANDEZ DE KIRCHNER, CRISTINA","('0042-PE-2009', 1)":"FERNANDEZ, ANIBAL","('0042-PE-2009', 2)":"DE VIDO, JULIO","('0042-PE-2009', 3)":"BOUDOU, AMADO"},"('Firmantes', 'DISTRITO')":{"('0042-PE-2009', 0)":null,"('0042-PE-2009', 1)":null,"('0042-PE-2009', 2)":null,"('0042-PE-2009', 3)":null},"('Firmantes', 'BLOQUE')":{"('0042-PE-2009', 0)":"PODER EJECUTIVO","('0042-PE-2009', 1)":"PODER EJECUTIVO","('0042-PE-2009', 2)":"PODER EJECUTIVO","('0042-PE-2009', 3)":"PODER EJECUTIVO"},"('Giros', 'COMISI\u00d3N')":{"('0042-PE-2009', 0)":"BICAMERAL DE SEGUIMIENTO DE FACULTADES DELEGADAS AL PODER EJECUTIVO NACIONAL - LEY 25561","('0042-PE-2009', 1)":null,"('0042-PE-2009', 2)":null,"('0042-PE-2009', 3)":null},"Palabra Clave":{"('0042-PE-2009', 0)":" ","('0042-PE-2009', 1)":null,"('0042-PE-2009', 2)":null,"('0042-PE-2009', 3)":null}}