{"Tipo de Proyecto":{"('0042-D-2009', 0)":"PROYECTO DE LEY","('0042-D-2009', 1)":null,"('0042-D-2009', 2)":null},"Iniciado en: ":{"('0042-D-2009', 0)":"Diputados","('0042-D-2009', 1)":null,"('0042-D-2009', 2)":null},"Expediente Diputados: ":{"('0042-D-2009', 0)":"0042-D-2009","('0042-D-2009', 1)":null,"('0042-D-2009', 2)":null},"Publicado en: ":{"('0042-D-2009', 0)":"Tr\u00e1mite Parlamentario N\u00b0 1","('0042-D-2009', 1)":null,"('0042-D-2009', 2)":null},"Fecha: ":{"('0042-D-2009', 0)":"02\/03\/2009","('0042-D-2009', 1)":null,"('0042-D-2009', 2)":null},"T\u00edtulo":{"('0042-D-2009', 0)":"SERVICIOS PUBLICOS.","('0042-D-2009', 1)":null,"('0042-D-2009', 2)":null},"('Firmantes', 'FIRMANTE')":{"('0042-D-2009', 0)":"GALVALISI, LUIS ALBERTO","('0042-D-2009', 1)":null,"('0042-D-2009', 2)":null},"('Firmantes', 'DISTRITO')":{"('0042-D-2009', 0)":"CIUDAD de BUENOS AIRES","('0042-D-2009', 1)":null,"('0042-D-2009', 2)":null},"('Firmantes', 'BLOQUE')":{"('0042-D-2009', 0)":"PRO","('0042-D-2009', 1)":null,"('0042-D-2009', 2)":null},"('Giros', 'COMISI\u00d3N')":{"('0042-D-2009', 0)":"OBRAS PUBLICAS","('0042-D-2009', 1)":"DEFENSA DEL CONSUMIDOR","('0042-D-2009', 2)":"PRESUPUESTO Y HACIENDA"},"Link":{"('0042-D-2009', 0)":"https:\/\/www.hcdn.gob.ar\/proyectos\/textoCompleto.jsp?exp=0042-D-2009&tipo=LEY","('0042-D-2009', 1)":null,"('0042-D-2009', 2)":null},"Palabra Clave":{"('0042-D-2009', 0)":" ","('0042-D-2009', 1)":null,"('0042-D-2009', 2)":null}}