{"Tipo de Proyecto":{"('0045-S-2009', 0)":"PROYECTO DE DECLARACI\u00d3N","('0045-S-2009', 1)":null},"Iniciado en: ":{"('0045-S-2009', 0)":"Senado","('0045-S-2009', 1)":null},"Expediente Senado: ":{"('0045-S-2009', 0)":"0045-S-2009","('0045-S-2009', 1)":null},"Publicado en: ":{"('0045-S-2009', 0)":"Diario de Asuntos Entrados N\u00b0 2","('0045-S-2009', 1)":null},"Fecha: ":{"('0045-S-2009', 0)":"02\/03\/2009","('0045-S-2009', 1)":null},"T\u00edtulo":{"('0045-S-2009', 0)":"ADHERIR AL DIA FORESTAL MUNDIAL, QUE SE CELEBRA EL 21 DE MARZO DE 2009.","('0045-S-2009', 1)":null},"('Firmantes', 'FIRMANTE')":{"('0045-S-2009', 0)":"MASSONI, NORBERTO","('0045-S-2009', 1)":null},"('Firmantes', 'DISTRITO')":{"('0045-S-2009', 0)":"CHUBUT","('0045-S-2009', 1)":null},"('Firmantes', 'BLOQUE')":{"('0045-S-2009', 0)":"UCR","('0045-S-2009', 1)":null},"('Tramites', 'C\u00c1MARA')":{"('0045-S-2009', 0)":"Senado","('0045-S-2009', 1)":"Senado"},"('Tramites', 'MOVIMIENTO')":{"('0045-S-2009', 0)":"MOCION SOBRE TABLAS (AFIRMATIVA) CONJUNTAMENTE PARA LOS EXPEDIENTES 4442-S-2008, 0045-S-2009, 0230-S-2009 y 0248-S-2009","('0045-S-2009', 1)":"CONSIDERACION Y APROBACION CONJUNTAMENTE PARA LOS EXPEDIENTES 4442-S-2008, 0045-S-2009, 0230-S-2009 y 0248-S-2009"},"('Tramites', 'FECHA')":{"('0045-S-2009', 0)":"04\/03\/2009","('0045-S-2009', 1)":"04\/03\/2009"},"('Tramites', 'RESULTADO')":{"('0045-S-2009', 0)":null,"('0045-S-2009', 1)":"APROBADO"},"Link":{"('0045-S-2009', 0)":"http:\/\/www.senado.gov.ar\/parlamentario\/comisiones\/verExp\/45.09\/S\/PD","('0045-S-2009', 1)":null},"Palabra Clave":{"('0045-S-2009', 0)":" ","('0045-S-2009', 1)":null}}