{"Tipo de Proyecto":{"('0046-S-2009', 0)":"PROYECTO DE RESOLUCI\u00d3N","('0046-S-2009', 1)":null,"('0046-S-2009', 2)":null},"Iniciado en: ":{"('0046-S-2009', 0)":"Senado","('0046-S-2009', 1)":null,"('0046-S-2009', 2)":null},"Expediente Diputados: ":{"('0046-S-2009', 0)":"0046-S-2009","('0046-S-2009', 1)":null,"('0046-S-2009', 2)":null},"Expediente Senado: ":{"('0046-S-2009', 0)":"0149-OV-2009","('0046-S-2009', 1)":null,"('0046-S-2009', 2)":null},"Fecha: ":{"('0046-S-2009', 0)":"25\/11\/2009","('0046-S-2009', 1)":null,"('0046-S-2009', 2)":null},"T\u00edtulo":{"('0046-S-2009', 0)":"PEDIDO DE INFORMES AL PODER EJECUTIVO SOBRE RESOLUCION REMITIDA POR LA AUDITORIA GENERAL DE LA NACION APROBANDO UN INFORME DE EXAMEN ESPECIAL REFERIDO A LA VERIFICACION DEL CUMPLIMIENTO DE LA CIRCULAR 3\/93 AGN, RESPECTO DE LA INFORMACION SUMINISTRADA POR EL ENTE NACIONAL REGULADOR DE LA ELECTRICIDAD (ENRE) SOBRE CONTRATACIONES RELEVANTES, CONTRATACIONES NO SIGNIFICATIVAS Y ACTOS DE SIGNIFICACION ECONOMICA, EN EL PERIODO COMPRENDIDO ENTRE EL 1 DE ENERO DE 2007 Y EL 31 DE DICIEMBRE DE 2007.","('0046-S-2009', 1)":null,"('0046-S-2009', 2)":null},"('Firmantes', 'FIRMANTE')":{"('0046-S-2009', 0)":"PARLAMENTARIA MIXTA REVISORA DE CUENTAS","('0046-S-2009', 1)":null,"('0046-S-2009', 2)":null},"('Firmantes', 'DISTRITO')":{"('0046-S-2009', 0)":null,"('0046-S-2009', 1)":null,"('0046-S-2009', 2)":null},"('Firmantes', 'BLOQUE')":{"('0046-S-2009', 0)":null,"('0046-S-2009', 1)":null,"('0046-S-2009', 2)":null},"('Giros', 'COMISI\u00d3N')":{"('0046-S-2009', 0)":"PARLAMENTARIA MIXTA REVISORA DE CUENTAS","('0046-S-2009', 1)":null,"('0046-S-2009', 2)":null},"('Tramites', 'C\u00c1MARA')":{"('0046-S-2009', 0)":"Senado","('0046-S-2009', 1)":"Diputados","('0046-S-2009', 2)":"Diputados"},"('Tramites', 'MOVIMIENTO')":{"('0046-S-2009', 0)":"CONSIDERACION Y APROBACION","('0046-S-2009', 1)":"PASA A DIPUTADOS -","('0046-S-2009', 2)":"CONSIDERACION Y APROBACION"},"('Tramites', 'FECHA')":{"('0046-S-2009', 0)":"30\/03\/2011","('0046-S-2009', 1)":null,"('0046-S-2009', 2)":"27\/06\/2012"},"('Tramites', 'RESULTADO')":{"('0046-S-2009', 0)":"APROBADO","('0046-S-2009', 1)":null,"('0046-S-2009', 2)":"APROBADO"},"Link":{"('0046-S-2009', 0)":"http:\/\/www.senado.gov.ar\/parlamentario\/comisiones\/verExp\/149.09\/OV\/PR","('0046-S-2009', 1)":null,"('0046-S-2009', 2)":null},"Palabra Clave":{"('0046-S-2009', 0)":" ","('0046-S-2009', 1)":null,"('0046-S-2009', 2)":null}}