{"Tipo de Proyecto":{"('0047-S-2009', 0)":"PROYECTO DE DECLARACI\u00d3N","('0047-S-2009', 1)":null},"Iniciado en: ":{"('0047-S-2009', 0)":"Senado","('0047-S-2009', 1)":null},"Expediente Senado: ":{"('0047-S-2009', 0)":"0047-S-2009","('0047-S-2009', 1)":null},"Publicado en: ":{"('0047-S-2009', 0)":"Diario de Asuntos Entrados N\u00b0 2","('0047-S-2009', 1)":null},"Fecha: ":{"('0047-S-2009', 0)":"02\/03\/2009","('0047-S-2009', 1)":null},"T\u00edtulo":{"('0047-S-2009', 0)":"ADHERIR AL DIA MUNDIAL DE LA MEMORIA POR LA VERDAD Y LA JUSTICIA EL 24 DE MARZO. ","('0047-S-2009', 1)":null},"('Firmantes', 'FIRMANTE')":{"('0047-S-2009', 0)":"MASSONI, NORBERTO","('0047-S-2009', 1)":null},"('Firmantes', 'DISTRITO')":{"('0047-S-2009', 0)":"CHUBUT","('0047-S-2009', 1)":null},"('Firmantes', 'BLOQUE')":{"('0047-S-2009', 0)":"UCR","('0047-S-2009', 1)":null},"('Tramites', 'C\u00c1MARA')":{"('0047-S-2009', 0)":"Senado","('0047-S-2009', 1)":"Senado"},"('Tramites', 'MOVIMIENTO')":{"('0047-S-2009', 0)":"MOCION SOBRE TABLAS (AFIRMATIVA) CONJUNTAMENTE PARA LOS EXPEDIENTES 0047-S-2009 y 0149-S-2009","('0047-S-2009', 1)":"CONSIDERACION Y APROBACION CONJUNTAMENTE PARA LOS EXPEDIENTES 0047-S-2009 y 0149-S-2009"},"('Tramites', 'FECHA')":{"('0047-S-2009', 0)":"04\/03\/2009","('0047-S-2009', 1)":"04\/03\/2009"},"('Tramites', 'RESULTADO')":{"('0047-S-2009', 0)":null,"('0047-S-2009', 1)":"APROBADO"},"Link":{"('0047-S-2009', 0)":"http:\/\/www.senado.gov.ar\/parlamentario\/comisiones\/verExp\/47.09\/S\/PD","('0047-S-2009', 1)":null},"Palabra Clave":{"('0047-S-2009', 0)":" ","('0047-S-2009', 1)":null}}