{"Tipo de Proyecto":{"('0047-PE-2009', 0)":"MENSAJE NRO: 0205\/09","('0047-PE-2009', 1)":null,"('0047-PE-2009', 2)":null},"Iniciado en: ":{"('0047-PE-2009', 0)":"Diputados","('0047-PE-2009', 1)":null,"('0047-PE-2009', 2)":null},"Expediente Diputados: ":{"('0047-PE-2009', 0)":"0047-PE-2009","('0047-PE-2009', 1)":null,"('0047-PE-2009', 2)":null},"Publicado en: ":{"('0047-PE-2009', 0)":"Tr\u00e1mite Parlamentario N\u00b0 180","('0047-PE-2009', 1)":null,"('0047-PE-2009', 2)":null},"Fecha: ":{"('0047-PE-2009', 0)":"08\/02\/2010","('0047-PE-2009', 1)":null,"('0047-PE-2009', 2)":null},"T\u00edtulo":{"('0047-PE-2009', 0)":"COMUNICACION DEL DECRETO 174\/2010, POR EL CUAL SE CONVALIDA EL PRESUPUESTO DE GASTOS E INVERSIONES Y EL PLAN DE ACCION CORRESPONDIENTE AL EJERCICIO 2008 DEL BANCO DE LA NACION ARGENTINA.","('0047-PE-2009', 1)":null,"('0047-PE-2009', 2)":null},"('Firmantes', 'FIRMANTE')":{"('0047-PE-2009', 0)":"FERNANDEZ DE KIRCHNER, CRISTINA","('0047-PE-2009', 1)":"FERNANDEZ, ANIBAL","('0047-PE-2009', 2)":"BOUDOU, AMADO"},"('Firmantes', 'DISTRITO')":{"('0047-PE-2009', 0)":null,"('0047-PE-2009', 1)":null,"('0047-PE-2009', 2)":null},"('Firmantes', 'BLOQUE')":{"('0047-PE-2009', 0)":"PODER EJECUTIVO","('0047-PE-2009', 1)":"PODER EJECUTIVO","('0047-PE-2009', 2)":"PODER EJECUTIVO"},"('Giros', 'COMISI\u00d3N')":{"('0047-PE-2009', 0)":"PRESUPUESTO Y HACIENDA","('0047-PE-2009', 1)":"FINANZAS","('0047-PE-2009', 2)":null},"Palabra Clave":{"('0047-PE-2009', 0)":" ","('0047-PE-2009', 1)":null,"('0047-PE-2009', 2)":null}}