{"Tipo de Proyecto":{"('0048-PE-2009', 0)":"MENSAJE NRO: 0278\/09","('0048-PE-2009', 1)":null},"Iniciado en: ":{"('0048-PE-2009', 0)":"Diputados","('0048-PE-2009', 1)":null},"Expediente Diputados: ":{"('0048-PE-2009', 0)":"0048-PE-2009","('0048-PE-2009', 1)":null},"Publicado en: ":{"('0048-PE-2009', 0)":"Tr\u00e1mite Parlamentario N\u00b0 184","('0048-PE-2009', 1)":null},"Fecha: ":{"('0048-PE-2009', 0)":"21\/02\/2010","('0048-PE-2009', 1)":null},"T\u00edtulo":{"('0048-PE-2009', 0)":"COMUNICACION DEL DECRETO 277\/2010, POR EL CUAL SE SE\u00d1ALA LAS 11:00 HORAS DEL DIA 1 DE MARZO DEL A\u00d1O 2010, PARA LA SOLEMNE APERTURA DE LAS SESIONES ORDINARIAS.","('0048-PE-2009', 1)":null},"('Firmantes', 'FIRMANTE')":{"('0048-PE-2009', 0)":"FERNANDEZ DE KIRCHNER, CRISTINA","('0048-PE-2009', 1)":"FERNANDEZ, ANIBAL"},"('Firmantes', 'DISTRITO')":{"('0048-PE-2009', 0)":null,"('0048-PE-2009', 1)":null},"('Firmantes', 'BLOQUE')":{"('0048-PE-2009', 0)":"PODER EJECUTIVO","('0048-PE-2009', 1)":"PODER EJECUTIVO"},"('Giros', 'COMISI\u00d3N')":{"('0048-PE-2009', 0)":"A LA PRESIDENCIA","('0048-PE-2009', 1)":null},"Palabra Clave":{"('0048-PE-2009', 0)":" ","('0048-PE-2009', 1)":null}}