{"Tipo de Proyecto":{"('0048-S-2009', 0)":"PROYECTO DE DECLARACI\u00d3N"},"Iniciado en: ":{"('0048-S-2009', 0)":"Senado"},"Expediente Senado: ":{"('0048-S-2009', 0)":"0048-S-2009"},"Publicado en: ":{"('0048-S-2009', 0)":"Diario de Asuntos Entrados N\u00b0 2"},"Fecha: ":{"('0048-S-2009', 0)":"02\/03\/2009"},"T\u00edtulo":{"('0048-S-2009', 0)":"ADHERIR AL DIA DEL MERCOSUR, EL 26 DE MARZO DE 2009."},"('Firmantes', 'FIRMANTE')":{"('0048-S-2009', 0)":"MASSONI, NORBERTO"},"('Firmantes', 'DISTRITO')":{"('0048-S-2009', 0)":"CHUBUT"},"('Firmantes', 'BLOQUE')":{"('0048-S-2009', 0)":"UCR"},"('Tramites', 'C\u00c1MARA')":{"('0048-S-2009', 0)":"Senado"},"('Tramites', 'MOVIMIENTO')":{"('0048-S-2009', 0)":"CONSIDERACION Y APROBACION CONJUNTAMENTE PARA LOS EXPEDIENTES 0048-S-2009, 0103-S-2009, 0139-S-2009, 0558-S-2009, 0661-S-2009 y 0741-S-2009"},"('Tramites', 'FECHA')":{"('0048-S-2009', 0)":"08\/07\/2009"},"('Tramites', 'RESULTADO')":{"('0048-S-2009', 0)":"APROBADO"},"Link":{"('0048-S-2009', 0)":"http:\/\/www.senado.gov.ar\/parlamentario\/comisiones\/verExp\/48.09\/S\/PD"},"Palabra Clave":{"('0048-S-2009', 0)":" "}}