{"Tipo de Proyecto":{"('0048-D-2009', 0)":"PROYECTO DE LEY","('0048-D-2009', 1)":null},"Iniciado en: ":{"('0048-D-2009', 0)":"Diputados","('0048-D-2009', 1)":null},"Expediente Diputados: ":{"('0048-D-2009', 0)":"0048-D-2009","('0048-D-2009', 1)":null},"Publicado en: ":{"('0048-D-2009', 0)":"Tr\u00e1mite Parlamentario N\u00b0 1","('0048-D-2009', 1)":null},"Fecha: ":{"('0048-D-2009', 0)":"02\/03\/2009","('0048-D-2009', 1)":null},"T\u00edtulo":{"('0048-D-2009', 0)":"CREACION DE LA COMISION BICAMERAL PERMANENTE DE ORGANIZACION E INTEGRACION DEL MINISTERIO PUBLICO.","('0048-D-2009', 1)":null},"('Firmantes', 'FIRMANTE')":{"('0048-D-2009', 0)":"GALVALISI, LUIS ALBERTO","('0048-D-2009', 1)":null},"('Firmantes', 'DISTRITO')":{"('0048-D-2009', 0)":"CIUDAD de BUENOS AIRES","('0048-D-2009', 1)":null},"('Firmantes', 'BLOQUE')":{"('0048-D-2009', 0)":"PRO","('0048-D-2009', 1)":null},"('Giros', 'COMISI\u00d3N')":{"('0048-D-2009', 0)":"PETICIONES, PODERES Y REGLAMENTO","('0048-D-2009', 1)":"JUSTICIA"},"Link":{"('0048-D-2009', 0)":"https:\/\/www.hcdn.gob.ar\/proyectos\/textoCompleto.jsp?exp=0048-D-2009&tipo=LEY","('0048-D-2009', 1)":null},"Palabra Clave":{"('0048-D-2009', 0)":" ","('0048-D-2009', 1)":null}}