{"Tipo de Proyecto":{"('0050-S-2009', 0)":"PROYECTO DE DECLARACI\u00d3N"},"Iniciado en: ":{"('0050-S-2009', 0)":"Senado"},"Expediente Senado: ":{"('0050-S-2009', 0)":"0050-S-2009"},"Publicado en: ":{"('0050-S-2009', 0)":"Diario de Asuntos Entrados N\u00b0 2"},"Fecha: ":{"('0050-S-2009', 0)":"02\/03\/2009"},"T\u00edtulo":{"('0050-S-2009', 0)":"EXPRESAR BENEPLACITO POR LA APROBACION DE LA DECLARACION MD\/2009\/05 POR PARTE DE LA MESA DIRECTIVA DEL PARLAMENTO LATINOAMERICANO EL PASADO 24 DE FEBRERO DE 2009, A TRAVES DE LA CUAL SE APOYAN LOS LEGITIMOS DERECHOS DE LA REPUBLICA ARGENTINA EN LA DISPUTA DE LA SOBERANIA CON EL REINO UNIDO EN RELACION CON LAS ISLAS MALVINAS."},"('Firmantes', 'FIRMANTE')":{"('0050-S-2009', 0)":"ESCUDERO, SONIA MARGARITA"},"('Firmantes', 'DISTRITO')":{"('0050-S-2009', 0)":"SALTA"},"('Firmantes', 'BLOQUE')":{"('0050-S-2009', 0)":"JUSTICIALISTA 8 DE OCTUBRE"},"Link":{"('0050-S-2009', 0)":"http:\/\/www.senado.gov.ar\/parlamentario\/comisiones\/verExp\/50.09\/S\/PD"},"Palabra Clave":{"('0050-S-2009', 0)":" "}}