{"Tipo de Proyecto":{"('0050-D-2009', 0)":"PROYECTO DE LEY","('0050-D-2009', 1)":null},"Iniciado en: ":{"('0050-D-2009', 0)":"Diputados","('0050-D-2009', 1)":null},"Expediente Diputados: ":{"('0050-D-2009', 0)":"0050-D-2009","('0050-D-2009', 1)":null},"Publicado en: ":{"('0050-D-2009', 0)":"Tr\u00e1mite Parlamentario N\u00b0 1","('0050-D-2009', 1)":null},"Fecha: ":{"('0050-D-2009', 0)":"02\/03\/2009","('0050-D-2009', 1)":null},"T\u00edtulo":{"('0050-D-2009', 0)":"DECLARACION VITAL DE VOLUNTAD DE PACIENTES TERMINALES O DE MUERTE INMINENTE.","('0050-D-2009', 1)":null},"('Firmantes', 'FIRMANTE')":{"('0050-D-2009', 0)":"GALVALISI, LUIS ALBERTO","('0050-D-2009', 1)":null},"('Firmantes', 'DISTRITO')":{"('0050-D-2009', 0)":"CIUDAD de BUENOS AIRES","('0050-D-2009', 1)":null},"('Firmantes', 'BLOQUE')":{"('0050-D-2009', 0)":"PRO","('0050-D-2009', 1)":null},"('Giros', 'COMISI\u00d3N')":{"('0050-D-2009', 0)":"ACCION SOCIAL Y SALUD PUBLICA","('0050-D-2009', 1)":"LEGISLACION GENERAL"},"Link":{"('0050-D-2009', 0)":"https:\/\/www.hcdn.gob.ar\/proyectos\/textoCompleto.jsp?exp=0050-D-2009&tipo=LEY","('0050-D-2009', 1)":null},"Palabra Clave":{"('0050-D-2009', 0)":" ","('0050-D-2009', 1)":null}}