{"Tipo de Proyecto":{"('0050-PE-2009', 0)":"MENSAJE NRO: 0472\/09","('0050-PE-2009', 1)":null},"Iniciado en: ":{"('0050-PE-2009', 0)":"Senado","('0050-PE-2009', 1)":null},"Expediente Senado: ":{"('0050-PE-2009', 0)":"0050-PE-2009","('0050-PE-2009', 1)":null},"Publicado en: ":{"('0050-PE-2009', 0)":"DAE S.A. N\u00b0 3","('0050-PE-2009', 1)":null},"Fecha: ":{"('0050-PE-2009', 0)":"07\/05\/2009","('0050-PE-2009', 1)":null},"T\u00edtulo":{"('0050-PE-2009', 0)":"SOLICITA ACUERDO PARA DESIGNAR JUEZ DE LA CAMARA NACIONAL DE APELACION EN LO CIVIL DE LA CAPITAL FEDERAL, SALA \"I\", A LA DOCTORA CARMEN NELIDA UBIEDO.","('0050-PE-2009', 1)":null},"('Firmantes', 'FIRMANTE')":{"('0050-PE-2009', 0)":"FERNANDEZ DE KIRCHNER, CRISTINA","('0050-PE-2009', 1)":"FERNANDEZ, ANIBAL"},"('Firmantes', 'DISTRITO')":{"('0050-PE-2009', 0)":null,"('0050-PE-2009', 1)":null},"('Firmantes', 'BLOQUE')":{"('0050-PE-2009', 0)":"PODER EJECUTIVO","('0050-PE-2009', 1)":"PODER EJECUTIVO"},"('Tramites', 'C\u00c1MARA')":{"('0050-PE-2009', 0)":"Senado","('0050-PE-2009', 1)":null},"('Tramites', 'MOVIMIENTO')":{"('0050-PE-2009', 0)":"CONSIDERACION Y APROBACION","('0050-PE-2009', 1)":null},"('Tramites', 'FECHA')":{"('0050-PE-2009', 0)":"08\/07\/2009","('0050-PE-2009', 1)":null},"('Tramites', 'RESULTADO')":{"('0050-PE-2009', 0)":"APROBADO","('0050-PE-2009', 1)":null},"Palabra Clave":{"('0050-PE-2009', 0)":" ","('0050-PE-2009', 1)":null}}