{"Tipo de Proyecto":{"('0051-PE-2009', 0)":"MENSAJE NRO: 0473\/09","('0051-PE-2009', 1)":null},"Iniciado en: ":{"('0051-PE-2009', 0)":"Senado","('0051-PE-2009', 1)":null},"Expediente Senado: ":{"('0051-PE-2009', 0)":"0051-PE-2009","('0051-PE-2009', 1)":null},"Publicado en: ":{"('0051-PE-2009', 0)":"DAE S.A. N\u00b0 3","('0051-PE-2009', 1)":null},"Fecha: ":{"('0051-PE-2009', 0)":"07\/05\/2009","('0051-PE-2009', 1)":null},"T\u00edtulo":{"('0051-PE-2009', 0)":"SOLICITA ACUERDO PARA DESIGNAR JUEZ DE LA CAMARA NACIONAL DE APELACIONES EN LO CIVIL DE LA CAPITAL FEDERAL , SALA \"K\", A LA DOCTORA LILIANA EDITH ABREUT DE BEGHER.","('0051-PE-2009', 1)":null},"('Firmantes', 'FIRMANTE')":{"('0051-PE-2009', 0)":"FERNANDEZ DE KIRCHNER, CRISTINA","('0051-PE-2009', 1)":"FERNANDEZ, ANIBAL"},"('Firmantes', 'DISTRITO')":{"('0051-PE-2009', 0)":null,"('0051-PE-2009', 1)":null},"('Firmantes', 'BLOQUE')":{"('0051-PE-2009', 0)":"PODER EJECUTIVO","('0051-PE-2009', 1)":"PODER EJECUTIVO"},"('Tramites', 'C\u00c1MARA')":{"('0051-PE-2009', 0)":"Senado","('0051-PE-2009', 1)":null},"('Tramites', 'MOVIMIENTO')":{"('0051-PE-2009', 0)":"CONSIDERACION Y APROBACION","('0051-PE-2009', 1)":null},"('Tramites', 'FECHA')":{"('0051-PE-2009', 0)":"08\/07\/2009","('0051-PE-2009', 1)":null},"('Tramites', 'RESULTADO')":{"('0051-PE-2009', 0)":"APROBADO","('0051-PE-2009', 1)":null},"Palabra Clave":{"('0051-PE-2009', 0)":" ","('0051-PE-2009', 1)":null}}