{"Tipo de Proyecto":{"('0051-S-2009', 0)":"PROYECTO DE DECLARACI\u00d3N"},"Iniciado en: ":{"('0051-S-2009', 0)":"Senado"},"Expediente Senado: ":{"('0051-S-2009', 0)":"0051-S-2009"},"Publicado en: ":{"('0051-S-2009', 0)":"Diario de Asuntos Entrados N\u00b0 2"},"Fecha: ":{"('0051-S-2009', 0)":"02\/03\/2009"},"T\u00edtulo":{"('0051-S-2009', 0)":"ADHERIR AL ANIVERSARIO DE LA SUSCRIPCION DEL TRATADO DE LONDRES, POR EL QUE EL 5 DE MAYO DE 1949 FUE CREADO EL CONSEJO DE EUROPA."},"('Firmantes', 'FIRMANTE')":{"('0051-S-2009', 0)":"ESCUDERO, SONIA MARGARITA"},"('Firmantes', 'DISTRITO')":{"('0051-S-2009', 0)":"SALTA"},"('Firmantes', 'BLOQUE')":{"('0051-S-2009', 0)":"JUSTICIALISTA 8 DE OCTUBRE"},"('Tramites', 'C\u00c1MARA')":{"('0051-S-2009', 0)":"Senado"},"('Tramites', 'MOVIMIENTO')":{"('0051-S-2009', 0)":"CONSIDERACION Y APROBACION"},"('Tramites', 'FECHA')":{"('0051-S-2009', 0)":"08\/07\/2009"},"('Tramites', 'RESULTADO')":{"('0051-S-2009', 0)":"APROBADO"},"Link":{"('0051-S-2009', 0)":"http:\/\/www.senado.gov.ar\/parlamentario\/comisiones\/verExp\/51.09\/S\/PD"},"Palabra Clave":{"('0051-S-2009', 0)":" "}}