{"Tipo de Proyecto":{"('0052-D-2009', 0)":"PROYECTO DE LEY","('0052-D-2009', 1)":null,"('0052-D-2009', 2)":null},"Iniciado en: ":{"('0052-D-2009', 0)":"Diputados","('0052-D-2009', 1)":null,"('0052-D-2009', 2)":null},"Expediente Diputados: ":{"('0052-D-2009', 0)":"0052-D-2009","('0052-D-2009', 1)":null,"('0052-D-2009', 2)":null},"Publicado en: ":{"('0052-D-2009', 0)":"Tr\u00e1mite Parlamentario N\u00b0 1","('0052-D-2009', 1)":null,"('0052-D-2009', 2)":null},"Fecha: ":{"('0052-D-2009', 0)":"02\/03\/2009","('0052-D-2009', 1)":null,"('0052-D-2009', 2)":null},"T\u00edtulo":{"('0052-D-2009', 0)":"ENTES Y ORGANISMOS DE REGULACION, FISCALIZACION Y CONTROL DE SERVICIOS PUBLICOS.","('0052-D-2009', 1)":null,"('0052-D-2009', 2)":null},"('Firmantes', 'FIRMANTE')":{"('0052-D-2009', 0)":"GALVALISI, LUIS ALBERTO","('0052-D-2009', 1)":null,"('0052-D-2009', 2)":null},"('Firmantes', 'DISTRITO')":{"('0052-D-2009', 0)":"CIUDAD de BUENOS AIRES","('0052-D-2009', 1)":null,"('0052-D-2009', 2)":null},"('Firmantes', 'BLOQUE')":{"('0052-D-2009', 0)":"PRO","('0052-D-2009', 1)":null,"('0052-D-2009', 2)":null},"('Giros', 'COMISI\u00d3N')":{"('0052-D-2009', 0)":"OBRAS PUBLICAS","('0052-D-2009', 1)":"DEFENSA DEL CONSUMIDOR","('0052-D-2009', 2)":"PRESUPUESTO Y HACIENDA"},"Link":{"('0052-D-2009', 0)":"https:\/\/www.hcdn.gob.ar\/proyectos\/textoCompleto.jsp?exp=0052-D-2009&tipo=LEY","('0052-D-2009', 1)":null,"('0052-D-2009', 2)":null},"Palabra Clave":{"('0052-D-2009', 0)":" ","('0052-D-2009', 1)":null,"('0052-D-2009', 2)":null}}