{"Tipo de Proyecto":{"('0054-PE-2009', 0)":"MENSAJE NRO: 0476\/09","('0054-PE-2009', 1)":null},"Iniciado en: ":{"('0054-PE-2009', 0)":"Senado","('0054-PE-2009', 1)":null},"Expediente Senado: ":{"('0054-PE-2009', 0)":"0054-PE-2009","('0054-PE-2009', 1)":null},"Publicado en: ":{"('0054-PE-2009', 0)":"DAE S.A. N\u00b0 3","('0054-PE-2009', 1)":null},"Fecha: ":{"('0054-PE-2009', 0)":"07\/05\/2009","('0054-PE-2009', 1)":null},"T\u00edtulo":{"('0054-PE-2009', 0)":"SOLICITA ACUERDO PARA DESIGNAR JUEZ DE CAMARA EN EL TRIBUNAL ORAL EN LO CRIMINAL FEDERAL DE SAN JUAN, PROVINCIA DE SAN JUAN, AL DOCTOR HUGO CARLOS ECHEGARAY.","('0054-PE-2009', 1)":null},"('Firmantes', 'FIRMANTE')":{"('0054-PE-2009', 0)":"FERNANDEZ DE KIRCHNER, CRISTINA","('0054-PE-2009', 1)":"FERNANDEZ, ANIBAL"},"('Firmantes', 'DISTRITO')":{"('0054-PE-2009', 0)":null,"('0054-PE-2009', 1)":null},"('Firmantes', 'BLOQUE')":{"('0054-PE-2009', 0)":"PODER EJECUTIVO","('0054-PE-2009', 1)":"PODER EJECUTIVO"},"('Tramites', 'C\u00c1MARA')":{"('0054-PE-2009', 0)":"Senado","('0054-PE-2009', 1)":null},"('Tramites', 'MOVIMIENTO')":{"('0054-PE-2009', 0)":"CONSIDERACION Y APROBACION","('0054-PE-2009', 1)":null},"('Tramites', 'FECHA')":{"('0054-PE-2009', 0)":"05\/08\/2009","('0054-PE-2009', 1)":null},"('Tramites', 'RESULTADO')":{"('0054-PE-2009', 0)":"APROBADO","('0054-PE-2009', 1)":null},"Palabra Clave":{"('0054-PE-2009', 0)":" ","('0054-PE-2009', 1)":null}}