{"Tipo de Proyecto":{"('0056-S-2009', 0)":"COMUNICACION","('0056-S-2009', 1)":null},"Iniciado en: ":{"('0056-S-2009', 0)":"Senado","('0056-S-2009', 1)":null},"Expediente Senado: ":{"('0056-S-2009', 0)":"0056-S-2009","('0056-S-2009', 1)":null},"Publicado en: ":{"('0056-S-2009', 0)":"Diario de Asuntos Entrados N\u00b0 3","('0056-S-2009', 1)":null},"Fecha: ":{"('0056-S-2009', 0)":"02\/03\/2009","('0056-S-2009', 1)":null},"T\u00edtulo":{"('0056-S-2009', 0)":"PEDIDO DE INFORMES AL PODER EJECUTIVO NACIONAL SOBRE DIVERSOS ASPECTOS RELACIONADOS CON EL PROGRAMA PARA EL DESARROLLO DEL PROYECTO DE FORTALECIMIENTO DE LA ESTRATEGIA DE ATENCION PRIMARIA DE LA SALUD.","('0056-S-2009', 1)":null},"('Firmantes', 'FIRMANTE')":{"('0056-S-2009', 0)":"PINCHETTI DE SIERRA MORALES, DELIA","('0056-S-2009', 1)":"SALAZAR, CARLOS EDUARDO"},"('Firmantes', 'DISTRITO')":{"('0056-S-2009', 0)":"TUCUMAN","('0056-S-2009', 1)":"TUCUMAN"},"('Firmantes', 'BLOQUE')":{"('0056-S-2009', 0)":"FZA REPUBLICANA","('0056-S-2009', 1)":"FZA REPUBLICANA"},"('Tramites', 'C\u00c1MARA')":{"('0056-S-2009', 0)":"Senado","('0056-S-2009', 1)":null},"('Tramites', 'MOVIMIENTO')":{"('0056-S-2009', 0)":"SOLICITUD DE SER COFIRMANTE DEL SENADOR SALAZAR (A SUS ANTECEDENTES)","('0056-S-2009', 1)":null},"('Tramites', 'FECHA')":{"('0056-S-2009', 0)":"26\/03\/2009","('0056-S-2009', 1)":null},"('Tramites', 'RESULTADO')":{"('0056-S-2009', 0)":null,"('0056-S-2009', 1)":null},"Link":{"('0056-S-2009', 0)":"http:\/\/www.senado.gov.ar\/parlamentario\/comisiones\/verExp\/56.09\/S\/PC","('0056-S-2009', 1)":null},"Palabra Clave":{"('0056-S-2009', 0)":" ","('0056-S-2009', 1)":null}}