{"Tipo de Proyecto":{"('0056-PE-2009', 0)":"MENSAJE NRO: 0478\/09","('0056-PE-2009', 1)":null},"Iniciado en: ":{"('0056-PE-2009', 0)":"Senado","('0056-PE-2009', 1)":null},"Expediente Senado: ":{"('0056-PE-2009', 0)":"0056-PE-2009","('0056-PE-2009', 1)":null},"Publicado en: ":{"('0056-PE-2009', 0)":"DAE S.A. N\u00b0 3","('0056-PE-2009', 1)":null},"Fecha: ":{"('0056-PE-2009', 0)":"07\/05\/2009","('0056-PE-2009', 1)":null},"T\u00edtulo":{"('0056-PE-2009', 0)":"SOLICITA ACUERDO PARA DESIGNAR JUEZ DE CAMARA EN EL TRIBUNAL ORAL EN LO CRIMINAL FEDERAL NUMERO 2 DE CORDOBA , PROVINCIA DE CORDOBA, AL DOCTOR CARLOS JULIO LASCANO.","('0056-PE-2009', 1)":null},"('Firmantes', 'FIRMANTE')":{"('0056-PE-2009', 0)":"FERNANDEZ DE KIRCHNER, CRISTINA","('0056-PE-2009', 1)":"FERNANDEZ, ANIBAL"},"('Firmantes', 'DISTRITO')":{"('0056-PE-2009', 0)":null,"('0056-PE-2009', 1)":null},"('Firmantes', 'BLOQUE')":{"('0056-PE-2009', 0)":"PODER EJECUTIVO","('0056-PE-2009', 1)":"PODER EJECUTIVO"},"('Tramites', 'C\u00c1MARA')":{"('0056-PE-2009', 0)":"Senado","('0056-PE-2009', 1)":null},"('Tramites', 'MOVIMIENTO')":{"('0056-PE-2009', 0)":"CONSIDERACION Y APROBACION","('0056-PE-2009', 1)":null},"('Tramites', 'FECHA')":{"('0056-PE-2009', 0)":"20\/08\/2009","('0056-PE-2009', 1)":null},"('Tramites', 'RESULTADO')":{"('0056-PE-2009', 0)":"APROBADO","('0056-PE-2009', 1)":null},"Palabra Clave":{"('0056-PE-2009', 0)":" ","('0056-PE-2009', 1)":null}}