{"Tipo de Proyecto":{"('0058-S-2009', 0)":"COMUNICACION","('0058-S-2009', 1)":null,"('0058-S-2009', 2)":null},"Iniciado en: ":{"('0058-S-2009', 0)":"Senado","('0058-S-2009', 1)":null,"('0058-S-2009', 2)":null},"Expediente Senado: ":{"('0058-S-2009', 0)":"0058-S-2009","('0058-S-2009', 1)":null,"('0058-S-2009', 2)":null},"Publicado en: ":{"('0058-S-2009', 0)":"Diario de Asuntos Entrados N\u00b0 3","('0058-S-2009', 1)":null,"('0058-S-2009', 2)":null},"Fecha: ":{"('0058-S-2009', 0)":"02\/03\/2009","('0058-S-2009', 1)":null,"('0058-S-2009', 2)":null},"T\u00edtulo":{"('0058-S-2009', 0)":"PEDIDO DE INFORMES AL PODER EJECUTIVO NACIONAL SOBRE EL PROYECTO DE DESARROLLO RURAL DE LA PROVINCIAS DEL NOROESTE (PRODERNOA), Y EN ESPECIAL LA PROVINCIA DE TUCUMAN.","('0058-S-2009', 1)":null,"('0058-S-2009', 2)":null},"('Firmantes', 'FIRMANTE')":{"('0058-S-2009', 0)":"PINCHETTI DE SIERRA MORALES, DELIA","('0058-S-2009', 1)":"SALAZAR, CARLOS EDUARDO","('0058-S-2009', 2)":null},"('Firmantes', 'DISTRITO')":{"('0058-S-2009', 0)":"TUCUMAN","('0058-S-2009', 1)":"TUCUMAN","('0058-S-2009', 2)":null},"('Firmantes', 'BLOQUE')":{"('0058-S-2009', 0)":"FZA REPUBLICANA","('0058-S-2009', 1)":"FZA REPUBLICANA","('0058-S-2009', 2)":null},"('Tramites', 'C\u00c1MARA')":{"('0058-S-2009', 0)":"Senado","('0058-S-2009', 1)":"Senado","('0058-S-2009', 2)":"Senado"},"('Tramites', 'MOVIMIENTO')":{"('0058-S-2009', 0)":"APROBACION ARTICULO 106, PARRAFO 3 DEL REGLAMENTO DEL H SENADO","('0058-S-2009', 1)":"CONTESTACION DEL PODER EJECUTIVO NACIONAL - JEFE DE GABINETE DE MINISTROS - (A SUS ANTECEDENTES)","('0058-S-2009', 2)":"SOLICITUD DE SER COFIRMANTE DEL SENADOR SALAZAR (A SUS ANTECEDENTES)"},"('Tramites', 'FECHA')":{"('0058-S-2009', 0)":"08\/07\/2009","('0058-S-2009', 1)":null,"('0058-S-2009', 2)":"26\/03\/2009"},"('Tramites', 'RESULTADO')":{"('0058-S-2009', 0)":"APROBADO","('0058-S-2009', 1)":null,"('0058-S-2009', 2)":null},"Link":{"('0058-S-2009', 0)":"http:\/\/www.senado.gov.ar\/parlamentario\/comisiones\/verExp\/58.09\/S\/PC","('0058-S-2009', 1)":null,"('0058-S-2009', 2)":null},"Palabra Clave":{"('0058-S-2009', 0)":" ","('0058-S-2009', 1)":null,"('0058-S-2009', 2)":null}}