{"Tipo de Proyecto":{"('0059-S-2009', 0)":"COMUNICACION","('0059-S-2009', 1)":null},"Iniciado en: ":{"('0059-S-2009', 0)":"Senado","('0059-S-2009', 1)":null},"Expediente Senado: ":{"('0059-S-2009', 0)":"0059-S-2009","('0059-S-2009', 1)":null},"Publicado en: ":{"('0059-S-2009', 0)":"Diario de Asuntos Entrados N\u00b0 3","('0059-S-2009', 1)":null},"Fecha: ":{"('0059-S-2009', 0)":"02\/03\/2009","('0059-S-2009', 1)":null},"T\u00edtulo":{"('0059-S-2009', 0)":"PEDIDO DE INFORMES AL PODER EJECUTIVO NACIONAL SOBRE DIVERSOS ASPECTOS RELACIONADOS CON LA EJECUCION DEL PROGRAMA INET (LEY 26058), EN LA PROVINCIA DE TUCUMAN.","('0059-S-2009', 1)":null},"('Firmantes', 'FIRMANTE')":{"('0059-S-2009', 0)":"PINCHETTI DE SIERRA MORALES, DELIA","('0059-S-2009', 1)":"SALAZAR, CARLOS EDUARDO"},"('Firmantes', 'DISTRITO')":{"('0059-S-2009', 0)":"TUCUMAN","('0059-S-2009', 1)":"TUCUMAN"},"('Firmantes', 'BLOQUE')":{"('0059-S-2009', 0)":"FZA REPUBLICANA","('0059-S-2009', 1)":"FZA REPUBLICANA"},"('Tramites', 'C\u00c1MARA')":{"('0059-S-2009', 0)":"Senado","('0059-S-2009', 1)":null},"('Tramites', 'MOVIMIENTO')":{"('0059-S-2009', 0)":"SOLICITUD DE SER COFIRMANTE DEL SENADOR SALAZAR (A SUS ANTECEDENTES)","('0059-S-2009', 1)":null},"('Tramites', 'FECHA')":{"('0059-S-2009', 0)":"26\/03\/2009","('0059-S-2009', 1)":null},"('Tramites', 'RESULTADO')":{"('0059-S-2009', 0)":null,"('0059-S-2009', 1)":null},"Link":{"('0059-S-2009', 0)":"http:\/\/www.senado.gov.ar\/parlamentario\/comisiones\/verExp\/59.09\/S\/PC","('0059-S-2009', 1)":null},"Palabra Clave":{"('0059-S-2009', 0)":" ","('0059-S-2009', 1)":null}}