{"Tipo de Proyecto":{"('0061-PE-2009', 0)":"MENSAJE NRO: 0483\/09","('0061-PE-2009', 1)":null},"Iniciado en: ":{"('0061-PE-2009', 0)":"Senado","('0061-PE-2009', 1)":null},"Expediente Senado: ":{"('0061-PE-2009', 0)":"0061-PE-2009","('0061-PE-2009', 1)":null},"Publicado en: ":{"('0061-PE-2009', 0)":"DAE S.A. N\u00b0 3","('0061-PE-2009', 1)":null},"Fecha: ":{"('0061-PE-2009', 0)":"07\/05\/2009","('0061-PE-2009', 1)":null},"T\u00edtulo":{"('0061-PE-2009', 0)":"SOLICITA ACUERDO PARA DESIGNAR JUEZ DEL JUZGADO FEDERAL DE PRIMERA INSTANCIA EN LO CIVIL, COMERCIAL Y CONTENCIOSO ADMINISTRATIVO N\u00ba 4 DE LA PLATA, PROVINCIA DE BUENOS AIRES, AL DOCTOR OSVALDO RECONDO.","('0061-PE-2009', 1)":null},"('Firmantes', 'FIRMANTE')":{"('0061-PE-2009', 0)":"FERNANDEZ DE KIRCHNER, CRISTINA","('0061-PE-2009', 1)":"FERNANDEZ, ANIBAL"},"('Firmantes', 'DISTRITO')":{"('0061-PE-2009', 0)":null,"('0061-PE-2009', 1)":null},"('Firmantes', 'BLOQUE')":{"('0061-PE-2009', 0)":"PODER EJECUTIVO","('0061-PE-2009', 1)":"PODER EJECUTIVO"},"('Tramites', 'C\u00c1MARA')":{"('0061-PE-2009', 0)":"Senado","('0061-PE-2009', 1)":"Senado"},"('Tramites', 'MOVIMIENTO')":{"('0061-PE-2009', 0)":"SOLICITUD DE DEVOLUCION DEL ACUERDO (MENSAJE 1062\/11. DAE SUPLEMENTO ACUERDOS 5)","('0061-PE-2009', 1)":"CONSIDERACION Y APROBACION DEL RETIRO"},"('Tramites', 'FECHA')":{"('0061-PE-2009', 0)":null,"('0061-PE-2009', 1)":"27\/07\/2011"},"('Tramites', 'RESULTADO')":{"('0061-PE-2009', 0)":null,"('0061-PE-2009', 1)":"RETIRADO"},"Palabra Clave":{"('0061-PE-2009', 0)":" ","('0061-PE-2009', 1)":null}}