{"Tipo de Proyecto":{"('0061-D-2009', 0)":"PROYECTO DE DECLARACI\u00d3N","('0061-D-2009', 1)":null,"('0061-D-2009', 2)":null,"('0061-D-2009', 3)":null,"('0061-D-2009', 4)":null,"('0061-D-2009', 5)":null},"Iniciado en: ":{"('0061-D-2009', 0)":"Diputados","('0061-D-2009', 1)":null,"('0061-D-2009', 2)":null,"('0061-D-2009', 3)":null,"('0061-D-2009', 4)":null,"('0061-D-2009', 5)":null},"Expediente Diputados: ":{"('0061-D-2009', 0)":"0061-D-2009","('0061-D-2009', 1)":null,"('0061-D-2009', 2)":null,"('0061-D-2009', 3)":null,"('0061-D-2009', 4)":null,"('0061-D-2009', 5)":null},"Publicado en: ":{"('0061-D-2009', 0)":"Tr\u00e1mite Parlamentario N\u00b0 1","('0061-D-2009', 1)":null,"('0061-D-2009', 2)":null,"('0061-D-2009', 3)":null,"('0061-D-2009', 4)":null,"('0061-D-2009', 5)":null},"Fecha: ":{"('0061-D-2009', 0)":"02\/03\/2009","('0061-D-2009', 1)":null,"('0061-D-2009', 2)":null,"('0061-D-2009', 3)":null,"('0061-D-2009', 4)":null,"('0061-D-2009', 5)":null},"T\u00edtulo":{"('0061-D-2009', 0)":"DECLARAR DE INTERES PARLAMENTARIO LA CELEBRACION DEL 116 ANIVERSARIO DE LA FUNDACION DE LA CIUDAD DE CLODOMIRA, DEPARTAMENTO BANDA, PROVINCIA DE SANTIAGO DEL ESTERO, A REALIZARSE EL DIA 29 DE ABRIL DE 2009.","('0061-D-2009', 1)":null,"('0061-D-2009', 2)":null,"('0061-D-2009', 3)":null,"('0061-D-2009', 4)":null,"('0061-D-2009', 5)":null},"('Firmantes', 'FIRMANTE')":{"('0061-D-2009', 0)":"HERRERA, JOSE ALBERTO","('0061-D-2009', 1)":"BRUE, DANIEL AGUSTIN","('0061-D-2009', 2)":"OLIVA, CRISTIAN RODOLFO","('0061-D-2009', 3)":"PEREZ, JORGE RAUL","('0061-D-2009', 4)":"LUNA DE MARCOS, ANA ZULEMA","('0061-D-2009', 5)":"PASTORIZA, MIRTA AMELIANA"},"('Firmantes', 'DISTRITO')":{"('0061-D-2009', 0)":"SANTIAGO DEL ESTERO","('0061-D-2009', 1)":"SANTIAGO DEL ESTERO","('0061-D-2009', 2)":"SANTIAGO DEL ESTERO","('0061-D-2009', 3)":"SANTIAGO DEL ESTERO","('0061-D-2009', 4)":"SANTIAGO DEL ESTERO","('0061-D-2009', 5)":"SANTIAGO DEL ESTERO"},"('Firmantes', 'BLOQUE')":{"('0061-D-2009', 0)":"FRENTE CIVICO POR SANTIAGO","('0061-D-2009', 1)":"FRENTE CIVICO POR SANTIAGO","('0061-D-2009', 2)":"FRENTE CIVICO POR SANTIAGO","('0061-D-2009', 3)":"FRENTE CIVICO POR SANTIAGO","('0061-D-2009', 4)":"FRENTE CIVICO POR SANTIAGO","('0061-D-2009', 5)":"FRENTE CIVICO POR SANTIAGO"},"('Giros', 'COMISI\u00d3N')":{"('0061-D-2009', 0)":"POBLACION Y DESARROLLO HUMANO","('0061-D-2009', 1)":null,"('0061-D-2009', 2)":null,"('0061-D-2009', 3)":null,"('0061-D-2009', 4)":null,"('0061-D-2009', 5)":null},"('Tramites', 'C\u00c1MARA')":{"('0061-D-2009', 0)":"Diputados","('0061-D-2009', 1)":"Diputados","('0061-D-2009', 2)":null,"('0061-D-2009', 3)":null,"('0061-D-2009', 4)":null,"('0061-D-2009', 5)":null},"('Tramites', 'MOVIMIENTO')":{"('0061-D-2009', 0)":"MOCION SOBRE TABLAS (PLAN DE LABOR) (AFIRMATIVA)","('0061-D-2009', 1)":"CONSIDERACION Y APROBACION","('0061-D-2009', 2)":null,"('0061-D-2009', 3)":null,"('0061-D-2009', 4)":null,"('0061-D-2009', 5)":null},"('Tramites', 'FECHA')":{"('0061-D-2009', 0)":"11\/03\/2009","('0061-D-2009', 1)":"11\/03\/2009","('0061-D-2009', 2)":null,"('0061-D-2009', 3)":null,"('0061-D-2009', 4)":null,"('0061-D-2009', 5)":null},"('Tramites', 'RESULTADO')":{"('0061-D-2009', 0)":null,"('0061-D-2009', 1)":"APROBADO","('0061-D-2009', 2)":null,"('0061-D-2009', 3)":null,"('0061-D-2009', 4)":null,"('0061-D-2009', 5)":null},"Link":{"('0061-D-2009', 0)":"https:\/\/www.hcdn.gob.ar\/proyectos\/textoCompleto.jsp?exp=0061-D-2009&tipo=DECLARACION","('0061-D-2009', 1)":null,"('0061-D-2009', 2)":null,"('0061-D-2009', 3)":null,"('0061-D-2009', 4)":null,"('0061-D-2009', 5)":null},"Palabra Clave":{"('0061-D-2009', 0)":" ","('0061-D-2009', 1)":null,"('0061-D-2009', 2)":null,"('0061-D-2009', 3)":null,"('0061-D-2009', 4)":null,"('0061-D-2009', 5)":null}}