{"Tipo de Proyecto":{"('0062-PE-2009', 0)":"MENSAJE NRO: 0484\/09","('0062-PE-2009', 1)":null},"Iniciado en: ":{"('0062-PE-2009', 0)":"Senado","('0062-PE-2009', 1)":null},"Expediente Senado: ":{"('0062-PE-2009', 0)":"0062-PE-2009","('0062-PE-2009', 1)":null},"Publicado en: ":{"('0062-PE-2009', 0)":"DAE S.A. N\u00b0 3","('0062-PE-2009', 1)":null},"Fecha: ":{"('0062-PE-2009', 0)":"07\/05\/2009","('0062-PE-2009', 1)":null},"T\u00edtulo":{"('0062-PE-2009', 0)":"SOLICITA ACUERDO PARA DESIGNAR VOCAL DE LA CAMARA NACIONAL DE APELACION EN LO COMERCIAL DE LA CAPITAL FEDERAL SALA \"F\", A LA DOCTORA ALEJANDRA NOEMI TEVEZ.","('0062-PE-2009', 1)":null},"('Firmantes', 'FIRMANTE')":{"('0062-PE-2009', 0)":"FERNANDEZ DE KIRCHNER, CRISTINA","('0062-PE-2009', 1)":"FERNANDEZ, ANIBAL"},"('Firmantes', 'DISTRITO')":{"('0062-PE-2009', 0)":null,"('0062-PE-2009', 1)":null},"('Firmantes', 'BLOQUE')":{"('0062-PE-2009', 0)":"PODER EJECUTIVO","('0062-PE-2009', 1)":"PODER EJECUTIVO"},"('Tramites', 'C\u00c1MARA')":{"('0062-PE-2009', 0)":"Senado","('0062-PE-2009', 1)":null},"('Tramites', 'MOVIMIENTO')":{"('0062-PE-2009', 0)":"CONSIDERACION Y APROBACION","('0062-PE-2009', 1)":null},"('Tramites', 'FECHA')":{"('0062-PE-2009', 0)":"05\/08\/2009","('0062-PE-2009', 1)":null},"('Tramites', 'RESULTADO')":{"('0062-PE-2009', 0)":"APROBADO","('0062-PE-2009', 1)":null},"Palabra Clave":{"('0062-PE-2009', 0)":" ","('0062-PE-2009', 1)":null}}