{"Tipo de Proyecto":{"('0062-S-2009', 0)":"PROYECTO DE LEY","('0062-S-2009', 1)":null},"Iniciado en: ":{"('0062-S-2009', 0)":"Senado","('0062-S-2009', 1)":null},"Expediente Senado: ":{"('0062-S-2009', 0)":"0062-S-2009","('0062-S-2009', 1)":null},"Publicado en: ":{"('0062-S-2009', 0)":"Diario de Asuntos Entrados N\u00b0 3","('0062-S-2009', 1)":null},"Fecha: ":{"('0062-S-2009', 0)":"02\/03\/2009","('0062-S-2009', 1)":null},"T\u00edtulo":{"('0062-S-2009', 0)":"MODIFICACION DEL ARTICULO 86 DEL CODIGO PENAL EN RELACION AL DELITO DE ABORTO.","('0062-S-2009', 1)":null},"('Firmantes', 'FIRMANTE')":{"('0062-S-2009', 0)":"NEGRE DE ALONSO, LILIANA T.","('0062-S-2009', 1)":"RODRIGUEZ SAA, ADOLFO"},"('Firmantes', 'DISTRITO')":{"('0062-S-2009', 0)":"SAN LUIS","('0062-S-2009', 1)":"SAN LUIS"},"('Firmantes', 'BLOQUE')":{"('0062-S-2009', 0)":"JUSTICIALISTA SAN LUIS","('0062-S-2009', 1)":"JUSTICIALISTA SAN LUIS"},"('Tramites', 'C\u00c1MARA')":{"('0062-S-2009', 0)":"Senado","('0062-S-2009', 1)":null},"('Tramites', 'MOVIMIENTO')":{"('0062-S-2009', 0)":"AMPLIACION DEL GIRO A LAS COMISIONES DE ASUNTOS CONSTITUCIONALES Y SALUD Y DEPORTE","('0062-S-2009', 1)":null},"('Tramites', 'FECHA')":{"('0062-S-2009', 0)":"09\/06\/2010","('0062-S-2009', 1)":null},"('Tramites', 'RESULTADO')":{"('0062-S-2009', 0)":null,"('0062-S-2009', 1)":null},"Link":{"('0062-S-2009', 0)":"http:\/\/www.senado.gov.ar\/parlamentario\/comisiones\/verExp\/62.09\/S\/PL","('0062-S-2009', 1)":null},"Palabra Clave":{"('0062-S-2009', 0)":" ","('0062-S-2009', 1)":null}}