{"Tipo de Proyecto":{"('0063-S-2009', 0)":"MENSAJE NRO: 0996\/09 Y PROYECTO DE LEY","('0063-S-2009', 1)":null,"('0063-S-2009', 2)":null,"('0063-S-2009', 3)":null,"('0063-S-2009', 4)":null,"('0063-S-2009', 5)":null,"('0063-S-2009', 6)":null,"('0063-S-2009', 7)":null,"('0063-S-2009', 8)":null,"('0063-S-2009', 9)":null,"('0063-S-2009', 10)":null},"Iniciado en: ":{"('0063-S-2009', 0)":"Senado","('0063-S-2009', 1)":null,"('0063-S-2009', 2)":null,"('0063-S-2009', 3)":null,"('0063-S-2009', 4)":null,"('0063-S-2009', 5)":null,"('0063-S-2009', 6)":null,"('0063-S-2009', 7)":null,"('0063-S-2009', 8)":null,"('0063-S-2009', 9)":null,"('0063-S-2009', 10)":null},"Expediente Diputados: ":{"('0063-S-2009', 0)":"0063-S-2009","('0063-S-2009', 1)":null,"('0063-S-2009', 2)":null,"('0063-S-2009', 3)":null,"('0063-S-2009', 4)":null,"('0063-S-2009', 5)":null,"('0063-S-2009', 6)":null,"('0063-S-2009', 7)":null,"('0063-S-2009', 8)":null,"('0063-S-2009', 9)":null,"('0063-S-2009', 10)":null},"Expediente Senado: ":{"('0063-S-2009', 0)":"0177-PE-2009","('0063-S-2009', 1)":null,"('0063-S-2009', 2)":null,"('0063-S-2009', 3)":null,"('0063-S-2009', 4)":null,"('0063-S-2009', 5)":null,"('0063-S-2009', 6)":null,"('0063-S-2009', 7)":null,"('0063-S-2009', 8)":null,"('0063-S-2009', 9)":null,"('0063-S-2009', 10)":null},"Publicado en: ":{"('0063-S-2009', 0)":"Diario de Asuntos Entrados N\u00b0 99","('0063-S-2009', 1)":null,"('0063-S-2009', 2)":null,"('0063-S-2009', 3)":null,"('0063-S-2009', 4)":null,"('0063-S-2009', 5)":null,"('0063-S-2009', 6)":null,"('0063-S-2009', 7)":null,"('0063-S-2009', 8)":null,"('0063-S-2009', 9)":null,"('0063-S-2009', 10)":null},"Fecha: ":{"('0063-S-2009', 0)":"29\/07\/2009","('0063-S-2009', 1)":null,"('0063-S-2009', 2)":null,"('0063-S-2009', 3)":null,"('0063-S-2009', 4)":null,"('0063-S-2009', 5)":null,"('0063-S-2009', 6)":null,"('0063-S-2009', 7)":null,"('0063-S-2009', 8)":null,"('0063-S-2009', 9)":null,"('0063-S-2009', 10)":null},"T\u00edtulo":{"('0063-S-2009', 0)":"LIMITAR LA FACULTAD DEL JEFE DE GABINETE DE MINISTROS PARA DISPONER RESTRUCTURACIONES PRESUPUESTARIAS QUE NO DEBERAN SUPERAR EL CINCO POR CIENTO (5 %) DEL PRESUPUESTO  APROBADO, EXCEPCIONES: SUSTITUCION DEL ARTICULO 37 DE LA LEY 24156 (ADMINISTRACION FINANCIERA Y DE LOS SISTEMAS DE CONTROL DEL SECTOR PUBLICO NACIONAL).","('0063-S-2009', 1)":null,"('0063-S-2009', 2)":null,"('0063-S-2009', 3)":null,"('0063-S-2009', 4)":null,"('0063-S-2009', 5)":null,"('0063-S-2009', 6)":null,"('0063-S-2009', 7)":null,"('0063-S-2009', 8)":null,"('0063-S-2009', 9)":null,"('0063-S-2009', 10)":null},"('Firmantes', 'FIRMANTE')":{"('0063-S-2009', 0)":"FERNANDEZ DE KIRCHNER, CRISTINA","('0063-S-2009', 1)":"FERNANDEZ, ANIBAL","('0063-S-2009', 2)":"BOUDOU, AMADO","('0063-S-2009', 3)":null,"('0063-S-2009', 4)":null,"('0063-S-2009', 5)":null,"('0063-S-2009', 6)":null,"('0063-S-2009', 7)":null,"('0063-S-2009', 8)":null,"('0063-S-2009', 9)":null,"('0063-S-2009', 10)":null},"('Firmantes', 'DISTRITO')":{"('0063-S-2009', 0)":null,"('0063-S-2009', 1)":null,"('0063-S-2009', 2)":null,"('0063-S-2009', 3)":null,"('0063-S-2009', 4)":null,"('0063-S-2009', 5)":null,"('0063-S-2009', 6)":null,"('0063-S-2009', 7)":null,"('0063-S-2009', 8)":null,"('0063-S-2009', 9)":null,"('0063-S-2009', 10)":null},"('Firmantes', 'BLOQUE')":{"('0063-S-2009', 0)":"PODER EJECUTIVO","('0063-S-2009', 1)":"PODER EJECUTIVO","('0063-S-2009', 2)":"PODER EJECUTIVO","('0063-S-2009', 3)":null,"('0063-S-2009', 4)":null,"('0063-S-2009', 5)":null,"('0063-S-2009', 6)":null,"('0063-S-2009', 7)":null,"('0063-S-2009', 8)":null,"('0063-S-2009', 9)":null,"('0063-S-2009', 10)":null},"('Giros', 'COMISI\u00d3N')":{"('0063-S-2009', 0)":"PRESUPUESTO Y HACIENDA","('0063-S-2009', 1)":null,"('0063-S-2009', 2)":null,"('0063-S-2009', 3)":null,"('0063-S-2009', 4)":null,"('0063-S-2009', 5)":null,"('0063-S-2009', 6)":null,"('0063-S-2009', 7)":null,"('0063-S-2009', 8)":null,"('0063-S-2009', 9)":null,"('0063-S-2009', 10)":null},"('Tramites', 'C\u00c1MARA')":{"('0063-S-2009', 0)":"Senado","('0063-S-2009', 1)":"Senado","('0063-S-2009', 2)":"Senado","('0063-S-2009', 3)":"Diputados","('0063-S-2009', 4)":"Diputados","('0063-S-2009', 5)":"Diputados","('0063-S-2009', 6)":"Diputados","('0063-S-2009', 7)":"Diputados","('0063-S-2009', 8)":"Diputados","('0063-S-2009', 9)":"Senado","('0063-S-2009', 10)":"Senado"},"('Tramites', 'MOVIMIENTO')":{"('0063-S-2009', 0)":"AMPLIACION DEL GIRO A LA COMISION DE ASUNTOS CONSTITUCIONALES","('0063-S-2009', 1)":"CONSIDERACION Y APROBACION","('0063-S-2009', 2)":"INSERCIONES","('0063-S-2009', 3)":"PASA A DIPUTADOS -","('0063-S-2009', 4)":"MOCION DE PREFERENCIA PARA LA PROXIMA SESION CON DICTAMEN (AFIRMATIVA)","('0063-S-2009', 5)":"MOCION DE PREFERENCIA PARA LA PROXIMA SESION CON DICTAMEN (AFIRMATIVA)","('0063-S-2009', 6)":"CONSIDERACION Y RECHAZO DEL DICTAMEN DE MAYORIA CONJUNTAMENTE PARA LOS EXPEDIENTES 1702-D-2009, 0063-S-2009, 0177-PE-2009, 3696-D-2009, 4590-D-2009 y 0496-D-2010","('0063-S-2009', 7)":"CONSIDERACION Y APROBACION DEL DICTAMEN DE MINORIA CON MODIFICACIONES CONJUNTAMENTE PARA LOS EXPEDIENTES 1702-D-2009, 0063-S-2009, 0177-PE-2009, 3696-D-2009, 4590-D-2009 y 0496-D-2010","('0063-S-2009', 8)":"INSERCIONES DE LOS DIPUTADOS DAMILANO GRIVARELLO Y GRIBAUDO CONJUNTAMENTE PARA LOS EXPEDIENTES 1702-D-2009, 0063-S-2009, 0177-PE-2009, 3696-D-2009, 4590-D-2009 y 0496-D-2010","('0063-S-2009', 9)":"VUELVE A SENADO - CONJUNTAMENTE PARA LOS EXPEDIENTES 1702-D-2009, 0063-S-2009, 0177-PE-2009, 3696-D-2009, 4590-D-2009 y 0496-D-2010","('0063-S-2009', 10)":"MOCION HABILITACION DEL PROYECTO COMO PRIMER TEMA DEL PLAN DE LABOR (NEGATIVA) CONJUNTAMENTE PARA LOS EXPEDIENTES 1702-D-2009, 0063-S-2009, 0177-PE-2009, 3696-D-2009, 4590-D-2009 y 0496-D-2010"},"('Tramites', 'FECHA')":{"('0063-S-2009', 0)":"05\/08\/2009","('0063-S-2009', 1)":"20\/08\/2009","('0063-S-2009', 2)":"20\/08\/2009","('0063-S-2009', 3)":null,"('0063-S-2009', 4)":"12\/05\/2010","('0063-S-2009', 5)":"09\/06\/2010","('0063-S-2009', 6)":"23\/06\/2010","('0063-S-2009', 7)":"23\/06\/2010","('0063-S-2009', 8)":"23\/06\/2010","('0063-S-2009', 9)":null,"('0063-S-2009', 10)":"24\/11\/2010"},"('Tramites', 'RESULTADO')":{"('0063-S-2009', 0)":null,"('0063-S-2009', 1)":"MEDIA SANCION","('0063-S-2009', 2)":null,"('0063-S-2009', 3)":null,"('0063-S-2009', 4)":null,"('0063-S-2009', 5)":null,"('0063-S-2009', 6)":null,"('0063-S-2009', 7)":"MEDIA SANCION","('0063-S-2009', 8)":null,"('0063-S-2009', 9)":null,"('0063-S-2009', 10)":null},"Link":{"('0063-S-2009', 0)":"https:\/\/www4.hcdn.gob.ar\/dependencias\/dsecretaria\/Periodo2009\/PDF2009\/TP2009\/0063-S-09.pdf","('0063-S-2009', 1)":null,"('0063-S-2009', 2)":null,"('0063-S-2009', 3)":null,"('0063-S-2009', 4)":null,"('0063-S-2009', 5)":null,"('0063-S-2009', 6)":null,"('0063-S-2009', 7)":null,"('0063-S-2009', 8)":null,"('0063-S-2009', 9)":null,"('0063-S-2009', 10)":null},"Palabra Clave":{"('0063-S-2009', 0)":" ","('0063-S-2009', 1)":null,"('0063-S-2009', 2)":null,"('0063-S-2009', 3)":null,"('0063-S-2009', 4)":null,"('0063-S-2009', 5)":null,"('0063-S-2009', 6)":null,"('0063-S-2009', 7)":null,"('0063-S-2009', 8)":null,"('0063-S-2009', 9)":null,"('0063-S-2009', 10)":null}}