{"Tipo de Proyecto":{"('0065-PE-2009', 0)":"MENSAJE NRO: 0487\/09","('0065-PE-2009', 1)":null},"Iniciado en: ":{"('0065-PE-2009', 0)":"Senado","('0065-PE-2009', 1)":null},"Expediente Senado: ":{"('0065-PE-2009', 0)":"0065-PE-2009","('0065-PE-2009', 1)":null},"Publicado en: ":{"('0065-PE-2009', 0)":"DAE S.A. N\u00b0 3","('0065-PE-2009', 1)":null},"Fecha: ":{"('0065-PE-2009', 0)":"07\/05\/2009","('0065-PE-2009', 1)":null},"T\u00edtulo":{"('0065-PE-2009', 0)":"SOLICITA ACUERDO PARA DESIGNAR VOCAL DE LA CAMARA NACIONAL DE APELACIONES EN LO COMERCIAL DE LA CAPITAL FEDERAL, SALA \"E\", AL DOCTOR MIGUEL FEDERICO BARGALLO.","('0065-PE-2009', 1)":null},"('Firmantes', 'FIRMANTE')":{"('0065-PE-2009', 0)":"FERNANDEZ DE KIRCHNER, CRISTINA","('0065-PE-2009', 1)":"FERNANDEZ, ANIBAL"},"('Firmantes', 'DISTRITO')":{"('0065-PE-2009', 0)":null,"('0065-PE-2009', 1)":null},"('Firmantes', 'BLOQUE')":{"('0065-PE-2009', 0)":"PODER EJECUTIVO","('0065-PE-2009', 1)":"PODER EJECUTIVO"},"('Tramites', 'C\u00c1MARA')":{"('0065-PE-2009', 0)":"Senado","('0065-PE-2009', 1)":null},"('Tramites', 'MOVIMIENTO')":{"('0065-PE-2009', 0)":"CONSIDERACION Y APROBACION","('0065-PE-2009', 1)":null},"('Tramites', 'FECHA')":{"('0065-PE-2009', 0)":"20\/08\/2009","('0065-PE-2009', 1)":null},"('Tramites', 'RESULTADO')":{"('0065-PE-2009', 0)":"APROBADO","('0065-PE-2009', 1)":null},"Palabra Clave":{"('0065-PE-2009', 0)":" ","('0065-PE-2009', 1)":null}}