{"Tipo de Proyecto":{"('0066-D-2009', 0)":"PROYECTO DE RESOLUCI\u00d3N"},"Iniciado en: ":{"('0066-D-2009', 0)":"Diputados"},"Expediente Diputados: ":{"('0066-D-2009', 0)":"0066-D-2009"},"Publicado en: ":{"('0066-D-2009', 0)":"Tr\u00e1mite Parlamentario N\u00b0 1"},"Fecha: ":{"('0066-D-2009', 0)":"02\/03\/2009"},"T\u00edtulo":{"('0066-D-2009', 0)":"PEDIDO DE INFORMES AL PODER EJECUTIVO SOBRE EL CONTROL DEL ESPACIO AEREO DEL PAIS."},"('Firmantes', 'FIRMANTE')":{"('0066-D-2009', 0)":"GALVALISI, LUIS ALBERTO"},"('Firmantes', 'DISTRITO')":{"('0066-D-2009', 0)":"CIUDAD de BUENOS AIRES"},"('Firmantes', 'BLOQUE')":{"('0066-D-2009', 0)":"PRO"},"('Giros', 'COMISI\u00d3N')":{"('0066-D-2009', 0)":"DEFENSA NACIONAL"},"Link":{"('0066-D-2009', 0)":"https:\/\/www.hcdn.gob.ar\/proyectos\/textoCompleto.jsp?exp=0066-D-2009&tipo=RESOLUCION"},"Palabra Clave":{"('0066-D-2009', 0)":" "}}