{"Tipo de Proyecto":{"('0067-PE-2009', 0)":"MENSAJE NRO: 0489\/09","('0067-PE-2009', 1)":null},"Iniciado en: ":{"('0067-PE-2009', 0)":"Senado","('0067-PE-2009', 1)":null},"Expediente Senado: ":{"('0067-PE-2009', 0)":"0067-PE-2009","('0067-PE-2009', 1)":null},"Publicado en: ":{"('0067-PE-2009', 0)":"DAE S.A. N\u00b0 3","('0067-PE-2009', 1)":null},"Fecha: ":{"('0067-PE-2009', 0)":"07\/05\/2009","('0067-PE-2009', 1)":null},"T\u00edtulo":{"('0067-PE-2009', 0)":"SOLICITA ACUERDO PARA DESIGNAR VOCAL DE LA CAMARA NACIONAL DE APELACIONES EN LO COMERCIAL DE LA CAPITAL FEDERAL, SALA \"C\",  AL DOCTOR JUAN ROBERTO GARIBOTTO.","('0067-PE-2009', 1)":null},"('Firmantes', 'FIRMANTE')":{"('0067-PE-2009', 0)":"FERNANDEZ DE KIRCHNER, CRISTINA","('0067-PE-2009', 1)":"FERNANDEZ, ANIBAL"},"('Firmantes', 'DISTRITO')":{"('0067-PE-2009', 0)":null,"('0067-PE-2009', 1)":null},"('Firmantes', 'BLOQUE')":{"('0067-PE-2009', 0)":"PODER EJECUTIVO","('0067-PE-2009', 1)":"PODER EJECUTIVO"},"('Tramites', 'C\u00c1MARA')":{"('0067-PE-2009', 0)":"Senado","('0067-PE-2009', 1)":null},"('Tramites', 'MOVIMIENTO')":{"('0067-PE-2009', 0)":"CONSIDERACION Y APROBACION","('0067-PE-2009', 1)":null},"('Tramites', 'FECHA')":{"('0067-PE-2009', 0)":"05\/08\/2009","('0067-PE-2009', 1)":null},"('Tramites', 'RESULTADO')":{"('0067-PE-2009', 0)":"APROBADO","('0067-PE-2009', 1)":null},"Palabra Clave":{"('0067-PE-2009', 0)":" ","('0067-PE-2009', 1)":null}}