{"Tipo de Proyecto":{"('0069-D-2009', 0)":"PROYECTO DE RESOLUCI\u00d3N"},"Iniciado en: ":{"('0069-D-2009', 0)":"Diputados"},"Expediente Diputados: ":{"('0069-D-2009', 0)":"0069-D-2009"},"Publicado en: ":{"('0069-D-2009', 0)":"Tr\u00e1mite Parlamentario N\u00b0 1"},"Fecha: ":{"('0069-D-2009', 0)":"02\/03\/2009"},"T\u00edtulo":{"('0069-D-2009', 0)":"PEDIDO DE INFORMES AL PODER EJECUTIVO SOBRE LA AUTORIZACION DE UTILIZAR EL AVION OFICIAL \"LEAR JET 60\", MATRICULA T- 10\", AL CIUDADANO NESTOR KIRCHNER PARA REALIZAR UN VUELO A LA PROVINCIA DE JUJUY CON FINES POLITICOS."},"('Firmantes', 'FIRMANTE')":{"('0069-D-2009', 0)":"GINZBURG, NORA RAQUEL"},"('Firmantes', 'DISTRITO')":{"('0069-D-2009', 0)":"CIUDAD de BUENOS AIRES"},"('Firmantes', 'BLOQUE')":{"('0069-D-2009', 0)":"FRENTE POR LOS DERECHOS CIUDADANOS"},"('Giros', 'COMISI\u00d3N')":{"('0069-D-2009', 0)":"ASUNTOS CONSTITUCIONALES"},"Link":{"('0069-D-2009', 0)":"https:\/\/www.hcdn.gob.ar\/proyectos\/textoCompleto.jsp?exp=0069-D-2009&tipo=RESOLUCION"},"Palabra Clave":{"('0069-D-2009', 0)":" "}}