{"Tipo de Proyecto":{"('0070-S-2009', 0)":"PROYECTO DE LEY","('0070-S-2009', 1)":null},"Iniciado en: ":{"('0070-S-2009', 0)":"Senado","('0070-S-2009', 1)":null},"Expediente Senado: ":{"('0070-S-2009', 0)":"0070-S-2009","('0070-S-2009', 1)":null},"Publicado en: ":{"('0070-S-2009', 0)":"Diario de Asuntos Entrados N\u00b0 4","('0070-S-2009', 1)":null},"Fecha: ":{"('0070-S-2009', 0)":"02\/03\/2009","('0070-S-2009', 1)":null},"T\u00edtulo":{"('0070-S-2009', 0)":"PROPINA OBLIGATORIA.","('0070-S-2009', 1)":null},"('Firmantes', 'FIRMANTE')":{"('0070-S-2009', 0)":"NEGRE DE ALONSO, LILIANA T.","('0070-S-2009', 1)":"RODRIGUEZ SAA, ADOLFO"},"('Firmantes', 'DISTRITO')":{"('0070-S-2009', 0)":"SAN LUIS","('0070-S-2009', 1)":"SAN LUIS"},"('Firmantes', 'BLOQUE')":{"('0070-S-2009', 0)":"JUSTICIALISTA SAN LUIS","('0070-S-2009', 1)":"JUSTICIALISTA SAN LUIS"},"Sumario":{"('0070-S-2009', 0)":"SUJETOS; PORCENTAJE; REGISTRO; PROHIBICION DE SU DESCUENTO; EXCEPCION.","('0070-S-2009', 1)":null},"Palabra Clave":{"('0070-S-2009', 0)":" ","('0070-S-2009', 1)":null}}