{"Tipo de Proyecto":{"('0070-PE-2009', 0)":"MENSAJE NRO: 0492\/09","('0070-PE-2009', 1)":null},"Iniciado en: ":{"('0070-PE-2009', 0)":"Senado","('0070-PE-2009', 1)":null},"Expediente Senado: ":{"('0070-PE-2009', 0)":"0070-PE-2009","('0070-PE-2009', 1)":null},"Publicado en: ":{"('0070-PE-2009', 0)":"DAE S.A. N\u00b0 3","('0070-PE-2009', 1)":null},"Fecha: ":{"('0070-PE-2009', 0)":"07\/05\/2009","('0070-PE-2009', 1)":null},"T\u00edtulo":{"('0070-PE-2009', 0)":"SOLICITA ACUERDO PARA DESIGNAR VOCAL DE LA CAMARA NACIONAL DE APELACIONES EN LO CONTENCIOSO ADMINISTRATIVO FEDERAL DE LA CAPITAL FEDERAL, SALA II, AL DOCTOR LUIS MARIA MARQUEZ.","('0070-PE-2009', 1)":null},"('Firmantes', 'FIRMANTE')":{"('0070-PE-2009', 0)":"FERNANDEZ DE KIRCHNER, CRISTINA","('0070-PE-2009', 1)":"FERNANDEZ, ANIBAL"},"('Firmantes', 'DISTRITO')":{"('0070-PE-2009', 0)":null,"('0070-PE-2009', 1)":null},"('Firmantes', 'BLOQUE')":{"('0070-PE-2009', 0)":"PODER EJECUTIVO","('0070-PE-2009', 1)":"PODER EJECUTIVO"},"('Tramites', 'C\u00c1MARA')":{"('0070-PE-2009', 0)":"Senado","('0070-PE-2009', 1)":null},"('Tramites', 'MOVIMIENTO')":{"('0070-PE-2009', 0)":"CONSIDERACION Y APROBACION","('0070-PE-2009', 1)":null},"('Tramites', 'FECHA')":{"('0070-PE-2009', 0)":"05\/08\/2009","('0070-PE-2009', 1)":null},"('Tramites', 'RESULTADO')":{"('0070-PE-2009', 0)":"APROBADO","('0070-PE-2009', 1)":null},"Palabra Clave":{"('0070-PE-2009', 0)":" ","('0070-PE-2009', 1)":null}}