{"Tipo de Proyecto":{"('0071-S-2009', 0)":"PROYECTO DE LEY","('0071-S-2009', 1)":null},"Iniciado en: ":{"('0071-S-2009', 0)":"Senado","('0071-S-2009', 1)":null},"Expediente Senado: ":{"('0071-S-2009', 0)":"0071-S-2009","('0071-S-2009', 1)":null},"Publicado en: ":{"('0071-S-2009', 0)":"Diario de Asuntos Entrados N\u00b0 4","('0071-S-2009', 1)":null},"Fecha: ":{"('0071-S-2009', 0)":"02\/03\/2009","('0071-S-2009', 1)":null},"T\u00edtulo":{"('0071-S-2009', 0)":"CREACION DEL PROGRAMA NACIONAL DE INCENTIVO PARA EL DESARROLLO DE LA INVESTIGACION CIENTIFICA UNIVERSITARIA (PRONIDICU).","('0071-S-2009', 1)":null},"('Firmantes', 'FIRMANTE')":{"('0071-S-2009', 0)":"NEGRE DE ALONSO, LILIANA T.","('0071-S-2009', 1)":"RODRIGUEZ SAA, ADOLFO"},"('Firmantes', 'DISTRITO')":{"('0071-S-2009', 0)":"SAN LUIS","('0071-S-2009', 1)":"SAN LUIS"},"('Firmantes', 'BLOQUE')":{"('0071-S-2009', 0)":"JUSTICIALISTA SAN LUIS","('0071-S-2009', 1)":"JUSTICIALISTA SAN LUIS"},"Sumario":{"('0071-S-2009', 0)":"OBJETO; AUTORIDAD DE APLICACION: MINISTERIO DE CIENCIA, TECNOLOGIA E INNOVACION PRODUCTIVA DE LA NACION; BECAS; BENEFICIARIOS; REASIGNACION DE PARTIDAS PRESUPUESTARIAS.","('0071-S-2009', 1)":null},"Palabra Clave":{"('0071-S-2009', 0)":" ","('0071-S-2009', 1)":null}}