{"Tipo de Proyecto":{"('0071-D-2009', 0)":"PROYECTO DE LEY","('0071-D-2009', 1)":null},"Iniciado en: ":{"('0071-D-2009', 0)":"Diputados","('0071-D-2009', 1)":null},"Expediente Diputados: ":{"('0071-D-2009', 0)":"0071-D-2009","('0071-D-2009', 1)":null},"Publicado en: ":{"('0071-D-2009', 0)":"Tr\u00e1mite Parlamentario N\u00b0 1","('0071-D-2009', 1)":null},"Fecha: ":{"('0071-D-2009', 0)":"02\/03\/2009","('0071-D-2009', 1)":null},"T\u00edtulo":{"('0071-D-2009', 0)":"REGIMEN LEGAL APLICABLE A LAS PERSONAS MENORES DE DIECIOCHO A\u00d1OS DE EDAD INFRACTORAS DE LA LEY PENAL: DEROGACION DE LAS LEYES 20278 Y 22803, BLOQUE FEDERAL DE GARANTIAS DE LA JUSTICIA PENAL, GARANTIAS SUSTANTIVAS, GARANTIAS PROCESALES, CONCILIACION, SUSPENSION DEL JUICIO A PRUEBA, SANCIONES (REPRODUCCION DEL EXPEDIENTE 6789-D-05) (REPRODUCCION DEL EXPEDIENTE 0051-D-07).","('0071-D-2009', 1)":null},"('Firmantes', 'FIRMANTE')":{"('0071-D-2009', 0)":"GARCIA MENDEZ, EMILIO ARTURO","('0071-D-2009', 1)":null},"('Firmantes', 'DISTRITO')":{"('0071-D-2009', 0)":"CIUDAD de BUENOS AIRES","('0071-D-2009', 1)":null},"('Firmantes', 'BLOQUE')":{"('0071-D-2009', 0)":"SOLIDARIDAD E IGUALDAD (SI) - ARI (T.D.F.)","('0071-D-2009', 1)":null},"('Giros', 'COMISI\u00d3N')":{"('0071-D-2009', 0)":"LEGISLACION PENAL","('0071-D-2009', 1)":"FAMILIA, MUJER, NI\u00d1EZ Y ADOLESCENCIA"},"Palabra Clave":{"('0071-D-2009', 0)":" ","('0071-D-2009', 1)":null}}