{"Tipo de Proyecto":{"('0072-D-2009', 0)":"PROYECTO DE LEY","('0072-D-2009', 1)":null,"('0072-D-2009', 2)":null},"Iniciado en: ":{"('0072-D-2009', 0)":"Diputados","('0072-D-2009', 1)":null,"('0072-D-2009', 2)":null},"Expediente Diputados: ":{"('0072-D-2009', 0)":"0072-D-2009","('0072-D-2009', 1)":null,"('0072-D-2009', 2)":null},"Publicado en: ":{"('0072-D-2009', 0)":"Tr\u00e1mite Parlamentario N\u00b0 1","('0072-D-2009', 1)":null,"('0072-D-2009', 2)":null},"Fecha: ":{"('0072-D-2009', 0)":"02\/03\/2009","('0072-D-2009', 1)":null,"('0072-D-2009', 2)":null},"T\u00edtulo":{"('0072-D-2009', 0)":"REGIMEN DE REPARACION HISTORICA PARA LAS VICTIMAS DE LA REPRESION CON MOTIVO DE LAS JORNADAS DE PROTESTA Y MOVILIZACION DE LOS DIAS 19, 20 Y 21 DE DICIEMBRE DE 2001: INDEMNIZACIONES, BENEFICIARIOS, REQUISITOS (REPRODUCCION DEL EXPEDIENTE 2392-D-07).","('0072-D-2009', 1)":null,"('0072-D-2009', 2)":null},"('Firmantes', 'FIRMANTE')":{"('0072-D-2009', 0)":"CARLOTTO, REMO GERARDO","('0072-D-2009', 1)":null,"('0072-D-2009', 2)":null},"('Firmantes', 'DISTRITO')":{"('0072-D-2009', 0)":"BUENOS AIRES","('0072-D-2009', 1)":null,"('0072-D-2009', 2)":null},"('Firmantes', 'BLOQUE')":{"('0072-D-2009', 0)":"FRENTE PARA LA VICTORIA - PJ","('0072-D-2009', 1)":null,"('0072-D-2009', 2)":null},"('Giros', 'COMISI\u00d3N')":{"('0072-D-2009', 0)":"DERECHOS HUMANOS Y GARANTIAS","('0072-D-2009', 1)":"JUSTICIA","('0072-D-2009', 2)":"PRESUPUESTO Y HACIENDA"},"Palabra Clave":{"('0072-D-2009', 0)":" ","('0072-D-2009', 1)":null,"('0072-D-2009', 2)":null}}