{"Tipo de Proyecto":{"('0073-PE-2009', 0)":"MENSAJE NRO: 0495\/09","('0073-PE-2009', 1)":null},"Iniciado en: ":{"('0073-PE-2009', 0)":"Senado","('0073-PE-2009', 1)":null},"Expediente Senado: ":{"('0073-PE-2009', 0)":"0073-PE-2009","('0073-PE-2009', 1)":null},"Publicado en: ":{"('0073-PE-2009', 0)":"DAE S.A. N\u00b0 3","('0073-PE-2009', 1)":null},"Fecha: ":{"('0073-PE-2009', 0)":"07\/05\/2009","('0073-PE-2009', 1)":null},"T\u00edtulo":{"('0073-PE-2009', 0)":"SOLICITA ACUERDO PARA DESIGNAR FISCAL GENERAL ANTE LOS TRIBUNALES ORALES EN LO CRIMINAL FEDERAL DE LA CIUDAD DE MENDOZA, PROVINCIA DE MENDOZA, FISCALIA N\u00ba 2, A LA DOCTORA MARIA GLORIA IDARA ANDRE.","('0073-PE-2009', 1)":null},"('Firmantes', 'FIRMANTE')":{"('0073-PE-2009', 0)":"FERNANDEZ DE KIRCHNER, CRISTINA","('0073-PE-2009', 1)":"FERNANDEZ, ANIBAL"},"('Firmantes', 'DISTRITO')":{"('0073-PE-2009', 0)":null,"('0073-PE-2009', 1)":null},"('Firmantes', 'BLOQUE')":{"('0073-PE-2009', 0)":"PODER EJECUTIVO","('0073-PE-2009', 1)":"PODER EJECUTIVO"},"('Tramites', 'C\u00c1MARA')":{"('0073-PE-2009', 0)":"Senado","('0073-PE-2009', 1)":null},"('Tramites', 'MOVIMIENTO')":{"('0073-PE-2009', 0)":"CONSIDERACION Y APROBACION","('0073-PE-2009', 1)":null},"('Tramites', 'FECHA')":{"('0073-PE-2009', 0)":"05\/08\/2009","('0073-PE-2009', 1)":null},"('Tramites', 'RESULTADO')":{"('0073-PE-2009', 0)":"APROBADO","('0073-PE-2009', 1)":null},"Palabra Clave":{"('0073-PE-2009', 0)":" ","('0073-PE-2009', 1)":null}}