{"Tipo de Proyecto":{"('0074-PE-2009', 0)":"MENSAJE NRO: 0496\/09","('0074-PE-2009', 1)":null},"Iniciado en: ":{"('0074-PE-2009', 0)":"Senado","('0074-PE-2009', 1)":null},"Expediente Senado: ":{"('0074-PE-2009', 0)":"0074-PE-2009","('0074-PE-2009', 1)":null},"Publicado en: ":{"('0074-PE-2009', 0)":"DAE S.A. N\u00b0 3","('0074-PE-2009', 1)":null},"Fecha: ":{"('0074-PE-2009', 0)":"07\/05\/2009","('0074-PE-2009', 1)":null},"T\u00edtulo":{"('0074-PE-2009', 0)":"SOLICITA ACUERDO PARA DESIGNAR DEFENSOR AUXILIAR DE LA DEFENSORIA GENERAL DE LA NACION, AL DOCTOR RICARDO ANTONIO RICHIELLO.","('0074-PE-2009', 1)":null},"('Firmantes', 'FIRMANTE')":{"('0074-PE-2009', 0)":"FERNANDEZ DE KIRCHNER, CRISTINA","('0074-PE-2009', 1)":"FERNANDEZ, ANIBAL"},"('Firmantes', 'DISTRITO')":{"('0074-PE-2009', 0)":null,"('0074-PE-2009', 1)":null},"('Firmantes', 'BLOQUE')":{"('0074-PE-2009', 0)":"PODER EJECUTIVO","('0074-PE-2009', 1)":"PODER EJECUTIVO"},"('Tramites', 'C\u00c1MARA')":{"('0074-PE-2009', 0)":"Senado","('0074-PE-2009', 1)":null},"('Tramites', 'MOVIMIENTO')":{"('0074-PE-2009', 0)":"CONSIDERACION Y APROBACION","('0074-PE-2009', 1)":null},"('Tramites', 'FECHA')":{"('0074-PE-2009', 0)":"08\/07\/2009","('0074-PE-2009', 1)":null},"('Tramites', 'RESULTADO')":{"('0074-PE-2009', 0)":"APROBADO","('0074-PE-2009', 1)":null},"Palabra Clave":{"('0074-PE-2009', 0)":" ","('0074-PE-2009', 1)":null}}