{"Tipo de Proyecto":{"('0075-S-2009', 0)":"PROYECTO DE LEY","('0075-S-2009', 1)":null},"Iniciado en: ":{"('0075-S-2009', 0)":"Senado","('0075-S-2009', 1)":null},"Expediente Senado: ":{"('0075-S-2009', 0)":"0075-S-2009","('0075-S-2009', 1)":null},"Publicado en: ":{"('0075-S-2009', 0)":"Diario de Asuntos Entrados N\u00b0 4","('0075-S-2009', 1)":null},"Fecha: ":{"('0075-S-2009', 0)":"02\/03\/2009","('0075-S-2009', 1)":null},"T\u00edtulo":{"('0075-S-2009', 0)":"MODIFICACION DEL INCISO 1 DEL ARTICULO 80 DEL CODIGO PENAL RESPECTO AL VINCULO ADOPTIVO COMO AGRAVANTE DE HOMICIDIO (REPRODUCCION DEL EXPEDIENTE 1498-S-07).","('0075-S-2009', 1)":null},"('Firmantes', 'FIRMANTE')":{"('0075-S-2009', 0)":"NEGRE DE ALONSO, LILIANA T.","('0075-S-2009', 1)":"RODRIGUEZ SAA, ADOLFO"},"('Firmantes', 'DISTRITO')":{"('0075-S-2009', 0)":"SAN LUIS","('0075-S-2009', 1)":"SAN LUIS"},"('Firmantes', 'BLOQUE')":{"('0075-S-2009', 0)":"JUSTICIALISTA SAN LUIS","('0075-S-2009', 1)":"JUSTICIALISTA SAN LUIS"},"Link":{"('0075-S-2009', 0)":"http:\/\/www.senado.gov.ar\/parlamentario\/comisiones\/verExp\/75.09\/S\/PL","('0075-S-2009', 1)":null},"Palabra Clave":{"('0075-S-2009', 0)":" ","('0075-S-2009', 1)":null}}