{"Tipo de Proyecto":{"('0075-D-2009', 0)":"PROYECTO DE RESOLUCI\u00d3N","('0075-D-2009', 1)":null},"Iniciado en: ":{"('0075-D-2009', 0)":"Diputados","('0075-D-2009', 1)":null},"Expediente Diputados: ":{"('0075-D-2009', 0)":"0075-D-2009","('0075-D-2009', 1)":null},"Publicado en: ":{"('0075-D-2009', 0)":"Tr\u00e1mite Parlamentario N\u00b0 1","('0075-D-2009', 1)":null},"Fecha: ":{"('0075-D-2009', 0)":"02\/03\/2009","('0075-D-2009', 1)":null},"T\u00edtulo":{"('0075-D-2009', 0)":"SOLICITAR AL PODER EJECUTIVO DISPONGA IMPULSAR CAMPA\u00d1AS DE INFORMACION DESTINADAS A NI\u00d1OS, ADOLESCENTES Y PADRES DE LOS MISMOS A FIN DE PREVENIR EL CIBERACOSO SEXUAL INFANTIL, DENOMINADO \"GROOMING\".","('0075-D-2009', 1)":null},"('Firmantes', 'FIRMANTE')":{"('0075-D-2009', 0)":"ITURRIETA, MIGUEL ANGEL","('0075-D-2009', 1)":"BIANCO, LIA FABIOLA"},"('Firmantes', 'DISTRITO')":{"('0075-D-2009', 0)":"MISIONES","('0075-D-2009', 1)":"MISIONES"},"('Firmantes', 'BLOQUE')":{"('0075-D-2009', 0)":"FRENTE PARA LA VICTORIA - PJ","('0075-D-2009', 1)":"FRENTE PARA LA VICTORIA - PJ"},"('Giros', 'COMISI\u00d3N')":{"('0075-D-2009', 0)":"FAMILIA, MUJER, NI\u00d1EZ Y ADOLESCENCIA","('0075-D-2009', 1)":null},"Link":{"('0075-D-2009', 0)":"https:\/\/www.hcdn.gob.ar\/proyectos\/textoCompleto.jsp?exp=0075-D-2009&tipo=RESOLUCION","('0075-D-2009', 1)":null},"Palabra Clave":{"('0075-D-2009', 0)":" ","('0075-D-2009', 1)":null}}