{"Tipo de Proyecto":{"('0076-S-2009', 0)":"MENSAJE NRO: 0689\/09 Y PROYECTO DE LEY","('0076-S-2009', 1)":null,"('0076-S-2009', 2)":null},"Iniciado en: ":{"('0076-S-2009', 0)":"Senado","('0076-S-2009', 1)":null,"('0076-S-2009', 2)":null},"Expediente Diputados: ":{"('0076-S-2009', 0)":"0076-S-2009","('0076-S-2009', 1)":null,"('0076-S-2009', 2)":null},"Expediente Senado: ":{"('0076-S-2009', 0)":"0100-PE-2009","('0076-S-2009', 1)":null,"('0076-S-2009', 2)":null},"Publicado en: ":{"('0076-S-2009', 0)":"Diario de Asuntos Entrados N\u00b0 81","('0076-S-2009', 1)":null,"('0076-S-2009', 2)":null},"Fecha: ":{"('0076-S-2009', 0)":"11\/06\/2009","('0076-S-2009', 1)":null,"('0076-S-2009', 2)":null},"T\u00edtulo":{"('0076-S-2009', 0)":"CREACION DE TRIBUNALES ORALES EN LO CRIMINAL FEDERAL CON ASIENTO EN LA CAPITAL FEDERAL Y EN LAS CIUDADES DE CORDOBA, LA PLATA, ROSARIO Y SALTA, ASI COMO TAMBIEN DE LOS RESPECTIVOS ORGANOS DEL MINISTERIO PUBLICO FISCAL Y DE LA DEFENSA.","('0076-S-2009', 1)":null,"('0076-S-2009', 2)":null},"('Firmantes', 'FIRMANTE')":{"('0076-S-2009', 0)":"FERNANDEZ DE KIRCHNER, CRISTINA","('0076-S-2009', 1)":"MASSA, SERGIO TOMAS","('0076-S-2009', 2)":"FERNANDEZ, ANIBAL"},"('Firmantes', 'DISTRITO')":{"('0076-S-2009', 0)":null,"('0076-S-2009', 1)":null,"('0076-S-2009', 2)":null},"('Firmantes', 'BLOQUE')":{"('0076-S-2009', 0)":"PODER EJECUTIVO","('0076-S-2009', 1)":"PODER EJECUTIVO","('0076-S-2009', 2)":"PODER EJECUTIVO"},"('Giros', 'COMISI\u00d3N')":{"('0076-S-2009', 0)":"JUSTICIA","('0076-S-2009', 1)":"PRESUPUESTO Y HACIENDA","('0076-S-2009', 2)":null},"('Tramites', 'C\u00c1MARA')":{"('0076-S-2009', 0)":"Senado","('0076-S-2009', 1)":"Diputados","('0076-S-2009', 2)":"Diputados"},"('Tramites', 'MOVIMIENTO')":{"('0076-S-2009', 0)":"CONSIDERACION Y APROBACION","('0076-S-2009', 1)":"PASA A DIPUTADOS -","('0076-S-2009', 2)":"CONSIDERACION Y SANCION"},"('Tramites', 'FECHA')":{"('0076-S-2009', 0)":"21\/10\/2009","('0076-S-2009', 1)":null,"('0076-S-2009', 2)":"11\/08\/2010"},"('Tramites', 'RESULTADO')":{"('0076-S-2009', 0)":"MEDIA SANCION","('0076-S-2009', 1)":null,"('0076-S-2009', 2)":"SANCIONADO"},"Link":{"('0076-S-2009', 0)":"https:\/\/www4.hcdn.gob.ar\/dependencias\/dsecretaria\/Periodo2009\/PDF2009\/TP2009\/0076-S-09.pdf","('0076-S-2009', 1)":null,"('0076-S-2009', 2)":null},"Palabra Clave":{"('0076-S-2009', 0)":" ","('0076-S-2009', 1)":null,"('0076-S-2009', 2)":null}}