{"Tipo de Proyecto":{"('0078-S-2009', 0)":"PROYECTO DE LEY","('0078-S-2009', 1)":null},"Iniciado en: ":{"('0078-S-2009', 0)":"Senado","('0078-S-2009', 1)":null},"Expediente Senado: ":{"('0078-S-2009', 0)":"0078-S-2009","('0078-S-2009', 1)":null},"Publicado en: ":{"('0078-S-2009', 0)":"Diario de Asuntos Entrados N\u00b0 4","('0078-S-2009', 1)":null},"Fecha: ":{"('0078-S-2009', 0)":"02\/03\/2009","('0078-S-2009', 1)":null},"T\u00edtulo":{"('0078-S-2009', 0)":"MODIFICACION DE LA LEY 24779, REGIMEN DE ADOPCION, RESPECTO A LA ADOPCION DEL HIJO DEL CONYUGE Y EDADES (REPRODUCCION DEL EXPEDIENTE 0290-S-07).","('0078-S-2009', 1)":null},"('Firmantes', 'FIRMANTE')":{"('0078-S-2009', 0)":"NEGRE DE ALONSO, LILIANA T.","('0078-S-2009', 1)":"RODRIGUEZ SAA, ADOLFO"},"('Firmantes', 'DISTRITO')":{"('0078-S-2009', 0)":"SAN LUIS","('0078-S-2009', 1)":"SAN LUIS"},"('Firmantes', 'BLOQUE')":{"('0078-S-2009', 0)":"JUSTICIALISTA SAN LUIS","('0078-S-2009', 1)":"JUSTICIALISTA SAN LUIS"},"Sumario":{"('0078-S-2009', 0)":"MODIFICACION DE LOS ARTICULOS 312, 313; INCORPORACION DEL INCISO D) AL ARTICULO 320, DE INCISO F) DEL ARTICULO 325; INCORPORACION DE ULTIMO PARRAFO AL ARTICULO 326","('0078-S-2009', 1)":null},"Palabra Clave":{"('0078-S-2009', 0)":" ","('0078-S-2009', 1)":null}}