{"Tipo de Proyecto":{"('0079-OV-2009', 0)":"PROYECTO DE RESOLUCI\u00d3N","('0079-OV-2009', 1)":null,"('0079-OV-2009', 2)":null,"('0079-OV-2009', 3)":null},"Iniciado en: ":{"('0079-OV-2009', 0)":"Senado","('0079-OV-2009', 1)":null,"('0079-OV-2009', 2)":null,"('0079-OV-2009', 3)":null},"Expediente Senado: ":{"('0079-OV-2009', 0)":"0079-OV-2009","('0079-OV-2009', 1)":null,"('0079-OV-2009', 2)":null,"('0079-OV-2009', 3)":null},"Fecha: ":{"('0079-OV-2009', 0)":"10\/11\/2010","('0079-OV-2009', 1)":null,"('0079-OV-2009', 2)":null,"('0079-OV-2009', 3)":null},"T\u00edtulo":{"('0079-OV-2009', 0)":"PEDIDO DE INFORMES AL PODER EJECUTIVO SOBRE RESOLUCION REMITIDA POR LA AUDITORIA GENERAL DE LA NACION APROBANDO EL INFORME DEL AUDITOR Y EL MEMORANDO SOBRE EL SISTEMA DE CONTROL INTERNO REFERIDOS AL BANCO DE INVERSION Y COMERCIO EXTERIOR S.A. (BICE S.A) - ESTADOS CONTABLES AL 30 DE SEPTIEMBRE DE 2008 DEL FONDO FIDEICOMISO DEL BICE S.A. CON LA SECRETARIA DE HACIENDA DE LA NACION.","('0079-OV-2009', 1)":null,"('0079-OV-2009', 2)":null,"('0079-OV-2009', 3)":null},"('Firmantes', 'FIRMANTE')":{"('0079-OV-2009', 0)":"PARLAMENTARIA MIXTA REVISORA DE CUENTAS","('0079-OV-2009', 1)":null,"('0079-OV-2009', 2)":null,"('0079-OV-2009', 3)":null},"('Firmantes', 'DISTRITO')":{"('0079-OV-2009', 0)":null,"('0079-OV-2009', 1)":null,"('0079-OV-2009', 2)":null,"('0079-OV-2009', 3)":null},"('Firmantes', 'BLOQUE')":{"('0079-OV-2009', 0)":null,"('0079-OV-2009', 1)":null,"('0079-OV-2009', 2)":null,"('0079-OV-2009', 3)":null},"('Tramites', 'C\u00c1MARA')":{"('0079-OV-2009', 0)":"Senado","('0079-OV-2009', 1)":"Diputados","('0079-OV-2009', 2)":"Senado","('0079-OV-2009', 3)":"Senado"},"('Tramites', 'MOVIMIENTO')":{"('0079-OV-2009', 0)":"CONSIDERACION Y APROBACION","('0079-OV-2009', 1)":"PASA A DIPUTADOS -","('0079-OV-2009', 2)":"CONTESTACION DEL PODER EJECUTIVO NACIONAL - GIRADO A LA COMISION RESPECTIVA","('0079-OV-2009', 3)":null},"('Tramites', 'FECHA')":{"('0079-OV-2009', 0)":"30\/03\/2011","('0079-OV-2009', 1)":"30\/11\/2011","('0079-OV-2009', 2)":"14\/12\/2011","('0079-OV-2009', 3)":null},"('Tramites', 'RESULTADO')":{"('0079-OV-2009', 0)":"APROBADO","('0079-OV-2009', 1)":null,"('0079-OV-2009', 2)":null,"('0079-OV-2009', 3)":null},"Link":{"('0079-OV-2009', 0)":"http:\/\/www.senado.gov.ar\/parlamentario\/comisiones\/verExp\/79.09\/OV\/PR","('0079-OV-2009', 1)":null,"('0079-OV-2009', 2)":null,"('0079-OV-2009', 3)":null},"Palabra Clave":{"('0079-OV-2009', 0)":" ","('0079-OV-2009', 1)":null,"('0079-OV-2009', 2)":null,"('0079-OV-2009', 3)":null}}