{"Tipo de Proyecto":{"('0081-S-2009', 0)":"PROYECTO DE DECLARACI\u00d3N","('0081-S-2009', 1)":null},"Iniciado en: ":{"('0081-S-2009', 0)":"Senado","('0081-S-2009', 1)":null},"Expediente Senado: ":{"('0081-S-2009', 0)":"0081-S-2009","('0081-S-2009', 1)":null},"Publicado en: ":{"('0081-S-2009', 0)":"Diario de Asuntos Entrados N\u00b0 5","('0081-S-2009', 1)":null},"Fecha: ":{"('0081-S-2009', 0)":"02\/03\/2009","('0081-S-2009', 1)":null},"T\u00edtulo":{"('0081-S-2009', 0)":"ADHERIR A LA CONMEMORACION DEL CUARTO ANIVERSARIO DE LA DESAPARICION FISICA DE SU SANTIDAD EL PAPA JUAN PABLO II, EL 2 DE ABRIL.","('0081-S-2009', 1)":null},"('Firmantes', 'FIRMANTE')":{"('0081-S-2009', 0)":"NEGRE DE ALONSO, LILIANA T.","('0081-S-2009', 1)":"RODRIGUEZ SAA, ADOLFO"},"('Firmantes', 'DISTRITO')":{"('0081-S-2009', 0)":"SAN LUIS","('0081-S-2009', 1)":"SAN LUIS"},"('Firmantes', 'BLOQUE')":{"('0081-S-2009', 0)":"JUSTICIALISTA SAN LUIS","('0081-S-2009', 1)":"JUSTICIALISTA SAN LUIS"},"('Tramites', 'C\u00c1MARA')":{"('0081-S-2009', 0)":"Senado","('0081-S-2009', 1)":"Senado"},"('Tramites', 'MOVIMIENTO')":{"('0081-S-2009', 0)":"MOCION SOBRE TABLAS (AFIRMATIVA)","('0081-S-2009', 1)":"CONSIDERACION Y APROBACION"},"('Tramites', 'FECHA')":{"('0081-S-2009', 0)":"04\/03\/2009","('0081-S-2009', 1)":"04\/03\/2009"},"('Tramites', 'RESULTADO')":{"('0081-S-2009', 0)":null,"('0081-S-2009', 1)":"APROBADO"},"Link":{"('0081-S-2009', 0)":"http:\/\/www.senado.gov.ar\/parlamentario\/comisiones\/verExp\/81.09\/S\/PD","('0081-S-2009', 1)":null},"Palabra Clave":{"('0081-S-2009', 0)":" ","('0081-S-2009', 1)":null}}