{"Tipo de Proyecto":{"('0082-PE-2009', 0)":"MENSAJE NRO: 0504\/09","('0082-PE-2009', 1)":null},"Iniciado en: ":{"('0082-PE-2009', 0)":"Senado","('0082-PE-2009', 1)":null},"Expediente Senado: ":{"('0082-PE-2009', 0)":"0082-PE-2009","('0082-PE-2009', 1)":null},"Publicado en: ":{"('0082-PE-2009', 0)":"DAE S.A. N\u00b0 3","('0082-PE-2009', 1)":null},"Fecha: ":{"('0082-PE-2009', 0)":"07\/05\/2009","('0082-PE-2009', 1)":null},"T\u00edtulo":{"('0082-PE-2009', 0)":"SOLICITA ACUERDO PARA DESIGNAR DEFENSOR PUBLICO OFICIAL ANTE LOS JUZGADO NACIONALES EN LO CORRECCIONAL Y CAMARA NACIONAL DE APELACIONES EN LO CRIMINAL Y CORRECCIONAL DE LA CAPITAL FEDERAL, DEFENSORIA N\u00ba 4 A LA DOCTORA KARINA ANDREA BIANCHI.","('0082-PE-2009', 1)":null},"('Firmantes', 'FIRMANTE')":{"('0082-PE-2009', 0)":"FERNANDEZ DE KIRCHNER, CRISTINA","('0082-PE-2009', 1)":"FERNANDEZ, ANIBAL"},"('Firmantes', 'DISTRITO')":{"('0082-PE-2009', 0)":null,"('0082-PE-2009', 1)":null},"('Firmantes', 'BLOQUE')":{"('0082-PE-2009', 0)":"PODER EJECUTIVO","('0082-PE-2009', 1)":"PODER EJECUTIVO"},"('Tramites', 'C\u00c1MARA')":{"('0082-PE-2009', 0)":"Senado","('0082-PE-2009', 1)":null},"('Tramites', 'MOVIMIENTO')":{"('0082-PE-2009', 0)":"CONSIDERACION Y APROBACION","('0082-PE-2009', 1)":null},"('Tramites', 'FECHA')":{"('0082-PE-2009', 0)":"05\/08\/2009","('0082-PE-2009', 1)":null},"('Tramites', 'RESULTADO')":{"('0082-PE-2009', 0)":"APROBADO","('0082-PE-2009', 1)":null},"Palabra Clave":{"('0082-PE-2009', 0)":" ","('0082-PE-2009', 1)":null}}