{"Tipo de Proyecto":{"('0083-S-2009', 0)":"PROYECTO DE DECLARACI\u00d3N","('0083-S-2009', 1)":null},"Iniciado en: ":{"('0083-S-2009', 0)":"Senado","('0083-S-2009', 1)":null},"Expediente Senado: ":{"('0083-S-2009', 0)":"0083-S-2009","('0083-S-2009', 1)":null},"Publicado en: ":{"('0083-S-2009', 0)":"Diario de Asuntos Entrados N\u00b0 5","('0083-S-2009', 1)":null},"Fecha: ":{"('0083-S-2009', 0)":"02\/03\/2009","('0083-S-2009', 1)":null},"T\u00edtulo":{"('0083-S-2009', 0)":"RENDIR HOMENAJE A TODOS LOS HEROES CAIDOS Y COMBATIENTES QUE PARTICIPARON EN LA GESTA DE MALVINAS, AL CUMPLIRSE EL 27 ANIVERSARIO DE LA MISMA EL 2 DE ABRIL. ","('0083-S-2009', 1)":null},"('Firmantes', 'FIRMANTE')":{"('0083-S-2009', 0)":"NEGRE DE ALONSO, LILIANA T.","('0083-S-2009', 1)":"RODRIGUEZ SAA, ADOLFO"},"('Firmantes', 'DISTRITO')":{"('0083-S-2009', 0)":"SAN LUIS","('0083-S-2009', 1)":"SAN LUIS"},"('Firmantes', 'BLOQUE')":{"('0083-S-2009', 0)":"JUSTICIALISTA SAN LUIS","('0083-S-2009', 1)":"JUSTICIALISTA SAN LUIS"},"('Tramites', 'C\u00c1MARA')":{"('0083-S-2009', 0)":"Senado","('0083-S-2009', 1)":"Senado"},"('Tramites', 'MOVIMIENTO')":{"('0083-S-2009', 0)":"MOCION SOBRE TABLAS (AFIRMATIVA)","('0083-S-2009', 1)":"CONSIDERACION Y APROBACION"},"('Tramites', 'FECHA')":{"('0083-S-2009', 0)":"04\/03\/2009","('0083-S-2009', 1)":"04\/03\/2009"},"('Tramites', 'RESULTADO')":{"('0083-S-2009', 0)":null,"('0083-S-2009', 1)":"APROBADO"},"Link":{"('0083-S-2009', 0)":"http:\/\/www.senado.gov.ar\/parlamentario\/comisiones\/verExp\/83.09\/S\/PD","('0083-S-2009', 1)":null},"Palabra Clave":{"('0083-S-2009', 0)":" ","('0083-S-2009', 1)":null}}