{"Tipo de Proyecto":{"('0083-PE-2009', 0)":"MENSAJE NRO: 0505\/09","('0083-PE-2009', 1)":null},"Iniciado en: ":{"('0083-PE-2009', 0)":"Senado","('0083-PE-2009', 1)":null},"Expediente Senado: ":{"('0083-PE-2009', 0)":"0083-PE-2009","('0083-PE-2009', 1)":null},"Publicado en: ":{"('0083-PE-2009', 0)":"DAE S.A. N\u00b0 3","('0083-PE-2009', 1)":null},"Fecha: ":{"('0083-PE-2009', 0)":"07\/05\/2009","('0083-PE-2009', 1)":null},"T\u00edtulo":{"('0083-PE-2009', 0)":"SOLICITA ACUERDO PARA DESIGNAR DEFENSOR PUBLICO OFICIAL ANTE LOS TRIBUNALES FEDERALES DE PRIMERA Y SEGUNDA INSTANCIA DE RESISTENCIA, PROVINCIA DEL CHACO, AL DOCTOR GONZALO JAVIER MOLINA.","('0083-PE-2009', 1)":null},"('Firmantes', 'FIRMANTE')":{"('0083-PE-2009', 0)":"FERNANDEZ DE KIRCHNER, CRISTINA","('0083-PE-2009', 1)":"FERNANDEZ, ANIBAL"},"('Firmantes', 'DISTRITO')":{"('0083-PE-2009', 0)":null,"('0083-PE-2009', 1)":null},"('Firmantes', 'BLOQUE')":{"('0083-PE-2009', 0)":"PODER EJECUTIVO","('0083-PE-2009', 1)":"PODER EJECUTIVO"},"('Tramites', 'C\u00c1MARA')":{"('0083-PE-2009', 0)":"Senado","('0083-PE-2009', 1)":null},"('Tramites', 'MOVIMIENTO')":{"('0083-PE-2009', 0)":"CONSIDERACION Y APROBACION","('0083-PE-2009', 1)":null},"('Tramites', 'FECHA')":{"('0083-PE-2009', 0)":"05\/08\/2009","('0083-PE-2009', 1)":null},"('Tramites', 'RESULTADO')":{"('0083-PE-2009', 0)":"APROBADO","('0083-PE-2009', 1)":null},"Palabra Clave":{"('0083-PE-2009', 0)":" ","('0083-PE-2009', 1)":null}}