{"Tipo de Proyecto":{"('0085-PE-2009', 0)":"MENSAJE NRO: 0507\/09","('0085-PE-2009', 1)":null},"Iniciado en: ":{"('0085-PE-2009', 0)":"Senado","('0085-PE-2009', 1)":null},"Expediente Senado: ":{"('0085-PE-2009', 0)":"0085-PE-2009","('0085-PE-2009', 1)":null},"Publicado en: ":{"('0085-PE-2009', 0)":"DAE S.A. N\u00b0 3","('0085-PE-2009', 1)":null},"Fecha: ":{"('0085-PE-2009', 0)":"07\/05\/2009","('0085-PE-2009', 1)":null},"T\u00edtulo":{"('0085-PE-2009', 0)":"SOLICITA ACUERDO PARA DESIGNAR DEFENSOR PUBLICO OFICIAL ANTE LOS JUZGADO Y CAMARA NACIONAL DE APELACIONES EN LO CIVIL COMERCIAL Y DEL TRABAJO DE LA CAPITAL FEDERAL, DEFENSORIA N\u00ba 3 AL DOCTOR HECTOR ANIBAL COPELLO.","('0085-PE-2009', 1)":null},"('Firmantes', 'FIRMANTE')":{"('0085-PE-2009', 0)":"FERNANDEZ DE KIRCHNER, CRISTINA","('0085-PE-2009', 1)":"FERNANDEZ, ANIBAL"},"('Firmantes', 'DISTRITO')":{"('0085-PE-2009', 0)":null,"('0085-PE-2009', 1)":null},"('Firmantes', 'BLOQUE')":{"('0085-PE-2009', 0)":"PODER EJECUTIVO","('0085-PE-2009', 1)":"PODER EJECUTIVO"},"('Tramites', 'C\u00c1MARA')":{"('0085-PE-2009', 0)":"Senado","('0085-PE-2009', 1)":null},"('Tramites', 'MOVIMIENTO')":{"('0085-PE-2009', 0)":"CONSIDERACION Y APROBACION","('0085-PE-2009', 1)":null},"('Tramites', 'FECHA')":{"('0085-PE-2009', 0)":"05\/08\/2009","('0085-PE-2009', 1)":null},"('Tramites', 'RESULTADO')":{"('0085-PE-2009', 0)":"APROBADO","('0085-PE-2009', 1)":null},"Palabra Clave":{"('0085-PE-2009', 0)":" ","('0085-PE-2009', 1)":null}}