{"Tipo de Proyecto":{"('0086-OV-2009', 0)":"PROYECTO DE RESOLUCI\u00d3N"},"Iniciado en: ":{"('0086-OV-2009', 0)":"Senado"},"Expediente Senado: ":{"('0086-OV-2009', 0)":"0086-OV-2009"},"Fecha: ":{"('0086-OV-2009', 0)":"02\/09\/2010"},"T\u00edtulo":{"('0086-OV-2009', 0)":"RESOLUCIONES REMITIDAS POR LA AUDITORIA GENERAL DE LA NACION SOBRE LOS ESTADOS CONTABLES AL 31 DE MARZO DE 2008 (0086-OV-09), AL 30 DE JUNIO DE 2008 (0131-OV-09), INFORME DE REVISION LIMITADA - ESTADOS CONTABLES AL 30 DE SEPTIEMBRE DE 2009 (0136-OV-09) Y AL 31 DE DICIEMBRE DE 2008 (0211-OV-09), EN EL AMBITO DEL BANCO DE LA NACION ARGENTINA."},"('Firmantes', 'FIRMANTE')":{"('0086-OV-2009', 0)":"PARLAMENTARIA MIXTA REVISORA DE CUENTAS"},"('Firmantes', 'DISTRITO')":{"('0086-OV-2009', 0)":null},"('Firmantes', 'BLOQUE')":{"('0086-OV-2009', 0)":null},"('Tramites', 'C\u00c1MARA')":{"('0086-OV-2009', 0)":"Senado"},"('Tramites', 'MOVIMIENTO')":{"('0086-OV-2009', 0)":"CONSIDERACION Y APROBACION (AL ARCHIVO)"},"('Tramites', 'FECHA')":{"('0086-OV-2009', 0)":"30\/03\/2011"},"('Tramites', 'RESULTADO')":{"('0086-OV-2009', 0)":"APROBADO"},"Sumario":{"('0086-OV-2009', 0)":"HABIENDO TOMADO CONOCIMIENTO, Y SIN PERJUICIO DE ULTERIORES MEDIDAS QUE PUEDAN ADOPTARSE, SE ACONSEJA SU REMISION AL ARCHIVO."},"Palabra Clave":{"('0086-OV-2009', 0)":" "}}