{"Tipo de Proyecto":{"('0086-P-2009', 0)":"PROYECTO DE RESOLUCI\u00d3N"},"Iniciado en: ":{"('0086-P-2009', 0)":"Diputados"},"Expediente Diputados: ":{"('0086-P-2009', 0)":"0086-P-2009"},"Fecha: ":{"('0086-P-2009', 0)":"23\/06\/2009"},"T\u00edtulo":{"('0086-P-2009', 0)":"RECHAZAR EL PEDIDO DE JUICIO POLITICO PROMOVIDO POR EL SE\u00d1OR LUIS FERNANDEZ GARCIA A LA SE\u00d1ORA MINISTRA DE DEFENSA, DOCTORA NILDA GARRE, POR MAL DESEMPE\u00d1O EN EL EJERCICIO DE SUS FUNCIONES."},"('Firmantes', 'FIRMANTE')":{"('0086-P-2009', 0)":"JUICIO POLITICO"},"('Firmantes', 'DISTRITO')":{"('0086-P-2009', 0)":null},"('Firmantes', 'BLOQUE')":{"('0086-P-2009', 0)":null},"('Giros', 'COMISI\u00d3N')":{"('0086-P-2009', 0)":"JUICIO POLITICO"},"Palabra Clave":{"('0086-P-2009', 0)":" "}}