{"Tipo de Proyecto":{"('0087-S-2009', 0)":"MENSAJE NRO: 0323\/09 Y PROYECTO DE LEY","('0087-S-2009', 1)":null,"('0087-S-2009', 2)":null,"('0087-S-2009', 3)":null},"Iniciado en: ":{"('0087-S-2009', 0)":"Senado","('0087-S-2009', 1)":null,"('0087-S-2009', 2)":null,"('0087-S-2009', 3)":null},"Expediente Diputados: ":{"('0087-S-2009', 0)":"0087-S-2009","('0087-S-2009', 1)":null,"('0087-S-2009', 2)":null,"('0087-S-2009', 3)":null},"Expediente Senado: ":{"('0087-S-2009', 0)":"0019-PE-2009","('0087-S-2009', 1)":null,"('0087-S-2009', 2)":null,"('0087-S-2009', 3)":null},"Publicado en: ":{"('0087-S-2009', 0)":"Diario de Asuntos Entrados N\u00b0 48","('0087-S-2009', 1)":null,"('0087-S-2009', 2)":null,"('0087-S-2009', 3)":null},"Fecha: ":{"('0087-S-2009', 0)":"17\/04\/2009","('0087-S-2009', 1)":null,"('0087-S-2009', 2)":null,"('0087-S-2009', 3)":null},"T\u00edtulo":{"('0087-S-2009', 0)":"APROBACION DEL PROTOCOLO MODIFICATORIO DEL ARTICULO 4 DEL ACUERDO DE SEDE CON LA ORGANIZACION IBEROAMERICANA DE SEGURIDAD SOCIAL, DE 1979 Y SU MODIFICACION DE 1982, ADOPTADO EN MADRID, REINO DE ESPA\u00d1A, EL 8 DE OCTUBRE DE 2007. ","('0087-S-2009', 1)":null,"('0087-S-2009', 2)":null,"('0087-S-2009', 3)":null},"('Firmantes', 'FIRMANTE')":{"('0087-S-2009', 0)":"FERNANDEZ DE KIRCHNER, CRISTINA","('0087-S-2009', 1)":"MASSA, SERGIO TOMAS","('0087-S-2009', 2)":"TAIANA, JORGE ENRIQUE","('0087-S-2009', 3)":null},"('Firmantes', 'DISTRITO')":{"('0087-S-2009', 0)":null,"('0087-S-2009', 1)":null,"('0087-S-2009', 2)":null,"('0087-S-2009', 3)":null},"('Firmantes', 'BLOQUE')":{"('0087-S-2009', 0)":"PODER EJECUTIVO","('0087-S-2009', 1)":"PODER EJECUTIVO","('0087-S-2009', 2)":"PODER EJECUTIVO","('0087-S-2009', 3)":null},"('Giros', 'COMISI\u00d3N')":{"('0087-S-2009', 0)":"RELACIONES EXTERIORES Y CULTO","('0087-S-2009', 1)":"PRESUPUESTO Y HACIENDA","('0087-S-2009', 2)":null,"('0087-S-2009', 3)":null},"('Tramites', 'C\u00c1MARA')":{"('0087-S-2009', 0)":"Senado","('0087-S-2009', 1)":"Senado","('0087-S-2009', 2)":"Diputados","('0087-S-2009', 3)":"Diputados"},"('Tramites', 'MOVIMIENTO')":{"('0087-S-2009', 0)":"CONSIDERACION Y APROBACION","('0087-S-2009', 1)":"INSERCION","('0087-S-2009', 2)":"PASA A DIPUTADOS -","('0087-S-2009', 3)":"CONSIDERACION Y SANCION"},"('Tramites', 'FECHA')":{"('0087-S-2009', 0)":"18\/11\/2009","('0087-S-2009', 1)":"18\/11\/2009","('0087-S-2009', 2)":null,"('0087-S-2009', 3)":"11\/08\/2010"},"('Tramites', 'RESULTADO')":{"('0087-S-2009', 0)":"MEDIA SANCION","('0087-S-2009', 1)":null,"('0087-S-2009', 2)":null,"('0087-S-2009', 3)":"SANCIONADO"},"Link":{"('0087-S-2009', 0)":"https:\/\/www4.hcdn.gob.ar\/dependencias\/dsecretaria\/Periodo2009\/PDF2009\/TP2009\/0087-S-09.pdf","('0087-S-2009', 1)":null,"('0087-S-2009', 2)":null,"('0087-S-2009', 3)":null},"Palabra Clave":{"('0087-S-2009', 0)":" ","('0087-S-2009', 1)":null,"('0087-S-2009', 2)":null,"('0087-S-2009', 3)":null}}