{"Tipo de Proyecto":{"('0087-P-2009', 0)":"PROYECTO DE RESOLUCI\u00d3N"},"Iniciado en: ":{"('0087-P-2009', 0)":"Diputados"},"Expediente Diputados: ":{"('0087-P-2009', 0)":"0087-P-2009"},"Publicado en: ":{"('0087-P-2009', 0)":"BAE N\u00b0 16"},"Fecha: ":{"('0087-P-2009', 0)":"23\/06\/2009"},"T\u00edtulo":{"('0087-P-2009', 0)":"RECHAZAR EL PEDIDO DE JUICIO POLITICO PROMOVIDO POR EL SE\u00d1OR BERNARDO GARCIA LEONE A LA SE\u00d1ORA PRESIDENTA DE LA NACION, DOCTORA CRISTINA FERNANDEZ DE KIRCHNER, POR MAL DESEMPE\u00d1O EN SUS FUNCIONES."},"('Firmantes', 'FIRMANTE')":{"('0087-P-2009', 0)":"JUICIO POLITICO"},"('Firmantes', 'DISTRITO')":{"('0087-P-2009', 0)":null},"('Firmantes', 'BLOQUE')":{"('0087-P-2009', 0)":null},"('Giros', 'COMISI\u00d3N')":{"('0087-P-2009', 0)":"JUICIO POLITICO"},"Palabra Clave":{"('0087-P-2009', 0)":" "}}