{"Tipo de Proyecto":{"('0090-S-2009', 0)":"PROYECTO DE LEY"},"Iniciado en: ":{"('0090-S-2009', 0)":"Senado"},"Expediente Senado: ":{"('0090-S-2009', 0)":"0090-S-2009"},"Publicado en: ":{"('0090-S-2009', 0)":"Diario de Asuntos Entrados N\u00b0 5"},"Fecha: ":{"('0090-S-2009', 0)":"02\/03\/2009"},"T\u00edtulo":{"('0090-S-2009', 0)":"DISPONER LA REVISION E INCORPORACION EN LOS CONTENIDOS HISTORICOS Y CIRCUNSTANCIAS RELACIONADOS CON LA REAL CONTRIBUCION DEL GENERAL MARTIN MIGUEL DE G\u00dcEMES EN LA DEFENSA DE LA NACION ARGENTINA (REPRODUCCION DEL EXPEDIENTE 0292-S-07)."},"('Firmantes', 'FIRMANTE')":{"('0090-S-2009', 0)":"ESCUDERO, SONIA MARGARITA"},"('Firmantes', 'DISTRITO')":{"('0090-S-2009', 0)":"SALTA"},"('Firmantes', 'BLOQUE')":{"('0090-S-2009', 0)":"JUSTICIALISTA 8 DE OCTUBRE"},"('Tramites', 'C\u00c1MARA')":{"('0090-S-2009', 0)":"Senado"},"('Tramites', 'MOVIMIENTO')":{"('0090-S-2009', 0)":"REPRODUCIDO POR EXPEDIENTE 0338-S-11"},"('Tramites', 'FECHA')":{"('0090-S-2009', 0)":null},"('Tramites', 'RESULTADO')":{"('0090-S-2009', 0)":null},"Link":{"('0090-S-2009', 0)":"http:\/\/www.senado.gov.ar\/parlamentario\/comisiones\/verExp\/90.09\/S\/PL"},"Palabra Clave":{"('0090-S-2009', 0)":" "}}