{"Tipo de Proyecto":{"('0091-S-2009', 0)":"PROYECTO DE LEY"},"Iniciado en: ":{"('0091-S-2009', 0)":"Senado"},"Expediente Senado: ":{"('0091-S-2009', 0)":"0091-S-2009"},"Publicado en: ":{"('0091-S-2009', 0)":"Diario de Asuntos Entrados N\u00b0 5"},"Fecha: ":{"('0091-S-2009', 0)":"02\/03\/2009"},"T\u00edtulo":{"('0091-S-2009', 0)":"CONSIDERAR COMPRENDIDAS EN EL ARTICULO 17 DEL CODIGO CIVIL, A LAS COSTUMBRES DE LAS COMUNIDADES INDIGENAS RESPECTO DE LA AGRICULTURA, CAZA Y PESCA, GENERANDO DERECHOS INDIVIDUALES Y COLECTIVOS. (REPRODUCCION DEL EXPEDIENTE 0455-S-07)."},"('Firmantes', 'FIRMANTE')":{"('0091-S-2009', 0)":"ESCUDERO, SONIA MARGARITA"},"('Firmantes', 'DISTRITO')":{"('0091-S-2009', 0)":"SALTA"},"('Firmantes', 'BLOQUE')":{"('0091-S-2009', 0)":"JUSTICIALISTA 8 DE OCTUBRE"},"Sumario":{"('0091-S-2009', 0)":"DICHAS ACTIVIDADES DEBERAN DESARROLLARSE EN LOS BIENES DEL DOMINIO PRIVADO DEL ESTADO."},"Palabra Clave":{"('0091-S-2009', 0)":" "}}