{"Tipo de Proyecto":{"('0092-S-2009', 0)":"PROYECTO DE LEY"},"Iniciado en: ":{"('0092-S-2009', 0)":"Senado"},"Expediente Senado: ":{"('0092-S-2009', 0)":"0092-S-2009"},"Publicado en: ":{"('0092-S-2009', 0)":"Diario de Asuntos Entrados N\u00b0 5"},"Fecha: ":{"('0092-S-2009', 0)":"02\/03\/2009"},"T\u00edtulo":{"('0092-S-2009', 0)":"INCORPORACION DE INCISO H) AL ARTICULO 17 DE LA LEY 17671 DE IDENTIFICACION, REGISTRO Y CLASIFICACION DEL POTENCIAL HUMANO NACIONAL SOBRE EL REGISTRO A SOLICITUD DEL CIUDADANO INDIGENA DE LA ETNIA A LA QUE PERTENECE Y COMUNIDAD DONDE RESIDE (REPRODUCCION DEL EXPEDIENTE 0459-S-07)."},"('Firmantes', 'FIRMANTE')":{"('0092-S-2009', 0)":"ESCUDERO, SONIA MARGARITA"},"('Firmantes', 'DISTRITO')":{"('0092-S-2009', 0)":"SALTA"},"('Firmantes', 'BLOQUE')":{"('0092-S-2009', 0)":"JUSTICIALISTA 8 DE OCTUBRE"},"Link":{"('0092-S-2009', 0)":"http:\/\/www.senado.gov.ar\/parlamentario\/comisiones\/verExp\/92.09\/S\/PL"},"Palabra Clave":{"('0092-S-2009', 0)":" "}}