{"Tipo de Proyecto":{"('0093-S-2009', 0)":"PROYECTO DE LEY"},"Iniciado en: ":{"('0093-S-2009', 0)":"Senado"},"Expediente Senado: ":{"('0093-S-2009', 0)":"0093-S-2009"},"Publicado en: ":{"('0093-S-2009', 0)":"Diario de Asuntos Entrados N\u00b0 5"},"Fecha: ":{"('0093-S-2009', 0)":"02\/03\/2009"},"T\u00edtulo":{"('0093-S-2009', 0)":"LEY 20744 DE CONTRATO DE TRABAJO: MODIFICACIONES EN RELACION A LOS DERECHOS PARA LA MATERNIDAD POR ADOPCION (REPRODUCCION DEL EXPEDIENTE 0460-S-07)."},"('Firmantes', 'FIRMANTE')":{"('0093-S-2009', 0)":"ESCUDERO, SONIA MARGARITA"},"('Firmantes', 'DISTRITO')":{"('0093-S-2009', 0)":"SALTA"},"('Firmantes', 'BLOQUE')":{"('0093-S-2009', 0)":"JUSTICIALISTA 8 DE OCTUBRE"},"Sumario":{"('0093-S-2009', 0)":"MODIFICACION DE LOS ARTICULOS 158, INCISO A) (LICENCIA POR NACIMIENTO O GUARDA CON FINES DE ADOPCION); 183 (DISTINTAS SITUACIONES - OPCION EN FAVOR DE LA MUJER, EXCEDENCIA); 184 (REINGRESO); INCORPORACION DE ARTICULO 177 BIS (GUARDA CON FINES DE ADOPCION); INCORPORACION DE PARRAFO AL INCISO E) DEL ARTICULO 38 DE LA LEY 19101 (PERSONAL MILITAR); INCORPORACION DE INCISO G) AL ARTICULO 47 DE LA LEY 21965 (POLICIA FEDERAL)."},"Palabra Clave":{"('0093-S-2009', 0)":" "}}