{"Tipo de Proyecto":{"('0094-S-2009', 0)":"PROYECTO DE LEY"},"Iniciado en: ":{"('0094-S-2009', 0)":"Senado"},"Expediente Senado: ":{"('0094-S-2009', 0)":"0094-S-2009"},"Publicado en: ":{"('0094-S-2009', 0)":"Diario de Asuntos Entrados N\u00b0 5"},"Fecha: ":{"('0094-S-2009', 0)":"02\/03\/2009"},"T\u00edtulo":{"('0094-S-2009', 0)":"OTORGAR JERARQUIA CONSTITUCIONAL AL CONVENIO 169 DE LA ORGANIZACION INTERNACIONAL DEL TRABAJO SOBRE PUEBLOS INDIGENAS Y TRIBALES EN PAISES INDEPENDIENTES (REPRODUCCION DEL EXPEDIENTE 0463-S-07)."},"('Firmantes', 'FIRMANTE')":{"('0094-S-2009', 0)":"ESCUDERO, SONIA MARGARITA"},"('Firmantes', 'DISTRITO')":{"('0094-S-2009', 0)":"SALTA"},"('Firmantes', 'BLOQUE')":{"('0094-S-2009', 0)":"JUSTICIALISTA 8 DE OCTUBRE"},"Sumario":{"('0094-S-2009', 0)":"DICHO CONVENIO FUE ADOPTADO EN LA REUNION 76 DE LA CONFERENCIA INTERNACIONAL DEL TRABAJO Y RATIFICADO POR LEY 24071."},"Palabra Clave":{"('0094-S-2009', 0)":" "}}