{"Tipo de Proyecto":{"('0095-OV-2009', 0)":"PROYECTO DE RESOLUCI\u00d3N"},"Iniciado en: ":{"('0095-OV-2009', 0)":"Senado"},"Expediente Senado: ":{"('0095-OV-2009', 0)":"0095-OV-2009"},"Fecha: ":{"('0095-OV-2009', 0)":"25\/11\/2009"},"T\u00edtulo":{"('0095-OV-2009', 0)":"RESOLUCION REMITIDA POR LA AUDITORIA GENERAL DE LA NACION REFERIDA A LOS ESTADOS FINANCIEROS AL 31 DE DICIEMBRE DE 2008, CORRESPONDIENTES AL PROGRAMA DE APOYO A LA POLITICA DE MEJORAMIENTO DE LA EQUIDAD - PROMEDU - SUBPROGRAMA II EXPANSION DE LA INFRAESTRUCTURA EDUCATIVA - CONVENIO DE PRESTAMO BID 1966 OC-AR."},"('Firmantes', 'FIRMANTE')":{"('0095-OV-2009', 0)":"PARLAMENTARIA MIXTA REVISORA DE CUENTAS"},"('Firmantes', 'DISTRITO')":{"('0095-OV-2009', 0)":null},"('Firmantes', 'BLOQUE')":{"('0095-OV-2009', 0)":null},"('Tramites', 'C\u00c1MARA')":{"('0095-OV-2009', 0)":"Senado"},"('Tramites', 'MOVIMIENTO')":{"('0095-OV-2009', 0)":"CONSIDERACION Y APROBACION (AL ARCHIVO)"},"('Tramites', 'FECHA')":{"('0095-OV-2009', 0)":"30\/03\/2011"},"('Tramites', 'RESULTADO')":{"('0095-OV-2009', 0)":"APROBADO"},"Sumario":{"('0095-OV-2009', 0)":"HABIENDO TOMADO CONOCIMIENTO, Y SIN PERJUICIO DE ULTERIORES MEDIDAS QUE PUEDAN ADOPTARSE, SE ACONSEJA SU REMISION AL ARCHIVO."},"Palabra Clave":{"('0095-OV-2009', 0)":" "}}