{"Tipo de Proyecto":{"('0097-D-2009', 0)":"PROYECTO DE LEY","('0097-D-2009', 1)":null},"Iniciado en: ":{"('0097-D-2009', 0)":"Diputados","('0097-D-2009', 1)":null},"Expediente Diputados: ":{"('0097-D-2009', 0)":"0097-D-2009","('0097-D-2009', 1)":null},"Publicado en: ":{"('0097-D-2009', 0)":"Tr\u00e1mite Parlamentario N\u00b0 1","('0097-D-2009', 1)":null},"Fecha: ":{"('0097-D-2009', 0)":"02\/03\/2009","('0097-D-2009', 1)":null},"T\u00edtulo":{"('0097-D-2009', 0)":"SUSTANCIAS INHALABLES QUE CONTENGAN TOLUENO, CICLOHEXANO, ISOBUTANO O SOLVENTE: PROHIBIR DE SU VENTA O SUMINISTRO A MENORES DE 18 A\u00d1OS DE EDAD.","('0097-D-2009', 1)":null},"('Firmantes', 'FIRMANTE')":{"('0097-D-2009', 0)":"GUTIERREZ, GRACIELA BEATRIZ","('0097-D-2009', 1)":null},"('Firmantes', 'DISTRITO')":{"('0097-D-2009', 0)":"SANTA CRUZ","('0097-D-2009', 1)":null},"('Firmantes', 'BLOQUE')":{"('0097-D-2009', 0)":"FRENTE PARA LA VICTORIA - PJ","('0097-D-2009', 1)":null},"('Giros', 'COMISI\u00d3N')":{"('0097-D-2009', 0)":"PREVENCION DE ADICCIONES Y CONTROL DEL NARCOTRAFICO","('0097-D-2009', 1)":"COMERCIO"},"Link":{"('0097-D-2009', 0)":"https:\/\/www.hcdn.gob.ar\/proyectos\/textoCompleto.jsp?exp=0097-D-2009&tipo=LEY","('0097-D-2009', 1)":null},"Palabra Clave":{"('0097-D-2009', 0)":" ","('0097-D-2009', 1)":null}}