{"Tipo de Proyecto":{"('0097-S-2009', 0)":"PROYECTO DE RESOLUCI\u00d3N"},"Iniciado en: ":{"('0097-S-2009', 0)":"Senado"},"Expediente Senado: ":{"('0097-S-2009', 0)":"0097-S-2009"},"Publicado en: ":{"('0097-S-2009', 0)":"Diario de Asuntos Entrados N\u00b0 6"},"Fecha: ":{"('0097-S-2009', 0)":"02\/03\/2009"},"T\u00edtulo":{"('0097-S-2009', 0)":"MODIFICACION DEL REGLAMENTO DEL H. SENADO DE LA NACION, RESPECTO AL INFORMES SOBRE LA LABOR PARLAMENTARIA DE LOS SENADORES. (REPRODUCCION DEL EXPEDIENTE 1643-S-07)."},"('Firmantes', 'FIRMANTE')":{"('0097-S-2009', 0)":"ESCUDERO, SONIA MARGARITA"},"('Firmantes', 'DISTRITO')":{"('0097-S-2009', 0)":"SALTA"},"('Firmantes', 'BLOQUE')":{"('0097-S-2009', 0)":"JUSTICIALISTA 8 DE OCTUBRE"},"('Tramites', 'C\u00c1MARA')":{"('0097-S-2009', 0)":"Senado"},"('Tramites', 'MOVIMIENTO')":{"('0097-S-2009', 0)":"REPRODUCIDO POR EXPEDIENTE 0341-S-11"},"('Tramites', 'FECHA')":{"('0097-S-2009', 0)":null},"('Tramites', 'RESULTADO')":{"('0097-S-2009', 0)":null},"Sumario":{"('0097-S-2009', 0)":"INCORPORACION DEL ARTICULO 49 (PUBLICACION AL FINALIZAR CADA A\u00d1O PARLAMENTARIO DE UN INFORME REFERENTE A LA ACTUACION DE CADA SENADOR, POR PARTE DEL SECRETARIO PARLAMENTARIO)"},"Palabra Clave":{"('0097-S-2009', 0)":" "}}