{"Tipo de Proyecto":{"('0098-S-2009', 0)":"PROYECTO DE RESOLUCI\u00d3N"},"Iniciado en: ":{"('0098-S-2009', 0)":"Senado"},"Expediente Senado: ":{"('0098-S-2009', 0)":"0098-S-2009"},"Publicado en: ":{"('0098-S-2009', 0)":"Diario de Asuntos Entrados N\u00b0 6"},"Fecha: ":{"('0098-S-2009', 0)":"02\/03\/2009"},"T\u00edtulo":{"('0098-S-2009', 0)":"MODIFICACION DEL REGLAMENTO DEL H. SENADO DE LA NACION. MODIFICACION DEL ARTICULO 60: CREACION DE LA COMISION PERMANENTE DE ETICA PARLAMENTARIA; MODIFICACION DEL ARTICULO 85 (COMPETENCIA) (REPRODUCCION DEL EXPEDIENTE 1873-S-07)."},"('Firmantes', 'FIRMANTE')":{"('0098-S-2009', 0)":"ESCUDERO, SONIA MARGARITA"},"('Firmantes', 'DISTRITO')":{"('0098-S-2009', 0)":"SALTA"},"('Firmantes', 'BLOQUE')":{"('0098-S-2009', 0)":"JUSTICIALISTA 8 DE OCTUBRE"},"('Tramites', 'C\u00c1MARA')":{"('0098-S-2009', 0)":"Senado"},"('Tramites', 'MOVIMIENTO')":{"('0098-S-2009', 0)":"REPRODUCIDO POR EXPEDIENTE 0341-S-11"},"('Tramites', 'FECHA')":{"('0098-S-2009', 0)":null},"('Tramites', 'RESULTADO')":{"('0098-S-2009', 0)":null},"Link":{"('0098-S-2009', 0)":"http:\/\/www.senado.gov.ar\/parlamentario\/comisiones\/verExp\/98.09\/S\/PR"},"Palabra Clave":{"('0098-S-2009', 0)":" "}}