{"Tipo de Proyecto":{"('0099-S-2009', 0)":"PROYECTO DE LEY"},"Iniciado en: ":{"('0099-S-2009', 0)":"Senado"},"Expediente Senado: ":{"('0099-S-2009', 0)":"0099-S-2009"},"Publicado en: ":{"('0099-S-2009', 0)":"Diario de Asuntos Entrados N\u00b0 6"},"Fecha: ":{"('0099-S-2009', 0)":"02\/03\/2009"},"T\u00edtulo":{"('0099-S-2009', 0)":"DECLARAR DIA NO LABORABLE PARA LOS TRABAJADORES DEL SERVICIO DOMESTICO, EL 30 DE MARZO DE CADA A\u00d1O (REPRODUCCION DEL EXPEDIENTE 2614-S-07)."},"('Firmantes', 'FIRMANTE')":{"('0099-S-2009', 0)":"ESCUDERO, SONIA MARGARITA"},"('Firmantes', 'DISTRITO')":{"('0099-S-2009', 0)":"SALTA"},"('Firmantes', 'BLOQUE')":{"('0099-S-2009', 0)":"JUSTICIALISTA 8 DE OCTUBRE"},"Sumario":{"('0099-S-2009', 0)":"DECLARARLO DIA NACIONAL DE DICHOS TRABAJADORES."},"Palabra Clave":{"('0099-S-2009', 0)":" "}}