{"Tipo de Proyecto":{"('0099-D-2009', 0)":"PROYECTO DE LEY","('0099-D-2009', 1)":null,"('0099-D-2009', 2)":null},"Iniciado en: ":{"('0099-D-2009', 0)":"Diputados","('0099-D-2009', 1)":null,"('0099-D-2009', 2)":null},"Expediente Diputados: ":{"('0099-D-2009', 0)":"0099-D-2009","('0099-D-2009', 1)":null,"('0099-D-2009', 2)":null},"Publicado en: ":{"('0099-D-2009', 0)":"Tr\u00e1mite Parlamentario N\u00b0 1","('0099-D-2009', 1)":null,"('0099-D-2009', 2)":null},"Fecha: ":{"('0099-D-2009', 0)":"02\/03\/2009","('0099-D-2009', 1)":null,"('0099-D-2009', 2)":null},"T\u00edtulo":{"('0099-D-2009', 0)":"FORESTACION EN AREAS ADECUADAS DE LAS RUTAS NACIONALES.","('0099-D-2009', 1)":null,"('0099-D-2009', 2)":null},"('Firmantes', 'FIRMANTE')":{"('0099-D-2009', 0)":"GUTIERREZ, GRACIELA BEATRIZ","('0099-D-2009', 1)":null,"('0099-D-2009', 2)":null},"('Firmantes', 'DISTRITO')":{"('0099-D-2009', 0)":"SANTA CRUZ","('0099-D-2009', 1)":null,"('0099-D-2009', 2)":null},"('Firmantes', 'BLOQUE')":{"('0099-D-2009', 0)":"FRENTE PARA LA VICTORIA - PJ","('0099-D-2009', 1)":null,"('0099-D-2009', 2)":null},"('Giros', 'COMISI\u00d3N')":{"('0099-D-2009', 0)":"TRANSPORTES","('0099-D-2009', 1)":"AGRICULTURA Y GANADERIA","('0099-D-2009', 2)":"PRESUPUESTO Y HACIENDA"},"Link":{"('0099-D-2009', 0)":"https:\/\/www.hcdn.gob.ar\/proyectos\/textoCompleto.jsp?exp=0099-D-2009&tipo=LEY","('0099-D-2009', 1)":null,"('0099-D-2009', 2)":null},"Palabra Clave":{"('0099-D-2009', 0)":" ","('0099-D-2009', 1)":null,"('0099-D-2009', 2)":null}}