{"Tipo de Proyecto":{"('0101-S-2009', 0)":"PROYECTO DE LEY","('0101-S-2009', 1)":null},"Iniciado en: ":{"('0101-S-2009', 0)":"Senado","('0101-S-2009', 1)":null},"Expediente Senado: ":{"('0101-S-2009', 0)":"0101-S-2009","('0101-S-2009', 1)":null},"Publicado en: ":{"('0101-S-2009', 0)":"Diario de Asuntos Entrados N\u00b0 6","('0101-S-2009', 1)":null},"Fecha: ":{"('0101-S-2009', 0)":"02\/03\/2009","('0101-S-2009', 1)":null},"T\u00edtulo":{"('0101-S-2009', 0)":"DECLARAR EL 25 DE NOVIEMBRE DE CADA A\u00d1O 'DIA NACIONAL DE LUCHA CONTRA LA EPILEPSIA'.","('0101-S-2009', 1)":null},"('Firmantes', 'FIRMANTE')":{"('0101-S-2009', 0)":"BASUALDO, ROBERTO GUSTAVO","('0101-S-2009', 1)":"RODRIGUEZ SAA, ADOLFO"},"('Firmantes', 'DISTRITO')":{"('0101-S-2009', 0)":"SAN JUAN","('0101-S-2009', 1)":"SAN LUIS"},"('Firmantes', 'BLOQUE')":{"('0101-S-2009', 0)":"PRODUCCION Y TRABAJO","('0101-S-2009', 1)":"JUSTICIALISTA SAN LUIS"},"Link":{"('0101-S-2009', 0)":"http:\/\/www.senado.gov.ar\/parlamentario\/comisiones\/verExp\/101.09\/S\/PL","('0101-S-2009', 1)":null},"Palabra Clave":{"('0101-S-2009', 0)":" ","('0101-S-2009', 1)":null}}