{"Tipo de Proyecto":{"('0101-OV-2009', 0)":"PROYECTO DE RESOLUCI\u00d3N"},"Iniciado en: ":{"('0101-OV-2009', 0)":"Senado"},"Expediente Senado: ":{"('0101-OV-2009', 0)":"0101-OV-2009"},"Fecha: ":{"('0101-OV-2009', 0)":"25\/11\/2009"},"T\u00edtulo":{"('0101-OV-2009', 0)":"RESOLUCIONES REMITIDAS POR LA AUDITORIA GENERAL DE LA NACION SOBRE LOS ESTADOS FINANCIEROS AL 31 DE DICIEMBRE DE 2008 CORRESPONDIENTES AL PROGRAMA DE GESTION INTEGRAL DE RESIDUOS SOLIDOS URBANOS EN MUNICIPIOS TURISTICOS - SUBPROGRAMA 2 (0101-OV-09) Y AL PROGRAMA DE GESTION INTEGRAL DE RESIDUOS SOLIDOS URBANOS EN MUNICIPIOS TURISTICOS - SUBPROGRAMA 1 - CONTRATO DE PRESTAMO 1868 OC-AR (0114-OV-09)."},"('Firmantes', 'FIRMANTE')":{"('0101-OV-2009', 0)":"PARLAMENTARIA MIXTA REVISORA DE CUENTAS"},"('Firmantes', 'DISTRITO')":{"('0101-OV-2009', 0)":null},"('Firmantes', 'BLOQUE')":{"('0101-OV-2009', 0)":null},"('Tramites', 'C\u00c1MARA')":{"('0101-OV-2009', 0)":"Senado"},"('Tramites', 'MOVIMIENTO')":{"('0101-OV-2009', 0)":"CONSIDERACION Y APROBACION (AL ARCHIVO)"},"('Tramites', 'FECHA')":{"('0101-OV-2009', 0)":"30\/03\/2011"},"('Tramites', 'RESULTADO')":{"('0101-OV-2009', 0)":"APROBADO"},"Sumario":{"('0101-OV-2009', 0)":"HABIENDO TOMADO CONOCIMIENTO, Y SIN PERJUICIO DE ULTERIORES MEDIDAS QUE PUEDAN ADOPTARSE, SE ACONSEJA SU REMISION AL ARCHIVO."},"Palabra Clave":{"('0101-OV-2009', 0)":" "}}