{"Tipo de Proyecto":{"('0102-D-2009', 0)":"PROYECTO DE DECLARACI\u00d3N","('0102-D-2009', 1)":null,"('0102-D-2009', 2)":null,"('0102-D-2009', 3)":null,"('0102-D-2009', 4)":null,"('0102-D-2009', 5)":null,"('0102-D-2009', 6)":null},"Iniciado en: ":{"('0102-D-2009', 0)":"Diputados","('0102-D-2009', 1)":null,"('0102-D-2009', 2)":null,"('0102-D-2009', 3)":null,"('0102-D-2009', 4)":null,"('0102-D-2009', 5)":null,"('0102-D-2009', 6)":null},"Expediente Diputados: ":{"('0102-D-2009', 0)":"0102-D-2009","('0102-D-2009', 1)":null,"('0102-D-2009', 2)":null,"('0102-D-2009', 3)":null,"('0102-D-2009', 4)":null,"('0102-D-2009', 5)":null,"('0102-D-2009', 6)":null},"Publicado en: ":{"('0102-D-2009', 0)":"Tr\u00e1mite Parlamentario N\u00b0 1","('0102-D-2009', 1)":null,"('0102-D-2009', 2)":null,"('0102-D-2009', 3)":null,"('0102-D-2009', 4)":null,"('0102-D-2009', 5)":null,"('0102-D-2009', 6)":null},"Fecha: ":{"('0102-D-2009', 0)":"02\/03\/2009","('0102-D-2009', 1)":null,"('0102-D-2009', 2)":null,"('0102-D-2009', 3)":null,"('0102-D-2009', 4)":null,"('0102-D-2009', 5)":null,"('0102-D-2009', 6)":null},"T\u00edtulo":{"('0102-D-2009', 0)":"EXPRESAR ADHESION AL DIA INTERNACIONAL DE LA MUJER, A CONMEMORARSE EL DIA 8 DE MARZO DE CADA A\u00d1O.","('0102-D-2009', 1)":null,"('0102-D-2009', 2)":null,"('0102-D-2009', 3)":null,"('0102-D-2009', 4)":null,"('0102-D-2009', 5)":null,"('0102-D-2009', 6)":null},"('Firmantes', 'FIRMANTE')":{"('0102-D-2009', 0)":"STORNI, SILVIA","('0102-D-2009', 1)":"GIUDICI, SILVANA MYRIAM","('0102-D-2009', 2)":"RIOBOO, SANDRA ADRIANA","('0102-D-2009', 3)":"BEVERAGGI, MARGARITA BEATRIZ","('0102-D-2009', 4)":"BARAGIOLA, VILMA ROSANA","('0102-D-2009', 5)":"LEMOS, SILVIA BEATRIZ","('0102-D-2009', 6)":"BAYONZO, LILIANA AMELIA"},"('Firmantes', 'DISTRITO')":{"('0102-D-2009', 0)":"CORDOBA","('0102-D-2009', 1)":"CIUDAD de BUENOS AIRES","('0102-D-2009', 2)":"BUENOS AIRES","('0102-D-2009', 3)":"CHACO","('0102-D-2009', 4)":"BUENOS AIRES","('0102-D-2009', 5)":"MENDOZA","('0102-D-2009', 6)":"CHACO"},"('Firmantes', 'BLOQUE')":{"('0102-D-2009', 0)":"UCR","('0102-D-2009', 1)":"UCR","('0102-D-2009', 2)":"UCR","('0102-D-2009', 3)":"UCR","('0102-D-2009', 4)":"UCR","('0102-D-2009', 5)":"UCR","('0102-D-2009', 6)":"UCR"},"('Giros', 'COMISI\u00d3N')":{"('0102-D-2009', 0)":"FAMILIA, MUJER, NI\u00d1EZ Y ADOLESCENCIA","('0102-D-2009', 1)":null,"('0102-D-2009', 2)":null,"('0102-D-2009', 3)":null,"('0102-D-2009', 4)":null,"('0102-D-2009', 5)":null,"('0102-D-2009', 6)":null},"('Tramites', 'C\u00c1MARA')":{"('0102-D-2009', 0)":"Diputados","('0102-D-2009', 1)":null,"('0102-D-2009', 2)":null,"('0102-D-2009', 3)":null,"('0102-D-2009', 4)":null,"('0102-D-2009', 5)":null,"('0102-D-2009', 6)":null},"('Tramites', 'MOVIMIENTO')":{"('0102-D-2009', 0)":"SOLICITUD DE SER COFIRMANTE DE LA DIPUTADA BAYONZO (A SUS ANTECEDENTES)","('0102-D-2009', 1)":null,"('0102-D-2009', 2)":null,"('0102-D-2009', 3)":null,"('0102-D-2009', 4)":null,"('0102-D-2009', 5)":null,"('0102-D-2009', 6)":null},"('Tramites', 'FECHA')":{"('0102-D-2009', 0)":"11\/03\/2009","('0102-D-2009', 1)":null,"('0102-D-2009', 2)":null,"('0102-D-2009', 3)":null,"('0102-D-2009', 4)":null,"('0102-D-2009', 5)":null,"('0102-D-2009', 6)":null},"('Tramites', 'RESULTADO')":{"('0102-D-2009', 0)":null,"('0102-D-2009', 1)":null,"('0102-D-2009', 2)":null,"('0102-D-2009', 3)":null,"('0102-D-2009', 4)":null,"('0102-D-2009', 5)":null,"('0102-D-2009', 6)":null},"Link":{"('0102-D-2009', 0)":"https:\/\/www.hcdn.gob.ar\/proyectos\/textoCompleto.jsp?exp=0102-D-2009&tipo=DECLARACION","('0102-D-2009', 1)":null,"('0102-D-2009', 2)":null,"('0102-D-2009', 3)":null,"('0102-D-2009', 4)":null,"('0102-D-2009', 5)":null,"('0102-D-2009', 6)":null},"Palabra Clave":{"('0102-D-2009', 0)":" ","('0102-D-2009', 1)":null,"('0102-D-2009', 2)":null,"('0102-D-2009', 3)":null,"('0102-D-2009', 4)":null,"('0102-D-2009', 5)":null,"('0102-D-2009', 6)":null}}