{"Tipo de Proyecto":{"('0103-S-2009', 0)":"PROYECTO DE DECLARACI\u00d3N"},"Iniciado en: ":{"('0103-S-2009', 0)":"Senado"},"Expediente Senado: ":{"('0103-S-2009', 0)":"0103-S-2009"},"Publicado en: ":{"('0103-S-2009', 0)":"Diario de Asuntos Entrados N\u00b0 6"},"Fecha: ":{"('0103-S-2009', 0)":"02\/03\/2009"},"T\u00edtulo":{"('0103-S-2009', 0)":"EXPRESAR BENEPLACITO POR CONMEMORARSE EL 26 DE MARZO EL DIA DEL MERCOSUR."},"('Firmantes', 'FIRMANTE')":{"('0103-S-2009', 0)":"BASUALDO, ROBERTO GUSTAVO"},"('Firmantes', 'DISTRITO')":{"('0103-S-2009', 0)":"SAN JUAN"},"('Firmantes', 'BLOQUE')":{"('0103-S-2009', 0)":"PRODUCCION Y TRABAJO"},"('Tramites', 'C\u00c1MARA')":{"('0103-S-2009', 0)":"Senado"},"('Tramites', 'MOVIMIENTO')":{"('0103-S-2009', 0)":"CONSIDERACION Y APROBACION CONJUNTAMENTE PARA LOS EXPEDIENTES 0048-S-2009, 0103-S-2009, 0139-S-2009, 0558-S-2009, 0661-S-2009 y 0741-S-2009"},"('Tramites', 'FECHA')":{"('0103-S-2009', 0)":"08\/07\/2009"},"('Tramites', 'RESULTADO')":{"('0103-S-2009', 0)":"APROBADO"},"Link":{"('0103-S-2009', 0)":"http:\/\/www.senado.gov.ar\/parlamentario\/comisiones\/verExp\/103.09\/S\/PD"},"Palabra Clave":{"('0103-S-2009', 0)":" "}}