{"Tipo de Proyecto":{"('0104-S-2009', 0)":"PROYECTO DE DECLARACI\u00d3N","('0104-S-2009', 1)":null},"Iniciado en: ":{"('0104-S-2009', 0)":"Senado","('0104-S-2009', 1)":null},"Expediente Senado: ":{"('0104-S-2009', 0)":"0104-S-2009","('0104-S-2009', 1)":null},"Publicado en: ":{"('0104-S-2009', 0)":"Diario de Asuntos Entrados N\u00b0 6","('0104-S-2009', 1)":null},"Fecha: ":{"('0104-S-2009', 0)":"02\/03\/2009","('0104-S-2009', 1)":null},"T\u00edtulo":{"('0104-S-2009', 0)":"ADHERIR AL DIA DE LA ANTARTIDA ARGENTINA Y LOS 105 A\u00d1OS DE PRESENCIA ININTERRUMPIDA DE NUESTRO PAIS EN LA MISMA EL 22 DE FEBRERO PASADO.","('0104-S-2009', 1)":null},"('Firmantes', 'FIRMANTE')":{"('0104-S-2009', 0)":"BASUALDO, ROBERTO GUSTAVO","('0104-S-2009', 1)":null},"('Firmantes', 'DISTRITO')":{"('0104-S-2009', 0)":"SAN JUAN","('0104-S-2009', 1)":null},"('Firmantes', 'BLOQUE')":{"('0104-S-2009', 0)":"PRODUCCION Y TRABAJO","('0104-S-2009', 1)":null},"('Tramites', 'C\u00c1MARA')":{"('0104-S-2009', 0)":"Senado","('0104-S-2009', 1)":"Senado"},"('Tramites', 'MOVIMIENTO')":{"('0104-S-2009', 0)":"MOCION SOBRE TABLAS (AFIRMATIVA) CONJUNTAMENTE PARA LOS EXPEDIENTES 4502-S-2008, 0018-S-2009 y 0104-S-2009","('0104-S-2009', 1)":"CONSIDERACION Y APROBACION CONJUNTAMENTE PARA LOS EXPEDIENTES 4502-S-2008, 0018-S-2009 y 0104-S-2009"},"('Tramites', 'FECHA')":{"('0104-S-2009', 0)":"04\/03\/2009","('0104-S-2009', 1)":"04\/03\/2009"},"('Tramites', 'RESULTADO')":{"('0104-S-2009', 0)":null,"('0104-S-2009', 1)":"APROBADO"},"Link":{"('0104-S-2009', 0)":"http:\/\/www.senado.gov.ar\/parlamentario\/comisiones\/verExp\/104.09\/S\/PD","('0104-S-2009', 1)":null},"Palabra Clave":{"('0104-S-2009', 0)":" ","('0104-S-2009', 1)":null}}