{"Tipo de Proyecto":{"('0105-S-2009', 0)":"PROYECTO DE RESOLUCI\u00d3N","('0105-S-2009', 1)":null,"('0105-S-2009', 2)":null,"('0105-S-2009', 3)":null,"('0105-S-2009', 4)":null,"('0105-S-2009', 5)":null},"Iniciado en: ":{"('0105-S-2009', 0)":"Senado","('0105-S-2009', 1)":null,"('0105-S-2009', 2)":null,"('0105-S-2009', 3)":null,"('0105-S-2009', 4)":null,"('0105-S-2009', 5)":null},"Expediente Diputados: ":{"('0105-S-2009', 0)":"0105-S-2009","('0105-S-2009', 1)":null,"('0105-S-2009', 2)":null,"('0105-S-2009', 3)":null,"('0105-S-2009', 4)":null,"('0105-S-2009', 5)":null},"Expediente Senado: ":{"('0105-S-2009', 0)":"0183-OV-2008","('0105-S-2009', 1)":null,"('0105-S-2009', 2)":null,"('0105-S-2009', 3)":null,"('0105-S-2009', 4)":null,"('0105-S-2009', 5)":null},"Fecha: ":{"('0105-S-2009', 0)":"07\/11\/2008","('0105-S-2009', 1)":null,"('0105-S-2009', 2)":null,"('0105-S-2009', 3)":null,"('0105-S-2009', 4)":null,"('0105-S-2009', 5)":null},"T\u00edtulo":{"('0105-S-2009', 0)":"PEDIDO DE INFORMES AL PODER EJECUTIVO SOBRE RESOLUCIONES REMITIDAS POR LA AUDITORIA GENERAL DE LA NACION REFERENTES A LOS ESTADOS FINANCIEROS AL 31 DE DICIEMBRE DE 2007, CORRESPONDIENTES AL PROYECTO BOSQUES NATIVOS Y AREAS PROTEGIDAS, CONVENIO DE PRESTAMO 4085-AR BIRF (0183-OV-08) Y AL PROYECTO PNUD ARG\/99\/011 MANEJO Y CONSERVACION DE LOS BOSQUES NATIVOS, CONVENIO DE PRESTAMO 4085-AR BIRF (0191-OV-08).","('0105-S-2009', 1)":null,"('0105-S-2009', 2)":null,"('0105-S-2009', 3)":null,"('0105-S-2009', 4)":null,"('0105-S-2009', 5)":null},"('Firmantes', 'FIRMANTE')":{"('0105-S-2009', 0)":"PARLAMENTARIA MIXTA REVISORA DE CUENTAS","('0105-S-2009', 1)":null,"('0105-S-2009', 2)":null,"('0105-S-2009', 3)":null,"('0105-S-2009', 4)":null,"('0105-S-2009', 5)":null},"('Firmantes', 'DISTRITO')":{"('0105-S-2009', 0)":null,"('0105-S-2009', 1)":null,"('0105-S-2009', 2)":null,"('0105-S-2009', 3)":null,"('0105-S-2009', 4)":null,"('0105-S-2009', 5)":null},"('Firmantes', 'BLOQUE')":{"('0105-S-2009', 0)":null,"('0105-S-2009', 1)":null,"('0105-S-2009', 2)":null,"('0105-S-2009', 3)":null,"('0105-S-2009', 4)":null,"('0105-S-2009', 5)":null},"('Giros', 'COMISI\u00d3N')":{"('0105-S-2009', 0)":"PARLAMENTARIA MIXTA REVISORA DE CUENTAS","('0105-S-2009', 1)":null,"('0105-S-2009', 2)":null,"('0105-S-2009', 3)":null,"('0105-S-2009', 4)":null,"('0105-S-2009', 5)":null},"('Tramites', 'C\u00c1MARA')":{"('0105-S-2009', 0)":"Senado","('0105-S-2009', 1)":"Senado","('0105-S-2009', 2)":"Diputados","('0105-S-2009', 3)":"Diputados","('0105-S-2009', 4)":"Diputados","('0105-S-2009', 5)":"Senado"},"('Tramites', 'MOVIMIENTO')":{"('0105-S-2009', 0)":"MOCION DE PREFERENCIA PARA LA PROXIMA SESION (AFIRMATIVA)","('0105-S-2009', 1)":"CONSIDERACION Y APROBACION","('0105-S-2009', 2)":"PASA A DIPUTADOS -","('0105-S-2009', 3)":"CONSIDERACION Y APROBACION","('0105-S-2009', 4)":"CONTESTACION DEL PODER EJECUTIVO NACIONAL - JEFE DE GABINETE DE MINISTROS - GIRADO A LA COMISION RESPECTIVA","('0105-S-2009', 5)":"CONTESTACION DEL PODER EJECUTIVO NACIONAL - JEFE DE GABINETE DE MINISTROS - GIRADO A LA COMISION RESPECTIVA"},"('Tramites', 'FECHA')":{"('0105-S-2009', 0)":"11\/11\/2009","('0105-S-2009', 1)":"18\/11\/2009","('0105-S-2009', 2)":null,"('0105-S-2009', 3)":"12\/05\/2010","('0105-S-2009', 4)":"16\/03\/2011","('0105-S-2009', 5)":"16\/05\/2012"},"('Tramites', 'RESULTADO')":{"('0105-S-2009', 0)":null,"('0105-S-2009', 1)":"APROBADO","('0105-S-2009', 2)":null,"('0105-S-2009', 3)":"APROBADO","('0105-S-2009', 4)":null,"('0105-S-2009', 5)":null},"Link":{"('0105-S-2009', 0)":"http:\/\/www.senado.gov.ar\/parlamentario\/comisiones\/verExp\/183.08\/OV\/PR","('0105-S-2009', 1)":null,"('0105-S-2009', 2)":null,"('0105-S-2009', 3)":null,"('0105-S-2009', 4)":null,"('0105-S-2009', 5)":null},"Palabra Clave":{"('0105-S-2009', 0)":" ","('0105-S-2009', 1)":null,"('0105-S-2009', 2)":null,"('0105-S-2009', 3)":null,"('0105-S-2009', 4)":null,"('0105-S-2009', 5)":null}}