{"Tipo de Proyecto":{"('0106-S-2009', 0)":"PROYECTO DE RESOLUCI\u00d3N","('0106-S-2009', 1)":null,"('0106-S-2009', 2)":null,"('0106-S-2009', 3)":null,"('0106-S-2009', 4)":null},"Iniciado en: ":{"('0106-S-2009', 0)":"Senado","('0106-S-2009', 1)":null,"('0106-S-2009', 2)":null,"('0106-S-2009', 3)":null,"('0106-S-2009', 4)":null},"Expediente Diputados: ":{"('0106-S-2009', 0)":"0106-S-2009","('0106-S-2009', 1)":null,"('0106-S-2009', 2)":null,"('0106-S-2009', 3)":null,"('0106-S-2009', 4)":null},"Expediente Senado: ":{"('0106-S-2009', 0)":"0184-OV-2008","('0106-S-2009', 1)":null,"('0106-S-2009', 2)":null,"('0106-S-2009', 3)":null,"('0106-S-2009', 4)":null},"Fecha: ":{"('0106-S-2009', 0)":"07\/11\/2008","('0106-S-2009', 1)":null,"('0106-S-2009', 2)":null,"('0106-S-2009', 3)":null,"('0106-S-2009', 4)":null},"T\u00edtulo":{"('0106-S-2009', 0)":"PEDIDO DE INFORMES AL PODER EJECUTIVO SOBRE RESOLUCION REMITIDA POR LA AUDITORIA GENERAL DE LA NACION REFERENTE A LOS ESTADOS FINANCIEROS AL 31 DE DICIEMBRE DE 2007, CORRESPONDIENTES AL PROGRAMA DE CORREDORES VIALES DE INTEGRACION - FASE I - CONTRATO DE PRESTAMO 2966 CAF.","('0106-S-2009', 1)":null,"('0106-S-2009', 2)":null,"('0106-S-2009', 3)":null,"('0106-S-2009', 4)":null},"('Firmantes', 'FIRMANTE')":{"('0106-S-2009', 0)":"PARLAMENTARIA MIXTA REVISORA DE CUENTAS","('0106-S-2009', 1)":null,"('0106-S-2009', 2)":null,"('0106-S-2009', 3)":null,"('0106-S-2009', 4)":null},"('Firmantes', 'DISTRITO')":{"('0106-S-2009', 0)":null,"('0106-S-2009', 1)":null,"('0106-S-2009', 2)":null,"('0106-S-2009', 3)":null,"('0106-S-2009', 4)":null},"('Firmantes', 'BLOQUE')":{"('0106-S-2009', 0)":null,"('0106-S-2009', 1)":null,"('0106-S-2009', 2)":null,"('0106-S-2009', 3)":null,"('0106-S-2009', 4)":null},"('Giros', 'COMISI\u00d3N')":{"('0106-S-2009', 0)":"PARLAMENTARIA MIXTA REVISORA DE CUENTAS","('0106-S-2009', 1)":null,"('0106-S-2009', 2)":null,"('0106-S-2009', 3)":null,"('0106-S-2009', 4)":null},"('Tramites', 'C\u00c1MARA')":{"('0106-S-2009', 0)":"Senado","('0106-S-2009', 1)":"Senado","('0106-S-2009', 2)":"Diputados","('0106-S-2009', 3)":"Diputados","('0106-S-2009', 4)":"Diputados"},"('Tramites', 'MOVIMIENTO')":{"('0106-S-2009', 0)":"MOCION DE PREFERENCIA PARA LA PROXIMA SESION (AFIRMATIVA)","('0106-S-2009', 1)":"CONSIDERACION Y APROBACION","('0106-S-2009', 2)":"PASA A DIPUTADOS -","('0106-S-2009', 3)":"CONSIDERACION Y APROBACION","('0106-S-2009', 4)":"CONTESTACION DEL PODER EJECUTIVO NACIONAL - JEFE DE GABINETE DE MINISTROS - GIRADO A LA COMISION RESPECTIVA"},"('Tramites', 'FECHA')":{"('0106-S-2009', 0)":"11\/11\/2009","('0106-S-2009', 1)":"18\/11\/2009","('0106-S-2009', 2)":null,"('0106-S-2009', 3)":"12\/05\/2010","('0106-S-2009', 4)":"30\/11\/2011"},"('Tramites', 'RESULTADO')":{"('0106-S-2009', 0)":null,"('0106-S-2009', 1)":"APROBADO","('0106-S-2009', 2)":null,"('0106-S-2009', 3)":"APROBADO","('0106-S-2009', 4)":null},"Link":{"('0106-S-2009', 0)":"http:\/\/www.senado.gov.ar\/parlamentario\/comisiones\/verExp\/184.08\/OV\/PR","('0106-S-2009', 1)":null,"('0106-S-2009', 2)":null,"('0106-S-2009', 3)":null,"('0106-S-2009', 4)":null},"Palabra Clave":{"('0106-S-2009', 0)":" ","('0106-S-2009', 1)":null,"('0106-S-2009', 2)":null,"('0106-S-2009', 3)":null,"('0106-S-2009', 4)":null}}