{"Tipo de Proyecto":{"('0107-S-2009', 0)":"PROYECTO DE DECLARACI\u00d3N","('0107-S-2009', 1)":null},"Iniciado en: ":{"('0107-S-2009', 0)":"Senado","('0107-S-2009', 1)":null},"Expediente Senado: ":{"('0107-S-2009', 0)":"0107-S-2009","('0107-S-2009', 1)":null},"Publicado en: ":{"('0107-S-2009', 0)":"Diario de Asuntos Entrados N\u00b0 6","('0107-S-2009', 1)":null},"Fecha: ":{"('0107-S-2009', 0)":"02\/03\/2009","('0107-S-2009', 1)":null},"T\u00edtulo":{"('0107-S-2009', 0)":"ADHERIR AL DIA INTERNACIONAL DE LA ELIMINACION DE LA DISCRIMINACION RACIAL EL 21 DE MARZO.","('0107-S-2009', 1)":null},"('Firmantes', 'FIRMANTE')":{"('0107-S-2009', 0)":"BASUALDO, ROBERTO GUSTAVO","('0107-S-2009', 1)":null},"('Firmantes', 'DISTRITO')":{"('0107-S-2009', 0)":"SAN JUAN","('0107-S-2009', 1)":null},"('Firmantes', 'BLOQUE')":{"('0107-S-2009', 0)":"PRODUCCION Y TRABAJO","('0107-S-2009', 1)":null},"('Tramites', 'C\u00c1MARA')":{"('0107-S-2009', 0)":"Senado","('0107-S-2009', 1)":"Senado"},"('Tramites', 'MOVIMIENTO')":{"('0107-S-2009', 0)":"MOCION SOBRE TABLAS (AFIRMATIVA) CONJUNTAMENTE PARA LOS EXPEDIENTES 4518-S-2008, 0013-S-2009, 0107-S-2009, 0131-S-2009, 0140-S-2009 y 0148-S-2009","('0107-S-2009', 1)":"CONSIDERACION Y APROBACION CONJUNTAMENTE PARA LOS EXPEDIENTES 4518-S-2008, 0013-S-2009, 0107-S-2009, 0131-S-2009, 0140-S-2009 y 0148-S-2009"},"('Tramites', 'FECHA')":{"('0107-S-2009', 0)":"04\/03\/2009","('0107-S-2009', 1)":"04\/03\/2009"},"('Tramites', 'RESULTADO')":{"('0107-S-2009', 0)":null,"('0107-S-2009', 1)":"APROBADO"},"Link":{"('0107-S-2009', 0)":"http:\/\/www.senado.gov.ar\/parlamentario\/comisiones\/verExp\/107.09\/S\/PD","('0107-S-2009', 1)":null},"Palabra Clave":{"('0107-S-2009', 0)":" ","('0107-S-2009', 1)":null}}