{"Tipo de Proyecto":{"('0108-S-2009', 0)":"PROYECTO DE RESOLUCI\u00d3N","('0108-S-2009', 1)":null,"('0108-S-2009', 2)":null,"('0108-S-2009', 3)":null,"('0108-S-2009', 4)":null},"Iniciado en: ":{"('0108-S-2009', 0)":"Senado","('0108-S-2009', 1)":null,"('0108-S-2009', 2)":null,"('0108-S-2009', 3)":null,"('0108-S-2009', 4)":null},"Expediente Diputados: ":{"('0108-S-2009', 0)":"0108-S-2009","('0108-S-2009', 1)":null,"('0108-S-2009', 2)":null,"('0108-S-2009', 3)":null,"('0108-S-2009', 4)":null},"Expediente Senado: ":{"('0108-S-2009', 0)":"0193-OV-2008","('0108-S-2009', 1)":null,"('0108-S-2009', 2)":null,"('0108-S-2009', 3)":null,"('0108-S-2009', 4)":null},"Fecha: ":{"('0108-S-2009', 0)":"07\/11\/2008","('0108-S-2009', 1)":null,"('0108-S-2009', 2)":null,"('0108-S-2009', 3)":null,"('0108-S-2009', 4)":null},"T\u00edtulo":{"('0108-S-2009', 0)":"PEDIDO DE INFORMES AL PODER EJECUTIVO SOBRE RESOLUCIONES REMITIDAS POR LA AUDITORIA GENERAL DE LA NACION REFERENTES A LOS ESTADOS FINANCIEROS AL 31 DE DICIEMBRE DE 2007 (0193-OV-08) Y AL 31 DE DICIEMBRE DE 2006 (0183-OV-07) CORRESPONDIENTES AL PROYECTO DE FORTALECIMIENTO INSTITUCIONAL DE LA ADMINISTRACION NACIONAL DE LA SEGURIDAD SOCIAL (ANSES II) - CONVENIO DE PRESTAMO BIRF 4318-AR.","('0108-S-2009', 1)":null,"('0108-S-2009', 2)":null,"('0108-S-2009', 3)":null,"('0108-S-2009', 4)":null},"('Firmantes', 'FIRMANTE')":{"('0108-S-2009', 0)":"PARLAMENTARIA MIXTA REVISORA DE CUENTAS","('0108-S-2009', 1)":null,"('0108-S-2009', 2)":null,"('0108-S-2009', 3)":null,"('0108-S-2009', 4)":null},"('Firmantes', 'DISTRITO')":{"('0108-S-2009', 0)":null,"('0108-S-2009', 1)":null,"('0108-S-2009', 2)":null,"('0108-S-2009', 3)":null,"('0108-S-2009', 4)":null},"('Firmantes', 'BLOQUE')":{"('0108-S-2009', 0)":null,"('0108-S-2009', 1)":null,"('0108-S-2009', 2)":null,"('0108-S-2009', 3)":null,"('0108-S-2009', 4)":null},"('Giros', 'COMISI\u00d3N')":{"('0108-S-2009', 0)":"PARLAMENTARIA MIXTA REVISORA DE CUENTAS","('0108-S-2009', 1)":null,"('0108-S-2009', 2)":null,"('0108-S-2009', 3)":null,"('0108-S-2009', 4)":null},"('Tramites', 'C\u00c1MARA')":{"('0108-S-2009', 0)":"Senado","('0108-S-2009', 1)":"Senado","('0108-S-2009', 2)":"Diputados","('0108-S-2009', 3)":"Diputados","('0108-S-2009', 4)":"Diputados"},"('Tramites', 'MOVIMIENTO')":{"('0108-S-2009', 0)":"MOCION DE PREFERENCIA PARA LA PROXIMA SESION (AFIRMATIVA)","('0108-S-2009', 1)":"CONSIDERACION Y APROBACION","('0108-S-2009', 2)":"PASA A DIPUTADOS -","('0108-S-2009', 3)":"CONSIDERACION Y APROBACION","('0108-S-2009', 4)":"CONTESTACION DEL PODER EJECUTIVO NACIONAL - JEFE DE GABINETE DE MINISTROS - GIRADO A LA COMISION RESPECTIVA"},"('Tramites', 'FECHA')":{"('0108-S-2009', 0)":"11\/11\/2009","('0108-S-2009', 1)":"18\/11\/2009","('0108-S-2009', 2)":null,"('0108-S-2009', 3)":"12\/05\/2010","('0108-S-2009', 4)":"16\/03\/2011"},"('Tramites', 'RESULTADO')":{"('0108-S-2009', 0)":null,"('0108-S-2009', 1)":"APROBADO","('0108-S-2009', 2)":null,"('0108-S-2009', 3)":"APROBADO","('0108-S-2009', 4)":null},"Link":{"('0108-S-2009', 0)":"http:\/\/www.senado.gov.ar\/parlamentario\/comisiones\/verExp\/193.08\/OV\/PR","('0108-S-2009', 1)":null,"('0108-S-2009', 2)":null,"('0108-S-2009', 3)":null,"('0108-S-2009', 4)":null},"Palabra Clave":{"('0108-S-2009', 0)":" ","('0108-S-2009', 1)":null,"('0108-S-2009', 2)":null,"('0108-S-2009', 3)":null,"('0108-S-2009', 4)":null}}