{"Tipo de Proyecto":{"('0108-D-2009', 0)":"PROYECTO DE RESOLUCI\u00d3N"},"Iniciado en: ":{"('0108-D-2009', 0)":"Diputados"},"Expediente Diputados: ":{"('0108-D-2009', 0)":"0108-D-2009"},"Publicado en: ":{"('0108-D-2009', 0)":"Tr\u00e1mite Parlamentario N\u00b0 1"},"Fecha: ":{"('0108-D-2009', 0)":"02\/03\/2009"},"T\u00edtulo":{"('0108-D-2009', 0)":"EXPRESAR SALUDOS Y FELICITAR AL PUEBLO Y AL GOBIERNO DE COLOMBIA POR EL RESCATE DE LA SE\u00d1ORA INGRID BETANCOURT Y OTROS SECUESTRADOS POR LAS FARC."},"('Firmantes', 'FIRMANTE')":{"('0108-D-2009', 0)":"OBIGLIO, JULIAN MARTIN"},"('Firmantes', 'DISTRITO')":{"('0108-D-2009', 0)":"CIUDAD de BUENOS AIRES"},"('Firmantes', 'BLOQUE')":{"('0108-D-2009', 0)":"PRO"},"('Giros', 'COMISI\u00d3N')":{"('0108-D-2009', 0)":"RELACIONES EXTERIORES Y CULTO"},"Link":{"('0108-D-2009', 0)":"https:\/\/www.hcdn.gob.ar\/proyectos\/textoCompleto.jsp?exp=0108-D-2009&tipo=RESOLUCION"},"Palabra Clave":{"('0108-D-2009', 0)":" "}}