{"Tipo de Proyecto":{"('0109-D-2009', 0)":"PROYECTO DE RESOLUCI\u00d3N"},"Iniciado en: ":{"('0109-D-2009', 0)":"Diputados"},"Expediente Diputados: ":{"('0109-D-2009', 0)":"0109-D-2009"},"Publicado en: ":{"('0109-D-2009', 0)":"Tr\u00e1mite Parlamentario N\u00b0 1"},"Fecha: ":{"('0109-D-2009', 0)":"02\/03\/2009"},"T\u00edtulo":{"('0109-D-2009', 0)":"REGLAMENTO DE LA H CAMARA: MODIFICACIONES DEL ARTICULO 30, SOBRE LAS SESIONES DE TABLAS."},"('Firmantes', 'FIRMANTE')":{"('0109-D-2009', 0)":"OBIGLIO, JULIAN MARTIN"},"('Firmantes', 'DISTRITO')":{"('0109-D-2009', 0)":"CIUDAD de BUENOS AIRES"},"('Firmantes', 'BLOQUE')":{"('0109-D-2009', 0)":"PRO"},"('Giros', 'COMISI\u00d3N')":{"('0109-D-2009', 0)":"PETICIONES, PODERES Y REGLAMENTO"},"Link":{"('0109-D-2009', 0)":"https:\/\/www.hcdn.gob.ar\/proyectos\/textoCompleto.jsp?exp=0109-D-2009&tipo=RESOLUCION"},"Palabra Clave":{"('0109-D-2009', 0)":" "}}