{"Tipo de Proyecto":{"('0109-S-2009', 0)":"PROYECTO DE RESOLUCI\u00d3N","('0109-S-2009', 1)":null,"('0109-S-2009', 2)":null,"('0109-S-2009', 3)":null,"('0109-S-2009', 4)":null},"Iniciado en: ":{"('0109-S-2009', 0)":"Senado","('0109-S-2009', 1)":null,"('0109-S-2009', 2)":null,"('0109-S-2009', 3)":null,"('0109-S-2009', 4)":null},"Expediente Diputados: ":{"('0109-S-2009', 0)":"0109-S-2009","('0109-S-2009', 1)":null,"('0109-S-2009', 2)":null,"('0109-S-2009', 3)":null,"('0109-S-2009', 4)":null},"Expediente Senado: ":{"('0109-S-2009', 0)":"0274-OV-2007","('0109-S-2009', 1)":null,"('0109-S-2009', 2)":null,"('0109-S-2009', 3)":null,"('0109-S-2009', 4)":null},"Fecha: ":{"('0109-S-2009', 0)":"11\/11\/2008","('0109-S-2009', 1)":null,"('0109-S-2009', 2)":null,"('0109-S-2009', 3)":null,"('0109-S-2009', 4)":null},"T\u00edtulo":{"('0109-S-2009', 0)":"PEDIDO DE INFORMES AL PODER EJECUTIVO SOBRE RESOLUCION REMITIDA POR LA AUDITORIA GENERAL DE LA NACION REFERIDA AL REGIMEN APLICADO POR EL BANCO CENTRAL DE LA REPUBLICA ARGENTINA SOBRE CONTRATACIONES DE BIENES Y SERVICIOS.","('0109-S-2009', 1)":null,"('0109-S-2009', 2)":null,"('0109-S-2009', 3)":null,"('0109-S-2009', 4)":null},"('Firmantes', 'FIRMANTE')":{"('0109-S-2009', 0)":"PARLAMENTARIA MIXTA REVISORA DE CUENTAS","('0109-S-2009', 1)":null,"('0109-S-2009', 2)":null,"('0109-S-2009', 3)":null,"('0109-S-2009', 4)":null},"('Firmantes', 'DISTRITO')":{"('0109-S-2009', 0)":null,"('0109-S-2009', 1)":null,"('0109-S-2009', 2)":null,"('0109-S-2009', 3)":null,"('0109-S-2009', 4)":null},"('Firmantes', 'BLOQUE')":{"('0109-S-2009', 0)":null,"('0109-S-2009', 1)":null,"('0109-S-2009', 2)":null,"('0109-S-2009', 3)":null,"('0109-S-2009', 4)":null},"('Giros', 'COMISI\u00d3N')":{"('0109-S-2009', 0)":"PARLAMENTARIA MIXTA REVISORA DE CUENTAS","('0109-S-2009', 1)":null,"('0109-S-2009', 2)":null,"('0109-S-2009', 3)":null,"('0109-S-2009', 4)":null},"('Tramites', 'C\u00c1MARA')":{"('0109-S-2009', 0)":"Senado","('0109-S-2009', 1)":"Senado","('0109-S-2009', 2)":"Diputados","('0109-S-2009', 3)":"Diputados","('0109-S-2009', 4)":"Senado"},"('Tramites', 'MOVIMIENTO')":{"('0109-S-2009', 0)":"MOCION DE PREFERENCIA PARA LA PROXIMA SESION (AFIRMATIVA)","('0109-S-2009', 1)":"CONSIDERACION Y APROBACION","('0109-S-2009', 2)":"PASA A DIPUTADOS -","('0109-S-2009', 3)":"CONSIDERACION Y APROBACION","('0109-S-2009', 4)":"CONTESTACION DEL PODER EJECUTIVO NACIONAL - JEFE DE GABINETE DE MINISTROS - GIRADO A LA COMISION RESPECTIVA"},"('Tramites', 'FECHA')":{"('0109-S-2009', 0)":"11\/11\/2009","('0109-S-2009', 1)":"18\/11\/2009","('0109-S-2009', 2)":null,"('0109-S-2009', 3)":"12\/05\/2010","('0109-S-2009', 4)":"16\/05\/2012"},"('Tramites', 'RESULTADO')":{"('0109-S-2009', 0)":null,"('0109-S-2009', 1)":"APROBADO","('0109-S-2009', 2)":null,"('0109-S-2009', 3)":"APROBADO","('0109-S-2009', 4)":null},"Link":{"('0109-S-2009', 0)":"http:\/\/www.senado.gov.ar\/parlamentario\/comisiones\/verExp\/274.07\/OV\/PR","('0109-S-2009', 1)":null,"('0109-S-2009', 2)":null,"('0109-S-2009', 3)":null,"('0109-S-2009', 4)":null},"Palabra Clave":{"('0109-S-2009', 0)":" ","('0109-S-2009', 1)":null,"('0109-S-2009', 2)":null,"('0109-S-2009', 3)":null,"('0109-S-2009', 4)":null}}