{"Tipo de Proyecto":{"('0110-S-2009', 0)":"PROYECTO DE DECLARACI\u00d3N","('0110-S-2009', 1)":null},"Iniciado en: ":{"('0110-S-2009', 0)":"Senado","('0110-S-2009', 1)":null},"Expediente Senado: ":{"('0110-S-2009', 0)":"0110-S-2009","('0110-S-2009', 1)":null},"Publicado en: ":{"('0110-S-2009', 0)":"Diario de Asuntos Entrados N\u00b0 6","('0110-S-2009', 1)":null},"Fecha: ":{"('0110-S-2009', 0)":"02\/03\/2009","('0110-S-2009', 1)":null},"T\u00edtulo":{"('0110-S-2009', 0)":"ADHERIR  A LA CONMEMORACION DEL DIA NACIONAL DE LOS DERECHOS DE CONSUMIDORES Y USUARIOS EL 15 DE MARZO.","('0110-S-2009', 1)":null},"('Firmantes', 'FIRMANTE')":{"('0110-S-2009', 0)":"BASUALDO, ROBERTO GUSTAVO","('0110-S-2009', 1)":null},"('Firmantes', 'DISTRITO')":{"('0110-S-2009', 0)":"SAN JUAN","('0110-S-2009', 1)":null},"('Firmantes', 'BLOQUE')":{"('0110-S-2009', 0)":"PRODUCCION Y TRABAJO","('0110-S-2009', 1)":null},"('Tramites', 'C\u00c1MARA')":{"('0110-S-2009', 0)":"Senado","('0110-S-2009', 1)":"Senado"},"('Tramites', 'MOVIMIENTO')":{"('0110-S-2009', 0)":"MOCION SOBRE TABLAS (AFIRMATIVA) CONJUNTAMENTE PARA LOS EXPEDIENTES 0043-S-2009, 0110-S-2009, 0135-S-2009 y 0146-S-2009","('0110-S-2009', 1)":"CONSIDERACION Y APROBACION CONJUNTAMENTE PARA LOS EXPEDIENTES 0043-S-2009, 0110-S-2009, 0135-S-2009 y 0146-S-2009"},"('Tramites', 'FECHA')":{"('0110-S-2009', 0)":"04\/03\/2009","('0110-S-2009', 1)":"04\/03\/2009"},"('Tramites', 'RESULTADO')":{"('0110-S-2009', 0)":null,"('0110-S-2009', 1)":"APROBADO"},"Link":{"('0110-S-2009', 0)":"http:\/\/www.senado.gov.ar\/parlamentario\/comisiones\/verExp\/110.09\/S\/PD","('0110-S-2009', 1)":null},"Palabra Clave":{"('0110-S-2009', 0)":" ","('0110-S-2009', 1)":null}}