{"Tipo de Proyecto":{"('0110-D-2009', 0)":"PROYECTO DE LEY"},"Iniciado en: ":{"('0110-D-2009', 0)":"Diputados"},"Expediente Diputados: ":{"('0110-D-2009', 0)":"0110-D-2009"},"Publicado en: ":{"('0110-D-2009', 0)":"Tr\u00e1mite Parlamentario N\u00b0 1"},"Fecha: ":{"('0110-D-2009', 0)":"02\/03\/2009"},"T\u00edtulo":{"('0110-D-2009', 0)":"FONDOS JUDICIALES, LEY 9667: MODIFICACION DEL ARTICULO 3, SOBRE EXTRACCION DE DEPOSITOS."},"('Firmantes', 'FIRMANTE')":{"('0110-D-2009', 0)":"OBIGLIO, JULIAN MARTIN"},"('Firmantes', 'DISTRITO')":{"('0110-D-2009', 0)":"CIUDAD de BUENOS AIRES"},"('Firmantes', 'BLOQUE')":{"('0110-D-2009', 0)":"PRO"},"('Giros', 'COMISI\u00d3N')":{"('0110-D-2009', 0)":"JUSTICIA"},"Link":{"('0110-D-2009', 0)":"https:\/\/www.hcdn.gob.ar\/proyectos\/textoCompleto.jsp?exp=0110-D-2009&tipo=LEY"},"Palabra Clave":{"('0110-D-2009', 0)":" "}}