{"Tipo de Proyecto":{"('0111-S-2009', 0)":"PROYECTO DE RESOLUCI\u00d3N","('0111-S-2009', 1)":null,"('0111-S-2009', 2)":null,"('0111-S-2009', 3)":null,"('0111-S-2009', 4)":null},"Iniciado en: ":{"('0111-S-2009', 0)":"Senado","('0111-S-2009', 1)":null,"('0111-S-2009', 2)":null,"('0111-S-2009', 3)":null,"('0111-S-2009', 4)":null},"Expediente Diputados: ":{"('0111-S-2009', 0)":"0111-S-2009","('0111-S-2009', 1)":null,"('0111-S-2009', 2)":null,"('0111-S-2009', 3)":null,"('0111-S-2009', 4)":null},"Expediente Senado: ":{"('0111-S-2009', 0)":"0049-OV-2008","('0111-S-2009', 1)":null,"('0111-S-2009', 2)":null,"('0111-S-2009', 3)":null,"('0111-S-2009', 4)":null},"Fecha: ":{"('0111-S-2009', 0)":"11\/11\/2008","('0111-S-2009', 1)":null,"('0111-S-2009', 2)":null,"('0111-S-2009', 3)":null,"('0111-S-2009', 4)":null},"T\u00edtulo":{"('0111-S-2009', 0)":"PEDIDO DE INFORMES AL PODER EJECUTIVO SOBRE RESOLUCION REMITIDA POR LA AUDITORIA GENERAL DE LA NACION REFERENTE A UN INFORME DE AUDITORIA Y MEMORANDO DE CONTROL INTERNO SOBRE LOS ESTADOS CONTABLES AL 31 DE DICIEMBRE DE 2006 DE LA SUPERINTENDENCIA DE ADMINISTRADORAS DE JUBILACIONES Y PENSIONES.","('0111-S-2009', 1)":null,"('0111-S-2009', 2)":null,"('0111-S-2009', 3)":null,"('0111-S-2009', 4)":null},"('Firmantes', 'FIRMANTE')":{"('0111-S-2009', 0)":"PARLAMENTARIA MIXTA REVISORA DE CUENTAS","('0111-S-2009', 1)":null,"('0111-S-2009', 2)":null,"('0111-S-2009', 3)":null,"('0111-S-2009', 4)":null},"('Firmantes', 'DISTRITO')":{"('0111-S-2009', 0)":null,"('0111-S-2009', 1)":null,"('0111-S-2009', 2)":null,"('0111-S-2009', 3)":null,"('0111-S-2009', 4)":null},"('Firmantes', 'BLOQUE')":{"('0111-S-2009', 0)":null,"('0111-S-2009', 1)":null,"('0111-S-2009', 2)":null,"('0111-S-2009', 3)":null,"('0111-S-2009', 4)":null},"('Giros', 'COMISI\u00d3N')":{"('0111-S-2009', 0)":"PARLAMENTARIA MIXTA REVISORA DE CUENTAS","('0111-S-2009', 1)":null,"('0111-S-2009', 2)":null,"('0111-S-2009', 3)":null,"('0111-S-2009', 4)":null},"('Tramites', 'C\u00c1MARA')":{"('0111-S-2009', 0)":"Senado","('0111-S-2009', 1)":"Senado","('0111-S-2009', 2)":"Diputados","('0111-S-2009', 3)":"Diputados","('0111-S-2009', 4)":"Diputados"},"('Tramites', 'MOVIMIENTO')":{"('0111-S-2009', 0)":"MOCION DE PREFERENCIA PARA LA PROXIMA SESION (AFIRMATIVA)","('0111-S-2009', 1)":"CONSIDERACION Y APROBACION","('0111-S-2009', 2)":"PASA A DIPUTADOS -","('0111-S-2009', 3)":"CONSIDERACION Y APROBACION","('0111-S-2009', 4)":"CONTESTACION DEL PODER EJECUTIVO NACIONAL - JEFE DE GABINETE DE MINISTROS - GIRADO A LA COMISION RESPECTIVA"},"('Tramites', 'FECHA')":{"('0111-S-2009', 0)":"11\/11\/2009","('0111-S-2009', 1)":"18\/11\/2009","('0111-S-2009', 2)":null,"('0111-S-2009', 3)":"12\/05\/2010","('0111-S-2009', 4)":"16\/03\/2011"},"('Tramites', 'RESULTADO')":{"('0111-S-2009', 0)":null,"('0111-S-2009', 1)":"APROBADO","('0111-S-2009', 2)":null,"('0111-S-2009', 3)":"APROBADO","('0111-S-2009', 4)":null},"Link":{"('0111-S-2009', 0)":"http:\/\/www.senado.gov.ar\/parlamentario\/comisiones\/verExp\/49.08\/OV\/PR","('0111-S-2009', 1)":null,"('0111-S-2009', 2)":null,"('0111-S-2009', 3)":null,"('0111-S-2009', 4)":null},"Palabra Clave":{"('0111-S-2009', 0)":" ","('0111-S-2009', 1)":null,"('0111-S-2009', 2)":null,"('0111-S-2009', 3)":null,"('0111-S-2009', 4)":null}}