{"Tipo de Proyecto":{"('0112-S-2009', 0)":"PROYECTO DE RESOLUCI\u00d3N","('0112-S-2009', 1)":null,"('0112-S-2009', 2)":null,"('0112-S-2009', 3)":null},"Iniciado en: ":{"('0112-S-2009', 0)":"Senado","('0112-S-2009', 1)":null,"('0112-S-2009', 2)":null,"('0112-S-2009', 3)":null},"Expediente Diputados: ":{"('0112-S-2009', 0)":"0112-S-2009","('0112-S-2009', 1)":null,"('0112-S-2009', 2)":null,"('0112-S-2009', 3)":null},"Expediente Senado: ":{"('0112-S-2009', 0)":"0377-OV-2007","('0112-S-2009', 1)":null,"('0112-S-2009', 2)":null,"('0112-S-2009', 3)":null},"Fecha: ":{"('0112-S-2009', 0)":"11\/11\/2008","('0112-S-2009', 1)":null,"('0112-S-2009', 2)":null,"('0112-S-2009', 3)":null},"T\u00edtulo":{"('0112-S-2009', 0)":"PEDIDO DE INFORMES AL PODER EJECUTIVO SOBRE RESOLUCION REMITIDA POR LA AUDITORIA GENERAL DE LA NACION REFERENTE A UN RELEVAMIENTO DE GESTION AMBIENTAL REALIZADO EN LA SECRETARIA DE ENERGIA - SUBSECRETARIA DE ENERGIA ELECTRICA, RESPECTO A LAS PROPUESTAS ESTRATEGICAS DESTINADAS AL USO RACIONAL DE LA ENERGIA ELECTRICA.","('0112-S-2009', 1)":null,"('0112-S-2009', 2)":null,"('0112-S-2009', 3)":null},"('Firmantes', 'FIRMANTE')":{"('0112-S-2009', 0)":"PARLAMENTARIA MIXTA REVISORA DE CUENTAS","('0112-S-2009', 1)":null,"('0112-S-2009', 2)":null,"('0112-S-2009', 3)":null},"('Firmantes', 'DISTRITO')":{"('0112-S-2009', 0)":null,"('0112-S-2009', 1)":null,"('0112-S-2009', 2)":null,"('0112-S-2009', 3)":null},"('Firmantes', 'BLOQUE')":{"('0112-S-2009', 0)":null,"('0112-S-2009', 1)":null,"('0112-S-2009', 2)":null,"('0112-S-2009', 3)":null},"('Giros', 'COMISI\u00d3N')":{"('0112-S-2009', 0)":"PARLAMENTARIA MIXTA REVISORA DE CUENTAS","('0112-S-2009', 1)":null,"('0112-S-2009', 2)":null,"('0112-S-2009', 3)":null},"('Tramites', 'C\u00c1MARA')":{"('0112-S-2009', 0)":"Senado","('0112-S-2009', 1)":"Senado","('0112-S-2009', 2)":"Diputados","('0112-S-2009', 3)":"Diputados"},"('Tramites', 'MOVIMIENTO')":{"('0112-S-2009', 0)":"MOCION DE PREFERENCIA PARA LA PROXIMA SESION (AFIRMATIVA)","('0112-S-2009', 1)":"CONSIDERACION Y APROBACION","('0112-S-2009', 2)":"PASA A DIPUTADOS -","('0112-S-2009', 3)":"CONSIDERACION Y APROBACION"},"('Tramites', 'FECHA')":{"('0112-S-2009', 0)":"11\/11\/2009","('0112-S-2009', 1)":"18\/11\/2009","('0112-S-2009', 2)":null,"('0112-S-2009', 3)":"27\/08\/2009"},"('Tramites', 'RESULTADO')":{"('0112-S-2009', 0)":null,"('0112-S-2009', 1)":"APROBADO","('0112-S-2009', 2)":null,"('0112-S-2009', 3)":"APROBADO"},"Link":{"('0112-S-2009', 0)":"http:\/\/www.senado.gov.ar\/parlamentario\/comisiones\/verExp\/377.07\/OV\/PR","('0112-S-2009', 1)":null,"('0112-S-2009', 2)":null,"('0112-S-2009', 3)":null},"Palabra Clave":{"('0112-S-2009', 0)":" ","('0112-S-2009', 1)":null,"('0112-S-2009', 2)":null,"('0112-S-2009', 3)":null}}