{"Tipo de Proyecto":{"('0113-S-2009', 0)":"PROYECTO DE LEY","('0113-S-2009', 1)":null,"('0113-S-2009', 2)":null,"('0113-S-2009', 3)":null},"Iniciado en: ":{"('0113-S-2009', 0)":"Senado","('0113-S-2009', 1)":null,"('0113-S-2009', 2)":null,"('0113-S-2009', 3)":null},"Expediente Senado: ":{"('0113-S-2009', 0)":"0113-S-2009","('0113-S-2009', 1)":null,"('0113-S-2009', 2)":null,"('0113-S-2009', 3)":null},"Publicado en: ":{"('0113-S-2009', 0)":"Diario de Asuntos Entrados N\u00b0 7","('0113-S-2009', 1)":null,"('0113-S-2009', 2)":null,"('0113-S-2009', 3)":null},"Fecha: ":{"('0113-S-2009', 0)":"03\/03\/2009","('0113-S-2009', 1)":null,"('0113-S-2009', 2)":null,"('0113-S-2009', 3)":null},"T\u00edtulo":{"('0113-S-2009', 0)":"APUESTAS EN LINEA.","('0113-S-2009', 1)":null,"('0113-S-2009', 2)":null,"('0113-S-2009', 3)":null},"('Firmantes', 'FIRMANTE')":{"('0113-S-2009', 0)":"TORRES, EDUARDO ENRIQUE","('0113-S-2009', 1)":"RIOS, ROBERTO FABIAN","('0113-S-2009', 2)":"FORSTMANN, SELVA JUDIT","('0113-S-2009', 3)":"BIANCALANI, FABIO DARIO"},"('Firmantes', 'DISTRITO')":{"('0113-S-2009', 0)":"MISIONES","('0113-S-2009', 1)":"CORRIENTES","('0113-S-2009', 2)":"SANTA CRUZ","('0113-S-2009', 3)":"CHACO"},"('Firmantes', 'BLOQUE')":{"('0113-S-2009', 0)":"FRENTE PARA LA VICTORIA - PJ","('0113-S-2009', 1)":"FRENTE PARA LA VICTORIA - PJ","('0113-S-2009', 2)":"FRENTE PARA LA VICTORIA - PJ","('0113-S-2009', 3)":"FRENTE PARA LA VICTORIA - PJ"},"('Tramites', 'C\u00c1MARA')":{"('0113-S-2009', 0)":"Senado","('0113-S-2009', 1)":null,"('0113-S-2009', 2)":null,"('0113-S-2009', 3)":null},"('Tramites', 'MOVIMIENTO')":{"('0113-S-2009', 0)":"SOLICITUD DE SER COFIRMANTE DE LOS SENADORES RIOS, FORSTMANN, BIANCALANI Y RIOS (A SUS ANTECEDENTES)","('0113-S-2009', 1)":null,"('0113-S-2009', 2)":null,"('0113-S-2009', 3)":null},"('Tramites', 'FECHA')":{"('0113-S-2009', 0)":"15\/04\/2009","('0113-S-2009', 1)":null,"('0113-S-2009', 2)":null,"('0113-S-2009', 3)":null},"('Tramites', 'RESULTADO')":{"('0113-S-2009', 0)":null,"('0113-S-2009', 1)":null,"('0113-S-2009', 2)":null,"('0113-S-2009', 3)":null},"Sumario":{"('0113-S-2009', 0)":"OBJETO; OBLIGACIONES DE LA ASOCIACION DE LOTERIAS, QUINIELAS Y CASINOS DEL ESTADO (ALEA); FACULTADES; LICENCIA; CANON; PROHIBICIONES; OBLIGACIONES DE LAS PERSONAS JURIDICAS ADJUDICATARIAS DE LA LICENCIA; COMUNICACION FEHACIENTE; SANCIONES.","('0113-S-2009', 1)":null,"('0113-S-2009', 2)":null,"('0113-S-2009', 3)":null},"Palabra Clave":{"('0113-S-2009', 0)":" ","('0113-S-2009', 1)":null,"('0113-S-2009', 2)":null,"('0113-S-2009', 3)":null}}