{"Tipo de Proyecto":{"('0114-D-2009', 0)":"PROYECTO DE LEY","('0114-D-2009', 1)":null,"('0114-D-2009', 2)":null,"('0114-D-2009', 3)":null},"Iniciado en: ":{"('0114-D-2009', 0)":"Diputados","('0114-D-2009', 1)":null,"('0114-D-2009', 2)":null,"('0114-D-2009', 3)":null},"Expediente Diputados: ":{"('0114-D-2009', 0)":"0114-D-2009","('0114-D-2009', 1)":null,"('0114-D-2009', 2)":null,"('0114-D-2009', 3)":null},"Publicado en: ":{"('0114-D-2009', 0)":"Tr\u00e1mite Parlamentario N\u00b0 1","('0114-D-2009', 1)":null,"('0114-D-2009', 2)":null,"('0114-D-2009', 3)":null},"Fecha: ":{"('0114-D-2009', 0)":"02\/03\/2009","('0114-D-2009', 1)":null,"('0114-D-2009', 2)":null,"('0114-D-2009', 3)":null},"T\u00edtulo":{"('0114-D-2009', 0)":"CREACION DEL REGISTROS DE BOLETOS DE COMPRAVENTA EN EL AMBITO DE LOS REGISTROS DE LA PROPIEDAD INMUEBLE.","('0114-D-2009', 1)":null,"('0114-D-2009', 2)":null,"('0114-D-2009', 3)":null},"('Firmantes', 'FIRMANTE')":{"('0114-D-2009', 0)":"OBIGLIO, JULIAN MARTIN","('0114-D-2009', 1)":"DE MARCHI, OMAR BRUNO","('0114-D-2009', 2)":"SATRAGNO, LIDIA ELSA","('0114-D-2009', 3)":"HOTTON, CYNTHIA LILIANA"},"('Firmantes', 'DISTRITO')":{"('0114-D-2009', 0)":"CIUDAD de BUENOS AIRES","('0114-D-2009', 1)":"MENDOZA","('0114-D-2009', 2)":"BUENOS AIRES","('0114-D-2009', 3)":"CIUDAD de BUENOS AIRES"},"('Firmantes', 'BLOQUE')":{"('0114-D-2009', 0)":"PRO","('0114-D-2009', 1)":"DEMOCRATA DE MENDOZA","('0114-D-2009', 2)":"PRO","('0114-D-2009', 3)":"PRO"},"('Giros', 'COMISI\u00d3N')":{"('0114-D-2009', 0)":"LEGISLACION GENERAL","('0114-D-2009', 1)":"JUSTICIA","('0114-D-2009', 2)":null,"('0114-D-2009', 3)":null},"('Tramites', 'C\u00c1MARA')":{"('0114-D-2009', 0)":"Diputados","('0114-D-2009', 1)":"Diputados","('0114-D-2009', 2)":null,"('0114-D-2009', 3)":null},"('Tramites', 'MOVIMIENTO')":{"('0114-D-2009', 0)":"SOLICITUD DE SER COFIRMANTE DE LA DIPUTADA SATRAGNO (A SUS ANTECEDENTES)","('0114-D-2009', 1)":"SOLICITUD DE SER COFIRMANTE DE LA DIPUTADA HOTTON (A SUS ANTECEDENTES)","('0114-D-2009', 2)":null,"('0114-D-2009', 3)":null},"('Tramites', 'FECHA')":{"('0114-D-2009', 0)":"11\/03\/2009","('0114-D-2009', 1)":"20\/05\/2009","('0114-D-2009', 2)":null,"('0114-D-2009', 3)":null},"('Tramites', 'RESULTADO')":{"('0114-D-2009', 0)":null,"('0114-D-2009', 1)":null,"('0114-D-2009', 2)":null,"('0114-D-2009', 3)":null},"Link":{"('0114-D-2009', 0)":"https:\/\/www.hcdn.gob.ar\/proyectos\/textoCompleto.jsp?exp=0114-D-2009&tipo=LEY","('0114-D-2009', 1)":null,"('0114-D-2009', 2)":null,"('0114-D-2009', 3)":null},"Palabra Clave":{"('0114-D-2009', 0)":" ","('0114-D-2009', 1)":null,"('0114-D-2009', 2)":null,"('0114-D-2009', 3)":null}}