{"Tipo de Proyecto":{"('0116-S-2009', 0)":"PROYECTO DE LEY"},"Iniciado en: ":{"('0116-S-2009', 0)":"Senado"},"Expediente Senado: ":{"('0116-S-2009', 0)":"0116-S-2009"},"Publicado en: ":{"('0116-S-2009', 0)":"Diario de Asuntos Entrados N\u00b0 7"},"Fecha: ":{"('0116-S-2009', 0)":"03\/03\/2009"},"T\u00edtulo":{"('0116-S-2009', 0)":"DECLARAR DE INTERES NACIONAL LA REPARACION, MANTENIMIENTO Y MODERNIZACION DEL ROMPEHIELOS ARA ALMIRANTE IRIZAR (REPRODUCCION DEL EXPEDIENTE 0975-S-07)."},"('Firmantes', 'FIRMANTE')":{"('0116-S-2009', 0)":"SAADI, RAMON EDUARDO"},"('Firmantes', 'DISTRITO')":{"('0116-S-2009', 0)":"CATAMARCA"},"('Firmantes', 'BLOQUE')":{"('0116-S-2009', 0)":"FRENTE PARA LA VICTORIA - PJ"},"Sumario":{"('0116-S-2009', 0)":"REASIGNACION DE PARTIDAS PRESUPUESTARIAS."},"Palabra Clave":{"('0116-S-2009', 0)":" "}}