{"Tipo de Proyecto":{"('0117-S-2009', 0)":"PROYECTO DE LEY"},"Iniciado en: ":{"('0117-S-2009', 0)":"Senado"},"Expediente Senado: ":{"('0117-S-2009', 0)":"0117-S-2009"},"Publicado en: ":{"('0117-S-2009', 0)":"Diario de Asuntos Entrados N\u00b0 7"},"Fecha: ":{"('0117-S-2009', 0)":"03\/03\/2009"},"T\u00edtulo":{"('0117-S-2009', 0)":"ESTABLECER EL DERECHO A LA PORTABILIDAD NUMERICA DE LOS CLIENTES O USUARIOS DE TELEFONIA CELULAR (REPRODUCCION DEL EXPEDIENTE 2191-S-07)."},"('Firmantes', 'FIRMANTE')":{"('0117-S-2009', 0)":"SAADI, RAMON EDUARDO"},"('Firmantes', 'DISTRITO')":{"('0117-S-2009', 0)":"CATAMARCA"},"('Firmantes', 'BLOQUE')":{"('0117-S-2009', 0)":"FRENTE PARA LA VICTORIA - PJ"},"Link":{"('0117-S-2009', 0)":"http:\/\/www.senado.gov.ar\/parlamentario\/comisiones\/verExp\/117.09\/S\/PL"},"Palabra Clave":{"('0117-S-2009', 0)":" "}}