{"Tipo de Proyecto":{"('0118-D-2009', 0)":"PROYECTO DE LEY","('0118-D-2009', 1)":null,"('0118-D-2009', 2)":null},"Iniciado en: ":{"('0118-D-2009', 0)":"Diputados","('0118-D-2009', 1)":null,"('0118-D-2009', 2)":null},"Expediente Diputados: ":{"('0118-D-2009', 0)":"0118-D-2009","('0118-D-2009', 1)":null,"('0118-D-2009', 2)":null},"Publicado en: ":{"('0118-D-2009', 0)":"Tr\u00e1mite Parlamentario N\u00b0 1","('0118-D-2009', 1)":null,"('0118-D-2009', 2)":null},"Fecha: ":{"('0118-D-2009', 0)":"02\/03\/2009","('0118-D-2009', 1)":null,"('0118-D-2009', 2)":null},"T\u00edtulo":{"('0118-D-2009', 0)":"ESTABLECER LA COPARTICIPACION DE LOS INGRESOS PROVENIENTES DEL IMPUESTO SOBRE CREDITOS Y DEBITOS EN CUENTAS BANCARIAS Y OTRAS OPERATORIAS, LEY 25413 Y SUS MODIFICATORIAS.","('0118-D-2009', 1)":null,"('0118-D-2009', 2)":null},"('Firmantes', 'FIRMANTE')":{"('0118-D-2009', 0)":"OBIGLIO, JULIAN MARTIN","('0118-D-2009', 1)":"SATRAGNO, LIDIA ELSA","('0118-D-2009', 2)":"HOTTON, CYNTHIA LILIANA"},"('Firmantes', 'DISTRITO')":{"('0118-D-2009', 0)":"CIUDAD de BUENOS AIRES","('0118-D-2009', 1)":"BUENOS AIRES","('0118-D-2009', 2)":"CIUDAD de BUENOS AIRES"},"('Firmantes', 'BLOQUE')":{"('0118-D-2009', 0)":"PRO","('0118-D-2009', 1)":"PRO","('0118-D-2009', 2)":"PRO"},"('Giros', 'COMISI\u00d3N')":{"('0118-D-2009', 0)":"PRESUPUESTO Y HACIENDA","('0118-D-2009', 1)":null,"('0118-D-2009', 2)":null},"('Tramites', 'C\u00c1MARA')":{"('0118-D-2009', 0)":"Diputados","('0118-D-2009', 1)":"Diputados","('0118-D-2009', 2)":null},"('Tramites', 'MOVIMIENTO')":{"('0118-D-2009', 0)":"SOLICITUD DE SER COFIRMANTE DE LA DIPUTADA SATRAGNO (A SUS ANTECEDENTES)","('0118-D-2009', 1)":"SOLICITUD DE SER COFIRMANTE DE LA DIPUTADA HOTTON (A SUS ANTECEDENTES)","('0118-D-2009', 2)":null},"('Tramites', 'FECHA')":{"('0118-D-2009', 0)":"11\/03\/2009","('0118-D-2009', 1)":"20\/05\/2009","('0118-D-2009', 2)":null},"('Tramites', 'RESULTADO')":{"('0118-D-2009', 0)":null,"('0118-D-2009', 1)":null,"('0118-D-2009', 2)":null},"Link":{"('0118-D-2009', 0)":"https:\/\/www.hcdn.gob.ar\/proyectos\/textoCompleto.jsp?exp=0118-D-2009&tipo=LEY","('0118-D-2009', 1)":null,"('0118-D-2009', 2)":null},"Palabra Clave":{"('0118-D-2009', 0)":" ","('0118-D-2009', 1)":null,"('0118-D-2009', 2)":null}}