{"Tipo de Proyecto":{"('0118-S-2009', 0)":"PROYECTO DE LEY"},"Iniciado en: ":{"('0118-S-2009', 0)":"Senado"},"Expediente Senado: ":{"('0118-S-2009', 0)":"0118-S-2009"},"Publicado en: ":{"('0118-S-2009', 0)":"Diario de Asuntos Entrados N\u00b0 7"},"Fecha: ":{"('0118-S-2009', 0)":"03\/03\/2009"},"T\u00edtulo":{"('0118-S-2009', 0)":"CREACION DE LA AUTORIDAD DE CUENCA SALI - DULCE (REPRODUCCION DEL EXPEDIENTE 1832-S-07)."},"('Firmantes', 'FIRMANTE')":{"('0118-S-2009', 0)":"SAADI, RAMON EDUARDO"},"('Firmantes', 'DISTRITO')":{"('0118-S-2009', 0)":"CATAMARCA"},"('Firmantes', 'BLOQUE')":{"('0118-S-2009', 0)":"FRENTE PARA LA VICTORIA - PJ"},"Sumario":{"('0118-S-2009', 0)":"CREACION; INTEGRACION, REGLAMENTO; CONCEJO MUNICIPAL; COMISION DE PARTICIPACION SOCIAL; COMPETENCIA: FACULTADES, PREVALENCIA NORMATIVA, MEDIDAS PREVENTIVAS, FACULTADES; INFORME ANUAL AL CONGRESO DE LA NACION; FINANCIAMIENTO: CREACION DE UN FONDO DE COMPENSACION AMBIENTAL; REGIMEN DE COMPRAS Y CONTRATACIONES: PROCEDIMIENTO; OTRAS DISPOSICIONES: APLICACION DE PRINCIPIOS DE LA POLITICA AMBIENTAL, DECLARACION EN EMERGENCIA AMBIENTAL A LA CUENCA SALI - DULCE POR EL TERMINO DE CINCO (5) A\u00d1OS, INVITACION A LAS LEGISLATURAS DE LAS PROVINCIAS DE SALTA, CATAMARCA, TUCUMAN, SANTIAGO DEL ESTERO Y CORDOBA A ADHERIR A LA PRESENTE LEY."},"Palabra Clave":{"('0118-S-2009', 0)":" "}}