{"Tipo de Proyecto":{"('0119-D-2009', 0)":"PROYECTO DE RESOLUCI\u00d3N"},"Iniciado en: ":{"('0119-D-2009', 0)":"Diputados"},"Expediente Diputados: ":{"('0119-D-2009', 0)":"0119-D-2009"},"Publicado en: ":{"('0119-D-2009', 0)":"Tr\u00e1mite Parlamentario N\u00b0 1"},"Fecha: ":{"('0119-D-2009', 0)":"02\/03\/2009"},"T\u00edtulo":{"('0119-D-2009', 0)":"DECLARAR DE INTERES DE LA H CAMARA EL CURSO INTERNACIONAL LLEVADO ADELANTE POR LA UNIVERSIDAD NACIONAL DE CORDOBA DENOMINADO \"THERMODYNAMIC MODELS: FUNDAMENTALS & COMPUTATIONAL ASPECTS\", A REALIZARSE EN EL MES DE OCTUBRE DE 2009 EN LA PROVINCIA DE CORDOBA."},"('Firmantes', 'FIRMANTE')":{"('0119-D-2009', 0)":"CANTERO GUTIERREZ, ALBERTO"},"('Firmantes', 'DISTRITO')":{"('0119-D-2009', 0)":"CORDOBA"},"('Firmantes', 'BLOQUE')":{"('0119-D-2009', 0)":"FRENTE PARA LA VICTORIA - PJ"},"('Giros', 'COMISI\u00d3N')":{"('0119-D-2009', 0)":"EDUCACION"},"Link":{"('0119-D-2009', 0)":"https:\/\/www.hcdn.gob.ar\/proyectos\/textoCompleto.jsp?exp=0119-D-2009&tipo=RESOLUCION"},"Palabra Clave":{"('0119-D-2009', 0)":" "}}