{"Tipo de Proyecto":{"('0122-D-2009', 0)":"PROYECTO DE RESOLUCI\u00d3N","('0122-D-2009', 1)":null},"Iniciado en: ":{"('0122-D-2009', 0)":"Diputados","('0122-D-2009', 1)":null},"Expediente Diputados: ":{"('0122-D-2009', 0)":"0122-D-2009","('0122-D-2009', 1)":null},"Publicado en: ":{"('0122-D-2009', 0)":"Tr\u00e1mite Parlamentario N\u00b0 1","('0122-D-2009', 1)":null},"Fecha: ":{"('0122-D-2009', 0)":"02\/03\/2009","('0122-D-2009', 1)":null},"T\u00edtulo":{"('0122-D-2009', 0)":"SOLICITAR AL PODER EJECUTIVO DISPONGA LAS MEDIDAS NECESARIAS PARA PALIAR LA SITUACION DE LOS DEUDORES HIPOTECARIOS PRE CONVERTIBILIDAD EN TODO EL PAIS Y SE DEJE SIN EFECTO EL DECRETO REGLAMENTARIO 2107\/08.","('0122-D-2009', 1)":null},"('Firmantes', 'FIRMANTE')":{"('0122-D-2009', 0)":"BEVERAGGI, MARGARITA BEATRIZ","('0122-D-2009', 1)":null},"('Firmantes', 'DISTRITO')":{"('0122-D-2009', 0)":"CHACO","('0122-D-2009', 1)":null},"('Firmantes', 'BLOQUE')":{"('0122-D-2009', 0)":"UCR","('0122-D-2009', 1)":null},"('Giros', 'COMISI\u00d3N')":{"('0122-D-2009', 0)":"JUSTICIA","('0122-D-2009', 1)":null},"('Tramites', 'C\u00c1MARA')":{"('0122-D-2009', 0)":"Diputados","('0122-D-2009', 1)":"Diputados"},"('Tramites', 'MOVIMIENTO')":{"('0122-D-2009', 0)":"MOCION DE PREFERENCIA PARA LA PROXIMA SESION CON DICTAMEN (AFIRMATIVA)","('0122-D-2009', 1)":"MOCION DE PREFERENCIA PARA LA PROXIMA SESION CON DICTAMEN (AFIRMATIVA)"},"('Tramites', 'FECHA')":{"('0122-D-2009', 0)":"05\/08\/2009","('0122-D-2009', 1)":"28\/10\/2009"},"('Tramites', 'RESULTADO')":{"('0122-D-2009', 0)":null,"('0122-D-2009', 1)":null},"Link":{"('0122-D-2009', 0)":"https:\/\/www.hcdn.gob.ar\/proyectos\/textoCompleto.jsp?exp=0122-D-2009&tipo=RESOLUCION","('0122-D-2009', 1)":null},"Palabra Clave":{"('0122-D-2009', 0)":" ","('0122-D-2009', 1)":null}}