{"Tipo de Proyecto":{"('0123-S-2009', 0)":"PROYECTO DE LEY","('0123-S-2009', 1)":null,"('0123-S-2009', 2)":null,"('0123-S-2009', 3)":null,"('0123-S-2009', 4)":null,"('0123-S-2009', 5)":null},"Iniciado en: ":{"('0123-S-2009', 0)":"Senado","('0123-S-2009', 1)":null,"('0123-S-2009', 2)":null,"('0123-S-2009', 3)":null,"('0123-S-2009', 4)":null,"('0123-S-2009', 5)":null},"Expediente Senado: ":{"('0123-S-2009', 0)":"0123-S-2009","('0123-S-2009', 1)":null,"('0123-S-2009', 2)":null,"('0123-S-2009', 3)":null,"('0123-S-2009', 4)":null,"('0123-S-2009', 5)":null},"Publicado en: ":{"('0123-S-2009', 0)":"Diario de Asuntos Entrados N\u00b0 8","('0123-S-2009', 1)":null,"('0123-S-2009', 2)":null,"('0123-S-2009', 3)":null,"('0123-S-2009', 4)":null,"('0123-S-2009', 5)":null},"Fecha: ":{"('0123-S-2009', 0)":"03\/03\/2009","('0123-S-2009', 1)":null,"('0123-S-2009', 2)":null,"('0123-S-2009', 3)":null,"('0123-S-2009', 4)":null,"('0123-S-2009', 5)":null},"T\u00edtulo":{"('0123-S-2009', 0)":"REGIMEN DE ASOCIACIONES CIVILES.","('0123-S-2009', 1)":null,"('0123-S-2009', 2)":null,"('0123-S-2009', 3)":null,"('0123-S-2009', 4)":null,"('0123-S-2009', 5)":null},"('Firmantes', 'FIRMANTE')":{"('0123-S-2009', 0)":"NEGRE DE ALONSO, LILIANA T.","('0123-S-2009', 1)":"RODRIGUEZ SAA, ADOLFO","('0123-S-2009', 2)":null,"('0123-S-2009', 3)":null,"('0123-S-2009', 4)":null,"('0123-S-2009', 5)":null},"('Firmantes', 'DISTRITO')":{"('0123-S-2009', 0)":"SAN LUIS","('0123-S-2009', 1)":"SAN LUIS","('0123-S-2009', 2)":null,"('0123-S-2009', 3)":null,"('0123-S-2009', 4)":null,"('0123-S-2009', 5)":null},"('Firmantes', 'BLOQUE')":{"('0123-S-2009', 0)":"JUSTICIALISTA SAN LUIS","('0123-S-2009', 1)":"JUSTICIALISTA SAN LUIS","('0123-S-2009', 2)":null,"('0123-S-2009', 3)":null,"('0123-S-2009', 4)":null,"('0123-S-2009', 5)":null},"('Tramites', 'C\u00c1MARA')":{"('0123-S-2009', 0)":"Senado","('0123-S-2009', 1)":"Senado","('0123-S-2009', 2)":"Senado","('0123-S-2009', 3)":"Senado","('0123-S-2009', 4)":"Senado","('0123-S-2009', 5)":"Senado"},"('Tramites', 'MOVIMIENTO')":{"('0123-S-2009', 0)":"SOLICITUD DE SER COFIRMANTE DEL SENADOR RODRIGUEZ SAA (A SUS ANTECEDENTES)","('0123-S-2009', 1)":"MOCION DE PREFERENCIA PARA LA PROXIMA SESION (AFIRMATIVA)","('0123-S-2009', 2)":"MOCION DE PREFERENCIA PARA LA PROXIMA SESION (AFIRMATIVA)","('0123-S-2009', 3)":"CONSIDERACION Y APROBACION EN GENERAL","('0123-S-2009', 4)":"MOCION DE VUELTA A COMISION PARA ELABORACION DE PROYECTO EN PARTICULAR (AFIRMATIVA)","('0123-S-2009', 5)":"INSERCION"},"('Tramites', 'FECHA')":{"('0123-S-2009', 0)":"26\/03\/2009","('0123-S-2009', 1)":"29\/09\/2010","('0123-S-2009', 2)":"20\/10\/2010","('0123-S-2009', 3)":"03\/11\/2010","('0123-S-2009', 4)":"03\/11\/2010","('0123-S-2009', 5)":"03\/11\/2010"},"('Tramites', 'RESULTADO')":{"('0123-S-2009', 0)":null,"('0123-S-2009', 1)":null,"('0123-S-2009', 2)":null,"('0123-S-2009', 3)":null,"('0123-S-2009', 4)":null,"('0123-S-2009', 5)":null},"Sumario":{"('0123-S-2009', 0)":"PRINCIPIOS GENERALES; ORGANO DE GOBIERNO DE LA ASOCIACION CIVIL: ASAMBLEA DE SOCIOS; ASAMBLEA GENERAL ORDINARIA; ASAMBLEA GENERAL EXTRAORDINARIA: ORGANO DE ADMINISTRACION, COMISION DIRECTIVA; ORGANO DE FISCALIZACION INTERNA: COMISION REVISORA DE CUENTAS; GRADOS DE ASOCIACION; LIBROS OBLIGATORIOS DE LAS ASOCIACIONES CIVILES; SOCIOS DE LA ASOCIACION CIVIL: CATEGORIAS, DERECHOS Y OBLIGACIONES; TRANSFORMACION, FUSION, ESCISION E INTERVENCION JUDICIAL DE ASOCIACIONES CIVILES; CAUSALES DE DISOLUCION DE ASOCIACIONES CIVILES; INCORPORACION DE LA PRESENTE LEY AL CODIGO CIVIL; VIGENCIA; APLICACION DE PLENO DERECHO; NORMAS DE APLICACION; TRANSFORMACION EN ASOCIACIONES CIVILES.","('0123-S-2009', 1)":null,"('0123-S-2009', 2)":null,"('0123-S-2009', 3)":null,"('0123-S-2009', 4)":null,"('0123-S-2009', 5)":null},"Palabra Clave":{"('0123-S-2009', 0)":" ","('0123-S-2009', 1)":null,"('0123-S-2009', 2)":null,"('0123-S-2009', 3)":null,"('0123-S-2009', 4)":null,"('0123-S-2009', 5)":null}}