{"Tipo de Proyecto":{"('0124-S-2009', 0)":"PROYECTO DE RESOLUCI\u00d3N","('0124-S-2009', 1)":null,"('0124-S-2009', 2)":null,"('0124-S-2009', 3)":null},"Iniciado en: ":{"('0124-S-2009', 0)":"Senado","('0124-S-2009', 1)":null,"('0124-S-2009', 2)":null,"('0124-S-2009', 3)":null},"Expediente Diputados: ":{"('0124-S-2009', 0)":"0124-S-2009","('0124-S-2009', 1)":null,"('0124-S-2009', 2)":null,"('0124-S-2009', 3)":null},"Expediente Senado: ":{"('0124-S-2009', 0)":"0140-OV-2007","('0124-S-2009', 1)":null,"('0124-S-2009', 2)":null,"('0124-S-2009', 3)":null},"Fecha: ":{"('0124-S-2009', 0)":"11\/11\/2008","('0124-S-2009', 1)":null,"('0124-S-2009', 2)":null,"('0124-S-2009', 3)":null},"T\u00edtulo":{"('0124-S-2009', 0)":"PEDIDO DE INFORMES A LA UNIVERSIDAD NACIONAL DEL SUR SOBRE RESOLUCION REMITIDA POR LA AUDITORIA GENERAL DE LA NACION REFERENTE A UN INFORME SOBRE LA EJECUCION PRESUPUESTARIA CORRESPONDIENTE AL EJERCICIO 2004 Y CONTRATOS RELEVANTES DEL PERIODO, EN EL AMBITO DE DICHA UNIVERSIDAD.","('0124-S-2009', 1)":null,"('0124-S-2009', 2)":null,"('0124-S-2009', 3)":null},"('Firmantes', 'FIRMANTE')":{"('0124-S-2009', 0)":"PARLAMENTARIA MIXTA REVISORA DE CUENTAS","('0124-S-2009', 1)":null,"('0124-S-2009', 2)":null,"('0124-S-2009', 3)":null},"('Firmantes', 'DISTRITO')":{"('0124-S-2009', 0)":null,"('0124-S-2009', 1)":null,"('0124-S-2009', 2)":null,"('0124-S-2009', 3)":null},"('Firmantes', 'BLOQUE')":{"('0124-S-2009', 0)":null,"('0124-S-2009', 1)":null,"('0124-S-2009', 2)":null,"('0124-S-2009', 3)":null},"('Giros', 'COMISI\u00d3N')":{"('0124-S-2009', 0)":"PARLAMENTARIA MIXTA REVISORA DE CUENTAS","('0124-S-2009', 1)":null,"('0124-S-2009', 2)":null,"('0124-S-2009', 3)":null},"('Tramites', 'C\u00c1MARA')":{"('0124-S-2009', 0)":"Senado","('0124-S-2009', 1)":"Senado","('0124-S-2009', 2)":"Diputados","('0124-S-2009', 3)":"Diputados"},"('Tramites', 'MOVIMIENTO')":{"('0124-S-2009', 0)":"MOCION DE PREFERENCIA PARA LA PROXIMA SESION (AFIRMATIVA)","('0124-S-2009', 1)":"CONSIDERACION Y APROBACION","('0124-S-2009', 2)":"PASA A DIPUTADOS -","('0124-S-2009', 3)":"CONSIDERACION Y APROBACION"},"('Tramites', 'FECHA')":{"('0124-S-2009', 0)":"11\/11\/2009","('0124-S-2009', 1)":"18\/11\/2009","('0124-S-2009', 2)":null,"('0124-S-2009', 3)":"12\/05\/2010"},"('Tramites', 'RESULTADO')":{"('0124-S-2009', 0)":null,"('0124-S-2009', 1)":"APROBADO","('0124-S-2009', 2)":null,"('0124-S-2009', 3)":"APROBADO"},"Link":{"('0124-S-2009', 0)":"http:\/\/www.senado.gov.ar\/parlamentario\/comisiones\/verExp\/140.07\/OV\/PR","('0124-S-2009', 1)":null,"('0124-S-2009', 2)":null,"('0124-S-2009', 3)":null},"Palabra Clave":{"('0124-S-2009', 0)":" ","('0124-S-2009', 1)":null,"('0124-S-2009', 2)":null,"('0124-S-2009', 3)":null}}