{"Tipo de Proyecto":{"('0126-S-2009', 0)":"PROYECTO DE RESOLUCI\u00d3N","('0126-S-2009', 1)":null,"('0126-S-2009', 2)":null,"('0126-S-2009', 3)":null},"Iniciado en: ":{"('0126-S-2009', 0)":"Senado","('0126-S-2009', 1)":null,"('0126-S-2009', 2)":null,"('0126-S-2009', 3)":null},"Expediente Senado: ":{"('0126-S-2009', 0)":"0126-S-2009","('0126-S-2009', 1)":null,"('0126-S-2009', 2)":null,"('0126-S-2009', 3)":null},"Publicado en: ":{"('0126-S-2009', 0)":"Diario de Asuntos Entrados N\u00b0 8","('0126-S-2009', 1)":null,"('0126-S-2009', 2)":null,"('0126-S-2009', 3)":null},"Fecha: ":{"('0126-S-2009', 0)":"03\/03\/2009","('0126-S-2009', 1)":null,"('0126-S-2009', 2)":null,"('0126-S-2009', 3)":null},"T\u00edtulo":{"('0126-S-2009', 0)":"CONVOCAR AL SE\u00d1OR MINISTRO DE ECONOMIA Y FINANZAS PUBLICAS, LICENCIADO CARLOS FERNANDEZ, AL PLENO DE LA HONORABLE CAMARA DE SENADORES DE LA NACION, CON EL FIN DE EXPONER UN AMPLIO Y PORMENORIZADO INFORME ACERCA DE LA CANTIDAD Y AFECTACION DE LOS FONDOS ASIGNADOS AL SISTEMA INTEGRADO PREVISIONAL ARGENTINO (SIPA), DESDE LA SANCION DE LA LEY 26425 A LA FECHA.","('0126-S-2009', 1)":null,"('0126-S-2009', 2)":null,"('0126-S-2009', 3)":null},"('Firmantes', 'FIRMANTE')":{"('0126-S-2009', 0)":"MORALES, GERARDO RUBEN","('0126-S-2009', 1)":"ESTENSSORO, MARIA EUGENIA","('0126-S-2009', 2)":"SANZ, ERNESTO RICARDO","('0126-S-2009', 3)":"GIUSTINIANI, RUBEN HECTOR"},"('Firmantes', 'DISTRITO')":{"('0126-S-2009', 0)":"JUJUY","('0126-S-2009', 1)":"CIUDAD de BUENOS AIRES","('0126-S-2009', 2)":"MENDOZA","('0126-S-2009', 3)":"SANTA FE"},"('Firmantes', 'BLOQUE')":{"('0126-S-2009', 0)":"UCR","('0126-S-2009', 1)":"COALICION CIVICA","('0126-S-2009', 2)":"UCR","('0126-S-2009', 3)":"PARTIDO SOCIALISTA"},"Link":{"('0126-S-2009', 0)":"http:\/\/www.senado.gov.ar\/parlamentario\/comisiones\/verExp\/126.09\/S\/PR","('0126-S-2009', 1)":null,"('0126-S-2009', 2)":null,"('0126-S-2009', 3)":null},"Palabra Clave":{"('0126-S-2009', 0)":" ","('0126-S-2009', 1)":null,"('0126-S-2009', 2)":null,"('0126-S-2009', 3)":null}}