{"Tipo de Proyecto":{"('0127-OV-2009', 0)":"PROYECTO DE RESOLUCI\u00d3N"},"Iniciado en: ":{"('0127-OV-2009', 0)":"Senado"},"Expediente Senado: ":{"('0127-OV-2009', 0)":"0127-OV-2009"},"Fecha: ":{"('0127-OV-2009', 0)":"07\/04\/2011"},"T\u00edtulo":{"('0127-OV-2009', 0)":"PEDIDO DE INFORMES AL PODER EJECUTIVO SOBRE SOBRE LAS MEDIDAS ADOPTADAS EN EL AMBITO DE LA DIRECCION NACIONAL DE VIALIDAD (DNV), A FIN DE REGULARIZAR LAS SITUACIONES OBSERVADAS POR LA AUDITORIA GENERAL DE LA NACION, REFERENTE AL FINANCIAMIENTO DE LAS INVERSIONES EN OBRAS MEJORATIVAS, PERIODO AUDITADO 2004-2006."},"('Firmantes', 'FIRMANTE')":{"('0127-OV-2009', 0)":"PARLAMENTARIA MIXTA REVISORA DE CUENTAS"},"('Firmantes', 'DISTRITO')":{"('0127-OV-2009', 0)":null},"('Firmantes', 'BLOQUE')":{"('0127-OV-2009', 0)":null},"Link":{"('0127-OV-2009', 0)":"http:\/\/www.senado.gov.ar\/parlamentario\/comisiones\/verExp\/127.09\/OV\/PR"},"Palabra Clave":{"('0127-OV-2009', 0)":" "}}