{"Tipo de Proyecto":{"('0128-S-2009', 0)":"PROYECTO DE LEY","('0128-S-2009', 1)":null,"('0128-S-2009', 2)":null},"Iniciado en: ":{"('0128-S-2009', 0)":"Senado","('0128-S-2009', 1)":null,"('0128-S-2009', 2)":null},"Expediente Diputados: ":{"('0128-S-2009', 0)":"0128-S-2009","('0128-S-2009', 1)":null,"('0128-S-2009', 2)":null},"Expediente Senado: ":{"('0128-S-2009', 0)":"0962-S-2009","('0128-S-2009', 1)":null,"('0128-S-2009', 2)":null},"Publicado en: ":{"('0128-S-2009', 0)":"Diario de Asuntos Entrados N\u00b0 46","('0128-S-2009', 1)":null,"('0128-S-2009', 2)":null},"Fecha: ":{"('0128-S-2009', 0)":"15\/04\/2009","('0128-S-2009', 1)":null,"('0128-S-2009', 2)":null},"T\u00edtulo":{"('0128-S-2009', 0)":"CREACION DEL INSTITUTO DE INVESTIGACIONES HISTORICAS EVA PERON: RATIFICACION DEL DECRETO 1113\/98.","('0128-S-2009', 1)":null,"('0128-S-2009', 2)":null},"('Firmantes', 'FIRMANTE')":{"('0128-S-2009', 0)":"GALLEGO, SILVIA ESTER","('0128-S-2009', 1)":"MARIN, RUBEN HUGO","('0128-S-2009', 2)":null},"('Firmantes', 'DISTRITO')":{"('0128-S-2009', 0)":"LA PAMPA","('0128-S-2009', 1)":"LA PAMPA","('0128-S-2009', 2)":null},"('Firmantes', 'BLOQUE')":{"('0128-S-2009', 0)":"FRENTE PARA LA VICTORIA - PJ","('0128-S-2009', 1)":"FRENTE PARA LA VICTORIA - PJ","('0128-S-2009', 2)":null},"('Giros', 'COMISI\u00d3N')":{"('0128-S-2009', 0)":"CULTURA","('0128-S-2009', 1)":null,"('0128-S-2009', 2)":null},"('Tramites', 'C\u00c1MARA')":{"('0128-S-2009', 0)":"Senado","('0128-S-2009', 1)":"Diputados","('0128-S-2009', 2)":"Diputados"},"('Tramites', 'MOVIMIENTO')":{"('0128-S-2009', 0)":"CONSIDERACION Y APROBACION","('0128-S-2009', 1)":"PASA A DIPUTADOS -","('0128-S-2009', 2)":"CONSIDERACION Y SANCION"},"('Tramites', 'FECHA')":{"('0128-S-2009', 0)":"18\/11\/2009","('0128-S-2009', 1)":null,"('0128-S-2009', 2)":"12\/05\/2010"},"('Tramites', 'RESULTADO')":{"('0128-S-2009', 0)":"MEDIA SANCION","('0128-S-2009', 1)":null,"('0128-S-2009', 2)":"SANCIONADO"},"Sumario":{"('0128-S-2009', 0)":"CON LA FINALIDAD EL ESTUDIO, LA PONDERACION Y LA ENSE\u00d1ANZA DE LA PERSONALIDAD DE DO\u00d1A MARIA EVA DUARTE DE PERON Y SU OBRA.","('0128-S-2009', 1)":null,"('0128-S-2009', 2)":null},"Palabra Clave":{"('0128-S-2009', 0)":" ","('0128-S-2009', 1)":null,"('0128-S-2009', 2)":null}}