{"Tipo de Proyecto":{"('0133-D-2009', 0)":"PROYECTO DE RESOLUCI\u00d3N"},"Iniciado en: ":{"('0133-D-2009', 0)":"Diputados"},"Expediente Diputados: ":{"('0133-D-2009', 0)":"0133-D-2009"},"Publicado en: ":{"('0133-D-2009', 0)":"Tr\u00e1mite Parlamentario N\u00b0 1"},"Fecha: ":{"('0133-D-2009', 0)":"02\/03\/2009"},"T\u00edtulo":{"('0133-D-2009', 0)":"DECLARAR DE INTERES LEGISLATIVO EL OTORGAMIENTO DEL PREMIO A LA EX MINISTRO FRANCESA SIMONE VEIL, POR EL TEMA \"DEFENSA DE LA LIBERTAD, LOS DERECHOS HUMANOS, LA JUSTICIA Y EL PAPEL DE LAS MUJERES EN LA SOCIEDAD MODERNA\"."},"('Firmantes', 'FIRMANTE')":{"('0133-D-2009', 0)":"FABRIS, LUCIANO RAFAEL"},"('Firmantes', 'DISTRITO')":{"('0133-D-2009', 0)":"CHACO"},"('Firmantes', 'BLOQUE')":{"('0133-D-2009', 0)":"UCR"},"('Giros', 'COMISI\u00d3N')":{"('0133-D-2009', 0)":"FAMILIA, MUJER, NI\u00d1EZ Y ADOLESCENCIA"},"Link":{"('0133-D-2009', 0)":"https:\/\/www.hcdn.gob.ar\/proyectos\/textoCompleto.jsp?exp=0133-D-2009&tipo=RESOLUCION"},"Palabra Clave":{"('0133-D-2009', 0)":" "}}