{"Tipo de Proyecto":{"('0134-D-2009', 0)":"PROYECTO DE RESOLUCI\u00d3N"},"Iniciado en: ":{"('0134-D-2009', 0)":"Diputados"},"Expediente Diputados: ":{"('0134-D-2009', 0)":"0134-D-2009"},"Publicado en: ":{"('0134-D-2009', 0)":"Tr\u00e1mite Parlamentario N\u00b0 1"},"Fecha: ":{"('0134-D-2009', 0)":"02\/03\/2009"},"T\u00edtulo":{"('0134-D-2009', 0)":"PEDIDO DE INFORMES AL PODER EJECUTIVO SOBRE LA FALTA DE DESENVOLVIMIENTO DEL PROGRAMA UBA XXII, QUE DESARROLLA LA UBA CON EL SERVICIO PENITENCIARIO FEDERAL PARA LOS INTERNOS DE LOS DISTINTOS INSTITUTOS."},"('Firmantes', 'FIRMANTE')":{"('0134-D-2009', 0)":"FABRIS, LUCIANO RAFAEL"},"('Firmantes', 'DISTRITO')":{"('0134-D-2009', 0)":"CHACO"},"('Firmantes', 'BLOQUE')":{"('0134-D-2009', 0)":"UCR"},"('Giros', 'COMISI\u00d3N')":{"('0134-D-2009', 0)":"LEGISLACION PENAL"},"Link":{"('0134-D-2009', 0)":"https:\/\/www.hcdn.gob.ar\/proyectos\/textoCompleto.jsp?exp=0134-D-2009&tipo=RESOLUCION"},"Palabra Clave":{"('0134-D-2009', 0)":" "}}