{"Tipo de Proyecto":{"('0134-S-2009', 0)":"PROYECTO DE LEY"},"Iniciado en: ":{"('0134-S-2009', 0)":"Senado"},"Expediente Senado: ":{"('0134-S-2009', 0)":"0134-S-2009"},"Publicado en: ":{"('0134-S-2009', 0)":"Diario de Asuntos Entrados N\u00b0 9"},"Fecha: ":{"('0134-S-2009', 0)":"03\/03\/2009"},"T\u00edtulo":{"('0134-S-2009', 0)":"ESTABLECER QUE LOS AVISOS CLASIFICADOS PUBLICADOS EN DIARIOS Y REVISTAS EN EL PAIS QUE OFREZCAN SERVICIOS SEXUALES Y OTROS, SEAN EDITADOS Y ENTREGADOS EN SUPLEMENTOS SEPARADOS, MODIFICACION AL ARTICULO 23 DE LA LEY 22285, DE RADIODIFUSION (REPRODUCCION DEL EXPEDIENTE 0140-S-07)."},"('Firmantes', 'FIRMANTE')":{"('0134-S-2009', 0)":"RIOFRIO, MARINA RAQUEL"},"('Firmantes', 'DISTRITO')":{"('0134-S-2009', 0)":"SAN JUAN"},"('Firmantes', 'BLOQUE')":{"('0134-S-2009', 0)":"FRENTE PARA LA VICTORIA - PJ"},"Link":{"('0134-S-2009', 0)":"http:\/\/www.senado.gov.ar\/parlamentario\/comisiones\/verExp\/134.09\/S\/PL"},"Palabra Clave":{"('0134-S-2009', 0)":" "}}