{"Tipo de Proyecto":{"('0135-D-2009', 0)":"PROYECTO DE LEY","('0135-D-2009', 1)":null},"Iniciado en: ":{"('0135-D-2009', 0)":"Diputados","('0135-D-2009', 1)":null},"Expediente Diputados: ":{"('0135-D-2009', 0)":"0135-D-2009","('0135-D-2009', 1)":null},"Publicado en: ":{"('0135-D-2009', 0)":"Tr\u00e1mite Parlamentario N\u00b0 1","('0135-D-2009', 1)":null},"Fecha: ":{"('0135-D-2009', 0)":"02\/03\/2009","('0135-D-2009', 1)":null},"T\u00edtulo":{"('0135-D-2009', 0)":"REGIMEN PATRIMONIAL DEL MATRIMONIO: REGIMEN DE SEPARACION DE BIENES, REGIMEN DE PARTICIPACION EN LAS GANANCIAS: MODIFICACION AL CODIGO CIVIL, SUSTITUCION DE LOS ARTICULOS 1217, 12 17 BIS, 1217 TER Y 1218 (CAPITULACIONES MATRIMONIALES) (REPRODUCCION DEL EXPEDIENTE 1482-D-07).","('0135-D-2009', 1)":null},"('Firmantes', 'FIRMANTE')":{"('0135-D-2009', 0)":"CARMONA, MARIA ARACELI","('0135-D-2009', 1)":null},"('Firmantes', 'DISTRITO')":{"('0135-D-2009', 0)":"CORRIENTES","('0135-D-2009', 1)":null},"('Firmantes', 'BLOQUE')":{"('0135-D-2009', 0)":"FRENTE PARA LA VICTORIA - PJ","('0135-D-2009', 1)":null},"('Giros', 'COMISI\u00d3N')":{"('0135-D-2009', 0)":"LEGISLACION GENERAL","('0135-D-2009', 1)":"FAMILIA, MUJER, NI\u00d1EZ Y ADOLESCENCIA"},"Palabra Clave":{"('0135-D-2009', 0)":" ","('0135-D-2009', 1)":null}}