{"Tipo de Proyecto":{"('0135-S-2009', 0)":"PROYECTO DE DECLARACI\u00d3N","('0135-S-2009', 1)":null,"('0135-S-2009', 2)":null},"Iniciado en: ":{"('0135-S-2009', 0)":"Senado","('0135-S-2009', 1)":null,"('0135-S-2009', 2)":null},"Expediente Senado: ":{"('0135-S-2009', 0)":"0135-S-2009","('0135-S-2009', 1)":null,"('0135-S-2009', 2)":null},"Publicado en: ":{"('0135-S-2009', 0)":"Diario de Asuntos Entrados N\u00b0 9","('0135-S-2009', 1)":null,"('0135-S-2009', 2)":null},"Fecha: ":{"('0135-S-2009', 0)":"03\/03\/2009","('0135-S-2009', 1)":null,"('0135-S-2009', 2)":null},"T\u00edtulo":{"('0135-S-2009', 0)":"ADHERIR AL DIA INTERNACIONAL DE LOS DERECHOS DEL CONSUMIDOR, EL 15 DE MARZO. ","('0135-S-2009', 1)":null,"('0135-S-2009', 2)":null},"('Firmantes', 'FIRMANTE')":{"('0135-S-2009', 0)":"RODRIGUEZ SAA, ADOLFO","('0135-S-2009', 1)":"NEGRE DE ALONSO, LILIANA T.","('0135-S-2009', 2)":"PINCHETTI DE SIERRA MORALES, DELIA"},"('Firmantes', 'DISTRITO')":{"('0135-S-2009', 0)":"SAN LUIS","('0135-S-2009', 1)":"SAN LUIS","('0135-S-2009', 2)":"TUCUMAN"},"('Firmantes', 'BLOQUE')":{"('0135-S-2009', 0)":"JUSTICIALISTA SAN LUIS","('0135-S-2009', 1)":"JUSTICIALISTA SAN LUIS","('0135-S-2009', 2)":"FZA REPUBLICANA"},"('Tramites', 'C\u00c1MARA')":{"('0135-S-2009', 0)":"Senado","('0135-S-2009', 1)":"Senado","('0135-S-2009', 2)":null},"('Tramites', 'MOVIMIENTO')":{"('0135-S-2009', 0)":"MOCION SOBRE TABLAS (AFIRMATIVA) CONJUNTAMENTE PARA LOS EXPEDIENTES 0043-S-2009, 0110-S-2009, 0135-S-2009 y 0146-S-2009","('0135-S-2009', 1)":"CONSIDERACION Y APROBACION CONJUNTAMENTE PARA LOS EXPEDIENTES 0043-S-2009, 0110-S-2009, 0135-S-2009 y 0146-S-2009","('0135-S-2009', 2)":null},"('Tramites', 'FECHA')":{"('0135-S-2009', 0)":"04\/03\/2009","('0135-S-2009', 1)":"04\/03\/2009","('0135-S-2009', 2)":null},"('Tramites', 'RESULTADO')":{"('0135-S-2009', 0)":null,"('0135-S-2009', 1)":"APROBADO","('0135-S-2009', 2)":null},"Link":{"('0135-S-2009', 0)":"http:\/\/www.senado.gov.ar\/parlamentario\/comisiones\/verExp\/135.09\/S\/PD","('0135-S-2009', 1)":null,"('0135-S-2009', 2)":null},"Palabra Clave":{"('0135-S-2009', 0)":" ","('0135-S-2009', 1)":null,"('0135-S-2009', 2)":null}}