{"Tipo de Proyecto":{"('0136-S-2009', 0)":"PROYECTO DE DECLARACI\u00d3N","('0136-S-2009', 1)":null,"('0136-S-2009', 2)":null},"Iniciado en: ":{"('0136-S-2009', 0)":"Senado","('0136-S-2009', 1)":null,"('0136-S-2009', 2)":null},"Expediente Senado: ":{"('0136-S-2009', 0)":"0136-S-2009","('0136-S-2009', 1)":null,"('0136-S-2009', 2)":null},"Publicado en: ":{"('0136-S-2009', 0)":"Diario de Asuntos Entrados N\u00b0 9","('0136-S-2009', 1)":null,"('0136-S-2009', 2)":null},"Fecha: ":{"('0136-S-2009', 0)":"03\/03\/2009","('0136-S-2009', 1)":null,"('0136-S-2009', 2)":null},"T\u00edtulo":{"('0136-S-2009', 0)":"ADHERIR AL DIA MUNDIAL DEL AGUA QUE SE CONMEMORA EL 22 DE MARZO .","('0136-S-2009', 1)":null,"('0136-S-2009', 2)":null},"('Firmantes', 'FIRMANTE')":{"('0136-S-2009', 0)":"RODRIGUEZ SAA, ADOLFO","('0136-S-2009', 1)":"PINCHETTI DE SIERRA MORALES, DELIA","('0136-S-2009', 2)":"NEGRE DE ALONSO, LILIANA T."},"('Firmantes', 'DISTRITO')":{"('0136-S-2009', 0)":"SAN LUIS","('0136-S-2009', 1)":"TUCUMAN","('0136-S-2009', 2)":"SAN LUIS"},"('Firmantes', 'BLOQUE')":{"('0136-S-2009', 0)":"JUSTICIALISTA SAN LUIS","('0136-S-2009', 1)":"FZA REPUBLICANA","('0136-S-2009', 2)":"JUSTICIALISTA SAN LUIS"},"('Tramites', 'C\u00c1MARA')":{"('0136-S-2009', 0)":"Senado","('0136-S-2009', 1)":"Senado","('0136-S-2009', 2)":null},"('Tramites', 'MOVIMIENTO')":{"('0136-S-2009', 0)":"MOCION SOBRE TABLAS (AFIRMATIVA) CONJUNTAMENTE PARA LOS EXPEDIENTES 4443-S-2008, 4525-S-2008, 0046-S-2009, 0393-S-2009, 0504-S-2009, 0557-S-2009, 0136-S-2009, 0448-S-2009, 0551-S-2009 y 0693-S-2009","('0136-S-2009', 1)":"CONSIDERACION Y APROBACION (TEXTO UNIFICADO) CONJUNTAMENTE PARA LOS EXPEDIENTES 4443-S-2008, 4525-S-2008, 0046-S-2009, 0393-S-2009, 0504-S-2009, 0557-S-2009, 0136-S-2009, 0448-S-2009, 0551-S-2009 y 0693-S-2009","('0136-S-2009', 2)":null},"('Tramites', 'FECHA')":{"('0136-S-2009', 0)":"26\/03\/2009","('0136-S-2009', 1)":"26\/03\/2009","('0136-S-2009', 2)":null},"('Tramites', 'RESULTADO')":{"('0136-S-2009', 0)":null,"('0136-S-2009', 1)":"APROBADO","('0136-S-2009', 2)":null},"Link":{"('0136-S-2009', 0)":"http:\/\/www.senado.gov.ar\/parlamentario\/comisiones\/verExp\/136.09\/S\/PD","('0136-S-2009', 1)":null,"('0136-S-2009', 2)":null},"Palabra Clave":{"('0136-S-2009', 0)":" ","('0136-S-2009', 1)":null,"('0136-S-2009', 2)":null}}