{"Tipo de Proyecto":{"('0137-S-2009', 0)":"PROYECTO DE DECLARACI\u00d3N","('0137-S-2009', 1)":null,"('0137-S-2009', 2)":null},"Iniciado en: ":{"('0137-S-2009', 0)":"Senado","('0137-S-2009', 1)":null,"('0137-S-2009', 2)":null},"Expediente Senado: ":{"('0137-S-2009', 0)":"0137-S-2009","('0137-S-2009', 1)":null,"('0137-S-2009', 2)":null},"Publicado en: ":{"('0137-S-2009', 0)":"Diario de Asuntos Entrados N\u00b0 9","('0137-S-2009', 1)":null,"('0137-S-2009', 2)":null},"Fecha: ":{"('0137-S-2009', 0)":"03\/03\/2009","('0137-S-2009', 1)":null,"('0137-S-2009', 2)":null},"T\u00edtulo":{"('0137-S-2009', 0)":"ADHERIR AL DIA INTERNACIONAL DE LA MUJER, EL 8 DE MARZO.","('0137-S-2009', 1)":null,"('0137-S-2009', 2)":null},"('Firmantes', 'FIRMANTE')":{"('0137-S-2009', 0)":"RODRIGUEZ SAA, ADOLFO","('0137-S-2009', 1)":"NEGRE DE ALONSO, LILIANA T.","('0137-S-2009', 2)":"PINCHETTI DE SIERRA MORALES, DELIA"},"('Firmantes', 'DISTRITO')":{"('0137-S-2009', 0)":"SAN LUIS","('0137-S-2009', 1)":"SAN LUIS","('0137-S-2009', 2)":"TUCUMAN"},"('Firmantes', 'BLOQUE')":{"('0137-S-2009', 0)":"JUSTICIALISTA SAN LUIS","('0137-S-2009', 1)":"JUSTICIALISTA SAN LUIS","('0137-S-2009', 2)":"FZA REPUBLICANA"},"('Tramites', 'C\u00c1MARA')":{"('0137-S-2009', 0)":"Senado","('0137-S-2009', 1)":"Senado","('0137-S-2009', 2)":null},"('Tramites', 'MOVIMIENTO')":{"('0137-S-2009', 0)":"MOCION SOBRE TABLAS (AFIRMATIVA) CONJUNTAMENTE PARA LOS EXPEDIENTES 4537-S-2008, 4501-S-2008, 4511-S-2008, 4516-S-2008, 4533-S-2008, 0004-S-2009, 0021-S-2009, 0032-S-2009, 0041-S-2009, 0137-S-2009, 0214-S-2009, 0227-S-2009 y 0228-S-2009","('0137-S-2009', 1)":"CONSIDERACION Y APROBACION CONJUNTAMENTE PARA LOS EXPEDIENTES 4537-S-2008, 4501-S-2008, 4511-S-2008, 4516-S-2008, 4533-S-2008, 0004-S-2009, 0021-S-2009, 0032-S-2009, 0041-S-2009, 0137-S-2009, 0214-S-2009, 0227-S-2009 y 0228-S-2009","('0137-S-2009', 2)":null},"('Tramites', 'FECHA')":{"('0137-S-2009', 0)":"04\/03\/2009","('0137-S-2009', 1)":"04\/03\/2009","('0137-S-2009', 2)":null},"('Tramites', 'RESULTADO')":{"('0137-S-2009', 0)":null,"('0137-S-2009', 1)":"APROBADO","('0137-S-2009', 2)":null},"Link":{"('0137-S-2009', 0)":"http:\/\/www.senado.gov.ar\/parlamentario\/comisiones\/verExp\/137.09\/S\/PD","('0137-S-2009', 1)":null,"('0137-S-2009', 2)":null},"Palabra Clave":{"('0137-S-2009', 0)":" ","('0137-S-2009', 1)":null,"('0137-S-2009', 2)":null}}