{"Tipo de Proyecto":{"('0137-D-2009', 0)":"PROYECTO DE LEY","('0137-D-2009', 1)":null},"Iniciado en: ":{"('0137-D-2009', 0)":"Diputados","('0137-D-2009', 1)":null},"Expediente Diputados: ":{"('0137-D-2009', 0)":"0137-D-2009","('0137-D-2009', 1)":null},"Publicado en: ":{"('0137-D-2009', 0)":"Tr\u00e1mite Parlamentario N\u00b0 1","('0137-D-2009', 1)":null},"Fecha: ":{"('0137-D-2009', 0)":"02\/03\/2009","('0137-D-2009', 1)":null},"T\u00edtulo":{"('0137-D-2009', 0)":"MODIFICACION DEL CODIGO PENAL, PENALIZACION DE ACCIONES CONTRA LA SEGURIDAD DEL TRANSITO VEHICULAR: SUSTITUCION DE LA DENOMINACION DEL CAPITULO II DEL TITULO VII DEL LIBRO SEGUNDO POR LA SIGUIENTE : DELITOS CONTRA LA SEGURIDAD DEL TRAFICO Y DE LOS MEDIOS DE TRANSPORTE Y DE COMUNICACION; INCORPORACION DE LOS ARTICULOS 193 BIS, 193 TER Y 193 QUATER (REPRODUCCION DEL EXPEDIENTE 3899-D-07).","('0137-D-2009', 1)":null},"('Firmantes', 'FIRMANTE')":{"('0137-D-2009', 0)":"CARMONA, MARIA ARACELI","('0137-D-2009', 1)":null},"('Firmantes', 'DISTRITO')":{"('0137-D-2009', 0)":"CORRIENTES","('0137-D-2009', 1)":null},"('Firmantes', 'BLOQUE')":{"('0137-D-2009', 0)":"FRENTE PARA LA VICTORIA - PJ","('0137-D-2009', 1)":null},"('Giros', 'COMISI\u00d3N')":{"('0137-D-2009', 0)":"LEGISLACION PENAL","('0137-D-2009', 1)":"TRANSPORTES"},"('Tramites', 'C\u00c1MARA')":{"('0137-D-2009', 0)":"Diputados","('0137-D-2009', 1)":null},"('Tramites', 'MOVIMIENTO')":{"('0137-D-2009', 0)":"SOLICITUD DE SER ADHERENTE DEL DIPUTADO RUIZ (A SUS ANTECEDENTES)","('0137-D-2009', 1)":null},"('Tramites', 'FECHA')":{"('0137-D-2009', 0)":"20\/05\/2009","('0137-D-2009', 1)":null},"('Tramites', 'RESULTADO')":{"('0137-D-2009', 0)":null,"('0137-D-2009', 1)":null},"Palabra Clave":{"('0137-D-2009', 0)":" ","('0137-D-2009', 1)":null}}