{"Tipo de Proyecto":{"('0138-S-2009', 0)":"COMUNICACION","('0138-S-2009', 1)":null,"('0138-S-2009', 2)":null},"Iniciado en: ":{"('0138-S-2009', 0)":"Senado","('0138-S-2009', 1)":null,"('0138-S-2009', 2)":null},"Expediente Senado: ":{"('0138-S-2009', 0)":"0138-S-2009","('0138-S-2009', 1)":null,"('0138-S-2009', 2)":null},"Publicado en: ":{"('0138-S-2009', 0)":"Diario de Asuntos Entrados N\u00b0 9","('0138-S-2009', 1)":null,"('0138-S-2009', 2)":null},"Fecha: ":{"('0138-S-2009', 0)":"03\/03\/2009","('0138-S-2009', 1)":null,"('0138-S-2009', 2)":null},"T\u00edtulo":{"('0138-S-2009', 0)":"PEDIDO DE INFORMES AL PODER EJECUTIVO SOBRE LA MAGNITUD DE LA TALA INDISCRIMINADA DE BOSQUES Y LAS MEDIDAS TOMADAS PARA PREVENIR QUE ESE HECHO PROVOQUE SITUACIONES COMO LA OCURRIDA EN TARTAGAL, PROVINCIA DE SALTA, EL 9 DE FEBRERO DE 2009.","('0138-S-2009', 1)":null,"('0138-S-2009', 2)":null},"('Firmantes', 'FIRMANTE')":{"('0138-S-2009', 0)":"RODRIGUEZ SAA, ADOLFO","('0138-S-2009', 1)":"NEGRE DE ALONSO, LILIANA T.","('0138-S-2009', 2)":"PINCHETTI DE SIERRA MORALES, DELIA"},"('Firmantes', 'DISTRITO')":{"('0138-S-2009', 0)":"SAN LUIS","('0138-S-2009', 1)":"SAN LUIS","('0138-S-2009', 2)":"TUCUMAN"},"('Firmantes', 'BLOQUE')":{"('0138-S-2009', 0)":"JUSTICIALISTA SAN LUIS","('0138-S-2009', 1)":"JUSTICIALISTA SAN LUIS","('0138-S-2009', 2)":"FZA REPUBLICANA"},"Link":{"('0138-S-2009', 0)":"http:\/\/www.senado.gov.ar\/parlamentario\/comisiones\/verExp\/138.09\/S\/PC","('0138-S-2009', 1)":null,"('0138-S-2009', 2)":null},"Palabra Clave":{"('0138-S-2009', 0)":" ","('0138-S-2009', 1)":null,"('0138-S-2009', 2)":null}}