{"Tipo de Proyecto":{"('0139-S-2009', 0)":"PROYECTO DE DECLARACI\u00d3N","('0139-S-2009', 1)":null,"('0139-S-2009', 2)":null},"Iniciado en: ":{"('0139-S-2009', 0)":"Senado","('0139-S-2009', 1)":null,"('0139-S-2009', 2)":null},"Expediente Senado: ":{"('0139-S-2009', 0)":"0139-S-2009","('0139-S-2009', 1)":null,"('0139-S-2009', 2)":null},"Publicado en: ":{"('0139-S-2009', 0)":"Diario de Asuntos Entrados N\u00b0 9","('0139-S-2009', 1)":null,"('0139-S-2009', 2)":null},"Fecha: ":{"('0139-S-2009', 0)":"03\/03\/2009","('0139-S-2009', 1)":null,"('0139-S-2009', 2)":null},"T\u00edtulo":{"('0139-S-2009', 0)":"ADHERIR A LA CONMEMORACION DE UN NUEVO ANIVERSARIO DEL DIA DEL MERCOSUR, A CELEBRARSE EL 26 DE MARZO DE 2009.","('0139-S-2009', 1)":null,"('0139-S-2009', 2)":null},"('Firmantes', 'FIRMANTE')":{"('0139-S-2009', 0)":"RODRIGUEZ SAA, ADOLFO","('0139-S-2009', 1)":"NEGRE DE ALONSO, LILIANA T.","('0139-S-2009', 2)":"PINCHETTI DE SIERRA MORALES, DELIA"},"('Firmantes', 'DISTRITO')":{"('0139-S-2009', 0)":"SAN LUIS","('0139-S-2009', 1)":"SAN LUIS","('0139-S-2009', 2)":"TUCUMAN"},"('Firmantes', 'BLOQUE')":{"('0139-S-2009', 0)":"JUSTICIALISTA SAN LUIS","('0139-S-2009', 1)":"JUSTICIALISTA SAN LUIS","('0139-S-2009', 2)":"FZA REPUBLICANA"},"('Tramites', 'C\u00c1MARA')":{"('0139-S-2009', 0)":"Senado","('0139-S-2009', 1)":null,"('0139-S-2009', 2)":null},"('Tramites', 'MOVIMIENTO')":{"('0139-S-2009', 0)":"CONSIDERACION Y APROBACION CONJUNTAMENTE PARA LOS EXPEDIENTES 0048-S-2009, 0103-S-2009, 0139-S-2009, 0558-S-2009, 0661-S-2009 y 0741-S-2009","('0139-S-2009', 1)":null,"('0139-S-2009', 2)":null},"('Tramites', 'FECHA')":{"('0139-S-2009', 0)":"08\/07\/2009","('0139-S-2009', 1)":null,"('0139-S-2009', 2)":null},"('Tramites', 'RESULTADO')":{"('0139-S-2009', 0)":"APROBADO","('0139-S-2009', 1)":null,"('0139-S-2009', 2)":null},"Link":{"('0139-S-2009', 0)":"http:\/\/www.senado.gov.ar\/parlamentario\/comisiones\/verExp\/139.09\/S\/PD","('0139-S-2009', 1)":null,"('0139-S-2009', 2)":null},"Palabra Clave":{"('0139-S-2009', 0)":" ","('0139-S-2009', 1)":null,"('0139-S-2009', 2)":null}}