{"Tipo de Proyecto":{"('0140-S-2009', 0)":"PROYECTO DE DECLARACI\u00d3N","('0140-S-2009', 1)":null,"('0140-S-2009', 2)":null},"Iniciado en: ":{"('0140-S-2009', 0)":"Senado","('0140-S-2009', 1)":null,"('0140-S-2009', 2)":null},"Expediente Senado: ":{"('0140-S-2009', 0)":"0140-S-2009","('0140-S-2009', 1)":null,"('0140-S-2009', 2)":null},"Publicado en: ":{"('0140-S-2009', 0)":"Diario de Asuntos Entrados N\u00b0 9","('0140-S-2009', 1)":null,"('0140-S-2009', 2)":null},"Fecha: ":{"('0140-S-2009', 0)":"03\/03\/2009","('0140-S-2009', 1)":null,"('0140-S-2009', 2)":null},"T\u00edtulo":{"('0140-S-2009', 0)":"EXPRESAR BENEPLACITO POR EL DIA INTERNACIONAL DE LA ELIMINACION DE LA DISCRIMINACION RACIAL EL 21 DE MARZO.","('0140-S-2009', 1)":null,"('0140-S-2009', 2)":null},"('Firmantes', 'FIRMANTE')":{"('0140-S-2009', 0)":"RODRIGUEZ SAA, ADOLFO","('0140-S-2009', 1)":"NEGRE DE ALONSO, LILIANA T.","('0140-S-2009', 2)":"PINCHETTI DE SIERRA MORALES, DELIA"},"('Firmantes', 'DISTRITO')":{"('0140-S-2009', 0)":"SAN LUIS","('0140-S-2009', 1)":"SAN LUIS","('0140-S-2009', 2)":"TUCUMAN"},"('Firmantes', 'BLOQUE')":{"('0140-S-2009', 0)":"JUSTICIALISTA SAN LUIS","('0140-S-2009', 1)":"JUSTICIALISTA SAN LUIS","('0140-S-2009', 2)":"FZA REPUBLICANA"},"('Tramites', 'C\u00c1MARA')":{"('0140-S-2009', 0)":"Senado","('0140-S-2009', 1)":"Senado","('0140-S-2009', 2)":null},"('Tramites', 'MOVIMIENTO')":{"('0140-S-2009', 0)":"MOCION SOBRE TABLAS (AFIRMATIVA) CONJUNTAMENTE PARA LOS EXPEDIENTES 4518-S-2008, 0013-S-2009, 0107-S-2009, 0131-S-2009, 0140-S-2009 y 0148-S-2009","('0140-S-2009', 1)":"CONSIDERACION Y APROBACION CONJUNTAMENTE PARA LOS EXPEDIENTES 4518-S-2008, 0013-S-2009, 0107-S-2009, 0131-S-2009, 0140-S-2009 y 0148-S-2009","('0140-S-2009', 2)":null},"('Tramites', 'FECHA')":{"('0140-S-2009', 0)":"04\/03\/2009","('0140-S-2009', 1)":"04\/03\/2009","('0140-S-2009', 2)":null},"('Tramites', 'RESULTADO')":{"('0140-S-2009', 0)":null,"('0140-S-2009', 1)":"APROBADO","('0140-S-2009', 2)":null},"Link":{"('0140-S-2009', 0)":"http:\/\/www.senado.gov.ar\/parlamentario\/comisiones\/verExp\/140.09\/S\/PD","('0140-S-2009', 1)":null,"('0140-S-2009', 2)":null},"Palabra Clave":{"('0140-S-2009', 0)":" ","('0140-S-2009', 1)":null,"('0140-S-2009', 2)":null}}