{"Tipo de Proyecto":{"('0141-OV-2009', 0)":"PROYECTO DE RESOLUCI\u00d3N"},"Iniciado en: ":{"('0141-OV-2009', 0)":"Senado"},"Expediente Senado: ":{"('0141-OV-2009', 0)":"0141-OV-2009"},"Fecha: ":{"('0141-OV-2009', 0)":"06\/04\/2011"},"T\u00edtulo":{"('0141-OV-2009', 0)":"PEDIDO DE INFORMES AL PODER EJECUTIVO SOBRE LAS MEDIDAS ADOPTADAS EN EL AMBITO DE LA COMISION NACIONAL DE COMUNICACIONES PARA REGULARIZAR LAS SITUACIONES OBSERVADAS POR LA AUDITORIA GENERAL DE LA NACION (0141-OV-09) EN SU EXAMEN SOBRE INTERNET, RECLAMOS DEL PUBLICO USUARIO, CALIDAD DE SERVICIO - PERIODO 2003\/2006; DETERMINAR Y EFECTIVIZAR LAS RESPONSABILIDADES."},"('Firmantes', 'FIRMANTE')":{"('0141-OV-2009', 0)":"PARLAMENTARIA MIXTA REVISORA DE CUENTAS"},"('Firmantes', 'DISTRITO')":{"('0141-OV-2009', 0)":null},"('Firmantes', 'BLOQUE')":{"('0141-OV-2009', 0)":null},"Link":{"('0141-OV-2009', 0)":"http:\/\/www.senado.gov.ar\/parlamentario\/comisiones\/verExp\/141.09\/OV\/PR"},"Palabra Clave":{"('0141-OV-2009', 0)":" "}}