{"Tipo de Proyecto":{"('0142-OV-2009', 0)":"PROYECTO DE RESOLUCI\u00d3N"},"Iniciado en: ":{"('0142-OV-2009', 0)":"Senado"},"Expediente Senado: ":{"('0142-OV-2009', 0)":"0142-OV-2009"},"Fecha: ":{"('0142-OV-2009', 0)":"16\/03\/2011"},"T\u00edtulo":{"('0142-OV-2009', 0)":"PEDIDO DE INFORMES AL PODER EJECUTIVO SOBRE RESOLUCION REMITIDA POR LA AUDITORIA GENERAL DE LA NACION ACERCA DE GESTION PRESTACIONES PASIVAS COMPONENTE PUBLICO DEL REGIMEN DE CAPITALIZACION EN EL AMBITO DE LA ADMINISTRACION NACIONAL DE LA SEGURIDAD SOCIAL."},"('Firmantes', 'FIRMANTE')":{"('0142-OV-2009', 0)":"PARLAMENTARIA MIXTA REVISORA DE CUENTAS"},"('Firmantes', 'DISTRITO')":{"('0142-OV-2009', 0)":null},"('Firmantes', 'BLOQUE')":{"('0142-OV-2009', 0)":null},"Link":{"('0142-OV-2009', 0)":"http:\/\/www.senado.gov.ar\/parlamentario\/comisiones\/verExp\/142.09\/OV\/PR"},"Palabra Clave":{"('0142-OV-2009', 0)":" "}}