{"Tipo de Proyecto":{"('0143-S-2009', 0)":"PROYECTO DE DECLARACI\u00d3N","('0143-S-2009', 1)":null},"Iniciado en: ":{"('0143-S-2009', 0)":"Senado","('0143-S-2009', 1)":null},"Expediente Senado: ":{"('0143-S-2009', 0)":"0143-S-2009","('0143-S-2009', 1)":null},"Publicado en: ":{"('0143-S-2009', 0)":"Diario de Asuntos Entrados N\u00b0 9","('0143-S-2009', 1)":null},"Fecha: ":{"('0143-S-2009', 0)":"03\/03\/2009","('0143-S-2009', 1)":null},"T\u00edtulo":{"('0143-S-2009', 0)":"EXPRESAR BENEPLACITO POR LA RECUPERACION DEL NIETO NUMERO 97, BARBARA GARCIA RECCHIA, POR PARTE DE ABUELAS DE PLAZA DE MAYO.","('0143-S-2009', 1)":null},"('Firmantes', 'FIRMANTE')":{"('0143-S-2009', 0)":"CORRADI DE BELTRAN, ANA MARIA","('0143-S-2009', 1)":null},"('Firmantes', 'DISTRITO')":{"('0143-S-2009', 0)":"SANTIAGO DEL ESTERO","('0143-S-2009', 1)":null},"('Firmantes', 'BLOQUE')":{"('0143-S-2009', 0)":"FRENTE PARA LA VICTORIA - PJ","('0143-S-2009', 1)":null},"('Tramites', 'C\u00c1MARA')":{"('0143-S-2009', 0)":"Senado","('0143-S-2009', 1)":"Senado"},"('Tramites', 'MOVIMIENTO')":{"('0143-S-2009', 0)":"MOCION SOBRE TABLAS (AFIRMATIVA) CONJUNTAMENTE PARA LOS EXPEDIENTES 4489-S-2008 y 0143-S-2009","('0143-S-2009', 1)":"CONSIDERACION Y APROBACION CONJUNTAMENTE PARA LOS EXPEDIENTES 4489-S-2008 y 0143-S-2009"},"('Tramites', 'FECHA')":{"('0143-S-2009', 0)":"04\/03\/2009","('0143-S-2009', 1)":"04\/03\/2009"},"('Tramites', 'RESULTADO')":{"('0143-S-2009', 0)":null,"('0143-S-2009', 1)":"APROBADO"},"Link":{"('0143-S-2009', 0)":"http:\/\/www.senado.gov.ar\/parlamentario\/comisiones\/verExp\/143.09\/S\/PD","('0143-S-2009', 1)":null},"Palabra Clave":{"('0143-S-2009', 0)":" ","('0143-S-2009', 1)":null}}