{"Tipo de Proyecto":{"('0143-OV-2009', 0)":"PROYECTO DE RESOLUCI\u00d3N"},"Iniciado en: ":{"('0143-OV-2009', 0)":"Senado"},"Expediente Senado: ":{"('0143-OV-2009', 0)":"0143-OV-2009"},"Fecha: ":{"('0143-OV-2009', 0)":"25\/11\/2009"},"T\u00edtulo":{"('0143-OV-2009', 0)":"RESOLUCION REMITIDA POR LA AUDITORIA GENERAL DE LA NACION REFERIDA A LOS ESTADOS CONTABLES POR EL EJERCICIO FINALIZADO EL 31 DE DICIEMBRE DE 2007, CORRESPONDIENTE A CONSTRUCCION DE VIVIENDA PARA LA ARMADA EMPRESA DEL ESTADO (COVIARA)."},"('Firmantes', 'FIRMANTE')":{"('0143-OV-2009', 0)":"PARLAMENTARIA MIXTA REVISORA DE CUENTAS"},"('Firmantes', 'DISTRITO')":{"('0143-OV-2009', 0)":null},"('Firmantes', 'BLOQUE')":{"('0143-OV-2009', 0)":null},"('Tramites', 'C\u00c1MARA')":{"('0143-OV-2009', 0)":"Senado"},"('Tramites', 'MOVIMIENTO')":{"('0143-OV-2009', 0)":"CONSIDERACION Y APROBACION (AL ARCHIVO)"},"('Tramites', 'FECHA')":{"('0143-OV-2009', 0)":"30\/03\/2011"},"('Tramites', 'RESULTADO')":{"('0143-OV-2009', 0)":"APROBADO"},"Sumario":{"('0143-OV-2009', 0)":"HABIENDO TOMADO CONOCIMIENTO, Y SIN PERJUICIO DE ULTERIORES MEDIDAS QUE PUEDAN ADOPTARSE, SE ACONSEJA SU REMISION AL ARCHIVO."},"Palabra Clave":{"('0143-OV-2009', 0)":" "}}