{"Tipo de Proyecto":{"('0144-D-2009', 0)":"PROYECTO DE LEY","('0144-D-2009', 1)":null,"('0144-D-2009', 2)":null,"('0144-D-2009', 3)":null,"('0144-D-2009', 4)":null,"('0144-D-2009', 5)":null},"Iniciado en: ":{"('0144-D-2009', 0)":"Diputados","('0144-D-2009', 1)":null,"('0144-D-2009', 2)":null,"('0144-D-2009', 3)":null,"('0144-D-2009', 4)":null,"('0144-D-2009', 5)":null},"Expediente Diputados: ":{"('0144-D-2009', 0)":"0144-D-2009","('0144-D-2009', 1)":null,"('0144-D-2009', 2)":null,"('0144-D-2009', 3)":null,"('0144-D-2009', 4)":null,"('0144-D-2009', 5)":null},"Publicado en: ":{"('0144-D-2009', 0)":"Tr\u00e1mite Parlamentario N\u00b0 1","('0144-D-2009', 1)":null,"('0144-D-2009', 2)":null,"('0144-D-2009', 3)":null,"('0144-D-2009', 4)":null,"('0144-D-2009', 5)":null},"Fecha: ":{"('0144-D-2009', 0)":"02\/03\/2009","('0144-D-2009', 1)":null,"('0144-D-2009', 2)":null,"('0144-D-2009', 3)":null,"('0144-D-2009', 4)":null,"('0144-D-2009', 5)":null},"T\u00edtulo":{"('0144-D-2009', 0)":"MINISTERIO PUBLICO, LEY 24946: MODIFICACIONES SOBRE AMPLIACION DE FACULTADES A LA FISCALIA DE INVESTIGACIONES ADMINISTRATIVAS.","('0144-D-2009', 1)":null,"('0144-D-2009', 2)":null,"('0144-D-2009', 3)":null,"('0144-D-2009', 4)":null,"('0144-D-2009', 5)":null},"('Firmantes', 'FIRMANTE')":{"('0144-D-2009', 0)":"GIUDICI, SILVANA MYRIAM","('0144-D-2009', 1)":"STORNI, SILVIA","('0144-D-2009', 2)":"FABRIS, LUCIANO RAFAEL","('0144-D-2009', 3)":"RIOBOO, SANDRA ADRIANA","('0144-D-2009', 4)":"VARISCO, SERGIO FAUSTO","('0144-D-2009', 5)":"GIUBERGIA, MIGUEL ANGEL"},"('Firmantes', 'DISTRITO')":{"('0144-D-2009', 0)":"CIUDAD de BUENOS AIRES","('0144-D-2009', 1)":"CORDOBA","('0144-D-2009', 2)":"CHACO","('0144-D-2009', 3)":"BUENOS AIRES","('0144-D-2009', 4)":"ENTRE RIOS","('0144-D-2009', 5)":"JUJUY"},"('Firmantes', 'BLOQUE')":{"('0144-D-2009', 0)":"UCR","('0144-D-2009', 1)":"UCR","('0144-D-2009', 2)":"UCR","('0144-D-2009', 3)":"UCR","('0144-D-2009', 4)":"UCR","('0144-D-2009', 5)":"UCR"},"('Giros', 'COMISI\u00d3N')":{"('0144-D-2009', 0)":"JUSTICIA","('0144-D-2009', 1)":null,"('0144-D-2009', 2)":null,"('0144-D-2009', 3)":null,"('0144-D-2009', 4)":null,"('0144-D-2009', 5)":null},"('Tramites', 'C\u00c1MARA')":{"('0144-D-2009', 0)":"Diputados","('0144-D-2009', 1)":null,"('0144-D-2009', 2)":null,"('0144-D-2009', 3)":null,"('0144-D-2009', 4)":null,"('0144-D-2009', 5)":null},"('Tramites', 'MOVIMIENTO')":{"('0144-D-2009', 0)":"REPRODUCIDO POR EXPEDIENTE 0062-D-11","('0144-D-2009', 1)":null,"('0144-D-2009', 2)":null,"('0144-D-2009', 3)":null,"('0144-D-2009', 4)":null,"('0144-D-2009', 5)":null},"('Tramites', 'FECHA')":{"('0144-D-2009', 0)":null,"('0144-D-2009', 1)":null,"('0144-D-2009', 2)":null,"('0144-D-2009', 3)":null,"('0144-D-2009', 4)":null,"('0144-D-2009', 5)":null},"('Tramites', 'RESULTADO')":{"('0144-D-2009', 0)":null,"('0144-D-2009', 1)":null,"('0144-D-2009', 2)":null,"('0144-D-2009', 3)":null,"('0144-D-2009', 4)":null,"('0144-D-2009', 5)":null},"Link":{"('0144-D-2009', 0)":"https:\/\/www.hcdn.gob.ar\/proyectos\/textoCompleto.jsp?exp=0144-D-2009&tipo=LEY","('0144-D-2009', 1)":null,"('0144-D-2009', 2)":null,"('0144-D-2009', 3)":null,"('0144-D-2009', 4)":null,"('0144-D-2009', 5)":null},"Palabra Clave":{"('0144-D-2009', 0)":" ","('0144-D-2009', 1)":null,"('0144-D-2009', 2)":null,"('0144-D-2009', 3)":null,"('0144-D-2009', 4)":null,"('0144-D-2009', 5)":null}}