{"Tipo de Proyecto":{"('0145-S-2009', 0)":"PROYECTO DE DECLARACI\u00d3N","('0145-S-2009', 1)":null},"Iniciado en: ":{"('0145-S-2009', 0)":"Senado","('0145-S-2009', 1)":null},"Expediente Senado: ":{"('0145-S-2009', 0)":"0145-S-2009","('0145-S-2009', 1)":null},"Publicado en: ":{"('0145-S-2009', 0)":"Diario de Asuntos Entrados N\u00b0 9","('0145-S-2009', 1)":null},"Fecha: ":{"('0145-S-2009', 0)":"03\/03\/2009","('0145-S-2009', 1)":null},"T\u00edtulo":{"('0145-S-2009', 0)":"ADHERIR A LA CELEBRACION DEL DIA DE LAS ESCUELAS DE ZONAS Y AREAS DE FRONTERA, EL 14 DE MARZO. ","('0145-S-2009', 1)":null},"('Firmantes', 'FIRMANTE')":{"('0145-S-2009', 0)":"CORRADI DE BELTRAN, ANA MARIA","('0145-S-2009', 1)":null},"('Firmantes', 'DISTRITO')":{"('0145-S-2009', 0)":"SANTIAGO DEL ESTERO","('0145-S-2009', 1)":null},"('Firmantes', 'BLOQUE')":{"('0145-S-2009', 0)":"FRENTE PARA LA VICTORIA - PJ","('0145-S-2009', 1)":null},"('Tramites', 'C\u00c1MARA')":{"('0145-S-2009', 0)":"Senado","('0145-S-2009', 1)":"Senado"},"('Tramites', 'MOVIMIENTO')":{"('0145-S-2009', 0)":"MOCION SOBRE TABLAS (AFIRMATIVA) CONJUNTAMENTE PARA LOS EXPEDIENTES 0044-S-2009, 0130-S-2009, 0142-S-2009, 0145-S-2009 y 0236-S-2009","('0145-S-2009', 1)":"CONSIDERACION Y APROBACION CONJUNTAMENTE PARA LOS EXPEDIENTES 0044-S-2009, 0130-S-2009, 0142-S-2009, 0145-S-2009 y 0236-S-2009"},"('Tramites', 'FECHA')":{"('0145-S-2009', 0)":"04\/03\/2009","('0145-S-2009', 1)":"04\/03\/2009"},"('Tramites', 'RESULTADO')":{"('0145-S-2009', 0)":null,"('0145-S-2009', 1)":"APROBADO"},"Link":{"('0145-S-2009', 0)":"http:\/\/www.senado.gov.ar\/parlamentario\/comisiones\/verExp\/145.09\/S\/PD","('0145-S-2009', 1)":null},"Palabra Clave":{"('0145-S-2009', 0)":" ","('0145-S-2009', 1)":null}}