{"Tipo de Proyecto":{"('0145-D-2009', 0)":"PROYECTO DE DECLARACI\u00d3N","('0145-D-2009', 1)":null,"('0145-D-2009', 2)":null,"('0145-D-2009', 3)":null,"('0145-D-2009', 4)":null,"('0145-D-2009', 5)":null,"('0145-D-2009', 6)":null},"Iniciado en: ":{"('0145-D-2009', 0)":"Diputados","('0145-D-2009', 1)":null,"('0145-D-2009', 2)":null,"('0145-D-2009', 3)":null,"('0145-D-2009', 4)":null,"('0145-D-2009', 5)":null,"('0145-D-2009', 6)":null},"Expediente Diputados: ":{"('0145-D-2009', 0)":"0145-D-2009","('0145-D-2009', 1)":null,"('0145-D-2009', 2)":null,"('0145-D-2009', 3)":null,"('0145-D-2009', 4)":null,"('0145-D-2009', 5)":null,"('0145-D-2009', 6)":null},"Publicado en: ":{"('0145-D-2009', 0)":"Tr\u00e1mite Parlamentario N\u00b0 1","('0145-D-2009', 1)":null,"('0145-D-2009', 2)":null,"('0145-D-2009', 3)":null,"('0145-D-2009', 4)":null,"('0145-D-2009', 5)":null,"('0145-D-2009', 6)":null},"Fecha: ":{"('0145-D-2009', 0)":"02\/03\/2009","('0145-D-2009', 1)":null,"('0145-D-2009', 2)":null,"('0145-D-2009', 3)":null,"('0145-D-2009', 4)":null,"('0145-D-2009', 5)":null,"('0145-D-2009', 6)":null},"T\u00edtulo":{"('0145-D-2009', 0)":"EXPRESAR PREOCUPACION POR LA EXISTENCIA DE AGRUPAMIENTOS, ESCUELAS, ESCUADRONES O CUERPOS POLICIALES INFANTILES Y DE GENDARMERIA INFANTIL.","('0145-D-2009', 1)":null,"('0145-D-2009', 2)":null,"('0145-D-2009', 3)":null,"('0145-D-2009', 4)":null,"('0145-D-2009', 5)":null,"('0145-D-2009', 6)":null},"('Firmantes', 'FIRMANTE')":{"('0145-D-2009', 0)":"BISUTTI, DELIA BEATRIZ","('0145-D-2009', 1)":"BARRIOS, MIGUEL ANGEL","('0145-D-2009', 2)":"LOZANO, CLAUDIO RAUL","('0145-D-2009', 3)":"GONZALEZ, MARIA AMERICA","('0145-D-2009', 4)":"BENAS, VERONICA CLAUDIA","('0145-D-2009', 5)":"AUGSBURGER, SILVIA","('0145-D-2009', 6)":"BELOUS, NELIDA"},"('Firmantes', 'DISTRITO')":{"('0145-D-2009', 0)":"CIUDAD de BUENOS AIRES","('0145-D-2009', 1)":"SANTA FE","('0145-D-2009', 2)":"CIUDAD de BUENOS AIRES","('0145-D-2009', 3)":"CIUDAD de BUENOS AIRES","('0145-D-2009', 4)":"SANTA FE","('0145-D-2009', 5)":"SANTA FE","('0145-D-2009', 6)":"TIERRA DEL FUEGO"},"('Firmantes', 'BLOQUE')":{"('0145-D-2009', 0)":"SOLIDARIDAD E IGUALDAD (SI) - ARI (T.D.F.)","('0145-D-2009', 1)":"PARTIDO SOCIALISTA","('0145-D-2009', 2)":"BUENOS AIRES PARA TODOS EN PROYECTO SUR","('0145-D-2009', 3)":"SOLIDARIDAD E IGUALDAD (SI) - ARI (T.D.F.)","('0145-D-2009', 4)":"SOLIDARIDAD E IGUALDAD (SI) - ARI (T.D.F.)","('0145-D-2009', 5)":"PARTIDO SOCIALISTA","('0145-D-2009', 6)":"SOLIDARIDAD E IGUALDAD (SI) - ARI (T.D.F.)"},"('Giros', 'COMISI\u00d3N')":{"('0145-D-2009', 0)":"FAMILIA, MUJER, NI\u00d1EZ Y ADOLESCENCIA","('0145-D-2009', 1)":null,"('0145-D-2009', 2)":null,"('0145-D-2009', 3)":null,"('0145-D-2009', 4)":null,"('0145-D-2009', 5)":null,"('0145-D-2009', 6)":null},"('Tramites', 'C\u00c1MARA')":{"('0145-D-2009', 0)":"Diputados","('0145-D-2009', 1)":null,"('0145-D-2009', 2)":null,"('0145-D-2009', 3)":null,"('0145-D-2009', 4)":null,"('0145-D-2009', 5)":null,"('0145-D-2009', 6)":null},"('Tramites', 'MOVIMIENTO')":{"('0145-D-2009', 0)":"SOLICITUD DE SER ADHERENTE DEL DIPUTADO VIALE (A SUS ANTECEDENTES)","('0145-D-2009', 1)":null,"('0145-D-2009', 2)":null,"('0145-D-2009', 3)":null,"('0145-D-2009', 4)":null,"('0145-D-2009', 5)":null,"('0145-D-2009', 6)":null},"('Tramites', 'FECHA')":{"('0145-D-2009', 0)":"20\/05\/2009","('0145-D-2009', 1)":null,"('0145-D-2009', 2)":null,"('0145-D-2009', 3)":null,"('0145-D-2009', 4)":null,"('0145-D-2009', 5)":null,"('0145-D-2009', 6)":null},"('Tramites', 'RESULTADO')":{"('0145-D-2009', 0)":null,"('0145-D-2009', 1)":null,"('0145-D-2009', 2)":null,"('0145-D-2009', 3)":null,"('0145-D-2009', 4)":null,"('0145-D-2009', 5)":null,"('0145-D-2009', 6)":null},"Link":{"('0145-D-2009', 0)":"https:\/\/www.hcdn.gob.ar\/proyectos\/textoCompleto.jsp?exp=0145-D-2009&tipo=DECLARACION","('0145-D-2009', 1)":null,"('0145-D-2009', 2)":null,"('0145-D-2009', 3)":null,"('0145-D-2009', 4)":null,"('0145-D-2009', 5)":null,"('0145-D-2009', 6)":null},"Palabra Clave":{"('0145-D-2009', 0)":" ","('0145-D-2009', 1)":null,"('0145-D-2009', 2)":null,"('0145-D-2009', 3)":null,"('0145-D-2009', 4)":null,"('0145-D-2009', 5)":null,"('0145-D-2009', 6)":null}}