{"Tipo de Proyecto":{"('0146-S-2009', 0)":"PROYECTO DE DECLARACI\u00d3N","('0146-S-2009', 1)":null},"Iniciado en: ":{"('0146-S-2009', 0)":"Senado","('0146-S-2009', 1)":null},"Expediente Senado: ":{"('0146-S-2009', 0)":"0146-S-2009","('0146-S-2009', 1)":null},"Publicado en: ":{"('0146-S-2009', 0)":"Diario de Asuntos Entrados N\u00b0 9","('0146-S-2009', 1)":null},"Fecha: ":{"('0146-S-2009', 0)":"03\/03\/2009","('0146-S-2009', 1)":null},"T\u00edtulo":{"('0146-S-2009', 0)":"ADHERIR AL DIA MUNDIAL DEL CONSUMIDOR, EL 15 DE MARZO.","('0146-S-2009', 1)":null},"('Firmantes', 'FIRMANTE')":{"('0146-S-2009', 0)":"CORRADI DE BELTRAN, ANA MARIA","('0146-S-2009', 1)":null},"('Firmantes', 'DISTRITO')":{"('0146-S-2009', 0)":"SANTIAGO DEL ESTERO","('0146-S-2009', 1)":null},"('Firmantes', 'BLOQUE')":{"('0146-S-2009', 0)":"FRENTE PARA LA VICTORIA - PJ","('0146-S-2009', 1)":null},"('Tramites', 'C\u00c1MARA')":{"('0146-S-2009', 0)":"Senado","('0146-S-2009', 1)":"Senado"},"('Tramites', 'MOVIMIENTO')":{"('0146-S-2009', 0)":"MOCION SOBRE TABLAS (AFIRMATIVA) CONJUNTAMENTE PARA LOS EXPEDIENTES 0043-S-2009, 0110-S-2009, 0135-S-2009 y 0146-S-2009","('0146-S-2009', 1)":"CONSIDERACION Y APROBACION CONJUNTAMENTE PARA LOS EXPEDIENTES 0043-S-2009, 0110-S-2009, 0135-S-2009 y 0146-S-2009"},"('Tramites', 'FECHA')":{"('0146-S-2009', 0)":"04\/03\/2009","('0146-S-2009', 1)":"04\/03\/2009"},"('Tramites', 'RESULTADO')":{"('0146-S-2009', 0)":null,"('0146-S-2009', 1)":"APROBADO"},"Link":{"('0146-S-2009', 0)":"http:\/\/www.senado.gov.ar\/parlamentario\/comisiones\/verExp\/146.09\/S\/PD","('0146-S-2009', 1)":null},"Palabra Clave":{"('0146-S-2009', 0)":" ","('0146-S-2009', 1)":null}}