{"Tipo de Proyecto":{"('0148-S-2009', 0)":"PROYECTO DE DECLARACI\u00d3N","('0148-S-2009', 1)":null},"Iniciado en: ":{"('0148-S-2009', 0)":"Senado","('0148-S-2009', 1)":null},"Expediente Senado: ":{"('0148-S-2009', 0)":"0148-S-2009","('0148-S-2009', 1)":null},"Publicado en: ":{"('0148-S-2009', 0)":"Diario de Asuntos Entrados N\u00b0 9","('0148-S-2009', 1)":null},"Fecha: ":{"('0148-S-2009', 0)":"03\/03\/2009","('0148-S-2009', 1)":null},"T\u00edtulo":{"('0148-S-2009', 0)":"ADHERIR AL DIA INTERNACIONAL PARA LA ELIMINACION DE LA DISCRIMINACION RACIAL, EL 21 DE MARZO.","('0148-S-2009', 1)":null},"('Firmantes', 'FIRMANTE')":{"('0148-S-2009', 0)":"CORRADI DE BELTRAN, ANA MARIA","('0148-S-2009', 1)":null},"('Firmantes', 'DISTRITO')":{"('0148-S-2009', 0)":"SANTIAGO DEL ESTERO","('0148-S-2009', 1)":null},"('Firmantes', 'BLOQUE')":{"('0148-S-2009', 0)":"FRENTE PARA LA VICTORIA - PJ","('0148-S-2009', 1)":null},"('Tramites', 'C\u00c1MARA')":{"('0148-S-2009', 0)":"Senado","('0148-S-2009', 1)":"Senado"},"('Tramites', 'MOVIMIENTO')":{"('0148-S-2009', 0)":"MOCION SOBRE TABLAS (AFIRMATIVA) CONJUNTAMENTE PARA LOS EXPEDIENTES 4518-S-2008, 0013-S-2009, 0107-S-2009, 0131-S-2009, 0140-S-2009 y 0148-S-2009","('0148-S-2009', 1)":"CONSIDERACION Y APROBACION CONJUNTAMENTE PARA LOS EXPEDIENTES 4518-S-2008, 0013-S-2009, 0107-S-2009, 0131-S-2009, 0140-S-2009 y 0148-S-2009"},"('Tramites', 'FECHA')":{"('0148-S-2009', 0)":"04\/03\/2009","('0148-S-2009', 1)":"04\/03\/2009"},"('Tramites', 'RESULTADO')":{"('0148-S-2009', 0)":null,"('0148-S-2009', 1)":"APROBADO"},"Link":{"('0148-S-2009', 0)":"http:\/\/www.senado.gov.ar\/parlamentario\/comisiones\/verExp\/148.09\/S\/PD","('0148-S-2009', 1)":null},"Palabra Clave":{"('0148-S-2009', 0)":" ","('0148-S-2009', 1)":null}}