{"Tipo de Proyecto":{"('0148-D-2009', 0)":"PROYECTO DE RESOLUCI\u00d3N","('0148-D-2009', 1)":null,"('0148-D-2009', 2)":null,"('0148-D-2009', 3)":null,"('0148-D-2009', 4)":null,"('0148-D-2009', 5)":null,"('0148-D-2009', 6)":null},"Iniciado en: ":{"('0148-D-2009', 0)":"Diputados","('0148-D-2009', 1)":null,"('0148-D-2009', 2)":null,"('0148-D-2009', 3)":null,"('0148-D-2009', 4)":null,"('0148-D-2009', 5)":null,"('0148-D-2009', 6)":null},"Expediente Diputados: ":{"('0148-D-2009', 0)":"0148-D-2009","('0148-D-2009', 1)":null,"('0148-D-2009', 2)":null,"('0148-D-2009', 3)":null,"('0148-D-2009', 4)":null,"('0148-D-2009', 5)":null,"('0148-D-2009', 6)":null},"Publicado en: ":{"('0148-D-2009', 0)":"Tr\u00e1mite Parlamentario N\u00b0 1","('0148-D-2009', 1)":null,"('0148-D-2009', 2)":null,"('0148-D-2009', 3)":null,"('0148-D-2009', 4)":null,"('0148-D-2009', 5)":null,"('0148-D-2009', 6)":null},"Fecha: ":{"('0148-D-2009', 0)":"02\/03\/2009","('0148-D-2009', 1)":null,"('0148-D-2009', 2)":null,"('0148-D-2009', 3)":null,"('0148-D-2009', 4)":null,"('0148-D-2009', 5)":null,"('0148-D-2009', 6)":null},"T\u00edtulo":{"('0148-D-2009', 0)":"PEDIDO DE INFORMES AL PODER EJECUTIVO SOBRE EL CONVENIO INTERJURISDICCIONAL 33\/02, FIRMADO ENTRE LA NACION Y LA CIUDAD AUTONOMA DE BUENOS AIRES EL 5 DE SEPTIEMBRE DE 2002, CON RELACION A LAS FRACCIONES DE TERRENO DONDE ACTUALMENTE FUNCIONA EL MERCADO DE LINIERS SA.","('0148-D-2009', 1)":null,"('0148-D-2009', 2)":null,"('0148-D-2009', 3)":null,"('0148-D-2009', 4)":null,"('0148-D-2009', 5)":null,"('0148-D-2009', 6)":null},"('Firmantes', 'FIRMANTE')":{"('0148-D-2009', 0)":"BISUTTI, DELIA BEATRIZ","('0148-D-2009', 1)":"BELOUS, NELIDA","('0148-D-2009', 2)":"GONZALEZ, MARIA AMERICA","('0148-D-2009', 3)":"BARRIOS, MIGUEL ANGEL","('0148-D-2009', 4)":"BENAS, VERONICA CLAUDIA","('0148-D-2009', 5)":"AUGSBURGER, SILVIA","('0148-D-2009', 6)":"GORBACZ, LEONARDO ARIEL"},"('Firmantes', 'DISTRITO')":{"('0148-D-2009', 0)":"CIUDAD de BUENOS AIRES","('0148-D-2009', 1)":"TIERRA DEL FUEGO","('0148-D-2009', 2)":"CIUDAD de BUENOS AIRES","('0148-D-2009', 3)":"SANTA FE","('0148-D-2009', 4)":"SANTA FE","('0148-D-2009', 5)":"SANTA FE","('0148-D-2009', 6)":"TIERRA DEL FUEGO"},"('Firmantes', 'BLOQUE')":{"('0148-D-2009', 0)":"SOLIDARIDAD E IGUALDAD (SI) - ARI (T.D.F.)","('0148-D-2009', 1)":"SOLIDARIDAD E IGUALDAD (SI) - ARI (T.D.F.)","('0148-D-2009', 2)":"SOLIDARIDAD E IGUALDAD (SI) - ARI (T.D.F.)","('0148-D-2009', 3)":"PARTIDO SOCIALISTA","('0148-D-2009', 4)":"SOLIDARIDAD E IGUALDAD (SI) - ARI (T.D.F.)","('0148-D-2009', 5)":"PARTIDO SOCIALISTA","('0148-D-2009', 6)":"SOLIDARIDAD E IGUALDAD (SI) - ARI (T.D.F.)"},"('Giros', 'COMISI\u00d3N')":{"('0148-D-2009', 0)":"ASUNTOS MUNICIPALES","('0148-D-2009', 1)":null,"('0148-D-2009', 2)":null,"('0148-D-2009', 3)":null,"('0148-D-2009', 4)":null,"('0148-D-2009', 5)":null,"('0148-D-2009', 6)":null},"('Tramites', 'C\u00c1MARA')":{"('0148-D-2009', 0)":"Diputados","('0148-D-2009', 1)":null,"('0148-D-2009', 2)":null,"('0148-D-2009', 3)":null,"('0148-D-2009', 4)":null,"('0148-D-2009', 5)":null,"('0148-D-2009', 6)":null},"('Tramites', 'MOVIMIENTO')":{"('0148-D-2009', 0)":"SOLICITUD DE SER ADHERENTE DEL DIPUTADO VIALE (A SUS ANTECEDENTES)","('0148-D-2009', 1)":null,"('0148-D-2009', 2)":null,"('0148-D-2009', 3)":null,"('0148-D-2009', 4)":null,"('0148-D-2009', 5)":null,"('0148-D-2009', 6)":null},"('Tramites', 'FECHA')":{"('0148-D-2009', 0)":"20\/05\/2009","('0148-D-2009', 1)":null,"('0148-D-2009', 2)":null,"('0148-D-2009', 3)":null,"('0148-D-2009', 4)":null,"('0148-D-2009', 5)":null,"('0148-D-2009', 6)":null},"('Tramites', 'RESULTADO')":{"('0148-D-2009', 0)":null,"('0148-D-2009', 1)":null,"('0148-D-2009', 2)":null,"('0148-D-2009', 3)":null,"('0148-D-2009', 4)":null,"('0148-D-2009', 5)":null,"('0148-D-2009', 6)":null},"Link":{"('0148-D-2009', 0)":"https:\/\/www.hcdn.gob.ar\/proyectos\/textoCompleto.jsp?exp=0148-D-2009&tipo=RESOLUCION","('0148-D-2009', 1)":null,"('0148-D-2009', 2)":null,"('0148-D-2009', 3)":null,"('0148-D-2009', 4)":null,"('0148-D-2009', 5)":null,"('0148-D-2009', 6)":null},"Palabra Clave":{"('0148-D-2009', 0)":" ","('0148-D-2009', 1)":null,"('0148-D-2009', 2)":null,"('0148-D-2009', 3)":null,"('0148-D-2009', 4)":null,"('0148-D-2009', 5)":null,"('0148-D-2009', 6)":null}}