{"Tipo de Proyecto":{"('0149-D-2009', 0)":"PROYECTO DE RESOLUCI\u00d3N","('0149-D-2009', 1)":null,"('0149-D-2009', 2)":null,"('0149-D-2009', 3)":null,"('0149-D-2009', 4)":null,"('0149-D-2009', 5)":null},"Iniciado en: ":{"('0149-D-2009', 0)":"Diputados","('0149-D-2009', 1)":null,"('0149-D-2009', 2)":null,"('0149-D-2009', 3)":null,"('0149-D-2009', 4)":null,"('0149-D-2009', 5)":null},"Expediente Diputados: ":{"('0149-D-2009', 0)":"0149-D-2009","('0149-D-2009', 1)":null,"('0149-D-2009', 2)":null,"('0149-D-2009', 3)":null,"('0149-D-2009', 4)":null,"('0149-D-2009', 5)":null},"Publicado en: ":{"('0149-D-2009', 0)":"Tr\u00e1mite Parlamentario N\u00b0 1","('0149-D-2009', 1)":null,"('0149-D-2009', 2)":null,"('0149-D-2009', 3)":null,"('0149-D-2009', 4)":null,"('0149-D-2009', 5)":null},"Fecha: ":{"('0149-D-2009', 0)":"02\/03\/2009","('0149-D-2009', 1)":null,"('0149-D-2009', 2)":null,"('0149-D-2009', 3)":null,"('0149-D-2009', 4)":null,"('0149-D-2009', 5)":null},"T\u00edtulo":{"('0149-D-2009', 0)":"PEDIDO DE INFORMES AL PODER EJECUTIVO SOBRE LA EXISTENCIA DE AGRUPAMIENTOS INFANTO - JUVENILES EN DEPENDENCIAS DE LAS FUERZAS DE SEGURIDAD.","('0149-D-2009', 1)":null,"('0149-D-2009', 2)":null,"('0149-D-2009', 3)":null,"('0149-D-2009', 4)":null,"('0149-D-2009', 5)":null},"('Firmantes', 'FIRMANTE')":{"('0149-D-2009', 0)":"BISUTTI, DELIA BEATRIZ","('0149-D-2009', 1)":"BELOUS, NELIDA","('0149-D-2009', 2)":"GONZALEZ, MARIA AMERICA","('0149-D-2009', 3)":"BARRIOS, MIGUEL ANGEL","('0149-D-2009', 4)":"AUGSBURGER, SILVIA","('0149-D-2009', 5)":"BENAS, VERONICA CLAUDIA"},"('Firmantes', 'DISTRITO')":{"('0149-D-2009', 0)":"CIUDAD de BUENOS AIRES","('0149-D-2009', 1)":"TIERRA DEL FUEGO","('0149-D-2009', 2)":"CIUDAD de BUENOS AIRES","('0149-D-2009', 3)":"SANTA FE","('0149-D-2009', 4)":"SANTA FE","('0149-D-2009', 5)":"SANTA FE"},"('Firmantes', 'BLOQUE')":{"('0149-D-2009', 0)":"SOLIDARIDAD E IGUALDAD (SI) - ARI (T.D.F.)","('0149-D-2009', 1)":"SOLIDARIDAD E IGUALDAD (SI) - ARI (T.D.F.)","('0149-D-2009', 2)":"SOLIDARIDAD E IGUALDAD (SI) - ARI (T.D.F.)","('0149-D-2009', 3)":"PARTIDO SOCIALISTA","('0149-D-2009', 4)":"PARTIDO SOCIALISTA","('0149-D-2009', 5)":"SOLIDARIDAD E IGUALDAD (SI) - ARI (T.D.F.)"},"('Giros', 'COMISI\u00d3N')":{"('0149-D-2009', 0)":"FAMILIA, MUJER, NI\u00d1EZ Y ADOLESCENCIA","('0149-D-2009', 1)":null,"('0149-D-2009', 2)":null,"('0149-D-2009', 3)":null,"('0149-D-2009', 4)":null,"('0149-D-2009', 5)":null},"('Tramites', 'C\u00c1MARA')":{"('0149-D-2009', 0)":"Diputados","('0149-D-2009', 1)":null,"('0149-D-2009', 2)":null,"('0149-D-2009', 3)":null,"('0149-D-2009', 4)":null,"('0149-D-2009', 5)":null},"('Tramites', 'MOVIMIENTO')":{"('0149-D-2009', 0)":"SOLICITUD DE SER ADHERENTE DEL DIPUTADO VIALE (A SUS ANTECEDENTES)","('0149-D-2009', 1)":null,"('0149-D-2009', 2)":null,"('0149-D-2009', 3)":null,"('0149-D-2009', 4)":null,"('0149-D-2009', 5)":null},"('Tramites', 'FECHA')":{"('0149-D-2009', 0)":"20\/05\/2009","('0149-D-2009', 1)":null,"('0149-D-2009', 2)":null,"('0149-D-2009', 3)":null,"('0149-D-2009', 4)":null,"('0149-D-2009', 5)":null},"('Tramites', 'RESULTADO')":{"('0149-D-2009', 0)":null,"('0149-D-2009', 1)":null,"('0149-D-2009', 2)":null,"('0149-D-2009', 3)":null,"('0149-D-2009', 4)":null,"('0149-D-2009', 5)":null},"Link":{"('0149-D-2009', 0)":"https:\/\/www.hcdn.gob.ar\/proyectos\/textoCompleto.jsp?exp=0149-D-2009&tipo=RESOLUCION","('0149-D-2009', 1)":null,"('0149-D-2009', 2)":null,"('0149-D-2009', 3)":null,"('0149-D-2009', 4)":null,"('0149-D-2009', 5)":null},"Palabra Clave":{"('0149-D-2009', 0)":" ","('0149-D-2009', 1)":null,"('0149-D-2009', 2)":null,"('0149-D-2009', 3)":null,"('0149-D-2009', 4)":null,"('0149-D-2009', 5)":null}}