{"Tipo de Proyecto":{"('0150-S-2009', 0)":"PROYECTO DE DECLARACI\u00d3N"},"Iniciado en: ":{"('0150-S-2009', 0)":"Senado"},"Expediente Senado: ":{"('0150-S-2009', 0)":"0150-S-2009"},"Publicado en: ":{"('0150-S-2009', 0)":"Diario de Asuntos Entrados N\u00b0 9"},"Fecha: ":{"('0150-S-2009', 0)":"03\/03\/2009"},"T\u00edtulo":{"('0150-S-2009', 0)":"EXPRESAR PREOCUPACION Y PESAR POR EL ALUD DE LODO PRODUCIDO EL 9 DE FEBRERO DE 2009 EN LA CIUDAD DE TARTAGAL, PROVINCIA DE SALTA."},"('Firmantes', 'FIRMANTE')":{"('0150-S-2009', 0)":"CORRADI DE BELTRAN, ANA MARIA"},"('Firmantes', 'DISTRITO')":{"('0150-S-2009', 0)":"SANTIAGO DEL ESTERO"},"('Firmantes', 'BLOQUE')":{"('0150-S-2009', 0)":"FRENTE PARA LA VICTORIA - PJ"},"('Tramites', 'C\u00c1MARA')":{"('0150-S-2009', 0)":"Senado"},"('Tramites', 'MOVIMIENTO')":{"('0150-S-2009', 0)":"CONSIDERACION Y APROBACION CONJUNTAMENTE PARA LOS EXPEDIENTES 0150-S-2009 y 0154-S-2009"},"('Tramites', 'FECHA')":{"('0150-S-2009', 0)":"08\/07\/2009"},"('Tramites', 'RESULTADO')":{"('0150-S-2009', 0)":"APROBADO"},"Link":{"('0150-S-2009', 0)":"http:\/\/www.senado.gov.ar\/parlamentario\/comisiones\/verExp\/150.09\/S\/PD"},"Palabra Clave":{"('0150-S-2009', 0)":" "}}