{"Tipo de Proyecto":{"('0152-S-2009', 0)":"PROYECTO DE RESOLUCI\u00d3N"},"Iniciado en: ":{"('0152-S-2009', 0)":"Senado"},"Expediente Senado: ":{"('0152-S-2009', 0)":"0152-S-2009"},"Publicado en: ":{"('0152-S-2009', 0)":"Diario de Asuntos Entrados N\u00b0 9"},"Fecha: ":{"('0152-S-2009', 0)":"03\/03\/2009"},"T\u00edtulo":{"('0152-S-2009', 0)":"CONVOCAR CON CARACTER DE URGENTE AL SE\u00d1OR JEFE DE GABINETE DE MINISTROS A FIN DE DAR CUMPLIMIENTO AL ARTICULO 101 DE LA CONSTITUCION NACIONAL, Y REQUERIR QUE EN ESA SESION INFORME SOBRE: MEDIDAS ADOPTADAS PARA ENFRENTAR Y PALIAR LA CRISIS ECONOMICA, PARA COMBATIR LA INSEGURIDAD, Y POLITICA AGRICOLA - GANADERA PARA EL MEDIANO Y LARGO PLAZO."},"('Firmantes', 'FIRMANTE')":{"('0152-S-2009', 0)":"ROSSI, CARLOS ALBERTO"},"('Firmantes', 'DISTRITO')":{"('0152-S-2009', 0)":"CORDOBA"},"('Firmantes', 'BLOQUE')":{"('0152-S-2009', 0)":"VECINALISTA - PARTIDO NUEVO"},"Link":{"('0152-S-2009', 0)":"http:\/\/www.senado.gov.ar\/parlamentario\/comisiones\/verExp\/152.09\/S\/PR"},"Palabra Clave":{"('0152-S-2009', 0)":" "}}