{"Tipo de Proyecto":{"('0154-D-2009', 0)":"PROYECTO DE RESOLUCI\u00d3N","('0154-D-2009', 1)":null,"('0154-D-2009', 2)":null,"('0154-D-2009', 3)":null,"('0154-D-2009', 4)":null},"Iniciado en: ":{"('0154-D-2009', 0)":"Diputados","('0154-D-2009', 1)":null,"('0154-D-2009', 2)":null,"('0154-D-2009', 3)":null,"('0154-D-2009', 4)":null},"Expediente Diputados: ":{"('0154-D-2009', 0)":"0154-D-2009","('0154-D-2009', 1)":null,"('0154-D-2009', 2)":null,"('0154-D-2009', 3)":null,"('0154-D-2009', 4)":null},"Publicado en: ":{"('0154-D-2009', 0)":"Tr\u00e1mite Parlamentario N\u00b0 1","('0154-D-2009', 1)":null,"('0154-D-2009', 2)":null,"('0154-D-2009', 3)":null,"('0154-D-2009', 4)":null},"Fecha: ":{"('0154-D-2009', 0)":"02\/03\/2009","('0154-D-2009', 1)":null,"('0154-D-2009', 2)":null,"('0154-D-2009', 3)":null,"('0154-D-2009', 4)":null},"T\u00edtulo":{"('0154-D-2009', 0)":"RENDIR HOMENAJE A LA REFORMA CONSTITUCIONAL DE 1949, CON MOTIVO DE CUMPLIRSE EL DIA 11 DE MARZO DE 2009, UN NUEVO ANIVERSARIO DE SU SANCION.","('0154-D-2009', 1)":null,"('0154-D-2009', 2)":null,"('0154-D-2009', 3)":null,"('0154-D-2009', 4)":null},"('Firmantes', 'FIRMANTE')":{"('0154-D-2009', 0)":"RECALDE, HECTOR PEDRO","('0154-D-2009', 1)":"SALIM, JUAN ARTURO","('0154-D-2009', 2)":"GONZALEZ, NANCY SUSANA","('0154-D-2009', 3)":"GULLO, JUAN CARLOS DANTE","('0154-D-2009', 4)":"BIANCO, LIA FABIOLA"},"('Firmantes', 'DISTRITO')":{"('0154-D-2009', 0)":"BUENOS AIRES","('0154-D-2009', 1)":"TUCUMAN","('0154-D-2009', 2)":"CHUBUT","('0154-D-2009', 3)":"CIUDAD de BUENOS AIRES","('0154-D-2009', 4)":"MISIONES"},"('Firmantes', 'BLOQUE')":{"('0154-D-2009', 0)":"FRENTE PARA LA VICTORIA - PJ","('0154-D-2009', 1)":"FRENTE PARA LA VICTORIA - PJ","('0154-D-2009', 2)":"FRENTE PARA LA VICTORIA - PJ","('0154-D-2009', 3)":"FRENTE PARA LA VICTORIA - PJ","('0154-D-2009', 4)":"FRENTE PARA LA VICTORIA - PJ"},"('Giros', 'COMISI\u00d3N')":{"('0154-D-2009', 0)":"LABOR PARLAMENTARIA","('0154-D-2009', 1)":null,"('0154-D-2009', 2)":null,"('0154-D-2009', 3)":null,"('0154-D-2009', 4)":null},"('Tramites', 'C\u00c1MARA')":{"('0154-D-2009', 0)":"Diputados","('0154-D-2009', 1)":"Diputados","('0154-D-2009', 2)":null,"('0154-D-2009', 3)":null,"('0154-D-2009', 4)":null},"('Tramites', 'MOVIMIENTO')":{"('0154-D-2009', 0)":"MOCION SOBRE TABLAS (PLAN DE LABOR) (AFIRMATIVA) CONJUNTAMENTE PARA LOS EXPEDIENTES 0035-D-2009 y 0154-D-2009","('0154-D-2009', 1)":"CONSIDERACION Y APROBACION CONJUNTAMENTE PARA LOS EXPEDIENTES 0035-D-2009 y 0154-D-2009","('0154-D-2009', 2)":null,"('0154-D-2009', 3)":null,"('0154-D-2009', 4)":null},"('Tramites', 'FECHA')":{"('0154-D-2009', 0)":"11\/03\/2009","('0154-D-2009', 1)":"11\/03\/2009","('0154-D-2009', 2)":null,"('0154-D-2009', 3)":null,"('0154-D-2009', 4)":null},"('Tramites', 'RESULTADO')":{"('0154-D-2009', 0)":null,"('0154-D-2009', 1)":"APROBADO","('0154-D-2009', 2)":null,"('0154-D-2009', 3)":null,"('0154-D-2009', 4)":null},"Link":{"('0154-D-2009', 0)":"https:\/\/www.hcdn.gob.ar\/proyectos\/textoCompleto.jsp?exp=0154-D-2009&tipo=RESOLUCION","('0154-D-2009', 1)":null,"('0154-D-2009', 2)":null,"('0154-D-2009', 3)":null,"('0154-D-2009', 4)":null},"Palabra Clave":{"('0154-D-2009', 0)":" ","('0154-D-2009', 1)":null,"('0154-D-2009', 2)":null,"('0154-D-2009', 3)":null,"('0154-D-2009', 4)":null}}