{"Tipo de Proyecto":{"('0154-S-2009', 0)":"PROYECTO DE DECLARACI\u00d3N"},"Iniciado en: ":{"('0154-S-2009', 0)":"Senado"},"Expediente Senado: ":{"('0154-S-2009', 0)":"0154-S-2009"},"Publicado en: ":{"('0154-S-2009', 0)":"Diario de Asuntos Entrados N\u00b0 9"},"Fecha: ":{"('0154-S-2009', 0)":"03\/03\/2009"},"T\u00edtulo":{"('0154-S-2009', 0)":"EXPRESAR DOLOR POR LO OCURRIDO A CAUSA DE LAS INUNDACIONES EN LA CIUDAD DE TARTAGAL, PROVINCIA DE SALTA, QUE HAN PRODUCIDO VICTIMAS Y PERDIDAS DE TODA INDOLE."},"('Firmantes', 'FIRMANTE')":{"('0154-S-2009', 0)":"ROSSI, CARLOS ALBERTO"},"('Firmantes', 'DISTRITO')":{"('0154-S-2009', 0)":"CORDOBA"},"('Firmantes', 'BLOQUE')":{"('0154-S-2009', 0)":"VECINALISTA - PARTIDO NUEVO"},"('Tramites', 'C\u00c1MARA')":{"('0154-S-2009', 0)":"Senado"},"('Tramites', 'MOVIMIENTO')":{"('0154-S-2009', 0)":"CONSIDERACION Y APROBACION CONJUNTAMENTE PARA LOS EXPEDIENTES 0150-S-2009 y 0154-S-2009"},"('Tramites', 'FECHA')":{"('0154-S-2009', 0)":"08\/07\/2009"},"('Tramites', 'RESULTADO')":{"('0154-S-2009', 0)":"APROBADO"},"Link":{"('0154-S-2009', 0)":"http:\/\/www.senado.gov.ar\/parlamentario\/comisiones\/verExp\/154.09\/S\/PD"},"Palabra Clave":{"('0154-S-2009', 0)":" "}}