{"Tipo de Proyecto":{"('0155-D-2009', 0)":"PROYECTO DE LEY","('0155-D-2009', 1)":null},"Iniciado en: ":{"('0155-D-2009', 0)":"Diputados","('0155-D-2009', 1)":null},"Expediente Diputados: ":{"('0155-D-2009', 0)":"0155-D-2009","('0155-D-2009', 1)":null},"Publicado en: ":{"('0155-D-2009', 0)":"Tr\u00e1mite Parlamentario N\u00b0 1","('0155-D-2009', 1)":null},"Fecha: ":{"('0155-D-2009', 0)":"02\/03\/2009","('0155-D-2009', 1)":null},"T\u00edtulo":{"('0155-D-2009', 0)":"CONDICIONES DE DETENCION DEL MENOR QUE HAYA COMETIDO DELITOS CON ARMAS DE FUEGO (REPRODUCCION DEL EXPEDIENTE 0109-D-07).","('0155-D-2009', 1)":null},"('Firmantes', 'FIRMANTE')":{"('0155-D-2009', 0)":"GUTIERREZ, GRACIELA BEATRIZ","('0155-D-2009', 1)":null},"('Firmantes', 'DISTRITO')":{"('0155-D-2009', 0)":"SANTA CRUZ","('0155-D-2009', 1)":null},"('Firmantes', 'BLOQUE')":{"('0155-D-2009', 0)":"FRENTE PARA LA VICTORIA - PJ","('0155-D-2009', 1)":null},"('Giros', 'COMISI\u00d3N')":{"('0155-D-2009', 0)":"LEGISLACION PENAL","('0155-D-2009', 1)":"FAMILIA, MUJER, NI\u00d1EZ Y ADOLESCENCIA"},"Palabra Clave":{"('0155-D-2009', 0)":" ","('0155-D-2009', 1)":null}}