{"Tipo de Proyecto":{"('0156-D-2009', 0)":"PROYECTO DE LEY"},"Iniciado en: ":{"('0156-D-2009', 0)":"Diputados"},"Expediente Diputados: ":{"('0156-D-2009', 0)":"0156-D-2009"},"Publicado en: ":{"('0156-D-2009', 0)":"Tr\u00e1mite Parlamentario N\u00b0 1"},"Fecha: ":{"('0156-D-2009', 0)":"02\/03\/2009"},"T\u00edtulo":{"('0156-D-2009', 0)":"CODIGO PENAL. MODIFICACION, SOBRE DELITOS CONTRA LA LIBERTAD DE LAS PERSONAS (REPRODUCCION DEL EXPEDIENTE 0110-D-07)."},"('Firmantes', 'FIRMANTE')":{"('0156-D-2009', 0)":"GUTIERREZ, GRACIELA BEATRIZ"},"('Firmantes', 'DISTRITO')":{"('0156-D-2009', 0)":"SANTA CRUZ"},"('Firmantes', 'BLOQUE')":{"('0156-D-2009', 0)":"FRENTE PARA LA VICTORIA - PJ"},"('Giros', 'COMISI\u00d3N')":{"('0156-D-2009', 0)":"LEGISLACION PENAL"},"Sumario":{"('0156-D-2009', 0)":"INCORPORACION DEL ARTICULO 140 BIS (RECLUTAMIENTO DE PERSONAS); DEROGACION DE LOS ARTICULOS 116, 117 Y 120 (DELITOS AL ORDEN MIGRATORIO) DE LA LEY 25871 (MIGRACIONES)."},"Palabra Clave":{"('0156-D-2009', 0)":" "}}