{"Tipo de Proyecto":{"('0156-S-2009', 0)":"PROYECTO DE DECLARACI\u00d3N","('0156-S-2009', 1)":null},"Iniciado en: ":{"('0156-S-2009', 0)":"Senado","('0156-S-2009', 1)":null},"Expediente Senado: ":{"('0156-S-2009', 0)":"0156-S-2009","('0156-S-2009', 1)":null},"Publicado en: ":{"('0156-S-2009', 0)":"Diario de Asuntos Entrados N\u00b0 9","('0156-S-2009', 1)":null},"Fecha: ":{"('0156-S-2009', 0)":"03\/03\/2009","('0156-S-2009', 1)":null},"T\u00edtulo":{"('0156-S-2009', 0)":"ADHERIR A LA CONMEMORACION DEL DIA MUNDIAL DE LA TUBERCULOSIS, QUE SE CELEBRA EL 24 DE ABRIL DE 2009.","('0156-S-2009', 1)":null},"('Firmantes', 'FIRMANTE')":{"('0156-S-2009', 0)":"ROSSI, CARLOS ALBERTO","('0156-S-2009', 1)":null},"('Firmantes', 'DISTRITO')":{"('0156-S-2009', 0)":"CORDOBA","('0156-S-2009', 1)":null},"('Firmantes', 'BLOQUE')":{"('0156-S-2009', 0)":"VECINALISTA - PARTIDO NUEVO","('0156-S-2009', 1)":null},"('Tramites', 'C\u00c1MARA')":{"('0156-S-2009', 0)":"Senado","('0156-S-2009', 1)":"Senado"},"('Tramites', 'MOVIMIENTO')":{"('0156-S-2009', 0)":"MOCION SOBRE TABLAS (AFIRMATIVA) CONJUNTAMENTE PARA LOS EXPEDIENTES 0550-S-2009 y 0156-S-2009","('0156-S-2009', 1)":"CONSIDERACION Y APROBACION (TEXTO UNIFICADO) CONJUNTAMENTE PARA LOS EXPEDIENTES 0550-S-2009 y 0156-S-2009"},"('Tramites', 'FECHA')":{"('0156-S-2009', 0)":"26\/03\/2009","('0156-S-2009', 1)":"26\/03\/2009"},"('Tramites', 'RESULTADO')":{"('0156-S-2009', 0)":null,"('0156-S-2009', 1)":"APROBADO"},"Link":{"('0156-S-2009', 0)":"http:\/\/www.senado.gov.ar\/parlamentario\/comisiones\/verExp\/156.09\/S\/PD","('0156-S-2009', 1)":null},"Palabra Clave":{"('0156-S-2009', 0)":" ","('0156-S-2009', 1)":null}}