{"Tipo de Proyecto":{"('0157-S-2009', 0)":"PROYECTO DE DECLARACI\u00d3N"},"Iniciado en: ":{"('0157-S-2009', 0)":"Senado"},"Expediente Senado: ":{"('0157-S-2009', 0)":"0157-S-2009"},"Publicado en: ":{"('0157-S-2009', 0)":"Diario de Asuntos Entrados N\u00b0 9"},"Fecha: ":{"('0157-S-2009', 0)":"03\/03\/2009"},"T\u00edtulo":{"('0157-S-2009', 0)":"ADHERIR A LA REALIZACION DE LA NOVENA (9) EDICION DE LA MUESTRA LECHERA \"MERCOLACTEA 2009\", A REALIZARSE EN LA CIUDAD DE SAN FRANCISCO, PROVINCIA DE CORDOBA, DEL 7 AL 10 DE MAYO DE 2009."},"('Firmantes', 'FIRMANTE')":{"('0157-S-2009', 0)":"ROSSI, CARLOS ALBERTO"},"('Firmantes', 'DISTRITO')":{"('0157-S-2009', 0)":"CORDOBA"},"('Firmantes', 'BLOQUE')":{"('0157-S-2009', 0)":"VECINALISTA - PARTIDO NUEVO"},"('Tramites', 'C\u00c1MARA')":{"('0157-S-2009', 0)":"Senado"},"('Tramites', 'MOVIMIENTO')":{"('0157-S-2009', 0)":"APROBACION ARTICULO 106, PARRAFO 3 DEL REGLAMENTO DEL H SENADO CONJUNTAMENTE PARA LOS EXPEDIENTES 0157-S-2009 y 0788-S-2009"},"('Tramites', 'FECHA')":{"('0157-S-2009', 0)":"08\/07\/2009"},"('Tramites', 'RESULTADO')":{"('0157-S-2009', 0)":"APROBADO"},"Link":{"('0157-S-2009', 0)":"http:\/\/www.senado.gov.ar\/parlamentario\/comisiones\/verExp\/157.09\/S\/PD"},"Palabra Clave":{"('0157-S-2009', 0)":" "}}