{"Tipo de Proyecto":{"('0157-OV-2009', 0)":"PROYECTO DE RESOLUCI\u00d3N","('0157-OV-2009', 1)":null,"('0157-OV-2009', 2)":null},"Iniciado en: ":{"('0157-OV-2009', 0)":"Senado","('0157-OV-2009', 1)":null,"('0157-OV-2009', 2)":null},"Expediente Senado: ":{"('0157-OV-2009', 0)":"0157-OV-2009","('0157-OV-2009', 1)":null,"('0157-OV-2009', 2)":null},"Fecha: ":{"('0157-OV-2009', 0)":"10\/11\/2010","('0157-OV-2009', 1)":null,"('0157-OV-2009', 2)":null},"T\u00edtulo":{"('0157-OV-2009', 0)":"PEDIDO DE INFORMES AL PODER EJECUTIVO SOBRE RESOLUCION REMITIDA POR LA AUDITORIA GENERAL DE LA NACION REFERENTE A LOS ESTADOS FINANCIEROS AL 31 DE DICIEMBRE DE 2008, CORRESPONDIENTES AL PROGRAMA DE MEJORA DE LA COMPETITIVIDAD DEL SECTOR TURISMO, LLEVADO A CABO A TRAVES DE LA SECRETARIA DE TURISMO DEPENDIENTE DEL MINISTERIO DE PRODUCCION - CONTRATO DE PRESTAMO 1648 OC-AR BID.","('0157-OV-2009', 1)":null,"('0157-OV-2009', 2)":null},"('Firmantes', 'FIRMANTE')":{"('0157-OV-2009', 0)":"PARLAMENTARIA MIXTA REVISORA DE CUENTAS","('0157-OV-2009', 1)":null,"('0157-OV-2009', 2)":null},"('Firmantes', 'DISTRITO')":{"('0157-OV-2009', 0)":null,"('0157-OV-2009', 1)":null,"('0157-OV-2009', 2)":null},"('Firmantes', 'BLOQUE')":{"('0157-OV-2009', 0)":null,"('0157-OV-2009', 1)":null,"('0157-OV-2009', 2)":null},"('Tramites', 'C\u00c1MARA')":{"('0157-OV-2009', 0)":"Senado","('0157-OV-2009', 1)":"Diputados","('0157-OV-2009', 2)":"Senado"},"('Tramites', 'MOVIMIENTO')":{"('0157-OV-2009', 0)":"CONSIDERACION Y APROBACION","('0157-OV-2009', 1)":"PASA A DIPUTADOS -","('0157-OV-2009', 2)":"CONTESTACION DEL PODER EJECUTIVO NACIONAL - GIRADO A LA COMISION RESPECTIVA"},"('Tramites', 'FECHA')":{"('0157-OV-2009', 0)":"30\/03\/2011","('0157-OV-2009', 1)":"30\/11\/2011","('0157-OV-2009', 2)":"14\/12\/2011"},"('Tramites', 'RESULTADO')":{"('0157-OV-2009', 0)":"APROBADO","('0157-OV-2009', 1)":null,"('0157-OV-2009', 2)":null},"Link":{"('0157-OV-2009', 0)":"http:\/\/www.senado.gov.ar\/parlamentario\/comisiones\/verExp\/157.09\/OV\/PR","('0157-OV-2009', 1)":null,"('0157-OV-2009', 2)":null},"Palabra Clave":{"('0157-OV-2009', 0)":" ","('0157-OV-2009', 1)":null,"('0157-OV-2009', 2)":null}}