{"Tipo de Proyecto":{"('0158-OV-2009', 0)":"PROYECTO DE RESOLUCI\u00d3N"},"Iniciado en: ":{"('0158-OV-2009', 0)":"Senado"},"Expediente Senado: ":{"('0158-OV-2009', 0)":"0158-OV-2009"},"Publicado en: ":{"('0158-OV-2009', 0)":"Diario de Asuntos Entrados N\u00b0 0"},"Fecha: ":{"('0158-OV-2009', 0)":"16\/03\/2011"},"T\u00edtulo":{"('0158-OV-2009', 0)":"PEDIDO DE INFORMES AL PODER EJECUTIVO SOBRE RESOLUCION REMITIDA POR LA AUDITORIA GENERAL DE LA NACION ACERCA DE LOS ESTADOS FINANCIEROS AL 31 DE DICIEMBRE DE 2008, CORRESPONDIENTES AL PROYECTO DE GESTION DE ACTIVOS VIALES NACIONALES - CONVENIO DE PRESTAMO 7242-AR BIRF."},"('Firmantes', 'FIRMANTE')":{"('0158-OV-2009', 0)":"PARLAMENTARIA MIXTA REVISORA DE CUENTAS"},"('Firmantes', 'DISTRITO')":{"('0158-OV-2009', 0)":null},"('Firmantes', 'BLOQUE')":{"('0158-OV-2009', 0)":null},"Link":{"('0158-OV-2009', 0)":"http:\/\/www.senado.gov.ar\/parlamentario\/comisiones\/verExp\/158.09\/OV\/PR"},"Palabra Clave":{"('0158-OV-2009', 0)":" "}}