{"Tipo de Proyecto":{"('0158-D-2009', 0)":"PROYECTO DE LEY","('0158-D-2009', 1)":null},"Iniciado en: ":{"('0158-D-2009', 0)":"Diputados","('0158-D-2009', 1)":null},"Expediente Diputados: ":{"('0158-D-2009', 0)":"0158-D-2009","('0158-D-2009', 1)":null},"Publicado en: ":{"('0158-D-2009', 0)":"Tr\u00e1mite Parlamentario N\u00b0 1","('0158-D-2009', 1)":null},"Fecha: ":{"('0158-D-2009', 0)":"02\/03\/2009","('0158-D-2009', 1)":null},"T\u00edtulo":{"('0158-D-2009', 0)":"CODIGO PENAL: MODIFICACION DEL ARTICULO 193, SOBRE DELITOS CONTRA LA SEGURIDAD DE LOS MEDIOS DE TRANSPORTE (REPRODUCCION DEL EXPEDIENTE 0112-D-07).","('0158-D-2009', 1)":null},"('Firmantes', 'FIRMANTE')":{"('0158-D-2009', 0)":"GUTIERREZ, GRACIELA BEATRIZ","('0158-D-2009', 1)":null},"('Firmantes', 'DISTRITO')":{"('0158-D-2009', 0)":"SANTA CRUZ","('0158-D-2009', 1)":null},"('Firmantes', 'BLOQUE')":{"('0158-D-2009', 0)":"FRENTE PARA LA VICTORIA - PJ","('0158-D-2009', 1)":null},"('Giros', 'COMISI\u00d3N')":{"('0158-D-2009', 0)":"LEGISLACION PENAL","('0158-D-2009', 1)":"TRANSPORTES"},"Palabra Clave":{"('0158-D-2009', 0)":" ","('0158-D-2009', 1)":null}}