{"Tipo de Proyecto":{"('0159-S-2009', 0)":"PROYECTO DE DECLARACI\u00d3N","('0159-S-2009', 1)":null},"Iniciado en: ":{"('0159-S-2009', 0)":"Senado","('0159-S-2009', 1)":null},"Expediente Senado: ":{"('0159-S-2009', 0)":"0159-S-2009","('0159-S-2009', 1)":null},"Publicado en: ":{"('0159-S-2009', 0)":"Diario de Asuntos Entrados N\u00b0 9","('0159-S-2009', 1)":null},"Fecha: ":{"('0159-S-2009', 0)":"03\/03\/2009","('0159-S-2009', 1)":null},"T\u00edtulo":{"('0159-S-2009', 0)":"ADHERIR A LA REALIZACION DE LA VIGESIMA NOVENA (29) EDICION DEL RALLY DE LA REPUBLICA ARGENTINA, A REALIZARSE EN LA PROVINCIA DE CORDOBA DEL 23 AL 26 DE ABRIL DE 2009. ","('0159-S-2009', 1)":null},"('Firmantes', 'FIRMANTE')":{"('0159-S-2009', 0)":"ROSSI, CARLOS ALBERTO","('0159-S-2009', 1)":null},"('Firmantes', 'DISTRITO')":{"('0159-S-2009', 0)":"CORDOBA","('0159-S-2009', 1)":null},"('Firmantes', 'BLOQUE')":{"('0159-S-2009', 0)":"VECINALISTA - PARTIDO NUEVO","('0159-S-2009', 1)":null},"('Tramites', 'C\u00c1MARA')":{"('0159-S-2009', 0)":"Senado","('0159-S-2009', 1)":"Senado"},"('Tramites', 'MOVIMIENTO')":{"('0159-S-2009', 0)":"MOCION SOBRE TABLAS (AFIRMATIVA)","('0159-S-2009', 1)":"CONSIDERACION Y APROBACION"},"('Tramites', 'FECHA')":{"('0159-S-2009', 0)":"26\/03\/2009","('0159-S-2009', 1)":"26\/03\/2009"},"('Tramites', 'RESULTADO')":{"('0159-S-2009', 0)":null,"('0159-S-2009', 1)":"APROBADO"},"Link":{"('0159-S-2009', 0)":"http:\/\/www.senado.gov.ar\/parlamentario\/comisiones\/verExp\/159.09\/S\/PD","('0159-S-2009', 1)":null},"Palabra Clave":{"('0159-S-2009', 0)":" ","('0159-S-2009', 1)":null}}