{"Tipo de Proyecto":{"('0160-D-2009', 0)":"PROYECTO DE LEY","('0160-D-2009', 1)":null},"Iniciado en: ":{"('0160-D-2009', 0)":"Diputados","('0160-D-2009', 1)":null},"Expediente Diputados: ":{"('0160-D-2009', 0)":"0160-D-2009","('0160-D-2009', 1)":null},"Publicado en: ":{"('0160-D-2009', 0)":"Tr\u00e1mite Parlamentario N\u00b0 1","('0160-D-2009', 1)":null},"Fecha: ":{"('0160-D-2009', 0)":"02\/03\/2009","('0160-D-2009', 1)":null},"T\u00edtulo":{"('0160-D-2009', 0)":"CODIGO PENAL: MODIFICACION DEL ARTICULO 181, SOBRE DELITOS DE ALTERACION DE LIMITES Y DEMARCACIONES DE TIERRAS FISCALES (REPRODUCCION DEL EXPEDIENTE 0114-D-07).","('0160-D-2009', 1)":null},"('Firmantes', 'FIRMANTE')":{"('0160-D-2009', 0)":"GUTIERREZ, GRACIELA BEATRIZ","('0160-D-2009', 1)":null},"('Firmantes', 'DISTRITO')":{"('0160-D-2009', 0)":"SANTA CRUZ","('0160-D-2009', 1)":null},"('Firmantes', 'BLOQUE')":{"('0160-D-2009', 0)":"FRENTE PARA LA VICTORIA - PJ","('0160-D-2009', 1)":null},"('Giros', 'COMISI\u00d3N')":{"('0160-D-2009', 0)":"LEGISLACION PENAL","('0160-D-2009', 1)":"POBLACION Y DESARROLLO HUMANO"},"Palabra Clave":{"('0160-D-2009', 0)":" ","('0160-D-2009', 1)":null}}