{"Tipo de Proyecto":{"('0161-S-2009', 0)":"PROYECTO DE DECLARACI\u00d3N"},"Iniciado en: ":{"('0161-S-2009', 0)":"Senado"},"Expediente Senado: ":{"('0161-S-2009', 0)":"0161-S-2009"},"Publicado en: ":{"('0161-S-2009', 0)":"Diario de Asuntos Entrados N\u00b0 9"},"Fecha: ":{"('0161-S-2009', 0)":"03\/03\/2009"},"T\u00edtulo":{"('0161-S-2009', 0)":"ADHERIR A LA REALIZACION DE LA TRIGESIMO NOVENA (39) FIESTA NACIONAL DE LA MASA VIENESA, A LLEVARSE A CABO DEL 8 AL 12 DE ABRIL DE 2009 EN VILLA GENERAL BELGRANO, PROVINCIA DE CORDOBA."},"('Firmantes', 'FIRMANTE')":{"('0161-S-2009', 0)":"ROSSI, CARLOS ALBERTO"},"('Firmantes', 'DISTRITO')":{"('0161-S-2009', 0)":"CORDOBA"},"('Firmantes', 'BLOQUE')":{"('0161-S-2009', 0)":"VECINALISTA - PARTIDO NUEVO"},"('Tramites', 'C\u00c1MARA')":{"('0161-S-2009', 0)":"Senado"},"('Tramites', 'MOVIMIENTO')":{"('0161-S-2009', 0)":"CONSIDERACION Y APROBACION"},"('Tramites', 'FECHA')":{"('0161-S-2009', 0)":"08\/07\/2009"},"('Tramites', 'RESULTADO')":{"('0161-S-2009', 0)":"APROBADO"},"Link":{"('0161-S-2009', 0)":"http:\/\/www.senado.gov.ar\/parlamentario\/comisiones\/verExp\/161.09\/S\/PD"},"Palabra Clave":{"('0161-S-2009', 0)":" "}}