{"Tipo de Proyecto":{"('0161-D-2009', 0)":"PROYECTO DE LEY","('0161-D-2009', 1)":null},"Iniciado en: ":{"('0161-D-2009', 0)":"Diputados","('0161-D-2009', 1)":null},"Expediente Diputados: ":{"('0161-D-2009', 0)":"0161-D-2009","('0161-D-2009', 1)":null},"Publicado en: ":{"('0161-D-2009', 0)":"Tr\u00e1mite Parlamentario N\u00b0 1","('0161-D-2009', 1)":null},"Fecha: ":{"('0161-D-2009', 0)":"02\/03\/2009","('0161-D-2009', 1)":null},"T\u00edtulo":{"('0161-D-2009', 0)":"REGULACION DE LOS SISTEMAS INTENSIVOS Y CONCENTRADOS DE ANIMALES (FEED LOT) (REPRODUCCION DEL EXPEDIENTE 0115-D-07).","('0161-D-2009', 1)":null},"('Firmantes', 'FIRMANTE')":{"('0161-D-2009', 0)":"GUTIERREZ, GRACIELA BEATRIZ","('0161-D-2009', 1)":null},"('Firmantes', 'DISTRITO')":{"('0161-D-2009', 0)":"SANTA CRUZ","('0161-D-2009', 1)":null},"('Firmantes', 'BLOQUE')":{"('0161-D-2009', 0)":"FRENTE PARA LA VICTORIA - PJ","('0161-D-2009', 1)":null},"('Giros', 'COMISI\u00d3N')":{"('0161-D-2009', 0)":"AGRICULTURA Y GANADERIA","('0161-D-2009', 1)":"LEGISLACION GENERAL"},"Sumario":{"('0161-D-2009', 0)":"DEFINICIONES; FINES; FUNCIONAMIENTO DEL REGISTRO; ORDENAMIENTO; HABILITACION Y FUNCIONAMIENTO; EVALUACION DEL IMPACTO AMBIENTAL; RESPONSABILIDAD SOLIDARIA; PROHIBICIONES; SANCIONES.","('0161-D-2009', 1)":null},"Palabra Clave":{"('0161-D-2009', 0)":" ","('0161-D-2009', 1)":null}}