{"Tipo de Proyecto":{"('0162-D-2009', 0)":"PROYECTO DE LEY","('0162-D-2009', 1)":null},"Iniciado en: ":{"('0162-D-2009', 0)":"Diputados","('0162-D-2009', 1)":null},"Expediente Diputados: ":{"('0162-D-2009', 0)":"0162-D-2009","('0162-D-2009', 1)":null},"Publicado en: ":{"('0162-D-2009', 0)":"Tr\u00e1mite Parlamentario N\u00b0 1","('0162-D-2009', 1)":null},"Fecha: ":{"('0162-D-2009', 0)":"02\/03\/2009","('0162-D-2009', 1)":null},"T\u00edtulo":{"('0162-D-2009', 0)":"INCENTIVO PARA EL REAPROVECHAMIENTO Y RECICLAJE DE LOS RESIDUOS SOLIDOS NO PELIGROSOS (REPRODUCCION DEL EXPEDIENTE 0116-D-07).","('0162-D-2009', 1)":null},"('Firmantes', 'FIRMANTE')":{"('0162-D-2009', 0)":"GUTIERREZ, GRACIELA BEATRIZ","('0162-D-2009', 1)":null},"('Firmantes', 'DISTRITO')":{"('0162-D-2009', 0)":"SANTA CRUZ","('0162-D-2009', 1)":null},"('Firmantes', 'BLOQUE')":{"('0162-D-2009', 0)":"FRENTE PARA LA VICTORIA - PJ","('0162-D-2009', 1)":null},"('Giros', 'COMISI\u00d3N')":{"('0162-D-2009', 0)":"RECURSOS NATURALES Y CONSERVACION DEL AMBIENTE HUMANO","('0162-D-2009', 1)":"ASUNTOS MUNICIPALES"},"Sumario":{"('0162-D-2009', 0)":"INCORPORACION DE MUNICIPIOS AL PROGRAMA DE RECICLAJE Y RECUPERACION; RESIDUOS EXCLUIDOS; PLAN DE APROVECHAMIENTO; COLABORACION; ORDENAMIENTO.","('0162-D-2009', 1)":null},"Palabra Clave":{"('0162-D-2009', 0)":" ","('0162-D-2009', 1)":null}}