{"Tipo de Proyecto":{"('0163-D-2009', 0)":"PROYECTO DE LEY"},"Iniciado en: ":{"('0163-D-2009', 0)":"Diputados"},"Expediente Diputados: ":{"('0163-D-2009', 0)":"0163-D-2009"},"Publicado en: ":{"('0163-D-2009', 0)":"Tr\u00e1mite Parlamentario N\u00b0 1"},"Fecha: ":{"('0163-D-2009', 0)":"02\/03\/2009"},"T\u00edtulo":{"('0163-D-2009', 0)":"COMISION DE DELITOS CON ARMAS DE FUEGO, NEGACION DE LA EXCARCELACION (REPRODUCCION DEL EXPEDIENTE 0231-D-07)."},"('Firmantes', 'FIRMANTE')":{"('0163-D-2009', 0)":"GUTIERREZ, GRACIELA BEATRIZ"},"('Firmantes', 'DISTRITO')":{"('0163-D-2009', 0)":"SANTA CRUZ"},"('Firmantes', 'BLOQUE')":{"('0163-D-2009', 0)":"FRENTE PARA LA VICTORIA - PJ"},"('Giros', 'COMISI\u00d3N')":{"('0163-D-2009', 0)":"LEGISLACION PENAL"},"Palabra Clave":{"('0163-D-2009', 0)":" "}}