{"Tipo de Proyecto":{"('0163-S-2009', 0)":"COMUNICACION"},"Iniciado en: ":{"('0163-S-2009', 0)":"Senado"},"Expediente Senado: ":{"('0163-S-2009', 0)":"0163-S-2009"},"Publicado en: ":{"('0163-S-2009', 0)":"Diario de Asuntos Entrados N\u00b0 9"},"Fecha: ":{"('0163-S-2009', 0)":"03\/03\/2009"},"T\u00edtulo":{"('0163-S-2009', 0)":"PEDIDO DE INFORMES AL PODER EJECUTIVO SOBRE LAS MEDIDAS QUE SE ESTAN EVALUANDO Y ESTUDIANDO PARA ATENUAR Y\/O RESOLVER LA CRISIS QUE AFECTA A LA INDUSTRIA METALMECANICA."},"('Firmantes', 'FIRMANTE')":{"('0163-S-2009', 0)":"ROSSI, CARLOS ALBERTO"},"('Firmantes', 'DISTRITO')":{"('0163-S-2009', 0)":"CORDOBA"},"('Firmantes', 'BLOQUE')":{"('0163-S-2009', 0)":"VECINALISTA - PARTIDO NUEVO"},"Link":{"('0163-S-2009', 0)":"http:\/\/www.senado.gov.ar\/parlamentario\/comisiones\/verExp\/163.09\/S\/PC"},"Palabra Clave":{"('0163-S-2009', 0)":" "}}