{"Tipo de Proyecto":{"('0164-S-2009', 0)":"COMUNICACION"},"Iniciado en: ":{"('0164-S-2009', 0)":"Senado"},"Expediente Senado: ":{"('0164-S-2009', 0)":"0164-S-2009"},"Publicado en: ":{"('0164-S-2009', 0)":"Diario de Asuntos Entrados N\u00b0 9"},"Fecha: ":{"('0164-S-2009', 0)":"03\/03\/2009"},"T\u00edtulo":{"('0164-S-2009', 0)":"PEDIDO DE INFORMES AL PODER EJECUTIVO SOBRE SI ES CIERTA LA VERSION QUE INDICA QUE SERIA TRASLADADO EL ARCHIVO DEL MUSEO DEL INMIGRANTE."},"('Firmantes', 'FIRMANTE')":{"('0164-S-2009', 0)":"ROSSI, CARLOS ALBERTO"},"('Firmantes', 'DISTRITO')":{"('0164-S-2009', 0)":"CORDOBA"},"('Firmantes', 'BLOQUE')":{"('0164-S-2009', 0)":"VECINALISTA - PARTIDO NUEVO"},"Link":{"('0164-S-2009', 0)":"http:\/\/www.senado.gov.ar\/parlamentario\/comisiones\/verExp\/164.09\/S\/PC"},"Palabra Clave":{"('0164-S-2009', 0)":" "}}