{"Tipo de Proyecto":{"('0164-D-2009', 0)":"PROYECTO DE LEY","('0164-D-2009', 1)":null},"Iniciado en: ":{"('0164-D-2009', 0)":"Diputados","('0164-D-2009', 1)":null},"Expediente Diputados: ":{"('0164-D-2009', 0)":"0164-D-2009","('0164-D-2009', 1)":null},"Publicado en: ":{"('0164-D-2009', 0)":"Tr\u00e1mite Parlamentario N\u00b0 1","('0164-D-2009', 1)":null},"Fecha: ":{"('0164-D-2009', 0)":"02\/03\/2009","('0164-D-2009', 1)":null},"T\u00edtulo":{"('0164-D-2009', 0)":"TRANSPORTE AUTOMOTOR DE PASAJEROS: INCLUSION EN LOS BOLETOS DE UN TELEFONO DE URGENCIA JUNTO CON LOS DATOS FILIATORIOS DEL USUARIO (REPRODUCCION DEL EXPEDIENTE 0779-D-07).","('0164-D-2009', 1)":null},"('Firmantes', 'FIRMANTE')":{"('0164-D-2009', 0)":"GUTIERREZ, GRACIELA BEATRIZ","('0164-D-2009', 1)":null},"('Firmantes', 'DISTRITO')":{"('0164-D-2009', 0)":"SANTA CRUZ","('0164-D-2009', 1)":null},"('Firmantes', 'BLOQUE')":{"('0164-D-2009', 0)":"FRENTE PARA LA VICTORIA - PJ","('0164-D-2009', 1)":null},"('Giros', 'COMISI\u00d3N')":{"('0164-D-2009', 0)":"TRANSPORTES","('0164-D-2009', 1)":"DEFENSA DEL CONSUMIDOR"},"Palabra Clave":{"('0164-D-2009', 0)":" ","('0164-D-2009', 1)":null}}