{"Tipo de Proyecto":{"('0165-D-2009', 0)":"PROYECTO DE LEY","('0165-D-2009', 1)":null},"Iniciado en: ":{"('0165-D-2009', 0)":"Diputados","('0165-D-2009', 1)":null},"Expediente Diputados: ":{"('0165-D-2009', 0)":"0165-D-2009","('0165-D-2009', 1)":null},"Publicado en: ":{"('0165-D-2009', 0)":"Tr\u00e1mite Parlamentario N\u00b0 1","('0165-D-2009', 1)":null},"Fecha: ":{"('0165-D-2009', 0)":"02\/03\/2009","('0165-D-2009', 1)":null},"T\u00edtulo":{"('0165-D-2009', 0)":"TRANSPORTE AUTOMOTOR DE PASAJEROS: IMPRESION EN LOS PASAJES DE LOS DERECHOS DEL USUARIO (REPRODUCCION DEL EXPEDIENTE 0780-D-07).","('0165-D-2009', 1)":null},"('Firmantes', 'FIRMANTE')":{"('0165-D-2009', 0)":"GUTIERREZ, GRACIELA BEATRIZ","('0165-D-2009', 1)":null},"('Firmantes', 'DISTRITO')":{"('0165-D-2009', 0)":"SANTA CRUZ","('0165-D-2009', 1)":null},"('Firmantes', 'BLOQUE')":{"('0165-D-2009', 0)":"FRENTE PARA LA VICTORIA - PJ","('0165-D-2009', 1)":null},"('Giros', 'COMISI\u00d3N')":{"('0165-D-2009', 0)":"TRANSPORTES","('0165-D-2009', 1)":"DEFENSA DEL CONSUMIDOR"},"Palabra Clave":{"('0165-D-2009', 0)":" ","('0165-D-2009', 1)":null}}