{"Tipo de Proyecto":{"('0166-D-2009', 0)":"PROYECTO DE LEY","('0166-D-2009', 1)":null,"('0166-D-2009', 2)":null},"Iniciado en: ":{"('0166-D-2009', 0)":"Diputados","('0166-D-2009', 1)":null,"('0166-D-2009', 2)":null},"Expediente Diputados: ":{"('0166-D-2009', 0)":"0166-D-2009","('0166-D-2009', 1)":null,"('0166-D-2009', 2)":null},"Publicado en: ":{"('0166-D-2009', 0)":"Tr\u00e1mite Parlamentario N\u00b0 1","('0166-D-2009', 1)":null,"('0166-D-2009', 2)":null},"Fecha: ":{"('0166-D-2009', 0)":"02\/03\/2009","('0166-D-2009', 1)":null,"('0166-D-2009', 2)":null},"T\u00edtulo":{"('0166-D-2009', 0)":"PRESUPUESTOS MINIMOS AMBIENTALES, LEY 25675: MODIFICACIONES, SOBRE POLITICAS AMBIENTALES (REPRODUCCION DEL EXPEDIENTE 0033-D-07).","('0166-D-2009', 1)":null,"('0166-D-2009', 2)":null},"('Firmantes', 'FIRMANTE')":{"('0166-D-2009', 0)":"COMELLI, ALICIA MARCELA","('0166-D-2009', 1)":null,"('0166-D-2009', 2)":null},"('Firmantes', 'DISTRITO')":{"('0166-D-2009', 0)":"NEUQUEN","('0166-D-2009', 1)":null,"('0166-D-2009', 2)":null},"('Firmantes', 'BLOQUE')":{"('0166-D-2009', 0)":"MOV POP NEUQUINO","('0166-D-2009', 1)":null,"('0166-D-2009', 2)":null},"('Giros', 'COMISI\u00d3N')":{"('0166-D-2009', 0)":"RECURSOS NATURALES Y CONSERVACION DEL AMBIENTE HUMANO","('0166-D-2009', 1)":"PRESUPUESTO Y HACIENDA","('0166-D-2009', 2)":null},"('Tramites', 'C\u00c1MARA')":{"('0166-D-2009', 0)":"Diputados","('0166-D-2009', 1)":"Diputados","('0166-D-2009', 2)":"Diputados"},"('Tramites', 'MOVIMIENTO')":{"('0166-D-2009', 0)":"MOCION DE PREFERENCIA PARA LA PROXIMA SESION CON DICTAMEN (AFIRMATIVA)","('0166-D-2009', 1)":"MOCION DE PREFERENCIA PARA LA PROXIMA SESION CON DICTAMEN (AFIRMATIVA)","('0166-D-2009', 2)":"REPRODUCIDO POR EXPEDIENTE 0031-D-11"},"('Tramites', 'FECHA')":{"('0166-D-2009', 0)":"09\/06\/2010","('0166-D-2009', 1)":"23\/06\/2010","('0166-D-2009', 2)":null},"('Tramites', 'RESULTADO')":{"('0166-D-2009', 0)":null,"('0166-D-2009', 1)":null,"('0166-D-2009', 2)":null},"Sumario":{"('0166-D-2009', 0)":"MODIFICACION DE LA DENOMINACION POR LA DE \"LEY GENERAL DEL AMBIENTE Y DE PRESUPUESTOS MINIMOS DE PROTECCION\"; MODIFICACION DE LOS ARTICULOS 1, 2 Y 3; INCORPORACION DE LOS ARTICULOS 31 BIS Y 34 BIS; INVITACION A LAS PROVINCIAS Y A LA CIUDAD AUTONOMA DE BUENOS AIRES A ADHERIR A LOS ARTICULOS 2, 4, 5, 8, 9, 10, 11, 12, 13, 16, 19, 20, 21, 26 Y 33.","('0166-D-2009', 1)":null,"('0166-D-2009', 2)":null},"Palabra Clave":{"('0166-D-2009', 0)":" ","('0166-D-2009', 1)":null,"('0166-D-2009', 2)":null}}