{"Tipo de Proyecto":{"('0166-S-2009', 0)":"PROYECTO DE LEY"},"Iniciado en: ":{"('0166-S-2009', 0)":"Senado"},"Expediente Senado: ":{"('0166-S-2009', 0)":"0166-S-2009"},"Publicado en: ":{"('0166-S-2009', 0)":"Diario de Asuntos Entrados N\u00b0 9"},"Fecha: ":{"('0166-S-2009', 0)":"03\/03\/2009"},"T\u00edtulo":{"('0166-S-2009', 0)":"PROHIBICION DE LA VENTA O SUMINISTRO A CUALQUIER TITULO, DE PEGAMENTOS QUE CONTENGAN TOLUENO O SUS DERIVADOS A MENORES DE DIECIOCHO (18) A\u00d1OS DE EDAD (REPRODUCCION DEL EXPEDIENTE 0214-S-07)."},"('Firmantes', 'FIRMANTE')":{"('0166-S-2009', 0)":"PETCOFF NAIDENOFF, LUIS CARLOS"},"('Firmantes', 'DISTRITO')":{"('0166-S-2009', 0)":"FORMOSA"},"('Firmantes', 'BLOQUE')":{"('0166-S-2009', 0)":"UCR"},"Sumario":{"('0166-S-2009', 0)":"ROTULO; OBLIGACIONES DE LOS COMERCIANTES; SANCIONES; DESTINO DE LO RECAUDADO EN CONCEPTO DE MULTAS; INCLUSION EN LOS CONTENIDOS CURRICULARES DE TODOS LOS NIVELES, CICLOS Y MODALIDADES, DE TEMAS VINCULADOS A LA PREVENCION DE LAS ADICCIONES Y EL EFECTO NOCIVO DEL CONSUMO DE SUSTANCIAS TOXICAS; DIFUSION; INVITACION A LAS PROVINCIAS A ADHERIR A LA PRESENTE NORMA; AUTORIDAD DE APLICACION: SECRETARIA DE COMERCIO INTERIOR; ENTRADA EN VIGENCIA."},"Palabra Clave":{"('0166-S-2009', 0)":" "}}