{"Tipo de Proyecto":{"('0167-D-2009', 0)":"PROYECTO DE LEY","('0167-D-2009', 1)":null},"Iniciado en: ":{"('0167-D-2009', 0)":"Diputados","('0167-D-2009', 1)":null},"Expediente Diputados: ":{"('0167-D-2009', 0)":"0167-D-2009","('0167-D-2009', 1)":null},"Publicado en: ":{"('0167-D-2009', 0)":"Tr\u00e1mite Parlamentario N\u00b0 1","('0167-D-2009', 1)":null},"Fecha: ":{"('0167-D-2009', 0)":"02\/03\/2009","('0167-D-2009', 1)":null},"T\u00edtulo":{"('0167-D-2009', 0)":"FONDO NACIONAL DE INCENTIVO DOCENTE, LEY 25053: MODIFICACION DEL ARTICULO 13 (RECURSOS), DEROGACION DEL ARTICULO 1 DEL DECRETO REGLAMENTARIO 878\/99 (REPRODUCCION DEL EXPEDIENTE 0064-D-07).","('0167-D-2009', 1)":null},"('Firmantes', 'FIRMANTE')":{"('0167-D-2009', 0)":"COMELLI, ALICIA MARCELA","('0167-D-2009', 1)":null},"('Firmantes', 'DISTRITO')":{"('0167-D-2009', 0)":"NEUQUEN","('0167-D-2009', 1)":null},"('Firmantes', 'BLOQUE')":{"('0167-D-2009', 0)":"MOV POP NEUQUINO","('0167-D-2009', 1)":null},"('Giros', 'COMISI\u00d3N')":{"('0167-D-2009', 0)":"EDUCACION","('0167-D-2009', 1)":"PRESUPUESTO Y HACIENDA"},"('Tramites', 'C\u00c1MARA')":{"('0167-D-2009', 0)":"Diputados","('0167-D-2009', 1)":null},"('Tramites', 'MOVIMIENTO')":{"('0167-D-2009', 0)":"REPRODUCIDO POR EXPEDIENTE 0032-D-11","('0167-D-2009', 1)":null},"('Tramites', 'FECHA')":{"('0167-D-2009', 0)":null,"('0167-D-2009', 1)":null},"('Tramites', 'RESULTADO')":{"('0167-D-2009', 0)":null,"('0167-D-2009', 1)":null},"Palabra Clave":{"('0167-D-2009', 0)":" ","('0167-D-2009', 1)":null}}