{"Tipo de Proyecto":{"('0168-S-2009', 0)":"PROYECTO DE DECLARACI\u00d3N","('0168-S-2009', 1)":null},"Iniciado en: ":{"('0168-S-2009', 0)":"Senado","('0168-S-2009', 1)":null},"Expediente Senado: ":{"('0168-S-2009', 0)":"0168-S-2009","('0168-S-2009', 1)":null},"Publicado en: ":{"('0168-S-2009', 0)":"Diario de Asuntos Entrados N\u00b0 10","('0168-S-2009', 1)":null},"Fecha: ":{"('0168-S-2009', 0)":"03\/03\/2009","('0168-S-2009', 1)":null},"T\u00edtulo":{"('0168-S-2009', 0)":"DECLARAR DE INTERES NACIONAL LOS FESTEJOS A REALIZARSE DURANTE 2009 POR PARTE DEL CENTRO DE DEFENSA COMERCIAL E INDUSTRIAL DE GUALEGUAYCHU, PROVINCIA DE ENTRE RIOS, CON MOTIVO DE CUMPLIR SUS 110 A\u00d1OS.","('0168-S-2009', 1)":null},"('Firmantes', 'FIRMANTE')":{"('0168-S-2009', 0)":"GUASTAVINO, PEDRO GUILLERMO ANGEL","('0168-S-2009', 1)":null},"('Firmantes', 'DISTRITO')":{"('0168-S-2009', 0)":"ENTRE RIOS","('0168-S-2009', 1)":null},"('Firmantes', 'BLOQUE')":{"('0168-S-2009', 0)":"FRENTE PARA LA VICTORIA - PJ","('0168-S-2009', 1)":null},"('Tramites', 'C\u00c1MARA')":{"('0168-S-2009', 0)":"Senado","('0168-S-2009', 1)":"Senado"},"('Tramites', 'MOVIMIENTO')":{"('0168-S-2009', 0)":"MOCION SOBRE TABLAS (AFIRMATIVA)","('0168-S-2009', 1)":"CONSIDERACION Y APROBACION"},"('Tramites', 'FECHA')":{"('0168-S-2009', 0)":"13\/05\/2009","('0168-S-2009', 1)":"13\/05\/2009"},"('Tramites', 'RESULTADO')":{"('0168-S-2009', 0)":null,"('0168-S-2009', 1)":"APROBADO"},"Link":{"('0168-S-2009', 0)":"http:\/\/www.senado.gov.ar\/parlamentario\/comisiones\/verExp\/168.09\/S\/PD","('0168-S-2009', 1)":null},"Palabra Clave":{"('0168-S-2009', 0)":" ","('0168-S-2009', 1)":null}}