{"Tipo de Proyecto":{"('0168-D-2009', 0)":"PROYECTO DE LEY","('0168-D-2009', 1)":null},"Iniciado en: ":{"('0168-D-2009', 0)":"Diputados","('0168-D-2009', 1)":null},"Expediente Diputados: ":{"('0168-D-2009', 0)":"0168-D-2009","('0168-D-2009', 1)":null},"Publicado en: ":{"('0168-D-2009', 0)":"Tr\u00e1mite Parlamentario N\u00b0 1","('0168-D-2009', 1)":null},"Fecha: ":{"('0168-D-2009', 0)":"02\/03\/2009","('0168-D-2009', 1)":null},"T\u00edtulo":{"('0168-D-2009', 0)":"REGIMEN DE PROTECCION INTEGRAL CONTRA LA VIOLENCIA DE GENERO, MODIFICACION DEL CODIGO PENAL EN SUS ARTICULOS 149 BIS Y 281 BIS E INCORPORACION DE LOS ARTICULOS 150 BIS, 158 BIS Y 158 TER (REPRODUCCION DEL EXPEDIENTE 0065-D-07).","('0168-D-2009', 1)":null},"('Firmantes', 'FIRMANTE')":{"('0168-D-2009', 0)":"COMELLI, ALICIA MARCELA","('0168-D-2009', 1)":null},"('Firmantes', 'DISTRITO')":{"('0168-D-2009', 0)":"NEUQUEN","('0168-D-2009', 1)":null},"('Firmantes', 'BLOQUE')":{"('0168-D-2009', 0)":"MOV POP NEUQUINO","('0168-D-2009', 1)":null},"('Giros', 'COMISI\u00d3N')":{"('0168-D-2009', 0)":"DERECHOS HUMANOS Y GARANTIAS","('0168-D-2009', 1)":"LEGISLACION PENAL"},"Sumario":{"('0168-D-2009', 0)":"ENCUADRE DENTRO DEL ARTICULO 75, INCISO 23) DE LA CONSTITUCION NACIONAL; OBJETO; FINES; DERECHOS DE LOS PROTAGONISTAS DE VIOLENCIA DE GENERO; TUTELA INSTITUCIONAL DE LAS VICTIMAS; ESTABLECIMIENTO DE POLICIA ESPECIALIZADA; TUTELA JURISDICCIONAL; MEDIDAS, SANCIONES Y DELITOS; AUTORIDADES DE APLICACION: MINISTERIO DE JUSTICIA Y DERECHOS HUMANOS, Y MINISTERIO DE TRABAJO Y SEGURIDAD SOCIAL; CREACION DEL REGISTRO NACIONAL DE VIOLENCIA DE GENERO (RENAVIG); DEROGACION DE LA LEY 24417 Y DE TODA OTRA NORMA QUE SE OPONGA A LA PRESENTE; INVITACION A LAS PROVINCIAS Y A LA CABA A ADHERIR.","('0168-D-2009', 1)":null},"Palabra Clave":{"('0168-D-2009', 0)":" ","('0168-D-2009', 1)":null}}