{"Tipo de Proyecto":{"('0169-S-2009', 0)":"PROYECTO DE LEY"},"Iniciado en: ":{"('0169-S-2009', 0)":"Senado"},"Expediente Senado: ":{"('0169-S-2009', 0)":"0169-S-2009"},"Publicado en: ":{"('0169-S-2009', 0)":"Diario de Asuntos Entrados N\u00b0 10"},"Fecha: ":{"('0169-S-2009', 0)":"03\/03\/2009"},"T\u00edtulo":{"('0169-S-2009', 0)":"PRORROGA HASTA EL 31 DE DICIEMBRE DE 2011 LA VIGENCIA DE LA LEY 20628, DE IMPUESTO A LAS GANANCIAS, T.O. 1997 Y SUS MODIFICACIONES, Y DE LA VIGENCIA DEL TITULO VI DE LA LEY 23966, DE IMPUESTO SOBRE LOS BIENES PERSONALES, T.O. 1997 Y SUS MODIFICACIONES."},"('Firmantes', 'FIRMANTE')":{"('0169-S-2009', 0)":"GUASTAVINO, PEDRO GUILLERMO ANGEL"},"('Firmantes', 'DISTRITO')":{"('0169-S-2009', 0)":"ENTRE RIOS"},"('Firmantes', 'BLOQUE')":{"('0169-S-2009', 0)":"FRENTE PARA LA VICTORIA - PJ"},"Link":{"('0169-S-2009', 0)":"http:\/\/www.senado.gov.ar\/parlamentario\/comisiones\/verExp\/169.09\/S\/PL"},"Palabra Clave":{"('0169-S-2009', 0)":" "}}