{"Tipo de Proyecto":{"('0169-D-2009', 0)":"PROYECTO DE LEY","('0169-D-2009', 1)":null},"Iniciado en: ":{"('0169-D-2009', 0)":"Diputados","('0169-D-2009', 1)":null},"Expediente Diputados: ":{"('0169-D-2009', 0)":"0169-D-2009","('0169-D-2009', 1)":null},"Publicado en: ":{"('0169-D-2009', 0)":"Tr\u00e1mite Parlamentario N\u00b0 1","('0169-D-2009', 1)":null},"Fecha: ":{"('0169-D-2009', 0)":"02\/03\/2009","('0169-D-2009', 1)":null},"T\u00edtulo":{"('0169-D-2009', 0)":"SERVICIOS PUBLICOS DE TELEFONIA FIJA Y MOVIL, COMPUTO COMO CREDITO EN LA FACTURACION TELEFONICA DE LAS DEMORAS EN CONTESTAR LAS CONSULTAS A LOS USUARIOS (REPRODUCCION DEL EXPEDIENTE 0066-D-07).","('0169-D-2009', 1)":null},"('Firmantes', 'FIRMANTE')":{"('0169-D-2009', 0)":"COMELLI, ALICIA MARCELA","('0169-D-2009', 1)":null},"('Firmantes', 'DISTRITO')":{"('0169-D-2009', 0)":"NEUQUEN","('0169-D-2009', 1)":null},"('Firmantes', 'BLOQUE')":{"('0169-D-2009', 0)":"MOV POP NEUQUINO","('0169-D-2009', 1)":null},"('Giros', 'COMISI\u00d3N')":{"('0169-D-2009', 0)":"COMUNICACIONES E INFORMATICA","('0169-D-2009', 1)":"DEFENSA DEL CONSUMIDOR"},"('Tramites', 'C\u00c1MARA')":{"('0169-D-2009', 0)":"Diputados","('0169-D-2009', 1)":null},"('Tramites', 'MOVIMIENTO')":{"('0169-D-2009', 0)":"REPRODUCIDO POR EXPEDIENTE 0033-D-11","('0169-D-2009', 1)":null},"('Tramites', 'FECHA')":{"('0169-D-2009', 0)":null,"('0169-D-2009', 1)":null},"('Tramites', 'RESULTADO')":{"('0169-D-2009', 0)":null,"('0169-D-2009', 1)":null},"Palabra Clave":{"('0169-D-2009', 0)":" ","('0169-D-2009', 1)":null}}