{"Tipo de Proyecto":{"('0171-D-2009', 0)":"PROYECTO DE LEY","('0171-D-2009', 1)":null},"Iniciado en: ":{"('0171-D-2009', 0)":"Diputados","('0171-D-2009', 1)":null},"Expediente Diputados: ":{"('0171-D-2009', 0)":"0171-D-2009","('0171-D-2009', 1)":null},"Publicado en: ":{"('0171-D-2009', 0)":"Tr\u00e1mite Parlamentario N\u00b0 1","('0171-D-2009', 1)":null},"Fecha: ":{"('0171-D-2009', 0)":"02\/03\/2009","('0171-D-2009', 1)":null},"T\u00edtulo":{"('0171-D-2009', 0)":"PROPIEDAD INTELECTUAL, LEY 11723: MODIFICACION DEL ARTICULO 36, SOBRE EL DERECHO EXCLUSIVO DE LOS AUTORES PARA AUTORIZAR LA REPRESENTACION Y LA EJECUCION PUBLICA DE LAS OBRAS; DEROGACION DEL ARTICULO 33 DEL DECRETO 41233\/34 (REPRODUCCION DEL EXPEDIENTE 0068-D-07).","('0171-D-2009', 1)":null},"('Firmantes', 'FIRMANTE')":{"('0171-D-2009', 0)":"COMELLI, ALICIA MARCELA","('0171-D-2009', 1)":null},"('Firmantes', 'DISTRITO')":{"('0171-D-2009', 0)":"NEUQUEN","('0171-D-2009', 1)":null},"('Firmantes', 'BLOQUE')":{"('0171-D-2009', 0)":"MOV POP NEUQUINO","('0171-D-2009', 1)":null},"('Giros', 'COMISI\u00d3N')":{"('0171-D-2009', 0)":"LEGISLACION GENERAL","('0171-D-2009', 1)":"CULTURA"},"('Tramites', 'C\u00c1MARA')":{"('0171-D-2009', 0)":"Diputados","('0171-D-2009', 1)":null},"('Tramites', 'MOVIMIENTO')":{"('0171-D-2009', 0)":"REPRODUCIDO POR EXPEDIENTE 0035-D-11","('0171-D-2009', 1)":null},"('Tramites', 'FECHA')":{"('0171-D-2009', 0)":null,"('0171-D-2009', 1)":null},"('Tramites', 'RESULTADO')":{"('0171-D-2009', 0)":null,"('0171-D-2009', 1)":null},"Palabra Clave":{"('0171-D-2009', 0)":" ","('0171-D-2009', 1)":null}}