{"Tipo de Proyecto":{"('0172-S-2009', 0)":"COMUNICACION"},"Iniciado en: ":{"('0172-S-2009', 0)":"Senado"},"Expediente Senado: ":{"('0172-S-2009', 0)":"0172-S-2009"},"Publicado en: ":{"('0172-S-2009', 0)":"Diario de Asuntos Entrados N\u00b0 10"},"Fecha: ":{"('0172-S-2009', 0)":"03\/03\/2009"},"T\u00edtulo":{"('0172-S-2009', 0)":"SOLICITAR AL PODER EJECUTIVO DISPONGA LAS MEDIDAS CONDUCENTES A IMPULSAR LA FORMALIZACION DE ACUERDOS PREVISTOS POR EL ARTICULO 75, INCISO 2), SEGUNDO PARRAFO DE LA CONSTITUCION NACIONAL QUE, UNA VEZ CONCLUIDOS, PERMITAN AL H. SENADO EL TRATAMIENTO DE UNA NUEVA LEY DE COPARTICIPACION FEDERAL."},"('Firmantes', 'FIRMANTE')":{"('0172-S-2009', 0)":"GONZALEZ DE DUHALDE, HILDA"},"('Firmantes', 'DISTRITO')":{"('0172-S-2009', 0)":"BUENOS AIRES"},"('Firmantes', 'BLOQUE')":{"('0172-S-2009', 0)":"JUSTICIALISTA DIALOG AR"},"Link":{"('0172-S-2009', 0)":"http:\/\/www.senado.gov.ar\/parlamentario\/comisiones\/verExp\/172.09\/S\/PC"},"Palabra Clave":{"('0172-S-2009', 0)":" "}}