{"Tipo de Proyecto":{"('0175-S-2009', 0)":"PROYECTO DE RESOLUCI\u00d3N","('0175-S-2009', 1)":null,"('0175-S-2009', 2)":null,"('0175-S-2009', 3)":null},"Iniciado en: ":{"('0175-S-2009', 0)":"Senado","('0175-S-2009', 1)":null,"('0175-S-2009', 2)":null,"('0175-S-2009', 3)":null},"Expediente Diputados: ":{"('0175-S-2009', 0)":"0175-S-2009","('0175-S-2009', 1)":null,"('0175-S-2009', 2)":null,"('0175-S-2009', 3)":null},"Expediente Senado: ":{"('0175-S-2009', 0)":"0402-OV-2008","('0175-S-2009', 1)":null,"('0175-S-2009', 2)":null,"('0175-S-2009', 3)":null},"Fecha: ":{"('0175-S-2009', 0)":"16\/06\/2009","('0175-S-2009', 1)":null,"('0175-S-2009', 2)":null,"('0175-S-2009', 3)":null},"T\u00edtulo":{"('0175-S-2009', 0)":"PEDIDO DE INFORMES AL PODER EJECUTIVO SOBRE RESOLUCION REMITIDA POR LA AUDITORIA GENERAL DE LA NACION APROBANDO LOS INFORMES DE AUDITORIA REALIZADOS EN EL AMBITO DE LA PROVINCIA DE LA PAMPA SOBRE EL EXAMEN DE LOS FONDOS FEDERALES POR TRANSFERENCIAS EFECTUADAS DURANTE EL EJERCICIO 2005, CORRESPONDIENTES A LOS PROGRAMAS \"POLITICAS SOCIALES COMUNITARIAS\" (POSOCO), \"PROGRAMA SOCIAL NUTRICIONAL\" (PROSONU) Y \"PLAN NACIONAL DE SEGURIDAD ALIMENTARIA\" (PNA).","('0175-S-2009', 1)":null,"('0175-S-2009', 2)":null,"('0175-S-2009', 3)":null},"('Firmantes', 'FIRMANTE')":{"('0175-S-2009', 0)":"PARLAMENTARIA MIXTA REVISORA DE CUENTAS","('0175-S-2009', 1)":null,"('0175-S-2009', 2)":null,"('0175-S-2009', 3)":null},"('Firmantes', 'DISTRITO')":{"('0175-S-2009', 0)":null,"('0175-S-2009', 1)":null,"('0175-S-2009', 2)":null,"('0175-S-2009', 3)":null},"('Firmantes', 'BLOQUE')":{"('0175-S-2009', 0)":null,"('0175-S-2009', 1)":null,"('0175-S-2009', 2)":null,"('0175-S-2009', 3)":null},"('Giros', 'COMISI\u00d3N')":{"('0175-S-2009', 0)":"PARLAMENTARIA MIXTA REVISORA DE CUENTAS","('0175-S-2009', 1)":null,"('0175-S-2009', 2)":null,"('0175-S-2009', 3)":null},"('Tramites', 'C\u00c1MARA')":{"('0175-S-2009', 0)":"Senado","('0175-S-2009', 1)":"Diputados","('0175-S-2009', 2)":"Diputados","('0175-S-2009', 3)":"Diputados"},"('Tramites', 'MOVIMIENTO')":{"('0175-S-2009', 0)":"CONSIDERACION Y APROBACION","('0175-S-2009', 1)":"PASA A DIPUTADOS -","('0175-S-2009', 2)":"CONSIDERACION Y APROBACION","('0175-S-2009', 3)":"CONTESTACION DEL PODER EJECUTIVO NACIONAL - GIRADO A LA COMISION RESPECTIVA"},"('Tramites', 'FECHA')":{"('0175-S-2009', 0)":"02\/12\/2009","('0175-S-2009', 1)":null,"('0175-S-2009', 2)":"12\/05\/2010","('0175-S-2009', 3)":"03\/09\/2014"},"('Tramites', 'RESULTADO')":{"('0175-S-2009', 0)":"APROBADO","('0175-S-2009', 1)":null,"('0175-S-2009', 2)":"APROBADO","('0175-S-2009', 3)":null},"Link":{"('0175-S-2009', 0)":"http:\/\/www.senado.gov.ar\/parlamentario\/comisiones\/verExp\/402.08\/OV\/PR","('0175-S-2009', 1)":null,"('0175-S-2009', 2)":null,"('0175-S-2009', 3)":null},"Palabra Clave":{"('0175-S-2009', 0)":" ","('0175-S-2009', 1)":null,"('0175-S-2009', 2)":null,"('0175-S-2009', 3)":null}}