{"Tipo de Proyecto":{"('0175-OV-2009', 0)":"PROYECTO DE RESOLUCI\u00d3N"},"Iniciado en: ":{"('0175-OV-2009', 0)":"Senado"},"Expediente Senado: ":{"('0175-OV-2009', 0)":"0175-OV-2009"},"Fecha: ":{"('0175-OV-2009', 0)":"02\/09\/2010"},"T\u00edtulo":{"('0175-OV-2009', 0)":"RESOLUCIONES REMITIDAS POR LA AUDITORIA GENERAL DE LA NACION SOBRE LOS ESTADOS FINANCIEROS AL 31 DE DICIEMBRE DE 2008 DEL CONVENIO DE PRESTAMO BIRF 7474-AR (0175-OV-09) Y DEL PNUD ARG\/07\/007 (0176-OV-09) DEL PROYECTO DE DESARROLLO DE UN SISTEMA DE FORMACION CONTINUA."},"('Firmantes', 'FIRMANTE')":{"('0175-OV-2009', 0)":"PARLAMENTARIA MIXTA REVISORA DE CUENTAS"},"('Firmantes', 'DISTRITO')":{"('0175-OV-2009', 0)":null},"('Firmantes', 'BLOQUE')":{"('0175-OV-2009', 0)":null},"('Tramites', 'C\u00c1MARA')":{"('0175-OV-2009', 0)":"Senado"},"('Tramites', 'MOVIMIENTO')":{"('0175-OV-2009', 0)":"CONSIDERACION Y APROBACION (AL ARCHIVO)"},"('Tramites', 'FECHA')":{"('0175-OV-2009', 0)":"30\/03\/2011"},"('Tramites', 'RESULTADO')":{"('0175-OV-2009', 0)":"APROBADO"},"Sumario":{"('0175-OV-2009', 0)":"HABIENDO TOMADO CONOCIMIENTO, Y SIN PERJUICIO DE ULTERIORES MEDIDAS QUE PUEDAN ADOPTARSE, SE ACONSEJA SU REMISION AL ARCHIVO."},"Palabra Clave":{"('0175-OV-2009', 0)":" "}}