{"Tipo de Proyecto":{"('0176-D-2009', 0)":"PROYECTO DE LEY","('0176-D-2009', 1)":null},"Iniciado en: ":{"('0176-D-2009', 0)":"Diputados","('0176-D-2009', 1)":null},"Expediente Diputados: ":{"('0176-D-2009', 0)":"0176-D-2009","('0176-D-2009', 1)":null},"Publicado en: ":{"('0176-D-2009', 0)":"Tr\u00e1mite Parlamentario N\u00b0 1","('0176-D-2009', 1)":null},"Fecha: ":{"('0176-D-2009', 0)":"02\/03\/2009","('0176-D-2009', 1)":null},"T\u00edtulo":{"('0176-D-2009', 0)":"CREACION DE UN JUZGADO FEDERAL DE PRIMERA INSTANCIA CON COMPETENCIA EN MATERIA CRIMINAL Y CORRECCIONAL CON ASIENTO EN LA CIUDAD DE ZAPALA, PROVINCIA DEL NEUQUEN (REPRODUCCION DEL EXPEDIENTE 0289-D-07).","('0176-D-2009', 1)":null},"('Firmantes', 'FIRMANTE')":{"('0176-D-2009', 0)":"COMELLI, ALICIA MARCELA","('0176-D-2009', 1)":null},"('Firmantes', 'DISTRITO')":{"('0176-D-2009', 0)":"NEUQUEN","('0176-D-2009', 1)":null},"('Firmantes', 'BLOQUE')":{"('0176-D-2009', 0)":"MOV POP NEUQUINO","('0176-D-2009', 1)":null},"('Giros', 'COMISI\u00d3N')":{"('0176-D-2009', 0)":"JUSTICIA","('0176-D-2009', 1)":"PRESUPUESTO Y HACIENDA"},"('Tramites', 'C\u00c1MARA')":{"('0176-D-2009', 0)":"Diputados","('0176-D-2009', 1)":null},"('Tramites', 'MOVIMIENTO')":{"('0176-D-2009', 0)":"REPRODUCIDO POR EXPEDIENTE 0039-D-11","('0176-D-2009', 1)":null},"('Tramites', 'FECHA')":{"('0176-D-2009', 0)":null,"('0176-D-2009', 1)":null},"('Tramites', 'RESULTADO')":{"('0176-D-2009', 0)":null,"('0176-D-2009', 1)":null},"Palabra Clave":{"('0176-D-2009', 0)":" ","('0176-D-2009', 1)":null}}