{"Tipo de Proyecto":{"('0176-S-2009', 0)":"PROYECTO DE RESOLUCI\u00d3N","('0176-S-2009', 1)":null,"('0176-S-2009', 2)":null},"Iniciado en: ":{"('0176-S-2009', 0)":"Senado","('0176-S-2009', 1)":null,"('0176-S-2009', 2)":null},"Expediente Diputados: ":{"('0176-S-2009', 0)":"0176-S-2009","('0176-S-2009', 1)":null,"('0176-S-2009', 2)":null},"Expediente Senado: ":{"('0176-S-2009', 0)":"0429-OV-2008","('0176-S-2009', 1)":null,"('0176-S-2009', 2)":null},"Fecha: ":{"('0176-S-2009', 0)":"16\/06\/2009","('0176-S-2009', 1)":null,"('0176-S-2009', 2)":null},"T\u00edtulo":{"('0176-S-2009', 0)":"PEDIDO DE INFORMES AL PODER EJECUTIVO SOBRE RESOLUCION REMITIDA POR LA AUDITORIA GENERAL DE LA NACION APROBANDO EL INFORME REFERIDO A LA AUDITORIA DE GESTION SOBRE LA SECRETARIA DE ENERGIA EN EL MARCO DEL PROGRAMA DE POLITICAS ENERGETICAS Y SU SINTESIS.","('0176-S-2009', 1)":null,"('0176-S-2009', 2)":null},"('Firmantes', 'FIRMANTE')":{"('0176-S-2009', 0)":"PARLAMENTARIA MIXTA REVISORA DE CUENTAS","('0176-S-2009', 1)":null,"('0176-S-2009', 2)":null},"('Firmantes', 'DISTRITO')":{"('0176-S-2009', 0)":null,"('0176-S-2009', 1)":null,"('0176-S-2009', 2)":null},"('Firmantes', 'BLOQUE')":{"('0176-S-2009', 0)":null,"('0176-S-2009', 1)":null,"('0176-S-2009', 2)":null},"('Giros', 'COMISI\u00d3N')":{"('0176-S-2009', 0)":"PARLAMENTARIA MIXTA REVISORA DE CUENTAS","('0176-S-2009', 1)":null,"('0176-S-2009', 2)":null},"('Tramites', 'C\u00c1MARA')":{"('0176-S-2009', 0)":"Senado","('0176-S-2009', 1)":"Diputados","('0176-S-2009', 2)":"Diputados"},"('Tramites', 'MOVIMIENTO')":{"('0176-S-2009', 0)":"CONSIDERACION Y APROBACION","('0176-S-2009', 1)":"PASA A DIPUTADOS -","('0176-S-2009', 2)":"CONSIDERACION Y APROBACION"},"('Tramites', 'FECHA')":{"('0176-S-2009', 0)":"02\/12\/2009","('0176-S-2009', 1)":null,"('0176-S-2009', 2)":"12\/05\/2010"},"('Tramites', 'RESULTADO')":{"('0176-S-2009', 0)":"APROBADO","('0176-S-2009', 1)":null,"('0176-S-2009', 2)":"APROBADO"},"Link":{"('0176-S-2009', 0)":"http:\/\/www.senado.gov.ar\/parlamentario\/comisiones\/verExp\/429.08\/OV\/PR","('0176-S-2009', 1)":null,"('0176-S-2009', 2)":null},"Palabra Clave":{"('0176-S-2009', 0)":" ","('0176-S-2009', 1)":null,"('0176-S-2009', 2)":null}}