{"Tipo de Proyecto":{"('0177-S-2009', 0)":"PROYECTO DE RESOLUCI\u00d3N","('0177-S-2009', 1)":null,"('0177-S-2009', 2)":null,"('0177-S-2009', 3)":null},"Iniciado en: ":{"('0177-S-2009', 0)":"Senado","('0177-S-2009', 1)":null,"('0177-S-2009', 2)":null,"('0177-S-2009', 3)":null},"Expediente Diputados: ":{"('0177-S-2009', 0)":"0177-S-2009","('0177-S-2009', 1)":null,"('0177-S-2009', 2)":null,"('0177-S-2009', 3)":null},"Expediente Senado: ":{"('0177-S-2009', 0)":"0423-OV-2007","('0177-S-2009', 1)":null,"('0177-S-2009', 2)":null,"('0177-S-2009', 3)":null},"Fecha: ":{"('0177-S-2009', 0)":"16\/06\/2009","('0177-S-2009', 1)":null,"('0177-S-2009', 2)":null,"('0177-S-2009', 3)":null},"T\u00edtulo":{"('0177-S-2009', 0)":"PEDIDO DE INFORMES AL PODER EJECUTIVO SOBRE RESOLUCION REMITIDA POR LA AUDITORIA GENERAL DE LA NACION REFERENTE A PROCEDIMIENTOS DE CONTROL DEL CUMPLIMIENTO REGULATORIO POR PARTE DE LA COMISION NACIONAL DE VALORES.","('0177-S-2009', 1)":null,"('0177-S-2009', 2)":null,"('0177-S-2009', 3)":null},"('Firmantes', 'FIRMANTE')":{"('0177-S-2009', 0)":"PARLAMENTARIA MIXTA REVISORA DE CUENTAS","('0177-S-2009', 1)":null,"('0177-S-2009', 2)":null,"('0177-S-2009', 3)":null},"('Firmantes', 'DISTRITO')":{"('0177-S-2009', 0)":null,"('0177-S-2009', 1)":null,"('0177-S-2009', 2)":null,"('0177-S-2009', 3)":null},"('Firmantes', 'BLOQUE')":{"('0177-S-2009', 0)":null,"('0177-S-2009', 1)":null,"('0177-S-2009', 2)":null,"('0177-S-2009', 3)":null},"('Giros', 'COMISI\u00d3N')":{"('0177-S-2009', 0)":"PARLAMENTARIA MIXTA REVISORA DE CUENTAS","('0177-S-2009', 1)":null,"('0177-S-2009', 2)":null,"('0177-S-2009', 3)":null},"('Tramites', 'C\u00c1MARA')":{"('0177-S-2009', 0)":"Senado","('0177-S-2009', 1)":"Diputados","('0177-S-2009', 2)":"Diputados","('0177-S-2009', 3)":"Diputados"},"('Tramites', 'MOVIMIENTO')":{"('0177-S-2009', 0)":"CONSIDERACION Y APROBACION","('0177-S-2009', 1)":"PASA A DIPUTADOS -","('0177-S-2009', 2)":"CONSIDERACION Y APROBACION","('0177-S-2009', 3)":"CONTESTACION DEL PODER EJECUTIVO NACIONAL - JEFE DE GABINETE DE MINISTROS - GIRADO A LA COMISION RESPECTIVA"},"('Tramites', 'FECHA')":{"('0177-S-2009', 0)":"02\/12\/2009","('0177-S-2009', 1)":null,"('0177-S-2009', 2)":"12\/05\/2010","('0177-S-2009', 3)":"16\/03\/2011"},"('Tramites', 'RESULTADO')":{"('0177-S-2009', 0)":"APROBADO","('0177-S-2009', 1)":null,"('0177-S-2009', 2)":"APROBADO","('0177-S-2009', 3)":null},"Link":{"('0177-S-2009', 0)":"http:\/\/www.senado.gov.ar\/parlamentario\/comisiones\/verExp\/423.07\/OV\/PR","('0177-S-2009', 1)":null,"('0177-S-2009', 2)":null,"('0177-S-2009', 3)":null},"Palabra Clave":{"('0177-S-2009', 0)":" ","('0177-S-2009', 1)":null,"('0177-S-2009', 2)":null,"('0177-S-2009', 3)":null}}