{"Tipo de Proyecto":{"('0177-D-2009', 0)":"PROYECTO DE LEY","('0177-D-2009', 1)":null,"('0177-D-2009', 2)":null,"('0177-D-2009', 3)":null,"('0177-D-2009', 4)":null,"('0177-D-2009', 5)":null},"Iniciado en: ":{"('0177-D-2009', 0)":"Diputados","('0177-D-2009', 1)":null,"('0177-D-2009', 2)":null,"('0177-D-2009', 3)":null,"('0177-D-2009', 4)":null,"('0177-D-2009', 5)":null},"Expediente Diputados: ":{"('0177-D-2009', 0)":"0177-D-2009","('0177-D-2009', 1)":null,"('0177-D-2009', 2)":null,"('0177-D-2009', 3)":null,"('0177-D-2009', 4)":null,"('0177-D-2009', 5)":null},"Publicado en: ":{"('0177-D-2009', 0)":"Tr\u00e1mite Parlamentario N\u00b0 1","('0177-D-2009', 1)":null,"('0177-D-2009', 2)":null,"('0177-D-2009', 3)":null,"('0177-D-2009', 4)":null,"('0177-D-2009', 5)":null},"Fecha: ":{"('0177-D-2009', 0)":"02\/03\/2009","('0177-D-2009', 1)":null,"('0177-D-2009', 2)":null,"('0177-D-2009', 3)":null,"('0177-D-2009', 4)":null,"('0177-D-2009', 5)":null},"T\u00edtulo":{"('0177-D-2009', 0)":"DEFENSA DEL CONSUMIDOR, LEY 24240 Y MODIFICATORIAS: INCORPORACION DE LOS ARTICULOS 25 BIS Y 25 TER (PROHIBIR EL COBRO DE PRESTACIONES NO CONSUMIDAS Y CONTRATOS DE PRESTACION DE SERVICIOS PUBLICOS DE TELEFONIA MOVIL) (REPRODUCCION DEL EXPEDIENTE 1150-D-07).","('0177-D-2009', 1)":null,"('0177-D-2009', 2)":null,"('0177-D-2009', 3)":null,"('0177-D-2009', 4)":null,"('0177-D-2009', 5)":null},"('Firmantes', 'FIRMANTE')":{"('0177-D-2009', 0)":"COMELLI, ALICIA MARCELA","('0177-D-2009', 1)":null,"('0177-D-2009', 2)":null,"('0177-D-2009', 3)":null,"('0177-D-2009', 4)":null,"('0177-D-2009', 5)":null},"('Firmantes', 'DISTRITO')":{"('0177-D-2009', 0)":"NEUQUEN","('0177-D-2009', 1)":null,"('0177-D-2009', 2)":null,"('0177-D-2009', 3)":null,"('0177-D-2009', 4)":null,"('0177-D-2009', 5)":null},"('Firmantes', 'BLOQUE')":{"('0177-D-2009', 0)":"MOV POP NEUQUINO","('0177-D-2009', 1)":null,"('0177-D-2009', 2)":null,"('0177-D-2009', 3)":null,"('0177-D-2009', 4)":null,"('0177-D-2009', 5)":null},"('Giros', 'COMISI\u00d3N')":{"('0177-D-2009', 0)":"DEFENSA DEL CONSUMIDOR","('0177-D-2009', 1)":"COMUNICACIONES E INFORMATICA","('0177-D-2009', 2)":null,"('0177-D-2009', 3)":null,"('0177-D-2009', 4)":null,"('0177-D-2009', 5)":null},"('Tramites', 'C\u00c1MARA')":{"('0177-D-2009', 0)":"Diputados","('0177-D-2009', 1)":"Diputados","('0177-D-2009', 2)":"Diputados","('0177-D-2009', 3)":"Diputados","('0177-D-2009', 4)":"Diputados","('0177-D-2009', 5)":"Diputados"},"('Tramites', 'MOVIMIENTO')":{"('0177-D-2009', 0)":"MOCION DE PREFERENCIA PARA LA PROXIMA SESION CON DICTAMEN (AFIRMATIVA)","('0177-D-2009', 1)":"MOCION DE PREFERENCIA PARA LA PROXIMA SESION CON DICTAMEN (AFIRMATIVA)","('0177-D-2009', 2)":"MOCION DE PREFERENCIA PARA LA PROXIMA SESION CON DICTAMEN (AFIRMATIVA)","('0177-D-2009', 3)":"MOCION DE PREFERENCIA PARA LA PROXIMA SESION CON DICTAMEN (AFIRMATIVA)","('0177-D-2009', 4)":"MOCION DE PREFERENCIA PARA LA PROXIMA SESION CON DICTAMEN (AFIRMATIVA)","('0177-D-2009', 5)":"REPRODUCIDO POR EXPEDIENTE 3187-D-12"},"('Tramites', 'FECHA')":{"('0177-D-2009', 0)":"30\/06\/2010","('0177-D-2009', 1)":"14\/07\/2010","('0177-D-2009', 2)":"04\/08\/2010","('0177-D-2009', 3)":"11\/08\/2010","('0177-D-2009', 4)":"18\/08\/2010","('0177-D-2009', 5)":null},"('Tramites', 'RESULTADO')":{"('0177-D-2009', 0)":null,"('0177-D-2009', 1)":null,"('0177-D-2009', 2)":null,"('0177-D-2009', 3)":null,"('0177-D-2009', 4)":null,"('0177-D-2009', 5)":null},"Palabra Clave":{"('0177-D-2009', 0)":" ","('0177-D-2009', 1)":null,"('0177-D-2009', 2)":null,"('0177-D-2009', 3)":null,"('0177-D-2009', 4)":null,"('0177-D-2009', 5)":null}}