{"Tipo de Proyecto":{"('0180-D-2009', 0)":"PROYECTO DE LEY","('0180-D-2009', 1)":null},"Iniciado en: ":{"('0180-D-2009', 0)":"Diputados","('0180-D-2009', 1)":null},"Expediente Diputados: ":{"('0180-D-2009', 0)":"0180-D-2009","('0180-D-2009', 1)":null},"Publicado en: ":{"('0180-D-2009', 0)":"Tr\u00e1mite Parlamentario N\u00b0 1","('0180-D-2009', 1)":null},"Fecha: ":{"('0180-D-2009', 0)":"02\/03\/2009","('0180-D-2009', 1)":null},"T\u00edtulo":{"('0180-D-2009', 0)":"PRINCIPIOS DE BANGALORE SOBRE LA CONDUCTA JUDICIAL, RESOLUCION 2006\/23 DE LA ONU, COMPLEMENTARIOS DE LOS PRINCIPIOS BASICOS RELATIVOS A LA INDEPENDENCIA DE LA JUDICATURA SEGUN RESOLUCIONES 40\/32 Y 40\/146 DE LA ONU: ADOPTARLOS COMO PRINCIPIOS RECTORES DE LA CONDUCTA PARA MAGISTRADOS, FUNCIONARIOS JUDICIALES Y MIEMBROS DEL MINISTERIO PUBLICO; ANEXO (REPRODUCCION DEL EXPEDIENTE 3059-D-07).","('0180-D-2009', 1)":null},"('Firmantes', 'FIRMANTE')":{"('0180-D-2009', 0)":"COMELLI, ALICIA MARCELA","('0180-D-2009', 1)":null},"('Firmantes', 'DISTRITO')":{"('0180-D-2009', 0)":"NEUQUEN","('0180-D-2009', 1)":null},"('Firmantes', 'BLOQUE')":{"('0180-D-2009', 0)":"MOV POP NEUQUINO","('0180-D-2009', 1)":null},"('Giros', 'COMISI\u00d3N')":{"('0180-D-2009', 0)":"JUSTICIA","('0180-D-2009', 1)":"RELACIONES EXTERIORES Y CULTO"},"('Tramites', 'C\u00c1MARA')":{"('0180-D-2009', 0)":"Diputados","('0180-D-2009', 1)":null},"('Tramites', 'MOVIMIENTO')":{"('0180-D-2009', 0)":"REPRODUCIDO POR EXPEDIENTE 0041-D-11","('0180-D-2009', 1)":null},"('Tramites', 'FECHA')":{"('0180-D-2009', 0)":null,"('0180-D-2009', 1)":null},"('Tramites', 'RESULTADO')":{"('0180-D-2009', 0)":null,"('0180-D-2009', 1)":null},"Palabra Clave":{"('0180-D-2009', 0)":" ","('0180-D-2009', 1)":null}}