{"Tipo de Proyecto":{"('0181-D-2009', 0)":"PROYECTO DE LEY"},"Iniciado en: ":{"('0181-D-2009', 0)":"Diputados"},"Expediente Diputados: ":{"('0181-D-2009', 0)":"0181-D-2009"},"Publicado en: ":{"('0181-D-2009', 0)":"Tr\u00e1mite Parlamentario N\u00b0 1"},"Fecha: ":{"('0181-D-2009', 0)":"02\/03\/2009"},"T\u00edtulo":{"('0181-D-2009', 0)":"ANTIEVASION, LEY 25345: MODIFICACION DEL ARTICULO 2 (DEDUCCIONES, CREDITOS FISCALES Y DEMAS EFECTOS TRIBUTARIOS (REPRODUCCION DEL EXPEDIENTE 3060-D-07)."},"('Firmantes', 'FIRMANTE')":{"('0181-D-2009', 0)":"COMELLI, ALICIA MARCELA"},"('Firmantes', 'DISTRITO')":{"('0181-D-2009', 0)":"NEUQUEN"},"('Firmantes', 'BLOQUE')":{"('0181-D-2009', 0)":"MOV POP NEUQUINO"},"('Giros', 'COMISI\u00d3N')":{"('0181-D-2009', 0)":"PRESUPUESTO Y HACIENDA"},"('Tramites', 'C\u00c1MARA')":{"('0181-D-2009', 0)":"Diputados"},"('Tramites', 'MOVIMIENTO')":{"('0181-D-2009', 0)":"REPRODUCIDO POR EXPEDIENTE 0042-D-11"},"('Tramites', 'FECHA')":{"('0181-D-2009', 0)":null},"('Tramites', 'RESULTADO')":{"('0181-D-2009', 0)":null},"Palabra Clave":{"('0181-D-2009', 0)":" "}}