{"Tipo de Proyecto":{"('0184-S-2009', 0)":"PROYECTO DE LEY","('0184-S-2009', 1)":null,"('0184-S-2009', 2)":null},"Iniciado en: ":{"('0184-S-2009', 0)":"Senado","('0184-S-2009', 1)":null,"('0184-S-2009', 2)":null},"Expediente Senado: ":{"('0184-S-2009', 0)":"0184-S-2009","('0184-S-2009', 1)":null,"('0184-S-2009', 2)":null},"Publicado en: ":{"('0184-S-2009', 0)":"Diario de Asuntos Entrados N\u00b0 10","('0184-S-2009', 1)":null,"('0184-S-2009', 2)":null},"Fecha: ":{"('0184-S-2009', 0)":"03\/03\/2009","('0184-S-2009', 1)":null,"('0184-S-2009', 2)":null},"T\u00edtulo":{"('0184-S-2009', 0)":"OBLIGACION DE QUE TODO EQUIPO DE COMUNICACION TELEFONICA MOVIL Y TODA ACCION PUBLICITARIA REFERIDA A ESE SISTEMA DE COMUNICACIONES, CONTENGA UNA PRECISA ADVERTENCIA ACERCA DE LA CANTIDAD DE ONDAS ELECTROMAGNETICAS QUE EMITE EL EQUIPO Y LOS RIESGOS QUE PARA LA SALUD IMPLICA LA UTILIZACION DEL MISMO.","('0184-S-2009', 1)":null,"('0184-S-2009', 2)":null},"('Firmantes', 'FIRMANTE')":{"('0184-S-2009', 0)":"BASUALDO, ROBERTO GUSTAVO","('0184-S-2009', 1)":"RODRIGUEZ SAA, ADOLFO","('0184-S-2009', 2)":"NEGRE DE ALONSO, LILIANA T."},"('Firmantes', 'DISTRITO')":{"('0184-S-2009', 0)":"SAN JUAN","('0184-S-2009', 1)":"SAN LUIS","('0184-S-2009', 2)":"SAN LUIS"},"('Firmantes', 'BLOQUE')":{"('0184-S-2009', 0)":"PRODUCCION Y TRABAJO","('0184-S-2009', 1)":"JUSTICIALISTA SAN LUIS","('0184-S-2009', 2)":"JUSTICIALISTA SAN LUIS"},"Link":{"('0184-S-2009', 0)":"http:\/\/www.senado.gov.ar\/parlamentario\/comisiones\/verExp\/184.09\/S\/PL","('0184-S-2009', 1)":null,"('0184-S-2009', 2)":null},"Palabra Clave":{"('0184-S-2009', 0)":" ","('0184-S-2009', 1)":null,"('0184-S-2009', 2)":null}}