{"Tipo de Proyecto":{"('0185-D-2009', 0)":"PROYECTO DE LEY","('0185-D-2009', 1)":null},"Iniciado en: ":{"('0185-D-2009', 0)":"Diputados","('0185-D-2009', 1)":null},"Expediente Diputados: ":{"('0185-D-2009', 0)":"0185-D-2009","('0185-D-2009', 1)":null},"Publicado en: ":{"('0185-D-2009', 0)":"Tr\u00e1mite Parlamentario N\u00b0 1","('0185-D-2009', 1)":null},"Fecha: ":{"('0185-D-2009', 0)":"02\/03\/2009","('0185-D-2009', 1)":null},"T\u00edtulo":{"('0185-D-2009', 0)":"PROCEDIMIENTO TRIBUTARIO, LEY 11683 (TO DECRETO 821\/98 Y SUS MODIFICATORIAS): MODIFICACION DEL ARTICULO 101, SOBRE DECLARACIONES JURADAS, MANIFESTACIONES E INFORMES QUE SE PRESENTAN A LA ADMINISTRACION FEDERAL DE INGRESOS PUBLICOS - AFIP - (REPRODUCCION DEL EXPEDIENTE 4583-D-07).","('0185-D-2009', 1)":null},"('Firmantes', 'FIRMANTE')":{"('0185-D-2009', 0)":"COMELLI, ALICIA MARCELA","('0185-D-2009', 1)":null},"('Firmantes', 'DISTRITO')":{"('0185-D-2009', 0)":"NEUQUEN","('0185-D-2009', 1)":null},"('Firmantes', 'BLOQUE')":{"('0185-D-2009', 0)":"MOV POP NEUQUINO","('0185-D-2009', 1)":null},"('Giros', 'COMISI\u00d3N')":{"('0185-D-2009', 0)":"PRESUPUESTO Y HACIENDA","('0185-D-2009', 1)":"JUSTICIA"},"('Tramites', 'C\u00c1MARA')":{"('0185-D-2009', 0)":"Diputados","('0185-D-2009', 1)":null},"('Tramites', 'MOVIMIENTO')":{"('0185-D-2009', 0)":"REPRODUCIDO POR EXPEDIENTE 0045-D-11","('0185-D-2009', 1)":null},"('Tramites', 'FECHA')":{"('0185-D-2009', 0)":null,"('0185-D-2009', 1)":null},"('Tramites', 'RESULTADO')":{"('0185-D-2009', 0)":null,"('0185-D-2009', 1)":null},"Palabra Clave":{"('0185-D-2009', 0)":" ","('0185-D-2009', 1)":null}}