{"Tipo de Proyecto":{"('0185-S-2009', 0)":"COMUNICACION","('0185-S-2009', 1)":null,"('0185-S-2009', 2)":null},"Iniciado en: ":{"('0185-S-2009', 0)":"Senado","('0185-S-2009', 1)":null,"('0185-S-2009', 2)":null},"Expediente Senado: ":{"('0185-S-2009', 0)":"0185-S-2009","('0185-S-2009', 1)":null,"('0185-S-2009', 2)":null},"Publicado en: ":{"('0185-S-2009', 0)":"Diario de Asuntos Entrados N\u00b0 10","('0185-S-2009', 1)":null,"('0185-S-2009', 2)":null},"Fecha: ":{"('0185-S-2009', 0)":"03\/03\/2009","('0185-S-2009', 1)":null,"('0185-S-2009', 2)":null},"T\u00edtulo":{"('0185-S-2009', 0)":"PEDIDO DE INFORMES AL PODER EJECUTIVO SOBRE EL ESTADO EN QUE SE ENCUENTRA EL PROGRAMA DE ATENCION DE LA MADRE Y EL NI\u00d1O, CUAL HA SIDO EL GRADO DE CUMPLIMIENTO DE LOS OBJETIVOS ASIGNADOS, CUAL FUE EL PRESUPUESTO ASIGNADO Y CUAL FUE FINALMENTE EL EJECUTADO.","('0185-S-2009', 1)":null,"('0185-S-2009', 2)":null},"('Firmantes', 'FIRMANTE')":{"('0185-S-2009', 0)":"BASUALDO, ROBERTO GUSTAVO","('0185-S-2009', 1)":"RODRIGUEZ SAA, ADOLFO","('0185-S-2009', 2)":null},"('Firmantes', 'DISTRITO')":{"('0185-S-2009', 0)":"SAN JUAN","('0185-S-2009', 1)":"SAN LUIS","('0185-S-2009', 2)":null},"('Firmantes', 'BLOQUE')":{"('0185-S-2009', 0)":"PRODUCCION Y TRABAJO","('0185-S-2009', 1)":"JUSTICIALISTA SAN LUIS","('0185-S-2009', 2)":null},"('Tramites', 'C\u00c1MARA')":{"('0185-S-2009', 0)":"Senado","('0185-S-2009', 1)":"Senado","('0185-S-2009', 2)":"Senado"},"('Tramites', 'MOVIMIENTO')":{"('0185-S-2009', 0)":"APROBACION ARTICULO 106, PARRAFO 3 DEL REGLAMENTO DEL H SENADO","('0185-S-2009', 1)":"CONTESTACION DEL PODER EJECUTIVO NACIONAL - JEFE DE GABINETE DE MINISTROS - (A SUS ANTECEDENTES)","('0185-S-2009', 2)":"CONTESTACION DEL PODER EJECUTIVO NACIONAL - JEFE DE GABINETE DE MINISTROS - (A SUS ANTECEDENTES)"},"('Tramites', 'FECHA')":{"('0185-S-2009', 0)":"11\/11\/2009","('0185-S-2009', 1)":null,"('0185-S-2009', 2)":null},"('Tramites', 'RESULTADO')":{"('0185-S-2009', 0)":"APROBADO","('0185-S-2009', 1)":null,"('0185-S-2009', 2)":null},"Link":{"('0185-S-2009', 0)":"http:\/\/www.senado.gov.ar\/parlamentario\/comisiones\/verExp\/185.09\/S\/PC","('0185-S-2009', 1)":null,"('0185-S-2009', 2)":null},"Palabra Clave":{"('0185-S-2009', 0)":" ","('0185-S-2009', 1)":null,"('0185-S-2009', 2)":null}}