{"Tipo de Proyecto":{"('0186-D-2009', 0)":"PROYECTO DE LEY","('0186-D-2009', 1)":null,"('0186-D-2009', 2)":null,"('0186-D-2009', 3)":null,"('0186-D-2009', 4)":null,"('0186-D-2009', 5)":null,"('0186-D-2009', 6)":null,"('0186-D-2009', 7)":null,"('0186-D-2009', 8)":null,"('0186-D-2009', 9)":null,"('0186-D-2009', 10)":null,"('0186-D-2009', 11)":null,"('0186-D-2009', 12)":null},"Iniciado en: ":{"('0186-D-2009', 0)":"Diputados","('0186-D-2009', 1)":null,"('0186-D-2009', 2)":null,"('0186-D-2009', 3)":null,"('0186-D-2009', 4)":null,"('0186-D-2009', 5)":null,"('0186-D-2009', 6)":null,"('0186-D-2009', 7)":null,"('0186-D-2009', 8)":null,"('0186-D-2009', 9)":null,"('0186-D-2009', 10)":null,"('0186-D-2009', 11)":null,"('0186-D-2009', 12)":null},"Expediente Diputados: ":{"('0186-D-2009', 0)":"0186-D-2009","('0186-D-2009', 1)":null,"('0186-D-2009', 2)":null,"('0186-D-2009', 3)":null,"('0186-D-2009', 4)":null,"('0186-D-2009', 5)":null,"('0186-D-2009', 6)":null,"('0186-D-2009', 7)":null,"('0186-D-2009', 8)":null,"('0186-D-2009', 9)":null,"('0186-D-2009', 10)":null,"('0186-D-2009', 11)":null,"('0186-D-2009', 12)":null},"Publicado en: ":{"('0186-D-2009', 0)":"Tr\u00e1mite Parlamentario N\u00b0 1","('0186-D-2009', 1)":null,"('0186-D-2009', 2)":null,"('0186-D-2009', 3)":null,"('0186-D-2009', 4)":null,"('0186-D-2009', 5)":null,"('0186-D-2009', 6)":null,"('0186-D-2009', 7)":null,"('0186-D-2009', 8)":null,"('0186-D-2009', 9)":null,"('0186-D-2009', 10)":null,"('0186-D-2009', 11)":null,"('0186-D-2009', 12)":null},"Fecha: ":{"('0186-D-2009', 0)":"02\/03\/2009","('0186-D-2009', 1)":null,"('0186-D-2009', 2)":null,"('0186-D-2009', 3)":null,"('0186-D-2009', 4)":null,"('0186-D-2009', 5)":null,"('0186-D-2009', 6)":null,"('0186-D-2009', 7)":null,"('0186-D-2009', 8)":null,"('0186-D-2009', 9)":null,"('0186-D-2009', 10)":null,"('0186-D-2009', 11)":null,"('0186-D-2009', 12)":null},"T\u00edtulo":{"('0186-D-2009', 0)":"RIESGOS DEL TRABAJO, LEY 24557: MODIFICACION DEL ARTICULO 2 (AMBITO DE APLICACION, INCLUSION DE LOS TRABAJADORES AUTONOMOS, DOMESTICOS, TRABAJADORES VINCULADOS POR RELACIONES NO LABORALES Y BOMBEROS VOLUNTARIOS (REPRODUCCION DEL EXPEDIENTE 4838-D-07).","('0186-D-2009', 1)":null,"('0186-D-2009', 2)":null,"('0186-D-2009', 3)":null,"('0186-D-2009', 4)":null,"('0186-D-2009', 5)":null,"('0186-D-2009', 6)":null,"('0186-D-2009', 7)":null,"('0186-D-2009', 8)":null,"('0186-D-2009', 9)":null,"('0186-D-2009', 10)":null,"('0186-D-2009', 11)":null,"('0186-D-2009', 12)":null},"('Firmantes', 'FIRMANTE')":{"('0186-D-2009', 0)":"COMELLI, ALICIA MARCELA","('0186-D-2009', 1)":null,"('0186-D-2009', 2)":null,"('0186-D-2009', 3)":null,"('0186-D-2009', 4)":null,"('0186-D-2009', 5)":null,"('0186-D-2009', 6)":null,"('0186-D-2009', 7)":null,"('0186-D-2009', 8)":null,"('0186-D-2009', 9)":null,"('0186-D-2009', 10)":null,"('0186-D-2009', 11)":null,"('0186-D-2009', 12)":null},"('Firmantes', 'DISTRITO')":{"('0186-D-2009', 0)":"NEUQUEN","('0186-D-2009', 1)":null,"('0186-D-2009', 2)":null,"('0186-D-2009', 3)":null,"('0186-D-2009', 4)":null,"('0186-D-2009', 5)":null,"('0186-D-2009', 6)":null,"('0186-D-2009', 7)":null,"('0186-D-2009', 8)":null,"('0186-D-2009', 9)":null,"('0186-D-2009', 10)":null,"('0186-D-2009', 11)":null,"('0186-D-2009', 12)":null},"('Firmantes', 'BLOQUE')":{"('0186-D-2009', 0)":"MOV POP NEUQUINO","('0186-D-2009', 1)":null,"('0186-D-2009', 2)":null,"('0186-D-2009', 3)":null,"('0186-D-2009', 4)":null,"('0186-D-2009', 5)":null,"('0186-D-2009', 6)":null,"('0186-D-2009', 7)":null,"('0186-D-2009', 8)":null,"('0186-D-2009', 9)":null,"('0186-D-2009', 10)":null,"('0186-D-2009', 11)":null,"('0186-D-2009', 12)":null},"('Giros', 'COMISI\u00d3N')":{"('0186-D-2009', 0)":"LEGISLACION DEL TRABAJO","('0186-D-2009', 1)":"FAMILIA, MUJER, NI\u00d1EZ Y ADOLESCENCIA","('0186-D-2009', 2)":null,"('0186-D-2009', 3)":null,"('0186-D-2009', 4)":null,"('0186-D-2009', 5)":null,"('0186-D-2009', 6)":null,"('0186-D-2009', 7)":null,"('0186-D-2009', 8)":null,"('0186-D-2009', 9)":null,"('0186-D-2009', 10)":null,"('0186-D-2009', 11)":null,"('0186-D-2009', 12)":null},"('Tramites', 'C\u00c1MARA')":{"('0186-D-2009', 0)":"Diputados","('0186-D-2009', 1)":"Diputados","('0186-D-2009', 2)":"Senado","('0186-D-2009', 3)":"Senado","('0186-D-2009', 4)":"Senado","('0186-D-2009', 5)":"Senado","('0186-D-2009', 6)":"Senado","('0186-D-2009', 7)":"Senado","('0186-D-2009', 8)":"Senado","('0186-D-2009', 9)":"Diputados","('0186-D-2009', 10)":"Diputados","('0186-D-2009', 11)":"Diputados","('0186-D-2009', 12)":"Diputados"},"('Tramites', 'MOVIMIENTO')":{"('0186-D-2009', 0)":"RESOLUCION DE PRESIDENCIA - AMPLIACION DE GIRO A LAS COMISIONES DE FAMILIA, MUJER, NI\u00d1EZ Y ADOLESCENCIA.","('0186-D-2009', 1)":"CONSIDERACION Y APROBACION CON MODIFICACIONES CONJUNTAMENTE PARA LOS EXPEDIENTES 0186-D-2009, 1464-D-2009, 1941-D-2009, 4193-D-2009, 5374-D-2009, 0001-PE-2010, 0023-CD-2011, 0696-D-2010, 1026-D-2010 y 3188-D-2010","('0186-D-2009', 2)":"PASA A SENADO - CONJUNTAMENTE PARA LOS EXPEDIENTES 0186-D-2009, 1464-D-2009, 1941-D-2009, 4193-D-2009, 5374-D-2009, 0001-PE-2010, 0023-CD-2011, 0696-D-2010, 1026-D-2010 y 3188-D-2010","('0186-D-2009', 3)":"MOCION DE PREFERENCIA PARA LA PROXIMA SESION CON DICTAMEN (AFIRMATIVA) CONJUNTAMENTE PARA LOS EXPEDIENTES 0186-D-2009, 1464-D-2009, 1941-D-2009, 4193-D-2009, 5374-D-2009, 0001-PE-2010, 0023-CD-2011, 0696-D-2010, 1026-D-2010 y 3188-D-2010","('0186-D-2009', 4)":"MOCION SOBRE TABLAS (AFIRMATIVA) CONJUNTAMENTE PARA LOS EXPEDIENTES 0186-D-2009, 1464-D-2009, 1941-D-2009, 4193-D-2009, 5374-D-2009, 0001-PE-2010, 0023-CD-2011, 0696-D-2010, 1026-D-2010 y 3188-D-2010","('0186-D-2009', 5)":"CONSIDERACION Y APROBACION EN GENERAL CONJUNTAMENTE PARA LOS EXPEDIENTES 0186-D-2009, 1464-D-2009, 1941-D-2009, 4193-D-2009, 5374-D-2009, 0001-PE-2010, 0023-CD-2011, 0696-D-2010, 1026-D-2010 y 3188-D-2010","('0186-D-2009', 6)":"SE RESUELVE EL TRATAMIENTO EN PARTICULAR EN LA SESION DEL 29\/06\/2011 CONJUNTAMENTE PARA LOS EXPEDIENTES 0186-D-2009, 1464-D-2009, 1941-D-2009, 4193-D-2009, 5374-D-2009, 0001-PE-2010, 0023-CD-2011, 0696-D-2010, 1026-D-2010 y 3188-D-2010","('0186-D-2009', 7)":"MOCION DE PREFERENCIA PARA LA PROXIMA SESION CON DICTAMEN (AFIRMATIVA) CONJUNTAMENTE PARA LOS EXPEDIENTES 0186-D-2009, 1464-D-2009, 1941-D-2009, 4193-D-2009, 5374-D-2009, 0001-PE-2010, 0023-CD-2011, 0696-D-2010, 1026-D-2010, 0451-S-2010, 3188-D-2010 y 4105-S-2010","('0186-D-2009', 8)":"CONSIDERACION Y APROBACION CON MODIFICACIONES CONJUNTAMENTE PARA LOS EXPEDIENTES 0186-D-2009, 1464-D-2009, 1941-D-2009, 4193-D-2009, 5374-D-2009, 0001-PE-2010, 0023-CD-2011, 0696-D-2010, 1026-D-2010, 0451-S-2010, 3188-D-2010 y 4105-S-2010","('0186-D-2009', 9)":"VUELVE A DIPUTADOS - CONJUNTAMENTE PARA LOS EXPEDIENTES 0186-D-2009, 1464-D-2009, 1941-D-2009, 4193-D-2009, 5374-D-2009, 0001-PE-2010, 0023-CD-2011, 0696-D-2010, 1026-D-2010, 0451-S-2010, 3188-D-2010 y 4105-S-2010","('0186-D-2009', 10)":"MOCION SOBRE TABLAS (AFIRMATIVA) CONJUNTAMENTE PARA LOS EXPEDIENTES 0186-D-2009, 1464-D-2009, 1941-D-2009, 4193-D-2009, 5374-D-2009, 0001-PE-2010, 0023-CD-2011, 0696-D-2010, 1026-D-2010, 0451-S-2010, 3188-D-2010 y 4105-S-2010","('0186-D-2009', 11)":"CONSIDERACION Y SANCION (ACEPTACION DE LAS MODIFICACIONES INTRODUCIDAS POR EL H SENADO) CONJUNTAMENTE PARA LOS EXPEDIENTES 0186-D-2009, 1464-D-2009, 1941-D-2009, 4193-D-2009, 5374-D-2009, 0001-PE-2010, 0023-CD-2011, 0696-D-2010, 1026-D-2010, 0451-S-2010, 3188-D-2010 y 4105-S-2010","('0186-D-2009', 12)":"INSERCIONES CONJUNTAMENTE PARA LOS EXPEDIENTES 0186-D-2009, 1464-D-2009, 1941-D-2009, 4193-D-2009, 5374-D-2009, 0001-PE-2010, 0023-CD-2011, 0696-D-2010, 1026-D-2010, 0451-S-2010, 3188-D-2010 y 4105-S-2010"},"('Tramites', 'FECHA')":{"('0186-D-2009', 0)":"12\/05\/2010","('0186-D-2009', 1)":"16\/03\/2011","('0186-D-2009', 2)":null,"('0186-D-2009', 3)":"30\/03\/2011","('0186-D-2009', 4)":"04\/05\/2011","('0186-D-2009', 5)":"04\/05\/2011","('0186-D-2009', 6)":"01\/06\/2011","('0186-D-2009', 7)":"31\/08\/2011","('0186-D-2009', 8)":"28\/11\/2012","('0186-D-2009', 9)":null,"('0186-D-2009', 10)":"13\/03\/2013","('0186-D-2009', 11)":"13\/03\/2013","('0186-D-2009', 12)":"13\/03\/2013"},"('Tramites', 'RESULTADO')":{"('0186-D-2009', 0)":null,"('0186-D-2009', 1)":"MEDIA SANCION","('0186-D-2009', 2)":null,"('0186-D-2009', 3)":null,"('0186-D-2009', 4)":null,"('0186-D-2009', 5)":null,"('0186-D-2009', 6)":null,"('0186-D-2009', 7)":null,"('0186-D-2009', 8)":"MEDIA SANCION","('0186-D-2009', 9)":null,"('0186-D-2009', 10)":null,"('0186-D-2009', 11)":"SANCIONADO","('0186-D-2009', 12)":null},"Link":{"('0186-D-2009', 0)":"http:\/\/www.senado.gov.ar\/web\/proyectos\/verExpe.php?origen=S&nro_comision=&tipo=PL&numexp=0\/00&tConsulta=5","('0186-D-2009', 1)":null,"('0186-D-2009', 2)":null,"('0186-D-2009', 3)":null,"('0186-D-2009', 4)":null,"('0186-D-2009', 5)":null,"('0186-D-2009', 6)":null,"('0186-D-2009', 7)":null,"('0186-D-2009', 8)":null,"('0186-D-2009', 9)":null,"('0186-D-2009', 10)":null,"('0186-D-2009', 11)":null,"('0186-D-2009', 12)":null},"Palabra Clave":{"('0186-D-2009', 0)":" ","('0186-D-2009', 1)":null,"('0186-D-2009', 2)":null,"('0186-D-2009', 3)":null,"('0186-D-2009', 4)":null,"('0186-D-2009', 5)":null,"('0186-D-2009', 6)":null,"('0186-D-2009', 7)":null,"('0186-D-2009', 8)":null,"('0186-D-2009', 9)":null,"('0186-D-2009', 10)":null,"('0186-D-2009', 11)":null,"('0186-D-2009', 12)":null}}