{"Tipo de Proyecto":{"('0187-D-2009', 0)":"PROYECTO DE LEY","('0187-D-2009', 1)":null,"('0187-D-2009', 2)":null},"Iniciado en: ":{"('0187-D-2009', 0)":"Diputados","('0187-D-2009', 1)":null,"('0187-D-2009', 2)":null},"Expediente Diputados: ":{"('0187-D-2009', 0)":"0187-D-2009","('0187-D-2009', 1)":null,"('0187-D-2009', 2)":null},"Publicado en: ":{"('0187-D-2009', 0)":"Tr\u00e1mite Parlamentario N\u00b0 1","('0187-D-2009', 1)":null,"('0187-D-2009', 2)":null},"Fecha: ":{"('0187-D-2009', 0)":"02\/03\/2009","('0187-D-2009', 1)":null,"('0187-D-2009', 2)":null},"T\u00edtulo":{"('0187-D-2009', 0)":"MARCO REGULATORIO PARA EMPRESAS DE GESTION DE RESIDUOS ELECTRICOS Y ELECTRONICOS (REPRODUCCION DEL EXPEDIENTE 4938-D-07).","('0187-D-2009', 1)":null,"('0187-D-2009', 2)":null},"('Firmantes', 'FIRMANTE')":{"('0187-D-2009', 0)":"COMELLI, ALICIA MARCELA","('0187-D-2009', 1)":null,"('0187-D-2009', 2)":null},"('Firmantes', 'DISTRITO')":{"('0187-D-2009', 0)":"NEUQUEN","('0187-D-2009', 1)":null,"('0187-D-2009', 2)":null},"('Firmantes', 'BLOQUE')":{"('0187-D-2009', 0)":"MOV POP NEUQUINO","('0187-D-2009', 1)":null,"('0187-D-2009', 2)":null},"('Giros', 'COMISI\u00d3N')":{"('0187-D-2009', 0)":"RECURSOS NATURALES Y CONSERVACION DEL AMBIENTE HUMANO","('0187-D-2009', 1)":"INDUSTRIA","('0187-D-2009', 2)":null},"('Tramites', 'C\u00c1MARA')":{"('0187-D-2009', 0)":"Diputados","('0187-D-2009', 1)":"Diputados","('0187-D-2009', 2)":"Diputados"},"('Tramites', 'MOVIMIENTO')":{"('0187-D-2009', 0)":"MOCION DE PREFERENCIA PARA LA PROXIMA SESION CON DICTAMEN (AFIRMATIVA)","('0187-D-2009', 1)":"MOCION DE PREFERENCIA PARA LA PROXIMA SESION CON DICTAMEN (AFIRMATIVA)","('0187-D-2009', 2)":"REPRODUCIDO POR EXPEDIENTE 0046-D-11"},"('Tramites', 'FECHA')":{"('0187-D-2009', 0)":"28\/10\/2009","('0187-D-2009', 1)":"04\/11\/2009","('0187-D-2009', 2)":null},"('Tramites', 'RESULTADO')":{"('0187-D-2009', 0)":null,"('0187-D-2009', 1)":null,"('0187-D-2009', 2)":null},"Sumario":{"('0187-D-2009', 0)":"OBJETO Y AMBITO DE APLICACION; DEFINICIONES; MEDIDAS DE PREVENCION; ENTREGA DE RESIDUOS DE APARATOS ELECTRICOS Y ELECTRONICOS;  TRASLADO Y TRATAMIENTO DE LOS RESIDUOS;  REGISTRO NACIONAL DE GESTORES DE RESIDUOS ELECTRONICOS; REGIMEN DE PROMOCION; CAMPA\u00d1AS DE CONCIENTIZACION; ANEXO 1; ANEXO 2.","('0187-D-2009', 1)":null,"('0187-D-2009', 2)":null},"Palabra Clave":{"('0187-D-2009', 0)":" ","('0187-D-2009', 1)":null,"('0187-D-2009', 2)":null}}