{"Tipo de Proyecto":{"('0189-S-2009', 0)":"PROYECTO DE RESOLUCI\u00d3N","('0189-S-2009', 1)":null,"('0189-S-2009', 2)":null},"Iniciado en: ":{"('0189-S-2009', 0)":"Senado","('0189-S-2009', 1)":null,"('0189-S-2009', 2)":null},"Expediente Diputados: ":{"('0189-S-2009', 0)":"0189-S-2009","('0189-S-2009', 1)":null,"('0189-S-2009', 2)":null},"Expediente Senado: ":{"('0189-S-2009', 0)":"0401-OV-2008","('0189-S-2009', 1)":null,"('0189-S-2009', 2)":null},"Fecha: ":{"('0189-S-2009', 0)":"22\/09\/2009","('0189-S-2009', 1)":null,"('0189-S-2009', 2)":null},"T\u00edtulo":{"('0189-S-2009', 0)":"PEDIDO DE INFORMES AL PODER EJECUTIVO SOBRE RESOLUCION REMITIDA POR LA AUDITORIA GENERAL DE LA NACION, MEDIANTE LA CUAL COMUNICA UNA RESOLUCION APROBANDO EL INFORME DE EXAMEN ESPECIAL REFERIDO A LA VERIFICACION DEL CUMPLIMIENTO DE LA CIRCULAR 3\/93 AGN, RESPECTO DE LA INFORMACION SUMINISTRADA POR EL INSTITUTO UNIVERSITARIO NACIONAL DEL ARTE SOBRE CONTRATACIONES NO SIGNIFICATIVAS Y ACTOS DE SIGNIFICACION ECONOMICA EN EL PERIODO COMPRENDIDO ENTRE EL 1 DE ENERO DE 2006 Y EL 31 DE DICIEMBRE DE 2006.","('0189-S-2009', 1)":null,"('0189-S-2009', 2)":null},"('Firmantes', 'FIRMANTE')":{"('0189-S-2009', 0)":"PARLAMENTARIA MIXTA REVISORA DE CUENTAS","('0189-S-2009', 1)":null,"('0189-S-2009', 2)":null},"('Firmantes', 'DISTRITO')":{"('0189-S-2009', 0)":null,"('0189-S-2009', 1)":null,"('0189-S-2009', 2)":null},"('Firmantes', 'BLOQUE')":{"('0189-S-2009', 0)":null,"('0189-S-2009', 1)":null,"('0189-S-2009', 2)":null},"('Giros', 'COMISI\u00d3N')":{"('0189-S-2009', 0)":"PARLAMENTARIA MIXTA REVISORA DE CUENTAS","('0189-S-2009', 1)":null,"('0189-S-2009', 2)":null},"('Tramites', 'C\u00c1MARA')":{"('0189-S-2009', 0)":"Senado","('0189-S-2009', 1)":"Diputados","('0189-S-2009', 2)":"Diputados"},"('Tramites', 'MOVIMIENTO')":{"('0189-S-2009', 0)":"CONSIDERACION Y APROBACION","('0189-S-2009', 1)":"PASA A DIPUTADOS -","('0189-S-2009', 2)":"CONSIDERACION Y APROBACION"},"('Tramites', 'FECHA')":{"('0189-S-2009', 0)":"02\/12\/2009","('0189-S-2009', 1)":null,"('0189-S-2009', 2)":"12\/05\/2010"},"('Tramites', 'RESULTADO')":{"('0189-S-2009', 0)":"APROBADO","('0189-S-2009', 1)":null,"('0189-S-2009', 2)":"APROBADO"},"Link":{"('0189-S-2009', 0)":"http:\/\/www.senado.gov.ar\/parlamentario\/comisiones\/verExp\/401.08\/OV\/PR","('0189-S-2009', 1)":null,"('0189-S-2009', 2)":null},"Palabra Clave":{"('0189-S-2009', 0)":" ","('0189-S-2009', 1)":null,"('0189-S-2009', 2)":null}}