{"Tipo de Proyecto":{"('0190-S-2009', 0)":"PROYECTO DE RESOLUCI\u00d3N","('0190-S-2009', 1)":null,"('0190-S-2009', 2)":null,"('0190-S-2009', 3)":null},"Iniciado en: ":{"('0190-S-2009', 0)":"Senado","('0190-S-2009', 1)":null,"('0190-S-2009', 2)":null,"('0190-S-2009', 3)":null},"Expediente Diputados: ":{"('0190-S-2009', 0)":"0190-S-2009","('0190-S-2009', 1)":null,"('0190-S-2009', 2)":null,"('0190-S-2009', 3)":null},"Expediente Senado: ":{"('0190-S-2009', 0)":"0399-OV-2008","('0190-S-2009', 1)":null,"('0190-S-2009', 2)":null,"('0190-S-2009', 3)":null},"Fecha: ":{"('0190-S-2009', 0)":"22\/09\/2009","('0190-S-2009', 1)":null,"('0190-S-2009', 2)":null,"('0190-S-2009', 3)":null},"T\u00edtulo":{"('0190-S-2009', 0)":"PEDIDO DE INFORMES AL PODER EJECUTIVO SOBRE RESOLUCION REMITIDA POR LA AUDITORIA GENERAL DE LA NACION ACERCA DE UN EXAMEN ESPECIAL REFERIDO A LA VERIFICACION DEL CUMPLIMIENTO DE LA CIRCULAR 3\/93 AGN RESPECTO A CONTRATACIONES NO SIGNIFICATIVAS Y ACTOS DE SIGNIFICACION ECONOMICA EN EL AMBITO DEL CONSEJO NACIONAL DE LA NI\u00d1EZ, ADOLESCENCIA Y FAMILIA, EN EL PERIODO COMPRENDIDO ENTRE EL 1 DE ENERO DE 2006 Y EL 31 DE DICIEMBRE DE 2006.","('0190-S-2009', 1)":null,"('0190-S-2009', 2)":null,"('0190-S-2009', 3)":null},"('Firmantes', 'FIRMANTE')":{"('0190-S-2009', 0)":"PARLAMENTARIA MIXTA REVISORA DE CUENTAS","('0190-S-2009', 1)":null,"('0190-S-2009', 2)":null,"('0190-S-2009', 3)":null},"('Firmantes', 'DISTRITO')":{"('0190-S-2009', 0)":null,"('0190-S-2009', 1)":null,"('0190-S-2009', 2)":null,"('0190-S-2009', 3)":null},"('Firmantes', 'BLOQUE')":{"('0190-S-2009', 0)":null,"('0190-S-2009', 1)":null,"('0190-S-2009', 2)":null,"('0190-S-2009', 3)":null},"('Giros', 'COMISI\u00d3N')":{"('0190-S-2009', 0)":"PARLAMENTARIA MIXTA REVISORA DE CUENTAS","('0190-S-2009', 1)":null,"('0190-S-2009', 2)":null,"('0190-S-2009', 3)":null},"('Tramites', 'C\u00c1MARA')":{"('0190-S-2009', 0)":"Senado","('0190-S-2009', 1)":"Diputados","('0190-S-2009', 2)":"Diputados","('0190-S-2009', 3)":"Diputados"},"('Tramites', 'MOVIMIENTO')":{"('0190-S-2009', 0)":"CONSIDERACION Y APROBACION","('0190-S-2009', 1)":"PASA A DIPUTADOS -","('0190-S-2009', 2)":"CONSIDERACION Y APROBACION","('0190-S-2009', 3)":"CONTESTACION DEL PODER EJECUTIVO NACIONAL - JEFE DE GABINETE DE MINISTROS - GIRADO A LA COMISION RESPECTIVA"},"('Tramites', 'FECHA')":{"('0190-S-2009', 0)":"02\/12\/2009","('0190-S-2009', 1)":null,"('0190-S-2009', 2)":"12\/05\/2010","('0190-S-2009', 3)":"30\/11\/2011"},"('Tramites', 'RESULTADO')":{"('0190-S-2009', 0)":"APROBADO","('0190-S-2009', 1)":null,"('0190-S-2009', 2)":"APROBADO","('0190-S-2009', 3)":null},"Link":{"('0190-S-2009', 0)":"http:\/\/www.senado.gov.ar\/parlamentario\/comisiones\/verExp\/399.08\/OV\/PR","('0190-S-2009', 1)":null,"('0190-S-2009', 2)":null,"('0190-S-2009', 3)":null},"Palabra Clave":{"('0190-S-2009', 0)":" ","('0190-S-2009', 1)":null,"('0190-S-2009', 2)":null,"('0190-S-2009', 3)":null}}