{"Tipo de Proyecto":{"('0191-S-2009', 0)":"PROYECTO DE RESOLUCI\u00d3N","('0191-S-2009', 1)":null,"('0191-S-2009', 2)":null},"Iniciado en: ":{"('0191-S-2009', 0)":"Senado","('0191-S-2009', 1)":null,"('0191-S-2009', 2)":null},"Expediente Diputados: ":{"('0191-S-2009', 0)":"0191-S-2009","('0191-S-2009', 1)":null,"('0191-S-2009', 2)":null},"Expediente Senado: ":{"('0191-S-2009', 0)":"0345-OV-2008","('0191-S-2009', 1)":null,"('0191-S-2009', 2)":null},"Fecha: ":{"('0191-S-2009', 0)":"22\/09\/2009","('0191-S-2009', 1)":null,"('0191-S-2009', 2)":null},"T\u00edtulo":{"('0191-S-2009', 0)":"SOLICITAR AL PODER EJECUTIVO DISPONGA LAS MEDIDAS NECESARIAS PARA ADECUAR LOS ASPECTOS OBSERVADOS EN LAS RESOLUCIONES REMITIDAS POR LA AUDITORIA GENERAL DE LA NACION REFERENTES A LOS ESTADOS CONTABLES POR LOS EJERCICIOS FINALIZADOS EL 31 DE DICIEMBRE DE 2002 (0345-OV-08), 31 DE DICIEMBRE DE 2003 (0346-OV-08), 31 DE DICIEMBRE DE 2004 (0347-OV-08) Y 31 DE DICIEMBRE DE 2005 (0394-OV-08) Y AL MEMORANDO DE CONTROL INTERNO (0395-OV-08), EN EL AMBITO DE LA CAJA COMPLEMENTARIA DE PREVISION PARA LA ACTIVIDAD DOCENTE.","('0191-S-2009', 1)":null,"('0191-S-2009', 2)":null},"('Firmantes', 'FIRMANTE')":{"('0191-S-2009', 0)":"PARLAMENTARIA MIXTA REVISORA DE CUENTAS","('0191-S-2009', 1)":null,"('0191-S-2009', 2)":null},"('Firmantes', 'DISTRITO')":{"('0191-S-2009', 0)":null,"('0191-S-2009', 1)":null,"('0191-S-2009', 2)":null},"('Firmantes', 'BLOQUE')":{"('0191-S-2009', 0)":null,"('0191-S-2009', 1)":null,"('0191-S-2009', 2)":null},"('Giros', 'COMISI\u00d3N')":{"('0191-S-2009', 0)":"PARLAMENTARIA MIXTA REVISORA DE CUENTAS","('0191-S-2009', 1)":null,"('0191-S-2009', 2)":null},"('Tramites', 'C\u00c1MARA')":{"('0191-S-2009', 0)":"Senado","('0191-S-2009', 1)":"Diputados","('0191-S-2009', 2)":"Diputados"},"('Tramites', 'MOVIMIENTO')":{"('0191-S-2009', 0)":"CONSIDERACION Y APROBACION","('0191-S-2009', 1)":"PASA A DIPUTADOS -","('0191-S-2009', 2)":"CONSIDERACION Y APROBACION"},"('Tramites', 'FECHA')":{"('0191-S-2009', 0)":"02\/12\/2009","('0191-S-2009', 1)":null,"('0191-S-2009', 2)":"12\/05\/2010"},"('Tramites', 'RESULTADO')":{"('0191-S-2009', 0)":"APROBADO","('0191-S-2009', 1)":null,"('0191-S-2009', 2)":"APROBADO"},"Link":{"('0191-S-2009', 0)":"http:\/\/www.senado.gov.ar\/parlamentario\/comisiones\/verExp\/345.08\/OV\/PR","('0191-S-2009', 1)":null,"('0191-S-2009', 2)":null},"Palabra Clave":{"('0191-S-2009', 0)":" ","('0191-S-2009', 1)":null,"('0191-S-2009', 2)":null}}