{"Tipo de Proyecto":{"('0192-D-2009', 0)":"PROYECTO DE LEY","('0192-D-2009', 1)":null},"Iniciado en: ":{"('0192-D-2009', 0)":"Diputados","('0192-D-2009', 1)":null},"Expediente Diputados: ":{"('0192-D-2009', 0)":"0192-D-2009","('0192-D-2009', 1)":null},"Publicado en: ":{"('0192-D-2009', 0)":"Tr\u00e1mite Parlamentario N\u00b0 1","('0192-D-2009', 1)":null},"Fecha: ":{"('0192-D-2009', 0)":"02\/03\/2009","('0192-D-2009', 1)":null},"T\u00edtulo":{"('0192-D-2009', 0)":"CODIGO CIVIL: MODIFICACION DEL ARTICULO 259, SOBRE ACCION DE IMPUGNACION DE LA PATERNIDAD (REPRODUCCION DEL EXPEDIENTE 0900-D-07).","('0192-D-2009', 1)":null},"('Firmantes', 'FIRMANTE')":{"('0192-D-2009', 0)":"RODRIGUEZ, MARCELA VIRGINIA","('0192-D-2009', 1)":null},"('Firmantes', 'DISTRITO')":{"('0192-D-2009', 0)":"BUENOS AIRES","('0192-D-2009', 1)":null},"('Firmantes', 'BLOQUE')":{"('0192-D-2009', 0)":"COALICION CIVICA - ARI - GEN - UPT","('0192-D-2009', 1)":null},"('Giros', 'COMISI\u00d3N')":{"('0192-D-2009', 0)":"LEGISLACION GENERAL","('0192-D-2009', 1)":"FAMILIA, MUJER, NI\u00d1EZ Y ADOLESCENCIA"},"Palabra Clave":{"('0192-D-2009', 0)":" ","('0192-D-2009', 1)":null}}