{"Tipo de Proyecto":{"('0193-D-2009', 0)":"PROYECTO DE LEY","('0193-D-2009', 1)":null},"Iniciado en: ":{"('0193-D-2009', 0)":"Diputados","('0193-D-2009', 1)":null},"Expediente Diputados: ":{"('0193-D-2009', 0)":"0193-D-2009","('0193-D-2009', 1)":null},"Publicado en: ":{"('0193-D-2009', 0)":"Tr\u00e1mite Parlamentario N\u00b0 1","('0193-D-2009', 1)":null},"Fecha: ":{"('0193-D-2009', 0)":"02\/03\/2009","('0193-D-2009', 1)":null},"T\u00edtulo":{"('0193-D-2009', 0)":"DECLARAR DE INTERES NACIONAL EL DIAGNOSTICO Y TRATAMIENTO DE LA ENFERMEDAD CELIACA, DEROGACION DE LA LEY 24827 (REPRODUCCION DEL EXPEDIENTE 0901-D-07).","('0193-D-2009', 1)":null},"('Firmantes', 'FIRMANTE')":{"('0193-D-2009', 0)":"RODRIGUEZ, MARCELA VIRGINIA","('0193-D-2009', 1)":null},"('Firmantes', 'DISTRITO')":{"('0193-D-2009', 0)":"BUENOS AIRES","('0193-D-2009', 1)":null},"('Firmantes', 'BLOQUE')":{"('0193-D-2009', 0)":"COALICION CIVICA - ARI - GEN - UPT","('0193-D-2009', 1)":null},"('Giros', 'COMISI\u00d3N')":{"('0193-D-2009', 0)":"ACCION SOCIAL Y SALUD PUBLICA","('0193-D-2009', 1)":"PRESUPUESTO Y HACIENDA"},"Palabra Clave":{"('0193-D-2009', 0)":" ","('0193-D-2009', 1)":null}}