{"Tipo de Proyecto":{"('0194-D-2009', 0)":"PROYECTO DE LEY","('0194-D-2009', 1)":null},"Iniciado en: ":{"('0194-D-2009', 0)":"Diputados","('0194-D-2009', 1)":null},"Expediente Diputados: ":{"('0194-D-2009', 0)":"0194-D-2009","('0194-D-2009', 1)":null},"Publicado en: ":{"('0194-D-2009', 0)":"Tr\u00e1mite Parlamentario N\u00b0 1","('0194-D-2009', 1)":null},"Fecha: ":{"('0194-D-2009', 0)":"02\/03\/2009","('0194-D-2009', 1)":null},"T\u00edtulo":{"('0194-D-2009', 0)":"CODIGO CIVIL: MODIFICACION DEL ARTICULO 199, SOBRE LA CONVIVENCIA CONYUGAL (REPRODUCCION DEL EXPEDIENTE 0904-D-07).","('0194-D-2009', 1)":null},"('Firmantes', 'FIRMANTE')":{"('0194-D-2009', 0)":"RODRIGUEZ, MARCELA VIRGINIA","('0194-D-2009', 1)":null},"('Firmantes', 'DISTRITO')":{"('0194-D-2009', 0)":"BUENOS AIRES","('0194-D-2009', 1)":null},"('Firmantes', 'BLOQUE')":{"('0194-D-2009', 0)":"COALICION CIVICA - ARI - GEN - UPT","('0194-D-2009', 1)":null},"('Giros', 'COMISI\u00d3N')":{"('0194-D-2009', 0)":"LEGISLACION GENERAL","('0194-D-2009', 1)":"FAMILIA, MUJER, NI\u00d1EZ Y ADOLESCENCIA"},"Palabra Clave":{"('0194-D-2009', 0)":" ","('0194-D-2009', 1)":null}}