{"Tipo de Proyecto":{"('0195-D-2009', 0)":"PROYECTO DE LEY"},"Iniciado en: ":{"('0195-D-2009', 0)":"Diputados"},"Expediente Diputados: ":{"('0195-D-2009', 0)":"0195-D-2009"},"Publicado en: ":{"('0195-D-2009', 0)":"Tr\u00e1mite Parlamentario N\u00b0 1"},"Fecha: ":{"('0195-D-2009', 0)":"02\/03\/2009"},"T\u00edtulo":{"('0195-D-2009', 0)":"JURISDICCION Y COMPETENCIA DE LOS TRIBUNALES NACIONALES, LEY 48: DEROGACION DEL ARTICULO 18 SOBRE LA FACULTAD DE LA CORTE SUPREMA DE JUSTICIA DE LA NACION PARA REGLAMENTAR UNA ORDENADA TRAMITACION DE LOS PLEITOS (REPRODUCCION DEL EXPEDIENTE 0905-D-07)."},"('Firmantes', 'FIRMANTE')":{"('0195-D-2009', 0)":"RODRIGUEZ, MARCELA VIRGINIA"},"('Firmantes', 'DISTRITO')":{"('0195-D-2009', 0)":"BUENOS AIRES"},"('Firmantes', 'BLOQUE')":{"('0195-D-2009', 0)":"COALICION CIVICA - ARI - GEN - UPT"},"('Giros', 'COMISI\u00d3N')":{"('0195-D-2009', 0)":"JUSTICIA"},"Palabra Clave":{"('0195-D-2009', 0)":" "}}