{"Tipo de Proyecto":{"('0195-S-2009', 0)":"PROYECTO DE RESOLUCI\u00d3N","('0195-S-2009', 1)":null,"('0195-S-2009', 2)":null},"Iniciado en: ":{"('0195-S-2009', 0)":"Senado","('0195-S-2009', 1)":null,"('0195-S-2009', 2)":null},"Expediente Diputados: ":{"('0195-S-2009', 0)":"0195-S-2009","('0195-S-2009', 1)":null,"('0195-S-2009', 2)":null},"Expediente Senado: ":{"('0195-S-2009', 0)":"0096-OV-2009","('0195-S-2009', 1)":null,"('0195-S-2009', 2)":null},"Fecha: ":{"('0195-S-2009', 0)":"22\/09\/2009","('0195-S-2009', 1)":null,"('0195-S-2009', 2)":null},"T\u00edtulo":{"('0195-S-2009', 0)":"PEDIDO DE INFORMES AL PODER EJECUTIVO SOBRE RESOLUCION REMITIDA POR LA AUDITORIA GENERAL DE LA NACION ACERCA DE UNA AUDITORIA DE GESTION REFERIDA A LAS CONTRATACIONES RELEVANTES DEL EJERCICIO 2006, EN EL AMBITO DEL MINISTERIO DE RELACIONES EXTERIORES, COMERCIO INTERNACIONAL Y CULTO (MRECIYC).","('0195-S-2009', 1)":null,"('0195-S-2009', 2)":null},"('Firmantes', 'FIRMANTE')":{"('0195-S-2009', 0)":"PARLAMENTARIA MIXTA REVISORA DE CUENTAS","('0195-S-2009', 1)":null,"('0195-S-2009', 2)":null},"('Firmantes', 'DISTRITO')":{"('0195-S-2009', 0)":null,"('0195-S-2009', 1)":null,"('0195-S-2009', 2)":null},"('Firmantes', 'BLOQUE')":{"('0195-S-2009', 0)":null,"('0195-S-2009', 1)":null,"('0195-S-2009', 2)":null},"('Giros', 'COMISI\u00d3N')":{"('0195-S-2009', 0)":"PARLAMENTARIA MIXTA REVISORA DE CUENTAS","('0195-S-2009', 1)":null,"('0195-S-2009', 2)":null},"('Tramites', 'C\u00c1MARA')":{"('0195-S-2009', 0)":"Senado","('0195-S-2009', 1)":"Diputados","('0195-S-2009', 2)":"Diputados"},"('Tramites', 'MOVIMIENTO')":{"('0195-S-2009', 0)":"CONSIDERACION Y APROBACION","('0195-S-2009', 1)":"PASA A DIPUTADOS -","('0195-S-2009', 2)":"CONSIDERACION Y APROBACION"},"('Tramites', 'FECHA')":{"('0195-S-2009', 0)":"02\/12\/2009","('0195-S-2009', 1)":null,"('0195-S-2009', 2)":"12\/05\/2010"},"('Tramites', 'RESULTADO')":{"('0195-S-2009', 0)":"APROBADO","('0195-S-2009', 1)":null,"('0195-S-2009', 2)":"APROBADO"},"Link":{"('0195-S-2009', 0)":"http:\/\/www.senado.gov.ar\/parlamentario\/comisiones\/verExp\/96.09\/OV\/PR","('0195-S-2009', 1)":null,"('0195-S-2009', 2)":null},"Palabra Clave":{"('0195-S-2009', 0)":" ","('0195-S-2009', 1)":null,"('0195-S-2009', 2)":null}}