{"Tipo de Proyecto":{"('0196-S-2009', 0)":"PROYECTO DE RESOLUCI\u00d3N","('0196-S-2009', 1)":null,"('0196-S-2009', 2)":null,"('0196-S-2009', 3)":null},"Iniciado en: ":{"('0196-S-2009', 0)":"Senado","('0196-S-2009', 1)":null,"('0196-S-2009', 2)":null,"('0196-S-2009', 3)":null},"Expediente Diputados: ":{"('0196-S-2009', 0)":"0196-S-2009","('0196-S-2009', 1)":null,"('0196-S-2009', 2)":null,"('0196-S-2009', 3)":null},"Expediente Senado: ":{"('0196-S-2009', 0)":"0438-OV-2008","('0196-S-2009', 1)":null,"('0196-S-2009', 2)":null,"('0196-S-2009', 3)":null},"Fecha: ":{"('0196-S-2009', 0)":"22\/09\/2009","('0196-S-2009', 1)":null,"('0196-S-2009', 2)":null,"('0196-S-2009', 3)":null},"T\u00edtulo":{"('0196-S-2009', 0)":"PEDIDO DE INFORMES AL PODER EJECUTIVO SOBRE RESOLUCION REMITIDA POR LA AUDITORIA GENERAL DE LA NACION MEDIANTE LA CUAL SE REMITE RESOLUCION SOBRE LOS ESTADOS FINANCIEROS AL 31 DE DICIEMBRE DE 2007, CORRESPONDIENTES AL PROYECTO FUNCIONES ESENCIALES Y PROGRAMA DE SALUD PUBLICA - FESP - CONVENIO DE PRESTAMO 7412-AR BIRF.","('0196-S-2009', 1)":null,"('0196-S-2009', 2)":null,"('0196-S-2009', 3)":null},"('Firmantes', 'FIRMANTE')":{"('0196-S-2009', 0)":"PARLAMENTARIA MIXTA REVISORA DE CUENTAS","('0196-S-2009', 1)":null,"('0196-S-2009', 2)":null,"('0196-S-2009', 3)":null},"('Firmantes', 'DISTRITO')":{"('0196-S-2009', 0)":null,"('0196-S-2009', 1)":null,"('0196-S-2009', 2)":null,"('0196-S-2009', 3)":null},"('Firmantes', 'BLOQUE')":{"('0196-S-2009', 0)":null,"('0196-S-2009', 1)":null,"('0196-S-2009', 2)":null,"('0196-S-2009', 3)":null},"('Giros', 'COMISI\u00d3N')":{"('0196-S-2009', 0)":"PARLAMENTARIA MIXTA REVISORA DE CUENTAS","('0196-S-2009', 1)":null,"('0196-S-2009', 2)":null,"('0196-S-2009', 3)":null},"('Tramites', 'C\u00c1MARA')":{"('0196-S-2009', 0)":"Senado","('0196-S-2009', 1)":"Diputados","('0196-S-2009', 2)":"Diputados","('0196-S-2009', 3)":"Senado"},"('Tramites', 'MOVIMIENTO')":{"('0196-S-2009', 0)":"CONSIDERACION Y APROBACION","('0196-S-2009', 1)":"PASA A DIPUTADOS -","('0196-S-2009', 2)":"CONSIDERACION Y APROBACION","('0196-S-2009', 3)":"CONTESTACION DEL PODER EJECUTIVO NACIONAL - JEFE DE GABINETE DE MINISTROS - (A SUS ANTECEDENTES)"},"('Tramites', 'FECHA')":{"('0196-S-2009', 0)":"02\/12\/2009","('0196-S-2009', 1)":null,"('0196-S-2009', 2)":"12\/05\/2010","('0196-S-2009', 3)":"04\/07\/2012"},"('Tramites', 'RESULTADO')":{"('0196-S-2009', 0)":"APROBADO","('0196-S-2009', 1)":null,"('0196-S-2009', 2)":"APROBADO","('0196-S-2009', 3)":null},"Link":{"('0196-S-2009', 0)":"http:\/\/www.senado.gov.ar\/parlamentario\/comisiones\/verExp\/438.08\/OV\/PR","('0196-S-2009', 1)":null,"('0196-S-2009', 2)":null,"('0196-S-2009', 3)":null},"Palabra Clave":{"('0196-S-2009', 0)":" ","('0196-S-2009', 1)":null,"('0196-S-2009', 2)":null,"('0196-S-2009', 3)":null}}