{"Tipo de Proyecto":{"('0197-D-2009', 0)":"PROYECTO DE LEY"},"Iniciado en: ":{"('0197-D-2009', 0)":"Diputados"},"Expediente Diputados: ":{"('0197-D-2009', 0)":"0197-D-2009"},"Publicado en: ":{"('0197-D-2009', 0)":"Tr\u00e1mite Parlamentario N\u00b0 1"},"Fecha: ":{"('0197-D-2009', 0)":"02\/03\/2009"},"T\u00edtulo":{"('0197-D-2009', 0)":"MODIFICACIONES AL ARTICULO 1078 DEL CODIGO CIVIL, SOBRE INDEMNIZACION DEL DA\u00d1O MORAL (REPRODUCCION DEL EXPEDIENTE 2428-D-07)."},"('Firmantes', 'FIRMANTE')":{"('0197-D-2009', 0)":"RODRIGUEZ, MARCELA VIRGINIA"},"('Firmantes', 'DISTRITO')":{"('0197-D-2009', 0)":"BUENOS AIRES"},"('Firmantes', 'BLOQUE')":{"('0197-D-2009', 0)":"COALICION CIVICA - ARI - GEN - UPT"},"('Giros', 'COMISI\u00d3N')":{"('0197-D-2009', 0)":"LEGISLACION GENERAL"},"Palabra Clave":{"('0197-D-2009', 0)":" "}}