{"Tipo de Proyecto":{"('0198-D-2009', 0)":"PROYECTO DE LEY","('0198-D-2009', 1)":null},"Iniciado en: ":{"('0198-D-2009', 0)":"Diputados","('0198-D-2009', 1)":null},"Expediente Diputados: ":{"('0198-D-2009', 0)":"0198-D-2009","('0198-D-2009', 1)":null},"Publicado en: ":{"('0198-D-2009', 0)":"Tr\u00e1mite Parlamentario N\u00b0 1","('0198-D-2009', 1)":null},"Fecha: ":{"('0198-D-2009', 0)":"02\/03\/2009","('0198-D-2009', 1)":null},"T\u00edtulo":{"('0198-D-2009', 0)":"LEY 19945, TO DECRETO 2135\/83 (CODIGO ELECTORAL NACIONAL): MODIFICACIONES (REPRODUCCION DEL EXPEDIENTE 2429-D-07).","('0198-D-2009', 1)":null},"('Firmantes', 'FIRMANTE')":{"('0198-D-2009', 0)":"RODRIGUEZ, MARCELA VIRGINIA","('0198-D-2009', 1)":null},"('Firmantes', 'DISTRITO')":{"('0198-D-2009', 0)":"BUENOS AIRES","('0198-D-2009', 1)":null},"('Firmantes', 'BLOQUE')":{"('0198-D-2009', 0)":"COALICION CIVICA - ARI - GEN - UPT","('0198-D-2009', 1)":null},"('Giros', 'COMISI\u00d3N')":{"('0198-D-2009', 0)":"ASUNTOS CONSTITUCIONALES","('0198-D-2009', 1)":"LEGISLACION PENAL"},"Sumario":{"('0198-D-2009', 0)":"MODIFICACION DEL ARTICULO 139 (PENAS PARA QUIEN INDUZCA AL VOTO); INCORPORACION DE INCISO J) AL ARTICULO 139 (PENAS PARA QUIEN OFRECIERE EMPLEOS, PLANES SOCIALES, BIENES O CUALQUIER OTRA DADIVA PARA QUE SE VOTE DE UNA MANERA DETERMINADA).","('0198-D-2009', 1)":null},"Palabra Clave":{"('0198-D-2009', 0)":" ","('0198-D-2009', 1)":null}}