{"Tipo de Proyecto":{"('0199-D-2009', 0)":"PROYECTO DE LEY"},"Iniciado en: ":{"('0199-D-2009', 0)":"Diputados"},"Expediente Diputados: ":{"('0199-D-2009', 0)":"0199-D-2009"},"Publicado en: ":{"('0199-D-2009', 0)":"Tr\u00e1mite Parlamentario N\u00b0 1"},"Fecha: ":{"('0199-D-2009', 0)":"02\/03\/2009"},"T\u00edtulo":{"('0199-D-2009', 0)":"INCORPORACION DEL ARTICULO 34 BIS AL CODIGO PROCESAL CIVIL Y COMERCIAL, SOBRE PROHIBICION DE ENTREVISTAS CON UNA DE LAS PARTES (REPRODUCCION DEL EXPEDIENTE 2430-D-07)."},"('Firmantes', 'FIRMANTE')":{"('0199-D-2009', 0)":"RODRIGUEZ, MARCELA VIRGINIA"},"('Firmantes', 'DISTRITO')":{"('0199-D-2009', 0)":"BUENOS AIRES"},"('Firmantes', 'BLOQUE')":{"('0199-D-2009', 0)":"COALICION CIVICA - ARI - GEN - UPT"},"('Giros', 'COMISI\u00d3N')":{"('0199-D-2009', 0)":"JUSTICIA"},"Sumario":{"('0199-D-2009', 0)":"EXCEPCIONES."},"Palabra Clave":{"('0199-D-2009', 0)":" "}}