{"Tipo de Proyecto":{"('0199-S-2009', 0)":"PROYECTO DE RESOLUCI\u00d3N","('0199-S-2009', 1)":null,"('0199-S-2009', 2)":null,"('0199-S-2009', 3)":null},"Iniciado en: ":{"('0199-S-2009', 0)":"Senado","('0199-S-2009', 1)":null,"('0199-S-2009', 2)":null,"('0199-S-2009', 3)":null},"Expediente Diputados: ":{"('0199-S-2009', 0)":"0199-S-2009","('0199-S-2009', 1)":null,"('0199-S-2009', 2)":null,"('0199-S-2009', 3)":null},"Expediente Senado: ":{"('0199-S-2009', 0)":"0475-OV-2008","('0199-S-2009', 1)":null,"('0199-S-2009', 2)":null,"('0199-S-2009', 3)":null},"Fecha: ":{"('0199-S-2009', 0)":"22\/09\/2009","('0199-S-2009', 1)":null,"('0199-S-2009', 2)":null,"('0199-S-2009', 3)":null},"T\u00edtulo":{"('0199-S-2009', 0)":"PEDIDO DE INFORMES AL PODER EJECUTIVO SOBRE RESOLUCION REMITIDA POR LA AUDITORIA GENERAL DE LA NACION REFERENTE AL \"SEGUIMIENTO DE OBSERVACIONES Y RECOMENDACIONES DEL INFORME DE AUDITORIA DE GESTION: MINISTERIO DE ECONOMIA, PROGRAMAS DE PRESTAMOS OTORGADOS POR EL BID Y BIRF, EN LOS QUE LA ADMINISTRACION CENTRAL ES DEUDOR DIRECTO O GARANTE Y REPRESTADOS A LAS PROVINCIAS\".","('0199-S-2009', 1)":null,"('0199-S-2009', 2)":null,"('0199-S-2009', 3)":null},"('Firmantes', 'FIRMANTE')":{"('0199-S-2009', 0)":"PARLAMENTARIA MIXTA REVISORA DE CUENTAS","('0199-S-2009', 1)":null,"('0199-S-2009', 2)":null,"('0199-S-2009', 3)":null},"('Firmantes', 'DISTRITO')":{"('0199-S-2009', 0)":null,"('0199-S-2009', 1)":null,"('0199-S-2009', 2)":null,"('0199-S-2009', 3)":null},"('Firmantes', 'BLOQUE')":{"('0199-S-2009', 0)":null,"('0199-S-2009', 1)":null,"('0199-S-2009', 2)":null,"('0199-S-2009', 3)":null},"('Giros', 'COMISI\u00d3N')":{"('0199-S-2009', 0)":"PARLAMENTARIA MIXTA REVISORA DE CUENTAS","('0199-S-2009', 1)":null,"('0199-S-2009', 2)":null,"('0199-S-2009', 3)":null},"('Tramites', 'C\u00c1MARA')":{"('0199-S-2009', 0)":"Senado","('0199-S-2009', 1)":"Diputados","('0199-S-2009', 2)":"Diputados","('0199-S-2009', 3)":"Diputados"},"('Tramites', 'MOVIMIENTO')":{"('0199-S-2009', 0)":"CONSIDERACION Y APROBACION","('0199-S-2009', 1)":"PASA A DIPUTADOS -","('0199-S-2009', 2)":"CONSIDERACION Y APROBACION","('0199-S-2009', 3)":"CONTESTACION DEL PODER EJECUTIVO NACIONAL - JEFE DE GABINETE DE MINISTROS - GIRADO A LA COMISION RESPECTIVA"},"('Tramites', 'FECHA')":{"('0199-S-2009', 0)":"02\/12\/2009","('0199-S-2009', 1)":null,"('0199-S-2009', 2)":"12\/05\/2010","('0199-S-2009', 3)":"30\/11\/2011"},"('Tramites', 'RESULTADO')":{"('0199-S-2009', 0)":"APROBADO","('0199-S-2009', 1)":null,"('0199-S-2009', 2)":"APROBADO","('0199-S-2009', 3)":null},"Link":{"('0199-S-2009', 0)":"http:\/\/www.senado.gov.ar\/parlamentario\/comisiones\/verExp\/475.08\/OV\/PR","('0199-S-2009', 1)":null,"('0199-S-2009', 2)":null,"('0199-S-2009', 3)":null},"Palabra Clave":{"('0199-S-2009', 0)":" ","('0199-S-2009', 1)":null,"('0199-S-2009', 2)":null,"('0199-S-2009', 3)":null}}