{"Tipo de Proyecto":{"('0200-D-2009', 0)":"PROYECTO DE LEY","('0200-D-2009', 1)":null},"Iniciado en: ":{"('0200-D-2009', 0)":"Diputados","('0200-D-2009', 1)":null},"Expediente Diputados: ":{"('0200-D-2009', 0)":"0200-D-2009","('0200-D-2009', 1)":null},"Publicado en: ":{"('0200-D-2009', 0)":"Tr\u00e1mite Parlamentario N\u00b0 1","('0200-D-2009', 1)":null},"Fecha: ":{"('0200-D-2009', 0)":"02\/03\/2009","('0200-D-2009', 1)":null},"T\u00edtulo":{"('0200-D-2009', 0)":"MODIFICACION DEL ARTICULO 90 DEL CODIGO CIVIL, SOBRE EL DOMICILIO DE LA MUJER TRABAJADORA CASADA (REPRODUCCION DEL EXPEDIENTE 2431-D-07).","('0200-D-2009', 1)":null},"('Firmantes', 'FIRMANTE')":{"('0200-D-2009', 0)":"RODRIGUEZ, MARCELA VIRGINIA","('0200-D-2009', 1)":null},"('Firmantes', 'DISTRITO')":{"('0200-D-2009', 0)":"BUENOS AIRES","('0200-D-2009', 1)":null},"('Firmantes', 'BLOQUE')":{"('0200-D-2009', 0)":"COALICION CIVICA - ARI - GEN - UPT","('0200-D-2009', 1)":null},"('Giros', 'COMISI\u00d3N')":{"('0200-D-2009', 0)":"LEGISLACION GENERAL","('0200-D-2009', 1)":"FAMILIA, MUJER, NI\u00d1EZ Y ADOLESCENCIA"},"Palabra Clave":{"('0200-D-2009', 0)":" ","('0200-D-2009', 1)":null}}