{"Tipo de Proyecto":{"('0201-S-2009', 0)":"PROYECTO DE RESOLUCI\u00d3N","('0201-S-2009', 1)":null,"('0201-S-2009', 2)":null,"('0201-S-2009', 3)":null},"Iniciado en: ":{"('0201-S-2009', 0)":"Senado","('0201-S-2009', 1)":null,"('0201-S-2009', 2)":null,"('0201-S-2009', 3)":null},"Expediente Diputados: ":{"('0201-S-2009', 0)":"0201-S-2009","('0201-S-2009', 1)":null,"('0201-S-2009', 2)":null,"('0201-S-2009', 3)":null},"Expediente Senado: ":{"('0201-S-2009', 0)":"0493-OV-2008","('0201-S-2009', 1)":null,"('0201-S-2009', 2)":null,"('0201-S-2009', 3)":null},"Fecha: ":{"('0201-S-2009', 0)":"22\/09\/2009","('0201-S-2009', 1)":null,"('0201-S-2009', 2)":null,"('0201-S-2009', 3)":null},"T\u00edtulo":{"('0201-S-2009', 0)":"PEDIDO DE INFORMES AL PODER EJECUTIVO SOBRE RESOLUCION REMITIDA POR LA AUDITORIA GENERAL DE LA NACION REFERENTE A LOS ESTADOS FINANCIEROS AL 31 DE DICIEMBRE DE 2004, CORRESPONDIENTES AL PROYECTO DE DESCENTRALIZACION Y MEJORAMIENTO DE LA EDUCACION SECUNDARIA Y DESARROLLO DE LA EDUCACION POLIMODAL - CONVENIO DE PRESTAMO 3971-AR BIRF.","('0201-S-2009', 1)":null,"('0201-S-2009', 2)":null,"('0201-S-2009', 3)":null},"('Firmantes', 'FIRMANTE')":{"('0201-S-2009', 0)":"PARLAMENTARIA MIXTA REVISORA DE CUENTAS","('0201-S-2009', 1)":null,"('0201-S-2009', 2)":null,"('0201-S-2009', 3)":null},"('Firmantes', 'DISTRITO')":{"('0201-S-2009', 0)":null,"('0201-S-2009', 1)":null,"('0201-S-2009', 2)":null,"('0201-S-2009', 3)":null},"('Firmantes', 'BLOQUE')":{"('0201-S-2009', 0)":null,"('0201-S-2009', 1)":null,"('0201-S-2009', 2)":null,"('0201-S-2009', 3)":null},"('Giros', 'COMISI\u00d3N')":{"('0201-S-2009', 0)":"PARLAMENTARIA MIXTA REVISORA DE CUENTAS","('0201-S-2009', 1)":null,"('0201-S-2009', 2)":null,"('0201-S-2009', 3)":null},"('Tramites', 'C\u00c1MARA')":{"('0201-S-2009', 0)":"Senado","('0201-S-2009', 1)":"Diputados","('0201-S-2009', 2)":"Diputados","('0201-S-2009', 3)":"Diputados"},"('Tramites', 'MOVIMIENTO')":{"('0201-S-2009', 0)":"CONSIDERACION Y APROBACION","('0201-S-2009', 1)":"PASA A DIPUTADOS -","('0201-S-2009', 2)":"CONSIDERACION Y APROBACION","('0201-S-2009', 3)":"CONTESTACION DEL PODER EJECUTIVO NACIONAL - JEFE DE GABINETE DE MINISTROS - GIRADO A LA COMISION RESPECTIVA"},"('Tramites', 'FECHA')":{"('0201-S-2009', 0)":"02\/12\/2009","('0201-S-2009', 1)":null,"('0201-S-2009', 2)":"12\/05\/2010","('0201-S-2009', 3)":"16\/03\/2011"},"('Tramites', 'RESULTADO')":{"('0201-S-2009', 0)":"APROBADO","('0201-S-2009', 1)":null,"('0201-S-2009', 2)":"APROBADO","('0201-S-2009', 3)":null},"Link":{"('0201-S-2009', 0)":"http:\/\/www.senado.gov.ar\/parlamentario\/comisiones\/verExp\/493.08\/OV\/PR","('0201-S-2009', 1)":null,"('0201-S-2009', 2)":null,"('0201-S-2009', 3)":null},"Palabra Clave":{"('0201-S-2009', 0)":" ","('0201-S-2009', 1)":null,"('0201-S-2009', 2)":null,"('0201-S-2009', 3)":null}}