{"Tipo de Proyecto":{"('0201-D-2009', 0)":"PROYECTO DE LEY","('0201-D-2009', 1)":null,"('0201-D-2009', 2)":null},"Iniciado en: ":{"('0201-D-2009', 0)":"Diputados","('0201-D-2009', 1)":null,"('0201-D-2009', 2)":null},"Expediente Diputados: ":{"('0201-D-2009', 0)":"0201-D-2009","('0201-D-2009', 1)":null,"('0201-D-2009', 2)":null},"Publicado en: ":{"('0201-D-2009', 0)":"Tr\u00e1mite Parlamentario N\u00b0 1","('0201-D-2009', 1)":null,"('0201-D-2009', 2)":null},"Fecha: ":{"('0201-D-2009', 0)":"02\/03\/2009","('0201-D-2009', 1)":null,"('0201-D-2009', 2)":null},"T\u00edtulo":{"('0201-D-2009', 0)":"DECLARAR LA NULIDAD ABSOLUTA E INSALVABLE AL DECRETO 557\/05, SOBRE EL PODER JUDICIAL DE LA NACION, POR EL QUE SE EFECTUAN MODIFICACIONES A LA LEY 23853 (REPRODUCCION DEL EXPEDIENTE 2433-D-07).","('0201-D-2009', 1)":null,"('0201-D-2009', 2)":null},"('Firmantes', 'FIRMANTE')":{"('0201-D-2009', 0)":"RODRIGUEZ, MARCELA VIRGINIA","('0201-D-2009', 1)":null,"('0201-D-2009', 2)":null},"('Firmantes', 'DISTRITO')":{"('0201-D-2009', 0)":"BUENOS AIRES","('0201-D-2009', 1)":null,"('0201-D-2009', 2)":null},"('Firmantes', 'BLOQUE')":{"('0201-D-2009', 0)":"COALICION CIVICA - ARI - GEN - UPT","('0201-D-2009', 1)":null,"('0201-D-2009', 2)":null},"('Giros', 'COMISI\u00d3N')":{"('0201-D-2009', 0)":"JUSTICIA","('0201-D-2009', 1)":"PRESUPUESTO Y HACIENDA","('0201-D-2009', 2)":"ASUNTOS CONSTITUCIONALES"},"Palabra Clave":{"('0201-D-2009', 0)":" ","('0201-D-2009', 1)":null,"('0201-D-2009', 2)":null}}