{"Tipo de Proyecto":{"('0202-D-2009', 0)":"PROYECTO DE LEY","('0202-D-2009', 1)":null},"Iniciado en: ":{"('0202-D-2009', 0)":"Diputados","('0202-D-2009', 1)":null},"Expediente Diputados: ":{"('0202-D-2009', 0)":"0202-D-2009","('0202-D-2009', 1)":null},"Publicado en: ":{"('0202-D-2009', 0)":"Tr\u00e1mite Parlamentario N\u00b0 1","('0202-D-2009', 1)":null},"Fecha: ":{"('0202-D-2009', 0)":"02\/03\/2009","('0202-D-2009', 1)":null},"T\u00edtulo":{"('0202-D-2009', 0)":"MODIFICACIONES A LA LEY 22360, DE PREVENCION Y LUCHA CONTRA LA ENFERMEDAD DE CHAGAS MAZZA, SOBRE LOS EXAMENES SEROLOGICOS (REPRODUCCION DEL EXPEDIENTE 2549-D-07).","('0202-D-2009', 1)":null},"('Firmantes', 'FIRMANTE')":{"('0202-D-2009', 0)":"RODRIGUEZ, MARCELA VIRGINIA","('0202-D-2009', 1)":null},"('Firmantes', 'DISTRITO')":{"('0202-D-2009', 0)":"BUENOS AIRES","('0202-D-2009', 1)":null},"('Firmantes', 'BLOQUE')":{"('0202-D-2009', 0)":"COALICION CIVICA - ARI - GEN - UPT","('0202-D-2009', 1)":null},"('Giros', 'COMISI\u00d3N')":{"('0202-D-2009', 0)":"ACCION SOCIAL Y SALUD PUBLICA","('0202-D-2009', 1)":"DERECHOS HUMANOS Y GARANTIAS"},"Sumario":{"('0202-D-2009', 0)":"MODIFICACION DE LA RUBRICA IV 'DE LOS EXAMENES SEROLOGICOS PARA DETERMINAR LA INFECCION CHAGASICA Y ENFERMEDADES VINCULABLES (ARTICULOS 7 A 11)'; MODIFICACION DEL ARTICULO 7 (ANALISIS).","('0202-D-2009', 1)":null},"Palabra Clave":{"('0202-D-2009', 0)":" ","('0202-D-2009', 1)":null}}