{"Tipo de Proyecto":{"('0202-S-2009', 0)":"PROYECTO DE RESOLUCI\u00d3N","('0202-S-2009', 1)":null,"('0202-S-2009', 2)":null,"('0202-S-2009', 3)":null},"Iniciado en: ":{"('0202-S-2009', 0)":"Senado","('0202-S-2009', 1)":null,"('0202-S-2009', 2)":null,"('0202-S-2009', 3)":null},"Expediente Diputados: ":{"('0202-S-2009', 0)":"0202-S-2009","('0202-S-2009', 1)":null,"('0202-S-2009', 2)":null,"('0202-S-2009', 3)":null},"Expediente Senado: ":{"('0202-S-2009', 0)":"0024-OV-2009","('0202-S-2009', 1)":null,"('0202-S-2009', 2)":null,"('0202-S-2009', 3)":null},"Fecha: ":{"('0202-S-2009', 0)":"22\/09\/2009","('0202-S-2009', 1)":null,"('0202-S-2009', 2)":null,"('0202-S-2009', 3)":null},"T\u00edtulo":{"('0202-S-2009', 0)":"PEDIDO DE INFORMES AL PODER EJECUTIVO SOBRE RESOLUCIONES REMITIDAS POR LA AUDITORIA GENERAL DE LA NACION REFERENTES A LOS ESTADOS CONTABLES AL 30 DE JUNIO DE 2008 (0024-OV-09) Y LA CARTA DE REFERIDA A ASPECTOS CONTABLES Y DE CONTROL INTERNO ELABORADA SOBRE LOS ESTADOS CONTABLES AL 30 DE JUNIO DE 2008 (0024-OV-09) EN AL AMBITO DE TALLERES NAVALES DARSENA NORTE SOCIEDAD ANONIMA COMERCIAL, INDUSTRIAL Y NAVIERA (TANDANOR S.A.C.I. Y N.).","('0202-S-2009', 1)":null,"('0202-S-2009', 2)":null,"('0202-S-2009', 3)":null},"('Firmantes', 'FIRMANTE')":{"('0202-S-2009', 0)":"PARLAMENTARIA MIXTA REVISORA DE CUENTAS","('0202-S-2009', 1)":null,"('0202-S-2009', 2)":null,"('0202-S-2009', 3)":null},"('Firmantes', 'DISTRITO')":{"('0202-S-2009', 0)":null,"('0202-S-2009', 1)":null,"('0202-S-2009', 2)":null,"('0202-S-2009', 3)":null},"('Firmantes', 'BLOQUE')":{"('0202-S-2009', 0)":null,"('0202-S-2009', 1)":null,"('0202-S-2009', 2)":null,"('0202-S-2009', 3)":null},"('Giros', 'COMISI\u00d3N')":{"('0202-S-2009', 0)":"PARLAMENTARIA MIXTA REVISORA DE CUENTAS","('0202-S-2009', 1)":null,"('0202-S-2009', 2)":null,"('0202-S-2009', 3)":null},"('Tramites', 'C\u00c1MARA')":{"('0202-S-2009', 0)":"Senado","('0202-S-2009', 1)":"Diputados","('0202-S-2009', 2)":"Diputados","('0202-S-2009', 3)":"Diputados"},"('Tramites', 'MOVIMIENTO')":{"('0202-S-2009', 0)":"CONSIDERACION Y APROBACION","('0202-S-2009', 1)":"PASA A DIPUTADOS -","('0202-S-2009', 2)":"CONSIDERACION Y APROBACION","('0202-S-2009', 3)":"CONTESTACION DEL PODER EJECUTIVO NACIONAL - JEFE DE GABINETE DE MINISTROS - GIRADO A LA COMISION RESPECTIVA"},"('Tramites', 'FECHA')":{"('0202-S-2009', 0)":"02\/12\/2009","('0202-S-2009', 1)":null,"('0202-S-2009', 2)":"12\/05\/2010","('0202-S-2009', 3)":"13\/04\/2011"},"('Tramites', 'RESULTADO')":{"('0202-S-2009', 0)":"APROBADO","('0202-S-2009', 1)":null,"('0202-S-2009', 2)":"APROBADO","('0202-S-2009', 3)":null},"Link":{"('0202-S-2009', 0)":"http:\/\/www.senado.gov.ar\/parlamentario\/comisiones\/verExp\/24.09\/OV\/PR","('0202-S-2009', 1)":null,"('0202-S-2009', 2)":null,"('0202-S-2009', 3)":null},"Palabra Clave":{"('0202-S-2009', 0)":" ","('0202-S-2009', 1)":null,"('0202-S-2009', 2)":null,"('0202-S-2009', 3)":null}}