{"Tipo de Proyecto":{"('0203-S-2009', 0)":"PROYECTO DE RESOLUCI\u00d3N","('0203-S-2009', 1)":null,"('0203-S-2009', 2)":null,"('0203-S-2009', 3)":null},"Iniciado en: ":{"('0203-S-2009', 0)":"Senado","('0203-S-2009', 1)":null,"('0203-S-2009', 2)":null,"('0203-S-2009', 3)":null},"Expediente Diputados: ":{"('0203-S-2009', 0)":"0203-S-2009","('0203-S-2009', 1)":null,"('0203-S-2009', 2)":null,"('0203-S-2009', 3)":null},"Expediente Senado: ":{"('0203-S-2009', 0)":"0457-OV-2008","('0203-S-2009', 1)":null,"('0203-S-2009', 2)":null,"('0203-S-2009', 3)":null},"Fecha: ":{"('0203-S-2009', 0)":"22\/09\/2009","('0203-S-2009', 1)":null,"('0203-S-2009', 2)":null,"('0203-S-2009', 3)":null},"T\u00edtulo":{"('0203-S-2009', 0)":"PEDIDO DE INFORMES AL PODER EJECUTIVO SOBRE RESOLUCIONES REMITIDAS POR LA AUDITORIA GENERAL DE LA NACION ACERCA DE LA CARTA SOBRE ASPECTOS CONTABLES Y DE CONTROL INTERNO ELABORADA SOBRE LOS ESTADOS CONTABLES POR EL EJERCICIO FINALIZADO EL 31 DE DICIEMBRE DE 2006 (0457-OV-08) Y LOS ESTADOS CONTABLES POR EL EJERCICIO FINALIZADO EL 31 DE DICIEMBRE DE 2006 (0458-OV-08) EN EL AMBITO DE TELAM SOCIEDAD DEL ESTADO.","('0203-S-2009', 1)":null,"('0203-S-2009', 2)":null,"('0203-S-2009', 3)":null},"('Firmantes', 'FIRMANTE')":{"('0203-S-2009', 0)":"PARLAMENTARIA MIXTA REVISORA DE CUENTAS","('0203-S-2009', 1)":null,"('0203-S-2009', 2)":null,"('0203-S-2009', 3)":null},"('Firmantes', 'DISTRITO')":{"('0203-S-2009', 0)":null,"('0203-S-2009', 1)":null,"('0203-S-2009', 2)":null,"('0203-S-2009', 3)":null},"('Firmantes', 'BLOQUE')":{"('0203-S-2009', 0)":null,"('0203-S-2009', 1)":null,"('0203-S-2009', 2)":null,"('0203-S-2009', 3)":null},"('Giros', 'COMISI\u00d3N')":{"('0203-S-2009', 0)":"PARLAMENTARIA MIXTA REVISORA DE CUENTAS","('0203-S-2009', 1)":null,"('0203-S-2009', 2)":null,"('0203-S-2009', 3)":null},"('Tramites', 'C\u00c1MARA')":{"('0203-S-2009', 0)":"Senado","('0203-S-2009', 1)":"Diputados","('0203-S-2009', 2)":"Diputados","('0203-S-2009', 3)":"Senado"},"('Tramites', 'MOVIMIENTO')":{"('0203-S-2009', 0)":"CONSIDERACION Y APROBACION","('0203-S-2009', 1)":"PASA A DIPUTADOS -","('0203-S-2009', 2)":"CONSIDERACION Y APROBACION","('0203-S-2009', 3)":"CONTESTACION DEL PODER EJECUTIVO NACIONAL - JEFE DE GABINETE DE MINISTROS - GIRADO A LA COMISION RESPECTIVA"},"('Tramites', 'FECHA')":{"('0203-S-2009', 0)":"02\/12\/2009","('0203-S-2009', 1)":null,"('0203-S-2009', 2)":"12\/05\/2010","('0203-S-2009', 3)":"14\/03\/2012"},"('Tramites', 'RESULTADO')":{"('0203-S-2009', 0)":"APROBADO","('0203-S-2009', 1)":null,"('0203-S-2009', 2)":"APROBADO","('0203-S-2009', 3)":null},"Link":{"('0203-S-2009', 0)":"http:\/\/www.senado.gov.ar\/parlamentario\/comisiones\/verExp\/457.08\/OV\/PR","('0203-S-2009', 1)":null,"('0203-S-2009', 2)":null,"('0203-S-2009', 3)":null},"Palabra Clave":{"('0203-S-2009', 0)":" ","('0203-S-2009', 1)":null,"('0203-S-2009', 2)":null,"('0203-S-2009', 3)":null}}