{"Tipo de Proyecto":{"('0205-D-2009', 0)":"PROYECTO DE LEY","('0205-D-2009', 1)":null},"Iniciado en: ":{"('0205-D-2009', 0)":"Diputados","('0205-D-2009', 1)":null},"Expediente Diputados: ":{"('0205-D-2009', 0)":"0205-D-2009","('0205-D-2009', 1)":null},"Publicado en: ":{"('0205-D-2009', 0)":"Tr\u00e1mite Parlamentario N\u00b0 1","('0205-D-2009', 1)":null},"Fecha: ":{"('0205-D-2009', 0)":"02\/03\/2009","('0205-D-2009', 1)":null},"T\u00edtulo":{"('0205-D-2009', 0)":"DECLARAR DE INTERES NACIONAL EL DIAGNOSTICO Y TRATAMIENTO DE LA ENFERMEDAD CELIACA, DEROGACION DE LA LEY 24827 (REPRODUCCION DEL EXPEDIENTE 2577-D-07).","('0205-D-2009', 1)":null},"('Firmantes', 'FIRMANTE')":{"('0205-D-2009', 0)":"RODRIGUEZ, MARCELA VIRGINIA","('0205-D-2009', 1)":null},"('Firmantes', 'DISTRITO')":{"('0205-D-2009', 0)":"BUENOS AIRES","('0205-D-2009', 1)":null},"('Firmantes', 'BLOQUE')":{"('0205-D-2009', 0)":"COALICION CIVICA - ARI - GEN - UPT","('0205-D-2009', 1)":null},"('Giros', 'COMISI\u00d3N')":{"('0205-D-2009', 0)":"ACCION SOCIAL Y SALUD PUBLICA","('0205-D-2009', 1)":"PRESUPUESTO Y HACIENDA"},"('Tramites', 'C\u00c1MARA')":{"('0205-D-2009', 0)":"Diputados","('0205-D-2009', 1)":null},"('Tramites', 'MOVIMIENTO')":{"('0205-D-2009', 0)":"SOLICITUD DEL AUTOR DE RETIRO DEL PROYECTO (AFIRMATIVA)","('0205-D-2009', 1)":null},"('Tramites', 'FECHA')":{"('0205-D-2009', 0)":"11\/03\/2009","('0205-D-2009', 1)":null},"('Tramites', 'RESULTADO')":{"('0205-D-2009', 0)":"RETIRADO","('0205-D-2009', 1)":null},"Sumario":{"('0205-D-2009', 0)":"GRATUIDAD DE EXAMENES Y PRUEBAS DE LABORATORIO; OBLIGATORIEDAD PARA NI\u00d1OS AL INGRESO ESCOLAR; INCORPORACION AL PLAN MEDICO OBLIGATORIO; EMPRESAS ALIMENTARIAS, LABORATORIOS Y DROGUERIAS; IMPRESION DEL SIMBOLO EN PRODUCTOS; SANCIONES Y MULTAS.","('0205-D-2009', 1)":null},"Palabra Clave":{"('0205-D-2009', 0)":" ","('0205-D-2009', 1)":null}}