{"Tipo de Proyecto":{"('0206-S-2009', 0)":"PROYECTO DE RESOLUCI\u00d3N","('0206-S-2009', 1)":null,"('0206-S-2009', 2)":null,"('0206-S-2009', 3)":null},"Iniciado en: ":{"('0206-S-2009', 0)":"Senado","('0206-S-2009', 1)":null,"('0206-S-2009', 2)":null,"('0206-S-2009', 3)":null},"Expediente Diputados: ":{"('0206-S-2009', 0)":"0206-S-2009","('0206-S-2009', 1)":null,"('0206-S-2009', 2)":null,"('0206-S-2009', 3)":null},"Expediente Senado: ":{"('0206-S-2009', 0)":"0007-OV-2009","('0206-S-2009', 1)":null,"('0206-S-2009', 2)":null,"('0206-S-2009', 3)":null},"Fecha: ":{"('0206-S-2009', 0)":"22\/09\/2009","('0206-S-2009', 1)":null,"('0206-S-2009', 2)":null,"('0206-S-2009', 3)":null},"T\u00edtulo":{"('0206-S-2009', 0)":"PEDIDO DE INFORMES AL PODER EJECUTIVO SOBRE RESOLUCION REMITIDA POR LA AUDITORIA GENERAL DE LA NACION REFERIDA A EVALUAR LA GESTION DE LA TECNOLOGIA DE INFORMACION EN LA BIBLIOTECA NACIONAL, CON EL OBJETO DE DETERMINAR DEBILIDADES Y FORTALEZAS DE LA INFORMACION EN EL ORGANISMO.","('0206-S-2009', 1)":null,"('0206-S-2009', 2)":null,"('0206-S-2009', 3)":null},"('Firmantes', 'FIRMANTE')":{"('0206-S-2009', 0)":"PARLAMENTARIA MIXTA REVISORA DE CUENTAS","('0206-S-2009', 1)":null,"('0206-S-2009', 2)":null,"('0206-S-2009', 3)":null},"('Firmantes', 'DISTRITO')":{"('0206-S-2009', 0)":null,"('0206-S-2009', 1)":null,"('0206-S-2009', 2)":null,"('0206-S-2009', 3)":null},"('Firmantes', 'BLOQUE')":{"('0206-S-2009', 0)":null,"('0206-S-2009', 1)":null,"('0206-S-2009', 2)":null,"('0206-S-2009', 3)":null},"('Giros', 'COMISI\u00d3N')":{"('0206-S-2009', 0)":"PARLAMENTARIA MIXTA REVISORA DE CUENTAS","('0206-S-2009', 1)":null,"('0206-S-2009', 2)":null,"('0206-S-2009', 3)":null},"('Tramites', 'C\u00c1MARA')":{"('0206-S-2009', 0)":"Senado","('0206-S-2009', 1)":"Diputados","('0206-S-2009', 2)":"Diputados","('0206-S-2009', 3)":"Diputados"},"('Tramites', 'MOVIMIENTO')":{"('0206-S-2009', 0)":"CONSIDERACION Y APROBACION","('0206-S-2009', 1)":"PASA A DIPUTADOS -","('0206-S-2009', 2)":"CONSIDERACION Y APROBACION","('0206-S-2009', 3)":"CONTESTACION DEL PODER EJECUTIVO NACIONAL - JEFE DE GABINETE DE MINISTROS - GIRADO A LA COMISION RESPECTIVA"},"('Tramites', 'FECHA')":{"('0206-S-2009', 0)":"02\/12\/2009","('0206-S-2009', 1)":null,"('0206-S-2009', 2)":"12\/05\/2010","('0206-S-2009', 3)":"16\/03\/2011"},"('Tramites', 'RESULTADO')":{"('0206-S-2009', 0)":"APROBADO","('0206-S-2009', 1)":null,"('0206-S-2009', 2)":"APROBADO","('0206-S-2009', 3)":null},"Link":{"('0206-S-2009', 0)":"http:\/\/www.senado.gov.ar\/parlamentario\/comisiones\/verExp\/7.09\/OV\/PR","('0206-S-2009', 1)":null,"('0206-S-2009', 2)":null,"('0206-S-2009', 3)":null},"Palabra Clave":{"('0206-S-2009', 0)":" ","('0206-S-2009', 1)":null,"('0206-S-2009', 2)":null,"('0206-S-2009', 3)":null}}