{"Tipo de Proyecto":{"('0207-D-2009', 0)":"PROYECTO DE LEY","('0207-D-2009', 1)":null},"Iniciado en: ":{"('0207-D-2009', 0)":"Diputados","('0207-D-2009', 1)":null},"Expediente Diputados: ":{"('0207-D-2009', 0)":"0207-D-2009","('0207-D-2009', 1)":null},"Publicado en: ":{"('0207-D-2009', 0)":"Tr\u00e1mite Parlamentario N\u00b0 1","('0207-D-2009', 1)":null},"Fecha: ":{"('0207-D-2009', 0)":"02\/03\/2009","('0207-D-2009', 1)":null},"T\u00edtulo":{"('0207-D-2009', 0)":"OTORGAR JERARQUIA CONSTITUCIONAL A LA CONVENCION INTERAMERICANA PARA LA ELIMINACION DE TODAS LAS FORMAS DE DISCRIMINACION CONTRA LAS PERSONAS CON DISCAPACIDAD, APROBADA POR LA ASAMBLEA GENERAL DE LA ORGANIZACION DE ESTADOS AMERICANOS EN LA CIUDAD DE GUATEMALA, EL DIA 8 DE JUNIO DE 1999, LEY 25280 (REPRODUCCION DEL EXPEDIENTE 4177-D-07).","('0207-D-2009', 1)":null},"('Firmantes', 'FIRMANTE')":{"('0207-D-2009', 0)":"RODRIGUEZ, MARCELA VIRGINIA","('0207-D-2009', 1)":null},"('Firmantes', 'DISTRITO')":{"('0207-D-2009', 0)":"BUENOS AIRES","('0207-D-2009', 1)":null},"('Firmantes', 'BLOQUE')":{"('0207-D-2009', 0)":"COALICION CIVICA - ARI - GEN - UPT","('0207-D-2009', 1)":null},"('Giros', 'COMISI\u00d3N')":{"('0207-D-2009', 0)":"DISCAPACIDAD","('0207-D-2009', 1)":"ASUNTOS CONSTITUCIONALES"},"Palabra Clave":{"('0207-D-2009', 0)":" ","('0207-D-2009', 1)":null}}