{"Tipo de Proyecto":{"('0208-D-2009', 0)":"PROYECTO DE LEY","('0208-D-2009', 1)":null,"('0208-D-2009', 2)":null},"Iniciado en: ":{"('0208-D-2009', 0)":"Diputados","('0208-D-2009', 1)":null,"('0208-D-2009', 2)":null},"Expediente Diputados: ":{"('0208-D-2009', 0)":"0208-D-2009","('0208-D-2009', 1)":null,"('0208-D-2009', 2)":null},"Publicado en: ":{"('0208-D-2009', 0)":"Tr\u00e1mite Parlamentario N\u00b0 1","('0208-D-2009', 1)":null,"('0208-D-2009', 2)":null},"Fecha: ":{"('0208-D-2009', 0)":"02\/03\/2009","('0208-D-2009', 1)":null,"('0208-D-2009', 2)":null},"T\u00edtulo":{"('0208-D-2009', 0)":"FIJAR EL DIA 12 DE OCTUBRE DE CADA A\u00d1O, FERIADO NACIONAL CONFORME A LA LEY 21329, COMO DIA NACIONAL DEL RESPETO POR LA DIVERSIDAD CULTURAL; DEROGACION DEL DECRETO 7112\/17 Y EL DECRETO 7786\/64; MODIFICACION DEL ARTICULO 3 DE LA LEY 23555 QUE TRASLADA FERIADOS A LOS DIAS LUNES (REPRODUCCION DEL EXPEDIENTE 4836-D-07).","('0208-D-2009', 1)":null,"('0208-D-2009', 2)":null},"('Firmantes', 'FIRMANTE')":{"('0208-D-2009', 0)":"RODRIGUEZ, MARCELA VIRGINIA","('0208-D-2009', 1)":null,"('0208-D-2009', 2)":null},"('Firmantes', 'DISTRITO')":{"('0208-D-2009', 0)":"BUENOS AIRES","('0208-D-2009', 1)":null,"('0208-D-2009', 2)":null},"('Firmantes', 'BLOQUE')":{"('0208-D-2009', 0)":"COALICION CIVICA - ARI - GEN - UPT","('0208-D-2009', 1)":null,"('0208-D-2009', 2)":null},"('Giros', 'COMISI\u00d3N')":{"('0208-D-2009', 0)":"LEGISLACION GENERAL","('0208-D-2009', 1)":"TURISMO","('0208-D-2009', 2)":"CULTURA"},"Palabra Clave":{"('0208-D-2009', 0)":" ","('0208-D-2009', 1)":null,"('0208-D-2009', 2)":null}}