{"Tipo de Proyecto":{"('0210-S-2009', 0)":"PROYECTO DE RESOLUCI\u00d3N","('0210-S-2009', 1)":null,"('0210-S-2009', 2)":null,"('0210-S-2009', 3)":null,"('0210-S-2009', 4)":null,"('0210-S-2009', 5)":null},"Iniciado en: ":{"('0210-S-2009', 0)":"Senado","('0210-S-2009', 1)":null,"('0210-S-2009', 2)":null,"('0210-S-2009', 3)":null,"('0210-S-2009', 4)":null,"('0210-S-2009', 5)":null},"Expediente Diputados: ":{"('0210-S-2009', 0)":"0210-S-2009","('0210-S-2009', 1)":null,"('0210-S-2009', 2)":null,"('0210-S-2009', 3)":null,"('0210-S-2009', 4)":null,"('0210-S-2009', 5)":null},"Expediente Senado: ":{"('0210-S-2009', 0)":"0030-OV-2009","('0210-S-2009', 1)":null,"('0210-S-2009', 2)":null,"('0210-S-2009', 3)":null,"('0210-S-2009', 4)":null,"('0210-S-2009', 5)":null},"Fecha: ":{"('0210-S-2009', 0)":"22\/09\/2009","('0210-S-2009', 1)":null,"('0210-S-2009', 2)":null,"('0210-S-2009', 3)":null,"('0210-S-2009', 4)":null,"('0210-S-2009', 5)":null},"T\u00edtulo":{"('0210-S-2009', 0)":"PEDIDO DE INFORMES AL PODER EJECUTIVO SOBRE LAS MEDIDAS ADOPTADAS EN ATENCION A LAS OBSERVACIONES FORMULADAS POR LA AUDITORIA GENERAL DE LA NACION; ACERCA DEL INFORME ESPECIAL REFERIDO A LA ASIGNACION DE FONDOS Y LA EJECUCION PRESUPUESTARIA DE LA AUTORIDAD CUENCA MATANZA - RIACHUELO (ACUMAR) QUE PRESENTA INFORMACION AL 31 DE DICIEMBRE DE 2007 Y EL PERIODO COMPRENDIDO ENTRE EL 1 DE ENERO DE 2008 Y EL 30 DE SEPTIEMBRE DE 2008.","('0210-S-2009', 1)":null,"('0210-S-2009', 2)":null,"('0210-S-2009', 3)":null,"('0210-S-2009', 4)":null,"('0210-S-2009', 5)":null},"('Firmantes', 'FIRMANTE')":{"('0210-S-2009', 0)":"PARLAMENTARIA MIXTA REVISORA DE CUENTAS","('0210-S-2009', 1)":null,"('0210-S-2009', 2)":null,"('0210-S-2009', 3)":null,"('0210-S-2009', 4)":null,"('0210-S-2009', 5)":null},"('Firmantes', 'DISTRITO')":{"('0210-S-2009', 0)":null,"('0210-S-2009', 1)":null,"('0210-S-2009', 2)":null,"('0210-S-2009', 3)":null,"('0210-S-2009', 4)":null,"('0210-S-2009', 5)":null},"('Firmantes', 'BLOQUE')":{"('0210-S-2009', 0)":null,"('0210-S-2009', 1)":null,"('0210-S-2009', 2)":null,"('0210-S-2009', 3)":null,"('0210-S-2009', 4)":null,"('0210-S-2009', 5)":null},"('Giros', 'COMISI\u00d3N')":{"('0210-S-2009', 0)":"PARLAMENTARIA MIXTA REVISORA DE CUENTAS","('0210-S-2009', 1)":null,"('0210-S-2009', 2)":null,"('0210-S-2009', 3)":null,"('0210-S-2009', 4)":null,"('0210-S-2009', 5)":null},"('Tramites', 'C\u00c1MARA')":{"('0210-S-2009', 0)":"Senado","('0210-S-2009', 1)":"Diputados","('0210-S-2009', 2)":"Diputados","('0210-S-2009', 3)":"Diputados","('0210-S-2009', 4)":"Diputados","('0210-S-2009', 5)":"Diputados"},"('Tramites', 'MOVIMIENTO')":{"('0210-S-2009', 0)":"CONSIDERACION Y APROBACION","('0210-S-2009', 1)":"PASA A DIPUTADOS -","('0210-S-2009', 2)":"CONSIDERACION Y APROBACION","('0210-S-2009', 3)":"CONTESTACION DEL PODER EJECUTIVO NACIONAL - JEFE DE GABINETE DE MINISTROS - GIRADO A LA COMISION RESPECTIVA","('0210-S-2009', 4)":"CONTESTACION DEL PODER EJECUTIVO NACIONAL - JEFE DE GABINETE DE MINISTROS - GIRADO A LA COMISION RESPECTIVA","('0210-S-2009', 5)":"CONTESTACION DEL PODER EJECUTIVO NACIONAL - JEFE DE GABINETE DE MINISTROS - GIRADO A LA COMISION RESPECTIVA"},"('Tramites', 'FECHA')":{"('0210-S-2009', 0)":"02\/12\/2009","('0210-S-2009', 1)":null,"('0210-S-2009', 2)":"12\/05\/2010","('0210-S-2009', 3)":"13\/10\/2010","('0210-S-2009', 4)":"16\/03\/2011","('0210-S-2009', 5)":"30\/11\/2011"},"('Tramites', 'RESULTADO')":{"('0210-S-2009', 0)":"APROBADO","('0210-S-2009', 1)":null,"('0210-S-2009', 2)":"APROBADO","('0210-S-2009', 3)":null,"('0210-S-2009', 4)":null,"('0210-S-2009', 5)":null},"Sumario":{"('0210-S-2009', 0)":"PEDIDO DE INFORMES AL PODER EJECUTIVO SOBRE LAS MEDIDAS ADOPTADAS EN ATENCION A LAS OBSERVACIONES FORMULADAS POR LA AUDITORIA GENERAL DE LA NACION.","('0210-S-2009', 1)":null,"('0210-S-2009', 2)":null,"('0210-S-2009', 3)":null,"('0210-S-2009', 4)":null,"('0210-S-2009', 5)":null},"Palabra Clave":{"('0210-S-2009', 0)":" ","('0210-S-2009', 1)":null,"('0210-S-2009', 2)":null,"('0210-S-2009', 3)":null,"('0210-S-2009', 4)":null,"('0210-S-2009', 5)":null}}