{"Tipo de Proyecto":{"('0211-S-2009', 0)":"PROYECTO DE RESOLUCI\u00d3N","('0211-S-2009', 1)":null,"('0211-S-2009', 2)":null},"Iniciado en: ":{"('0211-S-2009', 0)":"Senado","('0211-S-2009', 1)":null,"('0211-S-2009', 2)":null},"Expediente Diputados: ":{"('0211-S-2009', 0)":"0211-S-2009","('0211-S-2009', 1)":null,"('0211-S-2009', 2)":null},"Expediente Senado: ":{"('0211-S-2009', 0)":"0056-OV-2009","('0211-S-2009', 1)":null,"('0211-S-2009', 2)":null},"Fecha: ":{"('0211-S-2009', 0)":"22\/09\/2009","('0211-S-2009', 1)":null,"('0211-S-2009', 2)":null},"T\u00edtulo":{"('0211-S-2009', 0)":"PEDIDO DE INFORMES AL PODER EJECUTIVO SOBRE RESOLUCION REMITIDA POR LA AUDITORIA GENERAL DE LA NACION REFERIDA A UNA AUDITORIA DE GESTION CON EL OBJETO DE VERIFICAR EL GRADO DE REGULARIZACION, ENMIENDA O SUBSANACION DE LAS DEFICIENCIAS QUE ORIGINARON LAS OBSERVACIONES Y RECOMENDACIONES VERTIDAS EN EL INFORME APROBADO POR RESOLUCION 132\/98 AGN Y SU SINTESIS, EN EL AMBITO DEL INSTITUTO DE ONCOLOGIA ANGEL H. ROFFO.","('0211-S-2009', 1)":null,"('0211-S-2009', 2)":null},"('Firmantes', 'FIRMANTE')":{"('0211-S-2009', 0)":"PARLAMENTARIA MIXTA REVISORA DE CUENTAS","('0211-S-2009', 1)":null,"('0211-S-2009', 2)":null},"('Firmantes', 'DISTRITO')":{"('0211-S-2009', 0)":null,"('0211-S-2009', 1)":null,"('0211-S-2009', 2)":null},"('Firmantes', 'BLOQUE')":{"('0211-S-2009', 0)":null,"('0211-S-2009', 1)":null,"('0211-S-2009', 2)":null},"('Giros', 'COMISI\u00d3N')":{"('0211-S-2009', 0)":"PARLAMENTARIA MIXTA REVISORA DE CUENTAS","('0211-S-2009', 1)":null,"('0211-S-2009', 2)":null},"('Tramites', 'C\u00c1MARA')":{"('0211-S-2009', 0)":"Senado","('0211-S-2009', 1)":"Diputados","('0211-S-2009', 2)":"Diputados"},"('Tramites', 'MOVIMIENTO')":{"('0211-S-2009', 0)":"CONSIDERACION Y APROBACION","('0211-S-2009', 1)":"PASA A DIPUTADOS -","('0211-S-2009', 2)":"CONSIDERACION Y APROBACION"},"('Tramites', 'FECHA')":{"('0211-S-2009', 0)":"02\/12\/2009","('0211-S-2009', 1)":null,"('0211-S-2009', 2)":"12\/05\/2010"},"('Tramites', 'RESULTADO')":{"('0211-S-2009', 0)":"APROBADO","('0211-S-2009', 1)":null,"('0211-S-2009', 2)":"APROBADO"},"Link":{"('0211-S-2009', 0)":"http:\/\/www.senado.gov.ar\/parlamentario\/comisiones\/verExp\/56.09\/OV\/PR","('0211-S-2009', 1)":null,"('0211-S-2009', 2)":null},"Palabra Clave":{"('0211-S-2009', 0)":" ","('0211-S-2009', 1)":null,"('0211-S-2009', 2)":null}}