{"Tipo de Proyecto":{"('0213-S-2009', 0)":"PROYECTO DE RESOLUCI\u00d3N","('0213-S-2009', 1)":null,"('0213-S-2009', 2)":null},"Iniciado en: ":{"('0213-S-2009', 0)":"Senado","('0213-S-2009', 1)":null,"('0213-S-2009', 2)":null},"Expediente Diputados: ":{"('0213-S-2009', 0)":"0213-S-2009","('0213-S-2009', 1)":null,"('0213-S-2009', 2)":null},"Expediente Senado: ":{"('0213-S-2009', 0)":"0088-OV-2009","('0213-S-2009', 1)":null,"('0213-S-2009', 2)":null},"Fecha: ":{"('0213-S-2009', 0)":"22\/09\/2009","('0213-S-2009', 1)":null,"('0213-S-2009', 2)":null},"T\u00edtulo":{"('0213-S-2009', 0)":"PEDIDO DE INFORMES AL PODER EJECUTIVO SOBRE RESOLUCION REMITIDA POR LA AUDITORIA GENERAL DE LA NACION REFERENTE A LOS ESTADOS FINANCIEROS AL 31 DE DICIEMBRE DE 2007, CORRESPONDIENTES AL PROYECTO DE DESARROLLO RURAL DE LAS PROVINCIAS DEL NORESTE ARGENTINO (NEA) - CONTRATO DE PRESTAMO 417-AR FIDA.","('0213-S-2009', 1)":null,"('0213-S-2009', 2)":null},"('Firmantes', 'FIRMANTE')":{"('0213-S-2009', 0)":"PARLAMENTARIA MIXTA REVISORA DE CUENTAS","('0213-S-2009', 1)":null,"('0213-S-2009', 2)":null},"('Firmantes', 'DISTRITO')":{"('0213-S-2009', 0)":null,"('0213-S-2009', 1)":null,"('0213-S-2009', 2)":null},"('Firmantes', 'BLOQUE')":{"('0213-S-2009', 0)":null,"('0213-S-2009', 1)":null,"('0213-S-2009', 2)":null},"('Giros', 'COMISI\u00d3N')":{"('0213-S-2009', 0)":"PARLAMENTARIA MIXTA REVISORA DE CUENTAS","('0213-S-2009', 1)":null,"('0213-S-2009', 2)":null},"('Tramites', 'C\u00c1MARA')":{"('0213-S-2009', 0)":"Senado","('0213-S-2009', 1)":"Diputados","('0213-S-2009', 2)":"Diputados"},"('Tramites', 'MOVIMIENTO')":{"('0213-S-2009', 0)":"CONSIDERACION Y APROBACION","('0213-S-2009', 1)":"PASA A DIPUTADOS -","('0213-S-2009', 2)":"CONSIDERACION Y APROBACION"},"('Tramites', 'FECHA')":{"('0213-S-2009', 0)":"02\/12\/2009","('0213-S-2009', 1)":null,"('0213-S-2009', 2)":"12\/05\/2010"},"('Tramites', 'RESULTADO')":{"('0213-S-2009', 0)":"APROBADO","('0213-S-2009', 1)":null,"('0213-S-2009', 2)":"APROBADO"},"Link":{"('0213-S-2009', 0)":"http:\/\/www.senado.gov.ar\/parlamentario\/comisiones\/verExp\/88.09\/OV\/PR","('0213-S-2009', 1)":null,"('0213-S-2009', 2)":null},"Palabra Clave":{"('0213-S-2009', 0)":" ","('0213-S-2009', 1)":null,"('0213-S-2009', 2)":null}}