{"Tipo de Proyecto":{"('0214-S-2009', 0)":"PROYECTO DE RESOLUCI\u00d3N","('0214-S-2009', 1)":null,"('0214-S-2009', 2)":null,"('0214-S-2009', 3)":null,"('0214-S-2009', 4)":null},"Iniciado en: ":{"('0214-S-2009', 0)":"Senado","('0214-S-2009', 1)":null,"('0214-S-2009', 2)":null,"('0214-S-2009', 3)":null,"('0214-S-2009', 4)":null},"Expediente Diputados: ":{"('0214-S-2009', 0)":"0214-S-2009","('0214-S-2009', 1)":null,"('0214-S-2009', 2)":null,"('0214-S-2009', 3)":null,"('0214-S-2009', 4)":null},"Expediente Senado: ":{"('0214-S-2009', 0)":"0093-OV-2009","('0214-S-2009', 1)":null,"('0214-S-2009', 2)":null,"('0214-S-2009', 3)":null,"('0214-S-2009', 4)":null},"Fecha: ":{"('0214-S-2009', 0)":"22\/09\/2009","('0214-S-2009', 1)":null,"('0214-S-2009', 2)":null,"('0214-S-2009', 3)":null,"('0214-S-2009', 4)":null},"T\u00edtulo":{"('0214-S-2009', 0)":"PEDIDO DE INFORMES AL PODER EJECUTIVO SOBRE RESOLUCION REMITIDA POR LA AUDITORIA GENERAL DE LA NACION REFERENTE A LOS ESTADOS FINANCIEROS AL 31 DE DICIEMBRE DE 2008, CORRESPONDIENTES AL PROGRAMADE PASOS FRONTERIZOS Y CORREDORES DE INTEGRACION - CONTRATO DE PRESTAMO 1294\/OC-AR BID.","('0214-S-2009', 1)":null,"('0214-S-2009', 2)":null,"('0214-S-2009', 3)":null,"('0214-S-2009', 4)":null},"('Firmantes', 'FIRMANTE')":{"('0214-S-2009', 0)":"PARLAMENTARIA MIXTA REVISORA DE CUENTAS","('0214-S-2009', 1)":null,"('0214-S-2009', 2)":null,"('0214-S-2009', 3)":null,"('0214-S-2009', 4)":null},"('Firmantes', 'DISTRITO')":{"('0214-S-2009', 0)":null,"('0214-S-2009', 1)":null,"('0214-S-2009', 2)":null,"('0214-S-2009', 3)":null,"('0214-S-2009', 4)":null},"('Firmantes', 'BLOQUE')":{"('0214-S-2009', 0)":null,"('0214-S-2009', 1)":null,"('0214-S-2009', 2)":null,"('0214-S-2009', 3)":null,"('0214-S-2009', 4)":null},"('Giros', 'COMISI\u00d3N')":{"('0214-S-2009', 0)":"PARLAMENTARIA MIXTA REVISORA DE CUENTAS","('0214-S-2009', 1)":null,"('0214-S-2009', 2)":null,"('0214-S-2009', 3)":null,"('0214-S-2009', 4)":null},"('Tramites', 'C\u00c1MARA')":{"('0214-S-2009', 0)":"Senado","('0214-S-2009', 1)":"Diputados","('0214-S-2009', 2)":"Diputados","('0214-S-2009', 3)":"Diputados","('0214-S-2009', 4)":"Diputados"},"('Tramites', 'MOVIMIENTO')":{"('0214-S-2009', 0)":"CONSIDERACION Y APROBACION","('0214-S-2009', 1)":"PASA A DIPUTADOS -","('0214-S-2009', 2)":"CONSIDERACION Y APROBACION","('0214-S-2009', 3)":"CONTESTACION DEL PODER EJECUTIVO NACIONAL - JEFE DE GABINETE DE MINISTROS - GIRADO A LA COMISION RESPECTIVA","('0214-S-2009', 4)":"MOCION DE PREFERENCIA PARA LA PROXIMA SESION CON DICTAMEN (AFIRMATIVA)"},"('Tramites', 'FECHA')":{"('0214-S-2009', 0)":"02\/12\/2009","('0214-S-2009', 1)":null,"('0214-S-2009', 2)":"12\/05\/2010","('0214-S-2009', 3)":"30\/11\/2011","('0214-S-2009', 4)":"11\/09\/2013"},"('Tramites', 'RESULTADO')":{"('0214-S-2009', 0)":"APROBADO","('0214-S-2009', 1)":null,"('0214-S-2009', 2)":"APROBADO","('0214-S-2009', 3)":null,"('0214-S-2009', 4)":null},"Link":{"('0214-S-2009', 0)":"http:\/\/www.senado.gov.ar\/parlamentario\/comisiones\/verExp\/93.09\/OV\/PR","('0214-S-2009', 1)":null,"('0214-S-2009', 2)":null,"('0214-S-2009', 3)":null,"('0214-S-2009', 4)":null},"Palabra Clave":{"('0214-S-2009', 0)":" ","('0214-S-2009', 1)":null,"('0214-S-2009', 2)":null,"('0214-S-2009', 3)":null,"('0214-S-2009', 4)":null}}