{"Tipo de Proyecto":{"('0001-P-2004', 0)":"PROYECTO DE RESOLUCI\u00d3N"},"Iniciado en: ":{"('0001-P-2004', 0)":"Senado"},"Expediente Senado: ":{"('0001-P-2004', 0)":"0001-P-2004"},"Fecha: ":{"('0001-P-2004', 0)":"17\/05\/2004"},"T\u00edtulo":{"('0001-P-2004', 0)":"AUSPICIAR EL III CONGRESO INTERNACIONAL SOBRE \" DERECHOS Y GARANTIAS EN EL SIGLO XXI \" EL DERECHO Y EL NUEVO CONTEXTO MUNDIAL."},"('Firmantes', 'FIRMANTE')":{"('0001-P-2004', 0)":"DERECHOS Y GARANTIAS"},"('Firmantes', 'DISTRITO')":{"('0001-P-2004', 0)":null},"('Firmantes', 'BLOQUE')":{"('0001-P-2004', 0)":null},"('Tramites', 'C\u00c1MARA')":{"('0001-P-2004', 0)":"Senado"},"('Tramites', 'MOVIMIENTO')":{"('0001-P-2004', 0)":"APROBACION ARTICULO 106, PARRAFO 3 DEL REGLAMENTO DEL H SENADO"},"('Tramites', 'FECHA')":{"('0001-P-2004', 0)":"23\/06\/2004"},"('Tramites', 'RESULTADO')":{"('0001-P-2004', 0)":"APROBADO"},"Link":{"('0001-P-2004', 0)":"http:\/\/www.senado.gov.ar\/parlamentario\/comisiones\/verExp\/1.04\/P\/PR"},"Palabra Clave":{"('0001-P-2004', 0)":" "}}