{"Tipo de Proyecto":{"('0002-S-2004', 0)":"PROYECTO DE DECLARACI\u00d3N"},"Iniciado en: ":{"('0002-S-2004', 0)":"Senado"},"Expediente Senado: ":{"('0002-S-2004', 0)":"0002-S-2004"},"Publicado en: ":{"('0002-S-2004', 0)":"Diario de Asuntos Entrados N\u00b0 1"},"Fecha: ":{"('0002-S-2004', 0)":"01\/03\/2004"},"T\u00edtulo":{"('0002-S-2004', 0)":"EXPRESAR ADHESION AL DIA INTERNACIONAL DE LA MUJER, A CELEBRARSE EL PROXIMO 8 DE MARZO."},"('Firmantes', 'FIRMANTE')":{"('0002-S-2004', 0)":"BAR, GRACIELA YOLANDA"},"('Firmantes', 'DISTRITO')":{"('0002-S-2004', 0)":"ENTRE RIOS"},"('Firmantes', 'BLOQUE')":{"('0002-S-2004', 0)":"JUSTICIALISTA"},"Link":{"('0002-S-2004', 0)":"http:\/\/www.senado.gov.ar\/parlamentario\/comisiones\/verExp\/2.04\/S\/PD"},"Palabra Clave":{"('0002-S-2004', 0)":" "}}