{"Tipo de Proyecto":{"('0003-PE-2004', 0)":"MENSAJE NRO: 0320\/04","('0003-PE-2004', 1)":null,"('0003-PE-2004', 2)":null},"Iniciado en: ":{"('0003-PE-2004', 0)":"Diputados","('0003-PE-2004', 1)":null,"('0003-PE-2004', 2)":null},"Expediente Diputados: ":{"('0003-PE-2004', 0)":"0003-PE-2004","('0003-PE-2004', 1)":null,"('0003-PE-2004', 2)":null},"Expediente Senado: ":{"('0003-PE-2004', 0)":"2641-S-2005","('0003-PE-2004', 1)":null,"('0003-PE-2004', 2)":null},"Publicado en: ":{"('0003-PE-2004', 0)":"Tr\u00e1mite Parlamentario N\u00b0 13","('0003-PE-2004', 1)":null,"('0003-PE-2004', 2)":null},"Fecha: ":{"('0003-PE-2004', 0)":"17\/03\/2004","('0003-PE-2004', 1)":null,"('0003-PE-2004', 2)":null},"T\u00edtulo":{"('0003-PE-2004', 0)":"COMUNICACION DEL DECRETO 319\/04 POR EL CUAL SE CREA EL COMITE DE BANCOS PARA LA RENEGOCIACION DE LA DEUDA EXTERNA.","('0003-PE-2004', 1)":null,"('0003-PE-2004', 2)":null},"('Firmantes', 'FIRMANTE')":{"('0003-PE-2004', 0)":"KIRCHNER, NESTOR CARLOS","('0003-PE-2004', 1)":"FERNANDEZ, ALBERTO","('0003-PE-2004', 2)":"LAVAGNA, ROBERTO"},"('Firmantes', 'DISTRITO')":{"('0003-PE-2004', 0)":null,"('0003-PE-2004', 1)":null,"('0003-PE-2004', 2)":null},"('Firmantes', 'BLOQUE')":{"('0003-PE-2004', 0)":"PODER EJECUTIVO","('0003-PE-2004', 1)":"PODER EJECUTIVO","('0003-PE-2004', 2)":"PODER EJECUTIVO"},"('Giros', 'COMISI\u00d3N')":{"('0003-PE-2004', 0)":"BICAMERAL DE SEGUIMIENTO DE FACULTADES DELEGADAS AL PODER EJECUTIVO NACIONAL - LEY 25561","('0003-PE-2004', 1)":null,"('0003-PE-2004', 2)":null},"('Tramites', 'C\u00c1MARA')":{"('0003-PE-2004', 0)":"Senado","('0003-PE-2004', 1)":"Diputados","('0003-PE-2004', 2)":null},"('Tramites', 'MOVIMIENTO')":{"('0003-PE-2004', 0)":"CONSIDERACION Y APROBACION","('0003-PE-2004', 1)":"PASA A DIPUTADOS -","('0003-PE-2004', 2)":null},"('Tramites', 'FECHA')":{"('0003-PE-2004', 0)":"10\/05\/2006","('0003-PE-2004', 1)":null,"('0003-PE-2004', 2)":null},"('Tramites', 'RESULTADO')":{"('0003-PE-2004', 0)":"APROBADO","('0003-PE-2004', 1)":null,"('0003-PE-2004', 2)":null},"Palabra Clave":{"('0003-PE-2004', 0)":" ","('0003-PE-2004', 1)":null,"('0003-PE-2004', 2)":null}}