{"Tipo de Proyecto":{"('0003-S-2004', 0)":"COMUNICACION"},"Iniciado en: ":{"('0003-S-2004', 0)":"Senado"},"Expediente Senado: ":{"('0003-S-2004', 0)":"0003-S-2004"},"Publicado en: ":{"('0003-S-2004', 0)":"Diario de Asuntos Entrados N\u00b0 1"},"Fecha: ":{"('0003-S-2004', 0)":"01\/03\/2004"},"T\u00edtulo":{"('0003-S-2004', 0)":"SOLICITAR AL PODER EJECUTIVO NACIONAL LA IMPLEMENTACION DE POLITICAS PUBLICAS QUE PERMITAN UN MEJORAMIENTO DE LAS CONDICIONES DE LA CALIDAD DE VIDA DE LAS PERSONAS CON DISCAPACIDAD, COMO UN MODO DE ADHERIR A LA CELEBRACION DEL A\u00d1O IBEROAMERICANO DE LAS PERSONAS CON DISCAPACIDAD."},"('Firmantes', 'FIRMANTE')":{"('0003-S-2004', 0)":"ARANCIO, MONICA"},"('Firmantes', 'DISTRITO')":{"('0003-S-2004', 0)":"JUJUY"},"('Firmantes', 'BLOQUE')":{"('0003-S-2004', 0)":"FRENTE CIVICO JUJE\u00d1O"},"Link":{"('0003-S-2004', 0)":"http:\/\/www.senado.gov.ar\/parlamentario\/comisiones\/verExp\/3.04\/S\/PC"},"Palabra Clave":{"('0003-S-2004', 0)":" "}}