{"Tipo de Proyecto":{"('0005-JGM-2004', 0)":"MENSAJE NRO: 0137\/04","('0005-JGM-2004', 1)":null,"('0005-JGM-2004', 2)":null},"Iniciado en: ":{"('0005-JGM-2004', 0)":"Diputados","('0005-JGM-2004', 1)":null,"('0005-JGM-2004', 2)":null},"Expediente Diputados: ":{"('0005-JGM-2004', 0)":"0005-JGM-2004","('0005-JGM-2004', 1)":null,"('0005-JGM-2004', 2)":null},"Publicado en: ":{"('0005-JGM-2004', 0)":"Tr\u00e1mite Parlamentario N\u00b0 35","('0005-JGM-2004', 1)":null,"('0005-JGM-2004', 2)":null},"Fecha: ":{"('0005-JGM-2004', 0)":"21\/04\/2004","('0005-JGM-2004', 1)":null,"('0005-JGM-2004', 2)":null},"T\u00edtulo":{"('0005-JGM-2004', 0)":"REMITE LA ACTUALIZACION DEL INFORME DEL PRESUPUESTO PLURIANUAL PARA EL PERIODO 2004 - 2006.","('0005-JGM-2004', 1)":null,"('0005-JGM-2004', 2)":null},"('Firmantes', 'FIRMANTE')":{"('0005-JGM-2004', 0)":"KIRCHNER, NESTOR CARLOS","('0005-JGM-2004', 1)":"FERNANDEZ, ALBERTO","('0005-JGM-2004', 2)":"LAVAGNA, ROBERTO"},"('Firmantes', 'DISTRITO')":{"('0005-JGM-2004', 0)":null,"('0005-JGM-2004', 1)":null,"('0005-JGM-2004', 2)":null},"('Firmantes', 'BLOQUE')":{"('0005-JGM-2004', 0)":"PODER EJECUTIVO","('0005-JGM-2004', 1)":"PODER EJECUTIVO","('0005-JGM-2004', 2)":"PODER EJECUTIVO"},"('Giros', 'COMISI\u00d3N')":{"('0005-JGM-2004', 0)":"PRESUPUESTO Y HACIENDA","('0005-JGM-2004', 1)":null,"('0005-JGM-2004', 2)":null},"Palabra Clave":{"('0005-JGM-2004', 0)":" ","('0005-JGM-2004', 1)":null,"('0005-JGM-2004', 2)":null}}