{"Tipo de Proyecto":{"('0006-S-2004', 0)":"PROYECTO DE LEY"},"Iniciado en: ":{"('0006-S-2004', 0)":"Senado"},"Expediente Senado: ":{"('0006-S-2004', 0)":"0006-S-2004"},"Publicado en: ":{"('0006-S-2004', 0)":"Diario de Asuntos Entrados N\u00b0 1"},"Fecha: ":{"('0006-S-2004', 0)":"01\/03\/2004"},"T\u00edtulo":{"('0006-S-2004', 0)":"DEROGAR EL ARTICULO 39 DE LA LEY 12962 RATIFICATORIO DEL DECRETO LEY 15348\/46, MODIFICADO POR DECRETO LEY 6810\/63 (PRENDA CON REGISTRO) EN LO CONCERNIENTE AL PROCEDIMIENTO ESPECIAL DE EJECUCION PRENDARIA PARA BANCOS, FINANCIERAS Y OTRAS ENTIDADES (REPRODUCCION DEL EXPEDIENTE 1547-S-02)."},"('Firmantes', 'FIRMANTE')":{"('0006-S-2004', 0)":"PAZ, ELVA AZUCENA"},"('Firmantes', 'DISTRITO')":{"('0006-S-2004', 0)":"FORMOSA"},"('Firmantes', 'BLOQUE')":{"('0006-S-2004', 0)":"JUSTICIALISTA"},"('Tramites', 'C\u00c1MARA')":{"('0006-S-2004', 0)":"Senado"},"('Tramites', 'MOVIMIENTO')":{"('0006-S-2004', 0)":"CAMBIO DE ORDEN DE LAS COMISIONES (AFIRMATIVA)"},"('Tramites', 'FECHA')":{"('0006-S-2004', 0)":"21\/04\/2004"},"('Tramites', 'RESULTADO')":{"('0006-S-2004', 0)":null},"Link":{"('0006-S-2004', 0)":"http:\/\/www.senado.gov.ar\/parlamentario\/comisiones\/verExp\/6.04\/S\/PL"},"Palabra Clave":{"('0006-S-2004', 0)":" "}}