{"Tipo de Proyecto":{"('0007-PE-2004', 0)":"MENSAJE NRO: 0377\/04","('0007-PE-2004', 1)":null,"('0007-PE-2004', 2)":null},"Iniciado en: ":{"('0007-PE-2004', 0)":"Diputados","('0007-PE-2004', 1)":null,"('0007-PE-2004', 2)":null},"Expediente Diputados: ":{"('0007-PE-2004', 0)":"0007-PE-2004","('0007-PE-2004', 1)":null,"('0007-PE-2004', 2)":null},"Publicado en: ":{"('0007-PE-2004', 0)":"Tr\u00e1mite Parlamentario N\u00b0 24","('0007-PE-2004', 1)":null,"('0007-PE-2004', 2)":null},"Fecha: ":{"('0007-PE-2004', 0)":"01\/04\/2004","('0007-PE-2004', 1)":null,"('0007-PE-2004', 2)":null},"T\u00edtulo":{"('0007-PE-2004', 0)":"COMUNICACION EL DECRETO 368\/04 POR EL CUAL SE MODIFICA LA LEY 24714, DE ASIGNACIONES FAMILIARES  ","('0007-PE-2004', 1)":null,"('0007-PE-2004', 2)":null},"('Firmantes', 'FIRMANTE')":{"('0007-PE-2004', 0)":"KIRCHNER, NESTOR CARLOS","('0007-PE-2004', 1)":"FERNANDEZ, ALBERTO","('0007-PE-2004', 2)":"TOMADA, CARLOS"},"('Firmantes', 'DISTRITO')":{"('0007-PE-2004', 0)":null,"('0007-PE-2004', 1)":null,"('0007-PE-2004', 2)":null},"('Firmantes', 'BLOQUE')":{"('0007-PE-2004', 0)":"PODER EJECUTIVO","('0007-PE-2004', 1)":"PODER EJECUTIVO","('0007-PE-2004', 2)":"PODER EJECUTIVO"},"('Giros', 'COMISI\u00d3N')":{"('0007-PE-2004', 0)":"LEGISLACION DEL TRABAJO","('0007-PE-2004', 1)":"PREVISION Y SEGURIDAD SOCIAL","('0007-PE-2004', 2)":null},"('Tramites', 'C\u00c1MARA')":{"('0007-PE-2004', 0)":"Diputados","('0007-PE-2004', 1)":null,"('0007-PE-2004', 2)":null},"('Tramites', 'MOVIMIENTO')":{"('0007-PE-2004', 0)":"VER TRAMITE EN EXPEDIENTE 6797-D-06","('0007-PE-2004', 1)":null,"('0007-PE-2004', 2)":null},"('Tramites', 'FECHA')":{"('0007-PE-2004', 0)":null,"('0007-PE-2004', 1)":null,"('0007-PE-2004', 2)":null},"('Tramites', 'RESULTADO')":{"('0007-PE-2004', 0)":null,"('0007-PE-2004', 1)":null,"('0007-PE-2004', 2)":null},"Palabra Clave":{"('0007-PE-2004', 0)":" ","('0007-PE-2004', 1)":null,"('0007-PE-2004', 2)":null}}