{"Tipo de Proyecto":{"('0008-S-2004', 0)":"PROYECTO DE LEY","('0008-S-2004', 1)":null,"('0008-S-2004', 2)":null,"('0008-S-2004', 3)":null,"('0008-S-2004', 4)":null,"('0008-S-2004', 5)":null},"Iniciado en: ":{"('0008-S-2004', 0)":"Senado","('0008-S-2004', 1)":null,"('0008-S-2004', 2)":null,"('0008-S-2004', 3)":null,"('0008-S-2004', 4)":null,"('0008-S-2004', 5)":null},"Expediente Senado: ":{"('0008-S-2004', 0)":"0008-S-2004","('0008-S-2004', 1)":null,"('0008-S-2004', 2)":null,"('0008-S-2004', 3)":null,"('0008-S-2004', 4)":null,"('0008-S-2004', 5)":null},"Publicado en: ":{"('0008-S-2004', 0)":"Diario de Asuntos Entrados N\u00b0 1","('0008-S-2004', 1)":null,"('0008-S-2004', 2)":null,"('0008-S-2004', 3)":null,"('0008-S-2004', 4)":null,"('0008-S-2004', 5)":null},"Fecha: ":{"('0008-S-2004', 0)":"01\/03\/2004","('0008-S-2004', 1)":null,"('0008-S-2004', 2)":null,"('0008-S-2004', 3)":null,"('0008-S-2004', 4)":null,"('0008-S-2004', 5)":null},"T\u00edtulo":{"('0008-S-2004', 0)":"DECLARAR EN \"ESTADO DE EMERGENCIA ECONOMICA\" AL SECTOR PECUARIO DE LAS PROVINCIAS DE CHACO, FORMOSA, JUJUY Y SALTA.","('0008-S-2004', 1)":null,"('0008-S-2004', 2)":null,"('0008-S-2004', 3)":null,"('0008-S-2004', 4)":null,"('0008-S-2004', 5)":null},"('Firmantes', 'FIRMANTE')":{"('0008-S-2004', 0)":"CURLETTI, MIRIAM BELEN","('0008-S-2004', 1)":"MASTANDREA, ALICIA ESTER","('0008-S-2004', 2)":"ARANCIO, MONICA","('0008-S-2004', 3)":"ESCUDERO, SONIA MARGARITA","('0008-S-2004', 4)":"LESCANO, MARCELA FABIANA","('0008-S-2004', 5)":"MORALES, GERARDO RUBEN"},"('Firmantes', 'DISTRITO')":{"('0008-S-2004', 0)":"CHACO","('0008-S-2004', 1)":"CHACO","('0008-S-2004', 2)":"JUJUY","('0008-S-2004', 3)":"SALTA","('0008-S-2004', 4)":"FORMOSA","('0008-S-2004', 5)":"JUJUY"},"('Firmantes', 'BLOQUE')":{"('0008-S-2004', 0)":"UCR","('0008-S-2004', 1)":"UCR","('0008-S-2004', 2)":"FRENTE CIVICO JUJE\u00d1O","('0008-S-2004', 3)":"JUSTICIALISTA","('0008-S-2004', 4)":"UCR","('0008-S-2004', 5)":"FRENTE CIVICO JUJE\u00d1O"},"Sumario":{"('0008-S-2004', 0)":"IMPLEMENTACION DE COMPENSACIONES ESPECIALES; VIGENCIA DEL ESTADO DE EMERGENCIA ECONOMICA; PRORROGAS; DIFERIMIENTO DE DEUDAS BANCARIAS E IMPOSITIVAS; MEDIDAS DE REACTIVACION DEL SECTOR.","('0008-S-2004', 1)":null,"('0008-S-2004', 2)":null,"('0008-S-2004', 3)":null,"('0008-S-2004', 4)":null,"('0008-S-2004', 5)":null},"Palabra Clave":{"('0008-S-2004', 0)":" ","('0008-S-2004', 1)":null,"('0008-S-2004', 2)":null,"('0008-S-2004', 3)":null,"('0008-S-2004', 4)":null,"('0008-S-2004', 5)":null}}