{"Tipo de Proyecto":{"('0009-S-2004', 0)":"COMUNICACION","('0009-S-2004', 1)":null},"Iniciado en: ":{"('0009-S-2004', 0)":"Senado","('0009-S-2004', 1)":null},"Expediente Senado: ":{"('0009-S-2004', 0)":"0009-S-2004","('0009-S-2004', 1)":null},"Publicado en: ":{"('0009-S-2004', 0)":"Diario de Asuntos Entrados N\u00b0 1","('0009-S-2004', 1)":null},"Fecha: ":{"('0009-S-2004', 0)":"01\/03\/2004","('0009-S-2004', 1)":null},"T\u00edtulo":{"('0009-S-2004', 0)":"PEDIDO DE INFORMES AL PODER EJECUTIVO NACIONAL SOBRE DIVERSOS ASPECTOS RELACIONADOS CON LOS PROCESOS DE CONTROL Y ERRADICACION DE LA PLAGA CONOCIDA COMO \"PICUDO DEL ALGODONERO\".","('0009-S-2004', 1)":null},"('Firmantes', 'FIRMANTE')":{"('0009-S-2004', 0)":"SAADI, RAMON EDUARDO","('0009-S-2004', 1)":null},"('Firmantes', 'DISTRITO')":{"('0009-S-2004', 0)":"CATAMARCA","('0009-S-2004', 1)":null},"('Firmantes', 'BLOQUE')":{"('0009-S-2004', 0)":"JUSTICIALISTA","('0009-S-2004', 1)":null},"('Tramites', 'C\u00c1MARA')":{"('0009-S-2004', 0)":"Senado","('0009-S-2004', 1)":"Senado"},"('Tramites', 'MOVIMIENTO')":{"('0009-S-2004', 0)":"CONSIDERACION Y APROBACION","('0009-S-2004', 1)":"CONTESTACION DEL PODER EJECUTIVO NACIONAL - GIRADO A LA COMISION RESPECTIVA"},"('Tramites', 'FECHA')":{"('0009-S-2004', 0)":"14\/04\/2004","('0009-S-2004', 1)":null},"('Tramites', 'RESULTADO')":{"('0009-S-2004', 0)":"APROBADO","('0009-S-2004', 1)":null},"Link":{"('0009-S-2004', 0)":"http:\/\/www.senado.gov.ar\/parlamentario\/comisiones\/verExp\/9.04\/S\/PC","('0009-S-2004', 1)":null},"Palabra Clave":{"('0009-S-2004', 0)":" ","('0009-S-2004', 1)":null}}