{"Tipo de Proyecto":{"('0009-JGM-2004', 0)":"MENSAJE NRO: 0292\/04","('0009-JGM-2004', 1)":null},"Iniciado en: ":{"('0009-JGM-2004', 0)":"Diputados","('0009-JGM-2004', 1)":null},"Expediente Diputados: ":{"('0009-JGM-2004', 0)":"0009-JGM-2004","('0009-JGM-2004', 1)":null},"Fecha: ":{"('0009-JGM-2004', 0)":"08\/07\/2004","('0009-JGM-2004', 1)":null},"T\u00edtulo":{"('0009-JGM-2004', 0)":"INFORME DE AVANCE SOBRE LA ELABORACION DEL PROYECTO DE LEY DE PRESUPUESTO GENERAL DE LA ADMINISTRACION NACIONAL CORRESPONDIENTE AL EJERCICIO 2005 (DE CONFORMIDAD CON EL ARTICULO 2 DE LA LEY 24629).","('0009-JGM-2004', 1)":null},"('Firmantes', 'FIRMANTE')":{"('0009-JGM-2004', 0)":"FERNANDEZ, ALBERTO","('0009-JGM-2004', 1)":"LAVAGNA, ROBERTO"},"('Firmantes', 'DISTRITO')":{"('0009-JGM-2004', 0)":null,"('0009-JGM-2004', 1)":null},"('Firmantes', 'BLOQUE')":{"('0009-JGM-2004', 0)":"PODER EJECUTIVO","('0009-JGM-2004', 1)":"PODER EJECUTIVO"},"('Giros', 'COMISI\u00d3N')":{"('0009-JGM-2004', 0)":"PRESUPUESTO Y HACIENDA","('0009-JGM-2004', 1)":null},"('Tramites', 'C\u00c1MARA')":{"('0009-JGM-2004', 0)":"Diputados","('0009-JGM-2004', 1)":null},"('Tramites', 'MOVIMIENTO')":{"('0009-JGM-2004', 0)":"Nota Aclaratoria de la Direcci\u00f3n de Informaci\u00f3n Parlamentaria: EL TEXTO ORIGINAL DEL PROYECTO NO FUE PUBLICADO EN EL TRAMITE PARLAMENTARIO.","('0009-JGM-2004', 1)":null},"('Tramites', 'FECHA')":{"('0009-JGM-2004', 0)":null,"('0009-JGM-2004', 1)":null},"('Tramites', 'RESULTADO')":{"('0009-JGM-2004', 0)":null,"('0009-JGM-2004', 1)":null},"Sumario":{"('0009-JGM-2004', 0)":"MARCO GENERAL DE REFERENCIA EN EL CONTEXTO MACROECONOMICO Y LINEAMIENTOS GENERALES DE LA POLITICA PRESUPUESTARIA.","('0009-JGM-2004', 1)":null},"Palabra Clave":{"('0009-JGM-2004', 0)":" ","('0009-JGM-2004', 1)":null}}