{"Tipo de Proyecto":{"('0011-S-2004', 0)":"COMUNICACION"},"Iniciado en: ":{"('0011-S-2004', 0)":"Senado"},"Expediente Senado: ":{"('0011-S-2004', 0)":"0011-S-2004"},"Publicado en: ":{"('0011-S-2004', 0)":"Diario de Asuntos Entrados N\u00b0 1"},"Fecha: ":{"('0011-S-2004', 0)":"01\/03\/2004"},"T\u00edtulo":{"('0011-S-2004', 0)":"SOLICITAR AL PODER EJECUTIVO NACIONAL QUE ABONE EN FORMA INMEDIATA LAS DEUDAS QUE MANTIENE CON LAS FUNDACIONES Y ASOCIACIONES DE PRODUCTORES DE LAS DIFERENTES PROVINCIAS, ORIGINADAS EN LA VACUNACION CONTRA LA FIEBRE AFTOSA Y CORRESPONDIENTES A LA CAMPA\u00d1A 2001."},"('Firmantes', 'FIRMANTE')":{"('0011-S-2004', 0)":"SAADI, RAMON EDUARDO"},"('Firmantes', 'DISTRITO')":{"('0011-S-2004', 0)":"CATAMARCA"},"('Firmantes', 'BLOQUE')":{"('0011-S-2004', 0)":"JUSTICIALISTA"},"('Tramites', 'C\u00c1MARA')":{"('0011-S-2004', 0)":"Senado"},"('Tramites', 'MOVIMIENTO')":{"('0011-S-2004', 0)":"CONSIDERACION Y APROBACION"},"('Tramites', 'FECHA')":{"('0011-S-2004', 0)":"31\/03\/2004"},"('Tramites', 'RESULTADO')":{"('0011-S-2004', 0)":"APROBADO"},"Link":{"('0011-S-2004', 0)":"http:\/\/www.senado.gov.ar\/parlamentario\/comisiones\/verExp\/11.04\/S\/PC"},"Palabra Clave":{"('0011-S-2004', 0)":" "}}