{"Tipo de Proyecto":{"('0011-PE-2004', 0)":"MENSAJE NRO: 0482\/04 Y PROYECTO DE LEY","('0011-PE-2004', 1)":null,"('0011-PE-2004', 2)":null,"('0011-PE-2004', 3)":null,"('0011-PE-2004', 4)":null},"Iniciado en: ":{"('0011-PE-2004', 0)":"Diputados","('0011-PE-2004', 1)":null,"('0011-PE-2004', 2)":null,"('0011-PE-2004', 3)":null,"('0011-PE-2004', 4)":null},"Expediente Diputados: ":{"('0011-PE-2004', 0)":"0011-PE-2004","('0011-PE-2004', 1)":null,"('0011-PE-2004', 2)":null,"('0011-PE-2004', 3)":null,"('0011-PE-2004', 4)":null},"Expediente Senado: ":{"('0011-PE-2004', 0)":"0109-CD-2004","('0011-PE-2004', 1)":null,"('0011-PE-2004', 2)":null,"('0011-PE-2004', 3)":null,"('0011-PE-2004', 4)":null},"Publicado en: ":{"('0011-PE-2004', 0)":"Tr\u00e1mite Parlamentario N\u00b0 35","('0011-PE-2004', 1)":null,"('0011-PE-2004', 2)":null,"('0011-PE-2004', 3)":null,"('0011-PE-2004', 4)":null},"Fecha: ":{"('0011-PE-2004', 0)":"21\/04\/2004","('0011-PE-2004', 1)":null,"('0011-PE-2004', 2)":null,"('0011-PE-2004', 3)":null,"('0011-PE-2004', 4)":null},"T\u00edtulo":{"('0011-PE-2004', 0)":"LIMITE A LA DEDUCCION DISPUESTA POR EL ARTICULO 23, INCISO C), DE LA LEY DE IMPUESTO A LAS GANANCIAS, TEXTO ORDENADO EN 997 Y SUS MODIFICATORIAS.","('0011-PE-2004', 1)":null,"('0011-PE-2004', 2)":null,"('0011-PE-2004', 3)":null,"('0011-PE-2004', 4)":null},"('Firmantes', 'FIRMANTE')":{"('0011-PE-2004', 0)":"KIRCHNER, NESTOR CARLOS","('0011-PE-2004', 1)":"FERNANDEZ, ALBERTO","('0011-PE-2004', 2)":"LAVAGNA, ROBERTO","('0011-PE-2004', 3)":null,"('0011-PE-2004', 4)":null},"('Firmantes', 'DISTRITO')":{"('0011-PE-2004', 0)":null,"('0011-PE-2004', 1)":null,"('0011-PE-2004', 2)":null,"('0011-PE-2004', 3)":null,"('0011-PE-2004', 4)":null},"('Firmantes', 'BLOQUE')":{"('0011-PE-2004', 0)":"PODER EJECUTIVO","('0011-PE-2004', 1)":"PODER EJECUTIVO","('0011-PE-2004', 2)":"PODER EJECUTIVO","('0011-PE-2004', 3)":null,"('0011-PE-2004', 4)":null},"('Giros', 'COMISI\u00d3N')":{"('0011-PE-2004', 0)":"PRESUPUESTO Y HACIENDA","('0011-PE-2004', 1)":null,"('0011-PE-2004', 2)":null,"('0011-PE-2004', 3)":null,"('0011-PE-2004', 4)":null},"('Tramites', 'C\u00c1MARA')":{"('0011-PE-2004', 0)":"Diputados","('0011-PE-2004', 1)":"Diputados","('0011-PE-2004', 2)":"Senado","('0011-PE-2004', 3)":"Senado","('0011-PE-2004', 4)":"Senado"},"('Tramites', 'MOVIMIENTO')":{"('0011-PE-2004', 0)":"MOCION DE PREFERENCIA PARA LA PROXIMA SESION CON DICTAMEN (AFIRMATIVA)","('0011-PE-2004', 1)":"CONSIDERACION Y APROBACION CON MODIFICACIONES","('0011-PE-2004', 2)":"PASA A SENADO -","('0011-PE-2004', 3)":"MOCION SOBRE TABLAS (AFIRMATIVA)","('0011-PE-2004', 4)":"CONSIDERACION Y SANCION"},"('Tramites', 'FECHA')":{"('0011-PE-2004', 0)":"24\/11\/2004","('0011-PE-2004', 1)":"01\/12\/2004","('0011-PE-2004', 2)":null,"('0011-PE-2004', 3)":"16\/12\/2004","('0011-PE-2004', 4)":"16\/12\/2004"},"('Tramites', 'RESULTADO')":{"('0011-PE-2004', 0)":null,"('0011-PE-2004', 1)":"MEDIA SANCION","('0011-PE-2004', 2)":null,"('0011-PE-2004', 3)":null,"('0011-PE-2004', 4)":"SANCIONADO"},"Sumario":{"('0011-PE-2004', 0)":"INCORPORACION DE ULTIMO PARRAFO AL INCISO C) DEL ARTICULO 23 (REMUNERACIONES PROVENIENTES DE REGIMENES PREVISIONALES ESPECIALES).","('0011-PE-2004', 1)":null,"('0011-PE-2004', 2)":null,"('0011-PE-2004', 3)":null,"('0011-PE-2004', 4)":null},"Palabra Clave":{"('0011-PE-2004', 0)":" ","('0011-PE-2004', 1)":null,"('0011-PE-2004', 2)":null,"('0011-PE-2004', 3)":null,"('0011-PE-2004', 4)":null}}