{"Tipo de Proyecto":{"('0015-S-2004', 0)":"PROYECTO DE RESOLUCI\u00d3N"},"Iniciado en: ":{"('0015-S-2004', 0)":"Senado"},"Expediente Senado: ":{"('0015-S-2004', 0)":"0015-S-2004"},"Publicado en: ":{"('0015-S-2004', 0)":"Diario de Asuntos Entrados N\u00b0 1"},"Fecha: ":{"('0015-S-2004', 0)":"01\/03\/2004"},"T\u00edtulo":{"('0015-S-2004', 0)":"PEDIDO DE INFORMES AL PODER EJECUTIVO NACIONAL SOBRE LAS RAZONES QUE MOTIVARON LA DECISION DE RESTRINGIR AL NUMERO DE TRES, LAS SALAS DE EXHIBICIONES DE LA COLECCION DE RELIQUIAS EN EL MUSEO ARQUEOLOGICO CALCHAQUI, DE SAN FERNANDO DEL VALLE DE CATAMARCA, PROVINCIA DE CATAMARCA."},"('Firmantes', 'FIRMANTE')":{"('0015-S-2004', 0)":"SAADI, RAMON EDUARDO"},"('Firmantes', 'DISTRITO')":{"('0015-S-2004', 0)":"CATAMARCA"},"('Firmantes', 'BLOQUE')":{"('0015-S-2004', 0)":"JUSTICIALISTA"},"Link":{"('0015-S-2004', 0)":"http:\/\/www.senado.gov.ar\/parlamentario\/comisiones\/verExp\/15.04\/S\/PR"},"Palabra Clave":{"('0015-S-2004', 0)":" "}}