{"Tipo de Proyecto":{"('0018-S-2004', 0)":"PROYECTO DE RESOLUCI\u00d3N"},"Iniciado en: ":{"('0018-S-2004', 0)":"Senado"},"Expediente Senado: ":{"('0018-S-2004', 0)":"0018-S-2004"},"Publicado en: ":{"('0018-S-2004', 0)":"Diario de Asuntos Entrados N\u00b0 1"},"Fecha: ":{"('0018-S-2004', 0)":"01\/03\/2004"},"T\u00edtulo":{"('0018-S-2004', 0)":"IMPLEMENTACION DEL SISTEMA DE FIRMA DIGITAL EN EL AMBITO DEL PODER LEGISLATIVO NACIONAL."},"('Firmantes', 'FIRMANTE')":{"('0018-S-2004', 0)":"SAADI, RAMON EDUARDO"},"('Firmantes', 'DISTRITO')":{"('0018-S-2004', 0)":"CATAMARCA"},"('Firmantes', 'BLOQUE')":{"('0018-S-2004', 0)":"JUSTICIALISTA"},"Sumario":{"('0018-S-2004', 0)":"ALCANCES; CARACTER OBLIGATORIO; CONSTITUIR AL CONGRESO NACIONAL EN CERTIFICADOR LICENCIADO DE FIRMA DIGITAL PARA LA JURISDICCION DEL PODER LEGISLATIVO, A LOS EFECTOS DEL OTORGAMIENTO DE LOS CERTIFICADOS DIGITALES A FUNCIONARIOS Y EMPLEADOS QUE SE DESEMPE\u00d1EN Y PRESTEN EFECTIVO SERVICIO EN EL AMBITO DE DICHA JURISDICCION, EN LOS TERMINOS DEL ARTICULO 26 DE LA LEY 25506; CONFORMACION DE UNA UNIDAD ESPECIAL DE PROYECTO, DE CARACTER BICAMERAL: CONFORMACION Y COORDINACION A CARGO DE LOS DIRECTORES DE LAS DIRECCIONES DE INFORMATICA Y SISTEMAS DE LA CAMARA DE SENADORES Y DIPUTADOS, FUNCIONES; INFRAESTRUCTURA, POLITICA DE CERTIFICACION Y NORMAS, ESTANDARES; INVITACION A LA CAMARA DE DIPUTADOS A ADHERIR A LA PRESENTE, PARA SU APLICACION EN EL PODER LEGISLATIVO, JURISDICCION DENTRO DE LA CUAL QUEDAN COMPRENDIDAS LAS HONORABLES CAMARAS DE SENADORES Y DE DIPUTADOS DE LA NACION, LA BIBLIOTECA E IMPRENTA DEL CONGRESO DE LA NACION, LA DIRECCION DE AYUDA SOCIAL PARA EL PERSONAL DEL CONGRESO DE LA NACION, LA SUBSECRETARIA GENERAL DE LA DEFENSORIA DEL PUEBLO Y LA COMISION PARLAMENTARIA MIXTA REVISORA DE CUENTAS; AUTORIDADES DE REGISTRO; DISPOSICION TRANSITORIA."},"Palabra Clave":{"('0018-S-2004', 0)":" "}}