{"Tipo de Proyecto":{"('0018-PE-2004', 0)":"MENSAJE NRO: 0398\/04","('0018-PE-2004', 1)":null},"Iniciado en: ":{"('0018-PE-2004', 0)":"Senado","('0018-PE-2004', 1)":null},"Expediente Senado: ":{"('0018-PE-2004', 0)":"0018-PE-2004","('0018-PE-2004', 1)":null},"Publicado en: ":{"('0018-PE-2004', 0)":"DAE S.A. N\u00b0 2","('0018-PE-2004', 1)":null},"Fecha: ":{"('0018-PE-2004', 0)":"07\/04\/2004","('0018-PE-2004', 1)":null},"T\u00edtulo":{"('0018-PE-2004', 0)":"SOLICITA ACUERDO PARA DESIGNAR JUEZ DE LA CAMARA NACIONAL DE APELACIONES EN LO CIVIL Y COMERCIAL FEDERAL (SALA II), AL DOCTOR MARIO HUGO LEZAMA.","('0018-PE-2004', 1)":null},"('Firmantes', 'FIRMANTE')":{"('0018-PE-2004', 0)":"KIRCHNER, NESTOR CARLOS","('0018-PE-2004', 1)":"BELIZ, GUSTAVO"},"('Firmantes', 'DISTRITO')":{"('0018-PE-2004', 0)":null,"('0018-PE-2004', 1)":null},"('Firmantes', 'BLOQUE')":{"('0018-PE-2004', 0)":"PODER EJECUTIVO","('0018-PE-2004', 1)":"PODER EJECUTIVO"},"('Tramites', 'C\u00c1MARA')":{"('0018-PE-2004', 0)":"Senado","('0018-PE-2004', 1)":null},"('Tramites', 'MOVIMIENTO')":{"('0018-PE-2004', 0)":"CONSIDERACION Y APROBACION","('0018-PE-2004', 1)":null},"('Tramites', 'FECHA')":{"('0018-PE-2004', 0)":"23\/06\/2004","('0018-PE-2004', 1)":null},"('Tramites', 'RESULTADO')":{"('0018-PE-2004', 0)":"APROBADO","('0018-PE-2004', 1)":null},"Palabra Clave":{"('0018-PE-2004', 0)":" ","('0018-PE-2004', 1)":null}}