{"Tipo de Proyecto":{"('0020-PE-2004', 0)":"MENSAJE NRO: 0400\/04","('0020-PE-2004', 1)":null},"Iniciado en: ":{"('0020-PE-2004', 0)":"Senado","('0020-PE-2004', 1)":null},"Expediente Senado: ":{"('0020-PE-2004', 0)":"0020-PE-2004","('0020-PE-2004', 1)":null},"Publicado en: ":{"('0020-PE-2004', 0)":"DAE S.A. N\u00b0 2","('0020-PE-2004', 1)":null},"Fecha: ":{"('0020-PE-2004', 0)":"07\/04\/2004","('0020-PE-2004', 1)":null},"T\u00edtulo":{"('0020-PE-2004', 0)":"SOLICITA ACUERDO PARA DESIGNAR JUEZ DEL JUZGADO FEDERAL DE EJECUCIONES FISCALES TRIBUTARIAS NUMERO 4,  AL DOCTOR FERNANDO GUSTAVO SANZ DE URQUIZA.","('0020-PE-2004', 1)":null},"('Firmantes', 'FIRMANTE')":{"('0020-PE-2004', 0)":"KIRCHNER, NESTOR CARLOS","('0020-PE-2004', 1)":"BELIZ, GUSTAVO"},"('Firmantes', 'DISTRITO')":{"('0020-PE-2004', 0)":null,"('0020-PE-2004', 1)":null},"('Firmantes', 'BLOQUE')":{"('0020-PE-2004', 0)":"PODER EJECUTIVO","('0020-PE-2004', 1)":"PODER EJECUTIVO"},"('Tramites', 'C\u00c1MARA')":{"('0020-PE-2004', 0)":"Senado","('0020-PE-2004', 1)":"Senado"},"('Tramites', 'MOVIMIENTO')":{"('0020-PE-2004', 0)":"MOCION SOBRE TABLAS (AFIRMATIVA)","('0020-PE-2004', 1)":"CONSIDERACION Y APROBACION"},"('Tramites', 'FECHA')":{"('0020-PE-2004', 0)":"07\/07\/2004","('0020-PE-2004', 1)":"07\/07\/2004"},"('Tramites', 'RESULTADO')":{"('0020-PE-2004', 0)":null,"('0020-PE-2004', 1)":"APROBADO"},"Palabra Clave":{"('0020-PE-2004', 0)":" ","('0020-PE-2004', 1)":null}}