{"Tipo de Proyecto":{"('0021-PE-2004', 0)":"MENSAJE NRO: 0748\/04 Y PROYECTO DE LEY","('0021-PE-2004', 1)":null,"('0021-PE-2004', 2)":null,"('0021-PE-2004', 3)":null,"('0021-PE-2004', 4)":null,"('0021-PE-2004', 5)":null},"Iniciado en: ":{"('0021-PE-2004', 0)":"Diputados","('0021-PE-2004', 1)":null,"('0021-PE-2004', 2)":null,"('0021-PE-2004', 3)":null,"('0021-PE-2004', 4)":null,"('0021-PE-2004', 5)":null},"Expediente Diputados: ":{"('0021-PE-2004', 0)":"0021-PE-2004","('0021-PE-2004', 1)":null,"('0021-PE-2004', 2)":null,"('0021-PE-2004', 3)":null,"('0021-PE-2004', 4)":null,"('0021-PE-2004', 5)":null},"Expediente Senado: ":{"('0021-PE-2004', 0)":"0020-CD-2004","('0021-PE-2004', 1)":null,"('0021-PE-2004', 2)":null,"('0021-PE-2004', 3)":null,"('0021-PE-2004', 4)":null,"('0021-PE-2004', 5)":null},"Publicado en: ":{"('0021-PE-2004', 0)":"Tr\u00e1mite Parlamentario N\u00b0 74","('0021-PE-2004', 1)":null,"('0021-PE-2004', 2)":null,"('0021-PE-2004', 3)":null,"('0021-PE-2004', 4)":null,"('0021-PE-2004', 5)":null},"Fecha: ":{"('0021-PE-2004', 0)":"16\/06\/2004","('0021-PE-2004', 1)":null,"('0021-PE-2004', 2)":null,"('0021-PE-2004', 3)":null,"('0021-PE-2004', 4)":null,"('0021-PE-2004', 5)":null},"T\u00edtulo":{"('0021-PE-2004', 0)":"AUTORIZAR LA PARTICIPACION DE LAS FUERZAS ARMADAS EN LOS EJERCICIOS COMBINADOS UNITAS XLV 2004 - FASE PACIFICO, PANAMAX - 2004 Y VIEKAREN VI - 2004, A REALIZARSE FUERA DEL TERRITORIO NACIONAL.","('0021-PE-2004', 1)":null,"('0021-PE-2004', 2)":null,"('0021-PE-2004', 3)":null,"('0021-PE-2004', 4)":null,"('0021-PE-2004', 5)":null},"('Firmantes', 'FIRMANTE')":{"('0021-PE-2004', 0)":"KIRCHNER, NESTOR CARLOS","('0021-PE-2004', 1)":"PAMPURO, JOSE JUAN BAUTISTA","('0021-PE-2004', 2)":"BIELSA, RAFAEL","('0021-PE-2004', 3)":null,"('0021-PE-2004', 4)":null,"('0021-PE-2004', 5)":null},"('Firmantes', 'DISTRITO')":{"('0021-PE-2004', 0)":null,"('0021-PE-2004', 1)":null,"('0021-PE-2004', 2)":null,"('0021-PE-2004', 3)":null,"('0021-PE-2004', 4)":null,"('0021-PE-2004', 5)":null},"('Firmantes', 'BLOQUE')":{"('0021-PE-2004', 0)":"PODER EJECUTIVO","('0021-PE-2004', 1)":"PODER EJECUTIVO","('0021-PE-2004', 2)":"PODER EJECUTIVO","('0021-PE-2004', 3)":null,"('0021-PE-2004', 4)":null,"('0021-PE-2004', 5)":null},"('Giros', 'COMISI\u00d3N')":{"('0021-PE-2004', 0)":"DEFENSA NACIONAL","('0021-PE-2004', 1)":"RELACIONES EXTERIORES Y CULTO","('0021-PE-2004', 2)":null,"('0021-PE-2004', 3)":null,"('0021-PE-2004', 4)":null,"('0021-PE-2004', 5)":null},"('Tramites', 'C\u00c1MARA')":{"('0021-PE-2004', 0)":"Diputados","('0021-PE-2004', 1)":"Diputados","('0021-PE-2004', 2)":"Diputados","('0021-PE-2004', 3)":"Senado","('0021-PE-2004', 4)":"Senado","('0021-PE-2004', 5)":"Senado"},"('Tramites', 'MOVIMIENTO')":{"('0021-PE-2004', 0)":"MOCION SOBRE TABLAS (AFIRMATIVA)","('0021-PE-2004', 1)":"CONSIDERACION Y APROBACION","('0021-PE-2004', 2)":"INSERCIONES DE LOS DIPUTADOS MONTEAGUDO, GODOY, WALSH, ROSELLI, DIAZ BANCALARI, VILLAVERDE, JALIL, BALADRON Y MACCHI","('0021-PE-2004', 3)":"PASA A SENADO -","('0021-PE-2004', 4)":"MOCION SOBRE TABLAS CON DICTAMEN (AFIRMATIVA)","('0021-PE-2004', 5)":"CONSIDERACION Y SANCION"},"('Tramites', 'FECHA')":{"('0021-PE-2004', 0)":"16\/06\/2004","('0021-PE-2004', 1)":"16\/06\/2004","('0021-PE-2004', 2)":"16\/06\/2004","('0021-PE-2004', 3)":null,"('0021-PE-2004', 4)":"23\/06\/2004","('0021-PE-2004', 5)":"23\/06\/2004"},"('Tramites', 'RESULTADO')":{"('0021-PE-2004', 0)":null,"('0021-PE-2004', 1)":"MEDIA SANCION","('0021-PE-2004', 2)":null,"('0021-PE-2004', 3)":null,"('0021-PE-2004', 4)":null,"('0021-PE-2004', 5)":"SANCIONADO"},"Link":{"('0021-PE-2004', 0)":"http:\/\/www.senado.gov.ar\/web\/proyectos\/verExpe.php?origen=CD&nro_comision=&tipo=PL&numexp=20\/04&tConsulta=4","('0021-PE-2004', 1)":null,"('0021-PE-2004', 2)":null,"('0021-PE-2004', 3)":null,"('0021-PE-2004', 4)":null,"('0021-PE-2004', 5)":null},"Palabra Clave":{"('0021-PE-2004', 0)":" ","('0021-PE-2004', 1)":null,"('0021-PE-2004', 2)":null,"('0021-PE-2004', 3)":null,"('0021-PE-2004', 4)":null,"('0021-PE-2004', 5)":null}}