{"Tipo de Proyecto":{"('0022-S-2004', 0)":"PROYECTO DE RESOLUCI\u00d3N","('0022-S-2004', 1)":null,"('0022-S-2004', 2)":null},"Iniciado en: ":{"('0022-S-2004', 0)":"Senado","('0022-S-2004', 1)":null,"('0022-S-2004', 2)":null},"Expediente Diputados: ":{"('0022-S-2004', 0)":"0022-S-2004","('0022-S-2004', 1)":null,"('0022-S-2004', 2)":null},"Expediente Senado: ":{"('0022-S-2004', 0)":"0700-OV-2003","('0022-S-2004', 1)":null,"('0022-S-2004', 2)":null},"Fecha: ":{"('0022-S-2004', 0)":"26\/03\/2004","('0022-S-2004', 1)":null,"('0022-S-2004', 2)":null},"T\u00edtulo":{"('0022-S-2004', 0)":"SOLICITAR AL PODER EJECUTIVO DISPONGA LAS MEDIDAS TENDIENTES A LA QUE LA COMISION NACIONAL DE COMUNICACIONES (CNC) MEJORE EN FORMA URGENTE LA SITUACION DE SUS SISTEMAS DE INFORMACION Y SUS TECNOLOGIAS ASOCIADAS PARA EL CUMPLIMIENTO DE SUS OBJETIVOS, ATENTO A LA RESOLUCION REMITIDA POR LA AUDITORIA GENERAL DE LA NACION SOBRE LA EVALUACION DE LA TECNOLOGIA INFORMATICA EN DICHO AMBITO.","('0022-S-2004', 1)":null,"('0022-S-2004', 2)":null},"('Firmantes', 'FIRMANTE')":{"('0022-S-2004', 0)":"PARLAMENTARIA MIXTA REVISORA DE CUENTAS","('0022-S-2004', 1)":null,"('0022-S-2004', 2)":null},"('Firmantes', 'DISTRITO')":{"('0022-S-2004', 0)":null,"('0022-S-2004', 1)":null,"('0022-S-2004', 2)":null},"('Firmantes', 'BLOQUE')":{"('0022-S-2004', 0)":null,"('0022-S-2004', 1)":null,"('0022-S-2004', 2)":null},"('Giros', 'COMISI\u00d3N')":{"('0022-S-2004', 0)":"PARLAMENTARIA MIXTA REVISORA DE CUENTAS","('0022-S-2004', 1)":null,"('0022-S-2004', 2)":null},"('Tramites', 'C\u00c1MARA')":{"('0022-S-2004', 0)":"Senado","('0022-S-2004', 1)":"Diputados","('0022-S-2004', 2)":"Diputados"},"('Tramites', 'MOVIMIENTO')":{"('0022-S-2004', 0)":"CONSIDERACION Y APROBACION","('0022-S-2004', 1)":"PASA A DIPUTADOS -","('0022-S-2004', 2)":"CONSIDERACION Y APROBACION"},"('Tramites', 'FECHA')":{"('0022-S-2004', 0)":"14\/04\/2004","('0022-S-2004', 1)":null,"('0022-S-2004', 2)":"12\/05\/2004"},"('Tramites', 'RESULTADO')":{"('0022-S-2004', 0)":"APROBADO","('0022-S-2004', 1)":null,"('0022-S-2004', 2)":"APROBADO"},"Link":{"('0022-S-2004', 0)":"http:\/\/www.senado.gov.ar\/parlamentario\/comisiones\/verExp\/700.03\/OV\/PR","('0022-S-2004', 1)":null,"('0022-S-2004', 2)":null},"Palabra Clave":{"('0022-S-2004', 0)":" ","('0022-S-2004', 1)":null,"('0022-S-2004', 2)":null}}