{"Tipo de Proyecto":{"('0023-S-2004', 0)":"PROYECTO DE RESOLUCI\u00d3N","('0023-S-2004', 1)":null,"('0023-S-2004', 2)":null},"Iniciado en: ":{"('0023-S-2004', 0)":"Senado","('0023-S-2004', 1)":null,"('0023-S-2004', 2)":null},"Expediente Diputados: ":{"('0023-S-2004', 0)":"0023-S-2004","('0023-S-2004', 1)":null,"('0023-S-2004', 2)":null},"Expediente Senado: ":{"('0023-S-2004', 0)":"0518-OV-2003","('0023-S-2004', 1)":null,"('0023-S-2004', 2)":null},"Fecha: ":{"('0023-S-2004', 0)":"26\/03\/2004","('0023-S-2004', 1)":null,"('0023-S-2004', 2)":null},"T\u00edtulo":{"('0023-S-2004', 0)":"PEDIDO DE INFORMES AL PODER EJECUTIVO SOBRE RESOLUCION REMITIDA POR LA AUDITORIA GENERAL DE LA NACION REFERENTE A LA VERIFICACION DEL CONTROL EJERCIDO SOBRE LOS COMPROMISOS CONTRACTUALES EXIGIDOS AL CONCESIONARIO DEL ESPECTRO RADIOELECTRICO - THALES SPECTRUM DE ARGENTINA SA (TSA) -, SOBRE LA CALIDAD DE LAS OBRAS DE MANTENIMIENTO Y EL EQUIPAMIENTO EN EL AMBITO NACIONAL Y EVALUACION DE LA RELACION COSTO - BENEFICIO ALCANZADO (0518-OV-03), Y FE DE ERRATAS EN LA RESOLUCION 168\/03 AGN (0537-OV-03); EN EL AMBITO DE LA COMISION NACIONAL DE COMUNICACIONES (CNC).","('0023-S-2004', 1)":null,"('0023-S-2004', 2)":null},"('Firmantes', 'FIRMANTE')":{"('0023-S-2004', 0)":"PARLAMENTARIA MIXTA REVISORA DE CUENTAS","('0023-S-2004', 1)":null,"('0023-S-2004', 2)":null},"('Firmantes', 'DISTRITO')":{"('0023-S-2004', 0)":null,"('0023-S-2004', 1)":null,"('0023-S-2004', 2)":null},"('Firmantes', 'BLOQUE')":{"('0023-S-2004', 0)":null,"('0023-S-2004', 1)":null,"('0023-S-2004', 2)":null},"('Giros', 'COMISI\u00d3N')":{"('0023-S-2004', 0)":"PARLAMENTARIA MIXTA REVISORA DE CUENTAS","('0023-S-2004', 1)":null,"('0023-S-2004', 2)":null},"('Tramites', 'C\u00c1MARA')":{"('0023-S-2004', 0)":"Senado","('0023-S-2004', 1)":"Diputados","('0023-S-2004', 2)":"Diputados"},"('Tramites', 'MOVIMIENTO')":{"('0023-S-2004', 0)":"CONSIDERACION Y APROBACION","('0023-S-2004', 1)":"PASA A DIPUTADOS -","('0023-S-2004', 2)":"CONSIDERACION Y APROBACION"},"('Tramites', 'FECHA')":{"('0023-S-2004', 0)":"14\/04\/2004","('0023-S-2004', 1)":null,"('0023-S-2004', 2)":"12\/05\/2004"},"('Tramites', 'RESULTADO')":{"('0023-S-2004', 0)":"APROBADO","('0023-S-2004', 1)":null,"('0023-S-2004', 2)":"APROBADO"},"Link":{"('0023-S-2004', 0)":"http:\/\/www.senado.gov.ar\/parlamentario\/comisiones\/verExp\/518.03\/OV\/PR","('0023-S-2004', 1)":null,"('0023-S-2004', 2)":null},"Palabra Clave":{"('0023-S-2004', 0)":" ","('0023-S-2004', 1)":null,"('0023-S-2004', 2)":null}}