{"Tipo de Proyecto":{"('0023-PE-2004', 0)":"MENSAJE NRO: 0764\/04","('0023-PE-2004', 1)":null,"('0023-PE-2004', 2)":null},"Iniciado en: ":{"('0023-PE-2004', 0)":"Diputados","('0023-PE-2004', 1)":null,"('0023-PE-2004', 2)":null},"Expediente Diputados: ":{"('0023-PE-2004', 0)":"0023-PE-2004","('0023-PE-2004', 1)":null,"('0023-PE-2004', 2)":null},"Publicado en: ":{"('0023-PE-2004', 0)":"Tr\u00e1mite Parlamentario N\u00b0 77","('0023-PE-2004', 1)":null,"('0023-PE-2004', 2)":null},"Fecha: ":{"('0023-PE-2004', 0)":"22\/06\/2004","('0023-PE-2004', 1)":null,"('0023-PE-2004', 2)":null},"T\u00edtulo":{"('0023-PE-2004', 0)":"COMUNICACION DEL DECRETO 741\/04, POR EL CUAL SE FACULTA AL SE\u00d1OR SECRETARIO DE ENERGIA A SUSCRIBIR UN ACUERDO ENTRE EL ESTADO NACIONAL, LAS PROVINCIAS DE MENDOZA Y SAN JUAN Y LAS EMPRESAS  YPF SA Y CENTRALES TERMICAS MENDOZA SA, CON EL FIN DE SUSTITUIR EL GAS QUE UTILIZA  ESTA ULTIMA PARA LA GENERACION DE ENERGIA POR COMBUSTIBLES LIQUIDOS POR 120 DIAS.","('0023-PE-2004', 1)":null,"('0023-PE-2004', 2)":null},"('Firmantes', 'FIRMANTE')":{"('0023-PE-2004', 0)":"KIRCHNER, NESTOR CARLOS","('0023-PE-2004', 1)":"DE VIDO, JULIO","('0023-PE-2004', 2)":"FERNANDEZ, ALBERTO"},"('Firmantes', 'DISTRITO')":{"('0023-PE-2004', 0)":null,"('0023-PE-2004', 1)":null,"('0023-PE-2004', 2)":null},"('Firmantes', 'BLOQUE')":{"('0023-PE-2004', 0)":"PODER EJECUTIVO","('0023-PE-2004', 1)":"PODER EJECUTIVO","('0023-PE-2004', 2)":"PODER EJECUTIVO"},"('Giros', 'COMISI\u00d3N')":{"('0023-PE-2004', 0)":"BICAMERAL DE SEGUIMIENTO DE FACULTADES DELEGADAS AL PODER EJECUTIVO NACIONAL - LEY 25561","('0023-PE-2004', 1)":null,"('0023-PE-2004', 2)":null},"Palabra Clave":{"('0023-PE-2004', 0)":" ","('0023-PE-2004', 1)":null,"('0023-PE-2004', 2)":null}}