{"Tipo de Proyecto":{"('0024-S-2004', 0)":"COMUNICACION"},"Iniciado en: ":{"('0024-S-2004', 0)":"Senado"},"Expediente Senado: ":{"('0024-S-2004', 0)":"0024-S-2004"},"Publicado en: ":{"('0024-S-2004', 0)":"Diario de Asuntos Entrados N\u00b0 2"},"Fecha: ":{"('0024-S-2004', 0)":"01\/03\/2004"},"T\u00edtulo":{"('0024-S-2004', 0)":"PEDIDO DE INFORMES AL PODER EJECUTIVO SOBRE EL ENVIO A CATAMARCA DE LOS REACTIVOS PARA IDENTIFICAR EL ROTAVIRUS, Y LOS PROGRAMAS DE PREVENCION DE ENFERMEDADES BRONQUIALES."},"('Firmantes', 'FIRMANTE')":{"('0024-S-2004', 0)":"SAADI, RAMON EDUARDO"},"('Firmantes', 'DISTRITO')":{"('0024-S-2004', 0)":"CATAMARCA"},"('Firmantes', 'BLOQUE')":{"('0024-S-2004', 0)":"JUSTICIALISTA"},"('Tramites', 'C\u00c1MARA')":{"('0024-S-2004', 0)":"Senado"},"('Tramites', 'MOVIMIENTO')":{"('0024-S-2004', 0)":"APROBACION ARTICULO 106, PARRAFO 3 DEL REGLAMENTO DEL H SENADO"},"('Tramites', 'FECHA')":{"('0024-S-2004', 0)":"05\/05\/2004"},"('Tramites', 'RESULTADO')":{"('0024-S-2004', 0)":"APROBADO"},"Link":{"('0024-S-2004', 0)":"http:\/\/www.senado.gov.ar\/parlamentario\/comisiones\/verExp\/24.04\/S\/PC"},"Palabra Clave":{"('0024-S-2004', 0)":" "}}