{"Tipo de Proyecto":{"('0026-S-2004', 0)":"COMUNICACION","('0026-S-2004', 1)":null},"Iniciado en: ":{"('0026-S-2004', 0)":"Senado","('0026-S-2004', 1)":null},"Expediente Senado: ":{"('0026-S-2004', 0)":"0026-S-2004","('0026-S-2004', 1)":null},"Publicado en: ":{"('0026-S-2004', 0)":"Diario de Asuntos Entrados N\u00b0 2","('0026-S-2004', 1)":null},"Fecha: ":{"('0026-S-2004', 0)":"01\/03\/2004","('0026-S-2004', 1)":null},"T\u00edtulo":{"('0026-S-2004', 0)":"PEDIDO DE INFORMES AL PODER EJECUTIVO SOBRE LA REGLAMENTACION DE LA LEY 25380, DENOMINACION DE ORIGEN DE PRODUCTOS AGRICOLAS Y ALIMENTARIOS.","('0026-S-2004', 1)":null},"('Firmantes', 'FIRMANTE')":{"('0026-S-2004', 0)":"SAADI, RAMON EDUARDO","('0026-S-2004', 1)":null},"('Firmantes', 'DISTRITO')":{"('0026-S-2004', 0)":"CATAMARCA","('0026-S-2004', 1)":null},"('Firmantes', 'BLOQUE')":{"('0026-S-2004', 0)":"JUSTICIALISTA","('0026-S-2004', 1)":null},"('Tramites', 'C\u00c1MARA')":{"('0026-S-2004', 0)":"Senado","('0026-S-2004', 1)":"Senado"},"('Tramites', 'MOVIMIENTO')":{"('0026-S-2004', 0)":"APROBACION ARTICULO 106, PARRAFO 3 DEL REGLAMENTO DEL H SENADO","('0026-S-2004', 1)":"CONTESTACION DEL PODER EJECUTIVO NACIONAL - GIRADO A LA COMISION RESPECTIVA"},"('Tramites', 'FECHA')":{"('0026-S-2004', 0)":"07\/07\/2004","('0026-S-2004', 1)":null},"('Tramites', 'RESULTADO')":{"('0026-S-2004', 0)":"APROBADO","('0026-S-2004', 1)":null},"Link":{"('0026-S-2004', 0)":"http:\/\/www.senado.gov.ar\/parlamentario\/comisiones\/verExp\/26.04\/S\/PC","('0026-S-2004', 1)":null},"Palabra Clave":{"('0026-S-2004', 0)":" ","('0026-S-2004', 1)":null}}