{"Tipo de Proyecto":{"('0026-PE-2004', 0)":"MENSAJE NRO: 0406\/04","('0026-PE-2004', 1)":null},"Iniciado en: ":{"('0026-PE-2004', 0)":"Senado","('0026-PE-2004', 1)":null},"Expediente Senado: ":{"('0026-PE-2004', 0)":"0026-PE-2004","('0026-PE-2004', 1)":null},"Publicado en: ":{"('0026-PE-2004', 0)":"DAE S.A. N\u00b0 2","('0026-PE-2004', 1)":null},"Fecha: ":{"('0026-PE-2004', 0)":"07\/04\/2004","('0026-PE-2004', 1)":null},"T\u00edtulo":{"('0026-PE-2004', 0)":"SOLICITA ACUERDO PARA DESIGNAR FISCAL ANTE LOS JUZGADOS FEDERALES DE PRIMERA INSTANCIA DE MENDOZA (FISCALIA NUMERO 2), PROVINCIA DE MENDOZA,  AL DOCTOR DANTE MARCELO VEGA.","('0026-PE-2004', 1)":null},"('Firmantes', 'FIRMANTE')":{"('0026-PE-2004', 0)":"KIRCHNER, NESTOR CARLOS","('0026-PE-2004', 1)":"BELIZ, GUSTAVO"},"('Firmantes', 'DISTRITO')":{"('0026-PE-2004', 0)":null,"('0026-PE-2004', 1)":null},"('Firmantes', 'BLOQUE')":{"('0026-PE-2004', 0)":"PODER EJECUTIVO","('0026-PE-2004', 1)":"PODER EJECUTIVO"},"('Tramites', 'C\u00c1MARA')":{"('0026-PE-2004', 0)":"Senado","('0026-PE-2004', 1)":"Senado"},"('Tramites', 'MOVIMIENTO')":{"('0026-PE-2004', 0)":"MOCION SOBRE TABLAS (AFIRMATIVA)","('0026-PE-2004', 1)":"CONSIDERACION Y APROBACION"},"('Tramites', 'FECHA')":{"('0026-PE-2004', 0)":"19\/05\/2010","('0026-PE-2004', 1)":"19\/05\/2010"},"('Tramites', 'RESULTADO')":{"('0026-PE-2004', 0)":null,"('0026-PE-2004', 1)":"APROBADO"},"Palabra Clave":{"('0026-PE-2004', 0)":" ","('0026-PE-2004', 1)":null}}