{"Tipo de Proyecto":{"('0028-PE-2004', 0)":"MENSAJE NRO: 0820\/04","('0028-PE-2004', 1)":null,"('0028-PE-2004', 2)":null},"Iniciado en: ":{"('0028-PE-2004', 0)":"Diputados","('0028-PE-2004', 1)":null,"('0028-PE-2004', 2)":null},"Expediente Diputados: ":{"('0028-PE-2004', 0)":"0028-PE-2004","('0028-PE-2004', 1)":null,"('0028-PE-2004', 2)":null},"Publicado en: ":{"('0028-PE-2004', 0)":"Tr\u00e1mite Parlamentario N\u00b0 80","('0028-PE-2004', 1)":null,"('0028-PE-2004', 2)":null},"Fecha: ":{"('0028-PE-2004', 0)":"25\/06\/2004","('0028-PE-2004', 1)":null,"('0028-PE-2004', 2)":null},"T\u00edtulo":{"('0028-PE-2004', 0)":"COMUNICACION DEL DECRETO 809\/04, POR EL QUE SE PRORROGA LA SUSPENSION DEL RESTABLECIMIENTO DE LOS 2 (DOS) PUNTOS PORCENTUALES DE LOS APORTES DE LOS TRABAJADORES EN RELACION DE DEPENDENCIA.","('0028-PE-2004', 1)":null,"('0028-PE-2004', 2)":null},"('Firmantes', 'FIRMANTE')":{"('0028-PE-2004', 0)":"KIRCHNER, NESTOR CARLOS","('0028-PE-2004', 1)":"FERNANDEZ, ALBERTO","('0028-PE-2004', 2)":"TOMADA, CARLOS"},"('Firmantes', 'DISTRITO')":{"('0028-PE-2004', 0)":null,"('0028-PE-2004', 1)":null,"('0028-PE-2004', 2)":null},"('Firmantes', 'BLOQUE')":{"('0028-PE-2004', 0)":"PODER EJECUTIVO","('0028-PE-2004', 1)":"PODER EJECUTIVO","('0028-PE-2004', 2)":"PODER EJECUTIVO"},"('Giros', 'COMISI\u00d3N')":{"('0028-PE-2004', 0)":"BICAMERAL PERMANENTE DE TRAMITE LEGISLATIVO - LEY 26122","('0028-PE-2004', 1)":null,"('0028-PE-2004', 2)":null},"('Tramites', 'C\u00c1MARA')":{"('0028-PE-2004', 0)":"Diputados","('0028-PE-2004', 1)":"Diputados","('0028-PE-2004', 2)":null},"('Tramites', 'MOVIMIENTO')":{"('0028-PE-2004', 0)":"SOLICITUD DEL PRESIDENTE DE LA COMISION BICAMERAL PERMANENTE DE TRAMITE LEGISLATIVO (LEY 26122) DE REMISION DEL EXPEDIENTE PARA SU ANALISIS (A LA PRESIDENCIA)","('0028-PE-2004', 1)":"EXPEDIENTE ORIGINALMENTE GIRADO A LAS COMISIONES DE PREVISION Y SEGURIDAD SOCIAL Y PRESUPUESTO Y HACIENDA; SE LO REMITE A LA COMISION BICAMERAL DE TRAMITE LEGISLATIVO (LEY 26122)","('0028-PE-2004', 2)":null},"('Tramites', 'FECHA')":{"('0028-PE-2004', 0)":"25\/04\/2007","('0028-PE-2004', 1)":null,"('0028-PE-2004', 2)":null},"('Tramites', 'RESULTADO')":{"('0028-PE-2004', 0)":null,"('0028-PE-2004', 1)":null,"('0028-PE-2004', 2)":null},"Palabra Clave":{"('0028-PE-2004', 0)":" ","('0028-PE-2004', 1)":null,"('0028-PE-2004', 2)":null}}