{"Tipo de Proyecto":{"('0029-PE-2004', 0)":"MENSAJE NRO: 0822\/04","('0029-PE-2004', 1)":null,"('0029-PE-2004', 2)":null,"('0029-PE-2004', 3)":null},"Iniciado en: ":{"('0029-PE-2004', 0)":"Diputados","('0029-PE-2004', 1)":null,"('0029-PE-2004', 2)":null,"('0029-PE-2004', 3)":null},"Expediente Diputados: ":{"('0029-PE-2004', 0)":"0029-PE-2004","('0029-PE-2004', 1)":null,"('0029-PE-2004', 2)":null,"('0029-PE-2004', 3)":null},"Publicado en: ":{"('0029-PE-2004', 0)":"Tr\u00e1mite Parlamentario N\u00b0 80","('0029-PE-2004', 1)":null,"('0029-PE-2004', 2)":null,"('0029-PE-2004', 3)":null},"Fecha: ":{"('0029-PE-2004', 0)":"25\/06\/2004","('0029-PE-2004', 1)":null,"('0029-PE-2004', 2)":null,"('0029-PE-2004', 3)":null},"T\u00edtulo":{"('0029-PE-2004', 0)":"COMUNICACION DEL DECRETO 821\/04, POR EL CUAL SE ESTABLECE QUE LOS BENEFICIARIOS DE LA INDEMNIZACION ESTABLECIDA POR LA LEY 25471, PROGRAMA DE PROPIEDAD PARTICIPADA PARA EX AGENTES DE YPF, DEBEN SEGUIR EL PROCEDIMIENTO ADMINISTRATIVO ABREVIADO ANTE EL BANCO DE LA NACION ARGENTINA.","('0029-PE-2004', 1)":null,"('0029-PE-2004', 2)":null,"('0029-PE-2004', 3)":null},"('Firmantes', 'FIRMANTE')":{"('0029-PE-2004', 0)":"KIRCHNER, NESTOR CARLOS","('0029-PE-2004', 1)":"FERNANDEZ, ALBERTO","('0029-PE-2004', 2)":"LAVAGNA, ROBERTO","('0029-PE-2004', 3)":null},"('Firmantes', 'DISTRITO')":{"('0029-PE-2004', 0)":null,"('0029-PE-2004', 1)":null,"('0029-PE-2004', 2)":null,"('0029-PE-2004', 3)":null},"('Firmantes', 'BLOQUE')":{"('0029-PE-2004', 0)":"PODER EJECUTIVO","('0029-PE-2004', 1)":"PODER EJECUTIVO","('0029-PE-2004', 2)":"PODER EJECUTIVO","('0029-PE-2004', 3)":null},"('Giros', 'COMISI\u00d3N')":{"('0029-PE-2004', 0)":"ENERGIA Y COMBUSTIBLES","('0029-PE-2004', 1)":"LEGISLACION DEL TRABAJO","('0029-PE-2004', 2)":"ECONOMIA","('0029-PE-2004', 3)":"PRESUPUESTO Y HACIENDA"},"Palabra Clave":{"('0029-PE-2004', 0)":" ","('0029-PE-2004', 1)":null,"('0029-PE-2004', 2)":null,"('0029-PE-2004', 3)":null}}