{"Tipo de Proyecto":{"('0029-D-2004', 0)":"PROYECTO DE DECLARACI\u00d3N","('0029-D-2004', 1)":null},"Iniciado en: ":{"('0029-D-2004', 0)":"Diputados","('0029-D-2004', 1)":null},"Expediente Diputados: ":{"('0029-D-2004', 0)":"0029-D-2004","('0029-D-2004', 1)":null},"Publicado en: ":{"('0029-D-2004', 0)":"Tr\u00e1mite Parlamentario N\u00b0 1","('0029-D-2004', 1)":null},"Fecha: ":{"('0029-D-2004', 0)":"01\/03\/2004","('0029-D-2004', 1)":null},"T\u00edtulo":{"('0029-D-2004', 0)":"EXPRESAR PREOCUPACION POR EL INCREMENTO DEL PRECIO DE GAS LICUADO DE PETROLEO (GLP).","('0029-D-2004', 1)":null},"('Firmantes', 'FIRMANTE')":{"('0029-D-2004', 0)":"LEONELLI, MARIA SILVINA","('0029-D-2004', 1)":null},"('Firmantes', 'DISTRITO')":{"('0029-D-2004', 0)":"CORDOBA","('0029-D-2004', 1)":null},"('Firmantes', 'BLOQUE')":{"('0029-D-2004', 0)":"UCR","('0029-D-2004', 1)":null},"('Giros', 'COMISI\u00d3N')":{"('0029-D-2004', 0)":"ENERGIA Y COMBUSTIBLES","('0029-D-2004', 1)":"DEFENSA DEL CONSUMIDOR"},"('Tramites', 'C\u00c1MARA')":{"('0029-D-2004', 0)":"Diputados","('0029-D-2004', 1)":"Diputados"},"('Tramites', 'MOVIMIENTO')":{"('0029-D-2004', 0)":"CONSIDERACION Y APROBACION","('0029-D-2004', 1)":"CONTESTACION DEL PODER EJECUTIVO NACIONAL - JEFE DE GABINETE DE MINISTROS - GIRADO A LA COMISION RESPECTIVA"},"('Tramites', 'FECHA')":{"('0029-D-2004', 0)":"12\/05\/2004","('0029-D-2004', 1)":"19\/04\/2006"},"('Tramites', 'RESULTADO')":{"('0029-D-2004', 0)":"APROBADO","('0029-D-2004', 1)":null},"Palabra Clave":{"('0029-D-2004', 0)":" ","('0029-D-2004', 1)":null}}