{"Tipo de Proyecto":{"('0030-D-2004', 0)":"PROYECTO DE LEY","('0030-D-2004', 1)":null,"('0030-D-2004', 2)":null,"('0030-D-2004', 3)":null,"('0030-D-2004', 4)":null,"('0030-D-2004', 5)":null,"('0030-D-2004', 6)":null,"('0030-D-2004', 7)":null},"Iniciado en: ":{"('0030-D-2004', 0)":"Diputados","('0030-D-2004', 1)":null,"('0030-D-2004', 2)":null,"('0030-D-2004', 3)":null,"('0030-D-2004', 4)":null,"('0030-D-2004', 5)":null,"('0030-D-2004', 6)":null,"('0030-D-2004', 7)":null},"Expediente Diputados: ":{"('0030-D-2004', 0)":"0030-D-2004","('0030-D-2004', 1)":null,"('0030-D-2004', 2)":null,"('0030-D-2004', 3)":null,"('0030-D-2004', 4)":null,"('0030-D-2004', 5)":null,"('0030-D-2004', 6)":null,"('0030-D-2004', 7)":null},"Publicado en: ":{"('0030-D-2004', 0)":"Tr\u00e1mite Parlamentario N\u00b0 1","('0030-D-2004', 1)":null,"('0030-D-2004', 2)":null,"('0030-D-2004', 3)":null,"('0030-D-2004', 4)":null,"('0030-D-2004', 5)":null,"('0030-D-2004', 6)":null,"('0030-D-2004', 7)":null},"Fecha: ":{"('0030-D-2004', 0)":"01\/03\/2004","('0030-D-2004', 1)":null,"('0030-D-2004', 2)":null,"('0030-D-2004', 3)":null,"('0030-D-2004', 4)":null,"('0030-D-2004', 5)":null,"('0030-D-2004', 6)":null,"('0030-D-2004', 7)":null},"T\u00edtulo":{"('0030-D-2004', 0)":"REGIMEN DE VOTACION NOMINAL DEL CONGRESO DE LA NACION.","('0030-D-2004', 1)":null,"('0030-D-2004', 2)":null,"('0030-D-2004', 3)":null,"('0030-D-2004', 4)":null,"('0030-D-2004', 5)":null,"('0030-D-2004', 6)":null,"('0030-D-2004', 7)":null},"('Firmantes', 'FIRMANTE')":{"('0030-D-2004', 0)":"RODRIGUEZ, MARCELA VIRGINIA","('0030-D-2004', 1)":"PEREZ, ADRIAN","('0030-D-2004', 2)":"GARCIA, SUSANA ROSA","('0030-D-2004', 3)":"MAFFEI, MARTA OLINDA","('0030-D-2004', 4)":"BARBAGELATA, MARIA ELENA","('0030-D-2004', 5)":"MACALUSE, EDUARDO GABRIEL","('0030-D-2004', 6)":"MUSA, LAURA CRISTINA","('0030-D-2004', 7)":"MONTEAGUDO, MARIA LUCRECIA"},"('Firmantes', 'DISTRITO')":{"('0030-D-2004', 0)":"BUENOS AIRES","('0030-D-2004', 1)":"BUENOS AIRES","('0030-D-2004', 2)":"SANTA FE","('0030-D-2004', 3)":"BUENOS AIRES","('0030-D-2004', 4)":"CIUDAD de BUENOS AIRES","('0030-D-2004', 5)":"BUENOS AIRES","('0030-D-2004', 6)":"CIUDAD de BUENOS AIRES","('0030-D-2004', 7)":"BUENOS AIRES"},"('Firmantes', 'BLOQUE')":{"('0030-D-2004', 0)":"ARI","('0030-D-2004', 1)":"ARI","('0030-D-2004', 2)":"ARI","('0030-D-2004', 3)":"ARI","('0030-D-2004', 4)":"PARTIDO SOCIALISTA","('0030-D-2004', 5)":"ARI","('0030-D-2004', 6)":"ARI","('0030-D-2004', 7)":"PARTIDO INTRANSIGENTE"},"('Giros', 'COMISI\u00d3N')":{"('0030-D-2004', 0)":"PETICIONES, PODERES Y REGLAMENTO","('0030-D-2004', 1)":"ASUNTOS CONSTITUCIONALES","('0030-D-2004', 2)":null,"('0030-D-2004', 3)":null,"('0030-D-2004', 4)":null,"('0030-D-2004', 5)":null,"('0030-D-2004', 6)":null,"('0030-D-2004', 7)":null},"('Tramites', 'C\u00c1MARA')":{"('0030-D-2004', 0)":"Diputados","('0030-D-2004', 1)":null,"('0030-D-2004', 2)":null,"('0030-D-2004', 3)":null,"('0030-D-2004', 4)":null,"('0030-D-2004', 5)":null,"('0030-D-2004', 6)":null,"('0030-D-2004', 7)":null},"('Tramites', 'MOVIMIENTO')":{"('0030-D-2004', 0)":"SOLICITUD DE SER ADHERENTE DE LA DIPUTADA WALSH PATRICIA (A SUS ANTECEDENTES)","('0030-D-2004', 1)":null,"('0030-D-2004', 2)":null,"('0030-D-2004', 3)":null,"('0030-D-2004', 4)":null,"('0030-D-2004', 5)":null,"('0030-D-2004', 6)":null,"('0030-D-2004', 7)":null},"('Tramites', 'FECHA')":{"('0030-D-2004', 0)":null,"('0030-D-2004', 1)":null,"('0030-D-2004', 2)":null,"('0030-D-2004', 3)":null,"('0030-D-2004', 4)":null,"('0030-D-2004', 5)":null,"('0030-D-2004', 6)":null,"('0030-D-2004', 7)":null},"('Tramites', 'RESULTADO')":{"('0030-D-2004', 0)":null,"('0030-D-2004', 1)":null,"('0030-D-2004', 2)":null,"('0030-D-2004', 3)":null,"('0030-D-2004', 4)":null,"('0030-D-2004', 5)":null,"('0030-D-2004', 6)":null,"('0030-D-2004', 7)":null},"Sumario":{"('0030-D-2004', 0)":"VOTACION NOMINAL EN LA CAMARA DE DIPUTADOS Y EN EL SENADO DE LA NACION EN CASOS DE NOMBRAMIENTOS, PROYECTOS DE LEY; PROYECTOS CON DICTAMEN DE MAYORIA Y MINORIA, DISIDENCIAS, OBSERVACIONES O SOMETIDOS A TRATAMIENTO DE LA CAMARA SIN DESPACHO DE COMISION, Y CUANDO LO EXIJA EL CINCO POR CIENTO (5%) DE LOS LEGISLADORES PRESENTES.","('0030-D-2004', 1)":null,"('0030-D-2004', 2)":null,"('0030-D-2004', 3)":null,"('0030-D-2004', 4)":null,"('0030-D-2004', 5)":null,"('0030-D-2004', 6)":null,"('0030-D-2004', 7)":null},"Palabra Clave":{"('0030-D-2004', 0)":" ","('0030-D-2004', 1)":null,"('0030-D-2004', 2)":null,"('0030-D-2004', 3)":null,"('0030-D-2004', 4)":null,"('0030-D-2004', 5)":null,"('0030-D-2004', 6)":null,"('0030-D-2004', 7)":null}}