{"Tipo de Proyecto":{"('0030-S-2004', 0)":"PROYECTO DE LEY","('0030-S-2004', 1)":null,"('0030-S-2004', 2)":null,"('0030-S-2004', 3)":null,"('0030-S-2004', 4)":null},"Iniciado en: ":{"('0030-S-2004', 0)":"Senado","('0030-S-2004', 1)":null,"('0030-S-2004', 2)":null,"('0030-S-2004', 3)":null,"('0030-S-2004', 4)":null},"Expediente Diputados: ":{"('0030-S-2004', 0)":"0030-S-2004","('0030-S-2004', 1)":null,"('0030-S-2004', 2)":null,"('0030-S-2004', 3)":null,"('0030-S-2004', 4)":null},"Expediente Senado: ":{"('0030-S-2004', 0)":"2998-S-2003","('0030-S-2004', 1)":null,"('0030-S-2004', 2)":null,"('0030-S-2004', 3)":null,"('0030-S-2004', 4)":null},"Publicado en: ":{"('0030-S-2004', 0)":"Diario de Asuntos Entrados N\u00b0 177","('0030-S-2004', 1)":null,"('0030-S-2004', 2)":null,"('0030-S-2004', 3)":null,"('0030-S-2004', 4)":null},"Fecha: ":{"('0030-S-2004', 0)":"21\/11\/2003","('0030-S-2004', 1)":null,"('0030-S-2004', 2)":null,"('0030-S-2004', 3)":null,"('0030-S-2004', 4)":null},"T\u00edtulo":{"('0030-S-2004', 0)":"TRANSFERENCIA A TITULO GRATUITO DE UN INMUEBLE PROPIEDAD DEL ESTADO NACIONAL (EX ENCOTEL) A LA MUNICIPALIDAD DE VILLA GIARDINO, DEPARTAMENTO DE PUNILLA, PROVINCIA DE CORDOBA.","('0030-S-2004', 1)":null,"('0030-S-2004', 2)":null,"('0030-S-2004', 3)":null,"('0030-S-2004', 4)":null},"('Firmantes', 'FIRMANTE')":{"('0030-S-2004', 0)":"MARTI, RUBEN","('0030-S-2004', 1)":null,"('0030-S-2004', 2)":null,"('0030-S-2004', 3)":null,"('0030-S-2004', 4)":null},"('Firmantes', 'DISTRITO')":{"('0030-S-2004', 0)":"CORDOBA","('0030-S-2004', 1)":null,"('0030-S-2004', 2)":null,"('0030-S-2004', 3)":null,"('0030-S-2004', 4)":null},"('Firmantes', 'BLOQUE')":{"('0030-S-2004', 0)":"UCR","('0030-S-2004', 1)":null,"('0030-S-2004', 2)":null,"('0030-S-2004', 3)":null,"('0030-S-2004', 4)":null},"('Giros', 'COMISI\u00d3N')":{"('0030-S-2004', 0)":"LEGISLACION GENERAL","('0030-S-2004', 1)":"COMUNICACIONES E INFORMATICA","('0030-S-2004', 2)":"ASUNTOS MUNICIPALES","('0030-S-2004', 3)":null,"('0030-S-2004', 4)":null},"('Tramites', 'C\u00c1MARA')":{"('0030-S-2004', 0)":"Senado","('0030-S-2004', 1)":"Diputados","('0030-S-2004', 2)":"Diputados","('0030-S-2004', 3)":"Senado","('0030-S-2004', 4)":"Senado"},"('Tramites', 'MOVIMIENTO')":{"('0030-S-2004', 0)":"CONSIDERACION Y APROBACION","('0030-S-2004', 1)":"PASA A DIPUTADOS -","('0030-S-2004', 2)":"CONSIDERACION Y APROBACION","('0030-S-2004', 3)":"VUELVE A SENADO -","('0030-S-2004', 4)":"CONSIDERACION Y SANCION (ACEPTACION DE LAS MODIFICACIONES INTRODUCIDAS POR LA H CAMARA DE DIPUTADOS)"},"('Tramites', 'FECHA')":{"('0030-S-2004', 0)":"28\/04\/2004","('0030-S-2004', 1)":null,"('0030-S-2004', 2)":"08\/09\/2004","('0030-S-2004', 3)":null,"('0030-S-2004', 4)":"01\/12\/2004"},"('Tramites', 'RESULTADO')":{"('0030-S-2004', 0)":"MEDIA SANCION","('0030-S-2004', 1)":null,"('0030-S-2004', 2)":"MEDIA SANCION","('0030-S-2004', 3)":null,"('0030-S-2004', 4)":"SANCIONADO"},"Link":{"('0030-S-2004', 0)":"http:\/\/www.senado.gov.ar\/parlamentario\/comisiones\/verExp\/2998.03\/S\/PL","('0030-S-2004', 1)":null,"('0030-S-2004', 2)":null,"('0030-S-2004', 3)":null,"('0030-S-2004', 4)":null},"Palabra Clave":{"('0030-S-2004', 0)":" ","('0030-S-2004', 1)":null,"('0030-S-2004', 2)":null,"('0030-S-2004', 3)":null,"('0030-S-2004', 4)":null}}