{"Tipo de Proyecto":{"('0031-S-2004', 0)":"COMUNICACION","('0031-S-2004', 1)":null},"Iniciado en: ":{"('0031-S-2004', 0)":"Senado","('0031-S-2004', 1)":null},"Expediente Senado: ":{"('0031-S-2004', 0)":"0031-S-2004","('0031-S-2004', 1)":null},"Publicado en: ":{"('0031-S-2004', 0)":"Diario de Asuntos Entrados N\u00b0 2","('0031-S-2004', 1)":null},"Fecha: ":{"('0031-S-2004', 0)":"01\/03\/2004","('0031-S-2004', 1)":null},"T\u00edtulo":{"('0031-S-2004', 0)":"SOLICITAR AL PODER EJECUTIVO INSTRUYA A LA AFIP LA REVISION DE LOS CRITERIOS APLICADOS EN LAS INSPECCIONES REALIZADAS A MICRO, PEQUE\u00d1AS Y MEDIANAS EMPRESAS SOBRE EL CONTROL DE CUMPLIMIENTO RETROACTIVO AL A\u00d1O 2001 DE LA RESOLUCION 1547\/03 (PROCEDIMIENTOS DE CANCELACION DE OBLIGACIONES DE PAGO).","('0031-S-2004', 1)":null},"('Firmantes', 'FIRMANTE')":{"('0031-S-2004', 0)":"CURLETTI, MIRIAM BELEN","('0031-S-2004', 1)":null},"('Firmantes', 'DISTRITO')":{"('0031-S-2004', 0)":"CHACO","('0031-S-2004', 1)":null},"('Firmantes', 'BLOQUE')":{"('0031-S-2004', 0)":"UCR","('0031-S-2004', 1)":null},"('Tramites', 'C\u00c1MARA')":{"('0031-S-2004', 0)":"Senado","('0031-S-2004', 1)":"Senado"},"('Tramites', 'MOVIMIENTO')":{"('0031-S-2004', 0)":"MOCION SOBRE TABLAS (AFIRMATIVA)","('0031-S-2004', 1)":"CONSIDERACION Y APROBACION"},"('Tramites', 'FECHA')":{"('0031-S-2004', 0)":"18\/03\/2004","('0031-S-2004', 1)":"18\/03\/2004"},"('Tramites', 'RESULTADO')":{"('0031-S-2004', 0)":null,"('0031-S-2004', 1)":"APROBADO"},"Link":{"('0031-S-2004', 0)":"http:\/\/www.senado.gov.ar\/parlamentario\/comisiones\/verExp\/31.04\/S\/PC","('0031-S-2004', 1)":null},"Palabra Clave":{"('0031-S-2004', 0)":" ","('0031-S-2004', 1)":null}}