{"Tipo de Proyecto":{"('0032-PE-2004', 0)":"MENSAJE NRO: 0829\/04","('0032-PE-2004', 1)":null,"('0032-PE-2004', 2)":null},"Iniciado en: ":{"('0032-PE-2004', 0)":"Diputados","('0032-PE-2004', 1)":null,"('0032-PE-2004', 2)":null},"Expediente Diputados: ":{"('0032-PE-2004', 0)":"0032-PE-2004","('0032-PE-2004', 1)":null,"('0032-PE-2004', 2)":null},"Publicado en: ":{"('0032-PE-2004', 0)":"Tr\u00e1mite Parlamentario N\u00b0 80","('0032-PE-2004', 1)":null,"('0032-PE-2004', 2)":null},"Fecha: ":{"('0032-PE-2004', 0)":"25\/06\/2004","('0032-PE-2004', 1)":null,"('0032-PE-2004', 2)":null},"T\u00edtulo":{"('0032-PE-2004', 0)":"COMUNICACION DEL DECRETO 827\/04, POR EL QUE SE TRANSFIEREN FONDOS A LOS TRABAJADORES DE LA FALLIDA EMPRESA TRANSPORTE DEL OESTE SA.","('0032-PE-2004', 1)":null,"('0032-PE-2004', 2)":null},"('Firmantes', 'FIRMANTE')":{"('0032-PE-2004', 0)":"KIRCHNER, NESTOR CARLOS","('0032-PE-2004', 1)":"FERNANDEZ, ALBERTO","('0032-PE-2004', 2)":"DE VIDO, JULIO"},"('Firmantes', 'DISTRITO')":{"('0032-PE-2004', 0)":null,"('0032-PE-2004', 1)":null,"('0032-PE-2004', 2)":null},"('Firmantes', 'BLOQUE')":{"('0032-PE-2004', 0)":"PODER EJECUTIVO","('0032-PE-2004', 1)":"PODER EJECUTIVO","('0032-PE-2004', 2)":"PODER EJECUTIVO"},"('Giros', 'COMISI\u00d3N')":{"('0032-PE-2004', 0)":"BICAMERAL PERMANENTE DE TRAMITE LEGISLATIVO - LEY 26122","('0032-PE-2004', 1)":null,"('0032-PE-2004', 2)":null},"('Tramites', 'C\u00c1MARA')":{"('0032-PE-2004', 0)":"Diputados","('0032-PE-2004', 1)":"Diputados","('0032-PE-2004', 2)":null},"('Tramites', 'MOVIMIENTO')":{"('0032-PE-2004', 0)":"SOLICITUD DEL PRESIDENTE DE LA COMISION BICAMERAL PERMANENTE DE TRAMITE LEGISLATIVO (LEY 26122) DE REMISION DEL EXPEDIENTE PARA SU ANALISIS (A LA PRESIDENCIA)","('0032-PE-2004', 1)":"EXPEDIENTE ORIGINALMENTE GIRADO A LAS COMISIONES DE OBRAS PUBLICAS, TRANSPORTES, PRESUPUESTO Y HACIENDA ; SE LO REMITE A LA COMISION BICAMERAL DE TRAMITE LEGISLATIVO (LEY 26122)","('0032-PE-2004', 2)":null},"('Tramites', 'FECHA')":{"('0032-PE-2004', 0)":"14\/03\/2007","('0032-PE-2004', 1)":null,"('0032-PE-2004', 2)":null},"('Tramites', 'RESULTADO')":{"('0032-PE-2004', 0)":null,"('0032-PE-2004', 1)":null,"('0032-PE-2004', 2)":null},"Palabra Clave":{"('0032-PE-2004', 0)":" ","('0032-PE-2004', 1)":null,"('0032-PE-2004', 2)":null}}