{"Tipo de Proyecto":{"('0032-S-2004', 0)":"PROYECTO DE LEY"},"Iniciado en: ":{"('0032-S-2004', 0)":"Senado"},"Expediente Senado: ":{"('0032-S-2004', 0)":"0032-S-2004"},"Publicado en: ":{"('0032-S-2004', 0)":"Diario de Asuntos Entrados N\u00b0 2"},"Fecha: ":{"('0032-S-2004', 0)":"01\/03\/2004"},"T\u00edtulo":{"('0032-S-2004', 0)":"APROBACION DEL PROTOCOLO FACULTATIVO DE LA CONVENCION SOBRE LA ELIMINACION DE TODAS LAS FORMAS DE DISCRIMINACION CONTRA LA MUJER, ADOPTADO POR LA ASAMBLEA GENERAL DE LA ORGANIZACION DE LAS NACIONES UNIDAS EL DIA 6 DE OCTUBRE DE 1999, Y SUSCRITO POR LA REPUBLICA ARGENTINA EL 28 DE FEBRERO DE 2000."},"('Firmantes', 'FIRMANTE')":{"('0032-S-2004', 0)":"PERCEVAL, MARIA CRISTINA"},"('Firmantes', 'DISTRITO')":{"('0032-S-2004', 0)":"MENDOZA"},"('Firmantes', 'BLOQUE')":{"('0032-S-2004', 0)":"JUSTICIALISTA"},"('Tramites', 'C\u00c1MARA')":{"('0032-S-2004', 0)":"Senado"},"('Tramites', 'MOVIMIENTO')":{"('0032-S-2004', 0)":"REPRODUCIDO POR EXPEDIENTE 0785-S-06"},"('Tramites', 'FECHA')":{"('0032-S-2004', 0)":null},"('Tramites', 'RESULTADO')":{"('0032-S-2004', 0)":null},"Link":{"('0032-S-2004', 0)":"http:\/\/www.senado.gov.ar\/parlamentario\/comisiones\/verExp\/32.04\/S\/PL"},"Palabra Clave":{"('0032-S-2004', 0)":" "}}