{"Tipo de Proyecto":{"('0033-PE-2004', 0)":"MENSAJE NRO: 0868\/04 Y PROYECTO DE LEY","('0033-PE-2004', 1)":null,"('0033-PE-2004', 2)":null,"('0033-PE-2004', 3)":null,"('0033-PE-2004', 4)":null,"('0033-PE-2004', 5)":null},"Iniciado en: ":{"('0033-PE-2004', 0)":"Diputados","('0033-PE-2004', 1)":null,"('0033-PE-2004', 2)":null,"('0033-PE-2004', 3)":null,"('0033-PE-2004', 4)":null,"('0033-PE-2004', 5)":null},"Expediente Diputados: ":{"('0033-PE-2004', 0)":"0033-PE-2004","('0033-PE-2004', 1)":null,"('0033-PE-2004', 2)":null,"('0033-PE-2004', 3)":null,"('0033-PE-2004', 4)":null,"('0033-PE-2004', 5)":null},"Expediente Senado: ":{"('0033-PE-2004', 0)":"0097-CD-2004","('0033-PE-2004', 1)":null,"('0033-PE-2004', 2)":null,"('0033-PE-2004', 3)":null,"('0033-PE-2004', 4)":null,"('0033-PE-2004', 5)":null},"Publicado en: ":{"('0033-PE-2004', 0)":"Tr\u00e1mite Parlamentario N\u00b0 90","('0033-PE-2004', 1)":null,"('0033-PE-2004', 2)":null,"('0033-PE-2004', 3)":null,"('0033-PE-2004', 4)":null,"('0033-PE-2004', 5)":null},"Fecha: ":{"('0033-PE-2004', 0)":"12\/07\/2004","('0033-PE-2004', 1)":null,"('0033-PE-2004', 2)":null,"('0033-PE-2004', 3)":null,"('0033-PE-2004', 4)":null,"('0033-PE-2004', 5)":null},"T\u00edtulo":{"('0033-PE-2004', 0)":"INCORPORACION DEL ARTICULO 11 BIS A LA LEY 23898 DE TASAS JUDICIALES, SOBRE EL CARACTER DE DOMICILIO CONSTITUIDO A LOS FINES DE LA EJECUCION FISCAL. ","('0033-PE-2004', 1)":null,"('0033-PE-2004', 2)":null,"('0033-PE-2004', 3)":null,"('0033-PE-2004', 4)":null,"('0033-PE-2004', 5)":null},"('Firmantes', 'FIRMANTE')":{"('0033-PE-2004', 0)":"KIRCHNER, NESTOR CARLOS","('0033-PE-2004', 1)":"FERNANDEZ, ALBERTO","('0033-PE-2004', 2)":"LAVAGNA, ROBERTO","('0033-PE-2004', 3)":null,"('0033-PE-2004', 4)":null,"('0033-PE-2004', 5)":null},"('Firmantes', 'DISTRITO')":{"('0033-PE-2004', 0)":null,"('0033-PE-2004', 1)":null,"('0033-PE-2004', 2)":null,"('0033-PE-2004', 3)":null,"('0033-PE-2004', 4)":null,"('0033-PE-2004', 5)":null},"('Firmantes', 'BLOQUE')":{"('0033-PE-2004', 0)":"PODER EJECUTIVO","('0033-PE-2004', 1)":"PODER EJECUTIVO","('0033-PE-2004', 2)":"PODER EJECUTIVO","('0033-PE-2004', 3)":null,"('0033-PE-2004', 4)":null,"('0033-PE-2004', 5)":null},"('Giros', 'COMISI\u00d3N')":{"('0033-PE-2004', 0)":"JUSTICIA","('0033-PE-2004', 1)":"PRESUPUESTO Y HACIENDA","('0033-PE-2004', 2)":null,"('0033-PE-2004', 3)":null,"('0033-PE-2004', 4)":null,"('0033-PE-2004', 5)":null},"('Tramites', 'C\u00c1MARA')":{"('0033-PE-2004', 0)":"Diputados","('0033-PE-2004', 1)":"Diputados","('0033-PE-2004', 2)":"Senado","('0033-PE-2004', 3)":"Senado","('0033-PE-2004', 4)":"Senado","('0033-PE-2004', 5)":"Diputados"},"('Tramites', 'MOVIMIENTO')":{"('0033-PE-2004', 0)":"MOCION SOBRE TABLAS CON DICTAMEN (AFIRMATIVA)","('0033-PE-2004', 1)":"CONSIDERACION Y APROBACION","('0033-PE-2004', 2)":"PASA A SENADO -","('0033-PE-2004', 3)":"MOCION SOBRE TABLAS (AFIRMATIVA)","('0033-PE-2004', 4)":"CONSIDERACION Y APROBACION CON MODIFICACIONES","('0033-PE-2004', 5)":"VUELVE A DIPUTADOS -"},"('Tramites', 'FECHA')":{"('0033-PE-2004', 0)":"17\/11\/2004","('0033-PE-2004', 1)":"17\/11\/2004","('0033-PE-2004', 2)":null,"('0033-PE-2004', 3)":"03\/02\/2005","('0033-PE-2004', 4)":"03\/02\/2005","('0033-PE-2004', 5)":null},"('Tramites', 'RESULTADO')":{"('0033-PE-2004', 0)":null,"('0033-PE-2004', 1)":"MEDIA SANCION","('0033-PE-2004', 2)":null,"('0033-PE-2004', 3)":null,"('0033-PE-2004', 4)":"MEDIA SANCION","('0033-PE-2004', 5)":null},"Link":{"('0033-PE-2004', 0)":"http:\/\/www.senado.gov.ar\/web\/proyectos\/verExpe.php?origen=CD&nro_comision=&tipo=PL&numexp=97\/04&tConsulta=5","('0033-PE-2004', 1)":null,"('0033-PE-2004', 2)":null,"('0033-PE-2004', 3)":null,"('0033-PE-2004', 4)":null,"('0033-PE-2004', 5)":null},"Palabra Clave":{"('0033-PE-2004', 0)":" ","('0033-PE-2004', 1)":null,"('0033-PE-2004', 2)":null,"('0033-PE-2004', 3)":null,"('0033-PE-2004', 4)":null,"('0033-PE-2004', 5)":null}}