{"Tipo de Proyecto":{"('0033-S-2004', 0)":"PROYECTO DE RESOLUCI\u00d3N"},"Iniciado en: ":{"('0033-S-2004', 0)":"Senado"},"Expediente Senado: ":{"('0033-S-2004', 0)":"0033-S-2004"},"Publicado en: ":{"('0033-S-2004', 0)":"Diario de Asuntos Entrados N\u00b0 2"},"Fecha: ":{"('0033-S-2004', 0)":"01\/03\/2004"},"T\u00edtulo":{"('0033-S-2004', 0)":"DECLARAR DE INTERES CULTURAL EL PROGRAMA RADIAL \"ECO KERIGMA\", QUE SE EMITE POR AM CADENA 1150 DEL OBISPADO DE SAN JUSTO."},"('Firmantes', 'FIRMANTE')":{"('0033-S-2004', 0)":"ARANCIO, MONICA"},"('Firmantes', 'DISTRITO')":{"('0033-S-2004', 0)":"JUJUY"},"('Firmantes', 'BLOQUE')":{"('0033-S-2004', 0)":"FRENTE CIVICO JUJE\u00d1O"},"('Tramites', 'C\u00c1MARA')":{"('0033-S-2004', 0)":"Senado"},"('Tramites', 'MOVIMIENTO')":{"('0033-S-2004', 0)":"CONSIDERACION Y APROBACION"},"('Tramites', 'FECHA')":{"('0033-S-2004', 0)":"14\/04\/2004"},"('Tramites', 'RESULTADO')":{"('0033-S-2004', 0)":"APROBADO"},"Link":{"('0033-S-2004', 0)":"http:\/\/www.senado.gov.ar\/parlamentario\/comisiones\/verExp\/33.04\/S\/PR"},"Palabra Clave":{"('0033-S-2004', 0)":" "}}