{"Tipo de Proyecto":{"('0036-S-2004', 0)":"COMUNICACION"},"Iniciado en: ":{"('0036-S-2004', 0)":"Senado"},"Expediente Senado: ":{"('0036-S-2004', 0)":"0036-S-2004"},"Publicado en: ":{"('0036-S-2004', 0)":"Diario de Asuntos Entrados N\u00b0 2"},"Fecha: ":{"('0036-S-2004', 0)":"01\/03\/2004"},"T\u00edtulo":{"('0036-S-2004', 0)":"SOLICITAR AL PODER EJECUTIVO DISPONGA LOS MEDIOS NECESARIOS PARA LA HABILITACION DE UN NUMERO TELEFONICO 0611 PARA LA ZONA DE LA QUEBRADA DE HUMAHUACA Y PUNA EN LA PROVINCIA DE JUJUY PARA LA CONEXION CON INTERNET."},"('Firmantes', 'FIRMANTE')":{"('0036-S-2004', 0)":"ARANCIO, MONICA"},"('Firmantes', 'DISTRITO')":{"('0036-S-2004', 0)":"JUJUY"},"('Firmantes', 'BLOQUE')":{"('0036-S-2004', 0)":"FRENTE CIVICO JUJE\u00d1O"},"('Tramites', 'C\u00c1MARA')":{"('0036-S-2004', 0)":"Senado"},"('Tramites', 'MOVIMIENTO')":{"('0036-S-2004', 0)":"CONSIDERACION Y APROBACION"},"('Tramites', 'FECHA')":{"('0036-S-2004', 0)":"28\/04\/2004"},"('Tramites', 'RESULTADO')":{"('0036-S-2004', 0)":"APROBADO"},"Link":{"('0036-S-2004', 0)":"http:\/\/www.senado.gov.ar\/parlamentario\/comisiones\/verExp\/36.04\/S\/PC"},"Palabra Clave":{"('0036-S-2004', 0)":" "}}