{"Tipo de Proyecto":{"('0036-D-2004', 0)":"PROYECTO DE RESOLUCI\u00d3N","('0036-D-2004', 1)":null,"('0036-D-2004', 2)":null,"('0036-D-2004', 3)":null,"('0036-D-2004', 4)":null,"('0036-D-2004', 5)":null},"Iniciado en: ":{"('0036-D-2004', 0)":"Diputados","('0036-D-2004', 1)":null,"('0036-D-2004', 2)":null,"('0036-D-2004', 3)":null,"('0036-D-2004', 4)":null,"('0036-D-2004', 5)":null},"Expediente Diputados: ":{"('0036-D-2004', 0)":"0036-D-2004","('0036-D-2004', 1)":null,"('0036-D-2004', 2)":null,"('0036-D-2004', 3)":null,"('0036-D-2004', 4)":null,"('0036-D-2004', 5)":null},"Publicado en: ":{"('0036-D-2004', 0)":"Tr\u00e1mite Parlamentario N\u00b0 1","('0036-D-2004', 1)":null,"('0036-D-2004', 2)":null,"('0036-D-2004', 3)":null,"('0036-D-2004', 4)":null,"('0036-D-2004', 5)":null},"Fecha: ":{"('0036-D-2004', 0)":"01\/03\/2004","('0036-D-2004', 1)":null,"('0036-D-2004', 2)":null,"('0036-D-2004', 3)":null,"('0036-D-2004', 4)":null,"('0036-D-2004', 5)":null},"T\u00edtulo":{"('0036-D-2004', 0)":"SOLICITAR AL PODER EJECUTIVO DISPONGA LOS MEDIOS TENDIENTES A EXONERAR AL TENIENTE CORONEL EMILIO NANI, POR SU DEFENSA DE LOS CURSOS DE ENTRENAMIENTO DE COMANDOS EN LOS QUE SE INCLUIA LA APLICACION DE TORTURAS.","('0036-D-2004', 1)":null,"('0036-D-2004', 2)":null,"('0036-D-2004', 3)":null,"('0036-D-2004', 4)":null,"('0036-D-2004', 5)":null},"('Firmantes', 'FIRMANTE')":{"('0036-D-2004', 0)":"RODRIGUEZ, MARCELA VIRGINIA","('0036-D-2004', 1)":"GARCIA, SUSANA ROSA","('0036-D-2004', 2)":"PEREZ, ADRIAN","('0036-D-2004', 3)":"BARBAGELATA, MARIA ELENA","('0036-D-2004', 4)":"MAFFEI, MARTA OLINDA","('0036-D-2004', 5)":"MONTEAGUDO, MARIA LUCRECIA"},"('Firmantes', 'DISTRITO')":{"('0036-D-2004', 0)":"BUENOS AIRES","('0036-D-2004', 1)":"SANTA FE","('0036-D-2004', 2)":"BUENOS AIRES","('0036-D-2004', 3)":"CIUDAD de BUENOS AIRES","('0036-D-2004', 4)":"BUENOS AIRES","('0036-D-2004', 5)":"BUENOS AIRES"},"('Firmantes', 'BLOQUE')":{"('0036-D-2004', 0)":"ARI","('0036-D-2004', 1)":"ARI","('0036-D-2004', 2)":"ARI","('0036-D-2004', 3)":"PARTIDO SOCIALISTA","('0036-D-2004', 4)":"ARI","('0036-D-2004', 5)":"PARTIDO INTRANSIGENTE"},"('Giros', 'COMISI\u00d3N')":{"('0036-D-2004', 0)":"DEFENSA NACIONAL","('0036-D-2004', 1)":"DERECHOS HUMANOS Y GARANTIAS","('0036-D-2004', 2)":null,"('0036-D-2004', 3)":null,"('0036-D-2004', 4)":null,"('0036-D-2004', 5)":null},"Palabra Clave":{"('0036-D-2004', 0)":" ","('0036-D-2004', 1)":null,"('0036-D-2004', 2)":null,"('0036-D-2004', 3)":null,"('0036-D-2004', 4)":null,"('0036-D-2004', 5)":null}}