{"Tipo de Proyecto":{"('0037-S-2004', 0)":"PROYECTO DE LEY","('0037-S-2004', 1)":null,"('0037-S-2004', 2)":null,"('0037-S-2004', 3)":null,"('0037-S-2004', 4)":null,"('0037-S-2004', 5)":null,"('0037-S-2004', 6)":null,"('0037-S-2004', 7)":null,"('0037-S-2004', 8)":null},"Iniciado en: ":{"('0037-S-2004', 0)":"Senado","('0037-S-2004', 1)":null,"('0037-S-2004', 2)":null,"('0037-S-2004', 3)":null,"('0037-S-2004', 4)":null,"('0037-S-2004', 5)":null,"('0037-S-2004', 6)":null,"('0037-S-2004', 7)":null,"('0037-S-2004', 8)":null},"Expediente Diputados: ":{"('0037-S-2004', 0)":"0037-S-2004","('0037-S-2004', 1)":null,"('0037-S-2004', 2)":null,"('0037-S-2004', 3)":null,"('0037-S-2004', 4)":null,"('0037-S-2004', 5)":null,"('0037-S-2004', 6)":null,"('0037-S-2004', 7)":null,"('0037-S-2004', 8)":null},"Expediente Senado: ":{"('0037-S-2004', 0)":"0220-S-2004","('0037-S-2004', 1)":null,"('0037-S-2004', 2)":null,"('0037-S-2004', 3)":null,"('0037-S-2004', 4)":null,"('0037-S-2004', 5)":null,"('0037-S-2004', 6)":null,"('0037-S-2004', 7)":null,"('0037-S-2004', 8)":null},"Publicado en: ":{"('0037-S-2004', 0)":"Diario de Asuntos Entrados N\u00b0 18","('0037-S-2004', 1)":null,"('0037-S-2004', 2)":null,"('0037-S-2004', 3)":null,"('0037-S-2004', 4)":null,"('0037-S-2004', 5)":null,"('0037-S-2004', 6)":null,"('0037-S-2004', 7)":null,"('0037-S-2004', 8)":null},"Fecha: ":{"('0037-S-2004', 0)":"08\/03\/2004","('0037-S-2004', 1)":null,"('0037-S-2004', 2)":null,"('0037-S-2004', 3)":null,"('0037-S-2004', 4)":null,"('0037-S-2004', 5)":null,"('0037-S-2004', 6)":null,"('0037-S-2004', 7)":null,"('0037-S-2004', 8)":null},"T\u00edtulo":{"('0037-S-2004', 0)":"DERECHOS EN LOS ESTABLECIMIENTOS DE SALUD, PUBLICOS Y PRIVADOS, DURANTE EL PROCESO DE NACIMIENTO.","('0037-S-2004', 1)":null,"('0037-S-2004', 2)":null,"('0037-S-2004', 3)":null,"('0037-S-2004', 4)":null,"('0037-S-2004', 5)":null,"('0037-S-2004', 6)":null,"('0037-S-2004', 7)":null,"('0037-S-2004', 8)":null},"('Firmantes', 'FIRMANTE')":{"('0037-S-2004', 0)":"MAZA, ADA MERCEDES","('0037-S-2004', 1)":null,"('0037-S-2004', 2)":null,"('0037-S-2004', 3)":null,"('0037-S-2004', 4)":null,"('0037-S-2004', 5)":null,"('0037-S-2004', 6)":null,"('0037-S-2004', 7)":null,"('0037-S-2004', 8)":null},"('Firmantes', 'DISTRITO')":{"('0037-S-2004', 0)":"LA RIOJA","('0037-S-2004', 1)":null,"('0037-S-2004', 2)":null,"('0037-S-2004', 3)":null,"('0037-S-2004', 4)":null,"('0037-S-2004', 5)":null,"('0037-S-2004', 6)":null,"('0037-S-2004', 7)":null,"('0037-S-2004', 8)":null},"('Firmantes', 'BLOQUE')":{"('0037-S-2004', 0)":"JUSTICIALISTA","('0037-S-2004', 1)":null,"('0037-S-2004', 2)":null,"('0037-S-2004', 3)":null,"('0037-S-2004', 4)":null,"('0037-S-2004', 5)":null,"('0037-S-2004', 6)":null,"('0037-S-2004', 7)":null,"('0037-S-2004', 8)":null},"('Giros', 'COMISI\u00d3N')":{"('0037-S-2004', 0)":"ACCION SOCIAL Y SALUD PUBLICA","('0037-S-2004', 1)":"FAMILIA, MUJER, NI\u00d1EZ Y ADOLESCENCIA","('0037-S-2004', 2)":null,"('0037-S-2004', 3)":null,"('0037-S-2004', 4)":null,"('0037-S-2004', 5)":null,"('0037-S-2004', 6)":null,"('0037-S-2004', 7)":null,"('0037-S-2004', 8)":null},"('Tramites', 'C\u00c1MARA')":{"('0037-S-2004', 0)":"Senado","('0037-S-2004', 1)":"Senado","('0037-S-2004', 2)":"Senado","('0037-S-2004', 3)":"Diputados","('0037-S-2004', 4)":"Diputados","('0037-S-2004', 5)":"Diputados","('0037-S-2004', 6)":"Diputados","('0037-S-2004', 7)":"Senado","('0037-S-2004', 8)":"Senado"},"('Tramites', 'MOVIMIENTO')":{"('0037-S-2004', 0)":"MOCION DE PREFERENCIA PARA LA PROXIMA SESION (AFIRMATIVA) CONJUNTAMENTE PARA LOS EXPEDIENTES 0003-PE-2004, 0037-S-2004 y 0220-S-2004","('0037-S-2004', 1)":"CONSIDERACION Y APROBACION CON MODIFICACIONES CONJUNTAMENTE PARA LOS EXPEDIENTES 0003-PE-2004, 0037-S-2004 y 0220-S-2004","('0037-S-2004', 2)":"INSERCIONES","('0037-S-2004', 3)":"PASA A DIPUTADOS - CONJUNTAMENTE PARA LOS EXPEDIENTES 0003-PE-2004, 0037-S-2004 y 0220-S-2004","('0037-S-2004', 4)":"MOCION SOBRE TABLAS (AFIRMATIVA) CONJUNTAMENTE PARA LOS EXPEDIENTES 0003-PE-2004, 0037-S-2004 y 0220-S-2004","('0037-S-2004', 5)":"CONSIDERACION Y APROBACION CON MODIFICACIONES CONJUNTAMENTE PARA LOS EXPEDIENTES 0003-PE-2004, 0037-S-2004 y 0220-S-2004","('0037-S-2004', 6)":"MOCION DE RECONSIDERACION DEL ARTICULO 5 (AFIRMATIVO)","('0037-S-2004', 7)":"VUELVE A SENADO - CONJUNTAMENTE PARA LOS EXPEDIENTES 0003-PE-2004, 0037-S-2004 y 0220-S-2004","('0037-S-2004', 8)":"CONSIDERACION Y SANCION CONJUNTAMENTE PARA LOS EXPEDIENTES 0003-PE-2004, 0037-S-2004 y 0220-S-2004"},"('Tramites', 'FECHA')":{"('0037-S-2004', 0)":"05\/05\/2004","('0037-S-2004', 1)":"12\/05\/2004","('0037-S-2004', 2)":"12\/05\/2004","('0037-S-2004', 3)":null,"('0037-S-2004', 4)":"07\/07\/2004","('0037-S-2004', 5)":"07\/07\/2004","('0037-S-2004', 6)":"07\/07\/2004","('0037-S-2004', 7)":null,"('0037-S-2004', 8)":"25\/08\/2004"},"('Tramites', 'RESULTADO')":{"('0037-S-2004', 0)":null,"('0037-S-2004', 1)":"MEDIA SANCION","('0037-S-2004', 2)":null,"('0037-S-2004', 3)":null,"('0037-S-2004', 4)":null,"('0037-S-2004', 5)":"MEDIA SANCION","('0037-S-2004', 6)":null,"('0037-S-2004', 7)":null,"('0037-S-2004', 8)":"SANCIONADO"},"Sumario":{"('0037-S-2004', 0)":"DERECHOS DE LA MUJER EN RELACION AL EMBARAZO, PARTO Y POSPARTO; DERECHOS DE LA PERSONA RECIEN NACIDA; DERECHOS DE LOS PADRES DE UNA PERSONA RECIEN NACIDA EN SITUACION DE RIESGO; AUTORIDAD DE APLICACION: MINISTERIO DE SALUD.","('0037-S-2004', 1)":null,"('0037-S-2004', 2)":null,"('0037-S-2004', 3)":null,"('0037-S-2004', 4)":null,"('0037-S-2004', 5)":null,"('0037-S-2004', 6)":null,"('0037-S-2004', 7)":null,"('0037-S-2004', 8)":null},"Palabra Clave":{"('0037-S-2004', 0)":" ","('0037-S-2004', 1)":null,"('0037-S-2004', 2)":null,"('0037-S-2004', 3)":null,"('0037-S-2004', 4)":null,"('0037-S-2004', 5)":null,"('0037-S-2004', 6)":null,"('0037-S-2004', 7)":null,"('0037-S-2004', 8)":null}}