{"Tipo de Proyecto":{"('0037-PE-2004', 0)":"MENSAJE NRO: 0924\/04","('0037-PE-2004', 1)":null,"('0037-PE-2004', 2)":null},"Iniciado en: ":{"('0037-PE-2004', 0)":"Diputados","('0037-PE-2004', 1)":null,"('0037-PE-2004', 2)":null},"Expediente Diputados: ":{"('0037-PE-2004', 0)":"0037-PE-2004","('0037-PE-2004', 1)":null,"('0037-PE-2004', 2)":null},"Publicado en: ":{"('0037-PE-2004', 0)":"Tr\u00e1mite Parlamentario N\u00b0 99","('0037-PE-2004', 1)":null,"('0037-PE-2004', 2)":null},"Fecha: ":{"('0037-PE-2004', 0)":"26\/07\/2004","('0037-PE-2004', 1)":null,"('0037-PE-2004', 2)":null},"T\u00edtulo":{"('0037-PE-2004', 0)":"COMUNICACION DEL DECRETO 923\/04, POR EL CUAL SE SUSTITUYE LA DENOMINACION DEL MINISTERIO DE SALUD POR LA DE MINISTERIO DE SALUD Y AMBIENTE.","('0037-PE-2004', 1)":null,"('0037-PE-2004', 2)":null},"('Firmantes', 'FIRMANTE')":{"('0037-PE-2004', 0)":"KIRCHNER, NESTOR CARLOS","('0037-PE-2004', 1)":"FERNANDEZ, ALBERTO","('0037-PE-2004', 2)":"GONZALEZ GARCIA, GINES MARIO"},"('Firmantes', 'DISTRITO')":{"('0037-PE-2004', 0)":null,"('0037-PE-2004', 1)":null,"('0037-PE-2004', 2)":null},"('Firmantes', 'BLOQUE')":{"('0037-PE-2004', 0)":"PODER EJECUTIVO","('0037-PE-2004', 1)":"PODER EJECUTIVO","('0037-PE-2004', 2)":"PODER EJECUTIVO"},"('Giros', 'COMISI\u00d3N')":{"('0037-PE-2004', 0)":"BICAMERAL PERMANENTE DE TRAMITE LEGISLATIVO - LEY 26122","('0037-PE-2004', 1)":null,"('0037-PE-2004', 2)":null},"('Tramites', 'C\u00c1MARA')":{"('0037-PE-2004', 0)":"Diputados","('0037-PE-2004', 1)":"Diputados","('0037-PE-2004', 2)":null},"('Tramites', 'MOVIMIENTO')":{"('0037-PE-2004', 0)":"SOLICITUD DEL PRESIDENTE DE LA COMISION BICAMERAL PERMANENTE DE TRAMITE LEGISLATIVO (LEY 26122) DE REMISION DEL EXPEDIENTE PARA SU ANALISIS (A LA PRESIDENCIA)","('0037-PE-2004', 1)":"EXPEDIENTE ORIGINALMENTE GIRADO A LA COMISION DE ASUNTOS CONSTITUCIONALES; SE LO REMITE A LA COMISION BICAMERAL DE TRAMITE LEGISLATIVO (LEY 26122)","('0037-PE-2004', 2)":null},"('Tramites', 'FECHA')":{"('0037-PE-2004', 0)":"28\/03\/2007","('0037-PE-2004', 1)":null,"('0037-PE-2004', 2)":null},"('Tramites', 'RESULTADO')":{"('0037-PE-2004', 0)":null,"('0037-PE-2004', 1)":null,"('0037-PE-2004', 2)":null},"Palabra Clave":{"('0037-PE-2004', 0)":" ","('0037-PE-2004', 1)":null,"('0037-PE-2004', 2)":null}}