{"Tipo de Proyecto":{"('0038-S-2004', 0)":"PROYECTO DE LEY"},"Iniciado en: ":{"('0038-S-2004', 0)":"Senado"},"Expediente Senado: ":{"('0038-S-2004', 0)":"0038-S-2004"},"Publicado en: ":{"('0038-S-2004', 0)":"Diario de Asuntos Entrados N\u00b0 3"},"Fecha: ":{"('0038-S-2004', 0)":"01\/03\/2004"},"T\u00edtulo":{"('0038-S-2004', 0)":"CODIGO PENAL: MODIFICACION (REPRODUCCION DEL EXPEDIENTE 3269-S-02)."},"('Firmantes', 'FIRMANTE')":{"('0038-S-2004', 0)":"PERCEVAL, MARIA CRISTINA"},"('Firmantes', 'DISTRITO')":{"('0038-S-2004', 0)":"MENDOZA"},"('Firmantes', 'BLOQUE')":{"('0038-S-2004', 0)":"JUSTICIALISTA"},"('Tramites', 'C\u00c1MARA')":{"('0038-S-2004', 0)":"Senado"},"('Tramites', 'MOVIMIENTO')":{"('0038-S-2004', 0)":"REPRODUCIDO POR EXPEDIENTE 1237-S-06 (DAE 55)"},"('Tramites', 'FECHA')":{"('0038-S-2004', 0)":null},"('Tramites', 'RESULTADO')":{"('0038-S-2004', 0)":null},"Sumario":{"('0038-S-2004', 0)":"MODIFICACION DE LOS ARTICULOS 125 (CORRUPCION DE MENORES DE 18 A\u00d1OS, PENAS); 125 BIS (PROSTITUCION DE MENORES DE 18 A\u00d1OS, PENAS); 127 BIS( ENTRADO O SALIDA DEL PAIS DE MENORES PARA QUE EJERZAN  LA PROSTITUCION, PENAS); 127 TER (ENTRADA O SALIDA DE MAYORES, MEDIANTE ENGA\u00d1O, VIOLENCIA, AMENAZAS PARA EJERCER LA PROSTITUCION, PENAS)."},"Palabra Clave":{"('0038-S-2004', 0)":" "}}