{"Tipo de Proyecto":{"('0038-D-2004', 0)":"PROYECTO DE LEY","('0038-D-2004', 1)":null,"('0038-D-2004', 2)":null,"('0038-D-2004', 3)":null,"('0038-D-2004', 4)":null},"Iniciado en: ":{"('0038-D-2004', 0)":"Diputados","('0038-D-2004', 1)":null,"('0038-D-2004', 2)":null,"('0038-D-2004', 3)":null,"('0038-D-2004', 4)":null},"Expediente Diputados: ":{"('0038-D-2004', 0)":"0038-D-2004","('0038-D-2004', 1)":null,"('0038-D-2004', 2)":null,"('0038-D-2004', 3)":null,"('0038-D-2004', 4)":null},"Expediente Senado: ":{"('0038-D-2004', 0)":"0034-CD-2004","('0038-D-2004', 1)":null,"('0038-D-2004', 2)":null,"('0038-D-2004', 3)":null,"('0038-D-2004', 4)":null},"Publicado en: ":{"('0038-D-2004', 0)":"Tr\u00e1mite Parlamentario N\u00b0 1","('0038-D-2004', 1)":null,"('0038-D-2004', 2)":null,"('0038-D-2004', 3)":null,"('0038-D-2004', 4)":null},"Fecha: ":{"('0038-D-2004', 0)":"01\/03\/2004","('0038-D-2004', 1)":null,"('0038-D-2004', 2)":null,"('0038-D-2004', 3)":null,"('0038-D-2004', 4)":null},"T\u00edtulo":{"('0038-D-2004', 0)":"MODIFICACION DEL ARTICULO 3705 DEL CODIGO CIVIL, SOBRE MAYORIA DE EDAD PARA LOS TESTIGOS DE UN TESTAMENTO.","('0038-D-2004', 1)":null,"('0038-D-2004', 2)":null,"('0038-D-2004', 3)":null,"('0038-D-2004', 4)":null},"('Firmantes', 'FIRMANTE')":{"('0038-D-2004', 0)":"RODRIGUEZ, MARCELA VIRGINIA","('0038-D-2004', 1)":"GARCIA, SUSANA ROSA","('0038-D-2004', 2)":"PEREZ, ADRIAN","('0038-D-2004', 3)":"MAFFEI, MARTA OLINDA","('0038-D-2004', 4)":"MONTEAGUDO, MARIA LUCRECIA"},"('Firmantes', 'DISTRITO')":{"('0038-D-2004', 0)":"BUENOS AIRES","('0038-D-2004', 1)":"SANTA FE","('0038-D-2004', 2)":"BUENOS AIRES","('0038-D-2004', 3)":"BUENOS AIRES","('0038-D-2004', 4)":"BUENOS AIRES"},"('Firmantes', 'BLOQUE')":{"('0038-D-2004', 0)":"ARI","('0038-D-2004', 1)":"ARI","('0038-D-2004', 2)":"ARI","('0038-D-2004', 3)":"ARI","('0038-D-2004', 4)":"PARTIDO INTRANSIGENTE"},"('Giros', 'COMISI\u00d3N')":{"('0038-D-2004', 0)":"LEGISLACION GENERAL","('0038-D-2004', 1)":null,"('0038-D-2004', 2)":null,"('0038-D-2004', 3)":null,"('0038-D-2004', 4)":null},"('Tramites', 'C\u00c1MARA')":{"('0038-D-2004', 0)":"Diputados","('0038-D-2004', 1)":"Senado","('0038-D-2004', 2)":"Senado","('0038-D-2004', 3)":null,"('0038-D-2004', 4)":null},"('Tramites', 'MOVIMIENTO')":{"('0038-D-2004', 0)":"CONSIDERACION Y APROBACION","('0038-D-2004', 1)":"PASA A SENADO -","('0038-D-2004', 2)":"CONSIDERACION Y SANCION","('0038-D-2004', 3)":null,"('0038-D-2004', 4)":null},"('Tramites', 'FECHA')":{"('0038-D-2004', 0)":"04\/08\/2004","('0038-D-2004', 1)":null,"('0038-D-2004', 2)":"17\/08\/2005","('0038-D-2004', 3)":null,"('0038-D-2004', 4)":null},"('Tramites', 'RESULTADO')":{"('0038-D-2004', 0)":"MEDIA SANCION","('0038-D-2004', 1)":null,"('0038-D-2004', 2)":"SANCIONADO","('0038-D-2004', 3)":null,"('0038-D-2004', 4)":null},"Link":{"('0038-D-2004', 0)":"http:\/\/www.senado.gov.ar\/web\/proyectos\/verExpe.php?origen=CD&nro_comision=&tipo=PL&numexp=34\/04&tConsulta=4","('0038-D-2004', 1)":null,"('0038-D-2004', 2)":null,"('0038-D-2004', 3)":null,"('0038-D-2004', 4)":null},"Palabra Clave":{"('0038-D-2004', 0)":" ","('0038-D-2004', 1)":null,"('0038-D-2004', 2)":null,"('0038-D-2004', 3)":null,"('0038-D-2004', 4)":null}}