{"Tipo de Proyecto":{"('0038-PE-2004', 0)":"MENSAJE NRO: 0963\/04","('0038-PE-2004', 1)":null,"('0038-PE-2004', 2)":null},"Iniciado en: ":{"('0038-PE-2004', 0)":"Diputados","('0038-PE-2004', 1)":null,"('0038-PE-2004', 2)":null},"Expediente Diputados: ":{"('0038-PE-2004', 0)":"0038-PE-2004","('0038-PE-2004', 1)":null,"('0038-PE-2004', 2)":null},"Publicado en: ":{"('0038-PE-2004', 0)":"Tr\u00e1mite Parlamentario N\u00b0 103","('0038-PE-2004', 1)":null,"('0038-PE-2004', 2)":null},"Fecha: ":{"('0038-PE-2004', 0)":"30\/07\/2004","('0038-PE-2004', 1)":null,"('0038-PE-2004', 2)":null},"T\u00edtulo":{"('0038-PE-2004', 0)":"COMUNICACION DEL DECRETO 962\/04, POR EL CUAL SE AUTORIZA AL TESORO NACIONAL A OTORGAR UN PRESTAMO REINTEGRABLE AL FONDO UNIFICADO CREADO POR EL ARTICULO 37 DE LA LEY 24065 Y ADMINISTRADO POR LA SECRETARIA DE ENERGIA.","('0038-PE-2004', 1)":null,"('0038-PE-2004', 2)":null},"('Firmantes', 'FIRMANTE')":{"('0038-PE-2004', 0)":"KIRCHNER, NESTOR CARLOS","('0038-PE-2004', 1)":"FERNANDEZ, ALBERTO","('0038-PE-2004', 2)":"DE VIDO, JULIO"},"('Firmantes', 'DISTRITO')":{"('0038-PE-2004', 0)":null,"('0038-PE-2004', 1)":null,"('0038-PE-2004', 2)":null},"('Firmantes', 'BLOQUE')":{"('0038-PE-2004', 0)":"PODER EJECUTIVO","('0038-PE-2004', 1)":"PODER EJECUTIVO","('0038-PE-2004', 2)":"PODER EJECUTIVO"},"('Giros', 'COMISI\u00d3N')":{"('0038-PE-2004', 0)":"PRESUPUESTO Y HACIENDA","('0038-PE-2004', 1)":"ENERGIA Y COMBUSTIBLES","('0038-PE-2004', 2)":null},"('Tramites', 'C\u00c1MARA')":{"('0038-PE-2004', 0)":"Diputados","('0038-PE-2004', 1)":null,"('0038-PE-2004', 2)":null},"('Tramites', 'MOVIMIENTO')":{"('0038-PE-2004', 0)":"VER TRAMITE EN EXPEDIENTE 7063-D-06","('0038-PE-2004', 1)":null,"('0038-PE-2004', 2)":null},"('Tramites', 'FECHA')":{"('0038-PE-2004', 0)":null,"('0038-PE-2004', 1)":null,"('0038-PE-2004', 2)":null},"('Tramites', 'RESULTADO')":{"('0038-PE-2004', 0)":null,"('0038-PE-2004', 1)":null,"('0038-PE-2004', 2)":null},"Palabra Clave":{"('0038-PE-2004', 0)":" ","('0038-PE-2004', 1)":null,"('0038-PE-2004', 2)":null}}