{"Tipo de Proyecto":{"('0039-S-2004', 0)":"PROYECTO DE LEY","('0039-S-2004', 1)":null,"('0039-S-2004', 2)":null},"Iniciado en: ":{"('0039-S-2004', 0)":"Senado","('0039-S-2004', 1)":null,"('0039-S-2004', 2)":null},"Expediente Senado: ":{"('0039-S-2004', 0)":"0039-S-2004","('0039-S-2004', 1)":null,"('0039-S-2004', 2)":null},"Publicado en: ":{"('0039-S-2004', 0)":"Diario de Asuntos Entrados N\u00b0 3","('0039-S-2004', 1)":null,"('0039-S-2004', 2)":null},"Fecha: ":{"('0039-S-2004', 0)":"01\/03\/2004","('0039-S-2004', 1)":null,"('0039-S-2004', 2)":null},"T\u00edtulo":{"('0039-S-2004', 0)":"APROBACION DE LA JERARQUIA CONSTITUCIONAL DE LA CONVENCION INTERAMERICANA PARA PREVENIR, SANCIONAR Y ERRADICAR LA VIOLENCIA CONTRA LA MUJER 'CONVENCION DE BELEM DO PARA', RATIFICADA POR LEY 24632 (REPRODUCCION DEL EXPEDIENTE 3367-S-02).","('0039-S-2004', 1)":null,"('0039-S-2004', 2)":null},"('Firmantes', 'FIRMANTE')":{"('0039-S-2004', 0)":"PERCEVAL, MARIA CRISTINA","('0039-S-2004', 1)":null,"('0039-S-2004', 2)":null},"('Firmantes', 'DISTRITO')":{"('0039-S-2004', 0)":"MENDOZA","('0039-S-2004', 1)":null,"('0039-S-2004', 2)":null},"('Firmantes', 'BLOQUE')":{"('0039-S-2004', 0)":"JUSTICIALISTA","('0039-S-2004', 1)":null,"('0039-S-2004', 2)":null},"('Tramites', 'C\u00c1MARA')":{"('0039-S-2004', 0)":"Senado","('0039-S-2004', 1)":"Senado","('0039-S-2004', 2)":"Senado"},"('Tramites', 'MOVIMIENTO')":{"('0039-S-2004', 0)":"AMPLIACION GIRO A LA COMISION DE ASUNTOS CONSTITUCIONALES (AFIRMATIVA)","('0039-S-2004', 1)":"SE SUPRIME EL GIRO A LA COMISION DE RELACIONES EXTERIORES Y CULTO","('0039-S-2004', 2)":"REPRODUCIDO POR EXPEDIENTE 0786-S-06"},"('Tramites', 'FECHA')":{"('0039-S-2004', 0)":"17\/11\/2004","('0039-S-2004', 1)":"07\/09\/2005","('0039-S-2004', 2)":null},"('Tramites', 'RESULTADO')":{"('0039-S-2004', 0)":null,"('0039-S-2004', 1)":null,"('0039-S-2004', 2)":null},"Link":{"('0039-S-2004', 0)":"http:\/\/www.senado.gov.ar\/parlamentario\/comisiones\/verExp\/39.04\/S\/PL","('0039-S-2004', 1)":null,"('0039-S-2004', 2)":null},"Palabra Clave":{"('0039-S-2004', 0)":" ","('0039-S-2004', 1)":null,"('0039-S-2004', 2)":null}}