{"Tipo de Proyecto":{"('0039-D-2004', 0)":"PROYECTO DE LEY","('0039-D-2004', 1)":null,"('0039-D-2004', 2)":null,"('0039-D-2004', 3)":null,"('0039-D-2004', 4)":null},"Iniciado en: ":{"('0039-D-2004', 0)":"Diputados","('0039-D-2004', 1)":null,"('0039-D-2004', 2)":null,"('0039-D-2004', 3)":null,"('0039-D-2004', 4)":null},"Expediente Diputados: ":{"('0039-D-2004', 0)":"0039-D-2004","('0039-D-2004', 1)":null,"('0039-D-2004', 2)":null,"('0039-D-2004', 3)":null,"('0039-D-2004', 4)":null},"Publicado en: ":{"('0039-D-2004', 0)":"Tr\u00e1mite Parlamentario N\u00b0 1","('0039-D-2004', 1)":null,"('0039-D-2004', 2)":null,"('0039-D-2004', 3)":null,"('0039-D-2004', 4)":null},"Fecha: ":{"('0039-D-2004', 0)":"01\/03\/2004","('0039-D-2004', 1)":null,"('0039-D-2004', 2)":null,"('0039-D-2004', 3)":null,"('0039-D-2004', 4)":null},"T\u00edtulo":{"('0039-D-2004', 0)":"MODIFICACION DEL ARTICULO 3454 DEL CODIGO CIVIL, SOBRE PARTICIPACION DE TUTORES Y CURADORES EN EL HABER SUCESORIO.","('0039-D-2004', 1)":null,"('0039-D-2004', 2)":null,"('0039-D-2004', 3)":null,"('0039-D-2004', 4)":null},"('Firmantes', 'FIRMANTE')":{"('0039-D-2004', 0)":"RODRIGUEZ, MARCELA VIRGINIA","('0039-D-2004', 1)":"GARCIA, SUSANA ROSA","('0039-D-2004', 2)":"PEREZ, ADRIAN","('0039-D-2004', 3)":"MAFFEI, MARTA OLINDA","('0039-D-2004', 4)":"MONTEAGUDO, MARIA LUCRECIA"},"('Firmantes', 'DISTRITO')":{"('0039-D-2004', 0)":"BUENOS AIRES","('0039-D-2004', 1)":"SANTA FE","('0039-D-2004', 2)":"BUENOS AIRES","('0039-D-2004', 3)":"BUENOS AIRES","('0039-D-2004', 4)":"BUENOS AIRES"},"('Firmantes', 'BLOQUE')":{"('0039-D-2004', 0)":"ARI","('0039-D-2004', 1)":"ARI","('0039-D-2004', 2)":"ARI","('0039-D-2004', 3)":"ARI","('0039-D-2004', 4)":"PARTIDO INTRANSIGENTE"},"('Giros', 'COMISI\u00d3N')":{"('0039-D-2004', 0)":"LEGISLACION GENERAL","('0039-D-2004', 1)":null,"('0039-D-2004', 2)":null,"('0039-D-2004', 3)":null,"('0039-D-2004', 4)":null},"Palabra Clave":{"('0039-D-2004', 0)":" ","('0039-D-2004', 1)":null,"('0039-D-2004', 2)":null,"('0039-D-2004', 3)":null,"('0039-D-2004', 4)":null}}