{"Tipo de Proyecto":{"('0040-D-2004', 0)":"PROYECTO DE RESOLUCI\u00d3N","('0040-D-2004', 1)":null},"Iniciado en: ":{"('0040-D-2004', 0)":"Diputados","('0040-D-2004', 1)":null},"Expediente Diputados: ":{"('0040-D-2004', 0)":"0040-D-2004","('0040-D-2004', 1)":null},"Publicado en: ":{"('0040-D-2004', 0)":"Tr\u00e1mite Parlamentario N\u00b0 1","('0040-D-2004', 1)":null},"Fecha: ":{"('0040-D-2004', 0)":"01\/03\/2004","('0040-D-2004', 1)":null},"T\u00edtulo":{"('0040-D-2004', 0)":"SOLICITAR AL PODER EJECUTIVO PRESTE AYUDA FINANCIERA PARA LA ASOCIACION DE CRITICOS MUSICALES.","('0040-D-2004', 1)":null},"('Firmantes', 'FIRMANTE')":{"('0040-D-2004', 0)":"STORERO, HUGO GUILLERMO","('0040-D-2004', 1)":null},"('Firmantes', 'DISTRITO')":{"('0040-D-2004', 0)":"SANTA FE","('0040-D-2004', 1)":null},"('Firmantes', 'BLOQUE')":{"('0040-D-2004', 0)":"UCR","('0040-D-2004', 1)":null},"('Giros', 'COMISI\u00d3N')":{"('0040-D-2004', 0)":"CULTURA","('0040-D-2004', 1)":null},"('Tramites', 'C\u00c1MARA')":{"('0040-D-2004', 0)":"Diputados","('0040-D-2004', 1)":"Diputados"},"('Tramites', 'MOVIMIENTO')":{"('0040-D-2004', 0)":"CONSIDERACION Y APROBACION","('0040-D-2004', 1)":"CONTESTACION DEL PODER EJECUTIVO NACIONAL - JEFE DE GABINETE DE MINISTROS - GIRADO A LA COMISION RESPECTIVA"},"('Tramites', 'FECHA')":{"('0040-D-2004', 0)":"12\/05\/2004","('0040-D-2004', 1)":"19\/04\/2006"},"('Tramites', 'RESULTADO')":{"('0040-D-2004', 0)":"APROBADO","('0040-D-2004', 1)":null},"Palabra Clave":{"('0040-D-2004', 0)":" ","('0040-D-2004', 1)":null}}