{"Tipo de Proyecto":{"('0040-S-2004', 0)":"MENSAJE NRO: 1125\/03 Y PROYECTO DE LEY","('0040-S-2004', 1)":null,"('0040-S-2004', 2)":null,"('0040-S-2004', 3)":null},"Iniciado en: ":{"('0040-S-2004', 0)":"Senado","('0040-S-2004', 1)":null,"('0040-S-2004', 2)":null,"('0040-S-2004', 3)":null},"Expediente Diputados: ":{"('0040-S-2004', 0)":"0040-S-2004","('0040-S-2004', 1)":null,"('0040-S-2004', 2)":null,"('0040-S-2004', 3)":null},"Expediente Senado: ":{"('0040-S-2004', 0)":"0426-PE-2003","('0040-S-2004', 1)":null,"('0040-S-2004', 2)":null,"('0040-S-2004', 3)":null},"Publicado en: ":{"('0040-S-2004', 0)":"Diario de Asuntos Entrados N\u00b0 182","('0040-S-2004', 1)":null,"('0040-S-2004', 2)":null,"('0040-S-2004', 3)":null},"Fecha: ":{"('0040-S-2004', 0)":"03\/12\/2003","('0040-S-2004', 1)":null,"('0040-S-2004', 2)":null,"('0040-S-2004', 3)":null},"T\u00edtulo":{"('0040-S-2004', 0)":"APROBACION DEL ACUERDO DE COOPERACION ECONOMICA Y COMERCIAL ENTRE LA REPUBLICA ARGENTINA Y LA REPUBLICA ISLAMICA DE PAKISTAN, SUSCRITO EN BUENOS AIRES EL 11 DE JULIO DE 2002.","('0040-S-2004', 1)":null,"('0040-S-2004', 2)":null,"('0040-S-2004', 3)":null},"('Firmantes', 'FIRMANTE')":{"('0040-S-2004', 0)":"KIRCHNER, NESTOR CARLOS","('0040-S-2004', 1)":"FERNANDEZ, ALBERTO","('0040-S-2004', 2)":"BIELSA, RAFAEL","('0040-S-2004', 3)":null},"('Firmantes', 'DISTRITO')":{"('0040-S-2004', 0)":null,"('0040-S-2004', 1)":null,"('0040-S-2004', 2)":null,"('0040-S-2004', 3)":null},"('Firmantes', 'BLOQUE')":{"('0040-S-2004', 0)":"PODER EJECUTIVO","('0040-S-2004', 1)":"PODER EJECUTIVO","('0040-S-2004', 2)":"PODER EJECUTIVO","('0040-S-2004', 3)":null},"('Giros', 'COMISI\u00d3N')":{"('0040-S-2004', 0)":"RELACIONES EXTERIORES Y CULTO","('0040-S-2004', 1)":"ECONOMIA","('0040-S-2004', 2)":"COMERCIO","('0040-S-2004', 3)":null},"('Tramites', 'C\u00c1MARA')":{"('0040-S-2004', 0)":"Senado","('0040-S-2004', 1)":"Diputados","('0040-S-2004', 2)":"Diputados","('0040-S-2004', 3)":"Diputados"},"('Tramites', 'MOVIMIENTO')":{"('0040-S-2004', 0)":"CONSIDERACION Y APROBACION","('0040-S-2004', 1)":"PASA A DIPUTADOS -","('0040-S-2004', 2)":"MOCION DE PREFERENCIA PARA LA PROXIMA SESION CON DICTAMEN (AFIRMATIVA)","('0040-S-2004', 3)":"CONSIDERACION Y SANCION"},"('Tramites', 'FECHA')":{"('0040-S-2004', 0)":"12\/05\/2004","('0040-S-2004', 1)":null,"('0040-S-2004', 2)":"06\/10\/2004","('0040-S-2004', 3)":"20\/10\/2004"},"('Tramites', 'RESULTADO')":{"('0040-S-2004', 0)":"MEDIA SANCION","('0040-S-2004', 1)":null,"('0040-S-2004', 2)":null,"('0040-S-2004', 3)":"SANCIONADO"},"Link":{"('0040-S-2004', 0)":"http:\/\/www.senado.gov.ar\/web\/proyectos\/verExpe.php?origen=PE&nro_comision=&tipo=PL&numexp=426\/03&tConsulta=5","('0040-S-2004', 1)":null,"('0040-S-2004', 2)":null,"('0040-S-2004', 3)":null},"Palabra Clave":{"('0040-S-2004', 0)":" ","('0040-S-2004', 1)":null,"('0040-S-2004', 2)":null,"('0040-S-2004', 3)":null}}