{"Tipo de Proyecto":{"('0041-PE-2004', 0)":"MENSAJE NRO: 1065\/04","('0041-PE-2004', 1)":null,"('0041-PE-2004', 2)":null},"Iniciado en: ":{"('0041-PE-2004', 0)":"Diputados","('0041-PE-2004', 1)":null,"('0041-PE-2004', 2)":null},"Expediente Diputados: ":{"('0041-PE-2004', 0)":"0041-PE-2004","('0041-PE-2004', 1)":null,"('0041-PE-2004', 2)":null},"Publicado en: ":{"('0041-PE-2004', 0)":"Tr\u00e1mite Parlamentario N\u00b0 118","('0041-PE-2004', 1)":null,"('0041-PE-2004', 2)":null},"Fecha: ":{"('0041-PE-2004', 0)":"23\/08\/2004","('0041-PE-2004', 1)":null,"('0041-PE-2004', 2)":null},"T\u00edtulo":{"('0041-PE-2004', 0)":"COMUNICACION DEL DECRETO 1064\/04 POR EL CUAL SE ESTABLECEN  MODIFICACIONES AL DECRETO 976\/01, SOBRE  FIDEICOMISO Y DESTINO DE LOS INGRESOS PROVENIENTES DE LA CONCESION DE LOS CORREDORES DE LA RED VIAL NACIONAL.","('0041-PE-2004', 1)":null,"('0041-PE-2004', 2)":null},"('Firmantes', 'FIRMANTE')":{"('0041-PE-2004', 0)":"KIRCHNER, NESTOR CARLOS","('0041-PE-2004', 1)":"FERNANDEZ, ALBERTO","('0041-PE-2004', 2)":"LAVAGNA, ROBERTO"},"('Firmantes', 'DISTRITO')":{"('0041-PE-2004', 0)":null,"('0041-PE-2004', 1)":null,"('0041-PE-2004', 2)":null},"('Firmantes', 'BLOQUE')":{"('0041-PE-2004', 0)":"PODER EJECUTIVO","('0041-PE-2004', 1)":"PODER EJECUTIVO","('0041-PE-2004', 2)":"PODER EJECUTIVO"},"('Giros', 'COMISI\u00d3N')":{"('0041-PE-2004', 0)":"BICAMERAL PERMANENTE DE TRAMITE LEGISLATIVO - LEY 26122","('0041-PE-2004', 1)":null,"('0041-PE-2004', 2)":null},"('Tramites', 'C\u00c1MARA')":{"('0041-PE-2004', 0)":"Diputados","('0041-PE-2004', 1)":"Diputados","('0041-PE-2004', 2)":null},"('Tramites', 'MOVIMIENTO')":{"('0041-PE-2004', 0)":"SOLICITUD DEL PRESIDENTE DE LA COMISION BICAMERAL PERMANENTE DE TRAMITE LEGISLATIVO (LEY 26122) DE REMISION DEL EXPEDIENTE PARA SU ANALISIS (A LA PRESIDENCIA)","('0041-PE-2004', 1)":"EXPEDIENTE ORIGINALMENTE GIRADO A LAS COMISIONES DE ENERGIA Y COMBUSTIBLES, TRANSPORTES, OBRAS PUBLICAS Y PRESUPUESTO Y HACIENDA; SE LO REMITE A LA COMISION BICAMERAL DE TRAMITE LEGISLATIVO (LEY 26122)","('0041-PE-2004', 2)":null},"('Tramites', 'FECHA')":{"('0041-PE-2004', 0)":"28\/03\/2007","('0041-PE-2004', 1)":null,"('0041-PE-2004', 2)":null},"('Tramites', 'RESULTADO')":{"('0041-PE-2004', 0)":null,"('0041-PE-2004', 1)":null,"('0041-PE-2004', 2)":null},"Palabra Clave":{"('0041-PE-2004', 0)":" ","('0041-PE-2004', 1)":null,"('0041-PE-2004', 2)":null}}