{"Tipo de Proyecto":{"('0041-D-2004', 0)":"PROYECTO DE RESOLUCI\u00d3N"},"Iniciado en: ":{"('0041-D-2004', 0)":"Diputados"},"Expediente Diputados: ":{"('0041-D-2004', 0)":"0041-D-2004"},"Publicado en: ":{"('0041-D-2004', 0)":"Tr\u00e1mite Parlamentario N\u00b0 1"},"Fecha: ":{"('0041-D-2004', 0)":"01\/03\/2004"},"T\u00edtulo":{"('0041-D-2004', 0)":"PEDIDO DE INFORMES AL PODER EJECUTIVO SOBRE LA INTERRUPCION DEL ENVIO DE PARTIDAS RELACIONADAS CON LA ENFERMERIA Y ATENCION DE PODOLOGIA AL INSTITUTO NACIONAL DE SERVICIOS SOCIALES PARA JUBILADOS Y PENSIONADOS."},"('Firmantes', 'FIRMANTE')":{"('0041-D-2004', 0)":"STORERO, HUGO GUILLERMO"},"('Firmantes', 'DISTRITO')":{"('0041-D-2004', 0)":"SANTA FE"},"('Firmantes', 'BLOQUE')":{"('0041-D-2004', 0)":"UCR"},"('Giros', 'COMISI\u00d3N')":{"('0041-D-2004', 0)":"ACCION SOCIAL Y SALUD PUBLICA"},"Palabra Clave":{"('0041-D-2004', 0)":" "}}