{"Tipo de Proyecto":{"('0041-S-2004', 0)":"PROYECTO DE LEY"},"Iniciado en: ":{"('0041-S-2004', 0)":"Senado"},"Expediente Senado: ":{"('0041-S-2004', 0)":"0041-S-2004"},"Publicado en: ":{"('0041-S-2004', 0)":"Diario de Asuntos Entrados N\u00b0 3"},"Fecha: ":{"('0041-S-2004', 0)":"01\/03\/2004"},"T\u00edtulo":{"('0041-S-2004', 0)":"MODIFICACION A LA LEY 24660, DE EJECUCION DE LA PENA PRIVATIVA DE LA LIBERTAD, SOBRE EL CUMPLIMIENTO TOTAL DE LA PENA PARA CONDENADOS POR DELITOS CONTRA LA INTEGRIDAD SEXUAL (ARTICULOS 119 Y 124 DEL CODIGO PENAL)."},"('Firmantes', 'FIRMANTE')":{"('0041-S-2004', 0)":"CASTRO, MARIA ELISA"},"('Firmantes', 'DISTRITO')":{"('0041-S-2004', 0)":"SANTIAGO DEL ESTERO"},"('Firmantes', 'BLOQUE')":{"('0041-S-2004', 0)":"JUSTICIALISTA"},"Sumario":{"('0041-S-2004', 0)":"INCORPORACION DEL APARTADO V AL ARTICULO 17; INCORPORACION DEL ARTICULO 34 BIS; INCORPORACION DE UN PARRAFO AL ARTICULO 35 Y DE UN PARRAFO AL ARTICULO 54."},"Palabra Clave":{"('0041-S-2004', 0)":" "}}