{"Tipo de Proyecto":{"('0041-OV-2004', 0)":"PROYECTO DE RESOLUCI\u00d3N"},"Iniciado en: ":{"('0041-OV-2004', 0)":"Senado"},"Expediente Senado: ":{"('0041-OV-2004', 0)":"0041-OV-2004"},"Fecha: ":{"('0041-OV-2004', 0)":"22\/04\/2005"},"T\u00edtulo":{"('0041-OV-2004', 0)":"RESOLUCIONES REMITIDAS POR LA AUDITORIA GENERAL DE LA NACION ACERCA DE INFORME REFERENTE LOS ESTADOS CONTABLES, EJERCICIOS TERMINADOS 31 DE DICIEMBRE DE 2002 Y 31 DE DICIEMBRE DE 2003 (0041-OV-04), Y REMISION POR PARTE DE LA AGN DE UN EJEMPLAR DE LOS MISMOS (0208-OV-04), CORRESPONDIENTES A LA EMPRESA DE CARGAS AEREAS DEL ATLANTICO SUD SOCIEDAD ANONIMA (EDCADASSA)."},"('Firmantes', 'FIRMANTE')":{"('0041-OV-2004', 0)":"PARLAMENTARIA MIXTA REVISORA DE CUENTAS"},"('Firmantes', 'DISTRITO')":{"('0041-OV-2004', 0)":null},"('Firmantes', 'BLOQUE')":{"('0041-OV-2004', 0)":null},"('Tramites', 'C\u00c1MARA')":{"('0041-OV-2004', 0)":"Senado"},"('Tramites', 'MOVIMIENTO')":{"('0041-OV-2004', 0)":"CONSIDERACION Y APROBACION (AL ARCHIVO)"},"('Tramites', 'FECHA')":{"('0041-OV-2004', 0)":"18\/05\/2005"},"('Tramites', 'RESULTADO')":{"('0041-OV-2004', 0)":"ARCHIVADO"},"Sumario":{"('0041-OV-2004', 0)":"HABIENDO TOMADO CONOCIMIENTO, Y SIN PERJUICIO DE ULTERIORES MEDIDAS QUE PUEDAN ADOPTARSE, SE ACONSEJA SU REMISION AL ARCHIVO."},"Palabra Clave":{"('0041-OV-2004', 0)":" "}}