{"Tipo de Proyecto":{"('0043-D-2004', 0)":"PROYECTO DE DECLARACI\u00d3N"},"Iniciado en: ":{"('0043-D-2004', 0)":"Diputados"},"Expediente Diputados: ":{"('0043-D-2004', 0)":"0043-D-2004"},"Publicado en: ":{"('0043-D-2004', 0)":"Tr\u00e1mite Parlamentario N\u00b0 1"},"Fecha: ":{"('0043-D-2004', 0)":"01\/03\/2004"},"T\u00edtulo":{"('0043-D-2004', 0)":"DECLARAR DE INTERES CULTURAL AL PROGRAMA \"DE LOS PARAISOS A CAPITAN BERMUDEZ - RELATOS DE UNA HISTORIA VIVA\"."},"('Firmantes', 'FIRMANTE')":{"('0043-D-2004', 0)":"STORERO, HUGO GUILLERMO"},"('Firmantes', 'DISTRITO')":{"('0043-D-2004', 0)":"SANTA FE"},"('Firmantes', 'BLOQUE')":{"('0043-D-2004', 0)":"UCR"},"('Giros', 'COMISI\u00d3N')":{"('0043-D-2004', 0)":"CULTURA"},"('Tramites', 'C\u00c1MARA')":{"('0043-D-2004', 0)":"Diputados"},"('Tramites', 'MOVIMIENTO')":{"('0043-D-2004', 0)":"SOLICITUD DEL AUTOR DE RETIRO DEL PROYECTO (AFIRMATIVA)"},"('Tramites', 'FECHA')":{"('0043-D-2004', 0)":"31\/03\/2004"},"('Tramites', 'RESULTADO')":{"('0043-D-2004', 0)":"RETIRADO"},"Palabra Clave":{"('0043-D-2004', 0)":" "}}