{"Tipo de Proyecto":{"('0043-S-2004', 0)":"PROYECTO DE LEY","('0043-S-2004', 1)":null},"Iniciado en: ":{"('0043-S-2004', 0)":"Senado","('0043-S-2004', 1)":null},"Expediente Senado: ":{"('0043-S-2004', 0)":"0043-S-2004","('0043-S-2004', 1)":null},"Publicado en: ":{"('0043-S-2004', 0)":"Diario de Asuntos Entrados N\u00b0 3","('0043-S-2004', 1)":null},"Fecha: ":{"('0043-S-2004', 0)":"01\/03\/2004","('0043-S-2004', 1)":null},"T\u00edtulo":{"('0043-S-2004', 0)":"MARCO REGULATORIO DE LOS SERVICIOS POSTALES.","('0043-S-2004', 1)":null},"('Firmantes', 'FIRMANTE')":{"('0043-S-2004', 0)":"JENEFES, GUILLERMO RAUL","('0043-S-2004', 1)":"LATORRE, ROXANA"},"('Firmantes', 'DISTRITO')":{"('0043-S-2004', 0)":"JUJUY","('0043-S-2004', 1)":"SANTA FE"},"('Firmantes', 'BLOQUE')":{"('0043-S-2004', 0)":"JUSTICIALISTA","('0043-S-2004', 1)":"JUSTICIALISTA"},"Sumario":{"('0043-S-2004', 0)":"COMPETENCIA; OBJETIVOS; CARACTERISTICAS DEL SERVICIO POSTAL; CORREO OFICIAL DE LA REPUBLICA ARGENTINA; SERVICIO POSTAL UNIVERSAL; LICENCIATARIOS DEL SERVICIO POSTAL; DERECHOS DE LOS USUARIO; CADUCIDAD DE LAS LICENCIAS; REGIMEN SANCIONATORIO; AUTORIDAD DE APLICACION; CREACION DE LA ADMINISTRACION NACIONAL DE SERVICIOS POSTALES (ANSEP): INTEGRACION, FACULTADES Y DEBERES; DEROGACION DE LA LEY 12346 Y 20216 Y CONCORDANTES (LEY DE CORREOS); DEROGACION DE LOS DECRETOS 151\/74, 1187\/93, 80\/97, 115\/97, 1260\/96 EN LO REFERENTE A LA APROBACION DE LA ESTRUCTURA DE LA COMISION NACIONAL DE COMUNICACIONES QUE INVOLUCRE EL SERVICIO POSTAL (ANEXO I: GLOSARIO Y DEFINICIONES).","('0043-S-2004', 1)":null},"Palabra Clave":{"('0043-S-2004', 0)":" ","('0043-S-2004', 1)":null}}