{"Tipo de Proyecto":{"('0044-D-2004', 0)":"PROYECTO DE DECLARACI\u00d3N"},"Iniciado en: ":{"('0044-D-2004', 0)":"Diputados"},"Expediente Diputados: ":{"('0044-D-2004', 0)":"0044-D-2004"},"Publicado en: ":{"('0044-D-2004', 0)":"Tr\u00e1mite Parlamentario N\u00b0 1"},"Fecha: ":{"('0044-D-2004', 0)":"01\/03\/2004"},"T\u00edtulo":{"('0044-D-2004', 0)":"FELICITAR A DANIEL BURMAN Y DANIEL HENDLER POR LOS PREMIOS OBTENIDOS EN EL FESTIVAL DE CINE DE BERLIN."},"('Firmantes', 'FIRMANTE')":{"('0044-D-2004', 0)":"STORERO, HUGO GUILLERMO"},"('Firmantes', 'DISTRITO')":{"('0044-D-2004', 0)":"SANTA FE"},"('Firmantes', 'BLOQUE')":{"('0044-D-2004', 0)":"UCR"},"('Giros', 'COMISI\u00d3N')":{"('0044-D-2004', 0)":"CULTURA"},"('Tramites', 'C\u00c1MARA')":{"('0044-D-2004', 0)":"Diputados"},"('Tramites', 'MOVIMIENTO')":{"('0044-D-2004', 0)":"CONSIDERACION Y APROBACION CONJUNTAMENTE PARA LOS EXPEDIENTES 0044-D-2004 y 1114-D-2004"},"('Tramites', 'FECHA')":{"('0044-D-2004', 0)":"12\/05\/2004"},"('Tramites', 'RESULTADO')":{"('0044-D-2004', 0)":"APROBADO"},"Palabra Clave":{"('0044-D-2004', 0)":" "}}