{"Tipo de Proyecto":{"('0045-PE-2004', 0)":"MENSAJE NRO: 1143\/04","('0045-PE-2004', 1)":null,"('0045-PE-2004', 2)":null},"Iniciado en: ":{"('0045-PE-2004', 0)":"Diputados","('0045-PE-2004', 1)":null,"('0045-PE-2004', 2)":null},"Expediente Diputados: ":{"('0045-PE-2004', 0)":"0045-PE-2004","('0045-PE-2004', 1)":null,"('0045-PE-2004', 2)":null},"Publicado en: ":{"('0045-PE-2004', 0)":"Tr\u00e1mite Parlamentario N\u00b0 125","('0045-PE-2004', 1)":null,"('0045-PE-2004', 2)":null},"Fecha: ":{"('0045-PE-2004', 0)":"01\/09\/2004","('0045-PE-2004', 1)":null,"('0045-PE-2004', 2)":null},"T\u00edtulo":{"('0045-PE-2004', 0)":"COMUNICACION DEL DICTADO DEL DECRETO 1142\/04, MEDIANTE EL CUAL SE ACEPTA LA RENUNCIA AL CARGO DE JUEZ DE LA CORTE SUPREMA DE JUSTICIA DE LA NACION DEL DOCTOR ADOLFO ROBERTO VAZQUEZ.","('0045-PE-2004', 1)":null,"('0045-PE-2004', 2)":null},"('Firmantes', 'FIRMANTE')":{"('0045-PE-2004', 0)":"KIRCHNER, NESTOR CARLOS","('0045-PE-2004', 1)":"ROSATTI, HORACIO DANIEL","('0045-PE-2004', 2)":"FERNANDEZ, ALBERTO"},"('Firmantes', 'DISTRITO')":{"('0045-PE-2004', 0)":null,"('0045-PE-2004', 1)":null,"('0045-PE-2004', 2)":null},"('Firmantes', 'BLOQUE')":{"('0045-PE-2004', 0)":"PODER EJECUTIVO","('0045-PE-2004', 1)":"PODER EJECUTIVO","('0045-PE-2004', 2)":"PODER EJECUTIVO"},"('Giros', 'COMISI\u00d3N')":{"('0045-PE-2004', 0)":"JUICIO POLITICO","('0045-PE-2004', 1)":null,"('0045-PE-2004', 2)":null},"Palabra Clave":{"('0045-PE-2004', 0)":" ","('0045-PE-2004', 1)":null,"('0045-PE-2004', 2)":null}}