{"Tipo de Proyecto":{"('0046-PE-2004', 0)":"MENSAJE NRO: 1151\/04","('0046-PE-2004', 1)":null,"('0046-PE-2004', 2)":null},"Iniciado en: ":{"('0046-PE-2004', 0)":"Diputados","('0046-PE-2004', 1)":null,"('0046-PE-2004', 2)":null},"Expediente Diputados: ":{"('0046-PE-2004', 0)":"0046-PE-2004","('0046-PE-2004', 1)":null,"('0046-PE-2004', 2)":null},"Publicado en: ":{"('0046-PE-2004', 0)":"Tr\u00e1mite Parlamentario N\u00b0 127","('0046-PE-2004', 1)":null,"('0046-PE-2004', 2)":null},"Fecha: ":{"('0046-PE-2004', 0)":"03\/09\/2004","('0046-PE-2004', 1)":null,"('0046-PE-2004', 2)":null},"T\u00edtulo":{"('0046-PE-2004', 0)":"COMUNICACION DEL DECRETO 1150\/04, POR EL CUAL SE OBSERVA PARCIALMENTE Y SE PROMULGA EL PROYECTO DE LEY REGISTRADO BAJO EL NUMERO 25924, SOBRE INSTITUCION DE UN REGIMEN TRANSITORIO PARA EL TRATAMIENTO FISCAL DE LAS INVERSIONES EN BIENES DE CAPITAL NUEVOS DESTINADOS A LA ACTIVIDAD INDUSTRIAL Y A LA EJECUCION DE OBRAS DE INFRAESTRUCTURA.","('0046-PE-2004', 1)":null,"('0046-PE-2004', 2)":null},"('Firmantes', 'FIRMANTE')":{"('0046-PE-2004', 0)":"KIRCHNER, NESTOR CARLOS","('0046-PE-2004', 1)":"FERNANDEZ, ALBERTO","('0046-PE-2004', 2)":"LAVAGNA, ROBERTO"},"('Firmantes', 'DISTRITO')":{"('0046-PE-2004', 0)":null,"('0046-PE-2004', 1)":null,"('0046-PE-2004', 2)":null},"('Firmantes', 'BLOQUE')":{"('0046-PE-2004', 0)":"PODER EJECUTIVO","('0046-PE-2004', 1)":"PODER EJECUTIVO","('0046-PE-2004', 2)":"PODER EJECUTIVO"},"('Giros', 'COMISI\u00d3N')":{"('0046-PE-2004', 0)":"PRESUPUESTO Y HACIENDA","('0046-PE-2004', 1)":"INDUSTRIA","('0046-PE-2004', 2)":null},"Palabra Clave":{"('0046-PE-2004', 0)":" ","('0046-PE-2004', 1)":null,"('0046-PE-2004', 2)":null}}