{"Tipo de Proyecto":{"('0046-D-2004', 0)":"PROYECTO DE DECLARACI\u00d3N","('0046-D-2004', 1)":null,"('0046-D-2004', 2)":null,"('0046-D-2004', 3)":null,"('0046-D-2004', 4)":null},"Iniciado en: ":{"('0046-D-2004', 0)":"Diputados","('0046-D-2004', 1)":null,"('0046-D-2004', 2)":null,"('0046-D-2004', 3)":null,"('0046-D-2004', 4)":null},"Expediente Diputados: ":{"('0046-D-2004', 0)":"0046-D-2004","('0046-D-2004', 1)":null,"('0046-D-2004', 2)":null,"('0046-D-2004', 3)":null,"('0046-D-2004', 4)":null},"Publicado en: ":{"('0046-D-2004', 0)":"Tr\u00e1mite Parlamentario N\u00b0 1","('0046-D-2004', 1)":null,"('0046-D-2004', 2)":null,"('0046-D-2004', 3)":null,"('0046-D-2004', 4)":null},"Fecha: ":{"('0046-D-2004', 0)":"01\/03\/2004","('0046-D-2004', 1)":null,"('0046-D-2004', 2)":null,"('0046-D-2004', 3)":null,"('0046-D-2004', 4)":null},"T\u00edtulo":{"('0046-D-2004', 0)":"RENDIR HOMENAJE AL ESCRITOR JULIO CORTAZAR CON MOTIVO DE HABERSE CUMPLIDO EL 12 DE FEBRERO DE 2004 EL 20 ANIVERSARIO DE SU FALLECIMIENTO.","('0046-D-2004', 1)":null,"('0046-D-2004', 2)":null,"('0046-D-2004', 3)":null,"('0046-D-2004', 4)":null},"('Firmantes', 'FIRMANTE')":{"('0046-D-2004', 0)":"STORERO, HUGO GUILLERMO","('0046-D-2004', 1)":"PUIG DE STUBRIN, LILIA","('0046-D-2004', 2)":"TATE, ALICIA ESTER","('0046-D-2004', 3)":"BECCANI, ALBERTO JUAN","('0046-D-2004', 4)":"DE LAJONQUIERE, NELSON"},"('Firmantes', 'DISTRITO')":{"('0046-D-2004', 0)":"SANTA FE","('0046-D-2004', 1)":"SANTA FE","('0046-D-2004', 2)":"SANTA FE","('0046-D-2004', 3)":"SANTA FE","('0046-D-2004', 4)":"SANTA FE"},"('Firmantes', 'BLOQUE')":{"('0046-D-2004', 0)":"UCR","('0046-D-2004', 1)":"UCR","('0046-D-2004', 2)":"UCR","('0046-D-2004', 3)":"UCR","('0046-D-2004', 4)":"UCR"},"('Giros', 'COMISI\u00d3N')":{"('0046-D-2004', 0)":"LABOR PARLAMENTARIA","('0046-D-2004', 1)":null,"('0046-D-2004', 2)":null,"('0046-D-2004', 3)":null,"('0046-D-2004', 4)":null},"Palabra Clave":{"('0046-D-2004', 0)":" ","('0046-D-2004', 1)":null,"('0046-D-2004', 2)":null,"('0046-D-2004', 3)":null,"('0046-D-2004', 4)":null}}