{"Tipo de Proyecto":{"('0047-PE-2004', 0)":"MENSAJE NRO: 1157\/04","('0047-PE-2004', 1)":null,"('0047-PE-2004', 2)":null},"Iniciado en: ":{"('0047-PE-2004', 0)":"Diputados","('0047-PE-2004', 1)":null,"('0047-PE-2004', 2)":null},"Expediente Diputados: ":{"('0047-PE-2004', 0)":"0047-PE-2004","('0047-PE-2004', 1)":null,"('0047-PE-2004', 2)":null},"Publicado en: ":{"('0047-PE-2004', 0)":"Tr\u00e1mite Parlamentario N\u00b0 128","('0047-PE-2004', 1)":null,"('0047-PE-2004', 2)":null},"Fecha: ":{"('0047-PE-2004', 0)":"06\/09\/2004","('0047-PE-2004', 1)":null,"('0047-PE-2004', 2)":null},"T\u00edtulo":{"('0047-PE-2004', 0)":"COMUNICACION DEL DECRETO 1158\/04, POR EL CUAL SE OBSERVA PARCIALMENTE Y SE PROMULGA EL PROYECTO DE LEY REGISTRADO BAJO EL NUMERO 25916, SOBRE PRESUPUESTOS MINIMOS DE PROTECCION AMBIENTAL PARA LA GESTION INTEGRAL DE RESIDUOS DOMICILIARIOS.","('0047-PE-2004', 1)":null,"('0047-PE-2004', 2)":null},"('Firmantes', 'FIRMANTE')":{"('0047-PE-2004', 0)":"KIRCHNER, NESTOR CARLOS","('0047-PE-2004', 1)":"FERNANDEZ, ALBERTO","('0047-PE-2004', 2)":"GONZALEZ GARCIA, GINES MARIO"},"('Firmantes', 'DISTRITO')":{"('0047-PE-2004', 0)":null,"('0047-PE-2004', 1)":null,"('0047-PE-2004', 2)":null},"('Firmantes', 'BLOQUE')":{"('0047-PE-2004', 0)":"PODER EJECUTIVO","('0047-PE-2004', 1)":"PODER EJECUTIVO","('0047-PE-2004', 2)":"PODER EJECUTIVO"},"('Giros', 'COMISI\u00d3N')":{"('0047-PE-2004', 0)":"RECURSOS NATURALES Y CONSERVACION DEL AMBIENTE HUMANO","('0047-PE-2004', 1)":"ASUNTOS MUNICIPALES","('0047-PE-2004', 2)":null},"Palabra Clave":{"('0047-PE-2004', 0)":" ","('0047-PE-2004', 1)":null,"('0047-PE-2004', 2)":null}}