{"Tipo de Proyecto":{"('0048-S-2004', 0)":"PROYECTO DE LEY","('0048-S-2004', 1)":null,"('0048-S-2004', 2)":null},"Iniciado en: ":{"('0048-S-2004', 0)":"Senado","('0048-S-2004', 1)":null,"('0048-S-2004', 2)":null},"Expediente Senado: ":{"('0048-S-2004', 0)":"0048-S-2004","('0048-S-2004', 1)":null,"('0048-S-2004', 2)":null},"Publicado en: ":{"('0048-S-2004', 0)":"Diario de Asuntos Entrados N\u00b0 3","('0048-S-2004', 1)":null,"('0048-S-2004', 2)":null},"Fecha: ":{"('0048-S-2004', 0)":"01\/03\/2004","('0048-S-2004', 1)":null,"('0048-S-2004', 2)":null},"T\u00edtulo":{"('0048-S-2004', 0)":"CODIGO PENAL: MODIFICACIONES (REPRODUCCION DEL EXPEDIENTE 1766-S-02).","('0048-S-2004', 1)":null,"('0048-S-2004', 2)":null},"('Firmantes', 'FIRMANTE')":{"('0048-S-2004', 0)":"CONTI, DIANA BEATRIZ","('0048-S-2004', 1)":null,"('0048-S-2004', 2)":null},"('Firmantes', 'DISTRITO')":{"('0048-S-2004', 0)":"BUENOS AIRES","('0048-S-2004', 1)":null,"('0048-S-2004', 2)":null},"('Firmantes', 'BLOQUE')":{"('0048-S-2004', 0)":"FREPASO","('0048-S-2004', 1)":null,"('0048-S-2004', 2)":null},"('Tramites', 'C\u00c1MARA')":{"('0048-S-2004', 0)":"Senado","('0048-S-2004', 1)":"Senado","('0048-S-2004', 2)":"Diputados"},"('Tramites', 'MOVIMIENTO')":{"('0048-S-2004', 0)":"MOCION SOBRE TABLAS (AFIRMATIVA) CONJUNTAMENTE PARA LOS EXPEDIENTES 0048-S-2004, 0084-S-2004 y 0176-PE-2004","('0048-S-2004', 1)":"CONSIDERACION Y APROBACION CONJUNTAMENTE PARA LOS EXPEDIENTES 0048-S-2004, 0084-S-2004 y 0176-PE-2004","('0048-S-2004', 2)":"PASA A DIPUTADOS - CONJUNTAMENTE PARA LOS EXPEDIENTES 0048-S-2004, 0084-S-2004 y 0176-PE-2004"},"('Tramites', 'FECHA')":{"('0048-S-2004', 0)":"04\/08\/2004","('0048-S-2004', 1)":"04\/08\/2004","('0048-S-2004', 2)":null},"('Tramites', 'RESULTADO')":{"('0048-S-2004', 0)":null,"('0048-S-2004', 1)":"MEDIA SANCION","('0048-S-2004', 2)":null},"Sumario":{"('0048-S-2004', 0)":"INCORPORACION DE UN PARRAFO AL ARTICULO 71 ACERCA DE LA APLICACION DEL PRINCIPIO DE OPORTUNIDAD.","('0048-S-2004', 1)":null,"('0048-S-2004', 2)":null},"Palabra Clave":{"('0048-S-2004', 0)":" ","('0048-S-2004', 1)":null,"('0048-S-2004', 2)":null}}