{"Tipo de Proyecto":{"('0049-PE-2004', 0)":"MENSAJE NRO: 1161\/04","('0049-PE-2004', 1)":null,"('0049-PE-2004', 2)":null},"Iniciado en: ":{"('0049-PE-2004', 0)":"Diputados","('0049-PE-2004', 1)":null,"('0049-PE-2004', 2)":null},"Expediente Diputados: ":{"('0049-PE-2004', 0)":"0049-PE-2004","('0049-PE-2004', 1)":null,"('0049-PE-2004', 2)":null},"Publicado en: ":{"('0049-PE-2004', 0)":"Tr\u00e1mite Parlamentario N\u00b0 129","('0049-PE-2004', 1)":null,"('0049-PE-2004', 2)":null},"Fecha: ":{"('0049-PE-2004', 0)":"07\/09\/2004","('0049-PE-2004', 1)":null,"('0049-PE-2004', 2)":null},"T\u00edtulo":{"('0049-PE-2004', 0)":"COMUNICACION DEL DECRETO 1160\/04, QUE EXCEPTUA AL SISTEMA NACIONAL DE MEDIOS PUBLICOS SOCIEDAD DEL ESTADO DE LOS ALCANCES DEL DECRETO 491\/02, EN CASO DE CONTRATACIONES INFERIORES A LA SUMA DE $ 2000.","('0049-PE-2004', 1)":null,"('0049-PE-2004', 2)":null},"('Firmantes', 'FIRMANTE')":{"('0049-PE-2004', 0)":"KIRCHNER, NESTOR CARLOS","('0049-PE-2004', 1)":"FERNANDEZ, ALBERTO","('0049-PE-2004', 2)":"FERNANDEZ, ANIBAL"},"('Firmantes', 'DISTRITO')":{"('0049-PE-2004', 0)":null,"('0049-PE-2004', 1)":null,"('0049-PE-2004', 2)":null},"('Firmantes', 'BLOQUE')":{"('0049-PE-2004', 0)":"PODER EJECUTIVO","('0049-PE-2004', 1)":"PODER EJECUTIVO","('0049-PE-2004', 2)":"PODER EJECUTIVO"},"('Giros', 'COMISI\u00d3N')":{"('0049-PE-2004', 0)":"COMUNICACIONES E INFORMATICA","('0049-PE-2004', 1)":"PRESUPUESTO Y HACIENDA","('0049-PE-2004', 2)":null},"Palabra Clave":{"('0049-PE-2004', 0)":" ","('0049-PE-2004', 1)":null,"('0049-PE-2004', 2)":null}}