{"Tipo de Proyecto":{"('0050-S-2004', 0)":"PROYECTO DE LEY","('0050-S-2004', 1)":null,"('0050-S-2004', 2)":null,"('0050-S-2004', 3)":null},"Iniciado en: ":{"('0050-S-2004', 0)":"Senado","('0050-S-2004', 1)":null,"('0050-S-2004', 2)":null,"('0050-S-2004', 3)":null},"Expediente Diputados: ":{"('0050-S-2004', 0)":"0050-S-2004","('0050-S-2004', 1)":null,"('0050-S-2004', 2)":null,"('0050-S-2004', 3)":null},"Expediente Senado: ":{"('0050-S-2004', 0)":"1550-S-2004","('0050-S-2004', 1)":null,"('0050-S-2004', 2)":null,"('0050-S-2004', 3)":null},"Publicado en: ":{"('0050-S-2004', 0)":"Diario de Asuntos Entrados N\u00b0 98","('0050-S-2004', 1)":null,"('0050-S-2004', 2)":null,"('0050-S-2004', 3)":null},"Fecha: ":{"('0050-S-2004', 0)":"26\/05\/2004","('0050-S-2004', 1)":null,"('0050-S-2004', 2)":null,"('0050-S-2004', 3)":null},"T\u00edtulo":{"('0050-S-2004', 0)":"LEY COMPLEMENTARIA DE LA LEY 25891 (COMERCIALIZACION DE TELEFONIA CELULAR) PENALIZANDO DELITOS COMETIDOS POR FUNCIONARIOS PUBLICOS.","('0050-S-2004', 1)":null,"('0050-S-2004', 2)":null,"('0050-S-2004', 3)":null},"('Firmantes', 'FIRMANTE')":{"('0050-S-2004', 0)":"JENEFES, GUILLERMO RAUL","('0050-S-2004', 1)":"AGUNDEZ, JORGE ALFREDO","('0050-S-2004', 2)":null,"('0050-S-2004', 3)":null},"('Firmantes', 'DISTRITO')":{"('0050-S-2004', 0)":"JUJUY","('0050-S-2004', 1)":"SAN LUIS","('0050-S-2004', 2)":null,"('0050-S-2004', 3)":null},"('Firmantes', 'BLOQUE')":{"('0050-S-2004', 0)":"JUSTICIALISTA","('0050-S-2004', 1)":"UCR","('0050-S-2004', 2)":null,"('0050-S-2004', 3)":null},"('Giros', 'COMISI\u00d3N')":{"('0050-S-2004', 0)":"LEGISLACION PENAL","('0050-S-2004', 1)":"COMUNICACIONES E INFORMATICA","('0050-S-2004', 2)":"COMERCIO","('0050-S-2004', 3)":null},"('Tramites', 'C\u00c1MARA')":{"('0050-S-2004', 0)":"Senado","('0050-S-2004', 1)":"Senado","('0050-S-2004', 2)":"Senado","('0050-S-2004', 3)":"Diputados"},"('Tramites', 'MOVIMIENTO')":{"('0050-S-2004', 0)":"MOCION DE PREFERENCIA (AFIRMATIVA)","('0050-S-2004', 1)":"MOCION SOBRE TABLAS (AFIRMATIVA)","('0050-S-2004', 2)":"CONSIDERACION Y APROBACION","('0050-S-2004', 3)":"PASA A DIPUTADOS -"},"('Tramites', 'FECHA')":{"('0050-S-2004', 0)":"28\/04\/2004","('0050-S-2004', 1)":"02\/06\/2004","('0050-S-2004', 2)":"02\/06\/2004","('0050-S-2004', 3)":null},"('Tramites', 'RESULTADO')":{"('0050-S-2004', 0)":null,"('0050-S-2004', 1)":null,"('0050-S-2004', 2)":"MEDIA SANCION","('0050-S-2004', 3)":null},"Sumario":{"('0050-S-2004', 0)":"INCORPORACION DEL ARTICULO 14 BIS.","('0050-S-2004', 1)":null,"('0050-S-2004', 2)":null,"('0050-S-2004', 3)":null},"Palabra Clave":{"('0050-S-2004', 0)":" ","('0050-S-2004', 1)":null,"('0050-S-2004', 2)":null,"('0050-S-2004', 3)":null}}