{"Tipo de Proyecto":{"('0051-S-2004', 0)":"COMUNICACION","('0051-S-2004', 1)":null,"('0051-S-2004', 2)":null,"('0051-S-2004', 3)":null},"Iniciado en: ":{"('0051-S-2004', 0)":"Senado","('0051-S-2004', 1)":null,"('0051-S-2004', 2)":null,"('0051-S-2004', 3)":null},"Expediente Diputados: ":{"('0051-S-2004', 0)":"0051-S-2004","('0051-S-2004', 1)":null,"('0051-S-2004', 2)":null,"('0051-S-2004', 3)":null},"Expediente Senado: ":{"('0051-S-2004', 0)":"1532-S-2004","('0051-S-2004', 1)":null,"('0051-S-2004', 2)":null,"('0051-S-2004', 3)":null},"Fecha: ":{"('0051-S-2004', 0)":"31\/05\/2004","('0051-S-2004', 1)":null,"('0051-S-2004', 2)":null,"('0051-S-2004', 3)":null},"T\u00edtulo":{"('0051-S-2004', 0)":"PONER EN CONOCIMIENTO DE LAS H CAMARAS DE SENADORES Y DIPUTADOS DE LA NACION QUE LA COMISION PARLAMENTARIA MIXTA REVISORA DE CUENTAS DE LA ADMINISTRACION NO HA PODIDO EXPEDIRSE DENTRO DEL PLAZO FIJADO POR EL ARTICULO 5 DE LA LEY 23847 CON RESPECTO A LA CUENTA GENERAL CORRESPONDIENTE AL EJERCICIO 2001, DEBIDO A QUE LA RESPECTIVA DOCUMENTACION NO HA SIDO REMITIDA AUN A ESTE CUERPO POR PARTE DE LA AUDITORIA GENERAL DE LA NACION.","('0051-S-2004', 1)":null,"('0051-S-2004', 2)":null,"('0051-S-2004', 3)":null},"('Firmantes', 'FIRMANTE')":{"('0051-S-2004', 0)":"PARLAMENTARIA MIXTA REVISORA DE CUENTAS","('0051-S-2004', 1)":null,"('0051-S-2004', 2)":null,"('0051-S-2004', 3)":null},"('Firmantes', 'DISTRITO')":{"('0051-S-2004', 0)":null,"('0051-S-2004', 1)":null,"('0051-S-2004', 2)":null,"('0051-S-2004', 3)":null},"('Firmantes', 'BLOQUE')":{"('0051-S-2004', 0)":null,"('0051-S-2004', 1)":null,"('0051-S-2004', 2)":null,"('0051-S-2004', 3)":null},"('Giros', 'COMISI\u00d3N')":{"('0051-S-2004', 0)":"PARLAMENTARIA MIXTA REVISORA DE CUENTAS","('0051-S-2004', 1)":null,"('0051-S-2004', 2)":null,"('0051-S-2004', 3)":null},"('Tramites', 'C\u00c1MARA')":{"('0051-S-2004', 0)":"Senado","('0051-S-2004', 1)":"Diputados","('0051-S-2004', 2)":"Diputados","('0051-S-2004', 3)":"Diputados"},"('Tramites', 'MOVIMIENTO')":{"('0051-S-2004', 0)":"CONSIDERACION Y APROBACION","('0051-S-2004', 1)":"PASA A DIPUTADOS -","('0051-S-2004', 2)":"CONSIDERACION Y APROBACION","('0051-S-2004', 3)":"CONTESTACION DEL PODER EJECUTIVO NACIONAL - JEFE DE GABINETE DE MINISTROS - GIRADO A LA COMISION RESPECTIVA"},"('Tramites', 'FECHA')":{"('0051-S-2004', 0)":"23\/06\/2004","('0051-S-2004', 1)":null,"('0051-S-2004', 2)":"04\/08\/2004","('0051-S-2004', 3)":"09\/02\/2005"},"('Tramites', 'RESULTADO')":{"('0051-S-2004', 0)":"MEDIA SANCION","('0051-S-2004', 1)":null,"('0051-S-2004', 2)":"APROBADO","('0051-S-2004', 3)":null},"Link":{"('0051-S-2004', 0)":"http:\/\/www.senado.gov.ar\/parlamentario\/comisiones\/verExp\/1532.04\/S\/PC","('0051-S-2004', 1)":null,"('0051-S-2004', 2)":null,"('0051-S-2004', 3)":null},"Palabra Clave":{"('0051-S-2004', 0)":" ","('0051-S-2004', 1)":null,"('0051-S-2004', 2)":null,"('0051-S-2004', 3)":null}}