{"Tipo de Proyecto":{"('0053-S-2004', 0)":"PROYECTO DE RESOLUCI\u00d3N","('0053-S-2004', 1)":null,"('0053-S-2004', 2)":null},"Iniciado en: ":{"('0053-S-2004', 0)":"Senado","('0053-S-2004', 1)":null,"('0053-S-2004', 2)":null},"Expediente Diputados: ":{"('0053-S-2004', 0)":"0053-S-2004","('0053-S-2004', 1)":null,"('0053-S-2004', 2)":null},"Expediente Senado: ":{"('0053-S-2004', 0)":"0377-OV-2002","('0053-S-2004', 1)":null,"('0053-S-2004', 2)":null},"Fecha: ":{"('0053-S-2004', 0)":"31\/05\/2004","('0053-S-2004', 1)":null,"('0053-S-2004', 2)":null},"T\u00edtulo":{"('0053-S-2004', 0)":"PEDIDO DE INFORMES AL PODER EJECUTIVO SOBRE RESOLUCION REMITIDA POR LA AUDITORIA GENERAL DE LA NACION RELATIVA A UNA AUDITORIA DE RELEVAMIENTO DEL AMBIENTE DE CONTROL INTERNO EN LAS AREAS DE PRESUPUESTO, COMPRAS Y RECURSOS HUMANOS PARA DETECTAR Y ANALIZAR LOS RIESGOS DE CONTROL EMERGENTES EN EL EJERCICIO 2000, Y PARA EL AREA DE PERSONAL HASTA EL PRIMER SEMESTRE DE 2001, EN EL AMBITO DE LA DEFENSORIA GENERAL DE LA NACION.","('0053-S-2004', 1)":null,"('0053-S-2004', 2)":null},"('Firmantes', 'FIRMANTE')":{"('0053-S-2004', 0)":"PARLAMENTARIA MIXTA REVISORA DE CUENTAS","('0053-S-2004', 1)":null,"('0053-S-2004', 2)":null},"('Firmantes', 'DISTRITO')":{"('0053-S-2004', 0)":null,"('0053-S-2004', 1)":null,"('0053-S-2004', 2)":null},"('Firmantes', 'BLOQUE')":{"('0053-S-2004', 0)":null,"('0053-S-2004', 1)":null,"('0053-S-2004', 2)":null},"('Giros', 'COMISI\u00d3N')":{"('0053-S-2004', 0)":"PARLAMENTARIA MIXTA REVISORA DE CUENTAS","('0053-S-2004', 1)":null,"('0053-S-2004', 2)":null},"('Tramites', 'C\u00c1MARA')":{"('0053-S-2004', 0)":"Senado","('0053-S-2004', 1)":"Diputados","('0053-S-2004', 2)":"Diputados"},"('Tramites', 'MOVIMIENTO')":{"('0053-S-2004', 0)":"CONSIDERACION Y APROBACION","('0053-S-2004', 1)":"PASA A DIPUTADOS -","('0053-S-2004', 2)":"CONSIDERACION Y APROBACION"},"('Tramites', 'FECHA')":{"('0053-S-2004', 0)":"23\/06\/2004","('0053-S-2004', 1)":null,"('0053-S-2004', 2)":"04\/08\/2004"},"('Tramites', 'RESULTADO')":{"('0053-S-2004', 0)":"APROBADO","('0053-S-2004', 1)":null,"('0053-S-2004', 2)":"APROBADO"},"Link":{"('0053-S-2004', 0)":"http:\/\/www.senado.gov.ar\/parlamentario\/comisiones\/verExp\/377.02\/OV\/PR","('0053-S-2004', 1)":null,"('0053-S-2004', 2)":null},"Palabra Clave":{"('0053-S-2004', 0)":" ","('0053-S-2004', 1)":null,"('0053-S-2004', 2)":null}}