{"Tipo de Proyecto":{"('0054-PE-2004', 0)":"MENSAJE NRO: 1208\/04","('0054-PE-2004', 1)":null,"('0054-PE-2004', 2)":null},"Iniciado en: ":{"('0054-PE-2004', 0)":"Diputados","('0054-PE-2004', 1)":null,"('0054-PE-2004', 2)":null},"Expediente Diputados: ":{"('0054-PE-2004', 0)":"0054-PE-2004","('0054-PE-2004', 1)":null,"('0054-PE-2004', 2)":null},"Publicado en: ":{"('0054-PE-2004', 0)":"Tr\u00e1mite Parlamentario N\u00b0 134","('0054-PE-2004', 1)":null,"('0054-PE-2004', 2)":null},"Fecha: ":{"('0054-PE-2004', 0)":"14\/09\/2004","('0054-PE-2004', 1)":null,"('0054-PE-2004', 2)":null},"T\u00edtulo":{"('0054-PE-2004', 0)":"COMUNICACION DEL DECRETO 1207\/04, POR EL CUAL SE MODIFICA EL PRESUPUESTO DE LA ADMINISTRACION NACIONAL 2004, EN LA PARTE CORRESPONDIENTE AL INCUCAI. ","('0054-PE-2004', 1)":null,"('0054-PE-2004', 2)":null},"('Firmantes', 'FIRMANTE')":{"('0054-PE-2004', 0)":"KIRCHNER, NESTOR CARLOS","('0054-PE-2004', 1)":"FERNANDEZ, ALBERTO","('0054-PE-2004', 2)":"GONZALEZ GARCIA, GINES MARIO"},"('Firmantes', 'DISTRITO')":{"('0054-PE-2004', 0)":null,"('0054-PE-2004', 1)":null,"('0054-PE-2004', 2)":null},"('Firmantes', 'BLOQUE')":{"('0054-PE-2004', 0)":"PODER EJECUTIVO","('0054-PE-2004', 1)":"PODER EJECUTIVO","('0054-PE-2004', 2)":"PODER EJECUTIVO"},"('Giros', 'COMISI\u00d3N')":{"('0054-PE-2004', 0)":"BICAMERAL PERMANENTE DE TRAMITE LEGISLATIVO - LEY 26122","('0054-PE-2004', 1)":null,"('0054-PE-2004', 2)":null},"('Tramites', 'C\u00c1MARA')":{"('0054-PE-2004', 0)":"Diputados","('0054-PE-2004', 1)":"Diputados","('0054-PE-2004', 2)":null},"('Tramites', 'MOVIMIENTO')":{"('0054-PE-2004', 0)":"SOLICITUD DEL PRESIDENTE DE LA COMISION BICAMERAL PERMANENTE DE TRAMITE LEGISLATIVO (LEY 26122) DE REMISION DEL EXPEDIENTE PARA SU ANALISIS (A LA PRESIDENCIA)","('0054-PE-2004', 1)":"EXPEDIENTE ORIGINALMENTE GIRADO A LAS COMISIONES DE xxxx; SE LO REMITE A LA COMISION BICAMERAL DE TRAMITE LEGISLATIVO (LEY 26122)","('0054-PE-2004', 2)":null},"('Tramites', 'FECHA')":{"('0054-PE-2004', 0)":"14\/03\/2007","('0054-PE-2004', 1)":null,"('0054-PE-2004', 2)":null},"('Tramites', 'RESULTADO')":{"('0054-PE-2004', 0)":null,"('0054-PE-2004', 1)":null,"('0054-PE-2004', 2)":null},"Palabra Clave":{"('0054-PE-2004', 0)":" ","('0054-PE-2004', 1)":null,"('0054-PE-2004', 2)":null}}