{"Tipo de Proyecto":{"('0055-S-2004', 0)":"COMUNICACION","('0055-S-2004', 1)":null},"Iniciado en: ":{"('0055-S-2004', 0)":"Senado","('0055-S-2004', 1)":null},"Expediente Senado: ":{"('0055-S-2004', 0)":"0055-S-2004","('0055-S-2004', 1)":null},"Publicado en: ":{"('0055-S-2004', 0)":"Diario de Asuntos Entrados N\u00b0 4","('0055-S-2004', 1)":null},"Fecha: ":{"('0055-S-2004', 0)":"02\/03\/2004","('0055-S-2004', 1)":null},"T\u00edtulo":{"('0055-S-2004', 0)":"PEDIDO DE INFORMES AL PODER EJECUTIVO SOBRE LAS OBRAS DE CONSTRUCCION DE LA TORRE DE CONTROL DEL AEROPUERTO INTERNACIONAL SALTA, \"GENERAL DON MARTIN MIGUEL DE G\u00dcEMES\".","('0055-S-2004', 1)":null},"('Firmantes', 'FIRMANTE')":{"('0055-S-2004', 0)":"ESCUDERO, SONIA MARGARITA","('0055-S-2004', 1)":null},"('Firmantes', 'DISTRITO')":{"('0055-S-2004', 0)":"SALTA","('0055-S-2004', 1)":null},"('Firmantes', 'BLOQUE')":{"('0055-S-2004', 0)":"JUSTICIALISTA","('0055-S-2004', 1)":null},"('Tramites', 'C\u00c1MARA')":{"('0055-S-2004', 0)":"Senado","('0055-S-2004', 1)":"Senado"},"('Tramites', 'MOVIMIENTO')":{"('0055-S-2004', 0)":"APROBACION ARTICULO 106, PARRAFO 3 DEL REGLAMENTO DEL H SENADO","('0055-S-2004', 1)":"CONTESTACION DEL PODER EJECUTIVO NACIONAL - GIRADO A LA COMISION RESPECTIVA"},"('Tramites', 'FECHA')":{"('0055-S-2004', 0)":"12\/05\/2004","('0055-S-2004', 1)":null},"('Tramites', 'RESULTADO')":{"('0055-S-2004', 0)":"APROBADO","('0055-S-2004', 1)":null},"Link":{"('0055-S-2004', 0)":"http:\/\/www.senado.gov.ar\/parlamentario\/comisiones\/verExp\/55.04\/S\/PC","('0055-S-2004', 1)":null},"Palabra Clave":{"('0055-S-2004', 0)":" ","('0055-S-2004', 1)":null}}