{"Tipo de Proyecto":{"('0055-PE-2004', 0)":"MENSAJE NRO: 1219\/04","('0055-PE-2004', 1)":null,"('0055-PE-2004', 2)":null},"Iniciado en: ":{"('0055-PE-2004', 0)":"Diputados","('0055-PE-2004', 1)":null,"('0055-PE-2004', 2)":null},"Expediente Diputados: ":{"('0055-PE-2004', 0)":"0055-PE-2004","('0055-PE-2004', 1)":null,"('0055-PE-2004', 2)":null},"Publicado en: ":{"('0055-PE-2004', 0)":"Tr\u00e1mite Parlamentario N\u00b0 135","('0055-PE-2004', 1)":null,"('0055-PE-2004', 2)":null},"Fecha: ":{"('0055-PE-2004', 0)":"15\/09\/2004","('0055-PE-2004', 1)":null,"('0055-PE-2004', 2)":null},"T\u00edtulo":{"('0055-PE-2004', 0)":"COMUNICACION DEL DICTADO DEL DECRETO 1218\/04, POR EL CUAL SE ESTABLECE LA REALIZACION DEL CENSO NACIONAL ECONOMICO EN TODO EL TERRITORIO NACIONAL DURANTE EL A\u00d1O 2004.","('0055-PE-2004', 1)":null,"('0055-PE-2004', 2)":null},"('Firmantes', 'FIRMANTE')":{"('0055-PE-2004', 0)":"KIRCHNER, NESTOR CARLOS","('0055-PE-2004', 1)":"FERNANDEZ, ALBERTO","('0055-PE-2004', 2)":"LAVAGNA, ROBERTO"},"('Firmantes', 'DISTRITO')":{"('0055-PE-2004', 0)":null,"('0055-PE-2004', 1)":null,"('0055-PE-2004', 2)":null},"('Firmantes', 'BLOQUE')":{"('0055-PE-2004', 0)":"PODER EJECUTIVO","('0055-PE-2004', 1)":"PODER EJECUTIVO","('0055-PE-2004', 2)":"PODER EJECUTIVO"},"('Giros', 'COMISI\u00d3N')":{"('0055-PE-2004', 0)":"BICAMERAL PERMANENTE DE TRAMITE LEGISLATIVO - LEY 26122","('0055-PE-2004', 1)":null,"('0055-PE-2004', 2)":null},"('Tramites', 'C\u00c1MARA')":{"('0055-PE-2004', 0)":"Diputados","('0055-PE-2004', 1)":"Diputados","('0055-PE-2004', 2)":null},"('Tramites', 'MOVIMIENTO')":{"('0055-PE-2004', 0)":"SOLICITUD DEL PRESIDENTE DE LA COMISION BICAMERAL PERMANENTE DE TRAMITE LEGISLATIVO (LEY 26122) DE REMISION DEL EXPEDIENTE PARA SU ANALISIS (A LA PRESIDENCIA)","('0055-PE-2004', 1)":"EXPEDIENTE ORIGINALMENTE GIRADO A LAS COMISIONES DE POBLACION Y RECURSOS HUMANOS Y PRESUPUESTO Y HACIENDA; SE LO REMITE A LA COMISION BICAMERAL DE TRAMITE LEGISLATIVO (LEY 26122)","('0055-PE-2004', 2)":null},"('Tramites', 'FECHA')":{"('0055-PE-2004', 0)":"28\/03\/2007","('0055-PE-2004', 1)":null,"('0055-PE-2004', 2)":null},"('Tramites', 'RESULTADO')":{"('0055-PE-2004', 0)":null,"('0055-PE-2004', 1)":null,"('0055-PE-2004', 2)":null},"Palabra Clave":{"('0055-PE-2004', 0)":" ","('0055-PE-2004', 1)":null,"('0055-PE-2004', 2)":null}}