{"Tipo de Proyecto":{"('0056-S-2004', 0)":"PROYECTO DE LEY","('0056-S-2004', 1)":null,"('0056-S-2004', 2)":null,"('0056-S-2004', 3)":null},"Iniciado en: ":{"('0056-S-2004', 0)":"Senado","('0056-S-2004', 1)":null,"('0056-S-2004', 2)":null,"('0056-S-2004', 3)":null},"Expediente Diputados: ":{"('0056-S-2004', 0)":"0056-S-2004","('0056-S-2004', 1)":null,"('0056-S-2004', 2)":null,"('0056-S-2004', 3)":null},"Expediente Senado: ":{"('0056-S-2004', 0)":"0273-S-2004","('0056-S-2004', 1)":null,"('0056-S-2004', 2)":null,"('0056-S-2004', 3)":null},"Publicado en: ":{"('0056-S-2004', 0)":"Diario de Asuntos Entrados N\u00b0 22","('0056-S-2004', 1)":null,"('0056-S-2004', 2)":null,"('0056-S-2004', 3)":null},"Fecha: ":{"('0056-S-2004', 0)":"09\/03\/2004","('0056-S-2004', 1)":null,"('0056-S-2004', 2)":null,"('0056-S-2004', 3)":null},"T\u00edtulo":{"('0056-S-2004', 0)":"IMPLEMENTACION DEL ESTATUTO DE ROMA, ADOPTADO EN ROMA EL 17 DE JULIO DE 1998, APROBADO POR LEY 25390.","('0056-S-2004', 1)":null,"('0056-S-2004', 2)":null,"('0056-S-2004', 3)":null},"('Firmantes', 'FIRMANTE')":{"('0056-S-2004', 0)":"YOMA, JORGE RAUL","('0056-S-2004', 1)":null,"('0056-S-2004', 2)":null,"('0056-S-2004', 3)":null},"('Firmantes', 'DISTRITO')":{"('0056-S-2004', 0)":"LA RIOJA","('0056-S-2004', 1)":null,"('0056-S-2004', 2)":null,"('0056-S-2004', 3)":null},"('Firmantes', 'BLOQUE')":{"('0056-S-2004', 0)":"JUSTICIALISTA","('0056-S-2004', 1)":null,"('0056-S-2004', 2)":null,"('0056-S-2004', 3)":null},"('Giros', 'COMISI\u00d3N')":{"('0056-S-2004', 0)":"LEGISLACION PENAL","('0056-S-2004', 1)":"RELACIONES EXTERIORES Y CULTO","('0056-S-2004', 2)":null,"('0056-S-2004', 3)":null},"('Tramites', 'C\u00c1MARA')":{"('0056-S-2004', 0)":"Senado","('0056-S-2004', 1)":"Senado","('0056-S-2004', 2)":"Senado","('0056-S-2004', 3)":"Diputados"},"('Tramites', 'MOVIMIENTO')":{"('0056-S-2004', 0)":"MOCION DE PREFERENCIA PARA LA PROXIMA SESION CON DICTAMEN (AFIRMATIVA) CONJUNTAMENTE PARA LOS EXPEDIENTES 0056-S-2004, 0273-S-2004, 0622-S-2004 y 0803-S-2004","('0056-S-2004', 1)":"MOCION DE PREFERENCIA PARA LA PROXIMA SESION CON DICTAMEN (AFIRMATIVA) CONJUNTAMENTE PARA LOS EXPEDIENTES 0056-S-2004, 0273-S-2004, 0622-S-2004 y 0803-S-2004","('0056-S-2004', 2)":"CONSIDERACION Y APROBACION CON MODIFICACIONES CONJUNTAMENTE PARA LOS EXPEDIENTES 0056-S-2004, 0273-S-2004, 0622-S-2004 y 0803-S-2004","('0056-S-2004', 3)":"PASA A DIPUTADOS - CONJUNTAMENTE PARA LOS EXPEDIENTES 0056-S-2004, 0273-S-2004, 0622-S-2004 y 0803-S-2004"},"('Tramites', 'FECHA')":{"('0056-S-2004', 0)":"19\/05\/2004","('0056-S-2004', 1)":"02\/06\/2004","('0056-S-2004', 2)":"23\/06\/2004","('0056-S-2004', 3)":null},"('Tramites', 'RESULTADO')":{"('0056-S-2004', 0)":null,"('0056-S-2004', 1)":null,"('0056-S-2004', 2)":"MEDIA SANCION","('0056-S-2004', 3)":null},"Sumario":{"('0056-S-2004', 0)":"DEFINICIONES Y USO DE TERMINOS; APLICACION DE LA LEY; PRINCIPIOS GENERALES; DELITOS CONTRA EL DERECHO INTERNACIONAL: GENOCIDIO, CRIMENES DE LESA HUMANIDAD, CRIMENES DE GUERRA; DELITOS CONTRA LA ADMINISTRACION DE JUSTICIA POR LA CORTE PENAL INTERNACIONAL; RELACIONES CON LA CORTE PENAL INTERNACIONAL; ELECCION DE MAGISTRADOS; REMISION DE SITUACIONES A LA CORTE PENAL INTERNACIONAL E IMPUGNACION DE COMPETENCIA O ADMISIBILIDAD; COOPERACION INTERNACIONAL Y ASISTENCIA JUDICIAL; EJECUCION DE PENAS Y ORDENES DE REPARACION, MULTA O DECOMISO","('0056-S-2004', 1)":null,"('0056-S-2004', 2)":null,"('0056-S-2004', 3)":null},"Palabra Clave":{"('0056-S-2004', 0)":" ","('0056-S-2004', 1)":null,"('0056-S-2004', 2)":null,"('0056-S-2004', 3)":null}}