{"Tipo de Proyecto":{"('0056-PE-2004', 0)":"MENSAJE NRO: 1333\/04","('0056-PE-2004', 1)":null,"('0056-PE-2004', 2)":null},"Iniciado en: ":{"('0056-PE-2004', 0)":"Diputados","('0056-PE-2004', 1)":null,"('0056-PE-2004', 2)":null},"Expediente Diputados: ":{"('0056-PE-2004', 0)":"0056-PE-2004","('0056-PE-2004', 1)":null,"('0056-PE-2004', 2)":null},"Publicado en: ":{"('0056-PE-2004', 0)":"Tr\u00e1mite Parlamentario N\u00b0 147","('0056-PE-2004', 1)":null,"('0056-PE-2004', 2)":null},"Fecha: ":{"('0056-PE-2004', 0)":"30\/09\/2004","('0056-PE-2004', 1)":null,"('0056-PE-2004', 2)":null},"T\u00edtulo":{"('0056-PE-2004', 0)":"COMUNICACION DEL DICTADO DEL DECRETO 1332\/04, POR EL CUAL SE MODIFICA EL PRESUPUESTO GENERAL DE LA ADMINISTRACION NACIONAL PARA EL EJERCICIO 2004 EN RELACION AL PROGRAMA NACIONAL PARA LA SOCIEDAD DE LA INFORMACION.","('0056-PE-2004', 1)":null,"('0056-PE-2004', 2)":null},"('Firmantes', 'FIRMANTE')":{"('0056-PE-2004', 0)":"KIRCHNER, NESTOR CARLOS","('0056-PE-2004', 1)":"FERNANDEZ, ALBERTO","('0056-PE-2004', 2)":"DE VIDO, JULIO"},"('Firmantes', 'DISTRITO')":{"('0056-PE-2004', 0)":null,"('0056-PE-2004', 1)":null,"('0056-PE-2004', 2)":null},"('Firmantes', 'BLOQUE')":{"('0056-PE-2004', 0)":"PODER EJECUTIVO","('0056-PE-2004', 1)":"PODER EJECUTIVO","('0056-PE-2004', 2)":"PODER EJECUTIVO"},"('Giros', 'COMISI\u00d3N')":{"('0056-PE-2004', 0)":"BICAMERAL PERMANENTE DE TRAMITE LEGISLATIVO - LEY 26122","('0056-PE-2004', 1)":null,"('0056-PE-2004', 2)":null},"('Tramites', 'C\u00c1MARA')":{"('0056-PE-2004', 0)":"Diputados","('0056-PE-2004', 1)":"Diputados","('0056-PE-2004', 2)":null},"('Tramites', 'MOVIMIENTO')":{"('0056-PE-2004', 0)":"SOLICITUD DEL PRESIDENTE DE LA COMISION BICAMERAL PERMANENTE DE TRAMITE LEGISLATIVO (LEY 26122) DE REMISION DEL EXPEDIENTE PARA SU ANALISIS (A LA PRESIDENCIA)","('0056-PE-2004', 1)":"EXPEDIENTE ORIGINALMENTE GIRADO A LAS COMISIONES DE PRESUPUESTO Y HACIENDA, COMUNICACIONES E INFORMATICA; SE LO REMITE A LA COMISION BICAMERAL DE TRAMITE LEGISLATIVO (LEY 26122)","('0056-PE-2004', 2)":null},"('Tramites', 'FECHA')":{"('0056-PE-2004', 0)":"14\/03\/2007","('0056-PE-2004', 1)":null,"('0056-PE-2004', 2)":null},"('Tramites', 'RESULTADO')":{"('0056-PE-2004', 0)":null,"('0056-PE-2004', 1)":null,"('0056-PE-2004', 2)":null},"Palabra Clave":{"('0056-PE-2004', 0)":" ","('0056-PE-2004', 1)":null,"('0056-PE-2004', 2)":null}}