{"Tipo de Proyecto":{"('0058-PE-2004', 0)":"MENSAJE NRO: 1343\/04 Y PROYECTO DE LEY","('0058-PE-2004', 1)":null,"('0058-PE-2004', 2)":null,"('0058-PE-2004', 3)":null,"('0058-PE-2004', 4)":null,"('0058-PE-2004', 5)":null,"('0058-PE-2004', 6)":null,"('0058-PE-2004', 7)":null,"('0058-PE-2004', 8)":null,"('0058-PE-2004', 9)":null,"('0058-PE-2004', 10)":null,"('0058-PE-2004', 11)":null,"('0058-PE-2004', 12)":null},"Iniciado en: ":{"('0058-PE-2004', 0)":"Diputados","('0058-PE-2004', 1)":null,"('0058-PE-2004', 2)":null,"('0058-PE-2004', 3)":null,"('0058-PE-2004', 4)":null,"('0058-PE-2004', 5)":null,"('0058-PE-2004', 6)":null,"('0058-PE-2004', 7)":null,"('0058-PE-2004', 8)":null,"('0058-PE-2004', 9)":null,"('0058-PE-2004', 10)":null,"('0058-PE-2004', 11)":null,"('0058-PE-2004', 12)":null},"Expediente Diputados: ":{"('0058-PE-2004', 0)":"0058-PE-2004","('0058-PE-2004', 1)":null,"('0058-PE-2004', 2)":null,"('0058-PE-2004', 3)":null,"('0058-PE-2004', 4)":null,"('0058-PE-2004', 5)":null,"('0058-PE-2004', 6)":null,"('0058-PE-2004', 7)":null,"('0058-PE-2004', 8)":null,"('0058-PE-2004', 9)":null,"('0058-PE-2004', 10)":null,"('0058-PE-2004', 11)":null,"('0058-PE-2004', 12)":null},"Expediente Senado: ":{"('0058-PE-2004', 0)":"0019-CD-2005","('0058-PE-2004', 1)":null,"('0058-PE-2004', 2)":null,"('0058-PE-2004', 3)":null,"('0058-PE-2004', 4)":null,"('0058-PE-2004', 5)":null,"('0058-PE-2004', 6)":null,"('0058-PE-2004', 7)":null,"('0058-PE-2004', 8)":null,"('0058-PE-2004', 9)":null,"('0058-PE-2004', 10)":null,"('0058-PE-2004', 11)":null,"('0058-PE-2004', 12)":null},"Publicado en: ":{"('0058-PE-2004', 0)":"Tr\u00e1mite Parlamentario N\u00b0 148","('0058-PE-2004', 1)":null,"('0058-PE-2004', 2)":null,"('0058-PE-2004', 3)":null,"('0058-PE-2004', 4)":null,"('0058-PE-2004', 5)":null,"('0058-PE-2004', 6)":null,"('0058-PE-2004', 7)":null,"('0058-PE-2004', 8)":null,"('0058-PE-2004', 9)":null,"('0058-PE-2004', 10)":null,"('0058-PE-2004', 11)":null,"('0058-PE-2004', 12)":null},"Fecha: ":{"('0058-PE-2004', 0)":"01\/10\/2004","('0058-PE-2004', 1)":null,"('0058-PE-2004', 2)":null,"('0058-PE-2004', 3)":null,"('0058-PE-2004', 4)":null,"('0058-PE-2004', 5)":null,"('0058-PE-2004', 6)":null,"('0058-PE-2004', 7)":null,"('0058-PE-2004', 8)":null,"('0058-PE-2004', 9)":null,"('0058-PE-2004', 10)":null,"('0058-PE-2004', 11)":null,"('0058-PE-2004', 12)":null},"T\u00edtulo":{"('0058-PE-2004', 0)":"MODIFICACION A LA LEY 24193 DE TRASPLANTES DE ORGANOS Y MATERIAL ANATOMICO HUMANO.","('0058-PE-2004', 1)":null,"('0058-PE-2004', 2)":null,"('0058-PE-2004', 3)":null,"('0058-PE-2004', 4)":null,"('0058-PE-2004', 5)":null,"('0058-PE-2004', 6)":null,"('0058-PE-2004', 7)":null,"('0058-PE-2004', 8)":null,"('0058-PE-2004', 9)":null,"('0058-PE-2004', 10)":null,"('0058-PE-2004', 11)":null,"('0058-PE-2004', 12)":null},"('Firmantes', 'FIRMANTE')":{"('0058-PE-2004', 0)":"KIRCHNER, NESTOR CARLOS","('0058-PE-2004', 1)":"FERNANDEZ, ALBERTO","('0058-PE-2004', 2)":"GONZALEZ GARCIA, GINES MARIO","('0058-PE-2004', 3)":null,"('0058-PE-2004', 4)":null,"('0058-PE-2004', 5)":null,"('0058-PE-2004', 6)":null,"('0058-PE-2004', 7)":null,"('0058-PE-2004', 8)":null,"('0058-PE-2004', 9)":null,"('0058-PE-2004', 10)":null,"('0058-PE-2004', 11)":null,"('0058-PE-2004', 12)":null},"('Firmantes', 'DISTRITO')":{"('0058-PE-2004', 0)":null,"('0058-PE-2004', 1)":null,"('0058-PE-2004', 2)":null,"('0058-PE-2004', 3)":null,"('0058-PE-2004', 4)":null,"('0058-PE-2004', 5)":null,"('0058-PE-2004', 6)":null,"('0058-PE-2004', 7)":null,"('0058-PE-2004', 8)":null,"('0058-PE-2004', 9)":null,"('0058-PE-2004', 10)":null,"('0058-PE-2004', 11)":null,"('0058-PE-2004', 12)":null},"('Firmantes', 'BLOQUE')":{"('0058-PE-2004', 0)":"PODER EJECUTIVO","('0058-PE-2004', 1)":"PODER EJECUTIVO","('0058-PE-2004', 2)":"PODER EJECUTIVO","('0058-PE-2004', 3)":null,"('0058-PE-2004', 4)":null,"('0058-PE-2004', 5)":null,"('0058-PE-2004', 6)":null,"('0058-PE-2004', 7)":null,"('0058-PE-2004', 8)":null,"('0058-PE-2004', 9)":null,"('0058-PE-2004', 10)":null,"('0058-PE-2004', 11)":null,"('0058-PE-2004', 12)":null},"('Giros', 'COMISI\u00d3N')":{"('0058-PE-2004', 0)":"LEGISLACION GENERAL","('0058-PE-2004', 1)":"ACCION SOCIAL Y SALUD PUBLICA","('0058-PE-2004', 2)":"LEGISLACION PENAL","('0058-PE-2004', 3)":null,"('0058-PE-2004', 4)":null,"('0058-PE-2004', 5)":null,"('0058-PE-2004', 6)":null,"('0058-PE-2004', 7)":null,"('0058-PE-2004', 8)":null,"('0058-PE-2004', 9)":null,"('0058-PE-2004', 10)":null,"('0058-PE-2004', 11)":null,"('0058-PE-2004', 12)":null},"('Tramites', 'C\u00c1MARA')":{"('0058-PE-2004', 0)":"Diputados","('0058-PE-2004', 1)":"Diputados","('0058-PE-2004', 2)":"Diputados","('0058-PE-2004', 3)":"Diputados","('0058-PE-2004', 4)":"Diputados","('0058-PE-2004', 5)":"Diputados","('0058-PE-2004', 6)":"Diputados","('0058-PE-2004', 7)":"Senado","('0058-PE-2004', 8)":"Senado","('0058-PE-2004', 9)":"Senado","('0058-PE-2004', 10)":"Senado","('0058-PE-2004', 11)":"Senado","('0058-PE-2004', 12)":"Senado"},"('Tramites', 'MOVIMIENTO')":{"('0058-PE-2004', 0)":"MOCION DE PREFERENCIA PARA LA PROXIMA SESION CON DICTAMEN (AFIRMATIVA)","('0058-PE-2004', 1)":"MOCION DE PREFERENCIA PARA LA PROXIMA SESION CON DICTAMEN (AFIRMATIVA)","('0058-PE-2004', 2)":"MOCION DE PREFERENCIA PARA LA PROXIMA SESION CON DICTAMEN (AFIRMATIVA)","('0058-PE-2004', 3)":"MOCION DE APLAZAMIENTO DE TRATAMIENTO (AFIRMATIVA)","('0058-PE-2004', 4)":"CONSIDERACION CONJUNTAMENTE PARA LOS EXPEDIENTES 2151-D-2003, 4075-D-2003, 0463-D-2004, 2140-D-2004, 2323-D-2004, 3291-D-2004, 5934-D-2004, 0058-PE-2004 y 0019-CD-2005","('0058-PE-2004', 5)":"CONTINUA CONSIDERACION Y APROBACION EN GENERAL (VOTACION NOMINAL) CONJUNTAMENTE PARA LOS EXPEDIENTES 2151-D-2003, 4075-D-2003, 0463-D-2004, 2140-D-2004, 2323-D-2004, 3291-D-2004, 5934-D-2004, 0058-PE-2004 y 0019-CD-2005","('0058-PE-2004', 6)":"CONSIDERACION Y APROBACION CON MODIFICACIONES CONJUNTAMENTE PARA LOS EXPEDIENTES 2151-D-2003, 4075-D-2003, 0463-D-2004, 2140-D-2004, 2323-D-2004, 3291-D-2004, 5934-D-2004, 0058-PE-2004 y 0019-CD-2005","('0058-PE-2004', 7)":"PASA A SENADO - CONJUNTAMENTE PARA LOS EXPEDIENTES 2151-D-2003, 4075-D-2003, 0463-D-2004, 2140-D-2004, 2323-D-2004, 3291-D-2004, 5934-D-2004, 0058-PE-2004 y 0019-CD-2005","('0058-PE-2004', 8)":"AMPLIACION GIRO A LA COMISION DE LEGISLACION GENERAL CONJUNTAMENTE PARA LOS EXPEDIENTES 2151-D-2003, 4075-D-2003, 0463-D-2004, 2140-D-2004, 2323-D-2004, 3291-D-2004, 5934-D-2004, 0058-PE-2004 y 0019-CD-2005","('0058-PE-2004', 9)":"PRESENCIA DEL MINISTRO DE SALUD DE LA NACION, DOCTOR GINES GONZALEZ GARCIA","('0058-PE-2004', 10)":"MOCION SOBRE TABLAS (AFIRMATIVA)","('0058-PE-2004', 11)":"CONSIDERACION Y SANCION CONJUNTAMENTE PARA LOS EXPEDIENTES 2151-D-2003, 4075-D-2003, 0463-D-2004, 2140-D-2004, 2323-D-2004, 3291-D-2004, 5934-D-2004, 0058-PE-2004 y 0019-CD-2005","('0058-PE-2004', 12)":"INSERCIONES"},"('Tramites', 'FECHA')":{"('0058-PE-2004', 0)":"10\/11\/2004","('0058-PE-2004', 1)":"17\/11\/2004","('0058-PE-2004', 2)":"24\/11\/2004","('0058-PE-2004', 3)":"01\/12\/2004","('0058-PE-2004', 4)":"11\/05\/2005","('0058-PE-2004', 5)":"18\/05\/2005","('0058-PE-2004', 6)":"18\/05\/2005","('0058-PE-2004', 7)":null,"('0058-PE-2004', 8)":"10\/08\/2005","('0058-PE-2004', 9)":"30\/11\/2005","('0058-PE-2004', 10)":"30\/11\/2005","('0058-PE-2004', 11)":"30\/11\/2005","('0058-PE-2004', 12)":"30\/11\/2005"},"('Tramites', 'RESULTADO')":{"('0058-PE-2004', 0)":null,"('0058-PE-2004', 1)":null,"('0058-PE-2004', 2)":null,"('0058-PE-2004', 3)":null,"('0058-PE-2004', 4)":null,"('0058-PE-2004', 5)":null,"('0058-PE-2004', 6)":"MEDIA SANCION","('0058-PE-2004', 7)":null,"('0058-PE-2004', 8)":null,"('0058-PE-2004', 9)":null,"('0058-PE-2004', 10)":null,"('0058-PE-2004', 11)":"SANCIONADO","('0058-PE-2004', 12)":null},"Sumario":{"('0058-PE-2004', 0)":"SUSTITUCION DE LA EXPRESION \"MATERIAL ANATOMICO\" POR EL TERMINO \"TEJIDOS\"; SUSTITUCION DE LOS ARTICULOS 1, 13, 19 (MANIFESTACION EXPRESA DE LA VOLUNTAD AFIRMATIVA O NEGATIVA DE DONAR ORGANOS); INCORPORACION DE LOS ARTICULOS 19 BIS Y 19 TER; SUSTITUCION DE LOS ARTICULOS 20, 21 (TESTIMONIO DE LA ULTIMA VOLUNTAD DEL DONANTE), 22, INCISO B) DEL ARTICULO 27, INCISOS N) Y Q) DEL ARTICULO 44, Y ARTICULOS 45 (INTEGRACION DEL DIRECTORIO DEL INCUCAI) Y 62.","('0058-PE-2004', 1)":null,"('0058-PE-2004', 2)":null,"('0058-PE-2004', 3)":null,"('0058-PE-2004', 4)":null,"('0058-PE-2004', 5)":null,"('0058-PE-2004', 6)":null,"('0058-PE-2004', 7)":null,"('0058-PE-2004', 8)":null,"('0058-PE-2004', 9)":null,"('0058-PE-2004', 10)":null,"('0058-PE-2004', 11)":null,"('0058-PE-2004', 12)":null},"Palabra Clave":{"('0058-PE-2004', 0)":" ","('0058-PE-2004', 1)":null,"('0058-PE-2004', 2)":null,"('0058-PE-2004', 3)":null,"('0058-PE-2004', 4)":null,"('0058-PE-2004', 5)":null,"('0058-PE-2004', 6)":null,"('0058-PE-2004', 7)":null,"('0058-PE-2004', 8)":null,"('0058-PE-2004', 9)":null,"('0058-PE-2004', 10)":null,"('0058-PE-2004', 11)":null,"('0058-PE-2004', 12)":null}}