{"Tipo de Proyecto":{"('0058-S-2004', 0)":"PROYECTO DE LEY","('0058-S-2004', 1)":null,"('0058-S-2004', 2)":null,"('0058-S-2004', 3)":null,"('0058-S-2004', 4)":null,"('0058-S-2004', 5)":null},"Iniciado en: ":{"('0058-S-2004', 0)":"Senado","('0058-S-2004', 1)":null,"('0058-S-2004', 2)":null,"('0058-S-2004', 3)":null,"('0058-S-2004', 4)":null,"('0058-S-2004', 5)":null},"Expediente Diputados: ":{"('0058-S-2004', 0)":"0058-S-2004","('0058-S-2004', 1)":null,"('0058-S-2004', 2)":null,"('0058-S-2004', 3)":null,"('0058-S-2004', 4)":null,"('0058-S-2004', 5)":null},"Expediente Senado: ":{"('0058-S-2004', 0)":"0555-S-2004","('0058-S-2004', 1)":null,"('0058-S-2004', 2)":null,"('0058-S-2004', 3)":null,"('0058-S-2004', 4)":null,"('0058-S-2004', 5)":null},"Publicado en: ":{"('0058-S-2004', 0)":"Diario de Asuntos Entrados N\u00b0 36","('0058-S-2004', 1)":null,"('0058-S-2004', 2)":null,"('0058-S-2004', 3)":null,"('0058-S-2004', 4)":null,"('0058-S-2004', 5)":null},"Fecha: ":{"('0058-S-2004', 0)":"18\/03\/2004","('0058-S-2004', 1)":null,"('0058-S-2004', 2)":null,"('0058-S-2004', 3)":null,"('0058-S-2004', 4)":null,"('0058-S-2004', 5)":null},"T\u00edtulo":{"('0058-S-2004', 0)":"MODIFICACION DE LA LEY 25053 DE FONDO NACIONAL DE INCENTIVO DOCENTE.","('0058-S-2004', 1)":null,"('0058-S-2004', 2)":null,"('0058-S-2004', 3)":null,"('0058-S-2004', 4)":null,"('0058-S-2004', 5)":null},"('Firmantes', 'FIRMANTE')":{"('0058-S-2004', 0)":"ISIDORI, AMANDA","('0058-S-2004', 1)":"LATORRE, ROXANA","('0058-S-2004', 2)":"ROSSI, CARLOS ALBERTO","('0058-S-2004', 3)":"NEGRE DE ALONSO, LILIANA T.","('0058-S-2004', 4)":"OCHOA, RAUL ERNESTO","('0058-S-2004', 5)":"AVELIN, NANCY BARBARITA"},"('Firmantes', 'DISTRITO')":{"('0058-S-2004', 0)":"RIO NEGRO","('0058-S-2004', 1)":"SANTA FE","('0058-S-2004', 2)":"CORDOBA","('0058-S-2004', 3)":"SAN LUIS","('0058-S-2004', 4)":"SAN LUIS","('0058-S-2004', 5)":"SAN JUAN"},"('Firmantes', 'BLOQUE')":{"('0058-S-2004', 0)":"UCR","('0058-S-2004', 1)":"JUSTICIALISTA","('0058-S-2004', 2)":"VECINALISTA - PARTIDO NUEVO","('0058-S-2004', 3)":"JUSTICIALISTA","('0058-S-2004', 4)":"JUSTICIALISTA","('0058-S-2004', 5)":"CRUZADA RENOV"},"('Giros', 'COMISI\u00d3N')":{"('0058-S-2004', 0)":"EDUCACION","('0058-S-2004', 1)":"LEGISLACION DEL TRABAJO","('0058-S-2004', 2)":"PRESUPUESTO Y HACIENDA","('0058-S-2004', 3)":null,"('0058-S-2004', 4)":null,"('0058-S-2004', 5)":null},"('Tramites', 'C\u00c1MARA')":{"('0058-S-2004', 0)":"Senado","('0058-S-2004', 1)":"Senado","('0058-S-2004', 2)":"Diputados","('0058-S-2004', 3)":"Diputados","('0058-S-2004', 4)":"Diputados","('0058-S-2004', 5)":null},"('Tramites', 'MOVIMIENTO')":{"('0058-S-2004', 0)":"AMPLIACION DEL GIRO A LA COMISION DE EDUCACION, CULTURA, CIENCIA Y TECNOLOGIA (AFIRMATIVA)","('0058-S-2004', 1)":"CONSIDERACION Y APROBACION CONJUNTAMENTE PARA LOS EXPEDIENTES 0058-S-2004, 0555-S-2004 y 1808-S-2004","('0058-S-2004', 2)":"PASA A DIPUTADOS - CONJUNTAMENTE PARA LOS EXPEDIENTES 0058-S-2004, 0555-S-2004 y 1808-S-2004","('0058-S-2004', 3)":"MOCION SOBRE TABLAS (AFIRMATIVA) CONJUNTAMENTE PARA LOS EXPEDIENTES 0058-S-2004, 0555-S-2004 y 1808-S-2004","('0058-S-2004', 4)":"CONSIDERACION Y SANCION CONJUNTAMENTE PARA LOS EXPEDIENTES 0058-S-2004, 0555-S-2004 y 1808-S-2004","('0058-S-2004', 5)":null},"('Tramites', 'FECHA')":{"('0058-S-2004', 0)":"05\/05\/2004","('0058-S-2004', 1)":"07\/07\/2004","('0058-S-2004', 2)":null,"('0058-S-2004', 3)":"11\/08\/2004","('0058-S-2004', 4)":"11\/08\/2004","('0058-S-2004', 5)":null},"('Tramites', 'RESULTADO')":{"('0058-S-2004', 0)":null,"('0058-S-2004', 1)":"MEDIA SANCION","('0058-S-2004', 2)":null,"('0058-S-2004', 3)":null,"('0058-S-2004', 4)":"SANCIONADO","('0058-S-2004', 5)":null},"Sumario":{"('0058-S-2004', 0)":"PRORROGAR POR EL TERMINO DE 5 A\u00d1OS LA VIGENCIA A PARTIR DEL 1 DE ENERO DE 2004; INCORPORACION DE UN PARRAFO AL ARTICULO 10 (CARACTER REMUNERATIVO); INCORPORACION DE PARRAFOS AL ARTICULO 11 (ASIGNACION DE UNA PARTIDA PRESUPUESTARIA).","('0058-S-2004', 1)":null,"('0058-S-2004', 2)":null,"('0058-S-2004', 3)":null,"('0058-S-2004', 4)":null,"('0058-S-2004', 5)":null},"Palabra Clave":{"('0058-S-2004', 0)":" ","('0058-S-2004', 1)":null,"('0058-S-2004', 2)":null,"('0058-S-2004', 3)":null,"('0058-S-2004', 4)":null,"('0058-S-2004', 5)":null}}