{"Tipo de Proyecto":{"('0059-S-2004', 0)":"PROYECTO DE LEY","('0059-S-2004', 1)":null,"('0059-S-2004', 2)":null,"('0059-S-2004', 3)":null,"('0059-S-2004', 4)":null},"Iniciado en: ":{"('0059-S-2004', 0)":"Senado","('0059-S-2004', 1)":null,"('0059-S-2004', 2)":null,"('0059-S-2004', 3)":null,"('0059-S-2004', 4)":null},"Expediente Diputados: ":{"('0059-S-2004', 0)":"0059-S-2004","('0059-S-2004', 1)":null,"('0059-S-2004', 2)":null,"('0059-S-2004', 3)":null,"('0059-S-2004', 4)":null},"Expediente Senado: ":{"('0059-S-2004', 0)":"1245-S-2004","('0059-S-2004', 1)":null,"('0059-S-2004', 2)":null,"('0059-S-2004', 3)":null,"('0059-S-2004', 4)":null},"Publicado en: ":{"('0059-S-2004', 0)":"Diario de Asuntos Entrados N\u00b0 78","('0059-S-2004', 1)":null,"('0059-S-2004', 2)":null,"('0059-S-2004', 3)":null,"('0059-S-2004', 4)":null},"Fecha: ":{"('0059-S-2004', 0)":"05\/05\/2004","('0059-S-2004', 1)":null,"('0059-S-2004', 2)":null,"('0059-S-2004', 3)":null,"('0059-S-2004', 4)":null},"T\u00edtulo":{"('0059-S-2004', 0)":"EXCEPTUAR DEL ALCANCE DEL IVA A LAS VENTAS DE PRODUCTOS DESTINADOS A LA ERRADICACION DE LA CARPOCAPSA, REALIZADAS DURANTE EL PERIODO COMPRENDIDO ENTRE EL 31 DE JULIO DE 2002 Y EL 7 DE NOVIEMBRE DE 2003.","('0059-S-2004', 1)":null,"('0059-S-2004', 2)":null,"('0059-S-2004', 3)":null,"('0059-S-2004', 4)":null},"('Firmantes', 'FIRMANTE')":{"('0059-S-2004', 0)":"SALVATORI, PEDRO","('0059-S-2004', 1)":"GOMEZ DIEZ, RICARDO","('0059-S-2004', 2)":"FALCO, LUIS ALBERTO","('0059-S-2004', 3)":"REUTEMANN, CARLOS ALBERTO","('0059-S-2004', 4)":"LOPEZ ARIAS, MARCELO EDUARDO"},"('Firmantes', 'DISTRITO')":{"('0059-S-2004', 0)":"NEUQUEN","('0059-S-2004', 1)":"SALTA","('0059-S-2004', 2)":"RIO NEGRO","('0059-S-2004', 3)":"SANTA FE","('0059-S-2004', 4)":"SALTA"},"('Firmantes', 'BLOQUE')":{"('0059-S-2004', 0)":"MOV POP NEUQUINO","('0059-S-2004', 1)":"RENOVADOR","('0059-S-2004', 2)":"RADICAL RIONEGRINO","('0059-S-2004', 3)":"JUSTICIALISTA","('0059-S-2004', 4)":"JUSTICIALISTA"},"('Giros', 'COMISI\u00d3N')":{"('0059-S-2004', 0)":"AGRICULTURA Y GANADERIA","('0059-S-2004', 1)":"PRESUPUESTO Y HACIENDA","('0059-S-2004', 2)":null,"('0059-S-2004', 3)":null,"('0059-S-2004', 4)":null},"('Tramites', 'C\u00c1MARA')":{"('0059-S-2004', 0)":"Senado","('0059-S-2004', 1)":"Senado","('0059-S-2004', 2)":"Diputados","('0059-S-2004', 3)":"Senado","('0059-S-2004', 4)":null},"('Tramites', 'MOVIMIENTO')":{"('0059-S-2004', 0)":"MOCION SOBRE TABLAS (AFIRMATIVA)","('0059-S-2004', 1)":"CONSIDERACION Y APROBACION","('0059-S-2004', 2)":"PASA A DIPUTADOS -","('0059-S-2004', 3)":"REPRODUCIDO POR EXPEDIENTE 0095-S-07","('0059-S-2004', 4)":null},"('Tramites', 'FECHA')":{"('0059-S-2004', 0)":"07\/07\/2004","('0059-S-2004', 1)":"07\/07\/2004","('0059-S-2004', 2)":null,"('0059-S-2004', 3)":null,"('0059-S-2004', 4)":null},"('Tramites', 'RESULTADO')":{"('0059-S-2004', 0)":null,"('0059-S-2004', 1)":"MEDIA SANCION","('0059-S-2004', 2)":null,"('0059-S-2004', 3)":null,"('0059-S-2004', 4)":null},"Sumario":{"('0059-S-2004', 0)":"QUEDAN SIN EFECTO LAS ACTUACIONES ADMINISTRATIVAS O JUDICIALES QUE SE ENCUENTREN EN CURSO REFERIDAS A HECHOS IMPONIBLES OCURRIDOS EN EL PERIODO MENCIONADO.","('0059-S-2004', 1)":null,"('0059-S-2004', 2)":null,"('0059-S-2004', 3)":null,"('0059-S-2004', 4)":null},"Palabra Clave":{"('0059-S-2004', 0)":" ","('0059-S-2004', 1)":null,"('0059-S-2004', 2)":null,"('0059-S-2004', 3)":null,"('0059-S-2004', 4)":null}}