{"Tipo de Proyecto":{"('0060-S-2004', 0)":"PROYECTO DE DECLARACI\u00d3N"},"Iniciado en: ":{"('0060-S-2004', 0)":"Senado"},"Expediente Senado: ":{"('0060-S-2004', 0)":"0060-S-2004"},"Publicado en: ":{"('0060-S-2004', 0)":"Diario de Asuntos Entrados N\u00b0 4"},"Fecha: ":{"('0060-S-2004', 0)":"02\/03\/2004"},"T\u00edtulo":{"('0060-S-2004', 0)":"DECLARAR EJEMPLO DE COMUNIDAD SOLIDARIA AL PUEBLO DE MECOYITA, PROVINCIA DE SALTA, POR LA CONSTRUCCION COMUNITARIA DE UNA RED DE AGUA POTABLE."},"('Firmantes', 'FIRMANTE')":{"('0060-S-2004', 0)":"ESCUDERO, SONIA MARGARITA"},"('Firmantes', 'DISTRITO')":{"('0060-S-2004', 0)":"SALTA"},"('Firmantes', 'BLOQUE')":{"('0060-S-2004', 0)":"JUSTICIALISTA"},"('Tramites', 'C\u00c1MARA')":{"('0060-S-2004', 0)":"Senado"},"('Tramites', 'MOVIMIENTO')":{"('0060-S-2004', 0)":"CONSIDERACION Y APROBACION"},"('Tramites', 'FECHA')":{"('0060-S-2004', 0)":"23\/06\/2004"},"('Tramites', 'RESULTADO')":{"('0060-S-2004', 0)":"APROBADO"},"Link":{"('0060-S-2004', 0)":"http:\/\/www.senado.gov.ar\/parlamentario\/comisiones\/verExp\/60.04\/S\/PD"},"Palabra Clave":{"('0060-S-2004', 0)":" "}}