{"Tipo de Proyecto":{"('0061-PE-2004', 0)":"MENSAJE NRO: 1358\/04","('0061-PE-2004', 1)":null,"('0061-PE-2004', 2)":null,"('0061-PE-2004', 3)":null},"Iniciado en: ":{"('0061-PE-2004', 0)":"Diputados","('0061-PE-2004', 1)":null,"('0061-PE-2004', 2)":null,"('0061-PE-2004', 3)":null},"Expediente Diputados: ":{"('0061-PE-2004', 0)":"0061-PE-2004","('0061-PE-2004', 1)":null,"('0061-PE-2004', 2)":null,"('0061-PE-2004', 3)":null},"Publicado en: ":{"('0061-PE-2004', 0)":"Tr\u00e1mite Parlamentario N\u00b0 151","('0061-PE-2004', 1)":null,"('0061-PE-2004', 2)":null,"('0061-PE-2004', 3)":null},"Fecha: ":{"('0061-PE-2004', 0)":"06\/10\/2004","('0061-PE-2004', 1)":null,"('0061-PE-2004', 2)":null,"('0061-PE-2004', 3)":null},"T\u00edtulo":{"('0061-PE-2004', 0)":"COMUNICACION DEL DICTADO DEL DECRETO 1357\/04 SOBRE PENSIONES NO CONTRIBUTIVAS A LOS VETERANOS DE LA GUERRA DEL ATLANTICO SUR Y A SUS DERECHOHABIENTES.","('0061-PE-2004', 1)":null,"('0061-PE-2004', 2)":null,"('0061-PE-2004', 3)":null},"('Firmantes', 'FIRMANTE')":{"('0061-PE-2004', 0)":"KIRCHNER, NESTOR CARLOS","('0061-PE-2004', 1)":"FERNANDEZ, ALBERTO","('0061-PE-2004', 2)":"FERNANDEZ, ANIBAL","('0061-PE-2004', 3)":null},"('Firmantes', 'DISTRITO')":{"('0061-PE-2004', 0)":null,"('0061-PE-2004', 1)":null,"('0061-PE-2004', 2)":null,"('0061-PE-2004', 3)":null},"('Firmantes', 'BLOQUE')":{"('0061-PE-2004', 0)":"PODER EJECUTIVO","('0061-PE-2004', 1)":"PODER EJECUTIVO","('0061-PE-2004', 2)":"PODER EJECUTIVO","('0061-PE-2004', 3)":null},"('Giros', 'COMISI\u00d3N')":{"('0061-PE-2004', 0)":"PREVISION Y SEGURIDAD SOCIAL","('0061-PE-2004', 1)":"DEFENSA NACIONAL","('0061-PE-2004', 2)":"ACCION SOCIAL Y SALUD PUBLICA","('0061-PE-2004', 3)":"PRESUPUESTO Y HACIENDA"},"('Tramites', 'C\u00c1MARA')":{"('0061-PE-2004', 0)":"Diputados","('0061-PE-2004', 1)":null,"('0061-PE-2004', 2)":null,"('0061-PE-2004', 3)":null},"('Tramites', 'MOVIMIENTO')":{"('0061-PE-2004', 0)":"VER TRAMITE EN EXPEDIENTE 7226-D-06","('0061-PE-2004', 1)":null,"('0061-PE-2004', 2)":null,"('0061-PE-2004', 3)":null},"('Tramites', 'FECHA')":{"('0061-PE-2004', 0)":null,"('0061-PE-2004', 1)":null,"('0061-PE-2004', 2)":null,"('0061-PE-2004', 3)":null},"('Tramites', 'RESULTADO')":{"('0061-PE-2004', 0)":null,"('0061-PE-2004', 1)":null,"('0061-PE-2004', 2)":null,"('0061-PE-2004', 3)":null},"Palabra Clave":{"('0061-PE-2004', 0)":" ","('0061-PE-2004', 1)":null,"('0061-PE-2004', 2)":null,"('0061-PE-2004', 3)":null}}