{"Tipo de Proyecto":{"('0062-S-2004', 0)":"PROYECTO DE RESOLUCI\u00d3N","('0062-S-2004', 1)":null,"('0062-S-2004', 2)":null,"('0062-S-2004', 3)":null},"Iniciado en: ":{"('0062-S-2004', 0)":"Senado","('0062-S-2004', 1)":null,"('0062-S-2004', 2)":null,"('0062-S-2004', 3)":null},"Expediente Diputados: ":{"('0062-S-2004', 0)":"0062-S-2004","('0062-S-2004', 1)":null,"('0062-S-2004', 2)":null,"('0062-S-2004', 3)":null},"Expediente Senado: ":{"('0062-S-2004', 0)":"0511-OV-2001","('0062-S-2004', 1)":null,"('0062-S-2004', 2)":null,"('0062-S-2004', 3)":null},"Fecha: ":{"('0062-S-2004', 0)":"22\/06\/2004","('0062-S-2004', 1)":null,"('0062-S-2004', 2)":null,"('0062-S-2004', 3)":null},"T\u00edtulo":{"('0062-S-2004', 0)":"RESPUESTA REMITIDA POR EL JEFE DE GABINETE DE MINISTROS EN RELACION A LA RESOLUCION APROBADA POR EL H SENADO (0060-S-98), SOBRE MANIFESTAR LA NECESIDAD DE QUE LAS FUNCIONES QUE DEBE CUMPLIR LA COMISION NACIONAL DE REGULACION DEL TRANSPORTE SE AJUSTEN A LAS NORMATIVAS LEGALES Y TECNICAS VIGENTES, DE MODO DE ASEGURAR EL ADECUADO EJERCICIO DE LAS COMPETENCIAS DE CONTROL QUE CORRESPONDEN AL ESTADO NACIONAL (0167-OVD-00); VERIFICACION DEL NUEVO REGIMEN TARIFARIO DE FERROCARRILES (0511-OV-01); VERIFICACION DE LAS TARIFAS DE FERROCARRILES METROPOLITANOS CORRESPONDIENTES AL A\u00d1O 1998 (0606-OV-01); EXAMEN ESPECIAL DE LOS RESULTADOS ECONOMICOS OBTENIDOS DE LA APLICACION DEL CONTRATO DE CONCESION DEL SERVICIO FERROVIARIO DE PASAJEROS DE TRENES DE BUENOS AIRES SA (0206-OV-02); UN INFORME REALIZADO EN EL AMBITO DE BELGRANO CARGAS SA (0263-OV-02); JEFE DE GABINETE DE MINISTROS REMITE RESPUESTA EN RELACION A LA RESOLUCION APROBADA POR EL H CONGRESO DE LA NACION (0082-S-02) SOBRE LAS MEDIDAS ADOPTADAS A LOS FINES DE REGULARIZAR LAS GRAVES SITUACIONES OBSERVADAS POR EL CONTROL EXTERNO RESPECTO DEL ACCIONAR DE LA COMISION NACIONAL DE REGULACION DEL TRANSPORTE, ASEGURANDO EL CUMPLIMIENTO EFECTIVO DE LOS DEBERES QUE CORRESPONDAN A DICHO ORGANISMO EN FUNCION DE LA ADECUADA DEFENSA DE LOS DERECHOS DEL PUBLICO Y MEDIDAS ADOPTADAS EN FUNCION DEL DESLINDE Y EFECTIVIZACION DE LAS RESPONSABILIDADES QUE PUDIERAN CORRESPONDER A LOS FUNCIONARIOS RESPONSABLES DE LAS MEDIDAS OBSERVADAS (0949-OVD-02); EXAMEN ESPECIAL REALIZADO EN LA COMISION NACIONAL DE REGULACION DEL TRANSPORTE Y DE TRANSPORTES METROPOLITANOS GENERAL ROCA, RESPECTO A LA APLICACION DEL CONTRATO DE CONCESION (0203-OV-03); AUDITORIA GENERAL DE LA NACION COMUNICA DESCARGO DEL ORGANISMO AUDITADO EN LA RESOLUCION 64\/03 AGN (0210-OV-03); AUDITORIA GENERAL DE LA NACION REMITE RESPUESTA AL REQUERIMIENTO REFERIDO A OBLIGACIONES EMERGENTES DEL CONTRATO DE CONCESION CELEBRADO CON LA EMPRESA BELGRANO CARGAS SA (REF 0263-OV-03) (0397-OV-03), EN EL AMBITO DE LA COMISION NACIONAL DE REGULACION DEL TRANSPORTE.","('0062-S-2004', 1)":null,"('0062-S-2004', 2)":null,"('0062-S-2004', 3)":null},"('Firmantes', 'FIRMANTE')":{"('0062-S-2004', 0)":"PARLAMENTARIA MIXTA REVISORA DE CUENTAS","('0062-S-2004', 1)":null,"('0062-S-2004', 2)":null,"('0062-S-2004', 3)":null},"('Firmantes', 'DISTRITO')":{"('0062-S-2004', 0)":null,"('0062-S-2004', 1)":null,"('0062-S-2004', 2)":null,"('0062-S-2004', 3)":null},"('Firmantes', 'BLOQUE')":{"('0062-S-2004', 0)":null,"('0062-S-2004', 1)":null,"('0062-S-2004', 2)":null,"('0062-S-2004', 3)":null},"('Giros', 'COMISI\u00d3N')":{"('0062-S-2004', 0)":"PARLAMENTARIA MIXTA REVISORA DE CUENTAS","('0062-S-2004', 1)":null,"('0062-S-2004', 2)":null,"('0062-S-2004', 3)":null},"('Tramites', 'C\u00c1MARA')":{"('0062-S-2004', 0)":"Senado","('0062-S-2004', 1)":"Diputados","('0062-S-2004', 2)":"Diputados","('0062-S-2004', 3)":"Diputados"},"('Tramites', 'MOVIMIENTO')":{"('0062-S-2004', 0)":"CONSIDERACION Y APROBACION","('0062-S-2004', 1)":"PASA A DIPUTADOS -","('0062-S-2004', 2)":"CONSIDERACION Y APROBACION","('0062-S-2004', 3)":"CONTESTACION DEL PODER EJECUTIVO NACIONAL - JEFE DE GABINETE DE MINISTROS - GIRADO A LA COMISION RESPECTIVA"},"('Tramites', 'FECHA')":{"('0062-S-2004', 0)":"07\/07\/2004","('0062-S-2004', 1)":null,"('0062-S-2004', 2)":"18\/08\/2004","('0062-S-2004', 3)":"29\/03\/2006"},"('Tramites', 'RESULTADO')":{"('0062-S-2004', 0)":"APROBADO","('0062-S-2004', 1)":null,"('0062-S-2004', 2)":"APROBADO","('0062-S-2004', 3)":null},"Sumario":{"('0062-S-2004', 0)":"SOLICITAR AL PODER EJECUTIVO NACIONAL QUE EL MINISTERIO DE PLANIFICACION FEDERAL, INVERSION PUBLICA Y SERVICIOS, Y LA SECRETARIA DE TRANSPORTES, COMO AUTORIDAD DE APLICACION, Y LA COMISION NACIONAL DE REGULACION DEL TRANSPORTE COMO ORGANO DE CONTROL, REGULARICEN SUS FUNCIONES EN RELACION A LOS CONCESIONARIOS DE LOS SERVICIOS DE TRANSPORTE FERROVIARIO DE PASAJEROS Y CARGA, SOLICITAR INFORMES SOBRE LAS MEDIDAS ADOPTADAS PARA DETERMINAR EL EVENTUAL PERJUICIO FISCAL, Y SI EN EL PROCESO DE RENEGOCIACION EN CURSO EN RELACION A LAS CONCESIONES DE SERVICIOS FERROVIARIOS ESTA PREVISTO EL MANTENIMIENTO O LA MODIFICACION DE LA FORMULA DE CALCULO DEL INDICE GLOBAL DE CALIDAD.","('0062-S-2004', 1)":null,"('0062-S-2004', 2)":null,"('0062-S-2004', 3)":null},"Palabra Clave":{"('0062-S-2004', 0)":" ","('0062-S-2004', 1)":null,"('0062-S-2004', 2)":null,"('0062-S-2004', 3)":null}}