{"Tipo de Proyecto":{"('0063-S-2004', 0)":"PROYECTO DE RESOLUCI\u00d3N","('0063-S-2004', 1)":null,"('0063-S-2004', 2)":null},"Iniciado en: ":{"('0063-S-2004', 0)":"Senado","('0063-S-2004', 1)":null,"('0063-S-2004', 2)":null},"Expediente Diputados: ":{"('0063-S-2004', 0)":"0063-S-2004","('0063-S-2004', 1)":null,"('0063-S-2004', 2)":null},"Expediente Senado: ":{"('0063-S-2004', 0)":"0009-OV-2002","('0063-S-2004', 1)":null,"('0063-S-2004', 2)":null},"Fecha: ":{"('0063-S-2004', 0)":"22\/06\/2004","('0063-S-2004', 1)":null,"('0063-S-2004', 2)":null},"T\u00edtulo":{"('0063-S-2004', 0)":"PEDIDO DE INFORMES AL PODER EJECUTIVO SOBRE RESOLUCION REMITIDA POR LA AUDITORIA GENERAL DE LA NACION SOBRE LOS ESTADOS CONTABLES AL 31 DE DICIEMBRE DE 1999 DEL HOSPITAL \"DOCTOR BALDOMERO SOMMER\".","('0063-S-2004', 1)":null,"('0063-S-2004', 2)":null},"('Firmantes', 'FIRMANTE')":{"('0063-S-2004', 0)":"PARLAMENTARIA MIXTA REVISORA DE CUENTAS","('0063-S-2004', 1)":null,"('0063-S-2004', 2)":null},"('Firmantes', 'DISTRITO')":{"('0063-S-2004', 0)":null,"('0063-S-2004', 1)":null,"('0063-S-2004', 2)":null},"('Firmantes', 'BLOQUE')":{"('0063-S-2004', 0)":null,"('0063-S-2004', 1)":null,"('0063-S-2004', 2)":null},"('Giros', 'COMISI\u00d3N')":{"('0063-S-2004', 0)":"PARLAMENTARIA MIXTA REVISORA DE CUENTAS","('0063-S-2004', 1)":null,"('0063-S-2004', 2)":null},"('Tramites', 'C\u00c1MARA')":{"('0063-S-2004', 0)":"Senado","('0063-S-2004', 1)":"Diputados","('0063-S-2004', 2)":"Diputados"},"('Tramites', 'MOVIMIENTO')":{"('0063-S-2004', 0)":"CONSIDERACION Y APROBACION","('0063-S-2004', 1)":"PASA A DIPUTADOS -","('0063-S-2004', 2)":"CONSIDERACION Y APROBACION"},"('Tramites', 'FECHA')":{"('0063-S-2004', 0)":"07\/07\/2004","('0063-S-2004', 1)":null,"('0063-S-2004', 2)":"18\/08\/2004"},"('Tramites', 'RESULTADO')":{"('0063-S-2004', 0)":"APROBADO","('0063-S-2004', 1)":null,"('0063-S-2004', 2)":"APROBADO"},"Link":{"('0063-S-2004', 0)":"http:\/\/www.senado.gov.ar\/parlamentario\/comisiones\/verExp\/9.02\/OV\/PR","('0063-S-2004', 1)":null,"('0063-S-2004', 2)":null},"Palabra Clave":{"('0063-S-2004', 0)":" ","('0063-S-2004', 1)":null,"('0063-S-2004', 2)":null}}