{"Tipo de Proyecto":{"('0063-PE-2004', 0)":"MENSAJE NRO: 1380\/04 Y PROYECTO DE LEY","('0063-PE-2004', 1)":null,"('0063-PE-2004', 2)":null,"('0063-PE-2004', 3)":null,"('0063-PE-2004', 4)":null},"Iniciado en: ":{"('0063-PE-2004', 0)":"Diputados","('0063-PE-2004', 1)":null,"('0063-PE-2004', 2)":null,"('0063-PE-2004', 3)":null,"('0063-PE-2004', 4)":null},"Expediente Diputados: ":{"('0063-PE-2004', 0)":"0063-PE-2004","('0063-PE-2004', 1)":null,"('0063-PE-2004', 2)":null,"('0063-PE-2004', 3)":null,"('0063-PE-2004', 4)":null},"Expediente Senado: ":{"('0063-PE-2004', 0)":"0100-CD-2004","('0063-PE-2004', 1)":null,"('0063-PE-2004', 2)":null,"('0063-PE-2004', 3)":null,"('0063-PE-2004', 4)":null},"Publicado en: ":{"('0063-PE-2004', 0)":"Tr\u00e1mite Parlamentario N\u00b0 155","('0063-PE-2004', 1)":null,"('0063-PE-2004', 2)":null,"('0063-PE-2004', 3)":null,"('0063-PE-2004', 4)":null},"Fecha: ":{"('0063-PE-2004', 0)":"13\/10\/2004","('0063-PE-2004', 1)":null,"('0063-PE-2004', 2)":null,"('0063-PE-2004', 3)":null,"('0063-PE-2004', 4)":null},"T\u00edtulo":{"('0063-PE-2004', 0)":"AUTORIZACION AL SE\u00d1OR PRESIDENTE DE LA NACION PARA AUSENTARSE DEL PAIS DURANTE EL A\u00d1O 2005, CUANDO RAZONES DE GOBIERNO ASI LO REQUIERAN.","('0063-PE-2004', 1)":null,"('0063-PE-2004', 2)":null,"('0063-PE-2004', 3)":null,"('0063-PE-2004', 4)":null},"('Firmantes', 'FIRMANTE')":{"('0063-PE-2004', 0)":"KIRCHNER, NESTOR CARLOS","('0063-PE-2004', 1)":"FERNANDEZ, ALBERTO","('0063-PE-2004', 2)":"FERNANDEZ, ANIBAL","('0063-PE-2004', 3)":null,"('0063-PE-2004', 4)":null},"('Firmantes', 'DISTRITO')":{"('0063-PE-2004', 0)":null,"('0063-PE-2004', 1)":null,"('0063-PE-2004', 2)":null,"('0063-PE-2004', 3)":null,"('0063-PE-2004', 4)":null},"('Firmantes', 'BLOQUE')":{"('0063-PE-2004', 0)":"PODER EJECUTIVO","('0063-PE-2004', 1)":"PODER EJECUTIVO","('0063-PE-2004', 2)":"PODER EJECUTIVO","('0063-PE-2004', 3)":null,"('0063-PE-2004', 4)":null},"('Giros', 'COMISI\u00d3N')":{"('0063-PE-2004', 0)":"ASUNTOS CONSTITUCIONALES","('0063-PE-2004', 1)":null,"('0063-PE-2004', 2)":null,"('0063-PE-2004', 3)":null,"('0063-PE-2004', 4)":null},"('Tramites', 'C\u00c1MARA')":{"('0063-PE-2004', 0)":"Senado","('0063-PE-2004', 1)":"Diputados","('0063-PE-2004', 2)":"Senado","('0063-PE-2004', 3)":"Senado","('0063-PE-2004', 4)":"Senado"},"('Tramites', 'MOVIMIENTO')":{"('0063-PE-2004', 0)":"MOCION DE PREFERENCIA PARA LA PROXIMA SESION CON DICTAMEN (AFIRMATIVA)","('0063-PE-2004', 1)":"CONSIDERACION Y APROBACION","('0063-PE-2004', 2)":"PASA A SENADO -","('0063-PE-2004', 3)":"MOCION SOBRE TABLAS (AFIRMATIVA)","('0063-PE-2004', 4)":"CONSIDERACION Y SANCION"},"('Tramites', 'FECHA')":{"('0063-PE-2004', 0)":"13\/10\/2004","('0063-PE-2004', 1)":"17\/11\/2004","('0063-PE-2004', 2)":null,"('0063-PE-2004', 3)":"03\/02\/2005","('0063-PE-2004', 4)":"03\/02\/2005"},"('Tramites', 'RESULTADO')":{"('0063-PE-2004', 0)":null,"('0063-PE-2004', 1)":"MEDIA SANCION","('0063-PE-2004', 2)":null,"('0063-PE-2004', 3)":null,"('0063-PE-2004', 4)":"SANCIONADO"},"Link":{"('0063-PE-2004', 0)":"http:\/\/www.senado.gov.ar\/web\/proyectos\/verExpe.php?origen=CD&nro_comision=&tipo=PL&numexp=100\/04&tConsulta=4","('0063-PE-2004', 1)":null,"('0063-PE-2004', 2)":null,"('0063-PE-2004', 3)":null,"('0063-PE-2004', 4)":null},"Palabra Clave":{"('0063-PE-2004', 0)":" ","('0063-PE-2004', 1)":null,"('0063-PE-2004', 2)":null,"('0063-PE-2004', 3)":null,"('0063-PE-2004', 4)":null}}