{"Tipo de Proyecto":{"('0064-PE-2004', 0)":"MENSAJE NRO: 1442\/04","('0064-PE-2004', 1)":null,"('0064-PE-2004', 2)":null},"Iniciado en: ":{"('0064-PE-2004', 0)":"Diputados","('0064-PE-2004', 1)":null,"('0064-PE-2004', 2)":null},"Expediente Diputados: ":{"('0064-PE-2004', 0)":"0064-PE-2004","('0064-PE-2004', 1)":null,"('0064-PE-2004', 2)":null},"Publicado en: ":{"('0064-PE-2004', 0)":"Tr\u00e1mite Parlamentario N\u00b0 161","('0064-PE-2004', 1)":null,"('0064-PE-2004', 2)":null},"Fecha: ":{"('0064-PE-2004', 0)":"21\/10\/2004","('0064-PE-2004', 1)":null,"('0064-PE-2004', 2)":null},"T\u00edtulo":{"('0064-PE-2004', 0)":"COMUNICACION DEL DECRETO 1441\/04 POR EL CUAL SE MODIFICA EL ARTICULO 1 DE LA LEY 16973, DE CREACION DEL SUBSIDIO ADICIONAL PARA DEUDAS DEL PERSONAL DE LA POLICIA FEDERAL ARGENTINA, SOBRE LA PERCEPCION DEL MISMO.","('0064-PE-2004', 1)":null,"('0064-PE-2004', 2)":null},"('Firmantes', 'FIRMANTE')":{"('0064-PE-2004', 0)":"KIRCHNER, NESTOR CARLOS","('0064-PE-2004', 1)":"FERNANDEZ, ALBERTO","('0064-PE-2004', 2)":"FERNANDEZ, ANIBAL"},"('Firmantes', 'DISTRITO')":{"('0064-PE-2004', 0)":null,"('0064-PE-2004', 1)":null,"('0064-PE-2004', 2)":null},"('Firmantes', 'BLOQUE')":{"('0064-PE-2004', 0)":"PODER EJECUTIVO","('0064-PE-2004', 1)":"PODER EJECUTIVO","('0064-PE-2004', 2)":"PODER EJECUTIVO"},"('Giros', 'COMISI\u00d3N')":{"('0064-PE-2004', 0)":"BICAMERAL PERMANENTE DE TRAMITE LEGISLATIVO - LEY 26122","('0064-PE-2004', 1)":null,"('0064-PE-2004', 2)":null},"('Tramites', 'C\u00c1MARA')":{"('0064-PE-2004', 0)":"Diputados","('0064-PE-2004', 1)":"Diputados","('0064-PE-2004', 2)":null},"('Tramites', 'MOVIMIENTO')":{"('0064-PE-2004', 0)":"SOLICITUD DEL PRESIDENTE DE LA COMISION BICAMERAL PERMANENTE DE TRAMITE LEGISLATIVO (LEY 26122) DE REMISION DEL EXPEDIENTE PARA SU ANALISIS (A LA PRESIDENCIA)","('0064-PE-2004', 1)":"EXPEDIENTE ORIGINALMENTE GIRADO A LAS COMISIONES DE LEGISLACION PENAL, PRESUPUESTO Y HACIENDA; SE LO REMITE A LA COMISION BICAMERAL DE TRAMITE LEGISLATIVO (LEY 26122)","('0064-PE-2004', 2)":null},"('Tramites', 'FECHA')":{"('0064-PE-2004', 0)":"14\/03\/2007","('0064-PE-2004', 1)":null,"('0064-PE-2004', 2)":null},"('Tramites', 'RESULTADO')":{"('0064-PE-2004', 0)":null,"('0064-PE-2004', 1)":null,"('0064-PE-2004', 2)":null},"Palabra Clave":{"('0064-PE-2004', 0)":" ","('0064-PE-2004', 1)":null,"('0064-PE-2004', 2)":null}}