{"Tipo de Proyecto":{"('0065-S-2004', 0)":"PROYECTO DE RESOLUCI\u00d3N","('0065-S-2004', 1)":null,"('0065-S-2004', 2)":null,"('0065-S-2004', 3)":null},"Iniciado en: ":{"('0065-S-2004', 0)":"Senado","('0065-S-2004', 1)":null,"('0065-S-2004', 2)":null,"('0065-S-2004', 3)":null},"Expediente Diputados: ":{"('0065-S-2004', 0)":"0065-S-2004","('0065-S-2004', 1)":null,"('0065-S-2004', 2)":null,"('0065-S-2004', 3)":null},"Expediente Senado: ":{"('0065-S-2004', 0)":"0468-OV-2002","('0065-S-2004', 1)":null,"('0065-S-2004', 2)":null,"('0065-S-2004', 3)":null},"Fecha: ":{"('0065-S-2004', 0)":"22\/06\/2004","('0065-S-2004', 1)":null,"('0065-S-2004', 2)":null,"('0065-S-2004', 3)":null},"T\u00edtulo":{"('0065-S-2004', 0)":"PEDIDO DE INFORMES AL PODER EJECUTIVO SOBRE RESOLUCIONES REMITIDAS POR LA AUDITORIA GENERAL DE LA NACION SOBRE UNA AUDITORIA DE GESTION DEL SISTEMA DE FORMULACION Y CUMPLIMIENTO DE METAS FISICAS, PRODUCCIONES BRUTAS, PROYECTOS Y OBRAS DEL PRESUPUESTO PARA EL EJERCICIO 2000 (0468-OV-02), Y DESCARGO EFECTUADO POR EL ORGANISMO AUDITADO RESPECTO DEL INFORME DE LA RESOLUCION 196\/02 AGN (0484-OV-02), EN EL AMBITO DEL SERVICIO NACIONAL DE REHABILITACION Y PROMOCION DE LA PERSONA CON DISCAPACIDAD.","('0065-S-2004', 1)":null,"('0065-S-2004', 2)":null,"('0065-S-2004', 3)":null},"('Firmantes', 'FIRMANTE')":{"('0065-S-2004', 0)":"PARLAMENTARIA MIXTA REVISORA DE CUENTAS","('0065-S-2004', 1)":null,"('0065-S-2004', 2)":null,"('0065-S-2004', 3)":null},"('Firmantes', 'DISTRITO')":{"('0065-S-2004', 0)":null,"('0065-S-2004', 1)":null,"('0065-S-2004', 2)":null,"('0065-S-2004', 3)":null},"('Firmantes', 'BLOQUE')":{"('0065-S-2004', 0)":null,"('0065-S-2004', 1)":null,"('0065-S-2004', 2)":null,"('0065-S-2004', 3)":null},"('Giros', 'COMISI\u00d3N')":{"('0065-S-2004', 0)":"PARLAMENTARIA MIXTA REVISORA DE CUENTAS","('0065-S-2004', 1)":null,"('0065-S-2004', 2)":null,"('0065-S-2004', 3)":null},"('Tramites', 'C\u00c1MARA')":{"('0065-S-2004', 0)":"Senado","('0065-S-2004', 1)":"Diputados","('0065-S-2004', 2)":"Diputados","('0065-S-2004', 3)":"Diputados"},"('Tramites', 'MOVIMIENTO')":{"('0065-S-2004', 0)":"CONSIDERACION Y APROBACION","('0065-S-2004', 1)":"PASA A DIPUTADOS -","('0065-S-2004', 2)":"CONSIDERACION Y APROBACION","('0065-S-2004', 3)":"CONTESTACION DEL PODER EJECUTIVO NACIONAL - JEFE DE GABINETE DE MINISTROS - GIRADO A LA COMISION RESPECTIVA"},"('Tramites', 'FECHA')":{"('0065-S-2004', 0)":"07\/07\/2004","('0065-S-2004', 1)":null,"('0065-S-2004', 2)":"18\/08\/2004","('0065-S-2004', 3)":"09\/02\/2005"},"('Tramites', 'RESULTADO')":{"('0065-S-2004', 0)":"APROBADO","('0065-S-2004', 1)":null,"('0065-S-2004', 2)":"APROBADO","('0065-S-2004', 3)":null},"Link":{"('0065-S-2004', 0)":"http:\/\/www.senado.gov.ar\/parlamentario\/comisiones\/verExp\/468.02\/OV\/PR","('0065-S-2004', 1)":null,"('0065-S-2004', 2)":null,"('0065-S-2004', 3)":null},"Palabra Clave":{"('0065-S-2004', 0)":" ","('0065-S-2004', 1)":null,"('0065-S-2004', 2)":null,"('0065-S-2004', 3)":null}}