{"Tipo de Proyecto":{"('0066-S-2004', 0)":"PROYECTO DE RESOLUCI\u00d3N","('0066-S-2004', 1)":null,"('0066-S-2004', 2)":null,"('0066-S-2004', 3)":null},"Iniciado en: ":{"('0066-S-2004', 0)":"Senado","('0066-S-2004', 1)":null,"('0066-S-2004', 2)":null,"('0066-S-2004', 3)":null},"Expediente Diputados: ":{"('0066-S-2004', 0)":"0066-S-2004","('0066-S-2004', 1)":null,"('0066-S-2004', 2)":null,"('0066-S-2004', 3)":null},"Expediente Senado: ":{"('0066-S-2004', 0)":"0471-OV-2002","('0066-S-2004', 1)":null,"('0066-S-2004', 2)":null,"('0066-S-2004', 3)":null},"Fecha: ":{"('0066-S-2004', 0)":"22\/06\/2004","('0066-S-2004', 1)":null,"('0066-S-2004', 2)":null,"('0066-S-2004', 3)":null},"T\u00edtulo":{"('0066-S-2004', 0)":"PEDIDO DE INFORMES AL PODER EJECUTIVO SOBRE RESOLUCION REMITIDA POR LA AUDITORIA GENERAL DE LA NACION SOBRE LOS ESTADOS FINANCIEROS AL 31 DE DICIEMBRE DE 2001 (EJERCICIO NUMERO 4) DEL PROYECTO DE REHABILITACION Y MANTENIMIENTO DE RUTAS NACIONALES (CONVENIO DE PRESTAMO 4295-AR BIRF), A CARGO DE LA DIRECCION NACIONAL DE VIALIDAD.","('0066-S-2004', 1)":null,"('0066-S-2004', 2)":null,"('0066-S-2004', 3)":null},"('Firmantes', 'FIRMANTE')":{"('0066-S-2004', 0)":"PARLAMENTARIA MIXTA REVISORA DE CUENTAS","('0066-S-2004', 1)":null,"('0066-S-2004', 2)":null,"('0066-S-2004', 3)":null},"('Firmantes', 'DISTRITO')":{"('0066-S-2004', 0)":null,"('0066-S-2004', 1)":null,"('0066-S-2004', 2)":null,"('0066-S-2004', 3)":null},"('Firmantes', 'BLOQUE')":{"('0066-S-2004', 0)":null,"('0066-S-2004', 1)":null,"('0066-S-2004', 2)":null,"('0066-S-2004', 3)":null},"('Giros', 'COMISI\u00d3N')":{"('0066-S-2004', 0)":"PARLAMENTARIA MIXTA REVISORA DE CUENTAS","('0066-S-2004', 1)":null,"('0066-S-2004', 2)":null,"('0066-S-2004', 3)":null},"('Tramites', 'C\u00c1MARA')":{"('0066-S-2004', 0)":"Senado","('0066-S-2004', 1)":"Diputados","('0066-S-2004', 2)":"Diputados","('0066-S-2004', 3)":"Diputados"},"('Tramites', 'MOVIMIENTO')":{"('0066-S-2004', 0)":"CONSIDERACION Y APROBACION","('0066-S-2004', 1)":"PASA A DIPUTADOS -","('0066-S-2004', 2)":"CONSIDERACION Y APROBACION","('0066-S-2004', 3)":"CONTESTACION DEL PODER EJECUTIVO NACIONAL - JEFE DE GABINETE DE MINISTROS - GIRADO A LA COMISION RESPECTIVA"},"('Tramites', 'FECHA')":{"('0066-S-2004', 0)":"07\/07\/2004","('0066-S-2004', 1)":null,"('0066-S-2004', 2)":"18\/08\/2004","('0066-S-2004', 3)":"01\/06\/2005"},"('Tramites', 'RESULTADO')":{"('0066-S-2004', 0)":"APROBADO","('0066-S-2004', 1)":null,"('0066-S-2004', 2)":"APROBADO","('0066-S-2004', 3)":null},"Link":{"('0066-S-2004', 0)":"http:\/\/www.senado.gov.ar\/parlamentario\/comisiones\/verExp\/471.02\/OV\/PR","('0066-S-2004', 1)":null,"('0066-S-2004', 2)":null,"('0066-S-2004', 3)":null},"Palabra Clave":{"('0066-S-2004', 0)":" ","('0066-S-2004', 1)":null,"('0066-S-2004', 2)":null,"('0066-S-2004', 3)":null}}