{"Tipo de Proyecto":{"('0067-S-2004', 0)":"PROYECTO DE RESOLUCI\u00d3N","('0067-S-2004', 1)":null,"('0067-S-2004', 2)":null},"Iniciado en: ":{"('0067-S-2004', 0)":"Senado","('0067-S-2004', 1)":null,"('0067-S-2004', 2)":null},"Expediente Diputados: ":{"('0067-S-2004', 0)":"0067-S-2004","('0067-S-2004', 1)":null,"('0067-S-2004', 2)":null},"Expediente Senado: ":{"('0067-S-2004', 0)":"0476-OV-2002","('0067-S-2004', 1)":null,"('0067-S-2004', 2)":null},"Fecha: ":{"('0067-S-2004', 0)":"22\/06\/2004","('0067-S-2004', 1)":null,"('0067-S-2004', 2)":null},"T\u00edtulo":{"('0067-S-2004', 0)":"PEDIDO DE INFORMES AL PODER EJECUTIVO SOBRE RESOLUCION REMITIDA POR LA AUDITORIA GENERAL DE LA NACION SOBRE LOS ESTADOS FINANCIEROS AL 31 DE DICIEMBRE DE 2001 CORRESPONDIENTES AL PROYECTO GESTION DE LA CONTAMINACION, CARTA DE ACUERDO DE LA SEGUNDA DONACION JAPONESA TF 27062-AR BIRF.","('0067-S-2004', 1)":null,"('0067-S-2004', 2)":null},"('Firmantes', 'FIRMANTE')":{"('0067-S-2004', 0)":"PARLAMENTARIA MIXTA REVISORA DE CUENTAS","('0067-S-2004', 1)":null,"('0067-S-2004', 2)":null},"('Firmantes', 'DISTRITO')":{"('0067-S-2004', 0)":null,"('0067-S-2004', 1)":null,"('0067-S-2004', 2)":null},"('Firmantes', 'BLOQUE')":{"('0067-S-2004', 0)":null,"('0067-S-2004', 1)":null,"('0067-S-2004', 2)":null},"('Giros', 'COMISI\u00d3N')":{"('0067-S-2004', 0)":"PARLAMENTARIA MIXTA REVISORA DE CUENTAS","('0067-S-2004', 1)":null,"('0067-S-2004', 2)":null},"('Tramites', 'C\u00c1MARA')":{"('0067-S-2004', 0)":"Senado","('0067-S-2004', 1)":"Diputados","('0067-S-2004', 2)":"Diputados"},"('Tramites', 'MOVIMIENTO')":{"('0067-S-2004', 0)":"CONSIDERACION Y APROBACION","('0067-S-2004', 1)":"PASA A DIPUTADOS -","('0067-S-2004', 2)":"CONSIDERACION Y APROBACION"},"('Tramites', 'FECHA')":{"('0067-S-2004', 0)":"07\/07\/2004","('0067-S-2004', 1)":null,"('0067-S-2004', 2)":"18\/08\/2004"},"('Tramites', 'RESULTADO')":{"('0067-S-2004', 0)":"APROBADO","('0067-S-2004', 1)":null,"('0067-S-2004', 2)":"APROBADO"},"Link":{"('0067-S-2004', 0)":"http:\/\/www.senado.gov.ar\/parlamentario\/comisiones\/verExp\/476.02\/OV\/PR","('0067-S-2004', 1)":null,"('0067-S-2004', 2)":null},"Palabra Clave":{"('0067-S-2004', 0)":" ","('0067-S-2004', 1)":null,"('0067-S-2004', 2)":null}}