{"Tipo de Proyecto":{"('0069-S-2004', 0)":"PROYECTO DE RESOLUCI\u00d3N","('0069-S-2004', 1)":null,"('0069-S-2004', 2)":null,"('0069-S-2004', 3)":null},"Iniciado en: ":{"('0069-S-2004', 0)":"Senado","('0069-S-2004', 1)":null,"('0069-S-2004', 2)":null,"('0069-S-2004', 3)":null},"Expediente Diputados: ":{"('0069-S-2004', 0)":"0069-S-2004","('0069-S-2004', 1)":null,"('0069-S-2004', 2)":null,"('0069-S-2004', 3)":null},"Expediente Senado: ":{"('0069-S-2004', 0)":"0196-OV-2003","('0069-S-2004', 1)":null,"('0069-S-2004', 2)":null,"('0069-S-2004', 3)":null},"Fecha: ":{"('0069-S-2004', 0)":"22\/06\/2004","('0069-S-2004', 1)":null,"('0069-S-2004', 2)":null,"('0069-S-2004', 3)":null},"T\u00edtulo":{"('0069-S-2004', 0)":"PEDIDO DE INFORMES AL PODER EJECUTIVO SOBRE RESOLUCIONES REMITIDAS POR LA AUDITORIA GENERAL DE LA NACION SOBRE UN EXAMEN ESPECIAL EN EL AMBITO DE LA ADMINISTRACION NACIONAL DE MEDICAMENTOS, ALIMENTOS Y TECNOLOGIA MEDICA, CON EL OBJETIVO DE VERIFICAR EL CUMPLIMIENTO DE LAS POLITICAS DE SALUD DEL PODER EJECUTIVO NACIONAL, A TRAVES DE LA ADECUACION DE LA PLANIFICACION, EJECUCION Y CONTROL DE LAS METAS FISICAS DE LA ANMAT, EN EL PROGRAMA 54 GARANTIA DE CALIDAD DE MEDICAMENTOS, ALIMENTOS Y MATERIAL BIOMEDICO (0196-OV-03), Y DESCARGO DEL ORGANISMO AUDITADO (0206-OV-03).","('0069-S-2004', 1)":null,"('0069-S-2004', 2)":null,"('0069-S-2004', 3)":null},"('Firmantes', 'FIRMANTE')":{"('0069-S-2004', 0)":"PARLAMENTARIA MIXTA REVISORA DE CUENTAS","('0069-S-2004', 1)":null,"('0069-S-2004', 2)":null,"('0069-S-2004', 3)":null},"('Firmantes', 'DISTRITO')":{"('0069-S-2004', 0)":null,"('0069-S-2004', 1)":null,"('0069-S-2004', 2)":null,"('0069-S-2004', 3)":null},"('Firmantes', 'BLOQUE')":{"('0069-S-2004', 0)":null,"('0069-S-2004', 1)":null,"('0069-S-2004', 2)":null,"('0069-S-2004', 3)":null},"('Giros', 'COMISI\u00d3N')":{"('0069-S-2004', 0)":"PARLAMENTARIA MIXTA REVISORA DE CUENTAS","('0069-S-2004', 1)":null,"('0069-S-2004', 2)":null,"('0069-S-2004', 3)":null},"('Tramites', 'C\u00c1MARA')":{"('0069-S-2004', 0)":"Senado","('0069-S-2004', 1)":"Diputados","('0069-S-2004', 2)":"Diputados","('0069-S-2004', 3)":"Diputados"},"('Tramites', 'MOVIMIENTO')":{"('0069-S-2004', 0)":"CONSIDERACION Y APROBACION","('0069-S-2004', 1)":"PASA A DIPUTADOS -","('0069-S-2004', 2)":"CONSIDERACION Y APROBACION","('0069-S-2004', 3)":"CONTESTACION DEL PODER EJECUTIVO NACIONAL - JEFE DE GABINETE DE MINISTROS - GIRADO A LA COMISION RESPECTIVA"},"('Tramites', 'FECHA')":{"('0069-S-2004', 0)":"07\/07\/2004","('0069-S-2004', 1)":null,"('0069-S-2004', 2)":"18\/08\/2004","('0069-S-2004', 3)":"01\/06\/2005"},"('Tramites', 'RESULTADO')":{"('0069-S-2004', 0)":"APROBADO","('0069-S-2004', 1)":null,"('0069-S-2004', 2)":"APROBADO","('0069-S-2004', 3)":null},"Link":{"('0069-S-2004', 0)":"http:\/\/www.senado.gov.ar\/parlamentario\/comisiones\/verExp\/196.03\/OV\/PR","('0069-S-2004', 1)":null,"('0069-S-2004', 2)":null,"('0069-S-2004', 3)":null},"Palabra Clave":{"('0069-S-2004', 0)":" ","('0069-S-2004', 1)":null,"('0069-S-2004', 2)":null,"('0069-S-2004', 3)":null}}