{"Tipo de Proyecto":{"('0069-PE-2004', 0)":"MENSAJE NRO: 1588\/04 Y PROYECTO DE LEY","('0069-PE-2004', 1)":null,"('0069-PE-2004', 2)":null,"('0069-PE-2004', 3)":null},"Iniciado en: ":{"('0069-PE-2004', 0)":"Diputados","('0069-PE-2004', 1)":null,"('0069-PE-2004', 2)":null,"('0069-PE-2004', 3)":null},"Expediente Diputados: ":{"('0069-PE-2004', 0)":"0069-PE-2004","('0069-PE-2004', 1)":null,"('0069-PE-2004', 2)":null,"('0069-PE-2004', 3)":null},"Publicado en: ":{"('0069-PE-2004', 0)":"Tr\u00e1mite Parlamentario N\u00b0 179","('0069-PE-2004', 1)":null,"('0069-PE-2004', 2)":null,"('0069-PE-2004', 3)":null},"Fecha: ":{"('0069-PE-2004', 0)":"16\/11\/2004","('0069-PE-2004', 1)":null,"('0069-PE-2004', 2)":null,"('0069-PE-2004', 3)":null},"T\u00edtulo":{"('0069-PE-2004', 0)":"RATIFICACION DEL DECRETO 1389\/02, SOBRE CREACION DEL INSTITUTO UNIVERSITARIO DE SEGURIDAD MARITIMA.","('0069-PE-2004', 1)":null,"('0069-PE-2004', 2)":null,"('0069-PE-2004', 3)":null},"('Firmantes', 'FIRMANTE')":{"('0069-PE-2004', 0)":"KIRCHNER, NESTOR CARLOS","('0069-PE-2004', 1)":"FERNANDEZ, ALBERTO","('0069-PE-2004', 2)":"FERNANDEZ, ANIBAL","('0069-PE-2004', 3)":"FILMUS, DANIEL"},"('Firmantes', 'DISTRITO')":{"('0069-PE-2004', 0)":null,"('0069-PE-2004', 1)":null,"('0069-PE-2004', 2)":null,"('0069-PE-2004', 3)":null},"('Firmantes', 'BLOQUE')":{"('0069-PE-2004', 0)":"PODER EJECUTIVO","('0069-PE-2004', 1)":"PODER EJECUTIVO","('0069-PE-2004', 2)":"PODER EJECUTIVO","('0069-PE-2004', 3)":"PODER EJECUTIVO"},"('Giros', 'COMISI\u00d3N')":{"('0069-PE-2004', 0)":"EDUCACION","('0069-PE-2004', 1)":"SEGURIDAD INTERIOR","('0069-PE-2004', 2)":null,"('0069-PE-2004', 3)":null},"Palabra Clave":{"('0069-PE-2004', 0)":" ","('0069-PE-2004', 1)":null,"('0069-PE-2004', 2)":null,"('0069-PE-2004', 3)":null}}