{"Tipo de Proyecto":{"('0070-S-2004', 0)":"PROYECTO DE DECLARACI\u00d3N","('0070-S-2004', 1)":null},"Iniciado en: ":{"('0070-S-2004', 0)":"Senado","('0070-S-2004', 1)":null},"Expediente Senado: ":{"('0070-S-2004', 0)":"0070-S-2004","('0070-S-2004', 1)":null},"Publicado en: ":{"('0070-S-2004', 0)":"Diario de Asuntos Entrados N\u00b0 5","('0070-S-2004', 1)":null},"Fecha: ":{"('0070-S-2004', 0)":"02\/03\/2004","('0070-S-2004', 1)":null},"T\u00edtulo":{"('0070-S-2004', 0)":"EXPRESAR RECONOCIMIENTO A LA LABOR DE LA ASOCIACION REGIONAL DE AYUDA AL DIABETICO - FRADI, DE LA CIUDAD DE ROSARIO, PROVINCIA DE SANTA FE.","('0070-S-2004', 1)":null},"('Firmantes', 'FIRMANTE')":{"('0070-S-2004', 0)":"REUTEMANN, CARLOS ALBERTO","('0070-S-2004', 1)":"LATORRE, ROXANA"},"('Firmantes', 'DISTRITO')":{"('0070-S-2004', 0)":"SANTA FE","('0070-S-2004', 1)":"SANTA FE"},"('Firmantes', 'BLOQUE')":{"('0070-S-2004', 0)":"JUSTICIALISTA","('0070-S-2004', 1)":"JUSTICIALISTA"},"('Tramites', 'C\u00c1MARA')":{"('0070-S-2004', 0)":"Senado","('0070-S-2004', 1)":null},"('Tramites', 'MOVIMIENTO')":{"('0070-S-2004', 0)":"CONSIDERACION Y APROBACION","('0070-S-2004', 1)":null},"('Tramites', 'FECHA')":{"('0070-S-2004', 0)":"21\/04\/2004","('0070-S-2004', 1)":null},"('Tramites', 'RESULTADO')":{"('0070-S-2004', 0)":"APROBADO","('0070-S-2004', 1)":null},"Link":{"('0070-S-2004', 0)":"http:\/\/www.senado.gov.ar\/parlamentario\/comisiones\/verExp\/70.04\/S\/PD","('0070-S-2004', 1)":null},"Palabra Clave":{"('0070-S-2004', 0)":" ","('0070-S-2004', 1)":null}}