{"Tipo de Proyecto":{"('0071-S-2004', 0)":"PROYECTO DE DECLARACI\u00d3N","('0071-S-2004', 1)":null},"Iniciado en: ":{"('0071-S-2004', 0)":"Senado","('0071-S-2004', 1)":null},"Expediente Senado: ":{"('0071-S-2004', 0)":"0071-S-2004","('0071-S-2004', 1)":null},"Publicado en: ":{"('0071-S-2004', 0)":"Diario de Asuntos Entrados N\u00b0 5","('0071-S-2004', 1)":null},"Fecha: ":{"('0071-S-2004', 0)":"02\/03\/2004","('0071-S-2004', 1)":null},"T\u00edtulo":{"('0071-S-2004', 0)":"EXPRESAR BENEPLACITO POR LA ELECCION REALIZADA POR LA AGENCIA NACIONAL DE PROMOCION CIENTIFICA Y TECNOLOGICA Y LA ASOCIACION ARGENTINA DE GIRASOL PARA EL DESARROLLO DE UN PROYECTO SOBRE SELECCION DE GENOTIPOS DEL GIRASOL.","('0071-S-2004', 1)":null},"('Firmantes', 'FIRMANTE')":{"('0071-S-2004', 0)":"REUTEMANN, CARLOS ALBERTO","('0071-S-2004', 1)":"LATORRE, ROXANA"},"('Firmantes', 'DISTRITO')":{"('0071-S-2004', 0)":"SANTA FE","('0071-S-2004', 1)":"SANTA FE"},"('Firmantes', 'BLOQUE')":{"('0071-S-2004', 0)":"JUSTICIALISTA","('0071-S-2004', 1)":"JUSTICIALISTA"},"('Tramites', 'C\u00c1MARA')":{"('0071-S-2004', 0)":"Senado","('0071-S-2004', 1)":null},"('Tramites', 'MOVIMIENTO')":{"('0071-S-2004', 0)":"CONSIDERACION Y APROBACION","('0071-S-2004', 1)":null},"('Tramites', 'FECHA')":{"('0071-S-2004', 0)":"14\/04\/2004","('0071-S-2004', 1)":null},"('Tramites', 'RESULTADO')":{"('0071-S-2004', 0)":"APROBADO","('0071-S-2004', 1)":null},"Link":{"('0071-S-2004', 0)":"http:\/\/www.senado.gov.ar\/parlamentario\/comisiones\/verExp\/71.04\/S\/PD","('0071-S-2004', 1)":null},"Palabra Clave":{"('0071-S-2004', 0)":" ","('0071-S-2004', 1)":null}}