{"Tipo de Proyecto":{"('0072-PE-2004', 0)":"MENSAJE NRO: 1615\/04 Y PROYECTO DE LEY","('0072-PE-2004', 1)":null,"('0072-PE-2004', 2)":null,"('0072-PE-2004', 3)":null,"('0072-PE-2004', 4)":null,"('0072-PE-2004', 5)":null,"('0072-PE-2004', 6)":null,"('0072-PE-2004', 7)":null,"('0072-PE-2004', 8)":null,"('0072-PE-2004', 9)":null},"Iniciado en: ":{"('0072-PE-2004', 0)":"Diputados","('0072-PE-2004', 1)":null,"('0072-PE-2004', 2)":null,"('0072-PE-2004', 3)":null,"('0072-PE-2004', 4)":null,"('0072-PE-2004', 5)":null,"('0072-PE-2004', 6)":null,"('0072-PE-2004', 7)":null,"('0072-PE-2004', 8)":null,"('0072-PE-2004', 9)":null},"Expediente Diputados: ":{"('0072-PE-2004', 0)":"0072-PE-2004","('0072-PE-2004', 1)":null,"('0072-PE-2004', 2)":null,"('0072-PE-2004', 3)":null,"('0072-PE-2004', 4)":null,"('0072-PE-2004', 5)":null,"('0072-PE-2004', 6)":null,"('0072-PE-2004', 7)":null,"('0072-PE-2004', 8)":null,"('0072-PE-2004', 9)":null},"Expediente Senado: ":{"('0072-PE-2004', 0)":"0009-CD-2005","('0072-PE-2004', 1)":null,"('0072-PE-2004', 2)":null,"('0072-PE-2004', 3)":null,"('0072-PE-2004', 4)":null,"('0072-PE-2004', 5)":null,"('0072-PE-2004', 6)":null,"('0072-PE-2004', 7)":null,"('0072-PE-2004', 8)":null,"('0072-PE-2004', 9)":null},"Publicado en: ":{"('0072-PE-2004', 0)":"Tr\u00e1mite Parlamentario N\u00b0 182","('0072-PE-2004', 1)":null,"('0072-PE-2004', 2)":null,"('0072-PE-2004', 3)":null,"('0072-PE-2004', 4)":null,"('0072-PE-2004', 5)":null,"('0072-PE-2004', 6)":null,"('0072-PE-2004', 7)":null,"('0072-PE-2004', 8)":null,"('0072-PE-2004', 9)":null},"Fecha: ":{"('0072-PE-2004', 0)":"19\/11\/2004","('0072-PE-2004', 1)":null,"('0072-PE-2004', 2)":null,"('0072-PE-2004', 3)":null,"('0072-PE-2004', 4)":null,"('0072-PE-2004', 5)":null,"('0072-PE-2004', 6)":null,"('0072-PE-2004', 7)":null,"('0072-PE-2004', 8)":null,"('0072-PE-2004', 9)":null},"T\u00edtulo":{"('0072-PE-2004', 0)":"MODIFICACION DE LA LEY 11683, DE PROCEDIMIENTO TRIBUTARIO.","('0072-PE-2004', 1)":null,"('0072-PE-2004', 2)":null,"('0072-PE-2004', 3)":null,"('0072-PE-2004', 4)":null,"('0072-PE-2004', 5)":null,"('0072-PE-2004', 6)":null,"('0072-PE-2004', 7)":null,"('0072-PE-2004', 8)":null,"('0072-PE-2004', 9)":null},"('Firmantes', 'FIRMANTE')":{"('0072-PE-2004', 0)":"KIRCHNER, NESTOR CARLOS","('0072-PE-2004', 1)":null,"('0072-PE-2004', 2)":null,"('0072-PE-2004', 3)":null,"('0072-PE-2004', 4)":null,"('0072-PE-2004', 5)":null,"('0072-PE-2004', 6)":null,"('0072-PE-2004', 7)":null,"('0072-PE-2004', 8)":null,"('0072-PE-2004', 9)":null},"('Firmantes', 'DISTRITO')":{"('0072-PE-2004', 0)":null,"('0072-PE-2004', 1)":null,"('0072-PE-2004', 2)":null,"('0072-PE-2004', 3)":null,"('0072-PE-2004', 4)":null,"('0072-PE-2004', 5)":null,"('0072-PE-2004', 6)":null,"('0072-PE-2004', 7)":null,"('0072-PE-2004', 8)":null,"('0072-PE-2004', 9)":null},"('Firmantes', 'BLOQUE')":{"('0072-PE-2004', 0)":"PODER EJECUTIVO","('0072-PE-2004', 1)":null,"('0072-PE-2004', 2)":null,"('0072-PE-2004', 3)":null,"('0072-PE-2004', 4)":null,"('0072-PE-2004', 5)":null,"('0072-PE-2004', 6)":null,"('0072-PE-2004', 7)":null,"('0072-PE-2004', 8)":null,"('0072-PE-2004', 9)":null},"('Giros', 'COMISI\u00d3N')":{"('0072-PE-2004', 0)":"PRESUPUESTO Y HACIENDA","('0072-PE-2004', 1)":null,"('0072-PE-2004', 2)":null,"('0072-PE-2004', 3)":null,"('0072-PE-2004', 4)":null,"('0072-PE-2004', 5)":null,"('0072-PE-2004', 6)":null,"('0072-PE-2004', 7)":null,"('0072-PE-2004', 8)":null,"('0072-PE-2004', 9)":null},"('Tramites', 'C\u00c1MARA')":{"('0072-PE-2004', 0)":"Diputados","('0072-PE-2004', 1)":"Diputados","('0072-PE-2004', 2)":"Diputados","('0072-PE-2004', 3)":"Senado","('0072-PE-2004', 4)":"Senado","('0072-PE-2004', 5)":"Senado","('0072-PE-2004', 6)":"Senado","('0072-PE-2004', 7)":"Senado","('0072-PE-2004', 8)":"Senado","('0072-PE-2004', 9)":"Diputados"},"('Tramites', 'MOVIMIENTO')":{"('0072-PE-2004', 0)":"MOCION DE PREFERENCIA (AFIRMATIVA)","('0072-PE-2004', 1)":"MOCION SOBRE TABLAS (AFIRMATIVA)","('0072-PE-2004', 2)":"CONSIDERACION Y APROBACION CON MODIFICACIONES","('0072-PE-2004', 3)":"PASA A SENADO -","('0072-PE-2004', 4)":"COMUNICACION DE LA SECRETARIA PARLAMENTARIA DE LA CAMARA DE DIPUTADOS DE UNA FE DE ERRATAS","('0072-PE-2004', 5)":"CONSIDERACION","('0072-PE-2004', 6)":"INSERCION DE LOS SENADORES CAPITANICH Y SALVATORI","('0072-PE-2004', 7)":"CONTINUA CONSIDERACION Y SANCION","('0072-PE-2004', 8)":"INSERCION DE LA SENADORA ESCUDERO","('0072-PE-2004', 9)":"COMUNICACION DEL DECRETO 777\/2007 del 06\/12\/2005 DE VETO PARCIAL Y PROMULGACION, OBSERVASE DIVERSOS PARRAFOS DEL ARTICULO 1"},"('Tramites', 'FECHA')":{"('0072-PE-2004', 0)":"16\/03\/2005","('0072-PE-2004', 1)":"06\/04\/2005","('0072-PE-2004', 2)":"06\/04\/2005","('0072-PE-2004', 3)":null,"('0072-PE-2004', 4)":null,"('0072-PE-2004', 5)":"01\/06\/2005","('0072-PE-2004', 6)":"01\/06\/2005","('0072-PE-2004', 7)":"08\/06\/2005","('0072-PE-2004', 8)":"08\/06\/2005","('0072-PE-2004', 9)":null},"('Tramites', 'RESULTADO')":{"('0072-PE-2004', 0)":null,"('0072-PE-2004', 1)":null,"('0072-PE-2004', 2)":"MEDIA SANCION","('0072-PE-2004', 3)":null,"('0072-PE-2004', 4)":null,"('0072-PE-2004', 5)":null,"('0072-PE-2004', 6)":null,"('0072-PE-2004', 7)":"SANCIONADO","('0072-PE-2004', 8)":null,"('0072-PE-2004', 9)":null},"Sumario":{"('0072-PE-2004', 0)":"MODIFICACION DEL ARTICULO 3 (DOMICILIO FISCAL ALTERNATIVO); INCORPORACION DE ARTICULO SIN NUMERO A CONTINUACION DEL ARTICULO 3 (DOMICILIO FISCAL ELECTRONICO);  ARTICULO SIN NUMERO A CONTINUACION DEL ARTICULO 4 (REGIMEN DE CONSULTA VINCULANTE); INCORPORACION DE TEXTO AL INCISO A) DEL ARTICULO 8 (SOCIOS DE SOCIEDADES IRREGULARES O DE HECHO); SUSTITUCION DEL INCISO B) DEL ARTICULO 8}; INCORPORACION DE ULTIMO PARRAFO AL ARTICULO 17, SEGUNDO PARRAFO AL ARTICULO 28;  ARTICULO SIN NUMERO A CONTINUACION DEL ARTICULO 32 (MEDIOS ELECTRONICOS O MAGNETICOS); INCORPORACION DE INCISO G) AL ARTICULO 35;  ARTICULO SIN NUMERO A CONTINUACION DEL ARTICULO 36 (RECTIFICACION DE DECLARACIONES JURADAS); INCORPORACION DE PRIMER PARRAFO AL ARTICULO AGREGADO A CONTINUACION DEL ARTICULO 38 (OMISION DE PRESENTACION DE DECLARACION JURADA: MULTAS);  INCORPORACION DE ARTICULO SIN NUMERO A CONTINUACION DEL ARTICULO AGREGADO A CONTINUACION DEL ARTICULO 39; INCORPORACION DE ARTICULO SIN NUMERO A CONTINUACION DEL ARTICULO AGREGADO A CONTINUACION DEL ARTICULO 40 (CONVOCATORIA A FUERZA DE SEGURIDAD);  INCORPORACION DE ARTICULO SIN NUMERO A CONTINUACION DEL ARTICULO 41 (MEDIDAS PREVENTIVAS Y DECOMISO); SUSTITUCION DEL INCISO D) DEL ARTICULO 66 (SUSPENSION DE LA PRESCRIPCION); INCORPORACION DE ARTICULO SIN NUMERO A CONTINUACION DEL ARTICULO 65; INCORPORACION DE INCISO C) AL ARTICULO 68; INCORPORACION DE ARTICULO SIN NUMERO A CONTINUACION DEL ARTICULO 77 (RESOLUCION DE DECOMISO DE MERCADERIA); INCORPORACION DE ARTICULO SIN NUMERO A CONTINUACION DEL ARTICULO 78 (RECURSO DE APELACION); INCORPORACION DE ULTIMO PARRAFO AL ARTICULO 92 (TRANSFERENCIA DE LOS IMPORTES TOTALES LIQUIDOS EMBARGADOS AL BANCO DE DEPOSITOS JUDICIALES); SUSTITUCION DEL PRIMER PARRAFO DEL PRIMER ARTICULO SIN NUMERO INCORPORADO A CONTINUACION DEL ARTICULO 92 (RESPONSABILIDAD DE LAS ENTIDADES FINANCIERAS Y DE LAS DEMAS PERSONAS FISICAS O JURIDICAS DEPOSITARIAS DE BIENES EMBARGADOS); INCORPORACION DE INCISO G) AL ARTICULO 100 (COMUNICACION INFORMATICA); MODIFICACION DEL ARTICULO 184 (SENTENCIA); CONSIDERACION DE LOS PLAZOS DE PRESCRIPCION PREVISTOS EN EL INCISO C) Y ULTIMO PARRAFO DEL ARTICULO 56 OPERADOS AL 31 DE DICIEMBRE DE 2004.","('0072-PE-2004', 1)":null,"('0072-PE-2004', 2)":null,"('0072-PE-2004', 3)":null,"('0072-PE-2004', 4)":null,"('0072-PE-2004', 5)":null,"('0072-PE-2004', 6)":null,"('0072-PE-2004', 7)":null,"('0072-PE-2004', 8)":null,"('0072-PE-2004', 9)":null},"Palabra Clave":{"('0072-PE-2004', 0)":" ","('0072-PE-2004', 1)":null,"('0072-PE-2004', 2)":null,"('0072-PE-2004', 3)":null,"('0072-PE-2004', 4)":null,"('0072-PE-2004', 5)":null,"('0072-PE-2004', 6)":null,"('0072-PE-2004', 7)":null,"('0072-PE-2004', 8)":null,"('0072-PE-2004', 9)":null}}