{"Tipo de Proyecto":{"('0073-S-2004', 0)":"PROYECTO DE LEY","('0073-S-2004', 1)":null},"Iniciado en: ":{"('0073-S-2004', 0)":"Senado","('0073-S-2004', 1)":null},"Expediente Senado: ":{"('0073-S-2004', 0)":"0073-S-2004","('0073-S-2004', 1)":null},"Publicado en: ":{"('0073-S-2004', 0)":"Diario de Asuntos Entrados N\u00b0 5","('0073-S-2004', 1)":null},"Fecha: ":{"('0073-S-2004', 0)":"02\/03\/2004","('0073-S-2004', 1)":null},"T\u00edtulo":{"('0073-S-2004', 0)":"PARTICIPACION DE LAS ASOCIACIONES DE CONSUMIDORES Y USUARIOS Y DE LAS PROVINCIAS EN LOS ORGANISMOS DE CONTROL DE LOS SERVICIOS PUBLICOS DE COMPETENCIA NACIONAL.","('0073-S-2004', 1)":null},"('Firmantes', 'FIRMANTE')":{"('0073-S-2004', 0)":"REUTEMANN, CARLOS ALBERTO","('0073-S-2004', 1)":"LATORRE, ROXANA"},"('Firmantes', 'DISTRITO')":{"('0073-S-2004', 0)":"SANTA FE","('0073-S-2004', 1)":"SANTA FE"},"('Firmantes', 'BLOQUE')":{"('0073-S-2004', 0)":"JUSTICIALISTA","('0073-S-2004', 1)":"JUSTICIALISTA"},"Sumario":{"('0073-S-2004', 0)":"MARCO DE PARTICIPACION; CONSTITUCION DE UNA COMISION CONSULTIVA DE USUARIOS: INTEGRACION; REPRESENTANTES; CONSTITUCION DE CADA COMISION; PARTICIPACION DE LAS PROVINCIAS: CREACION DE LA COMISION NACIONAL CONSULTIVA FEDERAL DE USUARIOS; INTEGRACION, REPRESENTANTES, QUORUM; ACTAS, PLAZOS Y PRONUNCIAMIENTOS DE LAS COMISIONES; DECISIONES DE LOS ORGANISMOS DE CONTROL; REGLAMENTACION; ADHESION DE LAS PROVINCIAS.","('0073-S-2004', 1)":null},"Palabra Clave":{"('0073-S-2004', 0)":" ","('0073-S-2004', 1)":null}}