{"Tipo de Proyecto":{"('0073-PE-2004', 0)":"MENSAJE NRO: 1637\/04 Y PROYECTO DE LEY","('0073-PE-2004', 1)":null,"('0073-PE-2004', 2)":null,"('0073-PE-2004', 3)":null,"('0073-PE-2004', 4)":null,"('0073-PE-2004', 5)":null,"('0073-PE-2004', 6)":null},"Iniciado en: ":{"('0073-PE-2004', 0)":"Diputados","('0073-PE-2004', 1)":null,"('0073-PE-2004', 2)":null,"('0073-PE-2004', 3)":null,"('0073-PE-2004', 4)":null,"('0073-PE-2004', 5)":null,"('0073-PE-2004', 6)":null},"Expediente Diputados: ":{"('0073-PE-2004', 0)":"0073-PE-2004","('0073-PE-2004', 1)":null,"('0073-PE-2004', 2)":null,"('0073-PE-2004', 3)":null,"('0073-PE-2004', 4)":null,"('0073-PE-2004', 5)":null,"('0073-PE-2004', 6)":null},"Expediente Senado: ":{"('0073-PE-2004', 0)":"0045-CD-2005","('0073-PE-2004', 1)":null,"('0073-PE-2004', 2)":null,"('0073-PE-2004', 3)":null,"('0073-PE-2004', 4)":null,"('0073-PE-2004', 5)":null,"('0073-PE-2004', 6)":null},"Publicado en: ":{"('0073-PE-2004', 0)":"Tr\u00e1mite Parlamentario N\u00b0 187","('0073-PE-2004', 1)":null,"('0073-PE-2004', 2)":null,"('0073-PE-2004', 3)":null,"('0073-PE-2004', 4)":null,"('0073-PE-2004', 5)":null,"('0073-PE-2004', 6)":null},"Fecha: ":{"('0073-PE-2004', 0)":"26\/11\/2004","('0073-PE-2004', 1)":null,"('0073-PE-2004', 2)":null,"('0073-PE-2004', 3)":null,"('0073-PE-2004', 4)":null,"('0073-PE-2004', 5)":null,"('0073-PE-2004', 6)":null},"T\u00edtulo":{"('0073-PE-2004', 0)":"EDUCACION TECNICO PROFESIONAL; ESTABLECER LA MISMA COMO PARTE INTEGRANTE DEL SISTEMA EDUCATIVO NACIONAL.","('0073-PE-2004', 1)":null,"('0073-PE-2004', 2)":null,"('0073-PE-2004', 3)":null,"('0073-PE-2004', 4)":null,"('0073-PE-2004', 5)":null,"('0073-PE-2004', 6)":null},"('Firmantes', 'FIRMANTE')":{"('0073-PE-2004', 0)":"KIRCHNER, NESTOR CARLOS","('0073-PE-2004', 1)":"FERNANDEZ, ALBERTO","('0073-PE-2004', 2)":"FILMUS, DANIEL","('0073-PE-2004', 3)":null,"('0073-PE-2004', 4)":null,"('0073-PE-2004', 5)":null,"('0073-PE-2004', 6)":null},"('Firmantes', 'DISTRITO')":{"('0073-PE-2004', 0)":null,"('0073-PE-2004', 1)":null,"('0073-PE-2004', 2)":null,"('0073-PE-2004', 3)":null,"('0073-PE-2004', 4)":null,"('0073-PE-2004', 5)":null,"('0073-PE-2004', 6)":null},"('Firmantes', 'BLOQUE')":{"('0073-PE-2004', 0)":"PODER EJECUTIVO","('0073-PE-2004', 1)":"PODER EJECUTIVO","('0073-PE-2004', 2)":"PODER EJECUTIVO","('0073-PE-2004', 3)":null,"('0073-PE-2004', 4)":null,"('0073-PE-2004', 5)":null,"('0073-PE-2004', 6)":null},"('Giros', 'COMISI\u00d3N')":{"('0073-PE-2004', 0)":"EDUCACION","('0073-PE-2004', 1)":"CIENCIA Y TECNOLOGIA","('0073-PE-2004', 2)":"PRESUPUESTO Y HACIENDA","('0073-PE-2004', 3)":null,"('0073-PE-2004', 4)":null,"('0073-PE-2004', 5)":null,"('0073-PE-2004', 6)":null},"('Tramites', 'C\u00c1MARA')":{"('0073-PE-2004', 0)":"Diputados","('0073-PE-2004', 1)":"Diputados","('0073-PE-2004', 2)":"Diputados","('0073-PE-2004', 3)":"Diputados","('0073-PE-2004', 4)":"Senado","('0073-PE-2004', 5)":"Senado","('0073-PE-2004', 6)":"Senado"},"('Tramites', 'MOVIMIENTO')":{"('0073-PE-2004', 0)":"CONSIDERACION CONJUNTAMENTE PARA LOS EXPEDIENTES 7578-D-2004, 0073-PE-2004, 0045-CD-2005, 7772-D-2004 y 0655-D-2005","('0073-PE-2004', 1)":"MOCION CAMARA EN COMISION (AFIRMATIVA) CONJUNTAMENTE PARA LOS EXPEDIENTES 7578-D-2004, 0073-PE-2004, 0045-CD-2005, 7772-D-2004 y 0655-D-2005","('0073-PE-2004', 2)":"CONFERENCIA CONJUNTAMENTE PARA LOS EXPEDIENTES 7578-D-2004, 0073-PE-2004, 0045-CD-2005, 7772-D-2004 y 0655-D-2005","('0073-PE-2004', 3)":"CONSIDERACION Y APROBACION CON MODIFICACIONES CONJUNTAMENTE PARA LOS EXPEDIENTES 7578-D-2004, 0073-PE-2004, 0045-CD-2005, 7772-D-2004 y 0655-D-2005","('0073-PE-2004', 4)":"PASA A SENADO - CONJUNTAMENTE PARA LOS EXPEDIENTES 7578-D-2004, 0073-PE-2004, 0045-CD-2005, 7772-D-2004 y 0655-D-2005","('0073-PE-2004', 5)":"CONSIDERACION Y SANCION CONJUNTAMENTE PARA LOS EXPEDIENTES 7578-D-2004, 0073-PE-2004, 0045-CD-2005, 7772-D-2004 y 0655-D-2005","('0073-PE-2004', 6)":"INSERCIONES DE LOS SENADORES LATORRE, REUTEMANN, JAQUE Y FERNANDEZ"},"('Tramites', 'FECHA')":{"('0073-PE-2004', 0)":"10\/08\/2005","('0073-PE-2004', 1)":"10\/08\/2005","('0073-PE-2004', 2)":"10\/08\/2005","('0073-PE-2004', 3)":"10\/08\/2005","('0073-PE-2004', 4)":null,"('0073-PE-2004', 5)":"07\/09\/2005","('0073-PE-2004', 6)":"07\/09\/2005"},"('Tramites', 'RESULTADO')":{"('0073-PE-2004', 0)":null,"('0073-PE-2004', 1)":null,"('0073-PE-2004', 2)":null,"('0073-PE-2004', 3)":"MEDIA SANCION","('0073-PE-2004', 4)":null,"('0073-PE-2004', 5)":"SANCIONADO","('0073-PE-2004', 6)":null},"Sumario":{"('0073-PE-2004', 0)":"INSTITUCIONES; TITULOS Y CERTIFICACIONES; DOCENTES; EQUIPAMIENTO; GOBIERNO Y ADMINISTRACION; CREACION DEL CONSEJO NACIONAL DE EDUCACION, TRABAJO Y PRODUCCION; CREACION DE LA COMISION FEDERAL DE EDUCACION TECNICO - PROFESIONAL; FINANCIAMIENTO; INCORPORACION DEL INCISO C) BIS AL ARTICULO 10 DE LA LEY 24195, LEY FEDERAL DE EDUCACION.","('0073-PE-2004', 1)":null,"('0073-PE-2004', 2)":null,"('0073-PE-2004', 3)":null,"('0073-PE-2004', 4)":null,"('0073-PE-2004', 5)":null,"('0073-PE-2004', 6)":null},"Palabra Clave":{"('0073-PE-2004', 0)":" ","('0073-PE-2004', 1)":null,"('0073-PE-2004', 2)":null,"('0073-PE-2004', 3)":null,"('0073-PE-2004', 4)":null,"('0073-PE-2004', 5)":null,"('0073-PE-2004', 6)":null}}