{"Tipo de Proyecto":{"('0074-S-2004', 0)":"PROYECTO DE LEY","('0074-S-2004', 1)":null,"('0074-S-2004', 2)":null,"('0074-S-2004', 3)":null,"('0074-S-2004', 4)":null,"('0074-S-2004', 5)":null},"Iniciado en: ":{"('0074-S-2004', 0)":"Senado","('0074-S-2004', 1)":null,"('0074-S-2004', 2)":null,"('0074-S-2004', 3)":null,"('0074-S-2004', 4)":null,"('0074-S-2004', 5)":null},"Expediente Diputados: ":{"('0074-S-2004', 0)":"0074-S-2004","('0074-S-2004', 1)":null,"('0074-S-2004', 2)":null,"('0074-S-2004', 3)":null,"('0074-S-2004', 4)":null,"('0074-S-2004', 5)":null},"Expediente Senado: ":{"('0074-S-2004', 0)":"2290-S-2004","('0074-S-2004', 1)":null,"('0074-S-2004', 2)":null,"('0074-S-2004', 3)":null,"('0074-S-2004', 4)":null,"('0074-S-2004', 5)":null},"Publicado en: ":{"('0074-S-2004', 0)":"Diario de Asuntos Entrados N\u00b0 144","('0074-S-2004', 1)":null,"('0074-S-2004', 2)":null,"('0074-S-2004', 3)":null,"('0074-S-2004', 4)":null,"('0074-S-2004', 5)":null},"Fecha: ":{"('0074-S-2004', 0)":"03\/08\/2004","('0074-S-2004', 1)":null,"('0074-S-2004', 2)":null,"('0074-S-2004', 3)":null,"('0074-S-2004', 4)":null,"('0074-S-2004', 5)":null},"T\u00edtulo":{"('0074-S-2004', 0)":"PRORROGAR POR TRES A\u00d1OS LA DELEGACION LEGISLATIVA  A PARTIR DEL 24 DE AGOSTO DE 2004 (LEY 25645); APROBAR LA TOTALIDAD DE LA LEGISLACION DELEGADA DICTADA AL AMPARO DE LA LEGISLACION DELEGANTE PREEXISTENTE A LA REFORMA CONSTITUCIONAL DESDE EL 24\/08\/2002 A LA FECHA DE ENTRADA EN VIGENCIA DE LA PRESENTE.","('0074-S-2004', 1)":null,"('0074-S-2004', 2)":null,"('0074-S-2004', 3)":null,"('0074-S-2004', 4)":null,"('0074-S-2004', 5)":null},"('Firmantes', 'FIRMANTE')":{"('0074-S-2004', 0)":"FERNANDEZ DE KIRCHNER, CRISTINA","('0074-S-2004', 1)":"PICHETTO, MIGUEL ANGEL","('0074-S-2004', 2)":"YOMA, JORGE RAUL","('0074-S-2004', 3)":null,"('0074-S-2004', 4)":null,"('0074-S-2004', 5)":null},"('Firmantes', 'DISTRITO')":{"('0074-S-2004', 0)":"SANTA CRUZ","('0074-S-2004', 1)":"RIO NEGRO","('0074-S-2004', 2)":"LA RIOJA","('0074-S-2004', 3)":null,"('0074-S-2004', 4)":null,"('0074-S-2004', 5)":null},"('Firmantes', 'BLOQUE')":{"('0074-S-2004', 0)":"JUSTICIALISTA","('0074-S-2004', 1)":"JUSTICIALISTA","('0074-S-2004', 2)":"JUSTICIALISTA","('0074-S-2004', 3)":null,"('0074-S-2004', 4)":null,"('0074-S-2004', 5)":null},"('Giros', 'COMISI\u00d3N')":{"('0074-S-2004', 0)":"ASUNTOS CONSTITUCIONALES","('0074-S-2004', 1)":null,"('0074-S-2004', 2)":null,"('0074-S-2004', 3)":null,"('0074-S-2004', 4)":null,"('0074-S-2004', 5)":null},"('Tramites', 'C\u00c1MARA')":{"('0074-S-2004', 0)":"Senado","('0074-S-2004', 1)":"Senado","('0074-S-2004', 2)":"Diputados","('0074-S-2004', 3)":"Diputados","('0074-S-2004', 4)":"Diputados","('0074-S-2004', 5)":"Diputados"},"('Tramites', 'MOVIMIENTO')":{"('0074-S-2004', 0)":"MOCION DE PREFERENCIA PARA LA PROXIMA SESION CON O SIN DICTAMEN (AFIRMATIVA)","('0074-S-2004', 1)":"CONSIDERACION Y APROBACION","('0074-S-2004', 2)":"PASA A DIPUTADOS - (TP 112)","('0074-S-2004', 3)":"MOCION SOBRE TABLAS (AFIRMATIVA)","('0074-S-2004', 4)":"SOLICITUD VOTACION NOMINAL","('0074-S-2004', 5)":"CONSIDERACION Y SANCION (VOTACIONES NOMINALES)"},"('Tramites', 'FECHA')":{"('0074-S-2004', 0)":"04\/08\/2004","('0074-S-2004', 1)":"11\/08\/2004","('0074-S-2004', 2)":null,"('0074-S-2004', 3)":"11\/08\/2004","('0074-S-2004', 4)":"11\/08\/2004","('0074-S-2004', 5)":"11\/08\/2004"},"('Tramites', 'RESULTADO')":{"('0074-S-2004', 0)":null,"('0074-S-2004', 1)":"MEDIA SANCION","('0074-S-2004', 2)":null,"('0074-S-2004', 3)":null,"('0074-S-2004', 4)":null,"('0074-S-2004', 5)":"SANCIONADO"},"Sumario":{"('0074-S-2004', 0)":"MATERIAS DETERMINADAS DE ADMINISTRACION; ENTRADA EN VIGENCIA DE LA PRESENTE LEY: 24 DE AGOSTO DE 2004.","('0074-S-2004', 1)":null,"('0074-S-2004', 2)":null,"('0074-S-2004', 3)":null,"('0074-S-2004', 4)":null,"('0074-S-2004', 5)":null},"Palabra Clave":{"('0074-S-2004', 0)":" ","('0074-S-2004', 1)":null,"('0074-S-2004', 2)":null,"('0074-S-2004', 3)":null,"('0074-S-2004', 4)":null,"('0074-S-2004', 5)":null}}