{"Tipo de Proyecto":{"('0075-S-2004', 0)":"PROYECTO DE LEY","('0075-S-2004', 1)":null},"Iniciado en: ":{"('0075-S-2004', 0)":"Senado","('0075-S-2004', 1)":null},"Expediente Senado: ":{"('0075-S-2004', 0)":"0075-S-2004","('0075-S-2004', 1)":null},"Publicado en: ":{"('0075-S-2004', 0)":"Diario de Asuntos Entrados N\u00b0 5","('0075-S-2004', 1)":null},"Fecha: ":{"('0075-S-2004', 0)":"02\/03\/2004","('0075-S-2004', 1)":null},"T\u00edtulo":{"('0075-S-2004', 0)":"HABILITACION DEL SISTEMA DE TRIBUNALES ARBITRALES IMPLEMENTADO POR EL ARTICULO 59 DE LA LEY 24240 PARA LAS RELACIONES DE CONSUMO ENTRE USUARIOS Y PRESTATARIAS DE SERVICIOS PUBLICOS DOMICILIARIOS REGULADOS POR EL PODER EJECUTIVO NACIONAL.","('0075-S-2004', 1)":null},"('Firmantes', 'FIRMANTE')":{"('0075-S-2004', 0)":"REUTEMANN, CARLOS ALBERTO","('0075-S-2004', 1)":"LATORRE, ROXANA"},"('Firmantes', 'DISTRITO')":{"('0075-S-2004', 0)":"SANTA FE","('0075-S-2004', 1)":"SANTA FE"},"('Firmantes', 'BLOQUE')":{"('0075-S-2004', 0)":"JUSTICIALISTA","('0075-S-2004', 1)":"JUSTICIALISTA"},"Sumario":{"('0075-S-2004', 0)":"AUTORIDAD DE APLICACION: SUBSECRETARIA DE DEFENSA DE LA COMPETENCIA Y DEFENSA DEL CONSUMIDOR","('0075-S-2004', 1)":null},"Palabra Clave":{"('0075-S-2004', 0)":" ","('0075-S-2004', 1)":null}}