{"Tipo de Proyecto":{"('0076-OV-2004', 0)":"PROYECTO DE RESOLUCI\u00d3N"},"Iniciado en: ":{"('0076-OV-2004', 0)":"Senado"},"Expediente Senado: ":{"('0076-OV-2004', 0)":"0076-OV-2004"},"Fecha: ":{"('0076-OV-2004', 0)":"06\/10\/2005"},"T\u00edtulo":{"('0076-OV-2004', 0)":"RESOLUCION REMITIDA POR LA AUDITORIA GENERAL DE LA NACION SOBRE UNA AUDITORIA DE GESTION DEL PROGRAMA SOCIAL NUTRICIONAL (PROSONU) Y DEL PROGRAMA DE EMERGENCIA ALIMENTARIA (PEA) EN LA PROVINCIA DEL CHUBUT, AL 31 DE DICIEMBRE DE 2002."},"('Firmantes', 'FIRMANTE')":{"('0076-OV-2004', 0)":"PARLAMENTARIA MIXTA REVISORA DE CUENTAS"},"('Firmantes', 'DISTRITO')":{"('0076-OV-2004', 0)":null},"('Firmantes', 'BLOQUE')":{"('0076-OV-2004', 0)":null},"('Tramites', 'C\u00c1MARA')":{"('0076-OV-2004', 0)":"Senado"},"('Tramites', 'MOVIMIENTO')":{"('0076-OV-2004', 0)":"CONSIDERACION Y APROBACION (AL ARCHIVO)"},"('Tramites', 'FECHA')":{"('0076-OV-2004', 0)":"02\/11\/2005"},"('Tramites', 'RESULTADO')":{"('0076-OV-2004', 0)":"ARCHIVADO"},"Sumario":{"('0076-OV-2004', 0)":"HABIENDO TOMADO CONOCIMIENTO Y SIN PERJUICIO DE ULTERIORES MEDIDAS QUE PUEDAN ADOPTARSE, SE ACONSEJA SU REMISION AL ARCHIVO."},"Palabra Clave":{"('0076-OV-2004', 0)":" "}}