{"Tipo de Proyecto":{"('0076-PE-2004', 0)":"MENSAJE NRO: 1688\/04","('0076-PE-2004', 1)":null,"('0076-PE-2004', 2)":null},"Iniciado en: ":{"('0076-PE-2004', 0)":"Diputados","('0076-PE-2004', 1)":null,"('0076-PE-2004', 2)":null},"Expediente Diputados: ":{"('0076-PE-2004', 0)":"0076-PE-2004","('0076-PE-2004', 1)":null,"('0076-PE-2004', 2)":null},"Publicado en: ":{"('0076-PE-2004', 0)":"Tr\u00e1mite Parlamentario N\u00b0 192","('0076-PE-2004', 1)":null,"('0076-PE-2004', 2)":null},"Fecha: ":{"('0076-PE-2004', 0)":"03\/12\/2004","('0076-PE-2004', 1)":null,"('0076-PE-2004', 2)":null},"T\u00edtulo":{"('0076-PE-2004', 0)":"COMUNICACION DEL DECRETO 1687\/04, POR EL QUE SE REALIZAN DIVERSAS MODIFICACIONES AL PRESUPUESTO DE LA ADMINISTRACION PUBLICA NACIONAL PARA EL EJERCICIO 2004.","('0076-PE-2004', 1)":null,"('0076-PE-2004', 2)":null},"('Firmantes', 'FIRMANTE')":{"('0076-PE-2004', 0)":"KIRCHNER, NESTOR CARLOS","('0076-PE-2004', 1)":"FERNANDEZ, ALBERTO","('0076-PE-2004', 2)":"LAVAGNA, ROBERTO"},"('Firmantes', 'DISTRITO')":{"('0076-PE-2004', 0)":null,"('0076-PE-2004', 1)":null,"('0076-PE-2004', 2)":null},"('Firmantes', 'BLOQUE')":{"('0076-PE-2004', 0)":"PODER EJECUTIVO","('0076-PE-2004', 1)":"PODER EJECUTIVO","('0076-PE-2004', 2)":"PODER EJECUTIVO"},"('Giros', 'COMISI\u00d3N')":{"('0076-PE-2004', 0)":"PRESUPUESTO Y HACIENDA","('0076-PE-2004', 1)":null,"('0076-PE-2004', 2)":null},"('Tramites', 'C\u00c1MARA')":{"('0076-PE-2004', 0)":"Diputados","('0076-PE-2004', 1)":null,"('0076-PE-2004', 2)":null},"('Tramites', 'MOVIMIENTO')":{"('0076-PE-2004', 0)":"VER TRAMITE EN EXPEDIENTE 7066-D-06","('0076-PE-2004', 1)":null,"('0076-PE-2004', 2)":null},"('Tramites', 'FECHA')":{"('0076-PE-2004', 0)":null,"('0076-PE-2004', 1)":null,"('0076-PE-2004', 2)":null},"('Tramites', 'RESULTADO')":{"('0076-PE-2004', 0)":null,"('0076-PE-2004', 1)":null,"('0076-PE-2004', 2)":null},"Palabra Clave":{"('0076-PE-2004', 0)":" ","('0076-PE-2004', 1)":null,"('0076-PE-2004', 2)":null}}