{"Tipo de Proyecto":{"('0078-S-2004', 0)":"PROYECTO DE RESOLUCI\u00d3N","('0078-S-2004', 1)":null,"('0078-S-2004', 2)":null,"('0078-S-2004', 3)":null},"Iniciado en: ":{"('0078-S-2004', 0)":"Senado","('0078-S-2004', 1)":null,"('0078-S-2004', 2)":null,"('0078-S-2004', 3)":null},"Expediente Diputados: ":{"('0078-S-2004', 0)":"0078-S-2004","('0078-S-2004', 1)":null,"('0078-S-2004', 2)":null,"('0078-S-2004', 3)":null},"Expediente Senado: ":{"('0078-S-2004', 0)":"0296-OV-2002","('0078-S-2004', 1)":null,"('0078-S-2004', 2)":null,"('0078-S-2004', 3)":null},"Fecha: ":{"('0078-S-2004', 0)":"19\/07\/2004","('0078-S-2004', 1)":null,"('0078-S-2004', 2)":null,"('0078-S-2004', 3)":null},"T\u00edtulo":{"('0078-S-2004', 0)":"PEDIDO DE INFORMES AL PODER EJECUTIVO SOBRE RESOLUCION REMITIDA POR LA AUDITORIA GENERAL DE LA NACION SOBRE LOS ESTADOS FINANCIEROS AL 31 DE DICIEMBRE DE 2001 DE LA DONACION \"APOYO A LA OFICINA ANTICORRUPCION\" - CARTA DE ACUERDO IDF 027282 - BIRF, DEL MINISTERIO DE JUSTICIA, SEGURIDAD Y DERECHOS HUMANOS.","('0078-S-2004', 1)":null,"('0078-S-2004', 2)":null,"('0078-S-2004', 3)":null},"('Firmantes', 'FIRMANTE')":{"('0078-S-2004', 0)":"PARLAMENTARIA MIXTA REVISORA DE CUENTAS","('0078-S-2004', 1)":null,"('0078-S-2004', 2)":null,"('0078-S-2004', 3)":null},"('Firmantes', 'DISTRITO')":{"('0078-S-2004', 0)":null,"('0078-S-2004', 1)":null,"('0078-S-2004', 2)":null,"('0078-S-2004', 3)":null},"('Firmantes', 'BLOQUE')":{"('0078-S-2004', 0)":null,"('0078-S-2004', 1)":null,"('0078-S-2004', 2)":null,"('0078-S-2004', 3)":null},"('Giros', 'COMISI\u00d3N')":{"('0078-S-2004', 0)":"PARLAMENTARIA MIXTA REVISORA DE CUENTAS","('0078-S-2004', 1)":null,"('0078-S-2004', 2)":null,"('0078-S-2004', 3)":null},"('Tramites', 'C\u00c1MARA')":{"('0078-S-2004', 0)":"Senado","('0078-S-2004', 1)":"Diputados","('0078-S-2004', 2)":"Diputados","('0078-S-2004', 3)":"Diputados"},"('Tramites', 'MOVIMIENTO')":{"('0078-S-2004', 0)":"CONSIDERACION Y APROBACION","('0078-S-2004', 1)":"PASA A DIPUTADOS -","('0078-S-2004', 2)":"CONSIDERACION Y APROBACION","('0078-S-2004', 3)":"CONTESTACION DEL PODER EJECUTIVO NACIONAL - JEFE DE GABINETE DE MINISTROS - GIRADO A LA COMISION RESPECTIVA"},"('Tramites', 'FECHA')":{"('0078-S-2004', 0)":"04\/08\/2004","('0078-S-2004', 1)":null,"('0078-S-2004', 2)":"22\/09\/2004","('0078-S-2004', 3)":"22\/02\/2006"},"('Tramites', 'RESULTADO')":{"('0078-S-2004', 0)":"APROBADO","('0078-S-2004', 1)":null,"('0078-S-2004', 2)":"APROBADO","('0078-S-2004', 3)":null},"Link":{"('0078-S-2004', 0)":"http:\/\/www.senado.gov.ar\/parlamentario\/comisiones\/verExp\/296.02\/OV\/PR","('0078-S-2004', 1)":null,"('0078-S-2004', 2)":null,"('0078-S-2004', 3)":null},"Palabra Clave":{"('0078-S-2004', 0)":" ","('0078-S-2004', 1)":null,"('0078-S-2004', 2)":null,"('0078-S-2004', 3)":null}}