{"Tipo de Proyecto":{"('0080-S-2004', 0)":"PROYECTO DE RESOLUCI\u00d3N","('0080-S-2004', 1)":null,"('0080-S-2004', 2)":null,"('0080-S-2004', 3)":null},"Iniciado en: ":{"('0080-S-2004', 0)":"Senado","('0080-S-2004', 1)":null,"('0080-S-2004', 2)":null,"('0080-S-2004', 3)":null},"Expediente Diputados: ":{"('0080-S-2004', 0)":"0080-S-2004","('0080-S-2004', 1)":null,"('0080-S-2004', 2)":null,"('0080-S-2004', 3)":null},"Expediente Senado: ":{"('0080-S-2004', 0)":"0153-OV-2002","('0080-S-2004', 1)":null,"('0080-S-2004', 2)":null,"('0080-S-2004', 3)":null},"Fecha: ":{"('0080-S-2004', 0)":"22\/07\/2004","('0080-S-2004', 1)":null,"('0080-S-2004', 2)":null,"('0080-S-2004', 3)":null},"T\u00edtulo":{"('0080-S-2004', 0)":"SOLICITAR AL PODER EJECUTIVO QUE INFORME SOBRE, Y DISPONGA LAS MEDIDAS NECESARIAS PARA LA NORMALIZACION Y REGULARIZACION DE LO OBSERVADO EN RESOLUCION REMITIDA POR LA AUDITORIA GENERAL DE LA NACION REFERIDA A UN INFORME SOBRE LA VERIFICACION DEL CUMPLIMIENTO DE LAS OBLIGACIONES RESPECTO DE LA GESTION DEL COBRO DE DEL CREDITO POR PARTE DE LAS EMPRESAS DISTRIBUIDORAS DE GAS POR CUENTA Y ORDEN DEL ESTADO NACIONAL - PERIODO 29 DE DICIEMBRE DE 1992 - 31 DE AGOSTO DE 2000, EN EL AMBITO DE GAS DEL ESTADO (EL).","('0080-S-2004', 1)":null,"('0080-S-2004', 2)":null,"('0080-S-2004', 3)":null},"('Firmantes', 'FIRMANTE')":{"('0080-S-2004', 0)":"PARLAMENTARIA MIXTA REVISORA DE CUENTAS","('0080-S-2004', 1)":null,"('0080-S-2004', 2)":null,"('0080-S-2004', 3)":null},"('Firmantes', 'DISTRITO')":{"('0080-S-2004', 0)":null,"('0080-S-2004', 1)":null,"('0080-S-2004', 2)":null,"('0080-S-2004', 3)":null},"('Firmantes', 'BLOQUE')":{"('0080-S-2004', 0)":null,"('0080-S-2004', 1)":null,"('0080-S-2004', 2)":null,"('0080-S-2004', 3)":null},"('Giros', 'COMISI\u00d3N')":{"('0080-S-2004', 0)":"PARLAMENTARIA MIXTA REVISORA DE CUENTAS","('0080-S-2004', 1)":null,"('0080-S-2004', 2)":null,"('0080-S-2004', 3)":null},"('Tramites', 'C\u00c1MARA')":{"('0080-S-2004', 0)":"Senado","('0080-S-2004', 1)":"Diputados","('0080-S-2004', 2)":"Diputados","('0080-S-2004', 3)":"Diputados"},"('Tramites', 'MOVIMIENTO')":{"('0080-S-2004', 0)":"CONSIDERACION Y APROBACION","('0080-S-2004', 1)":"PASA A DIPUTADOS -","('0080-S-2004', 2)":"CONSIDERACION Y APROBACION","('0080-S-2004', 3)":"CONTESTACION DEL PODER EJECUTIVO NACIONAL - JEFE DE GABINETE DE MINISTROS - GIRADO A LA COMISION RESPECTIVA"},"('Tramites', 'FECHA')":{"('0080-S-2004', 0)":"04\/08\/2004","('0080-S-2004', 1)":null,"('0080-S-2004', 2)":"22\/09\/2004","('0080-S-2004', 3)":"06\/04\/2005"},"('Tramites', 'RESULTADO')":{"('0080-S-2004', 0)":"APROBADO","('0080-S-2004', 1)":null,"('0080-S-2004', 2)":"APROBADO","('0080-S-2004', 3)":null},"Link":{"('0080-S-2004', 0)":"http:\/\/www.senado.gov.ar\/parlamentario\/comisiones\/verExp\/153.02\/OV\/PR","('0080-S-2004', 1)":null,"('0080-S-2004', 2)":null,"('0080-S-2004', 3)":null},"Palabra Clave":{"('0080-S-2004', 0)":" ","('0080-S-2004', 1)":null,"('0080-S-2004', 2)":null,"('0080-S-2004', 3)":null}}