{"Tipo de Proyecto":{"('0082-S-2004', 0)":"MENSAJE NRO: 0606\/04 Y PROYECTO DE LEY","('0082-S-2004', 1)":null,"('0082-S-2004', 2)":null,"('0082-S-2004', 3)":null},"Iniciado en: ":{"('0082-S-2004', 0)":"Senado","('0082-S-2004', 1)":null,"('0082-S-2004', 2)":null,"('0082-S-2004', 3)":null},"Expediente Diputados: ":{"('0082-S-2004', 0)":"0082-S-2004","('0082-S-2004', 1)":null,"('0082-S-2004', 2)":null,"('0082-S-2004', 3)":null},"Expediente Senado: ":{"('0082-S-2004', 0)":"0175-PE-2004","('0082-S-2004', 1)":null,"('0082-S-2004', 2)":null,"('0082-S-2004', 3)":null},"Publicado en: ":{"('0082-S-2004', 0)":"Diario de Asuntos Entrados N\u00b0 89","('0082-S-2004', 1)":null,"('0082-S-2004', 2)":null,"('0082-S-2004', 3)":null},"Fecha: ":{"('0082-S-2004', 0)":"17\/05\/2004","('0082-S-2004', 1)":null,"('0082-S-2004', 2)":null,"('0082-S-2004', 3)":null},"T\u00edtulo":{"('0082-S-2004', 0)":"MODIFICACION DEL ARTICULO 301 DEL CODIGO PENAL RESPECTO DE LAS PENAS PARA EL DELITO DE \"VACIAMIENTO DE EMPRESAS\" . ","('0082-S-2004', 1)":null,"('0082-S-2004', 2)":null,"('0082-S-2004', 3)":null},"('Firmantes', 'FIRMANTE')":{"('0082-S-2004', 0)":"KIRCHNER, NESTOR CARLOS","('0082-S-2004', 1)":"FERNANDEZ, ALBERTO","('0082-S-2004', 2)":"BELIZ, GUSTAVO","('0082-S-2004', 3)":null},"('Firmantes', 'DISTRITO')":{"('0082-S-2004', 0)":null,"('0082-S-2004', 1)":null,"('0082-S-2004', 2)":null,"('0082-S-2004', 3)":null},"('Firmantes', 'BLOQUE')":{"('0082-S-2004', 0)":"PODER EJECUTIVO","('0082-S-2004', 1)":"PODER EJECUTIVO","('0082-S-2004', 2)":"PODER EJECUTIVO","('0082-S-2004', 3)":null},"('Giros', 'COMISI\u00d3N')":{"('0082-S-2004', 0)":"LEGISLACION PENAL","('0082-S-2004', 1)":null,"('0082-S-2004', 2)":null,"('0082-S-2004', 3)":null},"('Tramites', 'C\u00c1MARA')":{"('0082-S-2004', 0)":"Senado","('0082-S-2004', 1)":"Diputados","('0082-S-2004', 2)":"Diputados","('0082-S-2004', 3)":"Senado"},"('Tramites', 'MOVIMIENTO')":{"('0082-S-2004', 0)":"CONSIDERACION Y APROBACION","('0082-S-2004', 1)":"PASA A DIPUTADOS -","('0082-S-2004', 2)":"CONSIDERACION Y APROBACION","('0082-S-2004', 3)":"VUELVE A SENADO -"},"('Tramites', 'FECHA')":{"('0082-S-2004', 0)":"04\/08\/2004","('0082-S-2004', 1)":null,"('0082-S-2004', 2)":"03\/11\/2004","('0082-S-2004', 3)":null},"('Tramites', 'RESULTADO')":{"('0082-S-2004', 0)":"MEDIA SANCION","('0082-S-2004', 1)":null,"('0082-S-2004', 2)":"MEDIA SANCION","('0082-S-2004', 3)":null},"Link":{"('0082-S-2004', 0)":"http:\/\/www.senado.gov.ar\/web\/proyectos\/verExpe.php?origen=PE&nro_comision=&tipo=PL&numexp=175\/04&tConsulta=5","('0082-S-2004', 1)":null,"('0082-S-2004', 2)":null,"('0082-S-2004', 3)":null},"Palabra Clave":{"('0082-S-2004', 0)":" ","('0082-S-2004', 1)":null,"('0082-S-2004', 2)":null,"('0082-S-2004', 3)":null}}