{"Tipo de Proyecto":{"('0084-S-2004', 0)":"MENSAJE NRO: 0607\/04 Y PROYECTO DE LEY","('0084-S-2004', 1)":null,"('0084-S-2004', 2)":null,"('0084-S-2004', 3)":null,"('0084-S-2004', 4)":null,"('0084-S-2004', 5)":null,"('0084-S-2004', 6)":null},"Iniciado en: ":{"('0084-S-2004', 0)":"Senado","('0084-S-2004', 1)":null,"('0084-S-2004', 2)":null,"('0084-S-2004', 3)":null,"('0084-S-2004', 4)":null,"('0084-S-2004', 5)":null,"('0084-S-2004', 6)":null},"Expediente Diputados: ":{"('0084-S-2004', 0)":"0084-S-2004","('0084-S-2004', 1)":null,"('0084-S-2004', 2)":null,"('0084-S-2004', 3)":null,"('0084-S-2004', 4)":null,"('0084-S-2004', 5)":null,"('0084-S-2004', 6)":null},"Expediente Senado: ":{"('0084-S-2004', 0)":"0176-PE-2004","('0084-S-2004', 1)":null,"('0084-S-2004', 2)":null,"('0084-S-2004', 3)":null,"('0084-S-2004', 4)":null,"('0084-S-2004', 5)":null,"('0084-S-2004', 6)":null},"Publicado en: ":{"('0084-S-2004', 0)":"Diario de Asuntos Entrados N\u00b0 89","('0084-S-2004', 1)":null,"('0084-S-2004', 2)":null,"('0084-S-2004', 3)":null,"('0084-S-2004', 4)":null,"('0084-S-2004', 5)":null,"('0084-S-2004', 6)":null},"Fecha: ":{"('0084-S-2004', 0)":"17\/05\/2004","('0084-S-2004', 1)":null,"('0084-S-2004', 2)":null,"('0084-S-2004', 3)":null,"('0084-S-2004', 4)":null,"('0084-S-2004', 5)":null,"('0084-S-2004', 6)":null},"T\u00edtulo":{"('0084-S-2004', 0)":"MODIFICACION DE DIVERSOS ARTICULOS DEL CODIGO PENAL Y DEL CODIGO PROCESAL PENAL RESPECTO AL OTORGAMIENTO A LA AUTORIDAD JUDICIAL DE LA POSIBILIDAD DE UTILIZAR CRITERIOS DE OPORTUNIDAD PARA LA TRANSFORMACION DE LA ACCION PUBLICA EN PRIVADA . ","('0084-S-2004', 1)":null,"('0084-S-2004', 2)":null,"('0084-S-2004', 3)":null,"('0084-S-2004', 4)":null,"('0084-S-2004', 5)":null,"('0084-S-2004', 6)":null},"('Firmantes', 'FIRMANTE')":{"('0084-S-2004', 0)":"KIRCHNER, NESTOR CARLOS","('0084-S-2004', 1)":"FERNANDEZ, ALBERTO","('0084-S-2004', 2)":"BELIZ, GUSTAVO","('0084-S-2004', 3)":null,"('0084-S-2004', 4)":null,"('0084-S-2004', 5)":null,"('0084-S-2004', 6)":null},"('Firmantes', 'DISTRITO')":{"('0084-S-2004', 0)":null,"('0084-S-2004', 1)":null,"('0084-S-2004', 2)":null,"('0084-S-2004', 3)":null,"('0084-S-2004', 4)":null,"('0084-S-2004', 5)":null,"('0084-S-2004', 6)":null},"('Firmantes', 'BLOQUE')":{"('0084-S-2004', 0)":"PODER EJECUTIVO","('0084-S-2004', 1)":"PODER EJECUTIVO","('0084-S-2004', 2)":"PODER EJECUTIVO","('0084-S-2004', 3)":null,"('0084-S-2004', 4)":null,"('0084-S-2004', 5)":null,"('0084-S-2004', 6)":null},"('Giros', 'COMISI\u00d3N')":{"('0084-S-2004', 0)":"LEGISLACION PENAL","('0084-S-2004', 1)":"JUSTICIA","('0084-S-2004', 2)":null,"('0084-S-2004', 3)":null,"('0084-S-2004', 4)":null,"('0084-S-2004', 5)":null,"('0084-S-2004', 6)":null},"('Tramites', 'C\u00c1MARA')":{"('0084-S-2004', 0)":"Senado","('0084-S-2004', 1)":"Senado","('0084-S-2004', 2)":"Diputados","('0084-S-2004', 3)":"Diputados","('0084-S-2004', 4)":"Diputados","('0084-S-2004', 5)":"Diputados","('0084-S-2004', 6)":"Diputados"},"('Tramites', 'MOVIMIENTO')":{"('0084-S-2004', 0)":"MOCION SOBRE TABLAS (AFIRMATIVA) CONJUNTAMENTE PARA LOS EXPEDIENTES 0048-S-2004, 0084-S-2004 y 0176-PE-2004","('0084-S-2004', 1)":"CONSIDERACION Y APROBACION CONJUNTAMENTE PARA LOS EXPEDIENTES 0048-S-2004, 0084-S-2004 y 0176-PE-2004","('0084-S-2004', 2)":"PASA A DIPUTADOS - CONJUNTAMENTE PARA LOS EXPEDIENTES 0048-S-2004, 0084-S-2004 y 0176-PE-2004","('0084-S-2004', 3)":"RESOLUCION DE PRESIDENCIA - AMPLIACION DE GIRO A LA COMISION DE JUSTICIA.","('0084-S-2004', 4)":"MOCION DE PREFERENCIA PARA LA PROXIMA SESION CON DICTAMEN (AFIRMATIVA)","('0084-S-2004', 5)":"MOCION DE PREFERENCIA PARA LA PROXIMA SESION CON DICTAMEN (AFIRMATIVA)","('0084-S-2004', 6)":"MOCION DE PREFERENCIA PARA LA PROXIMA SESION CON DICTAMEN (AFIRMATIVA)"},"('Tramites', 'FECHA')":{"('0084-S-2004', 0)":"04\/08\/2004","('0084-S-2004', 1)":"04\/08\/2004","('0084-S-2004', 2)":null,"('0084-S-2004', 3)":"08\/09\/2004","('0084-S-2004', 4)":"11\/10\/2006","('0084-S-2004', 5)":"25\/10\/2006","('0084-S-2004', 6)":"08\/11\/2006"},"('Tramites', 'RESULTADO')":{"('0084-S-2004', 0)":null,"('0084-S-2004', 1)":"MEDIA SANCION","('0084-S-2004', 2)":null,"('0084-S-2004', 3)":null,"('0084-S-2004', 4)":null,"('0084-S-2004', 5)":null,"('0084-S-2004', 6)":null},"Link":{"('0084-S-2004', 0)":"http:\/\/www.senado.gov.ar\/web\/proyectos\/verExpe.php?origen=PE&nro_comision=&tipo=PL&numexp=176\/04&tConsulta=5","('0084-S-2004', 1)":null,"('0084-S-2004', 2)":null,"('0084-S-2004', 3)":null,"('0084-S-2004', 4)":null,"('0084-S-2004', 5)":null,"('0084-S-2004', 6)":null},"Palabra Clave":{"('0084-S-2004', 0)":" ","('0084-S-2004', 1)":null,"('0084-S-2004', 2)":null,"('0084-S-2004', 3)":null,"('0084-S-2004', 4)":null,"('0084-S-2004', 5)":null,"('0084-S-2004', 6)":null}}