{"Tipo de Proyecto":{"('0086-PE-2004', 0)":"MENSAJE NRO: 1901\/04","('0086-PE-2004', 1)":null,"('0086-PE-2004', 2)":null},"Iniciado en: ":{"('0086-PE-2004', 0)":"Diputados","('0086-PE-2004', 1)":null,"('0086-PE-2004', 2)":null},"Expediente Diputados: ":{"('0086-PE-2004', 0)":"0086-PE-2004","('0086-PE-2004', 1)":null,"('0086-PE-2004', 2)":null},"Publicado en: ":{"('0086-PE-2004', 0)":"Tr\u00e1mite Parlamentario N\u00b0 203","('0086-PE-2004', 1)":null,"('0086-PE-2004', 2)":null},"Fecha: ":{"('0086-PE-2004', 0)":"30\/12\/2004","('0086-PE-2004', 1)":null,"('0086-PE-2004', 2)":null},"T\u00edtulo":{"('0086-PE-2004', 0)":"COMUNICACION DEL DECRETO 1900\/04, POR EL CUAL SE PRORROGA LA VIGENCIA DE LA LEY 25819, DE INSCRIPCION DE NACIMIENTOS DE LOS MENORES DE 10 A\u00d1OS, POR UN A\u00d1O A PARTIR DEL 3 DE DICIEMBRE DE 2004 Y SE MODIFICA EL ARTICULO 2, SOBRE LAS PERSONAS OBLIGADAS A SOLICITAR LA INSCRIPCION DEL NACIMIENTO.","('0086-PE-2004', 1)":null,"('0086-PE-2004', 2)":null},"('Firmantes', 'FIRMANTE')":{"('0086-PE-2004', 0)":"KIRCHNER, NESTOR CARLOS","('0086-PE-2004', 1)":"FERNANDEZ, ALBERTO","('0086-PE-2004', 2)":"FERNANDEZ, ANIBAL"},"('Firmantes', 'DISTRITO')":{"('0086-PE-2004', 0)":null,"('0086-PE-2004', 1)":null,"('0086-PE-2004', 2)":null},"('Firmantes', 'BLOQUE')":{"('0086-PE-2004', 0)":"PODER EJECUTIVO","('0086-PE-2004', 1)":"PODER EJECUTIVO","('0086-PE-2004', 2)":"PODER EJECUTIVO"},"('Giros', 'COMISI\u00d3N')":{"('0086-PE-2004', 0)":"LEGISLACION GENERAL","('0086-PE-2004', 1)":"POBLACION Y DESARROLLO HUMANO","('0086-PE-2004', 2)":null},"Palabra Clave":{"('0086-PE-2004', 0)":" ","('0086-PE-2004', 1)":null,"('0086-PE-2004', 2)":null}}