{"Tipo de Proyecto":{"('0086-S-2004', 0)":"MENSAJE NRO: 0543\/04 Y PROYECTO DE LEY","('0086-S-2004', 1)":null,"('0086-S-2004', 2)":null,"('0086-S-2004', 3)":null},"Iniciado en: ":{"('0086-S-2004', 0)":"Senado","('0086-S-2004', 1)":null,"('0086-S-2004', 2)":null,"('0086-S-2004', 3)":null},"Expediente Diputados: ":{"('0086-S-2004', 0)":"0086-S-2004","('0086-S-2004', 1)":null,"('0086-S-2004', 2)":null,"('0086-S-2004', 3)":null},"Expediente Senado: ":{"('0086-S-2004', 0)":"0151-PE-2004","('0086-S-2004', 1)":null,"('0086-S-2004', 2)":null,"('0086-S-2004', 3)":null},"Publicado en: ":{"('0086-S-2004', 0)":"Diario de Asuntos Entrados N\u00b0 75","('0086-S-2004', 1)":null,"('0086-S-2004', 2)":null,"('0086-S-2004', 3)":null},"Fecha: ":{"('0086-S-2004', 0)":"04\/05\/2004","('0086-S-2004', 1)":null,"('0086-S-2004', 2)":null,"('0086-S-2004', 3)":null},"T\u00edtulo":{"('0086-S-2004', 0)":"APROBACION DEL SEGUNDO PROTOCOLO ADICIONAL AL CONVENIO DE MIGRACION ENTRE LA REPUBLICA ARGENTINA Y LA REPUBLICA DE BOLIVIA, SUSCRIPTO EN BUENOS AIRES EL 12\/12\/2003.","('0086-S-2004', 1)":null,"('0086-S-2004', 2)":null,"('0086-S-2004', 3)":null},"('Firmantes', 'FIRMANTE')":{"('0086-S-2004', 0)":"KIRCHNER, NESTOR CARLOS","('0086-S-2004', 1)":"FERNANDEZ, ALBERTO","('0086-S-2004', 2)":"BIELSA, RAFAEL","('0086-S-2004', 3)":null},"('Firmantes', 'DISTRITO')":{"('0086-S-2004', 0)":null,"('0086-S-2004', 1)":null,"('0086-S-2004', 2)":null,"('0086-S-2004', 3)":null},"('Firmantes', 'BLOQUE')":{"('0086-S-2004', 0)":"PODER EJECUTIVO","('0086-S-2004', 1)":"PODER EJECUTIVO","('0086-S-2004', 2)":"PODER EJECUTIVO","('0086-S-2004', 3)":null},"('Giros', 'COMISI\u00d3N')":{"('0086-S-2004', 0)":"RELACIONES EXTERIORES Y CULTO","('0086-S-2004', 1)":"POBLACION Y RECURSOS HUMANOS","('0086-S-2004', 2)":null,"('0086-S-2004', 3)":null},"('Tramites', 'C\u00c1MARA')":{"('0086-S-2004', 0)":"Senado","('0086-S-2004', 1)":"Diputados","('0086-S-2004', 2)":"Diputados","('0086-S-2004', 3)":"Diputados"},"('Tramites', 'MOVIMIENTO')":{"('0086-S-2004', 0)":"CONSIDERACION Y APROBACION","('0086-S-2004', 1)":"PASA A DIPUTADOS -","('0086-S-2004', 2)":"MOCION SOBRE TABLAS (AFIRMATIVA)","('0086-S-2004', 3)":"CONSIDERACION Y SANCION"},"('Tramites', 'FECHA')":{"('0086-S-2004', 0)":"04\/08\/2004","('0086-S-2004', 1)":null,"('0086-S-2004', 2)":"05\/04\/2006","('0086-S-2004', 3)":"05\/04\/2006"},"('Tramites', 'RESULTADO')":{"('0086-S-2004', 0)":"MEDIA SANCION","('0086-S-2004', 1)":null,"('0086-S-2004', 2)":null,"('0086-S-2004', 3)":"SANCIONADO"},"Link":{"('0086-S-2004', 0)":"http:\/\/www.senado.gov.ar\/web\/proyectos\/verExpe.php?origen=PE&nro_comision=&tipo=PL&numexp=151\/04&tConsulta=5","('0086-S-2004', 1)":null,"('0086-S-2004', 2)":null,"('0086-S-2004', 3)":null},"Palabra Clave":{"('0086-S-2004', 0)":" ","('0086-S-2004', 1)":null,"('0086-S-2004', 2)":null,"('0086-S-2004', 3)":null}}