{"Tipo de Proyecto":{"('0088-S-2004', 0)":"COMUNICACION","('0088-S-2004', 1)":null},"Iniciado en: ":{"('0088-S-2004', 0)":"Senado","('0088-S-2004', 1)":null},"Expediente Senado: ":{"('0088-S-2004', 0)":"0088-S-2004","('0088-S-2004', 1)":null},"Publicado en: ":{"('0088-S-2004', 0)":"Diario de Asuntos Entrados N\u00b0 6","('0088-S-2004', 1)":null},"Fecha: ":{"('0088-S-2004', 0)":"02\/03\/2004","('0088-S-2004', 1)":null},"T\u00edtulo":{"('0088-S-2004', 0)":"SOLICITAR AL PODER EJECUTIVO RESTITUYA EN EL PRESUPUESTO DEL A\u00d1O 2005 LAS PARTIDAS CON DESTINO A LA UNIVERSIDAD NACIONAL DE LA RIOJA (UNLAR).","('0088-S-2004', 1)":null},"('Firmantes', 'FIRMANTE')":{"('0088-S-2004', 0)":"MAZA, ADA MERCEDES","('0088-S-2004', 1)":null},"('Firmantes', 'DISTRITO')":{"('0088-S-2004', 0)":"LA RIOJA","('0088-S-2004', 1)":null},"('Firmantes', 'BLOQUE')":{"('0088-S-2004', 0)":"JUSTICIALISTA","('0088-S-2004', 1)":null},"('Tramites', 'C\u00c1MARA')":{"('0088-S-2004', 0)":"Senado","('0088-S-2004', 1)":"Senado"},"('Tramites', 'MOVIMIENTO')":{"('0088-S-2004', 0)":"CONSIDERACION Y APROBACION","('0088-S-2004', 1)":"CONTESTACION DEL PODER EJECUTIVO NACIONAL - GIRADO A LA COMISION RESPECTIVA"},"('Tramites', 'FECHA')":{"('0088-S-2004', 0)":"14\/04\/2004","('0088-S-2004', 1)":null},"('Tramites', 'RESULTADO')":{"('0088-S-2004', 0)":"APROBADO","('0088-S-2004', 1)":null},"Link":{"('0088-S-2004', 0)":"http:\/\/www.senado.gov.ar\/parlamentario\/comisiones\/verExp\/88.04\/S\/PC","('0088-S-2004', 1)":null},"Palabra Clave":{"('0088-S-2004', 0)":" ","('0088-S-2004', 1)":null}}