{"Tipo de Proyecto":{"('0089-S-2004', 0)":"PROYECTO DE DECLARACI\u00d3N"},"Iniciado en: ":{"('0089-S-2004', 0)":"Senado"},"Expediente Senado: ":{"('0089-S-2004', 0)":"0089-S-2004"},"Publicado en: ":{"('0089-S-2004', 0)":"Diario de Asuntos Entrados N\u00b0 6"},"Fecha: ":{"('0089-S-2004', 0)":"02\/03\/2004"},"T\u00edtulo":{"('0089-S-2004', 0)":"EXPRESAR SATISFACCION POR LA NUEVA ESTACION METEOROLOGICA NACIONAL EN LA CIUDAD DE VILLA ANGELA, PROVINCIA DEL CHACO."},"('Firmantes', 'FIRMANTE')":{"('0089-S-2004', 0)":"CURLETTI, MIRIAM BELEN"},"('Firmantes', 'DISTRITO')":{"('0089-S-2004', 0)":"CHACO"},"('Firmantes', 'BLOQUE')":{"('0089-S-2004', 0)":"UCR"},"('Tramites', 'C\u00c1MARA')":{"('0089-S-2004', 0)":"Senado"},"('Tramites', 'MOVIMIENTO')":{"('0089-S-2004', 0)":"CONSIDERACION Y APROBACION"},"('Tramites', 'FECHA')":{"('0089-S-2004', 0)":"14\/04\/2004"},"('Tramites', 'RESULTADO')":{"('0089-S-2004', 0)":"APROBADO"},"Link":{"('0089-S-2004', 0)":"http:\/\/www.senado.gov.ar\/parlamentario\/comisiones\/verExp\/89.04\/S\/PD"},"Palabra Clave":{"('0089-S-2004', 0)":" "}}