{"Tipo de Proyecto":{"('0089-PE-2004', 0)":"MENSAJE NRO: 1957\/04","('0089-PE-2004', 1)":null,"('0089-PE-2004', 2)":null},"Iniciado en: ":{"('0089-PE-2004', 0)":"Diputados","('0089-PE-2004', 1)":null,"('0089-PE-2004', 2)":null},"Expediente Diputados: ":{"('0089-PE-2004', 0)":"0089-PE-2004","('0089-PE-2004', 1)":null,"('0089-PE-2004', 2)":null},"Publicado en: ":{"('0089-PE-2004', 0)":"Tr\u00e1mite Parlamentario N\u00b0 203","('0089-PE-2004', 1)":null,"('0089-PE-2004', 2)":null},"Fecha: ":{"('0089-PE-2004', 0)":"30\/12\/2004","('0089-PE-2004', 1)":null,"('0089-PE-2004', 2)":null},"T\u00edtulo":{"('0089-PE-2004', 0)":"COMUNICACION DEL DECRETO 1956\/04 POR EL QUE SE MODIFICA EL PRESUPUESTO DE LA ADMINISTRACION NACIONAL 2004, CON EL FIN DE ATENDER AMPLIACIONES FINANCIERAS DEL ESTADO MAYOR GENERAL DE LA ARMADA.","('0089-PE-2004', 1)":null,"('0089-PE-2004', 2)":null},"('Firmantes', 'FIRMANTE')":{"('0089-PE-2004', 0)":"KIRCHNER, NESTOR CARLOS","('0089-PE-2004', 1)":"FERNANDEZ, ALBERTO","('0089-PE-2004', 2)":"PAMPURO, JOSE JUAN BAUTISTA"},"('Firmantes', 'DISTRITO')":{"('0089-PE-2004', 0)":null,"('0089-PE-2004', 1)":null,"('0089-PE-2004', 2)":null},"('Firmantes', 'BLOQUE')":{"('0089-PE-2004', 0)":"PODER EJECUTIVO","('0089-PE-2004', 1)":"PODER EJECUTIVO","('0089-PE-2004', 2)":"PODER EJECUTIVO"},"('Giros', 'COMISI\u00d3N')":{"('0089-PE-2004', 0)":"BICAMERAL PERMANENTE DE TRAMITE LEGISLATIVO - LEY 26122","('0089-PE-2004', 1)":null,"('0089-PE-2004', 2)":null},"('Tramites', 'C\u00c1MARA')":{"('0089-PE-2004', 0)":"Diputados","('0089-PE-2004', 1)":"Diputados","('0089-PE-2004', 2)":null},"('Tramites', 'MOVIMIENTO')":{"('0089-PE-2004', 0)":"SOLICITUD DEL PRESIDENTE DE LA COMISION BICAMERAL PERMANENTE DE TRAMITE LEGISLATIVO (LEY 26122) DE REMISION DEL EXPEDIENTE PARA SU ANALISIS (A LA PRESIDENCIA)","('0089-PE-2004', 1)":"EXPEDIENTE ORIGINALMENTE GIRADO A LA COMISION DE PRESUPUESTO Y HACIENDA; SE LO REMITE A LA COMISION BICAMERAL DE TRAMITE LEGISLATIVO (LEY 26122)","('0089-PE-2004', 2)":null},"('Tramites', 'FECHA')":{"('0089-PE-2004', 0)":"14\/03\/2007","('0089-PE-2004', 1)":null,"('0089-PE-2004', 2)":null},"('Tramites', 'RESULTADO')":{"('0089-PE-2004', 0)":null,"('0089-PE-2004', 1)":null,"('0089-PE-2004', 2)":null},"Palabra Clave":{"('0089-PE-2004', 0)":" ","('0089-PE-2004', 1)":null,"('0089-PE-2004', 2)":null}}