{"Tipo de Proyecto":{"('0091-PE-2004', 0)":"MENSAJE NRO: 1967\/04","('0091-PE-2004', 1)":null,"('0091-PE-2004', 2)":null},"Iniciado en: ":{"('0091-PE-2004', 0)":"Diputados","('0091-PE-2004', 1)":null,"('0091-PE-2004', 2)":null},"Expediente Diputados: ":{"('0091-PE-2004', 0)":"0091-PE-2004","('0091-PE-2004', 1)":null,"('0091-PE-2004', 2)":null},"Publicado en: ":{"('0091-PE-2004', 0)":"Tr\u00e1mite Parlamentario N\u00b0 203","('0091-PE-2004', 1)":null,"('0091-PE-2004', 2)":null},"Fecha: ":{"('0091-PE-2004', 0)":"30\/12\/2004","('0091-PE-2004', 1)":null,"('0091-PE-2004', 2)":null},"T\u00edtulo":{"('0091-PE-2004', 0)":"COMUNICACION DEL DECRETO 1966\/04, POR EL CUAL SE OBSERVA EN SU TOTALIDAD EL PROYECTO DE LEY 25978, SOBRE TRANSFERENCIA A TITULO GRATUITO DE UN INMUEBLE A FAVOR DE LA FACULTAD REGIONAL TUCUMAN DE LA UNIVERSIDAD TECNOLOGICA NACIONAL.","('0091-PE-2004', 1)":null,"('0091-PE-2004', 2)":null},"('Firmantes', 'FIRMANTE')":{"('0091-PE-2004', 0)":"KIRCHNER, NESTOR CARLOS","('0091-PE-2004', 1)":"FERNANDEZ, ALBERTO","('0091-PE-2004', 2)":"DE VIDO, JULIO"},"('Firmantes', 'DISTRITO')":{"('0091-PE-2004', 0)":null,"('0091-PE-2004', 1)":null,"('0091-PE-2004', 2)":null},"('Firmantes', 'BLOQUE')":{"('0091-PE-2004', 0)":"PODER EJECUTIVO","('0091-PE-2004', 1)":"PODER EJECUTIVO","('0091-PE-2004', 2)":"PODER EJECUTIVO"},"('Giros', 'COMISI\u00d3N')":{"('0091-PE-2004', 0)":"LEGISLACION GENERAL","('0091-PE-2004', 1)":"EDUCACION","('0091-PE-2004', 2)":null},"Palabra Clave":{"('0091-PE-2004', 0)":" ","('0091-PE-2004', 1)":null,"('0091-PE-2004', 2)":null}}