{"Tipo de Proyecto":{"('0092-S-2004', 0)":"PROYECTO DE LEY","('0092-S-2004', 1)":null,"('0092-S-2004', 2)":null,"('0092-S-2004', 3)":null,"('0092-S-2004', 4)":null,"('0092-S-2004', 5)":null,"('0092-S-2004', 6)":null,"('0092-S-2004', 7)":null,"('0092-S-2004', 8)":null,"('0092-S-2004', 9)":null,"('0092-S-2004', 10)":null},"Iniciado en: ":{"('0092-S-2004', 0)":"Senado","('0092-S-2004', 1)":null,"('0092-S-2004', 2)":null,"('0092-S-2004', 3)":null,"('0092-S-2004', 4)":null,"('0092-S-2004', 5)":null,"('0092-S-2004', 6)":null,"('0092-S-2004', 7)":null,"('0092-S-2004', 8)":null,"('0092-S-2004', 9)":null,"('0092-S-2004', 10)":null},"Expediente Diputados: ":{"('0092-S-2004', 0)":"0092-S-2004","('0092-S-2004', 1)":null,"('0092-S-2004', 2)":null,"('0092-S-2004', 3)":null,"('0092-S-2004', 4)":null,"('0092-S-2004', 5)":null,"('0092-S-2004', 6)":null,"('0092-S-2004', 7)":null,"('0092-S-2004', 8)":null,"('0092-S-2004', 9)":null,"('0092-S-2004', 10)":null},"Expediente Senado: ":{"('0092-S-2004', 0)":"0109-S-2004","('0092-S-2004', 1)":null,"('0092-S-2004', 2)":null,"('0092-S-2004', 3)":null,"('0092-S-2004', 4)":null,"('0092-S-2004', 5)":null,"('0092-S-2004', 6)":null,"('0092-S-2004', 7)":null,"('0092-S-2004', 8)":null,"('0092-S-2004', 9)":null,"('0092-S-2004', 10)":null},"Publicado en: ":{"('0092-S-2004', 0)":"Diario de Asuntos Entrados N\u00b0 8","('0092-S-2004', 1)":null,"('0092-S-2004', 2)":null,"('0092-S-2004', 3)":null,"('0092-S-2004', 4)":null,"('0092-S-2004', 5)":null,"('0092-S-2004', 6)":null,"('0092-S-2004', 7)":null,"('0092-S-2004', 8)":null,"('0092-S-2004', 9)":null,"('0092-S-2004', 10)":null},"Fecha: ":{"('0092-S-2004', 0)":"02\/03\/2004","('0092-S-2004', 1)":null,"('0092-S-2004', 2)":null,"('0092-S-2004', 3)":null,"('0092-S-2004', 4)":null,"('0092-S-2004', 5)":null,"('0092-S-2004', 6)":null,"('0092-S-2004', 7)":null,"('0092-S-2004', 8)":null,"('0092-S-2004', 9)":null,"('0092-S-2004', 10)":null},"T\u00edtulo":{"('0092-S-2004', 0)":"MODIFICACION DEL ARTICULO 1 DE LA LEY 20774 (PROMOCION DE PERSONAL DE FUERZAS DE SEGURIDAD), SOBRE LA INCLUSION DE LA GENDARMERIA NACIONAL EN LA PROMOCION DEL PERSONAL INCAPACITADO EN Y POR ACTO DE SERVICIO.","('0092-S-2004', 1)":null,"('0092-S-2004', 2)":null,"('0092-S-2004', 3)":null,"('0092-S-2004', 4)":null,"('0092-S-2004', 5)":null,"('0092-S-2004', 6)":null,"('0092-S-2004', 7)":null,"('0092-S-2004', 8)":null,"('0092-S-2004', 9)":null,"('0092-S-2004', 10)":null},"('Firmantes', 'FIRMANTE')":{"('0092-S-2004', 0)":"GALLIA, SERGIO ADRIAN","('0092-S-2004', 1)":"ZAVALIA, JOSE LUIS","('0092-S-2004', 2)":"DANIELE, MARIO DOMINGO","('0092-S-2004', 3)":"MERA, MARIO RUBEN","('0092-S-2004', 4)":"JENEFES, GUILLERMO RAUL","('0092-S-2004', 5)":"ESCUDERO, SONIA MARGARITA","('0092-S-2004', 6)":"SAADI, RAMON EDUARDO","('0092-S-2004', 7)":"MAZA, ADA MERCEDES","('0092-S-2004', 8)":"PICHETTO, MIGUEL ANGEL","('0092-S-2004', 9)":"OVIEDO, MERCEDES MARGARITA","('0092-S-2004', 10)":"AGUNDEZ, JORGE ALFREDO"},"('Firmantes', 'DISTRITO')":{"('0092-S-2004', 0)":"NEUQUEN","('0092-S-2004', 1)":"SANTIAGO DEL ESTERO","('0092-S-2004', 2)":"TIERRA DEL FUEGO","('0092-S-2004', 3)":"SANTIAGO DEL ESTERO","('0092-S-2004', 4)":"JUJUY","('0092-S-2004', 5)":"SALTA","('0092-S-2004', 6)":"CATAMARCA","('0092-S-2004', 7)":"LA RIOJA","('0092-S-2004', 8)":"RIO NEGRO","('0092-S-2004', 9)":"MISIONES","('0092-S-2004', 10)":"SAN LUIS"},"('Firmantes', 'BLOQUE')":{"('0092-S-2004', 0)":"JUSTICIALISTA","('0092-S-2004', 1)":"UCR","('0092-S-2004', 2)":"JUSTICIALISTA","('0092-S-2004', 3)":"JUSTICIALISTA","('0092-S-2004', 4)":"JUSTICIALISTA","('0092-S-2004', 5)":"JUSTICIALISTA","('0092-S-2004', 6)":"JUSTICIALISTA","('0092-S-2004', 7)":"JUSTICIALISTA","('0092-S-2004', 8)":"JUSTICIALISTA","('0092-S-2004', 9)":"JUSTICIALISTA","('0092-S-2004', 10)":"UCR"},"('Giros', 'COMISI\u00d3N')":{"('0092-S-2004', 0)":"SEGURIDAD INTERIOR","('0092-S-2004', 1)":"PRESUPUESTO Y HACIENDA","('0092-S-2004', 2)":null,"('0092-S-2004', 3)":null,"('0092-S-2004', 4)":null,"('0092-S-2004', 5)":null,"('0092-S-2004', 6)":null,"('0092-S-2004', 7)":null,"('0092-S-2004', 8)":null,"('0092-S-2004', 9)":null,"('0092-S-2004', 10)":null},"('Tramites', 'C\u00c1MARA')":{"('0092-S-2004', 0)":"Senado","('0092-S-2004', 1)":"Diputados","('0092-S-2004', 2)":null,"('0092-S-2004', 3)":null,"('0092-S-2004', 4)":null,"('0092-S-2004', 5)":null,"('0092-S-2004', 6)":null,"('0092-S-2004', 7)":null,"('0092-S-2004', 8)":null,"('0092-S-2004', 9)":null,"('0092-S-2004', 10)":null},"('Tramites', 'MOVIMIENTO')":{"('0092-S-2004', 0)":"CONSIDERACION Y APROBACION","('0092-S-2004', 1)":"PASA A DIPUTADOS - (TP 117)","('0092-S-2004', 2)":null,"('0092-S-2004', 3)":null,"('0092-S-2004', 4)":null,"('0092-S-2004', 5)":null,"('0092-S-2004', 6)":null,"('0092-S-2004', 7)":null,"('0092-S-2004', 8)":null,"('0092-S-2004', 9)":null,"('0092-S-2004', 10)":null},"('Tramites', 'FECHA')":{"('0092-S-2004', 0)":"18\/08\/2004","('0092-S-2004', 1)":null,"('0092-S-2004', 2)":null,"('0092-S-2004', 3)":null,"('0092-S-2004', 4)":null,"('0092-S-2004', 5)":null,"('0092-S-2004', 6)":null,"('0092-S-2004', 7)":null,"('0092-S-2004', 8)":null,"('0092-S-2004', 9)":null,"('0092-S-2004', 10)":null},"('Tramites', 'RESULTADO')":{"('0092-S-2004', 0)":"MEDIA SANCION","('0092-S-2004', 1)":null,"('0092-S-2004', 2)":null,"('0092-S-2004', 3)":null,"('0092-S-2004', 4)":null,"('0092-S-2004', 5)":null,"('0092-S-2004', 6)":null,"('0092-S-2004', 7)":null,"('0092-S-2004', 8)":null,"('0092-S-2004', 9)":null,"('0092-S-2004', 10)":null},"Link":{"('0092-S-2004', 0)":"http:\/\/www.senado.gov.ar\/parlamentario\/comisiones\/verExp\/109.04\/S\/PL","('0092-S-2004', 1)":null,"('0092-S-2004', 2)":null,"('0092-S-2004', 3)":null,"('0092-S-2004', 4)":null,"('0092-S-2004', 5)":null,"('0092-S-2004', 6)":null,"('0092-S-2004', 7)":null,"('0092-S-2004', 8)":null,"('0092-S-2004', 9)":null,"('0092-S-2004', 10)":null},"Palabra Clave":{"('0092-S-2004', 0)":" ","('0092-S-2004', 1)":null,"('0092-S-2004', 2)":null,"('0092-S-2004', 3)":null,"('0092-S-2004', 4)":null,"('0092-S-2004', 5)":null,"('0092-S-2004', 6)":null,"('0092-S-2004', 7)":null,"('0092-S-2004', 8)":null,"('0092-S-2004', 9)":null,"('0092-S-2004', 10)":null}}