{"Tipo de Proyecto":{"('0093-S-2004', 0)":"PROYECTO DE LEY","('0093-S-2004', 1)":null,"('0093-S-2004', 2)":null,"('0093-S-2004', 3)":null,"('0093-S-2004', 4)":null,"('0093-S-2004', 5)":null,"('0093-S-2004', 6)":null,"('0093-S-2004', 7)":null,"('0093-S-2004', 8)":null,"('0093-S-2004', 9)":null,"('0093-S-2004', 10)":null,"('0093-S-2004', 11)":null},"Iniciado en: ":{"('0093-S-2004', 0)":"Senado","('0093-S-2004', 1)":null,"('0093-S-2004', 2)":null,"('0093-S-2004', 3)":null,"('0093-S-2004', 4)":null,"('0093-S-2004', 5)":null,"('0093-S-2004', 6)":null,"('0093-S-2004', 7)":null,"('0093-S-2004', 8)":null,"('0093-S-2004', 9)":null,"('0093-S-2004', 10)":null,"('0093-S-2004', 11)":null},"Expediente Diputados: ":{"('0093-S-2004', 0)":"0093-S-2004","('0093-S-2004', 1)":null,"('0093-S-2004', 2)":null,"('0093-S-2004', 3)":null,"('0093-S-2004', 4)":null,"('0093-S-2004', 5)":null,"('0093-S-2004', 6)":null,"('0093-S-2004', 7)":null,"('0093-S-2004', 8)":null,"('0093-S-2004', 9)":null,"('0093-S-2004', 10)":null,"('0093-S-2004', 11)":null},"Expediente Senado: ":{"('0093-S-2004', 0)":"0880-S-2004","('0093-S-2004', 1)":null,"('0093-S-2004', 2)":null,"('0093-S-2004', 3)":null,"('0093-S-2004', 4)":null,"('0093-S-2004', 5)":null,"('0093-S-2004', 6)":null,"('0093-S-2004', 7)":null,"('0093-S-2004', 8)":null,"('0093-S-2004', 9)":null,"('0093-S-2004', 10)":null,"('0093-S-2004', 11)":null},"Publicado en: ":{"('0093-S-2004', 0)":"Diario de Asuntos Entrados N\u00b0 55","('0093-S-2004', 1)":null,"('0093-S-2004', 2)":null,"('0093-S-2004', 3)":null,"('0093-S-2004', 4)":null,"('0093-S-2004', 5)":null,"('0093-S-2004', 6)":null,"('0093-S-2004', 7)":null,"('0093-S-2004', 8)":null,"('0093-S-2004', 9)":null,"('0093-S-2004', 10)":null,"('0093-S-2004', 11)":null},"Fecha: ":{"('0093-S-2004', 0)":"13\/04\/2004","('0093-S-2004', 1)":null,"('0093-S-2004', 2)":null,"('0093-S-2004', 3)":null,"('0093-S-2004', 4)":null,"('0093-S-2004', 5)":null,"('0093-S-2004', 6)":null,"('0093-S-2004', 7)":null,"('0093-S-2004', 8)":null,"('0093-S-2004', 9)":null,"('0093-S-2004', 10)":null,"('0093-S-2004', 11)":null},"T\u00edtulo":{"('0093-S-2004', 0)":"DECLARAR DE INTERES NACIONAL LA CONSTRUCCION DEL FERROCARRIL TRASANDINO DEL SUR.","('0093-S-2004', 1)":null,"('0093-S-2004', 2)":null,"('0093-S-2004', 3)":null,"('0093-S-2004', 4)":null,"('0093-S-2004', 5)":null,"('0093-S-2004', 6)":null,"('0093-S-2004', 7)":null,"('0093-S-2004', 8)":null,"('0093-S-2004', 9)":null,"('0093-S-2004', 10)":null,"('0093-S-2004', 11)":null},"('Firmantes', 'FIRMANTE')":{"('0093-S-2004', 0)":"SALVATORI, PEDRO","('0093-S-2004', 1)":"GOMEZ DIEZ, RICARDO","('0093-S-2004', 2)":"GIUSTINIANI, RUBEN HECTOR","('0093-S-2004', 3)":"ISIDORI, AMANDA","('0093-S-2004', 4)":"PINCHETTI DE SIERRA MORALES, DELIA","('0093-S-2004', 5)":"CURLETTI, MIRIAM BELEN","('0093-S-2004', 6)":"SANZ, ERNESTO RICARDO","('0093-S-2004', 7)":"PRADES, CARLOS","('0093-S-2004', 8)":"ROSSI, CARLOS ALBERTO","('0093-S-2004', 9)":"AVELIN, NANCY BARBARITA","('0093-S-2004', 10)":"MASSONI, NORBERTO","('0093-S-2004', 11)":"BUSSI, RICARDO ARGENTINO"},"('Firmantes', 'DISTRITO')":{"('0093-S-2004', 0)":"NEUQUEN","('0093-S-2004', 1)":"SALTA","('0093-S-2004', 2)":"SANTA FE","('0093-S-2004', 3)":"RIO NEGRO","('0093-S-2004', 4)":"TUCUMAN","('0093-S-2004', 5)":"CHACO","('0093-S-2004', 6)":"MENDOZA","('0093-S-2004', 7)":"SANTA CRUZ","('0093-S-2004', 8)":"CORDOBA","('0093-S-2004', 9)":"SAN JUAN","('0093-S-2004', 10)":"CHUBUT","('0093-S-2004', 11)":"TUCUMAN"},"('Firmantes', 'BLOQUE')":{"('0093-S-2004', 0)":"MOV POP NEUQUINO","('0093-S-2004', 1)":"RENOVADOR","('0093-S-2004', 2)":"PARTIDO SOCIALISTA","('0093-S-2004', 3)":"UCR","('0093-S-2004', 4)":"FZA REPUBLICANA","('0093-S-2004', 5)":"UCR","('0093-S-2004', 6)":"UCR","('0093-S-2004', 7)":"UCR","('0093-S-2004', 8)":"VECINALISTA - PARTIDO NUEVO","('0093-S-2004', 9)":"CRUZADA RENOV","('0093-S-2004', 10)":"UCR","('0093-S-2004', 11)":"FZA REPUBLICANA"},"('Giros', 'COMISI\u00d3N')":{"('0093-S-2004', 0)":"TRANSPORTES","('0093-S-2004', 1)":"OBRAS PUBLICAS","('0093-S-2004', 2)":"RELACIONES EXTERIORES Y CULTO","('0093-S-2004', 3)":"PRESUPUESTO Y HACIENDA","('0093-S-2004', 4)":null,"('0093-S-2004', 5)":null,"('0093-S-2004', 6)":null,"('0093-S-2004', 7)":null,"('0093-S-2004', 8)":null,"('0093-S-2004', 9)":null,"('0093-S-2004', 10)":null,"('0093-S-2004', 11)":null},"('Tramites', 'C\u00c1MARA')":{"('0093-S-2004', 0)":"Senado","('0093-S-2004', 1)":"Senado","('0093-S-2004', 2)":"Diputados","('0093-S-2004', 3)":null,"('0093-S-2004', 4)":null,"('0093-S-2004', 5)":null,"('0093-S-2004', 6)":null,"('0093-S-2004', 7)":null,"('0093-S-2004', 8)":null,"('0093-S-2004', 9)":null,"('0093-S-2004', 10)":null,"('0093-S-2004', 11)":null},"('Tramites', 'MOVIMIENTO')":{"('0093-S-2004', 0)":"CONSIDERACION Y APROBACION","('0093-S-2004', 1)":"INSERCION","('0093-S-2004', 2)":"PASA A DIPUTADOS - (TP 117)","('0093-S-2004', 3)":null,"('0093-S-2004', 4)":null,"('0093-S-2004', 5)":null,"('0093-S-2004', 6)":null,"('0093-S-2004', 7)":null,"('0093-S-2004', 8)":null,"('0093-S-2004', 9)":null,"('0093-S-2004', 10)":null,"('0093-S-2004', 11)":null},"('Tramites', 'FECHA')":{"('0093-S-2004', 0)":"18\/08\/2004","('0093-S-2004', 1)":"18\/08\/2004","('0093-S-2004', 2)":null,"('0093-S-2004', 3)":null,"('0093-S-2004', 4)":null,"('0093-S-2004', 5)":null,"('0093-S-2004', 6)":null,"('0093-S-2004', 7)":null,"('0093-S-2004', 8)":null,"('0093-S-2004', 9)":null,"('0093-S-2004', 10)":null,"('0093-S-2004', 11)":null},"('Tramites', 'RESULTADO')":{"('0093-S-2004', 0)":"MEDIA SANCION","('0093-S-2004', 1)":null,"('0093-S-2004', 2)":null,"('0093-S-2004', 3)":null,"('0093-S-2004', 4)":null,"('0093-S-2004', 5)":null,"('0093-S-2004', 6)":null,"('0093-S-2004', 7)":null,"('0093-S-2004', 8)":null,"('0093-S-2004', 9)":null,"('0093-S-2004', 10)":null,"('0093-S-2004', 11)":null},"Sumario":{"('0093-S-2004', 0)":"A TRAVES DE LA EJECUCION DE LAS OBRAS DE PROLONGACION DE LA VIA FERREA DESDE LA PUNTA DE RIEL ZAPATA (PROVINCIA DE NEUQUEN) HASTA EL LIMITE CON LA REPUBLICA DE CHILE, SIGUIENDO LA TRAZA MAS CONVENIENTE Y A TRAVES DEL PASO CORDILLERANO DE MALLIN CHILENO;  INCORPORACION DE PARRAFO AL ARTICULO SEGUNDO DE LA LEY 23253.","('0093-S-2004', 1)":null,"('0093-S-2004', 2)":null,"('0093-S-2004', 3)":null,"('0093-S-2004', 4)":null,"('0093-S-2004', 5)":null,"('0093-S-2004', 6)":null,"('0093-S-2004', 7)":null,"('0093-S-2004', 8)":null,"('0093-S-2004', 9)":null,"('0093-S-2004', 10)":null,"('0093-S-2004', 11)":null},"Palabra Clave":{"('0093-S-2004', 0)":" ","('0093-S-2004', 1)":null,"('0093-S-2004', 2)":null,"('0093-S-2004', 3)":null,"('0093-S-2004', 4)":null,"('0093-S-2004', 5)":null,"('0093-S-2004', 6)":null,"('0093-S-2004', 7)":null,"('0093-S-2004', 8)":null,"('0093-S-2004', 9)":null,"('0093-S-2004', 10)":null,"('0093-S-2004', 11)":null}}