{"Tipo de Proyecto":{"('0095-S-2004', 0)":"COMUNICACION","('0095-S-2004', 1)":null,"('0095-S-2004', 2)":null,"('0095-S-2004', 3)":null,"('0095-S-2004', 4)":null,"('0095-S-2004', 5)":null,"('0095-S-2004', 6)":null,"('0095-S-2004', 7)":null,"('0095-S-2004', 8)":null,"('0095-S-2004', 9)":null},"Iniciado en: ":{"('0095-S-2004', 0)":"Senado","('0095-S-2004', 1)":null,"('0095-S-2004', 2)":null,"('0095-S-2004', 3)":null,"('0095-S-2004', 4)":null,"('0095-S-2004', 5)":null,"('0095-S-2004', 6)":null,"('0095-S-2004', 7)":null,"('0095-S-2004', 8)":null,"('0095-S-2004', 9)":null},"Expediente Senado: ":{"('0095-S-2004', 0)":"0095-S-2004","('0095-S-2004', 1)":null,"('0095-S-2004', 2)":null,"('0095-S-2004', 3)":null,"('0095-S-2004', 4)":null,"('0095-S-2004', 5)":null,"('0095-S-2004', 6)":null,"('0095-S-2004', 7)":null,"('0095-S-2004', 8)":null,"('0095-S-2004', 9)":null},"Publicado en: ":{"('0095-S-2004', 0)":"Diario de Asuntos Entrados N\u00b0 7","('0095-S-2004', 1)":null,"('0095-S-2004', 2)":null,"('0095-S-2004', 3)":null,"('0095-S-2004', 4)":null,"('0095-S-2004', 5)":null,"('0095-S-2004', 6)":null,"('0095-S-2004', 7)":null,"('0095-S-2004', 8)":null,"('0095-S-2004', 9)":null},"Fecha: ":{"('0095-S-2004', 0)":"02\/03\/2004","('0095-S-2004', 1)":null,"('0095-S-2004', 2)":null,"('0095-S-2004', 3)":null,"('0095-S-2004', 4)":null,"('0095-S-2004', 5)":null,"('0095-S-2004', 6)":null,"('0095-S-2004', 7)":null,"('0095-S-2004', 8)":null,"('0095-S-2004', 9)":null},"T\u00edtulo":{"('0095-S-2004', 0)":"PEDIDO DE INFORMES AL PODER EJECUTIVO SOBRE EL MONTO DE LAS PARTIDAS QUE SE HAN GIRADO HASTA LA FECHA, A CADA UNA DE LAS PROVINCIAS, PARA CUBRIR PLANES DE SALUD, DESARROLLO SOCIAL E INFRAESTRUCTURA.","('0095-S-2004', 1)":null,"('0095-S-2004', 2)":null,"('0095-S-2004', 3)":null,"('0095-S-2004', 4)":null,"('0095-S-2004', 5)":null,"('0095-S-2004', 6)":null,"('0095-S-2004', 7)":null,"('0095-S-2004', 8)":null,"('0095-S-2004', 9)":null},"('Firmantes', 'FIRMANTE')":{"('0095-S-2004', 0)":"LOSADA, MARIO A.","('0095-S-2004', 1)":"TAFFAREL, RICARDO CESAR","('0095-S-2004', 2)":"MARINO, JUAN CARLOS","('0095-S-2004', 3)":"MASTANDREA, ALICIA ESTER","('0095-S-2004', 4)":"CAPOS, LILIANA","('0095-S-2004', 5)":"PRADES, CARLOS","('0095-S-2004', 6)":"AGUNDEZ, JORGE ALFREDO","('0095-S-2004', 7)":"ZAVALIA, JOSE LUIS","('0095-S-2004', 8)":"SANCHEZ, MARIA DORA","('0095-S-2004', 9)":"SANZ, ERNESTO RICARDO"},"('Firmantes', 'DISTRITO')":{"('0095-S-2004', 0)":"MISIONES","('0095-S-2004', 1)":"ENTRE RIOS","('0095-S-2004', 2)":"LA PAMPA","('0095-S-2004', 3)":"CHACO","('0095-S-2004', 4)":"TIERRA DEL FUEGO","('0095-S-2004', 5)":"SANTA CRUZ","('0095-S-2004', 6)":"SAN LUIS","('0095-S-2004', 7)":"SANTIAGO DEL ESTERO","('0095-S-2004', 8)":"CORRIENTES","('0095-S-2004', 9)":"MENDOZA"},"('Firmantes', 'BLOQUE')":{"('0095-S-2004', 0)":"UCR","('0095-S-2004', 1)":"UCR","('0095-S-2004', 2)":"UCR","('0095-S-2004', 3)":"UCR","('0095-S-2004', 4)":"UCR","('0095-S-2004', 5)":"UCR","('0095-S-2004', 6)":"UCR","('0095-S-2004', 7)":"UCR","('0095-S-2004', 8)":"UCR","('0095-S-2004', 9)":"UCR"},"('Tramites', 'C\u00c1MARA')":{"('0095-S-2004', 0)":"Senado","('0095-S-2004', 1)":"Senado","('0095-S-2004', 2)":null,"('0095-S-2004', 3)":null,"('0095-S-2004', 4)":null,"('0095-S-2004', 5)":null,"('0095-S-2004', 6)":null,"('0095-S-2004', 7)":null,"('0095-S-2004', 8)":null,"('0095-S-2004', 9)":null},"('Tramites', 'MOVIMIENTO')":{"('0095-S-2004', 0)":"APROBACION ARTICULO 106, PARRAFO 3 DEL REGLAMENTO DEL H SENADO","('0095-S-2004', 1)":"CONTESTACION DEL PODER EJECUTIVO NACIONAL - GIRADO A LA COMISION RESPECTIVA","('0095-S-2004', 2)":null,"('0095-S-2004', 3)":null,"('0095-S-2004', 4)":null,"('0095-S-2004', 5)":null,"('0095-S-2004', 6)":null,"('0095-S-2004', 7)":null,"('0095-S-2004', 8)":null,"('0095-S-2004', 9)":null},"('Tramites', 'FECHA')":{"('0095-S-2004', 0)":"14\/04\/2004","('0095-S-2004', 1)":null,"('0095-S-2004', 2)":null,"('0095-S-2004', 3)":null,"('0095-S-2004', 4)":null,"('0095-S-2004', 5)":null,"('0095-S-2004', 6)":null,"('0095-S-2004', 7)":null,"('0095-S-2004', 8)":null,"('0095-S-2004', 9)":null},"('Tramites', 'RESULTADO')":{"('0095-S-2004', 0)":"APROBADO","('0095-S-2004', 1)":null,"('0095-S-2004', 2)":null,"('0095-S-2004', 3)":null,"('0095-S-2004', 4)":null,"('0095-S-2004', 5)":null,"('0095-S-2004', 6)":null,"('0095-S-2004', 7)":null,"('0095-S-2004', 8)":null,"('0095-S-2004', 9)":null},"Link":{"('0095-S-2004', 0)":"http:\/\/www.senado.gov.ar\/parlamentario\/comisiones\/verExp\/95.04\/S\/PC","('0095-S-2004', 1)":null,"('0095-S-2004', 2)":null,"('0095-S-2004', 3)":null,"('0095-S-2004', 4)":null,"('0095-S-2004', 5)":null,"('0095-S-2004', 6)":null,"('0095-S-2004', 7)":null,"('0095-S-2004', 8)":null,"('0095-S-2004', 9)":null},"Palabra Clave":{"('0095-S-2004', 0)":" ","('0095-S-2004', 1)":null,"('0095-S-2004', 2)":null,"('0095-S-2004', 3)":null,"('0095-S-2004', 4)":null,"('0095-S-2004', 5)":null,"('0095-S-2004', 6)":null,"('0095-S-2004', 7)":null,"('0095-S-2004', 8)":null,"('0095-S-2004', 9)":null}}