{"Tipo de Proyecto":{"('0096-PE-2004', 0)":"MENSAJE NRO: 2010\/04","('0096-PE-2004', 1)":null,"('0096-PE-2004', 2)":null},"Iniciado en: ":{"('0096-PE-2004', 0)":"Diputados","('0096-PE-2004', 1)":null,"('0096-PE-2004', 2)":null},"Expediente Diputados: ":{"('0096-PE-2004', 0)":"0096-PE-2004","('0096-PE-2004', 1)":null,"('0096-PE-2004', 2)":null},"Publicado en: ":{"('0096-PE-2004', 0)":"Tr\u00e1mite Parlamentario N\u00b0 204","('0096-PE-2004', 1)":null,"('0096-PE-2004', 2)":null},"Fecha: ":{"('0096-PE-2004', 0)":"07\/01\/2005","('0096-PE-2004', 1)":null,"('0096-PE-2004', 2)":null},"T\u00edtulo":{"('0096-PE-2004', 0)":"COMUNICACION DEL DECRETO 2009\/04, MEDIANTE EL CUAL SE PRORROGA LA VIGENCIA DE LOS BENEFICIOS PREVISTOS EN EL DECRETO 1297\/2000 HASTA EL 31 DE DICIEMBRE DE 2007, PARA PROYECTOS INDUSTRIALES.","('0096-PE-2004', 1)":null,"('0096-PE-2004', 2)":null},"('Firmantes', 'FIRMANTE')":{"('0096-PE-2004', 0)":"KIRCHNER, NESTOR CARLOS","('0096-PE-2004', 1)":"FERNANDEZ, ALBERTO","('0096-PE-2004', 2)":"LAVAGNA, ROBERTO"},"('Firmantes', 'DISTRITO')":{"('0096-PE-2004', 0)":null,"('0096-PE-2004', 1)":null,"('0096-PE-2004', 2)":null},"('Firmantes', 'BLOQUE')":{"('0096-PE-2004', 0)":"PODER EJECUTIVO","('0096-PE-2004', 1)":"PODER EJECUTIVO","('0096-PE-2004', 2)":"PODER EJECUTIVO"},"('Giros', 'COMISI\u00d3N')":{"('0096-PE-2004', 0)":"BICAMERAL PERMANENTE DE TRAMITE LEGISLATIVO - LEY 26122","('0096-PE-2004', 1)":null,"('0096-PE-2004', 2)":null},"('Tramites', 'C\u00c1MARA')":{"('0096-PE-2004', 0)":"Diputados","('0096-PE-2004', 1)":"Diputados","('0096-PE-2004', 2)":null},"('Tramites', 'MOVIMIENTO')":{"('0096-PE-2004', 0)":"SOLICITUD DEL PRESIDENTE DE LA COMISION BICAMERAL PERMANENTE DE TRAMITE LEGISLATIVO (LEY 26122) DE REMISION DEL EXPEDIENTE PARA SU ANALISIS (A LA PRESIDENCIA)","('0096-PE-2004', 1)":"EXPEDIENTE ORIGINALMENTE GIRADO A LA COMISION DE ECONOMIAS Y DESARROLLO REGIONAL; SE LO REMITE A LA COMISION BICAMERAL DE TRAMITE LEGISLATIVO (LEY 26122)","('0096-PE-2004', 2)":null},"('Tramites', 'FECHA')":{"('0096-PE-2004', 0)":"14\/03\/2007","('0096-PE-2004', 1)":null,"('0096-PE-2004', 2)":null},"('Tramites', 'RESULTADO')":{"('0096-PE-2004', 0)":null,"('0096-PE-2004', 1)":null,"('0096-PE-2004', 2)":null},"Palabra Clave":{"('0096-PE-2004', 0)":" ","('0096-PE-2004', 1)":null,"('0096-PE-2004', 2)":null}}