{"Tipo de Proyecto":{"('0097-PE-2004', 0)":"MENSAJE NRO: 2012\/04","('0097-PE-2004', 1)":null,"('0097-PE-2004', 2)":null},"Iniciado en: ":{"('0097-PE-2004', 0)":"Diputados","('0097-PE-2004', 1)":null,"('0097-PE-2004', 2)":null},"Expediente Diputados: ":{"('0097-PE-2004', 0)":"0097-PE-2004","('0097-PE-2004', 1)":null,"('0097-PE-2004', 2)":null},"Publicado en: ":{"('0097-PE-2004', 0)":"Tr\u00e1mite Parlamentario N\u00b0 204","('0097-PE-2004', 1)":null,"('0097-PE-2004', 2)":null},"Fecha: ":{"('0097-PE-2004', 0)":"07\/01\/2005","('0097-PE-2004', 1)":null,"('0097-PE-2004', 2)":null},"T\u00edtulo":{"('0097-PE-2004', 0)":"COMUNICACION DEL DECRETO 2011\/04 POR EL CUAL SE OBSERVA PARCIALMENTE Y SE PROMULGA EL PROYECTO DE LEY 25989, SOBRE REGIMEN ESPECIAL PARA LA DONACION DE ALIMENTOS EN BUEN ESTADO.","('0097-PE-2004', 1)":null,"('0097-PE-2004', 2)":null},"('Firmantes', 'FIRMANTE')":{"('0097-PE-2004', 0)":"KIRCHNER, NESTOR CARLOS","('0097-PE-2004', 1)":"FERNANDEZ, ALBERTO","('0097-PE-2004', 2)":"LAVAGNA, ROBERTO"},"('Firmantes', 'DISTRITO')":{"('0097-PE-2004', 0)":null,"('0097-PE-2004', 1)":null,"('0097-PE-2004', 2)":null},"('Firmantes', 'BLOQUE')":{"('0097-PE-2004', 0)":"PODER EJECUTIVO","('0097-PE-2004', 1)":"PODER EJECUTIVO","('0097-PE-2004', 2)":"PODER EJECUTIVO"},"('Giros', 'COMISI\u00d3N')":{"('0097-PE-2004', 0)":"ACCION SOCIAL Y SALUD PUBLICA","('0097-PE-2004', 1)":"LEGISLACION GENERAL","('0097-PE-2004', 2)":null},"Palabra Clave":{"('0097-PE-2004', 0)":" ","('0097-PE-2004', 1)":null,"('0097-PE-2004', 2)":null}}