{"Tipo de Proyecto":{"('0098-S-2004', 0)":"PROYECTO DE DECLARACI\u00d3N","('0098-S-2004', 1)":null},"Iniciado en: ":{"('0098-S-2004', 0)":"Senado","('0098-S-2004', 1)":null},"Expediente Senado: ":{"('0098-S-2004', 0)":"0098-S-2004","('0098-S-2004', 1)":null},"Publicado en: ":{"('0098-S-2004', 0)":"Diario de Asuntos Entrados N\u00b0 7","('0098-S-2004', 1)":null},"Fecha: ":{"('0098-S-2004', 0)":"02\/03\/2004","('0098-S-2004', 1)":null},"T\u00edtulo":{"('0098-S-2004', 0)":"DECLARAR DE INTERES PARLAMENTARIO EL CONGRESO NACIONAL DE PRODUCTORES DE YERBA MATE A REALIZARSE EN JARDIN AMERICA, PROVINCIA DE MISIONES EL 2 DE ABRIL DE 2004.","('0098-S-2004', 1)":null},"('Firmantes', 'FIRMANTE')":{"('0098-S-2004', 0)":"LOSADA, MARIO A.","('0098-S-2004', 1)":null},"('Firmantes', 'DISTRITO')":{"('0098-S-2004', 0)":"MISIONES","('0098-S-2004', 1)":null},"('Firmantes', 'BLOQUE')":{"('0098-S-2004', 0)":"UCR","('0098-S-2004', 1)":null},"('Tramites', 'C\u00c1MARA')":{"('0098-S-2004', 0)":"Senado","('0098-S-2004', 1)":"Senado"},"('Tramites', 'MOVIMIENTO')":{"('0098-S-2004', 0)":"MOCION SOBRE TABLAS (AFIRMATIVA)","('0098-S-2004', 1)":"CONSIDERACION Y APROBACION"},"('Tramites', 'FECHA')":{"('0098-S-2004', 0)":"18\/03\/2004","('0098-S-2004', 1)":"18\/03\/2004"},"('Tramites', 'RESULTADO')":{"('0098-S-2004', 0)":null,"('0098-S-2004', 1)":"APROBADO"},"Link":{"('0098-S-2004', 0)":"http:\/\/www.senado.gov.ar\/parlamentario\/comisiones\/verExp\/98.04\/S\/PD","('0098-S-2004', 1)":null},"Palabra Clave":{"('0098-S-2004', 0)":" ","('0098-S-2004', 1)":null}}