{"Tipo de Proyecto":{"('0098-PE-2004', 0)":"MENSAJE NRO: 2018\/04","('0098-PE-2004', 1)":null,"('0098-PE-2004', 2)":null},"Iniciado en: ":{"('0098-PE-2004', 0)":"Diputados","('0098-PE-2004', 1)":null,"('0098-PE-2004', 2)":null},"Expediente Diputados: ":{"('0098-PE-2004', 0)":"0098-PE-2004","('0098-PE-2004', 1)":null,"('0098-PE-2004', 2)":null},"Publicado en: ":{"('0098-PE-2004', 0)":"Tr\u00e1mite Parlamentario N\u00b0 204","('0098-PE-2004', 1)":null,"('0098-PE-2004', 2)":null},"Fecha: ":{"('0098-PE-2004', 0)":"07\/01\/2005","('0098-PE-2004', 1)":null,"('0098-PE-2004', 2)":null},"T\u00edtulo":{"('0098-PE-2004', 0)":"COMUNICACION DEL DECRETO 2015\/04 POR EL CUAL SE OBSERVA EN SU TOTALIDAD Y SE DEVUELVE EL PROYECTO DE LEY 25993, SOBRE MODIFICACION DE LA LEY DE IMPUESTOS INTERNOS (TEXTO SEGUN LEY 24674 Y SUS MODIFICATORIAS), QUE EXCLUYE A LAS CHAMPA\u00d1AS DE ENTRE LOS BIENES ALCANZADOS POR DICHO GRAVAMEN.","('0098-PE-2004', 1)":null,"('0098-PE-2004', 2)":null},"('Firmantes', 'FIRMANTE')":{"('0098-PE-2004', 0)":"KIRCHNER, NESTOR CARLOS","('0098-PE-2004', 1)":"FERNANDEZ, ALBERTO","('0098-PE-2004', 2)":"LAVAGNA, ROBERTO"},"('Firmantes', 'DISTRITO')":{"('0098-PE-2004', 0)":null,"('0098-PE-2004', 1)":null,"('0098-PE-2004', 2)":null},"('Firmantes', 'BLOQUE')":{"('0098-PE-2004', 0)":"PODER EJECUTIVO","('0098-PE-2004', 1)":"PODER EJECUTIVO","('0098-PE-2004', 2)":"PODER EJECUTIVO"},"('Giros', 'COMISI\u00d3N')":{"('0098-PE-2004', 0)":"PRESUPUESTO Y HACIENDA","('0098-PE-2004', 1)":null,"('0098-PE-2004', 2)":null},"Palabra Clave":{"('0098-PE-2004', 0)":" ","('0098-PE-2004', 1)":null,"('0098-PE-2004', 2)":null}}