{"Tipo de Proyecto":{"('0099-S-2004', 0)":"PROYECTO DE LEY","('0099-S-2004', 1)":null,"('0099-S-2004', 2)":null},"Iniciado en: ":{"('0099-S-2004', 0)":"Senado","('0099-S-2004', 1)":null,"('0099-S-2004', 2)":null},"Expediente Diputados: ":{"('0099-S-2004', 0)":"0099-S-2004","('0099-S-2004', 1)":null,"('0099-S-2004', 2)":null},"Expediente Senado: ":{"('0099-S-2004', 0)":"0512-S-2004","('0099-S-2004', 1)":null,"('0099-S-2004', 2)":null},"Publicado en: ":{"('0099-S-2004', 0)":"Diario de Asuntos Entrados N\u00b0 35","('0099-S-2004', 1)":null,"('0099-S-2004', 2)":null},"Fecha: ":{"('0099-S-2004', 0)":"18\/03\/2004","('0099-S-2004', 1)":null,"('0099-S-2004', 2)":null},"T\u00edtulo":{"('0099-S-2004', 0)":"DECLARAR EL DIA 15 DE MARZO, DIA NACIONAL DE LOS DERECHOS DE CONSUMIDORES Y USUARIOS, EN CORRESPONDENCIA CON EL DIA MUNDIAL DE LOS DERECHOS DEL CONSUMIDOR.","('0099-S-2004', 1)":null,"('0099-S-2004', 2)":null},"('Firmantes', 'FIRMANTE')":{"('0099-S-2004', 0)":"CURLETTI, MIRIAM BELEN","('0099-S-2004', 1)":"TAFFAREL, RICARDO CESAR","('0099-S-2004', 2)":"CAPITANICH, JORGE"},"('Firmantes', 'DISTRITO')":{"('0099-S-2004', 0)":"CHACO","('0099-S-2004', 1)":"ENTRE RIOS","('0099-S-2004', 2)":"CHACO"},"('Firmantes', 'BLOQUE')":{"('0099-S-2004', 0)":"UCR","('0099-S-2004', 1)":"UCR","('0099-S-2004', 2)":"JUSTICIALISTA"},"('Giros', 'COMISI\u00d3N')":{"('0099-S-2004', 0)":"DEFENSA DEL CONSUMIDOR","('0099-S-2004', 1)":"LEGISLACION GENERAL","('0099-S-2004', 2)":null},"('Tramites', 'C\u00c1MARA')":{"('0099-S-2004', 0)":"Senado","('0099-S-2004', 1)":"Diputados","('0099-S-2004', 2)":"Diputados"},"('Tramites', 'MOVIMIENTO')":{"('0099-S-2004', 0)":"CONSIDERACION Y APROBACION","('0099-S-2004', 1)":"PASA A DIPUTADOS -","('0099-S-2004', 2)":"CONSIDERACION Y SANCION"},"('Tramites', 'FECHA')":{"('0099-S-2004', 0)":"25\/08\/2004","('0099-S-2004', 1)":null,"('0099-S-2004', 2)":"14\/12\/2006"},"('Tramites', 'RESULTADO')":{"('0099-S-2004', 0)":"MEDIA SANCION","('0099-S-2004', 1)":null,"('0099-S-2004', 2)":"SANCIONADO"},"Sumario":{"('0099-S-2004', 0)":"INCORPORACION AL CALENDARIO ESCOLAR EN TODOS SUS NIVELES; INVITACION A LOS ESTADOS PROVINCIALES Y A LA CIUDAD AUTONOMA DE BUENOS AIRES A ADHERIR A LA PRESENTE.","('0099-S-2004', 1)":null,"('0099-S-2004', 2)":null},"Palabra Clave":{"('0099-S-2004', 0)":" ","('0099-S-2004', 1)":null,"('0099-S-2004', 2)":null}}