{"Tipo de Proyecto":{"('0099-PE-2004', 0)":"MENSAJE NRO: 2018\/04","('0099-PE-2004', 1)":null,"('0099-PE-2004', 2)":null},"Iniciado en: ":{"('0099-PE-2004', 0)":"Diputados","('0099-PE-2004', 1)":null,"('0099-PE-2004', 2)":null},"Expediente Diputados: ":{"('0099-PE-2004', 0)":"0099-PE-2004","('0099-PE-2004', 1)":null,"('0099-PE-2004', 2)":null},"Publicado en: ":{"('0099-PE-2004', 0)":"Tr\u00e1mite Parlamentario N\u00b0 204","('0099-PE-2004', 1)":null,"('0099-PE-2004', 2)":null},"Fecha: ":{"('0099-PE-2004', 0)":"07\/01\/2005","('0099-PE-2004', 1)":null,"('0099-PE-2004', 2)":null},"T\u00edtulo":{"('0099-PE-2004', 0)":"COMUNICACION DEL DECRETO 2017\/04 POR EL CUAL SE OBSERVA PARCIALMENTE Y SE PROMULGA EL PROYECTO DE LEY 25994, SOBRE CREACION DE LA PRESTACION DE JUBILACION ANTICIPADA.","('0099-PE-2004', 1)":null,"('0099-PE-2004', 2)":null},"('Firmantes', 'FIRMANTE')":{"('0099-PE-2004', 0)":"KIRCHNER, NESTOR CARLOS","('0099-PE-2004', 1)":"FERNANDEZ, ALBERTO","('0099-PE-2004', 2)":"TOMADA, CARLOS"},"('Firmantes', 'DISTRITO')":{"('0099-PE-2004', 0)":null,"('0099-PE-2004', 1)":null,"('0099-PE-2004', 2)":null},"('Firmantes', 'BLOQUE')":{"('0099-PE-2004', 0)":"PODER EJECUTIVO","('0099-PE-2004', 1)":"PODER EJECUTIVO","('0099-PE-2004', 2)":"PODER EJECUTIVO"},"('Giros', 'COMISI\u00d3N')":{"('0099-PE-2004', 0)":"PREVISION Y SEGURIDAD SOCIAL","('0099-PE-2004', 1)":"PRESUPUESTO Y HACIENDA","('0099-PE-2004', 2)":null},"Palabra Clave":{"('0099-PE-2004', 0)":" ","('0099-PE-2004', 1)":null,"('0099-PE-2004', 2)":null}}