{"Tipo de Proyecto":{"('0102-PE-2004', 0)":"MENSAJE NRO: 0059\/05","('0102-PE-2004', 1)":null,"('0102-PE-2004', 2)":null},"Iniciado en: ":{"('0102-PE-2004', 0)":"Diputados","('0102-PE-2004', 1)":null,"('0102-PE-2004', 2)":null},"Expediente Diputados: ":{"('0102-PE-2004', 0)":"0102-PE-2004","('0102-PE-2004', 1)":null,"('0102-PE-2004', 2)":null},"Publicado en: ":{"('0102-PE-2004', 0)":"Tr\u00e1mite Parlamentario N\u00b0 204","('0102-PE-2004', 1)":null,"('0102-PE-2004', 2)":null},"Fecha: ":{"('0102-PE-2004', 0)":"31\/01\/2005","('0102-PE-2004', 1)":null,"('0102-PE-2004', 2)":null},"T\u00edtulo":{"('0102-PE-2004', 0)":"COMUNICACION DEL DECRETO 2051 DEL 31 DE DICIEMBRE DE 2004, POR EL QUE SE APRUEBA EL PLAN DE ACCION Y PRESUPUESTO DEL EJERCICIO 2004 DEL BANCO DE INVERSION Y COMERCIO EXTERIOR SOCIEDAD ANONIMA.","('0102-PE-2004', 1)":null,"('0102-PE-2004', 2)":null},"('Firmantes', 'FIRMANTE')":{"('0102-PE-2004', 0)":"KIRCHNER, NESTOR CARLOS","('0102-PE-2004', 1)":"FERNANDEZ, ALBERTO","('0102-PE-2004', 2)":"FERNANDEZ, ANIBAL"},"('Firmantes', 'DISTRITO')":{"('0102-PE-2004', 0)":null,"('0102-PE-2004', 1)":null,"('0102-PE-2004', 2)":null},"('Firmantes', 'BLOQUE')":{"('0102-PE-2004', 0)":"PODER EJECUTIVO","('0102-PE-2004', 1)":"PODER EJECUTIVO","('0102-PE-2004', 2)":"PODER EJECUTIVO"},"('Giros', 'COMISI\u00d3N')":{"('0102-PE-2004', 0)":"PRESUPUESTO Y HACIENDA","('0102-PE-2004', 1)":"FINANZAS","('0102-PE-2004', 2)":null},"Palabra Clave":{"('0102-PE-2004', 0)":" ","('0102-PE-2004', 1)":null,"('0102-PE-2004', 2)":null}}