{"Tipo de Proyecto":{"('0102-S-2004', 0)":"MENSAJE NRO: 0315\/04 Y PROYECTO DE LEY","('0102-S-2004', 1)":null,"('0102-S-2004', 2)":null},"Iniciado en: ":{"('0102-S-2004', 0)":"Senado","('0102-S-2004', 1)":null,"('0102-S-2004', 2)":null},"Expediente Diputados: ":{"('0102-S-2004', 0)":"0102-S-2004","('0102-S-2004', 1)":null,"('0102-S-2004', 2)":null},"Expediente Senado: ":{"('0102-S-2004', 0)":"0005-PE-2004","('0102-S-2004', 1)":null,"('0102-S-2004', 2)":null},"Publicado en: ":{"('0102-S-2004', 0)":"Diario de Asuntos Entrados N\u00b0 30","('0102-S-2004', 1)":null,"('0102-S-2004', 2)":null},"Fecha: ":{"('0102-S-2004', 0)":"15\/03\/2004","('0102-S-2004', 1)":null,"('0102-S-2004', 2)":null},"T\u00edtulo":{"('0102-S-2004', 0)":"APROBACION DEL ACUERDO DE ASISTENCIA JURIDICA MUTUA EN ASUNTOS PENALES ENTRE LOS ESTADOS PARTES DEL MERCOSUR, LA REPUBLICA DE BOLIVIA Y LA REPUBLICA DE CHILE, SUSCRIPTO EN BUENOS AIRES EL 18 DE FEBRERO DE 2002.","('0102-S-2004', 1)":null,"('0102-S-2004', 2)":null},"('Firmantes', 'FIRMANTE')":{"('0102-S-2004', 0)":"KIRCHNER, NESTOR CARLOS","('0102-S-2004', 1)":"FERNANDEZ, ALBERTO","('0102-S-2004', 2)":"BIELSA, RAFAEL"},"('Firmantes', 'DISTRITO')":{"('0102-S-2004', 0)":null,"('0102-S-2004', 1)":null,"('0102-S-2004', 2)":null},"('Firmantes', 'BLOQUE')":{"('0102-S-2004', 0)":"PODER EJECUTIVO","('0102-S-2004', 1)":"PODER EJECUTIVO","('0102-S-2004', 2)":"PODER EJECUTIVO"},"('Giros', 'COMISI\u00d3N')":{"('0102-S-2004', 0)":"RELACIONES EXTERIORES Y CULTO","('0102-S-2004', 1)":"MERCOSUR","('0102-S-2004', 2)":"LEGISLACION PENAL"},"('Tramites', 'C\u00c1MARA')":{"('0102-S-2004', 0)":"Senado","('0102-S-2004', 1)":"Diputados","('0102-S-2004', 2)":"Diputados"},"('Tramites', 'MOVIMIENTO')":{"('0102-S-2004', 0)":"CONSIDERACION Y APROBACION","('0102-S-2004', 1)":"PASA A DIPUTADOS -","('0102-S-2004', 2)":"CONSIDERACION Y SANCION"},"('Tramites', 'FECHA')":{"('0102-S-2004', 0)":"25\/08\/2004","('0102-S-2004', 1)":null,"('0102-S-2004', 2)":"16\/12\/2004"},"('Tramites', 'RESULTADO')":{"('0102-S-2004', 0)":"MEDIA SANCION","('0102-S-2004', 1)":null,"('0102-S-2004', 2)":"SANCIONADO"},"Link":{"('0102-S-2004', 0)":"http:\/\/www.senado.gov.ar\/web\/proyectos\/verExpe.php?origen=PE&nro_comision=&tipo=PL&numexp=5\/04&tConsulta=5","('0102-S-2004', 1)":null,"('0102-S-2004', 2)":null},"Palabra Clave":{"('0102-S-2004', 0)":" ","('0102-S-2004', 1)":null,"('0102-S-2004', 2)":null}}