{"Tipo de Proyecto":{"('0103-S-2004', 0)":"PROYECTO DE LEY"},"Iniciado en: ":{"('0103-S-2004', 0)":"Senado"},"Expediente Senado: ":{"('0103-S-2004', 0)":"0103-S-2004"},"Publicado en: ":{"('0103-S-2004', 0)":"Diario de Asuntos Entrados N\u00b0 8"},"Fecha: ":{"('0103-S-2004', 0)":"02\/03\/2004"},"T\u00edtulo":{"('0103-S-2004', 0)":"CREACION DEL SISTEMA FEDERAL DE COORDINACION FINANCIERA Y FISCAL (REPRODUCCION DEL EXPEDIENTE 2058-S-02)."},"('Firmantes', 'FIRMANTE')":{"('0103-S-2004', 0)":"ESCUDERO, SONIA MARGARITA"},"('Firmantes', 'DISTRITO')":{"('0103-S-2004', 0)":"SALTA"},"('Firmantes', 'BLOQUE')":{"('0103-S-2004', 0)":"JUSTICIALISTA"},"('Tramites', 'C\u00c1MARA')":{"('0103-S-2004', 0)":"Senado"},"('Tramites', 'MOVIMIENTO')":{"('0103-S-2004', 0)":"REPRODUCIDO POR EXPEDIENTE 0413-S-06"},"('Tramites', 'FECHA')":{"('0103-S-2004', 0)":null},"('Tramites', 'RESULTADO')":{"('0103-S-2004', 0)":null},"Sumario":{"('0103-S-2004', 0)":"OBJETO: ESTABLECER UN SISTEMA SIMPLIFICADO DE DISTRIBUCION DE RECURSOS TRIBUTADOS, REASIGNAR POTESTADES TRIBUTARIAS, REGIMEN DE TRANSPARENCIA DE INFORMACION FISCAL, COLABORACION Y COORDINACION DE LOS ORGANISMO DE RECAUDACION, NACIONALES, PROVINCIALES, MUNICIPALES Y DE LA CIUDAD DE BUENOS AIRES; GLOSARIO; ADHESION; VIGENCIA; CREACION DE LA COMISION FISCAL FEDERAL EN LOS TERMINOS DEL ARTICULO 75, INCISO 2 DE LA CONSTITUCION NACIONAL: FUNCIONES, ATRIBUCIONES Y PROCEDIMIENTO; COPARTICIPACION FEDERAL DE IMPUESTOS: MASA COPARTICIPABLE; DISTRIBUCION PRIMARIA Y SECUNDARIA; CLAUSULAS DE GARANTIAS; ELIMINACION DE TRANSFERENCIAS ESPECIFICAS; MECANISMOS ALTERNATIVOS AL PAGO DE IMPUESTO; REASIGNACION DE FUENTES TRIBUTARIAS; CREACION DEL FONDO FEDERAL DE IMPUESTOS; ARMONIZACION TRIBUTARIA; COORDINACION DEL CREDITO PUBLICO; LIMITACION A LA EMISION DE TITULOS PROVINCIALES; TRANSPARENCIA DE INFORMACION FISCAL; OBLIGACIONES EMERGENTES."},"Palabra Clave":{"('0103-S-2004', 0)":" "}}