{"Tipo de Proyecto":{"('0104-S-2004', 0)":"PROYECTO DE LEY","('0104-S-2004', 1)":null,"('0104-S-2004', 2)":null},"Iniciado en: ":{"('0104-S-2004', 0)":"Senado","('0104-S-2004', 1)":null,"('0104-S-2004', 2)":null},"Expediente Diputados: ":{"('0104-S-2004', 0)":"0104-S-2004","('0104-S-2004', 1)":null,"('0104-S-2004', 2)":null},"Expediente Senado: ":{"('0104-S-2004', 0)":"0946-S-2004","('0104-S-2004', 1)":null,"('0104-S-2004', 2)":null},"Publicado en: ":{"('0104-S-2004', 0)":"Diario de Asuntos Entrados N\u00b0 58","('0104-S-2004', 1)":null,"('0104-S-2004', 2)":null},"Fecha: ":{"('0104-S-2004', 0)":"16\/04\/2004","('0104-S-2004', 1)":null,"('0104-S-2004', 2)":null},"T\u00edtulo":{"('0104-S-2004', 0)":"IMPRESION DE UNA MONEDA CON LA IMAGEN DEL TENIENTE GENERAL JUAN DOMINGO PERON, EN CONMEMORACION DEL TRIGESIMO ANIVERSARIO DE SU FALLECIMIENTO, A CUMPLIRSE EL 1 DE JULIO DE 2004.","('0104-S-2004', 1)":null,"('0104-S-2004', 2)":null},"('Firmantes', 'FIRMANTE')":{"('0104-S-2004', 0)":"PICHETTO, MIGUEL ANGEL","('0104-S-2004', 1)":null,"('0104-S-2004', 2)":null},"('Firmantes', 'DISTRITO')":{"('0104-S-2004', 0)":"RIO NEGRO","('0104-S-2004', 1)":null,"('0104-S-2004', 2)":null},"('Firmantes', 'BLOQUE')":{"('0104-S-2004', 0)":"JUSTICIALISTA","('0104-S-2004', 1)":null,"('0104-S-2004', 2)":null},"('Giros', 'COMISI\u00d3N')":{"('0104-S-2004', 0)":"FINANZAS","('0104-S-2004', 1)":null,"('0104-S-2004', 2)":null},"('Tramites', 'C\u00c1MARA')":{"('0104-S-2004', 0)":"Senado","('0104-S-2004', 1)":"Diputados","('0104-S-2004', 2)":"Diputados"},"('Tramites', 'MOVIMIENTO')":{"('0104-S-2004', 0)":"CONSIDERACION Y APROBACION","('0104-S-2004', 1)":"PASA A DIPUTADOS -","('0104-S-2004', 2)":"CONSIDERACION Y SANCION"},"('Tramites', 'FECHA')":{"('0104-S-2004', 0)":"25\/08\/2004","('0104-S-2004', 1)":null,"('0104-S-2004', 2)":"20\/10\/2004"},"('Tramites', 'RESULTADO')":{"('0104-S-2004', 0)":"MEDIA SANCION","('0104-S-2004', 1)":null,"('0104-S-2004', 2)":"SANCIONADO"},"Link":{"('0104-S-2004', 0)":"http:\/\/www.senado.gov.ar\/parlamentario\/comisiones\/verExp\/946.04\/S\/PL","('0104-S-2004', 1)":null,"('0104-S-2004', 2)":null},"Palabra Clave":{"('0104-S-2004', 0)":" ","('0104-S-2004', 1)":null,"('0104-S-2004', 2)":null}}