{"Tipo de Proyecto":{"('0104-PE-2004', 0)":"MENSAJE NRO: 0108\/05 Y PROYECTO DE LEY","('0104-PE-2004', 1)":null,"('0104-PE-2004', 2)":null,"('0104-PE-2004', 3)":null},"Iniciado en: ":{"('0104-PE-2004', 0)":"Diputados","('0104-PE-2004', 1)":null,"('0104-PE-2004', 2)":null,"('0104-PE-2004', 3)":null},"Expediente Diputados: ":{"('0104-PE-2004', 0)":"0104-PE-2004","('0104-PE-2004', 1)":null,"('0104-PE-2004', 2)":null,"('0104-PE-2004', 3)":null},"Publicado en: ":{"('0104-PE-2004', 0)":"Tr\u00e1mite Parlamentario N\u00b0 206","('0104-PE-2004', 1)":null,"('0104-PE-2004', 2)":null,"('0104-PE-2004', 3)":null},"Fecha: ":{"('0104-PE-2004', 0)":"08\/02\/2005","('0104-PE-2004', 1)":null,"('0104-PE-2004', 2)":null,"('0104-PE-2004', 3)":null},"T\u00edtulo":{"('0104-PE-2004', 0)":"TRANSFERIR A TITULO GRATUITO UNA FRACCION DE UN INMUEBLE DEL ESTADO NACIONAL QUE FUERA ASIGNADO EN USO AL ESTADO MAYOR DEL EJERCITO, AL OBISPADO DE SAN MARTIN PARA LA CONSTRUCCION DE UN SEMINARIO DIOCESANO.","('0104-PE-2004', 1)":null,"('0104-PE-2004', 2)":null,"('0104-PE-2004', 3)":null},"('Firmantes', 'FIRMANTE')":{"('0104-PE-2004', 0)":"KIRCHNER, NESTOR CARLOS","('0104-PE-2004', 1)":"FERNANDEZ, ALBERTO","('0104-PE-2004', 2)":"DE VIDO, JULIO","('0104-PE-2004', 3)":"PAMPURO, JOSE JUAN BAUTISTA"},"('Firmantes', 'DISTRITO')":{"('0104-PE-2004', 0)":null,"('0104-PE-2004', 1)":null,"('0104-PE-2004', 2)":null,"('0104-PE-2004', 3)":null},"('Firmantes', 'BLOQUE')":{"('0104-PE-2004', 0)":"PODER EJECUTIVO","('0104-PE-2004', 1)":"PODER EJECUTIVO","('0104-PE-2004', 2)":"PODER EJECUTIVO","('0104-PE-2004', 3)":"PODER EJECUTIVO"},"('Giros', 'COMISI\u00d3N')":{"('0104-PE-2004', 0)":"LEGISLACION GENERAL","('0104-PE-2004', 1)":"DEFENSA NACIONAL","('0104-PE-2004', 2)":"RELACIONES EXTERIORES Y CULTO","('0104-PE-2004', 3)":null},"('Tramites', 'C\u00c1MARA')":{"('0104-PE-2004', 0)":"Diputados","('0104-PE-2004', 1)":null,"('0104-PE-2004', 2)":null,"('0104-PE-2004', 3)":null},"('Tramites', 'MOVIMIENTO')":{"('0104-PE-2004', 0)":"REPRODUCIDO POR EXPEDIENTE 2270-D-06","('0104-PE-2004', 1)":null,"('0104-PE-2004', 2)":null,"('0104-PE-2004', 3)":null},"('Tramites', 'FECHA')":{"('0104-PE-2004', 0)":null,"('0104-PE-2004', 1)":null,"('0104-PE-2004', 2)":null,"('0104-PE-2004', 3)":null},"('Tramites', 'RESULTADO')":{"('0104-PE-2004', 0)":null,"('0104-PE-2004', 1)":null,"('0104-PE-2004', 2)":null,"('0104-PE-2004', 3)":null},"Palabra Clave":{"('0104-PE-2004', 0)":" ","('0104-PE-2004', 1)":null,"('0104-PE-2004', 2)":null,"('0104-PE-2004', 3)":null}}