{"Tipo de Proyecto":{"('0105-PE-2004', 0)":"MENSAJE NRO: 0146\/05","('0105-PE-2004', 1)":null,"('0105-PE-2004', 2)":null,"('0105-PE-2004', 3)":null,"('0105-PE-2004', 4)":null,"('0105-PE-2004', 5)":null},"Iniciado en: ":{"('0105-PE-2004', 0)":"Diputados","('0105-PE-2004', 1)":null,"('0105-PE-2004', 2)":null,"('0105-PE-2004', 3)":null,"('0105-PE-2004', 4)":null,"('0105-PE-2004', 5)":null},"Expediente Diputados: ":{"('0105-PE-2004', 0)":"0105-PE-2004","('0105-PE-2004', 1)":null,"('0105-PE-2004', 2)":null,"('0105-PE-2004', 3)":null,"('0105-PE-2004', 4)":null,"('0105-PE-2004', 5)":null},"Publicado en: ":{"('0105-PE-2004', 0)":"Tr\u00e1mite Parlamentario N\u00b0 210","('0105-PE-2004', 1)":null,"('0105-PE-2004', 2)":null,"('0105-PE-2004', 3)":null,"('0105-PE-2004', 4)":null,"('0105-PE-2004', 5)":null},"Fecha: ":{"('0105-PE-2004', 0)":"22\/02\/2005","('0105-PE-2004', 1)":null,"('0105-PE-2004', 2)":null,"('0105-PE-2004', 3)":null,"('0105-PE-2004', 4)":null,"('0105-PE-2004', 5)":null},"T\u00edtulo":{"('0105-PE-2004', 0)":"COMUNICACION DEL DECRETO 145\/05 POR EL CUAL SE TRANSFIERE LA POLICIA AERONAUTICA NACIONAL DEL AMBITO DEL MINISTERIO DE DEFENSA A LA ORBITA DEL MINISTERIO DEL INTERIOR, DENOMINANDOSE POLICIA DE SEGURIDAD AEROPORTUARIA.","('0105-PE-2004', 1)":null,"('0105-PE-2004', 2)":null,"('0105-PE-2004', 3)":null,"('0105-PE-2004', 4)":null,"('0105-PE-2004', 5)":null},"('Firmantes', 'FIRMANTE')":{"('0105-PE-2004', 0)":"KIRCHNER, NESTOR CARLOS","('0105-PE-2004', 1)":"FERNANDEZ, ALBERTO","('0105-PE-2004', 2)":"FERNANDEZ, ANIBAL","('0105-PE-2004', 3)":null,"('0105-PE-2004', 4)":null,"('0105-PE-2004', 5)":null},"('Firmantes', 'DISTRITO')":{"('0105-PE-2004', 0)":null,"('0105-PE-2004', 1)":null,"('0105-PE-2004', 2)":null,"('0105-PE-2004', 3)":null,"('0105-PE-2004', 4)":null,"('0105-PE-2004', 5)":null},"('Firmantes', 'BLOQUE')":{"('0105-PE-2004', 0)":"PODER EJECUTIVO","('0105-PE-2004', 1)":"PODER EJECUTIVO","('0105-PE-2004', 2)":"PODER EJECUTIVO","('0105-PE-2004', 3)":null,"('0105-PE-2004', 4)":null,"('0105-PE-2004', 5)":null},"('Giros', 'COMISI\u00d3N')":{"('0105-PE-2004', 0)":"LEGISLACION PENAL","('0105-PE-2004', 1)":"SEGURIDAD INTERIOR","('0105-PE-2004', 2)":"DEFENSA NACIONAL","('0105-PE-2004', 3)":"TRANSPORTES","('0105-PE-2004', 4)":"PRESUPUESTO Y HACIENDA","('0105-PE-2004', 5)":"BICAMERAL PERMANENTE DE TRAMITE LEGISLATIVO - LEY 26122"},"Palabra Clave":{"('0105-PE-2004', 0)":" ","('0105-PE-2004', 1)":null,"('0105-PE-2004', 2)":null,"('0105-PE-2004', 3)":null,"('0105-PE-2004', 4)":null,"('0105-PE-2004', 5)":null}}