{"Tipo de Proyecto":{"('0108-S-2004', 0)":"PROYECTO DE LEY","('0108-S-2004', 1)":null,"('0108-S-2004', 2)":null,"('0108-S-2004', 3)":null},"Iniciado en: ":{"('0108-S-2004', 0)":"Senado","('0108-S-2004', 1)":null,"('0108-S-2004', 2)":null,"('0108-S-2004', 3)":null},"Expediente Senado: ":{"('0108-S-2004', 0)":"0108-S-2004","('0108-S-2004', 1)":null,"('0108-S-2004', 2)":null,"('0108-S-2004', 3)":null},"Publicado en: ":{"('0108-S-2004', 0)":"Diario de Asuntos Entrados N\u00b0 8","('0108-S-2004', 1)":null,"('0108-S-2004', 2)":null,"('0108-S-2004', 3)":null},"Fecha: ":{"('0108-S-2004', 0)":"02\/03\/2004","('0108-S-2004', 1)":null,"('0108-S-2004', 2)":null,"('0108-S-2004', 3)":null},"T\u00edtulo":{"('0108-S-2004', 0)":"FIJAR UN DERECHO DE CERO POR CIENTO (0%) A LA EXPORTACION DE LA PRODUCCION TABACALERA.","('0108-S-2004', 1)":null,"('0108-S-2004', 2)":null,"('0108-S-2004', 3)":null},"('Firmantes', 'FIRMANTE')":{"('0108-S-2004', 0)":"JENEFES, GUILLERMO RAUL","('0108-S-2004', 1)":"LOPEZ ARIAS, MARCELO EDUARDO","('0108-S-2004', 2)":"ESCUDERO, SONIA MARGARITA","('0108-S-2004', 3)":"OVIEDO, MERCEDES MARGARITA"},"('Firmantes', 'DISTRITO')":{"('0108-S-2004', 0)":"JUJUY","('0108-S-2004', 1)":"SALTA","('0108-S-2004', 2)":"SALTA","('0108-S-2004', 3)":"MISIONES"},"('Firmantes', 'BLOQUE')":{"('0108-S-2004', 0)":"JUSTICIALISTA","('0108-S-2004', 1)":"JUSTICIALISTA","('0108-S-2004', 2)":"JUSTICIALISTA","('0108-S-2004', 3)":"JUSTICIALISTA"},"Link":{"('0108-S-2004', 0)":"http:\/\/www.senado.gov.ar\/parlamentario\/comisiones\/verExp\/108.04\/S\/PL","('0108-S-2004', 1)":null,"('0108-S-2004', 2)":null,"('0108-S-2004', 3)":null},"Palabra Clave":{"('0108-S-2004', 0)":" ","('0108-S-2004', 1)":null,"('0108-S-2004', 2)":null,"('0108-S-2004', 3)":null}}