{"Tipo de Proyecto":{"('0109-S-2004', 0)":"PROYECTO DE LEY","('0109-S-2004', 1)":null,"('0109-S-2004', 2)":null,"('0109-S-2004', 3)":null,"('0109-S-2004', 4)":null,"('0109-S-2004', 5)":null,"('0109-S-2004', 6)":null,"('0109-S-2004', 7)":null,"('0109-S-2004', 8)":null,"('0109-S-2004', 9)":null},"Iniciado en: ":{"('0109-S-2004', 0)":"Senado","('0109-S-2004', 1)":null,"('0109-S-2004', 2)":null,"('0109-S-2004', 3)":null,"('0109-S-2004', 4)":null,"('0109-S-2004', 5)":null,"('0109-S-2004', 6)":null,"('0109-S-2004', 7)":null,"('0109-S-2004', 8)":null,"('0109-S-2004', 9)":null},"Expediente Diputados: ":{"('0109-S-2004', 0)":"0109-S-2004","('0109-S-2004', 1)":null,"('0109-S-2004', 2)":null,"('0109-S-2004', 3)":null,"('0109-S-2004', 4)":null,"('0109-S-2004', 5)":null,"('0109-S-2004', 6)":null,"('0109-S-2004', 7)":null,"('0109-S-2004', 8)":null,"('0109-S-2004', 9)":null},"Expediente Senado: ":{"('0109-S-2004', 0)":"0348-S-2004","('0109-S-2004', 1)":null,"('0109-S-2004', 2)":null,"('0109-S-2004', 3)":null,"('0109-S-2004', 4)":null,"('0109-S-2004', 5)":null,"('0109-S-2004', 6)":null,"('0109-S-2004', 7)":null,"('0109-S-2004', 8)":null,"('0109-S-2004', 9)":null},"Publicado en: ":{"('0109-S-2004', 0)":"Diario de Asuntos Entrados N\u00b0 26","('0109-S-2004', 1)":null,"('0109-S-2004', 2)":null,"('0109-S-2004', 3)":null,"('0109-S-2004', 4)":null,"('0109-S-2004', 5)":null,"('0109-S-2004', 6)":null,"('0109-S-2004', 7)":null,"('0109-S-2004', 8)":null,"('0109-S-2004', 9)":null},"Fecha: ":{"('0109-S-2004', 0)":"10\/03\/2004","('0109-S-2004', 1)":null,"('0109-S-2004', 2)":null,"('0109-S-2004', 3)":null,"('0109-S-2004', 4)":null,"('0109-S-2004', 5)":null,"('0109-S-2004', 6)":null,"('0109-S-2004', 7)":null,"('0109-S-2004', 8)":null,"('0109-S-2004', 9)":null},"T\u00edtulo":{"('0109-S-2004', 0)":"TRANSFERENCIA A TITULO GRATUITO A FAVOR DEL MUNICIPIO DE LA CIUDAD DE MERCEDES, PROVINCIA DE CORRIENTES, EL DOMINIO DEL INMUEBLE PROPIEDAD DEL ESTADO NACIONAL, QUE PERTENECIERA A LA EMPRESA NACIONAL DE TELECOMUNICACIONES - ENCOTEL -.","('0109-S-2004', 1)":null,"('0109-S-2004', 2)":null,"('0109-S-2004', 3)":null,"('0109-S-2004', 4)":null,"('0109-S-2004', 5)":null,"('0109-S-2004', 6)":null,"('0109-S-2004', 7)":null,"('0109-S-2004', 8)":null,"('0109-S-2004', 9)":null},"('Firmantes', 'FIRMANTE')":{"('0109-S-2004', 0)":"SANCHEZ, MARIA DORA","('0109-S-2004', 1)":"LOSADA, MARIO A.","('0109-S-2004', 2)":"ISIDORI, AMANDA","('0109-S-2004', 3)":"MARINO, JUAN CARLOS","('0109-S-2004', 4)":"CAPOS, LILIANA","('0109-S-2004', 5)":"MASTANDREA, ALICIA ESTER","('0109-S-2004', 6)":"CURLETTI, MIRIAM BELEN","('0109-S-2004', 7)":"LESCANO, MARCELA FABIANA","('0109-S-2004', 8)":"TAFFAREL, RICARDO CESAR","('0109-S-2004', 9)":"SANZ, ERNESTO RICARDO"},"('Firmantes', 'DISTRITO')":{"('0109-S-2004', 0)":"CORRIENTES","('0109-S-2004', 1)":"MISIONES","('0109-S-2004', 2)":"RIO NEGRO","('0109-S-2004', 3)":"LA PAMPA","('0109-S-2004', 4)":"TIERRA DEL FUEGO","('0109-S-2004', 5)":"CHACO","('0109-S-2004', 6)":"CHACO","('0109-S-2004', 7)":"FORMOSA","('0109-S-2004', 8)":"ENTRE RIOS","('0109-S-2004', 9)":"MENDOZA"},"('Firmantes', 'BLOQUE')":{"('0109-S-2004', 0)":"UCR","('0109-S-2004', 1)":"UCR","('0109-S-2004', 2)":"UCR","('0109-S-2004', 3)":"UCR","('0109-S-2004', 4)":"UCR","('0109-S-2004', 5)":"UCR","('0109-S-2004', 6)":"UCR","('0109-S-2004', 7)":"UCR","('0109-S-2004', 8)":"UCR","('0109-S-2004', 9)":"UCR"},"('Giros', 'COMISI\u00d3N')":{"('0109-S-2004', 0)":"LEGISLACION GENERAL","('0109-S-2004', 1)":"COMUNICACIONES E INFORMATICA","('0109-S-2004', 2)":"ASUNTOS MUNICIPALES","('0109-S-2004', 3)":null,"('0109-S-2004', 4)":null,"('0109-S-2004', 5)":null,"('0109-S-2004', 6)":null,"('0109-S-2004', 7)":null,"('0109-S-2004', 8)":null,"('0109-S-2004', 9)":null},"('Tramites', 'C\u00c1MARA')":{"('0109-S-2004', 0)":"Senado","('0109-S-2004', 1)":"Diputados","('0109-S-2004', 2)":null,"('0109-S-2004', 3)":null,"('0109-S-2004', 4)":null,"('0109-S-2004', 5)":null,"('0109-S-2004', 6)":null,"('0109-S-2004', 7)":null,"('0109-S-2004', 8)":null,"('0109-S-2004', 9)":null},"('Tramites', 'MOVIMIENTO')":{"('0109-S-2004', 0)":"CONSIDERACION Y APROBACION","('0109-S-2004', 1)":"PASA A DIPUTADOS -","('0109-S-2004', 2)":null,"('0109-S-2004', 3)":null,"('0109-S-2004', 4)":null,"('0109-S-2004', 5)":null,"('0109-S-2004', 6)":null,"('0109-S-2004', 7)":null,"('0109-S-2004', 8)":null,"('0109-S-2004', 9)":null},"('Tramites', 'FECHA')":{"('0109-S-2004', 0)":"25\/08\/2004","('0109-S-2004', 1)":null,"('0109-S-2004', 2)":null,"('0109-S-2004', 3)":null,"('0109-S-2004', 4)":null,"('0109-S-2004', 5)":null,"('0109-S-2004', 6)":null,"('0109-S-2004', 7)":null,"('0109-S-2004', 8)":null,"('0109-S-2004', 9)":null},"('Tramites', 'RESULTADO')":{"('0109-S-2004', 0)":"MEDIA SANCION","('0109-S-2004', 1)":null,"('0109-S-2004', 2)":null,"('0109-S-2004', 3)":null,"('0109-S-2004', 4)":null,"('0109-S-2004', 5)":null,"('0109-S-2004', 6)":null,"('0109-S-2004', 7)":null,"('0109-S-2004', 8)":null,"('0109-S-2004', 9)":null},"Link":{"('0109-S-2004', 0)":"http:\/\/www.senado.gov.ar\/parlamentario\/comisiones\/verExp\/348.04\/S\/PL","('0109-S-2004', 1)":null,"('0109-S-2004', 2)":null,"('0109-S-2004', 3)":null,"('0109-S-2004', 4)":null,"('0109-S-2004', 5)":null,"('0109-S-2004', 6)":null,"('0109-S-2004', 7)":null,"('0109-S-2004', 8)":null,"('0109-S-2004', 9)":null},"Palabra Clave":{"('0109-S-2004', 0)":" ","('0109-S-2004', 1)":null,"('0109-S-2004', 2)":null,"('0109-S-2004', 3)":null,"('0109-S-2004', 4)":null,"('0109-S-2004', 5)":null,"('0109-S-2004', 6)":null,"('0109-S-2004', 7)":null,"('0109-S-2004', 8)":null,"('0109-S-2004', 9)":null}}