{"Tipo de Proyecto":{"('0110-S-2004', 0)":"PROYECTO DE LEY","('0110-S-2004', 1)":null,"('0110-S-2004', 2)":null},"Iniciado en: ":{"('0110-S-2004', 0)":"Senado","('0110-S-2004', 1)":null,"('0110-S-2004', 2)":null},"Expediente Diputados: ":{"('0110-S-2004', 0)":"0110-S-2004","('0110-S-2004', 1)":null,"('0110-S-2004', 2)":null},"Expediente Senado: ":{"('0110-S-2004', 0)":"0501-S-2004","('0110-S-2004', 1)":null,"('0110-S-2004', 2)":null},"Publicado en: ":{"('0110-S-2004', 0)":"Diario de Asuntos Entrados N\u00b0 34","('0110-S-2004', 1)":null,"('0110-S-2004', 2)":null},"Fecha: ":{"('0110-S-2004', 0)":"17\/03\/2004","('0110-S-2004', 1)":null,"('0110-S-2004', 2)":null},"T\u00edtulo":{"('0110-S-2004', 0)":"TRANSFERENCIA A TITULO GRATUITO AL ARZOBISPADO DE SALTA UN INMUEBLE PROPIEDAD DEL ESTADO NACIONAL, CITO EN LA CIUDAD DE SALTA.","('0110-S-2004', 1)":null,"('0110-S-2004', 2)":null},"('Firmantes', 'FIRMANTE')":{"('0110-S-2004', 0)":"LOPEZ ARIAS, MARCELO EDUARDO","('0110-S-2004', 1)":null,"('0110-S-2004', 2)":null},"('Firmantes', 'DISTRITO')":{"('0110-S-2004', 0)":"SALTA","('0110-S-2004', 1)":null,"('0110-S-2004', 2)":null},"('Firmantes', 'BLOQUE')":{"('0110-S-2004', 0)":"JUSTICIALISTA","('0110-S-2004', 1)":null,"('0110-S-2004', 2)":null},"('Giros', 'COMISI\u00d3N')":{"('0110-S-2004', 0)":"LEGISLACION GENERAL","('0110-S-2004', 1)":"OBRAS PUBLICAS","('0110-S-2004', 2)":"RELACIONES EXTERIORES Y CULTO"},"('Tramites', 'C\u00c1MARA')":{"('0110-S-2004', 0)":"Senado","('0110-S-2004', 1)":"Diputados","('0110-S-2004', 2)":"Diputados"},"('Tramites', 'MOVIMIENTO')":{"('0110-S-2004', 0)":"CONSIDERACION Y APROBACION","('0110-S-2004', 1)":"PASA A DIPUTADOS -","('0110-S-2004', 2)":"CONSIDERACION Y SANCION CONJUNTAMENTE PARA LOS EXPEDIENTES 0110-S-2004, 0501-S-2004 y 2870-D-2004"},"('Tramites', 'FECHA')":{"('0110-S-2004', 0)":"25\/08\/2004","('0110-S-2004', 1)":null,"('0110-S-2004', 2)":"07\/07\/2005"},"('Tramites', 'RESULTADO')":{"('0110-S-2004', 0)":"MEDIA SANCION","('0110-S-2004', 1)":null,"('0110-S-2004', 2)":"SANCIONADO"},"Sumario":{"('0110-S-2004', 0)":"DESTINAR EL MISMO A LA PARROQUIA DE NUESTRA SE\u00d1ORA DE LOS ANGELES A EFECTOS DE LA CONSTRUCCION DE UN GRUTA EN HONOR A LA SANTA.","('0110-S-2004', 1)":null,"('0110-S-2004', 2)":null},"Palabra Clave":{"('0110-S-2004', 0)":" ","('0110-S-2004', 1)":null,"('0110-S-2004', 2)":null}}