{"Tipo de Proyecto":{"('0111-D-2004', 0)":"PROYECTO DE RESOLUCI\u00d3N","('0111-D-2004', 1)":null,"('0111-D-2004', 2)":null,"('0111-D-2004', 3)":null,"('0111-D-2004', 4)":null,"('0111-D-2004', 5)":null,"('0111-D-2004', 6)":null,"('0111-D-2004', 7)":null,"('0111-D-2004', 8)":null,"('0111-D-2004', 9)":null,"('0111-D-2004', 10)":null,"('0111-D-2004', 11)":null},"Iniciado en: ":{"('0111-D-2004', 0)":"Diputados","('0111-D-2004', 1)":null,"('0111-D-2004', 2)":null,"('0111-D-2004', 3)":null,"('0111-D-2004', 4)":null,"('0111-D-2004', 5)":null,"('0111-D-2004', 6)":null,"('0111-D-2004', 7)":null,"('0111-D-2004', 8)":null,"('0111-D-2004', 9)":null,"('0111-D-2004', 10)":null,"('0111-D-2004', 11)":null},"Expediente Diputados: ":{"('0111-D-2004', 0)":"0111-D-2004","('0111-D-2004', 1)":null,"('0111-D-2004', 2)":null,"('0111-D-2004', 3)":null,"('0111-D-2004', 4)":null,"('0111-D-2004', 5)":null,"('0111-D-2004', 6)":null,"('0111-D-2004', 7)":null,"('0111-D-2004', 8)":null,"('0111-D-2004', 9)":null,"('0111-D-2004', 10)":null,"('0111-D-2004', 11)":null},"Publicado en: ":{"('0111-D-2004', 0)":"Tr\u00e1mite Parlamentario N\u00b0 2","('0111-D-2004', 1)":null,"('0111-D-2004', 2)":null,"('0111-D-2004', 3)":null,"('0111-D-2004', 4)":null,"('0111-D-2004', 5)":null,"('0111-D-2004', 6)":null,"('0111-D-2004', 7)":null,"('0111-D-2004', 8)":null,"('0111-D-2004', 9)":null,"('0111-D-2004', 10)":null,"('0111-D-2004', 11)":null},"Fecha: ":{"('0111-D-2004', 0)":"02\/03\/2004","('0111-D-2004', 1)":null,"('0111-D-2004', 2)":null,"('0111-D-2004', 3)":null,"('0111-D-2004', 4)":null,"('0111-D-2004', 5)":null,"('0111-D-2004', 6)":null,"('0111-D-2004', 7)":null,"('0111-D-2004', 8)":null,"('0111-D-2004', 9)":null,"('0111-D-2004', 10)":null,"('0111-D-2004', 11)":null},"T\u00edtulo":{"('0111-D-2004', 0)":"SOLICITAR AL PODER EJECUTIVO PROMUEVA LA CREACION DE UN CANAL DE TELEVISION COMUN DE TODOS LOS ESTADOS MIEMBROS DEL MERCOSUR.","('0111-D-2004', 1)":null,"('0111-D-2004', 2)":null,"('0111-D-2004', 3)":null,"('0111-D-2004', 4)":null,"('0111-D-2004', 5)":null,"('0111-D-2004', 6)":null,"('0111-D-2004', 7)":null,"('0111-D-2004', 8)":null,"('0111-D-2004', 9)":null,"('0111-D-2004', 10)":null,"('0111-D-2004', 11)":null},"('Firmantes', 'FIRMANTE')":{"('0111-D-2004', 0)":"MONTEAGUDO, MARIA LUCRECIA","('0111-D-2004', 1)":"JARQUE, MARGARITA OFELIA","('0111-D-2004', 2)":"MACALUSE, EDUARDO GABRIEL","('0111-D-2004', 3)":"MAFFEI, MARTA OLINDA","('0111-D-2004', 4)":"GODOY, JUAN CARLOS LUCIO","('0111-D-2004', 5)":"LOZANO, CLAUDIO RAUL","('0111-D-2004', 6)":"GARCIA, SUSANA ROSA","('0111-D-2004', 7)":"BASTEIRO, SERGIO ARIEL","('0111-D-2004', 8)":"RIVAS, JORGE","('0111-D-2004', 9)":"RIOS, MARIA FABIANA","('0111-D-2004', 10)":"PEREZ, ADRIAN","('0111-D-2004', 11)":"GONZALEZ, MARIA AMERICA"},"('Firmantes', 'DISTRITO')":{"('0111-D-2004', 0)":"BUENOS AIRES","('0111-D-2004', 1)":"BUENOS AIRES","('0111-D-2004', 2)":"BUENOS AIRES","('0111-D-2004', 3)":"BUENOS AIRES","('0111-D-2004', 4)":"ENTRE RIOS","('0111-D-2004', 5)":"CIUDAD de BUENOS AIRES","('0111-D-2004', 6)":"SANTA FE","('0111-D-2004', 7)":"BUENOS AIRES","('0111-D-2004', 8)":"BUENOS AIRES","('0111-D-2004', 9)":"TIERRA DEL FUEGO","('0111-D-2004', 10)":"BUENOS AIRES","('0111-D-2004', 11)":"CIUDAD de BUENOS AIRES"},"('Firmantes', 'BLOQUE')":{"('0111-D-2004', 0)":"PARTIDO INTRANSIGENTE","('0111-D-2004', 1)":"ENCUENTRO","('0111-D-2004', 2)":"ARI","('0111-D-2004', 3)":"ARI","('0111-D-2004', 4)":"NUEVO ESPACIO ENTRERRIANO","('0111-D-2004', 5)":"EMANCIPACION Y JUSTICIA","('0111-D-2004', 6)":"ARI","('0111-D-2004', 7)":"PARTIDO SOCIALISTA","('0111-D-2004', 8)":"PARTIDO SOCIALISTA","('0111-D-2004', 9)":"ARI","('0111-D-2004', 10)":"ARI","('0111-D-2004', 11)":"ARI"},"('Giros', 'COMISI\u00d3N')":{"('0111-D-2004', 0)":"MERCOSUR","('0111-D-2004', 1)":"COMUNICACIONES E INFORMATICA","('0111-D-2004', 2)":null,"('0111-D-2004', 3)":null,"('0111-D-2004', 4)":null,"('0111-D-2004', 5)":null,"('0111-D-2004', 6)":null,"('0111-D-2004', 7)":null,"('0111-D-2004', 8)":null,"('0111-D-2004', 9)":null,"('0111-D-2004', 10)":null,"('0111-D-2004', 11)":null},"('Tramites', 'C\u00c1MARA')":{"('0111-D-2004', 0)":"Diputados","('0111-D-2004', 1)":"Diputados","('0111-D-2004', 2)":"Diputados","('0111-D-2004', 3)":"Diputados","('0111-D-2004', 4)":"Diputados","('0111-D-2004', 5)":"Diputados","('0111-D-2004', 6)":null,"('0111-D-2004', 7)":null,"('0111-D-2004', 8)":null,"('0111-D-2004', 9)":null,"('0111-D-2004', 10)":null,"('0111-D-2004', 11)":null},"('Tramites', 'MOVIMIENTO')":{"('0111-D-2004', 0)":"MOCION DE PREFERENCIA CON DICTAMEN (AFIRMATIVA)","('0111-D-2004', 1)":"MOCION DE PREFERENCIA PARA LA PROXIMA SESION CON DICTAMEN (AFIRMATIVA)","('0111-D-2004', 2)":"MOCION DE PREFERENCIA PARA LA PROXIMA SESION CON DICTAMEN (AFIRMATIVA)","('0111-D-2004', 3)":"CONSIDERACION Y APROBACION","('0111-D-2004', 4)":"CONTESTACION DEL PODER EJECUTIVO NACIONAL - JEFE DE GABINETE DE MINISTROS - GIRADO A LA COMISION RESPECTIVA","('0111-D-2004', 5)":"CONTESTACION DEL PODER EJECUTIVO NACIONAL - JEFE DE GABINETE DE MINISTROS - GIRADO A LA COMISION RESPECTIVA","('0111-D-2004', 6)":null,"('0111-D-2004', 7)":null,"('0111-D-2004', 8)":null,"('0111-D-2004', 9)":null,"('0111-D-2004', 10)":null,"('0111-D-2004', 11)":null},"('Tramites', 'FECHA')":{"('0111-D-2004', 0)":"08\/09\/2004","('0111-D-2004', 1)":"17\/11\/2004","('0111-D-2004', 2)":"01\/12\/2004","('0111-D-2004', 3)":"16\/12\/2004","('0111-D-2004', 4)":"20\/04\/2005","('0111-D-2004', 5)":"14\/12\/2005","('0111-D-2004', 6)":null,"('0111-D-2004', 7)":null,"('0111-D-2004', 8)":null,"('0111-D-2004', 9)":null,"('0111-D-2004', 10)":null,"('0111-D-2004', 11)":null},"('Tramites', 'RESULTADO')":{"('0111-D-2004', 0)":null,"('0111-D-2004', 1)":null,"('0111-D-2004', 2)":null,"('0111-D-2004', 3)":"APROBADO","('0111-D-2004', 4)":null,"('0111-D-2004', 5)":null,"('0111-D-2004', 6)":null,"('0111-D-2004', 7)":null,"('0111-D-2004', 8)":null,"('0111-D-2004', 9)":null,"('0111-D-2004', 10)":null,"('0111-D-2004', 11)":null},"Palabra Clave":{"('0111-D-2004', 0)":" ","('0111-D-2004', 1)":null,"('0111-D-2004', 2)":null,"('0111-D-2004', 3)":null,"('0111-D-2004', 4)":null,"('0111-D-2004', 5)":null,"('0111-D-2004', 6)":null,"('0111-D-2004', 7)":null,"('0111-D-2004', 8)":null,"('0111-D-2004', 9)":null,"('0111-D-2004', 10)":null,"('0111-D-2004', 11)":null}}