{"Tipo de Proyecto":{"('0112-D-2004', 0)":"PROYECTO DE RESOLUCI\u00d3N","('0112-D-2004', 1)":null,"('0112-D-2004', 2)":null,"('0112-D-2004', 3)":null,"('0112-D-2004', 4)":null,"('0112-D-2004', 5)":null,"('0112-D-2004', 6)":null,"('0112-D-2004', 7)":null,"('0112-D-2004', 8)":null,"('0112-D-2004', 9)":null,"('0112-D-2004', 10)":null},"Iniciado en: ":{"('0112-D-2004', 0)":"Diputados","('0112-D-2004', 1)":null,"('0112-D-2004', 2)":null,"('0112-D-2004', 3)":null,"('0112-D-2004', 4)":null,"('0112-D-2004', 5)":null,"('0112-D-2004', 6)":null,"('0112-D-2004', 7)":null,"('0112-D-2004', 8)":null,"('0112-D-2004', 9)":null,"('0112-D-2004', 10)":null},"Expediente Diputados: ":{"('0112-D-2004', 0)":"0112-D-2004","('0112-D-2004', 1)":null,"('0112-D-2004', 2)":null,"('0112-D-2004', 3)":null,"('0112-D-2004', 4)":null,"('0112-D-2004', 5)":null,"('0112-D-2004', 6)":null,"('0112-D-2004', 7)":null,"('0112-D-2004', 8)":null,"('0112-D-2004', 9)":null,"('0112-D-2004', 10)":null},"Publicado en: ":{"('0112-D-2004', 0)":"Tr\u00e1mite Parlamentario N\u00b0 2","('0112-D-2004', 1)":null,"('0112-D-2004', 2)":null,"('0112-D-2004', 3)":null,"('0112-D-2004', 4)":null,"('0112-D-2004', 5)":null,"('0112-D-2004', 6)":null,"('0112-D-2004', 7)":null,"('0112-D-2004', 8)":null,"('0112-D-2004', 9)":null,"('0112-D-2004', 10)":null},"Fecha: ":{"('0112-D-2004', 0)":"02\/03\/2004","('0112-D-2004', 1)":null,"('0112-D-2004', 2)":null,"('0112-D-2004', 3)":null,"('0112-D-2004', 4)":null,"('0112-D-2004', 5)":null,"('0112-D-2004', 6)":null,"('0112-D-2004', 7)":null,"('0112-D-2004', 8)":null,"('0112-D-2004', 9)":null,"('0112-D-2004', 10)":null},"T\u00edtulo":{"('0112-D-2004', 0)":"PEDIDO DE INFORMES AL PODER EJECUTIVO SOBRE LAS MEDIDAS RESTRICTIVAS A LA IMPORTACION DE PRODUCTOS TRANSGENICOS APROBADAS POR LA ORGANIZACION  MUNDIAL DE COMERCIO - OMC - Y OTRAS CUESTIONES CONEXAS. ","('0112-D-2004', 1)":null,"('0112-D-2004', 2)":null,"('0112-D-2004', 3)":null,"('0112-D-2004', 4)":null,"('0112-D-2004', 5)":null,"('0112-D-2004', 6)":null,"('0112-D-2004', 7)":null,"('0112-D-2004', 8)":null,"('0112-D-2004', 9)":null,"('0112-D-2004', 10)":null},"('Firmantes', 'FIRMANTE')":{"('0112-D-2004', 0)":"MONTEAGUDO, MARIA LUCRECIA","('0112-D-2004', 1)":"JARQUE, MARGARITA OFELIA","('0112-D-2004', 2)":"MACALUSE, EDUARDO GABRIEL","('0112-D-2004', 3)":"MAFFEI, MARTA OLINDA","('0112-D-2004', 4)":"LOZANO, CLAUDIO RAUL","('0112-D-2004', 5)":"GARCIA, SUSANA ROSA","('0112-D-2004', 6)":"BASTEIRO, SERGIO ARIEL","('0112-D-2004', 7)":"RIOS, MARIA FABIANA","('0112-D-2004', 8)":"PEREZ, ADRIAN","('0112-D-2004', 9)":"GONZALEZ, MARIA AMERICA","('0112-D-2004', 10)":"GODOY, JUAN CARLOS LUCIO"},"('Firmantes', 'DISTRITO')":{"('0112-D-2004', 0)":"BUENOS AIRES","('0112-D-2004', 1)":"BUENOS AIRES","('0112-D-2004', 2)":"BUENOS AIRES","('0112-D-2004', 3)":"BUENOS AIRES","('0112-D-2004', 4)":"CIUDAD de BUENOS AIRES","('0112-D-2004', 5)":"SANTA FE","('0112-D-2004', 6)":"BUENOS AIRES","('0112-D-2004', 7)":"TIERRA DEL FUEGO","('0112-D-2004', 8)":"BUENOS AIRES","('0112-D-2004', 9)":"CIUDAD de BUENOS AIRES","('0112-D-2004', 10)":"ENTRE RIOS"},"('Firmantes', 'BLOQUE')":{"('0112-D-2004', 0)":"PARTIDO INTRANSIGENTE","('0112-D-2004', 1)":"ENCUENTRO","('0112-D-2004', 2)":"ARI","('0112-D-2004', 3)":"ARI","('0112-D-2004', 4)":"EMANCIPACION Y JUSTICIA","('0112-D-2004', 5)":"ARI","('0112-D-2004', 6)":"PARTIDO SOCIALISTA","('0112-D-2004', 7)":"ARI","('0112-D-2004', 8)":"ARI","('0112-D-2004', 9)":"ARI","('0112-D-2004', 10)":"NUEVO ESPACIO ENTRERRIANO"},"('Giros', 'COMISI\u00d3N')":{"('0112-D-2004', 0)":"RELACIONES EXTERIORES Y CULTO","('0112-D-2004', 1)":"AGRICULTURA Y GANADERIA","('0112-D-2004', 2)":"COMERCIO","('0112-D-2004', 3)":null,"('0112-D-2004', 4)":null,"('0112-D-2004', 5)":null,"('0112-D-2004', 6)":null,"('0112-D-2004', 7)":null,"('0112-D-2004', 8)":null,"('0112-D-2004', 9)":null,"('0112-D-2004', 10)":null},"Palabra Clave":{"('0112-D-2004', 0)":" ","('0112-D-2004', 1)":null,"('0112-D-2004', 2)":null,"('0112-D-2004', 3)":null,"('0112-D-2004', 4)":null,"('0112-D-2004', 5)":null,"('0112-D-2004', 6)":null,"('0112-D-2004', 7)":null,"('0112-D-2004', 8)":null,"('0112-D-2004', 9)":null,"('0112-D-2004', 10)":null}}