{"Tipo de Proyecto":{"('0113-S-2004', 0)":"PROYECTO DE LEY"},"Iniciado en: ":{"('0113-S-2004', 0)":"Senado"},"Expediente Senado: ":{"('0113-S-2004', 0)":"0113-S-2004"},"Publicado en: ":{"('0113-S-2004', 0)":"Diario de Asuntos Entrados N\u00b0 9"},"Fecha: ":{"('0113-S-2004', 0)":"02\/03\/2004"},"T\u00edtulo":{"('0113-S-2004', 0)":"MODIFICACION A LA LEY 24937 DE CONSEJO DE LA MAGISTRATURA. (REPRODUCCION DEL EXPEDIENTE 0646-S-99) (REPRODUCCION DEL EXPEDIENTE 0295-S-02)."},"('Firmantes', 'FIRMANTE')":{"('0113-S-2004', 0)":"AGUNDEZ, JORGE ALFREDO"},"('Firmantes', 'DISTRITO')":{"('0113-S-2004', 0)":"SAN LUIS"},"('Firmantes', 'BLOQUE')":{"('0113-S-2004', 0)":"UCR"},"Sumario":{"('0113-S-2004', 0)":"SUSTITUCION DE LOS ARTICULOS 22, 23, 25, 26, 28, 31 Y 32"},"Palabra Clave":{"('0113-S-2004', 0)":" "}}