{"Tipo de Proyecto":{"('0113-D-2004', 0)":"PROYECTO DE DECLARACI\u00d3N","('0113-D-2004', 1)":null,"('0113-D-2004', 2)":null,"('0113-D-2004', 3)":null,"('0113-D-2004', 4)":null,"('0113-D-2004', 5)":null},"Iniciado en: ":{"('0113-D-2004', 0)":"Diputados","('0113-D-2004', 1)":null,"('0113-D-2004', 2)":null,"('0113-D-2004', 3)":null,"('0113-D-2004', 4)":null,"('0113-D-2004', 5)":null},"Expediente Diputados: ":{"('0113-D-2004', 0)":"0113-D-2004","('0113-D-2004', 1)":null,"('0113-D-2004', 2)":null,"('0113-D-2004', 3)":null,"('0113-D-2004', 4)":null,"('0113-D-2004', 5)":null},"Publicado en: ":{"('0113-D-2004', 0)":"Tr\u00e1mite Parlamentario N\u00b0 2","('0113-D-2004', 1)":null,"('0113-D-2004', 2)":null,"('0113-D-2004', 3)":null,"('0113-D-2004', 4)":null,"('0113-D-2004', 5)":null},"Fecha: ":{"('0113-D-2004', 0)":"02\/03\/2004","('0113-D-2004', 1)":null,"('0113-D-2004', 2)":null,"('0113-D-2004', 3)":null,"('0113-D-2004', 4)":null,"('0113-D-2004', 5)":null},"T\u00edtulo":{"('0113-D-2004', 0)":"EXPRESAR BENEPLACITO POR LA TERCER EDICION DEL LIBRO 'NUEVA HISTORIA DE QUILMES' DE JUAN CARLOS LOMBAN.","('0113-D-2004', 1)":null,"('0113-D-2004', 2)":null,"('0113-D-2004', 3)":null,"('0113-D-2004', 4)":null,"('0113-D-2004', 5)":null},"('Firmantes', 'FIRMANTE')":{"('0113-D-2004', 0)":"MONTEAGUDO, MARIA LUCRECIA","('0113-D-2004', 1)":"JARQUE, MARGARITA OFELIA","('0113-D-2004', 2)":"BASTEIRO, SERGIO ARIEL","('0113-D-2004', 3)":"RIOS, MARIA FABIANA","('0113-D-2004', 4)":"RIVAS, JORGE","('0113-D-2004', 5)":"POLINO, HECTOR TEODORO"},"('Firmantes', 'DISTRITO')":{"('0113-D-2004', 0)":"BUENOS AIRES","('0113-D-2004', 1)":"BUENOS AIRES","('0113-D-2004', 2)":"BUENOS AIRES","('0113-D-2004', 3)":"TIERRA DEL FUEGO","('0113-D-2004', 4)":"BUENOS AIRES","('0113-D-2004', 5)":"CIUDAD de BUENOS AIRES"},"('Firmantes', 'BLOQUE')":{"('0113-D-2004', 0)":"PARTIDO INTRANSIGENTE","('0113-D-2004', 1)":"ENCUENTRO","('0113-D-2004', 2)":"PARTIDO SOCIALISTA","('0113-D-2004', 3)":"ARI","('0113-D-2004', 4)":"PARTIDO SOCIALISTA","('0113-D-2004', 5)":"PARTIDO SOCIALISTA"},"('Giros', 'COMISI\u00d3N')":{"('0113-D-2004', 0)":"CULTURA","('0113-D-2004', 1)":null,"('0113-D-2004', 2)":null,"('0113-D-2004', 3)":null,"('0113-D-2004', 4)":null,"('0113-D-2004', 5)":null},"Palabra Clave":{"('0113-D-2004', 0)":" ","('0113-D-2004', 1)":null,"('0113-D-2004', 2)":null,"('0113-D-2004', 3)":null,"('0113-D-2004', 4)":null,"('0113-D-2004', 5)":null}}