{"Tipo de Proyecto":{"('0114-S-2004', 0)":"PROYECTO DE LEY"},"Iniciado en: ":{"('0114-S-2004', 0)":"Senado"},"Expediente Senado: ":{"('0114-S-2004', 0)":"0114-S-2004"},"Publicado en: ":{"('0114-S-2004', 0)":"Diario de Asuntos Entrados N\u00b0 9"},"Fecha: ":{"('0114-S-2004', 0)":"02\/03\/2004"},"T\u00edtulo":{"('0114-S-2004', 0)":"REGIMEN DE PROTECCION INTEGRAL DEL NI\u00d1O (REPRODUCCION DEL EXPEDIENTE 0278-S-98) (REPRODUCCION DEL EXPEDIENTE 0125-S-02)."},"('Firmantes', 'FIRMANTE')":{"('0114-S-2004', 0)":"AGUNDEZ, JORGE ALFREDO"},"('Firmantes', 'DISTRITO')":{"('0114-S-2004', 0)":"SAN LUIS"},"('Firmantes', 'BLOQUE')":{"('0114-S-2004', 0)":"UCR"},"('Tramites', 'C\u00c1MARA')":{"('0114-S-2004', 0)":"Senado"},"('Tramites', 'MOVIMIENTO')":{"('0114-S-2004', 0)":"AMPLIACION GIRO A LA COMISION DE SEGURIDAD INTERIOR Y NARCOTRAFICO"},"('Tramites', 'FECHA')":{"('0114-S-2004', 0)":"04\/08\/2004"},"('Tramites', 'RESULTADO')":{"('0114-S-2004', 0)":null},"Sumario":{"('0114-S-2004', 0)":"OBJETO; POLITICAS DE ATENCION; SISTEMAS EDUCATIVOS; GARANTIAS BASICAS; CREACION DEL CONSEJO DEL NI\u00d1O Y DEL ADOLESCENTE; REGIMEN PENAL; REGIMEN DE SANCIONES; DEROGACION DE LA LEY 22278 Y DE LOS ARTICULOS 14, 15, 16, 17, 18, 19, 20 Y 21 DE LA LEY 10903."},"Palabra Clave":{"('0114-S-2004', 0)":" "}}