{"Tipo de Proyecto":{"('0115-S-2004', 0)":"PROYECTO DE LEY","('0115-S-2004', 1)":null,"('0115-S-2004', 2)":null,"('0115-S-2004', 3)":null,"('0115-S-2004', 4)":null,"('0115-S-2004', 5)":null},"Iniciado en: ":{"('0115-S-2004', 0)":"Senado","('0115-S-2004', 1)":null,"('0115-S-2004', 2)":null,"('0115-S-2004', 3)":null,"('0115-S-2004', 4)":null,"('0115-S-2004', 5)":null},"Expediente Diputados: ":{"('0115-S-2004', 0)":"0115-S-2004","('0115-S-2004', 1)":null,"('0115-S-2004', 2)":null,"('0115-S-2004', 3)":null,"('0115-S-2004', 4)":null,"('0115-S-2004', 5)":null},"Expediente Senado: ":{"('0115-S-2004', 0)":"0112-S-2004","('0115-S-2004', 1)":null,"('0115-S-2004', 2)":null,"('0115-S-2004', 3)":null,"('0115-S-2004', 4)":null,"('0115-S-2004', 5)":null},"Publicado en: ":{"('0115-S-2004', 0)":"Diario de Asuntos Entrados N\u00b0 8","('0115-S-2004', 1)":null,"('0115-S-2004', 2)":null,"('0115-S-2004', 3)":null,"('0115-S-2004', 4)":null,"('0115-S-2004', 5)":null},"Fecha: ":{"('0115-S-2004', 0)":"02\/03\/2004","('0115-S-2004', 1)":null,"('0115-S-2004', 2)":null,"('0115-S-2004', 3)":null,"('0115-S-2004', 4)":null,"('0115-S-2004', 5)":null},"T\u00edtulo":{"('0115-S-2004', 0)":"REGIMEN PARA TODA PERSONA JURIDICA QUE BRINDE PRESTACIONES EN EL AREA DE LA SALUD A QUIENES CONTRATEN SUS SERVICIOS MEDIANTE EL PAGO DE UNA CUOTA PERIODICA.","('0115-S-2004', 1)":null,"('0115-S-2004', 2)":null,"('0115-S-2004', 3)":null,"('0115-S-2004', 4)":null,"('0115-S-2004', 5)":null},"('Firmantes', 'FIRMANTE')":{"('0115-S-2004', 0)":"OVIEDO, MERCEDES MARGARITA","('0115-S-2004', 1)":"GALLIA, SERGIO ADRIAN","('0115-S-2004', 2)":"DANIELE, MARIO DOMINGO","('0115-S-2004', 3)":null,"('0115-S-2004', 4)":null,"('0115-S-2004', 5)":null},"('Firmantes', 'DISTRITO')":{"('0115-S-2004', 0)":"MISIONES","('0115-S-2004', 1)":"NEUQUEN","('0115-S-2004', 2)":"TIERRA DEL FUEGO","('0115-S-2004', 3)":null,"('0115-S-2004', 4)":null,"('0115-S-2004', 5)":null},"('Firmantes', 'BLOQUE')":{"('0115-S-2004', 0)":"JUSTICIALISTA","('0115-S-2004', 1)":"JUSTICIALISTA","('0115-S-2004', 2)":"JUSTICIALISTA","('0115-S-2004', 3)":null,"('0115-S-2004', 4)":null,"('0115-S-2004', 5)":null},"('Giros', 'COMISI\u00d3N')":{"('0115-S-2004', 0)":"ACCION SOCIAL Y SALUD PUBLICA","('0115-S-2004', 1)":"LEGISLACION GENERAL","('0115-S-2004', 2)":"DEFENSA DEL CONSUMIDOR","('0115-S-2004', 3)":"ASUNTOS COOPERATIVOS, MUTUALES Y DE ORG.NO GUBERNAMENTALES","('0115-S-2004', 4)":"COMERCIO","('0115-S-2004', 5)":"PRESUPUESTO Y HACIENDA"},"('Tramites', 'C\u00c1MARA')":{"('0115-S-2004', 0)":"Senado","('0115-S-2004', 1)":"Diputados","('0115-S-2004', 2)":"Diputados","('0115-S-2004', 3)":null,"('0115-S-2004', 4)":null,"('0115-S-2004', 5)":null},"('Tramites', 'MOVIMIENTO')":{"('0115-S-2004', 0)":"CONSIDERACION Y APROBACION","('0115-S-2004', 1)":"PASA A DIPUTADOS -","('0115-S-2004', 2)":"RESOLUCION DE PRESIDENCIA - AMPLIACION DE GIRO A LA COMISION DE COMERCIO.","('0115-S-2004', 3)":null,"('0115-S-2004', 4)":null,"('0115-S-2004', 5)":null},"('Tramites', 'FECHA')":{"('0115-S-2004', 0)":"25\/08\/2004","('0115-S-2004', 1)":null,"('0115-S-2004', 2)":"14\/12\/2005","('0115-S-2004', 3)":null,"('0115-S-2004', 4)":null,"('0115-S-2004', 5)":null},"('Tramites', 'RESULTADO')":{"('0115-S-2004', 0)":"MEDIA SANCION","('0115-S-2004', 1)":null,"('0115-S-2004', 2)":null,"('0115-S-2004', 3)":null,"('0115-S-2004', 4)":null,"('0115-S-2004', 5)":null},"Sumario":{"('0115-S-2004', 0)":"ADHESION; EXCLUSION DEL REGIMEN DE LA LEY 24754 (MEDICINA PREPAGA); AUTORIDAD DE APLICACION SERA LA SUPERINTENDENCIA DE SERVICIOS DE SALUD; COBERTURA; MODELO DE CONTRATO; CREACION DE LA SUPERINTENDENCIA DE SERVICIOS DE SALUD; INSCRIPCION; FUNCIONES; INFRACCIONES; RECURSOS.","('0115-S-2004', 1)":null,"('0115-S-2004', 2)":null,"('0115-S-2004', 3)":null,"('0115-S-2004', 4)":null,"('0115-S-2004', 5)":null},"Palabra Clave":{"('0115-S-2004', 0)":" ","('0115-S-2004', 1)":null,"('0115-S-2004', 2)":null,"('0115-S-2004', 3)":null,"('0115-S-2004', 4)":null,"('0115-S-2004', 5)":null}}