{"Tipo de Proyecto":{"('0117-D-2004', 0)":"PROYECTO DE RESOLUCI\u00d3N"},"Iniciado en: ":{"('0117-D-2004', 0)":"Diputados"},"Expediente Diputados: ":{"('0117-D-2004', 0)":"0117-D-2004"},"Publicado en: ":{"('0117-D-2004', 0)":"Tr\u00e1mite Parlamentario N\u00b0 2"},"Fecha: ":{"('0117-D-2004', 0)":"02\/03\/2004"},"T\u00edtulo":{"('0117-D-2004', 0)":"SOLICITAR AL PODER EJECUTIVO EL LISTADO DE PRODUCTOS AUTORIZADOS POR EL SERVICIO NACIONAL DE SANIDAD ANIMAL PARA SER UTILIZADOS EN LA PRODUCCION APICOLA."},"('Firmantes', 'FIRMANTE')":{"('0117-D-2004', 0)":"RUBINI, MIRTA ELSA"},"('Firmantes', 'DISTRITO')":{"('0117-D-2004', 0)":"BUENOS AIRES"},"('Firmantes', 'BLOQUE')":{"('0117-D-2004', 0)":"JUSTICIALISTA"},"('Giros', 'COMISI\u00d3N')":{"('0117-D-2004', 0)":"AGRICULTURA Y GANADERIA"},"('Tramites', 'C\u00c1MARA')":{"('0117-D-2004', 0)":"Diputados"},"('Tramites', 'MOVIMIENTO')":{"('0117-D-2004', 0)":"CONSIDERACION Y APROBACION"},"('Tramites', 'FECHA')":{"('0117-D-2004', 0)":"21\/04\/2004"},"('Tramites', 'RESULTADO')":{"('0117-D-2004', 0)":"APROBADO"},"Palabra Clave":{"('0117-D-2004', 0)":" "}}