{"Tipo de Proyecto":{"('0117-S-2004', 0)":"COMUNICACION","('0117-S-2004', 1)":null},"Iniciado en: ":{"('0117-S-2004', 0)":"Senado","('0117-S-2004', 1)":null},"Expediente Senado: ":{"('0117-S-2004', 0)":"0117-S-2004","('0117-S-2004', 1)":null},"Publicado en: ":{"('0117-S-2004', 0)":"Diario de Asuntos Entrados N\u00b0 9","('0117-S-2004', 1)":null},"Fecha: ":{"('0117-S-2004', 0)":"02\/03\/2004","('0117-S-2004', 1)":null},"T\u00edtulo":{"('0117-S-2004', 0)":"SOLICITAR AL PODER EJECUTIVO DENUNCIE ANTE LA CORTE INTERNACIONAL DE JUSTICIA DE LA HAYA, LA VIOLACION DE LA CONVENCION DE VIENA SOBRE RELACIONES DIPLOMATICAS POR PARTE DE JUECES DE LOS ESTADOS UNIDOS DE AMERICA.","('0117-S-2004', 1)":null},"('Firmantes', 'FIRMANTE')":{"('0117-S-2004', 0)":"M\u00dcLLER, MABEL HILDA","('0117-S-2004', 1)":"LOPEZ ARIAS, MARCELO EDUARDO"},"('Firmantes', 'DISTRITO')":{"('0117-S-2004', 0)":"BUENOS AIRES","('0117-S-2004', 1)":"SALTA"},"('Firmantes', 'BLOQUE')":{"('0117-S-2004', 0)":"JUSTICIALISTA","('0117-S-2004', 1)":"JUSTICIALISTA"},"('Tramites', 'C\u00c1MARA')":{"('0117-S-2004', 0)":"Senado","('0117-S-2004', 1)":null},"('Tramites', 'MOVIMIENTO')":{"('0117-S-2004', 0)":"CONSIDERACION Y APROBACION CON MODIFICACIONES CONJUNTAMENTE PARA LOS EXPEDIENTES 3451-S-2003 y 0117-S-2004","('0117-S-2004', 1)":null},"('Tramites', 'FECHA')":{"('0117-S-2004', 0)":"05\/05\/2004","('0117-S-2004', 1)":null},"('Tramites', 'RESULTADO')":{"('0117-S-2004', 0)":"APROBADO","('0117-S-2004', 1)":null},"Link":{"('0117-S-2004', 0)":"http:\/\/www.senado.gov.ar\/parlamentario\/comisiones\/verExp\/117.04\/S\/PC","('0117-S-2004', 1)":null},"Palabra Clave":{"('0117-S-2004', 0)":" ","('0117-S-2004', 1)":null}}