{"Tipo de Proyecto":{"('0118-D-2004', 0)":"PROYECTO DE DECLARACI\u00d3N"},"Iniciado en: ":{"('0118-D-2004', 0)":"Diputados"},"Expediente Diputados: ":{"('0118-D-2004', 0)":"0118-D-2004"},"Publicado en: ":{"('0118-D-2004', 0)":"Tr\u00e1mite Parlamentario N\u00b0 2"},"Fecha: ":{"('0118-D-2004', 0)":"02\/03\/2004"},"T\u00edtulo":{"('0118-D-2004', 0)":"DECLARAR DE INTERES PARLAMENTARIO EL ENCUENTRO DEL GRUPO PARLAMENTARIO MERCOSUR A REALIZARSE EL 4 DE MARZO DE 2004 EN MONTEVIDEO, REPUBLICA ORIENTAL DEL URUGUAY."},"('Firmantes', 'FIRMANTE')":{"('0118-D-2004', 0)":"RUBINI, MIRTA ELSA"},"('Firmantes', 'DISTRITO')":{"('0118-D-2004', 0)":"BUENOS AIRES"},"('Firmantes', 'BLOQUE')":{"('0118-D-2004', 0)":"JUSTICIALISTA"},"('Giros', 'COMISI\u00d3N')":{"('0118-D-2004', 0)":"MERCOSUR"},"Palabra Clave":{"('0118-D-2004', 0)":" "}}