{"Tipo de Proyecto":{"('0119-D-2004', 0)":"PROYECTO DE DECLARACI\u00d3N","('0119-D-2004', 1)":null},"Iniciado en: ":{"('0119-D-2004', 0)":"Diputados","('0119-D-2004', 1)":null},"Expediente Diputados: ":{"('0119-D-2004', 0)":"0119-D-2004","('0119-D-2004', 1)":null},"Publicado en: ":{"('0119-D-2004', 0)":"Tr\u00e1mite Parlamentario N\u00b0 2","('0119-D-2004', 1)":null},"Fecha: ":{"('0119-D-2004', 0)":"02\/03\/2004","('0119-D-2004', 1)":null},"T\u00edtulo":{"('0119-D-2004', 0)":"EXPRESAR BENEPLACITO POR LAS EXPRESIONES VERTIDAS POR EL SE\u00d1OR SECRETARIO DE AGRICULTURA, GANADERIA, PESCA Y ALIMENTACION DE LA NACION, QUE SOLICITO AL VICEMINISTRO DE POLITICAS AGRICOLAS Y FORESTACION DE ITALIA POR LA REDUCCION DE SUBSIDIOS AL AGRO.","('0119-D-2004', 1)":null},"('Firmantes', 'FIRMANTE')":{"('0119-D-2004', 0)":"RUBINI, MIRTA ELSA","('0119-D-2004', 1)":null},"('Firmantes', 'DISTRITO')":{"('0119-D-2004', 0)":"BUENOS AIRES","('0119-D-2004', 1)":null},"('Firmantes', 'BLOQUE')":{"('0119-D-2004', 0)":"JUSTICIALISTA","('0119-D-2004', 1)":null},"('Giros', 'COMISI\u00d3N')":{"('0119-D-2004', 0)":"AGRICULTURA Y GANADERIA","('0119-D-2004', 1)":"COMERCIO"},"('Tramites', 'C\u00c1MARA')":{"('0119-D-2004', 0)":"Diputados","('0119-D-2004', 1)":null},"('Tramites', 'MOVIMIENTO')":{"('0119-D-2004', 0)":"CONSIDERACION Y APROBACION","('0119-D-2004', 1)":null},"('Tramites', 'FECHA')":{"('0119-D-2004', 0)":"12\/05\/2004","('0119-D-2004', 1)":null},"('Tramites', 'RESULTADO')":{"('0119-D-2004', 0)":"APROBADO","('0119-D-2004', 1)":null},"Palabra Clave":{"('0119-D-2004', 0)":" ","('0119-D-2004', 1)":null}}