{"Tipo de Proyecto":{"('0125-S-2004', 0)":"PROYECTO DE RESOLUCI\u00d3N","('0125-S-2004', 1)":null,"('0125-S-2004', 2)":null,"('0125-S-2004', 3)":null},"Iniciado en: ":{"('0125-S-2004', 0)":"Senado","('0125-S-2004', 1)":null,"('0125-S-2004', 2)":null,"('0125-S-2004', 3)":null},"Expediente Diputados: ":{"('0125-S-2004', 0)":"0125-S-2004","('0125-S-2004', 1)":null,"('0125-S-2004', 2)":null,"('0125-S-2004', 3)":null},"Expediente Senado: ":{"('0125-S-2004', 0)":"0373-OV-2002","('0125-S-2004', 1)":null,"('0125-S-2004', 2)":null,"('0125-S-2004', 3)":null},"Fecha: ":{"('0125-S-2004', 0)":"17\/08\/2004","('0125-S-2004', 1)":null,"('0125-S-2004', 2)":null,"('0125-S-2004', 3)":null},"T\u00edtulo":{"('0125-S-2004', 0)":"PEDIDO DE INFORMES AL PODER EJECUTIVO SOBRE RESOLUCION REMITIDA POR LA AUDITORIA GENERAL DE LA NACION RELATIVA A UN INFORME CUYO OBJETIVO FUE CONTROLAR LA LEGALIDAD DE LOS ACTOS ADMINISTRATIVOS Y LA GESTION ECONOMICA Y FINANCIERA LLEVADAS A CABO POR LA INTERVENCION FEDERAL EN LA PROVINCIA DE CORRIENTES, DE ACUERDO A LO DISPUESTO EN EL ARTICULO 5 DE LA LEY 25343, DE PRORROGA DE LA INTERVENCION A LA PROVINCIA DE CORRIENTES DECLARADA POR LEY 25236 HASTA EL 10 DE DICIEMBRE DE 2001.","('0125-S-2004', 1)":null,"('0125-S-2004', 2)":null,"('0125-S-2004', 3)":null},"('Firmantes', 'FIRMANTE')":{"('0125-S-2004', 0)":"PARLAMENTARIA MIXTA REVISORA DE CUENTAS","('0125-S-2004', 1)":null,"('0125-S-2004', 2)":null,"('0125-S-2004', 3)":null},"('Firmantes', 'DISTRITO')":{"('0125-S-2004', 0)":null,"('0125-S-2004', 1)":null,"('0125-S-2004', 2)":null,"('0125-S-2004', 3)":null},"('Firmantes', 'BLOQUE')":{"('0125-S-2004', 0)":null,"('0125-S-2004', 1)":null,"('0125-S-2004', 2)":null,"('0125-S-2004', 3)":null},"('Giros', 'COMISI\u00d3N')":{"('0125-S-2004', 0)":"PARLAMENTARIA MIXTA REVISORA DE CUENTAS","('0125-S-2004', 1)":null,"('0125-S-2004', 2)":null,"('0125-S-2004', 3)":null},"('Tramites', 'C\u00c1MARA')":{"('0125-S-2004', 0)":"Senado","('0125-S-2004', 1)":"Diputados","('0125-S-2004', 2)":"Diputados","('0125-S-2004', 3)":"Diputados"},"('Tramites', 'MOVIMIENTO')":{"('0125-S-2004', 0)":"CONSIDERACION Y APROBACION","('0125-S-2004', 1)":"PASA A DIPUTADOS -","('0125-S-2004', 2)":"CONSIDERACION Y APROBACION","('0125-S-2004', 3)":"CONTESTACION DEL PODER EJECUTIVO NACIONAL - JEFE DE GABINETE DE MINISTROS - GIRADO A LA COMISION RESPECTIVA"},"('Tramites', 'FECHA')":{"('0125-S-2004', 0)":"01\/09\/2004","('0125-S-2004', 1)":null,"('0125-S-2004', 2)":"06\/10\/2004","('0125-S-2004', 3)":"19\/04\/2006"},"('Tramites', 'RESULTADO')":{"('0125-S-2004', 0)":"APROBADO","('0125-S-2004', 1)":null,"('0125-S-2004', 2)":"APROBADO","('0125-S-2004', 3)":null},"Link":{"('0125-S-2004', 0)":"http:\/\/www.senado.gov.ar\/parlamentario\/comisiones\/verExp\/373.02\/OV\/PR","('0125-S-2004', 1)":null,"('0125-S-2004', 2)":null,"('0125-S-2004', 3)":null},"Palabra Clave":{"('0125-S-2004', 0)":" ","('0125-S-2004', 1)":null,"('0125-S-2004', 2)":null,"('0125-S-2004', 3)":null}}