{"Tipo de Proyecto":{"('0126-S-2004', 0)":"PROYECTO DE RESOLUCI\u00d3N","('0126-S-2004', 1)":null,"('0126-S-2004', 2)":null,"('0126-S-2004', 3)":null},"Iniciado en: ":{"('0126-S-2004', 0)":"Senado","('0126-S-2004', 1)":null,"('0126-S-2004', 2)":null,"('0126-S-2004', 3)":null},"Expediente Diputados: ":{"('0126-S-2004', 0)":"0126-S-2004","('0126-S-2004', 1)":null,"('0126-S-2004', 2)":null,"('0126-S-2004', 3)":null},"Expediente Senado: ":{"('0126-S-2004', 0)":"0213-OV-2003","('0126-S-2004', 1)":null,"('0126-S-2004', 2)":null,"('0126-S-2004', 3)":null},"Fecha: ":{"('0126-S-2004', 0)":"17\/08\/2004","('0126-S-2004', 1)":null,"('0126-S-2004', 2)":null,"('0126-S-2004', 3)":null},"T\u00edtulo":{"('0126-S-2004', 0)":"PEDIDO DE INFORMES AL PODER EJECUTIVO SOBRE RESOLUCION REMITIDA POR LA AUDITORIA GENERAL DE LA NACION SOBRE LA CARTA DE LOS AUDITORES A LA GERENCIA DEL PROGRAMA DE APOYO A LA INSTITUCIONALIZACION DE LA ADMINISTRACION FEDERAL DE INGRESOS PUBLICOS - CONVENIO DE PRESTAMO 1034\/OC-AR BID - PROYECTO PNUD ARG\/97\/035.","('0126-S-2004', 1)":null,"('0126-S-2004', 2)":null,"('0126-S-2004', 3)":null},"('Firmantes', 'FIRMANTE')":{"('0126-S-2004', 0)":"PARLAMENTARIA MIXTA REVISORA DE CUENTAS","('0126-S-2004', 1)":null,"('0126-S-2004', 2)":null,"('0126-S-2004', 3)":null},"('Firmantes', 'DISTRITO')":{"('0126-S-2004', 0)":null,"('0126-S-2004', 1)":null,"('0126-S-2004', 2)":null,"('0126-S-2004', 3)":null},"('Firmantes', 'BLOQUE')":{"('0126-S-2004', 0)":null,"('0126-S-2004', 1)":null,"('0126-S-2004', 2)":null,"('0126-S-2004', 3)":null},"('Giros', 'COMISI\u00d3N')":{"('0126-S-2004', 0)":"PARLAMENTARIA MIXTA REVISORA DE CUENTAS","('0126-S-2004', 1)":null,"('0126-S-2004', 2)":null,"('0126-S-2004', 3)":null},"('Tramites', 'C\u00c1MARA')":{"('0126-S-2004', 0)":"Senado","('0126-S-2004', 1)":"Diputados","('0126-S-2004', 2)":"Diputados","('0126-S-2004', 3)":"Diputados"},"('Tramites', 'MOVIMIENTO')":{"('0126-S-2004', 0)":"CONSIDERACION Y APROBACION","('0126-S-2004', 1)":"PASA A DIPUTADOS -","('0126-S-2004', 2)":"CONSIDERACION Y APROBACION","('0126-S-2004', 3)":"CONTESTACION DEL PODER EJECUTIVO NACIONAL - JEFE DE GABINETE DE MINISTROS - GIRADO A LA COMISION RESPECTIVA"},"('Tramites', 'FECHA')":{"('0126-S-2004', 0)":"01\/09\/2004","('0126-S-2004', 1)":null,"('0126-S-2004', 2)":"06\/10\/2004","('0126-S-2004', 3)":"07\/07\/2005"},"('Tramites', 'RESULTADO')":{"('0126-S-2004', 0)":"APROBADO","('0126-S-2004', 1)":null,"('0126-S-2004', 2)":"APROBADO","('0126-S-2004', 3)":null},"Link":{"('0126-S-2004', 0)":"http:\/\/www.senado.gov.ar\/parlamentario\/comisiones\/verExp\/213.03\/OV\/PR","('0126-S-2004', 1)":null,"('0126-S-2004', 2)":null,"('0126-S-2004', 3)":null},"Palabra Clave":{"('0126-S-2004', 0)":" ","('0126-S-2004', 1)":null,"('0126-S-2004', 2)":null,"('0126-S-2004', 3)":null}}