{"Tipo de Proyecto":{"('0130-S-2004', 0)":"PROYECTO DE RESOLUCI\u00d3N","('0130-S-2004', 1)":null,"('0130-S-2004', 2)":null},"Iniciado en: ":{"('0130-S-2004', 0)":"Senado","('0130-S-2004', 1)":null,"('0130-S-2004', 2)":null},"Expediente Diputados: ":{"('0130-S-2004', 0)":"0130-S-2004","('0130-S-2004', 1)":null,"('0130-S-2004', 2)":null},"Expediente Senado: ":{"('0130-S-2004', 0)":"0545-OVD-1999","('0130-S-2004', 1)":null,"('0130-S-2004', 2)":null},"Fecha: ":{"('0130-S-2004', 0)":"17\/08\/2004","('0130-S-2004', 1)":null,"('0130-S-2004', 2)":null},"T\u00edtulo":{"('0130-S-2004', 0)":"DICTAMEN EN LA RESPUESTA ENVIADA POR LA JEFATURA DE GABINETE DE MINISTROS EN RELACION A LA RESOLUCION 0163-S-98 (0612-OV-96) SOBRE LA DEFENSA DE FERROCARRILES ARGENTINOS EN EL LITIGIO Y POSTERIOR VENTA DE LAS PLAZOLETAS UBICADAS EN LA ESTACION BELGRANO DEL FERROCARRIL GENERAL BARTOLOME MITRE.","('0130-S-2004', 1)":null,"('0130-S-2004', 2)":null},"('Firmantes', 'FIRMANTE')":{"('0130-S-2004', 0)":"PARLAMENTARIA MIXTA REVISORA DE CUENTAS","('0130-S-2004', 1)":null,"('0130-S-2004', 2)":null},"('Firmantes', 'DISTRITO')":{"('0130-S-2004', 0)":null,"('0130-S-2004', 1)":null,"('0130-S-2004', 2)":null},"('Firmantes', 'BLOQUE')":{"('0130-S-2004', 0)":null,"('0130-S-2004', 1)":null,"('0130-S-2004', 2)":null},"('Giros', 'COMISI\u00d3N')":{"('0130-S-2004', 0)":"PARLAMENTARIA MIXTA REVISORA DE CUENTAS","('0130-S-2004', 1)":null,"('0130-S-2004', 2)":null},"('Tramites', 'C\u00c1MARA')":{"('0130-S-2004', 0)":"Senado","('0130-S-2004', 1)":"Diputados","('0130-S-2004', 2)":"Diputados"},"('Tramites', 'MOVIMIENTO')":{"('0130-S-2004', 0)":"CONSIDERACION Y APROBACION","('0130-S-2004', 1)":"PASA A DIPUTADOS -","('0130-S-2004', 2)":"CONSIDERACION Y APROBACION"},"('Tramites', 'FECHA')":{"('0130-S-2004', 0)":"01\/09\/2004","('0130-S-2004', 1)":null,"('0130-S-2004', 2)":"06\/10\/2004"},"('Tramites', 'RESULTADO')":{"('0130-S-2004', 0)":"APROBADO","('0130-S-2004', 1)":null,"('0130-S-2004', 2)":"APROBADO"},"Sumario":{"('0130-S-2004', 0)":"REMITIR COPIA DE LA ACTUACIONES A LA PROCURACION GENERAL DE LA NACION.","('0130-S-2004', 1)":null,"('0130-S-2004', 2)":null},"Palabra Clave":{"('0130-S-2004', 0)":" ","('0130-S-2004', 1)":null,"('0130-S-2004', 2)":null}}