{"Tipo de Proyecto":{"('0131-S-2004', 0)":"PROYECTO DE RESOLUCI\u00d3N","('0131-S-2004', 1)":null,"('0131-S-2004', 2)":null,"('0131-S-2004', 3)":null},"Iniciado en: ":{"('0131-S-2004', 0)":"Senado","('0131-S-2004', 1)":null,"('0131-S-2004', 2)":null,"('0131-S-2004', 3)":null},"Expediente Diputados: ":{"('0131-S-2004', 0)":"0131-S-2004","('0131-S-2004', 1)":null,"('0131-S-2004', 2)":null,"('0131-S-2004', 3)":null},"Expediente Senado: ":{"('0131-S-2004', 0)":"0739-OV-2001","('0131-S-2004', 1)":null,"('0131-S-2004', 2)":null,"('0131-S-2004', 3)":null},"Fecha: ":{"('0131-S-2004', 0)":"18\/08\/2004","('0131-S-2004', 1)":null,"('0131-S-2004', 2)":null,"('0131-S-2004', 3)":null},"T\u00edtulo":{"('0131-S-2004', 0)":"PEDIDO DE INFORMES AL PODER EJECUTIVO SOBRE: JEFE DE GABINETE DE MINISTROS REMITE RESPUESTA EN RELACION A LA RESOLUCION APROBADA POR AMBAS CAMARAS (0193-S-00), SOBRE LAS MEDIDAS ADOPTADAS A LOS FINES DE REGULARIZAR LAS OBSERVACIONES EFECTUADAS POR LA AUDITORIA GENERAL DE LA NACION EN RELACION AL AMBIENTE DE CONTROL INTERNO EXISTENTE EN LOTERIA NACIONAL SOCIEDAD DEL ESTADO (0272-OVD-01); RECOMENDACIONES PARA EL MEJORAMIENTO DE LOS PROCEDIMIENTOS CONTABLES Y DE CONTROL INTERNO, EJERCICIO 1999 (0739-OV-01); ESTADOS CONTABLES AL 31 DE DICIEMBRE DE 2000 (0229-OV-02); LA ESTRUCTURA DE CONTROL INTERNO, EJERCICIO 2000 (0067-OV-03); ESTADOS CONTABLES, EJERCICIO 2001 (0264-OV-03); AGN REMITE EJEMPLAR DE LOS ESTADOS CONTABLES, EJERCICIO 2001 (0381-OV-03); JEFE DE GABINETE DE MINISTROS REMITE RESPUESTA EN RELACION A LA RESOLUCION APROBADA POR AMBAS CAMARAS (0193-S-00), SOBRE LAS MEDIDAS ADOPTADAS A LOS FINES DE REGULARIZAR LAS OBSERVACIONES EFECTUADAS POR LA AGN EN RELACION AL AMBIENTE DE CONTROL INTERNO EXISTENTE EN LOTERIA NACIONAL SE (0594-OVD-03); AUDITORIA DE GESTION DE LOS JUICIOS PREVISIONADOS EN LOS ESTADOS CONTABLES POSTERIORES A 1998 (0698-OV-03); AGN REMITE DESCARGO DE LOTERIA NACIONAL SE, RESPECTO DE LA RESOLUCION 1\/04 AGN (0699-OV-03); SOBRE AMBIENTE DE CONTROL INTERNO, EJERCICIO 2001 (0729-OV-03).","('0131-S-2004', 1)":null,"('0131-S-2004', 2)":null,"('0131-S-2004', 3)":null},"('Firmantes', 'FIRMANTE')":{"('0131-S-2004', 0)":"PARLAMENTARIA MIXTA REVISORA DE CUENTAS","('0131-S-2004', 1)":null,"('0131-S-2004', 2)":null,"('0131-S-2004', 3)":null},"('Firmantes', 'DISTRITO')":{"('0131-S-2004', 0)":null,"('0131-S-2004', 1)":null,"('0131-S-2004', 2)":null,"('0131-S-2004', 3)":null},"('Firmantes', 'BLOQUE')":{"('0131-S-2004', 0)":null,"('0131-S-2004', 1)":null,"('0131-S-2004', 2)":null,"('0131-S-2004', 3)":null},"('Giros', 'COMISI\u00d3N')":{"('0131-S-2004', 0)":"PARLAMENTARIA MIXTA REVISORA DE CUENTAS","('0131-S-2004', 1)":null,"('0131-S-2004', 2)":null,"('0131-S-2004', 3)":null},"('Tramites', 'C\u00c1MARA')":{"('0131-S-2004', 0)":"Senado","('0131-S-2004', 1)":"Diputados","('0131-S-2004', 2)":"Diputados","('0131-S-2004', 3)":"Diputados"},"('Tramites', 'MOVIMIENTO')":{"('0131-S-2004', 0)":"CONSIDERACION Y APROBACION","('0131-S-2004', 1)":"PASA A DIPUTADOS -","('0131-S-2004', 2)":"CONSIDERACION Y APROBACION","('0131-S-2004', 3)":"CONTESTACION DEL PODER EJECUTIVO NACIONAL - JEFE DE GABINETE DE MINISTROS - GIRADO A LA COMISION RESPECTIVA"},"('Tramites', 'FECHA')":{"('0131-S-2004', 0)":"01\/09\/2004","('0131-S-2004', 1)":null,"('0131-S-2004', 2)":"06\/10\/2004","('0131-S-2004', 3)":"20\/04\/2005"},"('Tramites', 'RESULTADO')":{"('0131-S-2004', 0)":"APROBADO","('0131-S-2004', 1)":null,"('0131-S-2004', 2)":"APROBADO","('0131-S-2004', 3)":null},"Link":{"('0131-S-2004', 0)":"http:\/\/www.senado.gov.ar\/parlamentario\/comisiones\/verExp\/739.01\/OV\/PR","('0131-S-2004', 1)":null,"('0131-S-2004', 2)":null,"('0131-S-2004', 3)":null},"Palabra Clave":{"('0131-S-2004', 0)":" ","('0131-S-2004', 1)":null,"('0131-S-2004', 2)":null,"('0131-S-2004', 3)":null}}