{"Tipo de Proyecto":{"('0132-S-2004', 0)":"PROYECTO DE RESOLUCI\u00d3N","('0132-S-2004', 1)":null,"('0132-S-2004', 2)":null,"('0132-S-2004', 3)":null},"Iniciado en: ":{"('0132-S-2004', 0)":"Senado","('0132-S-2004', 1)":null,"('0132-S-2004', 2)":null,"('0132-S-2004', 3)":null},"Expediente Diputados: ":{"('0132-S-2004', 0)":"0132-S-2004","('0132-S-2004', 1)":null,"('0132-S-2004', 2)":null,"('0132-S-2004', 3)":null},"Expediente Senado: ":{"('0132-S-2004', 0)":"0182-OV-2003","('0132-S-2004', 1)":null,"('0132-S-2004', 2)":null,"('0132-S-2004', 3)":null},"Fecha: ":{"('0132-S-2004', 0)":"18\/08\/2004","('0132-S-2004', 1)":null,"('0132-S-2004', 2)":null,"('0132-S-2004', 3)":null},"T\u00edtulo":{"('0132-S-2004', 0)":"RESOLUCION REMITIDA POR LA AUDITORIA GENERAL DE LA NACION SOBRE UN INFORME REFERENTA A REDES SATELITALES NAHUELSAT SOCIEDAD ANONIMA Y LAS OBLIGACIONES DE CONTROL A CARGO DE LA SECRETARIA DE COMUNICACIONES Y DE LA COMISION NACIONAL DE COMUNICACION (0182-OV-03); Y DESCARGO ACERCA DE LA RESOLUCION AGN 51\/03 (0185-OV-03).","('0132-S-2004', 1)":null,"('0132-S-2004', 2)":null,"('0132-S-2004', 3)":null},"('Firmantes', 'FIRMANTE')":{"('0132-S-2004', 0)":"PARLAMENTARIA MIXTA REVISORA DE CUENTAS","('0132-S-2004', 1)":null,"('0132-S-2004', 2)":null,"('0132-S-2004', 3)":null},"('Firmantes', 'DISTRITO')":{"('0132-S-2004', 0)":null,"('0132-S-2004', 1)":null,"('0132-S-2004', 2)":null,"('0132-S-2004', 3)":null},"('Firmantes', 'BLOQUE')":{"('0132-S-2004', 0)":null,"('0132-S-2004', 1)":null,"('0132-S-2004', 2)":null,"('0132-S-2004', 3)":null},"('Giros', 'COMISI\u00d3N')":{"('0132-S-2004', 0)":"PARLAMENTARIA MIXTA REVISORA DE CUENTAS","('0132-S-2004', 1)":null,"('0132-S-2004', 2)":null,"('0132-S-2004', 3)":null},"('Tramites', 'C\u00c1MARA')":{"('0132-S-2004', 0)":"Senado","('0132-S-2004', 1)":"Diputados","('0132-S-2004', 2)":"Diputados","('0132-S-2004', 3)":"Diputados"},"('Tramites', 'MOVIMIENTO')":{"('0132-S-2004', 0)":"CONSIDERACION Y APROBACION","('0132-S-2004', 1)":"PASA A DIPUTADOS -","('0132-S-2004', 2)":"CONSIDERACION Y APROBACION","('0132-S-2004', 3)":"CONTESTACION DEL PODER EJECUTIVO NACIONAL - JEFE DE GABINETE DE MINISTROS - GIRADO A LA COMISION RESPECTIVA"},"('Tramites', 'FECHA')":{"('0132-S-2004', 0)":"01\/09\/2004","('0132-S-2004', 1)":null,"('0132-S-2004', 2)":"06\/10\/2004","('0132-S-2004', 3)":"20\/04\/2005"},"('Tramites', 'RESULTADO')":{"('0132-S-2004', 0)":"APROBADO","('0132-S-2004', 1)":null,"('0132-S-2004', 2)":"APROBADO","('0132-S-2004', 3)":null},"Sumario":{"('0132-S-2004', 0)":"HABIENDO TOMADO CONOCIMIENTO, SE RECOMIENDA SU REMISION AL ARCHIVO.","('0132-S-2004', 1)":null,"('0132-S-2004', 2)":null,"('0132-S-2004', 3)":null},"Palabra Clave":{"('0132-S-2004', 0)":" ","('0132-S-2004', 1)":null,"('0132-S-2004', 2)":null,"('0132-S-2004', 3)":null}}