{"Tipo de Proyecto":{"('0133-S-2004', 0)":"PROYECTO DE RESOLUCI\u00d3N","('0133-S-2004', 1)":null,"('0133-S-2004', 2)":null,"('0133-S-2004', 3)":null},"Iniciado en: ":{"('0133-S-2004', 0)":"Senado","('0133-S-2004', 1)":null,"('0133-S-2004', 2)":null,"('0133-S-2004', 3)":null},"Expediente Diputados: ":{"('0133-S-2004', 0)":"0133-S-2004","('0133-S-2004', 1)":null,"('0133-S-2004', 2)":null,"('0133-S-2004', 3)":null},"Expediente Senado: ":{"('0133-S-2004', 0)":"0127-OV-2002","('0133-S-2004', 1)":null,"('0133-S-2004', 2)":null,"('0133-S-2004', 3)":null},"Fecha: ":{"('0133-S-2004', 0)":"18\/08\/2004","('0133-S-2004', 1)":null,"('0133-S-2004', 2)":null,"('0133-S-2004', 3)":null},"T\u00edtulo":{"('0133-S-2004', 0)":"PEDIDO DE INFORMES AL PODER EJECUTIVO SOBRE RESOLUCIONES REMITIDAS POR LA AUDITORIA GENERAL DE LA NACION SOBRE: ESTADOS CONTABLES AL 31 DE DICIEMBRE DE 2000 (0127-OV-02); ESTADOS CONTABLES AL 31 DE DICIEMBRE DE 2001 (0420-OV-03); AGN REMITE RESPUESTA AL REQUERIMIENTO REFERIDO AL INFORME SOBRE LOS ESTADOS CONTABLES AL 31 DE DICIEMBRE DE 2000, EN EL AMBITO DE LA COMISION NACIONAL DE ENERGIA ATOMICA.","('0133-S-2004', 1)":null,"('0133-S-2004', 2)":null,"('0133-S-2004', 3)":null},"('Firmantes', 'FIRMANTE')":{"('0133-S-2004', 0)":"PARLAMENTARIA MIXTA REVISORA DE CUENTAS","('0133-S-2004', 1)":null,"('0133-S-2004', 2)":null,"('0133-S-2004', 3)":null},"('Firmantes', 'DISTRITO')":{"('0133-S-2004', 0)":null,"('0133-S-2004', 1)":null,"('0133-S-2004', 2)":null,"('0133-S-2004', 3)":null},"('Firmantes', 'BLOQUE')":{"('0133-S-2004', 0)":null,"('0133-S-2004', 1)":null,"('0133-S-2004', 2)":null,"('0133-S-2004', 3)":null},"('Giros', 'COMISI\u00d3N')":{"('0133-S-2004', 0)":"PARLAMENTARIA MIXTA REVISORA DE CUENTAS","('0133-S-2004', 1)":null,"('0133-S-2004', 2)":null,"('0133-S-2004', 3)":null},"('Tramites', 'C\u00c1MARA')":{"('0133-S-2004', 0)":"Senado","('0133-S-2004', 1)":"Diputados","('0133-S-2004', 2)":"Diputados","('0133-S-2004', 3)":"Diputados"},"('Tramites', 'MOVIMIENTO')":{"('0133-S-2004', 0)":"CONSIDERACION Y APROBACION","('0133-S-2004', 1)":"PASA A DIPUTADOS -","('0133-S-2004', 2)":"CONSIDERACION Y APROBACION","('0133-S-2004', 3)":"CONTESTACION DEL PODER EJECUTIVO NACIONAL - JEFE DE GABINETE DE MINISTROS - GIRADO A LA COMISION RESPECTIVA"},"('Tramites', 'FECHA')":{"('0133-S-2004', 0)":"01\/09\/2004","('0133-S-2004', 1)":null,"('0133-S-2004', 2)":"06\/10\/2004","('0133-S-2004', 3)":"20\/04\/2005"},"('Tramites', 'RESULTADO')":{"('0133-S-2004', 0)":"APROBADO","('0133-S-2004', 1)":null,"('0133-S-2004', 2)":"APROBADO","('0133-S-2004', 3)":null},"Link":{"('0133-S-2004', 0)":"http:\/\/www.senado.gov.ar\/parlamentario\/comisiones\/verExp\/127.02\/OV\/PR","('0133-S-2004', 1)":null,"('0133-S-2004', 2)":null,"('0133-S-2004', 3)":null},"Palabra Clave":{"('0133-S-2004', 0)":" ","('0133-S-2004', 1)":null,"('0133-S-2004', 2)":null,"('0133-S-2004', 3)":null}}