{"Tipo de Proyecto":{"('0135-S-2004', 0)":"PROYECTO DE RESOLUCI\u00d3N","('0135-S-2004', 1)":null,"('0135-S-2004', 2)":null,"('0135-S-2004', 3)":null},"Iniciado en: ":{"('0135-S-2004', 0)":"Senado","('0135-S-2004', 1)":null,"('0135-S-2004', 2)":null,"('0135-S-2004', 3)":null},"Expediente Diputados: ":{"('0135-S-2004', 0)":"0135-S-2004","('0135-S-2004', 1)":null,"('0135-S-2004', 2)":null,"('0135-S-2004', 3)":null},"Expediente Senado: ":{"('0135-S-2004', 0)":"0055-OV-2003","('0135-S-2004', 1)":null,"('0135-S-2004', 2)":null,"('0135-S-2004', 3)":null},"Fecha: ":{"('0135-S-2004', 0)":"18\/08\/2004","('0135-S-2004', 1)":null,"('0135-S-2004', 2)":null,"('0135-S-2004', 3)":null},"T\u00edtulo":{"('0135-S-2004', 0)":"PEDIDO DE INFORMES AL PODER EJECUTIVO SOBRE RESOLUCION REMITIDA POR LA AUDITORIA GENERAL DE LA NACION SOBRE LOS ESTADOS CONTABLES Y MEMORANDUM DE CONTROL INTERNO AL 30 DE JUNIO DE 2002, FONDO DE GARANTIA LEY 24577 ARTICULO 33, EN EL AMBITO DE LA SUPERINTENDENCIA DE RIESGOS DEL TRABAJO.","('0135-S-2004', 1)":null,"('0135-S-2004', 2)":null,"('0135-S-2004', 3)":null},"('Firmantes', 'FIRMANTE')":{"('0135-S-2004', 0)":"PARLAMENTARIA MIXTA REVISORA DE CUENTAS","('0135-S-2004', 1)":null,"('0135-S-2004', 2)":null,"('0135-S-2004', 3)":null},"('Firmantes', 'DISTRITO')":{"('0135-S-2004', 0)":null,"('0135-S-2004', 1)":null,"('0135-S-2004', 2)":null,"('0135-S-2004', 3)":null},"('Firmantes', 'BLOQUE')":{"('0135-S-2004', 0)":null,"('0135-S-2004', 1)":null,"('0135-S-2004', 2)":null,"('0135-S-2004', 3)":null},"('Giros', 'COMISI\u00d3N')":{"('0135-S-2004', 0)":"PARLAMENTARIA MIXTA REVISORA DE CUENTAS","('0135-S-2004', 1)":null,"('0135-S-2004', 2)":null,"('0135-S-2004', 3)":null},"('Tramites', 'C\u00c1MARA')":{"('0135-S-2004', 0)":"Senado","('0135-S-2004', 1)":"Diputados","('0135-S-2004', 2)":"Diputados","('0135-S-2004', 3)":"Diputados"},"('Tramites', 'MOVIMIENTO')":{"('0135-S-2004', 0)":"CONSIDERACION Y APROBACION","('0135-S-2004', 1)":"PASA A DIPUTADOS -","('0135-S-2004', 2)":"CONSIDERACION Y APROBACION","('0135-S-2004', 3)":"CONTESTACION DEL PODER EJECUTIVO NACIONAL - JEFE DE GABINETE DE MINISTROS - GIRADO A LA COMISION RESPECTIVA"},"('Tramites', 'FECHA')":{"('0135-S-2004', 0)":"01\/09\/2004","('0135-S-2004', 1)":null,"('0135-S-2004', 2)":"03\/11\/2004","('0135-S-2004', 3)":"01\/06\/2005"},"('Tramites', 'RESULTADO')":{"('0135-S-2004', 0)":"APROBADO","('0135-S-2004', 1)":null,"('0135-S-2004', 2)":"APROBADO","('0135-S-2004', 3)":null},"Link":{"('0135-S-2004', 0)":"http:\/\/www.senado.gov.ar\/parlamentario\/comisiones\/verExp\/55.03\/OV\/PR","('0135-S-2004', 1)":null,"('0135-S-2004', 2)":null,"('0135-S-2004', 3)":null},"Palabra Clave":{"('0135-S-2004', 0)":" ","('0135-S-2004', 1)":null,"('0135-S-2004', 2)":null,"('0135-S-2004', 3)":null}}