{"Tipo de Proyecto":{"('0136-S-2004', 0)":"PROYECTO DE RESOLUCI\u00d3N","('0136-S-2004', 1)":null,"('0136-S-2004', 2)":null,"('0136-S-2004', 3)":null},"Iniciado en: ":{"('0136-S-2004', 0)":"Senado","('0136-S-2004', 1)":null,"('0136-S-2004', 2)":null,"('0136-S-2004', 3)":null},"Expediente Diputados: ":{"('0136-S-2004', 0)":"0136-S-2004","('0136-S-2004', 1)":null,"('0136-S-2004', 2)":null,"('0136-S-2004', 3)":null},"Expediente Senado: ":{"('0136-S-2004', 0)":"0073-OV-2004","('0136-S-2004', 1)":null,"('0136-S-2004', 2)":null,"('0136-S-2004', 3)":null},"Fecha: ":{"('0136-S-2004', 0)":"18\/08\/2004","('0136-S-2004', 1)":null,"('0136-S-2004', 2)":null,"('0136-S-2004', 3)":null},"T\u00edtulo":{"('0136-S-2004', 0)":"PEDIDO DE INFORMES AL PODER EJECUTIVO SOBRE RESOLUCION REMITIDA POR LA AUDITORIA GENERAL DE LA NACION SOBRE UNA AUDITORIA DE CONTROL DE GESTION AMBIENTAL (0073-OV-04) Y LE REMISION DE DESCARGO EFECTUADO POR EL ENTE REGULADOR, REFERENTE A LA RESOLUCION AGN 29\/04 (0079-OV-04), EN EL AMBITO DEL ENTE NACIONAL REGULADOR DE LA ELECTRICIDAD (ENRE).","('0136-S-2004', 1)":null,"('0136-S-2004', 2)":null,"('0136-S-2004', 3)":null},"('Firmantes', 'FIRMANTE')":{"('0136-S-2004', 0)":"PARLAMENTARIA MIXTA REVISORA DE CUENTAS","('0136-S-2004', 1)":null,"('0136-S-2004', 2)":null,"('0136-S-2004', 3)":null},"('Firmantes', 'DISTRITO')":{"('0136-S-2004', 0)":null,"('0136-S-2004', 1)":null,"('0136-S-2004', 2)":null,"('0136-S-2004', 3)":null},"('Firmantes', 'BLOQUE')":{"('0136-S-2004', 0)":null,"('0136-S-2004', 1)":null,"('0136-S-2004', 2)":null,"('0136-S-2004', 3)":null},"('Giros', 'COMISI\u00d3N')":{"('0136-S-2004', 0)":"PARLAMENTARIA MIXTA REVISORA DE CUENTAS","('0136-S-2004', 1)":null,"('0136-S-2004', 2)":null,"('0136-S-2004', 3)":null},"('Tramites', 'C\u00c1MARA')":{"('0136-S-2004', 0)":"Senado","('0136-S-2004', 1)":"Diputados","('0136-S-2004', 2)":"Diputados","('0136-S-2004', 3)":"Diputados"},"('Tramites', 'MOVIMIENTO')":{"('0136-S-2004', 0)":"CONSIDERACION Y APROBACION","('0136-S-2004', 1)":"PASA A DIPUTADOS -","('0136-S-2004', 2)":"CONSIDERACION Y APROBACION","('0136-S-2004', 3)":"CONTESTACION DEL PODER EJECUTIVO NACIONAL - JEFE DE GABINETE DE MINISTROS - GIRADO A LA COMISION RESPECTIVA"},"('Tramites', 'FECHA')":{"('0136-S-2004', 0)":"01\/09\/2004","('0136-S-2004', 1)":null,"('0136-S-2004', 2)":"06\/10\/2004","('0136-S-2004', 3)":"06\/04\/2005"},"('Tramites', 'RESULTADO')":{"('0136-S-2004', 0)":"APROBADO","('0136-S-2004', 1)":null,"('0136-S-2004', 2)":"APROBADO","('0136-S-2004', 3)":null},"Link":{"('0136-S-2004', 0)":"http:\/\/www.senado.gov.ar\/parlamentario\/comisiones\/verExp\/73.04\/OV\/PR","('0136-S-2004', 1)":null,"('0136-S-2004', 2)":null,"('0136-S-2004', 3)":null},"Palabra Clave":{"('0136-S-2004', 0)":" ","('0136-S-2004', 1)":null,"('0136-S-2004', 2)":null,"('0136-S-2004', 3)":null}}