{"Tipo de Proyecto":{"('0137-S-2004', 0)":"COMUNICACION"},"Iniciado en: ":{"('0137-S-2004', 0)":"Senado"},"Expediente Senado: ":{"('0137-S-2004', 0)":"0137-S-2004"},"Publicado en: ":{"('0137-S-2004', 0)":"Diario de Asuntos Entrados N\u00b0 11"},"Fecha: ":{"('0137-S-2004', 0)":"03\/03\/2004"},"T\u00edtulo":{"('0137-S-2004', 0)":"SOLICITAR AL PODER EJECUTIVO NACIONAL LA APLICACION DE UN PRECIO DIFERENCIAL PARA LOS COMBUSTIBLES EN LA PROVINCIA DE RIO NEGRO."},"('Firmantes', 'FIRMANTE')":{"('0137-S-2004', 0)":"FALCO, LUIS ALBERTO"},"('Firmantes', 'DISTRITO')":{"('0137-S-2004', 0)":"RIO NEGRO"},"('Firmantes', 'BLOQUE')":{"('0137-S-2004', 0)":"RADICAL RIONEGRINO"},"Link":{"('0137-S-2004', 0)":"http:\/\/www.senado.gov.ar\/parlamentario\/comisiones\/verExp\/137.04\/S\/PC"},"Palabra Clave":{"('0137-S-2004', 0)":" "}}