{"Tipo de Proyecto":{"('0138-S-2004', 0)":"COMUNICACION","('0138-S-2004', 1)":null},"Iniciado en: ":{"('0138-S-2004', 0)":"Senado","('0138-S-2004', 1)":null},"Expediente Senado: ":{"('0138-S-2004', 0)":"0138-S-2004","('0138-S-2004', 1)":null},"Publicado en: ":{"('0138-S-2004', 0)":"Diario de Asuntos Entrados N\u00b0 11","('0138-S-2004', 1)":null},"Fecha: ":{"('0138-S-2004', 0)":"03\/03\/2004","('0138-S-2004', 1)":null},"T\u00edtulo":{"('0138-S-2004', 0)":"PEDIDO DE INFORMES AL PODER EJECUTIVO NACIONAL SOBRE EL CONTROL DE LA ACTIVIDAD BANCARIA.","('0138-S-2004', 1)":null},"('Firmantes', 'FIRMANTE')":{"('0138-S-2004', 0)":"FALCO, LUIS ALBERTO","('0138-S-2004', 1)":null},"('Firmantes', 'DISTRITO')":{"('0138-S-2004', 0)":"RIO NEGRO","('0138-S-2004', 1)":null},"('Firmantes', 'BLOQUE')":{"('0138-S-2004', 0)":"RADICAL RIONEGRINO","('0138-S-2004', 1)":null},"('Tramites', 'C\u00c1MARA')":{"('0138-S-2004', 0)":"Senado","('0138-S-2004', 1)":"Senado"},"('Tramites', 'MOVIMIENTO')":{"('0138-S-2004', 0)":"CONSIDERACION Y APROBACION","('0138-S-2004', 1)":"CONTESTACION DEL PODER EJECUTIVO NACIONAL - GIRADO A LA COMISION RESPECTIVA"},"('Tramites', 'FECHA')":{"('0138-S-2004', 0)":"12\/05\/2004","('0138-S-2004', 1)":null},"('Tramites', 'RESULTADO')":{"('0138-S-2004', 0)":"APROBADO","('0138-S-2004', 1)":null},"Link":{"('0138-S-2004', 0)":"http:\/\/www.senado.gov.ar\/parlamentario\/comisiones\/verExp\/138.04\/S\/PC","('0138-S-2004', 1)":null},"Palabra Clave":{"('0138-S-2004', 0)":" ","('0138-S-2004', 1)":null}}