{"Tipo de Proyecto":{"('0140-S-2004', 0)":"COMUNICACION","('0140-S-2004', 1)":null,"('0140-S-2004', 2)":null},"Iniciado en: ":{"('0140-S-2004', 0)":"Senado","('0140-S-2004', 1)":null,"('0140-S-2004', 2)":null},"Expediente Senado: ":{"('0140-S-2004', 0)":"0140-S-2004","('0140-S-2004', 1)":null,"('0140-S-2004', 2)":null},"Publicado en: ":{"('0140-S-2004', 0)":"Diario de Asuntos Entrados N\u00b0 11","('0140-S-2004', 1)":null,"('0140-S-2004', 2)":null},"Fecha: ":{"('0140-S-2004', 0)":"03\/03\/2004","('0140-S-2004', 1)":null,"('0140-S-2004', 2)":null},"T\u00edtulo":{"('0140-S-2004', 0)":"SOLICITAR AL PODER EJECUTIVO NACIONAL LA REDUCCION DE LAS COMISIONES COBRADAS POR OPERATORIAS MEDIANTE CAJEROS AUTOMATICOS.","('0140-S-2004', 1)":null,"('0140-S-2004', 2)":null},"('Firmantes', 'FIRMANTE')":{"('0140-S-2004', 0)":"FALCO, LUIS ALBERTO","('0140-S-2004', 1)":null,"('0140-S-2004', 2)":null},"('Firmantes', 'DISTRITO')":{"('0140-S-2004', 0)":"RIO NEGRO","('0140-S-2004', 1)":null,"('0140-S-2004', 2)":null},"('Firmantes', 'BLOQUE')":{"('0140-S-2004', 0)":"RADICAL RIONEGRINO","('0140-S-2004', 1)":null,"('0140-S-2004', 2)":null},"('Tramites', 'C\u00c1MARA')":{"('0140-S-2004', 0)":"Senado","('0140-S-2004', 1)":"Senado","('0140-S-2004', 2)":"Senado"},"('Tramites', 'MOVIMIENTO')":{"('0140-S-2004', 0)":"CONSIDERACION Y APROBACION","('0140-S-2004', 1)":"CONTESTACION DEL PODER EJECUTIVO NACIONAL - GIRADO A LA COMISION RESPECTIVA","('0140-S-2004', 2)":"CONTESTACION DEL PODER EJECUTIVO NACIONAL - GIRADO A LA COMISION RESPECTIVA"},"('Tramites', 'FECHA')":{"('0140-S-2004', 0)":"12\/05\/2004","('0140-S-2004', 1)":null,"('0140-S-2004', 2)":null},"('Tramites', 'RESULTADO')":{"('0140-S-2004', 0)":"APROBADO","('0140-S-2004', 1)":null,"('0140-S-2004', 2)":null},"Link":{"('0140-S-2004', 0)":"http:\/\/www.senado.gov.ar\/parlamentario\/comisiones\/verExp\/140.04\/S\/PC","('0140-S-2004', 1)":null,"('0140-S-2004', 2)":null},"Palabra Clave":{"('0140-S-2004', 0)":" ","('0140-S-2004', 1)":null,"('0140-S-2004', 2)":null}}