{"Tipo de Proyecto":{"('0141-S-2004', 0)":"COMUNICACION"},"Iniciado en: ":{"('0141-S-2004', 0)":"Senado"},"Expediente Senado: ":{"('0141-S-2004', 0)":"0141-S-2004"},"Publicado en: ":{"('0141-S-2004', 0)":"Diario de Asuntos Entrados N\u00b0 11"},"Fecha: ":{"('0141-S-2004', 0)":"03\/03\/2004"},"T\u00edtulo":{"('0141-S-2004', 0)":"PEDIDO DE INFORMES AL PODER EJECUTIVO NACIONAL SOBRE EL PROGRAMA FEDERAL DE SALUD."},"('Firmantes', 'FIRMANTE')":{"('0141-S-2004', 0)":"FALCO, LUIS ALBERTO"},"('Firmantes', 'DISTRITO')":{"('0141-S-2004', 0)":"RIO NEGRO"},"('Firmantes', 'BLOQUE')":{"('0141-S-2004', 0)":"RADICAL RIONEGRINO"},"('Tramites', 'C\u00c1MARA')":{"('0141-S-2004', 0)":"Senado"},"('Tramites', 'MOVIMIENTO')":{"('0141-S-2004', 0)":"APROBACION ARTICULO 106, PARRAFO 3 DEL REGLAMENTO DEL H SENADO"},"('Tramites', 'FECHA')":{"('0141-S-2004', 0)":"21\/04\/2004"},"('Tramites', 'RESULTADO')":{"('0141-S-2004', 0)":"APROBADO"},"Link":{"('0141-S-2004', 0)":"http:\/\/www.senado.gov.ar\/parlamentario\/comisiones\/verExp\/141.04\/S\/PC"},"Palabra Clave":{"('0141-S-2004', 0)":" "}}