{"Tipo de Proyecto":{"('0142-S-2004', 0)":"PROYECTO DE RESOLUCI\u00d3N"},"Iniciado en: ":{"('0142-S-2004', 0)":"Senado"},"Expediente Senado: ":{"('0142-S-2004', 0)":"0142-S-2004"},"Publicado en: ":{"('0142-S-2004', 0)":"Diario de Asuntos Entrados N\u00b0 11"},"Fecha: ":{"('0142-S-2004', 0)":"03\/03\/2004"},"T\u00edtulo":{"('0142-S-2004', 0)":"CONFECCION DE LA PAPELERIA OFICIAL DEL SENADO DE LA NACION."},"('Firmantes', 'FIRMANTE')":{"('0142-S-2004', 0)":"FALCO, LUIS ALBERTO"},"('Firmantes', 'DISTRITO')":{"('0142-S-2004', 0)":"RIO NEGRO"},"('Firmantes', 'BLOQUE')":{"('0142-S-2004', 0)":"RADICAL RIONEGRINO"},"Sumario":{"('0142-S-2004', 0)":"CARACTERISTICAS; MEMBRETES."},"Palabra Clave":{"('0142-S-2004', 0)":" "}}