{"Tipo de Proyecto":{"('0144-S-2004', 0)":"COMUNICACION","('0144-S-2004', 1)":null,"('0144-S-2004', 2)":null,"('0144-S-2004', 3)":null},"Iniciado en: ":{"('0144-S-2004', 0)":"Senado","('0144-S-2004', 1)":null,"('0144-S-2004', 2)":null,"('0144-S-2004', 3)":null},"Expediente Senado: ":{"('0144-S-2004', 0)":"0144-S-2004","('0144-S-2004', 1)":null,"('0144-S-2004', 2)":null,"('0144-S-2004', 3)":null},"Publicado en: ":{"('0144-S-2004', 0)":"Diario de Asuntos Entrados N\u00b0 11","('0144-S-2004', 1)":null,"('0144-S-2004', 2)":null,"('0144-S-2004', 3)":null},"Fecha: ":{"('0144-S-2004', 0)":"03\/03\/2004","('0144-S-2004', 1)":null,"('0144-S-2004', 2)":null,"('0144-S-2004', 3)":null},"T\u00edtulo":{"('0144-S-2004', 0)":"PEDIDO DE INFORMES AL PODER EJECUTIVO NACIONAL SOBRE LAS TRANSFERENCIAS DE GANANCIAS REALIZADAS POR EL BANCO CENTRAL DE LA REPUBLICA ARGENTINA (BCRA).","('0144-S-2004', 1)":null,"('0144-S-2004', 2)":null,"('0144-S-2004', 3)":null},"('Firmantes', 'FIRMANTE')":{"('0144-S-2004', 0)":"SALVATORI, PEDRO","('0144-S-2004', 1)":"GOMEZ DIEZ, RICARDO","('0144-S-2004', 2)":"CAPITANICH, JORGE","('0144-S-2004', 3)":"CURLETTI, MIRIAM BELEN"},"('Firmantes', 'DISTRITO')":{"('0144-S-2004', 0)":"NEUQUEN","('0144-S-2004', 1)":"SALTA","('0144-S-2004', 2)":"CHACO","('0144-S-2004', 3)":"CHACO"},"('Firmantes', 'BLOQUE')":{"('0144-S-2004', 0)":"MOV POP NEUQUINO","('0144-S-2004', 1)":"RENOVADOR","('0144-S-2004', 2)":"JUSTICIALISTA","('0144-S-2004', 3)":"UCR"},"('Tramites', 'C\u00c1MARA')":{"('0144-S-2004', 0)":"Senado","('0144-S-2004', 1)":"Senado","('0144-S-2004', 2)":"Senado","('0144-S-2004', 3)":null},"('Tramites', 'MOVIMIENTO')":{"('0144-S-2004', 0)":"CONSIDERACION Y APROBACION","('0144-S-2004', 1)":"CONTESTACION DEL PODER EJECUTIVO NACIONAL - GIRADO A LA COMISION RESPECTIVA","('0144-S-2004', 2)":"CONTESTACION DEL PODER EJECUTIVO NACIONAL - GIRADO A LA COMISION RESPECTIVA","('0144-S-2004', 3)":null},"('Tramites', 'FECHA')":{"('0144-S-2004', 0)":"12\/05\/2004","('0144-S-2004', 1)":null,"('0144-S-2004', 2)":null,"('0144-S-2004', 3)":null},"('Tramites', 'RESULTADO')":{"('0144-S-2004', 0)":"APROBADO","('0144-S-2004', 1)":null,"('0144-S-2004', 2)":null,"('0144-S-2004', 3)":null},"Link":{"('0144-S-2004', 0)":"http:\/\/www.senado.gov.ar\/parlamentario\/comisiones\/verExp\/144.04\/S\/PC","('0144-S-2004', 1)":null,"('0144-S-2004', 2)":null,"('0144-S-2004', 3)":null},"Palabra Clave":{"('0144-S-2004', 0)":" ","('0144-S-2004', 1)":null,"('0144-S-2004', 2)":null,"('0144-S-2004', 3)":null}}