{"Tipo de Proyecto":{"('0146-S-2004', 0)":"PROYECTO DE LEY"},"Iniciado en: ":{"('0146-S-2004', 0)":"Senado"},"Expediente Senado: ":{"('0146-S-2004', 0)":"0146-S-2004"},"Publicado en: ":{"('0146-S-2004', 0)":"Diario de Asuntos Entrados N\u00b0 12"},"Fecha: ":{"('0146-S-2004', 0)":"03\/03\/2004"},"T\u00edtulo":{"('0146-S-2004', 0)":"CREACION DEL PROGRAMA NACIONAL PARA FOMENTAR EL LENGUAJE DE LOS NI\u00d1OS DISCAPACITADOS."},"('Firmantes', 'FIRMANTE')":{"('0146-S-2004', 0)":"ARANCIO, MONICA"},"('Firmantes', 'DISTRITO')":{"('0146-S-2004', 0)":"JUJUY"},"('Firmantes', 'BLOQUE')":{"('0146-S-2004', 0)":"FRENTE CIVICO JUJE\u00d1O"},"Sumario":{"('0146-S-2004', 0)":"AUTORIDAD DE APLICACION SERA EL MINISTERIO DE EDUCACION, CIENCIA Y TECNOLOGIA; OBJETIVOS; PERSONAL; ADHESION DE LAS PROVINCIAS Y CIUDAD AUTONOMA DE BUENOS AIRES."},"Palabra Clave":{"('0146-S-2004', 0)":" "}}