{"Tipo de Proyecto":{"('0147-S-2004', 0)":"COMUNICACION","('0147-S-2004', 1)":null},"Iniciado en: ":{"('0147-S-2004', 0)":"Senado","('0147-S-2004', 1)":null},"Expediente Senado: ":{"('0147-S-2004', 0)":"0147-S-2004","('0147-S-2004', 1)":null},"Publicado en: ":{"('0147-S-2004', 0)":"Diario de Asuntos Entrados N\u00b0 12","('0147-S-2004', 1)":null},"Fecha: ":{"('0147-S-2004', 0)":"03\/03\/2004","('0147-S-2004', 1)":null},"T\u00edtulo":{"('0147-S-2004', 0)":"SOLICITAR AL PODER EJECUTIVO LA REGLAMENTACION DE LA LEY 25415 SOBRE DETECCION TEMPRANA DE LA HIPOACUSIA.","('0147-S-2004', 1)":null},"('Firmantes', 'FIRMANTE')":{"('0147-S-2004', 0)":"ARANCIO, MONICA","('0147-S-2004', 1)":null},"('Firmantes', 'DISTRITO')":{"('0147-S-2004', 0)":"JUJUY","('0147-S-2004', 1)":null},"('Firmantes', 'BLOQUE')":{"('0147-S-2004', 0)":"FRENTE CIVICO JUJE\u00d1O","('0147-S-2004', 1)":null},"('Tramites', 'C\u00c1MARA')":{"('0147-S-2004', 0)":"Senado","('0147-S-2004', 1)":"Senado"},"('Tramites', 'MOVIMIENTO')":{"('0147-S-2004', 0)":"CONSIDERACION Y APROBACION","('0147-S-2004', 1)":"CONTESTACION DEL PODER EJECUTIVO NACIONAL - JEFE DE GABINETE DE MINISTROS - GIRADO A LA COMISION RESPECTIVA"},"('Tramites', 'FECHA')":{"('0147-S-2004', 0)":"21\/04\/2004","('0147-S-2004', 1)":"20\/03\/2013"},"('Tramites', 'RESULTADO')":{"('0147-S-2004', 0)":"APROBADO","('0147-S-2004', 1)":null},"Link":{"('0147-S-2004', 0)":"http:\/\/www.senado.gov.ar\/parlamentario\/comisiones\/verExp\/147.04\/S\/PC","('0147-S-2004', 1)":null},"Palabra Clave":{"('0147-S-2004', 0)":" ","('0147-S-2004', 1)":null}}