{"Tipo de Proyecto":{"('0148-PE-2004', 0)":"MENSAJE NRO: 0527\/04","('0148-PE-2004', 1)":null},"Iniciado en: ":{"('0148-PE-2004', 0)":"Senado","('0148-PE-2004', 1)":null},"Expediente Senado: ":{"('0148-PE-2004', 0)":"0148-PE-2004","('0148-PE-2004', 1)":null},"Publicado en: ":{"('0148-PE-2004', 0)":"DAE S.A. N\u00b0 4","('0148-PE-2004', 1)":null},"Fecha: ":{"('0148-PE-2004', 0)":"28\/04\/2004","('0148-PE-2004', 1)":null},"T\u00edtulo":{"('0148-PE-2004', 0)":"SOLICITAR ACUERDO PARA DESIGNAR JUEZA DE CAMARA, EN EL TRIBUNAL ORAL EN LO CRIMINAL NUMERO 2  DE LA CAPITAL FEDERAL, A LA DOCTORA MONICA NIDIA ATUCHA.","('0148-PE-2004', 1)":null},"('Firmantes', 'FIRMANTE')":{"('0148-PE-2004', 0)":"KIRCHNER, NESTOR CARLOS","('0148-PE-2004', 1)":"BELIZ, GUSTAVO"},"('Firmantes', 'DISTRITO')":{"('0148-PE-2004', 0)":null,"('0148-PE-2004', 1)":null},"('Firmantes', 'BLOQUE')":{"('0148-PE-2004', 0)":"PODER EJECUTIVO","('0148-PE-2004', 1)":"PODER EJECUTIVO"},"('Tramites', 'C\u00c1MARA')":{"('0148-PE-2004', 0)":"Senado","('0148-PE-2004', 1)":null},"('Tramites', 'MOVIMIENTO')":{"('0148-PE-2004', 0)":"CONSIDERACION Y APROBACION","('0148-PE-2004', 1)":null},"('Tramites', 'FECHA')":{"('0148-PE-2004', 0)":"07\/07\/2004","('0148-PE-2004', 1)":null},"('Tramites', 'RESULTADO')":{"('0148-PE-2004', 0)":"APROBADO","('0148-PE-2004', 1)":null},"Palabra Clave":{"('0148-PE-2004', 0)":" ","('0148-PE-2004', 1)":null}}