{"Tipo de Proyecto":{"('0148-S-2004', 0)":"COMUNICACION","('0148-S-2004', 1)":null,"('0148-S-2004', 2)":null,"('0148-S-2004', 3)":null,"('0148-S-2004', 4)":null,"('0148-S-2004', 5)":null},"Iniciado en: ":{"('0148-S-2004', 0)":"Senado","('0148-S-2004', 1)":null,"('0148-S-2004', 2)":null,"('0148-S-2004', 3)":null,"('0148-S-2004', 4)":null,"('0148-S-2004', 5)":null},"Expediente Senado: ":{"('0148-S-2004', 0)":"0148-S-2004","('0148-S-2004', 1)":null,"('0148-S-2004', 2)":null,"('0148-S-2004', 3)":null,"('0148-S-2004', 4)":null,"('0148-S-2004', 5)":null},"Publicado en: ":{"('0148-S-2004', 0)":"Diario de Asuntos Entrados N\u00b0 12","('0148-S-2004', 1)":null,"('0148-S-2004', 2)":null,"('0148-S-2004', 3)":null,"('0148-S-2004', 4)":null,"('0148-S-2004', 5)":null},"Fecha: ":{"('0148-S-2004', 0)":"03\/03\/2004","('0148-S-2004', 1)":null,"('0148-S-2004', 2)":null,"('0148-S-2004', 3)":null,"('0148-S-2004', 4)":null,"('0148-S-2004', 5)":null},"T\u00edtulo":{"('0148-S-2004', 0)":"PEDIDO DE INFORMES AL PODER EJECUTIVO SOBRE EL IMPACTO AGROECONOMICO QUE PUDIERA GENERAR EL MONOCULTIVO DE LA SOJA, ASI COMO LAS ACCIONES PREVISTAS PARA COMUNICAR A LOS DISTINTOS SECTORES PARTICIPANTES DE LA CADENA DE DISTRIBUCION SOBRE LAS CONSECUENCIAS DE LA NO ROTACION.","('0148-S-2004', 1)":null,"('0148-S-2004', 2)":null,"('0148-S-2004', 3)":null,"('0148-S-2004', 4)":null,"('0148-S-2004', 5)":null},"('Firmantes', 'FIRMANTE')":{"('0148-S-2004', 0)":"PAZ, ELVA AZUCENA","('0148-S-2004', 1)":"CAPITANICH, JORGE","('0148-S-2004', 2)":"TAFFAREL, RICARDO CESAR","('0148-S-2004', 3)":"SANZ, ERNESTO RICARDO","('0148-S-2004', 4)":"RIOS, ROBERTO FABIAN","('0148-S-2004', 5)":"REUTEMANN, CARLOS ALBERTO"},"('Firmantes', 'DISTRITO')":{"('0148-S-2004', 0)":"FORMOSA","('0148-S-2004', 1)":"CHACO","('0148-S-2004', 2)":"ENTRE RIOS","('0148-S-2004', 3)":"MENDOZA","('0148-S-2004', 4)":"CORRIENTES","('0148-S-2004', 5)":"SANTA FE"},"('Firmantes', 'BLOQUE')":{"('0148-S-2004', 0)":"JUSTICIALISTA","('0148-S-2004', 1)":"JUSTICIALISTA","('0148-S-2004', 2)":"UCR","('0148-S-2004', 3)":"UCR","('0148-S-2004', 4)":"JUSTICIALISTA","('0148-S-2004', 5)":"JUSTICIALISTA"},"('Tramites', 'C\u00c1MARA')":{"('0148-S-2004', 0)":"Senado","('0148-S-2004', 1)":"Senado","('0148-S-2004', 2)":"Senado","('0148-S-2004', 3)":null,"('0148-S-2004', 4)":null,"('0148-S-2004', 5)":null},"('Tramites', 'MOVIMIENTO')":{"('0148-S-2004', 0)":"SOLICITUD DE SER COFIRMANTE DEL SENADOR REUTEMANN CARLOS (A SUS ANTECEDENTES)","('0148-S-2004', 1)":"CONSIDERACION Y APROBACION","('0148-S-2004', 2)":"CONTESTACION DEL PODER EJECUTIVO NACIONAL - GIRADO A LA COMISION RESPECTIVA","('0148-S-2004', 3)":null,"('0148-S-2004', 4)":null,"('0148-S-2004', 5)":null},"('Tramites', 'FECHA')":{"('0148-S-2004', 0)":null,"('0148-S-2004', 1)":"14\/04\/2004","('0148-S-2004', 2)":null,"('0148-S-2004', 3)":null,"('0148-S-2004', 4)":null,"('0148-S-2004', 5)":null},"('Tramites', 'RESULTADO')":{"('0148-S-2004', 0)":null,"('0148-S-2004', 1)":"APROBADO","('0148-S-2004', 2)":null,"('0148-S-2004', 3)":null,"('0148-S-2004', 4)":null,"('0148-S-2004', 5)":null},"Link":{"('0148-S-2004', 0)":"http:\/\/www.senado.gov.ar\/parlamentario\/comisiones\/verExp\/148.04\/S\/PC","('0148-S-2004', 1)":null,"('0148-S-2004', 2)":null,"('0148-S-2004', 3)":null,"('0148-S-2004', 4)":null,"('0148-S-2004', 5)":null},"Palabra Clave":{"('0148-S-2004', 0)":" ","('0148-S-2004', 1)":null,"('0148-S-2004', 2)":null,"('0148-S-2004', 3)":null,"('0148-S-2004', 4)":null,"('0148-S-2004', 5)":null}}