{"Tipo de Proyecto":{"('0150-S-2004', 0)":"PROYECTO DE LEY","('0150-S-2004', 1)":null,"('0150-S-2004', 2)":null,"('0150-S-2004', 3)":null,"('0150-S-2004', 4)":null,"('0150-S-2004', 5)":null},"Iniciado en: ":{"('0150-S-2004', 0)":"Senado","('0150-S-2004', 1)":null,"('0150-S-2004', 2)":null,"('0150-S-2004', 3)":null,"('0150-S-2004', 4)":null,"('0150-S-2004', 5)":null},"Expediente Senado: ":{"('0150-S-2004', 0)":"0150-S-2004","('0150-S-2004', 1)":null,"('0150-S-2004', 2)":null,"('0150-S-2004', 3)":null,"('0150-S-2004', 4)":null,"('0150-S-2004', 5)":null},"Publicado en: ":{"('0150-S-2004', 0)":"Diario de Asuntos Entrados N\u00b0 12","('0150-S-2004', 1)":null,"('0150-S-2004', 2)":null,"('0150-S-2004', 3)":null,"('0150-S-2004', 4)":null,"('0150-S-2004', 5)":null},"Fecha: ":{"('0150-S-2004', 0)":"03\/03\/2004","('0150-S-2004', 1)":null,"('0150-S-2004', 2)":null,"('0150-S-2004', 3)":null,"('0150-S-2004', 4)":null,"('0150-S-2004', 5)":null},"T\u00edtulo":{"('0150-S-2004', 0)":"MODIFICACION DEL ARTICULO 20 CAPITULO III DE LA LEY 22351 DE PARQUES NACIONALES, POR LA QUE SE INCORPORA EN EL DIRECTORIO DE LA ADMINISTRACION DE PARQUES NACIONALES UN CUERPO DE REPRESENTANTES DE CADA UNA DE LAS PROVINCIAS QUE POSEA EN SU TERRITORIO UN PARQUE NACIONAL.","('0150-S-2004', 1)":null,"('0150-S-2004', 2)":null,"('0150-S-2004', 3)":null,"('0150-S-2004', 4)":null,"('0150-S-2004', 5)":null},"('Firmantes', 'FIRMANTE')":{"('0150-S-2004', 0)":"FALCO, LUIS ALBERTO","('0150-S-2004', 1)":"PRADES, CARLOS","('0150-S-2004', 2)":"SALVATORI, PEDRO","('0150-S-2004', 3)":"GUINLE, MARCELO ALEJANDRO","('0150-S-2004', 4)":"PICHETTO, MIGUEL ANGEL","('0150-S-2004', 5)":"GALLIA, SERGIO ADRIAN"},"('Firmantes', 'DISTRITO')":{"('0150-S-2004', 0)":"RIO NEGRO","('0150-S-2004', 1)":"SANTA CRUZ","('0150-S-2004', 2)":"NEUQUEN","('0150-S-2004', 3)":"CHUBUT","('0150-S-2004', 4)":"RIO NEGRO","('0150-S-2004', 5)":"NEUQUEN"},"('Firmantes', 'BLOQUE')":{"('0150-S-2004', 0)":"RADICAL RIONEGRINO","('0150-S-2004', 1)":"UCR","('0150-S-2004', 2)":"MOV POP NEUQUINO","('0150-S-2004', 3)":"JUSTICIALISTA","('0150-S-2004', 4)":"JUSTICIALISTA","('0150-S-2004', 5)":"JUSTICIALISTA"},"Link":{"('0150-S-2004', 0)":"http:\/\/www.senado.gov.ar\/parlamentario\/comisiones\/verExp\/150.04\/S\/PL","('0150-S-2004', 1)":null,"('0150-S-2004', 2)":null,"('0150-S-2004', 3)":null,"('0150-S-2004', 4)":null,"('0150-S-2004', 5)":null},"Palabra Clave":{"('0150-S-2004', 0)":" ","('0150-S-2004', 1)":null,"('0150-S-2004', 2)":null,"('0150-S-2004', 3)":null,"('0150-S-2004', 4)":null,"('0150-S-2004', 5)":null}}