{"Tipo de Proyecto":{"('0152-S-2004', 0)":"PROYECTO DE LEY","('0152-S-2004', 1)":null,"('0152-S-2004', 2)":null,"('0152-S-2004', 3)":null,"('0152-S-2004', 4)":null,"('0152-S-2004', 5)":null,"('0152-S-2004', 6)":null,"('0152-S-2004', 7)":null},"Iniciado en: ":{"('0152-S-2004', 0)":"Senado","('0152-S-2004', 1)":null,"('0152-S-2004', 2)":null,"('0152-S-2004', 3)":null,"('0152-S-2004', 4)":null,"('0152-S-2004', 5)":null,"('0152-S-2004', 6)":null,"('0152-S-2004', 7)":null},"Expediente Diputados: ":{"('0152-S-2004', 0)":"0152-S-2004","('0152-S-2004', 1)":null,"('0152-S-2004', 2)":null,"('0152-S-2004', 3)":null,"('0152-S-2004', 4)":null,"('0152-S-2004', 5)":null,"('0152-S-2004', 6)":null,"('0152-S-2004', 7)":null},"Expediente Senado: ":{"('0152-S-2004', 0)":"0810-S-2004","('0152-S-2004', 1)":null,"('0152-S-2004', 2)":null,"('0152-S-2004', 3)":null,"('0152-S-2004', 4)":null,"('0152-S-2004', 5)":null,"('0152-S-2004', 6)":null,"('0152-S-2004', 7)":null},"Publicado en: ":{"('0152-S-2004', 0)":"Diario de Asuntos Entrados N\u00b0 51","('0152-S-2004', 1)":null,"('0152-S-2004', 2)":null,"('0152-S-2004', 3)":null,"('0152-S-2004', 4)":null,"('0152-S-2004', 5)":null,"('0152-S-2004', 6)":null,"('0152-S-2004', 7)":null},"Fecha: ":{"('0152-S-2004', 0)":"02\/04\/2004","('0152-S-2004', 1)":null,"('0152-S-2004', 2)":null,"('0152-S-2004', 3)":null,"('0152-S-2004', 4)":null,"('0152-S-2004', 5)":null,"('0152-S-2004', 6)":null,"('0152-S-2004', 7)":null},"T\u00edtulo":{"('0152-S-2004', 0)":"MODIFICACION DEL INCISO A) DEL ARTICULO 28 DE LA LEY DE IMPUESTO AL VALOR AGREGADO, SOBRE LA EQUIPARACION DE LA ALICUOTA DEL IVA PARA LA CARNE CAPRINA.","('0152-S-2004', 1)":null,"('0152-S-2004', 2)":null,"('0152-S-2004', 3)":null,"('0152-S-2004', 4)":null,"('0152-S-2004', 5)":null,"('0152-S-2004', 6)":null,"('0152-S-2004', 7)":null},"('Firmantes', 'FIRMANTE')":{"('0152-S-2004', 0)":"JAQUE, CELSO ALEJANDRO","('0152-S-2004', 1)":"PAZ, ELVA AZUCENA","('0152-S-2004', 2)":"SALVATORI, PEDRO","('0152-S-2004', 3)":"GUINLE, MARCELO ALEJANDRO","('0152-S-2004', 4)":"LOPEZ ARIAS, MARCELO EDUARDO","('0152-S-2004', 5)":"NEGRE DE ALONSO, LILIANA T.","('0152-S-2004', 6)":"MERA, MARIO RUBEN","('0152-S-2004', 7)":"URQUIA, ROBERTO DANIEL"},"('Firmantes', 'DISTRITO')":{"('0152-S-2004', 0)":"MENDOZA","('0152-S-2004', 1)":"FORMOSA","('0152-S-2004', 2)":"NEUQUEN","('0152-S-2004', 3)":"CHUBUT","('0152-S-2004', 4)":"SALTA","('0152-S-2004', 5)":"SAN LUIS","('0152-S-2004', 6)":"SANTIAGO DEL ESTERO","('0152-S-2004', 7)":"CORDOBA"},"('Firmantes', 'BLOQUE')":{"('0152-S-2004', 0)":"JUSTICIALISTA","('0152-S-2004', 1)":"JUSTICIALISTA","('0152-S-2004', 2)":"MOV POP NEUQUINO","('0152-S-2004', 3)":"JUSTICIALISTA","('0152-S-2004', 4)":"JUSTICIALISTA","('0152-S-2004', 5)":"JUSTICIALISTA","('0152-S-2004', 6)":"JUSTICIALISTA","('0152-S-2004', 7)":"JUSTICIALISTA"},"('Giros', 'COMISI\u00d3N')":{"('0152-S-2004', 0)":"PRESUPUESTO Y HACIENDA","('0152-S-2004', 1)":"AGRICULTURA Y GANADERIA","('0152-S-2004', 2)":null,"('0152-S-2004', 3)":null,"('0152-S-2004', 4)":null,"('0152-S-2004', 5)":null,"('0152-S-2004', 6)":null,"('0152-S-2004', 7)":null},"('Tramites', 'C\u00c1MARA')":{"('0152-S-2004', 0)":"Senado","('0152-S-2004', 1)":"Diputados","('0152-S-2004', 2)":null,"('0152-S-2004', 3)":null,"('0152-S-2004', 4)":null,"('0152-S-2004', 5)":null,"('0152-S-2004', 6)":null,"('0152-S-2004', 7)":null},"('Tramites', 'MOVIMIENTO')":{"('0152-S-2004', 0)":"CONSIDERACION Y APROBACION","('0152-S-2004', 1)":"PASA A DIPUTADOS -","('0152-S-2004', 2)":null,"('0152-S-2004', 3)":null,"('0152-S-2004', 4)":null,"('0152-S-2004', 5)":null,"('0152-S-2004', 6)":null,"('0152-S-2004', 7)":null},"('Tramites', 'FECHA')":{"('0152-S-2004', 0)":"06\/10\/2004","('0152-S-2004', 1)":null,"('0152-S-2004', 2)":null,"('0152-S-2004', 3)":null,"('0152-S-2004', 4)":null,"('0152-S-2004', 5)":null,"('0152-S-2004', 6)":null,"('0152-S-2004', 7)":null},"('Tramites', 'RESULTADO')":{"('0152-S-2004', 0)":"MEDIA SANCION","('0152-S-2004', 1)":null,"('0152-S-2004', 2)":null,"('0152-S-2004', 3)":null,"('0152-S-2004', 4)":null,"('0152-S-2004', 5)":null,"('0152-S-2004', 6)":null,"('0152-S-2004', 7)":null},"Link":{"('0152-S-2004', 0)":"http:\/\/www.senado.gov.ar\/parlamentario\/comisiones\/verExp\/810.04\/S\/PL","('0152-S-2004', 1)":null,"('0152-S-2004', 2)":null,"('0152-S-2004', 3)":null,"('0152-S-2004', 4)":null,"('0152-S-2004', 5)":null,"('0152-S-2004', 6)":null,"('0152-S-2004', 7)":null},"Palabra Clave":{"('0152-S-2004', 0)":" ","('0152-S-2004', 1)":null,"('0152-S-2004', 2)":null,"('0152-S-2004', 3)":null,"('0152-S-2004', 4)":null,"('0152-S-2004', 5)":null,"('0152-S-2004', 6)":null,"('0152-S-2004', 7)":null}}