{"Tipo de Proyecto":{"('0153-S-2004', 0)":"PROYECTO DE LEY","('0153-S-2004', 1)":null,"('0153-S-2004', 2)":null,"('0153-S-2004', 3)":null},"Iniciado en: ":{"('0153-S-2004', 0)":"Senado","('0153-S-2004', 1)":null,"('0153-S-2004', 2)":null,"('0153-S-2004', 3)":null},"Expediente Diputados: ":{"('0153-S-2004', 0)":"0153-S-2004","('0153-S-2004', 1)":null,"('0153-S-2004', 2)":null,"('0153-S-2004', 3)":null},"Expediente Senado: ":{"('0153-S-2004', 0)":"1763-S-2004","('0153-S-2004', 1)":null,"('0153-S-2004', 2)":null,"('0153-S-2004', 3)":null},"Publicado en: ":{"('0153-S-2004', 0)":"Diario de Asuntos Entrados N\u00b0 112","('0153-S-2004', 1)":null,"('0153-S-2004', 2)":null,"('0153-S-2004', 3)":null},"Fecha: ":{"('0153-S-2004', 0)":"15\/06\/2004","('0153-S-2004', 1)":null,"('0153-S-2004', 2)":null,"('0153-S-2004', 3)":null},"T\u00edtulo":{"('0153-S-2004', 0)":"TRANSFERIR A TITULO GRATUITO A LA MUNICIPALIDAD DE RIO GRANDE, PROVINCIA DE TIERRA DEL FUEGO, UN INMUEBLE PROPIEDAD DEL ESTADO NACIONAL, PARA SER DESTINADO A LA CONSTRUCCION DE UN CENTRO DE RECREACION Y EMPRENDIMIENTOS HABITACIONALES.","('0153-S-2004', 1)":null,"('0153-S-2004', 2)":null,"('0153-S-2004', 3)":null},"('Firmantes', 'FIRMANTE')":{"('0153-S-2004', 0)":"CAPOS, LILIANA","('0153-S-2004', 1)":"LOSADA, MARIO A.","('0153-S-2004', 2)":"PRADES, CARLOS","('0153-S-2004', 3)":null},"('Firmantes', 'DISTRITO')":{"('0153-S-2004', 0)":"TIERRA DEL FUEGO","('0153-S-2004', 1)":"MISIONES","('0153-S-2004', 2)":"SANTA CRUZ","('0153-S-2004', 3)":null},"('Firmantes', 'BLOQUE')":{"('0153-S-2004', 0)":"UCR","('0153-S-2004', 1)":"UCR","('0153-S-2004', 2)":"UCR","('0153-S-2004', 3)":null},"('Giros', 'COMISI\u00d3N')":{"('0153-S-2004', 0)":"LEGISLACION GENERAL","('0153-S-2004', 1)":"ASUNTOS MUNICIPALES","('0153-S-2004', 2)":null,"('0153-S-2004', 3)":null},"('Tramites', 'C\u00c1MARA')":{"('0153-S-2004', 0)":"Senado","('0153-S-2004', 1)":"Diputados","('0153-S-2004', 2)":"Diputados","('0153-S-2004', 3)":"Diputados"},"('Tramites', 'MOVIMIENTO')":{"('0153-S-2004', 0)":"CONSIDERACION Y APROBACION","('0153-S-2004', 1)":"PASA A DIPUTADOS -","('0153-S-2004', 2)":"MOCION SOBRE TABLAS (PLAN DE LABOR) (AFIRMATIVA)","('0153-S-2004', 3)":"CONSIDERACION Y SANCION"},"('Tramites', 'FECHA')":{"('0153-S-2004', 0)":"06\/10\/2004","('0153-S-2004', 1)":null,"('0153-S-2004', 2)":"16\/12\/2004","('0153-S-2004', 3)":"16\/12\/2004"},"('Tramites', 'RESULTADO')":{"('0153-S-2004', 0)":"APROBADO","('0153-S-2004', 1)":null,"('0153-S-2004', 2)":null,"('0153-S-2004', 3)":"SANCIONADO"},"Link":{"('0153-S-2004', 0)":"http:\/\/www.senado.gov.ar\/parlamentario\/comisiones\/verExp\/1763.04\/S\/PL","('0153-S-2004', 1)":null,"('0153-S-2004', 2)":null,"('0153-S-2004', 3)":null},"Palabra Clave":{"('0153-S-2004', 0)":" ","('0153-S-2004', 1)":null,"('0153-S-2004', 2)":null,"('0153-S-2004', 3)":null}}