{"Tipo de Proyecto":{"('0154-S-2004', 0)":"PROYECTO DE LEY"},"Iniciado en: ":{"('0154-S-2004', 0)":"Senado"},"Expediente Senado: ":{"('0154-S-2004', 0)":"0154-S-2004"},"Publicado en: ":{"('0154-S-2004', 0)":"Diario de Asuntos Entrados N\u00b0 12"},"Fecha: ":{"('0154-S-2004', 0)":"03\/03\/2004"},"T\u00edtulo":{"('0154-S-2004', 0)":"REFORMA DE REGIMENES JUBILATORIOS (REPRODUCCION DEL EXPEDIENTE 2587-S-02)."},"('Firmantes', 'FIRMANTE')":{"('0154-S-2004', 0)":"PRADES, CARLOS"},"('Firmantes', 'DISTRITO')":{"('0154-S-2004', 0)":"SANTA CRUZ"},"('Firmantes', 'BLOQUE')":{"('0154-S-2004', 0)":"UCR"},"Sumario":{"('0154-S-2004', 0)":"SE DEROGAN LAS LEYES 24018, 21540 Y TODA OTRA DISPOSICION QUE ESTABLEZCA REGIMENES ESPECIALES DISTINTOS AL ESTABLECIDO POR EL SISTEMA INTEGRADO DE JUBILACIONES Y PENSIONES CREADO POR LEY 24241; BENEFICIARIOS; REVISION DE BENEFICIOS; INCOMPATIBILIDAD; HABER JUBILATORIO MAXIMO."},"Palabra Clave":{"('0154-S-2004', 0)":" "}}