{"Tipo de Proyecto":{"('0155-S-2004', 0)":"PROYECTO DE LEY"},"Iniciado en: ":{"('0155-S-2004', 0)":"Senado"},"Expediente Senado: ":{"('0155-S-2004', 0)":"0155-S-2004"},"Publicado en: ":{"('0155-S-2004', 0)":"Diario de Asuntos Entrados N\u00b0 12"},"Fecha: ":{"('0155-S-2004', 0)":"03\/03\/2004"},"T\u00edtulo":{"('0155-S-2004', 0)":"RATIFICANDO CON EFECTO RETROACTIVO EL DOMINIO ORIGINARIO DE LOS RECURSOS NATURALES EN LOS ESTADOS PROVINCIALES (REPRODUCCION DEL EXPEDIENTE 3386-S-02)."},"('Firmantes', 'FIRMANTE')":{"('0155-S-2004', 0)":"PRADES, CARLOS"},"('Firmantes', 'DISTRITO')":{"('0155-S-2004', 0)":"SANTA CRUZ"},"('Firmantes', 'BLOQUE')":{"('0155-S-2004', 0)":"UCR"},"Sumario":{"('0155-S-2004', 0)":"DE CONFORMIDAD A LO DISPUESTO EN EL ARTICULO 124, PARRAFO SEGUNDO DE LA CONSTITUCION NACIONAL Y CLAUSULAS TRANSITORIAS 16 Y 17; DOMINIO PRIVADO DE LOS ESTADOS PROVINCIALES DE LOS RECURSOS NATURALES EXISTENTES EN SU TERRITORIO, EN EL MAR ADYACENTE, EN LAS BAHIAS Y GOLFOS, EN LA PLATAFORMA CONTINENTAL Y HASTA EL LIMITE EXTERIOR DEL RIO DE LA PLATA Y SU FRENTE MARITIMO; COMPENSACIONES POR LA EXPLOTACION; PERCEPCION DIRECTA DE LAS REGALIAS."},"Palabra Clave":{"('0155-S-2004', 0)":" "}}