{"Tipo de Proyecto":{"('0157-S-2004', 0)":"PROYECTO DE LEY"},"Iniciado en: ":{"('0157-S-2004', 0)":"Senado"},"Expediente Senado: ":{"('0157-S-2004', 0)":"0157-S-2004"},"Publicado en: ":{"('0157-S-2004', 0)":"Diario de Asuntos Entrados N\u00b0 12"},"Fecha: ":{"('0157-S-2004', 0)":"03\/03\/2004"},"T\u00edtulo":{"('0157-S-2004', 0)":"DECLARAR DE INTERES NACIONAL EL ESTUDIO DE PREFACTIBILIDAD DEL PROYECTO DENOMINADO MULTIPROPOSITO VALLE DESEADO, TENDIENTE A LA RECONVERSION PRODUCTIVA DE LA REGION COMPRENDIDA A LO LARGO DEL CURSO DEL RIO DESEADO EN EL NORTE DE LA PROVINCIA DE SANTA CRUZ, DESDE SU NACIMIENTO EN EL LAGO BUENOS AIRES HASTA SU DESEMBOCADURA EN EL OCEANO ATLANTICO (REPRODUCCION DEL EXPEDIENTE 2725-S-02)."},"('Firmantes', 'FIRMANTE')":{"('0157-S-2004', 0)":"PRADES, CARLOS"},"('Firmantes', 'DISTRITO')":{"('0157-S-2004', 0)":"SANTA CRUZ"},"('Firmantes', 'BLOQUE')":{"('0157-S-2004', 0)":"UCR"},"('Tramites', 'C\u00c1MARA')":{"('0157-S-2004', 0)":"Senado"},"('Tramites', 'MOVIMIENTO')":{"('0157-S-2004', 0)":"CONSIDERACION Y APROBACION"},"('Tramites', 'FECHA')":{"('0157-S-2004', 0)":"04\/08\/2004"},"('Tramites', 'RESULTADO')":{"('0157-S-2004', 0)":"APROBADO"},"Sumario":{"('0157-S-2004', 0)":"ACTUACIONES; SE PUBLICA CON DOS ANEXOS."},"Palabra Clave":{"('0157-S-2004', 0)":" "}}