{"Tipo de Proyecto":{"('0158-S-2004', 0)":"PROYECTO DE LEY"},"Iniciado en: ":{"('0158-S-2004', 0)":"Senado"},"Expediente Senado: ":{"('0158-S-2004', 0)":"0158-S-2004"},"Publicado en: ":{"('0158-S-2004', 0)":"Diario de Asuntos Entrados N\u00b0 13"},"Fecha: ":{"('0158-S-2004', 0)":"03\/03\/2004"},"T\u00edtulo":{"('0158-S-2004', 0)":"REGIMEN DE JUBILACION ANTICIPADA PARA LOS AGENTES QUE PRESTEN SERVICIOS EN LOS PODERES EJECUTIVO, LEGISLATIVO Y JUDICIAL Y EN EL MINISTERIO PUBLICO DE LA NACION (REPRODUCCION DEL EXPEDIENTE 0729-S-02)."},"('Firmantes', 'FIRMANTE')":{"('0158-S-2004', 0)":"PRADES, CARLOS"},"('Firmantes', 'DISTRITO')":{"('0158-S-2004', 0)":"SANTA CRUZ"},"('Firmantes', 'BLOQUE')":{"('0158-S-2004', 0)":"UCR"},"Sumario":{"('0158-S-2004', 0)":"REQUISITOS; EXCLUSION DE JUECES, LEGISLADORES NACIONALES Y MAGISTRADOS DEL MINISTERIO PUBLICO; ACREDITACION DE 20 A\u00d1OS DE SERVICIO Y MAS DE 40 A\u00d1OS DE EDAD; HABERES; PORCENTAJES; PENSIONES EN CASO DE MUERTE DEL JUBILADO; PROHIBICION DEL REINGRESO A LA ACTIVIDAD EN NINGUN CARGO REMUNERADO POR EL ESTADO NACIONAL, PROVINCIAL O MUNICIPAL O DEL GOBIERNO DE LA CIUDAD DE BUENOS AIRES; APORTES."},"Palabra Clave":{"('0158-S-2004', 0)":" "}}