{"Tipo de Proyecto":{"('0162-S-2004', 0)":"COMUNICACION","('0162-S-2004', 1)":null},"Iniciado en: ":{"('0162-S-2004', 0)":"Senado","('0162-S-2004', 1)":null},"Expediente Senado: ":{"('0162-S-2004', 0)":"0162-S-2004","('0162-S-2004', 1)":null},"Publicado en: ":{"('0162-S-2004', 0)":"Diario de Asuntos Entrados N\u00b0 13","('0162-S-2004', 1)":null},"Fecha: ":{"('0162-S-2004', 0)":"03\/03\/2004","('0162-S-2004', 1)":null},"T\u00edtulo":{"('0162-S-2004', 0)":"SOLICITAR AL PODER EJECUTIVO DISPONGA LOS RECAUDOS PRESUPUESTARIOS PERTINENTES, PARA ASEGURAR QUE LA DIRECCION NACIONAL DE VIALIDAD PUEDA LLEVAR A CABO OBRAS PREVISTAS PARA LA PROVINCIA DE TUCUMAN, INCLUIDAS EN EL ESQUEMA DIRECTOR VIAL ARGENTINO PARA EL DECENIO 2003 - 2013.","('0162-S-2004', 1)":null},"('Firmantes', 'FIRMANTE')":{"('0162-S-2004', 0)":"PINCHETTI DE SIERRA MORALES, DELIA","('0162-S-2004', 1)":"BUSSI, RICARDO ARGENTINO"},"('Firmantes', 'DISTRITO')":{"('0162-S-2004', 0)":"TUCUMAN","('0162-S-2004', 1)":"TUCUMAN"},"('Firmantes', 'BLOQUE')":{"('0162-S-2004', 0)":"FZA REPUBLICANA","('0162-S-2004', 1)":"FZA REPUBLICANA"},"('Tramites', 'C\u00c1MARA')":{"('0162-S-2004', 0)":"Senado","('0162-S-2004', 1)":"Senado"},"('Tramites', 'MOVIMIENTO')":{"('0162-S-2004', 0)":"CONSIDERACION Y APROBACION","('0162-S-2004', 1)":"CONTESTACION DEL PODER EJECUTIVO NACIONAL - GIRADO A LA COMISION RESPECTIVA"},"('Tramites', 'FECHA')":{"('0162-S-2004', 0)":"14\/04\/2004","('0162-S-2004', 1)":null},"('Tramites', 'RESULTADO')":{"('0162-S-2004', 0)":"APROBADO","('0162-S-2004', 1)":null},"Link":{"('0162-S-2004', 0)":"http:\/\/www.senado.gov.ar\/parlamentario\/comisiones\/verExp\/162.04\/S\/PC","('0162-S-2004', 1)":null},"Palabra Clave":{"('0162-S-2004', 0)":" ","('0162-S-2004', 1)":null}}