{"Tipo de Proyecto":{"('0163-D-2004', 0)":"PROYECTO DE DECLARACI\u00d3N","('0163-D-2004', 1)":null,"('0163-D-2004', 2)":null,"('0163-D-2004', 3)":null,"('0163-D-2004', 4)":null,"('0163-D-2004', 5)":null,"('0163-D-2004', 6)":null,"('0163-D-2004', 7)":null},"Iniciado en: ":{"('0163-D-2004', 0)":"Diputados","('0163-D-2004', 1)":null,"('0163-D-2004', 2)":null,"('0163-D-2004', 3)":null,"('0163-D-2004', 4)":null,"('0163-D-2004', 5)":null,"('0163-D-2004', 6)":null,"('0163-D-2004', 7)":null},"Expediente Diputados: ":{"('0163-D-2004', 0)":"0163-D-2004","('0163-D-2004', 1)":null,"('0163-D-2004', 2)":null,"('0163-D-2004', 3)":null,"('0163-D-2004', 4)":null,"('0163-D-2004', 5)":null,"('0163-D-2004', 6)":null,"('0163-D-2004', 7)":null},"Publicado en: ":{"('0163-D-2004', 0)":"Tr\u00e1mite Parlamentario N\u00b0 2","('0163-D-2004', 1)":null,"('0163-D-2004', 2)":null,"('0163-D-2004', 3)":null,"('0163-D-2004', 4)":null,"('0163-D-2004', 5)":null,"('0163-D-2004', 6)":null,"('0163-D-2004', 7)":null},"Fecha: ":{"('0163-D-2004', 0)":"02\/03\/2004","('0163-D-2004', 1)":null,"('0163-D-2004', 2)":null,"('0163-D-2004', 3)":null,"('0163-D-2004', 4)":null,"('0163-D-2004', 5)":null,"('0163-D-2004', 6)":null,"('0163-D-2004', 7)":null},"T\u00edtulo":{"('0163-D-2004', 0)":"EXPRESAR RECHAZO POR EL DICTADO DEL DECRETO 1306\/03, SOBRE LA PRORROGA A LA EMPRESA HIDROVIA S.A. PROVISORIA DEL CONTRATO DE CONCESION. ","('0163-D-2004', 1)":null,"('0163-D-2004', 2)":null,"('0163-D-2004', 3)":null,"('0163-D-2004', 4)":null,"('0163-D-2004', 5)":null,"('0163-D-2004', 6)":null,"('0163-D-2004', 7)":null},"('Firmantes', 'FIRMANTE')":{"('0163-D-2004', 0)":"POLINO, HECTOR TEODORO","('0163-D-2004', 1)":"BASTEIRO, SERGIO ARIEL","('0163-D-2004', 2)":"RIVAS, JORGE","('0163-D-2004', 3)":"GODOY, JUAN CARLOS LUCIO","('0163-D-2004', 4)":"JARQUE, MARGARITA OFELIA","('0163-D-2004', 5)":"DI POLLINA, EDUARDO ALFREDO","('0163-D-2004', 6)":"LOZANO, CLAUDIO RAUL","('0163-D-2004', 7)":"MACALUSE, EDUARDO GABRIEL"},"('Firmantes', 'DISTRITO')":{"('0163-D-2004', 0)":"CIUDAD de BUENOS AIRES","('0163-D-2004', 1)":"BUENOS AIRES","('0163-D-2004', 2)":"BUENOS AIRES","('0163-D-2004', 3)":"ENTRE RIOS","('0163-D-2004', 4)":"BUENOS AIRES","('0163-D-2004', 5)":"SANTA FE","('0163-D-2004', 6)":"CIUDAD de BUENOS AIRES","('0163-D-2004', 7)":"BUENOS AIRES"},"('Firmantes', 'BLOQUE')":{"('0163-D-2004', 0)":"PARTIDO SOCIALISTA","('0163-D-2004', 1)":"PARTIDO SOCIALISTA","('0163-D-2004', 2)":"PARTIDO SOCIALISTA","('0163-D-2004', 3)":"NUEVO ESPACIO ENTRERRIANO","('0163-D-2004', 4)":"ENCUENTRO","('0163-D-2004', 5)":"PARTIDO SOCIALISTA","('0163-D-2004', 6)":"EMANCIPACION Y JUSTICIA","('0163-D-2004', 7)":"ARI"},"('Giros', 'COMISI\u00d3N')":{"('0163-D-2004', 0)":"INTERESES MARITIMOS, FLUVIALES, PESQUEROS Y PORTUARIOS","('0163-D-2004', 1)":"OBRAS PUBLICAS","('0163-D-2004', 2)":null,"('0163-D-2004', 3)":null,"('0163-D-2004', 4)":null,"('0163-D-2004', 5)":null,"('0163-D-2004', 6)":null,"('0163-D-2004', 7)":null},"('Tramites', 'C\u00c1MARA')":{"('0163-D-2004', 0)":"Diputados","('0163-D-2004', 1)":null,"('0163-D-2004', 2)":null,"('0163-D-2004', 3)":null,"('0163-D-2004', 4)":null,"('0163-D-2004', 5)":null,"('0163-D-2004', 6)":null,"('0163-D-2004', 7)":null},"('Tramites', 'MOVIMIENTO')":{"('0163-D-2004', 0)":"SOLICITUD DE REPRODUCCION DEL PROYECTO PARA EL PERIODO 123 (2005), SEGUN LOS TERMINOS DEL ARTICULO 7 DE LA RESOLUCION DE LA HCD DEL 05\/06\/1996","('0163-D-2004', 1)":null,"('0163-D-2004', 2)":null,"('0163-D-2004', 3)":null,"('0163-D-2004', 4)":null,"('0163-D-2004', 5)":null,"('0163-D-2004', 6)":null,"('0163-D-2004', 7)":null},"('Tramites', 'FECHA')":{"('0163-D-2004', 0)":"22\/02\/2006","('0163-D-2004', 1)":null,"('0163-D-2004', 2)":null,"('0163-D-2004', 3)":null,"('0163-D-2004', 4)":null,"('0163-D-2004', 5)":null,"('0163-D-2004', 6)":null,"('0163-D-2004', 7)":null},"('Tramites', 'RESULTADO')":{"('0163-D-2004', 0)":null,"('0163-D-2004', 1)":null,"('0163-D-2004', 2)":null,"('0163-D-2004', 3)":null,"('0163-D-2004', 4)":null,"('0163-D-2004', 5)":null,"('0163-D-2004', 6)":null,"('0163-D-2004', 7)":null},"Palabra Clave":{"('0163-D-2004', 0)":" ","('0163-D-2004', 1)":null,"('0163-D-2004', 2)":null,"('0163-D-2004', 3)":null,"('0163-D-2004', 4)":null,"('0163-D-2004', 5)":null,"('0163-D-2004', 6)":null,"('0163-D-2004', 7)":null}}