{"Tipo de Proyecto":{"('0164-S-2004', 0)":"PROYECTO DE LEY"},"Iniciado en: ":{"('0164-S-2004', 0)":"Senado"},"Expediente Senado: ":{"('0164-S-2004', 0)":"0164-S-2004"},"Publicado en: ":{"('0164-S-2004', 0)":"Diario de Asuntos Entrados N\u00b0 13"},"Fecha: ":{"('0164-S-2004', 0)":"03\/03\/2004"},"T\u00edtulo":{"('0164-S-2004', 0)":"INCORPORACION DEL ARTICULO 29 TER A LA LEY 20744 DE CONTRATO DE TRABAJO, REFERIDO AL TRABAJO NO REGISTRADO. "},"('Firmantes', 'FIRMANTE')":{"('0164-S-2004', 0)":"M\u00dcLLER, MABEL HILDA"},"('Firmantes', 'DISTRITO')":{"('0164-S-2004', 0)":"BUENOS AIRES"},"('Firmantes', 'BLOQUE')":{"('0164-S-2004', 0)":"JUSTICIALISTA"},"Link":{"('0164-S-2004', 0)":"http:\/\/www.senado.gov.ar\/parlamentario\/comisiones\/verExp\/164.04\/S\/PL"},"Palabra Clave":{"('0164-S-2004', 0)":" "}}