{"Tipo de Proyecto":{"('0164-D-2004', 0)":"PROYECTO DE RESOLUCI\u00d3N","('0164-D-2004', 1)":null,"('0164-D-2004', 2)":null},"Iniciado en: ":{"('0164-D-2004', 0)":"Diputados","('0164-D-2004', 1)":null,"('0164-D-2004', 2)":null},"Expediente Diputados: ":{"('0164-D-2004', 0)":"0164-D-2004","('0164-D-2004', 1)":null,"('0164-D-2004', 2)":null},"Publicado en: ":{"('0164-D-2004', 0)":"Tr\u00e1mite Parlamentario N\u00b0 2","('0164-D-2004', 1)":null,"('0164-D-2004', 2)":null},"Fecha: ":{"('0164-D-2004', 0)":"02\/03\/2004","('0164-D-2004', 1)":null,"('0164-D-2004', 2)":null},"T\u00edtulo":{"('0164-D-2004', 0)":"DECLARAR DE INTERES PARLAMENTARIO EL III CONGRESO INTERNACIONAL DE LA LENGUA ESPA\u00d1OLA, A REALIZARSE EN ROSARIO, PROVINCIA DE SANTA FE, DEL 17 AL 20 DE NOVIEMBRE DE 2004,","('0164-D-2004', 1)":null,"('0164-D-2004', 2)":null},"('Firmantes', 'FIRMANTE')":{"('0164-D-2004', 0)":"GOY, BEATRIZ NORMA","('0164-D-2004', 1)":"OSORIO, MARTA LUCIA","('0164-D-2004', 2)":"GONZALEZ, RAFAEL ALFREDO"},"('Firmantes', 'DISTRITO')":{"('0164-D-2004', 0)":"CHACO","('0164-D-2004', 1)":"LA PAMPA","('0164-D-2004', 2)":"CHACO"},"('Firmantes', 'BLOQUE')":{"('0164-D-2004', 0)":"JUSTICIALISTA","('0164-D-2004', 1)":"JUSTICIALISTA","('0164-D-2004', 2)":"JUSTICIALISTA"},"('Giros', 'COMISI\u00d3N')":{"('0164-D-2004', 0)":"CULTURA","('0164-D-2004', 1)":null,"('0164-D-2004', 2)":null},"('Tramites', 'C\u00c1MARA')":{"('0164-D-2004', 0)":"Diputados","('0164-D-2004', 1)":"Diputados","('0164-D-2004', 2)":null},"('Tramites', 'MOVIMIENTO')":{"('0164-D-2004', 0)":"CONSIDERACION Y APROBACION","('0164-D-2004', 1)":"CONTESTACION DEL PODER EJECUTIVO NACIONAL - JEFE DE GABINETE DE MINISTROS - GIRADO A LA COMISION RESPECTIVA","('0164-D-2004', 2)":null},"('Tramites', 'FECHA')":{"('0164-D-2004', 0)":"12\/05\/2004","('0164-D-2004', 1)":"22\/09\/2004","('0164-D-2004', 2)":null},"('Tramites', 'RESULTADO')":{"('0164-D-2004', 0)":"APROBADO","('0164-D-2004', 1)":null,"('0164-D-2004', 2)":null},"Palabra Clave":{"('0164-D-2004', 0)":" ","('0164-D-2004', 1)":null,"('0164-D-2004', 2)":null}}