{"Tipo de Proyecto":{"('0165-D-2004', 0)":"PROYECTO DE RESOLUCI\u00d3N","('0165-D-2004', 1)":null,"('0165-D-2004', 2)":null},"Iniciado en: ":{"('0165-D-2004', 0)":"Diputados","('0165-D-2004', 1)":null,"('0165-D-2004', 2)":null},"Expediente Diputados: ":{"('0165-D-2004', 0)":"0165-D-2004","('0165-D-2004', 1)":null,"('0165-D-2004', 2)":null},"Publicado en: ":{"('0165-D-2004', 0)":"Tr\u00e1mite Parlamentario N\u00b0 2","('0165-D-2004', 1)":null,"('0165-D-2004', 2)":null},"Fecha: ":{"('0165-D-2004', 0)":"02\/03\/2004","('0165-D-2004', 1)":null,"('0165-D-2004', 2)":null},"T\u00edtulo":{"('0165-D-2004', 0)":"SOLICITAR AL PODER EJECUTIVO EL ESTUDIO PARA LA REPAVIMENTACION DE LAS RUTAS NACIONALES 16 Y 95 EN LOS TRAMOS NO CONCESIONADOS.","('0165-D-2004', 1)":null,"('0165-D-2004', 2)":null},"('Firmantes', 'FIRMANTE')":{"('0165-D-2004', 0)":"GOY, BEATRIZ NORMA","('0165-D-2004', 1)":"OSORIO, MARTA LUCIA","('0165-D-2004', 2)":"GONZALEZ, RAFAEL ALFREDO"},"('Firmantes', 'DISTRITO')":{"('0165-D-2004', 0)":"CHACO","('0165-D-2004', 1)":"LA PAMPA","('0165-D-2004', 2)":"CHACO"},"('Firmantes', 'BLOQUE')":{"('0165-D-2004', 0)":"JUSTICIALISTA","('0165-D-2004', 1)":"JUSTICIALISTA","('0165-D-2004', 2)":"JUSTICIALISTA"},"('Giros', 'COMISI\u00d3N')":{"('0165-D-2004', 0)":"TRANSPORTES","('0165-D-2004', 1)":"OBRAS PUBLICAS","('0165-D-2004', 2)":null},"('Tramites', 'C\u00c1MARA')":{"('0165-D-2004', 0)":"Diputados","('0165-D-2004', 1)":"Diputados","('0165-D-2004', 2)":null},"('Tramites', 'MOVIMIENTO')":{"('0165-D-2004', 0)":"CONSIDERACION Y APROBACION","('0165-D-2004', 1)":"CONTESTACION DEL PODER EJECUTIVO NACIONAL - JEFE DE GABINETE DE MINISTROS - GIRADO A LA COMISION RESPECTIVA","('0165-D-2004', 2)":null},"('Tramites', 'FECHA')":{"('0165-D-2004', 0)":"09\/06\/2004","('0165-D-2004', 1)":"09\/02\/2005","('0165-D-2004', 2)":null},"('Tramites', 'RESULTADO')":{"('0165-D-2004', 0)":"APROBADO","('0165-D-2004', 1)":null,"('0165-D-2004', 2)":null},"Palabra Clave":{"('0165-D-2004', 0)":" ","('0165-D-2004', 1)":null,"('0165-D-2004', 2)":null}}