{"Tipo de Proyecto":{"('0166-S-2004', 0)":"PROYECTO DE LEY"},"Iniciado en: ":{"('0166-S-2004', 0)":"Senado"},"Expediente Senado: ":{"('0166-S-2004', 0)":"0166-S-2004"},"Publicado en: ":{"('0166-S-2004', 0)":"Diario de Asuntos Entrados N\u00b0 13"},"Fecha: ":{"('0166-S-2004', 0)":"03\/03\/2004"},"T\u00edtulo":{"('0166-S-2004', 0)":"MODIFICACION DEL ARTICULO 19 DE LA LEY 24241, SISTEMA INTEGRADO DE JUBILACIONES Y PENSIONES, SOBRE REQUISITOS PARA EL CESE DE LA ACTIVIDAD LABORAL, COMPENSACION DE LA EDAD CON A\u00d1OS DE SERVICIOS FALTANTES."},"('Firmantes', 'FIRMANTE')":{"('0166-S-2004', 0)":"M\u00dcLLER, MABEL HILDA"},"('Firmantes', 'DISTRITO')":{"('0166-S-2004', 0)":"BUENOS AIRES"},"('Firmantes', 'BLOQUE')":{"('0166-S-2004', 0)":"JUSTICIALISTA"},"Link":{"('0166-S-2004', 0)":"http:\/\/www.senado.gov.ar\/parlamentario\/comisiones\/verExp\/166.04\/S\/PL"},"Palabra Clave":{"('0166-S-2004', 0)":" "}}