{"Tipo de Proyecto":{"('0168-D-2004', 0)":"PROYECTO DE DECLARACI\u00d3N","('0168-D-2004', 1)":null,"('0168-D-2004', 2)":null},"Iniciado en: ":{"('0168-D-2004', 0)":"Diputados","('0168-D-2004', 1)":null,"('0168-D-2004', 2)":null},"Expediente Diputados: ":{"('0168-D-2004', 0)":"0168-D-2004","('0168-D-2004', 1)":null,"('0168-D-2004', 2)":null},"Publicado en: ":{"('0168-D-2004', 0)":"Tr\u00e1mite Parlamentario N\u00b0 2","('0168-D-2004', 1)":null,"('0168-D-2004', 2)":null},"Fecha: ":{"('0168-D-2004', 0)":"02\/03\/2004","('0168-D-2004', 1)":null,"('0168-D-2004', 2)":null},"T\u00edtulo":{"('0168-D-2004', 0)":"DECLARAR DE INTERES PARLAMENTARIO LAS XV OLIMPIADAS NACIONALES PARA LA TERCERA EDAD, A REALIZARSE EN LA CIUDAD DE PUERTO MADRYN, PROVINCIA DEL CHUBUT, DEL 14 AL 20 DE MARZO DE 2004.","('0168-D-2004', 1)":null,"('0168-D-2004', 2)":null},"('Firmantes', 'FIRMANTE')":{"('0168-D-2004', 0)":"CISTERNA, VICTOR HUGO","('0168-D-2004', 1)":"DI BENEDETTO, GUSTAVO DANIEL","('0168-D-2004', 2)":"DE BERNARDI, EDUARDO"},"('Firmantes', 'DISTRITO')":{"('0168-D-2004', 0)":"CHUBUT","('0168-D-2004', 1)":"CHUBUT","('0168-D-2004', 2)":"CHUBUT"},"('Firmantes', 'BLOQUE')":{"('0168-D-2004', 0)":"JUSTICIALISTA","('0168-D-2004', 1)":"UCR","('0168-D-2004', 2)":"JUSTICIALISTA"},"('Giros', 'COMISI\u00d3N')":{"('0168-D-2004', 0)":"TERCERA EDAD","('0168-D-2004', 1)":null,"('0168-D-2004', 2)":null},"('Tramites', 'C\u00c1MARA')":{"('0168-D-2004', 0)":"Diputados","('0168-D-2004', 1)":null,"('0168-D-2004', 2)":null},"('Tramites', 'MOVIMIENTO')":{"('0168-D-2004', 0)":"CONSIDERACION Y APROBACION","('0168-D-2004', 1)":null,"('0168-D-2004', 2)":null},"('Tramites', 'FECHA')":{"('0168-D-2004', 0)":"21\/04\/2004","('0168-D-2004', 1)":null,"('0168-D-2004', 2)":null},"('Tramites', 'RESULTADO')":{"('0168-D-2004', 0)":"APROBADO","('0168-D-2004', 1)":null,"('0168-D-2004', 2)":null},"Palabra Clave":{"('0168-D-2004', 0)":" ","('0168-D-2004', 1)":null,"('0168-D-2004', 2)":null}}