{"Tipo de Proyecto":{"('0169-D-2004', 0)":"PROYECTO DE DECLARACI\u00d3N","('0169-D-2004', 1)":null,"('0169-D-2004', 2)":null},"Iniciado en: ":{"('0169-D-2004', 0)":"Diputados","('0169-D-2004', 1)":null,"('0169-D-2004', 2)":null},"Expediente Diputados: ":{"('0169-D-2004', 0)":"0169-D-2004","('0169-D-2004', 1)":null,"('0169-D-2004', 2)":null},"Publicado en: ":{"('0169-D-2004', 0)":"Tr\u00e1mite Parlamentario N\u00b0 2","('0169-D-2004', 1)":null,"('0169-D-2004', 2)":null},"Fecha: ":{"('0169-D-2004', 0)":"02\/03\/2004","('0169-D-2004', 1)":null,"('0169-D-2004', 2)":null},"T\u00edtulo":{"('0169-D-2004', 0)":"SOLICITAR AL PODER EJECUTIVO EL ESTABLECIMIENTO DE UNA MISMA POLITICA CON RELACION AL COBRO DE ENTRADAS A LOS PARQUES NACIONALES.","('0169-D-2004', 1)":null,"('0169-D-2004', 2)":null},"('Firmantes', 'FIRMANTE')":{"('0169-D-2004', 0)":"CISTERNA, VICTOR HUGO","('0169-D-2004', 1)":"DI BENEDETTO, GUSTAVO DANIEL","('0169-D-2004', 2)":"DE BERNARDI, EDUARDO"},"('Firmantes', 'DISTRITO')":{"('0169-D-2004', 0)":"CHUBUT","('0169-D-2004', 1)":"CHUBUT","('0169-D-2004', 2)":"CHUBUT"},"('Firmantes', 'BLOQUE')":{"('0169-D-2004', 0)":"JUSTICIALISTA","('0169-D-2004', 1)":"UCR","('0169-D-2004', 2)":"JUSTICIALISTA"},"('Giros', 'COMISI\u00d3N')":{"('0169-D-2004', 0)":"RECURSOS NATURALES Y CONSERVACION DEL AMBIENTE HUMANO","('0169-D-2004', 1)":"TURISMO","('0169-D-2004', 2)":null},"Palabra Clave":{"('0169-D-2004', 0)":" ","('0169-D-2004', 1)":null,"('0169-D-2004', 2)":null}}