{"Tipo de Proyecto":{"('0169-S-2004', 0)":"PROYECTO DE DECLARACI\u00d3N"},"Iniciado en: ":{"('0169-S-2004', 0)":"Senado"},"Expediente Senado: ":{"('0169-S-2004', 0)":"0169-S-2004"},"Publicado en: ":{"('0169-S-2004', 0)":"Diario de Asuntos Entrados N\u00b0 13"},"Fecha: ":{"('0169-S-2004', 0)":"03\/03\/2004"},"T\u00edtulo":{"('0169-S-2004', 0)":"EXPRESAR LA VOLUNTAD DEL HONORABLE SENADO DE QUE LA ARGENTINA SE ABSTENGA DE ACOMPA\u00d1AR CUALQUIER POSTURA CONDENATORIA A CUBA EN LAS SESIONES DE LA COMISION DE DERECHOS HUMANOS DE LA ONU."},"('Firmantes', 'FIRMANTE')":{"('0169-S-2004', 0)":"IBARRA, VILMA LIDIA"},"('Firmantes', 'DISTRITO')":{"('0169-S-2004', 0)":"CIUDAD de BUENOS AIRES"},"('Firmantes', 'BLOQUE')":{"('0169-S-2004', 0)":"FREPASO"},"Link":{"('0169-S-2004', 0)":"http:\/\/www.senado.gov.ar\/parlamentario\/comisiones\/verExp\/169.04\/S\/PD"},"Palabra Clave":{"('0169-S-2004', 0)":" "}}