{"Tipo de Proyecto":{"('0170-S-2004', 0)":"PROYECTO DE LEY","('0170-S-2004', 1)":null,"('0170-S-2004', 2)":null,"('0170-S-2004', 3)":null,"('0170-S-2004', 4)":null},"Iniciado en: ":{"('0170-S-2004', 0)":"Senado","('0170-S-2004', 1)":null,"('0170-S-2004', 2)":null,"('0170-S-2004', 3)":null,"('0170-S-2004', 4)":null},"Expediente Diputados: ":{"('0170-S-2004', 0)":"0170-S-2004","('0170-S-2004', 1)":null,"('0170-S-2004', 2)":null,"('0170-S-2004', 3)":null,"('0170-S-2004', 4)":null},"Expediente Senado: ":{"('0170-S-2004', 0)":"2723-S-2003","('0170-S-2004', 1)":null,"('0170-S-2004', 2)":null,"('0170-S-2004', 3)":null,"('0170-S-2004', 4)":null},"Publicado en: ":{"('0170-S-2004', 0)":"Diario de Asuntos Entrados N\u00b0 159","('0170-S-2004', 1)":null,"('0170-S-2004', 2)":null,"('0170-S-2004', 3)":null,"('0170-S-2004', 4)":null},"Fecha: ":{"('0170-S-2004', 0)":"31\/10\/2003","('0170-S-2004', 1)":null,"('0170-S-2004', 2)":null,"('0170-S-2004', 3)":null,"('0170-S-2004', 4)":null},"T\u00edtulo":{"('0170-S-2004', 0)":"IMPRESION POR PARTE DEL BANCO CENTRAL DE LA REPUBLICA ARGENTINA Y DE LA CASA DE MONEDA DE LA NACION DE UN BILLETE O EN SU DEFECTO UNA MONEDA CON LA IMAGEN DEL BRIGADIER GENERAL JUAN FACUNDO QUIROGA, EN CONMEMORACION EL 16 DE FEBRERO DEL A\u00d1O 2005 DEL 170 ANIVERSARIO DE SU MUERTE.","('0170-S-2004', 1)":null,"('0170-S-2004', 2)":null,"('0170-S-2004', 3)":null,"('0170-S-2004', 4)":null},"('Firmantes', 'FIRMANTE')":{"('0170-S-2004', 0)":"MAZA, ADA MERCEDES","('0170-S-2004', 1)":null,"('0170-S-2004', 2)":null,"('0170-S-2004', 3)":null,"('0170-S-2004', 4)":null},"('Firmantes', 'DISTRITO')":{"('0170-S-2004', 0)":"LA RIOJA","('0170-S-2004', 1)":null,"('0170-S-2004', 2)":null,"('0170-S-2004', 3)":null,"('0170-S-2004', 4)":null},"('Firmantes', 'BLOQUE')":{"('0170-S-2004', 0)":"JUSTICIALISTA","('0170-S-2004', 1)":null,"('0170-S-2004', 2)":null,"('0170-S-2004', 3)":null,"('0170-S-2004', 4)":null},"('Giros', 'COMISI\u00d3N')":{"('0170-S-2004', 0)":"FINANZAS","('0170-S-2004', 1)":null,"('0170-S-2004', 2)":null,"('0170-S-2004', 3)":null,"('0170-S-2004', 4)":null},"('Tramites', 'C\u00c1MARA')":{"('0170-S-2004', 0)":"Senado","('0170-S-2004', 1)":"Senado","('0170-S-2004', 2)":"Diputados","('0170-S-2004', 3)":"Diputados","('0170-S-2004', 4)":"Diputados"},"('Tramites', 'MOVIMIENTO')":{"('0170-S-2004', 0)":"CONSIDERACION Y APROBACION","('0170-S-2004', 1)":"INSERCION","('0170-S-2004', 2)":"PASA A DIPUTADOS -","('0170-S-2004', 3)":"CITACION SESION ESPECIAL","('0170-S-2004', 4)":"CONSIDERACION Y SANCION"},"('Tramites', 'FECHA')":{"('0170-S-2004', 0)":"20\/10\/2004","('0170-S-2004', 1)":"20\/10\/2004","('0170-S-2004', 2)":null,"('0170-S-2004', 3)":"14\/12\/2004","('0170-S-2004', 4)":"14\/12\/2004"},"('Tramites', 'RESULTADO')":{"('0170-S-2004', 0)":"MEDIA SANCION","('0170-S-2004', 1)":null,"('0170-S-2004', 2)":null,"('0170-S-2004', 3)":null,"('0170-S-2004', 4)":"SANCIONADO"},"Link":{"('0170-S-2004', 0)":"http:\/\/www.senado.gov.ar\/parlamentario\/comisiones\/verExp\/2723.03\/S\/PL","('0170-S-2004', 1)":null,"('0170-S-2004', 2)":null,"('0170-S-2004', 3)":null,"('0170-S-2004', 4)":null},"Palabra Clave":{"('0170-S-2004', 0)":" ","('0170-S-2004', 1)":null,"('0170-S-2004', 2)":null,"('0170-S-2004', 3)":null,"('0170-S-2004', 4)":null}}