{"Tipo de Proyecto":{"('0171-S-2004', 0)":"PROYECTO DE LEY","('0171-S-2004', 1)":null,"('0171-S-2004', 2)":null,"('0171-S-2004', 3)":null},"Iniciado en: ":{"('0171-S-2004', 0)":"Senado","('0171-S-2004', 1)":null,"('0171-S-2004', 2)":null,"('0171-S-2004', 3)":null},"Expediente Diputados: ":{"('0171-S-2004', 0)":"0171-S-2004","('0171-S-2004', 1)":null,"('0171-S-2004', 2)":null,"('0171-S-2004', 3)":null},"Expediente Senado: ":{"('0171-S-2004', 0)":"0486-S-2004","('0171-S-2004', 1)":null,"('0171-S-2004', 2)":null,"('0171-S-2004', 3)":null},"Publicado en: ":{"('0171-S-2004', 0)":"Diario de Asuntos Entrados N\u00b0 34","('0171-S-2004', 1)":null,"('0171-S-2004', 2)":null,"('0171-S-2004', 3)":null},"Fecha: ":{"('0171-S-2004', 0)":"17\/03\/2004","('0171-S-2004', 1)":null,"('0171-S-2004', 2)":null,"('0171-S-2004', 3)":null},"T\u00edtulo":{"('0171-S-2004', 0)":"DEROGACION DEL ARTICULO 7 (PASANTIAS) DEL DECRETO DE NECESIDAD Y URGENCIA 487\/2000 (MODIFICATORIO DE LA DISTRIBUCION DE FONDOS DEL PRESUPUESTO 2000 - LEY 25237).","('0171-S-2004', 1)":null,"('0171-S-2004', 2)":null,"('0171-S-2004', 3)":null},"('Firmantes', 'FIRMANTE')":{"('0171-S-2004', 0)":"SAADI, RAMON EDUARDO","('0171-S-2004', 1)":null,"('0171-S-2004', 2)":null,"('0171-S-2004', 3)":null},"('Firmantes', 'DISTRITO')":{"('0171-S-2004', 0)":"CATAMARCA","('0171-S-2004', 1)":null,"('0171-S-2004', 2)":null,"('0171-S-2004', 3)":null},"('Firmantes', 'BLOQUE')":{"('0171-S-2004', 0)":"JUSTICIALISTA","('0171-S-2004', 1)":null,"('0171-S-2004', 2)":null,"('0171-S-2004', 3)":null},"('Giros', 'COMISI\u00d3N')":{"('0171-S-2004', 0)":"EDUCACION","('0171-S-2004', 1)":"LEGISLACION DEL TRABAJO","('0171-S-2004', 2)":null,"('0171-S-2004', 3)":null},"('Tramites', 'C\u00c1MARA')":{"('0171-S-2004', 0)":"Senado","('0171-S-2004', 1)":"Diputados","('0171-S-2004', 2)":"Diputados","('0171-S-2004', 3)":"Diputados"},"('Tramites', 'MOVIMIENTO')":{"('0171-S-2004', 0)":"CONSIDERACION Y APROBACION CONJUNTAMENTE PARA LOS EXPEDIENTES 0171-S-2004, 0486-S-2004 y 1677-S-2004","('0171-S-2004', 1)":"PASA A DIPUTADOS - CONJUNTAMENTE PARA LOS EXPEDIENTES 0171-S-2004, 0486-S-2004 y 1677-S-2004","('0171-S-2004', 2)":"REPRODUCIDO POR EXPEDIENTE 0105-S-07","('0171-S-2004', 3)":"MOCION DE VUELTA A COMISION (AFIRMATIVA) CONJUNTAMENTE PARA LOS EXPEDIENTES 0171-S-2004, 0486-S-2004, 0672-D-2006, 0131-CD-2007, 5806-D-2006 y 6090-D-2006"},"('Tramites', 'FECHA')":{"('0171-S-2004', 0)":"20\/10\/2004","('0171-S-2004', 1)":null,"('0171-S-2004', 2)":null,"('0171-S-2004', 3)":"06\/06\/2007"},"('Tramites', 'RESULTADO')":{"('0171-S-2004', 0)":"MEDIA SANCION","('0171-S-2004', 1)":null,"('0171-S-2004', 2)":null,"('0171-S-2004', 3)":null},"Link":{"('0171-S-2004', 0)":"http:\/\/www.senado.gov.ar\/parlamentario\/comisiones\/verExp\/486.04\/S\/PL","('0171-S-2004', 1)":null,"('0171-S-2004', 2)":null,"('0171-S-2004', 3)":null},"Palabra Clave":{"('0171-S-2004', 0)":" ","('0171-S-2004', 1)":null,"('0171-S-2004', 2)":null,"('0171-S-2004', 3)":null}}