{"Tipo de Proyecto":{"('0173-D-2004', 0)":"PROYECTO DE DECLARACI\u00d3N","('0173-D-2004', 1)":null,"('0173-D-2004', 2)":null,"('0173-D-2004', 3)":null},"Iniciado en: ":{"('0173-D-2004', 0)":"Diputados","('0173-D-2004', 1)":null,"('0173-D-2004', 2)":null,"('0173-D-2004', 3)":null},"Expediente Diputados: ":{"('0173-D-2004', 0)":"0173-D-2004","('0173-D-2004', 1)":null,"('0173-D-2004', 2)":null,"('0173-D-2004', 3)":null},"Publicado en: ":{"('0173-D-2004', 0)":"Tr\u00e1mite Parlamentario N\u00b0 2","('0173-D-2004', 1)":null,"('0173-D-2004', 2)":null,"('0173-D-2004', 3)":null},"Fecha: ":{"('0173-D-2004', 0)":"02\/03\/2004","('0173-D-2004', 1)":null,"('0173-D-2004', 2)":null,"('0173-D-2004', 3)":null},"T\u00edtulo":{"('0173-D-2004', 0)":"EXPRESAR BENEPLACITO POR LA POSICION DEL GOBIERNO EN LA NEGOCIACION DE LA DEUDA EXTERNA ARGENTINA.","('0173-D-2004', 1)":null,"('0173-D-2004', 2)":null,"('0173-D-2004', 3)":null},"('Firmantes', 'FIRMANTE')":{"('0173-D-2004', 0)":"LOZANO, ENCARNACION","('0173-D-2004', 1)":"JALIL, LUIS JULIAN","('0173-D-2004', 2)":"COMELLI, ALICIA MARCELA","('0173-D-2004', 3)":"PEREZ, ALBERTO CESAR"},"('Firmantes', 'DISTRITO')":{"('0173-D-2004', 0)":"NEUQUEN","('0173-D-2004', 1)":"NEUQUEN","('0173-D-2004', 2)":"NEUQUEN","('0173-D-2004', 3)":"NEUQUEN"},"('Firmantes', 'BLOQUE')":{"('0173-D-2004', 0)":"MOV POP NEUQUINO","('0173-D-2004', 1)":"MOV POP NEUQUINO","('0173-D-2004', 2)":"MOV POP NEUQUINO","('0173-D-2004', 3)":"MOV POP NEUQUINO"},"('Giros', 'COMISI\u00d3N')":{"('0173-D-2004', 0)":"PRESUPUESTO Y HACIENDA","('0173-D-2004', 1)":"FINANZAS","('0173-D-2004', 2)":null,"('0173-D-2004', 3)":null},"Palabra Clave":{"('0173-D-2004', 0)":" ","('0173-D-2004', 1)":null,"('0173-D-2004', 2)":null,"('0173-D-2004', 3)":null}}