{"Tipo de Proyecto":{"('0173-S-2004', 0)":"PROYECTO DE LEY","('0173-S-2004', 1)":null},"Iniciado en: ":{"('0173-S-2004', 0)":"Senado","('0173-S-2004', 1)":null},"Expediente Diputados: ":{"('0173-S-2004', 0)":"0173-S-2004","('0173-S-2004', 1)":null},"Expediente Senado: ":{"('0173-S-2004', 0)":"1404-S-2003","('0173-S-2004', 1)":null},"Publicado en: ":{"('0173-S-2004', 0)":"Diario de Asuntos Entrados N\u00b0 87","('0173-S-2004', 1)":null},"Fecha: ":{"('0173-S-2004', 0)":"14\/07\/2003","('0173-S-2004', 1)":null},"T\u00edtulo":{"('0173-S-2004', 0)":"DERECHOS DE LOS USUARIOS MOROSOS.","('0173-S-2004', 1)":null},"('Firmantes', 'FIRMANTE')":{"('0173-S-2004', 0)":"LOSADA, MARIO A.","('0173-S-2004', 1)":null},"('Firmantes', 'DISTRITO')":{"('0173-S-2004', 0)":"MISIONES","('0173-S-2004', 1)":null},"('Firmantes', 'BLOQUE')":{"('0173-S-2004', 0)":"UCR","('0173-S-2004', 1)":null},"('Giros', 'COMISI\u00d3N')":{"('0173-S-2004', 0)":"OBRAS PUBLICAS","('0173-S-2004', 1)":"DEFENSA DEL CONSUMIDOR"},"('Tramites', 'C\u00c1MARA')":{"('0173-S-2004', 0)":"Senado","('0173-S-2004', 1)":"Diputados"},"('Tramites', 'MOVIMIENTO')":{"('0173-S-2004', 0)":"CONSIDERACION Y APROBACION","('0173-S-2004', 1)":"PASA A DIPUTADOS -"},"('Tramites', 'FECHA')":{"('0173-S-2004', 0)":"20\/10\/2004","('0173-S-2004', 1)":null},"('Tramites', 'RESULTADO')":{"('0173-S-2004', 0)":"MEDIA SANCION","('0173-S-2004', 1)":null},"Sumario":{"('0173-S-2004', 0)":"INSTANCIA MEDIADORA; SUSPENSION DE LOS CORTES EN TRAMITE, RECONEXION DEL SERVICIO SIN COSTO PARA EL USUARIO, EN EL CASO DE HABER SIDO CORTADO DESPUES DE PUBLICADA LA PRESENTE NORMA.","('0173-S-2004', 1)":null},"Palabra Clave":{"('0173-S-2004', 0)":" ","('0173-S-2004', 1)":null}}