{"Tipo de Proyecto":{"('0174-D-2004', 0)":"PROYECTO DE RESOLUCI\u00d3N","('0174-D-2004', 1)":null,"('0174-D-2004', 2)":null,"('0174-D-2004', 3)":null,"('0174-D-2004', 4)":null},"Iniciado en: ":{"('0174-D-2004', 0)":"Diputados","('0174-D-2004', 1)":null,"('0174-D-2004', 2)":null,"('0174-D-2004', 3)":null,"('0174-D-2004', 4)":null},"Expediente Diputados: ":{"('0174-D-2004', 0)":"0174-D-2004","('0174-D-2004', 1)":null,"('0174-D-2004', 2)":null,"('0174-D-2004', 3)":null,"('0174-D-2004', 4)":null},"Publicado en: ":{"('0174-D-2004', 0)":"Tr\u00e1mite Parlamentario N\u00b0 2","('0174-D-2004', 1)":null,"('0174-D-2004', 2)":null,"('0174-D-2004', 3)":null,"('0174-D-2004', 4)":null},"Fecha: ":{"('0174-D-2004', 0)":"02\/03\/2004","('0174-D-2004', 1)":null,"('0174-D-2004', 2)":null,"('0174-D-2004', 3)":null,"('0174-D-2004', 4)":null},"T\u00edtulo":{"('0174-D-2004', 0)":"PEDIDO DE INFORMES AL PODER EJECUTIVO SOBRE LA OPERATIVIDAD DE UNA DELEGACION DEL INSTITUTO NACIONAL DE VITIVINICULTURA EN LA PROVINCIA DE CATAMARCA. ","('0174-D-2004', 1)":null,"('0174-D-2004', 2)":null,"('0174-D-2004', 3)":null,"('0174-D-2004', 4)":null},"('Firmantes', 'FIRMANTE')":{"('0174-D-2004', 0)":"MALDONADO, AIDA","('0174-D-2004', 1)":"LEONELLI, MARIA SILVINA","('0174-D-2004', 2)":"PERNASETTI, HORACIO FRANCISCO","('0174-D-2004', 3)":"GARIN DE TULA, LUCIA","('0174-D-2004', 4)":"FERRIN, MARIA TERESA"},"('Firmantes', 'DISTRITO')":{"('0174-D-2004', 0)":"CATAMARCA","('0174-D-2004', 1)":"CORDOBA","('0174-D-2004', 2)":"CATAMARCA","('0174-D-2004', 3)":"CATAMARCA","('0174-D-2004', 4)":"JUJUY"},"('Firmantes', 'BLOQUE')":{"('0174-D-2004', 0)":"FRENTE CIVICO Y SOCIAL DE CATAMARCA","('0174-D-2004', 1)":"UCR","('0174-D-2004', 2)":"UCR","('0174-D-2004', 3)":"FRENTE CIVICO Y SOCIAL DE CATAMARCA","('0174-D-2004', 4)":"UCR"},"('Giros', 'COMISI\u00d3N')":{"('0174-D-2004', 0)":"INDUSTRIA","('0174-D-2004', 1)":"PRESUPUESTO Y HACIENDA","('0174-D-2004', 2)":null,"('0174-D-2004', 3)":null,"('0174-D-2004', 4)":null},"Palabra Clave":{"('0174-D-2004', 0)":" ","('0174-D-2004', 1)":null,"('0174-D-2004', 2)":null,"('0174-D-2004', 3)":null,"('0174-D-2004', 4)":null}}