{"Tipo de Proyecto":{"('0176-S-2004', 0)":"MENSAJE NRO: 0777\/04 Y PROYECTO DE LEY","('0176-S-2004', 1)":null,"('0176-S-2004', 2)":null,"('0176-S-2004', 3)":null},"Iniciado en: ":{"('0176-S-2004', 0)":"Senado","('0176-S-2004', 1)":null,"('0176-S-2004', 2)":null,"('0176-S-2004', 3)":null},"Expediente Diputados: ":{"('0176-S-2004', 0)":"0176-S-2004","('0176-S-2004', 1)":null,"('0176-S-2004', 2)":null,"('0176-S-2004', 3)":null},"Expediente Senado: ":{"('0176-S-2004', 0)":"0218-PE-2004","('0176-S-2004', 1)":null,"('0176-S-2004', 2)":null,"('0176-S-2004', 3)":null},"Publicado en: ":{"('0176-S-2004', 0)":"Diario de Asuntos Entrados N\u00b0 122","('0176-S-2004', 1)":null,"('0176-S-2004', 2)":null,"('0176-S-2004', 3)":null},"Fecha: ":{"('0176-S-2004', 0)":"24\/06\/2004","('0176-S-2004', 1)":null,"('0176-S-2004', 2)":null,"('0176-S-2004', 3)":null},"T\u00edtulo":{"('0176-S-2004', 0)":"APROBACION DEL CONVENIO DE ESTOCOLMO SOBRE CONTAMINANTES ORGANICOS PERSISTENTES, ADOPTADO EN ESTOCOLMO, REINO DE SUECIA, EL 22\/05\/2001.","('0176-S-2004', 1)":null,"('0176-S-2004', 2)":null,"('0176-S-2004', 3)":null},"('Firmantes', 'FIRMANTE')":{"('0176-S-2004', 0)":"KIRCHNER, NESTOR CARLOS","('0176-S-2004', 1)":"FERNANDEZ, ALBERTO","('0176-S-2004', 2)":"BIELSA, RAFAEL","('0176-S-2004', 3)":null},"('Firmantes', 'DISTRITO')":{"('0176-S-2004', 0)":null,"('0176-S-2004', 1)":null,"('0176-S-2004', 2)":null,"('0176-S-2004', 3)":null},"('Firmantes', 'BLOQUE')":{"('0176-S-2004', 0)":"PODER EJECUTIVO","('0176-S-2004', 1)":"PODER EJECUTIVO","('0176-S-2004', 2)":"PODER EJECUTIVO","('0176-S-2004', 3)":null},"('Giros', 'COMISI\u00d3N')":{"('0176-S-2004', 0)":"RELACIONES EXTERIORES Y CULTO","('0176-S-2004', 1)":"RECURSOS NATURALES Y CONSERVACION DEL AMBIENTE HUMANO","('0176-S-2004', 2)":null,"('0176-S-2004', 3)":null},"('Tramites', 'C\u00c1MARA')":{"('0176-S-2004', 0)":"Senado","('0176-S-2004', 1)":"Diputados","('0176-S-2004', 2)":"Diputados","('0176-S-2004', 3)":"Diputados"},"('Tramites', 'MOVIMIENTO')":{"('0176-S-2004', 0)":"CONSIDERACION Y APROBACION","('0176-S-2004', 1)":"PASA A DIPUTADOS -","('0176-S-2004', 2)":"MOCION SOBRE TABLAS (PLAN DE LABOR) (AFIRMATIVA)","('0176-S-2004', 3)":"CONSIDERACION Y SANCION"},"('Tramites', 'FECHA')":{"('0176-S-2004', 0)":"20\/10\/2004","('0176-S-2004', 1)":null,"('0176-S-2004', 2)":"16\/12\/2004","('0176-S-2004', 3)":"16\/12\/2004"},"('Tramites', 'RESULTADO')":{"('0176-S-2004', 0)":"MEDIA SANCION","('0176-S-2004', 1)":null,"('0176-S-2004', 2)":null,"('0176-S-2004', 3)":"SANCIONADO"},"Link":{"('0176-S-2004', 0)":"http:\/\/www.senado.gov.ar\/web\/proyectos\/verExpe.php?origen=PE&nro_comision=&tipo=PL&numexp=218\/04&tConsulta=5","('0176-S-2004', 1)":null,"('0176-S-2004', 2)":null,"('0176-S-2004', 3)":null},"Palabra Clave":{"('0176-S-2004', 0)":" ","('0176-S-2004', 1)":null,"('0176-S-2004', 2)":null,"('0176-S-2004', 3)":null}}