{"Tipo de Proyecto":{"('0177-D-2004', 0)":"PROYECTO DE LEY"},"Iniciado en: ":{"('0177-D-2004', 0)":"Diputados"},"Expediente Diputados: ":{"('0177-D-2004', 0)":"0177-D-2004"},"Publicado en: ":{"('0177-D-2004', 0)":"Tr\u00e1mite Parlamentario N\u00b0 2"},"Fecha: ":{"('0177-D-2004', 0)":"02\/03\/2004"},"T\u00edtulo":{"('0177-D-2004', 0)":"PROHIBICION DE PRACTICAS QUE COMPORTEN CERCENAMIENTO DE LOS DERECHOS INDIVIDUALES DE ACCESO O PERMANENCIA EN EL EMPLEO A LOS DERECHOS SINDICALES, POR MOTIVO DE EDAD AVANZADA DE LAS PERSONAS."},"('Firmantes', 'FIRMANTE')":{"('0177-D-2004', 0)":"NATALE, ALBERTO A."},"('Firmantes', 'DISTRITO')":{"('0177-D-2004', 0)":"SANTA FE"},"('Firmantes', 'BLOQUE')":{"('0177-D-2004', 0)":"DEMOCRATA PROGRESISTA"},"('Giros', 'COMISI\u00d3N')":{"('0177-D-2004', 0)":"LEGISLACION DEL TRABAJO"},"Sumario":{"('0177-D-2004', 0)":"TIPIFICACION DE PRACTICAS PROHIBIDAS; EXCEPCIONES."},"Palabra Clave":{"('0177-D-2004', 0)":" "}}