{"Tipo de Proyecto":{"('0178-S-2004', 0)":"COMUNICACION","('0178-S-2004', 1)":null},"Iniciado en: ":{"('0178-S-2004', 0)":"Senado","('0178-S-2004', 1)":null},"Expediente Senado: ":{"('0178-S-2004', 0)":"0178-S-2004","('0178-S-2004', 1)":null},"Publicado en: ":{"('0178-S-2004', 0)":"Diario de Asuntos Entrados N\u00b0 14","('0178-S-2004', 1)":null},"Fecha: ":{"('0178-S-2004', 0)":"04\/03\/2004","('0178-S-2004', 1)":null},"T\u00edtulo":{"('0178-S-2004', 0)":"SOLICITAR AL PODER EJECUTIVO APRUEBE Y VIABILICE LA EJECUCION DE LOS PROYECTOS DE PROVISION DE AGUA POTABLE Y DESAG\u00dcES CLOACALES PRESENTADOS POR LA MUNICIPALIDAD DE ANDALGALA, PROVINCIA DE CATAMARCA.","('0178-S-2004', 1)":null},"('Firmantes', 'FIRMANTE')":{"('0178-S-2004', 0)":"SAADI, RAMON EDUARDO","('0178-S-2004', 1)":null},"('Firmantes', 'DISTRITO')":{"('0178-S-2004', 0)":"CATAMARCA","('0178-S-2004', 1)":null},"('Firmantes', 'BLOQUE')":{"('0178-S-2004', 0)":"JUSTICIALISTA","('0178-S-2004', 1)":null},"('Tramites', 'C\u00c1MARA')":{"('0178-S-2004', 0)":"Senado","('0178-S-2004', 1)":"Senado"},"('Tramites', 'MOVIMIENTO')":{"('0178-S-2004', 0)":"CONSIDERACION Y APROBACION","('0178-S-2004', 1)":"CONTESTACION DEL PODER EJECUTIVO NACIONAL - GIRADO A LA COMISION RESPECTIVA"},"('Tramites', 'FECHA')":{"('0178-S-2004', 0)":"19\/05\/2004","('0178-S-2004', 1)":null},"('Tramites', 'RESULTADO')":{"('0178-S-2004', 0)":"APROBADO","('0178-S-2004', 1)":null},"Link":{"('0178-S-2004', 0)":"http:\/\/www.senado.gov.ar\/parlamentario\/comisiones\/verExp\/178.04\/S\/PC","('0178-S-2004', 1)":null},"Palabra Clave":{"('0178-S-2004', 0)":" ","('0178-S-2004', 1)":null}}