{"Tipo de Proyecto":{"('0179-PE-2004', 0)":"MENSAJE NRO: 0620\/04","('0179-PE-2004', 1)":null},"Iniciado en: ":{"('0179-PE-2004', 0)":"Senado","('0179-PE-2004', 1)":null},"Expediente Senado: ":{"('0179-PE-2004', 0)":"0179-PE-2004","('0179-PE-2004', 1)":null},"Publicado en: ":{"('0179-PE-2004', 0)":"DAE S.A. N\u00b0 5","('0179-PE-2004', 1)":null},"Fecha: ":{"('0179-PE-2004', 0)":"21\/05\/2004","('0179-PE-2004', 1)":null},"T\u00edtulo":{"('0179-PE-2004', 0)":"SOLICITA ACUERDO PARA NOMBRAR EMBAJADOR EXTRAORDINARIO Y PLENIPOTENCIARIO DE CONFORMIDAD CON EL ARTICULO 5 DE LA LEY 20957, AL SE\u00d1OR CARLOS ANTONIO BAUTISTA BETTINI.","('0179-PE-2004', 1)":null},"('Firmantes', 'FIRMANTE')":{"('0179-PE-2004', 0)":"KIRCHNER, NESTOR CARLOS","('0179-PE-2004', 1)":"BIELSA, RAFAEL"},"('Firmantes', 'DISTRITO')":{"('0179-PE-2004', 0)":null,"('0179-PE-2004', 1)":null},"('Firmantes', 'BLOQUE')":{"('0179-PE-2004', 0)":"PODER EJECUTIVO","('0179-PE-2004', 1)":"PODER EJECUTIVO"},"('Tramites', 'C\u00c1MARA')":{"('0179-PE-2004', 0)":"Senado","('0179-PE-2004', 1)":null},"('Tramites', 'MOVIMIENTO')":{"('0179-PE-2004', 0)":"CONSIDERACION Y APROBACION (DICTAMEN DE MAYORIA)","('0179-PE-2004', 1)":null},"('Tramites', 'FECHA')":{"('0179-PE-2004', 0)":"23\/06\/2004","('0179-PE-2004', 1)":null},"('Tramites', 'RESULTADO')":{"('0179-PE-2004', 0)":"APROBADO","('0179-PE-2004', 1)":null},"Palabra Clave":{"('0179-PE-2004', 0)":" ","('0179-PE-2004', 1)":null}}