{"Tipo de Proyecto":{"('0179-S-2004', 0)":"PROYECTO DE RESOLUCI\u00d3N"},"Iniciado en: ":{"('0179-S-2004', 0)":"Senado"},"Expediente Senado: ":{"('0179-S-2004', 0)":"0179-S-2004"},"Publicado en: ":{"('0179-S-2004', 0)":"Diario de Asuntos Entrados N\u00b0 14"},"Fecha: ":{"('0179-S-2004', 0)":"04\/03\/2004"},"T\u00edtulo":{"('0179-S-2004', 0)":"ADHERIR A LA CONMEMORACION DEL DIA INTERNACIONAL DE LA ELIMINACION DE LA DISCRIMINACION RACIAL, A CELEBRARSE EL 21 DE MARZO."},"('Firmantes', 'FIRMANTE')":{"('0179-S-2004', 0)":"ESCUDERO, SONIA MARGARITA"},"('Firmantes', 'DISTRITO')":{"('0179-S-2004', 0)":"SALTA"},"('Firmantes', 'BLOQUE')":{"('0179-S-2004', 0)":"JUSTICIALISTA"},"('Tramites', 'C\u00c1MARA')":{"('0179-S-2004', 0)":"Senado"},"('Tramites', 'MOVIMIENTO')":{"('0179-S-2004', 0)":"CONSIDERACION Y APROBACION CON MODIFICACIONES CONJUNTAMENTE PARA LOS EXPEDIENTES 3417-S-2003, 3534-S-2003 y 0179-S-2004"},"('Tramites', 'FECHA')":{"('0179-S-2004', 0)":"02\/06\/2004"},"('Tramites', 'RESULTADO')":{"('0179-S-2004', 0)":"APROBADO"},"Link":{"('0179-S-2004', 0)":"http:\/\/www.senado.gov.ar\/parlamentario\/comisiones\/verExp\/179.04\/S\/PR"},"Palabra Clave":{"('0179-S-2004', 0)":" "}}