{"Tipo de Proyecto":{"('0180-PE-2004', 0)":"MENSAJE NRO: 0621\/04","('0180-PE-2004', 1)":null},"Iniciado en: ":{"('0180-PE-2004', 0)":"Senado","('0180-PE-2004', 1)":null},"Expediente Senado: ":{"('0180-PE-2004', 0)":"0180-PE-2004","('0180-PE-2004', 1)":null},"Publicado en: ":{"('0180-PE-2004', 0)":"DAE S.A. N\u00b0 5","('0180-PE-2004', 1)":null},"Fecha: ":{"('0180-PE-2004', 0)":"21\/05\/2004","('0180-PE-2004', 1)":null},"T\u00edtulo":{"('0180-PE-2004', 0)":"SOLICITA ACUERDO PARA NOMBRAR EMBAJADOR EXTRAORDINARIO Y PLENIPOTENCIARIO DE CONFORMIDAD CON EL ARTICULO 5 DE LA LEY 20957, AL SE\u00d1OR HECTOR MARCOS TIMERMAN.","('0180-PE-2004', 1)":null},"('Firmantes', 'FIRMANTE')":{"('0180-PE-2004', 0)":"KIRCHNER, NESTOR CARLOS","('0180-PE-2004', 1)":"BIELSA, RAFAEL"},"('Firmantes', 'DISTRITO')":{"('0180-PE-2004', 0)":null,"('0180-PE-2004', 1)":null},"('Firmantes', 'BLOQUE')":{"('0180-PE-2004', 0)":"PODER EJECUTIVO","('0180-PE-2004', 1)":"PODER EJECUTIVO"},"('Tramites', 'C\u00c1MARA')":{"('0180-PE-2004', 0)":"Senado","('0180-PE-2004', 1)":null},"('Tramites', 'MOVIMIENTO')":{"('0180-PE-2004', 0)":"CONSIDERACION Y APROBACION","('0180-PE-2004', 1)":null},"('Tramites', 'FECHA')":{"('0180-PE-2004', 0)":"23\/06\/2004","('0180-PE-2004', 1)":null},"('Tramites', 'RESULTADO')":{"('0180-PE-2004', 0)":"APROBADO","('0180-PE-2004', 1)":null},"Palabra Clave":{"('0180-PE-2004', 0)":" ","('0180-PE-2004', 1)":null}}