{"Tipo de Proyecto":{"('0180-S-2004', 0)":"PROYECTO DE LEY","('0180-S-2004', 1)":null},"Iniciado en: ":{"('0180-S-2004', 0)":"Senado","('0180-S-2004', 1)":null},"Expediente Diputados: ":{"('0180-S-2004', 0)":"0180-S-2004","('0180-S-2004', 1)":null},"Expediente Senado: ":{"('0180-S-2004', 0)":"2571-S-2004","('0180-S-2004', 1)":null},"Publicado en: ":{"('0180-S-2004', 0)":"Diario de Asuntos Entrados N\u00b0 162","('0180-S-2004', 1)":null},"Fecha: ":{"('0180-S-2004', 0)":"23\/08\/2004","('0180-S-2004', 1)":null},"T\u00edtulo":{"('0180-S-2004', 0)":"DENOMINAR \"SE\u00d1OR RODOLFO ANICETO FERNANDEZ\", AL TRAMO DE LA RUTA 34, COMPRENDIDO ENTRE LAS LOCALIDADES DE ROSARIO DE LA FRONTERA Y LA DE ANTILLAS, DEPARTAMENTO ROSARIO DE LA FRONTERA, PROVINCIA DE SALTA.","('0180-S-2004', 1)":null},"('Firmantes', 'FIRMANTE')":{"('0180-S-2004', 0)":"LOPEZ ARIAS, MARCELO EDUARDO","('0180-S-2004', 1)":null},"('Firmantes', 'DISTRITO')":{"('0180-S-2004', 0)":"SALTA","('0180-S-2004', 1)":null},"('Firmantes', 'BLOQUE')":{"('0180-S-2004', 0)":"JUSTICIALISTA","('0180-S-2004', 1)":null},"('Giros', 'COMISI\u00d3N')":{"('0180-S-2004', 0)":"TRANSPORTES","('0180-S-2004', 1)":"OBRAS PUBLICAS"},"('Tramites', 'C\u00c1MARA')":{"('0180-S-2004', 0)":"Senado","('0180-S-2004', 1)":"Diputados"},"('Tramites', 'MOVIMIENTO')":{"('0180-S-2004', 0)":"CONSIDERACION Y APROBACION","('0180-S-2004', 1)":"PASA A DIPUTADOS -"},"('Tramites', 'FECHA')":{"('0180-S-2004', 0)":"20\/10\/2004","('0180-S-2004', 1)":null},"('Tramites', 'RESULTADO')":{"('0180-S-2004', 0)":"MEDIA SANCION","('0180-S-2004', 1)":null},"Link":{"('0180-S-2004', 0)":"http:\/\/www.senado.gov.ar\/parlamentario\/comisiones\/verExp\/2571.04\/S\/PL","('0180-S-2004', 1)":null},"Palabra Clave":{"('0180-S-2004', 0)":" ","('0180-S-2004', 1)":null}}