{"Tipo de Proyecto":{"('0181-D-2004', 0)":"PROYECTO DE LEY","('0181-D-2004', 1)":null,"('0181-D-2004', 2)":null},"Iniciado en: ":{"('0181-D-2004', 0)":"Diputados","('0181-D-2004', 1)":null,"('0181-D-2004', 2)":null},"Expediente Diputados: ":{"('0181-D-2004', 0)":"0181-D-2004","('0181-D-2004', 1)":null,"('0181-D-2004', 2)":null},"Publicado en: ":{"('0181-D-2004', 0)":"Tr\u00e1mite Parlamentario N\u00b0 2","('0181-D-2004', 1)":null,"('0181-D-2004', 2)":null},"Fecha: ":{"('0181-D-2004', 0)":"02\/03\/2004","('0181-D-2004', 1)":null,"('0181-D-2004', 2)":null},"T\u00edtulo":{"('0181-D-2004', 0)":"CREACION DEL FONDO NACIONAL PARA EL DESARROLLO Y FOMENTO DE LAS EXPORTACIONES.","('0181-D-2004', 1)":null,"('0181-D-2004', 2)":null},"('Firmantes', 'FIRMANTE')":{"('0181-D-2004', 0)":"NATALE, ALBERTO A.","('0181-D-2004', 1)":null,"('0181-D-2004', 2)":null},"('Firmantes', 'DISTRITO')":{"('0181-D-2004', 0)":"SANTA FE","('0181-D-2004', 1)":null,"('0181-D-2004', 2)":null},"('Firmantes', 'BLOQUE')":{"('0181-D-2004', 0)":"DEMOCRATA PROGRESISTA","('0181-D-2004', 1)":null,"('0181-D-2004', 2)":null},"('Giros', 'COMISI\u00d3N')":{"('0181-D-2004', 0)":"COMERCIO","('0181-D-2004', 1)":"FINANZAS","('0181-D-2004', 2)":"PRESUPUESTO Y HACIENDA"},"Sumario":{"('0181-D-2004', 0)":"OBJETIVO; ADMINISTRACION; RECURSOS; DESTINO DE LOS FONDOS.","('0181-D-2004', 1)":null,"('0181-D-2004', 2)":null},"Palabra Clave":{"('0181-D-2004', 0)":" ","('0181-D-2004', 1)":null,"('0181-D-2004', 2)":null}}