{"Tipo de Proyecto":{"('0182-S-2004', 0)":"PROYECTO DE LEY","('0182-S-2004', 1)":null},"Iniciado en: ":{"('0182-S-2004', 0)":"Senado","('0182-S-2004', 1)":null},"Expediente Diputados: ":{"('0182-S-2004', 0)":"0182-S-2004","('0182-S-2004', 1)":null},"Expediente Senado: ":{"('0182-S-2004', 0)":"2584-S-2004","('0182-S-2004', 1)":null},"Publicado en: ":{"('0182-S-2004', 0)":"Diario de Asuntos Entrados N\u00b0 163","('0182-S-2004', 1)":null},"Fecha: ":{"('0182-S-2004', 0)":"24\/08\/2004","('0182-S-2004', 1)":null},"T\u00edtulo":{"('0182-S-2004', 0)":"DECLARAR MONUMENTOS NATURALES A LAS ESPECIES VIVAS DEL CANIDO CHRYSOCYON BRACHYURUS (AGUARA GUAZU - GUARANI, LOBO DE CRIN, LOBO ROJO, ZORRO DE LOS ESTEROS, LOBO COLORADO).","('0182-S-2004', 1)":null},"('Firmantes', 'FIRMANTE')":{"('0182-S-2004', 0)":"SANCHEZ, MARIA DORA","('0182-S-2004', 1)":null},"('Firmantes', 'DISTRITO')":{"('0182-S-2004', 0)":"CORRIENTES","('0182-S-2004', 1)":null},"('Firmantes', 'BLOQUE')":{"('0182-S-2004', 0)":"UCR","('0182-S-2004', 1)":null},"('Giros', 'COMISI\u00d3N')":{"('0182-S-2004', 0)":"RECURSOS NATURALES Y CONSERVACION DEL AMBIENTE HUMANO","('0182-S-2004', 1)":null},"('Tramites', 'C\u00c1MARA')":{"('0182-S-2004', 0)":"Senado","('0182-S-2004', 1)":"Diputados"},"('Tramites', 'MOVIMIENTO')":{"('0182-S-2004', 0)":"CONSIDERACION Y APROBACION","('0182-S-2004', 1)":"PASA A DIPUTADOS -"},"('Tramites', 'FECHA')":{"('0182-S-2004', 0)":"20\/10\/2004","('0182-S-2004', 1)":null},"('Tramites', 'RESULTADO')":{"('0182-S-2004', 0)":"MEDIA SANCION","('0182-S-2004', 1)":null},"Sumario":{"('0182-S-2004', 0)":"EN LOS TERMINOS DEL ARTICULO 8 DE LA LEY 22351; ENCOMENDAR A LA ADMINISTRACION DE PARQUES NACIONALES LA COMPATIBILIZACION, JUNTAMENTE CON LA DIRECCION DE FAUNA SILVESTRE DE LA NACION, EL PLAN DE MANEJO PARA LA ESPECIE.","('0182-S-2004', 1)":null},"Palabra Clave":{"('0182-S-2004', 0)":" ","('0182-S-2004', 1)":null}}