{"Tipo de Proyecto":{"('0183-PE-2004', 0)":"MENSAJE NRO: 0642\/04 Y PROYECTO DE LEY","('0183-PE-2004', 1)":null,"('0183-PE-2004', 2)":null,"('0183-PE-2004', 3)":null,"('0183-PE-2004', 4)":null,"('0183-PE-2004', 5)":null,"('0183-PE-2004', 6)":null,"('0183-PE-2004', 7)":null,"('0183-PE-2004', 8)":null,"('0183-PE-2004', 9)":null,"('0183-PE-2004', 10)":null,"('0183-PE-2004', 11)":null,"('0183-PE-2004', 12)":null,"('0183-PE-2004', 13)":null,"('0183-PE-2004', 14)":null,"('0183-PE-2004', 15)":null,"('0183-PE-2004', 16)":null},"Iniciado en: ":{"('0183-PE-2004', 0)":"Senado","('0183-PE-2004', 1)":null,"('0183-PE-2004', 2)":null,"('0183-PE-2004', 3)":null,"('0183-PE-2004', 4)":null,"('0183-PE-2004', 5)":null,"('0183-PE-2004', 6)":null,"('0183-PE-2004', 7)":null,"('0183-PE-2004', 8)":null,"('0183-PE-2004', 9)":null,"('0183-PE-2004', 10)":null,"('0183-PE-2004', 11)":null,"('0183-PE-2004', 12)":null,"('0183-PE-2004', 13)":null,"('0183-PE-2004', 14)":null,"('0183-PE-2004', 15)":null,"('0183-PE-2004', 16)":null},"Expediente Senado: ":{"('0183-PE-2004', 0)":"0183-PE-2004","('0183-PE-2004', 1)":null,"('0183-PE-2004', 2)":null,"('0183-PE-2004', 3)":null,"('0183-PE-2004', 4)":null,"('0183-PE-2004', 5)":null,"('0183-PE-2004', 6)":null,"('0183-PE-2004', 7)":null,"('0183-PE-2004', 8)":null,"('0183-PE-2004', 9)":null,"('0183-PE-2004', 10)":null,"('0183-PE-2004', 11)":null,"('0183-PE-2004', 12)":null,"('0183-PE-2004', 13)":null,"('0183-PE-2004', 14)":null,"('0183-PE-2004', 15)":null,"('0183-PE-2004', 16)":null},"Publicado en: ":{"('0183-PE-2004', 0)":"Diario de Asuntos Entrados N\u00b0 97","('0183-PE-2004', 1)":null,"('0183-PE-2004', 2)":null,"('0183-PE-2004', 3)":null,"('0183-PE-2004', 4)":null,"('0183-PE-2004', 5)":null,"('0183-PE-2004', 6)":null,"('0183-PE-2004', 7)":null,"('0183-PE-2004', 8)":null,"('0183-PE-2004', 9)":null,"('0183-PE-2004', 10)":null,"('0183-PE-2004', 11)":null,"('0183-PE-2004', 12)":null,"('0183-PE-2004', 13)":null,"('0183-PE-2004', 14)":null,"('0183-PE-2004', 15)":null,"('0183-PE-2004', 16)":null},"Fecha: ":{"('0183-PE-2004', 0)":"24\/05\/2004","('0183-PE-2004', 1)":null,"('0183-PE-2004', 2)":null,"('0183-PE-2004', 3)":null,"('0183-PE-2004', 4)":null,"('0183-PE-2004', 5)":null,"('0183-PE-2004', 6)":null,"('0183-PE-2004', 7)":null,"('0183-PE-2004', 8)":null,"('0183-PE-2004', 9)":null,"('0183-PE-2004', 10)":null,"('0183-PE-2004', 11)":null,"('0183-PE-2004', 12)":null,"('0183-PE-2004', 13)":null,"('0183-PE-2004', 14)":null,"('0183-PE-2004', 15)":null,"('0183-PE-2004', 16)":null},"T\u00edtulo":{"('0183-PE-2004', 0)":"MODIFICACION DE LA COMPETENCIA JUDICIAL DENTRO DEL MARCO DE LA LEY 23737 DE ESTUPEFACIENTES.","('0183-PE-2004', 1)":null,"('0183-PE-2004', 2)":null,"('0183-PE-2004', 3)":null,"('0183-PE-2004', 4)":null,"('0183-PE-2004', 5)":null,"('0183-PE-2004', 6)":null,"('0183-PE-2004', 7)":null,"('0183-PE-2004', 8)":null,"('0183-PE-2004', 9)":null,"('0183-PE-2004', 10)":null,"('0183-PE-2004', 11)":null,"('0183-PE-2004', 12)":null,"('0183-PE-2004', 13)":null,"('0183-PE-2004', 14)":null,"('0183-PE-2004', 15)":null,"('0183-PE-2004', 16)":null},"('Firmantes', 'FIRMANTE')":{"('0183-PE-2004', 0)":"KIRCHNER, NESTOR CARLOS","('0183-PE-2004', 1)":"FERNANDEZ, ALBERTO","('0183-PE-2004', 2)":"BELIZ, GUSTAVO","('0183-PE-2004', 3)":null,"('0183-PE-2004', 4)":null,"('0183-PE-2004', 5)":null,"('0183-PE-2004', 6)":null,"('0183-PE-2004', 7)":null,"('0183-PE-2004', 8)":null,"('0183-PE-2004', 9)":null,"('0183-PE-2004', 10)":null,"('0183-PE-2004', 11)":null,"('0183-PE-2004', 12)":null,"('0183-PE-2004', 13)":null,"('0183-PE-2004', 14)":null,"('0183-PE-2004', 15)":null,"('0183-PE-2004', 16)":null},"('Firmantes', 'DISTRITO')":{"('0183-PE-2004', 0)":null,"('0183-PE-2004', 1)":null,"('0183-PE-2004', 2)":null,"('0183-PE-2004', 3)":null,"('0183-PE-2004', 4)":null,"('0183-PE-2004', 5)":null,"('0183-PE-2004', 6)":null,"('0183-PE-2004', 7)":null,"('0183-PE-2004', 8)":null,"('0183-PE-2004', 9)":null,"('0183-PE-2004', 10)":null,"('0183-PE-2004', 11)":null,"('0183-PE-2004', 12)":null,"('0183-PE-2004', 13)":null,"('0183-PE-2004', 14)":null,"('0183-PE-2004', 15)":null,"('0183-PE-2004', 16)":null},"('Firmantes', 'BLOQUE')":{"('0183-PE-2004', 0)":"PODER EJECUTIVO","('0183-PE-2004', 1)":"PODER EJECUTIVO","('0183-PE-2004', 2)":"PODER EJECUTIVO","('0183-PE-2004', 3)":null,"('0183-PE-2004', 4)":null,"('0183-PE-2004', 5)":null,"('0183-PE-2004', 6)":null,"('0183-PE-2004', 7)":null,"('0183-PE-2004', 8)":null,"('0183-PE-2004', 9)":null,"('0183-PE-2004', 10)":null,"('0183-PE-2004', 11)":null,"('0183-PE-2004', 12)":null,"('0183-PE-2004', 13)":null,"('0183-PE-2004', 14)":null,"('0183-PE-2004', 15)":null,"('0183-PE-2004', 16)":null},"('Tramites', 'C\u00c1MARA')":{"('0183-PE-2004', 0)":"Senado","('0183-PE-2004', 1)":"Senado","('0183-PE-2004', 2)":"Senado","('0183-PE-2004', 3)":"Senado","('0183-PE-2004', 4)":"Senado","('0183-PE-2004', 5)":"Senado","('0183-PE-2004', 6)":"Diputados","('0183-PE-2004', 7)":"Diputados","('0183-PE-2004', 8)":"Diputados","('0183-PE-2004', 9)":"Diputados","('0183-PE-2004', 10)":"Diputados","('0183-PE-2004', 11)":"Diputados","('0183-PE-2004', 12)":"Diputados","('0183-PE-2004', 13)":"Senado","('0183-PE-2004', 14)":"Senado","('0183-PE-2004', 15)":"Senado","('0183-PE-2004', 16)":"Senado"},"('Tramites', 'MOVIMIENTO')":{"('0183-PE-2004', 0)":"MOCION DE VUELTA A COMISION (AFIRMATIVA) CONJUNTAMENTE PARA LOS EXPEDIENTES 0141-S-2004, 1222-S-2003, 1681-S-2003 y 0183-PE-2004","('0183-PE-2004', 1)":"AMPLIACION GIRO A LA COMISION DE SEGURIDAD Y NARCOTRAFICO CONJUNTAMENTE PARA LOS EXPEDIENTES 0141-S-2004, 1222-S-2003, 1681-S-2003 y 0183-PE-2004","('0183-PE-2004', 2)":"MOCION DE PREFERENCIA PARA LA PROXIMA SESION CON DICTAMEN (AFIRMATIVA) CONJUNTAMENTE PARA LOS EXPEDIENTES 0141-S-2004, 1222-S-2003, 1681-S-2003 y 0183-PE-2004","('0183-PE-2004', 3)":"MOCION SOBRE TABLAS (AFIRMATIVA) CONJUNTAMENTE PARA LOS EXPEDIENTES 0141-S-2004, 1222-S-2003, 1681-S-2003 y 0183-PE-2004","('0183-PE-2004', 4)":"CONSIDERACION Y APROBACION CON MODIFICACIONES CONJUNTAMENTE PARA LOS EXPEDIENTES 0141-S-2004, 1222-S-2003, 1681-S-2003 y 0183-PE-2004","('0183-PE-2004', 5)":"INSERCION CONJUNTAMENTE PARA LOS EXPEDIENTES 0141-S-2004, 1222-S-2003, 1681-S-2003 y 0183-PE-2004","('0183-PE-2004', 6)":"PASA A DIPUTADOS - CONJUNTAMENTE PARA LOS EXPEDIENTES 0141-S-2004, 1222-S-2003, 1681-S-2003 y 0183-PE-2004","('0183-PE-2004', 7)":"CONSIDERACION CONJUNTAMENTE PARA LOS EXPEDIENTES 0141-S-2004, 1222-S-2003, 1681-S-2003 y 0183-PE-2004","('0183-PE-2004', 8)":"MOCION DE PREFERENCIA (AFIRMATIVA) CONJUNTAMENTE PARA LOS EXPEDIENTES 0141-S-2004, 1222-S-2003, 1681-S-2003 y 0183-PE-2004","('0183-PE-2004', 9)":"CONSIDERACION CONJUNTAMENTE PARA LOS EXPEDIENTES 0141-S-2004, 1222-S-2003, 1681-S-2003 y 0183-PE-2004","('0183-PE-2004', 10)":"MOCION DE VUELTA A COMISION (NEGATIVA) CONJUNTAMENTE PARA LOS EXPEDIENTES 0141-S-2004, 1222-S-2003, 1681-S-2003 y 0183-PE-2004","('0183-PE-2004', 11)":"CONTINUA CONSIDERACION CONJUNTAMENTE PARA LOS EXPEDIENTES 0141-S-2004, 1222-S-2003, 1681-S-2003 y 0183-PE-2004","('0183-PE-2004', 12)":"CONSIDERACION Y APROBACION CON MODIFICACIONES CONJUNTAMENTE PARA LOS EXPEDIENTES 0141-S-2004, 1222-S-2003, 1681-S-2003 y 0183-PE-2004","('0183-PE-2004', 13)":"VUELVE A SENADO - CONJUNTAMENTE PARA LOS EXPEDIENTES 0141-S-2004, 1222-S-2003, 1681-S-2003 y 0183-PE-2004","('0183-PE-2004', 14)":"MOCION SOBRE TABLAS (AFIRMATIVA) CONJUNTAMENTE PARA LOS EXPEDIENTES 0141-S-2004, 1222-S-2003, 1681-S-2003 y 0183-PE-2004","('0183-PE-2004', 15)":"CONSIDERACION Y SANCION (INSISTENCIA DEL H SENADO EN SU SANCION ORIGINAL) CONJUNTAMENTE PARA LOS EXPEDIENTES 0141-S-2004, 1222-S-2003, 1681-S-2003 y 0183-PE-2004","('0183-PE-2004', 16)":"INSERCION DEL SENADOR AGUNDEZ CONJUNTAMENTE PARA LOS EXPEDIENTES 0141-S-2004, 1222-S-2003, 1681-S-2003 y 0183-PE-2004"},"('Tramites', 'FECHA')":{"('0183-PE-2004', 0)":"02\/06\/2004","('0183-PE-2004', 1)":"02\/06\/2004","('0183-PE-2004', 2)":"04\/08\/2004","('0183-PE-2004', 3)":"06\/10\/2004","('0183-PE-2004', 4)":"06\/10\/2004","('0183-PE-2004', 5)":"06\/10\/2004","('0183-PE-2004', 6)":null,"('0183-PE-2004', 7)":"16\/12\/2004","('0183-PE-2004', 8)":"16\/03\/2005","('0183-PE-2004', 9)":"20\/04\/2005","('0183-PE-2004', 10)":"20\/04\/2005","('0183-PE-2004', 11)":"04\/05\/2005","('0183-PE-2004', 12)":"11\/05\/2005","('0183-PE-2004', 13)":null,"('0183-PE-2004', 14)":"27\/07\/2005","('0183-PE-2004', 15)":"27\/07\/2005","('0183-PE-2004', 16)":"27\/07\/2005"},"('Tramites', 'RESULTADO')":{"('0183-PE-2004', 0)":null,"('0183-PE-2004', 1)":null,"('0183-PE-2004', 2)":null,"('0183-PE-2004', 3)":null,"('0183-PE-2004', 4)":"MEDIA SANCION","('0183-PE-2004', 5)":null,"('0183-PE-2004', 6)":null,"('0183-PE-2004', 7)":null,"('0183-PE-2004', 8)":null,"('0183-PE-2004', 9)":null,"('0183-PE-2004', 10)":null,"('0183-PE-2004', 11)":null,"('0183-PE-2004', 12)":"MEDIA SANCION","('0183-PE-2004', 13)":null,"('0183-PE-2004', 14)":null,"('0183-PE-2004', 15)":"SANCIONADO","('0183-PE-2004', 16)":null},"Sumario":{"('0183-PE-2004', 0)":"SUSTITUCION DEL ARTICULO 34 (COMPETENCIA DE LA JUSTICIA FEDERAL; EXCEPCION EN EL AMBITO DE LA CIUDAD AUTONOMA DE BUENOS AIRES: COMPETENCIA DE LA JUSTICIA NACIONAL DE INSTRUCCION EN LO CRIMINAL Y CORRECCIONAL; COMPETENCIA EN EL INTERIOR DEL PAIS DE LA JUSTICIA PENAL LOCAL EN CASO DE LOS DELITOS DE LOS ARTICULOS 204, 204 BIS, 204 TER, 204 QUATER DEL CODIGO PENAL Y ARTICULO 5, INCISO A) EN FUNCION DEL TERCER PARRAFO DEL INCISO E), ARTICULO 14 Y ARTICULO 29 DE LA LEY 23737)","('0183-PE-2004', 1)":null,"('0183-PE-2004', 2)":null,"('0183-PE-2004', 3)":null,"('0183-PE-2004', 4)":null,"('0183-PE-2004', 5)":null,"('0183-PE-2004', 6)":null,"('0183-PE-2004', 7)":null,"('0183-PE-2004', 8)":null,"('0183-PE-2004', 9)":null,"('0183-PE-2004', 10)":null,"('0183-PE-2004', 11)":null,"('0183-PE-2004', 12)":null,"('0183-PE-2004', 13)":null,"('0183-PE-2004', 14)":null,"('0183-PE-2004', 15)":null,"('0183-PE-2004', 16)":null},"Palabra Clave":{"('0183-PE-2004', 0)":" ","('0183-PE-2004', 1)":null,"('0183-PE-2004', 2)":null,"('0183-PE-2004', 3)":null,"('0183-PE-2004', 4)":null,"('0183-PE-2004', 5)":null,"('0183-PE-2004', 6)":null,"('0183-PE-2004', 7)":null,"('0183-PE-2004', 8)":null,"('0183-PE-2004', 9)":null,"('0183-PE-2004', 10)":null,"('0183-PE-2004', 11)":null,"('0183-PE-2004', 12)":null,"('0183-PE-2004', 13)":null,"('0183-PE-2004', 14)":null,"('0183-PE-2004', 15)":null,"('0183-PE-2004', 16)":null}}