{"Tipo de Proyecto":{"('0186-D-2004', 0)":"PROYECTO DE DECLARACI\u00d3N","('0186-D-2004', 1)":null,"('0186-D-2004', 2)":null,"('0186-D-2004', 3)":null},"Iniciado en: ":{"('0186-D-2004', 0)":"Diputados","('0186-D-2004', 1)":null,"('0186-D-2004', 2)":null,"('0186-D-2004', 3)":null},"Expediente Diputados: ":{"('0186-D-2004', 0)":"0186-D-2004","('0186-D-2004', 1)":null,"('0186-D-2004', 2)":null,"('0186-D-2004', 3)":null},"Publicado en: ":{"('0186-D-2004', 0)":"Tr\u00e1mite Parlamentario N\u00b0 2","('0186-D-2004', 1)":null,"('0186-D-2004', 2)":null,"('0186-D-2004', 3)":null},"Fecha: ":{"('0186-D-2004', 0)":"02\/03\/2004","('0186-D-2004', 1)":null,"('0186-D-2004', 2)":null,"('0186-D-2004', 3)":null},"T\u00edtulo":{"('0186-D-2004', 0)":"SOLICITAR AL PODER EJECUTIVO LA INCORPORACION A LA PROVINCIA DE MISIONES COMO DESTINO TURISTICO CON DESCUENTOS ESPECIALES PROMOCIONADO PARA LA TEMPORADA 2004.","('0186-D-2004', 1)":null,"('0186-D-2004', 2)":null,"('0186-D-2004', 3)":null},"('Firmantes', 'FIRMANTE')":{"('0186-D-2004', 0)":"PESO, STELLA MARYS","('0186-D-2004', 1)":"IRRAZABAL, JUAN MANUEL","('0186-D-2004', 2)":"ISLA DE SARACENI, CELIA","('0186-D-2004', 3)":"SARTORI, DIEGO HORACIO"},"('Firmantes', 'DISTRITO')":{"('0186-D-2004', 0)":"MISIONES","('0186-D-2004', 1)":"MISIONES","('0186-D-2004', 2)":"MISIONES","('0186-D-2004', 3)":"MISIONES"},"('Firmantes', 'BLOQUE')":{"('0186-D-2004', 0)":"JUSTICIALISTA","('0186-D-2004', 1)":"JUSTICIALISTA","('0186-D-2004', 2)":"JUSTICIALISTA","('0186-D-2004', 3)":"JUSTICIALISTA"},"('Giros', 'COMISI\u00d3N')":{"('0186-D-2004', 0)":"TURISMO","('0186-D-2004', 1)":"FINANZAS","('0186-D-2004', 2)":null,"('0186-D-2004', 3)":null},"Palabra Clave":{"('0186-D-2004', 0)":" ","('0186-D-2004', 1)":null,"('0186-D-2004', 2)":null,"('0186-D-2004', 3)":null}}