{"Tipo de Proyecto":{"('0188-S-2004', 0)":"COMUNICACION","('0188-S-2004', 1)":null},"Iniciado en: ":{"('0188-S-2004', 0)":"Senado","('0188-S-2004', 1)":null},"Expediente Senado: ":{"('0188-S-2004', 0)":"0188-S-2004","('0188-S-2004', 1)":null},"Publicado en: ":{"('0188-S-2004', 0)":"Diario de Asuntos Entrados N\u00b0 15","('0188-S-2004', 1)":null},"Fecha: ":{"('0188-S-2004', 0)":"05\/03\/2004","('0188-S-2004', 1)":null},"T\u00edtulo":{"('0188-S-2004', 0)":"SOLICITAR AL PODER EJECUTIVO DISPONGA LA INCORPORACION OBLIGATORIA DEL IDIOMA INGLES EN LOS DISE\u00d1OS CURRICULARES DE TODOS LOS NIVELES EDUCATIVOS.","('0188-S-2004', 1)":null},"('Firmantes', 'FIRMANTE')":{"('0188-S-2004', 0)":"SAADI, RAMON EDUARDO","('0188-S-2004', 1)":null},"('Firmantes', 'DISTRITO')":{"('0188-S-2004', 0)":"CATAMARCA","('0188-S-2004', 1)":null},"('Firmantes', 'BLOQUE')":{"('0188-S-2004', 0)":"JUSTICIALISTA","('0188-S-2004', 1)":null},"('Tramites', 'C\u00c1MARA')":{"('0188-S-2004', 0)":"Senado","('0188-S-2004', 1)":"Senado"},"('Tramites', 'MOVIMIENTO')":{"('0188-S-2004', 0)":"CONSIDERACION Y APROBACION","('0188-S-2004', 1)":"CONTESTACION DEL PODER EJECUTIVO NACIONAL - GIRADO A LA COMISION RESPECTIVA"},"('Tramites', 'FECHA')":{"('0188-S-2004', 0)":"11\/08\/2004","('0188-S-2004', 1)":null},"('Tramites', 'RESULTADO')":{"('0188-S-2004', 0)":"APROBADO","('0188-S-2004', 1)":null},"Link":{"('0188-S-2004', 0)":"http:\/\/www.senado.gov.ar\/parlamentario\/comisiones\/verExp\/188.04\/S\/PC","('0188-S-2004', 1)":null},"Palabra Clave":{"('0188-S-2004', 0)":" ","('0188-S-2004', 1)":null}}