{"Tipo de Proyecto":{"('0190-D-2004', 0)":"PROYECTO DE LEY","('0190-D-2004', 1)":null,"('0190-D-2004', 2)":null},"Iniciado en: ":{"('0190-D-2004', 0)":"Diputados","('0190-D-2004', 1)":null,"('0190-D-2004', 2)":null},"Expediente Diputados: ":{"('0190-D-2004', 0)":"0190-D-2004","('0190-D-2004', 1)":null,"('0190-D-2004', 2)":null},"Publicado en: ":{"('0190-D-2004', 0)":"Tr\u00e1mite Parlamentario N\u00b0 2","('0190-D-2004', 1)":null,"('0190-D-2004', 2)":null},"Fecha: ":{"('0190-D-2004', 0)":"02\/03\/2004","('0190-D-2004', 1)":null,"('0190-D-2004', 2)":null},"T\u00edtulo":{"('0190-D-2004', 0)":"ARTIFICIOS PIROTECNICOS. PROHIBICION DE EXPENDIO A MENORES DE 21 A\u00d1OS. MODIFICACION DE LOS ARTICULOS 1 Y 3 DE LA LEY 24304","('0190-D-2004', 1)":null,"('0190-D-2004', 2)":null},"('Firmantes', 'FIRMANTE')":{"('0190-D-2004', 0)":"BORTOLOZZI, ADRIANA RAQUEL","('0190-D-2004', 1)":null,"('0190-D-2004', 2)":null},"('Firmantes', 'DISTRITO')":{"('0190-D-2004', 0)":"FORMOSA","('0190-D-2004', 1)":null,"('0190-D-2004', 2)":null},"('Firmantes', 'BLOQUE')":{"('0190-D-2004', 0)":"JUSTICIALISTA","('0190-D-2004', 1)":null,"('0190-D-2004', 2)":null},"('Giros', 'COMISI\u00d3N')":{"('0190-D-2004', 0)":"COMERCIO","('0190-D-2004', 1)":"INDUSTRIA","('0190-D-2004', 2)":"DEFENSA DEL CONSUMIDOR"},"Sumario":{"('0190-D-2004', 0)":"MODIFICACION DE LOS ARTICULOS 1 Y 2 (VENTA A MENORES DE 21 A\u00d1OS DE EDAD); 3 (INSCRIPCION DE UNA LEYENDA EN EL ENVOLTORIO).","('0190-D-2004', 1)":null,"('0190-D-2004', 2)":null},"Palabra Clave":{"('0190-D-2004', 0)":" ","('0190-D-2004', 1)":null,"('0190-D-2004', 2)":null}}