{"Tipo de Proyecto":{"('0191-D-2004', 0)":"PROYECTO DE LEY","('0191-D-2004', 1)":null,"('0191-D-2004', 2)":null},"Iniciado en: ":{"('0191-D-2004', 0)":"Diputados","('0191-D-2004', 1)":null,"('0191-D-2004', 2)":null},"Expediente Diputados: ":{"('0191-D-2004', 0)":"0191-D-2004","('0191-D-2004', 1)":null,"('0191-D-2004', 2)":null},"Publicado en: ":{"('0191-D-2004', 0)":"Tr\u00e1mite Parlamentario N\u00b0 2","('0191-D-2004', 1)":null,"('0191-D-2004', 2)":null},"Fecha: ":{"('0191-D-2004', 0)":"02\/03\/2004","('0191-D-2004', 1)":null,"('0191-D-2004', 2)":null},"T\u00edtulo":{"('0191-D-2004', 0)":"IMPLEMENTACION DE UN SUBSIDIO DE $ 500.000 PARA LA LUCHA CONTRA LA PLAGA 'PICUDO DEL ALGODONERO' EN EL A\u00d1O 2004 EN LOS DEPARTAMENTOS PILCOMAYO Y PILAGAS DE LA PROVINCIA DE FORMOSA.","('0191-D-2004', 1)":null,"('0191-D-2004', 2)":null},"('Firmantes', 'FIRMANTE')":{"('0191-D-2004', 0)":"BORTOLOZZI, ADRIANA RAQUEL","('0191-D-2004', 1)":null,"('0191-D-2004', 2)":null},"('Firmantes', 'DISTRITO')":{"('0191-D-2004', 0)":"FORMOSA","('0191-D-2004', 1)":null,"('0191-D-2004', 2)":null},"('Firmantes', 'BLOQUE')":{"('0191-D-2004', 0)":"JUSTICIALISTA","('0191-D-2004', 1)":null,"('0191-D-2004', 2)":null},"('Giros', 'COMISI\u00d3N')":{"('0191-D-2004', 0)":"AGRICULTURA Y GANADERIA","('0191-D-2004', 1)":"PRESUPUESTO Y HACIENDA","('0191-D-2004', 2)":"ECONOMIAS Y DESARROLLO REGIONAL"},"Palabra Clave":{"('0191-D-2004', 0)":" ","('0191-D-2004', 1)":null,"('0191-D-2004', 2)":null}}