{"Tipo de Proyecto":{"('0191-PE-2004', 0)":"MENSAJE NRO: 0675\/04","('0191-PE-2004', 1)":null},"Iniciado en: ":{"('0191-PE-2004', 0)":"Senado","('0191-PE-2004', 1)":null},"Expediente Senado: ":{"('0191-PE-2004', 0)":"0191-PE-2004","('0191-PE-2004', 1)":null},"Publicado en: ":{"('0191-PE-2004', 0)":"DAE S.A. N\u00b0 6","('0191-PE-2004', 1)":null},"Fecha: ":{"('0191-PE-2004', 0)":"02\/06\/2004","('0191-PE-2004', 1)":null},"T\u00edtulo":{"('0191-PE-2004', 0)":"SOLICITAR ACUERDO PARA DESIGNAR JUEZ DEL JUZGADO FEDERAL DE PRIMERA INSTANCIA DE NECOCHEA, PROVINCIA DE BUENOS AIRES, A LA DOCTORA BEATRIZ ELENA TORTEROLA.","('0191-PE-2004', 1)":null},"('Firmantes', 'FIRMANTE')":{"('0191-PE-2004', 0)":"KIRCHNER, NESTOR CARLOS","('0191-PE-2004', 1)":"BELIZ, GUSTAVO"},"('Firmantes', 'DISTRITO')":{"('0191-PE-2004', 0)":null,"('0191-PE-2004', 1)":null},"('Firmantes', 'BLOQUE')":{"('0191-PE-2004', 0)":"PODER EJECUTIVO","('0191-PE-2004', 1)":"PODER EJECUTIVO"},"('Tramites', 'C\u00c1MARA')":{"('0191-PE-2004', 0)":"Senado","('0191-PE-2004', 1)":null},"('Tramites', 'MOVIMIENTO')":{"('0191-PE-2004', 0)":"CONSIDERACION Y APROBACION","('0191-PE-2004', 1)":null},"('Tramites', 'FECHA')":{"('0191-PE-2004', 0)":"04\/08\/2004","('0191-PE-2004', 1)":null},"('Tramites', 'RESULTADO')":{"('0191-PE-2004', 0)":"APROBADO","('0191-PE-2004', 1)":null},"Palabra Clave":{"('0191-PE-2004', 0)":" ","('0191-PE-2004', 1)":null}}