{"Tipo de Proyecto":{"('0192-PE-2004', 0)":"MENSAJE NRO: 0676\/04","('0192-PE-2004', 1)":null},"Iniciado en: ":{"('0192-PE-2004', 0)":"Senado","('0192-PE-2004', 1)":null},"Expediente Senado: ":{"('0192-PE-2004', 0)":"0192-PE-2004","('0192-PE-2004', 1)":null},"Publicado en: ":{"('0192-PE-2004', 0)":"DAE S.A. N\u00b0 6","('0192-PE-2004', 1)":null},"Fecha: ":{"('0192-PE-2004', 0)":"02\/06\/2004","('0192-PE-2004', 1)":null},"T\u00edtulo":{"('0192-PE-2004', 0)":"SOLICITAR ACUERDO PARA DESIGNAR JUEZ DE CAMARA EN EL TRIBUNAL ORAL EN LO CRIMINAL NUMERO 22 DE LA CAPITAL FEDERAL, AL DOCTOR DIEGO PERES.","('0192-PE-2004', 1)":null},"('Firmantes', 'FIRMANTE')":{"('0192-PE-2004', 0)":"KIRCHNER, NESTOR CARLOS","('0192-PE-2004', 1)":"BELIZ, GUSTAVO"},"('Firmantes', 'DISTRITO')":{"('0192-PE-2004', 0)":null,"('0192-PE-2004', 1)":null},"('Firmantes', 'BLOQUE')":{"('0192-PE-2004', 0)":"PODER EJECUTIVO","('0192-PE-2004', 1)":"PODER EJECUTIVO"},"('Tramites', 'C\u00c1MARA')":{"('0192-PE-2004', 0)":"Senado","('0192-PE-2004', 1)":null},"('Tramites', 'MOVIMIENTO')":{"('0192-PE-2004', 0)":"CONSIDERACION Y APROBACION","('0192-PE-2004', 1)":null},"('Tramites', 'FECHA')":{"('0192-PE-2004', 0)":"04\/08\/2004","('0192-PE-2004', 1)":null},"('Tramites', 'RESULTADO')":{"('0192-PE-2004', 0)":"APROBADO","('0192-PE-2004', 1)":null},"Palabra Clave":{"('0192-PE-2004', 0)":" ","('0192-PE-2004', 1)":null}}