{"Tipo de Proyecto":{"('0193-D-2004', 0)":"PROYECTO DE LEY","('0193-D-2004', 1)":null},"Iniciado en: ":{"('0193-D-2004', 0)":"Diputados","('0193-D-2004', 1)":null},"Expediente Diputados: ":{"('0193-D-2004', 0)":"0193-D-2004","('0193-D-2004', 1)":null},"Publicado en: ":{"('0193-D-2004', 0)":"Tr\u00e1mite Parlamentario N\u00b0 2","('0193-D-2004', 1)":null},"Fecha: ":{"('0193-D-2004', 0)":"02\/03\/2004","('0193-D-2004', 1)":null},"T\u00edtulo":{"('0193-D-2004', 0)":"REGISTRO DE CONOCIMIENTOS Y TECNOLOGIA TRADICIONALES INDIGENAS POR PARTE DEL INAI.","('0193-D-2004', 1)":null},"('Firmantes', 'FIRMANTE')":{"('0193-D-2004', 0)":"BORTOLOZZI, ADRIANA RAQUEL","('0193-D-2004', 1)":null},"('Firmantes', 'DISTRITO')":{"('0193-D-2004', 0)":"FORMOSA","('0193-D-2004', 1)":null},"('Firmantes', 'BLOQUE')":{"('0193-D-2004', 0)":"JUSTICIALISTA","('0193-D-2004', 1)":null},"('Giros', 'COMISI\u00d3N')":{"('0193-D-2004', 0)":"CULTURA","('0193-D-2004', 1)":"POBLACION Y RECURSOS HUMANOS"},"Palabra Clave":{"('0193-D-2004', 0)":" ","('0193-D-2004', 1)":null}}