{"Tipo de Proyecto":{"('0195-S-2004', 0)":"PROYECTO DE LEY","('0195-S-2004', 1)":null},"Iniciado en: ":{"('0195-S-2004', 0)":"Senado","('0195-S-2004', 1)":null},"Expediente Senado: ":{"('0195-S-2004', 0)":"0195-S-2004","('0195-S-2004', 1)":null},"Publicado en: ":{"('0195-S-2004', 0)":"Diario de Asuntos Entrados N\u00b0 16","('0195-S-2004', 1)":null},"Fecha: ":{"('0195-S-2004', 0)":"05\/03\/2004","('0195-S-2004', 1)":null},"T\u00edtulo":{"('0195-S-2004', 0)":"OTORGAR JERARQUIA CONSTITUCIONAL AL ESTATUTO DE ROMA DE LA CORTE PENAL INTERNACIONAL, ADOPTADO EN ROMA, REPUBLICA DE ITALIA, EL 17\/07\/98, Y APROBADA POR LEY 25390.","('0195-S-2004', 1)":null},"('Firmantes', 'FIRMANTE')":{"('0195-S-2004', 0)":"PERCEVAL, MARIA CRISTINA","('0195-S-2004', 1)":"PICHETTO, MIGUEL ANGEL"},"('Firmantes', 'DISTRITO')":{"('0195-S-2004', 0)":"MENDOZA","('0195-S-2004', 1)":"RIO NEGRO"},"('Firmantes', 'BLOQUE')":{"('0195-S-2004', 0)":"JUSTICIALISTA","('0195-S-2004', 1)":"JUSTICIALISTA"},"Link":{"('0195-S-2004', 0)":"http:\/\/www.senado.gov.ar\/parlamentario\/comisiones\/verExp\/195.04\/S\/PL","('0195-S-2004', 1)":null},"Palabra Clave":{"('0195-S-2004', 0)":" ","('0195-S-2004', 1)":null}}