{"Tipo de Proyecto":{"('0195-PE-2004', 0)":"MENSAJE NRO: 0679\/04","('0195-PE-2004', 1)":null},"Iniciado en: ":{"('0195-PE-2004', 0)":"Senado","('0195-PE-2004', 1)":null},"Expediente Senado: ":{"('0195-PE-2004', 0)":"0195-PE-2004","('0195-PE-2004', 1)":null},"Publicado en: ":{"('0195-PE-2004', 0)":"DAE S.A. N\u00b0 6","('0195-PE-2004', 1)":null},"Fecha: ":{"('0195-PE-2004', 0)":"02\/06\/2004","('0195-PE-2004', 1)":null},"T\u00edtulo":{"('0195-PE-2004', 0)":"SOLICITAR ACUERDO PARA DESIGNAR JUEZ DE LA CAMARA NACIONAL DE APELACIONES EN LO CRIMINAL Y CORRECCIONAL DE LA CAPITAL FEDERAL, SALA VII, AL DOCTOR JUAN ESTEBAN CICCIARO.","('0195-PE-2004', 1)":null},"('Firmantes', 'FIRMANTE')":{"('0195-PE-2004', 0)":"KIRCHNER, NESTOR CARLOS","('0195-PE-2004', 1)":"BELIZ, GUSTAVO"},"('Firmantes', 'DISTRITO')":{"('0195-PE-2004', 0)":null,"('0195-PE-2004', 1)":null},"('Firmantes', 'BLOQUE')":{"('0195-PE-2004', 0)":"PODER EJECUTIVO","('0195-PE-2004', 1)":"PODER EJECUTIVO"},"('Tramites', 'C\u00c1MARA')":{"('0195-PE-2004', 0)":"Senado","('0195-PE-2004', 1)":null},"('Tramites', 'MOVIMIENTO')":{"('0195-PE-2004', 0)":"CONSIDERACION Y APROBACION","('0195-PE-2004', 1)":null},"('Tramites', 'FECHA')":{"('0195-PE-2004', 0)":"04\/08\/2004","('0195-PE-2004', 1)":null},"('Tramites', 'RESULTADO')":{"('0195-PE-2004', 0)":"APROBADO","('0195-PE-2004', 1)":null},"Palabra Clave":{"('0195-PE-2004', 0)":" ","('0195-PE-2004', 1)":null}}