{"Tipo de Proyecto":{"('0196-PE-2004', 0)":"MENSAJE NRO: 0680\/04","('0196-PE-2004', 1)":null},"Iniciado en: ":{"('0196-PE-2004', 0)":"Senado","('0196-PE-2004', 1)":null},"Expediente Senado: ":{"('0196-PE-2004', 0)":"0196-PE-2004","('0196-PE-2004', 1)":null},"Publicado en: ":{"('0196-PE-2004', 0)":"DAE S.A. N\u00b0 6","('0196-PE-2004', 1)":null},"Fecha: ":{"('0196-PE-2004', 0)":"02\/06\/2004","('0196-PE-2004', 1)":null},"T\u00edtulo":{"('0196-PE-2004', 0)":"SOLICITAR ACUERDO PARA DESIGNAR JUEZ DE LA CAMARA NACIONAL DE APELACIONES EN LO CRIMINAL Y CORRECCIONAL DE LA CAPITAL FEDERAL, SALA V, AL DOCTOR RODOLFO POCIELLO ARGERICH.","('0196-PE-2004', 1)":null},"('Firmantes', 'FIRMANTE')":{"('0196-PE-2004', 0)":"KIRCHNER, NESTOR CARLOS","('0196-PE-2004', 1)":"BELIZ, GUSTAVO"},"('Firmantes', 'DISTRITO')":{"('0196-PE-2004', 0)":null,"('0196-PE-2004', 1)":null},"('Firmantes', 'BLOQUE')":{"('0196-PE-2004', 0)":"PODER EJECUTIVO","('0196-PE-2004', 1)":"PODER EJECUTIVO"},"('Tramites', 'C\u00c1MARA')":{"('0196-PE-2004', 0)":"Senado","('0196-PE-2004', 1)":null},"('Tramites', 'MOVIMIENTO')":{"('0196-PE-2004', 0)":"CONSIDERACION Y APROBACION","('0196-PE-2004', 1)":null},"('Tramites', 'FECHA')":{"('0196-PE-2004', 0)":"04\/08\/2004","('0196-PE-2004', 1)":null},"('Tramites', 'RESULTADO')":{"('0196-PE-2004', 0)":"APROBADO","('0196-PE-2004', 1)":null},"Palabra Clave":{"('0196-PE-2004', 0)":" ","('0196-PE-2004', 1)":null}}