{"Tipo de Proyecto":{"('0197-PE-2004', 0)":"MENSAJE NRO: 0681\/04","('0197-PE-2004', 1)":null},"Iniciado en: ":{"('0197-PE-2004', 0)":"Senado","('0197-PE-2004', 1)":null},"Expediente Senado: ":{"('0197-PE-2004', 0)":"0197-PE-2004","('0197-PE-2004', 1)":null},"Publicado en: ":{"('0197-PE-2004', 0)":"DAE S.A. N\u00b0 6","('0197-PE-2004', 1)":null},"Fecha: ":{"('0197-PE-2004', 0)":"02\/06\/2004","('0197-PE-2004', 1)":null},"T\u00edtulo":{"('0197-PE-2004', 0)":"SOLICITAR ACUERDO PARA DESIGNAR JUEZ DE CAMARA EN EL TRIBUNAL ORAL EN LO CRIMINAL NUMERO 7 DE LA CAPITAL FEDERAL, AL DOCTOR DANIEL EMILIO MORIN.","('0197-PE-2004', 1)":null},"('Firmantes', 'FIRMANTE')":{"('0197-PE-2004', 0)":"KIRCHNER, NESTOR CARLOS","('0197-PE-2004', 1)":"BELIZ, GUSTAVO"},"('Firmantes', 'DISTRITO')":{"('0197-PE-2004', 0)":null,"('0197-PE-2004', 1)":null},"('Firmantes', 'BLOQUE')":{"('0197-PE-2004', 0)":"PODER EJECUTIVO","('0197-PE-2004', 1)":"PODER EJECUTIVO"},"('Tramites', 'C\u00c1MARA')":{"('0197-PE-2004', 0)":"Senado","('0197-PE-2004', 1)":null},"('Tramites', 'MOVIMIENTO')":{"('0197-PE-2004', 0)":"MENSAJE NRO 0839\/04 (07\/07\/2004) DEL PODER EJECUTIVO NACIONAL SOLICITANDO LA DEVOLUCION DEL PEDIDO DE ACUERDO","('0197-PE-2004', 1)":null},"('Tramites', 'FECHA')":{"('0197-PE-2004', 0)":null,"('0197-PE-2004', 1)":null},"('Tramites', 'RESULTADO')":{"('0197-PE-2004', 0)":null,"('0197-PE-2004', 1)":null},"Palabra Clave":{"('0197-PE-2004', 0)":" ","('0197-PE-2004', 1)":null}}