{"Tipo de Proyecto":{"('0197-S-2004', 0)":"PROYECTO DE LEY","('0197-S-2004', 1)":null},"Iniciado en: ":{"('0197-S-2004', 0)":"Senado","('0197-S-2004', 1)":null},"Expediente Senado: ":{"('0197-S-2004', 0)":"0197-S-2004","('0197-S-2004', 1)":null},"Publicado en: ":{"('0197-S-2004', 0)":"Diario de Asuntos Entrados N\u00b0 16","('0197-S-2004', 1)":null},"Fecha: ":{"('0197-S-2004', 0)":"05\/03\/2004","('0197-S-2004', 1)":null},"T\u00edtulo":{"('0197-S-2004', 0)":"CODIGO ELECTORAL NACIONAL (LEY 19945): MODIFICACIONES.","('0197-S-2004', 1)":null},"('Firmantes', 'FIRMANTE')":{"('0197-S-2004', 0)":"PERCEVAL, MARIA CRISTINA","('0197-S-2004', 1)":"PICHETTO, MIGUEL ANGEL"},"('Firmantes', 'DISTRITO')":{"('0197-S-2004', 0)":"MENDOZA","('0197-S-2004', 1)":"RIO NEGRO"},"('Firmantes', 'BLOQUE')":{"('0197-S-2004', 0)":"JUSTICIALISTA","('0197-S-2004', 1)":"JUSTICIALISTA"},"Sumario":{"('0197-S-2004', 0)":"SUSTITUCION DEL INCISO I) DEL ARTICULO 62 (DIMENSIONES Y CARACTERISTICAS DE LAS BOLETAS ELECTORALES).","('0197-S-2004', 1)":null},"Palabra Clave":{"('0197-S-2004', 0)":" ","('0197-S-2004', 1)":null}}