{"Tipo de Proyecto":{"('0198-PE-2004', 0)":"MENSAJE NRO: 0689\/04","('0198-PE-2004', 1)":null},"Iniciado en: ":{"('0198-PE-2004', 0)":"Senado","('0198-PE-2004', 1)":null},"Expediente Senado: ":{"('0198-PE-2004', 0)":"0198-PE-2004","('0198-PE-2004', 1)":null},"Publicado en: ":{"('0198-PE-2004', 0)":"DAE S.A. N\u00b0 6","('0198-PE-2004', 1)":null},"Fecha: ":{"('0198-PE-2004', 0)":"02\/06\/2004","('0198-PE-2004', 1)":null},"T\u00edtulo":{"('0198-PE-2004', 0)":"SOLICITAR ACUERDO PARA DESIGNAR JUEZ DE LA CAMARA NACIONAL DE APELACIONES EN LO CIVIL Y COMERCIAL FEDERAL, SALA III, A LA DOCTORA GRACIELA MEDINA. ","('0198-PE-2004', 1)":null},"('Firmantes', 'FIRMANTE')":{"('0198-PE-2004', 0)":"KIRCHNER, NESTOR CARLOS","('0198-PE-2004', 1)":"BELIZ, GUSTAVO"},"('Firmantes', 'DISTRITO')":{"('0198-PE-2004', 0)":null,"('0198-PE-2004', 1)":null},"('Firmantes', 'BLOQUE')":{"('0198-PE-2004', 0)":"PODER EJECUTIVO","('0198-PE-2004', 1)":"PODER EJECUTIVO"},"('Tramites', 'C\u00c1MARA')":{"('0198-PE-2004', 0)":"Senado","('0198-PE-2004', 1)":null},"('Tramites', 'MOVIMIENTO')":{"('0198-PE-2004', 0)":"CONSIDERACION Y APROBACION","('0198-PE-2004', 1)":null},"('Tramites', 'FECHA')":{"('0198-PE-2004', 0)":"04\/08\/2004","('0198-PE-2004', 1)":null},"('Tramites', 'RESULTADO')":{"('0198-PE-2004', 0)":"APROBADO","('0198-PE-2004', 1)":null},"Palabra Clave":{"('0198-PE-2004', 0)":" ","('0198-PE-2004', 1)":null}}