{"Tipo de Proyecto":{"('0200-S-2004', 0)":"PROYECTO DE RESOLUCI\u00d3N","('0200-S-2004', 1)":null,"('0200-S-2004', 2)":null},"Iniciado en: ":{"('0200-S-2004', 0)":"Senado","('0200-S-2004', 1)":null,"('0200-S-2004', 2)":null},"Expediente Diputados: ":{"('0200-S-2004', 0)":"0200-S-2004","('0200-S-2004', 1)":null,"('0200-S-2004', 2)":null},"Expediente Senado: ":{"('0200-S-2004', 0)":"0666-OV-2003","('0200-S-2004', 1)":null,"('0200-S-2004', 2)":null},"Fecha: ":{"('0200-S-2004', 0)":"23\/09\/2004","('0200-S-2004', 1)":null,"('0200-S-2004', 2)":null},"T\u00edtulo":{"('0200-S-2004', 0)":"PEDIDO DE INFORMES AL PODER EJECUTIVO SOBRE  RESOLUCIONES REMITIDAS POR LA AUDITORIA GENERAL DE LA NACION REFERENTES A MANTENIMIENTO, SEGURIDAD Y VERIFICACION  DEL CUMPLIMIENTO DE LA LEY 22431 Y DECRETO 914\/97 SOBRE SISTEMA DE PROTECCION INTEGRAL DE LOS DISCAPACITADOS RESPECTO DEL TRANSPORTE PUBLICO DE PASAJEROS POR FERROCARRIL, EN RELACION CON LAS EMPRESAS CONCESIONARIAS TRENES DE BUENOS AIRES SA (TBA) (0666-OV-03), TRANSPORTES METROPOLITANOS GENERAL SAN MARTIN SA (TMS) (0016-OV-04), Y TRANSPORTES METROPOLITANOS BELGRANO SUR SA (TMB) (0017-OV-04), EN EL AMBITO DE LA COMISION NACIONAL DE REGULACION DEL TRANSPORTE. ","('0200-S-2004', 1)":null,"('0200-S-2004', 2)":null},"('Firmantes', 'FIRMANTE')":{"('0200-S-2004', 0)":"PARLAMENTARIA MIXTA REVISORA DE CUENTAS","('0200-S-2004', 1)":null,"('0200-S-2004', 2)":null},"('Firmantes', 'DISTRITO')":{"('0200-S-2004', 0)":null,"('0200-S-2004', 1)":null,"('0200-S-2004', 2)":null},"('Firmantes', 'BLOQUE')":{"('0200-S-2004', 0)":null,"('0200-S-2004', 1)":null,"('0200-S-2004', 2)":null},"('Giros', 'COMISI\u00d3N')":{"('0200-S-2004', 0)":"PARLAMENTARIA MIXTA REVISORA DE CUENTAS","('0200-S-2004', 1)":null,"('0200-S-2004', 2)":null},"('Tramites', 'C\u00c1MARA')":{"('0200-S-2004', 0)":"Senado","('0200-S-2004', 1)":"Diputados","('0200-S-2004', 2)":"Diputados"},"('Tramites', 'MOVIMIENTO')":{"('0200-S-2004', 0)":"CONSIDERACION Y APROBACION","('0200-S-2004', 1)":"PASA A DIPUTADOS -","('0200-S-2004', 2)":"CONSIDERACION Y APROBACION"},"('Tramites', 'FECHA')":{"('0200-S-2004', 0)":"20\/10\/2004","('0200-S-2004', 1)":null,"('0200-S-2004', 2)":"16\/12\/2004"},"('Tramites', 'RESULTADO')":{"('0200-S-2004', 0)":"APROBADO","('0200-S-2004', 1)":null,"('0200-S-2004', 2)":"APROBADO"},"Link":{"('0200-S-2004', 0)":"http:\/\/www.senado.gov.ar\/parlamentario\/comisiones\/verExp\/666.03\/OV\/PR","('0200-S-2004', 1)":null,"('0200-S-2004', 2)":null},"Palabra Clave":{"('0200-S-2004', 0)":" ","('0200-S-2004', 1)":null,"('0200-S-2004', 2)":null}}