{"Tipo de Proyecto":{"('0200-D-2004', 0)":"PROYECTO DE RESOLUCI\u00d3N","('0200-D-2004', 1)":null,"('0200-D-2004', 2)":null},"Iniciado en: ":{"('0200-D-2004', 0)":"Diputados","('0200-D-2004', 1)":null,"('0200-D-2004', 2)":null},"Expediente Diputados: ":{"('0200-D-2004', 0)":"0200-D-2004","('0200-D-2004', 1)":null,"('0200-D-2004', 2)":null},"Publicado en: ":{"('0200-D-2004', 0)":"Tr\u00e1mite Parlamentario N\u00b0 2","('0200-D-2004', 1)":null,"('0200-D-2004', 2)":null},"Fecha: ":{"('0200-D-2004', 0)":"02\/03\/2004","('0200-D-2004', 1)":null,"('0200-D-2004', 2)":null},"T\u00edtulo":{"('0200-D-2004', 0)":"SOLICITAR AL PODER EJECUTIVO DISPONGA LAS MEDIDAS NECESARIAS PARA RESOLVER EL CONFLICTO GREMIAL EN LA PROVINCIA DE CORDOBA.","('0200-D-2004', 1)":null,"('0200-D-2004', 2)":null},"('Firmantes', 'FIRMANTE')":{"('0200-D-2004', 0)":"GARCIA, EDUARDO DANIEL","('0200-D-2004', 1)":null,"('0200-D-2004', 2)":null},"('Firmantes', 'DISTRITO')":{"('0200-D-2004', 0)":"CORDOBA","('0200-D-2004', 1)":null,"('0200-D-2004', 2)":null},"('Firmantes', 'BLOQUE')":{"('0200-D-2004', 0)":"PARTIDO SOCIALISTA","('0200-D-2004', 1)":null,"('0200-D-2004', 2)":null},"('Giros', 'COMISI\u00d3N')":{"('0200-D-2004', 0)":"LEGISLACION DEL TRABAJO","('0200-D-2004', 1)":"DERECHOS HUMANOS Y GARANTIAS","('0200-D-2004', 2)":null},"('Tramites', 'C\u00c1MARA')":{"('0200-D-2004', 0)":"Diputados","('0200-D-2004', 1)":"Diputados","('0200-D-2004', 2)":"Diputados"},"('Tramites', 'MOVIMIENTO')":{"('0200-D-2004', 0)":"CONSIDERACION Y APROBACION","('0200-D-2004', 1)":"CONTESTACION DEL PODER EJECUTIVO NACIONAL - JEFE DE GABINETE DE MINISTROS - GIRADO A LA COMISION RESPECTIVA","('0200-D-2004', 2)":"CONTESTACION DEL PODER EJECUTIVO NACIONAL - JEFE DE GABINETE DE MINISTROS - GIRADO A LA COMISION RESPECTIVA"},"('Tramites', 'FECHA')":{"('0200-D-2004', 0)":"09\/06\/2004","('0200-D-2004', 1)":"22\/09\/2004","('0200-D-2004', 2)":"09\/02\/2005"},"('Tramites', 'RESULTADO')":{"('0200-D-2004', 0)":"APROBADO","('0200-D-2004', 1)":null,"('0200-D-2004', 2)":null},"Palabra Clave":{"('0200-D-2004', 0)":" ","('0200-D-2004', 1)":null,"('0200-D-2004', 2)":null}}