{"Tipo de Proyecto":{"('0201-D-2004', 0)":"PROYECTO DE LEY","('0201-D-2004', 1)":null},"Iniciado en: ":{"('0201-D-2004', 0)":"Diputados","('0201-D-2004', 1)":null},"Expediente Diputados: ":{"('0201-D-2004', 0)":"0201-D-2004","('0201-D-2004', 1)":null},"Publicado en: ":{"('0201-D-2004', 0)":"Tr\u00e1mite Parlamentario N\u00b0 2","('0201-D-2004', 1)":null},"Fecha: ":{"('0201-D-2004', 0)":"02\/03\/2004","('0201-D-2004', 1)":null},"T\u00edtulo":{"('0201-D-2004', 0)":"MODIFICACION DE LOS ARTICULOS 119, 120, 124 DEL CODIGO PENAL, SOBRE DELITOS DE INDOLE SEXUAL.","('0201-D-2004', 1)":null},"('Firmantes', 'FIRMANTE')":{"('0201-D-2004', 0)":"CHAYA, MARIA LELIA","('0201-D-2004', 1)":null},"('Firmantes', 'DISTRITO')":{"('0201-D-2004', 0)":"SALTA","('0201-D-2004', 1)":null},"('Firmantes', 'BLOQUE')":{"('0201-D-2004', 0)":"JUSTICIALISTA","('0201-D-2004', 1)":null},"('Giros', 'COMISI\u00d3N')":{"('0201-D-2004', 0)":"LEGISLACION PENAL","('0201-D-2004', 1)":"FAMILIA, MUJER, NI\u00d1EZ Y ADOLESCENCIA"},"('Tramites', 'C\u00c1MARA')":{"('0201-D-2004', 0)":"Diputados","('0201-D-2004', 1)":null},"('Tramites', 'MOVIMIENTO')":{"('0201-D-2004', 0)":"RESOLUCION DE PRESIDENCIA - AMPLIACION DE GIRO A LAS COMISIONES DE FAMILIA, MUJER, NI\u00d1EZ Y ADOLESCENCIA.","('0201-D-2004', 1)":null},"('Tramites', 'FECHA')":{"('0201-D-2004', 0)":"31\/03\/2004","('0201-D-2004', 1)":null},"('Tramites', 'RESULTADO')":{"('0201-D-2004', 0)":null,"('0201-D-2004', 1)":null},"Sumario":{"('0201-D-2004', 0)":"MODIFICACION DE LOS ARTICULOS 119 Y 120 (ABUSO SEXUAL); MODIFICACION DEL ARTICULO 124 (ABUSO SEXUAL SEGUIDO DE MUERTE); INCORPORACION DEL ARTICULO 124 BIS (LIBERTAD CONDICIONAL)","('0201-D-2004', 1)":null},"Palabra Clave":{"('0201-D-2004', 0)":" ","('0201-D-2004', 1)":null}}