{"Tipo de Proyecto":{"('0201-PE-2004', 0)":"MENSAJE NRO: 0692\/04","('0201-PE-2004', 1)":null},"Iniciado en: ":{"('0201-PE-2004', 0)":"Senado","('0201-PE-2004', 1)":null},"Expediente Senado: ":{"('0201-PE-2004', 0)":"0201-PE-2004","('0201-PE-2004', 1)":null},"Publicado en: ":{"('0201-PE-2004', 0)":"DAE S.A. N\u00b0 6","('0201-PE-2004', 1)":null},"Fecha: ":{"('0201-PE-2004', 0)":"02\/06\/2004","('0201-PE-2004', 1)":null},"T\u00edtulo":{"('0201-PE-2004', 0)":"SOLICITAR ACUERDO PARA DESIGNAR JUEZ DEL JUZGADO NACIONAL DE PRIMERA INSTANCIA EN LO CIVIL NUMERO 76 DE LA CAPITAL FEDERAL, A LA DOCTORA MARIA CECILIA ALBORES.","('0201-PE-2004', 1)":null},"('Firmantes', 'FIRMANTE')":{"('0201-PE-2004', 0)":"KIRCHNER, NESTOR CARLOS","('0201-PE-2004', 1)":"BELIZ, GUSTAVO"},"('Firmantes', 'DISTRITO')":{"('0201-PE-2004', 0)":null,"('0201-PE-2004', 1)":null},"('Firmantes', 'BLOQUE')":{"('0201-PE-2004', 0)":"PODER EJECUTIVO","('0201-PE-2004', 1)":"PODER EJECUTIVO"},"('Tramites', 'C\u00c1MARA')":{"('0201-PE-2004', 0)":"Senado","('0201-PE-2004', 1)":null},"('Tramites', 'MOVIMIENTO')":{"('0201-PE-2004', 0)":"CONSIDERACION Y APROBACION","('0201-PE-2004', 1)":null},"('Tramites', 'FECHA')":{"('0201-PE-2004', 0)":"04\/08\/2004","('0201-PE-2004', 1)":null},"('Tramites', 'RESULTADO')":{"('0201-PE-2004', 0)":"APROBADO","('0201-PE-2004', 1)":null},"Palabra Clave":{"('0201-PE-2004', 0)":" ","('0201-PE-2004', 1)":null}}