{"Tipo de Proyecto":{"('0202-D-2004', 0)":"PROYECTO DE RESOLUCI\u00d3N","('0202-D-2004', 1)":null,"('0202-D-2004', 2)":null},"Iniciado en: ":{"('0202-D-2004', 0)":"Diputados","('0202-D-2004', 1)":null,"('0202-D-2004', 2)":null},"Expediente Diputados: ":{"('0202-D-2004', 0)":"0202-D-2004","('0202-D-2004', 1)":null,"('0202-D-2004', 2)":null},"Publicado en: ":{"('0202-D-2004', 0)":"Tr\u00e1mite Parlamentario N\u00b0 2","('0202-D-2004', 1)":null,"('0202-D-2004', 2)":null},"Fecha: ":{"('0202-D-2004', 0)":"02\/03\/2004","('0202-D-2004', 1)":null,"('0202-D-2004', 2)":null},"T\u00edtulo":{"('0202-D-2004', 0)":"PROMOCION DE JUICIO POLITICO AL MINISTRO DE LA CORTE SUPREMA DE JUSTICIA DE LA NACION, DOCTOR ANTONIO BOGGIANO. ","('0202-D-2004', 1)":null,"('0202-D-2004', 2)":null},"('Firmantes', 'FIRMANTE')":{"('0202-D-2004', 0)":"PEREZ, ADRIAN","('0202-D-2004', 1)":"GONZALEZ, MARIA AMERICA","('0202-D-2004', 2)":"BASTEIRO, SERGIO ARIEL"},"('Firmantes', 'DISTRITO')":{"('0202-D-2004', 0)":"BUENOS AIRES","('0202-D-2004', 1)":"CIUDAD de BUENOS AIRES","('0202-D-2004', 2)":"BUENOS AIRES"},"('Firmantes', 'BLOQUE')":{"('0202-D-2004', 0)":"ARI","('0202-D-2004', 1)":"ARI","('0202-D-2004', 2)":"PARTIDO SOCIALISTA"},"('Giros', 'COMISI\u00d3N')":{"('0202-D-2004', 0)":"JUICIO POLITICO","('0202-D-2004', 1)":null,"('0202-D-2004', 2)":null},"('Tramites', 'C\u00c1MARA')":{"('0202-D-2004', 0)":"Diputados","('0202-D-2004', 1)":null,"('0202-D-2004', 2)":null},"('Tramites', 'MOVIMIENTO')":{"('0202-D-2004', 0)":"SOLICITUD DEL AUTOR DE RETIRO DEL PROYECTO (EXPEDIENTE 0640-D-04, TP 9) (AFIRMATIVA)","('0202-D-2004', 1)":null,"('0202-D-2004', 2)":null},"('Tramites', 'FECHA')":{"('0202-D-2004', 0)":"31\/03\/2004","('0202-D-2004', 1)":null,"('0202-D-2004', 2)":null},"('Tramites', 'RESULTADO')":{"('0202-D-2004', 0)":"RETIRADO","('0202-D-2004', 1)":null,"('0202-D-2004', 2)":null},"Palabra Clave":{"('0202-D-2004', 0)":" ","('0202-D-2004', 1)":null,"('0202-D-2004', 2)":null}}