{"Tipo de Proyecto":{"('0202-PE-2004', 0)":"MENSAJE NRO: 0693\/04","('0202-PE-2004', 1)":null},"Iniciado en: ":{"('0202-PE-2004', 0)":"Senado","('0202-PE-2004', 1)":null},"Expediente Senado: ":{"('0202-PE-2004', 0)":"0202-PE-2004","('0202-PE-2004', 1)":null},"Publicado en: ":{"('0202-PE-2004', 0)":"DAE S.A. N\u00b0 6","('0202-PE-2004', 1)":null},"Fecha: ":{"('0202-PE-2004', 0)":"02\/06\/2004","('0202-PE-2004', 1)":null},"T\u00edtulo":{"('0202-PE-2004', 0)":"SOLICITAR ACUERDO PARA DESIGNAR FISCAL DE LA FISCALIA GENERAL ANTE LOS TRIBUNALES ORALES EN LO CRIMINAL DE LA CAPITAL FEDERAL NUMERO 23, AL DOCTOR GUILLERMO ENRIQUE FRIELE.","('0202-PE-2004', 1)":null},"('Firmantes', 'FIRMANTE')":{"('0202-PE-2004', 0)":"KIRCHNER, NESTOR CARLOS","('0202-PE-2004', 1)":"BELIZ, GUSTAVO"},"('Firmantes', 'DISTRITO')":{"('0202-PE-2004', 0)":null,"('0202-PE-2004', 1)":null},"('Firmantes', 'BLOQUE')":{"('0202-PE-2004', 0)":"PODER EJECUTIVO","('0202-PE-2004', 1)":"PODER EJECUTIVO"},"('Tramites', 'C\u00c1MARA')":{"('0202-PE-2004', 0)":"Senado","('0202-PE-2004', 1)":null},"('Tramites', 'MOVIMIENTO')":{"('0202-PE-2004', 0)":"CONSIDERACION Y APROBACION","('0202-PE-2004', 1)":null},"('Tramites', 'FECHA')":{"('0202-PE-2004', 0)":"04\/08\/2004","('0202-PE-2004', 1)":null},"('Tramites', 'RESULTADO')":{"('0202-PE-2004', 0)":"APROBADO","('0202-PE-2004', 1)":null},"Palabra Clave":{"('0202-PE-2004', 0)":" ","('0202-PE-2004', 1)":null}}