{"Tipo de Proyecto":{"('0203-D-2004', 0)":"PROYECTO DE RESOLUCI\u00d3N","('0203-D-2004', 1)":null,"('0203-D-2004', 2)":null},"Iniciado en: ":{"('0203-D-2004', 0)":"Diputados","('0203-D-2004', 1)":null,"('0203-D-2004', 2)":null},"Expediente Diputados: ":{"('0203-D-2004', 0)":"0203-D-2004","('0203-D-2004', 1)":null,"('0203-D-2004', 2)":null},"Publicado en: ":{"('0203-D-2004', 0)":"Tr\u00e1mite Parlamentario N\u00b0 2","('0203-D-2004', 1)":null,"('0203-D-2004', 2)":null},"Fecha: ":{"('0203-D-2004', 0)":"02\/03\/2004","('0203-D-2004', 1)":null,"('0203-D-2004', 2)":null},"T\u00edtulo":{"('0203-D-2004', 0)":"PROMOVER JUICIO POLITICO AL MINISTRO DE LA CORTE SUPREMA DE JUSTICIA DE LA NACION, DOCTOR AUGUSTO BELLUSCIO.","('0203-D-2004', 1)":null,"('0203-D-2004', 2)":null},"('Firmantes', 'FIRMANTE')":{"('0203-D-2004', 0)":"PEREZ, ADRIAN","('0203-D-2004', 1)":"GONZALEZ, MARIA AMERICA","('0203-D-2004', 2)":"BASTEIRO, SERGIO ARIEL"},"('Firmantes', 'DISTRITO')":{"('0203-D-2004', 0)":"BUENOS AIRES","('0203-D-2004', 1)":"CIUDAD de BUENOS AIRES","('0203-D-2004', 2)":"BUENOS AIRES"},"('Firmantes', 'BLOQUE')":{"('0203-D-2004', 0)":"ARI","('0203-D-2004', 1)":"ARI","('0203-D-2004', 2)":"PARTIDO SOCIALISTA"},"('Giros', 'COMISI\u00d3N')":{"('0203-D-2004', 0)":"JUICIO POLITICO","('0203-D-2004', 1)":null,"('0203-D-2004', 2)":null},"('Tramites', 'C\u00c1MARA')":{"('0203-D-2004', 0)":"Diputados","('0203-D-2004', 1)":null,"('0203-D-2004', 2)":null},"('Tramites', 'MOVIMIENTO')":{"('0203-D-2004', 0)":"SOLICITUD DEL AUTOR DE RETIRO DEL PROYECTO (EXPEDIENTE 0639-D-04, TP 9) (AFIRMATIVA)","('0203-D-2004', 1)":null,"('0203-D-2004', 2)":null},"('Tramites', 'FECHA')":{"('0203-D-2004', 0)":"31\/03\/2004","('0203-D-2004', 1)":null,"('0203-D-2004', 2)":null},"('Tramites', 'RESULTADO')":{"('0203-D-2004', 0)":"RETIRADO","('0203-D-2004', 1)":null,"('0203-D-2004', 2)":null},"Palabra Clave":{"('0203-D-2004', 0)":" ","('0203-D-2004', 1)":null,"('0203-D-2004', 2)":null}}