{"Tipo de Proyecto":{"('0207-S-2004', 0)":"PROYECTO DE DECLARACI\u00d3N"},"Iniciado en: ":{"('0207-S-2004', 0)":"Senado"},"Expediente Senado: ":{"('0207-S-2004', 0)":"0207-S-2004"},"Publicado en: ":{"('0207-S-2004', 0)":"Diario de Asuntos Entrados N\u00b0 17"},"Fecha: ":{"('0207-S-2004', 0)":"05\/03\/2004"},"T\u00edtulo":{"('0207-S-2004', 0)":"EXPRESAR BENEPLACITO POR LA APERTURA DE SOBRES PARA LA LICITACION DE LAS OBRAS DE VINCULACION DEL SISTEMA INTERCONECTADO NACIONAL CON EL SISTEMA PATAGONICO."},"('Firmantes', 'FIRMANTE')":{"('0207-S-2004', 0)":"GIUSTI, SILVIA ESTER"},"('Firmantes', 'DISTRITO')":{"('0207-S-2004', 0)":"CHUBUT"},"('Firmantes', 'BLOQUE')":{"('0207-S-2004', 0)":"JUSTICIALISTA"},"('Tramites', 'C\u00c1MARA')":{"('0207-S-2004', 0)":"Senado"},"('Tramites', 'MOVIMIENTO')":{"('0207-S-2004', 0)":"CONSIDERACION Y APROBACION"},"('Tramites', 'FECHA')":{"('0207-S-2004', 0)":"02\/06\/2004"},"('Tramites', 'RESULTADO')":{"('0207-S-2004', 0)":"APROBADO"},"Link":{"('0207-S-2004', 0)":"http:\/\/www.senado.gov.ar\/parlamentario\/comisiones\/verExp\/207.04\/S\/PD"},"Palabra Clave":{"('0207-S-2004', 0)":" "}}