{"Tipo de Proyecto":{"('0208-S-2004', 0)":"PROYECTO DE DECLARACI\u00d3N"},"Iniciado en: ":{"('0208-S-2004', 0)":"Senado"},"Expediente Senado: ":{"('0208-S-2004', 0)":"0208-S-2004"},"Publicado en: ":{"('0208-S-2004', 0)":"Diario de Asuntos Entrados N\u00b0 17"},"Fecha: ":{"('0208-S-2004', 0)":"05\/03\/2004"},"T\u00edtulo":{"('0208-S-2004', 0)":"EXPRESAR BENEPLACITO POR LAS AFIRMACIONES DE LA SUBSECRETARIA PARA LA SEGURIDAD ALIMENTARIA DE LOS ESTADOS UNIDOS, ELSA MURANO RELATIVAS AL FINANCIAMIENTO DE LOS TRABAJOS SOBRE NORMAS CODEX Y \"RIESGO MINIMO\" PARA LAS CARNES LIBRES DE AFTOSA. \n"},"('Firmantes', 'FIRMANTE')":{"('0208-S-2004', 0)":"GIUSTI, SILVIA ESTER"},"('Firmantes', 'DISTRITO')":{"('0208-S-2004', 0)":"CHUBUT"},"('Firmantes', 'BLOQUE')":{"('0208-S-2004', 0)":"JUSTICIALISTA"},"('Tramites', 'C\u00c1MARA')":{"('0208-S-2004', 0)":"Senado"},"('Tramites', 'MOVIMIENTO')":{"('0208-S-2004', 0)":"CONSIDERACION Y APROBACION"},"('Tramites', 'FECHA')":{"('0208-S-2004', 0)":"12\/05\/2004"},"('Tramites', 'RESULTADO')":{"('0208-S-2004', 0)":"APROBADO"},"Link":{"('0208-S-2004', 0)":"http:\/\/www.senado.gov.ar\/parlamentario\/comisiones\/verExp\/208.04\/S\/PD"},"Palabra Clave":{"('0208-S-2004', 0)":" "}}