{"Tipo de Proyecto":{"('0209-S-2004', 0)":"PROYECTO DE LEY","('0209-S-2004', 1)":null,"('0209-S-2004', 2)":null},"Iniciado en: ":{"('0209-S-2004', 0)":"Senado","('0209-S-2004', 1)":null,"('0209-S-2004', 2)":null},"Expediente Senado: ":{"('0209-S-2004', 0)":"0209-S-2004","('0209-S-2004', 1)":null,"('0209-S-2004', 2)":null},"Publicado en: ":{"('0209-S-2004', 0)":"Diario de Asuntos Entrados N\u00b0 17","('0209-S-2004', 1)":null,"('0209-S-2004', 2)":null},"Fecha: ":{"('0209-S-2004', 0)":"05\/03\/2004","('0209-S-2004', 1)":null,"('0209-S-2004', 2)":null},"T\u00edtulo":{"('0209-S-2004', 0)":"MODIFICACION DE LA LEY 11683 DE PROCEDIMIENTO TRIBUTARIO EN RELACION AL COBRO JUDICIAL DE TRIBUTOS.","('0209-S-2004', 1)":null,"('0209-S-2004', 2)":null},"('Firmantes', 'FIRMANTE')":{"('0209-S-2004', 0)":"CURLETTI, MIRIAM BELEN","('0209-S-2004', 1)":"MASTANDREA, ALICIA ESTER","('0209-S-2004', 2)":"AGUNDEZ, JORGE ALFREDO"},"('Firmantes', 'DISTRITO')":{"('0209-S-2004', 0)":"CHACO","('0209-S-2004', 1)":"CHACO","('0209-S-2004', 2)":"SAN LUIS"},"('Firmantes', 'BLOQUE')":{"('0209-S-2004', 0)":"UCR","('0209-S-2004', 1)":"UCR","('0209-S-2004', 2)":"UCR"},"('Tramites', 'C\u00c1MARA')":{"('0209-S-2004', 0)":"Senado","('0209-S-2004', 1)":null,"('0209-S-2004', 2)":null},"('Tramites', 'MOVIMIENTO')":{"('0209-S-2004', 0)":"MOCION DE PREFERENCIA PARA LA PROXIMA SESION CON DICTAMEN (AFIRMATIVA)","('0209-S-2004', 1)":null,"('0209-S-2004', 2)":null},"('Tramites', 'FECHA')":{"('0209-S-2004', 0)":"05\/05\/2004","('0209-S-2004', 1)":null,"('0209-S-2004', 2)":null},"('Tramites', 'RESULTADO')":{"('0209-S-2004', 0)":null,"('0209-S-2004', 1)":null,"('0209-S-2004', 2)":null},"Sumario":{"('0209-S-2004', 0)":"MODIFICACION DE LOS ARTICULOS 92 (COBRO JUDICIAL), 93 (ACCION DE REPETICION), 95 (DILIGENCIAMIENTO); DEROGACION DEL SEGUNDO PARRAFO DEL ARTICULO 107.","('0209-S-2004', 1)":null,"('0209-S-2004', 2)":null},"Palabra Clave":{"('0209-S-2004', 0)":" ","('0209-S-2004', 1)":null,"('0209-S-2004', 2)":null}}