{"Tipo de Proyecto":{"('0214-S-2004', 0)":"PROYECTO DE LEY","('0214-S-2004', 1)":null,"('0214-S-2004', 2)":null,"('0214-S-2004', 3)":null},"Iniciado en: ":{"('0214-S-2004', 0)":"Senado","('0214-S-2004', 1)":null,"('0214-S-2004', 2)":null,"('0214-S-2004', 3)":null},"Expediente Diputados: ":{"('0214-S-2004', 0)":"0214-S-2004","('0214-S-2004', 1)":null,"('0214-S-2004', 2)":null,"('0214-S-2004', 3)":null},"Expediente Senado: ":{"('0214-S-2004', 0)":"1780-S-2004","('0214-S-2004', 1)":null,"('0214-S-2004', 2)":null,"('0214-S-2004', 3)":null},"Publicado en: ":{"('0214-S-2004', 0)":"Diario de Asuntos Entrados N\u00b0 113","('0214-S-2004', 1)":null,"('0214-S-2004', 2)":null,"('0214-S-2004', 3)":null},"Fecha: ":{"('0214-S-2004', 0)":"15\/06\/2004","('0214-S-2004', 1)":null,"('0214-S-2004', 2)":null,"('0214-S-2004', 3)":null},"T\u00edtulo":{"('0214-S-2004', 0)":"DECLARAR AL DORADO (SALMINUS MAXILLOSUS) PEZ DE INTERES NACIONAL.","('0214-S-2004', 1)":null,"('0214-S-2004', 2)":null,"('0214-S-2004', 3)":null},"('Firmantes', 'FIRMANTE')":{"('0214-S-2004', 0)":"SANCHEZ, MARIA DORA","('0214-S-2004', 1)":null,"('0214-S-2004', 2)":null,"('0214-S-2004', 3)":null},"('Firmantes', 'DISTRITO')":{"('0214-S-2004', 0)":"CORRIENTES","('0214-S-2004', 1)":null,"('0214-S-2004', 2)":null,"('0214-S-2004', 3)":null},"('Firmantes', 'BLOQUE')":{"('0214-S-2004', 0)":"UCR","('0214-S-2004', 1)":null,"('0214-S-2004', 2)":null,"('0214-S-2004', 3)":null},"('Giros', 'COMISI\u00d3N')":{"('0214-S-2004', 0)":"INTERESES MARITIMOS, FLUVIALES, PESQUEROS Y PORTUARIOS","('0214-S-2004', 1)":"DEPORTES","('0214-S-2004', 2)":null,"('0214-S-2004', 3)":null},"('Tramites', 'C\u00c1MARA')":{"('0214-S-2004', 0)":"Senado","('0214-S-2004', 1)":"Diputados","('0214-S-2004', 2)":"Diputados","('0214-S-2004', 3)":"Diputados"},"('Tramites', 'MOVIMIENTO')":{"('0214-S-2004', 0)":"CONSIDERACION Y APROBACION","('0214-S-2004', 1)":"PASA A DIPUTADOS -","('0214-S-2004', 2)":"CONSIDERACION Y SANCION","('0214-S-2004', 3)":"COMUNICACION DEL DECRETO 381\/2005 del 27\/04\/2005 DE VETO PARCIAL Y PROMULGACION"},"('Tramites', 'FECHA')":{"('0214-S-2004', 0)":"10\/11\/2004","('0214-S-2004', 1)":null,"('0214-S-2004', 2)":"16\/03\/2005","('0214-S-2004', 3)":null},"('Tramites', 'RESULTADO')":{"('0214-S-2004', 0)":"MEDIA SANCION","('0214-S-2004', 1)":null,"('0214-S-2004', 2)":"SANCIONADO","('0214-S-2004', 3)":null},"Sumario":{"('0214-S-2004', 0)":"PROHIBICION DE LA PESCA CON FINES COMERCIALES Y DE LA VENTA EN TODO EL TERRITORIO NACIONAL; INVITACION A LOS GOBIERNOS PROVINCIALES Y DE LA CIUDAD AUTONOMA DE BUENOS AIRES A ADHERIR.","('0214-S-2004', 1)":null,"('0214-S-2004', 2)":null,"('0214-S-2004', 3)":null},"Palabra Clave":{"('0214-S-2004', 0)":" ","('0214-S-2004', 1)":null,"('0214-S-2004', 2)":null,"('0214-S-2004', 3)":null}}