{"Tipo de Proyecto":{"('0217-S-2004', 0)":"COMUNICACION"},"Iniciado en: ":{"('0217-S-2004', 0)":"Senado"},"Expediente Senado: ":{"('0217-S-2004', 0)":"0217-S-2004"},"Publicado en: ":{"('0217-S-2004', 0)":"Diario de Asuntos Entrados N\u00b0 18"},"Fecha: ":{"('0217-S-2004', 0)":"08\/03\/2004"},"T\u00edtulo":{"('0217-S-2004', 0)":"PEDIDO DE INFORMES AL PODER EJECUTIVO SOBRE LA SITUACION DE LA EMPRESA PESQUERA CONTINENTAL ARMADORES DE PESCA SA (CONARPESA), DESDE EL PUNTO DE VISTA FISCAL Y PATRIMONIAL."},"('Firmantes', 'FIRMANTE')":{"('0217-S-2004', 0)":"MENEM, EDUARDO"},"('Firmantes', 'DISTRITO')":{"('0217-S-2004', 0)":"LA RIOJA"},"('Firmantes', 'BLOQUE')":{"('0217-S-2004', 0)":"JUSTICIALISTA"},"Link":{"('0217-S-2004', 0)":"http:\/\/www.senado.gov.ar\/parlamentario\/comisiones\/verExp\/217.04\/S\/PC"},"Palabra Clave":{"('0217-S-2004', 0)":" "}}