{"Tipo de Proyecto":{"('0218-S-2004', 0)":"PROYECTO DE LEY"},"Iniciado en: ":{"('0218-S-2004', 0)":"Senado"},"Expediente Senado: ":{"('0218-S-2004', 0)":"0218-S-2004"},"Publicado en: ":{"('0218-S-2004', 0)":"Diario de Asuntos Entrados N\u00b0 18"},"Fecha: ":{"('0218-S-2004', 0)":"08\/03\/2004"},"T\u00edtulo":{"('0218-S-2004', 0)":"MODIFICACION DEL ARTICULO 1 DEL DECRETO LEY 17319 DE HIDROCARBUROS"},"('Firmantes', 'FIRMANTE')":{"('0218-S-2004', 0)":"GUINLE, MARCELO ALEJANDRO"},"('Firmantes', 'DISTRITO')":{"('0218-S-2004', 0)":"CHUBUT"},"('Firmantes', 'BLOQUE')":{"('0218-S-2004', 0)":"JUSTICIALISTA"},"Sumario":{"('0218-S-2004', 0)":"SUSTITUCION DEL ARTICULO 1 (PATRIMONIO DEL ESTADO NACIONAL); MODIFICACION DE LOS ARTICULOS 2 (DOMINIO DE LAS PROVINCIAS SOBRE LOS YACIMIENTOS DE HIDROCARBUROS LOCALIZADOS EN SUS TERRITORIOS) Y 69 (OBLIGACIONES DE LOS PERMISIONARIOS, CONCESIONARIOS Y TODOS LOS QUE INTERVIENEN EN LA EXPLORACION, EXPLOTACION Y COMERCIALIZACION DE HIDROCARBUROS; REGALIAS; ACUERDOS DE TRANSFERENCIA DE INFORMACION PETROLERA; REGLAMENTACION."},"Palabra Clave":{"('0218-S-2004', 0)":" "}}