{"Tipo de Proyecto":{"('0223-S-2004', 0)":"PROYECTO DE RESOLUCI\u00d3N","('0223-S-2004', 1)":null,"('0223-S-2004', 2)":null,"('0223-S-2004', 3)":null,"('0223-S-2004', 4)":null},"Iniciado en: ":{"('0223-S-2004', 0)":"Senado","('0223-S-2004', 1)":null,"('0223-S-2004', 2)":null,"('0223-S-2004', 3)":null,"('0223-S-2004', 4)":null},"Expediente Diputados: ":{"('0223-S-2004', 0)":"0223-S-2004","('0223-S-2004', 1)":null,"('0223-S-2004', 2)":null,"('0223-S-2004', 3)":null,"('0223-S-2004', 4)":null},"Expediente Senado: ":{"('0223-S-2004', 0)":"4105-S-2004","('0223-S-2004', 1)":null,"('0223-S-2004', 2)":null,"('0223-S-2004', 3)":null,"('0223-S-2004', 4)":null},"Fecha: ":{"('0223-S-2004', 0)":"24\/11\/2004","('0223-S-2004', 1)":null,"('0223-S-2004', 2)":null,"('0223-S-2004', 3)":null,"('0223-S-2004', 4)":null},"T\u00edtulo":{"('0223-S-2004', 0)":"PROPONE AL SE\u00d1OR EDUARDO RENE MONDINO PARA EL CARGO DE DEFENSOR DEL PUEBLO DE LA NACION. ","('0223-S-2004', 1)":null,"('0223-S-2004', 2)":null,"('0223-S-2004', 3)":null,"('0223-S-2004', 4)":null},"('Firmantes', 'FIRMANTE')":{"('0223-S-2004', 0)":"BICAMERAL DE LA DEFENSORIA DEL PUEBLO","('0223-S-2004', 1)":null,"('0223-S-2004', 2)":null,"('0223-S-2004', 3)":null,"('0223-S-2004', 4)":null},"('Firmantes', 'DISTRITO')":{"('0223-S-2004', 0)":null,"('0223-S-2004', 1)":null,"('0223-S-2004', 2)":null,"('0223-S-2004', 3)":null,"('0223-S-2004', 4)":null},"('Firmantes', 'BLOQUE')":{"('0223-S-2004', 0)":null,"('0223-S-2004', 1)":null,"('0223-S-2004', 2)":null,"('0223-S-2004', 3)":null,"('0223-S-2004', 4)":null},"('Tramites', 'C\u00c1MARA')":{"('0223-S-2004', 0)":"Senado","('0223-S-2004', 1)":"Senado","('0223-S-2004', 2)":"Diputados","('0223-S-2004', 3)":"Diputados","('0223-S-2004', 4)":"Diputados"},"('Tramites', 'MOVIMIENTO')":{"('0223-S-2004', 0)":"MOCION SOBRE TABLAS CON DICTAMEN (AFIRMATIVA)","('0223-S-2004', 1)":"CONSIDERACION Y APROBACION","('0223-S-2004', 2)":"PASA A DIPUTADOS -","('0223-S-2004', 3)":"MOCION SOBRE TABLAS (AFIRMATIVA)","('0223-S-2004', 4)":"CONSIDERACION Y APROBACION"},"('Tramites', 'FECHA')":{"('0223-S-2004', 0)":"01\/12\/2004","('0223-S-2004', 1)":"01\/12\/2004","('0223-S-2004', 2)":null,"('0223-S-2004', 3)":"14\/12\/2004","('0223-S-2004', 4)":"14\/12\/2004"},"('Tramites', 'RESULTADO')":{"('0223-S-2004', 0)":null,"('0223-S-2004', 1)":"APROBADO","('0223-S-2004', 2)":null,"('0223-S-2004', 3)":null,"('0223-S-2004', 4)":"APROBADO"},"Link":{"('0223-S-2004', 0)":"http:\/\/www.senado.gov.ar\/parlamentario\/comisiones\/verExp\/4105.04\/S\/PR","('0223-S-2004', 1)":null,"('0223-S-2004', 2)":null,"('0223-S-2004', 3)":null,"('0223-S-2004', 4)":null},"Palabra Clave":{"('0223-S-2004', 0)":" ","('0223-S-2004', 1)":null,"('0223-S-2004', 2)":null,"('0223-S-2004', 3)":null,"('0223-S-2004', 4)":null}}