{"Tipo de Proyecto":{"('0224-S-2004', 0)":"PROYECTO DE RESOLUCI\u00d3N","('0224-S-2004', 1)":null,"('0224-S-2004', 2)":null,"('0224-S-2004', 3)":null,"('0224-S-2004', 4)":null},"Iniciado en: ":{"('0224-S-2004', 0)":"Senado","('0224-S-2004', 1)":null,"('0224-S-2004', 2)":null,"('0224-S-2004', 3)":null,"('0224-S-2004', 4)":null},"Expediente Diputados: ":{"('0224-S-2004', 0)":"0224-S-2004","('0224-S-2004', 1)":null,"('0224-S-2004', 2)":null,"('0224-S-2004', 3)":null,"('0224-S-2004', 4)":null},"Expediente Senado: ":{"('0224-S-2004', 0)":"0382-OV-2003","('0224-S-2004', 1)":null,"('0224-S-2004', 2)":null,"('0224-S-2004', 3)":null,"('0224-S-2004', 4)":null},"Fecha: ":{"('0224-S-2004', 0)":"01\/11\/2004","('0224-S-2004', 1)":null,"('0224-S-2004', 2)":null,"('0224-S-2004', 3)":null,"('0224-S-2004', 4)":null},"T\u00edtulo":{"('0224-S-2004', 0)":"PEDIDO DE INFORMES AL PODER EJECUTIVO SOBRE RESOLUCIONES REMITIDAS POR LA AUDITORIA GENERAL DE LA NACION, COMUNICANDO LOS ESTADOS FINANCIEROS AL 31 DE DICIEMBRE DE 2002 (0382-OV-03) Y 31 DE DICIEMBRE DE 2003 (0119-OV-04) CORRESPONDIENTES AL PROYECTO BOSQUES NATIVOS Y AREAS PROTEGIDAS - CONVENIO DE PRESTAMO 4085-AR BIRF -.","('0224-S-2004', 1)":null,"('0224-S-2004', 2)":null,"('0224-S-2004', 3)":null,"('0224-S-2004', 4)":null},"('Firmantes', 'FIRMANTE')":{"('0224-S-2004', 0)":"PARLAMENTARIA MIXTA REVISORA DE CUENTAS","('0224-S-2004', 1)":null,"('0224-S-2004', 2)":null,"('0224-S-2004', 3)":null,"('0224-S-2004', 4)":null},"('Firmantes', 'DISTRITO')":{"('0224-S-2004', 0)":null,"('0224-S-2004', 1)":null,"('0224-S-2004', 2)":null,"('0224-S-2004', 3)":null,"('0224-S-2004', 4)":null},"('Firmantes', 'BLOQUE')":{"('0224-S-2004', 0)":null,"('0224-S-2004', 1)":null,"('0224-S-2004', 2)":null,"('0224-S-2004', 3)":null,"('0224-S-2004', 4)":null},"('Giros', 'COMISI\u00d3N')":{"('0224-S-2004', 0)":"PARLAMENTARIA MIXTA REVISORA DE CUENTAS","('0224-S-2004', 1)":null,"('0224-S-2004', 2)":null,"('0224-S-2004', 3)":null,"('0224-S-2004', 4)":null},"('Tramites', 'C\u00c1MARA')":{"('0224-S-2004', 0)":"Senado","('0224-S-2004', 1)":"Diputados","('0224-S-2004', 2)":"Diputados","('0224-S-2004', 3)":"Diputados","('0224-S-2004', 4)":"Diputados"},"('Tramites', 'MOVIMIENTO')":{"('0224-S-2004', 0)":"CONSIDERACION Y APROBACION","('0224-S-2004', 1)":"PASA A DIPUTADOS -","('0224-S-2004', 2)":"CONSIDERACION Y APROBACION","('0224-S-2004', 3)":"CONTESTACION DEL PODER EJECUTIVO NACIONAL - JEFE DE GABINETE DE MINISTROS - GIRADO A LA COMISION RESPECTIVA","('0224-S-2004', 4)":"CONTESTACION DEL PODER EJECUTIVO NACIONAL - JEFE DE GABINETE DE MINISTROS - GIRADO A LA COMISION RESPECTIVA"},"('Tramites', 'FECHA')":{"('0224-S-2004', 0)":"17\/11\/2004","('0224-S-2004', 1)":null,"('0224-S-2004', 2)":"16\/12\/2004","('0224-S-2004', 3)":"01\/06\/2005","('0224-S-2004', 4)":"07\/07\/2005"},"('Tramites', 'RESULTADO')":{"('0224-S-2004', 0)":"APROBADO","('0224-S-2004', 1)":null,"('0224-S-2004', 2)":"APROBADO","('0224-S-2004', 3)":null,"('0224-S-2004', 4)":null},"Link":{"('0224-S-2004', 0)":"http:\/\/www.senado.gov.ar\/parlamentario\/comisiones\/verExp\/382.03\/OV\/PR","('0224-S-2004', 1)":null,"('0224-S-2004', 2)":null,"('0224-S-2004', 3)":null,"('0224-S-2004', 4)":null},"Palabra Clave":{"('0224-S-2004', 0)":" ","('0224-S-2004', 1)":null,"('0224-S-2004', 2)":null,"('0224-S-2004', 3)":null,"('0224-S-2004', 4)":null}}