{"Tipo de Proyecto":{"('0226-S-2004', 0)":"PROYECTO DE LEY","('0226-S-2004', 1)":null,"('0226-S-2004', 2)":null,"('0226-S-2004', 3)":null,"('0226-S-2004', 4)":null,"('0226-S-2004', 5)":null,"('0226-S-2004', 6)":null,"('0226-S-2004', 7)":null,"('0226-S-2004', 8)":null,"('0226-S-2004', 9)":null},"Iniciado en: ":{"('0226-S-2004', 0)":"Senado","('0226-S-2004', 1)":null,"('0226-S-2004', 2)":null,"('0226-S-2004', 3)":null,"('0226-S-2004', 4)":null,"('0226-S-2004', 5)":null,"('0226-S-2004', 6)":null,"('0226-S-2004', 7)":null,"('0226-S-2004', 8)":null,"('0226-S-2004', 9)":null},"Expediente Diputados: ":{"('0226-S-2004', 0)":"0226-S-2004","('0226-S-2004', 1)":null,"('0226-S-2004', 2)":null,"('0226-S-2004', 3)":null,"('0226-S-2004', 4)":null,"('0226-S-2004', 5)":null,"('0226-S-2004', 6)":null,"('0226-S-2004', 7)":null,"('0226-S-2004', 8)":null,"('0226-S-2004', 9)":null},"Expediente Senado: ":{"('0226-S-2004', 0)":"1014-S-2004","('0226-S-2004', 1)":null,"('0226-S-2004', 2)":null,"('0226-S-2004', 3)":null,"('0226-S-2004', 4)":null,"('0226-S-2004', 5)":null,"('0226-S-2004', 6)":null,"('0226-S-2004', 7)":null,"('0226-S-2004', 8)":null,"('0226-S-2004', 9)":null},"Publicado en: ":{"('0226-S-2004', 0)":"Diario de Asuntos Entrados N\u00b0 62","('0226-S-2004', 1)":null,"('0226-S-2004', 2)":null,"('0226-S-2004', 3)":null,"('0226-S-2004', 4)":null,"('0226-S-2004', 5)":null,"('0226-S-2004', 6)":null,"('0226-S-2004', 7)":null,"('0226-S-2004', 8)":null,"('0226-S-2004', 9)":null},"Fecha: ":{"('0226-S-2004', 0)":"22\/04\/2004","('0226-S-2004', 1)":null,"('0226-S-2004', 2)":null,"('0226-S-2004', 3)":null,"('0226-S-2004', 4)":null,"('0226-S-2004', 5)":null,"('0226-S-2004', 6)":null,"('0226-S-2004', 7)":null,"('0226-S-2004', 8)":null,"('0226-S-2004', 9)":null},"T\u00edtulo":{"('0226-S-2004', 0)":"MODIFICACION DEL ARTICULO 20 DE LA LEY 24093 (LEY NACIONAL DE PUERTOS), EN LO REFERIDO A LAS OBLIGACIONES DE MANTENIMIENTO, MEJORA DE LAS OBRAS Y SERVICIOS ESENCIALES DE LOS RESPONSABLES DE CADA PUERTO.","('0226-S-2004', 1)":null,"('0226-S-2004', 2)":null,"('0226-S-2004', 3)":null,"('0226-S-2004', 4)":null,"('0226-S-2004', 5)":null,"('0226-S-2004', 6)":null,"('0226-S-2004', 7)":null,"('0226-S-2004', 8)":null,"('0226-S-2004', 9)":null},"('Firmantes', 'FIRMANTE')":{"('0226-S-2004', 0)":"RIOS, ROBERTO FABIAN","('0226-S-2004', 1)":"REUTEMANN, CARLOS ALBERTO","('0226-S-2004', 2)":"CAPITANICH, JORGE","('0226-S-2004', 3)":"OVIEDO, MERCEDES MARGARITA","('0226-S-2004', 4)":"LATORRE, ROXANA","('0226-S-2004', 5)":"BAR, GRACIELA YOLANDA","('0226-S-2004', 6)":"CURLETTI, MIRIAM BELEN","('0226-S-2004', 7)":"MASTANDREA, ALICIA ESTER","('0226-S-2004', 8)":"GIUSTINIANI, RUBEN HECTOR","('0226-S-2004', 9)":"PAZ, ELVA AZUCENA"},"('Firmantes', 'DISTRITO')":{"('0226-S-2004', 0)":"CORRIENTES","('0226-S-2004', 1)":"SANTA FE","('0226-S-2004', 2)":"CHACO","('0226-S-2004', 3)":"MISIONES","('0226-S-2004', 4)":"SANTA FE","('0226-S-2004', 5)":"ENTRE RIOS","('0226-S-2004', 6)":"CHACO","('0226-S-2004', 7)":"CHACO","('0226-S-2004', 8)":"SANTA FE","('0226-S-2004', 9)":"FORMOSA"},"('Firmantes', 'BLOQUE')":{"('0226-S-2004', 0)":"JUSTICIALISTA","('0226-S-2004', 1)":"JUSTICIALISTA","('0226-S-2004', 2)":"JUSTICIALISTA","('0226-S-2004', 3)":"JUSTICIALISTA","('0226-S-2004', 4)":"JUSTICIALISTA","('0226-S-2004', 5)":"JUSTICIALISTA","('0226-S-2004', 6)":"UCR","('0226-S-2004', 7)":"UCR","('0226-S-2004', 8)":"PARTIDO SOCIALISTA","('0226-S-2004', 9)":"JUSTICIALISTA"},"('Giros', 'COMISI\u00d3N')":{"('0226-S-2004', 0)":"INTERESES MARITIMOS, FLUVIALES, PESQUEROS Y PORTUARIOS","('0226-S-2004', 1)":"SEGURIDAD INTERIOR","('0226-S-2004', 2)":"LEGISLACION GENERAL","('0226-S-2004', 3)":null,"('0226-S-2004', 4)":null,"('0226-S-2004', 5)":null,"('0226-S-2004', 6)":null,"('0226-S-2004', 7)":null,"('0226-S-2004', 8)":null,"('0226-S-2004', 9)":null},"('Tramites', 'C\u00c1MARA')":{"('0226-S-2004', 0)":"Senado","('0226-S-2004', 1)":"Senado","('0226-S-2004', 2)":"Diputados","('0226-S-2004', 3)":null,"('0226-S-2004', 4)":null,"('0226-S-2004', 5)":null,"('0226-S-2004', 6)":null,"('0226-S-2004', 7)":null,"('0226-S-2004', 8)":null,"('0226-S-2004', 9)":null},"('Tramites', 'MOVIMIENTO')":{"('0226-S-2004', 0)":"AMPLIACION GIRO A LA COMISION DE INFRAESTRUCTURA, VIVIENDA Y TRANSPORTE","('0226-S-2004', 1)":"CONSIDERACION Y APROBACION","('0226-S-2004', 2)":"PASA A DIPUTADOS -","('0226-S-2004', 3)":null,"('0226-S-2004', 4)":null,"('0226-S-2004', 5)":null,"('0226-S-2004', 6)":null,"('0226-S-2004', 7)":null,"('0226-S-2004', 8)":null,"('0226-S-2004', 9)":null},"('Tramites', 'FECHA')":{"('0226-S-2004', 0)":"19\/05\/2004","('0226-S-2004', 1)":"17\/11\/2004","('0226-S-2004', 2)":null,"('0226-S-2004', 3)":null,"('0226-S-2004', 4)":null,"('0226-S-2004', 5)":null,"('0226-S-2004', 6)":null,"('0226-S-2004', 7)":null,"('0226-S-2004', 8)":null,"('0226-S-2004', 9)":null},"('Tramites', 'RESULTADO')":{"('0226-S-2004', 0)":null,"('0226-S-2004', 1)":"MEDIA SANCION","('0226-S-2004', 2)":null,"('0226-S-2004', 3)":null,"('0226-S-2004', 4)":null,"('0226-S-2004', 5)":null,"('0226-S-2004', 6)":null,"('0226-S-2004', 7)":null,"('0226-S-2004', 8)":null,"('0226-S-2004', 9)":null},"Link":{"('0226-S-2004', 0)":"http:\/\/www.senado.gov.ar\/parlamentario\/comisiones\/verExp\/1014.04\/S\/PL","('0226-S-2004', 1)":null,"('0226-S-2004', 2)":null,"('0226-S-2004', 3)":null,"('0226-S-2004', 4)":null,"('0226-S-2004', 5)":null,"('0226-S-2004', 6)":null,"('0226-S-2004', 7)":null,"('0226-S-2004', 8)":null,"('0226-S-2004', 9)":null},"Palabra Clave":{"('0226-S-2004', 0)":" ","('0226-S-2004', 1)":null,"('0226-S-2004', 2)":null,"('0226-S-2004', 3)":null,"('0226-S-2004', 4)":null,"('0226-S-2004', 5)":null,"('0226-S-2004', 6)":null,"('0226-S-2004', 7)":null,"('0226-S-2004', 8)":null,"('0226-S-2004', 9)":null}}