{"Tipo de Proyecto":{"('0227-S-2004', 0)":"PROYECTO DE LEY","('0227-S-2004', 1)":null},"Iniciado en: ":{"('0227-S-2004', 0)":"Senado","('0227-S-2004', 1)":null},"Expediente Diputados: ":{"('0227-S-2004', 0)":"0227-S-2004","('0227-S-2004', 1)":null},"Expediente Senado: ":{"('0227-S-2004', 0)":"2726-S-2004","('0227-S-2004', 1)":null},"Publicado en: ":{"('0227-S-2004', 0)":"Diario de Asuntos Entrados N\u00b0 171","('0227-S-2004', 1)":null},"Fecha: ":{"('0227-S-2004', 0)":"01\/09\/2004","('0227-S-2004', 1)":null},"T\u00edtulo":{"('0227-S-2004', 0)":"MODIFICACION DEL ARTICULO 65 DEL CODIGO PENAL SOBRE PLAZOS PRESCRIPCION DE LA PENA.","('0227-S-2004', 1)":null},"('Firmantes', 'FIRMANTE')":{"('0227-S-2004', 0)":"AGUNDEZ, JORGE ALFREDO","('0227-S-2004', 1)":null},"('Firmantes', 'DISTRITO')":{"('0227-S-2004', 0)":"SAN LUIS","('0227-S-2004', 1)":null},"('Firmantes', 'BLOQUE')":{"('0227-S-2004', 0)":"UCR","('0227-S-2004', 1)":null},"('Giros', 'COMISI\u00d3N')":{"('0227-S-2004', 0)":"LEGISLACION PENAL","('0227-S-2004', 1)":null},"('Tramites', 'C\u00c1MARA')":{"('0227-S-2004', 0)":"Senado","('0227-S-2004', 1)":"Diputados"},"('Tramites', 'MOVIMIENTO')":{"('0227-S-2004', 0)":"CONSIDERACION Y APROBACION","('0227-S-2004', 1)":"PASA A DIPUTADOS -"},"('Tramites', 'FECHA')":{"('0227-S-2004', 0)":"17\/11\/2004","('0227-S-2004', 1)":null},"('Tramites', 'RESULTADO')":{"('0227-S-2004', 0)":"MEDIA SANCION","('0227-S-2004', 1)":null},"Link":{"('0227-S-2004', 0)":"http:\/\/www.senado.gov.ar\/parlamentario\/comisiones\/verExp\/2726.04\/S\/PL","('0227-S-2004', 1)":null},"Palabra Clave":{"('0227-S-2004', 0)":" ","('0227-S-2004', 1)":null}}