{"Tipo de Proyecto":{"('0236-S-2004', 0)":"PROYECTO DE LEY","('0236-S-2004', 1)":null,"('0236-S-2004', 2)":null},"Iniciado en: ":{"('0236-S-2004', 0)":"Senado","('0236-S-2004', 1)":null,"('0236-S-2004', 2)":null},"Expediente Diputados: ":{"('0236-S-2004', 0)":"0236-S-2004","('0236-S-2004', 1)":null,"('0236-S-2004', 2)":null},"Expediente Senado: ":{"('0236-S-2004', 0)":"0125-S-2004","('0236-S-2004', 1)":null,"('0236-S-2004', 2)":null},"Publicado en: ":{"('0236-S-2004', 0)":"Diario de Asuntos Entrados N\u00b0 10","('0236-S-2004', 1)":null,"('0236-S-2004', 2)":null},"Fecha: ":{"('0236-S-2004', 0)":"03\/03\/2004","('0236-S-2004', 1)":null,"('0236-S-2004', 2)":null},"T\u00edtulo":{"('0236-S-2004', 0)":"SOCIEDADES DE GARANTIA RECIPROCA (SGR); MODIFICACION A LA LEY 24467 Y SU MODIFICATORIA 25300 (REGIMEN PYMES) (REPRODUCCION DEL EXPEDIENTE 1101-S-02).","('0236-S-2004', 1)":null,"('0236-S-2004', 2)":null},"('Firmantes', 'FIRMANTE')":{"('0236-S-2004', 0)":"CAPITANICH, JORGE","('0236-S-2004', 1)":null,"('0236-S-2004', 2)":null},"('Firmantes', 'DISTRITO')":{"('0236-S-2004', 0)":"CHACO","('0236-S-2004', 1)":null,"('0236-S-2004', 2)":null},"('Firmantes', 'BLOQUE')":{"('0236-S-2004', 0)":"JUSTICIALISTA","('0236-S-2004', 1)":null,"('0236-S-2004', 2)":null},"('Giros', 'COMISI\u00d3N')":{"('0236-S-2004', 0)":"PEQUE\u00d1AS Y MEDIANAS EMPRESAS","('0236-S-2004', 1)":"LEGISLACION GENERAL","('0236-S-2004', 2)":"PRESUPUESTO Y HACIENDA"},"('Tramites', 'C\u00c1MARA')":{"('0236-S-2004', 0)":"Senado","('0236-S-2004', 1)":"Senado","('0236-S-2004', 2)":"Diputados"},"('Tramites', 'MOVIMIENTO')":{"('0236-S-2004', 0)":"CONSIDERACION Y APROBACION","('0236-S-2004', 1)":"INSERCIONES","('0236-S-2004', 2)":"PASA A DIPUTADOS -"},"('Tramites', 'FECHA')":{"('0236-S-2004', 0)":"01\/12\/2004","('0236-S-2004', 1)":"01\/12\/2004","('0236-S-2004', 2)":null},"('Tramites', 'RESULTADO')":{"('0236-S-2004', 0)":"MEDIA SANCION","('0236-S-2004', 1)":null,"('0236-S-2004', 2)":null},"Sumario":{"('0236-S-2004', 0)":"SUSTITUCION DE LOS ARTICULOS 34 (LIMITE OPERATIVO), 37 (TIPOS DE SOCIOS), 45 (CAPITAL SOCIAL), 46 (FONDO DE RIESGO), 72 (FORMAS DE CONTRATO) Y 79 (BENEFICIOS IMPOSITIVOS).","('0236-S-2004', 1)":null,"('0236-S-2004', 2)":null},"Palabra Clave":{"('0236-S-2004', 0)":" ","('0236-S-2004', 1)":null,"('0236-S-2004', 2)":null}}