{"Tipo de Proyecto":{"('0238-D-2004', 0)":"PROYECTO DE LEY","('0238-D-2004', 1)":null},"Iniciado en: ":{"('0238-D-2004', 0)":"Diputados","('0238-D-2004', 1)":null},"Expediente Diputados: ":{"('0238-D-2004', 0)":"0238-D-2004","('0238-D-2004', 1)":null},"Publicado en: ":{"('0238-D-2004', 0)":"Tr\u00e1mite Parlamentario N\u00b0 3","('0238-D-2004', 1)":null},"Fecha: ":{"('0238-D-2004', 0)":"03\/03\/2004","('0238-D-2004', 1)":null},"T\u00edtulo":{"('0238-D-2004', 0)":"ESTABLECER PENA DE TRES A OCHO A\u00d1OS DE PRISION Y RECLUSION A LOS FUNCIONARIOS DEL BANCO CENTRAL DE LA REPUBLICA ARGENTINA, CUANDO INCUMPLAN LAS OBLIGACIONES ESTABLECIDAS EN SU CARTA ORGANICA, LEYES Y NORMAS QUE REGULAN EL SISTEMA FINANCIERO NACIONAL Y EL REGIMEN PRUDENCIAL.","('0238-D-2004', 1)":null},"('Firmantes', 'FIRMANTE')":{"('0238-D-2004', 0)":"TANONI, ENRIQUE","('0238-D-2004', 1)":null},"('Firmantes', 'DISTRITO')":{"('0238-D-2004', 0)":"SALTA","('0238-D-2004', 1)":null},"('Firmantes', 'BLOQUE')":{"('0238-D-2004', 0)":"JUSTICIALISTA","('0238-D-2004', 1)":null},"('Giros', 'COMISI\u00d3N')":{"('0238-D-2004', 0)":"LEGISLACION PENAL","('0238-D-2004', 1)":"FINANZAS"},"Sumario":{"('0238-D-2004', 0)":"AGRAVANTES; INHABILITACION.","('0238-D-2004', 1)":null},"Palabra Clave":{"('0238-D-2004', 0)":" ","('0238-D-2004', 1)":null}}