{"Tipo de Proyecto":{"('0238-OVD-2004', 0)":"PROYECTO DE RESOLUCI\u00d3N"},"Iniciado en: ":{"('0238-OVD-2004', 0)":"Senado"},"Expediente Senado: ":{"('0238-OVD-2004', 0)":"0238-OVD-2004"},"Fecha: ":{"('0238-OVD-2004', 0)":"11\/07\/2006"},"T\u00edtulo":{"('0238-OVD-2004', 0)":"RESPUESTA DE LA JEFATURA DE GABINETE DE MINISTROS EN RELACION A LAS SIGUIENTES RESOLUCIONES APROBADAS POR LA H CAMARA: 0076-S-03 SOBRE MEDIDAS ADOPTADAS PARA SUPERAR LAS OBSERVACIONES DE LA AUDITORIA GENERAL DE LA NACION CON MOTIVO DE SU EXAMEN  DE LOS ESTADOS FINANCIEROS AL 31 DE DICIEMBRE DE 1999, 31 DE DICIEMBRE DE 2000 Y 31 DE DICIEMBRE DE 2001 DEL PROYECTO PNUD ARG\/97\/035 PROGRAMA DE APOYO A LA INSTITUCIONALIZACION DE LA ADMINISTRACION FEDERAL DE INGRESOS PUBLICOS (0238-OVD-04); 0078-S-03 SOBRE LAS MEDIDAS ADOPTADAS PARA SUPERAR LAS OBSERVACIONES FORMULADAS POR LA AGN SOBRE CRITERIOS Y PROCEDIMIENTOS CONTABLES QUE MOTIVARON LA EMISION DE DICTAMENES CON OPINION ADVERSA CON RESPECTO AL BALANCE GENERAL AL ESTADO DE RECURSOS Y GASTOS CORRIENTES CORRESPONDIENTES A LOS TRES EJERCICIOS AUDITADOS, ADEMAS LAS MEDIDAS ADOPTADAS SOBRE LOS PROCEDIMIENTOS ADMINISTRATIVO - CONTABLES Y DE CONTROL INTERNO CON MOTIVO DE SU EXAMEN DE LOS ESTADOS FINANCIEROS AL 31\/12\/99, 31\/12\/00 Y 31\/12\/01 DEL MENCIONADO PROGRAMA, CONTRATO DE PRESTAMO 1034\/OC-AR (0139-OVD-04); Y 0126-S-04 SOBRE LAS MEDIDAS ADOPTADAS PARA REGULARIZAR LAS SITUACIONES OBSERVADAS POR LA AGN A LA CARTA DE LOS AUDITORES A LA GERENCIA DEL PROGRAMA EN CUESTION (0434-OVD-05)."},"('Firmantes', 'FIRMANTE')":{"('0238-OVD-2004', 0)":"PARLAMENTARIA MIXTA REVISORA DE CUENTAS"},"('Firmantes', 'DISTRITO')":{"('0238-OVD-2004', 0)":null},"('Firmantes', 'BLOQUE')":{"('0238-OVD-2004', 0)":null},"('Tramites', 'C\u00c1MARA')":{"('0238-OVD-2004', 0)":"Senado"},"('Tramites', 'MOVIMIENTO')":{"('0238-OVD-2004', 0)":"CONSIDERACION Y APROBACION (AL ARCHIVO)"},"('Tramites', 'FECHA')":{"('0238-OVD-2004', 0)":"30\/08\/2006"},"('Tramites', 'RESULTADO')":{"('0238-OVD-2004', 0)":"ARCHIVADO"},"Sumario":{"('0238-OVD-2004', 0)":"HABIENDO TOMADO CONOCIMIENTO Y SIN PERJUICIO DE ULTERIORES MEDIDAS QUE PUEDAN ADOPTARSE, SE ACONSEJA SU REMISION AL ARCHIVO."},"Palabra Clave":{"('0238-OVD-2004', 0)":" "}}