{"Tipo de Proyecto":{"('0239-D-2004', 0)":"PROYECTO DE LEY","('0239-D-2004', 1)":null},"Iniciado en: ":{"('0239-D-2004', 0)":"Diputados","('0239-D-2004', 1)":null},"Expediente Diputados: ":{"('0239-D-2004', 0)":"0239-D-2004","('0239-D-2004', 1)":null},"Publicado en: ":{"('0239-D-2004', 0)":"Tr\u00e1mite Parlamentario N\u00b0 3","('0239-D-2004', 1)":null},"Fecha: ":{"('0239-D-2004', 0)":"03\/03\/2004","('0239-D-2004', 1)":null},"T\u00edtulo":{"('0239-D-2004', 0)":"CREACION DE LA COMISION BICAMERAL PERMANENTE DE CONTROL DEL BANCO CENTRAL DE LA REPUBLICA ARGENTINA.","('0239-D-2004', 1)":null},"('Firmantes', 'FIRMANTE')":{"('0239-D-2004', 0)":"TANONI, ENRIQUE","('0239-D-2004', 1)":null},"('Firmantes', 'DISTRITO')":{"('0239-D-2004', 0)":"SALTA","('0239-D-2004', 1)":null},"('Firmantes', 'BLOQUE')":{"('0239-D-2004', 0)":"JUSTICIALISTA","('0239-D-2004', 1)":null},"('Giros', 'COMISI\u00d3N')":{"('0239-D-2004', 0)":"FINANZAS","('0239-D-2004', 1)":"PETICIONES, PODERES Y REGLAMENTO"},"Sumario":{"('0239-D-2004', 0)":"INTEGRACION; FACULTADES; INCOMPATIBILIDADES.","('0239-D-2004', 1)":null},"Palabra Clave":{"('0239-D-2004', 0)":" ","('0239-D-2004', 1)":null}}