{"Tipo de Proyecto":{"('0240-S-2004', 0)":"PROYECTO DE LEY"},"Iniciado en: ":{"('0240-S-2004', 0)":"Senado"},"Expediente Senado: ":{"('0240-S-2004', 0)":"0240-S-2004"},"Publicado en: ":{"('0240-S-2004', 0)":"Diario de Asuntos Entrados N\u00b0 19"},"Fecha: ":{"('0240-S-2004', 0)":"08\/03\/2004"},"T\u00edtulo":{"('0240-S-2004', 0)":"DECLARAR CONJUNTO HISTORICO URBANO ARQUITECTONICO NACIONAL AL AREA BANCARIA DE LA CIUDAD AUTONOMA DE BUENOS AIRES."},"('Firmantes', 'FIRMANTE')":{"('0240-S-2004', 0)":"FALCO, LUIS ALBERTO"},"('Firmantes', 'DISTRITO')":{"('0240-S-2004', 0)":"RIO NEGRO"},"('Firmantes', 'BLOQUE')":{"('0240-S-2004', 0)":"RADICAL RIONEGRINO"},"Sumario":{"('0240-S-2004', 0)":"INSCRIPCION EN EL REGISTRO NACIONAL DE BIENES HISTORICOS E HISTORICOS ARTISTICOS."},"Palabra Clave":{"('0240-S-2004', 0)":" "}}