{"Tipo de Proyecto":{"('0241-S-2004', 0)":"COMUNICACION","('0241-S-2004', 1)":null,"('0241-S-2004', 2)":null,"('0241-S-2004', 3)":null},"Iniciado en: ":{"('0241-S-2004', 0)":"Senado","('0241-S-2004', 1)":null,"('0241-S-2004', 2)":null,"('0241-S-2004', 3)":null},"Expediente Senado: ":{"('0241-S-2004', 0)":"0241-S-2004","('0241-S-2004', 1)":null,"('0241-S-2004', 2)":null,"('0241-S-2004', 3)":null},"Publicado en: ":{"('0241-S-2004', 0)":"Diario de Asuntos Entrados N\u00b0 20","('0241-S-2004', 1)":null,"('0241-S-2004', 2)":null,"('0241-S-2004', 3)":null},"Fecha: ":{"('0241-S-2004', 0)":"09\/03\/2004","('0241-S-2004', 1)":null,"('0241-S-2004', 2)":null,"('0241-S-2004', 3)":null},"T\u00edtulo":{"('0241-S-2004', 0)":"SOLICITAR AL PODER EJECUTIVO DISPONGA LAS MEDIDAS CORRECTIVAS EN DEFENSA DE USUARIOS Y CONSUMIDORES ANTE EL AUMENTO DE PRECIOS EN ALIMENTOS, SERVICIOS PUBLICOS, Y MEDICINA PREPAGA.","('0241-S-2004', 1)":null,"('0241-S-2004', 2)":null,"('0241-S-2004', 3)":null},"('Firmantes', 'FIRMANTE')":{"('0241-S-2004', 0)":"ZAVALIA, JOSE LUIS","('0241-S-2004', 1)":"MORALES, GERARDO RUBEN","('0241-S-2004', 2)":"ARANCIO, MONICA","('0241-S-2004', 3)":"LOSADA, MARIO A."},"('Firmantes', 'DISTRITO')":{"('0241-S-2004', 0)":"SANTIAGO DEL ESTERO","('0241-S-2004', 1)":"JUJUY","('0241-S-2004', 2)":"JUJUY","('0241-S-2004', 3)":"MISIONES"},"('Firmantes', 'BLOQUE')":{"('0241-S-2004', 0)":"UCR","('0241-S-2004', 1)":"FRENTE CIVICO JUJE\u00d1O","('0241-S-2004', 2)":"FRENTE CIVICO JUJE\u00d1O","('0241-S-2004', 3)":"UCR"},"('Tramites', 'C\u00c1MARA')":{"('0241-S-2004', 0)":"Senado","('0241-S-2004', 1)":"Senado","('0241-S-2004', 2)":null,"('0241-S-2004', 3)":null},"('Tramites', 'MOVIMIENTO')":{"('0241-S-2004', 0)":"CONSIDERACION Y APROBACION","('0241-S-2004', 1)":"CONTESTACION DEL PODER EJECUTIVO NACIONAL - GIRADO A LA COMISION RESPECTIVA","('0241-S-2004', 2)":null,"('0241-S-2004', 3)":null},"('Tramites', 'FECHA')":{"('0241-S-2004', 0)":"23\/06\/2004","('0241-S-2004', 1)":null,"('0241-S-2004', 2)":null,"('0241-S-2004', 3)":null},"('Tramites', 'RESULTADO')":{"('0241-S-2004', 0)":"APROBADO","('0241-S-2004', 1)":null,"('0241-S-2004', 2)":null,"('0241-S-2004', 3)":null},"Link":{"('0241-S-2004', 0)":"http:\/\/www.senado.gov.ar\/parlamentario\/comisiones\/verExp\/241.04\/S\/PC","('0241-S-2004', 1)":null,"('0241-S-2004', 2)":null,"('0241-S-2004', 3)":null},"Palabra Clave":{"('0241-S-2004', 0)":" ","('0241-S-2004', 1)":null,"('0241-S-2004', 2)":null,"('0241-S-2004', 3)":null}}