{"Tipo de Proyecto":{"('0243-D-2004', 0)":"PROYECTO DE RESOLUCI\u00d3N","('0243-D-2004', 1)":null,"('0243-D-2004', 2)":null,"('0243-D-2004', 3)":null,"('0243-D-2004', 4)":null,"('0243-D-2004', 5)":null,"('0243-D-2004', 6)":null},"Iniciado en: ":{"('0243-D-2004', 0)":"Diputados","('0243-D-2004', 1)":null,"('0243-D-2004', 2)":null,"('0243-D-2004', 3)":null,"('0243-D-2004', 4)":null,"('0243-D-2004', 5)":null,"('0243-D-2004', 6)":null},"Expediente Diputados: ":{"('0243-D-2004', 0)":"0243-D-2004","('0243-D-2004', 1)":null,"('0243-D-2004', 2)":null,"('0243-D-2004', 3)":null,"('0243-D-2004', 4)":null,"('0243-D-2004', 5)":null,"('0243-D-2004', 6)":null},"Publicado en: ":{"('0243-D-2004', 0)":"Tr\u00e1mite Parlamentario N\u00b0 3","('0243-D-2004', 1)":null,"('0243-D-2004', 2)":null,"('0243-D-2004', 3)":null,"('0243-D-2004', 4)":null,"('0243-D-2004', 5)":null,"('0243-D-2004', 6)":null},"Fecha: ":{"('0243-D-2004', 0)":"03\/03\/2004","('0243-D-2004', 1)":null,"('0243-D-2004', 2)":null,"('0243-D-2004', 3)":null,"('0243-D-2004', 4)":null,"('0243-D-2004', 5)":null,"('0243-D-2004', 6)":null},"T\u00edtulo":{"('0243-D-2004', 0)":"PEDIDO DE INFORMES AL PODER EJECUTIVO SOBRE LAS DEMORAS EN LA TRAMITACION DE EXPEDIENTES DE PROYECTOS DE INVERSION DEL REGIMEN DE PROMOCION DE PLANTACIONES FORESTALES.","('0243-D-2004', 1)":null,"('0243-D-2004', 2)":null,"('0243-D-2004', 3)":null,"('0243-D-2004', 4)":null,"('0243-D-2004', 5)":null,"('0243-D-2004', 6)":null},"('Firmantes', 'FIRMANTE')":{"('0243-D-2004', 0)":"CANTEROS, GUSTAVO JESUS ADOLFO","('0243-D-2004', 1)":"PRUYAS, TOMAS RUBEN","('0243-D-2004', 2)":"PERIE, HUGO RUBEN","('0243-D-2004', 3)":"MENDEZ DE FERREYRA, ARACELI ESTELA","('0243-D-2004', 4)":"BREARD, NOEL EUGENIO","('0243-D-2004', 5)":"MACCHI, CARLOS GUILLERMO","('0243-D-2004', 6)":"LUGO DE GONZALEZ CABA\u00d1AS, CECILIA"},"('Firmantes', 'DISTRITO')":{"('0243-D-2004', 0)":"CORRIENTES","('0243-D-2004', 1)":"CORRIENTES","('0243-D-2004', 2)":"CORRIENTES","('0243-D-2004', 3)":"CORRIENTES","('0243-D-2004', 4)":"CORRIENTES","('0243-D-2004', 5)":"CORRIENTES","('0243-D-2004', 6)":"CORRIENTES"},"('Firmantes', 'BLOQUE')":{"('0243-D-2004', 0)":"PROYECTO CORRIENTES","('0243-D-2004', 1)":"JUSTICIALISTA","('0243-D-2004', 2)":"JUSTICIALISTA","('0243-D-2004', 3)":"CONVERGENCIA","('0243-D-2004', 4)":"UCR","('0243-D-2004', 5)":"PARTIDO NUEVO","('0243-D-2004', 6)":"JUSTICIALISTA"},"('Giros', 'COMISI\u00d3N')":{"('0243-D-2004', 0)":"AGRICULTURA Y GANADERIA","('0243-D-2004', 1)":"INDUSTRIA","('0243-D-2004', 2)":null,"('0243-D-2004', 3)":null,"('0243-D-2004', 4)":null,"('0243-D-2004', 5)":null,"('0243-D-2004', 6)":null},"('Tramites', 'C\u00c1MARA')":{"('0243-D-2004', 0)":"Diputados","('0243-D-2004', 1)":"Diputados","('0243-D-2004', 2)":null,"('0243-D-2004', 3)":null,"('0243-D-2004', 4)":null,"('0243-D-2004', 5)":null,"('0243-D-2004', 6)":null},"('Tramites', 'MOVIMIENTO')":{"('0243-D-2004', 0)":"CONSIDERACION Y APROBACION","('0243-D-2004', 1)":"CONTESTACION DEL PODER EJECUTIVO NACIONAL - JEFE DE GABINETE DE MINISTROS - GIRADO A LA COMISION RESPECTIVA","('0243-D-2004', 2)":null,"('0243-D-2004', 3)":null,"('0243-D-2004', 4)":null,"('0243-D-2004', 5)":null,"('0243-D-2004', 6)":null},"('Tramites', 'FECHA')":{"('0243-D-2004', 0)":"09\/06\/2004","('0243-D-2004', 1)":"04\/05\/2005","('0243-D-2004', 2)":null,"('0243-D-2004', 3)":null,"('0243-D-2004', 4)":null,"('0243-D-2004', 5)":null,"('0243-D-2004', 6)":null},"('Tramites', 'RESULTADO')":{"('0243-D-2004', 0)":"APROBADO","('0243-D-2004', 1)":null,"('0243-D-2004', 2)":null,"('0243-D-2004', 3)":null,"('0243-D-2004', 4)":null,"('0243-D-2004', 5)":null,"('0243-D-2004', 6)":null},"Palabra Clave":{"('0243-D-2004', 0)":" ","('0243-D-2004', 1)":null,"('0243-D-2004', 2)":null,"('0243-D-2004', 3)":null,"('0243-D-2004', 4)":null,"('0243-D-2004', 5)":null,"('0243-D-2004', 6)":null}}