{"Tipo de Proyecto":{"('0243-S-2004', 0)":"COMUNICACION"},"Iniciado en: ":{"('0243-S-2004', 0)":"Senado"},"Expediente Senado: ":{"('0243-S-2004', 0)":"0243-S-2004"},"Publicado en: ":{"('0243-S-2004', 0)":"Diario de Asuntos Entrados N\u00b0 20"},"Fecha: ":{"('0243-S-2004', 0)":"09\/03\/2004"},"T\u00edtulo":{"('0243-S-2004', 0)":"PEDIDO DE INFORMES AL PODER EJECUTIVO SOBRE IRREGULARIDADES EN LA GESTION DE LA EMPRESA CAMUZZI GAS DEL SUR, DISTRIBUIDORA DE GAS NATURAL EN LA REGION PATAGONICA."},"('Firmantes', 'FIRMANTE')":{"('0243-S-2004', 0)":"GUINLE, MARCELO ALEJANDRO"},"('Firmantes', 'DISTRITO')":{"('0243-S-2004', 0)":"CHUBUT"},"('Firmantes', 'BLOQUE')":{"('0243-S-2004', 0)":"JUSTICIALISTA"},"('Tramites', 'C\u00c1MARA')":{"('0243-S-2004', 0)":"Senado"},"('Tramites', 'MOVIMIENTO')":{"('0243-S-2004', 0)":"APROBACION ARTICULO 106, PARRAFO 3 DEL REGLAMENTO DEL H SENADO"},"('Tramites', 'FECHA')":{"('0243-S-2004', 0)":"07\/07\/2004"},"('Tramites', 'RESULTADO')":{"('0243-S-2004', 0)":"APROBADO"},"Link":{"('0243-S-2004', 0)":"http:\/\/www.senado.gov.ar\/parlamentario\/comisiones\/verExp\/243.04\/S\/PC"},"Palabra Clave":{"('0243-S-2004', 0)":" "}}