{"Tipo de Proyecto":{"('0244-S-2004', 0)":"COMUNICACION"},"Iniciado en: ":{"('0244-S-2004', 0)":"Senado"},"Expediente Senado: ":{"('0244-S-2004', 0)":"0244-S-2004"},"Publicado en: ":{"('0244-S-2004', 0)":"Diario de Asuntos Entrados N\u00b0 20"},"Fecha: ":{"('0244-S-2004', 0)":"09\/03\/2004"},"T\u00edtulo":{"('0244-S-2004', 0)":"SOLICITAR AL PODER EJECUTIVO DISPONGA LAS MEDIDAS NECESARIAS PARA MEJORAR LAS PRESTACIONES MEDICO ASISTENCIALES DEL PAMI, EN LA PROVINCIA DE CHUBUT."},"('Firmantes', 'FIRMANTE')":{"('0244-S-2004', 0)":"GUINLE, MARCELO ALEJANDRO"},"('Firmantes', 'DISTRITO')":{"('0244-S-2004', 0)":"CHUBUT"},"('Firmantes', 'BLOQUE')":{"('0244-S-2004', 0)":"JUSTICIALISTA"},"Link":{"('0244-S-2004', 0)":"http:\/\/www.senado.gov.ar\/parlamentario\/comisiones\/verExp\/244.04\/S\/PC"},"Palabra Clave":{"('0244-S-2004', 0)":" "}}