{"Tipo de Proyecto":{"('0245-D-2004', 0)":"PROYECTO DE LEY","('0245-D-2004', 1)":null,"('0245-D-2004', 2)":null,"('0245-D-2004', 3)":null,"('0245-D-2004', 4)":null,"('0245-D-2004', 5)":null,"('0245-D-2004', 6)":null,"('0245-D-2004', 7)":null,"('0245-D-2004', 8)":null},"Iniciado en: ":{"('0245-D-2004', 0)":"Diputados","('0245-D-2004', 1)":null,"('0245-D-2004', 2)":null,"('0245-D-2004', 3)":null,"('0245-D-2004', 4)":null,"('0245-D-2004', 5)":null,"('0245-D-2004', 6)":null,"('0245-D-2004', 7)":null,"('0245-D-2004', 8)":null},"Expediente Diputados: ":{"('0245-D-2004', 0)":"0245-D-2004","('0245-D-2004', 1)":null,"('0245-D-2004', 2)":null,"('0245-D-2004', 3)":null,"('0245-D-2004', 4)":null,"('0245-D-2004', 5)":null,"('0245-D-2004', 6)":null,"('0245-D-2004', 7)":null,"('0245-D-2004', 8)":null},"Publicado en: ":{"('0245-D-2004', 0)":"Tr\u00e1mite Parlamentario N\u00b0 3","('0245-D-2004', 1)":null,"('0245-D-2004', 2)":null,"('0245-D-2004', 3)":null,"('0245-D-2004', 4)":null,"('0245-D-2004', 5)":null,"('0245-D-2004', 6)":null,"('0245-D-2004', 7)":null,"('0245-D-2004', 8)":null},"Fecha: ":{"('0245-D-2004', 0)":"03\/03\/2004","('0245-D-2004', 1)":null,"('0245-D-2004', 2)":null,"('0245-D-2004', 3)":null,"('0245-D-2004', 4)":null,"('0245-D-2004', 5)":null,"('0245-D-2004', 6)":null,"('0245-D-2004', 7)":null,"('0245-D-2004', 8)":null},"T\u00edtulo":{"('0245-D-2004', 0)":"MODIFICACION DEL CODIGO PROCESAL PENAL DE LA NACION, SOBRE EXCARCELACION.","('0245-D-2004', 1)":null,"('0245-D-2004', 2)":null,"('0245-D-2004', 3)":null,"('0245-D-2004', 4)":null,"('0245-D-2004', 5)":null,"('0245-D-2004', 6)":null,"('0245-D-2004', 7)":null,"('0245-D-2004', 8)":null},"('Firmantes', 'FIRMANTE')":{"('0245-D-2004', 0)":"MALDONADO, AIDA","('0245-D-2004', 1)":"LEONELLI, MARIA SILVINA","('0245-D-2004', 2)":"GARIN DE TULA, LUCIA","('0245-D-2004', 3)":"PANZONI, PATRICIA ESTER","('0245-D-2004', 4)":"FERRIN, MARIA TERESA","('0245-D-2004', 5)":"ABDALA, JOSEFINA","('0245-D-2004', 6)":"LEYBA DE MARTI, BEATRIZ","('0245-D-2004', 7)":null,"('0245-D-2004', 8)":null},"('Firmantes', 'DISTRITO')":{"('0245-D-2004', 0)":"CATAMARCA","('0245-D-2004', 1)":"CORDOBA","('0245-D-2004', 2)":"CATAMARCA","('0245-D-2004', 3)":"BUENOS AIRES","('0245-D-2004', 4)":"JUJUY","('0245-D-2004', 5)":"MENDOZA","('0245-D-2004', 6)":"CORDOBA","('0245-D-2004', 7)":null,"('0245-D-2004', 8)":null},"('Firmantes', 'BLOQUE')":{"('0245-D-2004', 0)":"FRENTE CIVICO Y SOCIAL DE CATAMARCA","('0245-D-2004', 1)":"UCR","('0245-D-2004', 2)":"FRENTE CIVICO Y SOCIAL DE CATAMARCA","('0245-D-2004', 3)":"UCR","('0245-D-2004', 4)":"UCR","('0245-D-2004', 5)":"UCR","('0245-D-2004', 6)":"UCR","('0245-D-2004', 7)":null,"('0245-D-2004', 8)":null},"('Giros', 'COMISI\u00d3N')":{"('0245-D-2004', 0)":"LEGISLACION PENAL","('0245-D-2004', 1)":null,"('0245-D-2004', 2)":null,"('0245-D-2004', 3)":null,"('0245-D-2004', 4)":null,"('0245-D-2004', 5)":null,"('0245-D-2004', 6)":null,"('0245-D-2004', 7)":null,"('0245-D-2004', 8)":null},"('Tramites', 'C\u00c1MARA')":{"('0245-D-2004', 0)":"Diputados","('0245-D-2004', 1)":"Diputados","('0245-D-2004', 2)":"Diputados","('0245-D-2004', 3)":"Diputados","('0245-D-2004', 4)":"Diputados","('0245-D-2004', 5)":"Diputados","('0245-D-2004', 6)":"Senado","('0245-D-2004', 7)":"Senado","('0245-D-2004', 8)":"Senado"},"('Tramites', 'MOVIMIENTO')":{"('0245-D-2004', 0)":"MOCION DE TRATAMIENTO EN CONJUNTO CON OTRAS INICIATIVAS (AFIRMATIVA) CONJUNTAMENTE PARA LOS EXPEDIENTES 6131-D-2003, 0006-CD-2004, 0245-D-2004 y 0259-D-2004","('0245-D-2004', 1)":"MOCION SOBRE TABLAS (NEGATIVA) CONJUNTAMENTE PARA LOS EXPEDIENTES 6131-D-2003, 0006-CD-2004, 0245-D-2004 y 0259-D-2004","('0245-D-2004', 2)":"CITACION SESION ESPECIAL CONJUNTAMENTE PARA LOS EXPEDIENTES 6131-D-2003, 0006-CD-2004, 0245-D-2004 y 0259-D-2004","('0245-D-2004', 3)":"MOCION SOBRE TABLAS (AFIRMATIVA) CONJUNTAMENTE PARA LOS EXPEDIENTES 6131-D-2003, 0006-CD-2004, 0245-D-2004 y 0259-D-2004","('0245-D-2004', 4)":"CONSIDERACION Y APROBACION CON MODIFICACIONES (VOTACIONES NOMINALES) CONJUNTAMENTE PARA LOS EXPEDIENTES 6131-D-2003, 0006-CD-2004, 0245-D-2004 y 0259-D-2004","('0245-D-2004', 5)":"INSERCIONES DE LOS DIPUTADOS BARBAGELATA, FALBO, MALDONADO, TULIO Y WALSH. CONJUNTAMENTE PARA LOS EXPEDIENTES 6131-D-2003, 0006-CD-2004, 0245-D-2004 y 0259-D-2004","('0245-D-2004', 6)":"PASA A SENADO - CONJUNTAMENTE PARA LOS EXPEDIENTES 6131-D-2003, 0006-CD-2004, 0245-D-2004 y 0259-D-2004","('0245-D-2004', 7)":"MOCION SOBRE TABLAS (AFIRMATIVA) CONJUNTAMENTE PARA LOS EXPEDIENTES 6131-D-2003, 0006-CD-2004, 0245-D-2004 y 0259-D-2004","('0245-D-2004', 8)":"CONSIDERACION Y SANCION CONJUNTAMENTE PARA LOS EXPEDIENTES 6131-D-2003, 0006-CD-2004, 0245-D-2004 y 0259-D-2004"},"('Tramites', 'FECHA')":{"('0245-D-2004', 0)":"28\/04\/2004","('0245-D-2004', 1)":"28\/04\/2004","('0245-D-2004', 2)":"29\/04\/2004","('0245-D-2004', 3)":"29\/04\/2004","('0245-D-2004', 4)":"29\/04\/2004","('0245-D-2004', 5)":"29\/04\/2004","('0245-D-2004', 6)":null,"('0245-D-2004', 7)":"05\/05\/2004","('0245-D-2004', 8)":"05\/05\/2004"},"('Tramites', 'RESULTADO')":{"('0245-D-2004', 0)":null,"('0245-D-2004', 1)":null,"('0245-D-2004', 2)":null,"('0245-D-2004', 3)":null,"('0245-D-2004', 4)":"MEDIA SANCION","('0245-D-2004', 5)":null,"('0245-D-2004', 6)":null,"('0245-D-2004', 7)":null,"('0245-D-2004', 8)":"SANCIONADO"},"Sumario":{"('0245-D-2004', 0)":"INCORPORACION DE UN PARRAFO AL ARTICULO 316, LIBRO II, CAPITULO VII EXENCION DE PRISION. EXCARCELACION (EL JUEZ NO ESTA FACULTADO EN LOS CASOS DE LOS DELITOS COMPRENDIDOS EN LOS ARTICULOS 119, 120 Y 124 DEL CODIGO PENAL); INCORPORACION DEL INCISO 6) AL ARTICULO 317 LIBRO II TITULO IV SITUACION DEL IMPUTADO (NO PODRA OTORGARSE EL BENEFICIO DE LA EXCARCELACION A LOS IMPUTADOS DE LOS DELITOS COMPRENDIDOS EN LOS ARTICULOS 119, 120 Y 124 DEL CODIGO PENAL; MODIFICACION DEL ARTICULO 119 DEL CODIGO PENAL (DELITOS CONTRA LA INTEGRIDAD SEXUAL); MODIFICACION DEL ARTICULO 124 (RECLUSION O PRISION PERPETUA PARA DELITOS DE ABUSO SEXUAL SEGUIDO DE MUERTE)","('0245-D-2004', 1)":null,"('0245-D-2004', 2)":null,"('0245-D-2004', 3)":null,"('0245-D-2004', 4)":null,"('0245-D-2004', 5)":null,"('0245-D-2004', 6)":null,"('0245-D-2004', 7)":null,"('0245-D-2004', 8)":null},"Palabra Clave":{"('0245-D-2004', 0)":" ","('0245-D-2004', 1)":null,"('0245-D-2004', 2)":null,"('0245-D-2004', 3)":null,"('0245-D-2004', 4)":null,"('0245-D-2004', 5)":null,"('0245-D-2004', 6)":null,"('0245-D-2004', 7)":null,"('0245-D-2004', 8)":null}}