{"Tipo de Proyecto":{"('0249-D-2004', 0)":"PROYECTO DE LEY"},"Iniciado en: ":{"('0249-D-2004', 0)":"Diputados"},"Expediente Diputados: ":{"('0249-D-2004', 0)":"0249-D-2004"},"Publicado en: ":{"('0249-D-2004', 0)":"Tr\u00e1mite Parlamentario N\u00b0 3"},"Fecha: ":{"('0249-D-2004', 0)":"03\/03\/2004"},"T\u00edtulo":{"('0249-D-2004', 0)":"INCORPORACION DEL ARTICULO 15 BIS AL DECRETO - LEY 6582\/58, DE REGISTRO DE AUTOMOTORES, SOBRE LOS ADQUIRENTES DE BUENA FE Y A TITULO ONEROSO DE UN AUTOMOTOR."},"('Firmantes', 'FIRMANTE')":{"('0249-D-2004', 0)":"LEONELLI, MARIA SILVINA"},"('Firmantes', 'DISTRITO')":{"('0249-D-2004', 0)":"CORDOBA"},"('Firmantes', 'BLOQUE')":{"('0249-D-2004', 0)":"UCR"},"('Giros', 'COMISI\u00d3N')":{"('0249-D-2004', 0)":"LEGISLACION GENERAL"},"Palabra Clave":{"('0249-D-2004', 0)":" "}}