{"Tipo de Proyecto":{"('0250-D-2004', 0)":"PROYECTO DE RESOLUCI\u00d3N","('0250-D-2004', 1)":null,"('0250-D-2004', 2)":null},"Iniciado en: ":{"('0250-D-2004', 0)":"Diputados","('0250-D-2004', 1)":null,"('0250-D-2004', 2)":null},"Expediente Diputados: ":{"('0250-D-2004', 0)":"0250-D-2004","('0250-D-2004', 1)":null,"('0250-D-2004', 2)":null},"Publicado en: ":{"('0250-D-2004', 0)":"Tr\u00e1mite Parlamentario N\u00b0 3","('0250-D-2004', 1)":null,"('0250-D-2004', 2)":null},"Fecha: ":{"('0250-D-2004', 0)":"03\/03\/2004","('0250-D-2004', 1)":null,"('0250-D-2004', 2)":null},"T\u00edtulo":{"('0250-D-2004', 0)":"PEDIDO DE INFORMES AL PODER EJECUTIVO SOBRE LAS CAUSAS INICIADAS CONTRA LA REPUBLICA ARGENTINA EN ORGANISMOS INTERNACIONALES, NUMERO DE LAS MISMAS, MONTOS RECLAMADOS.","('0250-D-2004', 1)":null,"('0250-D-2004', 2)":null},"('Firmantes', 'FIRMANTE')":{"('0250-D-2004', 0)":"LEONELLI, MARIA SILVINA","('0250-D-2004', 1)":null,"('0250-D-2004', 2)":null},"('Firmantes', 'DISTRITO')":{"('0250-D-2004', 0)":"CORDOBA","('0250-D-2004', 1)":null,"('0250-D-2004', 2)":null},"('Firmantes', 'BLOQUE')":{"('0250-D-2004', 0)":"UCR","('0250-D-2004', 1)":null,"('0250-D-2004', 2)":null},"('Giros', 'COMISI\u00d3N')":{"('0250-D-2004', 0)":"PRESUPUESTO Y HACIENDA","('0250-D-2004', 1)":"FINANZAS","('0250-D-2004', 2)":"RELACIONES EXTERIORES Y CULTO"},"Palabra Clave":{"('0250-D-2004', 0)":" ","('0250-D-2004', 1)":null,"('0250-D-2004', 2)":null}}