{"Tipo de Proyecto":{"('0253-S-2004', 0)":"PROYECTO DE LEY","('0253-S-2004', 1)":null,"('0253-S-2004', 2)":null,"('0253-S-2004', 3)":null,"('0253-S-2004', 4)":null,"('0253-S-2004', 5)":null},"Iniciado en: ":{"('0253-S-2004', 0)":"Senado","('0253-S-2004', 1)":null,"('0253-S-2004', 2)":null,"('0253-S-2004', 3)":null,"('0253-S-2004', 4)":null,"('0253-S-2004', 5)":null},"Expediente Diputados: ":{"('0253-S-2004', 0)":"0253-S-2004","('0253-S-2004', 1)":null,"('0253-S-2004', 2)":null,"('0253-S-2004', 3)":null,"('0253-S-2004', 4)":null,"('0253-S-2004', 5)":null},"Expediente Senado: ":{"('0253-S-2004', 0)":"4302-S-2004","('0253-S-2004', 1)":null,"('0253-S-2004', 2)":null,"('0253-S-2004', 3)":null,"('0253-S-2004', 4)":null,"('0253-S-2004', 5)":null},"Publicado en: ":{"('0253-S-2004', 0)":"Diario de Asuntos Entrados N\u00b0 248","('0253-S-2004', 1)":null,"('0253-S-2004', 2)":null,"('0253-S-2004', 3)":null,"('0253-S-2004', 4)":null,"('0253-S-2004', 5)":null},"Fecha: ":{"('0253-S-2004', 0)":"10\/12\/2004","('0253-S-2004', 1)":null,"('0253-S-2004', 2)":null,"('0253-S-2004', 3)":null,"('0253-S-2004', 4)":null,"('0253-S-2004', 5)":null},"T\u00edtulo":{"('0253-S-2004', 0)":"DECLARAR ZONA DE DESASTRE Y EMERGENCIA ECONOMICA Y SOCIAL A LOS DEPARTAMENTOS DE O'HIGGINS, 9 DE JULIO, SAN LORENZO E INDEPENDENCIA EN LA PROVINCIA DE CHACO","('0253-S-2004', 1)":null,"('0253-S-2004', 2)":null,"('0253-S-2004', 3)":null,"('0253-S-2004', 4)":null,"('0253-S-2004', 5)":null},"('Firmantes', 'FIRMANTE')":{"('0253-S-2004', 0)":"CURLETTI, MIRIAM BELEN","('0253-S-2004', 1)":null,"('0253-S-2004', 2)":null,"('0253-S-2004', 3)":null,"('0253-S-2004', 4)":null,"('0253-S-2004', 5)":null},"('Firmantes', 'DISTRITO')":{"('0253-S-2004', 0)":"CHACO","('0253-S-2004', 1)":null,"('0253-S-2004', 2)":null,"('0253-S-2004', 3)":null,"('0253-S-2004', 4)":null,"('0253-S-2004', 5)":null},"('Firmantes', 'BLOQUE')":{"('0253-S-2004', 0)":"UCR","('0253-S-2004', 1)":null,"('0253-S-2004', 2)":null,"('0253-S-2004', 3)":null,"('0253-S-2004', 4)":null,"('0253-S-2004', 5)":null},"('Giros', 'COMISI\u00d3N')":{"('0253-S-2004', 0)":"AGRICULTURA Y GANADERIA","('0253-S-2004', 1)":"ECONOMIAS Y DESARROLLO REGIONAL","('0253-S-2004', 2)":"PRESUPUESTO Y HACIENDA","('0253-S-2004', 3)":null,"('0253-S-2004', 4)":null,"('0253-S-2004', 5)":null},"('Tramites', 'C\u00c1MARA')":{"('0253-S-2004', 0)":"Senado","('0253-S-2004', 1)":"Senado","('0253-S-2004', 2)":"Diputados","('0253-S-2004', 3)":"Diputados","('0253-S-2004', 4)":"Diputados","('0253-S-2004', 5)":"Diputados"},"('Tramites', 'MOVIMIENTO')":{"('0253-S-2004', 0)":"MOCION SOBRE TABLAS (AFIRMATIVA)","('0253-S-2004', 1)":"CONSIDERACION Y APROBACION CON MODIFICACIONES","('0253-S-2004', 2)":"PASA A DIPUTADOS -","('0253-S-2004', 3)":"MOCION SOBRE TABLAS (AFIRMATIVA)","('0253-S-2004', 4)":"SOLICITUD DEL DIPUTADO ROMERO QUE EL PROYECTO 7883-D-2004 SE TRATE EN CONJUNTO CON EL VENIDO EN REVISION (NO SE VOTA)","('0253-S-2004', 5)":"CONSIDERACION Y SANCION"},"('Tramites', 'FECHA')":{"('0253-S-2004', 0)":"16\/12\/2004","('0253-S-2004', 1)":"16\/12\/2004","('0253-S-2004', 2)":null,"('0253-S-2004', 3)":"16\/12\/2004","('0253-S-2004', 4)":"16\/12\/2004","('0253-S-2004', 5)":"16\/12\/2004"},"('Tramites', 'RESULTADO')":{"('0253-S-2004', 0)":null,"('0253-S-2004', 1)":"MEDIA SANCION","('0253-S-2004', 2)":null,"('0253-S-2004', 3)":null,"('0253-S-2004', 4)":null,"('0253-S-2004', 5)":"SANCIONADO"},"Link":{"('0253-S-2004', 0)":"http:\/\/www.senado.gov.ar\/parlamentario\/comisiones\/verExp\/4302.04\/S\/PL","('0253-S-2004', 1)":null,"('0253-S-2004', 2)":null,"('0253-S-2004', 3)":null,"('0253-S-2004', 4)":null,"('0253-S-2004', 5)":null},"Palabra Clave":{"('0253-S-2004', 0)":" ","('0253-S-2004', 1)":null,"('0253-S-2004', 2)":null,"('0253-S-2004', 3)":null,"('0253-S-2004', 4)":null,"('0253-S-2004', 5)":null}}