{"Tipo de Proyecto":{"('0255-S-2004', 0)":"PROYECTO DE LEY"},"Iniciado en: ":{"('0255-S-2004', 0)":"Senado"},"Expediente Senado: ":{"('0255-S-2004', 0)":"0255-S-2004"},"Publicado en: ":{"('0255-S-2004', 0)":"Diario de Asuntos Entrados N\u00b0 20"},"Fecha: ":{"('0255-S-2004', 0)":"09\/03\/2004"},"T\u00edtulo":{"('0255-S-2004', 0)":"SISTEMA INTEGRADO DE JUBILACIONES Y PENSIONES DE LOS INSTRUCTORES Y ENTRENADORES DE ESQUI Y SNOWBOARD."},"('Firmantes', 'FIRMANTE')":{"('0255-S-2004', 0)":"FALCO, LUIS ALBERTO"},"('Firmantes', 'DISTRITO')":{"('0255-S-2004', 0)":"RIO NEGRO"},"('Firmantes', 'BLOQUE')":{"('0255-S-2004', 0)":"RADICAL RIONEGRINO"},"Sumario":{"('0255-S-2004', 0)":"QUEDARAN SUJETOS A LAS DISPOSICIONES DE LA LEY 24241 CON CATEGORIA DE AUTONOMOS; APORTES DE LOS TRABAJADORES EN EL MARCO DE LO DISPUESTO POR DECRETO 433\/94 Y MODIFICATORIOS."},"Palabra Clave":{"('0255-S-2004', 0)":" "}}