{"Tipo de Proyecto":{"('0258-S-2004', 0)":"PROYECTO DE RESOLUCI\u00d3N","('0258-S-2004', 1)":null,"('0258-S-2004', 2)":null},"Iniciado en: ":{"('0258-S-2004', 0)":"Senado","('0258-S-2004', 1)":null,"('0258-S-2004', 2)":null},"Expediente Diputados: ":{"('0258-S-2004', 0)":"0258-S-2004","('0258-S-2004', 1)":null,"('0258-S-2004', 2)":null},"Expediente Senado: ":{"('0258-S-2004', 0)":"0228-OVD-2003","('0258-S-2004', 1)":null,"('0258-S-2004', 2)":null},"Fecha: ":{"('0258-S-2004', 0)":"01\/11\/2004","('0258-S-2004', 1)":null,"('0258-S-2004', 2)":null},"T\u00edtulo":{"('0258-S-2004', 0)":"DICTAMEN EN LA RESPUESTA REMITIDA POR LA JEFATURA DE GABINETE DE MINISTRO EN RELACION A LA RESOLUCION 0167-S-02 (0316-OV-00) APROBADA POR EL H CONGRESO NACIONAL SOBRE LOS ESTADOS FINANCIEROS DEL PROGRAMA FEDERAL DE LA MUJER, CONVENIO DE PRESTAMO 1133\/OC-AR BID.","('0258-S-2004', 1)":null,"('0258-S-2004', 2)":null},"('Firmantes', 'FIRMANTE')":{"('0258-S-2004', 0)":"PARLAMENTARIA MIXTA REVISORA DE CUENTAS","('0258-S-2004', 1)":null,"('0258-S-2004', 2)":null},"('Firmantes', 'DISTRITO')":{"('0258-S-2004', 0)":null,"('0258-S-2004', 1)":null,"('0258-S-2004', 2)":null},"('Firmantes', 'BLOQUE')":{"('0258-S-2004', 0)":null,"('0258-S-2004', 1)":null,"('0258-S-2004', 2)":null},"('Giros', 'COMISI\u00d3N')":{"('0258-S-2004', 0)":"PARLAMENTARIA MIXTA REVISORA DE CUENTAS","('0258-S-2004', 1)":null,"('0258-S-2004', 2)":null},"('Tramites', 'C\u00c1MARA')":{"('0258-S-2004', 0)":"Senado","('0258-S-2004', 1)":"Diputados","('0258-S-2004', 2)":"Diputados"},"('Tramites', 'MOVIMIENTO')":{"('0258-S-2004', 0)":"CONSIDERACION Y APROBACION","('0258-S-2004', 1)":"PASA A DIPUTADOS -","('0258-S-2004', 2)":"CONSIDERACION Y APROBACION"},"('Tramites', 'FECHA')":{"('0258-S-2004', 0)":"01\/12\/2004","('0258-S-2004', 1)":null,"('0258-S-2004', 2)":"16\/03\/2005"},"('Tramites', 'RESULTADO')":{"('0258-S-2004', 0)":"APROBADO","('0258-S-2004', 1)":null,"('0258-S-2004', 2)":"APROBADO"},"Sumario":{"('0258-S-2004', 0)":"DIRIGIRSE AL PODER EJECUTIVO SOLICITANDO LA REGULARIZACION DE LAS SITUACIONES QUE AFECTAN LA CONFIABILIDAD DE LA INFORMACION CORRESPONDIENTE ASI COMO DETERMINAR LAS RESPONSABILIDADES DE LAS SITUACIONES PUESTAS DE MANIFIESTO POR LA AGN.","('0258-S-2004', 1)":null,"('0258-S-2004', 2)":null},"Palabra Clave":{"('0258-S-2004', 0)":" ","('0258-S-2004', 1)":null,"('0258-S-2004', 2)":null}}