{"Tipo de Proyecto":{"('0261-S-2004', 0)":"PROYECTO DE RESOLUCI\u00d3N","('0261-S-2004', 1)":null,"('0261-S-2004', 2)":null,"('0261-S-2004', 3)":null},"Iniciado en: ":{"('0261-S-2004', 0)":"Senado","('0261-S-2004', 1)":null,"('0261-S-2004', 2)":null,"('0261-S-2004', 3)":null},"Expediente Diputados: ":{"('0261-S-2004', 0)":"0261-S-2004","('0261-S-2004', 1)":null,"('0261-S-2004', 2)":null,"('0261-S-2004', 3)":null},"Expediente Senado: ":{"('0261-S-2004', 0)":"0492-OV-2003","('0261-S-2004', 1)":null,"('0261-S-2004', 2)":null,"('0261-S-2004', 3)":null},"Fecha: ":{"('0261-S-2004', 0)":"01\/11\/2004","('0261-S-2004', 1)":null,"('0261-S-2004', 2)":null,"('0261-S-2004', 3)":null},"T\u00edtulo":{"('0261-S-2004', 0)":"PEDIDO DE INFORMES AL PODER EJECUTIVO SOBRE RESOLUCION REMITIDA POR LA AUDITORIA GENERAL DE LA NACION SOBRE LOS ESTADOS FINANCIEROS AL 31 DE DICIEMBRE DE 2002 DEL \"PROYECTO DE SANEAMIENTO AMBIENTAL Y CONTROL DE LAS INUNDACIONES EN LA CUENCA DEL RIO RECONQUISTA\" - CONTRATOS DE PRESTAMO 797\/OC-AR BID Y AR-PI OECF.","('0261-S-2004', 1)":null,"('0261-S-2004', 2)":null,"('0261-S-2004', 3)":null},"('Firmantes', 'FIRMANTE')":{"('0261-S-2004', 0)":"PARLAMENTARIA MIXTA REVISORA DE CUENTAS","('0261-S-2004', 1)":null,"('0261-S-2004', 2)":null,"('0261-S-2004', 3)":null},"('Firmantes', 'DISTRITO')":{"('0261-S-2004', 0)":null,"('0261-S-2004', 1)":null,"('0261-S-2004', 2)":null,"('0261-S-2004', 3)":null},"('Firmantes', 'BLOQUE')":{"('0261-S-2004', 0)":null,"('0261-S-2004', 1)":null,"('0261-S-2004', 2)":null,"('0261-S-2004', 3)":null},"('Giros', 'COMISI\u00d3N')":{"('0261-S-2004', 0)":"PARLAMENTARIA MIXTA REVISORA DE CUENTAS","('0261-S-2004', 1)":null,"('0261-S-2004', 2)":null,"('0261-S-2004', 3)":null},"('Tramites', 'C\u00c1MARA')":{"('0261-S-2004', 0)":"Senado","('0261-S-2004', 1)":"Diputados","('0261-S-2004', 2)":"Diputados","('0261-S-2004', 3)":"Diputados"},"('Tramites', 'MOVIMIENTO')":{"('0261-S-2004', 0)":"CONSIDERACION Y APROBACION","('0261-S-2004', 1)":"PASA A DIPUTADOS -","('0261-S-2004', 2)":"CONSIDERACION Y APROBACION","('0261-S-2004', 3)":"CONTESTACION DEL PODER EJECUTIVO NACIONAL - JEFE DE GABINETE DE MINISTROS - GIRADO A LA COMISION RESPECTIVA"},"('Tramites', 'FECHA')":{"('0261-S-2004', 0)":"01\/12\/2004","('0261-S-2004', 1)":null,"('0261-S-2004', 2)":"16\/03\/2005","('0261-S-2004', 3)":"14\/12\/2005"},"('Tramites', 'RESULTADO')":{"('0261-S-2004', 0)":"APROBADO","('0261-S-2004', 1)":null,"('0261-S-2004', 2)":"APROBADO","('0261-S-2004', 3)":null},"Link":{"('0261-S-2004', 0)":"http:\/\/www.senado.gov.ar\/parlamentario\/comisiones\/verExp\/492.03\/OV\/PR","('0261-S-2004', 1)":null,"('0261-S-2004', 2)":null,"('0261-S-2004', 3)":null},"Palabra Clave":{"('0261-S-2004', 0)":" ","('0261-S-2004', 1)":null,"('0261-S-2004', 2)":null,"('0261-S-2004', 3)":null}}