{"Tipo de Proyecto":{"('0263-S-2004', 0)":"PROYECTO DE RESOLUCI\u00d3N","('0263-S-2004', 1)":null,"('0263-S-2004', 2)":null,"('0263-S-2004', 3)":null},"Iniciado en: ":{"('0263-S-2004', 0)":"Senado","('0263-S-2004', 1)":null,"('0263-S-2004', 2)":null,"('0263-S-2004', 3)":null},"Expediente Diputados: ":{"('0263-S-2004', 0)":"0263-S-2004","('0263-S-2004', 1)":null,"('0263-S-2004', 2)":null,"('0263-S-2004', 3)":null},"Expediente Senado: ":{"('0263-S-2004', 0)":"0462-OV-2003","('0263-S-2004', 1)":null,"('0263-S-2004', 2)":null,"('0263-S-2004', 3)":null},"Fecha: ":{"('0263-S-2004', 0)":"01\/11\/2004","('0263-S-2004', 1)":null,"('0263-S-2004', 2)":null,"('0263-S-2004', 3)":null},"T\u00edtulo":{"('0263-S-2004', 0)":"PEDIDO DE INFORMES AL PODER EJECUTIVO SOBRE RESOLUCION REMITIDA POR LA AUDITORIA GENERAL DE LA NACION SOBRE LOS ESTADOS FINANCIEROS AL 31 DE DICIEMBRE DE 2002 CORRESPONDIENTES AL \"PROGRAMA DE REFORMA DE LA EDUCACION SUPERIOR TECNICA NO UNIVERSITARIA\" - CONTRATO DE PRESTAMO 1060\/OC-AR BID.","('0263-S-2004', 1)":null,"('0263-S-2004', 2)":null,"('0263-S-2004', 3)":null},"('Firmantes', 'FIRMANTE')":{"('0263-S-2004', 0)":"PARLAMENTARIA MIXTA REVISORA DE CUENTAS","('0263-S-2004', 1)":null,"('0263-S-2004', 2)":null,"('0263-S-2004', 3)":null},"('Firmantes', 'DISTRITO')":{"('0263-S-2004', 0)":null,"('0263-S-2004', 1)":null,"('0263-S-2004', 2)":null,"('0263-S-2004', 3)":null},"('Firmantes', 'BLOQUE')":{"('0263-S-2004', 0)":null,"('0263-S-2004', 1)":null,"('0263-S-2004', 2)":null,"('0263-S-2004', 3)":null},"('Giros', 'COMISI\u00d3N')":{"('0263-S-2004', 0)":"PARLAMENTARIA MIXTA REVISORA DE CUENTAS","('0263-S-2004', 1)":null,"('0263-S-2004', 2)":null,"('0263-S-2004', 3)":null},"('Tramites', 'C\u00c1MARA')":{"('0263-S-2004', 0)":"Senado","('0263-S-2004', 1)":"Diputados","('0263-S-2004', 2)":"Diputados","('0263-S-2004', 3)":"Diputados"},"('Tramites', 'MOVIMIENTO')":{"('0263-S-2004', 0)":"CONSIDERACION Y APROBACION","('0263-S-2004', 1)":"PASA A DIPUTADOS -","('0263-S-2004', 2)":"CONSIDERACION Y APROBACION","('0263-S-2004', 3)":"CONTESTACION DEL PODER EJECUTIVO NACIONAL - JEFE DE GABINETE DE MINISTROS - GIRADO A LA COMISION RESPECTIVA"},"('Tramites', 'FECHA')":{"('0263-S-2004', 0)":"01\/12\/2004","('0263-S-2004', 1)":null,"('0263-S-2004', 2)":"16\/03\/2005","('0263-S-2004', 3)":"14\/03\/2007"},"('Tramites', 'RESULTADO')":{"('0263-S-2004', 0)":"APROBADO","('0263-S-2004', 1)":null,"('0263-S-2004', 2)":"APROBADO","('0263-S-2004', 3)":null},"Link":{"('0263-S-2004', 0)":"http:\/\/www.senado.gov.ar\/parlamentario\/comisiones\/verExp\/462.03\/OV\/PR","('0263-S-2004', 1)":null,"('0263-S-2004', 2)":null,"('0263-S-2004', 3)":null},"Palabra Clave":{"('0263-S-2004', 0)":" ","('0263-S-2004', 1)":null,"('0263-S-2004', 2)":null,"('0263-S-2004', 3)":null}}