{"Tipo de Proyecto":{"('0265-S-2004', 0)":"PROYECTO DE RESOLUCI\u00d3N","('0265-S-2004', 1)":null,"('0265-S-2004', 2)":null},"Iniciado en: ":{"('0265-S-2004', 0)":"Senado","('0265-S-2004', 1)":null,"('0265-S-2004', 2)":null},"Expediente Diputados: ":{"('0265-S-2004', 0)":"0265-S-2004","('0265-S-2004', 1)":null,"('0265-S-2004', 2)":null},"Expediente Senado: ":{"('0265-S-2004', 0)":"0319-OVD-2002","('0265-S-2004', 1)":null,"('0265-S-2004', 2)":null},"Fecha: ":{"('0265-S-2004', 0)":"01\/11\/2004","('0265-S-2004', 1)":null,"('0265-S-2004', 2)":null},"T\u00edtulo":{"('0265-S-2004', 0)":"DICTAMEN EN LA RESPUESTA REMITIDA POR LA JEFATURA DE GABINETE DE MINISTROS EN RELACION A LA RESOLUCION 0228-S-01 (0094-OV-00) APROBADA POR EL HONORABLE CONGRESO SOBRE ESTADOS FINANCIEROS DEL PROGRAMA MULTISECTORIAL DE PREINVERSION, CONTRATO DE PRESTAMO 740\/OC-AR BID.","('0265-S-2004', 1)":null,"('0265-S-2004', 2)":null},"('Firmantes', 'FIRMANTE')":{"('0265-S-2004', 0)":"PARLAMENTARIA MIXTA REVISORA DE CUENTAS","('0265-S-2004', 1)":null,"('0265-S-2004', 2)":null},"('Firmantes', 'DISTRITO')":{"('0265-S-2004', 0)":null,"('0265-S-2004', 1)":null,"('0265-S-2004', 2)":null},"('Firmantes', 'BLOQUE')":{"('0265-S-2004', 0)":null,"('0265-S-2004', 1)":null,"('0265-S-2004', 2)":null},"('Giros', 'COMISI\u00d3N')":{"('0265-S-2004', 0)":"PARLAMENTARIA MIXTA REVISORA DE CUENTAS","('0265-S-2004', 1)":null,"('0265-S-2004', 2)":null},"('Tramites', 'C\u00c1MARA')":{"('0265-S-2004', 0)":"Senado","('0265-S-2004', 1)":"Diputados","('0265-S-2004', 2)":"Diputados"},"('Tramites', 'MOVIMIENTO')":{"('0265-S-2004', 0)":"CONSIDERACION Y APROBACION","('0265-S-2004', 1)":"PASA A DIPUTADOS -","('0265-S-2004', 2)":"CONSIDERACION Y APROBACION"},"('Tramites', 'FECHA')":{"('0265-S-2004', 0)":"01\/12\/2004","('0265-S-2004', 1)":null,"('0265-S-2004', 2)":"16\/03\/2005"},"('Tramites', 'RESULTADO')":{"('0265-S-2004', 0)":"APROBADO","('0265-S-2004', 1)":null,"('0265-S-2004', 2)":"APROBADO"},"Sumario":{"('0265-S-2004', 0)":"SOLICITAR INFORMES AL PODER EJECUTIVO SOBRE LAS MEDIDAS ADOPTADAS A FINES DE REGULARIZAR LAS SITUACIONES OBSERVADAS POR LA AUDITORIA GENERAL DE LA NACION, Y CUANTIFICAR EL PERJUICIO FISCAL QUE PUDIERA HABERSE PRODUCIDO A RAIZ DE LAS SITUACIONES OBSERVADAS Y EFECTIVIZAR LAS RESPONSABILIDADES CORRESPONDIENTES.","('0265-S-2004', 1)":null,"('0265-S-2004', 2)":null},"Palabra Clave":{"('0265-S-2004', 0)":" ","('0265-S-2004', 1)":null,"('0265-S-2004', 2)":null}}