{"Tipo de Proyecto":{"('0266-S-2004', 0)":"PROYECTO DE RESOLUCI\u00d3N","('0266-S-2004', 1)":null,"('0266-S-2004', 2)":null,"('0266-S-2004', 3)":null,"('0266-S-2004', 4)":null},"Iniciado en: ":{"('0266-S-2004', 0)":"Senado","('0266-S-2004', 1)":null,"('0266-S-2004', 2)":null,"('0266-S-2004', 3)":null,"('0266-S-2004', 4)":null},"Expediente Diputados: ":{"('0266-S-2004', 0)":"0266-S-2004","('0266-S-2004', 1)":null,"('0266-S-2004', 2)":null,"('0266-S-2004', 3)":null,"('0266-S-2004', 4)":null},"Expediente Senado: ":{"('0266-S-2004', 0)":"0200-OV-2003","('0266-S-2004', 1)":null,"('0266-S-2004', 2)":null,"('0266-S-2004', 3)":null,"('0266-S-2004', 4)":null},"Fecha: ":{"('0266-S-2004', 0)":"01\/11\/2004","('0266-S-2004', 1)":null,"('0266-S-2004', 2)":null,"('0266-S-2004', 3)":null,"('0266-S-2004', 4)":null},"T\u00edtulo":{"('0266-S-2004', 0)":"PEDIDO DE INFORMES AL PODER EJECUTIVO SOBRE RESOLUCION REMITIDA POR LA AUDITORIA GENERAL DE LA NACION ACERCA DE UNA AUDITORIA DE GESTION (0200-OV-03) Y DESCARGO (0209-OV-03), EN EL AMBITO DEL INSTITUTO NACIONAL DE CINE Y ARTES AUDIOVISUALES (INCAA).","('0266-S-2004', 1)":null,"('0266-S-2004', 2)":null,"('0266-S-2004', 3)":null,"('0266-S-2004', 4)":null},"('Firmantes', 'FIRMANTE')":{"('0266-S-2004', 0)":"PARLAMENTARIA MIXTA REVISORA DE CUENTAS","('0266-S-2004', 1)":null,"('0266-S-2004', 2)":null,"('0266-S-2004', 3)":null,"('0266-S-2004', 4)":null},"('Firmantes', 'DISTRITO')":{"('0266-S-2004', 0)":null,"('0266-S-2004', 1)":null,"('0266-S-2004', 2)":null,"('0266-S-2004', 3)":null,"('0266-S-2004', 4)":null},"('Firmantes', 'BLOQUE')":{"('0266-S-2004', 0)":null,"('0266-S-2004', 1)":null,"('0266-S-2004', 2)":null,"('0266-S-2004', 3)":null,"('0266-S-2004', 4)":null},"('Giros', 'COMISI\u00d3N')":{"('0266-S-2004', 0)":"PARLAMENTARIA MIXTA REVISORA DE CUENTAS","('0266-S-2004', 1)":null,"('0266-S-2004', 2)":null,"('0266-S-2004', 3)":null,"('0266-S-2004', 4)":null},"('Tramites', 'C\u00c1MARA')":{"('0266-S-2004', 0)":"Senado","('0266-S-2004', 1)":"Diputados","('0266-S-2004', 2)":"Diputados","('0266-S-2004', 3)":"Diputados","('0266-S-2004', 4)":"Diputados"},"('Tramites', 'MOVIMIENTO')":{"('0266-S-2004', 0)":"CONSIDERACION Y APROBACION","('0266-S-2004', 1)":"PASA A DIPUTADOS -","('0266-S-2004', 2)":"CONSIDERACION Y APROBACION","('0266-S-2004', 3)":"CONTESTACION DEL PODER EJECUTIVO NACIONAL - JEFE DE GABINETE DE MINISTROS - GIRADO A LA COMISION RESPECTIVA","('0266-S-2004', 4)":"CONTESTACION DEL PODER EJECUTIVO NACIONAL - JEFE DE GABINETE DE MINISTROS - GIRADO A LA COMISION RESPECTIVA"},"('Tramites', 'FECHA')":{"('0266-S-2004', 0)":"01\/12\/2004","('0266-S-2004', 1)":null,"('0266-S-2004', 2)":"16\/03\/2005","('0266-S-2004', 3)":"19\/04\/2006","('0266-S-2004', 4)":"29\/11\/2006"},"('Tramites', 'RESULTADO')":{"('0266-S-2004', 0)":"APROBADO","('0266-S-2004', 1)":null,"('0266-S-2004', 2)":"APROBADO","('0266-S-2004', 3)":null,"('0266-S-2004', 4)":null},"Link":{"('0266-S-2004', 0)":"http:\/\/www.senado.gov.ar\/parlamentario\/comisiones\/verExp\/200.03\/OV\/PR","('0266-S-2004', 1)":null,"('0266-S-2004', 2)":null,"('0266-S-2004', 3)":null,"('0266-S-2004', 4)":null},"Palabra Clave":{"('0266-S-2004', 0)":" ","('0266-S-2004', 1)":null,"('0266-S-2004', 2)":null,"('0266-S-2004', 3)":null,"('0266-S-2004', 4)":null}}