{"Tipo de Proyecto":{"('0272-S-2004', 0)":"PROYECTO DE LEY"},"Iniciado en: ":{"('0272-S-2004', 0)":"Senado"},"Expediente Senado: ":{"('0272-S-2004', 0)":"0272-S-2004"},"Publicado en: ":{"('0272-S-2004', 0)":"Diario de Asuntos Entrados N\u00b0 22"},"Fecha: ":{"('0272-S-2004', 0)":"09\/03\/2004"},"T\u00edtulo":{"('0272-S-2004', 0)":"DISPONER LA REALIZACION DE UNA CAMPA\u00d1A DE INFORMACION CONTRA EL ABUSO DE NI\u00d1OS Y ADOLESCENTES (REPRODUCCION DEL EXPEDIENTE 1096-S-02)."},"('Firmantes', 'FIRMANTE')":{"('0272-S-2004', 0)":"ARANCIO, MONICA"},"('Firmantes', 'DISTRITO')":{"('0272-S-2004', 0)":"JUJUY"},"('Firmantes', 'BLOQUE')":{"('0272-S-2004', 0)":"FRENTE CIVICO JUJE\u00d1O"},"Link":{"('0272-S-2004', 0)":"http:\/\/www.senado.gov.ar\/parlamentario\/comisiones\/verExp\/272.04\/S\/PL"},"Palabra Clave":{"('0272-S-2004', 0)":" "}}