{"Tipo de Proyecto":{"('0274-S-2004', 0)":"PROYECTO DE RESOLUCI\u00d3N","('0274-S-2004', 1)":null,"('0274-S-2004', 2)":null,"('0274-S-2004', 3)":null,"('0274-S-2004', 4)":null},"Iniciado en: ":{"('0274-S-2004', 0)":"Senado","('0274-S-2004', 1)":null,"('0274-S-2004', 2)":null,"('0274-S-2004', 3)":null,"('0274-S-2004', 4)":null},"Expediente Diputados: ":{"('0274-S-2004', 0)":"0274-S-2004","('0274-S-2004', 1)":null,"('0274-S-2004', 2)":null,"('0274-S-2004', 3)":null,"('0274-S-2004', 4)":null},"Expediente Senado: ":{"('0274-S-2004', 0)":"0372-OV-2003","('0274-S-2004', 1)":null,"('0274-S-2004', 2)":null,"('0274-S-2004', 3)":null,"('0274-S-2004', 4)":null},"Fecha: ":{"('0274-S-2004', 0)":"22\/11\/2004","('0274-S-2004', 1)":null,"('0274-S-2004', 2)":null,"('0274-S-2004', 3)":null,"('0274-S-2004', 4)":null},"T\u00edtulo":{"('0274-S-2004', 0)":"PEDIDO DE INFORMES AL PODER EJECUTIVO SOBRE RESOLUCION REMITIDA POR LA AUDITORIA GENERAL DE LA NACION REFERENTE A ENDEUDAMIENTO Y DEFICIT DE LA ADMINISTRACION NACIONAL, PERIODO 1999\/2001.","('0274-S-2004', 1)":null,"('0274-S-2004', 2)":null,"('0274-S-2004', 3)":null,"('0274-S-2004', 4)":null},"('Firmantes', 'FIRMANTE')":{"('0274-S-2004', 0)":"PARLAMENTARIA MIXTA REVISORA DE CUENTAS","('0274-S-2004', 1)":null,"('0274-S-2004', 2)":null,"('0274-S-2004', 3)":null,"('0274-S-2004', 4)":null},"('Firmantes', 'DISTRITO')":{"('0274-S-2004', 0)":null,"('0274-S-2004', 1)":null,"('0274-S-2004', 2)":null,"('0274-S-2004', 3)":null,"('0274-S-2004', 4)":null},"('Firmantes', 'BLOQUE')":{"('0274-S-2004', 0)":null,"('0274-S-2004', 1)":null,"('0274-S-2004', 2)":null,"('0274-S-2004', 3)":null,"('0274-S-2004', 4)":null},"('Giros', 'COMISI\u00d3N')":{"('0274-S-2004', 0)":"PARLAMENTARIA MIXTA REVISORA DE CUENTAS","('0274-S-2004', 1)":null,"('0274-S-2004', 2)":null,"('0274-S-2004', 3)":null,"('0274-S-2004', 4)":null},"('Tramites', 'C\u00c1MARA')":{"('0274-S-2004', 0)":"Senado","('0274-S-2004', 1)":"Diputados","('0274-S-2004', 2)":"Diputados","('0274-S-2004', 3)":"Diputados","('0274-S-2004', 4)":"Diputados"},"('Tramites', 'MOVIMIENTO')":{"('0274-S-2004', 0)":"CONSIDERACION Y APROBACION","('0274-S-2004', 1)":"PASA A DIPUTADOS -","('0274-S-2004', 2)":"CONSIDERACION Y APROBACION","('0274-S-2004', 3)":"CONTESTACION DEL PODER EJECUTIVO NACIONAL - JEFE DE GABINETE DE MINISTROS - GIRADO A LA COMISION RESPECTIVA","('0274-S-2004', 4)":"CONTESTACION DEL PODER EJECUTIVO NACIONAL - JEFE DE GABINETE DE MINISTROS - GIRADO A LA COMISION RESPECTIVA"},"('Tramites', 'FECHA')":{"('0274-S-2004', 0)":"16\/12\/2004","('0274-S-2004', 1)":null,"('0274-S-2004', 2)":"16\/03\/2005","('0274-S-2004', 3)":"29\/11\/2006","('0274-S-2004', 4)":"14\/03\/2007"},"('Tramites', 'RESULTADO')":{"('0274-S-2004', 0)":"APROBADO","('0274-S-2004', 1)":null,"('0274-S-2004', 2)":"APROBADO","('0274-S-2004', 3)":null,"('0274-S-2004', 4)":null},"Link":{"('0274-S-2004', 0)":"http:\/\/www.senado.gov.ar\/parlamentario\/comisiones\/verExp\/372.03\/OV\/PR","('0274-S-2004', 1)":null,"('0274-S-2004', 2)":null,"('0274-S-2004', 3)":null,"('0274-S-2004', 4)":null},"Palabra Clave":{"('0274-S-2004', 0)":" ","('0274-S-2004', 1)":null,"('0274-S-2004', 2)":null,"('0274-S-2004', 3)":null,"('0274-S-2004', 4)":null}}