{"Tipo de Proyecto":{"('0276-S-2004', 0)":"PROYECTO DE RESOLUCI\u00d3N","('0276-S-2004', 1)":null,"('0276-S-2004', 2)":null,"('0276-S-2004', 3)":null},"Iniciado en: ":{"('0276-S-2004', 0)":"Senado","('0276-S-2004', 1)":null,"('0276-S-2004', 2)":null,"('0276-S-2004', 3)":null},"Expediente Diputados: ":{"('0276-S-2004', 0)":"0276-S-2004","('0276-S-2004', 1)":null,"('0276-S-2004', 2)":null,"('0276-S-2004', 3)":null},"Expediente Senado: ":{"('0276-S-2004', 0)":"0419-OV-2003","('0276-S-2004', 1)":null,"('0276-S-2004', 2)":null,"('0276-S-2004', 3)":null},"Fecha: ":{"('0276-S-2004', 0)":"22\/11\/2004","('0276-S-2004', 1)":null,"('0276-S-2004', 2)":null,"('0276-S-2004', 3)":null},"T\u00edtulo":{"('0276-S-2004', 0)":"PEDIDO DE INFORMES AL PODER EJECUTIVO SOBRE RESOLUCION REMITIDA POR LA AUDITORIA GENERAL DE LA NACION REFERENTE A LOS ESTADOS FINANCIEROS AL 31 DE DICIEMBRE DE 2002 DEL PROYECTO PNUD NUMERO ARG126\/99\/004 PROYECTO DE ASISTENCIA TECNICA PARA ATENDER LA PROBLEMATICA DEL A\u00d1O 2000.","('0276-S-2004', 1)":null,"('0276-S-2004', 2)":null,"('0276-S-2004', 3)":null},"('Firmantes', 'FIRMANTE')":{"('0276-S-2004', 0)":"PARLAMENTARIA MIXTA REVISORA DE CUENTAS","('0276-S-2004', 1)":null,"('0276-S-2004', 2)":null,"('0276-S-2004', 3)":null},"('Firmantes', 'DISTRITO')":{"('0276-S-2004', 0)":null,"('0276-S-2004', 1)":null,"('0276-S-2004', 2)":null,"('0276-S-2004', 3)":null},"('Firmantes', 'BLOQUE')":{"('0276-S-2004', 0)":null,"('0276-S-2004', 1)":null,"('0276-S-2004', 2)":null,"('0276-S-2004', 3)":null},"('Giros', 'COMISI\u00d3N')":{"('0276-S-2004', 0)":"PARLAMENTARIA MIXTA REVISORA DE CUENTAS","('0276-S-2004', 1)":null,"('0276-S-2004', 2)":null,"('0276-S-2004', 3)":null},"('Tramites', 'C\u00c1MARA')":{"('0276-S-2004', 0)":"Senado","('0276-S-2004', 1)":"Diputados","('0276-S-2004', 2)":"Diputados","('0276-S-2004', 3)":"Diputados"},"('Tramites', 'MOVIMIENTO')":{"('0276-S-2004', 0)":"CONSIDERACION Y APROBACION","('0276-S-2004', 1)":"PASA A DIPUTADOS -","('0276-S-2004', 2)":"CONSIDERACION Y APROBACION","('0276-S-2004', 3)":"CONTESTACION DEL PODER EJECUTIVO NACIONAL - JEFE DE GABINETE DE MINISTROS - GIRADO A LA COMISION RESPECTIVA"},"('Tramites', 'FECHA')":{"('0276-S-2004', 0)":"16\/12\/2004","('0276-S-2004', 1)":null,"('0276-S-2004', 2)":"16\/03\/2005","('0276-S-2004', 3)":"10\/08\/2005"},"('Tramites', 'RESULTADO')":{"('0276-S-2004', 0)":"APROBADO","('0276-S-2004', 1)":null,"('0276-S-2004', 2)":"APROBADO","('0276-S-2004', 3)":null},"Link":{"('0276-S-2004', 0)":"http:\/\/www.senado.gov.ar\/parlamentario\/comisiones\/verExp\/419.03\/OV\/PR","('0276-S-2004', 1)":null,"('0276-S-2004', 2)":null,"('0276-S-2004', 3)":null},"Palabra Clave":{"('0276-S-2004', 0)":" ","('0276-S-2004', 1)":null,"('0276-S-2004', 2)":null,"('0276-S-2004', 3)":null}}