{"Tipo de Proyecto":{"('0278-S-2004', 0)":"PROYECTO DE RESOLUCI\u00d3N","('0278-S-2004', 1)":null,"('0278-S-2004', 2)":null},"Iniciado en: ":{"('0278-S-2004', 0)":"Senado","('0278-S-2004', 1)":null,"('0278-S-2004', 2)":null},"Expediente Diputados: ":{"('0278-S-2004', 0)":"0278-S-2004","('0278-S-2004', 1)":null,"('0278-S-2004', 2)":null},"Expediente Senado: ":{"('0278-S-2004', 0)":"0438-OV-2003","('0278-S-2004', 1)":null,"('0278-S-2004', 2)":null},"Fecha: ":{"('0278-S-2004', 0)":"22\/11\/2004","('0278-S-2004', 1)":null,"('0278-S-2004', 2)":null},"T\u00edtulo":{"('0278-S-2004', 0)":"PEDIDO DE INFORMES AL PODER EJECUTIVO SOBRE RESOLUCION REMITIDA POR LA AUDITORIA GENERAL DE LA NACION REFERENTE A LOS ESTADOS FINANCIEROS AL 31 DE DICIEMBRE DE 2002 CORRESPONDIENTES A LA CARTA ACUERDO DE LA DONACION TF 28372 PARA EL PROYECTO DE CONSERVACION DE LA BIODIVERSIDAD.","('0278-S-2004', 1)":null,"('0278-S-2004', 2)":null},"('Firmantes', 'FIRMANTE')":{"('0278-S-2004', 0)":"PARLAMENTARIA MIXTA REVISORA DE CUENTAS","('0278-S-2004', 1)":null,"('0278-S-2004', 2)":null},"('Firmantes', 'DISTRITO')":{"('0278-S-2004', 0)":null,"('0278-S-2004', 1)":null,"('0278-S-2004', 2)":null},"('Firmantes', 'BLOQUE')":{"('0278-S-2004', 0)":null,"('0278-S-2004', 1)":null,"('0278-S-2004', 2)":null},"('Giros', 'COMISI\u00d3N')":{"('0278-S-2004', 0)":"PARLAMENTARIA MIXTA REVISORA DE CUENTAS","('0278-S-2004', 1)":null,"('0278-S-2004', 2)":null},"('Tramites', 'C\u00c1MARA')":{"('0278-S-2004', 0)":"Senado","('0278-S-2004', 1)":"Diputados","('0278-S-2004', 2)":"Diputados"},"('Tramites', 'MOVIMIENTO')":{"('0278-S-2004', 0)":"CONSIDERACION Y APROBACION","('0278-S-2004', 1)":"PASA A DIPUTADOS -","('0278-S-2004', 2)":"CONSIDERACION Y APROBACION"},"('Tramites', 'FECHA')":{"('0278-S-2004', 0)":"16\/12\/2004","('0278-S-2004', 1)":null,"('0278-S-2004', 2)":"16\/03\/2005"},"('Tramites', 'RESULTADO')":{"('0278-S-2004', 0)":"APROBADO","('0278-S-2004', 1)":null,"('0278-S-2004', 2)":"APROBADO"},"Link":{"('0278-S-2004', 0)":"http:\/\/www.senado.gov.ar\/parlamentario\/comisiones\/verExp\/438.03\/OV\/PR","('0278-S-2004', 1)":null,"('0278-S-2004', 2)":null},"Palabra Clave":{"('0278-S-2004', 0)":" ","('0278-S-2004', 1)":null,"('0278-S-2004', 2)":null}}