{"Tipo de Proyecto":{"('0280-S-2004', 0)":"PROYECTO DE RESOLUCI\u00d3N","('0280-S-2004', 1)":null,"('0280-S-2004', 2)":null,"('0280-S-2004', 3)":null},"Iniciado en: ":{"('0280-S-2004', 0)":"Senado","('0280-S-2004', 1)":null,"('0280-S-2004', 2)":null,"('0280-S-2004', 3)":null},"Expediente Diputados: ":{"('0280-S-2004', 0)":"0280-S-2004","('0280-S-2004', 1)":null,"('0280-S-2004', 2)":null,"('0280-S-2004', 3)":null},"Expediente Senado: ":{"('0280-S-2004', 0)":"0448-OVD-2001","('0280-S-2004', 1)":null,"('0280-S-2004', 2)":null,"('0280-S-2004', 3)":null},"Fecha: ":{"('0280-S-2004', 0)":"01\/12\/2004","('0280-S-2004', 1)":null,"('0280-S-2004', 2)":null,"('0280-S-2004', 3)":null},"T\u00edtulo":{"('0280-S-2004', 0)":"DICTAMEN EN LAS RESPUESTAS REMITIDAS POR JEFE DE GABINETE DE MINISTROS EN RELACION A LA RESOLUCION APROBADA POR LA H CAMARA (0177-S-00), SOBRE: A) LAS MEDIDAS ADOPTADAS CON EL OBJETO DE REGULARIZAR LAS OBSERVACIONES EFECTUADAS POR LA AUDITORIA GENERAL DE LA NACION RESPECTO DEL PROCESO DE CONSOLIDACION DE DEUDA PUBLICA DE LA CONTRALORIA GENERAL NAVAL RESPECTO DEL BANCO FEIGIN SA Y B) SOBRE LAS MEDIDAS ADOPTADAS A LOS FINES LA DETERMINACION DE LOS EVENTUALES PERJUICIOS AL ERARIO QUE PUDIERAN HABERSE DERIVADO DE LAS SITUACIONES OBSERVADAS, ASI COMO LA DETERMINACION Y EFECTIVIZACION DE LAS RESPONSABILIDADES QUE PUDIERAN CORRESPONDER A DICHO CASO (0448-OVD-01, 1134-OV-02 Y 0593-OV-03).","('0280-S-2004', 1)":null,"('0280-S-2004', 2)":null,"('0280-S-2004', 3)":null},"('Firmantes', 'FIRMANTE')":{"('0280-S-2004', 0)":"PARLAMENTARIA MIXTA REVISORA DE CUENTAS","('0280-S-2004', 1)":null,"('0280-S-2004', 2)":null,"('0280-S-2004', 3)":null},"('Firmantes', 'DISTRITO')":{"('0280-S-2004', 0)":null,"('0280-S-2004', 1)":null,"('0280-S-2004', 2)":null,"('0280-S-2004', 3)":null},"('Firmantes', 'BLOQUE')":{"('0280-S-2004', 0)":null,"('0280-S-2004', 1)":null,"('0280-S-2004', 2)":null,"('0280-S-2004', 3)":null},"('Giros', 'COMISI\u00d3N')":{"('0280-S-2004', 0)":"PARLAMENTARIA MIXTA REVISORA DE CUENTAS","('0280-S-2004', 1)":null,"('0280-S-2004', 2)":null,"('0280-S-2004', 3)":null},"('Tramites', 'C\u00c1MARA')":{"('0280-S-2004', 0)":"Senado","('0280-S-2004', 1)":"Diputados","('0280-S-2004', 2)":"Diputados","('0280-S-2004', 3)":"Diputados"},"('Tramites', 'MOVIMIENTO')":{"('0280-S-2004', 0)":"CONSIDERACION Y APROBACION","('0280-S-2004', 1)":"PASA A DIPUTADOS -","('0280-S-2004', 2)":"CONSIDERACION Y APROBACION","('0280-S-2004', 3)":"CONTESTACION DEL PODER EJECUTIVO NACIONAL - JEFE DE GABINETE DE MINISTROS - GIRADO A LA COMISION RESPECTIVA"},"('Tramites', 'FECHA')":{"('0280-S-2004', 0)":"16\/12\/2004","('0280-S-2004', 1)":null,"('0280-S-2004', 2)":"16\/03\/2005","('0280-S-2004', 3)":"19\/04\/2006"},"('Tramites', 'RESULTADO')":{"('0280-S-2004', 0)":"APROBADO","('0280-S-2004', 1)":null,"('0280-S-2004', 2)":"APROBADO","('0280-S-2004', 3)":null},"Sumario":{"('0280-S-2004', 0)":"DIRIGIRSE A LA FISCALIA NACIONAL DE INVESTIGACIONES ADMINISTRATIVAS Y COMUNICACION AL PODER EJECUTIVO NACIONAL Y A LA AGN.","('0280-S-2004', 1)":null,"('0280-S-2004', 2)":null,"('0280-S-2004', 3)":null},"Palabra Clave":{"('0280-S-2004', 0)":" ","('0280-S-2004', 1)":null,"('0280-S-2004', 2)":null,"('0280-S-2004', 3)":null}}