{"Tipo de Proyecto":{"('0282-S-2004', 0)":"MENSAJE NRO: 0072\/05 Y PROYECTO DE LEY","('0282-S-2004', 1)":null,"('0282-S-2004', 2)":null,"('0282-S-2004', 3)":null,"('0282-S-2004', 4)":null,"('0282-S-2004', 5)":null,"('0282-S-2004', 6)":null},"Iniciado en: ":{"('0282-S-2004', 0)":"Senado","('0282-S-2004', 1)":null,"('0282-S-2004', 2)":null,"('0282-S-2004', 3)":null,"('0282-S-2004', 4)":null,"('0282-S-2004', 5)":null,"('0282-S-2004', 6)":null},"Expediente Diputados: ":{"('0282-S-2004', 0)":"0282-S-2004","('0282-S-2004', 1)":null,"('0282-S-2004', 2)":null,"('0282-S-2004', 3)":null,"('0282-S-2004', 4)":null,"('0282-S-2004', 5)":null,"('0282-S-2004', 6)":null},"Expediente Senado: ":{"('0282-S-2004', 0)":"0914-PE-2004","('0282-S-2004', 1)":null,"('0282-S-2004', 2)":null,"('0282-S-2004', 3)":null,"('0282-S-2004', 4)":null,"('0282-S-2004', 5)":null,"('0282-S-2004', 6)":null},"Publicado en: ":{"('0282-S-2004', 0)":"Diario de Asuntos Entrados N\u00b0 259","('0282-S-2004', 1)":null,"('0282-S-2004', 2)":null,"('0282-S-2004', 3)":null,"('0282-S-2004', 4)":null,"('0282-S-2004', 5)":null,"('0282-S-2004', 6)":null},"Fecha: ":{"('0282-S-2004', 0)":"03\/02\/2005","('0282-S-2004', 1)":null,"('0282-S-2004', 2)":null,"('0282-S-2004', 3)":null,"('0282-S-2004', 4)":null,"('0282-S-2004', 5)":null,"('0282-S-2004', 6)":null},"T\u00edtulo":{"('0282-S-2004', 0)":"REGIMEN AL QUE QUEDARAN SUJETOS LOS BONOS EMITIDOS POR EL ESTADO NACIONAL QUE NO HUBIESEN SIDO CANJEADOS SEGUN LO ESTABLECIDO POR EL DECRETO 1735\/2004.","('0282-S-2004', 1)":null,"('0282-S-2004', 2)":null,"('0282-S-2004', 3)":null,"('0282-S-2004', 4)":null,"('0282-S-2004', 5)":null,"('0282-S-2004', 6)":null},"('Firmantes', 'FIRMANTE')":{"('0282-S-2004', 0)":"KIRCHNER, NESTOR CARLOS","('0282-S-2004', 1)":"FERNANDEZ, ALBERTO","('0282-S-2004', 2)":"LAVAGNA, ROBERTO","('0282-S-2004', 3)":null,"('0282-S-2004', 4)":null,"('0282-S-2004', 5)":null,"('0282-S-2004', 6)":null},"('Firmantes', 'DISTRITO')":{"('0282-S-2004', 0)":null,"('0282-S-2004', 1)":null,"('0282-S-2004', 2)":null,"('0282-S-2004', 3)":null,"('0282-S-2004', 4)":null,"('0282-S-2004', 5)":null,"('0282-S-2004', 6)":null},"('Firmantes', 'BLOQUE')":{"('0282-S-2004', 0)":"PODER EJECUTIVO","('0282-S-2004', 1)":"PODER EJECUTIVO","('0282-S-2004', 2)":"PODER EJECUTIVO","('0282-S-2004', 3)":null,"('0282-S-2004', 4)":null,"('0282-S-2004', 5)":null,"('0282-S-2004', 6)":null},"('Giros', 'COMISI\u00d3N')":{"('0282-S-2004', 0)":"PRESUPUESTO Y HACIENDA","('0282-S-2004', 1)":"FINANZAS","('0282-S-2004', 2)":null,"('0282-S-2004', 3)":null,"('0282-S-2004', 4)":null,"('0282-S-2004', 5)":null,"('0282-S-2004', 6)":null},"('Tramites', 'C\u00c1MARA')":{"('0282-S-2004', 0)":"Senado","('0282-S-2004', 1)":"Senado","('0282-S-2004', 2)":"Senado","('0282-S-2004', 3)":"Diputados","('0282-S-2004', 4)":"Diputados","('0282-S-2004', 5)":"Diputados","('0282-S-2004', 6)":"Diputados"},"('Tramites', 'MOVIMIENTO')":{"('0282-S-2004', 0)":"MOCION SOBRE TABLAS (AFIRMATIVA)","('0282-S-2004', 1)":"CONSIDERACION Y APROBACION","('0282-S-2004', 2)":"INSERCION","('0282-S-2004', 3)":"PASA A DIPUTADOS -","('0282-S-2004', 4)":"MOCION SOBRE TABLAS (PLAN DE LABOR) (AFIRMATIVA)","('0282-S-2004', 5)":"CONSIDERACION Y SANCION (VOTACIONES NOMINALES)","('0282-S-2004', 6)":"INSERCIONES DE LOS DIPUTADOS MACALUSE, MONTEAGUDO, LIX KLETT Y VANOSSI"},"('Tramites', 'FECHA')":{"('0282-S-2004', 0)":"03\/02\/2005","('0282-S-2004', 1)":"03\/02\/2005","('0282-S-2004', 2)":"03\/02\/2005","('0282-S-2004', 3)":null,"('0282-S-2004', 4)":"09\/02\/2005","('0282-S-2004', 5)":"09\/02\/2005","('0282-S-2004', 6)":"09\/02\/2005"},"('Tramites', 'RESULTADO')":{"('0282-S-2004', 0)":null,"('0282-S-2004', 1)":"MEDIA SANCION","('0282-S-2004', 2)":null,"('0282-S-2004', 3)":null,"('0282-S-2004', 4)":null,"('0282-S-2004', 5)":"SANCIONADO","('0282-S-2004', 6)":null},"Sumario":{"('0282-S-2004', 0)":"EL PODER EJECUTIVO NACIONAL NO PODRA REABRIR EL PROCESO DE CANJE ESTABLECIDO EN EL DECRETO 1735\/04; PROHIBICION DE EFECTUAR CUALQUIER TIPO DE TRANSACCION JUDICIAL, EXTRAJUDICIAL O PRIVADA, RESPECTO DE DICHOS BONOS; REMISION DE INFORME AL CONGRESO NACIONAL; REEMPLAZO POR BONOS DE LA REPUBLICA ARGENTINA A LA PAR EN PESOS STEP UP 2038.","('0282-S-2004', 1)":null,"('0282-S-2004', 2)":null,"('0282-S-2004', 3)":null,"('0282-S-2004', 4)":null,"('0282-S-2004', 5)":null,"('0282-S-2004', 6)":null},"Palabra Clave":{"('0282-S-2004', 0)":" ","('0282-S-2004', 1)":null,"('0282-S-2004', 2)":null,"('0282-S-2004', 3)":null,"('0282-S-2004', 4)":null,"('0282-S-2004', 5)":null,"('0282-S-2004', 6)":null}}