{"Tipo de Proyecto":{"('0283-S-2004', 0)":"PROYECTO DE DECLARACI\u00d3N"},"Iniciado en: ":{"('0283-S-2004', 0)":"Senado"},"Expediente Senado: ":{"('0283-S-2004', 0)":"0283-S-2004"},"Publicado en: ":{"('0283-S-2004', 0)":"Diario de Asuntos Entrados N\u00b0 23"},"Fecha: ":{"('0283-S-2004', 0)":"09\/03\/2004"},"T\u00edtulo":{"('0283-S-2004', 0)":"EXPRESAR BENEPLACITO POR EL PROGRAMA RECICLADO DE PAPEL, DESARROLLADO POR LA FUNDACION GARRAHAN."},"('Firmantes', 'FIRMANTE')":{"('0283-S-2004', 0)":"SAPAG, LUZ MARIA"},"('Firmantes', 'DISTRITO')":{"('0283-S-2004', 0)":"NEUQUEN"},"('Firmantes', 'BLOQUE')":{"('0283-S-2004', 0)":"MOV POP NEUQUINO"},"('Tramites', 'C\u00c1MARA')":{"('0283-S-2004', 0)":"Senado"},"('Tramites', 'MOVIMIENTO')":{"('0283-S-2004', 0)":"CONSIDERACION Y APROBACION CONJUNTAMENTE PARA LOS EXPEDIENTES 0283-S-2004 y 0445-S-2004"},"('Tramites', 'FECHA')":{"('0283-S-2004', 0)":"19\/05\/2004"},"('Tramites', 'RESULTADO')":{"('0283-S-2004', 0)":"APROBADO"},"Link":{"('0283-S-2004', 0)":"http:\/\/www.senado.gov.ar\/parlamentario\/comisiones\/verExp\/283.04\/S\/PD"},"Palabra Clave":{"('0283-S-2004', 0)":" "}}