{"Tipo de Proyecto":{"('0284-S-2004', 0)":"PROYECTO DE LEY","('0284-S-2004', 1)":null,"('0284-S-2004', 2)":null,"('0284-S-2004', 3)":null,"('0284-S-2004', 4)":null},"Iniciado en: ":{"('0284-S-2004', 0)":"Senado","('0284-S-2004', 1)":null,"('0284-S-2004', 2)":null,"('0284-S-2004', 3)":null,"('0284-S-2004', 4)":null},"Expediente Diputados: ":{"('0284-S-2004', 0)":"0284-S-2004","('0284-S-2004', 1)":null,"('0284-S-2004', 2)":null,"('0284-S-2004', 3)":null,"('0284-S-2004', 4)":null},"Expediente Senado: ":{"('0284-S-2004', 0)":"4461-S-2004","('0284-S-2004', 1)":null,"('0284-S-2004', 2)":null,"('0284-S-2004', 3)":null,"('0284-S-2004', 4)":null},"Publicado en: ":{"('0284-S-2004', 0)":"Diario de Asuntos Entrados N\u00b0 258","('0284-S-2004', 1)":null,"('0284-S-2004', 2)":null,"('0284-S-2004', 3)":null,"('0284-S-2004', 4)":null},"Fecha: ":{"('0284-S-2004', 0)":"28\/01\/2005","('0284-S-2004', 1)":null,"('0284-S-2004', 2)":null,"('0284-S-2004', 3)":null,"('0284-S-2004', 4)":null},"T\u00edtulo":{"('0284-S-2004', 0)":"MODIFICACION DEL ARTICULO 35 DE LA LEY 15414 (REGLAMENTO GENERAL DE LA DIRECCION DE AYUDA SOCIAL PARA EL CONGRESO DE LA NACION - DAS) MODIFICANDO LOS TIEMPOS DE MANDATO DE LA PRESIDENCIA.","('0284-S-2004', 1)":null,"('0284-S-2004', 2)":null,"('0284-S-2004', 3)":null,"('0284-S-2004', 4)":null},"('Firmantes', 'FIRMANTE')":{"('0284-S-2004', 0)":"PICHETTO, MIGUEL ANGEL","('0284-S-2004', 1)":null,"('0284-S-2004', 2)":null,"('0284-S-2004', 3)":null,"('0284-S-2004', 4)":null},"('Firmantes', 'DISTRITO')":{"('0284-S-2004', 0)":"RIO NEGRO","('0284-S-2004', 1)":null,"('0284-S-2004', 2)":null,"('0284-S-2004', 3)":null,"('0284-S-2004', 4)":null},"('Firmantes', 'BLOQUE')":{"('0284-S-2004', 0)":"JUSTICIALISTA","('0284-S-2004', 1)":null,"('0284-S-2004', 2)":null,"('0284-S-2004', 3)":null,"('0284-S-2004', 4)":null},"('Giros', 'COMISI\u00d3N')":{"('0284-S-2004', 0)":"ACCION SOCIAL Y SALUD PUBLICA","('0284-S-2004', 1)":null,"('0284-S-2004', 2)":null,"('0284-S-2004', 3)":null,"('0284-S-2004', 4)":null},"('Tramites', 'C\u00c1MARA')":{"('0284-S-2004', 0)":"Senado","('0284-S-2004', 1)":"Senado","('0284-S-2004', 2)":"Diputados","('0284-S-2004', 3)":"Diputados","('0284-S-2004', 4)":"Diputados"},"('Tramites', 'MOVIMIENTO')":{"('0284-S-2004', 0)":"MOCION SOBRE TABLAS (AFIRMATIVA)","('0284-S-2004', 1)":"CONSIDERACION Y APROBACION CON MODIFICACIONES","('0284-S-2004', 2)":"PASA A DIPUTADOS -","('0284-S-2004', 3)":"MOCION SOBRE TABLAS (PLAN DE LABOR) (AFIRMATIVA)","('0284-S-2004', 4)":"CONSIDERACION Y SANCION"},"('Tramites', 'FECHA')":{"('0284-S-2004', 0)":"03\/02\/2005","('0284-S-2004', 1)":"03\/02\/2005","('0284-S-2004', 2)":null,"('0284-S-2004', 3)":"09\/02\/2005","('0284-S-2004', 4)":"09\/02\/2005"},"('Tramites', 'RESULTADO')":{"('0284-S-2004', 0)":null,"('0284-S-2004', 1)":"MEDIA SANCION","('0284-S-2004', 2)":null,"('0284-S-2004', 3)":null,"('0284-S-2004', 4)":"SANCIONADO"},"Link":{"('0284-S-2004', 0)":"http:\/\/www.senado.gov.ar\/parlamentario\/comisiones\/verExp\/4461.04\/S\/PL","('0284-S-2004', 1)":null,"('0284-S-2004', 2)":null,"('0284-S-2004', 3)":null,"('0284-S-2004', 4)":null},"Palabra Clave":{"('0284-S-2004', 0)":" ","('0284-S-2004', 1)":null,"('0284-S-2004', 2)":null,"('0284-S-2004', 3)":null,"('0284-S-2004', 4)":null}}