{"Tipo de Proyecto":{"('0286-D-2004', 0)":"PROYECTO DE LEY","('0286-D-2004', 1)":null,"('0286-D-2004', 2)":null,"('0286-D-2004', 3)":null,"('0286-D-2004', 4)":null,"('0286-D-2004', 5)":null,"('0286-D-2004', 6)":null},"Iniciado en: ":{"('0286-D-2004', 0)":"Diputados","('0286-D-2004', 1)":null,"('0286-D-2004', 2)":null,"('0286-D-2004', 3)":null,"('0286-D-2004', 4)":null,"('0286-D-2004', 5)":null,"('0286-D-2004', 6)":null},"Expediente Diputados: ":{"('0286-D-2004', 0)":"0286-D-2004","('0286-D-2004', 1)":null,"('0286-D-2004', 2)":null,"('0286-D-2004', 3)":null,"('0286-D-2004', 4)":null,"('0286-D-2004', 5)":null,"('0286-D-2004', 6)":null},"Publicado en: ":{"('0286-D-2004', 0)":"Tr\u00e1mite Parlamentario N\u00b0 4","('0286-D-2004', 1)":null,"('0286-D-2004', 2)":null,"('0286-D-2004', 3)":null,"('0286-D-2004', 4)":null,"('0286-D-2004', 5)":null,"('0286-D-2004', 6)":null},"Fecha: ":{"('0286-D-2004', 0)":"04\/03\/2004","('0286-D-2004', 1)":null,"('0286-D-2004', 2)":null,"('0286-D-2004', 3)":null,"('0286-D-2004', 4)":null,"('0286-D-2004', 5)":null,"('0286-D-2004', 6)":null},"T\u00edtulo":{"('0286-D-2004', 0)":"MODIFICACION DEL ARTICULO 48 DE LA LEY 24522, DE CONCURSOS Y QUIEBRAS, SOBRE ACUERDO PREVENTIVO.","('0286-D-2004', 1)":null,"('0286-D-2004', 2)":null,"('0286-D-2004', 3)":null,"('0286-D-2004', 4)":null,"('0286-D-2004', 5)":null,"('0286-D-2004', 6)":null},"('Firmantes', 'FIRMANTE')":{"('0286-D-2004', 0)":"MINGUEZ, JUAN JESUS","('0286-D-2004', 1)":"BREARD, NOEL EUGENIO","('0286-D-2004', 2)":"CAPPELLERI, PASCUAL","('0286-D-2004', 3)":"ZIMMERMANN, VICTOR","('0286-D-2004', 4)":"MARTINEZ, ERNESTO FELIX","('0286-D-2004', 5)":"DAMIANI, HERNAN NORBERTO","('0286-D-2004', 6)":"PERNASETTI, HORACIO FRANCISCO"},"('Firmantes', 'DISTRITO')":{"('0286-D-2004', 0)":"SAN JUAN","('0286-D-2004', 1)":"CORRIENTES","('0286-D-2004', 2)":"BUENOS AIRES","('0286-D-2004', 3)":"CHACO","('0286-D-2004', 4)":"LA RIOJA","('0286-D-2004', 5)":"MISIONES","('0286-D-2004', 6)":"CATAMARCA"},"('Firmantes', 'BLOQUE')":{"('0286-D-2004', 0)":"UCR","('0286-D-2004', 1)":"UCR","('0286-D-2004', 2)":"UCR","('0286-D-2004', 3)":"UCR","('0286-D-2004', 4)":"UCR","('0286-D-2004', 5)":"UCR","('0286-D-2004', 6)":"UCR"},"('Giros', 'COMISI\u00d3N')":{"('0286-D-2004', 0)":"LEGISLACION GENERAL","('0286-D-2004', 1)":"JUSTICIA","('0286-D-2004', 2)":"LEGISLACION DEL TRABAJO","('0286-D-2004', 3)":null,"('0286-D-2004', 4)":null,"('0286-D-2004', 5)":null,"('0286-D-2004', 6)":null},"Sumario":{"('0286-D-2004', 0)":"MODIFICACION DE LOS INCISOS 1 Y 3 DEL ARTICULO 48; INCORPORACION COMO ACAPITE D) AL INCISO 3 DEL ARTICULO 48)","('0286-D-2004', 1)":null,"('0286-D-2004', 2)":null,"('0286-D-2004', 3)":null,"('0286-D-2004', 4)":null,"('0286-D-2004', 5)":null,"('0286-D-2004', 6)":null},"Palabra Clave":{"('0286-D-2004', 0)":" ","('0286-D-2004', 1)":null,"('0286-D-2004', 2)":null,"('0286-D-2004', 3)":null,"('0286-D-2004', 4)":null,"('0286-D-2004', 5)":null,"('0286-D-2004', 6)":null}}