{"Tipo de Proyecto":{"('0287-S-2004', 0)":"PROYECTO DE LEY"},"Iniciado en: ":{"('0287-S-2004', 0)":"Senado"},"Expediente Senado: ":{"('0287-S-2004', 0)":"0287-S-2004"},"Publicado en: ":{"('0287-S-2004', 0)":"Diario de Asuntos Entrados N\u00b0 23"},"Fecha: ":{"('0287-S-2004', 0)":"09\/03\/2004"},"T\u00edtulo":{"('0287-S-2004', 0)":"REGIMEN DE INCENTIVOS PARA INVERSIONES EN PROYECTOS DE GENERACION DE ENERGIA ELECTRICA, PRODUCCION DE FERTILIZANTES, COMBUSTIBLES Y OTRAS INDUSTRIAS PETROQUIMICAS (REPRODUCCION DEL EXPEDIENTE 1462-S-02)."},"('Firmantes', 'FIRMANTE')":{"('0287-S-2004', 0)":"CAPITANICH, JORGE"},"('Firmantes', 'DISTRITO')":{"('0287-S-2004', 0)":"CHACO"},"('Firmantes', 'BLOQUE')":{"('0287-S-2004', 0)":"JUSTICIALISTA"},"('Tramites', 'C\u00c1MARA')":{"('0287-S-2004', 0)":"Senado"},"('Tramites', 'MOVIMIENTO')":{"('0287-S-2004', 0)":"REPRODUCIDO POR EXPEDIENTE 1625-S-06 (DAE 71)"},"('Tramites', 'FECHA')":{"('0287-S-2004', 0)":null},"('Tramites', 'RESULTADO')":{"('0287-S-2004', 0)":null},"Link":{"('0287-S-2004', 0)":"http:\/\/www.senado.gov.ar\/parlamentario\/comisiones\/verExp\/287.04\/S\/PL"},"Palabra Clave":{"('0287-S-2004', 0)":" "}}