{"Tipo de Proyecto":{"('0287-D-2004', 0)":"PROYECTO DE LEY","('0287-D-2004', 1)":null},"Iniciado en: ":{"('0287-D-2004', 0)":"Diputados","('0287-D-2004', 1)":null},"Expediente Diputados: ":{"('0287-D-2004', 0)":"0287-D-2004","('0287-D-2004', 1)":null},"Publicado en: ":{"('0287-D-2004', 0)":"Tr\u00e1mite Parlamentario N\u00b0 4","('0287-D-2004', 1)":null},"Fecha: ":{"('0287-D-2004', 0)":"04\/03\/2004","('0287-D-2004', 1)":null},"T\u00edtulo":{"('0287-D-2004', 0)":"ESTABLECER QUE LOS ACUERDOS TRANSACCIONALES O LIBERATORIOS, CELEBRADOS EN PROCEDIMIENTO PREJUDICIAL Y HOMOLOGADOS POR LA AUTORIDAD ADMINISTRATIVA INCUMPLIDOS POR LA PARTE OBLIGADA SERAN DECLARADOS NULOS JUDICIALMENTE A EXCLUSIVO PEDIDO DEL ACREEDOR.","('0287-D-2004', 1)":null},"('Firmantes', 'FIRMANTE')":{"('0287-D-2004', 0)":"PERNASETTI, HORACIO FRANCISCO","('0287-D-2004', 1)":"MINGUEZ, JUAN JESUS"},"('Firmantes', 'DISTRITO')":{"('0287-D-2004', 0)":"CATAMARCA","('0287-D-2004', 1)":"SAN JUAN"},"('Firmantes', 'BLOQUE')":{"('0287-D-2004', 0)":"UCR","('0287-D-2004', 1)":"UCR"},"('Giros', 'COMISI\u00d3N')":{"('0287-D-2004', 0)":"LEGISLACION DEL TRABAJO","('0287-D-2004', 1)":"JUSTICIA"},"Sumario":{"('0287-D-2004', 0)":"DECLARACION JUDICIAL DE NULIDAD; EXIGENCIA DEL CUMPLIMIENTO DEL ACUERDO POR PARTE DEL TRABAJADOR; SUSTITUCION DEL ULTIMO PARRAFO DEL ARTICULO 26 DE LA LEY 24635 (INCUMPLIMIENTO DEL ACUERDO CONCILIATORIO).","('0287-D-2004', 1)":null},"Palabra Clave":{"('0287-D-2004', 0)":" ","('0287-D-2004', 1)":null}}