{"Tipo de Proyecto":{"('0289-S-2004', 0)":"PROYECTO DE LEY"},"Iniciado en: ":{"('0289-S-2004', 0)":"Senado"},"Expediente Senado: ":{"('0289-S-2004', 0)":"0289-S-2004"},"Publicado en: ":{"('0289-S-2004', 0)":"Diario de Asuntos Entrados N\u00b0 23"},"Fecha: ":{"('0289-S-2004', 0)":"09\/03\/2004"},"T\u00edtulo":{"('0289-S-2004', 0)":"CREACION DE LA COMISION BICAMERAL PARA EL ANALISIS DE LA DEUDA PUBLICA Y ESTRATEGIAS DE NEGOCIACION (REPRODUCCION DEL EXPEDIENTE 1641-S-02)."},"('Firmantes', 'FIRMANTE')":{"('0289-S-2004', 0)":"CAPITANICH, JORGE"},"('Firmantes', 'DISTRITO')":{"('0289-S-2004', 0)":"CHACO"},"('Firmantes', 'BLOQUE')":{"('0289-S-2004', 0)":"JUSTICIALISTA"},"Sumario":{"('0289-S-2004', 0)":"INTEGRACION Y FACULTADES."},"Palabra Clave":{"('0289-S-2004', 0)":" "}}