{"Tipo de Proyecto":{"('0290-D-2004', 0)":"PROYECTO DE DECLARACI\u00d3N","('0290-D-2004', 1)":null},"Iniciado en: ":{"('0290-D-2004', 0)":"Diputados","('0290-D-2004', 1)":null},"Expediente Diputados: ":{"('0290-D-2004', 0)":"0290-D-2004","('0290-D-2004', 1)":null},"Publicado en: ":{"('0290-D-2004', 0)":"Tr\u00e1mite Parlamentario N\u00b0 4","('0290-D-2004', 1)":null},"Fecha: ":{"('0290-D-2004', 0)":"04\/03\/2004","('0290-D-2004', 1)":null},"T\u00edtulo":{"('0290-D-2004', 0)":"DECLARAR DE INTERES CULTURAL LA OBRA LITERARIA DEL AUTOR JORGE LEONIDAS ESCUDERO.","('0290-D-2004', 1)":null},"('Firmantes', 'FIRMANTE')":{"('0290-D-2004', 0)":"MINGUEZ, JUAN JESUS","('0290-D-2004', 1)":"DAMIANI, HERNAN NORBERTO"},"('Firmantes', 'DISTRITO')":{"('0290-D-2004', 0)":"SAN JUAN","('0290-D-2004', 1)":"MISIONES"},"('Firmantes', 'BLOQUE')":{"('0290-D-2004', 0)":"UCR","('0290-D-2004', 1)":"UCR"},"('Giros', 'COMISI\u00d3N')":{"('0290-D-2004', 0)":"CULTURA","('0290-D-2004', 1)":null},"('Tramites', 'C\u00c1MARA')":{"('0290-D-2004', 0)":"Diputados","('0290-D-2004', 1)":null},"('Tramites', 'MOVIMIENTO')":{"('0290-D-2004', 0)":"CONSIDERACION Y APROBACION","('0290-D-2004', 1)":null},"('Tramites', 'FECHA')":{"('0290-D-2004', 0)":"12\/05\/2004","('0290-D-2004', 1)":null},"('Tramites', 'RESULTADO')":{"('0290-D-2004', 0)":"APROBADO","('0290-D-2004', 1)":null},"Palabra Clave":{"('0290-D-2004', 0)":" ","('0290-D-2004', 1)":null}}