{"Tipo de Proyecto":{"('0291-D-2004', 0)":"PROYECTO DE DECLARACI\u00d3N"},"Iniciado en: ":{"('0291-D-2004', 0)":"Diputados"},"Expediente Diputados: ":{"('0291-D-2004', 0)":"0291-D-2004"},"Publicado en: ":{"('0291-D-2004', 0)":"Tr\u00e1mite Parlamentario N\u00b0 4"},"Fecha: ":{"('0291-D-2004', 0)":"04\/03\/2004"},"T\u00edtulo":{"('0291-D-2004', 0)":"SOLICITAR AL PODER EJECUTIVO NACIONAL REVER EL PROCEDIMIENTO ESTABLECIDO POR EL DECRETO 588\/03 PARA EL NOMBRAMIENTO DE JUECES DE LOS TRIBUNALES FEDERALES INFERIORES, EN CUANTO HACE APLICABLE LOS ALCANCES DEL DECRETO 222\/03 DE NOMBRAMIENTO DE JUECES DE LA CORTE SUPREMA DE JUSTICIA DE LA NACION."},"('Firmantes', 'FIRMANTE')":{"('0291-D-2004', 0)":"MINGUEZ, JUAN JESUS"},"('Firmantes', 'DISTRITO')":{"('0291-D-2004', 0)":"SAN JUAN"},"('Firmantes', 'BLOQUE')":{"('0291-D-2004', 0)":"UCR"},"('Giros', 'COMISI\u00d3N')":{"('0291-D-2004', 0)":"JUSTICIA"},"('Tramites', 'C\u00c1MARA')":{"('0291-D-2004', 0)":"Diputados"},"('Tramites', 'MOVIMIENTO')":{"('0291-D-2004', 0)":"SOLICITUD DE REPRODUCCION DEL PROYECTO PARA EL PERIODO 123 (2005), SEGUN LOS TERMINOS DEL ARTICULO 7 DE LA RESOLUCION DE LA HCD DEL 05\/06\/1996"},"('Tramites', 'FECHA')":{"('0291-D-2004', 0)":"22\/02\/2006"},"('Tramites', 'RESULTADO')":{"('0291-D-2004', 0)":null},"Palabra Clave":{"('0291-D-2004', 0)":" "}}