{"Tipo de Proyecto":{"('0292-D-2004', 0)":"PROYECTO DE DECLARACI\u00d3N","('0292-D-2004', 1)":null,"('0292-D-2004', 2)":null},"Iniciado en: ":{"('0292-D-2004', 0)":"Diputados","('0292-D-2004', 1)":null,"('0292-D-2004', 2)":null},"Expediente Diputados: ":{"('0292-D-2004', 0)":"0292-D-2004","('0292-D-2004', 1)":null,"('0292-D-2004', 2)":null},"Publicado en: ":{"('0292-D-2004', 0)":"Tr\u00e1mite Parlamentario N\u00b0 4","('0292-D-2004', 1)":null,"('0292-D-2004', 2)":null},"Fecha: ":{"('0292-D-2004', 0)":"04\/03\/2004","('0292-D-2004', 1)":null,"('0292-D-2004', 2)":null},"T\u00edtulo":{"('0292-D-2004', 0)":"SOLICITAR AL PODER EJECUTIVO NACIONAL REVER LOS ALCANCES DEL DECRETO 1355\/03, POR EL CUAL SE OBLIGA A PAGAR EL IMPUESTO AL VALOR AGREGADO A LAS EMPRESAS BENEFICIADAS CON LOS REGIMENES DE PROMOCION INDUSTRIAL, QUE EXPORTEN SU PRODUCCION.","('0292-D-2004', 1)":null,"('0292-D-2004', 2)":null},"('Firmantes', 'FIRMANTE')":{"('0292-D-2004', 0)":"MINGUEZ, JUAN JESUS","('0292-D-2004', 1)":null,"('0292-D-2004', 2)":null},"('Firmantes', 'DISTRITO')":{"('0292-D-2004', 0)":"SAN JUAN","('0292-D-2004', 1)":null,"('0292-D-2004', 2)":null},"('Firmantes', 'BLOQUE')":{"('0292-D-2004', 0)":"UCR","('0292-D-2004', 1)":null,"('0292-D-2004', 2)":null},"('Giros', 'COMISI\u00d3N')":{"('0292-D-2004', 0)":"INDUSTRIA","('0292-D-2004', 1)":"ECONOMIAS Y DESARROLLO REGIONAL","('0292-D-2004', 2)":"PRESUPUESTO Y HACIENDA"},"('Tramites', 'C\u00c1MARA')":{"('0292-D-2004', 0)":"Diputados","('0292-D-2004', 1)":null,"('0292-D-2004', 2)":null},"('Tramites', 'MOVIMIENTO')":{"('0292-D-2004', 0)":"SOLICITUD DE REPRODUCCION DEL PROYECTO PARA EL PERIODO 123 (2005), SEGUN LOS TERMINOS DEL ARTICULO 7 DE LA RESOLUCION DE LA HCD DEL 05\/06\/1996","('0292-D-2004', 1)":null,"('0292-D-2004', 2)":null},"('Tramites', 'FECHA')":{"('0292-D-2004', 0)":"22\/02\/2006","('0292-D-2004', 1)":null,"('0292-D-2004', 2)":null},"('Tramites', 'RESULTADO')":{"('0292-D-2004', 0)":null,"('0292-D-2004', 1)":null,"('0292-D-2004', 2)":null},"Palabra Clave":{"('0292-D-2004', 0)":" ","('0292-D-2004', 1)":null,"('0292-D-2004', 2)":null}}