{"Tipo de Proyecto":{"('0293-S-2004', 0)":"PROYECTO DE DECLARACI\u00d3N"},"Iniciado en: ":{"('0293-S-2004', 0)":"Senado"},"Expediente Senado: ":{"('0293-S-2004', 0)":"0293-S-2004"},"Publicado en: ":{"('0293-S-2004', 0)":"Diario de Asuntos Entrados N\u00b0 23"},"Fecha: ":{"('0293-S-2004', 0)":"09\/03\/2004"},"T\u00edtulo":{"('0293-S-2004', 0)":"REPUDIAR EL MAL DESEMPE\u00d1O EN SUS FUNCIONES DEL JUEZ FEDERAL POR LA PROVINCIA DE SANTIAGO DEL ESTERO, JUAN JESUS TOLEDO."},"('Firmantes', 'FIRMANTE')":{"('0293-S-2004', 0)":"ZAVALIA, JOSE LUIS"},"('Firmantes', 'DISTRITO')":{"('0293-S-2004', 0)":"SANTIAGO DEL ESTERO"},"('Firmantes', 'BLOQUE')":{"('0293-S-2004', 0)":"UCR"},"Link":{"('0293-S-2004', 0)":"http:\/\/www.senado.gov.ar\/parlamentario\/comisiones\/verExp\/293.04\/S\/PD"},"Palabra Clave":{"('0293-S-2004', 0)":" "}}