{"Tipo de Proyecto":{"('0293-D-2004', 0)":"PROYECTO DE RESOLUCI\u00d3N","('0293-D-2004', 1)":null,"('0293-D-2004', 2)":null},"Iniciado en: ":{"('0293-D-2004', 0)":"Diputados","('0293-D-2004', 1)":null,"('0293-D-2004', 2)":null},"Expediente Diputados: ":{"('0293-D-2004', 0)":"0293-D-2004","('0293-D-2004', 1)":null,"('0293-D-2004', 2)":null},"Publicado en: ":{"('0293-D-2004', 0)":"Tr\u00e1mite Parlamentario N\u00b0 4","('0293-D-2004', 1)":null,"('0293-D-2004', 2)":null},"Fecha: ":{"('0293-D-2004', 0)":"04\/03\/2004","('0293-D-2004', 1)":null,"('0293-D-2004', 2)":null},"T\u00edtulo":{"('0293-D-2004', 0)":"PEDIDO DE INFORMES AL PODER EJECUTIVO NACIONAL SOBRE LAS MULTAS IMPUESTAS A LAS EMPRESAS QUE PUBLICARON O DIFUNDIERON ENCUESTAS Y PROYECCIONES SOBRE EL RESULTADO DE LAS ELECCIONES A CARGOS PUBLICOS NACIONALES. ","('0293-D-2004', 1)":null,"('0293-D-2004', 2)":null},"('Firmantes', 'FIRMANTE')":{"('0293-D-2004', 0)":"MINGUEZ, JUAN JESUS","('0293-D-2004', 1)":"DAMIANI, HERNAN NORBERTO","('0293-D-2004', 2)":null},"('Firmantes', 'DISTRITO')":{"('0293-D-2004', 0)":"SAN JUAN","('0293-D-2004', 1)":"MISIONES","('0293-D-2004', 2)":null},"('Firmantes', 'BLOQUE')":{"('0293-D-2004', 0)":"UCR","('0293-D-2004', 1)":"UCR","('0293-D-2004', 2)":null},"('Giros', 'COMISI\u00d3N')":{"('0293-D-2004', 0)":"ASUNTOS CONSTITUCIONALES","('0293-D-2004', 1)":"COMUNICACIONES E INFORMATICA","('0293-D-2004', 2)":"LIBERTAD DE EXPRESION"},"Palabra Clave":{"('0293-D-2004', 0)":" ","('0293-D-2004', 1)":null,"('0293-D-2004', 2)":null}}