{"Tipo de Proyecto":{"('0295-D-2004', 0)":"PROYECTO DE RESOLUCI\u00d3N","('0295-D-2004', 1)":null,"('0295-D-2004', 2)":null},"Iniciado en: ":{"('0295-D-2004', 0)":"Diputados","('0295-D-2004', 1)":null,"('0295-D-2004', 2)":null},"Expediente Diputados: ":{"('0295-D-2004', 0)":"0295-D-2004","('0295-D-2004', 1)":null,"('0295-D-2004', 2)":null},"Publicado en: ":{"('0295-D-2004', 0)":"Tr\u00e1mite Parlamentario N\u00b0 4","('0295-D-2004', 1)":null,"('0295-D-2004', 2)":null},"Fecha: ":{"('0295-D-2004', 0)":"04\/03\/2004","('0295-D-2004', 1)":null,"('0295-D-2004', 2)":null},"T\u00edtulo":{"('0295-D-2004', 0)":"SOLICITAR AL PODER EJECUTIVO NACIONAL LA ADJUDICACION Y POSTERIOR EJECUCION DE DIVERSAS OBRAS VIALES EN LA RUTA NACIONAL 7, TRAMO HOUSSAY - COSTANERA Y VICENTE ZAPATA DEL ACCESO ESTE, PROVINCIA DE MENDOZA.","('0295-D-2004', 1)":null,"('0295-D-2004', 2)":null},"('Firmantes', 'FIRMANTE')":{"('0295-D-2004', 0)":"BORSANI, LUIS GUSTAVO","('0295-D-2004', 1)":"FAYAD, VICTOR MANUEL FEDERICO","('0295-D-2004', 2)":"ABDALA, JOSEFINA"},"('Firmantes', 'DISTRITO')":{"('0295-D-2004', 0)":"MENDOZA","('0295-D-2004', 1)":"MENDOZA","('0295-D-2004', 2)":"MENDOZA"},"('Firmantes', 'BLOQUE')":{"('0295-D-2004', 0)":"UCR","('0295-D-2004', 1)":"UCR","('0295-D-2004', 2)":"UCR"},"('Giros', 'COMISI\u00d3N')":{"('0295-D-2004', 0)":"TRANSPORTES","('0295-D-2004', 1)":"OBRAS PUBLICAS","('0295-D-2004', 2)":null},"('Tramites', 'C\u00c1MARA')":{"('0295-D-2004', 0)":"Diputados","('0295-D-2004', 1)":"Diputados","('0295-D-2004', 2)":null},"('Tramites', 'MOVIMIENTO')":{"('0295-D-2004', 0)":"CONSIDERACION Y APROBACION","('0295-D-2004', 1)":"CONTESTACION DEL PODER EJECUTIVO NACIONAL - JEFE DE GABINETE DE MINISTROS - GIRADO A LA COMISION RESPECTIVA","('0295-D-2004', 2)":null},"('Tramites', 'FECHA')":{"('0295-D-2004', 0)":"09\/06\/2004","('0295-D-2004', 1)":"09\/02\/2005","('0295-D-2004', 2)":null},"('Tramites', 'RESULTADO')":{"('0295-D-2004', 0)":"APROBADO","('0295-D-2004', 1)":null,"('0295-D-2004', 2)":null},"Palabra Clave":{"('0295-D-2004', 0)":" ","('0295-D-2004', 1)":null,"('0295-D-2004', 2)":null}}