{"Tipo de Proyecto":{"('0296-S-2004', 0)":"COMUNICACION","('0296-S-2004', 1)":null,"('0296-S-2004', 2)":null,"('0296-S-2004', 3)":null,"('0296-S-2004', 4)":null,"('0296-S-2004', 5)":null,"('0296-S-2004', 6)":null,"('0296-S-2004', 7)":null,"('0296-S-2004', 8)":null,"('0296-S-2004', 9)":null,"('0296-S-2004', 10)":null,"('0296-S-2004', 11)":null,"('0296-S-2004', 12)":null,"('0296-S-2004', 13)":null},"Iniciado en: ":{"('0296-S-2004', 0)":"Senado","('0296-S-2004', 1)":null,"('0296-S-2004', 2)":null,"('0296-S-2004', 3)":null,"('0296-S-2004', 4)":null,"('0296-S-2004', 5)":null,"('0296-S-2004', 6)":null,"('0296-S-2004', 7)":null,"('0296-S-2004', 8)":null,"('0296-S-2004', 9)":null,"('0296-S-2004', 10)":null,"('0296-S-2004', 11)":null,"('0296-S-2004', 12)":null,"('0296-S-2004', 13)":null},"Expediente Senado: ":{"('0296-S-2004', 0)":"0296-S-2004","('0296-S-2004', 1)":null,"('0296-S-2004', 2)":null,"('0296-S-2004', 3)":null,"('0296-S-2004', 4)":null,"('0296-S-2004', 5)":null,"('0296-S-2004', 6)":null,"('0296-S-2004', 7)":null,"('0296-S-2004', 8)":null,"('0296-S-2004', 9)":null,"('0296-S-2004', 10)":null,"('0296-S-2004', 11)":null,"('0296-S-2004', 12)":null,"('0296-S-2004', 13)":null},"Publicado en: ":{"('0296-S-2004', 0)":"Diario de Asuntos Entrados N\u00b0 23","('0296-S-2004', 1)":null,"('0296-S-2004', 2)":null,"('0296-S-2004', 3)":null,"('0296-S-2004', 4)":null,"('0296-S-2004', 5)":null,"('0296-S-2004', 6)":null,"('0296-S-2004', 7)":null,"('0296-S-2004', 8)":null,"('0296-S-2004', 9)":null,"('0296-S-2004', 10)":null,"('0296-S-2004', 11)":null,"('0296-S-2004', 12)":null,"('0296-S-2004', 13)":null},"Fecha: ":{"('0296-S-2004', 0)":"09\/03\/2004","('0296-S-2004', 1)":null,"('0296-S-2004', 2)":null,"('0296-S-2004', 3)":null,"('0296-S-2004', 4)":null,"('0296-S-2004', 5)":null,"('0296-S-2004', 6)":null,"('0296-S-2004', 7)":null,"('0296-S-2004', 8)":null,"('0296-S-2004', 9)":null,"('0296-S-2004', 10)":null,"('0296-S-2004', 11)":null,"('0296-S-2004', 12)":null,"('0296-S-2004', 13)":null},"T\u00edtulo":{"('0296-S-2004', 0)":"PEDIDO DE INFORMES AL PODER EJECUTIVO SOBRE LAS PARTIDAS REMITIDAS A SANTA FE PARA ATENDER LA EMERGENCIA PROVOCADA POR LAS INUNDACIONES.","('0296-S-2004', 1)":null,"('0296-S-2004', 2)":null,"('0296-S-2004', 3)":null,"('0296-S-2004', 4)":null,"('0296-S-2004', 5)":null,"('0296-S-2004', 6)":null,"('0296-S-2004', 7)":null,"('0296-S-2004', 8)":null,"('0296-S-2004', 9)":null,"('0296-S-2004', 10)":null,"('0296-S-2004', 11)":null,"('0296-S-2004', 12)":null,"('0296-S-2004', 13)":null},"('Firmantes', 'FIRMANTE')":{"('0296-S-2004', 0)":"LOSADA, MARIO A.","('0296-S-2004', 1)":"MARINO, JUAN CARLOS","('0296-S-2004', 2)":"ZAVALIA, JOSE LUIS","('0296-S-2004', 3)":"LESCANO, MARCELA FABIANA","('0296-S-2004', 4)":"CASTILLO, OSCAR ANIBAL","('0296-S-2004', 5)":"CAPOS, LILIANA","('0296-S-2004', 6)":"SANZ, ERNESTO RICARDO","('0296-S-2004', 7)":"CURLETTI, MIRIAM BELEN","('0296-S-2004', 8)":"SANCHEZ, MARIA DORA","('0296-S-2004', 9)":"ARANCIO, MONICA","('0296-S-2004', 10)":"TAFFAREL, RICARDO CESAR","('0296-S-2004', 11)":"ISIDORI, AMANDA","('0296-S-2004', 12)":"MORALES, GERARDO RUBEN","('0296-S-2004', 13)":"MASTANDREA, ALICIA ESTER"},"('Firmantes', 'DISTRITO')":{"('0296-S-2004', 0)":"MISIONES","('0296-S-2004', 1)":"LA PAMPA","('0296-S-2004', 2)":"SANTIAGO DEL ESTERO","('0296-S-2004', 3)":"FORMOSA","('0296-S-2004', 4)":"CATAMARCA","('0296-S-2004', 5)":"TIERRA DEL FUEGO","('0296-S-2004', 6)":"MENDOZA","('0296-S-2004', 7)":"CHACO","('0296-S-2004', 8)":"CORRIENTES","('0296-S-2004', 9)":"JUJUY","('0296-S-2004', 10)":"ENTRE RIOS","('0296-S-2004', 11)":"RIO NEGRO","('0296-S-2004', 12)":"JUJUY","('0296-S-2004', 13)":"CHACO"},"('Firmantes', 'BLOQUE')":{"('0296-S-2004', 0)":"UCR","('0296-S-2004', 1)":"UCR","('0296-S-2004', 2)":"UCR","('0296-S-2004', 3)":"UCR","('0296-S-2004', 4)":"FRENTE CIVICO Y SOCIAL DE CATAMARCA","('0296-S-2004', 5)":"UCR","('0296-S-2004', 6)":"UCR","('0296-S-2004', 7)":"UCR","('0296-S-2004', 8)":"UCR","('0296-S-2004', 9)":"FRENTE CIVICO JUJE\u00d1O","('0296-S-2004', 10)":"UCR","('0296-S-2004', 11)":"UCR","('0296-S-2004', 12)":"FRENTE CIVICO JUJE\u00d1O","('0296-S-2004', 13)":"UCR"},"('Tramites', 'C\u00c1MARA')":{"('0296-S-2004', 0)":"Senado","('0296-S-2004', 1)":"Senado","('0296-S-2004', 2)":null,"('0296-S-2004', 3)":null,"('0296-S-2004', 4)":null,"('0296-S-2004', 5)":null,"('0296-S-2004', 6)":null,"('0296-S-2004', 7)":null,"('0296-S-2004', 8)":null,"('0296-S-2004', 9)":null,"('0296-S-2004', 10)":null,"('0296-S-2004', 11)":null,"('0296-S-2004', 12)":null,"('0296-S-2004', 13)":null},"('Tramites', 'MOVIMIENTO')":{"('0296-S-2004', 0)":"CONSIDERACION Y APROBACION","('0296-S-2004', 1)":"CONTESTACION DEL PODER EJECUTIVO NACIONAL - GIRADO A LA COMISION RESPECTIVA","('0296-S-2004', 2)":null,"('0296-S-2004', 3)":null,"('0296-S-2004', 4)":null,"('0296-S-2004', 5)":null,"('0296-S-2004', 6)":null,"('0296-S-2004', 7)":null,"('0296-S-2004', 8)":null,"('0296-S-2004', 9)":null,"('0296-S-2004', 10)":null,"('0296-S-2004', 11)":null,"('0296-S-2004', 12)":null,"('0296-S-2004', 13)":null},"('Tramites', 'FECHA')":{"('0296-S-2004', 0)":"21\/04\/2004","('0296-S-2004', 1)":null,"('0296-S-2004', 2)":null,"('0296-S-2004', 3)":null,"('0296-S-2004', 4)":null,"('0296-S-2004', 5)":null,"('0296-S-2004', 6)":null,"('0296-S-2004', 7)":null,"('0296-S-2004', 8)":null,"('0296-S-2004', 9)":null,"('0296-S-2004', 10)":null,"('0296-S-2004', 11)":null,"('0296-S-2004', 12)":null,"('0296-S-2004', 13)":null},"('Tramites', 'RESULTADO')":{"('0296-S-2004', 0)":"APROBADO","('0296-S-2004', 1)":null,"('0296-S-2004', 2)":null,"('0296-S-2004', 3)":null,"('0296-S-2004', 4)":null,"('0296-S-2004', 5)":null,"('0296-S-2004', 6)":null,"('0296-S-2004', 7)":null,"('0296-S-2004', 8)":null,"('0296-S-2004', 9)":null,"('0296-S-2004', 10)":null,"('0296-S-2004', 11)":null,"('0296-S-2004', 12)":null,"('0296-S-2004', 13)":null},"Link":{"('0296-S-2004', 0)":"http:\/\/www.senado.gov.ar\/parlamentario\/comisiones\/verExp\/296.04\/S\/PC","('0296-S-2004', 1)":null,"('0296-S-2004', 2)":null,"('0296-S-2004', 3)":null,"('0296-S-2004', 4)":null,"('0296-S-2004', 5)":null,"('0296-S-2004', 6)":null,"('0296-S-2004', 7)":null,"('0296-S-2004', 8)":null,"('0296-S-2004', 9)":null,"('0296-S-2004', 10)":null,"('0296-S-2004', 11)":null,"('0296-S-2004', 12)":null,"('0296-S-2004', 13)":null},"Palabra Clave":{"('0296-S-2004', 0)":" ","('0296-S-2004', 1)":null,"('0296-S-2004', 2)":null,"('0296-S-2004', 3)":null,"('0296-S-2004', 4)":null,"('0296-S-2004', 5)":null,"('0296-S-2004', 6)":null,"('0296-S-2004', 7)":null,"('0296-S-2004', 8)":null,"('0296-S-2004', 9)":null,"('0296-S-2004', 10)":null,"('0296-S-2004', 11)":null,"('0296-S-2004', 12)":null,"('0296-S-2004', 13)":null}}