{"Tipo de Proyecto":{"('0001-S-2007', 0)":"COMUNICACION","('0001-S-2007', 1)":null,"('0001-S-2007', 2)":null},"Iniciado en: ":{"('0001-S-2007', 0)":"Senado","('0001-S-2007', 1)":null,"('0001-S-2007', 2)":null},"Expediente Senado: ":{"('0001-S-2007', 0)":"0001-S-2007","('0001-S-2007', 1)":null,"('0001-S-2007', 2)":null},"Publicado en: ":{"('0001-S-2007', 0)":"Diario de Asuntos Entrados N\u00b0 1","('0001-S-2007', 1)":null,"('0001-S-2007', 2)":null},"Fecha: ":{"('0001-S-2007', 0)":"01\/03\/2007","('0001-S-2007', 1)":null,"('0001-S-2007', 2)":null},"T\u00edtulo":{"('0001-S-2007', 0)":"SOLICITAR AL PODER EJECUTIVO SE DISPONGA LA INCLUSION EN EL PROYECTO DE LEY DE PRESUPUESTO 2008, DE LOS FONDOS NECESARIOS PARA GARANTIZAR EL NORMAL FUNCIONAMIENTO DE LA UNIVERSIDAD NACIONAL DE LA PATAGONIA SAN JUAN BOSCO.","('0001-S-2007', 1)":null,"('0001-S-2007', 2)":null},"('Firmantes', 'FIRMANTE')":{"('0001-S-2007', 0)":"MASSONI, NORBERTO","('0001-S-2007', 1)":null,"('0001-S-2007', 2)":null},"('Firmantes', 'DISTRITO')":{"('0001-S-2007', 0)":"CHUBUT","('0001-S-2007', 1)":null,"('0001-S-2007', 2)":null},"('Firmantes', 'BLOQUE')":{"('0001-S-2007', 0)":"UCR","('0001-S-2007', 1)":null,"('0001-S-2007', 2)":null},"('Tramites', 'C\u00c1MARA')":{"('0001-S-2007', 0)":"Senado","('0001-S-2007', 1)":"Senado","('0001-S-2007', 2)":"Senado"},"('Tramites', 'MOVIMIENTO')":{"('0001-S-2007', 0)":"CONSIDERACION Y APROBACION","('0001-S-2007', 1)":"CONTESTACION DEL PODER EJECUTIVO NACIONAL - GIRADO A LA COMISION RESPECTIVA","('0001-S-2007', 2)":"CONTESTACION DEL PODER EJECUTIVO NACIONAL - GIRADO A LA COMISION RESPECTIVA"},"('Tramites', 'FECHA')":{"('0001-S-2007', 0)":"25\/04\/2007","('0001-S-2007', 1)":null,"('0001-S-2007', 2)":null},"('Tramites', 'RESULTADO')":{"('0001-S-2007', 0)":"APROBADO","('0001-S-2007', 1)":null,"('0001-S-2007', 2)":null},"Link":{"('0001-S-2007', 0)":"http:\/\/www.senado.gov.ar\/parlamentario\/comisiones\/verExp\/1.07\/S\/PC","('0001-S-2007', 1)":null,"('0001-S-2007', 2)":null},"Palabra Clave":{"('0001-S-2007', 0)":" ","('0001-S-2007', 1)":null,"('0001-S-2007', 2)":null}}