{"Tipo de Proyecto":{"('0001-PE-2007', 0)":"MENSAJE NRO: 0208\/07 Y PROYECTO DE LEY","('0001-PE-2007', 1)":null,"('0001-PE-2007', 2)":null,"('0001-PE-2007', 3)":null,"('0001-PE-2007', 4)":null},"Iniciado en: ":{"('0001-PE-2007', 0)":"Diputados","('0001-PE-2007', 1)":null,"('0001-PE-2007', 2)":null,"('0001-PE-2007', 3)":null,"('0001-PE-2007', 4)":null},"Expediente Diputados: ":{"('0001-PE-2007', 0)":"0001-PE-2007","('0001-PE-2007', 1)":null,"('0001-PE-2007', 2)":null,"('0001-PE-2007', 3)":null,"('0001-PE-2007', 4)":null},"Expediente Senado: ":{"('0001-PE-2007', 0)":"0051-CD-2007","('0001-PE-2007', 1)":null,"('0001-PE-2007', 2)":null,"('0001-PE-2007', 3)":null,"('0001-PE-2007', 4)":null},"Publicado en: ":{"('0001-PE-2007', 0)":"Tr\u00e1mite Parlamentario N\u00b0 7","('0001-PE-2007', 1)":null,"('0001-PE-2007', 2)":null,"('0001-PE-2007', 3)":null,"('0001-PE-2007', 4)":null},"Fecha: ":{"('0001-PE-2007', 0)":"09\/03\/2007","('0001-PE-2007', 1)":null,"('0001-PE-2007', 2)":null,"('0001-PE-2007', 3)":null,"('0001-PE-2007', 4)":null},"T\u00edtulo":{"('0001-PE-2007', 0)":"CREACION DE LOS INSTITUTOS UNIVERSITARIOS DE SEGURIDAD MARITIMA DE LA PREFECTURA NACIONAL Y DE GENDARMERIA NACIONAL (IUGNA).","('0001-PE-2007', 1)":null,"('0001-PE-2007', 2)":null,"('0001-PE-2007', 3)":null,"('0001-PE-2007', 4)":null},"('Firmantes', 'FIRMANTE')":{"('0001-PE-2007', 0)":"KIRCHNER, NESTOR CARLOS","('0001-PE-2007', 1)":"FERNANDEZ, ALBERTO","('0001-PE-2007', 2)":"FERNANDEZ, ANIBAL","('0001-PE-2007', 3)":"MICELI, FELISA JOSEFINA","('0001-PE-2007', 4)":"FILMUS, DANIEL"},"('Firmantes', 'DISTRITO')":{"('0001-PE-2007', 0)":null,"('0001-PE-2007', 1)":null,"('0001-PE-2007', 2)":null,"('0001-PE-2007', 3)":null,"('0001-PE-2007', 4)":null},"('Firmantes', 'BLOQUE')":{"('0001-PE-2007', 0)":"PODER EJECUTIVO","('0001-PE-2007', 1)":"PODER EJECUTIVO","('0001-PE-2007', 2)":"PODER EJECUTIVO","('0001-PE-2007', 3)":"PODER EJECUTIVO","('0001-PE-2007', 4)":"PODER EJECUTIVO"},"('Giros', 'COMISI\u00d3N')":{"('0001-PE-2007', 0)":"SEGURIDAD INTERIOR","('0001-PE-2007', 1)":"EDUCACION","('0001-PE-2007', 2)":"PRESUPUESTO Y HACIENDA","('0001-PE-2007', 3)":null,"('0001-PE-2007', 4)":null},"('Tramites', 'C\u00c1MARA')":{"('0001-PE-2007', 0)":"Diputados","('0001-PE-2007', 1)":"Senado","('0001-PE-2007', 2)":"Senado","('0001-PE-2007', 3)":"Senado","('0001-PE-2007', 4)":"Senado"},"('Tramites', 'MOVIMIENTO')":{"('0001-PE-2007', 0)":"CONSIDERACION Y APROBACION","('0001-PE-2007', 1)":"PASA A SENADO -","('0001-PE-2007', 2)":"AMPLIACION GIRO A LA COMISION DE EDUCACION, CULTURA, CIENCIA Y TECNOLOGIA","('0001-PE-2007', 3)":"MOCION SOBRE TABLAS (AFIRMATIVA)","('0001-PE-2007', 4)":"CONSIDERACION Y SANCION"},"('Tramites', 'FECHA')":{"('0001-PE-2007', 0)":"27\/06\/2007","('0001-PE-2007', 1)":null,"('0001-PE-2007', 2)":"08\/08\/2007","('0001-PE-2007', 3)":"22\/08\/2007","('0001-PE-2007', 4)":"22\/08\/2007"},"('Tramites', 'RESULTADO')":{"('0001-PE-2007', 0)":"MEDIA SANCION","('0001-PE-2007', 1)":null,"('0001-PE-2007', 2)":null,"('0001-PE-2007', 3)":null,"('0001-PE-2007', 4)":"SANCIONADO"},"Link":{"('0001-PE-2007', 0)":"https:\/\/www4.hcdn.gob.ar\/dependencias\/dsecretaria\/Periodo2007\/PDF2007\/TP2007\/0001-PE-07.pdf","('0001-PE-2007', 1)":null,"('0001-PE-2007', 2)":null,"('0001-PE-2007', 3)":null,"('0001-PE-2007', 4)":null},"Palabra Clave":{"('0001-PE-2007', 0)":" ","('0001-PE-2007', 1)":null,"('0001-PE-2007', 2)":null,"('0001-PE-2007', 3)":null,"('0001-PE-2007', 4)":null}}