{"Tipo de Proyecto":{"('0003-PE-2007', 0)":"MENSAJE NRO: 0270\/07","('0003-PE-2007', 1)":null,"('0003-PE-2007', 2)":null,"('0003-PE-2007', 3)":null},"Iniciado en: ":{"('0003-PE-2007', 0)":"Diputados","('0003-PE-2007', 1)":null,"('0003-PE-2007', 2)":null,"('0003-PE-2007', 3)":null},"Expediente Diputados: ":{"('0003-PE-2007', 0)":"0003-PE-2007","('0003-PE-2007', 1)":null,"('0003-PE-2007', 2)":null,"('0003-PE-2007', 3)":null},"Publicado en: ":{"('0003-PE-2007', 0)":"Tr\u00e1mite Parlamentario N\u00b0 20","('0003-PE-2007', 1)":null,"('0003-PE-2007', 2)":null,"('0003-PE-2007', 3)":null},"Fecha: ":{"('0003-PE-2007', 0)":"28\/03\/2007","('0003-PE-2007', 1)":null,"('0003-PE-2007', 2)":null,"('0003-PE-2007', 3)":null},"T\u00edtulo":{"('0003-PE-2007', 0)":"COMUNICACION DEL DECRETO 269\/07, POR EL CUAL SE AUTORIZA LA REALIZACION DEL XXXVIII VIAJE DE INSTRUCCION Y LA SALIDA DEL TERRITORIO NACIONAL DEL BUQUE ESCUELA FRAGATA ARA LIBERTAD. ","('0003-PE-2007', 1)":null,"('0003-PE-2007', 2)":null,"('0003-PE-2007', 3)":null},"('Firmantes', 'FIRMANTE')":{"('0003-PE-2007', 0)":"KIRCHNER, NESTOR CARLOS","('0003-PE-2007', 1)":"FERNANDEZ, ALBERTO","('0003-PE-2007', 2)":"GARRE, NILDA CELIA","('0003-PE-2007', 3)":"TAIANA, JORGE ENRIQUE"},"('Firmantes', 'DISTRITO')":{"('0003-PE-2007', 0)":null,"('0003-PE-2007', 1)":null,"('0003-PE-2007', 2)":null,"('0003-PE-2007', 3)":null},"('Firmantes', 'BLOQUE')":{"('0003-PE-2007', 0)":"PODER EJECUTIVO","('0003-PE-2007', 1)":"PODER EJECUTIVO","('0003-PE-2007', 2)":"PODER EJECUTIVO","('0003-PE-2007', 3)":"PODER EJECUTIVO"},"('Giros', 'COMISI\u00d3N')":{"('0003-PE-2007', 0)":"DEFENSA NACIONAL","('0003-PE-2007', 1)":"PRESUPUESTO Y HACIENDA","('0003-PE-2007', 2)":null,"('0003-PE-2007', 3)":null},"Link":{"('0003-PE-2007', 0)":"https:\/\/www4.hcdn.gob.ar\/dependencias\/dsecretaria\/Periodo2007\/PDF2007\/TP2007\/0003-PE-07.pdf","('0003-PE-2007', 1)":null,"('0003-PE-2007', 2)":null,"('0003-PE-2007', 3)":null},"Palabra Clave":{"('0003-PE-2007', 0)":" ","('0003-PE-2007', 1)":null,"('0003-PE-2007', 2)":null,"('0003-PE-2007', 3)":null}}