{"Tipo de Proyecto":{"('0004-S-2007', 0)":"PROYECTO DE LEY"},"Iniciado en: ":{"('0004-S-2007', 0)":"Senado"},"Expediente Senado: ":{"('0004-S-2007', 0)":"0004-S-2007"},"Publicado en: ":{"('0004-S-2007', 0)":"Diario de Asuntos Entrados N\u00b0 1"},"Fecha: ":{"('0004-S-2007', 0)":"01\/03\/2007"},"T\u00edtulo":{"('0004-S-2007', 0)":"MODIFICACION DE LA LEY 25725 DE PRESUPUESTO DE LA ADMINISTRACION NACIONAL PARA EL EJERCICIO DE 2003: FONDO FIDUCIARIO PARA SUBSIDIOS DE CONSUMOS RESIDENCIALES DE GAS (REPRODUCCION DEL EXPEDIENTE 0398-S-05)."},"('Firmantes', 'FIRMANTE')":{"('0004-S-2007', 0)":"SAADI, RAMON EDUARDO"},"('Firmantes', 'DISTRITO')":{"('0004-S-2007', 0)":"CATAMARCA"},"('Firmantes', 'BLOQUE')":{"('0004-S-2007', 0)":"JUSTICIALISTA"},"Sumario":{"('0004-S-2007', 0)":"SUSTITUCION DEL PRIMER PARRAFO DEL ARTICULO 84 ( ZONAS)."},"Palabra Clave":{"('0004-S-2007', 0)":" "}}