{"Tipo de Proyecto":{"('0004-PE-2007', 0)":"MENSAJE NRO: 0367\/07 Y PROYECTO DE LEY","('0004-PE-2007', 1)":null,"('0004-PE-2007', 2)":null,"('0004-PE-2007', 3)":null,"('0004-PE-2007', 4)":null,"('0004-PE-2007', 5)":null},"Iniciado en: ":{"('0004-PE-2007', 0)":"Diputados","('0004-PE-2007', 1)":null,"('0004-PE-2007', 2)":null,"('0004-PE-2007', 3)":null,"('0004-PE-2007', 4)":null,"('0004-PE-2007', 5)":null},"Expediente Diputados: ":{"('0004-PE-2007', 0)":"0004-PE-2007","('0004-PE-2007', 1)":null,"('0004-PE-2007', 2)":null,"('0004-PE-2007', 3)":null,"('0004-PE-2007', 4)":null,"('0004-PE-2007', 5)":null},"Expediente Senado: ":{"('0004-PE-2007', 0)":"0094-CD-2007","('0004-PE-2007', 1)":null,"('0004-PE-2007', 2)":null,"('0004-PE-2007', 3)":null,"('0004-PE-2007', 4)":null,"('0004-PE-2007', 5)":null},"Publicado en: ":{"('0004-PE-2007', 0)":"Tr\u00e1mite Parlamentario N\u00b0 33","('0004-PE-2007', 1)":null,"('0004-PE-2007', 2)":null,"('0004-PE-2007', 3)":null,"('0004-PE-2007', 4)":null,"('0004-PE-2007', 5)":null},"Fecha: ":{"('0004-PE-2007', 0)":"19\/04\/2007","('0004-PE-2007', 1)":null,"('0004-PE-2007', 2)":null,"('0004-PE-2007', 3)":null,"('0004-PE-2007', 4)":null,"('0004-PE-2007', 5)":null},"T\u00edtulo":{"('0004-PE-2007', 0)":"DEROGACION DEL CODIGO DE JUSTICIA MILITAR (LEY 14029 Y MODIFICATORIAS); MODIFICACION DE LOS CODIGOS PENAL Y PROCESAL PENAL DE LA NACION (PROYECTO ELEVADO POR LA COMISION DE TRABAJO CREADA POR RESOLUCION 154\/2006 DEL MINISTERIO DE DEFENSA).","('0004-PE-2007', 1)":null,"('0004-PE-2007', 2)":null,"('0004-PE-2007', 3)":null,"('0004-PE-2007', 4)":null,"('0004-PE-2007', 5)":null},"('Firmantes', 'FIRMANTE')":{"('0004-PE-2007', 0)":"KIRCHNER, NESTOR CARLOS","('0004-PE-2007', 1)":"FERNANDEZ, ALBERTO","('0004-PE-2007', 2)":"IRIBARNE, ALBERTO JUAN BAUTISTA","('0004-PE-2007', 3)":"GARRE, NILDA CELIA","('0004-PE-2007', 4)":null,"('0004-PE-2007', 5)":null},"('Firmantes', 'DISTRITO')":{"('0004-PE-2007', 0)":null,"('0004-PE-2007', 1)":null,"('0004-PE-2007', 2)":null,"('0004-PE-2007', 3)":null,"('0004-PE-2007', 4)":null,"('0004-PE-2007', 5)":null},"('Firmantes', 'BLOQUE')":{"('0004-PE-2007', 0)":"PODER EJECUTIVO","('0004-PE-2007', 1)":"PODER EJECUTIVO","('0004-PE-2007', 2)":"PODER EJECUTIVO","('0004-PE-2007', 3)":"PODER EJECUTIVO","('0004-PE-2007', 4)":null,"('0004-PE-2007', 5)":null},"('Giros', 'COMISI\u00d3N')":{"('0004-PE-2007', 0)":"LEGISLACION PENAL","('0004-PE-2007', 1)":"DEFENSA NACIONAL","('0004-PE-2007', 2)":null,"('0004-PE-2007', 3)":null,"('0004-PE-2007', 4)":null,"('0004-PE-2007', 5)":null},"('Tramites', 'C\u00c1MARA')":{"('0004-PE-2007', 0)":"Diputados","('0004-PE-2007', 1)":"Diputados","('0004-PE-2007', 2)":"Diputados","('0004-PE-2007', 3)":"Senado","('0004-PE-2007', 4)":"Senado","('0004-PE-2007', 5)":"Senado"},"('Tramites', 'MOVIMIENTO')":{"('0004-PE-2007', 0)":"MOCION DE PREFERENCIA CON DICTAMEN (AFIRMATIVA)","('0004-PE-2007', 1)":"CONSIDERACION Y APROBACION CON MODIFICACIONES","('0004-PE-2007', 2)":"INSERCION DEL DIPUTADO GINZBURG","('0004-PE-2007', 3)":"PASA A SENADO -","('0004-PE-2007', 4)":"COMUNICACION DE LA SECRETARIA PARLAMENTARIA DE UN ERROR MATERIAL EN EL PASE (0044-CD-08) (A SUS ANTECEDENTES)","('0004-PE-2007', 5)":"CONSIDERACION Y SANCION"},"('Tramites', 'FECHA')":{"('0004-PE-2007', 0)":"15\/08\/2007","('0004-PE-2007', 1)":"07\/11\/2007","('0004-PE-2007', 2)":"07\/11\/2007","('0004-PE-2007', 3)":null,"('0004-PE-2007', 4)":null,"('0004-PE-2007', 5)":"06\/08\/2008"},"('Tramites', 'RESULTADO')":{"('0004-PE-2007', 0)":null,"('0004-PE-2007', 1)":"MEDIA SANCION","('0004-PE-2007', 2)":null,"('0004-PE-2007', 3)":null,"('0004-PE-2007', 4)":null,"('0004-PE-2007', 5)":"SANCIONADO"},"Sumario":{"('0004-PE-2007', 0)":"ANEXO I (MODIFICACIONES AL CODIGO PENAL Y AL CODIGO PROCESAL PENAL DE LA NACION): MODIFICACION DE LOS ARTICULOS 77, 80, 142 BIS, 219, 220, 222, 246, 252, ; INCORPORACION DE LOS ARTICULOS 209 BIS, 238 BIS, 238 TER, 240 BIS, 241 BIS, 249 BIS, 250 BIS, 253 BIS, 253 TER AL CODIGO PENAL; MODIFICACION DE LOS ARTICULOS 18, 19, 23, 51, 250; INCORPORACION DEL ARTICULO 184 BIS; INCORPORACION DEL CAPITULO II BIS 'ACTOS DE LAS FUERZAS ARMADAS EN TIEMPO DE CONFLICTO ARMADO Y ZONA DE COMBATE' : ARTICULO 187 BIS; ANEXO II: PROCEDIMIENTO PENAL MILITAR PARA TIEMPO DE GUERRA Y OTROS CONFLICTOS ARMADOS; ANEXO III (INSTRUCCIONES A LA POBLACION CIVIL PARA TIEMPOS DE GUERRA Y OTROS CONFLICTOS ARMADOS); ANEXO IV (CODIGO DE DISCIPLINA DE LAS FUERZAS ARMADAS); ANEXO V (SERVICIO DE JUSTICIA CONJUNTO DE LAS FUERZAS ARMADAS).","('0004-PE-2007', 1)":null,"('0004-PE-2007', 2)":null,"('0004-PE-2007', 3)":null,"('0004-PE-2007', 4)":null,"('0004-PE-2007', 5)":null},"Palabra Clave":{"('0004-PE-2007', 0)":" ","('0004-PE-2007', 1)":null,"('0004-PE-2007', 2)":null,"('0004-PE-2007', 3)":null,"('0004-PE-2007', 4)":null,"('0004-PE-2007', 5)":null}}