{"Tipo de Proyecto":{"('0004-D-2007', 0)":"PROYECTO DE RESOLUCI\u00d3N","('0004-D-2007', 1)":null,"('0004-D-2007', 2)":null},"Iniciado en: ":{"('0004-D-2007', 0)":"Diputados","('0004-D-2007', 1)":null,"('0004-D-2007', 2)":null},"Expediente Diputados: ":{"('0004-D-2007', 0)":"0004-D-2007","('0004-D-2007', 1)":null,"('0004-D-2007', 2)":null},"Publicado en: ":{"('0004-D-2007', 0)":"Tr\u00e1mite Parlamentario N\u00b0 1","('0004-D-2007', 1)":null,"('0004-D-2007', 2)":null},"Fecha: ":{"('0004-D-2007', 0)":"01\/03\/2007","('0004-D-2007', 1)":null,"('0004-D-2007', 2)":null},"T\u00edtulo":{"('0004-D-2007', 0)":"PEDIDO DE INFORMES AL PODER EJECUTIVO SOBRE DIVERSAS CUESTIONES RELACIONADAS CON LOS ACCIDENTES DE TRANSITO.","('0004-D-2007', 1)":null,"('0004-D-2007', 2)":null},"('Firmantes', 'FIRMANTE')":{"('0004-D-2007', 0)":"MONTENEGRO, OLINDA","('0004-D-2007', 1)":"FABRIS, LUCIANO RAFAEL","('0004-D-2007', 2)":"ZIMMERMANN, VICTOR"},"('Firmantes', 'DISTRITO')":{"('0004-D-2007', 0)":"CHACO","('0004-D-2007', 1)":"CHACO","('0004-D-2007', 2)":"CHACO"},"('Firmantes', 'BLOQUE')":{"('0004-D-2007', 0)":"UCR","('0004-D-2007', 1)":"UCR","('0004-D-2007', 2)":"UCR"},"('Giros', 'COMISI\u00d3N')":{"('0004-D-2007', 0)":"TRANSPORTES","('0004-D-2007', 1)":null,"('0004-D-2007', 2)":null},"Link":{"('0004-D-2007', 0)":"https:\/\/www.hcdn.gob.ar\/proyectos\/textoCompleto.jsp?exp=0004-D-2007&tipo=RESOLUCION","('0004-D-2007', 1)":null,"('0004-D-2007', 2)":null},"Palabra Clave":{"('0004-D-2007', 0)":" ","('0004-D-2007', 1)":null,"('0004-D-2007', 2)":null}}