{"Tipo de Proyecto":{"('0005-JGM-2007', 0)":"MENSAJE NRO: 0249\/07","('0005-JGM-2007', 1)":null},"Iniciado en: ":{"('0005-JGM-2007', 0)":"Diputados","('0005-JGM-2007', 1)":null},"Expediente Diputados: ":{"('0005-JGM-2007', 0)":"0005-JGM-2007","('0005-JGM-2007', 1)":null},"Publicado en: ":{"('0005-JGM-2007', 0)":"Tr\u00e1mite Parlamentario N\u00b0 80","('0005-JGM-2007', 1)":null},"Fecha: ":{"('0005-JGM-2007', 0)":"29\/06\/2007","('0005-JGM-2007', 1)":null},"T\u00edtulo":{"('0005-JGM-2007', 0)":"REMISION DE LA CUENTA DE INVERSION CORRESPONDIENTE AL EJERCICIO FISCAL 2006, CONFORME A LOS TERMINOS DEL ARTICULO 75, INCISO 8 DE LA CONSTITUCION NACIONAL.","('0005-JGM-2007', 1)":null},"('Firmantes', 'FIRMANTE')":{"('0005-JGM-2007', 0)":"FERNANDEZ, ALBERTO","('0005-JGM-2007', 1)":"MICELI, FELISA JOSEFINA"},"('Firmantes', 'DISTRITO')":{"('0005-JGM-2007', 0)":null,"('0005-JGM-2007', 1)":null},"('Firmantes', 'BLOQUE')":{"('0005-JGM-2007', 0)":"PODER EJECUTIVO","('0005-JGM-2007', 1)":"PODER EJECUTIVO"},"('Giros', 'COMISI\u00d3N')":{"('0005-JGM-2007', 0)":"PARLAMENTARIA MIXTA REVISORA DE CUENTAS","('0005-JGM-2007', 1)":null},"Link":{"('0005-JGM-2007', 0)":"https:\/\/www4.hcdn.gob.ar\/dependencias\/dsecretaria\/Periodo2007\/PDF2007\/TP2007\/0005-JGM-07.pdf","('0005-JGM-2007', 1)":null},"Palabra Clave":{"('0005-JGM-2007', 0)":" ","('0005-JGM-2007', 1)":null}}