{"Tipo de Proyecto":{"('0006-OV-2007', 0)":"PROYECTO DE RESOLUCI\u00d3N"},"Iniciado en: ":{"('0006-OV-2007', 0)":"Senado"},"Expediente Senado: ":{"('0006-OV-2007', 0)":"0006-OV-2007"},"Fecha: ":{"('0006-OV-2007', 0)":"11\/11\/2008"},"T\u00edtulo":{"('0006-OV-2007', 0)":"RESOLUCIONES REMITIDAS POR LA AUDITORIA GENERAL DE LA NACION SOBRE: ESTADOS CONTABLES SEMESTRALES AL 30 DE JUNIO DE 2006, CERTIFICADOS DE GASTOS (SOE), MOVIMIENTO DEL FONDO ROTATORIO BID Y CUMPLIMIENTO DE LAS CLAUSULAS CONTRACTUALES (0006-OV-07); LA TOMA DE CONOCIMIENTO DE LA CERTIFICACION CONTABLE SOBRE LOS ANEXOS DE LA PROPUESTA DE ACTA DE ENTENDIMIENTO ENTRE LOS MINISTROS DE OBRAS Y COMUNICACIONES DE LA REPUBLICA DEL PARAGUAY Y DE PLANIFICACION FEDERAL, INVERSION PUBLICA Y SERVICIOS DE LA REPUBLICA ARGENTINA (0179-OV-07); INFORMES REFERIDOS A LOS ESTADOS CONTABLES E INFORMACION ADICIONAL, A LOS ESTADOS FINANCIEROS DEL PROYECTO, AL LOS CERTIFICADOS DE GASTOS (SOE), AL MOVIMIENTO DEL FONDO ROTATORIO BID Y AL CUMPLIMIENTO DE LAS CLAUSULAS CONTRACTUALES POR EL EJERCICIO TERMINADO EL 31 DE DICIEMBRE DE 2006 (0181-OV-07); INFORME CON SUGERENCIAS PARA MEJORAR LOS PROCEDIMIENTOS CONTABLES Y EL SISTEMA DE CONTROL INTERNO, REFERIDOS A LOS ESTADOS CONTABLES POR EJERCICIO TERMINADO EL 31 DE DICIEMBRE DE 2006 (0182-OV-07), CORRESPONDIENTES A LA ENTIDAD BINACIONAL YACYRETA."},"('Firmantes', 'FIRMANTE')":{"('0006-OV-2007', 0)":"PARLAMENTARIA MIXTA REVISORA DE CUENTAS"},"('Firmantes', 'DISTRITO')":{"('0006-OV-2007', 0)":null},"('Firmantes', 'BLOQUE')":{"('0006-OV-2007', 0)":null},"('Tramites', 'C\u00c1MARA')":{"('0006-OV-2007', 0)":"Senado"},"('Tramites', 'MOVIMIENTO')":{"('0006-OV-2007', 0)":"CONSIDERACION Y APROBACION"},"('Tramites', 'FECHA')":{"('0006-OV-2007', 0)":"18\/11\/2009"},"('Tramites', 'RESULTADO')":{"('0006-OV-2007', 0)":"APROBADO"},"Sumario":{"('0006-OV-2007', 0)":"HABIENDO TOMADO CONOCIMIENTO Y SIN PERJUICIO DE ULTERIORES MEDIDAS QUE PUEDAN ADOPTARSE, SE ACONSEJA SU REMISION AL ARCHIVO."},"Palabra Clave":{"('0006-OV-2007', 0)":" "}}