{"Tipo de Proyecto":{"('0007-PE-2007', 0)":"MENSAJE NRO: 0551\/07","('0007-PE-2007', 1)":null,"('0007-PE-2007', 2)":null},"Iniciado en: ":{"('0007-PE-2007', 0)":"Diputados","('0007-PE-2007', 1)":null,"('0007-PE-2007', 2)":null},"Expediente Diputados: ":{"('0007-PE-2007', 0)":"0007-PE-2007","('0007-PE-2007', 1)":null,"('0007-PE-2007', 2)":null},"Publicado en: ":{"('0007-PE-2007', 0)":"Tr\u00e1mite Parlamentario N\u00b0 52","('0007-PE-2007', 1)":null,"('0007-PE-2007', 2)":null},"Fecha: ":{"('0007-PE-2007', 0)":"17\/05\/2007","('0007-PE-2007', 1)":null,"('0007-PE-2007', 2)":null},"T\u00edtulo":{"('0007-PE-2007', 0)":"COMUNICACION DEL DECRETO 550\/07, POR EL CUAL SE TRANSFIERE LA HABILITACION CON CARACTER PARTICULAR, DE USO PRIVADO Y CON DESTINO INDUSTRIAL Y COMERCIAL, OPORTUNAMENTE OTORGADA A LA FIRMA TRADIGRAIN SOCIEDAD ANONIMA, EL PUERTO UBICADO A LA ALTURA DEL KILOMETRO TRESCIENTOS NOVENTA Y CINCO DEL RIO PARANA, PROVINCIA DE SANTA FE.","('0007-PE-2007', 1)":null,"('0007-PE-2007', 2)":null},"('Firmantes', 'FIRMANTE')":{"('0007-PE-2007', 0)":"KIRCHNER, NESTOR CARLOS","('0007-PE-2007', 1)":"FERNANDEZ, ALBERTO","('0007-PE-2007', 2)":"DE VIDO, JULIO"},"('Firmantes', 'DISTRITO')":{"('0007-PE-2007', 0)":null,"('0007-PE-2007', 1)":null,"('0007-PE-2007', 2)":null},"('Firmantes', 'BLOQUE')":{"('0007-PE-2007', 0)":"PODER EJECUTIVO","('0007-PE-2007', 1)":"PODER EJECUTIVO","('0007-PE-2007', 2)":"PODER EJECUTIVO"},"('Giros', 'COMISI\u00d3N')":{"('0007-PE-2007', 0)":"INTERESES MARITIMOS, FLUVIALES, PESQUEROS Y PORTUARIOS","('0007-PE-2007', 1)":null,"('0007-PE-2007', 2)":null},"Link":{"('0007-PE-2007', 0)":"https:\/\/www4.hcdn.gob.ar\/dependencias\/dsecretaria\/Periodo2007\/PDF2007\/TP2007\/0007-PE-07.pdf","('0007-PE-2007', 1)":null,"('0007-PE-2007', 2)":null},"Palabra Clave":{"('0007-PE-2007', 0)":" ","('0007-PE-2007', 1)":null,"('0007-PE-2007', 2)":null}}