{"Tipo de Proyecto":{"('0008-PE-2007', 0)":"MENSAJE NRO: 0641\/07 Y PROYECTO DE LEY","('0008-PE-2007', 1)":null,"('0008-PE-2007', 2)":null},"Iniciado en: ":{"('0008-PE-2007', 0)":"Diputados","('0008-PE-2007', 1)":null,"('0008-PE-2007', 2)":null},"Expediente Diputados: ":{"('0008-PE-2007', 0)":"0008-PE-2007","('0008-PE-2007', 1)":null,"('0008-PE-2007', 2)":null},"Publicado en: ":{"('0008-PE-2007', 0)":"Tr\u00e1mite Parlamentario N\u00b0 62","('0008-PE-2007', 1)":null,"('0008-PE-2007', 2)":null},"Fecha: ":{"('0008-PE-2007', 0)":"01\/06\/2007","('0008-PE-2007', 1)":null,"('0008-PE-2007', 2)":null},"T\u00edtulo":{"('0008-PE-2007', 0)":"MODIFICACION DE LA LEY 24522 DE CONCURSOS Y QUIEBRAS, SOBRE OPTIMIZACION DEL RECUPERO DE LOS CREDITOS TRIBUTARIOS EN FAVOR DEL FISCO NACIONAL.","('0008-PE-2007', 1)":null,"('0008-PE-2007', 2)":null},"('Firmantes', 'FIRMANTE')":{"('0008-PE-2007', 0)":"KIRCHNER, NESTOR CARLOS","('0008-PE-2007', 1)":"FERNANDEZ, ALBERTO","('0008-PE-2007', 2)":"MICELI, FELISA JOSEFINA"},"('Firmantes', 'DISTRITO')":{"('0008-PE-2007', 0)":null,"('0008-PE-2007', 1)":null,"('0008-PE-2007', 2)":null},"('Firmantes', 'BLOQUE')":{"('0008-PE-2007', 0)":"PODER EJECUTIVO","('0008-PE-2007', 1)":"PODER EJECUTIVO","('0008-PE-2007', 2)":"PODER EJECUTIVO"},"('Giros', 'COMISI\u00d3N')":{"('0008-PE-2007', 0)":"JUSTICIA","('0008-PE-2007', 1)":"LEGISLACION GENERAL","('0008-PE-2007', 2)":null},"Sumario":{"('0008-PE-2007', 0)":"SUSTITUCION DE LOS ARTICULOS 11 (REQUISITOS DEL PEDIDO), 19 (INTERESES), 21 (JUICIOS CONTRA EL CONCURSADO), 27 (EDICTOS), 32 (SOLICITUD DE VERIFICACION), 69 (LEGITIMADO), 72 (REQUISITOS PARA LA HOMOLOGACION), 88 (CONTENIDO), 129 (SUSPENSION DE INTERESES), 200 (PERIODO INFORMATIVO), 241 (CREDITOS CON PRIVILEGIO ESPECIAL) Y 246 (CREDITOS CON PRIVILEGIOS GENERALES).","('0008-PE-2007', 1)":null,"('0008-PE-2007', 2)":null},"Palabra Clave":{"('0008-PE-2007', 0)":" ","('0008-PE-2007', 1)":null,"('0008-PE-2007', 2)":null}}