{"Tipo de Proyecto":{"('0008-D-2007', 0)":"PROYECTO DE RESOLUCI\u00d3N","('0008-D-2007', 1)":null,"('0008-D-2007', 2)":null},"Iniciado en: ":{"('0008-D-2007', 0)":"Diputados","('0008-D-2007', 1)":null,"('0008-D-2007', 2)":null},"Expediente Diputados: ":{"('0008-D-2007', 0)":"0008-D-2007","('0008-D-2007', 1)":null,"('0008-D-2007', 2)":null},"Publicado en: ":{"('0008-D-2007', 0)":"Tr\u00e1mite Parlamentario N\u00b0 1","('0008-D-2007', 1)":null,"('0008-D-2007', 2)":null},"Fecha: ":{"('0008-D-2007', 0)":"01\/03\/2007","('0008-D-2007', 1)":null,"('0008-D-2007', 2)":null},"T\u00edtulo":{"('0008-D-2007', 0)":"PEDIDO DE INFORMES AL PODER EJECUTIVO SOBRE LAS POLITICAS PREVENTIVAS O REPRESIVAS ADOPTADAS RESPECTO A LA TRATA DE PERSONAS EN EL TERRITORIO NACIONAL, Y OTRAS CUESTIONES CONEXAS.","('0008-D-2007', 1)":null,"('0008-D-2007', 2)":null},"('Firmantes', 'FIRMANTE')":{"('0008-D-2007', 0)":"MONTENEGRO, OLINDA","('0008-D-2007', 1)":"FABRIS, LUCIANO RAFAEL","('0008-D-2007', 2)":"ZIMMERMANN, VICTOR"},"('Firmantes', 'DISTRITO')":{"('0008-D-2007', 0)":"CHACO","('0008-D-2007', 1)":"CHACO","('0008-D-2007', 2)":"CHACO"},"('Firmantes', 'BLOQUE')":{"('0008-D-2007', 0)":"UCR","('0008-D-2007', 1)":"UCR","('0008-D-2007', 2)":"UCR"},"('Giros', 'COMISI\u00d3N')":{"('0008-D-2007', 0)":"LEGISLACION PENAL","('0008-D-2007', 1)":null,"('0008-D-2007', 2)":null},"Link":{"('0008-D-2007', 0)":"https:\/\/www.hcdn.gob.ar\/proyectos\/textoCompleto.jsp?exp=0008-D-2007&tipo=RESOLUCION","('0008-D-2007', 1)":null,"('0008-D-2007', 2)":null},"Palabra Clave":{"('0008-D-2007', 0)":" ","('0008-D-2007', 1)":null,"('0008-D-2007', 2)":null}}