{"Tipo de Proyecto":{"('0008-JGM-2007', 0)":"MENSAJE NRO: 0393\/07 Y PROYECTO DE LEY","('0008-JGM-2007', 1)":null,"('0008-JGM-2007', 2)":null,"('0008-JGM-2007', 3)":null,"('0008-JGM-2007', 4)":null,"('0008-JGM-2007', 5)":null,"('0008-JGM-2007', 6)":null,"('0008-JGM-2007', 7)":null,"('0008-JGM-2007', 8)":null,"('0008-JGM-2007', 9)":null,"('0008-JGM-2007', 10)":null,"('0008-JGM-2007', 11)":null},"Iniciado en: ":{"('0008-JGM-2007', 0)":"Diputados","('0008-JGM-2007', 1)":null,"('0008-JGM-2007', 2)":null,"('0008-JGM-2007', 3)":null,"('0008-JGM-2007', 4)":null,"('0008-JGM-2007', 5)":null,"('0008-JGM-2007', 6)":null,"('0008-JGM-2007', 7)":null,"('0008-JGM-2007', 8)":null,"('0008-JGM-2007', 9)":null,"('0008-JGM-2007', 10)":null,"('0008-JGM-2007', 11)":null},"Expediente Diputados: ":{"('0008-JGM-2007', 0)":"0008-JGM-2007","('0008-JGM-2007', 1)":null,"('0008-JGM-2007', 2)":null,"('0008-JGM-2007', 3)":null,"('0008-JGM-2007', 4)":null,"('0008-JGM-2007', 5)":null,"('0008-JGM-2007', 6)":null,"('0008-JGM-2007', 7)":null,"('0008-JGM-2007', 8)":null,"('0008-JGM-2007', 9)":null,"('0008-JGM-2007', 10)":null,"('0008-JGM-2007', 11)":null},"Expediente Senado: ":{"('0008-JGM-2007', 0)":"0135-CD-2007","('0008-JGM-2007', 1)":null,"('0008-JGM-2007', 2)":null,"('0008-JGM-2007', 3)":null,"('0008-JGM-2007', 4)":null,"('0008-JGM-2007', 5)":null,"('0008-JGM-2007', 6)":null,"('0008-JGM-2007', 7)":null,"('0008-JGM-2007', 8)":null,"('0008-JGM-2007', 9)":null,"('0008-JGM-2007', 10)":null,"('0008-JGM-2007', 11)":null},"Publicado en: ":{"('0008-JGM-2007', 0)":"Tr\u00e1mite Parlamentario N\u00b0 125","('0008-JGM-2007', 1)":null,"('0008-JGM-2007', 2)":null,"('0008-JGM-2007', 3)":null,"('0008-JGM-2007', 4)":null,"('0008-JGM-2007', 5)":null,"('0008-JGM-2007', 6)":null,"('0008-JGM-2007', 7)":null,"('0008-JGM-2007', 8)":null,"('0008-JGM-2007', 9)":null,"('0008-JGM-2007', 10)":null,"('0008-JGM-2007', 11)":null},"Fecha: ":{"('0008-JGM-2007', 0)":"14\/09\/2007","('0008-JGM-2007', 1)":null,"('0008-JGM-2007', 2)":null,"('0008-JGM-2007', 3)":null,"('0008-JGM-2007', 4)":null,"('0008-JGM-2007', 5)":null,"('0008-JGM-2007', 6)":null,"('0008-JGM-2007', 7)":null,"('0008-JGM-2007', 8)":null,"('0008-JGM-2007', 9)":null,"('0008-JGM-2007', 10)":null,"('0008-JGM-2007', 11)":null},"T\u00edtulo":{"('0008-JGM-2007', 0)":"PRESUPUESTO GENERAL DE LA ADMINISTRACION NACIONAL PARA EL EJERCICIO FISCAL CORRESPONDIENTE AL A\u00d1O 2008.","('0008-JGM-2007', 1)":null,"('0008-JGM-2007', 2)":null,"('0008-JGM-2007', 3)":null,"('0008-JGM-2007', 4)":null,"('0008-JGM-2007', 5)":null,"('0008-JGM-2007', 6)":null,"('0008-JGM-2007', 7)":null,"('0008-JGM-2007', 8)":null,"('0008-JGM-2007', 9)":null,"('0008-JGM-2007', 10)":null,"('0008-JGM-2007', 11)":null},"('Firmantes', 'FIRMANTE')":{"('0008-JGM-2007', 0)":"FERNANDEZ, ALBERTO","('0008-JGM-2007', 1)":"PEIRANO, MIGUEL GUSTAVO","('0008-JGM-2007', 2)":null,"('0008-JGM-2007', 3)":null,"('0008-JGM-2007', 4)":null,"('0008-JGM-2007', 5)":null,"('0008-JGM-2007', 6)":null,"('0008-JGM-2007', 7)":null,"('0008-JGM-2007', 8)":null,"('0008-JGM-2007', 9)":null,"('0008-JGM-2007', 10)":null,"('0008-JGM-2007', 11)":null},"('Firmantes', 'DISTRITO')":{"('0008-JGM-2007', 0)":null,"('0008-JGM-2007', 1)":null,"('0008-JGM-2007', 2)":null,"('0008-JGM-2007', 3)":null,"('0008-JGM-2007', 4)":null,"('0008-JGM-2007', 5)":null,"('0008-JGM-2007', 6)":null,"('0008-JGM-2007', 7)":null,"('0008-JGM-2007', 8)":null,"('0008-JGM-2007', 9)":null,"('0008-JGM-2007', 10)":null,"('0008-JGM-2007', 11)":null},"('Firmantes', 'BLOQUE')":{"('0008-JGM-2007', 0)":"PODER EJECUTIVO","('0008-JGM-2007', 1)":"PODER EJECUTIVO","('0008-JGM-2007', 2)":null,"('0008-JGM-2007', 3)":null,"('0008-JGM-2007', 4)":null,"('0008-JGM-2007', 5)":null,"('0008-JGM-2007', 6)":null,"('0008-JGM-2007', 7)":null,"('0008-JGM-2007', 8)":null,"('0008-JGM-2007', 9)":null,"('0008-JGM-2007', 10)":null,"('0008-JGM-2007', 11)":null},"('Giros', 'COMISI\u00d3N')":{"('0008-JGM-2007', 0)":"PRESUPUESTO Y HACIENDA","('0008-JGM-2007', 1)":null,"('0008-JGM-2007', 2)":null,"('0008-JGM-2007', 3)":null,"('0008-JGM-2007', 4)":null,"('0008-JGM-2007', 5)":null,"('0008-JGM-2007', 6)":null,"('0008-JGM-2007', 7)":null,"('0008-JGM-2007', 8)":null,"('0008-JGM-2007', 9)":null,"('0008-JGM-2007', 10)":null,"('0008-JGM-2007', 11)":null},"('Tramites', 'C\u00c1MARA')":{"('0008-JGM-2007', 0)":"Diputados","('0008-JGM-2007', 1)":"Diputados","('0008-JGM-2007', 2)":"Diputados","('0008-JGM-2007', 3)":"Diputados","('0008-JGM-2007', 4)":"Diputados","('0008-JGM-2007', 5)":"Diputados","('0008-JGM-2007', 6)":"Diputados","('0008-JGM-2007', 7)":"Senado","('0008-JGM-2007', 8)":"Senado","('0008-JGM-2007', 9)":"Senado","('0008-JGM-2007', 10)":"Senado","('0008-JGM-2007', 11)":"Diputados"},"('Tramites', 'MOVIMIENTO')":{"('0008-JGM-2007', 0)":"MOCION DE PREFERENCIA PARA LA PROXIMA SESION CON DICTAMEN (AFIRMATIVA)","('0008-JGM-2007', 1)":"MOCION SOBRE TABLAS (PLAN DE LABOR) (AFIRMATIVA)","('0008-JGM-2007', 2)":"COMIENZA CONSIDERACION","('0008-JGM-2007', 3)":"INSERCION DEL DIPUTADO GODOY","('0008-JGM-2007', 4)":"INSERCION DEL DIPUTADO BULLRICH","('0008-JGM-2007', 5)":"CONSIDERACION Y APROBACION CON MODIFICACIONES","('0008-JGM-2007', 6)":"INSERCION DE LOS DIPUTADOS BOSH DE SARTORI, DE MARCHI, GALVALISI, LEYBA DE MARTI Y VACA NARVAJA","('0008-JGM-2007', 7)":"PASA A SENADO -","('0008-JGM-2007', 8)":"MANIFESTACIONES","('0008-JGM-2007', 9)":"CONSIDERACION Y SANCION","('0008-JGM-2007', 10)":"INSERCIONES DE LOS SENADORES MARINO, PINCHETTI DE SIERRA MORALES, BASUALDO, ROSSI Y SALVATORI","('0008-JGM-2007', 11)":"COMUNICACION DEL DECRETO 152\/2007 del 26\/12\/2007 DE VETO PARCIAL Y PROMULGACION, OBSERVASE ULTIMO PARRAFO DEL ARTICULO 12, UNA FRASE DEL ARTICULO 72 Y LOS ARTICULOS 34, 68, 74, 82, 85, 86, 88, 90, 91, 96, 97 Y 98"},"('Tramites', 'FECHA')":{"('0008-JGM-2007', 0)":"14\/11\/2007","('0008-JGM-2007', 1)":"21\/11\/2007","('0008-JGM-2007', 2)":"21\/11\/2007","('0008-JGM-2007', 3)":"21\/11\/2007","('0008-JGM-2007', 4)":"21\/11\/2007","('0008-JGM-2007', 5)":"22\/11\/2007","('0008-JGM-2007', 6)":"22\/11\/2007","('0008-JGM-2007', 7)":null,"('0008-JGM-2007', 8)":"05\/12\/2007","('0008-JGM-2007', 9)":"05\/12\/2007","('0008-JGM-2007', 10)":"05\/12\/2007","('0008-JGM-2007', 11)":null},"('Tramites', 'RESULTADO')":{"('0008-JGM-2007', 0)":null,"('0008-JGM-2007', 1)":null,"('0008-JGM-2007', 2)":null,"('0008-JGM-2007', 3)":null,"('0008-JGM-2007', 4)":null,"('0008-JGM-2007', 5)":"MEDIA SANCION","('0008-JGM-2007', 6)":null,"('0008-JGM-2007', 7)":null,"('0008-JGM-2007', 8)":null,"('0008-JGM-2007', 9)":"SANCIONADO","('0008-JGM-2007', 10)":null,"('0008-JGM-2007', 11)":null},"Sumario":{"('0008-JGM-2007', 0)":"DISPOSICIONES GENERALES; FIJANSE EN $ 161.486.462.174 LOS GASTOS CORRIENTES Y DE CAPITAL DEL PRESUPUESTO PARA EL EJERCICIO 2008; DELEGACION DE FACULTADES; NORMAS SOBRE GASTOS; INCORPORACION DE PARRAFO SEXTO AL ARTICULO 117 DE LA LEY 11672 (COMPLEMENTARIA DEL PRESUPUESTO); NORMAS SOBRE RECURSOS; DEROGACION DEL ARTICULO 2 DEL DECRETO 2049\/92 Y EL ARTICULO 70 DEL DECRETO 2284\/91; MODIFICACION DE LOS ARTICULOS 33 Y 41 DE LA LEY 11672 (COMPLEMENTARIA PERMANENTE DEL PRESUPUESTO); CUPOS FISCALES; CANCELACION DE DEUDAS DE ORIGEN PREVISIONAL; JUBILACIONES Y PENSIONES; PRORROGA POR DIEZ A\u00d1OS DE LAS PENSIONES OTORGADAS EN VIRTUD DE LAS LEYES 13337 Y ARTICULO 44 DE LA 24764 (PENSIONES GRACIABLES); CONDICIONES; DEROGACION DEL ARTICULO 49 DE LA LEY 26198 (PRESUPUESTO GENERAL 2007); OPERACIONES DE CREDITO PUBLICO; MODIFICACION DEL ARTICULO 51 DE LA LEY 25967; SUSTITUCION DEL ARTICULO 65 DE LA LEY 24156.","('0008-JGM-2007', 1)":null,"('0008-JGM-2007', 2)":null,"('0008-JGM-2007', 3)":null,"('0008-JGM-2007', 4)":null,"('0008-JGM-2007', 5)":null,"('0008-JGM-2007', 6)":null,"('0008-JGM-2007', 7)":null,"('0008-JGM-2007', 8)":null,"('0008-JGM-2007', 9)":null,"('0008-JGM-2007', 10)":null,"('0008-JGM-2007', 11)":null},"Palabra Clave":{"('0008-JGM-2007', 0)":" ","('0008-JGM-2007', 1)":null,"('0008-JGM-2007', 2)":null,"('0008-JGM-2007', 3)":null,"('0008-JGM-2007', 4)":null,"('0008-JGM-2007', 5)":null,"('0008-JGM-2007', 6)":null,"('0008-JGM-2007', 7)":null,"('0008-JGM-2007', 8)":null,"('0008-JGM-2007', 9)":null,"('0008-JGM-2007', 10)":null,"('0008-JGM-2007', 11)":null}}