{"Tipo de Proyecto":{"('0009-S-2007', 0)":"PROYECTO DE LEY"},"Iniciado en: ":{"('0009-S-2007', 0)":"Senado"},"Expediente Senado: ":{"('0009-S-2007', 0)":"0009-S-2007"},"Publicado en: ":{"('0009-S-2007', 0)":"Diario de Asuntos Entrados N\u00b0 1"},"Fecha: ":{"('0009-S-2007', 0)":"01\/03\/2007"},"T\u00edtulo":{"('0009-S-2007', 0)":"MODIFICACION DE LA LEY 13512 DE PROPIEDAD HORIZONTAL (REPRODUCCION DEL EXPEDIENTE 1252-S-05)."},"('Firmantes', 'FIRMANTE')":{"('0009-S-2007', 0)":"IBARRA, VILMA LIDIA"},"('Firmantes', 'DISTRITO')":{"('0009-S-2007', 0)":"CIUDAD de BUENOS AIRES"},"('Firmantes', 'BLOQUE')":{"('0009-S-2007', 0)":"PARTIDO DE LA VICTORIA"},"Sumario":{"('0009-S-2007', 0)":"INCORPORACION DE SEGUNDO PARRAFO AL ARTICULO 8 (PROHIBICION DE IMPONER A LOS PROPIETARIOS DE UNIDADES EL PAGO DE SERVICIOS COMUNES DE MANTENIMIENTO QUE NO PUEDEN UTILIZAR O QUE SUS UNIDADES NO ESTAN HABILITADAS PARA RECIBIR); MODIFICACION DEL ARTICULO 9 (FLEXIBILIZACION DE LOS MECANISMOS PARA LA MODIFICACION DEL REGLAMENTO DE COPROPIEDAD Y ADMINISTRACION)."},"Palabra Clave":{"('0009-S-2007', 0)":" "}}