{"Tipo de Proyecto":{"('0010-D-2007', 0)":"PROYECTO DE LEY","('0010-D-2007', 1)":null},"Iniciado en: ":{"('0010-D-2007', 0)":"Diputados","('0010-D-2007', 1)":null},"Expediente Diputados: ":{"('0010-D-2007', 0)":"0010-D-2007","('0010-D-2007', 1)":null},"Publicado en: ":{"('0010-D-2007', 0)":"Tr\u00e1mite Parlamentario N\u00b0 1","('0010-D-2007', 1)":null},"Fecha: ":{"('0010-D-2007', 0)":"01\/03\/2007","('0010-D-2007', 1)":null},"T\u00edtulo":{"('0010-D-2007', 0)":"CREACION DE UN FONDO COMPENSATORIO DEL ESTADO NACIONAL A LAS PROVINCIAS POR LA APROPIACION DE LA RIQUEZA NATURAL CON EL OBJETO DE PROMOVER ACTIVIDADES AGROPECUARIAS, INVESTIGACION, DESARROLLO E INNOVACION: TRANSFERENCIA A LAS PROVINCIAS DEL 50% DEL PRODUCIDO QUE SE OBTENGA POR PERCEPCION DE RETENCIONES A LAS EXPORTACIONES DE ORIGEN AGROPECUARIO Y SUS MANUFACTURAS (REPRODUCCION DEL EXPEDIENTE 3339-D-03).","('0010-D-2007', 1)":null},"('Firmantes', 'FIRMANTE')":{"('0010-D-2007', 0)":"ALARCON, MARIA DEL CARMEN","('0010-D-2007', 1)":null},"('Firmantes', 'DISTRITO')":{"('0010-D-2007', 0)":"SANTA FE","('0010-D-2007', 1)":null},"('Firmantes', 'BLOQUE')":{"('0010-D-2007', 0)":"MOVIMIENTO PAMPA SUR","('0010-D-2007', 1)":null},"('Giros', 'COMISI\u00d3N')":{"('0010-D-2007', 0)":"PRESUPUESTO Y HACIENDA","('0010-D-2007', 1)":"AGRICULTURA Y GANADERIA"},"Palabra Clave":{"('0010-D-2007', 0)":" ","('0010-D-2007', 1)":null}}