{"Tipo de Proyecto":{"('0011-PE-2007', 0)":"MENSAJE NRO: 1026\/07 Y PROYECTO DE LEY","('0011-PE-2007', 1)":null,"('0011-PE-2007', 2)":null,"('0011-PE-2007', 3)":null,"('0011-PE-2007', 4)":null,"('0011-PE-2007', 5)":null,"('0011-PE-2007', 6)":null,"('0011-PE-2007', 7)":null},"Iniciado en: ":{"('0011-PE-2007', 0)":"Diputados","('0011-PE-2007', 1)":null,"('0011-PE-2007', 2)":null,"('0011-PE-2007', 3)":null,"('0011-PE-2007', 4)":null,"('0011-PE-2007', 5)":null,"('0011-PE-2007', 6)":null,"('0011-PE-2007', 7)":null},"Expediente Diputados: ":{"('0011-PE-2007', 0)":"0011-PE-2007","('0011-PE-2007', 1)":null,"('0011-PE-2007', 2)":null,"('0011-PE-2007', 3)":null,"('0011-PE-2007', 4)":null,"('0011-PE-2007', 5)":null,"('0011-PE-2007', 6)":null,"('0011-PE-2007', 7)":null},"Expediente Senado: ":{"('0011-PE-2007', 0)":"0081-CD-2007","('0011-PE-2007', 1)":null,"('0011-PE-2007', 2)":null,"('0011-PE-2007', 3)":null,"('0011-PE-2007', 4)":null,"('0011-PE-2007', 5)":null,"('0011-PE-2007', 6)":null,"('0011-PE-2007', 7)":null},"Publicado en: ":{"('0011-PE-2007', 0)":"Tr\u00e1mite Parlamentario N\u00b0 96","('0011-PE-2007', 1)":null,"('0011-PE-2007', 2)":null,"('0011-PE-2007', 3)":null,"('0011-PE-2007', 4)":null,"('0011-PE-2007', 5)":null,"('0011-PE-2007', 6)":null,"('0011-PE-2007', 7)":null},"Fecha: ":{"('0011-PE-2007', 0)":"26\/07\/2007","('0011-PE-2007', 1)":null,"('0011-PE-2007', 2)":null,"('0011-PE-2007', 3)":null,"('0011-PE-2007', 4)":null,"('0011-PE-2007', 5)":null,"('0011-PE-2007', 6)":null,"('0011-PE-2007', 7)":null},"T\u00edtulo":{"('0011-PE-2007', 0)":"MODIFICACIONES A LA LEY DE IMPUESTO A LAS GANANCIAS (TO 1997): MINIMO NO IMPONIBLE Y REDUCCION IMPORTES. ","('0011-PE-2007', 1)":null,"('0011-PE-2007', 2)":null,"('0011-PE-2007', 3)":null,"('0011-PE-2007', 4)":null,"('0011-PE-2007', 5)":null,"('0011-PE-2007', 6)":null,"('0011-PE-2007', 7)":null},"('Firmantes', 'FIRMANTE')":{"('0011-PE-2007', 0)":"KIRCHNER, NESTOR CARLOS","('0011-PE-2007', 1)":"FERNANDEZ, ALBERTO","('0011-PE-2007', 2)":"PEIRANO, MIGUEL GUSTAVO","('0011-PE-2007', 3)":null,"('0011-PE-2007', 4)":null,"('0011-PE-2007', 5)":null,"('0011-PE-2007', 6)":null,"('0011-PE-2007', 7)":null},"('Firmantes', 'DISTRITO')":{"('0011-PE-2007', 0)":null,"('0011-PE-2007', 1)":null,"('0011-PE-2007', 2)":null,"('0011-PE-2007', 3)":null,"('0011-PE-2007', 4)":null,"('0011-PE-2007', 5)":null,"('0011-PE-2007', 6)":null,"('0011-PE-2007', 7)":null},"('Firmantes', 'BLOQUE')":{"('0011-PE-2007', 0)":"PODER EJECUTIVO","('0011-PE-2007', 1)":"PODER EJECUTIVO","('0011-PE-2007', 2)":"PODER EJECUTIVO","('0011-PE-2007', 3)":null,"('0011-PE-2007', 4)":null,"('0011-PE-2007', 5)":null,"('0011-PE-2007', 6)":null,"('0011-PE-2007', 7)":null},"('Giros', 'COMISI\u00d3N')":{"('0011-PE-2007', 0)":"PRESUPUESTO Y HACIENDA","('0011-PE-2007', 1)":null,"('0011-PE-2007', 2)":null,"('0011-PE-2007', 3)":null,"('0011-PE-2007', 4)":null,"('0011-PE-2007', 5)":null,"('0011-PE-2007', 6)":null,"('0011-PE-2007', 7)":null},"('Tramites', 'C\u00c1MARA')":{"('0011-PE-2007', 0)":"Diputados","('0011-PE-2007', 1)":"Diputados","('0011-PE-2007', 2)":"Diputados","('0011-PE-2007', 3)":"Diputados","('0011-PE-2007', 4)":"Diputados","('0011-PE-2007', 5)":"Senado","('0011-PE-2007', 6)":"Senado","('0011-PE-2007', 7)":"Senado"},"('Tramites', 'MOVIMIENTO')":{"('0011-PE-2007', 0)":"MOCION SOBRE TABLAS (PLAN DE LABOR) (AFIRMATIVA)","('0011-PE-2007', 1)":"CONSIDERACION Y APROBACION EN GENERAL","('0011-PE-2007', 2)":"VOTACION NOMINAL EN PARTICULAR DE LOS ARTICULOS 1 Y 3","('0011-PE-2007', 3)":"CONSIDERACION Y APROBACION","('0011-PE-2007', 4)":"INSERCIONES DE LOS DIPUTADOS GALVALISI Y MARIA AMERICA GONZALEZ","('0011-PE-2007', 5)":"PASA A SENADO -","('0011-PE-2007', 6)":"CONSIDERACION Y SANCION","('0011-PE-2007', 7)":"INSERCION DE LOS SENADORES GIUSTI, SALVATORI, VIUDES, MASSONI, ROSSI Y GIUSTINIANI"},"('Tramites', 'FECHA')":{"('0011-PE-2007', 0)":"08\/08\/2007","('0011-PE-2007', 1)":"08\/08\/2007","('0011-PE-2007', 2)":"08\/08\/2007","('0011-PE-2007', 3)":"08\/08\/2007","('0011-PE-2007', 4)":"08\/08\/2007","('0011-PE-2007', 5)":null,"('0011-PE-2007', 6)":"22\/08\/2007","('0011-PE-2007', 7)":"22\/08\/2007"},"('Tramites', 'RESULTADO')":{"('0011-PE-2007', 0)":null,"('0011-PE-2007', 1)":null,"('0011-PE-2007', 2)":null,"('0011-PE-2007', 3)":"MEDIA SANCION","('0011-PE-2007', 4)":null,"('0011-PE-2007', 5)":null,"('0011-PE-2007', 6)":"SANCIONADO","('0011-PE-2007', 7)":null},"Sumario":{"('0011-PE-2007', 0)":"SUSTITUCION DEL INCISO B) (CARGAS DE FAMILIA) DEL ARTICULO 23; SUSTITUCION DEL TERCER PARRAFO DEL INCISO C) (ELEVAR 3,8 VECES EL IMPORTE CUANDO SE TRATE DE LAS GANANCIAS REFERIDAS EN LOS INCISOS A), B) Y C) DEL ARTICULO 79) DEL ARTICULO 23; SUSTITUCION DEL ARTICULO SIN NUMERO INCORPORADO A CONTINUACION DEL ARTICULO 23 (TABLA PARA AL REDUCCION PAULATINA DEL IMPORTE DEDUCIDO); APLICACION A PARTIR DEL 1 DE ENERO DE 2007.","('0011-PE-2007', 1)":null,"('0011-PE-2007', 2)":null,"('0011-PE-2007', 3)":null,"('0011-PE-2007', 4)":null,"('0011-PE-2007', 5)":null,"('0011-PE-2007', 6)":null,"('0011-PE-2007', 7)":null},"Palabra Clave":{"('0011-PE-2007', 0)":" ","('0011-PE-2007', 1)":null,"('0011-PE-2007', 2)":null,"('0011-PE-2007', 3)":null,"('0011-PE-2007', 4)":null,"('0011-PE-2007', 5)":null,"('0011-PE-2007', 6)":null,"('0011-PE-2007', 7)":null}}