{"Tipo de Proyecto":{"('0013-PE-2007', 0)":"MENSAJE NRO: 1209\/07","('0013-PE-2007', 1)":null,"('0013-PE-2007', 2)":null},"Iniciado en: ":{"('0013-PE-2007', 0)":"Diputados","('0013-PE-2007', 1)":null,"('0013-PE-2007', 2)":null},"Expediente Diputados: ":{"('0013-PE-2007', 0)":"0013-PE-2007","('0013-PE-2007', 1)":null,"('0013-PE-2007', 2)":null},"Publicado en: ":{"('0013-PE-2007', 0)":"Tr\u00e1mite Parlamentario N\u00b0 119","('0013-PE-2007', 1)":null,"('0013-PE-2007', 2)":null},"Fecha: ":{"('0013-PE-2007', 0)":"07\/09\/2007","('0013-PE-2007', 1)":null,"('0013-PE-2007', 2)":null},"T\u00edtulo":{"('0013-PE-2007', 0)":"COMUNICACION DEL DICTADO DEL DECRETO 1203\/07, TENDIENTE A LA APROBACION DEL PLAN DE ACCION Y EL PRESUPUESTO DE GASTOS Y RECURSOS PARA EL EJERCICIO 2007 DE LAS INSTITUCIONES PERTENECIENTES AL SISTEMA BANCARIO OFICIAL.","('0013-PE-2007', 1)":null,"('0013-PE-2007', 2)":null},"('Firmantes', 'FIRMANTE')":{"('0013-PE-2007', 0)":"KIRCHNER, NESTOR CARLOS","('0013-PE-2007', 1)":"FERNANDEZ, ALBERTO","('0013-PE-2007', 2)":"PEIRANO, MIGUEL GUSTAVO"},"('Firmantes', 'DISTRITO')":{"('0013-PE-2007', 0)":null,"('0013-PE-2007', 1)":null,"('0013-PE-2007', 2)":null},"('Firmantes', 'BLOQUE')":{"('0013-PE-2007', 0)":"PODER EJECUTIVO","('0013-PE-2007', 1)":"PODER EJECUTIVO","('0013-PE-2007', 2)":"PODER EJECUTIVO"},"('Giros', 'COMISI\u00d3N')":{"('0013-PE-2007', 0)":"FINANZAS","('0013-PE-2007', 1)":"PRESUPUESTO Y HACIENDA","('0013-PE-2007', 2)":null},"Link":{"('0013-PE-2007', 0)":"https:\/\/www4.hcdn.gob.ar\/dependencias\/dsecretaria\/Periodo2007\/PDF2007\/TP2007\/0013-PE-07.pdf","('0013-PE-2007', 1)":null,"('0013-PE-2007', 2)":null},"Palabra Clave":{"('0013-PE-2007', 0)":" ","('0013-PE-2007', 1)":null,"('0013-PE-2007', 2)":null}}