{"Tipo de Proyecto":{"('0013-D-2007', 0)":"PROYECTO DE DECLARACI\u00d3N"},"Iniciado en: ":{"('0013-D-2007', 0)":"Diputados"},"Expediente Diputados: ":{"('0013-D-2007', 0)":"0013-D-2007"},"Publicado en: ":{"('0013-D-2007', 0)":"Tr\u00e1mite Parlamentario N\u00b0 1"},"Fecha: ":{"('0013-D-2007', 0)":"01\/03\/2007"},"T\u00edtulo":{"('0013-D-2007', 0)":"EXPRESAR BENEPLACITO POR LA REAPARICION DEL AVE \"BAILARIN CASTA\u00d1O\", UNA ESPECIE EN VIAS DE EXTINCION, EN LA PROVINCIA DE MISIONES."},"('Firmantes', 'FIRMANTE')":{"('0013-D-2007', 0)":"AG\u00dcERO, ELDA SUSANA"},"('Firmantes', 'DISTRITO')":{"('0013-D-2007', 0)":"BUENOS AIRES"},"('Firmantes', 'BLOQUE')":{"('0013-D-2007', 0)":"FRENTE PARA LA VICTORIA - PJ"},"('Giros', 'COMISI\u00d3N')":{"('0013-D-2007', 0)":"RECURSOS NATURALES Y CONSERVACION DEL AMBIENTE HUMANO"},"Link":{"('0013-D-2007', 0)":"https:\/\/www.hcdn.gob.ar\/proyectos\/textoCompleto.jsp?exp=0013-D-2007&tipo=DECLARACION"},"Palabra Clave":{"('0013-D-2007', 0)":" "}}