{"Tipo de Proyecto":{"('0014-S-2007', 0)":"PROYECTO DE LEY"},"Iniciado en: ":{"('0014-S-2007', 0)":"Senado"},"Expediente Senado: ":{"('0014-S-2007', 0)":"0014-S-2007"},"Publicado en: ":{"('0014-S-2007', 0)":"Diario de Asuntos Entrados N\u00b0 1"},"Fecha: ":{"('0014-S-2007', 0)":"01\/03\/2007"},"T\u00edtulo":{"('0014-S-2007', 0)":"SOMETER AL PROCESO DE RENEGOCIACION AL CONTRATO DE CONCESION DEL SERVICIO PUBLICO DE TRANSPORTE DE CARGAS DE LA EMPRESA FERROCARRIL GENERAL BELGRANO S.A., DE CONFORMIDAD CON LO PREVISTOS EN LAS LEYES 25561 Y 26024."},"('Firmantes', 'FIRMANTE')":{"('0014-S-2007', 0)":"BORTOLOZZI DE BOGADO, ADRIANA RAQUEL"},"('Firmantes', 'DISTRITO')":{"('0014-S-2007', 0)":"FORMOSA"},"('Firmantes', 'BLOQUE')":{"('0014-S-2007', 0)":"JUSTICIALISTA"},"('Tramites', 'C\u00c1MARA')":{"('0014-S-2007', 0)":"Senado"},"('Tramites', 'MOVIMIENTO')":{"('0014-S-2007', 0)":"REPRODUCIDO POR EXPEDIENTE 0205-S-09"},"('Tramites', 'FECHA')":{"('0014-S-2007', 0)":null},"('Tramites', 'RESULTADO')":{"('0014-S-2007', 0)":null},"Link":{"('0014-S-2007', 0)":"http:\/\/www.senado.gov.ar\/parlamentario\/comisiones\/verExp\/14.07\/S\/PL"},"Palabra Clave":{"('0014-S-2007', 0)":" "}}