{"Tipo de Proyecto":{"('0014-PE-2007', 0)":"MENSAJE NRO: 1227\/07 Y PROYECTO DE LEY","('0014-PE-2007', 1)":null,"('0014-PE-2007', 2)":null,"('0014-PE-2007', 3)":null},"Iniciado en: ":{"('0014-PE-2007', 0)":"Diputados","('0014-PE-2007', 1)":null,"('0014-PE-2007', 2)":null,"('0014-PE-2007', 3)":null},"Expediente Diputados: ":{"('0014-PE-2007', 0)":"0014-PE-2007","('0014-PE-2007', 1)":null,"('0014-PE-2007', 2)":null,"('0014-PE-2007', 3)":null},"Expediente Senado: ":{"('0014-PE-2007', 0)":"0127-CD-2007","('0014-PE-2007', 1)":null,"('0014-PE-2007', 2)":null,"('0014-PE-2007', 3)":null},"Publicado en: ":{"('0014-PE-2007', 0)":"Tr\u00e1mite Parlamentario N\u00b0 123","('0014-PE-2007', 1)":null,"('0014-PE-2007', 2)":null,"('0014-PE-2007', 3)":null},"Fecha: ":{"('0014-PE-2007', 0)":"13\/09\/2007","('0014-PE-2007', 1)":null,"('0014-PE-2007', 2)":null,"('0014-PE-2007', 3)":null},"T\u00edtulo":{"('0014-PE-2007', 0)":"SUSTITUCION DEL ARTICULO 33 DE LA LEY 26198, DE PRESUPUESTO GENERAL 2007, AMPLIANDO PARTIDAS PARA EL PROGRAMA DE FOMENTO A LA INVERSION DE CAPITAL DE RIESGO EN EMPRESAS DE LAS AREAS DE CIENCIA, TECNOLOGIA E INNOVACION PRODUCTIVA, DECRETO 1297\/06.","('0014-PE-2007', 1)":null,"('0014-PE-2007', 2)":null,"('0014-PE-2007', 3)":null},"('Firmantes', 'FIRMANTE')":{"('0014-PE-2007', 0)":"KIRCHNER, NESTOR CARLOS","('0014-PE-2007', 1)":"FERNANDEZ, ALBERTO","('0014-PE-2007', 2)":"PEIRANO, MIGUEL GUSTAVO","('0014-PE-2007', 3)":"FILMUS, DANIEL"},"('Firmantes', 'DISTRITO')":{"('0014-PE-2007', 0)":null,"('0014-PE-2007', 1)":null,"('0014-PE-2007', 2)":null,"('0014-PE-2007', 3)":null},"('Firmantes', 'BLOQUE')":{"('0014-PE-2007', 0)":"PODER EJECUTIVO","('0014-PE-2007', 1)":"PODER EJECUTIVO","('0014-PE-2007', 2)":"PODER EJECUTIVO","('0014-PE-2007', 3)":"PODER EJECUTIVO"},"('Giros', 'COMISI\u00d3N')":{"('0014-PE-2007', 0)":"PRESUPUESTO Y HACIENDA","('0014-PE-2007', 1)":null,"('0014-PE-2007', 2)":null,"('0014-PE-2007', 3)":null},"('Tramites', 'C\u00c1MARA')":{"('0014-PE-2007', 0)":"Diputados","('0014-PE-2007', 1)":"Diputados","('0014-PE-2007', 2)":"Senado","('0014-PE-2007', 3)":"Senado"},"('Tramites', 'MOVIMIENTO')":{"('0014-PE-2007', 0)":"MOCION DE PREFERENCIA PARA LA PROXIMA SESION CON DICTAMEN (AFIRMATIVA)","('0014-PE-2007', 1)":"CONSIDERACION Y APROBACION","('0014-PE-2007', 2)":"PASA A SENADO -","('0014-PE-2007', 3)":"CONSIDERACION Y SANCION"},"('Tramites', 'FECHA')":{"('0014-PE-2007', 0)":"07\/11\/2007","('0014-PE-2007', 1)":"21\/11\/2007","('0014-PE-2007', 2)":null,"('0014-PE-2007', 3)":"12\/12\/2007"},"('Tramites', 'RESULTADO')":{"('0014-PE-2007', 0)":null,"('0014-PE-2007', 1)":"MEDIA SANCION","('0014-PE-2007', 2)":null,"('0014-PE-2007', 3)":"SANCIONADO"},"Link":{"('0014-PE-2007', 0)":"https:\/\/www4.hcdn.gob.ar\/dependencias\/dsecretaria\/Periodo2007\/PDF2007\/TP2007\/0014-PE-07.pdf","('0014-PE-2007', 1)":null,"('0014-PE-2007', 2)":null,"('0014-PE-2007', 3)":null},"Palabra Clave":{"('0014-PE-2007', 0)":" ","('0014-PE-2007', 1)":null,"('0014-PE-2007', 2)":null,"('0014-PE-2007', 3)":null}}