{"Tipo de Proyecto":{"('0014-JGM-2007', 0)":"MENSAJE NRO: 0663\/07","('0014-JGM-2007', 1)":null,"('0014-JGM-2007', 2)":null},"Iniciado en: ":{"('0014-JGM-2007', 0)":"Diputados","('0014-JGM-2007', 1)":null,"('0014-JGM-2007', 2)":null},"Expediente Diputados: ":{"('0014-JGM-2007', 0)":"0014-JGM-2007","('0014-JGM-2007', 1)":null,"('0014-JGM-2007', 2)":null},"Publicado en: ":{"('0014-JGM-2007', 0)":"Tr\u00e1mite Parlamentario N\u00b0 0","('0014-JGM-2007', 1)":null,"('0014-JGM-2007', 2)":null},"Fecha: ":{"('0014-JGM-2007', 0)":"06\/12\/2007","('0014-JGM-2007', 1)":null,"('0014-JGM-2007', 2)":null},"T\u00edtulo":{"('0014-JGM-2007', 0)":"COMUNICACION DEL DICTADO DEL DECRETO 1798\/07 POR EL CUAL SE MODIFICA EL DECRETO 135\/06 SOBRE RECLASIFICACION DE PROYECTOS NO INDUSTRIALES.","('0014-JGM-2007', 1)":null,"('0014-JGM-2007', 2)":null},"('Firmantes', 'FIRMANTE')":{"('0014-JGM-2007', 0)":"FERNANDEZ, ALBERTO","('0014-JGM-2007', 1)":"PEIRANO, MIGUEL GUSTAVO","('0014-JGM-2007', 2)":null},"('Firmantes', 'DISTRITO')":{"('0014-JGM-2007', 0)":null,"('0014-JGM-2007', 1)":null,"('0014-JGM-2007', 2)":null},"('Firmantes', 'BLOQUE')":{"('0014-JGM-2007', 0)":"PODER EJECUTIVO","('0014-JGM-2007', 1)":"PODER EJECUTIVO","('0014-JGM-2007', 2)":null},"('Giros', 'COMISI\u00d3N')":{"('0014-JGM-2007', 0)":"BICAMERAL PERMANENTE DE TRAMITE LEGISLATIVO - LEY 26122","('0014-JGM-2007', 1)":null,"('0014-JGM-2007', 2)":null},"('Tramites', 'C\u00c1MARA')":{"('0014-JGM-2007', 0)":"Diputados","('0014-JGM-2007', 1)":"Diputados","('0014-JGM-2007', 2)":"Diputados"},"('Tramites', 'MOVIMIENTO')":{"('0014-JGM-2007', 0)":"MOCION SOBRE TABLAS (PLAN DE LABOR) (AFIRMATIVA)","('0014-JGM-2007', 1)":"CONSIDERACION Y APROBACION","('0014-JGM-2007', 2)":"INSERCION DEL DIPUTADO LANDAU"},"('Tramites', 'FECHA')":{"('0014-JGM-2007', 0)":"12\/03\/2008","('0014-JGM-2007', 1)":"09\/04\/2008","('0014-JGM-2007', 2)":"09\/04\/2008"},"('Tramites', 'RESULTADO')":{"('0014-JGM-2007', 0)":null,"('0014-JGM-2007', 1)":"APROBADO","('0014-JGM-2007', 2)":null},"Palabra Clave":{"('0014-JGM-2007', 0)":" ","('0014-JGM-2007', 1)":null,"('0014-JGM-2007', 2)":null}}