{"Tipo de Proyecto":{"('0015-JGM-2007', 0)":"MENSAJE NRO: 0693\/07","('0015-JGM-2007', 1)":null,"('0015-JGM-2007', 2)":null},"Iniciado en: ":{"('0015-JGM-2007', 0)":"Diputados","('0015-JGM-2007', 1)":null,"('0015-JGM-2007', 2)":null},"Expediente Diputados: ":{"('0015-JGM-2007', 0)":"0015-JGM-2007","('0015-JGM-2007', 1)":null,"('0015-JGM-2007', 2)":null},"Publicado en: ":{"('0015-JGM-2007', 0)":"Tr\u00e1mite Parlamentario N\u00b0 0","('0015-JGM-2007', 1)":null,"('0015-JGM-2007', 2)":null},"Fecha: ":{"('0015-JGM-2007', 0)":"06\/12\/2007","('0015-JGM-2007', 1)":null,"('0015-JGM-2007', 2)":null},"T\u00edtulo":{"('0015-JGM-2007', 0)":"COMUNICACION DEL DICTADO DEL DECRETO 1628\/07 POR EL CUAL SE SUSTITUYE EL ARTICULO 7 DE LA LEY PARA EL INSTITUTO DE AYUDA FINANCIERA PARA EL PAGO DE RETIROS Y PENSIONES MILITARES 22919.","('0015-JGM-2007', 1)":null,"('0015-JGM-2007', 2)":null},"('Firmantes', 'FIRMANTE')":{"('0015-JGM-2007', 0)":"FERNANDEZ, ALBERTO","('0015-JGM-2007', 1)":"GARRE, NILDA CELIA","('0015-JGM-2007', 2)":null},"('Firmantes', 'DISTRITO')":{"('0015-JGM-2007', 0)":null,"('0015-JGM-2007', 1)":null,"('0015-JGM-2007', 2)":null},"('Firmantes', 'BLOQUE')":{"('0015-JGM-2007', 0)":"PODER EJECUTIVO","('0015-JGM-2007', 1)":"PODER EJECUTIVO","('0015-JGM-2007', 2)":null},"('Giros', 'COMISI\u00d3N')":{"('0015-JGM-2007', 0)":"BICAMERAL PERMANENTE DE TRAMITE LEGISLATIVO - LEY 26122","('0015-JGM-2007', 1)":null,"('0015-JGM-2007', 2)":null},"('Tramites', 'C\u00c1MARA')":{"('0015-JGM-2007', 0)":"Diputados","('0015-JGM-2007', 1)":"Diputados","('0015-JGM-2007', 2)":"Diputados"},"('Tramites', 'MOVIMIENTO')":{"('0015-JGM-2007', 0)":"MOCION SOBRE TABLAS (PLAN DE LABOR) (AFIRMATIVA)","('0015-JGM-2007', 1)":"CONSIDERACION Y APROBACION","('0015-JGM-2007', 2)":"INSERCION DEL DIPUTADO LANDAU"},"('Tramites', 'FECHA')":{"('0015-JGM-2007', 0)":"12\/03\/2008","('0015-JGM-2007', 1)":"09\/04\/2008","('0015-JGM-2007', 2)":"09\/04\/2008"},"('Tramites', 'RESULTADO')":{"('0015-JGM-2007', 0)":null,"('0015-JGM-2007', 1)":"APROBADO","('0015-JGM-2007', 2)":null},"Palabra Clave":{"('0015-JGM-2007', 0)":" ","('0015-JGM-2007', 1)":null,"('0015-JGM-2007', 2)":null}}