{"Tipo de Proyecto":{"('0015-PE-2007', 0)":"MENSAJE NRO: 1246\/07","('0015-PE-2007', 1)":null,"('0015-PE-2007', 2)":null,"('0015-PE-2007', 3)":null},"Iniciado en: ":{"('0015-PE-2007', 0)":"Diputados","('0015-PE-2007', 1)":null,"('0015-PE-2007', 2)":null,"('0015-PE-2007', 3)":null},"Expediente Diputados: ":{"('0015-PE-2007', 0)":"0015-PE-2007","('0015-PE-2007', 1)":null,"('0015-PE-2007', 2)":null,"('0015-PE-2007', 3)":null},"Publicado en: ":{"('0015-PE-2007', 0)":"Tr\u00e1mite Parlamentario N\u00b0 127","('0015-PE-2007', 1)":null,"('0015-PE-2007', 2)":null,"('0015-PE-2007', 3)":null},"Fecha: ":{"('0015-PE-2007', 0)":"18\/09\/2007","('0015-PE-2007', 1)":null,"('0015-PE-2007', 2)":null,"('0015-PE-2007', 3)":null},"T\u00edtulo":{"('0015-PE-2007', 0)":"COMUNICACION DEL DECRETO 1245\/07 POR EL CUAL SE RATIFICA EL ACTA ACUERDO DE RENEGOCIACION CONTRACTUAL SUSCRIPTA POR LA UNIDAD DE RENEGOCIACION Y ANALISIS DE CONTRATOS DE SERVICIOS PUBLICOS Y LA EMPRESA DE TRANSPORTE DE ENERGIA ELECTRICA POR DISTRIBUCION TRONCAL DEL NOROESTE ARGENTINO SA - TRANSNOA SA.","('0015-PE-2007', 1)":null,"('0015-PE-2007', 2)":null,"('0015-PE-2007', 3)":null},"('Firmantes', 'FIRMANTE')":{"('0015-PE-2007', 0)":"KIRCHNER, NESTOR CARLOS","('0015-PE-2007', 1)":"FERNANDEZ, ALBERTO","('0015-PE-2007', 2)":"DE VIDO, JULIO","('0015-PE-2007', 3)":"PEIRANO, MIGUEL GUSTAVO"},"('Firmantes', 'DISTRITO')":{"('0015-PE-2007', 0)":null,"('0015-PE-2007', 1)":null,"('0015-PE-2007', 2)":null,"('0015-PE-2007', 3)":null},"('Firmantes', 'BLOQUE')":{"('0015-PE-2007', 0)":"PODER EJECUTIVO","('0015-PE-2007', 1)":"PODER EJECUTIVO","('0015-PE-2007', 2)":"PODER EJECUTIVO","('0015-PE-2007', 3)":"PODER EJECUTIVO"},"('Giros', 'COMISI\u00d3N')":{"('0015-PE-2007', 0)":"BICAMERAL DE SEGUIMIENTO DE FACULTADES DELEGADAS AL PODER EJECUTIVO NACIONAL - LEY 25561","('0015-PE-2007', 1)":null,"('0015-PE-2007', 2)":null,"('0015-PE-2007', 3)":null},"Link":{"('0015-PE-2007', 0)":"https:\/\/www4.hcdn.gob.ar\/dependencias\/dsecretaria\/Periodo2007\/PDF2007\/TP2007\/0015-PE-07.pdf","('0015-PE-2007', 1)":null,"('0015-PE-2007', 2)":null,"('0015-PE-2007', 3)":null},"Palabra Clave":{"('0015-PE-2007', 0)":" ","('0015-PE-2007', 1)":null,"('0015-PE-2007', 2)":null,"('0015-PE-2007', 3)":null}}