{"Tipo de Proyecto":{"('0015-S-2007', 0)":"PROYECTO DE LEY"},"Iniciado en: ":{"('0015-S-2007', 0)":"Senado"},"Expediente Senado: ":{"('0015-S-2007', 0)":"0015-S-2007"},"Publicado en: ":{"('0015-S-2007', 0)":"Diario de Asuntos Entrados N\u00b0 1"},"Fecha: ":{"('0015-S-2007', 0)":"01\/03\/2007"},"T\u00edtulo":{"('0015-S-2007', 0)":"DISPOSICIONES ANTICIPADAS O TESTAMENTO DE VIDA (REPRODUCCION DEL EXPEDIENTE 4088-S-05)."},"('Firmantes', 'FIRMANTE')":{"('0015-S-2007', 0)":"BORTOLOZZI DE BOGADO, ADRIANA RAQUEL"},"('Firmantes', 'DISTRITO')":{"('0015-S-2007', 0)":"FORMOSA"},"('Firmantes', 'BLOQUE')":{"('0015-S-2007', 0)":"JUSTICIALISTA"},"('Tramites', 'C\u00c1MARA')":{"('0015-S-2007', 0)":"Senado"},"('Tramites', 'MOVIMIENTO')":{"('0015-S-2007', 0)":"REPRODUCIDO POR EXPEDIENTE 0204-S-09"},"('Tramites', 'FECHA')":{"('0015-S-2007', 0)":null},"('Tramites', 'RESULTADO')":{"('0015-S-2007', 0)":null},"Sumario":{"('0015-S-2007', 0)":"SERA CONSIDERADA MALA PRAXIS PROFESIONAL EL NO CUMPLIMIENTO DE LAS DIRECTIVAS ANTICIPADAS O TESTAMENTO VITAL, OTORGADOS EN PLENA CAPACIDAD DE HECHO Y DE DERECHO POR INSTRUMENTO PUBLICO, PRESENTADAS POR PACIENTES CON ENFERMEDAD TERMINAL O EN ESTADO DE INCONSCIENCIA IRREVERSIBLE O DEPENDIENTE DE MEDIOS MECANICOS EXTERNOS PARA LA VIDA."},"Palabra Clave":{"('0015-S-2007', 0)":" "}}