{"Tipo de Proyecto":{"('0016-S-2007', 0)":"PROYECTO DE LEY"},"Iniciado en: ":{"('0016-S-2007', 0)":"Senado"},"Expediente Senado: ":{"('0016-S-2007', 0)":"0016-S-2007"},"Publicado en: ":{"('0016-S-2007', 0)":"Diario de Asuntos Entrados N\u00b0 1"},"Fecha: ":{"('0016-S-2007', 0)":"01\/03\/2007"},"T\u00edtulo":{"('0016-S-2007', 0)":"SISTEMA DE EVALUACION PARA LOS JUECES DE LOS TRIBUNALES INFERIORES DE LA NACION QUE HAYAN SIDO NOMBRADOS CON ANTERIORIDAD A LA INTEGRACION Y FUNCIONAMIENTO DEL CONSEJO DE LA MAGISTRATURA (REPRODUCCION DEL EXPEDIENTE 4086-S-05)."},"('Firmantes', 'FIRMANTE')":{"('0016-S-2007', 0)":"BORTOLOZZI DE BOGADO, ADRIANA RAQUEL"},"('Firmantes', 'DISTRITO')":{"('0016-S-2007', 0)":"FORMOSA"},"('Firmantes', 'BLOQUE')":{"('0016-S-2007', 0)":"JUSTICIALISTA"},"('Tramites', 'C\u00c1MARA')":{"('0016-S-2007', 0)":"Senado"},"('Tramites', 'MOVIMIENTO')":{"('0016-S-2007', 0)":"REPRODUCIDO POR EXPEDIENTE 0328-S-09"},"('Tramites', 'FECHA')":{"('0016-S-2007', 0)":null},"('Tramites', 'RESULTADO')":{"('0016-S-2007', 0)":null},"Link":{"('0016-S-2007', 0)":"http:\/\/www.senado.gov.ar\/parlamentario\/comisiones\/verExp\/16.07\/S\/PL"},"Palabra Clave":{"('0016-S-2007', 0)":" "}}