{"Tipo de Proyecto":{"('0016-D-2007', 0)":"PROYECTO DE DECLARACI\u00d3N"},"Iniciado en: ":{"('0016-D-2007', 0)":"Diputados"},"Expediente Diputados: ":{"('0016-D-2007', 0)":"0016-D-2007"},"Publicado en: ":{"('0016-D-2007', 0)":"Tr\u00e1mite Parlamentario N\u00b0 1"},"Fecha: ":{"('0016-D-2007', 0)":"01\/03\/2007"},"T\u00edtulo":{"('0016-D-2007', 0)":"SOLICITAR AL PODER EJECUTIVO DISPONGA QUE LA CARRERA DE MECANICO DENTAL DICTADA POR LA FACULTAD DE ODONTOLOGIA DE LA UNIVERSIDAD NACIONAL DE LA PLATA SEA COMO TECNICATURA."},"('Firmantes', 'FIRMANTE')":{"('0016-D-2007', 0)":"AG\u00dcERO, ELDA SUSANA"},"('Firmantes', 'DISTRITO')":{"('0016-D-2007', 0)":"BUENOS AIRES"},"('Firmantes', 'BLOQUE')":{"('0016-D-2007', 0)":"FRENTE PARA LA VICTORIA - PJ"},"('Giros', 'COMISI\u00d3N')":{"('0016-D-2007', 0)":"EDUCACION"},"Link":{"('0016-D-2007', 0)":"https:\/\/www.hcdn.gob.ar\/proyectos\/textoCompleto.jsp?exp=0016-D-2007&tipo=DECLARACION"},"Palabra Clave":{"('0016-D-2007', 0)":" "}}