{"Tipo de Proyecto":{"('0017-D-2007', 0)":"PROYECTO DE LEY","('0017-D-2007', 1)":null,"('0017-D-2007', 2)":null},"Iniciado en: ":{"('0017-D-2007', 0)":"Diputados","('0017-D-2007', 1)":null,"('0017-D-2007', 2)":null},"Expediente Diputados: ":{"('0017-D-2007', 0)":"0017-D-2007","('0017-D-2007', 1)":null,"('0017-D-2007', 2)":null},"Publicado en: ":{"('0017-D-2007', 0)":"Tr\u00e1mite Parlamentario N\u00b0 1","('0017-D-2007', 1)":null,"('0017-D-2007', 2)":null},"Fecha: ":{"('0017-D-2007', 0)":"01\/03\/2007","('0017-D-2007', 1)":null,"('0017-D-2007', 2)":null},"T\u00edtulo":{"('0017-D-2007', 0)":"LEY 24445, DE FERIADOS NACIONALES: INCORPORAR COMO DIAS NO LABORABLES LOS LUNES Y MARTES DE CARNAVAL.","('0017-D-2007', 1)":null,"('0017-D-2007', 2)":null},"('Firmantes', 'FIRMANTE')":{"('0017-D-2007', 0)":"AG\u00dcERO, ELDA SUSANA","('0017-D-2007', 1)":null,"('0017-D-2007', 2)":null},"('Firmantes', 'DISTRITO')":{"('0017-D-2007', 0)":"BUENOS AIRES","('0017-D-2007', 1)":null,"('0017-D-2007', 2)":null},"('Firmantes', 'BLOQUE')":{"('0017-D-2007', 0)":"FRENTE PARA LA VICTORIA - PJ","('0017-D-2007', 1)":null,"('0017-D-2007', 2)":null},"('Giros', 'COMISI\u00d3N')":{"('0017-D-2007', 0)":"LEGISLACION GENERAL","('0017-D-2007', 1)":"TURISMO","('0017-D-2007', 2)":"CULTURA"},"('Tramites', 'C\u00c1MARA')":{"('0017-D-2007', 0)":"Diputados","('0017-D-2007', 1)":null,"('0017-D-2007', 2)":null},"('Tramites', 'MOVIMIENTO')":{"('0017-D-2007', 0)":"RESOLUCION DE PRESIDENCIA - AMPLIACION DE GIRO A LA COMISION DE CULTURA.","('0017-D-2007', 1)":null,"('0017-D-2007', 2)":null},"('Tramites', 'FECHA')":{"('0017-D-2007', 0)":"03\/12\/2008","('0017-D-2007', 1)":null,"('0017-D-2007', 2)":null},"('Tramites', 'RESULTADO')":{"('0017-D-2007', 0)":null,"('0017-D-2007', 1)":null,"('0017-D-2007', 2)":null},"Sumario":{"('0017-D-2007', 0)":"LUNES Y MARTES INMEDIATAMENTE PREVIOS AL MIERCOLES DE CENIZA DE LA CUARESMA CATOLICA; DEROGACION DE TODA NORMA QUE SE OPONGA A LA PRESENTE.","('0017-D-2007', 1)":null,"('0017-D-2007', 2)":null},"Palabra Clave":{"('0017-D-2007', 0)":" ","('0017-D-2007', 1)":null,"('0017-D-2007', 2)":null}}