{"Tipo de Proyecto":{"('0017-PE-2007', 0)":"MENSAJE NRO: 1347\/07 Y PROYECTO DE LEY","('0017-PE-2007', 1)":null,"('0017-PE-2007', 2)":null,"('0017-PE-2007', 3)":null},"Iniciado en: ":{"('0017-PE-2007', 0)":"Diputados","('0017-PE-2007', 1)":null,"('0017-PE-2007', 2)":null,"('0017-PE-2007', 3)":null},"Expediente Diputados: ":{"('0017-PE-2007', 0)":"0017-PE-2007","('0017-PE-2007', 1)":null,"('0017-PE-2007', 2)":null,"('0017-PE-2007', 3)":null},"Expediente Senado: ":{"('0017-PE-2007', 0)":"0125-CD-2008","('0017-PE-2007', 1)":null,"('0017-PE-2007', 2)":null,"('0017-PE-2007', 3)":null},"Publicado en: ":{"('0017-PE-2007', 0)":"Tr\u00e1mite Parlamentario N\u00b0 137","('0017-PE-2007', 1)":null,"('0017-PE-2007', 2)":null,"('0017-PE-2007', 3)":null},"Fecha: ":{"('0017-PE-2007', 0)":"04\/10\/2007","('0017-PE-2007', 1)":null,"('0017-PE-2007', 2)":null,"('0017-PE-2007', 3)":null},"T\u00edtulo":{"('0017-PE-2007', 0)":"MODIFICACION DE LA LEY 19349 DE GENDARMERIA NACIONAL, CREACION DEL REGIMEN DISCIPLINARIO DE DICHA FUERZA.","('0017-PE-2007', 1)":null,"('0017-PE-2007', 2)":null,"('0017-PE-2007', 3)":null},"('Firmantes', 'FIRMANTE')":{"('0017-PE-2007', 0)":"KIRCHNER, NESTOR CARLOS","('0017-PE-2007', 1)":"FERNANDEZ, ALBERTO","('0017-PE-2007', 2)":"FERNANDEZ, ANIBAL","('0017-PE-2007', 3)":null},"('Firmantes', 'DISTRITO')":{"('0017-PE-2007', 0)":null,"('0017-PE-2007', 1)":null,"('0017-PE-2007', 2)":null,"('0017-PE-2007', 3)":null},"('Firmantes', 'BLOQUE')":{"('0017-PE-2007', 0)":"PODER EJECUTIVO","('0017-PE-2007', 1)":"PODER EJECUTIVO","('0017-PE-2007', 2)":"PODER EJECUTIVO","('0017-PE-2007', 3)":null},"('Giros', 'COMISI\u00d3N')":{"('0017-PE-2007', 0)":"SEGURIDAD INTERIOR","('0017-PE-2007', 1)":"LEGISLACION PENAL","('0017-PE-2007', 2)":null,"('0017-PE-2007', 3)":null},"('Tramites', 'C\u00c1MARA')":{"('0017-PE-2007', 0)":"Diputados","('0017-PE-2007', 1)":"Diputados","('0017-PE-2007', 2)":"Diputados","('0017-PE-2007', 3)":"Senado"},"('Tramites', 'MOVIMIENTO')":{"('0017-PE-2007', 0)":"RESOLUCION DE PRESIDENCIA - CAMBIO DE ORDEN DE LAS COMISIONES","('0017-PE-2007', 1)":"MOCION DE PREFERENCIA PARA LA PROXIMA SESION CON DICTAMEN (AFIRMATIVA)","('0017-PE-2007', 2)":"CONSIDERACION Y APROBACION","('0017-PE-2007', 3)":"PASA A SENADO -"},"('Tramites', 'FECHA')":{"('0017-PE-2007', 0)":"11\/06\/2008","('0017-PE-2007', 1)":"03\/09\/2008","('0017-PE-2007', 2)":"17\/12\/2008","('0017-PE-2007', 3)":null},"('Tramites', 'RESULTADO')":{"('0017-PE-2007', 0)":null,"('0017-PE-2007', 1)":null,"('0017-PE-2007', 2)":"MEDIA SANCION","('0017-PE-2007', 3)":null},"Sumario":{"('0017-PE-2007', 0)":"INCORPORACION DEL PARRAFO QUINTO AL ARTICULO 77 DEL CODIGO PENAL, MODIFICACIONES A LA LEY 19349: SUSTITUCION DEL ARTICULO 16, DEROGACION DE LOS ARTICULOS 17, 18, 19 Y 20; SUSTITUCION DE LOS ARTICULOS 21 Y 22, DEL INCISO A) DEL ARTICULO 27 Y DEL INCISO A) DEL ARTICULO 29, INCORPORACION DEL ANEXO 3 (REGIMEN DISCIPLINARIO), DEROGACION DEL DECRETO 712\/89 EN LO QUE SE OPONGA A LA PRESENTE.","('0017-PE-2007', 1)":null,"('0017-PE-2007', 2)":null,"('0017-PE-2007', 3)":null},"Palabra Clave":{"('0017-PE-2007', 0)":" ","('0017-PE-2007', 1)":null,"('0017-PE-2007', 2)":null,"('0017-PE-2007', 3)":null}}