{"Tipo de Proyecto":{"('0018-S-2007', 0)":"COMUNICACION"},"Iniciado en: ":{"('0018-S-2007', 0)":"Senado"},"Expediente Senado: ":{"('0018-S-2007', 0)":"0018-S-2007"},"Publicado en: ":{"('0018-S-2007', 0)":"Diario de Asuntos Entrados N\u00b0 1"},"Fecha: ":{"('0018-S-2007', 0)":"01\/03\/2007"},"T\u00edtulo":{"('0018-S-2007', 0)":"SOLICITAR AL PODER EJECUTIVO LA REGLAMENTACION DEL ARTICULO 28 DE LA LEY 26198 (PRESUPUESTO 2007) , SOBRE LA FACULTAD DE DISPONER INCREMENTOS EN LAS DEDUCCIONES DEL ARTICULO 23 Y LAS CONSECUENTES MODIFICACIONES AL ARTICULO AGREGADO A CONTINUACION DEL MISMO DE LA LEY DE IMPUESTO A LAS GANANCIAS."},"('Firmantes', 'FIRMANTE')":{"('0018-S-2007', 0)":"BORTOLOZZI DE BOGADO, ADRIANA RAQUEL"},"('Firmantes', 'DISTRITO')":{"('0018-S-2007', 0)":"FORMOSA"},"('Firmantes', 'BLOQUE')":{"('0018-S-2007', 0)":"JUSTICIALISTA"},"Link":{"('0018-S-2007', 0)":"http:\/\/www.senado.gov.ar\/parlamentario\/comisiones\/verExp\/18.07\/S\/PC"},"Palabra Clave":{"('0018-S-2007', 0)":" "}}