{"Tipo de Proyecto":{"('0019-D-2007', 0)":"PROYECTO DE RESOLUCI\u00d3N"},"Iniciado en: ":{"('0019-D-2007', 0)":"Diputados"},"Expediente Diputados: ":{"('0019-D-2007', 0)":"0019-D-2007"},"Publicado en: ":{"('0019-D-2007', 0)":"Tr\u00e1mite Parlamentario N\u00b0 1"},"Fecha: ":{"('0019-D-2007', 0)":"01\/03\/2007"},"T\u00edtulo":{"('0019-D-2007', 0)":"SOLICITAR AL PODER EJECUTIVO DISPONGA LA DEROGACION DE LA RESOLUCION DE LA COMISION NACIONAL DE COMUNICACIONES N\u00ba 2926\/99, EN LA QUE AUTORIZA A LAS EMPRESAS PROVEEDORAS DEL SERVICIO TELEFONICO AL COBRO DE LAS LLAMADAS REALIZADAS AL SERVICIO 110 QUE PRESTAN LAS MISMAS."},"('Firmantes', 'FIRMANTE')":{"('0019-D-2007', 0)":"AG\u00dcERO, ELDA SUSANA"},"('Firmantes', 'DISTRITO')":{"('0019-D-2007', 0)":"BUENOS AIRES"},"('Firmantes', 'BLOQUE')":{"('0019-D-2007', 0)":"FRENTE PARA LA VICTORIA - PJ"},"('Giros', 'COMISI\u00d3N')":{"('0019-D-2007', 0)":"COMUNICACIONES E INFORMATICA"},"('Tramites', 'C\u00c1MARA')":{"('0019-D-2007', 0)":"Diputados"},"('Tramites', 'MOVIMIENTO')":{"('0019-D-2007', 0)":"CONSIDERACION Y APROBACION CONJUNTAMENTE PARA LOS EXPEDIENTES 0019-D-2007 y 0474-D-2007"},"('Tramites', 'FECHA')":{"('0019-D-2007', 0)":"27\/06\/2007"},"('Tramites', 'RESULTADO')":{"('0019-D-2007', 0)":"APROBADO"},"Link":{"('0019-D-2007', 0)":"https:\/\/www.hcdn.gob.ar\/proyectos\/textoCompleto.jsp?exp=0019-D-2007&tipo=RESOLUCION"},"Palabra Clave":{"('0019-D-2007', 0)":" "}}