{"Tipo de Proyecto":{"('0019-PE-2007', 0)":"MENSAJE NRO: 1475\/07 Y PROYECTO DE LEY","('0019-PE-2007', 1)":null,"('0019-PE-2007', 2)":null,"('0019-PE-2007', 3)":null},"Iniciado en: ":{"('0019-PE-2007', 0)":"Diputados","('0019-PE-2007', 1)":null,"('0019-PE-2007', 2)":null,"('0019-PE-2007', 3)":null},"Expediente Diputados: ":{"('0019-PE-2007', 0)":"0019-PE-2007","('0019-PE-2007', 1)":null,"('0019-PE-2007', 2)":null,"('0019-PE-2007', 3)":null},"Expediente Senado: ":{"('0019-PE-2007', 0)":"0153-CD-2007","('0019-PE-2007', 1)":null,"('0019-PE-2007', 2)":null,"('0019-PE-2007', 3)":null},"Publicado en: ":{"('0019-PE-2007', 0)":"Tr\u00e1mite Parlamentario N\u00b0 142","('0019-PE-2007', 1)":null,"('0019-PE-2007', 2)":null,"('0019-PE-2007', 3)":null},"Fecha: ":{"('0019-PE-2007', 0)":"18\/10\/2007","('0019-PE-2007', 1)":null,"('0019-PE-2007', 2)":null,"('0019-PE-2007', 3)":null},"T\u00edtulo":{"('0019-PE-2007', 0)":"CREACION DE UNA ADUANA CON ASIENTO EN LA CIUDAD GENERAL DEHEZA, DEPARTAMENTO DE JUAREZ CELMAN, PROVINCIA DE CORDOBA.","('0019-PE-2007', 1)":null,"('0019-PE-2007', 2)":null,"('0019-PE-2007', 3)":null},"('Firmantes', 'FIRMANTE')":{"('0019-PE-2007', 0)":"KIRCHNER, NESTOR CARLOS","('0019-PE-2007', 1)":"FERNANDEZ, ALBERTO","('0019-PE-2007', 2)":"PEIRANO, MIGUEL GUSTAVO","('0019-PE-2007', 3)":null},"('Firmantes', 'DISTRITO')":{"('0019-PE-2007', 0)":null,"('0019-PE-2007', 1)":null,"('0019-PE-2007', 2)":null,"('0019-PE-2007', 3)":null},"('Firmantes', 'BLOQUE')":{"('0019-PE-2007', 0)":"PODER EJECUTIVO","('0019-PE-2007', 1)":"PODER EJECUTIVO","('0019-PE-2007', 2)":"PODER EJECUTIVO","('0019-PE-2007', 3)":null},"('Giros', 'COMISI\u00d3N')":{"('0019-PE-2007', 0)":"ECONOMIA","('0019-PE-2007', 1)":"PRESUPUESTO Y HACIENDA","('0019-PE-2007', 2)":null,"('0019-PE-2007', 3)":null},"('Tramites', 'C\u00c1MARA')":{"('0019-PE-2007', 0)":"Diputados","('0019-PE-2007', 1)":"Diputados","('0019-PE-2007', 2)":"Senado","('0019-PE-2007', 3)":"Senado"},"('Tramites', 'MOVIMIENTO')":{"('0019-PE-2007', 0)":"MOCION SOBRE TABLAS (PLAN DE LABOR) (AFIRMATIVA)","('0019-PE-2007', 1)":"CONSIDERACION Y APROBACION","('0019-PE-2007', 2)":"PASA A SENADO -","('0019-PE-2007', 3)":"CONSIDERACION Y SANCION"},"('Tramites', 'FECHA')":{"('0019-PE-2007', 0)":"21\/11\/2007","('0019-PE-2007', 1)":"28\/11\/2007","('0019-PE-2007', 2)":null,"('0019-PE-2007', 3)":"12\/03\/2008"},"('Tramites', 'RESULTADO')":{"('0019-PE-2007', 0)":null,"('0019-PE-2007', 1)":"MEDIA SANCION","('0019-PE-2007', 2)":null,"('0019-PE-2007', 3)":"SANCIONADO"},"Link":{"('0019-PE-2007', 0)":"https:\/\/www4.hcdn.gob.ar\/dependencias\/dsecretaria\/Periodo2007\/PDF2007\/TP2007\/0019-PE-07.pdf","('0019-PE-2007', 1)":null,"('0019-PE-2007', 2)":null,"('0019-PE-2007', 3)":null},"Palabra Clave":{"('0019-PE-2007', 0)":" ","('0019-PE-2007', 1)":null,"('0019-PE-2007', 2)":null,"('0019-PE-2007', 3)":null}}