{"Tipo de Proyecto":{"('0019-S-2007', 0)":"COMUNICACION","('0019-S-2007', 1)":null},"Iniciado en: ":{"('0019-S-2007', 0)":"Senado","('0019-S-2007', 1)":null},"Expediente Senado: ":{"('0019-S-2007', 0)":"0019-S-2007","('0019-S-2007', 1)":null},"Publicado en: ":{"('0019-S-2007', 0)":"Diario de Asuntos Entrados N\u00b0 1","('0019-S-2007', 1)":null},"Fecha: ":{"('0019-S-2007', 0)":"01\/03\/2007","('0019-S-2007', 1)":null},"T\u00edtulo":{"('0019-S-2007', 0)":"SOLICITAR AL PODER EJECUTIVO DISPONGA LAS MEDIDAS PARA EL CUMPLIMIENTO DE LA LEY 24836, CONVENIO EN MATERIA DE SALUD CON LA REPUBLICA DEL PARAGUAY, RESPECTO AL ALERTA NACIONAL CONTRA EL DENGUE.","('0019-S-2007', 1)":null},"('Firmantes', 'FIRMANTE')":{"('0019-S-2007', 0)":"BORTOLOZZI DE BOGADO, ADRIANA RAQUEL","('0019-S-2007', 1)":null},"('Firmantes', 'DISTRITO')":{"('0019-S-2007', 0)":"FORMOSA","('0019-S-2007', 1)":null},"('Firmantes', 'BLOQUE')":{"('0019-S-2007', 0)":"JUSTICIALISTA","('0019-S-2007', 1)":null},"('Tramites', 'C\u00c1MARA')":{"('0019-S-2007', 0)":"Senado","('0019-S-2007', 1)":"Senado"},"('Tramites', 'MOVIMIENTO')":{"('0019-S-2007', 0)":"CONSIDERACION Y APROBACION CONJUNTAMENTE PARA LOS EXPEDIENTES 0022-S-2007, 0019-S-2007, 0154-S-2007, 0177-S-2007, 0436-S-2007 y 0439-S-2007","('0019-S-2007', 1)":"CONTESTACION DEL PODER EJECUTIVO NACIONAL - GIRADO A LA COMISION RESPECTIVA"},"('Tramites', 'FECHA')":{"('0019-S-2007', 0)":"08\/08\/2007","('0019-S-2007', 1)":"13\/02\/2008"},"('Tramites', 'RESULTADO')":{"('0019-S-2007', 0)":"APROBADO","('0019-S-2007', 1)":null},"Link":{"('0019-S-2007', 0)":"http:\/\/www.senado.gov.ar\/parlamentario\/comisiones\/verExp\/19.07\/S\/PC","('0019-S-2007', 1)":null},"Palabra Clave":{"('0019-S-2007', 0)":" ","('0019-S-2007', 1)":null}}