{"Tipo de Proyecto":{"('0020-PE-2007', 0)":"MENSAJE NRO: 1609\/07 Y PROYECTO DE LEY","('0020-PE-2007', 1)":null,"('0020-PE-2007', 2)":null},"Iniciado en: ":{"('0020-PE-2007', 0)":"Diputados","('0020-PE-2007', 1)":null,"('0020-PE-2007', 2)":null},"Expediente Diputados: ":{"('0020-PE-2007', 0)":"0020-PE-2007","('0020-PE-2007', 1)":null,"('0020-PE-2007', 2)":null},"Publicado en: ":{"('0020-PE-2007', 0)":"Tr\u00e1mite Parlamentario N\u00b0 150","('0020-PE-2007', 1)":null,"('0020-PE-2007', 2)":null},"Fecha: ":{"('0020-PE-2007', 0)":"13\/11\/2007","('0020-PE-2007', 1)":null,"('0020-PE-2007', 2)":null},"T\u00edtulo":{"('0020-PE-2007', 0)":"TRANSFERIR EL INMUEBLE DEL ESTADO NACIONAL DONDE SE ERIGE LA PARROQUIA SAN JUAN BAUTISTA EL PRECURSOR A LA IGLESIA CATOLICA APOSTOLICA ROMANA A TITULO GRATUITO, EN LA CIUDAD AUTONOMA DE BUENOS AIRES.","('0020-PE-2007', 1)":null,"('0020-PE-2007', 2)":null},"('Firmantes', 'FIRMANTE')":{"('0020-PE-2007', 0)":"KIRCHNER, NESTOR CARLOS","('0020-PE-2007', 1)":"FERNANDEZ, ALBERTO","('0020-PE-2007', 2)":"TAIANA, JORGE ENRIQUE"},"('Firmantes', 'DISTRITO')":{"('0020-PE-2007', 0)":null,"('0020-PE-2007', 1)":null,"('0020-PE-2007', 2)":null},"('Firmantes', 'BLOQUE')":{"('0020-PE-2007', 0)":"PODER EJECUTIVO","('0020-PE-2007', 1)":"PODER EJECUTIVO","('0020-PE-2007', 2)":"PODER EJECUTIVO"},"('Giros', 'COMISI\u00d3N')":{"('0020-PE-2007', 0)":"LEGISLACION GENERAL","('0020-PE-2007', 1)":"RELACIONES EXTERIORES Y CULTO","('0020-PE-2007', 2)":null},"Link":{"('0020-PE-2007', 0)":"https:\/\/www4.hcdn.gob.ar\/dependencias\/dsecretaria\/Periodo2007\/PDF2007\/TP2007\/0020-PE-07.pdf","('0020-PE-2007', 1)":null,"('0020-PE-2007', 2)":null},"Palabra Clave":{"('0020-PE-2007', 0)":" ","('0020-PE-2007', 1)":null,"('0020-PE-2007', 2)":null}}