{"Tipo de Proyecto":{"('0020-S-2007', 0)":"PROYECTO DE DECLARACI\u00d3N"},"Iniciado en: ":{"('0020-S-2007', 0)":"Senado"},"Expediente Senado: ":{"('0020-S-2007', 0)":"0020-S-2007"},"Publicado en: ":{"('0020-S-2007', 0)":"Diario de Asuntos Entrados N\u00b0 1"},"Fecha: ":{"('0020-S-2007', 0)":"01\/03\/2007"},"T\u00edtulo":{"('0020-S-2007', 0)":"DECLARAR DE INTERES AL SIMPOSIO 'URBANISMO EN LAS ORILLAS' , A REALIZARSE EN VILLA GESELL, PROVINCIA DE BUENOS AIRES, ENTRE EL 3 Y EL 5 DE MARZO."},"('Firmantes', 'FIRMANTE')":{"('0020-S-2007', 0)":"MASTANDREA, ALICIA ESTER"},"('Firmantes', 'DISTRITO')":{"('0020-S-2007', 0)":"CHACO"},"('Firmantes', 'BLOQUE')":{"('0020-S-2007', 0)":"UCR"},"('Tramites', 'C\u00c1MARA')":{"('0020-S-2007', 0)":"Senado"},"('Tramites', 'MOVIMIENTO')":{"('0020-S-2007', 0)":"CONSIDERACION Y APROBACION"},"('Tramites', 'FECHA')":{"('0020-S-2007', 0)":"06\/06\/2007"},"('Tramites', 'RESULTADO')":{"('0020-S-2007', 0)":"APROBADO"},"Link":{"('0020-S-2007', 0)":"http:\/\/www.senado.gov.ar\/parlamentario\/comisiones\/verExp\/20.07\/S\/PD"},"Palabra Clave":{"('0020-S-2007', 0)":" "}}