{"Tipo de Proyecto":{"('0021-PE-2007', 0)":"MENSAJE NRO: 1701\/07 Y PROYECTO DE LEY","('0021-PE-2007', 1)":null,"('0021-PE-2007', 2)":null,"('0021-PE-2007', 3)":null,"('0021-PE-2007', 4)":null,"('0021-PE-2007', 5)":null},"Iniciado en: ":{"('0021-PE-2007', 0)":"Diputados","('0021-PE-2007', 1)":null,"('0021-PE-2007', 2)":null,"('0021-PE-2007', 3)":null,"('0021-PE-2007', 4)":null,"('0021-PE-2007', 5)":null},"Expediente Diputados: ":{"('0021-PE-2007', 0)":"0021-PE-2007","('0021-PE-2007', 1)":null,"('0021-PE-2007', 2)":null,"('0021-PE-2007', 3)":null,"('0021-PE-2007', 4)":null,"('0021-PE-2007', 5)":null},"Expediente Senado: ":{"('0021-PE-2007', 0)":"0125-CD-2007","('0021-PE-2007', 1)":null,"('0021-PE-2007', 2)":null,"('0021-PE-2007', 3)":null,"('0021-PE-2007', 4)":null,"('0021-PE-2007', 5)":null},"Publicado en: ":{"('0021-PE-2007', 0)":"Tr\u00e1mite Parlamentario N\u00b0 155","('0021-PE-2007', 1)":null,"('0021-PE-2007', 2)":null,"('0021-PE-2007', 3)":null,"('0021-PE-2007', 4)":null,"('0021-PE-2007', 5)":null},"Fecha: ":{"('0021-PE-2007', 0)":"20\/11\/2007","('0021-PE-2007', 1)":null,"('0021-PE-2007', 2)":null,"('0021-PE-2007', 3)":null,"('0021-PE-2007', 4)":null,"('0021-PE-2007', 5)":null},"T\u00edtulo":{"('0021-PE-2007', 0)":"IMPUESTO AL VALOR AGREGADO (TO 1997): DEROGACION DEL ARTICULO INCORPORADO SIN NUMERO A CONTINUACION DEL ARTICULO 24, SOBRE ACREDITACION DE CREDITOS FISCALES.","('0021-PE-2007', 1)":null,"('0021-PE-2007', 2)":null,"('0021-PE-2007', 3)":null,"('0021-PE-2007', 4)":null,"('0021-PE-2007', 5)":null},"('Firmantes', 'FIRMANTE')":{"('0021-PE-2007', 0)":"KIRCHNER, NESTOR CARLOS","('0021-PE-2007', 1)":"FERNANDEZ, ALBERTO","('0021-PE-2007', 2)":"PEIRANO, MIGUEL GUSTAVO","('0021-PE-2007', 3)":null,"('0021-PE-2007', 4)":null,"('0021-PE-2007', 5)":null},"('Firmantes', 'DISTRITO')":{"('0021-PE-2007', 0)":null,"('0021-PE-2007', 1)":null,"('0021-PE-2007', 2)":null,"('0021-PE-2007', 3)":null,"('0021-PE-2007', 4)":null,"('0021-PE-2007', 5)":null},"('Firmantes', 'BLOQUE')":{"('0021-PE-2007', 0)":"PODER EJECUTIVO","('0021-PE-2007', 1)":"PODER EJECUTIVO","('0021-PE-2007', 2)":"PODER EJECUTIVO","('0021-PE-2007', 3)":null,"('0021-PE-2007', 4)":null,"('0021-PE-2007', 5)":null},"('Giros', 'COMISI\u00d3N')":{"('0021-PE-2007', 0)":"PRESUPUESTO Y HACIENDA","('0021-PE-2007', 1)":null,"('0021-PE-2007', 2)":null,"('0021-PE-2007', 3)":null,"('0021-PE-2007', 4)":null,"('0021-PE-2007', 5)":null},"('Tramites', 'C\u00c1MARA')":{"('0021-PE-2007', 0)":"Diputados","('0021-PE-2007', 1)":"Diputados","('0021-PE-2007', 2)":"Diputados","('0021-PE-2007', 3)":"Senado","('0021-PE-2007', 4)":"Senado","('0021-PE-2007', 5)":"Senado"},"('Tramites', 'MOVIMIENTO')":{"('0021-PE-2007', 0)":"MOCION SOBRE TABLAS (PLAN DE LABOR) (AFIRMATIVA)","('0021-PE-2007', 1)":"CONSIDERACION Y APROBACION","('0021-PE-2007', 2)":"INSERCIONES DE LOS DIPUTADOS HERNANDEZ Y ZIMMERMANN","('0021-PE-2007', 3)":"PASA A SENADO -","('0021-PE-2007', 4)":"MOCION SOBRE TABLAS CON DICTAMEN (AFIRMATIVA)","('0021-PE-2007', 5)":"CONSIDERACION Y SANCION"},"('Tramites', 'FECHA')":{"('0021-PE-2007', 0)":"21\/11\/2007","('0021-PE-2007', 1)":"21\/11\/2007","('0021-PE-2007', 2)":"21\/11\/2007","('0021-PE-2007', 3)":null,"('0021-PE-2007', 4)":"19\/12\/2007","('0021-PE-2007', 5)":"19\/12\/2007"},"('Tramites', 'RESULTADO')":{"('0021-PE-2007', 0)":null,"('0021-PE-2007', 1)":"MEDIA SANCION","('0021-PE-2007', 2)":null,"('0021-PE-2007', 3)":null,"('0021-PE-2007', 4)":null,"('0021-PE-2007', 5)":"SANCIONADO"},"Link":{"('0021-PE-2007', 0)":"https:\/\/www4.hcdn.gob.ar\/dependencias\/dsecretaria\/Periodo2007\/PDF2007\/TP2007\/0021-PE-07.pdf","('0021-PE-2007', 1)":null,"('0021-PE-2007', 2)":null,"('0021-PE-2007', 3)":null,"('0021-PE-2007', 4)":null,"('0021-PE-2007', 5)":null},"Palabra Clave":{"('0021-PE-2007', 0)":" ","('0021-PE-2007', 1)":null,"('0021-PE-2007', 2)":null,"('0021-PE-2007', 3)":null,"('0021-PE-2007', 4)":null,"('0021-PE-2007', 5)":null}}