{"Tipo de Proyecto":{"('0021-D-2007', 0)":"PROYECTO DE RESOLUCI\u00d3N","('0021-D-2007', 1)":null},"Iniciado en: ":{"('0021-D-2007', 0)":"Diputados","('0021-D-2007', 1)":null},"Expediente Diputados: ":{"('0021-D-2007', 0)":"0021-D-2007","('0021-D-2007', 1)":null},"Publicado en: ":{"('0021-D-2007', 0)":"Tr\u00e1mite Parlamentario N\u00b0 1","('0021-D-2007', 1)":null},"Fecha: ":{"('0021-D-2007', 0)":"01\/03\/2007","('0021-D-2007', 1)":null},"T\u00edtulo":{"('0021-D-2007', 0)":"SOLICITAR AL PODER EJECUTIVO DISPONGA DAR CUMPLIMIENTO A LA LEY 25926, SOBRE OBLIGATORIEDAD DE EXHIBIR EN  PROGRAMAS MEDICOS QUE SE EMITAN EN LOS MEDIOS DE COMUNICACION, LOS DATOS DEL PROFESIONAL INVITADO.","('0021-D-2007', 1)":null},"('Firmantes', 'FIRMANTE')":{"('0021-D-2007', 0)":"AG\u00dcERO, ELDA SUSANA","('0021-D-2007', 1)":null},"('Firmantes', 'DISTRITO')":{"('0021-D-2007', 0)":"BUENOS AIRES","('0021-D-2007', 1)":null},"('Firmantes', 'BLOQUE')":{"('0021-D-2007', 0)":"FRENTE PARA LA VICTORIA - PJ","('0021-D-2007', 1)":null},"('Giros', 'COMISI\u00d3N')":{"('0021-D-2007', 0)":"COMUNICACIONES E INFORMATICA","('0021-D-2007', 1)":null},"('Tramites', 'C\u00c1MARA')":{"('0021-D-2007', 0)":"Diputados","('0021-D-2007', 1)":"Diputados"},"('Tramites', 'MOVIMIENTO')":{"('0021-D-2007', 0)":"CONSIDERACION Y APROBACION","('0021-D-2007', 1)":"CONTESTACION DEL PODER EJECUTIVO NACIONAL - JEFE DE GABINETE DE MINISTROS - GIRADO A LA COMISION RESPECTIVA"},"('Tramites', 'FECHA')":{"('0021-D-2007', 0)":"27\/06\/2007","('0021-D-2007', 1)":"28\/02\/2008"},"('Tramites', 'RESULTADO')":{"('0021-D-2007', 0)":"APROBADO","('0021-D-2007', 1)":null},"Link":{"('0021-D-2007', 0)":"https:\/\/www.hcdn.gob.ar\/proyectos\/textoCompleto.jsp?exp=0021-D-2007&tipo=RESOLUCION","('0021-D-2007', 1)":null},"Palabra Clave":{"('0021-D-2007', 0)":" ","('0021-D-2007', 1)":null}}