{"Tipo de Proyecto":{"('0021-S-2007', 0)":"PROYECTO DE DECLARACI\u00d3N"},"Iniciado en: ":{"('0021-S-2007', 0)":"Senado"},"Expediente Senado: ":{"('0021-S-2007', 0)":"0021-S-2007"},"Publicado en: ":{"('0021-S-2007', 0)":"Diario de Asuntos Entrados N\u00b0 1"},"Fecha: ":{"('0021-S-2007', 0)":"01\/03\/2007"},"T\u00edtulo":{"('0021-S-2007', 0)":"DECLARAR DE INTERES LEGISLATIVO LA 5 SESION DEL COMITE DE REVISION DE IMPLEMENTACION DE LA CONVENCION DE NACIONES UNIDAS DE LUCHA CONTRA LA DESERTIFICACION (CRIC 5) A LLEVARSE A CABO EN LA CIUDAD DE BUENOS AIRES ENTRE EL 12 Y EL 21 DE MARZO ."},"('Firmantes', 'FIRMANTE')":{"('0021-S-2007', 0)":"SAPAG, LUZ MARIA"},"('Firmantes', 'DISTRITO')":{"('0021-S-2007', 0)":"NEUQUEN"},"('Firmantes', 'BLOQUE')":{"('0021-S-2007', 0)":"MOV POP NEUQUINO"},"('Tramites', 'C\u00c1MARA')":{"('0021-S-2007', 0)":"Senado"},"('Tramites', 'MOVIMIENTO')":{"('0021-S-2007', 0)":"CONSIDERACION Y APROBACION"},"('Tramites', 'FECHA')":{"('0021-S-2007', 0)":"23\/05\/2007"},"('Tramites', 'RESULTADO')":{"('0021-S-2007', 0)":"APROBADO"},"Link":{"('0021-S-2007', 0)":"http:\/\/www.senado.gov.ar\/parlamentario\/comisiones\/verExp\/21.07\/S\/PD"},"Palabra Clave":{"('0021-S-2007', 0)":" "}}