{"Tipo de Proyecto":{"('0022-S-2007', 0)":"COMUNICACION"},"Iniciado en: ":{"('0022-S-2007', 0)":"Senado"},"Expediente Senado: ":{"('0022-S-2007', 0)":"0022-S-2007"},"Publicado en: ":{"('0022-S-2007', 0)":"Diario de Asuntos Entrados N\u00b0 1"},"Fecha: ":{"('0022-S-2007', 0)":"01\/03\/2007"},"T\u00edtulo":{"('0022-S-2007', 0)":"PEDIDO DE INFORMES AL PODER EJECUTIVO SOBRE LAS MEDIDAS ADOPTADAS CON REFERENCIA AL BROTE DE DENGUE EN LAS PROVINCIAS DEL NOROESTE ARGENTINO."},"('Firmantes', 'FIRMANTE')":{"('0022-S-2007', 0)":"RIOS, ROBERTO FABIAN"},"('Firmantes', 'DISTRITO')":{"('0022-S-2007', 0)":"CORRIENTES"},"('Firmantes', 'BLOQUE')":{"('0022-S-2007', 0)":"JUSTICIALISTA"},"('Tramites', 'C\u00c1MARA')":{"('0022-S-2007', 0)":"Senado"},"('Tramites', 'MOVIMIENTO')":{"('0022-S-2007', 0)":"CONSIDERACION Y APROBACION CONJUNTAMENTE PARA LOS EXPEDIENTES 0022-S-2007, 0019-S-2007, 0154-S-2007, 0177-S-2007, 0436-S-2007 y 0439-S-2007"},"('Tramites', 'FECHA')":{"('0022-S-2007', 0)":"08\/08\/2007"},"('Tramites', 'RESULTADO')":{"('0022-S-2007', 0)":"APROBADO"},"Link":{"('0022-S-2007', 0)":"http:\/\/www.senado.gov.ar\/parlamentario\/comisiones\/verExp\/22.07\/S\/PC"},"Palabra Clave":{"('0022-S-2007', 0)":" "}}