{"Tipo de Proyecto":{"('0023-D-2007', 0)":"PROYECTO DE RESOLUCI\u00d3N"},"Iniciado en: ":{"('0023-D-2007', 0)":"Diputados"},"Expediente Diputados: ":{"('0023-D-2007', 0)":"0023-D-2007"},"Publicado en: ":{"('0023-D-2007', 0)":"Tr\u00e1mite Parlamentario N\u00b0 1"},"Fecha: ":{"('0023-D-2007', 0)":"01\/03\/2007"},"T\u00edtulo":{"('0023-D-2007', 0)":"DECLARAR DE INTERES DE LA H. CAMARA LA PUBLICACION MENSUAL DE LA REVISTA \"CIRCULO DE LA HISTORIA\"."},"('Firmantes', 'FIRMANTE')":{"('0023-D-2007', 0)":"RICO, MARIA DEL CARMEN"},"('Firmantes', 'DISTRITO')":{"('0023-D-2007', 0)":"BUENOS AIRES"},"('Firmantes', 'BLOQUE')":{"('0023-D-2007', 0)":"PERONISTA FEDERAL"},"('Giros', 'COMISI\u00d3N')":{"('0023-D-2007', 0)":"CULTURA"},"Link":{"('0023-D-2007', 0)":"https:\/\/www.hcdn.gob.ar\/proyectos\/textoCompleto.jsp?exp=0023-D-2007&tipo=RESOLUCION"},"Palabra Clave":{"('0023-D-2007', 0)":" "}}