{"Tipo de Proyecto":{"('0024-D-2007', 0)":"PROYECTO DE RESOLUCI\u00d3N"},"Iniciado en: ":{"('0024-D-2007', 0)":"Diputados"},"Expediente Diputados: ":{"('0024-D-2007', 0)":"0024-D-2007"},"Publicado en: ":{"('0024-D-2007', 0)":"Tr\u00e1mite Parlamentario N\u00b0 1"},"Fecha: ":{"('0024-D-2007', 0)":"01\/03\/2007"},"T\u00edtulo":{"('0024-D-2007', 0)":"EXPRESAR BENEPLACITO POR LA REALIZACION DE LA MARATON FAMILIAR, A REALIZARSE EL 13 DE MAYO DE 2007, EN LOS BOSQUES DE PALERMO DE LA CIUDAD AUTONOMA DE BUENOS AIRES."},"('Firmantes', 'FIRMANTE')":{"('0024-D-2007', 0)":"RICO, MARIA DEL CARMEN"},"('Firmantes', 'DISTRITO')":{"('0024-D-2007', 0)":"BUENOS AIRES"},"('Firmantes', 'BLOQUE')":{"('0024-D-2007', 0)":"PERONISTA FEDERAL"},"('Giros', 'COMISI\u00d3N')":{"('0024-D-2007', 0)":"FAMILIA, MUJER, NI\u00d1EZ Y ADOLESCENCIA"},"('Tramites', 'C\u00c1MARA')":{"('0024-D-2007', 0)":"Diputados"},"('Tramites', 'MOVIMIENTO')":{"('0024-D-2007', 0)":"CONSIDERACION Y APROBACION"},"('Tramites', 'FECHA')":{"('0024-D-2007', 0)":"06\/06\/2007"},"('Tramites', 'RESULTADO')":{"('0024-D-2007', 0)":"APROBADO"},"Link":{"('0024-D-2007', 0)":"https:\/\/www.hcdn.gob.ar\/proyectos\/textoCompleto.jsp?exp=0024-D-2007&tipo=RESOLUCION"},"Palabra Clave":{"('0024-D-2007', 0)":" "}}