{"Tipo de Proyecto":{"('0024-PE-2007', 0)":"MENSAJE NRO: 1715\/07 Y PROYECTO DE LEY","('0024-PE-2007', 1)":null,"('0024-PE-2007', 2)":null,"('0024-PE-2007', 3)":null,"('0024-PE-2007', 4)":null},"Iniciado en: ":{"('0024-PE-2007', 0)":"Diputados","('0024-PE-2007', 1)":null,"('0024-PE-2007', 2)":null,"('0024-PE-2007', 3)":null,"('0024-PE-2007', 4)":null},"Expediente Diputados: ":{"('0024-PE-2007', 0)":"0024-PE-2007","('0024-PE-2007', 1)":null,"('0024-PE-2007', 2)":null,"('0024-PE-2007', 3)":null,"('0024-PE-2007', 4)":null},"Expediente Senado: ":{"('0024-PE-2007', 0)":"0161-CD-2007","('0024-PE-2007', 1)":null,"('0024-PE-2007', 2)":null,"('0024-PE-2007', 3)":null,"('0024-PE-2007', 4)":null},"Publicado en: ":{"('0024-PE-2007', 0)":"Tr\u00e1mite Parlamentario N\u00b0 159","('0024-PE-2007', 1)":null,"('0024-PE-2007', 2)":null,"('0024-PE-2007', 3)":null,"('0024-PE-2007', 4)":null},"Fecha: ":{"('0024-PE-2007', 0)":"27\/11\/2007","('0024-PE-2007', 1)":null,"('0024-PE-2007', 2)":null,"('0024-PE-2007', 3)":null,"('0024-PE-2007', 4)":null},"T\u00edtulo":{"('0024-PE-2007', 0)":"ACORDAR AUTORIZACION A LA SE\u00d1ORA PRESIDENTA DE LA NACION PARA AUSENTARSE DEL PAIS DURANTE EL A\u00d1O 2008.","('0024-PE-2007', 1)":null,"('0024-PE-2007', 2)":null,"('0024-PE-2007', 3)":null,"('0024-PE-2007', 4)":null},"('Firmantes', 'FIRMANTE')":{"('0024-PE-2007', 0)":"KIRCHNER, NESTOR CARLOS","('0024-PE-2007', 1)":"FERNANDEZ, ANIBAL","('0024-PE-2007', 2)":"FERNANDEZ, ALBERTO","('0024-PE-2007', 3)":null,"('0024-PE-2007', 4)":null},"('Firmantes', 'DISTRITO')":{"('0024-PE-2007', 0)":null,"('0024-PE-2007', 1)":null,"('0024-PE-2007', 2)":null,"('0024-PE-2007', 3)":null,"('0024-PE-2007', 4)":null},"('Firmantes', 'BLOQUE')":{"('0024-PE-2007', 0)":"PODER EJECUTIVO","('0024-PE-2007', 1)":"PODER EJECUTIVO","('0024-PE-2007', 2)":"PODER EJECUTIVO","('0024-PE-2007', 3)":null,"('0024-PE-2007', 4)":null},"('Giros', 'COMISI\u00d3N')":{"('0024-PE-2007', 0)":"ASUNTOS CONSTITUCIONALES","('0024-PE-2007', 1)":null,"('0024-PE-2007', 2)":null,"('0024-PE-2007', 3)":null,"('0024-PE-2007', 4)":null},"('Tramites', 'C\u00c1MARA')":{"('0024-PE-2007', 0)":"Diputados","('0024-PE-2007', 1)":"Diputados","('0024-PE-2007', 2)":"Diputados","('0024-PE-2007', 3)":"Senado","('0024-PE-2007', 4)":"Senado"},"('Tramites', 'MOVIMIENTO')":{"('0024-PE-2007', 0)":"MOCION SOBRE TABLAS (AFIRMATIVA)","('0024-PE-2007', 1)":"CONSIDERACION","('0024-PE-2007', 2)":"CONTINUA LA CONSIDERACION Y APROBACION","('0024-PE-2007', 3)":"MOCION SOBRE TABLAS (AFIRMATIVA)","('0024-PE-2007', 4)":"CONSIDERACION Y SANCION"},"('Tramites', 'FECHA')":{"('0024-PE-2007', 0)":"04\/12\/2007","('0024-PE-2007', 1)":"04\/12\/2007","('0024-PE-2007', 2)":"04\/12\/2007","('0024-PE-2007', 3)":"05\/12\/2007","('0024-PE-2007', 4)":"05\/12\/2007"},"('Tramites', 'RESULTADO')":{"('0024-PE-2007', 0)":null,"('0024-PE-2007', 1)":null,"('0024-PE-2007', 2)":"MEDIA SANCION","('0024-PE-2007', 3)":null,"('0024-PE-2007', 4)":"SANCIONADO"},"Link":{"('0024-PE-2007', 0)":"https:\/\/www4.hcdn.gob.ar\/dependencias\/dsecretaria\/Periodo2007\/PDF2007\/TP2007\/0024-PE-07.pdf","('0024-PE-2007', 1)":null,"('0024-PE-2007', 2)":null,"('0024-PE-2007', 3)":null,"('0024-PE-2007', 4)":null},"Palabra Clave":{"('0024-PE-2007', 0)":" ","('0024-PE-2007', 1)":null,"('0024-PE-2007', 2)":null,"('0024-PE-2007', 3)":null,"('0024-PE-2007', 4)":null}}