{"Tipo de Proyecto":{"('0024-S-2007', 0)":"PROYECTO DE DECLARACI\u00d3N","('0024-S-2007', 1)":null},"Iniciado en: ":{"('0024-S-2007', 0)":"Senado","('0024-S-2007', 1)":null},"Expediente Senado: ":{"('0024-S-2007', 0)":"0024-S-2007","('0024-S-2007', 1)":null},"Publicado en: ":{"('0024-S-2007', 0)":"Diario de Asuntos Entrados N\u00b0 1","('0024-S-2007', 1)":null},"Fecha: ":{"('0024-S-2007', 0)":"01\/03\/2007","('0024-S-2007', 1)":null},"T\u00edtulo":{"('0024-S-2007', 0)":"ADHERIR A LA VII EDICION DE LA MUESTRA LECHERA MERCOLACTEA 2007,  A REALIZARSE EN SAN FRANCISCO, PROVINCIA DE CORDOBA, ENTRE EL 10 Y EL 13 DE MAYO DE 2007.","('0024-S-2007', 1)":null},"('Firmantes', 'FIRMANTE')":{"('0024-S-2007', 0)":"ROSSI, CARLOS ALBERTO","('0024-S-2007', 1)":"URQUIA, ROBERTO DANIEL"},"('Firmantes', 'DISTRITO')":{"('0024-S-2007', 0)":"CORDOBA","('0024-S-2007', 1)":"CORDOBA"},"('Firmantes', 'BLOQUE')":{"('0024-S-2007', 0)":"VECINALISTA - PARTIDO NUEVO","('0024-S-2007', 1)":"JUSTICIALISTA"},"('Tramites', 'C\u00c1MARA')":{"('0024-S-2007', 0)":"Senado","('0024-S-2007', 1)":null},"('Tramites', 'MOVIMIENTO')":{"('0024-S-2007', 0)":"APROBACION ARTICULO 106, PARRAFO 3 DEL REGLAMENTO DEL H SENADO","('0024-S-2007', 1)":null},"('Tramites', 'FECHA')":{"('0024-S-2007', 0)":"04\/07\/2007","('0024-S-2007', 1)":null},"('Tramites', 'RESULTADO')":{"('0024-S-2007', 0)":"APROBADO","('0024-S-2007', 1)":null},"Link":{"('0024-S-2007', 0)":"http:\/\/www.senado.gov.ar\/parlamentario\/comisiones\/verExp\/24.07\/S\/PD","('0024-S-2007', 1)":null},"Palabra Clave":{"('0024-S-2007', 0)":" ","('0024-S-2007', 1)":null}}