{"Tipo de Proyecto":{"('0025-S-2007', 0)":"PROYECTO DE DECLARACI\u00d3N","('0025-S-2007', 1)":null},"Iniciado en: ":{"('0025-S-2007', 0)":"Senado","('0025-S-2007', 1)":null},"Expediente Senado: ":{"('0025-S-2007', 0)":"0025-S-2007","('0025-S-2007', 1)":null},"Publicado en: ":{"('0025-S-2007', 0)":"Diario de Asuntos Entrados N\u00b0 1","('0025-S-2007', 1)":null},"Fecha: ":{"('0025-S-2007', 0)":"01\/03\/2007","('0025-S-2007', 1)":null},"T\u00edtulo":{"('0025-S-2007', 0)":"ADHERIR A LA XXVII EDICION DEL RALLY DE LA REPUBLICA ARGENTINA, A REALIZARSE EN LA PROVINCIA DE CORDOBA , ENTRE EL 3 Y 6 DE MAYO DE 2007.","('0025-S-2007', 1)":null},"('Firmantes', 'FIRMANTE')":{"('0025-S-2007', 0)":"ROSSI, CARLOS ALBERTO","('0025-S-2007', 1)":"URQUIA, ROBERTO DANIEL"},"('Firmantes', 'DISTRITO')":{"('0025-S-2007', 0)":"CORDOBA","('0025-S-2007', 1)":"CORDOBA"},"('Firmantes', 'BLOQUE')":{"('0025-S-2007', 0)":"VECINALISTA - PARTIDO NUEVO","('0025-S-2007', 1)":"JUSTICIALISTA"},"('Tramites', 'C\u00c1MARA')":{"('0025-S-2007', 0)":"Senado","('0025-S-2007', 1)":null},"('Tramites', 'MOVIMIENTO')":{"('0025-S-2007', 0)":"CONSIDERACION Y APROBACION CON MODIFICACIONES CONJUNTAMENTE PARA LOS EXPEDIENTES 0025-S-2007 y 0251-S-2007","('0025-S-2007', 1)":null},"('Tramites', 'FECHA')":{"('0025-S-2007', 0)":"23\/05\/2007","('0025-S-2007', 1)":null},"('Tramites', 'RESULTADO')":{"('0025-S-2007', 0)":"APROBADO","('0025-S-2007', 1)":null},"Link":{"('0025-S-2007', 0)":"http:\/\/www.senado.gov.ar\/parlamentario\/comisiones\/verExp\/25.07\/S\/PD","('0025-S-2007', 1)":null},"Palabra Clave":{"('0025-S-2007', 0)":" ","('0025-S-2007', 1)":null}}