{"Tipo de Proyecto":{"('0026-S-2007', 0)":"PROYECTO DE LEY"},"Iniciado en: ":{"('0026-S-2007', 0)":"Senado"},"Expediente Senado: ":{"('0026-S-2007', 0)":"0026-S-2007"},"Publicado en: ":{"('0026-S-2007', 0)":"Diario de Asuntos Entrados N\u00b0 1"},"Fecha: ":{"('0026-S-2007', 0)":"01\/03\/2007"},"T\u00edtulo":{"('0026-S-2007', 0)":"ESTABLECER EN FORMA PREVENTIVA LA INSTALACION, FUNCIONAMIENTO Y REUBICACION DE ANTENAS DE TELEFONIA CELULAR, EN EL TERRITORIO NACIONAL."},"('Firmantes', 'FIRMANTE')":{"('0026-S-2007', 0)":"MAZA, ADA MERCEDES"},"('Firmantes', 'DISTRITO')":{"('0026-S-2007', 0)":"LA RIOJA"},"('Firmantes', 'BLOQUE')":{"('0026-S-2007', 0)":"JUSTICIALISTA"},"('Tramites', 'C\u00c1MARA')":{"('0026-S-2007', 0)":"Senado"},"('Tramites', 'MOVIMIENTO')":{"('0026-S-2007', 0)":"REPRODUCIDO POR EXPEDIENTE 1231-S-09"},"('Tramites', 'FECHA')":{"('0026-S-2007', 0)":null},"('Tramites', 'RESULTADO')":{"('0026-S-2007', 0)":null},"Sumario":{"('0026-S-2007', 0)":"PROHIBICIONES; PLAZOS; INFORMES; CREACION DEL REGISTRO NACIONAL DE ANTENAS DE TELEFONIA CELULAR MOVIL; INCUMPLIMIENTO."},"Palabra Clave":{"('0026-S-2007', 0)":" "}}