{"Tipo de Proyecto":{"('0026-PE-2007', 0)":"MENSAJE NRO: 1768\/07 Y PROYECTO DE LEY","('0026-PE-2007', 1)":null,"('0026-PE-2007', 2)":null},"Iniciado en: ":{"('0026-PE-2007', 0)":"Diputados","('0026-PE-2007', 1)":null,"('0026-PE-2007', 2)":null},"Expediente Diputados: ":{"('0026-PE-2007', 0)":"0026-PE-2007","('0026-PE-2007', 1)":null,"('0026-PE-2007', 2)":null},"Expediente Senado: ":{"('0026-PE-2007', 0)":"0024-CD-2008","('0026-PE-2007', 1)":null,"('0026-PE-2007', 2)":null},"Publicado en: ":{"('0026-PE-2007', 0)":"Tr\u00e1mite Parlamentario N\u00b0 160","('0026-PE-2007', 1)":null,"('0026-PE-2007', 2)":null},"Fecha: ":{"('0026-PE-2007', 0)":"29\/11\/2007","('0026-PE-2007', 1)":null,"('0026-PE-2007', 2)":null},"T\u00edtulo":{"('0026-PE-2007', 0)":"SUSTITUCION DEL ARTICULO 2 DE LA LEY 22231, SOBRE INCORPORAR UNA PREVISION LEGAL RESPECTO DE LA CALIFICACION REGISTRAL DE LOS DOCUMENTOS JUDICIALES ANTE EL REGISTRO DE LA PROPIEDAD INMUEBLE.","('0026-PE-2007', 1)":null,"('0026-PE-2007', 2)":null},"('Firmantes', 'FIRMANTE')":{"('0026-PE-2007', 0)":"KIRCHNER, NESTOR CARLOS","('0026-PE-2007', 1)":"IRIBARNE, ALBERTO JUAN BAUTISTA","('0026-PE-2007', 2)":"FERNANDEZ, ALBERTO"},"('Firmantes', 'DISTRITO')":{"('0026-PE-2007', 0)":null,"('0026-PE-2007', 1)":null,"('0026-PE-2007', 2)":null},"('Firmantes', 'BLOQUE')":{"('0026-PE-2007', 0)":"PODER EJECUTIVO","('0026-PE-2007', 1)":"PODER EJECUTIVO","('0026-PE-2007', 2)":"PODER EJECUTIVO"},"('Giros', 'COMISI\u00d3N')":{"('0026-PE-2007', 0)":"JUSTICIA","('0026-PE-2007', 1)":"LEGISLACION GENERAL","('0026-PE-2007', 2)":null},"('Tramites', 'C\u00c1MARA')":{"('0026-PE-2007', 0)":"Diputados","('0026-PE-2007', 1)":"Senado","('0026-PE-2007', 2)":null},"('Tramites', 'MOVIMIENTO')":{"('0026-PE-2007', 0)":"CONSIDERACION Y APROBACION","('0026-PE-2007', 1)":"PASA A SENADO -","('0026-PE-2007', 2)":null},"('Tramites', 'FECHA')":{"('0026-PE-2007', 0)":"07\/05\/2008","('0026-PE-2007', 1)":null,"('0026-PE-2007', 2)":null},"('Tramites', 'RESULTADO')":{"('0026-PE-2007', 0)":"MEDIA SANCION","('0026-PE-2007', 1)":null,"('0026-PE-2007', 2)":null},"Palabra Clave":{"('0026-PE-2007', 0)":" ","('0026-PE-2007', 1)":null,"('0026-PE-2007', 2)":null}}