{"Tipo de Proyecto":{"('0027-PE-2007', 0)":"MENSAJE NRO: 1780\/07","('0027-PE-2007', 1)":null,"('0027-PE-2007', 2)":null,"('0027-PE-2007', 3)":null},"Iniciado en: ":{"('0027-PE-2007', 0)":"Diputados","('0027-PE-2007', 1)":null,"('0027-PE-2007', 2)":null,"('0027-PE-2007', 3)":null},"Expediente Diputados: ":{"('0027-PE-2007', 0)":"0027-PE-2007","('0027-PE-2007', 1)":null,"('0027-PE-2007', 2)":null,"('0027-PE-2007', 3)":null},"Publicado en: ":{"('0027-PE-2007', 0)":"Tr\u00e1mite Parlamentario N\u00b0 161","('0027-PE-2007', 1)":null,"('0027-PE-2007', 2)":null,"('0027-PE-2007', 3)":null},"Fecha: ":{"('0027-PE-2007', 0)":"30\/11\/2007","('0027-PE-2007', 1)":null,"('0027-PE-2007', 2)":null,"('0027-PE-2007', 3)":null},"T\u00edtulo":{"('0027-PE-2007', 0)":"COMUNICACION DEL DECRETO 1779\/2007 POR EL QUE SE RATIFICA EL ACTA ACUERDO DE RENEGOCIACION CONTRACTUAL ENTRE LA UNIDAD DE RENEGOCIACION Y ANALISIS DE CONTRATOS DE SERVICIOS PUBLICOS Y LA EMPRESA DE TRANSPORTE DE ENERGIA ELECTRICA POR DISTRIBUCION TRONCAL DE LA PATAGONIA SOCIEDAD ANONIMA (TRANSPA SA), SUSCRIPTO EL 6 DE ABRIL DE 2006. ANEXO I.","('0027-PE-2007', 1)":null,"('0027-PE-2007', 2)":null,"('0027-PE-2007', 3)":null},"('Firmantes', 'FIRMANTE')":{"('0027-PE-2007', 0)":"KIRCHNER, NESTOR CARLOS","('0027-PE-2007', 1)":"FERNANDEZ, ALBERTO","('0027-PE-2007', 2)":"DE VIDO, JULIO","('0027-PE-2007', 3)":"PEIRANO, MIGUEL GUSTAVO"},"('Firmantes', 'DISTRITO')":{"('0027-PE-2007', 0)":null,"('0027-PE-2007', 1)":null,"('0027-PE-2007', 2)":null,"('0027-PE-2007', 3)":null},"('Firmantes', 'BLOQUE')":{"('0027-PE-2007', 0)":"PODER EJECUTIVO","('0027-PE-2007', 1)":"PODER EJECUTIVO","('0027-PE-2007', 2)":"PODER EJECUTIVO","('0027-PE-2007', 3)":"PODER EJECUTIVO"},"('Giros', 'COMISI\u00d3N')":{"('0027-PE-2007', 0)":"BICAMERAL DE SEGUIMIENTO DE FACULTADES DELEGADAS AL PODER EJECUTIVO NACIONAL - LEY 25561","('0027-PE-2007', 1)":null,"('0027-PE-2007', 2)":null,"('0027-PE-2007', 3)":null},"Link":{"('0027-PE-2007', 0)":"https:\/\/www4.hcdn.gob.ar\/dependencias\/dsecretaria\/Periodo2007\/PDF2007\/TP2007\/0027-PE-07.pdf","('0027-PE-2007', 1)":null,"('0027-PE-2007', 2)":null,"('0027-PE-2007', 3)":null},"Palabra Clave":{"('0027-PE-2007', 0)":" ","('0027-PE-2007', 1)":null,"('0027-PE-2007', 2)":null,"('0027-PE-2007', 3)":null}}