{"Tipo de Proyecto":{"('0028-PE-2007', 0)":"MENSAJE NRO: 1800\/07","('0028-PE-2007', 1)":null,"('0028-PE-2007', 2)":null},"Iniciado en: ":{"('0028-PE-2007', 0)":"Diputados","('0028-PE-2007', 1)":null,"('0028-PE-2007', 2)":null},"Expediente Diputados: ":{"('0028-PE-2007', 0)":"0028-PE-2007","('0028-PE-2007', 1)":null,"('0028-PE-2007', 2)":null},"Publicado en: ":{"('0028-PE-2007', 0)":"Tr\u00e1mite Parlamentario N\u00b0 165","('0028-PE-2007', 1)":null,"('0028-PE-2007', 2)":null},"Fecha: ":{"('0028-PE-2007', 0)":"11\/12\/2007","('0028-PE-2007', 1)":null,"('0028-PE-2007', 2)":null},"T\u00edtulo":{"('0028-PE-2007', 0)":"COMUNICACION DEL DECRETO 1799\/07, POR EL CUAL SE RATIFICA EL ACTA ACUERDO DE RENEGOCIACION CONTRACTUAL SUSCRIPTA POR LA UNIDAD DE RENEGOCIACION Y ANALISIS DE CONTRATOS DE SERVICIOS PUBLICOS (UNIREN) Y LA EMPRESA AEROPUERTOS ARGENTINA 2000 SA DEL 3 DE ABRIL DE 2007. ","('0028-PE-2007', 1)":null,"('0028-PE-2007', 2)":null},"('Firmantes', 'FIRMANTE')":{"('0028-PE-2007', 0)":"KIRCHNER, NESTOR CARLOS","('0028-PE-2007', 1)":"FERNANDEZ, ALBERTO","('0028-PE-2007', 2)":"PEIRANO, MIGUEL GUSTAVO"},"('Firmantes', 'DISTRITO')":{"('0028-PE-2007', 0)":null,"('0028-PE-2007', 1)":null,"('0028-PE-2007', 2)":null},"('Firmantes', 'BLOQUE')":{"('0028-PE-2007', 0)":"PODER EJECUTIVO","('0028-PE-2007', 1)":"PODER EJECUTIVO","('0028-PE-2007', 2)":"PODER EJECUTIVO"},"('Giros', 'COMISI\u00d3N')":{"('0028-PE-2007', 0)":"BICAMERAL PERMANENTE DE TRAMITE LEGISLATIVO - LEY 26122","('0028-PE-2007', 1)":null,"('0028-PE-2007', 2)":null},"Link":{"('0028-PE-2007', 0)":"https:\/\/www4.hcdn.gob.ar\/dependencias\/dsecretaria\/Periodo2007\/PDF2007\/TP2007\/0028-PE-07.pdf","('0028-PE-2007', 1)":null,"('0028-PE-2007', 2)":null},"Palabra Clave":{"('0028-PE-2007', 0)":" ","('0028-PE-2007', 1)":null,"('0028-PE-2007', 2)":null}}