{"Tipo de Proyecto":{"('0028-D-2007', 0)":"PROYECTO DE LEY","('0028-D-2007', 1)":null},"Iniciado en: ":{"('0028-D-2007', 0)":"Diputados","('0028-D-2007', 1)":null},"Expediente Diputados: ":{"('0028-D-2007', 0)":"0028-D-2007","('0028-D-2007', 1)":null},"Publicado en: ":{"('0028-D-2007', 0)":"Tr\u00e1mite Parlamentario N\u00b0 1","('0028-D-2007', 1)":null},"Fecha: ":{"('0028-D-2007', 0)":"01\/03\/2007","('0028-D-2007', 1)":null},"T\u00edtulo":{"('0028-D-2007', 0)":"REGIMEN PARA EL PROCEDIMIENTO EN CASOS DE ABORTO NO PUNIBLE. (REPRODUCCION DEL EXPEDIENTE 4395-D-05).","('0028-D-2007', 1)":null},"('Firmantes', 'FIRMANTE')":{"('0028-D-2007', 0)":"MARINO, JULIANA ISABEL","('0028-D-2007', 1)":null},"('Firmantes', 'DISTRITO')":{"('0028-D-2007', 0)":"CIUDAD de BUENOS AIRES","('0028-D-2007', 1)":null},"('Firmantes', 'BLOQUE')":{"('0028-D-2007', 0)":"FRENTE PARA LA VICTORIA - PJ","('0028-D-2007', 1)":null},"('Giros', 'COMISI\u00d3N')":{"('0028-D-2007', 0)":"ACCION SOCIAL Y SALUD PUBLICA","('0028-D-2007', 1)":"LEGISLACION PENAL"},"('Tramites', 'C\u00c1MARA')":{"('0028-D-2007', 0)":"Diputados","('0028-D-2007', 1)":"Diputados"},"('Tramites', 'MOVIMIENTO')":{"('0028-D-2007', 0)":"MOCION DE PREFERENCIA PARA LA PROXIMA SESION CON DICTAMEN (AFIRMATIVA)","('0028-D-2007', 1)":"MOCION DE PREFERENCIA PARA LA PROXIMA SESION CON DICTAMEN (AFIRMATIVA)"},"('Tramites', 'FECHA')":{"('0028-D-2007', 0)":"07\/11\/2007","('0028-D-2007', 1)":"14\/11\/2007"},"('Tramites', 'RESULTADO')":{"('0028-D-2007', 0)":null,"('0028-D-2007', 1)":null},"Sumario":{"('0028-D-2007', 0)":"OBJETO; PELIGRO PARA LA VIDA DE LA MUJER; PELIGRO PARA LA SALUD FISICA O PSIQUICA DE LA MUJER; ABORTO TERAPEUTICO: REQUISITOS Y PROCEDIMIENTO; PRESUNCION; CASOS; VIOLACION SOBRE 'MUJER IDIOTA O DEMENTE'; PROFESIONALES DE LA MEDICINA; ATENCION PSICOTERAPEUTICA; INSTRUCCIONES; REEMPLAZOS","('0028-D-2007', 1)":null},"Palabra Clave":{"('0028-D-2007', 0)":" ","('0028-D-2007', 1)":null}}