{"Tipo de Proyecto":{"('0028-S-2007', 0)":"PROYECTO DE LEY"},"Iniciado en: ":{"('0028-S-2007', 0)":"Senado"},"Expediente Senado: ":{"('0028-S-2007', 0)":"0028-S-2007"},"Publicado en: ":{"('0028-S-2007', 0)":"Diario de Asuntos Entrados N\u00b0 2"},"Fecha: ":{"('0028-S-2007', 0)":"01\/03\/2007"},"T\u00edtulo":{"('0028-S-2007', 0)":"REGIMEN PARA EL EJERCICIO PROFESIONAL DE LA TERAPIA OCUPACIONAL."},"('Firmantes', 'FIRMANTE')":{"('0028-S-2007', 0)":"MAZA, ADA MERCEDES"},"('Firmantes', 'DISTRITO')":{"('0028-S-2007', 0)":"LA RIOJA"},"('Firmantes', 'BLOQUE')":{"('0028-S-2007', 0)":"JUSTICIALISTA"},"Sumario":{"('0028-S-2007', 0)":"AMBITO DE APLICACION; OBJETO; CONDICIONES GENERALES PARA EL EJERCICIO DE LA PROFESION; ESPECIALIDADES; INCOMPATIBILIDADES E INHABILITACIONES; DERECHOS Y OBLIGACIONES; PROHIBICIONES; REGISTRO Y MATRICULACION; SANCIONES, PROCEDIMIENTOS, PRESCRIPCION: APLICACION DE LOS TITULOS VIII, IX Y X, ARTICULOS 125 AL 141 DE LA LEY 17132, DE REGIMEN LEGAL DEL EJERCICIO DE LA MEDICINA, ODONTOLOGIA Y ACTIVIDADES AUXILIARES DE LAS MISMAS; DEROGACION DE LOS ARTICULOS 62, 63, 64 Y 65 DE LA LEY 17132."},"Palabra Clave":{"('0028-S-2007', 0)":" "}}