{"Tipo de Proyecto":{"('0029-PE-2007', 0)":"MENSAJE NRO: 0175\/08","('0029-PE-2007', 1)":null,"('0029-PE-2007', 2)":null},"Iniciado en: ":{"('0029-PE-2007', 0)":"Diputados","('0029-PE-2007', 1)":null,"('0029-PE-2007', 2)":null},"Expediente Diputados: ":{"('0029-PE-2007', 0)":"0029-PE-2007","('0029-PE-2007', 1)":null,"('0029-PE-2007', 2)":null},"Publicado en: ":{"('0029-PE-2007', 0)":"Tr\u00e1mite Parlamentario N\u00b0 169","('0029-PE-2007', 1)":null,"('0029-PE-2007', 2)":null},"Fecha: ":{"('0029-PE-2007', 0)":"31\/01\/2008","('0029-PE-2007', 1)":null,"('0029-PE-2007', 2)":null},"T\u00edtulo":{"('0029-PE-2007', 0)":"COMUNICACION DEL DECRETO 174\/08 POR EL QUE SE CONVOCA A SESIONES EXTRAORDINARIAS AL HONORABLE CONGRESO DE LA NACION DEL 4 AL 29 DE FEBRERO DE 2008.","('0029-PE-2007', 1)":null,"('0029-PE-2007', 2)":null},"('Firmantes', 'FIRMANTE')":{"('0029-PE-2007', 0)":"FERNANDEZ DE KIRCHNER, CRISTINA","('0029-PE-2007', 1)":"FERNANDEZ, ALBERTO","('0029-PE-2007', 2)":"RANDAZZO, FLORENCIO"},"('Firmantes', 'DISTRITO')":{"('0029-PE-2007', 0)":null,"('0029-PE-2007', 1)":null,"('0029-PE-2007', 2)":null},"('Firmantes', 'BLOQUE')":{"('0029-PE-2007', 0)":"PODER EJECUTIVO","('0029-PE-2007', 1)":"PODER EJECUTIVO","('0029-PE-2007', 2)":"PODER EJECUTIVO"},"('Giros', 'COMISI\u00d3N')":{"('0029-PE-2007', 0)":"A LA PRESIDENCIA","('0029-PE-2007', 1)":null,"('0029-PE-2007', 2)":null},"('Tramites', 'C\u00c1MARA')":{"('0029-PE-2007', 0)":"Diputados","('0029-PE-2007', 1)":null,"('0029-PE-2007', 2)":null},"('Tramites', 'MOVIMIENTO')":{"('0029-PE-2007', 0)":"LECTURA DEL DECRETO","('0029-PE-2007', 1)":null,"('0029-PE-2007', 2)":null},"('Tramites', 'FECHA')":{"('0029-PE-2007', 0)":"28\/02\/2008","('0029-PE-2007', 1)":null,"('0029-PE-2007', 2)":null},"('Tramites', 'RESULTADO')":{"('0029-PE-2007', 0)":null,"('0029-PE-2007', 1)":null,"('0029-PE-2007', 2)":null},"Sumario":{"('0029-PE-2007', 0)":"TEMARIO ANEXO: 1) ACUERDOS PARA EL NOMBRAMIENTO DE FUNCIONARIOS DEL SERVICIO EXTERIOR Y DEL BANCO CENTRAL, PROMOCION DE PERSONAL SUPERIOR DE LAS FUERZAS ARMADAS Y DESIGNACION DE FUNCIONARIOS DEL PODER JUDICIAL, 2) CONSIDERACION DE TRATADOS, CONVENIOS Y ACUERDOS INTERNACIONALES, 3) LEY DEL NOMBRE, DEROGACION DE LA LEY 18248, 4) APROBACION DEL ACUERDO DE TRANSFERENCIA DE COMPETENCIAS PENALES DE LA JUSTICIA NACIONAL AL PODER JUDICIAL DE LA CIUDAD AUTONOMA DE BUENOS AIRES, 5) REGIMEN DE INDIVIDUALIZACION DEL RECIEN NACIDO Y DEL BINOMIO MADRE - HIJO, 6) REMOCION Y TRASLADO DE EMBARCACIONES QUE SE ENCUENTRAN ENCALLADAS EN AGUAS DE LA CUENCA HIDRICA MATANZA - RIACHUELO, 7) REGULACION DEL SISTEMA TURISTICO DE TIEMPO COMPARTIDO, 8) REORDENAMIENTO DE LA ACTIVIDAD FERROVIARIA, 9) MODIFICACION DE LA LEY 23184 DE PREVENCION Y REPRESION DE LA VIOLENCIA EN ESPECTACULOS DEPORTIVOS, 10) MODIFICACION AL CODIGO PENAL SOBRE LA VENTA DE NI\u00d1OS, PROSTITUCION INFANTIL Y SU UTILIZACION PARA LA PORNOGRAFIA (EXPEDIENTE 0257-S-2006), 11) MODIFICACION DEL ARTICULO 1 DE LA LEY 25765, DE REGIMEN DEL FONDO PERMANENTE DE RECOMPENSAS (EXPEDIENTE 0146-CD-2007).","('0029-PE-2007', 1)":null,"('0029-PE-2007', 2)":null},"Palabra Clave":{"('0029-PE-2007', 0)":" ","('0029-PE-2007', 1)":null,"('0029-PE-2007', 2)":null}}