{"Tipo de Proyecto":{"('0029-S-2007', 0)":"COMUNICACION"},"Iniciado en: ":{"('0029-S-2007', 0)":"Senado"},"Expediente Senado: ":{"('0029-S-2007', 0)":"0029-S-2007"},"Publicado en: ":{"('0029-S-2007', 0)":"Diario de Asuntos Entrados N\u00b0 2"},"Fecha: ":{"('0029-S-2007', 0)":"01\/03\/2007"},"T\u00edtulo":{"('0029-S-2007', 0)":"SOLICITAR AL PODER EJECUTIVO QUE SE PRORROGUE POR TRESCIENTOS SESENTA (360) DIAS A PARTIR DEL 30 DE ABRIL DEL CORRIENTE A\u00d1O LA VIGENCIA DE LA LEY 25994 (JUBILACION ANTICIPADA)."},"('Firmantes', 'FIRMANTE')":{"('0029-S-2007', 0)":"MAZA, ADA MERCEDES"},"('Firmantes', 'DISTRITO')":{"('0029-S-2007', 0)":"LA RIOJA"},"('Firmantes', 'BLOQUE')":{"('0029-S-2007', 0)":"JUSTICIALISTA"},"('Tramites', 'C\u00c1MARA')":{"('0029-S-2007', 0)":"Senado"},"('Tramites', 'MOVIMIENTO')":{"('0029-S-2007', 0)":"CONSIDERACION Y APROBACION"},"('Tramites', 'FECHA')":{"('0029-S-2007', 0)":"07\/11\/2007"},"('Tramites', 'RESULTADO')":{"('0029-S-2007', 0)":"APROBADO"},"Link":{"('0029-S-2007', 0)":"http:\/\/www.senado.gov.ar\/parlamentario\/comisiones\/verExp\/29.07\/S\/PC"},"Palabra Clave":{"('0029-S-2007', 0)":" "}}