{"Tipo de Proyecto":{"('0031-PE-2007', 0)":"MENSAJE NRO: 0238\/08","('0031-PE-2007', 1)":null,"('0031-PE-2007', 2)":null},"Iniciado en: ":{"('0031-PE-2007', 0)":"Diputados","('0031-PE-2007', 1)":null,"('0031-PE-2007', 2)":null},"Expediente Diputados: ":{"('0031-PE-2007', 0)":"0031-PE-2007","('0031-PE-2007', 1)":null,"('0031-PE-2007', 2)":null},"Publicado en: ":{"('0031-PE-2007', 0)":"Tr\u00e1mite Parlamentario N\u00b0 170","('0031-PE-2007', 1)":null,"('0031-PE-2007', 2)":null},"Fecha: ":{"('0031-PE-2007', 0)":"06\/02\/2008","('0031-PE-2007', 1)":null,"('0031-PE-2007', 2)":null},"T\u00edtulo":{"('0031-PE-2007', 0)":"COMUNICACION DEL DECRETO 237\/2008 POR EL CUAL SE AMPLIA EL TEMARIO DE PROYECTOS A TRATAR EN SESIONES EXTRAORDINARIAS: 1) TRANSITO Y SEGURIDAD VIAL, MODIFICACION A LA LEY 24449; 2) LEY DE MARCA COLECTIVA (2330-S-2006); 3) REGIMEN TRANSITORIO PARA EL TRATAMIENTO FISCAL DE LAS INVERSIONES EN BIENES DE CAPITAL NUEVOS AMORTIZABLES EN EL IMPUESTO A LAS GANANCIAS.","('0031-PE-2007', 1)":null,"('0031-PE-2007', 2)":null},"('Firmantes', 'FIRMANTE')":{"('0031-PE-2007', 0)":"FERNANDEZ DE KIRCHNER, CRISTINA","('0031-PE-2007', 1)":"FERNANDEZ, ALBERTO","('0031-PE-2007', 2)":"RANDAZZO, FLORENCIO"},"('Firmantes', 'DISTRITO')":{"('0031-PE-2007', 0)":null,"('0031-PE-2007', 1)":null,"('0031-PE-2007', 2)":null},"('Firmantes', 'BLOQUE')":{"('0031-PE-2007', 0)":"PODER EJECUTIVO","('0031-PE-2007', 1)":"PODER EJECUTIVO","('0031-PE-2007', 2)":"PODER EJECUTIVO"},"('Giros', 'COMISI\u00d3N')":{"('0031-PE-2007', 0)":"A LA PRESIDENCIA","('0031-PE-2007', 1)":null,"('0031-PE-2007', 2)":null},"Link":{"('0031-PE-2007', 0)":"https:\/\/www4.hcdn.gob.ar\/dependencias\/dsecretaria\/Periodo2007\/PDF2007\/TP2007\/0031-PE-07.pdf","('0031-PE-2007', 1)":null,"('0031-PE-2007', 2)":null},"Palabra Clave":{"('0031-PE-2007', 0)":" ","('0031-PE-2007', 1)":null,"('0031-PE-2007', 2)":null}}