{"Tipo de Proyecto":{"('0033-S-2007', 0)":"PROYECTO DE DECLARACI\u00d3N"},"Iniciado en: ":{"('0033-S-2007', 0)":"Senado"},"Expediente Senado: ":{"('0033-S-2007', 0)":"0033-S-2007"},"Publicado en: ":{"('0033-S-2007', 0)":"Diario de Asuntos Entrados N\u00b0 2"},"Fecha: ":{"('0033-S-2007', 0)":"01\/03\/2007"},"T\u00edtulo":{"('0033-S-2007', 0)":"EXPRESAR BENEPLACITO POR LA OBTENCION DEL PREMIO INTERNACIONAL DE PERIODISMO REY DE ESPA\u00d1A PARA LA PRENSA ESCRITA, POR PARTE DE LOS PERIODISTAS SILVIA HEGUY Y JULIO RODRIGUEZ, QUE PUBLICARON UNA INVESTIGACION SOBRE TRAFICO DE BEBES EN SANTIAGO DEL ESTERO."},"('Firmantes', 'FIRMANTE')":{"('0033-S-2007', 0)":"BAR, GRACIELA YOLANDA"},"('Firmantes', 'DISTRITO')":{"('0033-S-2007', 0)":"ENTRE RIOS"},"('Firmantes', 'BLOQUE')":{"('0033-S-2007', 0)":"JUSTICIALISTA"},"('Tramites', 'C\u00c1MARA')":{"('0033-S-2007', 0)":"Senado"},"('Tramites', 'MOVIMIENTO')":{"('0033-S-2007', 0)":"CONSIDERACION Y APROBACION"},"('Tramites', 'FECHA')":{"('0033-S-2007', 0)":"23\/05\/2007"},"('Tramites', 'RESULTADO')":{"('0033-S-2007', 0)":"APROBADO"},"Link":{"('0033-S-2007', 0)":"http:\/\/www.senado.gov.ar\/parlamentario\/comisiones\/verExp\/33.07\/S\/PD"},"Palabra Clave":{"('0033-S-2007', 0)":" "}}