{"Tipo de Proyecto":{"('0033-P-2007', 0)":"PROYECTO DE RESOLUCI\u00d3N"},"Iniciado en: ":{"('0033-P-2007', 0)":"Diputados"},"Expediente Diputados: ":{"('0033-P-2007', 0)":"0033-P-2007"},"Fecha: ":{"('0033-P-2007', 0)":"07\/05\/2007"},"T\u00edtulo":{"('0033-P-2007', 0)":"DECLARAR DE INTERES PARA LA H. CAMARA DE DIPUTADOS EL PRIMER CONGRESO ARGENTINO DE NUTRICION ANIMAL, A REALIZARSE EL 18 Y 19 DE OCTUBRE DE 2007 EN LA CIUDAD AUTONOMA DE BUENOS AIRES."},"('Firmantes', 'FIRMANTE')":{"('0033-P-2007', 0)":"AGRICULTURA Y GANADERIA"},"('Firmantes', 'DISTRITO')":{"('0033-P-2007', 0)":null},"('Firmantes', 'BLOQUE')":{"('0033-P-2007', 0)":null},"('Giros', 'COMISI\u00d3N')":{"('0033-P-2007', 0)":"AGRICULTURA Y GANADERIA"},"('Tramites', 'C\u00c1MARA')":{"('0033-P-2007', 0)":"Diputados"},"('Tramites', 'MOVIMIENTO')":{"('0033-P-2007', 0)":"CONSIDERACION Y APROBACION"},"('Tramites', 'FECHA')":{"('0033-P-2007', 0)":"06\/06\/2007"},"('Tramites', 'RESULTADO')":{"('0033-P-2007', 0)":"APROBADO"},"Palabra Clave":{"('0033-P-2007', 0)":" "}}