{"Tipo de Proyecto":{"('0034-S-2007', 0)":"PROYECTO DE DECLARACI\u00d3N","('0034-S-2007', 1)":null},"Iniciado en: ":{"('0034-S-2007', 0)":"Senado","('0034-S-2007', 1)":null},"Expediente Senado: ":{"('0034-S-2007', 0)":"0034-S-2007","('0034-S-2007', 1)":null},"Publicado en: ":{"('0034-S-2007', 0)":"Diario de Asuntos Entrados N\u00b0 2","('0034-S-2007', 1)":null},"Fecha: ":{"('0034-S-2007', 0)":"01\/03\/2007","('0034-S-2007', 1)":null},"T\u00edtulo":{"('0034-S-2007', 0)":"DECLARAR DE INTERES CULTURAL LOS CUARENTA (40) A\u00d1OS DE LA PUBLICACION DE \"CIEN A\u00d1OS DE SOLEDAD\" DE GABRIEL GARCIA MARQUEZ .","('0034-S-2007', 1)":null},"('Firmantes', 'FIRMANTE')":{"('0034-S-2007', 0)":"BAR, GRACIELA YOLANDA","('0034-S-2007', 1)":null},"('Firmantes', 'DISTRITO')":{"('0034-S-2007', 0)":"ENTRE RIOS","('0034-S-2007', 1)":null},"('Firmantes', 'BLOQUE')":{"('0034-S-2007', 0)":"JUSTICIALISTA","('0034-S-2007', 1)":null},"('Tramites', 'C\u00c1MARA')":{"('0034-S-2007', 0)":"Senado","('0034-S-2007', 1)":"Senado"},"('Tramites', 'MOVIMIENTO')":{"('0034-S-2007', 0)":"MOCION SOBRE TABLAS (AFIRMATIVA) CONJUNTAMENTE PARA LOS EXPEDIENTES 0034-S-2007 y 0625-S-2007","('0034-S-2007', 1)":"CONSIDERACION Y APROBACION CONJUNTAMENTE PARA LOS EXPEDIENTES 0034-S-2007 y 0625-S-2007"},"('Tramites', 'FECHA')":{"('0034-S-2007', 0)":"11\/04\/2007","('0034-S-2007', 1)":"11\/04\/2007"},"('Tramites', 'RESULTADO')":{"('0034-S-2007', 0)":null,"('0034-S-2007', 1)":"APROBADO"},"Link":{"('0034-S-2007', 0)":"http:\/\/www.senado.gov.ar\/parlamentario\/comisiones\/verExp\/34.07\/S\/PD","('0034-S-2007', 1)":null},"Palabra Clave":{"('0034-S-2007', 0)":" ","('0034-S-2007', 1)":null}}