{"Tipo de Proyecto":{"('0035-S-2007', 0)":"PROYECTO DE RESOLUCI\u00d3N"},"Iniciado en: ":{"('0035-S-2007', 0)":"Senado"},"Expediente Senado: ":{"('0035-S-2007', 0)":"0035-S-2007"},"Publicado en: ":{"('0035-S-2007', 0)":"Diario de Asuntos Entrados N\u00b0 2"},"Fecha: ":{"('0035-S-2007', 0)":"01\/03\/2007"},"T\u00edtulo":{"('0035-S-2007', 0)":"EXPRESAR BENEPLACITO POR LA RECUPERACION DEL NIETO NUMERO 86 POR PARTE DE LA ASOCIACION DE ABUELAS DE PLAZA DE MAYO."},"('Firmantes', 'FIRMANTE')":{"('0035-S-2007', 0)":"BAR, GRACIELA YOLANDA"},"('Firmantes', 'DISTRITO')":{"('0035-S-2007', 0)":"ENTRE RIOS"},"('Firmantes', 'BLOQUE')":{"('0035-S-2007', 0)":"JUSTICIALISTA"},"('Tramites', 'C\u00c1MARA')":{"('0035-S-2007', 0)":"Senado"},"('Tramites', 'MOVIMIENTO')":{"('0035-S-2007', 0)":"CONSIDERACION Y APROBACION CONJUNTAMENTE PARA LOS EXPEDIENTES 0035-S-2007 y 0134-S-2007"},"('Tramites', 'FECHA')":{"('0035-S-2007', 0)":"23\/05\/2007"},"('Tramites', 'RESULTADO')":{"('0035-S-2007', 0)":"APROBADO"},"Link":{"('0035-S-2007', 0)":"http:\/\/www.senado.gov.ar\/parlamentario\/comisiones\/verExp\/35.07\/S\/PR"},"Palabra Clave":{"('0035-S-2007', 0)":" "}}