{"Tipo de Proyecto":{"('0037-S-2007', 0)":"PROYECTO DE DECLARACI\u00d3N"},"Iniciado en: ":{"('0037-S-2007', 0)":"Senado"},"Expediente Senado: ":{"('0037-S-2007', 0)":"0037-S-2007"},"Publicado en: ":{"('0037-S-2007', 0)":"Diario de Asuntos Entrados N\u00b0 2"},"Fecha: ":{"('0037-S-2007', 0)":"01\/03\/2007"},"T\u00edtulo":{"('0037-S-2007', 0)":"ADHERIR A LA CONMEMORACION, EL 11 DE ABRIL, DEL ANIVERSARIO DEL FALLECIMIENTO DEL GENERAL JUSTO JOSE DE URQUIZA."},"('Firmantes', 'FIRMANTE')":{"('0037-S-2007', 0)":"BAR, GRACIELA YOLANDA"},"('Firmantes', 'DISTRITO')":{"('0037-S-2007', 0)":"ENTRE RIOS"},"('Firmantes', 'BLOQUE')":{"('0037-S-2007', 0)":"JUSTICIALISTA"},"('Tramites', 'C\u00c1MARA')":{"('0037-S-2007', 0)":"Senado"},"('Tramites', 'MOVIMIENTO')":{"('0037-S-2007', 0)":"CONSIDERACION Y APROBACION"},"('Tramites', 'FECHA')":{"('0037-S-2007', 0)":"06\/06\/2007"},"('Tramites', 'RESULTADO')":{"('0037-S-2007', 0)":"APROBADO"},"Link":{"('0037-S-2007', 0)":"http:\/\/www.senado.gov.ar\/parlamentario\/comisiones\/verExp\/37.07\/S\/PD"},"Palabra Clave":{"('0037-S-2007', 0)":" "}}