{"Tipo de Proyecto":{"('0038-D-2007', 0)":"PROYECTO DE LEY","('0038-D-2007', 1)":null},"Iniciado en: ":{"('0038-D-2007', 0)":"Diputados","('0038-D-2007', 1)":null},"Expediente Diputados: ":{"('0038-D-2007', 0)":"0038-D-2007","('0038-D-2007', 1)":null},"Publicado en: ":{"('0038-D-2007', 0)":"Tr\u00e1mite Parlamentario N\u00b0 1","('0038-D-2007', 1)":null},"Fecha: ":{"('0038-D-2007', 0)":"01\/03\/2007","('0038-D-2007', 1)":null},"T\u00edtulo":{"('0038-D-2007', 0)":"MODIFICACION DE LA LEY 22802, DE LEALTAD COMERCIAL, SOBRE PUBLICIDAD Y PROMOCION MEDIANTE PREMIOS: INCORPORACION DEL INCISO D) AL ARTICULO 10, MODIFICACION DE LOS ARTICULOS 11 Y 12 (AUTORIDAD DE APLICACION) (REPRODUCCION DEL EXPEDIENTE 1413-D-05).","('0038-D-2007', 1)":null},"('Firmantes', 'FIRMANTE')":{"('0038-D-2007', 0)":"LEYBA DE MARTI, BEATRIZ","('0038-D-2007', 1)":null},"('Firmantes', 'DISTRITO')":{"('0038-D-2007', 0)":"CORDOBA","('0038-D-2007', 1)":null},"('Firmantes', 'BLOQUE')":{"('0038-D-2007', 0)":"UCR","('0038-D-2007', 1)":null},"('Giros', 'COMISI\u00d3N')":{"('0038-D-2007', 0)":"COMERCIO","('0038-D-2007', 1)":"DEFENSA DEL CONSUMIDOR"},"Palabra Clave":{"('0038-D-2007', 0)":" ","('0038-D-2007', 1)":null}}