{"Tipo de Proyecto":{"('0040-S-2007', 0)":"PROYECTO DE DECLARACI\u00d3N"},"Iniciado en: ":{"('0040-S-2007', 0)":"Senado"},"Expediente Senado: ":{"('0040-S-2007', 0)":"0040-S-2007"},"Publicado en: ":{"('0040-S-2007', 0)":"Diario de Asuntos Entrados N\u00b0 2"},"Fecha: ":{"('0040-S-2007', 0)":"01\/03\/2007"},"T\u00edtulo":{"('0040-S-2007', 0)":"EXPRESAR BENEPLACITO POR UN NUEVO ANIVERSARIO DE LA FUNDACION DE GENERAL RAMIREZ, DIAMANTE, PROVINCIA DE ENTRE RIOS, EL 13 DE MARZO."},"('Firmantes', 'FIRMANTE')":{"('0040-S-2007', 0)":"BAR, GRACIELA YOLANDA"},"('Firmantes', 'DISTRITO')":{"('0040-S-2007', 0)":"ENTRE RIOS"},"('Firmantes', 'BLOQUE')":{"('0040-S-2007', 0)":"JUSTICIALISTA"},"('Tramites', 'C\u00c1MARA')":{"('0040-S-2007', 0)":"Senado"},"('Tramites', 'MOVIMIENTO')":{"('0040-S-2007', 0)":"CONSIDERACION Y APROBACION"},"('Tramites', 'FECHA')":{"('0040-S-2007', 0)":"06\/06\/2007"},"('Tramites', 'RESULTADO')":{"('0040-S-2007', 0)":"APROBADO"},"Link":{"('0040-S-2007', 0)":"http:\/\/www.senado.gov.ar\/parlamentario\/comisiones\/verExp\/40.07\/S\/PD"},"Palabra Clave":{"('0040-S-2007', 0)":" "}}