{"Tipo de Proyecto":{"('0040-D-2007', 0)":"PROYECTO DE LEY","('0040-D-2007', 1)":null,"('0040-D-2007', 2)":null},"Iniciado en: ":{"('0040-D-2007', 0)":"Diputados","('0040-D-2007', 1)":null,"('0040-D-2007', 2)":null},"Expediente Diputados: ":{"('0040-D-2007', 0)":"0040-D-2007","('0040-D-2007', 1)":null,"('0040-D-2007', 2)":null},"Publicado en: ":{"('0040-D-2007', 0)":"Tr\u00e1mite Parlamentario N\u00b0 1","('0040-D-2007', 1)":null,"('0040-D-2007', 2)":null},"Fecha: ":{"('0040-D-2007', 0)":"01\/03\/2007","('0040-D-2007', 1)":null,"('0040-D-2007', 2)":null},"T\u00edtulo":{"('0040-D-2007', 0)":"DECLARAR DE INTERES NACIONAL EL PLAN NACIONAL DE USO DE LA CAL EN EL MANEJO DE SUELOS ACIDOS: AMBITO DE APLICACION, ATRIBUCIONES DE LA AUTORIDAD DE APLICACION, JURISDICCIONES PROVINCIALES, PERSONAS FISICAS Y JURIDICAS, BENEFICIOS, EXENCIONES IMPOSITIVAS, CREACION DE LA COMISION NACIONAL PARA LA EJECUCION DEL PLAN NACIONAL DE USO DE CAL EN EL MANEJO DE SUELOS ACIDOS (REPRODUCCION DEL EXPEDIENTE 2165-D-05).","('0040-D-2007', 1)":null,"('0040-D-2007', 2)":null},"('Firmantes', 'FIRMANTE')":{"('0040-D-2007', 0)":"LEYBA DE MARTI, BEATRIZ","('0040-D-2007', 1)":null,"('0040-D-2007', 2)":null},"('Firmantes', 'DISTRITO')":{"('0040-D-2007', 0)":"CORDOBA","('0040-D-2007', 1)":null,"('0040-D-2007', 2)":null},"('Firmantes', 'BLOQUE')":{"('0040-D-2007', 0)":"UCR","('0040-D-2007', 1)":null,"('0040-D-2007', 2)":null},"('Giros', 'COMISI\u00d3N')":{"('0040-D-2007', 0)":"AGRICULTURA Y GANADERIA","('0040-D-2007', 1)":"MINERIA","('0040-D-2007', 2)":"PRESUPUESTO Y HACIENDA"},"Palabra Clave":{"('0040-D-2007', 0)":" ","('0040-D-2007', 1)":null,"('0040-D-2007', 2)":null}}