{"Tipo de Proyecto":{"('0042-S-2007', 0)":"PROYECTO DE RESOLUCI\u00d3N","('0042-S-2007', 1)":null,"('0042-S-2007', 2)":null,"('0042-S-2007', 3)":null},"Iniciado en: ":{"('0042-S-2007', 0)":"Senado","('0042-S-2007', 1)":null,"('0042-S-2007', 2)":null,"('0042-S-2007', 3)":null},"Expediente Diputados: ":{"('0042-S-2007', 0)":"0042-S-2007","('0042-S-2007', 1)":null,"('0042-S-2007', 2)":null,"('0042-S-2007', 3)":null},"Expediente Senado: ":{"('0042-S-2007', 0)":"0429-OV-2007","('0042-S-2007', 1)":null,"('0042-S-2007', 2)":null,"('0042-S-2007', 3)":null},"Fecha: ":{"('0042-S-2007', 0)":"25\/11\/2009","('0042-S-2007', 1)":null,"('0042-S-2007', 2)":null,"('0042-S-2007', 3)":null},"T\u00edtulo":{"('0042-S-2007', 0)":"PEDIDO DE INFORMES AL PODER EJECUTIVO SOBRE RESOLUCION REMITIDA POR LA AUDITORIA GENERAL DE LA NACION REFERENTE A LA GESTION Y PROCEDIMIENTOS DE CONTROL ADUANERO EN ADUANAS DE FRONTERA - PASO DE LOS LIBRES, CLORINDA, MENDOZA, POCITOS Y CONCORDIA - APLICADOS SOBRE LA IMPORTACION Y LA EXPORTACION DE MERCADERIAS EN EL AMBITO DE LA ADMINISTRACION FEDERAL DE INGRESOS PUBLICOS - DIRECCION GENERAL DE ADUANAS.","('0042-S-2007', 1)":null,"('0042-S-2007', 2)":null,"('0042-S-2007', 3)":null},"('Firmantes', 'FIRMANTE')":{"('0042-S-2007', 0)":"PARLAMENTARIA MIXTA REVISORA DE CUENTAS","('0042-S-2007', 1)":null,"('0042-S-2007', 2)":null,"('0042-S-2007', 3)":null},"('Firmantes', 'DISTRITO')":{"('0042-S-2007', 0)":null,"('0042-S-2007', 1)":null,"('0042-S-2007', 2)":null,"('0042-S-2007', 3)":null},"('Firmantes', 'BLOQUE')":{"('0042-S-2007', 0)":null,"('0042-S-2007', 1)":null,"('0042-S-2007', 2)":null,"('0042-S-2007', 3)":null},"('Giros', 'COMISI\u00d3N')":{"('0042-S-2007', 0)":"PARLAMENTARIA MIXTA REVISORA DE CUENTAS","('0042-S-2007', 1)":null,"('0042-S-2007', 2)":null,"('0042-S-2007', 3)":null},"('Tramites', 'C\u00c1MARA')":{"('0042-S-2007', 0)":"Senado","('0042-S-2007', 1)":"Diputados","('0042-S-2007', 2)":"Diputados","('0042-S-2007', 3)":"Diputados"},"('Tramites', 'MOVIMIENTO')":{"('0042-S-2007', 0)":"CONSIDERACION Y APROBACION","('0042-S-2007', 1)":"PASA A DIPUTADOS -","('0042-S-2007', 2)":"CONSIDERACION Y APROBACION","('0042-S-2007', 3)":"CONTESTACION DEL PODER EJECUTIVO NACIONAL - JEFE DE GABINETE DE MINISTROS - GIRADO A LA COMISION RESPECTIVA"},"('Tramites', 'FECHA')":{"('0042-S-2007', 0)":"30\/03\/2011","('0042-S-2007', 1)":null,"('0042-S-2007', 2)":"27\/06\/2012","('0042-S-2007', 3)":null},"('Tramites', 'RESULTADO')":{"('0042-S-2007', 0)":"APROBADO","('0042-S-2007', 1)":null,"('0042-S-2007', 2)":"APROBADO","('0042-S-2007', 3)":null},"Link":{"('0042-S-2007', 0)":"http:\/\/www.senado.gov.ar\/parlamentario\/comisiones\/verExp\/429.07\/OV\/PR","('0042-S-2007', 1)":null,"('0042-S-2007', 2)":null,"('0042-S-2007', 3)":null},"Palabra Clave":{"('0042-S-2007', 0)":" ","('0042-S-2007', 1)":null,"('0042-S-2007', 2)":null,"('0042-S-2007', 3)":null}}