{"Tipo de Proyecto":{"('0042-D-2007', 0)":"PROYECTO DE LEY","('0042-D-2007', 1)":null},"Iniciado en: ":{"('0042-D-2007', 0)":"Diputados","('0042-D-2007', 1)":null},"Expediente Diputados: ":{"('0042-D-2007', 0)":"0042-D-2007","('0042-D-2007', 1)":null},"Publicado en: ":{"('0042-D-2007', 0)":"Tr\u00e1mite Parlamentario N\u00b0 1","('0042-D-2007', 1)":null},"Fecha: ":{"('0042-D-2007', 0)":"01\/03\/2007","('0042-D-2007', 1)":null},"T\u00edtulo":{"('0042-D-2007', 0)":"DECLARAR LA EMERGENCIA PUBLICA EN MATERIA EDUCATIVA, EN ATENCION A LOS NIVELES DE DESNUTRICION INFANTIL Y SUS EFECTOS EN EL RENDIMIENTO EDUCATIVO: METODOLOGIA DE ENSE\u00d1ANZA - APRENDIZAJE A FIN DE QUE LOS EDUCANDOS QUE HAYAN PADECIDO O PADEZCAN DESNUTRICION INFANTIL ALCANCEN LA NIVELACION CORRESPONDIENTE AL CICLO AL QUE PERTENECEN; AUTORIDAD DE APLICACION: MINISTERIO DE EDUCACION, CIENCIA Y TECNOLOGIA DE LA NACION (REPRODUCCION DEL EXPEDIENTE 3265-D-05).","('0042-D-2007', 1)":null},"('Firmantes', 'FIRMANTE')":{"('0042-D-2007', 0)":"LEYBA DE MARTI, BEATRIZ","('0042-D-2007', 1)":null},"('Firmantes', 'DISTRITO')":{"('0042-D-2007', 0)":"CORDOBA","('0042-D-2007', 1)":null},"('Firmantes', 'BLOQUE')":{"('0042-D-2007', 0)":"UCR","('0042-D-2007', 1)":null},"('Giros', 'COMISI\u00d3N')":{"('0042-D-2007', 0)":"EDUCACION","('0042-D-2007', 1)":"PRESUPUESTO Y HACIENDA"},"Sumario":{"('0042-D-2007', 0)":"FINANCIACION CON EL SUPERAVIT FISCAL; ESTABLECIMIENTO ANUAL EN EL PRESUPUESTO DE UN PORCENTAJE ASIGNADO A ESTA EMERGENCIA; REMISION POR PARTE DEL PODER EJECUTIVO NACIONAL AL H CONGRESO DE LA NACION, EN FORMA SEMESTRAL, DE LOS RECURSOS DESTINADOS A LAS DIFERENTES JURISDICCIONES; REMISION POR PARTE DEL MINISTERIO DE EDUCACION, CIENCIA Y TECNOLOGIA AL H CONGRESO DE LA NACION, EN FORMA ANUAL, UNA EVALUACION DE RESULTADOS DE LA APLICACION DE ESTA NORMA.","('0042-D-2007', 1)":null},"Palabra Clave":{"('0042-D-2007', 0)":" ","('0042-D-2007', 1)":null}}