{"Tipo de Proyecto":{"('0043-D-2007', 0)":"PROYECTO DE LEY","('0043-D-2007', 1)":null},"Iniciado en: ":{"('0043-D-2007', 0)":"Diputados","('0043-D-2007', 1)":null},"Expediente Diputados: ":{"('0043-D-2007', 0)":"0043-D-2007","('0043-D-2007', 1)":null},"Publicado en: ":{"('0043-D-2007', 0)":"Tr\u00e1mite Parlamentario N\u00b0 1","('0043-D-2007', 1)":null},"Fecha: ":{"('0043-D-2007', 0)":"01\/03\/2007","('0043-D-2007', 1)":null},"T\u00edtulo":{"('0043-D-2007', 0)":"LEY DE IMPUESTO AL VALOR AGREGADO (TO 1997 Y SUS MODIFICATORIAS), FERTILIZANTES MINERALES APLICADOS AL PROCESO DE REMINERALIZACION DEL SUELO: INCORPORACION DEL INCISO F) AL ARTICULO 3, DE UN ULTIMO PARRAFO AL ARTICULO 24 Y DEL INCISO B) AL ARTICULO 28 (REPRODUCCION DEL EXPEDIENTE 4036-D-05).","('0043-D-2007', 1)":null},"('Firmantes', 'FIRMANTE')":{"('0043-D-2007', 0)":"LEYBA DE MARTI, BEATRIZ","('0043-D-2007', 1)":null},"('Firmantes', 'DISTRITO')":{"('0043-D-2007', 0)":"CORDOBA","('0043-D-2007', 1)":null},"('Firmantes', 'BLOQUE')":{"('0043-D-2007', 0)":"UCR","('0043-D-2007', 1)":null},"('Giros', 'COMISI\u00d3N')":{"('0043-D-2007', 0)":"PRESUPUESTO Y HACIENDA","('0043-D-2007', 1)":"AGRICULTURA Y GANADERIA"},"Palabra Clave":{"('0043-D-2007', 0)":" ","('0043-D-2007', 1)":null}}