{"Tipo de Proyecto":{"('0044-S-2007', 0)":"PROYECTO DE DECLARACI\u00d3N"},"Iniciado en: ":{"('0044-S-2007', 0)":"Senado"},"Expediente Senado: ":{"('0044-S-2007', 0)":"0044-S-2007"},"Publicado en: ":{"('0044-S-2007', 0)":"Diario de Asuntos Entrados N\u00b0 2"},"Fecha: ":{"('0044-S-2007', 0)":"01\/03\/2007"},"T\u00edtulo":{"('0044-S-2007', 0)":"ADHERIR AL 28 ANIVERSARIO DE LA NUEVA CIUDAD DE FEDERACION, PROVINCIA DE ENTRE RIOS, EL 25 DE MARZO."},"('Firmantes', 'FIRMANTE')":{"('0044-S-2007', 0)":"BAR, GRACIELA YOLANDA"},"('Firmantes', 'DISTRITO')":{"('0044-S-2007', 0)":"ENTRE RIOS"},"('Firmantes', 'BLOQUE')":{"('0044-S-2007', 0)":"JUSTICIALISTA"},"('Tramites', 'C\u00c1MARA')":{"('0044-S-2007', 0)":"Senado"},"('Tramites', 'MOVIMIENTO')":{"('0044-S-2007', 0)":"CONSIDERACION Y APROBACION"},"('Tramites', 'FECHA')":{"('0044-S-2007', 0)":"06\/06\/2007"},"('Tramites', 'RESULTADO')":{"('0044-S-2007', 0)":"APROBADO"},"Link":{"('0044-S-2007', 0)":"http:\/\/www.senado.gov.ar\/parlamentario\/comisiones\/verExp\/44.07\/S\/PD"},"Palabra Clave":{"('0044-S-2007', 0)":" "}}