{"Tipo de Proyecto":{"('0046-S-2007', 0)":"PROYECTO DE LEY","('0046-S-2007', 1)":null,"('0046-S-2007', 2)":null,"('0046-S-2007', 3)":null,"('0046-S-2007', 4)":null},"Iniciado en: ":{"('0046-S-2007', 0)":"Senado","('0046-S-2007', 1)":null,"('0046-S-2007', 2)":null,"('0046-S-2007', 3)":null,"('0046-S-2007', 4)":null},"Expediente Senado: ":{"('0046-S-2007', 0)":"0046-S-2007","('0046-S-2007', 1)":null,"('0046-S-2007', 2)":null,"('0046-S-2007', 3)":null,"('0046-S-2007', 4)":null},"Publicado en: ":{"('0046-S-2007', 0)":"Diario de Asuntos Entrados N\u00b0 2","('0046-S-2007', 1)":null,"('0046-S-2007', 2)":null,"('0046-S-2007', 3)":null,"('0046-S-2007', 4)":null},"Fecha: ":{"('0046-S-2007', 0)":"01\/03\/2007","('0046-S-2007', 1)":null,"('0046-S-2007', 2)":null,"('0046-S-2007', 3)":null,"('0046-S-2007', 4)":null},"T\u00edtulo":{"('0046-S-2007', 0)":"REGIMEN JUBILATORIO PARA LOS TRABAJADORES DE LA EX EMPRESA YPF CUYO DISTRACTO SE HUBIERA PRODUCIDO HASTA LOS TRES A\u00d1OS POSTERIORES AL 01\/01\/1991 (REPRODUCCION DEL EXPEDIENTE 1751-S-05).","('0046-S-2007', 1)":null,"('0046-S-2007', 2)":null,"('0046-S-2007', 3)":null,"('0046-S-2007', 4)":null},"('Firmantes', 'FIRMANTE')":{"('0046-S-2007', 0)":"LOPEZ ARIAS, MARCELO EDUARDO","('0046-S-2007', 1)":"ESCUDERO, SONIA MARGARITA","('0046-S-2007', 2)":"JAQUE, CELSO ALEJANDRO","('0046-S-2007', 3)":"SALVATORI, PEDRO","('0046-S-2007', 4)":"JENEFES, GUILLERMO RAUL"},"('Firmantes', 'DISTRITO')":{"('0046-S-2007', 0)":"SALTA","('0046-S-2007', 1)":"SALTA","('0046-S-2007', 2)":"MENDOZA","('0046-S-2007', 3)":"NEUQUEN","('0046-S-2007', 4)":"JUJUY"},"('Firmantes', 'BLOQUE')":{"('0046-S-2007', 0)":"JUSTICIALISTA","('0046-S-2007', 1)":"JUSTICIALISTA","('0046-S-2007', 2)":"JUSTICIALISTA","('0046-S-2007', 3)":"MOV POP NEUQUINO","('0046-S-2007', 4)":"JUSTICIALISTA"},"Link":{"('0046-S-2007', 0)":"http:\/\/www.senado.gov.ar\/parlamentario\/comisiones\/verExp\/46.07\/S\/PL","('0046-S-2007', 1)":null,"('0046-S-2007', 2)":null,"('0046-S-2007', 3)":null,"('0046-S-2007', 4)":null},"Palabra Clave":{"('0046-S-2007', 0)":" ","('0046-S-2007', 1)":null,"('0046-S-2007', 2)":null,"('0046-S-2007', 3)":null,"('0046-S-2007', 4)":null}}