{"Tipo de Proyecto":{"('0047-D-2007', 0)":"PROYECTO DE DECLARACI\u00d3N","('0047-D-2007', 1)":null},"Iniciado en: ":{"('0047-D-2007', 0)":"Diputados","('0047-D-2007', 1)":null},"Expediente Diputados: ":{"('0047-D-2007', 0)":"0047-D-2007","('0047-D-2007', 1)":null},"Publicado en: ":{"('0047-D-2007', 0)":"Tr\u00e1mite Parlamentario N\u00b0 1","('0047-D-2007', 1)":null},"Fecha: ":{"('0047-D-2007', 0)":"01\/03\/2007","('0047-D-2007', 1)":null},"T\u00edtulo":{"('0047-D-2007', 0)":"SOLICITAR AL PODER EJECUTIVO DISPONGA DECLARAR DE INTERES NACIONAL EL \"1 CONGRESO AMERICANO DE BIOCOMBUSTIBLES\", A REALIZARSE LOS DIAS 10 Y 11 DE MAYO DE 2007, EN LA CIUDAD AUTONOMA DE BUENOS AIRES.","('0047-D-2007', 1)":null},"('Firmantes', 'FIRMANTE')":{"('0047-D-2007', 0)":"ROZAS, ANGEL","('0047-D-2007', 1)":null},"('Firmantes', 'DISTRITO')":{"('0047-D-2007', 0)":"CHACO","('0047-D-2007', 1)":null},"('Firmantes', 'BLOQUE')":{"('0047-D-2007', 0)":"UCR","('0047-D-2007', 1)":null},"('Giros', 'COMISI\u00d3N')":{"('0047-D-2007', 0)":"ENERGIA Y COMBUSTIBLES","('0047-D-2007', 1)":null},"('Tramites', 'C\u00c1MARA')":{"('0047-D-2007', 0)":"Diputados","('0047-D-2007', 1)":"Diputados"},"('Tramites', 'MOVIMIENTO')":{"('0047-D-2007', 0)":"CONSIDERACION Y APROBACION","('0047-D-2007', 1)":"CONTESTACION DEL PODER EJECUTIVO NACIONAL - JEFE DE GABINETE DE MINISTROS - GIRADO A LA COMISION RESPECTIVA"},"('Tramites', 'FECHA')":{"('0047-D-2007', 0)":"18\/07\/2007","('0047-D-2007', 1)":"28\/02\/2008"},"('Tramites', 'RESULTADO')":{"('0047-D-2007', 0)":"APROBADO","('0047-D-2007', 1)":null},"Link":{"('0047-D-2007', 0)":"https:\/\/www.hcdn.gob.ar\/proyectos\/textoCompleto.jsp?exp=0047-D-2007&tipo=DECLARACION","('0047-D-2007', 1)":null},"Palabra Clave":{"('0047-D-2007', 0)":" ","('0047-D-2007', 1)":null}}