{"Tipo de Proyecto":{"('0048-S-2007', 0)":"PROYECTO DE RESOLUCI\u00d3N","('0048-S-2007', 1)":null,"('0048-S-2007', 2)":null},"Iniciado en: ":{"('0048-S-2007', 0)":"Senado","('0048-S-2007', 1)":null,"('0048-S-2007', 2)":null},"Expediente Diputados: ":{"('0048-S-2007', 0)":"0048-S-2007","('0048-S-2007', 1)":null,"('0048-S-2007', 2)":null},"Expediente Senado: ":{"('0048-S-2007', 0)":"0142-OV-2006","('0048-S-2007', 1)":null,"('0048-S-2007', 2)":null},"Fecha: ":{"('0048-S-2007', 0)":"28\/03\/2007","('0048-S-2007', 1)":null,"('0048-S-2007', 2)":null},"T\u00edtulo":{"('0048-S-2007', 0)":"PEDIDO DE INFORMES AL PODER EJECUTIVO SOBRE RESOLUCION REMITIDA POR LA AUDITORIA GENERAL DE LA NACION REFERENTE A LOS ESTADOS FINANCIEROS AL 31 DE DICIEMBRE DE 2005 CORRESPONDIENTES AL PROGRAMA DE MEJORAMIENTO DEL SISTEMA EDUCATIVO - SUBPROGRAMA I - MEJORAMIENTO DE LA CALIDAD Y EQUIDAD DE LA EDUCACION (PROMSE)  - CONVENIO DE PRESTAMO 1345\/OC BID (0142-OV-06), Y SOBRE LA RESPUESTA DEL JEFE DE GABINETE DE MINISTROS A LAS MEDIDAS ADOPTADAS EN ATENCION A LAS A LAS OBSERVACIONES FORMULADAS POR LA AUDITORIA GENERAL DE LA NACION SOBRE LOS ESTADOS FINANCIEROS AL 31 DE DICIEMBRE DE 2004 DEL MENCIONADO PROGRAMA (0687-OVD-06).","('0048-S-2007', 1)":null,"('0048-S-2007', 2)":null},"('Firmantes', 'FIRMANTE')":{"('0048-S-2007', 0)":"PARLAMENTARIA MIXTA REVISORA DE CUENTAS","('0048-S-2007', 1)":null,"('0048-S-2007', 2)":null},"('Firmantes', 'DISTRITO')":{"('0048-S-2007', 0)":null,"('0048-S-2007', 1)":null,"('0048-S-2007', 2)":null},"('Firmantes', 'BLOQUE')":{"('0048-S-2007', 0)":null,"('0048-S-2007', 1)":null,"('0048-S-2007', 2)":null},"('Giros', 'COMISI\u00d3N')":{"('0048-S-2007', 0)":"PARLAMENTARIA MIXTA REVISORA DE CUENTAS","('0048-S-2007', 1)":null,"('0048-S-2007', 2)":null},"('Tramites', 'C\u00c1MARA')":{"('0048-S-2007', 0)":"Senado","('0048-S-2007', 1)":"Diputados","('0048-S-2007', 2)":"Diputados"},"('Tramites', 'MOVIMIENTO')":{"('0048-S-2007', 0)":"CONSIDERACION Y APROBACION","('0048-S-2007', 1)":"PASA A DIPUTADOS -","('0048-S-2007', 2)":"CONSIDERACION Y APROBACION"},"('Tramites', 'FECHA')":{"('0048-S-2007', 0)":"25\/04\/2007","('0048-S-2007', 1)":null,"('0048-S-2007', 2)":"08\/08\/2012"},"('Tramites', 'RESULTADO')":{"('0048-S-2007', 0)":"APROBADO","('0048-S-2007', 1)":null,"('0048-S-2007', 2)":"APROBADO"},"Link":{"('0048-S-2007', 0)":"http:\/\/www.senado.gov.ar\/parlamentario\/comisiones\/verExp\/142.06\/OV\/PR","('0048-S-2007', 1)":null,"('0048-S-2007', 2)":null},"Palabra Clave":{"('0048-S-2007', 0)":" ","('0048-S-2007', 1)":null,"('0048-S-2007', 2)":null}}