{"Tipo de Proyecto":{"('0052-S-2007', 0)":"PROYECTO DE DECLARACI\u00d3N","('0052-S-2007', 1)":null},"Iniciado en: ":{"('0052-S-2007', 0)":"Senado","('0052-S-2007', 1)":null},"Expediente Senado: ":{"('0052-S-2007', 0)":"0052-S-2007","('0052-S-2007', 1)":null},"Publicado en: ":{"('0052-S-2007', 0)":"Diario de Asuntos Entrados N\u00b0 2","('0052-S-2007', 1)":null},"Fecha: ":{"('0052-S-2007', 0)":"01\/03\/2007","('0052-S-2007', 1)":null},"T\u00edtulo":{"('0052-S-2007', 0)":"ADHERIR A LA CONMEMORACION DEL DIA INTERNACIONAL DE LA MUJER, A CELEBRARSE EL 8 DE MARZO DE 2007.","('0052-S-2007', 1)":null},"('Firmantes', 'FIRMANTE')":{"('0052-S-2007', 0)":"GIOJA, CESAR AMBROSIO","('0052-S-2007', 1)":null},"('Firmantes', 'DISTRITO')":{"('0052-S-2007', 0)":"SAN JUAN","('0052-S-2007', 1)":null},"('Firmantes', 'BLOQUE')":{"('0052-S-2007', 0)":"JUSTICIALISTA","('0052-S-2007', 1)":null},"('Tramites', 'C\u00c1MARA')":{"('0052-S-2007', 0)":"Senado","('0052-S-2007', 1)":"Senado"},"('Tramites', 'MOVIMIENTO')":{"('0052-S-2007', 0)":"MOCION SOBRE TABLAS (AFIRMATIVA) CONJUNTAMENTE PARA LOS EXPEDIENTES 4621-S-2006, 4625-S-2006, 4659-S-2006, 4665-S-2006, 4668-S-2006, 0042-S-2007, 0032-S-2007, 0006-S-2007, 0052-S-2007, 0058-S-2007, 0066-S-2007, 0111-S-2007 y 0135-S-2007","('0052-S-2007', 1)":"CONSIDERACION Y APROBACION CONJUNTAMENTE PARA LOS EXPEDIENTES 4621-S-2006, 4625-S-2006, 4659-S-2006, 4665-S-2006, 4668-S-2006, 0042-S-2007, 0032-S-2007, 0006-S-2007, 0052-S-2007, 0058-S-2007, 0066-S-2007, 0111-S-2007 y 0135-S-2007"},"('Tramites', 'FECHA')":{"('0052-S-2007', 0)":"14\/03\/2007","('0052-S-2007', 1)":"14\/03\/2007"},"('Tramites', 'RESULTADO')":{"('0052-S-2007', 0)":null,"('0052-S-2007', 1)":"APROBADO"},"Link":{"('0052-S-2007', 0)":"http:\/\/www.senado.gov.ar\/parlamentario\/comisiones\/verExp\/52.07\/S\/PD","('0052-S-2007', 1)":null},"Palabra Clave":{"('0052-S-2007', 0)":" ","('0052-S-2007', 1)":null}}