{"Tipo de Proyecto":{"('0053-S-2007', 0)":"MENSAJE NRO: 0497\/07 Y PROYECTO DE LEY","('0053-S-2007', 1)":null,"('0053-S-2007', 2)":null,"('0053-S-2007', 3)":null,"('0053-S-2007', 4)":null},"Iniciado en: ":{"('0053-S-2007', 0)":"Senado","('0053-S-2007', 1)":null,"('0053-S-2007', 2)":null,"('0053-S-2007', 3)":null,"('0053-S-2007', 4)":null},"Expediente Diputados: ":{"('0053-S-2007', 0)":"0053-S-2007","('0053-S-2007', 1)":null,"('0053-S-2007', 2)":null,"('0053-S-2007', 3)":null,"('0053-S-2007', 4)":null},"Expediente Senado: ":{"('0053-S-2007', 0)":"0073-PE-2007","('0053-S-2007', 1)":null,"('0053-S-2007', 2)":null,"('0053-S-2007', 3)":null,"('0053-S-2007', 4)":null},"Publicado en: ":{"('0053-S-2007', 0)":"Diario de Asuntos Entrados N\u00b0 61","('0053-S-2007', 1)":null,"('0053-S-2007', 2)":null,"('0053-S-2007', 3)":null,"('0053-S-2007', 4)":null},"Fecha: ":{"('0053-S-2007', 0)":"15\/05\/2007","('0053-S-2007', 1)":null,"('0053-S-2007', 2)":null,"('0053-S-2007', 3)":null,"('0053-S-2007', 4)":null},"T\u00edtulo":{"('0053-S-2007', 0)":"AUTORIZAR LA SALIDA DE FUERZAS NACIONALES PARA QUE PARTICIPEN DEL EJERCICIO COMBINADO \"TEAM WORK SOUTH 2007\".","('0053-S-2007', 1)":null,"('0053-S-2007', 2)":null,"('0053-S-2007', 3)":null,"('0053-S-2007', 4)":null},"('Firmantes', 'FIRMANTE')":{"('0053-S-2007', 0)":"KIRCHNER, NESTOR CARLOS","('0053-S-2007', 1)":"FERNANDEZ, ALBERTO","('0053-S-2007', 2)":"TAIANA, JORGE ENRIQUE","('0053-S-2007', 3)":"GARRE, NILDA CELIA","('0053-S-2007', 4)":null},"('Firmantes', 'DISTRITO')":{"('0053-S-2007', 0)":null,"('0053-S-2007', 1)":null,"('0053-S-2007', 2)":null,"('0053-S-2007', 3)":null,"('0053-S-2007', 4)":null},"('Firmantes', 'BLOQUE')":{"('0053-S-2007', 0)":"PODER EJECUTIVO","('0053-S-2007', 1)":"PODER EJECUTIVO","('0053-S-2007', 2)":"PODER EJECUTIVO","('0053-S-2007', 3)":"PODER EJECUTIVO","('0053-S-2007', 4)":null},"('Giros', 'COMISI\u00d3N')":{"('0053-S-2007', 0)":"DEFENSA NACIONAL","('0053-S-2007', 1)":"RELACIONES EXTERIORES Y CULTO","('0053-S-2007', 2)":null,"('0053-S-2007', 3)":null,"('0053-S-2007', 4)":null},"('Tramites', 'C\u00c1MARA')":{"('0053-S-2007', 0)":"Senado","('0053-S-2007', 1)":"Senado","('0053-S-2007', 2)":"Diputados","('0053-S-2007', 3)":"Diputados","('0053-S-2007', 4)":"Diputados"},"('Tramites', 'MOVIMIENTO')":{"('0053-S-2007', 0)":"MOCION SOBRE TABLAS (PLAN DE LABOR) (AFIRMATIVA)","('0053-S-2007', 1)":"CONSIDERACION Y APROBACION","('0053-S-2007', 2)":"PASA A DIPUTADOS -","('0053-S-2007', 3)":"CONSIDERACION Y SANCION","('0053-S-2007', 4)":"INSERCION DEL DIPUTADO DI POLLINA"},"('Tramites', 'FECHA')":{"('0053-S-2007', 0)":"23\/05\/2007","('0053-S-2007', 1)":"23\/05\/2007","('0053-S-2007', 2)":null,"('0053-S-2007', 3)":"06\/06\/2007","('0053-S-2007', 4)":"06\/06\/2007"},"('Tramites', 'RESULTADO')":{"('0053-S-2007', 0)":null,"('0053-S-2007', 1)":"MEDIA SANCION","('0053-S-2007', 2)":null,"('0053-S-2007', 3)":"SANCIONADO","('0053-S-2007', 4)":null},"Link":{"('0053-S-2007', 0)":"https:\/\/www4.hcdn.gob.ar\/dependencias\/dsecretaria\/Periodo2007\/PDF2007\/TP2007\/0053-S-07.pdf","('0053-S-2007', 1)":null,"('0053-S-2007', 2)":null,"('0053-S-2007', 3)":null,"('0053-S-2007', 4)":null},"Palabra Clave":{"('0053-S-2007', 0)":" ","('0053-S-2007', 1)":null,"('0053-S-2007', 2)":null,"('0053-S-2007', 3)":null,"('0053-S-2007', 4)":null}}