{"Tipo de Proyecto":{"('0053-D-2007', 0)":"PROYECTO DE LEY","('0053-D-2007', 1)":null,"('0053-D-2007', 2)":null},"Iniciado en: ":{"('0053-D-2007', 0)":"Diputados","('0053-D-2007', 1)":null,"('0053-D-2007', 2)":null},"Expediente Diputados: ":{"('0053-D-2007', 0)":"0053-D-2007","('0053-D-2007', 1)":null,"('0053-D-2007', 2)":null},"Publicado en: ":{"('0053-D-2007', 0)":"Tr\u00e1mite Parlamentario N\u00b0 1","('0053-D-2007', 1)":null,"('0053-D-2007', 2)":null},"Fecha: ":{"('0053-D-2007', 0)":"01\/03\/2007","('0053-D-2007', 1)":null,"('0053-D-2007', 2)":null},"T\u00edtulo":{"('0053-D-2007', 0)":"NUEVO REGISTRO NACIONAL DE BENEFICIARIOS DE PROGRAMAS SOCIALES: CREACION EN EL AMBITO DEL PODER EJECUTIVO.","('0053-D-2007', 1)":null,"('0053-D-2007', 2)":null},"('Firmantes', 'FIRMANTE')":{"('0053-D-2007', 0)":"TORRONTEGUI, MARIA ANGELICA","('0053-D-2007', 1)":"LUSQUI\u00d1OS, LUIS BERNARDO","('0053-D-2007', 2)":"POGGI, CLAUDIO JAVIER"},"('Firmantes', 'DISTRITO')":{"('0053-D-2007', 0)":"SAN LUIS","('0053-D-2007', 1)":"SAN LUIS","('0053-D-2007', 2)":"SAN LUIS"},"('Firmantes', 'BLOQUE')":{"('0053-D-2007', 0)":"FRENTE DEL MOVIMIENTO POPULAR","('0053-D-2007', 1)":"FRENTE DEL MOVIMIENTO POPULAR","('0053-D-2007', 2)":"FRENTE DEL MOVIMIENTO POPULAR"},"('Giros', 'COMISI\u00d3N')":{"('0053-D-2007', 0)":"ACCION SOCIAL Y SALUD PUBLICA","('0053-D-2007', 1)":null,"('0053-D-2007', 2)":null},"('Tramites', 'C\u00c1MARA')":{"('0053-D-2007', 0)":"Diputados","('0053-D-2007', 1)":null,"('0053-D-2007', 2)":null},"('Tramites', 'MOVIMIENTO')":{"('0053-D-2007', 0)":"REPRODUCIDO POR EXPEDIENTE 0471-D-09","('0053-D-2007', 1)":null,"('0053-D-2007', 2)":null},"('Tramites', 'FECHA')":{"('0053-D-2007', 0)":null,"('0053-D-2007', 1)":null,"('0053-D-2007', 2)":null},"('Tramites', 'RESULTADO')":{"('0053-D-2007', 0)":null,"('0053-D-2007', 1)":null,"('0053-D-2007', 2)":null},"Link":{"('0053-D-2007', 0)":"https:\/\/www.hcdn.gob.ar\/proyectos\/textoCompleto.jsp?exp=0053-D-2007&tipo=LEY","('0053-D-2007', 1)":null,"('0053-D-2007', 2)":null},"Palabra Clave":{"('0053-D-2007', 0)":" ","('0053-D-2007', 1)":null,"('0053-D-2007', 2)":null}}