{"Tipo de Proyecto":{"('0055-D-2007', 0)":"PROYECTO DE RESOLUCI\u00d3N","('0055-D-2007', 1)":null,"('0055-D-2007', 2)":null},"Iniciado en: ":{"('0055-D-2007', 0)":"Diputados","('0055-D-2007', 1)":null,"('0055-D-2007', 2)":null},"Expediente Diputados: ":{"('0055-D-2007', 0)":"0055-D-2007","('0055-D-2007', 1)":null,"('0055-D-2007', 2)":null},"Publicado en: ":{"('0055-D-2007', 0)":"Tr\u00e1mite Parlamentario N\u00b0 1","('0055-D-2007', 1)":null,"('0055-D-2007', 2)":null},"Fecha: ":{"('0055-D-2007', 0)":"01\/03\/2007","('0055-D-2007', 1)":null,"('0055-D-2007', 2)":null},"T\u00edtulo":{"('0055-D-2007', 0)":"PEDIDO DE INFORMES AL PODER EJECUTIVO SOBRE EL VOLUMEN TOTAL DE EXPORTACIONES CARNICAS Y SU DESTINO, EN EL PERIODO COMPRENDIDO ENTRE LOS A\u00d1OS 2005-2007, Y OTRAS CUESTIONES CONEXAS.","('0055-D-2007', 1)":null,"('0055-D-2007', 2)":null},"('Firmantes', 'FIRMANTE')":{"('0055-D-2007', 0)":"TORRONTEGUI, MARIA ANGELICA","('0055-D-2007', 1)":"LUSQUI\u00d1OS, LUIS BERNARDO","('0055-D-2007', 2)":"POGGI, CLAUDIO JAVIER"},"('Firmantes', 'DISTRITO')":{"('0055-D-2007', 0)":"SAN LUIS","('0055-D-2007', 1)":"SAN LUIS","('0055-D-2007', 2)":"SAN LUIS"},"('Firmantes', 'BLOQUE')":{"('0055-D-2007', 0)":"FRENTE DEL MOVIMIENTO POPULAR","('0055-D-2007', 1)":"FRENTE DEL MOVIMIENTO POPULAR","('0055-D-2007', 2)":"FRENTE DEL MOVIMIENTO POPULAR"},"('Giros', 'COMISI\u00d3N')":{"('0055-D-2007', 0)":"COMERCIO","('0055-D-2007', 1)":null,"('0055-D-2007', 2)":null},"Link":{"('0055-D-2007', 0)":"https:\/\/www.hcdn.gob.ar\/proyectos\/textoCompleto.jsp?exp=0055-D-2007&tipo=RESOLUCION","('0055-D-2007', 1)":null,"('0055-D-2007', 2)":null},"Palabra Clave":{"('0055-D-2007', 0)":" ","('0055-D-2007', 1)":null,"('0055-D-2007', 2)":null}}