{"Tipo de Proyecto":{"('0055-S-2007', 0)":"PROYECTO DE LEY"},"Iniciado en: ":{"('0055-S-2007', 0)":"Senado"},"Expediente Senado: ":{"('0055-S-2007', 0)":"0055-S-2007"},"Publicado en: ":{"('0055-S-2007', 0)":"Diario de Asuntos Entrados N\u00b0 3"},"Fecha: ":{"('0055-S-2007', 0)":"02\/03\/2007"},"T\u00edtulo":{"('0055-S-2007', 0)":"DISPONER LA EMISION DE UNA MONEDA DE CURSO LEGAL VIGENTE CON MOTIVO DEL A\u00d1O POLAR INTERNACIONAL 2007 - 2008. (REPRODUCCION DEL EXPEDIENTE 4184-S-05)."},"('Firmantes', 'FIRMANTE')":{"('0055-S-2007', 0)":"DANIELE, MARIO DOMINGO"},"('Firmantes', 'DISTRITO')":{"('0055-S-2007', 0)":"TIERRA DEL FUEGO"},"('Firmantes', 'BLOQUE')":{"('0055-S-2007', 0)":"JUSTICIALISTA"},"Link":{"('0055-S-2007', 0)":"http:\/\/www.senado.gov.ar\/parlamentario\/comisiones\/verExp\/55.07\/S\/PL"},"Palabra Clave":{"('0055-S-2007', 0)":" "}}