{"Tipo de Proyecto":{"('0056-PE-2007', 0)":"MENSAJE NRO: 0299\/07","('0056-PE-2007', 1)":null},"Iniciado en: ":{"('0056-PE-2007', 0)":"Senado","('0056-PE-2007', 1)":null},"Expediente Senado: ":{"('0056-PE-2007', 0)":"0056-PE-2007","('0056-PE-2007', 1)":null},"Publicado en: ":{"('0056-PE-2007', 0)":"DAE S.A. N\u00b0 3","('0056-PE-2007', 1)":null},"Fecha: ":{"('0056-PE-2007', 0)":"29\/03\/2007","('0056-PE-2007', 1)":null},"T\u00edtulo":{"('0056-PE-2007', 0)":"SOLICITA LA DEVOLUCION DEL MENSAJE 259\/2007 DEL 23 DE MARZO DE 2007, ACUERDO PARA DESIGNAR SINDICO ADJUNTO DEL BANCO CENTRAL DE LA REPUBLICA ARGENTINA AL DOCTOR LUIS EDUARDO LAMBERTI (EXPEDIENTE 0027-PE-07).","('0056-PE-2007', 1)":null},"('Firmantes', 'FIRMANTE')":{"('0056-PE-2007', 0)":"KIRCHNER, NESTOR CARLOS","('0056-PE-2007', 1)":"MICELI, FELISA JOSEFINA"},"('Firmantes', 'DISTRITO')":{"('0056-PE-2007', 0)":null,"('0056-PE-2007', 1)":null},"('Firmantes', 'BLOQUE')":{"('0056-PE-2007', 0)":"PODER EJECUTIVO","('0056-PE-2007', 1)":"PODER EJECUTIVO"},"('Tramites', 'C\u00c1MARA')":{"('0056-PE-2007', 0)":"Senado","('0056-PE-2007', 1)":null},"('Tramites', 'MOVIMIENTO')":{"('0056-PE-2007', 0)":"VER TRAMITE EN EXPEDIENTE 0027-PE-07","('0056-PE-2007', 1)":null},"('Tramites', 'FECHA')":{"('0056-PE-2007', 0)":"11\/04\/2007","('0056-PE-2007', 1)":null},"('Tramites', 'RESULTADO')":{"('0056-PE-2007', 0)":null,"('0056-PE-2007', 1)":null},"Palabra Clave":{"('0056-PE-2007', 0)":" ","('0056-PE-2007', 1)":null}}