{"Tipo de Proyecto":{"('0057-S-2007', 0)":"PROYECTO DE DECLARACI\u00d3N","('0057-S-2007', 1)":null},"Iniciado en: ":{"('0057-S-2007', 0)":"Senado","('0057-S-2007', 1)":null},"Expediente Senado: ":{"('0057-S-2007', 0)":"0057-S-2007","('0057-S-2007', 1)":null},"Publicado en: ":{"('0057-S-2007', 0)":"Diario de Asuntos Entrados N\u00b0 3","('0057-S-2007', 1)":null},"Fecha: ":{"('0057-S-2007', 0)":"02\/03\/2007","('0057-S-2007', 1)":null},"T\u00edtulo":{"('0057-S-2007', 0)":"DECLARAR DE INTERES LEGISLATIVO EL MEGAEVENTO INTA EXPONE NEA 2007 A REALIZARSE ENTRE EL 11 Y EL 13 DE MAYO DE 2007 EN LA CIUDAD DE CORRIENTES.","('0057-S-2007', 1)":null},"('Firmantes', 'FIRMANTE')":{"('0057-S-2007', 0)":"VIUDES DE DAMONTE, ISABEL JOSEFA","('0057-S-2007', 1)":null},"('Firmantes', 'DISTRITO')":{"('0057-S-2007', 0)":"CORRIENTES","('0057-S-2007', 1)":null},"('Firmantes', 'BLOQUE')":{"('0057-S-2007', 0)":"PARTIDO NUEVO","('0057-S-2007', 1)":null},"('Tramites', 'C\u00c1MARA')":{"('0057-S-2007', 0)":"Senado","('0057-S-2007', 1)":"Senado"},"('Tramites', 'MOVIMIENTO')":{"('0057-S-2007', 0)":"MOCION SOBRE TABLAS (AFIRMATIVA)","('0057-S-2007', 1)":"CONSIDERACION Y APROBACION"},"('Tramites', 'FECHA')":{"('0057-S-2007', 0)":"14\/03\/2007","('0057-S-2007', 1)":"14\/03\/2007"},"('Tramites', 'RESULTADO')":{"('0057-S-2007', 0)":null,"('0057-S-2007', 1)":"APROBADO"},"Link":{"('0057-S-2007', 0)":"http:\/\/www.senado.gov.ar\/parlamentario\/comisiones\/verExp\/57.07\/S\/PD","('0057-S-2007', 1)":null},"Palabra Clave":{"('0057-S-2007', 0)":" ","('0057-S-2007', 1)":null}}