{"Tipo de Proyecto":{"('0057-PE-2007', 0)":"MENSAJE NRO: 0300\/07","('0057-PE-2007', 1)":null},"Iniciado en: ":{"('0057-PE-2007', 0)":"Senado","('0057-PE-2007', 1)":null},"Expediente Senado: ":{"('0057-PE-2007', 0)":"0057-PE-2007","('0057-PE-2007', 1)":null},"Publicado en: ":{"('0057-PE-2007', 0)":"DAE S.A. N\u00b0 3","('0057-PE-2007', 1)":null},"Fecha: ":{"('0057-PE-2007', 0)":"29\/03\/2007","('0057-PE-2007', 1)":null},"T\u00edtulo":{"('0057-PE-2007', 0)":"SOLICITA ACUERDO PARA DESIGNAR SINDICO ADJUNTO DEL BANCO CENTRAL DE LA REPUBLICA ARGENTINA AL DOCTOR JORGE ALFONSO DONADIO.","('0057-PE-2007', 1)":null},"('Firmantes', 'FIRMANTE')":{"('0057-PE-2007', 0)":"KIRCHNER, NESTOR CARLOS","('0057-PE-2007', 1)":"MICELI, FELISA JOSEFINA"},"('Firmantes', 'DISTRITO')":{"('0057-PE-2007', 0)":null,"('0057-PE-2007', 1)":null},"('Firmantes', 'BLOQUE')":{"('0057-PE-2007', 0)":"PODER EJECUTIVO","('0057-PE-2007', 1)":"PODER EJECUTIVO"},"('Tramites', 'C\u00c1MARA')":{"('0057-PE-2007', 0)":"Senado","('0057-PE-2007', 1)":"Senado"},"('Tramites', 'MOVIMIENTO')":{"('0057-PE-2007', 0)":"MOCION SOBRE TABLAS (AFIRMATIVA)","('0057-PE-2007', 1)":"CONSIDERACION Y APROBACION"},"('Tramites', 'FECHA')":{"('0057-PE-2007', 0)":"25\/04\/2007","('0057-PE-2007', 1)":"25\/04\/2007"},"('Tramites', 'RESULTADO')":{"('0057-PE-2007', 0)":null,"('0057-PE-2007', 1)":"APROBADO"},"Palabra Clave":{"('0057-PE-2007', 0)":" ","('0057-PE-2007', 1)":null}}