{"Tipo de Proyecto":{"('0059-D-2007', 0)":"PROYECTO DE RESOLUCI\u00d3N"},"Iniciado en: ":{"('0059-D-2007', 0)":"Diputados"},"Expediente Diputados: ":{"('0059-D-2007', 0)":"0059-D-2007"},"Publicado en: ":{"('0059-D-2007', 0)":"Tr\u00e1mite Parlamentario N\u00b0 1"},"Fecha: ":{"('0059-D-2007', 0)":"01\/03\/2007"},"T\u00edtulo":{"('0059-D-2007', 0)":"SOLICITAR AL PODER EJECUTIVO DISPONGA INCLUIR EN EL \"PROGRAMA INTEGRAL PARA LA IGUALDAD EDUCATIVA\", AL ESTABLECIMIENTO ESCOLAR N\u00ba 27 PROVINCIA DE SANTA CRUZ, LOCALIDAD DE QUILMES, DEL DEPARTAMENTO LEALES DE LA PROVINCIA DE TUCUMAN."},"('Firmantes', 'FIRMANTE')":{"('0059-D-2007', 0)":"HERRERA, ALBERTO"},"('Firmantes', 'DISTRITO')":{"('0059-D-2007', 0)":"TUCUMAN"},"('Firmantes', 'BLOQUE')":{"('0059-D-2007', 0)":"FRENTE PARA LA VICTORIA - PJ"},"('Giros', 'COMISI\u00d3N')":{"('0059-D-2007', 0)":"EDUCACION"},"Link":{"('0059-D-2007', 0)":"https:\/\/www.hcdn.gob.ar\/proyectos\/textoCompleto.jsp?exp=0059-D-2007&tipo=RESOLUCION"},"Palabra Clave":{"('0059-D-2007', 0)":" "}}