{"Tipo de Proyecto":{"('0063-D-2007', 0)":"PROYECTO DE RESOLUCI\u00d3N","('0063-D-2007', 1)":null,"('0063-D-2007', 2)":null},"Iniciado en: ":{"('0063-D-2007', 0)":"Diputados","('0063-D-2007', 1)":null,"('0063-D-2007', 2)":null},"Expediente Diputados: ":{"('0063-D-2007', 0)":"0063-D-2007","('0063-D-2007', 1)":null,"('0063-D-2007', 2)":null},"Publicado en: ":{"('0063-D-2007', 0)":"Tr\u00e1mite Parlamentario N\u00b0 1","('0063-D-2007', 1)":null,"('0063-D-2007', 2)":null},"Fecha: ":{"('0063-D-2007', 0)":"01\/03\/2007","('0063-D-2007', 1)":null,"('0063-D-2007', 2)":null},"T\u00edtulo":{"('0063-D-2007', 0)":"SOLICITAR AL PODER EJECUTIVO DISPONGA LAS MEDIDAS NECESARIAS PARA LA PUESTA EN MARCHA DE LOS TALLERES FERROVIARIOS DE TAFI VIEJO, PROVINCIA DE TUCUMAN.","('0063-D-2007', 1)":null,"('0063-D-2007', 2)":null},"('Firmantes', 'FIRMANTE')":{"('0063-D-2007', 0)":"HERRERA, ALBERTO","('0063-D-2007', 1)":null,"('0063-D-2007', 2)":null},"('Firmantes', 'DISTRITO')":{"('0063-D-2007', 0)":"TUCUMAN","('0063-D-2007', 1)":null,"('0063-D-2007', 2)":null},"('Firmantes', 'BLOQUE')":{"('0063-D-2007', 0)":"FRENTE PARA LA VICTORIA - PJ","('0063-D-2007', 1)":null,"('0063-D-2007', 2)":null},"('Giros', 'COMISI\u00d3N')":{"('0063-D-2007', 0)":"TRANSPORTES","('0063-D-2007', 1)":null,"('0063-D-2007', 2)":null},"('Tramites', 'C\u00c1MARA')":{"('0063-D-2007', 0)":"Diputados","('0063-D-2007', 1)":"Diputados","('0063-D-2007', 2)":"Diputados"},"('Tramites', 'MOVIMIENTO')":{"('0063-D-2007', 0)":"CONSIDERACION Y APROBACION","('0063-D-2007', 1)":"CONTESTACION DEL PODER EJECUTIVO NACIONAL - JEFE DE GABINETE DE MINISTROS - GIRADO A LA COMISION RESPECTIVA","('0063-D-2007', 2)":"CONTESTACION DEL PODER EJECUTIVO NACIONAL - JEFE DE GABINETE DE MINISTROS - GIRADO A LA COMISION RESPECTIVA"},"('Tramites', 'FECHA')":{"('0063-D-2007', 0)":"18\/07\/2007","('0063-D-2007', 1)":"28\/02\/2008","('0063-D-2007', 2)":"09\/04\/2008"},"('Tramites', 'RESULTADO')":{"('0063-D-2007', 0)":"APROBADO","('0063-D-2007', 1)":null,"('0063-D-2007', 2)":null},"Link":{"('0063-D-2007', 0)":"https:\/\/www.hcdn.gob.ar\/proyectos\/textoCompleto.jsp?exp=0063-D-2007&tipo=RESOLUCION","('0063-D-2007', 1)":null,"('0063-D-2007', 2)":null},"Palabra Clave":{"('0063-D-2007', 0)":" ","('0063-D-2007', 1)":null,"('0063-D-2007', 2)":null}}