{"Tipo de Proyecto":{"('0066-S-2007', 0)":"PROYECTO DE RESOLUCI\u00d3N","('0066-S-2007', 1)":null,"('0066-S-2007', 2)":null,"('0066-S-2007', 3)":null},"Iniciado en: ":{"('0066-S-2007', 0)":"Senado","('0066-S-2007', 1)":null,"('0066-S-2007', 2)":null,"('0066-S-2007', 3)":null},"Expediente Diputados: ":{"('0066-S-2007', 0)":"0066-S-2007","('0066-S-2007', 1)":null,"('0066-S-2007', 2)":null,"('0066-S-2007', 3)":null},"Expediente Senado: ":{"('0066-S-2007', 0)":"0220-OV-2006","('0066-S-2007', 1)":null,"('0066-S-2007', 2)":null,"('0066-S-2007', 3)":null},"Fecha: ":{"('0066-S-2007', 0)":"03\/05\/2007","('0066-S-2007', 1)":null,"('0066-S-2007', 2)":null,"('0066-S-2007', 3)":null},"T\u00edtulo":{"('0066-S-2007', 0)":"PEDIDO DE INFORMES AL PODER EJECUTIVO SOBRE RESOLUCION REMITIDA POR LA AUDITORIA GENERAL DE LA NACION REFERENTE A LOS ESTADOS FINANCIEROS DEL EJERCICIO FINALIZADO EL 31 DE DICIEMBRE DE 2005, CORRESPONDIENTES AL PROGRAMA DE PROMOCION DEL FORTALECIMIENTO DE LA FAMILIA Y EL CAPITAL SOCIAL (PROFAM) - CONVENIO DE PRESTAMO 4640-AR BIRF.","('0066-S-2007', 1)":null,"('0066-S-2007', 2)":null,"('0066-S-2007', 3)":null},"('Firmantes', 'FIRMANTE')":{"('0066-S-2007', 0)":"PARLAMENTARIA MIXTA REVISORA DE CUENTAS","('0066-S-2007', 1)":null,"('0066-S-2007', 2)":null,"('0066-S-2007', 3)":null},"('Firmantes', 'DISTRITO')":{"('0066-S-2007', 0)":null,"('0066-S-2007', 1)":null,"('0066-S-2007', 2)":null,"('0066-S-2007', 3)":null},"('Firmantes', 'BLOQUE')":{"('0066-S-2007', 0)":null,"('0066-S-2007', 1)":null,"('0066-S-2007', 2)":null,"('0066-S-2007', 3)":null},"('Giros', 'COMISI\u00d3N')":{"('0066-S-2007', 0)":"PARLAMENTARIA MIXTA REVISORA DE CUENTAS","('0066-S-2007', 1)":null,"('0066-S-2007', 2)":null,"('0066-S-2007', 3)":null},"('Tramites', 'C\u00c1MARA')":{"('0066-S-2007', 0)":"Senado","('0066-S-2007', 1)":"Diputados","('0066-S-2007', 2)":"Diputados","('0066-S-2007', 3)":"Diputados"},"('Tramites', 'MOVIMIENTO')":{"('0066-S-2007', 0)":"CONSIDERACION Y APROBACION","('0066-S-2007', 1)":"PASA A DIPUTADOS -","('0066-S-2007', 2)":"CONSIDERACION Y APROBACION","('0066-S-2007', 3)":"CONTESTACION DEL PODER EJECUTIVO NACIONAL - JEFE DE GABINETE DE MINISTROS - GIRADO A LA COMISION RESPECTIVA"},"('Tramites', 'FECHA')":{"('0066-S-2007', 0)":"23\/05\/2007","('0066-S-2007', 1)":null,"('0066-S-2007', 2)":"18\/07\/2007","('0066-S-2007', 3)":"05\/08\/2009"},"('Tramites', 'RESULTADO')":{"('0066-S-2007', 0)":"APROBADO","('0066-S-2007', 1)":null,"('0066-S-2007', 2)":"APROBADO","('0066-S-2007', 3)":null},"Link":{"('0066-S-2007', 0)":"http:\/\/www.senado.gov.ar\/parlamentario\/comisiones\/verExp\/220.06\/OV\/PR","('0066-S-2007', 1)":null,"('0066-S-2007', 2)":null,"('0066-S-2007', 3)":null},"Palabra Clave":{"('0066-S-2007', 0)":" ","('0066-S-2007', 1)":null,"('0066-S-2007', 2)":null,"('0066-S-2007', 3)":null}}