{"Tipo de Proyecto":{"('0067-S-2007', 0)":"PROYECTO DE RESOLUCI\u00d3N","('0067-S-2007', 1)":null,"('0067-S-2007', 2)":null},"Iniciado en: ":{"('0067-S-2007', 0)":"Senado","('0067-S-2007', 1)":null,"('0067-S-2007', 2)":null},"Expediente Diputados: ":{"('0067-S-2007', 0)":"0067-S-2007","('0067-S-2007', 1)":null,"('0067-S-2007', 2)":null},"Expediente Senado: ":{"('0067-S-2007', 0)":"0227-OV-2006","('0067-S-2007', 1)":null,"('0067-S-2007', 2)":null},"Fecha: ":{"('0067-S-2007', 0)":"03\/05\/2007","('0067-S-2007', 1)":null,"('0067-S-2007', 2)":null},"T\u00edtulo":{"('0067-S-2007', 0)":"PEDIDO DE INFORMES AL PODER EJECUTIVO SOBRE RESOLUCION REMITIDA POR LA AUDITORIA GENERAL DE LA NACION APROBANDO EL INFORME DEL ESTUDIO ESPECIAL \"RELEVAR LA DISTRIBUCION GEOGRAFICA DE LOS BENEFICIARIOS OTORGADOS POR EL PROGRAMA JEFES Y JEFAS DE HOGAR PERIODO JULIO 04 - DICIEMBRE 04, DETERMINAR LA RAZONABILIDAD DE LA MISMA EN FUNCION DE CIERTOS INDICADORES DE RIESGO SOCIAL\".","('0067-S-2007', 1)":null,"('0067-S-2007', 2)":null},"('Firmantes', 'FIRMANTE')":{"('0067-S-2007', 0)":"PARLAMENTARIA MIXTA REVISORA DE CUENTAS","('0067-S-2007', 1)":null,"('0067-S-2007', 2)":null},"('Firmantes', 'DISTRITO')":{"('0067-S-2007', 0)":null,"('0067-S-2007', 1)":null,"('0067-S-2007', 2)":null},"('Firmantes', 'BLOQUE')":{"('0067-S-2007', 0)":null,"('0067-S-2007', 1)":null,"('0067-S-2007', 2)":null},"('Giros', 'COMISI\u00d3N')":{"('0067-S-2007', 0)":"PARLAMENTARIA MIXTA REVISORA DE CUENTAS","('0067-S-2007', 1)":null,"('0067-S-2007', 2)":null},"('Tramites', 'C\u00c1MARA')":{"('0067-S-2007', 0)":"Senado","('0067-S-2007', 1)":"Diputados","('0067-S-2007', 2)":"Diputados"},"('Tramites', 'MOVIMIENTO')":{"('0067-S-2007', 0)":"CONSIDERACION Y APROBACION","('0067-S-2007', 1)":"PASA A DIPUTADOS -","('0067-S-2007', 2)":"CONSIDERACION Y APROBACION"},"('Tramites', 'FECHA')":{"('0067-S-2007', 0)":"23\/05\/2007","('0067-S-2007', 1)":null,"('0067-S-2007', 2)":"18\/07\/2007"},"('Tramites', 'RESULTADO')":{"('0067-S-2007', 0)":"APROBADO","('0067-S-2007', 1)":null,"('0067-S-2007', 2)":"APROBADO"},"Link":{"('0067-S-2007', 0)":"http:\/\/www.senado.gov.ar\/parlamentario\/comisiones\/verExp\/227.06\/OV\/PR","('0067-S-2007', 1)":null,"('0067-S-2007', 2)":null},"Palabra Clave":{"('0067-S-2007', 0)":" ","('0067-S-2007', 1)":null,"('0067-S-2007', 2)":null}}