{"Tipo de Proyecto":{"('0067-PE-2007', 0)":"MENSAJE NRO: 0099\/07","('0067-PE-2007', 1)":null,"('0067-PE-2007', 2)":null},"Iniciado en: ":{"('0067-PE-2007', 0)":"Senado","('0067-PE-2007', 1)":null,"('0067-PE-2007', 2)":null},"Expediente Senado: ":{"('0067-PE-2007', 0)":"0067-PE-2007","('0067-PE-2007', 1)":null,"('0067-PE-2007', 2)":null},"Publicado en: ":{"('0067-PE-2007', 0)":"Diario de Asuntos Entrados N\u00b0 56","('0067-PE-2007', 1)":null,"('0067-PE-2007', 2)":null},"Fecha: ":{"('0067-PE-2007', 0)":"08\/05\/2007","('0067-PE-2007', 1)":null,"('0067-PE-2007', 2)":null},"T\u00edtulo":{"('0067-PE-2007', 0)":"COMUNICACION DEL DICTADO DEL DECRETO DE NECESIDAD Y URGENCIA 456\/2007 (MODIFICACION DEL DECRETO 755\/2004 CONSEJO NACIONAL DE INVESTIGACIONES CIENTIFICAS Y TECNICAS - CONICET - ORGANISMO DESCENTRALIZADO DE LA SECRETARIA DE CIENCIA, TECNOLOGIA E INNOVACION PRODUCTIVA DEL MINISTERIO DE EDUCACION, CIENCIA Y TECNOLOGIA: \"SUPLEMENTO ESPECIAL NO REMUNERATIVO NO BONIFICABLE\").","('0067-PE-2007', 1)":null,"('0067-PE-2007', 2)":null},"('Firmantes', 'FIRMANTE')":{"('0067-PE-2007', 0)":"KIRCHNER, NESTOR CARLOS","('0067-PE-2007', 1)":"FERNANDEZ, ALBERTO","('0067-PE-2007', 2)":"FILMUS, DANIEL"},"('Firmantes', 'DISTRITO')":{"('0067-PE-2007', 0)":null,"('0067-PE-2007', 1)":null,"('0067-PE-2007', 2)":null},"('Firmantes', 'BLOQUE')":{"('0067-PE-2007', 0)":"PODER EJECUTIVO","('0067-PE-2007', 1)":"PODER EJECUTIVO","('0067-PE-2007', 2)":"PODER EJECUTIVO"},"('Tramites', 'C\u00c1MARA')":{"('0067-PE-2007', 0)":"Senado","('0067-PE-2007', 1)":"Diputados","('0067-PE-2007', 2)":null},"('Tramites', 'MOVIMIENTO')":{"('0067-PE-2007', 0)":"CONSIDERACION Y APROBACION","('0067-PE-2007', 1)":"PASA A DIPUTADOS -","('0067-PE-2007', 2)":null},"('Tramites', 'FECHA')":{"('0067-PE-2007', 0)":"09\/04\/2008","('0067-PE-2007', 1)":null,"('0067-PE-2007', 2)":null},"('Tramites', 'RESULTADO')":{"('0067-PE-2007', 0)":"APROBADO","('0067-PE-2007', 1)":null,"('0067-PE-2007', 2)":null},"Palabra Clave":{"('0067-PE-2007', 0)":" ","('0067-PE-2007', 1)":null,"('0067-PE-2007', 2)":null}}