{"Tipo de Proyecto":{"('0069-S-2007', 0)":"PROYECTO DE RESOLUCI\u00d3N","('0069-S-2007', 1)":null,"('0069-S-2007', 2)":null,"('0069-S-2007', 3)":null},"Iniciado en: ":{"('0069-S-2007', 0)":"Senado","('0069-S-2007', 1)":null,"('0069-S-2007', 2)":null,"('0069-S-2007', 3)":null},"Expediente Diputados: ":{"('0069-S-2007', 0)":"0069-S-2007","('0069-S-2007', 1)":null,"('0069-S-2007', 2)":null,"('0069-S-2007', 3)":null},"Expediente Senado: ":{"('0069-S-2007', 0)":"0442-OV-2006","('0069-S-2007', 1)":null,"('0069-S-2007', 2)":null,"('0069-S-2007', 3)":null},"Fecha: ":{"('0069-S-2007', 0)":"04\/05\/2007","('0069-S-2007', 1)":null,"('0069-S-2007', 2)":null,"('0069-S-2007', 3)":null},"T\u00edtulo":{"('0069-S-2007', 0)":"RESOLUCION REMITIDA POR LA AUDITORIA GENERAL DE LA NACION, COMUNICANDO SOBRE UN INFORME DE AUDITORIA DE ESTADOS CONTANLES CORRESPONDIENTE AL EJERCICIO FINALIZADO EL 31 DE DICIEMBRE DE 2004 EN EL AMBITO CONSTRUCCION DE VIVIENDA PARA LA ARMADA (COVIARA): SOLICITAR AL PODER EJECUTIVO NACIONAL QUE DISPONGA LAS MEDIDAS CONDUCENTES PARA QUE COVIARA CUMPLA CON LA PRESENTACION DE LA MEMORIA ANUAL E INFORME DE LA COMISION FISCALIZADORA, REFERIDA A LOS ESTADOS CONTABLES AL 31\/12\/2004.","('0069-S-2007', 1)":null,"('0069-S-2007', 2)":null,"('0069-S-2007', 3)":null},"('Firmantes', 'FIRMANTE')":{"('0069-S-2007', 0)":"PARLAMENTARIA MIXTA REVISORA DE CUENTAS","('0069-S-2007', 1)":null,"('0069-S-2007', 2)":null,"('0069-S-2007', 3)":null},"('Firmantes', 'DISTRITO')":{"('0069-S-2007', 0)":null,"('0069-S-2007', 1)":null,"('0069-S-2007', 2)":null,"('0069-S-2007', 3)":null},"('Firmantes', 'BLOQUE')":{"('0069-S-2007', 0)":null,"('0069-S-2007', 1)":null,"('0069-S-2007', 2)":null,"('0069-S-2007', 3)":null},"('Giros', 'COMISI\u00d3N')":{"('0069-S-2007', 0)":"PARLAMENTARIA MIXTA REVISORA DE CUENTAS","('0069-S-2007', 1)":null,"('0069-S-2007', 2)":null,"('0069-S-2007', 3)":null},"('Tramites', 'C\u00c1MARA')":{"('0069-S-2007', 0)":"Senado","('0069-S-2007', 1)":"Diputados","('0069-S-2007', 2)":"Diputados","('0069-S-2007', 3)":"Diputados"},"('Tramites', 'MOVIMIENTO')":{"('0069-S-2007', 0)":"CONSIDERACION Y APROBACION","('0069-S-2007', 1)":"PASA A DIPUTADOS -","('0069-S-2007', 2)":"CONSIDERACION Y APROBACION","('0069-S-2007', 3)":"CONTESTACION DEL PODER EJECUTIVO NACIONAL - JEFE DE GABINETE DE MINISTROS - GIRADO A LA COMISION RESPECTIVA"},"('Tramites', 'FECHA')":{"('0069-S-2007', 0)":"23\/05\/2007","('0069-S-2007', 1)":null,"('0069-S-2007', 2)":"18\/07\/2007","('0069-S-2007', 3)":"11\/03\/2009"},"('Tramites', 'RESULTADO')":{"('0069-S-2007', 0)":"APROBADO","('0069-S-2007', 1)":null,"('0069-S-2007', 2)":"APROBADO","('0069-S-2007', 3)":null},"Link":{"('0069-S-2007', 0)":"http:\/\/www.senado.gov.ar\/parlamentario\/comisiones\/verExp\/442.06\/OV\/PR","('0069-S-2007', 1)":null,"('0069-S-2007', 2)":null,"('0069-S-2007', 3)":null},"Palabra Clave":{"('0069-S-2007', 0)":" ","('0069-S-2007', 1)":null,"('0069-S-2007', 2)":null,"('0069-S-2007', 3)":null}}