{"Tipo de Proyecto":{"('0070-S-2007', 0)":"PROYECTO DE RESOLUCI\u00d3N","('0070-S-2007', 1)":null,"('0070-S-2007', 2)":null,"('0070-S-2007', 3)":null},"Iniciado en: ":{"('0070-S-2007', 0)":"Senado","('0070-S-2007', 1)":null,"('0070-S-2007', 2)":null,"('0070-S-2007', 3)":null},"Expediente Diputados: ":{"('0070-S-2007', 0)":"0070-S-2007","('0070-S-2007', 1)":null,"('0070-S-2007', 2)":null,"('0070-S-2007', 3)":null},"Expediente Senado: ":{"('0070-S-2007', 0)":"0111-OV-2006","('0070-S-2007', 1)":null,"('0070-S-2007', 2)":null,"('0070-S-2007', 3)":null},"Fecha: ":{"('0070-S-2007', 0)":"04\/05\/2007","('0070-S-2007', 1)":null,"('0070-S-2007', 2)":null,"('0070-S-2007', 3)":null},"T\u00edtulo":{"('0070-S-2007', 0)":"PEDIDO DE INFORMES AL PODER EJECUTIVO SOBRE RESOLUCIONES REMITIDAS POR LA AUDITORIA GENERAL DE LA NACION REFERENTES A LOS ESTADOS FINANCIEROS AL 31 DE DICIEMBRE DE 2005 CORRESPONDIENTES AL PROGRAMA DE FORTALECIMIENTO INSTITUCIONAL DEL MINISTERIO DE RELACIONES EXTERIORES, COMERCIO INTERNACIONAL Y CULTO (0111-OV-06) Y AL PROYECTO PNUD ARG\/ 2\/020 DEL MISMO PROGRAMA (0523-OV-06) - CONTRATO DE PRESTAMO 1279\/OC AR -BID; Y SOBRE RESPUESTA REMITIDA POR JEFATURA DE GABINETE DE MINISTROS EN RELACION A LA RESOLUCION APROBADA POR EL H. CONGRESO (0121-S-05) SOLICITANDO INFORMES AL PEN SOBRE MEDIDAS ADOPTADAS A FIN DE SUPERAR LOS ASPECTOS OBSERVADOS POR LA AUDITORIA GENERAL DE LA NACION CON MOTIVO DE LOS ESTADOS FINANCIEROS AL 31 DE DICIEMBRE DE 2003 CORRESPONDIENTE AL PROGRAMA DE FORTALECIMIENTO INSTITUCIONAL DEL MENCIONADO MINISTERIO, CONTRATO DE PRESTAMO INDICADO (0454-OVD-06).","('0070-S-2007', 1)":null,"('0070-S-2007', 2)":null,"('0070-S-2007', 3)":null},"('Firmantes', 'FIRMANTE')":{"('0070-S-2007', 0)":"PARLAMENTARIA MIXTA REVISORA DE CUENTAS","('0070-S-2007', 1)":null,"('0070-S-2007', 2)":null,"('0070-S-2007', 3)":null},"('Firmantes', 'DISTRITO')":{"('0070-S-2007', 0)":null,"('0070-S-2007', 1)":null,"('0070-S-2007', 2)":null,"('0070-S-2007', 3)":null},"('Firmantes', 'BLOQUE')":{"('0070-S-2007', 0)":null,"('0070-S-2007', 1)":null,"('0070-S-2007', 2)":null,"('0070-S-2007', 3)":null},"('Giros', 'COMISI\u00d3N')":{"('0070-S-2007', 0)":"PARLAMENTARIA MIXTA REVISORA DE CUENTAS","('0070-S-2007', 1)":null,"('0070-S-2007', 2)":null,"('0070-S-2007', 3)":null},"('Tramites', 'C\u00c1MARA')":{"('0070-S-2007', 0)":"Senado","('0070-S-2007', 1)":"Diputados","('0070-S-2007', 2)":"Diputados","('0070-S-2007', 3)":"Diputados"},"('Tramites', 'MOVIMIENTO')":{"('0070-S-2007', 0)":"CONSIDERACION Y APROBACION","('0070-S-2007', 1)":"PASA A DIPUTADOS -","('0070-S-2007', 2)":"CONSIDERACION Y APROBACION","('0070-S-2007', 3)":"CONTESTACION DEL PODER EJECUTIVO NACIONAL - JEFE DE GABINETE DE MINISTROS - GIRADO A LA COMISION RESPECTIVA"},"('Tramites', 'FECHA')":{"('0070-S-2007', 0)":"23\/05\/2007","('0070-S-2007', 1)":null,"('0070-S-2007', 2)":"18\/07\/2007","('0070-S-2007', 3)":"28\/02\/2008"},"('Tramites', 'RESULTADO')":{"('0070-S-2007', 0)":"APROBADO","('0070-S-2007', 1)":null,"('0070-S-2007', 2)":"APROBADO","('0070-S-2007', 3)":null},"Link":{"('0070-S-2007', 0)":"http:\/\/www.senado.gov.ar\/parlamentario\/comisiones\/verExp\/111.06\/OV\/PR","('0070-S-2007', 1)":null,"('0070-S-2007', 2)":null,"('0070-S-2007', 3)":null},"Palabra Clave":{"('0070-S-2007', 0)":" ","('0070-S-2007', 1)":null,"('0070-S-2007', 2)":null,"('0070-S-2007', 3)":null}}