{"Tipo de Proyecto":{"('0072-D-2007', 0)":"PROYECTO DE LEY","('0072-D-2007', 1)":null},"Iniciado en: ":{"('0072-D-2007', 0)":"Diputados","('0072-D-2007', 1)":null},"Expediente Diputados: ":{"('0072-D-2007', 0)":"0072-D-2007","('0072-D-2007', 1)":null},"Publicado en: ":{"('0072-D-2007', 0)":"Tr\u00e1mite Parlamentario N\u00b0 1","('0072-D-2007', 1)":null},"Fecha: ":{"('0072-D-2007', 0)":"01\/03\/2007","('0072-D-2007', 1)":null},"T\u00edtulo":{"('0072-D-2007', 0)":"CODIGO CIVIL: MODIFICACION DEL ARTICULO 259 (ACCION DE IMPUGNACION DE LA PATERNIDAD DEL MARIDO) (REPRODUCCION DEL EXPEDIENTE 4141-D-05).","('0072-D-2007', 1)":null},"('Firmantes', 'FIRMANTE')":{"('0072-D-2007', 0)":"COMELLI, ALICIA MARCELA","('0072-D-2007', 1)":null},"('Firmantes', 'DISTRITO')":{"('0072-D-2007', 0)":"NEUQUEN","('0072-D-2007', 1)":null},"('Firmantes', 'BLOQUE')":{"('0072-D-2007', 0)":"MOV POP NEUQUINO","('0072-D-2007', 1)":null},"('Giros', 'COMISI\u00d3N')":{"('0072-D-2007', 0)":"LEGISLACION GENERAL","('0072-D-2007', 1)":"FAMILIA, MUJER, NI\u00d1EZ Y ADOLESCENCIA"},"('Tramites', 'C\u00c1MARA')":{"('0072-D-2007', 0)":"Diputados","('0072-D-2007', 1)":null},"('Tramites', 'MOVIMIENTO')":{"('0072-D-2007', 0)":"REPRODUCIDO POR EXPEDIENTE 0174-D-09","('0072-D-2007', 1)":null},"('Tramites', 'FECHA')":{"('0072-D-2007', 0)":null,"('0072-D-2007', 1)":null},"('Tramites', 'RESULTADO')":{"('0072-D-2007', 0)":null,"('0072-D-2007', 1)":null},"Palabra Clave":{"('0072-D-2007', 0)":" ","('0072-D-2007', 1)":null}}