{"Tipo de Proyecto":{"('0073-S-2007', 0)":"PROYECTO DE LEY"},"Iniciado en: ":{"('0073-S-2007', 0)":"Senado"},"Expediente Senado: ":{"('0073-S-2007', 0)":"0073-S-2007"},"Publicado en: ":{"('0073-S-2007', 0)":"Diario de Asuntos Entrados N\u00b0 3"},"Fecha: ":{"('0073-S-2007', 0)":"02\/03\/2007"},"T\u00edtulo":{"('0073-S-2007', 0)":"MODIFICACION DEL ARTICULO 1 DE LA LEY 25587, EMERGENCIA PUBLICA Y REFORMA DEL REGIMEN CAMBIARIO, SOBRE EL REQUISITO DE EDAD EN LA DEVOLUCION DE FONDOS DEPOSITADOS EN ENTIDADES FINANCIERAS (REPRODUCCION DEL EXPEDIENTE 1244-S-04)."},"('Firmantes', 'FIRMANTE')":{"('0073-S-2007', 0)":"SALVATORI, PEDRO"},"('Firmantes', 'DISTRITO')":{"('0073-S-2007', 0)":"NEUQUEN"},"('Firmantes', 'BLOQUE')":{"('0073-S-2007', 0)":"MOV POP NEUQUINO"},"Link":{"('0073-S-2007', 0)":"http:\/\/www.senado.gov.ar\/parlamentario\/comisiones\/verExp\/73.07\/S\/PL"},"Palabra Clave":{"('0073-S-2007', 0)":" "}}