{"Tipo de Proyecto":{"('0074-D-2007', 0)":"PROYECTO DE LEY","('0074-D-2007', 1)":null,"('0074-D-2007', 2)":null,"('0074-D-2007', 3)":null},"Iniciado en: ":{"('0074-D-2007', 0)":"Diputados","('0074-D-2007', 1)":null,"('0074-D-2007', 2)":null,"('0074-D-2007', 3)":null},"Expediente Diputados: ":{"('0074-D-2007', 0)":"0074-D-2007","('0074-D-2007', 1)":null,"('0074-D-2007', 2)":null,"('0074-D-2007', 3)":null},"Publicado en: ":{"('0074-D-2007', 0)":"Tr\u00e1mite Parlamentario N\u00b0 1","('0074-D-2007', 1)":null,"('0074-D-2007', 2)":null,"('0074-D-2007', 3)":null},"Fecha: ":{"('0074-D-2007', 0)":"01\/03\/2007","('0074-D-2007', 1)":null,"('0074-D-2007', 2)":null,"('0074-D-2007', 3)":null},"T\u00edtulo":{"('0074-D-2007', 0)":"REGIMEN FEDERAL DE COMPENSACION POR SERVICIOS MEDIOAMBIENTALES.","('0074-D-2007', 1)":null,"('0074-D-2007', 2)":null,"('0074-D-2007', 3)":null},"('Firmantes', 'FIRMANTE')":{"('0074-D-2007', 0)":"IRRAZABAL, JUAN MANUEL","('0074-D-2007', 1)":"LOVAGLIO SARAVIA, ANTONIO","('0074-D-2007', 2)":"PERIE, HUGO RUBEN","('0074-D-2007', 3)":"MONGELO, JOSE RICARDO"},"('Firmantes', 'DISTRITO')":{"('0074-D-2007', 0)":"MISIONES","('0074-D-2007', 1)":"SALTA","('0074-D-2007', 2)":"CORRIENTES","('0074-D-2007', 3)":"CHACO"},"('Firmantes', 'BLOQUE')":{"('0074-D-2007', 0)":"FRENTE PARA LA VICTORIA - PJ","('0074-D-2007', 1)":"FRENTE PARA LA VICTORIA - PJ","('0074-D-2007', 2)":"FRENTE PARA LA VICTORIA - PJ","('0074-D-2007', 3)":"FRENTE PARA LA VICTORIA - PJ"},"('Giros', 'COMISI\u00d3N')":{"('0074-D-2007', 0)":"RECURSOS NATURALES Y CONSERVACION DEL AMBIENTE HUMANO","('0074-D-2007', 1)":"PRESUPUESTO Y HACIENDA","('0074-D-2007', 2)":null,"('0074-D-2007', 3)":null},"Sumario":{"('0074-D-2007', 0)":"GENERALIDADES; DEFINICIONES; RESTAURACION DE LA CUBIERTA BOSCOSA NATIVA, CREACION DEL PROGRAMA NACIONAL PARA LA RESTAURACION DE LA CUBIERTA BOSCOSA NATIVA; OBLIGACIONES DE LAS PROVINCIAS; CRITERIOS DE REPARTO; AUTORIDAD DE APLICACION.","('0074-D-2007', 1)":null,"('0074-D-2007', 2)":null,"('0074-D-2007', 3)":null},"Palabra Clave":{"('0074-D-2007', 0)":" ","('0074-D-2007', 1)":null,"('0074-D-2007', 2)":null,"('0074-D-2007', 3)":null}}