{"Tipo de Proyecto":{"('0075-S-2007', 0)":"PROYECTO DE LEY"},"Iniciado en: ":{"('0075-S-2007', 0)":"Senado"},"Expediente Senado: ":{"('0075-S-2007', 0)":"0075-S-2007"},"Publicado en: ":{"('0075-S-2007', 0)":"Diario de Asuntos Entrados N\u00b0 4"},"Fecha: ":{"('0075-S-2007', 0)":"02\/03\/2007"},"T\u00edtulo":{"('0075-S-2007', 0)":"LEY NACIONAL DE CUIDADOS PALIATIVOS (REPRODUCCION DEL EXPEDIENTE 3780-S-04)."},"('Firmantes', 'FIRMANTE')":{"('0075-S-2007', 0)":"SALVATORI, PEDRO"},"('Firmantes', 'DISTRITO')":{"('0075-S-2007', 0)":"NEUQUEN"},"('Firmantes', 'BLOQUE')":{"('0075-S-2007', 0)":"MOV POP NEUQUINO"},"Sumario":{"('0075-S-2007', 0)":"OBJETO Y AMBITO DE APLICACION; DERECHOS DE LOS PACIENTES; AUTORIDAD DE APLICACION: MINISTERIO DE SALUD Y AMBIENTE; ATRIBUCIONES Y FUNCIONES; EQUIPOS DE CUIDADOS PALIATIVOS; PLAN MEDICO OBLIGATORIO; RECURSOS; FONDO ESPECIAL PARA PACIENTES CON ENFERMEDAD TERMINAL."},"Palabra Clave":{"('0075-S-2007', 0)":" "}}