{"Tipo de Proyecto":{"('0075-D-2007', 0)":"PROYECTO DE RESOLUCI\u00d3N","('0075-D-2007', 1)":null,"('0075-D-2007', 2)":null,"('0075-D-2007', 3)":null,"('0075-D-2007', 4)":null,"('0075-D-2007', 5)":null,"('0075-D-2007', 6)":null,"('0075-D-2007', 7)":null,"('0075-D-2007', 8)":null,"('0075-D-2007', 9)":null},"Iniciado en: ":{"('0075-D-2007', 0)":"Diputados","('0075-D-2007', 1)":null,"('0075-D-2007', 2)":null,"('0075-D-2007', 3)":null,"('0075-D-2007', 4)":null,"('0075-D-2007', 5)":null,"('0075-D-2007', 6)":null,"('0075-D-2007', 7)":null,"('0075-D-2007', 8)":null,"('0075-D-2007', 9)":null},"Expediente Diputados: ":{"('0075-D-2007', 0)":"0075-D-2007","('0075-D-2007', 1)":null,"('0075-D-2007', 2)":null,"('0075-D-2007', 3)":null,"('0075-D-2007', 4)":null,"('0075-D-2007', 5)":null,"('0075-D-2007', 6)":null,"('0075-D-2007', 7)":null,"('0075-D-2007', 8)":null,"('0075-D-2007', 9)":null},"Publicado en: ":{"('0075-D-2007', 0)":"Tr\u00e1mite Parlamentario N\u00b0 1","('0075-D-2007', 1)":null,"('0075-D-2007', 2)":null,"('0075-D-2007', 3)":null,"('0075-D-2007', 4)":null,"('0075-D-2007', 5)":null,"('0075-D-2007', 6)":null,"('0075-D-2007', 7)":null,"('0075-D-2007', 8)":null,"('0075-D-2007', 9)":null},"Fecha: ":{"('0075-D-2007', 0)":"01\/03\/2007","('0075-D-2007', 1)":null,"('0075-D-2007', 2)":null,"('0075-D-2007', 3)":null,"('0075-D-2007', 4)":null,"('0075-D-2007', 5)":null,"('0075-D-2007', 6)":null,"('0075-D-2007', 7)":null,"('0075-D-2007', 8)":null,"('0075-D-2007', 9)":null},"T\u00edtulo":{"('0075-D-2007', 0)":"SOLICITAR AL PODER EJECUTIVO DISPONGA LAS MEDIDAS NECESARIAS PARA DAR CUMPLIMIENTO EFECTIVO Y SIN DEMORA AL MAYOR NUMERO DE BENEFICIARIOS DE LA LEY 25471 DE PROGRAMA DE PROPIEDAD PARTICIPADA PARA EX-AGENTES DE YPF.","('0075-D-2007', 1)":null,"('0075-D-2007', 2)":null,"('0075-D-2007', 3)":null,"('0075-D-2007', 4)":null,"('0075-D-2007', 5)":null,"('0075-D-2007', 6)":null,"('0075-D-2007', 7)":null,"('0075-D-2007', 8)":null,"('0075-D-2007', 9)":null},"('Firmantes', 'FIRMANTE')":{"('0075-D-2007', 0)":"ACU\u00d1A KUNZ, JUAN ERWIN B.","('0075-D-2007', 1)":"AGUAD, OSCAR RAUL","('0075-D-2007', 2)":"CAMBARERI, FORTUNATO RAFAEL","('0075-D-2007', 3)":"CHIRONI, FERNANDO GUSTAVO","('0075-D-2007', 4)":"HERNANDEZ, CINTHYA GABRIELA","('0075-D-2007', 5)":"KRONEBERGER, DANIEL RICARDO","('0075-D-2007', 6)":"LEYBA DE MARTI, BEATRIZ","('0075-D-2007', 7)":"MORINI, PEDRO JUAN","('0075-D-2007', 8)":"NIEVA, ALEJANDRO MARIO","('0075-D-2007', 9)":"STORERO, HUGO GUILLERMO"},"('Firmantes', 'DISTRITO')":{"('0075-D-2007', 0)":"SANTA CRUZ","('0075-D-2007', 1)":"CORDOBA","('0075-D-2007', 2)":"CHUBUT","('0075-D-2007', 3)":"RIO NEGRO","('0075-D-2007', 4)":"RIO NEGRO","('0075-D-2007', 5)":"LA PAMPA","('0075-D-2007', 6)":"CORDOBA","('0075-D-2007', 7)":"SANTA FE","('0075-D-2007', 8)":"JUJUY","('0075-D-2007', 9)":"SANTA FE"},"('Firmantes', 'BLOQUE')":{"('0075-D-2007', 0)":"UCR","('0075-D-2007', 1)":"UCR","('0075-D-2007', 2)":"UCR","('0075-D-2007', 3)":"UCR","('0075-D-2007', 4)":"UCR","('0075-D-2007', 5)":"UCR","('0075-D-2007', 6)":"UCR","('0075-D-2007', 7)":"UCR","('0075-D-2007', 8)":"UCR","('0075-D-2007', 9)":"UCR"},"('Giros', 'COMISI\u00d3N')":{"('0075-D-2007', 0)":"ENERGIA Y COMBUSTIBLES","('0075-D-2007', 1)":null,"('0075-D-2007', 2)":null,"('0075-D-2007', 3)":null,"('0075-D-2007', 4)":null,"('0075-D-2007', 5)":null,"('0075-D-2007', 6)":null,"('0075-D-2007', 7)":null,"('0075-D-2007', 8)":null,"('0075-D-2007', 9)":null},"('Tramites', 'C\u00c1MARA')":{"('0075-D-2007', 0)":"Diputados","('0075-D-2007', 1)":null,"('0075-D-2007', 2)":null,"('0075-D-2007', 3)":null,"('0075-D-2007', 4)":null,"('0075-D-2007', 5)":null,"('0075-D-2007', 6)":null,"('0075-D-2007', 7)":null,"('0075-D-2007', 8)":null,"('0075-D-2007', 9)":null},"('Tramites', 'MOVIMIENTO')":{"('0075-D-2007', 0)":"MOCION DE PREFERENCIA CON DICTAMEN (AFIRMATIVA)","('0075-D-2007', 1)":null,"('0075-D-2007', 2)":null,"('0075-D-2007', 3)":null,"('0075-D-2007', 4)":null,"('0075-D-2007', 5)":null,"('0075-D-2007', 6)":null,"('0075-D-2007', 7)":null,"('0075-D-2007', 8)":null,"('0075-D-2007', 9)":null},"('Tramites', 'FECHA')":{"('0075-D-2007', 0)":"14\/03\/2007","('0075-D-2007', 1)":null,"('0075-D-2007', 2)":null,"('0075-D-2007', 3)":null,"('0075-D-2007', 4)":null,"('0075-D-2007', 5)":null,"('0075-D-2007', 6)":null,"('0075-D-2007', 7)":null,"('0075-D-2007', 8)":null,"('0075-D-2007', 9)":null},"('Tramites', 'RESULTADO')":{"('0075-D-2007', 0)":null,"('0075-D-2007', 1)":null,"('0075-D-2007', 2)":null,"('0075-D-2007', 3)":null,"('0075-D-2007', 4)":null,"('0075-D-2007', 5)":null,"('0075-D-2007', 6)":null,"('0075-D-2007', 7)":null,"('0075-D-2007', 8)":null,"('0075-D-2007', 9)":null},"Link":{"('0075-D-2007', 0)":"https:\/\/www.hcdn.gob.ar\/proyectos\/textoCompleto.jsp?exp=0075-D-2007&tipo=RESOLUCION","('0075-D-2007', 1)":null,"('0075-D-2007', 2)":null,"('0075-D-2007', 3)":null,"('0075-D-2007', 4)":null,"('0075-D-2007', 5)":null,"('0075-D-2007', 6)":null,"('0075-D-2007', 7)":null,"('0075-D-2007', 8)":null,"('0075-D-2007', 9)":null},"Palabra Clave":{"('0075-D-2007', 0)":" ","('0075-D-2007', 1)":null,"('0075-D-2007', 2)":null,"('0075-D-2007', 3)":null,"('0075-D-2007', 4)":null,"('0075-D-2007', 5)":null,"('0075-D-2007', 6)":null,"('0075-D-2007', 7)":null,"('0075-D-2007', 8)":null,"('0075-D-2007', 9)":null}}