{"Tipo de Proyecto":{"('0078-OVD-2007', 0)":"PROYECTO DE RESOLUCI\u00d3N"},"Iniciado en: ":{"('0078-OVD-2007', 0)":"Senado"},"Expediente Senado: ":{"('0078-OVD-2007', 0)":"0078-OVD-2007"},"Fecha: ":{"('0078-OVD-2007', 0)":"23\/06\/2008"},"T\u00edtulo":{"('0078-OVD-2007', 0)":"RESPUESTA REMITIDA POR LA JEFATURA DE GABINETE DE MINISTROS EN RELACION A LA RESOLUCION APROBADA POR EL HONORABLE CONGRESO DE LA NACION (0032-S-06)."},"('Firmantes', 'FIRMANTE')":{"('0078-OVD-2007', 0)":"PARLAMENTARIA MIXTA REVISORA DE CUENTAS"},"('Firmantes', 'DISTRITO')":{"('0078-OVD-2007', 0)":null},"('Firmantes', 'BLOQUE')":{"('0078-OVD-2007', 0)":null},"('Tramites', 'C\u00c1MARA')":{"('0078-OVD-2007', 0)":"Senado"},"('Tramites', 'MOVIMIENTO')":{"('0078-OVD-2007', 0)":"CONSIDERACION Y APROBACION (AL ARCHIVO)"},"('Tramites', 'FECHA')":{"('0078-OVD-2007', 0)":"06\/08\/2008"},"('Tramites', 'RESULTADO')":{"('0078-OVD-2007', 0)":"ARCHIVADO"},"Sumario":{"('0078-OVD-2007', 0)":"HABIENDO TOMADO CONOCIMIENTO Y SIN PERJUICIO DE ULTERIORES MEDIDAS QUE PUEDAN ADOPTARSE, SE ACONSEJA SU REMISION AL ARCHIVO."},"Palabra Clave":{"('0078-OVD-2007', 0)":" "}}