{"Tipo de Proyecto":{"('0079-D-2007', 0)":"PROYECTO DE DECLARACI\u00d3N"},"Iniciado en: ":{"('0079-D-2007', 0)":"Diputados"},"Expediente Diputados: ":{"('0079-D-2007', 0)":"0079-D-2007"},"Publicado en: ":{"('0079-D-2007', 0)":"Tr\u00e1mite Parlamentario N\u00b0 1"},"Fecha: ":{"('0079-D-2007', 0)":"01\/03\/2007"},"T\u00edtulo":{"('0079-D-2007', 0)":"SOLICITAR AL PODER EJECUTIVO DISPONGA LAS MEDIDAS NECESARIAS PARA PROVEER DE MONEDAS DE DISTINTA DENOMINACION A LOS BANCOS DE LA PROVINCIA DE MENDOZA."},"('Firmantes', 'FIRMANTE')":{"('0079-D-2007', 0)":"LEMOS, SILVIA BEATRIZ"},"('Firmantes', 'DISTRITO')":{"('0079-D-2007', 0)":"MENDOZA"},"('Firmantes', 'BLOQUE')":{"('0079-D-2007', 0)":"UCR"},"('Giros', 'COMISI\u00d3N')":{"('0079-D-2007', 0)":"FINANZAS"},"('Tramites', 'C\u00c1MARA')":{"('0079-D-2007', 0)":"Diputados"},"('Tramites', 'MOVIMIENTO')":{"('0079-D-2007', 0)":"CONSIDERACION Y APROBACION"},"('Tramites', 'FECHA')":{"('0079-D-2007', 0)":"09\/05\/2007"},"('Tramites', 'RESULTADO')":{"('0079-D-2007', 0)":"APROBADO"},"Link":{"('0079-D-2007', 0)":"https:\/\/www.hcdn.gob.ar\/proyectos\/textoCompleto.jsp?exp=0079-D-2007&tipo=DECLARACION"},"Palabra Clave":{"('0079-D-2007', 0)":" "}}