{"Tipo de Proyecto":{"('0080-D-2007', 0)":"PROYECTO DE LEY","('0080-D-2007', 1)":null},"Iniciado en: ":{"('0080-D-2007', 0)":"Diputados","('0080-D-2007', 1)":null},"Expediente Diputados: ":{"('0080-D-2007', 0)":"0080-D-2007","('0080-D-2007', 1)":null},"Publicado en: ":{"('0080-D-2007', 0)":"Tr\u00e1mite Parlamentario N\u00b0 1","('0080-D-2007', 1)":null},"Fecha: ":{"('0080-D-2007', 0)":"01\/03\/2007","('0080-D-2007', 1)":null},"T\u00edtulo":{"('0080-D-2007', 0)":"REGIMEN DEL SISTEMA TURISTICO DE TIEMPO COMPARTIDO.","('0080-D-2007', 1)":null},"('Firmantes', 'FIRMANTE')":{"('0080-D-2007', 0)":"CORDOBA, STELLA MARIS","('0080-D-2007', 1)":null},"('Firmantes', 'DISTRITO')":{"('0080-D-2007', 0)":"TUCUMAN","('0080-D-2007', 1)":null},"('Firmantes', 'BLOQUE')":{"('0080-D-2007', 0)":"FRENTE PARA LA VICTORIA - PJ","('0080-D-2007', 1)":null},"('Giros', 'COMISI\u00d3N')":{"('0080-D-2007', 0)":"LEGISLACION GENERAL","('0080-D-2007', 1)":"TURISMO"},"Sumario":{"('0080-D-2007', 0)":"CONCEPTO Y CARACTERIZACION; CONSTITUCION, INSCRIPCION; COMERCIALIZACION; PUBLICIDAD, INFORMACION, CONTRATOS; ADMINISTRACION; ASAMBLEAS; EXTINCION, DESAFECTACION; AUTORIDAD DE APLICACION, SANCIONES Y PROCEDIMIENTO; CREACION DEL REGISTRO DE TIEMPO COMPARTIDO EN LA SUBSECRETARIA DE DEFENSA DEL CONSUMIDOR.","('0080-D-2007', 1)":null},"Palabra Clave":{"('0080-D-2007', 0)":" ","('0080-D-2007', 1)":null}}