{"Tipo de Proyecto":{"('0081-D-2007', 0)":"PROYECTO DE DECLARACI\u00d3N"},"Iniciado en: ":{"('0081-D-2007', 0)":"Diputados"},"Expediente Diputados: ":{"('0081-D-2007', 0)":"0081-D-2007"},"Publicado en: ":{"('0081-D-2007', 0)":"Tr\u00e1mite Parlamentario N\u00b0 1"},"Fecha: ":{"('0081-D-2007', 0)":"01\/03\/2007"},"T\u00edtulo":{"('0081-D-2007', 0)":"EXPRESAR BENEPLACITO POR LA PUESTA EN MARCHA DEL INVENTARIO DE LAS PLANTACIONES FORESTALES EN TODO EL TERRITORIO DE LA PROVINCIA DEL NEUQUEN"},"('Firmantes', 'FIRMANTE')":{"('0081-D-2007', 0)":"BRILLO, JOSE RICARDO"},"('Firmantes', 'DISTRITO')":{"('0081-D-2007', 0)":"NEUQUEN"},"('Firmantes', 'BLOQUE')":{"('0081-D-2007', 0)":"MOV POP NEUQUINO"},"('Giros', 'COMISI\u00d3N')":{"('0081-D-2007', 0)":"AGRICULTURA Y GANADERIA"},"('Tramites', 'C\u00c1MARA')":{"('0081-D-2007', 0)":"Diputados"},"('Tramites', 'MOVIMIENTO')":{"('0081-D-2007', 0)":"CONSIDERACION Y APROBACION"},"('Tramites', 'FECHA')":{"('0081-D-2007', 0)":"06\/06\/2007"},"('Tramites', 'RESULTADO')":{"('0081-D-2007', 0)":"APROBADO"},"Link":{"('0081-D-2007', 0)":"https:\/\/www.hcdn.gob.ar\/proyectos\/textoCompleto.jsp?exp=0081-D-2007&tipo=DECLARACION"},"Palabra Clave":{"('0081-D-2007', 0)":" "}}