{"Tipo de Proyecto":{"('0082-D-2007', 0)":"PROYECTO DE DECLARACI\u00d3N"},"Iniciado en: ":{"('0082-D-2007', 0)":"Diputados"},"Expediente Diputados: ":{"('0082-D-2007', 0)":"0082-D-2007"},"Publicado en: ":{"('0082-D-2007', 0)":"Tr\u00e1mite Parlamentario N\u00b0 1"},"Fecha: ":{"('0082-D-2007', 0)":"01\/03\/2007"},"T\u00edtulo":{"('0082-D-2007', 0)":"DECLARAR DE INTERES LEGISLATIVO Y TURISTICO LA INCLUSION DEL \"PARQUE PROVINCIAL TROMEN\", PROVINCIA DEL NEUQUEN, EN LA LISTA DE HUMEDALES DE IMPORTACIA INTERNACIONAL O SITIOS \"RAMSAR\"."},"('Firmantes', 'FIRMANTE')":{"('0082-D-2007', 0)":"BRILLO, JOSE RICARDO"},"('Firmantes', 'DISTRITO')":{"('0082-D-2007', 0)":"NEUQUEN"},"('Firmantes', 'BLOQUE')":{"('0082-D-2007', 0)":"MOV POP NEUQUINO"},"('Giros', 'COMISI\u00d3N')":{"('0082-D-2007', 0)":"INTERESES MARITIMOS, FLUVIALES, PESQUEROS Y PORTUARIOS"},"('Tramites', 'C\u00c1MARA')":{"('0082-D-2007', 0)":"Diputados"},"('Tramites', 'MOVIMIENTO')":{"('0082-D-2007', 0)":"CONSIDERACION Y APROBACION"},"('Tramites', 'FECHA')":{"('0082-D-2007', 0)":"18\/07\/2007"},"('Tramites', 'RESULTADO')":{"('0082-D-2007', 0)":"APROBADO"},"Link":{"('0082-D-2007', 0)":"https:\/\/www.hcdn.gob.ar\/proyectos\/textoCompleto.jsp?exp=0082-D-2007&tipo=DECLARACION"},"Palabra Clave":{"('0082-D-2007', 0)":" "}}