{"Tipo de Proyecto":{"('0083-S-2007', 0)":"PROYECTO DE LEY"},"Iniciado en: ":{"('0083-S-2007', 0)":"Senado"},"Expediente Senado: ":{"('0083-S-2007', 0)":"0083-S-2007"},"Publicado en: ":{"('0083-S-2007', 0)":"Diario de Asuntos Entrados N\u00b0 4"},"Fecha: ":{"('0083-S-2007', 0)":"02\/03\/2007"},"T\u00edtulo":{"('0083-S-2007', 0)":"MODIFICACION DE LA LEY 24522 (CONCURSOS Y QUIEBRAS): INCORPORACION DE INCISO 13) AL ARTICULO 14 Y MODIFICACION DEL SEXTO PARRAFO DEL ARTICULO 260, RESPECTO A LA CREACION DE UN COMITE PROVISORIO DE ACREEDORES."},"('Firmantes', 'FIRMANTE')":{"('0083-S-2007', 0)":"MARINO, JUAN CARLOS"},"('Firmantes', 'DISTRITO')":{"('0083-S-2007', 0)":"LA PAMPA"},"('Firmantes', 'BLOQUE')":{"('0083-S-2007', 0)":"UCR"},"Link":{"('0083-S-2007', 0)":"http:\/\/www.senado.gov.ar\/parlamentario\/comisiones\/verExp\/83.07\/S\/PL"},"Palabra Clave":{"('0083-S-2007', 0)":" "}}