{"Tipo de Proyecto":{"('0085-D-2007', 0)":"PROYECTO DE LEY","('0085-D-2007', 1)":null},"Iniciado en: ":{"('0085-D-2007', 0)":"Diputados","('0085-D-2007', 1)":null},"Expediente Diputados: ":{"('0085-D-2007', 0)":"0085-D-2007","('0085-D-2007', 1)":null},"Publicado en: ":{"('0085-D-2007', 0)":"Tr\u00e1mite Parlamentario N\u00b0 1","('0085-D-2007', 1)":null},"Fecha: ":{"('0085-D-2007', 0)":"01\/03\/2007","('0085-D-2007', 1)":null},"T\u00edtulo":{"('0085-D-2007', 0)":"ELIMINAR LA FACULTAD OTORGADA A LAS PERMISIONARIAS DEL SERVICIO DE DISTRIBUCION DE GAS, POR DECRETO 2255\/92, DE REQUERIR A LOS USUARIOS UN DEPOSITO DE GARANTIA POR RECONEXION (REPRODUCCION DEL EXPEDIENTE 3443-D-04).","('0085-D-2007', 1)":null},"('Firmantes', 'FIRMANTE')":{"('0085-D-2007', 0)":"BRILLO, JOSE RICARDO","('0085-D-2007', 1)":null},"('Firmantes', 'DISTRITO')":{"('0085-D-2007', 0)":"NEUQUEN","('0085-D-2007', 1)":null},"('Firmantes', 'BLOQUE')":{"('0085-D-2007', 0)":"MOV POP NEUQUINO","('0085-D-2007', 1)":null},"('Giros', 'COMISI\u00d3N')":{"('0085-D-2007', 0)":"ENERGIA Y COMBUSTIBLES","('0085-D-2007', 1)":"DEFENSA DEL CONSUMIDOR"},"('Tramites', 'C\u00c1MARA')":{"('0085-D-2007', 0)":"Diputados","('0085-D-2007', 1)":null},"('Tramites', 'MOVIMIENTO')":{"('0085-D-2007', 0)":"REPRODUCIDO POR EXPEDIENTE 3389-D-09","('0085-D-2007', 1)":null},"('Tramites', 'FECHA')":{"('0085-D-2007', 0)":null,"('0085-D-2007', 1)":null},"('Tramites', 'RESULTADO')":{"('0085-D-2007', 0)":null,"('0085-D-2007', 1)":null},"Palabra Clave":{"('0085-D-2007', 0)":" ","('0085-D-2007', 1)":null}}