{"Tipo de Proyecto":{"('0085-S-2007', 0)":"COMUNICACION","('0085-S-2007', 1)":null},"Iniciado en: ":{"('0085-S-2007', 0)":"Senado","('0085-S-2007', 1)":null},"Expediente Senado: ":{"('0085-S-2007', 0)":"0085-S-2007","('0085-S-2007', 1)":null},"Publicado en: ":{"('0085-S-2007', 0)":"Diario de Asuntos Entrados N\u00b0 4","('0085-S-2007', 1)":null},"Fecha: ":{"('0085-S-2007', 0)":"02\/03\/2007","('0085-S-2007', 1)":null},"T\u00edtulo":{"('0085-S-2007', 0)":"PEDIDO DE INFORMES AL PODER EJECUTIVO SOBRE LA ENTREGA DE DIVERSOS AVIONES POR PARTE DE LA EMPRESA LOCKHEED MARTIN AIRCRAFT S.A. A LA FUERZA AEREA ARGENTINA.","('0085-S-2007', 1)":null},"('Firmantes', 'FIRMANTE')":{"('0085-S-2007', 0)":"SALVATORI, PEDRO","('0085-S-2007', 1)":null},"('Firmantes', 'DISTRITO')":{"('0085-S-2007', 0)":"NEUQUEN","('0085-S-2007', 1)":null},"('Firmantes', 'BLOQUE')":{"('0085-S-2007', 0)":"MOV POP NEUQUINO","('0085-S-2007', 1)":null},"('Tramites', 'C\u00c1MARA')":{"('0085-S-2007', 0)":"Senado","('0085-S-2007', 1)":"Senado"},"('Tramites', 'MOVIMIENTO')":{"('0085-S-2007', 0)":"CONSIDERACION Y APROBACION","('0085-S-2007', 1)":"CONTESTACION DEL PODER EJECUTIVO NACIONAL - GIRADO A LA COMISION RESPECTIVA"},"('Tramites', 'FECHA')":{"('0085-S-2007', 0)":"23\/05\/2007","('0085-S-2007', 1)":"06\/08\/2008"},"('Tramites', 'RESULTADO')":{"('0085-S-2007', 0)":"APROBADO","('0085-S-2007', 1)":null},"Link":{"('0085-S-2007', 0)":"http:\/\/www.senado.gov.ar\/parlamentario\/comisiones\/verExp\/85.07\/S\/PC","('0085-S-2007', 1)":null},"Palabra Clave":{"('0085-S-2007', 0)":" ","('0085-S-2007', 1)":null}}