{"Tipo de Proyecto":{"('0086-D-2007', 0)":"PROYECTO DE LEY","('0086-D-2007', 1)":null},"Iniciado en: ":{"('0086-D-2007', 0)":"Diputados","('0086-D-2007', 1)":null},"Expediente Diputados: ":{"('0086-D-2007', 0)":"0086-D-2007","('0086-D-2007', 1)":null},"Publicado en: ":{"('0086-D-2007', 0)":"Tr\u00e1mite Parlamentario N\u00b0 1","('0086-D-2007', 1)":null},"Fecha: ":{"('0086-D-2007', 0)":"01\/03\/2007","('0086-D-2007', 1)":null},"T\u00edtulo":{"('0086-D-2007', 0)":"REGIMEN DE RADICACION INDUSTRIAL, HABILITACION Y CREACION DE LA LICENCIA AMBIENTAL (REPRODUCCION DEL EXPEDIENTE 4739-D-04).","('0086-D-2007', 1)":null},"('Firmantes', 'FIRMANTE')":{"('0086-D-2007', 0)":"BRILLO, JOSE RICARDO","('0086-D-2007', 1)":null},"('Firmantes', 'DISTRITO')":{"('0086-D-2007', 0)":"NEUQUEN","('0086-D-2007', 1)":null},"('Firmantes', 'BLOQUE')":{"('0086-D-2007', 0)":"MOV POP NEUQUINO","('0086-D-2007', 1)":null},"('Giros', 'COMISI\u00d3N')":{"('0086-D-2007', 0)":"INDUSTRIA","('0086-D-2007', 1)":"RECURSOS NATURALES Y CONSERVACION DEL AMBIENTE HUMANO"},"Sumario":{"('0086-D-2007', 0)":"PRESUPUESTOS MINIMOS; OBJETO; PARQUES INDUSTRIALES; LICENCIA AMBIENTAL: REQUISITOS, EMISION; CLASIFICACION DE LAS INDUSTRIAS; INDUSTRIAS PREEXISTENTES A LA LEY; AUTORIDAD COMPETENTE; REGISTRO DE LICENCIAS AMBIENTALES; REGISTRO PROFESIONAL; DURACION DE LA LICENCIA AMBIENTAL; REGIMEN SANCIONATORIO.","('0086-D-2007', 1)":null},"Palabra Clave":{"('0086-D-2007', 0)":" ","('0086-D-2007', 1)":null}}