{"Tipo de Proyecto":{"('0088-D-2007', 0)":"PROYECTO DE RESOLUCI\u00d3N","('0088-D-2007', 1)":null,"('0088-D-2007', 2)":null,"('0088-D-2007', 3)":null,"('0088-D-2007', 4)":null},"Iniciado en: ":{"('0088-D-2007', 0)":"Diputados","('0088-D-2007', 1)":null,"('0088-D-2007', 2)":null,"('0088-D-2007', 3)":null,"('0088-D-2007', 4)":null},"Expediente Diputados: ":{"('0088-D-2007', 0)":"0088-D-2007","('0088-D-2007', 1)":null,"('0088-D-2007', 2)":null,"('0088-D-2007', 3)":null,"('0088-D-2007', 4)":null},"Publicado en: ":{"('0088-D-2007', 0)":"Tr\u00e1mite Parlamentario N\u00b0 1","('0088-D-2007', 1)":null,"('0088-D-2007', 2)":null,"('0088-D-2007', 3)":null,"('0088-D-2007', 4)":null},"Fecha: ":{"('0088-D-2007', 0)":"01\/03\/2007","('0088-D-2007', 1)":null,"('0088-D-2007', 2)":null,"('0088-D-2007', 3)":null,"('0088-D-2007', 4)":null},"T\u00edtulo":{"('0088-D-2007', 0)":"PEDIDO DE INFORMES AL PODER EJECUTIVO SOBRE LA EXISTENCIA DE ESTUDIOS Y\/O PROYECTOS  TENDIENTES A FRENAR LA PROLIFERACION DE ALGAS Y VERDIN QUE AFECTAN AL LAGO SALTO GRANDE Y ZONAS RIBERE\u00d1AS DEL RIO URUGUAY EN LA CIUDAD DE FEDERACION, PROVINCIA DE ENTRE RIOS.","('0088-D-2007', 1)":null,"('0088-D-2007', 2)":null,"('0088-D-2007', 3)":null,"('0088-D-2007', 4)":null},"('Firmantes', 'FIRMANTE')":{"('0088-D-2007', 0)":"CECCO, CARLOS JAIME","('0088-D-2007', 1)":"BECCANI, ALBERTO JUAN","('0088-D-2007', 2)":"VARISCO, SERGIO FAUSTO","('0088-D-2007', 3)":"ABDALA, JOSEFINA","('0088-D-2007', 4)":"GARIN DE TULA, LUCIA"},"('Firmantes', 'DISTRITO')":{"('0088-D-2007', 0)":"ENTRE RIOS","('0088-D-2007', 1)":"SANTA FE","('0088-D-2007', 2)":"ENTRE RIOS","('0088-D-2007', 3)":"MENDOZA","('0088-D-2007', 4)":"CATAMARCA"},"('Firmantes', 'BLOQUE')":{"('0088-D-2007', 0)":"UCR","('0088-D-2007', 1)":"UCR","('0088-D-2007', 2)":"UCR","('0088-D-2007', 3)":"UCR","('0088-D-2007', 4)":"UCR"},"('Giros', 'COMISI\u00d3N')":{"('0088-D-2007', 0)":"INTERESES MARITIMOS, FLUVIALES, PESQUEROS Y PORTUARIOS","('0088-D-2007', 1)":null,"('0088-D-2007', 2)":null,"('0088-D-2007', 3)":null,"('0088-D-2007', 4)":null},"Link":{"('0088-D-2007', 0)":"https:\/\/www.hcdn.gob.ar\/proyectos\/textoCompleto.jsp?exp=0088-D-2007&tipo=RESOLUCION","('0088-D-2007', 1)":null,"('0088-D-2007', 2)":null,"('0088-D-2007', 3)":null,"('0088-D-2007', 4)":null},"Palabra Clave":{"('0088-D-2007', 0)":" ","('0088-D-2007', 1)":null,"('0088-D-2007', 2)":null,"('0088-D-2007', 3)":null,"('0088-D-2007', 4)":null}}