{"Tipo de Proyecto":{"('0088-S-2007', 0)":"PROYECTO DE LEY","('0088-S-2007', 1)":null},"Iniciado en: ":{"('0088-S-2007', 0)":"Senado","('0088-S-2007', 1)":null},"Expediente Diputados: ":{"('0088-S-2007', 0)":"0088-S-2007","('0088-S-2007', 1)":null},"Expediente Senado: ":{"('0088-S-2007', 0)":"1632-S-2007","('0088-S-2007', 1)":null},"Publicado en: ":{"('0088-S-2007', 0)":"Diario de Asuntos Entrados N\u00b0 76","('0088-S-2007', 1)":null},"Fecha: ":{"('0088-S-2007', 0)":"30\/05\/2007","('0088-S-2007', 1)":null},"T\u00edtulo":{"('0088-S-2007', 0)":"TRANSFERENCIA DE UN INMUEBLE PROPIEDAD DEL ESTADO NACIONAL A LA MUNICIPALIDAD DE TABAY, PROVINCIA DE CORRIENTES, PARA LLEVAR ADELANTE PROYECTOS DE CONSTRUCCION DE VIVIENDAS Y EMPRESAS (REPRODUCCION DEL EXPEDIENTE 3771-S-04).","('0088-S-2007', 1)":null},"('Firmantes', 'FIRMANTE')":{"('0088-S-2007', 0)":"SANCHEZ, MARIA DORA","('0088-S-2007', 1)":null},"('Firmantes', 'DISTRITO')":{"('0088-S-2007', 0)":"CORRIENTES","('0088-S-2007', 1)":null},"('Firmantes', 'BLOQUE')":{"('0088-S-2007', 0)":"UCR","('0088-S-2007', 1)":null},"('Giros', 'COMISI\u00d3N')":{"('0088-S-2007', 0)":"LEGISLACION GENERAL","('0088-S-2007', 1)":"ASUNTOS MUNICIPALES"},"('Tramites', 'C\u00c1MARA')":{"('0088-S-2007', 0)":"Senado","('0088-S-2007', 1)":"Diputados"},"('Tramites', 'MOVIMIENTO')":{"('0088-S-2007', 0)":"CONSIDERACION Y APROBACION","('0088-S-2007', 1)":"PASA A DIPUTADOS -"},"('Tramites', 'FECHA')":{"('0088-S-2007', 0)":"08\/08\/2007","('0088-S-2007', 1)":null},"('Tramites', 'RESULTADO')":{"('0088-S-2007', 0)":"MEDIA SANCION","('0088-S-2007', 1)":null},"Link":{"('0088-S-2007', 0)":"https:\/\/www4.hcdn.gob.ar\/dependencias\/dsecretaria\/Periodo2007\/PDF2007\/TP2007\/0088-S-07.pdf","('0088-S-2007', 1)":null},"Palabra Clave":{"('0088-S-2007', 0)":" ","('0088-S-2007', 1)":null}}