{"Tipo de Proyecto":{"('0089-S-2007', 0)":"COMUNICACION"},"Iniciado en: ":{"('0089-S-2007', 0)":"Senado"},"Expediente Senado: ":{"('0089-S-2007', 0)":"0089-S-2007"},"Publicado en: ":{"('0089-S-2007', 0)":"Diario de Asuntos Entrados N\u00b0 4"},"Fecha: ":{"('0089-S-2007', 0)":"02\/03\/2007"},"T\u00edtulo":{"('0089-S-2007', 0)":"PEDIDO DE INFORMES AL PODER EJECUTIVO SOBRE SOBRE LAS MEDIDAS ADOPTADAS POR EL COMITE ARGENTINO DE LUCHA CONTRA EL TRAFICO ILICITO DE BIENES CULTURALES, PARA PREVENIR EL MISMO."},"('Firmantes', 'FIRMANTE')":{"('0089-S-2007', 0)":"SALVATORI, PEDRO"},"('Firmantes', 'DISTRITO')":{"('0089-S-2007', 0)":"NEUQUEN"},"('Firmantes', 'BLOQUE')":{"('0089-S-2007', 0)":"MOV POP NEUQUINO"},"('Tramites', 'C\u00c1MARA')":{"('0089-S-2007', 0)":"Senado"},"('Tramites', 'MOVIMIENTO')":{"('0089-S-2007', 0)":"APROBACION ARTICULO 106, PARRAFO 3 DEL REGLAMENTO DEL H SENADO"},"('Tramites', 'FECHA')":{"('0089-S-2007', 0)":"07\/11\/2007"},"('Tramites', 'RESULTADO')":{"('0089-S-2007', 0)":"APROBADO"},"Link":{"('0089-S-2007', 0)":"http:\/\/www.senado.gov.ar\/parlamentario\/comisiones\/verExp\/89.07\/S\/PC"},"Palabra Clave":{"('0089-S-2007', 0)":" "}}