{"Tipo de Proyecto":{"('0090-S-2007', 0)":"COMUNICACION"},"Iniciado en: ":{"('0090-S-2007', 0)":"Senado"},"Expediente Senado: ":{"('0090-S-2007', 0)":"0090-S-2007"},"Publicado en: ":{"('0090-S-2007', 0)":"Diario de Asuntos Entrados N\u00b0 4"},"Fecha: ":{"('0090-S-2007', 0)":"02\/03\/2007"},"T\u00edtulo":{"('0090-S-2007', 0)":"PEDIDO DE INFORMES AL PODER EJECUTIVO SOBRE A LAS MEDIDAS ADOPTADAS PARA PREVENIR EL ACCIONAR DEL TERRORISMO INTERNACIONAL MEDIANTE LA UTILIZACION DE ARMAS QUIMICAS, BIOLOGICAS Y OTRAS."},"('Firmantes', 'FIRMANTE')":{"('0090-S-2007', 0)":"SALVATORI, PEDRO"},"('Firmantes', 'DISTRITO')":{"('0090-S-2007', 0)":"NEUQUEN"},"('Firmantes', 'BLOQUE')":{"('0090-S-2007', 0)":"MOV POP NEUQUINO"},"Link":{"('0090-S-2007', 0)":"http:\/\/www.senado.gov.ar\/parlamentario\/comisiones\/verExp\/90.07\/S\/PC"},"Palabra Clave":{"('0090-S-2007', 0)":" "}}