{"Tipo de Proyecto":{"('0091-D-2007', 0)":"PROYECTO DE LEY","('0091-D-2007', 1)":null},"Iniciado en: ":{"('0091-D-2007', 0)":"Diputados","('0091-D-2007', 1)":null},"Expediente Diputados: ":{"('0091-D-2007', 0)":"0091-D-2007","('0091-D-2007', 1)":null},"Publicado en: ":{"('0091-D-2007', 0)":"Tr\u00e1mite Parlamentario N\u00b0 1","('0091-D-2007', 1)":null},"Fecha: ":{"('0091-D-2007', 0)":"01\/03\/2007","('0091-D-2007', 1)":null},"T\u00edtulo":{"('0091-D-2007', 0)":"TRANSFERENCIA DE UN INMUEBLE PROPIEDAD DEL ESTADO NACIONAL A LOS ACTUALES OCUPANTES DEL BARRIO EVA PERON DE LA LOCALIDAD DE EMBARCACION, PROVINCIA DE SALTA.","('0091-D-2007', 1)":null},"('Firmantes', 'FIRMANTE')":{"('0091-D-2007', 0)":"URTUBEY, JUAN MANUEL","('0091-D-2007', 1)":null},"('Firmantes', 'DISTRITO')":{"('0091-D-2007', 0)":"SALTA","('0091-D-2007', 1)":null},"('Firmantes', 'BLOQUE')":{"('0091-D-2007', 0)":"FRENTE PARA LA VICTORIA - PJ","('0091-D-2007', 1)":null},"('Giros', 'COMISI\u00d3N')":{"('0091-D-2007', 0)":"LEGISLACION GENERAL","('0091-D-2007', 1)":"DEFENSA NACIONAL"},"Link":{"('0091-D-2007', 0)":"https:\/\/www.hcdn.gob.ar\/proyectos\/textoCompleto.jsp?exp=0091-D-2007&tipo=LEY","('0091-D-2007', 1)":null},"Palabra Clave":{"('0091-D-2007', 0)":" ","('0091-D-2007', 1)":null}}