{"Tipo de Proyecto":{"('0092-S-2007', 0)":"COMUNICACION","('0092-S-2007', 1)":null},"Iniciado en: ":{"('0092-S-2007', 0)":"Senado","('0092-S-2007', 1)":null},"Expediente Senado: ":{"('0092-S-2007', 0)":"0092-S-2007","('0092-S-2007', 1)":null},"Publicado en: ":{"('0092-S-2007', 0)":"Diario de Asuntos Entrados N\u00b0 4","('0092-S-2007', 1)":null},"Fecha: ":{"('0092-S-2007', 0)":"02\/03\/2007","('0092-S-2007', 1)":null},"T\u00edtulo":{"('0092-S-2007', 0)":"PEDIDO DE INFORMES AL PODER EJECUTIVO SOBRE LAS MEDIDAS ADOPTADAS RESPECTO A LA RESOLUCION DE LA OEA AG\/RES. 2024 \"REDUCCION DE LOS DESASTRES NATURALES\".","('0092-S-2007', 1)":null},"('Firmantes', 'FIRMANTE')":{"('0092-S-2007', 0)":"SALVATORI, PEDRO","('0092-S-2007', 1)":null},"('Firmantes', 'DISTRITO')":{"('0092-S-2007', 0)":"NEUQUEN","('0092-S-2007', 1)":null},"('Firmantes', 'BLOQUE')":{"('0092-S-2007', 0)":"MOV POP NEUQUINO","('0092-S-2007', 1)":null},"('Tramites', 'C\u00c1MARA')":{"('0092-S-2007', 0)":"Senado","('0092-S-2007', 1)":"Senado"},"('Tramites', 'MOVIMIENTO')":{"('0092-S-2007', 0)":"CONSIDERACION Y APROBACION","('0092-S-2007', 1)":"CONTESTACION DEL PODER EJECUTIVO NACIONAL - GIRADO A LA COMISION RESPECTIVA"},"('Tramites', 'FECHA')":{"('0092-S-2007', 0)":"23\/05\/2007","('0092-S-2007', 1)":"06\/08\/2008"},"('Tramites', 'RESULTADO')":{"('0092-S-2007', 0)":"APROBADO","('0092-S-2007', 1)":null},"Link":{"('0092-S-2007', 0)":"http:\/\/www.senado.gov.ar\/parlamentario\/comisiones\/verExp\/92.07\/S\/PC","('0092-S-2007', 1)":null},"Palabra Clave":{"('0092-S-2007', 0)":" ","('0092-S-2007', 1)":null}}