{"Tipo de Proyecto":{"('0092-D-2007', 0)":"PROYECTO DE LEY","('0092-D-2007', 1)":null},"Iniciado en: ":{"('0092-D-2007', 0)":"Diputados","('0092-D-2007', 1)":null},"Expediente Diputados: ":{"('0092-D-2007', 0)":"0092-D-2007","('0092-D-2007', 1)":null},"Publicado en: ":{"('0092-D-2007', 0)":"Tr\u00e1mite Parlamentario N\u00b0 1","('0092-D-2007', 1)":null},"Fecha: ":{"('0092-D-2007', 0)":"01\/03\/2007","('0092-D-2007', 1)":null},"T\u00edtulo":{"('0092-D-2007', 0)":"SUBSIDIO PARA EL TRASLADO DE PERSONAS FALLECIDAS EN UNA PROVINCIA DIFERENTE A SU DOMICILIO HABITUAL. ","('0092-D-2007', 1)":null},"('Firmantes', 'FIRMANTE')":{"('0092-D-2007', 0)":"URTUBEY, JUAN MANUEL","('0092-D-2007', 1)":null},"('Firmantes', 'DISTRITO')":{"('0092-D-2007', 0)":"SALTA","('0092-D-2007', 1)":null},"('Firmantes', 'BLOQUE')":{"('0092-D-2007', 0)":"FRENTE PARA LA VICTORIA - PJ","('0092-D-2007', 1)":null},"('Giros', 'COMISI\u00d3N')":{"('0092-D-2007', 0)":"PRESUPUESTO Y HACIENDA","('0092-D-2007', 1)":"ACCION SOCIAL Y SALUD PUBLICA"},"Link":{"('0092-D-2007', 0)":"https:\/\/www.hcdn.gob.ar\/proyectos\/textoCompleto.jsp?exp=0092-D-2007&tipo=LEY","('0092-D-2007', 1)":null},"Palabra Clave":{"('0092-D-2007', 0)":" ","('0092-D-2007', 1)":null}}