{"Tipo de Proyecto":{"('0095-S-2007', 0)":"PROYECTO DE LEY","('0095-S-2007', 1)":null,"('0095-S-2007', 2)":null,"('0095-S-2007', 3)":null,"('0095-S-2007', 4)":null,"('0095-S-2007', 5)":null},"Iniciado en: ":{"('0095-S-2007', 0)":"Senado","('0095-S-2007', 1)":null,"('0095-S-2007', 2)":null,"('0095-S-2007', 3)":null,"('0095-S-2007', 4)":null,"('0095-S-2007', 5)":null},"Expediente Diputados: ":{"('0095-S-2007', 0)":"0095-S-2007","('0095-S-2007', 1)":null,"('0095-S-2007', 2)":null,"('0095-S-2007', 3)":null,"('0095-S-2007', 4)":null,"('0095-S-2007', 5)":null},"Expediente Senado: ":{"('0095-S-2007', 0)":"0498-S-2006","('0095-S-2007', 1)":null,"('0095-S-2007', 2)":null,"('0095-S-2007', 3)":null,"('0095-S-2007', 4)":null,"('0095-S-2007', 5)":null},"Publicado en: ":{"('0095-S-2007', 0)":"Diario de Asuntos Entrados N\u00b0 21","('0095-S-2007', 1)":null,"('0095-S-2007', 2)":null,"('0095-S-2007', 3)":null,"('0095-S-2007', 4)":null,"('0095-S-2007', 5)":null},"Fecha: ":{"('0095-S-2007', 0)":"16\/03\/2006","('0095-S-2007', 1)":null,"('0095-S-2007', 2)":null,"('0095-S-2007', 3)":null,"('0095-S-2007', 4)":null,"('0095-S-2007', 5)":null},"T\u00edtulo":{"('0095-S-2007', 0)":"TRANSFERENCIA GRATUITA DE UN INMUEBLE DEL ESTADO NACIONAL A LA MUNICIPALIDAD DE TACO POZO, DEPARTAMENTO DE ALMIRANTE BROWN, PROVINCIA DEL CHACO.","('0095-S-2007', 1)":null,"('0095-S-2007', 2)":null,"('0095-S-2007', 3)":null,"('0095-S-2007', 4)":null,"('0095-S-2007', 5)":null},"('Firmantes', 'FIRMANTE')":{"('0095-S-2007', 0)":"CAPITANICH, JORGE","('0095-S-2007', 1)":null,"('0095-S-2007', 2)":null,"('0095-S-2007', 3)":null,"('0095-S-2007', 4)":null,"('0095-S-2007', 5)":null},"('Firmantes', 'DISTRITO')":{"('0095-S-2007', 0)":"CHACO","('0095-S-2007', 1)":null,"('0095-S-2007', 2)":null,"('0095-S-2007', 3)":null,"('0095-S-2007', 4)":null,"('0095-S-2007', 5)":null},"('Firmantes', 'BLOQUE')":{"('0095-S-2007', 0)":"JUSTICIALISTA","('0095-S-2007', 1)":null,"('0095-S-2007', 2)":null,"('0095-S-2007', 3)":null,"('0095-S-2007', 4)":null,"('0095-S-2007', 5)":null},"('Giros', 'COMISI\u00d3N')":{"('0095-S-2007', 0)":"LEGISLACION GENERAL","('0095-S-2007', 1)":null,"('0095-S-2007', 2)":null,"('0095-S-2007', 3)":null,"('0095-S-2007', 4)":null,"('0095-S-2007', 5)":null},"('Tramites', 'C\u00c1MARA')":{"('0095-S-2007', 0)":"Senado","('0095-S-2007', 1)":"Diputados","('0095-S-2007', 2)":"Senado","('0095-S-2007', 3)":"Diputados","('0095-S-2007', 4)":"Diputados","('0095-S-2007', 5)":"Diputados"},"('Tramites', 'MOVIMIENTO')":{"('0095-S-2007', 0)":"CONSIDERACION Y APROBACION","('0095-S-2007', 1)":"PASA A DIPUTADOS -","('0095-S-2007', 2)":"MOCION DE PREFERENCIA PARA LA PROXIMA SESION CON DICTAMEN (AFIRMATIVA)","('0095-S-2007', 3)":"MOCION DE PREFERENCIA PARA LA PROXIMA SESION CON DICTAMEN (AFIRMATIVA)","('0095-S-2007', 4)":"MOCION DE PREFERENCIA CON DICTAMEN (AFIRMATIVA)","('0095-S-2007', 5)":"RESOLUCION DE PRESIDENCIA - SE SUPRIME EL GIRO A LA COMISION DE TRANSPORTES."},"('Tramites', 'FECHA')":{"('0095-S-2007', 0)":"08\/08\/2007","('0095-S-2007', 1)":null,"('0095-S-2007', 2)":"20\/11\/2008","('0095-S-2007', 3)":"03\/09\/2008","('0095-S-2007', 4)":"03\/12\/2008","('0095-S-2007', 5)":"21\/03\/2012"},"('Tramites', 'RESULTADO')":{"('0095-S-2007', 0)":"MEDIA SANCION","('0095-S-2007', 1)":null,"('0095-S-2007', 2)":null,"('0095-S-2007', 3)":null,"('0095-S-2007', 4)":null,"('0095-S-2007', 5)":null},"Sumario":{"('0095-S-2007', 0)":"CARGO.","('0095-S-2007', 1)":null,"('0095-S-2007', 2)":null,"('0095-S-2007', 3)":null,"('0095-S-2007', 4)":null,"('0095-S-2007', 5)":null},"Palabra Clave":{"('0095-S-2007', 0)":" ","('0095-S-2007', 1)":null,"('0095-S-2007', 2)":null,"('0095-S-2007', 3)":null,"('0095-S-2007', 4)":null,"('0095-S-2007', 5)":null}}