{"Tipo de Proyecto":{"('0096-D-2007', 0)":"PROYECTO DE RESOLUCI\u00d3N"},"Iniciado en: ":{"('0096-D-2007', 0)":"Diputados"},"Expediente Diputados: ":{"('0096-D-2007', 0)":"0096-D-2007"},"Publicado en: ":{"('0096-D-2007', 0)":"Tr\u00e1mite Parlamentario N\u00b0 1"},"Fecha: ":{"('0096-D-2007', 0)":"01\/03\/2007"},"T\u00edtulo":{"('0096-D-2007', 0)":"SOLICITAR AL PODER EJECUTIVO DISPONGA LA REGLAMENTACION DE LA LEY 25404, DE MEDIDAS ESPECIALES DE PROTECCION PARA PERSONAS CON EPILEPSIA."},"('Firmantes', 'FIRMANTE')":{"('0096-D-2007', 0)":"URTUBEY, JUAN MANUEL"},"('Firmantes', 'DISTRITO')":{"('0096-D-2007', 0)":"SALTA"},"('Firmantes', 'BLOQUE')":{"('0096-D-2007', 0)":"FRENTE PARA LA VICTORIA - PJ"},"('Giros', 'COMISI\u00d3N')":{"('0096-D-2007', 0)":"ACCION SOCIAL Y SALUD PUBLICA"},"('Tramites', 'C\u00c1MARA')":{"('0096-D-2007', 0)":"Diputados"},"('Tramites', 'MOVIMIENTO')":{"('0096-D-2007', 0)":"CONSIDERACION Y APROBACION"},"('Tramites', 'FECHA')":{"('0096-D-2007', 0)":"27\/06\/2007"},"('Tramites', 'RESULTADO')":{"('0096-D-2007', 0)":"APROBADO"},"Link":{"('0096-D-2007', 0)":"https:\/\/www.hcdn.gob.ar\/proyectos\/textoCompleto.jsp?exp=0096-D-2007&tipo=RESOLUCION"},"Palabra Clave":{"('0096-D-2007', 0)":" "}}