{"Tipo de Proyecto":{"('0098-S-2007', 0)":"COMUNICACION"},"Iniciado en: ":{"('0098-S-2007', 0)":"Senado"},"Expediente Senado: ":{"('0098-S-2007', 0)":"0098-S-2007"},"Publicado en: ":{"('0098-S-2007', 0)":"Diario de Asuntos Entrados N\u00b0 4"},"Fecha: ":{"('0098-S-2007', 0)":"02\/03\/2007"},"T\u00edtulo":{"('0098-S-2007', 0)":"PEDIDO DE INFORMES AL PODER EJECUTIVO SOBRE LA SITUACION FISCAL DE LOS PRODUCTORES AGROPECUARIOS RESPECTO DE LAS EXENCIONES IMPOSITIVAS Y DIVERSOS ASPECTOS RELACIONADOS CON LA LEY 25614 DE ERRADICACION DE LA CARPOCAPSA."},"('Firmantes', 'FIRMANTE')":{"('0098-S-2007', 0)":"SALVATORI, PEDRO"},"('Firmantes', 'DISTRITO')":{"('0098-S-2007', 0)":"NEUQUEN"},"('Firmantes', 'BLOQUE')":{"('0098-S-2007', 0)":"MOV POP NEUQUINO"},"Link":{"('0098-S-2007', 0)":"http:\/\/www.senado.gov.ar\/parlamentario\/comisiones\/verExp\/98.07\/S\/PC"},"Palabra Clave":{"('0098-S-2007', 0)":" "}}