{"Tipo de Proyecto":{"('0100-S-2007', 0)":"COMUNICACION"},"Iniciado en: ":{"('0100-S-2007', 0)":"Senado"},"Expediente Senado: ":{"('0100-S-2007', 0)":"0100-S-2007"},"Publicado en: ":{"('0100-S-2007', 0)":"Diario de Asuntos Entrados N\u00b0 4"},"Fecha: ":{"('0100-S-2007', 0)":"02\/03\/2007"},"T\u00edtulo":{"('0100-S-2007', 0)":"SOLICITAR AL PODER EJECUTIVO DISPONGA SE OTORGUE UN SUBSIDIO A LA ESCUELA N\u00ba 49 WOLF SCHOOLNIK DE PLAZA HUINCUL, PROVINCIA DE NEUQUEN."},"('Firmantes', 'FIRMANTE')":{"('0100-S-2007', 0)":"SALVATORI, PEDRO"},"('Firmantes', 'DISTRITO')":{"('0100-S-2007', 0)":"NEUQUEN"},"('Firmantes', 'BLOQUE')":{"('0100-S-2007', 0)":"MOV POP NEUQUINO"},"('Tramites', 'C\u00c1MARA')":{"('0100-S-2007', 0)":"Senado"},"('Tramites', 'MOVIMIENTO')":{"('0100-S-2007', 0)":"CONSIDERACION Y APROBACION"},"('Tramites', 'FECHA')":{"('0100-S-2007', 0)":"28\/11\/2007"},"('Tramites', 'RESULTADO')":{"('0100-S-2007', 0)":"APROBADO"},"Link":{"('0100-S-2007', 0)":"http:\/\/www.senado.gov.ar\/parlamentario\/comisiones\/verExp\/100.07\/S\/PC"},"Palabra Clave":{"('0100-S-2007', 0)":" "}}