{"Tipo de Proyecto":{"('0100-D-2007', 0)":"PROYECTO DE LEY","('0100-D-2007', 1)":null,"('0100-D-2007', 2)":null},"Iniciado en: ":{"('0100-D-2007', 0)":"Diputados","('0100-D-2007', 1)":null,"('0100-D-2007', 2)":null},"Expediente Diputados: ":{"('0100-D-2007', 0)":"0100-D-2007","('0100-D-2007', 1)":null,"('0100-D-2007', 2)":null},"Publicado en: ":{"('0100-D-2007', 0)":"Tr\u00e1mite Parlamentario N\u00b0 1","('0100-D-2007', 1)":null,"('0100-D-2007', 2)":null},"Fecha: ":{"('0100-D-2007', 0)":"01\/03\/2007","('0100-D-2007', 1)":null,"('0100-D-2007', 2)":null},"T\u00edtulo":{"('0100-D-2007', 0)":"COMPENSACION DE FLETES CARRETEROS PARA LA PRODUCCION DE REGIONES EXTRAPAMPEANAS.","('0100-D-2007', 1)":null,"('0100-D-2007', 2)":null},"('Firmantes', 'FIRMANTE')":{"('0100-D-2007', 0)":"URTUBEY, JUAN MANUEL","('0100-D-2007', 1)":null,"('0100-D-2007', 2)":null},"('Firmantes', 'DISTRITO')":{"('0100-D-2007', 0)":"SALTA","('0100-D-2007', 1)":null,"('0100-D-2007', 2)":null},"('Firmantes', 'BLOQUE')":{"('0100-D-2007', 0)":"FRENTE PARA LA VICTORIA - PJ","('0100-D-2007', 1)":null,"('0100-D-2007', 2)":null},"('Giros', 'COMISI\u00d3N')":{"('0100-D-2007', 0)":"TRANSPORTES","('0100-D-2007', 1)":"AGRICULTURA Y GANADERIA","('0100-D-2007', 2)":"PRESUPUESTO Y HACIENDA"},"Link":{"('0100-D-2007', 0)":"https:\/\/www.hcdn.gob.ar\/proyectos\/textoCompleto.jsp?exp=0100-D-2007&tipo=LEY","('0100-D-2007', 1)":null,"('0100-D-2007', 2)":null},"Palabra Clave":{"('0100-D-2007', 0)":" ","('0100-D-2007', 1)":null,"('0100-D-2007', 2)":null}}