{"Tipo de Proyecto":{"('0101-D-2007', 0)":"PROYECTO DE LEY","('0101-D-2007', 1)":null},"Iniciado en: ":{"('0101-D-2007', 0)":"Diputados","('0101-D-2007', 1)":null},"Expediente Diputados: ":{"('0101-D-2007', 0)":"0101-D-2007","('0101-D-2007', 1)":null},"Publicado en: ":{"('0101-D-2007', 0)":"Tr\u00e1mite Parlamentario N\u00b0 1","('0101-D-2007', 1)":null},"Fecha: ":{"('0101-D-2007', 0)":"01\/03\/2007","('0101-D-2007', 1)":null},"T\u00edtulo":{"('0101-D-2007', 0)":"REGULACION DE LA ACTIVIDAD DE LOS AGENTES DE PROPAGANDA MEDICA.","('0101-D-2007', 1)":null},"('Firmantes', 'FIRMANTE')":{"('0101-D-2007', 0)":"URTUBEY, JUAN MANUEL","('0101-D-2007', 1)":null},"('Firmantes', 'DISTRITO')":{"('0101-D-2007', 0)":"SALTA","('0101-D-2007', 1)":null},"('Firmantes', 'BLOQUE')":{"('0101-D-2007', 0)":"FRENTE PARA LA VICTORIA - PJ","('0101-D-2007', 1)":null},"('Giros', 'COMISI\u00d3N')":{"('0101-D-2007', 0)":"ACCION SOCIAL Y SALUD PUBLICA","('0101-D-2007', 1)":"LEGISLACION DEL TRABAJO"},"Link":{"('0101-D-2007', 0)":"https:\/\/www.hcdn.gob.ar\/proyectos\/textoCompleto.jsp?exp=0101-D-2007&tipo=LEY","('0101-D-2007', 1)":null},"Palabra Clave":{"('0101-D-2007', 0)":" ","('0101-D-2007', 1)":null}}