{"Tipo de Proyecto":{"('0101-PE-2007', 0)":"MENSAJE NRO: 0138\/07","('0101-PE-2007', 1)":null,"('0101-PE-2007', 2)":null},"Iniciado en: ":{"('0101-PE-2007', 0)":"Senado","('0101-PE-2007', 1)":null,"('0101-PE-2007', 2)":null},"Expediente Senado: ":{"('0101-PE-2007', 0)":"0101-PE-2007","('0101-PE-2007', 1)":null,"('0101-PE-2007', 2)":null},"Publicado en: ":{"('0101-PE-2007', 0)":"Diario de Asuntos Entrados N\u00b0 65","('0101-PE-2007', 1)":null,"('0101-PE-2007', 2)":null},"Fecha: ":{"('0101-PE-2007', 0)":"18\/05\/2007","('0101-PE-2007', 1)":null,"('0101-PE-2007', 2)":null},"T\u00edtulo":{"('0101-PE-2007', 0)":"COMUNICACION DEL DECRETO 509\/07 POR EL CUAL SE AJUSTA LA LISTA ARGENTINA DE EXCEPCIONES AL ARANCEL EXTERNO COMUN DEL MERCOSUR.","('0101-PE-2007', 1)":null,"('0101-PE-2007', 2)":null},"('Firmantes', 'FIRMANTE')":{"('0101-PE-2007', 0)":"KIRCHNER, NESTOR CARLOS","('0101-PE-2007', 1)":"FERNANDEZ, ALBERTO","('0101-PE-2007', 2)":"MICELI, FELISA JOSEFINA"},"('Firmantes', 'DISTRITO')":{"('0101-PE-2007', 0)":null,"('0101-PE-2007', 1)":null,"('0101-PE-2007', 2)":null},"('Firmantes', 'BLOQUE')":{"('0101-PE-2007', 0)":"PODER EJECUTIVO","('0101-PE-2007', 1)":"PODER EJECUTIVO","('0101-PE-2007', 2)":"PODER EJECUTIVO"},"('Tramites', 'C\u00c1MARA')":{"('0101-PE-2007', 0)":"Senado","('0101-PE-2007', 1)":"Diputados","('0101-PE-2007', 2)":null},"('Tramites', 'MOVIMIENTO')":{"('0101-PE-2007', 0)":"CONSIDERACION Y APROBACION","('0101-PE-2007', 1)":"COMUNICACION A DIPUTADOS -","('0101-PE-2007', 2)":null},"('Tramites', 'FECHA')":{"('0101-PE-2007', 0)":"22\/08\/2007","('0101-PE-2007', 1)":null,"('0101-PE-2007', 2)":null},"('Tramites', 'RESULTADO')":{"('0101-PE-2007', 0)":"APROBADO","('0101-PE-2007', 1)":null,"('0101-PE-2007', 2)":null},"Palabra Clave":{"('0101-PE-2007', 0)":" ","('0101-PE-2007', 1)":null,"('0101-PE-2007', 2)":null}}