{"Tipo de Proyecto":{"('0102-D-2007', 0)":"PROYECTO DE LEY","('0102-D-2007', 1)":null},"Iniciado en: ":{"('0102-D-2007', 0)":"Diputados","('0102-D-2007', 1)":null},"Expediente Diputados: ":{"('0102-D-2007', 0)":"0102-D-2007","('0102-D-2007', 1)":null},"Publicado en: ":{"('0102-D-2007', 0)":"Tr\u00e1mite Parlamentario N\u00b0 1","('0102-D-2007', 1)":null},"Fecha: ":{"('0102-D-2007', 0)":"01\/03\/2007","('0102-D-2007', 1)":null},"T\u00edtulo":{"('0102-D-2007', 0)":"REALIZACION RECONOCIMIENTO MEDICO OBLIGATORIO PARA CIUDADANOS ARGENTINOS DE AMBOS SEXOS, AL CUMPLIR LOS DIECISEIS A\u00d1OS DE EDAD.","('0102-D-2007', 1)":null},"('Firmantes', 'FIRMANTE')":{"('0102-D-2007', 0)":"URTUBEY, JUAN MANUEL","('0102-D-2007', 1)":null},"('Firmantes', 'DISTRITO')":{"('0102-D-2007', 0)":"SALTA","('0102-D-2007', 1)":null},"('Firmantes', 'BLOQUE')":{"('0102-D-2007', 0)":"FRENTE PARA LA VICTORIA - PJ","('0102-D-2007', 1)":null},"('Giros', 'COMISI\u00d3N')":{"('0102-D-2007', 0)":"ACCION SOCIAL Y SALUD PUBLICA","('0102-D-2007', 1)":"PRESUPUESTO Y HACIENDA"},"Link":{"('0102-D-2007', 0)":"https:\/\/www.hcdn.gob.ar\/proyectos\/textoCompleto.jsp?exp=0102-D-2007&tipo=LEY","('0102-D-2007', 1)":null},"Palabra Clave":{"('0102-D-2007', 0)":" ","('0102-D-2007', 1)":null}}