{"Tipo de Proyecto":{"('0103-D-2007', 0)":"PROYECTO DE LEY","('0103-D-2007', 1)":null,"('0103-D-2007', 2)":null,"('0103-D-2007', 3)":null,"('0103-D-2007', 4)":null,"('0103-D-2007', 5)":null,"('0103-D-2007', 6)":null},"Iniciado en: ":{"('0103-D-2007', 0)":"Diputados","('0103-D-2007', 1)":null,"('0103-D-2007', 2)":null,"('0103-D-2007', 3)":null,"('0103-D-2007', 4)":null,"('0103-D-2007', 5)":null,"('0103-D-2007', 6)":null},"Expediente Diputados: ":{"('0103-D-2007', 0)":"0103-D-2007","('0103-D-2007', 1)":null,"('0103-D-2007', 2)":null,"('0103-D-2007', 3)":null,"('0103-D-2007', 4)":null,"('0103-D-2007', 5)":null,"('0103-D-2007', 6)":null},"Publicado en: ":{"('0103-D-2007', 0)":"Tr\u00e1mite Parlamentario N\u00b0 2","('0103-D-2007', 1)":null,"('0103-D-2007', 2)":null,"('0103-D-2007', 3)":null,"('0103-D-2007', 4)":null,"('0103-D-2007', 5)":null,"('0103-D-2007', 6)":null},"Fecha: ":{"('0103-D-2007', 0)":"02\/03\/2007","('0103-D-2007', 1)":null,"('0103-D-2007', 2)":null,"('0103-D-2007', 3)":null,"('0103-D-2007', 4)":null,"('0103-D-2007', 5)":null,"('0103-D-2007', 6)":null},"T\u00edtulo":{"('0103-D-2007', 0)":"CODIGO CIVIL Y CODIGO PROCESAL CIVIL Y COMERCIAL DE LA NACION. MODIFICACION, SOBRE PRESCRIPCION DE LA ACCION DE RECLAMO INDEMNIZATORIO POR MALA PRAXIS Y PRUEBA PERICIAL. ","('0103-D-2007', 1)":null,"('0103-D-2007', 2)":null,"('0103-D-2007', 3)":null,"('0103-D-2007', 4)":null,"('0103-D-2007', 5)":null,"('0103-D-2007', 6)":null},"('Firmantes', 'FIRMANTE')":{"('0103-D-2007', 0)":"MARINO, JULIANA ISABEL","('0103-D-2007', 1)":"ARRIAGA, JULIO ESTEBAN","('0103-D-2007', 2)":"LORENZO BOROCOTO, EDUARDO","('0103-D-2007', 3)":"SYLVESTRE BEGNIS, JUAN HECTOR","('0103-D-2007', 4)":"ROSSO, GRACIELA ZULEMA","('0103-D-2007', 5)":"LOVAGLIO SARAVIA, ANTONIO","('0103-D-2007', 6)":"DE LA BARRERA, GUILLERMO"},"('Firmantes', 'DISTRITO')":{"('0103-D-2007', 0)":"CIUDAD de BUENOS AIRES","('0103-D-2007', 1)":"RIO NEGRO","('0103-D-2007', 2)":"CIUDAD de BUENOS AIRES","('0103-D-2007', 3)":"SANTA FE","('0103-D-2007', 4)":"BUENOS AIRES","('0103-D-2007', 5)":"SALTA","('0103-D-2007', 6)":"CATAMARCA"},"('Firmantes', 'BLOQUE')":{"('0103-D-2007', 0)":"FRENTE PARA LA VICTORIA - PJ","('0103-D-2007', 1)":"FRENTE PARA LA VICTORIA - PJ","('0103-D-2007', 2)":"MOVIMIENTO INDEPENDIENTE","('0103-D-2007', 3)":"FRENTE PARA LA VICTORIA - PJ","('0103-D-2007', 4)":"FRENTE PARA LA VICTORIA - PJ","('0103-D-2007', 5)":"FRENTE PARA LA VICTORIA - PJ","('0103-D-2007', 6)":"FRENTE PARA LA VICTORIA - PJ"},"('Giros', 'COMISI\u00d3N')":{"('0103-D-2007', 0)":"LEGISLACION GENERAL","('0103-D-2007', 1)":"JUSTICIA","('0103-D-2007', 2)":null,"('0103-D-2007', 3)":null,"('0103-D-2007', 4)":null,"('0103-D-2007', 5)":null,"('0103-D-2007', 6)":null},"Sumario":{"('0103-D-2007', 0)":"INCORPORACION DEL ARTICULO 4029 AL CODIGO CIVIL; INCORPORACION DEL ULTIMO PARRAFO AL ARTICULO 84, AL ARTICULO 85 Y AL ARTICULO 458 DEL CODIGO PROCESAL CIVIL Y COMERCIAL.","('0103-D-2007', 1)":null,"('0103-D-2007', 2)":null,"('0103-D-2007', 3)":null,"('0103-D-2007', 4)":null,"('0103-D-2007', 5)":null,"('0103-D-2007', 6)":null},"Palabra Clave":{"('0103-D-2007', 0)":" ","('0103-D-2007', 1)":null,"('0103-D-2007', 2)":null,"('0103-D-2007', 3)":null,"('0103-D-2007', 4)":null,"('0103-D-2007', 5)":null,"('0103-D-2007', 6)":null}}