{"Tipo de Proyecto":{"('0103-S-2007', 0)":"PROYECTO DE LEY"},"Iniciado en: ":{"('0103-S-2007', 0)":"Senado"},"Expediente Senado: ":{"('0103-S-2007', 0)":"0103-S-2007"},"Publicado en: ":{"('0103-S-2007', 0)":"Diario de Asuntos Entrados N\u00b0 5"},"Fecha: ":{"('0103-S-2007', 0)":"05\/03\/2007"},"T\u00edtulo":{"('0103-S-2007', 0)":"MODIFICACION DEL ARTICULO 81 DEL CODIGO PENAL, INCORPORACION DEL INCISO 2) SOBRE INFANTICIDIO (REPRODUCCION DEL EXPEDIENTE 2009-S-05)."},"('Firmantes', 'FIRMANTE')":{"('0103-S-2007', 0)":"SAADI, RAMON EDUARDO"},"('Firmantes', 'DISTRITO')":{"('0103-S-2007', 0)":"CATAMARCA"},"('Firmantes', 'BLOQUE')":{"('0103-S-2007', 0)":"JUSTICIALISTA"},"Link":{"('0103-S-2007', 0)":"http:\/\/www.senado.gov.ar\/parlamentario\/comisiones\/verExp\/103.07\/S\/PL"},"Palabra Clave":{"('0103-S-2007', 0)":" "}}