{"Tipo de Proyecto":{"('0104-S-2007', 0)":"PROYECTO DE LEY"},"Iniciado en: ":{"('0104-S-2007', 0)":"Senado"},"Expediente Senado: ":{"('0104-S-2007', 0)":"0104-S-2007"},"Publicado en: ":{"('0104-S-2007', 0)":"Diario de Asuntos Entrados N\u00b0 5"},"Fecha: ":{"('0104-S-2007', 0)":"05\/03\/2007"},"T\u00edtulo":{"('0104-S-2007', 0)":"CONCEDER EL TRASLADO INTERJURISDICCIONAL A LAS CONYUGES QUE EJERZAN FUNCIONES EN LA DOCENCIA O EN ORGANISMOS NACIONALES O PROVINCIALES, DE MIEMBROS DE LAS FUERZAS ARMADAS Y DE SEGURIDAD O DE ORGANISMO NACIONALES QUE FUERES ASIGNADOS A NUEVO DESTINO. (REPRODUCCION DEL EXPEDIENTE 3145-S-05)."},"('Firmantes', 'FIRMANTE')":{"('0104-S-2007', 0)":"SAADI, RAMON EDUARDO"},"('Firmantes', 'DISTRITO')":{"('0104-S-2007', 0)":"CATAMARCA"},"('Firmantes', 'BLOQUE')":{"('0104-S-2007', 0)":"JUSTICIALISTA"},"Sumario":{"('0104-S-2007', 0)":"REUBICACION AUTOMATICA; INVITACION A LAS PROVINCIAS A ADHERIR."},"Palabra Clave":{"('0104-S-2007', 0)":" "}}