{"Tipo de Proyecto":{"('0106-D-2007', 0)":"PROYECTO DE RESOLUCI\u00d3N"},"Iniciado en: ":{"('0106-D-2007', 0)":"Diputados"},"Expediente Diputados: ":{"('0106-D-2007', 0)":"0106-D-2007"},"Publicado en: ":{"('0106-D-2007', 0)":"Tr\u00e1mite Parlamentario N\u00b0 2"},"Fecha: ":{"('0106-D-2007', 0)":"02\/03\/2007"},"T\u00edtulo":{"('0106-D-2007', 0)":"EXPRESAR ADHESION AL ACTO ORGANIZADO POR LA CGT DE LA REPUBLICA ARGENTINA EN LA CONMEMORACION DEL 60 ANIVERSARIO DE LA DECLARACION DE LOS DERECHOS DEL TRABAJADOR, PROCLAMADOS EL 24 DE FEBRERO DE 1947 POR EL PRESIDENTE JUAN DOMINGO PERON."},"('Firmantes', 'FIRMANTE')":{"('0106-D-2007', 0)":"RECALDE, HECTOR PEDRO"},"('Firmantes', 'DISTRITO')":{"('0106-D-2007', 0)":"BUENOS AIRES"},"('Firmantes', 'BLOQUE')":{"('0106-D-2007', 0)":"FRENTE PARA LA VICTORIA - PJ"},"('Giros', 'COMISI\u00d3N')":{"('0106-D-2007', 0)":"LEGISLACION DEL TRABAJO"},"('Tramites', 'C\u00c1MARA')":{"('0106-D-2007', 0)":"Diputados"},"('Tramites', 'MOVIMIENTO')":{"('0106-D-2007', 0)":"CONSIDERACION Y APROBACION"},"('Tramites', 'FECHA')":{"('0106-D-2007', 0)":"09\/05\/2007"},"('Tramites', 'RESULTADO')":{"('0106-D-2007', 0)":"APROBADO"},"Link":{"('0106-D-2007', 0)":"https:\/\/www.hcdn.gob.ar\/proyectos\/textoCompleto.jsp?exp=0106-D-2007&tipo=RESOLUCION"},"Palabra Clave":{"('0106-D-2007', 0)":" "}}