{"Tipo de Proyecto":{"('0107-D-2007', 0)":"PROYECTO DE RESOLUCI\u00d3N","('0107-D-2007', 1)":null},"Iniciado en: ":{"('0107-D-2007', 0)":"Diputados","('0107-D-2007', 1)":null},"Expediente Diputados: ":{"('0107-D-2007', 0)":"0107-D-2007","('0107-D-2007', 1)":null},"Publicado en: ":{"('0107-D-2007', 0)":"Tr\u00e1mite Parlamentario N\u00b0 2","('0107-D-2007', 1)":null},"Fecha: ":{"('0107-D-2007', 0)":"02\/03\/2007","('0107-D-2007', 1)":null},"T\u00edtulo":{"('0107-D-2007', 0)":"DECLARAR DE INTERES DE LA H. CAMARA LAS JORNADAS SOBRE DERECHOS HUMANOS Y JUSTICIA,  A REALIZARSE LOS DIAS 29 Y 30 DE MARZO DE 2007 EN LA CIUDAD AUTONOMA DE BUENOS AIRES.","('0107-D-2007', 1)":null},"('Firmantes', 'FIRMANTE')":{"('0107-D-2007', 0)":"RECALDE, HECTOR PEDRO","('0107-D-2007', 1)":"ROSSI, AGUSTIN OSCAR"},"('Firmantes', 'DISTRITO')":{"('0107-D-2007', 0)":"BUENOS AIRES","('0107-D-2007', 1)":"SANTA FE"},"('Firmantes', 'BLOQUE')":{"('0107-D-2007', 0)":"FRENTE PARA LA VICTORIA - PJ","('0107-D-2007', 1)":"FRENTE PARA LA VICTORIA - PJ"},"('Giros', 'COMISI\u00d3N')":{"('0107-D-2007', 0)":"DERECHOS HUMANOS Y GARANTIAS","('0107-D-2007', 1)":null},"('Tramites', 'C\u00c1MARA')":{"('0107-D-2007', 0)":"Diputados","('0107-D-2007', 1)":null},"('Tramites', 'MOVIMIENTO')":{"('0107-D-2007', 0)":"CONSIDERACION Y APROBACION","('0107-D-2007', 1)":null},"('Tramites', 'FECHA')":{"('0107-D-2007', 0)":"09\/05\/2007","('0107-D-2007', 1)":null},"('Tramites', 'RESULTADO')":{"('0107-D-2007', 0)":"APROBADO","('0107-D-2007', 1)":null},"Link":{"('0107-D-2007', 0)":"https:\/\/www.hcdn.gob.ar\/proyectos\/textoCompleto.jsp?exp=0107-D-2007&tipo=RESOLUCION","('0107-D-2007', 1)":null},"Palabra Clave":{"('0107-D-2007', 0)":" ","('0107-D-2007', 1)":null}}