{"Tipo de Proyecto":{"('0108-S-2007', 0)":"PROYECTO DE DECLARACI\u00d3N"},"Iniciado en: ":{"('0108-S-2007', 0)":"Senado"},"Expediente Senado: ":{"('0108-S-2007', 0)":"0108-S-2007"},"Publicado en: ":{"('0108-S-2007', 0)":"Diario de Asuntos Entrados N\u00b0 5"},"Fecha: ":{"('0108-S-2007', 0)":"05\/03\/2007"},"T\u00edtulo":{"('0108-S-2007', 0)":"EXPRESAR BENEPLACITO POR EL DIA INTERNACIONAL DE LAS TELECOMUNICACIONES A CELEBRARSE EL 17 DE MAYO."},"('Firmantes', 'FIRMANTE')":{"('0108-S-2007', 0)":"SAADI, RAMON EDUARDO"},"('Firmantes', 'DISTRITO')":{"('0108-S-2007', 0)":"CATAMARCA"},"('Firmantes', 'BLOQUE')":{"('0108-S-2007', 0)":"JUSTICIALISTA"},"('Tramites', 'C\u00c1MARA')":{"('0108-S-2007', 0)":"Senado"},"('Tramites', 'MOVIMIENTO')":{"('0108-S-2007', 0)":"APROBACION ARTICULO 106, PARRAFO 3 DEL REGLAMENTO DEL H SENADO"},"('Tramites', 'FECHA')":{"('0108-S-2007', 0)":"25\/04\/2007"},"('Tramites', 'RESULTADO')":{"('0108-S-2007', 0)":"APROBADO"},"Link":{"('0108-S-2007', 0)":"http:\/\/www.senado.gov.ar\/parlamentario\/comisiones\/verExp\/108.07\/S\/PD"},"Palabra Clave":{"('0108-S-2007', 0)":" "}}