{"Tipo de Proyecto":{"('0109-D-2007', 0)":"PROYECTO DE LEY","('0109-D-2007', 1)":null},"Iniciado en: ":{"('0109-D-2007', 0)":"Diputados","('0109-D-2007', 1)":null},"Expediente Diputados: ":{"('0109-D-2007', 0)":"0109-D-2007","('0109-D-2007', 1)":null},"Publicado en: ":{"('0109-D-2007', 0)":"Tr\u00e1mite Parlamentario N\u00b0 2","('0109-D-2007', 1)":null},"Fecha: ":{"('0109-D-2007', 0)":"02\/03\/2007","('0109-D-2007', 1)":null},"T\u00edtulo":{"('0109-D-2007', 0)":"CONDICIONES DE DETENCION DEL MENOR QUE HAYA COMETIDO DELITOS CON ARMAS DE FUEGO.","('0109-D-2007', 1)":null},"('Firmantes', 'FIRMANTE')":{"('0109-D-2007', 0)":"GUTIERREZ, GRACIELA BEATRIZ","('0109-D-2007', 1)":null},"('Firmantes', 'DISTRITO')":{"('0109-D-2007', 0)":"SANTA CRUZ","('0109-D-2007', 1)":null},"('Firmantes', 'BLOQUE')":{"('0109-D-2007', 0)":"FRENTE PARA LA VICTORIA - PJ","('0109-D-2007', 1)":null},"('Giros', 'COMISI\u00d3N')":{"('0109-D-2007', 0)":"LEGISLACION PENAL","('0109-D-2007', 1)":"FAMILIA, MUJER, NI\u00d1EZ Y ADOLESCENCIA"},"('Tramites', 'C\u00c1MARA')":{"('0109-D-2007', 0)":"Diputados","('0109-D-2007', 1)":null},"('Tramites', 'MOVIMIENTO')":{"('0109-D-2007', 0)":"REPRODUCIDO POR EXPEDIENTE 0155-D-09","('0109-D-2007', 1)":null},"('Tramites', 'FECHA')":{"('0109-D-2007', 0)":null,"('0109-D-2007', 1)":null},"('Tramites', 'RESULTADO')":{"('0109-D-2007', 0)":null,"('0109-D-2007', 1)":null},"Link":{"('0109-D-2007', 0)":"https:\/\/www.hcdn.gob.ar\/proyectos\/textoCompleto.jsp?exp=0109-D-2007&tipo=LEY","('0109-D-2007', 1)":null},"Palabra Clave":{"('0109-D-2007', 0)":" ","('0109-D-2007', 1)":null}}