{"Tipo de Proyecto":{"('0110-D-2007', 0)":"PROYECTO DE LEY"},"Iniciado en: ":{"('0110-D-2007', 0)":"Diputados"},"Expediente Diputados: ":{"('0110-D-2007', 0)":"0110-D-2007"},"Publicado en: ":{"('0110-D-2007', 0)":"Tr\u00e1mite Parlamentario N\u00b0 2"},"Fecha: ":{"('0110-D-2007', 0)":"02\/03\/2007"},"T\u00edtulo":{"('0110-D-2007', 0)":"CODIGO PENAL. MODIFICACION, SOBRE DELITOS CONTRA LA LIBERTAD DE LAS PERSONAS."},"('Firmantes', 'FIRMANTE')":{"('0110-D-2007', 0)":"GUTIERREZ, GRACIELA BEATRIZ"},"('Firmantes', 'DISTRITO')":{"('0110-D-2007', 0)":"SANTA CRUZ"},"('Firmantes', 'BLOQUE')":{"('0110-D-2007', 0)":"FRENTE PARA LA VICTORIA - PJ"},"('Giros', 'COMISI\u00d3N')":{"('0110-D-2007', 0)":"LEGISLACION PENAL"},"('Tramites', 'C\u00c1MARA')":{"('0110-D-2007', 0)":"Diputados"},"('Tramites', 'MOVIMIENTO')":{"('0110-D-2007', 0)":"REPRODUCIDO POR EXPEDIENTE 0156-D-09"},"('Tramites', 'FECHA')":{"('0110-D-2007', 0)":null},"('Tramites', 'RESULTADO')":{"('0110-D-2007', 0)":null},"Sumario":{"('0110-D-2007', 0)":"INCORPORACION DEL ARTICULO 140 BIS (RECLUTAMIENTO DE PERSONAS); DEROGACION DE LOS ARTICULOS 116, 117 Y 120 (DELITOS AL ORDEN MIGRATORIO) DE LA LEY 25871 (MIGRACIONES)."},"Palabra Clave":{"('0110-D-2007', 0)":" "}}