{"Tipo de Proyecto":{"('0111-S-2007', 0)":"MENSAJE NRO: 0474\/07 Y PROYECTO DE LEY","('0111-S-2007', 1)":null,"('0111-S-2007', 2)":null,"('0111-S-2007', 3)":null},"Iniciado en: ":{"('0111-S-2007', 0)":"Senado","('0111-S-2007', 1)":null,"('0111-S-2007', 2)":null,"('0111-S-2007', 3)":null},"Expediente Diputados: ":{"('0111-S-2007', 0)":"0111-S-2007","('0111-S-2007', 1)":null,"('0111-S-2007', 2)":null,"('0111-S-2007', 3)":null},"Expediente Senado: ":{"('0111-S-2007', 0)":"0069-PE-2007","('0111-S-2007', 1)":null,"('0111-S-2007', 2)":null,"('0111-S-2007', 3)":null},"Publicado en: ":{"('0111-S-2007', 0)":"Diario de Asuntos Entrados N\u00b0 57","('0111-S-2007', 1)":null,"('0111-S-2007', 2)":null,"('0111-S-2007', 3)":null},"Fecha: ":{"('0111-S-2007', 0)":"08\/05\/2007","('0111-S-2007', 1)":null,"('0111-S-2007', 2)":null,"('0111-S-2007', 3)":null},"T\u00edtulo":{"('0111-S-2007', 0)":"APROBACION DEL ACUERDO POR CANJE DE NOTAS POR EL QUE SE HACE RETROACTIVA LA FECHA DE APLICACION DEL PROTOCOLO MODIFICATORIO DEL CONVENIO ENTRE LA REPUBLICA ARGENTINA Y LA REPUBLICA DE CHILE PARA EVITAR LA DOBLE TRIBUTACION EN MATERIA DE IMPUESTO A LA RENTA, GANANCIAS O BENEFICIOS SOBRE EL CAPITAL Y EL PATRIMONIO, RATIFICADO POR LEY 26232, SUSCRIPTO EN BUENO SAIRES EL 10 DE OCTUBRE DE 2003.","('0111-S-2007', 1)":null,"('0111-S-2007', 2)":null,"('0111-S-2007', 3)":null},"('Firmantes', 'FIRMANTE')":{"('0111-S-2007', 0)":"KIRCHNER, NESTOR CARLOS","('0111-S-2007', 1)":"FERNANDEZ, ALBERTO","('0111-S-2007', 2)":"TAIANA, JORGE ENRIQUE","('0111-S-2007', 3)":"MICELI, FELISA JOSEFINA"},"('Firmantes', 'DISTRITO')":{"('0111-S-2007', 0)":null,"('0111-S-2007', 1)":null,"('0111-S-2007', 2)":null,"('0111-S-2007', 3)":null},"('Firmantes', 'BLOQUE')":{"('0111-S-2007', 0)":"PODER EJECUTIVO","('0111-S-2007', 1)":"PODER EJECUTIVO","('0111-S-2007', 2)":"PODER EJECUTIVO","('0111-S-2007', 3)":"PODER EJECUTIVO"},"('Giros', 'COMISI\u00d3N')":{"('0111-S-2007', 0)":"RELACIONES EXTERIORES Y CULTO","('0111-S-2007', 1)":"PRESUPUESTO Y HACIENDA","('0111-S-2007', 2)":null,"('0111-S-2007', 3)":null},"('Tramites', 'C\u00c1MARA')":{"('0111-S-2007', 0)":"Senado","('0111-S-2007', 1)":"Diputados","('0111-S-2007', 2)":"Diputados","('0111-S-2007', 3)":null},"('Tramites', 'MOVIMIENTO')":{"('0111-S-2007', 0)":"CONSIDERACION Y APROBACION","('0111-S-2007', 1)":"PASA A DIPUTADOS -","('0111-S-2007', 2)":"CONSIDERACION Y SANCION","('0111-S-2007', 3)":null},"('Tramites', 'FECHA')":{"('0111-S-2007', 0)":"07\/11\/2007","('0111-S-2007', 1)":null,"('0111-S-2007', 2)":"11\/08\/2010","('0111-S-2007', 3)":null},"('Tramites', 'RESULTADO')":{"('0111-S-2007', 0)":"MEDIA SANCION","('0111-S-2007', 1)":null,"('0111-S-2007', 2)":"SANCIONADO","('0111-S-2007', 3)":null},"Link":{"('0111-S-2007', 0)":"https:\/\/www4.hcdn.gob.ar\/dependencias\/dsecretaria\/Periodo2007\/PDF2007\/TP2007\/0111-S-07.pdf","('0111-S-2007', 1)":null,"('0111-S-2007', 2)":null,"('0111-S-2007', 3)":null},"Palabra Clave":{"('0111-S-2007', 0)":" ","('0111-S-2007', 1)":null,"('0111-S-2007', 2)":null,"('0111-S-2007', 3)":null}}