{"Tipo de Proyecto":{"('0112-D-2007', 0)":"PROYECTO DE LEY","('0112-D-2007', 1)":null},"Iniciado en: ":{"('0112-D-2007', 0)":"Diputados","('0112-D-2007', 1)":null},"Expediente Diputados: ":{"('0112-D-2007', 0)":"0112-D-2007","('0112-D-2007', 1)":null},"Publicado en: ":{"('0112-D-2007', 0)":"Tr\u00e1mite Parlamentario N\u00b0 2","('0112-D-2007', 1)":null},"Fecha: ":{"('0112-D-2007', 0)":"02\/03\/2007","('0112-D-2007', 1)":null},"T\u00edtulo":{"('0112-D-2007', 0)":"CODIGO PENAL: MODIFICACION DEL ARTICULO 193, SOBRE DELITOS CONTRA LA SEGURIDAD DE LOS MEDIOS DE TRANSPORTE.","('0112-D-2007', 1)":null},"('Firmantes', 'FIRMANTE')":{"('0112-D-2007', 0)":"GUTIERREZ, GRACIELA BEATRIZ","('0112-D-2007', 1)":null},"('Firmantes', 'DISTRITO')":{"('0112-D-2007', 0)":"SANTA CRUZ","('0112-D-2007', 1)":null},"('Firmantes', 'BLOQUE')":{"('0112-D-2007', 0)":"FRENTE PARA LA VICTORIA - PJ","('0112-D-2007', 1)":null},"('Giros', 'COMISI\u00d3N')":{"('0112-D-2007', 0)":"LEGISLACION PENAL","('0112-D-2007', 1)":"TRANSPORTES"},"('Tramites', 'C\u00c1MARA')":{"('0112-D-2007', 0)":"Diputados","('0112-D-2007', 1)":null},"('Tramites', 'MOVIMIENTO')":{"('0112-D-2007', 0)":"REPRODUCIDO POR EXPEDIENTE 0158-D-09","('0112-D-2007', 1)":null},"('Tramites', 'FECHA')":{"('0112-D-2007', 0)":null,"('0112-D-2007', 1)":null},"('Tramites', 'RESULTADO')":{"('0112-D-2007', 0)":null,"('0112-D-2007', 1)":null},"Link":{"('0112-D-2007', 0)":"https:\/\/www.hcdn.gob.ar\/proyectos\/textoCompleto.jsp?exp=0112-D-2007&tipo=LEY","('0112-D-2007', 1)":null},"Palabra Clave":{"('0112-D-2007', 0)":" ","('0112-D-2007', 1)":null}}