{"Tipo de Proyecto":{"('0112-S-2007', 0)":"MENSAJE NRO: 0479\/07 Y PROYECTO DE LEY","('0112-S-2007', 1)":null,"('0112-S-2007', 2)":null},"Iniciado en: ":{"('0112-S-2007', 0)":"Senado","('0112-S-2007', 1)":null,"('0112-S-2007', 2)":null},"Expediente Diputados: ":{"('0112-S-2007', 0)":"0112-S-2007","('0112-S-2007', 1)":null,"('0112-S-2007', 2)":null},"Expediente Senado: ":{"('0112-S-2007', 0)":"0070-PE-2007","('0112-S-2007', 1)":null,"('0112-S-2007', 2)":null},"Publicado en: ":{"('0112-S-2007', 0)":"Diario de Asuntos Entrados N\u00b0 57","('0112-S-2007', 1)":null,"('0112-S-2007', 2)":null},"Fecha: ":{"('0112-S-2007', 0)":"08\/05\/2007","('0112-S-2007', 1)":null,"('0112-S-2007', 2)":null},"T\u00edtulo":{"('0112-S-2007', 0)":"APROBACION DEL ACUERDO ENTRE EL GOBIERNO DE LA REPUBLICA ARGENTINA Y EL GOBIERNO DE LA REPUBLICA DE ANGOLA SOBRE COOPERACION ECONOMICA Y COMERCIAL, SUSCRIPTO EN BUENOS AIRES EL 5 DE MAYO DE 2005.","('0112-S-2007', 1)":null,"('0112-S-2007', 2)":null},"('Firmantes', 'FIRMANTE')":{"('0112-S-2007', 0)":"KIRCHNER, NESTOR CARLOS","('0112-S-2007', 1)":"FERNANDEZ, ALBERTO","('0112-S-2007', 2)":"TAIANA, JORGE ENRIQUE"},"('Firmantes', 'DISTRITO')":{"('0112-S-2007', 0)":null,"('0112-S-2007', 1)":null,"('0112-S-2007', 2)":null},"('Firmantes', 'BLOQUE')":{"('0112-S-2007', 0)":"PODER EJECUTIVO","('0112-S-2007', 1)":"PODER EJECUTIVO","('0112-S-2007', 2)":"PODER EJECUTIVO"},"('Giros', 'COMISI\u00d3N')":{"('0112-S-2007', 0)":"RELACIONES EXTERIORES Y CULTO","('0112-S-2007', 1)":"PRESUPUESTO Y HACIENDA","('0112-S-2007', 2)":null},"('Tramites', 'C\u00c1MARA')":{"('0112-S-2007', 0)":"Senado","('0112-S-2007', 1)":"Diputados","('0112-S-2007', 2)":"Diputados"},"('Tramites', 'MOVIMIENTO')":{"('0112-S-2007', 0)":"CONSIDERACION Y APROBACION","('0112-S-2007', 1)":"PASA A DIPUTADOS -","('0112-S-2007', 2)":"CONSIDERACION Y SANCION"},"('Tramites', 'FECHA')":{"('0112-S-2007', 0)":"07\/11\/2007","('0112-S-2007', 1)":null,"('0112-S-2007', 2)":"20\/08\/2008"},"('Tramites', 'RESULTADO')":{"('0112-S-2007', 0)":"MEDIA SANCION","('0112-S-2007', 1)":null,"('0112-S-2007', 2)":"SANCIONADO"},"Link":{"('0112-S-2007', 0)":"https:\/\/www4.hcdn.gob.ar\/dependencias\/dsecretaria\/Periodo2007\/PDF2007\/TP2007\/0112-S-07.pdf","('0112-S-2007', 1)":null,"('0112-S-2007', 2)":null},"Palabra Clave":{"('0112-S-2007', 0)":" ","('0112-S-2007', 1)":null,"('0112-S-2007', 2)":null}}