{"Tipo de Proyecto":{"('0113-S-2007', 0)":"MENSAJE NRO: 0480\/07 Y PROYECTO DE LEY","('0113-S-2007', 1)":null,"('0113-S-2007', 2)":null},"Iniciado en: ":{"('0113-S-2007', 0)":"Senado","('0113-S-2007', 1)":null,"('0113-S-2007', 2)":null},"Expediente Diputados: ":{"('0113-S-2007', 0)":"0113-S-2007","('0113-S-2007', 1)":null,"('0113-S-2007', 2)":null},"Expediente Senado: ":{"('0113-S-2007', 0)":"0071-PE-2007","('0113-S-2007', 1)":null,"('0113-S-2007', 2)":null},"Publicado en: ":{"('0113-S-2007', 0)":"Diario de Asuntos Entrados N\u00b0 57","('0113-S-2007', 1)":null,"('0113-S-2007', 2)":null},"Fecha: ":{"('0113-S-2007', 0)":"08\/05\/2007","('0113-S-2007', 1)":null,"('0113-S-2007', 2)":null},"T\u00edtulo":{"('0113-S-2007', 0)":"APROBACION DEL PROTOCOLO DE COOPERACION ENTRE EL GOBIERNO DE LA REPUBLICA ARGENTINA Y EL GOBIERNO DE LA REPUBLICA DE ANGOLA EN EL AREA DE LA AGRICULTURA Y DE LA GANADERIA, SUSCRIPTO EN BUENOS AIRES EL 05 DE MAYO DE 2005.","('0113-S-2007', 1)":null,"('0113-S-2007', 2)":null},"('Firmantes', 'FIRMANTE')":{"('0113-S-2007', 0)":"KIRCHNER, NESTOR CARLOS","('0113-S-2007', 1)":"FERNANDEZ, ALBERTO","('0113-S-2007', 2)":"TAIANA, JORGE ENRIQUE"},"('Firmantes', 'DISTRITO')":{"('0113-S-2007', 0)":null,"('0113-S-2007', 1)":null,"('0113-S-2007', 2)":null},"('Firmantes', 'BLOQUE')":{"('0113-S-2007', 0)":"PODER EJECUTIVO","('0113-S-2007', 1)":"PODER EJECUTIVO","('0113-S-2007', 2)":"PODER EJECUTIVO"},"('Giros', 'COMISI\u00d3N')":{"('0113-S-2007', 0)":"RELACIONES EXTERIORES Y CULTO","('0113-S-2007', 1)":"AGRICULTURA Y GANADERIA","('0113-S-2007', 2)":null},"('Tramites', 'C\u00c1MARA')":{"('0113-S-2007', 0)":"Senado","('0113-S-2007', 1)":"Diputados","('0113-S-2007', 2)":"Diputados"},"('Tramites', 'MOVIMIENTO')":{"('0113-S-2007', 0)":"CONSIDERACION Y APROBACION","('0113-S-2007', 1)":"PASA A DIPUTADOS -","('0113-S-2007', 2)":"CONSIDERACION Y SANCION"},"('Tramites', 'FECHA')":{"('0113-S-2007', 0)":"07\/11\/2007","('0113-S-2007', 1)":null,"('0113-S-2007', 2)":"11\/06\/2008"},"('Tramites', 'RESULTADO')":{"('0113-S-2007', 0)":"MEDIA SANCION","('0113-S-2007', 1)":null,"('0113-S-2007', 2)":"SANCIONADO"},"Link":{"('0113-S-2007', 0)":"https:\/\/www4.hcdn.gob.ar\/dependencias\/dsecretaria\/Periodo2007\/PDF2007\/TP2007\/0113-S-07.pdf","('0113-S-2007', 1)":null,"('0113-S-2007', 2)":null},"Palabra Clave":{"('0113-S-2007', 0)":" ","('0113-S-2007', 1)":null,"('0113-S-2007', 2)":null}}