{"Tipo de Proyecto":{"('0114-D-2007', 0)":"PROYECTO DE LEY","('0114-D-2007', 1)":null},"Iniciado en: ":{"('0114-D-2007', 0)":"Diputados","('0114-D-2007', 1)":null},"Expediente Diputados: ":{"('0114-D-2007', 0)":"0114-D-2007","('0114-D-2007', 1)":null},"Publicado en: ":{"('0114-D-2007', 0)":"Tr\u00e1mite Parlamentario N\u00b0 2","('0114-D-2007', 1)":null},"Fecha: ":{"('0114-D-2007', 0)":"02\/03\/2007","('0114-D-2007', 1)":null},"T\u00edtulo":{"('0114-D-2007', 0)":"CODIGO PENAL. MODIFICACION DEL ARTICULO 181, SOBRE DELITOS DE ALTERACION DE LIMITES Y DEMARCACIONES DE TIERRAS FISCALES.","('0114-D-2007', 1)":null},"('Firmantes', 'FIRMANTE')":{"('0114-D-2007', 0)":"GUTIERREZ, GRACIELA BEATRIZ","('0114-D-2007', 1)":null},"('Firmantes', 'DISTRITO')":{"('0114-D-2007', 0)":"SANTA CRUZ","('0114-D-2007', 1)":null},"('Firmantes', 'BLOQUE')":{"('0114-D-2007', 0)":"FRENTE PARA LA VICTORIA - PJ","('0114-D-2007', 1)":null},"('Giros', 'COMISI\u00d3N')":{"('0114-D-2007', 0)":"LEGISLACION PENAL","('0114-D-2007', 1)":"POBLACION Y DESARROLLO HUMANO"},"('Tramites', 'C\u00c1MARA')":{"('0114-D-2007', 0)":"Diputados","('0114-D-2007', 1)":null},"('Tramites', 'MOVIMIENTO')":{"('0114-D-2007', 0)":"REPRODUCIDO POR EXPEDIENTE 0160-D-09","('0114-D-2007', 1)":null},"('Tramites', 'FECHA')":{"('0114-D-2007', 0)":null,"('0114-D-2007', 1)":null},"('Tramites', 'RESULTADO')":{"('0114-D-2007', 0)":null,"('0114-D-2007', 1)":null},"Link":{"('0114-D-2007', 0)":"https:\/\/www.hcdn.gob.ar\/proyectos\/textoCompleto.jsp?exp=0114-D-2007&tipo=LEY","('0114-D-2007', 1)":null},"Palabra Clave":{"('0114-D-2007', 0)":" ","('0114-D-2007', 1)":null}}