{"Tipo de Proyecto":{"('0115-S-2007', 0)":"MENSAJE NRO: 0570\/07 Y PROYECTO DE LEY","('0115-S-2007', 1)":null,"('0115-S-2007', 2)":null},"Iniciado en: ":{"('0115-S-2007', 0)":"Senado","('0115-S-2007', 1)":null,"('0115-S-2007', 2)":null},"Expediente Diputados: ":{"('0115-S-2007', 0)":"0115-S-2007","('0115-S-2007', 1)":null,"('0115-S-2007', 2)":null},"Expediente Senado: ":{"('0115-S-2007', 0)":"0117-PE-2007","('0115-S-2007', 1)":null,"('0115-S-2007', 2)":null},"Publicado en: ":{"('0115-S-2007', 0)":"Diario de Asuntos Entrados N\u00b0 66","('0115-S-2007', 1)":null,"('0115-S-2007', 2)":null},"Fecha: ":{"('0115-S-2007', 0)":"22\/05\/2007","('0115-S-2007', 1)":null,"('0115-S-2007', 2)":null},"T\u00edtulo":{"('0115-S-2007', 0)":"APROBACION DEL PROTOCOLO DE CONTRATACIONES PUBLICAS DEL MERCOSUR, SUSCRIPTO EN LA PROVINCIA DE CORDOBA EL 20 DE JULIO DE 2006.","('0115-S-2007', 1)":null,"('0115-S-2007', 2)":null},"('Firmantes', 'FIRMANTE')":{"('0115-S-2007', 0)":"KIRCHNER, NESTOR CARLOS","('0115-S-2007', 1)":"FERNANDEZ, ALBERTO","('0115-S-2007', 2)":"TAIANA, JORGE ENRIQUE"},"('Firmantes', 'DISTRITO')":{"('0115-S-2007', 0)":null,"('0115-S-2007', 1)":null,"('0115-S-2007', 2)":null},"('Firmantes', 'BLOQUE')":{"('0115-S-2007', 0)":"PODER EJECUTIVO","('0115-S-2007', 1)":"PODER EJECUTIVO","('0115-S-2007', 2)":"PODER EJECUTIVO"},"('Giros', 'COMISI\u00d3N')":{"('0115-S-2007', 0)":"RELACIONES EXTERIORES Y CULTO","('0115-S-2007', 1)":"MERCOSUR","('0115-S-2007', 2)":null},"('Tramites', 'C\u00c1MARA')":{"('0115-S-2007', 0)":"Senado","('0115-S-2007', 1)":"Diputados","('0115-S-2007', 2)":"Diputados"},"('Tramites', 'MOVIMIENTO')":{"('0115-S-2007', 0)":"CONSIDERACION Y APROBACION","('0115-S-2007', 1)":"PASA A DIPUTADOS -","('0115-S-2007', 2)":"CONSIDERACION Y SANCION"},"('Tramites', 'FECHA')":{"('0115-S-2007', 0)":"07\/11\/2007","('0115-S-2007', 1)":null,"('0115-S-2007', 2)":"03\/12\/2008"},"('Tramites', 'RESULTADO')":{"('0115-S-2007', 0)":"MEDIA SANCION","('0115-S-2007', 1)":null,"('0115-S-2007', 2)":"SANCIONADO"},"Link":{"('0115-S-2007', 0)":"https:\/\/www4.hcdn.gob.ar\/dependencias\/dsecretaria\/Periodo2007\/PDF2007\/TP2007\/0115-S-07.pdf","('0115-S-2007', 1)":null,"('0115-S-2007', 2)":null},"Palabra Clave":{"('0115-S-2007', 0)":" ","('0115-S-2007', 1)":null,"('0115-S-2007', 2)":null}}