{"Tipo de Proyecto":{"('0116-D-2007', 0)":"PROYECTO DE LEY","('0116-D-2007', 1)":null},"Iniciado en: ":{"('0116-D-2007', 0)":"Diputados","('0116-D-2007', 1)":null},"Expediente Diputados: ":{"('0116-D-2007', 0)":"0116-D-2007","('0116-D-2007', 1)":null},"Publicado en: ":{"('0116-D-2007', 0)":"Tr\u00e1mite Parlamentario N\u00b0 2","('0116-D-2007', 1)":null},"Fecha: ":{"('0116-D-2007', 0)":"02\/03\/2007","('0116-D-2007', 1)":null},"T\u00edtulo":{"('0116-D-2007', 0)":"INCENTIVO PARA EL REAPROVECHAMIENTO Y RECICLAJE DE LOS RESIDUOS SOLIDOS NO PELIGROSOS.","('0116-D-2007', 1)":null},"('Firmantes', 'FIRMANTE')":{"('0116-D-2007', 0)":"GUTIERREZ, GRACIELA BEATRIZ","('0116-D-2007', 1)":null},"('Firmantes', 'DISTRITO')":{"('0116-D-2007', 0)":"SANTA CRUZ","('0116-D-2007', 1)":null},"('Firmantes', 'BLOQUE')":{"('0116-D-2007', 0)":"FRENTE PARA LA VICTORIA - PJ","('0116-D-2007', 1)":null},"('Giros', 'COMISI\u00d3N')":{"('0116-D-2007', 0)":"RECURSOS NATURALES Y CONSERVACION DEL AMBIENTE HUMANO","('0116-D-2007', 1)":"ASUNTOS MUNICIPALES"},"('Tramites', 'C\u00c1MARA')":{"('0116-D-2007', 0)":"Diputados","('0116-D-2007', 1)":null},"('Tramites', 'MOVIMIENTO')":{"('0116-D-2007', 0)":"REPRODUCIDO POR EXPEDIENTE 0162-D-09","('0116-D-2007', 1)":null},"('Tramites', 'FECHA')":{"('0116-D-2007', 0)":null,"('0116-D-2007', 1)":null},"('Tramites', 'RESULTADO')":{"('0116-D-2007', 0)":null,"('0116-D-2007', 1)":null},"Sumario":{"('0116-D-2007', 0)":"INCORPORACION DE MUNICIPIOS AL PROGRAMA DE RECICLAJE Y RECUPERACION; RESIDUOS EXCLUIDOS; PLAN DE APROVECHAMIENTO; COLABORACION; ORDENAMIENTO.","('0116-D-2007', 1)":null},"Palabra Clave":{"('0116-D-2007', 0)":" ","('0116-D-2007', 1)":null}}