{"Tipo de Proyecto":{"('0119-PE-2007', 0)":"MENSAJE NRO: 0593\/07","('0119-PE-2007', 1)":null,"('0119-PE-2007', 2)":null},"Iniciado en: ":{"('0119-PE-2007', 0)":"Senado","('0119-PE-2007', 1)":null,"('0119-PE-2007', 2)":null},"Expediente Senado: ":{"('0119-PE-2007', 0)":"0119-PE-2007","('0119-PE-2007', 1)":null,"('0119-PE-2007', 2)":null},"Publicado en: ":{"('0119-PE-2007', 0)":"Diario de Asuntos Entrados N\u00b0 73","('0119-PE-2007', 1)":null,"('0119-PE-2007', 2)":null},"Fecha: ":{"('0119-PE-2007', 0)":"23\/05\/2007","('0119-PE-2007', 1)":null,"('0119-PE-2007', 2)":null},"T\u00edtulo":{"('0119-PE-2007', 0)":"COMUNICACION DEL DICTADO DEL DECRETO 591\/2007 TENDIENTE A RESCINDIR EL CONTRATO DE CONCESION CON TRANSPORTES METROPOLITANOS GENERAL ROCA SOCIEDAD ANONIMA.","('0119-PE-2007', 1)":null,"('0119-PE-2007', 2)":null},"('Firmantes', 'FIRMANTE')":{"('0119-PE-2007', 0)":"KIRCHNER, NESTOR CARLOS","('0119-PE-2007', 1)":"FERNANDEZ, ALBERTO","('0119-PE-2007', 2)":"DE VIDO, JULIO"},"('Firmantes', 'DISTRITO')":{"('0119-PE-2007', 0)":null,"('0119-PE-2007', 1)":null,"('0119-PE-2007', 2)":null},"('Firmantes', 'BLOQUE')":{"('0119-PE-2007', 0)":"PODER EJECUTIVO","('0119-PE-2007', 1)":"PODER EJECUTIVO","('0119-PE-2007', 2)":"PODER EJECUTIVO"},"Palabra Clave":{"('0119-PE-2007', 0)":" ","('0119-PE-2007', 1)":null,"('0119-PE-2007', 2)":null}}