{"Tipo de Proyecto":{"('0119-D-2007', 0)":"PROYECTO DE RESOLUCI\u00d3N","('0119-D-2007', 1)":null},"Iniciado en: ":{"('0119-D-2007', 0)":"Diputados","('0119-D-2007', 1)":null},"Expediente Diputados: ":{"('0119-D-2007', 0)":"0119-D-2007","('0119-D-2007', 1)":null},"Publicado en: ":{"('0119-D-2007', 0)":"Tr\u00e1mite Parlamentario N\u00b0 2","('0119-D-2007', 1)":null},"Fecha: ":{"('0119-D-2007', 0)":"02\/03\/2007","('0119-D-2007', 1)":null},"T\u00edtulo":{"('0119-D-2007', 0)":"SOLICITAR AL PODER EJECUTIVO DISPONGA LA IMPLEMENTACION DE CAMPA\u00d1AS DE DIFUSION Y ACTUALIZACION DESTINADAS A PROFESIONALES DE LA SALUD SOBRE EL DIAGNOSTICO PRECOZ DEL CANCER PEDIATRICO.","('0119-D-2007', 1)":null},"('Firmantes', 'FIRMANTE')":{"('0119-D-2007', 0)":"GUTIERREZ, GRACIELA BEATRIZ","('0119-D-2007', 1)":null},"('Firmantes', 'DISTRITO')":{"('0119-D-2007', 0)":"SANTA CRUZ","('0119-D-2007', 1)":null},"('Firmantes', 'BLOQUE')":{"('0119-D-2007', 0)":"FRENTE PARA LA VICTORIA - PJ","('0119-D-2007', 1)":null},"('Giros', 'COMISI\u00d3N')":{"('0119-D-2007', 0)":"ACCION SOCIAL Y SALUD PUBLICA","('0119-D-2007', 1)":null},"('Tramites', 'C\u00c1MARA')":{"('0119-D-2007', 0)":"Diputados","('0119-D-2007', 1)":"Diputados"},"('Tramites', 'MOVIMIENTO')":{"('0119-D-2007', 0)":"CONSIDERACION Y APROBACION","('0119-D-2007', 1)":"CONTESTACION DEL PODER EJECUTIVO NACIONAL - JEFE DE GABINETE DE MINISTROS - GIRADO A LA COMISION RESPECTIVA"},"('Tramites', 'FECHA')":{"('0119-D-2007', 0)":"06\/06\/2007","('0119-D-2007', 1)":"09\/04\/2008"},"('Tramites', 'RESULTADO')":{"('0119-D-2007', 0)":"APROBADO","('0119-D-2007', 1)":null},"Link":{"('0119-D-2007', 0)":"https:\/\/www.hcdn.gob.ar\/proyectos\/textoCompleto.jsp?exp=0119-D-2007&tipo=RESOLUCION","('0119-D-2007', 1)":null},"Palabra Clave":{"('0119-D-2007', 0)":" ","('0119-D-2007', 1)":null}}