{"Tipo de Proyecto":{"('0120-S-2007', 0)":"MENSAJE NRO: 0828\/07 Y PROYECTO DE LEY","('0120-S-2007', 1)":null,"('0120-S-2007', 2)":null,"('0120-S-2007', 3)":null},"Iniciado en: ":{"('0120-S-2007', 0)":"Senado","('0120-S-2007', 1)":null,"('0120-S-2007', 2)":null,"('0120-S-2007', 3)":null},"Expediente Diputados: ":{"('0120-S-2007', 0)":"0120-S-2007","('0120-S-2007', 1)":null,"('0120-S-2007', 2)":null,"('0120-S-2007', 3)":null},"Expediente Senado: ":{"('0120-S-2007', 0)":"0158-PE-2007","('0120-S-2007', 1)":null,"('0120-S-2007', 2)":null,"('0120-S-2007', 3)":null},"Publicado en: ":{"('0120-S-2007', 0)":"Diario de Asuntos Entrados N\u00b0 96","('0120-S-2007', 1)":null,"('0120-S-2007', 2)":null,"('0120-S-2007', 3)":null},"Fecha: ":{"('0120-S-2007', 0)":"05\/07\/2007","('0120-S-2007', 1)":null,"('0120-S-2007', 2)":null,"('0120-S-2007', 3)":null},"T\u00edtulo":{"('0120-S-2007', 0)":"CONVENCION INTERNACIONAL PARA LA PROTECCION DE TODAS LAS PERSONAS CONTRA LAS DESAPARICIONES FORZADAS, ADOPTADA POR LA ASAMBLEA GENERAL DE LAS NACIONES UNIDAS EN NUEVA YORK, ESTADOS UNIDOS DE AMERICA, EL 20 DE DICIEMBRE DE 2006. APROBACION.","('0120-S-2007', 1)":null,"('0120-S-2007', 2)":null,"('0120-S-2007', 3)":null},"('Firmantes', 'FIRMANTE')":{"('0120-S-2007', 0)":"KIRCHNER, NESTOR CARLOS","('0120-S-2007', 1)":"FERNANDEZ, ALBERTO","('0120-S-2007', 2)":"TAIANA, JORGE ENRIQUE","('0120-S-2007', 3)":"IRIBARNE, ALBERTO JUAN BAUTISTA"},"('Firmantes', 'DISTRITO')":{"('0120-S-2007', 0)":null,"('0120-S-2007', 1)":null,"('0120-S-2007', 2)":null,"('0120-S-2007', 3)":null},"('Firmantes', 'BLOQUE')":{"('0120-S-2007', 0)":"PODER EJECUTIVO","('0120-S-2007', 1)":"PODER EJECUTIVO","('0120-S-2007', 2)":"PODER EJECUTIVO","('0120-S-2007', 3)":"PODER EJECUTIVO"},"('Giros', 'COMISI\u00d3N')":{"('0120-S-2007', 0)":"RELACIONES EXTERIORES Y CULTO","('0120-S-2007', 1)":null,"('0120-S-2007', 2)":null,"('0120-S-2007', 3)":null},"('Tramites', 'C\u00c1MARA')":{"('0120-S-2007', 0)":"Senado","('0120-S-2007', 1)":"Diputados","('0120-S-2007', 2)":"Diputados","('0120-S-2007', 3)":"Diputados"},"('Tramites', 'MOVIMIENTO')":{"('0120-S-2007', 0)":"CONSIDERACION Y APROBACION","('0120-S-2007', 1)":"PASA A DIPUTADOS -","('0120-S-2007', 2)":"MOCION SOBRE TABLAS (AFIRMATIVA)","('0120-S-2007', 3)":"CONSIDERACION Y SANCION"},"('Tramites', 'FECHA')":{"('0120-S-2007', 0)":"07\/11\/2007","('0120-S-2007', 1)":null,"('0120-S-2007', 2)":"14\/11\/2007","('0120-S-2007', 3)":"14\/11\/2007"},"('Tramites', 'RESULTADO')":{"('0120-S-2007', 0)":"MEDIA SANCION","('0120-S-2007', 1)":null,"('0120-S-2007', 2)":null,"('0120-S-2007', 3)":"SANCIONADO"},"Link":{"('0120-S-2007', 0)":"https:\/\/www4.hcdn.gob.ar\/dependencias\/dsecretaria\/Periodo2007\/PDF2007\/TP2007\/0120-S-07.pdf","('0120-S-2007', 1)":null,"('0120-S-2007', 2)":null,"('0120-S-2007', 3)":null},"Palabra Clave":{"('0120-S-2007', 0)":" ","('0120-S-2007', 1)":null,"('0120-S-2007', 2)":null,"('0120-S-2007', 3)":null}}