{"Tipo de Proyecto":{"('0120-OVD-2007', 0)":"PROYECTO DE RESOLUCI\u00d3N"},"Iniciado en: ":{"('0120-OVD-2007', 0)":"Senado"},"Expediente Senado: ":{"('0120-OVD-2007', 0)":"0120-OVD-2007"},"Fecha: ":{"('0120-OVD-2007', 0)":"25\/11\/2009"},"T\u00edtulo":{"('0120-OVD-2007', 0)":"RESPUESTA REMITIDA POR LA JEFATURA DE GABINETE DE MINISTROS EN RELACION A LA RESOLUCION 0164-S-06 APROBADA POR EL H. CONGRESO."},"('Firmantes', 'FIRMANTE')":{"('0120-OVD-2007', 0)":"PARLAMENTARIA MIXTA REVISORA DE CUENTAS"},"('Firmantes', 'DISTRITO')":{"('0120-OVD-2007', 0)":null},"('Firmantes', 'BLOQUE')":{"('0120-OVD-2007', 0)":null},"('Tramites', 'C\u00c1MARA')":{"('0120-OVD-2007', 0)":"Senado"},"('Tramites', 'MOVIMIENTO')":{"('0120-OVD-2007', 0)":"CONSIDERACION Y APROBACION (AL ARCHIVO)"},"('Tramites', 'FECHA')":{"('0120-OVD-2007', 0)":"30\/03\/2011"},"('Tramites', 'RESULTADO')":{"('0120-OVD-2007', 0)":"APROBADO"},"Sumario":{"('0120-OVD-2007', 0)":"HABIENDO TOMADO CONOCIMIENTO, Y SIN PERJUICIO DE ULTERIORES MEDIDAS QUE PUEDAN ADOPTARSE, SE ACONSEJA SU REMISION AL ARCHIVO."},"Palabra Clave":{"('0120-OVD-2007', 0)":" "}}