{"Tipo de Proyecto":{"('0121-S-2007', 0)":"MENSAJE NRO: 0845\/07 Y PROYECTO DE LEY","('0121-S-2007', 1)":null,"('0121-S-2007', 2)":null},"Iniciado en: ":{"('0121-S-2007', 0)":"Senado","('0121-S-2007', 1)":null,"('0121-S-2007', 2)":null},"Expediente Diputados: ":{"('0121-S-2007', 0)":"0121-S-2007","('0121-S-2007', 1)":null,"('0121-S-2007', 2)":null},"Expediente Senado: ":{"('0121-S-2007', 0)":"0162-PE-2007","('0121-S-2007', 1)":null,"('0121-S-2007', 2)":null},"Publicado en: ":{"('0121-S-2007', 0)":"Diario de Asuntos Entrados N\u00b0 96","('0121-S-2007', 1)":null,"('0121-S-2007', 2)":null},"Fecha: ":{"('0121-S-2007', 0)":"05\/07\/2007","('0121-S-2007', 1)":null,"('0121-S-2007', 2)":null},"T\u00edtulo":{"('0121-S-2007', 0)":"APROBACION DEL ACUERDO CON EL ESTADO DE ISRAEL SOBRE COOPERACION AGRICOLA, SUSCRIPTO EN BUENOS AIRES EL 22 DE NOVIEMBRE DE 2006.","('0121-S-2007', 1)":null,"('0121-S-2007', 2)":null},"('Firmantes', 'FIRMANTE')":{"('0121-S-2007', 0)":"KIRCHNER, NESTOR CARLOS","('0121-S-2007', 1)":"FERNANDEZ, ALBERTO","('0121-S-2007', 2)":"TAIANA, JORGE ENRIQUE"},"('Firmantes', 'DISTRITO')":{"('0121-S-2007', 0)":null,"('0121-S-2007', 1)":null,"('0121-S-2007', 2)":null},"('Firmantes', 'BLOQUE')":{"('0121-S-2007', 0)":"PODER EJECUTIVO","('0121-S-2007', 1)":"PODER EJECUTIVO","('0121-S-2007', 2)":"PODER EJECUTIVO"},"('Giros', 'COMISI\u00d3N')":{"('0121-S-2007', 0)":"RELACIONES EXTERIORES Y CULTO","('0121-S-2007', 1)":"AGRICULTURA Y GANADERIA","('0121-S-2007', 2)":null},"('Tramites', 'C\u00c1MARA')":{"('0121-S-2007', 0)":"Senado","('0121-S-2007', 1)":"Diputados","('0121-S-2007', 2)":"Diputados"},"('Tramites', 'MOVIMIENTO')":{"('0121-S-2007', 0)":"CONSIDERACION Y APROBACION","('0121-S-2007', 1)":"PASA A DIPUTADOS -","('0121-S-2007', 2)":"CONSIDERACION Y SANCION"},"('Tramites', 'FECHA')":{"('0121-S-2007', 0)":"07\/11\/2007","('0121-S-2007', 1)":null,"('0121-S-2007', 2)":"11\/06\/2008"},"('Tramites', 'RESULTADO')":{"('0121-S-2007', 0)":"MEDIA SANCION","('0121-S-2007', 1)":null,"('0121-S-2007', 2)":"SANCIONADO"},"Link":{"('0121-S-2007', 0)":"https:\/\/www4.hcdn.gob.ar\/dependencias\/dsecretaria\/Periodo2007\/PDF2007\/TP2007\/0121-S-07.pdf","('0121-S-2007', 1)":null,"('0121-S-2007', 2)":null},"Palabra Clave":{"('0121-S-2007', 0)":" ","('0121-S-2007', 1)":null,"('0121-S-2007', 2)":null}}