{"Tipo de Proyecto":{"('0122-S-2007', 0)":"MENSAJE NRO: 0846\/07 Y PROYECTO DE LEY","('0122-S-2007', 1)":null,"('0122-S-2007', 2)":null},"Iniciado en: ":{"('0122-S-2007', 0)":"Senado","('0122-S-2007', 1)":null,"('0122-S-2007', 2)":null},"Expediente Diputados: ":{"('0122-S-2007', 0)":"0122-S-2007","('0122-S-2007', 1)":null,"('0122-S-2007', 2)":null},"Expediente Senado: ":{"('0122-S-2007', 0)":"0163-PE-2007","('0122-S-2007', 1)":null,"('0122-S-2007', 2)":null},"Publicado en: ":{"('0122-S-2007', 0)":"Diario de Asuntos Entrados N\u00b0 96","('0122-S-2007', 1)":null,"('0122-S-2007', 2)":null},"Fecha: ":{"('0122-S-2007', 0)":"05\/07\/2007","('0122-S-2007', 1)":null,"('0122-S-2007', 2)":null},"T\u00edtulo":{"('0122-S-2007', 0)":"APROBACION DEL ACUERDO ENTRE LA REPUBLICA ARGENTINA Y LA ORGANIZACION PARA LA PROHIBICION DE LAS ARMAS QUIMICAS - OPAQ - SOBRE LOS PRIVILEGIOS E INMUNIDADES DE LA OPAQ, SUSCRIPTO EN LA HAYA, REINO DE LOS PAISES BAJOS, EL 12\/12\/2002.","('0122-S-2007', 1)":null,"('0122-S-2007', 2)":null},"('Firmantes', 'FIRMANTE')":{"('0122-S-2007', 0)":"KIRCHNER, NESTOR CARLOS","('0122-S-2007', 1)":"FERNANDEZ, ALBERTO","('0122-S-2007', 2)":"TAIANA, JORGE ENRIQUE"},"('Firmantes', 'DISTRITO')":{"('0122-S-2007', 0)":null,"('0122-S-2007', 1)":null,"('0122-S-2007', 2)":null},"('Firmantes', 'BLOQUE')":{"('0122-S-2007', 0)":"PODER EJECUTIVO","('0122-S-2007', 1)":"PODER EJECUTIVO","('0122-S-2007', 2)":"PODER EJECUTIVO"},"('Giros', 'COMISI\u00d3N')":{"('0122-S-2007', 0)":"RELACIONES EXTERIORES Y CULTO","('0122-S-2007', 1)":"DEFENSA NACIONAL","('0122-S-2007', 2)":null},"('Tramites', 'C\u00c1MARA')":{"('0122-S-2007', 0)":"Senado","('0122-S-2007', 1)":"Diputados","('0122-S-2007', 2)":"Diputados"},"('Tramites', 'MOVIMIENTO')":{"('0122-S-2007', 0)":"CONSIDERACION Y APROBACION","('0122-S-2007', 1)":"PASA A DIPUTADOS -","('0122-S-2007', 2)":"CONSIDERACION Y SANCION"},"('Tramites', 'FECHA')":{"('0122-S-2007', 0)":"07\/11\/2007","('0122-S-2007', 1)":null,"('0122-S-2007', 2)":"11\/03\/2009"},"('Tramites', 'RESULTADO')":{"('0122-S-2007', 0)":"MEDIA SANCION","('0122-S-2007', 1)":null,"('0122-S-2007', 2)":"SANCIONADO"},"Link":{"('0122-S-2007', 0)":"https:\/\/www4.hcdn.gob.ar\/dependencias\/dsecretaria\/Periodo2007\/PDF2007\/TP2007\/0122-S-07.pdf","('0122-S-2007', 1)":null,"('0122-S-2007', 2)":null},"Palabra Clave":{"('0122-S-2007', 0)":" ","('0122-S-2007', 1)":null,"('0122-S-2007', 2)":null}}