{"Tipo de Proyecto":{"('0123-S-2007', 0)":"MENSAJE NRO: 0847\/07 Y PROYECTO DE LEY","('0123-S-2007', 1)":null,"('0123-S-2007', 2)":null,"('0123-S-2007', 3)":null},"Iniciado en: ":{"('0123-S-2007', 0)":"Senado","('0123-S-2007', 1)":null,"('0123-S-2007', 2)":null,"('0123-S-2007', 3)":null},"Expediente Diputados: ":{"('0123-S-2007', 0)":"0123-S-2007","('0123-S-2007', 1)":null,"('0123-S-2007', 2)":null,"('0123-S-2007', 3)":null},"Expediente Senado: ":{"('0123-S-2007', 0)":"0164-PE-2007","('0123-S-2007', 1)":null,"('0123-S-2007', 2)":null,"('0123-S-2007', 3)":null},"Publicado en: ":{"('0123-S-2007', 0)":"Diario de Asuntos Entrados N\u00b0 96","('0123-S-2007', 1)":null,"('0123-S-2007', 2)":null,"('0123-S-2007', 3)":null},"Fecha: ":{"('0123-S-2007', 0)":"05\/07\/2007","('0123-S-2007', 1)":null,"('0123-S-2007', 2)":null,"('0123-S-2007', 3)":null},"T\u00edtulo":{"('0123-S-2007', 0)":"APROBACION DEL ACUERDO CONTRA EL TRAFICO ILICITO DE MIGRANTES ENTRE LOS ESTADOS PARTES DEL MERCOSUR, SUSCRIPTO EN BELO HORIZONTE, REPUBLICA FEDERATIVA DEL BRASIL, EL 16\/12\/2004.","('0123-S-2007', 1)":null,"('0123-S-2007', 2)":null,"('0123-S-2007', 3)":null},"('Firmantes', 'FIRMANTE')":{"('0123-S-2007', 0)":"KIRCHNER, NESTOR CARLOS","('0123-S-2007', 1)":"FERNANDEZ, ALBERTO","('0123-S-2007', 2)":"TAIANA, JORGE ENRIQUE","('0123-S-2007', 3)":null},"('Firmantes', 'DISTRITO')":{"('0123-S-2007', 0)":null,"('0123-S-2007', 1)":null,"('0123-S-2007', 2)":null,"('0123-S-2007', 3)":null},"('Firmantes', 'BLOQUE')":{"('0123-S-2007', 0)":"PODER EJECUTIVO","('0123-S-2007', 1)":"PODER EJECUTIVO","('0123-S-2007', 2)":"PODER EJECUTIVO","('0123-S-2007', 3)":null},"('Giros', 'COMISI\u00d3N')":{"('0123-S-2007', 0)":"RELACIONES EXTERIORES Y CULTO","('0123-S-2007', 1)":"MERCOSUR","('0123-S-2007', 2)":"POBLACION Y DESARROLLO HUMANO","('0123-S-2007', 3)":null},"('Tramites', 'C\u00c1MARA')":{"('0123-S-2007', 0)":"Senado","('0123-S-2007', 1)":"Diputados","('0123-S-2007', 2)":"Diputados","('0123-S-2007', 3)":"Diputados"},"('Tramites', 'MOVIMIENTO')":{"('0123-S-2007', 0)":"CONSIDERACION Y APROBACION","('0123-S-2007', 1)":"PASA A DIPUTADOS -","('0123-S-2007', 2)":"MOCION SOBRE TABLAS (PLAN DE LABOR) (AFIRMATIVA)","('0123-S-2007', 3)":"CONSIDERACION Y SANCION"},"('Tramites', 'FECHA')":{"('0123-S-2007', 0)":"07\/11\/2007","('0123-S-2007', 1)":null,"('0123-S-2007', 2)":"21\/05\/2008","('0123-S-2007', 3)":"21\/05\/2008"},"('Tramites', 'RESULTADO')":{"('0123-S-2007', 0)":"MEDIA SANCION","('0123-S-2007', 1)":null,"('0123-S-2007', 2)":null,"('0123-S-2007', 3)":"SANCIONADO"},"Link":{"('0123-S-2007', 0)":"https:\/\/www4.hcdn.gob.ar\/dependencias\/dsecretaria\/Periodo2007\/PDF2007\/TP2007\/0123-S-07.pdf","('0123-S-2007', 1)":null,"('0123-S-2007', 2)":null,"('0123-S-2007', 3)":null},"Palabra Clave":{"('0123-S-2007', 0)":" ","('0123-S-2007', 1)":null,"('0123-S-2007', 2)":null,"('0123-S-2007', 3)":null}}