{"Tipo de Proyecto":{"('0124-S-2007', 0)":"MENSAJE NRO: 0902\/07 Y PROYECTO DE LEY","('0124-S-2007', 1)":null,"('0124-S-2007', 2)":null},"Iniciado en: ":{"('0124-S-2007', 0)":"Senado","('0124-S-2007', 1)":null,"('0124-S-2007', 2)":null},"Expediente Diputados: ":{"('0124-S-2007', 0)":"0124-S-2007","('0124-S-2007', 1)":null,"('0124-S-2007', 2)":null},"Expediente Senado: ":{"('0124-S-2007', 0)":"0206-PE-2007","('0124-S-2007', 1)":null,"('0124-S-2007', 2)":null},"Publicado en: ":{"('0124-S-2007', 0)":"Diario de Asuntos Entrados N\u00b0 100","('0124-S-2007', 1)":null,"('0124-S-2007', 2)":null},"Fecha: ":{"('0124-S-2007', 0)":"13\/07\/2007","('0124-S-2007', 1)":null,"('0124-S-2007', 2)":null},"T\u00edtulo":{"('0124-S-2007', 0)":"APROBACION DEL ACUERDO DE COOPERACION ECONOMICA Y COMERCIAL CON LA REPUBLICA DE GUYANA, SUSCRIPTO EN GEORGETOWN, EL 24 DE FEBRERO DE 2006.","('0124-S-2007', 1)":null,"('0124-S-2007', 2)":null},"('Firmantes', 'FIRMANTE')":{"('0124-S-2007', 0)":"KIRCHNER, NESTOR CARLOS","('0124-S-2007', 1)":"FERNANDEZ, ALBERTO","('0124-S-2007', 2)":"TAIANA, JORGE ENRIQUE"},"('Firmantes', 'DISTRITO')":{"('0124-S-2007', 0)":null,"('0124-S-2007', 1)":null,"('0124-S-2007', 2)":null},"('Firmantes', 'BLOQUE')":{"('0124-S-2007', 0)":"PODER EJECUTIVO","('0124-S-2007', 1)":"PODER EJECUTIVO","('0124-S-2007', 2)":"PODER EJECUTIVO"},"('Giros', 'COMISI\u00d3N')":{"('0124-S-2007', 0)":"RELACIONES EXTERIORES Y CULTO","('0124-S-2007', 1)":"ECONOMIA","('0124-S-2007', 2)":null},"('Tramites', 'C\u00c1MARA')":{"('0124-S-2007', 0)":"Senado","('0124-S-2007', 1)":"Diputados","('0124-S-2007', 2)":"Diputados"},"('Tramites', 'MOVIMIENTO')":{"('0124-S-2007', 0)":"CONSIDERACION Y APROBACION","('0124-S-2007', 1)":"PASA A DIPUTADOS -","('0124-S-2007', 2)":"CONSIDERACION Y SANCION"},"('Tramites', 'FECHA')":{"('0124-S-2007', 0)":"07\/11\/2007","('0124-S-2007', 1)":null,"('0124-S-2007', 2)":"03\/12\/2008"},"('Tramites', 'RESULTADO')":{"('0124-S-2007', 0)":"MEDIA SANCION","('0124-S-2007', 1)":null,"('0124-S-2007', 2)":"SANCIONADO"},"Link":{"('0124-S-2007', 0)":"https:\/\/www4.hcdn.gob.ar\/dependencias\/dsecretaria\/Periodo2007\/PDF2007\/TP2007\/0124-S-07.pdf","('0124-S-2007', 1)":null,"('0124-S-2007', 2)":null},"Palabra Clave":{"('0124-S-2007', 0)":" ","('0124-S-2007', 1)":null,"('0124-S-2007', 2)":null}}