{"Tipo de Proyecto":{"('0125-D-2007', 0)":"PROYECTO DE RESOLUCI\u00d3N","('0125-D-2007', 1)":null},"Iniciado en: ":{"('0125-D-2007', 0)":"Diputados","('0125-D-2007', 1)":null},"Expediente Diputados: ":{"('0125-D-2007', 0)":"0125-D-2007","('0125-D-2007', 1)":null},"Publicado en: ":{"('0125-D-2007', 0)":"Tr\u00e1mite Parlamentario N\u00b0 2","('0125-D-2007', 1)":null},"Fecha: ":{"('0125-D-2007', 0)":"02\/03\/2007","('0125-D-2007', 1)":null},"T\u00edtulo":{"('0125-D-2007', 0)":"ADHERIR A LA CONMEMORACION DEL \"DIA MUNDIAL DE LA POBLACION\", QUE SE CELEBRA LOS DIAS 11 DE JULIO DE CADA A\u00d1O, PROPUESTO POR  EL \"PROGRAMA DE LAS NACIONES UNIDAS PARA EL DESARROLLO (PNUD).","('0125-D-2007', 1)":null},"('Firmantes', 'FIRMANTE')":{"('0125-D-2007', 0)":"SYLVESTRE BEGNIS, JUAN HECTOR","('0125-D-2007', 1)":"ROSSO, GRACIELA ZULEMA"},"('Firmantes', 'DISTRITO')":{"('0125-D-2007', 0)":"SANTA FE","('0125-D-2007', 1)":"BUENOS AIRES"},"('Firmantes', 'BLOQUE')":{"('0125-D-2007', 0)":"FRENTE PARA LA VICTORIA - PJ","('0125-D-2007', 1)":"FRENTE PARA LA VICTORIA - PJ"},"('Giros', 'COMISI\u00d3N')":{"('0125-D-2007', 0)":"POBLACION Y DESARROLLO HUMANO","('0125-D-2007', 1)":null},"('Tramites', 'C\u00c1MARA')":{"('0125-D-2007', 0)":"Diputados","('0125-D-2007', 1)":null},"('Tramites', 'MOVIMIENTO')":{"('0125-D-2007', 0)":"CONSIDERACION Y APROBACION","('0125-D-2007', 1)":null},"('Tramites', 'FECHA')":{"('0125-D-2007', 0)":"09\/05\/2007","('0125-D-2007', 1)":null},"('Tramites', 'RESULTADO')":{"('0125-D-2007', 0)":"APROBADO","('0125-D-2007', 1)":null},"Link":{"('0125-D-2007', 0)":"https:\/\/www.hcdn.gob.ar\/proyectos\/textoCompleto.jsp?exp=0125-D-2007&tipo=RESOLUCION","('0125-D-2007', 1)":null},"Palabra Clave":{"('0125-D-2007', 0)":" ","('0125-D-2007', 1)":null}}