{"Tipo de Proyecto":{"('0126-S-2007', 0)":"MENSAJE NRO: 1008\/07 Y PROYECTO DE LEY","('0126-S-2007', 1)":null,"('0126-S-2007', 2)":null},"Iniciado en: ":{"('0126-S-2007', 0)":"Senado","('0126-S-2007', 1)":null,"('0126-S-2007', 2)":null},"Expediente Diputados: ":{"('0126-S-2007', 0)":"0126-S-2007","('0126-S-2007', 1)":null,"('0126-S-2007', 2)":null},"Expediente Senado: ":{"('0126-S-2007', 0)":"0246-PE-2007","('0126-S-2007', 1)":null,"('0126-S-2007', 2)":null},"Publicado en: ":{"('0126-S-2007', 0)":"Diario de Asuntos Entrados N\u00b0 107","('0126-S-2007', 1)":null,"('0126-S-2007', 2)":null},"Fecha: ":{"('0126-S-2007', 0)":"31\/07\/2007","('0126-S-2007', 1)":null,"('0126-S-2007', 2)":null},"T\u00edtulo":{"('0126-S-2007', 0)":"APROBACION DEL ACUERDO MARCO SOBRE COOPERACION EN MATERIA DE SEGURIDAD REGIONAL ENTRE LOS ESTADOS PARTES DEL MERCOSUR Y LAS REPUBLICAS DE BOLIVIA, CHILE, ECUADOR, PERU Y BOLIVARIANA DE VENEZUELA, SUSCRIPTO EN CORDOBA, REPUBLICA ARGENTINA, EL 20 DE JULIO DE 2006 . ","('0126-S-2007', 1)":null,"('0126-S-2007', 2)":null},"('Firmantes', 'FIRMANTE')":{"('0126-S-2007', 0)":"KIRCHNER, NESTOR CARLOS","('0126-S-2007', 1)":"FERNANDEZ, ALBERTO","('0126-S-2007', 2)":"TAIANA, JORGE ENRIQUE"},"('Firmantes', 'DISTRITO')":{"('0126-S-2007', 0)":null,"('0126-S-2007', 1)":null,"('0126-S-2007', 2)":null},"('Firmantes', 'BLOQUE')":{"('0126-S-2007', 0)":"PODER EJECUTIVO","('0126-S-2007', 1)":"PODER EJECUTIVO","('0126-S-2007', 2)":"PODER EJECUTIVO"},"('Giros', 'COMISI\u00d3N')":{"('0126-S-2007', 0)":"RELACIONES EXTERIORES Y CULTO","('0126-S-2007', 1)":"MERCOSUR","('0126-S-2007', 2)":"LEGISLACION PENAL"},"('Tramites', 'C\u00c1MARA')":{"('0126-S-2007', 0)":"Senado","('0126-S-2007', 1)":"Diputados","('0126-S-2007', 2)":"Diputados"},"('Tramites', 'MOVIMIENTO')":{"('0126-S-2007', 0)":"CONSIDERACION Y APROBACION","('0126-S-2007', 1)":"PASA A DIPUTADOS -","('0126-S-2007', 2)":"CONSIDERACION Y SANCION"},"('Tramites', 'FECHA')":{"('0126-S-2007', 0)":"07\/11\/2007","('0126-S-2007', 1)":null,"('0126-S-2007', 2)":"23\/06\/2010"},"('Tramites', 'RESULTADO')":{"('0126-S-2007', 0)":"MEDIA SANCION","('0126-S-2007', 1)":null,"('0126-S-2007', 2)":"SANCIONADO"},"Link":{"('0126-S-2007', 0)":"https:\/\/www4.hcdn.gob.ar\/dependencias\/dsecretaria\/Periodo2007\/PDF2007\/TP2007\/0126-S-07.pdf","('0126-S-2007', 1)":null,"('0126-S-2007', 2)":null},"Palabra Clave":{"('0126-S-2007', 0)":" ","('0126-S-2007', 1)":null,"('0126-S-2007', 2)":null}}