{"Tipo de Proyecto":{"('0127-PE-2007', 0)":"MENSAJE NRO: 0658\/07","('0127-PE-2007', 1)":null},"Iniciado en: ":{"('0127-PE-2007', 0)":"Senado","('0127-PE-2007', 1)":null},"Expediente Senado: ":{"('0127-PE-2007', 0)":"0127-PE-2007","('0127-PE-2007', 1)":null},"Publicado en: ":{"('0127-PE-2007', 0)":"DAE S.A. N\u00b0 5","('0127-PE-2007', 1)":null},"Fecha: ":{"('0127-PE-2007', 0)":"07\/06\/2007","('0127-PE-2007', 1)":null},"T\u00edtulo":{"('0127-PE-2007', 0)":"SOLICITAR ACUERDO PARA DESIGNAR JUEZ DEL JUZGADO FEDERAL DE PRIMERA INSTANCIA DE LA RIOJA, AL DOCTOR DANIEL RUBEN HERRERA PIEDRABUENA. ","('0127-PE-2007', 1)":null},"('Firmantes', 'FIRMANTE')":{"('0127-PE-2007', 0)":"KIRCHNER, NESTOR CARLOS","('0127-PE-2007', 1)":"IRIBARNE, ALBERTO JUAN BAUTISTA"},"('Firmantes', 'DISTRITO')":{"('0127-PE-2007', 0)":null,"('0127-PE-2007', 1)":null},"('Firmantes', 'BLOQUE')":{"('0127-PE-2007', 0)":"PODER EJECUTIVO","('0127-PE-2007', 1)":"PODER EJECUTIVO"},"('Tramites', 'C\u00c1MARA')":{"('0127-PE-2007', 0)":"Senado","('0127-PE-2007', 1)":null},"('Tramites', 'MOVIMIENTO')":{"('0127-PE-2007', 0)":"CONSIDERACION Y APROBACION","('0127-PE-2007', 1)":null},"('Tramites', 'FECHA')":{"('0127-PE-2007', 0)":"22\/08\/2007","('0127-PE-2007', 1)":null},"('Tramites', 'RESULTADO')":{"('0127-PE-2007', 0)":"APROBADO","('0127-PE-2007', 1)":null},"Palabra Clave":{"('0127-PE-2007', 0)":" ","('0127-PE-2007', 1)":null}}