{"Tipo de Proyecto":{"('0127-S-2007', 0)":"MENSAJE NRO: 1037\/07 Y PROYECTO DE LEY","('0127-S-2007', 1)":null,"('0127-S-2007', 2)":null},"Iniciado en: ":{"('0127-S-2007', 0)":"Senado","('0127-S-2007', 1)":null,"('0127-S-2007', 2)":null},"Expediente Diputados: ":{"('0127-S-2007', 0)":"0127-S-2007","('0127-S-2007', 1)":null,"('0127-S-2007', 2)":null},"Expediente Senado: ":{"('0127-S-2007', 0)":"0250-PE-2007","('0127-S-2007', 1)":null,"('0127-S-2007', 2)":null},"Publicado en: ":{"('0127-S-2007', 0)":"Diario de Asuntos Entrados N\u00b0 110","('0127-S-2007', 1)":null,"('0127-S-2007', 2)":null},"Fecha: ":{"('0127-S-2007', 0)":"06\/08\/2007","('0127-S-2007', 1)":null,"('0127-S-2007', 2)":null},"T\u00edtulo":{"('0127-S-2007', 0)":"APROBACION DEL PROTOCOLO MODIFICATORIO DEL PROTOCOLO DE OLIVOS PARA LA SOLUCION DE CONTROVERSIAS EN EL MERCOSUR, SUSCRIPTO EN RIO DE JANEIRO, REPUBLICA FEDERATIVA DEL BRASIL, EL 19 DE ENERO DE 2007 . ","('0127-S-2007', 1)":null,"('0127-S-2007', 2)":null},"('Firmantes', 'FIRMANTE')":{"('0127-S-2007', 0)":"KIRCHNER, NESTOR CARLOS","('0127-S-2007', 1)":"FERNANDEZ, ALBERTO","('0127-S-2007', 2)":"TAIANA, JORGE ENRIQUE"},"('Firmantes', 'DISTRITO')":{"('0127-S-2007', 0)":null,"('0127-S-2007', 1)":null,"('0127-S-2007', 2)":null},"('Firmantes', 'BLOQUE')":{"('0127-S-2007', 0)":"PODER EJECUTIVO","('0127-S-2007', 1)":"PODER EJECUTIVO","('0127-S-2007', 2)":"PODER EJECUTIVO"},"('Giros', 'COMISI\u00d3N')":{"('0127-S-2007', 0)":"RELACIONES EXTERIORES Y CULTO","('0127-S-2007', 1)":"MERCOSUR","('0127-S-2007', 2)":null},"('Tramites', 'C\u00c1MARA')":{"('0127-S-2007', 0)":"Senado","('0127-S-2007', 1)":"Diputados","('0127-S-2007', 2)":"Diputados"},"('Tramites', 'MOVIMIENTO')":{"('0127-S-2007', 0)":"CONSIDERACION Y APROBACION","('0127-S-2007', 1)":"PASA A DIPUTADOS -","('0127-S-2007', 2)":"CONSIDERACION Y SANCION"},"('Tramites', 'FECHA')":{"('0127-S-2007', 0)":"07\/11\/2007","('0127-S-2007', 1)":null,"('0127-S-2007', 2)":"20\/08\/2008"},"('Tramites', 'RESULTADO')":{"('0127-S-2007', 0)":"MEDIA SANCION","('0127-S-2007', 1)":null,"('0127-S-2007', 2)":"SANCIONADO"},"Link":{"('0127-S-2007', 0)":"https:\/\/www4.hcdn.gob.ar\/dependencias\/dsecretaria\/Periodo2007\/PDF2007\/TP2007\/0127-S-07.pdf","('0127-S-2007', 1)":null,"('0127-S-2007', 2)":null},"Palabra Clave":{"('0127-S-2007', 0)":" ","('0127-S-2007', 1)":null,"('0127-S-2007', 2)":null}}