{"Tipo de Proyecto":{"('0128-PE-2007', 0)":"MENSAJE NRO: 0659\/07","('0128-PE-2007', 1)":null},"Iniciado en: ":{"('0128-PE-2007', 0)":"Senado","('0128-PE-2007', 1)":null},"Expediente Senado: ":{"('0128-PE-2007', 0)":"0128-PE-2007","('0128-PE-2007', 1)":null},"Publicado en: ":{"('0128-PE-2007', 0)":"DAE S.A. N\u00b0 5","('0128-PE-2007', 1)":null},"Fecha: ":{"('0128-PE-2007', 0)":"07\/06\/2007","('0128-PE-2007', 1)":null},"T\u00edtulo":{"('0128-PE-2007', 0)":"SOLICITAR ACUERDO PARA DESIGNAR JUEZ DE CAMARA EN EL TRIBUNAL ORAL EN LO CRIMINAL FEDERAL DE JUJUY A LA DOCTORA MARTA LILIANA SNOPEK. ","('0128-PE-2007', 1)":null},"('Firmantes', 'FIRMANTE')":{"('0128-PE-2007', 0)":"KIRCHNER, NESTOR CARLOS","('0128-PE-2007', 1)":"IRIBARNE, ALBERTO JUAN BAUTISTA"},"('Firmantes', 'DISTRITO')":{"('0128-PE-2007', 0)":null,"('0128-PE-2007', 1)":null},"('Firmantes', 'BLOQUE')":{"('0128-PE-2007', 0)":"PODER EJECUTIVO","('0128-PE-2007', 1)":"PODER EJECUTIVO"},"('Tramites', 'C\u00c1MARA')":{"('0128-PE-2007', 0)":"Senado","('0128-PE-2007', 1)":null},"('Tramites', 'MOVIMIENTO')":{"('0128-PE-2007', 0)":"CONSIDERACION Y APROBACION","('0128-PE-2007', 1)":null},"('Tramites', 'FECHA')":{"('0128-PE-2007', 0)":"08\/08\/2007","('0128-PE-2007', 1)":null},"('Tramites', 'RESULTADO')":{"('0128-PE-2007', 0)":"APROBADO","('0128-PE-2007', 1)":null},"Palabra Clave":{"('0128-PE-2007', 0)":" ","('0128-PE-2007', 1)":null}}