{"Tipo de Proyecto":{"('0128-D-2007', 0)":"PROYECTO DE LEY","('0128-D-2007', 1)":null,"('0128-D-2007', 2)":null,"('0128-D-2007', 3)":null,"('0128-D-2007', 4)":null},"Iniciado en: ":{"('0128-D-2007', 0)":"Diputados","('0128-D-2007', 1)":null,"('0128-D-2007', 2)":null,"('0128-D-2007', 3)":null,"('0128-D-2007', 4)":null},"Expediente Diputados: ":{"('0128-D-2007', 0)":"0128-D-2007","('0128-D-2007', 1)":null,"('0128-D-2007', 2)":null,"('0128-D-2007', 3)":null,"('0128-D-2007', 4)":null},"Expediente Senado: ":{"('0128-D-2007', 0)":"0056-CD-2007","('0128-D-2007', 1)":null,"('0128-D-2007', 2)":null,"('0128-D-2007', 3)":null,"('0128-D-2007', 4)":null},"Publicado en: ":{"('0128-D-2007', 0)":"Tr\u00e1mite Parlamentario N\u00b0 2","('0128-D-2007', 1)":null,"('0128-D-2007', 2)":null,"('0128-D-2007', 3)":null,"('0128-D-2007', 4)":null},"Fecha: ":{"('0128-D-2007', 0)":"02\/03\/2007","('0128-D-2007', 1)":null,"('0128-D-2007', 2)":null,"('0128-D-2007', 3)":null,"('0128-D-2007', 4)":null},"T\u00edtulo":{"('0128-D-2007', 0)":"TRASPLANTES DE ORGANOS - LEY 24193 -. MODIFICACION DEL ARTICULO 20, SOBRE CANALES HABILITADOS PARA RECEPTAR LAS EXPRESIONES DE VOLUNTAD.","('0128-D-2007', 1)":null,"('0128-D-2007', 2)":null,"('0128-D-2007', 3)":null,"('0128-D-2007', 4)":null},"('Firmantes', 'FIRMANTE')":{"('0128-D-2007', 0)":"SYLVESTRE BEGNIS, JUAN HECTOR","('0128-D-2007', 1)":null,"('0128-D-2007', 2)":null,"('0128-D-2007', 3)":null,"('0128-D-2007', 4)":null},"('Firmantes', 'DISTRITO')":{"('0128-D-2007', 0)":"SANTA FE","('0128-D-2007', 1)":null,"('0128-D-2007', 2)":null,"('0128-D-2007', 3)":null,"('0128-D-2007', 4)":null},"('Firmantes', 'BLOQUE')":{"('0128-D-2007', 0)":"FRENTE PARA LA VICTORIA - PJ","('0128-D-2007', 1)":null,"('0128-D-2007', 2)":null,"('0128-D-2007', 3)":null,"('0128-D-2007', 4)":null},"('Giros', 'COMISI\u00d3N')":{"('0128-D-2007', 0)":"LEGISLACION GENERAL","('0128-D-2007', 1)":"ACCION SOCIAL Y SALUD PUBLICA","('0128-D-2007', 2)":null,"('0128-D-2007', 3)":null,"('0128-D-2007', 4)":null},"('Tramites', 'C\u00c1MARA')":{"('0128-D-2007', 0)":"Diputados","('0128-D-2007', 1)":"Diputados","('0128-D-2007', 2)":"Senado","('0128-D-2007', 3)":"Senado","('0128-D-2007', 4)":"Senado"},"('Tramites', 'MOVIMIENTO')":{"('0128-D-2007', 0)":"MOCION DE PREFERENCIA CON DICTAMEN (AFIRMATIVA)","('0128-D-2007', 1)":"CONSIDERACION Y APROBACION","('0128-D-2007', 2)":"PASA A SENADO -","('0128-D-2007', 3)":"MOCION SOBRE TABLAS (AFIRMATIVA)","('0128-D-2007', 4)":"CONSIDERACION Y SANCION"},"('Tramites', 'FECHA')":{"('0128-D-2007', 0)":"06\/06\/2007","('0128-D-2007', 1)":"27\/06\/2007","('0128-D-2007', 2)":null,"('0128-D-2007', 3)":"28\/11\/2007","('0128-D-2007', 4)":"28\/11\/2007"},"('Tramites', 'RESULTADO')":{"('0128-D-2007', 0)":null,"('0128-D-2007', 1)":"MEDIA SANCION","('0128-D-2007', 2)":null,"('0128-D-2007', 3)":null,"('0128-D-2007', 4)":"SANCIONADO"},"Link":{"('0128-D-2007', 0)":"https:\/\/www.hcdn.gob.ar\/proyectos\/textoCompleto.jsp?exp=0128-D-2007&tipo=LEY","('0128-D-2007', 1)":null,"('0128-D-2007', 2)":null,"('0128-D-2007', 3)":null,"('0128-D-2007', 4)":null},"Palabra Clave":{"('0128-D-2007', 0)":" ","('0128-D-2007', 1)":null,"('0128-D-2007', 2)":null,"('0128-D-2007', 3)":null,"('0128-D-2007', 4)":null}}