{"Tipo de Proyecto":{"('0129-D-2007', 0)":"PROYECTO DE LEY","('0129-D-2007', 1)":null},"Iniciado en: ":{"('0129-D-2007', 0)":"Diputados","('0129-D-2007', 1)":null},"Expediente Diputados: ":{"('0129-D-2007', 0)":"0129-D-2007","('0129-D-2007', 1)":null},"Publicado en: ":{"('0129-D-2007', 0)":"Tr\u00e1mite Parlamentario N\u00b0 2","('0129-D-2007', 1)":null},"Fecha: ":{"('0129-D-2007', 0)":"02\/03\/2007","('0129-D-2007', 1)":null},"T\u00edtulo":{"('0129-D-2007', 0)":"OBSERVATORIO NACIONAL DE LA ALIMENTACION - ONA -;  CREACION EN EL AMBITO DE LA SECRETARIA DE AGRICULTURA, GANADERIA, PESCA Y ALIMENTACION, DEL MINISTERIO DE ECONOMIA Y PRODUCCION DE LA NACION.","('0129-D-2007', 1)":null},"('Firmantes', 'FIRMANTE')":{"('0129-D-2007', 0)":"URTUBEY, JUAN MANUEL","('0129-D-2007', 1)":null},"('Firmantes', 'DISTRITO')":{"('0129-D-2007', 0)":"SALTA","('0129-D-2007', 1)":null},"('Firmantes', 'BLOQUE')":{"('0129-D-2007', 0)":"FRENTE PARA LA VICTORIA - PJ","('0129-D-2007', 1)":null},"('Giros', 'COMISI\u00d3N')":{"('0129-D-2007', 0)":"AGRICULTURA Y GANADERIA","('0129-D-2007', 1)":"PRESUPUESTO Y HACIENDA"},"Link":{"('0129-D-2007', 0)":"https:\/\/www.hcdn.gob.ar\/proyectos\/textoCompleto.jsp?exp=0129-D-2007&tipo=LEY","('0129-D-2007', 1)":null},"Palabra Clave":{"('0129-D-2007', 0)":" ","('0129-D-2007', 1)":null}}