{"Tipo de Proyecto":{"('0129-PE-2007', 0)":"MENSAJE NRO: 0660\/07","('0129-PE-2007', 1)":null},"Iniciado en: ":{"('0129-PE-2007', 0)":"Senado","('0129-PE-2007', 1)":null},"Expediente Senado: ":{"('0129-PE-2007', 0)":"0129-PE-2007","('0129-PE-2007', 1)":null},"Publicado en: ":{"('0129-PE-2007', 0)":"DAE S.A. N\u00b0 5","('0129-PE-2007', 1)":null},"Fecha: ":{"('0129-PE-2007', 0)":"07\/06\/2007","('0129-PE-2007', 1)":null},"T\u00edtulo":{"('0129-PE-2007', 0)":"SOLICITAR ACUERDO PARA DESIGNAR JUEZ DE LA CAMARA FEDERAL DE APELACIONES DE CORRIENTES AL DOCTOR RAMON LUIS GONZALEZ. ","('0129-PE-2007', 1)":null},"('Firmantes', 'FIRMANTE')":{"('0129-PE-2007', 0)":"KIRCHNER, NESTOR CARLOS","('0129-PE-2007', 1)":"IRIBARNE, ALBERTO JUAN BAUTISTA"},"('Firmantes', 'DISTRITO')":{"('0129-PE-2007', 0)":null,"('0129-PE-2007', 1)":null},"('Firmantes', 'BLOQUE')":{"('0129-PE-2007', 0)":"PODER EJECUTIVO","('0129-PE-2007', 1)":"PODER EJECUTIVO"},"('Tramites', 'C\u00c1MARA')":{"('0129-PE-2007', 0)":"Senado","('0129-PE-2007', 1)":null},"('Tramites', 'MOVIMIENTO')":{"('0129-PE-2007', 0)":"CONSIDERACION Y APROBACION","('0129-PE-2007', 1)":null},"('Tramites', 'FECHA')":{"('0129-PE-2007', 0)":"08\/08\/2007","('0129-PE-2007', 1)":null},"('Tramites', 'RESULTADO')":{"('0129-PE-2007', 0)":"APROBADO","('0129-PE-2007', 1)":null},"Palabra Clave":{"('0129-PE-2007', 0)":" ","('0129-PE-2007', 1)":null}}