{"Tipo de Proyecto":{"('0131-D-2007', 0)":"PROYECTO DE DECLARACI\u00d3N"},"Iniciado en: ":{"('0131-D-2007', 0)":"Diputados"},"Expediente Diputados: ":{"('0131-D-2007', 0)":"0131-D-2007"},"Publicado en: ":{"('0131-D-2007', 0)":"Tr\u00e1mite Parlamentario N\u00b0 2"},"Fecha: ":{"('0131-D-2007', 0)":"02\/03\/2007"},"T\u00edtulo":{"('0131-D-2007', 0)":"EXPRESAR PREOCUPACION Y RECHAZO A LOS ACTOS DE VIOLENCIA OCURRIDOS EN EL AMBITO DEPORTIVO, ESPECIFICAMENTE EN EL FUTBOL."},"('Firmantes', 'FIRMANTE')":{"('0131-D-2007', 0)":"JEREZ, EUSEBIA ANTONIA"},"('Firmantes', 'DISTRITO')":{"('0131-D-2007', 0)":"TUCUMAN"},"('Firmantes', 'BLOQUE')":{"('0131-D-2007', 0)":"FZA REPUBLICANA"},"('Giros', 'COMISI\u00d3N')":{"('0131-D-2007', 0)":"DEPORTES"},"('Tramites', 'C\u00c1MARA')":{"('0131-D-2007', 0)":"Diputados"},"('Tramites', 'MOVIMIENTO')":{"('0131-D-2007', 0)":"CONSIDERACION Y APROBACION"},"('Tramites', 'FECHA')":{"('0131-D-2007', 0)":"09\/05\/2007"},"('Tramites', 'RESULTADO')":{"('0131-D-2007', 0)":"APROBADO"},"Link":{"('0131-D-2007', 0)":"https:\/\/www.hcdn.gob.ar\/proyectos\/textoCompleto.jsp?exp=0131-D-2007&tipo=DECLARACION"},"Palabra Clave":{"('0131-D-2007', 0)":" "}}