{"Tipo de Proyecto":{"('0131-PE-2007', 0)":"MENSAJE NRO: 0662\/07","('0131-PE-2007', 1)":null},"Iniciado en: ":{"('0131-PE-2007', 0)":"Senado","('0131-PE-2007', 1)":null},"Expediente Senado: ":{"('0131-PE-2007', 0)":"0131-PE-2007","('0131-PE-2007', 1)":null},"Publicado en: ":{"('0131-PE-2007', 0)":"DAE S.A. N\u00b0 5","('0131-PE-2007', 1)":null},"Fecha: ":{"('0131-PE-2007', 0)":"07\/06\/2007","('0131-PE-2007', 1)":null},"T\u00edtulo":{"('0131-PE-2007', 0)":"SOLICITAR ACUERDO PARA DESIGNAR JUEZ DE CAMARA EN LOS TRIBUNALES ORALES EN LO CRIMINAL FEDERAL N\u00ba 5, DE LA CAPITAL FEDERAL, AL DOCTOR DANIEL HORACIO OBLIGADO","('0131-PE-2007', 1)":null},"('Firmantes', 'FIRMANTE')":{"('0131-PE-2007', 0)":"KIRCHNER, NESTOR CARLOS","('0131-PE-2007', 1)":"IRIBARNE, ALBERTO JUAN BAUTISTA"},"('Firmantes', 'DISTRITO')":{"('0131-PE-2007', 0)":null,"('0131-PE-2007', 1)":null},"('Firmantes', 'BLOQUE')":{"('0131-PE-2007', 0)":"PODER EJECUTIVO","('0131-PE-2007', 1)":"PODER EJECUTIVO"},"('Tramites', 'C\u00c1MARA')":{"('0131-PE-2007', 0)":"Senado","('0131-PE-2007', 1)":null},"('Tramites', 'MOVIMIENTO')":{"('0131-PE-2007', 0)":"CONSIDERACION Y APROBACION","('0131-PE-2007', 1)":null},"('Tramites', 'FECHA')":{"('0131-PE-2007', 0)":"08\/08\/2007","('0131-PE-2007', 1)":null},"('Tramites', 'RESULTADO')":{"('0131-PE-2007', 0)":"APROBADO","('0131-PE-2007', 1)":null},"Palabra Clave":{"('0131-PE-2007', 0)":" ","('0131-PE-2007', 1)":null}}