{"Tipo de Proyecto":{"('0133-OV-2007', 0)":"PROYECTO DE RESOLUCI\u00d3N","('0133-OV-2007', 1)":null},"Iniciado en: ":{"('0133-OV-2007', 0)":"Senado","('0133-OV-2007', 1)":null},"Expediente Senado: ":{"('0133-OV-2007', 0)":"0133-OV-2007","('0133-OV-2007', 1)":null},"Fecha: ":{"('0133-OV-2007', 0)":"10\/11\/2010","('0133-OV-2007', 1)":null},"T\u00edtulo":{"('0133-OV-2007', 0)":"PEDIDO DE INFORMES A LA UNIVERSIDAD NACIONAL DE TRES DE FEBRERO SOBRE RESOLUCION REMITIDA POR LA AUDITORIA GENERAL DE LA NACION REFERENTE A UN INFORME RELATIVO A LA EJECUCION PRESUPUESTARIA - CONTRATACIONES RELEVANTES - EJERCICIO 2005, EN EL AMBITO DE LA MENCIONADA UNIVERSIDAD NACIONAL.","('0133-OV-2007', 1)":null},"('Firmantes', 'FIRMANTE')":{"('0133-OV-2007', 0)":"PARLAMENTARIA MIXTA REVISORA DE CUENTAS","('0133-OV-2007', 1)":null},"('Firmantes', 'DISTRITO')":{"('0133-OV-2007', 0)":null,"('0133-OV-2007', 1)":null},"('Firmantes', 'BLOQUE')":{"('0133-OV-2007', 0)":null,"('0133-OV-2007', 1)":null},"('Tramites', 'C\u00c1MARA')":{"('0133-OV-2007', 0)":"Senado","('0133-OV-2007', 1)":"Diputados"},"('Tramites', 'MOVIMIENTO')":{"('0133-OV-2007', 0)":"CONSIDERACION Y APROBACION","('0133-OV-2007', 1)":"PASA A DIPUTADOS -"},"('Tramites', 'FECHA')":{"('0133-OV-2007', 0)":"30\/03\/2011","('0133-OV-2007', 1)":"30\/11\/2011"},"('Tramites', 'RESULTADO')":{"('0133-OV-2007', 0)":"APROBADO","('0133-OV-2007', 1)":null},"Link":{"('0133-OV-2007', 0)":"http:\/\/www.senado.gov.ar\/parlamentario\/comisiones\/verExp\/133.07\/OV\/PR","('0133-OV-2007', 1)":null},"Palabra Clave":{"('0133-OV-2007', 0)":" ","('0133-OV-2007', 1)":null}}