{"Tipo de Proyecto":{"('0134-PE-2007', 0)":"MENSAJE NRO: 0665\/07","('0134-PE-2007', 1)":null},"Iniciado en: ":{"('0134-PE-2007', 0)":"Senado","('0134-PE-2007', 1)":null},"Expediente Senado: ":{"('0134-PE-2007', 0)":"0134-PE-2007","('0134-PE-2007', 1)":null},"Publicado en: ":{"('0134-PE-2007', 0)":"DAE S.A. N\u00b0 5","('0134-PE-2007', 1)":null},"Fecha: ":{"('0134-PE-2007', 0)":"07\/06\/2007","('0134-PE-2007', 1)":null},"T\u00edtulo":{"('0134-PE-2007', 0)":"SOLICITAR ACUERDO PARA DESIGNAR  JUEZ DEL JUZGADO NACIONAL DE PRIMERA INSTANCIA EN LO CIVIL N\u00ba 77 DE LA CAPITAL FEDERAL A LA DOCTORA GLADYS ADRIANA CARMINATI.","('0134-PE-2007', 1)":null},"('Firmantes', 'FIRMANTE')":{"('0134-PE-2007', 0)":"KIRCHNER, NESTOR CARLOS","('0134-PE-2007', 1)":"IRIBARNE, ALBERTO JUAN BAUTISTA"},"('Firmantes', 'DISTRITO')":{"('0134-PE-2007', 0)":null,"('0134-PE-2007', 1)":null},"('Firmantes', 'BLOQUE')":{"('0134-PE-2007', 0)":"PODER EJECUTIVO","('0134-PE-2007', 1)":"PODER EJECUTIVO"},"('Tramites', 'C\u00c1MARA')":{"('0134-PE-2007', 0)":"Senado","('0134-PE-2007', 1)":null},"('Tramites', 'MOVIMIENTO')":{"('0134-PE-2007', 0)":"CONSIDERACION Y APROBACION","('0134-PE-2007', 1)":null},"('Tramites', 'FECHA')":{"('0134-PE-2007', 0)":"08\/08\/2007","('0134-PE-2007', 1)":null},"('Tramites', 'RESULTADO')":{"('0134-PE-2007', 0)":"APROBADO","('0134-PE-2007', 1)":null},"Palabra Clave":{"('0134-PE-2007', 0)":" ","('0134-PE-2007', 1)":null}}