{"Tipo de Proyecto":{"('0135-PE-2007', 0)":"MENSAJE NRO: 0666\/07","('0135-PE-2007', 1)":null},"Iniciado en: ":{"('0135-PE-2007', 0)":"Senado","('0135-PE-2007', 1)":null},"Expediente Senado: ":{"('0135-PE-2007', 0)":"0135-PE-2007","('0135-PE-2007', 1)":null},"Publicado en: ":{"('0135-PE-2007', 0)":"DAE S.A. N\u00b0 5","('0135-PE-2007', 1)":null},"Fecha: ":{"('0135-PE-2007', 0)":"07\/06\/2007","('0135-PE-2007', 1)":null},"T\u00edtulo":{"('0135-PE-2007', 0)":"SOLICITAR ACUERDO PARA DESIGNAR JUEZ DE JUZGADO NACIONAL DE PRIMERA INSTANCIA EN LO CIVIL N\u00ba 4 DE LA CAPITAL FEDERAL A LA DOCTORA SILVIA VIVIANA GUAHNON.","('0135-PE-2007', 1)":null},"('Firmantes', 'FIRMANTE')":{"('0135-PE-2007', 0)":"KIRCHNER, NESTOR CARLOS","('0135-PE-2007', 1)":"IRIBARNE, ALBERTO JUAN BAUTISTA"},"('Firmantes', 'DISTRITO')":{"('0135-PE-2007', 0)":null,"('0135-PE-2007', 1)":null},"('Firmantes', 'BLOQUE')":{"('0135-PE-2007', 0)":"PODER EJECUTIVO","('0135-PE-2007', 1)":"PODER EJECUTIVO"},"('Tramites', 'C\u00c1MARA')":{"('0135-PE-2007', 0)":"Senado","('0135-PE-2007', 1)":null},"('Tramites', 'MOVIMIENTO')":{"('0135-PE-2007', 0)":"CONSIDERACION Y APROBACION","('0135-PE-2007', 1)":null},"('Tramites', 'FECHA')":{"('0135-PE-2007', 0)":"08\/08\/2007","('0135-PE-2007', 1)":null},"('Tramites', 'RESULTADO')":{"('0135-PE-2007', 0)":"APROBADO","('0135-PE-2007', 1)":null},"Palabra Clave":{"('0135-PE-2007', 0)":" ","('0135-PE-2007', 1)":null}}