{"Tipo de Proyecto":{"('0136-S-2007', 0)":"PROYECTO DE DECLARACI\u00d3N"},"Iniciado en: ":{"('0136-S-2007', 0)":"Senado"},"Expediente Senado: ":{"('0136-S-2007', 0)":"0136-S-2007"},"Publicado en: ":{"('0136-S-2007', 0)":"Diario de Asuntos Entrados N\u00b0 6"},"Fecha: ":{"('0136-S-2007', 0)":"05\/03\/2007"},"T\u00edtulo":{"('0136-S-2007', 0)":"DECLARAR DE INTERES PARA EL H SENADO EL I CONGRESO DE LAS AMERICAS SOBRE BIOCOMBUSTIBLES, A REALIZARSE EN LA CIUDAD DE BUENOS AIRES, ENTRE EL 10 Y EL 11 DE MAYO DE 2007."},"('Firmantes', 'FIRMANTE')":{"('0136-S-2007', 0)":"MARINO, JUAN CARLOS"},"('Firmantes', 'DISTRITO')":{"('0136-S-2007', 0)":"LA PAMPA"},"('Firmantes', 'BLOQUE')":{"('0136-S-2007', 0)":"UCR"},"Link":{"('0136-S-2007', 0)":"http:\/\/www.senado.gov.ar\/parlamentario\/comisiones\/verExp\/136.07\/S\/PD"},"Palabra Clave":{"('0136-S-2007', 0)":" "}}