{"Tipo de Proyecto":{"('0137-S-2007', 0)":"PROYECTO DE DECLARACI\u00d3N"},"Iniciado en: ":{"('0137-S-2007', 0)":"Senado"},"Expediente Senado: ":{"('0137-S-2007', 0)":"0137-S-2007"},"Publicado en: ":{"('0137-S-2007', 0)":"Diario de Asuntos Entrados N\u00b0 6"},"Fecha: ":{"('0137-S-2007', 0)":"05\/03\/2007"},"T\u00edtulo":{"('0137-S-2007', 0)":"DECLARAR DE INTERES PARA EL H SENADO EL IX ENCUENTRO REGIONAL DE TELECOMUNICACIONES, A LLEVARSE A CABO ENTRE EL 29 Y 30 DE MARZO DE 2007, EN LA CIUDAD DE MENDOZA."},"('Firmantes', 'FIRMANTE')":{"('0137-S-2007', 0)":"MARINO, JUAN CARLOS"},"('Firmantes', 'DISTRITO')":{"('0137-S-2007', 0)":"LA PAMPA"},"('Firmantes', 'BLOQUE')":{"('0137-S-2007', 0)":"UCR"},"('Tramites', 'C\u00c1MARA')":{"('0137-S-2007', 0)":"Senado"},"('Tramites', 'MOVIMIENTO')":{"('0137-S-2007', 0)":"APROBACION ARTICULO 106, PARRAFO 3 DEL REGLAMENTO DEL H SENADO"},"('Tramites', 'FECHA')":{"('0137-S-2007', 0)":"25\/04\/2007"},"('Tramites', 'RESULTADO')":{"('0137-S-2007', 0)":"APROBADO"},"Link":{"('0137-S-2007', 0)":"http:\/\/www.senado.gov.ar\/parlamentario\/comisiones\/verExp\/137.07\/S\/PD"},"Palabra Clave":{"('0137-S-2007', 0)":" "}}