{"Tipo de Proyecto":{"('0137-PE-2007', 0)":"MENSAJE NRO: 0668\/07","('0137-PE-2007', 1)":null},"Iniciado en: ":{"('0137-PE-2007', 0)":"Senado","('0137-PE-2007', 1)":null},"Expediente Senado: ":{"('0137-PE-2007', 0)":"0137-PE-2007","('0137-PE-2007', 1)":null},"Publicado en: ":{"('0137-PE-2007', 0)":"DAE S.A. N\u00b0 5","('0137-PE-2007', 1)":null},"Fecha: ":{"('0137-PE-2007', 0)":"07\/06\/2007","('0137-PE-2007', 1)":null},"T\u00edtulo":{"('0137-PE-2007', 0)":"SOLICITAR ACUERDO PARA DESIGNAR VOCAL DE LA CAMARA FEDERAL DE APELACIONES DE RESISTENCIA, CHACO, AL DOCTOR JOSE LUIS AGUILAR. ","('0137-PE-2007', 1)":null},"('Firmantes', 'FIRMANTE')":{"('0137-PE-2007', 0)":"KIRCHNER, NESTOR CARLOS","('0137-PE-2007', 1)":"IRIBARNE, ALBERTO JUAN BAUTISTA"},"('Firmantes', 'DISTRITO')":{"('0137-PE-2007', 0)":null,"('0137-PE-2007', 1)":null},"('Firmantes', 'BLOQUE')":{"('0137-PE-2007', 0)":"PODER EJECUTIVO","('0137-PE-2007', 1)":"PODER EJECUTIVO"},"('Tramites', 'C\u00c1MARA')":{"('0137-PE-2007', 0)":"Senado","('0137-PE-2007', 1)":null},"('Tramites', 'MOVIMIENTO')":{"('0137-PE-2007', 0)":"CONSIDERACION Y APROBACION","('0137-PE-2007', 1)":null},"('Tramites', 'FECHA')":{"('0137-PE-2007', 0)":"08\/08\/2007","('0137-PE-2007', 1)":null},"('Tramites', 'RESULTADO')":{"('0137-PE-2007', 0)":"APROBADO","('0137-PE-2007', 1)":null},"Palabra Clave":{"('0137-PE-2007', 0)":" ","('0137-PE-2007', 1)":null}}