{"Tipo de Proyecto":{"('0138-S-2007', 0)":"PROYECTO DE LEY","('0138-S-2007', 1)":null},"Iniciado en: ":{"('0138-S-2007', 0)":"Senado","('0138-S-2007', 1)":null},"Expediente Senado: ":{"('0138-S-2007', 0)":"0138-S-2007","('0138-S-2007', 1)":null},"Publicado en: ":{"('0138-S-2007', 0)":"Diario de Asuntos Entrados N\u00b0 6","('0138-S-2007', 1)":null},"Fecha: ":{"('0138-S-2007', 0)":"05\/03\/2007","('0138-S-2007', 1)":null},"T\u00edtulo":{"('0138-S-2007', 0)":"MODIFICACION DE LA LEY 24241, SISTEMA INTEGRADO DE JUBILACIONES Y PENSIONES: SUSTITUCION DEL ARTICULO 32 (MOVILIDAD DE LAS PRESTACIONES) Y DEL APARTADO 2) DEL ARTICULO 16 (NATURALEZA DEL REGIMEN Y GARANTIA DEL ESTADO); DEROGACION DEL APARTADO 3) DEL ARTICULO 1 Y DEL APARTADO 2) DEL ARTICULO 7 DE LA LEY 24463, DE SOLIDARIDAD PREVISIONAL.","('0138-S-2007', 1)":null},"('Firmantes', 'FIRMANTE')":{"('0138-S-2007', 0)":"PINCHETTI DE SIERRA MORALES, DELIA","('0138-S-2007', 1)":"BUSSI, RICARDO ARGENTINO"},"('Firmantes', 'DISTRITO')":{"('0138-S-2007', 0)":"TUCUMAN","('0138-S-2007', 1)":"TUCUMAN"},"('Firmantes', 'BLOQUE')":{"('0138-S-2007', 0)":"FZA REPUBLICANA","('0138-S-2007', 1)":"FZA REPUBLICANA"},"Link":{"('0138-S-2007', 0)":"http:\/\/www.senado.gov.ar\/parlamentario\/comisiones\/verExp\/138.07\/S\/PL","('0138-S-2007', 1)":null},"Palabra Clave":{"('0138-S-2007', 0)":" ","('0138-S-2007', 1)":null}}