{"Tipo de Proyecto":{"('0139-D-2007', 0)":"PROYECTO DE LEY","('0139-D-2007', 1)":null,"('0139-D-2007', 2)":null},"Iniciado en: ":{"('0139-D-2007', 0)":"Diputados","('0139-D-2007', 1)":null,"('0139-D-2007', 2)":null},"Expediente Diputados: ":{"('0139-D-2007', 0)":"0139-D-2007","('0139-D-2007', 1)":null,"('0139-D-2007', 2)":null},"Publicado en: ":{"('0139-D-2007', 0)":"Tr\u00e1mite Parlamentario N\u00b0 2","('0139-D-2007', 1)":null,"('0139-D-2007', 2)":null},"Fecha: ":{"('0139-D-2007', 0)":"02\/03\/2007","('0139-D-2007', 1)":null,"('0139-D-2007', 2)":null},"T\u00edtulo":{"('0139-D-2007', 0)":"SISTEMA INTEGRADO DE JUBILACIONES Y PENSIONES (LEY 24241). MODIFICACION DEL ARTICULO 53, SOBRE PENSION POR FALLECIMIENTO Y DERECHOHABIENTES.","('0139-D-2007', 1)":null,"('0139-D-2007', 2)":null},"('Firmantes', 'FIRMANTE')":{"('0139-D-2007', 0)":"PEREZ, MIRTA","('0139-D-2007', 1)":null,"('0139-D-2007', 2)":null},"('Firmantes', 'DISTRITO')":{"('0139-D-2007', 0)":"BUENOS AIRES","('0139-D-2007', 1)":null,"('0139-D-2007', 2)":null},"('Firmantes', 'BLOQUE')":{"('0139-D-2007', 0)":"PERONISTA FEDERAL","('0139-D-2007', 1)":null,"('0139-D-2007', 2)":null},"('Giros', 'COMISI\u00d3N')":{"('0139-D-2007', 0)":"PREVISION Y SEGURIDAD SOCIAL","('0139-D-2007', 1)":"DISCAPACIDAD","('0139-D-2007', 2)":"PRESUPUESTO Y HACIENDA"},"('Tramites', 'C\u00c1MARA')":{"('0139-D-2007', 0)":"Diputados","('0139-D-2007', 1)":null,"('0139-D-2007', 2)":null},"('Tramites', 'MOVIMIENTO')":{"('0139-D-2007', 0)":"RESOLUCION DE PRESIDENCIA - AMPLIACION DE GIRO A LA COMISION DE DISCAPACIDAD.","('0139-D-2007', 1)":null,"('0139-D-2007', 2)":null},"('Tramites', 'FECHA')":{"('0139-D-2007', 0)":"11\/04\/2007","('0139-D-2007', 1)":null,"('0139-D-2007', 2)":null},"('Tramites', 'RESULTADO')":{"('0139-D-2007', 0)":null,"('0139-D-2007', 1)":null,"('0139-D-2007', 2)":null},"Link":{"('0139-D-2007', 0)":"https:\/\/www.hcdn.gob.ar\/proyectos\/textoCompleto.jsp?exp=0139-D-2007&tipo=LEY","('0139-D-2007', 1)":null,"('0139-D-2007', 2)":null},"Palabra Clave":{"('0139-D-2007', 0)":" ","('0139-D-2007', 1)":null,"('0139-D-2007', 2)":null}}