{"Tipo de Proyecto":{"('0140-PE-2007', 0)":"MENSAJE NRO: 0671\/07","('0140-PE-2007', 1)":null},"Iniciado en: ":{"('0140-PE-2007', 0)":"Senado","('0140-PE-2007', 1)":null},"Expediente Senado: ":{"('0140-PE-2007', 0)":"0140-PE-2007","('0140-PE-2007', 1)":null},"Publicado en: ":{"('0140-PE-2007', 0)":"DAE S.A. N\u00b0 5","('0140-PE-2007', 1)":null},"Fecha: ":{"('0140-PE-2007', 0)":"07\/06\/2007","('0140-PE-2007', 1)":null},"T\u00edtulo":{"('0140-PE-2007', 0)":"SOLICITAR ACUERDO PARA DESIGNAR DEFENSOR PUBLICO OFICIAL ANTE LOS TRIBUNALES ORALES EN LO CRIMINAL FEDERAL DE ROSARIO, PROVINCIA DE SANTA FE, DEFENSORIA N\u00ba 1 A LA DOCTORA MARIANA GRASSO. ","('0140-PE-2007', 1)":null},"('Firmantes', 'FIRMANTE')":{"('0140-PE-2007', 0)":"KIRCHNER, NESTOR CARLOS","('0140-PE-2007', 1)":"IRIBARNE, ALBERTO JUAN BAUTISTA"},"('Firmantes', 'DISTRITO')":{"('0140-PE-2007', 0)":null,"('0140-PE-2007', 1)":null},"('Firmantes', 'BLOQUE')":{"('0140-PE-2007', 0)":"PODER EJECUTIVO","('0140-PE-2007', 1)":"PODER EJECUTIVO"},"('Tramites', 'C\u00c1MARA')":{"('0140-PE-2007', 0)":"Senado","('0140-PE-2007', 1)":null},"('Tramites', 'MOVIMIENTO')":{"('0140-PE-2007', 0)":"CONSIDERACION Y APROBACION","('0140-PE-2007', 1)":null},"('Tramites', 'FECHA')":{"('0140-PE-2007', 0)":"08\/08\/2007","('0140-PE-2007', 1)":null},"('Tramites', 'RESULTADO')":{"('0140-PE-2007', 0)":"APROBADO","('0140-PE-2007', 1)":null},"Palabra Clave":{"('0140-PE-2007', 0)":" ","('0140-PE-2007', 1)":null}}