{"Tipo de Proyecto":{"('0141-D-2007', 0)":"PROYECTO DE LEY","('0141-D-2007', 1)":null},"Iniciado en: ":{"('0141-D-2007', 0)":"Diputados","('0141-D-2007', 1)":null},"Expediente Diputados: ":{"('0141-D-2007', 0)":"0141-D-2007","('0141-D-2007', 1)":null},"Expediente Senado: ":{"('0141-D-2007', 0)":"0077-CD-2007","('0141-D-2007', 1)":null},"Publicado en: ":{"('0141-D-2007', 0)":"Tr\u00e1mite Parlamentario N\u00b0 2","('0141-D-2007', 1)":null},"Fecha: ":{"('0141-D-2007', 0)":"02\/03\/2007","('0141-D-2007', 1)":null},"T\u00edtulo":{"('0141-D-2007', 0)":"PROHIBICION DEL USO DE TELEFONIA CELULAR EN LAS UNIDADES CARCELARIAS.","('0141-D-2007', 1)":null},"('Firmantes', 'FIRMANTE')":{"('0141-D-2007', 0)":"PEREZ, MIRTA","('0141-D-2007', 1)":null},"('Firmantes', 'DISTRITO')":{"('0141-D-2007', 0)":"BUENOS AIRES","('0141-D-2007', 1)":null},"('Firmantes', 'BLOQUE')":{"('0141-D-2007', 0)":"PERONISTA FEDERAL","('0141-D-2007', 1)":null},"('Giros', 'COMISI\u00d3N')":{"('0141-D-2007', 0)":"LEGISLACION PENAL","('0141-D-2007', 1)":null},"('Tramites', 'C\u00c1MARA')":{"('0141-D-2007', 0)":"Diputados","('0141-D-2007', 1)":"Senado"},"('Tramites', 'MOVIMIENTO')":{"('0141-D-2007', 0)":"CONSIDERACION Y APROBACION","('0141-D-2007', 1)":"PASA A SENADO -"},"('Tramites', 'FECHA')":{"('0141-D-2007', 0)":"18\/07\/2007","('0141-D-2007', 1)":null},"('Tramites', 'RESULTADO')":{"('0141-D-2007', 0)":"MEDIA SANCION","('0141-D-2007', 1)":null},"Sumario":{"('0141-D-2007', 0)":"REGULACION DE LLAMADAS DE TELEFONOS PUBLICOS O DE LINEA EN CARCELES; GRABACION; IDENTIFICACION.","('0141-D-2007', 1)":null},"Palabra Clave":{"('0141-D-2007', 0)":" ","('0141-D-2007', 1)":null}}