{"Tipo de Proyecto":{"('0143-S-2007', 0)":"PROYECTO DE LEY","('0143-S-2007', 1)":null,"('0143-S-2007', 2)":null,"('0143-S-2007', 3)":null},"Iniciado en: ":{"('0143-S-2007', 0)":"Senado","('0143-S-2007', 1)":null,"('0143-S-2007', 2)":null,"('0143-S-2007', 3)":null},"Expediente Diputados: ":{"('0143-S-2007', 0)":"0143-S-2007","('0143-S-2007', 1)":null,"('0143-S-2007', 2)":null,"('0143-S-2007', 3)":null},"Expediente Senado: ":{"('0143-S-2007', 0)":"0044-OV-2000","('0143-S-2007', 1)":null,"('0143-S-2007', 2)":null,"('0143-S-2007', 3)":null},"Fecha: ":{"('0143-S-2007', 0)":"23\/05\/2007","('0143-S-2007', 1)":null,"('0143-S-2007', 2)":null,"('0143-S-2007', 3)":null},"T\u00edtulo":{"('0143-S-2007', 0)":"APROBACION DE LAS CUENTAS DE INVERSION PRESENTADAS POR EL PODER EJECUTIVO, CORRESPONDIENTES AL  EJERCICIO FISCAL DEL  A\u00d1O 1999 (0006-JGM-00, 0044-OV-00, 0336-OV-00, 0312-OV-01, 0097-OV-03 Y 0474-OV-03), A\u00d1O 2000 (0012-JGM-01, 0313-OV-01, 0439-OV-01, 0244-OV-02, 0581-OV-03 Y 0011-OV-04), A\u00d1O 2001 (0013-JGM-03, 0775-OVD-04, 0015-OV-05 Y 0156-OV-05), A\u00d1O 2002 (0005-JGM-03, 0672-OV-03, 0655-OV-04, 0557-OV-05, 0058-OV-06 Y 0136-OV-06), A\u00d1O 2003 (0008-JGM-04, 0250-OV-05, 0295-OV-06, 0476-OV-06 Y 0039-OV-07) Y A\u00d1O 2004 (0008-JGM-05, 0478-OV-06 Y Y 0040-OV-07), SIN PERJUICIO DE LA INICIACION NI PROSECUCION DE LOS PROCEDIMIENTOS DIRIGIDOS A LA EFECTIVIZACION DE LAS RESPONSABILIDADES QUE EMERJAN DE LOS HECHOS Y ACTOS REALIZADOS POR LOS FUNCIONARIOS PUBLICOS DURANTE EL PERIODO COMPRENDIDO EN LAS CUENTAS DE INVERSION QUE SE APRUEBAN EN LA PRESENTE, NI AL CUMPLIMIENTO DE LAS DECISIONES QUE DE LAS MISMAS SE ORIGINEN.","('0143-S-2007', 1)":null,"('0143-S-2007', 2)":null,"('0143-S-2007', 3)":null},"('Firmantes', 'FIRMANTE')":{"('0143-S-2007', 0)":"PARLAMENTARIA MIXTA REVISORA DE CUENTAS","('0143-S-2007', 1)":null,"('0143-S-2007', 2)":null,"('0143-S-2007', 3)":null},"('Firmantes', 'DISTRITO')":{"('0143-S-2007', 0)":null,"('0143-S-2007', 1)":null,"('0143-S-2007', 2)":null,"('0143-S-2007', 3)":null},"('Firmantes', 'BLOQUE')":{"('0143-S-2007', 0)":null,"('0143-S-2007', 1)":null,"('0143-S-2007', 2)":null,"('0143-S-2007', 3)":null},"('Giros', 'COMISI\u00d3N')":{"('0143-S-2007', 0)":"AL ORDEN DEL DIA DE ACUERDO CON EL ARTICULO 109 DEL REGLAMENTO H. SENADO","('0143-S-2007', 1)":null,"('0143-S-2007', 2)":null,"('0143-S-2007', 3)":null},"('Tramites', 'C\u00c1MARA')":{"('0143-S-2007', 0)":"Senado","('0143-S-2007', 1)":"Diputados","('0143-S-2007', 2)":"Diputados","('0143-S-2007', 3)":"Diputados"},"('Tramites', 'MOVIMIENTO')":{"('0143-S-2007', 0)":"CONSIDERACION Y APROBACION","('0143-S-2007', 1)":"PASA A DIPUTADOS -","('0143-S-2007', 2)":"MOCION SOBRE TABLAS (PLAN DE LABOR) (AFIRMATIVA)","('0143-S-2007', 3)":"CONSIDERACION Y SANCION"},"('Tramites', 'FECHA')":{"('0143-S-2007', 0)":"14\/11\/2007","('0143-S-2007', 1)":null,"('0143-S-2007', 2)":"21\/11\/2007","('0143-S-2007', 3)":"28\/11\/2007"},"('Tramites', 'RESULTADO')":{"('0143-S-2007', 0)":"APROBADO","('0143-S-2007', 1)":null,"('0143-S-2007', 2)":null,"('0143-S-2007', 3)":"SANCIONADO"},"Link":{"('0143-S-2007', 0)":"https:\/\/www4.hcdn.gob.ar\/dependencias\/dsecretaria\/Periodo2007\/PDF2007\/TP2007\/0143-S-07.pdf","('0143-S-2007', 1)":null,"('0143-S-2007', 2)":null,"('0143-S-2007', 3)":null},"Palabra Clave":{"('0143-S-2007', 0)":" ","('0143-S-2007', 1)":null,"('0143-S-2007', 2)":null,"('0143-S-2007', 3)":null}}