{"Tipo de Proyecto":{"('0145-D-2007', 0)":"PROYECTO DE LEY","('0145-D-2007', 1)":null},"Iniciado en: ":{"('0145-D-2007', 0)":"Diputados","('0145-D-2007', 1)":null},"Expediente Diputados: ":{"('0145-D-2007', 0)":"0145-D-2007","('0145-D-2007', 1)":null},"Publicado en: ":{"('0145-D-2007', 0)":"Tr\u00e1mite Parlamentario N\u00b0 2","('0145-D-2007', 1)":null},"Fecha: ":{"('0145-D-2007', 0)":"02\/03\/2007","('0145-D-2007', 1)":null},"T\u00edtulo":{"('0145-D-2007', 0)":"CODIGO ELECTORAL NACIONAL (LEY 19945). MODIFICACION DEL ARTICULO 61 E INCORPORACION DE PARRAFO AL ARTICULO 164, SOBRE CANDIDATURA SIMULTANEA A PRESIDENTE DE LA NACION Y A DIPUTADO NACIONAL.","('0145-D-2007', 1)":null},"('Firmantes', 'FIRMANTE')":{"('0145-D-2007', 0)":"GINZBURG, NORA RAQUEL","('0145-D-2007', 1)":null},"('Firmantes', 'DISTRITO')":{"('0145-D-2007', 0)":"CIUDAD de BUENOS AIRES","('0145-D-2007', 1)":null},"('Firmantes', 'BLOQUE')":{"('0145-D-2007', 0)":"PRO","('0145-D-2007', 1)":null},"('Giros', 'COMISI\u00d3N')":{"('0145-D-2007', 0)":"ASUNTOS CONSTITUCIONALES","('0145-D-2007', 1)":"JUSTICIA"},"Link":{"('0145-D-2007', 0)":"https:\/\/www.hcdn.gob.ar\/proyectos\/textoCompleto.jsp?exp=0145-D-2007&tipo=LEY","('0145-D-2007', 1)":null},"Palabra Clave":{"('0145-D-2007', 0)":" ","('0145-D-2007', 1)":null}}