{"Tipo de Proyecto":{"('0145-PE-2007', 0)":"MENSAJE NRO: 0676\/07","('0145-PE-2007', 1)":null},"Iniciado en: ":{"('0145-PE-2007', 0)":"Senado","('0145-PE-2007', 1)":null},"Expediente Senado: ":{"('0145-PE-2007', 0)":"0145-PE-2007","('0145-PE-2007', 1)":null},"Publicado en: ":{"('0145-PE-2007', 0)":"DAE S.A. N\u00b0 5","('0145-PE-2007', 1)":null},"Fecha: ":{"('0145-PE-2007', 0)":"07\/06\/2007","('0145-PE-2007', 1)":null},"T\u00edtulo":{"('0145-PE-2007', 0)":"SOLICITAR ACUERDO PARA DESIGNAR DEFENSOR PUBLICO OFICIAL ANTE EL TRIBUNAL ORAL EN LO CRIMINAL FEDERAL DE MENDOZA, DEFENSORIA N\u00ba 2 A LA DOCTORA ANDREA MARISA DURANTE.","('0145-PE-2007', 1)":null},"('Firmantes', 'FIRMANTE')":{"('0145-PE-2007', 0)":"KIRCHNER, NESTOR CARLOS","('0145-PE-2007', 1)":"IRIBARNE, ALBERTO JUAN BAUTISTA"},"('Firmantes', 'DISTRITO')":{"('0145-PE-2007', 0)":null,"('0145-PE-2007', 1)":null},"('Firmantes', 'BLOQUE')":{"('0145-PE-2007', 0)":"PODER EJECUTIVO","('0145-PE-2007', 1)":"PODER EJECUTIVO"},"('Tramites', 'C\u00c1MARA')":{"('0145-PE-2007', 0)":"Senado","('0145-PE-2007', 1)":null},"('Tramites', 'MOVIMIENTO')":{"('0145-PE-2007', 0)":"CONSIDERACION Y APROBACION","('0145-PE-2007', 1)":null},"('Tramites', 'FECHA')":{"('0145-PE-2007', 0)":"22\/08\/2007","('0145-PE-2007', 1)":null},"('Tramites', 'RESULTADO')":{"('0145-PE-2007', 0)":"APROBADO","('0145-PE-2007', 1)":null},"Palabra Clave":{"('0145-PE-2007', 0)":" ","('0145-PE-2007', 1)":null}}