{"Tipo de Proyecto":{"('0146-S-2007', 0)":"PROYECTO DE LEY","('0146-S-2007', 1)":null,"('0146-S-2007', 2)":null,"('0146-S-2007', 3)":null,"('0146-S-2007', 4)":null,"('0146-S-2007', 5)":null,"('0146-S-2007', 6)":null,"('0146-S-2007', 7)":null},"Iniciado en: ":{"('0146-S-2007', 0)":"Senado","('0146-S-2007', 1)":null,"('0146-S-2007', 2)":null,"('0146-S-2007', 3)":null,"('0146-S-2007', 4)":null,"('0146-S-2007', 5)":null,"('0146-S-2007', 6)":null,"('0146-S-2007', 7)":null},"Expediente Diputados: ":{"('0146-S-2007', 0)":"0146-S-2007","('0146-S-2007', 1)":null,"('0146-S-2007', 2)":null,"('0146-S-2007', 3)":null,"('0146-S-2007', 4)":null,"('0146-S-2007', 5)":null,"('0146-S-2007', 6)":null,"('0146-S-2007', 7)":null},"Expediente Senado: ":{"('0146-S-2007', 0)":"0365-S-2007","('0146-S-2007', 1)":null,"('0146-S-2007', 2)":null,"('0146-S-2007', 3)":null,"('0146-S-2007', 4)":null,"('0146-S-2007', 5)":null,"('0146-S-2007', 6)":null,"('0146-S-2007', 7)":null},"Publicado en: ":{"('0146-S-2007', 0)":"Diario de Asuntos Entrados N\u00b0 16","('0146-S-2007', 1)":null,"('0146-S-2007', 2)":null,"('0146-S-2007', 3)":null,"('0146-S-2007', 4)":null,"('0146-S-2007', 5)":null,"('0146-S-2007', 6)":null,"('0146-S-2007', 7)":null},"Fecha: ":{"('0146-S-2007', 0)":"15\/03\/2007","('0146-S-2007', 1)":null,"('0146-S-2007', 2)":null,"('0146-S-2007', 3)":null,"('0146-S-2007', 4)":null,"('0146-S-2007', 5)":null,"('0146-S-2007', 6)":null,"('0146-S-2007', 7)":null},"T\u00edtulo":{"('0146-S-2007', 0)":"DERECHOS DEL PACIENTE, HISTORIA CLINICA Y CONSENTIMIENTO INFORMADO.","('0146-S-2007', 1)":null,"('0146-S-2007', 2)":null,"('0146-S-2007', 3)":null,"('0146-S-2007', 4)":null,"('0146-S-2007', 5)":null,"('0146-S-2007', 6)":null,"('0146-S-2007', 7)":null},"('Firmantes', 'FIRMANTE')":{"('0146-S-2007', 0)":"GUINLE, MARCELO ALEJANDRO","('0146-S-2007', 1)":null,"('0146-S-2007', 2)":null,"('0146-S-2007', 3)":null,"('0146-S-2007', 4)":null,"('0146-S-2007', 5)":null,"('0146-S-2007', 6)":null,"('0146-S-2007', 7)":null},"('Firmantes', 'DISTRITO')":{"('0146-S-2007', 0)":"CHUBUT","('0146-S-2007', 1)":null,"('0146-S-2007', 2)":null,"('0146-S-2007', 3)":null,"('0146-S-2007', 4)":null,"('0146-S-2007', 5)":null,"('0146-S-2007', 6)":null,"('0146-S-2007', 7)":null},"('Firmantes', 'BLOQUE')":{"('0146-S-2007', 0)":"JUSTICIALISTA","('0146-S-2007', 1)":null,"('0146-S-2007', 2)":null,"('0146-S-2007', 3)":null,"('0146-S-2007', 4)":null,"('0146-S-2007', 5)":null,"('0146-S-2007', 6)":null,"('0146-S-2007', 7)":null},"('Giros', 'COMISI\u00d3N')":{"('0146-S-2007', 0)":"ACCION SOCIAL Y SALUD PUBLICA","('0146-S-2007', 1)":"JUSTICIA","('0146-S-2007', 2)":null,"('0146-S-2007', 3)":null,"('0146-S-2007', 4)":null,"('0146-S-2007', 5)":null,"('0146-S-2007', 6)":null,"('0146-S-2007', 7)":null},"('Tramites', 'C\u00c1MARA')":{"('0146-S-2007', 0)":"Senado","('0146-S-2007', 1)":"Senado","('0146-S-2007', 2)":"Diputados","('0146-S-2007', 3)":"Diputados","('0146-S-2007', 4)":"Diputados","('0146-S-2007', 5)":"Diputados","('0146-S-2007', 6)":"Senado","('0146-S-2007', 7)":"Senado"},"('Tramites', 'MOVIMIENTO')":{"('0146-S-2007', 0)":"CONSIDERACION Y APROBACION CON MODIFICACIONES","('0146-S-2007', 1)":"INSERCIONES","('0146-S-2007', 2)":"PASA A DIPUTADOS -","('0146-S-2007', 3)":"MOCION DE PREFERENCIA CON DICTAMEN (AFIRMATIVA)","('0146-S-2007', 4)":"CONSIDERACION Y APROBACION CON MODIFICACIONES","('0146-S-2007', 5)":"INSERCIONES DE LAS DIPUTADAS BERTOL Y BIANCHI","('0146-S-2007', 6)":"VUELVE A SENADO -","('0146-S-2007', 7)":"CONSIDERACION Y SANCION"},"('Tramites', 'FECHA')":{"('0146-S-2007', 0)":"21\/11\/2007","('0146-S-2007', 1)":"21\/11\/2007","('0146-S-2007', 2)":null,"('0146-S-2007', 3)":"03\/12\/2008","('0146-S-2007', 4)":"17\/12\/2008","('0146-S-2007', 5)":"17\/12\/2008","('0146-S-2007', 6)":null,"('0146-S-2007', 7)":"21\/10\/2009"},"('Tramites', 'RESULTADO')":{"('0146-S-2007', 0)":"MEDIA SANCION","('0146-S-2007', 1)":null,"('0146-S-2007', 2)":null,"('0146-S-2007', 3)":null,"('0146-S-2007', 4)":"MEDIA SANCION","('0146-S-2007', 5)":null,"('0146-S-2007', 6)":null,"('0146-S-2007', 7)":"SANCIONADO"},"Sumario":{"('0146-S-2007', 0)":"AMBITO DE APLICACION; NORMAS BASICAS Y DERECHOS DE LOS PACIENTES EN SU RELACION CON LOS PROFESIONALES E INSTITUCIONES DE LA SALUD; HISTORIA CLINICA; INFORMATIZACION; AUTORIDAD DE APLICACION NACIONAL Y LOCAL; ADHESION DE LAS PROVINCIAS.","('0146-S-2007', 1)":null,"('0146-S-2007', 2)":null,"('0146-S-2007', 3)":null,"('0146-S-2007', 4)":null,"('0146-S-2007', 5)":null,"('0146-S-2007', 6)":null,"('0146-S-2007', 7)":null},"Palabra Clave":{"('0146-S-2007', 0)":" ","('0146-S-2007', 1)":null,"('0146-S-2007', 2)":null,"('0146-S-2007', 3)":null,"('0146-S-2007', 4)":null,"('0146-S-2007', 5)":null,"('0146-S-2007', 6)":null,"('0146-S-2007', 7)":null}}