{"Tipo de Proyecto":{"('0146-D-2007', 0)":"PROYECTO DE DECLARACI\u00d3N","('0146-D-2007', 1)":null,"('0146-D-2007', 2)":null,"('0146-D-2007', 3)":null,"('0146-D-2007', 4)":null,"('0146-D-2007', 5)":null},"Iniciado en: ":{"('0146-D-2007', 0)":"Diputados","('0146-D-2007', 1)":null,"('0146-D-2007', 2)":null,"('0146-D-2007', 3)":null,"('0146-D-2007', 4)":null,"('0146-D-2007', 5)":null},"Expediente Diputados: ":{"('0146-D-2007', 0)":"0146-D-2007","('0146-D-2007', 1)":null,"('0146-D-2007', 2)":null,"('0146-D-2007', 3)":null,"('0146-D-2007', 4)":null,"('0146-D-2007', 5)":null},"Publicado en: ":{"('0146-D-2007', 0)":"Tr\u00e1mite Parlamentario N\u00b0 2","('0146-D-2007', 1)":null,"('0146-D-2007', 2)":null,"('0146-D-2007', 3)":null,"('0146-D-2007', 4)":null,"('0146-D-2007', 5)":null},"Fecha: ":{"('0146-D-2007', 0)":"02\/03\/2007","('0146-D-2007', 1)":null,"('0146-D-2007', 2)":null,"('0146-D-2007', 3)":null,"('0146-D-2007', 4)":null,"('0146-D-2007', 5)":null},"T\u00edtulo":{"('0146-D-2007', 0)":"EXPRESAR BENEPLACITO POR LOS PREMIOS OBTENIDOS POR LA PELICULA ARGENTINA \"EL OTRO\" DEL DIRECTOR ARIEL ROTTER, EL 17 DE FEBRERO DE 2007 EN LA 57 EDICION DEL FESTIVAL INTERNACIONAL DE CINE DE BERLIN - ALEMANIA -.","('0146-D-2007', 1)":null,"('0146-D-2007', 2)":null,"('0146-D-2007', 3)":null,"('0146-D-2007', 4)":null,"('0146-D-2007', 5)":null},"('Firmantes', 'FIRMANTE')":{"('0146-D-2007', 0)":"LAURITTO, JOSE EDUARDO","('0146-D-2007', 1)":"OSUNA, BLANCA INES","('0146-D-2007', 2)":"GENEM, AMANDA SUSANA","('0146-D-2007', 3)":"DAUD, JORGE CARLOS","('0146-D-2007', 4)":"ROMERO, ROSARIO MARGARITA","('0146-D-2007', 5)":"SOLANAS, RAUL PATRICIO"},"('Firmantes', 'DISTRITO')":{"('0146-D-2007', 0)":"ENTRE RIOS","('0146-D-2007', 1)":"ENTRE RIOS","('0146-D-2007', 2)":"MENDOZA","('0146-D-2007', 3)":"ENTRE RIOS","('0146-D-2007', 4)":"ENTRE RIOS","('0146-D-2007', 5)":"ENTRE RIOS"},"('Firmantes', 'BLOQUE')":{"('0146-D-2007', 0)":"FRENTE PARA LA VICTORIA - PJ","('0146-D-2007', 1)":"FRENTE PARA LA VICTORIA - PJ","('0146-D-2007', 2)":"FRENTE PARA LA VICTORIA - PJ","('0146-D-2007', 3)":"FRENTE PARA LA VICTORIA - PJ","('0146-D-2007', 4)":"FRENTE PARA LA VICTORIA - PJ","('0146-D-2007', 5)":"FRENTE PARA LA VICTORIA - PJ"},"('Giros', 'COMISI\u00d3N')":{"('0146-D-2007', 0)":"CULTURA","('0146-D-2007', 1)":null,"('0146-D-2007', 2)":null,"('0146-D-2007', 3)":null,"('0146-D-2007', 4)":null,"('0146-D-2007', 5)":null},"('Tramites', 'C\u00c1MARA')":{"('0146-D-2007', 0)":"Diputados","('0146-D-2007', 1)":null,"('0146-D-2007', 2)":null,"('0146-D-2007', 3)":null,"('0146-D-2007', 4)":null,"('0146-D-2007', 5)":null},"('Tramites', 'MOVIMIENTO')":{"('0146-D-2007', 0)":"CONSIDERACION Y APROBACION","('0146-D-2007', 1)":null,"('0146-D-2007', 2)":null,"('0146-D-2007', 3)":null,"('0146-D-2007', 4)":null,"('0146-D-2007', 5)":null},"('Tramites', 'FECHA')":{"('0146-D-2007', 0)":"09\/05\/2007","('0146-D-2007', 1)":null,"('0146-D-2007', 2)":null,"('0146-D-2007', 3)":null,"('0146-D-2007', 4)":null,"('0146-D-2007', 5)":null},"('Tramites', 'RESULTADO')":{"('0146-D-2007', 0)":"APROBADO","('0146-D-2007', 1)":null,"('0146-D-2007', 2)":null,"('0146-D-2007', 3)":null,"('0146-D-2007', 4)":null,"('0146-D-2007', 5)":null},"Link":{"('0146-D-2007', 0)":"https:\/\/www.hcdn.gob.ar\/proyectos\/textoCompleto.jsp?exp=0146-D-2007&tipo=DECLARACION","('0146-D-2007', 1)":null,"('0146-D-2007', 2)":null,"('0146-D-2007', 3)":null,"('0146-D-2007', 4)":null,"('0146-D-2007', 5)":null},"Palabra Clave":{"('0146-D-2007', 0)":" ","('0146-D-2007', 1)":null,"('0146-D-2007', 2)":null,"('0146-D-2007', 3)":null,"('0146-D-2007', 4)":null,"('0146-D-2007', 5)":null}}