{"Tipo de Proyecto":{"('0148-S-2007', 0)":"MENSAJE NRO: 1062\/07 Y PROYECTO DE LEY","('0148-S-2007', 1)":null,"('0148-S-2007', 2)":null,"('0148-S-2007', 3)":null},"Iniciado en: ":{"('0148-S-2007', 0)":"Senado","('0148-S-2007', 1)":null,"('0148-S-2007', 2)":null,"('0148-S-2007', 3)":null},"Expediente Diputados: ":{"('0148-S-2007', 0)":"0148-S-2007","('0148-S-2007', 1)":null,"('0148-S-2007', 2)":null,"('0148-S-2007', 3)":null},"Expediente Senado: ":{"('0148-S-2007', 0)":"0253-PE-2007","('0148-S-2007', 1)":null,"('0148-S-2007', 2)":null,"('0148-S-2007', 3)":null},"Publicado en: ":{"('0148-S-2007', 0)":"Diario de Asuntos Entrados N\u00b0 114","('0148-S-2007', 1)":null,"('0148-S-2007', 2)":null,"('0148-S-2007', 3)":null},"Fecha: ":{"('0148-S-2007', 0)":"13\/08\/2007","('0148-S-2007', 1)":null,"('0148-S-2007', 2)":null,"('0148-S-2007', 3)":null},"T\u00edtulo":{"('0148-S-2007', 0)":"APROBACION DEL ACUERDO DE COOPERACION CIENTIFICA Y TECNOLOGICA ENTRE EL GOBIERNO DE LA REPUBLICA ARGENTINA Y EL GOBIERNO DE LA REPUBLICA DE SUDAFRICA, SUSCRIPTO EN PRETORIA, EL 16 DE MAYO DE 2006.","('0148-S-2007', 1)":null,"('0148-S-2007', 2)":null,"('0148-S-2007', 3)":null},"('Firmantes', 'FIRMANTE')":{"('0148-S-2007', 0)":"KIRCHNER, NESTOR CARLOS","('0148-S-2007', 1)":"FERNANDEZ, ALBERTO","('0148-S-2007', 2)":"TAIANA, JORGE ENRIQUE","('0148-S-2007', 3)":"FILMUS, DANIEL"},"('Firmantes', 'DISTRITO')":{"('0148-S-2007', 0)":null,"('0148-S-2007', 1)":null,"('0148-S-2007', 2)":null,"('0148-S-2007', 3)":null},"('Firmantes', 'BLOQUE')":{"('0148-S-2007', 0)":"PODER EJECUTIVO","('0148-S-2007', 1)":"PODER EJECUTIVO","('0148-S-2007', 2)":"PODER EJECUTIVO","('0148-S-2007', 3)":"PODER EJECUTIVO"},"('Giros', 'COMISI\u00d3N')":{"('0148-S-2007', 0)":"RELACIONES EXTERIORES Y CULTO","('0148-S-2007', 1)":"CIENCIA Y TECNOLOGIA","('0148-S-2007', 2)":null,"('0148-S-2007', 3)":null},"('Tramites', 'C\u00c1MARA')":{"('0148-S-2007', 0)":"Senado","('0148-S-2007', 1)":"Diputados","('0148-S-2007', 2)":"Diputados","('0148-S-2007', 3)":null},"('Tramites', 'MOVIMIENTO')":{"('0148-S-2007', 0)":"CONSIDERACION Y APROBACION","('0148-S-2007', 1)":"PASA A DIPUTADOS -","('0148-S-2007', 2)":"CONSIDERACION Y SANCION","('0148-S-2007', 3)":null},"('Tramites', 'FECHA')":{"('0148-S-2007', 0)":"21\/11\/2007","('0148-S-2007', 1)":null,"('0148-S-2007', 2)":"03\/12\/2008","('0148-S-2007', 3)":null},"('Tramites', 'RESULTADO')":{"('0148-S-2007', 0)":"MEDIA SANCION","('0148-S-2007', 1)":null,"('0148-S-2007', 2)":"SANCIONADO","('0148-S-2007', 3)":null},"Link":{"('0148-S-2007', 0)":"https:\/\/www4.hcdn.gob.ar\/dependencias\/dsecretaria\/Periodo2007\/PDF2007\/TP2007\/0148-S-07.pdf","('0148-S-2007', 1)":null,"('0148-S-2007', 2)":null,"('0148-S-2007', 3)":null},"Palabra Clave":{"('0148-S-2007', 0)":" ","('0148-S-2007', 1)":null,"('0148-S-2007', 2)":null,"('0148-S-2007', 3)":null}}