{"Tipo de Proyecto":{"('0150-PE-2007', 0)":"MENSAJE NRO: 0681\/07","('0150-PE-2007', 1)":null},"Iniciado en: ":{"('0150-PE-2007', 0)":"Senado","('0150-PE-2007', 1)":null},"Expediente Senado: ":{"('0150-PE-2007', 0)":"0150-PE-2007","('0150-PE-2007', 1)":null},"Publicado en: ":{"('0150-PE-2007', 0)":"DAE S.A. N\u00b0 5","('0150-PE-2007', 1)":null},"Fecha: ":{"('0150-PE-2007', 0)":"07\/06\/2007","('0150-PE-2007', 1)":null},"T\u00edtulo":{"('0150-PE-2007', 0)":"SOLICITAR ACUERDO PARA DESIGNAR DEFENSOR PUBLICO DE MENORES E INCAPACES ANTE LOS TRIBUNALES DE SEGUNDA INSTANCIA EN LO CIVIL Y COMERCIAL DE LA CAPITAL FEDERAL A LA DOCTORA MARIA CRISTINA MARTINEZ CORDOBA. ","('0150-PE-2007', 1)":null},"('Firmantes', 'FIRMANTE')":{"('0150-PE-2007', 0)":"KIRCHNER, NESTOR CARLOS","('0150-PE-2007', 1)":"IRIBARNE, ALBERTO JUAN BAUTISTA"},"('Firmantes', 'DISTRITO')":{"('0150-PE-2007', 0)":null,"('0150-PE-2007', 1)":null},"('Firmantes', 'BLOQUE')":{"('0150-PE-2007', 0)":"PODER EJECUTIVO","('0150-PE-2007', 1)":"PODER EJECUTIVO"},"('Tramites', 'C\u00c1MARA')":{"('0150-PE-2007', 0)":"Senado","('0150-PE-2007', 1)":null},"('Tramites', 'MOVIMIENTO')":{"('0150-PE-2007', 0)":"CONSIDERACION Y APROBACION","('0150-PE-2007', 1)":null},"('Tramites', 'FECHA')":{"('0150-PE-2007', 0)":"22\/08\/2007","('0150-PE-2007', 1)":null},"('Tramites', 'RESULTADO')":{"('0150-PE-2007', 0)":"APROBADO","('0150-PE-2007', 1)":null},"Palabra Clave":{"('0150-PE-2007', 0)":" ","('0150-PE-2007', 1)":null}}