{"Tipo de Proyecto":{"('0150-D-2007', 0)":"PROYECTO DE RESOLUCI\u00d3N","('0150-D-2007', 1)":null,"('0150-D-2007', 2)":null,"('0150-D-2007', 3)":null,"('0150-D-2007', 4)":null},"Iniciado en: ":{"('0150-D-2007', 0)":"Diputados","('0150-D-2007', 1)":null,"('0150-D-2007', 2)":null,"('0150-D-2007', 3)":null,"('0150-D-2007', 4)":null},"Expediente Diputados: ":{"('0150-D-2007', 0)":"0150-D-2007","('0150-D-2007', 1)":null,"('0150-D-2007', 2)":null,"('0150-D-2007', 3)":null,"('0150-D-2007', 4)":null},"Publicado en: ":{"('0150-D-2007', 0)":"Tr\u00e1mite Parlamentario N\u00b0 2","('0150-D-2007', 1)":null,"('0150-D-2007', 2)":null,"('0150-D-2007', 3)":null,"('0150-D-2007', 4)":null},"Fecha: ":{"('0150-D-2007', 0)":"02\/03\/2007","('0150-D-2007', 1)":null,"('0150-D-2007', 2)":null,"('0150-D-2007', 3)":null,"('0150-D-2007', 4)":null},"T\u00edtulo":{"('0150-D-2007', 0)":"PEDIDO DE INFORMES AL PODER EJECUTIVO SOBRE LA VIGENCIA Y ESTADO DE EJECUCION DEL PROGRAMA NACIONAL DE PREVENCION Y ERRADICACION DEL PICUDO ALGODONERO.","('0150-D-2007', 1)":null,"('0150-D-2007', 2)":null,"('0150-D-2007', 3)":null,"('0150-D-2007', 4)":null},"('Firmantes', 'FIRMANTE')":{"('0150-D-2007', 0)":"ZANCADA, PABLO V.","('0150-D-2007', 1)":"BINNER, HERMES JUAN","('0150-D-2007', 2)":"SESMA, LAURA JUDITH","('0150-D-2007', 3)":"STORERO, HUGO GUILLERMO","('0150-D-2007', 4)":"DI POLLINA, EDUARDO ALFREDO"},"('Firmantes', 'DISTRITO')":{"('0150-D-2007', 0)":"SANTA FE","('0150-D-2007', 1)":"SANTA FE","('0150-D-2007', 2)":"CORDOBA","('0150-D-2007', 3)":"SANTA FE","('0150-D-2007', 4)":"SANTA FE"},"('Firmantes', 'BLOQUE')":{"('0150-D-2007', 0)":"PARTIDO SOCIALISTA","('0150-D-2007', 1)":"PARTIDO SOCIALISTA","('0150-D-2007', 2)":"PARTIDO SOCIALISTA","('0150-D-2007', 3)":"UCR","('0150-D-2007', 4)":"PARTIDO SOCIALISTA"},"('Giros', 'COMISI\u00d3N')":{"('0150-D-2007', 0)":"AGRICULTURA Y GANADERIA","('0150-D-2007', 1)":null,"('0150-D-2007', 2)":null,"('0150-D-2007', 3)":null,"('0150-D-2007', 4)":null},"Link":{"('0150-D-2007', 0)":"https:\/\/www.hcdn.gob.ar\/proyectos\/textoCompleto.jsp?exp=0150-D-2007&tipo=RESOLUCION","('0150-D-2007', 1)":null,"('0150-D-2007', 2)":null,"('0150-D-2007', 3)":null,"('0150-D-2007', 4)":null},"Palabra Clave":{"('0150-D-2007', 0)":" ","('0150-D-2007', 1)":null,"('0150-D-2007', 2)":null,"('0150-D-2007', 3)":null,"('0150-D-2007', 4)":null}}