{"Tipo de Proyecto":{"('0152-PE-2007', 0)":"MENSAJE NRO: 0683\/07","('0152-PE-2007', 1)":null},"Iniciado en: ":{"('0152-PE-2007', 0)":"Senado","('0152-PE-2007', 1)":null},"Expediente Senado: ":{"('0152-PE-2007', 0)":"0152-PE-2007","('0152-PE-2007', 1)":null},"Publicado en: ":{"('0152-PE-2007', 0)":"DAE S.A. N\u00b0 5","('0152-PE-2007', 1)":null},"Fecha: ":{"('0152-PE-2007', 0)":"07\/06\/2007","('0152-PE-2007', 1)":null},"T\u00edtulo":{"('0152-PE-2007', 0)":"SOLICITAR ACUERDO PARA DESIGNAR DEFENSOR PUBLICO OFICIAL ANTE EL JUZGADO FEDERAL DE PRIMERA INSTANCIA DE CONCEPCION DEL URUGUAY, PROVINCIA DE ENTRE RIOS, A LA DOCTORA JULIETA ELIZALDE. ","('0152-PE-2007', 1)":null},"('Firmantes', 'FIRMANTE')":{"('0152-PE-2007', 0)":"KIRCHNER, NESTOR CARLOS","('0152-PE-2007', 1)":"IRIBARNE, ALBERTO JUAN BAUTISTA"},"('Firmantes', 'DISTRITO')":{"('0152-PE-2007', 0)":null,"('0152-PE-2007', 1)":null},"('Firmantes', 'BLOQUE')":{"('0152-PE-2007', 0)":"PODER EJECUTIVO","('0152-PE-2007', 1)":"PODER EJECUTIVO"},"('Tramites', 'C\u00c1MARA')":{"('0152-PE-2007', 0)":"Senado","('0152-PE-2007', 1)":null},"('Tramites', 'MOVIMIENTO')":{"('0152-PE-2007', 0)":"CONSIDERACION Y APROBACION","('0152-PE-2007', 1)":null},"('Tramites', 'FECHA')":{"('0152-PE-2007', 0)":"22\/08\/2007","('0152-PE-2007', 1)":null},"('Tramites', 'RESULTADO')":{"('0152-PE-2007', 0)":"APROBADO","('0152-PE-2007', 1)":null},"Palabra Clave":{"('0152-PE-2007', 0)":" ","('0152-PE-2007', 1)":null}}