{"Tipo de Proyecto":{"('0153-D-2007', 0)":"PROYECTO DE RESOLUCI\u00d3N","('0153-D-2007', 1)":null},"Iniciado en: ":{"('0153-D-2007', 0)":"Diputados","('0153-D-2007', 1)":null},"Expediente Diputados: ":{"('0153-D-2007', 0)":"0153-D-2007","('0153-D-2007', 1)":null},"Publicado en: ":{"('0153-D-2007', 0)":"Tr\u00e1mite Parlamentario N\u00b0 2","('0153-D-2007', 1)":null},"Fecha: ":{"('0153-D-2007', 0)":"02\/03\/2007","('0153-D-2007', 1)":null},"T\u00edtulo":{"('0153-D-2007', 0)":"SOLICITAR AL PODER EJECUTIVO DISPONGA NORMALIZAR LA ENTREGA DE MEDICAMENTOS  Y LA INFORMATIZACION DEL SISTEMA EN LA DELEGACION ROSARIO DEL PAMI, PROVINCIA DE SANTA FE.","('0153-D-2007', 1)":null},"('Firmantes', 'FIRMANTE')":{"('0153-D-2007', 0)":"STORERO, HUGO GUILLERMO","('0153-D-2007', 1)":null},"('Firmantes', 'DISTRITO')":{"('0153-D-2007', 0)":"SANTA FE","('0153-D-2007', 1)":null},"('Firmantes', 'BLOQUE')":{"('0153-D-2007', 0)":"UCR","('0153-D-2007', 1)":null},"('Giros', 'COMISI\u00d3N')":{"('0153-D-2007', 0)":"ACCION SOCIAL Y SALUD PUBLICA","('0153-D-2007', 1)":null},"('Tramites', 'C\u00c1MARA')":{"('0153-D-2007', 0)":"Diputados","('0153-D-2007', 1)":"Diputados"},"('Tramites', 'MOVIMIENTO')":{"('0153-D-2007', 0)":"CONSIDERACION Y APROBACION CONJUNTAMENTE PARA LOS EXPEDIENTES 0153-D-2007 y 0654-D-2007","('0153-D-2007', 1)":"CONTESTACION DEL PODER EJECUTIVO NACIONAL - JEFE DE GABINETE DE MINISTROS - GIRADO A LA COMISION RESPECTIVA"},"('Tramites', 'FECHA')":{"('0153-D-2007', 0)":"08\/08\/2007","('0153-D-2007', 1)":"03\/12\/2008"},"('Tramites', 'RESULTADO')":{"('0153-D-2007', 0)":"APROBADO","('0153-D-2007', 1)":null},"Link":{"('0153-D-2007', 0)":"https:\/\/www.hcdn.gob.ar\/proyectos\/textoCompleto.jsp?exp=0153-D-2007&tipo=RESOLUCION","('0153-D-2007', 1)":null},"Palabra Clave":{"('0153-D-2007', 0)":" ","('0153-D-2007', 1)":null}}