{"Tipo de Proyecto":{"('0154-S-2007', 0)":"MENSAJE NRO: 1350\/07 Y PROYECTO DE LEY","('0154-S-2007', 1)":null,"('0154-S-2007', 2)":null,"('0154-S-2007', 3)":null},"Iniciado en: ":{"('0154-S-2007', 0)":"Senado","('0154-S-2007', 1)":null,"('0154-S-2007', 2)":null,"('0154-S-2007', 3)":null},"Expediente Diputados: ":{"('0154-S-2007', 0)":"0154-S-2007","('0154-S-2007', 1)":null,"('0154-S-2007', 2)":null,"('0154-S-2007', 3)":null},"Expediente Senado: ":{"('0154-S-2007', 0)":"0326-PE-2007","('0154-S-2007', 1)":null,"('0154-S-2007', 2)":null,"('0154-S-2007', 3)":null},"Publicado en: ":{"('0154-S-2007', 0)":"Diario de Asuntos Entrados N\u00b0 142","('0154-S-2007', 1)":null,"('0154-S-2007', 2)":null,"('0154-S-2007', 3)":null},"Fecha: ":{"('0154-S-2007', 0)":"18\/10\/2007","('0154-S-2007', 1)":null,"('0154-S-2007', 2)":null,"('0154-S-2007', 3)":null},"T\u00edtulo":{"('0154-S-2007', 0)":"APROBACION DEL ACUERDO COMPLEMENTARIO DE ASISTENCIA JURIDICA MUTUA EN ASUNTOS PENALES ENTRE LOS ESTADOS PARTES DEL MERCOSUR, LA REPUBLICA DE BOLIVIA Y LA REPUBLICA DE CHILE, SUSCRITO EN BRASILIA, REPUBLICA FEDERATIVA DEL BRASIL, EL 5 DE DICIEMBRE DE 2002, Y DE LA FE DE ERRATAS AL MENCIONADO ACUERDO SUSCRITA POR LOS MISMOS ESTADOS EL 7 DE JULIO DE 2004 EN LA CIUDAD DE PUERTO IGUAZU, REPUBLICA ARGENTINA.","('0154-S-2007', 1)":null,"('0154-S-2007', 2)":null,"('0154-S-2007', 3)":null},"('Firmantes', 'FIRMANTE')":{"('0154-S-2007', 0)":"KIRCHNER, NESTOR CARLOS","('0154-S-2007', 1)":"FERNANDEZ, ALBERTO","('0154-S-2007', 2)":"TAIANA, JORGE ENRIQUE","('0154-S-2007', 3)":null},"('Firmantes', 'DISTRITO')":{"('0154-S-2007', 0)":null,"('0154-S-2007', 1)":null,"('0154-S-2007', 2)":null,"('0154-S-2007', 3)":null},"('Firmantes', 'BLOQUE')":{"('0154-S-2007', 0)":"PODER EJECUTIVO","('0154-S-2007', 1)":"PODER EJECUTIVO","('0154-S-2007', 2)":"PODER EJECUTIVO","('0154-S-2007', 3)":null},"('Giros', 'COMISI\u00d3N')":{"('0154-S-2007', 0)":"RELACIONES EXTERIORES Y CULTO","('0154-S-2007', 1)":"MERCOSUR","('0154-S-2007', 2)":"LEGISLACION PENAL","('0154-S-2007', 3)":null},"('Tramites', 'C\u00c1MARA')":{"('0154-S-2007', 0)":"Senado","('0154-S-2007', 1)":"Diputados","('0154-S-2007', 2)":"Diputados","('0154-S-2007', 3)":"Diputados"},"('Tramites', 'MOVIMIENTO')":{"('0154-S-2007', 0)":"CONSIDERACION Y APROBACION","('0154-S-2007', 1)":"PASA A DIPUTADOS -","('0154-S-2007', 2)":"MOCION SOBRE TABLAS (PLAN DE LABOR) (AFIRMATIVA)","('0154-S-2007', 3)":"CONSIDERACION Y SANCION (VOTACION NOMINAL)"},"('Tramites', 'FECHA')":{"('0154-S-2007', 0)":"21\/11\/2007","('0154-S-2007', 1)":null,"('0154-S-2007', 2)":"27\/08\/2014","('0154-S-2007', 3)":"27\/08\/2014"},"('Tramites', 'RESULTADO')":{"('0154-S-2007', 0)":"MEDIA SANCION","('0154-S-2007', 1)":null,"('0154-S-2007', 2)":null,"('0154-S-2007', 3)":"SANCIONADO"},"Link":{"('0154-S-2007', 0)":"https:\/\/www4.hcdn.gob.ar\/dependencias\/dsecretaria\/Periodo2007\/PDF2007\/TP2007\/0154-S-07.pdf","('0154-S-2007', 1)":null,"('0154-S-2007', 2)":null,"('0154-S-2007', 3)":null},"Palabra Clave":{"('0154-S-2007', 0)":" ","('0154-S-2007', 1)":null,"('0154-S-2007', 2)":null,"('0154-S-2007', 3)":null}}