{"Tipo de Proyecto":{"('0155-PE-2007', 0)":"MENSAJE NRO: 0215\/07","('0155-PE-2007', 1)":null,"('0155-PE-2007', 2)":null},"Iniciado en: ":{"('0155-PE-2007', 0)":"Senado","('0155-PE-2007', 1)":null,"('0155-PE-2007', 2)":null},"Expediente Senado: ":{"('0155-PE-2007', 0)":"0155-PE-2007","('0155-PE-2007', 1)":null,"('0155-PE-2007', 2)":null},"Publicado en: ":{"('0155-PE-2007', 0)":"Diario de Asuntos Entrados N\u00b0 90","('0155-PE-2007', 1)":null,"('0155-PE-2007', 2)":null},"Fecha: ":{"('0155-PE-2007', 0)":"27\/06\/2007","('0155-PE-2007', 1)":null,"('0155-PE-2007', 2)":null},"T\u00edtulo":{"('0155-PE-2007', 0)":"COMUNICACION DEL DICTADO DEL DECRETO DE NECESIDAD Y URGENCIA 757\/2007 DE HOMOLOGACION DE ACUERDOS LABORALES EN EL AMBITO DE LA ADMINISTRACION PUBLICA.","('0155-PE-2007', 1)":null,"('0155-PE-2007', 2)":null},"('Firmantes', 'FIRMANTE')":{"('0155-PE-2007', 0)":"KIRCHNER, NESTOR CARLOS","('0155-PE-2007', 1)":"FERNANDEZ, ALBERTO","('0155-PE-2007', 2)":"FERNANDEZ, ANIBAL"},"('Firmantes', 'DISTRITO')":{"('0155-PE-2007', 0)":null,"('0155-PE-2007', 1)":null,"('0155-PE-2007', 2)":null},"('Firmantes', 'BLOQUE')":{"('0155-PE-2007', 0)":"PODER EJECUTIVO","('0155-PE-2007', 1)":"PODER EJECUTIVO","('0155-PE-2007', 2)":"PODER EJECUTIVO"},"('Tramites', 'C\u00c1MARA')":{"('0155-PE-2007', 0)":"Senado","('0155-PE-2007', 1)":"Diputados","('0155-PE-2007', 2)":null},"('Tramites', 'MOVIMIENTO')":{"('0155-PE-2007', 0)":"CONSIDERACION Y APROBACION","('0155-PE-2007', 1)":"PASA A DIPUTADOS -","('0155-PE-2007', 2)":null},"('Tramites', 'FECHA')":{"('0155-PE-2007', 0)":"09\/04\/2008","('0155-PE-2007', 1)":null,"('0155-PE-2007', 2)":null},"('Tramites', 'RESULTADO')":{"('0155-PE-2007', 0)":"APROBADO","('0155-PE-2007', 1)":null,"('0155-PE-2007', 2)":null},"Palabra Clave":{"('0155-PE-2007', 0)":" ","('0155-PE-2007', 1)":null,"('0155-PE-2007', 2)":null}}