{"Tipo de Proyecto":{"('0155-S-2007', 0)":"MENSAJE NRO: 1423\/07 Y PROYECTO DE LEY","('0155-S-2007', 1)":null,"('0155-S-2007', 2)":null,"('0155-S-2007', 3)":null},"Iniciado en: ":{"('0155-S-2007', 0)":"Senado","('0155-S-2007', 1)":null,"('0155-S-2007', 2)":null,"('0155-S-2007', 3)":null},"Expediente Diputados: ":{"('0155-S-2007', 0)":"0155-S-2007","('0155-S-2007', 1)":null,"('0155-S-2007', 2)":null,"('0155-S-2007', 3)":null},"Expediente Senado: ":{"('0155-S-2007', 0)":"0330-PE-2007","('0155-S-2007', 1)":null,"('0155-S-2007', 2)":null,"('0155-S-2007', 3)":null},"Publicado en: ":{"('0155-S-2007', 0)":"Diario de Asuntos Entrados N\u00b0 142","('0155-S-2007', 1)":null,"('0155-S-2007', 2)":null,"('0155-S-2007', 3)":null},"Fecha: ":{"('0155-S-2007', 0)":"18\/10\/2007","('0155-S-2007', 1)":null,"('0155-S-2007', 2)":null,"('0155-S-2007', 3)":null},"T\u00edtulo":{"('0155-S-2007', 0)":"APROBACION DEL ACUERDO ENTRE LA REPUBLICA ARGENTINA Y EL GOBIERNO DEL ESTADO DE ISRAEL SOBRE COOPERACION BILATERAL PARA INVESTIGACION Y DESARROLLO INDUSTRIAL EN EL SECTOR PRIVADO, SUSCRIPTO EN JERUSALEN, ESTADO DE ISRAEL, EL 16 DE NOVIEMBRE DE 2006.","('0155-S-2007', 1)":null,"('0155-S-2007', 2)":null,"('0155-S-2007', 3)":null},"('Firmantes', 'FIRMANTE')":{"('0155-S-2007', 0)":"KIRCHNER, NESTOR CARLOS","('0155-S-2007', 1)":"FERNANDEZ, ALBERTO","('0155-S-2007', 2)":"TAIANA, JORGE ENRIQUE","('0155-S-2007', 3)":"FILMUS, DANIEL"},"('Firmantes', 'DISTRITO')":{"('0155-S-2007', 0)":null,"('0155-S-2007', 1)":null,"('0155-S-2007', 2)":null,"('0155-S-2007', 3)":null},"('Firmantes', 'BLOQUE')":{"('0155-S-2007', 0)":"PODER EJECUTIVO","('0155-S-2007', 1)":"PODER EJECUTIVO","('0155-S-2007', 2)":"PODER EJECUTIVO","('0155-S-2007', 3)":"PODER EJECUTIVO"},"('Giros', 'COMISI\u00d3N')":{"('0155-S-2007', 0)":"RELACIONES EXTERIORES Y CULTO","('0155-S-2007', 1)":"INDUSTRIA","('0155-S-2007', 2)":null,"('0155-S-2007', 3)":null},"('Tramites', 'C\u00c1MARA')":{"('0155-S-2007', 0)":"Senado","('0155-S-2007', 1)":"Diputados","('0155-S-2007', 2)":"Diputados","('0155-S-2007', 3)":null},"('Tramites', 'MOVIMIENTO')":{"('0155-S-2007', 0)":"CONSIDERACION Y APROBACION","('0155-S-2007', 1)":"PASA A DIPUTADOS -","('0155-S-2007', 2)":"CONSIDERACION Y SANCION","('0155-S-2007', 3)":null},"('Tramites', 'FECHA')":{"('0155-S-2007', 0)":"21\/11\/2007","('0155-S-2007', 1)":null,"('0155-S-2007', 2)":"03\/12\/2008","('0155-S-2007', 3)":null},"('Tramites', 'RESULTADO')":{"('0155-S-2007', 0)":"MEDIA SANCION","('0155-S-2007', 1)":null,"('0155-S-2007', 2)":"SANCIONADO","('0155-S-2007', 3)":null},"Link":{"('0155-S-2007', 0)":"https:\/\/www4.hcdn.gob.ar\/dependencias\/dsecretaria\/Periodo2007\/PDF2007\/TP2007\/0155-S-07.pdf","('0155-S-2007', 1)":null,"('0155-S-2007', 2)":null,"('0155-S-2007', 3)":null},"Palabra Clave":{"('0155-S-2007', 0)":" ","('0155-S-2007', 1)":null,"('0155-S-2007', 2)":null,"('0155-S-2007', 3)":null}}