{"Tipo de Proyecto":{"('0155-D-2007', 0)":"PROYECTO DE RESOLUCI\u00d3N"},"Iniciado en: ":{"('0155-D-2007', 0)":"Diputados"},"Expediente Diputados: ":{"('0155-D-2007', 0)":"0155-D-2007"},"Publicado en: ":{"('0155-D-2007', 0)":"Tr\u00e1mite Parlamentario N\u00b0 2"},"Fecha: ":{"('0155-D-2007', 0)":"02\/03\/2007"},"T\u00edtulo":{"('0155-D-2007', 0)":"SOLICITAR AL PODER EJECUTIVO DISPONGA CONTROLAR LAS VENTAS DE MEDICAMENTOS EN SALONES DE VENTAS Y\/O KIOSCOS."},"('Firmantes', 'FIRMANTE')":{"('0155-D-2007', 0)":"STORERO, HUGO GUILLERMO"},"('Firmantes', 'DISTRITO')":{"('0155-D-2007', 0)":"SANTA FE"},"('Firmantes', 'BLOQUE')":{"('0155-D-2007', 0)":"UCR"},"('Giros', 'COMISI\u00d3N')":{"('0155-D-2007', 0)":"ACCION SOCIAL Y SALUD PUBLICA"},"Link":{"('0155-D-2007', 0)":"https:\/\/www.hcdn.gob.ar\/proyectos\/textoCompleto.jsp?exp=0155-D-2007&tipo=RESOLUCION"},"Palabra Clave":{"('0155-D-2007', 0)":" "}}