{"Tipo de Proyecto":{"('0156-PE-2007', 0)":"MENSAJE NRO: 0825\/07","('0156-PE-2007', 1)":null,"('0156-PE-2007', 2)":null,"('0156-PE-2007', 3)":null},"Iniciado en: ":{"('0156-PE-2007', 0)":"Senado","('0156-PE-2007', 1)":null,"('0156-PE-2007', 2)":null,"('0156-PE-2007', 3)":null},"Expediente Senado: ":{"('0156-PE-2007', 0)":"0156-PE-2007","('0156-PE-2007', 1)":null,"('0156-PE-2007', 2)":null,"('0156-PE-2007', 3)":null},"Publicado en: ":{"('0156-PE-2007', 0)":"Diario de Asuntos Entrados N\u00b0 92","('0156-PE-2007', 1)":null,"('0156-PE-2007', 2)":null,"('0156-PE-2007', 3)":null},"Fecha: ":{"('0156-PE-2007', 0)":"29\/06\/2007","('0156-PE-2007', 1)":null,"('0156-PE-2007', 2)":null,"('0156-PE-2007', 3)":null},"T\u00edtulo":{"('0156-PE-2007', 0)":"REMISION DE COPIA DEL TEXTO CORRESPONDIENTE A LA RECOMENDACION RELATIVA  LAS CONDICIONES GENERALES PARA FOMENTAR LA CREACION DE EMPLEOS EN LAS PEQUE\u00d1AS Y MEDIANAS EMPRESAS, 1998, ADOPTADA EN LA 86 REUNION DE LA CONFERENCIA INTERNACIONAL DEL TRABAJO, CELEBRADA EN GINEBRA DEL 2 AL 18\/06\/1998.","('0156-PE-2007', 1)":null,"('0156-PE-2007', 2)":null,"('0156-PE-2007', 3)":null},"('Firmantes', 'FIRMANTE')":{"('0156-PE-2007', 0)":"KIRCHNER, NESTOR CARLOS","('0156-PE-2007', 1)":"FERNANDEZ, ALBERTO","('0156-PE-2007', 2)":"TAIANA, JORGE ENRIQUE","('0156-PE-2007', 3)":"TOMADA, CARLOS"},"('Firmantes', 'DISTRITO')":{"('0156-PE-2007', 0)":null,"('0156-PE-2007', 1)":null,"('0156-PE-2007', 2)":null,"('0156-PE-2007', 3)":null},"('Firmantes', 'BLOQUE')":{"('0156-PE-2007', 0)":"PODER EJECUTIVO","('0156-PE-2007', 1)":"PODER EJECUTIVO","('0156-PE-2007', 2)":"PODER EJECUTIVO","('0156-PE-2007', 3)":"PODER EJECUTIVO"},"Palabra Clave":{"('0156-PE-2007', 0)":" ","('0156-PE-2007', 1)":null,"('0156-PE-2007', 2)":null,"('0156-PE-2007', 3)":null}}