{"Tipo de Proyecto":{"('0156-S-2007', 0)":"MENSAJE NRO: 1516\/07 Y PROYECTO DE LEY","('0156-S-2007', 1)":null,"('0156-S-2007', 2)":null,"('0156-S-2007', 3)":null},"Iniciado en: ":{"('0156-S-2007', 0)":"Senado","('0156-S-2007', 1)":null,"('0156-S-2007', 2)":null,"('0156-S-2007', 3)":null},"Expediente Diputados: ":{"('0156-S-2007', 0)":"0156-S-2007","('0156-S-2007', 1)":null,"('0156-S-2007', 2)":null,"('0156-S-2007', 3)":null},"Expediente Senado: ":{"('0156-S-2007', 0)":"0365-PE-2007","('0156-S-2007', 1)":null,"('0156-S-2007', 2)":null,"('0156-S-2007', 3)":null},"Publicado en: ":{"('0156-S-2007', 0)":"Diario de Asuntos Entrados N\u00b0 147","('0156-S-2007', 1)":null,"('0156-S-2007', 2)":null,"('0156-S-2007', 3)":null},"Fecha: ":{"('0156-S-2007', 0)":"30\/10\/2007","('0156-S-2007', 1)":null,"('0156-S-2007', 2)":null,"('0156-S-2007', 3)":null},"T\u00edtulo":{"('0156-S-2007', 0)":"APROBACION DEL ACUERDO CONTRA EL TRAFICO ILICITO DE MIGRANTES ENTRE LOS ESTADOS PARTE DEL MERCOSUR, LA REPUBLICA DE BOLIVIA Y LA REPUBLICA DE CHILE, SUSCRIPTO EN BELO HORIZONTE, BRASIL, EL 16 DE DICIEMBRE DE 2004.","('0156-S-2007', 1)":null,"('0156-S-2007', 2)":null,"('0156-S-2007', 3)":null},"('Firmantes', 'FIRMANTE')":{"('0156-S-2007', 0)":"KIRCHNER, NESTOR CARLOS","('0156-S-2007', 1)":"FERNANDEZ, ALBERTO","('0156-S-2007', 2)":"TAIANA, JORGE ENRIQUE","('0156-S-2007', 3)":null},"('Firmantes', 'DISTRITO')":{"('0156-S-2007', 0)":null,"('0156-S-2007', 1)":null,"('0156-S-2007', 2)":null,"('0156-S-2007', 3)":null},"('Firmantes', 'BLOQUE')":{"('0156-S-2007', 0)":"PODER EJECUTIVO","('0156-S-2007', 1)":"PODER EJECUTIVO","('0156-S-2007', 2)":"PODER EJECUTIVO","('0156-S-2007', 3)":null},"('Giros', 'COMISI\u00d3N')":{"('0156-S-2007', 0)":"RELACIONES EXTERIORES Y CULTO","('0156-S-2007', 1)":"MERCOSUR","('0156-S-2007', 2)":"POBLACION Y DESARROLLO HUMANO","('0156-S-2007', 3)":null},"('Tramites', 'C\u00c1MARA')":{"('0156-S-2007', 0)":"Senado","('0156-S-2007', 1)":"Diputados","('0156-S-2007', 2)":"Diputados","('0156-S-2007', 3)":"Diputados"},"('Tramites', 'MOVIMIENTO')":{"('0156-S-2007', 0)":"CONSIDERACION Y APROBACION","('0156-S-2007', 1)":"PASA A DIPUTADOS -","('0156-S-2007', 2)":"MOCION SOBRE TABLAS (PLAN DE LABOR) (AFIRMATIVA)","('0156-S-2007', 3)":"CONSIDERACION Y SANCION"},"('Tramites', 'FECHA')":{"('0156-S-2007', 0)":"21\/11\/2007","('0156-S-2007', 1)":null,"('0156-S-2007', 2)":"21\/05\/2008","('0156-S-2007', 3)":"21\/05\/2008"},"('Tramites', 'RESULTADO')":{"('0156-S-2007', 0)":"MEDIA SANCION","('0156-S-2007', 1)":null,"('0156-S-2007', 2)":null,"('0156-S-2007', 3)":"SANCIONADO"},"Link":{"('0156-S-2007', 0)":"https:\/\/www4.hcdn.gob.ar\/dependencias\/dsecretaria\/Periodo2007\/PDF2007\/TP2007\/0156-S-07.pdf","('0156-S-2007', 1)":null,"('0156-S-2007', 2)":null,"('0156-S-2007', 3)":null},"Palabra Clave":{"('0156-S-2007', 0)":" ","('0156-S-2007', 1)":null,"('0156-S-2007', 2)":null,"('0156-S-2007', 3)":null}}