{"Tipo de Proyecto":{"('0157-D-2007', 0)":"PROYECTO DE RESOLUCI\u00d3N"},"Iniciado en: ":{"('0157-D-2007', 0)":"Diputados"},"Expediente Diputados: ":{"('0157-D-2007', 0)":"0157-D-2007"},"Publicado en: ":{"('0157-D-2007', 0)":"Tr\u00e1mite Parlamentario N\u00b0 2"},"Fecha: ":{"('0157-D-2007', 0)":"02\/03\/2007"},"T\u00edtulo":{"('0157-D-2007', 0)":"ORGANIZAR EN FORMA ANUAL Y PERMANENTE LA SEMANA DE LA CULTURA EN EL AMBITO DE LA H. CAMARA DE DIPUTADOS."},"('Firmantes', 'FIRMANTE')":{"('0157-D-2007', 0)":"STORERO, HUGO GUILLERMO"},"('Firmantes', 'DISTRITO')":{"('0157-D-2007', 0)":"SANTA FE"},"('Firmantes', 'BLOQUE')":{"('0157-D-2007', 0)":"UCR"},"('Giros', 'COMISI\u00d3N')":{"('0157-D-2007', 0)":"CULTURA"},"Sumario":{"('0157-D-2007', 0)":"ESCENARIO: SALON DE LOS PASOS PERDIDOS Y SALON AUDITORIUM; ORGANIZACION Y PROGRAMACION A CARGO DE LA COMISION DE CULTURA; LA SEMANA SE LLEVARA A CABO A PARTIR DEL 11 DE SEPTIEMBRE."},"Palabra Clave":{"('0157-D-2007', 0)":" "}}