{"Tipo de Proyecto":{"('0159-D-2007', 0)":"PROYECTO DE RESOLUCI\u00d3N","('0159-D-2007', 1)":null},"Iniciado en: ":{"('0159-D-2007', 0)":"Diputados","('0159-D-2007', 1)":null},"Expediente Diputados: ":{"('0159-D-2007', 0)":"0159-D-2007","('0159-D-2007', 1)":null},"Publicado en: ":{"('0159-D-2007', 0)":"Tr\u00e1mite Parlamentario N\u00b0 2","('0159-D-2007', 1)":null},"Fecha: ":{"('0159-D-2007', 0)":"02\/03\/2007","('0159-D-2007', 1)":null},"T\u00edtulo":{"('0159-D-2007', 0)":"DECLARAR DE INTERES DE LA H. CAMARA EL \"IV FORO LATINOAMERICANO Y DEL CARIBE EN VIH \/ SIDA E ITS\", A REALIZARSE DEL 17 AL 20 DE ABRIL DE 2007 EN LA CIUDAD AUTONOMA DE BUENOS AIRES.","('0159-D-2007', 1)":null},"('Firmantes', 'FIRMANTE')":{"('0159-D-2007', 0)":"SYLVESTRE BEGNIS, JUAN HECTOR","('0159-D-2007', 1)":null},"('Firmantes', 'DISTRITO')":{"('0159-D-2007', 0)":"SANTA FE","('0159-D-2007', 1)":null},"('Firmantes', 'BLOQUE')":{"('0159-D-2007', 0)":"FRENTE PARA LA VICTORIA - PJ","('0159-D-2007', 1)":null},"('Giros', 'COMISI\u00d3N')":{"('0159-D-2007', 0)":"ACCION SOCIAL Y SALUD PUBLICA","('0159-D-2007', 1)":null},"('Tramites', 'C\u00c1MARA')":{"('0159-D-2007', 0)":"Diputados","('0159-D-2007', 1)":"Diputados"},"('Tramites', 'MOVIMIENTO')":{"('0159-D-2007', 0)":"MOCION SOBRE TABLAS (PLAN DE LABOR) (AFIRMATIVA)","('0159-D-2007', 1)":"CONSIDERACION Y APROBACION"},"('Tramites', 'FECHA')":{"('0159-D-2007', 0)":"14\/03\/2007","('0159-D-2007', 1)":"14\/03\/2007"},"('Tramites', 'RESULTADO')":{"('0159-D-2007', 0)":null,"('0159-D-2007', 1)":"APROBADO"},"Link":{"('0159-D-2007', 0)":"https:\/\/www.hcdn.gob.ar\/proyectos\/textoCompleto.jsp?exp=0159-D-2007&tipo=RESOLUCION","('0159-D-2007', 1)":null},"Palabra Clave":{"('0159-D-2007', 0)":" ","('0159-D-2007', 1)":null}}