{"Tipo de Proyecto":{"('0159-PE-2007', 0)":"MENSAJE NRO: 0829\/07 Y PROYECTO DE LEY","('0159-PE-2007', 1)":null,"('0159-PE-2007', 2)":null},"Iniciado en: ":{"('0159-PE-2007', 0)":"Senado","('0159-PE-2007', 1)":null,"('0159-PE-2007', 2)":null},"Expediente Senado: ":{"('0159-PE-2007', 0)":"0159-PE-2007","('0159-PE-2007', 1)":null,"('0159-PE-2007', 2)":null},"Publicado en: ":{"('0159-PE-2007', 0)":"Diario de Asuntos Entrados N\u00b0 96","('0159-PE-2007', 1)":null,"('0159-PE-2007', 2)":null},"Fecha: ":{"('0159-PE-2007', 0)":"05\/07\/2007","('0159-PE-2007', 1)":null,"('0159-PE-2007', 2)":null},"T\u00edtulo":{"('0159-PE-2007', 0)":"REGIMEN JURIDICO DEL TELETRABAJO EN RELACION DE DEPENDENCIA.","('0159-PE-2007', 1)":null,"('0159-PE-2007', 2)":null},"('Firmantes', 'FIRMANTE')":{"('0159-PE-2007', 0)":"KIRCHNER, NESTOR CARLOS","('0159-PE-2007', 1)":"FERNANDEZ, ALBERTO","('0159-PE-2007', 2)":"TOMADA, CARLOS"},"('Firmantes', 'DISTRITO')":{"('0159-PE-2007', 0)":null,"('0159-PE-2007', 1)":null,"('0159-PE-2007', 2)":null},"('Firmantes', 'BLOQUE')":{"('0159-PE-2007', 0)":"PODER EJECUTIVO","('0159-PE-2007', 1)":"PODER EJECUTIVO","('0159-PE-2007', 2)":"PODER EJECUTIVO"},"Sumario":{"('0159-PE-2007', 0)":"DEFINICIONES; DERECHOS; COMPENSACIONES POR GASTOS; APLICACION DE LA LEY 20744 DE CONTRATO DE TRABAJO EN LO QUE NO ESTE PREVISTO EN LA PRESENTE.","('0159-PE-2007', 1)":null,"('0159-PE-2007', 2)":null},"Palabra Clave":{"('0159-PE-2007', 0)":" ","('0159-PE-2007', 1)":null,"('0159-PE-2007', 2)":null}}