{"Tipo de Proyecto":{"('0162-D-2007', 0)":"PROYECTO DE RESOLUCI\u00d3N"},"Iniciado en: ":{"('0162-D-2007', 0)":"Diputados"},"Expediente Diputados: ":{"('0162-D-2007', 0)":"0162-D-2007"},"Publicado en: ":{"('0162-D-2007', 0)":"Tr\u00e1mite Parlamentario N\u00b0 2"},"Fecha: ":{"('0162-D-2007', 0)":"02\/03\/2007"},"T\u00edtulo":{"('0162-D-2007', 0)":"PEDIDO DE INFORMES AL PODER EJECUTIVO SOBRE EL USO Y DESTINO DE LOS FONDOS PROVENIENTES DE PRESTAMOS DE ORGANISMOS INTERNACIONALES MULTILATERALES, Y OTRAS CUESTIONES CONEXAS."},"('Firmantes', 'FIRMANTE')":{"('0162-D-2007', 0)":"RAIMUNDI, CARLOS"},"('Firmantes', 'DISTRITO')":{"('0162-D-2007', 0)":"BUENOS AIRES"},"('Firmantes', 'BLOQUE')":{"('0162-D-2007', 0)":"ARI"},"('Giros', 'COMISI\u00d3N')":{"('0162-D-2007', 0)":"PRESUPUESTO Y HACIENDA"},"Link":{"('0162-D-2007', 0)":"https:\/\/www.hcdn.gob.ar\/proyectos\/textoCompleto.jsp?exp=0162-D-2007&tipo=RESOLUCION"},"Palabra Clave":{"('0162-D-2007', 0)":" "}}