{"Tipo de Proyecto":{"('0163-S-2007', 0)":"COMUNICACION"},"Iniciado en: ":{"('0163-S-2007', 0)":"Senado"},"Expediente Senado: ":{"('0163-S-2007', 0)":"0163-S-2007"},"Publicado en: ":{"('0163-S-2007', 0)":"Diario de Asuntos Entrados N\u00b0 7"},"Fecha: ":{"('0163-S-2007', 0)":"07\/03\/2007"},"T\u00edtulo":{"('0163-S-2007', 0)":"PEDIDO DE INFORMES AL PODER EJECUTIVO SOBRE DIVERSOS ASPECTOS VINCULADOS CON LAS LINEAS DE EXTRA ALTA TENSION DE 500 KV ( LEAT 500 KV ) DEL PLAN FEDERAL DE TRANSPORTE DE ENERGIA ELECTRICA ."},"('Firmantes', 'FIRMANTE')":{"('0163-S-2007', 0)":"MARTINEZ, ALFREDO ANSELMO"},"('Firmantes', 'DISTRITO')":{"('0163-S-2007', 0)":"SANTA CRUZ"},"('Firmantes', 'BLOQUE')":{"('0163-S-2007', 0)":"UCR"},"Link":{"('0163-S-2007', 0)":"http:\/\/www.senado.gov.ar\/parlamentario\/comisiones\/verExp\/163.07\/S\/PC"},"Palabra Clave":{"('0163-S-2007', 0)":" "}}