{"Tipo de Proyecto":{"('0164-S-2007', 0)":"PROYECTO DE LEY","('0164-S-2007', 1)":null,"('0164-S-2007', 2)":null,"('0164-S-2007', 3)":null,"('0164-S-2007', 4)":null,"('0164-S-2007', 5)":null,"('0164-S-2007', 6)":null,"('0164-S-2007', 7)":null,"('0164-S-2007', 8)":null},"Iniciado en: ":{"('0164-S-2007', 0)":"Senado","('0164-S-2007', 1)":null,"('0164-S-2007', 2)":null,"('0164-S-2007', 3)":null,"('0164-S-2007', 4)":null,"('0164-S-2007', 5)":null,"('0164-S-2007', 6)":null,"('0164-S-2007', 7)":null,"('0164-S-2007', 8)":null},"Expediente Diputados: ":{"('0164-S-2007', 0)":"0164-S-2007","('0164-S-2007', 1)":null,"('0164-S-2007', 2)":null,"('0164-S-2007', 3)":null,"('0164-S-2007', 4)":null,"('0164-S-2007', 5)":null,"('0164-S-2007', 6)":null,"('0164-S-2007', 7)":null,"('0164-S-2007', 8)":null},"Expediente Senado: ":{"('0164-S-2007', 0)":"0719-S-2007","('0164-S-2007', 1)":null,"('0164-S-2007', 2)":null,"('0164-S-2007', 3)":null,"('0164-S-2007', 4)":null,"('0164-S-2007', 5)":null,"('0164-S-2007', 6)":null,"('0164-S-2007', 7)":null,"('0164-S-2007', 8)":null},"Publicado en: ":{"('0164-S-2007', 0)":"Diario de Asuntos Entrados N\u00b0 35","('0164-S-2007', 1)":null,"('0164-S-2007', 2)":null,"('0164-S-2007', 3)":null,"('0164-S-2007', 4)":null,"('0164-S-2007', 5)":null,"('0164-S-2007', 6)":null,"('0164-S-2007', 7)":null,"('0164-S-2007', 8)":null},"Fecha: ":{"('0164-S-2007', 0)":"11\/04\/2007","('0164-S-2007', 1)":null,"('0164-S-2007', 2)":null,"('0164-S-2007', 3)":null,"('0164-S-2007', 4)":null,"('0164-S-2007', 5)":null,"('0164-S-2007', 6)":null,"('0164-S-2007', 7)":null,"('0164-S-2007', 8)":null},"T\u00edtulo":{"('0164-S-2007', 0)":"CREACION DE LA UNIVERSIDAD NACIONAL DE AVELLANEDA, PROVINCIA DE BUENOS AIRES.","('0164-S-2007', 1)":null,"('0164-S-2007', 2)":null,"('0164-S-2007', 3)":null,"('0164-S-2007', 4)":null,"('0164-S-2007', 5)":null,"('0164-S-2007', 6)":null,"('0164-S-2007', 7)":null,"('0164-S-2007', 8)":null},"('Firmantes', 'FIRMANTE')":{"('0164-S-2007', 0)":"PAMPURO, JOSE JUAN BAUTISTA","('0164-S-2007', 1)":null,"('0164-S-2007', 2)":null,"('0164-S-2007', 3)":null,"('0164-S-2007', 4)":null,"('0164-S-2007', 5)":null,"('0164-S-2007', 6)":null,"('0164-S-2007', 7)":null,"('0164-S-2007', 8)":null},"('Firmantes', 'DISTRITO')":{"('0164-S-2007', 0)":"BUENOS AIRES","('0164-S-2007', 1)":null,"('0164-S-2007', 2)":null,"('0164-S-2007', 3)":null,"('0164-S-2007', 4)":null,"('0164-S-2007', 5)":null,"('0164-S-2007', 6)":null,"('0164-S-2007', 7)":null,"('0164-S-2007', 8)":null},"('Firmantes', 'BLOQUE')":{"('0164-S-2007', 0)":"JUSTICIALISTA","('0164-S-2007', 1)":null,"('0164-S-2007', 2)":null,"('0164-S-2007', 3)":null,"('0164-S-2007', 4)":null,"('0164-S-2007', 5)":null,"('0164-S-2007', 6)":null,"('0164-S-2007', 7)":null,"('0164-S-2007', 8)":null},"('Giros', 'COMISI\u00d3N')":{"('0164-S-2007', 0)":"EDUCACION","('0164-S-2007', 1)":"PRESUPUESTO Y HACIENDA","('0164-S-2007', 2)":null,"('0164-S-2007', 3)":null,"('0164-S-2007', 4)":null,"('0164-S-2007', 5)":null,"('0164-S-2007', 6)":null,"('0164-S-2007', 7)":null,"('0164-S-2007', 8)":null},"('Tramites', 'C\u00c1MARA')":{"('0164-S-2007', 0)":"Senado","('0164-S-2007', 1)":"Senado","('0164-S-2007', 2)":"Senado","('0164-S-2007', 3)":"Diputados","('0164-S-2007', 4)":"Diputados","('0164-S-2007', 5)":"Diputados","('0164-S-2007', 6)":"Diputados","('0164-S-2007', 7)":"Diputados","('0164-S-2007', 8)":"Diputados"},"('Tramites', 'MOVIMIENTO')":{"('0164-S-2007', 0)":"MOCION SOBRE TABLAS (AFIRMATIVA)","('0164-S-2007', 1)":"CONSIDERACION Y APROBACION","('0164-S-2007', 2)":"INSERCION DEL SENADOR GIUSTINIANI","('0164-S-2007', 3)":"PASA A DIPUTADOS -","('0164-S-2007', 4)":"MOCION DE PREFERENCIA (AFIRMATIVA)","('0164-S-2007', 5)":"MOCION DE PREFERENCIA PARA LA PROXIMA SESION CON DICTAMEN (AFIRMATIVA)","('0164-S-2007', 6)":"MOCION SOBRE TABLAS (AFIRMATIVA)","('0164-S-2007', 7)":"CONSIDERACION Y SANCION","('0164-S-2007', 8)":"INSERCION DE LAS DIPUTADAS AUGSBURGER, BALDATA, BARTOLUCCI Y GUERCI"},"('Tramites', 'FECHA')":{"('0164-S-2007', 0)":"28\/11\/2007","('0164-S-2007', 1)":"28\/11\/2007","('0164-S-2007', 2)":"28\/11\/2007","('0164-S-2007', 3)":null,"('0164-S-2007', 4)":"20\/05\/2009","('0164-S-2007', 5)":"05\/08\/2009","('0164-S-2007', 6)":"28\/10\/2009","('0164-S-2007', 7)":"11\/11\/2009","('0164-S-2007', 8)":"11\/11\/2009"},"('Tramites', 'RESULTADO')":{"('0164-S-2007', 0)":null,"('0164-S-2007', 1)":"MEDIA SANCION","('0164-S-2007', 2)":null,"('0164-S-2007', 3)":null,"('0164-S-2007', 4)":null,"('0164-S-2007', 5)":null,"('0164-S-2007', 6)":null,"('0164-S-2007', 7)":"SANCIONADO","('0164-S-2007', 8)":null},"Link":{"('0164-S-2007', 0)":"https:\/\/www4.hcdn.gob.ar\/dependencias\/dsecretaria\/Periodo2007\/PDF2007\/TP2007\/0164-S-07.pdf","('0164-S-2007', 1)":null,"('0164-S-2007', 2)":null,"('0164-S-2007', 3)":null,"('0164-S-2007', 4)":null,"('0164-S-2007', 5)":null,"('0164-S-2007', 6)":null,"('0164-S-2007', 7)":null,"('0164-S-2007', 8)":null},"Palabra Clave":{"('0164-S-2007', 0)":" ","('0164-S-2007', 1)":null,"('0164-S-2007', 2)":null,"('0164-S-2007', 3)":null,"('0164-S-2007', 4)":null,"('0164-S-2007', 5)":null,"('0164-S-2007', 6)":null,"('0164-S-2007', 7)":null,"('0164-S-2007', 8)":null}}