{"Tipo de Proyecto":{"('0166-PE-2007', 0)":"MENSAJE NRO: 0265\/07","('0166-PE-2007', 1)":null,"('0166-PE-2007', 2)":null},"Iniciado en: ":{"('0166-PE-2007', 0)":"Senado","('0166-PE-2007', 1)":null,"('0166-PE-2007', 2)":null},"Expediente Senado: ":{"('0166-PE-2007', 0)":"0166-PE-2007","('0166-PE-2007', 1)":null,"('0166-PE-2007', 2)":null},"Publicado en: ":{"('0166-PE-2007', 0)":"Diario de Asuntos Entrados N\u00b0 98","('0166-PE-2007', 1)":null,"('0166-PE-2007', 2)":null},"Fecha: ":{"('0166-PE-2007', 0)":"10\/07\/2007","('0166-PE-2007', 1)":null,"('0166-PE-2007', 2)":null},"T\u00edtulo":{"('0166-PE-2007', 0)":"COMUNICACION DEL DICTADO DEL DECRETO DE NECESIDAD Y URGENCIA 871\/2007 TENDIENTE A ACTUALIZAR REMUNERACIONES DE LAS FUERZAS ARMADAS, MODIFICACION DE LA LEY 19101 Y DEL DECRETO 1784\/2006.","('0166-PE-2007', 1)":null,"('0166-PE-2007', 2)":null},"('Firmantes', 'FIRMANTE')":{"('0166-PE-2007', 0)":"KIRCHNER, NESTOR CARLOS","('0166-PE-2007', 1)":"FERNANDEZ, ALBERTO","('0166-PE-2007', 2)":"GARRE, NILDA CELIA"},"('Firmantes', 'DISTRITO')":{"('0166-PE-2007', 0)":null,"('0166-PE-2007', 1)":null,"('0166-PE-2007', 2)":null},"('Firmantes', 'BLOQUE')":{"('0166-PE-2007', 0)":"PODER EJECUTIVO","('0166-PE-2007', 1)":"PODER EJECUTIVO","('0166-PE-2007', 2)":"PODER EJECUTIVO"},"('Tramites', 'C\u00c1MARA')":{"('0166-PE-2007', 0)":"Senado","('0166-PE-2007', 1)":"Diputados","('0166-PE-2007', 2)":null},"('Tramites', 'MOVIMIENTO')":{"('0166-PE-2007', 0)":"CONSIDERACION Y APROBACION","('0166-PE-2007', 1)":"PASA A DIPUTADOS -","('0166-PE-2007', 2)":null},"('Tramites', 'FECHA')":{"('0166-PE-2007', 0)":"09\/04\/2008","('0166-PE-2007', 1)":null,"('0166-PE-2007', 2)":null},"('Tramites', 'RESULTADO')":{"('0166-PE-2007', 0)":"APROBADO","('0166-PE-2007', 1)":null,"('0166-PE-2007', 2)":null},"Palabra Clave":{"('0166-PE-2007', 0)":" ","('0166-PE-2007', 1)":null,"('0166-PE-2007', 2)":null}}