{"Tipo de Proyecto":{"('0166-P-2007', 0)":"PROYECTO DE RESOLUCI\u00d3N"},"Iniciado en: ":{"('0166-P-2007', 0)":"Diputados"},"Expediente Diputados: ":{"('0166-P-2007', 0)":"0166-P-2007"},"Publicado en: ":{"('0166-P-2007', 0)":"BAE N\u00b0 23"},"Fecha: ":{"('0166-P-2007', 0)":"14\/08\/2007"},"T\u00edtulo":{"('0166-P-2007', 0)":"RECHAZAR EL PEDIDO DE JUICIO POLITICO PROMOVIDO POR EL SE\u00d1OR BERNARDO GARCIA LEONE AL SE\u00d1OR MINISTRO DEL INTERIOR, DOCTOR ANIBAL FERNANDEZ Y AL SE\u00d1OR PRESIDENTE DE LA NACION, DOCTOR NESTOR CARLOS KIRCHNER, POR MAL DESEMPE\u00d1O EN SUS FUNCIONES."},"('Firmantes', 'FIRMANTE')":{"('0166-P-2007', 0)":"JUICIO POLITICO"},"('Firmantes', 'DISTRITO')":{"('0166-P-2007', 0)":null},"('Firmantes', 'BLOQUE')":{"('0166-P-2007', 0)":null},"('Giros', 'COMISI\u00d3N')":{"('0166-P-2007', 0)":"JUICIO POLITICO"},"Palabra Clave":{"('0166-P-2007', 0)":" "}}