{"Tipo de Proyecto":{"('0166-S-2007', 0)":"PROYECTO DE LEY","('0166-S-2007', 1)":null,"('0166-S-2007', 2)":null},"Iniciado en: ":{"('0166-S-2007', 0)":"Senado","('0166-S-2007', 1)":null,"('0166-S-2007', 2)":null},"Expediente Diputados: ":{"('0166-S-2007', 0)":"0166-S-2007","('0166-S-2007', 1)":null,"('0166-S-2007', 2)":null},"Expediente Senado: ":{"('0166-S-2007', 0)":"1874-S-2007","('0166-S-2007', 1)":null,"('0166-S-2007', 2)":null},"Publicado en: ":{"('0166-S-2007', 0)":"Diario de Asuntos Entrados N\u00b0 85","('0166-S-2007', 1)":null,"('0166-S-2007', 2)":null},"Fecha: ":{"('0166-S-2007', 0)":"19\/06\/2007","('0166-S-2007', 1)":null,"('0166-S-2007', 2)":null},"T\u00edtulo":{"('0166-S-2007', 0)":"CREACION DEL INSTITUTO NACIONAL G\u00dcEMESIANO, EN LA JURISDICCION DE LA SECRETARIA DE CULTURA DE LA NACION, CON LA PRIMORDIAL FINALIDAD DE ESTUDIAR, INVESTIGAR Y DIFUNDIR LA VIDA Y OBRA DE MARTIN MIGUEL DE G\u00dcEMES.","('0166-S-2007', 1)":null,"('0166-S-2007', 2)":null},"('Firmantes', 'FIRMANTE')":{"('0166-S-2007', 0)":"LOPEZ ARIAS, MARCELO EDUARDO","('0166-S-2007', 1)":null,"('0166-S-2007', 2)":null},"('Firmantes', 'DISTRITO')":{"('0166-S-2007', 0)":"SALTA","('0166-S-2007', 1)":null,"('0166-S-2007', 2)":null},"('Firmantes', 'BLOQUE')":{"('0166-S-2007', 0)":"JUSTICIALISTA","('0166-S-2007', 1)":null,"('0166-S-2007', 2)":null},"('Giros', 'COMISI\u00d3N')":{"('0166-S-2007', 0)":"CULTURA","('0166-S-2007', 1)":"PRESUPUESTO Y HACIENDA","('0166-S-2007', 2)":null},"('Tramites', 'C\u00c1MARA')":{"('0166-S-2007', 0)":"Senado","('0166-S-2007', 1)":"Senado","('0166-S-2007', 2)":"Diputados"},"('Tramites', 'MOVIMIENTO')":{"('0166-S-2007', 0)":"MOCION SOBRE TABLAS (AFIRMATIVA)","('0166-S-2007', 1)":"CONSIDERACION Y APROBACION","('0166-S-2007', 2)":"PASA A DIPUTADOS -"},"('Tramites', 'FECHA')":{"('0166-S-2007', 0)":"28\/11\/2007","('0166-S-2007', 1)":"28\/11\/2007","('0166-S-2007', 2)":null},"('Tramites', 'RESULTADO')":{"('0166-S-2007', 0)":null,"('0166-S-2007', 1)":"MEDIA SANCION","('0166-S-2007', 2)":null},"Link":{"('0166-S-2007', 0)":"https:\/\/www4.hcdn.gob.ar\/dependencias\/dsecretaria\/Periodo2007\/PDF2007\/TP2007\/0166-S-07.pdf","('0166-S-2007', 1)":null,"('0166-S-2007', 2)":null},"Palabra Clave":{"('0166-S-2007', 0)":" ","('0166-S-2007', 1)":null,"('0166-S-2007', 2)":null}}