{"Tipo de Proyecto":{"('0170-S-2007', 0)":"MENSAJE NRO: 1050\/07 Y PROYECTO DE LEY","('0170-S-2007', 1)":null,"('0170-S-2007', 2)":null,"('0170-S-2007', 3)":null,"('0170-S-2007', 4)":null,"('0170-S-2007', 5)":null,"('0170-S-2007', 6)":null},"Iniciado en: ":{"('0170-S-2007', 0)":"Senado","('0170-S-2007', 1)":null,"('0170-S-2007', 2)":null,"('0170-S-2007', 3)":null,"('0170-S-2007', 4)":null,"('0170-S-2007', 5)":null,"('0170-S-2007', 6)":null},"Expediente Diputados: ":{"('0170-S-2007', 0)":"0170-S-2007","('0170-S-2007', 1)":null,"('0170-S-2007', 2)":null,"('0170-S-2007', 3)":null,"('0170-S-2007', 4)":null,"('0170-S-2007', 5)":null,"('0170-S-2007', 6)":null},"Expediente Senado: ":{"('0170-S-2007', 0)":"0252-PE-2007","('0170-S-2007', 1)":null,"('0170-S-2007', 2)":null,"('0170-S-2007', 3)":null,"('0170-S-2007', 4)":null,"('0170-S-2007', 5)":null,"('0170-S-2007', 6)":null},"Publicado en: ":{"('0170-S-2007', 0)":"Diario de Asuntos Entrados N\u00b0 114","('0170-S-2007', 1)":null,"('0170-S-2007', 2)":null,"('0170-S-2007', 3)":null,"('0170-S-2007', 4)":null,"('0170-S-2007', 5)":null,"('0170-S-2007', 6)":null},"Fecha: ":{"('0170-S-2007', 0)":"13\/08\/2007","('0170-S-2007', 1)":null,"('0170-S-2007', 2)":null,"('0170-S-2007', 3)":null,"('0170-S-2007', 4)":null,"('0170-S-2007', 5)":null,"('0170-S-2007', 6)":null},"T\u00edtulo":{"('0170-S-2007', 0)":"PROPICIAR LA EXTRACCION, REMOCION Y TRASLADO A LOS LUGARES INDICADOS POR LA PREFECTURA NAVAL ARGENTINA DE BUQUES, ARTEFACTOS NAVALES Y OTROS QUE SE ENCUENTREN EN AGUAS DE LA CUENCA HIDRICA MATANZA - RIACHUELO. MODIFICACIONES A LA LEY 20094 DE LA NAVEGACION.","('0170-S-2007', 1)":null,"('0170-S-2007', 2)":null,"('0170-S-2007', 3)":null,"('0170-S-2007', 4)":null,"('0170-S-2007', 5)":null,"('0170-S-2007', 6)":null},"('Firmantes', 'FIRMANTE')":{"('0170-S-2007', 0)":"KIRCHNER, NESTOR CARLOS","('0170-S-2007', 1)":"FERNANDEZ, ALBERTO","('0170-S-2007', 2)":"FERNANDEZ, ANIBAL","('0170-S-2007', 3)":"IRIBARNE, ALBERTO JUAN BAUTISTA","('0170-S-2007', 4)":null,"('0170-S-2007', 5)":null,"('0170-S-2007', 6)":null},"('Firmantes', 'DISTRITO')":{"('0170-S-2007', 0)":null,"('0170-S-2007', 1)":null,"('0170-S-2007', 2)":null,"('0170-S-2007', 3)":null,"('0170-S-2007', 4)":null,"('0170-S-2007', 5)":null,"('0170-S-2007', 6)":null},"('Firmantes', 'BLOQUE')":{"('0170-S-2007', 0)":"PODER EJECUTIVO","('0170-S-2007', 1)":"PODER EJECUTIVO","('0170-S-2007', 2)":"PODER EJECUTIVO","('0170-S-2007', 3)":"PODER EJECUTIVO","('0170-S-2007', 4)":null,"('0170-S-2007', 5)":null,"('0170-S-2007', 6)":null},"('Giros', 'COMISI\u00d3N')":{"('0170-S-2007', 0)":"INTERESES MARITIMOS, FLUVIALES, PESQUEROS Y PORTUARIOS","('0170-S-2007', 1)":"RECURSOS NATURALES Y CONSERVACION DEL AMBIENTE HUMANO","('0170-S-2007', 2)":"PRESUPUESTO Y HACIENDA","('0170-S-2007', 3)":null,"('0170-S-2007', 4)":null,"('0170-S-2007', 5)":null,"('0170-S-2007', 6)":null},"('Tramites', 'C\u00c1MARA')":{"('0170-S-2007', 0)":"Senado","('0170-S-2007', 1)":"Senado","('0170-S-2007', 2)":"Senado","('0170-S-2007', 3)":"Diputados","('0170-S-2007', 4)":"Diputados","('0170-S-2007', 5)":"Diputados","('0170-S-2007', 6)":"Diputados"},"('Tramites', 'MOVIMIENTO')":{"('0170-S-2007', 0)":"MOCION SOBRE TABLAS (AFIRMATIVA)","('0170-S-2007', 1)":"CONSIDERACION Y APROBACION CON MODIFICACIONES","('0170-S-2007', 2)":"INSERCION DE LA SENADORA ESCUDERO","('0170-S-2007', 3)":"PASA A DIPUTADOS -","('0170-S-2007', 4)":"MOCION SOBRE TABLAS CON DICTAMEN (AFIRMATIVA)","('0170-S-2007', 5)":"CONSIDERACION Y SANCION","('0170-S-2007', 6)":"INSERCIONES DE LOS DIPUTADOS GIUDICI Y PAIS"},"('Tramites', 'FECHA')":{"('0170-S-2007', 0)":"28\/11\/2007","('0170-S-2007', 1)":"28\/11\/2007","('0170-S-2007', 2)":"28\/11\/2007","('0170-S-2007', 3)":null,"('0170-S-2007', 4)":"28\/02\/2008","('0170-S-2007', 5)":"28\/02\/2008","('0170-S-2007', 6)":"28\/02\/2008"},"('Tramites', 'RESULTADO')":{"('0170-S-2007', 0)":null,"('0170-S-2007', 1)":"MEDIA SANCION","('0170-S-2007', 2)":null,"('0170-S-2007', 3)":null,"('0170-S-2007', 4)":null,"('0170-S-2007', 5)":"SANCIONADO","('0170-S-2007', 6)":null},"Sumario":{"('0170-S-2007', 0)":"INTIMACION; ABANDONO EN FAVOR DEL ESTADO NACIONAL EN CASO DE VENCER EL PLAZO PARA SU EXTRACCION, REMOCION O TRASLADO; AUTORIZACION A LA PREFECTURA NAVAL ARGENTINA A CELEBRAR CONVENIOS DE COOPERACION CON LA AUTORIDAD CUENCA MATANZA RIACHUELO, CREADA POR LEY 26168.","('0170-S-2007', 1)":null,"('0170-S-2007', 2)":null,"('0170-S-2007', 3)":null,"('0170-S-2007', 4)":null,"('0170-S-2007', 5)":null,"('0170-S-2007', 6)":null},"Palabra Clave":{"('0170-S-2007', 0)":" ","('0170-S-2007', 1)":null,"('0170-S-2007', 2)":null,"('0170-S-2007', 3)":null,"('0170-S-2007', 4)":null,"('0170-S-2007', 5)":null,"('0170-S-2007', 6)":null}}