{"Tipo de Proyecto":{"('0171-S-2007', 0)":"PROYECTO DE LEY","('0171-S-2007', 1)":null,"('0171-S-2007', 2)":null},"Iniciado en: ":{"('0171-S-2007', 0)":"Senado","('0171-S-2007', 1)":null,"('0171-S-2007', 2)":null},"Expediente Diputados: ":{"('0171-S-2007', 0)":"0171-S-2007","('0171-S-2007', 1)":null,"('0171-S-2007', 2)":null},"Expediente Senado: ":{"('0171-S-2007', 0)":"1882-S-2006","('0171-S-2007', 1)":null,"('0171-S-2007', 2)":null},"Publicado en: ":{"('0171-S-2007', 0)":"Diario de Asuntos Entrados N\u00b0 81","('0171-S-2007', 1)":null,"('0171-S-2007', 2)":null},"Fecha: ":{"('0171-S-2007', 0)":"05\/06\/2006","('0171-S-2007', 1)":null,"('0171-S-2007', 2)":null},"T\u00edtulo":{"('0171-S-2007', 0)":"DENOMINAR DOCTOR ARTURO FRONDIZI A LA RUTA NACIONAL N 14, EN EL TRAMO COMPRENDIDO ENTRE CEIBAS, PROVINCIA DE ENTRE RIOS, Y BERNARDO DE IRIGOYEN, PROVINCIA DE MISIONES.","('0171-S-2007', 1)":null,"('0171-S-2007', 2)":null},"('Firmantes', 'FIRMANTE')":{"('0171-S-2007', 0)":"SANCHEZ, MARIA DORA","('0171-S-2007', 1)":null,"('0171-S-2007', 2)":null},"('Firmantes', 'DISTRITO')":{"('0171-S-2007', 0)":"CORRIENTES","('0171-S-2007', 1)":null,"('0171-S-2007', 2)":null},"('Firmantes', 'BLOQUE')":{"('0171-S-2007', 0)":"UCR","('0171-S-2007', 1)":null,"('0171-S-2007', 2)":null},"('Giros', 'COMISI\u00d3N')":{"('0171-S-2007', 0)":"TRANSPORTES","('0171-S-2007', 1)":null,"('0171-S-2007', 2)":null},"('Tramites', 'C\u00c1MARA')":{"('0171-S-2007', 0)":"Senado","('0171-S-2007', 1)":"Senado","('0171-S-2007', 2)":"Diputados"},"('Tramites', 'MOVIMIENTO')":{"('0171-S-2007', 0)":"MOCION SOBRE TABLAS CON DICTAMEN (AFIRMATIVA) CONJUNTAMENTE PARA LOS EXPEDIENTES 0171-S-2007, 1882-S-2006 y 2669-S-2007","('0171-S-2007', 1)":"CONSIDERACION Y APROBACION CONJUNTAMENTE PARA LOS EXPEDIENTES 0171-S-2007, 1882-S-2006 y 2669-S-2007","('0171-S-2007', 2)":"PASA A DIPUTADOS - CONJUNTAMENTE PARA LOS EXPEDIENTES 0171-S-2007, 1882-S-2006 y 2669-S-2007"},"('Tramites', 'FECHA')":{"('0171-S-2007', 0)":"28\/11\/2007","('0171-S-2007', 1)":"28\/11\/2007","('0171-S-2007', 2)":null},"('Tramites', 'RESULTADO')":{"('0171-S-2007', 0)":null,"('0171-S-2007', 1)":"MEDIA SANCION","('0171-S-2007', 2)":null},"Link":{"('0171-S-2007', 0)":"https:\/\/www4.hcdn.gob.ar\/dependencias\/dsecretaria\/Periodo2007\/PDF2007\/TP2007\/0171-S-07.pdf","('0171-S-2007', 1)":null,"('0171-S-2007', 2)":null},"Palabra Clave":{"('0171-S-2007', 0)":" ","('0171-S-2007', 1)":null,"('0171-S-2007', 2)":null}}