{"Tipo de Proyecto":{"('0174-S-2007', 0)":"PROYECTO DE LEY"},"Iniciado en: ":{"('0174-S-2007', 0)":"Senado"},"Expediente Senado: ":{"('0174-S-2007', 0)":"0174-S-2007"},"Publicado en: ":{"('0174-S-2007', 0)":"Diario de Asuntos Entrados N\u00b0 8"},"Fecha: ":{"('0174-S-2007', 0)":"08\/03\/2007"},"T\u00edtulo":{"('0174-S-2007', 0)":"SUSTITUCION DEL INCISO B) DEL ARTICULO 11 DE LA LEY 24013, DE EMPLEO, RESPECTO AL PAGO DE INDEMNIZACIONES."},"('Firmantes', 'FIRMANTE')":{"('0174-S-2007', 0)":"GUINLE, MARCELO ALEJANDRO"},"('Firmantes', 'DISTRITO')":{"('0174-S-2007', 0)":"CHUBUT"},"('Firmantes', 'BLOQUE')":{"('0174-S-2007', 0)":"JUSTICIALISTA"},"('Tramites', 'C\u00c1MARA')":{"('0174-S-2007', 0)":"Senado"},"('Tramites', 'MOVIMIENTO')":{"('0174-S-2007', 0)":"REPRODUCIDO POR EXPEDIENTE 0268-S-09"},"('Tramites', 'FECHA')":{"('0174-S-2007', 0)":null},"('Tramites', 'RESULTADO')":{"('0174-S-2007', 0)":null},"Link":{"('0174-S-2007', 0)":"http:\/\/www.senado.gov.ar\/parlamentario\/comisiones\/verExp\/174.07\/S\/PL"},"Palabra Clave":{"('0174-S-2007', 0)":" "}}