{"Tipo de Proyecto":{"('0175-S-2007', 0)":"PROYECTO DE LEY","('0175-S-2007', 1)":null,"('0175-S-2007', 2)":null,"('0175-S-2007', 3)":null,"('0175-S-2007', 4)":null,"('0175-S-2007', 5)":null,"('0175-S-2007', 6)":null,"('0175-S-2007', 7)":null,"('0175-S-2007', 8)":null,"('0175-S-2007', 9)":null,"('0175-S-2007', 10)":null,"('0175-S-2007', 11)":null,"('0175-S-2007', 12)":null,"('0175-S-2007', 13)":null},"Iniciado en: ":{"('0175-S-2007', 0)":"Senado","('0175-S-2007', 1)":null,"('0175-S-2007', 2)":null,"('0175-S-2007', 3)":null,"('0175-S-2007', 4)":null,"('0175-S-2007', 5)":null,"('0175-S-2007', 6)":null,"('0175-S-2007', 7)":null,"('0175-S-2007', 8)":null,"('0175-S-2007', 9)":null,"('0175-S-2007', 10)":null,"('0175-S-2007', 11)":null,"('0175-S-2007', 12)":null,"('0175-S-2007', 13)":null},"Expediente Diputados: ":{"('0175-S-2007', 0)":"0175-S-2007","('0175-S-2007', 1)":null,"('0175-S-2007', 2)":null,"('0175-S-2007', 3)":null,"('0175-S-2007', 4)":null,"('0175-S-2007', 5)":null,"('0175-S-2007', 6)":null,"('0175-S-2007', 7)":null,"('0175-S-2007', 8)":null,"('0175-S-2007', 9)":null,"('0175-S-2007', 10)":null,"('0175-S-2007', 11)":null,"('0175-S-2007', 12)":null,"('0175-S-2007', 13)":null},"Expediente Senado: ":{"('0175-S-2007', 0)":"3496-S-2007","('0175-S-2007', 1)":null,"('0175-S-2007', 2)":null,"('0175-S-2007', 3)":null,"('0175-S-2007', 4)":null,"('0175-S-2007', 5)":null,"('0175-S-2007', 6)":null,"('0175-S-2007', 7)":null,"('0175-S-2007', 8)":null,"('0175-S-2007', 9)":null,"('0175-S-2007', 10)":null,"('0175-S-2007', 11)":null,"('0175-S-2007', 12)":null,"('0175-S-2007', 13)":null},"Publicado en: ":{"('0175-S-2007', 0)":"Diario de Asuntos Entrados N\u00b0 153","('0175-S-2007', 1)":null,"('0175-S-2007', 2)":null,"('0175-S-2007', 3)":null,"('0175-S-2007', 4)":null,"('0175-S-2007', 5)":null,"('0175-S-2007', 6)":null,"('0175-S-2007', 7)":null,"('0175-S-2007', 8)":null,"('0175-S-2007', 9)":null,"('0175-S-2007', 10)":null,"('0175-S-2007', 11)":null,"('0175-S-2007', 12)":null,"('0175-S-2007', 13)":null},"Fecha: ":{"('0175-S-2007', 0)":"15\/11\/2007","('0175-S-2007', 1)":null,"('0175-S-2007', 2)":null,"('0175-S-2007', 3)":null,"('0175-S-2007', 4)":null,"('0175-S-2007', 5)":null,"('0175-S-2007', 6)":null,"('0175-S-2007', 7)":null,"('0175-S-2007', 8)":null,"('0175-S-2007', 9)":null,"('0175-S-2007', 10)":null,"('0175-S-2007', 11)":null,"('0175-S-2007', 12)":null,"('0175-S-2007', 13)":null},"T\u00edtulo":{"('0175-S-2007', 0)":"MODIFICACION DEL ARTICULO 166 DEL CODIGO CIVIL EQUIPARANDO LA EDAD DE MUJERES Y HOMBRES QUE SE ESTABLECE ENTRE LOS IMPEDIMENTOS MATRIMONIALES ENUMERADOS EN EL CITADO ARTICULO.","('0175-S-2007', 1)":null,"('0175-S-2007', 2)":null,"('0175-S-2007', 3)":null,"('0175-S-2007', 4)":null,"('0175-S-2007', 5)":null,"('0175-S-2007', 6)":null,"('0175-S-2007', 7)":null,"('0175-S-2007', 8)":null,"('0175-S-2007', 9)":null,"('0175-S-2007', 10)":null,"('0175-S-2007', 11)":null,"('0175-S-2007', 12)":null,"('0175-S-2007', 13)":null},"('Firmantes', 'FIRMANTE')":{"('0175-S-2007', 0)":"FERNANDEZ, NICOLAS ALEJANDRO","('0175-S-2007', 1)":"JENEFES, GUILLERMO RAUL","('0175-S-2007', 2)":"PETCOFF NAIDENOFF, LUIS CARLOS","('0175-S-2007', 3)":"GALLEGO, SILVIA ESTER","('0175-S-2007', 4)":"MASSONI, NORBERTO","('0175-S-2007', 5)":"NEGRE DE ALONSO, LILIANA T.","('0175-S-2007', 6)":"MORALES, GERARDO RUBEN","('0175-S-2007', 7)":"CASTILLO, OSCAR ANIBAL","('0175-S-2007', 8)":"VIANA, LUIS ALBERTO","('0175-S-2007', 9)":"BORTOLOZZI DE BOGADO, ADRIANA RAQUEL","('0175-S-2007', 10)":"LEGUIZAMON, MARIA LAURA","('0175-S-2007', 11)":"MASTANDREA, ALICIA ESTER","('0175-S-2007', 12)":"BAR, GRACIELA YOLANDA","('0175-S-2007', 13)":"ESCUDERO, SONIA MARGARITA"},"('Firmantes', 'DISTRITO')":{"('0175-S-2007', 0)":"SANTA CRUZ","('0175-S-2007', 1)":"JUJUY","('0175-S-2007', 2)":"FORMOSA","('0175-S-2007', 3)":"LA PAMPA","('0175-S-2007', 4)":"CHUBUT","('0175-S-2007', 5)":"SAN LUIS","('0175-S-2007', 6)":"JUJUY","('0175-S-2007', 7)":"CATAMARCA","('0175-S-2007', 8)":"MISIONES","('0175-S-2007', 9)":"FORMOSA","('0175-S-2007', 10)":"CIUDAD de BUENOS AIRES","('0175-S-2007', 11)":"CHACO","('0175-S-2007', 12)":"ENTRE RIOS","('0175-S-2007', 13)":"SALTA"},"('Firmantes', 'BLOQUE')":{"('0175-S-2007', 0)":"JUSTICIALISTA","('0175-S-2007', 1)":"JUSTICIALISTA","('0175-S-2007', 2)":"UCR","('0175-S-2007', 3)":"JUSTICIALISTA","('0175-S-2007', 4)":"UCR","('0175-S-2007', 5)":"JUSTICIALISTA SAN LUIS","('0175-S-2007', 6)":"UCR","('0175-S-2007', 7)":"FRENTE CIVICO Y SOCIAL DE CATAMARCA","('0175-S-2007', 8)":"JUSTICIALISTA","('0175-S-2007', 9)":"JUSTICIALISTA","('0175-S-2007', 10)":"JUSTICIALISTA","('0175-S-2007', 11)":"UCR","('0175-S-2007', 12)":"JUSTICIALISTA","('0175-S-2007', 13)":"JUSTICIALISTA"},"('Giros', 'COMISI\u00d3N')":{"('0175-S-2007', 0)":"LEGISLACION GENERAL","('0175-S-2007', 1)":"FAMILIA, MUJER, NI\u00d1EZ Y ADOLESCENCIA","('0175-S-2007', 2)":null,"('0175-S-2007', 3)":null,"('0175-S-2007', 4)":null,"('0175-S-2007', 5)":null,"('0175-S-2007', 6)":null,"('0175-S-2007', 7)":null,"('0175-S-2007', 8)":null,"('0175-S-2007', 9)":null,"('0175-S-2007', 10)":null,"('0175-S-2007', 11)":null,"('0175-S-2007', 12)":null,"('0175-S-2007', 13)":null},"('Tramites', 'C\u00c1MARA')":{"('0175-S-2007', 0)":"Senado","('0175-S-2007', 1)":"Senado","('0175-S-2007', 2)":"Diputados","('0175-S-2007', 3)":"Diputados","('0175-S-2007', 4)":null,"('0175-S-2007', 5)":null,"('0175-S-2007', 6)":null,"('0175-S-2007', 7)":null,"('0175-S-2007', 8)":null,"('0175-S-2007', 9)":null,"('0175-S-2007', 10)":null,"('0175-S-2007', 11)":null,"('0175-S-2007', 12)":null,"('0175-S-2007', 13)":null},"('Tramites', 'MOVIMIENTO')":{"('0175-S-2007', 0)":"MOCION SOBRE TABLAS CON DICTAMEN (AFIRMATIVA)","('0175-S-2007', 1)":"CONSIDERACION Y APROBACION","('0175-S-2007', 2)":"PASA A DIPUTADOS -","('0175-S-2007', 3)":"CONSIDERACION Y SANCION","('0175-S-2007', 4)":null,"('0175-S-2007', 5)":null,"('0175-S-2007', 6)":null,"('0175-S-2007', 7)":null,"('0175-S-2007', 8)":null,"('0175-S-2007', 9)":null,"('0175-S-2007', 10)":null,"('0175-S-2007', 11)":null,"('0175-S-2007', 12)":null,"('0175-S-2007', 13)":null},"('Tramites', 'FECHA')":{"('0175-S-2007', 0)":"28\/11\/2007","('0175-S-2007', 1)":"28\/11\/2007","('0175-S-2007', 2)":null,"('0175-S-2007', 3)":"03\/12\/2008","('0175-S-2007', 4)":null,"('0175-S-2007', 5)":null,"('0175-S-2007', 6)":null,"('0175-S-2007', 7)":null,"('0175-S-2007', 8)":null,"('0175-S-2007', 9)":null,"('0175-S-2007', 10)":null,"('0175-S-2007', 11)":null,"('0175-S-2007', 12)":null,"('0175-S-2007', 13)":null},"('Tramites', 'RESULTADO')":{"('0175-S-2007', 0)":null,"('0175-S-2007', 1)":"MEDIA SANCION","('0175-S-2007', 2)":null,"('0175-S-2007', 3)":"SANCIONADO","('0175-S-2007', 4)":null,"('0175-S-2007', 5)":null,"('0175-S-2007', 6)":null,"('0175-S-2007', 7)":null,"('0175-S-2007', 8)":null,"('0175-S-2007', 9)":null,"('0175-S-2007', 10)":null,"('0175-S-2007', 11)":null,"('0175-S-2007', 12)":null,"('0175-S-2007', 13)":null},"Link":{"('0175-S-2007', 0)":"https:\/\/www4.hcdn.gob.ar\/dependencias\/dsecretaria\/Periodo2007\/PDF2007\/TP2007\/0175-S-07.pdf","('0175-S-2007', 1)":null,"('0175-S-2007', 2)":null,"('0175-S-2007', 3)":null,"('0175-S-2007', 4)":null,"('0175-S-2007', 5)":null,"('0175-S-2007', 6)":null,"('0175-S-2007', 7)":null,"('0175-S-2007', 8)":null,"('0175-S-2007', 9)":null,"('0175-S-2007', 10)":null,"('0175-S-2007', 11)":null,"('0175-S-2007', 12)":null,"('0175-S-2007', 13)":null},"Palabra Clave":{"('0175-S-2007', 0)":" ","('0175-S-2007', 1)":null,"('0175-S-2007', 2)":null,"('0175-S-2007', 3)":null,"('0175-S-2007', 4)":null,"('0175-S-2007', 5)":null,"('0175-S-2007', 6)":null,"('0175-S-2007', 7)":null,"('0175-S-2007', 8)":null,"('0175-S-2007', 9)":null,"('0175-S-2007', 10)":null,"('0175-S-2007', 11)":null,"('0175-S-2007', 12)":null,"('0175-S-2007', 13)":null}}