{"Tipo de Proyecto":{"('0177-S-2007', 0)":"COMUNICACION","('0177-S-2007', 1)":null},"Iniciado en: ":{"('0177-S-2007', 0)":"Senado","('0177-S-2007', 1)":null},"Expediente Senado: ":{"('0177-S-2007', 0)":"0177-S-2007","('0177-S-2007', 1)":null},"Publicado en: ":{"('0177-S-2007', 0)":"Diario de Asuntos Entrados N\u00b0 8","('0177-S-2007', 1)":null},"Fecha: ":{"('0177-S-2007', 0)":"08\/03\/2007","('0177-S-2007', 1)":null},"T\u00edtulo":{"('0177-S-2007', 0)":"PEDIDO DE INFORMES AL PODER EJECUTIVO NACIONAL SOBRE DIVERSOS ASPECTOS RELACIONADOS CON EL PROGRAMA NACIONAL DE VIGILANCIA Y CONTROL DEL AEDES AEGYPTI, PREVENCION DEL DENGUE.","('0177-S-2007', 1)":null},"('Firmantes', 'FIRMANTE')":{"('0177-S-2007', 0)":"PINCHETTI DE SIERRA MORALES, DELIA","('0177-S-2007', 1)":"BUSSI, RICARDO ARGENTINO"},"('Firmantes', 'DISTRITO')":{"('0177-S-2007', 0)":"TUCUMAN","('0177-S-2007', 1)":"TUCUMAN"},"('Firmantes', 'BLOQUE')":{"('0177-S-2007', 0)":"FZA REPUBLICANA","('0177-S-2007', 1)":"FZA REPUBLICANA"},"('Tramites', 'C\u00c1MARA')":{"('0177-S-2007', 0)":"Senado","('0177-S-2007', 1)":null},"('Tramites', 'MOVIMIENTO')":{"('0177-S-2007', 0)":"CONSIDERACION Y APROBACION CONJUNTAMENTE PARA LOS EXPEDIENTES 0022-S-2007, 0019-S-2007, 0154-S-2007, 0177-S-2007, 0436-S-2007 y 0439-S-2007","('0177-S-2007', 1)":null},"('Tramites', 'FECHA')":{"('0177-S-2007', 0)":"08\/08\/2007","('0177-S-2007', 1)":null},"('Tramites', 'RESULTADO')":{"('0177-S-2007', 0)":"APROBADO","('0177-S-2007', 1)":null},"Link":{"('0177-S-2007', 0)":"http:\/\/www.senado.gov.ar\/parlamentario\/comisiones\/verExp\/177.07\/S\/PC","('0177-S-2007', 1)":null},"Palabra Clave":{"('0177-S-2007', 0)":" ","('0177-S-2007', 1)":null}}