{"Tipo de Proyecto":{"('0178-S-2007', 0)":"COMUNICACION","('0178-S-2007', 1)":null},"Iniciado en: ":{"('0178-S-2007', 0)":"Senado","('0178-S-2007', 1)":null},"Expediente Senado: ":{"('0178-S-2007', 0)":"0178-S-2007","('0178-S-2007', 1)":null},"Publicado en: ":{"('0178-S-2007', 0)":"Diario de Asuntos Entrados N\u00b0 8","('0178-S-2007', 1)":null},"Fecha: ":{"('0178-S-2007', 0)":"08\/03\/2007","('0178-S-2007', 1)":null},"T\u00edtulo":{"('0178-S-2007', 0)":"PEDIDO DE INFORMES AL PODER EJECUTIVO NACIONAL SOBRE LOS MOTIVOS POR LOS QUE ESTUVO FUERA DE FUNCIONAMIENTO EL RADAR DE TRAFICO DEL AEROPUERTO DE EZEIZA.","('0178-S-2007', 1)":null},"('Firmantes', 'FIRMANTE')":{"('0178-S-2007', 0)":"PINCHETTI DE SIERRA MORALES, DELIA","('0178-S-2007', 1)":"BUSSI, RICARDO ARGENTINO"},"('Firmantes', 'DISTRITO')":{"('0178-S-2007', 0)":"TUCUMAN","('0178-S-2007', 1)":"TUCUMAN"},"('Firmantes', 'BLOQUE')":{"('0178-S-2007', 0)":"FZA REPUBLICANA","('0178-S-2007', 1)":"FZA REPUBLICANA"},"('Tramites', 'C\u00c1MARA')":{"('0178-S-2007', 0)":"Senado","('0178-S-2007', 1)":"Senado"},"('Tramites', 'MOVIMIENTO')":{"('0178-S-2007', 0)":"APROBACION ARTICULO 106, PARRAFO 3 DEL REGLAMENTO DEL H SENADO","('0178-S-2007', 1)":"CONTESTACION DEL PODER EJECUTIVO NACIONAL - GIRADO A LA COMISION RESPECTIVA"},"('Tramites', 'FECHA')":{"('0178-S-2007', 0)":"23\/05\/2007","('0178-S-2007', 1)":"13\/02\/2008"},"('Tramites', 'RESULTADO')":{"('0178-S-2007', 0)":"APROBADO","('0178-S-2007', 1)":null},"Link":{"('0178-S-2007', 0)":"http:\/\/www.senado.gov.ar\/parlamentario\/comisiones\/verExp\/178.07\/S\/PC","('0178-S-2007', 1)":null},"Palabra Clave":{"('0178-S-2007', 0)":" ","('0178-S-2007', 1)":null}}