{"Tipo de Proyecto":{"('0185-D-2007', 0)":"PROYECTO DE RESOLUCI\u00d3N","('0185-D-2007', 1)":null,"('0185-D-2007', 2)":null,"('0185-D-2007', 3)":null,"('0185-D-2007', 4)":null,"('0185-D-2007', 5)":null,"('0185-D-2007', 6)":null,"('0185-D-2007', 7)":null,"('0185-D-2007', 8)":null},"Iniciado en: ":{"('0185-D-2007', 0)":"Diputados","('0185-D-2007', 1)":null,"('0185-D-2007', 2)":null,"('0185-D-2007', 3)":null,"('0185-D-2007', 4)":null,"('0185-D-2007', 5)":null,"('0185-D-2007', 6)":null,"('0185-D-2007', 7)":null,"('0185-D-2007', 8)":null},"Expediente Diputados: ":{"('0185-D-2007', 0)":"0185-D-2007","('0185-D-2007', 1)":null,"('0185-D-2007', 2)":null,"('0185-D-2007', 3)":null,"('0185-D-2007', 4)":null,"('0185-D-2007', 5)":null,"('0185-D-2007', 6)":null,"('0185-D-2007', 7)":null,"('0185-D-2007', 8)":null},"Publicado en: ":{"('0185-D-2007', 0)":"Tr\u00e1mite Parlamentario N\u00b0 2","('0185-D-2007', 1)":null,"('0185-D-2007', 2)":null,"('0185-D-2007', 3)":null,"('0185-D-2007', 4)":null,"('0185-D-2007', 5)":null,"('0185-D-2007', 6)":null,"('0185-D-2007', 7)":null,"('0185-D-2007', 8)":null},"Fecha: ":{"('0185-D-2007', 0)":"02\/03\/2007","('0185-D-2007', 1)":null,"('0185-D-2007', 2)":null,"('0185-D-2007', 3)":null,"('0185-D-2007', 4)":null,"('0185-D-2007', 5)":null,"('0185-D-2007', 6)":null,"('0185-D-2007', 7)":null,"('0185-D-2007', 8)":null},"T\u00edtulo":{"('0185-D-2007', 0)":"PEDIDO DE INFORMES AL PODER EJECUTIVO SOBRE LAS RAZONES POR LAS CUALES LA DIRECTORA DE \"INDICE DE PRECIOS AL CONSUMIDOR\" DEL INSTITUTO NACIONAL DE ESTADISTICA Y CENSOS, GRACIELA BEVACQUA FUE RELEVADA DE SU CARGO, Y OTRAS CUESTIONES CONEXAS.","('0185-D-2007', 1)":null,"('0185-D-2007', 2)":null,"('0185-D-2007', 3)":null,"('0185-D-2007', 4)":null,"('0185-D-2007', 5)":null,"('0185-D-2007', 6)":null,"('0185-D-2007', 7)":null,"('0185-D-2007', 8)":null},"('Firmantes', 'FIRMANTE')":{"('0185-D-2007', 0)":"LEYBA DE MARTI, BEATRIZ","('0185-D-2007', 1)":"CHIRONI, FERNANDO GUSTAVO","('0185-D-2007', 2)":"JANO, RICARDO JAVIER","('0185-D-2007', 3)":"NIEVA, ALEJANDRO MARIO","('0185-D-2007', 4)":"HERNANDEZ, CINTHYA GABRIELA","('0185-D-2007', 5)":"GIUBERGIA, MIGUEL ANGEL","('0185-D-2007', 6)":"MORINI, PEDRO JUAN","('0185-D-2007', 7)":"PANZONI, PATRICIA ESTER","('0185-D-2007', 8)":"AGUAD, OSCAR RAUL"},"('Firmantes', 'DISTRITO')":{"('0185-D-2007', 0)":"CORDOBA","('0185-D-2007', 1)":"RIO NEGRO","('0185-D-2007', 2)":"BUENOS AIRES","('0185-D-2007', 3)":"JUJUY","('0185-D-2007', 4)":"RIO NEGRO","('0185-D-2007', 5)":"JUJUY","('0185-D-2007', 6)":"SANTA FE","('0185-D-2007', 7)":"BUENOS AIRES","('0185-D-2007', 8)":"CORDOBA"},"('Firmantes', 'BLOQUE')":{"('0185-D-2007', 0)":"UCR","('0185-D-2007', 1)":"UCR","('0185-D-2007', 2)":"UCR","('0185-D-2007', 3)":"UCR","('0185-D-2007', 4)":"UCR","('0185-D-2007', 5)":"UCR","('0185-D-2007', 6)":"UCR","('0185-D-2007', 7)":"UCR","('0185-D-2007', 8)":"UCR"},"('Giros', 'COMISI\u00d3N')":{"('0185-D-2007', 0)":"ASUNTOS CONSTITUCIONALES","('0185-D-2007', 1)":"COMERCIO","('0185-D-2007', 2)":null,"('0185-D-2007', 3)":null,"('0185-D-2007', 4)":null,"('0185-D-2007', 5)":null,"('0185-D-2007', 6)":null,"('0185-D-2007', 7)":null,"('0185-D-2007', 8)":null},"Link":{"('0185-D-2007', 0)":"https:\/\/www.hcdn.gob.ar\/proyectos\/textoCompleto.jsp?exp=0185-D-2007&tipo=RESOLUCION","('0185-D-2007', 1)":null,"('0185-D-2007', 2)":null,"('0185-D-2007', 3)":null,"('0185-D-2007', 4)":null,"('0185-D-2007', 5)":null,"('0185-D-2007', 6)":null,"('0185-D-2007', 7)":null,"('0185-D-2007', 8)":null},"Palabra Clave":{"('0185-D-2007', 0)":" ","('0185-D-2007', 1)":null,"('0185-D-2007', 2)":null,"('0185-D-2007', 3)":null,"('0185-D-2007', 4)":null,"('0185-D-2007', 5)":null,"('0185-D-2007', 6)":null,"('0185-D-2007', 7)":null,"('0185-D-2007', 8)":null}}