{"Tipo de Proyecto":{"('0186-S-2007', 0)":"PROYECTO DE DECLARACI\u00d3N","('0186-S-2007', 1)":null},"Iniciado en: ":{"('0186-S-2007', 0)":"Senado","('0186-S-2007', 1)":null},"Expediente Senado: ":{"('0186-S-2007', 0)":"0186-S-2007","('0186-S-2007', 1)":null},"Publicado en: ":{"('0186-S-2007', 0)":"Diario de Asuntos Entrados N\u00b0 8","('0186-S-2007', 1)":null},"Fecha: ":{"('0186-S-2007', 0)":"08\/03\/2007","('0186-S-2007', 1)":null},"T\u00edtulo":{"('0186-S-2007', 0)":"EXPRESAR BENEPLACITO POR EL PREMIO INTERNACIONAL A MUJERES DE CORAJE QUE LE FUERA OTORGADO A LA SE\u00d1ORA SUSANA TRIMARCO POR SU LUCHA CONTRA LA TRATA DE PERSONAS.","('0186-S-2007', 1)":null},"('Firmantes', 'FIRMANTE')":{"('0186-S-2007', 0)":"PINCHETTI DE SIERRA MORALES, DELIA","('0186-S-2007', 1)":"BUSSI, RICARDO ARGENTINO"},"('Firmantes', 'DISTRITO')":{"('0186-S-2007', 0)":"TUCUMAN","('0186-S-2007', 1)":"TUCUMAN"},"('Firmantes', 'BLOQUE')":{"('0186-S-2007', 0)":"FZA REPUBLICANA","('0186-S-2007', 1)":"FZA REPUBLICANA"},"('Tramites', 'C\u00c1MARA')":{"('0186-S-2007', 0)":"Senado","('0186-S-2007', 1)":"Senado"},"('Tramites', 'MOVIMIENTO')":{"('0186-S-2007', 0)":"MOCION SOBRE TABLAS (AFIRMATIVA) CONJUNTAMENTE PARA LOS EXPEDIENTES 0186-S-2007, 0304-S-2007, 0373-S-2007 y 0397-S-2007","('0186-S-2007', 1)":"CONSIDERACION Y APROBACION CONJUNTAMENTE PARA LOS EXPEDIENTES 0186-S-2007, 0304-S-2007, 0373-S-2007 y 0397-S-2007"},"('Tramites', 'FECHA')":{"('0186-S-2007', 0)":"28\/03\/2007","('0186-S-2007', 1)":"28\/03\/2007"},"('Tramites', 'RESULTADO')":{"('0186-S-2007', 0)":null,"('0186-S-2007', 1)":"APROBADO"},"Link":{"('0186-S-2007', 0)":"http:\/\/www.senado.gov.ar\/parlamentario\/comisiones\/verExp\/186.07\/S\/PD","('0186-S-2007', 1)":null},"Palabra Clave":{"('0186-S-2007', 0)":" ","('0186-S-2007', 1)":null}}