{"Tipo de Proyecto":{"('0187-S-2007', 0)":"PROYECTO DE DECLARACI\u00d3N"},"Iniciado en: ":{"('0187-S-2007', 0)":"Senado"},"Expediente Senado: ":{"('0187-S-2007', 0)":"0187-S-2007"},"Publicado en: ":{"('0187-S-2007', 0)":"Diario de Asuntos Entrados N\u00b0 8"},"Fecha: ":{"('0187-S-2007', 0)":"08\/03\/2007"},"T\u00edtulo":{"('0187-S-2007', 0)":"DECLARAR DE INTERES LEGISLATIVO EL I CONGRESO FEDERAL DE JUSTICIA PENAL A REALIZARSE ENTRE EL 2 Y EL 4 DE MAYO EN LA CIUDAD DE BUENOS AIRES."},"('Firmantes', 'FIRMANTE')":{"('0187-S-2007', 0)":"IBARRA, VILMA LIDIA"},"('Firmantes', 'DISTRITO')":{"('0187-S-2007', 0)":"CIUDAD de BUENOS AIRES"},"('Firmantes', 'BLOQUE')":{"('0187-S-2007', 0)":"PARTIDO DE LA VICTORIA"},"('Tramites', 'C\u00c1MARA')":{"('0187-S-2007', 0)":"Senado"},"('Tramites', 'MOVIMIENTO')":{"('0187-S-2007', 0)":"APROBACION ARTICULO 106, PARRAFO 3 DEL REGLAMENTO DEL H SENADO"},"('Tramites', 'FECHA')":{"('0187-S-2007', 0)":"23\/05\/2007"},"('Tramites', 'RESULTADO')":{"('0187-S-2007', 0)":"APROBADO"},"Link":{"('0187-S-2007', 0)":"http:\/\/www.senado.gov.ar\/parlamentario\/comisiones\/verExp\/187.07\/S\/PD"},"Palabra Clave":{"('0187-S-2007', 0)":" "}}