{"Tipo de Proyecto":{"('0188-D-2007', 0)":"PROYECTO DE DECLARACI\u00d3N"},"Iniciado en: ":{"('0188-D-2007', 0)":"Diputados"},"Expediente Diputados: ":{"('0188-D-2007', 0)":"0188-D-2007"},"Publicado en: ":{"('0188-D-2007', 0)":"Tr\u00e1mite Parlamentario N\u00b0 2"},"Fecha: ":{"('0188-D-2007', 0)":"02\/03\/2007"},"T\u00edtulo":{"('0188-D-2007', 0)":"SOLICITAR AL PODER EJECUTIVO DISPONGA LA CREACION Y PUESTA EN MARCHA DE UN PROGRAMA QUE CONTEMPLE LAS NECESIDADES DE LOS PACIENTES AFECTADOS POR EPIDERMOLISIS AMPOLLAR."},"('Firmantes', 'FIRMANTE')":{"('0188-D-2007', 0)":"ATANASOF, ALFREDO NESTOR"},"('Firmantes', 'DISTRITO')":{"('0188-D-2007', 0)":"BUENOS AIRES"},"('Firmantes', 'BLOQUE')":{"('0188-D-2007', 0)":"PERONISTA FEDERAL"},"('Giros', 'COMISI\u00d3N')":{"('0188-D-2007', 0)":"ACCION SOCIAL Y SALUD PUBLICA"},"Link":{"('0188-D-2007', 0)":"https:\/\/www.hcdn.gob.ar\/proyectos\/textoCompleto.jsp?exp=0188-D-2007&tipo=DECLARACION"},"Palabra Clave":{"('0188-D-2007', 0)":" "}}