{"Tipo de Proyecto":{"('0188-S-2007', 0)":"PROYECTO DE LEY"},"Iniciado en: ":{"('0188-S-2007', 0)":"Senado"},"Expediente Senado: ":{"('0188-S-2007', 0)":"0188-S-2007"},"Publicado en: ":{"('0188-S-2007', 0)":"Diario de Asuntos Entrados N\u00b0 8"},"Fecha: ":{"('0188-S-2007', 0)":"08\/03\/2007"},"T\u00edtulo":{"('0188-S-2007', 0)":"LEY DE VIOLENCIA LABORAL."},"('Firmantes', 'FIRMANTE')":{"('0188-S-2007', 0)":"MORALES, GERARDO RUBEN"},"('Firmantes', 'DISTRITO')":{"('0188-S-2007', 0)":"JUJUY"},"('Firmantes', 'BLOQUE')":{"('0188-S-2007', 0)":"UCR"},"('Tramites', 'C\u00c1MARA')":{"('0188-S-2007', 0)":"Senado"},"('Tramites', 'MOVIMIENTO')":{"('0188-S-2007', 0)":"REPRODUCIDO POR EXPEDIENTE 0636-S-09 (DAE 33)"},"('Tramites', 'FECHA')":{"('0188-S-2007', 0)":null},"('Tramites', 'RESULTADO')":{"('0188-S-2007', 0)":null},"Sumario":{"('0188-S-2007', 0)":"OBJETO; ALCANCES; CONCEPTO DE MALTRATO PSIQUICO Y SOCIAL CONTRA EL TRABAJADOR; MALTRATO FISICO; ACOSO; ACOSO SEXUAL; INEQUIDAD SALARIAL; RESPONSABILIDAD SOLIDARIA DE LOS EMPLEADORES POR LAS ACCIONES DE VIOLENCIA LABORAL A QUE SE VIERAN SUJETAS\/OS SUS EMPLEADAS\/OS, POR PARTE DE SUPERIORES O DE UN TERCERO VINCULADO DIRECTAMENTE A ELLA\/EL; OBLIGACIONES DEL EMPLEADOR; INDEMNIZACION; ESTABILIDAD LABORAL; AUDIENCIA; SANCIONES; AMBITO DE APLICACION DE LA PRESENTE LEY."},"Palabra Clave":{"('0188-S-2007', 0)":" "}}