{"Tipo de Proyecto":{"('0190-S-2007', 0)":"PROYECTO DE RESOLUCI\u00d3N","('0190-S-2007', 1)":null,"('0190-S-2007', 2)":null,"('0190-S-2007', 3)":null},"Iniciado en: ":{"('0190-S-2007', 0)":"Senado","('0190-S-2007', 1)":null,"('0190-S-2007', 2)":null,"('0190-S-2007', 3)":null},"Expediente Diputados: ":{"('0190-S-2007', 0)":"0190-S-2007","('0190-S-2007', 1)":null,"('0190-S-2007', 2)":null,"('0190-S-2007', 3)":null},"Expediente Senado: ":{"('0190-S-2007', 0)":"0484-OV-2005","('0190-S-2007', 1)":null,"('0190-S-2007', 2)":null,"('0190-S-2007', 3)":null},"Fecha: ":{"('0190-S-2007', 0)":"25\/06\/2007","('0190-S-2007', 1)":null,"('0190-S-2007', 2)":null,"('0190-S-2007', 3)":null},"T\u00edtulo":{"('0190-S-2007', 0)":"PEDIDO DE INFORMES AL PODER EJECUTIVO SOBRE RESOLUCION REMITIDA POR LA AUDITORIA GENERAL DE LA NACION EN EL AMBITO DE LA ADMINISTRACION FEDERAL DE INGRESOS PUBLICOS (AFIP) - DIRECCION GENERAL DE ADUANAS (DGA) - SOBRE GESTION Y PROCEDIMIENTOS DE CONTROL ADUANERO A TRAVES DE CANALES DE SELECTIVIDAD, APLICADOS SOBRE LA IMPORTACION Y EXPORTACION DE MERCADERIAS; PERIODO SEGUNDO SEMESTRE DE 2002 Y A\u00d1O 2003.","('0190-S-2007', 1)":null,"('0190-S-2007', 2)":null,"('0190-S-2007', 3)":null},"('Firmantes', 'FIRMANTE')":{"('0190-S-2007', 0)":"PARLAMENTARIA MIXTA REVISORA DE CUENTAS","('0190-S-2007', 1)":null,"('0190-S-2007', 2)":null,"('0190-S-2007', 3)":null},"('Firmantes', 'DISTRITO')":{"('0190-S-2007', 0)":null,"('0190-S-2007', 1)":null,"('0190-S-2007', 2)":null,"('0190-S-2007', 3)":null},"('Firmantes', 'BLOQUE')":{"('0190-S-2007', 0)":null,"('0190-S-2007', 1)":null,"('0190-S-2007', 2)":null,"('0190-S-2007', 3)":null},"('Giros', 'COMISI\u00d3N')":{"('0190-S-2007', 0)":"PARLAMENTARIA MIXTA REVISORA DE CUENTAS","('0190-S-2007', 1)":null,"('0190-S-2007', 2)":null,"('0190-S-2007', 3)":null},"('Tramites', 'C\u00c1MARA')":{"('0190-S-2007', 0)":"Senado","('0190-S-2007', 1)":"Diputados","('0190-S-2007', 2)":"Diputados","('0190-S-2007', 3)":"Diputados"},"('Tramites', 'MOVIMIENTO')":{"('0190-S-2007', 0)":"CONSIDERACION Y APROBACION","('0190-S-2007', 1)":"PASA A DIPUTADOS -","('0190-S-2007', 2)":"CONSIDERACION Y APROBACION","('0190-S-2007', 3)":"CONTESTACION DEL PODER EJECUTIVO NACIONAL - JEFE DE GABINETE DE MINISTROS - GIRADO A LA COMISION RESPECTIVA"},"('Tramites', 'FECHA')":{"('0190-S-2007', 0)":"12\/12\/2007","('0190-S-2007', 1)":null,"('0190-S-2007', 2)":"11\/03\/2009","('0190-S-2007', 3)":"13\/04\/2011"},"('Tramites', 'RESULTADO')":{"('0190-S-2007', 0)":"APROBADO","('0190-S-2007', 1)":null,"('0190-S-2007', 2)":"APROBADO","('0190-S-2007', 3)":null},"Link":{"('0190-S-2007', 0)":"http:\/\/www.senado.gov.ar\/parlamentario\/comisiones\/verExp\/484.05\/OV\/PR","('0190-S-2007', 1)":null,"('0190-S-2007', 2)":null,"('0190-S-2007', 3)":null},"Palabra Clave":{"('0190-S-2007', 0)":" ","('0190-S-2007', 1)":null,"('0190-S-2007', 2)":null,"('0190-S-2007', 3)":null}}