{"Tipo de Proyecto":{"('0191-D-2007', 0)":"PROYECTO DE DECLARACI\u00d3N"},"Iniciado en: ":{"('0191-D-2007', 0)":"Diputados"},"Expediente Diputados: ":{"('0191-D-2007', 0)":"0191-D-2007"},"Publicado en: ":{"('0191-D-2007', 0)":"Tr\u00e1mite Parlamentario N\u00b0 2"},"Fecha: ":{"('0191-D-2007', 0)":"02\/03\/2007"},"T\u00edtulo":{"('0191-D-2007', 0)":"DECLARAR DE INTERES DE LA H. CAMARA EL PROGRAMA DE DIVULGACION ORGANIZADO POR EL INSTITUTO UNIVERSITARIO PARA LAS POLITICAS UNIVERSITARIAS PUBLICAS, A REALIZARSE EL DIA 30 DE MARZO DE 2007 EN MAR DEL PLATA, PROVINCIA DE BUENOS AIRES."},"('Firmantes', 'FIRMANTE')":{"('0191-D-2007', 0)":"ATANASOF, ALFREDO NESTOR"},"('Firmantes', 'DISTRITO')":{"('0191-D-2007', 0)":"BUENOS AIRES"},"('Firmantes', 'BLOQUE')":{"('0191-D-2007', 0)":"PERONISTA FEDERAL"},"('Giros', 'COMISI\u00d3N')":{"('0191-D-2007', 0)":"EDUCACION"},"Link":{"('0191-D-2007', 0)":"https:\/\/www.hcdn.gob.ar\/proyectos\/textoCompleto.jsp?exp=0191-D-2007&tipo=DECLARACION"},"Palabra Clave":{"('0191-D-2007', 0)":" "}}