{"Tipo de Proyecto":{"('0192-S-2007', 0)":"PROYECTO DE RESOLUCI\u00d3N","('0192-S-2007', 1)":null,"('0192-S-2007', 2)":null},"Iniciado en: ":{"('0192-S-2007', 0)":"Senado","('0192-S-2007', 1)":null,"('0192-S-2007', 2)":null},"Expediente Diputados: ":{"('0192-S-2007', 0)":"0192-S-2007","('0192-S-2007', 1)":null,"('0192-S-2007', 2)":null},"Expediente Senado: ":{"('0192-S-2007', 0)":"0221-OV-2006","('0192-S-2007', 1)":null,"('0192-S-2007', 2)":null},"Fecha: ":{"('0192-S-2007', 0)":"25\/06\/2007","('0192-S-2007', 1)":null,"('0192-S-2007', 2)":null},"T\u00edtulo":{"('0192-S-2007', 0)":"PEDIDO DE INFORMES AL PODER EJECUTIVO SOBRE RESOLUCION REMITIDA POR LA AUDITORIA GENERAL DE LA NACION REFERENTE A LOS ESTADOS FINANCIEROS AL 31 DE DICIEMBRE DE 2005, CORRESPONDIENTES AL \"PROYECTO DE TRANSPORTE URBANO DE BUENOS AIRES\" - CONVENIO DE PRESTAMO 4163-AR BIRF.","('0192-S-2007', 1)":null,"('0192-S-2007', 2)":null},"('Firmantes', 'FIRMANTE')":{"('0192-S-2007', 0)":"PARLAMENTARIA MIXTA REVISORA DE CUENTAS","('0192-S-2007', 1)":null,"('0192-S-2007', 2)":null},"('Firmantes', 'DISTRITO')":{"('0192-S-2007', 0)":null,"('0192-S-2007', 1)":null,"('0192-S-2007', 2)":null},"('Firmantes', 'BLOQUE')":{"('0192-S-2007', 0)":null,"('0192-S-2007', 1)":null,"('0192-S-2007', 2)":null},"('Giros', 'COMISI\u00d3N')":{"('0192-S-2007', 0)":"PARLAMENTARIA MIXTA REVISORA DE CUENTAS","('0192-S-2007', 1)":null,"('0192-S-2007', 2)":null},"('Tramites', 'C\u00c1MARA')":{"('0192-S-2007', 0)":"Senado","('0192-S-2007', 1)":"Diputados","('0192-S-2007', 2)":"Diputados"},"('Tramites', 'MOVIMIENTO')":{"('0192-S-2007', 0)":"CONSIDERACION Y APROBACION","('0192-S-2007', 1)":"PASA A DIPUTADOS -","('0192-S-2007', 2)":"CONSIDERACION Y APROBACION"},"('Tramites', 'FECHA')":{"('0192-S-2007', 0)":"12\/12\/2007","('0192-S-2007', 1)":null,"('0192-S-2007', 2)":"11\/03\/2009"},"('Tramites', 'RESULTADO')":{"('0192-S-2007', 0)":"APROBADO","('0192-S-2007', 1)":null,"('0192-S-2007', 2)":"APROBADO"},"Link":{"('0192-S-2007', 0)":"http:\/\/www.senado.gov.ar\/parlamentario\/comisiones\/verExp\/221.06\/OV\/PR","('0192-S-2007', 1)":null,"('0192-S-2007', 2)":null},"Palabra Clave":{"('0192-S-2007', 0)":" ","('0192-S-2007', 1)":null,"('0192-S-2007', 2)":null}}