{"Tipo de Proyecto":{"('0194-S-2007', 0)":"PROYECTO DE RESOLUCI\u00d3N","('0194-S-2007', 1)":null,"('0194-S-2007', 2)":null,"('0194-S-2007', 3)":null},"Iniciado en: ":{"('0194-S-2007', 0)":"Senado","('0194-S-2007', 1)":null,"('0194-S-2007', 2)":null,"('0194-S-2007', 3)":null},"Expediente Diputados: ":{"('0194-S-2007', 0)":"0194-S-2007","('0194-S-2007', 1)":null,"('0194-S-2007', 2)":null,"('0194-S-2007', 3)":null},"Expediente Senado: ":{"('0194-S-2007', 0)":"0239-OV-2006","('0194-S-2007', 1)":null,"('0194-S-2007', 2)":null,"('0194-S-2007', 3)":null},"Fecha: ":{"('0194-S-2007', 0)":"25\/06\/2007","('0194-S-2007', 1)":null,"('0194-S-2007', 2)":null,"('0194-S-2007', 3)":null},"T\u00edtulo":{"('0194-S-2007', 0)":"RESOLUCION REMITIDA POR LA AUDITORIA GENERAL DE LA NACION SOBRE LA AUDITORIA DE GESTION REFERIDA AL PROGRAMA 16 - IDENTIFICACION Y REGISTRO DEL POTENCIAL HUMANO NACIONAL, CORRESPONDIENTE AL EJERCICIO 2003: SOLICITUD AL PODER EJECUTIVO PARA QUE ARBITRE LAS MEDIDAS TENDIENTES A CORREGIR LAS SITUACIONES OBSERVADAS.","('0194-S-2007', 1)":null,"('0194-S-2007', 2)":null,"('0194-S-2007', 3)":null},"('Firmantes', 'FIRMANTE')":{"('0194-S-2007', 0)":"PARLAMENTARIA MIXTA REVISORA DE CUENTAS","('0194-S-2007', 1)":null,"('0194-S-2007', 2)":null,"('0194-S-2007', 3)":null},"('Firmantes', 'DISTRITO')":{"('0194-S-2007', 0)":null,"('0194-S-2007', 1)":null,"('0194-S-2007', 2)":null,"('0194-S-2007', 3)":null},"('Firmantes', 'BLOQUE')":{"('0194-S-2007', 0)":null,"('0194-S-2007', 1)":null,"('0194-S-2007', 2)":null,"('0194-S-2007', 3)":null},"('Giros', 'COMISI\u00d3N')":{"('0194-S-2007', 0)":"PARLAMENTARIA MIXTA REVISORA DE CUENTAS","('0194-S-2007', 1)":null,"('0194-S-2007', 2)":null,"('0194-S-2007', 3)":null},"('Tramites', 'C\u00c1MARA')":{"('0194-S-2007', 0)":"Senado","('0194-S-2007', 1)":"Diputados","('0194-S-2007', 2)":"Diputados","('0194-S-2007', 3)":"Diputados"},"('Tramites', 'MOVIMIENTO')":{"('0194-S-2007', 0)":"CONSIDERACION Y APROBACION","('0194-S-2007', 1)":"PASA A DIPUTADOS -","('0194-S-2007', 2)":"CONSIDERACION Y APROBACION","('0194-S-2007', 3)":"CONTESTACION DEL PODER EJECUTIVO NACIONAL - JEFE DE GABINETE DE MINISTROS - GIRADO A LA COMISION RESPECTIVA"},"('Tramites', 'FECHA')":{"('0194-S-2007', 0)":"12\/12\/2007","('0194-S-2007', 1)":null,"('0194-S-2007', 2)":"11\/03\/2009","('0194-S-2007', 3)":"04\/11\/2009"},"('Tramites', 'RESULTADO')":{"('0194-S-2007', 0)":"APROBADO","('0194-S-2007', 1)":null,"('0194-S-2007', 2)":"APROBADO","('0194-S-2007', 3)":null},"Link":{"('0194-S-2007', 0)":"http:\/\/www.senado.gov.ar\/parlamentario\/comisiones\/verExp\/239.06\/OV\/PR","('0194-S-2007', 1)":null,"('0194-S-2007', 2)":null,"('0194-S-2007', 3)":null},"Palabra Clave":{"('0194-S-2007', 0)":" ","('0194-S-2007', 1)":null,"('0194-S-2007', 2)":null,"('0194-S-2007', 3)":null}}