{"Tipo de Proyecto":{"('0195-D-2007', 0)":"PROYECTO DE DECLARACI\u00d3N"},"Iniciado en: ":{"('0195-D-2007', 0)":"Diputados"},"Expediente Diputados: ":{"('0195-D-2007', 0)":"0195-D-2007"},"Publicado en: ":{"('0195-D-2007', 0)":"Tr\u00e1mite Parlamentario N\u00b0 2"},"Fecha: ":{"('0195-D-2007', 0)":"02\/03\/2007"},"T\u00edtulo":{"('0195-D-2007', 0)":"ADHERIR AL DIA INTERNACIONAL DE LA MUJER, A CELEBRARSE EL 8 DE MARZO DE 2007."},"('Firmantes', 'FIRMANTE')":{"('0195-D-2007', 0)":"CONTI, DIANA BEATRIZ"},"('Firmantes', 'DISTRITO')":{"('0195-D-2007', 0)":"BUENOS AIRES"},"('Firmantes', 'BLOQUE')":{"('0195-D-2007', 0)":"FRENTE PARA LA VICTORIA - PJ"},"('Giros', 'COMISI\u00d3N')":{"('0195-D-2007', 0)":"FAMILIA, MUJER, NI\u00d1EZ Y ADOLESCENCIA"},"('Tramites', 'C\u00c1MARA')":{"('0195-D-2007', 0)":"Diputados"},"('Tramites', 'MOVIMIENTO')":{"('0195-D-2007', 0)":"CONSIDERACION Y APROBACION CONJUNTAMENTE PARA LOS EXPEDIENTES 0130-D-2007, 0167-D-2007, 0195-D-2007, 0290-D-2007 y 0727-D-2007"},"('Tramites', 'FECHA')":{"('0195-D-2007', 0)":"09\/05\/2007"},"('Tramites', 'RESULTADO')":{"('0195-D-2007', 0)":"APROBADO"},"Link":{"('0195-D-2007', 0)":"https:\/\/www.hcdn.gob.ar\/proyectos\/textoCompleto.jsp?exp=0195-D-2007&tipo=DECLARACION"},"Palabra Clave":{"('0195-D-2007', 0)":" "}}