{"Tipo de Proyecto":{"('0196-D-2007', 0)":"PROYECTO DE LEY","('0196-D-2007', 1)":null,"('0196-D-2007', 2)":null},"Iniciado en: ":{"('0196-D-2007', 0)":"Diputados","('0196-D-2007', 1)":null,"('0196-D-2007', 2)":null},"Expediente Diputados: ":{"('0196-D-2007', 0)":"0196-D-2007","('0196-D-2007', 1)":null,"('0196-D-2007', 2)":null},"Expediente Senado: ":{"('0196-D-2007', 0)":"0102-CD-2007","('0196-D-2007', 1)":null,"('0196-D-2007', 2)":null},"Publicado en: ":{"('0196-D-2007', 0)":"Tr\u00e1mite Parlamentario N\u00b0 2","('0196-D-2007', 1)":null,"('0196-D-2007', 2)":null},"Fecha: ":{"('0196-D-2007', 0)":"02\/03\/2007","('0196-D-2007', 1)":null,"('0196-D-2007', 2)":null},"T\u00edtulo":{"('0196-D-2007', 0)":"DECLARAR MONUMENTO HISTORICO NACIONAL AL TEATRO MUNICIPAL SOLARI DE LA CIUDAD DE GOYA, PROVINCIA DE CORRIENTES, CUYA INAUGURACION DATA DEL A\u00d1O 1879 (REPRODUCCION DEL EXPEDIENTE 0118-D-05).","('0196-D-2007', 1)":null,"('0196-D-2007', 2)":null},"('Firmantes', 'FIRMANTE')":{"('0196-D-2007', 0)":"MENDEZ DE FERREYRA, ARACELI ESTELA","('0196-D-2007', 1)":null,"('0196-D-2007', 2)":null},"('Firmantes', 'DISTRITO')":{"('0196-D-2007', 0)":"CORRIENTES","('0196-D-2007', 1)":null,"('0196-D-2007', 2)":null},"('Firmantes', 'BLOQUE')":{"('0196-D-2007', 0)":"FRENTE PARA LA VICTORIA - PJ","('0196-D-2007', 1)":null,"('0196-D-2007', 2)":null},"('Giros', 'COMISI\u00d3N')":{"('0196-D-2007', 0)":"CULTURA","('0196-D-2007', 1)":null,"('0196-D-2007', 2)":null},"('Tramites', 'C\u00c1MARA')":{"('0196-D-2007', 0)":"Diputados","('0196-D-2007', 1)":"Senado","('0196-D-2007', 2)":"Senado"},"('Tramites', 'MOVIMIENTO')":{"('0196-D-2007', 0)":"CONSIDERACION Y APROBACION CONJUNTAMENTE PARA LOS EXPEDIENTES 0196-D-2007, 0102-CD-2007 y 0462-D-2007","('0196-D-2007', 1)":"PASA A SENADO - CONJUNTAMENTE PARA LOS EXPEDIENTES 0196-D-2007, 0102-CD-2007 y 0462-D-2007","('0196-D-2007', 2)":"CONSIDERACION Y SANCION"},"('Tramites', 'FECHA')":{"('0196-D-2007', 0)":"07\/11\/2007","('0196-D-2007', 1)":null,"('0196-D-2007', 2)":"28\/11\/2007"},"('Tramites', 'RESULTADO')":{"('0196-D-2007', 0)":"MEDIA SANCION","('0196-D-2007', 1)":null,"('0196-D-2007', 2)":"SANCIONADO"},"Sumario":{"('0196-D-2007', 0)":"INSTRUMENTACION POR PARTE DE LA COMISION NACIONAL DE MUSEOS Y LUGARES HISTORICOS DE CONFORMIDAD A LO PREVISTO EN EL ARTICULO 1 DE LA LEY 12665.","('0196-D-2007', 1)":null,"('0196-D-2007', 2)":null},"Palabra Clave":{"('0196-D-2007', 0)":" ","('0196-D-2007', 1)":null,"('0196-D-2007', 2)":null}}