{"Tipo de Proyecto":{"('0196-S-2007', 0)":"PROYECTO DE RESOLUCI\u00d3N","('0196-S-2007', 1)":null,"('0196-S-2007', 2)":null,"('0196-S-2007', 3)":null},"Iniciado en: ":{"('0196-S-2007', 0)":"Senado","('0196-S-2007', 1)":null,"('0196-S-2007', 2)":null,"('0196-S-2007', 3)":null},"Expediente Diputados: ":{"('0196-S-2007', 0)":"0196-S-2007","('0196-S-2007', 1)":null,"('0196-S-2007', 2)":null,"('0196-S-2007', 3)":null},"Expediente Senado: ":{"('0196-S-2007', 0)":"0377-OV-2006","('0196-S-2007', 1)":null,"('0196-S-2007', 2)":null,"('0196-S-2007', 3)":null},"Fecha: ":{"('0196-S-2007', 0)":"25\/06\/2007","('0196-S-2007', 1)":null,"('0196-S-2007', 2)":null,"('0196-S-2007', 3)":null},"T\u00edtulo":{"('0196-S-2007', 0)":"PEDIDO DE INFORMES AL PODER EJECUTIVO SOBRE RESOLUCION REMITIDA POR LA AUDITORIA GENERAL DE LA NACION REFERENTE A UN INFORME SOBRE LA \"EVALUACION GENERAL DE LOS CONTROLES DE LA VERSION LOCAL DEL SIDIF: SISTEMA LOCAL UNIFICADO (SLU)\".","('0196-S-2007', 1)":null,"('0196-S-2007', 2)":null,"('0196-S-2007', 3)":null},"('Firmantes', 'FIRMANTE')":{"('0196-S-2007', 0)":"PARLAMENTARIA MIXTA REVISORA DE CUENTAS","('0196-S-2007', 1)":null,"('0196-S-2007', 2)":null,"('0196-S-2007', 3)":null},"('Firmantes', 'DISTRITO')":{"('0196-S-2007', 0)":null,"('0196-S-2007', 1)":null,"('0196-S-2007', 2)":null,"('0196-S-2007', 3)":null},"('Firmantes', 'BLOQUE')":{"('0196-S-2007', 0)":null,"('0196-S-2007', 1)":null,"('0196-S-2007', 2)":null,"('0196-S-2007', 3)":null},"('Giros', 'COMISI\u00d3N')":{"('0196-S-2007', 0)":"PARLAMENTARIA MIXTA REVISORA DE CUENTAS","('0196-S-2007', 1)":null,"('0196-S-2007', 2)":null,"('0196-S-2007', 3)":null},"('Tramites', 'C\u00c1MARA')":{"('0196-S-2007', 0)":"Senado","('0196-S-2007', 1)":"Diputados","('0196-S-2007', 2)":"Diputados","('0196-S-2007', 3)":"Diputados"},"('Tramites', 'MOVIMIENTO')":{"('0196-S-2007', 0)":"CONSIDERACION Y APROBACION","('0196-S-2007', 1)":"PASA A DIPUTADOS -","('0196-S-2007', 2)":"CONSIDERACION Y APROBACION","('0196-S-2007', 3)":"CONTESTACION DEL PODER EJECUTIVO NACIONAL - JEFE DE GABINETE DE MINISTROS - GIRADO A LA COMISION RESPECTIVA"},"('Tramites', 'FECHA')":{"('0196-S-2007', 0)":"12\/12\/2007","('0196-S-2007', 1)":null,"('0196-S-2007', 2)":"11\/03\/2009","('0196-S-2007', 3)":"17\/03\/2010"},"('Tramites', 'RESULTADO')":{"('0196-S-2007', 0)":"APROBADO","('0196-S-2007', 1)":null,"('0196-S-2007', 2)":"APROBADO","('0196-S-2007', 3)":null},"Link":{"('0196-S-2007', 0)":"http:\/\/www.senado.gov.ar\/parlamentario\/comisiones\/verExp\/377.06\/OV\/PR","('0196-S-2007', 1)":null,"('0196-S-2007', 2)":null,"('0196-S-2007', 3)":null},"Palabra Clave":{"('0196-S-2007', 0)":" ","('0196-S-2007', 1)":null,"('0196-S-2007', 2)":null,"('0196-S-2007', 3)":null}}