{"Tipo de Proyecto":{"('0197-S-2007', 0)":"PROYECTO DE RESOLUCI\u00d3N","('0197-S-2007', 1)":null,"('0197-S-2007', 2)":null,"('0197-S-2007', 3)":null},"Iniciado en: ":{"('0197-S-2007', 0)":"Senado","('0197-S-2007', 1)":null,"('0197-S-2007', 2)":null,"('0197-S-2007', 3)":null},"Expediente Diputados: ":{"('0197-S-2007', 0)":"0197-S-2007","('0197-S-2007', 1)":null,"('0197-S-2007', 2)":null,"('0197-S-2007', 3)":null},"Expediente Senado: ":{"('0197-S-2007', 0)":"0391-OV-2006","('0197-S-2007', 1)":null,"('0197-S-2007', 2)":null,"('0197-S-2007', 3)":null},"Fecha: ":{"('0197-S-2007', 0)":"25\/06\/2007","('0197-S-2007', 1)":null,"('0197-S-2007', 2)":null,"('0197-S-2007', 3)":null},"T\u00edtulo":{"('0197-S-2007', 0)":"PEDIDO DE INFORMES AL PODER EJECUTIVO SOBRE RESOLUCION REMITIDA POR LA AUDITORIA GENERAL DE LA NACION REFERENTE A LOS CONTROLES QUE REALIZA LA SUPERINTENDENCIA DE ADMINISTRADORAS DE FONDOS DE JUBILACIONES Y PENSIONES (SAFJP) BAJO EL REGIMEN DE CAPITALIZACION, EN EL MARCO DE LA LEY 24241; Y REMISION DEL DESCARGO DEL ORGANISMO AUDITADO.","('0197-S-2007', 1)":null,"('0197-S-2007', 2)":null,"('0197-S-2007', 3)":null},"('Firmantes', 'FIRMANTE')":{"('0197-S-2007', 0)":"PARLAMENTARIA MIXTA REVISORA DE CUENTAS","('0197-S-2007', 1)":null,"('0197-S-2007', 2)":null,"('0197-S-2007', 3)":null},"('Firmantes', 'DISTRITO')":{"('0197-S-2007', 0)":null,"('0197-S-2007', 1)":null,"('0197-S-2007', 2)":null,"('0197-S-2007', 3)":null},"('Firmantes', 'BLOQUE')":{"('0197-S-2007', 0)":null,"('0197-S-2007', 1)":null,"('0197-S-2007', 2)":null,"('0197-S-2007', 3)":null},"('Giros', 'COMISI\u00d3N')":{"('0197-S-2007', 0)":"PARLAMENTARIA MIXTA REVISORA DE CUENTAS","('0197-S-2007', 1)":null,"('0197-S-2007', 2)":null,"('0197-S-2007', 3)":null},"('Tramites', 'C\u00c1MARA')":{"('0197-S-2007', 0)":"Senado","('0197-S-2007', 1)":"Diputados","('0197-S-2007', 2)":"Diputados","('0197-S-2007', 3)":"Diputados"},"('Tramites', 'MOVIMIENTO')":{"('0197-S-2007', 0)":"CONSIDERACION Y APROBACION","('0197-S-2007', 1)":"PASA A DIPUTADOS -","('0197-S-2007', 2)":"CONSIDERACION Y APROBACION","('0197-S-2007', 3)":"CONTESTACION DEL PODER EJECUTIVO NACIONAL - JEFE DE GABINETE DE MINISTROS - GIRADO A LA COMISION RESPECTIVA"},"('Tramites', 'FECHA')":{"('0197-S-2007', 0)":"12\/12\/2007","('0197-S-2007', 1)":null,"('0197-S-2007', 2)":"11\/03\/2009","('0197-S-2007', 3)":"16\/03\/2011"},"('Tramites', 'RESULTADO')":{"('0197-S-2007', 0)":"APROBADO","('0197-S-2007', 1)":null,"('0197-S-2007', 2)":"APROBADO","('0197-S-2007', 3)":null},"Link":{"('0197-S-2007', 0)":"http:\/\/www.senado.gov.ar\/parlamentario\/comisiones\/verExp\/391.06\/OV\/PR","('0197-S-2007', 1)":null,"('0197-S-2007', 2)":null,"('0197-S-2007', 3)":null},"Palabra Clave":{"('0197-S-2007', 0)":" ","('0197-S-2007', 1)":null,"('0197-S-2007', 2)":null,"('0197-S-2007', 3)":null}}