{"Tipo de Proyecto":{"('0199-D-2007', 0)":"PROYECTO DE DECLARACI\u00d3N"},"Iniciado en: ":{"('0199-D-2007', 0)":"Diputados"},"Expediente Diputados: ":{"('0199-D-2007', 0)":"0199-D-2007"},"Publicado en: ":{"('0199-D-2007', 0)":"Tr\u00e1mite Parlamentario N\u00b0 3"},"Fecha: ":{"('0199-D-2007', 0)":"05\/03\/2007"},"T\u00edtulo":{"('0199-D-2007', 0)":"DECLARAR DE INTERES PARLAMENTARIO LA \"REGATA EN CONMEMORACION AL FALLECIMIENTO DEL ALMIRANTE GUILLERMO BROWN\", A REALIZARSE LOS DIAS 3 Y 4 DE MARZO DE 2007 EN LA CIUDAD DE USHUAIA, PROVINCIA DE TIERRA DEL FUEGO, ANTARTIDA E ISLAS DEL ATLANTICO SUR. "},"('Firmantes', 'FIRMANTE')":{"('0199-D-2007', 0)":"BERTONE, ROSANA ANDREA"},"('Firmantes', 'DISTRITO')":{"('0199-D-2007', 0)":"TIERRA DEL FUEGO"},"('Firmantes', 'BLOQUE')":{"('0199-D-2007', 0)":"FRENTE PARA LA VICTORIA - PJ"},"('Giros', 'COMISI\u00d3N')":{"('0199-D-2007', 0)":"DEPORTES"},"('Tramites', 'C\u00c1MARA')":{"('0199-D-2007', 0)":"Diputados"},"('Tramites', 'MOVIMIENTO')":{"('0199-D-2007', 0)":"CONSIDERACION Y APROBACION"},"('Tramites', 'FECHA')":{"('0199-D-2007', 0)":"09\/05\/2007"},"('Tramites', 'RESULTADO')":{"('0199-D-2007', 0)":"APROBADO"},"Link":{"('0199-D-2007', 0)":"https:\/\/www.hcdn.gob.ar\/proyectos\/textoCompleto.jsp?exp=0199-D-2007&tipo=DECLARACION"},"Palabra Clave":{"('0199-D-2007', 0)":" "}}