{"Tipo de Proyecto":{"('0199-S-2007', 0)":"PROYECTO DE RESOLUCI\u00d3N","('0199-S-2007', 1)":null,"('0199-S-2007', 2)":null,"('0199-S-2007', 3)":null},"Iniciado en: ":{"('0199-S-2007', 0)":"Senado","('0199-S-2007', 1)":null,"('0199-S-2007', 2)":null,"('0199-S-2007', 3)":null},"Expediente Diputados: ":{"('0199-S-2007', 0)":"0199-S-2007","('0199-S-2007', 1)":null,"('0199-S-2007', 2)":null,"('0199-S-2007', 3)":null},"Expediente Senado: ":{"('0199-S-2007', 0)":"0524-OV-2006","('0199-S-2007', 1)":null,"('0199-S-2007', 2)":null,"('0199-S-2007', 3)":null},"Fecha: ":{"('0199-S-2007', 0)":"25\/06\/2007","('0199-S-2007', 1)":null,"('0199-S-2007', 2)":null,"('0199-S-2007', 3)":null},"T\u00edtulo":{"('0199-S-2007', 0)":"PEDIDO DE INFORMES AL PODER EJECUTIVO SOBRE RESOLUCIONES REMITIDAS POR LA AUDITORIA GENERAL DE LA NACION REFERENTES A LOS ESTADOS FINANCIEROS - EJERCICIO AL 31 DE DICIEMBRE DE 2005 - DEL PROYECTO PNUD ARG\/03\/005 PROGRAMA JEFES DE HOGAR - (0524-OV-06), Y EL INFORME CONSOLIDADO DE LA AUDITORIA DE LA EJECUCION DE PROYECTOS DE COMPONENTES MATERIALES Y DE LOS CENTROS DE INTEGRACION COMUNITARIOS - PROCESO DE ENTREGA DE TARJETAS MAGNETICAS CORRESPONDIENTE AL MENCIONADO PROGRAMA - CONVENIO DE PRESTAMO 7157-AR BIRF (0566-OV-06).","('0199-S-2007', 1)":null,"('0199-S-2007', 2)":null,"('0199-S-2007', 3)":null},"('Firmantes', 'FIRMANTE')":{"('0199-S-2007', 0)":"PARLAMENTARIA MIXTA REVISORA DE CUENTAS","('0199-S-2007', 1)":null,"('0199-S-2007', 2)":null,"('0199-S-2007', 3)":null},"('Firmantes', 'DISTRITO')":{"('0199-S-2007', 0)":null,"('0199-S-2007', 1)":null,"('0199-S-2007', 2)":null,"('0199-S-2007', 3)":null},"('Firmantes', 'BLOQUE')":{"('0199-S-2007', 0)":null,"('0199-S-2007', 1)":null,"('0199-S-2007', 2)":null,"('0199-S-2007', 3)":null},"('Giros', 'COMISI\u00d3N')":{"('0199-S-2007', 0)":"PARLAMENTARIA MIXTA REVISORA DE CUENTAS","('0199-S-2007', 1)":null,"('0199-S-2007', 2)":null,"('0199-S-2007', 3)":null},"('Tramites', 'C\u00c1MARA')":{"('0199-S-2007', 0)":"Senado","('0199-S-2007', 1)":"Diputados","('0199-S-2007', 2)":"Diputados","('0199-S-2007', 3)":"Diputados"},"('Tramites', 'MOVIMIENTO')":{"('0199-S-2007', 0)":"CONSIDERACION Y APROBACION","('0199-S-2007', 1)":"PASA A DIPUTADOS -","('0199-S-2007', 2)":"CONSIDERACION Y APROBACION","('0199-S-2007', 3)":"CONTESTACION DEL PODER EJECUTIVO NACIONAL - JEFE DE GABINETE DE MINISTROS - GIRADO A LA COMISION RESPECTIVA"},"('Tramites', 'FECHA')":{"('0199-S-2007', 0)":"12\/12\/2007","('0199-S-2007', 1)":null,"('0199-S-2007', 2)":"11\/03\/2009","('0199-S-2007', 3)":"16\/03\/2011"},"('Tramites', 'RESULTADO')":{"('0199-S-2007', 0)":"APROBADO","('0199-S-2007', 1)":null,"('0199-S-2007', 2)":"APROBADO","('0199-S-2007', 3)":null},"Link":{"('0199-S-2007', 0)":"http:\/\/www.senado.gov.ar\/parlamentario\/comisiones\/verExp\/524.06\/OV\/PR","('0199-S-2007', 1)":null,"('0199-S-2007', 2)":null,"('0199-S-2007', 3)":null},"Palabra Clave":{"('0199-S-2007', 0)":" ","('0199-S-2007', 1)":null,"('0199-S-2007', 2)":null,"('0199-S-2007', 3)":null}}