{"Tipo de Proyecto":{"('0200-OVD-2007', 0)":"PROYECTO DE RESOLUCI\u00d3N"},"Iniciado en: ":{"('0200-OVD-2007', 0)":"Senado"},"Expediente Senado: ":{"('0200-OVD-2007', 0)":"0200-OVD-2007"},"Fecha: ":{"('0200-OVD-2007', 0)":"28\/09\/2007"},"T\u00edtulo":{"('0200-OVD-2007', 0)":"RESPUESTA REMITIDA POR LA JEFATURA DE GABINETE DE MINISTROS EN RELACION CON LA RESOLUCION 0154-S-05 APROBADA POR EL H. CONGRESO."},"('Firmantes', 'FIRMANTE')":{"('0200-OVD-2007', 0)":"PARLAMENTARIA MIXTA REVISORA DE CUENTAS"},"('Firmantes', 'DISTRITO')":{"('0200-OVD-2007', 0)":null},"('Firmantes', 'BLOQUE')":{"('0200-OVD-2007', 0)":null},"('Tramites', 'C\u00c1MARA')":{"('0200-OVD-2007', 0)":"Senado"},"('Tramites', 'MOVIMIENTO')":{"('0200-OVD-2007', 0)":"CONSIDERACION Y APROBACION (AL ARCHIVO)"},"('Tramites', 'FECHA')":{"('0200-OVD-2007', 0)":"12\/12\/2007"},"('Tramites', 'RESULTADO')":{"('0200-OVD-2007', 0)":"APROBADO"},"Sumario":{"('0200-OVD-2007', 0)":"HABIENDO TOMADO CONOCIMIENTO Y SIN PERJUICIO DE LAS ULTERIORES MEDIDAS QUE PUEDAN ADOPTARSE FRENTE A FUTUROS INFORMES QUE PRODUZCA LA AUDITORIA GENERAL DE LA NACION, SE ACONSEJA SU REMISION AL ARCHIVO."},"Palabra Clave":{"('0200-OVD-2007', 0)":" "}}