{"Tipo de Proyecto":{"('0200-D-2007', 0)":"PROYECTO DE DECLARACI\u00d3N"},"Iniciado en: ":{"('0200-D-2007', 0)":"Diputados"},"Expediente Diputados: ":{"('0200-D-2007', 0)":"0200-D-2007"},"Publicado en: ":{"('0200-D-2007', 0)":"Tr\u00e1mite Parlamentario N\u00b0 3"},"Fecha: ":{"('0200-D-2007', 0)":"05\/03\/2007"},"T\u00edtulo":{"('0200-D-2007', 0)":"DECLARAR DE INTERES DE LA H. CAMARA LA CAMPA\u00d1A \"PARTO HUMANIZADO\", QUE SE REALIZA EN RIO GRANDE, PROVINCIA DE TIERRA DEL FUEGO, ANTARTIDA E ISLAS DEL ATLANTICO SUR."},"('Firmantes', 'FIRMANTE')":{"('0200-D-2007', 0)":"BERTONE, ROSANA ANDREA"},"('Firmantes', 'DISTRITO')":{"('0200-D-2007', 0)":"TIERRA DEL FUEGO"},"('Firmantes', 'BLOQUE')":{"('0200-D-2007', 0)":"FRENTE PARA LA VICTORIA - PJ"},"('Giros', 'COMISI\u00d3N')":{"('0200-D-2007', 0)":"ACCION SOCIAL Y SALUD PUBLICA"},"('Tramites', 'C\u00c1MARA')":{"('0200-D-2007', 0)":"Diputados"},"('Tramites', 'MOVIMIENTO')":{"('0200-D-2007', 0)":"CONSIDERACION Y APROBACION"},"('Tramites', 'FECHA')":{"('0200-D-2007', 0)":"18\/07\/2007"},"('Tramites', 'RESULTADO')":{"('0200-D-2007', 0)":"APROBADO"},"Link":{"('0200-D-2007', 0)":"https:\/\/www.hcdn.gob.ar\/proyectos\/textoCompleto.jsp?exp=0200-D-2007&tipo=DECLARACION"},"Palabra Clave":{"('0200-D-2007', 0)":" "}}