{"Tipo de Proyecto":{"('0202-S-2007', 0)":"PROYECTO DE RESOLUCI\u00d3N","('0202-S-2007', 1)":null,"('0202-S-2007', 2)":null,"('0202-S-2007', 3)":null},"Iniciado en: ":{"('0202-S-2007', 0)":"Senado","('0202-S-2007', 1)":null,"('0202-S-2007', 2)":null,"('0202-S-2007', 3)":null},"Expediente Diputados: ":{"('0202-S-2007', 0)":"0202-S-2007","('0202-S-2007', 1)":null,"('0202-S-2007', 2)":null,"('0202-S-2007', 3)":null},"Expediente Senado: ":{"('0202-S-2007', 0)":"0060-OV-2006","('0202-S-2007', 1)":null,"('0202-S-2007', 2)":null,"('0202-S-2007', 3)":null},"Fecha: ":{"('0202-S-2007', 0)":"16\/08\/2007","('0202-S-2007', 1)":null,"('0202-S-2007', 2)":null,"('0202-S-2007', 3)":null},"T\u00edtulo":{"('0202-S-2007', 0)":"PEDIDO DE INFORMES AL PODER EJECUTIVO SOBRE RESOLUCION REMITIDA POR LA AUDITORIA GENERAL DE LA NACION REFERENTE A LOS ESTADOS FINANCIEROS AL 31 DE OCTUBRE DE 2005, CORRESPONDIENTES AL SEGUNDO PROYECTO DE DESARROLLO PROVINCIAL - CONVENIO DE PRESTAMO 3877-AR BIRF.","('0202-S-2007', 1)":null,"('0202-S-2007', 2)":null,"('0202-S-2007', 3)":null},"('Firmantes', 'FIRMANTE')":{"('0202-S-2007', 0)":"PARLAMENTARIA MIXTA REVISORA DE CUENTAS","('0202-S-2007', 1)":null,"('0202-S-2007', 2)":null,"('0202-S-2007', 3)":null},"('Firmantes', 'DISTRITO')":{"('0202-S-2007', 0)":null,"('0202-S-2007', 1)":null,"('0202-S-2007', 2)":null,"('0202-S-2007', 3)":null},"('Firmantes', 'BLOQUE')":{"('0202-S-2007', 0)":null,"('0202-S-2007', 1)":null,"('0202-S-2007', 2)":null,"('0202-S-2007', 3)":null},"('Giros', 'COMISI\u00d3N')":{"('0202-S-2007', 0)":"PARLAMENTARIA MIXTA REVISORA DE CUENTAS","('0202-S-2007', 1)":null,"('0202-S-2007', 2)":null,"('0202-S-2007', 3)":null},"('Tramites', 'C\u00c1MARA')":{"('0202-S-2007', 0)":"Senado","('0202-S-2007', 1)":"Diputados","('0202-S-2007', 2)":"Diputados","('0202-S-2007', 3)":"Diputados"},"('Tramites', 'MOVIMIENTO')":{"('0202-S-2007', 0)":"CONSIDERACION Y APROBACION","('0202-S-2007', 1)":"PASA A DIPUTADOS -","('0202-S-2007', 2)":"CONSIDERACION Y APROBACION","('0202-S-2007', 3)":"CONTESTACION DEL PODER EJECUTIVO NACIONAL - JEFE DE GABINETE DE MINISTROS - GIRADO A LA COMISION RESPECTIVA"},"('Tramites', 'FECHA')":{"('0202-S-2007', 0)":"12\/12\/2007","('0202-S-2007', 1)":null,"('0202-S-2007', 2)":"11\/03\/2009","('0202-S-2007', 3)":"16\/03\/2011"},"('Tramites', 'RESULTADO')":{"('0202-S-2007', 0)":"APROBADO","('0202-S-2007', 1)":null,"('0202-S-2007', 2)":"APROBADO","('0202-S-2007', 3)":null},"Link":{"('0202-S-2007', 0)":"http:\/\/www.senado.gov.ar\/parlamentario\/comisiones\/verExp\/60.06\/OV\/PR","('0202-S-2007', 1)":null,"('0202-S-2007', 2)":null,"('0202-S-2007', 3)":null},"Palabra Clave":{"('0202-S-2007', 0)":" ","('0202-S-2007', 1)":null,"('0202-S-2007', 2)":null,"('0202-S-2007', 3)":null}}