{"Tipo de Proyecto":{"('0203-D-2007', 0)":"PROYECTO DE RESOLUCI\u00d3N"},"Iniciado en: ":{"('0203-D-2007', 0)":"Diputados"},"Expediente Diputados: ":{"('0203-D-2007', 0)":"0203-D-2007"},"Publicado en: ":{"('0203-D-2007', 0)":"Tr\u00e1mite Parlamentario N\u00b0 3"},"Fecha: ":{"('0203-D-2007', 0)":"05\/03\/2007"},"T\u00edtulo":{"('0203-D-2007', 0)":"PEDIDO DE INFORMES AL PODER EJECUTIVO SOBRE LOS PRESUNTOS EPISODIOS DE PRIVACION ILEGITIMA DE LA LIBERTAD QUE INVOLUCRARON AL SE\u00d1OR LUIS ANGEL GEREZ ENTRE EL 27 Y 29 DE DICIEMBRE DE 2006, Y OTRAS CUESTIONES CONEXAS."},"('Firmantes', 'FIRMANTE')":{"('0203-D-2007', 0)":"MANSUR, NELIDA MABEL"},"('Firmantes', 'DISTRITO')":{"('0203-D-2007', 0)":"BUENOS AIRES"},"('Firmantes', 'BLOQUE')":{"('0203-D-2007', 0)":"UNIDAD FEDERALISTA"},"('Giros', 'COMISI\u00d3N')":{"('0203-D-2007', 0)":"SEGURIDAD INTERIOR"},"Link":{"('0203-D-2007', 0)":"https:\/\/www.hcdn.gob.ar\/proyectos\/textoCompleto.jsp?exp=0203-D-2007&tipo=RESOLUCION"},"Palabra Clave":{"('0203-D-2007', 0)":" "}}