{"Tipo de Proyecto":{"('0203-S-2007', 0)":"PROYECTO DE RESOLUCI\u00d3N","('0203-S-2007', 1)":null,"('0203-S-2007', 2)":null,"('0203-S-2007', 3)":null},"Iniciado en: ":{"('0203-S-2007', 0)":"Senado","('0203-S-2007', 1)":null,"('0203-S-2007', 2)":null,"('0203-S-2007', 3)":null},"Expediente Diputados: ":{"('0203-S-2007', 0)":"0203-S-2007","('0203-S-2007', 1)":null,"('0203-S-2007', 2)":null,"('0203-S-2007', 3)":null},"Expediente Senado: ":{"('0203-S-2007', 0)":"0466-OV-2005","('0203-S-2007', 1)":null,"('0203-S-2007', 2)":null,"('0203-S-2007', 3)":null},"Fecha: ":{"('0203-S-2007', 0)":"16\/08\/2007","('0203-S-2007', 1)":null,"('0203-S-2007', 2)":null,"('0203-S-2007', 3)":null},"T\u00edtulo":{"('0203-S-2007', 0)":"RESOLUCIONES REMITIDAS POR LA AUDITORIA GENERAL DE LA NACION REFERENTES A: VERIFICACION DE LOS CONTROLES EJERCIDOS POR EL ENTE NACIONAL REGULADOR DE LA ELECTRICIDAD - ENRE - DE CALIDAD DEL SERVICIO DEL SISTEMA DE TRANSPORTE DE ALTA TENSION, A\u00d1O 2002 - 2003 (0466-OV-05), Y VERIFICAR EL SISTEMA DE CONTROL REALIZADO POR EL ENRE SOBRE LAS DISTRIBUIDORAS RESPECTO DEL NIVEL DE CALIDAD DEL SERVICIO TECNICO, A\u00d1O 2004 (0434-OV-06). SOLICITAR AL PODER EJECUTIVO NACIONAL QUE ADOPTE LAS MEDIDAS NECESARIAS A FIN DE ASEGURAR LA EFICIENCIA DEL CONTROL EJERCIDO POR EL ENRE.","('0203-S-2007', 1)":null,"('0203-S-2007', 2)":null,"('0203-S-2007', 3)":null},"('Firmantes', 'FIRMANTE')":{"('0203-S-2007', 0)":"PARLAMENTARIA MIXTA REVISORA DE CUENTAS","('0203-S-2007', 1)":null,"('0203-S-2007', 2)":null,"('0203-S-2007', 3)":null},"('Firmantes', 'DISTRITO')":{"('0203-S-2007', 0)":null,"('0203-S-2007', 1)":null,"('0203-S-2007', 2)":null,"('0203-S-2007', 3)":null},"('Firmantes', 'BLOQUE')":{"('0203-S-2007', 0)":null,"('0203-S-2007', 1)":null,"('0203-S-2007', 2)":null,"('0203-S-2007', 3)":null},"('Giros', 'COMISI\u00d3N')":{"('0203-S-2007', 0)":"PARLAMENTARIA MIXTA REVISORA DE CUENTAS","('0203-S-2007', 1)":null,"('0203-S-2007', 2)":null,"('0203-S-2007', 3)":null},"('Tramites', 'C\u00c1MARA')":{"('0203-S-2007', 0)":"Senado","('0203-S-2007', 1)":"Diputados","('0203-S-2007', 2)":"Diputados","('0203-S-2007', 3)":"Diputados"},"('Tramites', 'MOVIMIENTO')":{"('0203-S-2007', 0)":"CONSIDERACION Y APROBACION","('0203-S-2007', 1)":"PASA A DIPUTADOS -","('0203-S-2007', 2)":"CONSIDERACION Y APROBACION","('0203-S-2007', 3)":"CONTESTACION DEL PODER EJECUTIVO NACIONAL - JEFE DE GABINETE DE MINISTROS - GIRADO A LA COMISION RESPECTIVA"},"('Tramites', 'FECHA')":{"('0203-S-2007', 0)":"12\/12\/2007","('0203-S-2007', 1)":null,"('0203-S-2007', 2)":"11\/03\/2009","('0203-S-2007', 3)":"11\/11\/2009"},"('Tramites', 'RESULTADO')":{"('0203-S-2007', 0)":"APROBADO","('0203-S-2007', 1)":null,"('0203-S-2007', 2)":"APROBADO","('0203-S-2007', 3)":null},"Link":{"('0203-S-2007', 0)":"http:\/\/www.senado.gov.ar\/parlamentario\/comisiones\/verExp\/466.05\/OV\/PR","('0203-S-2007', 1)":null,"('0203-S-2007', 2)":null,"('0203-S-2007', 3)":null},"Palabra Clave":{"('0203-S-2007', 0)":" ","('0203-S-2007', 1)":null,"('0203-S-2007', 2)":null,"('0203-S-2007', 3)":null}}