{"Tipo de Proyecto":{"('0205-S-2007', 0)":"PROYECTO DE RESOLUCI\u00d3N","('0205-S-2007', 1)":null,"('0205-S-2007', 2)":null},"Iniciado en: ":{"('0205-S-2007', 0)":"Senado","('0205-S-2007', 1)":null,"('0205-S-2007', 2)":null},"Expediente Diputados: ":{"('0205-S-2007', 0)":"0205-S-2007","('0205-S-2007', 1)":null,"('0205-S-2007', 2)":null},"Expediente Senado: ":{"('0205-S-2007', 0)":"0425-OV-2006","('0205-S-2007', 1)":null,"('0205-S-2007', 2)":null},"Fecha: ":{"('0205-S-2007', 0)":"16\/08\/2007","('0205-S-2007', 1)":null,"('0205-S-2007', 2)":null},"T\u00edtulo":{"('0205-S-2007', 0)":"PEDIDO DE INFORMES AL PODER EJECUTIVO SOBRE RESOLUCION REMITIDA POR LA AUDITORIA GENERAL DE LA NACION COMUNICANDO RESOLUCION SOBRE LOS ESTADOS FINANCIEROS AL 31 DE DICIEMBRE DE 2005 CORRESPONDIENTES AL PROYECTO PNUD ARG\/99\/025 GESTION AMBIENTAL - CONVENIO DE PRESTAMO 4281-AR BIRF.","('0205-S-2007', 1)":null,"('0205-S-2007', 2)":null},"('Firmantes', 'FIRMANTE')":{"('0205-S-2007', 0)":"PARLAMENTARIA MIXTA REVISORA DE CUENTAS","('0205-S-2007', 1)":null,"('0205-S-2007', 2)":null},"('Firmantes', 'DISTRITO')":{"('0205-S-2007', 0)":null,"('0205-S-2007', 1)":null,"('0205-S-2007', 2)":null},"('Firmantes', 'BLOQUE')":{"('0205-S-2007', 0)":null,"('0205-S-2007', 1)":null,"('0205-S-2007', 2)":null},"('Giros', 'COMISI\u00d3N')":{"('0205-S-2007', 0)":"PARLAMENTARIA MIXTA REVISORA DE CUENTAS","('0205-S-2007', 1)":null,"('0205-S-2007', 2)":null},"('Tramites', 'C\u00c1MARA')":{"('0205-S-2007', 0)":"Senado","('0205-S-2007', 1)":"Diputados","('0205-S-2007', 2)":"Diputados"},"('Tramites', 'MOVIMIENTO')":{"('0205-S-2007', 0)":"CONSIDERACION Y APROBACION","('0205-S-2007', 1)":"PASA A DIPUTADOS -","('0205-S-2007', 2)":"CONSIDERACION Y APROBACION"},"('Tramites', 'FECHA')":{"('0205-S-2007', 0)":"12\/12\/2007","('0205-S-2007', 1)":null,"('0205-S-2007', 2)":"11\/03\/2009"},"('Tramites', 'RESULTADO')":{"('0205-S-2007', 0)":"APROBADO","('0205-S-2007', 1)":null,"('0205-S-2007', 2)":"APROBADO"},"Link":{"('0205-S-2007', 0)":"http:\/\/www.senado.gov.ar\/parlamentario\/comisiones\/verExp\/425.06\/OV\/PR","('0205-S-2007', 1)":null,"('0205-S-2007', 2)":null},"Palabra Clave":{"('0205-S-2007', 0)":" ","('0205-S-2007', 1)":null,"('0205-S-2007', 2)":null}}