{"Tipo de Proyecto":{"('0207-D-2007', 0)":"PROYECTO DE LEY","('0207-D-2007', 1)":null,"('0207-D-2007', 2)":null},"Iniciado en: ":{"('0207-D-2007', 0)":"Diputados","('0207-D-2007', 1)":null,"('0207-D-2007', 2)":null},"Expediente Diputados: ":{"('0207-D-2007', 0)":"0207-D-2007","('0207-D-2007', 1)":null,"('0207-D-2007', 2)":null},"Publicado en: ":{"('0207-D-2007', 0)":"Tr\u00e1mite Parlamentario N\u00b0 3","('0207-D-2007', 1)":null,"('0207-D-2007', 2)":null},"Fecha: ":{"('0207-D-2007', 0)":"05\/03\/2007","('0207-D-2007', 1)":null,"('0207-D-2007', 2)":null},"T\u00edtulo":{"('0207-D-2007', 0)":"EXENCION DE IMPUESTOS, TASAS Y CONTRIBUCIONES PARA LOS SERVICIOS PUBLICOS INSTALADOS EN EL UNICO INMUEBLE DESTINADO A VIVIENDA QUE OCUPEN LEGITIMAMENTE PERSONAS DISCAPACITADAS O GRUPO FAMILIAR CON DISCAPACITADOS A CARGO (REPRODUCCION DEL EXPEDIENTE 1074-D-05).","('0207-D-2007', 1)":null,"('0207-D-2007', 2)":null},"('Firmantes', 'FIRMANTE')":{"('0207-D-2007', 0)":"MANSUR, NELIDA MABEL","('0207-D-2007', 1)":null,"('0207-D-2007', 2)":null},"('Firmantes', 'DISTRITO')":{"('0207-D-2007', 0)":"BUENOS AIRES","('0207-D-2007', 1)":null,"('0207-D-2007', 2)":null},"('Firmantes', 'BLOQUE')":{"('0207-D-2007', 0)":"UNIDAD FEDERALISTA","('0207-D-2007', 1)":null,"('0207-D-2007', 2)":null},"('Giros', 'COMISI\u00d3N')":{"('0207-D-2007', 0)":"DISCAPACIDAD","('0207-D-2007', 1)":"OBRAS PUBLICAS","('0207-D-2007', 2)":"PRESUPUESTO Y HACIENDA"},"Palabra Clave":{"('0207-D-2007', 0)":" ","('0207-D-2007', 1)":null,"('0207-D-2007', 2)":null}}