{"Tipo de Proyecto":{"('0207-PE-2007', 0)":"MENSAJE NRO: 0269\/07","('0207-PE-2007', 1)":null,"('0207-PE-2007', 2)":null},"Iniciado en: ":{"('0207-PE-2007', 0)":"Senado","('0207-PE-2007', 1)":null,"('0207-PE-2007', 2)":null},"Expediente Senado: ":{"('0207-PE-2007', 0)":"0207-PE-2007","('0207-PE-2007', 1)":null,"('0207-PE-2007', 2)":null},"Publicado en: ":{"('0207-PE-2007', 0)":"Diario de Asuntos Entrados N\u00b0 100","('0207-PE-2007', 1)":null,"('0207-PE-2007', 2)":null},"Fecha: ":{"('0207-PE-2007', 0)":"13\/07\/2007","('0207-PE-2007', 1)":null,"('0207-PE-2007', 2)":null},"T\u00edtulo":{"('0207-PE-2007', 0)":"COMUNICACION DEL DICTADO DEL DECRETO DE NECESIDAD Y URGENCIA 899\/2007 TENDIENTE A ACTUALIZAR REMUNERACIONES DEL PERSONAL DE LA SECRETARIA DE INTELIGENCIA DE PRESIDENCIA DE LA NACION.","('0207-PE-2007', 1)":null,"('0207-PE-2007', 2)":null},"('Firmantes', 'FIRMANTE')":{"('0207-PE-2007', 0)":"KIRCHNER, ALICIA","('0207-PE-2007', 1)":"FERNANDEZ, ALBERTO","('0207-PE-2007', 2)":"FERNANDEZ, ANIBAL"},"('Firmantes', 'DISTRITO')":{"('0207-PE-2007', 0)":null,"('0207-PE-2007', 1)":null,"('0207-PE-2007', 2)":null},"('Firmantes', 'BLOQUE')":{"('0207-PE-2007', 0)":"PODER EJECUTIVO","('0207-PE-2007', 1)":"PODER EJECUTIVO","('0207-PE-2007', 2)":"PODER EJECUTIVO"},"('Tramites', 'C\u00c1MARA')":{"('0207-PE-2007', 0)":"Senado","('0207-PE-2007', 1)":"Diputados","('0207-PE-2007', 2)":null},"('Tramites', 'MOVIMIENTO')":{"('0207-PE-2007', 0)":"CONSIDERACION Y APROBACION","('0207-PE-2007', 1)":"PASA A DIPUTADOS -","('0207-PE-2007', 2)":null},"('Tramites', 'FECHA')":{"('0207-PE-2007', 0)":"09\/04\/2008","('0207-PE-2007', 1)":null,"('0207-PE-2007', 2)":null},"('Tramites', 'RESULTADO')":{"('0207-PE-2007', 0)":"APROBADO","('0207-PE-2007', 1)":null,"('0207-PE-2007', 2)":null},"Palabra Clave":{"('0207-PE-2007', 0)":" ","('0207-PE-2007', 1)":null,"('0207-PE-2007', 2)":null}}