{"Tipo de Proyecto":{"('0208-D-2007', 0)":"PROYECTO DE DECLARACI\u00d3N"},"Iniciado en: ":{"('0208-D-2007', 0)":"Diputados"},"Expediente Diputados: ":{"('0208-D-2007', 0)":"0208-D-2007"},"Publicado en: ":{"('0208-D-2007', 0)":"Tr\u00e1mite Parlamentario N\u00b0 3"},"Fecha: ":{"('0208-D-2007', 0)":"05\/03\/2007"},"T\u00edtulo":{"('0208-D-2007', 0)":"EXPRESAR BENEPLACITO POR LA DISTINCION OTORGADA POR EL MINISTERIO DE SALUD AL LABORATORIO DE BACTERIOLOGIA DEL HOSPITAL DE NI\u00d1OS DE ROSARIO, PROVINCIA DE SANTA FE."},"('Firmantes', 'FIRMANTE')":{"('0208-D-2007', 0)":"STORERO, HUGO GUILLERMO"},"('Firmantes', 'DISTRITO')":{"('0208-D-2007', 0)":"SANTA FE"},"('Firmantes', 'BLOQUE')":{"('0208-D-2007', 0)":"UCR"},"('Giros', 'COMISI\u00d3N')":{"('0208-D-2007', 0)":"ACCION SOCIAL Y SALUD PUBLICA"},"('Tramites', 'C\u00c1MARA')":{"('0208-D-2007', 0)":"Diputados"},"('Tramites', 'MOVIMIENTO')":{"('0208-D-2007', 0)":"CONSIDERACION Y APROBACION"},"('Tramites', 'FECHA')":{"('0208-D-2007', 0)":"08\/08\/2007"},"('Tramites', 'RESULTADO')":{"('0208-D-2007', 0)":"APROBADO"},"Link":{"('0208-D-2007', 0)":"https:\/\/www.hcdn.gob.ar\/proyectos\/textoCompleto.jsp?exp=0208-D-2007&tipo=DECLARACION"},"Palabra Clave":{"('0208-D-2007', 0)":" "}}