{"Tipo de Proyecto":{"('0208-S-2007', 0)":"PROYECTO DE RESOLUCI\u00d3N","('0208-S-2007', 1)":null,"('0208-S-2007', 2)":null,"('0208-S-2007', 3)":null},"Iniciado en: ":{"('0208-S-2007', 0)":"Senado","('0208-S-2007', 1)":null,"('0208-S-2007', 2)":null,"('0208-S-2007', 3)":null},"Expediente Diputados: ":{"('0208-S-2007', 0)":"0208-S-2007","('0208-S-2007', 1)":null,"('0208-S-2007', 2)":null,"('0208-S-2007', 3)":null},"Expediente Senado: ":{"('0208-S-2007', 0)":"0208-OVD-2006","('0208-S-2007', 1)":null,"('0208-S-2007', 2)":null,"('0208-S-2007', 3)":null},"Fecha: ":{"('0208-S-2007', 0)":"16\/08\/2007","('0208-S-2007', 1)":null,"('0208-S-2007', 2)":null,"('0208-S-2007', 3)":null},"T\u00edtulo":{"('0208-S-2007', 0)":"PEDIDO DE INFORMES AL PODER EJECUTIVO SOBRE RESOLUCIONES REMITIDAS POR LA JEFATURA DE GABINETE DE MINISTROS, REFERENTES A LAS RESOLUCIONES APROBADAS POR LA HONORABLE CAMARA: 0247-S-03 (0208-OVD-06), 0057-S-05 (0659-OVD-06) Y 0023-S-06 (0801-OVD-06); Y SOBRE RESOLUCIONES REMITIDAS POR LA AUDITORIA GENERAL DE LA NACION REFERENTES A LOS ESTADOS FINANCIEROS AL 31 DE DICIEMBRE DE 2005 CORRESPONDIENTES AL PROYECTO PNUD ARG\/98\/003, \"APOYO AL DISE\u00d1O Y FORMULACION DEL SISTEMA DE VIGILANCIA, PREVENCION Y CONTROL DE ENFERMEDADES EMERGENTES Y ENDEMICAS EN LA REPUBLICA ARGENTINA\" - CONVENIO DE PRESTAMO 4516-AR BIRF.","('0208-S-2007', 1)":null,"('0208-S-2007', 2)":null,"('0208-S-2007', 3)":null},"('Firmantes', 'FIRMANTE')":{"('0208-S-2007', 0)":"PARLAMENTARIA MIXTA REVISORA DE CUENTAS","('0208-S-2007', 1)":null,"('0208-S-2007', 2)":null,"('0208-S-2007', 3)":null},"('Firmantes', 'DISTRITO')":{"('0208-S-2007', 0)":null,"('0208-S-2007', 1)":null,"('0208-S-2007', 2)":null,"('0208-S-2007', 3)":null},"('Firmantes', 'BLOQUE')":{"('0208-S-2007', 0)":null,"('0208-S-2007', 1)":null,"('0208-S-2007', 2)":null,"('0208-S-2007', 3)":null},"('Giros', 'COMISI\u00d3N')":{"('0208-S-2007', 0)":"PARLAMENTARIA MIXTA REVISORA DE CUENTAS","('0208-S-2007', 1)":null,"('0208-S-2007', 2)":null,"('0208-S-2007', 3)":null},"('Tramites', 'C\u00c1MARA')":{"('0208-S-2007', 0)":"Senado","('0208-S-2007', 1)":"Diputados","('0208-S-2007', 2)":"Diputados","('0208-S-2007', 3)":"Diputados"},"('Tramites', 'MOVIMIENTO')":{"('0208-S-2007', 0)":"CONSIDERACION Y APROBACION","('0208-S-2007', 1)":"PASA A DIPUTADOS -","('0208-S-2007', 2)":"CONSIDERACION Y APROBACION","('0208-S-2007', 3)":"CONTESTACION DEL PODER EJECUTIVO NACIONAL - JEFE DE GABINETE DE MINISTROS - GIRADO A LA COMISION RESPECTIVA"},"('Tramites', 'FECHA')":{"('0208-S-2007', 0)":"12\/12\/2007","('0208-S-2007', 1)":null,"('0208-S-2007', 2)":"11\/03\/2009","('0208-S-2007', 3)":"16\/03\/2011"},"('Tramites', 'RESULTADO')":{"('0208-S-2007', 0)":"APROBADO","('0208-S-2007', 1)":null,"('0208-S-2007', 2)":"APROBADO","('0208-S-2007', 3)":null},"Link":{"('0208-S-2007', 0)":"http:\/\/www.senado.gov.ar\/parlamentario\/comisiones\/verExp\/208.06\/OVD\/PR","('0208-S-2007', 1)":null,"('0208-S-2007', 2)":null,"('0208-S-2007', 3)":null},"Palabra Clave":{"('0208-S-2007', 0)":" ","('0208-S-2007', 1)":null,"('0208-S-2007', 2)":null,"('0208-S-2007', 3)":null}}