{"Tipo de Proyecto":{"('0210-D-2007', 0)":"PROYECTO DE DECLARACI\u00d3N"},"Iniciado en: ":{"('0210-D-2007', 0)":"Diputados"},"Expediente Diputados: ":{"('0210-D-2007', 0)":"0210-D-2007"},"Publicado en: ":{"('0210-D-2007', 0)":"Tr\u00e1mite Parlamentario N\u00b0 3"},"Fecha: ":{"('0210-D-2007', 0)":"05\/03\/2007"},"T\u00edtulo":{"('0210-D-2007', 0)":"EXPRESAR REPUDIO A LAS AGRESIONES ANTISEMITAS QUE SUFRIERON LOS TITULARES DEL COMERCIO SITO EN LA CALLE DORREGO 1779 DE LA CIUDAD DE ROSARIO, PROVINCIA DE SANTA FE."},"('Firmantes', 'FIRMANTE')":{"('0210-D-2007', 0)":"STORERO, HUGO GUILLERMO"},"('Firmantes', 'DISTRITO')":{"('0210-D-2007', 0)":"SANTA FE"},"('Firmantes', 'BLOQUE')":{"('0210-D-2007', 0)":"UCR"},"('Giros', 'COMISI\u00d3N')":{"('0210-D-2007', 0)":"DERECHOS HUMANOS Y GARANTIAS"},"('Tramites', 'C\u00c1MARA')":{"('0210-D-2007', 0)":"Diputados"},"('Tramites', 'MOVIMIENTO')":{"('0210-D-2007', 0)":"SOLICITUD DEL AUTOR DE RETIRO DEL PROYECTO (AFIRMATIVA)"},"('Tramites', 'FECHA')":{"('0210-D-2007', 0)":"28\/03\/2007"},"('Tramites', 'RESULTADO')":{"('0210-D-2007', 0)":"RETIRADO"},"Link":{"('0210-D-2007', 0)":"https:\/\/www.hcdn.gob.ar\/proyectos\/textoCompleto.jsp?exp=0210-D-2007&tipo=DECLARACION"},"Palabra Clave":{"('0210-D-2007', 0)":" "}}