{"Tipo de Proyecto":{"('0210-S-2007', 0)":"PROYECTO DE RESOLUCI\u00d3N","('0210-S-2007', 1)":null,"('0210-S-2007', 2)":null,"('0210-S-2007', 3)":null},"Iniciado en: ":{"('0210-S-2007', 0)":"Senado","('0210-S-2007', 1)":null,"('0210-S-2007', 2)":null,"('0210-S-2007', 3)":null},"Expediente Diputados: ":{"('0210-S-2007', 0)":"0210-S-2007","('0210-S-2007', 1)":null,"('0210-S-2007', 2)":null,"('0210-S-2007', 3)":null},"Expediente Senado: ":{"('0210-S-2007', 0)":"0041-OVD-2007","('0210-S-2007', 1)":null,"('0210-S-2007', 2)":null,"('0210-S-2007', 3)":null},"Fecha: ":{"('0210-S-2007', 0)":"17\/08\/2007","('0210-S-2007', 1)":null,"('0210-S-2007', 2)":null,"('0210-S-2007', 3)":null},"T\u00edtulo":{"('0210-S-2007', 0)":"PEDIDO DE INFORMES AL PODER EJECUTIVO SOBRE: RESPUESTA REMITIDA POR LA JEFATURA DE GABINETE DE MINISTROS EN RELACION A LA RESOLUCION APROBADA POR EL HONORABLE CONGRESO 0176-S-05 (0041-OVD-07), Y RESOLUCIONES REMITIDAS POR LA AUDITORIA GENERAL DE LA NACION SOBRE LOS ESTADOS FINANCIEROS AL 31 DE DICIEMBRE DE 2005 CORRESPONDIENTES AL PROGRAMA DE FORTALECIMIENTO INSTITUCIONAL DE LA POLITICA COMERCIAL EXTERNA, Y SOBRE LOS ESTADOS FINANCIEROS AL 31\/12\/2005 CORRESPONDIENTES AL PROYECTO PNUD ARG\/01\/005 FORTALECIMIENTO INSTITUCIONAL DE LA POLITICA COMERCIAL EXTERNA - CONTRATO DE PRESTAMO 1206\/OC - AR BID.","('0210-S-2007', 1)":null,"('0210-S-2007', 2)":null,"('0210-S-2007', 3)":null},"('Firmantes', 'FIRMANTE')":{"('0210-S-2007', 0)":"PARLAMENTARIA MIXTA REVISORA DE CUENTAS","('0210-S-2007', 1)":null,"('0210-S-2007', 2)":null,"('0210-S-2007', 3)":null},"('Firmantes', 'DISTRITO')":{"('0210-S-2007', 0)":null,"('0210-S-2007', 1)":null,"('0210-S-2007', 2)":null,"('0210-S-2007', 3)":null},"('Firmantes', 'BLOQUE')":{"('0210-S-2007', 0)":null,"('0210-S-2007', 1)":null,"('0210-S-2007', 2)":null,"('0210-S-2007', 3)":null},"('Giros', 'COMISI\u00d3N')":{"('0210-S-2007', 0)":"PARLAMENTARIA MIXTA REVISORA DE CUENTAS","('0210-S-2007', 1)":null,"('0210-S-2007', 2)":null,"('0210-S-2007', 3)":null},"('Tramites', 'C\u00c1MARA')":{"('0210-S-2007', 0)":"Senado","('0210-S-2007', 1)":"Diputados","('0210-S-2007', 2)":"Diputados","('0210-S-2007', 3)":"Diputados"},"('Tramites', 'MOVIMIENTO')":{"('0210-S-2007', 0)":"CONSIDERACION Y APROBACION","('0210-S-2007', 1)":"PASA A DIPUTADOS -","('0210-S-2007', 2)":"CONSIDERACION Y APROBACION","('0210-S-2007', 3)":"CONTESTACION DEL PODER EJECUTIVO NACIONAL - JEFE DE GABINETE DE MINISTROS - GIRADO A LA COMISION RESPECTIVA"},"('Tramites', 'FECHA')":{"('0210-S-2007', 0)":"12\/12\/2007","('0210-S-2007', 1)":null,"('0210-S-2007', 2)":"11\/03\/2009","('0210-S-2007', 3)":"04\/11\/2009"},"('Tramites', 'RESULTADO')":{"('0210-S-2007', 0)":"APROBADO","('0210-S-2007', 1)":null,"('0210-S-2007', 2)":"APROBADO","('0210-S-2007', 3)":null},"Link":{"('0210-S-2007', 0)":"http:\/\/www.senado.gov.ar\/parlamentario\/comisiones\/verExp\/41.07\/OVD\/PR","('0210-S-2007', 1)":null,"('0210-S-2007', 2)":null,"('0210-S-2007', 3)":null},"Palabra Clave":{"('0210-S-2007', 0)":" ","('0210-S-2007', 1)":null,"('0210-S-2007', 2)":null,"('0210-S-2007', 3)":null}}