{"Tipo de Proyecto":{"('0211-S-2007', 0)":"PROYECTO DE RESOLUCI\u00d3N","('0211-S-2007', 1)":null,"('0211-S-2007', 2)":null,"('0211-S-2007', 3)":null},"Iniciado en: ":{"('0211-S-2007', 0)":"Senado","('0211-S-2007', 1)":null,"('0211-S-2007', 2)":null,"('0211-S-2007', 3)":null},"Expediente Diputados: ":{"('0211-S-2007', 0)":"0211-S-2007","('0211-S-2007', 1)":null,"('0211-S-2007', 2)":null,"('0211-S-2007', 3)":null},"Expediente Senado: ":{"('0211-S-2007', 0)":"0306-OV-2006","('0211-S-2007', 1)":null,"('0211-S-2007', 2)":null,"('0211-S-2007', 3)":null},"Fecha: ":{"('0211-S-2007', 0)":"27\/08\/2007","('0211-S-2007', 1)":null,"('0211-S-2007', 2)":null,"('0211-S-2007', 3)":null},"T\u00edtulo":{"('0211-S-2007', 0)":"PEDIDO DE INFORMES AL PODER EJECUTIVO SOBRE RESOLUCIONES REMITIDAS POR LA AUDITORIA GENERAL DE LA NACION REFERENTES A LOS ESTADOS CONTABLES AL 31 DE DICIEMBRE DE 2005 (0306-OV-06), Y AL MEMORANDO RELATIVO AL SISTEMA DE CONTROL INTERNO CONTABLE (0307-OV-06) CORRESPONDIENTE AL EJERCICIO FINALIZADO EL 31 DE DICIEMBRE DE 2005, EN EL AMBITO DEL BANCO CENTRAL DE LA REPUBLICA ARGENTINA.","('0211-S-2007', 1)":null,"('0211-S-2007', 2)":null,"('0211-S-2007', 3)":null},"('Firmantes', 'FIRMANTE')":{"('0211-S-2007', 0)":"PARLAMENTARIA MIXTA REVISORA DE CUENTAS","('0211-S-2007', 1)":null,"('0211-S-2007', 2)":null,"('0211-S-2007', 3)":null},"('Firmantes', 'DISTRITO')":{"('0211-S-2007', 0)":null,"('0211-S-2007', 1)":null,"('0211-S-2007', 2)":null,"('0211-S-2007', 3)":null},"('Firmantes', 'BLOQUE')":{"('0211-S-2007', 0)":null,"('0211-S-2007', 1)":null,"('0211-S-2007', 2)":null,"('0211-S-2007', 3)":null},"('Giros', 'COMISI\u00d3N')":{"('0211-S-2007', 0)":"PARLAMENTARIA MIXTA REVISORA DE CUENTAS","('0211-S-2007', 1)":null,"('0211-S-2007', 2)":null,"('0211-S-2007', 3)":null},"('Tramites', 'C\u00c1MARA')":{"('0211-S-2007', 0)":"Senado","('0211-S-2007', 1)":"Diputados","('0211-S-2007', 2)":"Diputados","('0211-S-2007', 3)":"Diputados"},"('Tramites', 'MOVIMIENTO')":{"('0211-S-2007', 0)":"CONSIDERACION Y APROBACION","('0211-S-2007', 1)":"PASA A DIPUTADOS -","('0211-S-2007', 2)":"CONSIDERACION Y APROBACION","('0211-S-2007', 3)":"CONTESTACION DEL PODER EJECUTIVO NACIONAL - JEFE DE GABINETE DE MINISTROS - GIRADO A LA COMISION RESPECTIVA"},"('Tramites', 'FECHA')":{"('0211-S-2007', 0)":"12\/12\/2007","('0211-S-2007', 1)":null,"('0211-S-2007', 2)":"11\/03\/2009","('0211-S-2007', 3)":"16\/03\/2011"},"('Tramites', 'RESULTADO')":{"('0211-S-2007', 0)":"APROBADO","('0211-S-2007', 1)":null,"('0211-S-2007', 2)":"APROBADO","('0211-S-2007', 3)":null},"Link":{"('0211-S-2007', 0)":"http:\/\/www.senado.gov.ar\/parlamentario\/comisiones\/verExp\/306.06\/OV\/PR","('0211-S-2007', 1)":null,"('0211-S-2007', 2)":null,"('0211-S-2007', 3)":null},"Palabra Clave":{"('0211-S-2007', 0)":" ","('0211-S-2007', 1)":null,"('0211-S-2007', 2)":null,"('0211-S-2007', 3)":null}}