{"Tipo de Proyecto":{"('0211-D-2007', 0)":"PROYECTO DE DECLARACI\u00d3N"},"Iniciado en: ":{"('0211-D-2007', 0)":"Diputados"},"Expediente Diputados: ":{"('0211-D-2007', 0)":"0211-D-2007"},"Publicado en: ":{"('0211-D-2007', 0)":"Tr\u00e1mite Parlamentario N\u00b0 3"},"Fecha: ":{"('0211-D-2007', 0)":"05\/03\/2007"},"T\u00edtulo":{"('0211-D-2007', 0)":"EXPRESAR REPUDIO A LAS AMENAZAS DE QUE FUERAN VICTIMAS LA DIPUTADA NACIONAL NORA CESAR Y SU HERMANA, EL DIA 17 DE NOVIEMBRE DE 2006, A TRAVES DE UN CORREO ELECTRONICO."},"('Firmantes', 'FIRMANTE')":{"('0211-D-2007', 0)":"ROMERO, ROSARIO MARGARITA"},"('Firmantes', 'DISTRITO')":{"('0211-D-2007', 0)":"ENTRE RIOS"},"('Firmantes', 'BLOQUE')":{"('0211-D-2007', 0)":"FRENTE PARA LA VICTORIA - PJ"},"('Giros', 'COMISI\u00d3N')":{"('0211-D-2007', 0)":"LEGISLACION PENAL"},"Link":{"('0211-D-2007', 0)":"https:\/\/www.hcdn.gob.ar\/proyectos\/textoCompleto.jsp?exp=0211-D-2007&tipo=DECLARACION"},"Palabra Clave":{"('0211-D-2007', 0)":" "}}