{"Tipo de Proyecto":{"('0212-S-2007', 0)":"PROYECTO DE RESOLUCI\u00d3N","('0212-S-2007', 1)":null,"('0212-S-2007', 2)":null,"('0212-S-2007', 3)":null},"Iniciado en: ":{"('0212-S-2007', 0)":"Senado","('0212-S-2007', 1)":null,"('0212-S-2007', 2)":null,"('0212-S-2007', 3)":null},"Expediente Diputados: ":{"('0212-S-2007', 0)":"0212-S-2007","('0212-S-2007', 1)":null,"('0212-S-2007', 2)":null,"('0212-S-2007', 3)":null},"Expediente Senado: ":{"('0212-S-2007', 0)":"0430-OV-2006","('0212-S-2007', 1)":null,"('0212-S-2007', 2)":null,"('0212-S-2007', 3)":null},"Fecha: ":{"('0212-S-2007', 0)":"19\/09\/2007","('0212-S-2007', 1)":null,"('0212-S-2007', 2)":null,"('0212-S-2007', 3)":null},"T\u00edtulo":{"('0212-S-2007', 0)":"PEDIDO DE INFORMES AL PODER EJECUTIVO SOBRE RESOLUCION REMITIDA POR LA AUDITORIA GENERAL DE LA NACION REFERENTE A LOS ESTADOS FINANCIEROS AL 31 DE DICIEMBRE DE 2005 CORRESPONDIENTES AL PROYECTO DE REHABILITACION Y MANTENIMIENTO DE RUTAS NACIONALES, CONVENIO DE PRESTAMO 4295-AR BIRF.","('0212-S-2007', 1)":null,"('0212-S-2007', 2)":null,"('0212-S-2007', 3)":null},"('Firmantes', 'FIRMANTE')":{"('0212-S-2007', 0)":"PARLAMENTARIA MIXTA REVISORA DE CUENTAS","('0212-S-2007', 1)":null,"('0212-S-2007', 2)":null,"('0212-S-2007', 3)":null},"('Firmantes', 'DISTRITO')":{"('0212-S-2007', 0)":null,"('0212-S-2007', 1)":null,"('0212-S-2007', 2)":null,"('0212-S-2007', 3)":null},"('Firmantes', 'BLOQUE')":{"('0212-S-2007', 0)":null,"('0212-S-2007', 1)":null,"('0212-S-2007', 2)":null,"('0212-S-2007', 3)":null},"('Giros', 'COMISI\u00d3N')":{"('0212-S-2007', 0)":"PARLAMENTARIA MIXTA REVISORA DE CUENTAS","('0212-S-2007', 1)":null,"('0212-S-2007', 2)":null,"('0212-S-2007', 3)":null},"('Tramites', 'C\u00c1MARA')":{"('0212-S-2007', 0)":"Senado","('0212-S-2007', 1)":"Diputados","('0212-S-2007', 2)":"Diputados","('0212-S-2007', 3)":"Diputados"},"('Tramites', 'MOVIMIENTO')":{"('0212-S-2007', 0)":"CONSIDERACION Y APROBACION","('0212-S-2007', 1)":"PASA A DIPUTADOS -","('0212-S-2007', 2)":"CONSIDERACION Y APROBACION","('0212-S-2007', 3)":"CONTESTACION DEL PODER EJECUTIVO NACIONAL - JEFE DE GABINETE DE MINISTROS - GIRADO A LA COMISION RESPECTIVA"},"('Tramites', 'FECHA')":{"('0212-S-2007', 0)":"12\/12\/2007","('0212-S-2007', 1)":null,"('0212-S-2007', 2)":"11\/03\/2009","('0212-S-2007', 3)":"17\/03\/2010"},"('Tramites', 'RESULTADO')":{"('0212-S-2007', 0)":"APROBADO","('0212-S-2007', 1)":null,"('0212-S-2007', 2)":"APROBADO","('0212-S-2007', 3)":null},"Link":{"('0212-S-2007', 0)":"http:\/\/www.senado.gov.ar\/parlamentario\/comisiones\/verExp\/430.06\/OV\/PR","('0212-S-2007', 1)":null,"('0212-S-2007', 2)":null,"('0212-S-2007', 3)":null},"Palabra Clave":{"('0212-S-2007', 0)":" ","('0212-S-2007', 1)":null,"('0212-S-2007', 2)":null,"('0212-S-2007', 3)":null}}