{"Tipo de Proyecto":{"('0214-D-2007', 0)":"PROYECTO DE RESOLUCI\u00d3N","('0214-D-2007', 1)":null},"Iniciado en: ":{"('0214-D-2007', 0)":"Diputados","('0214-D-2007', 1)":null},"Expediente Diputados: ":{"('0214-D-2007', 0)":"0214-D-2007","('0214-D-2007', 1)":null},"Publicado en: ":{"('0214-D-2007', 0)":"Tr\u00e1mite Parlamentario N\u00b0 3","('0214-D-2007', 1)":null},"Fecha: ":{"('0214-D-2007', 0)":"05\/03\/2007","('0214-D-2007', 1)":null},"T\u00edtulo":{"('0214-D-2007', 0)":"REGLAMENTO DE LA H. CAMARA DE DIPUTADOS DE LA NACION; MODIFICACION DEL ARTICULO 35, SOBRE SESIONES ESPECIALES.","('0214-D-2007', 1)":null},"('Firmantes', 'FIRMANTE')":{"('0214-D-2007', 0)":"ROMERO, ROSARIO MARGARITA","('0214-D-2007', 1)":"TULIO, ROSA ESTER"},"('Firmantes', 'DISTRITO')":{"('0214-D-2007', 0)":"ENTRE RIOS","('0214-D-2007', 1)":"BUENOS AIRES"},"('Firmantes', 'BLOQUE')":{"('0214-D-2007', 0)":"FRENTE PARA LA VICTORIA - PJ","('0214-D-2007', 1)":"PERONISTA FEDERAL"},"('Giros', 'COMISI\u00d3N')":{"('0214-D-2007', 0)":"PETICIONES, PODERES Y REGLAMENTO","('0214-D-2007', 1)":null},"('Tramites', 'C\u00c1MARA')":{"('0214-D-2007', 0)":"Diputados","('0214-D-2007', 1)":null},"('Tramites', 'MOVIMIENTO')":{"('0214-D-2007', 0)":"SOLICITUD DE SER COFIRMANTE DE LA DIPUTADA TULIO, ROSA (A SUS ANTECEDENTES)","('0214-D-2007', 1)":null},"('Tramites', 'FECHA')":{"('0214-D-2007', 0)":"26\/12\/2007","('0214-D-2007', 1)":null},"('Tramites', 'RESULTADO')":{"('0214-D-2007', 0)":null,"('0214-D-2007', 1)":null},"Link":{"('0214-D-2007', 0)":"https:\/\/www.hcdn.gob.ar\/proyectos\/textoCompleto.jsp?exp=0214-D-2007&tipo=RESOLUCION","('0214-D-2007', 1)":null},"Palabra Clave":{"('0214-D-2007', 0)":" ","('0214-D-2007', 1)":null}}