{"Tipo de Proyecto":{"('0215-S-2007', 0)":"PROYECTO DE RESOLUCI\u00d3N","('0215-S-2007', 1)":null},"Iniciado en: ":{"('0215-S-2007', 0)":"Senado","('0215-S-2007', 1)":null},"Expediente Diputados: ":{"('0215-S-2007', 0)":"0215-S-2007","('0215-S-2007', 1)":null},"Expediente Senado: ":{"('0215-S-2007', 0)":"2941-S-2007","('0215-S-2007', 1)":null},"Fecha: ":{"('0215-S-2007', 0)":"20\/09\/2007","('0215-S-2007', 1)":null},"T\u00edtulo":{"('0215-S-2007', 0)":"PONER EN CONOCIMIENTO DE LAS H CAMARAS DE SENADORES Y DIPUTADOS DE LA NACION QUE LA COMISION PARLAMENTARIA MIXTA REVISORA DE CUENTAS DE LA ADMINISTRACION NO HA PODIDO EXPEDIRSE DENTRO DEL PLAZO FIJADO POR EL ARTICULO 5 DE LA LEY 23847 CON RESPECTO A LA CUENTA GENERAL CORRESPONDIENTE AL EJERCICIO 2005, DEBIDO A QUE LA RESPECTIVA DOCUMENTACION NO HA SIDO REMITIDA AUN A ESTE CUERPO POR PARTE DE LA AUDITORIA GENERAL DE LA NACION.","('0215-S-2007', 1)":null},"('Firmantes', 'FIRMANTE')":{"('0215-S-2007', 0)":"PARLAMENTARIA MIXTA REVISORA DE CUENTAS","('0215-S-2007', 1)":null},"('Firmantes', 'DISTRITO')":{"('0215-S-2007', 0)":null,"('0215-S-2007', 1)":null},"('Firmantes', 'BLOQUE')":{"('0215-S-2007', 0)":null,"('0215-S-2007', 1)":null},"('Giros', 'COMISI\u00d3N')":{"('0215-S-2007', 0)":"PARLAMENTARIA MIXTA REVISORA DE CUENTAS","('0215-S-2007', 1)":null},"('Tramites', 'C\u00c1MARA')":{"('0215-S-2007', 0)":"Senado","('0215-S-2007', 1)":"Diputados"},"('Tramites', 'MOVIMIENTO')":{"('0215-S-2007', 0)":"CONSIDERACION Y APROBACION","('0215-S-2007', 1)":"PASA A DIPUTADOS -"},"('Tramites', 'FECHA')":{"('0215-S-2007', 0)":"12\/12\/2007","('0215-S-2007', 1)":null},"('Tramites', 'RESULTADO')":{"('0215-S-2007', 0)":"APROBADO","('0215-S-2007', 1)":null},"Link":{"('0215-S-2007', 0)":"http:\/\/www.senado.gov.ar\/parlamentario\/comisiones\/verExp\/2941.07\/S\/PR","('0215-S-2007', 1)":null},"Palabra Clave":{"('0215-S-2007', 0)":" ","('0215-S-2007', 1)":null}}