{"Tipo de Proyecto":{"('0217-D-2007', 0)":"PROYECTO DE LEY","('0217-D-2007', 1)":null,"('0217-D-2007', 2)":null},"Iniciado en: ":{"('0217-D-2007', 0)":"Diputados","('0217-D-2007', 1)":null,"('0217-D-2007', 2)":null},"Expediente Diputados: ":{"('0217-D-2007', 0)":"0217-D-2007","('0217-D-2007', 1)":null,"('0217-D-2007', 2)":null},"Publicado en: ":{"('0217-D-2007', 0)":"Tr\u00e1mite Parlamentario N\u00b0 3","('0217-D-2007', 1)":null,"('0217-D-2007', 2)":null},"Fecha: ":{"('0217-D-2007', 0)":"05\/03\/2007","('0217-D-2007', 1)":null,"('0217-D-2007', 2)":null},"T\u00edtulo":{"('0217-D-2007', 0)":"CREACION DEL MUSEO NAVAL \"PEDRO GIACHINO\", BAJO DEPENDENCIA DE LA ARMADA NACIONAL.","('0217-D-2007', 1)":null,"('0217-D-2007', 2)":null},"('Firmantes', 'FIRMANTE')":{"('0217-D-2007', 0)":"PINEDO, FEDERICO","('0217-D-2007', 1)":null,"('0217-D-2007', 2)":null},"('Firmantes', 'DISTRITO')":{"('0217-D-2007', 0)":"CIUDAD de BUENOS AIRES","('0217-D-2007', 1)":null,"('0217-D-2007', 2)":null},"('Firmantes', 'BLOQUE')":{"('0217-D-2007', 0)":"PRO","('0217-D-2007', 1)":null,"('0217-D-2007', 2)":null},"('Giros', 'COMISI\u00d3N')":{"('0217-D-2007', 0)":"CULTURA","('0217-D-2007', 1)":"DEFENSA NACIONAL","('0217-D-2007', 2)":"PRESUPUESTO Y HACIENDA"},"Link":{"('0217-D-2007', 0)":"https:\/\/www.hcdn.gob.ar\/proyectos\/textoCompleto.jsp?exp=0217-D-2007&tipo=LEY","('0217-D-2007', 1)":null,"('0217-D-2007', 2)":null},"Palabra Clave":{"('0217-D-2007', 0)":" ","('0217-D-2007', 1)":null,"('0217-D-2007', 2)":null}}