{"Tipo de Proyecto":{"('0150-OV-1995', 0)":"PROYECTO DE RESOLUCI\u00d3N"},"Iniciado en: ":{"('0150-OV-1995', 0)":"Senado"},"Expediente Senado: ":{"('0150-OV-1995', 0)":"0150-OV-1995"},"Fecha: ":{"('0150-OV-1995', 0)":"05\/10\/1999"},"T\u00edtulo":{"('0150-OV-1995', 0)":"RESOLUCIONES REMITIDAS POR LA AUDITORIA GENERAL DE LA NACION, SOBRE LOS ESTADOS CONTABLES - FINANCIEROS DEL EJERCICIO 1994 EN EL AMBITO DE ESE ORGANISMO."},"('Firmantes', 'FIRMANTE')":{"('0150-OV-1995', 0)":"PARLAMENTARIA MIXTA REVISORA DE CUENTAS"},"('Firmantes', 'DISTRITO')":{"('0150-OV-1995', 0)":null},"('Firmantes', 'BLOQUE')":{"('0150-OV-1995', 0)":null},"('Giros', 'COMISI\u00d3N')":{"('0150-OV-1995', 0)":"PARLAMENTARIA MIXTA REVISORA DE CUENTAS"},"('Tramites', 'C\u00c1MARA')":{"('0150-OV-1995', 0)":"Senado"},"('Tramites', 'MOVIMIENTO')":{"('0150-OV-1995', 0)":"CONSIDERACION Y APROBACION (AL ARCHIVO)"},"('Tramites', 'FECHA')":{"('0150-OV-1995', 0)":"27\/10\/1999"},"('Tramites', 'RESULTADO')":{"('0150-OV-1995', 0)":"ARCHIVADO"},"Sumario":{"('0150-OV-1995', 0)":"HABIENDO TOMADO CONOCIMIENTO Y NO CONTENIENDO REQUERIMIENTOS DE ACCION SUBSISTENTES SE ACONSEJA SU REMISION AL ARCHIVO."},"Palabra Clave":{"('0150-OV-1995', 0)":" "}}