{"Tipo de Proyecto":{"('0476-OV-1995', 0)":"PROYECTO DE RESOLUCI\u00d3N"},"Iniciado en: ":{"('0476-OV-1995', 0)":"Senado"},"Expediente Senado: ":{"('0476-OV-1995', 0)":"0476-OV-1995"},"Fecha: ":{"('0476-OV-1995', 0)":"06\/04\/2001"},"T\u00edtulo":{"('0476-OV-1995', 0)":"DICTAMEN EN LAS RESOLUCIONES REMITIDAS POR LA AUDITORIA GENERAL DE LA NACION REFERIDAS AL BANCO NACION."},"('Firmantes', 'FIRMANTE')":{"('0476-OV-1995', 0)":"PARLAMENTARIA MIXTA REVISORA DE CUENTAS"},"('Firmantes', 'DISTRITO')":{"('0476-OV-1995', 0)":null},"('Firmantes', 'BLOQUE')":{"('0476-OV-1995', 0)":null},"('Tramites', 'C\u00c1MARA')":{"('0476-OV-1995', 0)":"Senado"},"('Tramites', 'MOVIMIENTO')":{"('0476-OV-1995', 0)":"CONSIDERACION Y APROBACION"},"('Tramites', 'FECHA')":{"('0476-OV-1995', 0)":"03\/05\/2001"},"('Tramites', 'RESULTADO')":{"('0476-OV-1995', 0)":"APROBADO"},"Link":{"('0476-OV-1995', 0)":"http:\/\/www.senado.gov.ar\/parlamentario\/comisiones\/verExp\/476.95\/OV\/PR"},"Palabra Clave":{"('0476-OV-1995', 0)":" "}}