{"Tipo de Proyecto":{"('0002-S-2012', 0)":"PROYECTO DE LEY"},"Iniciado en: ":{"('0002-S-2012', 0)":"Senado"},"Expediente Senado: ":{"('0002-S-2012', 0)":"0002-S-2012"},"Publicado en: ":{"('0002-S-2012', 0)":"Diario de Asuntos Entrados N\u00b0 1"},"Fecha: ":{"('0002-S-2012', 0)":"02\/03\/2012"},"T\u00edtulo":{"('0002-S-2012', 0)":"DERECHO DE PARTICIPACION DE LOS TRABAJADORES EN LAS GANANCIAS DE LAS EMPRESAS."},"('Firmantes', 'FIRMANTE')":{"('0002-S-2012', 0)":"DI PERNA, GRACIELA AGUSTINA"},"('Firmantes', 'DISTRITO')":{"('0002-S-2012', 0)":"CHUBUT"},"('Firmantes', 'BLOQUE')":{"('0002-S-2012', 0)":"TRABAJO Y DIGNIDAD"},"Sumario":{"('0002-S-2012', 0)":"CREACION DEL CONSEJO NACIONAL DE PARTICIPACION LABORAL EN LAS GANANCIAS: FACULTADES E INTEGRACION; EXCEPCIONES AL REGIMEN GENERAL; NORMAS PARA LA DISTRIBUCION, TIEMPO Y FORMA DE PAGO; EXENCION IMPOSITIVA; ENTRADA EN VIGENCIA."},"Palabra Clave":{"('0002-S-2012', 0)":" "}}