{"Tipo de Proyecto":{"('0002-D-2012', 0)":"PROYECTO DE RESOLUCI\u00d3N","('0002-D-2012', 1)":null,"('0002-D-2012', 2)":null,"('0002-D-2012', 3)":null},"Iniciado en: ":{"('0002-D-2012', 0)":"Diputados","('0002-D-2012', 1)":null,"('0002-D-2012', 2)":null,"('0002-D-2012', 3)":null},"Expediente Diputados: ":{"('0002-D-2012', 0)":"0002-D-2012","('0002-D-2012', 1)":null,"('0002-D-2012', 2)":null,"('0002-D-2012', 3)":null},"Publicado en: ":{"('0002-D-2012', 0)":"Tr\u00e1mite Parlamentario N\u00b0 1","('0002-D-2012', 1)":null,"('0002-D-2012', 2)":null,"('0002-D-2012', 3)":null},"Fecha: ":{"('0002-D-2012', 0)":"01\/03\/2012","('0002-D-2012', 1)":null,"('0002-D-2012', 2)":null,"('0002-D-2012', 3)":null},"T\u00edtulo":{"('0002-D-2012', 0)":"LIBRE ACCESO A LA INFORMACION DISPONIBLE EN LA HONORABLE CAMARA DE DIPUTADOS; CREACION DEL DIGESTO DE NORMAS  ADMINISTRATIVAS Y PARLAMENTARIAS; PUBLICACIONES EN EL SITIO WEB.","('0002-D-2012', 1)":null,"('0002-D-2012', 2)":null,"('0002-D-2012', 3)":null},"('Firmantes', 'FIRMANTE')":{"('0002-D-2012', 0)":"BERTOL, PAULA MARIA","('0002-D-2012', 1)":"OBIGLIO, JULIAN MARTIN","('0002-D-2012', 2)":"OCA\u00d1A, MARIA GRACIELA","('0002-D-2012', 3)":"GONZALEZ, GLADYS ESTHER"},"('Firmantes', 'DISTRITO')":{"('0002-D-2012', 0)":"CIUDAD de BUENOS AIRES","('0002-D-2012', 1)":"CIUDAD de BUENOS AIRES","('0002-D-2012', 2)":"BUENOS AIRES","('0002-D-2012', 3)":"BUENOS AIRES"},"('Firmantes', 'BLOQUE')":{"('0002-D-2012', 0)":"PRO","('0002-D-2012', 1)":"PRO","('0002-D-2012', 2)":"UNIDAD PARA EL DESARROLLO SOCIAL Y LA EQUIDAD","('0002-D-2012', 3)":"PRO"},"('Giros', 'COMISI\u00d3N')":{"('0002-D-2012', 0)":"PETICIONES, PODERES Y REGLAMENTO","('0002-D-2012', 1)":null,"('0002-D-2012', 2)":null,"('0002-D-2012', 3)":null},"('Tramites', 'C\u00c1MARA')":{"('0002-D-2012', 0)":"Diputados","('0002-D-2012', 1)":null,"('0002-D-2012', 2)":null,"('0002-D-2012', 3)":null},"('Tramites', 'MOVIMIENTO')":{"('0002-D-2012', 0)":"SOLICITUD DE REPRODUCCION DEL PROYECTO PARA EL PERIODO 131 (2013), SEGUN LOS TERMINOS DEL ARTICULO 7 DE LA RESOLUCION DE LA HCD DEL 05\/06\/1996","('0002-D-2012', 1)":null,"('0002-D-2012', 2)":null,"('0002-D-2012', 3)":null},"('Tramites', 'FECHA')":{"('0002-D-2012', 0)":null,"('0002-D-2012', 1)":null,"('0002-D-2012', 2)":null,"('0002-D-2012', 3)":null},"('Tramites', 'RESULTADO')":{"('0002-D-2012', 0)":null,"('0002-D-2012', 1)":null,"('0002-D-2012', 2)":null,"('0002-D-2012', 3)":null},"Sumario":{"('0002-D-2012', 0)":"REGIMEN DE ACCESO A LA INFORMACION PUBLICA; CONTENIDOS MINIMOS DEL SITIO WEB DE LA HONORABLE CAMARA; ELABORACION Y ASESORAMIENTO DE LA DIRECCION DE INFORMACION PARLAMENTARIA.","('0002-D-2012', 1)":null,"('0002-D-2012', 2)":null,"('0002-D-2012', 3)":null},"Palabra Clave":{"('0002-D-2012', 0)":" ","('0002-D-2012', 1)":null,"('0002-D-2012', 2)":null,"('0002-D-2012', 3)":null}}