{"Tipo de Proyecto":{"('0002-JGM-2012', 0)":"MENSAJE NRO: 0180\/12","('0002-JGM-2012', 1)":null,"('0002-JGM-2012', 2)":null},"Iniciado en: ":{"('0002-JGM-2012', 0)":"Diputados","('0002-JGM-2012', 1)":null,"('0002-JGM-2012', 2)":null},"Expediente Diputados: ":{"('0002-JGM-2012', 0)":"0002-JGM-2012","('0002-JGM-2012', 1)":null,"('0002-JGM-2012', 2)":null},"Publicado en: ":{"('0002-JGM-2012', 0)":"Tr\u00e1mite Parlamentario N\u00b0 29","('0002-JGM-2012', 1)":null,"('0002-JGM-2012', 2)":null},"Fecha: ":{"('0002-JGM-2012', 0)":"16\/04\/2012","('0002-JGM-2012', 1)":null,"('0002-JGM-2012', 2)":null},"T\u00edtulo":{"('0002-JGM-2012', 0)":"COMUNICACION DEL DECRETO DE NECESIDAD Y URGENCIA 530\/2012 POR EL CUAL SE DISPONE LA INTERVENCION TRANSITORIA DE YACIMIENTOS PETROLIFEROS FISCALES SOCIEDAD ANONIMA - YPF S.A., POR UN PLAZO DE TREINTA DIAS Y SE DESIGNA COMO INTERVENTOR AL MINISTRO DE PLANIFICACION FEDERAL, INVERSION PUBLICA Y SERVICIOS, ARQUITECTO JULIO MIGUEL DE VIDO.","('0002-JGM-2012', 1)":null,"('0002-JGM-2012', 2)":null},"('Firmantes', 'FIRMANTE')":{"('0002-JGM-2012', 0)":"ABAL MEDINA, JUAN MANUEL","('0002-JGM-2012', 1)":"DE VIDO, JULIO","('0002-JGM-2012', 2)":null},"('Firmantes', 'DISTRITO')":{"('0002-JGM-2012', 0)":null,"('0002-JGM-2012', 1)":null,"('0002-JGM-2012', 2)":null},"('Firmantes', 'BLOQUE')":{"('0002-JGM-2012', 0)":"PODER EJECUTIVO","('0002-JGM-2012', 1)":"PODER EJECUTIVO","('0002-JGM-2012', 2)":null},"('Giros', 'COMISI\u00d3N')":{"('0002-JGM-2012', 0)":"BICAMERAL PERMANENTE DE TRAMITE LEGISLATIVO - LEY 26122","('0002-JGM-2012', 1)":null,"('0002-JGM-2012', 2)":null},"('Tramites', 'C\u00c1MARA')":{"('0002-JGM-2012', 0)":"Diputados","('0002-JGM-2012', 1)":"Diputados","('0002-JGM-2012', 2)":"Diputados"},"('Tramites', 'MOVIMIENTO')":{"('0002-JGM-2012', 0)":"CONSIDERACION Y APROBACION","('0002-JGM-2012', 1)":"INSERCIONES DE LOS DIPUTADOS CASELLES, FERRARI Y ZAMARRE\u00d1O","('0002-JGM-2012', 2)":"VER TRAMITE DEL DECRETO EN SENADO EN EXPEDIENTE 0986-S-2012."},"('Tramites', 'FECHA')":{"('0002-JGM-2012', 0)":"23\/05\/2012","('0002-JGM-2012', 1)":"23\/05\/2012","('0002-JGM-2012', 2)":null},"('Tramites', 'RESULTADO')":{"('0002-JGM-2012', 0)":"APROBADO","('0002-JGM-2012', 1)":null,"('0002-JGM-2012', 2)":null},"Link":{"('0002-JGM-2012', 0)":"https:\/\/www4.hcdn.gob.ar\/dependencias\/dsecretaria\/Periodo2012\/PDF2012\/TP2012\/0002-JGM-12.pdf","('0002-JGM-2012', 1)":null,"('0002-JGM-2012', 2)":null},"Palabra Clave":{"('0002-JGM-2012', 0)":" ","('0002-JGM-2012', 1)":null,"('0002-JGM-2012', 2)":null}}