{"Tipo de Proyecto":{"('0004-S-2012', 0)":"PROYECTO DE LEY"},"Iniciado en: ":{"('0004-S-2012', 0)":"Senado"},"Expediente Senado: ":{"('0004-S-2012', 0)":"0004-S-2012"},"Publicado en: ":{"('0004-S-2012', 0)":"Diario de Asuntos Entrados N\u00b0 1"},"Fecha: ":{"('0004-S-2012', 0)":"02\/03\/2012"},"T\u00edtulo":{"('0004-S-2012', 0)":"CREACION DEL PROGRAMA NACIONAL PARA LA PROMOCION Y DESARROLLO DEL BAMBU (PROBAMBU) EN EL AMBITO DE LA SECRETARIA DE AGRICULTURA, GANADERIA, PESCA Y ALIMENTACION DEPENDIENTE DEL MINISTERIO DE ECONOMIA."},"('Firmantes', 'FIRMANTE')":{"('0004-S-2012', 0)":"ARTAZA, EUGENIO JUSTINIANO"},"('Firmantes', 'DISTRITO')":{"('0004-S-2012', 0)":"CORRIENTES"},"('Firmantes', 'BLOQUE')":{"('0004-S-2012', 0)":"UCR"},"Sumario":{"('0004-S-2012', 0)":"OBJETIVOS; FINANCIAMIENTO; INVITACION A ADHERIR."},"Palabra Clave":{"('0004-S-2012', 0)":" "}}