{"Tipo de Proyecto":{"('0004-D-2012', 0)":"PROYECTO DE RESOLUCI\u00d3N","('0004-D-2012', 1)":null,"('0004-D-2012', 2)":null},"Iniciado en: ":{"('0004-D-2012', 0)":"Diputados","('0004-D-2012', 1)":null,"('0004-D-2012', 2)":null},"Expediente Diputados: ":{"('0004-D-2012', 0)":"0004-D-2012","('0004-D-2012', 1)":null,"('0004-D-2012', 2)":null},"Publicado en: ":{"('0004-D-2012', 0)":"Tr\u00e1mite Parlamentario N\u00b0 1","('0004-D-2012', 1)":null,"('0004-D-2012', 2)":null},"Fecha: ":{"('0004-D-2012', 0)":"01\/03\/2012","('0004-D-2012', 1)":null,"('0004-D-2012', 2)":null},"T\u00edtulo":{"('0004-D-2012', 0)":"COMISION BICAMERAL PERMANENTE SOBRE MODERNIZACION DEL FUNCIONAMIENTO PARLAMENTARIO: CREACION.","('0004-D-2012', 1)":null,"('0004-D-2012', 2)":null},"('Firmantes', 'FIRMANTE')":{"('0004-D-2012', 0)":"BERTOL, PAULA MARIA","('0004-D-2012', 1)":"OCA\u00d1A, MARIA GRACIELA","('0004-D-2012', 2)":"GONZALEZ, GLADYS ESTHER"},"('Firmantes', 'DISTRITO')":{"('0004-D-2012', 0)":"CIUDAD de BUENOS AIRES","('0004-D-2012', 1)":"BUENOS AIRES","('0004-D-2012', 2)":"BUENOS AIRES"},"('Firmantes', 'BLOQUE')":{"('0004-D-2012', 0)":"PRO","('0004-D-2012', 1)":"UNIDAD PARA EL DESARROLLO SOCIAL Y LA EQUIDAD","('0004-D-2012', 2)":"PRO"},"('Giros', 'COMISI\u00d3N')":{"('0004-D-2012', 0)":"PETICIONES, PODERES Y REGLAMENTO","('0004-D-2012', 1)":"PRESUPUESTO Y HACIENDA","('0004-D-2012', 2)":null},"Sumario":{"('0004-D-2012', 0)":"OBJETIVOS ESPECIFICOS; INTEGRACION; ATRIBUCIONES; ASISTENCIA TECNICA; REGLAMENTO; ORGANIZACION.","('0004-D-2012', 1)":null,"('0004-D-2012', 2)":null},"Palabra Clave":{"('0004-D-2012', 0)":" ","('0004-D-2012', 1)":null,"('0004-D-2012', 2)":null}}