{"Tipo de Proyecto":{"('0005-JGM-2012', 0)":"MENSAJE NRO: 0405\/12","('0005-JGM-2012', 1)":null},"Iniciado en: ":{"('0005-JGM-2012', 0)":"Diputados","('0005-JGM-2012', 1)":null},"Expediente Diputados: ":{"('0005-JGM-2012', 0)":"0005-JGM-2012","('0005-JGM-2012', 1)":null},"Publicado en: ":{"('0005-JGM-2012', 0)":"Tr\u00e1mite Parlamentario N\u00b0 74","('0005-JGM-2012', 1)":null},"Fecha: ":{"('0005-JGM-2012', 0)":"22\/06\/2012","('0005-JGM-2012', 1)":null},"T\u00edtulo":{"('0005-JGM-2012', 0)":"COMUNICACION DEL DECRETO DE NECESIDAD Y URGENCIA 874\/12 POR EL CUAL SE SUSTITUYE LA DENOMINACION DEL MINISTERIO DEL INTERIOR POR MINISTERIO DEL INTERIOR Y TRANSPORTE. ","('0005-JGM-2012', 1)":null},"('Firmantes', 'FIRMANTE')":{"('0005-JGM-2012', 0)":"ABAL MEDINA, JUAN MANUEL","('0005-JGM-2012', 1)":"RANDAZZO, FLORENCIO"},"('Firmantes', 'DISTRITO')":{"('0005-JGM-2012', 0)":null,"('0005-JGM-2012', 1)":null},"('Firmantes', 'BLOQUE')":{"('0005-JGM-2012', 0)":"PODER EJECUTIVO","('0005-JGM-2012', 1)":"PODER EJECUTIVO"},"('Giros', 'COMISI\u00d3N')":{"('0005-JGM-2012', 0)":"BICAMERAL PERMANENTE DE TRAMITE LEGISLATIVO - LEY 26122","('0005-JGM-2012', 1)":null},"('Tramites', 'C\u00c1MARA')":{"('0005-JGM-2012', 0)":"Diputados","('0005-JGM-2012', 1)":"Diputados"},"('Tramites', 'MOVIMIENTO')":{"('0005-JGM-2012', 0)":"CONSIDERACION Y APROBACION","('0005-JGM-2012', 1)":"VER TRAMITE DEL DECRETO EN SENADO EN EXPEDIENTE 2295-S-2012."},"('Tramites', 'FECHA')":{"('0005-JGM-2012', 0)":"08\/08\/2012","('0005-JGM-2012', 1)":null},"('Tramites', 'RESULTADO')":{"('0005-JGM-2012', 0)":"APROBADO","('0005-JGM-2012', 1)":null},"Link":{"('0005-JGM-2012', 0)":"https:\/\/www4.hcdn.gob.ar\/dependencias\/dsecretaria\/Periodo2012\/PDF2012\/TP2012\/0005-JGM-12.pdf","('0005-JGM-2012', 1)":null},"Palabra Clave":{"('0005-JGM-2012', 0)":" ","('0005-JGM-2012', 1)":null}}