{"Tipo de Proyecto":{"('0007-S-2012', 0)":"PROYECTO DE LEY"},"Iniciado en: ":{"('0007-S-2012', 0)":"Senado"},"Expediente Senado: ":{"('0007-S-2012', 0)":"0007-S-2012"},"Publicado en: ":{"('0007-S-2012', 0)":"Diario de Asuntos Entrados N\u00b0 1"},"Fecha: ":{"('0007-S-2012', 0)":"02\/03\/2012"},"T\u00edtulo":{"('0007-S-2012', 0)":"DISPONER LA RESTITUCION POR PARTE DE LAS ENTIDADES FINANCIERAS DE LOS DEPOSITOS BANCARIOS ALCANZADOS POR LA LEY 25561, LOS DECRETOS 1570\/01, 214\/02 Y DEMAS NORMAS COMPLEMENTARIAS. "},"('Firmantes', 'FIRMANTE')":{"('0007-S-2012', 0)":"ARTAZA, EUGENIO JUSTINIANO"},"('Firmantes', 'DISTRITO')":{"('0007-S-2012', 0)":"CORRIENTES"},"('Firmantes', 'BLOQUE')":{"('0007-S-2012', 0)":"UCR"},"Link":{"('0007-S-2012', 0)":"http:\/\/www.senado.gov.ar\/parlamentario\/comisiones\/verExp\/7.12\/S\/PL"},"Palabra Clave":{"('0007-S-2012', 0)":" "}}