{"Tipo de Proyecto":{"('0007-PE-2012', 0)":"MENSAJE NRO: 2411\/12","('0007-PE-2012', 1)":null},"Iniciado en: ":{"('0007-PE-2012', 0)":"Diputados","('0007-PE-2012', 1)":null},"Expediente Diputados: ":{"('0007-PE-2012', 0)":"0007-PE-2012","('0007-PE-2012', 1)":null},"Publicado en: ":{"('0007-PE-2012', 0)":"Tr\u00e1mite Parlamentario N\u00b0 181","('0007-PE-2012', 1)":null},"Fecha: ":{"('0007-PE-2012', 0)":"13\/12\/2012","('0007-PE-2012', 1)":null},"T\u00edtulo":{"('0007-PE-2012', 0)":"COMUNICACION DEL DECRETO 2410\/2012 POR EL CUAL SE CONVOCA A SESIONES EXTRAORDINARIAS DESDE EL 18 AL 31 DE DICIEMBRE DE 2012.","('0007-PE-2012', 1)":null},"('Firmantes', 'FIRMANTE')":{"('0007-PE-2012', 0)":"FERNANDEZ DE KIRCHNER, CRISTINA","('0007-PE-2012', 1)":"ABAL MEDINA, JUAN MANUEL"},"('Firmantes', 'DISTRITO')":{"('0007-PE-2012', 0)":null,"('0007-PE-2012', 1)":null},"('Firmantes', 'BLOQUE')":{"('0007-PE-2012', 0)":"PODER EJECUTIVO","('0007-PE-2012', 1)":"PODER EJECUTIVO"},"('Giros', 'COMISI\u00d3N')":{"('0007-PE-2012', 0)":"A LA PRESIDENCIA","('0007-PE-2012', 1)":null},"Sumario":{"('0007-PE-2012', 0)":"TEMARIO: CONSIDERACION DE ACUERDOS PARA DESIGNACIONES Y PROMOCIONES; CONSIDERACION DE TRATADOS, CONVENIOS Y ACUERDOS INTERNACIONALES; AUTORIZACION DE SALIDA DEL TERRITORIO NACIONAL DE MEDIOS Y PERSONAL DE FUERZAS NACIONALES PARA QUE CONTINUEN PARTICIPANDO EN LA MISION DE ESTABILIZACION DE LAS NACIONES UNIDAS EN HAITI (MINUSTAH) POR EL PLAZO DE CUATRO (4) A\u00d1OS A PARTIR DEL 1 DE JULIO DE 2012 (EXPEDIENTE 0191-PE-2012), FERIADO EXTRAORDINARIO EL DIA 31 DE ENERO DE 2013 EN EL BICENTENARIO DE SU DECLARACION APROBADA POR LA ASAMBLEA DEL A\u00d1O 1813 (EXPEDIENTE 2716-D-2012, 0120-CD-2012); MODIFICACION DE LA LEY 26364 SOBRE PREVENCION DE LA TRATA DE PERSONAS Y ASISTENCIA A SUS VICTIMAS (EXPEDIENTE 0706-S-2010, 0128-S-2011).","('0007-PE-2012', 1)":null},"Palabra Clave":{"('0007-PE-2012', 0)":" ","('0007-PE-2012', 1)":null}}