{"Tipo de Proyecto":{"('0007-JGM-2012', 0)":"MENSAJE NRO: 0427\/12","('0007-JGM-2012', 1)":null},"Iniciado en: ":{"('0007-JGM-2012', 0)":"Diputados","('0007-JGM-2012', 1)":null},"Expediente Diputados: ":{"('0007-JGM-2012', 0)":"0007-JGM-2012","('0007-JGM-2012', 1)":null},"Publicado en: ":{"('0007-JGM-2012', 0)":"Tr\u00e1mite Parlamentario N\u00b0 79","('0007-JGM-2012', 1)":null},"Fecha: ":{"('0007-JGM-2012', 0)":"29\/06\/2012","('0007-JGM-2012', 1)":null},"T\u00edtulo":{"('0007-JGM-2012', 0)":"COMUNICACION DEL INFORME DE AVANCE SOBRE LA ELABORACION DEL PROYECTO DE LEY DE PRESUPUESTO GENERAL DE LA ADMINISTRACION NACIONAL CORRESPONDIENTE AL EJERCICIO 2013.","('0007-JGM-2012', 1)":null},"('Firmantes', 'FIRMANTE')":{"('0007-JGM-2012', 0)":"ABAL MEDINA, JUAN MANUEL","('0007-JGM-2012', 1)":"LORENZINO, HERNAN"},"('Firmantes', 'DISTRITO')":{"('0007-JGM-2012', 0)":null,"('0007-JGM-2012', 1)":null},"('Firmantes', 'BLOQUE')":{"('0007-JGM-2012', 0)":"PODER EJECUTIVO","('0007-JGM-2012', 1)":"PODER EJECUTIVO"},"('Giros', 'COMISI\u00d3N')":{"('0007-JGM-2012', 0)":"PRESUPUESTO Y HACIENDA","('0007-JGM-2012', 1)":null},"Link":{"('0007-JGM-2012', 0)":"https:\/\/www4.hcdn.gob.ar\/dependencias\/dsecretaria\/Periodo2012\/PDF2012\/TP2012\/0007-JGM-12.pdf","('0007-JGM-2012', 1)":null},"Palabra Clave":{"('0007-JGM-2012', 0)":" ","('0007-JGM-2012', 1)":null}}