{"Tipo de Proyecto":{"('0008-PE-2012', 0)":"MENSAJE NRO: 0132\/12","('0008-PE-2012', 1)":null,"('0008-PE-2012', 2)":null},"Iniciado en: ":{"('0008-PE-2012', 0)":"Diputados","('0008-PE-2012', 1)":null,"('0008-PE-2012', 2)":null},"Expediente Diputados: ":{"('0008-PE-2012', 0)":"0008-PE-2012","('0008-PE-2012', 1)":null,"('0008-PE-2012', 2)":null},"Publicado en: ":{"('0008-PE-2012', 0)":"Tr\u00e1mite Parlamentario N\u00b0 184","('0008-PE-2012', 1)":null,"('0008-PE-2012', 2)":null},"Fecha: ":{"('0008-PE-2012', 0)":"01\/02\/2013","('0008-PE-2012', 1)":null,"('0008-PE-2012', 2)":null},"T\u00edtulo":{"('0008-PE-2012', 0)":"COMUNICACION DEL DICTADO DEL DECRETO 2733\/12 POR EL QUE SE APRUEBA EL PRESUPUESTO DE GASTOS E INVERSIONES Y EL PLAN DE ACCION PARA EL EJERCICIO 2012, CORRESPONDIENTE AL BANCO DE LA NACION ARGENTINA (BNA).","('0008-PE-2012', 1)":null,"('0008-PE-2012', 2)":null},"('Firmantes', 'FIRMANTE')":{"('0008-PE-2012', 0)":"FERNANDEZ DE KIRCHNER, CRISTINA","('0008-PE-2012', 1)":"ABAL MEDINA, JUAN MANUEL","('0008-PE-2012', 2)":"LORENZINO, HERNAN"},"('Firmantes', 'DISTRITO')":{"('0008-PE-2012', 0)":null,"('0008-PE-2012', 1)":null,"('0008-PE-2012', 2)":null},"('Firmantes', 'BLOQUE')":{"('0008-PE-2012', 0)":"PODER EJECUTIVO","('0008-PE-2012', 1)":"PODER EJECUTIVO","('0008-PE-2012', 2)":"PODER EJECUTIVO"},"('Giros', 'COMISI\u00d3N')":{"('0008-PE-2012', 0)":"PRESUPUESTO Y HACIENDA","('0008-PE-2012', 1)":"FINANZAS","('0008-PE-2012', 2)":null},"Palabra Clave":{"('0008-PE-2012', 0)":" ","('0008-PE-2012', 1)":null,"('0008-PE-2012', 2)":null}}