{"Tipo de Proyecto":{"('0008-S-2012', 0)":"PROYECTO DE DECLARACI\u00d3N","('0008-S-2012', 1)":null},"Iniciado en: ":{"('0008-S-2012', 0)":"Senado","('0008-S-2012', 1)":null},"Expediente Senado: ":{"('0008-S-2012', 0)":"0008-S-2012","('0008-S-2012', 1)":null},"Publicado en: ":{"('0008-S-2012', 0)":"Diario de Asuntos Entrados N\u00b0 1","('0008-S-2012', 1)":null},"Fecha: ":{"('0008-S-2012', 0)":"02\/03\/2012","('0008-S-2012', 1)":null},"T\u00edtulo":{"('0008-S-2012', 0)":"EXPRESAR PESAR POR EL FALLECIMIENTO DEL DRAMATURGO JUAN CARLOS GENE, EL 31 DE ENERO DEL 2012.","('0008-S-2012', 1)":null},"('Firmantes', 'FIRMANTE')":{"('0008-S-2012', 0)":"ARTAZA, EUGENIO JUSTINIANO","('0008-S-2012', 1)":null},"('Firmantes', 'DISTRITO')":{"('0008-S-2012', 0)":"CORRIENTES","('0008-S-2012', 1)":null},"('Firmantes', 'BLOQUE')":{"('0008-S-2012', 0)":"UCR","('0008-S-2012', 1)":null},"('Tramites', 'C\u00c1MARA')":{"('0008-S-2012', 0)":"Senado","('0008-S-2012', 1)":"Senado"},"('Tramites', 'MOVIMIENTO')":{"('0008-S-2012', 0)":"MOCION SOBRE TABLAS (AFIRMATIVA)","('0008-S-2012', 1)":"CONSIDERACION Y APROBACION"},"('Tramites', 'FECHA')":{"('0008-S-2012', 0)":"14\/03\/2012","('0008-S-2012', 1)":"14\/03\/2012"},"('Tramites', 'RESULTADO')":{"('0008-S-2012', 0)":null,"('0008-S-2012', 1)":"APROBADO"},"Link":{"('0008-S-2012', 0)":"http:\/\/www.senado.gov.ar\/parlamentario\/comisiones\/verExp\/8.12\/S\/PD","('0008-S-2012', 1)":null},"Palabra Clave":{"('0008-S-2012', 0)":" ","('0008-S-2012', 1)":null}}