{"Tipo de Proyecto":{"('0009-JGM-2012', 0)":"MENSAJE NRO: 0430\/12","('0009-JGM-2012', 1)":null},"Iniciado en: ":{"('0009-JGM-2012', 0)":"Diputados","('0009-JGM-2012', 1)":null},"Expediente Diputados: ":{"('0009-JGM-2012', 0)":"0009-JGM-2012","('0009-JGM-2012', 1)":null},"Publicado en: ":{"('0009-JGM-2012', 0)":"Tr\u00e1mite Parlamentario N\u00b0 79","('0009-JGM-2012', 1)":null},"Fecha: ":{"('0009-JGM-2012', 0)":"29\/06\/2012","('0009-JGM-2012', 1)":null},"T\u00edtulo":{"('0009-JGM-2012', 0)":"REMISION DE LA CUENTA DE INVERSION CORRESPONDIENTE AL EJERCICIO FISCAL 2011, CONFORME A LOS TERMINOS DEL ARTICULO 75, INCISO 8 DE LA CONSTITUCION NACIONAL.","('0009-JGM-2012', 1)":null},"('Firmantes', 'FIRMANTE')":{"('0009-JGM-2012', 0)":"ABAL MEDINA, JUAN MANUEL","('0009-JGM-2012', 1)":"LORENZINO, HERNAN"},"('Firmantes', 'DISTRITO')":{"('0009-JGM-2012', 0)":null,"('0009-JGM-2012', 1)":null},"('Firmantes', 'BLOQUE')":{"('0009-JGM-2012', 0)":"PODER EJECUTIVO","('0009-JGM-2012', 1)":"PODER EJECUTIVO"},"('Giros', 'COMISI\u00d3N')":{"('0009-JGM-2012', 0)":"PARLAMENTARIA MIXTA REVISORA DE CUENTAS","('0009-JGM-2012', 1)":null},"Link":{"('0009-JGM-2012', 0)":"https:\/\/www4.hcdn.gob.ar\/dependencias\/dsecretaria\/Periodo2012\/PDF2012\/TP2012\/0009-JGM-12.pdf","('0009-JGM-2012', 1)":null},"Palabra Clave":{"('0009-JGM-2012', 0)":" ","('0009-JGM-2012', 1)":null}}