{"Tipo de Proyecto":{"('0010-S-2012', 0)":"PROYECTO DE LEY","('0010-S-2012', 1)":null},"Iniciado en: ":{"('0010-S-2012', 0)":"Senado","('0010-S-2012', 1)":null},"Expediente Senado: ":{"('0010-S-2012', 0)":"0010-S-2012","('0010-S-2012', 1)":null},"Publicado en: ":{"('0010-S-2012', 0)":"Diario de Asuntos Entrados N\u00b0 1","('0010-S-2012', 1)":null},"Fecha: ":{"('0010-S-2012', 0)":"02\/03\/2012","('0010-S-2012', 1)":null},"T\u00edtulo":{"('0010-S-2012', 0)":"LEY DE APROVECHAMIENTO DE LA ENERGIA SOLAR TERMICA DE BAJA TEMPERATURA PARA ABASTECIMIENTO DE LA PRODUCCION DE AGUA CALIENTE SANITARIA Y\/O PARA CALEFACCION.","('0010-S-2012', 1)":null},"('Firmantes', 'FIRMANTE')":{"('0010-S-2012', 0)":"SANZ, ERNESTO RICARDO","('0010-S-2012', 1)":"MARTINEZ, ALFREDO ANSELMO"},"('Firmantes', 'DISTRITO')":{"('0010-S-2012', 0)":"MENDOZA","('0010-S-2012', 1)":"SANTA CRUZ"},"('Firmantes', 'BLOQUE')":{"('0010-S-2012', 0)":"UCR","('0010-S-2012', 1)":"UCR"},"Sumario":{"('0010-S-2012', 0)":"DECLARACION DE INTERES NACIONAL; DEFINICIONES; AUTORIDAD DE APLICACION: SECRETARIA DE ENERGIA DE LA NACION; POLITICAS; ESTABILIDAD FISCAL: INSTITUCION DE UN REGIMEN DE INVERSIONES POR UN PERIODO DE 10 A\u00d1OS; INVITACION A ADHERIR.","('0010-S-2012', 1)":null},"Palabra Clave":{"('0010-S-2012', 0)":" ","('0010-S-2012', 1)":null}}