{"Tipo de Proyecto":{"('0010-OV-2012', 0)":"PROYECTO DE RESOLUCI\u00d3N"},"Iniciado en: ":{"('0010-OV-2012', 0)":"Senado"},"Expediente Senado: ":{"('0010-OV-2012', 0)":"0010-OV-2012"},"Fecha: ":{"('0010-OV-2012', 0)":"07\/09\/2012"},"T\u00edtulo":{"('0010-OV-2012', 0)":"DICTAMEN EN LA RESOLUCION REMITIDA POR LA AUDITORIA GENERAL DE LA NACION (19\/12 DEL 14\/03\/12), SOBRE EL ESTUDIO ESPECIAL REFERIDO A LOS GASTOS EN CONSULTORIAS PRIVADAS DE LOS PROYECTOS CON FINANCIAMIENTO BID Y BIRF EN EL PERIODO 2006\/2010."},"('Firmantes', 'FIRMANTE')":{"('0010-OV-2012', 0)":"PARLAMENTARIA MIXTA REVISORA DE CUENTAS"},"('Firmantes', 'DISTRITO')":{"('0010-OV-2012', 0)":null},"('Firmantes', 'BLOQUE')":{"('0010-OV-2012', 0)":null},"('Tramites', 'C\u00c1MARA')":{"('0010-OV-2012', 0)":"Senado"},"('Tramites', 'MOVIMIENTO')":{"('0010-OV-2012', 0)":"CONSIDERACION Y APROBACION"},"('Tramites', 'FECHA')":{"('0010-OV-2012', 0)":"14\/11\/2012"},"('Tramites', 'RESULTADO')":{"('0010-OV-2012', 0)":"APROBADO"},"Sumario":{"('0010-OV-2012', 0)":"HABIENDO TOMADO CONOCIMIENTO, Y SIN PERJUICIO DE ULTERIORES MEDIDAS QUE PUEDAN ADOPTARSE, SE ACONSEJA SU REMISION AL ARCHIVO."},"Palabra Clave":{"('0010-OV-2012', 0)":" "}}