{"Tipo de Proyecto":{"('0012-JGM-2012', 0)":"MENSAJE NRO: 0682\/12","('0012-JGM-2012', 1)":null,"('0012-JGM-2012', 2)":null},"Iniciado en: ":{"('0012-JGM-2012', 0)":"Diputados","('0012-JGM-2012', 1)":null,"('0012-JGM-2012', 2)":null},"Expediente Diputados: ":{"('0012-JGM-2012', 0)":"0012-JGM-2012","('0012-JGM-2012', 1)":null,"('0012-JGM-2012', 2)":null},"Publicado en: ":{"('0012-JGM-2012', 0)":"Tr\u00e1mite Parlamentario N\u00b0 101","('0012-JGM-2012', 1)":null,"('0012-JGM-2012', 2)":null},"Fecha: ":{"('0012-JGM-2012', 0)":"13\/08\/2012","('0012-JGM-2012', 1)":null,"('0012-JGM-2012', 2)":null},"T\u00edtulo":{"('0012-JGM-2012', 0)":"COMUNICACION DEL DECRETO DE NECESIDAD Y URGENCIA 1338\/12 POR EL CUAL SE DISPONE LA INTERVENCION TRANSITORIA DE LA COMPA\u00d1IA DE VALORES SUDAMERICANA S.A. POR UN PLAZO DE SESENTA DIAS. ","('0012-JGM-2012', 1)":null,"('0012-JGM-2012', 2)":null},"('Firmantes', 'FIRMANTE')":{"('0012-JGM-2012', 0)":"ABAL MEDINA, JUAN MANUEL","('0012-JGM-2012', 1)":"LORENZINO, HERNAN","('0012-JGM-2012', 2)":null},"('Firmantes', 'DISTRITO')":{"('0012-JGM-2012', 0)":null,"('0012-JGM-2012', 1)":null,"('0012-JGM-2012', 2)":null},"('Firmantes', 'BLOQUE')":{"('0012-JGM-2012', 0)":"PODER EJECUTIVO","('0012-JGM-2012', 1)":"PODER EJECUTIVO","('0012-JGM-2012', 2)":null},"('Giros', 'COMISI\u00d3N')":{"('0012-JGM-2012', 0)":"BICAMERAL PERMANENTE DE TRAMITE LEGISLATIVO - LEY 26122","('0012-JGM-2012', 1)":null,"('0012-JGM-2012', 2)":null},"('Tramites', 'C\u00c1MARA')":{"('0012-JGM-2012', 0)":"Diputados","('0012-JGM-2012', 1)":"Diputados","('0012-JGM-2012', 2)":"Diputados"},"('Tramites', 'MOVIMIENTO')":{"('0012-JGM-2012', 0)":"CITACION SESION ESPECIAL","('0012-JGM-2012', 1)":"CONSIDERACION Y APROBACION (VOTACION NOMINAL)","('0012-JGM-2012', 2)":"VER TRAMITE DEL DECRETO EN SENADO EN EXPEDIENTE 2856-S-2012."},"('Tramites', 'FECHA')":{"('0012-JGM-2012', 0)":"22\/08\/2012","('0012-JGM-2012', 1)":"22\/08\/2012","('0012-JGM-2012', 2)":null},"('Tramites', 'RESULTADO')":{"('0012-JGM-2012', 0)":null,"('0012-JGM-2012', 1)":"APROBADO","('0012-JGM-2012', 2)":null},"Link":{"('0012-JGM-2012', 0)":"https:\/\/www4.hcdn.gob.ar\/dependencias\/dsecretaria\/Periodo2012\/PDF2012\/TP2012\/0012-JGM-12.pdf","('0012-JGM-2012', 1)":null,"('0012-JGM-2012', 2)":null},"Palabra Clave":{"('0012-JGM-2012', 0)":" ","('0012-JGM-2012', 1)":null,"('0012-JGM-2012', 2)":null}}