{"Tipo de Proyecto":{"('0013-JGM-2012', 0)":"MENSAJE NRO: 0683\/12","('0013-JGM-2012', 1)":null},"Iniciado en: ":{"('0013-JGM-2012', 0)":"Diputados","('0013-JGM-2012', 1)":null},"Expediente Diputados: ":{"('0013-JGM-2012', 0)":"0013-JGM-2012","('0013-JGM-2012', 1)":null},"Publicado en: ":{"('0013-JGM-2012', 0)":"Tr\u00e1mite Parlamentario N\u00b0 102","('0013-JGM-2012', 1)":null},"Fecha: ":{"('0013-JGM-2012', 0)":"14\/08\/2012","('0013-JGM-2012', 1)":null},"T\u00edtulo":{"('0013-JGM-2012', 0)":"COMUNICACION DEL DECRETO DE NECESIDAD Y URGENCIA 1382\/2012, POR EL CUAL SE CREA LA AGENCIA DE ADMINISTRACION DE BIENES DEL ESTADO COMO ORGANISMO DESCENTRALIZADO EN EL AMBITO DE LA JEFATURA DE GABINETE DE MINISTROS.","('0013-JGM-2012', 1)":null},"('Firmantes', 'FIRMANTE')":{"('0013-JGM-2012', 0)":"ABAL MEDINA, JUAN MANUEL","('0013-JGM-2012', 1)":"RANDAZZO, FLORENCIO"},"('Firmantes', 'DISTRITO')":{"('0013-JGM-2012', 0)":null,"('0013-JGM-2012', 1)":null},"('Firmantes', 'BLOQUE')":{"('0013-JGM-2012', 0)":"PODER EJECUTIVO","('0013-JGM-2012', 1)":"PODER EJECUTIVO"},"('Giros', 'COMISI\u00d3N')":{"('0013-JGM-2012', 0)":"BICAMERAL PERMANENTE DE TRAMITE LEGISLATIVO - LEY 26122","('0013-JGM-2012', 1)":null},"('Tramites', 'C\u00c1MARA')":{"('0013-JGM-2012', 0)":"Diputados","('0013-JGM-2012', 1)":"Diputados"},"('Tramites', 'MOVIMIENTO')":{"('0013-JGM-2012', 0)":"CONSIDERACION Y APROBACION","('0013-JGM-2012', 1)":"VER TRAMITE DEL DECRETO EN SENADO EN EXPEDIENTE 2886-S-2012."},"('Tramites', 'FECHA')":{"('0013-JGM-2012', 0)":"21\/11\/2012","('0013-JGM-2012', 1)":null},"('Tramites', 'RESULTADO')":{"('0013-JGM-2012', 0)":"APROBADO","('0013-JGM-2012', 1)":null},"Link":{"('0013-JGM-2012', 0)":"https:\/\/www4.hcdn.gob.ar\/dependencias\/dsecretaria\/Periodo2012\/PDF2012\/TP2012\/0013-JGM-12.pdf","('0013-JGM-2012', 1)":null},"Palabra Clave":{"('0013-JGM-2012', 0)":" ","('0013-JGM-2012', 1)":null}}