{"Tipo de Proyecto":{"('0013-S-2012', 0)":"PROYECTO DE LEY"},"Iniciado en: ":{"('0013-S-2012', 0)":"Senado"},"Expediente Senado: ":{"('0013-S-2012', 0)":"0013-S-2012"},"Publicado en: ":{"('0013-S-2012', 0)":"Diario de Asuntos Entrados N\u00b0 2"},"Fecha: ":{"('0013-S-2012', 0)":"02\/03\/2012"},"T\u00edtulo":{"('0013-S-2012', 0)":"ESTABLECER QUE LOS PAGOS DE OBLIGACIONES TRIBUTARIAS Y NO TRIBUTARIAS CON EL ESTADO NACIONAL \"A CUENTA DE\" O COMO \"CREDITO FISCAL DE\", NO PODRAN AFECTAR EN DETRIMENTO DE LAS PROVINCIAS, LA DISTRIBUCION DE RECURSOS EN EL REGIMEN GENERAL DE COPARTICIPACION O EN CUALQUIERA DE LOS REGIMENES ESPECIALES DE DISTRIBUCION (REPRODUCCION DEL EXPEDIENTE 0714-S-08)."},"('Firmantes', 'FIRMANTE')":{"('0013-S-2012', 0)":"SANZ, ERNESTO RICARDO"},"('Firmantes', 'DISTRITO')":{"('0013-S-2012', 0)":"MENDOZA"},"('Firmantes', 'BLOQUE')":{"('0013-S-2012', 0)":"UCR"},"('Tramites', 'C\u00c1MARA')":{"('0013-S-2012', 0)":"Senado"},"('Tramites', 'MOVIMIENTO')":{"('0013-S-2012', 0)":"REPRODUCIDO POR EXPEDIENTE 0619-S-2014"},"('Tramites', 'FECHA')":{"('0013-S-2012', 0)":null},"('Tramites', 'RESULTADO')":{"('0013-S-2012', 0)":null},"Link":{"('0013-S-2012', 0)":"http:\/\/www.senado.gov.ar\/parlamentario\/comisiones\/verExp\/13.12\/S\/PL"},"Palabra Clave":{"('0013-S-2012', 0)":" "}}