{"Tipo de Proyecto":{"('0014-S-2012', 0)":"PROYECTO DE LEY"},"Iniciado en: ":{"('0014-S-2012', 0)":"Senado"},"Expediente Senado: ":{"('0014-S-2012', 0)":"0014-S-2012"},"Publicado en: ":{"('0014-S-2012', 0)":"Diario de Asuntos Entrados N\u00b0 2"},"Fecha: ":{"('0014-S-2012', 0)":"02\/03\/2012"},"T\u00edtulo":{"('0014-S-2012', 0)":"CREACION DEL PLAN FEDERAL DE APOYO A LAS POLITICAS PROVINCIALES DE SEGURIDAD. INCORPORACION DE INCISO H) AL ARTICULO 7 Y G) AL ARTICULO 8 DE LA LEY DE IMPUESTO AL VALOR AGREGADO (IVA), TEXTO SUSTITUIDO POR LEY 23349, DECRETO 280\/97 Y SUS MODIFICATORIAS (REPRODUCCION DEL EXPEDIENTE 3094-S-08)."},"('Firmantes', 'FIRMANTE')":{"('0014-S-2012', 0)":"SANZ, ERNESTO RICARDO"},"('Firmantes', 'DISTRITO')":{"('0014-S-2012', 0)":"MENDOZA"},"('Firmantes', 'BLOQUE')":{"('0014-S-2012', 0)":"UCR"},"Link":{"('0014-S-2012', 0)":"http:\/\/www.senado.gov.ar\/parlamentario\/comisiones\/verExp\/14.12\/S\/PL"},"Palabra Clave":{"('0014-S-2012', 0)":" "}}