{"Tipo de Proyecto":{"('0016-JGM-2012', 0)":"MENSAJE NRO \/ A\u00d1O","('0016-JGM-2012', 1)":null},"Iniciado en: ":{"('0016-JGM-2012', 0)":"Diputados","('0016-JGM-2012', 1)":null},"Expediente Diputados: ":{"('0016-JGM-2012', 0)":"0016-JGM-2012","('0016-JGM-2012', 1)":null},"Publicado en: ":{"('0016-JGM-2012', 0)":"Tr\u00e1mite Parlamentario N\u00b0 131","('0016-JGM-2012', 1)":null},"Fecha: ":{"('0016-JGM-2012', 0)":"25\/09\/2012","('0016-JGM-2012', 1)":null},"T\u00edtulo":{"('0016-JGM-2012', 0)":"COMUNICA EL DECRETO DE NECESIDAD Y URGENCIA 1667\/12,  POR EL CUAL SE ESTABLECE QUE EL LIMITE QUE CONDICIONA EL OTORGAMIENTO DE LAS ASIGNACIONES FAMILIARES O LA CUANTIA DE LAS MISMAS, SERAN LA TOTALIDAD DE LOS INGRESOS CORRESPONDIENTES AL GRUPO FAMILIAR.","('0016-JGM-2012', 1)":null},"('Firmantes', 'FIRMANTE')":{"('0016-JGM-2012', 0)":"ABAL MEDINA, JUAN MANUEL","('0016-JGM-2012', 1)":"TOMADA, CARLOS"},"('Firmantes', 'DISTRITO')":{"('0016-JGM-2012', 0)":null,"('0016-JGM-2012', 1)":null},"('Firmantes', 'BLOQUE')":{"('0016-JGM-2012', 0)":"PODER EJECUTIVO","('0016-JGM-2012', 1)":"PODER EJECUTIVO"},"('Giros', 'COMISI\u00d3N')":{"('0016-JGM-2012', 0)":"BICAMERAL PERMANENTE DE TRAMITE LEGISLATIVO - LEY 26122","('0016-JGM-2012', 1)":null},"('Tramites', 'C\u00c1MARA')":{"('0016-JGM-2012', 0)":"Diputados","('0016-JGM-2012', 1)":"Diputados"},"('Tramites', 'MOVIMIENTO')":{"('0016-JGM-2012', 0)":"CONSIDERACION Y APROBACION","('0016-JGM-2012', 1)":"VER TRAMITE DEL DECRETO EN SENADO EN EXPEDIENTE 3589-S-2012."},"('Tramites', 'FECHA')":{"('0016-JGM-2012', 0)":"21\/11\/2012","('0016-JGM-2012', 1)":null},"('Tramites', 'RESULTADO')":{"('0016-JGM-2012', 0)":"APROBADO","('0016-JGM-2012', 1)":null},"Palabra Clave":{"('0016-JGM-2012', 0)":" ","('0016-JGM-2012', 1)":null}}