{"Tipo de Proyecto":{"('0018-JGM-2012', 0)":"MENSAJE NRO: 1326\/12","('0018-JGM-2012', 1)":null,"('0018-JGM-2012', 2)":null},"Iniciado en: ":{"('0018-JGM-2012', 0)":"Diputados","('0018-JGM-2012', 1)":null,"('0018-JGM-2012', 2)":null},"Expediente Diputados: ":{"('0018-JGM-2012', 0)":"0018-JGM-2012","('0018-JGM-2012', 1)":null,"('0018-JGM-2012', 2)":null},"Publicado en: ":{"('0018-JGM-2012', 0)":"Tr\u00e1mite Parlamentario N\u00b0 182","('0018-JGM-2012', 1)":null,"('0018-JGM-2012', 2)":null},"Fecha: ":{"('0018-JGM-2012', 0)":"19\/12\/2012","('0018-JGM-2012', 1)":null,"('0018-JGM-2012', 2)":null},"T\u00edtulo":{"('0018-JGM-2012', 0)":"COMUNICACION DEL DECRETO DE NECESIDAD Y URGENCIA 2436\/12 POR EL CUAL SE MODIFICA EL PRESUPUESTO GENERAL DE LA ADMINISTRACION NACIONAL PARA EL EJERCICIO 2012.","('0018-JGM-2012', 1)":null,"('0018-JGM-2012', 2)":null},"('Firmantes', 'FIRMANTE')":{"('0018-JGM-2012', 0)":"ABAL MEDINA, JUAN MANUEL","('0018-JGM-2012', 1)":"LORENZINO, HERNAN","('0018-JGM-2012', 2)":null},"('Firmantes', 'DISTRITO')":{"('0018-JGM-2012', 0)":null,"('0018-JGM-2012', 1)":null,"('0018-JGM-2012', 2)":null},"('Firmantes', 'BLOQUE')":{"('0018-JGM-2012', 0)":"PODER EJECUTIVO","('0018-JGM-2012', 1)":"PODER EJECUTIVO","('0018-JGM-2012', 2)":null},"('Giros', 'COMISI\u00d3N')":{"('0018-JGM-2012', 0)":"BICAMERAL PERMANENTE DE TRAMITE LEGISLATIVO - LEY 26122","('0018-JGM-2012', 1)":null,"('0018-JGM-2012', 2)":null},"('Tramites', 'C\u00c1MARA')":{"('0018-JGM-2012', 0)":"Diputados","('0018-JGM-2012', 1)":"Diputados","('0018-JGM-2012', 2)":"Diputados"},"('Tramites', 'MOVIMIENTO')":{"('0018-JGM-2012', 0)":"CONSIDERACION Y APROBACION","('0018-JGM-2012', 1)":"INSERCION DE LOS DIPUTADOS LANDAU Y TONELLI","('0018-JGM-2012', 2)":"VER TRAMITE DEL DECRETO EN SENADO EN EXPEDIENTE 6337-S-2012."},"('Tramites', 'FECHA')":{"('0018-JGM-2012', 0)":"05\/06\/2013","('0018-JGM-2012', 1)":"05\/06\/2013","('0018-JGM-2012', 2)":null},"('Tramites', 'RESULTADO')":{"('0018-JGM-2012', 0)":"APROBADO","('0018-JGM-2012', 1)":null,"('0018-JGM-2012', 2)":null},"Sumario":{"('0018-JGM-2012', 0)":"EXCEPCION DE EFECTUAR EL APORTE AL TESORO NACIONAL A LA COMISION NACIONAL PROTECTORA DE BIBLIOTECAS POPULARES; ESTABLECER QUE EL REFUERZO DE CREDITOS DISPUESTO PARA EL PODER LEGISLATIVO INCLUYE LA TOTALIDAD DE LOS SOBRANTES PRESUPUESTARIOS VERIFICADOS AL 31 DE DICIEMBRE DE 2011; FACULTAR AL MINISTERIO DE ECONOMIA Y FINANZAS PUBLICAS A INCREMENTAR EL CAPITAL DE LA EMPRESA FABRICA ARGENTINA DE AVIONES \"BRIG. SAN MARTIN\" S.A. (FADEA) MEDIANTE LA CAPITALIZACION DE LA OBLIGACION QUE MANTIENE DICHA EMPRESA CON EL TESORO NACIONAL.","('0018-JGM-2012', 1)":null,"('0018-JGM-2012', 2)":null},"Palabra Clave":{"('0018-JGM-2012', 0)":" ","('0018-JGM-2012', 1)":null,"('0018-JGM-2012', 2)":null}}