{"Tipo de Proyecto":{"('0019-JGM-2012', 0)":"MENSAJE NRO: 0002\/13","('0019-JGM-2012', 1)":null,"('0019-JGM-2012', 2)":null},"Iniciado en: ":{"('0019-JGM-2012', 0)":"Diputados","('0019-JGM-2012', 1)":null,"('0019-JGM-2012', 2)":null},"Expediente Diputados: ":{"('0019-JGM-2012', 0)":"0019-JGM-2012","('0019-JGM-2012', 1)":null,"('0019-JGM-2012', 2)":null},"Publicado en: ":{"('0019-JGM-2012', 0)":"Tr\u00e1mite Parlamentario N\u00b0 184","('0019-JGM-2012', 1)":null,"('0019-JGM-2012', 2)":null},"Fecha: ":{"('0019-JGM-2012', 0)":"14\/01\/2013","('0019-JGM-2012', 1)":null,"('0019-JGM-2012', 2)":null},"T\u00edtulo":{"('0019-JGM-2012', 0)":"COMUNICACION DEL DICTADO DEL DECRETO DE NECESIDAD Y URGENCIA 2609\/12 POR EL CUAL SE MODIFICA EL PRESUPUESTO GENERAL DE LA ADMINISTRACION PUBLICA NACIONAL PARA EL EJERCICIO 2012.\n","('0019-JGM-2012', 1)":null,"('0019-JGM-2012', 2)":null},"('Firmantes', 'FIRMANTE')":{"('0019-JGM-2012', 0)":"ABAL MEDINA, JUAN MANUEL","('0019-JGM-2012', 1)":"LORENZINO, HERNAN","('0019-JGM-2012', 2)":null},"('Firmantes', 'DISTRITO')":{"('0019-JGM-2012', 0)":null,"('0019-JGM-2012', 1)":null,"('0019-JGM-2012', 2)":null},"('Firmantes', 'BLOQUE')":{"('0019-JGM-2012', 0)":"PODER EJECUTIVO","('0019-JGM-2012', 1)":"PODER EJECUTIVO","('0019-JGM-2012', 2)":null},"('Giros', 'COMISI\u00d3N')":{"('0019-JGM-2012', 0)":"BICAMERAL PERMANENTE DE TRAMITE LEGISLATIVO - LEY 26122","('0019-JGM-2012', 1)":null,"('0019-JGM-2012', 2)":null},"('Tramites', 'C\u00c1MARA')":{"('0019-JGM-2012', 0)":"Diputados","('0019-JGM-2012', 1)":"Diputados","('0019-JGM-2012', 2)":"Diputados"},"('Tramites', 'MOVIMIENTO')":{"('0019-JGM-2012', 0)":"CONSIDERACION Y APROBACION","('0019-JGM-2012', 1)":"INSERCIONES DE LOS DIPUTADOS LANDAU Y ZABALZA","('0019-JGM-2012', 2)":"VER TRAMITE DEL DECRETO EN SENADO EN EXPEDIENTE 6349-S-2012."},"('Tramites', 'FECHA')":{"('0019-JGM-2012', 0)":"05\/06\/2013","('0019-JGM-2012', 1)":"05\/06\/2013","('0019-JGM-2012', 2)":null},"('Tramites', 'RESULTADO')":{"('0019-JGM-2012', 0)":"APROBADO","('0019-JGM-2012', 1)":null,"('0019-JGM-2012', 2)":null},"Sumario":{"('0019-JGM-2012', 0)":"ATENDER LOS GASTOS NO CONTEMPLADOS, PARA FACILITAR EL NORMAL FUNCIONAMIENTO DE LA ADMINISTRACION PUBLICA NACIONAL Y FORTALECER LOS NIVELES SUBNACIONALES DE MAYOR DESCENTRALIZACION, MEJORANDO LA GESTION POR PARTE DE LOS GOBIERNOS MUNICIPALES, FACULTANDO A LA JEFATURA DE GABINETE DE MINISTROS, A TRAVES DE LA SECRETARIA DE GABINETE Y COORDINACION ADMINISTRATIVA, A OTORGAR A LOS GOBIERNOS MUNICIPALES AYUDA FINANCIERA PARA LA EJECUCION DE GASTOS CORRESPONDIENTES A LAS PRESTACIONES DE DICHAS JURISDICCIONES.","('0019-JGM-2012', 1)":null,"('0019-JGM-2012', 2)":null},"Palabra Clave":{"('0019-JGM-2012', 0)":" ","('0019-JGM-2012', 1)":null,"('0019-JGM-2012', 2)":null}}