{"Tipo de Proyecto":{"('0020-S-2012', 0)":"PROYECTO DE LEY"},"Iniciado en: ":{"('0020-S-2012', 0)":"Senado"},"Expediente Senado: ":{"('0020-S-2012', 0)":"0020-S-2012"},"Publicado en: ":{"('0020-S-2012', 0)":"Diario de Asuntos Entrados N\u00b0 2"},"Fecha: ":{"('0020-S-2012', 0)":"02\/03\/2012"},"T\u00edtulo":{"('0020-S-2012', 0)":"DEROGACION DE LA LEY 23681 Y SUS MODIFICATORIAS (RECARGO DEL SEIS POR MIL - 0,06% EN EL PRECIO DE LA ENERGIA ELECTRICA)"},"('Firmantes', 'FIRMANTE')":{"('0020-S-2012', 0)":"SANZ, ERNESTO RICARDO"},"('Firmantes', 'DISTRITO')":{"('0020-S-2012', 0)":"MENDOZA"},"('Firmantes', 'BLOQUE')":{"('0020-S-2012', 0)":"UCR"},"Link":{"('0020-S-2012', 0)":"http:\/\/www.senado.gov.ar\/parlamentario\/comisiones\/verExp\/20.12\/S\/PL"},"Palabra Clave":{"('0020-S-2012', 0)":" "}}