{"Tipo de Proyecto":{"('0021-S-2012', 0)":"PROYECTO DE DECLARACI\u00d3N","('0021-S-2012', 1)":null},"Iniciado en: ":{"('0021-S-2012', 0)":"Senado","('0021-S-2012', 1)":null},"Expediente Senado: ":{"('0021-S-2012', 0)":"0021-S-2012","('0021-S-2012', 1)":null},"Publicado en: ":{"('0021-S-2012', 0)":"Diario de Asuntos Entrados N\u00b0 2","('0021-S-2012', 1)":null},"Fecha: ":{"('0021-S-2012', 0)":"02\/03\/2012","('0021-S-2012', 1)":null},"T\u00edtulo":{"('0021-S-2012', 0)":"DECLARAR DE INTERES EL XXXV ENCUENTRO ROTARACTIANO ARGENTINO - URUGUAYO - PARAGUAYO, A REALIZARSE ENTRE EL 13 Y EL 19 DE ENERO DE 2013 EN LA PROVINCIA DE MENDOZA. ","('0021-S-2012', 1)":null},"('Firmantes', 'FIRMANTE')":{"('0021-S-2012', 0)":"SANZ, ERNESTO RICARDO","('0021-S-2012', 1)":null},"('Firmantes', 'DISTRITO')":{"('0021-S-2012', 0)":"MENDOZA","('0021-S-2012', 1)":null},"('Firmantes', 'BLOQUE')":{"('0021-S-2012', 0)":"UCR","('0021-S-2012', 1)":null},"('Tramites', 'C\u00c1MARA')":{"('0021-S-2012', 0)":"Senado","('0021-S-2012', 1)":"Senado"},"('Tramites', 'MOVIMIENTO')":{"('0021-S-2012', 0)":"MOCION SOBRE TABLAS (AFIRMATIVA)","('0021-S-2012', 1)":"CONSIDERACION Y APROBACION"},"('Tramites', 'FECHA')":{"('0021-S-2012', 0)":"09\/05\/2012","('0021-S-2012', 1)":"09\/05\/2012"},"('Tramites', 'RESULTADO')":{"('0021-S-2012', 0)":null,"('0021-S-2012', 1)":"APROBADO"},"Link":{"('0021-S-2012', 0)":"http:\/\/www.senado.gov.ar\/parlamentario\/comisiones\/verExp\/21.12\/S\/PD","('0021-S-2012', 1)":null},"Palabra Clave":{"('0021-S-2012', 0)":" ","('0021-S-2012', 1)":null}}