{"Tipo de Proyecto":{"('0022-S-2012', 0)":"PROYECTO DE LEY","('0022-S-2012', 1)":null},"Iniciado en: ":{"('0022-S-2012', 0)":"Senado","('0022-S-2012', 1)":null},"Expediente Senado: ":{"('0022-S-2012', 0)":"0022-S-2012","('0022-S-2012', 1)":null},"Publicado en: ":{"('0022-S-2012', 0)":"Diario de Asuntos Entrados N\u00b0 3","('0022-S-2012', 1)":null},"Fecha: ":{"('0022-S-2012', 0)":"02\/03\/2012","('0022-S-2012', 1)":null},"T\u00edtulo":{"('0022-S-2012', 0)":"FOMENTO Y DIFUSION DEL CANAL DE DENUNCIA DEL DELITO DE TRATA DE PERSONAS.","('0022-S-2012', 1)":null},"('Firmantes', 'FIRMANTE')":{"('0022-S-2012', 0)":"GIMENEZ, SANDRA DANIELA","('0022-S-2012', 1)":"ESCUDERO, SONIA MARGARITA"},"('Firmantes', 'DISTRITO')":{"('0022-S-2012', 0)":"MISIONES","('0022-S-2012', 1)":"SALTA"},"('Firmantes', 'BLOQUE')":{"('0022-S-2012', 0)":"FRENTE PARA LA VICTORIA - PJ","('0022-S-2012', 1)":"JUSTICIALISTA 8 DE OCTUBRE"},"('Tramites', 'C\u00c1MARA')":{"('0022-S-2012', 0)":"Senado","('0022-S-2012', 1)":"Senado"},"('Tramites', 'MOVIMIENTO')":{"('0022-S-2012', 0)":"AMPLIACION DE GIRO A LA COMISION DE SISTEMAS, MEDIOS DE COMUNICACION Y LIBERTAD DE EXPRESION","('0022-S-2012', 1)":"SOLICITUD DE SER COFIRMANTE DE LA SENADORA ESCUDERO (A SUS ANTECEDENTES)"},"('Tramites', 'FECHA')":{"('0022-S-2012', 0)":"25\/04\/2012","('0022-S-2012', 1)":"04\/07\/2012"},"('Tramites', 'RESULTADO')":{"('0022-S-2012', 0)":null,"('0022-S-2012', 1)":null},"Sumario":{"('0022-S-2012', 0)":"OBLIGACION DE INCORPORACION DE LEYENDA EN PUBLICIDAD, PROMOCION Y PAQUETES DE PRESERVATIVOS: AUTORIDAD DE APLICACION: MINISTERIO DE JUSTICIA Y DERECHOS HUMANOS; SANCIONES.","('0022-S-2012', 1)":null},"Palabra Clave":{"('0022-S-2012', 0)":" ","('0022-S-2012', 1)":null}}