{"Tipo de Proyecto":{"('0023-S-2012', 0)":"PROYECTO DE LEY"},"Iniciado en: ":{"('0023-S-2012', 0)":"Senado"},"Expediente Senado: ":{"('0023-S-2012', 0)":"0023-S-2012"},"Publicado en: ":{"('0023-S-2012', 0)":"Diario de Asuntos Entrados N\u00b0 3"},"Fecha: ":{"('0023-S-2012', 0)":"02\/03\/2012"},"T\u00edtulo":{"('0023-S-2012', 0)":"CREACION DEL JUZGADO FEDERAL DE PRIMERA INSTANCIA 3  EN LA CIUDAD DE POSADAS, PROVINCIA DE MISIONES."},"('Firmantes', 'FIRMANTE')":{"('0023-S-2012', 0)":"GIMENEZ, SANDRA DANIELA"},"('Firmantes', 'DISTRITO')":{"('0023-S-2012', 0)":"MISIONES"},"('Firmantes', 'BLOQUE')":{"('0023-S-2012', 0)":"FRENTE PARA LA VICTORIA - PJ"},"Sumario":{"('0023-S-2012', 0)":"JURISDICCION SOBRE LOS DEPARTAMENTOS DE CAPITAL, APOSTOLES, CANDELARIA Y CONCEPCION DE LA SIERRA; MODIFICACION DE LAS LEYES 23866 Y 25293; CREACION DE LA SECRETARIA EN LO CORRECCIONAL DE SENTENCIA Y DE LA SECRETARIA DE LEYES ESPECIALES; COMPETENCIA; CREACION DE CARGOS; ANEXO I, II Y III."},"Palabra Clave":{"('0023-S-2012', 0)":" "}}