{"Tipo de Proyecto":{"('0025-S-2012', 0)":"PROYECTO DE LEY","('0025-S-2012', 1)":null,"('0025-S-2012', 2)":null,"('0025-S-2012', 3)":null,"('0025-S-2012', 4)":null,"('0025-S-2012', 5)":null},"Iniciado en: ":{"('0025-S-2012', 0)":"Senado","('0025-S-2012', 1)":null,"('0025-S-2012', 2)":null,"('0025-S-2012', 3)":null,"('0025-S-2012', 4)":null,"('0025-S-2012', 5)":null},"Expediente Diputados: ":{"('0025-S-2012', 0)":"0025-S-2012","('0025-S-2012', 1)":null,"('0025-S-2012', 2)":null,"('0025-S-2012', 3)":null,"('0025-S-2012', 4)":null,"('0025-S-2012', 5)":null},"Expediente Senado: ":{"('0025-S-2012', 0)":"0061-S-2012","('0025-S-2012', 1)":null,"('0025-S-2012', 2)":null,"('0025-S-2012', 3)":null,"('0025-S-2012', 4)":null,"('0025-S-2012', 5)":null},"Publicado en: ":{"('0025-S-2012', 0)":"Diario de Asuntos Entrados N\u00b0 5","('0025-S-2012', 1)":null,"('0025-S-2012', 2)":null,"('0025-S-2012', 3)":null,"('0025-S-2012', 4)":null,"('0025-S-2012', 5)":null},"Fecha: ":{"('0025-S-2012', 0)":"02\/03\/2012","('0025-S-2012', 1)":null,"('0025-S-2012', 2)":null,"('0025-S-2012', 3)":null,"('0025-S-2012', 4)":null,"('0025-S-2012', 5)":null},"T\u00edtulo":{"('0025-S-2012', 0)":"TRANSFERENCIA A TITULO GRATUITO A LA PROVINCIA DE SALTA EL DOMINIO DE DIVERSOS INMUEBLES UBICADOS EN LA LOCALIDAD DE LOS BLANCOS, PERTENECIENTES AL ESTADO NACIONAL, CON CARGO DE CONSTRUIR EL COLEGIO POLIMODAL RURAL (REPRODUCCION DEL EXPEDIENTE 0088-S-09).","('0025-S-2012', 1)":null,"('0025-S-2012', 2)":null,"('0025-S-2012', 3)":null,"('0025-S-2012', 4)":null,"('0025-S-2012', 5)":null},"('Firmantes', 'FIRMANTE')":{"('0025-S-2012', 0)":"ESCUDERO, SONIA MARGARITA","('0025-S-2012', 1)":null,"('0025-S-2012', 2)":null,"('0025-S-2012', 3)":null,"('0025-S-2012', 4)":null,"('0025-S-2012', 5)":null},"('Firmantes', 'DISTRITO')":{"('0025-S-2012', 0)":"SALTA","('0025-S-2012', 1)":null,"('0025-S-2012', 2)":null,"('0025-S-2012', 3)":null,"('0025-S-2012', 4)":null,"('0025-S-2012', 5)":null},"('Firmantes', 'BLOQUE')":{"('0025-S-2012', 0)":"JUSTICIALISTA 8 DE OCTUBRE","('0025-S-2012', 1)":null,"('0025-S-2012', 2)":null,"('0025-S-2012', 3)":null,"('0025-S-2012', 4)":null,"('0025-S-2012', 5)":null},"('Giros', 'COMISI\u00d3N')":{"('0025-S-2012', 0)":"LEGISLACION GENERAL","('0025-S-2012', 1)":"EDUCACION","('0025-S-2012', 2)":"PRESUPUESTO Y HACIENDA","('0025-S-2012', 3)":null,"('0025-S-2012', 4)":null,"('0025-S-2012', 5)":null},"('Tramites', 'C\u00c1MARA')":{"('0025-S-2012', 0)":"Senado","('0025-S-2012', 1)":"Senado","('0025-S-2012', 2)":"Diputados","('0025-S-2012', 3)":"Diputados","('0025-S-2012', 4)":"Senado","('0025-S-2012', 5)":"Senado"},"('Tramites', 'MOVIMIENTO')":{"('0025-S-2012', 0)":"MOCION SOBRE TABLAS (AFIRMATIVA)","('0025-S-2012', 1)":"CONSIDERACION Y APROBACION CON MODIFICACIONES","('0025-S-2012', 2)":"PASA A DIPUTADOS -","('0025-S-2012', 3)":"CONSIDERACION Y APROBACION","('0025-S-2012', 4)":"VUELVE A SENADO -","('0025-S-2012', 5)":"CONSIDERACION Y SANCION"},"('Tramites', 'FECHA')":{"('0025-S-2012', 0)":"14\/03\/2012","('0025-S-2012', 1)":"14\/03\/2012","('0025-S-2012', 2)":null,"('0025-S-2012', 3)":"27\/06\/2012","('0025-S-2012', 4)":null,"('0025-S-2012', 5)":"15\/08\/2012"},"('Tramites', 'RESULTADO')":{"('0025-S-2012', 0)":null,"('0025-S-2012', 1)":"MEDIA SANCION","('0025-S-2012', 2)":null,"('0025-S-2012', 3)":"MEDIA SANCION","('0025-S-2012', 4)":null,"('0025-S-2012', 5)":"SANCIONADO"},"Link":{"('0025-S-2012', 0)":"https:\/\/www4.hcdn.gob.ar\/dependencias\/dsecretaria\/Periodo2012\/PDF2012\/TP2012\/0025-S-12.pdf","('0025-S-2012', 1)":null,"('0025-S-2012', 2)":null,"('0025-S-2012', 3)":null,"('0025-S-2012', 4)":null,"('0025-S-2012', 5)":null},"Palabra Clave":{"('0025-S-2012', 0)":" ","('0025-S-2012', 1)":null,"('0025-S-2012', 2)":null,"('0025-S-2012', 3)":null,"('0025-S-2012', 4)":null,"('0025-S-2012', 5)":null}}