{"Tipo de Proyecto":{"('0027-S-2012', 0)":"PROYECTO DE LEY"},"Iniciado en: ":{"('0027-S-2012', 0)":"Senado"},"Expediente Senado: ":{"('0027-S-2012', 0)":"0027-S-2012"},"Publicado en: ":{"('0027-S-2012', 0)":"Diario de Asuntos Entrados N\u00b0 3"},"Fecha: ":{"('0027-S-2012', 0)":"02\/03\/2012"},"T\u00edtulo":{"('0027-S-2012', 0)":"CREACION DEL PROGRAMA NACIONAL DE SELLADO DE POZOS DE HIDROCARBUROS ABANDONADOS EN AREAS URBANAS Y PERIURBANAS."},"('Firmantes', 'FIRMANTE')":{"('0027-S-2012', 0)":"DI PERNA, GRACIELA AGUSTINA"},"('Firmantes', 'DISTRITO')":{"('0027-S-2012', 0)":"CHUBUT"},"('Firmantes', 'BLOQUE')":{"('0027-S-2012', 0)":"TRABAJO Y DIGNIDAD"},"Sumario":{"('0027-S-2012', 0)":"EN EL AMBITO DE LA SECRETARIA DE ENERGIA DE LA NACION; OBJETIVOS; DEFINICIONES; REGISTRO; AUTORIDAD DE APLICACION: MINISTERIO DE PLANIFICACION FEDERAL E INVERSION PUBLICA; FUNCIONES; CREACION DEL FONDO NACIONAL PARA IDENTIFICACION Y SELLADO DE POZOS ABANDONADOS DE HIDROCARBUROS; SANCIONES; INCUMPLIMIENTOS."},"Palabra Clave":{"('0027-S-2012', 0)":" "}}