{"Tipo de Proyecto":{"('0028-D-2012', 0)":"PROYECTO DE LEY","('0028-D-2012', 1)":null},"Iniciado en: ":{"('0028-D-2012', 0)":"Diputados","('0028-D-2012', 1)":null},"Expediente Diputados: ":{"('0028-D-2012', 0)":"0028-D-2012","('0028-D-2012', 1)":null},"Publicado en: ":{"('0028-D-2012', 0)":"Tr\u00e1mite Parlamentario N\u00b0 1","('0028-D-2012', 1)":null},"Fecha: ":{"('0028-D-2012', 0)":"01\/03\/2012","('0028-D-2012', 1)":null},"T\u00edtulo":{"('0028-D-2012', 0)":"DERECHO REAL DE SUPERFICIE EOLICA. CREACION. MODIFICACION DEL CODIGO CIVIL. DEFINICION; LEGITIMACION; DERECHOS DEL PROPIETARIO Y PROHIBICIONES (REPRODUCCION DEL EXPEDIENTE 0021-D-10).","('0028-D-2012', 1)":null},"('Firmantes', 'FIRMANTE')":{"('0028-D-2012', 0)":"COMELLI, ALICIA MARCELA","('0028-D-2012', 1)":null},"('Firmantes', 'DISTRITO')":{"('0028-D-2012', 0)":"NEUQUEN","('0028-D-2012', 1)":null},"('Firmantes', 'BLOQUE')":{"('0028-D-2012', 0)":"MOV POP NEUQUINO","('0028-D-2012', 1)":null},"('Giros', 'COMISI\u00d3N')":{"('0028-D-2012', 0)":"LEGISLACION GENERAL","('0028-D-2012', 1)":"ENERGIA Y COMBUSTIBLES"},"('Tramites', 'C\u00c1MARA')":{"('0028-D-2012', 0)":"Diputados","('0028-D-2012', 1)":null},"('Tramites', 'MOVIMIENTO')":{"('0028-D-2012', 0)":"REPRODUCIDO POR EXPEDIENTE 0319-D-14","('0028-D-2012', 1)":null},"('Tramites', 'FECHA')":{"('0028-D-2012', 0)":null,"('0028-D-2012', 1)":null},"('Tramites', 'RESULTADO')":{"('0028-D-2012', 0)":null,"('0028-D-2012', 1)":null},"Sumario":{"('0028-D-2012', 0)":"MODIFICACION DE LOS ARTICULOS 3108, 3119 (CONSTITUCION DE HIPOTECAS), INCORPORACION DEL INCISO 9 AL ARTICULO 2505 DEL CODIGO CIVIL","('0028-D-2012', 1)":null},"Palabra Clave":{"('0028-D-2012', 0)":" ","('0028-D-2012', 1)":null}}