{"Tipo de Proyecto":{"('0029-D-2012', 0)":"PROYECTO DE LEY"},"Iniciado en: ":{"('0029-D-2012', 0)":"Diputados"},"Expediente Diputados: ":{"('0029-D-2012', 0)":"0029-D-2012"},"Publicado en: ":{"('0029-D-2012', 0)":"Tr\u00e1mite Parlamentario N\u00b0 1"},"Fecha: ":{"('0029-D-2012', 0)":"01\/03\/2012"},"T\u00edtulo":{"('0029-D-2012', 0)":"REGIMEN DE LA ACCION DE \"HABEAS NORMA\", CON EL OBJETO DE PROTEGER LOS DERECHOS CONSTITUCIONALES O LEGALES QUE NO PUEDAN SER EJERCIDOS POR FALTA DE UNA NORMA REGLAMENTARIA QUE LO TORNE OPERATIVO  (REPRODUCCION DEL EXPEDIENTE 0207-D-08) (REPRODUCCION DEL EXPEDIENTE 0043-D-10)."},"('Firmantes', 'FIRMANTE')":{"('0029-D-2012', 0)":"COMELLI, ALICIA MARCELA"},"('Firmantes', 'DISTRITO')":{"('0029-D-2012', 0)":"NEUQUEN"},"('Firmantes', 'BLOQUE')":{"('0029-D-2012', 0)":"MOV POP NEUQUINO"},"('Giros', 'COMISI\u00d3N')":{"('0029-D-2012', 0)":"JUSTICIA"},"('Tramites', 'C\u00c1MARA')":{"('0029-D-2012', 0)":"Diputados"},"('Tramites', 'MOVIMIENTO')":{"('0029-D-2012', 0)":"REPRODUCIDO POR EXPEDIENTE 0320-D-14"},"('Tramites', 'FECHA')":{"('0029-D-2012', 0)":null},"('Tramites', 'RESULTADO')":{"('0029-D-2012', 0)":null},"Palabra Clave":{"('0029-D-2012', 0)":" "}}