{"Tipo de Proyecto":{"('0029-S-2012', 0)":"MENSAJE NRO: 0529\/12 Y PROYECTO DE LEY","('0029-S-2012', 1)":null,"('0029-S-2012', 2)":null,"('0029-S-2012', 3)":null,"('0029-S-2012', 4)":null,"('0029-S-2012', 5)":null,"('0029-S-2012', 6)":null,"('0029-S-2012', 7)":null,"('0029-S-2012', 8)":null,"('0029-S-2012', 9)":null},"Iniciado en: ":{"('0029-S-2012', 0)":"Senado","('0029-S-2012', 1)":null,"('0029-S-2012', 2)":null,"('0029-S-2012', 3)":null,"('0029-S-2012', 4)":null,"('0029-S-2012', 5)":null,"('0029-S-2012', 6)":null,"('0029-S-2012', 7)":null,"('0029-S-2012', 8)":null,"('0029-S-2012', 9)":null},"Expediente Diputados: ":{"('0029-S-2012', 0)":"0029-S-2012","('0029-S-2012', 1)":null,"('0029-S-2012', 2)":null,"('0029-S-2012', 3)":null,"('0029-S-2012', 4)":null,"('0029-S-2012', 5)":null,"('0029-S-2012', 6)":null,"('0029-S-2012', 7)":null,"('0029-S-2012', 8)":null,"('0029-S-2012', 9)":null},"Expediente Senado: ":{"('0029-S-2012', 0)":"0027-PE-2012","('0029-S-2012', 1)":null,"('0029-S-2012', 2)":null,"('0029-S-2012', 3)":null,"('0029-S-2012', 4)":null,"('0029-S-2012', 5)":null,"('0029-S-2012', 6)":null,"('0029-S-2012', 7)":null,"('0029-S-2012', 8)":null,"('0029-S-2012', 9)":null},"Publicado en: ":{"('0029-S-2012', 0)":"Diario de Asuntos Entrados N\u00b0 57","('0029-S-2012', 1)":null,"('0029-S-2012', 2)":null,"('0029-S-2012', 3)":null,"('0029-S-2012', 4)":null,"('0029-S-2012', 5)":null,"('0029-S-2012', 6)":null,"('0029-S-2012', 7)":null,"('0029-S-2012', 8)":null,"('0029-S-2012', 9)":null},"Fecha: ":{"('0029-S-2012', 0)":"16\/04\/2012","('0029-S-2012', 1)":null,"('0029-S-2012', 2)":null,"('0029-S-2012', 3)":null,"('0029-S-2012', 4)":null,"('0029-S-2012', 5)":null,"('0029-S-2012', 6)":null,"('0029-S-2012', 7)":null,"('0029-S-2012', 8)":null,"('0029-S-2012', 9)":null},"T\u00edtulo":{"('0029-S-2012', 0)":"SOBERANIA HIDROCARBURIFERA DE LA REPUBLICA ARGENTINA; DECLARAR DE UTILIDAD PUBLICA Y SUJETO A EXPROPIACION EL 51% DEL PATRIMONIO DE YACIMIENTOS PETROLIFEROS FISCALES SOCIEDAD ANONIMA (YPF S.A.)  REPRESENTADO POR IGUAL PORCENTAJE DE LA ACCIONES CLASE D DE DICHA EMPRESA PERTENECIENTES A REPSOL YPF S.A SUS CONTROLANTES O CONTROLADAS EN FORMA DIRECTA E INDIRECTA.","('0029-S-2012', 1)":null,"('0029-S-2012', 2)":null,"('0029-S-2012', 3)":null,"('0029-S-2012', 4)":null,"('0029-S-2012', 5)":null,"('0029-S-2012', 6)":null,"('0029-S-2012', 7)":null,"('0029-S-2012', 8)":null,"('0029-S-2012', 9)":null},"('Firmantes', 'FIRMANTE')":{"('0029-S-2012', 0)":"FERNANDEZ DE KIRCHNER, CRISTINA","('0029-S-2012', 1)":"ABAL MEDINA, JUAN MANUEL","('0029-S-2012', 2)":"DE VIDO, JULIO","('0029-S-2012', 3)":"LORENZINO, HERNAN","('0029-S-2012', 4)":"RANDAZZO, FLORENCIO","('0029-S-2012', 5)":"GIORGI, DEBORA","('0029-S-2012', 6)":"TOMADA, CARLOS","('0029-S-2012', 7)":null,"('0029-S-2012', 8)":null,"('0029-S-2012', 9)":null},"('Firmantes', 'DISTRITO')":{"('0029-S-2012', 0)":null,"('0029-S-2012', 1)":null,"('0029-S-2012', 2)":null,"('0029-S-2012', 3)":null,"('0029-S-2012', 4)":null,"('0029-S-2012', 5)":null,"('0029-S-2012', 6)":null,"('0029-S-2012', 7)":null,"('0029-S-2012', 8)":null,"('0029-S-2012', 9)":null},"('Firmantes', 'BLOQUE')":{"('0029-S-2012', 0)":"PODER EJECUTIVO","('0029-S-2012', 1)":"PODER EJECUTIVO","('0029-S-2012', 2)":"PODER EJECUTIVO","('0029-S-2012', 3)":"PODER EJECUTIVO","('0029-S-2012', 4)":"PODER EJECUTIVO","('0029-S-2012', 5)":"PODER EJECUTIVO","('0029-S-2012', 6)":"PODER EJECUTIVO","('0029-S-2012', 7)":null,"('0029-S-2012', 8)":null,"('0029-S-2012', 9)":null},"('Giros', 'COMISI\u00d3N')":{"('0029-S-2012', 0)":"ENERGIA Y COMBUSTIBLES","('0029-S-2012', 1)":"ASUNTOS CONSTITUCIONALES","('0029-S-2012', 2)":"PRESUPUESTO Y HACIENDA","('0029-S-2012', 3)":null,"('0029-S-2012', 4)":null,"('0029-S-2012', 5)":null,"('0029-S-2012', 6)":null,"('0029-S-2012', 7)":null,"('0029-S-2012', 8)":null,"('0029-S-2012', 9)":null},"('Tramites', 'C\u00c1MARA')":{"('0029-S-2012', 0)":"Senado","('0029-S-2012', 1)":"Senado","('0029-S-2012', 2)":"Senado","('0029-S-2012', 3)":"Diputados","('0029-S-2012', 4)":"Diputados","('0029-S-2012', 5)":"Diputados","('0029-S-2012', 6)":"Diputados","('0029-S-2012', 7)":"Diputados","('0029-S-2012', 8)":"Diputados","('0029-S-2012', 9)":"Diputados"},"('Tramites', 'MOVIMIENTO')":{"('0029-S-2012', 0)":"CITACION SESION ESPECIAL","('0029-S-2012', 1)":"CONSIDERACION Y APROBACION CON MODIFICACIONES","('0029-S-2012', 2)":"INSERCIONES","('0029-S-2012', 3)":"PASA A DIPUTADOS -","('0029-S-2012', 4)":"CITACION SESION ESPECIAL","('0029-S-2012', 5)":"COMIENZA CONSIDERACION","('0029-S-2012', 6)":"INSERCIONES","('0029-S-2012', 7)":"CONTINUA CONSIDERACION","('0029-S-2012', 8)":"CONSIDERACION Y SANCION","('0029-S-2012', 9)":"INSERCIONES"},"('Tramites', 'FECHA')":{"('0029-S-2012', 0)":"25\/04\/2012","('0029-S-2012', 1)":"25\/04\/2012","('0029-S-2012', 2)":"25\/04\/2012","('0029-S-2012', 3)":null,"('0029-S-2012', 4)":"02\/05\/2012","('0029-S-2012', 5)":"02\/05\/2012","('0029-S-2012', 6)":"02\/05\/2012","('0029-S-2012', 7)":"03\/05\/2012","('0029-S-2012', 8)":"03\/05\/2012","('0029-S-2012', 9)":"03\/05\/2012"},"('Tramites', 'RESULTADO')":{"('0029-S-2012', 0)":null,"('0029-S-2012', 1)":"MEDIA SANCION","('0029-S-2012', 2)":null,"('0029-S-2012', 3)":null,"('0029-S-2012', 4)":null,"('0029-S-2012', 5)":null,"('0029-S-2012', 6)":null,"('0029-S-2012', 7)":null,"('0029-S-2012', 8)":"SANCIONADO","('0029-S-2012', 9)":null},"Sumario":{"('0029-S-2012', 0)":"DECLARAR DE INTERES PUBLICO NACIONAL Y OBJETIVO PRIORITARIO DE LA REPUBLICA ARGENTINA EL LOGRO DEL AUTOABASTECIMIENTO DE HIDROCARBUROS, LA EXPLOTACION, INDUSTRIALIZACION, TRANSPORTE Y COMERCIALIZACION; PRINCIPIOS DE LA POLITICA HIDROCARBURIFERA; CREACION DEL CONSEJO FEDERAL DE HIDROCARBUROS; RECUPERACION DEL CONTROL DE YPF: EXPROPIACION; APLICACION DE LA LEY 21499 (REGIMEN DE EXPROPIACIONES); CONTINUIDAD OPERATIVA; CONTINUIDAD JURIDICA Y GESTION DE YPF SA.","('0029-S-2012', 1)":null,"('0029-S-2012', 2)":null,"('0029-S-2012', 3)":null,"('0029-S-2012', 4)":null,"('0029-S-2012', 5)":null,"('0029-S-2012', 6)":null,"('0029-S-2012', 7)":null,"('0029-S-2012', 8)":null,"('0029-S-2012', 9)":null},"Palabra Clave":{"('0029-S-2012', 0)":" ","('0029-S-2012', 1)":null,"('0029-S-2012', 2)":null,"('0029-S-2012', 3)":null,"('0029-S-2012', 4)":null,"('0029-S-2012', 5)":null,"('0029-S-2012', 6)":null,"('0029-S-2012', 7)":null,"('0029-S-2012', 8)":null,"('0029-S-2012', 9)":null}}