{"Tipo de Proyecto":{"('0030-S-2012', 0)":"PROYECTO DE DECLARACI\u00d3N","('0030-S-2012', 1)":null},"Iniciado en: ":{"('0030-S-2012', 0)":"Senado","('0030-S-2012', 1)":null},"Expediente Senado: ":{"('0030-S-2012', 0)":"0030-S-2012","('0030-S-2012', 1)":null},"Publicado en: ":{"('0030-S-2012', 0)":"Diario de Asuntos Entrados N\u00b0 3","('0030-S-2012', 1)":null},"Fecha: ":{"('0030-S-2012', 0)":"02\/03\/2012","('0030-S-2012', 1)":null},"T\u00edtulo":{"('0030-S-2012', 0)":"ADHERIR A LA CONMEMORACION DEL DIA INTERNACIONAL DE LA MUJER, A CELEBRARSE EL 8 DE MARZO DE 2012.","('0030-S-2012', 1)":null},"('Firmantes', 'FIRMANTE')":{"('0030-S-2012', 0)":"PERSICO, DANIEL RAUL","('0030-S-2012', 1)":null},"('Firmantes', 'DISTRITO')":{"('0030-S-2012', 0)":"SAN LUIS","('0030-S-2012', 1)":null},"('Firmantes', 'BLOQUE')":{"('0030-S-2012', 0)":"FRENTE PARA LA VICTORIA - PJ","('0030-S-2012', 1)":null},"('Tramites', 'C\u00c1MARA')":{"('0030-S-2012', 0)":"Senado","('0030-S-2012', 1)":"Senado"},"('Tramites', 'MOVIMIENTO')":{"('0030-S-2012', 0)":"MOCION SOBRE TABLAS (AFIRMATIVA) CONJUNTAMENTE PARA LOS EXPEDIENTES 2945-S-2011, 2969-S-2011, 3024-S-2011, 0030-S-2012, 0084-S-2012, 0127-S-2012, 0184-S-2012, 0216-S-2012, 0244-S-2012, 0264-S-2012, 0278-S-2012 y 0273-S-2012","('0030-S-2012', 1)":"CONSIDERACION Y APROBACION CONJUNTAMENTE PARA LOS EXPEDIENTES 2945-S-2011, 2969-S-2011, 3024-S-2011, 0030-S-2012, 0084-S-2012, 0127-S-2012, 0184-S-2012, 0216-S-2012, 0244-S-2012, 0264-S-2012, 0278-S-2012 y 0273-S-2012"},"('Tramites', 'FECHA')":{"('0030-S-2012', 0)":"14\/03\/2012","('0030-S-2012', 1)":"14\/03\/2012"},"('Tramites', 'RESULTADO')":{"('0030-S-2012', 0)":null,"('0030-S-2012', 1)":"APROBADO"},"Link":{"('0030-S-2012', 0)":"http:\/\/www.senado.gov.ar\/parlamentario\/comisiones\/verExp\/30.12\/S\/PD","('0030-S-2012', 1)":null},"Palabra Clave":{"('0030-S-2012', 0)":" ","('0030-S-2012', 1)":null}}