{"Tipo de Proyecto":{"('0032-D-2012', 0)":"PROYECTO DE LEY"},"Iniciado en: ":{"('0032-D-2012', 0)":"Diputados"},"Expediente Diputados: ":{"('0032-D-2012', 0)":"0032-D-2012"},"Publicado en: ":{"('0032-D-2012', 0)":"Tr\u00e1mite Parlamentario N\u00b0 1"},"Fecha: ":{"('0032-D-2012', 0)":"01\/03\/2012"},"T\u00edtulo":{"('0032-D-2012', 0)":"MODIFICACION DEL CODIGO PENAL: INCORPORACION DEL ARTICULO 156 BIS; MODIFICACION DEL INCISO 7) DEL ARTICULO 173; INCORPORACION DEL \"TITULO XIII DELITO DE SOBORNO PRIVADO\", ARTICULO 302 BIS (CONFIDENCIALIDAD EMPRESARIAL, ADMINISTRACION FRAUDULENTA Y SOBORNO PRIVADO) (REPRODUCCION DEL EXPEDIENTE 0523-D-08) (REPRODUCCION DEL EXPEDIENTE 0044-D-10)."},"('Firmantes', 'FIRMANTE')":{"('0032-D-2012', 0)":"COMELLI, ALICIA MARCELA"},"('Firmantes', 'DISTRITO')":{"('0032-D-2012', 0)":"NEUQUEN"},"('Firmantes', 'BLOQUE')":{"('0032-D-2012', 0)":"MOV POP NEUQUINO"},"('Giros', 'COMISI\u00d3N')":{"('0032-D-2012', 0)":"LEGISLACION PENAL"},"('Tramites', 'C\u00c1MARA')":{"('0032-D-2012', 0)":"Diputados"},"('Tramites', 'MOVIMIENTO')":{"('0032-D-2012', 0)":"REPRODUCIDO POR EXPEDIENTE 0322-D-14"},"('Tramites', 'FECHA')":{"('0032-D-2012', 0)":null},"('Tramites', 'RESULTADO')":{"('0032-D-2012', 0)":null},"Palabra Clave":{"('0032-D-2012', 0)":" "}}