{"Tipo de Proyecto":{"('0034-D-2012', 0)":"PROYECTO DE RESOLUCI\u00d3N","('0034-D-2012', 1)":null},"Iniciado en: ":{"('0034-D-2012', 0)":"Diputados","('0034-D-2012', 1)":null},"Expediente Diputados: ":{"('0034-D-2012', 0)":"0034-D-2012","('0034-D-2012', 1)":null},"Publicado en: ":{"('0034-D-2012', 0)":"Tr\u00e1mite Parlamentario N\u00b0 1","('0034-D-2012', 1)":null},"Fecha: ":{"('0034-D-2012', 0)":"01\/03\/2012","('0034-D-2012', 1)":null},"T\u00edtulo":{"('0034-D-2012', 0)":"SOLICITAR AL PODER EJECUTIVO DISPONGA ELIMINAR LAS RESTRICCIONES A LA IMPORTACION DE MEDICAMENTOS DE BAJA Y ALTA COMPLEJIDAD, PARA TRATAMIENTOS ONCOLOGICOS Y RETROVIRALES.","('0034-D-2012', 1)":null},"('Firmantes', 'FIRMANTE')":{"('0034-D-2012', 0)":"ALVAREZ, ELSA MARIA","('0034-D-2012', 1)":"ORSOLINI, PABLO EDUARDO"},"('Firmantes', 'DISTRITO')":{"('0034-D-2012', 0)":"SANTA CRUZ","('0034-D-2012', 1)":"CHACO"},"('Firmantes', 'BLOQUE')":{"('0034-D-2012', 0)":"UCR","('0034-D-2012', 1)":"UCR"},"('Giros', 'COMISI\u00d3N')":{"('0034-D-2012', 0)":"COMERCIO","('0034-D-2012', 1)":null},"Link":{"('0034-D-2012', 0)":"https:\/\/www.hcdn.gob.ar\/proyectos\/textoCompleto.jsp?exp=0034-D-2012&tipo=RESOLUCION","('0034-D-2012', 1)":null},"Palabra Clave":{"('0034-D-2012', 0)":" ","('0034-D-2012', 1)":null}}