{"Tipo de Proyecto":{"('0034-S-2012', 0)":"MENSAJE NRO: 0381\/12 Y PROYECTO DE LEY","('0034-S-2012', 1)":null,"('0034-S-2012', 2)":null},"Iniciado en: ":{"('0034-S-2012', 0)":"Senado","('0034-S-2012', 1)":null,"('0034-S-2012', 2)":null},"Expediente Diputados: ":{"('0034-S-2012', 0)":"0034-S-2012","('0034-S-2012', 1)":null,"('0034-S-2012', 2)":null},"Expediente Senado: ":{"('0034-S-2012', 0)":"0018-PE-2012","('0034-S-2012', 1)":null,"('0034-S-2012', 2)":null},"Publicado en: ":{"('0034-S-2012', 0)":"Diario de Asuntos Entrados N\u00b0 35","('0034-S-2012', 1)":null,"('0034-S-2012', 2)":null},"Fecha: ":{"('0034-S-2012', 0)":"19\/03\/2012","('0034-S-2012', 1)":null,"('0034-S-2012', 2)":null},"T\u00edtulo":{"('0034-S-2012', 0)":"APROBACION DEL ESTATUTO DEL CENTRO LATINOAMERICANO DE ADMINISTRACION PARA EL DESARROLLO - CLAD- APROBADO EN SANTO DOMINGO -REPUBLICA DOMINICANA, EL 9 DE NOVIEMBRE DE 2010.","('0034-S-2012', 1)":null,"('0034-S-2012', 2)":null},"('Firmantes', 'FIRMANTE')":{"('0034-S-2012', 0)":"FERNANDEZ DE KIRCHNER, CRISTINA","('0034-S-2012', 1)":"ABAL MEDINA, JUAN MANUEL","('0034-S-2012', 2)":"TIMERMAN, HECTOR MARCOS"},"('Firmantes', 'DISTRITO')":{"('0034-S-2012', 0)":null,"('0034-S-2012', 1)":null,"('0034-S-2012', 2)":null},"('Firmantes', 'BLOQUE')":{"('0034-S-2012', 0)":"PODER EJECUTIVO","('0034-S-2012', 1)":"PODER EJECUTIVO","('0034-S-2012', 2)":"PODER EJECUTIVO"},"('Giros', 'COMISI\u00d3N')":{"('0034-S-2012', 0)":"RELACIONES EXTERIORES Y CULTO","('0034-S-2012', 1)":"LEGISLACION GENERAL","('0034-S-2012', 2)":null},"('Tramites', 'C\u00c1MARA')":{"('0034-S-2012', 0)":"Senado","('0034-S-2012', 1)":"Diputados","('0034-S-2012', 2)":"Diputados"},"('Tramites', 'MOVIMIENTO')":{"('0034-S-2012', 0)":"CONSIDERACION Y APROBACION","('0034-S-2012', 1)":"PASA A DIPUTADOS -","('0034-S-2012', 2)":"CONSIDERACION Y SANCION"},"('Tramites', 'FECHA')":{"('0034-S-2012', 0)":"16\/05\/2012","('0034-S-2012', 1)":null,"('0034-S-2012', 2)":"28\/11\/2012"},"('Tramites', 'RESULTADO')":{"('0034-S-2012', 0)":"MEDIA SANCION","('0034-S-2012', 1)":null,"('0034-S-2012', 2)":"SANCIONADO"},"Link":{"('0034-S-2012', 0)":"https:\/\/www4.hcdn.gob.ar\/dependencias\/dsecretaria\/Periodo2012\/PDF2012\/TP2012\/0034-S-12.pdf","('0034-S-2012', 1)":null,"('0034-S-2012', 2)":null},"Palabra Clave":{"('0034-S-2012', 0)":" ","('0034-S-2012', 1)":null,"('0034-S-2012', 2)":null}}