{"Tipo de Proyecto":{"('0035-S-2012', 0)":"MENSAJE NRO: 0382\/12 Y PROYECTO DE LEY","('0035-S-2012', 1)":null,"('0035-S-2012', 2)":null,"('0035-S-2012', 3)":null},"Iniciado en: ":{"('0035-S-2012', 0)":"Senado","('0035-S-2012', 1)":null,"('0035-S-2012', 2)":null,"('0035-S-2012', 3)":null},"Expediente Diputados: ":{"('0035-S-2012', 0)":"0035-S-2012","('0035-S-2012', 1)":null,"('0035-S-2012', 2)":null,"('0035-S-2012', 3)":null},"Expediente Senado: ":{"('0035-S-2012', 0)":"0019-PE-2012","('0035-S-2012', 1)":null,"('0035-S-2012', 2)":null,"('0035-S-2012', 3)":null},"Publicado en: ":{"('0035-S-2012', 0)":"Diario de Asuntos Entrados N\u00b0 35","('0035-S-2012', 1)":null,"('0035-S-2012', 2)":null,"('0035-S-2012', 3)":null},"Fecha: ":{"('0035-S-2012', 0)":"19\/03\/2012","('0035-S-2012', 1)":null,"('0035-S-2012', 2)":null,"('0035-S-2012', 3)":null},"T\u00edtulo":{"('0035-S-2012', 0)":"APROBACION DEL CONVENIO DE RECONOCIMIENTO MUTUO DE TITULOS DE EDUCACION SUPERIOR CON EL GOBIERNO DE UCRANIA, CELEBRADO EN BUENOS AIRES, EL 20 DE ABRIL DE 2011.","('0035-S-2012', 1)":null,"('0035-S-2012', 2)":null,"('0035-S-2012', 3)":null},"('Firmantes', 'FIRMANTE')":{"('0035-S-2012', 0)":"FERNANDEZ DE KIRCHNER, CRISTINA","('0035-S-2012', 1)":"ABAL MEDINA, JUAN MANUEL","('0035-S-2012', 2)":"TIMERMAN, HECTOR MARCOS","('0035-S-2012', 3)":"SILEONI, ALBERTO"},"('Firmantes', 'DISTRITO')":{"('0035-S-2012', 0)":null,"('0035-S-2012', 1)":null,"('0035-S-2012', 2)":null,"('0035-S-2012', 3)":null},"('Firmantes', 'BLOQUE')":{"('0035-S-2012', 0)":"PODER EJECUTIVO","('0035-S-2012', 1)":"PODER EJECUTIVO","('0035-S-2012', 2)":"PODER EJECUTIVO","('0035-S-2012', 3)":"PODER EJECUTIVO"},"('Giros', 'COMISI\u00d3N')":{"('0035-S-2012', 0)":"RELACIONES EXTERIORES Y CULTO","('0035-S-2012', 1)":"EDUCACION","('0035-S-2012', 2)":null,"('0035-S-2012', 3)":null},"('Tramites', 'C\u00c1MARA')":{"('0035-S-2012', 0)":"Senado","('0035-S-2012', 1)":"Diputados","('0035-S-2012', 2)":"Diputados","('0035-S-2012', 3)":"Diputados"},"('Tramites', 'MOVIMIENTO')":{"('0035-S-2012', 0)":"CONSIDERACION Y APROBACION","('0035-S-2012', 1)":"PASA A DIPUTADOS -","('0035-S-2012', 2)":"CITACION SESION ESPECIAL","('0035-S-2012', 3)":"CONSIDERACION Y SANCION"},"('Tramites', 'FECHA')":{"('0035-S-2012', 0)":"16\/05\/2012","('0035-S-2012', 1)":null,"('0035-S-2012', 2)":"22\/10\/2014","('0035-S-2012', 3)":"22\/10\/2014"},"('Tramites', 'RESULTADO')":{"('0035-S-2012', 0)":"MEDIA SANCION","('0035-S-2012', 1)":null,"('0035-S-2012', 2)":null,"('0035-S-2012', 3)":"SANCIONADO"},"Link":{"('0035-S-2012', 0)":"https:\/\/www4.hcdn.gob.ar\/dependencias\/dsecretaria\/Periodo2012\/PDF2012\/TP2012\/0035-S-12.pdf","('0035-S-2012', 1)":null,"('0035-S-2012', 2)":null,"('0035-S-2012', 3)":null},"Palabra Clave":{"('0035-S-2012', 0)":" ","('0035-S-2012', 1)":null,"('0035-S-2012', 2)":null,"('0035-S-2012', 3)":null}}