{"Tipo de Proyecto":{"('0035-D-2012', 0)":"PROYECTO DE DECLARACI\u00d3N"},"Iniciado en: ":{"('0035-D-2012', 0)":"Diputados"},"Expediente Diputados: ":{"('0035-D-2012', 0)":"0035-D-2012"},"Publicado en: ":{"('0035-D-2012', 0)":"Tr\u00e1mite Parlamentario N\u00b0 1"},"Fecha: ":{"('0035-D-2012', 0)":"01\/03\/2012"},"T\u00edtulo":{"('0035-D-2012', 0)":"EXPRESAR REPUDIO A LOS HECHOS DE VIOLENCIA ACAECIDOS EN UN ENCUENTRO PUGILISTICO EL DIA 11 DE FEBRERO DE 2012 EN LA CIUDAD DE MAR DEL PLATA, PROVINCIA DE BUENOS AIRES. "},"('Firmantes', 'FIRMANTE')":{"('0035-D-2012', 0)":"CATALAN MAGNI, JULIO CESAR"},"('Firmantes', 'DISTRITO')":{"('0035-D-2012', 0)":"TIERRA DEL FUEGO"},"('Firmantes', 'BLOQUE')":{"('0035-D-2012', 0)":"FRENTE PARA LA VICTORIA - PJ"},"('Giros', 'COMISI\u00d3N')":{"('0035-D-2012', 0)":"DEPORTES"},"('Tramites', 'C\u00c1MARA')":{"('0035-D-2012', 0)":"Diputados"},"('Tramites', 'MOVIMIENTO')":{"('0035-D-2012', 0)":"APROBACION ARTICULO 114 DEL REGLAMENTO DE LA H CAMARA DE DIPUTADOS; COMUNICADO EL 27\/04\/2012"},"('Tramites', 'FECHA')":{"('0035-D-2012', 0)":null},"('Tramites', 'RESULTADO')":{"('0035-D-2012', 0)":"APROBADO"},"Link":{"('0035-D-2012', 0)":"https:\/\/www.hcdn.gob.ar\/proyectos\/textoCompleto.jsp?exp=0035-D-2012&tipo=DECLARACION"},"Palabra Clave":{"('0035-D-2012', 0)":" "}}