{"Tipo de Proyecto":{"('0036-PE-2012', 0)":"MENSAJE NRO: ____\/__"},"Iniciado en: ":{"('0036-PE-2012', 0)":"Senado"},"Expediente Senado: ":{"('0036-PE-2012', 0)":"0036-PE-2012"},"Fecha: ":{"('0036-PE-2012', 0)":"26\/09\/2012"},"T\u00edtulo":{"('0036-PE-2012', 0)":"DICTAMEN EN LA RESOLUCION REMITIDA POR LA JEFATURA DE GABINETE DE MINISTROS, SOBRE INFORME DEL MINISTERIO DE PLANIFICACION FEDERAL, INVERSION PUBLICA Y SERVICIOS SOBRE LOS ESTADOS FINANCIEROS AL 31\/12\/07 DEL \"PROYECTO DE GESTION DE ACTIVOS VIALES NACIONALES\"."},"('Firmantes', 'FIRMANTE')":{"('0036-PE-2012', 0)":"PARLAMENTARIA MIXTA REVISORA DE CUENTAS"},"('Firmantes', 'DISTRITO')":{"('0036-PE-2012', 0)":null},"('Firmantes', 'BLOQUE')":{"('0036-PE-2012', 0)":null},"('Tramites', 'C\u00c1MARA')":{"('0036-PE-2012', 0)":"Senado"},"('Tramites', 'MOVIMIENTO')":{"('0036-PE-2012', 0)":"CONSIDERACION Y APROBACION"},"('Tramites', 'FECHA')":{"('0036-PE-2012', 0)":"14\/11\/2012"},"('Tramites', 'RESULTADO')":{"('0036-PE-2012', 0)":"APROBADO"},"Sumario":{"('0036-PE-2012', 0)":"HABIENDO TOMADO CONOCIMIENTO, Y SIN PERJUICIO DE ULTERIORES MEDIDAS QUE PUEDAN ADOPTARSE, SE ACONSEJA SU REMISION AL ARCHIVO."},"Palabra Clave":{"('0036-PE-2012', 0)":" "}}