{"Tipo de Proyecto":{"('0036-D-2012', 0)":"PROYECTO DE LEY","('0036-D-2012', 1)":null},"Iniciado en: ":{"('0036-D-2012', 0)":"Diputados","('0036-D-2012', 1)":null},"Expediente Diputados: ":{"('0036-D-2012', 0)":"0036-D-2012","('0036-D-2012', 1)":null},"Publicado en: ":{"('0036-D-2012', 0)":"Tr\u00e1mite Parlamentario N\u00b0 1","('0036-D-2012', 1)":null},"Fecha: ":{"('0036-D-2012', 0)":"01\/03\/2012","('0036-D-2012', 1)":null},"T\u00edtulo":{"('0036-D-2012', 0)":"TRANSITO, LEY 24449: SUSTITUCION DEL INCISO G) DEL ARTICULO 5 (DEFINICION DE BICICLETA, SISTEMA DE ILUMINACION), DEL ARTICULO 28 (RESPONSABILIDAD SOBRE LA SEGURIDAD, AUTOMOTORES, SISTEMA DE ILUMINACION); SUSTITUCION DEL APARTADO 7 DEL INCISO A) Y DEL INCISO K) DEL ARTICULO 29 (CONDICIONES DE SEGURIDAD); SUSTITUCION DEL APARTADO 2 DEL INCISO I) DEL ARTICULO 31 (REPRODUCCION DEL EXPEDIENTE 2602-D-08) (REPRODUCCION DEL EXPEDIENTE 0045-D-10).","('0036-D-2012', 1)":null},"('Firmantes', 'FIRMANTE')":{"('0036-D-2012', 0)":"COMELLI, ALICIA MARCELA","('0036-D-2012', 1)":null},"('Firmantes', 'DISTRITO')":{"('0036-D-2012', 0)":"NEUQUEN","('0036-D-2012', 1)":null},"('Firmantes', 'BLOQUE')":{"('0036-D-2012', 0)":"MOV POP NEUQUINO","('0036-D-2012', 1)":null},"('Giros', 'COMISI\u00d3N')":{"('0036-D-2012', 0)":"TRANSPORTES","('0036-D-2012', 1)":"INDUSTRIA"},"('Tramites', 'C\u00c1MARA')":{"('0036-D-2012', 0)":"Diputados","('0036-D-2012', 1)":null},"('Tramites', 'MOVIMIENTO')":{"('0036-D-2012', 0)":"REPRODUCIDO POR EXPEDIENTE 0321-D-14","('0036-D-2012', 1)":null},"('Tramites', 'FECHA')":{"('0036-D-2012', 0)":null,"('0036-D-2012', 1)":null},"('Tramites', 'RESULTADO')":{"('0036-D-2012', 0)":null,"('0036-D-2012', 1)":null},"Palabra Clave":{"('0036-D-2012', 0)":" ","('0036-D-2012', 1)":null}}