{"Tipo de Proyecto":{"('0036-S-2012', 0)":"MENSAJE NRO: 0401\/12 Y PROYECTO DE LEY","('0036-S-2012', 1)":null,"('0036-S-2012', 2)":null,"('0036-S-2012', 3)":null,"('0036-S-2012', 4)":null,"('0036-S-2012', 5)":null,"('0036-S-2012', 6)":null},"Iniciado en: ":{"('0036-S-2012', 0)":"Senado","('0036-S-2012', 1)":null,"('0036-S-2012', 2)":null,"('0036-S-2012', 3)":null,"('0036-S-2012', 4)":null,"('0036-S-2012', 5)":null,"('0036-S-2012', 6)":null},"Expediente Diputados: ":{"('0036-S-2012', 0)":"0036-S-2012","('0036-S-2012', 1)":null,"('0036-S-2012', 2)":null,"('0036-S-2012', 3)":null,"('0036-S-2012', 4)":null,"('0036-S-2012', 5)":null,"('0036-S-2012', 6)":null},"Expediente Senado: ":{"('0036-S-2012', 0)":"0021-PE-2012","('0036-S-2012', 1)":null,"('0036-S-2012', 2)":null,"('0036-S-2012', 3)":null,"('0036-S-2012', 4)":null,"('0036-S-2012', 5)":null,"('0036-S-2012', 6)":null},"Publicado en: ":{"('0036-S-2012', 0)":"Diario de Asuntos Entrados N\u00b0 0","('0036-S-2012', 1)":null,"('0036-S-2012', 2)":null,"('0036-S-2012', 3)":null,"('0036-S-2012', 4)":null,"('0036-S-2012', 5)":null,"('0036-S-2012', 6)":null},"Fecha: ":{"('0036-S-2012', 0)":"21\/03\/2012","('0036-S-2012', 1)":null,"('0036-S-2012', 2)":null,"('0036-S-2012', 3)":null,"('0036-S-2012', 4)":null,"('0036-S-2012', 5)":null,"('0036-S-2012', 6)":null},"T\u00edtulo":{"('0036-S-2012', 0)":"APROBACION DEL PROTOCOLO DE NAGOYA SOBRE ACCESO A LOS RECURSOS GENETICOS Y PARTICIPACION JUSTA Y EQUITATIVA EN LOS BENEFICIOS QUE SE DERIVEN DE SU UTILIZACION AL CONVENIO SOBRE LA DIVERSIDAD BIOLOGICA, CELEBRADO EN NAGOYA - JAPON- EL 29 DE OCTUBRE DE 2010.","('0036-S-2012', 1)":null,"('0036-S-2012', 2)":null,"('0036-S-2012', 3)":null,"('0036-S-2012', 4)":null,"('0036-S-2012', 5)":null,"('0036-S-2012', 6)":null},"('Firmantes', 'FIRMANTE')":{"('0036-S-2012', 0)":"FERNANDEZ DE KIRCHNER, CRISTINA","('0036-S-2012', 1)":"ABAL MEDINA, JUAN MANUEL","('0036-S-2012', 2)":"TIMERMAN, HECTOR MARCOS","('0036-S-2012', 3)":null,"('0036-S-2012', 4)":null,"('0036-S-2012', 5)":null,"('0036-S-2012', 6)":null},"('Firmantes', 'DISTRITO')":{"('0036-S-2012', 0)":null,"('0036-S-2012', 1)":null,"('0036-S-2012', 2)":null,"('0036-S-2012', 3)":null,"('0036-S-2012', 4)":null,"('0036-S-2012', 5)":null,"('0036-S-2012', 6)":null},"('Firmantes', 'BLOQUE')":{"('0036-S-2012', 0)":"PODER EJECUTIVO","('0036-S-2012', 1)":"PODER EJECUTIVO","('0036-S-2012', 2)":"PODER EJECUTIVO","('0036-S-2012', 3)":null,"('0036-S-2012', 4)":null,"('0036-S-2012', 5)":null,"('0036-S-2012', 6)":null},"('Giros', 'COMISI\u00d3N')":{"('0036-S-2012', 0)":"RELACIONES EXTERIORES Y CULTO","('0036-S-2012', 1)":"RECURSOS NATURALES Y CONSERVACION DEL AMBIENTE HUMANO","('0036-S-2012', 2)":null,"('0036-S-2012', 3)":null,"('0036-S-2012', 4)":null,"('0036-S-2012', 5)":null,"('0036-S-2012', 6)":null},"('Tramites', 'C\u00c1MARA')":{"('0036-S-2012', 0)":"Senado","('0036-S-2012', 1)":"Diputados","('0036-S-2012', 2)":"Diputados","('0036-S-2012', 3)":"Diputados","('0036-S-2012', 4)":"Diputados","('0036-S-2012', 5)":"Diputados","('0036-S-2012', 6)":"Diputados"},"('Tramites', 'MOVIMIENTO')":{"('0036-S-2012', 0)":"CONSIDERACION Y APROBACION","('0036-S-2012', 1)":"PASA A DIPUTADOS -","('0036-S-2012', 2)":"CITACION SESION ESPECIAL","('0036-S-2012', 3)":"CONSIDERACION Y SANCION","('0036-S-2012', 4)":"INSERCION DEL DIPUTADO LOPEZ","('0036-S-2012', 5)":"INSERCION DE LOS DIPUTADOS DEL CA\u00d1O Y BREGMAN SOBRE SENTIDO DE SU VOTO","('0036-S-2012', 6)":"INSERCION DEL DIPUTADO LOPEZ SOBRE SENTIDO DE SU VOTO"},"('Tramites', 'FECHA')":{"('0036-S-2012', 0)":"16\/05\/2012","('0036-S-2012', 1)":null,"('0036-S-2012', 2)":"26\/11\/2015","('0036-S-2012', 3)":"26\/11\/2015","('0036-S-2012', 4)":"26\/11\/2015","('0036-S-2012', 5)":"26\/11\/2015","('0036-S-2012', 6)":"26\/11\/2015"},"('Tramites', 'RESULTADO')":{"('0036-S-2012', 0)":"MEDIA SANCION","('0036-S-2012', 1)":null,"('0036-S-2012', 2)":null,"('0036-S-2012', 3)":"SANCIONADO","('0036-S-2012', 4)":null,"('0036-S-2012', 5)":null,"('0036-S-2012', 6)":null},"Link":{"('0036-S-2012', 0)":"https:\/\/www4.hcdn.gob.ar\/dependencias\/dsecretaria\/Periodo2012\/PDF2012\/TP2012\/0036-S-12.pdf","('0036-S-2012', 1)":null,"('0036-S-2012', 2)":null,"('0036-S-2012', 3)":null,"('0036-S-2012', 4)":null,"('0036-S-2012', 5)":null,"('0036-S-2012', 6)":null},"Palabra Clave":{"('0036-S-2012', 0)":" ","('0036-S-2012', 1)":null,"('0036-S-2012', 2)":null,"('0036-S-2012', 3)":null,"('0036-S-2012', 4)":null,"('0036-S-2012', 5)":null,"('0036-S-2012', 6)":null}}