{"Tipo de Proyecto":{"('0037-D-2012', 0)":"PROYECTO DE LEY","('0037-D-2012', 1)":null,"('0037-D-2012', 2)":null},"Iniciado en: ":{"('0037-D-2012', 0)":"Diputados","('0037-D-2012', 1)":null,"('0037-D-2012', 2)":null},"Expediente Diputados: ":{"('0037-D-2012', 0)":"0037-D-2012","('0037-D-2012', 1)":null,"('0037-D-2012', 2)":null},"Publicado en: ":{"('0037-D-2012', 0)":"Tr\u00e1mite Parlamentario N\u00b0 1","('0037-D-2012', 1)":null,"('0037-D-2012', 2)":null},"Fecha: ":{"('0037-D-2012', 0)":"01\/03\/2012","('0037-D-2012', 1)":null,"('0037-D-2012', 2)":null},"T\u00edtulo":{"('0037-D-2012', 0)":"EDIFICIOS PUBLICOS: INFORMACION EN SISTEMA BRAILLE EN EL INTERIOR Y EXTERIOR.","('0037-D-2012', 1)":null,"('0037-D-2012', 2)":null},"('Firmantes', 'FIRMANTE')":{"('0037-D-2012', 0)":"GUZMAN, OLGA ELIZABETH","('0037-D-2012', 1)":null,"('0037-D-2012', 2)":null},"('Firmantes', 'DISTRITO')":{"('0037-D-2012', 0)":"NEUQUEN","('0037-D-2012', 1)":null,"('0037-D-2012', 2)":null},"('Firmantes', 'BLOQUE')":{"('0037-D-2012', 0)":"MOV POP NEUQUINO","('0037-D-2012', 1)":null,"('0037-D-2012', 2)":null},"('Giros', 'COMISI\u00d3N')":{"('0037-D-2012', 0)":"DISCAPACIDAD","('0037-D-2012', 1)":"OBRAS PUBLICAS","('0037-D-2012', 2)":"PRESUPUESTO Y HACIENDA"},"Sumario":{"('0037-D-2012', 0)":"INFORMACION.","('0037-D-2012', 1)":null,"('0037-D-2012', 2)":null},"Palabra Clave":{"('0037-D-2012', 0)":" ","('0037-D-2012', 1)":null,"('0037-D-2012', 2)":null}}