{"Tipo de Proyecto":{"('0037-PE-2012', 0)":"MENSAJE NRO: ____\/__"},"Iniciado en: ":{"('0037-PE-2012', 0)":"Senado"},"Expediente Senado: ":{"('0037-PE-2012', 0)":"0037-PE-2012"},"Fecha: ":{"('0037-PE-2012', 0)":"26\/09\/2012"},"T\u00edtulo":{"('0037-PE-2012', 0)":"DICTAMEN EN LA RESOLUCION REMITIDA POR LA JEFATURA DE GABINETE DE MINISTROS, SOBRE INFORME DEL MINISTERIO DE DESARROLLO SOCIAL RELACIONADA CON EL INFORME DE REVISION LIMITADA CORRESPONDIENTE A LOTERIA NACIONAL SE."},"('Firmantes', 'FIRMANTE')":{"('0037-PE-2012', 0)":"PARLAMENTARIA MIXTA REVISORA DE CUENTAS"},"('Firmantes', 'DISTRITO')":{"('0037-PE-2012', 0)":null},"('Firmantes', 'BLOQUE')":{"('0037-PE-2012', 0)":null},"('Tramites', 'C\u00c1MARA')":{"('0037-PE-2012', 0)":"Senado"},"('Tramites', 'MOVIMIENTO')":{"('0037-PE-2012', 0)":"CONSIDERACION Y APROBACION"},"('Tramites', 'FECHA')":{"('0037-PE-2012', 0)":"14\/11\/2012"},"('Tramites', 'RESULTADO')":{"('0037-PE-2012', 0)":"APROBADO"},"Sumario":{"('0037-PE-2012', 0)":"HABIENDO TOMADO CONOCIMIENTO, Y SIN PERJUICIO DE ULTERIORES MEDIDAS QUE PUEDAN ADOPTARSE, SE ACONSEJA SU REMISION AL ARCHIVO"},"Palabra Clave":{"('0037-PE-2012', 0)":" "}}