{"Tipo de Proyecto":{"('0037-S-2012', 0)":"PROYECTO DE DECLARACI\u00d3N"},"Iniciado en: ":{"('0037-S-2012', 0)":"Senado"},"Expediente Senado: ":{"('0037-S-2012', 0)":"0037-S-2012"},"Publicado en: ":{"('0037-S-2012', 0)":"Diario de Asuntos Entrados N\u00b0 3"},"Fecha: ":{"('0037-S-2012', 0)":"02\/03\/2012"},"T\u00edtulo":{"('0037-S-2012', 0)":"ADHERIR AL 73 ANIVERSARIO DE LA FUNDACION DE LA UNIVERSIDAD NACIONAL DE CUYO."},"('Firmantes', 'FIRMANTE')":{"('0037-S-2012', 0)":"BERMEJO, ROLANDO ADOLFO"},"('Firmantes', 'DISTRITO')":{"('0037-S-2012', 0)":"MENDOZA"},"('Firmantes', 'BLOQUE')":{"('0037-S-2012', 0)":"FRENTE PARA LA VICTORIA - PJ"},"('Tramites', 'C\u00c1MARA')":{"('0037-S-2012', 0)":"Senado"},"('Tramites', 'MOVIMIENTO')":{"('0037-S-2012', 0)":"CONSIDERACION Y APROBACION"},"('Tramites', 'FECHA')":{"('0037-S-2012', 0)":"16\/05\/2012"},"('Tramites', 'RESULTADO')":{"('0037-S-2012', 0)":"APROBADO"},"Link":{"('0037-S-2012', 0)":"http:\/\/www.senado.gov.ar\/parlamentario\/comisiones\/verExp\/37.12\/S\/PD"},"Palabra Clave":{"('0037-S-2012', 0)":" "}}