{"Tipo de Proyecto":{"('0038-S-2012', 0)":"MENSAJE NRO: 0487\/12 Y PROYECTO DE LEY","('0038-S-2012', 1)":null,"('0038-S-2012', 2)":null,"('0038-S-2012', 3)":null,"('0038-S-2012', 4)":null,"('0038-S-2012', 5)":null},"Iniciado en: ":{"('0038-S-2012', 0)":"Senado","('0038-S-2012', 1)":null,"('0038-S-2012', 2)":null,"('0038-S-2012', 3)":null,"('0038-S-2012', 4)":null,"('0038-S-2012', 5)":null},"Expediente Diputados: ":{"('0038-S-2012', 0)":"0038-S-2012","('0038-S-2012', 1)":null,"('0038-S-2012', 2)":null,"('0038-S-2012', 3)":null,"('0038-S-2012', 4)":null,"('0038-S-2012', 5)":null},"Expediente Senado: ":{"('0038-S-2012', 0)":"0025-PE-2012","('0038-S-2012', 1)":null,"('0038-S-2012', 2)":null,"('0038-S-2012', 3)":null,"('0038-S-2012', 4)":null,"('0038-S-2012', 5)":null},"Publicado en: ":{"('0038-S-2012', 0)":"Diario de Asuntos Entrados N\u00b0 48","('0038-S-2012', 1)":null,"('0038-S-2012', 2)":null,"('0038-S-2012', 3)":null,"('0038-S-2012', 4)":null,"('0038-S-2012', 5)":null},"Fecha: ":{"('0038-S-2012', 0)":"29\/03\/2012","('0038-S-2012', 1)":null,"('0038-S-2012', 2)":null,"('0038-S-2012', 3)":null,"('0038-S-2012', 4)":null,"('0038-S-2012', 5)":null},"T\u00edtulo":{"('0038-S-2012', 0)":"APROBACION DEL ACUERDO DE COOPERACION CON EL GOBIERNO DEL REINO DE ARABIA SAUDITA SOBRE LOS USOS PACIFICOS DE LA ENERGIA NUCLEAR CELEBRADO EN RIAD - REINO DE ARABIA SAUDITA - EL 28 DE JUNIO DE 2011.","('0038-S-2012', 1)":null,"('0038-S-2012', 2)":null,"('0038-S-2012', 3)":null,"('0038-S-2012', 4)":null,"('0038-S-2012', 5)":null},"('Firmantes', 'FIRMANTE')":{"('0038-S-2012', 0)":"FERNANDEZ DE KIRCHNER, CRISTINA","('0038-S-2012', 1)":"ABAL MEDINA, JUAN MANUEL","('0038-S-2012', 2)":"TIMERMAN, HECTOR MARCOS","('0038-S-2012', 3)":null,"('0038-S-2012', 4)":null,"('0038-S-2012', 5)":null},"('Firmantes', 'DISTRITO')":{"('0038-S-2012', 0)":null,"('0038-S-2012', 1)":null,"('0038-S-2012', 2)":null,"('0038-S-2012', 3)":null,"('0038-S-2012', 4)":null,"('0038-S-2012', 5)":null},"('Firmantes', 'BLOQUE')":{"('0038-S-2012', 0)":"PODER EJECUTIVO","('0038-S-2012', 1)":"PODER EJECUTIVO","('0038-S-2012', 2)":"PODER EJECUTIVO","('0038-S-2012', 3)":null,"('0038-S-2012', 4)":null,"('0038-S-2012', 5)":null},"('Giros', 'COMISI\u00d3N')":{"('0038-S-2012', 0)":"RELACIONES EXTERIORES Y CULTO","('0038-S-2012', 1)":"ENERGIA Y COMBUSTIBLES","('0038-S-2012', 2)":null,"('0038-S-2012', 3)":null,"('0038-S-2012', 4)":null,"('0038-S-2012', 5)":null},"('Tramites', 'C\u00c1MARA')":{"('0038-S-2012', 0)":"Senado","('0038-S-2012', 1)":"Senado","('0038-S-2012', 2)":"Diputados","('0038-S-2012', 3)":"Diputados","('0038-S-2012', 4)":"Diputados","('0038-S-2012', 5)":"Diputados"},"('Tramites', 'MOVIMIENTO')":{"('0038-S-2012', 0)":"MOCION SOBRE TABLAS (AFIRMATIVA)","('0038-S-2012', 1)":"CONSIDERACION Y APROBACION","('0038-S-2012', 2)":"PASA A DIPUTADOS -","('0038-S-2012', 3)":"CITACION SESION ESPECIAL","('0038-S-2012', 4)":"CONSIDERACION Y SANCION","('0038-S-2012', 5)":"INSERCIONES"},"('Tramites', 'FECHA')":{"('0038-S-2012', 0)":"16\/05\/2012","('0038-S-2012', 1)":"16\/05\/2012","('0038-S-2012', 2)":null,"('0038-S-2012', 3)":"10\/10\/2012","('0038-S-2012', 4)":"10\/10\/2012","('0038-S-2012', 5)":"10\/10\/2012"},"('Tramites', 'RESULTADO')":{"('0038-S-2012', 0)":null,"('0038-S-2012', 1)":"MEDIA SANCION","('0038-S-2012', 2)":null,"('0038-S-2012', 3)":null,"('0038-S-2012', 4)":"SANCIONADO","('0038-S-2012', 5)":null},"Link":{"('0038-S-2012', 0)":"https:\/\/www4.hcdn.gob.ar\/dependencias\/dsecretaria\/Periodo2012\/PDF2012\/TP2012\/0038-S-12.pdf","('0038-S-2012', 1)":null,"('0038-S-2012', 2)":null,"('0038-S-2012', 3)":null,"('0038-S-2012', 4)":null,"('0038-S-2012', 5)":null},"Palabra Clave":{"('0038-S-2012', 0)":" ","('0038-S-2012', 1)":null,"('0038-S-2012', 2)":null,"('0038-S-2012', 3)":null,"('0038-S-2012', 4)":null,"('0038-S-2012', 5)":null}}