{"Tipo de Proyecto":{"('0038-D-2012', 0)":"PROYECTO DE LEY","('0038-D-2012', 1)":null,"('0038-D-2012', 2)":null},"Iniciado en: ":{"('0038-D-2012', 0)":"Diputados","('0038-D-2012', 1)":null,"('0038-D-2012', 2)":null},"Expediente Diputados: ":{"('0038-D-2012', 0)":"0038-D-2012","('0038-D-2012', 1)":null,"('0038-D-2012', 2)":null},"Publicado en: ":{"('0038-D-2012', 0)":"Tr\u00e1mite Parlamentario N\u00b0 1","('0038-D-2012', 1)":null,"('0038-D-2012', 2)":null},"Fecha: ":{"('0038-D-2012', 0)":"01\/03\/2012","('0038-D-2012', 1)":null,"('0038-D-2012', 2)":null},"T\u00edtulo":{"('0038-D-2012', 0)":"CARTELERIA TACTIL: OBLIGATORIEDAD DE SU DISPOSICION EN ESPACIOS PUBLICOS.","('0038-D-2012', 1)":null,"('0038-D-2012', 2)":null},"('Firmantes', 'FIRMANTE')":{"('0038-D-2012', 0)":"GUZMAN, OLGA ELIZABETH","('0038-D-2012', 1)":null,"('0038-D-2012', 2)":null},"('Firmantes', 'DISTRITO')":{"('0038-D-2012', 0)":"NEUQUEN","('0038-D-2012', 1)":null,"('0038-D-2012', 2)":null},"('Firmantes', 'BLOQUE')":{"('0038-D-2012', 0)":"MOV POP NEUQUINO","('0038-D-2012', 1)":null,"('0038-D-2012', 2)":null},"('Giros', 'COMISI\u00d3N')":{"('0038-D-2012', 0)":"DISCAPACIDAD","('0038-D-2012', 1)":"TRANSPORTES","('0038-D-2012', 2)":"PRESUPUESTO Y HACIENDA"},"Sumario":{"('0038-D-2012', 0)":"LECTOESCRITURA BRAILLE Y\/O GIGANTOGRAFIA TACTIL; ESTACIONES DE TREN, SUBTE.","('0038-D-2012', 1)":null,"('0038-D-2012', 2)":null},"Palabra Clave":{"('0038-D-2012', 0)":" ","('0038-D-2012', 1)":null,"('0038-D-2012', 2)":null}}