{"Tipo de Proyecto":{"('0040-PE-2012', 0)":"MENSAJE NRO: ____\/__"},"Iniciado en: ":{"('0040-PE-2012', 0)":"Senado"},"Expediente Senado: ":{"('0040-PE-2012', 0)":"0040-PE-2012"},"Publicado en: ":{"('0040-PE-2012', 0)":"Diario de Asuntos Entrados N\u00b0 0"},"Fecha: ":{"('0040-PE-2012', 0)":"23\/10\/2013"},"T\u00edtulo":{"('0040-PE-2012', 0)":"DICTAMEN EN LA RESPUESTA REMITIDA POR LA JEFATURA DE GABINETE DE MINISTROS EN RELACION A LA RESOLUCION 0092-OV-09 (0032-S-11), APROBADA POR EL H. CONGRESO DE LA NACION; RESPECTO A LOS ESTADOS FINANCIEROS AL 31 DE DICIEMBRE DE 2008 CORRESPONDIENTES AL PROGRAMA DE GESTION AMBIENTAL DE LA CUENCA MATANZA - RIACHUELO - CONVENIO DE PRESTAMO NUMERO 1059\/OC-AR (BID)."},"('Firmantes', 'FIRMANTE')":{"('0040-PE-2012', 0)":"PARLAMENTARIA MIXTA REVISORA DE CUENTAS"},"('Firmantes', 'DISTRITO')":{"('0040-PE-2012', 0)":null},"('Firmantes', 'BLOQUE')":{"('0040-PE-2012', 0)":null},"('Tramites', 'C\u00c1MARA')":{"('0040-PE-2012', 0)":"Senado"},"('Tramites', 'MOVIMIENTO')":{"('0040-PE-2012', 0)":"CONSIDERACION Y APROBACION (AL ARCHIVO)"},"('Tramites', 'FECHA')":{"('0040-PE-2012', 0)":"10\/12\/2014"},"('Tramites', 'RESULTADO')":{"('0040-PE-2012', 0)":"APROBADO"},"Sumario":{"('0040-PE-2012', 0)":"HABIENDO TOMADO CONOCIMIENTO, Y SIN PERJUICIO DE ULTERIORES MEDIDAS QUE PUEDAN ADOPTARSE, SE ACONSEJA SU REMISION AL ARCHIVO, PREVIA REMISION DE COPIA DE ANTECEDENTES AL ORGANO DE CONTROL."},"Palabra Clave":{"('0040-PE-2012', 0)":" "}}