{"Tipo de Proyecto":{"('0042-PE-2012', 0)":"MENSAJE NRO: ____\/__"},"Iniciado en: ":{"('0042-PE-2012', 0)":"Senado"},"Expediente Senado: ":{"('0042-PE-2012', 0)":"0042-PE-2012"},"Fecha: ":{"('0042-PE-2012', 0)":"26\/09\/2012"},"T\u00edtulo":{"('0042-PE-2012', 0)":"DICTAMEN EN LA RESOLUCION REMITIDA POR LA JEFATURA DE GABINETE DE MINISTROS, COMUNICACION DE LA SECRETARIA DE AMBIENTE Y DESARROLLO SUSTENTABLE, SOBRE EL INFORME REFERIDO A LA DIRECCION DE PREVENCION Y GESTION DE LA CONTAMINACION, RELACIONADO AL EXAMEN SOBRE EL EJERCICIO DEL PODER DE POLICIA EN MATERIA DE CONTAMINACION HIDRICA INDUSTRIAL, ASIGNADO POR LOS DECRETOS NACIONALES 776\/92 Y 674\/89."},"('Firmantes', 'FIRMANTE')":{"('0042-PE-2012', 0)":"PARLAMENTARIA MIXTA REVISORA DE CUENTAS"},"('Firmantes', 'DISTRITO')":{"('0042-PE-2012', 0)":null},"('Firmantes', 'BLOQUE')":{"('0042-PE-2012', 0)":null},"('Tramites', 'C\u00c1MARA')":{"('0042-PE-2012', 0)":"Senado"},"('Tramites', 'MOVIMIENTO')":{"('0042-PE-2012', 0)":"CONSIDERACION Y APROBACION"},"('Tramites', 'FECHA')":{"('0042-PE-2012', 0)":"14\/11\/2012"},"('Tramites', 'RESULTADO')":{"('0042-PE-2012', 0)":"APROBADO"},"Sumario":{"('0042-PE-2012', 0)":"HABIENDO TOMADO CONOCIMIENTO, Y SIN PERJUICIO DE ULTERIORES MEDIDAS QUE PUEDAN ADOPTARSE, SE ACONSEJA SU REMISION AL ARCHIVO."},"Palabra Clave":{"('0042-PE-2012', 0)":" "}}