{"Tipo de Proyecto":{"('0042-D-2012', 0)":"PROYECTO DE LEY","('0042-D-2012', 1)":null,"('0042-D-2012', 2)":null},"Iniciado en: ":{"('0042-D-2012', 0)":"Diputados","('0042-D-2012', 1)":null,"('0042-D-2012', 2)":null},"Expediente Diputados: ":{"('0042-D-2012', 0)":"0042-D-2012","('0042-D-2012', 1)":null,"('0042-D-2012', 2)":null},"Publicado en: ":{"('0042-D-2012', 0)":"Tr\u00e1mite Parlamentario N\u00b0 1","('0042-D-2012', 1)":null,"('0042-D-2012', 2)":null},"Fecha: ":{"('0042-D-2012', 0)":"01\/03\/2012","('0042-D-2012', 1)":null,"('0042-D-2012', 2)":null},"T\u00edtulo":{"('0042-D-2012', 0)":"DERECHOS EN LOS ESTABLECIMIENTOS DE SALUD PUBLICA Y PRIVADA, DURANTE EL PROCESO DE NACIMIENTO - LEY 25929 -. MODIFICACION DEL ARTICULO 2, SOBRE GRATUIDAD DE LA PERMANENCIA DEL ACOMPA\u00d1ANTE DE LA MUJER EN SITUACION DE PARTO.","('0042-D-2012', 1)":null,"('0042-D-2012', 2)":null},"('Firmantes', 'FIRMANTE')":{"('0042-D-2012', 0)":"GUZMAN, OLGA ELIZABETH","('0042-D-2012', 1)":null,"('0042-D-2012', 2)":null},"('Firmantes', 'DISTRITO')":{"('0042-D-2012', 0)":"NEUQUEN","('0042-D-2012', 1)":null,"('0042-D-2012', 2)":null},"('Firmantes', 'BLOQUE')":{"('0042-D-2012', 0)":"MOV POP NEUQUINO","('0042-D-2012', 1)":null,"('0042-D-2012', 2)":null},"('Giros', 'COMISI\u00d3N')":{"('0042-D-2012', 0)":"ACCION SOCIAL Y SALUD PUBLICA","('0042-D-2012', 1)":"FAMILIA, MUJER, NI\u00d1EZ Y ADOLESCENCIA","('0042-D-2012', 2)":"PRESUPUESTO Y HACIENDA"},"Link":{"('0042-D-2012', 0)":"https:\/\/www.hcdn.gob.ar\/proyectos\/textoCompleto.jsp?exp=0042-D-2012&tipo=LEY","('0042-D-2012', 1)":null,"('0042-D-2012', 2)":null},"Palabra Clave":{"('0042-D-2012', 0)":" ","('0042-D-2012', 1)":null,"('0042-D-2012', 2)":null}}