{"Tipo de Proyecto":{"('0043-D-2012', 0)":"PROYECTO DE LEY","('0043-D-2012', 1)":null,"('0043-D-2012', 2)":null},"Iniciado en: ":{"('0043-D-2012', 0)":"Diputados","('0043-D-2012', 1)":null,"('0043-D-2012', 2)":null},"Expediente Diputados: ":{"('0043-D-2012', 0)":"0043-D-2012","('0043-D-2012', 1)":null,"('0043-D-2012', 2)":null},"Publicado en: ":{"('0043-D-2012', 0)":"Tr\u00e1mite Parlamentario N\u00b0 1","('0043-D-2012', 1)":null,"('0043-D-2012', 2)":null},"Fecha: ":{"('0043-D-2012', 0)":"01\/03\/2012","('0043-D-2012', 1)":null,"('0043-D-2012', 2)":null},"T\u00edtulo":{"('0043-D-2012', 0)":"SISTEMA DE PROTECCION INTEGRAL DE PERSONAS CON DISCAPACIDAD  - LEY 22431: MODIFICACION DEL ARTICULO 20,  SOBRE INTEGRACION DE LAS PERSONAS CON MOVILIDAD REDUCIDA EN PARQUES, JARDINES, PLAZAS Y ESPACIOS LIBRES.","('0043-D-2012', 1)":null,"('0043-D-2012', 2)":null},"('Firmantes', 'FIRMANTE')":{"('0043-D-2012', 0)":"GUZMAN, OLGA ELIZABETH","('0043-D-2012', 1)":null,"('0043-D-2012', 2)":null},"('Firmantes', 'DISTRITO')":{"('0043-D-2012', 0)":"NEUQUEN","('0043-D-2012', 1)":null,"('0043-D-2012', 2)":null},"('Firmantes', 'BLOQUE')":{"('0043-D-2012', 0)":"MOV POP NEUQUINO","('0043-D-2012', 1)":null,"('0043-D-2012', 2)":null},"('Giros', 'COMISI\u00d3N')":{"('0043-D-2012', 0)":"DISCAPACIDAD","('0043-D-2012', 1)":"FAMILIA, MUJER, NI\u00d1EZ Y ADOLESCENCIA","('0043-D-2012', 2)":"PRESUPUESTO Y HACIENDA"},"Sumario":{"('0043-D-2012', 0)":"SUSTITUCION DEL INCISO C) DEL ARTICULO 20.","('0043-D-2012', 1)":null,"('0043-D-2012', 2)":null},"Palabra Clave":{"('0043-D-2012', 0)":" ","('0043-D-2012', 1)":null,"('0043-D-2012', 2)":null}}