{"Tipo de Proyecto":{"('0045-S-2012', 0)":"PROYECTO DE LEY"},"Iniciado en: ":{"('0045-S-2012', 0)":"Senado"},"Expediente Senado: ":{"('0045-S-2012', 0)":"0045-S-2012"},"Publicado en: ":{"('0045-S-2012', 0)":"Diario de Asuntos Entrados N\u00b0 4"},"Fecha: ":{"('0045-S-2012', 0)":"02\/03\/2012"},"T\u00edtulo":{"('0045-S-2012', 0)":"OBLIGATORIEDAD DE INCLUIR UN PLAN DE FORESTACION A TODA OBRA DE CONSTRUCCION, REPAVIMENTACION O MEJORA DE UNA RUTA NACIONAL."},"('Firmantes', 'FIRMANTE')":{"('0045-S-2012', 0)":"BERMEJO, ROLANDO ADOLFO"},"('Firmantes', 'DISTRITO')":{"('0045-S-2012', 0)":"MENDOZA"},"('Firmantes', 'BLOQUE')":{"('0045-S-2012', 0)":"FRENTE PARA LA VICTORIA - PJ"},"('Tramites', 'C\u00c1MARA')":{"('0045-S-2012', 0)":"Senado"},"('Tramites', 'MOVIMIENTO')":{"('0045-S-2012', 0)":"REPRODUCIDO POR EXPEDIENTE 0007-S-14"},"('Tramites', 'FECHA')":{"('0045-S-2012', 0)":null},"('Tramites', 'RESULTADO')":{"('0045-S-2012', 0)":null},"Link":{"('0045-S-2012', 0)":"http:\/\/www.senado.gov.ar\/parlamentario\/comisiones\/verExp\/45.12\/S\/PL"},"Palabra Clave":{"('0045-S-2012', 0)":" "}}