{"Tipo de Proyecto":{"('0046-D-2012', 0)":"PROYECTO DE LEY","('0046-D-2012', 1)":null},"Iniciado en: ":{"('0046-D-2012', 0)":"Diputados","('0046-D-2012', 1)":null},"Expediente Diputados: ":{"('0046-D-2012', 0)":"0046-D-2012","('0046-D-2012', 1)":null},"Publicado en: ":{"('0046-D-2012', 0)":"Tr\u00e1mite Parlamentario N\u00b0 1","('0046-D-2012', 1)":null},"Fecha: ":{"('0046-D-2012', 0)":"01\/03\/2012","('0046-D-2012', 1)":null},"T\u00edtulo":{"('0046-D-2012', 0)":"DEFENSA DEL CONSUMIDOR, LEY 24240: INCORPORACION DEL ARTICULO 10 QUATER, SOBRE PROHIBICION DE LA MODIFICACION DEL CONTRATO POR PARTE DEL PRESTADOR DEL SERVICIO DE TELEFONIA MOVIL DERIVADOS DE ACTUALIZACION TECNOLOGICA (REPRODUCCION DEL EXPEDIENTE 0046-D-10).","('0046-D-2012', 1)":null},"('Firmantes', 'FIRMANTE')":{"('0046-D-2012', 0)":"COMELLI, ALICIA MARCELA","('0046-D-2012', 1)":null},"('Firmantes', 'DISTRITO')":{"('0046-D-2012', 0)":"NEUQUEN","('0046-D-2012', 1)":null},"('Firmantes', 'BLOQUE')":{"('0046-D-2012', 0)":"MOV POP NEUQUINO","('0046-D-2012', 1)":null},"('Giros', 'COMISI\u00d3N')":{"('0046-D-2012', 0)":"DEFENSA DEL CONSUMIDOR, DEL USUARIO Y DE LA COMPETENCIA","('0046-D-2012', 1)":"COMUNICACIONES E INFORMATICA"},"('Tramites', 'C\u00c1MARA')":{"('0046-D-2012', 0)":"Diputados","('0046-D-2012', 1)":null},"('Tramites', 'MOVIMIENTO')":{"('0046-D-2012', 0)":"REPRODUCIDO POR EXPEDIENTE 0323-D-14","('0046-D-2012', 1)":null},"('Tramites', 'FECHA')":{"('0046-D-2012', 0)":null,"('0046-D-2012', 1)":null},"('Tramites', 'RESULTADO')":{"('0046-D-2012', 0)":null,"('0046-D-2012', 1)":null},"Palabra Clave":{"('0046-D-2012', 0)":" ","('0046-D-2012', 1)":null}}