{"Tipo de Proyecto":{"('0046-PE-2012', 0)":"MENSAJE NRO: ____\/__"},"Iniciado en: ":{"('0046-PE-2012', 0)":"Senado"},"Expediente Senado: ":{"('0046-PE-2012', 0)":"0046-PE-2012"},"Fecha: ":{"('0046-PE-2012', 0)":"30\/11\/2012"},"T\u00edtulo":{"('0046-PE-2012', 0)":"DICTAMEN EN LA RESOLUCION REMITIDA POR LA JEFATURA DE GABINETE DE MINISTROS; SOBRE INFORME DEL MINISTERIO DE ECONOMIA Y FINANZAS PUBLICAS RELACIONADA CON EL SISTEMA DE CONTROL INTERNO CONTABLE DE NACION SEGUROS DE RETIRO SA (REF: EXPEDIENTES RESERVADOS 0250-OV-07, 0251-OV-07 Y 0327-OV-07)."},"('Firmantes', 'FIRMANTE')":{"('0046-PE-2012', 0)":"PARLAMENTARIA MIXTA REVISORA DE CUENTAS"},"('Firmantes', 'DISTRITO')":{"('0046-PE-2012', 0)":null},"('Firmantes', 'BLOQUE')":{"('0046-PE-2012', 0)":null},"('Tramites', 'C\u00c1MARA')":{"('0046-PE-2012', 0)":"Senado"},"('Tramites', 'MOVIMIENTO')":{"('0046-PE-2012', 0)":"CONSIDERACION Y APROBACION (AL ARCHIVO)"},"('Tramites', 'FECHA')":{"('0046-PE-2012', 0)":"10\/12\/2014"},"('Tramites', 'RESULTADO')":{"('0046-PE-2012', 0)":"APROBADO"},"Sumario":{"('0046-PE-2012', 0)":"HABIENDO TOMADO CONOCIMIENTO, Y SIN PERJUICIO DE ULTERIORES MEDIDAS QUE PUEDAN ADOPTARSE, SE ACONSEJA SU REMISION AL ARCHIVO."},"Palabra Clave":{"('0046-PE-2012', 0)":" "}}