{"Tipo de Proyecto":{"('0047-S-2012', 0)":"PROYECTO DE LEY"},"Iniciado en: ":{"('0047-S-2012', 0)":"Senado"},"Expediente Senado: ":{"('0047-S-2012', 0)":"0047-S-2012"},"Publicado en: ":{"('0047-S-2012', 0)":"Diario de Asuntos Entrados N\u00b0 4"},"Fecha: ":{"('0047-S-2012', 0)":"02\/03\/2012"},"T\u00edtulo":{"('0047-S-2012', 0)":"MODIFICACION DEL ARTICULO 94 DEL CODIGO ELECTORAL, LEY 19945; RESPECTO DE ASISTIR A PERSONAS NO VIDENTES O QUE TUVIEREN ALGUNA IMPOSIBILIDAD CONCRETA PARA EFECTUAR TODOS O ALGUNOS DE LOS MOVIMIENTOS PROPIOS PARA SUFRAGAR"},"('Firmantes', 'FIRMANTE')":{"('0047-S-2012', 0)":"BERMEJO, ROLANDO ADOLFO"},"('Firmantes', 'DISTRITO')":{"('0047-S-2012', 0)":"MENDOZA"},"('Firmantes', 'BLOQUE')":{"('0047-S-2012', 0)":"FRENTE PARA LA VICTORIA - PJ"},"('Tramites', 'C\u00c1MARA')":{"('0047-S-2012', 0)":"Senado"},"('Tramites', 'MOVIMIENTO')":{"('0047-S-2012', 0)":"REPRODUCIDO POR EXPEDIENTE 0009-S-14"},"('Tramites', 'FECHA')":{"('0047-S-2012', 0)":null},"('Tramites', 'RESULTADO')":{"('0047-S-2012', 0)":null},"Link":{"('0047-S-2012', 0)":"http:\/\/www.senado.gov.ar\/parlamentario\/comisiones\/verExp\/47.12\/S\/PL"},"Palabra Clave":{"('0047-S-2012', 0)":" "}}