{"Tipo de Proyecto":{"('0049-D-2012', 0)":"PROYECTO DE LEY","('0049-D-2012', 1)":null},"Iniciado en: ":{"('0049-D-2012', 0)":"Diputados","('0049-D-2012', 1)":null},"Expediente Diputados: ":{"('0049-D-2012', 0)":"0049-D-2012","('0049-D-2012', 1)":null},"Publicado en: ":{"('0049-D-2012', 0)":"Tr\u00e1mite Parlamentario N\u00b0 1","('0049-D-2012', 1)":null},"Fecha: ":{"('0049-D-2012', 0)":"01\/03\/2012","('0049-D-2012', 1)":null},"T\u00edtulo":{"('0049-D-2012', 0)":"MINISTERIO PUBLICO, LEY 24946: INCORPORACION DEL INCISO K) AL ARTICULO 45 (EJERCICIO DE LA ACCION PUBLICA)  (REPRODUCCION DEL EXPEDIENTE 0051-D-10).","('0049-D-2012', 1)":null},"('Firmantes', 'FIRMANTE')":{"('0049-D-2012', 0)":"COMELLI, ALICIA MARCELA","('0049-D-2012', 1)":null},"('Firmantes', 'DISTRITO')":{"('0049-D-2012', 0)":"NEUQUEN","('0049-D-2012', 1)":null},"('Firmantes', 'BLOQUE')":{"('0049-D-2012', 0)":"MOV POP NEUQUINO","('0049-D-2012', 1)":null},"('Giros', 'COMISI\u00d3N')":{"('0049-D-2012', 0)":"JUSTICIA","('0049-D-2012', 1)":"LEGISLACION PENAL"},"('Tramites', 'C\u00c1MARA')":{"('0049-D-2012', 0)":"Diputados","('0049-D-2012', 1)":null},"('Tramites', 'MOVIMIENTO')":{"('0049-D-2012', 0)":"REPRODUCIDO POR EXPEDIENTE 0326-D-14","('0049-D-2012', 1)":null},"('Tramites', 'FECHA')":{"('0049-D-2012', 0)":null,"('0049-D-2012', 1)":null},"('Tramites', 'RESULTADO')":{"('0049-D-2012', 0)":null,"('0049-D-2012', 1)":null},"Palabra Clave":{"('0049-D-2012', 0)":" ","('0049-D-2012', 1)":null}}