{"Tipo de Proyecto":{"('0049-S-2012', 0)":"DECRETO"},"Iniciado en: ":{"('0049-S-2012', 0)":"Senado"},"Expediente Senado: ":{"('0049-S-2012', 0)":"0049-S-2012"},"Publicado en: ":{"('0049-S-2012', 0)":"Diario de Asuntos Entrados N\u00b0 4"},"Fecha: ":{"('0049-S-2012', 0)":"02\/03\/2012"},"T\u00edtulo":{"('0049-S-2012', 0)":"UTILIZACION DEL SISTEMA INTEGRADO DE SEGUIMIENTO DE LA DOCUMENTACION DE LA ADMINISTRACION PUBLICA COMDOC III, PARA PRESENTACION DE PROYECTOS Y DICTAMENES PARLAMENTARIOS."},"('Firmantes', 'FIRMANTE')":{"('0049-S-2012', 0)":"BERMEJO, ROLANDO ADOLFO"},"('Firmantes', 'DISTRITO')":{"('0049-S-2012', 0)":"MENDOZA"},"('Firmantes', 'BLOQUE')":{"('0049-S-2012', 0)":"FRENTE PARA LA VICTORIA - PJ"},"Sumario":{"('0049-S-2012', 0)":"MODIFICACION DEL ARTICULO 132 DEL REGLAMENTO DE LA CAMARA."},"Palabra Clave":{"('0049-S-2012', 0)":" "}}