{"Tipo de Proyecto":{"('0051-S-2012', 0)":"MENSAJE NRO: 0718\/12 Y PROYECTO DE LEY","('0051-S-2012', 1)":null,"('0051-S-2012', 2)":null},"Iniciado en: ":{"('0051-S-2012', 0)":"Senado","('0051-S-2012', 1)":null,"('0051-S-2012', 2)":null},"Expediente Diputados: ":{"('0051-S-2012', 0)":"0051-S-2012","('0051-S-2012', 1)":null,"('0051-S-2012', 2)":null},"Expediente Senado: ":{"('0051-S-2012', 0)":"0048-PE-2012","('0051-S-2012', 1)":null,"('0051-S-2012', 2)":null},"Publicado en: ":{"('0051-S-2012', 0)":"Diario de Asuntos Entrados N\u00b0 81","('0051-S-2012', 1)":null,"('0051-S-2012', 2)":null},"Fecha: ":{"('0051-S-2012', 0)":"15\/05\/2012","('0051-S-2012', 1)":null,"('0051-S-2012', 2)":null},"T\u00edtulo":{"('0051-S-2012', 0)":"APROBACION DEL TRATADO DE EXTRADICION ENTRE LA REPUBLICA ARGENTINA Y LOS ESTADOS UNIDOS MEXICANOS, CELEBRADO EN LA CIUDAD DE MEXICO EL 30 DE MAYO DE 2011.","('0051-S-2012', 1)":null,"('0051-S-2012', 2)":null},"('Firmantes', 'FIRMANTE')":{"('0051-S-2012', 0)":"FERNANDEZ DE KIRCHNER, CRISTINA","('0051-S-2012', 1)":"ABAL MEDINA, JUAN MANUEL","('0051-S-2012', 2)":"TIMERMAN, HECTOR MARCOS"},"('Firmantes', 'DISTRITO')":{"('0051-S-2012', 0)":null,"('0051-S-2012', 1)":null,"('0051-S-2012', 2)":null},"('Firmantes', 'BLOQUE')":{"('0051-S-2012', 0)":"PODER EJECUTIVO","('0051-S-2012', 1)":"PODER EJECUTIVO","('0051-S-2012', 2)":"PODER EJECUTIVO"},"('Giros', 'COMISI\u00d3N')":{"('0051-S-2012', 0)":"RELACIONES EXTERIORES Y CULTO","('0051-S-2012', 1)":"LEGISLACION PENAL","('0051-S-2012', 2)":null},"('Tramites', 'C\u00c1MARA')":{"('0051-S-2012', 0)":"Senado","('0051-S-2012', 1)":"Diputados","('0051-S-2012', 2)":"Diputados"},"('Tramites', 'MOVIMIENTO')":{"('0051-S-2012', 0)":"CONSIDERACION Y APROBACION","('0051-S-2012', 1)":"PASA A DIPUTADOS -","('0051-S-2012', 2)":"CONSIDERACION Y SANCION"},"('Tramites', 'FECHA')":{"('0051-S-2012', 0)":"04\/07\/2012","('0051-S-2012', 1)":null,"('0051-S-2012', 2)":"05\/06\/2013"},"('Tramites', 'RESULTADO')":{"('0051-S-2012', 0)":"MEDIA SANCION","('0051-S-2012', 1)":null,"('0051-S-2012', 2)":"SANCIONADO"},"Link":{"('0051-S-2012', 0)":"https:\/\/www4.hcdn.gob.ar\/dependencias\/dsecretaria\/Periodo2012\/PDF2012\/TP2012\/0051-S-12.pdf","('0051-S-2012', 1)":null,"('0051-S-2012', 2)":null},"Palabra Clave":{"('0051-S-2012', 0)":" ","('0051-S-2012', 1)":null,"('0051-S-2012', 2)":null}}