{"Tipo de Proyecto":{"('0052-D-2012', 0)":"PROYECTO DE LEY","('0052-D-2012', 1)":null},"Iniciado en: ":{"('0052-D-2012', 0)":"Diputados","('0052-D-2012', 1)":null},"Expediente Diputados: ":{"('0052-D-2012', 0)":"0052-D-2012","('0052-D-2012', 1)":null},"Publicado en: ":{"('0052-D-2012', 0)":"Tr\u00e1mite Parlamentario N\u00b0 1","('0052-D-2012', 1)":null},"Fecha: ":{"('0052-D-2012', 0)":"01\/03\/2012","('0052-D-2012', 1)":null},"T\u00edtulo":{"('0052-D-2012', 0)":"CODIGO CIVIL: MODIFICACION DEL ARTICULO 267 (OBLIGACION ALIMENTARIA, DEFINICION)  (REPRODUCCION DEL EXPEDIENTE 0055-D-10).","('0052-D-2012', 1)":null},"('Firmantes', 'FIRMANTE')":{"('0052-D-2012', 0)":"COMELLI, ALICIA MARCELA","('0052-D-2012', 1)":null},"('Firmantes', 'DISTRITO')":{"('0052-D-2012', 0)":"NEUQUEN","('0052-D-2012', 1)":null},"('Firmantes', 'BLOQUE')":{"('0052-D-2012', 0)":"MOV POP NEUQUINO","('0052-D-2012', 1)":null},"('Giros', 'COMISI\u00d3N')":{"('0052-D-2012', 0)":"LEGISLACION GENERAL","('0052-D-2012', 1)":"FAMILIA, MUJER, NI\u00d1EZ Y ADOLESCENCIA"},"('Tramites', 'C\u00c1MARA')":{"('0052-D-2012', 0)":"Diputados","('0052-D-2012', 1)":null},"('Tramites', 'MOVIMIENTO')":{"('0052-D-2012', 0)":"REPRODUCIDO POR EXPEDIENTE 0808-D-14","('0052-D-2012', 1)":null},"('Tramites', 'FECHA')":{"('0052-D-2012', 0)":null,"('0052-D-2012', 1)":null},"('Tramites', 'RESULTADO')":{"('0052-D-2012', 0)":null,"('0052-D-2012', 1)":null},"Palabra Clave":{"('0052-D-2012', 0)":" ","('0052-D-2012', 1)":null}}