{"Tipo de Proyecto":{"('0052-PE-2012', 0)":"MENSAJE NRO: ____\/__"},"Iniciado en: ":{"('0052-PE-2012', 0)":"Senado"},"Expediente Senado: ":{"('0052-PE-2012', 0)":"0052-PE-2012"},"Fecha: ":{"('0052-PE-2012', 0)":"26\/09\/2012"},"T\u00edtulo":{"('0052-PE-2012', 0)":"DICTAMEN EN LA RESOLUCION REMITIDA POR LA JEFATURA DE GABINETE DE MINISTROS, SOBRE INFORME DEL MINISTERIO DE SALUD SOBRE LOS ESTADOS FINANCIEROS DEL PROYECTO PNUD ARG\/98\/003, ACERCA DEL SISTEMA DE VIGILANCIA, PREVENCION Y CONTROL DE ENFERMEDADES EMERGENTES Y ENDEMICAS EN LA REPUBLICA ARGENTINA - EJERCICIO 9 AL 31\/12\/06."},"('Firmantes', 'FIRMANTE')":{"('0052-PE-2012', 0)":"PARLAMENTARIA MIXTA REVISORA DE CUENTAS"},"('Firmantes', 'DISTRITO')":{"('0052-PE-2012', 0)":null},"('Firmantes', 'BLOQUE')":{"('0052-PE-2012', 0)":null},"('Tramites', 'C\u00c1MARA')":{"('0052-PE-2012', 0)":"Senado"},"('Tramites', 'MOVIMIENTO')":{"('0052-PE-2012', 0)":"CONSIDERACION Y APROBACION"},"('Tramites', 'FECHA')":{"('0052-PE-2012', 0)":"14\/11\/2012"},"('Tramites', 'RESULTADO')":{"('0052-PE-2012', 0)":"APROBADO"},"Sumario":{"('0052-PE-2012', 0)":"HABIENDO TOMADO CONOCIMIENTO, Y SIN PERJUICIO DE ULTERIORES MEDIDAS QUE PUEDAN ADOPTARSE, SE ACONSEJA SU REMISION AL ARCHIVO."},"Palabra Clave":{"('0052-PE-2012', 0)":" "}}