{"Tipo de Proyecto":{"('0052-S-2012', 0)":"MENSAJE NRO: 0133\/12 Y PROYECTO DE LEY","('0052-S-2012', 1)":null,"('0052-S-2012', 2)":null},"Iniciado en: ":{"('0052-S-2012', 0)":"Senado","('0052-S-2012', 1)":null,"('0052-S-2012', 2)":null},"Expediente Diputados: ":{"('0052-S-2012', 0)":"0052-S-2012","('0052-S-2012', 1)":null,"('0052-S-2012', 2)":null},"Expediente Senado: ":{"('0052-S-2012', 0)":"0584-PE-2011","('0052-S-2012', 1)":null,"('0052-S-2012', 2)":null},"Publicado en: ":{"('0052-S-2012', 0)":"Diario de Asuntos Entrados N\u00b0 168","('0052-S-2012', 1)":null,"('0052-S-2012', 2)":null},"Fecha: ":{"('0052-S-2012', 0)":"07\/02\/2012","('0052-S-2012', 1)":null,"('0052-S-2012', 2)":null},"T\u00edtulo":{"('0052-S-2012', 0)":"APROBACION DEL CONVENIO DE SEGURIDAD SOCIAL ENTRE LA REPUBLICA ARGENTINA Y EL GRAN DUCADO DE LUXEMBURGO, CELEBRADO EN ALCALA DE HENARES -REINO DE ESPA\u00d1A- EL 13 DE MAYO DE 2010.","('0052-S-2012', 1)":null,"('0052-S-2012', 2)":null},"('Firmantes', 'FIRMANTE')":{"('0052-S-2012', 0)":"BOUDOU, AMADO","('0052-S-2012', 1)":"ABAL MEDINA, JUAN MANUEL","('0052-S-2012', 2)":"TIMERMAN, HECTOR MARCOS"},"('Firmantes', 'DISTRITO')":{"('0052-S-2012', 0)":null,"('0052-S-2012', 1)":null,"('0052-S-2012', 2)":null},"('Firmantes', 'BLOQUE')":{"('0052-S-2012', 0)":"PODER EJECUTIVO","('0052-S-2012', 1)":"PODER EJECUTIVO","('0052-S-2012', 2)":"PODER EJECUTIVO"},"('Giros', 'COMISI\u00d3N')":{"('0052-S-2012', 0)":"RELACIONES EXTERIORES Y CULTO","('0052-S-2012', 1)":"PREVISION Y SEGURIDAD SOCIAL","('0052-S-2012', 2)":null},"('Tramites', 'C\u00c1MARA')":{"('0052-S-2012', 0)":"Senado","('0052-S-2012', 1)":"Diputados","('0052-S-2012', 2)":"Diputados"},"('Tramites', 'MOVIMIENTO')":{"('0052-S-2012', 0)":"CONSIDERACION Y APROBACION","('0052-S-2012', 1)":"PASA A DIPUTADOS -","('0052-S-2012', 2)":"CONSIDERACION Y SANCION"},"('Tramites', 'FECHA')":{"('0052-S-2012', 0)":"04\/07\/2012","('0052-S-2012', 1)":null,"('0052-S-2012', 2)":"02\/07\/2014"},"('Tramites', 'RESULTADO')":{"('0052-S-2012', 0)":"MEDIA SANCION","('0052-S-2012', 1)":null,"('0052-S-2012', 2)":"SANCIONADO"},"Link":{"('0052-S-2012', 0)":"https:\/\/www4.hcdn.gob.ar\/dependencias\/dsecretaria\/Periodo2012\/PDF2012\/TP2012\/0052-S-12.pdf","('0052-S-2012', 1)":null,"('0052-S-2012', 2)":null},"Palabra Clave":{"('0052-S-2012', 0)":" ","('0052-S-2012', 1)":null,"('0052-S-2012', 2)":null}}