{"Tipo de Proyecto":{"('0053-PE-2012', 0)":"MENSAJE NRO: ____\/__"},"Iniciado en: ":{"('0053-PE-2012', 0)":"Senado"},"Expediente Senado: ":{"('0053-PE-2012', 0)":"0053-PE-2012"},"Fecha: ":{"('0053-PE-2012', 0)":"23\/11\/2012"},"T\u00edtulo":{"('0053-PE-2012', 0)":"DICTAMEN EN LA RESOLUCION REMITIDA POR LA JEFATURA DE GABINETE DE MINISTROS; RESPECTO DEL INFORME DEL MINISTERIO DE SALUD SOBRE LOS ESTADOS FINANCIEROS AL 31\/12\/07, DEL PROYECTO \"FUNCIONES ESPECIALES Y PROGRAMA DE SALUD PUBLICA - FESP\" CONVENIO DE PRESTAMO 7412 AR, BIRF. "},"('Firmantes', 'FIRMANTE')":{"('0053-PE-2012', 0)":"PARLAMENTARIA MIXTA REVISORA DE CUENTAS"},"('Firmantes', 'DISTRITO')":{"('0053-PE-2012', 0)":null},"('Firmantes', 'BLOQUE')":{"('0053-PE-2012', 0)":null},"('Tramites', 'C\u00c1MARA')":{"('0053-PE-2012', 0)":"Senado"},"('Tramites', 'MOVIMIENTO')":{"('0053-PE-2012', 0)":"CONSIDERACION Y APROBACION (AL ARCHIVO)"},"('Tramites', 'FECHA')":{"('0053-PE-2012', 0)":"10\/12\/2014"},"('Tramites', 'RESULTADO')":{"('0053-PE-2012', 0)":"APROBADO"},"Sumario":{"('0053-PE-2012', 0)":"HABIENDO TOMADO CONOCIMIENTO, Y SIN PERJUICIO DE ULTERIORES MEDIDAS QUE PUEDAN ADOPTARSE, SE ACONSEJA SU REMISION AL ARCHIVO."},"Palabra Clave":{"('0053-PE-2012', 0)":" "}}