{"Tipo de Proyecto":{"('0053-D-2012', 0)":"PROYECTO DE LEY","('0053-D-2012', 1)":null},"Iniciado en: ":{"('0053-D-2012', 0)":"Diputados","('0053-D-2012', 1)":null},"Expediente Diputados: ":{"('0053-D-2012', 0)":"0053-D-2012","('0053-D-2012', 1)":null},"Publicado en: ":{"('0053-D-2012', 0)":"Tr\u00e1mite Parlamentario N\u00b0 1","('0053-D-2012', 1)":null},"Fecha: ":{"('0053-D-2012', 0)":"01\/03\/2012","('0053-D-2012', 1)":null},"T\u00edtulo":{"('0053-D-2012', 0)":"LEY 24390: MODIFICACION DEL ARTICULO 10 (PLAZOS PARA LA PRISION PREVENTIVA, EXCLUSION EN LAS CAUSAS POR VIOLACION DE LOS DERECHOS HUMANOS)  (REPRODUCCION DEL EXPEDIENTE 0056-D-10).","('0053-D-2012', 1)":null},"('Firmantes', 'FIRMANTE')":{"('0053-D-2012', 0)":"COMELLI, ALICIA MARCELA","('0053-D-2012', 1)":null},"('Firmantes', 'DISTRITO')":{"('0053-D-2012', 0)":"NEUQUEN","('0053-D-2012', 1)":null},"('Firmantes', 'BLOQUE')":{"('0053-D-2012', 0)":"MOV POP NEUQUINO","('0053-D-2012', 1)":null},"('Giros', 'COMISI\u00d3N')":{"('0053-D-2012', 0)":"LEGISLACION PENAL","('0053-D-2012', 1)":"DERECHOS HUMANOS Y GARANTIAS"},"('Tramites', 'C\u00c1MARA')":{"('0053-D-2012', 0)":"Diputados","('0053-D-2012', 1)":null},"('Tramites', 'MOVIMIENTO')":{"('0053-D-2012', 0)":"REPRODUCIDO POR EXPEDIENTE 0809-D-14","('0053-D-2012', 1)":null},"('Tramites', 'FECHA')":{"('0053-D-2012', 0)":null,"('0053-D-2012', 1)":null},"('Tramites', 'RESULTADO')":{"('0053-D-2012', 0)":null,"('0053-D-2012', 1)":null},"Palabra Clave":{"('0053-D-2012', 0)":" ","('0053-D-2012', 1)":null}}