{"Tipo de Proyecto":{"('0054-S-2012', 0)":"MENSAJE NRO: 0488\/12 Y PROYECTO DE LEY","('0054-S-2012', 1)":null,"('0054-S-2012', 2)":null,"('0054-S-2012', 3)":null},"Iniciado en: ":{"('0054-S-2012', 0)":"Senado","('0054-S-2012', 1)":null,"('0054-S-2012', 2)":null,"('0054-S-2012', 3)":null},"Expediente Diputados: ":{"('0054-S-2012', 0)":"0054-S-2012","('0054-S-2012', 1)":null,"('0054-S-2012', 2)":null,"('0054-S-2012', 3)":null},"Expediente Senado: ":{"('0054-S-2012', 0)":"0026-PE-2012","('0054-S-2012', 1)":null,"('0054-S-2012', 2)":null,"('0054-S-2012', 3)":null},"Publicado en: ":{"('0054-S-2012', 0)":"Diario de Asuntos Entrados N\u00b0 48","('0054-S-2012', 1)":null,"('0054-S-2012', 2)":null,"('0054-S-2012', 3)":null},"Fecha: ":{"('0054-S-2012', 0)":"29\/03\/2012","('0054-S-2012', 1)":null,"('0054-S-2012', 2)":null,"('0054-S-2012', 3)":null},"T\u00edtulo":{"('0054-S-2012', 0)":"APROBACION DEL PROTOCOLO MODIFICATORIO DEL TRATADO CON LA REPUBLICA DE CHILE SOBRE TRASLADO DE NACIONALES CONDENADOS Y CUMPLIMIENTO DE SENTENCIAS PENALES, SUSCRIPTO EN SANTIAGO - REPUBLICA DE CHILE, EL 28 DE MAYO DE 2010.","('0054-S-2012', 1)":null,"('0054-S-2012', 2)":null,"('0054-S-2012', 3)":null},"('Firmantes', 'FIRMANTE')":{"('0054-S-2012', 0)":"FERNANDEZ DE KIRCHNER, CRISTINA","('0054-S-2012', 1)":"ABAL MEDINA, JUAN MANUEL","('0054-S-2012', 2)":"TIMERMAN, HECTOR MARCOS","('0054-S-2012', 3)":null},"('Firmantes', 'DISTRITO')":{"('0054-S-2012', 0)":null,"('0054-S-2012', 1)":null,"('0054-S-2012', 2)":null,"('0054-S-2012', 3)":null},"('Firmantes', 'BLOQUE')":{"('0054-S-2012', 0)":"PODER EJECUTIVO","('0054-S-2012', 1)":"PODER EJECUTIVO","('0054-S-2012', 2)":"PODER EJECUTIVO","('0054-S-2012', 3)":null},"('Giros', 'COMISI\u00d3N')":{"('0054-S-2012', 0)":"RELACIONES EXTERIORES Y CULTO","('0054-S-2012', 1)":"LEGISLACION PENAL","('0054-S-2012', 2)":null,"('0054-S-2012', 3)":null},"('Tramites', 'C\u00c1MARA')":{"('0054-S-2012', 0)":"Senado","('0054-S-2012', 1)":"Diputados","('0054-S-2012', 2)":"Diputados","('0054-S-2012', 3)":"Diputados"},"('Tramites', 'MOVIMIENTO')":{"('0054-S-2012', 0)":"CONSIDERACION Y APROBACION","('0054-S-2012', 1)":"PASA A DIPUTADOS -","('0054-S-2012', 2)":"MOCION SOBRE TABLAS (PLAN DE LABOR) (AFIRMATIVA)","('0054-S-2012', 3)":"CONSIDERACION Y SANCION"},"('Tramites', 'FECHA')":{"('0054-S-2012', 0)":"04\/07\/2012","('0054-S-2012', 1)":null,"('0054-S-2012', 2)":"27\/08\/2014","('0054-S-2012', 3)":"27\/08\/2014"},"('Tramites', 'RESULTADO')":{"('0054-S-2012', 0)":"MEDIA SANCION","('0054-S-2012', 1)":null,"('0054-S-2012', 2)":null,"('0054-S-2012', 3)":"SANCIONADO"},"Link":{"('0054-S-2012', 0)":"https:\/\/www4.hcdn.gob.ar\/dependencias\/dsecretaria\/Periodo2012\/PDF2012\/TP2012\/0054-S-12.pdf","('0054-S-2012', 1)":null,"('0054-S-2012', 2)":null,"('0054-S-2012', 3)":null},"Palabra Clave":{"('0054-S-2012', 0)":" ","('0054-S-2012', 1)":null,"('0054-S-2012', 2)":null,"('0054-S-2012', 3)":null}}