{"Tipo de Proyecto":{"('0054-D-2012', 0)":"PROYECTO DE RESOLUCI\u00d3N","('0054-D-2012', 1)":null},"Iniciado en: ":{"('0054-D-2012', 0)":"Diputados","('0054-D-2012', 1)":null},"Expediente Diputados: ":{"('0054-D-2012', 0)":"0054-D-2012","('0054-D-2012', 1)":null},"Publicado en: ":{"('0054-D-2012', 0)":"Tr\u00e1mite Parlamentario N\u00b0 1","('0054-D-2012', 1)":null},"Fecha: ":{"('0054-D-2012', 0)":"01\/03\/2012","('0054-D-2012', 1)":null},"T\u00edtulo":{"('0054-D-2012', 0)":"PEDIDO DE INFORMES VERBALES AL SE\u00d1OR MINISTRO DE PLANIFICACION, INVERSION PUBLICA Y SERVICIOS, ARQUITECTO JULIO DE VIDO, CONFORME ARTICULO 71 DE LA CONSTITUCION NACIONAL Y AL SECRETARIO DE TRANSPORTE, INGENIERO JUAN PABLO SCHIAVI, SOBRE DIVERSAS CUESTIONES RELACIONADAS CON EL ESTADO DEL SISTEMA FERROVIARIO NACIONAL.","('0054-D-2012', 1)":null},"('Firmantes', 'FIRMANTE')":{"('0054-D-2012', 0)":"BURYAILE, RICARDO","('0054-D-2012', 1)":"BULLRICH, PATRICIA"},"('Firmantes', 'DISTRITO')":{"('0054-D-2012', 0)":"FORMOSA","('0054-D-2012', 1)":"CIUDAD de BUENOS AIRES"},"('Firmantes', 'BLOQUE')":{"('0054-D-2012', 0)":"UCR","('0054-D-2012', 1)":"UNION POR TODOS"},"('Giros', 'COMISI\u00d3N')":{"('0054-D-2012', 0)":"TRANSPORTES","('0054-D-2012', 1)":"ASUNTOS CONSTITUCIONALES"},"('Tramites', 'C\u00c1MARA')":{"('0054-D-2012', 0)":"Diputados","('0054-D-2012', 1)":null},"('Tramites', 'MOVIMIENTO')":{"('0054-D-2012', 0)":"MOCION DE PREFERENCIA PARA LA PROXIMA SESION SIN DICTAMEN (SE RECHAZA)","('0054-D-2012', 1)":null},"('Tramites', 'FECHA')":{"('0054-D-2012', 0)":"21\/03\/2012","('0054-D-2012', 1)":null},"('Tramites', 'RESULTADO')":{"('0054-D-2012', 0)":null,"('0054-D-2012', 1)":null},"Link":{"('0054-D-2012', 0)":"https:\/\/www.hcdn.gob.ar\/proyectos\/textoCompleto.jsp?exp=0054-D-2012&tipo=RESOLUCION","('0054-D-2012', 1)":null},"Palabra Clave":{"('0054-D-2012', 0)":" ","('0054-D-2012', 1)":null}}