{"Tipo de Proyecto":{"('0055-D-2012', 0)":"PROYECTO DE LEY","('0055-D-2012', 1)":null},"Iniciado en: ":{"('0055-D-2012', 0)":"Diputados","('0055-D-2012', 1)":null},"Expediente Diputados: ":{"('0055-D-2012', 0)":"0055-D-2012","('0055-D-2012', 1)":null},"Publicado en: ":{"('0055-D-2012', 0)":"Tr\u00e1mite Parlamentario N\u00b0 1","('0055-D-2012', 1)":null},"Fecha: ":{"('0055-D-2012', 0)":"01\/03\/2012","('0055-D-2012', 1)":null},"T\u00edtulo":{"('0055-D-2012', 0)":"PROHIBICION DE PUBLICITAR MODELOS CUYO INDICE DE MASA MUSCULAR NO SE ENCUENTRE DENTRO DE LOS PARAMETROS SALUDABLES ESTABLECIDOS POR LA ORGANIZACION MUNDIAL DE LA SALUD. (REPRODUCCION DEL EXPEDIENTE 0205-D-10).","('0055-D-2012', 1)":null},"('Firmantes', 'FIRMANTE')":{"('0055-D-2012', 0)":"COMELLI, ALICIA MARCELA","('0055-D-2012', 1)":null},"('Firmantes', 'DISTRITO')":{"('0055-D-2012', 0)":"NEUQUEN","('0055-D-2012', 1)":null},"('Firmantes', 'BLOQUE')":{"('0055-D-2012', 0)":"MOV POP NEUQUINO","('0055-D-2012', 1)":null},"('Giros', 'COMISI\u00d3N')":{"('0055-D-2012', 0)":"ACCION SOCIAL Y SALUD PUBLICA","('0055-D-2012', 1)":"COMUNICACIONES E INFORMATICA"},"('Tramites', 'C\u00c1MARA')":{"('0055-D-2012', 0)":"Diputados","('0055-D-2012', 1)":null},"('Tramites', 'MOVIMIENTO')":{"('0055-D-2012', 0)":"REPRODUCIDO POR EXPEDIENTE 0327-D-14","('0055-D-2012', 1)":null},"('Tramites', 'FECHA')":{"('0055-D-2012', 0)":null,"('0055-D-2012', 1)":null},"('Tramites', 'RESULTADO')":{"('0055-D-2012', 0)":null,"('0055-D-2012', 1)":null},"Palabra Clave":{"('0055-D-2012', 0)":" ","('0055-D-2012', 1)":null}}