{"Tipo de Proyecto":{"('0057-D-2012', 0)":"PROYECTO DE DECLARACI\u00d3N","('0057-D-2012', 1)":null,"('0057-D-2012', 2)":null,"('0057-D-2012', 3)":null,"('0057-D-2012', 4)":null,"('0057-D-2012', 5)":null,"('0057-D-2012', 6)":null,"('0057-D-2012', 7)":null},"Iniciado en: ":{"('0057-D-2012', 0)":"Diputados","('0057-D-2012', 1)":null,"('0057-D-2012', 2)":null,"('0057-D-2012', 3)":null,"('0057-D-2012', 4)":null,"('0057-D-2012', 5)":null,"('0057-D-2012', 6)":null,"('0057-D-2012', 7)":null},"Expediente Diputados: ":{"('0057-D-2012', 0)":"0057-D-2012","('0057-D-2012', 1)":null,"('0057-D-2012', 2)":null,"('0057-D-2012', 3)":null,"('0057-D-2012', 4)":null,"('0057-D-2012', 5)":null,"('0057-D-2012', 6)":null,"('0057-D-2012', 7)":null},"Publicado en: ":{"('0057-D-2012', 0)":"Tr\u00e1mite Parlamentario N\u00b0 1","('0057-D-2012', 1)":null,"('0057-D-2012', 2)":null,"('0057-D-2012', 3)":null,"('0057-D-2012', 4)":null,"('0057-D-2012', 5)":null,"('0057-D-2012', 6)":null,"('0057-D-2012', 7)":null},"Fecha: ":{"('0057-D-2012', 0)":"01\/03\/2012","('0057-D-2012', 1)":null,"('0057-D-2012', 2)":null,"('0057-D-2012', 3)":null,"('0057-D-2012', 4)":null,"('0057-D-2012', 5)":null,"('0057-D-2012', 6)":null,"('0057-D-2012', 7)":null},"T\u00edtulo":{"('0057-D-2012', 0)":"EXPRESAR QUE VERIA CON AGRADO QUE LA LEGISLATURA DE LA CIUDAD AUTONOMA DE BUENOS AIRES SOLICITE LA RESTITUCION HISTORICA SOBRE EL INMUEBLE UBICADO EN LA AVENIDA LA PLATA 1624 AL \"CLUB ATLETICO SAN LORENZO DE ALMAGRO - CASLA -\".","('0057-D-2012', 1)":null,"('0057-D-2012', 2)":null,"('0057-D-2012', 3)":null,"('0057-D-2012', 4)":null,"('0057-D-2012', 5)":null,"('0057-D-2012', 6)":null,"('0057-D-2012', 7)":null},"('Firmantes', 'FIRMANTE')":{"('0057-D-2012', 0)":"PERIE, JULIA ARGENTINA","('0057-D-2012', 1)":"BERNAL, MARIA EUGENIA","('0057-D-2012', 2)":"HERRERA, GRISELDA NOEMI","('0057-D-2012', 3)":"LARROQUE, ANDRES","('0057-D-2012', 4)":"GIACCONE, CLAUDIA ALEJANDRA","('0057-D-2012', 5)":"PIETRAGALLA CORTI, HORACIO","('0057-D-2012', 6)":"NEBREDA, CARMEN ROSA","('0057-D-2012', 7)":"GALLARDO, MIRIAM GRACIELA"},"('Firmantes', 'DISTRITO')":{"('0057-D-2012', 0)":"MISIONES","('0057-D-2012', 1)":"JUJUY","('0057-D-2012', 2)":"LA RIOJA","('0057-D-2012', 3)":"CIUDAD de BUENOS AIRES","('0057-D-2012', 4)":"SANTA FE","('0057-D-2012', 5)":"BUENOS AIRES","('0057-D-2012', 6)":"CORDOBA","('0057-D-2012', 7)":"TUCUMAN"},"('Firmantes', 'BLOQUE')":{"('0057-D-2012', 0)":"FRENTE PARA LA VICTORIA - PJ","('0057-D-2012', 1)":"FRENTE PARA LA VICTORIA - PJ","('0057-D-2012', 2)":"FRENTE PARA LA VICTORIA - PJ","('0057-D-2012', 3)":"FRENTE PARA LA VICTORIA - PJ","('0057-D-2012', 4)":"FRENTE PARA LA VICTORIA - PJ","('0057-D-2012', 5)":"FRENTE PARA LA VICTORIA - PJ","('0057-D-2012', 6)":"FRENTE PARA LA VICTORIA - PJ","('0057-D-2012', 7)":"FRENTE PARA LA VICTORIA - PJ"},"('Giros', 'COMISI\u00d3N')":{"('0057-D-2012', 0)":"ASUNTOS MUNICIPALES","('0057-D-2012', 1)":null,"('0057-D-2012', 2)":null,"('0057-D-2012', 3)":null,"('0057-D-2012', 4)":null,"('0057-D-2012', 5)":null,"('0057-D-2012', 6)":null,"('0057-D-2012', 7)":null},"('Tramites', 'C\u00c1MARA')":{"('0057-D-2012', 0)":"Diputados","('0057-D-2012', 1)":"Diputados","('0057-D-2012', 2)":"Diputados","('0057-D-2012', 3)":null,"('0057-D-2012', 4)":null,"('0057-D-2012', 5)":null,"('0057-D-2012', 6)":null,"('0057-D-2012', 7)":null},"('Tramites', 'MOVIMIENTO')":{"('0057-D-2012', 0)":"CITACION SESION ESPECIAL","('0057-D-2012', 1)":"MOCION SOBRE TABLAS (AFIRMATIVA)","('0057-D-2012', 2)":"CONSIDERACION Y APROBACION","('0057-D-2012', 3)":null,"('0057-D-2012', 4)":null,"('0057-D-2012', 5)":null,"('0057-D-2012', 6)":null,"('0057-D-2012', 7)":null},"('Tramites', 'FECHA')":{"('0057-D-2012', 0)":"14\/11\/2012","('0057-D-2012', 1)":"14\/11\/2012","('0057-D-2012', 2)":"14\/11\/2012","('0057-D-2012', 3)":null,"('0057-D-2012', 4)":null,"('0057-D-2012', 5)":null,"('0057-D-2012', 6)":null,"('0057-D-2012', 7)":null},"('Tramites', 'RESULTADO')":{"('0057-D-2012', 0)":null,"('0057-D-2012', 1)":null,"('0057-D-2012', 2)":"APROBADO","('0057-D-2012', 3)":null,"('0057-D-2012', 4)":null,"('0057-D-2012', 5)":null,"('0057-D-2012', 6)":null,"('0057-D-2012', 7)":null},"Link":{"('0057-D-2012', 0)":"https:\/\/www.hcdn.gob.ar\/proyectos\/textoCompleto.jsp?exp=0057-D-2012&tipo=DECLARACION","('0057-D-2012', 1)":null,"('0057-D-2012', 2)":null,"('0057-D-2012', 3)":null,"('0057-D-2012', 4)":null,"('0057-D-2012', 5)":null,"('0057-D-2012', 6)":null,"('0057-D-2012', 7)":null},"Palabra Clave":{"('0057-D-2012', 0)":" ","('0057-D-2012', 1)":null,"('0057-D-2012', 2)":null,"('0057-D-2012', 3)":null,"('0057-D-2012', 4)":null,"('0057-D-2012', 5)":null,"('0057-D-2012', 6)":null,"('0057-D-2012', 7)":null}}