{"Tipo de Proyecto":{"('0057-S-2012', 0)":"PROYECTO DE RESOLUCI\u00d3N","('0057-S-2012', 1)":null,"('0057-S-2012', 2)":null},"Iniciado en: ":{"('0057-S-2012', 0)":"Senado","('0057-S-2012', 1)":null,"('0057-S-2012', 2)":null},"Expediente Diputados: ":{"('0057-S-2012', 0)":"0057-S-2012","('0057-S-2012', 1)":null,"('0057-S-2012', 2)":null},"Expediente Senado: ":{"('0057-S-2012', 0)":"0110-OV-2011","('0057-S-2012', 1)":null,"('0057-S-2012', 2)":null},"Fecha: ":{"('0057-S-2012', 0)":"28\/03\/2012","('0057-S-2012', 1)":null,"('0057-S-2012', 2)":null},"T\u00edtulo":{"('0057-S-2012', 0)":"PEDIDO DE INFORMES AL PODER EJECUTIVO SOBRE LAS MEDIDAS ADOPTADAS PARA REGULARIZAR LAS OBSERVACIONES FORMULADAS POR LA AUDITORIA GENERAL DE LA NACION, EN SU INFORME (RESOLUCION 67\/11) REFERIDO A LOS ESTADOS FINANCIEROS POR EL EJERCICIO FINALIZADO EL 31\/12\/2010 CORRESPONDIENTE AL \"PROGRAMA DE ACCESO AL CREDITO Y COMPETITIVIDAD PARA LA MICRO, PEQUE\u00d1A Y MEDIANA EMPRESA\" (PACC).","('0057-S-2012', 1)":null,"('0057-S-2012', 2)":null},"('Firmantes', 'FIRMANTE')":{"('0057-S-2012', 0)":"PARLAMENTARIA MIXTA REVISORA DE CUENTAS","('0057-S-2012', 1)":null,"('0057-S-2012', 2)":null},"('Firmantes', 'DISTRITO')":{"('0057-S-2012', 0)":null,"('0057-S-2012', 1)":null,"('0057-S-2012', 2)":null},"('Firmantes', 'BLOQUE')":{"('0057-S-2012', 0)":null,"('0057-S-2012', 1)":null,"('0057-S-2012', 2)":null},"('Giros', 'COMISI\u00d3N')":{"('0057-S-2012', 0)":"PARLAMENTARIA MIXTA REVISORA DE CUENTAS","('0057-S-2012', 1)":null,"('0057-S-2012', 2)":null},"('Tramites', 'C\u00c1MARA')":{"('0057-S-2012', 0)":"Senado","('0057-S-2012', 1)":"Diputados","('0057-S-2012', 2)":"Diputados"},"('Tramites', 'MOVIMIENTO')":{"('0057-S-2012', 0)":"CONSIDERACION Y APROBACION","('0057-S-2012', 1)":"PASA A DIPUTADOS -","('0057-S-2012', 2)":"CONSIDERACION Y APROBACION"},"('Tramites', 'FECHA')":{"('0057-S-2012', 0)":"11\/07\/2012","('0057-S-2012', 1)":null,"('0057-S-2012', 2)":"08\/08\/2012"},"('Tramites', 'RESULTADO')":{"('0057-S-2012', 0)":"APROBADO","('0057-S-2012', 1)":null,"('0057-S-2012', 2)":"APROBADO"},"Link":{"('0057-S-2012', 0)":"http:\/\/www.senado.gov.ar\/parlamentario\/comisiones\/verExp\/110.11\/OV\/PR","('0057-S-2012', 1)":null,"('0057-S-2012', 2)":null},"Palabra Clave":{"('0057-S-2012', 0)":" ","('0057-S-2012', 1)":null,"('0057-S-2012', 2)":null}}