{"Tipo de Proyecto":{"('0058-D-2012', 0)":"PROYECTO DE LEY","('0058-D-2012', 1)":null,"('0058-D-2012', 2)":null,"('0058-D-2012', 3)":null},"Iniciado en: ":{"('0058-D-2012', 0)":"Diputados","('0058-D-2012', 1)":null,"('0058-D-2012', 2)":null,"('0058-D-2012', 3)":null},"Expediente Diputados: ":{"('0058-D-2012', 0)":"0058-D-2012","('0058-D-2012', 1)":null,"('0058-D-2012', 2)":null,"('0058-D-2012', 3)":null},"Publicado en: ":{"('0058-D-2012', 0)":"Tr\u00e1mite Parlamentario N\u00b0 1","('0058-D-2012', 1)":null,"('0058-D-2012', 2)":null,"('0058-D-2012', 3)":null},"Fecha: ":{"('0058-D-2012', 0)":"01\/03\/2012","('0058-D-2012', 1)":null,"('0058-D-2012', 2)":null,"('0058-D-2012', 3)":null},"T\u00edtulo":{"('0058-D-2012', 0)":"ORGANIZACION Y PROCEDIMIENTO DE LA JUSTICIA NACIONAL DEL TRABAJO - LEY 18345: MODIFICACIONES, SOBRE IMPOSICION DE COSTAS AL TRABAJADOR.","('0058-D-2012', 1)":null,"('0058-D-2012', 2)":null,"('0058-D-2012', 3)":null},"('Firmantes', 'FIRMANTE')":{"('0058-D-2012', 0)":"RECALDE, HECTOR PEDRO","('0058-D-2012', 1)":"SALIM, JUAN ARTURO","('0058-D-2012', 2)":"PAIS, JUAN MARIO","('0058-D-2012', 3)":"ROBLEDO, ROBERTO RICARDO"},"('Firmantes', 'DISTRITO')":{"('0058-D-2012', 0)":"BUENOS AIRES","('0058-D-2012', 1)":"TUCUMAN","('0058-D-2012', 2)":"CHUBUT","('0058-D-2012', 3)":"LA PAMPA"},"('Firmantes', 'BLOQUE')":{"('0058-D-2012', 0)":"FRENTE PARA LA VICTORIA - PJ","('0058-D-2012', 1)":"FRENTE PARA LA VICTORIA - PJ","('0058-D-2012', 2)":"FRENTE PARA LA VICTORIA - PJ","('0058-D-2012', 3)":"PARTIDO JUSTICIALISTA LA PAMPA"},"('Giros', 'COMISI\u00d3N')":{"('0058-D-2012', 0)":"LEGISLACION DEL TRABAJO","('0058-D-2012', 1)":null,"('0058-D-2012', 2)":null,"('0058-D-2012', 3)":null},"Sumario":{"('0058-D-2012', 0)":"INCORPORACION DEL ARTICULO 80 BIS; SUSTITUCION DEL ARTICULO 155 (APLICABILIDAD)","('0058-D-2012', 1)":null,"('0058-D-2012', 2)":null,"('0058-D-2012', 3)":null},"Palabra Clave":{"('0058-D-2012', 0)":" ","('0058-D-2012', 1)":null,"('0058-D-2012', 2)":null,"('0058-D-2012', 3)":null}}