{"Tipo de Proyecto":{"('0059-S-2012', 0)":"PROYECTO DE RESOLUCI\u00d3N","('0059-S-2012', 1)":null,"('0059-S-2012', 2)":null},"Iniciado en: ":{"('0059-S-2012', 0)":"Senado","('0059-S-2012', 1)":null,"('0059-S-2012', 2)":null},"Expediente Diputados: ":{"('0059-S-2012', 0)":"0059-S-2012","('0059-S-2012', 1)":null,"('0059-S-2012', 2)":null},"Expediente Senado: ":{"('0059-S-2012', 0)":"0370-OV-2011","('0059-S-2012', 1)":null,"('0059-S-2012', 2)":null},"Fecha: ":{"('0059-S-2012', 0)":"28\/03\/2012","('0059-S-2012', 1)":null,"('0059-S-2012', 2)":null},"T\u00edtulo":{"('0059-S-2012', 0)":"PEDIDO DE INFORMES AL PODER EJECUTIVO SOBRE LAS MEDIDAS ADOPTADAS PARA PODER DAR POR FINALIZADA LA DISOLUCION DEL FONDO FIDEICOMISO DEL BICE SA CON LA SECRETARIA DE HACIENDA DE LA NACION, COMUNICADO MEDIANTE RESOLUCION 185\/11 (0370-OV-11), POR LA AUDITORIA GENERAL DE LA NACION.","('0059-S-2012', 1)":null,"('0059-S-2012', 2)":null},"('Firmantes', 'FIRMANTE')":{"('0059-S-2012', 0)":"PARLAMENTARIA MIXTA REVISORA DE CUENTAS","('0059-S-2012', 1)":null,"('0059-S-2012', 2)":null},"('Firmantes', 'DISTRITO')":{"('0059-S-2012', 0)":null,"('0059-S-2012', 1)":null,"('0059-S-2012', 2)":null},"('Firmantes', 'BLOQUE')":{"('0059-S-2012', 0)":null,"('0059-S-2012', 1)":null,"('0059-S-2012', 2)":null},"('Giros', 'COMISI\u00d3N')":{"('0059-S-2012', 0)":"PARLAMENTARIA MIXTA REVISORA DE CUENTAS","('0059-S-2012', 1)":null,"('0059-S-2012', 2)":null},"('Tramites', 'C\u00c1MARA')":{"('0059-S-2012', 0)":"Senado","('0059-S-2012', 1)":"Diputados","('0059-S-2012', 2)":"Diputados"},"('Tramites', 'MOVIMIENTO')":{"('0059-S-2012', 0)":"CONSIDERACION Y APROBACION","('0059-S-2012', 1)":"PASA A DIPUTADOS -","('0059-S-2012', 2)":"CONSIDERACION Y APROBACION"},"('Tramites', 'FECHA')":{"('0059-S-2012', 0)":"11\/07\/2012","('0059-S-2012', 1)":null,"('0059-S-2012', 2)":"08\/08\/2012"},"('Tramites', 'RESULTADO')":{"('0059-S-2012', 0)":"APROBADO","('0059-S-2012', 1)":null,"('0059-S-2012', 2)":"APROBADO"},"Link":{"('0059-S-2012', 0)":"http:\/\/www.senado.gov.ar\/parlamentario\/comisiones\/verExp\/370.11\/OV\/PR","('0059-S-2012', 1)":null,"('0059-S-2012', 2)":null},"Palabra Clave":{"('0059-S-2012', 0)":" ","('0059-S-2012', 1)":null,"('0059-S-2012', 2)":null}}