{"Tipo de Proyecto":{"('0060-D-2012', 0)":"PROYECTO DE LEY","('0060-D-2012', 1)":null,"('0060-D-2012', 2)":null,"('0060-D-2012', 3)":null},"Iniciado en: ":{"('0060-D-2012', 0)":"Diputados","('0060-D-2012', 1)":null,"('0060-D-2012', 2)":null,"('0060-D-2012', 3)":null},"Expediente Diputados: ":{"('0060-D-2012', 0)":"0060-D-2012","('0060-D-2012', 1)":null,"('0060-D-2012', 2)":null,"('0060-D-2012', 3)":null},"Expediente Senado: ":{"('0060-D-2012', 0)":"0162-CD-2012","('0060-D-2012', 1)":null,"('0060-D-2012', 2)":null,"('0060-D-2012', 3)":null},"Publicado en: ":{"('0060-D-2012', 0)":"Tr\u00e1mite Parlamentario N\u00b0 1","('0060-D-2012', 1)":null,"('0060-D-2012', 2)":null,"('0060-D-2012', 3)":null},"Fecha: ":{"('0060-D-2012', 0)":"01\/03\/2012","('0060-D-2012', 1)":null,"('0060-D-2012', 2)":null,"('0060-D-2012', 3)":null},"T\u00edtulo":{"('0060-D-2012', 0)":"CONTRATO DE TRABAJO - LEY 20744: MODIFICACION DEL ARTICULO 17, SOBRE PROHIBICION DE HACER DISCRIMINACIONES, EFECTOS.","('0060-D-2012', 1)":null,"('0060-D-2012', 2)":null,"('0060-D-2012', 3)":null},"('Firmantes', 'FIRMANTE')":{"('0060-D-2012', 0)":"RECALDE, HECTOR PEDRO","('0060-D-2012', 1)":"PAIS, JUAN MARIO","('0060-D-2012', 2)":"ROBLEDO, ROBERTO RICARDO","('0060-D-2012', 3)":"SALIM, JUAN ARTURO"},"('Firmantes', 'DISTRITO')":{"('0060-D-2012', 0)":"BUENOS AIRES","('0060-D-2012', 1)":"CHUBUT","('0060-D-2012', 2)":"LA PAMPA","('0060-D-2012', 3)":"TUCUMAN"},"('Firmantes', 'BLOQUE')":{"('0060-D-2012', 0)":"FRENTE PARA LA VICTORIA - PJ","('0060-D-2012', 1)":"FRENTE PARA LA VICTORIA - PJ","('0060-D-2012', 2)":"PARTIDO JUSTICIALISTA LA PAMPA","('0060-D-2012', 3)":"FRENTE PARA LA VICTORIA - PJ"},"('Giros', 'COMISI\u00d3N')":{"('0060-D-2012', 0)":"LEGISLACION DEL TRABAJO","('0060-D-2012', 1)":null,"('0060-D-2012', 2)":null,"('0060-D-2012', 3)":null},"('Tramites', 'C\u00c1MARA')":{"('0060-D-2012', 0)":"Diputados","('0060-D-2012', 1)":"Senado","('0060-D-2012', 2)":null,"('0060-D-2012', 3)":null},"('Tramites', 'MOVIMIENTO')":{"('0060-D-2012', 0)":"CONSIDERACION Y APROBACION","('0060-D-2012', 1)":"PASA A SENADO -","('0060-D-2012', 2)":null,"('0060-D-2012', 3)":null},"('Tramites', 'FECHA')":{"('0060-D-2012', 0)":"28\/11\/2012","('0060-D-2012', 1)":null,"('0060-D-2012', 2)":null,"('0060-D-2012', 3)":null},"('Tramites', 'RESULTADO')":{"('0060-D-2012', 0)":"MEDIA SANCION","('0060-D-2012', 1)":null,"('0060-D-2012', 2)":null,"('0060-D-2012', 3)":null},"Link":{"('0060-D-2012', 0)":"https:\/\/www.hcdn.gob.ar\/proyectos\/textoCompleto.jsp?exp=0060-D-2012&tipo=LEY","('0060-D-2012', 1)":null,"('0060-D-2012', 2)":null,"('0060-D-2012', 3)":null},"Palabra Clave":{"('0060-D-2012', 0)":" ","('0060-D-2012', 1)":null,"('0060-D-2012', 2)":null,"('0060-D-2012', 3)":null}}