{"Tipo de Proyecto":{"('0060-S-2012', 0)":"PROYECTO DE RESOLUCI\u00d3N","('0060-S-2012', 1)":null,"('0060-S-2012', 2)":null},"Iniciado en: ":{"('0060-S-2012', 0)":"Senado","('0060-S-2012', 1)":null,"('0060-S-2012', 2)":null},"Expediente Diputados: ":{"('0060-S-2012', 0)":"0060-S-2012","('0060-S-2012', 1)":null,"('0060-S-2012', 2)":null},"Expediente Senado: ":{"('0060-S-2012', 0)":"0451-OV-2011","('0060-S-2012', 1)":null,"('0060-S-2012', 2)":null},"Fecha: ":{"('0060-S-2012', 0)":"28\/03\/2012","('0060-S-2012', 1)":null,"('0060-S-2012', 2)":null},"T\u00edtulo":{"('0060-S-2012', 0)":"PEDIDO DE INFORMES AL PODER EJECUTIVO SOBRE LAS MEDIDAS ADOPTADAS PARA REGULARIZAR LAS OBSERVACIONES FORMULADAS POR LA AUDITORIA GENERAL DE LA NACION, RESOLUCION 204\/11 (0451-OV-2011, REFERENTES A LOS ESTADOS FINANCIEROS DEL EJERCICIO FINALIZADO EL 31\/12\/10 CORRESPONDIENTES AL PROYECTO DE ENERGIAS RENOVABLES EN MERCADOS RURALES.","('0060-S-2012', 1)":null,"('0060-S-2012', 2)":null},"('Firmantes', 'FIRMANTE')":{"('0060-S-2012', 0)":"PARLAMENTARIA MIXTA REVISORA DE CUENTAS","('0060-S-2012', 1)":null,"('0060-S-2012', 2)":null},"('Firmantes', 'DISTRITO')":{"('0060-S-2012', 0)":null,"('0060-S-2012', 1)":null,"('0060-S-2012', 2)":null},"('Firmantes', 'BLOQUE')":{"('0060-S-2012', 0)":null,"('0060-S-2012', 1)":null,"('0060-S-2012', 2)":null},"('Giros', 'COMISI\u00d3N')":{"('0060-S-2012', 0)":"PARLAMENTARIA MIXTA REVISORA DE CUENTAS","('0060-S-2012', 1)":null,"('0060-S-2012', 2)":null},"('Tramites', 'C\u00c1MARA')":{"('0060-S-2012', 0)":"Senado","('0060-S-2012', 1)":"Diputados","('0060-S-2012', 2)":"Diputados"},"('Tramites', 'MOVIMIENTO')":{"('0060-S-2012', 0)":"CONSIDERACION Y APROBACION","('0060-S-2012', 1)":"PASA A DIPUTADOS -","('0060-S-2012', 2)":"CONSIDERACION Y APROBACION"},"('Tramites', 'FECHA')":{"('0060-S-2012', 0)":"11\/07\/2012","('0060-S-2012', 1)":null,"('0060-S-2012', 2)":"08\/08\/2012"},"('Tramites', 'RESULTADO')":{"('0060-S-2012', 0)":"APROBADO","('0060-S-2012', 1)":null,"('0060-S-2012', 2)":"APROBADO"},"Link":{"('0060-S-2012', 0)":"http:\/\/www.senado.gov.ar\/parlamentario\/comisiones\/verExp\/451.11\/OV\/PR","('0060-S-2012', 1)":null,"('0060-S-2012', 2)":null},"Palabra Clave":{"('0060-S-2012', 0)":" ","('0060-S-2012', 1)":null,"('0060-S-2012', 2)":null}}