{"Tipo de Proyecto":{"('0061-S-2012', 0)":"PROYECTO DE RESOLUCI\u00d3N","('0061-S-2012', 1)":null,"('0061-S-2012', 2)":null,"('0061-S-2012', 3)":null},"Iniciado en: ":{"('0061-S-2012', 0)":"Senado","('0061-S-2012', 1)":null,"('0061-S-2012', 2)":null,"('0061-S-2012', 3)":null},"Expediente Diputados: ":{"('0061-S-2012', 0)":"0061-S-2012","('0061-S-2012', 1)":null,"('0061-S-2012', 2)":null,"('0061-S-2012', 3)":null},"Expediente Senado: ":{"('0061-S-2012', 0)":"0131-OV-2011","('0061-S-2012', 1)":null,"('0061-S-2012', 2)":null,"('0061-S-2012', 3)":null},"Fecha: ":{"('0061-S-2012', 0)":"16\/04\/2012","('0061-S-2012', 1)":null,"('0061-S-2012', 2)":null,"('0061-S-2012', 3)":null},"T\u00edtulo":{"('0061-S-2012', 0)":"PEDIDO DE INFORMES AL PODER EJECUTIVO SOBRE LAS MEDIDAS ADOPTADAS EN ATENCION A LAS OBSERVACIONES FORMULADAS POR LA AUDITORIA GENERAL DE LA NACION (RESOLUCION 87\/11); REFERIDO A LA CAMARA NACIONAL ELECTORAL RESPECTO DE EVALUAR LAS RENDICIONES DE CUENTAS DEL FONDO ANUAL ESPECIAL (ARTICULO 4 INCISO D) DE LA LET 19108, POR LOS EJERCICIOS 2007, 08, 09 Y 10 Y CARTA DE RECOMENDACIONES.","('0061-S-2012', 1)":null,"('0061-S-2012', 2)":null,"('0061-S-2012', 3)":null},"('Firmantes', 'FIRMANTE')":{"('0061-S-2012', 0)":"PARLAMENTARIA MIXTA REVISORA DE CUENTAS","('0061-S-2012', 1)":null,"('0061-S-2012', 2)":null,"('0061-S-2012', 3)":null},"('Firmantes', 'DISTRITO')":{"('0061-S-2012', 0)":null,"('0061-S-2012', 1)":null,"('0061-S-2012', 2)":null,"('0061-S-2012', 3)":null},"('Firmantes', 'BLOQUE')":{"('0061-S-2012', 0)":null,"('0061-S-2012', 1)":null,"('0061-S-2012', 2)":null,"('0061-S-2012', 3)":null},"('Giros', 'COMISI\u00d3N')":{"('0061-S-2012', 0)":"PARLAMENTARIA MIXTA REVISORA DE CUENTAS","('0061-S-2012', 1)":null,"('0061-S-2012', 2)":null,"('0061-S-2012', 3)":null},"('Tramites', 'C\u00c1MARA')":{"('0061-S-2012', 0)":"Senado","('0061-S-2012', 1)":"Diputados","('0061-S-2012', 2)":"Diputados","('0061-S-2012', 3)":"Diputados"},"('Tramites', 'MOVIMIENTO')":{"('0061-S-2012', 0)":"CONSIDERACION Y APROBACION","('0061-S-2012', 1)":"PASA A DIPUTADOS -","('0061-S-2012', 2)":"CONSIDERACION Y APROBACION","('0061-S-2012', 3)":"CONTESTACION DEL PODER EJECUTIVO NACIONAL - GIRADO A LA COMISION RESPECTIVA"},"('Tramites', 'FECHA')":{"('0061-S-2012', 0)":"11\/07\/2012","('0061-S-2012', 1)":null,"('0061-S-2012', 2)":"08\/08\/2012","('0061-S-2012', 3)":"03\/09\/2014"},"('Tramites', 'RESULTADO')":{"('0061-S-2012', 0)":"APROBADO","('0061-S-2012', 1)":null,"('0061-S-2012', 2)":"APROBADO","('0061-S-2012', 3)":null},"Link":{"('0061-S-2012', 0)":"http:\/\/www.senado.gov.ar\/parlamentario\/comisiones\/verExp\/131.11\/OV\/PR","('0061-S-2012', 1)":null,"('0061-S-2012', 2)":null,"('0061-S-2012', 3)":null},"Palabra Clave":{"('0061-S-2012', 0)":" ","('0061-S-2012', 1)":null,"('0061-S-2012', 2)":null,"('0061-S-2012', 3)":null}}