{"Tipo de Proyecto":{"('0062-D-2012', 0)":"PROYECTO DE LEY","('0062-D-2012', 1)":null,"('0062-D-2012', 2)":null,"('0062-D-2012', 3)":null},"Iniciado en: ":{"('0062-D-2012', 0)":"Diputados","('0062-D-2012', 1)":null,"('0062-D-2012', 2)":null,"('0062-D-2012', 3)":null},"Expediente Diputados: ":{"('0062-D-2012', 0)":"0062-D-2012","('0062-D-2012', 1)":null,"('0062-D-2012', 2)":null,"('0062-D-2012', 3)":null},"Publicado en: ":{"('0062-D-2012', 0)":"Tr\u00e1mite Parlamentario N\u00b0 1","('0062-D-2012', 1)":null,"('0062-D-2012', 2)":null,"('0062-D-2012', 3)":null},"Fecha: ":{"('0062-D-2012', 0)":"01\/03\/2012","('0062-D-2012', 1)":null,"('0062-D-2012', 2)":null,"('0062-D-2012', 3)":null},"T\u00edtulo":{"('0062-D-2012', 0)":"DEROGACION DEL DECRETO 454\/2001 Y SUS PRORROGAS: NORMALIZACION DEL FUNCIONAMIENTO DE LA COMISION NACIONAL DE REGULACION DEL TRANSPORTE -CNRT-.","('0062-D-2012', 1)":null,"('0062-D-2012', 2)":null,"('0062-D-2012', 3)":null},"('Firmantes', 'FIRMANTE')":{"('0062-D-2012', 0)":"PIEMONTE, HECTOR HORACIO","('0062-D-2012', 1)":"TERADA, ALICIA","('0062-D-2012', 2)":"DE PRAT GAY, ALFONSO","('0062-D-2012', 3)":"COMI, CARLOS MARCELO"},"('Firmantes', 'DISTRITO')":{"('0062-D-2012', 0)":"BUENOS AIRES","('0062-D-2012', 1)":"CHACO","('0062-D-2012', 2)":"CIUDAD de BUENOS AIRES","('0062-D-2012', 3)":"SANTA FE"},"('Firmantes', 'BLOQUE')":{"('0062-D-2012', 0)":"COALICION CIVICA - ARI","('0062-D-2012', 1)":"COALICION CIVICA - ARI","('0062-D-2012', 2)":"COALICION CIVICA - ARI","('0062-D-2012', 3)":"COALICION CIVICA - ARI"},"('Giros', 'COMISI\u00d3N')":{"('0062-D-2012', 0)":"TRANSPORTES","('0062-D-2012', 1)":"PRESUPUESTO Y HACIENDA","('0062-D-2012', 2)":null,"('0062-D-2012', 3)":null},"Link":{"('0062-D-2012', 0)":"https:\/\/www.hcdn.gob.ar\/proyectos\/textoCompleto.jsp?exp=0062-D-2012&tipo=LEY","('0062-D-2012', 1)":null,"('0062-D-2012', 2)":null,"('0062-D-2012', 3)":null},"Palabra Clave":{"('0062-D-2012', 0)":" ","('0062-D-2012', 1)":null,"('0062-D-2012', 2)":null,"('0062-D-2012', 3)":null}}