{"Tipo de Proyecto":{"('0062-S-2012', 0)":"PROYECTO DE RESOLUCI\u00d3N","('0062-S-2012', 1)":null},"Iniciado en: ":{"('0062-S-2012', 0)":"Senado","('0062-S-2012', 1)":null},"Expediente Diputados: ":{"('0062-S-2012', 0)":"0062-S-2012","('0062-S-2012', 1)":null},"Expediente Senado: ":{"('0062-S-2012', 0)":"1481-S-2012","('0062-S-2012', 1)":null},"Fecha: ":{"('0062-S-2012', 0)":"30\/05\/2012","('0062-S-2012', 1)":null},"T\u00edtulo":{"('0062-S-2012', 0)":"PONER EN CONOCIMIENTO DE LAS H CAMARAS DE SENADORES Y DIPUTADOS DE LA NACION QUE LA COMISION PARLAMENTARIA MIXTA REVISORA DE CUENTAS DE LA ADMINISTRACION NO HA PODIDO EXPEDIRSE DENTRO DEL PLAZO FIJADO POR EL ARTICULO 5 DE LA LEY 23847 CON RESPECTO A LA CUENTA DE INVERSION CORRESPONDIENTE AL EJERCICIO 2010, HABIDA CUENTA DE QUE LA AUDITORIA GENERAL DE LA NACION HA SOLICITADO UNA PRORROGA PARA LA ENTREGA DEL INFORME DE AUDITORIA.","('0062-S-2012', 1)":null},"('Firmantes', 'FIRMANTE')":{"('0062-S-2012', 0)":"PARLAMENTARIA MIXTA REVISORA DE CUENTAS","('0062-S-2012', 1)":null},"('Firmantes', 'DISTRITO')":{"('0062-S-2012', 0)":null,"('0062-S-2012', 1)":null},"('Firmantes', 'BLOQUE')":{"('0062-S-2012', 0)":null,"('0062-S-2012', 1)":null},"('Giros', 'COMISI\u00d3N')":{"('0062-S-2012', 0)":"PARLAMENTARIA MIXTA REVISORA DE CUENTAS","('0062-S-2012', 1)":null},"('Tramites', 'C\u00c1MARA')":{"('0062-S-2012', 0)":"Senado","('0062-S-2012', 1)":"Diputados"},"('Tramites', 'MOVIMIENTO')":{"('0062-S-2012', 0)":"CONSIDERACION Y APROBACION","('0062-S-2012', 1)":"PASA A DIPUTADOS -"},"('Tramites', 'FECHA')":{"('0062-S-2012', 0)":"11\/07\/2012","('0062-S-2012', 1)":null},"('Tramites', 'RESULTADO')":{"('0062-S-2012', 0)":"APROBADO","('0062-S-2012', 1)":null},"Link":{"('0062-S-2012', 0)":"http:\/\/www.senado.gov.ar\/parlamentario\/comisiones\/verExp\/1481.12\/S\/PR","('0062-S-2012', 1)":null},"Palabra Clave":{"('0062-S-2012', 0)":" ","('0062-S-2012', 1)":null}}