{"Tipo de Proyecto":{"('0063-S-2012', 0)":"PROYECTO DE RESOLUCI\u00d3N","('0063-S-2012', 1)":null},"Iniciado en: ":{"('0063-S-2012', 0)":"Senado","('0063-S-2012', 1)":null},"Expediente Diputados: ":{"('0063-S-2012', 0)":"0063-S-2012","('0063-S-2012', 1)":null},"Expediente Senado: ":{"('0063-S-2012', 0)":"0412-OV-2011","('0063-S-2012', 1)":null},"Fecha: ":{"('0063-S-2012', 0)":"11\/06\/2012","('0063-S-2012', 1)":null},"T\u00edtulo":{"('0063-S-2012', 0)":"PEDIDO DE INFORMES AL PODER EJECUTIVO SOBRE LAS MEDIDAS ADOPTADAS EN ATENCION A LAS OBSERVACIONES FORMULADAS POR LA AUDITORIA GENERAL DE LA NACION (RESOLUCIONES 194\/11 Y 18\/12); EN EL AMBITO DE LA ADMINISTRACION GENERAL DE PUERTOS SOCIEDAD DEL ESTADO CON MOTIVO DE SUS EXAMENES SOBRE LOS ESTADOS CONTABLES AL 31 DE DICIEMBRE DE 2003 Y 2004.","('0063-S-2012', 1)":null},"('Firmantes', 'FIRMANTE')":{"('0063-S-2012', 0)":"PARLAMENTARIA MIXTA REVISORA DE CUENTAS","('0063-S-2012', 1)":null},"('Firmantes', 'DISTRITO')":{"('0063-S-2012', 0)":null,"('0063-S-2012', 1)":null},"('Firmantes', 'BLOQUE')":{"('0063-S-2012', 0)":null,"('0063-S-2012', 1)":null},"('Giros', 'COMISI\u00d3N')":{"('0063-S-2012', 0)":"PARLAMENTARIA MIXTA REVISORA DE CUENTAS","('0063-S-2012', 1)":null},"('Tramites', 'C\u00c1MARA')":{"('0063-S-2012', 0)":"Senado","('0063-S-2012', 1)":"Diputados"},"('Tramites', 'MOVIMIENTO')":{"('0063-S-2012', 0)":"CONSIDERACION Y APROBACION","('0063-S-2012', 1)":"PASA A DIPUTADOS -"},"('Tramites', 'FECHA')":{"('0063-S-2012', 0)":"11\/07\/2012","('0063-S-2012', 1)":null},"('Tramites', 'RESULTADO')":{"('0063-S-2012', 0)":"APROBADO","('0063-S-2012', 1)":null},"Link":{"('0063-S-2012', 0)":"http:\/\/www.senado.gov.ar\/parlamentario\/comisiones\/verExp\/412.11\/OV\/PR","('0063-S-2012', 1)":null},"Palabra Clave":{"('0063-S-2012', 0)":" ","('0063-S-2012', 1)":null}}