{"Tipo de Proyecto":{"('0064-S-2012', 0)":"PROYECTO DE RESOLUCI\u00d3N","('0064-S-2012', 1)":null,"('0064-S-2012', 2)":null},"Iniciado en: ":{"('0064-S-2012', 0)":"Senado","('0064-S-2012', 1)":null,"('0064-S-2012', 2)":null},"Expediente Diputados: ":{"('0064-S-2012', 0)":"0064-S-2012","('0064-S-2012', 1)":null,"('0064-S-2012', 2)":null},"Expediente Senado: ":{"('0064-S-2012', 0)":"0426-OV-2011","('0064-S-2012', 1)":null,"('0064-S-2012', 2)":null},"Fecha: ":{"('0064-S-2012', 0)":"11\/06\/2012","('0064-S-2012', 1)":null,"('0064-S-2012', 2)":null},"T\u00edtulo":{"('0064-S-2012', 0)":"PEDIDO DE INFORMES AL PODER EJECUTIVO SOBRE LAS MEDIDAS ADOPTADAS EN ATENCION A LAS OBSERVACIONES FORMULADAS POR LA AUDITORIA GENERAL DE LA NACION (RESOLUCION 195\/11); CON MOTIVO DEL INFORME REFERIDO A LA AUDITORIA INFORMATICA DEL SISTEMA INTEGRADO DE INFORMACION FINANCIERA DE LA SECRETARIA DE HACIENDA CON EL OBJETO DE ANALIZAR LA SEGURIDAD Y LA CALIDAD DE LA INFORMACION ALMACENADA.","('0064-S-2012', 1)":null,"('0064-S-2012', 2)":null},"('Firmantes', 'FIRMANTE')":{"('0064-S-2012', 0)":"PARLAMENTARIA MIXTA REVISORA DE CUENTAS","('0064-S-2012', 1)":null,"('0064-S-2012', 2)":null},"('Firmantes', 'DISTRITO')":{"('0064-S-2012', 0)":null,"('0064-S-2012', 1)":null,"('0064-S-2012', 2)":null},"('Firmantes', 'BLOQUE')":{"('0064-S-2012', 0)":null,"('0064-S-2012', 1)":null,"('0064-S-2012', 2)":null},"('Giros', 'COMISI\u00d3N')":{"('0064-S-2012', 0)":"PARLAMENTARIA MIXTA REVISORA DE CUENTAS","('0064-S-2012', 1)":null,"('0064-S-2012', 2)":null},"('Tramites', 'C\u00c1MARA')":{"('0064-S-2012', 0)":"Senado","('0064-S-2012', 1)":"Diputados","('0064-S-2012', 2)":"Diputados"},"('Tramites', 'MOVIMIENTO')":{"('0064-S-2012', 0)":"CONSIDERACION Y APROBACION","('0064-S-2012', 1)":"PASA A DIPUTADOS -","('0064-S-2012', 2)":"CONSIDERACION Y APROBACION"},"('Tramites', 'FECHA')":{"('0064-S-2012', 0)":"11\/07\/2012","('0064-S-2012', 1)":null,"('0064-S-2012', 2)":"08\/08\/2012"},"('Tramites', 'RESULTADO')":{"('0064-S-2012', 0)":"APROBADO","('0064-S-2012', 1)":null,"('0064-S-2012', 2)":"APROBADO"},"Link":{"('0064-S-2012', 0)":"http:\/\/www.senado.gov.ar\/parlamentario\/comisiones\/verExp\/426.11\/OV\/PR","('0064-S-2012', 1)":null,"('0064-S-2012', 2)":null},"Palabra Clave":{"('0064-S-2012', 0)":" ","('0064-S-2012', 1)":null,"('0064-S-2012', 2)":null}}