{"Tipo de Proyecto":{"('0065-D-2012', 0)":"PROYECTO DE RESOLUCI\u00d3N","('0065-D-2012', 1)":null,"('0065-D-2012', 2)":null,"('0065-D-2012', 3)":null,"('0065-D-2012', 4)":null,"('0065-D-2012', 5)":null,"('0065-D-2012', 6)":null,"('0065-D-2012', 7)":null,"('0065-D-2012', 8)":null,"('0065-D-2012', 9)":null},"Iniciado en: ":{"('0065-D-2012', 0)":"Diputados","('0065-D-2012', 1)":null,"('0065-D-2012', 2)":null,"('0065-D-2012', 3)":null,"('0065-D-2012', 4)":null,"('0065-D-2012', 5)":null,"('0065-D-2012', 6)":null,"('0065-D-2012', 7)":null,"('0065-D-2012', 8)":null,"('0065-D-2012', 9)":null},"Expediente Diputados: ":{"('0065-D-2012', 0)":"0065-D-2012","('0065-D-2012', 1)":null,"('0065-D-2012', 2)":null,"('0065-D-2012', 3)":null,"('0065-D-2012', 4)":null,"('0065-D-2012', 5)":null,"('0065-D-2012', 6)":null,"('0065-D-2012', 7)":null,"('0065-D-2012', 8)":null,"('0065-D-2012', 9)":null},"Publicado en: ":{"('0065-D-2012', 0)":"Tr\u00e1mite Parlamentario N\u00b0 1","('0065-D-2012', 1)":null,"('0065-D-2012', 2)":null,"('0065-D-2012', 3)":null,"('0065-D-2012', 4)":null,"('0065-D-2012', 5)":null,"('0065-D-2012', 6)":null,"('0065-D-2012', 7)":null,"('0065-D-2012', 8)":null,"('0065-D-2012', 9)":null},"Fecha: ":{"('0065-D-2012', 0)":"01\/03\/2012","('0065-D-2012', 1)":null,"('0065-D-2012', 2)":null,"('0065-D-2012', 3)":null,"('0065-D-2012', 4)":null,"('0065-D-2012', 5)":null,"('0065-D-2012', 6)":null,"('0065-D-2012', 7)":null,"('0065-D-2012', 8)":null,"('0065-D-2012', 9)":null},"T\u00edtulo":{"('0065-D-2012', 0)":"SOLICITAR AL PODER EJECUTIVO DISPONGA INSTRUIR Y PROMOVER LA INCLUSION PROFESIONAL DEL DR. BALTASAR GARZON EN INSTITUCIONES PUBLICAS EN EL PAIS, REGIONALES U ORGANISMOS INTERNACIONALES, CUYO OBJETO SEA LA DEFENSA Y PROMOCION DE LOS DERECHOS HUMANOS.","('0065-D-2012', 1)":null,"('0065-D-2012', 2)":null,"('0065-D-2012', 3)":null,"('0065-D-2012', 4)":null,"('0065-D-2012', 5)":null,"('0065-D-2012', 6)":null,"('0065-D-2012', 7)":null,"('0065-D-2012', 8)":null,"('0065-D-2012', 9)":null},"('Firmantes', 'FIRMANTE')":{"('0065-D-2012', 0)":"BIANCHI, MARIA DEL CARMEN","('0065-D-2012', 1)":"FELETTI, ROBERTO JOSE","('0065-D-2012', 2)":"PERIE, JULIA ARGENTINA","('0065-D-2012', 3)":"SEGARRA, ADELA ROSA","('0065-D-2012', 4)":"CIAMPINI, JOSE ALBERTO","('0065-D-2012', 5)":"GIACCONE, CLAUDIA ALEJANDRA","('0065-D-2012', 6)":"CARMONA, GUILLERMO RAMON","('0065-D-2012', 7)":"BERNAL, MARIA EUGENIA","('0065-D-2012', 8)":"PUIGGROS, ADRIANA VICTORIA","('0065-D-2012', 9)":"PIETRAGALLA CORTI, HORACIO"},"('Firmantes', 'DISTRITO')":{"('0065-D-2012', 0)":"CIUDAD de BUENOS AIRES","('0065-D-2012', 1)":"CIUDAD de BUENOS AIRES","('0065-D-2012', 2)":"MISIONES","('0065-D-2012', 3)":"BUENOS AIRES","('0065-D-2012', 4)":"NEUQUEN","('0065-D-2012', 5)":"SANTA FE","('0065-D-2012', 6)":"MENDOZA","('0065-D-2012', 7)":"JUJUY","('0065-D-2012', 8)":"BUENOS AIRES","('0065-D-2012', 9)":"BUENOS AIRES"},"('Firmantes', 'BLOQUE')":{"('0065-D-2012', 0)":"FRENTE PARA LA VICTORIA - PJ","('0065-D-2012', 1)":"FRENTE PARA LA VICTORIA - PJ","('0065-D-2012', 2)":"FRENTE PARA LA VICTORIA - PJ","('0065-D-2012', 3)":"FRENTE PARA LA VICTORIA - PJ","('0065-D-2012', 4)":"FRENTE PARA LA VICTORIA - PJ","('0065-D-2012', 5)":"FRENTE PARA LA VICTORIA - PJ","('0065-D-2012', 6)":"FRENTE PARA LA VICTORIA - PJ","('0065-D-2012', 7)":"FRENTE PARA LA VICTORIA - PJ","('0065-D-2012', 8)":"FRENTE PARA LA VICTORIA - PJ","('0065-D-2012', 9)":"FRENTE PARA LA VICTORIA - PJ"},"('Giros', 'COMISI\u00d3N')":{"('0065-D-2012', 0)":"DERECHOS HUMANOS Y GARANTIAS","('0065-D-2012', 1)":null,"('0065-D-2012', 2)":null,"('0065-D-2012', 3)":null,"('0065-D-2012', 4)":null,"('0065-D-2012', 5)":null,"('0065-D-2012', 6)":null,"('0065-D-2012', 7)":null,"('0065-D-2012', 8)":null,"('0065-D-2012', 9)":null},"Link":{"('0065-D-2012', 0)":"https:\/\/www.hcdn.gob.ar\/proyectos\/textoCompleto.jsp?exp=0065-D-2012&tipo=RESOLUCION","('0065-D-2012', 1)":null,"('0065-D-2012', 2)":null,"('0065-D-2012', 3)":null,"('0065-D-2012', 4)":null,"('0065-D-2012', 5)":null,"('0065-D-2012', 6)":null,"('0065-D-2012', 7)":null,"('0065-D-2012', 8)":null,"('0065-D-2012', 9)":null},"Palabra Clave":{"('0065-D-2012', 0)":" ","('0065-D-2012', 1)":null,"('0065-D-2012', 2)":null,"('0065-D-2012', 3)":null,"('0065-D-2012', 4)":null,"('0065-D-2012', 5)":null,"('0065-D-2012', 6)":null,"('0065-D-2012', 7)":null,"('0065-D-2012', 8)":null,"('0065-D-2012', 9)":null}}