{"Tipo de Proyecto":{"('0065-S-2012', 0)":"PROYECTO DE RESOLUCI\u00d3N","('0065-S-2012', 1)":null,"('0065-S-2012', 2)":null},"Iniciado en: ":{"('0065-S-2012', 0)":"Senado","('0065-S-2012', 1)":null,"('0065-S-2012', 2)":null},"Expediente Diputados: ":{"('0065-S-2012', 0)":"0065-S-2012","('0065-S-2012', 1)":null,"('0065-S-2012', 2)":null},"Expediente Senado: ":{"('0065-S-2012', 0)":"0491-OV-2011","('0065-S-2012', 1)":null,"('0065-S-2012', 2)":null},"Fecha: ":{"('0065-S-2012', 0)":"11\/06\/2012","('0065-S-2012', 1)":null,"('0065-S-2012', 2)":null},"T\u00edtulo":{"('0065-S-2012', 0)":"PEDIDO DE INFORMES AL PODER EJECUTIVO SOBRE LAS MEDIDAS ADOPTADAS EN ATENCION A LAS OBSERVACIONES FORMULADAS POR LA AUDITORIA GENERAL DE LA NACION (RESOLUCION 243\/11); SOBRE LOS ESTADOS FINANCIEROS DEL EJERCICIO FINALIZADO EL 31\/12\/2010, CORRESPONDIENTES AL \"PROYECTO DE EMERGENCIA PARA LA PREVENCION, VIGILANCIA Y CONTROL DE ENFERMEDADES TIPO INFLUENZA H1N1\" REALIZADO A TRAVES DEL MINISTERIO DE SALUD.","('0065-S-2012', 1)":null,"('0065-S-2012', 2)":null},"('Firmantes', 'FIRMANTE')":{"('0065-S-2012', 0)":"PARLAMENTARIA MIXTA REVISORA DE CUENTAS","('0065-S-2012', 1)":null,"('0065-S-2012', 2)":null},"('Firmantes', 'DISTRITO')":{"('0065-S-2012', 0)":null,"('0065-S-2012', 1)":null,"('0065-S-2012', 2)":null},"('Firmantes', 'BLOQUE')":{"('0065-S-2012', 0)":null,"('0065-S-2012', 1)":null,"('0065-S-2012', 2)":null},"('Giros', 'COMISI\u00d3N')":{"('0065-S-2012', 0)":"PARLAMENTARIA MIXTA REVISORA DE CUENTAS","('0065-S-2012', 1)":null,"('0065-S-2012', 2)":null},"('Tramites', 'C\u00c1MARA')":{"('0065-S-2012', 0)":"Senado","('0065-S-2012', 1)":"Diputados","('0065-S-2012', 2)":"Diputados"},"('Tramites', 'MOVIMIENTO')":{"('0065-S-2012', 0)":"CONSIDERACION Y APROBACION","('0065-S-2012', 1)":"PASA A DIPUTADOS -","('0065-S-2012', 2)":"CONSIDERACION Y APROBACION"},"('Tramites', 'FECHA')":{"('0065-S-2012', 0)":"11\/07\/2012","('0065-S-2012', 1)":null,"('0065-S-2012', 2)":"08\/08\/2012"},"('Tramites', 'RESULTADO')":{"('0065-S-2012', 0)":"APROBADO","('0065-S-2012', 1)":null,"('0065-S-2012', 2)":"APROBADO"},"Link":{"('0065-S-2012', 0)":"http:\/\/www.senado.gov.ar\/parlamentario\/comisiones\/verExp\/491.11\/OV\/PR","('0065-S-2012', 1)":null,"('0065-S-2012', 2)":null},"Palabra Clave":{"('0065-S-2012', 0)":" ","('0065-S-2012', 1)":null,"('0065-S-2012', 2)":null}}