{"Tipo de Proyecto":{"('0066-S-2012', 0)":"PROYECTO DE RESOLUCI\u00d3N","('0066-S-2012', 1)":null,"('0066-S-2012', 2)":null},"Iniciado en: ":{"('0066-S-2012', 0)":"Senado","('0066-S-2012', 1)":null,"('0066-S-2012', 2)":null},"Expediente Diputados: ":{"('0066-S-2012', 0)":"0066-S-2012","('0066-S-2012', 1)":null,"('0066-S-2012', 2)":null},"Expediente Senado: ":{"('0066-S-2012', 0)":"0484-OV-2011","('0066-S-2012', 1)":null,"('0066-S-2012', 2)":null},"Fecha: ":{"('0066-S-2012', 0)":"11\/06\/2012","('0066-S-2012', 1)":null,"('0066-S-2012', 2)":null},"T\u00edtulo":{"('0066-S-2012', 0)":"PEDIDO DE INFORMES AL PODER EJECUTIVO SOBRE LAS MEDIDAS ADOPTADAS EN ATENCION A LAS OBSERVACIONES FORMULADAS POR LA AUDITORIA GENERAL DE LA NACION (RESOLUCION 230\/11); RESPECTO DE SU INFORME SOBRE LA EVALUACION GENERAL DE LOS CONTROLES TI EN RELACION AL CUMPLIMIENTO DEL ARTICULO 69 DE LA LEY DE ADMINISTRACION FINANCIERA 24156, EN EL AMBITO DE LA OFICINA NACIONAL DE CREDITO PUBLICO - SECRETARIA DE FINANZAS.","('0066-S-2012', 1)":null,"('0066-S-2012', 2)":null},"('Firmantes', 'FIRMANTE')":{"('0066-S-2012', 0)":"PARLAMENTARIA MIXTA REVISORA DE CUENTAS","('0066-S-2012', 1)":null,"('0066-S-2012', 2)":null},"('Firmantes', 'DISTRITO')":{"('0066-S-2012', 0)":null,"('0066-S-2012', 1)":null,"('0066-S-2012', 2)":null},"('Firmantes', 'BLOQUE')":{"('0066-S-2012', 0)":null,"('0066-S-2012', 1)":null,"('0066-S-2012', 2)":null},"('Giros', 'COMISI\u00d3N')":{"('0066-S-2012', 0)":"PARLAMENTARIA MIXTA REVISORA DE CUENTAS","('0066-S-2012', 1)":null,"('0066-S-2012', 2)":null},"('Tramites', 'C\u00c1MARA')":{"('0066-S-2012', 0)":"Senado","('0066-S-2012', 1)":"Diputados","('0066-S-2012', 2)":"Diputados"},"('Tramites', 'MOVIMIENTO')":{"('0066-S-2012', 0)":"CONSIDERACION Y APROBACION","('0066-S-2012', 1)":"PASA A DIPUTADOS -","('0066-S-2012', 2)":"CONSIDERACION Y APROBACION"},"('Tramites', 'FECHA')":{"('0066-S-2012', 0)":"11\/07\/2012","('0066-S-2012', 1)":null,"('0066-S-2012', 2)":"08\/08\/2012"},"('Tramites', 'RESULTADO')":{"('0066-S-2012', 0)":"APROBADO","('0066-S-2012', 1)":null,"('0066-S-2012', 2)":"APROBADO"},"Link":{"('0066-S-2012', 0)":"http:\/\/www.senado.gov.ar\/parlamentario\/comisiones\/verExp\/484.11\/OV\/PR","('0066-S-2012', 1)":null,"('0066-S-2012', 2)":null},"Palabra Clave":{"('0066-S-2012', 0)":" ","('0066-S-2012', 1)":null,"('0066-S-2012', 2)":null}}