{"Tipo de Proyecto":{"('0067-D-2012', 0)":"PROYECTO DE LEY","('0067-D-2012', 1)":null,"('0067-D-2012', 2)":null},"Iniciado en: ":{"('0067-D-2012', 0)":"Diputados","('0067-D-2012', 1)":null,"('0067-D-2012', 2)":null},"Expediente Diputados: ":{"('0067-D-2012', 0)":"0067-D-2012","('0067-D-2012', 1)":null,"('0067-D-2012', 2)":null},"Publicado en: ":{"('0067-D-2012', 0)":"Tr\u00e1mite Parlamentario N\u00b0 1","('0067-D-2012', 1)":null,"('0067-D-2012', 2)":null},"Fecha: ":{"('0067-D-2012', 0)":"01\/03\/2012","('0067-D-2012', 1)":null,"('0067-D-2012', 2)":null},"T\u00edtulo":{"('0067-D-2012', 0)":"ARTICULOS DE PIROTECNIA; PROHIBICION EN TODO EL TERRITORIO NACIONAL; DEROGACION DE LA LEY 24304.","('0067-D-2012', 1)":null,"('0067-D-2012', 2)":null},"('Firmantes', 'FIRMANTE')":{"('0067-D-2012', 0)":"KOSINER, PABLO FRANCISCO JUAN","('0067-D-2012', 1)":"FIORE VI\u00d1UALES, MARIA CRISTINA DEL VALLE","('0067-D-2012', 2)":"YARADE, FERNANDO"},"('Firmantes', 'DISTRITO')":{"('0067-D-2012', 0)":"SALTA","('0067-D-2012', 1)":"SALTA","('0067-D-2012', 2)":"SALTA"},"('Firmantes', 'BLOQUE')":{"('0067-D-2012', 0)":"FRENTE PARA LA VICTORIA - PJ","('0067-D-2012', 1)":"RENOVADOR DE SALTA","('0067-D-2012', 2)":"FRENTE PARA LA VICTORIA - PJ"},"('Giros', 'COMISI\u00d3N')":{"('0067-D-2012', 0)":"COMERCIO","('0067-D-2012', 1)":"SEGURIDAD INTERIOR","('0067-D-2012', 2)":null},"('Tramites', 'C\u00c1MARA')":{"('0067-D-2012', 0)":"Diputados","('0067-D-2012', 1)":null,"('0067-D-2012', 2)":null},"('Tramites', 'MOVIMIENTO')":{"('0067-D-2012', 0)":"SOLICITUD DE SER COFIRMANTE DEL DIPUTADO YARADE (A SUS ANTECEDENTES)","('0067-D-2012', 1)":null,"('0067-D-2012', 2)":null},"('Tramites', 'FECHA')":{"('0067-D-2012', 0)":"21\/03\/2012","('0067-D-2012', 1)":null,"('0067-D-2012', 2)":null},"('Tramites', 'RESULTADO')":{"('0067-D-2012', 0)":null,"('0067-D-2012', 1)":null,"('0067-D-2012', 2)":null},"Sumario":{"('0067-D-2012', 0)":"PROHIBICION DE LA UTILIZACION, TENENCIA , ACOPIO, EXHIBICION, FABRICACION PARA USO PARTICULAR Y EXPENDIO AL PUBLICO DE ARTIFICIOS DE PIROTECNIA POR PARTE DE PERSONAS FISICAS Y\/O JURIDICAS QUE NO SE ENCUENTREN HABILITADAS A TAL EFECTO POR LA AUTORIDAD DE APLICACION; ESPECTACULOS; MULTAS; EXCLUSIONES; INVITACION A ADECUACION DE NORMAS A LAS PROVINCIAS.","('0067-D-2012', 1)":null,"('0067-D-2012', 2)":null},"Palabra Clave":{"('0067-D-2012', 0)":" ","('0067-D-2012', 1)":null,"('0067-D-2012', 2)":null}}