{"Tipo de Proyecto":{"('0068-S-2012', 0)":"PROYECTO DE RESOLUCI\u00d3N","('0068-S-2012', 1)":null,"('0068-S-2012', 2)":null,"('0068-S-2012', 3)":null,"('0068-S-2012', 4)":null},"Iniciado en: ":{"('0068-S-2012', 0)":"Senado","('0068-S-2012', 1)":null,"('0068-S-2012', 2)":null,"('0068-S-2012', 3)":null,"('0068-S-2012', 4)":null},"Expediente Diputados: ":{"('0068-S-2012', 0)":"0068-S-2012","('0068-S-2012', 1)":null,"('0068-S-2012', 2)":null,"('0068-S-2012', 3)":null,"('0068-S-2012', 4)":null},"Expediente Senado: ":{"('0068-S-2012', 0)":"0448-OV-2011","('0068-S-2012', 1)":null,"('0068-S-2012', 2)":null,"('0068-S-2012', 3)":null,"('0068-S-2012', 4)":null},"Fecha: ":{"('0068-S-2012', 0)":"11\/06\/2012","('0068-S-2012', 1)":null,"('0068-S-2012', 2)":null,"('0068-S-2012', 3)":null,"('0068-S-2012', 4)":null},"T\u00edtulo":{"('0068-S-2012', 0)":"PEDIDO DE INFORMES AL PODER EJECUTIVO SOBRE LAS MEDIDAS ADOPTADAS EN ATENCION A LAS OBSERVACIONES FORMULADAS POR LA AUDITORIA GENERAL DE LA NACION (RESOLUCION 201\/11); SOBRE EL EXAMEN REALIZADO EN EL AMBITO DE NUCLEOELECTRICA ARGENTINA SOCIEDAD ANONIMA (NASA), SOBRE ASPECTOS RELATIVOS A PROCEDIMIENTOS ADMINISTRATIVOS-CONTABLES Y DE CONTROL INTERNO, CORRESPONDIENTES A LOS EJERCICIOS FINALIZADOS EL 31\/12\/2008 , 2009 Y 2010.","('0068-S-2012', 1)":null,"('0068-S-2012', 2)":null,"('0068-S-2012', 3)":null,"('0068-S-2012', 4)":null},"('Firmantes', 'FIRMANTE')":{"('0068-S-2012', 0)":"PARLAMENTARIA MIXTA REVISORA DE CUENTAS","('0068-S-2012', 1)":null,"('0068-S-2012', 2)":null,"('0068-S-2012', 3)":null,"('0068-S-2012', 4)":null},"('Firmantes', 'DISTRITO')":{"('0068-S-2012', 0)":null,"('0068-S-2012', 1)":null,"('0068-S-2012', 2)":null,"('0068-S-2012', 3)":null,"('0068-S-2012', 4)":null},"('Firmantes', 'BLOQUE')":{"('0068-S-2012', 0)":null,"('0068-S-2012', 1)":null,"('0068-S-2012', 2)":null,"('0068-S-2012', 3)":null,"('0068-S-2012', 4)":null},"('Giros', 'COMISI\u00d3N')":{"('0068-S-2012', 0)":"PARLAMENTARIA MIXTA REVISORA DE CUENTAS","('0068-S-2012', 1)":null,"('0068-S-2012', 2)":null,"('0068-S-2012', 3)":null,"('0068-S-2012', 4)":null},"('Tramites', 'C\u00c1MARA')":{"('0068-S-2012', 0)":"Senado","('0068-S-2012', 1)":"Diputados","('0068-S-2012', 2)":"Diputados","('0068-S-2012', 3)":"Senado","('0068-S-2012', 4)":"Diputados"},"('Tramites', 'MOVIMIENTO')":{"('0068-S-2012', 0)":"CONSIDERACION Y APROBACION","('0068-S-2012', 1)":"PASA A DIPUTADOS -","('0068-S-2012', 2)":"CONSIDERACION Y APROBACION","('0068-S-2012', 3)":"CONTESTACION DEL PODER EJECUTIVO NACIONAL - GIRADO A LA COMISION RESPECTIVA","('0068-S-2012', 4)":null},"('Tramites', 'FECHA')":{"('0068-S-2012', 0)":"11\/07\/2012","('0068-S-2012', 1)":null,"('0068-S-2012', 2)":"08\/08\/2012","('0068-S-2012', 3)":"30\/04\/2014","('0068-S-2012', 4)":null},"('Tramites', 'RESULTADO')":{"('0068-S-2012', 0)":"APROBADO","('0068-S-2012', 1)":null,"('0068-S-2012', 2)":"APROBADO","('0068-S-2012', 3)":null,"('0068-S-2012', 4)":null},"Link":{"('0068-S-2012', 0)":"http:\/\/www.senado.gov.ar\/parlamentario\/comisiones\/verExp\/448.11\/OV\/PR","('0068-S-2012', 1)":null,"('0068-S-2012', 2)":null,"('0068-S-2012', 3)":null,"('0068-S-2012', 4)":null},"Palabra Clave":{"('0068-S-2012', 0)":" ","('0068-S-2012', 1)":null,"('0068-S-2012', 2)":null,"('0068-S-2012', 3)":null,"('0068-S-2012', 4)":null}}