{"Tipo de Proyecto":{"('0068-D-2012', 0)":"PROYECTO DE LEY","('0068-D-2012', 1)":null,"('0068-D-2012', 2)":null,"('0068-D-2012', 3)":null,"('0068-D-2012', 4)":null},"Iniciado en: ":{"('0068-D-2012', 0)":"Diputados","('0068-D-2012', 1)":null,"('0068-D-2012', 2)":null,"('0068-D-2012', 3)":null,"('0068-D-2012', 4)":null},"Expediente Diputados: ":{"('0068-D-2012', 0)":"0068-D-2012","('0068-D-2012', 1)":null,"('0068-D-2012', 2)":null,"('0068-D-2012', 3)":null,"('0068-D-2012', 4)":null},"Publicado en: ":{"('0068-D-2012', 0)":"Tr\u00e1mite Parlamentario N\u00b0 1","('0068-D-2012', 1)":null,"('0068-D-2012', 2)":null,"('0068-D-2012', 3)":null,"('0068-D-2012', 4)":null},"Fecha: ":{"('0068-D-2012', 0)":"01\/03\/2012","('0068-D-2012', 1)":null,"('0068-D-2012', 2)":null,"('0068-D-2012', 3)":null,"('0068-D-2012', 4)":null},"T\u00edtulo":{"('0068-D-2012', 0)":"CODIGO PROCESAL PENAL DE LA NACION; MODIFICACIONES, SOBRE NO PROCEDER AL ARRESTO CUANDO EL O LOS HECHOS DE QUE SE TRATEN TUVIERAN LUGAR EN OCASION DEL EJERCICIO DE DERECHOS HUMANOS Y\/O SOCIALES O DE CUALQUIER DERECHO CONSTITUCIONAL.","('0068-D-2012', 1)":null,"('0068-D-2012', 2)":null,"('0068-D-2012', 3)":null,"('0068-D-2012', 4)":null},"('Firmantes', 'FIRMANTE')":{"('0068-D-2012', 0)":"PARADA, LILIANA BEATRIZ","('0068-D-2012', 1)":"ITURRASPE, NORA GRACIELA","('0068-D-2012', 2)":"RIESTRA, ANTONIO SABINO","('0068-D-2012', 3)":"DE GENNARO, VICTOR NORBERTO","('0068-D-2012', 4)":"LOZANO, CLAUDIO RAUL"},"('Firmantes', 'DISTRITO')":{"('0068-D-2012', 0)":"CIUDAD de BUENOS AIRES","('0068-D-2012', 1)":"BUENOS AIRES","('0068-D-2012', 2)":"SANTA FE","('0068-D-2012', 3)":"BUENOS AIRES","('0068-D-2012', 4)":"CIUDAD de BUENOS AIRES"},"('Firmantes', 'BLOQUE')":{"('0068-D-2012', 0)":"UNIDAD POPULAR","('0068-D-2012', 1)":"UNIDAD POPULAR","('0068-D-2012', 2)":"UNIDAD POPULAR","('0068-D-2012', 3)":"UNIDAD POPULAR","('0068-D-2012', 4)":"UNIDAD POPULAR"},"('Giros', 'COMISI\u00d3N')":{"('0068-D-2012', 0)":"LEGISLACION PENAL","('0068-D-2012', 1)":null,"('0068-D-2012', 2)":null,"('0068-D-2012', 3)":null,"('0068-D-2012', 4)":null},"Sumario":{"('0068-D-2012', 0)":"MODIFICACION DE LOS ARTICULOS 281, 284 Y  312.","('0068-D-2012', 1)":null,"('0068-D-2012', 2)":null,"('0068-D-2012', 3)":null,"('0068-D-2012', 4)":null},"Palabra Clave":{"('0068-D-2012', 0)":" ","('0068-D-2012', 1)":null,"('0068-D-2012', 2)":null,"('0068-D-2012', 3)":null,"('0068-D-2012', 4)":null}}