{"Tipo de Proyecto":{"('0069-D-2012', 0)":"PROYECTO DE LEY","('0069-D-2012', 1)":null,"('0069-D-2012', 2)":null,"('0069-D-2012', 3)":null,"('0069-D-2012', 4)":null},"Iniciado en: ":{"('0069-D-2012', 0)":"Diputados","('0069-D-2012', 1)":null,"('0069-D-2012', 2)":null,"('0069-D-2012', 3)":null,"('0069-D-2012', 4)":null},"Expediente Diputados: ":{"('0069-D-2012', 0)":"0069-D-2012","('0069-D-2012', 1)":null,"('0069-D-2012', 2)":null,"('0069-D-2012', 3)":null,"('0069-D-2012', 4)":null},"Publicado en: ":{"('0069-D-2012', 0)":"Tr\u00e1mite Parlamentario N\u00b0 1","('0069-D-2012', 1)":null,"('0069-D-2012', 2)":null,"('0069-D-2012', 3)":null,"('0069-D-2012', 4)":null},"Fecha: ":{"('0069-D-2012', 0)":"01\/03\/2012","('0069-D-2012', 1)":null,"('0069-D-2012', 2)":null,"('0069-D-2012', 3)":null,"('0069-D-2012', 4)":null},"T\u00edtulo":{"('0069-D-2012', 0)":"DEROGACION DEL ARTICULO 41 QUINQUIES Y 306 DEL CODIGO PENAL; DEROGACION DEL ARTICULO 6 DE LA LEY 26734 MODIFICATORIA DEL CODIGO PENAL; SUSTITUCION DEL INCISO E DEL ARTICULO 33 DEL CODIGO PROCESAL PENAL DE LA NACION, SOBRE COMPETENCIA DEL JUEZ FEDERAL.","('0069-D-2012', 1)":null,"('0069-D-2012', 2)":null,"('0069-D-2012', 3)":null,"('0069-D-2012', 4)":null},"('Firmantes', 'FIRMANTE')":{"('0069-D-2012', 0)":"PARADA, LILIANA BEATRIZ","('0069-D-2012', 1)":"LOZANO, CLAUDIO RAUL","('0069-D-2012', 2)":"ITURRASPE, NORA GRACIELA","('0069-D-2012', 3)":"DE GENNARO, VICTOR NORBERTO","('0069-D-2012', 4)":"RIESTRA, ANTONIO SABINO"},"('Firmantes', 'DISTRITO')":{"('0069-D-2012', 0)":"CIUDAD de BUENOS AIRES","('0069-D-2012', 1)":"CIUDAD de BUENOS AIRES","('0069-D-2012', 2)":"BUENOS AIRES","('0069-D-2012', 3)":"BUENOS AIRES","('0069-D-2012', 4)":"SANTA FE"},"('Firmantes', 'BLOQUE')":{"('0069-D-2012', 0)":"UNIDAD POPULAR","('0069-D-2012', 1)":"UNIDAD POPULAR","('0069-D-2012', 2)":"UNIDAD POPULAR","('0069-D-2012', 3)":"UNIDAD POPULAR","('0069-D-2012', 4)":"UNIDAD POPULAR"},"('Giros', 'COMISI\u00d3N')":{"('0069-D-2012', 0)":"LEGISLACION PENAL","('0069-D-2012', 1)":"FINANZAS","('0069-D-2012', 2)":null,"('0069-D-2012', 3)":null,"('0069-D-2012', 4)":null},"Link":{"('0069-D-2012', 0)":"https:\/\/www.hcdn.gob.ar\/proyectos\/textoCompleto.jsp?exp=0069-D-2012&tipo=LEY","('0069-D-2012', 1)":null,"('0069-D-2012', 2)":null,"('0069-D-2012', 3)":null,"('0069-D-2012', 4)":null},"Palabra Clave":{"('0069-D-2012', 0)":" ","('0069-D-2012', 1)":null,"('0069-D-2012', 2)":null,"('0069-D-2012', 3)":null,"('0069-D-2012', 4)":null}}