{"Tipo de Proyecto":{"('0069-PE-2012', 0)":"MENSAJE NRO: 1054\/12"},"Iniciado en: ":{"('0069-PE-2012', 0)":"Senado"},"Expediente Senado: ":{"('0069-PE-2012', 0)":"0069-PE-2012"},"Publicado en: ":{"('0069-PE-2012', 0)":"DAE S.A. N\u00b0 5"},"Fecha: ":{"('0069-PE-2012', 0)":"05\/07\/2012"},"T\u00edtulo":{"('0069-PE-2012', 0)":"SOLICITA ACUERDO PARA DESIGNAR JUEZ DEL JUZGADO FEDERAL DE PRIMERA INSTANCIA EN LO CIVIL, COMERCIAL Y CONTENCIOSO ADMINISTRATIVO NUMERO 1 DE SAN MARTIN, PROVINCIA DE BUENOS AIRES AL DOCTOR OSCAR ALBERTO PAPAVERO."},"('Firmantes', 'FIRMANTE')":{"('0069-PE-2012', 0)":"FERNANDEZ DE KIRCHNER, CRISTINA"},"('Firmantes', 'DISTRITO')":{"('0069-PE-2012', 0)":null},"('Firmantes', 'BLOQUE')":{"('0069-PE-2012', 0)":"PODER EJECUTIVO"},"('Tramites', 'C\u00c1MARA')":{"('0069-PE-2012', 0)":"Senado"},"('Tramites', 'MOVIMIENTO')":{"('0069-PE-2012', 0)":"CONSIDERACION Y APROBACION"},"('Tramites', 'FECHA')":{"('0069-PE-2012', 0)":"03\/10\/2012"},"('Tramites', 'RESULTADO')":{"('0069-PE-2012', 0)":"APROBADO"},"Palabra Clave":{"('0069-PE-2012', 0)":" "}}