{"Tipo de Proyecto":{"('0070-D-2012', 0)":"PROYECTO DE LEY","('0070-D-2012', 1)":null},"Iniciado en: ":{"('0070-D-2012', 0)":"Diputados","('0070-D-2012', 1)":null},"Expediente Diputados: ":{"('0070-D-2012', 0)":"0070-D-2012","('0070-D-2012', 1)":null},"Publicado en: ":{"('0070-D-2012', 0)":"Tr\u00e1mite Parlamentario N\u00b0 1","('0070-D-2012', 1)":null},"Fecha: ":{"('0070-D-2012', 0)":"01\/03\/2012","('0070-D-2012', 1)":null},"T\u00edtulo":{"('0070-D-2012', 0)":"ACTOS DISCRIMINATORIOS - LEY 23592: MODIFICACION DEL ARTICULO 1, SOBRE ACCIONES U OMISIONES DE FUNCIONARIOS PUBLICOS QUE IMPIDAN EL CUMPLIMIENTO DE LAS NORMAS LEGALES QUE GARANTIZAN LA INTEGRACION DE PERSONAS CON DISCAPACIDAD.","('0070-D-2012', 1)":null},"('Firmantes', 'FIRMANTE')":{"('0070-D-2012', 0)":"CONTI, DIANA BEATRIZ","('0070-D-2012', 1)":null},"('Firmantes', 'DISTRITO')":{"('0070-D-2012', 0)":"BUENOS AIRES","('0070-D-2012', 1)":null},"('Firmantes', 'BLOQUE')":{"('0070-D-2012', 0)":"FRENTE PARA LA VICTORIA - PJ","('0070-D-2012', 1)":null},"('Giros', 'COMISI\u00d3N')":{"('0070-D-2012', 0)":"DERECHOS HUMANOS Y GARANTIAS","('0070-D-2012', 1)":"DISCAPACIDAD"},"Link":{"('0070-D-2012', 0)":"https:\/\/www.hcdn.gob.ar\/proyectos\/textoCompleto.jsp?exp=0070-D-2012&tipo=LEY","('0070-D-2012', 1)":null},"Palabra Clave":{"('0070-D-2012', 0)":" ","('0070-D-2012', 1)":null}}