{"Tipo de Proyecto":{"('0070-PE-2012', 0)":"MENSAJE NRO: 1055\/12"},"Iniciado en: ":{"('0070-PE-2012', 0)":"Senado"},"Expediente Senado: ":{"('0070-PE-2012', 0)":"0070-PE-2012"},"Publicado en: ":{"('0070-PE-2012', 0)":"DAE S.A. N\u00b0 5"},"Fecha: ":{"('0070-PE-2012', 0)":"05\/07\/2012"},"T\u00edtulo":{"('0070-PE-2012', 0)":"SOLICITA ACUERDO PARA DESIGNAR VOCAL DE LA CAMARA FEDERAL DE APELACIONES DE MAR DEL PLATA, PROVINCIA DE BUENOS AIRES AL DOCTOR EDUARDO PABLO JIMENEZ."},"('Firmantes', 'FIRMANTE')":{"('0070-PE-2012', 0)":"FERNANDEZ DE KIRCHNER, CRISTINA"},"('Firmantes', 'DISTRITO')":{"('0070-PE-2012', 0)":null},"('Firmantes', 'BLOQUE')":{"('0070-PE-2012', 0)":"PODER EJECUTIVO"},"('Tramites', 'C\u00c1MARA')":{"('0070-PE-2012', 0)":"Senado"},"('Tramites', 'MOVIMIENTO')":{"('0070-PE-2012', 0)":"CONSIDERACION Y APROBACION"},"('Tramites', 'FECHA')":{"('0070-PE-2012', 0)":"20\/03\/2013"},"('Tramites', 'RESULTADO')":{"('0070-PE-2012', 0)":"APROBADO"},"Palabra Clave":{"('0070-PE-2012', 0)":" "}}