{"Tipo de Proyecto":{"('0071-S-2012', 0)":"PROYECTO DE RESOLUCI\u00d3N","('0071-S-2012', 1)":null},"Iniciado en: ":{"('0071-S-2012', 0)":"Senado","('0071-S-2012', 1)":null},"Expediente Diputados: ":{"('0071-S-2012', 0)":"0071-S-2012","('0071-S-2012', 1)":null},"Expediente Senado: ":{"('0071-S-2012', 0)":"0044-OVD-2011","('0071-S-2012', 1)":null},"Fecha: ":{"('0071-S-2012', 0)":"11\/06\/2012","('0071-S-2012', 1)":null},"T\u00edtulo":{"('0071-S-2012', 0)":"PEDIDO DE INFORMES AL PODER EJECUTIVO SOBRE LAS MEDIDAS ADOPTADAS EN ATENCION A LAS OBSERVACIONES FORMULADAS POR LA AUDITORIA GENERAL DE LA NACION (RESOLUCIONES 248\/11 Y 77\/11); CON MOTIVO DE LOS EXAMENES REALIZADOS EN EL AMBITO DE TALLERES NAVALES DARSENA NORTE SOCIEDAD ANONIMA COMERCIAL, INDUSTRIAL Y NAVIERA, REFERIDO AL RELEVAMIENTO SOBRE PROCEDIMIENTOS ADMINISTRATIVOS-CONTABLES Y DE CONTROL INTERNO, EN OPORTUNIDAD DE LA AUDITORIA EFECTUADA SOBRE LOS ESTADOS CONTABLES POR LOS EJERCICIOS FINALIZADOS EL 30\/06\/08 Y EL 30\/06\/09 Y SOBRE EL EJERCICIO IRREGULAR COMPRENDIDO ENTRE EL 01\/07\/09 Y EL 30\/12\/09.","('0071-S-2012', 1)":null},"('Firmantes', 'FIRMANTE')":{"('0071-S-2012', 0)":"PARLAMENTARIA MIXTA REVISORA DE CUENTAS","('0071-S-2012', 1)":null},"('Firmantes', 'DISTRITO')":{"('0071-S-2012', 0)":null,"('0071-S-2012', 1)":null},"('Firmantes', 'BLOQUE')":{"('0071-S-2012', 0)":null,"('0071-S-2012', 1)":null},"('Giros', 'COMISI\u00d3N')":{"('0071-S-2012', 0)":"PARLAMENTARIA MIXTA REVISORA DE CUENTAS","('0071-S-2012', 1)":null},"('Tramites', 'C\u00c1MARA')":{"('0071-S-2012', 0)":"Senado","('0071-S-2012', 1)":"Diputados"},"('Tramites', 'MOVIMIENTO')":{"('0071-S-2012', 0)":"CONSIDERACION Y APROBACION","('0071-S-2012', 1)":"PASA A DIPUTADOS -"},"('Tramites', 'FECHA')":{"('0071-S-2012', 0)":"11\/07\/2012","('0071-S-2012', 1)":null},"('Tramites', 'RESULTADO')":{"('0071-S-2012', 0)":"APROBADO","('0071-S-2012', 1)":null},"Link":{"('0071-S-2012', 0)":"http:\/\/www.senado.gov.ar\/parlamentario\/comisiones\/verExp\/44.11\/OVD\/PR","('0071-S-2012', 1)":null},"Palabra Clave":{"('0071-S-2012', 0)":" ","('0071-S-2012', 1)":null}}