{"Tipo de Proyecto":{"('0071-PE-2012', 0)":"MENSAJE NRO: 1056\/12"},"Iniciado en: ":{"('0071-PE-2012', 0)":"Senado"},"Expediente Senado: ":{"('0071-PE-2012', 0)":"0071-PE-2012"},"Publicado en: ":{"('0071-PE-2012', 0)":"DAE S.A. N\u00b0 5"},"Fecha: ":{"('0071-PE-2012', 0)":"05\/07\/2012"},"T\u00edtulo":{"('0071-PE-2012', 0)":"SOLICITA ACUERDO PARA DESIGNAR VOCAL DE LA CAMARA FEDERAL DE APELACIONES DE GENERAL ROCA, PROVINCIA DE RIO NEGRO AL DOCTOR RICHAR FERNANDO GALLEGO."},"('Firmantes', 'FIRMANTE')":{"('0071-PE-2012', 0)":"FERNANDEZ DE KIRCHNER, CRISTINA"},"('Firmantes', 'DISTRITO')":{"('0071-PE-2012', 0)":null},"('Firmantes', 'BLOQUE')":{"('0071-PE-2012', 0)":"PODER EJECUTIVO"},"('Tramites', 'C\u00c1MARA')":{"('0071-PE-2012', 0)":"Senado"},"('Tramites', 'MOVIMIENTO')":{"('0071-PE-2012', 0)":"CONSIDERACION Y APROBACION"},"('Tramites', 'FECHA')":{"('0071-PE-2012', 0)":"03\/10\/2012"},"('Tramites', 'RESULTADO')":{"('0071-PE-2012', 0)":"APROBADO"},"Palabra Clave":{"('0071-PE-2012', 0)":" "}}