{"Tipo de Proyecto":{"('0071-OV-2012', 0)":"PROYECTO DE RESOLUCI\u00d3N"},"Iniciado en: ":{"('0071-OV-2012', 0)":"Senado"},"Expediente Senado: ":{"('0071-OV-2012', 0)":"0071-OV-2012"},"Fecha: ":{"('0071-OV-2012', 0)":"26\/09\/2012"},"T\u00edtulo":{"('0071-OV-2012', 0)":"DICTAMEN EN LA RESOLUCION REMITIDA POR LA AUDITORIA GENERAL DE LA NACION (41\/12), RESPECTO DEL INFORME ESPECIAL SOBRE LOS PROCEDIMIENTOS DE CONTROL INTERNO EN MATERIA DE PREVENCION DEL LAVADO DE ACTIVOS REFERIDO AL BANCO DE INVERSION Y COMERCIO EXTERIOR SA - ESTADOS CONTABLES AL 31\/12\/11."},"('Firmantes', 'FIRMANTE')":{"('0071-OV-2012', 0)":"PARLAMENTARIA MIXTA REVISORA DE CUENTAS"},"('Firmantes', 'DISTRITO')":{"('0071-OV-2012', 0)":null},"('Firmantes', 'BLOQUE')":{"('0071-OV-2012', 0)":null},"('Tramites', 'C\u00c1MARA')":{"('0071-OV-2012', 0)":"Senado"},"('Tramites', 'MOVIMIENTO')":{"('0071-OV-2012', 0)":"CONSIDERACION Y APROBACION"},"('Tramites', 'FECHA')":{"('0071-OV-2012', 0)":"14\/11\/2012"},"('Tramites', 'RESULTADO')":{"('0071-OV-2012', 0)":"APROBADO"},"Sumario":{"('0071-OV-2012', 0)":"HABIENDO TOMADO CONOCIMIENTO, Y SIN PERJUICIO DE ULTERIORES MEDIDAS QUE PUEDAN ADOPTARSE, SE ACONSEJA SU REMISION AL ARCHIVO."},"Palabra Clave":{"('0071-OV-2012', 0)":" "}}