{"Tipo de Proyecto":{"('0072-D-2012', 0)":"PROYECTO DE LEY","('0072-D-2012', 1)":null},"Iniciado en: ":{"('0072-D-2012', 0)":"Diputados","('0072-D-2012', 1)":null},"Expediente Diputados: ":{"('0072-D-2012', 0)":"0072-D-2012","('0072-D-2012', 1)":null},"Publicado en: ":{"('0072-D-2012', 0)":"Tr\u00e1mite Parlamentario N\u00b0 1","('0072-D-2012', 1)":null},"Fecha: ":{"('0072-D-2012', 0)":"01\/03\/2012","('0072-D-2012', 1)":null},"T\u00edtulo":{"('0072-D-2012', 0)":"COMPETENCIA PENAL DEL PODER JUDICIAL DE LA NACION - LEY 24050: MODIFICACIONES, PARA OPTIMIZAR LOS RECURSOS HUMANOS EN LA ADMINISTRACION DE JUSTICIA.","('0072-D-2012', 1)":null},"('Firmantes', 'FIRMANTE')":{"('0072-D-2012', 0)":"CONTI, DIANA BEATRIZ","('0072-D-2012', 1)":null},"('Firmantes', 'DISTRITO')":{"('0072-D-2012', 0)":"BUENOS AIRES","('0072-D-2012', 1)":null},"('Firmantes', 'BLOQUE')":{"('0072-D-2012', 0)":"FRENTE PARA LA VICTORIA - PJ","('0072-D-2012', 1)":null},"('Giros', 'COMISI\u00d3N')":{"('0072-D-2012', 0)":"LEGISLACION GENERAL","('0072-D-2012', 1)":"JUSTICIA"},"Sumario":{"('0072-D-2012', 0)":"AGREGADO COMO ULTIMO PARRAFO DE LOS ARTICULOS 13, 14, 15, 16 (DELITOS); Y 17 (JUZGAMIENTO).","('0072-D-2012', 1)":null},"Palabra Clave":{"('0072-D-2012', 0)":" ","('0072-D-2012', 1)":null}}