{"Tipo de Proyecto":{"('0072-OV-2012', 0)":"PROYECTO DE RESOLUCI\u00d3N"},"Iniciado en: ":{"('0072-OV-2012', 0)":"Senado"},"Expediente Senado: ":{"('0072-OV-2012', 0)":"0072-OV-2012"},"Fecha: ":{"('0072-OV-2012', 0)":"07\/09\/2012"},"T\u00edtulo":{"('0072-OV-2012', 0)":"DICTAMEN EN LA RESOLUCION REMITIDA POR LA AUDITORIA GENERAL DE LA NACION (42\/12 DEL 03\/04\/12), TOMANDO CONOCIMIENTO DE LAS CERTIFICACIONES DE LAS TRANSFERENCIAS DE FONDOS DEL ESTADO NACIONAL A AEROLINEAS ARGENTINAS SA APROBADAS POR RESOLUCIONES 77, 85, 116 Y 181 DEL A\u00d1O 2011 DE LA SECRETARIA DE TRANSPORTE DEL MINISTERIO DE PLANIFICACION FEDERAL, INVERSION PUBLICA Y SERVICIOS."},"('Firmantes', 'FIRMANTE')":{"('0072-OV-2012', 0)":"PARLAMENTARIA MIXTA REVISORA DE CUENTAS"},"('Firmantes', 'DISTRITO')":{"('0072-OV-2012', 0)":null},"('Firmantes', 'BLOQUE')":{"('0072-OV-2012', 0)":null},"('Tramites', 'C\u00c1MARA')":{"('0072-OV-2012', 0)":"Senado"},"('Tramites', 'MOVIMIENTO')":{"('0072-OV-2012', 0)":"CONSIDERACION Y APROBACION"},"('Tramites', 'FECHA')":{"('0072-OV-2012', 0)":"14\/11\/2012"},"('Tramites', 'RESULTADO')":{"('0072-OV-2012', 0)":"APROBADO"},"Sumario":{"('0072-OV-2012', 0)":"HABIENDO TOMADO CONOCIMIENTO, Y SIN PERJUICIO DE ULTERIORES MEDIDAS QUE PUEDAN ADOPTARSE, SE ACONSEJA SU REMISION AL ARCHIVO."},"Palabra Clave":{"('0072-OV-2012', 0)":" "}}