{"Tipo de Proyecto":{"('0073-D-2012', 0)":"PROYECTO DE LEY","('0073-D-2012', 1)":null},"Iniciado en: ":{"('0073-D-2012', 0)":"Diputados","('0073-D-2012', 1)":null},"Expediente Diputados: ":{"('0073-D-2012', 0)":"0073-D-2012","('0073-D-2012', 1)":null},"Publicado en: ":{"('0073-D-2012', 0)":"Tr\u00e1mite Parlamentario N\u00b0 1","('0073-D-2012', 1)":null},"Fecha: ":{"('0073-D-2012', 0)":"01\/03\/2012","('0073-D-2012', 1)":null},"T\u00edtulo":{"('0073-D-2012', 0)":"DEFENSORIA PUBLICA DE MENORES E INCAPACES; CREACION ANTE LOS TRIBUNALES DE SEGUNDA INSTANCIA EN LO CIVIL, EN LO COMERCIAL Y DEL TRABAJO.","('0073-D-2012', 1)":null},"('Firmantes', 'FIRMANTE')":{"('0073-D-2012', 0)":"CONTI, DIANA BEATRIZ","('0073-D-2012', 1)":null},"('Firmantes', 'DISTRITO')":{"('0073-D-2012', 0)":"BUENOS AIRES","('0073-D-2012', 1)":null},"('Firmantes', 'BLOQUE')":{"('0073-D-2012', 0)":"FRENTE PARA LA VICTORIA - PJ","('0073-D-2012', 1)":null},"('Giros', 'COMISI\u00d3N')":{"('0073-D-2012', 0)":"JUSTICIA","('0073-D-2012', 1)":"PRESUPUESTO Y HACIENDA"},"Palabra Clave":{"('0073-D-2012', 0)":" ","('0073-D-2012', 1)":null}}