{"Tipo de Proyecto":{"('0074-S-2012', 0)":"PROYECTO DE RESOLUCI\u00d3N","('0074-S-2012', 1)":null,"('0074-S-2012', 2)":null},"Iniciado en: ":{"('0074-S-2012', 0)":"Senado","('0074-S-2012', 1)":null,"('0074-S-2012', 2)":null},"Expediente Diputados: ":{"('0074-S-2012', 0)":"0074-S-2012","('0074-S-2012', 1)":null,"('0074-S-2012', 2)":null},"Expediente Senado: ":{"('0074-S-2012', 0)":"0011-OV-2012","('0074-S-2012', 1)":null,"('0074-S-2012', 2)":null},"Fecha: ":{"('0074-S-2012', 0)":"11\/06\/2012","('0074-S-2012', 1)":null,"('0074-S-2012', 2)":null},"T\u00edtulo":{"('0074-S-2012', 0)":"PEDIDO DE INFORMES AL PODER EJECUTIVO SOBRE LAS MEDIDAS ADOPTADAS EN ATENCION A LAS OBSERVACIONES FORMULADAS POR LA AUDITORIA GENERAL DE LA NACION (RESOLUCION 20\/12); SOBRE EL INFORME DE AUDITORIA DE CONTROL DE GESTION AMBIENTAL REALIZADO EN EL MINISTERIO DE SALUD, PROGRAMA NACIONAL DE CHAGAS, POR EL PERIODO 2009 Y PRIMER SEMESTRE DE 2010.","('0074-S-2012', 1)":null,"('0074-S-2012', 2)":null},"('Firmantes', 'FIRMANTE')":{"('0074-S-2012', 0)":"PARLAMENTARIA MIXTA REVISORA DE CUENTAS","('0074-S-2012', 1)":null,"('0074-S-2012', 2)":null},"('Firmantes', 'DISTRITO')":{"('0074-S-2012', 0)":null,"('0074-S-2012', 1)":null,"('0074-S-2012', 2)":null},"('Firmantes', 'BLOQUE')":{"('0074-S-2012', 0)":null,"('0074-S-2012', 1)":null,"('0074-S-2012', 2)":null},"('Giros', 'COMISI\u00d3N')":{"('0074-S-2012', 0)":"PARLAMENTARIA MIXTA REVISORA DE CUENTAS","('0074-S-2012', 1)":null,"('0074-S-2012', 2)":null},"('Tramites', 'C\u00c1MARA')":{"('0074-S-2012', 0)":"Senado","('0074-S-2012', 1)":"Diputados","('0074-S-2012', 2)":"Diputados"},"('Tramites', 'MOVIMIENTO')":{"('0074-S-2012', 0)":"CONSIDERACION Y APROBACION","('0074-S-2012', 1)":"PASA A DIPUTADOS -","('0074-S-2012', 2)":"CONSIDERACION Y APROBACION"},"('Tramites', 'FECHA')":{"('0074-S-2012', 0)":"11\/07\/2012","('0074-S-2012', 1)":null,"('0074-S-2012', 2)":"08\/08\/2012"},"('Tramites', 'RESULTADO')":{"('0074-S-2012', 0)":"APROBADO","('0074-S-2012', 1)":null,"('0074-S-2012', 2)":"APROBADO"},"Link":{"('0074-S-2012', 0)":"http:\/\/www.senado.gov.ar\/parlamentario\/comisiones\/verExp\/11.12\/OV\/PR","('0074-S-2012', 1)":null,"('0074-S-2012', 2)":null},"Palabra Clave":{"('0074-S-2012', 0)":" ","('0074-S-2012', 1)":null,"('0074-S-2012', 2)":null}}