{"Tipo de Proyecto":{"('0075-PE-2012', 0)":"MENSAJE NRO: 1060\/12"},"Iniciado en: ":{"('0075-PE-2012', 0)":"Senado"},"Expediente Senado: ":{"('0075-PE-2012', 0)":"0075-PE-2012"},"Publicado en: ":{"('0075-PE-2012', 0)":"DAE S.A. N\u00b0 5"},"Fecha: ":{"('0075-PE-2012', 0)":"05\/07\/2012"},"T\u00edtulo":{"('0075-PE-2012', 0)":"SOLICITA ACUERDO PARA DESIGNAR JUEZ DE CAMARA EN EL TRIBUNAL ORAL EN LO CRIMINAL FEDERAL DE SALTA, PROVINCIA DE SALTA AL DOCTOR FEDERICO SANTIAGO DIAZ.\n"},"('Firmantes', 'FIRMANTE')":{"('0075-PE-2012', 0)":"FERNANDEZ DE KIRCHNER, CRISTINA"},"('Firmantes', 'DISTRITO')":{"('0075-PE-2012', 0)":null},"('Firmantes', 'BLOQUE')":{"('0075-PE-2012', 0)":"PODER EJECUTIVO"},"('Tramites', 'C\u00c1MARA')":{"('0075-PE-2012', 0)":"Senado"},"('Tramites', 'MOVIMIENTO')":{"('0075-PE-2012', 0)":"CONSIDERACION Y APROBACION"},"('Tramites', 'FECHA')":{"('0075-PE-2012', 0)":"03\/10\/2012"},"('Tramites', 'RESULTADO')":{"('0075-PE-2012', 0)":"APROBADO"},"Palabra Clave":{"('0075-PE-2012', 0)":" "}}