{"Tipo de Proyecto":{"('0075-D-2012', 0)":"PROYECTO DE LEY","('0075-D-2012', 1)":null},"Iniciado en: ":{"('0075-D-2012', 0)":"Diputados","('0075-D-2012', 1)":null},"Expediente Diputados: ":{"('0075-D-2012', 0)":"0075-D-2012","('0075-D-2012', 1)":null},"Publicado en: ":{"('0075-D-2012', 0)":"Tr\u00e1mite Parlamentario N\u00b0 1","('0075-D-2012', 1)":null},"Fecha: ":{"('0075-D-2012', 0)":"01\/03\/2012","('0075-D-2012', 1)":null},"T\u00edtulo":{"('0075-D-2012', 0)":"REGIMEN CONTRA EL NARCOTRAFICO - LEY 23737: MODIFICACIONES, SOBRE DESPENALIZACION DE LA TENENCIA DE DROGAS PARA USO PERSONAL","('0075-D-2012', 1)":null},"('Firmantes', 'FIRMANTE')":{"('0075-D-2012', 0)":"CONTI, DIANA BEATRIZ","('0075-D-2012', 1)":null},"('Firmantes', 'DISTRITO')":{"('0075-D-2012', 0)":"BUENOS AIRES","('0075-D-2012', 1)":null},"('Firmantes', 'BLOQUE')":{"('0075-D-2012', 0)":"FRENTE PARA LA VICTORIA - PJ","('0075-D-2012', 1)":null},"('Giros', 'COMISI\u00d3N')":{"('0075-D-2012', 0)":"PREVENCION DE ADICCIONES Y CONTROL DEL NARCOTRAFICO","('0075-D-2012', 1)":"LEGISLACION PENAL"},"Sumario":{"('0075-D-2012', 0)":"SUSTITUCION DEL ULTIMO PARRAFO DEL ARTICULO 5 (DESPENALIZACION DE LA SIEMBRA, CULTIVO O GUARDA DE SEMILLAS DESTINADAS A CONSUMO PERSONAL) Y ULTIMO PARRAFO DEL ARTICULO 14 (TENENCIA);  DEROGACION DE LOS ARTICULOS 17, 18, 21 Y 22; MODIFICACION DE LOS ARTICULOS 19 (TRATAMIENTO DE REHABILITACION) Y 20.","('0075-D-2012', 1)":null},"Palabra Clave":{"('0075-D-2012', 0)":" ","('0075-D-2012', 1)":null}}