{"Tipo de Proyecto":{"('0076-PE-2012', 0)":"MENSAJE NRO: 1061\/12","('0076-PE-2012', 1)":null},"Iniciado en: ":{"('0076-PE-2012', 0)":"Senado","('0076-PE-2012', 1)":null},"Expediente Senado: ":{"('0076-PE-2012', 0)":"0076-PE-2012","('0076-PE-2012', 1)":null},"Publicado en: ":{"('0076-PE-2012', 0)":"DAE S.A. N\u00b0 5","('0076-PE-2012', 1)":null},"Fecha: ":{"('0076-PE-2012', 0)":"05\/07\/2012","('0076-PE-2012', 1)":null},"T\u00edtulo":{"('0076-PE-2012', 0)":"SOLICITA ACUERDO PARA DESIGNAR JUEZ DEL JUZGADO FEDERAL DE PRIMERA INSTANCIA N\u00ba 1 DE SALTA, PROVINCIA DE SALTA, AL DOCTOR JULIO LEONARDO BAVIO.","('0076-PE-2012', 1)":null},"('Firmantes', 'FIRMANTE')":{"('0076-PE-2012', 0)":"FERNANDEZ DE KIRCHNER, CRISTINA","('0076-PE-2012', 1)":null},"('Firmantes', 'DISTRITO')":{"('0076-PE-2012', 0)":null,"('0076-PE-2012', 1)":null},"('Firmantes', 'BLOQUE')":{"('0076-PE-2012', 0)":"PODER EJECUTIVO","('0076-PE-2012', 1)":null},"('Tramites', 'C\u00c1MARA')":{"('0076-PE-2012', 0)":"Senado","('0076-PE-2012', 1)":"Senado"},"('Tramites', 'MOVIMIENTO')":{"('0076-PE-2012', 0)":"MOCION SOBRE TABLAS (AFIRMATIVA)","('0076-PE-2012', 1)":"CONSIDERACION Y APROBACION (EL H SENADO NO PRESTA ACUERDO)"},"('Tramites', 'FECHA')":{"('0076-PE-2012', 0)":"29\/11\/2012","('0076-PE-2012', 1)":"29\/11\/2012"},"('Tramites', 'RESULTADO')":{"('0076-PE-2012', 0)":null,"('0076-PE-2012', 1)":"APROBADO"},"Palabra Clave":{"('0076-PE-2012', 0)":" ","('0076-PE-2012', 1)":null}}