{"Tipo de Proyecto":{"('0077-PE-2012', 0)":"MENSAJE NRO: 1062\/12","('0077-PE-2012', 1)":null},"Iniciado en: ":{"('0077-PE-2012', 0)":"Senado","('0077-PE-2012', 1)":null},"Expediente Senado: ":{"('0077-PE-2012', 0)":"0077-PE-2012","('0077-PE-2012', 1)":null},"Publicado en: ":{"('0077-PE-2012', 0)":"DAE S.A. N\u00b0 5","('0077-PE-2012', 1)":null},"Fecha: ":{"('0077-PE-2012', 0)":"05\/07\/2012","('0077-PE-2012', 1)":null},"T\u00edtulo":{"('0077-PE-2012', 0)":"SOLICITA ACUERDO PARA DESIGNAR JUEZ DE CAMARA EN EL TRIBUNAL ORAL EN LO CRIMINAL FEDERAL DE CORRIENTES, PROVINCIA DE CORRIENTES, AL DOCTOR FERMIN AMADO CEROLENI.","('0077-PE-2012', 1)":null},"('Firmantes', 'FIRMANTE')":{"('0077-PE-2012', 0)":"FERNANDEZ DE KIRCHNER, CRISTINA","('0077-PE-2012', 1)":"ALAK, JULIO"},"('Firmantes', 'DISTRITO')":{"('0077-PE-2012', 0)":null,"('0077-PE-2012', 1)":null},"('Firmantes', 'BLOQUE')":{"('0077-PE-2012', 0)":"PODER EJECUTIVO","('0077-PE-2012', 1)":"PODER EJECUTIVO"},"('Tramites', 'C\u00c1MARA')":{"('0077-PE-2012', 0)":"Senado","('0077-PE-2012', 1)":null},"('Tramites', 'MOVIMIENTO')":{"('0077-PE-2012', 0)":"CONSIDERACION Y APROBACION","('0077-PE-2012', 1)":null},"('Tramites', 'FECHA')":{"('0077-PE-2012', 0)":"17\/10\/2012","('0077-PE-2012', 1)":null},"('Tramites', 'RESULTADO')":{"('0077-PE-2012', 0)":"APROBADO","('0077-PE-2012', 1)":null},"Palabra Clave":{"('0077-PE-2012', 0)":" ","('0077-PE-2012', 1)":null}}