{"Tipo de Proyecto":{"('0078-S-2012', 0)":"PROYECTO DE RESOLUCI\u00d3N","('0078-S-2012', 1)":null},"Iniciado en: ":{"('0078-S-2012', 0)":"Senado","('0078-S-2012', 1)":null},"Expediente Diputados: ":{"('0078-S-2012', 0)":"0078-S-2012","('0078-S-2012', 1)":null},"Expediente Senado: ":{"('0078-S-2012', 0)":"0168-OV-2010","('0078-S-2012', 1)":null},"Fecha: ":{"('0078-S-2012', 0)":"11\/06\/2012","('0078-S-2012', 1)":null},"T\u00edtulo":{"('0078-S-2012', 0)":"PEDIDO DE INFORMES AL PODER EJECUTIVO SOBRE LAS MEDIDAS ADOPTADAS EN ATENCION A LAS OBSERVACIONES FORMULADAS POR LA AUDITORIA GENERAL DE LA NACION (RESOLUCION 112\/0); SOBRE EL INFORME REFERIDO A CONSTRUCCION DE VIVIENDAS PARA LA ARMADA DE LA REPUBLICA ARGENTINA SE - COVIARA, A FIN DE EVALUAR LA GESTION DE LA EMPRESA.","('0078-S-2012', 1)":null},"('Firmantes', 'FIRMANTE')":{"('0078-S-2012', 0)":"PARLAMENTARIA MIXTA REVISORA DE CUENTAS","('0078-S-2012', 1)":null},"('Firmantes', 'DISTRITO')":{"('0078-S-2012', 0)":null,"('0078-S-2012', 1)":null},"('Firmantes', 'BLOQUE')":{"('0078-S-2012', 0)":null,"('0078-S-2012', 1)":null},"('Giros', 'COMISI\u00d3N')":{"('0078-S-2012', 0)":"PARLAMENTARIA MIXTA REVISORA DE CUENTAS","('0078-S-2012', 1)":null},"('Tramites', 'C\u00c1MARA')":{"('0078-S-2012', 0)":"Senado","('0078-S-2012', 1)":"Diputados"},"('Tramites', 'MOVIMIENTO')":{"('0078-S-2012', 0)":"CONSIDERACION Y APROBACION","('0078-S-2012', 1)":"PASA A DIPUTADOS -"},"('Tramites', 'FECHA')":{"('0078-S-2012', 0)":"11\/07\/2012","('0078-S-2012', 1)":null},"('Tramites', 'RESULTADO')":{"('0078-S-2012', 0)":"APROBADO","('0078-S-2012', 1)":null},"Sumario":{"('0078-S-2012', 0)":"ANALISIS DE LAS PRINCIPALES ACTIVIDADES DESARROLLADAS DURANTE LOS A\u00d1OS 2007 Y 2008.","('0078-S-2012', 1)":null},"Palabra Clave":{"('0078-S-2012', 0)":" ","('0078-S-2012', 1)":null}}