{"Tipo de Proyecto":{"('0078-PE-2012', 0)":"MENSAJE NRO: 1063\/12"},"Iniciado en: ":{"('0078-PE-2012', 0)":"Senado"},"Expediente Senado: ":{"('0078-PE-2012', 0)":"0078-PE-2012"},"Publicado en: ":{"('0078-PE-2012', 0)":"DAE S.A. N\u00b0 5"},"Fecha: ":{"('0078-PE-2012', 0)":"05\/07\/2012"},"T\u00edtulo":{"('0078-PE-2012', 0)":"SOLICITA ACUERDO PARA DESIGNAR VOCAL DE LA CAMARA FEDERAL DE APELACIONES DE SAN JUSTO, PROVINCIA DE BUENOS AIRES, AL DOCTOR ALEJANDRO ANIBAL SEGURA."},"('Firmantes', 'FIRMANTE')":{"('0078-PE-2012', 0)":"FERNANDEZ DE KIRCHNER, CRISTINA"},"('Firmantes', 'DISTRITO')":{"('0078-PE-2012', 0)":null},"('Firmantes', 'BLOQUE')":{"('0078-PE-2012', 0)":"PODER EJECUTIVO"},"('Tramites', 'C\u00c1MARA')":{"('0078-PE-2012', 0)":"Senado"},"('Tramites', 'MOVIMIENTO')":{"('0078-PE-2012', 0)":"CONSIDERACION Y APROBACION"},"('Tramites', 'FECHA')":{"('0078-PE-2012', 0)":"28\/11\/2012"},"('Tramites', 'RESULTADO')":{"('0078-PE-2012', 0)":"APROBADO"},"Palabra Clave":{"('0078-PE-2012', 0)":" "}}