{"Tipo de Proyecto":{"('0078-D-2012', 0)":"PROYECTO DE LEY","('0078-D-2012', 1)":null,"('0078-D-2012', 2)":null},"Iniciado en: ":{"('0078-D-2012', 0)":"Diputados","('0078-D-2012', 1)":null,"('0078-D-2012', 2)":null},"Expediente Diputados: ":{"('0078-D-2012', 0)":"0078-D-2012","('0078-D-2012', 1)":null,"('0078-D-2012', 2)":null},"Publicado en: ":{"('0078-D-2012', 0)":"Tr\u00e1mite Parlamentario N\u00b0 1","('0078-D-2012', 1)":null,"('0078-D-2012', 2)":null},"Fecha: ":{"('0078-D-2012', 0)":"01\/03\/2012","('0078-D-2012', 1)":null,"('0078-D-2012', 2)":null},"T\u00edtulo":{"('0078-D-2012', 0)":"ACADEMIAS NACIONALES CIENTIFICAS Y DE CULTURA. REGIMEN. DEROGACION DEL DECRETO 4362\/55.   ","('0078-D-2012', 1)":null,"('0078-D-2012', 2)":null},"('Firmantes', 'FIRMANTE')":{"('0078-D-2012', 0)":"CONTI, DIANA BEATRIZ","('0078-D-2012', 1)":null,"('0078-D-2012', 2)":null},"('Firmantes', 'DISTRITO')":{"('0078-D-2012', 0)":"BUENOS AIRES","('0078-D-2012', 1)":null,"('0078-D-2012', 2)":null},"('Firmantes', 'BLOQUE')":{"('0078-D-2012', 0)":"FRENTE PARA LA VICTORIA - PJ","('0078-D-2012', 1)":null,"('0078-D-2012', 2)":null},"('Giros', 'COMISI\u00d3N')":{"('0078-D-2012', 0)":"CULTURA","('0078-D-2012', 1)":"CIENCIA Y TECNOLOGIA","('0078-D-2012', 2)":"PRESUPUESTO Y HACIENDA"},"Sumario":{"('0078-D-2012', 0)":"FINALIDAD; FUNCIONES, REGIMEN ESTATUTARIO, ORGANOS DE GOBIERNO, RECURSOS, PATRIMONIOS.","('0078-D-2012', 1)":null,"('0078-D-2012', 2)":null},"Palabra Clave":{"('0078-D-2012', 0)":" ","('0078-D-2012', 1)":null,"('0078-D-2012', 2)":null}}