{"Tipo de Proyecto":{"('0080-S-2012', 0)":"PROYECTO DE RESOLUCI\u00d3N","('0080-S-2012', 1)":null,"('0080-S-2012', 2)":null},"Iniciado en: ":{"('0080-S-2012', 0)":"Senado","('0080-S-2012', 1)":null,"('0080-S-2012', 2)":null},"Expediente Diputados: ":{"('0080-S-2012', 0)":"0080-S-2012","('0080-S-2012', 1)":null,"('0080-S-2012', 2)":null},"Expediente Senado: ":{"('0080-S-2012', 0)":"0371-OV-2011","('0080-S-2012', 1)":null,"('0080-S-2012', 2)":null},"Fecha: ":{"('0080-S-2012', 0)":"14\/06\/2012","('0080-S-2012', 1)":null,"('0080-S-2012', 2)":null},"T\u00edtulo":{"('0080-S-2012', 0)":"PEDIDO DE INFORMES AL PODER EJECUTIVO SOBRE LAS MEDIDAS ADOPTADAS EN ATENCION A LAS OBSERVACIONES FORMULADAS POR LA AUDITORIA GENERAL DE LA NACION (RESOLUCION 186\/11); CON MOTIVO DEL PROYECTO DE ENERGIAS RENOVABLES EN MERCADOS RURALES DISPERSOS, REALIZADO EN EL AMBITO DEL MINISTERIO DE PLANIFICACION FEDERAL, INVERSION PUBLICA Y SERVICIOS. ","('0080-S-2012', 1)":null,"('0080-S-2012', 2)":null},"('Firmantes', 'FIRMANTE')":{"('0080-S-2012', 0)":"PARLAMENTARIA MIXTA REVISORA DE CUENTAS","('0080-S-2012', 1)":null,"('0080-S-2012', 2)":null},"('Firmantes', 'DISTRITO')":{"('0080-S-2012', 0)":null,"('0080-S-2012', 1)":null,"('0080-S-2012', 2)":null},"('Firmantes', 'BLOQUE')":{"('0080-S-2012', 0)":null,"('0080-S-2012', 1)":null,"('0080-S-2012', 2)":null},"('Giros', 'COMISI\u00d3N')":{"('0080-S-2012', 0)":"PARLAMENTARIA MIXTA REVISORA DE CUENTAS","('0080-S-2012', 1)":null,"('0080-S-2012', 2)":null},"('Tramites', 'C\u00c1MARA')":{"('0080-S-2012', 0)":"Senado","('0080-S-2012', 1)":"Diputados","('0080-S-2012', 2)":"Diputados"},"('Tramites', 'MOVIMIENTO')":{"('0080-S-2012', 0)":"CONSIDERACION Y APROBACION","('0080-S-2012', 1)":"PASA A DIPUTADOS -","('0080-S-2012', 2)":"CONSIDERACION Y APROBACION"},"('Tramites', 'FECHA')":{"('0080-S-2012', 0)":"11\/07\/2012","('0080-S-2012', 1)":null,"('0080-S-2012', 2)":"08\/08\/2012"},"('Tramites', 'RESULTADO')":{"('0080-S-2012', 0)":"APROBADO","('0080-S-2012', 1)":null,"('0080-S-2012', 2)":"APROBADO"},"Link":{"('0080-S-2012', 0)":"http:\/\/www.senado.gov.ar\/parlamentario\/comisiones\/verExp\/371.11\/OV\/PR","('0080-S-2012', 1)":null,"('0080-S-2012', 2)":null},"Palabra Clave":{"('0080-S-2012', 0)":" ","('0080-S-2012', 1)":null,"('0080-S-2012', 2)":null}}