{"Tipo de Proyecto":{"('0080-PE-2012', 0)":"MENSAJE NRO: 1065\/12"},"Iniciado en: ":{"('0080-PE-2012', 0)":"Senado"},"Expediente Senado: ":{"('0080-PE-2012', 0)":"0080-PE-2012"},"Publicado en: ":{"('0080-PE-2012', 0)":"DAE S.A. N\u00b0 5"},"Fecha: ":{"('0080-PE-2012', 0)":"05\/07\/2012"},"T\u00edtulo":{"('0080-PE-2012', 0)":"SOLICITA ACUERDO PARA DESIGNAR VOCAL EN LA CAMARA FEDERAL DE APELACIONES DE SAN JUSTO, PROVINCIA DE BUENOS AIRES, A LA DOCTORA MARIA ISABEL FULGHERI."},"('Firmantes', 'FIRMANTE')":{"('0080-PE-2012', 0)":"FERNANDEZ DE KIRCHNER, CRISTINA"},"('Firmantes', 'DISTRITO')":{"('0080-PE-2012', 0)":null},"('Firmantes', 'BLOQUE')":{"('0080-PE-2012', 0)":"PODER EJECUTIVO"},"('Tramites', 'C\u00c1MARA')":{"('0080-PE-2012', 0)":"Senado"},"('Tramites', 'MOVIMIENTO')":{"('0080-PE-2012', 0)":"CONSIDERACION Y APROBACION"},"('Tramites', 'FECHA')":{"('0080-PE-2012', 0)":"03\/10\/2012"},"('Tramites', 'RESULTADO')":{"('0080-PE-2012', 0)":"APROBADO"},"Palabra Clave":{"('0080-PE-2012', 0)":" "}}