{"Tipo de Proyecto":{"('0080-D-2012', 0)":"PROYECTO DE LEY"},"Iniciado en: ":{"('0080-D-2012', 0)":"Diputados"},"Expediente Diputados: ":{"('0080-D-2012', 0)":"0080-D-2012"},"Publicado en: ":{"('0080-D-2012', 0)":"Tr\u00e1mite Parlamentario N\u00b0 1"},"Fecha: ":{"('0080-D-2012', 0)":"01\/03\/2012"},"T\u00edtulo":{"('0080-D-2012', 0)":"CODIGO PENAL. MODIFICACION DEL ARTICULO 24, SOBRE COMPUTO DE LA PRISION PREVENTIVA."},"('Firmantes', 'FIRMANTE')":{"('0080-D-2012', 0)":"CONTI, DIANA BEATRIZ"},"('Firmantes', 'DISTRITO')":{"('0080-D-2012', 0)":"BUENOS AIRES"},"('Firmantes', 'BLOQUE')":{"('0080-D-2012', 0)":"FRENTE PARA LA VICTORIA - PJ"},"('Giros', 'COMISI\u00d3N')":{"('0080-D-2012', 0)":"LEGISLACION PENAL"},"Link":{"('0080-D-2012', 0)":"https:\/\/www.hcdn.gob.ar\/proyectos\/textoCompleto.jsp?exp=0080-D-2012&tipo=LEY"},"Palabra Clave":{"('0080-D-2012', 0)":" "}}