{"Tipo de Proyecto":{"('0081-S-2012', 0)":"PROYECTO DE RESOLUCI\u00d3N","('0081-S-2012', 1)":null,"('0081-S-2012', 2)":null},"Iniciado en: ":{"('0081-S-2012', 0)":"Senado","('0081-S-2012', 1)":null,"('0081-S-2012', 2)":null},"Expediente Diputados: ":{"('0081-S-2012', 0)":"0081-S-2012","('0081-S-2012', 1)":null,"('0081-S-2012', 2)":null},"Expediente Senado: ":{"('0081-S-2012', 0)":"0325-OV-2011","('0081-S-2012', 1)":null,"('0081-S-2012', 2)":null},"Fecha: ":{"('0081-S-2012', 0)":"14\/06\/2012","('0081-S-2012', 1)":null,"('0081-S-2012', 2)":null},"T\u00edtulo":{"('0081-S-2012', 0)":"PEDIDO DE INFORMES AL PODER EJECUTIVO SOBRE LAS MEDIDAS ADOPTADAS EN ATENCION A LAS OBSERVACIONES FORMULADAS POR LA AUDITORIA GENERAL DE LA NACION (RESOLUCION 178\/11); SOBRE SU EXAMEN REFERIDO A LOS ESTADOS FINANCIEROS CORRESPONDIENTES AL EJERCICIO FINALIZADO EL 31\/12\/10 DEL PROYECTO DE PROTECCION BASICA.","('0081-S-2012', 1)":null,"('0081-S-2012', 2)":null},"('Firmantes', 'FIRMANTE')":{"('0081-S-2012', 0)":"PARLAMENTARIA MIXTA REVISORA DE CUENTAS","('0081-S-2012', 1)":null,"('0081-S-2012', 2)":null},"('Firmantes', 'DISTRITO')":{"('0081-S-2012', 0)":null,"('0081-S-2012', 1)":null,"('0081-S-2012', 2)":null},"('Firmantes', 'BLOQUE')":{"('0081-S-2012', 0)":null,"('0081-S-2012', 1)":null,"('0081-S-2012', 2)":null},"('Giros', 'COMISI\u00d3N')":{"('0081-S-2012', 0)":"PARLAMENTARIA MIXTA REVISORA DE CUENTAS","('0081-S-2012', 1)":null,"('0081-S-2012', 2)":null},"('Tramites', 'C\u00c1MARA')":{"('0081-S-2012', 0)":"Senado","('0081-S-2012', 1)":"Diputados","('0081-S-2012', 2)":"Diputados"},"('Tramites', 'MOVIMIENTO')":{"('0081-S-2012', 0)":"CONSIDERACION Y APROBACION","('0081-S-2012', 1)":"PASA A DIPUTADOS -","('0081-S-2012', 2)":"CONSIDERACION Y APROBACION"},"('Tramites', 'FECHA')":{"('0081-S-2012', 0)":"11\/07\/2012","('0081-S-2012', 1)":null,"('0081-S-2012', 2)":"08\/08\/2012"},"('Tramites', 'RESULTADO')":{"('0081-S-2012', 0)":"APROBADO","('0081-S-2012', 1)":null,"('0081-S-2012', 2)":"APROBADO"},"Link":{"('0081-S-2012', 0)":"http:\/\/www.senado.gov.ar\/parlamentario\/comisiones\/verExp\/325.11\/OV\/PR","('0081-S-2012', 1)":null,"('0081-S-2012', 2)":null},"Palabra Clave":{"('0081-S-2012', 0)":" ","('0081-S-2012', 1)":null,"('0081-S-2012', 2)":null}}