{"Tipo de Proyecto":{"('0082-PE-2012', 0)":"MENSAJE NRO: 1067\/12"},"Iniciado en: ":{"('0082-PE-2012', 0)":"Senado"},"Expediente Senado: ":{"('0082-PE-2012', 0)":"0082-PE-2012"},"Publicado en: ":{"('0082-PE-2012', 0)":"DAE S.A. N\u00b0 5"},"Fecha: ":{"('0082-PE-2012', 0)":"05\/07\/2012"},"T\u00edtulo":{"('0082-PE-2012', 0)":"SOLICITA ACUERDO PARA DESIGNAR JUEZ DEL JUZGADO FEDERAL DE PRIMERA INSTANCIA EN LO CIVIL, COMERCIAL Y CONTENCIOSO ADMINISTRATIVO N\u00ba 2 DE SAN JUSTO, PROVINCIA DE BUENOS AIRES, AL DOCTOR JAVIER IGNACIO LORENZUTTI. "},"('Firmantes', 'FIRMANTE')":{"('0082-PE-2012', 0)":"FERNANDEZ DE KIRCHNER, CRISTINA"},"('Firmantes', 'DISTRITO')":{"('0082-PE-2012', 0)":null},"('Firmantes', 'BLOQUE')":{"('0082-PE-2012', 0)":"PODER EJECUTIVO"},"Palabra Clave":{"('0082-PE-2012', 0)":" "}}