{"Tipo de Proyecto":{"('0082-S-2012', 0)":"PROYECTO DE RESOLUCI\u00d3N","('0082-S-2012', 1)":null,"('0082-S-2012', 2)":null,"('0082-S-2012', 3)":null},"Iniciado en: ":{"('0082-S-2012', 0)":"Senado","('0082-S-2012', 1)":null,"('0082-S-2012', 2)":null,"('0082-S-2012', 3)":null},"Expediente Diputados: ":{"('0082-S-2012', 0)":"0082-S-2012","('0082-S-2012', 1)":null,"('0082-S-2012', 2)":null,"('0082-S-2012', 3)":null},"Expediente Senado: ":{"('0082-S-2012', 0)":"0500-OV-2010","('0082-S-2012', 1)":null,"('0082-S-2012', 2)":null,"('0082-S-2012', 3)":null},"Fecha: ":{"('0082-S-2012', 0)":"14\/06\/2012","('0082-S-2012', 1)":null,"('0082-S-2012', 2)":null,"('0082-S-2012', 3)":null},"T\u00edtulo":{"('0082-S-2012', 0)":"PEDIDO DE INFORMES AL PODER EJECUTIVO SOBRE LAS MEDIDAS ADOPTADAS EN ATENCION A LAS OBSERVACIONES FORMULADAS POR LA AUDITORIA GENERAL DE LA NACION (RESOLUCIONES 220\/10 Y \/221\/10); RESPECTO DEL INFORME DEL AUDITOR Y LA SINTESIS DE PRINCIPALES MOTIVOS DE LA ABSTENCION DE OPINION, REFERIDO A LA AUDITORIA SOBRE LOS ESTADOS CONTABLES-FINANCIEROS CORRESPONDIENTES A INTERCARGO SA COMERCIAL, EJERCICIOS AL 31\/12\/07 Y AL 31\/12\/08.","('0082-S-2012', 1)":null,"('0082-S-2012', 2)":null,"('0082-S-2012', 3)":null},"('Firmantes', 'FIRMANTE')":{"('0082-S-2012', 0)":"PARLAMENTARIA MIXTA REVISORA DE CUENTAS","('0082-S-2012', 1)":null,"('0082-S-2012', 2)":null,"('0082-S-2012', 3)":null},"('Firmantes', 'DISTRITO')":{"('0082-S-2012', 0)":null,"('0082-S-2012', 1)":null,"('0082-S-2012', 2)":null,"('0082-S-2012', 3)":null},"('Firmantes', 'BLOQUE')":{"('0082-S-2012', 0)":null,"('0082-S-2012', 1)":null,"('0082-S-2012', 2)":null,"('0082-S-2012', 3)":null},"('Giros', 'COMISI\u00d3N')":{"('0082-S-2012', 0)":"PARLAMENTARIA MIXTA REVISORA DE CUENTAS","('0082-S-2012', 1)":null,"('0082-S-2012', 2)":null,"('0082-S-2012', 3)":null},"('Tramites', 'C\u00c1MARA')":{"('0082-S-2012', 0)":"Senado","('0082-S-2012', 1)":"Diputados","('0082-S-2012', 2)":"Diputados","('0082-S-2012', 3)":"Diputados"},"('Tramites', 'MOVIMIENTO')":{"('0082-S-2012', 0)":"CONSIDERACION Y APROBACION","('0082-S-2012', 1)":"PASA A DIPUTADOS -","('0082-S-2012', 2)":"CONSIDERACION Y APROBACION","('0082-S-2012', 3)":"CONTESTACION DEL PODER EJECUTIVO NACIONAL - GIRADO A LA COMISION RESPECTIVA"},"('Tramites', 'FECHA')":{"('0082-S-2012', 0)":"11\/07\/2012","('0082-S-2012', 1)":null,"('0082-S-2012', 2)":"21\/11\/2012","('0082-S-2012', 3)":"03\/09\/2014"},"('Tramites', 'RESULTADO')":{"('0082-S-2012', 0)":"APROBADO","('0082-S-2012', 1)":null,"('0082-S-2012', 2)":"APROBADO","('0082-S-2012', 3)":null},"Link":{"('0082-S-2012', 0)":"http:\/\/www.senado.gov.ar\/parlamentario\/comisiones\/verExp\/500.10\/OV\/PR","('0082-S-2012', 1)":null,"('0082-S-2012', 2)":null,"('0082-S-2012', 3)":null},"Palabra Clave":{"('0082-S-2012', 0)":" ","('0082-S-2012', 1)":null,"('0082-S-2012', 2)":null,"('0082-S-2012', 3)":null}}