{"Tipo de Proyecto":{"('0082-D-2012', 0)":"PROYECTO DE LEY","('0082-D-2012', 1)":null},"Iniciado en: ":{"('0082-D-2012', 0)":"Diputados","('0082-D-2012', 1)":null},"Expediente Diputados: ":{"('0082-D-2012', 0)":"0082-D-2012","('0082-D-2012', 1)":null},"Publicado en: ":{"('0082-D-2012', 0)":"Tr\u00e1mite Parlamentario N\u00b0 1","('0082-D-2012', 1)":null},"Fecha: ":{"('0082-D-2012', 0)":"01\/03\/2012","('0082-D-2012', 1)":null},"T\u00edtulo":{"('0082-D-2012', 0)":"CODIGO PENAL. INCORPORACION DEL ARTICULO 149 QUATER Y MODIFICACION DEL ARTICULO 119, SOBRE ACOSO SEXUAL EN LAS RELACIONES LABORALES Y ACADEMICAS.","('0082-D-2012', 1)":null},"('Firmantes', 'FIRMANTE')":{"('0082-D-2012', 0)":"CONTI, DIANA BEATRIZ","('0082-D-2012', 1)":"DI TULLIO, JULIANA"},"('Firmantes', 'DISTRITO')":{"('0082-D-2012', 0)":"BUENOS AIRES","('0082-D-2012', 1)":"BUENOS AIRES"},"('Firmantes', 'BLOQUE')":{"('0082-D-2012', 0)":"FRENTE PARA LA VICTORIA - PJ","('0082-D-2012', 1)":"FRENTE PARA LA VICTORIA - PJ"},"('Giros', 'COMISI\u00d3N')":{"('0082-D-2012', 0)":"LEGISLACION PENAL","('0082-D-2012', 1)":null},"('Tramites', 'C\u00c1MARA')":{"('0082-D-2012', 0)":"Diputados","('0082-D-2012', 1)":null},"('Tramites', 'MOVIMIENTO')":{"('0082-D-2012', 0)":"SOLICITUD DE SER COFIRMANTE DE LA DIPUTADA DI TULLIO JULIANA (A SUS ANTECEDENTES)","('0082-D-2012', 1)":null},"('Tramites', 'FECHA')":{"('0082-D-2012', 0)":"21\/03\/2012","('0082-D-2012', 1)":null},"('Tramites', 'RESULTADO')":{"('0082-D-2012', 0)":null,"('0082-D-2012', 1)":null},"Link":{"('0082-D-2012', 0)":"https:\/\/www.hcdn.gob.ar\/proyectos\/textoCompleto.jsp?exp=0082-D-2012&tipo=LEY","('0082-D-2012', 1)":null},"Palabra Clave":{"('0082-D-2012', 0)":" ","('0082-D-2012', 1)":null}}