{"Tipo de Proyecto":{"('0083-PE-2012', 0)":"MENSAJE NRO: 1068\/12"},"Iniciado en: ":{"('0083-PE-2012', 0)":"Senado"},"Expediente Senado: ":{"('0083-PE-2012', 0)":"0083-PE-2012"},"Publicado en: ":{"('0083-PE-2012', 0)":"DAE S.A. N\u00b0 5"},"Fecha: ":{"('0083-PE-2012', 0)":"05\/07\/2012"},"T\u00edtulo":{"('0083-PE-2012', 0)":"SOLICITA ACUERDO PARA DESIGNAR VOCAL DE LA CAMARA NACIONAL DE APELACIONES EN LO CRIMINAL Y CORRECCIONAL DE LA CAPITAL FEDERAL, SALA VII, AL DOCTOR MARIANO ALBERTO SCOTTO."},"('Firmantes', 'FIRMANTE')":{"('0083-PE-2012', 0)":"FERNANDEZ DE KIRCHNER, CRISTINA"},"('Firmantes', 'DISTRITO')":{"('0083-PE-2012', 0)":null},"('Firmantes', 'BLOQUE')":{"('0083-PE-2012', 0)":"PODER EJECUTIVO"},"('Tramites', 'C\u00c1MARA')":{"('0083-PE-2012', 0)":"Senado"},"('Tramites', 'MOVIMIENTO')":{"('0083-PE-2012', 0)":"CONSIDERACION Y APROBACION"},"('Tramites', 'FECHA')":{"('0083-PE-2012', 0)":"03\/10\/2012"},"('Tramites', 'RESULTADO')":{"('0083-PE-2012', 0)":"APROBADO"},"Palabra Clave":{"('0083-PE-2012', 0)":" "}}