{"Tipo de Proyecto":{"('0083-D-2012', 0)":"PROYECTO DE LEY","('0083-D-2012', 1)":null,"('0083-D-2012', 2)":null},"Iniciado en: ":{"('0083-D-2012', 0)":"Diputados","('0083-D-2012', 1)":null,"('0083-D-2012', 2)":null},"Expediente Diputados: ":{"('0083-D-2012', 0)":"0083-D-2012","('0083-D-2012', 1)":null,"('0083-D-2012', 2)":null},"Publicado en: ":{"('0083-D-2012', 0)":"Tr\u00e1mite Parlamentario N\u00b0 1","('0083-D-2012', 1)":null,"('0083-D-2012', 2)":null},"Fecha: ":{"('0083-D-2012', 0)":"01\/03\/2012","('0083-D-2012', 1)":null,"('0083-D-2012', 2)":null},"T\u00edtulo":{"('0083-D-2012', 0)":"REGIMEN CONTRA EL NARCOTRAFICO - LEY 23737 - INCORPORACION DEL ARTICULO 29 QUATER, SOBRE DESPENALIZACION DEL CONSUMO DE LA MARIHUANA PARA USO TERAPEUTICO.","('0083-D-2012', 1)":null,"('0083-D-2012', 2)":null},"('Firmantes', 'FIRMANTE')":{"('0083-D-2012', 0)":"CONTI, DIANA BEATRIZ","('0083-D-2012', 1)":null,"('0083-D-2012', 2)":null},"('Firmantes', 'DISTRITO')":{"('0083-D-2012', 0)":"BUENOS AIRES","('0083-D-2012', 1)":null,"('0083-D-2012', 2)":null},"('Firmantes', 'BLOQUE')":{"('0083-D-2012', 0)":"FRENTE PARA LA VICTORIA - PJ","('0083-D-2012', 1)":null,"('0083-D-2012', 2)":null},"('Giros', 'COMISI\u00d3N')":{"('0083-D-2012', 0)":"LEGISLACION PENAL","('0083-D-2012', 1)":"ACCION SOCIAL Y SALUD PUBLICA","('0083-D-2012', 2)":"PREVENCION DE ADICCIONES Y CONTROL DEL NARCOTRAFICO"},"Link":{"('0083-D-2012', 0)":"https:\/\/www.hcdn.gob.ar\/proyectos\/textoCompleto.jsp?exp=0083-D-2012&tipo=LEY","('0083-D-2012', 1)":null,"('0083-D-2012', 2)":null},"Palabra Clave":{"('0083-D-2012', 0)":" ","('0083-D-2012', 1)":null,"('0083-D-2012', 2)":null}}