{"Tipo de Proyecto":{"('0084-S-2012', 0)":"PROYECTO DE RESOLUCI\u00d3N","('0084-S-2012', 1)":null,"('0084-S-2012', 2)":null,"('0084-S-2012', 3)":null},"Iniciado en: ":{"('0084-S-2012', 0)":"Senado","('0084-S-2012', 1)":null,"('0084-S-2012', 2)":null,"('0084-S-2012', 3)":null},"Expediente Diputados: ":{"('0084-S-2012', 0)":"0084-S-2012","('0084-S-2012', 1)":null,"('0084-S-2012', 2)":null,"('0084-S-2012', 3)":null},"Expediente Senado: ":{"('0084-S-2012', 0)":"0443-OV-2011","('0084-S-2012', 1)":null,"('0084-S-2012', 2)":null,"('0084-S-2012', 3)":null},"Fecha: ":{"('0084-S-2012', 0)":"21\/06\/2012","('0084-S-2012', 1)":null,"('0084-S-2012', 2)":null,"('0084-S-2012', 3)":null},"T\u00edtulo":{"('0084-S-2012', 0)":"PEDIDO DE INFORMES AL PODER EJECUTIVO SOBRE LAS MEDIDAS ADOPTADAS EN ATENCION A LAS OBSERVACIONES FORMULADAS POR LA AUDITORIA GENERAL DE LA NACION (RESOLUCION 197\/11); SOBRE EL INFORME DE AUDITORIA DE GESTION REFERIDO AL PROGRAMA 21 DE LA POLICIA FEDERAL ARGENTINA \"PRESTACION DE SERVICIO DE SEGURIDAD A PERSONAS Y BIENES DEL EJERCICIO 2008 Y PRIMER SEMESTRE DE 2009.","('0084-S-2012', 1)":null,"('0084-S-2012', 2)":null,"('0084-S-2012', 3)":null},"('Firmantes', 'FIRMANTE')":{"('0084-S-2012', 0)":"PARLAMENTARIA MIXTA REVISORA DE CUENTAS","('0084-S-2012', 1)":null,"('0084-S-2012', 2)":null,"('0084-S-2012', 3)":null},"('Firmantes', 'DISTRITO')":{"('0084-S-2012', 0)":null,"('0084-S-2012', 1)":null,"('0084-S-2012', 2)":null,"('0084-S-2012', 3)":null},"('Firmantes', 'BLOQUE')":{"('0084-S-2012', 0)":null,"('0084-S-2012', 1)":null,"('0084-S-2012', 2)":null,"('0084-S-2012', 3)":null},"('Giros', 'COMISI\u00d3N')":{"('0084-S-2012', 0)":"PARLAMENTARIA MIXTA REVISORA DE CUENTAS","('0084-S-2012', 1)":null,"('0084-S-2012', 2)":null,"('0084-S-2012', 3)":null},"('Tramites', 'C\u00c1MARA')":{"('0084-S-2012', 0)":"Senado","('0084-S-2012', 1)":"Diputados","('0084-S-2012', 2)":"Diputados","('0084-S-2012', 3)":"Diputados"},"('Tramites', 'MOVIMIENTO')":{"('0084-S-2012', 0)":"CONSIDERACION Y APROBACION","('0084-S-2012', 1)":"PASA A DIPUTADOS -","('0084-S-2012', 2)":"CONSIDERACION Y APROBACION","('0084-S-2012', 3)":"CONTESTACION DEL PODER EJECUTIVO NACIONAL - GIRADO A LA COMISION RESPECTIVA"},"('Tramites', 'FECHA')":{"('0084-S-2012', 0)":"11\/07\/2012","('0084-S-2012', 1)":null,"('0084-S-2012', 2)":"21\/11\/2012","('0084-S-2012', 3)":"03\/09\/2014"},"('Tramites', 'RESULTADO')":{"('0084-S-2012', 0)":"APROBADO","('0084-S-2012', 1)":null,"('0084-S-2012', 2)":"APROBADO","('0084-S-2012', 3)":null},"Link":{"('0084-S-2012', 0)":"http:\/\/www.senado.gov.ar\/parlamentario\/comisiones\/verExp\/443.11\/OV\/PR","('0084-S-2012', 1)":null,"('0084-S-2012', 2)":null,"('0084-S-2012', 3)":null},"Palabra Clave":{"('0084-S-2012', 0)":" ","('0084-S-2012', 1)":null,"('0084-S-2012', 2)":null,"('0084-S-2012', 3)":null}}