{"Tipo de Proyecto":{"('0084-D-2012', 0)":"PROYECTO DE LEY","('0084-D-2012', 1)":null,"('0084-D-2012', 2)":null},"Iniciado en: ":{"('0084-D-2012', 0)":"Diputados","('0084-D-2012', 1)":null,"('0084-D-2012', 2)":null},"Expediente Diputados: ":{"('0084-D-2012', 0)":"0084-D-2012","('0084-D-2012', 1)":null,"('0084-D-2012', 2)":null},"Publicado en: ":{"('0084-D-2012', 0)":"Tr\u00e1mite Parlamentario N\u00b0 1","('0084-D-2012', 1)":null,"('0084-D-2012', 2)":null},"Fecha: ":{"('0084-D-2012', 0)":"01\/03\/2012","('0084-D-2012', 1)":null,"('0084-D-2012', 2)":null},"T\u00edtulo":{"('0084-D-2012', 0)":"REGIMEN DE RETIRO COMPENSATORIO SOLIDARIO PARA LOS EX TRABAJADORES EN RELACION DE DEPENDENCIA DE LAS EMPRESAS YPF SOCIEDAD ANONIMA Y GAS DEL ESTADO SOCIEDAD ANONIMA, CUYA  DESVINCULACION DEFINITIVA SE HUBIERA PRODUCIDO POR APLICACION DE LAS LEYES 23696, 24076 Y 24145 (REPRODUCCION DEL EXPEDIENTE 0962-D-10).","('0084-D-2012', 1)":null,"('0084-D-2012', 2)":null},"('Firmantes', 'FIRMANTE')":{"('0084-D-2012', 0)":"COMELLI, ALICIA MARCELA","('0084-D-2012', 1)":null,"('0084-D-2012', 2)":null},"('Firmantes', 'DISTRITO')":{"('0084-D-2012', 0)":"NEUQUEN","('0084-D-2012', 1)":null,"('0084-D-2012', 2)":null},"('Firmantes', 'BLOQUE')":{"('0084-D-2012', 0)":"MOV POP NEUQUINO","('0084-D-2012', 1)":null,"('0084-D-2012', 2)":null},"('Giros', 'COMISI\u00d3N')":{"('0084-D-2012', 0)":"ENERGIA Y COMBUSTIBLES","('0084-D-2012', 1)":"PREVISION Y SEGURIDAD SOCIAL","('0084-D-2012', 2)":"PRESUPUESTO Y HACIENDA"},"('Tramites', 'C\u00c1MARA')":{"('0084-D-2012', 0)":"Diputados","('0084-D-2012', 1)":null,"('0084-D-2012', 2)":null},"('Tramites', 'MOVIMIENTO')":{"('0084-D-2012', 0)":"REPRODUCIDO POR EXPEDIENTE 0551-D-14","('0084-D-2012', 1)":null,"('0084-D-2012', 2)":null},"('Tramites', 'FECHA')":{"('0084-D-2012', 0)":null,"('0084-D-2012', 1)":null,"('0084-D-2012', 2)":null},"('Tramites', 'RESULTADO')":{"('0084-D-2012', 0)":null,"('0084-D-2012', 1)":null,"('0084-D-2012', 2)":null},"Sumario":{"('0084-D-2012', 0)":"EMPADRONAMIENTO EN EL MINISTERIO DE TRABAJO; BENEFICIARIOS; ORGANISMO ENCARGADO DE RECAUDAR Y PAGAR: ANSES.","('0084-D-2012', 1)":null,"('0084-D-2012', 2)":null},"Palabra Clave":{"('0084-D-2012', 0)":" ","('0084-D-2012', 1)":null,"('0084-D-2012', 2)":null}}