{"Tipo de Proyecto":{"('0084-PE-2012', 0)":"MENSAJE NRO: 1069\/12"},"Iniciado en: ":{"('0084-PE-2012', 0)":"Senado"},"Expediente Senado: ":{"('0084-PE-2012', 0)":"0084-PE-2012"},"Publicado en: ":{"('0084-PE-2012', 0)":"DAE S.A. N\u00b0 5"},"Fecha: ":{"('0084-PE-2012', 0)":"05\/07\/2012"},"T\u00edtulo":{"('0084-PE-2012', 0)":"SOLICITA ACUERDO PARA DESIGNAR JUEZ DEL JUZGADO NACIONAL DE PRIMERA INSTANCIA EN LO CRIMINAL Y CORRECCIONAL FEDERAL NUMERO 8 DE LA CAPITAL FEDERAL, AL DOCTOR MARCELO PEDRO HERNAN MARTINEZ DE GIORGI.\n"},"('Firmantes', 'FIRMANTE')":{"('0084-PE-2012', 0)":"FERNANDEZ DE KIRCHNER, CRISTINA"},"('Firmantes', 'DISTRITO')":{"('0084-PE-2012', 0)":null},"('Firmantes', 'BLOQUE')":{"('0084-PE-2012', 0)":"PODER EJECUTIVO"},"('Tramites', 'C\u00c1MARA')":{"('0084-PE-2012', 0)":"Senado"},"('Tramites', 'MOVIMIENTO')":{"('0084-PE-2012', 0)":"CONSIDERACION Y APROBACION"},"('Tramites', 'FECHA')":{"('0084-PE-2012', 0)":"03\/10\/2012"},"('Tramites', 'RESULTADO')":{"('0084-PE-2012', 0)":"APROBADO"},"Palabra Clave":{"('0084-PE-2012', 0)":" "}}