{"Tipo de Proyecto":{"('0085-S-2012', 0)":"PROYECTO DE LEY","('0085-S-2012', 1)":null},"Iniciado en: ":{"('0085-S-2012', 0)":"Senado","('0085-S-2012', 1)":null},"Expediente Diputados: ":{"('0085-S-2012', 0)":"0085-S-2012","('0085-S-2012', 1)":null},"Expediente Senado: ":{"('0085-S-2012', 0)":"0123-S-2012","('0085-S-2012', 1)":null},"Publicado en: ":{"('0085-S-2012', 0)":"Diario de Asuntos Entrados N\u00b0 9","('0085-S-2012', 1)":null},"Fecha: ":{"('0085-S-2012', 0)":"02\/03\/2012","('0085-S-2012', 1)":null},"T\u00edtulo":{"('0085-S-2012', 0)":"MODIFICACION AL CODIGO PROCESAL CIVIL Y COMERCIAL: SUSTITUCION DEL TERCER PARRAFO DEL ARTICULO 4 (ASUNTOS EXCLUSIVAMENTE PATRIMONIALES: NO PROCEDENCIA DE LA DECLARACION DE INCOMPETENCIA DE OFICIO FUNDADA EN RAZON DE DEL TERRITORIO, EXCEPTO CUANDO MEDIE UNA RELACION DE CONSUMO EN LOS TERMINOS DE LA LEY DE DEFENSA DEL CONSUMIDOR) (REPRODUCCION DEL EXPEDIENTE 1322-S-10).","('0085-S-2012', 1)":null},"('Firmantes', 'FIRMANTE')":{"('0085-S-2012', 0)":"GUINLE, MARCELO ALEJANDRO","('0085-S-2012', 1)":null},"('Firmantes', 'DISTRITO')":{"('0085-S-2012', 0)":"CHUBUT","('0085-S-2012', 1)":null},"('Firmantes', 'BLOQUE')":{"('0085-S-2012', 0)":"FRENTE PARA LA VICTORIA - PJ","('0085-S-2012', 1)":null},"('Giros', 'COMISI\u00d3N')":{"('0085-S-2012', 0)":"JUSTICIA","('0085-S-2012', 1)":null},"('Tramites', 'C\u00c1MARA')":{"('0085-S-2012', 0)":"Senado","('0085-S-2012', 1)":"Diputados"},"('Tramites', 'MOVIMIENTO')":{"('0085-S-2012', 0)":"CONSIDERACION Y APROBACION","('0085-S-2012', 1)":"PASA A DIPUTADOS -"},"('Tramites', 'FECHA')":{"('0085-S-2012', 0)":"11\/07\/2012","('0085-S-2012', 1)":null},"('Tramites', 'RESULTADO')":{"('0085-S-2012', 0)":"MEDIA SANCION","('0085-S-2012', 1)":null},"Link":{"('0085-S-2012', 0)":"https:\/\/www4.hcdn.gob.ar\/dependencias\/dsecretaria\/Periodo2012\/PDF2012\/TP2012\/0085-S-12.pdf","('0085-S-2012', 1)":null},"Palabra Clave":{"('0085-S-2012', 0)":" ","('0085-S-2012', 1)":null}}