{"Tipo de Proyecto":{"('0085-D-2012', 0)":"PROYECTO DE LEY","('0085-D-2012', 1)":null,"('0085-D-2012', 2)":null},"Iniciado en: ":{"('0085-D-2012', 0)":"Diputados","('0085-D-2012', 1)":null,"('0085-D-2012', 2)":null},"Expediente Diputados: ":{"('0085-D-2012', 0)":"0085-D-2012","('0085-D-2012', 1)":null,"('0085-D-2012', 2)":null},"Publicado en: ":{"('0085-D-2012', 0)":"Tr\u00e1mite Parlamentario N\u00b0 1","('0085-D-2012', 1)":null,"('0085-D-2012', 2)":null},"Fecha: ":{"('0085-D-2012', 0)":"01\/03\/2012","('0085-D-2012', 1)":null,"('0085-D-2012', 2)":null},"T\u00edtulo":{"('0085-D-2012', 0)":"DECLARAR EL ESTADO DE EMERGENCIA EN SEGURIDAD VIAL POR EL TERMINO DE 2 A\u00d1OS (REPRODUCCION DEL EXPEDIENTE 1877-D-10).","('0085-D-2012', 1)":null,"('0085-D-2012', 2)":null},"('Firmantes', 'FIRMANTE')":{"('0085-D-2012', 0)":"COMELLI, ALICIA MARCELA","('0085-D-2012', 1)":null,"('0085-D-2012', 2)":null},"('Firmantes', 'DISTRITO')":{"('0085-D-2012', 0)":"NEUQUEN","('0085-D-2012', 1)":null,"('0085-D-2012', 2)":null},"('Firmantes', 'BLOQUE')":{"('0085-D-2012', 0)":"MOV POP NEUQUINO","('0085-D-2012', 1)":null,"('0085-D-2012', 2)":null},"('Giros', 'COMISI\u00d3N')":{"('0085-D-2012', 0)":"TRANSPORTES","('0085-D-2012', 1)":"SEGURIDAD INTERIOR","('0085-D-2012', 2)":"PETICIONES, PODERES Y REGLAMENTO"},"Sumario":{"('0085-D-2012', 0)":"CONVOCAR AL CONSEJO FEDERAL DE SEGURIDAD VIAL PARA LA ELABORACION DE UN PROGRAMA DE EMERGENCIA NACIONAL; TEMAS A INCLUIR; ENVIO AL CONGRESO NACIONAL.","('0085-D-2012', 1)":null,"('0085-D-2012', 2)":null},"Palabra Clave":{"('0085-D-2012', 0)":" ","('0085-D-2012', 1)":null,"('0085-D-2012', 2)":null}}