{"Tipo de Proyecto":{"('0086-S-2012', 0)":"COMUNICACION","('0086-S-2012', 1)":null,"('0086-S-2012', 2)":null,"('0086-S-2012', 3)":null,"('0086-S-2012', 4)":null},"Iniciado en: ":{"('0086-S-2012', 0)":"Senado","('0086-S-2012', 1)":null,"('0086-S-2012', 2)":null,"('0086-S-2012', 3)":null,"('0086-S-2012', 4)":null},"Expediente Senado: ":{"('0086-S-2012', 0)":"0086-S-2012","('0086-S-2012', 1)":null,"('0086-S-2012', 2)":null,"('0086-S-2012', 3)":null,"('0086-S-2012', 4)":null},"Publicado en: ":{"('0086-S-2012', 0)":"Diario de Asuntos Entrados N\u00b0 7","('0086-S-2012', 1)":null,"('0086-S-2012', 2)":null,"('0086-S-2012', 3)":null,"('0086-S-2012', 4)":null},"Fecha: ":{"('0086-S-2012', 0)":"02\/03\/2012","('0086-S-2012', 1)":null,"('0086-S-2012', 2)":null,"('0086-S-2012', 3)":null,"('0086-S-2012', 4)":null},"T\u00edtulo":{"('0086-S-2012', 0)":"PEDIDO DE INFORMES AL PODER EJECUTIVO SOBRE EL DENOMINADO PROYECTO X, EN EL AMBITO DE LA GENDARMERIA NACIONAL.","('0086-S-2012', 1)":null,"('0086-S-2012', 2)":null,"('0086-S-2012', 3)":null,"('0086-S-2012', 4)":null},"('Firmantes', 'FIRMANTE')":{"('0086-S-2012', 0)":"MORALES, GERARDO RUBEN","('0086-S-2012', 1)":"MARINO, JUAN CARLOS","('0086-S-2012', 2)":"PETCOFF NAIDENOFF, LUIS CARLOS","('0086-S-2012', 3)":"CANO, JOSE MANUEL","('0086-S-2012', 4)":"MARTINEZ, ALFREDO ANSELMO"},"('Firmantes', 'DISTRITO')":{"('0086-S-2012', 0)":"JUJUY","('0086-S-2012', 1)":"LA PAMPA","('0086-S-2012', 2)":"FORMOSA","('0086-S-2012', 3)":"TUCUMAN","('0086-S-2012', 4)":"SANTA CRUZ"},"('Firmantes', 'BLOQUE')":{"('0086-S-2012', 0)":"UCR","('0086-S-2012', 1)":"UCR","('0086-S-2012', 2)":"UCR","('0086-S-2012', 3)":"UCR","('0086-S-2012', 4)":"UCR"},"('Tramites', 'C\u00c1MARA')":{"('0086-S-2012', 0)":"Senado","('0086-S-2012', 1)":null,"('0086-S-2012', 2)":null,"('0086-S-2012', 3)":null,"('0086-S-2012', 4)":null},"('Tramites', 'MOVIMIENTO')":{"('0086-S-2012', 0)":"SOLICITUD DE SER COFIRMANTE DEL SENADOR MARTINEZ (A SUS ANTECEDENTES)","('0086-S-2012', 1)":null,"('0086-S-2012', 2)":null,"('0086-S-2012', 3)":null,"('0086-S-2012', 4)":null},"('Tramites', 'FECHA')":{"('0086-S-2012', 0)":"21\/03\/2012","('0086-S-2012', 1)":null,"('0086-S-2012', 2)":null,"('0086-S-2012', 3)":null,"('0086-S-2012', 4)":null},"('Tramites', 'RESULTADO')":{"('0086-S-2012', 0)":null,"('0086-S-2012', 1)":null,"('0086-S-2012', 2)":null,"('0086-S-2012', 3)":null,"('0086-S-2012', 4)":null},"Link":{"('0086-S-2012', 0)":"http:\/\/www.senado.gov.ar\/parlamentario\/comisiones\/verExp\/86.12\/S\/PC","('0086-S-2012', 1)":null,"('0086-S-2012', 2)":null,"('0086-S-2012', 3)":null,"('0086-S-2012', 4)":null},"Palabra Clave":{"('0086-S-2012', 0)":" ","('0086-S-2012', 1)":null,"('0086-S-2012', 2)":null,"('0086-S-2012', 3)":null,"('0086-S-2012', 4)":null}}