{"Tipo de Proyecto":{"('0086-D-2012', 0)":"PROYECTO DE LEY","('0086-D-2012', 1)":null},"Iniciado en: ":{"('0086-D-2012', 0)":"Diputados","('0086-D-2012', 1)":null},"Expediente Diputados: ":{"('0086-D-2012', 0)":"0086-D-2012","('0086-D-2012', 1)":null},"Publicado en: ":{"('0086-D-2012', 0)":"Tr\u00e1mite Parlamentario N\u00b0 1","('0086-D-2012', 1)":null},"Fecha: ":{"('0086-D-2012', 0)":"01\/03\/2012","('0086-D-2012', 1)":null},"T\u00edtulo":{"('0086-D-2012', 0)":"INCORPORACION DE ARTICULO 58 BIS A LA LEY 24449 (LEY DE TRANSITO); SOBRE CONTROL DE CARGAS POR AUTORIDADES LOCALES, CUANDO LAS RUTAS NACIONALES INGRESEN O ATRAVIESEN EJIDOS URBANOS MUNICIPALES (REPRODUCCION DEL EXPEDIENTE 2165-D-10).","('0086-D-2012', 1)":null},"('Firmantes', 'FIRMANTE')":{"('0086-D-2012', 0)":"COMELLI, ALICIA MARCELA","('0086-D-2012', 1)":null},"('Firmantes', 'DISTRITO')":{"('0086-D-2012', 0)":"NEUQUEN","('0086-D-2012', 1)":null},"('Firmantes', 'BLOQUE')":{"('0086-D-2012', 0)":"MOV POP NEUQUINO","('0086-D-2012', 1)":null},"('Giros', 'COMISI\u00d3N')":{"('0086-D-2012', 0)":"TRANSPORTES","('0086-D-2012', 1)":"ASUNTOS MUNICIPALES"},"('Tramites', 'C\u00c1MARA')":{"('0086-D-2012', 0)":"Diputados","('0086-D-2012', 1)":null},"('Tramites', 'MOVIMIENTO')":{"('0086-D-2012', 0)":"REPRODUCIDO POR EXPEDIENTE 0552-D-14","('0086-D-2012', 1)":null},"('Tramites', 'FECHA')":{"('0086-D-2012', 0)":null,"('0086-D-2012', 1)":null},"('Tramites', 'RESULTADO')":{"('0086-D-2012', 0)":null,"('0086-D-2012', 1)":null},"Palabra Clave":{"('0086-D-2012', 0)":" ","('0086-D-2012', 1)":null}}