{"Tipo de Proyecto":{"('0087-D-2012', 0)":"PROYECTO DE LEY","('0087-D-2012', 1)":null,"('0087-D-2012', 2)":null},"Iniciado en: ":{"('0087-D-2012', 0)":"Diputados","('0087-D-2012', 1)":null,"('0087-D-2012', 2)":null},"Expediente Diputados: ":{"('0087-D-2012', 0)":"0087-D-2012","('0087-D-2012', 1)":null,"('0087-D-2012', 2)":null},"Publicado en: ":{"('0087-D-2012', 0)":"Tr\u00e1mite Parlamentario N\u00b0 1","('0087-D-2012', 1)":null,"('0087-D-2012', 2)":null},"Fecha: ":{"('0087-D-2012', 0)":"01\/03\/2012","('0087-D-2012', 1)":null,"('0087-D-2012', 2)":null},"T\u00edtulo":{"('0087-D-2012', 0)":"DECLARAR DISUELTA Y EN ESTADO DE LIQUIDACION A LA CORPORACION INTERESTADUAL PULMARI, CREADA POR LEY NACIONAL 23612 Y RATIFICADA POR LEY 1758 DE LA PROVINCIA DE NEUQUEN; CREACION DE LA COMISION LIQUIDADORA INTERESTADUAL AD-HOC. \n (REPRODUCCION DEL EXPEDIENTE 2397-D-10).","('0087-D-2012', 1)":null,"('0087-D-2012', 2)":null},"('Firmantes', 'FIRMANTE')":{"('0087-D-2012', 0)":"COMELLI, ALICIA MARCELA","('0087-D-2012', 1)":null,"('0087-D-2012', 2)":null},"('Firmantes', 'DISTRITO')":{"('0087-D-2012', 0)":"NEUQUEN","('0087-D-2012', 1)":null,"('0087-D-2012', 2)":null},"('Firmantes', 'BLOQUE')":{"('0087-D-2012', 0)":"MOV POP NEUQUINO","('0087-D-2012', 1)":null,"('0087-D-2012', 2)":null},"('Giros', 'COMISI\u00d3N')":{"('0087-D-2012', 0)":"POBLACION Y DESARROLLO HUMANO","('0087-D-2012', 1)":"LEGISLACION GENERAL","('0087-D-2012', 2)":"PRESUPUESTO Y HACIENDA"},"Palabra Clave":{"('0087-D-2012', 0)":" ","('0087-D-2012', 1)":null,"('0087-D-2012', 2)":null}}