{"Tipo de Proyecto":{"('0088-S-2012', 0)":"PROYECTO DE LEY"},"Iniciado en: ":{"('0088-S-2012', 0)":"Senado"},"Expediente Senado: ":{"('0088-S-2012', 0)":"0088-S-2012"},"Publicado en: ":{"('0088-S-2012', 0)":"Diario de Asuntos Entrados N\u00b0 7"},"Fecha: ":{"('0088-S-2012', 0)":"02\/03\/2012"},"T\u00edtulo":{"('0088-S-2012', 0)":"DEROGACION DEL ARTICULO 1 DE LA LEY 26124 (MODIFICATORIA DE LA LEY 24156 DE ADMINISTRACION FINANCIERA Y CONTROL DE GESTION DEL SECTOR PUBLICO NACIONAL), E INCORPORACION DEL ARTICULO 37 BIS A ESTA ULTIMA, SOBRE LA FACULTAD DE DECISION DEL CONGRESO NACIONAL, SOBRE EL DESTINO DE LOS EXCEDENTES DE RECAUDACION NO PREVISTOS EN EL PRESUPUESTO GENERAL (REPRODUCCION DEL EXPEDIENTE 0602-S-10)."},"('Firmantes', 'FIRMANTE')":{"('0088-S-2012', 0)":"MONTERO, LAURA GISELA"},"('Firmantes', 'DISTRITO')":{"('0088-S-2012', 0)":"MENDOZA"},"('Firmantes', 'BLOQUE')":{"('0088-S-2012', 0)":"UCR"},"Link":{"('0088-S-2012', 0)":"http:\/\/www.senado.gov.ar\/parlamentario\/comisiones\/verExp\/88.12\/S\/PL"},"Palabra Clave":{"('0088-S-2012', 0)":" "}}