{"Tipo de Proyecto":{"('0088-PE-2012', 0)":"MENSAJE NRO: 1073\/12"},"Iniciado en: ":{"('0088-PE-2012', 0)":"Senado"},"Expediente Senado: ":{"('0088-PE-2012', 0)":"0088-PE-2012"},"Publicado en: ":{"('0088-PE-2012', 0)":"DAE S.A. N\u00b0 5"},"Fecha: ":{"('0088-PE-2012', 0)":"05\/07\/2012"},"T\u00edtulo":{"('0088-PE-2012', 0)":"SOLICITA ACUERDO PARA DESIGNAR JUEZ DEL JUZGADO FEDERAL DE PRIMERA INSTANCIA DE RAFAELA, PROVINCIA DE SANTA FE, AL DOCTOR MIGUEL EUGENIO ABASOLO."},"('Firmantes', 'FIRMANTE')":{"('0088-PE-2012', 0)":"FERNANDEZ DE KIRCHNER, CRISTINA"},"('Firmantes', 'DISTRITO')":{"('0088-PE-2012', 0)":null},"('Firmantes', 'BLOQUE')":{"('0088-PE-2012', 0)":"PODER EJECUTIVO"},"('Tramites', 'C\u00c1MARA')":{"('0088-PE-2012', 0)":"Senado"},"('Tramites', 'MOVIMIENTO')":{"('0088-PE-2012', 0)":"CONSIDERACION Y APROBACION"},"('Tramites', 'FECHA')":{"('0088-PE-2012', 0)":"03\/10\/2012"},"('Tramites', 'RESULTADO')":{"('0088-PE-2012', 0)":"APROBADO"},"Palabra Clave":{"('0088-PE-2012', 0)":" "}}