{"Tipo de Proyecto":{"('0088-D-2012', 0)":"PROYECTO DE LEY","('0088-D-2012', 1)":null},"Iniciado en: ":{"('0088-D-2012', 0)":"Diputados","('0088-D-2012', 1)":null},"Expediente Diputados: ":{"('0088-D-2012', 0)":"0088-D-2012","('0088-D-2012', 1)":null},"Publicado en: ":{"('0088-D-2012', 0)":"Tr\u00e1mite Parlamentario N\u00b0 1","('0088-D-2012', 1)":null},"Fecha: ":{"('0088-D-2012', 0)":"01\/03\/2012","('0088-D-2012', 1)":null},"T\u00edtulo":{"('0088-D-2012', 0)":"LEY 26075, DE FINANCIAMIENTO EDUCATIVO: MODIFICACION DEL ARTICULO 9, SOBRE CREACION DEL PROGRAMA NACIONAL DE COMPENSACION SALARIAL DOCENTE (REPRODUCCION DEL EXPEDIENTE 2731-D-10).","('0088-D-2012', 1)":null},"('Firmantes', 'FIRMANTE')":{"('0088-D-2012', 0)":"COMELLI, ALICIA MARCELA","('0088-D-2012', 1)":null},"('Firmantes', 'DISTRITO')":{"('0088-D-2012', 0)":"NEUQUEN","('0088-D-2012', 1)":null},"('Firmantes', 'BLOQUE')":{"('0088-D-2012', 0)":"MOV POP NEUQUINO","('0088-D-2012', 1)":null},"('Giros', 'COMISI\u00d3N')":{"('0088-D-2012', 0)":"EDUCACION","('0088-D-2012', 1)":"PRESUPUESTO Y HACIENDA"},"('Tramites', 'C\u00c1MARA')":{"('0088-D-2012', 0)":"Diputados","('0088-D-2012', 1)":null},"('Tramites', 'MOVIMIENTO')":{"('0088-D-2012', 0)":"REPRODUCIDO POR EXPEDIENTE 0328-D-14","('0088-D-2012', 1)":null},"('Tramites', 'FECHA')":{"('0088-D-2012', 0)":null,"('0088-D-2012', 1)":null},"('Tramites', 'RESULTADO')":{"('0088-D-2012', 0)":null,"('0088-D-2012', 1)":null},"Palabra Clave":{"('0088-D-2012', 0)":" ","('0088-D-2012', 1)":null}}