{"Tipo de Proyecto":{"('0089-D-2012', 0)":"PROYECTO DE LEY"},"Iniciado en: ":{"('0089-D-2012', 0)":"Diputados"},"Expediente Diputados: ":{"('0089-D-2012', 0)":"0089-D-2012"},"Publicado en: ":{"('0089-D-2012', 0)":"Tr\u00e1mite Parlamentario N\u00b0 1"},"Fecha: ":{"('0089-D-2012', 0)":"01\/03\/2012"},"T\u00edtulo":{"('0089-D-2012', 0)":"MODIFICACIONES AL CODIGO PENAL: MODIFICACION DE LOS ARTICULOS 84 Y 94 E INCORPORACION DEL ARTICULO 84 BIS (MUERTE O LESIONES POR CAUSA DE ACCIDENTES DE TRANSITO (REPRODUCCION DEL EXPEDIENTE 1212-D-10)."},"('Firmantes', 'FIRMANTE')":{"('0089-D-2012', 0)":"COMELLI, ALICIA MARCELA"},"('Firmantes', 'DISTRITO')":{"('0089-D-2012', 0)":"NEUQUEN"},"('Firmantes', 'BLOQUE')":{"('0089-D-2012', 0)":"MOV POP NEUQUINO"},"('Giros', 'COMISI\u00d3N')":{"('0089-D-2012', 0)":"LEGISLACION PENAL"},"('Tramites', 'C\u00c1MARA')":{"('0089-D-2012', 0)":"Diputados"},"('Tramites', 'MOVIMIENTO')":{"('0089-D-2012', 0)":"REPRODUCIDO POR EXPEDIENTE 0885-D-14"},"('Tramites', 'FECHA')":{"('0089-D-2012', 0)":null},"('Tramites', 'RESULTADO')":{"('0089-D-2012', 0)":null},"Palabra Clave":{"('0089-D-2012', 0)":" "}}