{"Tipo de Proyecto":{"('0089-PE-2012', 0)":"MENSAJE NRO: 1074\/12"},"Iniciado en: ":{"('0089-PE-2012', 0)":"Senado"},"Expediente Senado: ":{"('0089-PE-2012', 0)":"0089-PE-2012"},"Publicado en: ":{"('0089-PE-2012', 0)":"DAE S.A. N\u00b0 5"},"Fecha: ":{"('0089-PE-2012', 0)":"05\/07\/2012"},"T\u00edtulo":{"('0089-PE-2012', 0)":"SOLICITA ACUERDO PARA DESIGNAR DEFENSORA PUBLICA OFICIAL ANTE LOS TRIBUNALES FEDERALES DE PRIMERA Y SEGUNDA INSTANCIA DE CORDOBA, PROVINCIA DE CORDOBA, A LA DOCTORA MARIA MERCEDES CRESPI."},"('Firmantes', 'FIRMANTE')":{"('0089-PE-2012', 0)":"FERNANDEZ DE KIRCHNER, CRISTINA"},"('Firmantes', 'DISTRITO')":{"('0089-PE-2012', 0)":null},"('Firmantes', 'BLOQUE')":{"('0089-PE-2012', 0)":"PODER EJECUTIVO"},"('Tramites', 'C\u00c1MARA')":{"('0089-PE-2012', 0)":"Senado"},"('Tramites', 'MOVIMIENTO')":{"('0089-PE-2012', 0)":"CONSIDERACION Y APROBACION"},"('Tramites', 'FECHA')":{"('0089-PE-2012', 0)":"03\/10\/2012"},"('Tramites', 'RESULTADO')":{"('0089-PE-2012', 0)":"APROBADO"},"Palabra Clave":{"('0089-PE-2012', 0)":" "}}