{"Tipo de Proyecto":{"('0090-D-2012', 0)":"PROYECTO DE LEY","('0090-D-2012', 1)":null,"('0090-D-2012', 2)":null},"Iniciado en: ":{"('0090-D-2012', 0)":"Diputados","('0090-D-2012', 1)":null,"('0090-D-2012', 2)":null},"Expediente Diputados: ":{"('0090-D-2012', 0)":"0090-D-2012","('0090-D-2012', 1)":null,"('0090-D-2012', 2)":null},"Publicado en: ":{"('0090-D-2012', 0)":"Tr\u00e1mite Parlamentario N\u00b0 1","('0090-D-2012', 1)":null,"('0090-D-2012', 2)":null},"Fecha: ":{"('0090-D-2012', 0)":"01\/03\/2012","('0090-D-2012', 1)":null,"('0090-D-2012', 2)":null},"T\u00edtulo":{"('0090-D-2012', 0)":"PROTECCION INTEGRAL DE LOS DERECHOS DE LAS NI\u00d1AS, NI\u00d1OS Y ADOLESCENTES, LEY 26061: INCORPORACION DEL ARTICULO 14 BIS, SOBRE DERECHO A LOS ALIMENTOS (REPRODUCCION DEL EXPEDIENTE 1267-D-10).","('0090-D-2012', 1)":null,"('0090-D-2012', 2)":null},"('Firmantes', 'FIRMANTE')":{"('0090-D-2012', 0)":"COMELLI, ALICIA MARCELA","('0090-D-2012', 1)":null,"('0090-D-2012', 2)":null},"('Firmantes', 'DISTRITO')":{"('0090-D-2012', 0)":"NEUQUEN","('0090-D-2012', 1)":null,"('0090-D-2012', 2)":null},"('Firmantes', 'BLOQUE')":{"('0090-D-2012', 0)":"MOV POP NEUQUINO","('0090-D-2012', 1)":null,"('0090-D-2012', 2)":null},"('Giros', 'COMISI\u00d3N')":{"('0090-D-2012', 0)":"FAMILIA, MUJER, NI\u00d1EZ Y ADOLESCENCIA","('0090-D-2012', 1)":"JUSTICIA","('0090-D-2012', 2)":"LEGISLACION GENERAL"},"('Tramites', 'C\u00c1MARA')":{"('0090-D-2012', 0)":"Diputados","('0090-D-2012', 1)":null,"('0090-D-2012', 2)":null},"('Tramites', 'MOVIMIENTO')":{"('0090-D-2012', 0)":"REPRODUCIDO POR EXPEDIENTE 0553-D-14","('0090-D-2012', 1)":null,"('0090-D-2012', 2)":null},"('Tramites', 'FECHA')":{"('0090-D-2012', 0)":null,"('0090-D-2012', 1)":null,"('0090-D-2012', 2)":null},"('Tramites', 'RESULTADO')":{"('0090-D-2012', 0)":null,"('0090-D-2012', 1)":null,"('0090-D-2012', 2)":null},"Palabra Clave":{"('0090-D-2012', 0)":" ","('0090-D-2012', 1)":null,"('0090-D-2012', 2)":null}}