{"Tipo de Proyecto":{"('0091-PE-2012', 0)":"MENSAJE NRO: 1076\/12"},"Iniciado en: ":{"('0091-PE-2012', 0)":"Senado"},"Expediente Senado: ":{"('0091-PE-2012', 0)":"0091-PE-2012"},"Publicado en: ":{"('0091-PE-2012', 0)":"DAE S.A. N\u00b0 5"},"Fecha: ":{"('0091-PE-2012', 0)":"05\/07\/2012"},"T\u00edtulo":{"('0091-PE-2012', 0)":"SOLICITA ACUERDO PARA DESIGNAR DEFENSOR PUBLICO OFICIAL ANTE EL JUZGADO FEDERAL DE PRIMERA INSTANCIA DE OBERA, PROVINCIA DE MISIONES AL DOCTOR MARCO AURELIO RACAGNI."},"('Firmantes', 'FIRMANTE')":{"('0091-PE-2012', 0)":"FERNANDEZ DE KIRCHNER, CRISTINA"},"('Firmantes', 'DISTRITO')":{"('0091-PE-2012', 0)":null},"('Firmantes', 'BLOQUE')":{"('0091-PE-2012', 0)":"PODER EJECUTIVO"},"('Tramites', 'C\u00c1MARA')":{"('0091-PE-2012', 0)":"Senado"},"('Tramites', 'MOVIMIENTO')":{"('0091-PE-2012', 0)":"CONSIDERACION Y APROBACION"},"('Tramites', 'FECHA')":{"('0091-PE-2012', 0)":"03\/10\/2012"},"('Tramites', 'RESULTADO')":{"('0091-PE-2012', 0)":"APROBADO"},"Palabra Clave":{"('0091-PE-2012', 0)":" "}}