{"Tipo de Proyecto":{"('0091-S-2012', 0)":"MENSAJE NRO: 1244\/12 Y PROYECTO DE LEY","('0091-S-2012', 1)":null,"('0091-S-2012', 2)":null,"('0091-S-2012', 3)":null,"('0091-S-2012', 4)":null,"('0091-S-2012', 5)":null},"Iniciado en: ":{"('0091-S-2012', 0)":"Senado","('0091-S-2012', 1)":null,"('0091-S-2012', 2)":null,"('0091-S-2012', 3)":null,"('0091-S-2012', 4)":null,"('0091-S-2012', 5)":null},"Expediente Diputados: ":{"('0091-S-2012', 0)":"0091-S-2012","('0091-S-2012', 1)":null,"('0091-S-2012', 2)":null,"('0091-S-2012', 3)":null,"('0091-S-2012', 4)":null,"('0091-S-2012', 5)":null},"Expediente Senado: ":{"('0091-S-2012', 0)":"0112-PE-2012","('0091-S-2012', 1)":null,"('0091-S-2012', 2)":null,"('0091-S-2012', 3)":null,"('0091-S-2012', 4)":null,"('0091-S-2012', 5)":null},"Publicado en: ":{"('0091-S-2012', 0)":"Diario de Asuntos Entrados N\u00b0 144","('0091-S-2012', 1)":null,"('0091-S-2012', 2)":null,"('0091-S-2012', 3)":null,"('0091-S-2012', 4)":null,"('0091-S-2012', 5)":null},"Fecha: ":{"('0091-S-2012', 0)":"23\/07\/2012","('0091-S-2012', 1)":null,"('0091-S-2012', 2)":null,"('0091-S-2012', 3)":null,"('0091-S-2012', 4)":null,"('0091-S-2012', 5)":null},"T\u00edtulo":{"('0091-S-2012', 0)":"AUTORIZAR LA ENTRADA DE TROPAS EXTRANJERAS AL TERRITORIO NACIONAL Y LA SALIDA FUERA DE EL DE FUERZAS NACIONALES, SEGUN CORRESPONDA, PARA QUE PARTICIPEN DE LOS EJERCICIOS MILITARES COMBINADOS \"RIO V \" Y \"TANQUE 12\". ","('0091-S-2012', 1)":null,"('0091-S-2012', 2)":null,"('0091-S-2012', 3)":null,"('0091-S-2012', 4)":null,"('0091-S-2012', 5)":null},"('Firmantes', 'FIRMANTE')":{"('0091-S-2012', 0)":"FERNANDEZ DE KIRCHNER, CRISTINA","('0091-S-2012', 1)":"ABAL MEDINA, JUAN MANUEL","('0091-S-2012', 2)":"TIMERMAN, HECTOR MARCOS","('0091-S-2012', 3)":"PURICELLI, ANTONIO ARTURO","('0091-S-2012', 4)":null,"('0091-S-2012', 5)":null},"('Firmantes', 'DISTRITO')":{"('0091-S-2012', 0)":null,"('0091-S-2012', 1)":null,"('0091-S-2012', 2)":null,"('0091-S-2012', 3)":null,"('0091-S-2012', 4)":null,"('0091-S-2012', 5)":null},"('Firmantes', 'BLOQUE')":{"('0091-S-2012', 0)":"PODER EJECUTIVO","('0091-S-2012', 1)":"PODER EJECUTIVO","('0091-S-2012', 2)":"PODER EJECUTIVO","('0091-S-2012', 3)":"PODER EJECUTIVO","('0091-S-2012', 4)":null,"('0091-S-2012', 5)":null},"('Giros', 'COMISI\u00d3N')":{"('0091-S-2012', 0)":"DEFENSA NACIONAL","('0091-S-2012', 1)":"RELACIONES EXTERIORES Y CULTO","('0091-S-2012', 2)":null,"('0091-S-2012', 3)":null,"('0091-S-2012', 4)":null,"('0091-S-2012', 5)":null},"('Tramites', 'C\u00c1MARA')":{"('0091-S-2012', 0)":"Senado","('0091-S-2012', 1)":"Senado","('0091-S-2012', 2)":"Diputados","('0091-S-2012', 3)":"Diputados","('0091-S-2012', 4)":"Diputados","('0091-S-2012', 5)":"Diputados"},"('Tramites', 'MOVIMIENTO')":{"('0091-S-2012', 0)":"MOCION SOBRE TABLAS (CON DICTAMEN) (AFIRMATIVA)","('0091-S-2012', 1)":"CONSIDERACION Y APROBACION","('0091-S-2012', 2)":"PASA A DIPUTADOS -","('0091-S-2012', 3)":"MOCION APARTAMIENTO DEL REGLAMENTO EN SESION ESPECIAL","('0091-S-2012', 4)":"MOCION SOBRE TABLAS (AFIRMATIVA)","('0091-S-2012', 5)":"CONSIDERACION Y SANCION"},"('Tramites', 'FECHA')":{"('0091-S-2012', 0)":"15\/08\/2012","('0091-S-2012', 1)":"15\/08\/2012","('0091-S-2012', 2)":null,"('0091-S-2012', 3)":"22\/08\/2012","('0091-S-2012', 4)":"22\/08\/2012","('0091-S-2012', 5)":"22\/08\/2012"},"('Tramites', 'RESULTADO')":{"('0091-S-2012', 0)":null,"('0091-S-2012', 1)":"MEDIA SANCION","('0091-S-2012', 2)":null,"('0091-S-2012', 3)":null,"('0091-S-2012', 4)":null,"('0091-S-2012', 5)":"SANCIONADO"},"Link":{"('0091-S-2012', 0)":"https:\/\/www4.hcdn.gob.ar\/dependencias\/dsecretaria\/Periodo2012\/PDF2012\/TP2012\/0091-S-12.pdf","('0091-S-2012', 1)":null,"('0091-S-2012', 2)":null,"('0091-S-2012', 3)":null,"('0091-S-2012', 4)":null,"('0091-S-2012', 5)":null},"Palabra Clave":{"('0091-S-2012', 0)":" ","('0091-S-2012', 1)":null,"('0091-S-2012', 2)":null,"('0091-S-2012', 3)":null,"('0091-S-2012', 4)":null,"('0091-S-2012', 5)":null}}