{"Tipo de Proyecto":{"('0092-PE-2012', 0)":"MENSAJE NRO: 1077\/12"},"Iniciado en: ":{"('0092-PE-2012', 0)":"Senado"},"Expediente Senado: ":{"('0092-PE-2012', 0)":"0092-PE-2012"},"Publicado en: ":{"('0092-PE-2012', 0)":"DAE S.A. N\u00b0 5"},"Fecha: ":{"('0092-PE-2012', 0)":"05\/07\/2012"},"T\u00edtulo":{"('0092-PE-2012', 0)":"SOLICITA ACUERDO PARA DESIGNAR DEFENSOR PUBLICO OFICIAL ANTE LOS TRIBUNALES FEDERALES DE PRIMERA Y SEGUNDA INSTANCIA DE GENERAL ROCA, PROVINCIA DE RIO NEGRO AL DOCTOR EDUARDO PERALTA."},"('Firmantes', 'FIRMANTE')":{"('0092-PE-2012', 0)":"FERNANDEZ DE KIRCHNER, CRISTINA"},"('Firmantes', 'DISTRITO')":{"('0092-PE-2012', 0)":null},"('Firmantes', 'BLOQUE')":{"('0092-PE-2012', 0)":"PODER EJECUTIVO"},"('Tramites', 'C\u00c1MARA')":{"('0092-PE-2012', 0)":"Senado"},"('Tramites', 'MOVIMIENTO')":{"('0092-PE-2012', 0)":"CONSIDERACION Y APROBACION"},"('Tramites', 'FECHA')":{"('0092-PE-2012', 0)":"03\/10\/2012"},"('Tramites', 'RESULTADO')":{"('0092-PE-2012', 0)":"APROBADO"},"Palabra Clave":{"('0092-PE-2012', 0)":" "}}