{"Tipo de Proyecto":{"('0093-D-2012', 0)":"PROYECTO DE DECLARACI\u00d3N"},"Iniciado en: ":{"('0093-D-2012', 0)":"Diputados"},"Expediente Diputados: ":{"('0093-D-2012', 0)":"0093-D-2012"},"Publicado en: ":{"('0093-D-2012', 0)":"Tr\u00e1mite Parlamentario N\u00b0 1"},"Fecha: ":{"('0093-D-2012', 0)":"01\/03\/2012"},"T\u00edtulo":{"('0093-D-2012', 0)":"EXPRESAR REPUDIO POR LOS ATENTADOS A LAS EMBAJADAS DE ISRAEL EN NUEVA DELHI - INDIA - Y EL INTENTO DEL ATAQUE FRUSTRADO EN GEORGIA - TIFLIS -."},"('Firmantes', 'FIRMANTE')":{"('0093-D-2012', 0)":"ATANASOF, ALFREDO NESTOR"},"('Firmantes', 'DISTRITO')":{"('0093-D-2012', 0)":"BUENOS AIRES"},"('Firmantes', 'BLOQUE')":{"('0093-D-2012', 0)":"FRENTE PERONISTA"},"('Giros', 'COMISI\u00d3N')":{"('0093-D-2012', 0)":"RELACIONES EXTERIORES Y CULTO"},"Link":{"('0093-D-2012', 0)":"https:\/\/www.hcdn.gob.ar\/proyectos\/textoCompleto.jsp?exp=0093-D-2012&tipo=DECLARACION"},"Palabra Clave":{"('0093-D-2012', 0)":" "}}