{"Tipo de Proyecto":{"('0094-PE-2012', 0)":"MENSAJE NRO: 1079\/12"},"Iniciado en: ":{"('0094-PE-2012', 0)":"Senado"},"Expediente Senado: ":{"('0094-PE-2012', 0)":"0094-PE-2012"},"Publicado en: ":{"('0094-PE-2012', 0)":"DAE S.A. N\u00b0 5"},"Fecha: ":{"('0094-PE-2012', 0)":"05\/07\/2012"},"T\u00edtulo":{"('0094-PE-2012', 0)":"SOLICITA ACUERDO PARA DESIGNAR DEFENSOR PUBLICO OFICIAL ANTE LOS TRIBUNALES FEDERALES DE PRIMERA Y SEGUNDA INSTANCIA DE MAR DEL PLATA, PROVINCIA DE BUENOS AIRES, AL DOCTOR DANIEL RUBEN DARIO VAZQUEZ."},"('Firmantes', 'FIRMANTE')":{"('0094-PE-2012', 0)":"FERNANDEZ DE KIRCHNER, CRISTINA"},"('Firmantes', 'DISTRITO')":{"('0094-PE-2012', 0)":null},"('Firmantes', 'BLOQUE')":{"('0094-PE-2012', 0)":"PODER EJECUTIVO"},"('Tramites', 'C\u00c1MARA')":{"('0094-PE-2012', 0)":"Senado"},"('Tramites', 'MOVIMIENTO')":{"('0094-PE-2012', 0)":"CONSIDERACION Y APROBACION"},"('Tramites', 'FECHA')":{"('0094-PE-2012', 0)":"03\/10\/2012"},"('Tramites', 'RESULTADO')":{"('0094-PE-2012', 0)":"APROBADO"},"Palabra Clave":{"('0094-PE-2012', 0)":" "}}