{"Tipo de Proyecto":{"('0095-S-2012', 0)":"PROYECTO DE LEY","('0095-S-2012', 1)":null,"('0095-S-2012', 2)":null,"('0095-S-2012', 3)":null,"('0095-S-2012', 4)":null},"Iniciado en: ":{"('0095-S-2012', 0)":"Senado","('0095-S-2012', 1)":null,"('0095-S-2012', 2)":null,"('0095-S-2012', 3)":null,"('0095-S-2012', 4)":null},"Expediente Diputados: ":{"('0095-S-2012', 0)":"0095-S-2012","('0095-S-2012', 1)":null,"('0095-S-2012', 2)":null,"('0095-S-2012', 3)":null,"('0095-S-2012', 4)":null},"Expediente Senado: ":{"('0095-S-2012', 0)":"1353-S-2012","('0095-S-2012', 1)":null,"('0095-S-2012', 2)":null,"('0095-S-2012', 3)":null,"('0095-S-2012', 4)":null},"Publicado en: ":{"('0095-S-2012', 0)":"Diario de Asuntos Entrados N\u00b0 86","('0095-S-2012', 1)":null,"('0095-S-2012', 2)":null,"('0095-S-2012', 3)":null,"('0095-S-2012', 4)":null},"Fecha: ":{"('0095-S-2012', 0)":"17\/05\/2012","('0095-S-2012', 1)":null,"('0095-S-2012', 2)":null,"('0095-S-2012', 3)":null,"('0095-S-2012', 4)":null},"T\u00edtulo":{"('0095-S-2012', 0)":"PRORROGA EL PLAZO DE VIGENCIA DEL PROGRAMA NACIONAL DE ENTREGA VOLUNTARIA DE ARMAS DE FUEGO, CREADO POR LEY 26216, PRORROGADO POR DECRETO 560\/2008 Y POR LAS LEYES 26520 Y 26644.","('0095-S-2012', 1)":null,"('0095-S-2012', 2)":null,"('0095-S-2012', 3)":null,"('0095-S-2012', 4)":null},"('Firmantes', 'FIRMANTE')":{"('0095-S-2012', 0)":"RUIZ DIAZ, ELSA","('0095-S-2012', 1)":"FERNANDEZ, ANIBAL","('0095-S-2012', 2)":null,"('0095-S-2012', 3)":null,"('0095-S-2012', 4)":null},"('Firmantes', 'DISTRITO')":{"('0095-S-2012', 0)":"ENTRE RIOS","('0095-S-2012', 1)":"BUENOS AIRES","('0095-S-2012', 2)":null,"('0095-S-2012', 3)":null,"('0095-S-2012', 4)":null},"('Firmantes', 'BLOQUE')":{"('0095-S-2012', 0)":"FRENTE PARA LA VICTORIA - PJ","('0095-S-2012', 1)":"FRENTE PARA LA VICTORIA - PJ","('0095-S-2012', 2)":null,"('0095-S-2012', 3)":null,"('0095-S-2012', 4)":null},"('Giros', 'COMISI\u00d3N')":{"('0095-S-2012', 0)":"SEGURIDAD INTERIOR","('0095-S-2012', 1)":"PRESUPUESTO Y HACIENDA","('0095-S-2012', 2)":null,"('0095-S-2012', 3)":null,"('0095-S-2012', 4)":null},"('Tramites', 'C\u00c1MARA')":{"('0095-S-2012', 0)":"Senado","('0095-S-2012', 1)":"Diputados","('0095-S-2012', 2)":"Diputados","('0095-S-2012', 3)":"Diputados","('0095-S-2012', 4)":"Diputados"},"('Tramites', 'MOVIMIENTO')":{"('0095-S-2012', 0)":"CONSIDERACION Y APROBACION","('0095-S-2012', 1)":"PASA A DIPUTADOS -","('0095-S-2012', 2)":"MOCION APARTAMIENTO DEL REGLAMENTO (AFIRMATIVA), INCORPORACION A LA SESION ESPECIAL","('0095-S-2012', 3)":"MOCION SOBRE TABLAS (AFIRMATIVA)","('0095-S-2012', 4)":"CONSIDERACION Y SANCION"},"('Tramites', 'FECHA')":{"('0095-S-2012', 0)":"05\/09\/2012","('0095-S-2012', 1)":null,"('0095-S-2012', 2)":"14\/11\/2012","('0095-S-2012', 3)":"14\/11\/2012","('0095-S-2012', 4)":"14\/11\/2012"},"('Tramites', 'RESULTADO')":{"('0095-S-2012', 0)":"MEDIA SANCION","('0095-S-2012', 1)":null,"('0095-S-2012', 2)":null,"('0095-S-2012', 3)":null,"('0095-S-2012', 4)":"SANCIONADO"},"Link":{"('0095-S-2012', 0)":"http:\/\/www.senado.gov.ar\/parlamentario\/comisiones\/verExp\/1353.12\/S\/PL","('0095-S-2012', 1)":null,"('0095-S-2012', 2)":null,"('0095-S-2012', 3)":null,"('0095-S-2012', 4)":null},"Palabra Clave":{"('0095-S-2012', 0)":" ","('0095-S-2012', 1)":null,"('0095-S-2012', 2)":null,"('0095-S-2012', 3)":null,"('0095-S-2012', 4)":null}}