{"Tipo de Proyecto":{"('0096-S-2012', 0)":"PROYECTO DE LEY","('0096-S-2012', 1)":null},"Iniciado en: ":{"('0096-S-2012', 0)":"Senado","('0096-S-2012', 1)":null},"Expediente Diputados: ":{"('0096-S-2012', 0)":"0096-S-2012","('0096-S-2012', 1)":null},"Expediente Senado: ":{"('0096-S-2012', 0)":"0009-OV-2010","('0096-S-2012', 1)":null},"Fecha: ":{"('0096-S-2012', 0)":"10\/05\/2012","('0096-S-2012', 1)":null},"T\u00edtulo":{"('0096-S-2012', 0)":"CONCEDER AUTORIZACION PARA DESEMPE\u00d1AR CARGOS DE CONSULES Y VICECONSULES HONORARIOS A LOS SUJETOS PROPUESTOS POR GOBIERNOS EXTRANJEROS SEGUN LEY 23732 : 0009-OV-10, 0015-OV-10 (EMILIO RENE ITZCOVICH GRIOT DE BARBADOS), 0016-OV-10 (ALEJANDRO LUCCHELLI DE FRANCIA), 0017-OV-10 (ERIC CHRISTIAN CHRISTENSEN DE DINAMARCA), 0033-OV-10 (ALFREDO DANIEL MAGLIETTI DE ITALIA), 0107-OV-10 (RICARDO HECTOR ANGEL ESPA\u00d1A CAMANDONA DE ESPA\u00d1A), 0117-OV-10 (RAQUEL GRANOLLERS DE ESPA\u00d1A), 0418-OV-10 (SERGIO LAIS SUAREZ DE LA INDIA), 0419-OV-10 (LUIS HECTOR BELLOMO DE ITALIA), 0119-OV-11 (ABEL ALBERTO ALVAREZ DE ESPA\u00d1A), 0253-OV-11 (PAMELA BEATRIZ INFANTI DE ITALA), 0254-OV-11 (VALERIA CYNTHIA SANGREGORIO DE ITALIA), 0255-OV-11 (EDGARDO BELLONI DE ITALIA), 0256-OV-11 (HERNANDO NOEL GROSBAUM DEL ESTADO DE ISRAEL), 0257-OV-11 (NURIA RAMIREZ DIAZ DE ESPA\u00d1A), 0258-OV-11 (JUAN MANUEL LAXAGUE DE FRANCIA), 0259-OV-11 (FEDERICO WERNER HILBING DE ALEMANIA), 0260-OV-11 (RINA DI VIESTI DE ITALIA), 0261-OV-11 (LILIANA MARGARITA CARMEN MOLLO DE ITALIA), 0281-OV-11 (HERNAN ZUPAN DE ESLOVENIA), 0282-OV-11 (ROSA ADAM DE HUNGRIA), 0283-OV-11 (JORGE ANDRES CARLOS MORELLO DE BRASIL), 0284-OV-11 (ADOLFO ANTONIO IRIARTE YANICELLI DE ESPA\u00d1A), 0285-OV-11 (FEDERICO SCHERZER DE AUSTRIA), 0286-OV-11 (ALEJANDRA CARATTANI DE SAN MARINO), 0300-OV-11(MARCELO MARTIN DE LA CONFEDERACION HELVETICA) Y EXPEDIENTE 3347-S-09, RESOLUCIONES REMITIDAS POR EL MINISTERIO DE RELACIONES EXTERIORES, COMERCIO INTERNACIONAL Y CULTO.","('0096-S-2012', 1)":null},"('Firmantes', 'FIRMANTE')":{"('0096-S-2012', 0)":"ASUNTOS CONSTITUCIONALES","('0096-S-2012', 1)":null},"('Firmantes', 'DISTRITO')":{"('0096-S-2012', 0)":null,"('0096-S-2012', 1)":null},"('Firmantes', 'BLOQUE')":{"('0096-S-2012', 0)":null,"('0096-S-2012', 1)":null},"('Giros', 'COMISI\u00d3N')":{"('0096-S-2012', 0)":"RELACIONES EXTERIORES Y CULTO","('0096-S-2012', 1)":null},"('Tramites', 'C\u00c1MARA')":{"('0096-S-2012', 0)":"Senado","('0096-S-2012', 1)":"Diputados"},"('Tramites', 'MOVIMIENTO')":{"('0096-S-2012', 0)":"CONSIDERACION Y APROBACION","('0096-S-2012', 1)":"PASA A DIPUTADOS -"},"('Tramites', 'FECHA')":{"('0096-S-2012', 0)":"05\/09\/2012","('0096-S-2012', 1)":null},"('Tramites', 'RESULTADO')":{"('0096-S-2012', 0)":"MEDIA SANCION","('0096-S-2012', 1)":null},"Link":{"('0096-S-2012', 0)":"http:\/\/www.senado.gov.ar\/parlamentario\/comisiones\/verExp\/9.10\/OV\/PL","('0096-S-2012', 1)":null},"Palabra Clave":{"('0096-S-2012', 0)":" ","('0096-S-2012', 1)":null}}