{"Tipo de Proyecto":{"('0096-D-2012', 0)":"PROYECTO DE RESOLUCI\u00d3N","('0096-D-2012', 1)":null,"('0096-D-2012', 2)":null,"('0096-D-2012', 3)":null,"('0096-D-2012', 4)":null,"('0096-D-2012', 5)":null,"('0096-D-2012', 6)":null,"('0096-D-2012', 7)":null,"('0096-D-2012', 8)":null,"('0096-D-2012', 9)":null,"('0096-D-2012', 10)":null,"('0096-D-2012', 11)":null,"('0096-D-2012', 12)":null,"('0096-D-2012', 13)":null,"('0096-D-2012', 14)":null},"Iniciado en: ":{"('0096-D-2012', 0)":"Diputados","('0096-D-2012', 1)":null,"('0096-D-2012', 2)":null,"('0096-D-2012', 3)":null,"('0096-D-2012', 4)":null,"('0096-D-2012', 5)":null,"('0096-D-2012', 6)":null,"('0096-D-2012', 7)":null,"('0096-D-2012', 8)":null,"('0096-D-2012', 9)":null,"('0096-D-2012', 10)":null,"('0096-D-2012', 11)":null,"('0096-D-2012', 12)":null,"('0096-D-2012', 13)":null,"('0096-D-2012', 14)":null},"Expediente Diputados: ":{"('0096-D-2012', 0)":"0096-D-2012","('0096-D-2012', 1)":null,"('0096-D-2012', 2)":null,"('0096-D-2012', 3)":null,"('0096-D-2012', 4)":null,"('0096-D-2012', 5)":null,"('0096-D-2012', 6)":null,"('0096-D-2012', 7)":null,"('0096-D-2012', 8)":null,"('0096-D-2012', 9)":null,"('0096-D-2012', 10)":null,"('0096-D-2012', 11)":null,"('0096-D-2012', 12)":null,"('0096-D-2012', 13)":null,"('0096-D-2012', 14)":null},"Publicado en: ":{"('0096-D-2012', 0)":"Tr\u00e1mite Parlamentario N\u00b0 1","('0096-D-2012', 1)":null,"('0096-D-2012', 2)":null,"('0096-D-2012', 3)":null,"('0096-D-2012', 4)":null,"('0096-D-2012', 5)":null,"('0096-D-2012', 6)":null,"('0096-D-2012', 7)":null,"('0096-D-2012', 8)":null,"('0096-D-2012', 9)":null,"('0096-D-2012', 10)":null,"('0096-D-2012', 11)":null,"('0096-D-2012', 12)":null,"('0096-D-2012', 13)":null,"('0096-D-2012', 14)":null},"Fecha: ":{"('0096-D-2012', 0)":"01\/03\/2012","('0096-D-2012', 1)":null,"('0096-D-2012', 2)":null,"('0096-D-2012', 3)":null,"('0096-D-2012', 4)":null,"('0096-D-2012', 5)":null,"('0096-D-2012', 6)":null,"('0096-D-2012', 7)":null,"('0096-D-2012', 8)":null,"('0096-D-2012', 9)":null,"('0096-D-2012', 10)":null,"('0096-D-2012', 11)":null,"('0096-D-2012', 12)":null,"('0096-D-2012', 13)":null,"('0096-D-2012', 14)":null},"T\u00edtulo":{"('0096-D-2012', 0)":"PEDIDO DE INFORMES AL PODER EJECUTIVO SOBRE DIVERSAS CUESTIONES RELACIONADAS CON LOS NIVELES DE EXTRACCION, REFINACION Y DE RESERVAS DE HIDROCARBUROS.","('0096-D-2012', 1)":null,"('0096-D-2012', 2)":null,"('0096-D-2012', 3)":null,"('0096-D-2012', 4)":null,"('0096-D-2012', 5)":null,"('0096-D-2012', 6)":null,"('0096-D-2012', 7)":null,"('0096-D-2012', 8)":null,"('0096-D-2012', 9)":null,"('0096-D-2012', 10)":null,"('0096-D-2012', 11)":null,"('0096-D-2012', 12)":null,"('0096-D-2012', 13)":null,"('0096-D-2012', 14)":null},"('Firmantes', 'FIRMANTE')":{"('0096-D-2012', 0)":"DUCLOS, OMAR ARNALDO","('0096-D-2012', 1)":"DONDA PEREZ, VICTORIA ANALIA","('0096-D-2012', 2)":"LINARES, MARIA VIRGINIA","('0096-D-2012', 3)":"PERALTA, FABIAN FRANCISCO","('0096-D-2012', 4)":"DE GENNARO, VICTOR NORBERTO","('0096-D-2012', 5)":"MILMAN, GERARDO FABIAN","('0096-D-2012', 6)":"CUCCOVILLO, RICARDO OSCAR","('0096-D-2012', 7)":"CORTINA, ROY","('0096-D-2012', 8)":"VILLATA, GRACIELA SUSANA","('0096-D-2012', 9)":"MARTINEZ, JULIO CESAR","('0096-D-2012', 10)":"ALONSO, GUMERSINDO FEDERICO","('0096-D-2012', 11)":"BARCHETTA, OMAR SEGUNDO","('0096-D-2012', 12)":"MAZZARELLA, SUSANA DEL VALLE","('0096-D-2012', 13)":"STOLBIZER, MARGARITA ROSA","('0096-D-2012', 14)":"VALINOTTO, JORGE ANSELMO"},"('Firmantes', 'DISTRITO')":{"('0096-D-2012', 0)":"BUENOS AIRES","('0096-D-2012', 1)":"BUENOS AIRES","('0096-D-2012', 2)":"BUENOS AIRES","('0096-D-2012', 3)":"SANTA FE","('0096-D-2012', 4)":"BUENOS AIRES","('0096-D-2012', 5)":"BUENOS AIRES","('0096-D-2012', 6)":"BUENOS AIRES","('0096-D-2012', 7)":"CIUDAD de BUENOS AIRES","('0096-D-2012', 8)":"CORDOBA","('0096-D-2012', 9)":"CORDOBA","('0096-D-2012', 10)":"CORDOBA","('0096-D-2012', 11)":"SANTA FE","('0096-D-2012', 12)":"CORDOBA","('0096-D-2012', 13)":"BUENOS AIRES","('0096-D-2012', 14)":"CORDOBA"},"('Firmantes', 'BLOQUE')":{"('0096-D-2012', 0)":"GEN","('0096-D-2012', 1)":"LIBRES DEL SUR","('0096-D-2012', 2)":"GEN","('0096-D-2012', 3)":"GEN","('0096-D-2012', 4)":"UNIDAD POPULAR","('0096-D-2012', 5)":"GEN","('0096-D-2012', 6)":"PARTIDO SOCIALISTA","('0096-D-2012', 7)":"PARTIDO SOCIALISTA","('0096-D-2012', 8)":"FRENTE CIVICO - CORDOBA","('0096-D-2012', 9)":"FRENTE CIVICO - CORDOBA","('0096-D-2012', 10)":"FRENTE CIVICO - CORDOBA","('0096-D-2012', 11)":"PARTIDO SOCIALISTA","('0096-D-2012', 12)":"FRENTE CIVICO - CORDOBA","('0096-D-2012', 13)":"GEN","('0096-D-2012', 14)":"FRENTE CIVICO - CORDOBA"},"('Giros', 'COMISI\u00d3N')":{"('0096-D-2012', 0)":"ENERGIA Y COMBUSTIBLES","('0096-D-2012', 1)":null,"('0096-D-2012', 2)":null,"('0096-D-2012', 3)":null,"('0096-D-2012', 4)":null,"('0096-D-2012', 5)":null,"('0096-D-2012', 6)":null,"('0096-D-2012', 7)":null,"('0096-D-2012', 8)":null,"('0096-D-2012', 9)":null,"('0096-D-2012', 10)":null,"('0096-D-2012', 11)":null,"('0096-D-2012', 12)":null,"('0096-D-2012', 13)":null,"('0096-D-2012', 14)":null},"Link":{"('0096-D-2012', 0)":"https:\/\/www.hcdn.gob.ar\/proyectos\/textoCompleto.jsp?exp=0096-D-2012&tipo=RESOLUCION","('0096-D-2012', 1)":null,"('0096-D-2012', 2)":null,"('0096-D-2012', 3)":null,"('0096-D-2012', 4)":null,"('0096-D-2012', 5)":null,"('0096-D-2012', 6)":null,"('0096-D-2012', 7)":null,"('0096-D-2012', 8)":null,"('0096-D-2012', 9)":null,"('0096-D-2012', 10)":null,"('0096-D-2012', 11)":null,"('0096-D-2012', 12)":null,"('0096-D-2012', 13)":null,"('0096-D-2012', 14)":null},"Palabra Clave":{"('0096-D-2012', 0)":" ","('0096-D-2012', 1)":null,"('0096-D-2012', 2)":null,"('0096-D-2012', 3)":null,"('0096-D-2012', 4)":null,"('0096-D-2012', 5)":null,"('0096-D-2012', 6)":null,"('0096-D-2012', 7)":null,"('0096-D-2012', 8)":null,"('0096-D-2012', 9)":null,"('0096-D-2012', 10)":null,"('0096-D-2012', 11)":null,"('0096-D-2012', 12)":null,"('0096-D-2012', 13)":null,"('0096-D-2012', 14)":null}}