{"Tipo de Proyecto":{"('0096-PE-2012', 0)":"MENSAJE NRO: 1081\/12"},"Iniciado en: ":{"('0096-PE-2012', 0)":"Senado"},"Expediente Senado: ":{"('0096-PE-2012', 0)":"0096-PE-2012"},"Publicado en: ":{"('0096-PE-2012', 0)":"DAE S.A. N\u00b0 5"},"Fecha: ":{"('0096-PE-2012', 0)":"05\/07\/2012"},"T\u00edtulo":{"('0096-PE-2012', 0)":"SOLICITA ACUERDO PARA DESIGNAR FISCAL GENERAL ANTE EL TRIBUNAL ORAL EN LO CRIMINAL FEDERAL DE PARANA, PROVINCIA DE ENTRE RIOS, AL DOCTOR JOSE IGNACIO CANDIOTI."},"('Firmantes', 'FIRMANTE')":{"('0096-PE-2012', 0)":"FERNANDEZ DE KIRCHNER, CRISTINA"},"('Firmantes', 'DISTRITO')":{"('0096-PE-2012', 0)":null},"('Firmantes', 'BLOQUE')":{"('0096-PE-2012', 0)":"PODER EJECUTIVO"},"('Tramites', 'C\u00c1MARA')":{"('0096-PE-2012', 0)":"Senado"},"('Tramites', 'MOVIMIENTO')":{"('0096-PE-2012', 0)":"CONSIDERACION Y APROBACION"},"('Tramites', 'FECHA')":{"('0096-PE-2012', 0)":"03\/10\/2012"},"('Tramites', 'RESULTADO')":{"('0096-PE-2012', 0)":"APROBADO"},"Palabra Clave":{"('0096-PE-2012', 0)":" "}}