{"Tipo de Proyecto":{"('0097-PE-2012', 0)":"MENSAJE NRO: 1082\/12"},"Iniciado en: ":{"('0097-PE-2012', 0)":"Senado"},"Expediente Senado: ":{"('0097-PE-2012', 0)":"0097-PE-2012"},"Publicado en: ":{"('0097-PE-2012', 0)":"DAE S.A. N\u00b0 5"},"Fecha: ":{"('0097-PE-2012', 0)":"05\/07\/2012"},"T\u00edtulo":{"('0097-PE-2012', 0)":"SOLICITA ACUERDO PARA DESIGNAR FISCAL GENERAL ANTE EL TRIBUNAL ORAL EN LO CRIMINAL FEDERAL DE GENERAL ROCA, PROVINCIA DE RIO NEGRO, A LA DOCTORA MONICA TERESA BELENGUER."},"('Firmantes', 'FIRMANTE')":{"('0097-PE-2012', 0)":"FERNANDEZ DE KIRCHNER, CRISTINA"},"('Firmantes', 'DISTRITO')":{"('0097-PE-2012', 0)":null},"('Firmantes', 'BLOQUE')":{"('0097-PE-2012', 0)":"PODER EJECUTIVO"},"('Tramites', 'C\u00c1MARA')":{"('0097-PE-2012', 0)":"Senado"},"('Tramites', 'MOVIMIENTO')":{"('0097-PE-2012', 0)":"CONSIDERACION Y APROBACION"},"('Tramites', 'FECHA')":{"('0097-PE-2012', 0)":"03\/10\/2012"},"('Tramites', 'RESULTADO')":{"('0097-PE-2012', 0)":"APROBADO"},"Palabra Clave":{"('0097-PE-2012', 0)":" "}}