{"Tipo de Proyecto":{"('0099-S-2012', 0)":"MENSAJE NRO: 1201\/12 Y PROYECTO DE LEY","('0099-S-2012', 1)":null,"('0099-S-2012', 2)":null},"Iniciado en: ":{"('0099-S-2012', 0)":"Senado","('0099-S-2012', 1)":null,"('0099-S-2012', 2)":null},"Expediente Diputados: ":{"('0099-S-2012', 0)":"0099-S-2012","('0099-S-2012', 1)":null,"('0099-S-2012', 2)":null},"Expediente Senado: ":{"('0099-S-2012', 0)":"0109-PE-2012","('0099-S-2012', 1)":null,"('0099-S-2012', 2)":null},"Publicado en: ":{"('0099-S-2012', 0)":"Diario de Asuntos Entrados N\u00b0 143","('0099-S-2012', 1)":null,"('0099-S-2012', 2)":null},"Fecha: ":{"('0099-S-2012', 0)":"23\/07\/2012","('0099-S-2012', 1)":null,"('0099-S-2012', 2)":null},"T\u00edtulo":{"('0099-S-2012', 0)":"APROBACION DEL ACUERDO MARCO CON EL GOBIERNO DE LOS ESTADOS UNIDOS DE AMERICA SOBRE COOPERACION EN LOS USOS PACIFICOS DEL ESPACIO ULTRATERRESTRE, CELEBRADO EN BUENOS AIRES EL 25 DE OCTUBRE DE 2011.","('0099-S-2012', 1)":null,"('0099-S-2012', 2)":null},"('Firmantes', 'FIRMANTE')":{"('0099-S-2012', 0)":"FERNANDEZ DE KIRCHNER, CRISTINA","('0099-S-2012', 1)":"ABAL MEDINA, JUAN MANUEL","('0099-S-2012', 2)":"TIMERMAN, HECTOR MARCOS"},"('Firmantes', 'DISTRITO')":{"('0099-S-2012', 0)":null,"('0099-S-2012', 1)":null,"('0099-S-2012', 2)":null},"('Firmantes', 'BLOQUE')":{"('0099-S-2012', 0)":"PODER EJECUTIVO","('0099-S-2012', 1)":"PODER EJECUTIVO","('0099-S-2012', 2)":"PODER EJECUTIVO"},"('Giros', 'COMISI\u00d3N')":{"('0099-S-2012', 0)":"RELACIONES EXTERIORES Y CULTO","('0099-S-2012', 1)":"CIENCIA Y TECNOLOGIA","('0099-S-2012', 2)":null},"('Tramites', 'C\u00c1MARA')":{"('0099-S-2012', 0)":"Senado","('0099-S-2012', 1)":"Diputados","('0099-S-2012', 2)":"Diputados"},"('Tramites', 'MOVIMIENTO')":{"('0099-S-2012', 0)":"CONSIDERACION Y APROBACION","('0099-S-2012', 1)":"PASA A DIPUTADOS -","('0099-S-2012', 2)":"CONSIDERACION Y SANCION"},"('Tramites', 'FECHA')":{"('0099-S-2012', 0)":"05\/09\/2012","('0099-S-2012', 1)":null,"('0099-S-2012', 2)":"05\/06\/2013"},"('Tramites', 'RESULTADO')":{"('0099-S-2012', 0)":"MEDIA SANCION","('0099-S-2012', 1)":null,"('0099-S-2012', 2)":"SANCIONADO"},"Link":{"('0099-S-2012', 0)":"http:\/\/www.senado.gov.ar\/web\/proyectos\/verExpe.php?origen=PE&nro_comision=&tipo=PL&numexp=109\/12&tConsulta=5","('0099-S-2012', 1)":null,"('0099-S-2012', 2)":null},"Palabra Clave":{"('0099-S-2012', 0)":" ","('0099-S-2012', 1)":null,"('0099-S-2012', 2)":null}}