{"Tipo de Proyecto":{"('0100-PE-2012', 0)":"MENSAJE NRO: 1085\/12"},"Iniciado en: ":{"('0100-PE-2012', 0)":"Senado"},"Expediente Senado: ":{"('0100-PE-2012', 0)":"0100-PE-2012"},"Publicado en: ":{"('0100-PE-2012', 0)":"DAE S.A. N\u00b0 5"},"Fecha: ":{"('0100-PE-2012', 0)":"05\/07\/2012"},"T\u00edtulo":{"('0100-PE-2012', 0)":"SOLICITA ACUERDO PARA DESIGNAR FISCAL ANTE EL JUZGADO FEDERAL DE PRIMERA INSTANCIA DE SAN NICOLAS, PROVINCIA DE BUENOS AIRES, AL DOCTOR MATIAS FELIPE DI LELLO."},"('Firmantes', 'FIRMANTE')":{"('0100-PE-2012', 0)":"FERNANDEZ DE KIRCHNER, CRISTINA"},"('Firmantes', 'DISTRITO')":{"('0100-PE-2012', 0)":null},"('Firmantes', 'BLOQUE')":{"('0100-PE-2012', 0)":"PODER EJECUTIVO"},"('Tramites', 'C\u00c1MARA')":{"('0100-PE-2012', 0)":"Senado"},"('Tramites', 'MOVIMIENTO')":{"('0100-PE-2012', 0)":"CONSIDERACION Y APROBACION"},"('Tramites', 'FECHA')":{"('0100-PE-2012', 0)":"03\/10\/2012"},"('Tramites', 'RESULTADO')":{"('0100-PE-2012', 0)":"APROBADO"},"Palabra Clave":{"('0100-PE-2012', 0)":" "}}