{"Tipo de Proyecto":{"('0101-S-2012', 0)":"MENSAJE NRO: 1203\/12 Y PROYECTO DE LEY","('0101-S-2012', 1)":null,"('0101-S-2012', 2)":null},"Iniciado en: ":{"('0101-S-2012', 0)":"Senado","('0101-S-2012', 1)":null,"('0101-S-2012', 2)":null},"Expediente Diputados: ":{"('0101-S-2012', 0)":"0101-S-2012","('0101-S-2012', 1)":null,"('0101-S-2012', 2)":null},"Expediente Senado: ":{"('0101-S-2012', 0)":"0111-PE-2012","('0101-S-2012', 1)":null,"('0101-S-2012', 2)":null},"Publicado en: ":{"('0101-S-2012', 0)":"Diario de Asuntos Entrados N\u00b0 143","('0101-S-2012', 1)":null,"('0101-S-2012', 2)":null},"Fecha: ":{"('0101-S-2012', 0)":"23\/07\/2012","('0101-S-2012', 1)":null,"('0101-S-2012', 2)":null},"T\u00edtulo":{"('0101-S-2012', 0)":"APROBACION DEL PROTOCOLO SOBRE LA MODIFICACION DEL CONVENIO RELATIVO A LA ORGANIZACION HIDROGRAFICA INTERNACIONAL, ADOPTADO EN EL PRINCIPADO DE MONACO DURANTE LA TERCERA CONFERENCIA HIDROGRAFICA INTERNACIONAL, QUE TUVO LUGAR ENTRE EL 11 Y EL 15 DE ABRIL DE 2005. ","('0101-S-2012', 1)":null,"('0101-S-2012', 2)":null},"('Firmantes', 'FIRMANTE')":{"('0101-S-2012', 0)":"FERNANDEZ DE KIRCHNER, CRISTINA","('0101-S-2012', 1)":"ABAL MEDINA, JUAN MANUEL","('0101-S-2012', 2)":"TIMERMAN, HECTOR MARCOS"},"('Firmantes', 'DISTRITO')":{"('0101-S-2012', 0)":null,"('0101-S-2012', 1)":null,"('0101-S-2012', 2)":null},"('Firmantes', 'BLOQUE')":{"('0101-S-2012', 0)":"PODER EJECUTIVO","('0101-S-2012', 1)":"PODER EJECUTIVO","('0101-S-2012', 2)":"PODER EJECUTIVO"},"('Giros', 'COMISI\u00d3N')":{"('0101-S-2012', 0)":"RELACIONES EXTERIORES Y CULTO","('0101-S-2012', 1)":"INTERESES MARITIMOS, FLUVIALES, PESQUEROS Y PORTUARIOS","('0101-S-2012', 2)":null},"('Tramites', 'C\u00c1MARA')":{"('0101-S-2012', 0)":"Senado","('0101-S-2012', 1)":"Diputados","('0101-S-2012', 2)":"Diputados"},"('Tramites', 'MOVIMIENTO')":{"('0101-S-2012', 0)":"CONSIDERACION Y APROBACION","('0101-S-2012', 1)":"PASA A DIPUTADOS -","('0101-S-2012', 2)":"CONSIDERACION Y SANCION"},"('Tramites', 'FECHA')":{"('0101-S-2012', 0)":"05\/09\/2012","('0101-S-2012', 1)":null,"('0101-S-2012', 2)":"19\/11\/2014"},"('Tramites', 'RESULTADO')":{"('0101-S-2012', 0)":"MEDIA SANCION","('0101-S-2012', 1)":null,"('0101-S-2012', 2)":"SANCIONADO"},"Link":{"('0101-S-2012', 0)":"http:\/\/www.senado.gov.ar\/web\/proyectos\/verExpe.php?origen=PE&nro_comision=&tipo=PL&numexp=111\/12&tConsulta=5","('0101-S-2012', 1)":null,"('0101-S-2012', 2)":null},"Palabra Clave":{"('0101-S-2012', 0)":" ","('0101-S-2012', 1)":null,"('0101-S-2012', 2)":null}}