{"Tipo de Proyecto":{"('0101-PE-2012', 0)":"MENSAJE NRO: 1086\/12"},"Iniciado en: ":{"('0101-PE-2012', 0)":"Senado"},"Expediente Senado: ":{"('0101-PE-2012', 0)":"0101-PE-2012"},"Publicado en: ":{"('0101-PE-2012', 0)":"DAE S.A. N\u00b0 5"},"Fecha: ":{"('0101-PE-2012', 0)":"05\/07\/2012"},"T\u00edtulo":{"('0101-PE-2012', 0)":"SOLICITA ACUERDO PARA DESIGNAR FISCAL GENERAL ANTE LA CAMARA FEDERAL DE APELACIONES DE BAHIA BLANCA, PROVINCIA DE BUENOS AIRES AL DOCTOR ALEJANDRO SALVADOR CANTARO."},"('Firmantes', 'FIRMANTE')":{"('0101-PE-2012', 0)":"FERNANDEZ DE KIRCHNER, CRISTINA"},"('Firmantes', 'DISTRITO')":{"('0101-PE-2012', 0)":null},"('Firmantes', 'BLOQUE')":{"('0101-PE-2012', 0)":"PODER EJECUTIVO"},"('Tramites', 'C\u00c1MARA')":{"('0101-PE-2012', 0)":"Senado"},"('Tramites', 'MOVIMIENTO')":{"('0101-PE-2012', 0)":"CONSIDERACION Y APROBACION"},"('Tramites', 'FECHA')":{"('0101-PE-2012', 0)":"03\/10\/2012"},"('Tramites', 'RESULTADO')":{"('0101-PE-2012', 0)":"APROBADO"},"Palabra Clave":{"('0101-PE-2012', 0)":" "}}