{"Tipo de Proyecto":{"('0102-S-2012', 0)":"PROYECTO DE LEY","('0102-S-2012', 1)":null},"Iniciado en: ":{"('0102-S-2012', 0)":"Senado","('0102-S-2012', 1)":null},"Expediente Diputados: ":{"('0102-S-2012', 0)":"0102-S-2012","('0102-S-2012', 1)":null},"Expediente Senado: ":{"('0102-S-2012', 0)":"0550-S-2012","('0102-S-2012', 1)":null},"Publicado en: ":{"('0102-S-2012', 0)":"Diario de Asuntos Entrados N\u00b0 37","('0102-S-2012', 1)":null},"Fecha: ":{"('0102-S-2012', 0)":"20\/03\/2012","('0102-S-2012', 1)":null},"T\u00edtulo":{"('0102-S-2012', 0)":"TRANSFERIR A TITULO GRATUITO A LA PROVINCIA DEL CHACO UN INMUEBLE PROPIEDAD DEL ESTADO NACIONAL, UBICADO EN LA LOCALIDAD DE JUAN JOSE CASTELLI (REPRODUCCION DEL EXPEDIENTE 0202-S-08).","('0102-S-2012', 1)":null},"('Firmantes', 'FIRMANTE')":{"('0102-S-2012', 0)":"CORREGIDO, ELENA MERCEDES","('0102-S-2012', 1)":null},"('Firmantes', 'DISTRITO')":{"('0102-S-2012', 0)":"CHACO","('0102-S-2012', 1)":null},"('Firmantes', 'BLOQUE')":{"('0102-S-2012', 0)":"FRENTE PARA LA VICTORIA - PJ","('0102-S-2012', 1)":null},"('Giros', 'COMISI\u00d3N')":{"('0102-S-2012', 0)":"LEGISLACION GENERAL","('0102-S-2012', 1)":"EDUCACION"},"('Tramites', 'C\u00c1MARA')":{"('0102-S-2012', 0)":"Senado","('0102-S-2012', 1)":"Diputados"},"('Tramites', 'MOVIMIENTO')":{"('0102-S-2012', 0)":"CONSIDERACION Y APROBACION","('0102-S-2012', 1)":"PASA A DIPUTADOS -"},"('Tramites', 'FECHA')":{"('0102-S-2012', 0)":"05\/09\/2012","('0102-S-2012', 1)":null},"('Tramites', 'RESULTADO')":{"('0102-S-2012', 0)":"MEDIA SANCION","('0102-S-2012', 1)":null},"Link":{"('0102-S-2012', 0)":"http:\/\/www.senado.gov.ar\/parlamentario\/comisiones\/verExp\/550.12\/S\/PL","('0102-S-2012', 1)":null},"Palabra Clave":{"('0102-S-2012', 0)":" ","('0102-S-2012', 1)":null}}