{"Tipo de Proyecto":{"('0104-S-2012', 0)":"PROYECTO DE LEY","('0104-S-2012', 1)":null,"('0104-S-2012', 2)":null},"Iniciado en: ":{"('0104-S-2012', 0)":"Senado","('0104-S-2012', 1)":null,"('0104-S-2012', 2)":null},"Expediente Diputados: ":{"('0104-S-2012', 0)":"0104-S-2012","('0104-S-2012', 1)":null,"('0104-S-2012', 2)":null},"Expediente Senado: ":{"('0104-S-2012', 0)":"1375-S-2012","('0104-S-2012', 1)":null,"('0104-S-2012', 2)":null},"Publicado en: ":{"('0104-S-2012', 0)":"Diario de Asuntos Entrados N\u00b0 87","('0104-S-2012', 1)":null,"('0104-S-2012', 2)":null},"Fecha: ":{"('0104-S-2012', 0)":"17\/05\/2012","('0104-S-2012', 1)":null,"('0104-S-2012', 2)":null},"T\u00edtulo":{"('0104-S-2012', 0)":"TRANSFERENCIA A TITULO GRATUITO A LA MUNICIPALIDAD DE MAURICIO MAYER, DEPARTAMENTO DE CONHELO, PROVINCIA DE LA PAMPA, EL PREDIO DE LA ESTACION DEL EX FERROCARRIL SARMIENTO (REPRODUCCION DEL EXPEDIENTE 3585-S-08).","('0104-S-2012', 1)":null,"('0104-S-2012', 2)":null},"('Firmantes', 'FIRMANTE')":{"('0104-S-2012', 0)":"MARINO, JUAN CARLOS","('0104-S-2012', 1)":null,"('0104-S-2012', 2)":null},"('Firmantes', 'DISTRITO')":{"('0104-S-2012', 0)":"LA PAMPA","('0104-S-2012', 1)":null,"('0104-S-2012', 2)":null},"('Firmantes', 'BLOQUE')":{"('0104-S-2012', 0)":"UCR","('0104-S-2012', 1)":null,"('0104-S-2012', 2)":null},"('Giros', 'COMISI\u00d3N')":{"('0104-S-2012', 0)":"LEGISLACION GENERAL","('0104-S-2012', 1)":"TRANSPORTES","('0104-S-2012', 2)":"PRESUPUESTO Y HACIENDA"},"('Tramites', 'C\u00c1MARA')":{"('0104-S-2012', 0)":"Senado","('0104-S-2012', 1)":"Diputados","('0104-S-2012', 2)":null},"('Tramites', 'MOVIMIENTO')":{"('0104-S-2012', 0)":"CONSIDERACION Y APROBACION","('0104-S-2012', 1)":"PASA A DIPUTADOS -","('0104-S-2012', 2)":null},"('Tramites', 'FECHA')":{"('0104-S-2012', 0)":"05\/09\/2012","('0104-S-2012', 1)":null,"('0104-S-2012', 2)":null},"('Tramites', 'RESULTADO')":{"('0104-S-2012', 0)":"MEDIA SANCION","('0104-S-2012', 1)":null,"('0104-S-2012', 2)":null},"Link":{"('0104-S-2012', 0)":"http:\/\/www.senado.gov.ar\/parlamentario\/comisiones\/verExp\/1375.12\/S\/PL","('0104-S-2012', 1)":null,"('0104-S-2012', 2)":null},"Palabra Clave":{"('0104-S-2012', 0)":" ","('0104-S-2012', 1)":null,"('0104-S-2012', 2)":null}}