{"Tipo de Proyecto":{"('0105-D-2012', 0)":"PROYECTO DE DECLARACI\u00d3N"},"Iniciado en: ":{"('0105-D-2012', 0)":"Diputados"},"Expediente Diputados: ":{"('0105-D-2012', 0)":"0105-D-2012"},"Publicado en: ":{"('0105-D-2012', 0)":"Tr\u00e1mite Parlamentario N\u00b0 1"},"Fecha: ":{"('0105-D-2012', 0)":"01\/03\/2012"},"T\u00edtulo":{"('0105-D-2012', 0)":"EXPRESAR PREOCUPACION POR EL AUMENTO DEL PODERIO NAVAL DEL REINO UNIDO DE GRAN BRETA\u00d1A EN LAS ISLAS MALVINAS."},"('Firmantes', 'FIRMANTE')":{"('0105-D-2012', 0)":"ATANASOF, ALFREDO NESTOR"},"('Firmantes', 'DISTRITO')":{"('0105-D-2012', 0)":"BUENOS AIRES"},"('Firmantes', 'BLOQUE')":{"('0105-D-2012', 0)":"FRENTE PERONISTA"},"('Giros', 'COMISI\u00d3N')":{"('0105-D-2012', 0)":"RELACIONES EXTERIORES Y CULTO"},"('Tramites', 'C\u00c1MARA')":{"('0105-D-2012', 0)":"Diputados"},"('Tramites', 'MOVIMIENTO')":{"('0105-D-2012', 0)":"APROBACION ARTICULO 114 DEL REGLAMENTO DE LA H CAMARA DE DIPUTADOS; COMUNICADO EL 26\/09\/2012"},"('Tramites', 'FECHA')":{"('0105-D-2012', 0)":null},"('Tramites', 'RESULTADO')":{"('0105-D-2012', 0)":"APROBADO"},"Link":{"('0105-D-2012', 0)":"https:\/\/www.hcdn.gob.ar\/proyectos\/textoCompleto.jsp?exp=0105-D-2012&tipo=DECLARACION"},"Palabra Clave":{"('0105-D-2012', 0)":" "}}