{"Tipo de Proyecto":{"('0105-S-2012', 0)":"PROYECTO DE LEY","('0105-S-2012', 1)":null,"('0105-S-2012', 2)":null},"Iniciado en: ":{"('0105-S-2012', 0)":"Senado","('0105-S-2012', 1)":null,"('0105-S-2012', 2)":null},"Expediente Diputados: ":{"('0105-S-2012', 0)":"0105-S-2012","('0105-S-2012', 1)":null,"('0105-S-2012', 2)":null},"Expediente Senado: ":{"('0105-S-2012', 0)":"1262-S-2012","('0105-S-2012', 1)":null,"('0105-S-2012', 2)":null},"Publicado en: ":{"('0105-S-2012', 0)":"Diario de Asuntos Entrados N\u00b0 80","('0105-S-2012', 1)":null,"('0105-S-2012', 2)":null},"Fecha: ":{"('0105-S-2012', 0)":"14\/05\/2012","('0105-S-2012', 1)":null,"('0105-S-2012', 2)":null},"T\u00edtulo":{"('0105-S-2012', 0)":"TRANSFERENCIA A TITULO GRATUITO A LA MUNICIPALIDAD DE MANUEL J. CAMPOS, DEPARTAMENTO DE GUATRACHE, PROVINCIA DE LA PAMPA, EL DOMINIO SOBRE LOS TERRENOS OCIOSOS PROPIEDAD DEL ESTADO NACIONAL - FERROCARRILES ARGENTINOS (REPRODUCCION DEL EXPEDIENTE 1207-S-10).","('0105-S-2012', 1)":null,"('0105-S-2012', 2)":null},"('Firmantes', 'FIRMANTE')":{"('0105-S-2012', 0)":"MARINO, JUAN CARLOS","('0105-S-2012', 1)":null,"('0105-S-2012', 2)":null},"('Firmantes', 'DISTRITO')":{"('0105-S-2012', 0)":"LA PAMPA","('0105-S-2012', 1)":null,"('0105-S-2012', 2)":null},"('Firmantes', 'BLOQUE')":{"('0105-S-2012', 0)":"UCR","('0105-S-2012', 1)":null,"('0105-S-2012', 2)":null},"('Giros', 'COMISI\u00d3N')":{"('0105-S-2012', 0)":"LEGISLACION GENERAL","('0105-S-2012', 1)":"TRANSPORTES","('0105-S-2012', 2)":"PRESUPUESTO Y HACIENDA"},"('Tramites', 'C\u00c1MARA')":{"('0105-S-2012', 0)":"Senado","('0105-S-2012', 1)":"Diputados","('0105-S-2012', 2)":null},"('Tramites', 'MOVIMIENTO')":{"('0105-S-2012', 0)":"CONSIDERACION Y APROBACION","('0105-S-2012', 1)":"PASA A DIPUTADOS -","('0105-S-2012', 2)":null},"('Tramites', 'FECHA')":{"('0105-S-2012', 0)":"05\/09\/2012","('0105-S-2012', 1)":null,"('0105-S-2012', 2)":null},"('Tramites', 'RESULTADO')":{"('0105-S-2012', 0)":"MEDIA SANCION","('0105-S-2012', 1)":null,"('0105-S-2012', 2)":null},"Link":{"('0105-S-2012', 0)":"http:\/\/www.senado.gov.ar\/parlamentario\/comisiones\/verExp\/1262.12\/S\/PL","('0105-S-2012', 1)":null,"('0105-S-2012', 2)":null},"Palabra Clave":{"('0105-S-2012', 0)":" ","('0105-S-2012', 1)":null,"('0105-S-2012', 2)":null}}