{"Tipo de Proyecto":{"('0106-D-2012', 0)":"PROYECTO DE DECLARACI\u00d3N"},"Iniciado en: ":{"('0106-D-2012', 0)":"Diputados"},"Expediente Diputados: ":{"('0106-D-2012', 0)":"0106-D-2012"},"Publicado en: ":{"('0106-D-2012', 0)":"Tr\u00e1mite Parlamentario N\u00b0 1"},"Fecha: ":{"('0106-D-2012', 0)":"03\/03\/2012"},"T\u00edtulo":{"('0106-D-2012', 0)":"EXPRESAR PREOCUPACION POR LA CAIDA DE LAS EXPORTACIONES Y DE LA PRODUCCION DE LA INDUSTRIA AUTOMOTRIZ EN EL MES DE ENERO DE 2012."},"('Firmantes', 'FIRMANTE')":{"('0106-D-2012', 0)":"ATANASOF, ALFREDO NESTOR"},"('Firmantes', 'DISTRITO')":{"('0106-D-2012', 0)":"BUENOS AIRES"},"('Firmantes', 'BLOQUE')":{"('0106-D-2012', 0)":"FRENTE PERONISTA"},"('Giros', 'COMISI\u00d3N')":{"('0106-D-2012', 0)":"INDUSTRIA"},"Link":{"('0106-D-2012', 0)":"https:\/\/www.hcdn.gob.ar\/proyectos\/textoCompleto.jsp?exp=0106-D-2012&tipo=DECLARACION"},"Palabra Clave":{"('0106-D-2012', 0)":" "}}