{"Tipo de Proyecto":{"('0107-PE-2012', 0)":"MENSAJE NRO: 1214\/12"},"Iniciado en: ":{"('0107-PE-2012', 0)":"Senado"},"Expediente Senado: ":{"('0107-PE-2012', 0)":"0107-PE-2012"},"Publicado en: ":{"('0107-PE-2012', 0)":"DAE S.A. N\u00b0 8"},"Fecha: ":{"('0107-PE-2012', 0)":"20\/07\/2012"},"T\u00edtulo":{"('0107-PE-2012', 0)":"SOLICITA ACUERDO PARA DESIGNAR JUEZ DEL JUZGADO FEDERAL DE PRIMERA INSTANCIA EN LO CIVIL, COMERCIAL Y CONTENCIOSO ADMINISTRATIVO NUMERO 2 DE SAN JUSTO, PROVINCIA DE BUENOS AIRES, AL DOCTOR MARCELO ADRIAN BRUNO DOS SANTOS."},"('Firmantes', 'FIRMANTE')":{"('0107-PE-2012', 0)":"FERNANDEZ DE KIRCHNER, CRISTINA"},"('Firmantes', 'DISTRITO')":{"('0107-PE-2012', 0)":null},"('Firmantes', 'BLOQUE')":{"('0107-PE-2012', 0)":"PODER EJECUTIVO"},"('Tramites', 'C\u00c1MARA')":{"('0107-PE-2012', 0)":"Senado"},"('Tramites', 'MOVIMIENTO')":{"('0107-PE-2012', 0)":"CONSIDERACION Y APROBACION"},"('Tramites', 'FECHA')":{"('0107-PE-2012', 0)":"03\/10\/2012"},"('Tramites', 'RESULTADO')":{"('0107-PE-2012', 0)":"APROBADO"},"Palabra Clave":{"('0107-PE-2012', 0)":" "}}