{"Tipo de Proyecto":{"('0108-D-2012', 0)":"PROYECTO DE DECLARACI\u00d3N"},"Iniciado en: ":{"('0108-D-2012', 0)":"Diputados"},"Expediente Diputados: ":{"('0108-D-2012', 0)":"0108-D-2012"},"Publicado en: ":{"('0108-D-2012', 0)":"Tr\u00e1mite Parlamentario N\u00b0 1"},"Fecha: ":{"('0108-D-2012', 0)":"03\/03\/2012"},"T\u00edtulo":{"('0108-D-2012', 0)":"EXPRESAR PREOCUPACION POR LA SITUACION DE LA PRENSA EN LA REPUBLICA DE ECUADOR AL SER SENTENCIADO EL DIARIO EL UNIVERSO, AL PUBLICAR UN ARTICULO PERIODISTICO SOBRE EL PRESIDENTE RAFAEL CORREA."},"('Firmantes', 'FIRMANTE')":{"('0108-D-2012', 0)":"ATANASOF, ALFREDO NESTOR"},"('Firmantes', 'DISTRITO')":{"('0108-D-2012', 0)":"BUENOS AIRES"},"('Firmantes', 'BLOQUE')":{"('0108-D-2012', 0)":"FRENTE PERONISTA"},"('Giros', 'COMISI\u00d3N')":{"('0108-D-2012', 0)":"RELACIONES EXTERIORES Y CULTO"},"Link":{"('0108-D-2012', 0)":"https:\/\/www.hcdn.gob.ar\/proyectos\/textoCompleto.jsp?exp=0108-D-2012&tipo=DECLARACION"},"Palabra Clave":{"('0108-D-2012', 0)":" "}}