{"Tipo de Proyecto":{"('0108-PE-2012', 0)":"MENSAJE NRO: 1200\/12","('0108-PE-2012', 1)":null},"Iniciado en: ":{"('0108-PE-2012', 0)":"Senado","('0108-PE-2012', 1)":null},"Expediente Senado: ":{"('0108-PE-2012', 0)":"0108-PE-2012","('0108-PE-2012', 1)":null},"Publicado en: ":{"('0108-PE-2012', 0)":"DAE S.A. N\u00b0 8","('0108-PE-2012', 1)":null},"Fecha: ":{"('0108-PE-2012', 0)":"20\/07\/2012","('0108-PE-2012', 1)":null},"T\u00edtulo":{"('0108-PE-2012', 0)":"SOLICITA ACUERDO PARA PROMOVER AL GRADO INMEDIATO SUPERIOR, CON FECHA 31 DE DICIEMBRE DE 2011, AL CAPITAN DE FRAGATA ESTEBAN ALBERTO RUSSI.","('0108-PE-2012', 1)":null},"('Firmantes', 'FIRMANTE')":{"('0108-PE-2012', 0)":"FERNANDEZ DE KIRCHNER, CRISTINA","('0108-PE-2012', 1)":"PURICELLI, ANTONIO ARTURO"},"('Firmantes', 'DISTRITO')":{"('0108-PE-2012', 0)":null,"('0108-PE-2012', 1)":null},"('Firmantes', 'BLOQUE')":{"('0108-PE-2012', 0)":"PODER EJECUTIVO","('0108-PE-2012', 1)":"PODER EJECUTIVO"},"('Tramites', 'C\u00c1MARA')":{"('0108-PE-2012', 0)":"Senado","('0108-PE-2012', 1)":null},"('Tramites', 'MOVIMIENTO')":{"('0108-PE-2012', 0)":"CONSIDERACION Y APROBACION","('0108-PE-2012', 1)":null},"('Tramites', 'FECHA')":{"('0108-PE-2012', 0)":"03\/10\/2012","('0108-PE-2012', 1)":null},"('Tramites', 'RESULTADO')":{"('0108-PE-2012', 0)":"APROBADO","('0108-PE-2012', 1)":null},"Palabra Clave":{"('0108-PE-2012', 0)":" ","('0108-PE-2012', 1)":null}}