{"Tipo de Proyecto":{"('0108-OV-2012', 0)":"PROYECTO DE RESOLUCI\u00d3N"},"Iniciado en: ":{"('0108-OV-2012', 0)":"Senado"},"Expediente Senado: ":{"('0108-OV-2012', 0)":"0108-OV-2012"},"Fecha: ":{"('0108-OV-2012', 0)":"29\/11\/2012"},"T\u00edtulo":{"('0108-OV-2012', 0)":"DICTAMEN EN LA RESOLUCION REMITIDA POR LA AUDITORIA GENERAL DE LA NACION (49\/12); SOBRE EL CUAL SE APRUEBA EL \"INSTRUCTIVO DE APLICACION DE NORMAS ANTILAVADO EN LOS PROYECTOS DE AUDITORIA DE ESTADOS CONTABLES DONDE SE CONSIGNE MATRICULA PROFESIONAL\""},"('Firmantes', 'FIRMANTE')":{"('0108-OV-2012', 0)":"PARLAMENTARIA MIXTA REVISORA DE CUENTAS"},"('Firmantes', 'DISTRITO')":{"('0108-OV-2012', 0)":null},"('Firmantes', 'BLOQUE')":{"('0108-OV-2012', 0)":null},"('Tramites', 'C\u00c1MARA')":{"('0108-OV-2012', 0)":"Senado"},"('Tramites', 'MOVIMIENTO')":{"('0108-OV-2012', 0)":"CONSIDERACION Y APROBACION"},"('Tramites', 'FECHA')":{"('0108-OV-2012', 0)":"10\/12\/2014"},"('Tramites', 'RESULTADO')":{"('0108-OV-2012', 0)":"APROBADO"},"Sumario":{"('0108-OV-2012', 0)":"HABIENDO TOMADO CONOCIMIENTO, Y SIN PERJUICIO DE ULTERIORES MEDIDAS QUE PUEDAN ADOPTARSE, SE ACONSEJA SU REMISION AL ARCHIVO."},"Palabra Clave":{"('0108-OV-2012', 0)":" "}}