{"Tipo de Proyecto":{"('0112-S-2012', 0)":"PROYECTO DE LEY"},"Iniciado en: ":{"('0112-S-2012', 0)":"Senado"},"Expediente Senado: ":{"('0112-S-2012', 0)":"0112-S-2012"},"Publicado en: ":{"('0112-S-2012', 0)":"Diario de Asuntos Entrados N\u00b0 9"},"Fecha: ":{"('0112-S-2012', 0)":"02\/03\/2012"},"T\u00edtulo":{"('0112-S-2012', 0)":"JURISDICCION DE LAS PROVINCIAS SOBRE EL MAR TERRITORIAL ADYACENTE A SUS COSTAS, HASTA UNA DISTANCIA DE DOCE (12) MILLAS MARINAS A PARTIR DE LAS LINEAS ESTABLECIDAS EN EL ARTICULO 1 DE LA LEY 23968 (REPRODUCCION DEL EXPEDIENTE 0004-S-10)."},"('Firmantes', 'FIRMANTE')":{"('0112-S-2012', 0)":"GUINLE, MARCELO ALEJANDRO"},"('Firmantes', 'DISTRITO')":{"('0112-S-2012', 0)":"CHUBUT"},"('Firmantes', 'BLOQUE')":{"('0112-S-2012', 0)":"FRENTE PARA LA VICTORIA - PJ"},"Sumario":{"('0112-S-2012', 0)":"DEROGACION DEL DECRETO LEY 18502, REFERIDO AL MAR TERRITORIAL Y LA JURISDICCION PROVINCIAL SOBRE DICHO MAR."},"Palabra Clave":{"('0112-S-2012', 0)":" "}}