{"Tipo de Proyecto":{"('0113-OV-2012', 0)":"PROYECTO DE RESOLUCI\u00d3N"},"Iniciado en: ":{"('0113-OV-2012', 0)":"Senado"},"Expediente Senado: ":{"('0113-OV-2012', 0)":"0113-OV-2012"},"Fecha: ":{"('0113-OV-2012', 0)":"26\/09\/2012"},"T\u00edtulo":{"('0113-OV-2012', 0)":"DICTAMEN EN LA RESOLUCION REMITIDA POR LA AUDITORIA GENERAL DE LA NACION (5012), REFERIDA A LA EVALUACION DE LA ADMINISTRACION DEL FONDO DE GARANTIA DE SUSTENTABILIDAD DEL SISTEMA INTEGRADO PREVISIONAL ARGENTINO (SIPA)."},"('Firmantes', 'FIRMANTE')":{"('0113-OV-2012', 0)":"PARLAMENTARIA MIXTA REVISORA DE CUENTAS"},"('Firmantes', 'DISTRITO')":{"('0113-OV-2012', 0)":null},"('Firmantes', 'BLOQUE')":{"('0113-OV-2012', 0)":null},"Sumario":{"('0113-OV-2012', 0)":"HABIENDO TOMADO CONOCIMIENTO, Y SIN PERJUICIO DE ULTERIORES MEDIDAS QUE PUEDAN ADOPTARSE, SE ACONSEJA SU REMISION AL ARCHIVO"},"Palabra Clave":{"('0113-OV-2012', 0)":" "}}