{"Tipo de Proyecto":{"('0114-S-2012', 0)":"MENSAJE NRO: 1721\/12 Y PROYECTO DE LEY","('0114-S-2012', 1)":null,"('0114-S-2012', 2)":null,"('0114-S-2012', 3)":null,"('0114-S-2012', 4)":null,"('0114-S-2012', 5)":null},"Iniciado en: ":{"('0114-S-2012', 0)":"Senado","('0114-S-2012', 1)":null,"('0114-S-2012', 2)":null,"('0114-S-2012', 3)":null,"('0114-S-2012', 4)":null,"('0114-S-2012', 5)":null},"Expediente Diputados: ":{"('0114-S-2012', 0)":"0114-S-2012","('0114-S-2012', 1)":null,"('0114-S-2012', 2)":null,"('0114-S-2012', 3)":null,"('0114-S-2012', 4)":null,"('0114-S-2012', 5)":null},"Expediente Senado: ":{"('0114-S-2012', 0)":"0155-PE-2012","('0114-S-2012', 1)":null,"('0114-S-2012', 2)":null,"('0114-S-2012', 3)":null,"('0114-S-2012', 4)":null,"('0114-S-2012', 5)":null},"Publicado en: ":{"('0114-S-2012', 0)":"Diario de Asuntos Entrados N\u00b0 199","('0114-S-2012', 1)":null,"('0114-S-2012', 2)":null,"('0114-S-2012', 3)":null,"('0114-S-2012', 4)":null,"('0114-S-2012', 5)":null},"Fecha: ":{"('0114-S-2012', 0)":"25\/09\/2012","('0114-S-2012', 1)":null,"('0114-S-2012', 2)":null,"('0114-S-2012', 3)":null,"('0114-S-2012', 4)":null,"('0114-S-2012', 5)":null},"T\u00edtulo":{"('0114-S-2012', 0)":"REGIMEN DE ORDENAMIENTO DE LA REPARACION DE LOS DA\u00d1OS DERIVADOS DE LOS ACCIDENTES DE TRABAJO Y ENFERMEDADES PROFESIONALES. ","('0114-S-2012', 1)":null,"('0114-S-2012', 2)":null,"('0114-S-2012', 3)":null,"('0114-S-2012', 4)":null,"('0114-S-2012', 5)":null},"('Firmantes', 'FIRMANTE')":{"('0114-S-2012', 0)":"FERNANDEZ DE KIRCHNER, CRISTINA","('0114-S-2012', 1)":"ABAL MEDINA, JUAN MANUEL","('0114-S-2012', 2)":"TOMADA, CARLOS","('0114-S-2012', 3)":null,"('0114-S-2012', 4)":null,"('0114-S-2012', 5)":null},"('Firmantes', 'DISTRITO')":{"('0114-S-2012', 0)":null,"('0114-S-2012', 1)":null,"('0114-S-2012', 2)":null,"('0114-S-2012', 3)":null,"('0114-S-2012', 4)":null,"('0114-S-2012', 5)":null},"('Firmantes', 'BLOQUE')":{"('0114-S-2012', 0)":"PODER EJECUTIVO","('0114-S-2012', 1)":"PODER EJECUTIVO","('0114-S-2012', 2)":"PODER EJECUTIVO","('0114-S-2012', 3)":null,"('0114-S-2012', 4)":null,"('0114-S-2012', 5)":null},"('Giros', 'COMISI\u00d3N')":{"('0114-S-2012', 0)":"LEGISLACION DEL TRABAJO","('0114-S-2012', 1)":"LEGISLACION GENERAL","('0114-S-2012', 2)":"PRESUPUESTO Y HACIENDA","('0114-S-2012', 3)":null,"('0114-S-2012', 4)":null,"('0114-S-2012', 5)":null},"('Tramites', 'C\u00c1MARA')":{"('0114-S-2012', 0)":"Senado","('0114-S-2012', 1)":"Senado","('0114-S-2012', 2)":"Diputados","('0114-S-2012', 3)":"Diputados","('0114-S-2012', 4)":"Diputados","('0114-S-2012', 5)":"Diputados"},"('Tramites', 'MOVIMIENTO')":{"('0114-S-2012', 0)":"CONSIDERACION Y APROBACION","('0114-S-2012', 1)":"INSERCIONES","('0114-S-2012', 2)":"PASA A DIPUTADOS -","('0114-S-2012', 3)":"CITACION SESION ESPECIAL","('0114-S-2012', 4)":"CONSIDERACION Y SANCION","('0114-S-2012', 5)":"INSERCIONES"},"('Tramites', 'FECHA')":{"('0114-S-2012', 0)":"03\/10\/2012","('0114-S-2012', 1)":"03\/10\/2012","('0114-S-2012', 2)":null,"('0114-S-2012', 3)":"24\/10\/2012","('0114-S-2012', 4)":"24\/10\/2012","('0114-S-2012', 5)":"24\/10\/2012"},"('Tramites', 'RESULTADO')":{"('0114-S-2012', 0)":"MEDIA SANCION","('0114-S-2012', 1)":null,"('0114-S-2012', 2)":null,"('0114-S-2012', 3)":null,"('0114-S-2012', 4)":"SANCIONADO","('0114-S-2012', 5)":null},"Link":{"('0114-S-2012', 0)":"http:\/\/www.senado.gov.ar\/web\/proyectos\/verExpe.php?origen=PE&nro_comision=&tipo=PL&numexp=155\/12&tConsulta=5","('0114-S-2012', 1)":null,"('0114-S-2012', 2)":null,"('0114-S-2012', 3)":null,"('0114-S-2012', 4)":null,"('0114-S-2012', 5)":null},"Palabra Clave":{"('0114-S-2012', 0)":" ","('0114-S-2012', 1)":null,"('0114-S-2012', 2)":null,"('0114-S-2012', 3)":null,"('0114-S-2012', 4)":null,"('0114-S-2012', 5)":null}}