{"Tipo de Proyecto":{"('0114-OV-2012', 0)":"PROYECTO DE RESOLUCI\u00d3N"},"Iniciado en: ":{"('0114-OV-2012', 0)":"Senado"},"Expediente Senado: ":{"('0114-OV-2012', 0)":"0114-OV-2012"},"Fecha: ":{"('0114-OV-2012', 0)":"26\/09\/2012"},"T\u00edtulo":{"('0114-OV-2012', 0)":"DICTAMEN EN LA RESOLUCION REMITIDA POR LA AUDITORIA GENERAL DE LA NACION (51\/12), SOBRE LOS ESTADOS FINANCIEROS DEL EJERCICIO FINALIZADO EL 31\/12\/11 CORRESPONDIENTE AL \"PROGRAMA DE PASOS FRONTERIZOS Y CORREDORES DE INTEGRACION\" - CONTRATO DE PRESTAMO NUMERO 1294 OC-AR BID."},"('Firmantes', 'FIRMANTE')":{"('0114-OV-2012', 0)":"PARLAMENTARIA MIXTA REVISORA DE CUENTAS"},"('Firmantes', 'DISTRITO')":{"('0114-OV-2012', 0)":null},"('Firmantes', 'BLOQUE')":{"('0114-OV-2012', 0)":null},"('Tramites', 'C\u00c1MARA')":{"('0114-OV-2012', 0)":"Senado"},"('Tramites', 'MOVIMIENTO')":{"('0114-OV-2012', 0)":"CONSIDERACION Y APROBACION"},"('Tramites', 'FECHA')":{"('0114-OV-2012', 0)":"14\/11\/2012"},"('Tramites', 'RESULTADO')":{"('0114-OV-2012', 0)":"APROBADO"},"Sumario":{"('0114-OV-2012', 0)":"HABIENDO TOMADO CONOCIMIENTO, Y SIN PERJUICIO DE ULTERIORES MEDIDAS QUE PUEDAN ADOPTARSE, SE ACONSEJA SU REMISION AL ARCHIVO."},"Palabra Clave":{"('0114-OV-2012', 0)":" "}}