{"Tipo de Proyecto":{"('0115-OV-2012', 0)":"PROYECTO DE RESOLUCI\u00d3N"},"Iniciado en: ":{"('0115-OV-2012', 0)":"Senado"},"Expediente Senado: ":{"('0115-OV-2012', 0)":"0115-OV-2012"},"Fecha: ":{"('0115-OV-2012', 0)":"07\/09\/2012"},"T\u00edtulo":{"('0115-OV-2012', 0)":"DICTAMEN EN LA RESOLUCION REMITIDA POR LA AUDITORIA GENERAL DE LA NACION (52\/12 DEL 26\/04\/12), REFERIDO A LOS ESTADOS FINANCIEROS DEL EJERCICIO FINALIZADO EL 31\/12\/11, CORRESPONDIENTES AL PROYECTO DE INTEGRACION DE PEQUE\u00d1OS PRODUCTORES A LA CADENA VITIVINICOLA, REALIZADO EN EL MINISTERIO DE AGRICULTURA, GANADERIA Y PESCA -CONVENIO DE PRESTAMO BID 2086\/OC-AR."},"('Firmantes', 'FIRMANTE')":{"('0115-OV-2012', 0)":"PARLAMENTARIA MIXTA REVISORA DE CUENTAS"},"('Firmantes', 'DISTRITO')":{"('0115-OV-2012', 0)":null},"('Firmantes', 'BLOQUE')":{"('0115-OV-2012', 0)":null},"('Tramites', 'C\u00c1MARA')":{"('0115-OV-2012', 0)":"Senado"},"('Tramites', 'MOVIMIENTO')":{"('0115-OV-2012', 0)":"CONSIDERACION Y APROBACION"},"('Tramites', 'FECHA')":{"('0115-OV-2012', 0)":"14\/11\/2012"},"('Tramites', 'RESULTADO')":{"('0115-OV-2012', 0)":"APROBADO"},"Sumario":{"('0115-OV-2012', 0)":"HABIENDO TOMADO CONOCIMIENTO, Y SIN PERJUICIO DE ULTERIORES MEDIDAS QUE PUEDAN ADOPTARSE, SE ACONSEJA SU REMISION AL ARCHIVO."},"Palabra Clave":{"('0115-OV-2012', 0)":" "}}