{"Tipo de Proyecto":{"('0116-D-2012', 0)":"PROYECTO DE DECLARACI\u00d3N"},"Iniciado en: ":{"('0116-D-2012', 0)":"Diputados"},"Expediente Diputados: ":{"('0116-D-2012', 0)":"0116-D-2012"},"Publicado en: ":{"('0116-D-2012', 0)":"Tr\u00e1mite Parlamentario N\u00b0 1"},"Fecha: ":{"('0116-D-2012', 0)":"03\/03\/2012"},"T\u00edtulo":{"('0116-D-2012', 0)":"DECLARA EL RECONOCIMIENTO A INES GONZALEZ BOIX, RELIGIOSA DE LA FRATERNIDAD DE LA PAZ, DE LA LOCALIDAD DE CRUZ DEL EJE, PROVINCIA DE CORDOBA. "},"('Firmantes', 'FIRMANTE')":{"('0116-D-2012', 0)":"ATANASOF, ALFREDO NESTOR"},"('Firmantes', 'DISTRITO')":{"('0116-D-2012', 0)":"BUENOS AIRES"},"('Firmantes', 'BLOQUE')":{"('0116-D-2012', 0)":"FRENTE PERONISTA"},"('Giros', 'COMISI\u00d3N')":{"('0116-D-2012', 0)":"RELACIONES EXTERIORES Y CULTO"},"Link":{"('0116-D-2012', 0)":"https:\/\/www.hcdn.gob.ar\/proyectos\/textoCompleto.jsp?exp=0116-D-2012&tipo=DECLARACION"},"Palabra Clave":{"('0116-D-2012', 0)":" "}}