{"Tipo de Proyecto":{"('0117-S-2012', 0)":"PROYECTO DE LEY"},"Iniciado en: ":{"('0117-S-2012', 0)":"Senado"},"Expediente Senado: ":{"('0117-S-2012', 0)":"0117-S-2012"},"Publicado en: ":{"('0117-S-2012', 0)":"Diario de Asuntos Entrados N\u00b0 9"},"Fecha: ":{"('0117-S-2012', 0)":"02\/03\/2012"},"T\u00edtulo":{"('0117-S-2012', 0)":"MODIFICACION A LA LEY 25323, DE INCREMENTO AL DOBLE DE LAS INDEMNIZACIONES PREVISTAS POR LAS LEYES 20744: SUSTITUCION DEL PRIMER PARRAFO DEL ARTICULO 2 (INCREMENTO DE LA INDEMNIZACION POR EL NO PAGO A CONSECUENCIA DEL DESPIDO) (REPRODUCCION DEL EXPEDIENTE 0009-S-10)."},"('Firmantes', 'FIRMANTE')":{"('0117-S-2012', 0)":"GUINLE, MARCELO ALEJANDRO"},"('Firmantes', 'DISTRITO')":{"('0117-S-2012', 0)":"CHUBUT"},"('Firmantes', 'BLOQUE')":{"('0117-S-2012', 0)":"FRENTE PARA LA VICTORIA - PJ"},"('Tramites', 'C\u00c1MARA')":{"('0117-S-2012', 0)":"Senado"},"('Tramites', 'MOVIMIENTO')":{"('0117-S-2012', 0)":"REPRODUCIDO POR EXPEDIENTE 0762-S-14"},"('Tramites', 'FECHA')":{"('0117-S-2012', 0)":null},"('Tramites', 'RESULTADO')":{"('0117-S-2012', 0)":null},"Link":{"('0117-S-2012', 0)":"http:\/\/www.senado.gov.ar\/parlamentario\/comisiones\/verExp\/117.12\/S\/PL"},"Palabra Clave":{"('0117-S-2012', 0)":" "}}