{"Tipo de Proyecto":{"('0117-PE-2012', 0)":"MENSAJE NRO: 1304\/12","('0117-PE-2012', 1)":null,"('0117-PE-2012', 2)":null},"Iniciado en: ":{"('0117-PE-2012', 0)":"Senado","('0117-PE-2012', 1)":null,"('0117-PE-2012', 2)":null},"Expediente Senado: ":{"('0117-PE-2012', 0)":"0117-PE-2012","('0117-PE-2012', 1)":null,"('0117-PE-2012', 2)":null},"Publicado en: ":{"('0117-PE-2012', 0)":"Diario de Asuntos Entrados N\u00b0 147","('0117-PE-2012', 1)":null,"('0117-PE-2012', 2)":null},"Fecha: ":{"('0117-PE-2012', 0)":"01\/08\/2012","('0117-PE-2012', 1)":null,"('0117-PE-2012', 2)":null},"T\u00edtulo":{"('0117-PE-2012', 0)":"COMUNICACION DEL DECRETO 1303\/10 POR EL QUE SE OBSERVA Y SE DEVUELVE EL PROYECTO DE LEY REGISTRADO BAJO EL NUMERO 26751, SOBRE TRANSFERENCIA A TITULO GRATUITO A FAVOR DE LA MUNICIPALIDAD DE LA BANDA, SANTIAGO DEL ESTERO, EL DOMINIO DEL INMUEBLE PROPIEDAD DEL ESTADO NACIONAL, UBICADO EN LA MENCIONADA LOCALIDAD.","('0117-PE-2012', 1)":null,"('0117-PE-2012', 2)":null},"('Firmantes', 'FIRMANTE')":{"('0117-PE-2012', 0)":"FERNANDEZ DE KIRCHNER, CRISTINA","('0117-PE-2012', 1)":"ABAL MEDINA, JUAN MANUEL","('0117-PE-2012', 2)":"DE VIDO, JULIO"},"('Firmantes', 'DISTRITO')":{"('0117-PE-2012', 0)":null,"('0117-PE-2012', 1)":null,"('0117-PE-2012', 2)":null},"('Firmantes', 'BLOQUE')":{"('0117-PE-2012', 0)":"PODER EJECUTIVO","('0117-PE-2012', 1)":"PODER EJECUTIVO","('0117-PE-2012', 2)":"PODER EJECUTIVO"},"Palabra Clave":{"('0117-PE-2012', 0)":" ","('0117-PE-2012', 1)":null,"('0117-PE-2012', 2)":null}}