{"Tipo de Proyecto":{"('0117-OV-2012', 0)":"PROYECTO DE RESOLUCI\u00d3N"},"Iniciado en: ":{"('0117-OV-2012', 0)":"Senado"},"Expediente Senado: ":{"('0117-OV-2012', 0)":"0117-OV-2012"},"Fecha: ":{"('0117-OV-2012', 0)":"07\/09\/2012"},"T\u00edtulo":{"('0117-OV-2012', 0)":"DICTAMEN EN LA RESOLUCION REMITIDA POR LA AUDITORIA GENERAL DE LA NACION (54\/12 DEL 26\/04\/12), RESPECTO DEL INFORME DE AUDITORIA SOBRE LOS ESTADOS FINANCIEROS POR EL EJERCICIO IRREGULAR 1 POR EL PERIODO COMPRENDIDO ENTRE EL 01\/01\/10 Y EL 31\/12\/11 CORRESPONDIENTES AL PROYECTO DE EFICIENCIA ENERGETICA - CONVENIO DE DONACION DEL FONDO PARA EL MEDIO AMBIENTE MUNDIAL BIRF TF 92377."},"('Firmantes', 'FIRMANTE')":{"('0117-OV-2012', 0)":"PARLAMENTARIA MIXTA REVISORA DE CUENTAS"},"('Firmantes', 'DISTRITO')":{"('0117-OV-2012', 0)":null},"('Firmantes', 'BLOQUE')":{"('0117-OV-2012', 0)":null},"('Tramites', 'C\u00c1MARA')":{"('0117-OV-2012', 0)":"Senado"},"('Tramites', 'MOVIMIENTO')":{"('0117-OV-2012', 0)":"CONSIDERACION Y APROBACION"},"('Tramites', 'FECHA')":{"('0117-OV-2012', 0)":"14\/11\/2012"},"('Tramites', 'RESULTADO')":{"('0117-OV-2012', 0)":"APROBADO"},"Sumario":{"('0117-OV-2012', 0)":"HABIENDO TOMADO CONOCIMIENTO, Y SIN PERJUICIO DE ULTERIORES MEDIDAS QUE PUEDAN ADOPTARSE, SE ACONSEJA SU REMISION AL ARCHIVO."},"Palabra Clave":{"('0117-OV-2012', 0)":" "}}