{"Tipo de Proyecto":{"('0119-S-2012', 0)":"PROYECTO DE LEY"},"Iniciado en: ":{"('0119-S-2012', 0)":"Senado"},"Expediente Senado: ":{"('0119-S-2012', 0)":"0119-S-2012"},"Publicado en: ":{"('0119-S-2012', 0)":"Diario de Asuntos Entrados N\u00b0 9"},"Fecha: ":{"('0119-S-2012', 0)":"02\/03\/2012"},"T\u00edtulo":{"('0119-S-2012', 0)":"PREVENCION, TRATAMIENTO Y REHABILITACION DE LAS ADICCIONES EN EL AMBITO LABORAL (REPRODUCCION DEL EXPEDIENTE 0245-S-10)."},"('Firmantes', 'FIRMANTE')":{"('0119-S-2012', 0)":"GUINLE, MARCELO ALEJANDRO"},"('Firmantes', 'DISTRITO')":{"('0119-S-2012', 0)":"CHUBUT"},"('Firmantes', 'BLOQUE')":{"('0119-S-2012', 0)":"FRENTE PARA LA VICTORIA - PJ"},"('Tramites', 'C\u00c1MARA')":{"('0119-S-2012', 0)":"Senado"},"('Tramites', 'MOVIMIENTO')":{"('0119-S-2012', 0)":"REPRODUCIDO POR EXPEDIENTE 0527-S-14"},"('Tramites', 'FECHA')":{"('0119-S-2012', 0)":null},"('Tramites', 'RESULTADO')":{"('0119-S-2012', 0)":null},"Sumario":{"('0119-S-2012', 0)":"OBJETO; DEFINICION; DERECHOS DE LOS TRABAJADORES; POLITICA DE LA EMPRESA; COBERTURA; PROGRAMAS; INFORMES PERIODICOS; PROGRAMAS DE PREVENCION; UNIDADES PREVENTIVAS DE ADICCIONES; ACTIVIDAD RIESGOSA."},"Palabra Clave":{"('0119-S-2012', 0)":" "}}