{"Tipo de Proyecto":{"('0120-S-2012', 0)":"MENSAJE NRO: 0900\/12 Y PROYECTO DE LEY","('0120-S-2012', 1)":null,"('0120-S-2012', 2)":null,"('0120-S-2012', 3)":null,"('0120-S-2012', 4)":null,"('0120-S-2012', 5)":null,"('0120-S-2012', 6)":null,"('0120-S-2012', 7)":null},"Iniciado en: ":{"('0120-S-2012', 0)":"Senado","('0120-S-2012', 1)":null,"('0120-S-2012', 2)":null,"('0120-S-2012', 3)":null,"('0120-S-2012', 4)":null,"('0120-S-2012', 5)":null,"('0120-S-2012', 6)":null,"('0120-S-2012', 7)":null},"Expediente Diputados: ":{"('0120-S-2012', 0)":"0120-S-2012","('0120-S-2012', 1)":null,"('0120-S-2012', 2)":null,"('0120-S-2012', 3)":null,"('0120-S-2012', 4)":null,"('0120-S-2012', 5)":null,"('0120-S-2012', 6)":null,"('0120-S-2012', 7)":null},"Expediente Senado: ":{"('0120-S-2012', 0)":"0058-PE-2012","('0120-S-2012', 1)":null,"('0120-S-2012', 2)":null,"('0120-S-2012', 3)":null,"('0120-S-2012', 4)":null,"('0120-S-2012', 5)":null,"('0120-S-2012', 6)":null,"('0120-S-2012', 7)":null},"Publicado en: ":{"('0120-S-2012', 0)":"Diario de Asuntos Entrados N\u00b0 105","('0120-S-2012', 1)":null,"('0120-S-2012', 2)":null,"('0120-S-2012', 3)":null,"('0120-S-2012', 4)":null,"('0120-S-2012', 5)":null,"('0120-S-2012', 6)":null,"('0120-S-2012', 7)":null},"Fecha: ":{"('0120-S-2012', 0)":"07\/06\/2012","('0120-S-2012', 1)":null,"('0120-S-2012', 2)":null,"('0120-S-2012', 3)":null,"('0120-S-2012', 4)":null,"('0120-S-2012', 5)":null,"('0120-S-2012', 6)":null,"('0120-S-2012', 7)":null},"T\u00edtulo":{"('0120-S-2012', 0)":"REGIMEN FEDERAL DE EMPLEO PROTEGIDO PARA PERSONAS CON DISCAPACIDAD.","('0120-S-2012', 1)":null,"('0120-S-2012', 2)":null,"('0120-S-2012', 3)":null,"('0120-S-2012', 4)":null,"('0120-S-2012', 5)":null,"('0120-S-2012', 6)":null,"('0120-S-2012', 7)":null},"('Firmantes', 'FIRMANTE')":{"('0120-S-2012', 0)":"FERNANDEZ DE KIRCHNER, CRISTINA","('0120-S-2012', 1)":"ABAL MEDINA, JUAN MANUEL","('0120-S-2012', 2)":"TOMADA, CARLOS","('0120-S-2012', 3)":null,"('0120-S-2012', 4)":null,"('0120-S-2012', 5)":null,"('0120-S-2012', 6)":null,"('0120-S-2012', 7)":null},"('Firmantes', 'DISTRITO')":{"('0120-S-2012', 0)":null,"('0120-S-2012', 1)":null,"('0120-S-2012', 2)":null,"('0120-S-2012', 3)":null,"('0120-S-2012', 4)":null,"('0120-S-2012', 5)":null,"('0120-S-2012', 6)":null,"('0120-S-2012', 7)":null},"('Firmantes', 'BLOQUE')":{"('0120-S-2012', 0)":"PODER EJECUTIVO","('0120-S-2012', 1)":"PODER EJECUTIVO","('0120-S-2012', 2)":"PODER EJECUTIVO","('0120-S-2012', 3)":null,"('0120-S-2012', 4)":null,"('0120-S-2012', 5)":null,"('0120-S-2012', 6)":null,"('0120-S-2012', 7)":null},"('Giros', 'COMISI\u00d3N')":{"('0120-S-2012', 0)":"LEGISLACION DEL TRABAJO","('0120-S-2012', 1)":"DISCAPACIDAD","('0120-S-2012', 2)":"PRESUPUESTO Y HACIENDA","('0120-S-2012', 3)":null,"('0120-S-2012', 4)":null,"('0120-S-2012', 5)":null,"('0120-S-2012', 6)":null,"('0120-S-2012', 7)":null},"('Tramites', 'C\u00c1MARA')":{"('0120-S-2012', 0)":"Senado","('0120-S-2012', 1)":"Senado","('0120-S-2012', 2)":"Senado","('0120-S-2012', 3)":"Senado","('0120-S-2012', 4)":"Senado","('0120-S-2012', 5)":"Diputados","('0120-S-2012', 6)":"Diputados","('0120-S-2012', 7)":"Diputados"},"('Tramites', 'MOVIMIENTO')":{"('0120-S-2012', 0)":"MOCION SOBRE TABLAS (AFIRMATIVA)","('0120-S-2012', 1)":"POSTERGACION DE TRATAMIENTO","('0120-S-2012', 2)":"INSERCION","('0120-S-2012', 3)":"CONSIDERACION Y APROBACION CON MODIFICACIONES","('0120-S-2012', 4)":"INSERCIONES","('0120-S-2012', 5)":"PASA A DIPUTADOS -","('0120-S-2012', 6)":"CONSIDERACION Y SANCION","('0120-S-2012', 7)":"INSERCIONES"},"('Tramites', 'FECHA')":{"('0120-S-2012', 0)":"12\/09\/2012","('0120-S-2012', 1)":"12\/09\/2012","('0120-S-2012', 2)":"12\/09\/2012","('0120-S-2012', 3)":"25\/10\/2012","('0120-S-2012', 4)":"25\/10\/2012","('0120-S-2012', 5)":null,"('0120-S-2012', 6)":"28\/11\/2012","('0120-S-2012', 7)":"28\/11\/2012"},"('Tramites', 'RESULTADO')":{"('0120-S-2012', 0)":null,"('0120-S-2012', 1)":null,"('0120-S-2012', 2)":null,"('0120-S-2012', 3)":"MEDIA SANCION","('0120-S-2012', 4)":null,"('0120-S-2012', 5)":null,"('0120-S-2012', 6)":"SANCIONADO","('0120-S-2012', 7)":null},"Sumario":{"('0120-S-2012', 0)":"TALLERES PROTEGIDOS ESPECIALES PARA EL EMPLEO (TPEE); TALLERES PROTEGIDOS DE PRODUCCION (TPP); GRUPOS LABORALES PROTEGIDOS; REGIMEN ESPECIAL DE SEGURIDAD SOCIAL PARA EL EMPLEO PROTEGIDO; ESTIMULOS Y FINANCIACION; PENALIDADES; AUTORIDAD DE APLICACION: MINISTERIO DE TRABAJO, EMPLEO Y SEGURIDAD SOCIAL; BENEFICIOS TRIBUTARIOS; DEROGACION DE LA LEY 24147.","('0120-S-2012', 1)":null,"('0120-S-2012', 2)":null,"('0120-S-2012', 3)":null,"('0120-S-2012', 4)":null,"('0120-S-2012', 5)":null,"('0120-S-2012', 6)":null,"('0120-S-2012', 7)":null},"Palabra Clave":{"('0120-S-2012', 0)":" ","('0120-S-2012', 1)":null,"('0120-S-2012', 2)":null,"('0120-S-2012', 3)":null,"('0120-S-2012', 4)":null,"('0120-S-2012', 5)":null,"('0120-S-2012', 6)":null,"('0120-S-2012', 7)":null}}