{"Tipo de Proyecto":{"('0120-D-2012', 0)":"PROYECTO DE DECLARACI\u00d3N","('0120-D-2012', 1)":null},"Iniciado en: ":{"('0120-D-2012', 0)":"Diputados","('0120-D-2012', 1)":null},"Expediente Diputados: ":{"('0120-D-2012', 0)":"0120-D-2012","('0120-D-2012', 1)":null},"Publicado en: ":{"('0120-D-2012', 0)":"Tr\u00e1mite Parlamentario N\u00b0 1","('0120-D-2012', 1)":null},"Fecha: ":{"('0120-D-2012', 0)":"03\/03\/2012","('0120-D-2012', 1)":null},"T\u00edtulo":{"('0120-D-2012', 0)":"EXPRESAR REPUDIO POR EL VIOLENTO ACCIONAR POLICIAL CONTRA UN GRUPO DE MANIFESTANTES, TRABAJADORES DE LA EMPRESA CAMUZZI GAS DEL SUR, EN LA PROVINCIA DEL CHUBUT. ","('0120-D-2012', 1)":null},"('Firmantes', 'FIRMANTE')":{"('0120-D-2012', 0)":"ATANASOF, ALFREDO NESTOR","('0120-D-2012', 1)":null},"('Firmantes', 'DISTRITO')":{"('0120-D-2012', 0)":"BUENOS AIRES","('0120-D-2012', 1)":null},"('Firmantes', 'BLOQUE')":{"('0120-D-2012', 0)":"FRENTE PERONISTA","('0120-D-2012', 1)":null},"('Giros', 'COMISI\u00d3N')":{"('0120-D-2012', 0)":"LEGISLACION PENAL","('0120-D-2012', 1)":"LEGISLACION DEL TRABAJO"},"Link":{"('0120-D-2012', 0)":"https:\/\/www.hcdn.gob.ar\/proyectos\/textoCompleto.jsp?exp=0120-D-2012&tipo=DECLARACION","('0120-D-2012', 1)":null},"Palabra Clave":{"('0120-D-2012', 0)":" ","('0120-D-2012', 1)":null}}