{"Tipo de Proyecto":{"('0121-D-2012', 0)":"PROYECTO DE DECLARACI\u00d3N"},"Iniciado en: ":{"('0121-D-2012', 0)":"Diputados"},"Expediente Diputados: ":{"('0121-D-2012', 0)":"0121-D-2012"},"Publicado en: ":{"('0121-D-2012', 0)":"Tr\u00e1mite Parlamentario N\u00b0 1"},"Fecha: ":{"('0121-D-2012', 0)":"03\/03\/2012"},"T\u00edtulo":{"('0121-D-2012', 0)":"EXPRESAR PREOCUPACION POR LA CRECIENTE CONFLICTIVIDAD POLITICA Y SOCIAL EN LA REPUBLICA DE LAS MALDIVAS."},"('Firmantes', 'FIRMANTE')":{"('0121-D-2012', 0)":"ATANASOF, ALFREDO NESTOR"},"('Firmantes', 'DISTRITO')":{"('0121-D-2012', 0)":"BUENOS AIRES"},"('Firmantes', 'BLOQUE')":{"('0121-D-2012', 0)":"FRENTE PERONISTA"},"('Giros', 'COMISI\u00d3N')":{"('0121-D-2012', 0)":"RELACIONES EXTERIORES Y CULTO"},"Link":{"('0121-D-2012', 0)":"https:\/\/www.hcdn.gob.ar\/proyectos\/textoCompleto.jsp?exp=0121-D-2012&tipo=DECLARACION"},"Palabra Clave":{"('0121-D-2012', 0)":" "}}