{"Tipo de Proyecto":{"('0123-D-2012', 0)":"PROYECTO DE RESOLUCI\u00d3N"},"Iniciado en: ":{"('0123-D-2012', 0)":"Diputados"},"Expediente Diputados: ":{"('0123-D-2012', 0)":"0123-D-2012"},"Publicado en: ":{"('0123-D-2012', 0)":"Tr\u00e1mite Parlamentario N\u00b0 1"},"Fecha: ":{"('0123-D-2012', 0)":"03\/03\/2012"},"T\u00edtulo":{"('0123-D-2012', 0)":"PEDIDO DE INFORMES AL PODER EJECUTIVO SOBRE DIVERSAS CUESTIONES RELACIONADAS CON LA DISMINUCION DE LA MATRIZ ENERGETICA EN MATERIA DE HIDROCARBUROS DURANTE 2011 Y OTRAS CUESTIONES CONEXAS."},"('Firmantes', 'FIRMANTE')":{"('0123-D-2012', 0)":"ATANASOF, ALFREDO NESTOR"},"('Firmantes', 'DISTRITO')":{"('0123-D-2012', 0)":"BUENOS AIRES"},"('Firmantes', 'BLOQUE')":{"('0123-D-2012', 0)":"FRENTE PERONISTA"},"('Giros', 'COMISI\u00d3N')":{"('0123-D-2012', 0)":"ENERGIA Y COMBUSTIBLES"},"Link":{"('0123-D-2012', 0)":"https:\/\/www.hcdn.gob.ar\/proyectos\/textoCompleto.jsp?exp=0123-D-2012&tipo=RESOLUCION"},"Palabra Clave":{"('0123-D-2012', 0)":" "}}