{"Tipo de Proyecto":{"('0123-PE-2012', 0)":"MENSAJE NRO: ____\/__"},"Iniciado en: ":{"('0123-PE-2012', 0)":"Senado"},"Expediente Senado: ":{"('0123-PE-2012', 0)":"0123-PE-2012"},"Fecha: ":{"('0123-PE-2012', 0)":"23\/11\/2012"},"T\u00edtulo":{"('0123-PE-2012', 0)":"DICTAMEN EN LA RESOLUCION REMITIDA POR LA JEFATURA DE GABINETE DE MINISTROS; SOBRE INFORME DEL MINISTERIO DE PLANIFICACION FEDERAL, INVERSION PUBLICA Y SERVICIOS, RELACIONADA CON EL PROYECTO DE GESTION DE ACTIVOS VIALES NACIONALES - CONVENIO DE PRESTAMO 7242\/AR-BIRF - ESTADOS FINANCIEROS AL 31\/12\/09."},"('Firmantes', 'FIRMANTE')":{"('0123-PE-2012', 0)":"PARLAMENTARIA MIXTA REVISORA DE CUENTAS"},"('Firmantes', 'DISTRITO')":{"('0123-PE-2012', 0)":null},"('Firmantes', 'BLOQUE')":{"('0123-PE-2012', 0)":null},"('Tramites', 'C\u00c1MARA')":{"('0123-PE-2012', 0)":"Senado"},"('Tramites', 'MOVIMIENTO')":{"('0123-PE-2012', 0)":"CONSIDERACION Y APROBACION (AL ARCHIVO)"},"('Tramites', 'FECHA')":{"('0123-PE-2012', 0)":"10\/12\/2014"},"('Tramites', 'RESULTADO')":{"('0123-PE-2012', 0)":"APROBADO"},"Sumario":{"('0123-PE-2012', 0)":"HABIENDO TOMADO CONOCIMIENTO, Y SIN PERJUICIO DE ULTERIORES MEDIDAS QUE PUEDAN ADOPTARSE, SE ACONSEJA SU REMISION AL ARCHIVO."},"Palabra Clave":{"('0123-PE-2012', 0)":" "}}