{"Tipo de Proyecto":{"('0123-S-2012', 0)":"MENSAJE NRO: 1294\/12 Y PROYECTO DE LEY","('0123-S-2012', 1)":null,"('0123-S-2012', 2)":null},"Iniciado en: ":{"('0123-S-2012', 0)":"Senado","('0123-S-2012', 1)":null,"('0123-S-2012', 2)":null},"Expediente Diputados: ":{"('0123-S-2012', 0)":"0123-S-2012","('0123-S-2012', 1)":null,"('0123-S-2012', 2)":null},"Expediente Senado: ":{"('0123-S-2012', 0)":"0115-PE-2012","('0123-S-2012', 1)":null,"('0123-S-2012', 2)":null},"Publicado en: ":{"('0123-S-2012', 0)":"Diario de Asuntos Entrados N\u00b0 145","('0123-S-2012', 1)":null,"('0123-S-2012', 2)":null},"Fecha: ":{"('0123-S-2012', 0)":"30\/07\/2012","('0123-S-2012', 1)":null,"('0123-S-2012', 2)":null},"T\u00edtulo":{"('0123-S-2012', 0)":"APROBACION  DEL TRATADO DE CREACION DEL PARQUE INTERJURISDICCIONAL MARINO ISLA PING\u00dcINO, SUSCRIPTO EL 15 DE FEBRERO DE 2010 ENTRE EL ESTADO NACIONAL Y LA PROVINCIA DE SANTA CRUZ.","('0123-S-2012', 1)":null,"('0123-S-2012', 2)":null},"('Firmantes', 'FIRMANTE')":{"('0123-S-2012', 0)":"FERNANDEZ DE KIRCHNER, CRISTINA","('0123-S-2012', 1)":"ABAL MEDINA, JUAN MANUEL","('0123-S-2012', 2)":"MEYER, CARLOS ENRIQUE"},"('Firmantes', 'DISTRITO')":{"('0123-S-2012', 0)":null,"('0123-S-2012', 1)":null,"('0123-S-2012', 2)":null},"('Firmantes', 'BLOQUE')":{"('0123-S-2012', 0)":"PODER EJECUTIVO","('0123-S-2012', 1)":"PODER EJECUTIVO","('0123-S-2012', 2)":"PODER EJECUTIVO"},"('Giros', 'COMISI\u00d3N')":{"('0123-S-2012', 0)":"INTERESES MARITIMOS, FLUVIALES, PESQUEROS Y PORTUARIOS","('0123-S-2012', 1)":"LEGISLACION GENERAL","('0123-S-2012', 2)":"PRESUPUESTO Y HACIENDA"},"('Tramites', 'C\u00c1MARA')":{"('0123-S-2012', 0)":"Senado","('0123-S-2012', 1)":"Diputados","('0123-S-2012', 2)":"Diputados"},"('Tramites', 'MOVIMIENTO')":{"('0123-S-2012', 0)":"CONSIDERACION Y APROBACION","('0123-S-2012', 1)":"PASA A DIPUTADOS -","('0123-S-2012', 2)":"CONSIDERACION Y SANCION"},"('Tramites', 'FECHA')":{"('0123-S-2012', 0)":"31\/10\/2012","('0123-S-2012', 1)":null,"('0123-S-2012', 2)":"28\/11\/2012"},"('Tramites', 'RESULTADO')":{"('0123-S-2012', 0)":"MEDIA SANCION","('0123-S-2012', 1)":null,"('0123-S-2012', 2)":"SANCIONADO"},"Link":{"('0123-S-2012', 0)":"http:\/\/www.senado.gov.ar\/web\/proyectos\/verExpe.php?origen=PE&nro_comision=&tipo=PL&numexp=115\/12&tConsulta=5","('0123-S-2012', 1)":null,"('0123-S-2012', 2)":null},"Palabra Clave":{"('0123-S-2012', 0)":" ","('0123-S-2012', 1)":null,"('0123-S-2012', 2)":null}}