{"Tipo de Proyecto":{"('0124-S-2012', 0)":"PROYECTO DE LEY","('0124-S-2012', 1)":null,"('0124-S-2012', 2)":null,"('0124-S-2012', 3)":null,"('0124-S-2012', 4)":null,"('0124-S-2012', 5)":null,"('0124-S-2012', 6)":null,"('0124-S-2012', 7)":null,"('0124-S-2012', 8)":null,"('0124-S-2012', 9)":null,"('0124-S-2012', 10)":null},"Iniciado en: ":{"('0124-S-2012', 0)":"Senado","('0124-S-2012', 1)":null,"('0124-S-2012', 2)":null,"('0124-S-2012', 3)":null,"('0124-S-2012', 4)":null,"('0124-S-2012', 5)":null,"('0124-S-2012', 6)":null,"('0124-S-2012', 7)":null,"('0124-S-2012', 8)":null,"('0124-S-2012', 9)":null,"('0124-S-2012', 10)":null},"Expediente Diputados: ":{"('0124-S-2012', 0)":"0124-S-2012","('0124-S-2012', 1)":null,"('0124-S-2012', 2)":null,"('0124-S-2012', 3)":null,"('0124-S-2012', 4)":null,"('0124-S-2012', 5)":null,"('0124-S-2012', 6)":null,"('0124-S-2012', 7)":null,"('0124-S-2012', 8)":null,"('0124-S-2012', 9)":null,"('0124-S-2012', 10)":null},"Expediente Senado: ":{"('0124-S-2012', 0)":"0055-S-2012","('0124-S-2012', 1)":null,"('0124-S-2012', 2)":null,"('0124-S-2012', 3)":null,"('0124-S-2012', 4)":null,"('0124-S-2012', 5)":null,"('0124-S-2012', 6)":null,"('0124-S-2012', 7)":null,"('0124-S-2012', 8)":null,"('0124-S-2012', 9)":null,"('0124-S-2012', 10)":null},"Publicado en: ":{"('0124-S-2012', 0)":"Diario de Asuntos Entrados N\u00b0 5","('0124-S-2012', 1)":null,"('0124-S-2012', 2)":null,"('0124-S-2012', 3)":null,"('0124-S-2012', 4)":null,"('0124-S-2012', 5)":null,"('0124-S-2012', 6)":null,"('0124-S-2012', 7)":null,"('0124-S-2012', 8)":null,"('0124-S-2012', 9)":null,"('0124-S-2012', 10)":null},"Fecha: ":{"('0124-S-2012', 0)":"02\/03\/2012","('0124-S-2012', 1)":null,"('0124-S-2012', 2)":null,"('0124-S-2012', 3)":null,"('0124-S-2012', 4)":null,"('0124-S-2012', 5)":null,"('0124-S-2012', 6)":null,"('0124-S-2012', 7)":null,"('0124-S-2012', 8)":null,"('0124-S-2012', 9)":null,"('0124-S-2012', 10)":null},"T\u00edtulo":{"('0124-S-2012', 0)":"CREACION DE UN JUZGADO FEDERAL DE PRIMERA INSTANCIA CON ASIENTO EN LA CIUDAD DE VENADO TUERTO, PROVINCIA DE SANTA FE (REPRODUCCION DEL EXPEDIENTE 1665-S-10).","('0124-S-2012', 1)":null,"('0124-S-2012', 2)":null,"('0124-S-2012', 3)":null,"('0124-S-2012', 4)":null,"('0124-S-2012', 5)":null,"('0124-S-2012', 6)":null,"('0124-S-2012', 7)":null,"('0124-S-2012', 8)":null,"('0124-S-2012', 9)":null,"('0124-S-2012', 10)":null},"('Firmantes', 'FIRMANTE')":{"('0124-S-2012', 0)":"GIUSTINIANI, RUBEN HECTOR","('0124-S-2012', 1)":null,"('0124-S-2012', 2)":null,"('0124-S-2012', 3)":null,"('0124-S-2012', 4)":null,"('0124-S-2012', 5)":null,"('0124-S-2012', 6)":null,"('0124-S-2012', 7)":null,"('0124-S-2012', 8)":null,"('0124-S-2012', 9)":null,"('0124-S-2012', 10)":null},"('Firmantes', 'DISTRITO')":{"('0124-S-2012', 0)":"SANTA FE","('0124-S-2012', 1)":null,"('0124-S-2012', 2)":null,"('0124-S-2012', 3)":null,"('0124-S-2012', 4)":null,"('0124-S-2012', 5)":null,"('0124-S-2012', 6)":null,"('0124-S-2012', 7)":null,"('0124-S-2012', 8)":null,"('0124-S-2012', 9)":null,"('0124-S-2012', 10)":null},"('Firmantes', 'BLOQUE')":{"('0124-S-2012', 0)":"PARTIDO SOCIALISTA","('0124-S-2012', 1)":null,"('0124-S-2012', 2)":null,"('0124-S-2012', 3)":null,"('0124-S-2012', 4)":null,"('0124-S-2012', 5)":null,"('0124-S-2012', 6)":null,"('0124-S-2012', 7)":null,"('0124-S-2012', 8)":null,"('0124-S-2012', 9)":null,"('0124-S-2012', 10)":null},"('Giros', 'COMISI\u00d3N')":{"('0124-S-2012', 0)":"JUSTICIA","('0124-S-2012', 1)":"PRESUPUESTO Y HACIENDA","('0124-S-2012', 2)":null,"('0124-S-2012', 3)":null,"('0124-S-2012', 4)":null,"('0124-S-2012', 5)":null,"('0124-S-2012', 6)":null,"('0124-S-2012', 7)":null,"('0124-S-2012', 8)":null,"('0124-S-2012', 9)":null,"('0124-S-2012', 10)":null},"('Tramites', 'C\u00c1MARA')":{"('0124-S-2012', 0)":"Senado","('0124-S-2012', 1)":"Senado","('0124-S-2012', 2)":"Senado","('0124-S-2012', 3)":"Diputados","('0124-S-2012', 4)":"Diputados","('0124-S-2012', 5)":"Diputados","('0124-S-2012', 6)":"Diputados","('0124-S-2012', 7)":"Diputados","('0124-S-2012', 8)":"Senado","('0124-S-2012', 9)":"Senado","('0124-S-2012', 10)":"Senado"},"('Tramites', 'MOVIMIENTO')":{"('0124-S-2012', 0)":"MOCION DE PREFERENCIA PARA LA PROXIMA SESION CON DICTAMEN (AFIRMATIVA)","('0124-S-2012', 1)":"MOCION CAMARA EN COMISION (AFIRMATIVA), CONFERENCIA","('0124-S-2012', 2)":"CONSIDERACION Y APROBACION","('0124-S-2012', 3)":"PASA A DIPUTADOS -","('0124-S-2012', 4)":"MOCION SOBRE TABLAS (AFIRMATIVA) CONJUNTAMENTE PARA LOS EXPEDIENTES 0124-S-2012, 0055-S-2012 y 3561-D-2012","('0124-S-2012', 5)":"MOCION CAMARA EN COMISION (AFIRMATIVA), CONFERENCIA CONJUNTAMENTE PARA LOS EXPEDIENTES 0124-S-2012, 0055-S-2012 y 3561-D-2012","('0124-S-2012', 6)":"CONSIDERACION Y APROBACION CON MODIFICACIONES CONJUNTAMENTE PARA LOS EXPEDIENTES 0124-S-2012, 0055-S-2012 y 3561-D-2012","('0124-S-2012', 7)":"INSERCIONES CONJUNTAMENTE PARA LOS EXPEDIENTES 0124-S-2012, 0055-S-2012 y 3561-D-2012","('0124-S-2012', 8)":"VUELVE A SENADO - CONJUNTAMENTE PARA LOS EXPEDIENTES 0124-S-2012, 0055-S-2012 y 3561-D-2012","('0124-S-2012', 9)":"MOCION SOBRE TABLAS (AFIRMATIVA) CONJUNTAMENTE PARA LOS EXPEDIENTES 0124-S-2012, 0055-S-2012 y 3561-D-2012","('0124-S-2012', 10)":"CONSIDERACION Y SANCION (ACEPTACION DE LAS MODIFICACIONES INTRODUCIDAS POR LA H CAMARA DE DIPUTADOS) CONJUNTAMENTE PARA LOS EXPEDIENTES 0124-S-2012, 0055-S-2012 y 3561-D-2012"},"('Tramites', 'FECHA')":{"('0124-S-2012', 0)":"31\/10\/2012","('0124-S-2012', 1)":"14\/11\/2012","('0124-S-2012', 2)":"14\/11\/2012","('0124-S-2012', 3)":null,"('0124-S-2012', 4)":"28\/11\/2012","('0124-S-2012', 5)":"28\/11\/2012","('0124-S-2012', 6)":"28\/11\/2012","('0124-S-2012', 7)":"28\/11\/2012","('0124-S-2012', 8)":null,"('0124-S-2012', 9)":"29\/11\/2012","('0124-S-2012', 10)":"29\/11\/2012"},"('Tramites', 'RESULTADO')":{"('0124-S-2012', 0)":null,"('0124-S-2012', 1)":null,"('0124-S-2012', 2)":"MEDIA SANCION","('0124-S-2012', 3)":null,"('0124-S-2012', 4)":null,"('0124-S-2012', 5)":null,"('0124-S-2012', 6)":"MEDIA SANCION","('0124-S-2012', 7)":null,"('0124-S-2012', 8)":null,"('0124-S-2012', 9)":null,"('0124-S-2012', 10)":"SANCIONADO"},"Sumario":{"('0124-S-2012', 0)":"COMPETENCIA TERRITORIAL; MODIFICACION DE LA COMPETENCIA TERRITORIAL DE LOS JUZGADOS FEDERALES DE LA CIUDAD DE ROSARIO; CREACION DE UNA FISCALIA Y UNA DEFENSORIA; CREACION DE CARGOS.","('0124-S-2012', 1)":null,"('0124-S-2012', 2)":null,"('0124-S-2012', 3)":null,"('0124-S-2012', 4)":null,"('0124-S-2012', 5)":null,"('0124-S-2012', 6)":null,"('0124-S-2012', 7)":null,"('0124-S-2012', 8)":null,"('0124-S-2012', 9)":null,"('0124-S-2012', 10)":null},"Palabra Clave":{"('0124-S-2012', 0)":" ","('0124-S-2012', 1)":null,"('0124-S-2012', 2)":null,"('0124-S-2012', 3)":null,"('0124-S-2012', 4)":null,"('0124-S-2012', 5)":null,"('0124-S-2012', 6)":null,"('0124-S-2012', 7)":null,"('0124-S-2012', 8)":null,"('0124-S-2012', 9)":null,"('0124-S-2012', 10)":null}}