{"Tipo de Proyecto":{"('0124-PE-2012', 0)":"MENSAJE NRO: ____\/__"},"Iniciado en: ":{"('0124-PE-2012', 0)":"Senado"},"Expediente Senado: ":{"('0124-PE-2012', 0)":"0124-PE-2012"},"Fecha: ":{"('0124-PE-2012', 0)":"27\/11\/2012"},"T\u00edtulo":{"('0124-PE-2012', 0)":"DICTAMEN EN LA RESOLUCION REMITIDA POR LA JEFATURA DE GABINETE DE MINISTROS; SOBRE APLICACION DE FONDOS NACIONALES CORRESPONDIENTES AL FONDO NACIONAL DE LA VIVIENDA TRANSFERIDOS A PROVINCIAS Y A LA CIUDAD AUTONOMA DE BUENOS AIRES, EJERCICIOS 2003 Y 2004."},"('Firmantes', 'FIRMANTE')":{"('0124-PE-2012', 0)":"PARLAMENTARIA MIXTA REVISORA DE CUENTAS"},"('Firmantes', 'DISTRITO')":{"('0124-PE-2012', 0)":null},"('Firmantes', 'BLOQUE')":{"('0124-PE-2012', 0)":null},"('Tramites', 'C\u00c1MARA')":{"('0124-PE-2012', 0)":"Senado"},"('Tramites', 'MOVIMIENTO')":{"('0124-PE-2012', 0)":"CONSIDERACION Y APROBACION (AL ARCHIVO)"},"('Tramites', 'FECHA')":{"('0124-PE-2012', 0)":"10\/12\/2014"},"('Tramites', 'RESULTADO')":{"('0124-PE-2012', 0)":"APROBADO"},"Sumario":{"('0124-PE-2012', 0)":"HABIENDO TOMADO CONOCIMIENTO, Y SIN PERJUICIO DE ULTERIORES MEDIDAS QUE PUEDAN ADOPTARSE, SE ACONSEJA SU REMISION AL ARCHIVO"},"Palabra Clave":{"('0124-PE-2012', 0)":" "}}