{"Tipo de Proyecto":{"('0124-D-2012', 0)":"PROYECTO DE RESOLUCI\u00d3N"},"Iniciado en: ":{"('0124-D-2012', 0)":"Diputados"},"Expediente Diputados: ":{"('0124-D-2012', 0)":"0124-D-2012"},"Publicado en: ":{"('0124-D-2012', 0)":"Tr\u00e1mite Parlamentario N\u00b0 1"},"Fecha: ":{"('0124-D-2012', 0)":"03\/03\/2012"},"T\u00edtulo":{"('0124-D-2012', 0)":"PEDIDO DE INFORMES AL PODER EJECUTIVO SOBRE DIVERSAS CUESTIONES RELACIONADAS CON LAS DIFICULTADES EN EL SECTOR DE LACTEOS A PARTIR DE LA CRISIS POR LA QUE ATRAVIESA LA INDUSTRIA."},"('Firmantes', 'FIRMANTE')":{"('0124-D-2012', 0)":"ATANASOF, ALFREDO NESTOR"},"('Firmantes', 'DISTRITO')":{"('0124-D-2012', 0)":"BUENOS AIRES"},"('Firmantes', 'BLOQUE')":{"('0124-D-2012', 0)":"FRENTE PERONISTA"},"('Giros', 'COMISI\u00d3N')":{"('0124-D-2012', 0)":"AGRICULTURA Y GANADERIA"},"Link":{"('0124-D-2012', 0)":"https:\/\/www.hcdn.gob.ar\/proyectos\/textoCompleto.jsp?exp=0124-D-2012&tipo=RESOLUCION"},"Palabra Clave":{"('0124-D-2012', 0)":" "}}