{"Tipo de Proyecto":{"('0125-PE-2012', 0)":"MENSAJE NRO: ____\/__"},"Iniciado en: ":{"('0125-PE-2012', 0)":"Senado"},"Expediente Senado: ":{"('0125-PE-2012', 0)":"0125-PE-2012"},"Fecha: ":{"('0125-PE-2012', 0)":"27\/11\/2012"},"T\u00edtulo":{"('0125-PE-2012', 0)":"DICTAMEN EN LA RESOLUCION REMITIDA POR LA JEFATURA DE GABINETE DE MINISTROS; SOBRE INFORME DEL ENTE NACIONAL REGULADOR DE LA ELECTRICIDAD RELACIONADA CON LA EVALUACION DE LA GESTION INFORMATICA DEL ORGANISMO, PERIODO AUDITADO JUNIO 2007 - MAYO 2008."},"('Firmantes', 'FIRMANTE')":{"('0125-PE-2012', 0)":"PARLAMENTARIA MIXTA REVISORA DE CUENTAS"},"('Firmantes', 'DISTRITO')":{"('0125-PE-2012', 0)":null},"('Firmantes', 'BLOQUE')":{"('0125-PE-2012', 0)":null},"('Tramites', 'C\u00c1MARA')":{"('0125-PE-2012', 0)":"Senado"},"('Tramites', 'MOVIMIENTO')":{"('0125-PE-2012', 0)":"CONSIDERACION Y APROBACION (AL ARCHIVO)"},"('Tramites', 'FECHA')":{"('0125-PE-2012', 0)":"10\/12\/2014"},"('Tramites', 'RESULTADO')":{"('0125-PE-2012', 0)":"APROBADO"},"Sumario":{"('0125-PE-2012', 0)":"HABIENDO TOMADO CONOCIMIENTO, Y SIN PERJUICIO DE ULTERIORES MEDIDAS QUE PUEDAN ADOPTARSE, SE ACONSEJA SU REMISION AL ARCHIVO."},"Palabra Clave":{"('0125-PE-2012', 0)":" "}}