{"Tipo de Proyecto":{"('0129-D-2012', 0)":"PROYECTO DE RESOLUCI\u00d3N"},"Iniciado en: ":{"('0129-D-2012', 0)":"Diputados"},"Expediente Diputados: ":{"('0129-D-2012', 0)":"0129-D-2012"},"Publicado en: ":{"('0129-D-2012', 0)":"Tr\u00e1mite Parlamentario N\u00b0 1"},"Fecha: ":{"('0129-D-2012', 0)":"03\/03\/2012"},"T\u00edtulo":{"('0129-D-2012', 0)":"PEDIDO DE INFORMES AL PODER EJECUTIVO SOBRE DIVERSAS CUESTIONES RELACIONADAS CON EL ACCIDENTE EN TIERRA ENTRE DOS AVIONES EN AEROPARQUE, OCURRIDO EL DIA 13 DE FEBRERO DE 2012.\n"},"('Firmantes', 'FIRMANTE')":{"('0129-D-2012', 0)":"ATANASOF, ALFREDO NESTOR"},"('Firmantes', 'DISTRITO')":{"('0129-D-2012', 0)":"BUENOS AIRES"},"('Firmantes', 'BLOQUE')":{"('0129-D-2012', 0)":"FRENTE PERONISTA"},"('Giros', 'COMISI\u00d3N')":{"('0129-D-2012', 0)":"TRANSPORTES"},"Link":{"('0129-D-2012', 0)":"https:\/\/www.hcdn.gob.ar\/proyectos\/textoCompleto.jsp?exp=0129-D-2012&tipo=RESOLUCION"},"Palabra Clave":{"('0129-D-2012', 0)":" "}}