{"Tipo de Proyecto":{"('0131-S-2012', 0)":"PROYECTO DE LEY","('0131-S-2012', 1)":null,"('0131-S-2012', 2)":null},"Iniciado en: ":{"('0131-S-2012', 0)":"Senado","('0131-S-2012', 1)":null,"('0131-S-2012', 2)":null},"Expediente Diputados: ":{"('0131-S-2012', 0)":"0131-S-2012","('0131-S-2012', 1)":null,"('0131-S-2012', 2)":null},"Expediente Senado: ":{"('0131-S-2012', 0)":"2359-S-2012","('0131-S-2012', 1)":null,"('0131-S-2012', 2)":null},"Publicado en: ":{"('0131-S-2012', 0)":"Diario de Asuntos Entrados N\u00b0 145","('0131-S-2012', 1)":null,"('0131-S-2012', 2)":null},"Fecha: ":{"('0131-S-2012', 0)":"30\/07\/2012","('0131-S-2012', 1)":null,"('0131-S-2012', 2)":null},"T\u00edtulo":{"('0131-S-2012', 0)":"DECLARAR LUGAR HISTORICO NACIONAL DE ACUERDO A LA LEY 12665 Y MODIFICATORIAS, AL PREDIO O FRACCION DE TERRENO RURAL DEL PARAJE DE PUNTA DE LOS LLANOS, SOBRE LA RUTA NACIONAL 38 EN LA PROVINCIA DE LA RIOJA, EN HOMENAJE A LA MEMORIA DE MONSE\u00d1OR ENRIQUE ANGELELLI, Y AL PARAJE BAJO DE LUCAS, DE LA MISMA PROVINCIA, DONDE ENCONTRARON LOS CUERPOS DE LOS PADRES CARLOS DE DIOS MURIAS Y GABRIEL LONGUEVILLE. ","('0131-S-2012', 1)":null,"('0131-S-2012', 2)":null},"('Firmantes', 'FIRMANTE')":{"('0131-S-2012', 0)":"LUNA, MIRTHA MARIA TERESITA","('0131-S-2012', 1)":null,"('0131-S-2012', 2)":null},"('Firmantes', 'DISTRITO')":{"('0131-S-2012', 0)":"LA RIOJA","('0131-S-2012', 1)":null,"('0131-S-2012', 2)":null},"('Firmantes', 'BLOQUE')":{"('0131-S-2012', 0)":"FRENTE PARA LA VICTORIA - PJ","('0131-S-2012', 1)":null,"('0131-S-2012', 2)":null},"('Giros', 'COMISI\u00d3N')":{"('0131-S-2012', 0)":"CULTURA","('0131-S-2012', 1)":"RELACIONES EXTERIORES Y CULTO","('0131-S-2012', 2)":"PRESUPUESTO Y HACIENDA"},"('Tramites', 'C\u00c1MARA')":{"('0131-S-2012', 0)":"Senado","('0131-S-2012', 1)":"Diputados","('0131-S-2012', 2)":"Diputados"},"('Tramites', 'MOVIMIENTO')":{"('0131-S-2012', 0)":"CONSIDERACION Y APROBACION","('0131-S-2012', 1)":"PASA A DIPUTADOS -","('0131-S-2012', 2)":"CONSIDERACION Y SANCION"},"('Tramites', 'FECHA')":{"('0131-S-2012', 0)":"14\/11\/2012","('0131-S-2012', 1)":null,"('0131-S-2012', 2)":"19\/11\/2014"},"('Tramites', 'RESULTADO')":{"('0131-S-2012', 0)":"MEDIA SANCION","('0131-S-2012', 1)":null,"('0131-S-2012', 2)":"SANCIONADO"},"Link":{"('0131-S-2012', 0)":"http:\/\/www.senado.gov.ar\/parlamentario\/comisiones\/verExp\/2359.12\/S\/PL","('0131-S-2012', 1)":null,"('0131-S-2012', 2)":null},"Palabra Clave":{"('0131-S-2012', 0)":" ","('0131-S-2012', 1)":null,"('0131-S-2012', 2)":null}}