{"Tipo de Proyecto":{"('0132-D-2012', 0)":"PROYECTO DE RESOLUCI\u00d3N"},"Iniciado en: ":{"('0132-D-2012', 0)":"Diputados"},"Expediente Diputados: ":{"('0132-D-2012', 0)":"0132-D-2012"},"Publicado en: ":{"('0132-D-2012', 0)":"Tr\u00e1mite Parlamentario N\u00b0 1"},"Fecha: ":{"('0132-D-2012', 0)":"03\/03\/2012"},"T\u00edtulo":{"('0132-D-2012', 0)":"PEDIDO DE INFORMES AL PODER EJECUTIVO SOBRE LAS CONDICIONES DE COMISARIAS Y ESTABLECIMIENTOS CARCELARIOS DEL PAIS SEGUN UN INFORME DEL COMITE DE DERECHOS HUMANOS DE NACIONES UNIDAS Y OTRAS CUESTIONES CONEXAS."},"('Firmantes', 'FIRMANTE')":{"('0132-D-2012', 0)":"ATANASOF, ALFREDO NESTOR"},"('Firmantes', 'DISTRITO')":{"('0132-D-2012', 0)":"BUENOS AIRES"},"('Firmantes', 'BLOQUE')":{"('0132-D-2012', 0)":"FRENTE PERONISTA"},"('Giros', 'COMISI\u00d3N')":{"('0132-D-2012', 0)":"LEGISLACION PENAL"},"Link":{"('0132-D-2012', 0)":"https:\/\/www.hcdn.gob.ar\/proyectos\/textoCompleto.jsp?exp=0132-D-2012&tipo=RESOLUCION"},"Palabra Clave":{"('0132-D-2012', 0)":" "}}