{"Tipo de Proyecto":{"('0132-S-2012', 0)":"PROYECTO DE LEY","('0132-S-2012', 1)":null,"('0132-S-2012', 2)":null},"Iniciado en: ":{"('0132-S-2012', 0)":"Senado","('0132-S-2012', 1)":null,"('0132-S-2012', 2)":null},"Expediente Diputados: ":{"('0132-S-2012', 0)":"0132-S-2012","('0132-S-2012', 1)":null,"('0132-S-2012', 2)":null},"Expediente Senado: ":{"('0132-S-2012', 0)":"0818-S-2012","('0132-S-2012', 1)":null,"('0132-S-2012', 2)":null},"Publicado en: ":{"('0132-S-2012', 0)":"Diario de Asuntos Entrados N\u00b0 53","('0132-S-2012', 1)":null,"('0132-S-2012', 2)":null},"Fecha: ":{"('0132-S-2012', 0)":"10\/04\/2012","('0132-S-2012', 1)":null,"('0132-S-2012', 2)":null},"T\u00edtulo":{"('0132-S-2012', 0)":"DIA DE LA TELEVISION ARGENTINA, EL 17 DE OCTUBRE DE CADA A\u00d1O.","('0132-S-2012', 1)":null,"('0132-S-2012', 2)":null},"('Firmantes', 'FIRMANTE')":{"('0132-S-2012', 0)":"PERSICO, DANIEL RAUL","('0132-S-2012', 1)":null,"('0132-S-2012', 2)":null},"('Firmantes', 'DISTRITO')":{"('0132-S-2012', 0)":"SAN LUIS","('0132-S-2012', 1)":null,"('0132-S-2012', 2)":null},"('Firmantes', 'BLOQUE')":{"('0132-S-2012', 0)":"FRENTE PARA LA VICTORIA - PJ","('0132-S-2012', 1)":null,"('0132-S-2012', 2)":null},"('Giros', 'COMISI\u00d3N')":{"('0132-S-2012', 0)":"COMUNICACIONES E INFORMATICA","('0132-S-2012', 1)":"LEGISLACION GENERAL","('0132-S-2012', 2)":null},"('Tramites', 'C\u00c1MARA')":{"('0132-S-2012', 0)":"Senado","('0132-S-2012', 1)":"Senado","('0132-S-2012', 2)":"Diputados"},"('Tramites', 'MOVIMIENTO')":{"('0132-S-2012', 0)":"CONSIDERACION Y APROBACION","('0132-S-2012', 1)":"INSERCION SENADORA FELLNER","('0132-S-2012', 2)":"PASA A DIPUTADOS -"},"('Tramites', 'FECHA')":{"('0132-S-2012', 0)":"14\/11\/2012","('0132-S-2012', 1)":"14\/11\/2012","('0132-S-2012', 2)":null},"('Tramites', 'RESULTADO')":{"('0132-S-2012', 0)":"MEDIA SANCION","('0132-S-2012', 1)":null,"('0132-S-2012', 2)":null},"Link":{"('0132-S-2012', 0)":"http:\/\/www.senado.gov.ar\/parlamentario\/comisiones\/verExp\/818.12\/S\/PL","('0132-S-2012', 1)":null,"('0132-S-2012', 2)":null},"Palabra Clave":{"('0132-S-2012', 0)":" ","('0132-S-2012', 1)":null,"('0132-S-2012', 2)":null}}