{"Tipo de Proyecto":{"('0133-S-2012', 0)":"MENSAJE NRO: 1675\/12 Y PROYECTO DE LEY","('0133-S-2012', 1)":null,"('0133-S-2012', 2)":null},"Iniciado en: ":{"('0133-S-2012', 0)":"Senado","('0133-S-2012', 1)":null,"('0133-S-2012', 2)":null},"Expediente Diputados: ":{"('0133-S-2012', 0)":"0133-S-2012","('0133-S-2012', 1)":null,"('0133-S-2012', 2)":null},"Expediente Senado: ":{"('0133-S-2012', 0)":"0149-PE-2012","('0133-S-2012', 1)":null,"('0133-S-2012', 2)":null},"Publicado en: ":{"('0133-S-2012', 0)":"Diario de Asuntos Entrados N\u00b0 198","('0133-S-2012', 1)":null,"('0133-S-2012', 2)":null},"Fecha: ":{"('0133-S-2012', 0)":"19\/09\/2012","('0133-S-2012', 1)":null,"('0133-S-2012', 2)":null},"T\u00edtulo":{"('0133-S-2012', 0)":"APROBACION DEL ACUERDO DE RECONOCIMIENTO MUTUO DE TITULOS PROFESIONALES Y LICENCIATURAS Y TITULOS DE GRADO UNIVERSITARIO CON LA REPUBLICA DE CHILE, SUSCRIPTO EN LA CIUDAD DE SANTIAGO, REPUBLICA DE CHILE, EL 16 DE MARZO DE 2012.","('0133-S-2012', 1)":null,"('0133-S-2012', 2)":null},"('Firmantes', 'FIRMANTE')":{"('0133-S-2012', 0)":"FERNANDEZ DE KIRCHNER, CRISTINA","('0133-S-2012', 1)":"ABAL MEDINA, JUAN MANUEL","('0133-S-2012', 2)":"TIMERMAN, HECTOR MARCOS"},"('Firmantes', 'DISTRITO')":{"('0133-S-2012', 0)":null,"('0133-S-2012', 1)":null,"('0133-S-2012', 2)":null},"('Firmantes', 'BLOQUE')":{"('0133-S-2012', 0)":"PODER EJECUTIVO","('0133-S-2012', 1)":"PODER EJECUTIVO","('0133-S-2012', 2)":"PODER EJECUTIVO"},"('Giros', 'COMISI\u00d3N')":{"('0133-S-2012', 0)":"RELACIONES EXTERIORES Y CULTO","('0133-S-2012', 1)":"EDUCACION","('0133-S-2012', 2)":null},"('Tramites', 'C\u00c1MARA')":{"('0133-S-2012', 0)":"Senado","('0133-S-2012', 1)":"Diputados","('0133-S-2012', 2)":"Diputados"},"('Tramites', 'MOVIMIENTO')":{"('0133-S-2012', 0)":"CONSIDERACION Y APROBACION","('0133-S-2012', 1)":"PASA A DIPUTADOS -","('0133-S-2012', 2)":"CONSIDERACION Y SANCION"},"('Tramites', 'FECHA')":{"('0133-S-2012', 0)":"14\/11\/2012","('0133-S-2012', 1)":null,"('0133-S-2012', 2)":"03\/07\/2013"},"('Tramites', 'RESULTADO')":{"('0133-S-2012', 0)":"MEDIA SANCION","('0133-S-2012', 1)":null,"('0133-S-2012', 2)":"SANCIONADO"},"Link":{"('0133-S-2012', 0)":"http:\/\/www.senado.gov.ar\/web\/proyectos\/verExpe.php?origen=PE&nro_comision=&tipo=PL&numexp=149\/12&tConsulta=5","('0133-S-2012', 1)":null,"('0133-S-2012', 2)":null},"Palabra Clave":{"('0133-S-2012', 0)":" ","('0133-S-2012', 1)":null,"('0133-S-2012', 2)":null}}