{"Tipo de Proyecto":{"('0134-OV-2012', 0)":"PROYECTO DE RESOLUCI\u00d3N"},"Iniciado en: ":{"('0134-OV-2012', 0)":"Senado"},"Expediente Senado: ":{"('0134-OV-2012', 0)":"0134-OV-2012"},"Fecha: ":{"('0134-OV-2012', 0)":"26\/09\/2012"},"T\u00edtulo":{"('0134-OV-2012', 0)":"DICTAMEN EN LA RESOLUCION REMITIDA POR LA AUDITORIA GENERAL DE LA NACION (60\/12), SOBRE LOS ESTADOS FINANCIEROS AL 31\/12\/11 CORRESPONDENTES AL PROGRAMA DE GESTION AMBIENTAL PARA LA PRODUCCION SUSTENTABLE EN EL SECTOR PRODUCTIVO -SUBPROGRAMA I PROMOCION DE LA PRODUCCION LIMPIA- CONTRATO DE PRESTAMO 1865\/OC-AR BID."},"('Firmantes', 'FIRMANTE')":{"('0134-OV-2012', 0)":"PARLAMENTARIA MIXTA REVISORA DE CUENTAS"},"('Firmantes', 'DISTRITO')":{"('0134-OV-2012', 0)":null},"('Firmantes', 'BLOQUE')":{"('0134-OV-2012', 0)":null},"('Tramites', 'C\u00c1MARA')":{"('0134-OV-2012', 0)":"Senado"},"('Tramites', 'MOVIMIENTO')":{"('0134-OV-2012', 0)":"CONSIDERACION Y APROBACION"},"('Tramites', 'FECHA')":{"('0134-OV-2012', 0)":"14\/11\/2012"},"('Tramites', 'RESULTADO')":{"('0134-OV-2012', 0)":"APROBADO"},"Sumario":{"('0134-OV-2012', 0)":"HABIENDO TOMADO CONOCIMIENTO, Y SIN PERJUICIO DE ULTERIORES MEDIDAS QUE PUEDAN ADOPTARSE, SE ACONSEJA SU REMISION AL ARCHIVO."},"Palabra Clave":{"('0134-OV-2012', 0)":" "}}