{"Tipo de Proyecto":{"('0136-S-2012', 0)":"PROYECTO DE RESOLUCI\u00d3N","('0136-S-2012', 1)":null,"('0136-S-2012', 2)":null},"Iniciado en: ":{"('0136-S-2012', 0)":"Senado","('0136-S-2012', 1)":null,"('0136-S-2012', 2)":null},"Expediente Diputados: ":{"('0136-S-2012', 0)":"0136-S-2012","('0136-S-2012', 1)":null,"('0136-S-2012', 2)":null},"Expediente Senado: ":{"('0136-S-2012', 0)":"0046-OV-2010","('0136-S-2012', 1)":null,"('0136-S-2012', 2)":null},"Fecha: ":{"('0136-S-2012', 0)":"20\/07\/2012","('0136-S-2012', 1)":null,"('0136-S-2012', 2)":null},"T\u00edtulo":{"('0136-S-2012', 0)":"PEDIDO DE INFORMES AL PODER EJECUTIVO SOBRE LAS MEDIDAS ADOPTADAS EN ATENCION A LAS OBSERVACIONES FORMULADAS POR LA AUDITORIA GENERAL DE LA NACION (RESOLUCION 47\/10); RESPECTO DEL INFORME DE AUDITORIA DE GESTION REFERIDO AL MINISTERIO DE DEFENSA, ESTADO MAYOR GENERAL DE LA ARMADA SOBRE GESTION DEL PERSONAL DE LA ARMADA.","('0136-S-2012', 1)":null,"('0136-S-2012', 2)":null},"('Firmantes', 'FIRMANTE')":{"('0136-S-2012', 0)":"PARLAMENTARIA MIXTA REVISORA DE CUENTAS","('0136-S-2012', 1)":null,"('0136-S-2012', 2)":null},"('Firmantes', 'DISTRITO')":{"('0136-S-2012', 0)":null,"('0136-S-2012', 1)":null,"('0136-S-2012', 2)":null},"('Firmantes', 'BLOQUE')":{"('0136-S-2012', 0)":null,"('0136-S-2012', 1)":null,"('0136-S-2012', 2)":null},"('Giros', 'COMISI\u00d3N')":{"('0136-S-2012', 0)":"PARLAMENTARIA MIXTA REVISORA DE CUENTAS","('0136-S-2012', 1)":null,"('0136-S-2012', 2)":null},"('Tramites', 'C\u00c1MARA')":{"('0136-S-2012', 0)":"Senado","('0136-S-2012', 1)":"Diputados","('0136-S-2012', 2)":"Diputados"},"('Tramites', 'MOVIMIENTO')":{"('0136-S-2012', 0)":"CONSIDERACION Y APROBACION","('0136-S-2012', 1)":"PASA A DIPUTADOS -","('0136-S-2012', 2)":"CONSIDERACION Y APROBACION"},"('Tramites', 'FECHA')":{"('0136-S-2012', 0)":"14\/11\/2012","('0136-S-2012', 1)":null,"('0136-S-2012', 2)":"05\/06\/2013"},"('Tramites', 'RESULTADO')":{"('0136-S-2012', 0)":"APROBADO","('0136-S-2012', 1)":null,"('0136-S-2012', 2)":"APROBADO"},"Link":{"('0136-S-2012', 0)":"http:\/\/www.senado.gov.ar\/parlamentario\/comisiones\/verExp\/46.10\/OV\/PR","('0136-S-2012', 1)":null,"('0136-S-2012', 2)":null},"Palabra Clave":{"('0136-S-2012', 0)":" ","('0136-S-2012', 1)":null,"('0136-S-2012', 2)":null}}