{"Tipo de Proyecto":{"('0137-D-2012', 0)":"PROYECTO DE RESOLUCI\u00d3N"},"Iniciado en: ":{"('0137-D-2012', 0)":"Diputados"},"Expediente Diputados: ":{"('0137-D-2012', 0)":"0137-D-2012"},"Publicado en: ":{"('0137-D-2012', 0)":"Tr\u00e1mite Parlamentario N\u00b0 1"},"Fecha: ":{"('0137-D-2012', 0)":"02\/03\/2012"},"T\u00edtulo":{"('0137-D-2012', 0)":"PEDIDO DE INFORMES AL PODER EJECUTIVO SOBRE DIVERSAS CUESTIONES RELACIONADAS CON EL ROBO DE IDENTIDAD EN NUESTRO PAIS."},"('Firmantes', 'FIRMANTE')":{"('0137-D-2012', 0)":"ATANASOF, ALFREDO NESTOR"},"('Firmantes', 'DISTRITO')":{"('0137-D-2012', 0)":"BUENOS AIRES"},"('Firmantes', 'BLOQUE')":{"('0137-D-2012', 0)":"FRENTE PERONISTA"},"('Giros', 'COMISI\u00d3N')":{"('0137-D-2012', 0)":"LEGISLACION PENAL"},"Link":{"('0137-D-2012', 0)":"https:\/\/www.hcdn.gob.ar\/proyectos\/textoCompleto.jsp?exp=0137-D-2012&tipo=RESOLUCION"},"Palabra Clave":{"('0137-D-2012', 0)":" "}}