{"Tipo de Proyecto":{"('0139-OV-2012', 0)":"PROYECTO DE RESOLUCI\u00d3N"},"Iniciado en: ":{"('0139-OV-2012', 0)":"Senado"},"Expediente Senado: ":{"('0139-OV-2012', 0)":"0139-OV-2012"},"Publicado en: ":{"('0139-OV-2012', 0)":"Diario de Asuntos Entrados N\u00b0 0"},"Fecha: ":{"('0139-OV-2012', 0)":"14\/05\/2014"},"T\u00edtulo":{"('0139-OV-2012', 0)":"DICTAMEN EN LAS RESOLUCIONES REMITIDAS POR LA AUDITORIA GENERAL DE LA NACION (65\/12 Y 70\/13); RESPECTO DEL INFORME DE AUDITORIA SOBRE LOS ESTADOS FINANCIEROS AL 31\/12\/11 CORRESPONDIENTE AL PROGRAMA DE INNOVACION TECNOLOGICA - CONTRATO DE PRESTAMO 2180\/OC-AR BID Y EL INFORME DE AUDITORIA REFERIDO A LOS ESTADOS FINANCIEROS DEL PROGRAMA DE INNOVACION TECNOLOGICA PITI, CONTRATO DE PRESTAMO 2180\/OC-AR BID, LINEA DE CREDITO CONDICIONAL - CCLIP, EJERCICIO 3 FINALIZADO EL 31\/12\/12."},"('Firmantes', 'FIRMANTE')":{"('0139-OV-2012', 0)":"PARLAMENTARIA MIXTA REVISORA DE CUENTAS"},"('Firmantes', 'DISTRITO')":{"('0139-OV-2012', 0)":null},"('Firmantes', 'BLOQUE')":{"('0139-OV-2012', 0)":null},"('Tramites', 'C\u00c1MARA')":{"('0139-OV-2012', 0)":"Senado"},"('Tramites', 'MOVIMIENTO')":{"('0139-OV-2012', 0)":"CONSIDERACION Y APROBACION (AL ARCHIVO)"},"('Tramites', 'FECHA')":{"('0139-OV-2012', 0)":"10\/12\/2014"},"('Tramites', 'RESULTADO')":{"('0139-OV-2012', 0)":"APROBADO"},"Sumario":{"('0139-OV-2012', 0)":"HABIENDO TOMADO CONOCIMIENTO, Y SIN PERJUICIO DE ULTERIORES MEDIDAS QUE PUEDAN ADOPTARSE, SE ACONSEJA SU REMISION AL ARCHIVO."},"Palabra Clave":{"('0139-OV-2012', 0)":" "}}