{"Tipo de Proyecto":{"('0139-D-2012', 0)":"PROYECTO DE RESOLUCI\u00d3N"},"Iniciado en: ":{"('0139-D-2012', 0)":"Diputados"},"Expediente Diputados: ":{"('0139-D-2012', 0)":"0139-D-2012"},"Publicado en: ":{"('0139-D-2012', 0)":"Tr\u00e1mite Parlamentario N\u00b0 1"},"Fecha: ":{"('0139-D-2012', 0)":"02\/03\/2012"},"T\u00edtulo":{"('0139-D-2012', 0)":"PEDIDO DE INFORMES AL PODER EJECUTIVO SOBRE DIVERSAS CUESTIONES RELACIONADAS CON LAS TRABAS DE IMPORTACIONES DE PRODUCTOS MANUFACTURADOS E INSUMOS PARA LA PRODUCCION Y COMERCIALIZACION NACIONAL."},"('Firmantes', 'FIRMANTE')":{"('0139-D-2012', 0)":"ATANASOF, ALFREDO NESTOR"},"('Firmantes', 'DISTRITO')":{"('0139-D-2012', 0)":"BUENOS AIRES"},"('Firmantes', 'BLOQUE')":{"('0139-D-2012', 0)":"FRENTE PERONISTA"},"('Giros', 'COMISI\u00d3N')":{"('0139-D-2012', 0)":"COMERCIO"},"Link":{"('0139-D-2012', 0)":"https:\/\/www.hcdn.gob.ar\/proyectos\/textoCompleto.jsp?exp=0139-D-2012&tipo=RESOLUCION"},"Palabra Clave":{"('0139-D-2012', 0)":" "}}