{"Tipo de Proyecto":{"('0140-S-2012', 0)":"PROYECTO DE RESOLUCI\u00d3N","('0140-S-2012', 1)":null,"('0140-S-2012', 2)":null,"('0140-S-2012', 3)":null},"Iniciado en: ":{"('0140-S-2012', 0)":"Senado","('0140-S-2012', 1)":null,"('0140-S-2012', 2)":null,"('0140-S-2012', 3)":null},"Expediente Diputados: ":{"('0140-S-2012', 0)":"0140-S-2012","('0140-S-2012', 1)":null,"('0140-S-2012', 2)":null,"('0140-S-2012', 3)":null},"Expediente Senado: ":{"('0140-S-2012', 0)":"0487-OV-2011","('0140-S-2012', 1)":null,"('0140-S-2012', 2)":null,"('0140-S-2012', 3)":null},"Fecha: ":{"('0140-S-2012', 0)":"07\/09\/2012","('0140-S-2012', 1)":null,"('0140-S-2012', 2)":null,"('0140-S-2012', 3)":null},"T\u00edtulo":{"('0140-S-2012', 0)":"PEDIDO DE INFORMES AL PODER EJECUTIVO SOBRE LAS MEDIDAS ADOPTADAS PARA REGULARIZAR LAS OBSERVACIONES FORMULADAS POR LA AUDITORIA GENERAL DE LA NACION (0239\/11 DEL 28\/12\/2011), SOBRE SU EXAMEN REFERIDO AL BANCO DE LA NACION ARGENTINA -NACION FIDEICOMISOS SA- GESTION ADMINISTRATIVA DEL FONDO PARA LA CREACION Y CONSOLIDACION DE MICROEMPRENDIMIENTOS (FOMICRO).","('0140-S-2012', 1)":null,"('0140-S-2012', 2)":null,"('0140-S-2012', 3)":null},"('Firmantes', 'FIRMANTE')":{"('0140-S-2012', 0)":"PARLAMENTARIA MIXTA REVISORA DE CUENTAS","('0140-S-2012', 1)":null,"('0140-S-2012', 2)":null,"('0140-S-2012', 3)":null},"('Firmantes', 'DISTRITO')":{"('0140-S-2012', 0)":null,"('0140-S-2012', 1)":null,"('0140-S-2012', 2)":null,"('0140-S-2012', 3)":null},"('Firmantes', 'BLOQUE')":{"('0140-S-2012', 0)":null,"('0140-S-2012', 1)":null,"('0140-S-2012', 2)":null,"('0140-S-2012', 3)":null},"('Giros', 'COMISI\u00d3N')":{"('0140-S-2012', 0)":"PARLAMENTARIA MIXTA REVISORA DE CUENTAS","('0140-S-2012', 1)":null,"('0140-S-2012', 2)":null,"('0140-S-2012', 3)":null},"('Tramites', 'C\u00c1MARA')":{"('0140-S-2012', 0)":"Senado","('0140-S-2012', 1)":"Diputados","('0140-S-2012', 2)":"Diputados","('0140-S-2012', 3)":"Diputados"},"('Tramites', 'MOVIMIENTO')":{"('0140-S-2012', 0)":"CONSIDERACION Y APROBACION","('0140-S-2012', 1)":"PASA A DIPUTADOS -","('0140-S-2012', 2)":"CONSIDERACION Y APROBACION","('0140-S-2012', 3)":"CONTESTACION DEL PODER EJECUTIVO NACIONAL - JEFE DE GABINETE DE MINISTROS - GIRADO A LA COMISION RESPECTIVA"},"('Tramites', 'FECHA')":{"('0140-S-2012', 0)":"14\/11\/2012","('0140-S-2012', 1)":null,"('0140-S-2012', 2)":"05\/06\/2013","('0140-S-2012', 3)":null},"('Tramites', 'RESULTADO')":{"('0140-S-2012', 0)":"APROBADO","('0140-S-2012', 1)":null,"('0140-S-2012', 2)":"APROBADO","('0140-S-2012', 3)":null},"Link":{"('0140-S-2012', 0)":"http:\/\/www.senado.gov.ar\/parlamentario\/comisiones\/verExp\/487.11\/OV\/PR","('0140-S-2012', 1)":null,"('0140-S-2012', 2)":null,"('0140-S-2012', 3)":null},"Palabra Clave":{"('0140-S-2012', 0)":" ","('0140-S-2012', 1)":null,"('0140-S-2012', 2)":null,"('0140-S-2012', 3)":null}}