{"Tipo de Proyecto":{"('0141-D-2012', 0)":"PROYECTO DE RESOLUCI\u00d3N","('0141-D-2012', 1)":null,"('0141-D-2012', 2)":null,"('0141-D-2012', 3)":null,"('0141-D-2012', 4)":null},"Iniciado en: ":{"('0141-D-2012', 0)":"Diputados","('0141-D-2012', 1)":null,"('0141-D-2012', 2)":null,"('0141-D-2012', 3)":null,"('0141-D-2012', 4)":null},"Expediente Diputados: ":{"('0141-D-2012', 0)":"0141-D-2012","('0141-D-2012', 1)":null,"('0141-D-2012', 2)":null,"('0141-D-2012', 3)":null,"('0141-D-2012', 4)":null},"Publicado en: ":{"('0141-D-2012', 0)":"Tr\u00e1mite Parlamentario N\u00b0 1","('0141-D-2012', 1)":null,"('0141-D-2012', 2)":null,"('0141-D-2012', 3)":null,"('0141-D-2012', 4)":null},"Fecha: ":{"('0141-D-2012', 0)":"02\/03\/2012","('0141-D-2012', 1)":null,"('0141-D-2012', 2)":null,"('0141-D-2012', 3)":null,"('0141-D-2012', 4)":null},"T\u00edtulo":{"('0141-D-2012', 0)":"PEDIDO DE JUICIO POLITICO AL SE\u00d1OR MINISTRO DE PLANIFICACION FEDERAL, ARQUITECTO JULIO DE VIDO, POR LA CAUSAL DE MAL DESEMPE\u00d1O, EN LOS TERMINOS DEL ARTICULO 53 DE LA CONSTITUCION NACIONAL.","('0141-D-2012', 1)":null,"('0141-D-2012', 2)":null,"('0141-D-2012', 3)":null,"('0141-D-2012', 4)":null},"('Firmantes', 'FIRMANTE')":{"('0141-D-2012', 0)":"PINEDO, FEDERICO","('0141-D-2012', 1)":"MICHETTI, MARTA GABRIELA","('0141-D-2012', 2)":"BERTOL, PAULA MARIA","('0141-D-2012', 3)":"GONZALEZ, GLADYS ESTHER","('0141-D-2012', 4)":"ALONSO, LAURA"},"('Firmantes', 'DISTRITO')":{"('0141-D-2012', 0)":"CIUDAD de BUENOS AIRES","('0141-D-2012', 1)":"CIUDAD de BUENOS AIRES","('0141-D-2012', 2)":"CIUDAD de BUENOS AIRES","('0141-D-2012', 3)":"BUENOS AIRES","('0141-D-2012', 4)":"CIUDAD de BUENOS AIRES"},"('Firmantes', 'BLOQUE')":{"('0141-D-2012', 0)":"PRO","('0141-D-2012', 1)":"PRO","('0141-D-2012', 2)":"PRO","('0141-D-2012', 3)":"PRO","('0141-D-2012', 4)":"PRO"},"('Giros', 'COMISI\u00d3N')":{"('0141-D-2012', 0)":"JUICIO POLITICO","('0141-D-2012', 1)":null,"('0141-D-2012', 2)":null,"('0141-D-2012', 3)":null,"('0141-D-2012', 4)":null},"Link":{"('0141-D-2012', 0)":"https:\/\/www.hcdn.gob.ar\/proyectos\/textoCompleto.jsp?exp=0141-D-2012&tipo=RESOLUCION","('0141-D-2012', 1)":null,"('0141-D-2012', 2)":null,"('0141-D-2012', 3)":null,"('0141-D-2012', 4)":null},"Palabra Clave":{"('0141-D-2012', 0)":" ","('0141-D-2012', 1)":null,"('0141-D-2012', 2)":null,"('0141-D-2012', 3)":null,"('0141-D-2012', 4)":null}}