{"Tipo de Proyecto":{"('0142-D-2012', 0)":"PROYECTO DE DECLARACI\u00d3N","('0142-D-2012', 1)":null},"Iniciado en: ":{"('0142-D-2012', 0)":"Diputados","('0142-D-2012', 1)":null},"Expediente Diputados: ":{"('0142-D-2012', 0)":"0142-D-2012","('0142-D-2012', 1)":null},"Publicado en: ":{"('0142-D-2012', 0)":"Tr\u00e1mite Parlamentario N\u00b0 1","('0142-D-2012', 1)":null},"Fecha: ":{"('0142-D-2012', 0)":"02\/03\/2012","('0142-D-2012', 1)":null},"T\u00edtulo":{"('0142-D-2012', 0)":"EXPRESAR RECONOCIMIENTO POR LA LABOR DEL JUEZ ESPA\u00d1OL BALTAZAR GARZON, EN DEFENSA DE LOS DERECHOS HUMANOS.","('0142-D-2012', 1)":null},"('Firmantes', 'FIRMANTE')":{"('0142-D-2012', 0)":"BRAWER, MARA","('0142-D-2012', 1)":"PIETRAGALLA CORTI, HORACIO"},"('Firmantes', 'DISTRITO')":{"('0142-D-2012', 0)":"CIUDAD de BUENOS AIRES","('0142-D-2012', 1)":"BUENOS AIRES"},"('Firmantes', 'BLOQUE')":{"('0142-D-2012', 0)":"FRENTE PARA LA VICTORIA - PJ","('0142-D-2012', 1)":"FRENTE PARA LA VICTORIA - PJ"},"('Giros', 'COMISI\u00d3N')":{"('0142-D-2012', 0)":"RELACIONES EXTERIORES Y CULTO","('0142-D-2012', 1)":null},"Link":{"('0142-D-2012', 0)":"https:\/\/www.hcdn.gob.ar\/proyectos\/textoCompleto.jsp?exp=0142-D-2012&tipo=DECLARACION","('0142-D-2012', 1)":null},"Palabra Clave":{"('0142-D-2012', 0)":" ","('0142-D-2012', 1)":null}}