{"Tipo de Proyecto":{"('0144-OV-2012', 0)":"PROYECTO DE RESOLUCI\u00d3N"},"Iniciado en: ":{"('0144-OV-2012', 0)":"Senado"},"Expediente Senado: ":{"('0144-OV-2012', 0)":"0144-OV-2012"},"Fecha: ":{"('0144-OV-2012', 0)":"26\/09\/2012"},"T\u00edtulo":{"('0144-OV-2012', 0)":"DICTAMEN EN LA RESOLUCION REMITIDA POR LA AUDITORIA GENERAL DE LA NACION (70\/12), SOBRE EL INFORME DE AUDITORIA REFERIDO A LOS ESTADOS FINANCIEROS AL 31\/12\/11 CORRESPONDIENTE AL PROGRAMA DE APOYO A LA POLITICA DE MEJORAMIENTO DE LA EQUIDAD EDUCATIVA -PROMEDU II- SUBPROGRAMA II EXPANSION DE LA INFRAESTRUCTURA EDUCATIVA, CONVENIO DE PRESTAMO BANCO INTERNACIONAL DE DESARROLLO 2424\/OC-AR."},"('Firmantes', 'FIRMANTE')":{"('0144-OV-2012', 0)":"PARLAMENTARIA MIXTA REVISORA DE CUENTAS"},"('Firmantes', 'DISTRITO')":{"('0144-OV-2012', 0)":null},"('Firmantes', 'BLOQUE')":{"('0144-OV-2012', 0)":null},"('Tramites', 'C\u00c1MARA')":{"('0144-OV-2012', 0)":"Senado"},"('Tramites', 'MOVIMIENTO')":{"('0144-OV-2012', 0)":"CONSIDERACION Y APROBACION"},"('Tramites', 'FECHA')":{"('0144-OV-2012', 0)":"14\/11\/2012"},"('Tramites', 'RESULTADO')":{"('0144-OV-2012', 0)":"APROBADO"},"Sumario":{"('0144-OV-2012', 0)":"HABIENDO TOMADO CONOCIMIENTO, Y SIN PERJUICIO DE ULTERIORES MEDIDAS QUE PUEDAN ADOPTARSE, SE ACONSEJA SU REMISION AL ARCHIVO."},"Palabra Clave":{"('0144-OV-2012', 0)":" "}}