{"Tipo de Proyecto":{"('0145-D-2012', 0)":"PROYECTO DE DECLARACI\u00d3N"},"Iniciado en: ":{"('0145-D-2012', 0)":"Diputados"},"Expediente Diputados: ":{"('0145-D-2012', 0)":"0145-D-2012"},"Publicado en: ":{"('0145-D-2012', 0)":"Tr\u00e1mite Parlamentario N\u00b0 1"},"Fecha: ":{"('0145-D-2012', 0)":"02\/03\/2012"},"T\u00edtulo":{"('0145-D-2012', 0)":"SOLICITAR AL PODER EJECUTIVO MODIFIQUE LOS HORARIOS DE LOS VUELOS EN EL TRAYECTO QUE UNE A LA CIUDAD DE SANTA ROSA, PROVINCIA DE LA PAMPA CON LA CIUDAD AUTONOMA DE BUENOS AIRES."},"('Firmantes', 'FIRMANTE')":{"('0145-D-2012', 0)":"REGAZZOLI, MARIA CRISTINA"},"('Firmantes', 'DISTRITO')":{"('0145-D-2012', 0)":"LA PAMPA"},"('Firmantes', 'BLOQUE')":{"('0145-D-2012', 0)":"PARTIDO JUSTICIALISTA LA PAMPA"},"('Giros', 'COMISI\u00d3N')":{"('0145-D-2012', 0)":"TRANSPORTES"},"Link":{"('0145-D-2012', 0)":"https:\/\/www.hcdn.gob.ar\/proyectos\/textoCompleto.jsp?exp=0145-D-2012&tipo=DECLARACION"},"Palabra Clave":{"('0145-D-2012', 0)":" "}}