{"Tipo de Proyecto":{"('0146-S-2012', 0)":"PROYECTO DE RESOLUCI\u00d3N","('0146-S-2012', 1)":null,"('0146-S-2012', 2)":null,"('0146-S-2012', 3)":null},"Iniciado en: ":{"('0146-S-2012', 0)":"Senado","('0146-S-2012', 1)":null,"('0146-S-2012', 2)":null,"('0146-S-2012', 3)":null},"Expediente Diputados: ":{"('0146-S-2012', 0)":"0146-S-2012","('0146-S-2012', 1)":null,"('0146-S-2012', 2)":null,"('0146-S-2012', 3)":null},"Expediente Senado: ":{"('0146-S-2012', 0)":"0022-OV-2012","('0146-S-2012', 1)":null,"('0146-S-2012', 2)":null,"('0146-S-2012', 3)":null},"Fecha: ":{"('0146-S-2012', 0)":"07\/09\/2012","('0146-S-2012', 1)":null,"('0146-S-2012', 2)":null,"('0146-S-2012', 3)":null},"T\u00edtulo":{"('0146-S-2012', 0)":"PEDIDO DE INFORMES AL PODER EJECUTIVO SOBRE LAS MEDIDAS ADOPTADAS PARA REGULARIZAR LAS OBSERVACIONES FORMULADAS POR LA AUDITORIA GENERAL DE LA NACION (RESOLUCION 025\/12 DEL 28\/03\/12), REFERIDA AL INFORME DE AUDITORIA DE CONTROL DE GESTION AMBIENTAL EN RELACION AL CUMPLIMIENTO DEL PLAN DE RECONVERSION INDUSTRIAL (PRI) EN LA CUENCA SALI - DULCE.","('0146-S-2012', 1)":null,"('0146-S-2012', 2)":null,"('0146-S-2012', 3)":null},"('Firmantes', 'FIRMANTE')":{"('0146-S-2012', 0)":"PARLAMENTARIA MIXTA REVISORA DE CUENTAS","('0146-S-2012', 1)":null,"('0146-S-2012', 2)":null,"('0146-S-2012', 3)":null},"('Firmantes', 'DISTRITO')":{"('0146-S-2012', 0)":null,"('0146-S-2012', 1)":null,"('0146-S-2012', 2)":null,"('0146-S-2012', 3)":null},"('Firmantes', 'BLOQUE')":{"('0146-S-2012', 0)":null,"('0146-S-2012', 1)":null,"('0146-S-2012', 2)":null,"('0146-S-2012', 3)":null},"('Giros', 'COMISI\u00d3N')":{"('0146-S-2012', 0)":"PARLAMENTARIA MIXTA REVISORA DE CUENTAS","('0146-S-2012', 1)":null,"('0146-S-2012', 2)":null,"('0146-S-2012', 3)":null},"('Tramites', 'C\u00c1MARA')":{"('0146-S-2012', 0)":"Senado","('0146-S-2012', 1)":"Diputados","('0146-S-2012', 2)":"Diputados","('0146-S-2012', 3)":"Diputados"},"('Tramites', 'MOVIMIENTO')":{"('0146-S-2012', 0)":"CONSIDERACION Y APROBACION","('0146-S-2012', 1)":"PASA A DIPUTADOS -","('0146-S-2012', 2)":"CONSIDERACION Y APROBACION","('0146-S-2012', 3)":"CONTESTACION DEL PODER EJECUTIVO NACIONAL - JEFE DE GABINETE DE MINISTROS - GIRADO A LA COMISION RESPECTIVA"},"('Tramites', 'FECHA')":{"('0146-S-2012', 0)":"14\/11\/2012","('0146-S-2012', 1)":null,"('0146-S-2012', 2)":"05\/06\/2013","('0146-S-2012', 3)":null},"('Tramites', 'RESULTADO')":{"('0146-S-2012', 0)":"APROBADO","('0146-S-2012', 1)":null,"('0146-S-2012', 2)":"APROBADO","('0146-S-2012', 3)":null},"Link":{"('0146-S-2012', 0)":"http:\/\/www.senado.gov.ar\/parlamentario\/comisiones\/verExp\/22.12\/OV\/PR","('0146-S-2012', 1)":null,"('0146-S-2012', 2)":null,"('0146-S-2012', 3)":null},"Palabra Clave":{"('0146-S-2012', 0)":" ","('0146-S-2012', 1)":null,"('0146-S-2012', 2)":null,"('0146-S-2012', 3)":null}}