{"Tipo de Proyecto":{"('0147-D-2012', 0)":"PROYECTO DE LEY","('0147-D-2012', 1)":null,"('0147-D-2012', 2)":null,"('0147-D-2012', 3)":null},"Iniciado en: ":{"('0147-D-2012', 0)":"Diputados","('0147-D-2012', 1)":null,"('0147-D-2012', 2)":null,"('0147-D-2012', 3)":null},"Expediente Diputados: ":{"('0147-D-2012', 0)":"0147-D-2012","('0147-D-2012', 1)":null,"('0147-D-2012', 2)":null,"('0147-D-2012', 3)":null},"Publicado en: ":{"('0147-D-2012', 0)":"Tr\u00e1mite Parlamentario N\u00b0 1","('0147-D-2012', 1)":null,"('0147-D-2012', 2)":null,"('0147-D-2012', 3)":null},"Fecha: ":{"('0147-D-2012', 0)":"03\/03\/2012","('0147-D-2012', 1)":null,"('0147-D-2012', 2)":null,"('0147-D-2012', 3)":null},"T\u00edtulo":{"('0147-D-2012', 0)":"IMPUESTO A LAS GANANCIAS - LEY 20628 - MODIFICACION DEL ARTICULO 20, SOBRE EXENCION A SUBSIDIOS FORESTALES. ","('0147-D-2012', 1)":null,"('0147-D-2012', 2)":null,"('0147-D-2012', 3)":null},"('Firmantes', 'FIRMANTE')":{"('0147-D-2012', 0)":"GONZALEZ, GLADYS ESTHER","('0147-D-2012', 1)":"TRIACA, ALBERTO JORGE","('0147-D-2012', 2)":"FERNANDEZ, RODOLFO ALFREDO","('0147-D-2012', 3)":"ASPIAZU, LUCIO BERNARDO"},"('Firmantes', 'DISTRITO')":{"('0147-D-2012', 0)":"BUENOS AIRES","('0147-D-2012', 1)":"CIUDAD de BUENOS AIRES","('0147-D-2012', 2)":"CORRIENTES","('0147-D-2012', 3)":"CORRIENTES"},"('Firmantes', 'BLOQUE')":{"('0147-D-2012', 0)":"PRO","('0147-D-2012', 1)":"PRO","('0147-D-2012', 2)":"UCR","('0147-D-2012', 3)":"UCR"},"('Giros', 'COMISI\u00d3N')":{"('0147-D-2012', 0)":"PRESUPUESTO Y HACIENDA","('0147-D-2012', 1)":"AGRICULTURA Y GANADERIA","('0147-D-2012', 2)":null,"('0147-D-2012', 3)":null},"('Tramites', 'C\u00c1MARA')":{"('0147-D-2012', 0)":"Diputados","('0147-D-2012', 1)":"Diputados","('0147-D-2012', 2)":null,"('0147-D-2012', 3)":null},"('Tramites', 'MOVIMIENTO')":{"('0147-D-2012', 0)":"SOLICITUD DE SER COFIRMANTE DEL DIPUTADO ASPIAZU (A SUS ANTECEDENTES)","('0147-D-2012', 1)":"REPRODUCIDO POR EXPEDIENTE 0656-D-14","('0147-D-2012', 2)":null,"('0147-D-2012', 3)":null},"('Tramites', 'FECHA')":{"('0147-D-2012', 0)":null,"('0147-D-2012', 1)":null,"('0147-D-2012', 2)":null,"('0147-D-2012', 3)":null},"('Tramites', 'RESULTADO')":{"('0147-D-2012', 0)":null,"('0147-D-2012', 1)":null,"('0147-D-2012', 2)":null,"('0147-D-2012', 3)":null},"Link":{"('0147-D-2012', 0)":"https:\/\/www.hcdn.gob.ar\/proyectos\/textoCompleto.jsp?exp=0147-D-2012&tipo=LEY","('0147-D-2012', 1)":null,"('0147-D-2012', 2)":null,"('0147-D-2012', 3)":null},"Palabra Clave":{"('0147-D-2012', 0)":" ","('0147-D-2012', 1)":null,"('0147-D-2012', 2)":null,"('0147-D-2012', 3)":null}}