{"Tipo de Proyecto":{"('0148-D-2012', 0)":"PROYECTO DE LEY","('0148-D-2012', 1)":null},"Iniciado en: ":{"('0148-D-2012', 0)":"Diputados","('0148-D-2012', 1)":null},"Expediente Diputados: ":{"('0148-D-2012', 0)":"0148-D-2012","('0148-D-2012', 1)":null},"Publicado en: ":{"('0148-D-2012', 0)":"Tr\u00e1mite Parlamentario N\u00b0 1","('0148-D-2012', 1)":null},"Fecha: ":{"('0148-D-2012', 0)":"03\/03\/2012","('0148-D-2012', 1)":null},"T\u00edtulo":{"('0148-D-2012', 0)":"ARRENDAMIENTOS: REGIMEN; DEROGACION DE LA LEY 13246 Y SUS MODIFICATORIAS. ","('0148-D-2012', 1)":null},"('Firmantes', 'FIRMANTE')":{"('0148-D-2012', 0)":"GONZALEZ, GLADYS ESTHER","('0148-D-2012', 1)":"TRIACA, ALBERTO JORGE"},"('Firmantes', 'DISTRITO')":{"('0148-D-2012', 0)":"BUENOS AIRES","('0148-D-2012', 1)":"CIUDAD de BUENOS AIRES"},"('Firmantes', 'BLOQUE')":{"('0148-D-2012', 0)":"PRO","('0148-D-2012', 1)":"PRO"},"('Giros', 'COMISI\u00d3N')":{"('0148-D-2012', 0)":"LEGISLACION GENERAL","('0148-D-2012', 1)":"AGRICULTURA Y GANADERIA"},"('Tramites', 'C\u00c1MARA')":{"('0148-D-2012', 0)":"Diputados","('0148-D-2012', 1)":null},"('Tramites', 'MOVIMIENTO')":{"('0148-D-2012', 0)":"REPRODUCIDO POR EXPEDIENTE 0657-D-14","('0148-D-2012', 1)":null},"('Tramites', 'FECHA')":{"('0148-D-2012', 0)":null,"('0148-D-2012', 1)":null},"('Tramites', 'RESULTADO')":{"('0148-D-2012', 0)":null,"('0148-D-2012', 1)":null},"Sumario":{"('0148-D-2012', 0)":"ORDEN PUBLICO; FORMALIDADES; REQUISITOS O ESPECIFICACIONES; REGISTRO; NORMAS SUPLETORIAS; FIJACION DEL PRECIO; REVISION; PLAZO; CONTRATOS; EXPLOTACION RACIONAL DEL SUELO; ARRENDAMIENTO RURAL; APARCERIA; CONTRATOS ACCIDENTALES; CONTRATOS SUCESIVOS; CONTRATOS PROMOVIDOS.","('0148-D-2012', 1)":null},"Palabra Clave":{"('0148-D-2012', 0)":" ","('0148-D-2012', 1)":null}}