{"Tipo de Proyecto":{"('0148-S-2012', 0)":"PROYECTO DE RESOLUCI\u00d3N","('0148-S-2012', 1)":null,"('0148-S-2012', 2)":null},"Iniciado en: ":{"('0148-S-2012', 0)":"Senado","('0148-S-2012', 1)":null,"('0148-S-2012', 2)":null},"Expediente Diputados: ":{"('0148-S-2012', 0)":"0148-S-2012","('0148-S-2012', 1)":null,"('0148-S-2012', 2)":null},"Expediente Senado: ":{"('0148-S-2012', 0)":"0492-OV-2011","('0148-S-2012', 1)":null,"('0148-S-2012', 2)":null},"Fecha: ":{"('0148-S-2012', 0)":"07\/09\/2012","('0148-S-2012', 1)":null,"('0148-S-2012', 2)":null},"T\u00edtulo":{"('0148-S-2012', 0)":"PEDIDO DE INFORMES AL PODER EJECUTIVO SOBRE LAS MEDIDAS ADOPTADAS PARA REGULARIZAR LAS OBSERVACIONES FORMULADAS POR LA AUDITORIA GENERAL DE LA NACION (RESOLUCION 0244\/11 DEL 29\/12\/12), REFERIDA A LOS ESTADOS FINANCIEROS DEL EJERCICIO FINALIZADO EL 31\/12\/10, CORRESPONDIENTES AL PROYECTO DE DESARROLLO DE PEQUE\u00d1OS PRODUCTORES AGROPECUARIOS (PROINDER ADICIONAL).","('0148-S-2012', 1)":null,"('0148-S-2012', 2)":null},"('Firmantes', 'FIRMANTE')":{"('0148-S-2012', 0)":"PARLAMENTARIA MIXTA REVISORA DE CUENTAS","('0148-S-2012', 1)":null,"('0148-S-2012', 2)":null},"('Firmantes', 'DISTRITO')":{"('0148-S-2012', 0)":null,"('0148-S-2012', 1)":null,"('0148-S-2012', 2)":null},"('Firmantes', 'BLOQUE')":{"('0148-S-2012', 0)":null,"('0148-S-2012', 1)":null,"('0148-S-2012', 2)":null},"('Giros', 'COMISI\u00d3N')":{"('0148-S-2012', 0)":"PARLAMENTARIA MIXTA REVISORA DE CUENTAS","('0148-S-2012', 1)":null,"('0148-S-2012', 2)":null},"('Tramites', 'C\u00c1MARA')":{"('0148-S-2012', 0)":"Senado","('0148-S-2012', 1)":"Diputados","('0148-S-2012', 2)":"Diputados"},"('Tramites', 'MOVIMIENTO')":{"('0148-S-2012', 0)":"CONSIDERACION Y APROBACION","('0148-S-2012', 1)":"PASA A DIPUTADOS -","('0148-S-2012', 2)":"CONSIDERACION Y APROBACION"},"('Tramites', 'FECHA')":{"('0148-S-2012', 0)":"14\/11\/2012","('0148-S-2012', 1)":null,"('0148-S-2012', 2)":"05\/06\/2013"},"('Tramites', 'RESULTADO')":{"('0148-S-2012', 0)":"APROBADO","('0148-S-2012', 1)":null,"('0148-S-2012', 2)":"APROBADO"},"Link":{"('0148-S-2012', 0)":"http:\/\/www.senado.gov.ar\/parlamentario\/comisiones\/verExp\/492.11\/OV\/PR","('0148-S-2012', 1)":null,"('0148-S-2012', 2)":null},"Palabra Clave":{"('0148-S-2012', 0)":" ","('0148-S-2012', 1)":null,"('0148-S-2012', 2)":null}}