{"Tipo de Proyecto":{"('0149-S-2012', 0)":"PROYECTO DE RESOLUCI\u00d3N","('0149-S-2012', 1)":null,"('0149-S-2012', 2)":null,"('0149-S-2012', 3)":null},"Iniciado en: ":{"('0149-S-2012', 0)":"Senado","('0149-S-2012', 1)":null,"('0149-S-2012', 2)":null,"('0149-S-2012', 3)":null},"Expediente Diputados: ":{"('0149-S-2012', 0)":"0149-S-2012","('0149-S-2012', 1)":null,"('0149-S-2012', 2)":null,"('0149-S-2012', 3)":null},"Expediente Senado: ":{"('0149-S-2012', 0)":"0003-OV-2012","('0149-S-2012', 1)":null,"('0149-S-2012', 2)":null,"('0149-S-2012', 3)":null},"Fecha: ":{"('0149-S-2012', 0)":"07\/09\/2012","('0149-S-2012', 1)":null,"('0149-S-2012', 2)":null,"('0149-S-2012', 3)":null},"T\u00edtulo":{"('0149-S-2012', 0)":"PEDIDO DE INFORMES AL PODER EJECUTIVO SOBRE LAS MEDIDAS ADOPTADAS PARA REGULARIZAR LAS OBSERVACIONES FORMULADAS POR LA AUDITORIA GENERAL DE LA NACION (RESOLUCION 13\/12 DEL 29\/12\/12), RESPECTO DE LA AUDITORIA DE GESTION REALIZADA EN EL AMBITO DE LA SECRETARIA DE DERECHOS HUMANOS, UNIDAD EJECUTORA DEL PROGRAMA 26 -PROMOCION Y DEFENSA DE LOS DERECHOS HUMANOS DE LA JURISDICCION 40, PARA EL EJERCICIO 2009, Y PRIMER TRIMESTRE 2010.","('0149-S-2012', 1)":null,"('0149-S-2012', 2)":null,"('0149-S-2012', 3)":null},"('Firmantes', 'FIRMANTE')":{"('0149-S-2012', 0)":"PARLAMENTARIA MIXTA REVISORA DE CUENTAS","('0149-S-2012', 1)":null,"('0149-S-2012', 2)":null,"('0149-S-2012', 3)":null},"('Firmantes', 'DISTRITO')":{"('0149-S-2012', 0)":null,"('0149-S-2012', 1)":null,"('0149-S-2012', 2)":null,"('0149-S-2012', 3)":null},"('Firmantes', 'BLOQUE')":{"('0149-S-2012', 0)":null,"('0149-S-2012', 1)":null,"('0149-S-2012', 2)":null,"('0149-S-2012', 3)":null},"('Giros', 'COMISI\u00d3N')":{"('0149-S-2012', 0)":"PARLAMENTARIA MIXTA REVISORA DE CUENTAS","('0149-S-2012', 1)":null,"('0149-S-2012', 2)":null,"('0149-S-2012', 3)":null},"('Tramites', 'C\u00c1MARA')":{"('0149-S-2012', 0)":"Senado","('0149-S-2012', 1)":"Diputados","('0149-S-2012', 2)":"Diputados","('0149-S-2012', 3)":"Diputados"},"('Tramites', 'MOVIMIENTO')":{"('0149-S-2012', 0)":"CONSIDERACION Y APROBACION","('0149-S-2012', 1)":"PASA A DIPUTADOS -","('0149-S-2012', 2)":"CONSIDERACION Y APROBACION","('0149-S-2012', 3)":"CONTESTACION DEL PODER EJECUTIVO NACIONAL - GIRADO A LA COMISION RESPECTIVA"},"('Tramites', 'FECHA')":{"('0149-S-2012', 0)":"14\/11\/2012","('0149-S-2012', 1)":null,"('0149-S-2012', 2)":"05\/06\/2013","('0149-S-2012', 3)":"03\/09\/2014"},"('Tramites', 'RESULTADO')":{"('0149-S-2012', 0)":"APROBADO","('0149-S-2012', 1)":null,"('0149-S-2012', 2)":"APROBADO","('0149-S-2012', 3)":null},"Link":{"('0149-S-2012', 0)":"http:\/\/www.senado.gov.ar\/parlamentario\/comisiones\/verExp\/3.12\/OV\/PR","('0149-S-2012', 1)":null,"('0149-S-2012', 2)":null,"('0149-S-2012', 3)":null},"Palabra Clave":{"('0149-S-2012', 0)":" ","('0149-S-2012', 1)":null,"('0149-S-2012', 2)":null,"('0149-S-2012', 3)":null}}