{"Tipo de Proyecto":{"('0149-D-2012', 0)":"PROYECTO DE LEY","('0149-D-2012', 1)":null,"('0149-D-2012', 2)":null},"Iniciado en: ":{"('0149-D-2012', 0)":"Diputados","('0149-D-2012', 1)":null,"('0149-D-2012', 2)":null},"Expediente Diputados: ":{"('0149-D-2012', 0)":"0149-D-2012","('0149-D-2012', 1)":null,"('0149-D-2012', 2)":null},"Publicado en: ":{"('0149-D-2012', 0)":"Tr\u00e1mite Parlamentario N\u00b0 1","('0149-D-2012', 1)":null,"('0149-D-2012', 2)":null},"Fecha: ":{"('0149-D-2012', 0)":"02\/03\/2012","('0149-D-2012', 1)":null,"('0149-D-2012', 2)":null},"T\u00edtulo":{"('0149-D-2012', 0)":"ENERGIA ELECTRICA - LEY 23681 -.  MODIFICACION, SOBRE LA CREACION DE UN RECARGO EN LAS BOLETAS DE CONSUMO. ","('0149-D-2012', 1)":null,"('0149-D-2012', 2)":null},"('Firmantes', 'FIRMANTE')":{"('0149-D-2012', 0)":"GONZALEZ, GLADYS ESTHER","('0149-D-2012', 1)":"TRIACA, ALBERTO JORGE","('0149-D-2012', 2)":null},"('Firmantes', 'DISTRITO')":{"('0149-D-2012', 0)":"BUENOS AIRES","('0149-D-2012', 1)":"CIUDAD de BUENOS AIRES","('0149-D-2012', 2)":null},"('Firmantes', 'BLOQUE')":{"('0149-D-2012', 0)":"PRO","('0149-D-2012', 1)":"PRO","('0149-D-2012', 2)":null},"('Giros', 'COMISI\u00d3N')":{"('0149-D-2012', 0)":"ENERGIA Y COMBUSTIBLES","('0149-D-2012', 1)":"DEFENSA DEL CONSUMIDOR, DEL USUARIO Y DE LA COMPETENCIA","('0149-D-2012', 2)":"PRESUPUESTO Y HACIENDA"},"('Tramites', 'C\u00c1MARA')":{"('0149-D-2012', 0)":"Diputados","('0149-D-2012', 1)":null,"('0149-D-2012', 2)":null},"('Tramites', 'MOVIMIENTO')":{"('0149-D-2012', 0)":"REPRODUCIDO POR EXPEDIENTE 0658-D-14","('0149-D-2012', 1)":null,"('0149-D-2012', 2)":null},"('Tramites', 'FECHA')":{"('0149-D-2012', 0)":null,"('0149-D-2012', 1)":null,"('0149-D-2012', 2)":null},"('Tramites', 'RESULTADO')":{"('0149-D-2012', 0)":null,"('0149-D-2012', 1)":null,"('0149-D-2012', 2)":null},"Link":{"('0149-D-2012', 0)":"https:\/\/www.hcdn.gob.ar\/proyectos\/textoCompleto.jsp?exp=0149-D-2012&tipo=LEY","('0149-D-2012', 1)":null,"('0149-D-2012', 2)":null},"Palabra Clave":{"('0149-D-2012', 0)":" ","('0149-D-2012', 1)":null,"('0149-D-2012', 2)":null}}