{"Tipo de Proyecto":{"('0150-S-2012', 0)":"PROYECTO DE RESOLUCI\u00d3N","('0150-S-2012', 1)":null,"('0150-S-2012', 2)":null},"Iniciado en: ":{"('0150-S-2012', 0)":"Senado","('0150-S-2012', 1)":null,"('0150-S-2012', 2)":null},"Expediente Diputados: ":{"('0150-S-2012', 0)":"0150-S-2012","('0150-S-2012', 1)":null,"('0150-S-2012', 2)":null},"Expediente Senado: ":{"('0150-S-2012', 0)":"0611-OV-2010","('0150-S-2012', 1)":null,"('0150-S-2012', 2)":null},"Fecha: ":{"('0150-S-2012', 0)":"07\/09\/2012","('0150-S-2012', 1)":null,"('0150-S-2012', 2)":null},"T\u00edtulo":{"('0150-S-2012', 0)":"PEDIDO DE INFORMES AL PODER EJECUTIVO SOBRE LAS MEDIDAS ADOPTADAS PARA REGULARIZAR LAS OBSERVACIONES FORMULADAS POR LA AUDITORIA GENERAL DE LA NACION (RESOLUCION 6\/11 DEL 04\/02\/11), POR LA CUAL ASIGNA EL CARACTER DE PARCIALMENTE RESERVADO AL INFORME APROBADO POR RESOLUCION 47\/10 AGN REFERIDO AL MINISTERIO DE DEFENSA - ESTADO MAYOR GENERAL DE LA ARMADA, CUYO OBJETO FUE GESTION DEL PERSONAL DE LA ARMADA.","('0150-S-2012', 1)":null,"('0150-S-2012', 2)":null},"('Firmantes', 'FIRMANTE')":{"('0150-S-2012', 0)":"PARLAMENTARIA MIXTA REVISORA DE CUENTAS","('0150-S-2012', 1)":null,"('0150-S-2012', 2)":null},"('Firmantes', 'DISTRITO')":{"('0150-S-2012', 0)":null,"('0150-S-2012', 1)":null,"('0150-S-2012', 2)":null},"('Firmantes', 'BLOQUE')":{"('0150-S-2012', 0)":null,"('0150-S-2012', 1)":null,"('0150-S-2012', 2)":null},"('Giros', 'COMISI\u00d3N')":{"('0150-S-2012', 0)":"PARLAMENTARIA MIXTA REVISORA DE CUENTAS","('0150-S-2012', 1)":null,"('0150-S-2012', 2)":null},"('Tramites', 'C\u00c1MARA')":{"('0150-S-2012', 0)":"Senado","('0150-S-2012', 1)":"Diputados","('0150-S-2012', 2)":"Diputados"},"('Tramites', 'MOVIMIENTO')":{"('0150-S-2012', 0)":"CONSIDERACION Y APROBACION","('0150-S-2012', 1)":"PASA A DIPUTADOS -","('0150-S-2012', 2)":"CONSIDERACION Y APROBACION"},"('Tramites', 'FECHA')":{"('0150-S-2012', 0)":"14\/11\/2012","('0150-S-2012', 1)":null,"('0150-S-2012', 2)":"05\/06\/2013"},"('Tramites', 'RESULTADO')":{"('0150-S-2012', 0)":"APROBADO","('0150-S-2012', 1)":null,"('0150-S-2012', 2)":"APROBADO"},"Link":{"('0150-S-2012', 0)":"http:\/\/www.senado.gov.ar\/parlamentario\/comisiones\/verExp\/611.10\/OV\/PR","('0150-S-2012', 1)":null,"('0150-S-2012', 2)":null},"Palabra Clave":{"('0150-S-2012', 0)":" ","('0150-S-2012', 1)":null,"('0150-S-2012', 2)":null}}