{"Tipo de Proyecto":{"('0151-D-2012', 0)":"PROYECTO DE DECLARACI\u00d3N"},"Iniciado en: ":{"('0151-D-2012', 0)":"Diputados"},"Expediente Diputados: ":{"('0151-D-2012', 0)":"0151-D-2012"},"Publicado en: ":{"('0151-D-2012', 0)":"Tr\u00e1mite Parlamentario N\u00b0 1"},"Fecha: ":{"('0151-D-2012', 0)":"02\/03\/2012"},"T\u00edtulo":{"('0151-D-2012', 0)":"EXPRESAR BENEPLACITO POR LAS ACTIVIDADES PROGRAMADAS PARA CONMEMORAR EL CENTENARIO DE LA FUNDACION DE LA CIUDAD DE PRESIDENCIA ROQUE SAENZ PE\u00d1A, PROVINCIA DEL CHACO."},"('Firmantes', 'FIRMANTE')":{"('0151-D-2012', 0)":"MONGELO, JOSE RICARDO"},"('Firmantes', 'DISTRITO')":{"('0151-D-2012', 0)":"CHACO"},"('Firmantes', 'BLOQUE')":{"('0151-D-2012', 0)":"FRENTE PARA LA VICTORIA - PJ"},"('Giros', 'COMISI\u00d3N')":{"('0151-D-2012', 0)":"POBLACION Y DESARROLLO HUMANO"},"('Tramites', 'C\u00c1MARA')":{"('0151-D-2012', 0)":"Diputados"},"('Tramites', 'MOVIMIENTO')":{"('0151-D-2012', 0)":"APROBACION ARTICULO 114 DEL REGLAMENTO DE LA H CAMARA DE DIPUTADOS; COMUNICADO EL 08\/08\/2012"},"('Tramites', 'FECHA')":{"('0151-D-2012', 0)":null},"('Tramites', 'RESULTADO')":{"('0151-D-2012', 0)":"APROBADO"},"Link":{"('0151-D-2012', 0)":"https:\/\/www.hcdn.gob.ar\/proyectos\/textoCompleto.jsp?exp=0151-D-2012&tipo=DECLARACION"},"Palabra Clave":{"('0151-D-2012', 0)":" "}}