{"Tipo de Proyecto":{"('0153-D-2012', 0)":"PROYECTO DE LEY","('0153-D-2012', 1)":null},"Iniciado en: ":{"('0153-D-2012', 0)":"Diputados","('0153-D-2012', 1)":null},"Expediente Diputados: ":{"('0153-D-2012', 0)":"0153-D-2012","('0153-D-2012', 1)":null},"Publicado en: ":{"('0153-D-2012', 0)":"Tr\u00e1mite Parlamentario N\u00b0 2","('0153-D-2012', 1)":null},"Fecha: ":{"('0153-D-2012', 0)":"05\/03\/2012","('0153-D-2012', 1)":null},"T\u00edtulo":{"('0153-D-2012', 0)":"CODIGO PENAL. MODIFICACION DEL ARTICULO 132, SOBRE EJERCICIO DE LA ACCION PENAL PUBLICA EN LOS CASOS DE DELITOS CONTRA LA INTEGRIDAD SEXUAL.","('0153-D-2012', 1)":null},"('Firmantes', 'FIRMANTE')":{"('0153-D-2012', 0)":"PUIGGROS, ADRIANA VICTORIA","('0153-D-2012', 1)":null},"('Firmantes', 'DISTRITO')":{"('0153-D-2012', 0)":"BUENOS AIRES","('0153-D-2012', 1)":null},"('Firmantes', 'BLOQUE')":{"('0153-D-2012', 0)":"FRENTE PARA LA VICTORIA - PJ","('0153-D-2012', 1)":null},"('Giros', 'COMISI\u00d3N')":{"('0153-D-2012', 0)":"LEGISLACION PENAL","('0153-D-2012', 1)":"FAMILIA, MUJER, NI\u00d1EZ Y ADOLESCENCIA"},"('Tramites', 'C\u00c1MARA')":{"('0153-D-2012', 0)":"Diputados","('0153-D-2012', 1)":"Diputados"},"('Tramites', 'MOVIMIENTO')":{"('0153-D-2012', 0)":"MOCION SOBRE TABLAS CON DICTAMEN (PLAN DE LABOR) (AFIRMATIVA) CONJUNTAMENTE PARA LOS EXPEDIENTES 2524-S-2011, 0005-S-2012, 2518-S-2011, 6168-D-2011, 6192-D-2011, 0066-D-2012, 0285-D-2012, 0268-D-2012, 0153-D-2012, 0360-D-2012, 0323-D-2012, 0473-D-2012, 0475-D-2012, 0705-D-2012, 0108-S-2012, 0297-S-2012, 0306-S-2012, 3028-S-2011, 2908-S-2011 y 0823-D-2012","('0153-D-2012', 1)":"CONSIDERACION Y SANCION CONJUNTAMENTE PARA LOS EXPEDIENTES 2524-S-2011, 0005-S-2012, 2518-S-2011, 6168-D-2011, 6192-D-2011, 0066-D-2012, 0285-D-2012, 0268-D-2012, 0153-D-2012, 0360-D-2012, 0323-D-2012, 0473-D-2012, 0475-D-2012, 0705-D-2012, 0108-S-2012, 0297-S-2012, 0306-S-2012, 3028-S-2011, 2908-S-2011 y 0823-D-2012"},"('Tramites', 'FECHA')":{"('0153-D-2012', 0)":"21\/03\/2012","('0153-D-2012', 1)":"21\/03\/2012"},"('Tramites', 'RESULTADO')":{"('0153-D-2012', 0)":null,"('0153-D-2012', 1)":"SANCIONADO"},"Link":{"('0153-D-2012', 0)":"https:\/\/www.hcdn.gob.ar\/proyectos\/textoCompleto.jsp?exp=0153-D-2012&tipo=LEY","('0153-D-2012', 1)":null},"Palabra Clave":{"('0153-D-2012', 0)":" ","('0153-D-2012', 1)":null}}