{"Tipo de Proyecto":{"('0155-D-2012', 0)":"PROYECTO DE LEY","('0155-D-2012', 1)":null},"Iniciado en: ":{"('0155-D-2012', 0)":"Diputados","('0155-D-2012', 1)":null},"Expediente Diputados: ":{"('0155-D-2012', 0)":"0155-D-2012","('0155-D-2012', 1)":null},"Publicado en: ":{"('0155-D-2012', 0)":"Tr\u00e1mite Parlamentario N\u00b0 2","('0155-D-2012', 1)":null},"Fecha: ":{"('0155-D-2012', 0)":"05\/03\/2012","('0155-D-2012', 1)":null},"T\u00edtulo":{"('0155-D-2012', 0)":"DECLARAR EL DIA 30 DE MARZO DE CADA A\u00d1O COMO \"DIA DEL PERSONAL DE CASAS PARTICULARES\".","('0155-D-2012', 1)":null},"('Firmantes', 'FIRMANTE')":{"('0155-D-2012', 0)":"BIELLA CALVET, BERNARDO JOSE","('0155-D-2012', 1)":null},"('Firmantes', 'DISTRITO')":{"('0155-D-2012', 0)":"SALTA","('0155-D-2012', 1)":null},"('Firmantes', 'BLOQUE')":{"('0155-D-2012', 0)":"UDESO SALTA","('0155-D-2012', 1)":null},"('Giros', 'COMISI\u00d3N')":{"('0155-D-2012', 0)":"LEGISLACION DEL TRABAJO","('0155-D-2012', 1)":"LEGISLACION GENERAL"},"('Tramites', 'C\u00c1MARA')":{"('0155-D-2012', 0)":"Diputados","('0155-D-2012', 1)":"Diputados"},"('Tramites', 'MOVIMIENTO')":{"('0155-D-2012', 0)":"RESOLUCION DE PRESIDENCIA - CAMBIO DE ORDEN DE LAS COMISIONES","('0155-D-2012', 1)":"REPRODUCIDO POR EXPEDIENTE 0817-D-14"},"('Tramites', 'FECHA')":{"('0155-D-2012', 0)":"05\/06\/2013","('0155-D-2012', 1)":null},"('Tramites', 'RESULTADO')":{"('0155-D-2012', 0)":null,"('0155-D-2012', 1)":null},"Link":{"('0155-D-2012', 0)":"https:\/\/www.hcdn.gob.ar\/proyectos\/textoCompleto.jsp?exp=0155-D-2012&tipo=LEY","('0155-D-2012', 1)":null},"Palabra Clave":{"('0155-D-2012', 0)":" ","('0155-D-2012', 1)":null}}