{"Tipo de Proyecto":{"('0156-S-2012', 0)":"PROYECTO DE RESOLUCI\u00d3N","('0156-S-2012', 1)":null,"('0156-S-2012', 2)":null},"Iniciado en: ":{"('0156-S-2012', 0)":"Senado","('0156-S-2012', 1)":null,"('0156-S-2012', 2)":null},"Expediente Diputados: ":{"('0156-S-2012', 0)":"0156-S-2012","('0156-S-2012', 1)":null,"('0156-S-2012', 2)":null},"Expediente Senado: ":{"('0156-S-2012', 0)":"0221-OV-2012","('0156-S-2012', 1)":null,"('0156-S-2012', 2)":null},"Fecha: ":{"('0156-S-2012', 0)":"26\/09\/2012","('0156-S-2012', 1)":null,"('0156-S-2012', 2)":null},"T\u00edtulo":{"('0156-S-2012', 0)":"PEDIDO DE INFORMES AL PODER EJECUTIVO SOBRE LAS MEDIDAS ADOPTADAS PARA REGULARIZAR LAS OBSERVACIONES FORMULADAS POR LA AUDITORIA GENERAL DE LA NACION (101\/12), SOBRE LOS ESTADOS FINANCIEROS POR EL EJERCICIO 3 COMPRENDIDO ENTRE EL 01\/01\/11 Y EL 31\/12\/11, CORRESPONDIENTES AL PROYECTO DE GESTION DE ACTIVOS VIALES NACIONALES, CONVENIO DE PRESTAMO 7473-AR BIRF.","('0156-S-2012', 1)":null,"('0156-S-2012', 2)":null},"('Firmantes', 'FIRMANTE')":{"('0156-S-2012', 0)":"PARLAMENTARIA MIXTA REVISORA DE CUENTAS","('0156-S-2012', 1)":null,"('0156-S-2012', 2)":null},"('Firmantes', 'DISTRITO')":{"('0156-S-2012', 0)":null,"('0156-S-2012', 1)":null,"('0156-S-2012', 2)":null},"('Firmantes', 'BLOQUE')":{"('0156-S-2012', 0)":null,"('0156-S-2012', 1)":null,"('0156-S-2012', 2)":null},"('Giros', 'COMISI\u00d3N')":{"('0156-S-2012', 0)":"PARLAMENTARIA MIXTA REVISORA DE CUENTAS","('0156-S-2012', 1)":null,"('0156-S-2012', 2)":null},"('Tramites', 'C\u00c1MARA')":{"('0156-S-2012', 0)":"Senado","('0156-S-2012', 1)":"Diputados","('0156-S-2012', 2)":"Diputados"},"('Tramites', 'MOVIMIENTO')":{"('0156-S-2012', 0)":"CONSIDERACION Y APROBACION","('0156-S-2012', 1)":"PASA A DIPUTADOS -","('0156-S-2012', 2)":"CONSIDERACION Y APROBACION"},"('Tramites', 'FECHA')":{"('0156-S-2012', 0)":"14\/11\/2012","('0156-S-2012', 1)":null,"('0156-S-2012', 2)":"05\/06\/2013"},"('Tramites', 'RESULTADO')":{"('0156-S-2012', 0)":"APROBADO","('0156-S-2012', 1)":null,"('0156-S-2012', 2)":"APROBADO"},"Link":{"('0156-S-2012', 0)":"http:\/\/www.senado.gov.ar\/parlamentario\/comisiones\/verExp\/221.12\/OV\/PR","('0156-S-2012', 1)":null,"('0156-S-2012', 2)":null},"Palabra Clave":{"('0156-S-2012', 0)":" ","('0156-S-2012', 1)":null,"('0156-S-2012', 2)":null}}