{"Tipo de Proyecto":{"('0157-D-2012', 0)":"PROYECTO DE DECLARACI\u00d3N","('0157-D-2012', 1)":null,"('0157-D-2012', 2)":null,"('0157-D-2012', 3)":null},"Iniciado en: ":{"('0157-D-2012', 0)":"Diputados","('0157-D-2012', 1)":null,"('0157-D-2012', 2)":null,"('0157-D-2012', 3)":null},"Expediente Diputados: ":{"('0157-D-2012', 0)":"0157-D-2012","('0157-D-2012', 1)":null,"('0157-D-2012', 2)":null,"('0157-D-2012', 3)":null},"Publicado en: ":{"('0157-D-2012', 0)":"Tr\u00e1mite Parlamentario N\u00b0 2","('0157-D-2012', 1)":null,"('0157-D-2012', 2)":null,"('0157-D-2012', 3)":null},"Fecha: ":{"('0157-D-2012', 0)":"05\/03\/2012","('0157-D-2012', 1)":null,"('0157-D-2012', 2)":null,"('0157-D-2012', 3)":null},"T\u00edtulo":{"('0157-D-2012', 0)":"SOLICITAR AL PODER EJECUTIVO NACIONAL DISPONGA PROMOVER LA MODIFICACION DE LA REGULACION DE LA FACTURACION DEL SERVICIO DE TELEFONIA MOVIL CON EL FIN DE QUE SE COBRE POR EL TIEMPO DE AIRE DESDE EL MOMENTO DE CONTESTADA LA LLAMADA. ","('0157-D-2012', 1)":null,"('0157-D-2012', 2)":null,"('0157-D-2012', 3)":null},"('Firmantes', 'FIRMANTE')":{"('0157-D-2012', 0)":"BIELLA CALVET, BERNARDO JOSE","('0157-D-2012', 1)":"KRONEBERGER, DANIEL RICARDO","('0157-D-2012', 2)":null,"('0157-D-2012', 3)":null},"('Firmantes', 'DISTRITO')":{"('0157-D-2012', 0)":"SALTA","('0157-D-2012', 1)":"LA PAMPA","('0157-D-2012', 2)":null,"('0157-D-2012', 3)":null},"('Firmantes', 'BLOQUE')":{"('0157-D-2012', 0)":"UDESO SALTA","('0157-D-2012', 1)":"UCR","('0157-D-2012', 2)":null,"('0157-D-2012', 3)":null},"('Giros', 'COMISI\u00d3N')":{"('0157-D-2012', 0)":"COMUNICACIONES E INFORMATICA","('0157-D-2012', 1)":null,"('0157-D-2012', 2)":null,"('0157-D-2012', 3)":null},"('Tramites', 'C\u00c1MARA')":{"('0157-D-2012', 0)":"Diputados","('0157-D-2012', 1)":"Diputados","('0157-D-2012', 2)":"Diputados","('0157-D-2012', 3)":"Diputados"},"('Tramites', 'MOVIMIENTO')":{"('0157-D-2012', 0)":"SOLICITUD DE SER COFIRMANTE DEL DIPUTADO KRONEBERGER (A SUS ANTECEDENTES)","('0157-D-2012', 1)":"MOCION DE PREFERENCIA PARA LA PROXIMA SESION CON DICTAMEN (AFIRMATIVA)","('0157-D-2012', 2)":"APROBACION ARTICULO 114 DEL REGLAMENTO DE LA H CAMARA DE DIPUTADOS; COMUNICADO EL 28\/09\/2012","('0157-D-2012', 3)":"CONTESTACION DEL PODER EJECUTIVO NACIONAL - JEFE DE GABINETE DE MINISTROS - GIRADO A LA COMISION RESPECTIVA"},"('Tramites', 'FECHA')":{"('0157-D-2012', 0)":null,"('0157-D-2012', 1)":"27\/06\/2012","('0157-D-2012', 2)":null,"('0157-D-2012', 3)":null},"('Tramites', 'RESULTADO')":{"('0157-D-2012', 0)":null,"('0157-D-2012', 1)":null,"('0157-D-2012', 2)":"APROBADO","('0157-D-2012', 3)":null},"Link":{"('0157-D-2012', 0)":"https:\/\/www.hcdn.gob.ar\/proyectos\/textoCompleto.jsp?exp=0157-D-2012&tipo=DECLARACION","('0157-D-2012', 1)":null,"('0157-D-2012', 2)":null,"('0157-D-2012', 3)":null},"Palabra Clave":{"('0157-D-2012', 0)":" ","('0157-D-2012', 1)":null,"('0157-D-2012', 2)":null,"('0157-D-2012', 3)":null}}