{"Tipo de Proyecto":{"('0160-S-2012', 0)":"PROYECTO DE RESOLUCI\u00d3N","('0160-S-2012', 1)":null,"('0160-S-2012', 2)":null},"Iniciado en: ":{"('0160-S-2012', 0)":"Senado","('0160-S-2012', 1)":null,"('0160-S-2012', 2)":null},"Expediente Diputados: ":{"('0160-S-2012', 0)":"0160-S-2012","('0160-S-2012', 1)":null,"('0160-S-2012', 2)":null},"Expediente Senado: ":{"('0160-S-2012', 0)":"0172-OV-2012","('0160-S-2012', 1)":null,"('0160-S-2012', 2)":null},"Fecha: ":{"('0160-S-2012', 0)":"26\/09\/2012","('0160-S-2012', 1)":null,"('0160-S-2012', 2)":null},"T\u00edtulo":{"('0160-S-2012', 0)":"PEDIDO DE INFORMES AL PODER EJECUTIVO SOBRE LAS MEDIDAS ADOPTADAS PARA REGULARIZAR LAS OBSERVACIONES FORMULADAS POR LA AUDITORIA GENERAL DE LA NACION (77\/12), SOBRE AUDITORIA REFERIDA  AL SEGUIMIENTO DE LAS RECOMENDACIONES FORMULADAS LUEGO DE LA AUDITORIA DE GESTION INFORMATICA REALIZADA EN 2006 (ACTUACION 192\/2005, RESOLUCION AGN 76\/07) EN LA ADMINISTRACION NACIONAL DE LA SEGURIDAD SOCIAL (ANSES).","('0160-S-2012', 1)":null,"('0160-S-2012', 2)":null},"('Firmantes', 'FIRMANTE')":{"('0160-S-2012', 0)":"PARLAMENTARIA MIXTA REVISORA DE CUENTAS","('0160-S-2012', 1)":null,"('0160-S-2012', 2)":null},"('Firmantes', 'DISTRITO')":{"('0160-S-2012', 0)":null,"('0160-S-2012', 1)":null,"('0160-S-2012', 2)":null},"('Firmantes', 'BLOQUE')":{"('0160-S-2012', 0)":null,"('0160-S-2012', 1)":null,"('0160-S-2012', 2)":null},"('Giros', 'COMISI\u00d3N')":{"('0160-S-2012', 0)":"PARLAMENTARIA MIXTA REVISORA DE CUENTAS","('0160-S-2012', 1)":null,"('0160-S-2012', 2)":null},"('Tramites', 'C\u00c1MARA')":{"('0160-S-2012', 0)":"Senado","('0160-S-2012', 1)":"Diputados","('0160-S-2012', 2)":"Diputados"},"('Tramites', 'MOVIMIENTO')":{"('0160-S-2012', 0)":"CONSIDERACION Y APROBACION","('0160-S-2012', 1)":"PASA A DIPUTADOS -","('0160-S-2012', 2)":"CONSIDERACION Y APROBACION"},"('Tramites', 'FECHA')":{"('0160-S-2012', 0)":"14\/11\/2012","('0160-S-2012', 1)":null,"('0160-S-2012', 2)":"05\/06\/2013"},"('Tramites', 'RESULTADO')":{"('0160-S-2012', 0)":"APROBADO","('0160-S-2012', 1)":null,"('0160-S-2012', 2)":"APROBADO"},"Link":{"('0160-S-2012', 0)":"http:\/\/www.senado.gov.ar\/parlamentario\/comisiones\/verExp\/172.12\/OV\/PR","('0160-S-2012', 1)":null,"('0160-S-2012', 2)":null},"Palabra Clave":{"('0160-S-2012', 0)":" ","('0160-S-2012', 1)":null,"('0160-S-2012', 2)":null}}