{"Tipo de Proyecto":{"('0160-D-2012', 0)":"PROYECTO DE RESOLUCI\u00d3N","('0160-D-2012', 1)":null,"('0160-D-2012', 2)":null},"Iniciado en: ":{"('0160-D-2012', 0)":"Diputados","('0160-D-2012', 1)":null,"('0160-D-2012', 2)":null},"Expediente Diputados: ":{"('0160-D-2012', 0)":"0160-D-2012","('0160-D-2012', 1)":null,"('0160-D-2012', 2)":null},"Publicado en: ":{"('0160-D-2012', 0)":"Tr\u00e1mite Parlamentario N\u00b0 2","('0160-D-2012', 1)":null,"('0160-D-2012', 2)":null},"Fecha: ":{"('0160-D-2012', 0)":"05\/03\/2012","('0160-D-2012', 1)":null,"('0160-D-2012', 2)":null},"T\u00edtulo":{"('0160-D-2012', 0)":"CITAR AL TITULAR DE LA ADMINISTRACION FEDERAL DE INGRESOS PUBLICOS (AFIP), RICARDO ECHEGARAY, ANTE LAS COMISIONES DE FINANZAS Y JUSTICIA, PARA BRINDAR INFORMES SOBRE DIVERSAS CUESTIONES RELACIONADAS CON LA EX CICCONE CALCOGRAFICA.","('0160-D-2012', 1)":null,"('0160-D-2012', 2)":null},"('Firmantes', 'FIRMANTE')":{"('0160-D-2012', 0)":"BULLRICH, PATRICIA","('0160-D-2012', 1)":null,"('0160-D-2012', 2)":null},"('Firmantes', 'DISTRITO')":{"('0160-D-2012', 0)":"CIUDAD de BUENOS AIRES","('0160-D-2012', 1)":null,"('0160-D-2012', 2)":null},"('Firmantes', 'BLOQUE')":{"('0160-D-2012', 0)":"UNION POR TODOS","('0160-D-2012', 1)":null,"('0160-D-2012', 2)":null},"('Giros', 'COMISI\u00d3N')":{"('0160-D-2012', 0)":"PRESUPUESTO Y HACIENDA","('0160-D-2012', 1)":"FINANZAS","('0160-D-2012', 2)":"JUSTICIA"},"('Tramites', 'C\u00c1MARA')":{"('0160-D-2012', 0)":"Diputados","('0160-D-2012', 1)":null,"('0160-D-2012', 2)":null},"('Tramites', 'MOVIMIENTO')":{"('0160-D-2012', 0)":"SOLICITUD DE REPRODUCCION DEL PROYECTO PARA EL PERIODO 131 (2013), SEGUN LOS TERMINOS DEL ARTICULO 7 DE LA RESOLUCION DE LA HCD DEL 05\/06\/1996","('0160-D-2012', 1)":null,"('0160-D-2012', 2)":null},"('Tramites', 'FECHA')":{"('0160-D-2012', 0)":null,"('0160-D-2012', 1)":null,"('0160-D-2012', 2)":null},"('Tramites', 'RESULTADO')":{"('0160-D-2012', 0)":null,"('0160-D-2012', 1)":null,"('0160-D-2012', 2)":null},"Link":{"('0160-D-2012', 0)":"https:\/\/www.hcdn.gob.ar\/proyectos\/textoCompleto.jsp?exp=0160-D-2012&tipo=RESOLUCION","('0160-D-2012', 1)":null,"('0160-D-2012', 2)":null},"Palabra Clave":{"('0160-D-2012', 0)":" ","('0160-D-2012', 1)":null,"('0160-D-2012', 2)":null}}