{"Tipo de Proyecto":{"('0161-D-2012', 0)":"PROYECTO DE RESOLUCI\u00d3N"},"Iniciado en: ":{"('0161-D-2012', 0)":"Diputados"},"Expediente Diputados: ":{"('0161-D-2012', 0)":"0161-D-2012"},"Publicado en: ":{"('0161-D-2012', 0)":"Tr\u00e1mite Parlamentario N\u00b0 2"},"Fecha: ":{"('0161-D-2012', 0)":"05\/03\/2012"},"T\u00edtulo":{"('0161-D-2012', 0)":"CITAR A LA PRESIDENTA DEL BANCO CENTRAL DE LA REPUBLICA ARGENTINA (BCRA), MERCEDES MARCO DEL PONT, ANTE LA COMISION DE FINANZAS, PARA BRINDAR INFORMES SOBRE LA LICITACION PARA LA IMPRESION DE SEISCIENTOS MILLONES DE BILLETES CON EL VALOR DE $100 PESOS."},"('Firmantes', 'FIRMANTE')":{"('0161-D-2012', 0)":"BULLRICH, PATRICIA"},"('Firmantes', 'DISTRITO')":{"('0161-D-2012', 0)":"CIUDAD de BUENOS AIRES"},"('Firmantes', 'BLOQUE')":{"('0161-D-2012', 0)":"UNION POR TODOS"},"('Giros', 'COMISI\u00d3N')":{"('0161-D-2012', 0)":"FINANZAS"},"Link":{"('0161-D-2012', 0)":"https:\/\/www.hcdn.gob.ar\/proyectos\/textoCompleto.jsp?exp=0161-D-2012&tipo=RESOLUCION"},"Palabra Clave":{"('0161-D-2012', 0)":" "}}