{"Tipo de Proyecto":{"('0162-S-2012', 0)":"PROYECTO DE RESOLUCI\u00d3N","('0162-S-2012', 1)":null,"('0162-S-2012', 2)":null},"Iniciado en: ":{"('0162-S-2012', 0)":"Senado","('0162-S-2012', 1)":null,"('0162-S-2012', 2)":null},"Expediente Diputados: ":{"('0162-S-2012', 0)":"0162-S-2012","('0162-S-2012', 1)":null,"('0162-S-2012', 2)":null},"Expediente Senado: ":{"('0162-S-2012', 0)":"0193-OV-2012","('0162-S-2012', 1)":null,"('0162-S-2012', 2)":null},"Fecha: ":{"('0162-S-2012', 0)":"26\/09\/2012","('0162-S-2012', 1)":null,"('0162-S-2012', 2)":null},"T\u00edtulo":{"('0162-S-2012', 0)":"PEDIDO DE INFORMES AL PODER EJECUTIVO SOBRE LAS MEDIDAS ADOPTADAS PARA REGULARIZAR LAS OBSERVACIONES FORMULADAS POR LA AUDITORIA GENERAL DE LA NACION (83\/12), SOBRE LA AUDITORIA DE GESTION REFERIDA AL INSTITUTO NACIONAL DE ASUNTOS INDIGENAS -PROGRAMA 16- ATENCION Y DESARROLLO DE POBLACIONES INDIGENAS Y DE LAS ACCIONES LLEVADAS A CABO AL EFECTO DURANTE EL EJERCICIO 2010.","('0162-S-2012', 1)":null,"('0162-S-2012', 2)":null},"('Firmantes', 'FIRMANTE')":{"('0162-S-2012', 0)":"PARLAMENTARIA MIXTA REVISORA DE CUENTAS","('0162-S-2012', 1)":null,"('0162-S-2012', 2)":null},"('Firmantes', 'DISTRITO')":{"('0162-S-2012', 0)":null,"('0162-S-2012', 1)":null,"('0162-S-2012', 2)":null},"('Firmantes', 'BLOQUE')":{"('0162-S-2012', 0)":null,"('0162-S-2012', 1)":null,"('0162-S-2012', 2)":null},"('Giros', 'COMISI\u00d3N')":{"('0162-S-2012', 0)":"PARLAMENTARIA MIXTA REVISORA DE CUENTAS","('0162-S-2012', 1)":null,"('0162-S-2012', 2)":null},"('Tramites', 'C\u00c1MARA')":{"('0162-S-2012', 0)":"Senado","('0162-S-2012', 1)":"Diputados","('0162-S-2012', 2)":"Diputados"},"('Tramites', 'MOVIMIENTO')":{"('0162-S-2012', 0)":"CONSIDERACION Y APROBACION","('0162-S-2012', 1)":"PASA A DIPUTADOS -","('0162-S-2012', 2)":"CONSIDERACION Y APROBACION"},"('Tramites', 'FECHA')":{"('0162-S-2012', 0)":"14\/11\/2012","('0162-S-2012', 1)":null,"('0162-S-2012', 2)":"05\/06\/2013"},"('Tramites', 'RESULTADO')":{"('0162-S-2012', 0)":"APROBADO","('0162-S-2012', 1)":null,"('0162-S-2012', 2)":"APROBADO"},"Link":{"('0162-S-2012', 0)":"http:\/\/www.senado.gov.ar\/parlamentario\/comisiones\/verExp\/193.12\/OV\/PR","('0162-S-2012', 1)":null,"('0162-S-2012', 2)":null},"Palabra Clave":{"('0162-S-2012', 0)":" ","('0162-S-2012', 1)":null,"('0162-S-2012', 2)":null}}