{"Tipo de Proyecto":{"('0163-D-2012', 0)":"PROYECTO DE RESOLUCI\u00d3N","('0163-D-2012', 1)":null,"('0163-D-2012', 2)":null,"('0163-D-2012', 3)":null},"Iniciado en: ":{"('0163-D-2012', 0)":"Diputados","('0163-D-2012', 1)":null,"('0163-D-2012', 2)":null,"('0163-D-2012', 3)":null},"Expediente Diputados: ":{"('0163-D-2012', 0)":"0163-D-2012","('0163-D-2012', 1)":null,"('0163-D-2012', 2)":null,"('0163-D-2012', 3)":null},"Publicado en: ":{"('0163-D-2012', 0)":"Tr\u00e1mite Parlamentario N\u00b0 2","('0163-D-2012', 1)":null,"('0163-D-2012', 2)":null,"('0163-D-2012', 3)":null},"Fecha: ":{"('0163-D-2012', 0)":"05\/03\/2012","('0163-D-2012', 1)":null,"('0163-D-2012', 2)":null,"('0163-D-2012', 3)":null},"T\u00edtulo":{"('0163-D-2012', 0)":"PEDIDO DE INFORMES VERBALES AL SE\u00d1OR MINISTRO DE DEFENSA DE LA NACION, ABOGADO ARTURO ANTONIO PURICELLI, SOBRE LOS FUNDAMENTOS POR LOS CUALES EL CAPITAN DE FRAGATA MARCELO O TOULEMONDE ES PASADO A RETIRO OBLIGATORIO.","('0163-D-2012', 1)":null,"('0163-D-2012', 2)":null,"('0163-D-2012', 3)":null},"('Firmantes', 'FIRMANTE')":{"('0163-D-2012', 0)":"BULLRICH, PATRICIA","('0163-D-2012', 1)":"MILMAN, GERARDO FABIAN","('0163-D-2012', 2)":"PINEDO, FEDERICO","('0163-D-2012', 3)":"AMADEO, EDUARDO PABLO"},"('Firmantes', 'DISTRITO')":{"('0163-D-2012', 0)":"CIUDAD de BUENOS AIRES","('0163-D-2012', 1)":"BUENOS AIRES","('0163-D-2012', 2)":"CIUDAD de BUENOS AIRES","('0163-D-2012', 3)":"BUENOS AIRES"},"('Firmantes', 'BLOQUE')":{"('0163-D-2012', 0)":"UNION POR TODOS","('0163-D-2012', 1)":"GEN","('0163-D-2012', 2)":"PRO","('0163-D-2012', 3)":"FRENTE PERONISTA"},"('Giros', 'COMISI\u00d3N')":{"('0163-D-2012', 0)":"DEFENSA NACIONAL","('0163-D-2012', 1)":"ASUNTOS CONSTITUCIONALES","('0163-D-2012', 2)":null,"('0163-D-2012', 3)":null},"Link":{"('0163-D-2012', 0)":"https:\/\/www.hcdn.gob.ar\/proyectos\/textoCompleto.jsp?exp=0163-D-2012&tipo=RESOLUCION","('0163-D-2012', 1)":null,"('0163-D-2012', 2)":null,"('0163-D-2012', 3)":null},"Palabra Clave":{"('0163-D-2012', 0)":" ","('0163-D-2012', 1)":null,"('0163-D-2012', 2)":null,"('0163-D-2012', 3)":null}}