{"Tipo de Proyecto":{"('0164-D-2012', 0)":"PROYECTO DE DECLARACI\u00d3N","('0164-D-2012', 1)":null,"('0164-D-2012', 2)":null},"Iniciado en: ":{"('0164-D-2012', 0)":"Diputados","('0164-D-2012', 1)":null,"('0164-D-2012', 2)":null},"Expediente Diputados: ":{"('0164-D-2012', 0)":"0164-D-2012","('0164-D-2012', 1)":null,"('0164-D-2012', 2)":null},"Publicado en: ":{"('0164-D-2012', 0)":"Tr\u00e1mite Parlamentario N\u00b0 2","('0164-D-2012', 1)":null,"('0164-D-2012', 2)":null},"Fecha: ":{"('0164-D-2012', 0)":"05\/03\/2012","('0164-D-2012', 1)":null,"('0164-D-2012', 2)":null},"T\u00edtulo":{"('0164-D-2012', 0)":"EXPRESAR BENEPLACITO POR EL LANZAMIENTO DEL PROGRAMA \"CERCA DE CASA\", DESARROLLADO EL DIA 1 DE MARZO DE 2012 EN LA CASA DE LA PROVINCIA DE ENTRE RIOS, CIUDAD AUTONOMA DE BUENOS AIRES.","('0164-D-2012', 1)":null,"('0164-D-2012', 2)":null},"('Firmantes', 'FIRMANTE')":{"('0164-D-2012', 0)":"ELORRIAGA, OSVALDO ENRIQUE","('0164-D-2012', 1)":"RIOS, LILIANA MARIA","('0164-D-2012', 2)":"SOLANAS, JULIO RODOLFO"},"('Firmantes', 'DISTRITO')":{"('0164-D-2012', 0)":"ENTRE RIOS","('0164-D-2012', 1)":"ENTRE RIOS","('0164-D-2012', 2)":"ENTRE RIOS"},"('Firmantes', 'BLOQUE')":{"('0164-D-2012', 0)":"FRENTE PARA LA VICTORIA - PJ","('0164-D-2012', 1)":"FRENTE PARA LA VICTORIA - PJ","('0164-D-2012', 2)":"FRENTE PARA LA VICTORIA - PJ"},"('Giros', 'COMISI\u00d3N')":{"('0164-D-2012', 0)":"LEGISLACION GENERAL","('0164-D-2012', 1)":null,"('0164-D-2012', 2)":null},"Link":{"('0164-D-2012', 0)":"https:\/\/www.hcdn.gob.ar\/proyectos\/textoCompleto.jsp?exp=0164-D-2012&tipo=DECLARACION","('0164-D-2012', 1)":null,"('0164-D-2012', 2)":null},"Palabra Clave":{"('0164-D-2012', 0)":" ","('0164-D-2012', 1)":null,"('0164-D-2012', 2)":null}}