{"Tipo de Proyecto":{"('0165-D-2012', 0)":"PROYECTO DE DECLARACI\u00d3N","('0165-D-2012', 1)":null,"('0165-D-2012', 2)":null},"Iniciado en: ":{"('0165-D-2012', 0)":"Diputados","('0165-D-2012', 1)":null,"('0165-D-2012', 2)":null},"Expediente Diputados: ":{"('0165-D-2012', 0)":"0165-D-2012","('0165-D-2012', 1)":null,"('0165-D-2012', 2)":null},"Publicado en: ":{"('0165-D-2012', 0)":"Tr\u00e1mite Parlamentario N\u00b0 2","('0165-D-2012', 1)":null,"('0165-D-2012', 2)":null},"Fecha: ":{"('0165-D-2012', 0)":"05\/03\/2012","('0165-D-2012', 1)":null,"('0165-D-2012', 2)":null},"T\u00edtulo":{"('0165-D-2012', 0)":"EXPRESAR BENEPLACITO POR EL \"ACTO POR LA MEMORIA, LA VERDAD Y LA JUSTICIA, NUNCA MAS\", A REALIZARSE DEL 22 AL 24 DE MARZO DE 2012 EN LA PROVINCIA DE ENTRE RIOS.","('0165-D-2012', 1)":null,"('0165-D-2012', 2)":null},"('Firmantes', 'FIRMANTE')":{"('0165-D-2012', 0)":"ELORRIAGA, OSVALDO ENRIQUE","('0165-D-2012', 1)":"SOLANAS, JULIO RODOLFO","('0165-D-2012', 2)":"RIOS, LILIANA MARIA"},"('Firmantes', 'DISTRITO')":{"('0165-D-2012', 0)":"ENTRE RIOS","('0165-D-2012', 1)":"ENTRE RIOS","('0165-D-2012', 2)":"ENTRE RIOS"},"('Firmantes', 'BLOQUE')":{"('0165-D-2012', 0)":"FRENTE PARA LA VICTORIA - PJ","('0165-D-2012', 1)":"FRENTE PARA LA VICTORIA - PJ","('0165-D-2012', 2)":"FRENTE PARA LA VICTORIA - PJ"},"('Giros', 'COMISI\u00d3N')":{"('0165-D-2012', 0)":"DERECHOS HUMANOS Y GARANTIAS","('0165-D-2012', 1)":null,"('0165-D-2012', 2)":null},"('Tramites', 'C\u00c1MARA')":{"('0165-D-2012', 0)":"Diputados","('0165-D-2012', 1)":null,"('0165-D-2012', 2)":null},"('Tramites', 'MOVIMIENTO')":{"('0165-D-2012', 0)":"APROBACION ARTICULO 114 DEL REGLAMENTO DE LA H CAMARA DE DIPUTADOS; COMUNICADO EL 19\/04\/2012","('0165-D-2012', 1)":null,"('0165-D-2012', 2)":null},"('Tramites', 'FECHA')":{"('0165-D-2012', 0)":null,"('0165-D-2012', 1)":null,"('0165-D-2012', 2)":null},"('Tramites', 'RESULTADO')":{"('0165-D-2012', 0)":"APROBADO","('0165-D-2012', 1)":null,"('0165-D-2012', 2)":null},"Link":{"('0165-D-2012', 0)":"https:\/\/www.hcdn.gob.ar\/proyectos\/textoCompleto.jsp?exp=0165-D-2012&tipo=DECLARACION","('0165-D-2012', 1)":null,"('0165-D-2012', 2)":null},"Palabra Clave":{"('0165-D-2012', 0)":" ","('0165-D-2012', 1)":null,"('0165-D-2012', 2)":null}}