{"Tipo de Proyecto":{"('0165-S-2012', 0)":"PROYECTO DE RESOLUCI\u00d3N","('0165-S-2012', 1)":null,"('0165-S-2012', 2)":null,"('0165-S-2012', 3)":null},"Iniciado en: ":{"('0165-S-2012', 0)":"Senado","('0165-S-2012', 1)":null,"('0165-S-2012', 2)":null,"('0165-S-2012', 3)":null},"Expediente Diputados: ":{"('0165-S-2012', 0)":"0165-S-2012","('0165-S-2012', 1)":null,"('0165-S-2012', 2)":null,"('0165-S-2012', 3)":null},"Expediente Senado: ":{"('0165-S-2012', 0)":"0132-OV-2012","('0165-S-2012', 1)":null,"('0165-S-2012', 2)":null,"('0165-S-2012', 3)":null},"Fecha: ":{"('0165-S-2012', 0)":"26\/09\/2012","('0165-S-2012', 1)":null,"('0165-S-2012', 2)":null,"('0165-S-2012', 3)":null},"T\u00edtulo":{"('0165-S-2012', 0)":"DICTAMEN EN LA RESOLUCION REMITIDA POR LA AUDITORIA GENERAL DE LA NACION (58\/12), SOBRE EL INFORME REFERIDO A LOS ESTADOS FINANCIEROS AL 31\/12\/11 CORRESPONDIENTES AL PROGRAMA DE GESTION AMBIENTAL PARA UNA PRODUCCION SUSTENTABLE EN EL SECTOR PRODUCTIVO - SUBPROGRAMA II - GESTION AMBIENTAL MINERA, Y ESTADOS FINANCIEROS AL 31\/12\/11 CORRESPONDIENTES A GESTION MINERA PARA LA PRODUCCION SUSTENTABLE, PNUD ARG\/07\/008 - CONVENIO DE PRESTAMO 1865\/OC-AR BID.","('0165-S-2012', 1)":null,"('0165-S-2012', 2)":null,"('0165-S-2012', 3)":null},"('Firmantes', 'FIRMANTE')":{"('0165-S-2012', 0)":"PARLAMENTARIA MIXTA REVISORA DE CUENTAS","('0165-S-2012', 1)":null,"('0165-S-2012', 2)":null,"('0165-S-2012', 3)":null},"('Firmantes', 'DISTRITO')":{"('0165-S-2012', 0)":null,"('0165-S-2012', 1)":null,"('0165-S-2012', 2)":null,"('0165-S-2012', 3)":null},"('Firmantes', 'BLOQUE')":{"('0165-S-2012', 0)":null,"('0165-S-2012', 1)":null,"('0165-S-2012', 2)":null,"('0165-S-2012', 3)":null},"('Giros', 'COMISI\u00d3N')":{"('0165-S-2012', 0)":"PARLAMENTARIA MIXTA REVISORA DE CUENTAS","('0165-S-2012', 1)":null,"('0165-S-2012', 2)":null,"('0165-S-2012', 3)":null},"('Tramites', 'C\u00c1MARA')":{"('0165-S-2012', 0)":"Senado","('0165-S-2012', 1)":"Diputados","('0165-S-2012', 2)":"Diputados","('0165-S-2012', 3)":"Senado"},"('Tramites', 'MOVIMIENTO')":{"('0165-S-2012', 0)":"CONSIDERACION Y APROBACION","('0165-S-2012', 1)":"PASA A DIPUTADOS -","('0165-S-2012', 2)":"CONSIDERACION Y APROBACION","('0165-S-2012', 3)":"CONTESTACION DEL PODER EJECUTIVO NACIONAL - JEFE DE GABINETE DE MINISTROS - GIRADO A LA COMISION RESPECTIVA"},"('Tramites', 'FECHA')":{"('0165-S-2012', 0)":"14\/11\/2012","('0165-S-2012', 1)":null,"('0165-S-2012', 2)":"05\/06\/2013","('0165-S-2012', 3)":"24\/04\/2013"},"('Tramites', 'RESULTADO')":{"('0165-S-2012', 0)":"APROBADO","('0165-S-2012', 1)":null,"('0165-S-2012', 2)":"APROBADO","('0165-S-2012', 3)":null},"Sumario":{"('0165-S-2012', 0)":"HABIENDO TOMADO CONOCIMIENTO, Y SIN PERJUICIO DE ULTERIORES MEDIDAS QUE PUEDAN ADOPTARSE, SE ACONSEJA SU REMISION AL ARCHIVO.","('0165-S-2012', 1)":null,"('0165-S-2012', 2)":null,"('0165-S-2012', 3)":null},"Palabra Clave":{"('0165-S-2012', 0)":" ","('0165-S-2012', 1)":null,"('0165-S-2012', 2)":null,"('0165-S-2012', 3)":null}}