{"Tipo de Proyecto":{"('0167-S-2012', 0)":"PROYECTO DE RESOLUCI\u00d3N","('0167-S-2012', 1)":null,"('0167-S-2012', 2)":null,"('0167-S-2012', 3)":null,"('0167-S-2012', 4)":null},"Iniciado en: ":{"('0167-S-2012', 0)":"Senado","('0167-S-2012', 1)":null,"('0167-S-2012', 2)":null,"('0167-S-2012', 3)":null,"('0167-S-2012', 4)":null},"Expediente Diputados: ":{"('0167-S-2012', 0)":"0167-S-2012","('0167-S-2012', 1)":null,"('0167-S-2012', 2)":null,"('0167-S-2012', 3)":null,"('0167-S-2012', 4)":null},"Expediente Senado: ":{"('0167-S-2012', 0)":"0070-OV-2012","('0167-S-2012', 1)":null,"('0167-S-2012', 2)":null,"('0167-S-2012', 3)":null,"('0167-S-2012', 4)":null},"Fecha: ":{"('0167-S-2012', 0)":"26\/09\/2012","('0167-S-2012', 1)":null,"('0167-S-2012', 2)":null,"('0167-S-2012', 3)":null,"('0167-S-2012', 4)":null},"T\u00edtulo":{"('0167-S-2012', 0)":"PEDIDO DE INFORMES AL PODER EJECUTIVO SOBRE LAS MEDIDAS ADOPTADAS PARA REGULARIZAR LAS OBSERVACIONES FORMULADAS POR LA AUDITORIA GENERAL DE LA NACION (RESOLUCION 40\/12), RESPECTO DEL MEMORANDO SOBRE EL SISTEMA DE CONTROL INTERNO REFERIDO AL BANCO DE INVERSION Y COMERCIO EXTERIOR SA, ESTADOS CONTABLES AL 31\/12\/11.","('0167-S-2012', 1)":null,"('0167-S-2012', 2)":null,"('0167-S-2012', 3)":null,"('0167-S-2012', 4)":null},"('Firmantes', 'FIRMANTE')":{"('0167-S-2012', 0)":"PARLAMENTARIA MIXTA REVISORA DE CUENTAS","('0167-S-2012', 1)":null,"('0167-S-2012', 2)":null,"('0167-S-2012', 3)":null,"('0167-S-2012', 4)":null},"('Firmantes', 'DISTRITO')":{"('0167-S-2012', 0)":null,"('0167-S-2012', 1)":null,"('0167-S-2012', 2)":null,"('0167-S-2012', 3)":null,"('0167-S-2012', 4)":null},"('Firmantes', 'BLOQUE')":{"('0167-S-2012', 0)":null,"('0167-S-2012', 1)":null,"('0167-S-2012', 2)":null,"('0167-S-2012', 3)":null,"('0167-S-2012', 4)":null},"('Giros', 'COMISI\u00d3N')":{"('0167-S-2012', 0)":"PARLAMENTARIA MIXTA REVISORA DE CUENTAS","('0167-S-2012', 1)":null,"('0167-S-2012', 2)":null,"('0167-S-2012', 3)":null,"('0167-S-2012', 4)":null},"('Tramites', 'C\u00c1MARA')":{"('0167-S-2012', 0)":"Senado","('0167-S-2012', 1)":"Diputados","('0167-S-2012', 2)":"Diputados","('0167-S-2012', 3)":"Senado","('0167-S-2012', 4)":"Senado"},"('Tramites', 'MOVIMIENTO')":{"('0167-S-2012', 0)":"CONSIDERACION Y APROBACION","('0167-S-2012', 1)":"PASA A DIPUTADOS -","('0167-S-2012', 2)":"CONSIDERACION Y APROBACION","('0167-S-2012', 3)":"CONTESTACION DEL PODER EJECUTIVO NACIONAL - GIRADO A LA COMISION RESPECTIVA","('0167-S-2012', 4)":"CONTESTACION DEL PODER EJECUTIVO NACIONAL - GIRADO A LA COMISION RESPECTIVA"},"('Tramites', 'FECHA')":{"('0167-S-2012', 0)":"14\/11\/2012","('0167-S-2012', 1)":null,"('0167-S-2012', 2)":"05\/06\/2013","('0167-S-2012', 3)":"28\/05\/2014","('0167-S-2012', 4)":"17\/09\/2014"},"('Tramites', 'RESULTADO')":{"('0167-S-2012', 0)":"APROBADO","('0167-S-2012', 1)":null,"('0167-S-2012', 2)":"APROBADO","('0167-S-2012', 3)":null,"('0167-S-2012', 4)":null},"Link":{"('0167-S-2012', 0)":"http:\/\/www.senado.gov.ar\/parlamentario\/comisiones\/verExp\/70.12\/OV\/PR","('0167-S-2012', 1)":null,"('0167-S-2012', 2)":null,"('0167-S-2012', 3)":null,"('0167-S-2012', 4)":null},"Palabra Clave":{"('0167-S-2012', 0)":" ","('0167-S-2012', 1)":null,"('0167-S-2012', 2)":null,"('0167-S-2012', 3)":null,"('0167-S-2012', 4)":null}}