{"Tipo de Proyecto":{"('0168-D-2012', 0)":"PROYECTO DE RESOLUCI\u00d3N","('0168-D-2012', 1)":null,"('0168-D-2012', 2)":null,"('0168-D-2012', 3)":null,"('0168-D-2012', 4)":null,"('0168-D-2012', 5)":null,"('0168-D-2012', 6)":null,"('0168-D-2012', 7)":null,"('0168-D-2012', 8)":null,"('0168-D-2012', 9)":null,"('0168-D-2012', 10)":null,"('0168-D-2012', 11)":null,"('0168-D-2012', 12)":null,"('0168-D-2012', 13)":null},"Iniciado en: ":{"('0168-D-2012', 0)":"Diputados","('0168-D-2012', 1)":null,"('0168-D-2012', 2)":null,"('0168-D-2012', 3)":null,"('0168-D-2012', 4)":null,"('0168-D-2012', 5)":null,"('0168-D-2012', 6)":null,"('0168-D-2012', 7)":null,"('0168-D-2012', 8)":null,"('0168-D-2012', 9)":null,"('0168-D-2012', 10)":null,"('0168-D-2012', 11)":null,"('0168-D-2012', 12)":null,"('0168-D-2012', 13)":null},"Expediente Diputados: ":{"('0168-D-2012', 0)":"0168-D-2012","('0168-D-2012', 1)":null,"('0168-D-2012', 2)":null,"('0168-D-2012', 3)":null,"('0168-D-2012', 4)":null,"('0168-D-2012', 5)":null,"('0168-D-2012', 6)":null,"('0168-D-2012', 7)":null,"('0168-D-2012', 8)":null,"('0168-D-2012', 9)":null,"('0168-D-2012', 10)":null,"('0168-D-2012', 11)":null,"('0168-D-2012', 12)":null,"('0168-D-2012', 13)":null},"Publicado en: ":{"('0168-D-2012', 0)":"Tr\u00e1mite Parlamentario N\u00b0 2","('0168-D-2012', 1)":null,"('0168-D-2012', 2)":null,"('0168-D-2012', 3)":null,"('0168-D-2012', 4)":null,"('0168-D-2012', 5)":null,"('0168-D-2012', 6)":null,"('0168-D-2012', 7)":null,"('0168-D-2012', 8)":null,"('0168-D-2012', 9)":null,"('0168-D-2012', 10)":null,"('0168-D-2012', 11)":null,"('0168-D-2012', 12)":null,"('0168-D-2012', 13)":null},"Fecha: ":{"('0168-D-2012', 0)":"05\/03\/2012","('0168-D-2012', 1)":null,"('0168-D-2012', 2)":null,"('0168-D-2012', 3)":null,"('0168-D-2012', 4)":null,"('0168-D-2012', 5)":null,"('0168-D-2012', 6)":null,"('0168-D-2012', 7)":null,"('0168-D-2012', 8)":null,"('0168-D-2012', 9)":null,"('0168-D-2012', 10)":null,"('0168-D-2012', 11)":null,"('0168-D-2012', 12)":null,"('0168-D-2012', 13)":null},"T\u00edtulo":{"('0168-D-2012', 0)":"DECLARAR VISITANTE ILUSTRE DE LA HONORABLE CAMARA DE DIPUTADOS DE LA NACION AL DOCTOR BALTASAR GARZON POR SU INCLAUDICABLE DEFENSA DE LOS DERECHOS HUMANOS.","('0168-D-2012', 1)":null,"('0168-D-2012', 2)":null,"('0168-D-2012', 3)":null,"('0168-D-2012', 4)":null,"('0168-D-2012', 5)":null,"('0168-D-2012', 6)":null,"('0168-D-2012', 7)":null,"('0168-D-2012', 8)":null,"('0168-D-2012', 9)":null,"('0168-D-2012', 10)":null,"('0168-D-2012', 11)":null,"('0168-D-2012', 12)":null,"('0168-D-2012', 13)":null},"('Firmantes', 'FIRMANTE')":{"('0168-D-2012', 0)":"DOMINGUEZ, JULIAN ANDRES","('0168-D-2012', 1)":"CUCCOVILLO, RICARDO OSCAR","('0168-D-2012', 2)":"CONTI, DIANA BEATRIZ","('0168-D-2012', 3)":"CORTINA, ROY","('0168-D-2012', 4)":"CARLOTTO, REMO GERARDO","('0168-D-2012', 5)":"LANDAU, JORGE ALBERTO","('0168-D-2012', 6)":"DE PEDRO, EDUARDO ENRIQUE","('0168-D-2012', 7)":"SEGARRA, ADELA ROSA","('0168-D-2012', 8)":"SABBATELLA, MARTIN","('0168-D-2012', 9)":"LOZANO, CLAUDIO RAUL","('0168-D-2012', 10)":"PERIE, JULIA ARGENTINA","('0168-D-2012', 11)":"PIETRAGALLA CORTI, HORACIO","('0168-D-2012', 12)":"MORENO, CARLOS JULIO","('0168-D-2012', 13)":"GARCIA, MARIA TERESA"},"('Firmantes', 'DISTRITO')":{"('0168-D-2012', 0)":"BUENOS AIRES","('0168-D-2012', 1)":"BUENOS AIRES","('0168-D-2012', 2)":"BUENOS AIRES","('0168-D-2012', 3)":"CIUDAD de BUENOS AIRES","('0168-D-2012', 4)":"BUENOS AIRES","('0168-D-2012', 5)":"BUENOS AIRES","('0168-D-2012', 6)":"BUENOS AIRES","('0168-D-2012', 7)":"BUENOS AIRES","('0168-D-2012', 8)":"BUENOS AIRES","('0168-D-2012', 9)":"CIUDAD de BUENOS AIRES","('0168-D-2012', 10)":"MISIONES","('0168-D-2012', 11)":"BUENOS AIRES","('0168-D-2012', 12)":"BUENOS AIRES","('0168-D-2012', 13)":"BUENOS AIRES"},"('Firmantes', 'BLOQUE')":{"('0168-D-2012', 0)":"FRENTE PARA LA VICTORIA - PJ","('0168-D-2012', 1)":"PARTIDO SOCIALISTA","('0168-D-2012', 2)":"FRENTE PARA LA VICTORIA - PJ","('0168-D-2012', 3)":"PARTIDO SOCIALISTA","('0168-D-2012', 4)":"FRENTE PARA LA VICTORIA - PJ","('0168-D-2012', 5)":"FRENTE PARA LA VICTORIA - PJ","('0168-D-2012', 6)":"FRENTE PARA LA VICTORIA - PJ","('0168-D-2012', 7)":"FRENTE PARA LA VICTORIA - PJ","('0168-D-2012', 8)":"NUEVO ENCUENTRO","('0168-D-2012', 9)":"UNIDAD POPULAR","('0168-D-2012', 10)":"FRENTE PARA LA VICTORIA - PJ","('0168-D-2012', 11)":"FRENTE PARA LA VICTORIA - PJ","('0168-D-2012', 12)":"FRENTE PARA LA VICTORIA - PJ","('0168-D-2012', 13)":"FRENTE PARA LA VICTORIA - PJ"},"('Giros', 'COMISI\u00d3N')":{"('0168-D-2012', 0)":"DERECHOS HUMANOS Y GARANTIAS","('0168-D-2012', 1)":null,"('0168-D-2012', 2)":null,"('0168-D-2012', 3)":null,"('0168-D-2012', 4)":null,"('0168-D-2012', 5)":null,"('0168-D-2012', 6)":null,"('0168-D-2012', 7)":null,"('0168-D-2012', 8)":null,"('0168-D-2012', 9)":null,"('0168-D-2012', 10)":null,"('0168-D-2012', 11)":null,"('0168-D-2012', 12)":null,"('0168-D-2012', 13)":null},"('Tramites', 'C\u00c1MARA')":{"('0168-D-2012', 0)":"Diputados","('0168-D-2012', 1)":null,"('0168-D-2012', 2)":null,"('0168-D-2012', 3)":null,"('0168-D-2012', 4)":null,"('0168-D-2012', 5)":null,"('0168-D-2012', 6)":null,"('0168-D-2012', 7)":null,"('0168-D-2012', 8)":null,"('0168-D-2012', 9)":null,"('0168-D-2012', 10)":null,"('0168-D-2012', 11)":null,"('0168-D-2012', 12)":null,"('0168-D-2012', 13)":null},"('Tramites', 'MOVIMIENTO')":{"('0168-D-2012', 0)":"APROBACION ARTICULO 114 DEL REGLAMENTO DE LA H CAMARA DE DIPUTADOS; COMUNICADO EL 19\/04\/2012","('0168-D-2012', 1)":null,"('0168-D-2012', 2)":null,"('0168-D-2012', 3)":null,"('0168-D-2012', 4)":null,"('0168-D-2012', 5)":null,"('0168-D-2012', 6)":null,"('0168-D-2012', 7)":null,"('0168-D-2012', 8)":null,"('0168-D-2012', 9)":null,"('0168-D-2012', 10)":null,"('0168-D-2012', 11)":null,"('0168-D-2012', 12)":null,"('0168-D-2012', 13)":null},"('Tramites', 'FECHA')":{"('0168-D-2012', 0)":null,"('0168-D-2012', 1)":null,"('0168-D-2012', 2)":null,"('0168-D-2012', 3)":null,"('0168-D-2012', 4)":null,"('0168-D-2012', 5)":null,"('0168-D-2012', 6)":null,"('0168-D-2012', 7)":null,"('0168-D-2012', 8)":null,"('0168-D-2012', 9)":null,"('0168-D-2012', 10)":null,"('0168-D-2012', 11)":null,"('0168-D-2012', 12)":null,"('0168-D-2012', 13)":null},"('Tramites', 'RESULTADO')":{"('0168-D-2012', 0)":"APROBADO","('0168-D-2012', 1)":null,"('0168-D-2012', 2)":null,"('0168-D-2012', 3)":null,"('0168-D-2012', 4)":null,"('0168-D-2012', 5)":null,"('0168-D-2012', 6)":null,"('0168-D-2012', 7)":null,"('0168-D-2012', 8)":null,"('0168-D-2012', 9)":null,"('0168-D-2012', 10)":null,"('0168-D-2012', 11)":null,"('0168-D-2012', 12)":null,"('0168-D-2012', 13)":null},"Link":{"('0168-D-2012', 0)":"https:\/\/www4.hcdn.gob.ar\/dependencias\/dsecretaria\/Periodo2012\/PDF2012\/TP2012\/0168-D-12.pdf","('0168-D-2012', 1)":null,"('0168-D-2012', 2)":null,"('0168-D-2012', 3)":null,"('0168-D-2012', 4)":null,"('0168-D-2012', 5)":null,"('0168-D-2012', 6)":null,"('0168-D-2012', 7)":null,"('0168-D-2012', 8)":null,"('0168-D-2012', 9)":null,"('0168-D-2012', 10)":null,"('0168-D-2012', 11)":null,"('0168-D-2012', 12)":null,"('0168-D-2012', 13)":null},"Palabra Clave":{"('0168-D-2012', 0)":" ","('0168-D-2012', 1)":null,"('0168-D-2012', 2)":null,"('0168-D-2012', 3)":null,"('0168-D-2012', 4)":null,"('0168-D-2012', 5)":null,"('0168-D-2012', 6)":null,"('0168-D-2012', 7)":null,"('0168-D-2012', 8)":null,"('0168-D-2012', 9)":null,"('0168-D-2012', 10)":null,"('0168-D-2012', 11)":null,"('0168-D-2012', 12)":null,"('0168-D-2012', 13)":null}}