{"Tipo de Proyecto":{"('0168-S-2012', 0)":"PROYECTO DE RESOLUCI\u00d3N","('0168-S-2012', 1)":null,"('0168-S-2012', 2)":null},"Iniciado en: ":{"('0168-S-2012', 0)":"Senado","('0168-S-2012', 1)":null,"('0168-S-2012', 2)":null},"Expediente Diputados: ":{"('0168-S-2012', 0)":"0168-S-2012","('0168-S-2012', 1)":null,"('0168-S-2012', 2)":null},"Expediente Senado: ":{"('0168-S-2012', 0)":"0013-OV-2012","('0168-S-2012', 1)":null,"('0168-S-2012', 2)":null},"Fecha: ":{"('0168-S-2012', 0)":"26\/09\/2012","('0168-S-2012', 1)":null,"('0168-S-2012', 2)":null},"T\u00edtulo":{"('0168-S-2012', 0)":"PEDIDO DE INFORMES AL PODER EJECUTIVO SOBRE LAS MEDIDAS ADOPTADAS PARA REGULARIZAR LAS OBSERVACIONES FORMULADAS POR LA AUDITORIA GENERAL DE LA NACION (22\/12), EN SU INFORME REALIZADO EN EL AMBITO DE LA SECRETARIA DE AMBIENTE Y DESARROLLO SUSTENTABLE, EFECTUANDO EL SEGUIMIENTO DE LA ACTUACION 688\/05 AGN, APROBADA POR RESOLUCION 122\/07 AGN, CUYO OBJETO FUE LA GESTION EN MATERIA DE PROGRAMAS NACIONALES Y ACCIONES IMPLEMENTADOS EN EL MARCO DEL CONVENIO DE CAMBIO CLIMATICO, PERIODO AUDITADO DE 2007 A AGOSTO DE 2010.","('0168-S-2012', 1)":null,"('0168-S-2012', 2)":null},"('Firmantes', 'FIRMANTE')":{"('0168-S-2012', 0)":"PARLAMENTARIA MIXTA REVISORA DE CUENTAS","('0168-S-2012', 1)":null,"('0168-S-2012', 2)":null},"('Firmantes', 'DISTRITO')":{"('0168-S-2012', 0)":null,"('0168-S-2012', 1)":null,"('0168-S-2012', 2)":null},"('Firmantes', 'BLOQUE')":{"('0168-S-2012', 0)":null,"('0168-S-2012', 1)":null,"('0168-S-2012', 2)":null},"('Giros', 'COMISI\u00d3N')":{"('0168-S-2012', 0)":"PARLAMENTARIA MIXTA REVISORA DE CUENTAS","('0168-S-2012', 1)":null,"('0168-S-2012', 2)":null},"('Tramites', 'C\u00c1MARA')":{"('0168-S-2012', 0)":"Senado","('0168-S-2012', 1)":"Diputados","('0168-S-2012', 2)":"Diputados"},"('Tramites', 'MOVIMIENTO')":{"('0168-S-2012', 0)":"CONSIDERACION Y APROBACION","('0168-S-2012', 1)":"PASA A DIPUTADOS -","('0168-S-2012', 2)":"CONSIDERACION Y APROBACION"},"('Tramites', 'FECHA')":{"('0168-S-2012', 0)":"14\/11\/2012","('0168-S-2012', 1)":null,"('0168-S-2012', 2)":"05\/06\/2013"},"('Tramites', 'RESULTADO')":{"('0168-S-2012', 0)":"APROBADO","('0168-S-2012', 1)":null,"('0168-S-2012', 2)":"APROBADO"},"Link":{"('0168-S-2012', 0)":"http:\/\/www.senado.gov.ar\/parlamentario\/comisiones\/verExp\/13.12\/OV\/PR","('0168-S-2012', 1)":null,"('0168-S-2012', 2)":null},"Palabra Clave":{"('0168-S-2012', 0)":" ","('0168-S-2012', 1)":null,"('0168-S-2012', 2)":null}}