{"Tipo de Proyecto":{"('0168-PE-2012', 0)":"MENSAJE NRO: 1940\/12 Y PROYECTO DE LEY","('0168-PE-2012', 1)":null,"('0168-PE-2012', 2)":null,"('0168-PE-2012', 3)":null},"Iniciado en: ":{"('0168-PE-2012', 0)":"Senado","('0168-PE-2012', 1)":null,"('0168-PE-2012', 2)":null,"('0168-PE-2012', 3)":null},"Expediente Senado: ":{"('0168-PE-2012', 0)":"0168-PE-2012","('0168-PE-2012', 1)":null,"('0168-PE-2012', 2)":null,"('0168-PE-2012', 3)":null},"Publicado en: ":{"('0168-PE-2012', 0)":"Diario de Asuntos Entrados N\u00b0 219","('0168-PE-2012', 1)":null,"('0168-PE-2012', 2)":null,"('0168-PE-2012', 3)":null},"Fecha: ":{"('0168-PE-2012', 0)":"16\/10\/2012","('0168-PE-2012', 1)":null,"('0168-PE-2012', 2)":null,"('0168-PE-2012', 3)":null},"T\u00edtulo":{"('0168-PE-2012', 0)":"OTORGAR JERARQUIA CONSTITUCIONAL A LA CONVENCION INTERNACIONAL PARA LA PROTECCION DE TODAS LAS PERSONAS CONTRA LAS DESAPARICIONES FORZADAS, ADOPTADA POR LA ASAMBLEA GENERAL DE LA ORGANIZACION DE LAS NACIONES UNIDAS (ONU) EN NUEVA YORK, ESTADOS UNIDOS DE AMERICA, EL 20 DE DICIEMBRE DE 2006 Y APROBADO POR LEY 26298. ","('0168-PE-2012', 1)":null,"('0168-PE-2012', 2)":null,"('0168-PE-2012', 3)":null},"('Firmantes', 'FIRMANTE')":{"('0168-PE-2012', 0)":"FERNANDEZ DE KIRCHNER, CRISTINA","('0168-PE-2012', 1)":"ABAL MEDINA, JUAN MANUEL","('0168-PE-2012', 2)":"ALAK, JULIO","('0168-PE-2012', 3)":"TIMERMAN, HECTOR MARCOS"},"('Firmantes', 'DISTRITO')":{"('0168-PE-2012', 0)":null,"('0168-PE-2012', 1)":null,"('0168-PE-2012', 2)":null,"('0168-PE-2012', 3)":null},"('Firmantes', 'BLOQUE')":{"('0168-PE-2012', 0)":"PODER EJECUTIVO","('0168-PE-2012', 1)":"PODER EJECUTIVO","('0168-PE-2012', 2)":"PODER EJECUTIVO","('0168-PE-2012', 3)":"PODER EJECUTIVO"},"Palabra Clave":{"('0168-PE-2012', 0)":" ","('0168-PE-2012', 1)":null,"('0168-PE-2012', 2)":null,"('0168-PE-2012', 3)":null}}