{"Tipo de Proyecto":{"('0169-D-2012', 0)":"PROYECTO DE RESOLUCI\u00d3N","('0169-D-2012', 1)":null,"('0169-D-2012', 2)":null},"Iniciado en: ":{"('0169-D-2012', 0)":"Diputados","('0169-D-2012', 1)":null,"('0169-D-2012', 2)":null},"Expediente Diputados: ":{"('0169-D-2012', 0)":"0169-D-2012","('0169-D-2012', 1)":null,"('0169-D-2012', 2)":null},"Publicado en: ":{"('0169-D-2012', 0)":"Tr\u00e1mite Parlamentario N\u00b0 2","('0169-D-2012', 1)":null,"('0169-D-2012', 2)":null},"Fecha: ":{"('0169-D-2012', 0)":"05\/03\/2012","('0169-D-2012', 1)":null,"('0169-D-2012', 2)":null},"T\u00edtulo":{"('0169-D-2012', 0)":"PROGRAMA DE DESPAPELIZACION: IMPLEMENTACION EN EL AMBITO DE LA HONORABLE CAMARA DE DIPUTADOS DE LA NACION.","('0169-D-2012', 1)":null,"('0169-D-2012', 2)":null},"('Firmantes', 'FIRMANTE')":{"('0169-D-2012', 0)":"BERTOL, PAULA MARIA","('0169-D-2012', 1)":"OBIGLIO, JULIAN MARTIN","('0169-D-2012', 2)":"GONZALEZ, GLADYS ESTHER"},"('Firmantes', 'DISTRITO')":{"('0169-D-2012', 0)":"CIUDAD de BUENOS AIRES","('0169-D-2012', 1)":"CIUDAD de BUENOS AIRES","('0169-D-2012', 2)":"BUENOS AIRES"},"('Firmantes', 'BLOQUE')":{"('0169-D-2012', 0)":"PRO","('0169-D-2012', 1)":"PRO","('0169-D-2012', 2)":"PRO"},"('Giros', 'COMISI\u00d3N')":{"('0169-D-2012', 0)":"PETICIONES, PODERES Y REGLAMENTO","('0169-D-2012', 1)":null,"('0169-D-2012', 2)":null},"('Tramites', 'C\u00c1MARA')":{"('0169-D-2012', 0)":"Diputados","('0169-D-2012', 1)":null,"('0169-D-2012', 2)":null},"('Tramites', 'MOVIMIENTO')":{"('0169-D-2012', 0)":"SOLICITUD DE REPRODUCCION DEL PROYECTO PARA EL PERIODO 131 (2013), SEGUN LOS TERMINOS DEL ARTICULO 7 DE LA RESOLUCION DE LA HCD DEL 05\/06\/1996","('0169-D-2012', 1)":null,"('0169-D-2012', 2)":null},"('Tramites', 'FECHA')":{"('0169-D-2012', 0)":null,"('0169-D-2012', 1)":null,"('0169-D-2012', 2)":null},"('Tramites', 'RESULTADO')":{"('0169-D-2012', 0)":null,"('0169-D-2012', 1)":null,"('0169-D-2012', 2)":null},"Sumario":{"('0169-D-2012', 0)":"PROCESO; ENCOMENDAR A LA COMISION SOBRE MODERNIZACION DEL FUNCIONAMIENTO PARLAMENTARIO LA REALIZACION DE UN INFORME DE DIAGNOSTICO SOBRE EL CONSUMO DE PAPEL EN CADA DEPENDENCIA; ELABORACION DEL PROGRAMA; ACTIVIDADES; ASESORAMIENTO; EJECUCION.","('0169-D-2012', 1)":null,"('0169-D-2012', 2)":null},"Palabra Clave":{"('0169-D-2012', 0)":" ","('0169-D-2012', 1)":null,"('0169-D-2012', 2)":null}}