{"Tipo de Proyecto":{"('0170-PE-2012', 0)":"MENSAJE NRO: 1965\/12","('0170-PE-2012', 1)":null},"Iniciado en: ":{"('0170-PE-2012', 0)":"Senado","('0170-PE-2012', 1)":null},"Expediente Senado: ":{"('0170-PE-2012', 0)":"0170-PE-2012","('0170-PE-2012', 1)":null},"Publicado en: ":{"('0170-PE-2012', 0)":"DAE S.A. N\u00b0 10","('0170-PE-2012', 1)":null},"Fecha: ":{"('0170-PE-2012', 0)":"16\/10\/2012","('0170-PE-2012', 1)":null},"T\u00edtulo":{"('0170-PE-2012', 0)":"SOLICITA ACUERDO PARA DESIGNAR CONJUECES DE LA CAMARA NACIONAL DE APELACIONES EN LO CIVIL Y COMERCIAL FEDERAL DE LA CAPITAL FEDERAL, DE ACUERDO A LAS PREVISIONES DEL ARTICULO 3 DE LA LEY 26376, A LOS SIGUIENTES DOCTORES: RICARDO PEYRANO, EDUARDO ANTONIO FACHAL, GABRIEL CLAUDIO CHAMORRO, ANTONIO IRENEO ROJAS SALINAS, RODOLFO MARIA OJEA QUINTANA, CARLOS MARIA CARCOVA, LUCRECIA ANA DECOTTO, JAVIER ALEJANDRO RODI\u00d1O, FEDERICO GUILLERMO SERRANO, GUSTAVO CESAR ALVAREZ, ALBERTO RICARDO APARICIO, CARLOS MARTIN ARIAS, HECTOR JORGE RODRIGUEZ, RUBEN CARLOS SARTIRANA, IVAN ERNESTO GARBARINO, PAULA FELDMAN.","('0170-PE-2012', 1)":null},"('Firmantes', 'FIRMANTE')":{"('0170-PE-2012', 0)":"FERNANDEZ DE KIRCHNER, CRISTINA","('0170-PE-2012', 1)":"ALAK, JULIO"},"('Firmantes', 'DISTRITO')":{"('0170-PE-2012', 0)":null,"('0170-PE-2012', 1)":null},"('Firmantes', 'BLOQUE')":{"('0170-PE-2012', 0)":"PODER EJECUTIVO","('0170-PE-2012', 1)":"PODER EJECUTIVO"},"('Tramites', 'C\u00c1MARA')":{"('0170-PE-2012', 0)":"Senado","('0170-PE-2012', 1)":null},"('Tramites', 'MOVIMIENTO')":{"('0170-PE-2012', 0)":"CONSIDERACION Y APROBACION","('0170-PE-2012', 1)":null},"('Tramites', 'FECHA')":{"('0170-PE-2012', 0)":"25\/10\/2012","('0170-PE-2012', 1)":null},"('Tramites', 'RESULTADO')":{"('0170-PE-2012', 0)":"APROBADO","('0170-PE-2012', 1)":null},"Palabra Clave":{"('0170-PE-2012', 0)":" ","('0170-PE-2012', 1)":null}}