{"Tipo de Proyecto":{"('0171-S-2012', 0)":"PROYECTO DE RESOLUCI\u00d3N","('0171-S-2012', 1)":null,"('0171-S-2012', 2)":null},"Iniciado en: ":{"('0171-S-2012', 0)":"Senado","('0171-S-2012', 1)":null,"('0171-S-2012', 2)":null},"Expediente Diputados: ":{"('0171-S-2012', 0)":"0171-S-2012","('0171-S-2012', 1)":null,"('0171-S-2012', 2)":null},"Expediente Senado: ":{"('0171-S-2012', 0)":"0455-OV-2011","('0171-S-2012', 1)":null,"('0171-S-2012', 2)":null},"Fecha: ":{"('0171-S-2012', 0)":"01\/11\/2012","('0171-S-2012', 1)":null,"('0171-S-2012', 2)":null},"T\u00edtulo":{"('0171-S-2012', 0)":"PEDIDO DE INFORMES AL PODER EJECUTIVO SOBRE LAS MEDIDAS ADOPTADAS PARA REGULARIZAR LAS OBSERVACIONES FORMULADAS POR LA AUDITORIA GENERAL DE LA NACION (RESOLUCIONES 228\/11 Y 146\/10), RESPECTO DEL INFORME DE AUDITORIA DE CONTROL DE GESTION AMBIENTAL EN RELACION A LA ACTUACION 729\/04 AGN Y GESTION REALIZADA POR EL EX COMITE EJECUTOR MATANZA RIACHUELO (CEMR) Y ACTUAL AUTORIDAD CUENCA MATANZA RIACHUELO (ACUMAR), RESPECTO DEL PLAN DE GESTION AMBIENTAL DE DICHA CUENCA.","('0171-S-2012', 1)":null,"('0171-S-2012', 2)":null},"('Firmantes', 'FIRMANTE')":{"('0171-S-2012', 0)":"PARLAMENTARIA MIXTA REVISORA DE CUENTAS","('0171-S-2012', 1)":null,"('0171-S-2012', 2)":null},"('Firmantes', 'DISTRITO')":{"('0171-S-2012', 0)":null,"('0171-S-2012', 1)":null,"('0171-S-2012', 2)":null},"('Firmantes', 'BLOQUE')":{"('0171-S-2012', 0)":null,"('0171-S-2012', 1)":null,"('0171-S-2012', 2)":null},"('Giros', 'COMISI\u00d3N')":{"('0171-S-2012', 0)":"PARLAMENTARIA MIXTA REVISORA DE CUENTAS","('0171-S-2012', 1)":null,"('0171-S-2012', 2)":null},"('Tramites', 'C\u00c1MARA')":{"('0171-S-2012', 0)":"Senado","('0171-S-2012', 1)":"Diputados","('0171-S-2012', 2)":"Diputados"},"('Tramites', 'MOVIMIENTO')":{"('0171-S-2012', 0)":"CONSIDERACION Y APROBACION","('0171-S-2012', 1)":"PASA A DIPUTADOS -","('0171-S-2012', 2)":"CONSIDERACION Y APROBACION"},"('Tramites', 'FECHA')":{"('0171-S-2012', 0)":"14\/11\/2012","('0171-S-2012', 1)":null,"('0171-S-2012', 2)":"05\/06\/2013"},"('Tramites', 'RESULTADO')":{"('0171-S-2012', 0)":"APROBADO","('0171-S-2012', 1)":null,"('0171-S-2012', 2)":"APROBADO"},"Link":{"('0171-S-2012', 0)":"http:\/\/www.senado.gov.ar\/parlamentario\/comisiones\/verExp\/455.11\/OV\/PR","('0171-S-2012', 1)":null,"('0171-S-2012', 2)":null},"Palabra Clave":{"('0171-S-2012', 0)":" ","('0171-S-2012', 1)":null,"('0171-S-2012', 2)":null}}