{"Tipo de Proyecto":{"('0171-D-2012', 0)":"PROYECTO DE LEY","('0171-D-2012', 1)":null,"('0171-D-2012', 2)":null,"('0171-D-2012', 3)":null},"Iniciado en: ":{"('0171-D-2012', 0)":"Diputados","('0171-D-2012', 1)":null,"('0171-D-2012', 2)":null,"('0171-D-2012', 3)":null},"Expediente Diputados: ":{"('0171-D-2012', 0)":"0171-D-2012","('0171-D-2012', 1)":null,"('0171-D-2012', 2)":null,"('0171-D-2012', 3)":null},"Publicado en: ":{"('0171-D-2012', 0)":"Tr\u00e1mite Parlamentario N\u00b0 2","('0171-D-2012', 1)":null,"('0171-D-2012', 2)":null,"('0171-D-2012', 3)":null},"Fecha: ":{"('0171-D-2012', 0)":"05\/03\/2012","('0171-D-2012', 1)":null,"('0171-D-2012', 2)":null,"('0171-D-2012', 3)":null},"T\u00edtulo":{"('0171-D-2012', 0)":"EDUCACION ALIMENTARIA Y NUTRICIONAL: REGIMEN.","('0171-D-2012', 1)":null,"('0171-D-2012', 2)":null,"('0171-D-2012', 3)":null},"('Firmantes', 'FIRMANTE')":{"('0171-D-2012', 0)":"GUCCIONE, JOSE DANIEL","('0171-D-2012', 1)":"CHIENO, MARIA ELENA PETRONA","('0171-D-2012', 2)":"REGAZZOLI, MARIA CRISTINA","('0171-D-2012', 3)":"BIELLA CALVET, BERNARDO JOSE"},"('Firmantes', 'DISTRITO')":{"('0171-D-2012', 0)":"MISIONES","('0171-D-2012', 1)":"CORRIENTES","('0171-D-2012', 2)":"LA PAMPA","('0171-D-2012', 3)":"SALTA"},"('Firmantes', 'BLOQUE')":{"('0171-D-2012', 0)":"FRENTE PARA LA VICTORIA - PJ","('0171-D-2012', 1)":"FRENTE PARA LA VICTORIA - PJ","('0171-D-2012', 2)":"PARTIDO JUSTICIALISTA LA PAMPA","('0171-D-2012', 3)":"UDESO SALTA"},"('Giros', 'COMISI\u00d3N')":{"('0171-D-2012', 0)":"ACCION SOCIAL Y SALUD PUBLICA","('0171-D-2012', 1)":"EDUCACION","('0171-D-2012', 2)":"PRESUPUESTO Y HACIENDA","('0171-D-2012', 3)":null},"Sumario":{"('0171-D-2012', 0)":"OBJETO; DEFINICION; ALCANCES; AUTORIDAD DE APLICACION; COORDINACION; FUNCIONES; CREACION DE LA COMISION ASESORA DE EDUCACION ALIMENTARIA Y NUTRICIONAL: FUNCIONES; OBJETIVOS DE LA EDUCACION ALIMENTARIA Y NUTRICIONAL: OBJETIVOS, OBJETIVOS EN EL AMBITO EDUCATIVO, OBJETIVOS EN EL AMBITO COMUNITARIO, OBJETIVOS EN EL AMBITO DE LA CADENA PRODUCTIVA ALIMENTARIA; FINANCIAMIENTO; DISPOSICIONES FINALES: INVITACION A LAS PROVINCIAS Y A LA CIUDAD AUTONOMA DE BUENOS AIRES A ADHERIR A LA PRESENTE LEY, REGLAMENTACION.","('0171-D-2012', 1)":null,"('0171-D-2012', 2)":null,"('0171-D-2012', 3)":null},"Palabra Clave":{"('0171-D-2012', 0)":" ","('0171-D-2012', 1)":null,"('0171-D-2012', 2)":null,"('0171-D-2012', 3)":null}}