{"Tipo de Proyecto":{"('0171-OV-2012', 0)":"PROYECTO DE RESOLUCI\u00d3N"},"Iniciado en: ":{"('0171-OV-2012', 0)":"Senado"},"Expediente Senado: ":{"('0171-OV-2012', 0)":"0171-OV-2012"},"Fecha: ":{"('0171-OV-2012', 0)":"26\/09\/2012"},"T\u00edtulo":{"('0171-OV-2012', 0)":"PEDIDO DE INFORMES AL PODER EJECUTIVO SOBRE LAS MEDIDAS ADOPTADAS PARA REGULARIZAR LAS OBSERVACIONES FORMULADAS POR LA AUDITORIA GENERAL DE LA NACION; SOBRE EL INFORME DE AUDITORIA REFERIDO A LA ADMINISTRACION FEDERAL DE INGRESOS PUBLICOS (DGA), GESTION Y PROCEDIMIENTOS APLICADOS A LAS ADUANAS DE BUENOS AIRES, CAMPANA Y CORDOBA, PARA EL CONTROL DEL CIRCUITO DE IMPORTACIONES DE GRANDES OPERADORES, DURANTE EL PERIODO COMPRENDIDO ENTRE ENERO Y DICIEMBRE DE 2009."},"('Firmantes', 'FIRMANTE')":{"('0171-OV-2012', 0)":"PARLAMENTARIA MIXTA REVISORA DE CUENTAS"},"('Firmantes', 'DISTRITO')":{"('0171-OV-2012', 0)":null},"('Firmantes', 'BLOQUE')":{"('0171-OV-2012', 0)":null},"Link":{"('0171-OV-2012', 0)":"http:\/\/www.senado.gov.ar\/parlamentario\/comisiones\/verExp\/171.12\/OV\/PR"},"Palabra Clave":{"('0171-OV-2012', 0)":" "}}