{"Tipo de Proyecto":{"('0172-S-2012', 0)":"PROYECTO DE DECLARACI\u00d3N"},"Iniciado en: ":{"('0172-S-2012', 0)":"Senado"},"Expediente Senado: ":{"('0172-S-2012', 0)":"0172-S-2012"},"Publicado en: ":{"('0172-S-2012', 0)":"Diario de Asuntos Entrados N\u00b0 13"},"Fecha: ":{"('0172-S-2012', 0)":"05\/03\/2012"},"T\u00edtulo":{"('0172-S-2012', 0)":"EXPRESAR BENEPLACITO POR LA CONMEMORACION DEL 50 ANIVERSARIO DEL PRIMER VUELO DE LA ARMADA ARGENTINA AL POLO SUR."},"('Firmantes', 'FIRMANTE')":{"('0172-S-2012', 0)":"LORES, HORACIO"},"('Firmantes', 'DISTRITO')":{"('0172-S-2012', 0)":"NEUQUEN"},"('Firmantes', 'BLOQUE')":{"('0172-S-2012', 0)":"MOV POP NEUQUINO"},"('Tramites', 'C\u00c1MARA')":{"('0172-S-2012', 0)":"Senado"},"('Tramites', 'MOVIMIENTO')":{"('0172-S-2012', 0)":"CONSIDERACION Y APROBACION"},"('Tramites', 'FECHA')":{"('0172-S-2012', 0)":"05\/09\/2012"},"('Tramites', 'RESULTADO')":{"('0172-S-2012', 0)":"APROBADO"},"Link":{"('0172-S-2012', 0)":"http:\/\/www.senado.gov.ar\/parlamentario\/comisiones\/verExp\/172.12\/S\/PD"},"Palabra Clave":{"('0172-S-2012', 0)":" "}}