{"Tipo de Proyecto":{"('0172-PE-2012', 0)":"MENSAJE NRO: 1996\/12","('0172-PE-2012', 1)":null},"Iniciado en: ":{"('0172-PE-2012', 0)":"Senado","('0172-PE-2012', 1)":null},"Expediente Senado: ":{"('0172-PE-2012', 0)":"0172-PE-2012","('0172-PE-2012', 1)":null},"Publicado en: ":{"('0172-PE-2012', 0)":"DAE S.A. N\u00b0 11","('0172-PE-2012', 1)":null},"Fecha: ":{"('0172-PE-2012', 0)":"24\/10\/2012","('0172-PE-2012', 1)":null},"T\u00edtulo":{"('0172-PE-2012', 0)":"SOLICITAR ACUERDO PARA DESIGNAR JUEZ DEL JUZGADO NACIONAL DE PRIMERA INSTANCIA DEL TRABAJO NUMERO 72 DE LA CAPITAL FEDERAL, AL DOCTOR RAUL HORACIO OJEDA.","('0172-PE-2012', 1)":null},"('Firmantes', 'FIRMANTE')":{"('0172-PE-2012', 0)":"FERNANDEZ DE KIRCHNER, CRISTINA","('0172-PE-2012', 1)":"ALAK, JULIO"},"('Firmantes', 'DISTRITO')":{"('0172-PE-2012', 0)":null,"('0172-PE-2012', 1)":null},"('Firmantes', 'BLOQUE')":{"('0172-PE-2012', 0)":"PODER EJECUTIVO","('0172-PE-2012', 1)":"PODER EJECUTIVO"},"('Tramites', 'C\u00c1MARA')":{"('0172-PE-2012', 0)":"Senado","('0172-PE-2012', 1)":null},"('Tramites', 'MOVIMIENTO')":{"('0172-PE-2012', 0)":"CONSIDERACION Y APROBACION","('0172-PE-2012', 1)":null},"('Tramites', 'FECHA')":{"('0172-PE-2012', 0)":"28\/11\/2012","('0172-PE-2012', 1)":null},"('Tramites', 'RESULTADO')":{"('0172-PE-2012', 0)":"APROBADO","('0172-PE-2012', 1)":null},"Palabra Clave":{"('0172-PE-2012', 0)":" ","('0172-PE-2012', 1)":null}}