{"Tipo de Proyecto":{"('0172-D-2012', 0)":"PROYECTO DE RESOLUCI\u00d3N","('0172-D-2012', 1)":null,"('0172-D-2012', 2)":null,"('0172-D-2012', 3)":null},"Iniciado en: ":{"('0172-D-2012', 0)":"Diputados","('0172-D-2012', 1)":null,"('0172-D-2012', 2)":null,"('0172-D-2012', 3)":null},"Expediente Diputados: ":{"('0172-D-2012', 0)":"0172-D-2012","('0172-D-2012', 1)":null,"('0172-D-2012', 2)":null,"('0172-D-2012', 3)":null},"Publicado en: ":{"('0172-D-2012', 0)":"Tr\u00e1mite Parlamentario N\u00b0 2","('0172-D-2012', 1)":null,"('0172-D-2012', 2)":null,"('0172-D-2012', 3)":null},"Fecha: ":{"('0172-D-2012', 0)":"05\/03\/2012","('0172-D-2012', 1)":null,"('0172-D-2012', 2)":null,"('0172-D-2012', 3)":null},"T\u00edtulo":{"('0172-D-2012', 0)":"APROBAR EL USO DE REGLAS DE TECNICA LEGISLATIVA EN LA REDACCION DE PROYECTOS Y DICTAMENES DE COMISION.","('0172-D-2012', 1)":null,"('0172-D-2012', 2)":null,"('0172-D-2012', 3)":null},"('Firmantes', 'FIRMANTE')":{"('0172-D-2012', 0)":"BERTOL, PAULA MARIA","('0172-D-2012', 1)":"OBIGLIO, JULIAN MARTIN","('0172-D-2012', 2)":"GONZALEZ, GLADYS ESTHER","('0172-D-2012', 3)":"OCA\u00d1A, MARIA GRACIELA"},"('Firmantes', 'DISTRITO')":{"('0172-D-2012', 0)":"CIUDAD de BUENOS AIRES","('0172-D-2012', 1)":"CIUDAD de BUENOS AIRES","('0172-D-2012', 2)":"BUENOS AIRES","('0172-D-2012', 3)":"BUENOS AIRES"},"('Firmantes', 'BLOQUE')":{"('0172-D-2012', 0)":"PRO","('0172-D-2012', 1)":"PRO","('0172-D-2012', 2)":"PRO","('0172-D-2012', 3)":"UNIDAD PARA EL DESARROLLO SOCIAL Y LA EQUIDAD"},"('Giros', 'COMISI\u00d3N')":{"('0172-D-2012', 0)":"PETICIONES, PODERES Y REGLAMENTO","('0172-D-2012', 1)":null,"('0172-D-2012', 2)":null,"('0172-D-2012', 3)":null},"('Tramites', 'C\u00c1MARA')":{"('0172-D-2012', 0)":"Diputados","('0172-D-2012', 1)":null,"('0172-D-2012', 2)":null,"('0172-D-2012', 3)":null},"('Tramites', 'MOVIMIENTO')":{"('0172-D-2012', 0)":"SOLICITUD DE REPRODUCCION DEL PROYECTO PARA EL PERIODO 131 (2013), SEGUN LOS TERMINOS DEL ARTICULO 7 DE LA RESOLUCION DE LA HCD DEL 05\/06\/1996","('0172-D-2012', 1)":null,"('0172-D-2012', 2)":null,"('0172-D-2012', 3)":null},"('Tramites', 'FECHA')":{"('0172-D-2012', 0)":null,"('0172-D-2012', 1)":null,"('0172-D-2012', 2)":null,"('0172-D-2012', 3)":null},"('Tramites', 'RESULTADO')":{"('0172-D-2012', 0)":null,"('0172-D-2012', 1)":null,"('0172-D-2012', 2)":null,"('0172-D-2012', 3)":null},"Sumario":{"('0172-D-2012', 0)":"PUBLICACION DE LA PRESENTE RESOLUCION Y SU ANEXO EN EL SITIO WEB DE LA HONORABLE CAMARA DE DIPUTADOS DE LA NACION.","('0172-D-2012', 1)":null,"('0172-D-2012', 2)":null,"('0172-D-2012', 3)":null},"Palabra Clave":{"('0172-D-2012', 0)":" ","('0172-D-2012', 1)":null,"('0172-D-2012', 2)":null,"('0172-D-2012', 3)":null}}