{"Tipo de Proyecto":{"('0173-D-2012', 0)":"PROYECTO DE RESOLUCI\u00d3N","('0173-D-2012', 1)":null,"('0173-D-2012', 2)":null},"Iniciado en: ":{"('0173-D-2012', 0)":"Diputados","('0173-D-2012', 1)":null,"('0173-D-2012', 2)":null},"Expediente Diputados: ":{"('0173-D-2012', 0)":"0173-D-2012","('0173-D-2012', 1)":null,"('0173-D-2012', 2)":null},"Publicado en: ":{"('0173-D-2012', 0)":"Tr\u00e1mite Parlamentario N\u00b0 2","('0173-D-2012', 1)":null,"('0173-D-2012', 2)":null},"Fecha: ":{"('0173-D-2012', 0)":"05\/03\/2012","('0173-D-2012', 1)":null,"('0173-D-2012', 2)":null},"T\u00edtulo":{"('0173-D-2012', 0)":"DECLARAR DE INTERES DE LA HONORABLE CAMARA DE DIPUTADOS DE LA NACION EL ACUERDO FEDERAL DE LOS HIDROCARBUROS, SUSCRIPTO EL DIA 9 DE FEBRERO DE 2012 EN LA CIUDAD AUTONOMA DE BUENOS AIRES.","('0173-D-2012', 1)":null,"('0173-D-2012', 2)":null},"('Firmantes', 'FIRMANTE')":{"('0173-D-2012', 0)":"BRILLO, JOSE RICARDO","('0173-D-2012', 1)":"GUZMAN, OLGA ELIZABETH","('0173-D-2012', 2)":"COMELLI, ALICIA MARCELA"},"('Firmantes', 'DISTRITO')":{"('0173-D-2012', 0)":"NEUQUEN","('0173-D-2012', 1)":"NEUQUEN","('0173-D-2012', 2)":"NEUQUEN"},"('Firmantes', 'BLOQUE')":{"('0173-D-2012', 0)":"MOV POP NEUQUINO","('0173-D-2012', 1)":"MOV POP NEUQUINO","('0173-D-2012', 2)":"MOV POP NEUQUINO"},"('Giros', 'COMISI\u00d3N')":{"('0173-D-2012', 0)":"ENERGIA Y COMBUSTIBLES","('0173-D-2012', 1)":null,"('0173-D-2012', 2)":null},"Link":{"('0173-D-2012', 0)":"https:\/\/www.hcdn.gob.ar\/proyectos\/textoCompleto.jsp?exp=0173-D-2012&tipo=RESOLUCION","('0173-D-2012', 1)":null,"('0173-D-2012', 2)":null},"Palabra Clave":{"('0173-D-2012', 0)":" ","('0173-D-2012', 1)":null,"('0173-D-2012', 2)":null}}