{"Tipo de Proyecto":{"('0174-D-2012', 0)":"PROYECTO DE LEY","('0174-D-2012', 1)":null,"('0174-D-2012', 2)":null,"('0174-D-2012', 3)":null,"('0174-D-2012', 4)":null,"('0174-D-2012', 5)":null},"Iniciado en: ":{"('0174-D-2012', 0)":"Diputados","('0174-D-2012', 1)":null,"('0174-D-2012', 2)":null,"('0174-D-2012', 3)":null,"('0174-D-2012', 4)":null,"('0174-D-2012', 5)":null},"Expediente Diputados: ":{"('0174-D-2012', 0)":"0174-D-2012","('0174-D-2012', 1)":null,"('0174-D-2012', 2)":null,"('0174-D-2012', 3)":null,"('0174-D-2012', 4)":null,"('0174-D-2012', 5)":null},"Publicado en: ":{"('0174-D-2012', 0)":"Tr\u00e1mite Parlamentario N\u00b0 2","('0174-D-2012', 1)":null,"('0174-D-2012', 2)":null,"('0174-D-2012', 3)":null,"('0174-D-2012', 4)":null,"('0174-D-2012', 5)":null},"Fecha: ":{"('0174-D-2012', 0)":"05\/03\/2012","('0174-D-2012', 1)":null,"('0174-D-2012', 2)":null,"('0174-D-2012', 3)":null,"('0174-D-2012', 4)":null,"('0174-D-2012', 5)":null},"T\u00edtulo":{"('0174-D-2012', 0)":"DEROGACION DE LA LEY 26734, DE MODIFICACION AL CODIGO PENAL, SOBRE PREVENCION, INVESTIGACION Y SANCION DE ACTIVIDADES DELICTIVAS CON FINALIDAD TERRORISTA, Y DE LOS ARTICULOS 41 QUINQUIES Y 306 DEL CODIGO PENAL.","('0174-D-2012', 1)":null,"('0174-D-2012', 2)":null,"('0174-D-2012', 3)":null,"('0174-D-2012', 4)":null,"('0174-D-2012', 5)":null},"('Firmantes', 'FIRMANTE')":{"('0174-D-2012', 0)":"ARGUMEDO, ALCIRA SUSANA","('0174-D-2012', 1)":"SOLANAS, FERNANDO EZEQUIEL","('0174-D-2012', 2)":"CARDELLI, JORGE JUSTO","('0174-D-2012', 3)":"RODRIGUEZ, MARCELA VIRGINIA","('0174-D-2012', 4)":"COMI, CARLOS MARCELO","('0174-D-2012', 5)":"PIEMONTE, HECTOR HORACIO"},"('Firmantes', 'DISTRITO')":{"('0174-D-2012', 0)":"CIUDAD de BUENOS AIRES","('0174-D-2012', 1)":"CIUDAD de BUENOS AIRES","('0174-D-2012', 2)":"CIUDAD de BUENOS AIRES","('0174-D-2012', 3)":"BUENOS AIRES","('0174-D-2012', 4)":"SANTA FE","('0174-D-2012', 5)":"BUENOS AIRES"},"('Firmantes', 'BLOQUE')":{"('0174-D-2012', 0)":"MOVIMIENTO PROYECTO SUR","('0174-D-2012', 1)":"MOVIMIENTO PROYECTO SUR","('0174-D-2012', 2)":"MOVIMIENTO PROYECTO SUR","('0174-D-2012', 3)":"DEMOCRACIA IGUALITARIA Y PARTICIPATIVA (D.I.P.)","('0174-D-2012', 4)":"COALICION CIVICA - ARI","('0174-D-2012', 5)":"COALICION CIVICA - ARI"},"('Giros', 'COMISI\u00d3N')":{"('0174-D-2012', 0)":"LEGISLACION PENAL","('0174-D-2012', 1)":"FINANZAS","('0174-D-2012', 2)":null,"('0174-D-2012', 3)":null,"('0174-D-2012', 4)":null,"('0174-D-2012', 5)":null},"Link":{"('0174-D-2012', 0)":"https:\/\/www.hcdn.gob.ar\/proyectos\/textoCompleto.jsp?exp=0174-D-2012&tipo=LEY","('0174-D-2012', 1)":null,"('0174-D-2012', 2)":null,"('0174-D-2012', 3)":null,"('0174-D-2012', 4)":null,"('0174-D-2012', 5)":null},"Palabra Clave":{"('0174-D-2012', 0)":" ","('0174-D-2012', 1)":null,"('0174-D-2012', 2)":null,"('0174-D-2012', 3)":null,"('0174-D-2012', 4)":null,"('0174-D-2012', 5)":null}}