{"Tipo de Proyecto":{"('0175-OV-2012', 0)":"PROYECTO DE RESOLUCI\u00d3N"},"Iniciado en: ":{"('0175-OV-2012', 0)":"Senado"},"Expediente Senado: ":{"('0175-OV-2012', 0)":"0175-OV-2012"},"Fecha: ":{"('0175-OV-2012', 0)":"26\/09\/2012"},"T\u00edtulo":{"('0175-OV-2012', 0)":"DICTAMEN EN LA RESOLUCION REMITIDA POR LA AUDITORIA GENERAL DE LA NACION (80\/12), REFERIDA A LOS ESTADOS FINANCIEROS DEL PROGRAMA DE DESARROLLO SOCIAL EN AREAS FRONTERIZAS DEL NOROESTE Y NORESTE ARGENTINO CON NECESIDADES BASICAS INSATISFECHAS (PROSOFA), EJERCICIO FINALIZADO EL 31\/12\/11."},"('Firmantes', 'FIRMANTE')":{"('0175-OV-2012', 0)":"PARLAMENTARIA MIXTA REVISORA DE CUENTAS"},"('Firmantes', 'DISTRITO')":{"('0175-OV-2012', 0)":null},"('Firmantes', 'BLOQUE')":{"('0175-OV-2012', 0)":null},"('Tramites', 'C\u00c1MARA')":{"('0175-OV-2012', 0)":"Senado"},"('Tramites', 'MOVIMIENTO')":{"('0175-OV-2012', 0)":"CONSIDERACION Y APROBACION"},"('Tramites', 'FECHA')":{"('0175-OV-2012', 0)":"14\/11\/2012"},"('Tramites', 'RESULTADO')":{"('0175-OV-2012', 0)":"APROBADO"},"Sumario":{"('0175-OV-2012', 0)":"HABIENDO TOMADO CONOCIMIENTO, Y SIN PERJUICIO DE ULTERIORES MEDIDAS QUE PUEDAN ADOPTARSE, SE ACONSEJA SU REMISION AL ARCHIVO"},"Palabra Clave":{"('0175-OV-2012', 0)":" "}}