{"Tipo de Proyecto":{"('0175-D-2012', 0)":"PROYECTO DE LEY","('0175-D-2012', 1)":null},"Iniciado en: ":{"('0175-D-2012', 0)":"Diputados","('0175-D-2012', 1)":null},"Expediente Diputados: ":{"('0175-D-2012', 0)":"0175-D-2012","('0175-D-2012', 1)":null},"Publicado en: ":{"('0175-D-2012', 0)":"Tr\u00e1mite Parlamentario N\u00b0 2","('0175-D-2012', 1)":null},"Fecha: ":{"('0175-D-2012', 0)":"05\/03\/2012","('0175-D-2012', 1)":null},"T\u00edtulo":{"('0175-D-2012', 0)":"ESTUPEFACIENTES (LEY 23737): MODIFICACIONES SOBRE DESPENALIZACION DE LA TENENCIA DE DROGAS.","('0175-D-2012', 1)":null},"('Firmantes', 'FIRMANTE')":{"('0175-D-2012', 0)":"DONDA PEREZ, VICTORIA ANALIA","('0175-D-2012', 1)":null},"('Firmantes', 'DISTRITO')":{"('0175-D-2012', 0)":"BUENOS AIRES","('0175-D-2012', 1)":null},"('Firmantes', 'BLOQUE')":{"('0175-D-2012', 0)":"LIBRES DEL SUR","('0175-D-2012', 1)":null},"('Giros', 'COMISI\u00d3N')":{"('0175-D-2012', 0)":"PREVENCION DE ADICCIONES Y CONTROL DEL NARCOTRAFICO","('0175-D-2012', 1)":"LEGISLACION PENAL"},"Sumario":{"('0175-D-2012', 0)":"MODIFICACION DEL INCISO D) DEL ARTICULO 5, ULTIMO PARRAFO DEL ARTICULO 5, ARTICULO 6, ARTICULO 15; DEROGACION DEL INCISO A) Y ANTEULTIMO PARRAFO DEL ARTICULO 5, ARTICULOS 14, 16, 17, 18, 19, 20, 21, 22, 29 BIS Y 31 TER.","('0175-D-2012', 1)":null},"Palabra Clave":{"('0175-D-2012', 0)":" ","('0175-D-2012', 1)":null}}