{"Tipo de Proyecto":{"('0176-S-2012', 0)":"PROYECTO DE RESOLUCI\u00d3N","('0176-S-2012', 1)":null,"('0176-S-2012', 2)":null,"('0176-S-2012', 3)":null},"Iniciado en: ":{"('0176-S-2012', 0)":"Senado","('0176-S-2012', 1)":null,"('0176-S-2012', 2)":null,"('0176-S-2012', 3)":null},"Expediente Diputados: ":{"('0176-S-2012', 0)":"0176-S-2012","('0176-S-2012', 1)":null,"('0176-S-2012', 2)":null,"('0176-S-2012', 3)":null},"Expediente Senado: ":{"('0176-S-2012', 0)":"0336-OVD-2011","('0176-S-2012', 1)":null,"('0176-S-2012', 2)":null,"('0176-S-2012', 3)":null},"Fecha: ":{"('0176-S-2012', 0)":"06\/09\/2012","('0176-S-2012', 1)":null,"('0176-S-2012', 2)":null,"('0176-S-2012', 3)":null},"T\u00edtulo":{"('0176-S-2012', 0)":"PEDIDO DE INFORMES AL PODER EJECUTIVO SOBRE LAS MEDIDAS ADOPTADAS PARA REGULARIZAR LAS OBSERVACIONES FORMULADAS POR LA AUDITORIA GENERAL DE LA NACION (RESOLUCION AGN 16\/12), SOBRE INFORME DE AUDITORIA, SINTESIS EJECUTIVA Y FICHA DEL INFORME, REFERIDA A LA VERIFICACION DE LOS CONTROLES REALIZADOS POR LA CNRT Y\/O SECRETARIA DE TRANSPORTE DE LA NACION, RESPECTO A OBLIGACIONES CONTRACTUALES RELACIONADAS CON EL MANTENIMIENTO, LA SEGURIDAD PUBLICA Y OPERATIVA DEL TRANSPORTE FERROVIARIO DE PASAJEROS Y OTROS.","('0176-S-2012', 1)":null,"('0176-S-2012', 2)":null,"('0176-S-2012', 3)":null},"('Firmantes', 'FIRMANTE')":{"('0176-S-2012', 0)":"PARLAMENTARIA MIXTA REVISORA DE CUENTAS","('0176-S-2012', 1)":null,"('0176-S-2012', 2)":null,"('0176-S-2012', 3)":null},"('Firmantes', 'DISTRITO')":{"('0176-S-2012', 0)":null,"('0176-S-2012', 1)":null,"('0176-S-2012', 2)":null,"('0176-S-2012', 3)":null},"('Firmantes', 'BLOQUE')":{"('0176-S-2012', 0)":null,"('0176-S-2012', 1)":null,"('0176-S-2012', 2)":null,"('0176-S-2012', 3)":null},"('Giros', 'COMISI\u00d3N')":{"('0176-S-2012', 0)":"PARLAMENTARIA MIXTA REVISORA DE CUENTAS","('0176-S-2012', 1)":null,"('0176-S-2012', 2)":null,"('0176-S-2012', 3)":null},"('Tramites', 'C\u00c1MARA')":{"('0176-S-2012', 0)":"Senado","('0176-S-2012', 1)":"Senado","('0176-S-2012', 2)":"Diputados","('0176-S-2012', 3)":"Diputados"},"('Tramites', 'MOVIMIENTO')":{"('0176-S-2012', 0)":"CONSIDERACION Y APROBACION","('0176-S-2012', 1)":"INSERCION SENADOR BASUALDO","('0176-S-2012', 2)":"PASA A DIPUTADOS -","('0176-S-2012', 3)":"CONSIDERACION Y APROBACION"},"('Tramites', 'FECHA')":{"('0176-S-2012', 0)":"14\/11\/2012","('0176-S-2012', 1)":"14\/11\/2012","('0176-S-2012', 2)":null,"('0176-S-2012', 3)":"05\/06\/2013"},"('Tramites', 'RESULTADO')":{"('0176-S-2012', 0)":"APROBADO","('0176-S-2012', 1)":null,"('0176-S-2012', 2)":null,"('0176-S-2012', 3)":"APROBADO"},"Sumario":{"('0176-S-2012', 0)":"DICTAMEN EN LA RESPUESTA REMITIDA POR LA JEFATURA DE GABINETE DE MINISTROS EN RELACION A LA RESOLUCION 0159-S-09, APROBADA POR EL HONORABLE CONGRESO DE LA NACION, SOBRE SU EXAMEN REALIZADO EN EL AMBITO DE LA SECRETARIA DE TRANSPORTE, DE LA COMISION NACIONAL DE REGULACION DEL TRANSPORTE Y DE LA EMPRESA CONCESIONARIA TBA.","('0176-S-2012', 1)":null,"('0176-S-2012', 2)":null,"('0176-S-2012', 3)":null},"Palabra Clave":{"('0176-S-2012', 0)":" ","('0176-S-2012', 1)":null,"('0176-S-2012', 2)":null,"('0176-S-2012', 3)":null}}