{"Tipo de Proyecto":{"('0178-D-2012', 0)":"PROYECTO DE RESOLUCI\u00d3N"},"Iniciado en: ":{"('0178-D-2012', 0)":"Diputados"},"Expediente Diputados: ":{"('0178-D-2012', 0)":"0178-D-2012"},"Publicado en: ":{"('0178-D-2012', 0)":"Tr\u00e1mite Parlamentario N\u00b0 2"},"Fecha: ":{"('0178-D-2012', 0)":"05\/03\/2012"},"T\u00edtulo":{"('0178-D-2012', 0)":"EXPRESAR BENEPLACITO POR EL TITULO DE CAMPEONAS OBTENIDO POR LA SELECCION FEMENINA DE HOCKEY \"LAS LEONAS\" EN EL TORNEO \"CHAMPIONS TROPHY\", REALIZADO DEL 28 DE ENERO AL 5 DE FEBRERO DE 2012 EN ROSARIO, PROVINCIA DE SANTA FE."},"('Firmantes', 'FIRMANTE')":{"('0178-D-2012', 0)":"CASELLES, GRACIELA MARIA"},"('Firmantes', 'DISTRITO')":{"('0178-D-2012', 0)":"SAN JUAN"},"('Firmantes', 'BLOQUE')":{"('0178-D-2012', 0)":"FRENTE PARA LA VICTORIA - PARTIDO BLOQUISTA"},"('Giros', 'COMISI\u00d3N')":{"('0178-D-2012', 0)":"DEPORTES"},"('Tramites', 'C\u00c1MARA')":{"('0178-D-2012', 0)":"Diputados"},"('Tramites', 'MOVIMIENTO')":{"('0178-D-2012', 0)":"APROBACION ARTICULO 114 DEL REGLAMENTO DE LA H CAMARA DE DIPUTADOS; COMUNICADO EL 27\/04\/2012"},"('Tramites', 'FECHA')":{"('0178-D-2012', 0)":null},"('Tramites', 'RESULTADO')":{"('0178-D-2012', 0)":"APROBADO"},"Link":{"('0178-D-2012', 0)":"https:\/\/www.hcdn.gob.ar\/proyectos\/textoCompleto.jsp?exp=0178-D-2012&tipo=RESOLUCION"},"Palabra Clave":{"('0178-D-2012', 0)":" "}}