{"Tipo de Proyecto":{"('0179-PE-2012', 0)":"MENSAJE NRO: 2003\/12","('0179-PE-2012', 1)":null},"Iniciado en: ":{"('0179-PE-2012', 0)":"Senado","('0179-PE-2012', 1)":null},"Expediente Senado: ":{"('0179-PE-2012', 0)":"0179-PE-2012","('0179-PE-2012', 1)":null},"Publicado en: ":{"('0179-PE-2012', 0)":"DAE S.A. N\u00b0 11","('0179-PE-2012', 1)":null},"Fecha: ":{"('0179-PE-2012', 0)":"24\/10\/2012","('0179-PE-2012', 1)":null},"T\u00edtulo":{"('0179-PE-2012', 0)":"SOLICITAR ACUERDO PARA DESIGNAR JUEZA DEL JUZGADO NACIONAL DE PRIMERA INSTANCIA DEL TRABAJO NUMERO 47 DE LA CAPITAL FEDERAL, A LA DOCTORA EMILCE LEDA SELLERIO.","('0179-PE-2012', 1)":null},"('Firmantes', 'FIRMANTE')":{"('0179-PE-2012', 0)":"FERNANDEZ DE KIRCHNER, CRISTINA","('0179-PE-2012', 1)":"ALAK, JULIO"},"('Firmantes', 'DISTRITO')":{"('0179-PE-2012', 0)":null,"('0179-PE-2012', 1)":null},"('Firmantes', 'BLOQUE')":{"('0179-PE-2012', 0)":"PODER EJECUTIVO","('0179-PE-2012', 1)":"PODER EJECUTIVO"},"('Tramites', 'C\u00c1MARA')":{"('0179-PE-2012', 0)":"Senado","('0179-PE-2012', 1)":null},"('Tramites', 'MOVIMIENTO')":{"('0179-PE-2012', 0)":"CONSIDERACION Y APROBACION","('0179-PE-2012', 1)":null},"('Tramites', 'FECHA')":{"('0179-PE-2012', 0)":"28\/11\/2012","('0179-PE-2012', 1)":null},"('Tramites', 'RESULTADO')":{"('0179-PE-2012', 0)":"APROBADO","('0179-PE-2012', 1)":null},"Palabra Clave":{"('0179-PE-2012', 0)":" ","('0179-PE-2012', 1)":null}}