{"Tipo de Proyecto":{"('0180-S-2012', 0)":"PROYECTO DE LEY","('0180-S-2012', 1)":null,"('0180-S-2012', 2)":null,"('0180-S-2012', 3)":null},"Iniciado en: ":{"('0180-S-2012', 0)":"Senado","('0180-S-2012', 1)":null,"('0180-S-2012', 2)":null,"('0180-S-2012', 3)":null},"Expediente Diputados: ":{"('0180-S-2012', 0)":"0180-S-2012","('0180-S-2012', 1)":null,"('0180-S-2012', 2)":null,"('0180-S-2012', 3)":null},"Expediente Senado: ":{"('0180-S-2012', 0)":"2941-S-2012","('0180-S-2012', 1)":null,"('0180-S-2012', 2)":null,"('0180-S-2012', 3)":null},"Publicado en: ":{"('0180-S-2012', 0)":"Diario de Asuntos Entrados N\u00b0 175","('0180-S-2012', 1)":null,"('0180-S-2012', 2)":null,"('0180-S-2012', 3)":null},"Fecha: ":{"('0180-S-2012', 0)":"24\/08\/2012","('0180-S-2012', 1)":null,"('0180-S-2012', 2)":null,"('0180-S-2012', 3)":null},"T\u00edtulo":{"('0180-S-2012', 0)":"DECLARACION COMO LUGAR HISTORICO EL CASCO ANTIGUO DE LA CIUDAD DE GOYA, PROVINCIA DE CORRIENTES.","('0180-S-2012', 1)":null,"('0180-S-2012', 2)":null,"('0180-S-2012', 3)":null},"('Firmantes', 'FIRMANTE')":{"('0180-S-2012', 0)":"ARTAZA, EUGENIO JUSTINIANO","('0180-S-2012', 1)":"ROLDAN, JOSE MARIA","('0180-S-2012', 2)":null,"('0180-S-2012', 3)":null},"('Firmantes', 'DISTRITO')":{"('0180-S-2012', 0)":"CORRIENTES","('0180-S-2012', 1)":"CORRIENTES","('0180-S-2012', 2)":null,"('0180-S-2012', 3)":null},"('Firmantes', 'BLOQUE')":{"('0180-S-2012', 0)":"UCR","('0180-S-2012', 1)":"FRENTE DE TODOS","('0180-S-2012', 2)":null,"('0180-S-2012', 3)":null},"('Giros', 'COMISI\u00d3N')":{"('0180-S-2012', 0)":"CULTURA","('0180-S-2012', 1)":"PRESUPUESTO Y HACIENDA","('0180-S-2012', 2)":null,"('0180-S-2012', 3)":null},"('Tramites', 'C\u00c1MARA')":{"('0180-S-2012', 0)":"Diputados","('0180-S-2012', 1)":"Senado","('0180-S-2012', 2)":"Senado","('0180-S-2012', 3)":"Diputados"},"('Tramites', 'MOVIMIENTO')":{"('0180-S-2012', 0)":"SOLICITUD DE SER COFIRMANTE DEL SENADOR ROLDAN (A SUS ANTECEDENTES)","('0180-S-2012', 1)":"MOCION SOBRE TABLAS (AFIRMATIVA)","('0180-S-2012', 2)":"CONSIDERACION Y APROBACION","('0180-S-2012', 3)":"PASA A DIPUTADOS -"},"('Tramites', 'FECHA')":{"('0180-S-2012', 0)":"14\/11\/2012","('0180-S-2012', 1)":"28\/11\/2012","('0180-S-2012', 2)":"28\/11\/2012","('0180-S-2012', 3)":null},"('Tramites', 'RESULTADO')":{"('0180-S-2012', 0)":null,"('0180-S-2012', 1)":null,"('0180-S-2012', 2)":"MEDIA SANCION","('0180-S-2012', 3)":null},"Link":{"('0180-S-2012', 0)":"http:\/\/www.senado.gov.ar\/parlamentario\/comisiones\/verExp\/2941.12\/S\/PL","('0180-S-2012', 1)":null,"('0180-S-2012', 2)":null,"('0180-S-2012', 3)":null},"Palabra Clave":{"('0180-S-2012', 0)":" ","('0180-S-2012', 1)":null,"('0180-S-2012', 2)":null,"('0180-S-2012', 3)":null}}