{"Tipo de Proyecto":{"('0181-S-2012', 0)":"PROYECTO DE LEY"},"Iniciado en: ":{"('0181-S-2012', 0)":"Senado"},"Expediente Senado: ":{"('0181-S-2012', 0)":"0181-S-2012"},"Publicado en: ":{"('0181-S-2012', 0)":"Diario de Asuntos Entrados N\u00b0 14"},"Fecha: ":{"('0181-S-2012', 0)":"05\/03\/2012"},"T\u00edtulo":{"('0181-S-2012', 0)":"GARANTIZAR EL DERECHO DE ACCESO A TODO LUGAR A PERSONAS CON DISCAPACIDAD QUE UTILICEN PERROS DE ASISTENCIA (REPRODUCCION DEL EXPEDIENTE 0721-S-10)."},"('Firmantes', 'FIRMANTE')":{"('0181-S-2012', 0)":"LORES, HORACIO"},"('Firmantes', 'DISTRITO')":{"('0181-S-2012', 0)":"NEUQUEN"},"('Firmantes', 'BLOQUE')":{"('0181-S-2012', 0)":"MOV POP NEUQUINO"},"Sumario":{"('0181-S-2012', 0)":"SUJETOS; DEFINICION DE PERROS DE ASISTENCIA; REGISTRO DE PERSONAS CON DISCAPACIDAD QUE UTILICEN PERROS DE ASISTENCIA Y ESCUELAS DE ADIESTRAMIENTO; CERTIFICACIONES; DERECHOS Y OBLIGACIONES ADQUIRIDOS; REGIMEN DE SANCIONES."},"Palabra Clave":{"('0181-S-2012', 0)":" "}}