{"Tipo de Proyecto":{"('0181-D-2012', 0)":"PROYECTO DE DECLARACI\u00d3N"},"Iniciado en: ":{"('0181-D-2012', 0)":"Diputados"},"Expediente Diputados: ":{"('0181-D-2012', 0)":"0181-D-2012"},"Publicado en: ":{"('0181-D-2012', 0)":"Tr\u00e1mite Parlamentario N\u00b0 2"},"Fecha: ":{"('0181-D-2012', 0)":"05\/03\/2012"},"T\u00edtulo":{"('0181-D-2012', 0)":"EXPRESAR CONDOLENCIAS A LOS FAMILIARES Y AMIGOS DE LAS VICTIMAS DEL ACCIDENTE FERROVIARIO OCURRIDO EL DIA 22 DE FEBRERO DE 2012 EN LA ESTACION ONCE DEL FERROCARRIL GENERAL SARMIENTO."},"('Firmantes', 'FIRMANTE')":{"('0181-D-2012', 0)":"CASELLES, GRACIELA MARIA"},"('Firmantes', 'DISTRITO')":{"('0181-D-2012', 0)":"SAN JUAN"},"('Firmantes', 'BLOQUE')":{"('0181-D-2012', 0)":"FRENTE PARA LA VICTORIA - PARTIDO BLOQUISTA"},"('Giros', 'COMISI\u00d3N')":{"('0181-D-2012', 0)":"TRANSPORTES"},"('Tramites', 'C\u00c1MARA')":{"('0181-D-2012', 0)":"Diputados"},"('Tramites', 'MOVIMIENTO')":{"('0181-D-2012', 0)":"APROBACION ARTICULO 114 DEL REGLAMENTO DE LA H CAMARA DE DIPUTADOS; COMUNICADO EL 25\/06\/2012 CONJUNTAMENTE PARA LOS EXPEDIENTES 0104-D-2012, 0222-D-2012, 0181-D-2012 y 0342-D-2012"},"('Tramites', 'FECHA')":{"('0181-D-2012', 0)":null},"('Tramites', 'RESULTADO')":{"('0181-D-2012', 0)":"APROBADO"},"Link":{"('0181-D-2012', 0)":"https:\/\/www.hcdn.gob.ar\/proyectos\/textoCompleto.jsp?exp=0181-D-2012&tipo=DECLARACION"},"Palabra Clave":{"('0181-D-2012', 0)":" "}}