{"Tipo de Proyecto":{"('0182-D-2012', 0)":"PROYECTO DE DECLARACI\u00d3N"},"Iniciado en: ":{"('0182-D-2012', 0)":"Diputados"},"Expediente Diputados: ":{"('0182-D-2012', 0)":"0182-D-2012"},"Publicado en: ":{"('0182-D-2012', 0)":"Tr\u00e1mite Parlamentario N\u00b0 2"},"Fecha: ":{"('0182-D-2012', 0)":"05\/03\/2012"},"T\u00edtulo":{"('0182-D-2012', 0)":"EXPRESAR BENEPLACITO POR LA CONFORMACION DE LA \"ORGANIZACION FEDERAL DE ESTADOS MINEROS (OFEMI)\"."},"('Firmantes', 'FIRMANTE')":{"('0182-D-2012', 0)":"CASELLES, GRACIELA MARIA"},"('Firmantes', 'DISTRITO')":{"('0182-D-2012', 0)":"SAN JUAN"},"('Firmantes', 'BLOQUE')":{"('0182-D-2012', 0)":"FRENTE PARA LA VICTORIA - PARTIDO BLOQUISTA"},"('Giros', 'COMISI\u00d3N')":{"('0182-D-2012', 0)":"MINERIA"},"('Tramites', 'C\u00c1MARA')":{"('0182-D-2012', 0)":"Diputados"},"('Tramites', 'MOVIMIENTO')":{"('0182-D-2012', 0)":"APROBACION ARTICULO 114 DEL REGLAMENTO DE LA H CAMARA DE DIPUTADOS; COMUNICADO EL 25\/06\/2012 CONJUNTAMENTE PARA LOS EXPEDIENTES 0182-D-2012 y 0870-D-2012"},"('Tramites', 'FECHA')":{"('0182-D-2012', 0)":null},"('Tramites', 'RESULTADO')":{"('0182-D-2012', 0)":"APROBADO"},"Palabra Clave":{"('0182-D-2012', 0)":" "}}