{"Tipo de Proyecto":{"('0182-S-2012', 0)":"PROYECTO DE LEY"},"Iniciado en: ":{"('0182-S-2012', 0)":"Senado"},"Expediente Senado: ":{"('0182-S-2012', 0)":"0182-S-2012"},"Publicado en: ":{"('0182-S-2012', 0)":"Diario de Asuntos Entrados N\u00b0 14"},"Fecha: ":{"('0182-S-2012', 0)":"05\/03\/2012"},"T\u00edtulo":{"('0182-S-2012', 0)":"CREACION DEL CONSEJO CONSULTIVO FEDERAL DE INFRAESTRUCTURA, PARA COORDINAR ENTRE NACION Y PROVINCIAS LAS OBRAS CON FINANCIACION DE LA CORPORACION ANDINA DE FOMENTO (REPRODUCCION DEL EXPEDIENTE 2797-S-08)."},"('Firmantes', 'FIRMANTE')":{"('0182-S-2012', 0)":"LORES, HORACIO"},"('Firmantes', 'DISTRITO')":{"('0182-S-2012', 0)":"NEUQUEN"},"('Firmantes', 'BLOQUE')":{"('0182-S-2012', 0)":"MOV POP NEUQUINO"},"Link":{"('0182-S-2012', 0)":"http:\/\/www.senado.gov.ar\/parlamentario\/comisiones\/verExp\/182.12\/S\/PL"},"Palabra Clave":{"('0182-S-2012', 0)":" "}}