{"Tipo de Proyecto":{"('0184-S-2012', 0)":"MENSAJE NRO: 2352\/12 Y PROYECTO DE LEY","('0184-S-2012', 1)":null,"('0184-S-2012', 2)":null,"('0184-S-2012', 3)":null},"Iniciado en: ":{"('0184-S-2012', 0)":"Senado","('0184-S-2012', 1)":null,"('0184-S-2012', 2)":null,"('0184-S-2012', 3)":null},"Expediente Diputados: ":{"('0184-S-2012', 0)":"0184-S-2012","('0184-S-2012', 1)":null,"('0184-S-2012', 2)":null,"('0184-S-2012', 3)":null},"Expediente Senado: ":{"('0184-S-2012', 0)":"0193-PE-2012","('0184-S-2012', 1)":null,"('0184-S-2012', 2)":null,"('0184-S-2012', 3)":null},"Publicado en: ":{"('0184-S-2012', 0)":"Diario de Asuntos Entrados N\u00b0 271","('0184-S-2012', 1)":null,"('0184-S-2012', 2)":null,"('0184-S-2012', 3)":null},"Fecha: ":{"('0184-S-2012', 0)":"18\/12\/2012","('0184-S-2012', 1)":null,"('0184-S-2012', 2)":null,"('0184-S-2012', 3)":null},"T\u00edtulo":{"('0184-S-2012', 0)":"APROBACION DEL CONVENIO DE RECONOCIMIENTO MUTUO DE TITULOS Y GRADOS ACADEMICOS DE EDUCACION SUPERIOR CON EL ESTADO PLURINACIONAL DE BOLIVIA, EL 18 DE JULIO DE 2012.","('0184-S-2012', 1)":null,"('0184-S-2012', 2)":null,"('0184-S-2012', 3)":null},"('Firmantes', 'FIRMANTE')":{"('0184-S-2012', 0)":"FERNANDEZ DE KIRCHNER, CRISTINA","('0184-S-2012', 1)":"ABAL MEDINA, JUAN MANUEL","('0184-S-2012', 2)":"TIMERMAN, HECTOR MARCOS","('0184-S-2012', 3)":null},"('Firmantes', 'DISTRITO')":{"('0184-S-2012', 0)":null,"('0184-S-2012', 1)":null,"('0184-S-2012', 2)":null,"('0184-S-2012', 3)":null},"('Firmantes', 'BLOQUE')":{"('0184-S-2012', 0)":"PODER EJECUTIVO","('0184-S-2012', 1)":"PODER EJECUTIVO","('0184-S-2012', 2)":"PODER EJECUTIVO","('0184-S-2012', 3)":null},"('Giros', 'COMISI\u00d3N')":{"('0184-S-2012', 0)":"RELACIONES EXTERIORES Y CULTO","('0184-S-2012', 1)":"EDUCACION","('0184-S-2012', 2)":null,"('0184-S-2012', 3)":null},"('Tramites', 'C\u00c1MARA')":{"('0184-S-2012', 0)":"Senado","('0184-S-2012', 1)":"Senado","('0184-S-2012', 2)":"Diputados","('0184-S-2012', 3)":"Diputados"},"('Tramites', 'MOVIMIENTO')":{"('0184-S-2012', 0)":"MOCION SOBRE TABLAS (AFIRMATIVA)","('0184-S-2012', 1)":"CONSIDERACION Y APROBACION","('0184-S-2012', 2)":"PASA A DIPUTADOS -","('0184-S-2012', 3)":"CONSIDERACION Y SANCION"},"('Tramites', 'FECHA')":{"('0184-S-2012', 0)":"19\/12\/2012","('0184-S-2012', 1)":"19\/12\/2012","('0184-S-2012', 2)":null,"('0184-S-2012', 3)":"05\/06\/2013"},"('Tramites', 'RESULTADO')":{"('0184-S-2012', 0)":null,"('0184-S-2012', 1)":"MEDIA SANCION","('0184-S-2012', 2)":null,"('0184-S-2012', 3)":"SANCIONADO"},"Link":{"('0184-S-2012', 0)":"http:\/\/www.senado.gov.ar\/web\/proyectos\/verExpe.php?origen=PE&nro_comision=&tipo=PL&numexp=193\/12&tConsulta=5","('0184-S-2012', 1)":null,"('0184-S-2012', 2)":null,"('0184-S-2012', 3)":null},"Palabra Clave":{"('0184-S-2012', 0)":" ","('0184-S-2012', 1)":null,"('0184-S-2012', 2)":null,"('0184-S-2012', 3)":null}}