{"Tipo de Proyecto":{"('0184-D-2012', 0)":"PROYECTO DE RESOLUCI\u00d3N"},"Iniciado en: ":{"('0184-D-2012', 0)":"Diputados"},"Expediente Diputados: ":{"('0184-D-2012', 0)":"0184-D-2012"},"Publicado en: ":{"('0184-D-2012', 0)":"Tr\u00e1mite Parlamentario N\u00b0 2"},"Fecha: ":{"('0184-D-2012', 0)":"05\/03\/2012"},"T\u00edtulo":{"('0184-D-2012', 0)":"DECLARAR DE INTERES DE LA HONORABLE CAMARA DE DIPUTADOS DE LA NACION LA CUMBRE LATINOAMERICANA DE TURISMO DE REUNIONES, A REALIZARSE DEL 4 AL 6 DE MARZO DE 2012 EN LA CIUDAD DE BARILOCHE, PROVINCIA DE RIO NEGRO."},"('Firmantes', 'FIRMANTE')":{"('0184-D-2012', 0)":"SALIM, JUAN ARTURO"},"('Firmantes', 'DISTRITO')":{"('0184-D-2012', 0)":"TUCUMAN"},"('Firmantes', 'BLOQUE')":{"('0184-D-2012', 0)":"FRENTE PARA LA VICTORIA - PJ"},"('Giros', 'COMISI\u00d3N')":{"('0184-D-2012', 0)":"TURISMO"},"('Tramites', 'C\u00c1MARA')":{"('0184-D-2012', 0)":"Diputados"},"('Tramites', 'MOVIMIENTO')":{"('0184-D-2012', 0)":"APROBACION ARTICULO 114 DEL REGLAMENTO DE LA H CAMARA DE DIPUTADOS; COMUNICADO EL 14\/06\/2012"},"('Tramites', 'FECHA')":{"('0184-D-2012', 0)":null},"('Tramites', 'RESULTADO')":{"('0184-D-2012', 0)":"APROBADO"},"Palabra Clave":{"('0184-D-2012', 0)":" "}}