{"Tipo de Proyecto":{"('0185-D-2012', 0)":"PROYECTO DE RESOLUCI\u00d3N"},"Iniciado en: ":{"('0185-D-2012', 0)":"Diputados"},"Expediente Diputados: ":{"('0185-D-2012', 0)":"0185-D-2012"},"Publicado en: ":{"('0185-D-2012', 0)":"Tr\u00e1mite Parlamentario N\u00b0 2"},"Fecha: ":{"('0185-D-2012', 0)":"05\/03\/2012"},"T\u00edtulo":{"('0185-D-2012', 0)":"DECLARAR DE INTERES DE LA HONORABLE CAMARA DE DIPUTADOS DE LA NACION LA EXPOSICION INTERNACIONAL DE ORGANIZADORES DE EVENTOS Y TURISMO DE REUNIONES \"EXPO EVENTOS\" EDICION 2012, A REALIZARSE DEL 14 AL 16 DE AGOSTO DE 2012 EN LA CIUDAD AUTONOMA DE BUENOS AIRES."},"('Firmantes', 'FIRMANTE')":{"('0185-D-2012', 0)":"SALIM, JUAN ARTURO"},"('Firmantes', 'DISTRITO')":{"('0185-D-2012', 0)":"TUCUMAN"},"('Firmantes', 'BLOQUE')":{"('0185-D-2012', 0)":"FRENTE PARA LA VICTORIA - PJ"},"('Giros', 'COMISI\u00d3N')":{"('0185-D-2012', 0)":"TURISMO"},"('Tramites', 'C\u00c1MARA')":{"('0185-D-2012', 0)":"Diputados"},"('Tramites', 'MOVIMIENTO')":{"('0185-D-2012', 0)":"APROBACION ARTICULO 114 DEL REGLAMENTO DE LA H CAMARA DE DIPUTADOS; COMUNICADO EL 14\/06\/2012"},"('Tramites', 'FECHA')":{"('0185-D-2012', 0)":null},"('Tramites', 'RESULTADO')":{"('0185-D-2012', 0)":"APROBADO"},"Palabra Clave":{"('0185-D-2012', 0)":" "}}