{"Tipo de Proyecto":{"('0185-S-2012', 0)":"MENSAJE NRO: 2340\/12 Y PROYECTO DE LEY","('0185-S-2012', 1)":null,"('0185-S-2012', 2)":null,"('0185-S-2012', 3)":null},"Iniciado en: ":{"('0185-S-2012', 0)":"Senado","('0185-S-2012', 1)":null,"('0185-S-2012', 2)":null,"('0185-S-2012', 3)":null},"Expediente Diputados: ":{"('0185-S-2012', 0)":"0185-S-2012","('0185-S-2012', 1)":null,"('0185-S-2012', 2)":null,"('0185-S-2012', 3)":null},"Expediente Senado: ":{"('0185-S-2012', 0)":"0192-PE-2012","('0185-S-2012', 1)":null,"('0185-S-2012', 2)":null,"('0185-S-2012', 3)":null},"Publicado en: ":{"('0185-S-2012', 0)":"Diario de Asuntos Entrados N\u00b0 269","('0185-S-2012', 1)":null,"('0185-S-2012', 2)":null,"('0185-S-2012', 3)":null},"Fecha: ":{"('0185-S-2012', 0)":"11\/12\/2012","('0185-S-2012', 1)":null,"('0185-S-2012', 2)":null,"('0185-S-2012', 3)":null},"T\u00edtulo":{"('0185-S-2012', 0)":"APROBACION DE LA CONVENCION PARA REDUCIR LOS CASOS DE APATRIDIA, ADOPTADA EN NUEVA YORK, ESTADOS UNIDOS DE AMERICA, EL 30 DE AGOSTO DE 1961, CON LAS CORRECCIONES AL TEXTO EN ESPA\u00d1OL APROBADAS MEDIANTE EL ACTA DE RECTIFICACION, HECHA EN NUEVA YORK EL 27 DE OCTUBRE DE 2011. ","('0185-S-2012', 1)":null,"('0185-S-2012', 2)":null,"('0185-S-2012', 3)":null},"('Firmantes', 'FIRMANTE')":{"('0185-S-2012', 0)":"FERNANDEZ DE KIRCHNER, CRISTINA","('0185-S-2012', 1)":"ABAL MEDINA, JUAN MANUEL","('0185-S-2012', 2)":"TIMERMAN, HECTOR MARCOS","('0185-S-2012', 3)":null},"('Firmantes', 'DISTRITO')":{"('0185-S-2012', 0)":null,"('0185-S-2012', 1)":null,"('0185-S-2012', 2)":null,"('0185-S-2012', 3)":null},"('Firmantes', 'BLOQUE')":{"('0185-S-2012', 0)":"PODER EJECUTIVO","('0185-S-2012', 1)":"PODER EJECUTIVO","('0185-S-2012', 2)":"PODER EJECUTIVO","('0185-S-2012', 3)":null},"('Giros', 'COMISI\u00d3N')":{"('0185-S-2012', 0)":"RELACIONES EXTERIORES Y CULTO","('0185-S-2012', 1)":"ASUNTOS CONSTITUCIONALES","('0185-S-2012', 2)":null,"('0185-S-2012', 3)":null},"('Tramites', 'C\u00c1MARA')":{"('0185-S-2012', 0)":"Senado","('0185-S-2012', 1)":"Senado","('0185-S-2012', 2)":"Diputados","('0185-S-2012', 3)":"Diputados"},"('Tramites', 'MOVIMIENTO')":{"('0185-S-2012', 0)":"MOCION SOBRE TABLAS (AFIRMATIVA)","('0185-S-2012', 1)":"CONSIDERACION Y APROBACION","('0185-S-2012', 2)":"PASA A DIPUTADOS -","('0185-S-2012', 3)":"CONSIDERACION Y SANCION"},"('Tramites', 'FECHA')":{"('0185-S-2012', 0)":"19\/12\/2012","('0185-S-2012', 1)":"19\/12\/2012","('0185-S-2012', 2)":null,"('0185-S-2012', 3)":"02\/07\/2014"},"('Tramites', 'RESULTADO')":{"('0185-S-2012', 0)":null,"('0185-S-2012', 1)":"MEDIA SANCION","('0185-S-2012', 2)":null,"('0185-S-2012', 3)":"SANCIONADO"},"Link":{"('0185-S-2012', 0)":"http:\/\/www.senado.gov.ar\/web\/proyectos\/verExpe.php?origen=PE&nro_comision=&tipo=PL&numexp=192\/12&tConsulta=5","('0185-S-2012', 1)":null,"('0185-S-2012', 2)":null,"('0185-S-2012', 3)":null},"Palabra Clave":{"('0185-S-2012', 0)":" ","('0185-S-2012', 1)":null,"('0185-S-2012', 2)":null,"('0185-S-2012', 3)":null}}