{"Tipo de Proyecto":{"('0187-D-2012', 0)":"PROYECTO DE RESOLUCI\u00d3N"},"Iniciado en: ":{"('0187-D-2012', 0)":"Diputados"},"Expediente Diputados: ":{"('0187-D-2012', 0)":"0187-D-2012"},"Publicado en: ":{"('0187-D-2012', 0)":"Tr\u00e1mite Parlamentario N\u00b0 2"},"Fecha: ":{"('0187-D-2012', 0)":"05\/03\/2012"},"T\u00edtulo":{"('0187-D-2012', 0)":"EXPRESAR BENEPLACITO POR LA CELEBRACION DEL \"DIA NACIONAL DEL GUIA DE TURISMO\", EL 31 DE MAYO DE 2012."},"('Firmantes', 'FIRMANTE')":{"('0187-D-2012', 0)":"SALIM, JUAN ARTURO"},"('Firmantes', 'DISTRITO')":{"('0187-D-2012', 0)":"TUCUMAN"},"('Firmantes', 'BLOQUE')":{"('0187-D-2012', 0)":"FRENTE PARA LA VICTORIA - PJ"},"('Giros', 'COMISI\u00d3N')":{"('0187-D-2012', 0)":"TURISMO"},"('Tramites', 'C\u00c1MARA')":{"('0187-D-2012', 0)":"Diputados"},"('Tramites', 'MOVIMIENTO')":{"('0187-D-2012', 0)":"APROBACION ARTICULO 114 DEL REGLAMENTO DE LA H CAMARA DE DIPUTADOS; COMUNICADO EL 14\/06\/2012"},"('Tramites', 'FECHA')":{"('0187-D-2012', 0)":null},"('Tramites', 'RESULTADO')":{"('0187-D-2012', 0)":"APROBADO"},"Link":{"('0187-D-2012', 0)":"https:\/\/www.hcdn.gob.ar\/proyectos\/textoCompleto.jsp?exp=0187-D-2012&tipo=RESOLUCION"},"Palabra Clave":{"('0187-D-2012', 0)":" "}}