{"Tipo de Proyecto":{"('0188-D-2012', 0)":"PROYECTO DE RESOLUCI\u00d3N"},"Iniciado en: ":{"('0188-D-2012', 0)":"Diputados"},"Expediente Diputados: ":{"('0188-D-2012', 0)":"0188-D-2012"},"Publicado en: ":{"('0188-D-2012', 0)":"Tr\u00e1mite Parlamentario N\u00b0 2"},"Fecha: ":{"('0188-D-2012', 0)":"05\/03\/2012"},"T\u00edtulo":{"('0188-D-2012', 0)":"EXPRESAR BENEPLACITO POR EL CONVENIO SUSCRIPTO ENTRE EL MINISTERIO DE TURISMO DE LA NACION Y EL BANCO DE INVERSION Y COMERCIO EXTERIOR, EL DIA 16 DE FEBRERO DE 2012 EN LA CIUDAD DE EL CALAFATE, PROVINCIA DE SANTA CRUZ."},"('Firmantes', 'FIRMANTE')":{"('0188-D-2012', 0)":"SALIM, JUAN ARTURO"},"('Firmantes', 'DISTRITO')":{"('0188-D-2012', 0)":"TUCUMAN"},"('Firmantes', 'BLOQUE')":{"('0188-D-2012', 0)":"FRENTE PARA LA VICTORIA - PJ"},"('Giros', 'COMISI\u00d3N')":{"('0188-D-2012', 0)":"TURISMO"},"('Tramites', 'C\u00c1MARA')":{"('0188-D-2012', 0)":"Diputados"},"('Tramites', 'MOVIMIENTO')":{"('0188-D-2012', 0)":"APROBACION ARTICULO 114 DEL REGLAMENTO DE LA H CAMARA DE DIPUTADOS; COMUNICADO EL 14\/06\/2012"},"('Tramites', 'FECHA')":{"('0188-D-2012', 0)":null},"('Tramites', 'RESULTADO')":{"('0188-D-2012', 0)":"APROBADO"},"Palabra Clave":{"('0188-D-2012', 0)":" "}}