{"Tipo de Proyecto":{"('0188-S-2012', 0)":"MENSAJE NRO: 1582\/12 Y PROYECTO DE LEY","('0188-S-2012', 1)":null,"('0188-S-2012', 2)":null},"Iniciado en: ":{"('0188-S-2012', 0)":"Senado","('0188-S-2012', 1)":null,"('0188-S-2012', 2)":null},"Expediente Diputados: ":{"('0188-S-2012', 0)":"0188-S-2012","('0188-S-2012', 1)":null,"('0188-S-2012', 2)":null},"Expediente Senado: ":{"('0188-S-2012', 0)":"0130-PE-2012","('0188-S-2012', 1)":null,"('0188-S-2012', 2)":null},"Publicado en: ":{"('0188-S-2012', 0)":"Diario de Asuntos Entrados N\u00b0 181","('0188-S-2012', 1)":null,"('0188-S-2012', 2)":null},"Fecha: ":{"('0188-S-2012', 0)":"31\/08\/2012","('0188-S-2012', 1)":null,"('0188-S-2012', 2)":null},"T\u00edtulo":{"('0188-S-2012', 0)":"APROBACION DEL ACUERDO DE SEDE CON LA CORTE PERMANENTE DE ARBITRAJE, SUSCRIPTO EN LA HAYA, REINO DE LOS PAISES BAJOS, EL 12 DE MAYO DE 2009. ","('0188-S-2012', 1)":null,"('0188-S-2012', 2)":null},"('Firmantes', 'FIRMANTE')":{"('0188-S-2012', 0)":"FERNANDEZ DE KIRCHNER, CRISTINA","('0188-S-2012', 1)":"ABAL MEDINA, JUAN MANUEL","('0188-S-2012', 2)":"TIMERMAN, HECTOR MARCOS"},"('Firmantes', 'DISTRITO')":{"('0188-S-2012', 0)":null,"('0188-S-2012', 1)":null,"('0188-S-2012', 2)":null},"('Firmantes', 'BLOQUE')":{"('0188-S-2012', 0)":"PODER EJECUTIVO","('0188-S-2012', 1)":"PODER EJECUTIVO","('0188-S-2012', 2)":"PODER EJECUTIVO"},"('Giros', 'COMISI\u00d3N')":{"('0188-S-2012', 0)":"RELACIONES EXTERIORES Y CULTO","('0188-S-2012', 1)":"LEGISLACION GENERAL","('0188-S-2012', 2)":null},"('Tramites', 'C\u00c1MARA')":{"('0188-S-2012', 0)":"Senado","('0188-S-2012', 1)":"Diputados","('0188-S-2012', 2)":"Diputados"},"('Tramites', 'MOVIMIENTO')":{"('0188-S-2012', 0)":"CONSIDERACION Y APROBACION","('0188-S-2012', 1)":"PASA A DIPUTADOS -","('0188-S-2012', 2)":"CONSIDERACION Y SANCION"},"('Tramites', 'FECHA')":{"('0188-S-2012', 0)":"28\/11\/2012","('0188-S-2012', 1)":null,"('0188-S-2012', 2)":"03\/07\/2013"},"('Tramites', 'RESULTADO')":{"('0188-S-2012', 0)":"MEDIA SANCION","('0188-S-2012', 1)":null,"('0188-S-2012', 2)":"SANCIONADO"},"Link":{"('0188-S-2012', 0)":"http:\/\/www.senado.gov.ar\/web\/proyectos\/verExpe.php?origen=PE&nro_comision=&tipo=PL&numexp=130\/12&tConsulta=5","('0188-S-2012', 1)":null,"('0188-S-2012', 2)":null},"Palabra Clave":{"('0188-S-2012', 0)":" ","('0188-S-2012', 1)":null,"('0188-S-2012', 2)":null}}