{"Tipo de Proyecto":{"('0190-S-2012', 0)":"MENSAJE NRO: 1677\/12 Y PROYECTO DE LEY","('0190-S-2012', 1)":null,"('0190-S-2012', 2)":null},"Iniciado en: ":{"('0190-S-2012', 0)":"Senado","('0190-S-2012', 1)":null,"('0190-S-2012', 2)":null},"Expediente Diputados: ":{"('0190-S-2012', 0)":"0190-S-2012","('0190-S-2012', 1)":null,"('0190-S-2012', 2)":null},"Expediente Senado: ":{"('0190-S-2012', 0)":"0151-PE-2012","('0190-S-2012', 1)":null,"('0190-S-2012', 2)":null},"Publicado en: ":{"('0190-S-2012', 0)":"Diario de Asuntos Entrados N\u00b0 198","('0190-S-2012', 1)":null,"('0190-S-2012', 2)":null},"Fecha: ":{"('0190-S-2012', 0)":"18\/09\/2012","('0190-S-2012', 1)":null,"('0190-S-2012', 2)":null},"T\u00edtulo":{"('0190-S-2012', 0)":"APROBACION DE LOS INSTRUMENTOS DE ENMIENDA A LA CONSTITUCION, AL CONVENIO Y AL REGLAMENTO GENERAL DE LAS CONFERENCIAS ASAMBLEAS Y REUNIONES DE LA UNION INTERNACIONAL DE TELECOMUNICACIONES, ADOPTADOS EN GUADALAJARA, ESTADOS UNIDOS MEXICANOS, EL 22 DE OCTUBRE DE 2010.","('0190-S-2012', 1)":null,"('0190-S-2012', 2)":null},"('Firmantes', 'FIRMANTE')":{"('0190-S-2012', 0)":"FERNANDEZ DE KIRCHNER, CRISTINA","('0190-S-2012', 1)":"TIMERMAN, HECTOR MARCOS","('0190-S-2012', 2)":"ABAL MEDINA, JUAN MANUEL"},"('Firmantes', 'DISTRITO')":{"('0190-S-2012', 0)":null,"('0190-S-2012', 1)":null,"('0190-S-2012', 2)":null},"('Firmantes', 'BLOQUE')":{"('0190-S-2012', 0)":"PODER EJECUTIVO","('0190-S-2012', 1)":"PODER EJECUTIVO","('0190-S-2012', 2)":"PODER EJECUTIVO"},"('Giros', 'COMISI\u00d3N')":{"('0190-S-2012', 0)":"RELACIONES EXTERIORES Y CULTO","('0190-S-2012', 1)":"COMUNICACIONES E INFORMATICA","('0190-S-2012', 2)":null},"('Tramites', 'C\u00c1MARA')":{"('0190-S-2012', 0)":"Senado","('0190-S-2012', 1)":"Diputados","('0190-S-2012', 2)":"Diputados"},"('Tramites', 'MOVIMIENTO')":{"('0190-S-2012', 0)":"CONSIDERACION Y APROBACION","('0190-S-2012', 1)":"PASA A DIPUTADOS -","('0190-S-2012', 2)":"CONSIDERACION Y SANCION"},"('Tramites', 'FECHA')":{"('0190-S-2012', 0)":"28\/11\/2012","('0190-S-2012', 1)":null,"('0190-S-2012', 2)":"19\/11\/2014"},"('Tramites', 'RESULTADO')":{"('0190-S-2012', 0)":"MEDIA SANCION","('0190-S-2012', 1)":null,"('0190-S-2012', 2)":"SANCIONADO"},"Link":{"('0190-S-2012', 0)":"http:\/\/www.senado.gov.ar\/web\/proyectos\/verExpe.php?origen=PE&nro_comision=&tipo=PL&numexp=151\/12&tConsulta=5","('0190-S-2012', 1)":null,"('0190-S-2012', 2)":null},"Palabra Clave":{"('0190-S-2012', 0)":" ","('0190-S-2012', 1)":null,"('0190-S-2012', 2)":null}}