{"Tipo de Proyecto":{"('0192-D-2012', 0)":"PROYECTO DE LEY","('0192-D-2012', 1)":null,"('0192-D-2012', 2)":null,"('0192-D-2012', 3)":null,"('0192-D-2012', 4)":null,"('0192-D-2012', 5)":null},"Iniciado en: ":{"('0192-D-2012', 0)":"Diputados","('0192-D-2012', 1)":null,"('0192-D-2012', 2)":null,"('0192-D-2012', 3)":null,"('0192-D-2012', 4)":null,"('0192-D-2012', 5)":null},"Expediente Diputados: ":{"('0192-D-2012', 0)":"0192-D-2012","('0192-D-2012', 1)":null,"('0192-D-2012', 2)":null,"('0192-D-2012', 3)":null,"('0192-D-2012', 4)":null,"('0192-D-2012', 5)":null},"Publicado en: ":{"('0192-D-2012', 0)":"Tr\u00e1mite Parlamentario N\u00b0 2","('0192-D-2012', 1)":null,"('0192-D-2012', 2)":null,"('0192-D-2012', 3)":null,"('0192-D-2012', 4)":null,"('0192-D-2012', 5)":null},"Fecha: ":{"('0192-D-2012', 0)":"05\/03\/2012","('0192-D-2012', 1)":null,"('0192-D-2012', 2)":null,"('0192-D-2012', 3)":null,"('0192-D-2012', 4)":null,"('0192-D-2012', 5)":null},"T\u00edtulo":{"('0192-D-2012', 0)":"CODIGO DE MINERIA MODIFICACIONES, MODIFICACION DE LOS ARTICULOS 13 SOBRE EXPLOTACION; 36 PROHIBICIONES;  146 SERVIDUMBRES; 147 AGUAS CORRIENTES; 156 DERECHO; DEROGACION DE LOS  ARTICULOS 153 Y 158. ","('0192-D-2012', 1)":null,"('0192-D-2012', 2)":null,"('0192-D-2012', 3)":null,"('0192-D-2012', 4)":null,"('0192-D-2012', 5)":null},"('Firmantes', 'FIRMANTE')":{"('0192-D-2012', 0)":"RIESTRA, ANTONIO SABINO","('0192-D-2012', 1)":"ITURRASPE, NORA GRACIELA","('0192-D-2012', 2)":"MILMAN, GERARDO FABIAN","('0192-D-2012', 3)":"DONDA PEREZ, VICTORIA ANALIA","('0192-D-2012', 4)":"DE GENNARO, VICTOR NORBERTO","('0192-D-2012', 5)":"LOZANO, CLAUDIO RAUL"},"('Firmantes', 'DISTRITO')":{"('0192-D-2012', 0)":"SANTA FE","('0192-D-2012', 1)":"BUENOS AIRES","('0192-D-2012', 2)":"BUENOS AIRES","('0192-D-2012', 3)":"BUENOS AIRES","('0192-D-2012', 4)":"BUENOS AIRES","('0192-D-2012', 5)":"CIUDAD de BUENOS AIRES"},"('Firmantes', 'BLOQUE')":{"('0192-D-2012', 0)":"UNIDAD POPULAR","('0192-D-2012', 1)":"UNIDAD POPULAR","('0192-D-2012', 2)":"GEN","('0192-D-2012', 3)":"LIBRES DEL SUR","('0192-D-2012', 4)":"UNIDAD POPULAR","('0192-D-2012', 5)":"UNIDAD POPULAR"},"('Giros', 'COMISI\u00d3N')":{"('0192-D-2012', 0)":"MINERIA","('0192-D-2012', 1)":"LEGISLACION GENERAL","('0192-D-2012', 2)":null,"('0192-D-2012', 3)":null,"('0192-D-2012', 4)":null,"('0192-D-2012', 5)":null},"Link":{"('0192-D-2012', 0)":"https:\/\/www.hcdn.gob.ar\/proyectos\/textoCompleto.jsp?exp=0192-D-2012&tipo=LEY","('0192-D-2012', 1)":null,"('0192-D-2012', 2)":null,"('0192-D-2012', 3)":null,"('0192-D-2012', 4)":null,"('0192-D-2012', 5)":null},"Palabra Clave":{"('0192-D-2012', 0)":" ","('0192-D-2012', 1)":null,"('0192-D-2012', 2)":null,"('0192-D-2012', 3)":null,"('0192-D-2012', 4)":null,"('0192-D-2012', 5)":null}}