{"Tipo de Proyecto":{"('0192-S-2012', 0)":"MENSAJE NRO: 1678\/12 Y PROYECTO DE LEY","('0192-S-2012', 1)":null,"('0192-S-2012', 2)":null,"('0192-S-2012', 3)":null},"Iniciado en: ":{"('0192-S-2012', 0)":"Senado","('0192-S-2012', 1)":null,"('0192-S-2012', 2)":null,"('0192-S-2012', 3)":null},"Expediente Diputados: ":{"('0192-S-2012', 0)":"0192-S-2012","('0192-S-2012', 1)":null,"('0192-S-2012', 2)":null,"('0192-S-2012', 3)":null},"Expediente Senado: ":{"('0192-S-2012', 0)":"0152-PE-2012","('0192-S-2012', 1)":null,"('0192-S-2012', 2)":null,"('0192-S-2012', 3)":null},"Publicado en: ":{"('0192-S-2012', 0)":"Diario de Asuntos Entrados N\u00b0 198","('0192-S-2012', 1)":null,"('0192-S-2012', 2)":null,"('0192-S-2012', 3)":null},"Fecha: ":{"('0192-S-2012', 0)":"18\/09\/2012","('0192-S-2012', 1)":null,"('0192-S-2012', 2)":null,"('0192-S-2012', 3)":null},"T\u00edtulo":{"('0192-S-2012', 0)":"APROBACION DEL CONVENIO SOBRE SEGURIDAD SOCIAL CON EL REINO DE BELGICA, CELEBRADO EN BUENOS AIRES EL 3 DE MARZO DE 2010.","('0192-S-2012', 1)":null,"('0192-S-2012', 2)":null,"('0192-S-2012', 3)":null},"('Firmantes', 'FIRMANTE')":{"('0192-S-2012', 0)":"FERNANDEZ DE KIRCHNER, CRISTINA","('0192-S-2012', 1)":"TIMERMAN, HECTOR MARCOS","('0192-S-2012', 2)":"TOMADA, CARLOS","('0192-S-2012', 3)":"ABAL MEDINA, JUAN MANUEL"},"('Firmantes', 'DISTRITO')":{"('0192-S-2012', 0)":null,"('0192-S-2012', 1)":null,"('0192-S-2012', 2)":null,"('0192-S-2012', 3)":null},"('Firmantes', 'BLOQUE')":{"('0192-S-2012', 0)":"PODER EJECUTIVO","('0192-S-2012', 1)":"PODER EJECUTIVO","('0192-S-2012', 2)":"PODER EJECUTIVO","('0192-S-2012', 3)":"PODER EJECUTIVO"},"('Giros', 'COMISI\u00d3N')":{"('0192-S-2012', 0)":"RELACIONES EXTERIORES Y CULTO","('0192-S-2012', 1)":"PREVISION Y SEGURIDAD SOCIAL","('0192-S-2012', 2)":null,"('0192-S-2012', 3)":null},"('Tramites', 'C\u00c1MARA')":{"('0192-S-2012', 0)":"Senado","('0192-S-2012', 1)":"Diputados","('0192-S-2012', 2)":"Diputados","('0192-S-2012', 3)":null},"('Tramites', 'MOVIMIENTO')":{"('0192-S-2012', 0)":"CONSIDERACION Y APROBACION","('0192-S-2012', 1)":"PASA A DIPUTADOS -","('0192-S-2012', 2)":"CONSIDERACION Y SANCION","('0192-S-2012', 3)":null},"('Tramites', 'FECHA')":{"('0192-S-2012', 0)":"28\/11\/2012","('0192-S-2012', 1)":null,"('0192-S-2012', 2)":"02\/07\/2014","('0192-S-2012', 3)":null},"('Tramites', 'RESULTADO')":{"('0192-S-2012', 0)":"MEDIA SANCION","('0192-S-2012', 1)":null,"('0192-S-2012', 2)":"SANCIONADO","('0192-S-2012', 3)":null},"Link":{"('0192-S-2012', 0)":"http:\/\/www.senado.gov.ar\/web\/proyectos\/verExpe.php?origen=PE&nro_comision=&tipo=PL&numexp=152\/12&tConsulta=5","('0192-S-2012', 1)":null,"('0192-S-2012', 2)":null,"('0192-S-2012', 3)":null},"Palabra Clave":{"('0192-S-2012', 0)":" ","('0192-S-2012', 1)":null,"('0192-S-2012', 2)":null,"('0192-S-2012', 3)":null}}