{"Tipo de Proyecto":{"('0193-S-2012', 0)":"MENSAJE NRO: 1882\/12 Y PROYECTO DE LEY","('0193-S-2012', 1)":null,"('0193-S-2012', 2)":null},"Iniciado en: ":{"('0193-S-2012', 0)":"Senado","('0193-S-2012', 1)":null,"('0193-S-2012', 2)":null},"Expediente Diputados: ":{"('0193-S-2012', 0)":"0193-S-2012","('0193-S-2012', 1)":null,"('0193-S-2012', 2)":null},"Expediente Senado: ":{"('0193-S-2012', 0)":"0161-PE-2012","('0193-S-2012', 1)":null,"('0193-S-2012', 2)":null},"Publicado en: ":{"('0193-S-2012', 0)":"Diario de Asuntos Entrados N\u00b0 214","('0193-S-2012', 1)":null,"('0193-S-2012', 2)":null},"Fecha: ":{"('0193-S-2012', 0)":"09\/10\/2012","('0193-S-2012', 1)":null,"('0193-S-2012', 2)":null},"T\u00edtulo":{"('0193-S-2012', 0)":"APROBACION DEL ACUERDO DE SUSCRIPCION DE ACCIONES DE CAPITAL ORDINARIO SERIE \"B\", FIRMADO CON LA CORPORACION ANDINA DE FOMENTO (CAF), EN LA CIUDAD AUTONOMA DE BUENOS AIRES EL 2 DE MARZO DE 2012 Y EN LA CIUDAD DE CARACAS EL 6 DE MARZO DE 2012. ","('0193-S-2012', 1)":null,"('0193-S-2012', 2)":null},"('Firmantes', 'FIRMANTE')":{"('0193-S-2012', 0)":"FERNANDEZ DE KIRCHNER, CRISTINA","('0193-S-2012', 1)":"ABAL MEDINA, JUAN MANUEL","('0193-S-2012', 2)":"LORENZINO, HERNAN"},"('Firmantes', 'DISTRITO')":{"('0193-S-2012', 0)":null,"('0193-S-2012', 1)":null,"('0193-S-2012', 2)":null},"('Firmantes', 'BLOQUE')":{"('0193-S-2012', 0)":"PODER EJECUTIVO","('0193-S-2012', 1)":"PODER EJECUTIVO","('0193-S-2012', 2)":"PODER EJECUTIVO"},"('Giros', 'COMISI\u00d3N')":{"('0193-S-2012', 0)":"RELACIONES EXTERIORES Y CULTO","('0193-S-2012', 1)":"PRESUPUESTO Y HACIENDA","('0193-S-2012', 2)":null},"('Tramites', 'C\u00c1MARA')":{"('0193-S-2012', 0)":"Senado","('0193-S-2012', 1)":"Diputados","('0193-S-2012', 2)":"Diputados"},"('Tramites', 'MOVIMIENTO')":{"('0193-S-2012', 0)":"CONSIDERACION Y APROBACION","('0193-S-2012', 1)":"PASA A DIPUTADOS -","('0193-S-2012', 2)":"CONSIDERACION Y SANCION"},"('Tramites', 'FECHA')":{"('0193-S-2012', 0)":"28\/11\/2012","('0193-S-2012', 1)":null,"('0193-S-2012', 2)":"11\/09\/2013"},"('Tramites', 'RESULTADO')":{"('0193-S-2012', 0)":"MEDIA SANCION","('0193-S-2012', 1)":null,"('0193-S-2012', 2)":"SANCIONADO"},"Link":{"('0193-S-2012', 0)":"http:\/\/www.senado.gov.ar\/web\/proyectos\/verExpe.php?origen=PE&nro_comision=&tipo=PL&numexp=161\/12&tConsulta=5","('0193-S-2012', 1)":null,"('0193-S-2012', 2)":null},"Palabra Clave":{"('0193-S-2012', 0)":" ","('0193-S-2012', 1)":null,"('0193-S-2012', 2)":null}}