{"Tipo de Proyecto":{"('0193-D-2012', 0)":"PROYECTO DE DECLARACI\u00d3N","('0193-D-2012', 1)":null,"('0193-D-2012', 2)":null,"('0193-D-2012', 3)":null,"('0193-D-2012', 4)":null,"('0193-D-2012', 5)":null,"('0193-D-2012', 6)":null,"('0193-D-2012', 7)":null},"Iniciado en: ":{"('0193-D-2012', 0)":"Diputados","('0193-D-2012', 1)":null,"('0193-D-2012', 2)":null,"('0193-D-2012', 3)":null,"('0193-D-2012', 4)":null,"('0193-D-2012', 5)":null,"('0193-D-2012', 6)":null,"('0193-D-2012', 7)":null},"Expediente Diputados: ":{"('0193-D-2012', 0)":"0193-D-2012","('0193-D-2012', 1)":null,"('0193-D-2012', 2)":null,"('0193-D-2012', 3)":null,"('0193-D-2012', 4)":null,"('0193-D-2012', 5)":null,"('0193-D-2012', 6)":null,"('0193-D-2012', 7)":null},"Publicado en: ":{"('0193-D-2012', 0)":"Tr\u00e1mite Parlamentario N\u00b0 2","('0193-D-2012', 1)":null,"('0193-D-2012', 2)":null,"('0193-D-2012', 3)":null,"('0193-D-2012', 4)":null,"('0193-D-2012', 5)":null,"('0193-D-2012', 6)":null,"('0193-D-2012', 7)":null},"Fecha: ":{"('0193-D-2012', 0)":"05\/03\/2012","('0193-D-2012', 1)":null,"('0193-D-2012', 2)":null,"('0193-D-2012', 3)":null,"('0193-D-2012', 4)":null,"('0193-D-2012', 5)":null,"('0193-D-2012', 6)":null,"('0193-D-2012', 7)":null},"T\u00edtulo":{"('0193-D-2012', 0)":"SOLICITAR AL PODER EJECUTIVO DISPONGA CONSERVAR EL DOMINIO Y EL USO DE LAS TIERRAS LINDERAS AL CANAL VILLANUEVA, EN LAS INMEDIACIONES DE DIQUE LUJAN - VILLA LA \u00d1ATA, TIGRE, PROVINCIA DE BUENOS AIRES, CON EL FIN DE PRESERVAR Y PROTEGER EL PATRIMONIO ARQUEOLOGICO Y SITIOS SAGRADOS DE LOS PUEBLOS ORIGINARIOS.","('0193-D-2012', 1)":null,"('0193-D-2012', 2)":null,"('0193-D-2012', 3)":null,"('0193-D-2012', 4)":null,"('0193-D-2012', 5)":null,"('0193-D-2012', 6)":null,"('0193-D-2012', 7)":null},"('Firmantes', 'FIRMANTE')":{"('0193-D-2012', 0)":"RIESTRA, ANTONIO SABINO","('0193-D-2012', 1)":"ITURRASPE, NORA GRACIELA","('0193-D-2012', 2)":"DONDA PEREZ, VICTORIA ANALIA","('0193-D-2012', 3)":"MILMAN, GERARDO FABIAN","('0193-D-2012', 4)":"DE GENNARO, VICTOR NORBERTO","('0193-D-2012', 5)":"PARADA, LILIANA BEATRIZ","('0193-D-2012', 6)":"RASINO, ELIDA ELENA","('0193-D-2012', 7)":"LOZANO, CLAUDIO RAUL"},"('Firmantes', 'DISTRITO')":{"('0193-D-2012', 0)":"SANTA FE","('0193-D-2012', 1)":"BUENOS AIRES","('0193-D-2012', 2)":"BUENOS AIRES","('0193-D-2012', 3)":"BUENOS AIRES","('0193-D-2012', 4)":"BUENOS AIRES","('0193-D-2012', 5)":"CIUDAD de BUENOS AIRES","('0193-D-2012', 6)":"SANTA FE","('0193-D-2012', 7)":"CIUDAD de BUENOS AIRES"},"('Firmantes', 'BLOQUE')":{"('0193-D-2012', 0)":"UNIDAD POPULAR","('0193-D-2012', 1)":"UNIDAD POPULAR","('0193-D-2012', 2)":"LIBRES DEL SUR","('0193-D-2012', 3)":"GEN","('0193-D-2012', 4)":"UNIDAD POPULAR","('0193-D-2012', 5)":"UNIDAD POPULAR","('0193-D-2012', 6)":"PARTIDO SOCIALISTA","('0193-D-2012', 7)":"UNIDAD POPULAR"},"('Giros', 'COMISI\u00d3N')":{"('0193-D-2012', 0)":"LEGISLACION GENERAL","('0193-D-2012', 1)":"POBLACION Y DESARROLLO HUMANO","('0193-D-2012', 2)":null,"('0193-D-2012', 3)":null,"('0193-D-2012', 4)":null,"('0193-D-2012', 5)":null,"('0193-D-2012', 6)":null,"('0193-D-2012', 7)":null},"('Tramites', 'C\u00c1MARA')":{"('0193-D-2012', 0)":"Diputados","('0193-D-2012', 1)":null,"('0193-D-2012', 2)":null,"('0193-D-2012', 3)":null,"('0193-D-2012', 4)":null,"('0193-D-2012', 5)":null,"('0193-D-2012', 6)":null,"('0193-D-2012', 7)":null},"('Tramites', 'MOVIMIENTO')":{"('0193-D-2012', 0)":"SOLICITUD DE REPRODUCCION DEL PROYECTO PARA EL PERIODO 131 (2013), SEGUN LOS TERMINOS DEL ARTICULO 7 DE LA RESOLUCION DE LA HCD DEL 05\/06\/1996","('0193-D-2012', 1)":null,"('0193-D-2012', 2)":null,"('0193-D-2012', 3)":null,"('0193-D-2012', 4)":null,"('0193-D-2012', 5)":null,"('0193-D-2012', 6)":null,"('0193-D-2012', 7)":null},"('Tramites', 'FECHA')":{"('0193-D-2012', 0)":null,"('0193-D-2012', 1)":null,"('0193-D-2012', 2)":null,"('0193-D-2012', 3)":null,"('0193-D-2012', 4)":null,"('0193-D-2012', 5)":null,"('0193-D-2012', 6)":null,"('0193-D-2012', 7)":null},"('Tramites', 'RESULTADO')":{"('0193-D-2012', 0)":null,"('0193-D-2012', 1)":null,"('0193-D-2012', 2)":null,"('0193-D-2012', 3)":null,"('0193-D-2012', 4)":null,"('0193-D-2012', 5)":null,"('0193-D-2012', 6)":null,"('0193-D-2012', 7)":null},"Link":{"('0193-D-2012', 0)":"https:\/\/www.hcdn.gob.ar\/proyectos\/textoCompleto.jsp?exp=0193-D-2012&tipo=DECLARACION","('0193-D-2012', 1)":null,"('0193-D-2012', 2)":null,"('0193-D-2012', 3)":null,"('0193-D-2012', 4)":null,"('0193-D-2012', 5)":null,"('0193-D-2012', 6)":null,"('0193-D-2012', 7)":null},"Palabra Clave":{"('0193-D-2012', 0)":" ","('0193-D-2012', 1)":null,"('0193-D-2012', 2)":null,"('0193-D-2012', 3)":null,"('0193-D-2012', 4)":null,"('0193-D-2012', 5)":null,"('0193-D-2012', 6)":null,"('0193-D-2012', 7)":null}}