{"Tipo de Proyecto":{"('0194-S-2012', 0)":"MENSAJE NRO: 1944\/12 Y PROYECTO DE LEY","('0194-S-2012', 1)":null,"('0194-S-2012', 2)":null},"Iniciado en: ":{"('0194-S-2012', 0)":"Senado","('0194-S-2012', 1)":null,"('0194-S-2012', 2)":null},"Expediente Diputados: ":{"('0194-S-2012', 0)":"0194-S-2012","('0194-S-2012', 1)":null,"('0194-S-2012', 2)":null},"Expediente Senado: ":{"('0194-S-2012', 0)":"0169-PE-2012","('0194-S-2012', 1)":null,"('0194-S-2012', 2)":null},"Publicado en: ":{"('0194-S-2012', 0)":"Diario de Asuntos Entrados N\u00b0 219","('0194-S-2012', 1)":null,"('0194-S-2012', 2)":null},"Fecha: ":{"('0194-S-2012', 0)":"16\/10\/2012","('0194-S-2012', 1)":null,"('0194-S-2012', 2)":null},"T\u00edtulo":{"('0194-S-2012', 0)":"APROBACION DEL CONVENIO DE RECONOCIMIENTO DE TITULOS Y CERTIFICADOS DE ESTUDIOS DE EDUCACION PRIMARIA, EDUCACION GENERAL BASICA Y SECUNDARIA O SUS DENOMINACIONES EQUIVALENTES, CON LA REPUBLICA DOMINICANA, CELEBRADO EN BUENOS AIRES EL 12 DE MAYO DE 2011. ","('0194-S-2012', 1)":null,"('0194-S-2012', 2)":null},"('Firmantes', 'FIRMANTE')":{"('0194-S-2012', 0)":"FERNANDEZ DE KIRCHNER, CRISTINA","('0194-S-2012', 1)":"ABAL MEDINA, JUAN MANUEL","('0194-S-2012', 2)":"TIMERMAN, HECTOR MARCOS"},"('Firmantes', 'DISTRITO')":{"('0194-S-2012', 0)":null,"('0194-S-2012', 1)":null,"('0194-S-2012', 2)":null},"('Firmantes', 'BLOQUE')":{"('0194-S-2012', 0)":"PODER EJECUTIVO","('0194-S-2012', 1)":"PODER EJECUTIVO","('0194-S-2012', 2)":"PODER EJECUTIVO"},"('Giros', 'COMISI\u00d3N')":{"('0194-S-2012', 0)":"RELACIONES EXTERIORES Y CULTO","('0194-S-2012', 1)":"EDUCACION","('0194-S-2012', 2)":null},"('Tramites', 'C\u00c1MARA')":{"('0194-S-2012', 0)":"Senado","('0194-S-2012', 1)":"Diputados","('0194-S-2012', 2)":"Diputados"},"('Tramites', 'MOVIMIENTO')":{"('0194-S-2012', 0)":"CONSIDERACION Y APROBACION","('0194-S-2012', 1)":"PASA A DIPUTADOS -","('0194-S-2012', 2)":"CONSIDERACION Y SANCION"},"('Tramites', 'FECHA')":{"('0194-S-2012', 0)":"28\/11\/2012","('0194-S-2012', 1)":null,"('0194-S-2012', 2)":"19\/11\/2014"},"('Tramites', 'RESULTADO')":{"('0194-S-2012', 0)":"MEDIA SANCION","('0194-S-2012', 1)":null,"('0194-S-2012', 2)":"SANCIONADO"},"Link":{"('0194-S-2012', 0)":"http:\/\/www.senado.gov.ar\/web\/proyectos\/verExpe.php?origen=PE&nro_comision=&tipo=PL&numexp=169\/12&tConsulta=5","('0194-S-2012', 1)":null,"('0194-S-2012', 2)":null},"Palabra Clave":{"('0194-S-2012', 0)":" ","('0194-S-2012', 1)":null,"('0194-S-2012', 2)":null}}