{"Tipo de Proyecto":{"('0195-OV-2012', 0)":"PROYECTO DE RESOLUCI\u00d3N"},"Iniciado en: ":{"('0195-OV-2012', 0)":"Senado"},"Expediente Senado: ":{"('0195-OV-2012', 0)":"0195-OV-2012"},"Fecha: ":{"('0195-OV-2012', 0)":"26\/09\/2012"},"T\u00edtulo":{"('0195-OV-2012', 0)":"DICTAMEN EN LA RESOLUCION REMITIDA POR LA AUDITORIA GENERAL DE LA NACION (86\/12), SOBRE LOS ESTADOS FINANCIEROS DEL EJERCICIO FINALIZADO EL 31\/12\/11 CORRESPONDIENTES AL PNUD ARG\/07\/007 PROGRAMA DE CAPACITACION PERMANENTE, CONVENIO DE PRESTAMO 7474-AR BIRF."},"('Firmantes', 'FIRMANTE')":{"('0195-OV-2012', 0)":"PARLAMENTARIA MIXTA REVISORA DE CUENTAS"},"('Firmantes', 'DISTRITO')":{"('0195-OV-2012', 0)":null},"('Firmantes', 'BLOQUE')":{"('0195-OV-2012', 0)":null},"('Tramites', 'C\u00c1MARA')":{"('0195-OV-2012', 0)":"Senado"},"('Tramites', 'MOVIMIENTO')":{"('0195-OV-2012', 0)":"CONSIDERACION Y APROBACION"},"('Tramites', 'FECHA')":{"('0195-OV-2012', 0)":"14\/11\/2012"},"('Tramites', 'RESULTADO')":{"('0195-OV-2012', 0)":"APROBADO"},"Sumario":{"('0195-OV-2012', 0)":"HABIENDO TOMADO CONOCIMIENTO, Y SIN PERJUICIO DE ULTERIORES MEDIDAS QUE PUEDAN ADOPTARSE, SE ACONSEJA SU REMISION AL ARCHIVO."},"Palabra Clave":{"('0195-OV-2012', 0)":" "}}