{"Tipo de Proyecto":{"('0196-OV-2012', 0)":"PROYECTO DE RESOLUCI\u00d3N"},"Iniciado en: ":{"('0196-OV-2012', 0)":"Senado"},"Expediente Senado: ":{"('0196-OV-2012', 0)":"0196-OV-2012"},"Fecha: ":{"('0196-OV-2012', 0)":"26\/09\/2012"},"T\u00edtulo":{"('0196-OV-2012', 0)":"DICTAMEN EN LA RESOLUCION REMITIDA POR LA AUDITORIA GENERAL DE LA NACION (87\/12), SOBRE LOS ESTADOS FINANCIEROS DEL EJERCICIO FINALIZADO EL 31\/12\/11 CORRESPONDIENTES AL PNUD ARG\/06\/11, APOYO A LA TRANSICION DEL PROGRAMA JEFES DE HOGAR - CONVENIO DE PRESTAMO 7369 - AR BIRF."},"('Firmantes', 'FIRMANTE')":{"('0196-OV-2012', 0)":"PARLAMENTARIA MIXTA REVISORA DE CUENTAS"},"('Firmantes', 'DISTRITO')":{"('0196-OV-2012', 0)":null},"('Firmantes', 'BLOQUE')":{"('0196-OV-2012', 0)":null},"('Tramites', 'C\u00c1MARA')":{"('0196-OV-2012', 0)":"Senado"},"('Tramites', 'MOVIMIENTO')":{"('0196-OV-2012', 0)":"CONSIDERACION Y APROBACION"},"('Tramites', 'FECHA')":{"('0196-OV-2012', 0)":"14\/11\/2012"},"('Tramites', 'RESULTADO')":{"('0196-OV-2012', 0)":"APROBADO"},"Sumario":{"('0196-OV-2012', 0)":"HABIENDO TOMADO CONOCIMIENTO, Y SIN PERJUICIO DE ULTERIORES MEDIDAS QUE PUEDAN ADOPTARSE, SE ACONSEJA SU REMISION AL ARCHIVO."},"Palabra Clave":{"('0196-OV-2012', 0)":" "}}