{"Tipo de Proyecto":{"('0001-PE-2016', 0)":"MENSAJE NRO: 0436\/16 Y PROYECTO DE LEY","('0001-PE-2016', 1)":null,"('0001-PE-2016', 2)":null,"('0001-PE-2016', 3)":null,"('0001-PE-2016', 4)":null,"('0001-PE-2016', 5)":null,"('0001-PE-2016', 6)":null,"('0001-PE-2016', 7)":null,"('0001-PE-2016', 8)":null},"Iniciado en: ":{"('0001-PE-2016', 0)":"Diputados","('0001-PE-2016', 1)":null,"('0001-PE-2016', 2)":null,"('0001-PE-2016', 3)":null,"('0001-PE-2016', 4)":null,"('0001-PE-2016', 5)":null,"('0001-PE-2016', 6)":null,"('0001-PE-2016', 7)":null,"('0001-PE-2016', 8)":null},"Expediente Diputados: ":{"('0001-PE-2016', 0)":"0001-PE-2016","('0001-PE-2016', 1)":null,"('0001-PE-2016', 2)":null,"('0001-PE-2016', 3)":null,"('0001-PE-2016', 4)":null,"('0001-PE-2016', 5)":null,"('0001-PE-2016', 6)":null,"('0001-PE-2016', 7)":null,"('0001-PE-2016', 8)":null},"Expediente Senado: ":{"('0001-PE-2016', 0)":"0003-CD-2016","('0001-PE-2016', 1)":null,"('0001-PE-2016', 2)":null,"('0001-PE-2016', 3)":null,"('0001-PE-2016', 4)":null,"('0001-PE-2016', 5)":null,"('0001-PE-2016', 6)":null,"('0001-PE-2016', 7)":null,"('0001-PE-2016', 8)":null},"Publicado en: ":{"('0001-PE-2016', 0)":"Tr\u00e1mite Parlamentario N\u00b0 4","('0001-PE-2016', 1)":null,"('0001-PE-2016', 2)":null,"('0001-PE-2016', 3)":null,"('0001-PE-2016', 4)":null,"('0001-PE-2016', 5)":null,"('0001-PE-2016', 6)":null,"('0001-PE-2016', 7)":null,"('0001-PE-2016', 8)":null},"Fecha: ":{"('0001-PE-2016', 0)":"04\/03\/2016","('0001-PE-2016', 1)":null,"('0001-PE-2016', 2)":null,"('0001-PE-2016', 3)":null,"('0001-PE-2016', 4)":null,"('0001-PE-2016', 5)":null,"('0001-PE-2016', 6)":null,"('0001-PE-2016', 7)":null,"('0001-PE-2016', 8)":null},"T\u00edtulo":{"('0001-PE-2016', 0)":"MEDIDAS TENDIENTES A CANCELAR LA DEUDA EN CESACION DE PAGOS.","('0001-PE-2016', 1)":null,"('0001-PE-2016', 2)":null,"('0001-PE-2016', 3)":null,"('0001-PE-2016', 4)":null,"('0001-PE-2016', 5)":null,"('0001-PE-2016', 6)":null,"('0001-PE-2016', 7)":null,"('0001-PE-2016', 8)":null},"('Firmantes', 'FIRMANTE')":{"('0001-PE-2016', 0)":"MACRI, MAURICIO","('0001-PE-2016', 1)":"PE\u00d1A, MARCOS","('0001-PE-2016', 2)":"DE PRAT GAY, ALFONSO","('0001-PE-2016', 3)":null,"('0001-PE-2016', 4)":null,"('0001-PE-2016', 5)":null,"('0001-PE-2016', 6)":null,"('0001-PE-2016', 7)":null,"('0001-PE-2016', 8)":null},"('Firmantes', 'DISTRITO')":{"('0001-PE-2016', 0)":null,"('0001-PE-2016', 1)":null,"('0001-PE-2016', 2)":null,"('0001-PE-2016', 3)":null,"('0001-PE-2016', 4)":null,"('0001-PE-2016', 5)":null,"('0001-PE-2016', 6)":null,"('0001-PE-2016', 7)":null,"('0001-PE-2016', 8)":null},"('Firmantes', 'BLOQUE')":{"('0001-PE-2016', 0)":"PODER EJECUTIVO","('0001-PE-2016', 1)":"PODER EJECUTIVO","('0001-PE-2016', 2)":"PODER EJECUTIVO","('0001-PE-2016', 3)":null,"('0001-PE-2016', 4)":null,"('0001-PE-2016', 5)":null,"('0001-PE-2016', 6)":null,"('0001-PE-2016', 7)":null,"('0001-PE-2016', 8)":null},"('Giros', 'COMISI\u00d3N')":{"('0001-PE-2016', 0)":"PRESUPUESTO Y HACIENDA","('0001-PE-2016', 1)":"FINANZAS","('0001-PE-2016', 2)":null,"('0001-PE-2016', 3)":null,"('0001-PE-2016', 4)":null,"('0001-PE-2016', 5)":null,"('0001-PE-2016', 6)":null,"('0001-PE-2016', 7)":null,"('0001-PE-2016', 8)":null},"('Tramites', 'C\u00c1MARA')":{"('0001-PE-2016', 0)":"Diputados","('0001-PE-2016', 1)":"Diputados","('0001-PE-2016', 2)":"Diputados","('0001-PE-2016', 3)":"Diputados","('0001-PE-2016', 4)":"Senado","('0001-PE-2016', 5)":"Senado","('0001-PE-2016', 6)":"Senado","('0001-PE-2016', 7)":"Senado","('0001-PE-2016', 8)":"Senado"},"('Tramites', 'MOVIMIENTO')":{"('0001-PE-2016', 0)":"CITACION SESION ESPECIAL","('0001-PE-2016', 1)":"MOCION CUARTO INTERMEDIO (NEGATIVA)","('0001-PE-2016', 2)":"CONSIDERACION Y APROBACION CON MODIFICACIONES","('0001-PE-2016', 3)":"INSERCIONES DE LOS DIPUTADOS CAROL, CARRIO, CIAMPINI, CLERI, DAER, FRANA, GALLARDO, HERS CABRAL, HORNE, MARTINEZ (S.), MOFORT, RISTA, RODRIGUEZ (R.M.), ROMA, ROSSI, SAN MARTIN, TUNDIS, VOLNOVICH, WECHSLER","('0001-PE-2016', 4)":"PASA A SENADO -","('0001-PE-2016', 5)":"COMUNICACION DE LA SECRETARIA PARLAMENTARIA DE LA H. CAMARA DE DIPUTADOS DE UNA FE DE ERRATAS","('0001-PE-2016', 6)":"CITACION SESION ESPECIAL","('0001-PE-2016', 7)":"CONSIDERACION Y SANCION","('0001-PE-2016', 8)":"INSERCIONES DE LOS SENADORES CATALAN MAGNI, MENEM, NEGRE DE ALONSO, BLAS, MONTENEGRO, GARCIA LARRABURU, PEROTTI Y LEGUIZAMON."},"('Tramites', 'FECHA')":{"('0001-PE-2016', 0)":"15\/03\/2016","('0001-PE-2016', 1)":"15\/03\/2016","('0001-PE-2016', 2)":"15\/03\/2016","('0001-PE-2016', 3)":"15\/03\/2016","('0001-PE-2016', 4)":null,"('0001-PE-2016', 5)":null,"('0001-PE-2016', 6)":"30\/03\/2016","('0001-PE-2016', 7)":"30\/03\/2016","('0001-PE-2016', 8)":"30\/03\/2016"},"('Tramites', 'RESULTADO')":{"('0001-PE-2016', 0)":null,"('0001-PE-2016', 1)":null,"('0001-PE-2016', 2)":"MEDIA SANCION","('0001-PE-2016', 3)":null,"('0001-PE-2016', 4)":null,"('0001-PE-2016', 5)":null,"('0001-PE-2016', 6)":null,"('0001-PE-2016', 7)":"SANCIONADO","('0001-PE-2016', 8)":null},"Sumario":{"('0001-PE-2016', 0)":"DEROGACION DE LAS LEYES 26017, 26547 Y 26886 (REESTRUCTURACION DE TITULOS PUBLICOS), LOS ARTICULOS 1 A 11, EL ULTIMO PARRAFO DEL ARTICULO 12 Y LOS ARTICULOS 13, 14 Y 15 DE LA LEY 26984 (REESTRUCTURACION DE LA DEUDA Y PAGO SOBERANO): MODIFICACION DEL ARTICULO 42 DE LA LEY 27198; RATIFICACION DE ACUERDOS (ANEXO I); AUTORIZACION A ENMIENDAS; OFRECIMIENTOS; PAGOS; EMISION DE BONOS; FACULTADES DE LA JEFATURA DE GABINETE DE MINISTROS; DECLARACION DE ORDEN PUBLICO.","('0001-PE-2016', 1)":null,"('0001-PE-2016', 2)":null,"('0001-PE-2016', 3)":null,"('0001-PE-2016', 4)":null,"('0001-PE-2016', 5)":null,"('0001-PE-2016', 6)":null,"('0001-PE-2016', 7)":null,"('0001-PE-2016', 8)":null},"Palabra Clave":{"('0001-PE-2016', 0)":" ","('0001-PE-2016', 1)":null,"('0001-PE-2016', 2)":null,"('0001-PE-2016', 3)":null,"('0001-PE-2016', 4)":null,"('0001-PE-2016', 5)":null,"('0001-PE-2016', 6)":null,"('0001-PE-2016', 7)":null,"('0001-PE-2016', 8)":null}}