{"Tipo de Proyecto":{"('0002-D-2016', 0)":"PROYECTO DE DECLARACI\u00d3N"},"Iniciado en: ":{"('0002-D-2016', 0)":"Diputados"},"Expediente Diputados: ":{"('0002-D-2016', 0)":"0002-D-2016"},"Publicado en: ":{"('0002-D-2016', 0)":"Tr\u00e1mite Parlamentario N\u00b0 1"},"Fecha: ":{"('0002-D-2016', 0)":"01\/03\/2016"},"T\u00edtulo":{"('0002-D-2016', 0)":"EXPRESAR BENEPLACITO POR LA SANCION DEL DECRETO 406\/2016, QUE INSTITUYE EL \"PROGRAMA ACUERDO PARA EL NUEVO FEDERALISMO\", Y LA CREACION DEL \"CONSEJO ARGENTINO PARA EL NUEVO FEDERALISMO\"."},"('Firmantes', 'FIRMANTE')":{"('0002-D-2016', 0)":"BRIZUELA DEL MORAL, EDUARDO SEGUNDO"},"('Firmantes', 'DISTRITO')":{"('0002-D-2016', 0)":"CATAMARCA"},"('Firmantes', 'BLOQUE')":{"('0002-D-2016', 0)":"FRENTE CIVICO Y SOCIAL DE CATAMARCA"},"('Giros', 'COMISI\u00d3N')":{"('0002-D-2016', 0)":"PRESUPUESTO Y HACIENDA"},"Link":{"('0002-D-2016', 0)":"https:\/\/www.hcdn.gob.ar\/proyectos\/textoCompleto.jsp?exp=0002-D-2016&tipo=DECLARACION"},"Palabra Clave":{"('0002-D-2016', 0)":" "}}