{"Tipo de Proyecto":{"('0003-PE-2016', 0)":"MENSAJE NRO: 0464\/16 Y PROYECTO DE LEY","('0003-PE-2016', 1)":null,"('0003-PE-2016', 2)":null,"('0003-PE-2016', 3)":null,"('0003-PE-2016', 4)":null,"('0003-PE-2016', 5)":null},"Iniciado en: ":{"('0003-PE-2016', 0)":"Diputados","('0003-PE-2016', 1)":null,"('0003-PE-2016', 2)":null,"('0003-PE-2016', 3)":null,"('0003-PE-2016', 4)":null,"('0003-PE-2016', 5)":null},"Expediente Diputados: ":{"('0003-PE-2016', 0)":"0003-PE-2016","('0003-PE-2016', 1)":null,"('0003-PE-2016', 2)":null,"('0003-PE-2016', 3)":null,"('0003-PE-2016', 4)":null,"('0003-PE-2016', 5)":null},"Expediente Senado: ":{"('0003-PE-2016', 0)":"0002-CD-2016","('0003-PE-2016', 1)":null,"('0003-PE-2016', 2)":null,"('0003-PE-2016', 3)":null,"('0003-PE-2016', 4)":null,"('0003-PE-2016', 5)":null},"Publicado en: ":{"('0003-PE-2016', 0)":"Tr\u00e1mite Parlamentario N\u00b0 8","('0003-PE-2016', 1)":null,"('0003-PE-2016', 2)":null,"('0003-PE-2016', 3)":null,"('0003-PE-2016', 4)":null,"('0003-PE-2016', 5)":null},"Fecha: ":{"('0003-PE-2016', 0)":"10\/03\/2016","('0003-PE-2016', 1)":null,"('0003-PE-2016', 2)":null,"('0003-PE-2016', 3)":null,"('0003-PE-2016', 4)":null,"('0003-PE-2016', 5)":null},"T\u00edtulo":{"('0003-PE-2016', 0)":"AUTORIZACION AL SE\u00d1OR PRESIDENTE DE LA NACION PARA AUSENTARSE DEL PAIS DURANTE EL A\u00d1O 2016, CUANDO RAZONES DE GOBIERNO ASI LO REQUIERAN.","('0003-PE-2016', 1)":null,"('0003-PE-2016', 2)":null,"('0003-PE-2016', 3)":null,"('0003-PE-2016', 4)":null,"('0003-PE-2016', 5)":null},"('Firmantes', 'FIRMANTE')":{"('0003-PE-2016', 0)":"MACRI, MAURICIO","('0003-PE-2016', 1)":"PE\u00d1A, MARCOS","('0003-PE-2016', 2)":null,"('0003-PE-2016', 3)":null,"('0003-PE-2016', 4)":null,"('0003-PE-2016', 5)":null},"('Firmantes', 'DISTRITO')":{"('0003-PE-2016', 0)":null,"('0003-PE-2016', 1)":null,"('0003-PE-2016', 2)":null,"('0003-PE-2016', 3)":null,"('0003-PE-2016', 4)":null,"('0003-PE-2016', 5)":null},"('Firmantes', 'BLOQUE')":{"('0003-PE-2016', 0)":"PODER EJECUTIVO","('0003-PE-2016', 1)":"PODER EJECUTIVO","('0003-PE-2016', 2)":null,"('0003-PE-2016', 3)":null,"('0003-PE-2016', 4)":null,"('0003-PE-2016', 5)":null},"('Giros', 'COMISI\u00d3N')":{"('0003-PE-2016', 0)":"ASUNTOS CONSTITUCIONALES","('0003-PE-2016', 1)":null,"('0003-PE-2016', 2)":null,"('0003-PE-2016', 3)":null,"('0003-PE-2016', 4)":null,"('0003-PE-2016', 5)":null},"('Tramites', 'C\u00c1MARA')":{"('0003-PE-2016', 0)":"Diputados","('0003-PE-2016', 1)":"Diputados","('0003-PE-2016', 2)":"Senado","('0003-PE-2016', 3)":"Senado","('0003-PE-2016', 4)":"Senado","('0003-PE-2016', 5)":"Senado"},"('Tramites', 'MOVIMIENTO')":{"('0003-PE-2016', 0)":"CITACION SESION ESPECIAL","('0003-PE-2016', 1)":"CONSIDERACION Y APROBACION","('0003-PE-2016', 2)":"PASA A SENADO -","('0003-PE-2016', 3)":"CITACION SESION ESPECIAL","('0003-PE-2016', 4)":"MOCION SOBRE TABLAS (AFIRMATIVA)","('0003-PE-2016', 5)":"CONSIDERACION Y SANCION"},"('Tramites', 'FECHA')":{"('0003-PE-2016', 0)":"15\/03\/2016","('0003-PE-2016', 1)":"15\/03\/2016","('0003-PE-2016', 2)":null,"('0003-PE-2016', 3)":"30\/03\/2016","('0003-PE-2016', 4)":"30\/03\/2016","('0003-PE-2016', 5)":"30\/03\/2016"},"('Tramites', 'RESULTADO')":{"('0003-PE-2016', 0)":null,"('0003-PE-2016', 1)":"MEDIA SANCION","('0003-PE-2016', 2)":null,"('0003-PE-2016', 3)":null,"('0003-PE-2016', 4)":null,"('0003-PE-2016', 5)":"SANCIONADO"},"Link":{"('0003-PE-2016', 0)":"http:\/\/www.senado.gov.ar\/web\/proyectos\/verExpe.php?origen=CD&nro_comision=&tipo=PL&numexp=2\/16&tConsulta=4","('0003-PE-2016', 1)":null,"('0003-PE-2016', 2)":null,"('0003-PE-2016', 3)":null,"('0003-PE-2016', 4)":null,"('0003-PE-2016', 5)":null},"Palabra Clave":{"('0003-PE-2016', 0)":" ","('0003-PE-2016', 1)":null,"('0003-PE-2016', 2)":null,"('0003-PE-2016', 3)":null,"('0003-PE-2016', 4)":null,"('0003-PE-2016', 5)":null}}