{"Tipo de Proyecto":{"('0004-D-2016', 0)":"PROYECTO DE RESOLUCI\u00d3N"},"Iniciado en: ":{"('0004-D-2016', 0)":"Diputados"},"Expediente Diputados: ":{"('0004-D-2016', 0)":"0004-D-2016"},"Publicado en: ":{"('0004-D-2016', 0)":"Tr\u00e1mite Parlamentario N\u00b0 0"},"Fecha: ":{"('0004-D-2016', 0)":"01\/03\/2016"},"T\u00edtulo":{"('0004-D-2016', 0)":"FIJAR COMO DIAS Y HORAS DE REUNION PARA LAS SESIONES DE TABLAS DEL PERIODO PARLAMENTARIO 134, LOS DIAS MIERCOLES Y JUEVES A LAS 12:00 HS Y LOS DIAS VIERNES A LAS 10:00 HS Y FACULTAR A LA PRESIDENCIA  A DAR ENTRADA Y GIRAR DIRECTAMENTE LOS ASUNTOS A LAS RESPECTIVAS COMISIONES  Y A REALIZAR LAS COMUNICACIONES DE ESTILO AUN CUANDO LA SESION EN QUE SE SANCIONEN NO HUBIERA CONCLUIDO."},"('Firmantes', 'FIRMANTE')":{"('0004-D-2016', 0)":"H CAMARA DE DIPUTADOS"},"('Firmantes', 'DISTRITO')":{"('0004-D-2016', 0)":null},"('Firmantes', 'BLOQUE')":{"('0004-D-2016', 0)":null},"('Giros', 'COMISI\u00d3N')":{"('0004-D-2016', 0)":"SOBRE TABLAS"},"('Tramites', 'C\u00c1MARA')":{"('0004-D-2016', 0)":"Diputados"},"('Tramites', 'MOVIMIENTO')":{"('0004-D-2016', 0)":"CONSIDERACION Y APROBACION"},"('Tramites', 'FECHA')":{"('0004-D-2016', 0)":"01\/03\/2016"},"('Tramites', 'RESULTADO')":{"('0004-D-2016', 0)":"APROBADO"},"Palabra Clave":{"('0004-D-2016', 0)":" "}}