{"Tipo de Proyecto":{"('0004-S-2016', 0)":"PROYECTO DE LEY"},"Iniciado en: ":{"('0004-S-2016', 0)":"Senado"},"Expediente Senado: ":{"('0004-S-2016', 0)":"0004-S-2016"},"Publicado en: ":{"('0004-S-2016', 0)":"Diario de Asuntos Entrados N\u00b0 1"},"Fecha: ":{"('0004-S-2016', 0)":"02\/03\/2016"},"T\u00edtulo":{"('0004-S-2016', 0)":"REGISTRO DE LA HUELLA DE CARBONO (REPRODUCCION DEL EXPEDIENTE 4172-S-14)."},"('Firmantes', 'FIRMANTE')":{"('0004-S-2016', 0)":"LEGUIZAMON, MARIA LAURA"},"('Firmantes', 'DISTRITO')":{"('0004-S-2016', 0)":"BUENOS AIRES"},"('Firmantes', 'BLOQUE')":{"('0004-S-2016', 0)":"FRENTE PARA LA VICTORIA - PJ"},"('Tramites', 'C\u00c1MARA')":{"('0004-S-2016', 0)":"Senado"},"('Tramites', 'MOVIMIENTO')":{"('0004-S-2016', 0)":"MOCION DE PREFERENCIA CON DICTAMEN (AFIRMATIVA)"},"('Tramites', 'FECHA')":{"('0004-S-2016', 0)":"18\/05\/2016"},"('Tramites', 'RESULTADO')":{"('0004-S-2016', 0)":null},"Sumario":{"('0004-S-2016', 0)":"CREACION; FINALIDAD; REGISTRO DE LA HUELLA DE CARBONO; ACTOS INSCRIBIBLES EN LA SECCION A) \"REGISTRO DE LA HUELLA DE CARBONO Y PROYECTOS DE REDUCCION\"; ACTOS INSCRIBIBLES EN LA SECCION C) SECCION DE COMPENSACION DE HUELLA DE CARBONO\"; INSCRIPCION, ACTUALIZACION Y BAJA EN EL REGISTRO DE HUELLA DE CARBONO, COMPENSACION Y PROYECTOS DE ABSORCION DE DIOXIDO DE CARBONO."},"Palabra Clave":{"('0004-S-2016', 0)":" "}}