{"Tipo de Proyecto":{"('0005-D-2016', 0)":"PROYECTO DE LEY"},"Iniciado en: ":{"('0005-D-2016', 0)":"Diputados"},"Expediente Diputados: ":{"('0005-D-2016', 0)":"0005-D-2016"},"Publicado en: ":{"('0005-D-2016', 0)":"Tr\u00e1mite Parlamentario N\u00b0 1"},"Fecha: ":{"('0005-D-2016', 0)":"01\/03\/2016"},"T\u00edtulo":{"('0005-D-2016', 0)":"IMPUESTO AL VALOR AGREGADO IVA - LEY 23349 -.  INCORPORACION DEL INCISO I) AL  ARTICULO 7\u00b0, SOBRE EXENCION DEL GRAVAMEN A LOS PRODUCTOS QUE CONTENGAN MATERIALES RECICLADOS, CERTIFICADOS POR EL INSTITUTO NACIONAL DE TECNOLOGIA INDUSTRIAL -INTI (REPRODUCCION DEL EXPEDIENTE 6572-D-14)."},"('Firmantes', 'FIRMANTE')":{"('0005-D-2016', 0)":"BIANCHI, IVANA MARIA"},"('Firmantes', 'DISTRITO')":{"('0005-D-2016', 0)":"SAN LUIS"},"('Firmantes', 'BLOQUE')":{"('0005-D-2016', 0)":"COMPROMISO FEDERAL"},"('Giros', 'COMISI\u00d3N')":{"('0005-D-2016', 0)":"PRESUPUESTO Y HACIENDA"},"Palabra Clave":{"('0005-D-2016', 0)":" "}}