{"Tipo de Proyecto":{"('0005-PE-2016', 0)":"MENSAJE NRO: 0555\/16 Y PROYECTO DE LEY","('0005-PE-2016', 1)":null,"('0005-PE-2016', 2)":null},"Iniciado en: ":{"('0005-PE-2016', 0)":"Diputados","('0005-PE-2016', 1)":null,"('0005-PE-2016', 2)":null},"Expediente Diputados: ":{"('0005-PE-2016', 0)":"0005-PE-2016","('0005-PE-2016', 1)":null,"('0005-PE-2016', 2)":null},"Publicado en: ":{"('0005-PE-2016', 0)":"Tr\u00e1mite Parlamentario N\u00b0 24","('0005-PE-2016', 1)":null,"('0005-PE-2016', 2)":null},"Fecha: ":{"('0005-PE-2016', 0)":"05\/04\/2016","('0005-PE-2016', 1)":null,"('0005-PE-2016', 2)":null},"T\u00edtulo":{"('0005-PE-2016', 0)":"MODIFICACION DE LA LEY 27148, ORGANICA DEL MINISTERIO PUBLICO FISCAL","('0005-PE-2016', 1)":null,"('0005-PE-2016', 2)":null},"('Firmantes', 'FIRMANTE')":{"('0005-PE-2016', 0)":"MACRI, MAURICIO","('0005-PE-2016', 1)":"PE\u00d1A, MARCOS","('0005-PE-2016', 2)":"GARAVANO, GERMAN CARLOS"},"('Firmantes', 'DISTRITO')":{"('0005-PE-2016', 0)":null,"('0005-PE-2016', 1)":null,"('0005-PE-2016', 2)":null},"('Firmantes', 'BLOQUE')":{"('0005-PE-2016', 0)":"PODER EJECUTIVO","('0005-PE-2016', 1)":"PODER EJECUTIVO","('0005-PE-2016', 2)":"PODER EJECUTIVO"},"('Giros', 'COMISI\u00d3N')":{"('0005-PE-2016', 0)":"JUSTICIA","('0005-PE-2016', 1)":"LEGISLACION PENAL","('0005-PE-2016', 2)":"PRESUPUESTO Y HACIENDA"},"Sumario":{"('0005-PE-2016', 0)":"MODIFICACION DE LOS ARTICULOS 10, 12, 15, 16, 18, 22, 23, 24, 49, 50, 54, 61, 62, 64, 73, 76, 77 Y 78; INCORPORACION DE LOS ARTICULOS 10 BIS, 10 TER, 14 BIS, 14 TER, 14 QUATER, 14 QUINQUIES Y  14 SEXIES; DEROGACION DEL ARTICULO 29, DEL CAPITULO 7 Y EL CAPITULO 8; ADECUACION.","('0005-PE-2016', 1)":null,"('0005-PE-2016', 2)":null},"Palabra Clave":{"('0005-PE-2016', 0)":" ","('0005-PE-2016', 1)":null,"('0005-PE-2016', 2)":null}}