{"Tipo de Proyecto":{"('0005-S-2016', 0)":"PROYECTO DE LEY"},"Iniciado en: ":{"('0005-S-2016', 0)":"Senado"},"Expediente Senado: ":{"('0005-S-2016', 0)":"0005-S-2016"},"Publicado en: ":{"('0005-S-2016', 0)":"Diario de Asuntos Entrados N\u00b0 1"},"Fecha: ":{"('0005-S-2016', 0)":"02\/03\/2016"},"T\u00edtulo":{"('0005-S-2016', 0)":"REGIMEN DE PROMOCION Y REGULACION DEL TELETRABAJO (REPRODUCCION DEL EXPEDIENTE 4109-S-14)."},"('Firmantes', 'FIRMANTE')":{"('0005-S-2016', 0)":"LEGUIZAMON, MARIA LAURA"},"('Firmantes', 'DISTRITO')":{"('0005-S-2016', 0)":"BUENOS AIRES"},"('Firmantes', 'BLOQUE')":{"('0005-S-2016', 0)":"FRENTE PARA LA VICTORIA - PJ"},"Sumario":{"('0005-S-2016', 0)":"OBJETO; DEFINICIONES; IGUAL DE DERECHOS Y OBLIGACIONES DE LOS TELETRABAJADORES; REGLAS PARA ADOPTAR EL TELETRABAJO COMO NUEVA MODALIDAD LABORAL; LIMITES DEL CONTROL SOBRE LAS LABORES DEL TELETRABAJADOR; REGLAS SOBRE LOS EQUIPOS PROPORCIONADOS; REGLAS SOBRE EL TRATO DEL EQUIPO PROPORCIONADO; CARACTER VOLUNTARIO Y REVERSIBLE DEL TELETRABAJO; NORMAS DE HIGIENE Y SEGURIDAD; AUTORIDAD DE APLICACION; DISE\u00d1O DE POLITICAS PUBLICAS."},"Palabra Clave":{"('0005-S-2016', 0)":" "}}