{"Tipo de Proyecto":{"('0005-JGM-2016', 0)":"MENSAJE NRO: 0403\/16","('0005-JGM-2016', 1)":null},"Iniciado en: ":{"('0005-JGM-2016', 0)":"Diputados","('0005-JGM-2016', 1)":null},"Expediente Diputados: ":{"('0005-JGM-2016', 0)":"0005-JGM-2016","('0005-JGM-2016', 1)":null},"Publicado en: ":{"('0005-JGM-2016', 0)":"Tr\u00e1mite Parlamentario N\u00b0 46","('0005-JGM-2016', 1)":null},"Fecha: ":{"('0005-JGM-2016', 0)":"05\/05\/2016","('0005-JGM-2016', 1)":null},"T\u00edtulo":{"('0005-JGM-2016', 0)":"COMUNICACION DEL DECRETO 628\/2016 DICTADO EN USO DE FACULTADES DELEGADAS POR EL CUAL SE DEJA SIN EFECTO TRANSITORIAMENTE EL GRAVAMEN A LAS CHAMPAGNAS O VINOS ESPUMANTES PREVISTO EN LA LEY 24674, DE IMPUESTOS INTERNOS, PARA LOS HECHOS QUE SE PERFECCIONEN DEL 15 DE FEBRERO HASTA EL 31 DE DICIEMBRE DE 2016.","('0005-JGM-2016', 1)":null},"('Firmantes', 'FIRMANTE')":{"('0005-JGM-2016', 0)":"PE\u00d1A, MARCOS","('0005-JGM-2016', 1)":"BURYAILE, RICARDO"},"('Firmantes', 'DISTRITO')":{"('0005-JGM-2016', 0)":null,"('0005-JGM-2016', 1)":null},"('Firmantes', 'BLOQUE')":{"('0005-JGM-2016', 0)":"PODER EJECUTIVO","('0005-JGM-2016', 1)":"PODER EJECUTIVO"},"('Giros', 'COMISI\u00d3N')":{"('0005-JGM-2016', 0)":"BICAMERAL PERMANENTE DE TRAMITE LEGISLATIVO - LEY 26122","('0005-JGM-2016', 1)":null},"('Tramites', 'C\u00c1MARA')":{"('0005-JGM-2016', 0)":"Diputados","('0005-JGM-2016', 1)":null},"('Tramites', 'MOVIMIENTO')":{"('0005-JGM-2016', 0)":"VER TRAMITE DEL DECRETO EN SENADO EN EXPEDIENTE 2122-S-2016","('0005-JGM-2016', 1)":null},"('Tramites', 'FECHA')":{"('0005-JGM-2016', 0)":null,"('0005-JGM-2016', 1)":null},"('Tramites', 'RESULTADO')":{"('0005-JGM-2016', 0)":null,"('0005-JGM-2016', 1)":null},"Palabra Clave":{"('0005-JGM-2016', 0)":" ","('0005-JGM-2016', 1)":null}}