{"Tipo de Proyecto":{"('0006-D-2016', 0)":"PROYECTO DE LEY","('0006-D-2016', 1)":null,"('0006-D-2016', 2)":null},"Iniciado en: ":{"('0006-D-2016', 0)":"Diputados","('0006-D-2016', 1)":null,"('0006-D-2016', 2)":null},"Expediente Diputados: ":{"('0006-D-2016', 0)":"0006-D-2016","('0006-D-2016', 1)":null,"('0006-D-2016', 2)":null},"Publicado en: ":{"('0006-D-2016', 0)":"Tr\u00e1mite Parlamentario N\u00b0 1","('0006-D-2016', 1)":null,"('0006-D-2016', 2)":null},"Fecha: ":{"('0006-D-2016', 0)":"01\/03\/2016","('0006-D-2016', 1)":null,"('0006-D-2016', 2)":null},"T\u00edtulo":{"('0006-D-2016', 0)":"DISPOSITIVO GRABADOR DE EVENTO (DGE - CAJA NEGRA): INCORPORACION EN TODO EL PARQUE VEHICULAR NACIONAL A PARTIR DEL 1 DE ENERO DEL A\u00d1O 2016: MODIFICACION DE LAS LEYES 23636 Y 24449 (REPRODUCCION DEL EXPEDIENTE 6574-D-14).","('0006-D-2016', 1)":null,"('0006-D-2016', 2)":null},"('Firmantes', 'FIRMANTE')":{"('0006-D-2016', 0)":"BIANCHI, IVANA MARIA","('0006-D-2016', 1)":null,"('0006-D-2016', 2)":null},"('Firmantes', 'DISTRITO')":{"('0006-D-2016', 0)":"SAN LUIS","('0006-D-2016', 1)":null,"('0006-D-2016', 2)":null},"('Firmantes', 'BLOQUE')":{"('0006-D-2016', 0)":"COMPROMISO FEDERAL","('0006-D-2016', 1)":null,"('0006-D-2016', 2)":null},"('Giros', 'COMISI\u00d3N')":{"('0006-D-2016', 0)":"TRANSPORTES","('0006-D-2016', 1)":"INDUSTRIA","('0006-D-2016', 2)":"ECONOMIA"},"Sumario":{"('0006-D-2016', 0)":"OBLIGATORIEDAD DE SU INCORPORACION; ALMACENAMIENTO DE DATOS E IMAGENES; PROPIETARIO DEL DISPOSITIVO DE SEGURIDAD; CASO DE SINIESTRO VIAL: PROCEDIMIENTO; FALLECIMIENTO DEL TITULAR REGISTRAL DEL VEHICULO; REAJUSTE DEL VALOR DE LAS PRIMAS EN LAS POLIZAS DE SEGURO POR PARTE DE LAS COMPA\u00d1IAS DE SEGUROS; INCORPORACION DE INCISO Z) AL ARTICULO 4 DE LA LEY 23636 Y DE INCISO P) AL ARTICULO 30 Y PARRAFO TERCERO AL ARTICULO 64 DE LA LEY 24449 DE TRANSITO; INVITAR A LAS PROVINCIAS Y A LA CIUDAD AUTONOMA DE BUENOS AIRES A ADHERIR A LA PRESENTE LEY.","('0006-D-2016', 1)":null,"('0006-D-2016', 2)":null},"Palabra Clave":{"('0006-D-2016', 0)":" ","('0006-D-2016', 1)":null,"('0006-D-2016', 2)":null}}