{"Tipo de Proyecto":{"('0006-JGM-2016', 0)":"MENSAJE NRO: 0404\/16","('0006-JGM-2016', 1)":null},"Iniciado en: ":{"('0006-JGM-2016', 0)":"Diputados","('0006-JGM-2016', 1)":null},"Expediente Diputados: ":{"('0006-JGM-2016', 0)":"0006-JGM-2016","('0006-JGM-2016', 1)":null},"Publicado en: ":{"('0006-JGM-2016', 0)":"Tr\u00e1mite Parlamentario N\u00b0 46","('0006-JGM-2016', 1)":null},"Fecha: ":{"('0006-JGM-2016', 0)":"05\/05\/2016","('0006-JGM-2016', 1)":null},"T\u00edtulo":{"('0006-JGM-2016', 0)":"COMUNICACION DEL DECRETO 626\/2016 DICTADO EN USO DE FACULTADES DELEGADAS POR EL CUAL SE FIJA EN EL SETENTA Y CINCO POR CIENTO - 75% - EL IMPUESTO SOBRE EL PRECIO DE VENTA DE CIGARRILLOS AL CONSUMIDOR SEGUN LO PREVISTO EN EL ARTICULO 15 DE LA LEY 24674, DE IMPUESTOS INTERNOS, PARA LOS HECHOS IMPONIBLES QUE SE PERFECCIONEN A PARTIR DEL 1\u00b0 DE MAYO Y HASTA EL 31 DE DICIEMBRE DE 2016","('0006-JGM-2016', 1)":null},"('Firmantes', 'FIRMANTE')":{"('0006-JGM-2016', 0)":"PE\u00d1A, MARCOS","('0006-JGM-2016', 1)":"DE PRAT GAY, ALFONSO"},"('Firmantes', 'DISTRITO')":{"('0006-JGM-2016', 0)":null,"('0006-JGM-2016', 1)":null},"('Firmantes', 'BLOQUE')":{"('0006-JGM-2016', 0)":"PODER EJECUTIVO","('0006-JGM-2016', 1)":"PODER EJECUTIVO"},"('Giros', 'COMISI\u00d3N')":{"('0006-JGM-2016', 0)":"BICAMERAL PERMANENTE DE TRAMITE LEGISLATIVO - LEY 26122","('0006-JGM-2016', 1)":null},"('Tramites', 'C\u00c1MARA')":{"('0006-JGM-2016', 0)":"Diputados","('0006-JGM-2016', 1)":null},"('Tramites', 'MOVIMIENTO')":{"('0006-JGM-2016', 0)":"VER TRAMITE DEL DECRETO EN SENADO EN EXPEDIENTE 2123-S-2016","('0006-JGM-2016', 1)":null},"('Tramites', 'FECHA')":{"('0006-JGM-2016', 0)":null,"('0006-JGM-2016', 1)":null},"('Tramites', 'RESULTADO')":{"('0006-JGM-2016', 0)":null,"('0006-JGM-2016', 1)":null},"Palabra Clave":{"('0006-JGM-2016', 0)":" ","('0006-JGM-2016', 1)":null}}