{"Tipo de Proyecto":{"('0007-S-2016', 0)":"PROYECTO DE LEY","('0007-S-2016', 1)":null,"('0007-S-2016', 2)":null,"('0007-S-2016', 3)":null,"('0007-S-2016', 4)":null,"('0007-S-2016', 5)":null,"('0007-S-2016', 6)":null,"('0007-S-2016', 7)":null,"('0007-S-2016', 8)":null,"('0007-S-2016', 9)":null},"Iniciado en: ":{"('0007-S-2016', 0)":"Senado","('0007-S-2016', 1)":null,"('0007-S-2016', 2)":null,"('0007-S-2016', 3)":null,"('0007-S-2016', 4)":null,"('0007-S-2016', 5)":null,"('0007-S-2016', 6)":null,"('0007-S-2016', 7)":null,"('0007-S-2016', 8)":null,"('0007-S-2016', 9)":null},"Expediente Diputados: ":{"('0007-S-2016', 0)":"0007-S-2016","('0007-S-2016', 1)":null,"('0007-S-2016', 2)":null,"('0007-S-2016', 3)":null,"('0007-S-2016', 4)":null,"('0007-S-2016', 5)":null,"('0007-S-2016', 6)":null,"('0007-S-2016', 7)":null,"('0007-S-2016', 8)":null,"('0007-S-2016', 9)":null},"Expediente Senado: ":{"('0007-S-2016', 0)":"1078-S-2016","('0007-S-2016', 1)":null,"('0007-S-2016', 2)":null,"('0007-S-2016', 3)":null,"('0007-S-2016', 4)":null,"('0007-S-2016', 5)":null,"('0007-S-2016', 6)":null,"('0007-S-2016', 7)":null,"('0007-S-2016', 8)":null,"('0007-S-2016', 9)":null},"Publicado en: ":{"('0007-S-2016', 0)":"Diario de Asuntos Entrados N\u00b0 53","('0007-S-2016', 1)":null,"('0007-S-2016', 2)":null,"('0007-S-2016', 3)":null,"('0007-S-2016', 4)":null,"('0007-S-2016', 5)":null,"('0007-S-2016', 6)":null,"('0007-S-2016', 7)":null,"('0007-S-2016', 8)":null,"('0007-S-2016', 9)":null},"Fecha: ":{"('0007-S-2016', 0)":"13\/04\/2016","('0007-S-2016', 1)":null,"('0007-S-2016', 2)":null,"('0007-S-2016', 3)":null,"('0007-S-2016', 4)":null,"('0007-S-2016', 5)":null,"('0007-S-2016', 6)":null,"('0007-S-2016', 7)":null,"('0007-S-2016', 8)":null,"('0007-S-2016', 9)":null},"T\u00edtulo":{"('0007-S-2016', 0)":"DECLARAR LA EMERGENCIA PUBLICA EN MATERIA OCUPACIONAL POR EL TERMINO DE 180 DIAS EN TODO EL TERRITORIO NACIONAL.","('0007-S-2016', 1)":null,"('0007-S-2016', 2)":null,"('0007-S-2016', 3)":null,"('0007-S-2016', 4)":null,"('0007-S-2016', 5)":null,"('0007-S-2016', 6)":null,"('0007-S-2016', 7)":null,"('0007-S-2016', 8)":null,"('0007-S-2016', 9)":null},"('Firmantes', 'FIRMANTE')":{"('0007-S-2016', 0)":"LOVERA, DANIEL ANIBAL","('0007-S-2016', 1)":"DURANGO, NORMA HAYDEE","('0007-S-2016', 2)":"BASUALDO, ROBERTO GUSTAVO","('0007-S-2016', 3)":"RIOFRIO, MARINA RAQUEL","('0007-S-2016', 4)":"PICHETTO, MIGUEL ANGEL","('0007-S-2016', 5)":"PEREYRA, GUILLERMO JUAN","('0007-S-2016', 6)":"ABAL MEDINA, JUAN MANUEL","('0007-S-2016', 7)":null,"('0007-S-2016', 8)":null,"('0007-S-2016', 9)":null},"('Firmantes', 'DISTRITO')":{"('0007-S-2016', 0)":"LA PAMPA","('0007-S-2016', 1)":"LA PAMPA","('0007-S-2016', 2)":"SAN JUAN","('0007-S-2016', 3)":"SAN JUAN","('0007-S-2016', 4)":"RIO NEGRO","('0007-S-2016', 5)":"NEUQUEN","('0007-S-2016', 6)":"BUENOS AIRES","('0007-S-2016', 7)":null,"('0007-S-2016', 8)":null,"('0007-S-2016', 9)":null},"('Firmantes', 'BLOQUE')":{"('0007-S-2016', 0)":"PARTIDO JUSTICIALISTA LA PAMPA","('0007-S-2016', 1)":"PARTIDO JUSTICIALISTA LA PAMPA","('0007-S-2016', 2)":"PRODUCCION Y TRABAJO","('0007-S-2016', 3)":"FRENTE PARA LA VICTORIA - PJ","('0007-S-2016', 4)":"FRENTE PARA LA VICTORIA - PJ","('0007-S-2016', 5)":"MOV POP NEUQUINO","('0007-S-2016', 6)":"FRENTE PARA LA VICTORIA - PJ","('0007-S-2016', 7)":null,"('0007-S-2016', 8)":null,"('0007-S-2016', 9)":null},"('Giros', 'COMISI\u00d3N')":{"('0007-S-2016', 0)":"LEGISLACION DEL TRABAJO","('0007-S-2016', 1)":"PRESUPUESTO Y HACIENDA","('0007-S-2016', 2)":null,"('0007-S-2016', 3)":null,"('0007-S-2016', 4)":null,"('0007-S-2016', 5)":null,"('0007-S-2016', 6)":null,"('0007-S-2016', 7)":null,"('0007-S-2016', 8)":null,"('0007-S-2016', 9)":null},"('Tramites', 'C\u00c1MARA')":{"('0007-S-2016', 0)":"Senado","('0007-S-2016', 1)":"Senado","('0007-S-2016', 2)":"Senado","('0007-S-2016', 3)":"Diputados","('0007-S-2016', 4)":"Diputados","('0007-S-2016', 5)":"Diputados","('0007-S-2016', 6)":"Diputados","('0007-S-2016', 7)":"Diputados","('0007-S-2016', 8)":"Diputados","('0007-S-2016', 9)":"Senado"},"('Tramites', 'MOVIMIENTO')":{"('0007-S-2016', 0)":"CITACION SESION ESPECIAL","('0007-S-2016', 1)":"CONSIDERACION Y APROBACION","('0007-S-2016', 2)":"INSERCIONES","('0007-S-2016', 3)":"PASA A DIPUTADOS -","('0007-S-2016', 4)":"CITACION SESION ESPECIAL","('0007-S-2016', 5)":"MANIFESTACIONES EN MINORIA","('0007-S-2016', 6)":"MOCION SOBRE TABLAS PLAN DE LABOR (AFIRMATIVA) CONJUNTAMENTE PARA LOS EXPEDIENTES 6548-D-2015, 0206-D-2016, 0222-D-2016, 1008-D-2016, 1029-D-2016, 1378-D-2016, 1799-D-2016, 0007-S-2016, 1078-S-2016 y 2302-D-2016","('0007-S-2016', 7)":"CONSIDERACION Y SANCION CONJUNTAMENTE PARA LOS EXPEDIENTES 6548-D-2015, 0206-D-2016, 0222-D-2016, 1008-D-2016, 1029-D-2016, 1378-D-2016, 1799-D-2016, 0007-S-2016, 1078-S-2016 y 2302-D-2016","('0007-S-2016', 8)":"INSERCIONES CONJUNTAMENTE PARA LOS EXPEDIENTES 6548-D-2015, 0206-D-2016, 0222-D-2016, 1008-D-2016, 1029-D-2016, 1378-D-2016, 1799-D-2016, 0007-S-2016, 1078-S-2016 y 2302-D-2016","('0007-S-2016', 9)":"COMUNICACION DEL DECRETO 701\/2016 del 20\/05\/2016 DE VETO TOTAL Y DEVOLUCION DEL PROYECTO SANCIONADO CONJUNTAMENTE PARA LOS EXPEDIENTES 6548-D-2015, 0206-D-2016, 0222-D-2016, 1008-D-2016, 1029-D-2016, 1378-D-2016, 1799-D-2016, 0007-S-2016, 1078-S-2016 y 2302-D-2016"},"('Tramites', 'FECHA')":{"('0007-S-2016', 0)":"27\/04\/2016","('0007-S-2016', 1)":"27\/04\/2016","('0007-S-2016', 2)":"27\/04\/2016","('0007-S-2016', 3)":null,"('0007-S-2016', 4)":"12\/05\/2016","('0007-S-2016', 5)":"12\/05\/2016","('0007-S-2016', 6)":"18\/05\/2016","('0007-S-2016', 7)":"18\/05\/2016","('0007-S-2016', 8)":"18\/05\/2016","('0007-S-2016', 9)":null},"('Tramites', 'RESULTADO')":{"('0007-S-2016', 0)":null,"('0007-S-2016', 1)":"MEDIA SANCION","('0007-S-2016', 2)":null,"('0007-S-2016', 3)":null,"('0007-S-2016', 4)":null,"('0007-S-2016', 5)":null,"('0007-S-2016', 6)":null,"('0007-S-2016', 7)":"SANCIONADO","('0007-S-2016', 8)":null,"('0007-S-2016', 9)":null},"Sumario":{"('0007-S-2016', 0)":"PROHIBICION DE DESPIDOS; CREACION DE LA COMISION BICAMERAL DE LA EMERGENCIA OCUPACIONAL.","('0007-S-2016', 1)":null,"('0007-S-2016', 2)":null,"('0007-S-2016', 3)":null,"('0007-S-2016', 4)":null,"('0007-S-2016', 5)":null,"('0007-S-2016', 6)":null,"('0007-S-2016', 7)":null,"('0007-S-2016', 8)":null,"('0007-S-2016', 9)":null},"Palabra Clave":{"('0007-S-2016', 0)":" ","('0007-S-2016', 1)":null,"('0007-S-2016', 2)":null,"('0007-S-2016', 3)":null,"('0007-S-2016', 4)":null,"('0007-S-2016', 5)":null,"('0007-S-2016', 6)":null,"('0007-S-2016', 7)":null,"('0007-S-2016', 8)":null,"('0007-S-2016', 9)":null}}