{"Tipo de Proyecto":{"('0007-D-2016', 0)":"PROYECTO DE LEY","('0007-D-2016', 1)":null,"('0007-D-2016', 2)":null,"('0007-D-2016', 3)":null},"Iniciado en: ":{"('0007-D-2016', 0)":"Diputados","('0007-D-2016', 1)":null,"('0007-D-2016', 2)":null,"('0007-D-2016', 3)":null},"Expediente Diputados: ":{"('0007-D-2016', 0)":"0007-D-2016","('0007-D-2016', 1)":null,"('0007-D-2016', 2)":null,"('0007-D-2016', 3)":null},"Publicado en: ":{"('0007-D-2016', 0)":"Tr\u00e1mite Parlamentario N\u00b0 1","('0007-D-2016', 1)":null,"('0007-D-2016', 2)":null,"('0007-D-2016', 3)":null},"Fecha: ":{"('0007-D-2016', 0)":"01\/03\/2016","('0007-D-2016', 1)":null,"('0007-D-2016', 2)":null,"('0007-D-2016', 3)":null},"T\u00edtulo":{"('0007-D-2016', 0)":"REGULACION DE LAS TECNICAS PARA LA FERTILIZACION HUMANA ASISTIDA Y PROTECCION DEL EMBRION NO IMPLANTADO. DEROGACION DE LA LEY 26862 (REPRODUCCION DEL EXPEDIENTE 8210-D-14).","('0007-D-2016', 1)":null,"('0007-D-2016', 2)":null,"('0007-D-2016', 3)":null},"('Firmantes', 'FIRMANTE')":{"('0007-D-2016', 0)":"BIANCHI, IVANA MARIA","('0007-D-2016', 1)":null,"('0007-D-2016', 2)":null,"('0007-D-2016', 3)":null},"('Firmantes', 'DISTRITO')":{"('0007-D-2016', 0)":"SAN LUIS","('0007-D-2016', 1)":null,"('0007-D-2016', 2)":null,"('0007-D-2016', 3)":null},"('Firmantes', 'BLOQUE')":{"('0007-D-2016', 0)":"COMPROMISO FEDERAL","('0007-D-2016', 1)":null,"('0007-D-2016', 2)":null,"('0007-D-2016', 3)":null},"('Giros', 'COMISI\u00d3N')":{"('0007-D-2016', 0)":"ACCION SOCIAL Y SALUD PUBLICA","('0007-D-2016', 1)":"FAMILIA, MUJER, NI\u00d1EZ Y ADOLESCENCIA","('0007-D-2016', 2)":"LEGISLACION GENERAL","('0007-D-2016', 3)":"PRESUPUESTO Y HACIENDA"},"Palabra Clave":{"('0007-D-2016', 0)":" ","('0007-D-2016', 1)":null,"('0007-D-2016', 2)":null,"('0007-D-2016', 3)":null}}