{"Tipo de Proyecto":{"('0007-JGM-2016', 0)":"MENSAJE NRO: 0402\/16","('0007-JGM-2016', 1)":null},"Iniciado en: ":{"('0007-JGM-2016', 0)":"Diputados","('0007-JGM-2016', 1)":null},"Expediente Diputados: ":{"('0007-JGM-2016', 0)":"0007-JGM-2016","('0007-JGM-2016', 1)":null},"Publicado en: ":{"('0007-JGM-2016', 0)":"Tr\u00e1mite Parlamentario N\u00b0 46","('0007-JGM-2016', 1)":null},"Fecha: ":{"('0007-JGM-2016', 0)":"05\/05\/2016","('0007-JGM-2016', 1)":null},"T\u00edtulo":{"('0007-JGM-2016', 0)":"COMUNICACION DEL DECRETO 627\/2016 DICTADO EN USO DE FACULTADES DELEGADAS POR EL CUAL SE DISMINUYE LA ALICUOTA DEL VEINTIUNO POR CIENTO - 21% - ESTABLECIDA EN EL ARTICULO 1\u00b0 DE LA LEY 24625, IMPUESTO ADICIONAL DE EMERGENCIA SOBRE EL PRECIO DE VENTA DE CIGARRILLOS Y SUS MODIFICACIONES, ESTABLECIENDOSE LA MISMA EN EL SIETE PORCIENTO - 7% -, PARA LOS HECHOS IMPONIBLES QUE SE PERFECCIONEN A PARTIR DEL 1 DE MAYO Y HASTA EL 31 DE DICIEMBRE DE 2016.","('0007-JGM-2016', 1)":null},"('Firmantes', 'FIRMANTE')":{"('0007-JGM-2016', 0)":"PE\u00d1A, MARCOS","('0007-JGM-2016', 1)":"DE PRAT GAY, ALFONSO"},"('Firmantes', 'DISTRITO')":{"('0007-JGM-2016', 0)":null,"('0007-JGM-2016', 1)":null},"('Firmantes', 'BLOQUE')":{"('0007-JGM-2016', 0)":"PODER EJECUTIVO","('0007-JGM-2016', 1)":"PODER EJECUTIVO"},"('Giros', 'COMISI\u00d3N')":{"('0007-JGM-2016', 0)":"BICAMERAL PERMANENTE DE TRAMITE LEGISLATIVO - LEY 26122","('0007-JGM-2016', 1)":null},"('Tramites', 'C\u00c1MARA')":{"('0007-JGM-2016', 0)":"Diputados","('0007-JGM-2016', 1)":null},"('Tramites', 'MOVIMIENTO')":{"('0007-JGM-2016', 0)":"VER TRAMITE DEL DECRETO EN SENADO EN EXPEDIENTE 2124-S-2016","('0007-JGM-2016', 1)":null},"('Tramites', 'FECHA')":{"('0007-JGM-2016', 0)":null,"('0007-JGM-2016', 1)":null},"('Tramites', 'RESULTADO')":{"('0007-JGM-2016', 0)":null,"('0007-JGM-2016', 1)":null},"Palabra Clave":{"('0007-JGM-2016', 0)":" ","('0007-JGM-2016', 1)":null}}