{"Tipo de Proyecto":{"('0008-PE-2016', 0)":"MENSAJE NRO: 0564\/16 Y PROYECTO DE LEY","('0008-PE-2016', 1)":null,"('0008-PE-2016', 2)":null,"('0008-PE-2016', 3)":null,"('0008-PE-2016', 4)":null,"('0008-PE-2016', 5)":null,"('0008-PE-2016', 6)":null,"('0008-PE-2016', 7)":null,"('0008-PE-2016', 8)":null},"Iniciado en: ":{"('0008-PE-2016', 0)":"Diputados","('0008-PE-2016', 1)":null,"('0008-PE-2016', 2)":null,"('0008-PE-2016', 3)":null,"('0008-PE-2016', 4)":null,"('0008-PE-2016', 5)":null,"('0008-PE-2016', 6)":null,"('0008-PE-2016', 7)":null,"('0008-PE-2016', 8)":null},"Expediente Diputados: ":{"('0008-PE-2016', 0)":"0008-PE-2016","('0008-PE-2016', 1)":null,"('0008-PE-2016', 2)":null,"('0008-PE-2016', 3)":null,"('0008-PE-2016', 4)":null,"('0008-PE-2016', 5)":null,"('0008-PE-2016', 6)":null,"('0008-PE-2016', 7)":null,"('0008-PE-2016', 8)":null},"Expediente Senado: ":{"('0008-PE-2016', 0)":"0017-CD-2016","('0008-PE-2016', 1)":null,"('0008-PE-2016', 2)":null,"('0008-PE-2016', 3)":null,"('0008-PE-2016', 4)":null,"('0008-PE-2016', 5)":null,"('0008-PE-2016', 6)":null,"('0008-PE-2016', 7)":null,"('0008-PE-2016', 8)":null},"Publicado en: ":{"('0008-PE-2016', 0)":"Tr\u00e1mite Parlamentario N\u00b0 27","('0008-PE-2016', 1)":null,"('0008-PE-2016', 2)":null,"('0008-PE-2016', 3)":null,"('0008-PE-2016', 4)":null,"('0008-PE-2016', 5)":null,"('0008-PE-2016', 6)":null,"('0008-PE-2016', 7)":null,"('0008-PE-2016', 8)":null},"Fecha: ":{"('0008-PE-2016', 0)":"08\/04\/2016","('0008-PE-2016', 1)":null,"('0008-PE-2016', 2)":null,"('0008-PE-2016', 3)":null,"('0008-PE-2016', 4)":null,"('0008-PE-2016', 5)":null,"('0008-PE-2016', 6)":null,"('0008-PE-2016', 7)":null,"('0008-PE-2016', 8)":null},"T\u00edtulo":{"('0008-PE-2016', 0)":"GARANTIZAR EL EFECTIVO EJERCICIO DEL DERECHO A ACCESO A LA INFORMACION PUBLICA. REGIMEN GENERAL.","('0008-PE-2016', 1)":null,"('0008-PE-2016', 2)":null,"('0008-PE-2016', 3)":null,"('0008-PE-2016', 4)":null,"('0008-PE-2016', 5)":null,"('0008-PE-2016', 6)":null,"('0008-PE-2016', 7)":null,"('0008-PE-2016', 8)":null},"('Firmantes', 'FIRMANTE')":{"('0008-PE-2016', 0)":"MACRI, MAURICIO","('0008-PE-2016', 1)":"PE\u00d1A, MARCOS","('0008-PE-2016', 2)":"FRIGERIO, ROGELIO","('0008-PE-2016', 3)":null,"('0008-PE-2016', 4)":null,"('0008-PE-2016', 5)":null,"('0008-PE-2016', 6)":null,"('0008-PE-2016', 7)":null,"('0008-PE-2016', 8)":null},"('Firmantes', 'DISTRITO')":{"('0008-PE-2016', 0)":null,"('0008-PE-2016', 1)":null,"('0008-PE-2016', 2)":null,"('0008-PE-2016', 3)":null,"('0008-PE-2016', 4)":null,"('0008-PE-2016', 5)":null,"('0008-PE-2016', 6)":null,"('0008-PE-2016', 7)":null,"('0008-PE-2016', 8)":null},"('Firmantes', 'BLOQUE')":{"('0008-PE-2016', 0)":"PODER EJECUTIVO","('0008-PE-2016', 1)":"PODER EJECUTIVO","('0008-PE-2016', 2)":"PODER EJECUTIVO","('0008-PE-2016', 3)":null,"('0008-PE-2016', 4)":null,"('0008-PE-2016', 5)":null,"('0008-PE-2016', 6)":null,"('0008-PE-2016', 7)":null,"('0008-PE-2016', 8)":null},"('Giros', 'COMISI\u00d3N')":{"('0008-PE-2016', 0)":"ASUNTOS CONSTITUCIONALES","('0008-PE-2016', 1)":"PRESUPUESTO Y HACIENDA","('0008-PE-2016', 2)":null,"('0008-PE-2016', 3)":null,"('0008-PE-2016', 4)":null,"('0008-PE-2016', 5)":null,"('0008-PE-2016', 6)":null,"('0008-PE-2016', 7)":null,"('0008-PE-2016', 8)":null},"('Tramites', 'C\u00c1MARA')":{"('0008-PE-2016', 0)":"Diputados","('0008-PE-2016', 1)":"Diputados","('0008-PE-2016', 2)":"Senado","('0008-PE-2016', 3)":"Senado","('0008-PE-2016', 4)":"Senado","('0008-PE-2016', 5)":"Diputados","('0008-PE-2016', 6)":"Diputados","('0008-PE-2016', 7)":"Diputados","('0008-PE-2016', 8)":"Diputados"},"('Tramites', 'MOVIMIENTO')":{"('0008-PE-2016', 0)":"CONSIDERACION Y APROBACION CON MODIFICACIONES","('0008-PE-2016', 1)":"INSERCIONES","('0008-PE-2016', 2)":"PASA A SENADO -","('0008-PE-2016', 3)":"CONSIDERACION Y APROBACION CON MODIFICACIONES CONJUNTAMENTE PARA LOS EXPEDIENTES 2060-S-2015, 3240-S-2015, 3832-S-2015, 3934-S-2015, 4074-S-2015, 4128-S-2015, 0024-S-2016, 0008-PE-2016, 0017-CD-2016, 0225-S-2016, 0611-S-2016, 1081-S-2016 y 2236-S-2016","('0008-PE-2016', 4)":"INSERCIONES","('0008-PE-2016', 5)":"VUELVE A DIPUTADOS - CONJUNTAMENTE PARA LOS EXPEDIENTES 2060-S-2015, 3240-S-2015, 3832-S-2015, 3934-S-2015, 4074-S-2015, 4128-S-2015, 0024-S-2016, 0008-PE-2016, 0017-CD-2016, 0225-S-2016, 0611-S-2016, 1081-S-2016 y 2236-S-2016","('0008-PE-2016', 6)":"MOCION SOBRE TABLAS (AFIRMATIVA) CONJUNTAMENTE PARA LOS EXPEDIENTES 2060-S-2015, 3240-S-2015, 3832-S-2015, 3934-S-2015, 4074-S-2015, 4128-S-2015, 0024-S-2016, 0008-PE-2016, 0017-CD-2016, 0225-S-2016, 0611-S-2016, 1081-S-2016 y 2236-S-2016","('0008-PE-2016', 7)":"MOCION CAMARA EN COMISION, CONFERENCIA CONJUNTAMENTE PARA LOS EXPEDIENTES 2060-S-2015, 3240-S-2015, 3832-S-2015, 3934-S-2015, 4074-S-2015, 4128-S-2015, 0024-S-2016, 0008-PE-2016, 0017-CD-2016, 0225-S-2016, 0611-S-2016, 1081-S-2016 y 2236-S-2016","('0008-PE-2016', 8)":"CONSIDERACION Y SANCION (INSISTENCIA DE LA H CAMARA DE DIPUTADOS EN SU SANCION) CONJUNTAMENTE PARA LOS EXPEDIENTES 2060-S-2015, 3240-S-2015, 3832-S-2015, 3934-S-2015, 4074-S-2015, 4128-S-2015, 0024-S-2016, 0008-PE-2016, 0017-CD-2016, 0225-S-2016, 0611-S-2016, 1081-S-2016 y 2236-S-2016"},"('Tramites', 'FECHA')":{"('0008-PE-2016', 0)":"18\/05\/2016","('0008-PE-2016', 1)":"18\/05\/2016","('0008-PE-2016', 2)":null,"('0008-PE-2016', 3)":"07\/09\/2016","('0008-PE-2016', 4)":"07\/09\/2016","('0008-PE-2016', 5)":null,"('0008-PE-2016', 6)":"14\/09\/2016","('0008-PE-2016', 7)":"14\/09\/2016","('0008-PE-2016', 8)":"14\/09\/2016"},"('Tramites', 'RESULTADO')":{"('0008-PE-2016', 0)":"MEDIA SANCION","('0008-PE-2016', 1)":null,"('0008-PE-2016', 2)":null,"('0008-PE-2016', 3)":"MEDIA SANCION","('0008-PE-2016', 4)":null,"('0008-PE-2016', 5)":null,"('0008-PE-2016', 6)":null,"('0008-PE-2016', 7)":null,"('0008-PE-2016', 8)":"SANCIONADO"},"Sumario":{"('0008-PE-2016', 0)":"INFORMACION PUBLICA; DOCUMENTO; LEGITIMACION ACTIVA; ENTREGA DE INFORMACION; GRATUIDAD; AMBITO DE APLICACION; EXCEPCIONES; SOLICITUD DE INFORMACION Y VIAS DE RECLAMO; CREACION DE LA AGENCIA DE ACCESO A LA INFORMACION PUBLICA COMO ENTE AUTARQUICO QUE FUNCIONARA CON AUTONOMIA FUNCIONAL EN EL AMBITO DEL PODER EJECUTIVO: DIRECCION, COMPETENCIAS Y FUNCIONES, PERSONAL TECNICO Y ADMINISTRATIVO; CREACION DEL CONSEJO FEDERAL PARA LA TRANSPARENCIA: OBJETO, SEDE, INTEGRACION, DIRECCION; RESPONSABLES DE ACCESO A LA INFORMACION PUBLICA; TRANSPARENCIA ACTIVA; ACCESO LIBRE Y GRATUITO A TODAS LAS SECCIONES DEL BOLETIN OFICIAL DE LA REPUBLICA ARGENTINA A TRAVES DE INTERNET; PRESUPUESTO.","('0008-PE-2016', 1)":null,"('0008-PE-2016', 2)":null,"('0008-PE-2016', 3)":null,"('0008-PE-2016', 4)":null,"('0008-PE-2016', 5)":null,"('0008-PE-2016', 6)":null,"('0008-PE-2016', 7)":null,"('0008-PE-2016', 8)":null},"Palabra Clave":{"('0008-PE-2016', 0)":" ","('0008-PE-2016', 1)":null,"('0008-PE-2016', 2)":null,"('0008-PE-2016', 3)":null,"('0008-PE-2016', 4)":null,"('0008-PE-2016', 5)":null,"('0008-PE-2016', 6)":null,"('0008-PE-2016', 7)":null,"('0008-PE-2016', 8)":null}}