{"Tipo de Proyecto":{"('0008-D-2016', 0)":"PROYECTO DE LEY","('0008-D-2016', 1)":null,"('0008-D-2016', 2)":null},"Iniciado en: ":{"('0008-D-2016', 0)":"Diputados","('0008-D-2016', 1)":null,"('0008-D-2016', 2)":null},"Expediente Diputados: ":{"('0008-D-2016', 0)":"0008-D-2016","('0008-D-2016', 1)":null,"('0008-D-2016', 2)":null},"Publicado en: ":{"('0008-D-2016', 0)":"Tr\u00e1mite Parlamentario N\u00b0 1","('0008-D-2016', 1)":null,"('0008-D-2016', 2)":null},"Fecha: ":{"('0008-D-2016', 0)":"01\/03\/2016","('0008-D-2016', 1)":null,"('0008-D-2016', 2)":null},"T\u00edtulo":{"('0008-D-2016', 0)":"TRANSFERENCIA A TITULO GRATUITO DE UN INMUEBLE PROPIEDAD DEL ESTADO NACIONAL A LA PROVINCIA DE SAN LUIS, CON DESTINO A LA CONSTRUCCION DE LA ESCUELA N\u00b0 333 \"INSP. ROSARIO MU\u00d1OZ SARMIENTO\" DE LA LOCALIDAD DEL ZAPALLAR, DEPARTAMENTO DE AYACUCHO, PROVINCIA DE SAN LUIS (REPRODUCCION DEL EXPEDIENTE 8229-D-14).","('0008-D-2016', 1)":null,"('0008-D-2016', 2)":null},"('Firmantes', 'FIRMANTE')":{"('0008-D-2016', 0)":"BIANCHI, IVANA MARIA","('0008-D-2016', 1)":null,"('0008-D-2016', 2)":null},"('Firmantes', 'DISTRITO')":{"('0008-D-2016', 0)":"SAN LUIS","('0008-D-2016', 1)":null,"('0008-D-2016', 2)":null},"('Firmantes', 'BLOQUE')":{"('0008-D-2016', 0)":"COMPROMISO FEDERAL","('0008-D-2016', 1)":null,"('0008-D-2016', 2)":null},"('Giros', 'COMISI\u00d3N')":{"('0008-D-2016', 0)":"LEGISLACION GENERAL","('0008-D-2016', 1)":"EDUCACION","('0008-D-2016', 2)":"PRESUPUESTO Y HACIENDA"},"Palabra Clave":{"('0008-D-2016', 0)":" ","('0008-D-2016', 1)":null,"('0008-D-2016', 2)":null}}