{"Tipo de Proyecto":{"('0009-PE-2016', 0)":"MENSAJE NRO: 0590\/16 Y PROYECTO DE LEY","('0009-PE-2016', 1)":null,"('0009-PE-2016', 2)":null,"('0009-PE-2016', 3)":null,"('0009-PE-2016', 4)":null,"('0009-PE-2016', 5)":null},"Iniciado en: ":{"('0009-PE-2016', 0)":"Diputados","('0009-PE-2016', 1)":null,"('0009-PE-2016', 2)":null,"('0009-PE-2016', 3)":null,"('0009-PE-2016', 4)":null,"('0009-PE-2016', 5)":null},"Expediente Diputados: ":{"('0009-PE-2016', 0)":"0009-PE-2016","('0009-PE-2016', 1)":null,"('0009-PE-2016', 2)":null,"('0009-PE-2016', 3)":null,"('0009-PE-2016', 4)":null,"('0009-PE-2016', 5)":null},"Expediente Senado: ":{"('0009-PE-2016', 0)":"0018-CD-2016","('0009-PE-2016', 1)":null,"('0009-PE-2016', 2)":null,"('0009-PE-2016', 3)":null,"('0009-PE-2016', 4)":null,"('0009-PE-2016', 5)":null},"Publicado en: ":{"('0009-PE-2016', 0)":"Tr\u00e1mite Parlamentario N\u00b0 33","('0009-PE-2016', 1)":null,"('0009-PE-2016', 2)":null,"('0009-PE-2016', 3)":null,"('0009-PE-2016', 4)":null,"('0009-PE-2016', 5)":null},"Fecha: ":{"('0009-PE-2016', 0)":"18\/04\/2016","('0009-PE-2016', 1)":null,"('0009-PE-2016', 2)":null,"('0009-PE-2016', 3)":null,"('0009-PE-2016', 4)":null,"('0009-PE-2016', 5)":null},"T\u00edtulo":{"('0009-PE-2016', 0)":"REGIMEN DE REINTEGRO DE UNA PORCION DEL IMPUESTO AL VALOR AGREGADO POR COMPRAS EN COMERCIOS DE VENTA MINORISTA.","('0009-PE-2016', 1)":null,"('0009-PE-2016', 2)":null,"('0009-PE-2016', 3)":null,"('0009-PE-2016', 4)":null,"('0009-PE-2016', 5)":null},"('Firmantes', 'FIRMANTE')":{"('0009-PE-2016', 0)":"MACRI, MAURICIO","('0009-PE-2016', 1)":"PE\u00d1A, MARCOS","('0009-PE-2016', 2)":"BURYAILE, RICARDO","('0009-PE-2016', 3)":null,"('0009-PE-2016', 4)":null,"('0009-PE-2016', 5)":null},"('Firmantes', 'DISTRITO')":{"('0009-PE-2016', 0)":null,"('0009-PE-2016', 1)":null,"('0009-PE-2016', 2)":null,"('0009-PE-2016', 3)":null,"('0009-PE-2016', 4)":null,"('0009-PE-2016', 5)":null},"('Firmantes', 'BLOQUE')":{"('0009-PE-2016', 0)":"PODER EJECUTIVO","('0009-PE-2016', 1)":"PODER EJECUTIVO","('0009-PE-2016', 2)":"PODER EJECUTIVO","('0009-PE-2016', 3)":null,"('0009-PE-2016', 4)":null,"('0009-PE-2016', 5)":null},"('Giros', 'COMISI\u00d3N')":{"('0009-PE-2016', 0)":"PRESUPUESTO Y HACIENDA","('0009-PE-2016', 1)":null,"('0009-PE-2016', 2)":null,"('0009-PE-2016', 3)":null,"('0009-PE-2016', 4)":null,"('0009-PE-2016', 5)":null},"('Tramites', 'C\u00c1MARA')":{"('0009-PE-2016', 0)":"Diputados","('0009-PE-2016', 1)":"Diputados","('0009-PE-2016', 2)":"Senado","('0009-PE-2016', 3)":"Senado","('0009-PE-2016', 4)":"Senado","('0009-PE-2016', 5)":"Senado"},"('Tramites', 'MOVIMIENTO')":{"('0009-PE-2016', 0)":"CONSIDERACION Y APROBACION CON MODIFICACIONES","('0009-PE-2016', 1)":"INSERCIONES","('0009-PE-2016', 2)":"PASA A SENADO -","('0009-PE-2016', 3)":"SOLICITUD DEL SENADOR CASERIO DE LA INSERCION DE SU FIRMA AL DICTAMEN DE MAYORIA (AL ORDEN DEL DIA)","('0009-PE-2016', 4)":"CONSIDERACION Y SANCION","('0009-PE-2016', 5)":"INSERCIONES"},"('Tramites', 'FECHA')":{"('0009-PE-2016', 0)":"18\/05\/2016","('0009-PE-2016', 1)":"18\/05\/2016","('0009-PE-2016', 2)":null,"('0009-PE-2016', 3)":"08\/06\/2016","('0009-PE-2016', 4)":"08\/06\/2016","('0009-PE-2016', 5)":"08\/06\/2016"},"('Tramites', 'RESULTADO')":{"('0009-PE-2016', 0)":"MEDIA SANCION","('0009-PE-2016', 1)":null,"('0009-PE-2016', 2)":null,"('0009-PE-2016', 3)":null,"('0009-PE-2016', 4)":"SANCIONADO","('0009-PE-2016', 5)":null},"Sumario":{"('0009-PE-2016', 0)":"REINTEGRO; TOPE; BENEFICIARIOS; AUTORIDAD DE APLICACION: MINISTERIO DE HACIENDA Y FINANZAS PUBLICAS;","('0009-PE-2016', 1)":null,"('0009-PE-2016', 2)":null,"('0009-PE-2016', 3)":null,"('0009-PE-2016', 4)":null,"('0009-PE-2016', 5)":null},"Palabra Clave":{"('0009-PE-2016', 0)":" ","('0009-PE-2016', 1)":null,"('0009-PE-2016', 2)":null,"('0009-PE-2016', 3)":null,"('0009-PE-2016', 4)":null,"('0009-PE-2016', 5)":null}}