{"Tipo de Proyecto":{"('0009-S-2016', 0)":"PROYECTO DE LEY"},"Iniciado en: ":{"('0009-S-2016', 0)":"Senado"},"Expediente Senado: ":{"('0009-S-2016', 0)":"0009-S-2016"},"Publicado en: ":{"('0009-S-2016', 0)":"Diario de Asuntos Entrados N\u00b0 1"},"Fecha: ":{"('0009-S-2016', 0)":"02\/03\/2016"},"T\u00edtulo":{"('0009-S-2016', 0)":"OBLIGATORIEDAD DE DETALLAR EN LA CARTA DE LOCALES GASTRONOMICOS LA CANTIDAD DE CALORIAS QUE POSEE CADA MENU (REPRODUCCION DEL EXPEDIENTE 2515-S-14)."},"('Firmantes', 'FIRMANTE')":{"('0009-S-2016', 0)":"LEGUIZAMON, MARIA LAURA"},"('Firmantes', 'DISTRITO')":{"('0009-S-2016', 0)":"BUENOS AIRES"},"('Firmantes', 'BLOQUE')":{"('0009-S-2016', 0)":"FRENTE PARA LA VICTORIA - PJ"},"Sumario":{"('0009-S-2016', 0)":"SUJETOS ALCANZADOS; NOMINA DE MENUS SALUDABLES; SANCIONES."},"Palabra Clave":{"('0009-S-2016', 0)":" "}}