{"Tipo de Proyecto":{"('0010-S-2016', 0)":"PROYECTO DE LEY"},"Iniciado en: ":{"('0010-S-2016', 0)":"Senado"},"Expediente Senado: ":{"('0010-S-2016', 0)":"0010-S-2016"},"Publicado en: ":{"('0010-S-2016', 0)":"Diario de Asuntos Entrados N\u00b0 1"},"Fecha: ":{"('0010-S-2016', 0)":"02\/03\/2016"},"T\u00edtulo":{"('0010-S-2016', 0)":"MODIFICACION DEL ARTICULO 80 DE LA LEY 24449 (TRANSITO), RESPECTO DE INCORPORAR EL AGRAVANTE DE LA SANCION PARA QUIENES ENTORPEZCAN LOS ESPACIOS DESTINADOS A USO EXCLUSIVO DE PERSONAS CON DISCAPACIDAD O MUJERES EMBARAZADAS. (REPRODUCCION DEL EXPEDIENTE 1737-S-14)."},"('Firmantes', 'FIRMANTE')":{"('0010-S-2016', 0)":"LEGUIZAMON, MARIA LAURA"},"('Firmantes', 'DISTRITO')":{"('0010-S-2016', 0)":"BUENOS AIRES"},"('Firmantes', 'BLOQUE')":{"('0010-S-2016', 0)":"FRENTE PARA LA VICTORIA - PJ"},"Link":{"('0010-S-2016', 0)":"http:\/\/www.senado.gov.ar\/parlamentario\/comisiones\/verExp\/10.16\/S\/PL"},"Palabra Clave":{"('0010-S-2016', 0)":" "}}