{"Tipo de Proyecto":{"('0012-JGM-2016', 0)":"MENSAJE NRO: 0021\/16","('0012-JGM-2016', 1)":null},"Iniciado en: ":{"('0012-JGM-2016', 0)":"Diputados","('0012-JGM-2016', 1)":null},"Expediente Diputados: ":{"('0012-JGM-2016', 0)":"0012-JGM-2016","('0012-JGM-2016', 1)":null},"Publicado en: ":{"('0012-JGM-2016', 0)":"Tr\u00e1mite Parlamentario N\u00b0 83","('0012-JGM-2016', 1)":null},"Fecha: ":{"('0012-JGM-2016', 0)":"30\/06\/2016","('0012-JGM-2016', 1)":null},"T\u00edtulo":{"('0012-JGM-2016', 0)":"COMUNICA EL INFORME DE AVANCE SOBRE LA ELABORACION DEL PROYECTO DE LEY DEL PRESUPUESTO GENERAL DE LA ADMINISTRACION NACIONAL CORRESPONDIENTE AL EJERCICIO 2017. ","('0012-JGM-2016', 1)":null},"('Firmantes', 'FIRMANTE')":{"('0012-JGM-2016', 0)":"PE\u00d1A, MARCOS","('0012-JGM-2016', 1)":"DE PRAT GAY, ALFONSO"},"('Firmantes', 'DISTRITO')":{"('0012-JGM-2016', 0)":null,"('0012-JGM-2016', 1)":null},"('Firmantes', 'BLOQUE')":{"('0012-JGM-2016', 0)":"PODER EJECUTIVO","('0012-JGM-2016', 1)":"PODER EJECUTIVO"},"('Giros', 'COMISI\u00d3N')":{"('0012-JGM-2016', 0)":"PRESUPUESTO Y HACIENDA","('0012-JGM-2016', 1)":null},"Palabra Clave":{"('0012-JGM-2016', 0)":" ","('0012-JGM-2016', 1)":null}}