{"Tipo de Proyecto":{"('0013-S-2016', 0)":"PROYECTO DE LEY"},"Iniciado en: ":{"('0013-S-2016', 0)":"Senado"},"Expediente Senado: ":{"('0013-S-2016', 0)":"0013-S-2016"},"Publicado en: ":{"('0013-S-2016', 0)":"Diario de Asuntos Entrados N\u00b0 1"},"Fecha: ":{"('0013-S-2016', 0)":"02\/03\/2016"},"T\u00edtulo":{"('0013-S-2016', 0)":"MODIFICACION DEL ARTICULO 36 DE LA LEY 20266, SOBRE OBLIGACIONES DE LOS CORREDORES INMOBILIARIOS  (REPRODUCCION DEL EXPEDIENTE 0489-S-14)."},"('Firmantes', 'FIRMANTE')":{"('0013-S-2016', 0)":"LEGUIZAMON, MARIA LAURA"},"('Firmantes', 'DISTRITO')":{"('0013-S-2016', 0)":"BUENOS AIRES"},"('Firmantes', 'BLOQUE')":{"('0013-S-2016', 0)":"FRENTE PARA LA VICTORIA - PJ"},"Link":{"('0013-S-2016', 0)":"http:\/\/www.senado.gov.ar\/parlamentario\/comisiones\/verExp\/13.16\/S\/PL"},"Palabra Clave":{"('0013-S-2016', 0)":" "}}