{"Tipo de Proyecto":{"('0013-PE-2016', 0)":"MENSAJE NRO: 0684\/16 Y PROYECTO DE LEY","('0013-PE-2016', 1)":null,"('0013-PE-2016', 2)":null,"('0013-PE-2016', 3)":null},"Iniciado en: ":{"('0013-PE-2016', 0)":"Diputados","('0013-PE-2016', 1)":null,"('0013-PE-2016', 2)":null,"('0013-PE-2016', 3)":null},"Expediente Diputados: ":{"('0013-PE-2016', 0)":"0013-PE-2016","('0013-PE-2016', 1)":null,"('0013-PE-2016', 2)":null,"('0013-PE-2016', 3)":null},"Expediente Senado: ":{"('0013-PE-2016', 0)":"0079-CD-2016","('0013-PE-2016', 1)":null,"('0013-PE-2016', 2)":null,"('0013-PE-2016', 3)":null},"Publicado en: ":{"('0013-PE-2016', 0)":"Tr\u00e1mite Parlamentario N\u00b0 53","('0013-PE-2016', 1)":null,"('0013-PE-2016', 2)":null,"('0013-PE-2016', 3)":null},"Fecha: ":{"('0013-PE-2016', 0)":"16\/05\/2016","('0013-PE-2016', 1)":null,"('0013-PE-2016', 2)":null,"('0013-PE-2016', 3)":null},"T\u00edtulo":{"('0013-PE-2016', 0)":"DECLARAR OBLIGATORIA LA EDUCACION INICIAL PARA NI\u00d1OS\/AS DE TRES (3) A\u00d1OS EN EL SISTEMA EDUCATIVO NACIONAL.","('0013-PE-2016', 1)":null,"('0013-PE-2016', 2)":null,"('0013-PE-2016', 3)":null},"('Firmantes', 'FIRMANTE')":{"('0013-PE-2016', 0)":"MACRI, MAURICIO","('0013-PE-2016', 1)":"PE\u00d1A, MARCOS","('0013-PE-2016', 2)":"BULLRICH, ESTEBAN JOSE","('0013-PE-2016', 3)":null},"('Firmantes', 'DISTRITO')":{"('0013-PE-2016', 0)":null,"('0013-PE-2016', 1)":null,"('0013-PE-2016', 2)":null,"('0013-PE-2016', 3)":null},"('Firmantes', 'BLOQUE')":{"('0013-PE-2016', 0)":"PODER EJECUTIVO","('0013-PE-2016', 1)":"PODER EJECUTIVO","('0013-PE-2016', 2)":"PODER EJECUTIVO","('0013-PE-2016', 3)":null},"('Giros', 'COMISI\u00d3N')":{"('0013-PE-2016', 0)":"EDUCACION","('0013-PE-2016', 1)":"FAMILIA, MUJER, NI\u00d1EZ Y ADOLESCENCIA","('0013-PE-2016', 2)":null,"('0013-PE-2016', 3)":null},"('Tramites', 'C\u00c1MARA')":{"('0013-PE-2016', 0)":"Diputados","('0013-PE-2016', 1)":"Diputados","('0013-PE-2016', 2)":"Diputados","('0013-PE-2016', 3)":"Senado"},"('Tramites', 'MOVIMIENTO')":{"('0013-PE-2016', 0)":"CITACION SESION ESPECIAL","('0013-PE-2016', 1)":"CONSIDERACION Y APROBACION CON MODIFICACIONES","('0013-PE-2016', 2)":"INSERCIONES","('0013-PE-2016', 3)":"PASA A SENADO -"},"('Tramites', 'FECHA')":{"('0013-PE-2016', 0)":"16\/11\/2016","('0013-PE-2016', 1)":"16\/11\/2016","('0013-PE-2016', 2)":"16\/11\/2016","('0013-PE-2016', 3)":null},"('Tramites', 'RESULTADO')":{"('0013-PE-2016', 0)":null,"('0013-PE-2016', 1)":"MEDIA SANCION","('0013-PE-2016', 2)":null,"('0013-PE-2016', 3)":null},"Sumario":{"('0013-PE-2016', 0)":"SUSTITUCION DE LOS ARTICULOS 16 Y 18 DE LA LEY 26206, DE EDUCACION NACIONAL.","('0013-PE-2016', 1)":null,"('0013-PE-2016', 2)":null,"('0013-PE-2016', 3)":null},"Palabra Clave":{"('0013-PE-2016', 0)":" ","('0013-PE-2016', 1)":null,"('0013-PE-2016', 2)":null,"('0013-PE-2016', 3)":null}}