{"Tipo de Proyecto":{"('0014-OV-2016', 0)":"PROYECTO DE RESOLUCI\u00d3N"},"Iniciado en: ":{"('0014-OV-2016', 0)":"Senado"},"Expediente Senado: ":{"('0014-OV-2016', 0)":"0014-OV-2016"},"Fecha: ":{"('0014-OV-2016', 0)":"17\/04\/2017"},"T\u00edtulo":{"('0014-OV-2016', 0)":"PEDIDO DE INFORMES AL PODER EJECUTIVO SOBRE RESOLUCION REMITIDA POR LA AUDITORIA GENERAL DE LA NACION 61\/16, APROBANDO EL INFORME DE AUDITORIA SOBRE LOS ESTADOS FINANCIEROS DEL EJERCICIO 7 AL 31\/10\/2015 CORRESPONDIENTES AL PROYECTO DE SERVICIOS BASICOS MUNICIPALES, PARCIALMENTE FINANCIADO A TRAVES DEL CONVENIO DE PRESTAMO 7385-AR BIRF."},"('Firmantes', 'FIRMANTE')":{"('0014-OV-2016', 0)":"PARLAMENTARIA MIXTA REVISORA DE CUENTAS"},"('Firmantes', 'DISTRITO')":{"('0014-OV-2016', 0)":null},"('Firmantes', 'BLOQUE')":{"('0014-OV-2016', 0)":null},"Link":{"('0014-OV-2016', 0)":"http:\/\/www.senado.gov.ar\/parlamentario\/comisiones\/verExp\/14.16\/OV\/PR"},"Palabra Clave":{"('0014-OV-2016', 0)":" "}}