{"Tipo de Proyecto":{"('0014-S-2016', 0)":"PROYECTO DE LEY"},"Iniciado en: ":{"('0014-S-2016', 0)":"Senado"},"Expediente Senado: ":{"('0014-S-2016', 0)":"0014-S-2016"},"Publicado en: ":{"('0014-S-2016', 0)":"Diario de Asuntos Entrados N\u00b0 1"},"Fecha: ":{"('0014-S-2016', 0)":"02\/03\/2016"},"T\u00edtulo":{"('0014-S-2016', 0)":"MODIFICACION DEL ARTICULO 13 DE LA LEY 23898, SOBRE EXCEPCIONES AL PAGO DE TASA DE JUSTICIA (REPRODUCCION DEL EXPEDIENTE 0912-S-12) (REPRODUCCION DEL EXPEDIENTE 0488-S-14)."},"('Firmantes', 'FIRMANTE')":{"('0014-S-2016', 0)":"LEGUIZAMON, MARIA LAURA"},"('Firmantes', 'DISTRITO')":{"('0014-S-2016', 0)":"BUENOS AIRES"},"('Firmantes', 'BLOQUE')":{"('0014-S-2016', 0)":"FRENTE PARA LA VICTORIA - PJ"},"Link":{"('0014-S-2016', 0)":"http:\/\/www.senado.gov.ar\/parlamentario\/comisiones\/verExp\/14.16\/S\/PL"},"Palabra Clave":{"('0014-S-2016', 0)":" "}}