{"Tipo de Proyecto":{"('0015-S-2016', 0)":"PROYECTO DE RESOLUCI\u00d3N","('0015-S-2016', 1)":null,"('0015-S-2016', 2)":null,"('0015-S-2016', 3)":null,"('0015-S-2016', 4)":null,"('0015-S-2016', 5)":null,"('0015-S-2016', 6)":null,"('0015-S-2016', 7)":null,"('0015-S-2016', 8)":null},"Iniciado en: ":{"('0015-S-2016', 0)":"Senado","('0015-S-2016', 1)":null,"('0015-S-2016', 2)":null,"('0015-S-2016', 3)":null,"('0015-S-2016', 4)":null,"('0015-S-2016', 5)":null,"('0015-S-2016', 6)":null,"('0015-S-2016', 7)":null,"('0015-S-2016', 8)":null},"Expediente Senado: ":{"('0015-S-2016', 0)":"0015-S-2016","('0015-S-2016', 1)":null,"('0015-S-2016', 2)":null,"('0015-S-2016', 3)":null,"('0015-S-2016', 4)":null,"('0015-S-2016', 5)":null,"('0015-S-2016', 6)":null,"('0015-S-2016', 7)":null,"('0015-S-2016', 8)":null},"Publicado en: ":{"('0015-S-2016', 0)":"Diario de Asuntos Entrados N\u00b0 0","('0015-S-2016', 1)":null,"('0015-S-2016', 2)":null,"('0015-S-2016', 3)":null,"('0015-S-2016', 4)":null,"('0015-S-2016', 5)":null,"('0015-S-2016', 6)":null,"('0015-S-2016', 7)":null,"('0015-S-2016', 8)":null},"Fecha: ":{"('0015-S-2016', 0)":"10\/06\/2016","('0015-S-2016', 1)":null,"('0015-S-2016', 2)":null,"('0015-S-2016', 3)":null,"('0015-S-2016', 4)":null,"('0015-S-2016', 5)":null,"('0015-S-2016', 6)":null,"('0015-S-2016', 7)":null,"('0015-S-2016', 8)":null},"T\u00edtulo":{"('0015-S-2016', 0)":"REALIZACION DE  UNA REUNION CONJUNTA DE AMBAS CAMARAS DEL H. CONGRESO DE LA NACION, EL 6 DE JULIO DE 2016 A LAS 14.00 HS., EN EL TEATRO GENERAL SAN MARTIN DE LA CIUDAD DE SAN MIGUEL DE TUCUMAN, EN CONMEMORACION DEL BICENTENARIO DE LA DECLARACION DE LA INDEPENDENCIA NACIONAL Y OTRAS CUESTIONES CONEXAS. ","('0015-S-2016', 1)":null,"('0015-S-2016', 2)":null,"('0015-S-2016', 3)":null,"('0015-S-2016', 4)":null,"('0015-S-2016', 5)":null,"('0015-S-2016', 6)":null,"('0015-S-2016', 7)":null,"('0015-S-2016', 8)":null},"('Firmantes', 'FIRMANTE')":{"('0015-S-2016', 0)":"ROZAS, ANGEL","('0015-S-2016', 1)":"REUTEMANN, CARLOS ALBERTO","('0015-S-2016', 2)":"LINARES, JAIME","('0015-S-2016', 3)":"CASTILLO, OSCAR ANIBAL","('0015-S-2016', 4)":"LUENZO, ALFREDO HECTOR","('0015-S-2016', 5)":"PICHETTO, MIGUEL ANGEL","('0015-S-2016', 6)":"ROMERO, JUAN CARLOS","('0015-S-2016', 7)":"SOLANAS, FERNANDO EZEQUIEL","('0015-S-2016', 8)":"ODARDA, MARIA MAGDALENA"},"('Firmantes', 'DISTRITO')":{"('0015-S-2016', 0)":"CHACO","('0015-S-2016', 1)":"SANTA FE","('0015-S-2016', 2)":"BUENOS AIRES","('0015-S-2016', 3)":"CATAMARCA","('0015-S-2016', 4)":"CHUBUT","('0015-S-2016', 5)":"RIO NEGRO","('0015-S-2016', 6)":"SALTA","('0015-S-2016', 7)":"CIUDAD de BUENOS AIRES","('0015-S-2016', 8)":"RIO NEGRO"},"('Firmantes', 'BLOQUE')":{"('0015-S-2016', 0)":"UCR","('0015-S-2016', 1)":"SANTA FE FEDERAL","('0015-S-2016', 2)":"GEN","('0015-S-2016', 3)":"FRENTE CIVICO Y SOCIAL DE CATAMARCA","('0015-S-2016', 4)":"CHUBUT SOMOS TODOS","('0015-S-2016', 5)":"FRENTE PARA LA VICTORIA - PJ","('0015-S-2016', 6)":"JUSTICIALISTA 8 DE OCTUBRE","('0015-S-2016', 7)":"PROYECTO SUR - UNEN","('0015-S-2016', 8)":"FRENTE PROGRESISTA - CCARI"},"Link":{"('0015-S-2016', 0)":"http:\/\/www.senado.gov.ar\/parlamentario\/comisiones\/verExp\/15.16\/S\/PR","('0015-S-2016', 1)":null,"('0015-S-2016', 2)":null,"('0015-S-2016', 3)":null,"('0015-S-2016', 4)":null,"('0015-S-2016', 5)":null,"('0015-S-2016', 6)":null,"('0015-S-2016', 7)":null,"('0015-S-2016', 8)":null},"Palabra Clave":{"('0015-S-2016', 0)":" ","('0015-S-2016', 1)":null,"('0015-S-2016', 2)":null,"('0015-S-2016', 3)":null,"('0015-S-2016', 4)":null,"('0015-S-2016', 5)":null,"('0015-S-2016', 6)":null,"('0015-S-2016', 7)":null,"('0015-S-2016', 8)":null}}