{"Tipo de Proyecto":{"('0016-S-2016', 0)":"PROYECTO DE LEY"},"Iniciado en: ":{"('0016-S-2016', 0)":"Senado"},"Expediente Senado: ":{"('0016-S-2016', 0)":"0016-S-2016"},"Publicado en: ":{"('0016-S-2016', 0)":"Diario de Asuntos Entrados N\u00b0 1"},"Fecha: ":{"('0016-S-2016', 0)":"02\/03\/2016"},"T\u00edtulo":{"('0016-S-2016', 0)":"INSTITUIR EL 22 DE MARZO COMO DIA MUNDIAL DEL AGUA (REPRODUCCION DEL EXPEDIENTE 0464-S-14)."},"('Firmantes', 'FIRMANTE')":{"('0016-S-2016', 0)":"LEGUIZAMON, MARIA LAURA"},"('Firmantes', 'DISTRITO')":{"('0016-S-2016', 0)":"BUENOS AIRES"},"('Firmantes', 'BLOQUE')":{"('0016-S-2016', 0)":"FRENTE PARA LA VICTORIA - PJ"},"Link":{"('0016-S-2016', 0)":"http:\/\/www.senado.gov.ar\/parlamentario\/comisiones\/verExp\/16.16\/S\/PL"},"Palabra Clave":{"('0016-S-2016', 0)":" "}}