{"Tipo de Proyecto":{"('0016-JGM-2016', 0)":"MENSAJE NRO: 0028\/16 Y PROYECTO DE LEY","('0016-JGM-2016', 1)":null,"('0016-JGM-2016', 2)":null,"('0016-JGM-2016', 3)":null,"('0016-JGM-2016', 4)":null,"('0016-JGM-2016', 5)":null,"('0016-JGM-2016', 6)":null,"('0016-JGM-2016', 7)":null},"Iniciado en: ":{"('0016-JGM-2016', 0)":"Diputados","('0016-JGM-2016', 1)":null,"('0016-JGM-2016', 2)":null,"('0016-JGM-2016', 3)":null,"('0016-JGM-2016', 4)":null,"('0016-JGM-2016', 5)":null,"('0016-JGM-2016', 6)":null,"('0016-JGM-2016', 7)":null},"Expediente Diputados: ":{"('0016-JGM-2016', 0)":"0016-JGM-2016","('0016-JGM-2016', 1)":null,"('0016-JGM-2016', 2)":null,"('0016-JGM-2016', 3)":null,"('0016-JGM-2016', 4)":null,"('0016-JGM-2016', 5)":null,"('0016-JGM-2016', 6)":null,"('0016-JGM-2016', 7)":null},"Expediente Senado: ":{"('0016-JGM-2016', 0)":"0075-CD-2016","('0016-JGM-2016', 1)":null,"('0016-JGM-2016', 2)":null,"('0016-JGM-2016', 3)":null,"('0016-JGM-2016', 4)":null,"('0016-JGM-2016', 5)":null,"('0016-JGM-2016', 6)":null,"('0016-JGM-2016', 7)":null},"Publicado en: ":{"('0016-JGM-2016', 0)":"Tr\u00e1mite Parlamentario N\u00b0 127","('0016-JGM-2016', 1)":null,"('0016-JGM-2016', 2)":null,"('0016-JGM-2016', 3)":null,"('0016-JGM-2016', 4)":null,"('0016-JGM-2016', 5)":null,"('0016-JGM-2016', 6)":null,"('0016-JGM-2016', 7)":null},"Fecha: ":{"('0016-JGM-2016', 0)":"15\/09\/2016","('0016-JGM-2016', 1)":null,"('0016-JGM-2016', 2)":null,"('0016-JGM-2016', 3)":null,"('0016-JGM-2016', 4)":null,"('0016-JGM-2016', 5)":null,"('0016-JGM-2016', 6)":null,"('0016-JGM-2016', 7)":null},"T\u00edtulo":{"('0016-JGM-2016', 0)":"PRESUPUESTO GENERAL DE LA ADMINISTRACION NACIONAL PARA EL EJERCICIO FISCAL DEL A\u00d1O 2017.","('0016-JGM-2016', 1)":null,"('0016-JGM-2016', 2)":null,"('0016-JGM-2016', 3)":null,"('0016-JGM-2016', 4)":null,"('0016-JGM-2016', 5)":null,"('0016-JGM-2016', 6)":null,"('0016-JGM-2016', 7)":null},"('Firmantes', 'FIRMANTE')":{"('0016-JGM-2016', 0)":"PE\u00d1A, MARCOS","('0016-JGM-2016', 1)":"DE PRAT GAY, ALFONSO","('0016-JGM-2016', 2)":null,"('0016-JGM-2016', 3)":null,"('0016-JGM-2016', 4)":null,"('0016-JGM-2016', 5)":null,"('0016-JGM-2016', 6)":null,"('0016-JGM-2016', 7)":null},"('Firmantes', 'DISTRITO')":{"('0016-JGM-2016', 0)":null,"('0016-JGM-2016', 1)":null,"('0016-JGM-2016', 2)":null,"('0016-JGM-2016', 3)":null,"('0016-JGM-2016', 4)":null,"('0016-JGM-2016', 5)":null,"('0016-JGM-2016', 6)":null,"('0016-JGM-2016', 7)":null},"('Firmantes', 'BLOQUE')":{"('0016-JGM-2016', 0)":"PODER EJECUTIVO","('0016-JGM-2016', 1)":"PODER EJECUTIVO","('0016-JGM-2016', 2)":null,"('0016-JGM-2016', 3)":null,"('0016-JGM-2016', 4)":null,"('0016-JGM-2016', 5)":null,"('0016-JGM-2016', 6)":null,"('0016-JGM-2016', 7)":null},"('Giros', 'COMISI\u00d3N')":{"('0016-JGM-2016', 0)":"PRESUPUESTO Y HACIENDA","('0016-JGM-2016', 1)":null,"('0016-JGM-2016', 2)":null,"('0016-JGM-2016', 3)":null,"('0016-JGM-2016', 4)":null,"('0016-JGM-2016', 5)":null,"('0016-JGM-2016', 6)":null,"('0016-JGM-2016', 7)":null},"('Tramites', 'C\u00c1MARA')":{"('0016-JGM-2016', 0)":"Diputados","('0016-JGM-2016', 1)":"Diputados","('0016-JGM-2016', 2)":"Diputados","('0016-JGM-2016', 3)":"Senado","('0016-JGM-2016', 4)":"Senado","('0016-JGM-2016', 5)":"Senado","('0016-JGM-2016', 6)":"Senado","('0016-JGM-2016', 7)":"Senado"},"('Tramites', 'MOVIMIENTO')":{"('0016-JGM-2016', 0)":"CITACION SESION ESPECIAL","('0016-JGM-2016', 1)":"CONSIDERACION Y APROBACION CON MODIFICACIONES (VOTACIONES NOMINALES)","('0016-JGM-2016', 2)":"INSERCIONES","('0016-JGM-2016', 3)":"PASA A SENADO -","('0016-JGM-2016', 4)":"COMUNICACION DE LA SECRETARIA PARLAMENTARIA DE LA H. CAMARA DE DIPUTADOS DE UNA FE DE ERRATAS","('0016-JGM-2016', 5)":"SOLICITUD DEL SENADOR CASERIO DE INCORPORAR SU FIRMA AL DICTAMEN","('0016-JGM-2016', 6)":"CONSIDERACION Y SANCION","('0016-JGM-2016', 7)":"INSERCIONES"},"('Tramites', 'FECHA')":{"('0016-JGM-2016', 0)":"02\/11\/2016","('0016-JGM-2016', 1)":"02\/11\/2016","('0016-JGM-2016', 2)":"02\/11\/2016","('0016-JGM-2016', 3)":null,"('0016-JGM-2016', 4)":null,"('0016-JGM-2016', 5)":"30\/11\/2016","('0016-JGM-2016', 6)":"30\/11\/2016","('0016-JGM-2016', 7)":"30\/11\/2016"},"('Tramites', 'RESULTADO')":{"('0016-JGM-2016', 0)":null,"('0016-JGM-2016', 1)":"MEDIA SANCION","('0016-JGM-2016', 2)":null,"('0016-JGM-2016', 3)":null,"('0016-JGM-2016', 4)":null,"('0016-JGM-2016', 5)":null,"('0016-JGM-2016', 6)":"SANCIONADO","('0016-JGM-2016', 7)":null},"Sumario":{"('0016-JGM-2016', 0)":"DISPOSICIONES GENERALES; NORMAS SOBRE GASTOS; NORMAS SOBRE RECURSOS; CUPOS FISCALES; CANCELACION DE DEUDAS DE ORIGEN PREVISIONAL; JUBILACIONES Y PENSIONES; OPERACIONES DE CREDITO PUBLICO; RELACIONES CON LAS PROVINCIAS;  MODIFICACION DEL ARTICULO 101 DE LA LEY  11672 COMPLEMENTARIA PERMANENTE DEL PRESUPUESTO; DEROGACION DE LOS ARTICULOS 106 Y 107 DE LA LEY 26727; INCORPORACION A LA LEY 11672  COMPLEMENTARIA PERMANENTE DEL PRESUPUESTO LOS ARTICULOS 57, 58 Y 59 DE LA PRESENTE LEY; PRESUPUESTO DE GASTOS Y RECURSOS DE LA ADMINISTRACION CENTRAL; PRESUPUESTO DE GASTOS Y RECURSOS DE ORGANISMOS DESCENTRALIZADOS E INSTITUCIONES DE LA SEGURIDAD SOCIAL; PLANILLAS.","('0016-JGM-2016', 1)":null,"('0016-JGM-2016', 2)":null,"('0016-JGM-2016', 3)":null,"('0016-JGM-2016', 4)":null,"('0016-JGM-2016', 5)":null,"('0016-JGM-2016', 6)":null,"('0016-JGM-2016', 7)":null},"Palabra Clave":{"('0016-JGM-2016', 0)":" ","('0016-JGM-2016', 1)":null,"('0016-JGM-2016', 2)":null,"('0016-JGM-2016', 3)":null,"('0016-JGM-2016', 4)":null,"('0016-JGM-2016', 5)":null,"('0016-JGM-2016', 6)":null,"('0016-JGM-2016', 7)":null}}