{"Tipo de Proyecto":{"('0016-OV-2016', 0)":"PROYECTO DE RESOLUCI\u00d3N"},"Iniciado en: ":{"('0016-OV-2016', 0)":"Senado"},"Expediente Senado: ":{"('0016-OV-2016', 0)":"0016-OV-2016"},"Fecha: ":{"('0016-OV-2016', 0)":"03\/11\/2017"},"T\u00edtulo":{"('0016-OV-2016', 0)":"PEDIDO DE INFORMES AL PODER EJECUTIVO SOBRE RESOLUCIONES REMITIDAS POR LA AUDITORIA GENERAL DE LA NACION 3\/16, TOMANDO CONOCIMIENTO DEL INFORME DE REVISION LIMITADA SOBRE LOS ESTADOS CONTABLES DE LA AUTORIDAD CUENCA MATANZA RIACHUELO (ACUMAR) AL 30\/06\/2015 (0016-OV-16), Y 6\/17, APROBANDO EL INFORME ESPECIAL SOBRE LOS ESTADOS CONTABLES DE LA ACUMAR Y LA CARTA DE RECOMENDACION SOBRE LOS ASPECTOS DE CONTROL INTERNO, CORRESPONDIENTES AL EJERCICIO 31\/12\/2015 (0707-OV-16). "},"('Firmantes', 'FIRMANTE')":{"('0016-OV-2016', 0)":"PARLAMENTARIA MIXTA REVISORA DE CUENTAS"},"('Firmantes', 'DISTRITO')":{"('0016-OV-2016', 0)":null},"('Firmantes', 'BLOQUE')":{"('0016-OV-2016', 0)":null},"Link":{"('0016-OV-2016', 0)":"http:\/\/www.senado.gov.ar\/parlamentario\/comisiones\/verExp\/16.16\/OV\/PR"},"Palabra Clave":{"('0016-OV-2016', 0)":" "}}