{"Tipo de Proyecto":{"('0017-OV-2016', 0)":"PROYECTO DE RESOLUCI\u00d3N"},"Iniciado en: ":{"('0017-OV-2016', 0)":"Senado"},"Expediente Senado: ":{"('0017-OV-2016', 0)":"0017-OV-2016"},"Fecha: ":{"('0017-OV-2016', 0)":"30\/11\/2016"},"T\u00edtulo":{"('0017-OV-2016', 0)":"PEDIDO DE INFORMES AL PODER EJECUTIVO SOBRE RESOLUCION REMITIDA POR LA AUDITORIA GENERAL DE LA NACION 65\/16, APROBANDO EL INFORME REFERIDO A LA AUDITORIA PRACTICADA SOBRE LOS ESTADOS CONTABLES POR EL EJERCICIO FINALIZADO EL 31\/12\/2012, CORRESPONDIENTES A CONSTRUCCION DE VIVIENDA PARA LA ARMADA EMPRESA DEL ESTADO (COVIARA)."},"('Firmantes', 'FIRMANTE')":{"('0017-OV-2016', 0)":"PARLAMENTARIA MIXTA REVISORA DE CUENTAS"},"('Firmantes', 'DISTRITO')":{"('0017-OV-2016', 0)":null},"('Firmantes', 'BLOQUE')":{"('0017-OV-2016', 0)":null},"Link":{"('0017-OV-2016', 0)":"http:\/\/www.senado.gov.ar\/parlamentario\/comisiones\/verExp\/17.16\/OV\/PR"},"Palabra Clave":{"('0017-OV-2016', 0)":" "}}