{"Tipo de Proyecto":{"('0017-PE-2016', 0)":"MENSAJE NRO: 0730\/16 Y PROYECTO DE LEY","('0017-PE-2016', 1)":null,"('0017-PE-2016', 2)":null},"Iniciado en: ":{"('0017-PE-2016', 0)":"Diputados","('0017-PE-2016', 1)":null,"('0017-PE-2016', 2)":null},"Expediente Diputados: ":{"('0017-PE-2016', 0)":"0017-PE-2016","('0017-PE-2016', 1)":null,"('0017-PE-2016', 2)":null},"Publicado en: ":{"('0017-PE-2016', 0)":"Tr\u00e1mite Parlamentario N\u00b0 66","('0017-PE-2016', 1)":null,"('0017-PE-2016', 2)":null},"Fecha: ":{"('0017-PE-2016', 0)":"07\/06\/2016","('0017-PE-2016', 1)":null,"('0017-PE-2016', 2)":null},"T\u00edtulo":{"('0017-PE-2016', 0)":"MODIFICACION DEL CODIGO PROCESAL CIVIL Y COMERCIAL DE LA NACION EN RELACION A LA LEY 26853 (CREACION DE CAMARAS FEDERALES DE CASACION) ","('0017-PE-2016', 1)":null,"('0017-PE-2016', 2)":null},"('Firmantes', 'FIRMANTE')":{"('0017-PE-2016', 0)":"MACRI, MAURICIO","('0017-PE-2016', 1)":"PE\u00d1A, MARCOS","('0017-PE-2016', 2)":"GARAVANO, GERMAN CARLOS"},"('Firmantes', 'DISTRITO')":{"('0017-PE-2016', 0)":null,"('0017-PE-2016', 1)":null,"('0017-PE-2016', 2)":null},"('Firmantes', 'BLOQUE')":{"('0017-PE-2016', 0)":"PODER EJECUTIVO","('0017-PE-2016', 1)":"PODER EJECUTIVO","('0017-PE-2016', 2)":"PODER EJECUTIVO"},"('Giros', 'COMISI\u00d3N')":{"('0017-PE-2016', 0)":"JUSTICIA","('0017-PE-2016', 1)":null,"('0017-PE-2016', 2)":null},"Sumario":{"('0017-PE-2016', 0)":"SUSTITUCION DE LA RUBRICA DE LA SECCION 8 'RECURSO DE INAPLICABILIDAD DE LA LEY'; SUSTITUCION DE LOS ARTICULOS 288 A 303 (CAPITULO IV DEL TITULO IV DEL LIBRO PRIMERO); DEROGACION DE LA LEY 26853 Y LOS INCISOS 2, 3 Y 4 DEL ARTICULO 32 DEL DECRETO LEY 1285\/58.","('0017-PE-2016', 1)":null,"('0017-PE-2016', 2)":null},"Palabra Clave":{"('0017-PE-2016', 0)":" ","('0017-PE-2016', 1)":null,"('0017-PE-2016', 2)":null}}