{"Tipo de Proyecto":{"('0018-D-2016', 0)":"PROYECTO DE LEY","('0018-D-2016', 1)":null},"Iniciado en: ":{"('0018-D-2016', 0)":"Diputados","('0018-D-2016', 1)":null},"Expediente Diputados: ":{"('0018-D-2016', 0)":"0018-D-2016","('0018-D-2016', 1)":null},"Publicado en: ":{"('0018-D-2016', 0)":"Tr\u00e1mite Parlamentario N\u00b0 1","('0018-D-2016', 1)":null},"Fecha: ":{"('0018-D-2016', 0)":"01\/03\/2016","('0018-D-2016', 1)":null},"T\u00edtulo":{"('0018-D-2016', 0)":"PROGRAMA NACIONAL \"CAPACITAR\" PARA EMPLEADOS PUBLICOS Y FUERZAS DE SEGURIDAD DE ASISTENCIA A PERSONAS DISCAPACITADAS: CREACION (REPRODUCCION DEL EXPEDIENTE 8468-D-14).","('0018-D-2016', 1)":null},"('Firmantes', 'FIRMANTE')":{"('0018-D-2016', 0)":"BIANCHI, IVANA MARIA","('0018-D-2016', 1)":null},"('Firmantes', 'DISTRITO')":{"('0018-D-2016', 0)":"SAN LUIS","('0018-D-2016', 1)":null},"('Firmantes', 'BLOQUE')":{"('0018-D-2016', 0)":"COMPROMISO FEDERAL","('0018-D-2016', 1)":null},"('Giros', 'COMISI\u00d3N')":{"('0018-D-2016', 0)":"LEGISLACION DEL TRABAJO","('0018-D-2016', 1)":"DISCAPACIDAD"},"Palabra Clave":{"('0018-D-2016', 0)":" ","('0018-D-2016', 1)":null}}