{"Tipo de Proyecto":{"('0018-OV-2016', 0)":"PROYECTO DE RESOLUCI\u00d3N"},"Iniciado en: ":{"('0018-OV-2016', 0)":"Senado"},"Expediente Senado: ":{"('0018-OV-2016', 0)":"0018-OV-2016"},"Fecha: ":{"('0018-OV-2016', 0)":"30\/11\/2016"},"T\u00edtulo":{"('0018-OV-2016', 0)":"PEDIDO DE INFORMES AL PODER EJECUTIVO SOBRE RESOLUCIONES REMITIDAS POR LA AUDITORIA GENERAL DE LA NACION 66\/16, APROBANDO EL INFORME DEL AUDITOR Y LA SINTESIS DE PRINCIPALES MOTIVOS DE ABSTENCION DE OPINION, REFERIDOS A LA AUDITORIA PRACTICADA SOBRE LOS ESTADOS CONTABLES DEL INSTITUTO NACIONAL DE SERVICIOS SOCIALES PARA JUBILADOS Y PENSIONADOS (INSSJP) POR EL EJERCICIO FINALIZADO EL EL 31\/12\/2011 (0018-OV-16); Y 67\/16, APROBANDO EL INFORME SOBRE CONTROLES - INTERNO Y CONTABLE - REFERIDO AL EJERCICIO FINALIZADO EL 31\/11\/2011 DEL INSSJP (0019-OV-16)."},"('Firmantes', 'FIRMANTE')":{"('0018-OV-2016', 0)":"PARLAMENTARIA MIXTA REVISORA DE CUENTAS"},"('Firmantes', 'DISTRITO')":{"('0018-OV-2016', 0)":null},"('Firmantes', 'BLOQUE')":{"('0018-OV-2016', 0)":null},"Link":{"('0018-OV-2016', 0)":"http:\/\/www.senado.gov.ar\/parlamentario\/comisiones\/verExp\/18.16\/OV\/PR"},"Palabra Clave":{"('0018-OV-2016', 0)":" "}}