{"Tipo de Proyecto":{"('0019-S-2016', 0)":"PROYECTO DE LEY","('0019-S-2016', 1)":null,"('0019-S-2016', 2)":null,"('0019-S-2016', 3)":null},"Iniciado en: ":{"('0019-S-2016', 0)":"Senado","('0019-S-2016', 1)":null,"('0019-S-2016', 2)":null,"('0019-S-2016', 3)":null},"Expediente Diputados: ":{"('0019-S-2016', 0)":"0019-S-2016","('0019-S-2016', 1)":null,"('0019-S-2016', 2)":null,"('0019-S-2016', 3)":null},"Expediente Senado: ":{"('0019-S-2016', 0)":"0002-S-2016","('0019-S-2016', 1)":null,"('0019-S-2016', 2)":null,"('0019-S-2016', 3)":null},"Publicado en: ":{"('0019-S-2016', 0)":"Diario de Asuntos Entrados N\u00b0 1","('0019-S-2016', 1)":null,"('0019-S-2016', 2)":null,"('0019-S-2016', 3)":null},"Fecha: ":{"('0019-S-2016', 0)":"02\/03\/2016","('0019-S-2016', 1)":null,"('0019-S-2016', 2)":null,"('0019-S-2016', 3)":null},"T\u00edtulo":{"('0019-S-2016', 0)":"CREACION DEL REGISTRO NACIONAL DE DEUDORES ALIMENTARIOS MOROSOS.","('0019-S-2016', 1)":null,"('0019-S-2016', 2)":null,"('0019-S-2016', 3)":null},"('Firmantes', 'FIRMANTE')":{"('0019-S-2016', 0)":"FELLNER, LILIANA BEATRIZ","('0019-S-2016', 1)":null,"('0019-S-2016', 2)":null,"('0019-S-2016', 3)":null},"('Firmantes', 'DISTRITO')":{"('0019-S-2016', 0)":"JUJUY","('0019-S-2016', 1)":null,"('0019-S-2016', 2)":null,"('0019-S-2016', 3)":null},"('Firmantes', 'BLOQUE')":{"('0019-S-2016', 0)":"FRENTE PARA LA VICTORIA - PJ","('0019-S-2016', 1)":null,"('0019-S-2016', 2)":null,"('0019-S-2016', 3)":null},"('Giros', 'COMISI\u00d3N')":{"('0019-S-2016', 0)":"JUSTICIA","('0019-S-2016', 1)":"FAMILIA, MUJER, NI\u00d1EZ Y ADOLESCENCIA","('0019-S-2016', 2)":"PRESUPUESTO Y HACIENDA","('0019-S-2016', 3)":null},"('Tramites', 'C\u00c1MARA')":{"('0019-S-2016', 0)":"Senado","('0019-S-2016', 1)":"Senado","('0019-S-2016', 2)":"Senado","('0019-S-2016', 3)":"Diputados"},"('Tramites', 'MOVIMIENTO')":{"('0019-S-2016', 0)":"MOCION DE PREFERENCIA CON DICTAMEN (AFIRMATIVA)","('0019-S-2016', 1)":"CONSIDERACION Y APROBACION CON MODIFICACIONES","('0019-S-2016', 2)":"INSERCIONES","('0019-S-2016', 3)":"PASA A DIPUTADOS -"},"('Tramites', 'FECHA')":{"('0019-S-2016', 0)":"18\/05\/2016","('0019-S-2016', 1)":"08\/06\/2016","('0019-S-2016', 2)":"08\/06\/2016","('0019-S-2016', 3)":null},"('Tramites', 'RESULTADO')":{"('0019-S-2016', 0)":null,"('0019-S-2016', 1)":"MEDIA SANCION","('0019-S-2016', 2)":null,"('0019-S-2016', 3)":null},"Link":{"('0019-S-2016', 0)":"http:\/\/www.senado.gov.ar\/parlamentario\/comisiones\/verExp\/2.16\/S\/PL","('0019-S-2016', 1)":null,"('0019-S-2016', 2)":null,"('0019-S-2016', 3)":null},"Palabra Clave":{"('0019-S-2016', 0)":" ","('0019-S-2016', 1)":null,"('0019-S-2016', 2)":null,"('0019-S-2016', 3)":null}}