{"Tipo de Proyecto":{"('0020-S-2016', 0)":"PROYECTO DE DECLARACI\u00d3N","('0020-S-2016', 1)":null,"('0020-S-2016', 2)":null},"Iniciado en: ":{"('0020-S-2016', 0)":"Senado","('0020-S-2016', 1)":null,"('0020-S-2016', 2)":null},"Expediente Senado: ":{"('0020-S-2016', 0)":"0020-S-2016","('0020-S-2016', 1)":null,"('0020-S-2016', 2)":null},"Publicado en: ":{"('0020-S-2016', 0)":"Diario de Asuntos Entrados N\u00b0 1","('0020-S-2016', 1)":null,"('0020-S-2016', 2)":null},"Fecha: ":{"('0020-S-2016', 0)":"02\/03\/2016","('0020-S-2016', 1)":null,"('0020-S-2016', 2)":null},"T\u00edtulo":{"('0020-S-2016', 0)":"EXPRESAR RECONOCIMIENTO POR LA LABOR DESARROLLADA POR EL EQUIPO DE LA DOCTORA EN FISICA GABRIELA GONZALEZ, QUIENES LOGRARON COMPROBAR LA EXISTENCIA DE ONDAS GRAVITACIONALES EN LA TEORIA DE LA RELATIVIDAD FORMULADA POR ALBERT EINSTEIN.","('0020-S-2016', 1)":null,"('0020-S-2016', 2)":null},"('Firmantes', 'FIRMANTE')":{"('0020-S-2016', 0)":"LEGUIZAMON, MARIA LAURA","('0020-S-2016', 1)":null,"('0020-S-2016', 2)":null},"('Firmantes', 'DISTRITO')":{"('0020-S-2016', 0)":"BUENOS AIRES","('0020-S-2016', 1)":null,"('0020-S-2016', 2)":null},"('Firmantes', 'BLOQUE')":{"('0020-S-2016', 0)":"FRENTE PARA LA VICTORIA - PJ","('0020-S-2016', 1)":null,"('0020-S-2016', 2)":null},"('Tramites', 'C\u00c1MARA')":{"('0020-S-2016', 0)":"Senado","('0020-S-2016', 1)":"Senado","('0020-S-2016', 2)":"Senado"},"('Tramites', 'MOVIMIENTO')":{"('0020-S-2016', 0)":"CITACION SESION ESPECIAL CONJUNTAMENTE PARA LOS EXPEDIENTES 4284-S-2015, 0020-S-2016, 0050-S-2016 y 0334-S-2016","('0020-S-2016', 1)":"MOCION SOBRE TABLAS (AFIRMATIVA) CONJUNTAMENTE PARA LOS EXPEDIENTES 4284-S-2015, 0020-S-2016, 0050-S-2016 y 0334-S-2016","('0020-S-2016', 2)":"CONSIDERACION Y APROBACION CONJUNTAMENTE PARA LOS EXPEDIENTES 4284-S-2015, 0020-S-2016, 0050-S-2016 y 0334-S-2016"},"('Tramites', 'FECHA')":{"('0020-S-2016', 0)":"18\/05\/2016","('0020-S-2016', 1)":"18\/05\/2016","('0020-S-2016', 2)":"18\/05\/2016"},"('Tramites', 'RESULTADO')":{"('0020-S-2016', 0)":null,"('0020-S-2016', 1)":null,"('0020-S-2016', 2)":"APROBADO"},"Link":{"('0020-S-2016', 0)":"http:\/\/www.senado.gov.ar\/parlamentario\/comisiones\/verExp\/20.16\/S\/PD","('0020-S-2016', 1)":null,"('0020-S-2016', 2)":null},"Palabra Clave":{"('0020-S-2016', 0)":" ","('0020-S-2016', 1)":null,"('0020-S-2016', 2)":null}}