{"Tipo de Proyecto":{"('0020-D-2016', 0)":"PROYECTO DE LEY","('0020-D-2016', 1)":null,"('0020-D-2016', 2)":null},"Iniciado en: ":{"('0020-D-2016', 0)":"Diputados","('0020-D-2016', 1)":null,"('0020-D-2016', 2)":null},"Expediente Diputados: ":{"('0020-D-2016', 0)":"0020-D-2016","('0020-D-2016', 1)":null,"('0020-D-2016', 2)":null},"Publicado en: ":{"('0020-D-2016', 0)":"Tr\u00e1mite Parlamentario N\u00b0 1","('0020-D-2016', 1)":null,"('0020-D-2016', 2)":null},"Fecha: ":{"('0020-D-2016', 0)":"01\/03\/2016","('0020-D-2016', 1)":null,"('0020-D-2016', 2)":null},"T\u00edtulo":{"('0020-D-2016', 0)":"CODIGO ELECTORAL NACIONAL (LEY 19945) INCORPORACION DEL VOTO DE RESIDENTES EXTRANJEROS (REPRODUCCION DEL EXPEDIENTE 8471-D-14).","('0020-D-2016', 1)":null,"('0020-D-2016', 2)":null},"('Firmantes', 'FIRMANTE')":{"('0020-D-2016', 0)":"BIANCHI, IVANA MARIA","('0020-D-2016', 1)":null,"('0020-D-2016', 2)":null},"('Firmantes', 'DISTRITO')":{"('0020-D-2016', 0)":"SAN LUIS","('0020-D-2016', 1)":null,"('0020-D-2016', 2)":null},"('Firmantes', 'BLOQUE')":{"('0020-D-2016', 0)":"COMPROMISO FEDERAL","('0020-D-2016', 1)":null,"('0020-D-2016', 2)":null},"('Giros', 'COMISI\u00d3N')":{"('0020-D-2016', 0)":"ASUNTOS CONSTITUCIONALES","('0020-D-2016', 1)":"JUSTICIA","('0020-D-2016', 2)":"RELACIONES EXTERIORES Y CULTO"},"Palabra Clave":{"('0020-D-2016', 0)":" ","('0020-D-2016', 1)":null,"('0020-D-2016', 2)":null}}