{"Tipo de Proyecto":{"('0020-PE-2016', 0)":"MENSAJE NRO: 0081\/16 Y PROYECTO DE LEY","('0020-PE-2016', 1)":null,"('0020-PE-2016', 2)":null,"('0020-PE-2016', 3)":null},"Iniciado en: ":{"('0020-PE-2016', 0)":"Diputados","('0020-PE-2016', 1)":null,"('0020-PE-2016', 2)":null,"('0020-PE-2016', 3)":null},"Expediente Diputados: ":{"('0020-PE-2016', 0)":"0020-PE-2016","('0020-PE-2016', 1)":null,"('0020-PE-2016', 2)":null,"('0020-PE-2016', 3)":null},"Expediente Senado: ":{"('0020-PE-2016', 0)":"0063-CD-2016","('0020-PE-2016', 1)":null,"('0020-PE-2016', 2)":null,"('0020-PE-2016', 3)":null},"Publicado en: ":{"('0020-PE-2016', 0)":"Tr\u00e1mite Parlamentario N\u00b0 94","('0020-PE-2016', 1)":null,"('0020-PE-2016', 2)":null,"('0020-PE-2016', 3)":null},"Fecha: ":{"('0020-PE-2016', 0)":"21\/07\/2016","('0020-PE-2016', 1)":null,"('0020-PE-2016', 2)":null,"('0020-PE-2016', 3)":null},"T\u00edtulo":{"('0020-PE-2016', 0)":"APROBACION DEL AUMENTO DEL APORTE DE LA REPUBLICA ARGENTINA A LA CORPORACION INTERAMERICANA DE INVERSIONES - CII -. ","('0020-PE-2016', 1)":null,"('0020-PE-2016', 2)":null,"('0020-PE-2016', 3)":null},"('Firmantes', 'FIRMANTE')":{"('0020-PE-2016', 0)":"MACRI, MAURICIO","('0020-PE-2016', 1)":"PE\u00d1A, MARCOS","('0020-PE-2016', 2)":"DE PRAT GAY, ALFONSO","('0020-PE-2016', 3)":null},"('Firmantes', 'DISTRITO')":{"('0020-PE-2016', 0)":null,"('0020-PE-2016', 1)":null,"('0020-PE-2016', 2)":null,"('0020-PE-2016', 3)":null},"('Firmantes', 'BLOQUE')":{"('0020-PE-2016', 0)":"PODER EJECUTIVO","('0020-PE-2016', 1)":"PODER EJECUTIVO","('0020-PE-2016', 2)":"PODER EJECUTIVO","('0020-PE-2016', 3)":null},"('Giros', 'COMISI\u00d3N')":{"('0020-PE-2016', 0)":"RELACIONES EXTERIORES Y CULTO","('0020-PE-2016', 1)":"PRESUPUESTO Y HACIENDA","('0020-PE-2016', 2)":null,"('0020-PE-2016', 3)":null},"('Tramites', 'C\u00c1MARA')":{"('0020-PE-2016', 0)":"Diputados","('0020-PE-2016', 1)":"Senado","('0020-PE-2016', 2)":"Senado","('0020-PE-2016', 3)":"Senado"},"('Tramites', 'MOVIMIENTO')":{"('0020-PE-2016', 0)":"CONSIDERACION Y APROBACION","('0020-PE-2016', 1)":"PASA A SENADO -","('0020-PE-2016', 2)":"MOCION SOBRE TABLAS (AFIRMATIVA)","('0020-PE-2016', 3)":"CONSIDERACION Y SANCION"},"('Tramites', 'FECHA')":{"('0020-PE-2016', 0)":"28\/09\/2016","('0020-PE-2016', 1)":null,"('0020-PE-2016', 2)":"19\/10\/2016","('0020-PE-2016', 3)":"19\/10\/2016"},"('Tramites', 'RESULTADO')":{"('0020-PE-2016', 0)":"MEDIA SANCION","('0020-PE-2016', 1)":null,"('0020-PE-2016', 2)":null,"('0020-PE-2016', 3)":"SANCIONADO"},"Link":{"('0020-PE-2016', 0)":"http:\/\/www.senado.gov.ar\/web\/proyectos\/verExpe.php?origen=CD&nro_comision=&tipo=PL&numexp=63\/16&tConsulta=4","('0020-PE-2016', 1)":null,"('0020-PE-2016', 2)":null,"('0020-PE-2016', 3)":null},"Palabra Clave":{"('0020-PE-2016', 0)":" ","('0020-PE-2016', 1)":null,"('0020-PE-2016', 2)":null,"('0020-PE-2016', 3)":null}}