{"Tipo de Proyecto":{"('0021-D-2016', 0)":"PROYECTO DE LEY","('0021-D-2016', 1)":null,"('0021-D-2016', 2)":null},"Iniciado en: ":{"('0021-D-2016', 0)":"Diputados","('0021-D-2016', 1)":null,"('0021-D-2016', 2)":null},"Expediente Diputados: ":{"('0021-D-2016', 0)":"0021-D-2016","('0021-D-2016', 1)":null,"('0021-D-2016', 2)":null},"Publicado en: ":{"('0021-D-2016', 0)":"Tr\u00e1mite Parlamentario N\u00b0 1","('0021-D-2016', 1)":null,"('0021-D-2016', 2)":null},"Fecha: ":{"('0021-D-2016', 0)":"01\/03\/2016","('0021-D-2016', 1)":null,"('0021-D-2016', 2)":null},"T\u00edtulo":{"('0021-D-2016', 0)":"PROCEDER A LA REALIZACION DE UN RELEVAMIENTO ESTADISTICO DE POBREZA (CENSO REP)  (REPRODUCCION DEL EXPEDIENTE 8473-D-14).","('0021-D-2016', 1)":null,"('0021-D-2016', 2)":null},"('Firmantes', 'FIRMANTE')":{"('0021-D-2016', 0)":"BIANCHI, IVANA MARIA","('0021-D-2016', 1)":null,"('0021-D-2016', 2)":null},"('Firmantes', 'DISTRITO')":{"('0021-D-2016', 0)":"SAN LUIS","('0021-D-2016', 1)":null,"('0021-D-2016', 2)":null},"('Firmantes', 'BLOQUE')":{"('0021-D-2016', 0)":"COMPROMISO FEDERAL","('0021-D-2016', 1)":null,"('0021-D-2016', 2)":null},"('Giros', 'COMISI\u00d3N')":{"('0021-D-2016', 0)":"POBLACION Y DESARROLLO HUMANO","('0021-D-2016', 1)":"ACCION SOCIAL Y SALUD PUBLICA","('0021-D-2016', 2)":"PRESUPUESTO Y HACIENDA"},"Palabra Clave":{"('0021-D-2016', 0)":" ","('0021-D-2016', 1)":null,"('0021-D-2016', 2)":null}}