{"Tipo de Proyecto":{"('0021-S-2016', 0)":"COMUNICACION","('0021-S-2016', 1)":null},"Iniciado en: ":{"('0021-S-2016', 0)":"Senado","('0021-S-2016', 1)":null},"Expediente Senado: ":{"('0021-S-2016', 0)":"0021-S-2016","('0021-S-2016', 1)":null},"Publicado en: ":{"('0021-S-2016', 0)":"Diario de Asuntos Entrados N\u00b0 1","('0021-S-2016', 1)":null},"Fecha: ":{"('0021-S-2016', 0)":"02\/03\/2016","('0021-S-2016', 1)":null},"T\u00edtulo":{"('0021-S-2016', 0)":"PEDIDO DE INFORMES AL PODER EJECUTIVO SOBRE  DIVERSOS ASPECTOS RELACIONADOS AL DECRETO 349\/16, QUE FIJA UNA ALICUOTA DEL CERO POR CIENTO (0%), AL DERECHO DE EXPORTACION DE MERCADERIAS COMPRENDIDAS DE LOS CAPITULOS 25 Y 26 DE LA NOMENCLATURA COMUN DEL MERCOSUR (NCM).","('0021-S-2016', 1)":null},"('Firmantes', 'FIRMANTE')":{"('0021-S-2016', 0)":"LINARES, JAIME","('0021-S-2016', 1)":"ODARDA, MARIA MAGDALENA"},"('Firmantes', 'DISTRITO')":{"('0021-S-2016', 0)":"BUENOS AIRES","('0021-S-2016', 1)":"RIO NEGRO"},"('Firmantes', 'BLOQUE')":{"('0021-S-2016', 0)":"GEN","('0021-S-2016', 1)":"FRENTE PROGRESISTA - CCARI"},"('Tramites', 'C\u00c1MARA')":{"('0021-S-2016', 0)":"Senado","('0021-S-2016', 1)":"Senado"},"('Tramites', 'MOVIMIENTO')":{"('0021-S-2016', 0)":"MOCION SOBRE TABLAS (AFIRMATIVA)","('0021-S-2016', 1)":"CONSIDERACION Y APROBACION"},"('Tramites', 'FECHA')":{"('0021-S-2016', 0)":"23\/08\/2017","('0021-S-2016', 1)":"23\/08\/2017"},"('Tramites', 'RESULTADO')":{"('0021-S-2016', 0)":null,"('0021-S-2016', 1)":"APROBADO"},"Link":{"('0021-S-2016', 0)":"http:\/\/www.senado.gov.ar\/parlamentario\/comisiones\/verExp\/21.16\/S\/PC","('0021-S-2016', 1)":null},"Palabra Clave":{"('0021-S-2016', 0)":" ","('0021-S-2016', 1)":null}}