{"Tipo de Proyecto":{"('0022-D-2016', 0)":"PROYECTO DE LEY","('0022-D-2016', 1)":null,"('0022-D-2016', 2)":null},"Iniciado en: ":{"('0022-D-2016', 0)":"Diputados","('0022-D-2016', 1)":null,"('0022-D-2016', 2)":null},"Expediente Diputados: ":{"('0022-D-2016', 0)":"0022-D-2016","('0022-D-2016', 1)":null,"('0022-D-2016', 2)":null},"Publicado en: ":{"('0022-D-2016', 0)":"Tr\u00e1mite Parlamentario N\u00b0 1","('0022-D-2016', 1)":null,"('0022-D-2016', 2)":null},"Fecha: ":{"('0022-D-2016', 0)":"01\/03\/2016","('0022-D-2016', 1)":null,"('0022-D-2016', 2)":null},"T\u00edtulo":{"('0022-D-2016', 0)":"REGIMEN ESPECIAL TARIFARIO SOBRE EL SERVICIO PUBLICO DE TRANSPORTE ESTUDIANTIL UNIVERSITARIO Y TERCIARIO: CREACION (REPRODUCCION DEL EXPEDIENTE 8475-D-14).","('0022-D-2016', 1)":null,"('0022-D-2016', 2)":null},"('Firmantes', 'FIRMANTE')":{"('0022-D-2016', 0)":"BIANCHI, IVANA MARIA","('0022-D-2016', 1)":"BIANCHI, IVANA MARIA","('0022-D-2016', 2)":null},"('Firmantes', 'DISTRITO')":{"('0022-D-2016', 0)":"SAN LUIS","('0022-D-2016', 1)":"SAN LUIS","('0022-D-2016', 2)":null},"('Firmantes', 'BLOQUE')":{"('0022-D-2016', 0)":"COMPROMISO FEDERAL","('0022-D-2016', 1)":"COMPROMISO FEDERAL","('0022-D-2016', 2)":null},"('Giros', 'COMISI\u00d3N')":{"('0022-D-2016', 0)":"TRANSPORTES","('0022-D-2016', 1)":"EDUCACION","('0022-D-2016', 2)":"PRESUPUESTO Y HACIENDA"},"Sumario":{"('0022-D-2016', 0)":"ABARCANDO AL SERVICIO PUBLICO DE TRANSPORTE AUTOMOTOR QUE INCLUYA TODAS LAS LINEAS DE DE CORTA, MEDIA Y LARGA DISTANCIA, EN SUS MODALIDADES URBANAS Y SUBURBANAS, INTERURBANAS Y DE LARGA DISTANCIA, CON JURISDICCION NACIONAL; FERROCARRILES Y LOS SUBTERRANEOS.","('0022-D-2016', 1)":null,"('0022-D-2016', 2)":null},"Palabra Clave":{"('0022-D-2016', 0)":" ","('0022-D-2016', 1)":null,"('0022-D-2016', 2)":null}}