{"Tipo de Proyecto":{"('0023-S-2016', 0)":"PROYECTO DE LEY"},"Iniciado en: ":{"('0023-S-2016', 0)":"Senado"},"Expediente Senado: ":{"('0023-S-2016', 0)":"0023-S-2016"},"Publicado en: ":{"('0023-S-2016', 0)":"Diario de Asuntos Entrados N\u00b0 2"},"Fecha: ":{"('0023-S-2016', 0)":"02\/03\/2016"},"T\u00edtulo":{"('0023-S-2016', 0)":"TRANSFERIR A TITULO GRATUITO A LA MUNICIPALIDAD DE CRESPO, PROVINCIA DE ENTRE RIOS, EL DOMINIO DE TRES INMUEBLES PROPIEDAD DEL ESTADO NACIONAL - ESTADO MAYOR GENERAL DEL EJERCITO ARGENTINO - UBICADOS EN EL EJIDO URBANO DE LA CITADA CIUDAD. (REPRODUCCION DEL EXPEDIENTE 1500-S-14)."},"('Firmantes', 'FIRMANTE')":{"('0023-S-2016', 0)":"KUNATH, SIGRID ELIZABETH"},"('Firmantes', 'DISTRITO')":{"('0023-S-2016', 0)":"ENTRE RIOS"},"('Firmantes', 'BLOQUE')":{"('0023-S-2016', 0)":"FRENTE PARA LA VICTORIA - PJ"},"('Tramites', 'C\u00c1MARA')":{"('0023-S-2016', 0)":"Senado"},"('Tramites', 'MOVIMIENTO')":{"('0023-S-2016', 0)":"REPRODUCIDO POR EXPEDIENTE 0006-S-18"},"('Tramites', 'FECHA')":{"('0023-S-2016', 0)":null},"('Tramites', 'RESULTADO')":{"('0023-S-2016', 0)":null},"Link":{"('0023-S-2016', 0)":"http:\/\/www.senado.gov.ar\/parlamentario\/comisiones\/verExp\/23.16\/S\/PL"},"Palabra Clave":{"('0023-S-2016', 0)":" "}}