{"Tipo de Proyecto":{"('0023-PE-2016', 0)":"MENSAJE NRO: 0091\/16 Y PROYECTO DE LEY","('0023-PE-2016', 1)":null,"('0023-PE-2016', 2)":null,"('0023-PE-2016', 3)":null,"('0023-PE-2016', 4)":null},"Iniciado en: ":{"('0023-PE-2016', 0)":"Diputados","('0023-PE-2016', 1)":null,"('0023-PE-2016', 2)":null,"('0023-PE-2016', 3)":null,"('0023-PE-2016', 4)":null},"Expediente Diputados: ":{"('0023-PE-2016', 0)":"0023-PE-2016","('0023-PE-2016', 1)":null,"('0023-PE-2016', 2)":null,"('0023-PE-2016', 3)":null,"('0023-PE-2016', 4)":null},"Expediente Senado: ":{"('0023-PE-2016', 0)":"0061-CD-2016","('0023-PE-2016', 1)":null,"('0023-PE-2016', 2)":null,"('0023-PE-2016', 3)":null,"('0023-PE-2016', 4)":null},"Publicado en: ":{"('0023-PE-2016', 0)":"Tr\u00e1mite Parlamentario N\u00b0 114","('0023-PE-2016', 1)":null,"('0023-PE-2016', 2)":null,"('0023-PE-2016', 3)":null,"('0023-PE-2016', 4)":null},"Fecha: ":{"('0023-PE-2016', 0)":"26\/08\/2016","('0023-PE-2016', 1)":null,"('0023-PE-2016', 2)":null,"('0023-PE-2016', 3)":null,"('0023-PE-2016', 4)":null},"T\u00edtulo":{"('0023-PE-2016', 0)":"APROBACION DE LAS ENMIENDAS AL ESTATUTO DE ROMA DE LA CORTE PENAL INTERNACIONAL, ADOPTADAS EN LA CONFERENCIA DE REVISION DEL ESTATUTO DE ROMA, QUE TUVIERA LUGAR EN LA CIUDAD DE KAMPALA - REPUBLICA DE UGANDA -, DEL 31 DE MAYO AL 11 DE JUNIO DE 2010. ","('0023-PE-2016', 1)":null,"('0023-PE-2016', 2)":null,"('0023-PE-2016', 3)":null,"('0023-PE-2016', 4)":null},"('Firmantes', 'FIRMANTE')":{"('0023-PE-2016', 0)":"MACRI, MAURICIO","('0023-PE-2016', 1)":"PE\u00d1A, MARCOS","('0023-PE-2016', 2)":"MALCORRA, SUSANA MABEL","('0023-PE-2016', 3)":"GARAVANO, GERMAN CARLOS","('0023-PE-2016', 4)":"MARTINEZ, ERNESTO FELIX"},"('Firmantes', 'DISTRITO')":{"('0023-PE-2016', 0)":null,"('0023-PE-2016', 1)":null,"('0023-PE-2016', 2)":null,"('0023-PE-2016', 3)":null,"('0023-PE-2016', 4)":null},"('Firmantes', 'BLOQUE')":{"('0023-PE-2016', 0)":"PODER EJECUTIVO","('0023-PE-2016', 1)":"PODER EJECUTIVO","('0023-PE-2016', 2)":"PODER EJECUTIVO","('0023-PE-2016', 3)":"PODER EJECUTIVO","('0023-PE-2016', 4)":"PODER EJECUTIVO"},"('Giros', 'COMISI\u00d3N')":{"('0023-PE-2016', 0)":"RELACIONES EXTERIORES Y CULTO","('0023-PE-2016', 1)":"LEGISLACION PENAL","('0023-PE-2016', 2)":null,"('0023-PE-2016', 3)":null,"('0023-PE-2016', 4)":null},"('Tramites', 'C\u00c1MARA')":{"('0023-PE-2016', 0)":"Diputados","('0023-PE-2016', 1)":"Diputados","('0023-PE-2016', 2)":"Senado","('0023-PE-2016', 3)":"Senado","('0023-PE-2016', 4)":null},"('Tramites', 'MOVIMIENTO')":{"('0023-PE-2016', 0)":"CONSIDERACION Y APROBACION","('0023-PE-2016', 1)":"INSERCIONES","('0023-PE-2016', 2)":"PASA A SENADO -","('0023-PE-2016', 3)":"CONSIDERACION Y SANCION","('0023-PE-2016', 4)":null},"('Tramites', 'FECHA')":{"('0023-PE-2016', 0)":"28\/09\/2016","('0023-PE-2016', 1)":"28\/09\/2016","('0023-PE-2016', 2)":null,"('0023-PE-2016', 3)":"02\/11\/2016","('0023-PE-2016', 4)":null},"('Tramites', 'RESULTADO')":{"('0023-PE-2016', 0)":"MEDIA SANCION","('0023-PE-2016', 1)":null,"('0023-PE-2016', 2)":null,"('0023-PE-2016', 3)":"SANCIONADO","('0023-PE-2016', 4)":null},"Link":{"('0023-PE-2016', 0)":"http:\/\/www.senado.gov.ar\/web\/proyectos\/verExpe.php?origen=CD&nro_comision=&tipo=PL&numexp=61\/16&tConsulta=4","('0023-PE-2016', 1)":null,"('0023-PE-2016', 2)":null,"('0023-PE-2016', 3)":null,"('0023-PE-2016', 4)":null},"Palabra Clave":{"('0023-PE-2016', 0)":" ","('0023-PE-2016', 1)":null,"('0023-PE-2016', 2)":null,"('0023-PE-2016', 3)":null,"('0023-PE-2016', 4)":null}}