{"Tipo de Proyecto":{"('0024-PE-2016', 0)":"MENSAJE NRO: 0092\/16 Y PROYECTO DE LEY","('0024-PE-2016', 1)":null,"('0024-PE-2016', 2)":null,"('0024-PE-2016', 3)":null,"('0024-PE-2016', 4)":null,"('0024-PE-2016', 5)":null},"Iniciado en: ":{"('0024-PE-2016', 0)":"Diputados","('0024-PE-2016', 1)":null,"('0024-PE-2016', 2)":null,"('0024-PE-2016', 3)":null,"('0024-PE-2016', 4)":null,"('0024-PE-2016', 5)":null},"Expediente Diputados: ":{"('0024-PE-2016', 0)":"0024-PE-2016","('0024-PE-2016', 1)":null,"('0024-PE-2016', 2)":null,"('0024-PE-2016', 3)":null,"('0024-PE-2016', 4)":null,"('0024-PE-2016', 5)":null},"Expediente Senado: ":{"('0024-PE-2016', 0)":"0060-CD-2016","('0024-PE-2016', 1)":null,"('0024-PE-2016', 2)":null,"('0024-PE-2016', 3)":null,"('0024-PE-2016', 4)":null,"('0024-PE-2016', 5)":null},"Publicado en: ":{"('0024-PE-2016', 0)":"Tr\u00e1mite Parlamentario N\u00b0 120","('0024-PE-2016', 1)":null,"('0024-PE-2016', 2)":null,"('0024-PE-2016', 3)":null,"('0024-PE-2016', 4)":null,"('0024-PE-2016', 5)":null},"Fecha: ":{"('0024-PE-2016', 0)":"05\/09\/2016","('0024-PE-2016', 1)":null,"('0024-PE-2016', 2)":null,"('0024-PE-2016', 3)":null,"('0024-PE-2016', 4)":null,"('0024-PE-2016', 5)":null},"T\u00edtulo":{"('0024-PE-2016', 0)":"AUTORIZAR LA ENTRADA DE TROPAS EXTRANJERAS AL TERRITORIO NACIONAL Y LA SALIDA DE FUERZAS NACIONALES, PARA PARTICIPAR DE LOS EJERCICIOS CONTEMPLADOS EN EL PROGRAMA DE EJERCITACIONES COMBINADAS A REALIZARSE DESDE EL 1\u00b0 DE SEPTIEMBRE DE 2016 HASTA EL 31 DE AGOSTO DE 2017.","('0024-PE-2016', 1)":null,"('0024-PE-2016', 2)":null,"('0024-PE-2016', 3)":null,"('0024-PE-2016', 4)":null,"('0024-PE-2016', 5)":null},"('Firmantes', 'FIRMANTE')":{"('0024-PE-2016', 0)":"MICHETTI, MARTA GABRIELA","('0024-PE-2016', 1)":"PE\u00d1A, MARCOS","('0024-PE-2016', 2)":"MARTINEZ, ERNESTO FELIX","('0024-PE-2016', 3)":"MALCORRA, SUSANA MABEL","('0024-PE-2016', 4)":null,"('0024-PE-2016', 5)":null},"('Firmantes', 'DISTRITO')":{"('0024-PE-2016', 0)":null,"('0024-PE-2016', 1)":null,"('0024-PE-2016', 2)":null,"('0024-PE-2016', 3)":null,"('0024-PE-2016', 4)":null,"('0024-PE-2016', 5)":null},"('Firmantes', 'BLOQUE')":{"('0024-PE-2016', 0)":"PODER EJECUTIVO","('0024-PE-2016', 1)":"PODER EJECUTIVO","('0024-PE-2016', 2)":"PODER EJECUTIVO","('0024-PE-2016', 3)":"PODER EJECUTIVO","('0024-PE-2016', 4)":null,"('0024-PE-2016', 5)":null},"('Giros', 'COMISI\u00d3N')":{"('0024-PE-2016', 0)":"DEFENSA NACIONAL","('0024-PE-2016', 1)":"RELACIONES EXTERIORES Y CULTO","('0024-PE-2016', 2)":null,"('0024-PE-2016', 3)":null,"('0024-PE-2016', 4)":null,"('0024-PE-2016', 5)":null},"('Tramites', 'C\u00c1MARA')":{"('0024-PE-2016', 0)":"Diputados","('0024-PE-2016', 1)":"Diputados","('0024-PE-2016', 2)":"Diputados","('0024-PE-2016', 3)":"Senado","('0024-PE-2016', 4)":"Senado","('0024-PE-2016', 5)":"Senado"},"('Tramites', 'MOVIMIENTO')":{"('0024-PE-2016', 0)":"MOCION SOBRE TABLAS (AFIRMATIVA)","('0024-PE-2016', 1)":"CONSIDERACION Y APROBACION","('0024-PE-2016', 2)":"INSERCIONES DEL DIPUTADO LOPEZ Y DE LAS DIPUTADAS ARGUMEDO Y BREGMAN SOBRE SENTIDO DE SU VOTO","('0024-PE-2016', 3)":"PASA A SENADO -","('0024-PE-2016', 4)":"MOCION CONSTITUCION CAMARA EN COMISION (AFIRMATIVA)","('0024-PE-2016', 5)":"CONSIDERACION Y SANCION"},"('Tramites', 'FECHA')":{"('0024-PE-2016', 0)":"28\/09\/2016","('0024-PE-2016', 1)":"28\/09\/2016","('0024-PE-2016', 2)":"28\/09\/2016","('0024-PE-2016', 3)":null,"('0024-PE-2016', 4)":"28\/09\/2016","('0024-PE-2016', 5)":"28\/09\/2016"},"('Tramites', 'RESULTADO')":{"('0024-PE-2016', 0)":null,"('0024-PE-2016', 1)":"MEDIA SANCION","('0024-PE-2016', 2)":null,"('0024-PE-2016', 3)":null,"('0024-PE-2016', 4)":null,"('0024-PE-2016', 5)":"SANCIONADO"},"Sumario":{"('0024-PE-2016', 0)":"\"SOLIDARIDAD 2016\", 11:\"SACI\", III: \"DUENDE\", IV: \"GUARANI 2016\", V: \"ATLASUR\", VI: \"FRATERNO\", VII: \"PASSEX\", VIII: \"INTEGRACION\", IX:VIEKAREN\", X: \"INALAF\", XI: \"SAREX\", XII: \"ACRUX\", XIII: \"TANQUE\", XIV: \"SALITRE\", XV: \"RIO\", XVI: \"ARPA\", XVII: \"ARBOL\", XVIII: \"SAR RIO\", XIX: \"PLATA\" y XX:\"COOPERACION V\".","('0024-PE-2016', 1)":null,"('0024-PE-2016', 2)":null,"('0024-PE-2016', 3)":null,"('0024-PE-2016', 4)":null,"('0024-PE-2016', 5)":null},"Palabra Clave":{"('0024-PE-2016', 0)":" ","('0024-PE-2016', 1)":null,"('0024-PE-2016', 2)":null,"('0024-PE-2016', 3)":null,"('0024-PE-2016', 4)":null,"('0024-PE-2016', 5)":null}}