{"Tipo de Proyecto":{"('0024-JGM-2016', 0)":"MENSAJE NRO: 0034\/16","('0024-JGM-2016', 1)":null},"Iniciado en: ":{"('0024-JGM-2016', 0)":"Diputados","('0024-JGM-2016', 1)":null},"Expediente Diputados: ":{"('0024-JGM-2016', 0)":"0024-JGM-2016","('0024-JGM-2016', 1)":null},"Publicado en: ":{"('0024-JGM-2016', 0)":"Tr\u00e1mite Parlamentario N\u00b0 189","('0024-JGM-2016', 1)":null},"Fecha: ":{"('0024-JGM-2016', 0)":"27\/12\/2016","('0024-JGM-2016', 1)":null},"T\u00edtulo":{"('0024-JGM-2016', 0)":"COMUNICACION DEL DECRETO DE NECESIDAD Y URGENCIA 1244\/2016 POR EL CUAL SE MODIFICA EL PRESUPUESTO GENERAL DE LA ADMINISTRACION NACIONAL PARA EL EJERCICIO 2016.","('0024-JGM-2016', 1)":null},"('Firmantes', 'FIRMANTE')":{"('0024-JGM-2016', 0)":"PE\u00d1A, MARCOS","('0024-JGM-2016', 1)":"DE PRAT GAY, ALFONSO"},"('Firmantes', 'DISTRITO')":{"('0024-JGM-2016', 0)":null,"('0024-JGM-2016', 1)":null},"('Firmantes', 'BLOQUE')":{"('0024-JGM-2016', 0)":"PODER EJECUTIVO","('0024-JGM-2016', 1)":"PODER EJECUTIVO"},"('Giros', 'COMISI\u00d3N')":{"('0024-JGM-2016', 0)":"BICAMERAL PERMANENTE DE TRAMITE LEGISLATIVO - LEY 26122","('0024-JGM-2016', 1)":null},"Palabra Clave":{"('0024-JGM-2016', 0)":" ","('0024-JGM-2016', 1)":null}}