{"Tipo de Proyecto":{"('0025-JGM-2016', 0)":"MENSAJE NRO: 0035\/16","('0025-JGM-2016', 1)":null},"Iniciado en: ":{"('0025-JGM-2016', 0)":"Diputados","('0025-JGM-2016', 1)":null},"Expediente Diputados: ":{"('0025-JGM-2016', 0)":"0025-JGM-2016","('0025-JGM-2016', 1)":null},"Publicado en: ":{"('0025-JGM-2016', 0)":"Tr\u00e1mite Parlamentario N\u00b0 190","('0025-JGM-2016', 1)":null},"Fecha: ":{"('0025-JGM-2016', 0)":"30\/12\/2016","('0025-JGM-2016', 1)":null},"T\u00edtulo":{"('0025-JGM-2016', 0)":"COMUNICACION DEL DECRETO 1325\/2016 POR EL CUAL SE PRORROGA A PARTIR DEL 1\u00b0 DE ENERO HASTA EL 31 DE DICIEMBRE DE 2017 LA VIGENCIA DEL TRATAMIENTO DISPUESTO PARA EL BIODIESEL COMBUSTIBLE Y EL BIODIESEL PURO POR EL ARTICULO 4\u00b0 DEL CAPITULO I DEL TITULO II DEL LA LEY 23966 Y SUS MODIFICATORIAS, CON RELACION AL IMPUESTO CREADO POR EL ARTICULO 1\u00b0 DEL MISMO CAPITULO","('0025-JGM-2016', 1)":null},"('Firmantes', 'FIRMANTE')":{"('0025-JGM-2016', 0)":"PE\u00d1A, MARCOS","('0025-JGM-2016', 1)":"DE PRAT GAY, ALFONSO"},"('Firmantes', 'DISTRITO')":{"('0025-JGM-2016', 0)":null,"('0025-JGM-2016', 1)":null},"('Firmantes', 'BLOQUE')":{"('0025-JGM-2016', 0)":"PODER EJECUTIVO","('0025-JGM-2016', 1)":"PODER EJECUTIVO"},"('Giros', 'COMISI\u00d3N')":{"('0025-JGM-2016', 0)":"BICAMERAL PERMANENTE DE TRAMITE LEGISLATIVO - LEY 26122","('0025-JGM-2016', 1)":null},"('Tramites', 'C\u00c1MARA')":{"('0025-JGM-2016', 0)":"Diputados","('0025-JGM-2016', 1)":null},"('Tramites', 'MOVIMIENTO')":{"('0025-JGM-2016', 0)":"VER TRAMITE DEL DECRETO EN SENADO EN EXPEDIENTE 5076-S-2016","('0025-JGM-2016', 1)":null},"('Tramites', 'FECHA')":{"('0025-JGM-2016', 0)":null,"('0025-JGM-2016', 1)":null},"('Tramites', 'RESULTADO')":{"('0025-JGM-2016', 0)":null,"('0025-JGM-2016', 1)":null},"Palabra Clave":{"('0025-JGM-2016', 0)":" ","('0025-JGM-2016', 1)":null}}