{"Tipo de Proyecto":{"('0025-S-2016', 0)":"PROYECTO DE DECLARACI\u00d3N","('0025-S-2016', 1)":null},"Iniciado en: ":{"('0025-S-2016', 0)":"Senado","('0025-S-2016', 1)":null},"Expediente Senado: ":{"('0025-S-2016', 0)":"0025-S-2016","('0025-S-2016', 1)":null},"Publicado en: ":{"('0025-S-2016', 0)":"Diario de Asuntos Entrados N\u00b0 2","('0025-S-2016', 1)":null},"Fecha: ":{"('0025-S-2016', 0)":"02\/03\/2016","('0025-S-2016', 1)":null},"T\u00edtulo":{"('0025-S-2016', 0)":"EXPRESAR BENEPLACITO POR LA DECISION DEL PRESIDENTE DE LOS ESTADOS UNIDOS DE AMERICA, DE VISITAR LA REPUBLICA ARGENTINA EN EL MES DE MARZO DE 2016.","('0025-S-2016', 1)":null},"('Firmantes', 'FIRMANTE')":{"('0025-S-2016', 0)":"ROZAS, ANGEL","('0025-S-2016', 1)":null},"('Firmantes', 'DISTRITO')":{"('0025-S-2016', 0)":"CHACO","('0025-S-2016', 1)":null},"('Firmantes', 'BLOQUE')":{"('0025-S-2016', 0)":"UCR","('0025-S-2016', 1)":null},"('Tramites', 'C\u00c1MARA')":{"('0025-S-2016', 0)":"Senado","('0025-S-2016', 1)":"Senado"},"('Tramites', 'MOVIMIENTO')":{"('0025-S-2016', 0)":"MOCION SOBRE TABLAS (AFIRMATIVA)","('0025-S-2016', 1)":"CONSIDERACION Y APROBACION"},"('Tramites', 'FECHA')":{"('0025-S-2016', 0)":"09\/03\/2016","('0025-S-2016', 1)":"09\/03\/2016"},"('Tramites', 'RESULTADO')":{"('0025-S-2016', 0)":null,"('0025-S-2016', 1)":"APROBADO"},"Link":{"('0025-S-2016', 0)":"http:\/\/www.senado.gov.ar\/parlamentario\/comisiones\/verExp\/25.16\/S\/PD","('0025-S-2016', 1)":null},"Palabra Clave":{"('0025-S-2016', 0)":" ","('0025-S-2016', 1)":null}}