{"Tipo de Proyecto":{"('0026-S-2016', 0)":"COMUNICACION","('0026-S-2016', 1)":null,"('0026-S-2016', 2)":null},"Iniciado en: ":{"('0026-S-2016', 0)":"Senado","('0026-S-2016', 1)":null,"('0026-S-2016', 2)":null},"Expediente Senado: ":{"('0026-S-2016', 0)":"0026-S-2016","('0026-S-2016', 1)":null,"('0026-S-2016', 2)":null},"Publicado en: ":{"('0026-S-2016', 0)":"Diario de Asuntos Entrados N\u00b0 2","('0026-S-2016', 1)":null,"('0026-S-2016', 2)":null},"Fecha: ":{"('0026-S-2016', 0)":"02\/03\/2016","('0026-S-2016', 1)":null,"('0026-S-2016', 2)":null},"T\u00edtulo":{"('0026-S-2016', 0)":"PEDIDO DE INFORMES AL PODER EJECUTIVO SOBRE LA GESTION CUMPLIDA POR LA UNIDAD DE APOYO A LA PARTICIPACION SOCIAL (UPS) CREADA POR DECISION N\u00ba 65\/10 DEL CONSEJO DEL MERCADO COMUN, DEL MERCOSUR.","('0026-S-2016', 1)":null,"('0026-S-2016', 2)":null},"('Firmantes', 'FIRMANTE')":{"('0026-S-2016', 0)":"ROZAS, ANGEL","('0026-S-2016', 1)":null,"('0026-S-2016', 2)":null},"('Firmantes', 'DISTRITO')":{"('0026-S-2016', 0)":"CHACO","('0026-S-2016', 1)":null,"('0026-S-2016', 2)":null},"('Firmantes', 'BLOQUE')":{"('0026-S-2016', 0)":"UCR","('0026-S-2016', 1)":null,"('0026-S-2016', 2)":null},"('Tramites', 'C\u00c1MARA')":{"('0026-S-2016', 0)":"Senado","('0026-S-2016', 1)":"Senado","('0026-S-2016', 2)":"Senado"},"('Tramites', 'MOVIMIENTO')":{"('0026-S-2016', 0)":"MOCION SOBRE TABLAS (AFIRMATIVA)","('0026-S-2016', 1)":"CONSIDERACION Y APROBACION","('0026-S-2016', 2)":"CONTESTACION DEL PODER EJECUTIVO NACIONAL - GIRADO A LA COMISION RESPECTIVA"},"('Tramites', 'FECHA')":{"('0026-S-2016', 0)":"13\/07\/2016","('0026-S-2016', 1)":"13\/07\/2016","('0026-S-2016', 2)":"02\/11\/2016"},"('Tramites', 'RESULTADO')":{"('0026-S-2016', 0)":null,"('0026-S-2016', 1)":"APROBADO","('0026-S-2016', 2)":null},"Link":{"('0026-S-2016', 0)":"http:\/\/www.senado.gov.ar\/parlamentario\/comisiones\/verExp\/26.16\/S\/PC","('0026-S-2016', 1)":null,"('0026-S-2016', 2)":null},"Palabra Clave":{"('0026-S-2016', 0)":" ","('0026-S-2016', 1)":null,"('0026-S-2016', 2)":null}}