{"Tipo de Proyecto":{"('0026-PE-2016', 0)":"MENSAJE NRO: 0096\/16 Y PROYECTO DE LEY","('0026-PE-2016', 1)":null,"('0026-PE-2016', 2)":null,"('0026-PE-2016', 3)":null,"('0026-PE-2016', 4)":null,"('0026-PE-2016', 5)":null,"('0026-PE-2016', 6)":null},"Iniciado en: ":{"('0026-PE-2016', 0)":"Diputados","('0026-PE-2016', 1)":null,"('0026-PE-2016', 2)":null,"('0026-PE-2016', 3)":null,"('0026-PE-2016', 4)":null,"('0026-PE-2016', 5)":null,"('0026-PE-2016', 6)":null},"Expediente Diputados: ":{"('0026-PE-2016', 0)":"0026-PE-2016","('0026-PE-2016', 1)":null,"('0026-PE-2016', 2)":null,"('0026-PE-2016', 3)":null,"('0026-PE-2016', 4)":null,"('0026-PE-2016', 5)":null,"('0026-PE-2016', 6)":null},"Expediente Senado: ":{"('0026-PE-2016', 0)":"0069-CD-2017","('0026-PE-2016', 1)":null,"('0026-PE-2016', 2)":null,"('0026-PE-2016', 3)":null,"('0026-PE-2016', 4)":null,"('0026-PE-2016', 5)":null,"('0026-PE-2016', 6)":null},"Publicado en: ":{"('0026-PE-2016', 0)":"Tr\u00e1mite Parlamentario N\u00b0 121","('0026-PE-2016', 1)":null,"('0026-PE-2016', 2)":null,"('0026-PE-2016', 3)":null,"('0026-PE-2016', 4)":null,"('0026-PE-2016', 5)":null,"('0026-PE-2016', 6)":null},"Fecha: ":{"('0026-PE-2016', 0)":"09\/09\/2016","('0026-PE-2016', 1)":null,"('0026-PE-2016', 2)":null,"('0026-PE-2016', 3)":null,"('0026-PE-2016', 4)":null,"('0026-PE-2016', 5)":null,"('0026-PE-2016', 6)":null},"T\u00edtulo":{"('0026-PE-2016', 0)":"ESTABLECER UN REGIMEN DE SUBROGANCIAS PARA LA JUSTICIA NACIONAL Y FEDERAL.","('0026-PE-2016', 1)":null,"('0026-PE-2016', 2)":null,"('0026-PE-2016', 3)":null,"('0026-PE-2016', 4)":null,"('0026-PE-2016', 5)":null,"('0026-PE-2016', 6)":null},"('Firmantes', 'FIRMANTE')":{"('0026-PE-2016', 0)":"MACRI, MAURICIO","('0026-PE-2016', 1)":"PE\u00d1A, MARCOS","('0026-PE-2016', 2)":"GARAVANO, GERMAN CARLOS","('0026-PE-2016', 3)":null,"('0026-PE-2016', 4)":null,"('0026-PE-2016', 5)":null,"('0026-PE-2016', 6)":null},"('Firmantes', 'DISTRITO')":{"('0026-PE-2016', 0)":null,"('0026-PE-2016', 1)":null,"('0026-PE-2016', 2)":null,"('0026-PE-2016', 3)":null,"('0026-PE-2016', 4)":null,"('0026-PE-2016', 5)":null,"('0026-PE-2016', 6)":null},"('Firmantes', 'BLOQUE')":{"('0026-PE-2016', 0)":"PODER EJECUTIVO","('0026-PE-2016', 1)":"PODER EJECUTIVO","('0026-PE-2016', 2)":"PODER EJECUTIVO","('0026-PE-2016', 3)":null,"('0026-PE-2016', 4)":null,"('0026-PE-2016', 5)":null,"('0026-PE-2016', 6)":null},"('Giros', 'COMISI\u00d3N')":{"('0026-PE-2016', 0)":"JUSTICIA","('0026-PE-2016', 1)":null,"('0026-PE-2016', 2)":null,"('0026-PE-2016', 3)":null,"('0026-PE-2016', 4)":null,"('0026-PE-2016', 5)":null,"('0026-PE-2016', 6)":null},"('Tramites', 'C\u00c1MARA')":{"('0026-PE-2016', 0)":"Diputados","('0026-PE-2016', 1)":"Diputados","('0026-PE-2016', 2)":"Diputados","('0026-PE-2016', 3)":"Senado","('0026-PE-2016', 4)":"Senado","('0026-PE-2016', 5)":"Senado","('0026-PE-2016', 6)":"Senado"},"('Tramites', 'MOVIMIENTO')":{"('0026-PE-2016', 0)":"CITACION SESION ESPECIAL CONJUNTAMENTE PARA LOS EXPEDIENTES 0081-D-2016, 3425-D-2016, 0026-PE-2016, 0069-CD-2017 y 0405-D-2017","('0026-PE-2016', 1)":"CONSIDERACION Y APROBACION CON MODIFICACIONES CONJUNTAMENTE PARA LOS EXPEDIENTES 0081-D-2016, 3425-D-2016, 0026-PE-2016, 0069-CD-2017 y 0405-D-2017","('0026-PE-2016', 2)":"INSERCIONES CONJUNTAMENTE PARA LOS EXPEDIENTES 0081-D-2016, 3425-D-2016, 0026-PE-2016, 0069-CD-2017 y 0405-D-2017","('0026-PE-2016', 3)":"PASA A SENADO - CONJUNTAMENTE PARA LOS EXPEDIENTES 0081-D-2016, 3425-D-2016, 0026-PE-2016, 0069-CD-2017 y 0405-D-2017","('0026-PE-2016', 4)":"CITACION SESION ESPECIAL CONJUNTAMENTE PARA LOS EXPEDIENTES 0081-D-2016, 3425-D-2016, 0026-PE-2016, 0069-CD-2017 y 0405-D-2017","('0026-PE-2016', 5)":"CONSIDERACION Y SANCION CONJUNTAMENTE PARA LOS EXPEDIENTES 0081-D-2016, 3425-D-2016, 0026-PE-2016, 0069-CD-2017 y 0405-D-2017","('0026-PE-2016', 6)":"INSERCIONES CONJUNTAMENTE PARA LOS EXPEDIENTES 0081-D-2016, 3425-D-2016, 0026-PE-2016, 0069-CD-2017 y 0405-D-2017"},"('Tramites', 'FECHA')":{"('0026-PE-2016', 0)":"22\/11\/2017","('0026-PE-2016', 1)":"22\/11\/2017","('0026-PE-2016', 2)":"22\/11\/2017","('0026-PE-2016', 3)":null,"('0026-PE-2016', 4)":"25\/04\/2018","('0026-PE-2016', 5)":"25\/04\/2018","('0026-PE-2016', 6)":"25\/04\/2018"},"('Tramites', 'RESULTADO')":{"('0026-PE-2016', 0)":null,"('0026-PE-2016', 1)":"MEDIA SANCION","('0026-PE-2016', 2)":null,"('0026-PE-2016', 3)":null,"('0026-PE-2016', 4)":null,"('0026-PE-2016', 5)":"SANCIONADO","('0026-PE-2016', 6)":null},"Sumario":{"('0026-PE-2016', 0)":"SUBROGANCIA EN LOS TRIBUNALES INFERIORES DE LA NACION - PARA LOS CASOS DE RECUSACION O EXCUSACION, SE APLICARAN LAS REGLAS PREVISTAS EN LOS CODIGOS PROCESALES APLICABLES A LA JURISDICCION Y AL FUERO DE QUE SE TRATE Y, SUBSIDIARIAMENTE, LOS TERMINOS DE LA PRESENTE LEY; JUEZ SUBROGANTE PARA LOS JUECES DE PRIMERA INSTANCIA DE CUALQUIER FUERO U JURISDICCION; MIEMBRO SUBROGANTE DE LOS MIEMBROS DE LOS TRIBUNALES ORALES EN LO CRIMINAL FEDERAL CON SEDE EN LA CIUDAD AUTONOMA DE BUENOS AIRES O EN LAS PROVINCIAS, O DE LOS TRIBUNALES EN LO PENAL ECONOMICO, LA CAMARA FEDERAL DE CASACION PENAL; SUBROGANTE DE LOS MIEMBROS DE LOS TRIBUNALES ORALES EN LO CRIMINAL Y DE LOS TRIBUNALES ORALES DE MENORES CON SEDE EN LA CIUDAD AUTONOMA DE BUENOS AIRES, LA CAMARA NACIONAL DE CASACION EN LO CRIMINAL Y CORRECCIONAL CON ASIENTO EN LA MISMA CIUDAD; RESOLUCION DE LA SUBROGANCIA EN POR LOS MIEMBROS DE LAS CAMARAS NACIONALES O FEDERALES; SORTEO PUBLICO: CAMARA NACIONAL DE CASACION PENAL, CAMARAS FEDERALES DE APELACIONES Y LA CAMARA NACIONAL DE APELACIONES EN LO PENAL ECONOMICO, CAMARA NACIONAL DE CASACION EN LO CRIMINAL Y CORRECCIONAL Y LA CAMARA NACIONAL DE APELACIONES EN LO CRIMINAL Y CORRECCIONAL, AMBAS CON ASIENTO EN LA CIUDAD AUTONOMA DE BUENOS AIRES, CAMARAS NACIONALES DE APELACIONES EN LO CIVIL Y COMERCIAL FEDERAL, EN LO CONTENCIOSO ADMINISTRATIVO FEDERAL, LA CAMARA FEDERAL DE LA SEGURIDAD SOCIAL, Y LAS CAMARAS NACIONALES DE APELACIONES EN LO CIVIL, EN LO COMERCIAL, DEL TRABAJO, Y EN LAS RELACIONES DE CONSUMO, CON ASIENTO EN LA CIUDAD AUTONOMA DE BUENOS AIRES, CAMARA NACIONAL ELECTORAL CON ASIENTO EN LA CIUDAD AUTONOMA DE BUENOS AIRES; MIEMBROS DE LOS TRIBUNALES INFERIORES CON COMPETENCIA ELECTORAL; EL CONSEJO DE LA MAGISTRATURA DESIGNARA CADA TRES (3) A\u00d1OS LAS LISTAS DE CONJUECES; LOS INTEGRANTES DE LAS LISTAS SERAN SELECCIONADOS MEDIANTE CONCURSO PUBLICO DE ANTECEDENTES; RETRIBUCION DE LOS CONJUECES; LA LISTA DE CONJUECES QUE CONTARAN CON ACUERDO DEL H. SENADO DE LA NACION, CONTINUARAN VIGENTES A LOS FINES DE LA PRESENTE LEY; DEROGACION DE LA LEY 27145 (PROCEDIMIENTO PARA LA DESIGNACION DE SUBROGANTES POR EL CONSEJO DE LA MAGISTRATURA).","('0026-PE-2016', 1)":null,"('0026-PE-2016', 2)":null,"('0026-PE-2016', 3)":null,"('0026-PE-2016', 4)":null,"('0026-PE-2016', 5)":null,"('0026-PE-2016', 6)":null},"Palabra Clave":{"('0026-PE-2016', 0)":" ","('0026-PE-2016', 1)":null,"('0026-PE-2016', 2)":null,"('0026-PE-2016', 3)":null,"('0026-PE-2016', 4)":null,"('0026-PE-2016', 5)":null,"('0026-PE-2016', 6)":null}}