{"Tipo de Proyecto":{"('0028-D-2016', 0)":"PROYECTO DE DECLARACI\u00d3N"},"Iniciado en: ":{"('0028-D-2016', 0)":"Diputados"},"Expediente Diputados: ":{"('0028-D-2016', 0)":"0028-D-2016"},"Publicado en: ":{"('0028-D-2016', 0)":"Tr\u00e1mite Parlamentario N\u00b0 1"},"Fecha: ":{"('0028-D-2016', 0)":"01\/03\/2016"},"T\u00edtulo":{"('0028-D-2016', 0)":"SOLICITAR AL PODER EJECUTIVO DISPONGA LAS ACCIONES DESTINADAS A MITIGAR EL RIESGO PARA HUANGLONGBING (HLB) Y EL VECTOR DIAPHORINA CITRI, A FIN DE GARANTIZAR LA SEGURIDAD FITOSANITARIA DE LA PRODUCCION CITRICOLA DEL NOROESTE ARGENTINO (NOA)."},"('Firmantes', 'FIRMANTE')":{"('0028-D-2016', 0)":"TOMASSI, NESTOR NICOLAS"},"('Firmantes', 'DISTRITO')":{"('0028-D-2016', 0)":"CATAMARCA"},"('Firmantes', 'BLOQUE')":{"('0028-D-2016', 0)":"JUSTICIALISTA"},"('Giros', 'COMISI\u00d3N')":{"('0028-D-2016', 0)":"AGRICULTURA Y GANADERIA"},"Link":{"('0028-D-2016', 0)":"https:\/\/www.hcdn.gob.ar\/proyectos\/textoCompleto.jsp?exp=0028-D-2016&tipo=DECLARACION"},"Palabra Clave":{"('0028-D-2016', 0)":" "}}