{"Tipo de Proyecto":{"('0028-PE-2016', 0)":"MENSAJE NRO: 0094\/16 Y PROYECTO DE LEY","('0028-PE-2016', 1)":null,"('0028-PE-2016', 2)":null,"('0028-PE-2016', 3)":null,"('0028-PE-2016', 4)":null},"Iniciado en: ":{"('0028-PE-2016', 0)":"Diputados","('0028-PE-2016', 1)":null,"('0028-PE-2016', 2)":null,"('0028-PE-2016', 3)":null,"('0028-PE-2016', 4)":null},"Expediente Diputados: ":{"('0028-PE-2016', 0)":"0028-PE-2016","('0028-PE-2016', 1)":null,"('0028-PE-2016', 2)":null,"('0028-PE-2016', 3)":null,"('0028-PE-2016', 4)":null},"Expediente Senado: ":{"('0028-PE-2016', 0)":"0011-CD-2017","('0028-PE-2016', 1)":null,"('0028-PE-2016', 2)":null,"('0028-PE-2016', 3)":null,"('0028-PE-2016', 4)":null},"Publicado en: ":{"('0028-PE-2016', 0)":"Tr\u00e1mite Parlamentario N\u00b0 122","('0028-PE-2016', 1)":null,"('0028-PE-2016', 2)":null,"('0028-PE-2016', 3)":null,"('0028-PE-2016', 4)":null},"Fecha: ":{"('0028-PE-2016', 0)":"08\/09\/2016","('0028-PE-2016', 1)":null,"('0028-PE-2016', 2)":null,"('0028-PE-2016', 3)":null,"('0028-PE-2016', 4)":null},"T\u00edtulo":{"('0028-PE-2016', 0)":"APROBACION DE LA RESOLUCION 186\/XXXVIII DENOMINADA DECIMA REPOSICION DE LOS RECURSOS DEL FONDO INTERNACIONAL DE DESARROLLO AGRICOLA - FIDA -, DE FECHA 16 DE FEBRERO DE 2015 POR EL CUAL SE AUMENTA EL APORTE DE LA REPUBLICA ARGENTINA A DICHO FONDO.","('0028-PE-2016', 1)":null,"('0028-PE-2016', 2)":null,"('0028-PE-2016', 3)":null,"('0028-PE-2016', 4)":null},"('Firmantes', 'FIRMANTE')":{"('0028-PE-2016', 0)":"MACRI, MAURICIO","('0028-PE-2016', 1)":"PE\u00d1A, MARCOS","('0028-PE-2016', 2)":"DE PRAT GAY, ALFONSO","('0028-PE-2016', 3)":null,"('0028-PE-2016', 4)":null},"('Firmantes', 'DISTRITO')":{"('0028-PE-2016', 0)":null,"('0028-PE-2016', 1)":null,"('0028-PE-2016', 2)":null,"('0028-PE-2016', 3)":null,"('0028-PE-2016', 4)":null},"('Firmantes', 'BLOQUE')":{"('0028-PE-2016', 0)":"PODER EJECUTIVO","('0028-PE-2016', 1)":"PODER EJECUTIVO","('0028-PE-2016', 2)":"PODER EJECUTIVO","('0028-PE-2016', 3)":null,"('0028-PE-2016', 4)":null},"('Giros', 'COMISI\u00d3N')":{"('0028-PE-2016', 0)":"PRESUPUESTO Y HACIENDA","('0028-PE-2016', 1)":null,"('0028-PE-2016', 2)":null,"('0028-PE-2016', 3)":null,"('0028-PE-2016', 4)":null},"('Tramites', 'C\u00c1MARA')":{"('0028-PE-2016', 0)":"Diputados","('0028-PE-2016', 1)":"Diputados","('0028-PE-2016', 2)":"Senado","('0028-PE-2016', 3)":"Senado","('0028-PE-2016', 4)":"Senado"},"('Tramites', 'MOVIMIENTO')":{"('0028-PE-2016', 0)":"CITACION SESION ESPECIAL","('0028-PE-2016', 1)":"CONSIDERACION Y APROBACION","('0028-PE-2016', 2)":"PASA A SENADO -","('0028-PE-2016', 3)":"MOCION SOBRE TABLAS (AFIRMATIVA)","('0028-PE-2016', 4)":"CONSIDERACION Y SANCION"},"('Tramites', 'FECHA')":{"('0028-PE-2016', 0)":"09\/05\/2017","('0028-PE-2016', 1)":"09\/05\/2017","('0028-PE-2016', 2)":null,"('0028-PE-2016', 3)":"31\/05\/2017","('0028-PE-2016', 4)":"31\/05\/2017"},"('Tramites', 'RESULTADO')":{"('0028-PE-2016', 0)":null,"('0028-PE-2016', 1)":"MEDIA SANCION","('0028-PE-2016', 2)":null,"('0028-PE-2016', 3)":null,"('0028-PE-2016', 4)":"SANCIONADO"},"Link":{"('0028-PE-2016', 0)":"http:\/\/www.senado.gov.ar\/web\/proyectos\/verExpe.php?origen=CD&nro_comision=&tipo=PL&numexp=11\/17&tConsulta=4","('0028-PE-2016', 1)":null,"('0028-PE-2016', 2)":null,"('0028-PE-2016', 3)":null,"('0028-PE-2016', 4)":null},"Palabra Clave":{"('0028-PE-2016', 0)":" ","('0028-PE-2016', 1)":null,"('0028-PE-2016', 2)":null,"('0028-PE-2016', 3)":null,"('0028-PE-2016', 4)":null}}