{"Tipo de Proyecto":{"('0028-JGM-2016', 0)":"MENSAJE NRO: 0004\/17","('0028-JGM-2016', 1)":null},"Iniciado en: ":{"('0028-JGM-2016', 0)":"Diputados","('0028-JGM-2016', 1)":null},"Expediente Diputados: ":{"('0028-JGM-2016', 0)":"0028-JGM-2016","('0028-JGM-2016', 1)":null},"Publicado en: ":{"('0028-JGM-2016', 0)":"Tr\u00e1mite Parlamentario N\u00b0 191","('0028-JGM-2016', 1)":null},"Fecha: ":{"('0028-JGM-2016', 0)":"31\/01\/2017","('0028-JGM-2016', 1)":null},"T\u00edtulo":{"('0028-JGM-2016', 0)":"COMUNICACION DEL DECRETO 14 DEL 4 DE ENERO DE 2017, DICTADO EN USO DE FACULTADES DELEGADAS POR EL CUAL SE DISMINUYE LA ALICUOTA DEL VEINTIUNO POR CIENTO - 21% - ESTABLECIDA EN EL ARTICULO 1 DE LA LEY 24625, IMPUESTO ADICIONAL DE EMERGENCIA SOBRE EL PRECIO DE VENTA DE CIGARRILLOS Y SUS MODIFICACIONES, ESTABLECIENDOSE LA MISMA EN EL SIETE PORCIENTO - 7% -, PARA LOS HECHOS IMPONIBLES QUE SE PERFECCIONEN A PARTIR DEL 1 DE ENERO Y HASTA EL 31 DE DICIEMBRE DE 2017. ","('0028-JGM-2016', 1)":null},"('Firmantes', 'FIRMANTE')":{"('0028-JGM-2016', 0)":"PE\u00d1A, MARCOS","('0028-JGM-2016', 1)":"DUJOVNE, NICOLAS"},"('Firmantes', 'DISTRITO')":{"('0028-JGM-2016', 0)":null,"('0028-JGM-2016', 1)":null},"('Firmantes', 'BLOQUE')":{"('0028-JGM-2016', 0)":"PODER EJECUTIVO","('0028-JGM-2016', 1)":"PODER EJECUTIVO"},"('Giros', 'COMISI\u00d3N')":{"('0028-JGM-2016', 0)":"BICAMERAL PERMANENTE DE TRAMITE LEGISLATIVO - LEY 26122","('0028-JGM-2016', 1)":null},"('Tramites', 'C\u00c1MARA')":{"('0028-JGM-2016', 0)":"Diputados","('0028-JGM-2016', 1)":null},"('Tramites', 'MOVIMIENTO')":{"('0028-JGM-2016', 0)":"VER TRAMITE DEL DECRETO EN SENADO EN EXPEDIENTE 5073-S-2016","('0028-JGM-2016', 1)":null},"('Tramites', 'FECHA')":{"('0028-JGM-2016', 0)":null,"('0028-JGM-2016', 1)":null},"('Tramites', 'RESULTADO')":{"('0028-JGM-2016', 0)":null,"('0028-JGM-2016', 1)":null},"Palabra Clave":{"('0028-JGM-2016', 0)":" ","('0028-JGM-2016', 1)":null}}