{"Tipo de Proyecto":{"('0029-JGM-2016', 0)":"MENSAJE NRO: 0006\/17","('0029-JGM-2016', 1)":null},"Iniciado en: ":{"('0029-JGM-2016', 0)":"Diputados","('0029-JGM-2016', 1)":null},"Expediente Diputados: ":{"('0029-JGM-2016', 0)":"0029-JGM-2016","('0029-JGM-2016', 1)":null},"Publicado en: ":{"('0029-JGM-2016', 0)":"Tr\u00e1mite Parlamentario N\u00b0 191","('0029-JGM-2016', 1)":null},"Fecha: ":{"('0029-JGM-2016', 0)":"31\/01\/2017","('0029-JGM-2016', 1)":null},"T\u00edtulo":{"('0029-JGM-2016', 0)":"COMUNICACION DEL DICTADO DEL DECRETO 19 DEL 4 DE ENERO DE 2017, DICTADO EN USO DE FACULTADES DELEGADAS, POR EL CUAL SE DEJA TRANSITORIAMENTE SIN EFECTO EL GRAVAMEN PREVISTO EN EL CAPITULO VII DEL TITULO II DE LA LEY DE IMPUESTOS INTERNOS, TEXTO SUSTITUIDO POR LA LEY 24674 Y SUS MODIFICATORIAS. ","('0029-JGM-2016', 1)":null},"('Firmantes', 'FIRMANTE')":{"('0029-JGM-2016', 0)":"PE\u00d1A, MARCOS","('0029-JGM-2016', 1)":"DUJOVNE, NICOLAS"},"('Firmantes', 'DISTRITO')":{"('0029-JGM-2016', 0)":null,"('0029-JGM-2016', 1)":null},"('Firmantes', 'BLOQUE')":{"('0029-JGM-2016', 0)":"PODER EJECUTIVO","('0029-JGM-2016', 1)":"PODER EJECUTIVO"},"('Giros', 'COMISI\u00d3N')":{"('0029-JGM-2016', 0)":"BICAMERAL PERMANENTE DE TRAMITE LEGISLATIVO - LEY 26122","('0029-JGM-2016', 1)":null},"('Tramites', 'C\u00c1MARA')":{"('0029-JGM-2016', 0)":"Diputados","('0029-JGM-2016', 1)":null},"('Tramites', 'MOVIMIENTO')":{"('0029-JGM-2016', 0)":"VER TRAMITE DEL DECRETO EN SENADO EN EXPEDIENTE 5075-S-2016","('0029-JGM-2016', 1)":null},"('Tramites', 'FECHA')":{"('0029-JGM-2016', 0)":null,"('0029-JGM-2016', 1)":null},"('Tramites', 'RESULTADO')":{"('0029-JGM-2016', 0)":null,"('0029-JGM-2016', 1)":null},"Palabra Clave":{"('0029-JGM-2016', 0)":" ","('0029-JGM-2016', 1)":null}}