{"Tipo de Proyecto":{"('0029-OV-2016', 0)":"PROYECTO DE RESOLUCI\u00d3N"},"Iniciado en: ":{"('0029-OV-2016', 0)":"Senado"},"Expediente Senado: ":{"('0029-OV-2016', 0)":"0029-OV-2016"},"Fecha: ":{"('0029-OV-2016', 0)":"03\/10\/2016"},"T\u00edtulo":{"('0029-OV-2016', 0)":"RESOLUCION REMITIDA POR LA AUDITORIA GENERAL DE LA NACION 75\/16, APROBANDO EL INFORME DE AUDITORIA REFERIDO AL BANCO CENTRAL DE LA REPUBLICA ARGENTINA - ESTADOS CONTABLES AL 31 DE DICIEMBRE DE 2014."},"('Firmantes', 'FIRMANTE')":{"('0029-OV-2016', 0)":"PARLAMENTARIA MIXTA REVISORA DE CUENTAS"},"('Firmantes', 'DISTRITO')":{"('0029-OV-2016', 0)":null},"('Firmantes', 'BLOQUE')":{"('0029-OV-2016', 0)":null},"('Tramites', 'C\u00c1MARA')":{"('0029-OV-2016', 0)":"Senado"},"('Tramites', 'MOVIMIENTO')":{"('0029-OV-2016', 0)":"CONSIDERACION Y APROBACION (AL ARCHIVO)"},"('Tramites', 'FECHA')":{"('0029-OV-2016', 0)":"02\/11\/2016"},"('Tramites', 'RESULTADO')":{"('0029-OV-2016', 0)":"APROBADO"},"Sumario":{"('0029-OV-2016', 0)":"HABIENDO TOMADO CONOCIMIENTO Y SIN PERJUICIO DE ULTERIORES MEDIDAS QUE PUEDAN ADOPTARSE, SE ACONSEJA SU REMISION AL ARCHIVO."},"Palabra Clave":{"('0029-OV-2016', 0)":" "}}