{"Tipo de Proyecto":{"('0030-D-2016', 0)":"PROYECTO DE RESOLUCI\u00d3N"},"Iniciado en: ":{"('0030-D-2016', 0)":"Diputados"},"Expediente Diputados: ":{"('0030-D-2016', 0)":"0030-D-2016"},"Publicado en: ":{"('0030-D-2016', 0)":"Tr\u00e1mite Parlamentario N\u00b0 1"},"Fecha: ":{"('0030-D-2016', 0)":"01\/03\/2016"},"T\u00edtulo":{"('0030-D-2016', 0)":"PEDIDO DE INFORMES AL PODER EJECUTIVO SOBRE DIVERSAS CUESTIONES RELACIONADAS CON EL  STATUS SANITARIO ACTUAL DEL ACARO \"VARROA DESTRUCTOR\", POR SER UNO DE LOS VECTORES RESPONSABLES DE GRAVES DA\u00d1OS BIOLOGICOS Y ECONOMICOS EN LA APICULTURA."},"('Firmantes', 'FIRMANTE')":{"('0030-D-2016', 0)":"TOMASSI, NESTOR NICOLAS"},"('Firmantes', 'DISTRITO')":{"('0030-D-2016', 0)":"CATAMARCA"},"('Firmantes', 'BLOQUE')":{"('0030-D-2016', 0)":"JUSTICIALISTA"},"('Giros', 'COMISI\u00d3N')":{"('0030-D-2016', 0)":"AGRICULTURA Y GANADERIA"},"Link":{"('0030-D-2016', 0)":"https:\/\/www.hcdn.gob.ar\/proyectos\/textoCompleto.jsp?exp=0030-D-2016&tipo=RESOLUCION"},"Palabra Clave":{"('0030-D-2016', 0)":" "}}