{"Tipo de Proyecto":{"('0030-JGM-2016', 0)":"MENSAJE NRO: 0005\/17","('0030-JGM-2016', 1)":null},"Iniciado en: ":{"('0030-JGM-2016', 0)":"Diputados","('0030-JGM-2016', 1)":null},"Expediente Diputados: ":{"('0030-JGM-2016', 0)":"0030-JGM-2016","('0030-JGM-2016', 1)":null},"Publicado en: ":{"('0030-JGM-2016', 0)":"Tr\u00e1mite Parlamentario N\u00b0 191","('0030-JGM-2016', 1)":null},"Fecha: ":{"('0030-JGM-2016', 0)":"31\/01\/2017","('0030-JGM-2016', 1)":null},"T\u00edtulo":{"('0030-JGM-2016', 0)":"COMUNICACION DEL DICTADO DEL DECRETO N\u00b0 15 DEL 4 DE ENERO DE 2017, DICTADO EN USO DE FACULTADES DELEGADAS, POR EL CUAL SE FIJA EN EL 75% EL GRAVAMEN PREVISTO EN EL PRIMER PARRAFO DEL ARTICULO 15 DEL CAPITULO I DEL TITULO II DE LA LEY DE IMPUESTOS INTERNOS, TEXTO SUSTITUIDO POR LA LEY 24674 Y SUS MODIFICATORIAS. ","('0030-JGM-2016', 1)":null},"('Firmantes', 'FIRMANTE')":{"('0030-JGM-2016', 0)":"PE\u00d1A, MARCOS","('0030-JGM-2016', 1)":"DUJOVNE, NICOLAS"},"('Firmantes', 'DISTRITO')":{"('0030-JGM-2016', 0)":null,"('0030-JGM-2016', 1)":null},"('Firmantes', 'BLOQUE')":{"('0030-JGM-2016', 0)":"PODER EJECUTIVO","('0030-JGM-2016', 1)":"PODER EJECUTIVO"},"('Giros', 'COMISI\u00d3N')":{"('0030-JGM-2016', 0)":"BICAMERAL PERMANENTE DE TRAMITE LEGISLATIVO - LEY 26122","('0030-JGM-2016', 1)":null},"('Tramites', 'C\u00c1MARA')":{"('0030-JGM-2016', 0)":"Diputados","('0030-JGM-2016', 1)":null},"('Tramites', 'MOVIMIENTO')":{"('0030-JGM-2016', 0)":"VER TRAMITE DEL DECRETO EN SENADO EN EXPEDIENTE 5074-S-2016","('0030-JGM-2016', 1)":null},"('Tramites', 'FECHA')":{"('0030-JGM-2016', 0)":null,"('0030-JGM-2016', 1)":null},"('Tramites', 'RESULTADO')":{"('0030-JGM-2016', 0)":null,"('0030-JGM-2016', 1)":null},"Palabra Clave":{"('0030-JGM-2016', 0)":" ","('0030-JGM-2016', 1)":null}}