{"Tipo de Proyecto":{"('0030-S-2016', 0)":"COMUNICACION"},"Iniciado en: ":{"('0030-S-2016', 0)":"Senado"},"Expediente Senado: ":{"('0030-S-2016', 0)":"0030-S-2016"},"Publicado en: ":{"('0030-S-2016', 0)":"Diario de Asuntos Entrados N\u00b0 2"},"Fecha: ":{"('0030-S-2016', 0)":"02\/03\/2016"},"T\u00edtulo":{"('0030-S-2016', 0)":"PEDIDO DE INFORMES AL PODER EJECUTIVO SOBRE LA EVOLUCION DE LA PRODUCCION Y LOS NIVELES DE LAS EXPORTACIONES DE ORIGEN AGROPECUARIO, A PARTIR DE LA ELIMINACION DE RETENCIONES Y LA FIJACION DE LA IMPLEMENTADA POR EL DECRETO 133\/15.\n"},"('Firmantes', 'FIRMANTE')":{"('0030-S-2016', 0)":"ROZAS, ANGEL"},"('Firmantes', 'DISTRITO')":{"('0030-S-2016', 0)":"CHACO"},"('Firmantes', 'BLOQUE')":{"('0030-S-2016', 0)":"UCR"},"Link":{"('0030-S-2016', 0)":"http:\/\/www.senado.gov.ar\/parlamentario\/comisiones\/verExp\/30.16\/S\/PC"},"Palabra Clave":{"('0030-S-2016', 0)":" "}}