{"Tipo de Proyecto":{"('0031-JGM-2016', 0)":"MENSAJE NRO: 0003\/17","('0031-JGM-2016', 1)":null},"Iniciado en: ":{"('0031-JGM-2016', 0)":"Diputados","('0031-JGM-2016', 1)":null},"Expediente Diputados: ":{"('0031-JGM-2016', 0)":"0031-JGM-2016","('0031-JGM-2016', 1)":null},"Publicado en: ":{"('0031-JGM-2016', 0)":"Tr\u00e1mite Parlamentario N\u00b0 191","('0031-JGM-2016', 1)":null},"Fecha: ":{"('0031-JGM-2016', 0)":"31\/01\/2017","('0031-JGM-2016', 1)":null},"T\u00edtulo":{"('0031-JGM-2016', 0)":"COMUNICACION DEL DECRETO DE NECESIDAD Y URGENCIA N\u00b0 2, DEL 2 DE ENERO DE 2017, POR EL CUAL SE MODIFICA LA LEY DE MINISTERIOS CAMBIANDO LA DENOMINACION DEL MINISTERIO DE HACIENDA Y FINANZAS PUBLICAS POR LA DE MINISTERIO DE HACIENDA Y CREANDO EL MINISTERIO DE FINANZAS.","('0031-JGM-2016', 1)":null},"('Firmantes', 'FIRMANTE')":{"('0031-JGM-2016', 0)":"PE\u00d1A, MARCOS","('0031-JGM-2016', 1)":"DUJOVNE, NICOLAS"},"('Firmantes', 'DISTRITO')":{"('0031-JGM-2016', 0)":null,"('0031-JGM-2016', 1)":null},"('Firmantes', 'BLOQUE')":{"('0031-JGM-2016', 0)":"PODER EJECUTIVO","('0031-JGM-2016', 1)":"PODER EJECUTIVO"},"('Giros', 'COMISI\u00d3N')":{"('0031-JGM-2016', 0)":"BICAMERAL PERMANENTE DE TRAMITE LEGISLATIVO - LEY 26122","('0031-JGM-2016', 1)":null},"('Tramites', 'C\u00c1MARA')":{"('0031-JGM-2016', 0)":"Diputados","('0031-JGM-2016', 1)":null},"('Tramites', 'MOVIMIENTO')":{"('0031-JGM-2016', 0)":"VER TRAMITE DEL DECRETO EN SENADO EN EXPEDIENTE 5072-S-2016","('0031-JGM-2016', 1)":null},"('Tramites', 'FECHA')":{"('0031-JGM-2016', 0)":null,"('0031-JGM-2016', 1)":null},"('Tramites', 'RESULTADO')":{"('0031-JGM-2016', 0)":null,"('0031-JGM-2016', 1)":null},"Palabra Clave":{"('0031-JGM-2016', 0)":" ","('0031-JGM-2016', 1)":null}}