{"Tipo de Proyecto":{"('0031-D-2016', 0)":"PROYECTO DE RESOLUCI\u00d3N","('0031-D-2016', 1)":null,"('0031-D-2016', 2)":null},"Iniciado en: ":{"('0031-D-2016', 0)":"Diputados","('0031-D-2016', 1)":null,"('0031-D-2016', 2)":null},"Expediente Diputados: ":{"('0031-D-2016', 0)":"0031-D-2016","('0031-D-2016', 1)":null,"('0031-D-2016', 2)":null},"Publicado en: ":{"('0031-D-2016', 0)":"Tr\u00e1mite Parlamentario N\u00b0 1","('0031-D-2016', 1)":null,"('0031-D-2016', 2)":null},"Fecha: ":{"('0031-D-2016', 0)":"01\/03\/2016","('0031-D-2016', 1)":null,"('0031-D-2016', 2)":null},"T\u00edtulo":{"('0031-D-2016', 0)":" \"COMISION BICAMERAL DE SEGUIMIENTO DE LA LEY DE INVERSIONES PARA BOSQUES CULTIVADOS\", PREVISTA EN LA LEY 25080. CREACION.  ","('0031-D-2016', 1)":null,"('0031-D-2016', 2)":null},"('Firmantes', 'FIRMANTE')":{"('0031-D-2016', 0)":"TOMASSI, NESTOR NICOLAS","('0031-D-2016', 1)":null,"('0031-D-2016', 2)":null},"('Firmantes', 'DISTRITO')":{"('0031-D-2016', 0)":"CATAMARCA","('0031-D-2016', 1)":null,"('0031-D-2016', 2)":null},"('Firmantes', 'BLOQUE')":{"('0031-D-2016', 0)":"JUSTICIALISTA","('0031-D-2016', 1)":null,"('0031-D-2016', 2)":null},"('Giros', 'COMISI\u00d3N')":{"('0031-D-2016', 0)":"PETICIONES, PODERES Y REGLAMENTO","('0031-D-2016', 1)":"AGRICULTURA Y GANADERIA","('0031-D-2016', 2)":"PRESUPUESTO Y HACIENDA"},"('Tramites', 'C\u00c1MARA')":{"('0031-D-2016', 0)":"Diputados","('0031-D-2016', 1)":"Diputados","('0031-D-2016', 2)":null},"('Tramites', 'MOVIMIENTO')":{"('0031-D-2016', 0)":"SOLICITUD DE REPRODUCCION DEL PROYECTO PARA EL PERIODO 135 (2017), SEGUN LOS TERMINOS DEL ARTICULO 7 DE LA RESOLUCION DE LA HCD DEL 05\/06\/1996","('0031-D-2016', 1)":"SOLICITUD DE REPRODUCCION DEL PROYECTO PARA EL PERIODO 135 (2017), SEGUN LOS TERMINOS DEL ARTICULO 7 DE LA RESOLUCION DE LA HCD DEL 05\/06\/1996","('0031-D-2016', 2)":null},"('Tramites', 'FECHA')":{"('0031-D-2016', 0)":null,"('0031-D-2016', 1)":null,"('0031-D-2016', 2)":null},"('Tramites', 'RESULTADO')":{"('0031-D-2016', 0)":null,"('0031-D-2016', 1)":null,"('0031-D-2016', 2)":null},"Sumario":{"('0031-D-2016', 0)":"ELEVACION DE INFORME.","('0031-D-2016', 1)":null,"('0031-D-2016', 2)":null},"Palabra Clave":{"('0031-D-2016', 0)":" ","('0031-D-2016', 1)":null,"('0031-D-2016', 2)":null}}