{"Tipo de Proyecto":{"('0032-PE-2016', 0)":"MENSAJE NRO: 0128\/16 Y PROYECTO DE LEY","('0032-PE-2016', 1)":null,"('0032-PE-2016', 2)":null,"('0032-PE-2016', 3)":null,"('0032-PE-2016', 4)":null,"('0032-PE-2016', 5)":null},"Iniciado en: ":{"('0032-PE-2016', 0)":"Diputados","('0032-PE-2016', 1)":null,"('0032-PE-2016', 2)":null,"('0032-PE-2016', 3)":null,"('0032-PE-2016', 4)":null,"('0032-PE-2016', 5)":null},"Expediente Diputados: ":{"('0032-PE-2016', 0)":"0032-PE-2016","('0032-PE-2016', 1)":null,"('0032-PE-2016', 2)":null,"('0032-PE-2016', 3)":null,"('0032-PE-2016', 4)":null,"('0032-PE-2016', 5)":null},"Expediente Senado: ":{"('0032-PE-2016', 0)":"0073-CD-2016","('0032-PE-2016', 1)":null,"('0032-PE-2016', 2)":null,"('0032-PE-2016', 3)":null,"('0032-PE-2016', 4)":null,"('0032-PE-2016', 5)":null},"Publicado en: ":{"('0032-PE-2016', 0)":"Tr\u00e1mite Parlamentario N\u00b0 153","('0032-PE-2016', 1)":null,"('0032-PE-2016', 2)":null,"('0032-PE-2016', 3)":null,"('0032-PE-2016', 4)":null,"('0032-PE-2016', 5)":null},"Fecha: ":{"('0032-PE-2016', 0)":"21\/10\/2016","('0032-PE-2016', 1)":null,"('0032-PE-2016', 2)":null,"('0032-PE-2016', 3)":null,"('0032-PE-2016', 4)":null,"('0032-PE-2016', 5)":null},"T\u00edtulo":{"('0032-PE-2016', 0)":"SUSTITUCION EL ARTICULO 37, SOBRE ATRIBUCION DEL JEFE DE GABINETE PARA REALIZAR MODIFICACIONES PRESUPUESTARIAS, DE LA LEY 24156 DE ADMINISTRACION FINANCIERA Y DE LOS SISTEMAS DE CONTROL DEL SECTOR PUBLICO NACIONAL.","('0032-PE-2016', 1)":null,"('0032-PE-2016', 2)":null,"('0032-PE-2016', 3)":null,"('0032-PE-2016', 4)":null,"('0032-PE-2016', 5)":null},"('Firmantes', 'FIRMANTE')":{"('0032-PE-2016', 0)":"MACRI, MAURICIO","('0032-PE-2016', 1)":"PE\u00d1A, MARCOS","('0032-PE-2016', 2)":"DE PRAT GAY, ALFONSO","('0032-PE-2016', 3)":null,"('0032-PE-2016', 4)":null,"('0032-PE-2016', 5)":null},"('Firmantes', 'DISTRITO')":{"('0032-PE-2016', 0)":null,"('0032-PE-2016', 1)":null,"('0032-PE-2016', 2)":null,"('0032-PE-2016', 3)":null,"('0032-PE-2016', 4)":null,"('0032-PE-2016', 5)":null},"('Firmantes', 'BLOQUE')":{"('0032-PE-2016', 0)":"PODER EJECUTIVO","('0032-PE-2016', 1)":"PODER EJECUTIVO","('0032-PE-2016', 2)":"PODER EJECUTIVO","('0032-PE-2016', 3)":null,"('0032-PE-2016', 4)":null,"('0032-PE-2016', 5)":null},"('Giros', 'COMISI\u00d3N')":{"('0032-PE-2016', 0)":"PRESUPUESTO Y HACIENDA","('0032-PE-2016', 1)":null,"('0032-PE-2016', 2)":null,"('0032-PE-2016', 3)":null,"('0032-PE-2016', 4)":null,"('0032-PE-2016', 5)":null},"('Tramites', 'C\u00c1MARA')":{"('0032-PE-2016', 0)":"Diputados","('0032-PE-2016', 1)":"Diputados","('0032-PE-2016', 2)":"Diputados","('0032-PE-2016', 3)":"Senado","('0032-PE-2016', 4)":"Senado","('0032-PE-2016', 5)":"Senado"},"('Tramites', 'MOVIMIENTO')":{"('0032-PE-2016', 0)":"CITACION SESION ESPECIAL","('0032-PE-2016', 1)":"CONSIDERACION Y APROBACION","('0032-PE-2016', 2)":"MOCION DE RECONSIDERACION (NEGATIVA)","('0032-PE-2016', 3)":"PASA A SENADO -","('0032-PE-2016', 4)":"SOLICITUD DEL SENADOR CASERIO DE INCORPORAR SU FIRMA AL DICTAMEN","('0032-PE-2016', 5)":"CONSIDERACION Y SANCION"},"('Tramites', 'FECHA')":{"('0032-PE-2016', 0)":"02\/11\/2016","('0032-PE-2016', 1)":"02\/11\/2016","('0032-PE-2016', 2)":"02\/11\/2016","('0032-PE-2016', 3)":null,"('0032-PE-2016', 4)":"30\/11\/2016","('0032-PE-2016', 5)":"30\/11\/2016"},"('Tramites', 'RESULTADO')":{"('0032-PE-2016', 0)":null,"('0032-PE-2016', 1)":"MEDIA SANCION","('0032-PE-2016', 2)":null,"('0032-PE-2016', 3)":null,"('0032-PE-2016', 4)":null,"('0032-PE-2016', 5)":"SANCIONADO"},"Sumario":{"('0032-PE-2016', 0)":"EXCEPTUAR AL JEFE DE GABINETE DE MINISTROS DE LO ESTABLECIDO EN EL ARTICULO 15 (REGIMEN FEDERAL DE RESPONSABILIDAD FISCAL).","('0032-PE-2016', 1)":null,"('0032-PE-2016', 2)":null,"('0032-PE-2016', 3)":null,"('0032-PE-2016', 4)":null,"('0032-PE-2016', 5)":null},"Palabra Clave":{"('0032-PE-2016', 0)":" ","('0032-PE-2016', 1)":null,"('0032-PE-2016', 2)":null,"('0032-PE-2016', 3)":null,"('0032-PE-2016', 4)":null,"('0032-PE-2016', 5)":null}}