{"Tipo de Proyecto":{"('0032-D-2016', 0)":"PROYECTO DE RESOLUCI\u00d3N"},"Iniciado en: ":{"('0032-D-2016', 0)":"Diputados"},"Expediente Diputados: ":{"('0032-D-2016', 0)":"0032-D-2016"},"Publicado en: ":{"('0032-D-2016', 0)":"Tr\u00e1mite Parlamentario N\u00b0 1"},"Fecha: ":{"('0032-D-2016', 0)":"01\/03\/2016"},"T\u00edtulo":{"('0032-D-2016', 0)":"EXPRESAR BENEPLACITO POR LA LABOR DEL LABORATORIO DE BIOLOGIA MOLECULAR, UNICO CENTRO DE REFERENCIA PARA EL DIAGNOSTICO MOLECULAR EN LA PROVINCIA DE CATAMARCA."},"('Firmantes', 'FIRMANTE')":{"('0032-D-2016', 0)":"TOMASSI, NESTOR NICOLAS"},"('Firmantes', 'DISTRITO')":{"('0032-D-2016', 0)":"CATAMARCA"},"('Firmantes', 'BLOQUE')":{"('0032-D-2016', 0)":"JUSTICIALISTA"},"('Giros', 'COMISI\u00d3N')":{"('0032-D-2016', 0)":"CIENCIA, TECNOLOGIA E INNOVACION PRODUCTIVA"},"('Tramites', 'C\u00c1MARA')":{"('0032-D-2016', 0)":"Diputados"},"('Tramites', 'MOVIMIENTO')":{"('0032-D-2016', 0)":"APROBACION ARTICULO 114 DEL REGLAMENTO DE LA H CAMARA DE DIPUTADOS; COMUNICADO EL 24\/05\/2016"},"('Tramites', 'FECHA')":{"('0032-D-2016', 0)":null},"('Tramites', 'RESULTADO')":{"('0032-D-2016', 0)":"APROBADO"},"Link":{"('0032-D-2016', 0)":"https:\/\/www.hcdn.gob.ar\/proyectos\/textoCompleto.jsp?exp=0032-D-2016&tipo=RESOLUCION"},"Palabra Clave":{"('0032-D-2016', 0)":" "}}