{"Tipo de Proyecto":{"('0033-D-2016', 0)":"PROYECTO DE LEY","('0033-D-2016', 1)":null},"Iniciado en: ":{"('0033-D-2016', 0)":"Diputados","('0033-D-2016', 1)":null},"Expediente Diputados: ":{"('0033-D-2016', 0)":"0033-D-2016","('0033-D-2016', 1)":null},"Publicado en: ":{"('0033-D-2016', 0)":"Tr\u00e1mite Parlamentario N\u00b0 1","('0033-D-2016', 1)":null},"Fecha: ":{"('0033-D-2016', 0)":"01\/03\/2016","('0033-D-2016', 1)":null},"T\u00edtulo":{"('0033-D-2016', 0)":"PLAN NACIONAL FITORREMEDIADOR - PLANAFIT -. CREACION.","('0033-D-2016', 1)":null},"('Firmantes', 'FIRMANTE')":{"('0033-D-2016', 0)":"TOMASSI, NESTOR NICOLAS","('0033-D-2016', 1)":null},"('Firmantes', 'DISTRITO')":{"('0033-D-2016', 0)":"CATAMARCA","('0033-D-2016', 1)":null},"('Firmantes', 'BLOQUE')":{"('0033-D-2016', 0)":"JUSTICIALISTA","('0033-D-2016', 1)":null},"('Giros', 'COMISI\u00d3N')":{"('0033-D-2016', 0)":"RECURSOS NATURALES Y CONSERVACION DEL AMBIENTE HUMANO","('0033-D-2016', 1)":"PRESUPUESTO Y HACIENDA"},"Sumario":{"('0033-D-2016', 0)":"OBJETIVOS; DEFINICIONES; RECURSOS;","('0033-D-2016', 1)":null},"Palabra Clave":{"('0033-D-2016', 0)":" ","('0033-D-2016', 1)":null}}