{"Tipo de Proyecto":{"('0033-S-2016', 0)":"PROYECTO DE LEY","('0033-S-2016', 1)":null,"('0033-S-2016', 2)":null},"Iniciado en: ":{"('0033-S-2016', 0)":"Senado","('0033-S-2016', 1)":null,"('0033-S-2016', 2)":null},"Expediente Diputados: ":{"('0033-S-2016', 0)":"0033-S-2016","('0033-S-2016', 1)":null,"('0033-S-2016', 2)":null},"Expediente Senado: ":{"('0033-S-2016', 0)":"2320-S-2016","('0033-S-2016', 1)":null,"('0033-S-2016', 2)":null},"Publicado en: ":{"('0033-S-2016', 0)":"Diario de Asuntos Entrados N\u00b0 115","('0033-S-2016', 1)":null,"('0033-S-2016', 2)":null},"Fecha: ":{"('0033-S-2016', 0)":"22\/06\/2016","('0033-S-2016', 1)":null,"('0033-S-2016', 2)":null},"T\u00edtulo":{"('0033-S-2016', 0)":"DENOMINAR \"ENTRADA GRANADERO ALIBERTO RODRIGA\u00d1EZ RICCHIERI\", A LA PUERTA DE INGRESO DE LA CASA DE GOBIERNO (CASA ROSADA) DE LA CALLE BALCARCE 50 DE LA CIUDAD AUTONOMA DE BUENOS AIRES","('0033-S-2016', 1)":null,"('0033-S-2016', 2)":null},"('Firmantes', 'FIRMANTE')":{"('0033-S-2016', 0)":"PINEDO, FEDERICO","('0033-S-2016', 1)":null,"('0033-S-2016', 2)":null},"('Firmantes', 'DISTRITO')":{"('0033-S-2016', 0)":"CIUDAD de BUENOS AIRES","('0033-S-2016', 1)":null,"('0033-S-2016', 2)":null},"('Firmantes', 'BLOQUE')":{"('0033-S-2016', 0)":"FRENTE PRO","('0033-S-2016', 1)":null,"('0033-S-2016', 2)":null},"('Giros', 'COMISI\u00d3N')":{"('0033-S-2016', 0)":"LEGISLACION GENERAL","('0033-S-2016', 1)":null,"('0033-S-2016', 2)":null},"('Tramites', 'C\u00c1MARA')":{"('0033-S-2016', 0)":"Senado","('0033-S-2016', 1)":"Senado","('0033-S-2016', 2)":"Diputados"},"('Tramites', 'MOVIMIENTO')":{"('0033-S-2016', 0)":"MOCION SOBRE TABLAS (AFIRMATIVA)","('0033-S-2016', 1)":"CONSIDERACION Y APROBACION","('0033-S-2016', 2)":"PASA A DIPUTADOS -"},"('Tramites', 'FECHA')":{"('0033-S-2016', 0)":"29\/06\/2016","('0033-S-2016', 1)":"29\/06\/2016","('0033-S-2016', 2)":null},"('Tramites', 'RESULTADO')":{"('0033-S-2016', 0)":null,"('0033-S-2016', 1)":"MEDIA SANCION","('0033-S-2016', 2)":null},"Link":{"('0033-S-2016', 0)":"http:\/\/www.senado.gov.ar\/parlamentario\/comisiones\/verExp\/2320.16\/S\/PL","('0033-S-2016', 1)":null,"('0033-S-2016', 2)":null},"Palabra Clave":{"('0033-S-2016', 0)":" ","('0033-S-2016', 1)":null,"('0033-S-2016', 2)":null}}