{"Tipo de Proyecto":{"('0034-PE-2016', 0)":"MENSAJE NRO: 0139\/16 Y PROYECTO DE LEY","('0034-PE-2016', 1)":null,"('0034-PE-2016', 2)":null},"Iniciado en: ":{"('0034-PE-2016', 0)":"Diputados","('0034-PE-2016', 1)":null,"('0034-PE-2016', 2)":null},"Expediente Diputados: ":{"('0034-PE-2016', 0)":"0034-PE-2016","('0034-PE-2016', 1)":null,"('0034-PE-2016', 2)":null},"Publicado en: ":{"('0034-PE-2016', 0)":"Tr\u00e1mite Parlamentario N\u00b0 167","('0034-PE-2016', 1)":null,"('0034-PE-2016', 2)":null},"Fecha: ":{"('0034-PE-2016', 0)":"10\/11\/2016","('0034-PE-2016', 1)":null,"('0034-PE-2016', 2)":null},"T\u00edtulo":{"('0034-PE-2016', 0)":"CREACION DE LAS SOCIEDADES DE INTERES Y BENEFICIO COLECTIVO - IBC -.","('0034-PE-2016', 1)":null,"('0034-PE-2016', 2)":null},"('Firmantes', 'FIRMANTE')":{"('0034-PE-2016', 0)":"MACRI, MAURICIO","('0034-PE-2016', 1)":"PE\u00d1A, MARCOS","('0034-PE-2016', 2)":"CABRERA, FRANCISCO ADOLFO"},"('Firmantes', 'DISTRITO')":{"('0034-PE-2016', 0)":null,"('0034-PE-2016', 1)":null,"('0034-PE-2016', 2)":null},"('Firmantes', 'BLOQUE')":{"('0034-PE-2016', 0)":"PODER EJECUTIVO","('0034-PE-2016', 1)":"PODER EJECUTIVO","('0034-PE-2016', 2)":"PODER EJECUTIVO"},"('Giros', 'COMISI\u00d3N')":{"('0034-PE-2016', 0)":"LEGISLACION GENERAL","('0034-PE-2016', 1)":null,"('0034-PE-2016', 2)":null},"Sumario":{"('0034-PE-2016', 0)":"CARACTERIZACION; REGIMEN APLICABLE; DENOMINACION; REQUISITOS PARA SER SOCIEDADES IBC; ADMINISTRACION; DERECHO DE RECESO; CONTROL Y TRANSPARENCIA; SANCIONES; AUTORIDAD DE APLICACION: MINISTERIO DE PRODUCCION.","('0034-PE-2016', 1)":null,"('0034-PE-2016', 2)":null},"Palabra Clave":{"('0034-PE-2016', 0)":" ","('0034-PE-2016', 1)":null,"('0034-PE-2016', 2)":null}}