{"Tipo de Proyecto":{"('0034-S-2016', 0)":"PROYECTO DE LEY"},"Iniciado en: ":{"('0034-S-2016', 0)":"Senado"},"Expediente Senado: ":{"('0034-S-2016', 0)":"0034-S-2016"},"Publicado en: ":{"('0034-S-2016', 0)":"Diario de Asuntos Entrados N\u00b0 2"},"Fecha: ":{"('0034-S-2016', 0)":"02\/03\/2016"},"T\u00edtulo":{"('0034-S-2016', 0)":"CREACION DEL CONSEJO ECONOMICO Y SOCIAL DE LA NACION (REPRODUCCION DEL EXPEDIENTE 0506-S-14)."},"('Firmantes', 'FIRMANTE')":{"('0034-S-2016', 0)":"ROZAS, ANGEL"},"('Firmantes', 'DISTRITO')":{"('0034-S-2016', 0)":"CHACO"},"('Firmantes', 'BLOQUE')":{"('0034-S-2016', 0)":"UCR"},"('Tramites', 'C\u00c1MARA')":{"('0034-S-2016', 0)":"Senado"},"('Tramites', 'MOVIMIENTO')":{"('0034-S-2016', 0)":"REPRODUCIDO POR EXPEDIENTE 1095-S-18"},"('Tramites', 'FECHA')":{"('0034-S-2016', 0)":null},"('Tramites', 'RESULTADO')":{"('0034-S-2016', 0)":null},"Sumario":{"('0034-S-2016', 0)":"NATURALEZA JURIDICA; MISION Y OBJETIVOS; FUNCIONES; CARACTER CONSULTIVO; ATRIBUCIONES; INTEGRACION; MANDATOS; CESE; PLENARIO DE CONSEJEROS; COMISION PERMANENTE; PRESIDENCIA DEL CONSEJO; SECRETARIO GENERAL DEL CONSEJO; VICEPRESIDENTE; FUNCIONES DEL PRESIDENTE; FUNCIONES DEL SECRETARIO GENERAL; REMOCION; SESIONES Y AUDIENCIAS PUBLICAS; COMISIONES Y GRUPOS DE TRABAJO; REGIMEN ECONOMICO, FINANCIERO Y ADMINISTRATIVO; MARCO NORMATIVO Y DE CONTRALOR."},"Palabra Clave":{"('0034-S-2016', 0)":" "}}