{"Tipo de Proyecto":{"('0035-PE-2016', 0)":"MENSAJE NRO: 0140\/16 Y PROYECTO DE LEY","('0035-PE-2016', 1)":null,"('0035-PE-2016', 2)":null},"Iniciado en: ":{"('0035-PE-2016', 0)":"Diputados","('0035-PE-2016', 1)":null,"('0035-PE-2016', 2)":null},"Expediente Diputados: ":{"('0035-PE-2016', 0)":"0035-PE-2016","('0035-PE-2016', 1)":null,"('0035-PE-2016', 2)":null},"Publicado en: ":{"('0035-PE-2016', 0)":"Tr\u00e1mite Parlamentario N\u00b0 170","('0035-PE-2016', 1)":null,"('0035-PE-2016', 2)":null},"Fecha: ":{"('0035-PE-2016', 0)":"17\/11\/2016","('0035-PE-2016', 1)":null,"('0035-PE-2016', 2)":null},"T\u00edtulo":{"('0035-PE-2016', 0)":"DESARROLLO DEL MERCADO DE CAPITALES ARGENTINOS.","('0035-PE-2016', 1)":null,"('0035-PE-2016', 2)":null},"('Firmantes', 'FIRMANTE')":{"('0035-PE-2016', 0)":"MACRI, MAURICIO","('0035-PE-2016', 1)":"PE\u00d1A, MARCOS","('0035-PE-2016', 2)":"DE PRAT GAY, ALFONSO"},"('Firmantes', 'DISTRITO')":{"('0035-PE-2016', 0)":null,"('0035-PE-2016', 1)":null,"('0035-PE-2016', 2)":null},"('Firmantes', 'BLOQUE')":{"('0035-PE-2016', 0)":"PODER EJECUTIVO","('0035-PE-2016', 1)":"PODER EJECUTIVO","('0035-PE-2016', 2)":"PODER EJECUTIVO"},"('Giros', 'COMISI\u00d3N')":{"('0035-PE-2016', 0)":"FINANZAS","('0035-PE-2016', 1)":"LEGISLACION GENERAL","('0035-PE-2016', 2)":"PRESUPUESTO Y HACIENDA"},"Sumario":{"('0035-PE-2016', 0)":"MODIFICACION DE LA LEY 26831 (MERCADO DE CAPITALES): MODIFICACION DE LOS ARTICULOS 1, 2, 3, 4, 9, 11, 12, 14, 16, 17, 18, 19, 20, 23, 29, 30, 31, 36, 36, 39, 40, 45, 47, 52, 53, 55, 56, 57, 79, 82, 83, 84, 86, 87, 88, 89, 90, 91, 93, 94, 96, 97, 98, 99, 105, 106, 107, 108, 109, 111, 119, 132, 133, 134, 135, 138, 139, 140, 143, 144, 145 Y 153; DEROGACION DE LOS ARTICULOS 42 Y 85, INCORPORACION DEL ARTICULO 62 BIS; MODIFICACION DE LA LEY 24083 DE FONDOS COMUNES DE INVERSION: MODIFICACION DE LOS ARTICULOS 1, 2, 3, 4, 5, 6, 7, 8, 11, 12, 14, 15, 16, 17, 18, 19, 20, 22, 23, 24, 25, 26, 27, 28, 29, 32, 33, 34, 35, 38, INCORPORACION DE LOS ARTICULOS 4 BIS, 7 BIS Y 24 TER, DEROGACION DE LOS ARTICULOS 21, 30, 31, 36, 37 Y 39; MODIFICACION DE LA LEY 23576 (OBLIGACIONES NEGOCIABLES): MODIFICACION DE LOS ARTICULOS 1, 3, 4, 7, 9, 10, 11, 13, 14, 29, 31, 33 Y 36; MODIFICACION DE LA LEY 20643 (REGIMEN PARA LA COMPRA DE TITULOS VALORES PRIVADOS): MODIFICACION DE LOS ARTICULOS 30, 31, 32, 33, 34, 35, 36, 37, 38, 40, 41, 42,  43, 44,46, 47, 48, 49, 50, 52, 53, 54, 55, 56, 58, 59, 60 INCORPORACION DE LOS  ARTICULOS 31 BIS, 60, DEROGACION DE LOS ARTICULOS 45 Y  57; REGULACION DE LOS INSTRUMENTOS DERIVADOS; MODIFICACION DE LA LEY 27264 (PROGRAMA DE RECUPERACION PRODUCTIVA): MODIFICACION DE LOS ARTICULOS 51, 52, 53, 54, 55; MODIFICACION DE LA LEY 25246 (LAVADO DE ACTIVO DE ORIGEN DELICTIVO): MODIFICACION DEL ARTICULO 20; FOMENTO DE FINANCIAMIENTO A PEQUE\u00d1AS Y MEDIANAS EMPRESAS (PYMES); CREACION DE REGISTRO DE TITULOS EMITIDOS; SANCIONES; PROGRAMA DE INCLUSION FINANCIERA; AGENTES DE GARANTIA DE FINANCIAMIENTOS SINDICADOS; MODIFICACIONES IMPOSITIVAS; SUSTITUCION DEL ULTIMO PARRAFO DEL ARTICULO INCORPORADO A CONTINUACION DEL ARTICULO 69 DE LA LEY DE IMPUESTO A LAS GANANCIAS; SISTEMA DE FINANCIAMIENTO COLECTIVO.","('0035-PE-2016', 1)":null,"('0035-PE-2016', 2)":null},"Palabra Clave":{"('0035-PE-2016', 0)":" ","('0035-PE-2016', 1)":null,"('0035-PE-2016', 2)":null}}