{"Tipo de Proyecto":{"('0035-S-2016', 0)":"PROYECTO DE LEY"},"Iniciado en: ":{"('0035-S-2016', 0)":"Senado"},"Expediente Senado: ":{"('0035-S-2016', 0)":"0035-S-2016"},"Publicado en: ":{"('0035-S-2016', 0)":"Diario de Asuntos Entrados N\u00b0 2"},"Fecha: ":{"('0035-S-2016', 0)":"02\/03\/2016"},"T\u00edtulo":{"('0035-S-2016', 0)":"CONVOCAR A UN PACTO NACIONAL EDUCATIVO COMO POLITICA DE ESTADO PARA EL QUINQUENIO 2015-202 (REPRODUCCION DEL EXPEDIENTE 0838-S-14)."},"('Firmantes', 'FIRMANTE')":{"('0035-S-2016', 0)":"ROZAS, ANGEL"},"('Firmantes', 'DISTRITO')":{"('0035-S-2016', 0)":"CHACO"},"('Firmantes', 'BLOQUE')":{"('0035-S-2016', 0)":"UCR"},"('Tramites', 'C\u00c1MARA')":{"('0035-S-2016', 0)":"Senado"},"('Tramites', 'MOVIMIENTO')":{"('0035-S-2016', 0)":"REPRODUCIDO POR EXPEDIENTE 1080-S-18"},"('Tramites', 'FECHA')":{"('0035-S-2016', 0)":null},"('Tramites', 'RESULTADO')":{"('0035-S-2016', 0)":null},"Sumario":{"('0035-S-2016', 0)":"OBJETIVOS; COMISION ORGANIZADORA: INTEGRADA POR MINISTRO DE EDUCACION DE LA NACION, PRESIDENTES Y VICEPRESIDENTES DE LAS COMISIONES DE EDUCACION DEL SENADO Y DE LA CAMARA DE DIPUTADOS DE LA NACION, LOS MINISTROS DE EDUCACION DE LAS PROVINCIAS Y DE LA CIUDAD AUTONOMA DE BUENOS AIRES, LOS SECRETARIOS Y SUBSECRETARIOS DEL MINISTERIO DE EDUCACION DE LA NACION, UN REPRESENTANTE DE LOS MINISTERIOS DE ECONOMIA Y DE TRABAJO Y SEGURIDAD SOCIAL DE LA NACION. \nAUDIENCIAS PUBLICAS A CARGO DE LAS COMISIONES DE EDUCACION DEL SENADO Y DE LA CAMARA DE DIPUTADOS DE LA NACION."},"Palabra Clave":{"('0035-S-2016', 0)":" "}}