{"Tipo de Proyecto":{"('0035-JGM-2016', 0)":"MENSAJE NRO: 0010\/17","('0035-JGM-2016', 1)":null},"Iniciado en: ":{"('0035-JGM-2016', 0)":"Diputados","('0035-JGM-2016', 1)":null},"Expediente Diputados: ":{"('0035-JGM-2016', 0)":"0035-JGM-2016","('0035-JGM-2016', 1)":null},"Publicado en: ":{"('0035-JGM-2016', 0)":"Tr\u00e1mite Parlamentario N\u00b0 192","('0035-JGM-2016', 1)":null},"Fecha: ":{"('0035-JGM-2016', 0)":"09\/02\/2017","('0035-JGM-2016', 1)":null},"T\u00edtulo":{"('0035-JGM-2016', 0)":"COMUNICACION DEL DECRETO DE NECESIDAD Y URGENCIA N\u00b0 80 DEL 31 DE ENERO DE 2017 POR EL CUAL SE SUSTITUYE EL ARTICULO 4\u00b0 DEL DECRETO 1584\/10 MODIFICADO POR EL DECRETO 52\/17 SOBRE FERIADOS NACIONALES, RESTABLECIENDO LA INAMOVILIDAD DE LAS FECHAS 24 DE MARZO, 2 DE ABRIL Y 20 DE JUNIO.","('0035-JGM-2016', 1)":null},"('Firmantes', 'FIRMANTE')":{"('0035-JGM-2016', 0)":"PE\u00d1A, MARCOS","('0035-JGM-2016', 1)":"FRIGERIO, ROGELIO"},"('Firmantes', 'DISTRITO')":{"('0035-JGM-2016', 0)":null,"('0035-JGM-2016', 1)":null},"('Firmantes', 'BLOQUE')":{"('0035-JGM-2016', 0)":"PODER EJECUTIVO","('0035-JGM-2016', 1)":"PODER EJECUTIVO"},"('Giros', 'COMISI\u00d3N')":{"('0035-JGM-2016', 0)":"BICAMERAL PERMANENTE DE TRAMITE LEGISLATIVO - LEY 26122","('0035-JGM-2016', 1)":null},"Palabra Clave":{"('0035-JGM-2016', 0)":" ","('0035-JGM-2016', 1)":null}}