{"Tipo de Proyecto":{"('0036-PE-2016', 0)":"MENSAJE NRO: 0142\/16 Y PROYECTO DE LEY","('0036-PE-2016', 1)":null,"('0036-PE-2016', 2)":null,"('0036-PE-2016', 3)":null,"('0036-PE-2016', 4)":null,"('0036-PE-2016', 5)":null,"('0036-PE-2016', 6)":null,"('0036-PE-2016', 7)":null,"('0036-PE-2016', 8)":null,"('0036-PE-2016', 9)":null,"('0036-PE-2016', 10)":null,"('0036-PE-2016', 11)":null,"('0036-PE-2016', 12)":null,"('0036-PE-2016', 13)":null,"('0036-PE-2016', 14)":null},"Iniciado en: ":{"('0036-PE-2016', 0)":"Diputados","('0036-PE-2016', 1)":null,"('0036-PE-2016', 2)":null,"('0036-PE-2016', 3)":null,"('0036-PE-2016', 4)":null,"('0036-PE-2016', 5)":null,"('0036-PE-2016', 6)":null,"('0036-PE-2016', 7)":null,"('0036-PE-2016', 8)":null,"('0036-PE-2016', 9)":null,"('0036-PE-2016', 10)":null,"('0036-PE-2016', 11)":null,"('0036-PE-2016', 12)":null,"('0036-PE-2016', 13)":null,"('0036-PE-2016', 14)":null},"Expediente Diputados: ":{"('0036-PE-2016', 0)":"0036-PE-2016","('0036-PE-2016', 1)":null,"('0036-PE-2016', 2)":null,"('0036-PE-2016', 3)":null,"('0036-PE-2016', 4)":null,"('0036-PE-2016', 5)":null,"('0036-PE-2016', 6)":null,"('0036-PE-2016', 7)":null,"('0036-PE-2016', 8)":null,"('0036-PE-2016', 9)":null,"('0036-PE-2016', 10)":null,"('0036-PE-2016', 11)":null,"('0036-PE-2016', 12)":null,"('0036-PE-2016', 13)":null,"('0036-PE-2016', 14)":null},"Expediente Senado: ":{"('0036-PE-2016', 0)":"0105-CD-2016","('0036-PE-2016', 1)":null,"('0036-PE-2016', 2)":null,"('0036-PE-2016', 3)":null,"('0036-PE-2016', 4)":null,"('0036-PE-2016', 5)":null,"('0036-PE-2016', 6)":null,"('0036-PE-2016', 7)":null,"('0036-PE-2016', 8)":null,"('0036-PE-2016', 9)":null,"('0036-PE-2016', 10)":null,"('0036-PE-2016', 11)":null,"('0036-PE-2016', 12)":null,"('0036-PE-2016', 13)":null,"('0036-PE-2016', 14)":null},"Publicado en: ":{"('0036-PE-2016', 0)":"Tr\u00e1mite Parlamentario N\u00b0 174","('0036-PE-2016', 1)":null,"('0036-PE-2016', 2)":null,"('0036-PE-2016', 3)":null,"('0036-PE-2016', 4)":null,"('0036-PE-2016', 5)":null,"('0036-PE-2016', 6)":null,"('0036-PE-2016', 7)":null,"('0036-PE-2016', 8)":null,"('0036-PE-2016', 9)":null,"('0036-PE-2016', 10)":null,"('0036-PE-2016', 11)":null,"('0036-PE-2016', 12)":null,"('0036-PE-2016', 13)":null,"('0036-PE-2016', 14)":null},"Fecha: ":{"('0036-PE-2016', 0)":"22\/11\/2016","('0036-PE-2016', 1)":null,"('0036-PE-2016', 2)":null,"('0036-PE-2016', 3)":null,"('0036-PE-2016', 4)":null,"('0036-PE-2016', 5)":null,"('0036-PE-2016', 6)":null,"('0036-PE-2016', 7)":null,"('0036-PE-2016', 8)":null,"('0036-PE-2016', 9)":null,"('0036-PE-2016', 10)":null,"('0036-PE-2016', 11)":null,"('0036-PE-2016', 12)":null,"('0036-PE-2016', 13)":null,"('0036-PE-2016', 14)":null},"T\u00edtulo":{"('0036-PE-2016', 0)":"MODIFICACION DE LAS DEDUCCIONES Y ESCALAS DEL ARTICULO 23 DE LA LEY DE IMPUESTO A LAS GANANCIAS LEY 20628 (TO. 1997), SUSTITUCION DEL ARTICULO 90 CON EFECTOS A PARTIR DEL 1\/1\/2017 AL 31\/12\/2017, SUSTITUCION DE LAS ESCALAS DEL ARTICULO 90.","('0036-PE-2016', 1)":null,"('0036-PE-2016', 2)":null,"('0036-PE-2016', 3)":null,"('0036-PE-2016', 4)":null,"('0036-PE-2016', 5)":null,"('0036-PE-2016', 6)":null,"('0036-PE-2016', 7)":null,"('0036-PE-2016', 8)":null,"('0036-PE-2016', 9)":null,"('0036-PE-2016', 10)":null,"('0036-PE-2016', 11)":null,"('0036-PE-2016', 12)":null,"('0036-PE-2016', 13)":null,"('0036-PE-2016', 14)":null},"('Firmantes', 'FIRMANTE')":{"('0036-PE-2016', 0)":"MACRI, MAURICIO","('0036-PE-2016', 1)":"PE\u00d1A, MARCOS","('0036-PE-2016', 2)":"DE PRAT GAY, ALFONSO","('0036-PE-2016', 3)":null,"('0036-PE-2016', 4)":null,"('0036-PE-2016', 5)":null,"('0036-PE-2016', 6)":null,"('0036-PE-2016', 7)":null,"('0036-PE-2016', 8)":null,"('0036-PE-2016', 9)":null,"('0036-PE-2016', 10)":null,"('0036-PE-2016', 11)":null,"('0036-PE-2016', 12)":null,"('0036-PE-2016', 13)":null,"('0036-PE-2016', 14)":null},"('Firmantes', 'DISTRITO')":{"('0036-PE-2016', 0)":null,"('0036-PE-2016', 1)":null,"('0036-PE-2016', 2)":null,"('0036-PE-2016', 3)":null,"('0036-PE-2016', 4)":null,"('0036-PE-2016', 5)":null,"('0036-PE-2016', 6)":null,"('0036-PE-2016', 7)":null,"('0036-PE-2016', 8)":null,"('0036-PE-2016', 9)":null,"('0036-PE-2016', 10)":null,"('0036-PE-2016', 11)":null,"('0036-PE-2016', 12)":null,"('0036-PE-2016', 13)":null,"('0036-PE-2016', 14)":null},"('Firmantes', 'BLOQUE')":{"('0036-PE-2016', 0)":"PODER EJECUTIVO","('0036-PE-2016', 1)":"PODER EJECUTIVO","('0036-PE-2016', 2)":"PODER EJECUTIVO","('0036-PE-2016', 3)":null,"('0036-PE-2016', 4)":null,"('0036-PE-2016', 5)":null,"('0036-PE-2016', 6)":null,"('0036-PE-2016', 7)":null,"('0036-PE-2016', 8)":null,"('0036-PE-2016', 9)":null,"('0036-PE-2016', 10)":null,"('0036-PE-2016', 11)":null,"('0036-PE-2016', 12)":null,"('0036-PE-2016', 13)":null,"('0036-PE-2016', 14)":null},"('Giros', 'COMISI\u00d3N')":{"('0036-PE-2016', 0)":"PRESUPUESTO Y HACIENDA","('0036-PE-2016', 1)":null,"('0036-PE-2016', 2)":null,"('0036-PE-2016', 3)":null,"('0036-PE-2016', 4)":null,"('0036-PE-2016', 5)":null,"('0036-PE-2016', 6)":null,"('0036-PE-2016', 7)":null,"('0036-PE-2016', 8)":null,"('0036-PE-2016', 9)":null,"('0036-PE-2016', 10)":null,"('0036-PE-2016', 11)":null,"('0036-PE-2016', 12)":null,"('0036-PE-2016', 13)":null,"('0036-PE-2016', 14)":null},"('Tramites', 'C\u00c1MARA')":{"('0036-PE-2016', 0)":"Diputados","('0036-PE-2016', 1)":"Diputados","('0036-PE-2016', 2)":"Diputados","('0036-PE-2016', 3)":"Diputados","('0036-PE-2016', 4)":"Diputados","('0036-PE-2016', 5)":"Diputados","('0036-PE-2016', 6)":"Diputados","('0036-PE-2016', 7)":"Senado","('0036-PE-2016', 8)":"Senado","('0036-PE-2016', 9)":"Senado","('0036-PE-2016', 10)":"Senado","('0036-PE-2016', 11)":"Diputados","('0036-PE-2016', 12)":"Diputados","('0036-PE-2016', 13)":"Diputados","('0036-PE-2016', 14)":"Diputados"},"('Tramites', 'MOVIMIENTO')":{"('0036-PE-2016', 0)":"CONSIDERACION","('0036-PE-2016', 1)":"MOCION CIERRE DE DEBATE (AFIRMATIVA)","('0036-PE-2016', 2)":"RECHAZO DEL DICTAMEN DE MAYORIA","('0036-PE-2016', 3)":"CONTINUA CONSIDERACION Y APROBACION DE DICTAMEN DE MINORIA CON MODIFICACIONES","('0036-PE-2016', 4)":"INSERCIONES","('0036-PE-2016', 5)":"SOLICITUD SE COMUNIQUE EN FORMA INMEDIATA AL H SENADO","('0036-PE-2016', 6)":"FE DE ERRATAS","('0036-PE-2016', 7)":"PASA A SENADO -","('0036-PE-2016', 8)":"MOCION SOBRE TABLAS (AFIRMATIVA)","('0036-PE-2016', 9)":"CONSIDERACION Y APROBACION CON MODIFICACIONES","('0036-PE-2016', 10)":"INSERCIONES","('0036-PE-2016', 11)":"VUELVE A DIPUTADOS -","('0036-PE-2016', 12)":"MOCION DE ORDEN TRATAMIENTO EN PRIMER LUGAR DEL DICTAMEN DE MINORIA (NEGATIVA)","('0036-PE-2016', 13)":"CONSIDERACION Y SANCION","('0036-PE-2016', 14)":"INSERCIONES"},"('Tramites', 'FECHA')":{"('0036-PE-2016', 0)":"06\/12\/2016","('0036-PE-2016', 1)":"06\/12\/2016","('0036-PE-2016', 2)":"06\/12\/2016","('0036-PE-2016', 3)":"06\/12\/2016","('0036-PE-2016', 4)":"06\/12\/2016","('0036-PE-2016', 5)":null,"('0036-PE-2016', 6)":null,"('0036-PE-2016', 7)":null,"('0036-PE-2016', 8)":"21\/12\/2016","('0036-PE-2016', 9)":"21\/12\/2016","('0036-PE-2016', 10)":"21\/12\/2016","('0036-PE-2016', 11)":null,"('0036-PE-2016', 12)":"22\/12\/2016","('0036-PE-2016', 13)":"22\/12\/2016","('0036-PE-2016', 14)":"22\/12\/2016"},"('Tramites', 'RESULTADO')":{"('0036-PE-2016', 0)":null,"('0036-PE-2016', 1)":null,"('0036-PE-2016', 2)":null,"('0036-PE-2016', 3)":"MEDIA SANCION","('0036-PE-2016', 4)":null,"('0036-PE-2016', 5)":null,"('0036-PE-2016', 6)":null,"('0036-PE-2016', 7)":null,"('0036-PE-2016', 8)":null,"('0036-PE-2016', 9)":"MEDIA SANCION","('0036-PE-2016', 10)":null,"('0036-PE-2016', 11)":null,"('0036-PE-2016', 12)":null,"('0036-PE-2016', 13)":"SANCIONADO","('0036-PE-2016', 14)":null},"Link":{"('0036-PE-2016', 0)":"http:\/\/www.senado.gov.ar\/web\/proyectos\/verExpe.php?origen=CD&nro_comision=&tipo=PL&numexp=105\/16&tConsulta=5","('0036-PE-2016', 1)":null,"('0036-PE-2016', 2)":null,"('0036-PE-2016', 3)":null,"('0036-PE-2016', 4)":null,"('0036-PE-2016', 5)":null,"('0036-PE-2016', 6)":null,"('0036-PE-2016', 7)":null,"('0036-PE-2016', 8)":null,"('0036-PE-2016', 9)":null,"('0036-PE-2016', 10)":null,"('0036-PE-2016', 11)":null,"('0036-PE-2016', 12)":null,"('0036-PE-2016', 13)":null,"('0036-PE-2016', 14)":null},"Palabra Clave":{"('0036-PE-2016', 0)":" ","('0036-PE-2016', 1)":null,"('0036-PE-2016', 2)":null,"('0036-PE-2016', 3)":null,"('0036-PE-2016', 4)":null,"('0036-PE-2016', 5)":null,"('0036-PE-2016', 6)":null,"('0036-PE-2016', 7)":null,"('0036-PE-2016', 8)":null,"('0036-PE-2016', 9)":null,"('0036-PE-2016', 10)":null,"('0036-PE-2016', 11)":null,"('0036-PE-2016', 12)":null,"('0036-PE-2016', 13)":null,"('0036-PE-2016', 14)":null}}