{"Tipo de Proyecto":{"('0038-PE-2016', 0)":"MENSAJE NRO: 0144\/16 Y PROYECTO DE LEY","('0038-PE-2016', 1)":null,"('0038-PE-2016', 2)":null},"Iniciado en: ":{"('0038-PE-2016', 0)":"Diputados","('0038-PE-2016', 1)":null,"('0038-PE-2016', 2)":null},"Expediente Diputados: ":{"('0038-PE-2016', 0)":"0038-PE-2016","('0038-PE-2016', 1)":null,"('0038-PE-2016', 2)":null},"Publicado en: ":{"('0038-PE-2016', 0)":"Tr\u00e1mite Parlamentario N\u00b0 179","('0038-PE-2016', 1)":null,"('0038-PE-2016', 2)":null},"Fecha: ":{"('0038-PE-2016', 0)":"30\/11\/2016","('0038-PE-2016', 1)":null,"('0038-PE-2016', 2)":null},"T\u00edtulo":{"('0038-PE-2016', 0)":"MODIFICACION DEL DECRETO 1584\/2010, DE FERIADOS NACIONALES Y DIAS NO LABORABLES.","('0038-PE-2016', 1)":null,"('0038-PE-2016', 2)":null},"('Firmantes', 'FIRMANTE')":{"('0038-PE-2016', 0)":"MACRI, MAURICIO","('0038-PE-2016', 1)":"PE\u00d1A, MARCOS","('0038-PE-2016', 2)":"FRIGERIO, ROGELIO"},"('Firmantes', 'DISTRITO')":{"('0038-PE-2016', 0)":null,"('0038-PE-2016', 1)":null,"('0038-PE-2016', 2)":null},"('Firmantes', 'BLOQUE')":{"('0038-PE-2016', 0)":"PODER EJECUTIVO","('0038-PE-2016', 1)":"PODER EJECUTIVO","('0038-PE-2016', 2)":"PODER EJECUTIVO"},"('Giros', 'COMISI\u00d3N')":{"('0038-PE-2016', 0)":"LEGISLACION GENERAL","('0038-PE-2016', 1)":null,"('0038-PE-2016', 2)":null},"Sumario":{"('0038-PE-2016', 0)":"ELIMINACION DE FERIADOS CON FINES TURISTICOS; TRASLADO DE LOS FERIADOS NACIONALES CUYAS FECHAS COINCIDAN CON LOS DIAS MARTES Y MIERCOLES AL DIA LUNES ANTERIOR Y LOS QUE COINCIDAN CON DIAS JUEVES Y VIERNES AL LUNES PROXIMO, EXCEPTUANDO NECESARIAMENTE ALGUNOS FERIADOS QUE POR SU SIGNIFICADO HISTORICO O POR TRATARSE DE FECHAS RELIGIOSAS O INTERNACIONALMENTE RECONOCIDAS, RESULTA INCONVENIENTE TRASLADAR (VIERNES SANTO, 1 DE MAYO, 25 DE MAYO, 9 DE JULIO, 8 DE DICIEMBRE, 25 DE DICIEMBRE Y 1 DE ENERO).","('0038-PE-2016', 1)":null,"('0038-PE-2016', 2)":null},"Palabra Clave":{"('0038-PE-2016', 0)":" ","('0038-PE-2016', 1)":null,"('0038-PE-2016', 2)":null}}