{"Tipo de Proyecto":{"('0038-JGM-2016', 0)":"MENSAJE NRO: 0013\/17","('0038-JGM-2016', 1)":null},"Iniciado en: ":{"('0038-JGM-2016', 0)":"Diputados","('0038-JGM-2016', 1)":null},"Expediente Diputados: ":{"('0038-JGM-2016', 0)":"0038-JGM-2016","('0038-JGM-2016', 1)":null},"Publicado en: ":{"('0038-JGM-2016', 0)":"Tr\u00e1mite Parlamentario N\u00b0 196","('0038-JGM-2016', 1)":null},"Fecha: ":{"('0038-JGM-2016', 0)":"23\/02\/2017","('0038-JGM-2016', 1)":null},"T\u00edtulo":{"('0038-JGM-2016', 0)":"COMUNICACION DEL DECRETO DE NECESIDAD Y URGENCIA 102\/17, POR EL CUAL SE MODIFICA EL DECRETO DE 256\/15, ESTABLECIENDO QUE LA DIRECCION DE ASISTENCIA JUDICIAL EN DELITOS COMPLEJOS Y CRIMEN ORGANIZADO DEL PODER JUDICIAL DE LA NACION ESTARA A CARGO DE DOS JUECES PENALES CON RANGO DE JUEZ DE CAMARA.","('0038-JGM-2016', 1)":null},"('Firmantes', 'FIRMANTE')":{"('0038-JGM-2016', 0)":"PE\u00d1A, MARCOS","('0038-JGM-2016', 1)":"BULLRICH, PATRICIA"},"('Firmantes', 'DISTRITO')":{"('0038-JGM-2016', 0)":null,"('0038-JGM-2016', 1)":null},"('Firmantes', 'BLOQUE')":{"('0038-JGM-2016', 0)":"PODER EJECUTIVO","('0038-JGM-2016', 1)":"PODER EJECUTIVO"},"('Giros', 'COMISI\u00d3N')":{"('0038-JGM-2016', 0)":"BICAMERAL PERMANENTE DE TRAMITE LEGISLATIVO - LEY 26122","('0038-JGM-2016', 1)":null},"('Tramites', 'C\u00c1MARA')":{"('0038-JGM-2016', 0)":"Diputados","('0038-JGM-2016', 1)":"Diputados"},"('Tramites', 'MOVIMIENTO')":{"('0038-JGM-2016', 0)":"VER TRAMITE DEL DECRETO EN SENADO EN EXPEDIENTE 0879-S-2017","('0038-JGM-2016', 1)":"VER TRAMITE DEL DECRETO EN SENADO EN EXPEDIENTE 1033-S-2020"},"('Tramites', 'FECHA')":{"('0038-JGM-2016', 0)":null,"('0038-JGM-2016', 1)":null},"('Tramites', 'RESULTADO')":{"('0038-JGM-2016', 0)":null,"('0038-JGM-2016', 1)":null},"Palabra Clave":{"('0038-JGM-2016', 0)":" ","('0038-JGM-2016', 1)":null}}