{"Tipo de Proyecto":{"('0039-D-2016', 0)":"PROYECTO DE RESOLUCI\u00d3N"},"Iniciado en: ":{"('0039-D-2016', 0)":"Diputados"},"Expediente Diputados: ":{"('0039-D-2016', 0)":"0039-D-2016"},"Publicado en: ":{"('0039-D-2016', 0)":"Tr\u00e1mite Parlamentario N\u00b0 1"},"Fecha: ":{"('0039-D-2016', 0)":"01\/03\/2016"},"T\u00edtulo":{"('0039-D-2016', 0)":"DECLARAR DE INTERES DE LA H. CAMARA EL DESARROLLO DEL PORTAL  DE INTERNET DE EVALUACION DE RIESGO ECOTOXICOLOGICO DE PESTICIDAS - RIPEST 2.0 - A CARGO DE INVESTIGADORES Y DOCENTES DE LA FACULTAD DE AGRONOMIA DE BUENOS AIRES - FAUBA - "},"('Firmantes', 'FIRMANTE')":{"('0039-D-2016', 0)":"TOMASSI, NESTOR NICOLAS"},"('Firmantes', 'DISTRITO')":{"('0039-D-2016', 0)":"CATAMARCA"},"('Firmantes', 'BLOQUE')":{"('0039-D-2016', 0)":"JUSTICIALISTA"},"('Giros', 'COMISI\u00d3N')":{"('0039-D-2016', 0)":"CIENCIA, TECNOLOGIA E INNOVACION PRODUCTIVA"},"('Tramites', 'C\u00c1MARA')":{"('0039-D-2016', 0)":"Diputados"},"('Tramites', 'MOVIMIENTO')":{"('0039-D-2016', 0)":"APROBACION ARTICULO 114 DEL REGLAMENTO DE LA H CAMARA DE DIPUTADOS; COMUNICADO EL 04\/07\/2016"},"('Tramites', 'FECHA')":{"('0039-D-2016', 0)":null},"('Tramites', 'RESULTADO')":{"('0039-D-2016', 0)":"APROBADO"},"Link":{"('0039-D-2016', 0)":"https:\/\/www.hcdn.gob.ar\/proyectos\/textoCompleto.jsp?exp=0039-D-2016&tipo=RESOLUCION"},"Palabra Clave":{"('0039-D-2016', 0)":" "}}