{"Tipo de Proyecto":{"('0039-S-2016', 0)":"PROYECTO DE LEY"},"Iniciado en: ":{"('0039-S-2016', 0)":"Senado"},"Expediente Senado: ":{"('0039-S-2016', 0)":"0039-S-2016"},"Publicado en: ":{"('0039-S-2016', 0)":"Diario de Asuntos Entrados N\u00b0 2"},"Fecha: ":{"('0039-S-2016', 0)":"02\/03\/2016"},"T\u00edtulo":{"('0039-S-2016', 0)":"PRESUPUESTOS MINIMOS DE ORDENAMIENTO TERRITORIAL (REPRODUCCION DEL EXPEDIENTE 1229-S-14)."},"('Firmantes', 'FIRMANTE')":{"('0039-S-2016', 0)":"ROZAS, ANGEL"},"('Firmantes', 'DISTRITO')":{"('0039-S-2016', 0)":"CHACO"},"('Firmantes', 'BLOQUE')":{"('0039-S-2016', 0)":"UCR"},"('Tramites', 'C\u00c1MARA')":{"('0039-S-2016', 0)":"Senado"},"('Tramites', 'MOVIMIENTO')":{"('0039-S-2016', 0)":"REPRODUCIDO POR EXPEDIENTE 1094-S-18"},"('Tramites', 'FECHA')":{"('0039-S-2016', 0)":null},"('Tramites', 'RESULTADO')":{"('0039-S-2016', 0)":null},"Sumario":{"('0039-S-2016', 0)":"OBJETO; DEFINICIONES; PRINCIPIOS GENERALES DE PLANIFICACION; INSTRUMENTOS Y CONTENIDOS DE LA PLANIFICACION TERRITORIAL; OBRAS PUBLICAS Y ACUERDOS DEL PROGRAMA; EXPROPIACION PARA UTILIDAD PUBLICA; APORTES; INVITACION A ADHERIR;  (ANEXO: CONTENIDOS DE LA PLANIFICACION)."},"Palabra Clave":{"('0039-S-2016', 0)":" "}}