{"Tipo de Proyecto":{"('0039-PE-2016', 0)":"MENSAJE NRO: 0155\/16","('0039-PE-2016', 1)":null},"Iniciado en: ":{"('0039-PE-2016', 0)":"Diputados","('0039-PE-2016', 1)":null},"Expediente Diputados: ":{"('0039-PE-2016', 0)":"0039-PE-2016","('0039-PE-2016', 1)":null},"Publicado en: ":{"('0039-PE-2016', 0)":"Tr\u00e1mite Parlamentario N\u00b0 183","('0039-PE-2016', 1)":null},"Fecha: ":{"('0039-PE-2016', 0)":"06\/12\/2016","('0039-PE-2016', 1)":null},"T\u00edtulo":{"('0039-PE-2016', 0)":"COMUNICACION DEL DECRETO 1229\/ 2016: AMPLIACION DEL TEMARIO DE PROYECTOS A TRATARSE EN SESIONES EXTRAORDINARIAS.","('0039-PE-2016', 1)":null},"('Firmantes', 'FIRMANTE')":{"('0039-PE-2016', 0)":"MACRI, MAURICIO","('0039-PE-2016', 1)":"PE\u00d1A, MARCOS"},"('Firmantes', 'DISTRITO')":{"('0039-PE-2016', 0)":null,"('0039-PE-2016', 1)":null},"('Firmantes', 'BLOQUE')":{"('0039-PE-2016', 0)":"PODER EJECUTIVO","('0039-PE-2016', 1)":"PODER EJECUTIVO"},"('Giros', 'COMISI\u00d3N')":{"('0039-PE-2016', 0)":"A LA PRESIDENCIA","('0039-PE-2016', 1)":null},"Sumario":{"('0039-PE-2016', 0)":"TEMARIO: PROYECTO DE LEY POR EL QUE SE PRORROGA LA EMERGENCIA SOCIAL HASTA EL 31 DE DICIEMBRE DE 2019, EN LOS TERMINOS DE LA LEY 27200. (8438-D-2016) \nACUERDOS PARA LA PROMOCION DE PERSONAL SUPERIOR DE LAS FUERZAS ARMADAS. \nPROYECTO DE LEY POR EL CUAL SE MODIFICA EL CODIGO PENAL, INCORPORANDO LOS ARTICULOS 197 BIS Y 197 TER, SOBRE PERSONAS QUE CONDUZCAN AUTOMOTORES EN ESTADO DE EBRIEDAD O ALCOHOLIZADO. (0075-D-2014) \nPROYECTO DE LEY POR EL QUE SE CREA EL FONDO EDUCATIVO DE ACONDICIONAMIENTO EDILICIO DEL NORTE ARGENTINO, QUE REUNE LAS PROVINCIAS DEL NEA Y DEL NOA (1009-S-2016) \nPROYECTO DE LEY POR EL QUE SE APRUEBA EL PROTOCOLO DE ENMIENDA AL ACUERDO DE MARRAKECH POR EL QUE SE ESTABLECE LA ORGANIZACION MUNDIAL DEL COMERCIO, HECHO EN LA CIUDAD DE GINEBRA, CONFEDERACION SUIZA, EL 27 DE NOVIEMBRE DE 2014. (0227-PE-2016) \nPROYECTO DE LEY POR EL QUE SE ESTABLECE UN NUEVO REGIMEN DE FERIADOS NACIONALES Y DIAS NO LABORABLES EN TODO EL TERRITORIO NACIONAL. (0038-PE-2016)","('0039-PE-2016', 1)":null},"Palabra Clave":{"('0039-PE-2016', 0)":" ","('0039-PE-2016', 1)":null}}