{"Tipo de Proyecto":{"('0041-S-2016', 0)":"PROYECTO DE LEY","('0041-S-2016', 1)":null},"Iniciado en: ":{"('0041-S-2016', 0)":"Senado","('0041-S-2016', 1)":null},"Expediente Senado: ":{"('0041-S-2016', 0)":"0041-S-2016","('0041-S-2016', 1)":null},"Publicado en: ":{"('0041-S-2016', 0)":"Diario de Asuntos Entrados N\u00b0 2","('0041-S-2016', 1)":null},"Fecha: ":{"('0041-S-2016', 0)":"02\/03\/2016","('0041-S-2016', 1)":null},"T\u00edtulo":{"('0041-S-2016', 0)":"MODIFICACION DE LA LEY 23351 ( BIBLIOTECAS POPULARES), RESPECTO DE REGULARIZAR AL PERSONAL QUE PRESTA SERVICIOS EN LAS MISMAS.","('0041-S-2016', 1)":null},"('Firmantes', 'FIRMANTE')":{"('0041-S-2016', 0)":"SACNUN, MARIA DE LOS ANGELES","('0041-S-2016', 1)":null},"('Firmantes', 'DISTRITO')":{"('0041-S-2016', 0)":"SANTA FE","('0041-S-2016', 1)":null},"('Firmantes', 'BLOQUE')":{"('0041-S-2016', 0)":"FRENTE PARA LA VICTORIA - PJ","('0041-S-2016', 1)":null},"('Tramites', 'C\u00c1MARA')":{"('0041-S-2016', 0)":"Senado","('0041-S-2016', 1)":"Senado"},"('Tramites', 'MOVIMIENTO')":{"('0041-S-2016', 0)":"MOCION DE PREFERENCIA PARA LA PROXIMA SESION CON DICTAMEN (AFIRMATIVA)","('0041-S-2016', 1)":"REPRODUCIDO POR EXPEDIENTE 0388-S-18"},"('Tramites', 'FECHA')":{"('0041-S-2016', 0)":"07\/09\/2017","('0041-S-2016', 1)":null},"('Tramites', 'RESULTADO')":{"('0041-S-2016', 0)":null,"('0041-S-2016', 1)":null},"Sumario":{"('0041-S-2016', 0)":"SUSTITUCION DEL ARTICULO 5; INCORPORACION DE UN PARRAFO AL ARTICULO 8.","('0041-S-2016', 1)":null},"Palabra Clave":{"('0041-S-2016', 0)":" ","('0041-S-2016', 1)":null}}