{"Tipo de Proyecto":{"('0041-D-2016', 0)":"PROYECTO DE DECLARACI\u00d3N"},"Iniciado en: ":{"('0041-D-2016', 0)":"Diputados"},"Expediente Diputados: ":{"('0041-D-2016', 0)":"0041-D-2016"},"Publicado en: ":{"('0041-D-2016', 0)":"Tr\u00e1mite Parlamentario N\u00b0 1"},"Fecha: ":{"('0041-D-2016', 0)":"01\/03\/2016"},"T\u00edtulo":{"('0041-D-2016', 0)":"EXPRESAR PREOCUPACION POR EL CAMBIO DE AEROPUERTO PARA LOS SERVICIOS AEREOS ENTRE CAPITAL FEDERAL Y LA PROVINCIA DE CATAMARCA, Y OTRAS CUESTIONES CONEXAS."},"('Firmantes', 'FIRMANTE')":{"('0041-D-2016', 0)":"BRIZUELA DEL MORAL, EDUARDO SEGUNDO"},"('Firmantes', 'DISTRITO')":{"('0041-D-2016', 0)":"CATAMARCA"},"('Firmantes', 'BLOQUE')":{"('0041-D-2016', 0)":"FRENTE CIVICO Y SOCIAL DE CATAMARCA"},"('Giros', 'COMISI\u00d3N')":{"('0041-D-2016', 0)":"TRANSPORTES"},"Link":{"('0041-D-2016', 0)":"https:\/\/www.hcdn.gob.ar\/proyectos\/textoCompleto.jsp?exp=0041-D-2016&tipo=DECLARACION"},"Palabra Clave":{"('0041-D-2016', 0)":" "}}