{"Tipo de Proyecto":{"('0042-D-2016', 0)":"PROYECTO DE LEY","('0042-D-2016', 1)":null},"Iniciado en: ":{"('0042-D-2016', 0)":"Diputados","('0042-D-2016', 1)":null},"Expediente Diputados: ":{"('0042-D-2016', 0)":"0042-D-2016","('0042-D-2016', 1)":null},"Publicado en: ":{"('0042-D-2016', 0)":"Tr\u00e1mite Parlamentario N\u00b0 1","('0042-D-2016', 1)":null},"Fecha: ":{"('0042-D-2016', 0)":"01\/03\/2016","('0042-D-2016', 1)":null},"T\u00edtulo":{"('0042-D-2016', 0)":"REGIMEN DE LICENCIA POR 6 MESES CON GOCE DE SUELDO PARA MADRES QUE DEN A LUZ HIJOS CON DISCAPACIDAD A PARTIR DEL VENCIMIENTO DE LA LICENCIA REGULAR, SEGUN ARTICULO 177 DE LA LEY 20744 (REPRODUCCION DEL EXPEDIENTE 8479-D-14).","('0042-D-2016', 1)":null},"('Firmantes', 'FIRMANTE')":{"('0042-D-2016', 0)":"BIANCHI, IVANA MARIA","('0042-D-2016', 1)":null},"('Firmantes', 'DISTRITO')":{"('0042-D-2016', 0)":"SAN LUIS","('0042-D-2016', 1)":null},"('Firmantes', 'BLOQUE')":{"('0042-D-2016', 0)":"COMPROMISO FEDERAL","('0042-D-2016', 1)":null},"('Giros', 'COMISI\u00d3N')":{"('0042-D-2016', 0)":"LEGISLACION DEL TRABAJO","('0042-D-2016', 1)":"FAMILIA, MUJER, NI\u00d1EZ Y ADOLESCENCIA"},"Palabra Clave":{"('0042-D-2016', 0)":" ","('0042-D-2016', 1)":null}}