{"Tipo de Proyecto":{"('0043-PE-2016', 0)":"MENSAJE NRO: 0166\/16","('0043-PE-2016', 1)":null,"('0043-PE-2016', 2)":null},"Iniciado en: ":{"('0043-PE-2016', 0)":"Diputados","('0043-PE-2016', 1)":null,"('0043-PE-2016', 2)":null},"Expediente Diputados: ":{"('0043-PE-2016', 0)":"0043-PE-2016","('0043-PE-2016', 1)":null,"('0043-PE-2016', 2)":null},"Publicado en: ":{"('0043-PE-2016', 0)":"Tr\u00e1mite Parlamentario N\u00b0 189","('0043-PE-2016', 1)":null,"('0043-PE-2016', 2)":null},"Fecha: ":{"('0043-PE-2016', 0)":"27\/12\/2016","('0043-PE-2016', 1)":null,"('0043-PE-2016', 2)":null},"T\u00edtulo":{"('0043-PE-2016', 0)":"COMUNICACION DEL DECRETO 1281\/2016, POR EL CUAL SE OBSERVA EN SU TOTALIDAD Y SE DEVUELVE EL PROYECTO DE LEY REGISTRADO BAJO EL NUMERO 27335, SOBRE INCLUSION DEL ESTUDIO DE DETECCION DE LA TROMBOFILIA PARA MUJERES EMBARAZADAS EN EL PROGRAMA MEDICO OBLIGATORIO (PMO).","('0043-PE-2016', 1)":null,"('0043-PE-2016', 2)":null},"('Firmantes', 'FIRMANTE')":{"('0043-PE-2016', 0)":"MACRI, MAURICIO","('0043-PE-2016', 1)":"PE\u00d1A, MARCOS","('0043-PE-2016', 2)":"LEMUS, JORGE DANIEL"},"('Firmantes', 'DISTRITO')":{"('0043-PE-2016', 0)":null,"('0043-PE-2016', 1)":null,"('0043-PE-2016', 2)":null},"('Firmantes', 'BLOQUE')":{"('0043-PE-2016', 0)":"PODER EJECUTIVO","('0043-PE-2016', 1)":"PODER EJECUTIVO","('0043-PE-2016', 2)":"PODER EJECUTIVO"},"('Giros', 'COMISI\u00d3N')":{"('0043-PE-2016', 0)":"ACCION SOCIAL Y SALUD PUBLICA","('0043-PE-2016', 1)":"PRESUPUESTO Y HACIENDA","('0043-PE-2016', 2)":null},"Palabra Clave":{"('0043-PE-2016', 0)":" ","('0043-PE-2016', 1)":null,"('0043-PE-2016', 2)":null}}