{"Tipo de Proyecto":{"('0045-D-2016', 0)":"PROYECTO DE LEY","('0045-D-2016', 1)":null},"Iniciado en: ":{"('0045-D-2016', 0)":"Diputados","('0045-D-2016', 1)":null},"Expediente Diputados: ":{"('0045-D-2016', 0)":"0045-D-2016","('0045-D-2016', 1)":null},"Publicado en: ":{"('0045-D-2016', 0)":"Tr\u00e1mite Parlamentario N\u00b0 1","('0045-D-2016', 1)":null},"Fecha: ":{"('0045-D-2016', 0)":"01\/03\/2016","('0045-D-2016', 1)":null},"T\u00edtulo":{"('0045-D-2016', 0)":"BIBLIOTECAS POPULARES (LEY 23351); MODIFICACIONES, SOBRE BENEFICIOS Y RECONOCIMIENTO (REPRODUCCION DEL EXPEDIENTE 8484-D-14).","('0045-D-2016', 1)":null},"('Firmantes', 'FIRMANTE')":{"('0045-D-2016', 0)":"BIANCHI, IVANA MARIA","('0045-D-2016', 1)":null},"('Firmantes', 'DISTRITO')":{"('0045-D-2016', 0)":"SAN LUIS","('0045-D-2016', 1)":null},"('Firmantes', 'BLOQUE')":{"('0045-D-2016', 0)":"COMPROMISO FEDERAL","('0045-D-2016', 1)":null},"('Giros', 'COMISI\u00d3N')":{"('0045-D-2016', 0)":"CULTURA","('0045-D-2016', 1)":"PRESUPUESTO Y HACIENDA"},"Sumario":{"('0045-D-2016', 0)":"SUSTITUCION DEL ARTICULO 1 DE LA LEY 23351 (AGREGA LOS TERMINOS FUNDACIONES, ASOCIACIONES Y ORGANIZACIONES NO GUBERNAMENTALES AL ARTICULO); SUSTITUCION DEL ARTICULO 2  DEL ANEXO A DEL DECRETO 1078\/89.","('0045-D-2016', 1)":null},"Palabra Clave":{"('0045-D-2016', 0)":" ","('0045-D-2016', 1)":null}}