{"Tipo de Proyecto":{"('0046-PE-2016', 0)":"MENSAJE NRO: 0173\/16","('0046-PE-2016', 1)":null,"('0046-PE-2016', 2)":null,"('0046-PE-2016', 3)":null},"Iniciado en: ":{"('0046-PE-2016', 0)":"Diputados","('0046-PE-2016', 1)":null,"('0046-PE-2016', 2)":null,"('0046-PE-2016', 3)":null},"Expediente Diputados: ":{"('0046-PE-2016', 0)":"0046-PE-2016","('0046-PE-2016', 1)":null,"('0046-PE-2016', 2)":null,"('0046-PE-2016', 3)":null},"Publicado en: ":{"('0046-PE-2016', 0)":"Tr\u00e1mite Parlamentario N\u00b0 189","('0046-PE-2016', 1)":null,"('0046-PE-2016', 2)":null,"('0046-PE-2016', 3)":null},"Fecha: ":{"('0046-PE-2016', 0)":"27\/12\/2016","('0046-PE-2016', 1)":null,"('0046-PE-2016', 2)":null,"('0046-PE-2016', 3)":null},"T\u00edtulo":{"('0046-PE-2016', 0)":"COMUNICACION DEL DICTADO DEL DECRETO 1302\/16 POR EL CUAL SE OBSERVA TOTALMENTE Y SE DEVUELVE EL PROYECTO DE LEY REGISTRADO BAJO EL NUMERO 27344, SOBRE DECLARAR DE UTILIDAD PUBLICA Y SUJETO A EXPROPIACION AL HOTEL BAUEN.","('0046-PE-2016', 1)":null,"('0046-PE-2016', 2)":null,"('0046-PE-2016', 3)":null},"('Firmantes', 'FIRMANTE')":{"('0046-PE-2016', 0)":"MACRI, MAURICIO","('0046-PE-2016', 1)":"PE\u00d1A, MARCOS","('0046-PE-2016', 2)":null,"('0046-PE-2016', 3)":null},"('Firmantes', 'DISTRITO')":{"('0046-PE-2016', 0)":null,"('0046-PE-2016', 1)":null,"('0046-PE-2016', 2)":null,"('0046-PE-2016', 3)":null},"('Firmantes', 'BLOQUE')":{"('0046-PE-2016', 0)":"PODER EJECUTIVO","('0046-PE-2016', 1)":"PODER EJECUTIVO","('0046-PE-2016', 2)":null,"('0046-PE-2016', 3)":null},"('Giros', 'COMISI\u00d3N')":{"('0046-PE-2016', 0)":"ASUNTOS CONSTITUCIONALES","('0046-PE-2016', 1)":"LEGISLACION GENERAL","('0046-PE-2016', 2)":"ASUNTOS COOPERATIVOS, MUTUALES Y DE ORG.NO GUBERNAMENTALES","('0046-PE-2016', 3)":"PRESUPUESTO Y HACIENDA"},"Palabra Clave":{"('0046-PE-2016', 0)":" ","('0046-PE-2016', 1)":null,"('0046-PE-2016', 2)":null,"('0046-PE-2016', 3)":null}}