{"Tipo de Proyecto":{"('0047-PE-2016', 0)":"MENSAJE NRO: 0001\/17","('0047-PE-2016', 1)":null,"('0047-PE-2016', 2)":null},"Iniciado en: ":{"('0047-PE-2016', 0)":"Diputados","('0047-PE-2016', 1)":null,"('0047-PE-2016', 2)":null},"Expediente Diputados: ":{"('0047-PE-2016', 0)":"0047-PE-2016","('0047-PE-2016', 1)":null,"('0047-PE-2016', 2)":null},"Publicado en: ":{"('0047-PE-2016', 0)":"Tr\u00e1mite Parlamentario N\u00b0 191","('0047-PE-2016', 1)":null,"('0047-PE-2016', 2)":null},"Fecha: ":{"('0047-PE-2016', 0)":"31\/01\/2017","('0047-PE-2016', 1)":null,"('0047-PE-2016', 2)":null},"T\u00edtulo":{"('0047-PE-2016', 0)":"COMUNICACION DEL DECRETO 1288 POR EL CUAL SE ESTABLECE QUE LOS CORREDORES VIALES N\u00b0 1, 2, 3, 4, 5, 6 Y 8, CUYAS CONCESIONES OPERAN SU VENCIMIENTO CONTRACTUAL EL 21 DE ABRIL DE 2017, SERAN LICITADOS PARA OTORGAR LA CONCESION POR PEAJE PARA LA CONSTRUCCION, MEJORAS, REPARACION, CONSERVACION, AMPLIACION, REMODELACION, MANTENIMIENTO, ADMINISTRACION Y EXPLOTACION BAJO EL REGIMEN DE LAS LEYES 17520 Y 23696.","('0047-PE-2016', 1)":null,"('0047-PE-2016', 2)":null},"('Firmantes', 'FIRMANTE')":{"('0047-PE-2016', 0)":"MACRI, MAURICIO","('0047-PE-2016', 1)":"PE\u00d1A, MARCOS","('0047-PE-2016', 2)":"DIETRICH, GUILLERMO JAVIER"},"('Firmantes', 'DISTRITO')":{"('0047-PE-2016', 0)":null,"('0047-PE-2016', 1)":null,"('0047-PE-2016', 2)":null},"('Firmantes', 'BLOQUE')":{"('0047-PE-2016', 0)":"PODER EJECUTIVO","('0047-PE-2016', 1)":"PODER EJECUTIVO","('0047-PE-2016', 2)":"PODER EJECUTIVO"},"('Giros', 'COMISI\u00d3N')":{"('0047-PE-2016', 0)":"BICAMERAL DE REFORMA DEL ESTADO Y SEGUIMIENTO DE LAS PRIVATIZACIONES (LEY 23696)","('0047-PE-2016', 1)":null,"('0047-PE-2016', 2)":null},"Palabra Clave":{"('0047-PE-2016', 0)":" ","('0047-PE-2016', 1)":null,"('0047-PE-2016', 2)":null}}