{"Tipo de Proyecto":{"('0047-S-2016', 0)":"PROYECTO DE DECLARACI\u00d3N","('0047-S-2016', 1)":null,"('0047-S-2016', 2)":null},"Iniciado en: ":{"('0047-S-2016', 0)":"Senado","('0047-S-2016', 1)":null,"('0047-S-2016', 2)":null},"Expediente Senado: ":{"('0047-S-2016', 0)":"0047-S-2016","('0047-S-2016', 1)":null,"('0047-S-2016', 2)":null},"Publicado en: ":{"('0047-S-2016', 0)":"Diario de Asuntos Entrados N\u00b0 3","('0047-S-2016', 1)":null,"('0047-S-2016', 2)":null},"Fecha: ":{"('0047-S-2016', 0)":"02\/03\/2016","('0047-S-2016', 1)":null,"('0047-S-2016', 2)":null},"T\u00edtulo":{"('0047-S-2016', 0)":"DECLARACION DE INTERES TURISTICO EL FESTIVAL DE LA SERENATA, A REALIZARSE EN VILLA DEL SOTO, PROVINCIA DE CORDOBA, DEL 8 AL 17 DE ENERO DE 2016.\n","('0047-S-2016', 1)":null,"('0047-S-2016', 2)":null},"('Firmantes', 'FIRMANTE')":{"('0047-S-2016', 0)":"RODRIGUEZ MACHADO, LAURA ELENA","('0047-S-2016', 1)":null,"('0047-S-2016', 2)":null},"('Firmantes', 'DISTRITO')":{"('0047-S-2016', 0)":"CORDOBA","('0047-S-2016', 1)":null,"('0047-S-2016', 2)":null},"('Firmantes', 'BLOQUE')":{"('0047-S-2016', 0)":"FRENTE PRO","('0047-S-2016', 1)":null,"('0047-S-2016', 2)":null},"('Tramites', 'C\u00c1MARA')":{"('0047-S-2016', 0)":"Senado","('0047-S-2016', 1)":"Senado","('0047-S-2016', 2)":"Senado"},"('Tramites', 'MOVIMIENTO')":{"('0047-S-2016', 0)":"CITACION SESION ESPECIAL","('0047-S-2016', 1)":"MOCION SOBRE TABLAS (AFIRMATIVA)","('0047-S-2016', 2)":"CONSIDERACION Y APROBACION"},"('Tramites', 'FECHA')":{"('0047-S-2016', 0)":"18\/05\/2016","('0047-S-2016', 1)":"18\/05\/2016","('0047-S-2016', 2)":"18\/05\/2016"},"('Tramites', 'RESULTADO')":{"('0047-S-2016', 0)":null,"('0047-S-2016', 1)":null,"('0047-S-2016', 2)":"APROBADO"},"Link":{"('0047-S-2016', 0)":"http:\/\/www.senado.gov.ar\/parlamentario\/comisiones\/verExp\/47.16\/S\/PD","('0047-S-2016', 1)":null,"('0047-S-2016', 2)":null},"Palabra Clave":{"('0047-S-2016', 0)":" ","('0047-S-2016', 1)":null,"('0047-S-2016', 2)":null}}