{"Tipo de Proyecto":{"('0048-PE-2016', 0)":"MENSAJE NRO: 0002\/17","('0048-PE-2016', 1)":null,"('0048-PE-2016', 2)":null},"Iniciado en: ":{"('0048-PE-2016', 0)":"Diputados","('0048-PE-2016', 1)":null,"('0048-PE-2016', 2)":null},"Expediente Diputados: ":{"('0048-PE-2016', 0)":"0048-PE-2016","('0048-PE-2016', 1)":null,"('0048-PE-2016', 2)":null},"Publicado en: ":{"('0048-PE-2016', 0)":"Tr\u00e1mite Parlamentario N\u00b0 191","('0048-PE-2016', 1)":null,"('0048-PE-2016', 2)":null},"Fecha: ":{"('0048-PE-2016', 0)":"31\/01\/2017","('0048-PE-2016', 1)":null,"('0048-PE-2016', 2)":null},"T\u00edtulo":{"('0048-PE-2016', 0)":"COMUNICACION DEL DECRETO 17, POR EL CUAL SE HABILITA CON CARACTER PARTICULAR, DE USO PRIVADO Y CON DESTINO COMERCIAL E INDUSTRIAL, EL PUERTO DENOMINADO CARGILL VILLA GOBERNADOR GALVEZ, SITO EN LOCALIDAD DE VILLA GOBERNADOR GALVEZ, PROVINCIA DE SANTA FE.","('0048-PE-2016', 1)":null,"('0048-PE-2016', 2)":null},"('Firmantes', 'FIRMANTE')":{"('0048-PE-2016', 0)":"MACRI, MAURICIO","('0048-PE-2016', 1)":"PE\u00d1A, MARCOS","('0048-PE-2016', 2)":"DIETRICH, GUILLERMO JAVIER"},"('Firmantes', 'DISTRITO')":{"('0048-PE-2016', 0)":null,"('0048-PE-2016', 1)":null,"('0048-PE-2016', 2)":null},"('Firmantes', 'BLOQUE')":{"('0048-PE-2016', 0)":"PODER EJECUTIVO","('0048-PE-2016', 1)":"PODER EJECUTIVO","('0048-PE-2016', 2)":"PODER EJECUTIVO"},"('Giros', 'COMISI\u00d3N')":{"('0048-PE-2016', 0)":"LEGISLACION GENERAL","('0048-PE-2016', 1)":null,"('0048-PE-2016', 2)":null},"Palabra Clave":{"('0048-PE-2016', 0)":" ","('0048-PE-2016', 1)":null,"('0048-PE-2016', 2)":null}}