{"Tipo de Proyecto":{"('0048-D-2016', 0)":"PROYECTO DE LEY","('0048-D-2016', 1)":null,"('0048-D-2016', 2)":null},"Iniciado en: ":{"('0048-D-2016', 0)":"Diputados","('0048-D-2016', 1)":null,"('0048-D-2016', 2)":null},"Expediente Diputados: ":{"('0048-D-2016', 0)":"0048-D-2016","('0048-D-2016', 1)":null,"('0048-D-2016', 2)":null},"Publicado en: ":{"('0048-D-2016', 0)":"Tr\u00e1mite Parlamentario N\u00b0 1","('0048-D-2016', 1)":null,"('0048-D-2016', 2)":null},"Fecha: ":{"('0048-D-2016', 0)":"01\/03\/2016","('0048-D-2016', 1)":null,"('0048-D-2016', 2)":null},"T\u00edtulo":{"('0048-D-2016', 0)":"GARANTIZAR LA CONTINUIDAD ALIMENTARIA DE LOS HIJOS MAYORES DE EDAD QUE MANTIENEN SU REGULARIDAD ESTUDIANTIL  (REPRODUCCION DEL EXPEDIENTE 8487-D-14).","('0048-D-2016', 1)":null,"('0048-D-2016', 2)":null},"('Firmantes', 'FIRMANTE')":{"('0048-D-2016', 0)":"BIANCHI, IVANA MARIA","('0048-D-2016', 1)":null,"('0048-D-2016', 2)":null},"('Firmantes', 'DISTRITO')":{"('0048-D-2016', 0)":"SAN LUIS","('0048-D-2016', 1)":null,"('0048-D-2016', 2)":null},"('Firmantes', 'BLOQUE')":{"('0048-D-2016', 0)":"COMPROMISO FEDERAL","('0048-D-2016', 1)":null,"('0048-D-2016', 2)":null},"('Giros', 'COMISI\u00d3N')":{"('0048-D-2016', 0)":"FAMILIA, MUJER, NI\u00d1EZ Y ADOLESCENCIA","('0048-D-2016', 1)":"LEGISLACION PENAL","('0048-D-2016', 2)":"PRESUPUESTO Y HACIENDA"},"('Tramites', 'C\u00c1MARA')":{"('0048-D-2016', 0)":"Diputados","('0048-D-2016', 1)":null,"('0048-D-2016', 2)":null},"('Tramites', 'MOVIMIENTO')":{"('0048-D-2016', 0)":"REPRODUCIDO POR EXPEDIENTE 0301-D-18","('0048-D-2016', 1)":null,"('0048-D-2016', 2)":null},"('Tramites', 'FECHA')":{"('0048-D-2016', 0)":null,"('0048-D-2016', 1)":null,"('0048-D-2016', 2)":null},"('Tramites', 'RESULTADO')":{"('0048-D-2016', 0)":null,"('0048-D-2016', 1)":null,"('0048-D-2016', 2)":null},"Sumario":{"('0048-D-2016', 0)":"CONTINUIDAD AUTOMATICA DE LA CUOTA ALIMENTARIA, LUEGO DE DE LA MAYORIA DE EDAD DEL HIJO, MIENTRAS CONTINUE ESTUDIANDO REGULARMENTE Y VIVA EN CASA DEL PROGENITOR QUE EJERCE LA TENENCIA; RECLAMOS.","('0048-D-2016', 1)":null,"('0048-D-2016', 2)":null},"Palabra Clave":{"('0048-D-2016', 0)":" ","('0048-D-2016', 1)":null,"('0048-D-2016', 2)":null}}