{"Tipo de Proyecto":{"('0049-D-2016', 0)":"PROYECTO DE LEY","('0049-D-2016', 1)":null},"Iniciado en: ":{"('0049-D-2016', 0)":"Diputados","('0049-D-2016', 1)":null},"Expediente Diputados: ":{"('0049-D-2016', 0)":"0049-D-2016","('0049-D-2016', 1)":null},"Publicado en: ":{"('0049-D-2016', 0)":"Tr\u00e1mite Parlamentario N\u00b0 1","('0049-D-2016', 1)":null},"Fecha: ":{"('0049-D-2016', 0)":"01\/03\/2016","('0049-D-2016', 1)":null},"T\u00edtulo":{"('0049-D-2016', 0)":"COBERTURA DE LA ENFERMEDAD EPIDERMOLISIS BULLOSA: INCORPORACION AL PROGRAMA MEDICO OBLIGATORIO - PMO.(REPRODUCCION DEL EXPEDIENTE 8488-D-14).","('0049-D-2016', 1)":null},"('Firmantes', 'FIRMANTE')":{"('0049-D-2016', 0)":"BIANCHI, IVANA MARIA","('0049-D-2016', 1)":null},"('Firmantes', 'DISTRITO')":{"('0049-D-2016', 0)":"SAN LUIS","('0049-D-2016', 1)":null},"('Firmantes', 'BLOQUE')":{"('0049-D-2016', 0)":"COMPROMISO FEDERAL","('0049-D-2016', 1)":null},"('Giros', 'COMISI\u00d3N')":{"('0049-D-2016', 0)":"ACCION SOCIAL Y SALUD PUBLICA","('0049-D-2016', 1)":"PRESUPUESTO Y HACIENDA"},"Palabra Clave":{"('0049-D-2016', 0)":" ","('0049-D-2016', 1)":null}}