{"Tipo de Proyecto":{"('0049-PE-2016', 0)":"MENSAJE NRO: 0008\/17","('0049-PE-2016', 1)":null},"Iniciado en: ":{"('0049-PE-2016', 0)":"Diputados","('0049-PE-2016', 1)":null},"Expediente Diputados: ":{"('0049-PE-2016', 0)":"0049-PE-2016","('0049-PE-2016', 1)":null},"Publicado en: ":{"('0049-PE-2016', 0)":"Tr\u00e1mite Parlamentario N\u00b0 192","('0049-PE-2016', 1)":null},"Fecha: ":{"('0049-PE-2016', 0)":"09\/02\/2017","('0049-PE-2016', 1)":null},"T\u00edtulo":{"('0049-PE-2016', 0)":"COMUNICACION DEL DECRETO 91\/17 POR EL CUAL SE CONVOCA A SESIONES EXTRAORDINARIAS DESDE EL 10 HASTA EL 28 DE FEBRERO DE 2017.","('0049-PE-2016', 1)":null},"('Firmantes', 'FIRMANTE')":{"('0049-PE-2016', 0)":"MICHETTI, MARTA GABRIELA","('0049-PE-2016', 1)":"PE\u00d1A, MARCOS"},"('Firmantes', 'DISTRITO')":{"('0049-PE-2016', 0)":null,"('0049-PE-2016', 1)":null},"('Firmantes', 'BLOQUE')":{"('0049-PE-2016', 0)":"PODER EJECUTIVO","('0049-PE-2016', 1)":"PODER EJECUTIVO"},"('Giros', 'COMISI\u00d3N')":{"('0049-PE-2016', 0)":"A LA PRESIDENCIA","('0049-PE-2016', 1)":null},"Sumario":{"('0049-PE-2016', 0)":"TEMARIO: PROYECTO DE LEY COMPLEMENTARIO DEL REGIMEN SOBRE RIESGOS DEL TRABAJO, LEY 24557 (EXPEDIENTES 0201-PE-16 Y 0323-S-16).","('0049-PE-2016', 1)":null},"Palabra Clave":{"('0049-PE-2016', 0)":" ","('0049-PE-2016', 1)":null}}