{"Tipo de Proyecto":{"('0052-S-2016', 0)":"PROYECTO DE DECLARACI\u00d3N","('0052-S-2016', 1)":null,"('0052-S-2016', 2)":null},"Iniciado en: ":{"('0052-S-2016', 0)":"Senado","('0052-S-2016', 1)":null,"('0052-S-2016', 2)":null},"Expediente Senado: ":{"('0052-S-2016', 0)":"0052-S-2016","('0052-S-2016', 1)":null,"('0052-S-2016', 2)":null},"Publicado en: ":{"('0052-S-2016', 0)":"Diario de Asuntos Entrados N\u00b0 3","('0052-S-2016', 1)":null,"('0052-S-2016', 2)":null},"Fecha: ":{"('0052-S-2016', 0)":"02\/03\/2016","('0052-S-2016', 1)":null,"('0052-S-2016', 2)":null},"T\u00edtulo":{"('0052-S-2016', 0)":"DECLARACION DE INTERES TURISTICO EL PRIMER FESTIVAL DE JINETEADA Y DESTREZAS, A REALIZARSE EN LA LOCALIDAD DE LA PAISANITA Y LA ISLA, PROVINCIA DE CORDOBA, EL 7 DE FEBRERO DE 2016.","('0052-S-2016', 1)":null,"('0052-S-2016', 2)":null},"('Firmantes', 'FIRMANTE')":{"('0052-S-2016', 0)":"RODRIGUEZ MACHADO, LAURA ELENA","('0052-S-2016', 1)":null,"('0052-S-2016', 2)":null},"('Firmantes', 'DISTRITO')":{"('0052-S-2016', 0)":"CORDOBA","('0052-S-2016', 1)":null,"('0052-S-2016', 2)":null},"('Firmantes', 'BLOQUE')":{"('0052-S-2016', 0)":"FRENTE PRO","('0052-S-2016', 1)":null,"('0052-S-2016', 2)":null},"('Tramites', 'C\u00c1MARA')":{"('0052-S-2016', 0)":"Senado","('0052-S-2016', 1)":"Senado","('0052-S-2016', 2)":"Senado"},"('Tramites', 'MOVIMIENTO')":{"('0052-S-2016', 0)":"CITACION SESION ESPECIAL","('0052-S-2016', 1)":"MOCION SOBRE TABLAS (AFIRMATIVA)","('0052-S-2016', 2)":"CONSIDERACION Y APROBACION"},"('Tramites', 'FECHA')":{"('0052-S-2016', 0)":"18\/05\/2016","('0052-S-2016', 1)":"18\/05\/2016","('0052-S-2016', 2)":"18\/05\/2016"},"('Tramites', 'RESULTADO')":{"('0052-S-2016', 0)":null,"('0052-S-2016', 1)":null,"('0052-S-2016', 2)":"APROBADO"},"Link":{"('0052-S-2016', 0)":"http:\/\/www.senado.gov.ar\/parlamentario\/comisiones\/verExp\/52.16\/S\/PD","('0052-S-2016', 1)":null,"('0052-S-2016', 2)":null},"Palabra Clave":{"('0052-S-2016', 0)":" ","('0052-S-2016', 1)":null,"('0052-S-2016', 2)":null}}