{"Tipo de Proyecto":{"('0052-D-2016', 0)":"PROYECTO DE LEY","('0052-D-2016', 1)":null},"Iniciado en: ":{"('0052-D-2016', 0)":"Diputados","('0052-D-2016', 1)":null},"Expediente Diputados: ":{"('0052-D-2016', 0)":"0052-D-2016","('0052-D-2016', 1)":null},"Publicado en: ":{"('0052-D-2016', 0)":"Tr\u00e1mite Parlamentario N\u00b0 1","('0052-D-2016', 1)":null},"Fecha: ":{"('0052-D-2016', 0)":"01\/03\/2016","('0052-D-2016', 1)":null},"T\u00edtulo":{"('0052-D-2016', 0)":"CONTRATO DE TRABAJO (LEY 20744): MODIFICACION DE LOS ARTICULOS 158 Y 161, SOBRE LICENCIAS ESPECIALES (REPRODUCCION DEL EXPEDIENTE 3322-D-14).","('0052-D-2016', 1)":null},"('Firmantes', 'FIRMANTE')":{"('0052-D-2016', 0)":"BIANCHI, IVANA MARIA","('0052-D-2016', 1)":null},"('Firmantes', 'DISTRITO')":{"('0052-D-2016', 0)":"SAN LUIS","('0052-D-2016', 1)":null},"('Firmantes', 'BLOQUE')":{"('0052-D-2016', 0)":"COMPROMISO FEDERAL","('0052-D-2016', 1)":null},"('Giros', 'COMISI\u00d3N')":{"('0052-D-2016', 0)":"LEGISLACION DEL TRABAJO","('0052-D-2016', 1)":"FAMILIA, MUJER, NI\u00d1EZ Y ADOLESCENCIA"},"Palabra Clave":{"('0052-D-2016', 0)":" ","('0052-D-2016', 1)":null}}