{"Tipo de Proyecto":{"('0052-PE-2016', 0)":"MENSAJE NRO: 0744\/16","('0052-PE-2016', 1)":null},"Iniciado en: ":{"('0052-PE-2016', 0)":"Senado","('0052-PE-2016', 1)":null},"Expediente Senado: ":{"('0052-PE-2016', 0)":"0052-PE-2016","('0052-PE-2016', 1)":null},"Publicado en: ":{"('0052-PE-2016', 0)":"DAE S.A. N\u00b0 5","('0052-PE-2016', 1)":null},"Fecha: ":{"('0052-PE-2016', 0)":"06\/06\/2016","('0052-PE-2016', 1)":null},"T\u00edtulo":{"('0052-PE-2016', 0)":"SOLICITA ACUERDO PARA DESIGNAR FISCAL DE INVESTIGACIONES ADMINISTRATIVAS, AL DOCTOR JOSE MIGUEL IPOHORSKI LENKIEWICZ","('0052-PE-2016', 1)":null},"('Firmantes', 'FIRMANTE')":{"('0052-PE-2016', 0)":"MACRI, MAURICIO","('0052-PE-2016', 1)":"GARAVANO, GERMAN CARLOS"},"('Firmantes', 'DISTRITO')":{"('0052-PE-2016', 0)":null,"('0052-PE-2016', 1)":null},"('Firmantes', 'BLOQUE')":{"('0052-PE-2016', 0)":"PODER EJECUTIVO","('0052-PE-2016', 1)":"PODER EJECUTIVO"},"('Tramites', 'C\u00c1MARA')":{"('0052-PE-2016', 0)":"Senado","('0052-PE-2016', 1)":null},"('Tramites', 'MOVIMIENTO')":{"('0052-PE-2016', 0)":"CONSIDERACION Y APROBACION","('0052-PE-2016', 1)":null},"('Tramites', 'FECHA')":{"('0052-PE-2016', 0)":"10\/08\/2016","('0052-PE-2016', 1)":null},"('Tramites', 'RESULTADO')":{"('0052-PE-2016', 0)":"APROBADO","('0052-PE-2016', 1)":null},"Palabra Clave":{"('0052-PE-2016', 0)":" ","('0052-PE-2016', 1)":null}}