{"Tipo de Proyecto":{"('0053-PE-2016', 0)":"MENSAJE NRO: 0745\/16","('0053-PE-2016', 1)":null},"Iniciado en: ":{"('0053-PE-2016', 0)":"Senado","('0053-PE-2016', 1)":null},"Expediente Senado: ":{"('0053-PE-2016', 0)":"0053-PE-2016","('0053-PE-2016', 1)":null},"Publicado en: ":{"('0053-PE-2016', 0)":"DAE S.A. N\u00b0 5","('0053-PE-2016', 1)":null},"Fecha: ":{"('0053-PE-2016', 0)":"06\/06\/2016","('0053-PE-2016', 1)":null},"T\u00edtulo":{"('0053-PE-2016', 0)":"SOLICITA ACUERDO PARA DESIGNAR FISCAL DE INVESTIGACIONES ADMINISTRATIVAS A LA DOCTORA MARIA ANDREA GARMENDIA ORUETA. ","('0053-PE-2016', 1)":null},"('Firmantes', 'FIRMANTE')":{"('0053-PE-2016', 0)":"MACRI, MAURICIO","('0053-PE-2016', 1)":"GARAVANO, GERMAN CARLOS"},"('Firmantes', 'DISTRITO')":{"('0053-PE-2016', 0)":null,"('0053-PE-2016', 1)":null},"('Firmantes', 'BLOQUE')":{"('0053-PE-2016', 0)":"PODER EJECUTIVO","('0053-PE-2016', 1)":"PODER EJECUTIVO"},"('Tramites', 'C\u00c1MARA')":{"('0053-PE-2016', 0)":"Senado","('0053-PE-2016', 1)":null},"('Tramites', 'MOVIMIENTO')":{"('0053-PE-2016', 0)":"CONSIDERACION Y APROBACION","('0053-PE-2016', 1)":null},"('Tramites', 'FECHA')":{"('0053-PE-2016', 0)":"10\/08\/2016","('0053-PE-2016', 1)":null},"('Tramites', 'RESULTADO')":{"('0053-PE-2016', 0)":"APROBADO","('0053-PE-2016', 1)":null},"Palabra Clave":{"('0053-PE-2016', 0)":" ","('0053-PE-2016', 1)":null}}