{"Tipo de Proyecto":{"('0054-D-2016', 0)":"PROYECTO DE LEY","('0054-D-2016', 1)":null},"Iniciado en: ":{"('0054-D-2016', 0)":"Diputados","('0054-D-2016', 1)":null},"Expediente Diputados: ":{"('0054-D-2016', 0)":"0054-D-2016","('0054-D-2016', 1)":null},"Publicado en: ":{"('0054-D-2016', 0)":"Tr\u00e1mite Parlamentario N\u00b0 1","('0054-D-2016', 1)":null},"Fecha: ":{"('0054-D-2016', 0)":"01\/03\/2016","('0054-D-2016', 1)":null},"T\u00edtulo":{"('0054-D-2016', 0)":"ENTE NACIONAL DE ALTO RENDIMIENTO DEPORTIVO (ENARD) LEY 26573: MODIFICACIONES SOBRE INCENTIVOS PARA LA PROMOCION Y PRACTICA DE DEPORTES DE INVIERNO.(REPRODUCCION DEL EXPEDIENTE 3128-D-14).","('0054-D-2016', 1)":null},"('Firmantes', 'FIRMANTE')":{"('0054-D-2016', 0)":"BIANCHI, IVANA MARIA","('0054-D-2016', 1)":null},"('Firmantes', 'DISTRITO')":{"('0054-D-2016', 0)":"SAN LUIS","('0054-D-2016', 1)":null},"('Firmantes', 'BLOQUE')":{"('0054-D-2016', 0)":"COMPROMISO FEDERAL","('0054-D-2016', 1)":null},"('Giros', 'COMISI\u00d3N')":{"('0054-D-2016', 0)":"DEPORTES","('0054-D-2016', 1)":"PRESUPUESTO Y HACIENDA"},"Sumario":{"('0054-D-2016', 0)":"DEFINICION DE DEPORTES DE INVIERNO; AUTORIDAD DE APLICACION: ENARD, CONJUNTAMENTE CON LA SECRETARIA DE DEPORTES; INCORPORACION DE INCISO J) AL ARTICULO 3 DE LA LEY 26573.","('0054-D-2016', 1)":null},"Palabra Clave":{"('0054-D-2016', 0)":" ","('0054-D-2016', 1)":null}}