{"Tipo de Proyecto":{"('0055-PE-2016', 0)":"MENSAJE NRO: ____\/__"},"Iniciado en: ":{"('0055-PE-2016', 0)":"Senado"},"Expediente Senado: ":{"('0055-PE-2016', 0)":"0055-PE-2016"},"Fecha: ":{"('0055-PE-2016', 0)":"03\/10\/2016"},"T\u00edtulo":{"('0055-PE-2016', 0)":"JEFATURA DE GABINETE DE MINISTROS REMITE RESPUESTA SOBRE EL INFORME DE AUDITORIA REFERIDO A LOS ESTADOS FINANCIEROS DEL EJERCICIO FINALIZADO EL 31 DE DICIEMBRE DE 2012 CORRESPONDIENTE AL PROYECTO DE DESARROLLO DE AREAS RURALES (PRODEAR) REALIZADO EN EL AMBITO DEL MINISTERIO DE AGRICULTURA, GANADERIA Y PESCA, CONTRATO DE PRESTAMO FIDA."},"('Firmantes', 'FIRMANTE')":{"('0055-PE-2016', 0)":"PARLAMENTARIA MIXTA REVISORA DE CUENTAS"},"('Firmantes', 'DISTRITO')":{"('0055-PE-2016', 0)":null},"('Firmantes', 'BLOQUE')":{"('0055-PE-2016', 0)":null},"('Tramites', 'C\u00c1MARA')":{"('0055-PE-2016', 0)":"Senado"},"('Tramites', 'MOVIMIENTO')":{"('0055-PE-2016', 0)":"CONSIDERACION Y APROBACION (AL ARCHIVO)"},"('Tramites', 'FECHA')":{"('0055-PE-2016', 0)":"02\/11\/2016"},"('Tramites', 'RESULTADO')":{"('0055-PE-2016', 0)":"APROBADO"},"Sumario":{"('0055-PE-2016', 0)":"HABIENDO TOMADO CONOCIMIENTO Y SIN PERJUICIO DE ULTERIORES MEDIDAS QUE PUEDAN ADOPTARSE, SE ACONSEJA SU REMISION AL ARCHIVO."},"Palabra Clave":{"('0055-PE-2016', 0)":" "}}