{"Tipo de Proyecto":{"('0057-OV-2016', 0)":"PROYECTO DE RESOLUCI\u00d3N"},"Iniciado en: ":{"('0057-OV-2016', 0)":"Senado"},"Expediente Senado: ":{"('0057-OV-2016', 0)":"0057-OV-2016"},"Fecha: ":{"('0057-OV-2016', 0)":"26\/11\/2018"},"T\u00edtulo":{"('0057-OV-2016', 0)":"RESOLUCION REMITIDA POR LA AUDITORIA GENERAL DE LA NACION 84\/16, APROBANDO EL EXAMEN ESPECIAL REALIZADO EN EL AMBITO DE LA AUTORIDAD FEDERAL DE TECNOLOGIAS DE LA INFORMACION Y LAS COMUNICACIONES (AFTIC), REFERIDO A \"ADMINISTRACION DEL ESPECTRO RADIOELECTRICO ATRIBUCION DE BANDAS DE FRECUENCIA\". PERIODO AUDITADO: 01\/01\/2008 AL 30\/09\/2014."},"('Firmantes', 'FIRMANTE')":{"('0057-OV-2016', 0)":"PARLAMENTARIA MIXTA REVISORA DE CUENTAS"},"('Firmantes', 'DISTRITO')":{"('0057-OV-2016', 0)":null},"('Firmantes', 'BLOQUE')":{"('0057-OV-2016', 0)":null},"Sumario":{"('0057-OV-2016', 0)":"HABIENDO TOMADO CONOCIMIENTO Y SIN PERJUICIO DE ULTERIORES MEDIDAS QUE PUEDAN ADOPTARSE, SE ACONSEJA SU REMISION AL ARCHIVO."},"Palabra Clave":{"('0057-OV-2016', 0)":" "}}