{"Tipo de Proyecto":{"('0057-D-2016', 0)":"PROYECTO DE LEY","('0057-D-2016', 1)":null,"('0057-D-2016', 2)":null},"Iniciado en: ":{"('0057-D-2016', 0)":"Diputados","('0057-D-2016', 1)":null,"('0057-D-2016', 2)":null},"Expediente Diputados: ":{"('0057-D-2016', 0)":"0057-D-2016","('0057-D-2016', 1)":null,"('0057-D-2016', 2)":null},"Publicado en: ":{"('0057-D-2016', 0)":"Tr\u00e1mite Parlamentario N\u00b0 1","('0057-D-2016', 1)":null,"('0057-D-2016', 2)":null},"Fecha: ":{"('0057-D-2016', 0)":"01\/03\/2016","('0057-D-2016', 1)":null,"('0057-D-2016', 2)":null},"T\u00edtulo":{"('0057-D-2016', 0)":"OBLIGATORIEDAD DE INSERTAR ROTULOS DE PREVENCION EN ENVASES DE BEBIDAS ALCOHOLICAS; REGIMEN (REPRODUCCION DEL EXPEDIENTE 4325-D-14).","('0057-D-2016', 1)":null,"('0057-D-2016', 2)":null},"('Firmantes', 'FIRMANTE')":{"('0057-D-2016', 0)":"BIANCHI, IVANA MARIA","('0057-D-2016', 1)":null,"('0057-D-2016', 2)":null},"('Firmantes', 'DISTRITO')":{"('0057-D-2016', 0)":"SAN LUIS","('0057-D-2016', 1)":null,"('0057-D-2016', 2)":null},"('Firmantes', 'BLOQUE')":{"('0057-D-2016', 0)":"COMPROMISO FEDERAL","('0057-D-2016', 1)":null,"('0057-D-2016', 2)":null},"('Giros', 'COMISI\u00d3N')":{"('0057-D-2016', 0)":"PREVENCION DE ADICCIONES Y CONTROL DEL NARCOTRAFICO","('0057-D-2016', 1)":"ACCION SOCIAL Y SALUD PUBLICA","('0057-D-2016', 2)":"INDUSTRIA"},"Sumario":{"('0057-D-2016', 0)":"LEYENDA.","('0057-D-2016', 1)":null,"('0057-D-2016', 2)":null},"Palabra Clave":{"('0057-D-2016', 0)":" ","('0057-D-2016', 1)":null,"('0057-D-2016', 2)":null}}