{"Tipo de Proyecto":{"('0058-OV-2016', 0)":"PROYECTO DE RESOLUCI\u00d3N"},"Iniciado en: ":{"('0058-OV-2016', 0)":"Senado"},"Expediente Senado: ":{"('0058-OV-2016', 0)":"0058-OV-2016"},"Fecha: ":{"('0058-OV-2016', 0)":"17\/04\/2017"},"T\u00edtulo":{"('0058-OV-2016', 0)":"PEDIDO DE INFORMES AL PODER EJECUTIVO SOBRE RESOLUCION REMITIDA POR LA AUDITORIA GENERAL DE LA NACION 85\/16, APROBANDO EL MEMORANDO SOBRE EL CONTROL INTERNO CONTABLE, CORRESPONDIENTE AL EJERCICIO FINALIZADO EL 31\/12\/2014, DE LA ADMINISTRACION FEDERAL DE INGRESOS PUBLICOS (AFIP)."},"('Firmantes', 'FIRMANTE')":{"('0058-OV-2016', 0)":"PARLAMENTARIA MIXTA REVISORA DE CUENTAS"},"('Firmantes', 'DISTRITO')":{"('0058-OV-2016', 0)":null},"('Firmantes', 'BLOQUE')":{"('0058-OV-2016', 0)":null},"Link":{"('0058-OV-2016', 0)":"http:\/\/www.senado.gov.ar\/parlamentario\/comisiones\/verExp\/58.16\/OV\/PR"},"Palabra Clave":{"('0058-OV-2016', 0)":" "}}