{"Tipo de Proyecto":{"('0058-D-2016', 0)":"PROYECTO DE LEY","('0058-D-2016', 1)":null},"Iniciado en: ":{"('0058-D-2016', 0)":"Diputados","('0058-D-2016', 1)":null},"Expediente Diputados: ":{"('0058-D-2016', 0)":"0058-D-2016","('0058-D-2016', 1)":null},"Publicado en: ":{"('0058-D-2016', 0)":"Tr\u00e1mite Parlamentario N\u00b0 1","('0058-D-2016', 1)":null},"Fecha: ":{"('0058-D-2016', 0)":"01\/03\/2016","('0058-D-2016', 1)":null},"T\u00edtulo":{"('0058-D-2016', 0)":"IMPEDIMENTO DE CONTACTO DE LOS HIJOS MENORES CON SUS PADRES Y DEMAS FAMILIARES: MODIFICACION DEL CODIGO PENAL Y DE LA LEY 24270 (REPRODUCCION DEL EXPEDIENTE 4301-D-14).","('0058-D-2016', 1)":null},"('Firmantes', 'FIRMANTE')":{"('0058-D-2016', 0)":"BIANCHI, IVANA MARIA","('0058-D-2016', 1)":null},"('Firmantes', 'DISTRITO')":{"('0058-D-2016', 0)":"SAN LUIS","('0058-D-2016', 1)":null},"('Firmantes', 'BLOQUE')":{"('0058-D-2016', 0)":"COMPROMISO FEDERAL","('0058-D-2016', 1)":null},"('Giros', 'COMISI\u00d3N')":{"('0058-D-2016', 0)":"LEGISLACION PENAL","('0058-D-2016', 1)":"FAMILIA, MUJER, NI\u00d1EZ Y ADOLESCENCIA"},"('Tramites', 'C\u00c1MARA')":{"('0058-D-2016', 0)":"Diputados","('0058-D-2016', 1)":null},"('Tramites', 'MOVIMIENTO')":{"('0058-D-2016', 0)":"REPRODUCIDO POR EXPEDIENTE 0303-D-18","('0058-D-2016', 1)":null},"('Tramites', 'FECHA')":{"('0058-D-2016', 0)":null,"('0058-D-2016', 1)":null},"('Tramites', 'RESULTADO')":{"('0058-D-2016', 0)":null,"('0058-D-2016', 1)":null},"Sumario":{"('0058-D-2016', 0)":"MODIFICACION DE LOS ARTICULOS 1, 2 Y 3 DE LA LEY 24270: MODIFICACION DEL INCOS 3 DEL ARTICULO 72 DEL CODIGO PENAL","('0058-D-2016', 1)":null},"Palabra Clave":{"('0058-D-2016', 0)":" ","('0058-D-2016', 1)":null}}