{"Tipo de Proyecto":{"('0058-S-2016', 0)":"PROYECTO DE LEY"},"Iniciado en: ":{"('0058-S-2016', 0)":"Senado"},"Expediente Senado: ":{"('0058-S-2016', 0)":"0058-S-2016"},"Publicado en: ":{"('0058-S-2016', 0)":"Diario de Asuntos Entrados N\u00b0 3"},"Fecha: ":{"('0058-S-2016', 0)":"02\/03\/2016"},"T\u00edtulo":{"('0058-S-2016', 0)":"MODIFICACION DE LAS LEYES 23966 Y 26028, (IMPUESTO A LOS COMBUSTIBLES LIQUIDOS Y GASEOSOS E IMPUESTO AL GASOIL), ESTABLECIENDO UN MECANISMO COMPENSATORIO PARA PEQUE\u00d1OS REFINADORES NO INTEGRADOS DEFINIDOS EN LA RESOLUCION SE 1312\/08."},"('Firmantes', 'FIRMANTE')":{"('0058-S-2016', 0)":"PEREYRA, GUILLERMO JUAN"},"('Firmantes', 'DISTRITO')":{"('0058-S-2016', 0)":"NEUQUEN"},"('Firmantes', 'BLOQUE')":{"('0058-S-2016', 0)":"MOV POP NEUQUINO"},"Sumario":{"('0058-S-2016', 0)":"MODIFICACION DEL ARTICULO 4 DE LA LEY 23966; INCORPORACION PARRAFO AL ARTICULO 1 DE LA LEY 26028."},"Palabra Clave":{"('0058-S-2016', 0)":" "}}