{"Tipo de Proyecto":{"('0059-S-2016', 0)":"COMUNICACION"},"Iniciado en: ":{"('0059-S-2016', 0)":"Senado"},"Expediente Senado: ":{"('0059-S-2016', 0)":"0059-S-2016"},"Publicado en: ":{"('0059-S-2016', 0)":"Diario de Asuntos Entrados N\u00b0 3"},"Fecha: ":{"('0059-S-2016', 0)":"02\/03\/2016"},"T\u00edtulo":{"('0059-S-2016', 0)":"PEDIDO DE INFORMES AL PODER EJECUTIVO SOBRE EL MECANISMO A IMPLEMENTARSE PARA COMPENSAR LOS MONTOS QUE YA NO SERAN PERCIBIDOS POR LA APLICACION DE LOS DECRETOS 160\/2015, 349\/2016 Y OTRAS CUESTIONES CONEXAS."},"('Firmantes', 'FIRMANTE')":{"('0059-S-2016', 0)":"PEREYRA, GUILLERMO JUAN"},"('Firmantes', 'DISTRITO')":{"('0059-S-2016', 0)":"NEUQUEN"},"('Firmantes', 'BLOQUE')":{"('0059-S-2016', 0)":"MOV POP NEUQUINO"},"Link":{"('0059-S-2016', 0)":"http:\/\/www.senado.gov.ar\/parlamentario\/comisiones\/verExp\/59.16\/S\/PC"},"Palabra Clave":{"('0059-S-2016', 0)":" "}}