{"Tipo de Proyecto":{"('0060-S-2016', 0)":"COMUNICACION"},"Iniciado en: ":{"('0060-S-2016', 0)":"Senado"},"Expediente Senado: ":{"('0060-S-2016', 0)":"0060-S-2016"},"Publicado en: ":{"('0060-S-2016', 0)":"Diario de Asuntos Entrados N\u00b0 3"},"Fecha: ":{"('0060-S-2016', 0)":"02\/03\/2016"},"T\u00edtulo":{"('0060-S-2016', 0)":"PEDIDO DE INFORMES AL PODER EJECUTIVO SOBRE DIVERSOS ASPECTOS RELACIONADOS A UN NUEVO ACUERDO CON LA REPUBLICA POPULAR CHINA."},"('Firmantes', 'FIRMANTE')":{"('0060-S-2016', 0)":"PEREYRA, GUILLERMO JUAN"},"('Firmantes', 'DISTRITO')":{"('0060-S-2016', 0)":"NEUQUEN"},"('Firmantes', 'BLOQUE')":{"('0060-S-2016', 0)":"MOV POP NEUQUINO"},"Link":{"('0060-S-2016', 0)":"http:\/\/www.senado.gov.ar\/parlamentario\/comisiones\/verExp\/60.16\/S\/PC"},"Palabra Clave":{"('0060-S-2016', 0)":" "}}