{"Tipo de Proyecto":{"('0061-OVD-2016', 0)":"PROYECTO DE RESOLUCI\u00d3N"},"Iniciado en: ":{"('0061-OVD-2016', 0)":"Senado"},"Expediente Senado: ":{"('0061-OVD-2016', 0)":"0061-OVD-2016"},"Publicado en: ":{"('0061-OVD-2016', 0)":"Diario de Asuntos Entrados N\u00b0 0"},"Fecha: ":{"('0061-OVD-2016', 0)":"23\/04\/2018"},"T\u00edtulo":{"('0061-OVD-2016', 0)":"DICTAMEN EN LA RESPUESTA REMITIDA POR LA JEFATURA DE GABINETE DE MINISTROS EN RELACION A LA RESOLUCION 0163-S-2014  (0346-OV-12), APROBADA POR EL H. CONGRESO DE LA NACION, RESPECTO DE LA GESTION DE LA CASA DE MONEDA SOCIEDAD DEL ESTADO, SEPTIEMBRE 2010 A AGOSTO 2011"},"('Firmantes', 'FIRMANTE')":{"('0061-OVD-2016', 0)":"PARLAMENTARIA MIXTA REVISORA DE CUENTAS"},"('Firmantes', 'DISTRITO')":{"('0061-OVD-2016', 0)":null},"('Firmantes', 'BLOQUE')":{"('0061-OVD-2016', 0)":null},"Sumario":{"('0061-OVD-2016', 0)":"HABIENDO TOMADO CONOCIMIENTO, Y SIN PERJUICIO DE ULTERIORES MEDIDAS QUE PUEDAN ADOPTARSE, SE ACONSEJA SU REMISION AL ARCHIVO."},"Palabra Clave":{"('0061-OVD-2016', 0)":" "}}