{"Tipo de Proyecto":{"('0061-D-2016', 0)":"PROYECTO DE LEY","('0061-D-2016', 1)":null},"Iniciado en: ":{"('0061-D-2016', 0)":"Diputados","('0061-D-2016', 1)":null},"Expediente Diputados: ":{"('0061-D-2016', 0)":"0061-D-2016","('0061-D-2016', 1)":null},"Publicado en: ":{"('0061-D-2016', 0)":"Tr\u00e1mite Parlamentario N\u00b0 1","('0061-D-2016', 1)":null},"Fecha: ":{"('0061-D-2016', 0)":"01\/03\/2016","('0061-D-2016', 1)":null},"T\u00edtulo":{"('0061-D-2016', 0)":"EJERCICIO PROFESIONAL DEL LICENCIADO EN NUTRICION: REGIMEN; DEROGACION DE LA LEY 24301 (REPRODUCCION DEL EXPEDIENTE 3681-D-14).","('0061-D-2016', 1)":null},"('Firmantes', 'FIRMANTE')":{"('0061-D-2016', 0)":"BIANCHI, IVANA MARIA","('0061-D-2016', 1)":null},"('Firmantes', 'DISTRITO')":{"('0061-D-2016', 0)":"SAN LUIS","('0061-D-2016', 1)":null},"('Firmantes', 'BLOQUE')":{"('0061-D-2016', 0)":"COMPROMISO FEDERAL","('0061-D-2016', 1)":null},"('Giros', 'COMISI\u00d3N')":{"('0061-D-2016', 0)":"ACCION SOCIAL Y SALUD PUBLICA","('0061-D-2016', 1)":"LEGISLACION PENAL"},"Sumario":{"('0061-D-2016', 0)":"OBJETO, AMBITO DE APLICACION, CONDICIONES PARA EL EJERCICIO DE LA PROFESION, ALCANCES E INCUMBENCIAS DE LA PROFESION, ESPECIALIDADES, INHABILIDADES, INCOMPATIBILIDADES, EJERCICIO ILEGAL, DERECHOS Y OBLIGACIONES, PROHIBICIONES, MATRICULA,","('0061-D-2016', 1)":null},"Palabra Clave":{"('0061-D-2016', 0)":" ","('0061-D-2016', 1)":null}}