{"Tipo de Proyecto":{"('0062-PE-2016', 0)":"MENSAJE NRO: 0799\/16","('0062-PE-2016', 1)":null},"Iniciado en: ":{"('0062-PE-2016', 0)":"Senado","('0062-PE-2016', 1)":null},"Expediente Senado: ":{"('0062-PE-2016', 0)":"0062-PE-2016","('0062-PE-2016', 1)":null},"Publicado en: ":{"('0062-PE-2016', 0)":"DAE S.A. N\u00b0 6","('0062-PE-2016', 1)":null},"Fecha: ":{"('0062-PE-2016', 0)":"21\/06\/2016","('0062-PE-2016', 1)":null},"T\u00edtulo":{"('0062-PE-2016', 0)":"SOLICITAR ACUERDO PARA DESIGNAR DIRECTOR GENERAL DE LA AGENCIA FEDERAL DE INTELIGENCIA, AL SE\u00d1OR GUSTAVO HECTOR ARRIBAS.","('0062-PE-2016', 1)":null},"('Firmantes', 'FIRMANTE')":{"('0062-PE-2016', 0)":"MACRI, MAURICIO","('0062-PE-2016', 1)":"PE\u00d1A, MARCOS"},"('Firmantes', 'DISTRITO')":{"('0062-PE-2016', 0)":null,"('0062-PE-2016', 1)":null},"('Firmantes', 'BLOQUE')":{"('0062-PE-2016', 0)":"PODER EJECUTIVO","('0062-PE-2016', 1)":"PODER EJECUTIVO"},"('Tramites', 'C\u00c1MARA')":{"('0062-PE-2016', 0)":"Senado","('0062-PE-2016', 1)":null},"('Tramites', 'MOVIMIENTO')":{"('0062-PE-2016', 0)":"CONSIDERACION Y APROBACION","('0062-PE-2016', 1)":null},"('Tramites', 'FECHA')":{"('0062-PE-2016', 0)":"10\/08\/2016","('0062-PE-2016', 1)":null},"('Tramites', 'RESULTADO')":{"('0062-PE-2016', 0)":"APROBADO","('0062-PE-2016', 1)":null},"Palabra Clave":{"('0062-PE-2016', 0)":" ","('0062-PE-2016', 1)":null}}