{"Tipo de Proyecto":{"('0063-S-2016', 0)":"COMUNICACION"},"Iniciado en: ":{"('0063-S-2016', 0)":"Senado"},"Expediente Senado: ":{"('0063-S-2016', 0)":"0063-S-2016"},"Publicado en: ":{"('0063-S-2016', 0)":"Diario de Asuntos Entrados N\u00b0 4"},"Fecha: ":{"('0063-S-2016', 0)":"02\/03\/2016"},"T\u00edtulo":{"('0063-S-2016', 0)":"SOLICITAR AL PODER EJECUTIVO NACIONAL INCLUIR EN EL PRESUPUESTO 2017, LA FINALIZACION DE LA OBRA \"VIA CHRISTI\", DE LA CIUDAD DE JUNIN DE LOS ANDES, PROVINCIA DE NEUQUEN."},"('Firmantes', 'FIRMANTE')":{"('0063-S-2016', 0)":"PEREYRA, GUILLERMO JUAN"},"('Firmantes', 'DISTRITO')":{"('0063-S-2016', 0)":"NEUQUEN"},"('Firmantes', 'BLOQUE')":{"('0063-S-2016', 0)":"MOV POP NEUQUINO"},"Link":{"('0063-S-2016', 0)":"http:\/\/www.senado.gov.ar\/parlamentario\/comisiones\/verExp\/63.16\/S\/PC"},"Palabra Clave":{"('0063-S-2016', 0)":" "}}