{"Tipo de Proyecto":{"('0064-D-2016', 0)":"PROYECTO DE LEY","('0064-D-2016', 1)":null},"Iniciado en: ":{"('0064-D-2016', 0)":"Diputados","('0064-D-2016', 1)":null},"Expediente Diputados: ":{"('0064-D-2016', 0)":"0064-D-2016","('0064-D-2016', 1)":null},"Publicado en: ":{"('0064-D-2016', 0)":"Tr\u00e1mite Parlamentario N\u00b0 1","('0064-D-2016', 1)":null},"Fecha: ":{"('0064-D-2016', 0)":"01\/03\/2016","('0064-D-2016', 1)":null},"T\u00edtulo":{"('0064-D-2016', 0)":"EJERCICIO DE LA PROFESION DE CIENCIAS ECONOMICAS - LEY 20488: MODIFICACION DE LOS ARTICULOS 8 Y 19 E INCORPORACION DEL ARTICULO 18 BIS, SOBRE INSCRIPCION DE LA MATRICULA Y MULTAS (REPRODUCCION DEL EXPEDIENTE 5540-D-14).","('0064-D-2016', 1)":null},"('Firmantes', 'FIRMANTE')":{"('0064-D-2016', 0)":"BIANCHI, IVANA MARIA","('0064-D-2016', 1)":null},"('Firmantes', 'DISTRITO')":{"('0064-D-2016', 0)":"SAN LUIS","('0064-D-2016', 1)":null},"('Firmantes', 'BLOQUE')":{"('0064-D-2016', 0)":"COMPROMISO FEDERAL","('0064-D-2016', 1)":null},"('Giros', 'COMISI\u00d3N')":{"('0064-D-2016', 0)":"LEGISLACION GENERAL","('0064-D-2016', 1)":"LEGISLACION PENAL"},"Palabra Clave":{"('0064-D-2016', 0)":" ","('0064-D-2016', 1)":null}}