{"Tipo de Proyecto":{"('0065-D-2016', 0)":"PROYECTO DE LEY","('0065-D-2016', 1)":null,"('0065-D-2016', 2)":null},"Iniciado en: ":{"('0065-D-2016', 0)":"Diputados","('0065-D-2016', 1)":null,"('0065-D-2016', 2)":null},"Expediente Diputados: ":{"('0065-D-2016', 0)":"0065-D-2016","('0065-D-2016', 1)":null,"('0065-D-2016', 2)":null},"Publicado en: ":{"('0065-D-2016', 0)":"Tr\u00e1mite Parlamentario N\u00b0 1","('0065-D-2016', 1)":null,"('0065-D-2016', 2)":null},"Fecha: ":{"('0065-D-2016', 0)":"01\/03\/2016","('0065-D-2016', 1)":null,"('0065-D-2016', 2)":null},"T\u00edtulo":{"('0065-D-2016', 0)":"SERVICIOS DE COMUNICACIONES MOVILES (LEY 25891): MODIFICACION, SOBRE COMERCIALIZACION DE EQUIPOS O TERMINALES MOVILES (REPRODUCCION DEL EXPEDIENTE 5330-D-14).","('0065-D-2016', 1)":null,"('0065-D-2016', 2)":null},"('Firmantes', 'FIRMANTE')":{"('0065-D-2016', 0)":"BIANCHI, IVANA MARIA","('0065-D-2016', 1)":null,"('0065-D-2016', 2)":null},"('Firmantes', 'DISTRITO')":{"('0065-D-2016', 0)":"SAN LUIS","('0065-D-2016', 1)":null,"('0065-D-2016', 2)":null},"('Firmantes', 'BLOQUE')":{"('0065-D-2016', 0)":"COMPROMISO FEDERAL","('0065-D-2016', 1)":null,"('0065-D-2016', 2)":null},"('Giros', 'COMISI\u00d3N')":{"('0065-D-2016', 0)":"COMUNICACIONES E INFORMATICA","('0065-D-2016', 1)":"COMERCIO","('0065-D-2016', 2)":"DEFENSA DEL CONSUMIDOR, DEL USUARIO Y DE LA COMPETENCIA"},"Palabra Clave":{"('0065-D-2016', 0)":" ","('0065-D-2016', 1)":null,"('0065-D-2016', 2)":null}}