{"Tipo de Proyecto":{"('0066-S-2016', 0)":"PROYECTO DE LEY","('0066-S-2016', 1)":null,"('0066-S-2016', 2)":null,"('0066-S-2016', 3)":null,"('0066-S-2016', 4)":null,"('0066-S-2016', 5)":null,"('0066-S-2016', 6)":null,"('0066-S-2016', 7)":null,"('0066-S-2016', 8)":null,"('0066-S-2016', 9)":null,"('0066-S-2016', 10)":null},"Iniciado en: ":{"('0066-S-2016', 0)":"Senado","('0066-S-2016', 1)":null,"('0066-S-2016', 2)":null,"('0066-S-2016', 3)":null,"('0066-S-2016', 4)":null,"('0066-S-2016', 5)":null,"('0066-S-2016', 6)":null,"('0066-S-2016', 7)":null,"('0066-S-2016', 8)":null,"('0066-S-2016', 9)":null,"('0066-S-2016', 10)":null},"Expediente Diputados: ":{"('0066-S-2016', 0)":"0066-S-2016","('0066-S-2016', 1)":null,"('0066-S-2016', 2)":null,"('0066-S-2016', 3)":null,"('0066-S-2016', 4)":null,"('0066-S-2016', 5)":null,"('0066-S-2016', 6)":null,"('0066-S-2016', 7)":null,"('0066-S-2016', 8)":null,"('0066-S-2016', 9)":null,"('0066-S-2016', 10)":null},"Expediente Senado: ":{"('0066-S-2016', 0)":"1009-S-2016","('0066-S-2016', 1)":null,"('0066-S-2016', 2)":null,"('0066-S-2016', 3)":null,"('0066-S-2016', 4)":null,"('0066-S-2016', 5)":null,"('0066-S-2016', 6)":null,"('0066-S-2016', 7)":null,"('0066-S-2016', 8)":null,"('0066-S-2016', 9)":null,"('0066-S-2016', 10)":null},"Publicado en: ":{"('0066-S-2016', 0)":"Diario de Asuntos Entrados N\u00b0 49","('0066-S-2016', 1)":null,"('0066-S-2016', 2)":null,"('0066-S-2016', 3)":null,"('0066-S-2016', 4)":null,"('0066-S-2016', 5)":null,"('0066-S-2016', 6)":null,"('0066-S-2016', 7)":null,"('0066-S-2016', 8)":null,"('0066-S-2016', 9)":null,"('0066-S-2016', 10)":null},"Fecha: ":{"('0066-S-2016', 0)":"11\/04\/2016","('0066-S-2016', 1)":null,"('0066-S-2016', 2)":null,"('0066-S-2016', 3)":null,"('0066-S-2016', 4)":null,"('0066-S-2016', 5)":null,"('0066-S-2016', 6)":null,"('0066-S-2016', 7)":null,"('0066-S-2016', 8)":null,"('0066-S-2016', 9)":null,"('0066-S-2016', 10)":null},"T\u00edtulo":{"('0066-S-2016', 0)":"CREACION DEL FONDO EDUCATIVO DE ACONDICIONAMIENTO EDILICIO DEL NORTE ARGENTINO.\n","('0066-S-2016', 1)":null,"('0066-S-2016', 2)":null,"('0066-S-2016', 3)":null,"('0066-S-2016', 4)":null,"('0066-S-2016', 5)":null,"('0066-S-2016', 6)":null,"('0066-S-2016', 7)":null,"('0066-S-2016', 8)":null,"('0066-S-2016', 9)":null,"('0066-S-2016', 10)":null},"('Firmantes', 'FIRMANTE')":{"('0066-S-2016', 0)":"AGUILAR, EDUARDO ALBERTO","('0066-S-2016', 1)":"IRRAZABAL, JUAN MANUEL","('0066-S-2016', 2)":"URTUBEY, RODOLFO JULIO","('0066-S-2016', 3)":"PILATTI VERGARA, MARIA INES","('0066-S-2016', 4)":"ESPINOLA, CARLOS MAURICIO","('0066-S-2016', 5)":"GIACOPPO, SILVIA DEL ROSARIO","('0066-S-2016', 6)":"BLAS, INES IMELDA","('0066-S-2016', 7)":"ROMERO, JUAN CARLOS","('0066-S-2016', 8)":"DE LA ROSA, MARIA GRACIELA","('0066-S-2016', 9)":"GIMENEZ, SANDRA DANIELA","('0066-S-2016', 10)":"AGUIRRE DE SORIA, HILDA CLELIA"},"('Firmantes', 'DISTRITO')":{"('0066-S-2016', 0)":"CHACO","('0066-S-2016', 1)":"MISIONES","('0066-S-2016', 2)":"SALTA","('0066-S-2016', 3)":"CHACO","('0066-S-2016', 4)":"CORRIENTES","('0066-S-2016', 5)":"JUJUY","('0066-S-2016', 6)":"CATAMARCA","('0066-S-2016', 7)":"SALTA","('0066-S-2016', 8)":"FORMOSA","('0066-S-2016', 9)":"MISIONES","('0066-S-2016', 10)":"LA RIOJA"},"('Firmantes', 'BLOQUE')":{"('0066-S-2016', 0)":"FRENTE PARA LA VICTORIA - PJ","('0066-S-2016', 1)":"FRENTE PARA LA VICTORIA - PJ","('0066-S-2016', 2)":"FRENTE PARA LA VICTORIA - PJ","('0066-S-2016', 3)":"FRENTE PARA LA VICTORIA - PJ","('0066-S-2016', 4)":"FRENTE PARA LA VICTORIA - PJ","('0066-S-2016', 5)":"UCR","('0066-S-2016', 6)":"FRENTE PARA LA VICTORIA - PJ","('0066-S-2016', 7)":"JUSTICIALISTA 8 DE OCTUBRE","('0066-S-2016', 8)":"FRENTE PARA LA VICTORIA - PJ","('0066-S-2016', 9)":"FRENTE PARA LA VICTORIA - PJ","('0066-S-2016', 10)":"FRENTE PARA LA VICTORIA - PJ"},"('Giros', 'COMISI\u00d3N')":{"('0066-S-2016', 0)":"EDUCACION","('0066-S-2016', 1)":"OBRAS PUBLICAS","('0066-S-2016', 2)":"PRESUPUESTO Y HACIENDA","('0066-S-2016', 3)":null,"('0066-S-2016', 4)":null,"('0066-S-2016', 5)":null,"('0066-S-2016', 6)":null,"('0066-S-2016', 7)":null,"('0066-S-2016', 8)":null,"('0066-S-2016', 9)":null,"('0066-S-2016', 10)":null},"('Tramites', 'C\u00c1MARA')":{"('0066-S-2016', 0)":"Senado","('0066-S-2016', 1)":"Senado","('0066-S-2016', 2)":"Senado","('0066-S-2016', 3)":"Senado","('0066-S-2016', 4)":"Diputados","('0066-S-2016', 5)":null,"('0066-S-2016', 6)":null,"('0066-S-2016', 7)":null,"('0066-S-2016', 8)":null,"('0066-S-2016', 9)":null,"('0066-S-2016', 10)":null},"('Tramites', 'MOVIMIENTO')":{"('0066-S-2016', 0)":"MOCION SOBRE TABLAS (AFIRMATIVA)","('0066-S-2016', 1)":"CONSIDERACION Y APROBACION","('0066-S-2016', 2)":"MOCION DE RECONSIDERACION (AFIRMATIVA)","('0066-S-2016', 3)":"CONSIDERACION Y APROBACION CON MODIFICACIONES","('0066-S-2016', 4)":"PASA A DIPUTADOS -","('0066-S-2016', 5)":null,"('0066-S-2016', 6)":null,"('0066-S-2016', 7)":null,"('0066-S-2016', 8)":null,"('0066-S-2016', 9)":null,"('0066-S-2016', 10)":null},"('Tramites', 'FECHA')":{"('0066-S-2016', 0)":"13\/07\/2016","('0066-S-2016', 1)":"13\/07\/2016","('0066-S-2016', 2)":"10\/08\/2016","('0066-S-2016', 3)":"10\/08\/2016","('0066-S-2016', 4)":null,"('0066-S-2016', 5)":null,"('0066-S-2016', 6)":null,"('0066-S-2016', 7)":null,"('0066-S-2016', 8)":null,"('0066-S-2016', 9)":null,"('0066-S-2016', 10)":null},"('Tramites', 'RESULTADO')":{"('0066-S-2016', 0)":null,"('0066-S-2016', 1)":null,"('0066-S-2016', 2)":null,"('0066-S-2016', 3)":"MEDIA SANCION","('0066-S-2016', 4)":null,"('0066-S-2016', 5)":null,"('0066-S-2016', 6)":null,"('0066-S-2016', 7)":null,"('0066-S-2016', 8)":null,"('0066-S-2016', 9)":null,"('0066-S-2016', 10)":null},"Link":{"('0066-S-2016', 0)":"http:\/\/www.senado.gov.ar\/parlamentario\/comisiones\/verExp\/1009.16\/S\/PL","('0066-S-2016', 1)":null,"('0066-S-2016', 2)":null,"('0066-S-2016', 3)":null,"('0066-S-2016', 4)":null,"('0066-S-2016', 5)":null,"('0066-S-2016', 6)":null,"('0066-S-2016', 7)":null,"('0066-S-2016', 8)":null,"('0066-S-2016', 9)":null,"('0066-S-2016', 10)":null},"Palabra Clave":{"('0066-S-2016', 0)":" ","('0066-S-2016', 1)":null,"('0066-S-2016', 2)":null,"('0066-S-2016', 3)":null,"('0066-S-2016', 4)":null,"('0066-S-2016', 5)":null,"('0066-S-2016', 6)":null,"('0066-S-2016', 7)":null,"('0066-S-2016', 8)":null,"('0066-S-2016', 9)":null,"('0066-S-2016', 10)":null}}