{"Tipo de Proyecto":{"('0066-PE-2016', 0)":"MENSAJE NRO: 0069\/16","('0066-PE-2016', 1)":null},"Iniciado en: ":{"('0066-PE-2016', 0)":"Senado","('0066-PE-2016', 1)":null},"Expediente Senado: ":{"('0066-PE-2016', 0)":"0066-PE-2016","('0066-PE-2016', 1)":null},"Publicado en: ":{"('0066-PE-2016', 0)":"DAE S.A. N\u00b0 7","('0066-PE-2016', 1)":null},"Fecha: ":{"('0066-PE-2016', 0)":"29\/06\/2016","('0066-PE-2016', 1)":null},"T\u00edtulo":{"('0066-PE-2016', 0)":"SOLICITA ACUERDO PARA DESIGNAR VOCAL DE LA CAMARA NACIONAL DE APELACIONES EN LO PENAL ECONOMICO, SALA B, A LA DOCTORA CAROLINA LAURA INES ROBIGLIO.","('0066-PE-2016', 1)":null},"('Firmantes', 'FIRMANTE')":{"('0066-PE-2016', 0)":"MACRI, MAURICIO","('0066-PE-2016', 1)":"GARAVANO, GERMAN CARLOS"},"('Firmantes', 'DISTRITO')":{"('0066-PE-2016', 0)":null,"('0066-PE-2016', 1)":null},"('Firmantes', 'BLOQUE')":{"('0066-PE-2016', 0)":"PODER EJECUTIVO","('0066-PE-2016', 1)":"PODER EJECUTIVO"},"('Tramites', 'C\u00c1MARA')":{"('0066-PE-2016', 0)":"Senado","('0066-PE-2016', 1)":null},"('Tramites', 'MOVIMIENTO')":{"('0066-PE-2016', 0)":"CONSIDERACION Y APROBACION","('0066-PE-2016', 1)":null},"('Tramites', 'FECHA')":{"('0066-PE-2016', 0)":"10\/08\/2016","('0066-PE-2016', 1)":null},"('Tramites', 'RESULTADO')":{"('0066-PE-2016', 0)":"APROBADO","('0066-PE-2016', 1)":null},"Palabra Clave":{"('0066-PE-2016', 0)":" ","('0066-PE-2016', 1)":null}}