{"Tipo de Proyecto":{"('0067-D-2016', 0)":"PROYECTO DE LEY","('0067-D-2016', 1)":null},"Iniciado en: ":{"('0067-D-2016', 0)":"Diputados","('0067-D-2016', 1)":null},"Expediente Diputados: ":{"('0067-D-2016', 0)":"0067-D-2016","('0067-D-2016', 1)":null},"Publicado en: ":{"('0067-D-2016', 0)":"Tr\u00e1mite Parlamentario N\u00b0 1","('0067-D-2016', 1)":null},"Fecha: ":{"('0067-D-2016', 0)":"01\/03\/2016","('0067-D-2016', 1)":null},"T\u00edtulo":{"('0067-D-2016', 0)":"CODIGO PENAL: MODIFICACION DE LOS ARTICULOS 153 Y 155, SOBRE USO, APERTURA Y PUBLICACION DE IMAGENES O VIDEOS AUDIOVISUALES INTIMOS (REPRODUCCION DEL EXPEDIENTE 4327-D-14).","('0067-D-2016', 1)":null},"('Firmantes', 'FIRMANTE')":{"('0067-D-2016', 0)":"BIANCHI, IVANA MARIA","('0067-D-2016', 1)":null},"('Firmantes', 'DISTRITO')":{"('0067-D-2016', 0)":"SAN LUIS","('0067-D-2016', 1)":null},"('Firmantes', 'BLOQUE')":{"('0067-D-2016', 0)":"COMPROMISO FEDERAL","('0067-D-2016', 1)":null},"('Giros', 'COMISI\u00d3N')":{"('0067-D-2016', 0)":"LEGISLACION PENAL","('0067-D-2016', 1)":"COMUNICACIONES E INFORMATICA"},"Palabra Clave":{"('0067-D-2016', 0)":" ","('0067-D-2016', 1)":null}}