{"Tipo de Proyecto":{"('0068-PE-2016', 0)":"MENSAJE NRO: 0071\/16 Y PROYECTO DE LEY","('0068-PE-2016', 1)":null,"('0068-PE-2016', 2)":null,"('0068-PE-2016', 3)":null,"('0068-PE-2016', 4)":null,"('0068-PE-2016', 5)":null,"('0068-PE-2016', 6)":null},"Iniciado en: ":{"('0068-PE-2016', 0)":"Senado","('0068-PE-2016', 1)":null,"('0068-PE-2016', 2)":null,"('0068-PE-2016', 3)":null,"('0068-PE-2016', 4)":null,"('0068-PE-2016', 5)":null,"('0068-PE-2016', 6)":null},"Expediente Senado: ":{"('0068-PE-2016', 0)":"0068-PE-2016","('0068-PE-2016', 1)":null,"('0068-PE-2016', 2)":null,"('0068-PE-2016', 3)":null,"('0068-PE-2016', 4)":null,"('0068-PE-2016', 5)":null,"('0068-PE-2016', 6)":null},"Publicado en: ":{"('0068-PE-2016', 0)":"Diario de Asuntos Entrados N\u00b0 120","('0068-PE-2016', 1)":null,"('0068-PE-2016', 2)":null,"('0068-PE-2016', 3)":null,"('0068-PE-2016', 4)":null,"('0068-PE-2016', 5)":null,"('0068-PE-2016', 6)":null},"Fecha: ":{"('0068-PE-2016', 0)":"29\/06\/2016","('0068-PE-2016', 1)":null,"('0068-PE-2016', 2)":null,"('0068-PE-2016', 3)":null,"('0068-PE-2016', 4)":null,"('0068-PE-2016', 5)":null,"('0068-PE-2016', 6)":null},"T\u00edtulo":{"('0068-PE-2016', 0)":"INCORPORACION DEL DEBATE PUBLICO COMO PRACTICA OBLIGATORIA PARA LOS CANDIDATOS A EJERCER EL CARGO DE PRESIDENTE DE LA NACION. ","('0068-PE-2016', 1)":null,"('0068-PE-2016', 2)":null,"('0068-PE-2016', 3)":null,"('0068-PE-2016', 4)":null,"('0068-PE-2016', 5)":null,"('0068-PE-2016', 6)":null},"('Firmantes', 'FIRMANTE')":{"('0068-PE-2016', 0)":"MACRI, MAURICIO","('0068-PE-2016', 1)":"PE\u00d1A, MARCOS","('0068-PE-2016', 2)":"FRIGERIO, ROGELIO","('0068-PE-2016', 3)":null,"('0068-PE-2016', 4)":null,"('0068-PE-2016', 5)":null,"('0068-PE-2016', 6)":null},"('Firmantes', 'DISTRITO')":{"('0068-PE-2016', 0)":null,"('0068-PE-2016', 1)":null,"('0068-PE-2016', 2)":null,"('0068-PE-2016', 3)":null,"('0068-PE-2016', 4)":null,"('0068-PE-2016', 5)":null,"('0068-PE-2016', 6)":null},"('Firmantes', 'BLOQUE')":{"('0068-PE-2016', 0)":"PODER EJECUTIVO","('0068-PE-2016', 1)":"PODER EJECUTIVO","('0068-PE-2016', 2)":"PODER EJECUTIVO","('0068-PE-2016', 3)":null,"('0068-PE-2016', 4)":null,"('0068-PE-2016', 5)":null,"('0068-PE-2016', 6)":null},"('Tramites', 'C\u00c1MARA')":{"('0068-PE-2016', 0)":"Senado","('0068-PE-2016', 1)":"Senado","('0068-PE-2016', 2)":"Diputados","('0068-PE-2016', 3)":"Diputados","('0068-PE-2016', 4)":"Diputados","('0068-PE-2016', 5)":"Diputados","('0068-PE-2016', 6)":"Diputados"},"('Tramites', 'MOVIMIENTO')":{"('0068-PE-2016', 0)":"CONSIDERACION Y APROBACION (MAYORIA REQUERIDA POR ARTICULO 77 DE LA CONSTITUCION NACIONAL) CONJUNTAMENTE PARA LOS EXPEDIENTES 0845-S-2015, 1295-S-2015, 0126-S-2016, 1003-S-2016, 1589-S-2016, 0068-PE-2016 y 1850-S-2016","('0068-PE-2016', 1)":"INSERCION CONJUNTAMENTE PARA LOS EXPEDIENTES 0845-S-2015, 1295-S-2015, 0126-S-2016, 1003-S-2016, 1589-S-2016, 0068-PE-2016 y 1850-S-2016","('0068-PE-2016', 2)":"PASA A DIPUTADOS - CONJUNTAMENTE PARA LOS EXPEDIENTES 0845-S-2015, 1295-S-2015, 0126-S-2016, 1003-S-2016, 1589-S-2016, 0068-PE-2016 y 1850-S-2016","('0068-PE-2016', 3)":"CITACION SESION ESPECIAL CONJUNTAMENTE PARA LOS EXPEDIENTES 0845-S-2015, 1295-S-2015, 0126-S-2016, 1003-S-2016, 1589-S-2016, 0068-PE-2016 y 1850-S-2016","('0068-PE-2016', 4)":"MOCION SOBRE TABLAS (AFIRMATIVA) CONJUNTAMENTE PARA LOS EXPEDIENTES 0845-S-2015, 1295-S-2015, 0126-S-2016, 1003-S-2016, 1589-S-2016, 0068-PE-2016 y 1850-S-2016","('0068-PE-2016', 5)":"CONSIDERACION Y SANCION CONJUNTAMENTE PARA LOS EXPEDIENTES 0845-S-2015, 1295-S-2015, 0126-S-2016, 1003-S-2016, 1589-S-2016, 0068-PE-2016 y 1850-S-2016","('0068-PE-2016', 6)":"INSERCIONES CONJUNTAMENTE PARA LOS EXPEDIENTES 0845-S-2015, 1295-S-2015, 0126-S-2016, 1003-S-2016, 1589-S-2016, 0068-PE-2016 y 1850-S-2016"},"('Tramites', 'FECHA')":{"('0068-PE-2016', 0)":"02\/11\/2016","('0068-PE-2016', 1)":"02\/11\/2016","('0068-PE-2016', 2)":null,"('0068-PE-2016', 3)":"23\/11\/2016","('0068-PE-2016', 4)":"23\/11\/2016","('0068-PE-2016', 5)":"23\/11\/2016","('0068-PE-2016', 6)":"23\/11\/2016"},"('Tramites', 'RESULTADO')":{"('0068-PE-2016', 0)":"MEDIA SANCION","('0068-PE-2016', 1)":null,"('0068-PE-2016', 2)":null,"('0068-PE-2016', 3)":null,"('0068-PE-2016', 4)":null,"('0068-PE-2016', 5)":"SANCIONADO","('0068-PE-2016', 6)":null},"Link":{"('0068-PE-2016', 0)":"http:\/\/www.senado.gov.ar\/web\/proyectos\/verExpe.php?origen=PE&nro_comision=&tipo=PL&numexp=68\/16&tConsulta=5","('0068-PE-2016', 1)":null,"('0068-PE-2016', 2)":null,"('0068-PE-2016', 3)":null,"('0068-PE-2016', 4)":null,"('0068-PE-2016', 5)":null,"('0068-PE-2016', 6)":null},"Palabra Clave":{"('0068-PE-2016', 0)":" ","('0068-PE-2016', 1)":null,"('0068-PE-2016', 2)":null,"('0068-PE-2016', 3)":null,"('0068-PE-2016', 4)":null,"('0068-PE-2016', 5)":null,"('0068-PE-2016', 6)":null}}