{"Tipo de Proyecto":{"('0068-S-2016', 0)":"PROYECTO DE LEY","('0068-S-2016', 1)":null,"('0068-S-2016', 2)":null,"('0068-S-2016', 3)":null},"Iniciado en: ":{"('0068-S-2016', 0)":"Senado","('0068-S-2016', 1)":null,"('0068-S-2016', 2)":null,"('0068-S-2016', 3)":null},"Expediente Diputados: ":{"('0068-S-2016', 0)":"0068-S-2016","('0068-S-2016', 1)":null,"('0068-S-2016', 2)":null,"('0068-S-2016', 3)":null},"Expediente Senado: ":{"('0068-S-2016', 0)":"1493-S-2016","('0068-S-2016', 1)":null,"('0068-S-2016', 2)":null,"('0068-S-2016', 3)":null},"Publicado en: ":{"('0068-S-2016', 0)":"Diario de Asuntos Entrados N\u00b0 73","('0068-S-2016', 1)":null,"('0068-S-2016', 2)":null,"('0068-S-2016', 3)":null},"Fecha: ":{"('0068-S-2016', 0)":"05\/05\/2016","('0068-S-2016', 1)":null,"('0068-S-2016', 2)":null,"('0068-S-2016', 3)":null},"T\u00edtulo":{"('0068-S-2016', 0)":"CREACION DEL CONSEJO FEDERAL DE PRECURSORES QUIMICOS COMO ORGANO ASESOR DE APLICACION DEL REGISTRO NACIONAL DE PRECURSORES QUIMICOS ESTABLECIDO POR LEY 26045.","('0068-S-2016', 1)":null,"('0068-S-2016', 2)":null,"('0068-S-2016', 3)":null},"('Firmantes', 'FIRMANTE')":{"('0068-S-2016', 0)":"KUNATH, SIGRID ELIZABETH","('0068-S-2016', 1)":"URTUBEY, RODOLFO JULIO","('0068-S-2016', 2)":null,"('0068-S-2016', 3)":null},"('Firmantes', 'DISTRITO')":{"('0068-S-2016', 0)":"ENTRE RIOS","('0068-S-2016', 1)":"SALTA","('0068-S-2016', 2)":null,"('0068-S-2016', 3)":null},"('Firmantes', 'BLOQUE')":{"('0068-S-2016', 0)":"FRENTE PARA LA VICTORIA - PJ","('0068-S-2016', 1)":"FRENTE PARA LA VICTORIA - PJ","('0068-S-2016', 2)":null,"('0068-S-2016', 3)":null},"('Giros', 'COMISI\u00d3N')":{"('0068-S-2016', 0)":"SEGURIDAD INTERIOR","('0068-S-2016', 1)":"PREVENCION DE ADICCIONES Y CONTROL DEL NARCOTRAFICO","('0068-S-2016', 2)":"PRESUPUESTO Y HACIENDA","('0068-S-2016', 3)":null},"('Tramites', 'C\u00c1MARA')":{"('0068-S-2016', 0)":"Senado","('0068-S-2016', 1)":"Diputados","('0068-S-2016', 2)":"Diputados","('0068-S-2016', 3)":"Diputados"},"('Tramites', 'MOVIMIENTO')":{"('0068-S-2016', 0)":"CONSIDERACION Y APROBACION","('0068-S-2016', 1)":"PASA A DIPUTADOS -","('0068-S-2016', 2)":"CONSIDERACION Y SANCION","('0068-S-2016', 3)":"INSERCIONES"},"('Tramites', 'FECHA')":{"('0068-S-2016', 0)":"10\/08\/2016","('0068-S-2016', 1)":null,"('0068-S-2016', 2)":"28\/09\/2016","('0068-S-2016', 3)":"28\/09\/2016"},"('Tramites', 'RESULTADO')":{"('0068-S-2016', 0)":"MEDIA SANCION","('0068-S-2016', 1)":null,"('0068-S-2016', 2)":"SANCIONADO","('0068-S-2016', 3)":null},"Sumario":{"('0068-S-2016', 0)":"FUNCIONES; AMBITO DE FUNCIONAMIENTO; INTEGRACION; PERIODICIDAD DE LAS REUNIONES.","('0068-S-2016', 1)":null,"('0068-S-2016', 2)":null,"('0068-S-2016', 3)":null},"Palabra Clave":{"('0068-S-2016', 0)":" ","('0068-S-2016', 1)":null,"('0068-S-2016', 2)":null,"('0068-S-2016', 3)":null}}