{"Tipo de Proyecto":{"('0069-D-2016', 0)":"PROYECTO DE LEY","('0069-D-2016', 1)":null,"('0069-D-2016', 2)":null},"Iniciado en: ":{"('0069-D-2016', 0)":"Diputados","('0069-D-2016', 1)":null,"('0069-D-2016', 2)":null},"Expediente Diputados: ":{"('0069-D-2016', 0)":"0069-D-2016","('0069-D-2016', 1)":null,"('0069-D-2016', 2)":null},"Publicado en: ":{"('0069-D-2016', 0)":"Tr\u00e1mite Parlamentario N\u00b0 1","('0069-D-2016', 1)":null,"('0069-D-2016', 2)":null},"Fecha: ":{"('0069-D-2016', 0)":"01\/03\/2016","('0069-D-2016', 1)":null,"('0069-D-2016', 2)":null},"T\u00edtulo":{"('0069-D-2016', 0)":"OBLIGATORIEDAD DE REALIZAR EXAMENES PSICOLOGICOS A PERSONAS QUE TRABAJAN CON MENORES DE EDAD (REPRODUCCION DEL EXPEDIENTE 5544-D-14).","('0069-D-2016', 1)":null,"('0069-D-2016', 2)":null},"('Firmantes', 'FIRMANTE')":{"('0069-D-2016', 0)":"BIANCHI, IVANA MARIA","('0069-D-2016', 1)":null,"('0069-D-2016', 2)":null},"('Firmantes', 'DISTRITO')":{"('0069-D-2016', 0)":"SAN LUIS","('0069-D-2016', 1)":null,"('0069-D-2016', 2)":null},"('Firmantes', 'BLOQUE')":{"('0069-D-2016', 0)":"COMPROMISO FEDERAL","('0069-D-2016', 1)":null,"('0069-D-2016', 2)":null},"('Giros', 'COMISI\u00d3N')":{"('0069-D-2016', 0)":"LEGISLACION DEL TRABAJO","('0069-D-2016', 1)":"FAMILIA, MUJER, NI\u00d1EZ Y ADOLESCENCIA","('0069-D-2016', 2)":"PRESUPUESTO Y HACIENDA"},"('Tramites', 'C\u00c1MARA')":{"('0069-D-2016', 0)":"Diputados","('0069-D-2016', 1)":null,"('0069-D-2016', 2)":null},"('Tramites', 'MOVIMIENTO')":{"('0069-D-2016', 0)":"REPRODUCIDO POR EXPEDIENTE 0268-D-18","('0069-D-2016', 1)":null,"('0069-D-2016', 2)":null},"('Tramites', 'FECHA')":{"('0069-D-2016', 0)":null,"('0069-D-2016', 1)":null,"('0069-D-2016', 2)":null},"('Tramites', 'RESULTADO')":{"('0069-D-2016', 0)":null,"('0069-D-2016', 1)":null,"('0069-D-2016', 2)":null},"Sumario":{"('0069-D-2016', 0)":"CREACION DEL REGISTRO NACIONAL DE PERSONAS APTAS.","('0069-D-2016', 1)":null,"('0069-D-2016', 2)":null},"Palabra Clave":{"('0069-D-2016', 0)":" ","('0069-D-2016', 1)":null,"('0069-D-2016', 2)":null}}