{"Tipo de Proyecto":{"('0069-S-2016', 0)":"PROYECTO DE LEY","('0069-S-2016', 1)":null,"('0069-S-2016', 2)":null,"('0069-S-2016', 3)":null,"('0069-S-2016', 4)":null,"('0069-S-2016', 5)":null},"Iniciado en: ":{"('0069-S-2016', 0)":"Senado","('0069-S-2016', 1)":null,"('0069-S-2016', 2)":null,"('0069-S-2016', 3)":null,"('0069-S-2016', 4)":null,"('0069-S-2016', 5)":null},"Expediente Diputados: ":{"('0069-S-2016', 0)":"0069-S-2016","('0069-S-2016', 1)":null,"('0069-S-2016', 2)":null,"('0069-S-2016', 3)":null,"('0069-S-2016', 4)":null,"('0069-S-2016', 5)":null},"Expediente Senado: ":{"('0069-S-2016', 0)":"1700-S-2016","('0069-S-2016', 1)":null,"('0069-S-2016', 2)":null,"('0069-S-2016', 3)":null,"('0069-S-2016', 4)":null,"('0069-S-2016', 5)":null},"Publicado en: ":{"('0069-S-2016', 0)":"Diario de Asuntos Entrados N\u00b0 83","('0069-S-2016', 1)":null,"('0069-S-2016', 2)":null,"('0069-S-2016', 3)":null,"('0069-S-2016', 4)":null,"('0069-S-2016', 5)":null},"Fecha: ":{"('0069-S-2016', 0)":"18\/05\/2016","('0069-S-2016', 1)":null,"('0069-S-2016', 2)":null,"('0069-S-2016', 3)":null,"('0069-S-2016', 4)":null,"('0069-S-2016', 5)":null},"T\u00edtulo":{"('0069-S-2016', 0)":"DECLARAR DE INTERES PUBLICO NACIONAL LA REHABILITACION DEL SERVICIO INTERURBANO FERROVIARIO DE PASAJEROS: TREN EX ESTRELLA DEL VALLE (ENTRE ESTACION CONSTITUCION, CIUDAD DE BUENOS AIRES Y ZAPALA, PROVINCIA DE NEUQUEN); TREN DEL DIQUE (ENTRE LAS CIUDADES RIONEGRINAS DE CIPOLLETTI Y CONTRALMIRANTE CORDERO-BARDA DEL MEDIO); Y TREN EX ARRAYANES (ENTRE ESTACION CONSTITUCION, CIUDAD DE BUENOS AIRES Y SAN CARLOS DE BARILOCHE, PROVINCIA DE RIO NEGRO) .","('0069-S-2016', 1)":null,"('0069-S-2016', 2)":null,"('0069-S-2016', 3)":null,"('0069-S-2016', 4)":null,"('0069-S-2016', 5)":null},"('Firmantes', 'FIRMANTE')":{"('0069-S-2016', 0)":"ODARDA, MARIA MAGDALENA","('0069-S-2016', 1)":"PEREYRA, GUILLERMO JUAN","('0069-S-2016', 2)":"CREXELL, CARMEN LUCILA","('0069-S-2016', 3)":"PICHETTO, MIGUEL ANGEL","('0069-S-2016', 4)":"LINARES, JAIME","('0069-S-2016', 5)":"GARCIA LARRABURU, SILVINA MARCELA"},"('Firmantes', 'DISTRITO')":{"('0069-S-2016', 0)":"RIO NEGRO","('0069-S-2016', 1)":"NEUQUEN","('0069-S-2016', 2)":"NEUQUEN","('0069-S-2016', 3)":"RIO NEGRO","('0069-S-2016', 4)":"BUENOS AIRES","('0069-S-2016', 5)":"RIO NEGRO"},"('Firmantes', 'BLOQUE')":{"('0069-S-2016', 0)":"FRENTE PROGRESISTA - CCARI","('0069-S-2016', 1)":"MOV POP NEUQUINO","('0069-S-2016', 2)":"MOV POP NEUQUINO","('0069-S-2016', 3)":"FRENTE PARA LA VICTORIA - PJ","('0069-S-2016', 4)":"GEN","('0069-S-2016', 5)":"FRENTE PARA LA VICTORIA - PJ"},"('Giros', 'COMISI\u00d3N')":{"('0069-S-2016', 0)":"TRANSPORTES","('0069-S-2016', 1)":"PRESUPUESTO Y HACIENDA","('0069-S-2016', 2)":null,"('0069-S-2016', 3)":null,"('0069-S-2016', 4)":null,"('0069-S-2016', 5)":null},"('Tramites', 'C\u00c1MARA')":{"('0069-S-2016', 0)":"Senado","('0069-S-2016', 1)":"Senado","('0069-S-2016', 2)":"Senado","('0069-S-2016', 3)":"Senado","('0069-S-2016', 4)":"Diputados","('0069-S-2016', 5)":null},"('Tramites', 'MOVIMIENTO')":{"('0069-S-2016', 0)":"MOCION DE PREFERENCIA CON DICTAMEN (AFIRMATIVA)","('0069-S-2016', 1)":"CAMBIO DE GIRO A LA COMISION ESPECIAL DE SERVICIOS FERROVIARIOS DE PASAJEROS ESTRELLA DEL VALLE Y DEL TREN DEL DIQUE, SE SUPRIME EL GIRO A LA COMISION DE INFRAESTRUCTURA, VIVIENDA Y TRANSPORTE","('0069-S-2016', 2)":"SOLICITUD DE SER COFIRMANTE DE LA SENADORA GARCIA LARRABURI (A SUS ANTECEDENTES)","('0069-S-2016', 3)":"CONSIDERACION Y APROBACION","('0069-S-2016', 4)":"PASA A DIPUTADOS -","('0069-S-2016', 5)":null},"('Tramites', 'FECHA')":{"('0069-S-2016', 0)":"18\/05\/2016","('0069-S-2016', 1)":"15\/06\/2016","('0069-S-2016', 2)":"29\/06\/2016","('0069-S-2016', 3)":"10\/08\/2016","('0069-S-2016', 4)":null,"('0069-S-2016', 5)":null},"('Tramites', 'RESULTADO')":{"('0069-S-2016', 0)":null,"('0069-S-2016', 1)":null,"('0069-S-2016', 2)":null,"('0069-S-2016', 3)":"MEDIA SANCION","('0069-S-2016', 4)":null,"('0069-S-2016', 5)":null},"Sumario":{"('0069-S-2016', 0)":"REHABILITACION DE LOS SERVICIOS FERROVIARIOS DE LARGO RECORRIDO INTERURBANO, DE PASAJEROS; INCORPORACION AL \"PROGRAMA DE OBRAS, TRABAJOS INDISPENSABLES Y ADQUISICION DE BIENES\" APROBADO POR DECRETO 1683 DE 2005, PARA GARANTIZAR LA REHABILITACION; SE ENCOMIENDA AL PODER EJECUTIVO ELABORAR UN CRONOGRAMA DE EJECUCION DEL PROGRAMA MENCIONADO Y REMITIRLO AL CONGRESO, DENTRO DE LOS 90 DIAS DE PROMULGACION.","('0069-S-2016', 1)":null,"('0069-S-2016', 2)":null,"('0069-S-2016', 3)":null,"('0069-S-2016', 4)":null,"('0069-S-2016', 5)":null},"Palabra Clave":{"('0069-S-2016', 0)":" ","('0069-S-2016', 1)":null,"('0069-S-2016', 2)":null,"('0069-S-2016', 3)":null,"('0069-S-2016', 4)":null,"('0069-S-2016', 5)":null}}