{"Tipo de Proyecto":{"('0070-D-2016', 0)":"PROYECTO DE LEY","('0070-D-2016', 1)":null},"Iniciado en: ":{"('0070-D-2016', 0)":"Diputados","('0070-D-2016', 1)":null},"Expediente Diputados: ":{"('0070-D-2016', 0)":"0070-D-2016","('0070-D-2016', 1)":null},"Publicado en: ":{"('0070-D-2016', 0)":"Tr\u00e1mite Parlamentario N\u00b0 1","('0070-D-2016', 1)":null},"Fecha: ":{"('0070-D-2016', 0)":"01\/03\/2016","('0070-D-2016', 1)":null},"T\u00edtulo":{"('0070-D-2016', 0)":"PREVENCION, SANCION Y ERRADICACION DE LA VIOLENCIA LABORAL. REGIMEN (REPRODUCCION DEL EXPEDIENTE 5548-D-14).","('0070-D-2016', 1)":null},"('Firmantes', 'FIRMANTE')":{"('0070-D-2016', 0)":"BIANCHI, IVANA MARIA","('0070-D-2016', 1)":null},"('Firmantes', 'DISTRITO')":{"('0070-D-2016', 0)":"SAN LUIS","('0070-D-2016', 1)":null},"('Firmantes', 'BLOQUE')":{"('0070-D-2016', 0)":"COMPROMISO FEDERAL","('0070-D-2016', 1)":null},"('Giros', 'COMISI\u00d3N')":{"('0070-D-2016', 0)":"LEGISLACION DEL TRABAJO","('0070-D-2016', 1)":"DERECHOS HUMANOS Y GARANTIAS"},"Sumario":{"('0070-D-2016', 0)":"OBJETO; DEFINICIONES; OBLIGACIONES DEL EMPLEADOR.","('0070-D-2016', 1)":null},"Palabra Clave":{"('0070-D-2016', 0)":" ","('0070-D-2016', 1)":null}}