{"Tipo de Proyecto":{"('0070-S-2016', 0)":"PROYECTO DE DECLARACI\u00d3N"},"Iniciado en: ":{"('0070-S-2016', 0)":"Senado"},"Expediente Senado: ":{"('0070-S-2016', 0)":"0070-S-2016"},"Publicado en: ":{"('0070-S-2016', 0)":"Diario de Asuntos Entrados N\u00b0 4"},"Fecha: ":{"('0070-S-2016', 0)":"02\/03\/2016"},"T\u00edtulo":{"('0070-S-2016', 0)":"EXPRESAR PREOCUPACION POR LA CRISIS DEL SECTOR FRUTICOLA DEL ALTO VALLE DE RIO NEGRO Y NEUQUEN."},"('Firmantes', 'FIRMANTE')":{"('0070-S-2016', 0)":"PEREYRA, GUILLERMO JUAN"},"('Firmantes', 'DISTRITO')":{"('0070-S-2016', 0)":"NEUQUEN"},"('Firmantes', 'BLOQUE')":{"('0070-S-2016', 0)":"MOV POP NEUQUINO"},"('Tramites', 'C\u00c1MARA')":{"('0070-S-2016', 0)":"Senado"},"('Tramites', 'MOVIMIENTO')":{"('0070-S-2016', 0)":"CONSIDERACION Y APROBACION"},"('Tramites', 'FECHA')":{"('0070-S-2016', 0)":"08\/06\/2016"},"('Tramites', 'RESULTADO')":{"('0070-S-2016', 0)":"APROBADO"},"Link":{"('0070-S-2016', 0)":"http:\/\/www.senado.gov.ar\/parlamentario\/comisiones\/verExp\/70.16\/S\/PD"},"Palabra Clave":{"('0070-S-2016', 0)":" "}}