{"Tipo de Proyecto":{"('0070-JGM-2016', 0)":"MENSAJE NRO \/ A\u00d1O"},"Iniciado en: ":{"('0070-JGM-2016', 0)":"Senado"},"Expediente Senado: ":{"('0070-JGM-2016', 0)":"0070-JGM-2016"},"Fecha: ":{"('0070-JGM-2016', 0)":"29\/12\/2017"},"T\u00edtulo":{"('0070-JGM-2016', 0)":"REMISION DE LA CUENTA DE INVERSION PRESENTADA POR EL PODER EJECUTIVO, CORRESPONDIENTE AL EJERCICIO 2015 (0070-JGM-16, 0096-OVD-15, 0235-OV-15, 300-OV-15, 361-OV-15, 393-OV-15, 0011-OV-17, 0012-OV-17, 0051-OV-17, 0101-OV-17, 0146-OV-17, 0168-OV-17, 0262-OV-15, 0263-OV-17, 0269-OV-17, 0342-OV-17, 0397-OV-17, 0456-OV-17, 0465-OV-15 Y 0475-OV-17)."},"('Firmantes', 'FIRMANTE')":{"('0070-JGM-2016', 0)":"PARLAMENTARIA MIXTA REVISORA DE CUENTAS"},"('Firmantes', 'DISTRITO')":{"('0070-JGM-2016', 0)":null},"('Firmantes', 'BLOQUE')":{"('0070-JGM-2016', 0)":null},"Link":{"('0070-JGM-2016', 0)":"http:\/\/www.senado.gov.ar\/parlamentario\/comisiones\/verExp\/70.16\/JGM\/PL"},"Palabra Clave":{"('0070-JGM-2016', 0)":" "}}