{"Tipo de Proyecto":{"('0071-S-2016', 0)":"PROYECTO DE DECLARACI\u00d3N"},"Iniciado en: ":{"('0071-S-2016', 0)":"Senado"},"Expediente Senado: ":{"('0071-S-2016', 0)":"0071-S-2016"},"Publicado en: ":{"('0071-S-2016', 0)":"Diario de Asuntos Entrados N\u00b0 4"},"Fecha: ":{"('0071-S-2016', 0)":"02\/03\/2016"},"T\u00edtulo":{"('0071-S-2016', 0)":"EXPRESAR PREOCUPACION POR LOS TRABAJADORES SUSPENDIDOS EN LA INDUSTRIA AUTOMOTRIZ, INSTANDO A GESTIONAR UNA SOLUCION DESDE EL DIALOGO."},"('Firmantes', 'FIRMANTE')":{"('0071-S-2016', 0)":"PEREYRA, GUILLERMO JUAN"},"('Firmantes', 'DISTRITO')":{"('0071-S-2016', 0)":"NEUQUEN"},"('Firmantes', 'BLOQUE')":{"('0071-S-2016', 0)":"MOV POP NEUQUINO"},"Link":{"('0071-S-2016', 0)":"http:\/\/www.senado.gov.ar\/parlamentario\/comisiones\/verExp\/71.16\/S\/PD"},"Palabra Clave":{"('0071-S-2016', 0)":" "}}