{"Tipo de Proyecto":{"('0071-D-2016', 0)":"PROYECTO DE LEY","('0071-D-2016', 1)":null,"('0071-D-2016', 2)":null,"('0071-D-2016', 3)":null},"Iniciado en: ":{"('0071-D-2016', 0)":"Diputados","('0071-D-2016', 1)":null,"('0071-D-2016', 2)":null,"('0071-D-2016', 3)":null},"Expediente Diputados: ":{"('0071-D-2016', 0)":"0071-D-2016","('0071-D-2016', 1)":null,"('0071-D-2016', 2)":null,"('0071-D-2016', 3)":null},"Publicado en: ":{"('0071-D-2016', 0)":"Tr\u00e1mite Parlamentario N\u00b0 1","('0071-D-2016', 1)":null,"('0071-D-2016', 2)":null,"('0071-D-2016', 3)":null},"Fecha: ":{"('0071-D-2016', 0)":"01\/03\/2016","('0071-D-2016', 1)":null,"('0071-D-2016', 2)":null,"('0071-D-2016', 3)":null},"T\u00edtulo":{"('0071-D-2016', 0)":"TRANSPARENCIA Y ACCESO A LA INFORMACION PUBLICA. REGIMEN (REPRODUCCION DEL EXPEDIENTE 5549-D-14).","('0071-D-2016', 1)":null,"('0071-D-2016', 2)":null,"('0071-D-2016', 3)":null},"('Firmantes', 'FIRMANTE')":{"('0071-D-2016', 0)":"BIANCHI, IVANA MARIA","('0071-D-2016', 1)":null,"('0071-D-2016', 2)":null,"('0071-D-2016', 3)":null},"('Firmantes', 'DISTRITO')":{"('0071-D-2016', 0)":"SAN LUIS","('0071-D-2016', 1)":null,"('0071-D-2016', 2)":null,"('0071-D-2016', 3)":null},"('Firmantes', 'BLOQUE')":{"('0071-D-2016', 0)":"COMPROMISO FEDERAL","('0071-D-2016', 1)":null,"('0071-D-2016', 2)":null,"('0071-D-2016', 3)":null},"('Giros', 'COMISI\u00d3N')":{"('0071-D-2016', 0)":"ASUNTOS CONSTITUCIONALES","('0071-D-2016', 1)":"JUSTICIA","('0071-D-2016', 2)":"LEGISLACION PENAL","('0071-D-2016', 3)":"PRESUPUESTO Y HACIENDA"},"Sumario":{"('0071-D-2016', 0)":"OBJETO: INSTITUCIONALIZACION DE LA FUNCION PUBLICA, CONSAGRACION DEL PRINCIPIO DE TRANSPARENCIA Y REGLAMENTACION DEL DERECHO A LA INFORMACION; DEFINICIONES; SUJETOS COMPRENDIDOS; PUBLICACION DE LA INFORMACION PUBLICA; TRANSPARENCIA ACTIVA; DERECHO DE ACCESO A LA INFORMACION PUBLICA; NEGATIVAS; CAUSALES DE SECRETO O RESERVA;AUTORIDAD DE APLICACION: CREACION DEL TRIBUNAL NACIONAL PARA LA DEFENSA DE LA TRANSFERENCIA DE LA TRANSPARENCIA, COMO ORGANO DESCENTRALIZADO EN EL AMBITO DEL MINISTERIO DE JUSTICIA; INFRACCIONES Y SANCIONES; INVITACION A LAS PROVINCIAS Y A LA CIUDAD AUTONOMA DE BUENOS AIRES A ADHERIR; VIGENCIA DEL DECRETO 1172\/2003 HASTA TANTO EL TRIBUNAL NACIONAL PARA LA DEFENSA DE LA TRANSPARENCIA  QUE DE DEFINITIVAMENTE CONFORMADO Y SE DISPONGAN LAS NORMAS QUE LO REEMPLACEN.","('0071-D-2016', 1)":null,"('0071-D-2016', 2)":null,"('0071-D-2016', 3)":null},"Palabra Clave":{"('0071-D-2016', 0)":" ","('0071-D-2016', 1)":null,"('0071-D-2016', 2)":null,"('0071-D-2016', 3)":null}}