{"Tipo de Proyecto":{"('0072-D-2016', 0)":"PROYECTO DE LEY","('0072-D-2016', 1)":null},"Iniciado en: ":{"('0072-D-2016', 0)":"Diputados","('0072-D-2016', 1)":null},"Expediente Diputados: ":{"('0072-D-2016', 0)":"0072-D-2016","('0072-D-2016', 1)":null},"Publicado en: ":{"('0072-D-2016', 0)":"Tr\u00e1mite Parlamentario N\u00b0 1","('0072-D-2016', 1)":null},"Fecha: ":{"('0072-D-2016', 0)":"01\/03\/2016","('0072-D-2016', 1)":null},"T\u00edtulo":{"('0072-D-2016', 0)":"LEYENDA \"NO APTO PARA DIABETICOS\": OBLIGATORIEDAD DE SU INCLUSION EN TODAS LAS ETIQUETAS DE PRODUCTOS ALIMENTICIOS DESTINADO AL CONSUMO HUMANO. (REPRODUCCION DEL EXPEDIENTE 5550-D-14).","('0072-D-2016', 1)":null},"('Firmantes', 'FIRMANTE')":{"('0072-D-2016', 0)":"BIANCHI, IVANA MARIA","('0072-D-2016', 1)":null},"('Firmantes', 'DISTRITO')":{"('0072-D-2016', 0)":"SAN LUIS","('0072-D-2016', 1)":null},"('Firmantes', 'BLOQUE')":{"('0072-D-2016', 0)":"COMPROMISO FEDERAL","('0072-D-2016', 1)":null},"('Giros', 'COMISI\u00d3N')":{"('0072-D-2016', 0)":"ACCION SOCIAL Y SALUD PUBLICA","('0072-D-2016', 1)":"INDUSTRIA"},"Palabra Clave":{"('0072-D-2016', 0)":" ","('0072-D-2016', 1)":null}}