{"Tipo de Proyecto":{"('0073-D-2016', 0)":"PROYECTO DE LEY","('0073-D-2016', 1)":null},"Iniciado en: ":{"('0073-D-2016', 0)":"Diputados","('0073-D-2016', 1)":null},"Expediente Diputados: ":{"('0073-D-2016', 0)":"0073-D-2016","('0073-D-2016', 1)":null},"Publicado en: ":{"('0073-D-2016', 0)":"Tr\u00e1mite Parlamentario N\u00b0 1","('0073-D-2016', 1)":null},"Fecha: ":{"('0073-D-2016', 0)":"01\/03\/2016","('0073-D-2016', 1)":null},"T\u00edtulo":{"('0073-D-2016', 0)":"OBLIGATORIEDAD DE INSERTAR ROTULOS DE PREVENCION EN ALIMENTOS CON ALTO CONTENIDO DE COLESTEROL (REPRODUCCION DEL EXPEDIENTE 5573-D-14).","('0073-D-2016', 1)":null},"('Firmantes', 'FIRMANTE')":{"('0073-D-2016', 0)":"BIANCHI, IVANA MARIA","('0073-D-2016', 1)":null},"('Firmantes', 'DISTRITO')":{"('0073-D-2016', 0)":"SAN LUIS","('0073-D-2016', 1)":null},"('Firmantes', 'BLOQUE')":{"('0073-D-2016', 0)":"COMPROMISO FEDERAL","('0073-D-2016', 1)":null},"('Giros', 'COMISI\u00d3N')":{"('0073-D-2016', 0)":"ACCION SOCIAL Y SALUD PUBLICA","('0073-D-2016', 1)":"INDUSTRIA"},"('Tramites', 'C\u00c1MARA')":{"('0073-D-2016', 0)":"Diputados","('0073-D-2016', 1)":null},"('Tramites', 'MOVIMIENTO')":{"('0073-D-2016', 0)":"REPRODUCIDO POR EXPEDIENTE 0292-D-18","('0073-D-2016', 1)":null},"('Tramites', 'FECHA')":{"('0073-D-2016', 0)":null,"('0073-D-2016', 1)":null},"('Tramites', 'RESULTADO')":{"('0073-D-2016', 0)":null,"('0073-D-2016', 1)":null},"Palabra Clave":{"('0073-D-2016', 0)":" ","('0073-D-2016', 1)":null}}