{"Tipo de Proyecto":{"('0075-D-2016', 0)":"PROYECTO DE LEY","('0075-D-2016', 1)":null},"Iniciado en: ":{"('0075-D-2016', 0)":"Diputados","('0075-D-2016', 1)":null},"Expediente Diputados: ":{"('0075-D-2016', 0)":"0075-D-2016","('0075-D-2016', 1)":null},"Publicado en: ":{"('0075-D-2016', 0)":"Tr\u00e1mite Parlamentario N\u00b0 1","('0075-D-2016', 1)":null},"Fecha: ":{"('0075-D-2016', 0)":"01\/03\/2016","('0075-D-2016', 1)":null},"T\u00edtulo":{"('0075-D-2016', 0)":"PROHIBICION DEL EMPLEO MEDICO DE ELEMENTOS O SUSTANCIAS CON FTALATOS (REPRODUCCION DEL EXPEDIENTE 6392-D-14).","('0075-D-2016', 1)":null},"('Firmantes', 'FIRMANTE')":{"('0075-D-2016', 0)":"BIANCHI, IVANA MARIA","('0075-D-2016', 1)":null},"('Firmantes', 'DISTRITO')":{"('0075-D-2016', 0)":"SAN LUIS","('0075-D-2016', 1)":null},"('Firmantes', 'BLOQUE')":{"('0075-D-2016', 0)":"COMPROMISO FEDERAL","('0075-D-2016', 1)":null},"('Giros', 'COMISI\u00d3N')":{"('0075-D-2016', 0)":"ACCION SOCIAL Y SALUD PUBLICA","('0075-D-2016', 1)":"FAMILIA, MUJER, NI\u00d1EZ Y ADOLESCENCIA"},"('Tramites', 'C\u00c1MARA')":{"('0075-D-2016', 0)":"Diputados","('0075-D-2016', 1)":null},"('Tramites', 'MOVIMIENTO')":{"('0075-D-2016', 0)":"REPRODUCIDO POR EXPEDIENTE 0293-D-18","('0075-D-2016', 1)":null},"('Tramites', 'FECHA')":{"('0075-D-2016', 0)":null,"('0075-D-2016', 1)":null},"('Tramites', 'RESULTADO')":{"('0075-D-2016', 0)":null,"('0075-D-2016', 1)":null},"Sumario":{"('0075-D-2016', 0)":"PROHIBICION; DETERMINACION; REGLAMENTACION; AUTORIDAD DE APLICACION: MINISTERIO DE SALUD DE LA NACION; SANCIONES; INVITAR A LAS PROVINCIAS Y A LA CIUDAD AUTONOMA DE BUENOS AIRES A ADHERIR A LA PRESENTE LEY.","('0075-D-2016', 1)":null},"Palabra Clave":{"('0075-D-2016', 0)":" ","('0075-D-2016', 1)":null}}