{"Tipo de Proyecto":{"('0076-D-2016', 0)":"PROYECTO DE LEY","('0076-D-2016', 1)":null,"('0076-D-2016', 2)":null,"('0076-D-2016', 3)":null},"Iniciado en: ":{"('0076-D-2016', 0)":"Diputados","('0076-D-2016', 1)":null,"('0076-D-2016', 2)":null,"('0076-D-2016', 3)":null},"Expediente Diputados: ":{"('0076-D-2016', 0)":"0076-D-2016","('0076-D-2016', 1)":null,"('0076-D-2016', 2)":null,"('0076-D-2016', 3)":null},"Publicado en: ":{"('0076-D-2016', 0)":"Tr\u00e1mite Parlamentario N\u00b0 1","('0076-D-2016', 1)":null,"('0076-D-2016', 2)":null,"('0076-D-2016', 3)":null},"Fecha: ":{"('0076-D-2016', 0)":"01\/03\/2016","('0076-D-2016', 1)":null,"('0076-D-2016', 2)":null,"('0076-D-2016', 3)":null},"T\u00edtulo":{"('0076-D-2016', 0)":"TECNICAS DE REPRODUCCION HUMANA ASISTIDA (LEY 26862): MODIFICACION  DEL ARTICULO 7, SOBRE  BENEFICIARIOS Y REVOCATORIA DEL CONSENTIMIENTO. (REPRODUCCION DEL EXPEDIENTE 6493-D-14).","('0076-D-2016', 1)":null,"('0076-D-2016', 2)":null,"('0076-D-2016', 3)":null},"('Firmantes', 'FIRMANTE')":{"('0076-D-2016', 0)":"BIANCHI, IVANA MARIA","('0076-D-2016', 1)":null,"('0076-D-2016', 2)":null,"('0076-D-2016', 3)":null},"('Firmantes', 'DISTRITO')":{"('0076-D-2016', 0)":"SAN LUIS","('0076-D-2016', 1)":null,"('0076-D-2016', 2)":null,"('0076-D-2016', 3)":null},"('Firmantes', 'BLOQUE')":{"('0076-D-2016', 0)":"COMPROMISO FEDERAL","('0076-D-2016', 1)":null,"('0076-D-2016', 2)":null,"('0076-D-2016', 3)":null},"('Giros', 'COMISI\u00d3N')":{"('0076-D-2016', 0)":"ACCION SOCIAL Y SALUD PUBLICA","('0076-D-2016', 1)":"FAMILIA, MUJER, NI\u00d1EZ Y ADOLESCENCIA","('0076-D-2016', 2)":"LEGISLACION GENERAL","('0076-D-2016', 3)":"JUSTICIA"},"Palabra Clave":{"('0076-D-2016', 0)":" ","('0076-D-2016', 1)":null,"('0076-D-2016', 2)":null,"('0076-D-2016', 3)":null}}