{"Tipo de Proyecto":{"('0078-S-2016', 0)":"PROYECTO DE DECLARACI\u00d3N"},"Iniciado en: ":{"('0078-S-2016', 0)":"Senado"},"Expediente Senado: ":{"('0078-S-2016', 0)":"0078-S-2016"},"Publicado en: ":{"('0078-S-2016', 0)":"Diario de Asuntos Entrados N\u00b0 4"},"Fecha: ":{"('0078-S-2016', 0)":"02\/03\/2016"},"T\u00edtulo":{"('0078-S-2016', 0)":"DECLARAR DE INTERES PARLAMENTARIO LA XXVIII EDICION DE LA FIESTA NACIONAL DEL PUESTERO, A REALIZARSE EN LA CIUDAD DE JUNIN DE LOS ANDES PROVINCIA DEL NEUQUEN, ENTRE LOS DIAS 10 Y EL 14 DE FEBRERO DE 2016."},"('Firmantes', 'FIRMANTE')":{"('0078-S-2016', 0)":"PEREYRA, GUILLERMO JUAN"},"('Firmantes', 'DISTRITO')":{"('0078-S-2016', 0)":"NEUQUEN"},"('Firmantes', 'BLOQUE')":{"('0078-S-2016', 0)":"MOV POP NEUQUINO"},"('Tramites', 'C\u00c1MARA')":{"('0078-S-2016', 0)":"Senado"},"('Tramites', 'MOVIMIENTO')":{"('0078-S-2016', 0)":"CONSIDERACION Y APROBACION"},"('Tramites', 'FECHA')":{"('0078-S-2016', 0)":"08\/06\/2016"},"('Tramites', 'RESULTADO')":{"('0078-S-2016', 0)":"APROBADO"},"Link":{"('0078-S-2016', 0)":"http:\/\/www.senado.gov.ar\/parlamentario\/comisiones\/verExp\/78.16\/S\/PD"},"Palabra Clave":{"('0078-S-2016', 0)":" "}}