{"Tipo de Proyecto":{"('0080-S-2016', 0)":"PROYECTO DE DECLARACI\u00d3N"},"Iniciado en: ":{"('0080-S-2016', 0)":"Senado"},"Expediente Senado: ":{"('0080-S-2016', 0)":"0080-S-2016"},"Publicado en: ":{"('0080-S-2016', 0)":"Diario de Asuntos Entrados N\u00b0 4"},"Fecha: ":{"('0080-S-2016', 0)":"02\/03\/2016"},"T\u00edtulo":{"('0080-S-2016', 0)":"ADHERIR AL 30 ANIVERSARIO DE LA FUNDACION DE LA LOCALIDAD DE COPAHUE - CAVIAHUE, PROVINCIA DEL NEUQUEN A CELEBRARSE EL 8 DE ABRIL 2016."},"('Firmantes', 'FIRMANTE')":{"('0080-S-2016', 0)":"PEREYRA, GUILLERMO JUAN"},"('Firmantes', 'DISTRITO')":{"('0080-S-2016', 0)":"NEUQUEN"},"('Firmantes', 'BLOQUE')":{"('0080-S-2016', 0)":"MOV POP NEUQUINO"},"('Tramites', 'C\u00c1MARA')":{"('0080-S-2016', 0)":"Senado"},"('Tramites', 'MOVIMIENTO')":{"('0080-S-2016', 0)":"CONSIDERACION Y APROBACION"},"('Tramites', 'FECHA')":{"('0080-S-2016', 0)":"08\/06\/2016"},"('Tramites', 'RESULTADO')":{"('0080-S-2016', 0)":"APROBADO"},"Link":{"('0080-S-2016', 0)":"http:\/\/www.senado.gov.ar\/parlamentario\/comisiones\/verExp\/80.16\/S\/PD"},"Palabra Clave":{"('0080-S-2016', 0)":" "}}