{"Tipo de Proyecto":{"('0080-D-2016', 0)":"PROYECTO DE LEY"},"Iniciado en: ":{"('0080-D-2016', 0)":"Diputados"},"Expediente Diputados: ":{"('0080-D-2016', 0)":"0080-D-2016"},"Publicado en: ":{"('0080-D-2016', 0)":"Tr\u00e1mite Parlamentario N\u00b0 1"},"Fecha: ":{"('0080-D-2016', 0)":"01\/03\/2016"},"T\u00edtulo":{"('0080-D-2016', 0)":"\"DIA NACIONAL DE LA PERTENENCIA A LA NACION ARGENTINA\": DECLARASE COMO TAL AL DIA 30 DE ABRIL DE CADA A\u00d1O (REPRODUCCION DEL EXPEDIENTE 6494-D-14)."},"('Firmantes', 'FIRMANTE')":{"('0080-D-2016', 0)":"BIANCHI, IVANA MARIA"},"('Firmantes', 'DISTRITO')":{"('0080-D-2016', 0)":"SAN LUIS"},"('Firmantes', 'BLOQUE')":{"('0080-D-2016', 0)":"COMPROMISO FEDERAL"},"('Giros', 'COMISI\u00d3N')":{"('0080-D-2016', 0)":"LEGISLACION GENERAL"},"Palabra Clave":{"('0080-D-2016', 0)":" "}}