{"Tipo de Proyecto":{"('0081-PE-2016', 0)":"MENSAJE NRO: 0023\/16","('0081-PE-2016', 1)":null},"Iniciado en: ":{"('0081-PE-2016', 0)":"Senado","('0081-PE-2016', 1)":null},"Expediente Senado: ":{"('0081-PE-2016', 0)":"0081-PE-2016","('0081-PE-2016', 1)":null},"Fecha: ":{"('0081-PE-2016', 0)":"06\/07\/2016","('0081-PE-2016', 1)":null},"T\u00edtulo":{"('0081-PE-2016', 0)":"COMUNICA EL DICTADO DEL DECRETO 825\/16 DE FACULTADES DELEGADAS, POR EL CUAL SE PRORROGA EL PLAZO PREVISTO EN EL ARTICULO 3 DEL DECRETO 11\/16 DESDE SU VENCIMIENTO Y HASTA EL 31 DE DICIEMBRE DE 2016, INCLUSIVE, RESPECTO A LA LEY 24674 Y SU MODIFICATORIA, DE IMPUESTOS INTERNOS.","('0081-PE-2016', 1)":null},"('Firmantes', 'FIRMANTE')":{"('0081-PE-2016', 0)":"CABRERA, FRANCISCO ADOLFO","('0081-PE-2016', 1)":"FRIGERIO, ROGELIO"},"('Firmantes', 'DISTRITO')":{"('0081-PE-2016', 0)":null,"('0081-PE-2016', 1)":null},"('Firmantes', 'BLOQUE')":{"('0081-PE-2016', 0)":"PODER EJECUTIVO","('0081-PE-2016', 1)":"PODER EJECUTIVO"},"('Tramites', 'C\u00c1MARA')":{"('0081-PE-2016', 0)":"Senado","('0081-PE-2016', 1)":"Senado"},"('Tramites', 'MOVIMIENTO')":{"('0081-PE-2016', 0)":"MOCION DE PREFERENCIA CON DICTAMEN (AFIRMATIVA)","('0081-PE-2016', 1)":"VER TRAMITE DEL DECRETO EN CAMARA DE DIPUTADOS EN EXPEDIENTE 5654-D-2016"},"('Tramites', 'FECHA')":{"('0081-PE-2016', 0)":"23\/11\/2016","('0081-PE-2016', 1)":null},"('Tramites', 'RESULTADO')":{"('0081-PE-2016', 0)":null,"('0081-PE-2016', 1)":null},"Palabra Clave":{"('0081-PE-2016', 0)":" ","('0081-PE-2016', 1)":null}}