{"Tipo de Proyecto":{"('0081-D-2016', 0)":"PROYECTO DE LEY","('0081-D-2016', 1)":null,"('0081-D-2016', 2)":null,"('0081-D-2016', 3)":null,"('0081-D-2016', 4)":null,"('0081-D-2016', 5)":null,"('0081-D-2016', 6)":null},"Iniciado en: ":{"('0081-D-2016', 0)":"Diputados","('0081-D-2016', 1)":null,"('0081-D-2016', 2)":null,"('0081-D-2016', 3)":null,"('0081-D-2016', 4)":null,"('0081-D-2016', 5)":null,"('0081-D-2016', 6)":null},"Expediente Diputados: ":{"('0081-D-2016', 0)":"0081-D-2016","('0081-D-2016', 1)":null,"('0081-D-2016', 2)":null,"('0081-D-2016', 3)":null,"('0081-D-2016', 4)":null,"('0081-D-2016', 5)":null,"('0081-D-2016', 6)":null},"Publicado en: ":{"('0081-D-2016', 0)":"Tr\u00e1mite Parlamentario N\u00b0 1","('0081-D-2016', 1)":null,"('0081-D-2016', 2)":null,"('0081-D-2016', 3)":null,"('0081-D-2016', 4)":null,"('0081-D-2016', 5)":null,"('0081-D-2016', 6)":null},"Fecha: ":{"('0081-D-2016', 0)":"01\/03\/2016","('0081-D-2016', 1)":null,"('0081-D-2016', 2)":null,"('0081-D-2016', 3)":null,"('0081-D-2016', 4)":null,"('0081-D-2016', 5)":null,"('0081-D-2016', 6)":null},"T\u00edtulo":{"('0081-D-2016', 0)":"SISTEMA DE SUBROGANCIAS JUDICIALES PARA EL FUERO FEDERAL Y NACIONAL. REGIMEN.","('0081-D-2016', 1)":null,"('0081-D-2016', 2)":null,"('0081-D-2016', 3)":null,"('0081-D-2016', 4)":null,"('0081-D-2016', 5)":null,"('0081-D-2016', 6)":null},"('Firmantes', 'FIRMANTE')":{"('0081-D-2016', 0)":"MESTRE, DIEGO MATIAS","('0081-D-2016', 1)":"CARRIZO, MARIA SOLEDAD","('0081-D-2016', 2)":"RISTA, OLGA MARIA","('0081-D-2016', 3)":null,"('0081-D-2016', 4)":null,"('0081-D-2016', 5)":null,"('0081-D-2016', 6)":null},"('Firmantes', 'DISTRITO')":{"('0081-D-2016', 0)":"CORDOBA","('0081-D-2016', 1)":"CORDOBA","('0081-D-2016', 2)":"CORDOBA","('0081-D-2016', 3)":null,"('0081-D-2016', 4)":null,"('0081-D-2016', 5)":null,"('0081-D-2016', 6)":null},"('Firmantes', 'BLOQUE')":{"('0081-D-2016', 0)":"UCR","('0081-D-2016', 1)":"UCR","('0081-D-2016', 2)":"UCR","('0081-D-2016', 3)":null,"('0081-D-2016', 4)":null,"('0081-D-2016', 5)":null,"('0081-D-2016', 6)":null},"('Giros', 'COMISI\u00d3N')":{"('0081-D-2016', 0)":"JUSTICIA","('0081-D-2016', 1)":null,"('0081-D-2016', 2)":null,"('0081-D-2016', 3)":null,"('0081-D-2016', 4)":null,"('0081-D-2016', 5)":null,"('0081-D-2016', 6)":null},"('Tramites', 'C\u00c1MARA')":{"('0081-D-2016', 0)":"Diputados","('0081-D-2016', 1)":"Diputados","('0081-D-2016', 2)":"Diputados","('0081-D-2016', 3)":"Senado","('0081-D-2016', 4)":"Senado","('0081-D-2016', 5)":"Senado","('0081-D-2016', 6)":"Senado"},"('Tramites', 'MOVIMIENTO')":{"('0081-D-2016', 0)":"CITACION SESION ESPECIAL CONJUNTAMENTE PARA LOS EXPEDIENTES 0081-D-2016, 3425-D-2016, 0026-PE-2016, 0069-CD-2017 y 0405-D-2017","('0081-D-2016', 1)":"CONSIDERACION Y APROBACION CON MODIFICACIONES CONJUNTAMENTE PARA LOS EXPEDIENTES 0081-D-2016, 3425-D-2016, 0026-PE-2016, 0069-CD-2017 y 0405-D-2017","('0081-D-2016', 2)":"INSERCIONES CONJUNTAMENTE PARA LOS EXPEDIENTES 0081-D-2016, 3425-D-2016, 0026-PE-2016, 0069-CD-2017 y 0405-D-2017","('0081-D-2016', 3)":"PASA A SENADO - CONJUNTAMENTE PARA LOS EXPEDIENTES 0081-D-2016, 3425-D-2016, 0026-PE-2016, 0069-CD-2017 y 0405-D-2017","('0081-D-2016', 4)":"CITACION SESION ESPECIAL CONJUNTAMENTE PARA LOS EXPEDIENTES 0081-D-2016, 3425-D-2016, 0026-PE-2016, 0069-CD-2017 y 0405-D-2017","('0081-D-2016', 5)":"CONSIDERACION Y SANCION CONJUNTAMENTE PARA LOS EXPEDIENTES 0081-D-2016, 3425-D-2016, 0026-PE-2016, 0069-CD-2017 y 0405-D-2017","('0081-D-2016', 6)":"INSERCIONES CONJUNTAMENTE PARA LOS EXPEDIENTES 0081-D-2016, 3425-D-2016, 0026-PE-2016, 0069-CD-2017 y 0405-D-2017"},"('Tramites', 'FECHA')":{"('0081-D-2016', 0)":"22\/11\/2017","('0081-D-2016', 1)":"22\/11\/2017","('0081-D-2016', 2)":"22\/11\/2017","('0081-D-2016', 3)":null,"('0081-D-2016', 4)":"25\/04\/2018","('0081-D-2016', 5)":"25\/04\/2018","('0081-D-2016', 6)":"25\/04\/2018"},"('Tramites', 'RESULTADO')":{"('0081-D-2016', 0)":null,"('0081-D-2016', 1)":"MEDIA SANCION","('0081-D-2016', 2)":null,"('0081-D-2016', 3)":null,"('0081-D-2016', 4)":null,"('0081-D-2016', 5)":"SANCIONADO","('0081-D-2016', 6)":null},"Sumario":{"('0081-D-2016', 0)":"SUPUESTOS; PREFERENCIAS; CONJUECES - MERITOCRACIA; MAYORIA CALIFICADA, PROCEDIMIENTO.","('0081-D-2016', 1)":null,"('0081-D-2016', 2)":null,"('0081-D-2016', 3)":null,"('0081-D-2016', 4)":null,"('0081-D-2016', 5)":null,"('0081-D-2016', 6)":null},"Palabra Clave":{"('0081-D-2016', 0)":" ","('0081-D-2016', 1)":null,"('0081-D-2016', 2)":null,"('0081-D-2016', 3)":null,"('0081-D-2016', 4)":null,"('0081-D-2016', 5)":null,"('0081-D-2016', 6)":null}}