{"Tipo de Proyecto":{"('0082-D-2016', 0)":"PROYECTO DE LEY","('0082-D-2016', 1)":null},"Iniciado en: ":{"('0082-D-2016', 0)":"Diputados","('0082-D-2016', 1)":null},"Expediente Diputados: ":{"('0082-D-2016', 0)":"0082-D-2016","('0082-D-2016', 1)":null},"Publicado en: ":{"('0082-D-2016', 0)":"Tr\u00e1mite Parlamentario N\u00b0 1","('0082-D-2016', 1)":null},"Fecha: ":{"('0082-D-2016', 0)":"01\/03\/2016","('0082-D-2016', 1)":null},"T\u00edtulo":{"('0082-D-2016', 0)":"PROGRAMA NACIONAL DE GEMOLOGIA - PRONAGE -. CREACION.","('0082-D-2016', 1)":null},"('Firmantes', 'FIRMANTE')":{"('0082-D-2016', 0)":"TOMASSI, NESTOR NICOLAS","('0082-D-2016', 1)":null},"('Firmantes', 'DISTRITO')":{"('0082-D-2016', 0)":"CATAMARCA","('0082-D-2016', 1)":null},"('Firmantes', 'BLOQUE')":{"('0082-D-2016', 0)":"JUSTICIALISTA","('0082-D-2016', 1)":null},"('Giros', 'COMISI\u00d3N')":{"('0082-D-2016', 0)":"MINERIA","('0082-D-2016', 1)":"PRESUPUESTO Y HACIENDA"},"Link":{"('0082-D-2016', 0)":"https:\/\/www.hcdn.gob.ar\/proyectos\/textoCompleto.jsp?exp=0082-D-2016&tipo=LEY","('0082-D-2016', 1)":null},"Palabra Clave":{"('0082-D-2016', 0)":" ","('0082-D-2016', 1)":null}}