{"Tipo de Proyecto":{"('0085-D-2016', 0)":"PROYECTO DE LEY","('0085-D-2016', 1)":null,"('0085-D-2016', 2)":null,"('0085-D-2016', 3)":null,"('0085-D-2016', 4)":null,"('0085-D-2016', 5)":null},"Iniciado en: ":{"('0085-D-2016', 0)":"Diputados","('0085-D-2016', 1)":null,"('0085-D-2016', 2)":null,"('0085-D-2016', 3)":null,"('0085-D-2016', 4)":null,"('0085-D-2016', 5)":null},"Expediente Diputados: ":{"('0085-D-2016', 0)":"0085-D-2016","('0085-D-2016', 1)":null,"('0085-D-2016', 2)":null,"('0085-D-2016', 3)":null,"('0085-D-2016', 4)":null,"('0085-D-2016', 5)":null},"Publicado en: ":{"('0085-D-2016', 0)":"Tr\u00e1mite Parlamentario N\u00b0 1","('0085-D-2016', 1)":null,"('0085-D-2016', 2)":null,"('0085-D-2016', 3)":null,"('0085-D-2016', 4)":null,"('0085-D-2016', 5)":null},"Fecha: ":{"('0085-D-2016', 0)":"01\/03\/2016","('0085-D-2016', 1)":null,"('0085-D-2016', 2)":null,"('0085-D-2016', 3)":null,"('0085-D-2016', 4)":null,"('0085-D-2016', 5)":null},"T\u00edtulo":{"('0085-D-2016', 0)":"\"DIA NACIONAL DE LA FAMILIA RURAL\". INSTITUYASE EL DIA 5 DE DICIEMBRE DE CADA A\u00d1O.","('0085-D-2016', 1)":null,"('0085-D-2016', 2)":null,"('0085-D-2016', 3)":null,"('0085-D-2016', 4)":null,"('0085-D-2016', 5)":null},"('Firmantes', 'FIRMANTE')":{"('0085-D-2016', 0)":"GIMENEZ, PATRICIA VIVIANA","('0085-D-2016', 1)":"MARTINEZ, SILVIA ALEJANDRA","('0085-D-2016', 2)":"BURGOS, MARIA GABRIELA","('0085-D-2016', 3)":"PETRI, LUIS ALFONSO","('0085-D-2016', 4)":"OLIVARES, HECTOR ENRIQUE","('0085-D-2016', 5)":"JUAREZ, MYRIAN DEL VALLE"},"('Firmantes', 'DISTRITO')":{"('0085-D-2016', 0)":"MENDOZA","('0085-D-2016', 1)":"JUJUY","('0085-D-2016', 2)":"JUJUY","('0085-D-2016', 3)":"MENDOZA","('0085-D-2016', 4)":"LA RIOJA","('0085-D-2016', 5)":"CATAMARCA"},"('Firmantes', 'BLOQUE')":{"('0085-D-2016', 0)":"UCR","('0085-D-2016', 1)":"UCR","('0085-D-2016', 2)":"UCR","('0085-D-2016', 3)":"UCR","('0085-D-2016', 4)":"UCR","('0085-D-2016', 5)":"FRENTE CIVICO Y SOCIAL DE CATAMARCA"},"('Giros', 'COMISI\u00d3N')":{"('0085-D-2016', 0)":"FAMILIA, MUJER, NI\u00d1EZ Y ADOLESCENCIA","('0085-D-2016', 1)":"LEGISLACION GENERAL","('0085-D-2016', 2)":null,"('0085-D-2016', 3)":null,"('0085-D-2016', 4)":null,"('0085-D-2016', 5)":null},"Link":{"('0085-D-2016', 0)":"https:\/\/www.hcdn.gob.ar\/proyectos\/textoCompleto.jsp?exp=0085-D-2016&tipo=LEY","('0085-D-2016', 1)":null,"('0085-D-2016', 2)":null,"('0085-D-2016', 3)":null,"('0085-D-2016', 4)":null,"('0085-D-2016', 5)":null},"Palabra Clave":{"('0085-D-2016', 0)":" ","('0085-D-2016', 1)":null,"('0085-D-2016', 2)":null,"('0085-D-2016', 3)":null,"('0085-D-2016', 4)":null,"('0085-D-2016', 5)":null}}