{"Tipo de Proyecto":{"('0085-PE-2016', 0)":"MENSAJE NRO: 0076\/16","('0085-PE-2016', 1)":null},"Iniciado en: ":{"('0085-PE-2016', 0)":"Senado","('0085-PE-2016', 1)":null},"Expediente Senado: ":{"('0085-PE-2016', 0)":"0085-PE-2016","('0085-PE-2016', 1)":null},"Publicado en: ":{"('0085-PE-2016', 0)":"DAE S.A. N\u00b0 9","('0085-PE-2016', 1)":null},"Fecha: ":{"('0085-PE-2016', 0)":"18\/06\/2016","('0085-PE-2016', 1)":null},"T\u00edtulo":{"('0085-PE-2016', 0)":"SOLICITA ACUERDO PARA DESIGNAR VOCAL DE LA CAMARA FEDERAL DE APELACIONES DE SAN MARTIN, PROVINCIA DE BUENOS AIRES, SALA I, AL DOCTOR MARCOS MORAN.","('0085-PE-2016', 1)":null},"('Firmantes', 'FIRMANTE')":{"('0085-PE-2016', 0)":"MACRI, MAURICIO","('0085-PE-2016', 1)":"GARAVANO, GERMAN CARLOS"},"('Firmantes', 'DISTRITO')":{"('0085-PE-2016', 0)":null,"('0085-PE-2016', 1)":null},"('Firmantes', 'BLOQUE')":{"('0085-PE-2016', 0)":"PODER EJECUTIVO","('0085-PE-2016', 1)":"PODER EJECUTIVO"},"('Tramites', 'C\u00c1MARA')":{"('0085-PE-2016', 0)":"Senado","('0085-PE-2016', 1)":"Senado"},"('Tramites', 'MOVIMIENTO')":{"('0085-PE-2016', 0)":"CITACION SESION ESPECIAL","('0085-PE-2016', 1)":"CONSIDERACION Y APROBACION"},"('Tramites', 'FECHA')":{"('0085-PE-2016', 0)":"21\/09\/2016","('0085-PE-2016', 1)":"21\/09\/2016"},"('Tramites', 'RESULTADO')":{"('0085-PE-2016', 0)":null,"('0085-PE-2016', 1)":"APROBADO"},"Palabra Clave":{"('0085-PE-2016', 0)":" ","('0085-PE-2016', 1)":null}}