{"Tipo de Proyecto":{"('0086-D-2016', 0)":"PROYECTO DE RESOLUCI\u00d3N","('0086-D-2016', 1)":null,"('0086-D-2016', 2)":null},"Iniciado en: ":{"('0086-D-2016', 0)":"Diputados","('0086-D-2016', 1)":null,"('0086-D-2016', 2)":null},"Expediente Diputados: ":{"('0086-D-2016', 0)":"0086-D-2016","('0086-D-2016', 1)":null,"('0086-D-2016', 2)":null},"Publicado en: ":{"('0086-D-2016', 0)":"Tr\u00e1mite Parlamentario N\u00b0 1","('0086-D-2016', 1)":null,"('0086-D-2016', 2)":null},"Fecha: ":{"('0086-D-2016', 0)":"01\/03\/2016","('0086-D-2016', 1)":null,"('0086-D-2016', 2)":null},"T\u00edtulo":{"('0086-D-2016', 0)":"DECLARAR DE INTERES DE LA H. CAMARA LA \" 35 FIESTA NACIONAL DE LA GANADERIA DE ZONAS ARIDAS \", A REALIZARSE DEL 4 AL 8 DE MAYO DE 2016 EN GENERAL ALVEAR, PROVINCIA DE MENDOZA.","('0086-D-2016', 1)":null,"('0086-D-2016', 2)":null},"('Firmantes', 'FIRMANTE')":{"('0086-D-2016', 0)":"GIMENEZ, PATRICIA VIVIANA","('0086-D-2016', 1)":"PETRI, LUIS ALFONSO","('0086-D-2016', 2)":"JUAREZ, MYRIAN DEL VALLE"},"('Firmantes', 'DISTRITO')":{"('0086-D-2016', 0)":"MENDOZA","('0086-D-2016', 1)":"MENDOZA","('0086-D-2016', 2)":"CATAMARCA"},"('Firmantes', 'BLOQUE')":{"('0086-D-2016', 0)":"UCR","('0086-D-2016', 1)":"UCR","('0086-D-2016', 2)":"FRENTE CIVICO Y SOCIAL DE CATAMARCA"},"('Giros', 'COMISI\u00d3N')":{"('0086-D-2016', 0)":"AGRICULTURA Y GANADERIA","('0086-D-2016', 1)":null,"('0086-D-2016', 2)":null},"('Tramites', 'C\u00c1MARA')":{"('0086-D-2016', 0)":"Diputados","('0086-D-2016', 1)":"Diputados","('0086-D-2016', 2)":null},"('Tramites', 'MOVIMIENTO')":{"('0086-D-2016', 0)":"SOLICITUD DE SER ADHERENTE DE LA DIPUTADA HUCZAK STELLA MARIS (A SUS ANTECEDENTES)","('0086-D-2016', 1)":"APROBACION ARTICULO 114 DEL REGLAMENTO DE LA H CAMARA DE DIPUTADOS; COMUNICADO EL 07\/09\/2016","('0086-D-2016', 2)":null},"('Tramites', 'FECHA')":{"('0086-D-2016', 0)":null,"('0086-D-2016', 1)":null,"('0086-D-2016', 2)":null},"('Tramites', 'RESULTADO')":{"('0086-D-2016', 0)":null,"('0086-D-2016', 1)":"APROBADO","('0086-D-2016', 2)":null},"Link":{"('0086-D-2016', 0)":"https:\/\/www.hcdn.gob.ar\/proyectos\/textoCompleto.jsp?exp=0086-D-2016&tipo=RESOLUCION","('0086-D-2016', 1)":null,"('0086-D-2016', 2)":null},"Palabra Clave":{"('0086-D-2016', 0)":" ","('0086-D-2016', 1)":null,"('0086-D-2016', 2)":null}}