{"Tipo de Proyecto":{"('0086-S-2016', 0)":"MENSAJE NRO: 0090\/16 Y PROYECTO DE LEY","('0086-S-2016', 1)":null,"('0086-S-2016', 2)":null,"('0086-S-2016', 3)":null,"('0086-S-2016', 4)":null,"('0086-S-2016', 5)":null},"Iniciado en: ":{"('0086-S-2016', 0)":"Senado","('0086-S-2016', 1)":null,"('0086-S-2016', 2)":null,"('0086-S-2016', 3)":null,"('0086-S-2016', 4)":null,"('0086-S-2016', 5)":null},"Expediente Diputados: ":{"('0086-S-2016', 0)":"0086-S-2016","('0086-S-2016', 1)":null,"('0086-S-2016', 2)":null,"('0086-S-2016', 3)":null,"('0086-S-2016', 4)":null,"('0086-S-2016', 5)":null},"Expediente Senado: ":{"('0086-S-2016', 0)":"0128-PE-2016","('0086-S-2016', 1)":null,"('0086-S-2016', 2)":null,"('0086-S-2016', 3)":null,"('0086-S-2016', 4)":null,"('0086-S-2016', 5)":null},"Publicado en: ":{"('0086-S-2016', 0)":"Diario de Asuntos Entrados N\u00b0 170","('0086-S-2016', 1)":null,"('0086-S-2016', 2)":null,"('0086-S-2016', 3)":null,"('0086-S-2016', 4)":null,"('0086-S-2016', 5)":null},"Fecha: ":{"('0086-S-2016', 0)":"05\/09\/2016","('0086-S-2016', 1)":null,"('0086-S-2016', 2)":null,"('0086-S-2016', 3)":null,"('0086-S-2016', 4)":null,"('0086-S-2016', 5)":null},"T\u00edtulo":{"('0086-S-2016', 0)":"RATIFICACION DEL ACUERDO SUSCRIPTO CON FECHA 1 DE AGOSTO DE 2016 ENTRE EL ESTADO NACIONAL Y LA PROVINCIA DE SANTA CRUZ, ACORDANDO REDUCIR LA DETRACCION DE LOS QUINCE (15) PUNTOS PORCENTUALES DE LA MASA DE RECURSOS COPARTICIPABLES.","('0086-S-2016', 1)":null,"('0086-S-2016', 2)":null,"('0086-S-2016', 3)":null,"('0086-S-2016', 4)":null,"('0086-S-2016', 5)":null},"('Firmantes', 'FIRMANTE')":{"('0086-S-2016', 0)":"MACRI, MAURICIO","('0086-S-2016', 1)":"PE\u00d1A, MARCOS","('0086-S-2016', 2)":"FRIGERIO, ROGELIO","('0086-S-2016', 3)":null,"('0086-S-2016', 4)":null,"('0086-S-2016', 5)":null},"('Firmantes', 'DISTRITO')":{"('0086-S-2016', 0)":null,"('0086-S-2016', 1)":null,"('0086-S-2016', 2)":null,"('0086-S-2016', 3)":null,"('0086-S-2016', 4)":null,"('0086-S-2016', 5)":null},"('Firmantes', 'BLOQUE')":{"('0086-S-2016', 0)":"PODER EJECUTIVO","('0086-S-2016', 1)":"PODER EJECUTIVO","('0086-S-2016', 2)":"PODER EJECUTIVO","('0086-S-2016', 3)":null,"('0086-S-2016', 4)":null,"('0086-S-2016', 5)":null},"('Giros', 'COMISI\u00d3N')":{"('0086-S-2016', 0)":"PRESUPUESTO Y HACIENDA","('0086-S-2016', 1)":null,"('0086-S-2016', 2)":null,"('0086-S-2016', 3)":null,"('0086-S-2016', 4)":null,"('0086-S-2016', 5)":null},"('Tramites', 'C\u00c1MARA')":{"('0086-S-2016', 0)":"Senado","('0086-S-2016', 1)":"Senado","('0086-S-2016', 2)":"Diputados","('0086-S-2016', 3)":"Diputados","('0086-S-2016', 4)":"Diputados","('0086-S-2016', 5)":"Diputados"},"('Tramites', 'MOVIMIENTO')":{"('0086-S-2016', 0)":"MOCION SOBRE TABLAS (AFIRMATIVA)","('0086-S-2016', 1)":"CONSIDERACION Y APROBACION","('0086-S-2016', 2)":"PASA A DIPUTADOS -","('0086-S-2016', 3)":"MOCION SOBRE TABLAS (AFIRMATIVA)","('0086-S-2016', 4)":"MOCION CAMARA EN COMISION, CONFERENCIA","('0086-S-2016', 5)":"CONSIDERACION Y SANCION"},"('Tramites', 'FECHA')":{"('0086-S-2016', 0)":"07\/09\/2016","('0086-S-2016', 1)":"07\/09\/2016","('0086-S-2016', 2)":null,"('0086-S-2016', 3)":"28\/09\/2016","('0086-S-2016', 4)":"28\/09\/2016","('0086-S-2016', 5)":"28\/09\/2016"},"('Tramites', 'RESULTADO')":{"('0086-S-2016', 0)":null,"('0086-S-2016', 1)":"MEDIA SANCION","('0086-S-2016', 2)":null,"('0086-S-2016', 3)":null,"('0086-S-2016', 4)":null,"('0086-S-2016', 5)":"SANCIONADO"},"Link":{"('0086-S-2016', 0)":"http:\/\/www.senado.gov.ar\/web\/proyectos\/verExpe.php?origen=PE&nro_comision=&tipo=PL&numexp=128\/16&tConsulta=5","('0086-S-2016', 1)":null,"('0086-S-2016', 2)":null,"('0086-S-2016', 3)":null,"('0086-S-2016', 4)":null,"('0086-S-2016', 5)":null},"Palabra Clave":{"('0086-S-2016', 0)":" ","('0086-S-2016', 1)":null,"('0086-S-2016', 2)":null,"('0086-S-2016', 3)":null,"('0086-S-2016', 4)":null,"('0086-S-2016', 5)":null}}