{"Tipo de Proyecto":{"('0087-PE-2016', 0)":"MENSAJE NRO: 0078\/16","('0087-PE-2016', 1)":null},"Iniciado en: ":{"('0087-PE-2016', 0)":"Senado","('0087-PE-2016', 1)":null},"Expediente Senado: ":{"('0087-PE-2016', 0)":"0087-PE-2016","('0087-PE-2016', 1)":null},"Publicado en: ":{"('0087-PE-2016', 0)":"DAE S.A. N\u00b0 9","('0087-PE-2016', 1)":null},"Fecha: ":{"('0087-PE-2016', 0)":"18\/07\/2016","('0087-PE-2016', 1)":null},"T\u00edtulo":{"('0087-PE-2016', 0)":"SOLICITA ACUERDO PARA DESIGNAR JUEZ DEL JUZGADO FEDERAL DE PRIMERA INSTANCIA EN LO CRIMINAL DE INSTRUCCION Y ANTE LA CAMARA NACIONAL DE APELACIONES EN LO CORRECCIONAL NUMERO 3 DE MORON, PROVINCIA DE BUENOS AIRES, AL DOCTOR NESTOR PABLO BARRAL.","('0087-PE-2016', 1)":null},"('Firmantes', 'FIRMANTE')":{"('0087-PE-2016', 0)":"MACRI, MAURICIO","('0087-PE-2016', 1)":"GARAVANO, GERMAN CARLOS"},"('Firmantes', 'DISTRITO')":{"('0087-PE-2016', 0)":null,"('0087-PE-2016', 1)":null},"('Firmantes', 'BLOQUE')":{"('0087-PE-2016', 0)":"PODER EJECUTIVO","('0087-PE-2016', 1)":"PODER EJECUTIVO"},"('Tramites', 'C\u00c1MARA')":{"('0087-PE-2016', 0)":"Senado","('0087-PE-2016', 1)":"Senado"},"('Tramites', 'MOVIMIENTO')":{"('0087-PE-2016', 0)":"CITACION SESION ESPECIAL","('0087-PE-2016', 1)":"CONSIDERACION Y APROBACION"},"('Tramites', 'FECHA')":{"('0087-PE-2016', 0)":"21\/09\/2016","('0087-PE-2016', 1)":"21\/09\/2016"},"('Tramites', 'RESULTADO')":{"('0087-PE-2016', 0)":null,"('0087-PE-2016', 1)":"APROBADO"},"Palabra Clave":{"('0087-PE-2016', 0)":" ","('0087-PE-2016', 1)":null}}