{"Tipo de Proyecto":{"('0088-S-2016', 0)":"MENSAJE NRO: 0770\/16 Y PROYECTO DE LEY","('0088-S-2016', 1)":null,"('0088-S-2016', 2)":null,"('0088-S-2016', 3)":null,"('0088-S-2016', 4)":null,"('0088-S-2016', 5)":null,"('0088-S-2016', 6)":null,"('0088-S-2016', 7)":null,"('0088-S-2016', 8)":null,"('0088-S-2016', 9)":null,"('0088-S-2016', 10)":null,"('0088-S-2016', 11)":null,"('0088-S-2016', 12)":null,"('0088-S-2016', 13)":null},"Iniciado en: ":{"('0088-S-2016', 0)":"Senado","('0088-S-2016', 1)":null,"('0088-S-2016', 2)":null,"('0088-S-2016', 3)":null,"('0088-S-2016', 4)":null,"('0088-S-2016', 5)":null,"('0088-S-2016', 6)":null,"('0088-S-2016', 7)":null,"('0088-S-2016', 8)":null,"('0088-S-2016', 9)":null,"('0088-S-2016', 10)":null,"('0088-S-2016', 11)":null,"('0088-S-2016', 12)":null,"('0088-S-2016', 13)":null},"Expediente Diputados: ":{"('0088-S-2016', 0)":"0088-S-2016","('0088-S-2016', 1)":null,"('0088-S-2016', 2)":null,"('0088-S-2016', 3)":null,"('0088-S-2016', 4)":null,"('0088-S-2016', 5)":null,"('0088-S-2016', 6)":null,"('0088-S-2016', 7)":null,"('0088-S-2016', 8)":null,"('0088-S-2016', 9)":null,"('0088-S-2016', 10)":null,"('0088-S-2016', 11)":null,"('0088-S-2016', 12)":null,"('0088-S-2016', 13)":null},"Expediente Senado: ":{"('0088-S-2016', 0)":"0061-PE-2016","('0088-S-2016', 1)":null,"('0088-S-2016', 2)":null,"('0088-S-2016', 3)":null,"('0088-S-2016', 4)":null,"('0088-S-2016', 5)":null,"('0088-S-2016', 6)":null,"('0088-S-2016', 7)":null,"('0088-S-2016', 8)":null,"('0088-S-2016', 9)":null,"('0088-S-2016', 10)":null,"('0088-S-2016', 11)":null,"('0088-S-2016', 12)":null,"('0088-S-2016', 13)":null},"Publicado en: ":{"('0088-S-2016', 0)":"Diario de Asuntos Entrados N\u00b0 104","('0088-S-2016', 1)":null,"('0088-S-2016', 2)":null,"('0088-S-2016', 3)":null,"('0088-S-2016', 4)":null,"('0088-S-2016', 5)":null,"('0088-S-2016', 6)":null,"('0088-S-2016', 7)":null,"('0088-S-2016', 8)":null,"('0088-S-2016', 9)":null,"('0088-S-2016', 10)":null,"('0088-S-2016', 11)":null,"('0088-S-2016', 12)":null,"('0088-S-2016', 13)":null},"Fecha: ":{"('0088-S-2016', 0)":"09\/06\/2016","('0088-S-2016', 1)":null,"('0088-S-2016', 2)":null,"('0088-S-2016', 3)":null,"('0088-S-2016', 4)":null,"('0088-S-2016', 5)":null,"('0088-S-2016', 6)":null,"('0088-S-2016', 7)":null,"('0088-S-2016', 8)":null,"('0088-S-2016', 9)":null,"('0088-S-2016', 10)":null,"('0088-S-2016', 11)":null,"('0088-S-2016', 12)":null,"('0088-S-2016', 13)":null},"T\u00edtulo":{"('0088-S-2016', 0)":"REGIMEN DE CONTRATACION PUBLICO - PRIVADA ENTRE LA ADMINISTRACION PUBLICA NACIONAL, CENTRALIZADA Y DESCENTRALIZADA Y SUJETOS PRIVADOS. SISTEMA DE PARTICIPACION PUBLICO PRIVADA - PPP.","('0088-S-2016', 1)":null,"('0088-S-2016', 2)":null,"('0088-S-2016', 3)":null,"('0088-S-2016', 4)":null,"('0088-S-2016', 5)":null,"('0088-S-2016', 6)":null,"('0088-S-2016', 7)":null,"('0088-S-2016', 8)":null,"('0088-S-2016', 9)":null,"('0088-S-2016', 10)":null,"('0088-S-2016', 11)":null,"('0088-S-2016', 12)":null,"('0088-S-2016', 13)":null},"('Firmantes', 'FIRMANTE')":{"('0088-S-2016', 0)":"MACRI, MAURICIO","('0088-S-2016', 1)":"PE\u00d1A, MARCOS","('0088-S-2016', 2)":null,"('0088-S-2016', 3)":null,"('0088-S-2016', 4)":null,"('0088-S-2016', 5)":null,"('0088-S-2016', 6)":null,"('0088-S-2016', 7)":null,"('0088-S-2016', 8)":null,"('0088-S-2016', 9)":null,"('0088-S-2016', 10)":null,"('0088-S-2016', 11)":null,"('0088-S-2016', 12)":null,"('0088-S-2016', 13)":null},"('Firmantes', 'DISTRITO')":{"('0088-S-2016', 0)":null,"('0088-S-2016', 1)":null,"('0088-S-2016', 2)":null,"('0088-S-2016', 3)":null,"('0088-S-2016', 4)":null,"('0088-S-2016', 5)":null,"('0088-S-2016', 6)":null,"('0088-S-2016', 7)":null,"('0088-S-2016', 8)":null,"('0088-S-2016', 9)":null,"('0088-S-2016', 10)":null,"('0088-S-2016', 11)":null,"('0088-S-2016', 12)":null,"('0088-S-2016', 13)":null},"('Firmantes', 'BLOQUE')":{"('0088-S-2016', 0)":"PODER EJECUTIVO","('0088-S-2016', 1)":"PODER EJECUTIVO","('0088-S-2016', 2)":null,"('0088-S-2016', 3)":null,"('0088-S-2016', 4)":null,"('0088-S-2016', 5)":null,"('0088-S-2016', 6)":null,"('0088-S-2016', 7)":null,"('0088-S-2016', 8)":null,"('0088-S-2016', 9)":null,"('0088-S-2016', 10)":null,"('0088-S-2016', 11)":null,"('0088-S-2016', 12)":null,"('0088-S-2016', 13)":null},"('Giros', 'COMISI\u00d3N')":{"('0088-S-2016', 0)":"LEGISLACION GENERAL","('0088-S-2016', 1)":"PRESUPUESTO Y HACIENDA","('0088-S-2016', 2)":null,"('0088-S-2016', 3)":null,"('0088-S-2016', 4)":null,"('0088-S-2016', 5)":null,"('0088-S-2016', 6)":null,"('0088-S-2016', 7)":null,"('0088-S-2016', 8)":null,"('0088-S-2016', 9)":null,"('0088-S-2016', 10)":null,"('0088-S-2016', 11)":null,"('0088-S-2016', 12)":null,"('0088-S-2016', 13)":null},"('Tramites', 'C\u00c1MARA')":{"('0088-S-2016', 0)":"Senado","('0088-S-2016', 1)":"Senado","('0088-S-2016', 2)":"Senado","('0088-S-2016', 3)":"Senado","('0088-S-2016', 4)":"Diputados","('0088-S-2016', 5)":"Diputados","('0088-S-2016', 6)":"Diputados","('0088-S-2016', 7)":"Diputados","('0088-S-2016', 8)":"Diputados","('0088-S-2016', 9)":"Diputados","('0088-S-2016', 10)":"Diputados","('0088-S-2016', 11)":"Senado","('0088-S-2016', 12)":"Senado","('0088-S-2016', 13)":"Senado"},"('Tramites', 'MOVIMIENTO')":{"('0088-S-2016', 0)":"AMPLIACION DE GIRO A LA COMISION DE ASUNTOS ADMINISTRATIVOS Y MUNICIPALES","('0088-S-2016', 1)":"CITACION SESION ESPECIAL","('0088-S-2016', 2)":"CONSIDERACION Y APROBACION CON MODIFICACIONES","('0088-S-2016', 3)":"INSERCIONES","('0088-S-2016', 4)":"PASA A DIPUTADOS -","('0088-S-2016', 5)":"CITACION SESION ESPECIAL","('0088-S-2016', 6)":"CONSIDERACION","('0088-S-2016', 7)":"MOCION DE VUELTA A COMISION (AFIRMATIVA) (VOTACION NOMINAL)","('0088-S-2016', 8)":"INSERCIONES","('0088-S-2016', 9)":"CONSIDERACION Y APROBACION CON MODIFICACIONES","('0088-S-2016', 10)":"INSERCIONES","('0088-S-2016', 11)":"VUELVE A SENADO -","('0088-S-2016', 12)":"CONSIDERACION Y SANCION (ACEPTACION DE LAS MODIFICACIONES INTRODUCIDAS POR LA H CAMARA DE DIPUTADOS)","('0088-S-2016', 13)":"INSERCIONES"},"('Tramites', 'FECHA')":{"('0088-S-2016', 0)":"29\/06\/2016","('0088-S-2016', 1)":"21\/09\/2016","('0088-S-2016', 2)":"21\/09\/2016","('0088-S-2016', 3)":"21\/09\/2016","('0088-S-2016', 4)":null,"('0088-S-2016', 5)":"26\/10\/2016","('0088-S-2016', 6)":"26\/10\/2016","('0088-S-2016', 7)":"26\/10\/2016","('0088-S-2016', 8)":"26\/10\/2016","('0088-S-2016', 9)":"02\/11\/2016","('0088-S-2016', 10)":"02\/11\/2016","('0088-S-2016', 11)":null,"('0088-S-2016', 12)":"16\/11\/2016","('0088-S-2016', 13)":"16\/11\/2016"},"('Tramites', 'RESULTADO')":{"('0088-S-2016', 0)":null,"('0088-S-2016', 1)":null,"('0088-S-2016', 2)":"MEDIA SANCION","('0088-S-2016', 3)":null,"('0088-S-2016', 4)":null,"('0088-S-2016', 5)":null,"('0088-S-2016', 6)":null,"('0088-S-2016', 7)":null,"('0088-S-2016', 8)":null,"('0088-S-2016', 9)":"MEDIA SANCION","('0088-S-2016', 10)":null,"('0088-S-2016', 11)":null,"('0088-S-2016', 12)":"SANCIONADO","('0088-S-2016', 13)":null},"Sumario":{"('0088-S-2016', 0)":"CONTRATOS; PROCEDIMIENTOS DE SELECCION; GARANTIAS; ANTICORRUPCION; SOLUCION DE CONTROVERSIAS; DEROGACION DEL DECRETO 1299\/2000 DE PROMOCION DE LA PARTICIPACION PRIVADA  EN INFRAESTRUCTURA.","('0088-S-2016', 1)":null,"('0088-S-2016', 2)":null,"('0088-S-2016', 3)":null,"('0088-S-2016', 4)":null,"('0088-S-2016', 5)":null,"('0088-S-2016', 6)":null,"('0088-S-2016', 7)":null,"('0088-S-2016', 8)":null,"('0088-S-2016', 9)":null,"('0088-S-2016', 10)":null,"('0088-S-2016', 11)":null,"('0088-S-2016', 12)":null,"('0088-S-2016', 13)":null},"Palabra Clave":{"('0088-S-2016', 0)":" ","('0088-S-2016', 1)":null,"('0088-S-2016', 2)":null,"('0088-S-2016', 3)":null,"('0088-S-2016', 4)":null,"('0088-S-2016', 5)":null,"('0088-S-2016', 6)":null,"('0088-S-2016', 7)":null,"('0088-S-2016', 8)":null,"('0088-S-2016', 9)":null,"('0088-S-2016', 10)":null,"('0088-S-2016', 11)":null,"('0088-S-2016', 12)":null,"('0088-S-2016', 13)":null}}