{"Tipo de Proyecto":{"('0088-D-2016', 0)":"PROYECTO DE LEY","('0088-D-2016', 1)":null},"Iniciado en: ":{"('0088-D-2016', 0)":"Diputados","('0088-D-2016', 1)":null},"Expediente Diputados: ":{"('0088-D-2016', 0)":"0088-D-2016","('0088-D-2016', 1)":null},"Publicado en: ":{"('0088-D-2016', 0)":"Tr\u00e1mite Parlamentario N\u00b0 1","('0088-D-2016', 1)":null},"Fecha: ":{"('0088-D-2016', 0)":"01\/03\/2016","('0088-D-2016', 1)":null},"T\u00edtulo":{"('0088-D-2016', 0)":"CODIGO ELECTORAL NACIONAL - LEY 19945 -. MODIFICACION DEL ARTICULO 126, SOBRE PAGO DE LA MULTA.","('0088-D-2016', 1)":null},"('Firmantes', 'FIRMANTE')":{"('0088-D-2016', 0)":"GIMENEZ, PATRICIA VIVIANA","('0088-D-2016', 1)":"PETRI, LUIS ALFONSO"},"('Firmantes', 'DISTRITO')":{"('0088-D-2016', 0)":"MENDOZA","('0088-D-2016', 1)":"MENDOZA"},"('Firmantes', 'BLOQUE')":{"('0088-D-2016', 0)":"UCR","('0088-D-2016', 1)":"UCR"},"('Giros', 'COMISI\u00d3N')":{"('0088-D-2016', 0)":"ASUNTOS CONSTITUCIONALES","('0088-D-2016', 1)":"JUSTICIA"},"Link":{"('0088-D-2016', 0)":"https:\/\/www.hcdn.gob.ar\/proyectos\/textoCompleto.jsp?exp=0088-D-2016&tipo=LEY","('0088-D-2016', 1)":null},"Palabra Clave":{"('0088-D-2016', 0)":" ","('0088-D-2016', 1)":null}}