{"Tipo de Proyecto":{"('0089-D-2016', 0)":"PROYECTO DE LEY","('0089-D-2016', 1)":null},"Iniciado en: ":{"('0089-D-2016', 0)":"Diputados","('0089-D-2016', 1)":null},"Expediente Diputados: ":{"('0089-D-2016', 0)":"0089-D-2016","('0089-D-2016', 1)":null},"Publicado en: ":{"('0089-D-2016', 0)":"Tr\u00e1mite Parlamentario N\u00b0 1","('0089-D-2016', 1)":null},"Fecha: ":{"('0089-D-2016', 0)":"01\/03\/2016","('0089-D-2016', 1)":null},"T\u00edtulo":{"('0089-D-2016', 0)":"CODIGO NACIONAL ELECTORAL - LEY 19945 -. INCORPORACION DE LOS ARTICULOS 18 BIS Y 18 TER, SOBRE DIFUSION DE LOS INSCRIPTOS EN EL REGISTRO DE INFRACTORES Y RECLAMOS DE LOS ELECTORES, RESPECTIVAMENTE.","('0089-D-2016', 1)":null},"('Firmantes', 'FIRMANTE')":{"('0089-D-2016', 0)":"GIMENEZ, PATRICIA VIVIANA","('0089-D-2016', 1)":"PETRI, LUIS ALFONSO"},"('Firmantes', 'DISTRITO')":{"('0089-D-2016', 0)":"MENDOZA","('0089-D-2016', 1)":"MENDOZA"},"('Firmantes', 'BLOQUE')":{"('0089-D-2016', 0)":"UCR","('0089-D-2016', 1)":"UCR"},"('Giros', 'COMISI\u00d3N')":{"('0089-D-2016', 0)":"ASUNTOS CONSTITUCIONALES","('0089-D-2016', 1)":"JUSTICIA"},"Link":{"('0089-D-2016', 0)":"https:\/\/www.hcdn.gob.ar\/proyectos\/textoCompleto.jsp?exp=0089-D-2016&tipo=LEY","('0089-D-2016', 1)":null},"Palabra Clave":{"('0089-D-2016', 0)":" ","('0089-D-2016', 1)":null}}