{"Tipo de Proyecto":{"('0092-S-2016', 0)":"PROYECTO DE DECLARACI\u00d3N"},"Iniciado en: ":{"('0092-S-2016', 0)":"Senado"},"Expediente Senado: ":{"('0092-S-2016', 0)":"0092-S-2016"},"Publicado en: ":{"('0092-S-2016', 0)":"Diario de Asuntos Entrados N\u00b0 5"},"Fecha: ":{"('0092-S-2016', 0)":"02\/03\/2016"},"T\u00edtulo":{"('0092-S-2016', 0)":"ADHERIR AL 20\u00ba ANIVERSARIO DE LA LOCALIDAD DE LOS CHIHUIDOS PROVINCIA DEL NEUQUEN, A CELEBRARSE EL 17 DE SEPTIEMBRE DE 2016."},"('Firmantes', 'FIRMANTE')":{"('0092-S-2016', 0)":"PEREYRA, GUILLERMO JUAN"},"('Firmantes', 'DISTRITO')":{"('0092-S-2016', 0)":"NEUQUEN"},"('Firmantes', 'BLOQUE')":{"('0092-S-2016', 0)":"MOV POP NEUQUINO"},"('Tramites', 'C\u00c1MARA')":{"('0092-S-2016', 0)":"Senado"},"('Tramites', 'MOVIMIENTO')":{"('0092-S-2016', 0)":"CONSIDERACION Y APROBACION"},"('Tramites', 'FECHA')":{"('0092-S-2016', 0)":"08\/06\/2016"},"('Tramites', 'RESULTADO')":{"('0092-S-2016', 0)":"APROBADO"},"Link":{"('0092-S-2016', 0)":"http:\/\/www.senado.gov.ar\/parlamentario\/comisiones\/verExp\/92.16\/S\/PD"},"Palabra Clave":{"('0092-S-2016', 0)":" "}}