{"Tipo de Proyecto":{"('0093-D-2016', 0)":"PROYECTO DE LEY","('0093-D-2016', 1)":null,"('0093-D-2016', 2)":null,"('0093-D-2016', 3)":null},"Iniciado en: ":{"('0093-D-2016', 0)":"Diputados","('0093-D-2016', 1)":null,"('0093-D-2016', 2)":null,"('0093-D-2016', 3)":null},"Expediente Diputados: ":{"('0093-D-2016', 0)":"0093-D-2016","('0093-D-2016', 1)":null,"('0093-D-2016', 2)":null,"('0093-D-2016', 3)":null},"Publicado en: ":{"('0093-D-2016', 0)":"Tr\u00e1mite Parlamentario N\u00b0 1","('0093-D-2016', 1)":null,"('0093-D-2016', 2)":null,"('0093-D-2016', 3)":null},"Fecha: ":{"('0093-D-2016', 0)":"01\/03\/2016","('0093-D-2016', 1)":null,"('0093-D-2016', 2)":null,"('0093-D-2016', 3)":null},"T\u00edtulo":{"('0093-D-2016', 0)":"IMPUESTO A LAS GANANCIAS - LEY 20628 -. MODIFICACIONES SOBRE MINIMO NO IMPONIBLE Y LAS ESCALAS APLICABLES.","('0093-D-2016', 1)":null,"('0093-D-2016', 2)":null,"('0093-D-2016', 3)":null},"('Firmantes', 'FIRMANTE')":{"('0093-D-2016', 0)":"GIMENEZ, PATRICIA VIVIANA","('0093-D-2016', 1)":"PASTORI, LUIS MARIO","('0093-D-2016', 2)":"PETRI, LUIS ALFONSO","('0093-D-2016', 3)":"BAZZE, MIGUEL ANGEL"},"('Firmantes', 'DISTRITO')":{"('0093-D-2016', 0)":"MENDOZA","('0093-D-2016', 1)":"MISIONES","('0093-D-2016', 2)":"MENDOZA","('0093-D-2016', 3)":"BUENOS AIRES"},"('Firmantes', 'BLOQUE')":{"('0093-D-2016', 0)":"UCR","('0093-D-2016', 1)":"UCR","('0093-D-2016', 2)":"UCR","('0093-D-2016', 3)":"UCR"},"('Giros', 'COMISI\u00d3N')":{"('0093-D-2016', 0)":"PRESUPUESTO Y HACIENDA","('0093-D-2016', 1)":null,"('0093-D-2016', 2)":null,"('0093-D-2016', 3)":null},"Sumario":{"('0093-D-2016', 0)":"MODIFICACION DE LOS ARTICULOS 23, 90, 20; INCORPORACION DE INCISO H) AL ARTICULO 79","('0093-D-2016', 1)":null,"('0093-D-2016', 2)":null,"('0093-D-2016', 3)":null},"Palabra Clave":{"('0093-D-2016', 0)":" ","('0093-D-2016', 1)":null,"('0093-D-2016', 2)":null,"('0093-D-2016', 3)":null}}