{"Tipo de Proyecto":{"('0094-D-2016', 0)":"PROYECTO DE LEY","('0094-D-2016', 1)":null,"('0094-D-2016', 2)":null},"Iniciado en: ":{"('0094-D-2016', 0)":"Diputados","('0094-D-2016', 1)":null,"('0094-D-2016', 2)":null},"Expediente Diputados: ":{"('0094-D-2016', 0)":"0094-D-2016","('0094-D-2016', 1)":null,"('0094-D-2016', 2)":null},"Publicado en: ":{"('0094-D-2016', 0)":"Tr\u00e1mite Parlamentario N\u00b0 1","('0094-D-2016', 1)":null,"('0094-D-2016', 2)":null},"Fecha: ":{"('0094-D-2016', 0)":"01\/03\/2016","('0094-D-2016', 1)":null,"('0094-D-2016', 2)":null},"T\u00edtulo":{"('0094-D-2016', 0)":"NACIONAL DE EDUCACION - LEY 26206 -. INCORPORACION DEL ARTICULO 129 BIS EN EL CAPITULO VI DERECHOS Y DEBERES DE LOS ALUMNOS Y RESPONSABILIDADES DE PADRES Y REPRESENTANTES DE ALUMNOS.","('0094-D-2016', 1)":null,"('0094-D-2016', 2)":null},"('Firmantes', 'FIRMANTE')":{"('0094-D-2016', 0)":"GIMENEZ, PATRICIA VIVIANA","('0094-D-2016', 1)":"BURGOS, MARIA GABRIELA","('0094-D-2016', 2)":"PETRI, LUIS ALFONSO"},"('Firmantes', 'DISTRITO')":{"('0094-D-2016', 0)":"MENDOZA","('0094-D-2016', 1)":"JUJUY","('0094-D-2016', 2)":"MENDOZA"},"('Firmantes', 'BLOQUE')":{"('0094-D-2016', 0)":"UCR","('0094-D-2016', 1)":"UCR","('0094-D-2016', 2)":"UCR"},"('Giros', 'COMISI\u00d3N')":{"('0094-D-2016', 0)":"EDUCACION","('0094-D-2016', 1)":"FAMILIA, MUJER, NI\u00d1EZ Y ADOLESCENCIA","('0094-D-2016', 2)":null},"Link":{"('0094-D-2016', 0)":"https:\/\/www.hcdn.gob.ar\/proyectos\/textoCompleto.jsp?exp=0094-D-2016&tipo=LEY","('0094-D-2016', 1)":null,"('0094-D-2016', 2)":null},"Palabra Clave":{"('0094-D-2016', 0)":" ","('0094-D-2016', 1)":null,"('0094-D-2016', 2)":null}}