{"Tipo de Proyecto":{"('0094-S-2016', 0)":"PROYECTO DE LEY","('0094-S-2016', 1)":null},"Iniciado en: ":{"('0094-S-2016', 0)":"Senado","('0094-S-2016', 1)":null},"Expediente Diputados: ":{"('0094-S-2016', 0)":"0094-S-2016","('0094-S-2016', 1)":null},"Expediente Senado: ":{"('0094-S-2016', 0)":"0012-S-2016","('0094-S-2016', 1)":null},"Publicado en: ":{"('0094-S-2016', 0)":"Diario de Asuntos Entrados N\u00b0 1","('0094-S-2016', 1)":null},"Fecha: ":{"('0094-S-2016', 0)":"02\/03\/2016","('0094-S-2016', 1)":null},"T\u00edtulo":{"('0094-S-2016', 0)":"CREACION DEL REGISTRO NACIONAL DE PERSONAS ADULTAS EXTRAVIADAS (RENAPAE)  (REPRODUCCION DEL EXPEDIENTE 0490-S-14).","('0094-S-2016', 1)":null},"('Firmantes', 'FIRMANTE')":{"('0094-S-2016', 0)":"LEGUIZAMON, MARIA LAURA","('0094-S-2016', 1)":null},"('Firmantes', 'DISTRITO')":{"('0094-S-2016', 0)":"BUENOS AIRES","('0094-S-2016', 1)":null},"('Firmantes', 'BLOQUE')":{"('0094-S-2016', 0)":"FRENTE PARA LA VICTORIA - PJ","('0094-S-2016', 1)":null},"('Giros', 'COMISI\u00d3N')":{"('0094-S-2016', 0)":"JUSTICIA","('0094-S-2016', 1)":"PRESUPUESTO Y HACIENDA"},"('Tramites', 'C\u00c1MARA')":{"('0094-S-2016', 0)":"Senado","('0094-S-2016', 1)":"Diputados"},"('Tramites', 'MOVIMIENTO')":{"('0094-S-2016', 0)":"CONSIDERACION Y APROBACION","('0094-S-2016', 1)":"PASA A DIPUTADOS -"},"('Tramites', 'FECHA')":{"('0094-S-2016', 0)":"19\/10\/2016","('0094-S-2016', 1)":null},"('Tramites', 'RESULTADO')":{"('0094-S-2016', 0)":"MEDIA SANCION","('0094-S-2016', 1)":null},"Sumario":{"('0094-S-2016', 0)":"FUNCIONES Y FUNCIONAMIENTO.","('0094-S-2016', 1)":null},"Palabra Clave":{"('0094-S-2016', 0)":" ","('0094-S-2016', 1)":null}}