{"Tipo de Proyecto":{"('0095-OV-2016', 0)":"PROYECTO DE RESOLUCI\u00d3N","('0095-OV-2016', 1)":null,"('0095-OV-2016', 2)":null},"Iniciado en: ":{"('0095-OV-2016', 0)":"Senado","('0095-OV-2016', 1)":null,"('0095-OV-2016', 2)":null},"Expediente Senado: ":{"('0095-OV-2016', 0)":"0095-OV-2016","('0095-OV-2016', 1)":null,"('0095-OV-2016', 2)":null},"Publicado en: ":{"('0095-OV-2016', 0)":"Diario de Asuntos Entrados N\u00b0 0","('0095-OV-2016', 1)":null,"('0095-OV-2016', 2)":null},"Fecha: ":{"('0095-OV-2016', 0)":"06\/05\/2016","('0095-OV-2016', 1)":null,"('0095-OV-2016', 2)":null},"T\u00edtulo":{"('0095-OV-2016', 0)":"DEFENSORIA DE LOS DERECHOS DE LAS NI\u00d1AS, NI\u00d1OS Y ADOLESCENTES, PROVINCIA DE LA PAMPA: SOLICITA LA DESIGNACION DEL TITULAR DE DICHA DEFENSORIA SEGUN LO ESTABLECIDO POR LA LEY 26061 - PROTECCION INTEGRAL DE LOS NI\u00d1OS, NI\u00d1AS Y ADOLESCENTES-.","('0095-OV-2016', 1)":null,"('0095-OV-2016', 2)":null},"('Firmantes', 'FIRMANTE')":{"('0095-OV-2016', 0)":"ASUNTOS CONSTITUCIONALES","('0095-OV-2016', 1)":null,"('0095-OV-2016', 2)":null},"('Firmantes', 'DISTRITO')":{"('0095-OV-2016', 0)":null,"('0095-OV-2016', 1)":null,"('0095-OV-2016', 2)":null},"('Firmantes', 'BLOQUE')":{"('0095-OV-2016', 0)":null,"('0095-OV-2016', 1)":null,"('0095-OV-2016', 2)":null},"('Tramites', 'C\u00c1MARA')":{"('0095-OV-2016', 0)":"Senado","('0095-OV-2016', 1)":"Senado","('0095-OV-2016', 2)":"Diputados"},"('Tramites', 'MOVIMIENTO')":{"('0095-OV-2016', 0)":"CONSIDERACION Y APROBACION CONJUNTAMENTE PARA LOS EXPEDIENTES 0984-S-2016, 0031-S-2016, 1067-S-2016, 1337-S-2016, 1311-S-2016, 1655-S-2016 y 0095-OV-2016","('0095-OV-2016', 1)":"INSERCIONES CONJUNTAMENTE PARA LOS EXPEDIENTES 0984-S-2016, 0031-S-2016, 1067-S-2016, 1337-S-2016, 1311-S-2016, 1655-S-2016 y 0095-OV-2016","('0095-OV-2016', 2)":"PASA A DIPUTADOS - CONJUNTAMENTE PARA LOS EXPEDIENTES 0984-S-2016, 0031-S-2016, 1067-S-2016, 1337-S-2016, 1311-S-2016, 1655-S-2016 y 0095-OV-2016"},"('Tramites', 'FECHA')":{"('0095-OV-2016', 0)":"08\/06\/2016","('0095-OV-2016', 1)":"08\/06\/2016","('0095-OV-2016', 2)":null},"('Tramites', 'RESULTADO')":{"('0095-OV-2016', 0)":"APROBADO","('0095-OV-2016', 1)":null,"('0095-OV-2016', 2)":null},"Link":{"('0095-OV-2016', 0)":"http:\/\/www.senado.gov.ar\/parlamentario\/comisiones\/verExp\/95.16\/OV\/PR","('0095-OV-2016', 1)":null,"('0095-OV-2016', 2)":null},"Palabra Clave":{"('0095-OV-2016', 0)":" ","('0095-OV-2016', 1)":null,"('0095-OV-2016', 2)":null}}