{"Tipo de Proyecto":{"('0095-S-2016', 0)":"PROYECTO DE LEY","('0095-S-2016', 1)":null,"('0095-S-2016', 2)":null,"('0095-S-2016', 3)":null},"Iniciado en: ":{"('0095-S-2016', 0)":"Senado","('0095-S-2016', 1)":null,"('0095-S-2016', 2)":null,"('0095-S-2016', 3)":null},"Expediente Diputados: ":{"('0095-S-2016', 0)":"0095-S-2016","('0095-S-2016', 1)":null,"('0095-S-2016', 2)":null,"('0095-S-2016', 3)":null},"Expediente Senado: ":{"('0095-S-2016', 0)":"2120-S-2016","('0095-S-2016', 1)":null,"('0095-S-2016', 2)":null,"('0095-S-2016', 3)":null},"Publicado en: ":{"('0095-S-2016', 0)":"Diario de Asuntos Entrados N\u00b0 105","('0095-S-2016', 1)":null,"('0095-S-2016', 2)":null,"('0095-S-2016', 3)":null},"Fecha: ":{"('0095-S-2016', 0)":"10\/06\/2016","('0095-S-2016', 1)":null,"('0095-S-2016', 2)":null,"('0095-S-2016', 3)":null},"T\u00edtulo":{"('0095-S-2016', 0)":"DECLARAR CAPITAL NACIONAL DEL HOCKEY SOBRE PATINES A LA CIUDAD DE SAN JUAN.","('0095-S-2016', 1)":null,"('0095-S-2016', 2)":null,"('0095-S-2016', 3)":null},"('Firmantes', 'FIRMANTE')":{"('0095-S-2016', 0)":"RIOFRIO, MARINA RAQUEL","('0095-S-2016', 1)":null,"('0095-S-2016', 2)":null,"('0095-S-2016', 3)":null},"('Firmantes', 'DISTRITO')":{"('0095-S-2016', 0)":"SAN JUAN","('0095-S-2016', 1)":null,"('0095-S-2016', 2)":null,"('0095-S-2016', 3)":null},"('Firmantes', 'BLOQUE')":{"('0095-S-2016', 0)":"FRENTE PARA LA VICTORIA - PJ","('0095-S-2016', 1)":null,"('0095-S-2016', 2)":null,"('0095-S-2016', 3)":null},"('Giros', 'COMISI\u00d3N')":{"('0095-S-2016', 0)":"DEPORTES","('0095-S-2016', 1)":"LEGISLACION GENERAL","('0095-S-2016', 2)":null,"('0095-S-2016', 3)":null},"('Tramites', 'C\u00c1MARA')":{"('0095-S-2016', 0)":"Senado","('0095-S-2016', 1)":"Diputados","('0095-S-2016', 2)":"Senado","('0095-S-2016', 3)":"Senado"},"('Tramites', 'MOVIMIENTO')":{"('0095-S-2016', 0)":"CONSIDERACION Y APROBACION","('0095-S-2016', 1)":"PASA A DIPUTADOS -","('0095-S-2016', 2)":"SECRETARIA PARLAMENTARIA DE LA H CAMARA DE DIPUTADOS REMITE NOTA DE LA PRESIDENTA DE LA COMISION DE DEPORTES SOLICITANDO SE RESPETE EL ORDEN DE PRECEDENCIA DEL PROYECTO DE LEY QUE APROBO LA H CAMARA DE DIPUTADOS SOBRE EL MISMO TEMA EL 14\/09\/2016 (EXPEDIENTE 1736-D-16)","('0095-S-2016', 3)":"VER EXPEDIENTE 1739-D-2016, 0051-CD-2016"},"('Tramites', 'FECHA')":{"('0095-S-2016', 0)":"19\/10\/2016","('0095-S-2016', 1)":null,"('0095-S-2016', 2)":null,"('0095-S-2016', 3)":null},"('Tramites', 'RESULTADO')":{"('0095-S-2016', 0)":"MEDIA SANCION","('0095-S-2016', 1)":null,"('0095-S-2016', 2)":null,"('0095-S-2016', 3)":null},"Link":{"('0095-S-2016', 0)":"http:\/\/www.senado.gov.ar\/parlamentario\/comisiones\/verExp\/2120.16\/S\/PL","('0095-S-2016', 1)":null,"('0095-S-2016', 2)":null,"('0095-S-2016', 3)":null},"Palabra Clave":{"('0095-S-2016', 0)":" ","('0095-S-2016', 1)":null,"('0095-S-2016', 2)":null,"('0095-S-2016', 3)":null}}