{"Tipo de Proyecto":{"('0095-D-2016', 0)":"PROYECTO DE DECLARACI\u00d3N","('0095-D-2016', 1)":null,"('0095-D-2016', 2)":null,"('0095-D-2016', 3)":null,"('0095-D-2016', 4)":null},"Iniciado en: ":{"('0095-D-2016', 0)":"Diputados","('0095-D-2016', 1)":null,"('0095-D-2016', 2)":null,"('0095-D-2016', 3)":null,"('0095-D-2016', 4)":null},"Expediente Diputados: ":{"('0095-D-2016', 0)":"0095-D-2016","('0095-D-2016', 1)":null,"('0095-D-2016', 2)":null,"('0095-D-2016', 3)":null,"('0095-D-2016', 4)":null},"Publicado en: ":{"('0095-D-2016', 0)":"Tr\u00e1mite Parlamentario N\u00b0 1","('0095-D-2016', 1)":null,"('0095-D-2016', 2)":null,"('0095-D-2016', 3)":null,"('0095-D-2016', 4)":null},"Fecha: ":{"('0095-D-2016', 0)":"01\/03\/2016","('0095-D-2016', 1)":null,"('0095-D-2016', 2)":null,"('0095-D-2016', 3)":null,"('0095-D-2016', 4)":null},"T\u00edtulo":{"('0095-D-2016', 0)":"EXPRESAR BENEPLACITO POR EL 80 ANIVERSARIO DE LA FIESTA NACIONAL DE LA VENDIMIA EN LA PROVINCIA DE MENDOZA.","('0095-D-2016', 1)":null,"('0095-D-2016', 2)":null,"('0095-D-2016', 3)":null,"('0095-D-2016', 4)":null},"('Firmantes', 'FIRMANTE')":{"('0095-D-2016', 0)":"GIMENEZ, PATRICIA VIVIANA","('0095-D-2016', 1)":"PETRI, LUIS ALFONSO","('0095-D-2016', 2)":"BURGOS, MARIA GABRIELA","('0095-D-2016', 3)":"JUAREZ, MYRIAN DEL VALLE","('0095-D-2016', 4)":"BORSANI, LUIS GUSTAVO"},"('Firmantes', 'DISTRITO')":{"('0095-D-2016', 0)":"MENDOZA","('0095-D-2016', 1)":"MENDOZA","('0095-D-2016', 2)":"JUJUY","('0095-D-2016', 3)":"CATAMARCA","('0095-D-2016', 4)":"MENDOZA"},"('Firmantes', 'BLOQUE')":{"('0095-D-2016', 0)":"UCR","('0095-D-2016', 1)":"UCR","('0095-D-2016', 2)":"UCR","('0095-D-2016', 3)":"FRENTE CIVICO Y SOCIAL DE CATAMARCA","('0095-D-2016', 4)":"UCR"},"('Giros', 'COMISI\u00d3N')":{"('0095-D-2016', 0)":"CULTURA","('0095-D-2016', 1)":null,"('0095-D-2016', 2)":null,"('0095-D-2016', 3)":null,"('0095-D-2016', 4)":null},"('Tramites', 'C\u00c1MARA')":{"('0095-D-2016', 0)":"Diputados","('0095-D-2016', 1)":null,"('0095-D-2016', 2)":null,"('0095-D-2016', 3)":null,"('0095-D-2016', 4)":null},"('Tramites', 'MOVIMIENTO')":{"('0095-D-2016', 0)":"APROBACION ARTICULO 114 DEL REGLAMENTO DE LA H CAMARA DE DIPUTADOS; COMUNICADO EL 24\/05\/2016","('0095-D-2016', 1)":null,"('0095-D-2016', 2)":null,"('0095-D-2016', 3)":null,"('0095-D-2016', 4)":null},"('Tramites', 'FECHA')":{"('0095-D-2016', 0)":null,"('0095-D-2016', 1)":null,"('0095-D-2016', 2)":null,"('0095-D-2016', 3)":null,"('0095-D-2016', 4)":null},"('Tramites', 'RESULTADO')":{"('0095-D-2016', 0)":"APROBADO","('0095-D-2016', 1)":null,"('0095-D-2016', 2)":null,"('0095-D-2016', 3)":null,"('0095-D-2016', 4)":null},"Link":{"('0095-D-2016', 0)":"https:\/\/www.hcdn.gob.ar\/proyectos\/textoCompleto.jsp?exp=0095-D-2016&tipo=DECLARACION","('0095-D-2016', 1)":null,"('0095-D-2016', 2)":null,"('0095-D-2016', 3)":null,"('0095-D-2016', 4)":null},"Palabra Clave":{"('0095-D-2016', 0)":" ","('0095-D-2016', 1)":null,"('0095-D-2016', 2)":null,"('0095-D-2016', 3)":null,"('0095-D-2016', 4)":null}}