{"Tipo de Proyecto":{"('0096-S-2016', 0)":"PROYECTO DE DECLARACI\u00d3N","('0096-S-2016', 1)":null,"('0096-S-2016', 2)":null},"Iniciado en: ":{"('0096-S-2016', 0)":"Senado","('0096-S-2016', 1)":null,"('0096-S-2016', 2)":null},"Expediente Senado: ":{"('0096-S-2016', 0)":"0096-S-2016","('0096-S-2016', 1)":null,"('0096-S-2016', 2)":null},"Publicado en: ":{"('0096-S-2016', 0)":"Diario de Asuntos Entrados N\u00b0 5","('0096-S-2016', 1)":null,"('0096-S-2016', 2)":null},"Fecha: ":{"('0096-S-2016', 0)":"02\/03\/2016","('0096-S-2016', 1)":null,"('0096-S-2016', 2)":null},"T\u00edtulo":{"('0096-S-2016', 0)":"DECLARACION DE INTERES PARLAMENTARIO LA XI EDICION DE LA FIESTA NACIONAL DEL CHIVITO, LA DANZA Y LA CANCION, EN LA CIUDAD DE CHOS MALAL, PROVINCIA DEL NEUQUEN, EL MES DE NOVIEMBRE DE 2016.","('0096-S-2016', 1)":null,"('0096-S-2016', 2)":null},"('Firmantes', 'FIRMANTE')":{"('0096-S-2016', 0)":"PEREYRA, GUILLERMO JUAN","('0096-S-2016', 1)":null,"('0096-S-2016', 2)":null},"('Firmantes', 'DISTRITO')":{"('0096-S-2016', 0)":"NEUQUEN","('0096-S-2016', 1)":null,"('0096-S-2016', 2)":null},"('Firmantes', 'BLOQUE')":{"('0096-S-2016', 0)":"MOV POP NEUQUINO","('0096-S-2016', 1)":null,"('0096-S-2016', 2)":null},"('Tramites', 'C\u00c1MARA')":{"('0096-S-2016', 0)":"Senado","('0096-S-2016', 1)":"Senado","('0096-S-2016', 2)":"Senado"},"('Tramites', 'MOVIMIENTO')":{"('0096-S-2016', 0)":"CITACION SESION ESPECIAL","('0096-S-2016', 1)":"MOCION SOBRE TABLAS (AFIRMATIVA)","('0096-S-2016', 2)":"CONSIDERACION Y APROBACION"},"('Tramites', 'FECHA')":{"('0096-S-2016', 0)":"18\/05\/2016","('0096-S-2016', 1)":"18\/05\/2016","('0096-S-2016', 2)":"18\/05\/2016"},"('Tramites', 'RESULTADO')":{"('0096-S-2016', 0)":null,"('0096-S-2016', 1)":null,"('0096-S-2016', 2)":"APROBADO"},"Link":{"('0096-S-2016', 0)":"http:\/\/www.senado.gov.ar\/parlamentario\/comisiones\/verExp\/96.16\/S\/PD","('0096-S-2016', 1)":null,"('0096-S-2016', 2)":null},"Palabra Clave":{"('0096-S-2016', 0)":" ","('0096-S-2016', 1)":null,"('0096-S-2016', 2)":null}}