{"Tipo de Proyecto":{"('0098-S-2016', 0)":"PROYECTO DE LEY"},"Iniciado en: ":{"('0098-S-2016', 0)":"Senado"},"Expediente Senado: ":{"('0098-S-2016', 0)":"0098-S-2016"},"Publicado en: ":{"('0098-S-2016', 0)":"Diario de Asuntos Entrados N\u00b0 5"},"Fecha: ":{"('0098-S-2016', 0)":"02\/03\/2016"},"T\u00edtulo":{"('0098-S-2016', 0)":"MODIFICACION DEL ARTICULO 19 DE LA LEY 23737 (ESTUPEFACIENTES), RESPECTO DE GARANTIZAR EL TRATAMIENTO PARA LA REHABILITACION DE ADICCIONES EN LOS ESTABLECIMIENTOS CARCELARIOS."},"('Firmantes', 'FIRMANTE')":{"('0098-S-2016', 0)":"GIMENEZ, SANDRA DANIELA"},"('Firmantes', 'DISTRITO')":{"('0098-S-2016', 0)":"MISIONES"},"('Firmantes', 'BLOQUE')":{"('0098-S-2016', 0)":"FRENTE PARA LA VICTORIA - PJ"},"Link":{"('0098-S-2016', 0)":"http:\/\/www.senado.gov.ar\/parlamentario\/comisiones\/verExp\/98.16\/S\/PL"},"Palabra Clave":{"('0098-S-2016', 0)":" "}}