{"Tipo de Proyecto":{"('0099-PE-2016', 0)":"MENSAJE NRO: ____\/__"},"Iniciado en: ":{"('0099-PE-2016', 0)":"Senado"},"Expediente Senado: ":{"('0099-PE-2016', 0)":"0099-PE-2016"},"Fecha: ":{"('0099-PE-2016', 0)":"07\/11\/2017"},"T\u00edtulo":{"('0099-PE-2016', 0)":"DICTAMEN EN LA RESPUESTA REMITIDA POR LA AUDITORIA GENERAL DE LA NACION EN RELACION A LA RESOLUCION APROBADA POR EL H. CONGRESO (0204-S-14) SOBRE LAS MEDIDAS ADOPTADAS PARA REGULARIZAR LAS SITUACIONES OBSERVADAS POR LA AUDITORIA GENERAL DE LA NACION EN SU INFORME SOBRE EL SISTEMA DE CONTROL INTERNO - CONTABLE DE LOTERIA NACIONAL SOCIEDAD DEL ESTADO, REFERIDO A LOS ESTADOS CONTABLES DEL EJERCICIO FINALIZADO EL 31\/12\/2009 (0099-PE-16), Y JGM REMITE RESPUESTA EN RELACION A LAS RESOLUCION APROBADA POR EL H. CONGRESO (0325-S-14), SOBRE LOS ESTADOS CONTABLES DE LOTERIA NACIONAL SOCIEDAD DEL ESTADO, POR EL EJERCICIO FINALIZADO EL 31\/12\/2010 (0302-OVD-15)."},"('Firmantes', 'FIRMANTE')":{"('0099-PE-2016', 0)":"PARLAMENTARIA MIXTA REVISORA DE CUENTAS"},"('Firmantes', 'DISTRITO')":{"('0099-PE-2016', 0)":null},"('Firmantes', 'BLOQUE')":{"('0099-PE-2016', 0)":null},"Sumario":{"('0099-PE-2016', 0)":"HABIENDO TOMADO CONOCIMIENTO Y SIN PERJUICIO DE ULTERIORES MEDIDAS QUE PUEDAN ADOPTARSE, SE ACONSEJA SU REMISION AL ARCHIVO."},"Palabra Clave":{"('0099-PE-2016', 0)":" "}}