{"Tipo de Proyecto":{"('0100-D-2016', 0)":"PROYECTO DE LEY","('0100-D-2016', 1)":null,"('0100-D-2016', 2)":null},"Iniciado en: ":{"('0100-D-2016', 0)":"Diputados","('0100-D-2016', 1)":null,"('0100-D-2016', 2)":null},"Expediente Diputados: ":{"('0100-D-2016', 0)":"0100-D-2016","('0100-D-2016', 1)":null,"('0100-D-2016', 2)":null},"Publicado en: ":{"('0100-D-2016', 0)":"Tr\u00e1mite Parlamentario N\u00b0 1","('0100-D-2016', 1)":null,"('0100-D-2016', 2)":null},"Fecha: ":{"('0100-D-2016', 0)":"01\/03\/2016","('0100-D-2016', 1)":null,"('0100-D-2016', 2)":null},"T\u00edtulo":{"('0100-D-2016', 0)":"SERVICIO DE TELEGRAMA Y CARTA DOCUMENTO LABORAL CON CARACTER GRATUITO - LEY 23789; MODIFICACION DEL ARTICULO 1, SOBRE ESTABLECIMIENTO DE UN SISTEMA DE SEGUIMIENTO Y CONTROL; MODIFICACION DEL ARTICULO 2 DE LA LEY 24487  (REPRODUCCION DEL EXPEDIENTE 0389-D-14).","('0100-D-2016', 1)":null,"('0100-D-2016', 2)":null},"('Firmantes', 'FIRMANTE')":{"('0100-D-2016', 0)":"BIANCHI, IVANA MARIA","('0100-D-2016', 1)":null,"('0100-D-2016', 2)":null},"('Firmantes', 'DISTRITO')":{"('0100-D-2016', 0)":"SAN LUIS","('0100-D-2016', 1)":null,"('0100-D-2016', 2)":null},"('Firmantes', 'BLOQUE')":{"('0100-D-2016', 0)":"COMPROMISO FEDERAL","('0100-D-2016', 1)":null,"('0100-D-2016', 2)":null},"('Giros', 'COMISI\u00d3N')":{"('0100-D-2016', 0)":"LEGISLACION DEL TRABAJO","('0100-D-2016', 1)":"PREVISION Y SEGURIDAD SOCIAL","('0100-D-2016', 2)":"COMUNICACIONES E INFORMATICA"},"Palabra Clave":{"('0100-D-2016', 0)":" ","('0100-D-2016', 1)":null,"('0100-D-2016', 2)":null}}