{"Tipo de Proyecto":{"('0101-S-2016', 0)":"PROYECTO DE LEY"},"Iniciado en: ":{"('0101-S-2016', 0)":"Senado"},"Expediente Senado: ":{"('0101-S-2016', 0)":"0101-S-2016"},"Publicado en: ":{"('0101-S-2016', 0)":"Diario de Asuntos Entrados N\u00b0 5"},"Fecha: ":{"('0101-S-2016', 0)":"02\/03\/2016"},"T\u00edtulo":{"('0101-S-2016', 0)":"DECLARAR DE INTERES NACIONAL LA INVESTIGACION Y DIFUSION DEL IMPACTO DE LA CONFORMACION DEL MERCOSUR. (REPRODUCCION DEL EXPEDIENTE 1128-S-14)."},"('Firmantes', 'FIRMANTE')":{"('0101-S-2016', 0)":"GIMENEZ, SANDRA DANIELA"},"('Firmantes', 'DISTRITO')":{"('0101-S-2016', 0)":"MISIONES"},"('Firmantes', 'BLOQUE')":{"('0101-S-2016', 0)":"FRENTE PARA LA VICTORIA - PJ"},"Link":{"('0101-S-2016', 0)":"http:\/\/www.senado.gov.ar\/parlamentario\/comisiones\/verExp\/101.16\/S\/PL"},"Palabra Clave":{"('0101-S-2016', 0)":" "}}