{"Tipo de Proyecto":{"('0101-D-2016', 0)":"PROYECTO DE LEY","('0101-D-2016', 1)":null,"('0101-D-2016', 2)":null},"Iniciado en: ":{"('0101-D-2016', 0)":"Diputados","('0101-D-2016', 1)":null,"('0101-D-2016', 2)":null},"Expediente Diputados: ":{"('0101-D-2016', 0)":"0101-D-2016","('0101-D-2016', 1)":null,"('0101-D-2016', 2)":null},"Publicado en: ":{"('0101-D-2016', 0)":"Tr\u00e1mite Parlamentario N\u00b0 1","('0101-D-2016', 1)":null,"('0101-D-2016', 2)":null},"Fecha: ":{"('0101-D-2016', 0)":"01\/03\/2016","('0101-D-2016', 1)":null,"('0101-D-2016', 2)":null},"T\u00edtulo":{"('0101-D-2016', 0)":"REGIMEN DE REGULACION DE LA PRACTICA DE PIERCINGS, TATUAJES O PERFORACIONES (REPRODUCCION DEL EXPEDIENTE 0392-D-14).","('0101-D-2016', 1)":null,"('0101-D-2016', 2)":null},"('Firmantes', 'FIRMANTE')":{"('0101-D-2016', 0)":"BIANCHI, IVANA MARIA","('0101-D-2016', 1)":null,"('0101-D-2016', 2)":null},"('Firmantes', 'DISTRITO')":{"('0101-D-2016', 0)":"SAN LUIS","('0101-D-2016', 1)":null,"('0101-D-2016', 2)":null},"('Firmantes', 'BLOQUE')":{"('0101-D-2016', 0)":"COMPROMISO FEDERAL","('0101-D-2016', 1)":null,"('0101-D-2016', 2)":null},"('Giros', 'COMISI\u00d3N')":{"('0101-D-2016', 0)":"ACCION SOCIAL Y SALUD PUBLICA","('0101-D-2016', 1)":"COMERCIO","('0101-D-2016', 2)":"FAMILIA, MUJER, NI\u00d1EZ Y ADOLESCENCIA"},"('Tramites', 'C\u00c1MARA')":{"('0101-D-2016', 0)":"Diputados","('0101-D-2016', 1)":null,"('0101-D-2016', 2)":null},"('Tramites', 'MOVIMIENTO')":{"('0101-D-2016', 0)":"REPRODUCIDO POR EXPEDIENTE 0294-D-18","('0101-D-2016', 1)":null,"('0101-D-2016', 2)":null},"('Tramites', 'FECHA')":{"('0101-D-2016', 0)":null,"('0101-D-2016', 1)":null,"('0101-D-2016', 2)":null},"('Tramites', 'RESULTADO')":{"('0101-D-2016', 0)":null,"('0101-D-2016', 1)":null,"('0101-D-2016', 2)":null},"Sumario":{"('0101-D-2016', 0)":"OBJETO; DEFINICIONES; CONSENTIMIENTO.","('0101-D-2016', 1)":null,"('0101-D-2016', 2)":null},"Palabra Clave":{"('0101-D-2016', 0)":" ","('0101-D-2016', 1)":null,"('0101-D-2016', 2)":null}}