{"Tipo de Proyecto":{"('0105-D-2016', 0)":"PROYECTO DE LEY","('0105-D-2016', 1)":null},"Iniciado en: ":{"('0105-D-2016', 0)":"Diputados","('0105-D-2016', 1)":null},"Expediente Diputados: ":{"('0105-D-2016', 0)":"0105-D-2016","('0105-D-2016', 1)":null},"Publicado en: ":{"('0105-D-2016', 0)":"Tr\u00e1mite Parlamentario N\u00b0 1","('0105-D-2016', 1)":null},"Fecha: ":{"('0105-D-2016', 0)":"01\/03\/2016","('0105-D-2016', 1)":null},"T\u00edtulo":{"('0105-D-2016', 0)":"COLEGIO DE PROFESIONALES DE EDUCACION FISICA. CREACION (REPRODUCCION DEL EXPEDIENTE 0400-D-14).","('0105-D-2016', 1)":null},"('Firmantes', 'FIRMANTE')":{"('0105-D-2016', 0)":"BIANCHI, IVANA MARIA","('0105-D-2016', 1)":null},"('Firmantes', 'DISTRITO')":{"('0105-D-2016', 0)":"SAN LUIS","('0105-D-2016', 1)":null},"('Firmantes', 'BLOQUE')":{"('0105-D-2016', 0)":"COMPROMISO FEDERAL","('0105-D-2016', 1)":null},"('Giros', 'COMISI\u00d3N')":{"('0105-D-2016', 0)":"EDUCACION","('0105-D-2016', 1)":"PRESUPUESTO Y HACIENDA"},"('Tramites', 'C\u00c1MARA')":{"('0105-D-2016', 0)":"Diputados","('0105-D-2016', 1)":null},"('Tramites', 'MOVIMIENTO')":{"('0105-D-2016', 0)":"REPRODUCIDO POR EXPEDIENTE 0265-D-18","('0105-D-2016', 1)":null},"('Tramites', 'FECHA')":{"('0105-D-2016', 0)":null,"('0105-D-2016', 1)":null},"('Tramites', 'RESULTADO')":{"('0105-D-2016', 0)":null,"('0105-D-2016', 1)":null},"Sumario":{"('0105-D-2016', 0)":"REGULACION DEL EJERCICIO DE LA PROFESION; OBJETO; INHABILITADOS; ORGANOS; RECURSOS.","('0105-D-2016', 1)":null},"Palabra Clave":{"('0105-D-2016', 0)":" ","('0105-D-2016', 1)":null}}