{"Tipo de Proyecto":{"('0106-S-2016', 0)":"PROYECTO DE LEY","('0106-S-2016', 1)":null,"('0106-S-2016', 2)":null},"Iniciado en: ":{"('0106-S-2016', 0)":"Senado","('0106-S-2016', 1)":null,"('0106-S-2016', 2)":null},"Expediente Diputados: ":{"('0106-S-2016', 0)":"0106-S-2016","('0106-S-2016', 1)":null,"('0106-S-2016', 2)":null},"Expediente Senado: ":{"('0106-S-2016', 0)":"0507-S-2016","('0106-S-2016', 1)":null,"('0106-S-2016', 2)":null},"Publicado en: ":{"('0106-S-2016', 0)":"Diario de Asuntos Entrados N\u00b0 25","('0106-S-2016', 1)":null,"('0106-S-2016', 2)":null},"Fecha: ":{"('0106-S-2016', 0)":"15\/03\/2016","('0106-S-2016', 1)":null,"('0106-S-2016', 2)":null},"T\u00edtulo":{"('0106-S-2016', 0)":"MODIFICACION DE LA LEY 24270 (CONTACTO DE HIJOS MENORES CON SUS PADRES NO CONVIVIENTES), INCORPORANDO A LOS ABUELOS EN EL REGIMEN DE PENAS POR OBSTACULIZAR EL VINCULO DEL MENOR CON LOS MISMOS.","('0106-S-2016', 1)":null,"('0106-S-2016', 2)":null},"('Firmantes', 'FIRMANTE')":{"('0106-S-2016', 0)":"MARTINEZ, JULIO CESAR","('0106-S-2016', 1)":null,"('0106-S-2016', 2)":null},"('Firmantes', 'DISTRITO')":{"('0106-S-2016', 0)":"CORDOBA","('0106-S-2016', 1)":null,"('0106-S-2016', 2)":null},"('Firmantes', 'BLOQUE')":{"('0106-S-2016', 0)":"FRENTE PRO","('0106-S-2016', 1)":null,"('0106-S-2016', 2)":null},"('Giros', 'COMISI\u00d3N')":{"('0106-S-2016', 0)":"LEGISLACION PENAL","('0106-S-2016', 1)":"FAMILIA, MUJER, NI\u00d1EZ Y ADOLESCENCIA","('0106-S-2016', 2)":null},"('Tramites', 'C\u00c1MARA')":{"('0106-S-2016', 0)":"Senado","('0106-S-2016', 1)":"Diputados","('0106-S-2016', 2)":"Senado"},"('Tramites', 'MOVIMIENTO')":{"('0106-S-2016', 0)":"CONSIDERACION Y APROBACION","('0106-S-2016', 1)":"PASA A DIPUTADOS -","('0106-S-2016', 2)":"REPRODUCIDO POR EXPEDIENTE 0328-S-19"},"('Tramites', 'FECHA')":{"('0106-S-2016', 0)":"19\/10\/2016","('0106-S-2016', 1)":null,"('0106-S-2016', 2)":null},"('Tramites', 'RESULTADO')":{"('0106-S-2016', 0)":"MEDIA SANCION","('0106-S-2016', 1)":null,"('0106-S-2016', 2)":null},"Sumario":{"('0106-S-2016', 0)":"MODIFICACION DE LOS ARTICULOS 1, 2, 3 Y 4 SOBRE PENALIDADES","('0106-S-2016', 1)":null,"('0106-S-2016', 2)":null},"Palabra Clave":{"('0106-S-2016', 0)":" ","('0106-S-2016', 1)":null,"('0106-S-2016', 2)":null}}