{"Tipo de Proyecto":{"('0107-D-2016', 0)":"PROYECTO DE LEY","('0107-D-2016', 1)":null,"('0107-D-2016', 2)":null},"Iniciado en: ":{"('0107-D-2016', 0)":"Diputados","('0107-D-2016', 1)":null,"('0107-D-2016', 2)":null},"Expediente Diputados: ":{"('0107-D-2016', 0)":"0107-D-2016","('0107-D-2016', 1)":null,"('0107-D-2016', 2)":null},"Publicado en: ":{"('0107-D-2016', 0)":"Tr\u00e1mite Parlamentario N\u00b0 1","('0107-D-2016', 1)":null,"('0107-D-2016', 2)":null},"Fecha: ":{"('0107-D-2016', 0)":"01\/03\/2016","('0107-D-2016', 1)":null,"('0107-D-2016', 2)":null},"T\u00edtulo":{"('0107-D-2016', 0)":"EDUCACION NACIONAL - LEY 26206: MODIFICACION DE LOS ARTICULOS 42 Y 44, SOBRE EDUCACION ESPECIAL; (REPRODUCCION DEL EXPEDIENTE 0401-D-14).","('0107-D-2016', 1)":null,"('0107-D-2016', 2)":null},"('Firmantes', 'FIRMANTE')":{"('0107-D-2016', 0)":"BIANCHI, IVANA MARIA","('0107-D-2016', 1)":null,"('0107-D-2016', 2)":null},"('Firmantes', 'DISTRITO')":{"('0107-D-2016', 0)":"SAN LUIS","('0107-D-2016', 1)":null,"('0107-D-2016', 2)":null},"('Firmantes', 'BLOQUE')":{"('0107-D-2016', 0)":"COMPROMISO FEDERAL","('0107-D-2016', 1)":null,"('0107-D-2016', 2)":null},"('Giros', 'COMISI\u00d3N')":{"('0107-D-2016', 0)":"DISCAPACIDAD","('0107-D-2016', 1)":"EDUCACION","('0107-D-2016', 2)":"PRESUPUESTO Y HACIENDA"},"('Tramites', 'C\u00c1MARA')":{"('0107-D-2016', 0)":"Diputados","('0107-D-2016', 1)":null,"('0107-D-2016', 2)":null},"('Tramites', 'MOVIMIENTO')":{"('0107-D-2016', 0)":"RESOLUCION DE PRESIDENCIA - CAMBIO DE ORDEN DE LAS COMISIONES","('0107-D-2016', 1)":null,"('0107-D-2016', 2)":null},"('Tramites', 'FECHA')":{"('0107-D-2016', 0)":null,"('0107-D-2016', 1)":null,"('0107-D-2016', 2)":null},"('Tramites', 'RESULTADO')":{"('0107-D-2016', 0)":null,"('0107-D-2016', 1)":null,"('0107-D-2016', 2)":null},"Palabra Clave":{"('0107-D-2016', 0)":" ","('0107-D-2016', 1)":null,"('0107-D-2016', 2)":null}}