{"Tipo de Proyecto":{"('0108-D-2016', 0)":"PROYECTO DE LEY","('0108-D-2016', 1)":null,"('0108-D-2016', 2)":null},"Iniciado en: ":{"('0108-D-2016', 0)":"Diputados","('0108-D-2016', 1)":null,"('0108-D-2016', 2)":null},"Expediente Diputados: ":{"('0108-D-2016', 0)":"0108-D-2016","('0108-D-2016', 1)":null,"('0108-D-2016', 2)":null},"Publicado en: ":{"('0108-D-2016', 0)":"Tr\u00e1mite Parlamentario N\u00b0 1","('0108-D-2016', 1)":null,"('0108-D-2016', 2)":null},"Fecha: ":{"('0108-D-2016', 0)":"01\/03\/2016","('0108-D-2016', 1)":null,"('0108-D-2016', 2)":null},"T\u00edtulo":{"('0108-D-2016', 0)":"ENERGIA EOLICA Y SOLAR: EXENCION DE DERECHOS DE IMPORTACION DE LOS INSUMOS USADOS PARA SU PRODUCCION: (REPRODUCCION DEL EXPEDIENTE 0402-D-14).","('0108-D-2016', 1)":null,"('0108-D-2016', 2)":null},"('Firmantes', 'FIRMANTE')":{"('0108-D-2016', 0)":"BIANCHI, IVANA MARIA","('0108-D-2016', 1)":null,"('0108-D-2016', 2)":null},"('Firmantes', 'DISTRITO')":{"('0108-D-2016', 0)":"SAN LUIS","('0108-D-2016', 1)":null,"('0108-D-2016', 2)":null},"('Firmantes', 'BLOQUE')":{"('0108-D-2016', 0)":"COMPROMISO FEDERAL","('0108-D-2016', 1)":null,"('0108-D-2016', 2)":null},"('Giros', 'COMISI\u00d3N')":{"('0108-D-2016', 0)":"ENERGIA Y COMBUSTIBLES","('0108-D-2016', 1)":"ECONOMIA","('0108-D-2016', 2)":"PRESUPUESTO Y HACIENDA"},"Sumario":{"('0108-D-2016', 0)":"EXENCION ADEMAS DE TODO OTRO IMPUESTO, GRAVAMEN, CONTRIBUCION, TASA O ARANCEL ADUANERO O PORTUARIO, DE CUALQUIER NATURALEZA U ORIGEN, INCLUIDO EL IMPUESTO AL VALOR AGREGADO; BENEFICIARIOS; INVITACION A ADHERIR.","('0108-D-2016', 1)":null,"('0108-D-2016', 2)":null},"Palabra Clave":{"('0108-D-2016', 0)":" ","('0108-D-2016', 1)":null,"('0108-D-2016', 2)":null}}