{"Tipo de Proyecto":{"('0109-S-2016', 0)":"PROYECTO DE LEY","('0109-S-2016', 1)":null,"('0109-S-2016', 2)":null},"Iniciado en: ":{"('0109-S-2016', 0)":"Senado","('0109-S-2016', 1)":null,"('0109-S-2016', 2)":null},"Expediente Diputados: ":{"('0109-S-2016', 0)":"0109-S-2016","('0109-S-2016', 1)":null,"('0109-S-2016', 2)":null},"Expediente Senado: ":{"('0109-S-2016', 0)":"0420-S-2016","('0109-S-2016', 1)":null,"('0109-S-2016', 2)":null},"Publicado en: ":{"('0109-S-2016', 0)":"Diario de Asuntos Entrados N\u00b0 21","('0109-S-2016', 1)":null,"('0109-S-2016', 2)":null},"Fecha: ":{"('0109-S-2016', 0)":"09\/03\/2016","('0109-S-2016', 1)":null,"('0109-S-2016', 2)":null},"T\u00edtulo":{"('0109-S-2016', 0)":"DECLARACION DE MONUMENTO HISTORICO NACIONAL, A LA CASA DONDE NACIO JORGE MARIO BERGOGLIO EN LA CIUDAD AUTONOMA DE BUENOS AIRES.","('0109-S-2016', 1)":null,"('0109-S-2016', 2)":null},"('Firmantes', 'FIRMANTE')":{"('0109-S-2016', 0)":"RODRIGUEZ SAA, ADOLFO","('0109-S-2016', 1)":"NEGRE DE ALONSO, LILIANA T.","('0109-S-2016', 2)":null},"('Firmantes', 'DISTRITO')":{"('0109-S-2016', 0)":"SAN LUIS","('0109-S-2016', 1)":"SAN LUIS","('0109-S-2016', 2)":null},"('Firmantes', 'BLOQUE')":{"('0109-S-2016', 0)":"JUSTICIALISTA SAN LUIS","('0109-S-2016', 1)":"JUSTICIALISTA SAN LUIS","('0109-S-2016', 2)":null},"('Giros', 'COMISI\u00d3N')":{"('0109-S-2016', 0)":"CULTURA","('0109-S-2016', 1)":"RELACIONES EXTERIORES Y CULTO","('0109-S-2016', 2)":"PRESUPUESTO Y HACIENDA"},"('Tramites', 'C\u00c1MARA')":{"('0109-S-2016', 0)":"Senado","('0109-S-2016', 1)":"Diputados","('0109-S-2016', 2)":null},"('Tramites', 'MOVIMIENTO')":{"('0109-S-2016', 0)":"CONSIDERACION Y APROBACION","('0109-S-2016', 1)":"PASA A DIPUTADOS -","('0109-S-2016', 2)":null},"('Tramites', 'FECHA')":{"('0109-S-2016', 0)":"19\/10\/2016","('0109-S-2016', 1)":null,"('0109-S-2016', 2)":null},"('Tramites', 'RESULTADO')":{"('0109-S-2016', 0)":"MEDIA SANCION","('0109-S-2016', 1)":null,"('0109-S-2016', 2)":null},"Link":{"('0109-S-2016', 0)":"http:\/\/www.senado.gov.ar\/parlamentario\/comisiones\/verExp\/420.16\/S\/PL","('0109-S-2016', 1)":null,"('0109-S-2016', 2)":null},"Palabra Clave":{"('0109-S-2016', 0)":" ","('0109-S-2016', 1)":null,"('0109-S-2016', 2)":null}}