{"Tipo de Proyecto":{"('0110-S-2016', 0)":"MENSAJE NRO: 0119\/16 Y PROYECTO DE LEY","('0110-S-2016', 1)":null,"('0110-S-2016', 2)":null,"('0110-S-2016', 3)":null,"('0110-S-2016', 4)":null},"Iniciado en: ":{"('0110-S-2016', 0)":"Senado","('0110-S-2016', 1)":null,"('0110-S-2016', 2)":null,"('0110-S-2016', 3)":null,"('0110-S-2016', 4)":null},"Expediente Diputados: ":{"('0110-S-2016', 0)":"0110-S-2016","('0110-S-2016', 1)":null,"('0110-S-2016', 2)":null,"('0110-S-2016', 3)":null,"('0110-S-2016', 4)":null},"Expediente Senado: ":{"('0110-S-2016', 0)":"0184-PE-2016","('0110-S-2016', 1)":null,"('0110-S-2016', 2)":null,"('0110-S-2016', 3)":null,"('0110-S-2016', 4)":null},"Publicado en: ":{"('0110-S-2016', 0)":"Diario de Asuntos Entrados N\u00b0 202","('0110-S-2016', 1)":null,"('0110-S-2016', 2)":null,"('0110-S-2016', 3)":null,"('0110-S-2016', 4)":null},"Fecha: ":{"('0110-S-2016', 0)":"12\/10\/2016","('0110-S-2016', 1)":null,"('0110-S-2016', 2)":null,"('0110-S-2016', 3)":null,"('0110-S-2016', 4)":null},"T\u00edtulo":{"('0110-S-2016', 0)":"AUTORIZAR AL SE\u00d1OR PRESIDENTE DE LA NACION PARA AUSENTARSE DEL PAIS DURANTE EL A\u00d1O 2017, CUANDO RAZONES DEL GOBIERNO ASI LO REQUIERAN.","('0110-S-2016', 1)":null,"('0110-S-2016', 2)":null,"('0110-S-2016', 3)":null,"('0110-S-2016', 4)":null},"('Firmantes', 'FIRMANTE')":{"('0110-S-2016', 0)":"MACRI, MAURICIO","('0110-S-2016', 1)":"PE\u00d1A, MARCOS","('0110-S-2016', 2)":null,"('0110-S-2016', 3)":null,"('0110-S-2016', 4)":null},"('Firmantes', 'DISTRITO')":{"('0110-S-2016', 0)":null,"('0110-S-2016', 1)":null,"('0110-S-2016', 2)":null,"('0110-S-2016', 3)":null,"('0110-S-2016', 4)":null},"('Firmantes', 'BLOQUE')":{"('0110-S-2016', 0)":"PODER EJECUTIVO","('0110-S-2016', 1)":"PODER EJECUTIVO","('0110-S-2016', 2)":null,"('0110-S-2016', 3)":null,"('0110-S-2016', 4)":null},"('Tramites', 'C\u00c1MARA')":{"('0110-S-2016', 0)":"Senado","('0110-S-2016', 1)":"Senado","('0110-S-2016', 2)":"Senado","('0110-S-2016', 3)":"Diputados","('0110-S-2016', 4)":"Diputados"},"('Tramites', 'MOVIMIENTO')":{"('0110-S-2016', 0)":"MOCION SOBRE TABLAS (AFIRMATIVA)","('0110-S-2016', 1)":"CONSIDERACION Y APROBACION","('0110-S-2016', 2)":"PASA A DIPUTADOS -","('0110-S-2016', 3)":"MOCION APARTAMIENTO DEL REGLAMENTO (AFIRMATIVA)","('0110-S-2016', 4)":"CONSIDERACION Y SANCION"},"('Tramites', 'FECHA')":{"('0110-S-2016', 0)":"19\/10\/2016","('0110-S-2016', 1)":"19\/10\/2016","('0110-S-2016', 2)":null,"('0110-S-2016', 3)":"23\/11\/2016","('0110-S-2016', 4)":"23\/11\/2016"},"('Tramites', 'RESULTADO')":{"('0110-S-2016', 0)":null,"('0110-S-2016', 1)":"MEDIA SANCION","('0110-S-2016', 2)":null,"('0110-S-2016', 3)":null,"('0110-S-2016', 4)":"SANCIONADO"},"Link":{"('0110-S-2016', 0)":"http:\/\/www.senado.gov.ar\/web\/proyectos\/verExpe.php?origen=PE&nro_comision=&tipo=PL&numexp=184\/16&tConsulta=5","('0110-S-2016', 1)":null,"('0110-S-2016', 2)":null,"('0110-S-2016', 3)":null,"('0110-S-2016', 4)":null},"Palabra Clave":{"('0110-S-2016', 0)":" ","('0110-S-2016', 1)":null,"('0110-S-2016', 2)":null,"('0110-S-2016', 3)":null,"('0110-S-2016', 4)":null}}