{"Tipo de Proyecto":{"('0111-PE-2016', 0)":"MENSAJE NRO: 0025\/16","('0111-PE-2016', 1)":null},"Iniciado en: ":{"('0111-PE-2016', 0)":"Senado","('0111-PE-2016', 1)":null},"Expediente Senado: ":{"('0111-PE-2016', 0)":"0111-PE-2016","('0111-PE-2016', 1)":null},"Fecha: ":{"('0111-PE-2016', 0)":"09\/08\/2016","('0111-PE-2016', 1)":null},"T\u00edtulo":{"('0111-PE-2016', 0)":"COMUNICA EL DICTADO DEL DECRETO 908\/16 DE NECESIDAD Y URGENCIA, ESTABLECIENDO UN REGIMEN EXCEPCIONAL DE DISTRIBUCION DE LOS RECURSOS ACUMULADOS AL 28 DE JULIO DE 2016 EN EL FONDO SOLIDARIO DE REDISTRIBUCION.","('0111-PE-2016', 1)":null},"('Firmantes', 'FIRMANTE')":{"('0111-PE-2016', 0)":"PE\u00d1A, MARCOS","('0111-PE-2016', 1)":"LEMUS, JORGE DANIEL"},"('Firmantes', 'DISTRITO')":{"('0111-PE-2016', 0)":null,"('0111-PE-2016', 1)":null},"('Firmantes', 'BLOQUE')":{"('0111-PE-2016', 0)":"PODER EJECUTIVO","('0111-PE-2016', 1)":"PODER EJECUTIVO"},"('Tramites', 'C\u00c1MARA')":{"('0111-PE-2016', 0)":"Senado","('0111-PE-2016', 1)":"Senado"},"('Tramites', 'MOVIMIENTO')":{"('0111-PE-2016', 0)":"VER TRAMITE DEL DECRETO EN CAMARA DE DIPUTADOS EN EXPEDIENTE 5656-D-2016","('0111-PE-2016', 1)":"MOCION DE PREFERENCIA CON DICTAMEN (AFIRMATIVA)"},"('Tramites', 'FECHA')":{"('0111-PE-2016', 0)":null,"('0111-PE-2016', 1)":"23\/11\/2016"},"('Tramites', 'RESULTADO')":{"('0111-PE-2016', 0)":null,"('0111-PE-2016', 1)":null},"Palabra Clave":{"('0111-PE-2016', 0)":" ","('0111-PE-2016', 1)":null}}