{"Tipo de Proyecto":{"('0112-D-2016', 0)":"PROYECTO DE LEY","('0112-D-2016', 1)":null,"('0112-D-2016', 2)":null},"Iniciado en: ":{"('0112-D-2016', 0)":"Diputados","('0112-D-2016', 1)":null,"('0112-D-2016', 2)":null},"Expediente Diputados: ":{"('0112-D-2016', 0)":"0112-D-2016","('0112-D-2016', 1)":null,"('0112-D-2016', 2)":null},"Publicado en: ":{"('0112-D-2016', 0)":"Tr\u00e1mite Parlamentario N\u00b0 1","('0112-D-2016', 1)":null,"('0112-D-2016', 2)":null},"Fecha: ":{"('0112-D-2016', 0)":"01\/03\/2016","('0112-D-2016', 1)":null,"('0112-D-2016', 2)":null},"T\u00edtulo":{"('0112-D-2016', 0)":"POLITICA MIGRATORIA ARGENTINA (LEY 25871): MODIFICACIONES, SOBRE INMIGRACION ILEGAL EN ARGENTINA  (REPRODUCCION DEL EXPEDIENTE 0407-D-14).","('0112-D-2016', 1)":null,"('0112-D-2016', 2)":null},"('Firmantes', 'FIRMANTE')":{"('0112-D-2016', 0)":"BIANCHI, IVANA MARIA","('0112-D-2016', 1)":null,"('0112-D-2016', 2)":null},"('Firmantes', 'DISTRITO')":{"('0112-D-2016', 0)":"SAN LUIS","('0112-D-2016', 1)":null,"('0112-D-2016', 2)":null},"('Firmantes', 'BLOQUE')":{"('0112-D-2016', 0)":"COMPROMISO FEDERAL","('0112-D-2016', 1)":null,"('0112-D-2016', 2)":null},"('Giros', 'COMISI\u00d3N')":{"('0112-D-2016', 0)":"POBLACION Y DESARROLLO HUMANO","('0112-D-2016', 1)":"RELACIONES EXTERIORES Y CULTO","('0112-D-2016', 2)":"LEGISLACION PENAL"},"('Tramites', 'C\u00c1MARA')":{"('0112-D-2016', 0)":"Diputados","('0112-D-2016', 1)":null,"('0112-D-2016', 2)":null},"('Tramites', 'MOVIMIENTO')":{"('0112-D-2016', 0)":"REPRODUCIDO POR EXPEDIENTE 0261-D-18","('0112-D-2016', 1)":null,"('0112-D-2016', 2)":null},"('Tramites', 'FECHA')":{"('0112-D-2016', 0)":null,"('0112-D-2016', 1)":null,"('0112-D-2016', 2)":null},"('Tramites', 'RESULTADO')":{"('0112-D-2016', 0)":null,"('0112-D-2016', 1)":null,"('0112-D-2016', 2)":null},"Sumario":{"('0112-D-2016', 0)":"MODIFICACION DE LOS INCISOS C), D), E), H) Y K) DEL ARTICULO 29; MODIFICACION DE LOS ARTICULOS 34 Y 35.","('0112-D-2016', 1)":null,"('0112-D-2016', 2)":null},"Palabra Clave":{"('0112-D-2016', 0)":" ","('0112-D-2016', 1)":null,"('0112-D-2016', 2)":null}}