{"Tipo de Proyecto":{"('0113-S-2016', 0)":"PROYECTO DE LEY"},"Iniciado en: ":{"('0113-S-2016', 0)":"Senado"},"Expediente Senado: ":{"('0113-S-2016', 0)":"0113-S-2016"},"Publicado en: ":{"('0113-S-2016', 0)":"Diario de Asuntos Entrados N\u00b0 6"},"Fecha: ":{"('0113-S-2016', 0)":"02\/03\/2016"},"T\u00edtulo":{"('0113-S-2016', 0)":"PLAN NACIONAL DE CONTROL Y ERRADICACION DEL ALGA INVASORA DIDYMOSPHENIA GEMINATA. CREACION EN EL AMBITO DE LA SECRETARIA DE AMBIENTE Y DESARROLLO SUSTENTABLE DE LA NACION, QUE SERA AUTORIDAD DE APLICACION."},"('Firmantes', 'FIRMANTE')":{"('0113-S-2016', 0)":"GARCIA LARRABURU, SILVINA MARCELA"},"('Firmantes', 'DISTRITO')":{"('0113-S-2016', 0)":"RIO NEGRO"},"('Firmantes', 'BLOQUE')":{"('0113-S-2016', 0)":"FRENTE PARA LA VICTORIA - PJ"},"Sumario":{"('0113-S-2016', 0)":"OBJETIVOS; ACCIONES; PRESUPUESTOS."},"Palabra Clave":{"('0113-S-2016', 0)":" "}}