{"Tipo de Proyecto":{"('0113-PE-2016', 0)":"MENSAJE NRO: 0088\/16 Y PROYECTO DE LEY","('0113-PE-2016', 1)":null,"('0113-PE-2016', 2)":null},"Iniciado en: ":{"('0113-PE-2016', 0)":"Senado","('0113-PE-2016', 1)":null,"('0113-PE-2016', 2)":null},"Expediente Senado: ":{"('0113-PE-2016', 0)":"0113-PE-2016","('0113-PE-2016', 1)":null,"('0113-PE-2016', 2)":null},"Publicado en: ":{"('0113-PE-2016', 0)":"Diario de Asuntos Entrados N\u00b0 148","('0113-PE-2016', 1)":null,"('0113-PE-2016', 2)":null},"Fecha: ":{"('0113-PE-2016', 0)":"10\/08\/2016","('0113-PE-2016', 1)":null,"('0113-PE-2016', 2)":null},"T\u00edtulo":{"('0113-PE-2016', 0)":"APROBACION DE LA CONVENCION INTERAMERICANA SOBRE LA PROTECCION DE LOS DERECHOS HUMANOS DE LAS PERSONAS MAYORES, SUSCRIPTA EN LA CIUDAD DE WASHINGTON DC, ESTADOS UNIDOS DE AMERICA EL 15 DE JUNIO DE 2015.","('0113-PE-2016', 1)":null,"('0113-PE-2016', 2)":null},"('Firmantes', 'FIRMANTE')":{"('0113-PE-2016', 0)":"MACRI, MAURICIO","('0113-PE-2016', 1)":"PE\u00d1A, MARCOS","('0113-PE-2016', 2)":"MALCORRA, SUSANA MABEL"},"('Firmantes', 'DISTRITO')":{"('0113-PE-2016', 0)":null,"('0113-PE-2016', 1)":null,"('0113-PE-2016', 2)":null},"('Firmantes', 'BLOQUE')":{"('0113-PE-2016', 0)":"PODER EJECUTIVO","('0113-PE-2016', 1)":"PODER EJECUTIVO","('0113-PE-2016', 2)":"PODER EJECUTIVO"},"Palabra Clave":{"('0113-PE-2016', 0)":" ","('0113-PE-2016', 1)":null,"('0113-PE-2016', 2)":null}}