{"Tipo de Proyecto":{"('0114-D-2016', 0)":"PROYECTO DE LEY","('0114-D-2016', 1)":null},"Iniciado en: ":{"('0114-D-2016', 0)":"Diputados","('0114-D-2016', 1)":null},"Expediente Diputados: ":{"('0114-D-2016', 0)":"0114-D-2016","('0114-D-2016', 1)":null},"Publicado en: ":{"('0114-D-2016', 0)":"Tr\u00e1mite Parlamentario N\u00b0 1","('0114-D-2016', 1)":null},"Fecha: ":{"('0114-D-2016', 0)":"01\/03\/2016","('0114-D-2016', 1)":null},"T\u00edtulo":{"('0114-D-2016', 0)":"LEY 25688 DE PRESUPUESTOS MINIMOS DE GESTION AMBIENTAL DE LAS AGUAS: MODIFICACION DEL ARTICULO 7, SOBRE ELABORACION DE UN RELEVAMIENTO DE CONSUMO.  (REPRODUCCION DEL EXPEDIENTE 0409-D-14).","('0114-D-2016', 1)":null},"('Firmantes', 'FIRMANTE')":{"('0114-D-2016', 0)":"BIANCHI, IVANA MARIA","('0114-D-2016', 1)":null},"('Firmantes', 'DISTRITO')":{"('0114-D-2016', 0)":"SAN LUIS","('0114-D-2016', 1)":null},"('Firmantes', 'BLOQUE')":{"('0114-D-2016', 0)":"COMPROMISO FEDERAL","('0114-D-2016', 1)":null},"('Giros', 'COMISI\u00d3N')":{"('0114-D-2016', 0)":"INTERESES MARITIMOS, FLUVIALES, PESQUEROS Y PORTUARIOS","('0114-D-2016', 1)":"RECURSOS NATURALES Y CONSERVACION DEL AMBIENTE HUMANO"},"Sumario":{"('0114-D-2016', 0)":"INCORPORACION DEL INCISO E).","('0114-D-2016', 1)":null},"Palabra Clave":{"('0114-D-2016', 0)":" ","('0114-D-2016', 1)":null}}