{"Tipo de Proyecto":{"('0115-D-2016', 0)":"PROYECTO DE LEY","('0115-D-2016', 1)":null,"('0115-D-2016', 2)":null},"Iniciado en: ":{"('0115-D-2016', 0)":"Diputados","('0115-D-2016', 1)":null,"('0115-D-2016', 2)":null},"Expediente Diputados: ":{"('0115-D-2016', 0)":"0115-D-2016","('0115-D-2016', 1)":null,"('0115-D-2016', 2)":null},"Publicado en: ":{"('0115-D-2016', 0)":"Tr\u00e1mite Parlamentario N\u00b0 1","('0115-D-2016', 1)":null,"('0115-D-2016', 2)":null},"Fecha: ":{"('0115-D-2016', 0)":"01\/03\/2016","('0115-D-2016', 1)":null,"('0115-D-2016', 2)":null},"T\u00edtulo":{"('0115-D-2016', 0)":"CREDITOS BANCARIOS A PERSONAS CON DISCAPACIDAD. REGIMEN (REPRODUCCION DEL EXPEDIENTE 0411-D-14).","('0115-D-2016', 1)":null,"('0115-D-2016', 2)":null},"('Firmantes', 'FIRMANTE')":{"('0115-D-2016', 0)":"BIANCHI, IVANA MARIA","('0115-D-2016', 1)":null,"('0115-D-2016', 2)":null},"('Firmantes', 'DISTRITO')":{"('0115-D-2016', 0)":"SAN LUIS","('0115-D-2016', 1)":null,"('0115-D-2016', 2)":null},"('Firmantes', 'BLOQUE')":{"('0115-D-2016', 0)":"COMPROMISO FEDERAL","('0115-D-2016', 1)":null,"('0115-D-2016', 2)":null},"('Giros', 'COMISI\u00d3N')":{"('0115-D-2016', 0)":"FINANZAS","('0115-D-2016', 1)":"DISCAPACIDAD","('0115-D-2016', 2)":"PRESUPUESTO Y HACIENDA"},"('Tramites', 'C\u00c1MARA')":{"('0115-D-2016', 0)":"Diputados","('0115-D-2016', 1)":null,"('0115-D-2016', 2)":null},"('Tramites', 'MOVIMIENTO')":{"('0115-D-2016', 0)":"REPRODUCIDO POR EXPEDIENTE 0263-D-18","('0115-D-2016', 1)":null,"('0115-D-2016', 2)":null},"('Tramites', 'FECHA')":{"('0115-D-2016', 0)":null,"('0115-D-2016', 1)":null,"('0115-D-2016', 2)":null},"('Tramites', 'RESULTADO')":{"('0115-D-2016', 0)":null,"('0115-D-2016', 1)":null,"('0115-D-2016', 2)":null},"Sumario":{"('0115-D-2016', 0)":"TASAS Y PLAZOS PREFERENCIALES; MONTOS; REINTEGRO; INTERES ANUAL; ADHESION DE LAS PROVINCIAS Y LA CIUDAD AUTONOMA DE BUENOS AIRES.","('0115-D-2016', 1)":null,"('0115-D-2016', 2)":null},"Palabra Clave":{"('0115-D-2016', 0)":" ","('0115-D-2016', 1)":null,"('0115-D-2016', 2)":null}}