{"Tipo de Proyecto":{"('0116-D-2016', 0)":"PROYECTO DE LEY","('0116-D-2016', 1)":null},"Iniciado en: ":{"('0116-D-2016', 0)":"Diputados","('0116-D-2016', 1)":null},"Expediente Diputados: ":{"('0116-D-2016', 0)":"0116-D-2016","('0116-D-2016', 1)":null},"Publicado en: ":{"('0116-D-2016', 0)":"Tr\u00e1mite Parlamentario N\u00b0 1","('0116-D-2016', 1)":null},"Fecha: ":{"('0116-D-2016', 0)":"01\/03\/2016","('0116-D-2016', 1)":null},"T\u00edtulo":{"('0116-D-2016', 0)":"\"DIA NACIONAL DE LA FIBROSIS QUISTICA\": SE INSTITUYE EL 8 DE SEPTIEMBRE DE CADA A\u00d1O  (REPRODUCCION DEL EXPEDIENTE 0415-D-14).","('0116-D-2016', 1)":null},"('Firmantes', 'FIRMANTE')":{"('0116-D-2016', 0)":"BIANCHI, IVANA MARIA","('0116-D-2016', 1)":null},"('Firmantes', 'DISTRITO')":{"('0116-D-2016', 0)":"SAN LUIS","('0116-D-2016', 1)":null},"('Firmantes', 'BLOQUE')":{"('0116-D-2016', 0)":"COMPROMISO FEDERAL","('0116-D-2016', 1)":null},"('Giros', 'COMISI\u00d3N')":{"('0116-D-2016', 0)":"ACCION SOCIAL Y SALUD PUBLICA","('0116-D-2016', 1)":"LEGISLACION GENERAL"},"Palabra Clave":{"('0116-D-2016', 0)":" ","('0116-D-2016', 1)":null}}