{"Tipo de Proyecto":{"('0117-S-2016', 0)":"PROYECTO DE LEY","('0117-S-2016', 1)":null},"Iniciado en: ":{"('0117-S-2016', 0)":"Senado","('0117-S-2016', 1)":null},"Expediente Diputados: ":{"('0117-S-2016', 0)":"0117-S-2016","('0117-S-2016', 1)":null},"Expediente Senado: ":{"('0117-S-2016', 0)":"2850-S-2016","('0117-S-2016', 1)":null},"Publicado en: ":{"('0117-S-2016', 0)":"Diario de Asuntos Entrados N\u00b0 142","('0117-S-2016', 1)":null},"Fecha: ":{"('0117-S-2016', 0)":"04\/08\/2016","('0117-S-2016', 1)":null},"T\u00edtulo":{"('0117-S-2016', 0)":"ESTABLECER EL 17 DE JUNIO DE CADA A\u00d1O COMO DIA DEL EDITOR.\n","('0117-S-2016', 1)":null},"('Firmantes', 'FIRMANTE')":{"('0117-S-2016', 0)":"LABADO, MARIA ESTER","('0117-S-2016', 1)":"MARTINEZ, ALFREDO ANSELMO"},"('Firmantes', 'DISTRITO')":{"('0117-S-2016', 0)":"SANTA CRUZ","('0117-S-2016', 1)":"SANTA CRUZ"},"('Firmantes', 'BLOQUE')":{"('0117-S-2016', 0)":"FRENTE PARA LA VICTORIA - PJ","('0117-S-2016', 1)":"UCR"},"('Giros', 'COMISI\u00d3N')":{"('0117-S-2016', 0)":"CULTURA","('0117-S-2016', 1)":"LEGISLACION GENERAL"},"('Tramites', 'C\u00c1MARA')":{"('0117-S-2016', 0)":"Senado","('0117-S-2016', 1)":"Diputados"},"('Tramites', 'MOVIMIENTO')":{"('0117-S-2016', 0)":"CONSIDERACION Y APROBACION","('0117-S-2016', 1)":"PASA A DIPUTADOS -"},"('Tramites', 'FECHA')":{"('0117-S-2016', 0)":"02\/11\/2016","('0117-S-2016', 1)":null},"('Tramites', 'RESULTADO')":{"('0117-S-2016', 0)":"MEDIA SANCION","('0117-S-2016', 1)":null},"Link":{"('0117-S-2016', 0)":"http:\/\/www.senado.gov.ar\/parlamentario\/comisiones\/verExp\/2850.16\/S\/PL","('0117-S-2016', 1)":null},"Palabra Clave":{"('0117-S-2016', 0)":" ","('0117-S-2016', 1)":null}}