{"Tipo de Proyecto":{"('0118-D-2016', 0)":"PROYECTO DE LEY","('0118-D-2016', 1)":null},"Iniciado en: ":{"('0118-D-2016', 0)":"Diputados","('0118-D-2016', 1)":null},"Expediente Diputados: ":{"('0118-D-2016', 0)":"0118-D-2016","('0118-D-2016', 1)":null},"Publicado en: ":{"('0118-D-2016', 0)":"Tr\u00e1mite Parlamentario N\u00b0 1","('0118-D-2016', 1)":null},"Fecha: ":{"('0118-D-2016', 0)":"01\/03\/2016","('0118-D-2016', 1)":null},"T\u00edtulo":{"('0118-D-2016', 0)":"CREACION DE CONSEJOS DE INTEGRACION Y SEGURIDAD COMUNITARIA EN EL AMBITO ESCOLAR (REPRODUCCION DEL EXPEDIENTE 0525-D-14).","('0118-D-2016', 1)":null},"('Firmantes', 'FIRMANTE')":{"('0118-D-2016', 0)":"BIANCHI, IVANA MARIA","('0118-D-2016', 1)":null},"('Firmantes', 'DISTRITO')":{"('0118-D-2016', 0)":"SAN LUIS","('0118-D-2016', 1)":null},"('Firmantes', 'BLOQUE')":{"('0118-D-2016', 0)":"COMPROMISO FEDERAL","('0118-D-2016', 1)":null},"('Giros', 'COMISI\u00d3N')":{"('0118-D-2016', 0)":"EDUCACION","('0118-D-2016', 1)":"PRESUPUESTO Y HACIENDA"},"Sumario":{"('0118-D-2016', 0)":"AUTORIDAD DE APLICACION: MINISTERIO DE EDUCACION.","('0118-D-2016', 1)":null},"Palabra Clave":{"('0118-D-2016', 0)":" ","('0118-D-2016', 1)":null}}