{"Tipo de Proyecto":{"('0118-S-2016', 0)":"PROYECTO DE LEY","('0118-S-2016', 1)":null},"Iniciado en: ":{"('0118-S-2016', 0)":"Senado","('0118-S-2016', 1)":null},"Expediente Diputados: ":{"('0118-S-2016', 0)":"0118-S-2016","('0118-S-2016', 1)":null},"Expediente Senado: ":{"('0118-S-2016', 0)":"2639-S-2016","('0118-S-2016', 1)":null},"Publicado en: ":{"('0118-S-2016', 0)":"Diario de Asuntos Entrados N\u00b0 132","('0118-S-2016', 1)":null},"Fecha: ":{"('0118-S-2016', 0)":"14\/07\/2016","('0118-S-2016', 1)":null},"T\u00edtulo":{"('0118-S-2016', 0)":"DECLARAR AL DEPARTAMENTO DE LAS HERAS, PROVINCIA DE MENDOZA, \"CUNA DE LA GESTA LIBERTADORA AMERICANA DEL CRUCE LOS ANDES\".","('0118-S-2016', 1)":null},"('Firmantes', 'FIRMANTE')":{"('0118-S-2016', 0)":"COBOS, JULIO CESAR CLETO","('0118-S-2016', 1)":"VERASAY, PAMELA FERNANDA"},"('Firmantes', 'DISTRITO')":{"('0118-S-2016', 0)":"MENDOZA","('0118-S-2016', 1)":"MENDOZA"},"('Firmantes', 'BLOQUE')":{"('0118-S-2016', 0)":"UCR","('0118-S-2016', 1)":"UCR"},"('Giros', 'COMISI\u00d3N')":{"('0118-S-2016', 0)":"CULTURA","('0118-S-2016', 1)":"LEGISLACION GENERAL"},"('Tramites', 'C\u00c1MARA')":{"('0118-S-2016', 0)":"Senado","('0118-S-2016', 1)":"Diputados"},"('Tramites', 'MOVIMIENTO')":{"('0118-S-2016', 0)":"CONSIDERACION Y APROBACION","('0118-S-2016', 1)":"PASA A DIPUTADOS -"},"('Tramites', 'FECHA')":{"('0118-S-2016', 0)":"02\/11\/2016","('0118-S-2016', 1)":null},"('Tramites', 'RESULTADO')":{"('0118-S-2016', 0)":"MEDIA SANCION","('0118-S-2016', 1)":null},"Link":{"('0118-S-2016', 0)":"http:\/\/www.senado.gov.ar\/parlamentario\/comisiones\/verExp\/2639.16\/S\/PL","('0118-S-2016', 1)":null},"Palabra Clave":{"('0118-S-2016', 0)":" ","('0118-S-2016', 1)":null}}