{"Tipo de Proyecto":{"('0119-S-2016', 0)":"PROYECTO DE LEY"},"Iniciado en: ":{"('0119-S-2016', 0)":"Senado"},"Expediente Senado: ":{"('0119-S-2016', 0)":"0119-S-2016"},"Publicado en: ":{"('0119-S-2016', 0)":"Diario de Asuntos Entrados N\u00b0 6"},"Fecha: ":{"('0119-S-2016', 0)":"02\/03\/2016"},"T\u00edtulo":{"('0119-S-2016', 0)":"INCLUSION EN TODOS LOS ROTULOS Y\/O ETIQUETAS DE LOS ENVASES DE MEDICAMENTOS DESTINADOS A LA COMERCIALIZACION, EL NOMBRE COMERCIAL DEL PRODUCTO, LA CONCENTRACION Y LA FECHA DE VENCIMIENTO EN EL LENGUAJE BRAILLE (REPRODUCCION DEL EXPEDIENTE 3036-S-12) (REPRODUCCION DEL EXPEDIENTE 0533-S-14)."},"('Firmantes', 'FIRMANTE')":{"('0119-S-2016', 0)":"BLAS, INES IMELDA"},"('Firmantes', 'DISTRITO')":{"('0119-S-2016', 0)":"CATAMARCA"},"('Firmantes', 'BLOQUE')":{"('0119-S-2016', 0)":"FRENTE PARA LA VICTORIA - PJ"},"Link":{"('0119-S-2016', 0)":"http:\/\/www.senado.gov.ar\/parlamentario\/comisiones\/verExp\/119.16\/S\/PL"},"Palabra Clave":{"('0119-S-2016', 0)":" "}}