{"Tipo de Proyecto":{"('0120-D-2016', 0)":"PROYECTO DE LEY"},"Iniciado en: ":{"('0120-D-2016', 0)":"Diputados"},"Expediente Diputados: ":{"('0120-D-2016', 0)":"0120-D-2016"},"Publicado en: ":{"('0120-D-2016', 0)":"Tr\u00e1mite Parlamentario N\u00b0 1"},"Fecha: ":{"('0120-D-2016', 0)":"01\/03\/2016"},"T\u00edtulo":{"('0120-D-2016', 0)":"CONTRATO DE GARAGE (REPRODUCCION DEL EXPEDIENTE 0527-D-14)."},"('Firmantes', 'FIRMANTE')":{"('0120-D-2016', 0)":"BIANCHI, IVANA MARIA"},"('Firmantes', 'DISTRITO')":{"('0120-D-2016', 0)":"SAN LUIS"},"('Firmantes', 'BLOQUE')":{"('0120-D-2016', 0)":"COMPROMISO FEDERAL"},"('Giros', 'COMISI\u00d3N')":{"('0120-D-2016', 0)":"LEGISLACION GENERAL"},"('Tramites', 'C\u00c1MARA')":{"('0120-D-2016', 0)":"Diputados"},"('Tramites', 'MOVIMIENTO')":{"('0120-D-2016', 0)":"REPRODUCIDO POR EXPEDIENTE 0271-D-18"},"('Tramites', 'FECHA')":{"('0120-D-2016', 0)":null},"('Tramites', 'RESULTADO')":{"('0120-D-2016', 0)":null},"Sumario":{"('0120-D-2016', 0)":"CONCEPTO; PARTES; OBLIGACIONES; RESPONSABILIDAD DEL GARAGISTA; INCORPORACION DE LA PRESENTE LEY AL CODIGO CIVIL."},"Palabra Clave":{"('0120-D-2016', 0)":" "}}