{"Tipo de Proyecto":{"('0120-S-2016', 0)":"PROYECTO DE DECLARACI\u00d3N","('0120-S-2016', 1)":null,"('0120-S-2016', 2)":null},"Iniciado en: ":{"('0120-S-2016', 0)":"Senado","('0120-S-2016', 1)":null,"('0120-S-2016', 2)":null},"Expediente Senado: ":{"('0120-S-2016', 0)":"0120-S-2016","('0120-S-2016', 1)":null,"('0120-S-2016', 2)":null},"Publicado en: ":{"('0120-S-2016', 0)":"Diario de Asuntos Entrados N\u00b0 6","('0120-S-2016', 1)":null,"('0120-S-2016', 2)":null},"Fecha: ":{"('0120-S-2016', 0)":"02\/03\/2016","('0120-S-2016', 1)":null,"('0120-S-2016', 2)":null},"T\u00edtulo":{"('0120-S-2016', 0)":"EXPRESAR BENEPLACITO POR LA REALIZACION DEL \"QUINTO FORO DE TECNOLOGIAS DE LA INFORMACION Y SALUD (FORUM IT SALUD)\", QUE SE REALIZARA EL 7 DE JUNIO EN LA CIUDAD DE BUENOS AIRES.\n","('0120-S-2016', 1)":null,"('0120-S-2016', 2)":null},"('Firmantes', 'FIRMANTE')":{"('0120-S-2016', 0)":"BLAS, INES IMELDA","('0120-S-2016', 1)":null,"('0120-S-2016', 2)":null},"('Firmantes', 'DISTRITO')":{"('0120-S-2016', 0)":"CATAMARCA","('0120-S-2016', 1)":null,"('0120-S-2016', 2)":null},"('Firmantes', 'BLOQUE')":{"('0120-S-2016', 0)":"FRENTE PARA LA VICTORIA - PJ","('0120-S-2016', 1)":null,"('0120-S-2016', 2)":null},"('Tramites', 'C\u00c1MARA')":{"('0120-S-2016', 0)":"Senado","('0120-S-2016', 1)":"Senado","('0120-S-2016', 2)":"Senado"},"('Tramites', 'MOVIMIENTO')":{"('0120-S-2016', 0)":"CITACION SESION ESPECIAL","('0120-S-2016', 1)":"MOCION SOBRE TABLAS (AFIRMATIVA)","('0120-S-2016', 2)":"CONSIDERACION Y APROBACION"},"('Tramites', 'FECHA')":{"('0120-S-2016', 0)":"18\/05\/2016","('0120-S-2016', 1)":"18\/05\/2016","('0120-S-2016', 2)":"18\/05\/2016"},"('Tramites', 'RESULTADO')":{"('0120-S-2016', 0)":null,"('0120-S-2016', 1)":null,"('0120-S-2016', 2)":"APROBADO"},"Link":{"('0120-S-2016', 0)":"http:\/\/www.senado.gov.ar\/parlamentario\/comisiones\/verExp\/120.16\/S\/PD","('0120-S-2016', 1)":null,"('0120-S-2016', 2)":null},"Palabra Clave":{"('0120-S-2016', 0)":" ","('0120-S-2016', 1)":null,"('0120-S-2016', 2)":null}}