{"Tipo de Proyecto":{"('0121-D-2016', 0)":"PROYECTO DE LEY","('0121-D-2016', 1)":null},"Iniciado en: ":{"('0121-D-2016', 0)":"Diputados","('0121-D-2016', 1)":null},"Expediente Diputados: ":{"('0121-D-2016', 0)":"0121-D-2016","('0121-D-2016', 1)":null},"Publicado en: ":{"('0121-D-2016', 0)":"Tr\u00e1mite Parlamentario N\u00b0 1","('0121-D-2016', 1)":null},"Fecha: ":{"('0121-D-2016', 0)":"01\/03\/2016","('0121-D-2016', 1)":null},"T\u00edtulo":{"('0121-D-2016', 0)":"CODIGO ALIMENTARIO ARGENTINO, LEY 18284: MODIFICACION DEL CAPITULO V, SOBRE NORMAS PARA ROTULACION DE LOS ALIMENTOS. INCORPORACION DEL PUNDO D) (ROTULOS EN SISTEMA BRAILLE) (REPRODUCCION DEL EXPEDIENTE 0528-D-14).","('0121-D-2016', 1)":null},"('Firmantes', 'FIRMANTE')":{"('0121-D-2016', 0)":"BIANCHI, IVANA MARIA","('0121-D-2016', 1)":null},"('Firmantes', 'DISTRITO')":{"('0121-D-2016', 0)":"SAN LUIS","('0121-D-2016', 1)":null},"('Firmantes', 'BLOQUE')":{"('0121-D-2016', 0)":"COMPROMISO FEDERAL","('0121-D-2016', 1)":null},"('Giros', 'COMISI\u00d3N')":{"('0121-D-2016', 0)":"ACCION SOCIAL Y SALUD PUBLICA","('0121-D-2016', 1)":"INDUSTRIA"},"('Tramites', 'C\u00c1MARA')":{"('0121-D-2016', 0)":"Diputados","('0121-D-2016', 1)":null},"('Tramites', 'MOVIMIENTO')":{"('0121-D-2016', 0)":"REPRODUCIDO POR EXPEDIENTE 0272-D-18","('0121-D-2016', 1)":null},"('Tramites', 'FECHA')":{"('0121-D-2016', 0)":null,"('0121-D-2016', 1)":null},"('Tramites', 'RESULTADO')":{"('0121-D-2016', 0)":null,"('0121-D-2016', 1)":null},"Palabra Clave":{"('0121-D-2016', 0)":" ","('0121-D-2016', 1)":null}}