{"Tipo de Proyecto":{"('0122-S-2016', 0)":"PROYECTO DE DECLARACI\u00d3N","('0122-S-2016', 1)":null,"('0122-S-2016', 2)":null},"Iniciado en: ":{"('0122-S-2016', 0)":"Senado","('0122-S-2016', 1)":null,"('0122-S-2016', 2)":null},"Expediente Senado: ":{"('0122-S-2016', 0)":"0122-S-2016","('0122-S-2016', 1)":null,"('0122-S-2016', 2)":null},"Publicado en: ":{"('0122-S-2016', 0)":"Diario de Asuntos Entrados N\u00b0 7","('0122-S-2016', 1)":null,"('0122-S-2016', 2)":null},"Fecha: ":{"('0122-S-2016', 0)":"02\/03\/2016","('0122-S-2016', 1)":null,"('0122-S-2016', 2)":null},"T\u00edtulo":{"('0122-S-2016', 0)":"EXPRESAR BENEPLACITO POR LA REALIZACION DEL \"XVIII CONGRESO ARGENTINO DE OTORRINOLARINGOLOGIA Y FONOAUDIOLOGIA PEDIATRICA, XIV JORNADAS DE AUDIOLOGIA Y REHABILITACION Y A LAS XII JORNADAS DE ORL PARA PEDIATRAS\", A REALIZARSE DEL 5 AL 7 DE MAYO DEL 2016, EN LA CIUDAD AUTONOMA DE BUENOS AIRES.","('0122-S-2016', 1)":null,"('0122-S-2016', 2)":null},"('Firmantes', 'FIRMANTE')":{"('0122-S-2016', 0)":"BLAS, INES IMELDA","('0122-S-2016', 1)":null,"('0122-S-2016', 2)":null},"('Firmantes', 'DISTRITO')":{"('0122-S-2016', 0)":"CATAMARCA","('0122-S-2016', 1)":null,"('0122-S-2016', 2)":null},"('Firmantes', 'BLOQUE')":{"('0122-S-2016', 0)":"FRENTE PARA LA VICTORIA - PJ","('0122-S-2016', 1)":null,"('0122-S-2016', 2)":null},"('Tramites', 'C\u00c1MARA')":{"('0122-S-2016', 0)":"Senado","('0122-S-2016', 1)":"Senado","('0122-S-2016', 2)":"Senado"},"('Tramites', 'MOVIMIENTO')":{"('0122-S-2016', 0)":"CITACION SESION ESPECIAL","('0122-S-2016', 1)":"MOCION SOBRE TABLAS (AFIRMATIVA)","('0122-S-2016', 2)":"CONSIDERACION Y APROBACION"},"('Tramites', 'FECHA')":{"('0122-S-2016', 0)":"18\/05\/2016","('0122-S-2016', 1)":"18\/05\/2016","('0122-S-2016', 2)":"18\/05\/2016"},"('Tramites', 'RESULTADO')":{"('0122-S-2016', 0)":null,"('0122-S-2016', 1)":null,"('0122-S-2016', 2)":"APROBADO"},"Link":{"('0122-S-2016', 0)":"http:\/\/www.senado.gov.ar\/parlamentario\/comisiones\/verExp\/122.16\/S\/PD","('0122-S-2016', 1)":null,"('0122-S-2016', 2)":null},"Palabra Clave":{"('0122-S-2016', 0)":" ","('0122-S-2016', 1)":null,"('0122-S-2016', 2)":null}}