{"Tipo de Proyecto":{"('0124-S-2016', 0)":"MENSAJE NRO: 0109\/16 Y PROYECTO DE LEY","('0124-S-2016', 1)":null,"('0124-S-2016', 2)":null,"('0124-S-2016', 3)":null,"('0124-S-2016', 4)":null},"Iniciado en: ":{"('0124-S-2016', 0)":"Senado","('0124-S-2016', 1)":null,"('0124-S-2016', 2)":null,"('0124-S-2016', 3)":null,"('0124-S-2016', 4)":null},"Expediente Diputados: ":{"('0124-S-2016', 0)":"0124-S-2016","('0124-S-2016', 1)":null,"('0124-S-2016', 2)":null,"('0124-S-2016', 3)":null,"('0124-S-2016', 4)":null},"Expediente Senado: ":{"('0124-S-2016', 0)":"0164-PE-2016","('0124-S-2016', 1)":null,"('0124-S-2016', 2)":null,"('0124-S-2016', 3)":null,"('0124-S-2016', 4)":null},"Publicado en: ":{"('0124-S-2016', 0)":"Diario de Asuntos Entrados N\u00b0 190","('0124-S-2016', 1)":null,"('0124-S-2016', 2)":null,"('0124-S-2016', 3)":null,"('0124-S-2016', 4)":null},"Fecha: ":{"('0124-S-2016', 0)":"28\/09\/2016","('0124-S-2016', 1)":null,"('0124-S-2016', 2)":null,"('0124-S-2016', 3)":null,"('0124-S-2016', 4)":null},"T\u00edtulo":{"('0124-S-2016', 0)":"ACUERDO CON LA REPUBLICA DE COLOMBIA PARA LA PREVENCION E INVESTIGACION DEL DELITO DE LA TRATA DE PERSONAS Y LA ASISTENCIA Y PROTECCION DE SUS VICTIMAS, SUSCRIPTO EN LA CIUDAD DE BOGOTA, REPUBLICA DE COLOMBIA, EL 18 DE JULIO DE 2013. ","('0124-S-2016', 1)":null,"('0124-S-2016', 2)":null,"('0124-S-2016', 3)":null,"('0124-S-2016', 4)":null},"('Firmantes', 'FIRMANTE')":{"('0124-S-2016', 0)":"MACRI, MAURICIO","('0124-S-2016', 1)":"PE\u00d1A, MARCOS","('0124-S-2016', 2)":"MALCORRA, SUSANA MABEL","('0124-S-2016', 3)":null,"('0124-S-2016', 4)":null},"('Firmantes', 'DISTRITO')":{"('0124-S-2016', 0)":null,"('0124-S-2016', 1)":null,"('0124-S-2016', 2)":null,"('0124-S-2016', 3)":null,"('0124-S-2016', 4)":null},"('Firmantes', 'BLOQUE')":{"('0124-S-2016', 0)":"PODER EJECUTIVO","('0124-S-2016', 1)":"PODER EJECUTIVO","('0124-S-2016', 2)":"PODER EJECUTIVO","('0124-S-2016', 3)":null,"('0124-S-2016', 4)":null},"('Giros', 'COMISI\u00d3N')":{"('0124-S-2016', 0)":"RELACIONES EXTERIORES Y CULTO","('0124-S-2016', 1)":"LEGISLACION PENAL","('0124-S-2016', 2)":null,"('0124-S-2016', 3)":null,"('0124-S-2016', 4)":null},"('Tramites', 'C\u00c1MARA')":{"('0124-S-2016', 0)":"Senado","('0124-S-2016', 1)":"Diputados","('0124-S-2016', 2)":"Diputados","('0124-S-2016', 3)":"Diputados","('0124-S-2016', 4)":"Diputados"},"('Tramites', 'MOVIMIENTO')":{"('0124-S-2016', 0)":"CONSIDERACION Y APROBACION","('0124-S-2016', 1)":"PASA A DIPUTADOS -","('0124-S-2016', 2)":"CITACION SESION ESPECIAL","('0124-S-2016', 3)":"CONSIDERACION Y SANCION","('0124-S-2016', 4)":"INSERCION"},"('Tramites', 'FECHA')":{"('0124-S-2016', 0)":"02\/11\/2016","('0124-S-2016', 1)":null,"('0124-S-2016', 2)":"08\/11\/2017","('0124-S-2016', 3)":"08\/11\/2017","('0124-S-2016', 4)":"08\/11\/2017"},"('Tramites', 'RESULTADO')":{"('0124-S-2016', 0)":"MEDIA SANCION","('0124-S-2016', 1)":null,"('0124-S-2016', 2)":null,"('0124-S-2016', 3)":"SANCIONADO","('0124-S-2016', 4)":null},"Link":{"('0124-S-2016', 0)":"http:\/\/www.senado.gov.ar\/web\/proyectos\/verExpe.php?origen=PE&nro_comision=&tipo=PL&numexp=164\/16&tConsulta=5","('0124-S-2016', 1)":null,"('0124-S-2016', 2)":null,"('0124-S-2016', 3)":null,"('0124-S-2016', 4)":null},"Palabra Clave":{"('0124-S-2016', 0)":" ","('0124-S-2016', 1)":null,"('0124-S-2016', 2)":null,"('0124-S-2016', 3)":null,"('0124-S-2016', 4)":null}}