{"Tipo de Proyecto":{"('0124-D-2016', 0)":"PROYECTO DE LEY","('0124-D-2016', 1)":null,"('0124-D-2016', 2)":null},"Iniciado en: ":{"('0124-D-2016', 0)":"Diputados","('0124-D-2016', 1)":null,"('0124-D-2016', 2)":null},"Expediente Diputados: ":{"('0124-D-2016', 0)":"0124-D-2016","('0124-D-2016', 1)":null,"('0124-D-2016', 2)":null},"Publicado en: ":{"('0124-D-2016', 0)":"Tr\u00e1mite Parlamentario N\u00b0 1","('0124-D-2016', 1)":null,"('0124-D-2016', 2)":null},"Fecha: ":{"('0124-D-2016', 0)":"01\/03\/2016","('0124-D-2016', 1)":null,"('0124-D-2016', 2)":null},"T\u00edtulo":{"('0124-D-2016', 0)":"DECLARAR DE INTERES NACIONAL LA INVESTIGACION Y TRATAMIENTO DE LA ATROFIA MUSCULAR ESPINAL (AME)  (REPRODUCCION DEL EXPEDIENTE 0533-D-14).","('0124-D-2016', 1)":null,"('0124-D-2016', 2)":null},"('Firmantes', 'FIRMANTE')":{"('0124-D-2016', 0)":"BIANCHI, IVANA MARIA","('0124-D-2016', 1)":null,"('0124-D-2016', 2)":null},"('Firmantes', 'DISTRITO')":{"('0124-D-2016', 0)":"SAN LUIS","('0124-D-2016', 1)":null,"('0124-D-2016', 2)":null},"('Firmantes', 'BLOQUE')":{"('0124-D-2016', 0)":"COMPROMISO FEDERAL","('0124-D-2016', 1)":null,"('0124-D-2016', 2)":null},"('Giros', 'COMISI\u00d3N')":{"('0124-D-2016', 0)":"ACCION SOCIAL Y SALUD PUBLICA","('0124-D-2016', 1)":"DISCAPACIDAD","('0124-D-2016', 2)":"PRESUPUESTO Y HACIENDA"},"('Tramites', 'C\u00c1MARA')":{"('0124-D-2016', 0)":"Diputados","('0124-D-2016', 1)":null,"('0124-D-2016', 2)":null},"('Tramites', 'MOVIMIENTO')":{"('0124-D-2016', 0)":"REPRODUCIDO POR EXPEDIENTE 0273-D-18","('0124-D-2016', 1)":null,"('0124-D-2016', 2)":null},"('Tramites', 'FECHA')":{"('0124-D-2016', 0)":null,"('0124-D-2016', 1)":null,"('0124-D-2016', 2)":null},"('Tramites', 'RESULTADO')":{"('0124-D-2016', 0)":null,"('0124-D-2016', 1)":null,"('0124-D-2016', 2)":null},"Palabra Clave":{"('0124-D-2016', 0)":" ","('0124-D-2016', 1)":null,"('0124-D-2016', 2)":null}}