{"Tipo de Proyecto":{"('0126-D-2016', 0)":"PROYECTO DE LEY","('0126-D-2016', 1)":null},"Iniciado en: ":{"('0126-D-2016', 0)":"Diputados","('0126-D-2016', 1)":null},"Expediente Diputados: ":{"('0126-D-2016', 0)":"0126-D-2016","('0126-D-2016', 1)":null},"Publicado en: ":{"('0126-D-2016', 0)":"Tr\u00e1mite Parlamentario N\u00b0 1","('0126-D-2016', 1)":null},"Fecha: ":{"('0126-D-2016', 0)":"01\/03\/2016","('0126-D-2016', 1)":null},"T\u00edtulo":{"('0126-D-2016', 0)":"DATOS PERSONALES - LEY 25326 -. MODIFICACION DEL ARTICULO 26 SOBRE PRESTACION DE SERVICIOS DE INFORMACION CREDITICIA  (REPRODUCCION DEL EXPEDIENTE 0537-D-14).","('0126-D-2016', 1)":null},"('Firmantes', 'FIRMANTE')":{"('0126-D-2016', 0)":"BIANCHI, IVANA MARIA","('0126-D-2016', 1)":null},"('Firmantes', 'DISTRITO')":{"('0126-D-2016', 0)":"SAN LUIS","('0126-D-2016', 1)":null},"('Firmantes', 'BLOQUE')":{"('0126-D-2016', 0)":"COMPROMISO FEDERAL","('0126-D-2016', 1)":null},"('Giros', 'COMISI\u00d3N')":{"('0126-D-2016', 0)":"ASUNTOS CONSTITUCIONALES","('0126-D-2016', 1)":"FINANZAS"},"Sumario":{"('0126-D-2016', 0)":"INCORPORACION DE: INCISO 6, SOBRE OBLIGACION DE LA ENTIDAD ACREEDORA DE COMUNICAR A QUIENES PRESTAN SERVICIOS DE INFORMACION CREDITICIA PARA SU ACTUALIZACION EN CASO DE CANCELACION DE DEUDA O EXTINCION DE LA OBLIGACION POR PARTE DEL DEUDOR; INCISO 7,  SOBRE SANCIONES EN CASO DE INCUMPLIMIENTO DEL INCICO 6; INCISO 8, SOBRE RESPONSABILIDAD POR CONSECUENCIAS DE INFORMACION PROVISTA ERRONEAMENTE.","('0126-D-2016', 1)":null},"Palabra Clave":{"('0126-D-2016', 0)":" ","('0126-D-2016', 1)":null}}