{"Tipo de Proyecto":{"('0126-S-2016', 0)":"PROYECTO DE LEY","('0126-S-2016', 1)":null,"('0126-S-2016', 2)":null,"('0126-S-2016', 3)":null,"('0126-S-2016', 4)":null,"('0126-S-2016', 5)":null,"('0126-S-2016', 6)":null,"('0126-S-2016', 7)":null},"Iniciado en: ":{"('0126-S-2016', 0)":"Senado","('0126-S-2016', 1)":null,"('0126-S-2016', 2)":null,"('0126-S-2016', 3)":null,"('0126-S-2016', 4)":null,"('0126-S-2016', 5)":null,"('0126-S-2016', 6)":null,"('0126-S-2016', 7)":null},"Expediente Diputados: ":{"('0126-S-2016', 0)":"0126-S-2016","('0126-S-2016', 1)":null,"('0126-S-2016', 2)":null,"('0126-S-2016', 3)":null,"('0126-S-2016', 4)":null,"('0126-S-2016', 5)":null,"('0126-S-2016', 6)":null,"('0126-S-2016', 7)":null},"Expediente Senado: ":{"('0126-S-2016', 0)":"1003-S-2016","('0126-S-2016', 1)":null,"('0126-S-2016', 2)":null,"('0126-S-2016', 3)":null,"('0126-S-2016', 4)":null,"('0126-S-2016', 5)":null,"('0126-S-2016', 6)":null,"('0126-S-2016', 7)":null},"Publicado en: ":{"('0126-S-2016', 0)":"Diario de Asuntos Entrados N\u00b0 49","('0126-S-2016', 1)":null,"('0126-S-2016', 2)":null,"('0126-S-2016', 3)":null,"('0126-S-2016', 4)":null,"('0126-S-2016', 5)":null,"('0126-S-2016', 6)":null,"('0126-S-2016', 7)":null},"Fecha: ":{"('0126-S-2016', 0)":"11\/04\/2016","('0126-S-2016', 1)":null,"('0126-S-2016', 2)":null,"('0126-S-2016', 3)":null,"('0126-S-2016', 4)":null,"('0126-S-2016', 5)":null,"('0126-S-2016', 6)":null,"('0126-S-2016', 7)":null},"T\u00edtulo":{"('0126-S-2016', 0)":"ESTABLECER LA OBLIGATORIEDAD DE DEBATES PREELECTORALES PUBLICOS A LOS CANDIDATOS A PRESIDENTE DE LA NACION.","('0126-S-2016', 1)":null,"('0126-S-2016', 2)":null,"('0126-S-2016', 3)":null,"('0126-S-2016', 4)":null,"('0126-S-2016', 5)":null,"('0126-S-2016', 6)":null,"('0126-S-2016', 7)":null},"('Firmantes', 'FIRMANTE')":{"('0126-S-2016', 0)":"AGUILAR, EDUARDO ALBERTO","('0126-S-2016', 1)":"URTUBEY, RODOLFO JULIO","('0126-S-2016', 2)":"FUENTES, MARCELO JORGE","('0126-S-2016', 3)":"PICHETTO, MIGUEL ANGEL","('0126-S-2016', 4)":"ABAL MEDINA, JUAN MANUEL","('0126-S-2016', 5)":"PEROTTI, OMAR ANGEL","('0126-S-2016', 6)":"LABADO, MARIA ESTER","('0126-S-2016', 7)":"FELLNER, LILIANA BEATRIZ"},"('Firmantes', 'DISTRITO')":{"('0126-S-2016', 0)":"CHACO","('0126-S-2016', 1)":"SALTA","('0126-S-2016', 2)":"NEUQUEN","('0126-S-2016', 3)":"RIO NEGRO","('0126-S-2016', 4)":"BUENOS AIRES","('0126-S-2016', 5)":"SANTA FE","('0126-S-2016', 6)":"SANTA CRUZ","('0126-S-2016', 7)":"JUJUY"},"('Firmantes', 'BLOQUE')":{"('0126-S-2016', 0)":"FRENTE PARA LA VICTORIA - PJ","('0126-S-2016', 1)":"FRENTE PARA LA VICTORIA - PJ","('0126-S-2016', 2)":"FRENTE PARA LA VICTORIA - PJ","('0126-S-2016', 3)":"FRENTE PARA LA VICTORIA - PJ","('0126-S-2016', 4)":"FRENTE PARA LA VICTORIA - PJ","('0126-S-2016', 5)":"FRENTE PARA LA VICTORIA - PJ","('0126-S-2016', 6)":"FRENTE PARA LA VICTORIA - PJ","('0126-S-2016', 7)":"FRENTE PARA LA VICTORIA - PJ"},"('Giros', 'COMISI\u00d3N')":{"('0126-S-2016', 0)":"ASUNTOS CONSTITUCIONALES","('0126-S-2016', 1)":"JUSTICIA","('0126-S-2016', 2)":null,"('0126-S-2016', 3)":null,"('0126-S-2016', 4)":null,"('0126-S-2016', 5)":null,"('0126-S-2016', 6)":null,"('0126-S-2016', 7)":null},"('Tramites', 'C\u00c1MARA')":{"('0126-S-2016', 0)":"Senado","('0126-S-2016', 1)":"Senado","('0126-S-2016', 2)":"Diputados","('0126-S-2016', 3)":"Diputados","('0126-S-2016', 4)":"Diputados","('0126-S-2016', 5)":"Diputados","('0126-S-2016', 6)":"Diputados","('0126-S-2016', 7)":null},"('Tramites', 'MOVIMIENTO')":{"('0126-S-2016', 0)":"CONSIDERACION Y APROBACION (MAYORIA REQUERIDA POR ARTICULO 77 DE LA CONSTITUCION NACIONAL) CONJUNTAMENTE PARA LOS EXPEDIENTES 0845-S-2015, 1295-S-2015, 0126-S-2016, 1003-S-2016, 1589-S-2016, 0068-PE-2016 y 1850-S-2016","('0126-S-2016', 1)":"INSERCION CONJUNTAMENTE PARA LOS EXPEDIENTES 0845-S-2015, 1295-S-2015, 0126-S-2016, 1003-S-2016, 1589-S-2016, 0068-PE-2016 y 1850-S-2016","('0126-S-2016', 2)":"PASA A DIPUTADOS - CONJUNTAMENTE PARA LOS EXPEDIENTES 0845-S-2015, 1295-S-2015, 0126-S-2016, 1003-S-2016, 1589-S-2016, 0068-PE-2016 y 1850-S-2016","('0126-S-2016', 3)":"CITACION SESION ESPECIAL CONJUNTAMENTE PARA LOS EXPEDIENTES 0845-S-2015, 1295-S-2015, 0126-S-2016, 1003-S-2016, 1589-S-2016, 0068-PE-2016 y 1850-S-2016","('0126-S-2016', 4)":"MOCION SOBRE TABLAS (AFIRMATIVA) CONJUNTAMENTE PARA LOS EXPEDIENTES 0845-S-2015, 1295-S-2015, 0126-S-2016, 1003-S-2016, 1589-S-2016, 0068-PE-2016 y 1850-S-2016","('0126-S-2016', 5)":"CONSIDERACION Y SANCION CONJUNTAMENTE PARA LOS EXPEDIENTES 0845-S-2015, 1295-S-2015, 0126-S-2016, 1003-S-2016, 1589-S-2016, 0068-PE-2016 y 1850-S-2016","('0126-S-2016', 6)":"INSERCIONES CONJUNTAMENTE PARA LOS EXPEDIENTES 0845-S-2015, 1295-S-2015, 0126-S-2016, 1003-S-2016, 1589-S-2016, 0068-PE-2016 y 1850-S-2016","('0126-S-2016', 7)":null},"('Tramites', 'FECHA')":{"('0126-S-2016', 0)":"02\/11\/2016","('0126-S-2016', 1)":"02\/11\/2016","('0126-S-2016', 2)":null,"('0126-S-2016', 3)":"23\/11\/2016","('0126-S-2016', 4)":"23\/11\/2016","('0126-S-2016', 5)":"23\/11\/2016","('0126-S-2016', 6)":"23\/11\/2016","('0126-S-2016', 7)":null},"('Tramites', 'RESULTADO')":{"('0126-S-2016', 0)":"MEDIA SANCION","('0126-S-2016', 1)":null,"('0126-S-2016', 2)":null,"('0126-S-2016', 3)":null,"('0126-S-2016', 4)":null,"('0126-S-2016', 5)":"SANCIONADO","('0126-S-2016', 6)":null,"('0126-S-2016', 7)":null},"Sumario":{"('0126-S-2016', 0)":"OBLIGATORIEDAD DE LOS DEBATES; SANCIONES; EMISION DE LOS DEBATES EN TELEVISION PUBLICA Y DE LIBRE ACCESO PARA TODOS LOS CANALES DE AIRE; AUTORIDAD DE APLICACION: CAMARA NACIONAL ELECTORAL.","('0126-S-2016', 1)":null,"('0126-S-2016', 2)":null,"('0126-S-2016', 3)":null,"('0126-S-2016', 4)":null,"('0126-S-2016', 5)":null,"('0126-S-2016', 6)":null,"('0126-S-2016', 7)":null},"Palabra Clave":{"('0126-S-2016', 0)":" ","('0126-S-2016', 1)":null,"('0126-S-2016', 2)":null,"('0126-S-2016', 3)":null,"('0126-S-2016', 4)":null,"('0126-S-2016', 5)":null,"('0126-S-2016', 6)":null,"('0126-S-2016', 7)":null}}