{"Tipo de Proyecto":{"('0127-S-2016', 0)":"PROYECTO DE LEY","('0127-S-2016', 1)":null,"('0127-S-2016', 2)":null},"Iniciado en: ":{"('0127-S-2016', 0)":"Senado","('0127-S-2016', 1)":null,"('0127-S-2016', 2)":null},"Expediente Diputados: ":{"('0127-S-2016', 0)":"0127-S-2016","('0127-S-2016', 1)":null,"('0127-S-2016', 2)":null},"Expediente Senado: ":{"('0127-S-2016', 0)":"4317-S-2016","('0127-S-2016', 1)":null,"('0127-S-2016', 2)":null},"Publicado en: ":{"('0127-S-2016', 0)":"Diario de Asuntos Entrados N\u00b0 216","('0127-S-2016', 1)":null,"('0127-S-2016', 2)":null},"Fecha: ":{"('0127-S-2016', 0)":"02\/11\/2016","('0127-S-2016', 1)":null,"('0127-S-2016', 2)":null},"T\u00edtulo":{"('0127-S-2016', 0)":"PRORROGA DEL ESTADO DE EMERGENCIA Y\/O DESASTRE AGROPECUARIO DE ACUERDO A LA LEY 26509 - EMERGENCIA AGROPECUARIA -, PARA LAS PROVINCIAS DE BUENOS AIRES Y LA PAMPA.","('0127-S-2016', 1)":null,"('0127-S-2016', 2)":null},"('Firmantes', 'FIRMANTE')":{"('0127-S-2016', 0)":"LOVERA, DANIEL ANIBAL","('0127-S-2016', 1)":"DURANGO, NORMA HAYDEE","('0127-S-2016', 2)":"MARINO, JUAN CARLOS"},"('Firmantes', 'DISTRITO')":{"('0127-S-2016', 0)":"LA PAMPA","('0127-S-2016', 1)":"LA PAMPA","('0127-S-2016', 2)":"LA PAMPA"},"('Firmantes', 'BLOQUE')":{"('0127-S-2016', 0)":"PARTIDO JUSTICIALISTA LA PAMPA","('0127-S-2016', 1)":"PARTIDO JUSTICIALISTA LA PAMPA","('0127-S-2016', 2)":"UCR"},"('Giros', 'COMISI\u00d3N')":{"('0127-S-2016', 0)":"AGRICULTURA Y GANADERIA","('0127-S-2016', 1)":"ECONOMIAS Y DESARROLLO REGIONAL","('0127-S-2016', 2)":"PRESUPUESTO Y HACIENDA"},"('Tramites', 'C\u00c1MARA')":{"('0127-S-2016', 0)":"Senado","('0127-S-2016', 1)":"Senado","('0127-S-2016', 2)":"Diputados"},"('Tramites', 'MOVIMIENTO')":{"('0127-S-2016', 0)":"MOCION SOBRE TABLAS (AFIRMATIVA)","('0127-S-2016', 1)":"CONSIDERACION Y APROBACION","('0127-S-2016', 2)":"PASA A DIPUTADOS -"},"('Tramites', 'FECHA')":{"('0127-S-2016', 0)":"02\/11\/2016","('0127-S-2016', 1)":"02\/11\/2016","('0127-S-2016', 2)":null},"('Tramites', 'RESULTADO')":{"('0127-S-2016', 0)":null,"('0127-S-2016', 1)":"MEDIA SANCION","('0127-S-2016', 2)":null},"Link":{"('0127-S-2016', 0)":"http:\/\/www.senado.gov.ar\/parlamentario\/comisiones\/verExp\/4317.16\/S\/PL","('0127-S-2016', 1)":null,"('0127-S-2016', 2)":null},"Palabra Clave":{"('0127-S-2016', 0)":" ","('0127-S-2016', 1)":null,"('0127-S-2016', 2)":null}}