{"Tipo de Proyecto":{"('0127-PE-2016', 0)":"MENSAJE NRO: 0026\/16"},"Iniciado en: ":{"('0127-PE-2016', 0)":"Senado"},"Expediente Senado: ":{"('0127-PE-2016', 0)":"0127-PE-2016"},"Publicado en: ":{"('0127-PE-2016', 0)":"Diario de Asuntos Entrados N\u00b0 0"},"Fecha: ":{"('0127-PE-2016', 0)":"02\/09\/2016"},"T\u00edtulo":{"('0127-PE-2016', 0)":"COMUNICACION DEL DICTADO DEL DECRETO DE NECESIDAD Y URGENCIA 975\/16 POR EL QUE SE MODIFICA EL PRESUPUESTO GENERAL DE LA ADMINISTRACION PARA EL EJERCICIO 2016 DE ACUERDO CON EL DETALLE OBRANTE EN LAS PLANILLAS ANEXAS."},"('Firmantes', 'FIRMANTE')":{"('0127-PE-2016', 0)":"MACRI, MAURICIO"},"('Firmantes', 'DISTRITO')":{"('0127-PE-2016', 0)":null},"('Firmantes', 'BLOQUE')":{"('0127-PE-2016', 0)":"PODER EJECUTIVO"},"Palabra Clave":{"('0127-PE-2016', 0)":" "}}