{"Tipo de Proyecto":{"('0128-S-2016', 0)":"PROYECTO DE LEY","('0128-S-2016', 1)":null,"('0128-S-2016', 2)":null},"Iniciado en: ":{"('0128-S-2016', 0)":"Senado","('0128-S-2016', 1)":null,"('0128-S-2016', 2)":null},"Expediente Diputados: ":{"('0128-S-2016', 0)":"0128-S-2016","('0128-S-2016', 1)":null,"('0128-S-2016', 2)":null},"Expediente Senado: ":{"('0128-S-2016', 0)":"3775-S-2016","('0128-S-2016', 1)":null,"('0128-S-2016', 2)":null},"Publicado en: ":{"('0128-S-2016', 0)":"Diario de Asuntos Entrados N\u00b0 189","('0128-S-2016', 1)":null,"('0128-S-2016', 2)":null},"Fecha: ":{"('0128-S-2016', 0)":"27\/09\/2016","('0128-S-2016', 1)":null,"('0128-S-2016', 2)":null},"T\u00edtulo":{"('0128-S-2016', 0)":"DECLARAR EL ESTADO DE DESASTRE Y EMERGENCIA POR CATASTROFE CLIMATICA EN LOS VALLES FRUTICOLAS DE RIO NEGRO.","('0128-S-2016', 1)":null,"('0128-S-2016', 2)":null},"('Firmantes', 'FIRMANTE')":{"('0128-S-2016', 0)":"ODARDA, MARIA MAGDALENA","('0128-S-2016', 1)":null,"('0128-S-2016', 2)":null},"('Firmantes', 'DISTRITO')":{"('0128-S-2016', 0)":"RIO NEGRO","('0128-S-2016', 1)":null,"('0128-S-2016', 2)":null},"('Firmantes', 'BLOQUE')":{"('0128-S-2016', 0)":"FRENTE PROGRESISTA - CCARI","('0128-S-2016', 1)":null,"('0128-S-2016', 2)":null},"('Giros', 'COMISI\u00d3N')":{"('0128-S-2016', 0)":"AGRICULTURA Y GANADERIA","('0128-S-2016', 1)":"ECONOMIAS Y DESARROLLO REGIONAL","('0128-S-2016', 2)":"PRESUPUESTO Y HACIENDA"},"('Tramites', 'C\u00c1MARA')":{"('0128-S-2016', 0)":"Senado","('0128-S-2016', 1)":"Senado","('0128-S-2016', 2)":"Diputados"},"('Tramites', 'MOVIMIENTO')":{"('0128-S-2016', 0)":"MOCION SOBRE TABLAS (AFIRMATIVA)","('0128-S-2016', 1)":"CONSIDERACION Y APROBACION","('0128-S-2016', 2)":"PASA A DIPUTADOS -"},"('Tramites', 'FECHA')":{"('0128-S-2016', 0)":"02\/11\/2016","('0128-S-2016', 1)":"02\/11\/2016","('0128-S-2016', 2)":null},"('Tramites', 'RESULTADO')":{"('0128-S-2016', 0)":null,"('0128-S-2016', 1)":"MEDIA SANCION","('0128-S-2016', 2)":null},"Link":{"('0128-S-2016', 0)":"http:\/\/www.senado.gov.ar\/parlamentario\/comisiones\/verExp\/3775.16\/S\/PL","('0128-S-2016', 1)":null,"('0128-S-2016', 2)":null},"Palabra Clave":{"('0128-S-2016', 0)":" ","('0128-S-2016', 1)":null,"('0128-S-2016', 2)":null}}