{"Tipo de Proyecto":{"('0129-D-2016', 0)":"PROYECTO DE LEY","('0129-D-2016', 1)":null,"('0129-D-2016', 2)":null},"Iniciado en: ":{"('0129-D-2016', 0)":"Diputados","('0129-D-2016', 1)":null,"('0129-D-2016', 2)":null},"Expediente Diputados: ":{"('0129-D-2016', 0)":"0129-D-2016","('0129-D-2016', 1)":null,"('0129-D-2016', 2)":null},"Publicado en: ":{"('0129-D-2016', 0)":"Tr\u00e1mite Parlamentario N\u00b0 1","('0129-D-2016', 1)":null,"('0129-D-2016', 2)":null},"Fecha: ":{"('0129-D-2016', 0)":"01\/03\/2016","('0129-D-2016', 1)":null,"('0129-D-2016', 2)":null},"T\u00edtulo":{"('0129-D-2016', 0)":"MINISTERIO DE DEPORTE Y ACTIVIDAD FISICA. MODIFICACION A LAS LEYES 22520, 26338  Y 20655; CREACION (REPRODUCCION DEL EXPEDIENTE 0540-D-14).","('0129-D-2016', 1)":null,"('0129-D-2016', 2)":null},"('Firmantes', 'FIRMANTE')":{"('0129-D-2016', 0)":"BIANCHI, IVANA MARIA","('0129-D-2016', 1)":null,"('0129-D-2016', 2)":null},"('Firmantes', 'DISTRITO')":{"('0129-D-2016', 0)":"SAN LUIS","('0129-D-2016', 1)":null,"('0129-D-2016', 2)":null},"('Firmantes', 'BLOQUE')":{"('0129-D-2016', 0)":"COMPROMISO FEDERAL","('0129-D-2016', 1)":null,"('0129-D-2016', 2)":null},"('Giros', 'COMISI\u00d3N')":{"('0129-D-2016', 0)":"ASUNTOS CONSTITUCIONALES","('0129-D-2016', 1)":"DEPORTES","('0129-D-2016', 2)":"PRESUPUESTO Y HACIENDA"},"('Tramites', 'C\u00c1MARA')":{"('0129-D-2016', 0)":"Diputados","('0129-D-2016', 1)":null,"('0129-D-2016', 2)":null},"('Tramites', 'MOVIMIENTO')":{"('0129-D-2016', 0)":"REPRODUCIDO POR EXPEDIENTE 0275-D-18","('0129-D-2016', 1)":null,"('0129-D-2016', 2)":null},"('Tramites', 'FECHA')":{"('0129-D-2016', 0)":null,"('0129-D-2016', 1)":null,"('0129-D-2016', 2)":null},"('Tramites', 'RESULTADO')":{"('0129-D-2016', 0)":null,"('0129-D-2016', 1)":null,"('0129-D-2016', 2)":null},"Sumario":{"('0129-D-2016', 0)":"MODIFICACION DEL ARTICULO 1 DE LA LEY 22520 (LEY DE MINISTERIOS. COMPETENCIAS): CREACION DEL MINISTERIO DE DEPORTE Y ACTIVIDAD FISICA. DEROGACION DEL INCICO 35 DEL ARTICULO 23 BIS DE LA LEY 26338 (LEY DE MINISTERIOS. MODIFICACION). INCORPORACION DEL ARTICULO 23 SEXIES DE LA LEY DE MINISTERIOS 26338 Y SUS MODIFICATORIAS. SOBRE COMPETENCIAS DEL MINISTERIO DE DEPORTE Y ACTIVIDAD FISICA. FUNCIONES. LEY 20655 (LEY DE DEPORTE): SUSTITUCION DE LOS ARTICULOS: 4 DEL CAPITULO II, SOBRE EL ORGANO DE APLICACION (MINISTERIO DE DEPORTE Y ACTIVIDAD FISICA); ARTICULO 12 DEL CAPITULO VI, SOBRE EL FONDO NACIONAL DEL DEPORTE, RECURSOS.","('0129-D-2016', 1)":null,"('0129-D-2016', 2)":null},"Palabra Clave":{"('0129-D-2016', 0)":" ","('0129-D-2016', 1)":null,"('0129-D-2016', 2)":null}}