{"Tipo de Proyecto":{"('0129-S-2016', 0)":"PROYECTO DE LEY","('0129-S-2016', 1)":null,"('0129-S-2016', 2)":null},"Iniciado en: ":{"('0129-S-2016', 0)":"Senado","('0129-S-2016', 1)":null,"('0129-S-2016', 2)":null},"Expediente Diputados: ":{"('0129-S-2016', 0)":"0129-S-2016","('0129-S-2016', 1)":null,"('0129-S-2016', 2)":null},"Expediente Senado: ":{"('0129-S-2016', 0)":"4140-S-2016","('0129-S-2016', 1)":null,"('0129-S-2016', 2)":null},"Publicado en: ":{"('0129-S-2016', 0)":"Diario de Asuntos Entrados N\u00b0 207","('0129-S-2016', 1)":null,"('0129-S-2016', 2)":null},"Fecha: ":{"('0129-S-2016', 0)":"19\/10\/2016","('0129-S-2016', 1)":null,"('0129-S-2016', 2)":null},"T\u00edtulo":{"('0129-S-2016', 0)":"ESTABLECER UN CUPO PARA TRABAJADORES CON CAPACIDADES DIFERENTES.","('0129-S-2016', 1)":null,"('0129-S-2016', 2)":null},"('Firmantes', 'FIRMANTE')":{"('0129-S-2016', 0)":"PEREYRA, GUILLERMO JUAN","('0129-S-2016', 1)":"GONZALEZ, NANCY SUSANA","('0129-S-2016', 2)":null},"('Firmantes', 'DISTRITO')":{"('0129-S-2016', 0)":"NEUQUEN","('0129-S-2016', 1)":"CHUBUT","('0129-S-2016', 2)":null},"('Firmantes', 'BLOQUE')":{"('0129-S-2016', 0)":"MOV POP NEUQUINO","('0129-S-2016', 1)":"FRENTE PARA LA VICTORIA - PJ","('0129-S-2016', 2)":null},"('Giros', 'COMISI\u00d3N')":{"('0129-S-2016', 0)":"DISCAPACIDAD","('0129-S-2016', 1)":"LEGISLACION DEL TRABAJO","('0129-S-2016', 2)":"PRESUPUESTO Y HACIENDA"},"('Tramites', 'C\u00c1MARA')":{"('0129-S-2016', 0)":"Senado","('0129-S-2016', 1)":"Senado","('0129-S-2016', 2)":"Diputados"},"('Tramites', 'MOVIMIENTO')":{"('0129-S-2016', 0)":"MOCION SOBRE TABLAS (AFIRMATIVA)","('0129-S-2016', 1)":"CONSIDERACION Y APROBACION","('0129-S-2016', 2)":"PASA A DIPUTADOS -"},"('Tramites', 'FECHA')":{"('0129-S-2016', 0)":"02\/11\/2016","('0129-S-2016', 1)":"02\/11\/2016","('0129-S-2016', 2)":null},"('Tramites', 'RESULTADO')":{"('0129-S-2016', 0)":null,"('0129-S-2016', 1)":"MEDIA SANCION","('0129-S-2016', 2)":null},"Link":{"('0129-S-2016', 0)":"http:\/\/www.senado.gov.ar\/parlamentario\/comisiones\/verExp\/4140.16\/S\/PL","('0129-S-2016', 1)":null,"('0129-S-2016', 2)":null},"Palabra Clave":{"('0129-S-2016', 0)":" ","('0129-S-2016', 1)":null,"('0129-S-2016', 2)":null}}