{"Tipo de Proyecto":{"('0130-S-2016', 0)":"PROYECTO DE LEY","('0130-S-2016', 1)":null,"('0130-S-2016', 2)":null,"('0130-S-2016', 3)":null,"('0130-S-2016', 4)":null,"('0130-S-2016', 5)":null,"('0130-S-2016', 6)":null,"('0130-S-2016', 7)":null,"('0130-S-2016', 8)":null,"('0130-S-2016', 9)":null,"('0130-S-2016', 10)":null},"Iniciado en: ":{"('0130-S-2016', 0)":"Senado","('0130-S-2016', 1)":null,"('0130-S-2016', 2)":null,"('0130-S-2016', 3)":null,"('0130-S-2016', 4)":null,"('0130-S-2016', 5)":null,"('0130-S-2016', 6)":null,"('0130-S-2016', 7)":null,"('0130-S-2016', 8)":null,"('0130-S-2016', 9)":null,"('0130-S-2016', 10)":null},"Expediente Diputados: ":{"('0130-S-2016', 0)":"0130-S-2016","('0130-S-2016', 1)":null,"('0130-S-2016', 2)":null,"('0130-S-2016', 3)":null,"('0130-S-2016', 4)":null,"('0130-S-2016', 5)":null,"('0130-S-2016', 6)":null,"('0130-S-2016', 7)":null,"('0130-S-2016', 8)":null,"('0130-S-2016', 9)":null,"('0130-S-2016', 10)":null},"Expediente Senado: ":{"('0130-S-2016', 0)":"1736-S-2016","('0130-S-2016', 1)":null,"('0130-S-2016', 2)":null,"('0130-S-2016', 3)":null,"('0130-S-2016', 4)":null,"('0130-S-2016', 5)":null,"('0130-S-2016', 6)":null,"('0130-S-2016', 7)":null,"('0130-S-2016', 8)":null,"('0130-S-2016', 9)":null,"('0130-S-2016', 10)":null},"Publicado en: ":{"('0130-S-2016', 0)":"Diario de Asuntos Entrados N\u00b0 85","('0130-S-2016', 1)":null,"('0130-S-2016', 2)":null,"('0130-S-2016', 3)":null,"('0130-S-2016', 4)":null,"('0130-S-2016', 5)":null,"('0130-S-2016', 6)":null,"('0130-S-2016', 7)":null,"('0130-S-2016', 8)":null,"('0130-S-2016', 9)":null,"('0130-S-2016', 10)":null},"Fecha: ":{"('0130-S-2016', 0)":"19\/05\/2016","('0130-S-2016', 1)":null,"('0130-S-2016', 2)":null,"('0130-S-2016', 3)":null,"('0130-S-2016', 4)":null,"('0130-S-2016', 5)":null,"('0130-S-2016', 6)":null,"('0130-S-2016', 7)":null,"('0130-S-2016', 8)":null,"('0130-S-2016', 9)":null,"('0130-S-2016', 10)":null},"T\u00edtulo":{"('0130-S-2016', 0)":"MODIFICACION DEL ARTICULO 53\u00ba DE LA LEY 24241 -SISTEMA INTEGRADO DE JUBILACIONES Y PENSIONES-, EXTENDIENDO EL LIMITE DE EDAD PARA LA PERCEPCION DEL BENEFICIO POR PARTE DE HIJOS QUE ACREDITEN LA CONTINUACION DE SUS ESTUDIOS.","('0130-S-2016', 1)":null,"('0130-S-2016', 2)":null,"('0130-S-2016', 3)":null,"('0130-S-2016', 4)":null,"('0130-S-2016', 5)":null,"('0130-S-2016', 6)":null,"('0130-S-2016', 7)":null,"('0130-S-2016', 8)":null,"('0130-S-2016', 9)":null,"('0130-S-2016', 10)":null},"('Firmantes', 'FIRMANTE')":{"('0130-S-2016', 0)":"COBOS, JULIO CESAR CLETO","('0130-S-2016', 1)":"LINARES, JAIME","('0130-S-2016', 2)":"ODARDA, MARIA MAGDALENA","('0130-S-2016', 3)":"CASTILLO, OSCAR ANIBAL","('0130-S-2016', 4)":"MARTINEZ, JULIO CESAR","('0130-S-2016', 5)":"SOLANAS, FERNANDO EZEQUIEL","('0130-S-2016', 6)":"BRAILLARD POCCARD, NESTOR PEDRO","('0130-S-2016', 7)":"ELIAS DE PEREZ, SILVIA BEATRIZ","('0130-S-2016', 8)":"BOYADJIAN, MIRIAM RUTH","('0130-S-2016', 9)":"ROZAS, ANGEL","('0130-S-2016', 10)":"LUENZO, ALFREDO HECTOR"},"('Firmantes', 'DISTRITO')":{"('0130-S-2016', 0)":"MENDOZA","('0130-S-2016', 1)":"BUENOS AIRES","('0130-S-2016', 2)":"RIO NEGRO","('0130-S-2016', 3)":"CATAMARCA","('0130-S-2016', 4)":"CORDOBA","('0130-S-2016', 5)":"CIUDAD de BUENOS AIRES","('0130-S-2016', 6)":"CORRIENTES","('0130-S-2016', 7)":"TUCUMAN","('0130-S-2016', 8)":"TIERRA DEL FUEGO","('0130-S-2016', 9)":"CHACO","('0130-S-2016', 10)":"CHUBUT"},"('Firmantes', 'BLOQUE')":{"('0130-S-2016', 0)":"UCR","('0130-S-2016', 1)":"GEN","('0130-S-2016', 2)":"FRENTE PROGRESISTA - CCARI","('0130-S-2016', 3)":"FRENTE CIVICO Y SOCIAL DE CATAMARCA","('0130-S-2016', 4)":"FRENTE PRO","('0130-S-2016', 5)":"PROYECTO SUR - UNEN","('0130-S-2016', 6)":"FRENTE PRO","('0130-S-2016', 7)":"UCR","('0130-S-2016', 8)":"MOV POP FUEGUINO","('0130-S-2016', 9)":"UCR","('0130-S-2016', 10)":"CHUBUT SOMOS TODOS"},"('Giros', 'COMISI\u00d3N')":{"('0130-S-2016', 0)":"PREVISION Y SEGURIDAD SOCIAL","('0130-S-2016', 1)":"PRESUPUESTO Y HACIENDA","('0130-S-2016', 2)":null,"('0130-S-2016', 3)":null,"('0130-S-2016', 4)":null,"('0130-S-2016', 5)":null,"('0130-S-2016', 6)":null,"('0130-S-2016', 7)":null,"('0130-S-2016', 8)":null,"('0130-S-2016', 9)":null,"('0130-S-2016', 10)":null},"('Tramites', 'C\u00c1MARA')":{"('0130-S-2016', 0)":"Senado","('0130-S-2016', 1)":"Senado","('0130-S-2016', 2)":"Senado","('0130-S-2016', 3)":"Senado","('0130-S-2016', 4)":"Diputados","('0130-S-2016', 5)":null,"('0130-S-2016', 6)":null,"('0130-S-2016', 7)":null,"('0130-S-2016', 8)":null,"('0130-S-2016', 9)":null,"('0130-S-2016', 10)":null},"('Tramites', 'MOVIMIENTO')":{"('0130-S-2016', 0)":"SOLICITUD DE SER COFIRMANTE DE LOS SENADORES LINARES; ODARDA; CASTILLO, OSCAR A.; MARTINEZ, ERNESTO F.; SOLANAS; BRAILLARD POCCARD; ELIAS DE PEREZ Y BOYADJIAN (A SUS ANTECEDENTES)","('0130-S-2016', 1)":"SOLICITUD DE SER COFIRMANTE DE LOS SENADORES ROZAS Y LUENZO (A SUS ANTECEDENTES)","('0130-S-2016', 2)":"MOCION SOBRE TABLAS (AFIRMATIVA)","('0130-S-2016', 3)":"CONSIDERACION Y APROBACION","('0130-S-2016', 4)":"PASA A DIPUTADOS -","('0130-S-2016', 5)":null,"('0130-S-2016', 6)":null,"('0130-S-2016', 7)":null,"('0130-S-2016', 8)":null,"('0130-S-2016', 9)":null,"('0130-S-2016', 10)":null},"('Tramites', 'FECHA')":{"('0130-S-2016', 0)":"19\/10\/2016","('0130-S-2016', 1)":"19\/10\/2016","('0130-S-2016', 2)":"02\/11\/2016","('0130-S-2016', 3)":"02\/11\/2016","('0130-S-2016', 4)":null,"('0130-S-2016', 5)":null,"('0130-S-2016', 6)":null,"('0130-S-2016', 7)":null,"('0130-S-2016', 8)":null,"('0130-S-2016', 9)":null,"('0130-S-2016', 10)":null},"('Tramites', 'RESULTADO')":{"('0130-S-2016', 0)":null,"('0130-S-2016', 1)":null,"('0130-S-2016', 2)":null,"('0130-S-2016', 3)":"MEDIA SANCION","('0130-S-2016', 4)":null,"('0130-S-2016', 5)":null,"('0130-S-2016', 6)":null,"('0130-S-2016', 7)":null,"('0130-S-2016', 8)":null,"('0130-S-2016', 9)":null,"('0130-S-2016', 10)":null},"Link":{"('0130-S-2016', 0)":"http:\/\/www.senado.gov.ar\/parlamentario\/comisiones\/verExp\/1736.16\/S\/PL","('0130-S-2016', 1)":null,"('0130-S-2016', 2)":null,"('0130-S-2016', 3)":null,"('0130-S-2016', 4)":null,"('0130-S-2016', 5)":null,"('0130-S-2016', 6)":null,"('0130-S-2016', 7)":null,"('0130-S-2016', 8)":null,"('0130-S-2016', 9)":null,"('0130-S-2016', 10)":null},"Palabra Clave":{"('0130-S-2016', 0)":" ","('0130-S-2016', 1)":null,"('0130-S-2016', 2)":null,"('0130-S-2016', 3)":null,"('0130-S-2016', 4)":null,"('0130-S-2016', 5)":null,"('0130-S-2016', 6)":null,"('0130-S-2016', 7)":null,"('0130-S-2016', 8)":null,"('0130-S-2016', 9)":null,"('0130-S-2016', 10)":null}}