{"Tipo de Proyecto":{"('0131-S-2016', 0)":"PROYECTO DE LEY","('0131-S-2016', 1)":null,"('0131-S-2016', 2)":null},"Iniciado en: ":{"('0131-S-2016', 0)":"Senado","('0131-S-2016', 1)":null,"('0131-S-2016', 2)":null},"Expediente Diputados: ":{"('0131-S-2016', 0)":"0131-S-2016","('0131-S-2016', 1)":null,"('0131-S-2016', 2)":null},"Expediente Senado: ":{"('0131-S-2016', 0)":"3116-S-2016","('0131-S-2016', 1)":null,"('0131-S-2016', 2)":null},"Publicado en: ":{"('0131-S-2016', 0)":"Diario de Asuntos Entrados N\u00b0 156","('0131-S-2016', 1)":null,"('0131-S-2016', 2)":null},"Fecha: ":{"('0131-S-2016', 0)":"22\/08\/2016","('0131-S-2016', 1)":null,"('0131-S-2016', 2)":null},"T\u00edtulo":{"('0131-S-2016', 0)":"INSTITUIR EL \"A\u00d1O 2017 DEL BICENTENARIO DEL CRUCE DE LOS ANDES\", EN CONMEMORACION DE LA GESTA LIBERTADORA AMERICANA.","('0131-S-2016', 1)":null,"('0131-S-2016', 2)":null},"('Firmantes', 'FIRMANTE')":{"('0131-S-2016', 0)":"VARELA, MARTA","('0131-S-2016', 1)":null,"('0131-S-2016', 2)":null},"('Firmantes', 'DISTRITO')":{"('0131-S-2016', 0)":"CIUDAD de BUENOS AIRES","('0131-S-2016', 1)":null,"('0131-S-2016', 2)":null},"('Firmantes', 'BLOQUE')":{"('0131-S-2016', 0)":"FRENTE PRO","('0131-S-2016', 1)":null,"('0131-S-2016', 2)":null},"('Giros', 'COMISI\u00d3N')":{"('0131-S-2016', 0)":"CULTURA","('0131-S-2016', 1)":"LEGISLACION GENERAL","('0131-S-2016', 2)":"PRESUPUESTO Y HACIENDA"},"('Tramites', 'C\u00c1MARA')":{"('0131-S-2016', 0)":"Senado","('0131-S-2016', 1)":"Diputados","('0131-S-2016', 2)":null},"('Tramites', 'MOVIMIENTO')":{"('0131-S-2016', 0)":"CONSIDERACION Y APROBACION CONJUNTAMENTE PARA LOS EXPEDIENTES 0131-S-2016, 3116-S-2016 y 3450-S-2016","('0131-S-2016', 1)":"PASA A DIPUTADOS - CONJUNTAMENTE PARA LOS EXPEDIENTES 0131-S-2016, 3116-S-2016 y 3450-S-2016","('0131-S-2016', 2)":null},"('Tramites', 'FECHA')":{"('0131-S-2016', 0)":"02\/11\/2016","('0131-S-2016', 1)":null,"('0131-S-2016', 2)":null},"('Tramites', 'RESULTADO')":{"('0131-S-2016', 0)":"MEDIA SANCION","('0131-S-2016', 1)":null,"('0131-S-2016', 2)":null},"Link":{"('0131-S-2016', 0)":"http:\/\/www.senado.gov.ar\/parlamentario\/comisiones\/verExp\/3116.16\/S\/PL","('0131-S-2016', 1)":null,"('0131-S-2016', 2)":null},"Palabra Clave":{"('0131-S-2016', 0)":" ","('0131-S-2016', 1)":null,"('0131-S-2016', 2)":null}}