{"Tipo de Proyecto":{"('0132-D-2016', 0)":"PROYECTO DE LEY","('0132-D-2016', 1)":null},"Iniciado en: ":{"('0132-D-2016', 0)":"Diputados","('0132-D-2016', 1)":null},"Expediente Diputados: ":{"('0132-D-2016', 0)":"0132-D-2016","('0132-D-2016', 1)":null},"Publicado en: ":{"('0132-D-2016', 0)":"Tr\u00e1mite Parlamentario N\u00b0 1","('0132-D-2016', 1)":null},"Fecha: ":{"('0132-D-2016', 0)":"01\/03\/2016","('0132-D-2016', 1)":null},"T\u00edtulo":{"('0132-D-2016', 0)":"REGIMEN PARA CONTRATOS DE OBRA PUBLICA PREVIA EXIGENCIA DE UN CERTIFICADO DE LIBRE DEUDA POR OBLIGACIONES DE LA SEGURIDAD SOCIAL A LICENCIATARIOS O CONCESIONARIOS (REPRODUCCION DEL EXPEDIENTE 0546-D-14).","('0132-D-2016', 1)":null},"('Firmantes', 'FIRMANTE')":{"('0132-D-2016', 0)":"BIANCHI, IVANA MARIA","('0132-D-2016', 1)":null},"('Firmantes', 'DISTRITO')":{"('0132-D-2016', 0)":"SAN LUIS","('0132-D-2016', 1)":null},"('Firmantes', 'BLOQUE')":{"('0132-D-2016', 0)":"COMPROMISO FEDERAL","('0132-D-2016', 1)":null},"('Giros', 'COMISI\u00d3N')":{"('0132-D-2016', 0)":"OBRAS PUBLICAS","('0132-D-2016', 1)":"LEGISLACION PENAL"},"('Tramites', 'C\u00c1MARA')":{"('0132-D-2016', 0)":"Diputados","('0132-D-2016', 1)":null},"('Tramites', 'MOVIMIENTO')":{"('0132-D-2016', 0)":"REPRODUCIDO POR EXPEDIENTE 0278-D-18","('0132-D-2016', 1)":null},"('Tramites', 'FECHA')":{"('0132-D-2016', 0)":null,"('0132-D-2016', 1)":null},"('Tramites', 'RESULTADO')":{"('0132-D-2016', 0)":null,"('0132-D-2016', 1)":null},"Sumario":{"('0132-D-2016', 0)":"ASIMISMO LAS OBRAS SOCIALES, ASEGURADORAS DEL RIESGO DEL TRABAJO Y LA AFIP, EXTENDERAN CERTIFICADOS Y\/O DOCUMENTOS CORRESPONDIENTES DE \"LIBRE DEUDA\"; SANCIONES; ENTES REGULADORES.","('0132-D-2016', 1)":null},"Palabra Clave":{"('0132-D-2016', 0)":" ","('0132-D-2016', 1)":null}}