{"Tipo de Proyecto":{"('0133-D-2016', 0)":"PROYECTO DE LEY","('0133-D-2016', 1)":null},"Iniciado en: ":{"('0133-D-2016', 0)":"Diputados","('0133-D-2016', 1)":null},"Expediente Diputados: ":{"('0133-D-2016', 0)":"0133-D-2016","('0133-D-2016', 1)":null},"Publicado en: ":{"('0133-D-2016', 0)":"Tr\u00e1mite Parlamentario N\u00b0 1","('0133-D-2016', 1)":null},"Fecha: ":{"('0133-D-2016', 0)":"01\/03\/2016","('0133-D-2016', 1)":null},"T\u00edtulo":{"('0133-D-2016', 0)":"PRENDAS INDUMENTARIAS QUE SE FABRIQUEN, IMPORTEN O COMERCIALICEN: CUMPLIMIENTO DE NORMAS IRAM (REPRODUCCION DEL EXPEDIENTE 0547-D-14).","('0133-D-2016', 1)":null},"('Firmantes', 'FIRMANTE')":{"('0133-D-2016', 0)":"BIANCHI, IVANA MARIA","('0133-D-2016', 1)":null},"('Firmantes', 'DISTRITO')":{"('0133-D-2016', 0)":"SAN LUIS","('0133-D-2016', 1)":null},"('Firmantes', 'BLOQUE')":{"('0133-D-2016', 0)":"COMPROMISO FEDERAL","('0133-D-2016', 1)":null},"('Giros', 'COMISI\u00d3N')":{"('0133-D-2016', 0)":"INDUSTRIA","('0133-D-2016', 1)":"COMERCIO"},"Sumario":{"('0133-D-2016', 0)":"DE LA SERIE 75300 Y SUS ACTUALIZACIONES SOBRE TALLES PARA LA CONFECCION, DEFINICIONES Y PROCEDIMIENTOS DE MEDICION DEL CUERPO; REALIZACION DE UN ESTUDIO ANTROPOMETRICO DE LA POBLACION, TENIENDO EN CUENTA SUS DIFERENTES EDADES; OBLIGACIONES DE FABRICANTES, IMPORTADORES, COMERCIANTES Y DISTRIBUIDORES; INVITACION A ADHERIR","('0133-D-2016', 1)":null},"Palabra Clave":{"('0133-D-2016', 0)":" ","('0133-D-2016', 1)":null}}