{"Tipo de Proyecto":{"('0134-S-2016', 0)":"PROYECTO DE LEY"},"Iniciado en: ":{"('0134-S-2016', 0)":"Senado"},"Expediente Senado: ":{"('0134-S-2016', 0)":"0134-S-2016"},"Publicado en: ":{"('0134-S-2016', 0)":"Diario de Asuntos Entrados N\u00b0 7"},"Fecha: ":{"('0134-S-2016', 0)":"02\/03\/2016"},"T\u00edtulo":{"('0134-S-2016', 0)":"CREACION DE LA COMISION BICAMERAL DE CONVOCATORIA DE COPARTICIPACION FEDERAL DE IMPUESTOS EN EL AMBITO DEL CONGRESO NACIONAL. (REPRODUCCION DEL EXPEDIENTE 1307-S-14)."},"('Firmantes', 'FIRMANTE')":{"('0134-S-2016', 0)":"PEREYRA, GUILLERMO JUAN"},"('Firmantes', 'DISTRITO')":{"('0134-S-2016', 0)":"NEUQUEN"},"('Firmantes', 'BLOQUE')":{"('0134-S-2016', 0)":"MOV POP NEUQUINO"},"Link":{"('0134-S-2016', 0)":"http:\/\/www.senado.gov.ar\/parlamentario\/comisiones\/verExp\/134.16\/S\/PL"},"Palabra Clave":{"('0134-S-2016', 0)":" "}}