{"Tipo de Proyecto":{"('0136-S-2016', 0)":"PROYECTO DE RESOLUCI\u00d3N","('0136-S-2016', 1)":null},"Iniciado en: ":{"('0136-S-2016', 0)":"Senado","('0136-S-2016', 1)":null},"Expediente Diputados: ":{"('0136-S-2016', 0)":"0136-S-2016","('0136-S-2016', 1)":null},"Expediente Senado: ":{"('0136-S-2016', 0)":"0162-OV-2014","('0136-S-2016', 1)":null},"Publicado en: ":{"('0136-S-2016', 0)":"Diario de Asuntos Entrados N\u00b0 31","('0136-S-2016', 1)":null},"Fecha: ":{"('0136-S-2016', 0)":"13\/03\/2015","('0136-S-2016', 1)":null},"T\u00edtulo":{"('0136-S-2016', 0)":"PEDIDO DE INFORMES AL PODER EJECUTIVO SOBRE LAS MEDIDAS ADOPTADAS EN ATENCION A LAS OBSERVACIONES FORMULADAS POR LA AUDITORIA GENERAL DE LA NACION (RESOLUCION 85\/14); SOBRE EL INFORME DE AUDITORIA, LA SINTESIS EJECUTIVA Y LA FICHA DEL INFORME, REFERIDO A \"SEGUIMIENTO DE LA RESOLUCION AGN N\u00b0 111\/08, 22\/08 Y 61\/08 CONTROL DE LAS CONTRATACIONES, INDICE DE CALIDAD TECNICO Y GNC\" AUDITORIA DE GESTION EL PERIODO AUDITADO ABARCO EL A\u00d1O 2011 Y 1\u00b0 CUATRIMESTRE DE 2012, EXCEPTO EN EL CASO DE INDICES QUE SOLO CONSIDERO EL A\u00d1O 2011.","('0136-S-2016', 1)":null},"('Firmantes', 'FIRMANTE')":{"('0136-S-2016', 0)":"PARLAMENTARIA MIXTA REVISORA DE CUENTAS","('0136-S-2016', 1)":null},"('Firmantes', 'DISTRITO')":{"('0136-S-2016', 0)":null,"('0136-S-2016', 1)":null},"('Firmantes', 'BLOQUE')":{"('0136-S-2016', 0)":null,"('0136-S-2016', 1)":null},"('Giros', 'COMISI\u00d3N')":{"('0136-S-2016', 0)":"PARLAMENTARIA MIXTA REVISORA DE CUENTAS","('0136-S-2016', 1)":null},"('Tramites', 'C\u00c1MARA')":{"('0136-S-2016', 0)":"Senado","('0136-S-2016', 1)":"Diputados"},"('Tramites', 'MOVIMIENTO')":{"('0136-S-2016', 0)":"CONSIDERACION Y APROBACION","('0136-S-2016', 1)":"PASA A DIPUTADOS -"},"('Tramites', 'FECHA')":{"('0136-S-2016', 0)":"02\/11\/2016","('0136-S-2016', 1)":null},"('Tramites', 'RESULTADO')":{"('0136-S-2016', 0)":"APROBADO","('0136-S-2016', 1)":null},"Link":{"('0136-S-2016', 0)":"http:\/\/www.senado.gov.ar\/parlamentario\/comisiones\/verExp\/162.14\/OV\/PR","('0136-S-2016', 1)":null},"Palabra Clave":{"('0136-S-2016', 0)":" ","('0136-S-2016', 1)":null}}