{"Tipo de Proyecto":{"('0136-D-2016', 0)":"PROYECTO DE LEY","('0136-D-2016', 1)":null},"Iniciado en: ":{"('0136-D-2016', 0)":"Diputados","('0136-D-2016', 1)":null},"Expediente Diputados: ":{"('0136-D-2016', 0)":"0136-D-2016","('0136-D-2016', 1)":null},"Publicado en: ":{"('0136-D-2016', 0)":"Tr\u00e1mite Parlamentario N\u00b0 1","('0136-D-2016', 1)":null},"Fecha: ":{"('0136-D-2016', 0)":"01\/03\/2016","('0136-D-2016', 1)":null},"T\u00edtulo":{"('0136-D-2016', 0)":"LEY 24449, DE TRANSITO Y SEGURIDAD VIAL: MODIFICACIONES SOBRE DEFINICION DE CUATRICICLOS Y REGLAS PARA SU USO. (REPRODUCCION DEL EXPEDIENTE 1070-D-14).","('0136-D-2016', 1)":null},"('Firmantes', 'FIRMANTE')":{"('0136-D-2016', 0)":"BIANCHI, IVANA MARIA","('0136-D-2016', 1)":null},"('Firmantes', 'DISTRITO')":{"('0136-D-2016', 0)":"SAN LUIS","('0136-D-2016', 1)":null},"('Firmantes', 'BLOQUE')":{"('0136-D-2016', 0)":"COMPROMISO FEDERAL","('0136-D-2016', 1)":null},"('Giros', 'COMISI\u00d3N')":{"('0136-D-2016', 0)":"TRANSPORTES","('0136-D-2016', 1)":"FAMILIA, MUJER, NI\u00d1EZ Y ADOLESCENCIA"},"('Tramites', 'C\u00c1MARA')":{"('0136-D-2016', 0)":"Diputados","('0136-D-2016', 1)":null},"('Tramites', 'MOVIMIENTO')":{"('0136-D-2016', 0)":"REPRODUCIDO POR EXPEDIENTE 0280-D-18","('0136-D-2016', 1)":null},"('Tramites', 'FECHA')":{"('0136-D-2016', 0)":null,"('0136-D-2016', 1)":null},"('Tramites', 'RESULTADO')":{"('0136-D-2016', 0)":null,"('0136-D-2016', 1)":null},"Sumario":{"('0136-D-2016', 0)":"INCORPORACION DE INCISO \u00d1) BIS AL ARTICULO 5, INCISOS E), F) Y G) AL ARTICULO 11, SEGUNDO Y TERCER PARRAFO AL ARTICULO 28, E INCISO 1) AL ARTICULO 29.","('0136-D-2016', 1)":null},"Palabra Clave":{"('0136-D-2016', 0)":" ","('0136-D-2016', 1)":null}}