{"Tipo de Proyecto":{"('0137-D-2016', 0)":"PROYECTO DE LEY","('0137-D-2016', 1)":null,"('0137-D-2016', 2)":null,"('0137-D-2016', 3)":null},"Iniciado en: ":{"('0137-D-2016', 0)":"Diputados","('0137-D-2016', 1)":null,"('0137-D-2016', 2)":null,"('0137-D-2016', 3)":null},"Expediente Diputados: ":{"('0137-D-2016', 0)":"0137-D-2016","('0137-D-2016', 1)":null,"('0137-D-2016', 2)":null,"('0137-D-2016', 3)":null},"Publicado en: ":{"('0137-D-2016', 0)":"Tr\u00e1mite Parlamentario N\u00b0 1","('0137-D-2016', 1)":null,"('0137-D-2016', 2)":null,"('0137-D-2016', 3)":null},"Fecha: ":{"('0137-D-2016', 0)":"01\/03\/2016","('0137-D-2016', 1)":null,"('0137-D-2016', 2)":null,"('0137-D-2016', 3)":null},"T\u00edtulo":{"('0137-D-2016', 0)":"CREACION DEL DEFENSOR DE LAS PERSONAS ADULTAS MAYORES (REPRODUCCION DEL EXPEDIENTE 1330-D-14).","('0137-D-2016', 1)":null,"('0137-D-2016', 2)":null,"('0137-D-2016', 3)":null},"('Firmantes', 'FIRMANTE')":{"('0137-D-2016', 0)":"BIANCHI, IVANA MARIA","('0137-D-2016', 1)":null,"('0137-D-2016', 2)":null,"('0137-D-2016', 3)":null},"('Firmantes', 'DISTRITO')":{"('0137-D-2016', 0)":"SAN LUIS","('0137-D-2016', 1)":null,"('0137-D-2016', 2)":null,"('0137-D-2016', 3)":null},"('Firmantes', 'BLOQUE')":{"('0137-D-2016', 0)":"COMPROMISO FEDERAL","('0137-D-2016', 1)":null,"('0137-D-2016', 2)":null,"('0137-D-2016', 3)":null},"('Giros', 'COMISI\u00d3N')":{"('0137-D-2016', 0)":"ASUNTOS CONSTITUCIONALES","('0137-D-2016', 1)":"DE LAS PERSONAS MAYORES","('0137-D-2016', 2)":"PETICIONES, PODERES Y REGLAMENTO","('0137-D-2016', 3)":"PRESUPUESTO Y HACIENDA"},"Sumario":{"('0137-D-2016', 0)":"PROPOSICION POR ONGS, DESIGNACION Y REMOCION POR EL CONGRESO NACIONAL, QUIEN DESIGNARA UNA COMISION BICAMERAL A TAL EFECTO; REQUISITOS QUE DEBE REUNIR EL DEFENSOR; PRESUPUESTO; FUNCIONES; OBJETIVOS BASICOS; DERECHOS; VIOLENCIA FAMILIAR; INVITACION A ADHERIR,","('0137-D-2016', 1)":null,"('0137-D-2016', 2)":null,"('0137-D-2016', 3)":null},"Palabra Clave":{"('0137-D-2016', 0)":" ","('0137-D-2016', 1)":null,"('0137-D-2016', 2)":null,"('0137-D-2016', 3)":null}}