{"Tipo de Proyecto":{"('0141-OV-2016', 0)":"PROYECTO DE RESOLUCI\u00d3N"},"Iniciado en: ":{"('0141-OV-2016', 0)":"Senado"},"Expediente Senado: ":{"('0141-OV-2016', 0)":"0141-OV-2016"},"Fecha: ":{"('0141-OV-2016', 0)":"30\/11\/2017"},"T\u00edtulo":{"('0141-OV-2016', 0)":"RESOLUCION REMITIDA POR LA AUDITORIA GENERAL DE LA NACION: MINISTERIO DE HACIENDA Y FINANZAS PUBLICAS REMITE DESCARGOS CORRESPONDIENTES A LAS OBSERVACIONES FORMULADAS POR LA AUDITORIA GENERAL DE LA NACION A LA CUENTA DE INVERSION DEL EJERCICIO 2013, DE LA CONTADURIA GENERAL DE LA NACION."},"('Firmantes', 'FIRMANTE')":{"('0141-OV-2016', 0)":"PARLAMENTARIA MIXTA REVISORA DE CUENTAS"},"('Firmantes', 'DISTRITO')":{"('0141-OV-2016', 0)":null},"('Firmantes', 'BLOQUE')":{"('0141-OV-2016', 0)":null},"Sumario":{"('0141-OV-2016', 0)":"HABIENDO TOMADO CONOCIMIENTO Y SIN PERJUICIO DE ULTERIORES MEDIDAS QUE PUEDAN ADOPTARSE, SE ACONSEJA SU REMISION AL ARCHIVO."},"Palabra Clave":{"('0141-OV-2016', 0)":" "}}