{"Tipo de Proyecto":{"('0144-S-2016', 0)":"COMUNICACION","('0144-S-2016', 1)":null},"Iniciado en: ":{"('0144-S-2016', 0)":"Senado","('0144-S-2016', 1)":null},"Expediente Senado: ":{"('0144-S-2016', 0)":"0144-S-2016","('0144-S-2016', 1)":null},"Publicado en: ":{"('0144-S-2016', 0)":"Diario de Asuntos Entrados N\u00b0 8","('0144-S-2016', 1)":null},"Fecha: ":{"('0144-S-2016', 0)":"02\/03\/2016","('0144-S-2016', 1)":null},"T\u00edtulo":{"('0144-S-2016', 0)":"PEDIDO DE INFORMES AL PODER EJECUTIVO SOBRE LA SITUACION ACTUAL DEL PROYECTO DE OBRA DE \"AVENIDA CIRCUNVALACION\", EN LA CIUDAD DE VILLA LA ANGOSTURA, PROVINCIA DEL NEUQUEN.","('0144-S-2016', 1)":null},"('Firmantes', 'FIRMANTE')":{"('0144-S-2016', 0)":"PEREYRA, GUILLERMO JUAN","('0144-S-2016', 1)":null},"('Firmantes', 'DISTRITO')":{"('0144-S-2016', 0)":"NEUQUEN","('0144-S-2016', 1)":null},"('Firmantes', 'BLOQUE')":{"('0144-S-2016', 0)":"MOV POP NEUQUINO","('0144-S-2016', 1)":null},"('Tramites', 'C\u00c1MARA')":{"('0144-S-2016', 0)":"Senado","('0144-S-2016', 1)":"Senado"},"('Tramites', 'MOVIMIENTO')":{"('0144-S-2016', 0)":"CONSIDERACION Y APROBACION","('0144-S-2016', 1)":"CONTESTACION DEL PODER EJECUTIVO NACIONAL - JEFE DE GABINETE DE MINISTROS - GIRADO A LA COMISION RESPECTIVA"},"('Tramites', 'FECHA')":{"('0144-S-2016', 0)":"07\/09\/2016","('0144-S-2016', 1)":null},"('Tramites', 'RESULTADO')":{"('0144-S-2016', 0)":"APROBADO","('0144-S-2016', 1)":null},"Link":{"('0144-S-2016', 0)":"http:\/\/www.senado.gov.ar\/parlamentario\/comisiones\/verExp\/144.16\/S\/PC","('0144-S-2016', 1)":null},"Palabra Clave":{"('0144-S-2016', 0)":" ","('0144-S-2016', 1)":null}}