{"Tipo de Proyecto":{"('0145-S-2016', 0)":"COMUNICACION"},"Iniciado en: ":{"('0145-S-2016', 0)":"Senado"},"Expediente Senado: ":{"('0145-S-2016', 0)":"0145-S-2016"},"Publicado en: ":{"('0145-S-2016', 0)":"Diario de Asuntos Entrados N\u00b0 8"},"Fecha: ":{"('0145-S-2016', 0)":"02\/03\/2016"},"T\u00edtulo":{"('0145-S-2016', 0)":"PEDIDO DE INFORMES AL PODER EJECUTIVO SOBRE LOS PLANES DEL ARSAT-3, Y OTRAS CUESTIONES CONEXAS."},"('Firmantes', 'FIRMANTE')":{"('0145-S-2016', 0)":"PEREYRA, GUILLERMO JUAN"},"('Firmantes', 'DISTRITO')":{"('0145-S-2016', 0)":"NEUQUEN"},"('Firmantes', 'BLOQUE')":{"('0145-S-2016', 0)":"MOV POP NEUQUINO"},"('Tramites', 'C\u00c1MARA')":{"('0145-S-2016', 0)":"Senado"},"('Tramites', 'MOVIMIENTO')":{"('0145-S-2016', 0)":"CONSIDERACION Y APROBACION CONJUNTAMENTE PARA LOS EXPEDIENTES 0145-S-2016, 0716-S-2016, 0742-S-2016, 0744-S-2016, 0753-S-2016, 0762-S-2016 y 0868-S-2016"},"('Tramites', 'FECHA')":{"('0145-S-2016', 0)":"08\/06\/2016"},"('Tramites', 'RESULTADO')":{"('0145-S-2016', 0)":"APROBADO"},"Link":{"('0145-S-2016', 0)":"http:\/\/www.senado.gov.ar\/parlamentario\/comisiones\/verExp\/145.16\/S\/PC"},"Palabra Clave":{"('0145-S-2016', 0)":" "}}