{"Tipo de Proyecto":{"('0146-S-2016', 0)":"COMUNICACION"},"Iniciado en: ":{"('0146-S-2016', 0)":"Senado"},"Expediente Senado: ":{"('0146-S-2016', 0)":"0146-S-2016"},"Publicado en: ":{"('0146-S-2016', 0)":"Diario de Asuntos Entrados N\u00b0 8"},"Fecha: ":{"('0146-S-2016', 0)":"02\/03\/2016"},"T\u00edtulo":{"('0146-S-2016', 0)":"PEDIDO DE INFORMES AL PODER EJECUTIVO SOBRE LA PRESUNTA ASOCIACION TECNOLOGICA DEL INVAP Y LA EMPRESA FRANCESA AREVA, PARA LA CONSTRUCCION DE UN REACTOR NUCLEAR."},"('Firmantes', 'FIRMANTE')":{"('0146-S-2016', 0)":"PEREYRA, GUILLERMO JUAN"},"('Firmantes', 'DISTRITO')":{"('0146-S-2016', 0)":"NEUQUEN"},"('Firmantes', 'BLOQUE')":{"('0146-S-2016', 0)":"MOV POP NEUQUINO"},"Link":{"('0146-S-2016', 0)":"http:\/\/www.senado.gov.ar\/parlamentario\/comisiones\/verExp\/146.16\/S\/PC"},"Palabra Clave":{"('0146-S-2016', 0)":" "}}