{"Tipo de Proyecto":{"('0147-PE-2016', 0)":"MENSAJE NRO: ____\/__"},"Iniciado en: ":{"('0147-PE-2016', 0)":"Senado"},"Expediente Senado: ":{"('0147-PE-2016', 0)":"0147-PE-2016"},"Fecha: ":{"('0147-PE-2016', 0)":"26\/11\/2018"},"T\u00edtulo":{"('0147-PE-2016', 0)":"JEFATURA DE GABINETE DE MINISTROS REMITE RESPUESTA SOBRE EL MEMORANDO DE CONTROL INTERNO CONTABLE, CORRESPONDIENTE AL EJERCICIO FINALIZADO EL 31\/12\/2012, DE LA ADMINISTRACION FEDERAL DE INGRESOS PUBLICOS. (REFERENTE A EXPEDIENTE 0509-OV-2013)"},"('Firmantes', 'FIRMANTE')":{"('0147-PE-2016', 0)":"PARLAMENTARIA MIXTA REVISORA DE CUENTAS"},"('Firmantes', 'DISTRITO')":{"('0147-PE-2016', 0)":null},"('Firmantes', 'BLOQUE')":{"('0147-PE-2016', 0)":null},"Sumario":{"('0147-PE-2016', 0)":"HABIENDO TOMADO CONOCIMIENTO Y SIN PERJUICIO DE ULTERIORES MEDIDAS QUE PUEDAN ADOPTARSE, SE ACONSEJA SU REMISION AL ARCHIVO."},"Palabra Clave":{"('0147-PE-2016', 0)":" "}}