{"Tipo de Proyecto":{"('0149-D-2016', 0)":"PROYECTO DE LEY","('0149-D-2016', 1)":null,"('0149-D-2016', 2)":null,"('0149-D-2016', 3)":null,"('0149-D-2016', 4)":null},"Iniciado en: ":{"('0149-D-2016', 0)":"Diputados","('0149-D-2016', 1)":null,"('0149-D-2016', 2)":null,"('0149-D-2016', 3)":null,"('0149-D-2016', 4)":null},"Expediente Diputados: ":{"('0149-D-2016', 0)":"0149-D-2016","('0149-D-2016', 1)":null,"('0149-D-2016', 2)":null,"('0149-D-2016', 3)":null,"('0149-D-2016', 4)":null},"Publicado en: ":{"('0149-D-2016', 0)":"Tr\u00e1mite Parlamentario N\u00b0 2","('0149-D-2016', 1)":null,"('0149-D-2016', 2)":null,"('0149-D-2016', 3)":null,"('0149-D-2016', 4)":null},"Fecha: ":{"('0149-D-2016', 0)":"02\/03\/2016","('0149-D-2016', 1)":null,"('0149-D-2016', 2)":null,"('0149-D-2016', 3)":null,"('0149-D-2016', 4)":null},"T\u00edtulo":{"('0149-D-2016', 0)":"CODIGO PENAL. INCORPORACION DEL ARTICULO 41 SEXIES, SOBRE AGRAVANTE POR VIOLENCIA DE GENERO. ","('0149-D-2016', 1)":null,"('0149-D-2016', 2)":null,"('0149-D-2016', 3)":null,"('0149-D-2016', 4)":null},"('Firmantes', 'FIRMANTE')":{"('0149-D-2016', 0)":"CONTI, DIANA BEATRIZ","('0149-D-2016', 1)":"GAILLARD, ANA CAROLINA","('0149-D-2016', 2)":"FRANA, SILVINA PATRICIA","('0149-D-2016', 3)":"FERREYRA, ARACELI","('0149-D-2016', 4)":"CIGOGNA, LUIS FRANCISCO JORGE"},"('Firmantes', 'DISTRITO')":{"('0149-D-2016', 0)":"BUENOS AIRES","('0149-D-2016', 1)":"ENTRE RIOS","('0149-D-2016', 2)":"SANTA FE","('0149-D-2016', 3)":"CORRIENTES","('0149-D-2016', 4)":"BUENOS AIRES"},"('Firmantes', 'BLOQUE')":{"('0149-D-2016', 0)":"FRENTE PARA LA VICTORIA - PJ","('0149-D-2016', 1)":"FRENTE PARA LA VICTORIA - PJ","('0149-D-2016', 2)":"FRENTE PARA LA VICTORIA - PJ","('0149-D-2016', 3)":"FRENTE PARA LA VICTORIA - PJ","('0149-D-2016', 4)":"FRENTE PARA LA VICTORIA - PJ"},"('Giros', 'COMISI\u00d3N')":{"('0149-D-2016', 0)":"LEGISLACION PENAL","('0149-D-2016', 1)":"FAMILIA, MUJER, NI\u00d1EZ Y ADOLESCENCIA","('0149-D-2016', 2)":null,"('0149-D-2016', 3)":null,"('0149-D-2016', 4)":null},"('Tramites', 'C\u00c1MARA')":{"('0149-D-2016', 0)":"Diputados","('0149-D-2016', 1)":"Diputados","('0149-D-2016', 2)":null,"('0149-D-2016', 3)":null,"('0149-D-2016', 4)":null},"('Tramites', 'MOVIMIENTO')":{"('0149-D-2016', 0)":"SOLICITUD DE SER COFIRMANTE DEL DIPUTADO CIGOGNA (A SUS ANTECEDENTES)","('0149-D-2016', 1)":"SOLICITUD DE SER COFIRMANTE DE LA DIPUTADA CASTRO (A SUS ANTECEDENTES)","('0149-D-2016', 2)":null,"('0149-D-2016', 3)":null,"('0149-D-2016', 4)":null},"('Tramites', 'FECHA')":{"('0149-D-2016', 0)":null,"('0149-D-2016', 1)":null,"('0149-D-2016', 2)":null,"('0149-D-2016', 3)":null,"('0149-D-2016', 4)":null},"('Tramites', 'RESULTADO')":{"('0149-D-2016', 0)":null,"('0149-D-2016', 1)":null,"('0149-D-2016', 2)":null,"('0149-D-2016', 3)":null,"('0149-D-2016', 4)":null},"Link":{"('0149-D-2016', 0)":"https:\/\/www.hcdn.gob.ar\/proyectos\/textoCompleto.jsp?exp=0149-D-2016&tipo=LEY","('0149-D-2016', 1)":null,"('0149-D-2016', 2)":null,"('0149-D-2016', 3)":null,"('0149-D-2016', 4)":null},"Palabra Clave":{"('0149-D-2016', 0)":" ","('0149-D-2016', 1)":null,"('0149-D-2016', 2)":null,"('0149-D-2016', 3)":null,"('0149-D-2016', 4)":null}}