{"Tipo de Proyecto":{"('0149-S-2016', 0)":"PROYECTO DE LEY"},"Iniciado en: ":{"('0149-S-2016', 0)":"Senado"},"Expediente Senado: ":{"('0149-S-2016', 0)":"0149-S-2016"},"Publicado en: ":{"('0149-S-2016', 0)":"Diario de Asuntos Entrados N\u00b0 8"},"Fecha: ":{"('0149-S-2016', 0)":"02\/03\/2016"},"T\u00edtulo":{"('0149-S-2016', 0)":"REGIMEN DE PRESUPUESTOS MINIMOS DE PROTECCION Y CONSERVACION DE LA FLORA SILVESTRE AUTOCTONA COMPRENDIDA EN EL TERRITORIO DE LA REPUBLICA ARGENTINA (REPRODUCCION DEL EXPEDIENTE 0057-S-14)."},"('Firmantes', 'FIRMANTE')":{"('0149-S-2016', 0)":"PEREYRA, GUILLERMO JUAN"},"('Firmantes', 'DISTRITO')":{"('0149-S-2016', 0)":"NEUQUEN"},"('Firmantes', 'BLOQUE')":{"('0149-S-2016', 0)":"MOV POP NEUQUINO"},"Sumario":{"('0149-S-2016', 0)":"ESPECIES QUE COMPONEN A LA PRESENTE EN ANEXOS I Y II; GESTION APROVECHAMIENTO SUSTENTABLE Y MEDIDAS DE PRESERVACION; EVALUACION DE IMPACTO AMBIENTAL; INTRODUCCION Y CONTROL SANITARIO DE LA FLORA; FISCALIZACION; REGIMEN SANCIONATORIO."},"Palabra Clave":{"('0149-S-2016', 0)":" "}}