{"Tipo de Proyecto":{"('0152-D-2016', 0)":"PROYECTO DE LEY","('0152-D-2016', 1)":null,"('0152-D-2016', 2)":null,"('0152-D-2016', 3)":null},"Iniciado en: ":{"('0152-D-2016', 0)":"Diputados","('0152-D-2016', 1)":null,"('0152-D-2016', 2)":null,"('0152-D-2016', 3)":null},"Expediente Diputados: ":{"('0152-D-2016', 0)":"0152-D-2016","('0152-D-2016', 1)":null,"('0152-D-2016', 2)":null,"('0152-D-2016', 3)":null},"Publicado en: ":{"('0152-D-2016', 0)":"Tr\u00e1mite Parlamentario N\u00b0 2","('0152-D-2016', 1)":null,"('0152-D-2016', 2)":null,"('0152-D-2016', 3)":null},"Fecha: ":{"('0152-D-2016', 0)":"02\/03\/2016","('0152-D-2016', 1)":null,"('0152-D-2016', 2)":null,"('0152-D-2016', 3)":null},"T\u00edtulo":{"('0152-D-2016', 0)":"REGIMEN CONTRA EL NARCOTRAFICO - LEY 23737 -. MODIFICACIONES, SOBRE DESPENALIZACION DE LA TENENCIA DE DROGAS PARA USO PERSONAL","('0152-D-2016', 1)":null,"('0152-D-2016', 2)":null,"('0152-D-2016', 3)":null},"('Firmantes', 'FIRMANTE')":{"('0152-D-2016', 0)":"CONTI, DIANA BEATRIZ","('0152-D-2016', 1)":"GAILLARD, ANA CAROLINA","('0152-D-2016', 2)":"FERREYRA, ARACELI","('0152-D-2016', 3)":"CIGOGNA, LUIS FRANCISCO JORGE"},"('Firmantes', 'DISTRITO')":{"('0152-D-2016', 0)":"BUENOS AIRES","('0152-D-2016', 1)":"ENTRE RIOS","('0152-D-2016', 2)":"CORRIENTES","('0152-D-2016', 3)":"BUENOS AIRES"},"('Firmantes', 'BLOQUE')":{"('0152-D-2016', 0)":"FRENTE PARA LA VICTORIA - PJ","('0152-D-2016', 1)":"FRENTE PARA LA VICTORIA - PJ","('0152-D-2016', 2)":"FRENTE PARA LA VICTORIA - PJ","('0152-D-2016', 3)":"FRENTE PARA LA VICTORIA - PJ"},"('Giros', 'COMISI\u00d3N')":{"('0152-D-2016', 0)":"LEGISLACION PENAL","('0152-D-2016', 1)":"PREVENCION DE ADICCIONES Y CONTROL DEL NARCOTRAFICO","('0152-D-2016', 2)":null,"('0152-D-2016', 3)":null},"('Tramites', 'C\u00c1MARA')":{"('0152-D-2016', 0)":"Diputados","('0152-D-2016', 1)":null,"('0152-D-2016', 2)":null,"('0152-D-2016', 3)":null},"('Tramites', 'MOVIMIENTO')":{"('0152-D-2016', 0)":"SOLICITUD DE SER COFIRMANTE DEL DIPUTADO CIGOGNA (A SUS ANTECEDENTES)","('0152-D-2016', 1)":null,"('0152-D-2016', 2)":null,"('0152-D-2016', 3)":null},"('Tramites', 'FECHA')":{"('0152-D-2016', 0)":null,"('0152-D-2016', 1)":null,"('0152-D-2016', 2)":null,"('0152-D-2016', 3)":null},"('Tramites', 'RESULTADO')":{"('0152-D-2016', 0)":null,"('0152-D-2016', 1)":null,"('0152-D-2016', 2)":null,"('0152-D-2016', 3)":null},"Sumario":{"('0152-D-2016', 0)":"SUSTITUCION DEL ULTIMO PARRAFO DEL ARTICULO 5 Y DEL ARTICULO 14 (CANTIDADES SEMBRADAS); MODIFICACION DE LOS ARTICULOS 19 (MEDIDA DE SEGURIDAD DEL ARTICULO 16, EN RELACION A LOS TRATAMIENTOS DE DESINTOXICACION Y REHABILITACION) Y 20 (APLICACION DE LOS SUPUESTOS ESTABLECIDOS EN EL ARTICULO 16); DEROGACION DE LOS ARTICULOS 17, 18, 21 Y 22 DE LA LEY 23737 DE ESTUPEFACIENTES.","('0152-D-2016', 1)":null,"('0152-D-2016', 2)":null,"('0152-D-2016', 3)":null},"Palabra Clave":{"('0152-D-2016', 0)":" ","('0152-D-2016', 1)":null,"('0152-D-2016', 2)":null,"('0152-D-2016', 3)":null}}