{"Tipo de Proyecto":{"('0154-OV-2016', 0)":"PROYECTO DE RESOLUCI\u00d3N"},"Iniciado en: ":{"('0154-OV-2016', 0)":"Senado"},"Expediente Senado: ":{"('0154-OV-2016', 0)":"0154-OV-2016"},"Fecha: ":{"('0154-OV-2016', 0)":"17\/04\/2017"},"T\u00edtulo":{"('0154-OV-2016', 0)":"PEDIDO DE INFORMES AL PODER EJECUTIVO SOBRE RESOLUCION REMITIDA POR LA AUDITORIA GENERAL DE LA NACION 90\/16, APROBANDO EL INFORME DE AUDITORIA DE GESTION AMBIENTAL REALIZADO EN LA EX SECRETARIA DE AMBIENTE Y DESARROLLO SUSTENTABLE Y EN EL MINISTERIO DE SALUD DE LA NACION."},"('Firmantes', 'FIRMANTE')":{"('0154-OV-2016', 0)":"PARLAMENTARIA MIXTA REVISORA DE CUENTAS"},"('Firmantes', 'DISTRITO')":{"('0154-OV-2016', 0)":null},"('Firmantes', 'BLOQUE')":{"('0154-OV-2016', 0)":null},"Link":{"('0154-OV-2016', 0)":"http:\/\/www.senado.gov.ar\/parlamentario\/comisiones\/verExp\/154.16\/OV\/PR"},"Palabra Clave":{"('0154-OV-2016', 0)":" "}}