{"Tipo de Proyecto":{"('0157-D-2016', 0)":"PROYECTO DE LEY","('0157-D-2016', 1)":null},"Iniciado en: ":{"('0157-D-2016', 0)":"Diputados","('0157-D-2016', 1)":null},"Expediente Diputados: ":{"('0157-D-2016', 0)":"0157-D-2016","('0157-D-2016', 1)":null},"Publicado en: ":{"('0157-D-2016', 0)":"Tr\u00e1mite Parlamentario N\u00b0 2","('0157-D-2016', 1)":null},"Fecha: ":{"('0157-D-2016', 0)":"02\/03\/2016","('0157-D-2016', 1)":null},"T\u00edtulo":{"('0157-D-2016', 0)":"SISTEMA NACIONAL PARA LA PREVENCION Y MITIGACION DE EMERGENCIAS Y DESASTRES AGROPECUARIOS - LEY 26509 - MODIFICACION DEL ARTICULO 24, SOBRE PRINCIPIO DE EQUIDAD Y PRIORIDAD PARA LOS PEQUE\u00d1OS PRODUCTORES","('0157-D-2016', 1)":null},"('Firmantes', 'FIRMANTE')":{"('0157-D-2016', 0)":"OLIVARES, HECTOR ENRIQUE","('0157-D-2016', 1)":null},"('Firmantes', 'DISTRITO')":{"('0157-D-2016', 0)":"LA RIOJA","('0157-D-2016', 1)":null},"('Firmantes', 'BLOQUE')":{"('0157-D-2016', 0)":"UCR","('0157-D-2016', 1)":null},"('Giros', 'COMISI\u00d3N')":{"('0157-D-2016', 0)":"AGRICULTURA Y GANADERIA","('0157-D-2016', 1)":"PRESUPUESTO Y HACIENDA"},"('Tramites', 'C\u00c1MARA')":{"('0157-D-2016', 0)":"Diputados","('0157-D-2016', 1)":null},"('Tramites', 'MOVIMIENTO')":{"('0157-D-2016', 0)":"REPRODUCIDO POR EXPEDIENTE 0059-D-18","('0157-D-2016', 1)":null},"('Tramites', 'FECHA')":{"('0157-D-2016', 0)":null,"('0157-D-2016', 1)":null},"('Tramites', 'RESULTADO')":{"('0157-D-2016', 0)":null,"('0157-D-2016', 1)":null},"Link":{"('0157-D-2016', 0)":"https:\/\/www.hcdn.gob.ar\/proyectos\/textoCompleto.jsp?exp=0157-D-2016&tipo=LEY","('0157-D-2016', 1)":null},"Palabra Clave":{"('0157-D-2016', 0)":" ","('0157-D-2016', 1)":null}}