{"Tipo de Proyecto":{"('0157-S-2016', 0)":"PROYECTO DE LEY"},"Iniciado en: ":{"('0157-S-2016', 0)":"Senado"},"Expediente Senado: ":{"('0157-S-2016', 0)":"0157-S-2016"},"Publicado en: ":{"('0157-S-2016', 0)":"Diario de Asuntos Entrados N\u00b0 8"},"Fecha: ":{"('0157-S-2016', 0)":"02\/03\/2016"},"T\u00edtulo":{"('0157-S-2016', 0)":"MODIFICACION DEL ARTICULO 62 DEL CODIGO ELECTORAL NACIONAL (LEY 19945), ACERCA DE LA SEPARACION DE LAS LISTAS DE LAS CATEGORIAS ELECTORALES DE PRESIDENTE Y VICEPRESIDENTE, DE LAS DE LEGISLADORES NACIONALES (REPRODUCCION DEL EXPEDIENTE 0048-S-14)."},"('Firmantes', 'FIRMANTE')":{"('0157-S-2016', 0)":"PEREYRA, GUILLERMO JUAN"},"('Firmantes', 'DISTRITO')":{"('0157-S-2016', 0)":"NEUQUEN"},"('Firmantes', 'BLOQUE')":{"('0157-S-2016', 0)":"MOV POP NEUQUINO"},"Link":{"('0157-S-2016', 0)":"http:\/\/www.senado.gov.ar\/parlamentario\/comisiones\/verExp\/157.16\/S\/PL"},"Palabra Clave":{"('0157-S-2016', 0)":" "}}