{"Tipo de Proyecto":{"('0158-D-2016', 0)":"PROYECTO DE RESOLUCI\u00d3N"},"Iniciado en: ":{"('0158-D-2016', 0)":"Diputados"},"Expediente Diputados: ":{"('0158-D-2016', 0)":"0158-D-2016"},"Publicado en: ":{"('0158-D-2016', 0)":"Tr\u00e1mite Parlamentario N\u00b0 2"},"Fecha: ":{"('0158-D-2016', 0)":"02\/03\/2016"},"T\u00edtulo":{"('0158-D-2016', 0)":"EXPRESAR BENEPLACITO POR LA REALIZACION DE LA MUESTRA \"EXPOAGRO 2016\", A REALIZARSE DEL 8 AL 11 DE MARZO DE 2016 EN EL KM 214 DE LA AUTOPISTA BUENOS AIRES - ROSARIO."},"('Firmantes', 'FIRMANTE')":{"('0158-D-2016', 0)":"OLIVARES, HECTOR ENRIQUE"},"('Firmantes', 'DISTRITO')":{"('0158-D-2016', 0)":"LA RIOJA"},"('Firmantes', 'BLOQUE')":{"('0158-D-2016', 0)":"UCR"},"('Giros', 'COMISI\u00d3N')":{"('0158-D-2016', 0)":"AGRICULTURA Y GANADERIA"},"('Tramites', 'C\u00c1MARA')":{"('0158-D-2016', 0)":"Diputados"},"('Tramites', 'MOVIMIENTO')":{"('0158-D-2016', 0)":"APROBACION ARTICULO 114 DEL REGLAMENTO DE LA H CAMARA DE DIPUTADOS; COMUNICADO EL 04\/07\/2016"},"('Tramites', 'FECHA')":{"('0158-D-2016', 0)":null},"('Tramites', 'RESULTADO')":{"('0158-D-2016', 0)":"APROBADO"},"Link":{"('0158-D-2016', 0)":"https:\/\/www.hcdn.gob.ar\/proyectos\/textoCompleto.jsp?exp=0158-D-2016&tipo=RESOLUCION"},"Palabra Clave":{"('0158-D-2016', 0)":" "}}