{"Tipo de Proyecto":{"('0159-D-2016', 0)":"PROYECTO DE RESOLUCI\u00d3N"},"Iniciado en: ":{"('0159-D-2016', 0)":"Diputados"},"Expediente Diputados: ":{"('0159-D-2016', 0)":"0159-D-2016"},"Publicado en: ":{"('0159-D-2016', 0)":"Tr\u00e1mite Parlamentario N\u00b0 2"},"Fecha: ":{"('0159-D-2016', 0)":"02\/03\/2016"},"T\u00edtulo":{"('0159-D-2016', 0)":"EXPRESAR BENEPLACITO POR LA JORNADA DE ACTUALIZACION IMPOSITIVA AGROPECUARIA 2016, A REALIZARSE EL DIA 31 DE MARZO DE 2016, EN LA CIUDAD AUTONOMA DE BUENOS AIRES."},"('Firmantes', 'FIRMANTE')":{"('0159-D-2016', 0)":"OLIVARES, HECTOR ENRIQUE"},"('Firmantes', 'DISTRITO')":{"('0159-D-2016', 0)":"LA RIOJA"},"('Firmantes', 'BLOQUE')":{"('0159-D-2016', 0)":"UCR"},"('Giros', 'COMISI\u00d3N')":{"('0159-D-2016', 0)":"PRESUPUESTO Y HACIENDA"},"Link":{"('0159-D-2016', 0)":"https:\/\/www.hcdn.gob.ar\/proyectos\/textoCompleto.jsp?exp=0159-D-2016&tipo=RESOLUCION"},"Palabra Clave":{"('0159-D-2016', 0)":" "}}