{"Tipo de Proyecto":{"('0159-PE-2016', 0)":"MENSAJE NRO: 0104\/16","('0159-PE-2016', 1)":null},"Iniciado en: ":{"('0159-PE-2016', 0)":"Senado","('0159-PE-2016', 1)":null},"Expediente Senado: ":{"('0159-PE-2016', 0)":"0159-PE-2016","('0159-PE-2016', 1)":null},"Publicado en: ":{"('0159-PE-2016', 0)":"DAE S.A. N\u00b0 11","('0159-PE-2016', 1)":null},"Fecha: ":{"('0159-PE-2016', 0)":"26\/09\/2016","('0159-PE-2016', 1)":null},"T\u00edtulo":{"('0159-PE-2016', 0)":"SOLICITA ACUERDO PARA DESIGNAR DIRECTOR DEL BANCO CENTRAL DEL BANCO CENTRAL DE LA REPUBLICA ARGENTINA AL LICENCIADO DON FRANCISCO EDUARDO GISMONDI.","('0159-PE-2016', 1)":null},"('Firmantes', 'FIRMANTE')":{"('0159-PE-2016', 0)":"MICHETTI, MARTA GABRIELA","('0159-PE-2016', 1)":"DE PRAT GAY, ALFONSO"},"('Firmantes', 'DISTRITO')":{"('0159-PE-2016', 0)":null,"('0159-PE-2016', 1)":null},"('Firmantes', 'BLOQUE')":{"('0159-PE-2016', 0)":"PODER EJECUTIVO","('0159-PE-2016', 1)":"PODER EJECUTIVO"},"Palabra Clave":{"('0159-PE-2016', 0)":" ","('0159-PE-2016', 1)":null}}