{"Tipo de Proyecto":{"('0160-S-2016', 0)":"PROYECTO DE LEY"},"Iniciado en: ":{"('0160-S-2016', 0)":"Senado"},"Expediente Senado: ":{"('0160-S-2016', 0)":"0160-S-2016"},"Publicado en: ":{"('0160-S-2016', 0)":"Diario de Asuntos Entrados N\u00b0 8"},"Fecha: ":{"('0160-S-2016', 0)":"02\/03\/2016"},"T\u00edtulo":{"('0160-S-2016', 0)":"CREACION DEL CONSEJO CONSULTIVO FEDERAL DE INFRAESTRUCTURA PARA ACTUAR EN EL AMBITO DE LAS ACCIONES QUE LA NACION REALICE CON LAS PROVINCIAS POR MEDIO DEL FINANCIAMIENTO CON LA CORPORACION ANDINA DE FOMENT (REPRODUCCION DEL EXPEDIENTE 0045-S-14)."},"('Firmantes', 'FIRMANTE')":{"('0160-S-2016', 0)":"PEREYRA, GUILLERMO JUAN"},"('Firmantes', 'DISTRITO')":{"('0160-S-2016', 0)":"NEUQUEN"},"('Firmantes', 'BLOQUE')":{"('0160-S-2016', 0)":"MOV POP NEUQUINO"},"Sumario":{"('0160-S-2016', 0)":"OBJETO: INTEGRACION."},"Palabra Clave":{"('0160-S-2016', 0)":" "}}