{"Tipo de Proyecto":{"('0160-OVD-2016', 0)":"PROYECTO DE RESOLUCI\u00d3N"},"Iniciado en: ":{"('0160-OVD-2016', 0)":"Senado"},"Expediente Senado: ":{"('0160-OVD-2016', 0)":"0160-OVD-2016"},"Fecha: ":{"('0160-OVD-2016', 0)":"30\/11\/2016"},"T\u00edtulo":{"('0160-OVD-2016', 0)":"JEFATURA DE GABINETE DE MINISTROS REMITE RESPUESTA EN RELACION A LA RESOLUCION APROBADA PIOR EL H. CONGRESO (0285-S-14) SOBRE LA VERIFICACION DE LA CALIDAD, PERTINENCIA Y COMPLETITUD DE LA INFORMACION SOBRE EL AVANCE EN EL CUMPLIMIENTO DE LOS OBJETIVOS DE LA AUTORIDA CUENCA MATANZA - RIACHUELO (ACUMAR) DE ACUERDO A LO RESUELTO POR LA CORTE SUPREMA DE JUSTICIA EN LA SENTENCIA DE FECHA 08\/7\/2008. SISTEMA DE INDICADORES. PUBLICACION ANUAL 2012."},"('Firmantes', 'FIRMANTE')":{"('0160-OVD-2016', 0)":"PARLAMENTARIA MIXTA REVISORA DE CUENTAS"},"('Firmantes', 'DISTRITO')":{"('0160-OVD-2016', 0)":null},"('Firmantes', 'BLOQUE')":{"('0160-OVD-2016', 0)":null},"Sumario":{"('0160-OVD-2016', 0)":"HABIENDO TOMADO CONOCIMIENTO Y SIN PERJUICIO DE ULTERIORES MEDIDAS QUE PUEDAN ADOPTARSE, SE ACONSEJA SU REMISION AL ARCHIVO."},"Palabra Clave":{"('0160-OVD-2016', 0)":" "}}