{"Tipo de Proyecto":{"('0162-S-2016', 0)":"PROYECTO DE LEY"},"Iniciado en: ":{"('0162-S-2016', 0)":"Senado"},"Expediente Senado: ":{"('0162-S-2016', 0)":"0162-S-2016"},"Publicado en: ":{"('0162-S-2016', 0)":"Diario de Asuntos Entrados N\u00b0 8"},"Fecha: ":{"('0162-S-2016', 0)":"02\/03\/2016"},"T\u00edtulo":{"('0162-S-2016', 0)":"DEROGACION DEL DECRETO 272\/15 DEL PEN (DISOLUCION DE LA \"COMISION DE PLANIFICACION Y COORDINACION ESTRATEGICA DEL PLAN NACIONAL DE INVERSIONES HIDROCARBURIFERAS\")."},"('Firmantes', 'FIRMANTE')":{"('0162-S-2016', 0)":"PEREYRA, GUILLERMO JUAN"},"('Firmantes', 'DISTRITO')":{"('0162-S-2016', 0)":"NEUQUEN"},"('Firmantes', 'BLOQUE')":{"('0162-S-2016', 0)":"MOV POP NEUQUINO"},"Link":{"('0162-S-2016', 0)":"http:\/\/www.senado.gov.ar\/parlamentario\/comisiones\/verExp\/162.16\/S\/PL"},"Palabra Clave":{"('0162-S-2016', 0)":" "}}