{"Tipo de Proyecto":{"('0162-PE-2016', 0)":"MENSAJE NRO: 0107\/16","('0162-PE-2016', 1)":null},"Iniciado en: ":{"('0162-PE-2016', 0)":"Senado","('0162-PE-2016', 1)":null},"Expediente Senado: ":{"('0162-PE-2016', 0)":"0162-PE-2016","('0162-PE-2016', 1)":null},"Publicado en: ":{"('0162-PE-2016', 0)":"DAE S.A. N\u00b0 11","('0162-PE-2016', 1)":null},"Fecha: ":{"('0162-PE-2016', 0)":"26\/09\/2016","('0162-PE-2016', 1)":null},"T\u00edtulo":{"('0162-PE-2016', 0)":"SOLICITA ACUERDO PARA DESIGNAR DIRECTOR DEL BANCO CENTRAL DE LA REPUBLICA ARGENTINA, AL DOCTOR HORACIO TOMAS LIENDO.","('0162-PE-2016', 1)":null},"('Firmantes', 'FIRMANTE')":{"('0162-PE-2016', 0)":"MICHETTI, MARTA GABRIELA","('0162-PE-2016', 1)":"DE PRAT GAY, ALFONSO"},"('Firmantes', 'DISTRITO')":{"('0162-PE-2016', 0)":null,"('0162-PE-2016', 1)":null},"('Firmantes', 'BLOQUE')":{"('0162-PE-2016', 0)":"PODER EJECUTIVO","('0162-PE-2016', 1)":"PODER EJECUTIVO"},"Palabra Clave":{"('0162-PE-2016', 0)":" ","('0162-PE-2016', 1)":null}}