{"Tipo de Proyecto":{"('0163-OV-2016', 0)":"PROYECTO DE RESOLUCI\u00d3N"},"Iniciado en: ":{"('0163-OV-2016', 0)":"Senado"},"Expediente Senado: ":{"('0163-OV-2016', 0)":"0163-OV-2016"},"Fecha: ":{"('0163-OV-2016', 0)":"30\/11\/2017"},"T\u00edtulo":{"('0163-OV-2016', 0)":"RESOLUCIONES REMITIDAS POR LA AUDITORIA GENERAL DE LA NACION 99\/16, TOMANDO CONOCIMIENTO DEL INFORME DE REVISION LIMITADA CORRESPONDIENTE A LOS ESTADOS CONTABLES AL 30\/09\/2015 E INFORME ESPECIAL SOBRE EL ESTADO DE CAPITALES MINIMOS DE NACION SEGUROS DE RETIRO S.A. (0163-OV-16), 120\/16, TOMANDO CONOCIMIENTO DEL INFORME DE REVISION LIMITADA CORRESPONDIENTE A LOS ESTADOS CONTABLES AL 31\/12\/2015 E INFORME ESPECIAL SOBRE EL ESTADO DE CAPITALES MINIMOS DE NACION SEGUROS DE RETIRO S.A. (0184-OV-16), 179\/16, TOMANDO CONOCIMIENTO DEL INFORME DE REVISION LIMITADA CORRESPONDIENTE A LOS ESTADOS CONTABLES AL 31\/03\/16 E INFORME ESPECIAL SOBRE EL ESTADO DE CAPITALES MINIMOS DE NACION SEGUROS DE RETIRO S.A. (0340-OV-16), Y 90\/17, QUE APRUEBA EL INFORME DE LOS AUDITORES INDEPENDIENTES Y EL INFORME ESPECIAL DE LOS CONTADORES PUBLICOS INDEPENDIENTES SOBRE EL ESTADO DE CAPITALES MINIMOS CORRESPONDIENTES A LOS ESTADOS CONTABLES DE NACION SEGUROS DE RETIRO S.A., ESTADOS CONTABLES AL 30\/06\/2016 (0202-OV-17)."},"('Firmantes', 'FIRMANTE')":{"('0163-OV-2016', 0)":"PARLAMENTARIA MIXTA REVISORA DE CUENTAS"},"('Firmantes', 'DISTRITO')":{"('0163-OV-2016', 0)":null},"('Firmantes', 'BLOQUE')":{"('0163-OV-2016', 0)":null},"Sumario":{"('0163-OV-2016', 0)":"HABIENDO TOMADO CONOCIMIENTO Y SIN PERJUICIO DE ULTERIORES MEDIDAS QUE PUEDAN ADOPTARSE, SE ACONSEJA SU REMISION AL ARCHIVO."},"Palabra Clave":{"('0163-OV-2016', 0)":" "}}