{"Tipo de Proyecto":{"('0163-S-2016', 0)":"PROYECTO DE RESOLUCI\u00d3N","('0163-S-2016', 1)":null},"Iniciado en: ":{"('0163-S-2016', 0)":"Senado","('0163-S-2016', 1)":null},"Expediente Diputados: ":{"('0163-S-2016', 0)":"0163-S-2016","('0163-S-2016', 1)":null},"Expediente Senado: ":{"('0163-S-2016', 0)":"0422-OV-2014","('0163-S-2016', 1)":null},"Fecha: ":{"('0163-S-2016', 0)":"06\/07\/2015","('0163-S-2016', 1)":null},"T\u00edtulo":{"('0163-S-2016', 0)":"PEDIDO DE INFORMES AL PODER EJECUTIVO SOBRE RESOLUCION REMITIDA POR LA AUDITORIA GENERAL DE LA NACION 189\/14, APROBANDO EL INFORME REFERIDO A LA AUDITORIA PRACTICADA SOBRE LOS ESTADOS CONTABLES POR EL EJERCICIO FINALIZADO EL 31 DE DICIEMBRE DE 2012 CORRESPONDIENTES A JET PAQ S.A.","('0163-S-2016', 1)":null},"('Firmantes', 'FIRMANTE')":{"('0163-S-2016', 0)":"PARLAMENTARIA MIXTA REVISORA DE CUENTAS","('0163-S-2016', 1)":null},"('Firmantes', 'DISTRITO')":{"('0163-S-2016', 0)":null,"('0163-S-2016', 1)":null},"('Firmantes', 'BLOQUE')":{"('0163-S-2016', 0)":null,"('0163-S-2016', 1)":null},"('Giros', 'COMISI\u00d3N')":{"('0163-S-2016', 0)":"PARLAMENTARIA MIXTA REVISORA DE CUENTAS","('0163-S-2016', 1)":null},"('Tramites', 'C\u00c1MARA')":{"('0163-S-2016', 0)":"Senado","('0163-S-2016', 1)":"Diputados"},"('Tramites', 'MOVIMIENTO')":{"('0163-S-2016', 0)":"CONSIDERACION Y APROBACION","('0163-S-2016', 1)":"PASA A DIPUTADOS -"},"('Tramites', 'FECHA')":{"('0163-S-2016', 0)":"02\/11\/2016","('0163-S-2016', 1)":null},"('Tramites', 'RESULTADO')":{"('0163-S-2016', 0)":"APROBADO","('0163-S-2016', 1)":null},"Link":{"('0163-S-2016', 0)":"http:\/\/www.senado.gov.ar\/parlamentario\/comisiones\/verExp\/422.14\/OV\/PR","('0163-S-2016', 1)":null},"Palabra Clave":{"('0163-S-2016', 0)":" ","('0163-S-2016', 1)":null}}