{"Tipo de Proyecto":{"('0163-D-2016', 0)":"PROYECTO DE LEY","('0163-D-2016', 1)":null,"('0163-D-2016', 2)":null},"Iniciado en: ":{"('0163-D-2016', 0)":"Diputados","('0163-D-2016', 1)":null,"('0163-D-2016', 2)":null},"Expediente Diputados: ":{"('0163-D-2016', 0)":"0163-D-2016","('0163-D-2016', 1)":null,"('0163-D-2016', 2)":null},"Publicado en: ":{"('0163-D-2016', 0)":"Tr\u00e1mite Parlamentario N\u00b0 2","('0163-D-2016', 1)":null,"('0163-D-2016', 2)":null},"Fecha: ":{"('0163-D-2016', 0)":"02\/03\/2016","('0163-D-2016', 1)":null,"('0163-D-2016', 2)":null},"T\u00edtulo":{"('0163-D-2016', 0)":"BENEFICIOS OTORGADOS A LOS VETERANOS DE GUERRA DE MALVINAS, EXTENSION A LOS EX SOLDADOS DE LA CLASE 1953, 1954, 1955, 1958, Y 1959, QUE HUBIESEN SIDO  INCORPORADOS DURANTE LOS A\u00d1OS 1974 A 1978.","('0163-D-2016', 1)":null,"('0163-D-2016', 2)":null},"('Firmantes', 'FIRMANTE')":{"('0163-D-2016', 0)":"GALLARDO, MIRIAM GRACIELA","('0163-D-2016', 1)":null,"('0163-D-2016', 2)":null},"('Firmantes', 'DISTRITO')":{"('0163-D-2016', 0)":"TUCUMAN","('0163-D-2016', 1)":null,"('0163-D-2016', 2)":null},"('Firmantes', 'BLOQUE')":{"('0163-D-2016', 0)":"FRENTE PARA LA VICTORIA - PJ","('0163-D-2016', 1)":null,"('0163-D-2016', 2)":null},"('Giros', 'COMISI\u00d3N')":{"('0163-D-2016', 0)":"PREVISION Y SEGURIDAD SOCIAL","('0163-D-2016', 1)":"DEFENSA NACIONAL","('0163-D-2016', 2)":"PRESUPUESTO Y HACIENDA"},"Link":{"('0163-D-2016', 0)":"https:\/\/www.hcdn.gob.ar\/proyectos\/textoCompleto.jsp?exp=0163-D-2016&tipo=LEY","('0163-D-2016', 1)":null,"('0163-D-2016', 2)":null},"Palabra Clave":{"('0163-D-2016', 0)":" ","('0163-D-2016', 1)":null,"('0163-D-2016', 2)":null}}