{"Tipo de Proyecto":{"('0164-S-2016', 0)":"PROYECTO DE LEY"},"Iniciado en: ":{"('0164-S-2016', 0)":"Senado"},"Expediente Senado: ":{"('0164-S-2016', 0)":"0164-S-2016"},"Publicado en: ":{"('0164-S-2016', 0)":"Diario de Asuntos Entrados N\u00b0 9"},"Fecha: ":{"('0164-S-2016', 0)":"02\/03\/2016"},"T\u00edtulo":{"('0164-S-2016', 0)":"DEROGACION DE LOS ARTICULOS 97 A 103 INCLUSIVE, DEL CODIGO PENAL, REFERIDOS AL DELITO DE DUELO."},"('Firmantes', 'FIRMANTE')":{"('0164-S-2016', 0)":"GUASTAVINO, PEDRO GUILLERMO ANGEL"},"('Firmantes', 'DISTRITO')":{"('0164-S-2016', 0)":"ENTRE RIOS"},"('Firmantes', 'BLOQUE')":{"('0164-S-2016', 0)":"FRENTE PARA LA VICTORIA - PJ"},"Link":{"('0164-S-2016', 0)":"http:\/\/www.senado.gov.ar\/parlamentario\/comisiones\/verExp\/164.16\/S\/PL"},"Palabra Clave":{"('0164-S-2016', 0)":" "}}