{"Tipo de Proyecto":{"('0164-D-2016', 0)":"PROYECTO DE LEY"},"Iniciado en: ":{"('0164-D-2016', 0)":"Diputados"},"Expediente Diputados: ":{"('0164-D-2016', 0)":"0164-D-2016"},"Publicado en: ":{"('0164-D-2016', 0)":"Tr\u00e1mite Parlamentario N\u00b0 2"},"Fecha: ":{"('0164-D-2016', 0)":"02\/03\/2016"},"T\u00edtulo":{"('0164-D-2016', 0)":"CODIGO PENAL. MODIFICACION DE LOS ARTICULOS 84 Y 94, SOBRE CAUSA DE MUERTE POR IMPRUDENCIA, NEGLIGENCIA, IMPERICIA EN SU ARTE O PROFESION O INOBSERVANCIA DE LOS REGLAMENTOS O DEBERES A SU CARGO."},"('Firmantes', 'FIRMANTE')":{"('0164-D-2016', 0)":"GALLARDO, MIRIAM GRACIELA"},"('Firmantes', 'DISTRITO')":{"('0164-D-2016', 0)":"TUCUMAN"},"('Firmantes', 'BLOQUE')":{"('0164-D-2016', 0)":"FRENTE PARA LA VICTORIA - PJ"},"('Giros', 'COMISI\u00d3N')":{"('0164-D-2016', 0)":"LEGISLACION PENAL"},"Link":{"('0164-D-2016', 0)":"https:\/\/www.hcdn.gob.ar\/proyectos\/textoCompleto.jsp?exp=0164-D-2016&tipo=LEY"},"Palabra Clave":{"('0164-D-2016', 0)":" "}}