{"Tipo de Proyecto":{"('0165-S-2016', 0)":"PROYECTO DE LEY"},"Iniciado en: ":{"('0165-S-2016', 0)":"Senado"},"Expediente Senado: ":{"('0165-S-2016', 0)":"0165-S-2016"},"Publicado en: ":{"('0165-S-2016', 0)":"Diario de Asuntos Entrados N\u00b0 9"},"Fecha: ":{"('0165-S-2016', 0)":"02\/03\/2016"},"T\u00edtulo":{"('0165-S-2016', 0)":"MODIFICACION DEL ARTICULO 48 DE LA LEY 18345 (ORGANIZACION Y PROCEDIMIENTO LABORAL), RESPECTO DE LOS DIAS DE NOTA Y LAS NOTIFICACIONES."},"('Firmantes', 'FIRMANTE')":{"('0165-S-2016', 0)":"GUASTAVINO, PEDRO GUILLERMO ANGEL"},"('Firmantes', 'DISTRITO')":{"('0165-S-2016', 0)":"ENTRE RIOS"},"('Firmantes', 'BLOQUE')":{"('0165-S-2016', 0)":"FRENTE PARA LA VICTORIA - PJ"},"Link":{"('0165-S-2016', 0)":"http:\/\/www.senado.gov.ar\/parlamentario\/comisiones\/verExp\/165.16\/S\/PL"},"Palabra Clave":{"('0165-S-2016', 0)":" "}}