{"Tipo de Proyecto":{"('0165-PE-2016', 0)":"MENSAJE NRO: 0111\/16 Y PROYECTO DE LEY","('0165-PE-2016', 1)":null,"('0165-PE-2016', 2)":null},"Iniciado en: ":{"('0165-PE-2016', 0)":"Senado","('0165-PE-2016', 1)":null,"('0165-PE-2016', 2)":null},"Expediente Senado: ":{"('0165-PE-2016', 0)":"0165-PE-2016","('0165-PE-2016', 1)":null,"('0165-PE-2016', 2)":null},"Publicado en: ":{"('0165-PE-2016', 0)":"Diario de Asuntos Entrados N\u00b0 190","('0165-PE-2016', 1)":null,"('0165-PE-2016', 2)":null},"Fecha: ":{"('0165-PE-2016', 0)":"28\/09\/2016","('0165-PE-2016', 1)":null,"('0165-PE-2016', 2)":null},"T\u00edtulo":{"('0165-PE-2016', 0)":"MODIFICACION DEL CODIGO PROCESAL PENAL DE LA NACION (LEY 27063) , RESPECTO DE LA INVESTIGACION Y EL JUZGAMIENTO DE LOS DELITOS DE COMPETENCIA DE LA JUSTICIA FEDERAL ","('0165-PE-2016', 1)":null,"('0165-PE-2016', 2)":null},"('Firmantes', 'FIRMANTE')":{"('0165-PE-2016', 0)":"MACRI, MAURICIO","('0165-PE-2016', 1)":"PE\u00d1A, MARCOS","('0165-PE-2016', 2)":"GARAVANO, GERMAN CARLOS"},"('Firmantes', 'DISTRITO')":{"('0165-PE-2016', 0)":null,"('0165-PE-2016', 1)":null,"('0165-PE-2016', 2)":null},"('Firmantes', 'BLOQUE')":{"('0165-PE-2016', 0)":"PODER EJECUTIVO","('0165-PE-2016', 1)":"PODER EJECUTIVO","('0165-PE-2016', 2)":"PODER EJECUTIVO"},"Sumario":{"('0165-PE-2016', 0)":"ARTICULO 1: SUSTITUCION DE LA DENOMINACION \"CODIGO PROCESAL PENAL DE LA NACION\" POR LA DE \"CODIGO PROCESAL PENAL FEDERAL\"; SUSTITUCION DEL ARTICULO 7: CREACION DE UNA COMISION EN EL H. CONGRESO DE LA NACION BICAMERAL DE MONITOREO E IMPLEMENTACION DEL CODIGO PROCESAL PENAL FEDERAL; SUSTITUCION DEL ARTICULO 8: APROBAR UN PROGRAMA DE CAPACITACION Y FORTALECIMIENTO BASICO DE LAS FISCALIAS DE PRIMERA INSTANCIA, FEDERALES, GENERALES Y DEFENSORIAS GENERALES; SUSTITUCION DEL ARTICULO 41 TER): ESCALAS PENALES; SUSTITUCION DEL ARTICULO 5: PERSECUCION UNICA; SUSTITUCION DEL ARTICULO 17: RESTRICCIONES A LA LIBERTAD; SUSTITUCION DEL ARTICULO 31: CRITERIOS DE OPORTUNIDAD; SUSTITUCION DEL ARTICULO 33: CONVERSION DE LA ACCION; SUSTITUCION DEL ARTICULO 37: EXCEPCIONES; INCORPORACION DEL ARTICULO 44 BIS): COMPETENCIA; SUSTITUCION DEL ARTICULO 47: COMPETENCIA TERRITORIAL; SUSTITUCION DEL ARTICULO 53: JUECES CON FUNCIONES DE REVISION; SUSTITUCION DEL ARTICULO 54: INTEGRACION DEL TRIBUNAL DE JUICIO; INCORPORACION DEL ARTICULO 88 BIS): PRINCIPIOS DE ACTUACION; INCORPORACION DEL ARTICULO 88 TER): DIFERIMIENTO DE MEDIDAS; SUSTITUCION DEL ARTICULO 117: COMUNICACION INTERJURISDICCIONAL; SUSTITUCION DEL ARTICULO 128: REGLAS SOBRE LA PRUEBA; SUSTITUCION DEL ARTICULO 143: SECUESTRO DE CORRESPONDENCIA; SUSTITUCION DEL ARTICULO 154: DECLARACION DE LOS TESTIGOS DURANTE LA INVESTIGACION PREPARATORIA; INCORPORAR COMO TITULO VI DEL LIBRO CUARTO: MEDIDAS ESPECIALES DE INVESTIGACION;  INCORPORACION DEL ARTICULO 175 BIS), TER), QUATER, QUINQUIES, SEXIES,SEPTIES, OCTIES, NOVIES, DECIES, UNDECIES, TERCEDIECIS, QUATERDECIES, QUINDECIES; SUSTITUCION DEL ARTICULO 188: PELIGRO DE FUGA; SUSTITUCION DEL ARTICULO 189: PELIGRO DE ENTORPECIMIENTO; SUSTITUCION DEL ARTICULO 214: INVESTIGACION PRELIMINAR DE OFICIO; SUSTITUCION DEL ARTICULO 264: INTERROGATORIO; INCORPORACION DEL ARTICULO 264 BIS): DECLARACION BAJO RESERVA DE IDENTIDAD; SUSTITUCION DEL ARTICULO 274: ALCANCE DE LA SENTENCIA; INCORPORACION DEL ARTICULO 274 BIS): EFECTO DE LA SENTENCIA SOBRE LAS MEDIDAS DE COERCION; SUSTITUCION DE LA DENOMINACION DEL TITULO I: PROCESOS DE ACCION PRIVADA; INCORPORACION DEL CAPITULO I, INTEGRADO POR LOS ARTICULOS 288 A 292 INCLUSIVE: ACUERDOS DE JUICIO ABREVIADO Y DIRECTO; ACUERDOS DE COLABORACION: DEL ARTICULO 292 BIS) AL ARTICULO 292 TERDECIES; SUSTITUCION DEL ARTICULO 293: PROCEDENCIA Y TRAMITE; INCORPORACION DEL TITULO IV: PROCESO PENAL JUVENIL; SUSTITUCION DE LOS ARTICULOS 296  HASTA EL ARTICULO 296 OCTIES: PROCESOS CONTRA PERSONAS JURIDICAS; SUSTITUCION DEL ARTICULO 300: EFECTO SUSPENSIVO; SUSTITUCION DEL ARTICULO 303: COMPETENCIA; INCORPORACION DEL ARTICULO 313 BIS: QUEJA POR RECURSO DENEGADO; SUSTITUCION DEL ARTICULO 316: DOBLE CONFORME; SUSTITUCION DEL ARTICULO 317: REENVIO; SUSTITUCION DEL ARTICULO 322: RESOLUCION.","('0165-PE-2016', 1)":null,"('0165-PE-2016', 2)":null},"Palabra Clave":{"('0165-PE-2016', 0)":" ","('0165-PE-2016', 1)":null,"('0165-PE-2016', 2)":null}}