{"Tipo de Proyecto":{"('0166-D-2016', 0)":"PROYECTO DE LEY"},"Iniciado en: ":{"('0166-D-2016', 0)":"Diputados"},"Expediente Diputados: ":{"('0166-D-2016', 0)":"0166-D-2016"},"Publicado en: ":{"('0166-D-2016', 0)":"Tr\u00e1mite Parlamentario N\u00b0 2"},"Fecha: ":{"('0166-D-2016', 0)":"02\/03\/2016"},"T\u00edtulo":{"('0166-D-2016', 0)":"IMPUESTO AL VALOR AGREGADO (IVA) - LEY 23349 -. MODIFICACION DEL ARTICULO 28, SOBRE APLICACION DE UNA ALICUOTA REDUCIDA DEL 10,5 %  A LOS ALIMENTOS PARA CELIACOS."},"('Firmantes', 'FIRMANTE')":{"('0166-D-2016', 0)":"GALLARDO, MIRIAM GRACIELA"},"('Firmantes', 'DISTRITO')":{"('0166-D-2016', 0)":"TUCUMAN"},"('Firmantes', 'BLOQUE')":{"('0166-D-2016', 0)":"FRENTE PARA LA VICTORIA - PJ"},"('Giros', 'COMISI\u00d3N')":{"('0166-D-2016', 0)":"PRESUPUESTO Y HACIENDA"},"Link":{"('0166-D-2016', 0)":"https:\/\/www.hcdn.gob.ar\/proyectos\/textoCompleto.jsp?exp=0166-D-2016&tipo=LEY"},"Palabra Clave":{"('0166-D-2016', 0)":" "}}