{"Tipo de Proyecto":{"('0167-S-2016', 0)":"PROYECTO DE DECLARACI\u00d3N"},"Iniciado en: ":{"('0167-S-2016', 0)":"Senado"},"Expediente Senado: ":{"('0167-S-2016', 0)":"0167-S-2016"},"Publicado en: ":{"('0167-S-2016', 0)":"Diario de Asuntos Entrados N\u00b0 9"},"Fecha: ":{"('0167-S-2016', 0)":"02\/03\/2016"},"T\u00edtulo":{"('0167-S-2016', 0)":"DECLARAR DE INTERES LA \"XXII FIESTA PROVINCIAL DEL SURUBI ENTRERRIANO\", A REALIZARSE DEL 1 AL 3 DE ABRIL, EN LA CIUDAD DE LA PAZ, PROVINCIA DE ENTRE RIOS."},"('Firmantes', 'FIRMANTE')":{"('0167-S-2016', 0)":"GUASTAVINO, PEDRO GUILLERMO ANGEL"},"('Firmantes', 'DISTRITO')":{"('0167-S-2016', 0)":"ENTRE RIOS"},"('Firmantes', 'BLOQUE')":{"('0167-S-2016', 0)":"FRENTE PARA LA VICTORIA - PJ"},"('Tramites', 'C\u00c1MARA')":{"('0167-S-2016', 0)":"Senado"},"('Tramites', 'MOVIMIENTO')":{"('0167-S-2016', 0)":"CONSIDERACION Y APROBACION"},"('Tramites', 'FECHA')":{"('0167-S-2016', 0)":"08\/06\/2016"},"('Tramites', 'RESULTADO')":{"('0167-S-2016', 0)":"APROBADO"},"Link":{"('0167-S-2016', 0)":"http:\/\/www.senado.gov.ar\/parlamentario\/comisiones\/verExp\/167.16\/S\/PD"},"Palabra Clave":{"('0167-S-2016', 0)":" "}}