{"Tipo de Proyecto":{"('0167-OV-2016', 0)":"PROYECTO DE RESOLUCI\u00d3N"},"Iniciado en: ":{"('0167-OV-2016', 0)":"Senado"},"Expediente Senado: ":{"('0167-OV-2016', 0)":"0167-OV-2016"},"Fecha: ":{"('0167-OV-2016', 0)":"30\/11\/2016"},"T\u00edtulo":{"('0167-OV-2016', 0)":"RESOLUCION REMITIDA POR LA AUDITORIA GENERAL DE LA NACION 103\/16, APROBANDO EL INFORME DE AUDITORIA REFERIDO A LOS ESTADOS FINANCIEROS POR EL EJERCICIO IRREGULAR ENTRE EL 01\/01\/2014 Y EL 30\/6\/2015, CORRESPONDIENTES AL PROGRAMA DE TERCERA COMUNICACION PARA EL CAMBIO CLIMATICO, CONVENIO DE DONACION GEF TF 098640N SUSCRITOS EL 19\/7\/2012 CON EL BIRF."},"('Firmantes', 'FIRMANTE')":{"('0167-OV-2016', 0)":"PARLAMENTARIA MIXTA REVISORA DE CUENTAS"},"('Firmantes', 'DISTRITO')":{"('0167-OV-2016', 0)":null},"('Firmantes', 'BLOQUE')":{"('0167-OV-2016', 0)":null},"Sumario":{"('0167-OV-2016', 0)":"HABIENDO TOMADO CONOCIMIENTO Y SIN PERJUICIO DE ULTERIORES MEDIDAS QUE PUEDAN ADOPTARSE, SE ACONSEJA SU REMISION AL ARCHIVO."},"Palabra Clave":{"('0167-OV-2016', 0)":" "}}