{"Tipo de Proyecto":{"('0168-S-2016', 0)":"PROYECTO DE DECLARACI\u00d3N"},"Iniciado en: ":{"('0168-S-2016', 0)":"Senado"},"Expediente Senado: ":{"('0168-S-2016', 0)":"0168-S-2016"},"Publicado en: ":{"('0168-S-2016', 0)":"Diario de Asuntos Entrados N\u00b0 9"},"Fecha: ":{"('0168-S-2016', 0)":"02\/03\/2016"},"T\u00edtulo":{"('0168-S-2016', 0)":"DECLARAR DE INTERES LA CELEBRACION \"XXI FIESTA NACIONAL DE LA APICULTURA, EXPO APICOLA DEL MERCOSUR\", DEL 18 AL 20 DE MARZO EN LA CIUDAD DE MACIA., PROVINCIA DE ENTRE RIOS."},"('Firmantes', 'FIRMANTE')":{"('0168-S-2016', 0)":"GUASTAVINO, PEDRO GUILLERMO ANGEL"},"('Firmantes', 'DISTRITO')":{"('0168-S-2016', 0)":"ENTRE RIOS"},"('Firmantes', 'BLOQUE')":{"('0168-S-2016', 0)":"FRENTE PARA LA VICTORIA - PJ"},"('Tramites', 'C\u00c1MARA')":{"('0168-S-2016', 0)":"Senado"},"('Tramites', 'MOVIMIENTO')":{"('0168-S-2016', 0)":"CONSIDERACION Y APROBACION"},"('Tramites', 'FECHA')":{"('0168-S-2016', 0)":"08\/06\/2016"},"('Tramites', 'RESULTADO')":{"('0168-S-2016', 0)":"APROBADO"},"Link":{"('0168-S-2016', 0)":"http:\/\/www.senado.gov.ar\/parlamentario\/comisiones\/verExp\/168.16\/S\/PD"},"Palabra Clave":{"('0168-S-2016', 0)":" "}}