{"Tipo de Proyecto":{"('0168-OV-2016', 0)":"PROYECTO DE RESOLUCI\u00d3N"},"Iniciado en: ":{"('0168-OV-2016', 0)":"Senado"},"Expediente Senado: ":{"('0168-OV-2016', 0)":"0168-OV-2016"},"Fecha: ":{"('0168-OV-2016', 0)":"30\/11\/2017"},"T\u00edtulo":{"('0168-OV-2016', 0)":"RESOLUCION REMITIDA POR LA AUDITORIA GENERAL DE LA NACION 104\/16, , APROBANDO EL INFORME DE AUDITORIA REFERIDO A LOS ESTADOS FINANCIEROS POR EL EJERCICIO 3 FINALIZADO EL 31\/12\/2014, CORRESPONDIENTE AL PROYECTO PNUD ARG\/12\/014 \"FORTALECIMIENTO FUNCIONAL TECNICO Y ADMINISTRATIVO DEL MINISTERIO DE RELACIONES EXTERIORES Y CULTO\", SUSCRIPTO EL 30\/08\/2012 CON EL PROGRAMA DE LAS NACIONES UNIDAS PARA EL DESARROLLO (PNUD)."},"('Firmantes', 'FIRMANTE')":{"('0168-OV-2016', 0)":"PARLAMENTARIA MIXTA REVISORA DE CUENTAS"},"('Firmantes', 'DISTRITO')":{"('0168-OV-2016', 0)":null},"('Firmantes', 'BLOQUE')":{"('0168-OV-2016', 0)":null},"Sumario":{"('0168-OV-2016', 0)":"HABIENDO TOMADO CONOCIMIENTO Y SIN PERJUICIO DE ULTERIORES MEDIDAS QUE PUEDAN ADOPTARSE, SE ACONSEJA SU REMISION AL ARCHIVO."},"Palabra Clave":{"('0168-OV-2016', 0)":" "}}