{"Tipo de Proyecto":{"('0169-S-2016', 0)":"PROYECTO DE DECLARACI\u00d3N"},"Iniciado en: ":{"('0169-S-2016', 0)":"Senado"},"Expediente Senado: ":{"('0169-S-2016', 0)":"0169-S-2016"},"Publicado en: ":{"('0169-S-2016', 0)":"Diario de Asuntos Entrados N\u00b0 9"},"Fecha: ":{"('0169-S-2016', 0)":"02\/03\/2016"},"T\u00edtulo":{"('0169-S-2016', 0)":"EXPRESAR BENEPLACITO POR LA CELEBRACION DEL 233 ANIVERSARIO DE LA FUNDACION DE LA CIUDAD DE GUALEGUAY, PROVINCIA DE ENTRE RIOS, EL 19 DE MARZO."},"('Firmantes', 'FIRMANTE')":{"('0169-S-2016', 0)":"GUASTAVINO, PEDRO GUILLERMO ANGEL"},"('Firmantes', 'DISTRITO')":{"('0169-S-2016', 0)":"ENTRE RIOS"},"('Firmantes', 'BLOQUE')":{"('0169-S-2016', 0)":"FRENTE PARA LA VICTORIA - PJ"},"('Tramites', 'C\u00c1MARA')":{"('0169-S-2016', 0)":"Senado"},"('Tramites', 'MOVIMIENTO')":{"('0169-S-2016', 0)":"CONSIDERACION Y APROBACION"},"('Tramites', 'FECHA')":{"('0169-S-2016', 0)":"08\/06\/2016"},"('Tramites', 'RESULTADO')":{"('0169-S-2016', 0)":"APROBADO"},"Link":{"('0169-S-2016', 0)":"http:\/\/www.senado.gov.ar\/parlamentario\/comisiones\/verExp\/169.16\/S\/PD"},"Palabra Clave":{"('0169-S-2016', 0)":" "}}