{"Tipo de Proyecto":{"('0170-S-2016', 0)":"PROYECTO DE DECLARACI\u00d3N","('0170-S-2016', 1)":null},"Iniciado en: ":{"('0170-S-2016', 0)":"Senado","('0170-S-2016', 1)":null},"Expediente Senado: ":{"('0170-S-2016', 0)":"0170-S-2016","('0170-S-2016', 1)":null},"Publicado en: ":{"('0170-S-2016', 0)":"Diario de Asuntos Entrados N\u00b0 9","('0170-S-2016', 1)":null},"Fecha: ":{"('0170-S-2016', 0)":"02\/03\/2016","('0170-S-2016', 1)":null},"T\u00edtulo":{"('0170-S-2016', 0)":"ADHERIR A LA CELEBRACION DE LA \"FIESTA PROVINCIAL DEL TERNERO\", A REALIZARSE DEL 7 AL 10 DE MARZO EN LA CIUDAD DE FELICIANO, PROVINCIA DE ENTRE RIOS.","('0170-S-2016', 1)":null},"('Firmantes', 'FIRMANTE')":{"('0170-S-2016', 0)":"GUASTAVINO, PEDRO GUILLERMO ANGEL","('0170-S-2016', 1)":null},"('Firmantes', 'DISTRITO')":{"('0170-S-2016', 0)":"ENTRE RIOS","('0170-S-2016', 1)":null},"('Firmantes', 'BLOQUE')":{"('0170-S-2016', 0)":"FRENTE PARA LA VICTORIA - PJ","('0170-S-2016', 1)":null},"('Tramites', 'C\u00c1MARA')":{"('0170-S-2016', 0)":"Senado","('0170-S-2016', 1)":"Senado"},"('Tramites', 'MOVIMIENTO')":{"('0170-S-2016', 0)":"MOCION SOBRE TABLAS (AFIRMATIVA) CONJUNTAMENTE PARA LOS EXPEDIENTES 4222-S-2015 y 0170-S-2016","('0170-S-2016', 1)":"CONSIDERACION Y APROBACION (TEXTO UNIFICADO) CONJUNTAMENTE PARA LOS EXPEDIENTES 4222-S-2015 y 0170-S-2016"},"('Tramites', 'FECHA')":{"('0170-S-2016', 0)":"09\/03\/2016","('0170-S-2016', 1)":"09\/03\/2016"},"('Tramites', 'RESULTADO')":{"('0170-S-2016', 0)":null,"('0170-S-2016', 1)":"APROBADO"},"Link":{"('0170-S-2016', 0)":"http:\/\/www.senado.gov.ar\/parlamentario\/comisiones\/verExp\/170.16\/S\/PD","('0170-S-2016', 1)":null},"Palabra Clave":{"('0170-S-2016', 0)":" ","('0170-S-2016', 1)":null}}