{"Tipo de Proyecto":{"('0171-S-2016', 0)":"PROYECTO DE DECLARACI\u00d3N","('0171-S-2016', 1)":null},"Iniciado en: ":{"('0171-S-2016', 0)":"Senado","('0171-S-2016', 1)":null},"Expediente Senado: ":{"('0171-S-2016', 0)":"0171-S-2016","('0171-S-2016', 1)":null},"Publicado en: ":{"('0171-S-2016', 0)":"Diario de Asuntos Entrados N\u00b0 9","('0171-S-2016', 1)":null},"Fecha: ":{"('0171-S-2016', 0)":"02\/03\/2016","('0171-S-2016', 1)":null},"T\u00edtulo":{"('0171-S-2016', 0)":"ADHERIR A LA CONMEMORACION DEL ANIVERSARIO DEL DIA NACIONAL DE LA MEMORIA POR LA VERDAD Y LA JUSTICIA, EN REPUDIO A LA DICTADURA MILITAR.","('0171-S-2016', 1)":null},"('Firmantes', 'FIRMANTE')":{"('0171-S-2016', 0)":"GUASTAVINO, PEDRO GUILLERMO ANGEL","('0171-S-2016', 1)":null},"('Firmantes', 'DISTRITO')":{"('0171-S-2016', 0)":"ENTRE RIOS","('0171-S-2016', 1)":null},"('Firmantes', 'BLOQUE')":{"('0171-S-2016', 0)":"FRENTE PARA LA VICTORIA - PJ","('0171-S-2016', 1)":null},"('Tramites', 'C\u00c1MARA')":{"('0171-S-2016', 0)":"Senado","('0171-S-2016', 1)":"Senado"},"('Tramites', 'MOVIMIENTO')":{"('0171-S-2016', 0)":"MOCION SOBRE TABLAS (AFIRMATIVA) CONJUNTAMENTE PARA LOS EXPEDIENTES 0776-S-2015, 0804-S-2015, 4294-S-2015, 0137-S-2016, 0171-S-2016, 0382-S-2016 y 0397-S-2016","('0171-S-2016', 1)":"CONSIDERACION Y APROBACION (TEXTO UNIFICADO) CONJUNTAMENTE PARA LOS EXPEDIENTES 0776-S-2015, 0804-S-2015, 4294-S-2015, 0137-S-2016, 0171-S-2016, 0382-S-2016 y 0397-S-2016"},"('Tramites', 'FECHA')":{"('0171-S-2016', 0)":"09\/03\/2016","('0171-S-2016', 1)":"09\/03\/2016"},"('Tramites', 'RESULTADO')":{"('0171-S-2016', 0)":null,"('0171-S-2016', 1)":"APROBADO"},"Link":{"('0171-S-2016', 0)":"http:\/\/www.senado.gov.ar\/parlamentario\/comisiones\/verExp\/171.16\/S\/PD","('0171-S-2016', 1)":null},"Palabra Clave":{"('0171-S-2016', 0)":" ","('0171-S-2016', 1)":null}}