{"Tipo de Proyecto":{"('0172-PE-2016', 0)":"MENSAJE NRO: 0114\/16","('0172-PE-2016', 1)":null},"Iniciado en: ":{"('0172-PE-2016', 0)":"Senado","('0172-PE-2016', 1)":null},"Expediente Senado: ":{"('0172-PE-2016', 0)":"0172-PE-2016","('0172-PE-2016', 1)":null},"Publicado en: ":{"('0172-PE-2016', 0)":"DAE S.A. N\u00b0 12","('0172-PE-2016', 1)":null},"Fecha: ":{"('0172-PE-2016', 0)":"04\/10\/2016","('0172-PE-2016', 1)":null},"T\u00edtulo":{"('0172-PE-2016', 0)":"SOLICITA ACUERDO PARA DESIGNAR FISCAL GENERAL ANTE LOS TRIBUNALES ORALES EN LO CRIMINAL DE LA CAPITAL FEDERAL, FISCALIA NUMERO 11, AL DOCTOR NICOLAS AMELOTTI.","('0172-PE-2016', 1)":null},"('Firmantes', 'FIRMANTE')":{"('0172-PE-2016', 0)":"MACRI, MAURICIO","('0172-PE-2016', 1)":"GARAVANO, GERMAN CARLOS"},"('Firmantes', 'DISTRITO')":{"('0172-PE-2016', 0)":null,"('0172-PE-2016', 1)":null},"('Firmantes', 'BLOQUE')":{"('0172-PE-2016', 0)":"PODER EJECUTIVO","('0172-PE-2016', 1)":"PODER EJECUTIVO"},"('Tramites', 'C\u00c1MARA')":{"('0172-PE-2016', 0)":"Senado","('0172-PE-2016', 1)":null},"('Tramites', 'MOVIMIENTO')":{"('0172-PE-2016', 0)":"CONSIDERACION Y APROBACION","('0172-PE-2016', 1)":null},"('Tramites', 'FECHA')":{"('0172-PE-2016', 0)":"07\/09\/2017","('0172-PE-2016', 1)":null},"('Tramites', 'RESULTADO')":{"('0172-PE-2016', 0)":"APROBADO","('0172-PE-2016', 1)":null},"Palabra Clave":{"('0172-PE-2016', 0)":" ","('0172-PE-2016', 1)":null}}