{"Tipo de Proyecto":{"('0172-D-2016', 0)":"PROYECTO DE LEY"},"Iniciado en: ":{"('0172-D-2016', 0)":"Diputados"},"Expediente Diputados: ":{"('0172-D-2016', 0)":"0172-D-2016"},"Publicado en: ":{"('0172-D-2016', 0)":"Tr\u00e1mite Parlamentario N\u00b0 2"},"Fecha: ":{"('0172-D-2016', 0)":"02\/03\/2016"},"T\u00edtulo":{"('0172-D-2016', 0)":"IMPUESTO AL VALOR AGREGADO (LEY 23349):  MODIFICACION DEL ARTICULO 7, SOBRE GRAVAMEN A LOS PRODUCTOS INCLUIDOS EN LA CANASTA BASICA DE ALIMENTOS (REPRODUCCION DEL EXPEDIENTE 2966-D-13)."},"('Firmantes', 'FIRMANTE')":{"('0172-D-2016', 0)":"KRONEBERGER, DANIEL RICARDO"},"('Firmantes', 'DISTRITO')":{"('0172-D-2016', 0)":"LA PAMPA"},"('Firmantes', 'BLOQUE')":{"('0172-D-2016', 0)":"UCR"},"('Giros', 'COMISI\u00d3N')":{"('0172-D-2016', 0)":"PRESUPUESTO Y HACIENDA"},"Sumario":{"('0172-D-2016', 0)":"MODIFICACION DEL INCISO F) DEL ARTICULO 7."},"Palabra Clave":{"('0172-D-2016', 0)":" "}}