{"Tipo de Proyecto":{"('0173-D-2016', 0)":"PROYECTO DE LEY","('0173-D-2016', 1)":null},"Iniciado en: ":{"('0173-D-2016', 0)":"Diputados","('0173-D-2016', 1)":null},"Expediente Diputados: ":{"('0173-D-2016', 0)":"0173-D-2016","('0173-D-2016', 1)":null},"Publicado en: ":{"('0173-D-2016', 0)":"Tr\u00e1mite Parlamentario N\u00b0 2","('0173-D-2016', 1)":null},"Fecha: ":{"('0173-D-2016', 0)":"02\/03\/2016","('0173-D-2016', 1)":null},"T\u00edtulo":{"('0173-D-2016', 0)":"IMPUESTO A LAS GANANCIAS - LEY 20628 : SUSPENSION DEL COBRO A JUBILADOS Y PENSIONADOS POR EL TERMINO DE TRESCIENTOS SESENTA Y CINCO - 365 - DIAS. ","('0173-D-2016', 1)":null},"('Firmantes', 'FIRMANTE')":{"('0173-D-2016', 0)":"TOMAS, HECTOR DANIEL","('0173-D-2016', 1)":null},"('Firmantes', 'DISTRITO')":{"('0173-D-2016', 0)":"SAN JUAN","('0173-D-2016', 1)":null},"('Firmantes', 'BLOQUE')":{"('0173-D-2016', 0)":"FRENTE PARA LA VICTORIA - PJ","('0173-D-2016', 1)":null},"('Giros', 'COMISI\u00d3N')":{"('0173-D-2016', 0)":"PRESUPUESTO Y HACIENDA","('0173-D-2016', 1)":"PREVISION Y SEGURIDAD SOCIAL"},"Link":{"('0173-D-2016', 0)":"https:\/\/www.hcdn.gob.ar\/proyectos\/textoCompleto.jsp?exp=0173-D-2016&tipo=LEY","('0173-D-2016', 1)":null},"Palabra Clave":{"('0173-D-2016', 0)":" ","('0173-D-2016', 1)":null}}