{"Tipo de Proyecto":{"('0173-OV-2016', 0)":"PROYECTO DE RESOLUCI\u00d3N"},"Iniciado en: ":{"('0173-OV-2016', 0)":"Senado"},"Expediente Senado: ":{"('0173-OV-2016', 0)":"0173-OV-2016"},"Fecha: ":{"('0173-OV-2016', 0)":"30\/11\/2016"},"T\u00edtulo":{"('0173-OV-2016', 0)":"RESOLUCION REMITIDA POR LA AUDITORIA GENERAL DE LA NACION 109\/16, APROBANDO EL INFORME REFERIDO A LOS ESTADOS FINANCIEROS DEL EJERCICIO 2, FINALIZADO EL 31\/12\/2015, CORRESPONDIENTES AL PROGRAMA DE CONSOLIDACION DE LA GESTION CENTRALIZADA EN SALUD, EJECUTADO POR EL MINISTERIO DE DE SALUD, DE ACUERDO AL DOCUMENTO SUSCRITO EL 30\/7\/2014 ENTRE EL GOBIERNO ARGENTINO Y Y EL PNUD Y POSTERIORES REVISIONES, A FIN DE QUE ESTE ULTIMO BRINDE ASISTENCIA AL PROYECTO EN LAS GESTIONES NECESARIAS PARA SU EJECUCION."},"('Firmantes', 'FIRMANTE')":{"('0173-OV-2016', 0)":"PARLAMENTARIA MIXTA REVISORA DE CUENTAS"},"('Firmantes', 'DISTRITO')":{"('0173-OV-2016', 0)":null},"('Firmantes', 'BLOQUE')":{"('0173-OV-2016', 0)":null},"Sumario":{"('0173-OV-2016', 0)":"HABIENDO TOMADO CONOCIMIENTO Y SIN PERJUICIO DE ULTERIORES MEDIDAS QUE PUEDAN ADOPTARSE, SE ACONSEJA SU REMISION AL ARCHIVO."},"Palabra Clave":{"('0173-OV-2016', 0)":" "}}