{"Tipo de Proyecto":{"('0173-S-2016', 0)":"PROYECTO DE RESOLUCI\u00d3N","('0173-S-2016', 1)":null},"Iniciado en: ":{"('0173-S-2016', 0)":"Senado","('0173-S-2016', 1)":null},"Expediente Diputados: ":{"('0173-S-2016', 0)":"0173-S-2016","('0173-S-2016', 1)":null},"Expediente Senado: ":{"('0173-S-2016', 0)":"0294-OV-2014","('0173-S-2016', 1)":null},"Fecha: ":{"('0173-S-2016', 0)":"06\/07\/2015","('0173-S-2016', 1)":null},"T\u00edtulo":{"('0173-S-2016', 0)":"PEDIDO DE INFORMES AL PODER EJECUTIVO SOBRE RESOLUCION REMITIDA POR LA AUDITORIA GENERAL DE LA NACION 150\/14, APROBANDO EL INFORME DE AUDITORIA REFERIDO A LOS ESTADOS FINANCIEROS POR EL EJERCICIO FINALIZADO EL 31 DE DICIEMBRE DE 2013, CORRESPONDIENTES AL \"PROGRAMA DE COMPETITIVIDAD DEL NORTE GRANDE (PCNG)\"- CONTRATO DE PRESTAMO 2005\/OC-AR- BID.","('0173-S-2016', 1)":null},"('Firmantes', 'FIRMANTE')":{"('0173-S-2016', 0)":"PARLAMENTARIA MIXTA REVISORA DE CUENTAS","('0173-S-2016', 1)":null},"('Firmantes', 'DISTRITO')":{"('0173-S-2016', 0)":null,"('0173-S-2016', 1)":null},"('Firmantes', 'BLOQUE')":{"('0173-S-2016', 0)":null,"('0173-S-2016', 1)":null},"('Giros', 'COMISI\u00d3N')":{"('0173-S-2016', 0)":"PARLAMENTARIA MIXTA REVISORA DE CUENTAS","('0173-S-2016', 1)":null},"('Tramites', 'C\u00c1MARA')":{"('0173-S-2016', 0)":"Senado","('0173-S-2016', 1)":"Diputados"},"('Tramites', 'MOVIMIENTO')":{"('0173-S-2016', 0)":"CONSIDERACION Y APROBACION","('0173-S-2016', 1)":"PASA A DIPUTADOS -"},"('Tramites', 'FECHA')":{"('0173-S-2016', 0)":"02\/11\/2016","('0173-S-2016', 1)":null},"('Tramites', 'RESULTADO')":{"('0173-S-2016', 0)":"APROBADO","('0173-S-2016', 1)":null},"Link":{"('0173-S-2016', 0)":"http:\/\/www.senado.gov.ar\/parlamentario\/comisiones\/verExp\/294.14\/OV\/PR","('0173-S-2016', 1)":null},"Palabra Clave":{"('0173-S-2016', 0)":" ","('0173-S-2016', 1)":null}}