{"Tipo de Proyecto":{"('0174-D-2016', 0)":"PROYECTO DE LEY","('0174-D-2016', 1)":null},"Iniciado en: ":{"('0174-D-2016', 0)":"Diputados","('0174-D-2016', 1)":null},"Expediente Diputados: ":{"('0174-D-2016', 0)":"0174-D-2016","('0174-D-2016', 1)":null},"Publicado en: ":{"('0174-D-2016', 0)":"Tr\u00e1mite Parlamentario N\u00b0 2","('0174-D-2016', 1)":null},"Fecha: ":{"('0174-D-2016', 0)":"02\/03\/2016","('0174-D-2016', 1)":null},"T\u00edtulo":{"('0174-D-2016', 0)":"CODIGO PENAL DE LA NACION: MODIFICACION DEL ARTICULO 194, SOBRE OBSTACULIZACION DEL NORMAL FUNCIONAMIENTO DE LOS TRANSPORTES POR TIERRA, AGUA O AIRE O LOS SERVICIOS PUBLICOS DE COMUNICACION, DE PROVISION DE AGUA, DE ELECTRICIDAD O DE SUSTANCIAS ENERGETICAS.","('0174-D-2016', 1)":null},"('Firmantes', 'FIRMANTE')":{"('0174-D-2016', 0)":"TOMAS, HECTOR DANIEL","('0174-D-2016', 1)":"TOMASSI, NESTOR NICOLAS"},"('Firmantes', 'DISTRITO')":{"('0174-D-2016', 0)":"SAN JUAN","('0174-D-2016', 1)":"CATAMARCA"},"('Firmantes', 'BLOQUE')":{"('0174-D-2016', 0)":"FRENTE PARA LA VICTORIA - PJ","('0174-D-2016', 1)":"JUSTICIALISTA"},"('Giros', 'COMISI\u00d3N')":{"('0174-D-2016', 0)":"LEGISLACION PENAL","('0174-D-2016', 1)":null},"Link":{"('0174-D-2016', 0)":"https:\/\/www.hcdn.gob.ar\/proyectos\/textoCompleto.jsp?exp=0174-D-2016&tipo=LEY","('0174-D-2016', 1)":null},"Palabra Clave":{"('0174-D-2016', 0)":" ","('0174-D-2016', 1)":null}}