{"Tipo de Proyecto":{"('0174-S-2016', 0)":"PROYECTO DE LEY"},"Iniciado en: ":{"('0174-S-2016', 0)":"Senado"},"Expediente Senado: ":{"('0174-S-2016', 0)":"0174-S-2016"},"Publicado en: ":{"('0174-S-2016', 0)":"Diario de Asuntos Entrados N\u00b0 9"},"Fecha: ":{"('0174-S-2016', 0)":"02\/03\/2016"},"T\u00edtulo":{"('0174-S-2016', 0)":"REGIMEN DE PROTECCION INTEGRAL DE LOS ADULTOS MAYORES (REPRODUCCION DEL EXPEDIENTE 1983-S-14)."},"('Firmantes', 'FIRMANTE')":{"('0174-S-2016', 0)":"FELLNER, LILIANA BEATRIZ"},"('Firmantes', 'DISTRITO')":{"('0174-S-2016', 0)":"JUJUY"},"('Firmantes', 'BLOQUE')":{"('0174-S-2016', 0)":"FRENTE PARA LA VICTORIA - PJ"},"('Tramites', 'C\u00c1MARA')":{"('0174-S-2016', 0)":"Senado"},"('Tramites', 'MOVIMIENTO')":{"('0174-S-2016', 0)":"CAMBIO DE ORDEN DE LAS COMISIONES"},"('Tramites', 'FECHA')":{"('0174-S-2016', 0)":"19\/10\/2016"},"('Tramites', 'RESULTADO')":{"('0174-S-2016', 0)":null},"Sumario":{"('0174-S-2016', 0)":"OBJETO; DEFINICION; OBLIGACION; ENVEJECIMIENTO ACTIVO; AUTORIDAD DE APLICACION; CREACION DEL PLAN DE ACOMPA\u00d1AMIENTO Y PROTECCION DE LOS ADULTOS MAYORES; REGLAMENTACION; ORDEN PUBLICO."},"Palabra Clave":{"('0174-S-2016', 0)":" "}}