{"Tipo de Proyecto":{"('0327-OV-1994', 0)":"PROYECTO DE RESOLUCI\u00d3N"},"Iniciado en: ":{"('0327-OV-1994', 0)":"Senado"},"Expediente Senado: ":{"('0327-OV-1994', 0)":"0327-OV-1994"},"Fecha: ":{"('0327-OV-1994', 0)":"01\/03\/2001"},"T\u00edtulo":{"('0327-OV-1994', 0)":"DICTAMEN EN LAS RESOLUCIONES REMITIDAS POR LA AUDITORIA GENERAL DE LA NACION REFERIDA AL BANCO HIPOTECARIO NACIONAL."},"('Firmantes', 'FIRMANTE')":{"('0327-OV-1994', 0)":"PARLAMENTARIA MIXTA REVISORA DE CUENTAS"},"('Firmantes', 'DISTRITO')":{"('0327-OV-1994', 0)":null},"('Firmantes', 'BLOQUE')":{"('0327-OV-1994', 0)":null},"('Tramites', 'C\u00c1MARA')":{"('0327-OV-1994', 0)":"Senado"},"('Tramites', 'MOVIMIENTO')":{"('0327-OV-1994', 0)":"CONSIDERACION Y APROBACION (AL ARCHIVO)"},"('Tramites', 'FECHA')":{"('0327-OV-1994', 0)":"04\/04\/2001"},"('Tramites', 'RESULTADO')":{"('0327-OV-1994', 0)":"ARCHIVADO"},"Link":{"('0327-OV-1994', 0)":"http:\/\/www.senado.gov.ar\/parlamentario\/comisiones\/verExp\/327.94\/OV\/PR"},"Palabra Clave":{"('0327-OV-1994', 0)":" "}}