{"Tipo de Proyecto":{"('0002-S-2003', 0)":"COMUNICACION"},"Iniciado en: ":{"('0002-S-2003', 0)":"Senado"},"Expediente Senado: ":{"('0002-S-2003', 0)":"0002-S-2003"},"Publicado en: ":{"('0002-S-2003', 0)":"Diario de Asuntos Entrados N\u00b0 1"},"Fecha: ":{"('0002-S-2003', 0)":"03\/03\/2003"},"T\u00edtulo":{"('0002-S-2003', 0)":"PEDIDO DE INFORMES AL PODER EJECUTIVO SOBRE LA COMPENSACION PREVISTA PARA LOS BANCOS DEL SISTEMA FINANCIERO POR LOS EFECTOS DE LA  INDEXACION Y LOS AMPAROS."},"('Firmantes', 'FIRMANTE')":{"('0002-S-2003', 0)":"LESCANO, MARCELA FABIANA"},"('Firmantes', 'DISTRITO')":{"('0002-S-2003', 0)":"FORMOSA"},"('Firmantes', 'BLOQUE')":{"('0002-S-2003', 0)":"UCR"},"Link":{"('0002-S-2003', 0)":"http:\/\/www.senado.gov.ar\/parlamentario\/comisiones\/verExp\/2.03\/S\/PC"},"Palabra Clave":{"('0002-S-2003', 0)":" "}}