{"Tipo de Proyecto":{"('0003-S-2003', 0)":"PROYECTO DE RESOLUCI\u00d3N","('0003-S-2003', 1)":null,"('0003-S-2003', 2)":null,"('0003-S-2003', 3)":null,"('0003-S-2003', 4)":null},"Iniciado en: ":{"('0003-S-2003', 0)":"Senado","('0003-S-2003', 1)":null,"('0003-S-2003', 2)":null,"('0003-S-2003', 3)":null,"('0003-S-2003', 4)":null},"Expediente Diputados: ":{"('0003-S-2003', 0)":"0003-S-2003","('0003-S-2003', 1)":null,"('0003-S-2003', 2)":null,"('0003-S-2003', 3)":null,"('0003-S-2003', 4)":null},"Expediente Senado: ":{"('0003-S-2003', 0)":"0411-OV-2000","('0003-S-2003', 1)":null,"('0003-S-2003', 2)":null,"('0003-S-2003', 3)":null,"('0003-S-2003', 4)":null},"Publicado en: ":{"('0003-S-2003', 0)":"Diario de Asuntos Entrados N\u00b0 0","('0003-S-2003', 1)":null,"('0003-S-2003', 2)":null,"('0003-S-2003', 3)":null,"('0003-S-2003', 4)":null},"Fecha: ":{"('0003-S-2003', 0)":"16\/12\/2002","('0003-S-2003', 1)":null,"('0003-S-2003', 2)":null,"('0003-S-2003', 3)":null,"('0003-S-2003', 4)":null},"T\u00edtulo":{"('0003-S-2003', 0)":"RESOLUCION REMITIDA POR LA AUDITORIA GENERAL DE LA NACION SOBRE RELEVAMIENTO Y ANALISIS DEL BONO EN CHELINES AUSTRIACOS, TASA DE INTERES 9% ANUAL, CON VENCIMIENTO 18\/04\/2001, DENOMINADO ATS 1000, EN EL AMBITO DEL MINISTERIO DE ECONOMIA Y OBRAS Y SERVICIOS PUBLICOS.","('0003-S-2003', 1)":null,"('0003-S-2003', 2)":null,"('0003-S-2003', 3)":null,"('0003-S-2003', 4)":null},"('Firmantes', 'FIRMANTE')":{"('0003-S-2003', 0)":"PARLAMENTARIA MIXTA REVISORA DE CUENTAS","('0003-S-2003', 1)":null,"('0003-S-2003', 2)":null,"('0003-S-2003', 3)":null,"('0003-S-2003', 4)":null},"('Firmantes', 'DISTRITO')":{"('0003-S-2003', 0)":null,"('0003-S-2003', 1)":null,"('0003-S-2003', 2)":null,"('0003-S-2003', 3)":null,"('0003-S-2003', 4)":null},"('Firmantes', 'BLOQUE')":{"('0003-S-2003', 0)":null,"('0003-S-2003', 1)":null,"('0003-S-2003', 2)":null,"('0003-S-2003', 3)":null,"('0003-S-2003', 4)":null},"('Giros', 'COMISI\u00d3N')":{"('0003-S-2003', 0)":"PARLAMENTARIA MIXTA REVISORA DE CUENTAS","('0003-S-2003', 1)":null,"('0003-S-2003', 2)":null,"('0003-S-2003', 3)":null,"('0003-S-2003', 4)":null},"('Tramites', 'C\u00c1MARA')":{"('0003-S-2003', 0)":"Senado","('0003-S-2003', 1)":"Diputados","('0003-S-2003', 2)":"Diputados","('0003-S-2003', 3)":"Diputados","('0003-S-2003', 4)":"Diputados"},"('Tramites', 'MOVIMIENTO')":{"('0003-S-2003', 0)":"CONSIDERACION Y APROBACION","('0003-S-2003', 1)":"PASA A DIPUTADOS -","('0003-S-2003', 2)":"CONSIDERACION Y APROBACION","('0003-S-2003', 3)":"CONTESTACION DEL PODER EJECUTIVO NACIONAL - JEFE DE GABINETE DE MINISTROS - GIRADO A LA COMISION RESPECTIVA","('0003-S-2003', 4)":"CONTESTACION DEL PODER EJECUTIVO NACIONAL - JEFE DE GABINETE DE MINISTROS - GIRADO A LA COMISION RESPECTIVA"},"('Tramites', 'FECHA')":{"('0003-S-2003', 0)":"06\/03\/2003","('0003-S-2003', 1)":"13\/03\/2003","('0003-S-2003', 2)":"08\/05\/2003","('0003-S-2003', 3)":"30\/06\/2004","('0003-S-2003', 4)":"20\/10\/2004"},"('Tramites', 'RESULTADO')":{"('0003-S-2003', 0)":"APROBADO","('0003-S-2003', 1)":null,"('0003-S-2003', 2)":"APROBADO","('0003-S-2003', 3)":null,"('0003-S-2003', 4)":null},"Sumario":{"('0003-S-2003', 0)":"SOLICITUD AL PODER EJECUTIVO NACIONAL PARA QUE INFORME SOBRE LAS MEDIDAS DISPUESTAS EN ORDEN A LA SUPERACION DE LAS SITUACIONES OBSERVADAS POR LA AGN.","('0003-S-2003', 1)":null,"('0003-S-2003', 2)":null,"('0003-S-2003', 3)":null,"('0003-S-2003', 4)":null},"Palabra Clave":{"('0003-S-2003', 0)":" ","('0003-S-2003', 1)":null,"('0003-S-2003', 2)":null,"('0003-S-2003', 3)":null,"('0003-S-2003', 4)":null}}