{"Tipo de Proyecto":{"('0004-PE-2003', 0)":"MENSAJE NRO: 0540\/03","('0004-PE-2003', 1)":null,"('0004-PE-2003', 2)":null,"('0004-PE-2003', 3)":null},"Iniciado en: ":{"('0004-PE-2003', 0)":"Diputados","('0004-PE-2003', 1)":null,"('0004-PE-2003', 2)":null,"('0004-PE-2003', 3)":null},"Expediente Diputados: ":{"('0004-PE-2003', 0)":"0004-PE-2003","('0004-PE-2003', 1)":null,"('0004-PE-2003', 2)":null,"('0004-PE-2003', 3)":null},"Publicado en: ":{"('0004-PE-2003', 0)":"Tr\u00e1mite Parlamentario N\u00b0 8","('0004-PE-2003', 1)":null,"('0004-PE-2003', 2)":null,"('0004-PE-2003', 3)":null},"Fecha: ":{"('0004-PE-2003', 0)":"12\/03\/2003","('0004-PE-2003', 1)":null,"('0004-PE-2003', 2)":null,"('0004-PE-2003', 3)":null},"T\u00edtulo":{"('0004-PE-2003', 0)":"COMUNICACION DEL DECRETO 539\/03 POR EL CUAL SE PRORROGA LA VIGENCIA DEL DECRETO 1034\/01, SOBRE APORTES PATRONALES.","('0004-PE-2003', 1)":null,"('0004-PE-2003', 2)":null,"('0004-PE-2003', 3)":null},"('Firmantes', 'FIRMANTE')":{"('0004-PE-2003', 0)":"DUHALDE, EDUARDO ALBERTO","('0004-PE-2003', 1)":"ATANASOF, ALFREDO NESTOR","('0004-PE-2003', 2)":"LAVAGNA, ROBERTO","('0004-PE-2003', 3)":"GIANNETTASIO, GRACIELA MARIA"},"('Firmantes', 'DISTRITO')":{"('0004-PE-2003', 0)":null,"('0004-PE-2003', 1)":null,"('0004-PE-2003', 2)":null,"('0004-PE-2003', 3)":null},"('Firmantes', 'BLOQUE')":{"('0004-PE-2003', 0)":"PODER EJECUTIVO","('0004-PE-2003', 1)":"PODER EJECUTIVO","('0004-PE-2003', 2)":"PODER EJECUTIVO","('0004-PE-2003', 3)":"PODER EJECUTIVO"},"('Giros', 'COMISI\u00d3N')":{"('0004-PE-2003', 0)":"EDUCACION","('0004-PE-2003', 1)":"PRESUPUESTO Y HACIENDA","('0004-PE-2003', 2)":null,"('0004-PE-2003', 3)":null},"('Tramites', 'C\u00c1MARA')":{"('0004-PE-2003', 0)":"Diputados","('0004-PE-2003', 1)":null,"('0004-PE-2003', 2)":null,"('0004-PE-2003', 3)":null},"('Tramites', 'MOVIMIENTO')":{"('0004-PE-2003', 0)":"VER TRAMITE EN EXPEDIENTE 7309-D-06","('0004-PE-2003', 1)":null,"('0004-PE-2003', 2)":null,"('0004-PE-2003', 3)":null},"('Tramites', 'FECHA')":{"('0004-PE-2003', 0)":null,"('0004-PE-2003', 1)":null,"('0004-PE-2003', 2)":null,"('0004-PE-2003', 3)":null},"('Tramites', 'RESULTADO')":{"('0004-PE-2003', 0)":null,"('0004-PE-2003', 1)":null,"('0004-PE-2003', 2)":null,"('0004-PE-2003', 3)":null},"Sumario":{"('0004-PE-2003', 0)":"COMUNICACION DE DICTADO DEL MISMO.","('0004-PE-2003', 1)":null,"('0004-PE-2003', 2)":null,"('0004-PE-2003', 3)":null},"Palabra Clave":{"('0004-PE-2003', 0)":" ","('0004-PE-2003', 1)":null,"('0004-PE-2003', 2)":null,"('0004-PE-2003', 3)":null}}