{"Tipo de Proyecto":{"('0004-S-2003', 0)":"PROYECTO DE RESOLUCI\u00d3N","('0004-S-2003', 1)":null,"('0004-S-2003', 2)":null},"Iniciado en: ":{"('0004-S-2003', 0)":"Senado","('0004-S-2003', 1)":null,"('0004-S-2003', 2)":null},"Expediente Senado: ":{"('0004-S-2003', 0)":"0004-S-2003","('0004-S-2003', 1)":null,"('0004-S-2003', 2)":null},"Publicado en: ":{"('0004-S-2003', 0)":"Diario de Asuntos Entrados N\u00b0 1","('0004-S-2003', 1)":null,"('0004-S-2003', 2)":null},"Fecha: ":{"('0004-S-2003', 0)":"03\/03\/2003","('0004-S-2003', 1)":null,"('0004-S-2003', 2)":null},"T\u00edtulo":{"('0004-S-2003', 0)":"SOLICITAR AL PODER EJECUTIVO EL CUMPLIMIENTO DE LO DE NORMADO EN LA LEY SOBRE PROPIEDAD PARTICIPADA DE LOS EX AGENTES DE YACIMIENTOS PETROLIFEROS FISCALES (LEY 25471).","('0004-S-2003', 1)":null,"('0004-S-2003', 2)":null},"('Firmantes', 'FIRMANTE')":{"('0004-S-2003', 0)":"LOPEZ ARIAS, MARCELO EDUARDO","('0004-S-2003', 1)":null,"('0004-S-2003', 2)":null},"('Firmantes', 'DISTRITO')":{"('0004-S-2003', 0)":"SALTA","('0004-S-2003', 1)":null,"('0004-S-2003', 2)":null},"('Firmantes', 'BLOQUE')":{"('0004-S-2003', 0)":"JUSTICIALISTA","('0004-S-2003', 1)":null,"('0004-S-2003', 2)":null},"('Tramites', 'C\u00c1MARA')":{"('0004-S-2003', 0)":"Senado","('0004-S-2003', 1)":"Senado","('0004-S-2003', 2)":"Senado"},"('Tramites', 'MOVIMIENTO')":{"('0004-S-2003', 0)":"MOCION SOBRE TABLAS (AFIRMATIVA)","('0004-S-2003', 1)":"CONSIDERACION Y APROBACION CON MODIFICACIONES","('0004-S-2003', 2)":"CONTESTACION DEL PODER EJECUTIVO NACIONAL - GIRADO A LA COMISION RESPECTIVA"},"('Tramites', 'FECHA')":{"('0004-S-2003', 0)":"06\/03\/2003","('0004-S-2003', 1)":"06\/03\/2003","('0004-S-2003', 2)":null},"('Tramites', 'RESULTADO')":{"('0004-S-2003', 0)":null,"('0004-S-2003', 1)":"APROBADO","('0004-S-2003', 2)":null},"Link":{"('0004-S-2003', 0)":"http:\/\/www.senado.gov.ar\/parlamentario\/comisiones\/verExp\/4.03\/S\/PR","('0004-S-2003', 1)":null,"('0004-S-2003', 2)":null},"Palabra Clave":{"('0004-S-2003', 0)":" ","('0004-S-2003', 1)":null,"('0004-S-2003', 2)":null}}