{"Tipo de Proyecto":{"('0005-PE-2003', 0)":"MENSAJE NRO: 0558\/03","('0005-PE-2003', 1)":null,"('0005-PE-2003', 2)":null},"Iniciado en: ":{"('0005-PE-2003', 0)":"Diputados","('0005-PE-2003', 1)":null,"('0005-PE-2003', 2)":null},"Expediente Diputados: ":{"('0005-PE-2003', 0)":"0005-PE-2003","('0005-PE-2003', 1)":null,"('0005-PE-2003', 2)":null},"Publicado en: ":{"('0005-PE-2003', 0)":"Tr\u00e1mite Parlamentario N\u00b0 8","('0005-PE-2003', 1)":null,"('0005-PE-2003', 2)":null},"Fecha: ":{"('0005-PE-2003', 0)":"12\/03\/2003","('0005-PE-2003', 1)":null,"('0005-PE-2003', 2)":null},"T\u00edtulo":{"('0005-PE-2003', 0)":"COMUNICACION DEL DECRETO 541\/03 RELACIONADO CON EL ACTA DE ENTENDIMIENTO ENTRE LA REPUBLICA ARGENTINA Y EL REINO DE ESPA\u00d1A REFERIDO A LAS CONDICIONES Y MODALIDADES DE CONCESION DE UNA AYUDA FINANCIERA PARA ATENDER NECESIDADES URGENTES DE LA POBLACION.","('0005-PE-2003', 1)":null,"('0005-PE-2003', 2)":null},"('Firmantes', 'FIRMANTE')":{"('0005-PE-2003', 0)":"DUHALDE, EDUARDO ALBERTO","('0005-PE-2003', 1)":"LAVAGNA, ROBERTO","('0005-PE-2003', 2)":"ATANASOF, ALFREDO NESTOR"},"('Firmantes', 'DISTRITO')":{"('0005-PE-2003', 0)":null,"('0005-PE-2003', 1)":null,"('0005-PE-2003', 2)":null},"('Firmantes', 'BLOQUE')":{"('0005-PE-2003', 0)":"PODER EJECUTIVO","('0005-PE-2003', 1)":"PODER EJECUTIVO","('0005-PE-2003', 2)":"PODER EJECUTIVO"},"('Giros', 'COMISI\u00d3N')":{"('0005-PE-2003', 0)":"BICAMERAL PERMANENTE DE TRAMITE LEGISLATIVO - LEY 26122","('0005-PE-2003', 1)":null,"('0005-PE-2003', 2)":null},"('Tramites', 'C\u00c1MARA')":{"('0005-PE-2003', 0)":"Diputados","('0005-PE-2003', 1)":"Diputados","('0005-PE-2003', 2)":null},"('Tramites', 'MOVIMIENTO')":{"('0005-PE-2003', 0)":"SOLICITUD DEL PRESIDENTE DE LA COMISION BICAMERAL PERMANENTE DE TRAMITE LEGISLATIVO (LEY 26122) DE REMISION DEL EXPEDIENTE PARA SU ANALISIS (A LA PRESIDENCIA)","('0005-PE-2003', 1)":"EXPEDIENTE ORIGINALMENTE GIRADO A LA COMISION DE PRESUPUESTO Y HACIENDA; SE LO REMITE A LA COMISION BICAMERAL PERMANENTE DE TRAMITE LEGISLATIVO (LEY 26122)","('0005-PE-2003', 2)":null},"('Tramites', 'FECHA')":{"('0005-PE-2003', 0)":"18\/07\/2007","('0005-PE-2003', 1)":null,"('0005-PE-2003', 2)":null},"('Tramites', 'RESULTADO')":{"('0005-PE-2003', 0)":null,"('0005-PE-2003', 1)":null,"('0005-PE-2003', 2)":null},"Palabra Clave":{"('0005-PE-2003', 0)":" ","('0005-PE-2003', 1)":null,"('0005-PE-2003', 2)":null}}