{"Tipo de Proyecto":{"('0005-S-2003', 0)":"PROYECTO DE DECLARACI\u00d3N","('0005-S-2003', 1)":null},"Iniciado en: ":{"('0005-S-2003', 0)":"Senado","('0005-S-2003', 1)":null},"Expediente Senado: ":{"('0005-S-2003', 0)":"0005-S-2003","('0005-S-2003', 1)":null},"Publicado en: ":{"('0005-S-2003', 0)":"Diario de Asuntos Entrados N\u00b0 1","('0005-S-2003', 1)":null},"Fecha: ":{"('0005-S-2003', 0)":"03\/03\/2003","('0005-S-2003', 1)":null},"T\u00edtulo":{"('0005-S-2003', 0)":"HOMENAJE Y RECONOCIMIENTO A LA MUJER AL CELEBRARSE EL 8 DE MARZO EL DIA INTERNACIONAL DE LA MUJER.","('0005-S-2003', 1)":null},"('Firmantes', 'FIRMANTE')":{"('0005-S-2003', 0)":"NEGRE DE ALONSO, LILIANA T.","('0005-S-2003', 1)":null},"('Firmantes', 'DISTRITO')":{"('0005-S-2003', 0)":"SAN LUIS","('0005-S-2003', 1)":null},"('Firmantes', 'BLOQUE')":{"('0005-S-2003', 0)":"JUSTICIALISTA","('0005-S-2003', 1)":null},"('Tramites', 'C\u00c1MARA')":{"('0005-S-2003', 0)":"Senado","('0005-S-2003', 1)":"Senado"},"('Tramites', 'MOVIMIENTO')":{"('0005-S-2003', 0)":"MOCION SOBRE TABLAS (AFIRMATIVA) CONJUNTAMENTE PARA LOS EXPEDIENTES 3572-S-2002, 3604-S-2002, 3605-S-2002, 0005-S-2003, 0042-S-2003, 0032-S-2003, 0059-S-2003, 0068-S-2003, 0097-S-2003 y 0105-S-2003","('0005-S-2003', 1)":"CONSIDERACION Y APROBACION CON MODIFICACIONES CONJUNTAMENTE PARA LOS EXPEDIENTES 3572-S-2002, 3604-S-2002, 3605-S-2002, 0005-S-2003, 0042-S-2003, 0032-S-2003, 0059-S-2003, 0068-S-2003, 0097-S-2003 y 0105-S-2003"},"('Tramites', 'FECHA')":{"('0005-S-2003', 0)":"06\/03\/2003","('0005-S-2003', 1)":"06\/03\/2003"},"('Tramites', 'RESULTADO')":{"('0005-S-2003', 0)":null,"('0005-S-2003', 1)":"APROBADO"},"Link":{"('0005-S-2003', 0)":"http:\/\/www.senado.gov.ar\/parlamentario\/comisiones\/verExp\/5.03\/S\/PD","('0005-S-2003', 1)":null},"Palabra Clave":{"('0005-S-2003', 0)":" ","('0005-S-2003', 1)":null}}