{"Tipo de Proyecto":{"('0006-S-2003', 0)":"PROYECTO DE DECLARACI\u00d3N"},"Iniciado en: ":{"('0006-S-2003', 0)":"Senado"},"Expediente Senado: ":{"('0006-S-2003', 0)":"0006-S-2003"},"Publicado en: ":{"('0006-S-2003', 0)":"Diario de Asuntos Entrados N\u00b0 1"},"Fecha: ":{"('0006-S-2003', 0)":"03\/03\/2003"},"T\u00edtulo":{"('0006-S-2003', 0)":"DECLARAR DE INTERES PARLAMENTARIO LA EXPOCHACRA 2003."},"('Firmantes', 'FIRMANTE')":{"('0006-S-2003', 0)":"LATORRE, ROXANA"},"('Firmantes', 'DISTRITO')":{"('0006-S-2003', 0)":"SANTA FE"},"('Firmantes', 'BLOQUE')":{"('0006-S-2003', 0)":"JUSTICIALISTA"},"Link":{"('0006-S-2003', 0)":"http:\/\/www.senado.gov.ar\/parlamentario\/comisiones\/verExp\/6.03\/S\/PD"},"Palabra Clave":{"('0006-S-2003', 0)":" "}}