{"Tipo de Proyecto":{"('0006-PE-2003', 0)":"MENSAJE NRO: 0665\/03","('0006-PE-2003', 1)":null,"('0006-PE-2003', 2)":null},"Iniciado en: ":{"('0006-PE-2003', 0)":"Diputados","('0006-PE-2003', 1)":null,"('0006-PE-2003', 2)":null},"Expediente Diputados: ":{"('0006-PE-2003', 0)":"0006-PE-2003","('0006-PE-2003', 1)":null,"('0006-PE-2003', 2)":null},"Publicado en: ":{"('0006-PE-2003', 0)":"Tr\u00e1mite Parlamentario N\u00b0 14","('0006-PE-2003', 1)":null,"('0006-PE-2003', 2)":null},"Fecha: ":{"('0006-PE-2003', 0)":"20\/03\/2003","('0006-PE-2003', 1)":null,"('0006-PE-2003', 2)":null},"T\u00edtulo":{"('0006-PE-2003', 0)":"COMUNICACION DEL DECRETO 642\/03 POR EL CUAL SE SUSTITUYE EL ARTICULO 21 DEL DECRETO 375\/97, ORGANISMO REGULADOR DEL SISTEMA NACIONAL DE AEROPUERTOS - ORSNA -, SOBRE LAS FUNCIONES DEL PRESIDENTE DEL DIRECTORIO.","('0006-PE-2003', 1)":null,"('0006-PE-2003', 2)":null},"('Firmantes', 'FIRMANTE')":{"('0006-PE-2003', 0)":"DUHALDE, EDUARDO ALBERTO","('0006-PE-2003', 1)":"ATANASOF, ALFREDO NESTOR","('0006-PE-2003', 2)":"FERNANDEZ, ANIBAL"},"('Firmantes', 'DISTRITO')":{"('0006-PE-2003', 0)":null,"('0006-PE-2003', 1)":null,"('0006-PE-2003', 2)":null},"('Firmantes', 'BLOQUE')":{"('0006-PE-2003', 0)":"PODER EJECUTIVO","('0006-PE-2003', 1)":"PODER EJECUTIVO","('0006-PE-2003', 2)":"PODER EJECUTIVO"},"('Giros', 'COMISI\u00d3N')":{"('0006-PE-2003', 0)":"TRANSPORTES","('0006-PE-2003', 1)":"DEFENSA NACIONAL","('0006-PE-2003', 2)":"BICAMERAL PERMANENTE DE TRAMITE LEGISLATIVO - LEY 26122"},"Palabra Clave":{"('0006-PE-2003', 0)":" ","('0006-PE-2003', 1)":null,"('0006-PE-2003', 2)":null}}