{"Tipo de Proyecto":{"('0007-PE-2003', 0)":"MENSAJE NRO: 0663\/03","('0007-PE-2003', 1)":null,"('0007-PE-2003', 2)":null},"Iniciado en: ":{"('0007-PE-2003', 0)":"Diputados","('0007-PE-2003', 1)":null,"('0007-PE-2003', 2)":null},"Expediente Diputados: ":{"('0007-PE-2003', 0)":"0007-PE-2003","('0007-PE-2003', 1)":null,"('0007-PE-2003', 2)":null},"Publicado en: ":{"('0007-PE-2003', 0)":"Tr\u00e1mite Parlamentario N\u00b0 15","('0007-PE-2003', 1)":null,"('0007-PE-2003', 2)":null},"Fecha: ":{"('0007-PE-2003', 0)":"21\/03\/2003","('0007-PE-2003', 1)":null,"('0007-PE-2003', 2)":null},"T\u00edtulo":{"('0007-PE-2003', 0)":"COMUNICACION DEL DICTADO DEL DECRETO 662\/03, POR EL CUAL SE PRORROGA LA VIGENCIA DEL DECRETO 883\/02, SOBRE LA SUSPENSION  DE LOS DESPIDOS SIN CAUSA JUSTIFICADA Y DEMAS DISPOSICIONES DEL ARTICULO 16 DE LA LEY 25561, DE EMERGENCIA PUBLICA Y REFORMA DEL REGIMEN CAMBIARIO.","('0007-PE-2003', 1)":null,"('0007-PE-2003', 2)":null},"('Firmantes', 'FIRMANTE')":{"('0007-PE-2003', 0)":"DUHALDE, EDUARDO ALBERTO","('0007-PE-2003', 1)":"CAMA\u00d1O, GRACIELA","('0007-PE-2003', 2)":"ATANASOF, ALFREDO NESTOR"},"('Firmantes', 'DISTRITO')":{"('0007-PE-2003', 0)":null,"('0007-PE-2003', 1)":null,"('0007-PE-2003', 2)":null},"('Firmantes', 'BLOQUE')":{"('0007-PE-2003', 0)":"PODER EJECUTIVO","('0007-PE-2003', 1)":"PODER EJECUTIVO","('0007-PE-2003', 2)":"PODER EJECUTIVO"},"('Giros', 'COMISI\u00d3N')":{"('0007-PE-2003', 0)":"BICAMERAL DE SEGUIMIENTO DE FACULTADES DELEGADAS AL PODER EJECUTIVO NACIONAL - LEY 25561","('0007-PE-2003', 1)":null,"('0007-PE-2003', 2)":null},"Palabra Clave":{"('0007-PE-2003', 0)":" ","('0007-PE-2003', 1)":null,"('0007-PE-2003', 2)":null}}