{"Tipo de Proyecto":{"('0007-JGM-2003', 0)":"MENSAJE NRO: 0087\/03 Y PROYECTO DE LEY","('0007-JGM-2003', 1)":null,"('0007-JGM-2003', 2)":null,"('0007-JGM-2003', 3)":null,"('0007-JGM-2003', 4)":null,"('0007-JGM-2003', 5)":null,"('0007-JGM-2003', 6)":null,"('0007-JGM-2003', 7)":null,"('0007-JGM-2003', 8)":null,"('0007-JGM-2003', 9)":null},"Iniciado en: ":{"('0007-JGM-2003', 0)":"Diputados","('0007-JGM-2003', 1)":null,"('0007-JGM-2003', 2)":null,"('0007-JGM-2003', 3)":null,"('0007-JGM-2003', 4)":null,"('0007-JGM-2003', 5)":null,"('0007-JGM-2003', 6)":null,"('0007-JGM-2003', 7)":null,"('0007-JGM-2003', 8)":null,"('0007-JGM-2003', 9)":null},"Expediente Diputados: ":{"('0007-JGM-2003', 0)":"0007-JGM-2003","('0007-JGM-2003', 1)":null,"('0007-JGM-2003', 2)":null,"('0007-JGM-2003', 3)":null,"('0007-JGM-2003', 4)":null,"('0007-JGM-2003', 5)":null,"('0007-JGM-2003', 6)":null,"('0007-JGM-2003', 7)":null,"('0007-JGM-2003', 8)":null,"('0007-JGM-2003', 9)":null},"Expediente Senado: ":{"('0007-JGM-2003', 0)":"0104-CD-2003","('0007-JGM-2003', 1)":null,"('0007-JGM-2003', 2)":null,"('0007-JGM-2003', 3)":null,"('0007-JGM-2003', 4)":null,"('0007-JGM-2003', 5)":null,"('0007-JGM-2003', 6)":null,"('0007-JGM-2003', 7)":null,"('0007-JGM-2003', 8)":null,"('0007-JGM-2003', 9)":null},"Publicado en: ":{"('0007-JGM-2003', 0)":"Tr\u00e1mite Parlamentario N\u00b0 138","('0007-JGM-2003', 1)":null,"('0007-JGM-2003', 2)":null,"('0007-JGM-2003', 3)":null,"('0007-JGM-2003', 4)":null,"('0007-JGM-2003', 5)":null,"('0007-JGM-2003', 6)":null,"('0007-JGM-2003', 7)":null,"('0007-JGM-2003', 8)":null,"('0007-JGM-2003', 9)":null},"Fecha: ":{"('0007-JGM-2003', 0)":"16\/09\/2003","('0007-JGM-2003', 1)":null,"('0007-JGM-2003', 2)":null,"('0007-JGM-2003', 3)":null,"('0007-JGM-2003', 4)":null,"('0007-JGM-2003', 5)":null,"('0007-JGM-2003', 6)":null,"('0007-JGM-2003', 7)":null,"('0007-JGM-2003', 8)":null,"('0007-JGM-2003', 9)":null},"T\u00edtulo":{"('0007-JGM-2003', 0)":"PRESUPUESTO GENERAL DE LA ADMINISTRACION PUBLICA NACIONAL PARA EL EJERCICIO FISCAL DEL A\u00d1O 2004.","('0007-JGM-2003', 1)":null,"('0007-JGM-2003', 2)":null,"('0007-JGM-2003', 3)":null,"('0007-JGM-2003', 4)":null,"('0007-JGM-2003', 5)":null,"('0007-JGM-2003', 6)":null,"('0007-JGM-2003', 7)":null,"('0007-JGM-2003', 8)":null,"('0007-JGM-2003', 9)":null},"('Firmantes', 'FIRMANTE')":{"('0007-JGM-2003', 0)":"KIRCHNER, NESTOR CARLOS","('0007-JGM-2003', 1)":"FERNANDEZ, ALBERTO","('0007-JGM-2003', 2)":"LAVAGNA, ROBERTO","('0007-JGM-2003', 3)":null,"('0007-JGM-2003', 4)":null,"('0007-JGM-2003', 5)":null,"('0007-JGM-2003', 6)":null,"('0007-JGM-2003', 7)":null,"('0007-JGM-2003', 8)":null,"('0007-JGM-2003', 9)":null},"('Firmantes', 'DISTRITO')":{"('0007-JGM-2003', 0)":null,"('0007-JGM-2003', 1)":null,"('0007-JGM-2003', 2)":null,"('0007-JGM-2003', 3)":null,"('0007-JGM-2003', 4)":null,"('0007-JGM-2003', 5)":null,"('0007-JGM-2003', 6)":null,"('0007-JGM-2003', 7)":null,"('0007-JGM-2003', 8)":null,"('0007-JGM-2003', 9)":null},"('Firmantes', 'BLOQUE')":{"('0007-JGM-2003', 0)":"PODER EJECUTIVO","('0007-JGM-2003', 1)":"PODER EJECUTIVO","('0007-JGM-2003', 2)":"PODER EJECUTIVO","('0007-JGM-2003', 3)":null,"('0007-JGM-2003', 4)":null,"('0007-JGM-2003', 5)":null,"('0007-JGM-2003', 6)":null,"('0007-JGM-2003', 7)":null,"('0007-JGM-2003', 8)":null,"('0007-JGM-2003', 9)":null},"('Giros', 'COMISI\u00d3N')":{"('0007-JGM-2003', 0)":"PRESUPUESTO Y HACIENDA","('0007-JGM-2003', 1)":null,"('0007-JGM-2003', 2)":null,"('0007-JGM-2003', 3)":null,"('0007-JGM-2003', 4)":null,"('0007-JGM-2003', 5)":null,"('0007-JGM-2003', 6)":null,"('0007-JGM-2003', 7)":null,"('0007-JGM-2003', 8)":null,"('0007-JGM-2003', 9)":null},"('Tramites', 'C\u00c1MARA')":{"('0007-JGM-2003', 0)":"Diputados","('0007-JGM-2003', 1)":"Diputados","('0007-JGM-2003', 2)":"Diputados","('0007-JGM-2003', 3)":"Diputados","('0007-JGM-2003', 4)":"Diputados","('0007-JGM-2003', 5)":"Senado","('0007-JGM-2003', 6)":"Senado","('0007-JGM-2003', 7)":"Senado","('0007-JGM-2003', 8)":"Senado","('0007-JGM-2003', 9)":"Diputados"},"('Tramites', 'MOVIMIENTO')":{"('0007-JGM-2003', 0)":"CONSIDERACION EN GENERAL","('0007-JGM-2003', 1)":"CONTINUA CONSIDERACION Y APROBACION EN GENERAL","('0007-JGM-2003', 2)":"CONSIDERACION Y APROBACION CON MODIFICACIONES (VOTACIONES NOMINALES)","('0007-JGM-2003', 3)":"INSERCION DEL DIPUTADO L'HUILLIER","('0007-JGM-2003', 4)":"INSERCIONES DE LOS DIPUTADOS ROMERO, GONZALEZ, VITAR, COUREL, PERNASETTI, SELLARES, WALSH, CAFIERO, DIAZ BANCALARI, HERNANDEZ, LOZANO, SAVRON, DI LEO, MALDONADO, RODRIGUEZ Y PUIG DE STUBRIN, Y DEL BLOQUE DEL MOVIMIENTO NACIONAL Y POPULAR","('0007-JGM-2003', 5)":"PASA A SENADO -","('0007-JGM-2003', 6)":"MOCION SOBRE TABLAS (AFIRMATIVA)","('0007-JGM-2003', 7)":"CONSIDERACION Y SANCION","('0007-JGM-2003', 8)":"INSERCIONES DE LOS SENADORES BAGLINI, CAFIERO, VERNA, GOMEZ DIEZ Y NEGRE DE ALONSO","('0007-JGM-2003', 9)":"COMUNICACION DEL DECRETO 1290\/2003 del 18\/12\/2004 DE VETO PARCIAL Y PROMULGACION"},"('Tramites', 'FECHA')":{"('0007-JGM-2003', 0)":"12\/11\/2003","('0007-JGM-2003', 1)":"13\/11\/2003","('0007-JGM-2003', 2)":"13\/11\/2003","('0007-JGM-2003', 3)":"12\/11\/2003","('0007-JGM-2003', 4)":"13\/11\/2003","('0007-JGM-2003', 5)":null,"('0007-JGM-2003', 6)":"26\/11\/2003","('0007-JGM-2003', 7)":"26\/11\/2003","('0007-JGM-2003', 8)":"26\/11\/2003","('0007-JGM-2003', 9)":null},"('Tramites', 'RESULTADO')":{"('0007-JGM-2003', 0)":null,"('0007-JGM-2003', 1)":null,"('0007-JGM-2003', 2)":"MEDIA SANCION","('0007-JGM-2003', 3)":null,"('0007-JGM-2003', 4)":null,"('0007-JGM-2003', 5)":null,"('0007-JGM-2003', 6)":null,"('0007-JGM-2003', 7)":"SANCIONADO","('0007-JGM-2003', 8)":null,"('0007-JGM-2003', 9)":null},"Sumario":{"('0007-JGM-2003', 0)":"DISPOSICIONES GENERALES: FIJASE EN LA SUMA DE $ 59.708.631.204 LOS GASTOS CORRIENTES Y DE CAPITAL CON DESTINO A LAS FINALIDADES DE ADMINISTRACION GUBERNAMENTAL, SERVICIOS DE DEFENSA Y SEGURIDAD, SERVICIOS SOCIALES, SERVICIOS ECONOMICOS Y DEUDA PUBLICA; ESTIMASE EN LA SUMA DE $ 62.012.237.745 EL CALCULO DE RECURSOS DE LA ADMINISTRACION NACIONAL; FIJASE EN LA SUMA DE $ 11.670.279.150 LOS IMPORTES CORRESPONDIENTES A LOS GASTOS FIGURATIVOS PARA TRANSACCIONES CORRIENTES Y DE CAPITAL DE LA ADMINISTRACION NACIONAL; ESTIMASE EN $ 2.303.606.541 EL RESULTADO FINANCIERO SUPERAVITARIO; DISTRIBUCION DE CREDITOS; PROHIBICION DE APROBAR INCREMENTOS EN LOS CARGOS Y HORAS DE CATEDRA QUE EXCEDAN LOS TOTALES DETERMINADOS EN LAS PLANILLAS ANEXAS AL PRESENTE ARTICULO PARA CADA JURISDICCION, ORGANISMO DESCENTRALIZADO E INSTITUCION DE LA SEGURIDAD SOCIAL: EXCEPCIONES; PROHIBICION PARA LAS JURISDICCIONES Y ENTIDADES DE LA ADMINISTRACION NACIONAL DE OCUPAR CARGOS VACANTES FINANCIADOS EXISTENTES A LA FECHA DE SANCION DE LA PRESENTE LEY, SALVO DECISION FUNDADA DEL JEFE DE GABINETE DE MINISTROS: EXCEPCIONES; SUSTITUCION DEL ARTICULO 8 (INTEGRACION DEL SECTOR PUBLICO) DE LA LEY 24156 DE ADMINISTRACION FINANCIERA Y CONTROL DE GESTION DEL SECTOR PUBLICO NACIONAL; LOS IMPORTES QUE SE DETERMINAN POR APLICACION DEL ARTICULO 4 DEL CONVENIO DE TRANSFERENCIA PROGRESIVA DE COMPETENCIAS PENALES DE LA JUSTICIA NACIONAL AL PODER JUDICIAL DE LA CIUDAD AUTONOMA DE BUENOS AIRES, SUSCRITO EL 7 DE DICIEMBRE DE 2002 Y APROBADO POR LA LEY 25752, QUE SE LIQUIDARAN EN LOS TERMINOS DEL ARTICULO 8 DE LA LEY 23548 DE COPARTICIPACION FEDERAL DE IMPUESTOS, A FAVOR DEL GOBIERNO DE LA CIUDAD AUTONOMA DE BUENOS AIRES, COMPENSATORIOS DE LAS TRANSFERENCIAS DE FUNCIONES PREVISTAS, SERAN DETRAIDOS DE LOS RECURSOS QUE FINANCIAN LOS PRESUPUESTOS CORRESPONDIENTES AL PODER JUDICIAL DE LA NACION Y AL MINISTERIO PUBLICO DE LA NACION; DELEGACION DE FACULTADES: AUTORIZACION AL JEFE DE GABINETE DE MINISTROS A INTRODUCIR AMPLIACIONES EN CREDITOS PRESUPUESTARIOS Y A DISPONER REESTRUCTURACIONES; NORMAS SOBRE GASTOS: AUTORIZAR LA CONTRATACION DE OBRAS O ADQUISICION DE BIENES Y SERVICIOS CUYO PLAZO DE EJECUCION EXCEDA EL EJERCICIO 2004, CONFORME LO DISPUESTO EN EL ARTICULO 15 DE LA LEY 24156; FIJASE LA SUMA DE $ 2.028.750.193 COMO CREDITO TOTAL PARA LAS UNIVERSIDADES NACIONALES; DEJAR SIN EFECTO LO ESTABLECIDO EN EL ARTICULO 59 DE LA LEY 25565 (PRESUPUESTO 2002) EN LO REFERENTE A LA CANCELACION DE DEUDAS DEL INSTITUTO NACIONAL DE SERVICIOS SOCIALES PARA JUBILADOS Y PENSIONADOS (PAMI); ASIGNACION MAXIMA DE $ 2.415.000.000 PARA EL PROGRAMA DE FINANCIAMIENTO ORDENADO DE LAS FINANZAS PROVINCIALES; RATIFICACION DE LOS DECRETOS DE NECESIDAD Y URGENCIA 2263\/2002, 2737\/2002 Y 297\/2003; CONVALIDASE LA REGISTRACION EXTRAPRESUPUESTARIA INCLUIDA EN LA CUENTA DE INVERSION 2002, CORRESPONDIENTE A LOS PRESTAMOS CON DESTINO AL FONDO FIDUCIARIO PARA EL DESARROLLO PROVINCIAL EFECTUADOS EN EL MARCO DEL PROGRAMA DE FINANCIAMIENTO ORDENADO DE LAS FINANZAS PROVINCIALES; CONVALIDACION DE LA REGISTRACION EXTRAPRESUPUESTARIA POR LA SUMA DE $ 2.383.783.580, INCLUIDO EN LA CUENTA DE INVERSION DEL EJERCICIO 2002 ORIGINADO EN LA RECAUDACION TRIBUTARIA PERCIBIDA A TRAVES DE INSTRUMENTOS DE LA DEUDA PUBLICA Y SU CONSIGUIENTE RESCATE, POR EL PERIODO SEPTIEMBRE 2001 A SEPTIEMBRE 2002, EN VIRTUD DE LAS DISPOSICIONES DE LOS DECRETOS 424\/01 979\/01, 1005\/01 Y 1226\/01; CONVALIDACION DE LA REGISTRACION EXTRAPRESUPUESTARIA POR LA SUMA DE $ 16.183.544.262 INCLUIDA EN LA CUENTA DE INVERSION DEL EJERCICIO 2002, ORIGINADA EN EL RECONOCIMIENTO DE LA COMPENSACION A FAVOR DE ENTIDADES FINANCIERAS Y PARTICULARES DE LOS EFECTOS DE LA PESIFICACION ASIMETRICA, INSTRUMENTADA A TRAVES DE LA COLOCACION DE TITULOS DE LA DEUDA PUBLICA, DE ACUERDO CON LOS MONTOS REGISTRADOS AL MOMENTO DE CADA COLOCACION; INGRESO COMO CONTRIBUCION AL TESORO NACIONAL DE LA SUMA DE $ 399.642.678; FIJASE EN $ 3.814.000 EL MONTO DE LA TASA REGULATORIA SEGUN LO ESTABLECIDO EN EL ARTICULO 26 DE LA LEY 24804, LEY NACIONAL DE LA ACTIVIDAD NUCLEAR; LIMITASE AL 0.4 % (0.4 POR CIENTO) EL PORCENTAJE A QUE SE REFIERE EL INCISO A) DEL ARTICULO 2 DE LA LEY 25641 DE APORTES PARA EL INSTITUTO NACIONAL DE TECNOLOGIA AGROPECUARIA -INTA-; SUSPENSION DE LA INTEGRACION DEL FONDO ANTICICLICO FISCAL CREADO POR ARTICULO 9 DE LA LEY 25152 DE SOLVENCIA FISCAL; INCORPORACION DE ULTIMO PARRAFO AL ARTICULO 9 DE LA LEY 25152 (INVERSION DE RECURSOS); MODIFICACION DE LOS INCISOS A) Y B) DEL ARTICULO 74 DE LA LEY 25565 INCORPORADOS A LA LEY 11672, COMPLEMENTARIA PERMANENTE DEL PRESUPUESTO; EL PRODUCIDO DE LA VENTA DE BIENES MUEBLES E INMUEBLES SITUADOS EN EL EXTERIOR, PERTENECIENTES AL DOMINIO PRIVADO DE LA NACION Y ASIGNADOS EN USO AL MINISTERIO DE RELACIONES EXTERIORES, COMERCIO INTERNACIONAL Y CULTO SERA AFECTADO A LA ADQUISICION, EN EL MISMO AMBITO, DE BIENES INMUEBLES Y\/O SU CONSTRUCCION Y\/O EQUIPAMIENTO; FACULTAR A LA SECRETARIA DE HACIENDA DEPENDIENTE DEL MINISTERIO DE ECONOMIA Y PRODUCCION A DISPONER LA CANCELACION DE LAS DEUDAS DE LOS ORGANISMOS A QUE SE REFIERE EL ARTICULO 8 DE LA LEY 24156 DE CONTROL DE GESTION DEL SECTOR PUBLICO NACIONAL, QUE TUVIERAN CON EL TESORO NACIONAL A TRAVES DE LA AFECTACION DE LOS CREDITOS PRESUPUESTARIOS DESTINADOS AL PAGO DE LA DEUDA RECLAMADA Y LAS CUENTAS BANCARIAS DE CUALQUIER NATURALEZA DE LAS QUE SEAN TITULARES, A CUYOS EFECTOS LOS BANCOS OFICIALES, PRIVADOS O MIXTOS DISPONDRAN LA TRANSFERENCIA A FAVOR DE LA TESORERIA GENERAL DE LA NACION DE LOS IMPORTES RESPECTIVOS AL SOLO REQUERIMIENTO DE LA SECRETARIA DE HACIENDA; CUPO FISCAL: FIJAR EL CUPO ANUAL A QUE SE REFIERE EL ARTICULO 3 DE LA LEY 22317 EN LA SUMA DE $ 18.000.000 Y EL CUPO ANUAL A QUE SE REFIERE EL INCISO B) DEL ARTICULO 9 DE LA LEY 23877 EN LA SUMA DE $ 20.000.000; CANCELACION DE DEUDAS DE ORIGEN PREVISIONAL: ESTABLECER COMO LIMITE MAXIMO LA SUMA DE $ 129.842.694 DESTINADA AL PAGO DE SENTENCIAS JUDICIALES POR LA PARTE QUE CORRESPONDA ABONAR EN EFECTIVO, CORRESPONDIENTE AL PRINCIPAL, COMO CONSECUENCIA DE RETROACTIVOS ORIGINADOS EN AJUSTES PRACTICADOS EN LAS PRESTACIONES DEL REGIMEN PREVISIONAL PUBLICO A CARGO DE LA ADMINISTRACION NACIONAL DE LA SEGURIDAD SOCIAL Y LA SUMA DE $ 17.150.000 PARA LA ATENCION DE LAS DEUDAS PREVISIONALES CONSOLIDADAS CONFORME A LA LEY 25344 Y MODIFICATORIAS, SUJETAR LA CITADA CANCELACION A LA DISPONIBILIDAD DE RECURSOS OBSERVANDO ESTRICTAMENTE LOS SIGUIENTES ORDENES DE PRELACION: A) CANCELACION DE DEUDA CONSOLIDADA Y B) CANCELACION DE SENTENCIAS JUDICIALES; INCLUSION EN EL INCISO 7) (SERVICIO DE LA DEUDA Y DISMINUCION DE OTROS PASIVOS, DEL ORGANISMO 850 - ADMINISTRACION NACIONAL DE LA SEGURIDAD SOCIAL -, LA SUMA DE $ 700.000, PARA DAR CUMPLIMIENTO A LAS ACORDADAS 34\/91, 56\/91 Y 21\/97 DE LA CORTE SUPREMA DE JUSTICIA DE LA NACION Y AL DECRETO 2474\/85; ATENCION DE LA CANCELACION DE DEUDAS PREVISIONALES CONSOLIDADAS, DE ACUERDO CON LO DISPUESTO POR LA LEY 25344, ASI COMO DEL CUMPLIMIENTO DE SENTENCIAS JUDICIALES QUE ORDENEN EL PAGO DE RETROACTIVOS Y REAJUSTES DEL REGIMEN PREVISIONAL PUBLICO, POR LA PARTE QUE CORRESPONDA ABONAR MEDIANTE LA COLOCACION DE INSTRUMENTOS DE DEUDA PUBLICA, CON EL MONTO CORRESPONDIENTE A LA ADMINISTRACION NACIONAL DE LA SEGURIDAD SOCIAL DETERMINADO EN LA PLANILLA ANEXA AL ARTICULO 54 DE LA PRESENTE LEY, OBSERVANDOSE PARA SU PAGO LOS CRITERIOS DE PRELACION DISPUESTOS EN EL ARTICULO ANTERIOR; INCLUSION DE LA SUMA DE $ 50.000 PARA DAR CUMPLIMIENTO A LAS ACORDADAS 34\/91, 56\/91 Y 21\/97 DE LA CORTE SUPREMA DE JUSTICIA DE LA NACION Y AL DECRETO 2474\/85; EXCEPTUAR DEL ORDEN DE PRELACION ESTABLECIDO EN EL ARTICULO 38 DE LA PRESENTE LEY A AQUELLOS BENEFICIARIOS PREVISIONALES DE CUALQUIER EDAD QUE ACREDITEN PADECER UNA ENFERMEDAD GRAVE CUYO DESARROLLO PUEDA FRUSTAR LA PERCEPCION DE UN RETROACTIVO: COBRO DE LO ADEUDADO EN EFECTIVO Y EN UN SOLO PAGO; CANCELACION DE DEUDAS PREVISIONALES CONSOLIDADAS, DE ACUERDO CON LO DISPUESTO POR LA LEY 25344 Y MODIFICATORIAS, EN CUMPLIMIENTO DE SENTENCIAS JUDICIALES QUE ORDENEN EL PAGO DE RETROACTIVOS Y REAJUSTES POR LA PARTE QUE CORRESPONDA ABONAR MEDIANTE LA COLOCACION DE INSTRUMENTOS DE DEUDA PUBLICA A RETIRADOS Y PENSIONADOS DE LAS FUERZAS ARMADAS Y DE SEGURIDAD INCLUIDO EL SERVICIO PENITENCIARIO FEDERAL; ESTABLECER COMO LIMITE MAXIMO LA SUMA DE $ 101.964.000 DESTINADA AL PAGO DE SENTENCIAS JUDICIALES POR LA PARTE QUE CORRESPONDA ABONAR EN EFECTIVO POR TODO CONCEPTO, COMO CONSECUENCIA DE RETROACTIVOS ORIGINADOS EN AJUSTES PRACTICADOS EN LAS PRESTACIONES CORRESPONDIENTES A RETIRADOS Y PENSIONADOS DE LAS FUERZAS ARMADAS Y DE SEGURIDAD, INCLUIDO EL SERVICIO PENITENCIARIO FEDERAL DE ACUERDO CON EL SIGUIENTE DETALLE: INSTITUTO DE AYUDA FINANCIERA PARA EL PAGO DE RETIROS Y PENSIONES MILITARES: $ 50.909.000, CAJA DE RETIROS, JUBILACIONES Y PENSIONES DE LA POLICIA FEDERAL ARGENTINA: $ 45.343.000, SERVICIO PENITENCIARIO FEDERAL: $ 2.839.000, GENDARMERIA NACIONAL: $ 1.539.000 Y PREFECTURA NAVAL ARGENTINA: $ 1.332.000; ESTABLECER QUE LA PARTICIPACION DEL INSTITUTO DE AYUDA FINANCIERA PARA PAGO DE RETIROS Y PENSIONES MILITARES NO PODRA SER INFERIOR AL 41 % (CUARENTA Y UNO POR CIENTO) DEL COSTO DE LOS HABERES REMUNERATIVOS DE RETIRO, INDEMNIZATORIOS Y DE PENSION DE LOS BENEFICIARIOS; EL OTORGAMIENTO DE NUEVAS PENSIONES NO CONTRIBUTIVAS QUEDARA SUPEDITADO A UNA BAJA EQUIVALENTE EN LOS BENEFICIOS OTORGADOS DENTRO DE LOS CREDITOS ASIGNADOS POR LA PRESENTE LEY; EXCEPTUASE EL OTORGAMIENTO DE NUEVAS PENSIONES A LA VEJEZ (DECRETO 852\/2003); MONTO MAXIMO DE PENSIONES GRACIABLES; OPERACIONES DE CREDITO PUBLICO; DIFERIMIENTO DE LOS PAGOS DE LOS SERVICIOS DE LA DEUDA PUBLICA CONTRAIDA CON ANTERIORIDAD AL 31\/12\/2001, EXCEPCIONES; AUTORIZACION AL PODER EJECUTIVO A REESTRUCTURAR LA DEUDA PUBLICA A FIN DE ADECUAR LOS SERVICIOS DE LA MISMA A LAS POSIBILIDADES DE PAGO DEL ESTADO NACIONAL EN EL MEDIANO Y LARGO PLAZO, INFORME TRIMESTRAL AL CONGRESO DE LA NACION DEL AVANCE DE LAS TRATATIVAS Y LOS ACUERDOS A LOS QUE SE ARRIBE DURANTE EL PROCESO DE NEGOCIACION; AUTORIZACION AL PODER EJECUTIVO A NEGOCIAR LA REESTRUCTURACION DE LAS DEUDAS CON ACREEDORES OFICIALES DEL EXTERIOR QUE LAS PROVINCIAS LE ENCOMIENDEN; LAS OBLIGACIONES CONSOLIDADAS EN LOS TERMINOS DE LAS LEYES 23982 Y 25344, CUYO RECONOCIMIENTO EN SEDE JUDICIAL O ADMINISTRATIVA HUBIERA OPERADO CON ANTERIORIDAD AL 31 DE DICIEMBRE DE 2001 SERAN ATENDIDAS MIENTRAS DURE EL PROCESO DE REESTRUCTURACION REFERIDO EN EL ARTICULO 50 DE LA PRESENTE LEY MEDIANTE LA ENTREGA DE BONOS DE CONSOLIDACION ALUDIDOS EN EL ARTICULO 9 DEL DECRETO 1873\/02; LOS ACREEDORES COMPRENDIDOS EN EL PRESENTE PARRAFO, EXCEPTO LOS QUE SE ENCUENTREN ALCANZADOS POR LA LEY 25344, PODRAN HACER USO DE LA SUSPENSION DEL COBRO DE SUS ACREENCIAS DE ACUERDO CON EL ARTICULO 11 DEL DECRETO 1873\/02; FIJASE EN $ 2.900.000.000 EL IMPORTE MAXIMO DE COLOCACION DE BONOS DE CONSOLIDACION Y DE BONOS DE CONSOLIDACION DE DEUDAS PREVISIONALES, EN TODAS SUS SERIES VIGENTES, PARA EL PAGO DE LAS OBLIGACIONES CONTEMPLADAS EN EL ARTICULO 2, INCISO F) DE LA LEY 25152, LAS ALCANZADAS POR EL DECRETO 1318\/98 Y LAS REFERIDAS EN EL ARTICULO 22 DE LA LEY 25344, SUSTITUIDO POR EL ARTICULO 51 DE LA LEY 25725; FACULTASE AL MINISTERIO DE ECONOMIA Y PRODUCCION A LA EMISION Y COLOCACION DE LOS TITULOS DE LA DEUDA PUBLICA \"BONOS DE CONSOLIDACION - SEXTA SERIE\" Y \"BONOS DE CONSOLIDACION DE DEUDAS PREVISIONALES - CUARTA SERIE\", CARACTERISTICAS; FIJAR EN LA SUMA DE $ 2.500.000.000 Y EN LA SUMA DE $ 500.000.000 LOS MONTOS MAXIMOS DE AUTORIZACION A LA TESORERIA GENERAL DE LA NACION Y A LA ADMINISTRACION NACIONAL DE LA SEGURIDAD SOCIAL, RESPECTIVAMENTE, PARA HACER USO, TRANSITORIAMENTE, DEL CREDITO A CORTO PLAZO A QUE SE REFIEREN LOS ARTICULOS 82 Y 83 DE LA LEY 24156; INCLUSION DE LA SUMA DE $ 18.000.000 DENTRO DEL MONTO AUTORIZADO PARA LA JURISDICCION 90 (SERVICIO DE LA DEUDA PUBLICA) DESTINADA A LA ATENCION DE LAS DEUDAS REFERIDAS EN LOS INCISOS B) Y C) DEL ARTICULO 7 DE LA LEY 23982 DE CONSOLIDACION DE DEUDAS PREVISIONALES; CADUCIDAD DE DERECHOS Y PRESCRIPCION DE LAS ACCIONES PARA PETICIONAR CREDITOS CONTRA EL ESTADO NACIONAL EL 30 DE JUNIO DE 2004; RATIFICACION DE LOS DECRETOS DE NECESIDAD Y URGENCIA 905\/2002, 1836\/2002, 1873\/2002, 2167\/2002, 739\/2003 Y 530\/2003; MODIFICACION DEL ARTICULO 63 DE LA LEY 11672, COMPLEMENTARIA PERMANENTE DE PRESUPUESTO (TEXTO ORDENADO 1999), INCORPORACION DEL ARTICULO 53 DE LA LEY 25725 Y LOS ARTICULOS 9, 10, 18, 22, 32, 34, 35, 62 Y 63 A LA LEY 11672; PLANILLAS ANEXAS.","('0007-JGM-2003', 1)":null,"('0007-JGM-2003', 2)":null,"('0007-JGM-2003', 3)":null,"('0007-JGM-2003', 4)":null,"('0007-JGM-2003', 5)":null,"('0007-JGM-2003', 6)":null,"('0007-JGM-2003', 7)":null,"('0007-JGM-2003', 8)":null,"('0007-JGM-2003', 9)":null},"Palabra Clave":{"('0007-JGM-2003', 0)":" ","('0007-JGM-2003', 1)":null,"('0007-JGM-2003', 2)":null,"('0007-JGM-2003', 3)":null,"('0007-JGM-2003', 4)":null,"('0007-JGM-2003', 5)":null,"('0007-JGM-2003', 6)":null,"('0007-JGM-2003', 7)":null,"('0007-JGM-2003', 8)":null,"('0007-JGM-2003', 9)":null}}