{"Tipo de Proyecto":{"('0010-S-2003', 0)":"PROYECTO DE DECLARACI\u00d3N"},"Iniciado en: ":{"('0010-S-2003', 0)":"Senado"},"Expediente Senado: ":{"('0010-S-2003', 0)":"0010-S-2003"},"Publicado en: ":{"('0010-S-2003', 0)":"Diario de Asuntos Entrados N\u00b0 1"},"Fecha: ":{"('0010-S-2003', 0)":"03\/03\/2003"},"T\u00edtulo":{"('0010-S-2003', 0)":"HOMENAJE A JOSE MARTI AL CUMPLIRSE EL 28 DE ENERO UN NUEVO ANIVERSARIO DE SU NACIMIENTO."},"('Firmantes', 'FIRMANTE')":{"('0010-S-2003', 0)":"ESCUDERO, SONIA MARGARITA"},"('Firmantes', 'DISTRITO')":{"('0010-S-2003', 0)":"SALTA"},"('Firmantes', 'BLOQUE')":{"('0010-S-2003', 0)":"JUSTICIALISTA"},"('Tramites', 'C\u00c1MARA')":{"('0010-S-2003', 0)":"Senado"},"('Tramites', 'MOVIMIENTO')":{"('0010-S-2003', 0)":"CONSIDERACION Y APROBACION CONJUNTAMENTE PARA LOS EXPEDIENTES 0010-S-2003 y 0211-S-2003"},"('Tramites', 'FECHA')":{"('0010-S-2003', 0)":"02\/07\/2003"},"('Tramites', 'RESULTADO')":{"('0010-S-2003', 0)":"APROBADO"},"Link":{"('0010-S-2003', 0)":"http:\/\/www.senado.gov.ar\/parlamentario\/comisiones\/verExp\/10.03\/S\/PD"},"Palabra Clave":{"('0010-S-2003', 0)":" "}}