{"Tipo de Proyecto":{"('0011-S-2003', 0)":"PROYECTO DE RESOLUCI\u00d3N","('0011-S-2003', 1)":null,"('0011-S-2003', 2)":null,"('0011-S-2003', 3)":null},"Iniciado en: ":{"('0011-S-2003', 0)":"Senado","('0011-S-2003', 1)":null,"('0011-S-2003', 2)":null,"('0011-S-2003', 3)":null},"Expediente Senado: ":{"('0011-S-2003', 0)":"0011-S-2003","('0011-S-2003', 1)":null,"('0011-S-2003', 2)":null,"('0011-S-2003', 3)":null},"Publicado en: ":{"('0011-S-2003', 0)":"Diario de Asuntos Entrados N\u00b0 1","('0011-S-2003', 1)":null,"('0011-S-2003', 2)":null,"('0011-S-2003', 3)":null},"Fecha: ":{"('0011-S-2003', 0)":"03\/03\/2003","('0011-S-2003', 1)":null,"('0011-S-2003', 2)":null,"('0011-S-2003', 3)":null},"T\u00edtulo":{"('0011-S-2003', 0)":"INVITAR A LA COMUNIDAD INTERNACIONAL A FIN DE QUE ENVIEN 'VEEDORES' PARA OBSERVAR EL PROCESO ELECTORAL DEL 27 DE ABRIL.","('0011-S-2003', 1)":null,"('0011-S-2003', 2)":null,"('0011-S-2003', 3)":null},"('Firmantes', 'FIRMANTE')":{"('0011-S-2003', 0)":"MAZA, ADA MERCEDES","('0011-S-2003', 1)":"DANIELE, MARIO DOMINGO","('0011-S-2003', 2)":"CAPARROS, MABEL LUISA","('0011-S-2003', 3)":"GOMEZ DE BERTONE, DEOLIDE CARMEN"},"('Firmantes', 'DISTRITO')":{"('0011-S-2003', 0)":"LA RIOJA","('0011-S-2003', 1)":"TIERRA DEL FUEGO","('0011-S-2003', 2)":"TIERRA DEL FUEGO","('0011-S-2003', 3)":"LA PAMPA"},"('Firmantes', 'BLOQUE')":{"('0011-S-2003', 0)":"JUSTICIALISTA","('0011-S-2003', 1)":"JUSTICIALISTA","('0011-S-2003', 2)":"JUSTICIALISTA","('0011-S-2003', 3)":"JUSTICIALISTA"},"Link":{"('0011-S-2003', 0)":"http:\/\/www.senado.gov.ar\/parlamentario\/comisiones\/verExp\/11.03\/S\/PR","('0011-S-2003', 1)":null,"('0011-S-2003', 2)":null,"('0011-S-2003', 3)":null},"Palabra Clave":{"('0011-S-2003', 0)":" ","('0011-S-2003', 1)":null,"('0011-S-2003', 2)":null,"('0011-S-2003', 3)":null}}