{"Tipo de Proyecto":{"('0014-S-2003', 0)":"PROYECTO DE LEY"},"Iniciado en: ":{"('0014-S-2003', 0)":"Senado"},"Expediente Senado: ":{"('0014-S-2003', 0)":"0014-S-2003"},"Publicado en: ":{"('0014-S-2003', 0)":"Diario de Asuntos Entrados N\u00b0 2"},"Fecha: ":{"('0014-S-2003', 0)":"04\/03\/2003"},"T\u00edtulo":{"('0014-S-2003', 0)":"DEROGACION DE LOS DECRETOS DE NECESIDAD Y URGENCIA 2437\/2002, 120\/2003 Y 146\/2003 (AUMENTO DE TARIFAS DE SERVICIOS PUBLICOS DE GAS Y ENERGIA ELECTRICA)."},"('Firmantes', 'FIRMANTE')":{"('0014-S-2003', 0)":"CAPARROS, MABEL LUISA"},"('Firmantes', 'DISTRITO')":{"('0014-S-2003', 0)":"TIERRA DEL FUEGO"},"('Firmantes', 'BLOQUE')":{"('0014-S-2003', 0)":"JUSTICIALISTA"},"Link":{"('0014-S-2003', 0)":"http:\/\/www.senado.gov.ar\/parlamentario\/comisiones\/verExp\/14.03\/S\/PL"},"Palabra Clave":{"('0014-S-2003', 0)":" "}}