{"Tipo de Proyecto":{"('0014-PE-2003', 0)":"MENSAJE NRO: 0667\/03","('0014-PE-2003', 1)":null,"('0014-PE-2003', 2)":null},"Iniciado en: ":{"('0014-PE-2003', 0)":"Diputados","('0014-PE-2003', 1)":null,"('0014-PE-2003', 2)":null},"Expediente Diputados: ":{"('0014-PE-2003', 0)":"0014-PE-2003","('0014-PE-2003', 1)":null,"('0014-PE-2003', 2)":null},"Publicado en: ":{"('0014-PE-2003', 0)":"Tr\u00e1mite Parlamentario N\u00b0 22","('0014-PE-2003', 1)":null,"('0014-PE-2003', 2)":null},"Fecha: ":{"('0014-PE-2003', 0)":"02\/04\/2003","('0014-PE-2003', 1)":null,"('0014-PE-2003', 2)":null},"T\u00edtulo":{"('0014-PE-2003', 0)":"COMUNICACION DEL DECRETO 490\/03 RELACIONADO CON LA LEY 25561, DE EMERGENCIA PUBLICA Y EN LOS TERMINOS DE LA LEY 19640, DE REGIMEN FISCAL Y ADUANERO PARA LA ZONA DE LA PROVINCIA DE TIERRA DEL FUEGO, ANTARTIDA E ISLAS DEL ATLANTICO SUR.","('0014-PE-2003', 1)":null,"('0014-PE-2003', 2)":null},"('Firmantes', 'FIRMANTE')":{"('0014-PE-2003', 0)":"DUHALDE, EDUARDO ALBERTO","('0014-PE-2003', 1)":"ATANASOF, ALFREDO NESTOR","('0014-PE-2003', 2)":"FERNANDEZ, ANIBAL"},"('Firmantes', 'DISTRITO')":{"('0014-PE-2003', 0)":null,"('0014-PE-2003', 1)":null,"('0014-PE-2003', 2)":null},"('Firmantes', 'BLOQUE')":{"('0014-PE-2003', 0)":"PODER EJECUTIVO","('0014-PE-2003', 1)":"PODER EJECUTIVO","('0014-PE-2003', 2)":"PODER EJECUTIVO"},"('Giros', 'COMISI\u00d3N')":{"('0014-PE-2003', 0)":"BICAMERAL DE SEGUIMIENTO DE FACULTADES DELEGADAS AL PODER EJECUTIVO NACIONAL - LEY 25561","('0014-PE-2003', 1)":null,"('0014-PE-2003', 2)":null},"Palabra Clave":{"('0014-PE-2003', 0)":" ","('0014-PE-2003', 1)":null,"('0014-PE-2003', 2)":null}}