{"Tipo de Proyecto":{"('0015-S-2003', 0)":"PROYECTO DE LEY"},"Iniciado en: ":{"('0015-S-2003', 0)":"Senado"},"Expediente Senado: ":{"('0015-S-2003', 0)":"0015-S-2003"},"Publicado en: ":{"('0015-S-2003', 0)":"Diario de Asuntos Entrados N\u00b0 2"},"Fecha: ":{"('0015-S-2003', 0)":"04\/03\/2003"},"T\u00edtulo":{"('0015-S-2003', 0)":"REGIMEN JUBILATORIO PARA DOCENTES DE ESCUELAS DE FRONTERA Y ENSE\u00d1ANZA DIFERENCIADA."},"('Firmantes', 'FIRMANTE')":{"('0015-S-2003', 0)":"LOPEZ ARIAS, MARCELO EDUARDO"},"('Firmantes', 'DISTRITO')":{"('0015-S-2003', 0)":"SALTA"},"('Firmantes', 'BLOQUE')":{"('0015-S-2003', 0)":"JUSTICIALISTA"},"Sumario":{"('0015-S-2003', 0)":"DERECHO SIN LIMITE DE EDAD Y ACREDITACION DE VEINTICINCO (25) A\u00d1OS DE SERVICIOS."},"Palabra Clave":{"('0015-S-2003', 0)":" "}}