{"Tipo de Proyecto":{"('0015-PE-2003', 0)":"MENSAJE NRO: 0747\/03","('0015-PE-2003', 1)":null,"('0015-PE-2003', 2)":null},"Iniciado en: ":{"('0015-PE-2003', 0)":"Diputados","('0015-PE-2003', 1)":null,"('0015-PE-2003', 2)":null},"Expediente Diputados: ":{"('0015-PE-2003', 0)":"0015-PE-2003","('0015-PE-2003', 1)":null,"('0015-PE-2003', 2)":null},"Publicado en: ":{"('0015-PE-2003', 0)":"Tr\u00e1mite Parlamentario N\u00b0 22","('0015-PE-2003', 1)":null,"('0015-PE-2003', 2)":null},"Fecha: ":{"('0015-PE-2003', 0)":"02\/04\/2003","('0015-PE-2003', 1)":null,"('0015-PE-2003', 2)":null},"T\u00edtulo":{"('0015-PE-2003', 0)":"COMUNICACION DEL DECRETO 746\/03, POR EL CUAL SE DEROGA EL ARTICULO 52 DEL DECRETO 1387\/01, SOBRE MODIFICACION DEL ARTICULO 823, DEL CODIGO CIVIL SOBRE COMPENSACION DE CREDITOS DE LOS PARTICULARES PROVENIENTES DE TITULOS DE LA DEUDA PUBLICA.","('0015-PE-2003', 1)":null,"('0015-PE-2003', 2)":null},"('Firmantes', 'FIRMANTE')":{"('0015-PE-2003', 0)":"DUHALDE, EDUARDO ALBERTO","('0015-PE-2003', 1)":"ATANASOF, ALFREDO NESTOR","('0015-PE-2003', 2)":"LAVAGNA, ROBERTO"},"('Firmantes', 'DISTRITO')":{"('0015-PE-2003', 0)":null,"('0015-PE-2003', 1)":null,"('0015-PE-2003', 2)":null},"('Firmantes', 'BLOQUE')":{"('0015-PE-2003', 0)":"PODER EJECUTIVO","('0015-PE-2003', 1)":"PODER EJECUTIVO","('0015-PE-2003', 2)":"PODER EJECUTIVO"},"('Giros', 'COMISI\u00d3N')":{"('0015-PE-2003', 0)":"BICAMERAL DE SEGUIMIENTO DE FACULTADES DELEGADAS AL PODER EJECUTIVO NACIONAL - LEY 25561","('0015-PE-2003', 1)":null,"('0015-PE-2003', 2)":null},"Palabra Clave":{"('0015-PE-2003', 0)":" ","('0015-PE-2003', 1)":null,"('0015-PE-2003', 2)":null}}