{"Tipo de Proyecto":{"('0017-S-2003', 0)":"PROYECTO DE RESOLUCI\u00d3N","('0017-S-2003', 1)":null},"Iniciado en: ":{"('0017-S-2003', 0)":"Senado","('0017-S-2003', 1)":null},"Expediente Senado: ":{"('0017-S-2003', 0)":"0017-S-2003","('0017-S-2003', 1)":null},"Publicado en: ":{"('0017-S-2003', 0)":"Diario de Asuntos Entrados N\u00b0 2","('0017-S-2003', 1)":null},"Fecha: ":{"('0017-S-2003', 0)":"04\/03\/2003","('0017-S-2003', 1)":null},"T\u00edtulo":{"('0017-S-2003', 0)":"INSISTIR EN LA SANCION ORIGINAL DEL ARTICULO 65 (FONDO DE INCENTIVO DOCENTE)  DE LA LEY 25725 DE PRESUPUESTO 2003, QUE FUERA VETADO POR EL PODER EJECUTIVO.","('0017-S-2003', 1)":null},"('Firmantes', 'FIRMANTE')":{"('0017-S-2003', 0)":"YOMA, JORGE RAUL","('0017-S-2003', 1)":"BUSTI, JORGE PEDRO"},"('Firmantes', 'DISTRITO')":{"('0017-S-2003', 0)":"LA RIOJA","('0017-S-2003', 1)":"ENTRE RIOS"},"('Firmantes', 'BLOQUE')":{"('0017-S-2003', 0)":"JUSTICIALISTA","('0017-S-2003', 1)":"JUSTICIALISTA"},"Link":{"('0017-S-2003', 0)":"http:\/\/www.senado.gov.ar\/parlamentario\/comisiones\/verExp\/17.03\/S\/PR","('0017-S-2003', 1)":null},"Palabra Clave":{"('0017-S-2003', 0)":" ","('0017-S-2003', 1)":null}}