{"Tipo de Proyecto":{"('0019-S-2003', 0)":"COMUNICACION"},"Iniciado en: ":{"('0019-S-2003', 0)":"Senado"},"Expediente Senado: ":{"('0019-S-2003', 0)":"0019-S-2003"},"Publicado en: ":{"('0019-S-2003', 0)":"Diario de Asuntos Entrados N\u00b0 2"},"Fecha: ":{"('0019-S-2003', 0)":"04\/03\/2003"},"T\u00edtulo":{"('0019-S-2003', 0)":"ADHESION A LOS FESTEJOS DEL CENTENARIO DE LA LLEGADA DEL PRIMER DOCENTE A LA COMUNIDAD MAPUCHE DE COLONIA CUSHAMEN, PROVINCIA DE CHUBUT."},"('Firmantes', 'FIRMANTE')":{"('0019-S-2003', 0)":"ESCUDERO, SONIA MARGARITA"},"('Firmantes', 'DISTRITO')":{"('0019-S-2003', 0)":"SALTA"},"('Firmantes', 'BLOQUE')":{"('0019-S-2003', 0)":"JUSTICIALISTA"},"('Tramites', 'C\u00c1MARA')":{"('0019-S-2003', 0)":"Senado"},"('Tramites', 'MOVIMIENTO')":{"('0019-S-2003', 0)":"CONSIDERACION Y APROBACION"},"('Tramites', 'FECHA')":{"('0019-S-2003', 0)":"23\/07\/2003"},"('Tramites', 'RESULTADO')":{"('0019-S-2003', 0)":"APROBADO"},"Link":{"('0019-S-2003', 0)":"http:\/\/www.senado.gov.ar\/parlamentario\/comisiones\/verExp\/19.03\/S\/PC"},"Palabra Clave":{"('0019-S-2003', 0)":" "}}