{"Tipo de Proyecto":{"('0019-PE-2003', 0)":"MENSAJE NRO: 0906\/03","('0019-PE-2003', 1)":null,"('0019-PE-2003', 2)":null},"Iniciado en: ":{"('0019-PE-2003', 0)":"Diputados","('0019-PE-2003', 1)":null,"('0019-PE-2003', 2)":null},"Expediente Diputados: ":{"('0019-PE-2003', 0)":"0019-PE-2003","('0019-PE-2003', 1)":null,"('0019-PE-2003', 2)":null},"Publicado en: ":{"('0019-PE-2003', 0)":"Tr\u00e1mite Parlamentario N\u00b0 32","('0019-PE-2003', 1)":null,"('0019-PE-2003', 2)":null},"Fecha: ":{"('0019-PE-2003', 0)":"16\/04\/2003","('0019-PE-2003', 1)":null,"('0019-PE-2003', 2)":null},"T\u00edtulo":{"('0019-PE-2003', 0)":"COMUNICACION DEL DICTADO DEL DECRETO 905\/03 POR EL CUAL SE INCREMENTA A PARTIR DEL 1 DE MAYO Y HASTA EL 31 DE DICIEMBRE DE 2003 EL MONTO DE LA ASIGNACION NO REMUNERATIVA DE CARACTER ALIMENTARIO EN LA SUMA DE PESOS DOSCIENTOS ($ 200).","('0019-PE-2003', 1)":null,"('0019-PE-2003', 2)":null},"('Firmantes', 'FIRMANTE')":{"('0019-PE-2003', 0)":"DUHALDE, EDUARDO ALBERTO","('0019-PE-2003', 1)":"CAMA\u00d1O, GRACIELA","('0019-PE-2003', 2)":"ATANASOF, ALFREDO NESTOR"},"('Firmantes', 'DISTRITO')":{"('0019-PE-2003', 0)":null,"('0019-PE-2003', 1)":null,"('0019-PE-2003', 2)":null},"('Firmantes', 'BLOQUE')":{"('0019-PE-2003', 0)":"PODER EJECUTIVO","('0019-PE-2003', 1)":"PODER EJECUTIVO","('0019-PE-2003', 2)":"PODER EJECUTIVO"},"('Giros', 'COMISI\u00d3N')":{"('0019-PE-2003', 0)":"BICAMERAL DE SEGUIMIENTO DE FACULTADES DELEGADAS AL PODER EJECUTIVO NACIONAL - LEY 25561","('0019-PE-2003', 1)":null,"('0019-PE-2003', 2)":null},"Palabra Clave":{"('0019-PE-2003', 0)":" ","('0019-PE-2003', 1)":null,"('0019-PE-2003', 2)":null}}