{"Tipo de Proyecto":{"('0021-S-2003', 0)":"PROYECTO DE LEY","('0021-S-2003', 1)":null,"('0021-S-2003', 2)":null,"('0021-S-2003', 3)":null},"Iniciado en: ":{"('0021-S-2003', 0)":"Senado","('0021-S-2003', 1)":null,"('0021-S-2003', 2)":null,"('0021-S-2003', 3)":null},"Expediente Senado: ":{"('0021-S-2003', 0)":"0021-S-2003","('0021-S-2003', 1)":null,"('0021-S-2003', 2)":null,"('0021-S-2003', 3)":null},"Publicado en: ":{"('0021-S-2003', 0)":"Diario de Asuntos Entrados N\u00b0 2","('0021-S-2003', 1)":null,"('0021-S-2003', 2)":null,"('0021-S-2003', 3)":null},"Fecha: ":{"('0021-S-2003', 0)":"04\/03\/2003","('0021-S-2003', 1)":null,"('0021-S-2003', 2)":null,"('0021-S-2003', 3)":null},"T\u00edtulo":{"('0021-S-2003', 0)":"BENEFICIO EXTRAORDINARIO PARA EXILIADOS POLITICOS.","('0021-S-2003', 1)":null,"('0021-S-2003', 2)":null,"('0021-S-2003', 3)":null},"('Firmantes', 'FIRMANTE')":{"('0021-S-2003', 0)":"LOPEZ ARIAS, MARCELO EDUARDO","('0021-S-2003', 1)":"BUSTI, JORGE PEDRO","('0021-S-2003', 2)":"LOSADA, MARIO A.","('0021-S-2003', 3)":"CONTI, DIANA BEATRIZ"},"('Firmantes', 'DISTRITO')":{"('0021-S-2003', 0)":"SALTA","('0021-S-2003', 1)":"ENTRE RIOS","('0021-S-2003', 2)":"MISIONES","('0021-S-2003', 3)":"BUENOS AIRES"},"('Firmantes', 'BLOQUE')":{"('0021-S-2003', 0)":"JUSTICIALISTA","('0021-S-2003', 1)":"JUSTICIALISTA","('0021-S-2003', 2)":"UCR","('0021-S-2003', 3)":"FREPASO"},"Sumario":{"('0021-S-2003', 0)":"BENEFICIARIOS: ARGENTINOS NATIVOS O POR OPCION O SUS DERECHOHABIENTES QUE HAYAN ESTADOS EXILIADOS POR RAZONES POLITICAS ENTRE EL 6 DE NOVIEMBRE DE 1976 Y EL 10 DE DICIEMBRE DE 1983; ACREDITACION COMO BENEFICIARIO; BENEFICIO; SOLICITUD DE BENEFICIO; OTORGAMIENTO DEL BENEFICIO; IMPUTACION DE LOS GASTOS.","('0021-S-2003', 1)":null,"('0021-S-2003', 2)":null,"('0021-S-2003', 3)":null},"Palabra Clave":{"('0021-S-2003', 0)":" ","('0021-S-2003', 1)":null,"('0021-S-2003', 2)":null,"('0021-S-2003', 3)":null}}