{"Tipo de Proyecto":{"('0022-S-2003', 0)":"PROYECTO DE LEY","('0022-S-2003', 1)":null,"('0022-S-2003', 2)":null,"('0022-S-2003', 3)":null,"('0022-S-2003', 4)":null},"Iniciado en: ":{"('0022-S-2003', 0)":"Senado","('0022-S-2003', 1)":null,"('0022-S-2003', 2)":null,"('0022-S-2003', 3)":null,"('0022-S-2003', 4)":null},"Expediente Senado: ":{"('0022-S-2003', 0)":"0022-S-2003","('0022-S-2003', 1)":null,"('0022-S-2003', 2)":null,"('0022-S-2003', 3)":null,"('0022-S-2003', 4)":null},"Publicado en: ":{"('0022-S-2003', 0)":"Diario de Asuntos Entrados N\u00b0 2","('0022-S-2003', 1)":null,"('0022-S-2003', 2)":null,"('0022-S-2003', 3)":null,"('0022-S-2003', 4)":null},"Fecha: ":{"('0022-S-2003', 0)":"04\/03\/2003","('0022-S-2003', 1)":null,"('0022-S-2003', 2)":null,"('0022-S-2003', 3)":null,"('0022-S-2003', 4)":null},"T\u00edtulo":{"('0022-S-2003', 0)":"PRORROGA AL BENEFICIO DE LAS LEYES 24043 (INDEMNIZACIONES A PERSONAS DETENIDAS A DISPOSICION DEL PODER EJECUTIVO NACIONAL ANTES DEL 10 DE DICIEMBRE DE 1983) Y 24411 (BENEFICIOS PARA CAUSAHABIENTES DE PERSONAS DESAPARECIDAS O FALLECIDAS COMO CONSECUENCIA DEL ACCIONAR DE LAS FUERZAS ARMADAS, DE SEGURIDAD, O DE CUALQUIER GRUPO PARAMILITAR CON ANTERIORIDAD AL 10\/12\/83).","('0022-S-2003', 1)":null,"('0022-S-2003', 2)":null,"('0022-S-2003', 3)":null,"('0022-S-2003', 4)":null},"('Firmantes', 'FIRMANTE')":{"('0022-S-2003', 0)":"LOPEZ ARIAS, MARCELO EDUARDO","('0022-S-2003', 1)":"BUSTI, JORGE PEDRO","('0022-S-2003', 2)":"LOSADA, MARIO A.","('0022-S-2003', 3)":"CONTI, DIANA BEATRIZ","('0022-S-2003', 4)":null},"('Firmantes', 'DISTRITO')":{"('0022-S-2003', 0)":"SALTA","('0022-S-2003', 1)":"ENTRE RIOS","('0022-S-2003', 2)":"MISIONES","('0022-S-2003', 3)":"BUENOS AIRES","('0022-S-2003', 4)":null},"('Firmantes', 'BLOQUE')":{"('0022-S-2003', 0)":"JUSTICIALISTA","('0022-S-2003', 1)":"JUSTICIALISTA","('0022-S-2003', 2)":"UCR","('0022-S-2003', 3)":"FREPASO","('0022-S-2003', 4)":null},"('Tramites', 'C\u00c1MARA')":{"('0022-S-2003', 0)":"Senado","('0022-S-2003', 1)":"Senado","('0022-S-2003', 2)":"Diputados","('0022-S-2003', 3)":"Diputados","('0022-S-2003', 4)":"Diputados"},"('Tramites', 'MOVIMIENTO')":{"('0022-S-2003', 0)":"CAMBIO DE ORDEN DE LAS COMISIONES (AFIRMATIVA)","('0022-S-2003', 1)":"CONSIDERACION Y APROBACION CONJUNTAMENTE PARA LOS EXPEDIENTES 0194-S-2003, 3111-S-2002 y 0022-S-2003","('0022-S-2003', 2)":"PASA A DIPUTADOS - (TP 165) CONJUNTAMENTE PARA LOS EXPEDIENTES 0194-S-2003, 3111-S-2002 y 0022-S-2003","('0022-S-2003', 3)":"MOCION SOBRE TABLAS (AFIRMATIVA) CONJUNTAMENTE PARA LOS EXPEDIENTES 0194-S-2003, 3111-S-2002 y 0022-S-2003","('0022-S-2003', 4)":"CONSIDERACION Y SANCION CONJUNTAMENTE PARA LOS EXPEDIENTES 0194-S-2003, 3111-S-2002 y 0022-S-2003"},"('Tramites', 'FECHA')":{"('0022-S-2003', 0)":"26\/03\/2003","('0022-S-2003', 1)":"01\/10\/2003","('0022-S-2003', 2)":null,"('0022-S-2003', 3)":"05\/11\/2003","('0022-S-2003', 4)":"05\/11\/2003"},"('Tramites', 'RESULTADO')":{"('0022-S-2003', 0)":null,"('0022-S-2003', 1)":"MEDIA SANCION","('0022-S-2003', 2)":null,"('0022-S-2003', 3)":null,"('0022-S-2003', 4)":"SANCIONADO"},"Sumario":{"('0022-S-2003', 0)":"DISPOSICION DE UN NUEVO PLAZO DE UN (1) A\u00d1O A PARTIR DE LA PUBLICACION DE LA PRESENTE LEY EN EL BOLETIN OFICIAL.","('0022-S-2003', 1)":null,"('0022-S-2003', 2)":null,"('0022-S-2003', 3)":null,"('0022-S-2003', 4)":null},"Palabra Clave":{"('0022-S-2003', 0)":" ","('0022-S-2003', 1)":null,"('0022-S-2003', 2)":null,"('0022-S-2003', 3)":null,"('0022-S-2003', 4)":null}}