{"Tipo de Proyecto":{"('0028-PE-2003', 0)":"MENSAJE NRO: 1076\/03","('0028-PE-2003', 1)":null,"('0028-PE-2003', 2)":null},"Iniciado en: ":{"('0028-PE-2003', 0)":"Diputados","('0028-PE-2003', 1)":null,"('0028-PE-2003', 2)":null},"Expediente Diputados: ":{"('0028-PE-2003', 0)":"0028-PE-2003","('0028-PE-2003', 1)":null,"('0028-PE-2003', 2)":null},"Publicado en: ":{"('0028-PE-2003', 0)":"Tr\u00e1mite Parlamentario N\u00b0 50","('0028-PE-2003', 1)":null,"('0028-PE-2003', 2)":null},"Fecha: ":{"('0028-PE-2003', 0)":"15\/05\/2003","('0028-PE-2003', 1)":null,"('0028-PE-2003', 2)":null},"T\u00edtulo":{"('0028-PE-2003', 0)":"COMUNICANDO EL DECRETO 704\/03 POR EL CUAL SE RATIFICA EL ACUERDO DE PRORROGA DEL ACUERDO TRIMESTRAL DE SUMINISTRO DE GASOIL AL TRANSPORTE PUBLICO DE PASAJEROS. ","('0028-PE-2003', 1)":null,"('0028-PE-2003', 2)":null},"('Firmantes', 'FIRMANTE')":{"('0028-PE-2003', 0)":"DUHALDE, EDUARDO ALBERTO","('0028-PE-2003', 1)":"ATANASOF, ALFREDO NESTOR","('0028-PE-2003', 2)":"LAVAGNA, ROBERTO"},"('Firmantes', 'DISTRITO')":{"('0028-PE-2003', 0)":null,"('0028-PE-2003', 1)":null,"('0028-PE-2003', 2)":null},"('Firmantes', 'BLOQUE')":{"('0028-PE-2003', 0)":"PODER EJECUTIVO","('0028-PE-2003', 1)":"PODER EJECUTIVO","('0028-PE-2003', 2)":"PODER EJECUTIVO"},"('Giros', 'COMISI\u00d3N')":{"('0028-PE-2003', 0)":"BICAMERAL DE SEGUIMIENTO DE FACULTADES DELEGADAS AL PODER EJECUTIVO NACIONAL - LEY 25561","('0028-PE-2003', 1)":null,"('0028-PE-2003', 2)":null},"('Tramites', 'C\u00c1MARA')":{"('0028-PE-2003', 0)":"Senado","('0028-PE-2003', 1)":"Diputados","('0028-PE-2003', 2)":null},"('Tramites', 'MOVIMIENTO')":{"('0028-PE-2003', 0)":"CONSIDERACION Y APROBACION CONJUNTAMENTE PARA LOS EXPEDIENTES 0039-PE-2002, 0054-S-2006, 0108-PE-2002 y 0028-PE-2003","('0028-PE-2003', 1)":"PASA A DIPUTADOS - CONJUNTAMENTE PARA LOS EXPEDIENTES 0039-PE-2002, 0054-S-2006, 0108-PE-2002 y 0028-PE-2003","('0028-PE-2003', 2)":null},"('Tramites', 'FECHA')":{"('0028-PE-2003', 0)":"10\/05\/2006","('0028-PE-2003', 1)":null,"('0028-PE-2003', 2)":null},"('Tramites', 'RESULTADO')":{"('0028-PE-2003', 0)":"APROBADO","('0028-PE-2003', 1)":null,"('0028-PE-2003', 2)":null},"Palabra Clave":{"('0028-PE-2003', 0)":" ","('0028-PE-2003', 1)":null,"('0028-PE-2003', 2)":null}}