{"Tipo de Proyecto":{"('0029-D-2003', 0)":"PROYECTO DE RESOLUCI\u00d3N","('0029-D-2003', 1)":null,"('0029-D-2003', 2)":null,"('0029-D-2003', 3)":null,"('0029-D-2003', 4)":null,"('0029-D-2003', 5)":null},"Iniciado en: ":{"('0029-D-2003', 0)":"Diputados","('0029-D-2003', 1)":null,"('0029-D-2003', 2)":null,"('0029-D-2003', 3)":null,"('0029-D-2003', 4)":null,"('0029-D-2003', 5)":null},"Expediente Diputados: ":{"('0029-D-2003', 0)":"0029-D-2003","('0029-D-2003', 1)":null,"('0029-D-2003', 2)":null,"('0029-D-2003', 3)":null,"('0029-D-2003', 4)":null,"('0029-D-2003', 5)":null},"Publicado en: ":{"('0029-D-2003', 0)":"Tr\u00e1mite Parlamentario N\u00b0 1","('0029-D-2003', 1)":null,"('0029-D-2003', 2)":null,"('0029-D-2003', 3)":null,"('0029-D-2003', 4)":null,"('0029-D-2003', 5)":null},"Fecha: ":{"('0029-D-2003', 0)":"03\/03\/2003","('0029-D-2003', 1)":null,"('0029-D-2003', 2)":null,"('0029-D-2003', 3)":null,"('0029-D-2003', 4)":null,"('0029-D-2003', 5)":null},"T\u00edtulo":{"('0029-D-2003', 0)":"PEDIDO DE INFORMES AL PODER EJECUTIVO NACIONAL SOBRE EL MONTO TOTAL RECAUDADO POR EL FONDO NACIONAL DE INCENTIVO DOCENTE.","('0029-D-2003', 1)":null,"('0029-D-2003', 2)":null,"('0029-D-2003', 3)":null,"('0029-D-2003', 4)":null,"('0029-D-2003', 5)":null},"('Firmantes', 'FIRMANTE')":{"('0029-D-2003', 0)":"FERRIN, MARIA TERESA","('0029-D-2003', 1)":"ARGUL, MARTA DEL CARMEN","('0029-D-2003', 2)":"DI LEO, MARTA ISABEL","('0029-D-2003', 3)":"INSFRAN, MIGUEL ANGEL","('0029-D-2003', 4)":"NERI, ALDO C.","('0029-D-2003', 5)":"SAADE, BLANCA AZUCENA"},"('Firmantes', 'DISTRITO')":{"('0029-D-2003', 0)":"JUJUY","('0029-D-2003', 1)":"JUJUY","('0029-D-2003', 2)":"BUENOS AIRES","('0029-D-2003', 3)":"FORMOSA","('0029-D-2003', 4)":"CIUDAD de BUENOS AIRES","('0029-D-2003', 5)":"SALTA"},"('Firmantes', 'BLOQUE')":{"('0029-D-2003', 0)":"UCR","('0029-D-2003', 1)":"MORECI","('0029-D-2003', 2)":"UCR","('0029-D-2003', 3)":"UCR","('0029-D-2003', 4)":"UCR","('0029-D-2003', 5)":"UCR"},"('Giros', 'COMISI\u00d3N')":{"('0029-D-2003', 0)":"EDUCACION","('0029-D-2003', 1)":"PRESUPUESTO Y HACIENDA","('0029-D-2003', 2)":null,"('0029-D-2003', 3)":null,"('0029-D-2003', 4)":null,"('0029-D-2003', 5)":null},"Palabra Clave":{"('0029-D-2003', 0)":" ","('0029-D-2003', 1)":null,"('0029-D-2003', 2)":null,"('0029-D-2003', 3)":null,"('0029-D-2003', 4)":null,"('0029-D-2003', 5)":null}}