{"Tipo de Proyecto":{"('0029-PE-2003', 0)":"MENSAJE NRO: 1149\/03","('0029-PE-2003', 1)":null,"('0029-PE-2003', 2)":null},"Iniciado en: ":{"('0029-PE-2003', 0)":"Diputados","('0029-PE-2003', 1)":null,"('0029-PE-2003', 2)":null},"Expediente Diputados: ":{"('0029-PE-2003', 0)":"0029-PE-2003","('0029-PE-2003', 1)":null,"('0029-PE-2003', 2)":null},"Publicado en: ":{"('0029-PE-2003', 0)":"Tr\u00e1mite Parlamentario N\u00b0 50","('0029-PE-2003', 1)":null,"('0029-PE-2003', 2)":null},"Fecha: ":{"('0029-PE-2003', 0)":"15\/05\/2003","('0029-PE-2003', 1)":null,"('0029-PE-2003', 2)":null},"T\u00edtulo":{"('0029-PE-2003', 0)":"COMUNICANDO EL DECRETO 1148\/03 POR EL CUAL SE MODIFICA EL PRESUPUESTO DE LA ADMINISTRACION NACIONAL PARA EL EJERCICIO 2003, DEJANDO SIN EFECTO LA INTEGRACION DEL FONDO ANTICICLICO FISCAL.","('0029-PE-2003', 1)":null,"('0029-PE-2003', 2)":null},"('Firmantes', 'FIRMANTE')":{"('0029-PE-2003', 0)":"DUHALDE, EDUARDO ALBERTO","('0029-PE-2003', 1)":"ATANASOF, ALFREDO NESTOR","('0029-PE-2003', 2)":"MATZKIN, JORGE RUBEN"},"('Firmantes', 'DISTRITO')":{"('0029-PE-2003', 0)":null,"('0029-PE-2003', 1)":null,"('0029-PE-2003', 2)":null},"('Firmantes', 'BLOQUE')":{"('0029-PE-2003', 0)":"PODER EJECUTIVO","('0029-PE-2003', 1)":"PODER EJECUTIVO","('0029-PE-2003', 2)":"PODER EJECUTIVO"},"('Giros', 'COMISI\u00d3N')":{"('0029-PE-2003', 0)":"BICAMERAL PERMANENTE DE TRAMITE LEGISLATIVO - LEY 26122","('0029-PE-2003', 1)":null,"('0029-PE-2003', 2)":null},"('Tramites', 'C\u00c1MARA')":{"('0029-PE-2003', 0)":"Diputados","('0029-PE-2003', 1)":"Diputados","('0029-PE-2003', 2)":null},"('Tramites', 'MOVIMIENTO')":{"('0029-PE-2003', 0)":"SOLICITUD DEL PRESIDENTE DE LA COMISION BICAMERAL PERMANENTE DE TRAMITE LEGISLATIVO (LEY 26122) DE REMISION DEL EXPEDIENTE PARA SU ANALISIS (A LA PRESIDENCIA)","('0029-PE-2003', 1)":"EXPEDIENTE ORIGINALMENTE GIRADO A LA COMISION DE PRESUPUESTO Y HACIENDA; SE LO REMITE A LA COMISION BICAMERAL PERMANENTE DE TRAMITE LEGISLATIVO (LEY 26122)","('0029-PE-2003', 2)":null},"('Tramites', 'FECHA')":{"('0029-PE-2003', 0)":"18\/07\/2007","('0029-PE-2003', 1)":null,"('0029-PE-2003', 2)":null},"('Tramites', 'RESULTADO')":{"('0029-PE-2003', 0)":null,"('0029-PE-2003', 1)":null,"('0029-PE-2003', 2)":null},"Palabra Clave":{"('0029-PE-2003', 0)":" ","('0029-PE-2003', 1)":null,"('0029-PE-2003', 2)":null}}