{"Tipo de Proyecto":{"('0030-D-2003', 0)":"PROYECTO DE RESOLUCI\u00d3N","('0030-D-2003', 1)":null,"('0030-D-2003', 2)":null,"('0030-D-2003', 3)":null},"Iniciado en: ":{"('0030-D-2003', 0)":"Diputados","('0030-D-2003', 1)":null,"('0030-D-2003', 2)":null,"('0030-D-2003', 3)":null},"Expediente Diputados: ":{"('0030-D-2003', 0)":"0030-D-2003","('0030-D-2003', 1)":null,"('0030-D-2003', 2)":null,"('0030-D-2003', 3)":null},"Publicado en: ":{"('0030-D-2003', 0)":"Tr\u00e1mite Parlamentario N\u00b0 1","('0030-D-2003', 1)":null,"('0030-D-2003', 2)":null,"('0030-D-2003', 3)":null},"Fecha: ":{"('0030-D-2003', 0)":"03\/03\/2003","('0030-D-2003', 1)":null,"('0030-D-2003', 2)":null,"('0030-D-2003', 3)":null},"T\u00edtulo":{"('0030-D-2003', 0)":"PEDIDO DE INFORMES AL PODER EJECUTIVO NACIONAL PARA QUE A TRAVES DEL MINISTERIO DE SALUD DE LA NACION PROCEDA A INFORMAR SOBRE LA VENTA DE MEDICAMENTOS AUTORIZADOS CON \"ESTROGENO\" O EN COMBINACION CON \"PROGESTINA\" PARA TRATAR LA MENOPAUSIA.","('0030-D-2003', 1)":null,"('0030-D-2003', 2)":null,"('0030-D-2003', 3)":null},"('Firmantes', 'FIRMANTE')":{"('0030-D-2003', 0)":"FERRIN, MARIA TERESA","('0030-D-2003', 1)":"ARGUL, MARTA DEL CARMEN","('0030-D-2003', 2)":"DI LEO, MARTA ISABEL","('0030-D-2003', 3)":"SAADE, BLANCA AZUCENA"},"('Firmantes', 'DISTRITO')":{"('0030-D-2003', 0)":"JUJUY","('0030-D-2003', 1)":"JUJUY","('0030-D-2003', 2)":"BUENOS AIRES","('0030-D-2003', 3)":"SALTA"},"('Firmantes', 'BLOQUE')":{"('0030-D-2003', 0)":"UCR","('0030-D-2003', 1)":"MORECI","('0030-D-2003', 2)":"UCR","('0030-D-2003', 3)":"UCR"},"('Giros', 'COMISI\u00d3N')":{"('0030-D-2003', 0)":"ACCION SOCIAL Y SALUD PUBLICA","('0030-D-2003', 1)":null,"('0030-D-2003', 2)":null,"('0030-D-2003', 3)":null},"Palabra Clave":{"('0030-D-2003', 0)":" ","('0030-D-2003', 1)":null,"('0030-D-2003', 2)":null,"('0030-D-2003', 3)":null}}