{"Tipo de Proyecto":{"('0031-PE-2003', 0)":"MENSAJE NRO: 1239\/03","('0031-PE-2003', 1)":null,"('0031-PE-2003', 2)":null},"Iniciado en: ":{"('0031-PE-2003', 0)":"Diputados","('0031-PE-2003', 1)":null,"('0031-PE-2003', 2)":null},"Expediente Diputados: ":{"('0031-PE-2003', 0)":"0031-PE-2003","('0031-PE-2003', 1)":null,"('0031-PE-2003', 2)":null},"Publicado en: ":{"('0031-PE-2003', 0)":"Tr\u00e1mite Parlamentario N\u00b0 55","('0031-PE-2003', 1)":null,"('0031-PE-2003', 2)":null},"Fecha: ":{"('0031-PE-2003', 0)":"22\/05\/2003","('0031-PE-2003', 1)":null,"('0031-PE-2003', 2)":null},"T\u00edtulo":{"('0031-PE-2003', 0)":"COMUNICACION DEL DECRETO 1238\/03, POR EL CUAL SE DISPONE LA CONSTITUCION DE UNA SOCIEDAD ANONIMA DE TRANSPORTE AEREO DE PASAJEROS, CORREO Y CARGA EN EL ORDEN INTERNO E INTERNACIONAL.","('0031-PE-2003', 1)":null,"('0031-PE-2003', 2)":null},"('Firmantes', 'FIRMANTE')":{"('0031-PE-2003', 0)":"DUHALDE, EDUARDO ALBERTO","('0031-PE-2003', 1)":"ATANASOF, ALFREDO NESTOR","('0031-PE-2003', 2)":"LAVAGNA, ROBERTO"},"('Firmantes', 'DISTRITO')":{"('0031-PE-2003', 0)":null,"('0031-PE-2003', 1)":null,"('0031-PE-2003', 2)":null},"('Firmantes', 'BLOQUE')":{"('0031-PE-2003', 0)":"PODER EJECUTIVO","('0031-PE-2003', 1)":"PODER EJECUTIVO","('0031-PE-2003', 2)":"PODER EJECUTIVO"},"('Giros', 'COMISI\u00d3N')":{"('0031-PE-2003', 0)":"BICAMERAL PERMANENTE DE TRAMITE LEGISLATIVO - LEY 26122","('0031-PE-2003', 1)":null,"('0031-PE-2003', 2)":null},"('Tramites', 'C\u00c1MARA')":{"('0031-PE-2003', 0)":"Diputados","('0031-PE-2003', 1)":"Diputados","('0031-PE-2003', 2)":null},"('Tramites', 'MOVIMIENTO')":{"('0031-PE-2003', 0)":"SOLICITUD DEL PRESIDENTE DE LA COMISION BICAMERAL PERMANENTE DE TRAMITE LEGISLATIVO (LEY 26122) DE REMISION DEL EXPEDIENTE PARA SU ANALISIS (A LA PRESIDENCIA)","('0031-PE-2003', 1)":"EXPEDIENTE ORIGINALMENTE GIRADO A LA COMISION BICAMERAL DE SEGUIMIENTO DE FACULTADES DELEGADAS AL PODER EJECUTIVO NACIONAL - LEY 25561; SE LO REMITE A LA COMISION BICAMERAL PERMANENTE DE TRAMITE LEGISLATIVO (LEY 26122)","('0031-PE-2003', 2)":null},"('Tramites', 'FECHA')":{"('0031-PE-2003', 0)":"06\/06\/2007","('0031-PE-2003', 1)":null,"('0031-PE-2003', 2)":null},"('Tramites', 'RESULTADO')":{"('0031-PE-2003', 0)":null,"('0031-PE-2003', 1)":null,"('0031-PE-2003', 2)":null},"Palabra Clave":{"('0031-PE-2003', 0)":" ","('0031-PE-2003', 1)":null,"('0031-PE-2003', 2)":null}}