{"Tipo de Proyecto":{"('0031-D-2003', 0)":"PROYECTO DE LEY","('0031-D-2003', 1)":null,"('0031-D-2003', 2)":null,"('0031-D-2003', 3)":null,"('0031-D-2003', 4)":null,"('0031-D-2003', 5)":null},"Iniciado en: ":{"('0031-D-2003', 0)":"Diputados","('0031-D-2003', 1)":null,"('0031-D-2003', 2)":null,"('0031-D-2003', 3)":null,"('0031-D-2003', 4)":null,"('0031-D-2003', 5)":null},"Expediente Diputados: ":{"('0031-D-2003', 0)":"0031-D-2003","('0031-D-2003', 1)":null,"('0031-D-2003', 2)":null,"('0031-D-2003', 3)":null,"('0031-D-2003', 4)":null,"('0031-D-2003', 5)":null},"Publicado en: ":{"('0031-D-2003', 0)":"Tr\u00e1mite Parlamentario N\u00b0 1","('0031-D-2003', 1)":null,"('0031-D-2003', 2)":null,"('0031-D-2003', 3)":null,"('0031-D-2003', 4)":null,"('0031-D-2003', 5)":null},"Fecha: ":{"('0031-D-2003', 0)":"03\/03\/2003","('0031-D-2003', 1)":null,"('0031-D-2003', 2)":null,"('0031-D-2003', 3)":null,"('0031-D-2003', 4)":null,"('0031-D-2003', 5)":null},"T\u00edtulo":{"('0031-D-2003', 0)":"MODIFICACION A LA LEY 22351, DE PARQUES NACIONALES.","('0031-D-2003', 1)":null,"('0031-D-2003', 2)":null,"('0031-D-2003', 3)":null,"('0031-D-2003', 4)":null,"('0031-D-2003', 5)":null},"('Firmantes', 'FIRMANTE')":{"('0031-D-2003', 0)":"FERRIN, MARIA TERESA","('0031-D-2003', 1)":"ARGUL, MARTA DEL CARMEN","('0031-D-2003', 2)":"HERZOVICH, MARIA ELENA","('0031-D-2003', 3)":"MARTINEZ, ALFREDO ANSELMO","('0031-D-2003', 4)":"MUKDISE, MIGUEL ROBERTO","('0031-D-2003', 5)":"SAADE, BLANCA AZUCENA"},"('Firmantes', 'DISTRITO')":{"('0031-D-2003', 0)":"JUJUY","('0031-D-2003', 1)":"JUJUY","('0031-D-2003', 2)":"ENTRE RIOS","('0031-D-2003', 3)":"SANTA CRUZ","('0031-D-2003', 4)":"SANTIAGO DEL ESTERO","('0031-D-2003', 5)":"SALTA"},"('Firmantes', 'BLOQUE')":{"('0031-D-2003', 0)":"UCR","('0031-D-2003', 1)":"MORECI","('0031-D-2003', 2)":"UCR","('0031-D-2003', 3)":"UCR","('0031-D-2003', 4)":"UCR","('0031-D-2003', 5)":"UCR"},"('Giros', 'COMISI\u00d3N')":{"('0031-D-2003', 0)":"RECURSOS NATURALES Y CONSERVACION DEL AMBIENTE HUMANO","('0031-D-2003', 1)":null,"('0031-D-2003', 2)":null,"('0031-D-2003', 3)":null,"('0031-D-2003', 4)":null,"('0031-D-2003', 5)":null},"Sumario":{"('0031-D-2003', 0)":"INCORPORACION DEL ARTICULO 34 BIS (ESTABLECER UN RADIO DE PROTECCION DE DICHAS AREAS).","('0031-D-2003', 1)":null,"('0031-D-2003', 2)":null,"('0031-D-2003', 3)":null,"('0031-D-2003', 4)":null,"('0031-D-2003', 5)":null},"Palabra Clave":{"('0031-D-2003', 0)":" ","('0031-D-2003', 1)":null,"('0031-D-2003', 2)":null,"('0031-D-2003', 3)":null,"('0031-D-2003', 4)":null,"('0031-D-2003', 5)":null}}