{"Tipo de Proyecto":{"('0033-S-2003', 0)":"PROYECTO DE LEY","('0033-S-2003', 1)":null,"('0033-S-2003', 2)":null},"Iniciado en: ":{"('0033-S-2003', 0)":"Senado","('0033-S-2003', 1)":null,"('0033-S-2003', 2)":null},"Expediente Diputados: ":{"('0033-S-2003', 0)":"0033-S-2003","('0033-S-2003', 1)":null,"('0033-S-2003', 2)":null},"Expediente Senado: ":{"('0033-S-2003', 0)":"0925-S-2003","('0033-S-2003', 1)":null,"('0033-S-2003', 2)":null},"Publicado en: ":{"('0033-S-2003', 0)":"Diario de Asuntos Entrados N\u00b0 60","('0033-S-2003', 1)":null,"('0033-S-2003', 2)":null},"Fecha: ":{"('0033-S-2003', 0)":"26\/05\/2003","('0033-S-2003', 1)":null,"('0033-S-2003', 2)":null},"T\u00edtulo":{"('0033-S-2003', 0)":"DECLARAR ZONA DE DESASTRE A LOS DEPARTAMENTOS DE RIVADAVIA, BELGRANO Y MITRE, UBICADOS AL SUR DE LA PROVINCIA DE SANTIAGO DEL ESTERO.","('0033-S-2003', 1)":null,"('0033-S-2003', 2)":null},"('Firmantes', 'FIRMANTE')":{"('0033-S-2003', 0)":"ZAVALIA, JOSE LUIS","('0033-S-2003', 1)":null,"('0033-S-2003', 2)":null},"('Firmantes', 'DISTRITO')":{"('0033-S-2003', 0)":"SANTIAGO DEL ESTERO","('0033-S-2003', 1)":null,"('0033-S-2003', 2)":null},"('Firmantes', 'BLOQUE')":{"('0033-S-2003', 0)":"UCR","('0033-S-2003', 1)":null,"('0033-S-2003', 2)":null},"('Giros', 'COMISI\u00d3N')":{"('0033-S-2003', 0)":"PRESUPUESTO Y HACIENDA","('0033-S-2003', 1)":"AGRICULTURA Y GANADERIA","('0033-S-2003', 2)":"ECONOMIAS Y DESARROLLO REGIONAL"},"('Tramites', 'C\u00c1MARA')":{"('0033-S-2003', 0)":"Senado","('0033-S-2003', 1)":"Senado","('0033-S-2003', 2)":"Diputados"},"('Tramites', 'MOVIMIENTO')":{"('0033-S-2003', 0)":"MOCION DE PREFERENCIA PARA LA PROXIMA SESION CON DICTAMEN (AFIRMATIVA)","('0033-S-2003', 1)":"CONSIDERACION Y APROBACION CON MODIFICACIONES","('0033-S-2003', 2)":"PASA A DIPUTADOS - (TP 72)"},"('Tramites', 'FECHA')":{"('0033-S-2003', 0)":"04\/06\/2003","('0033-S-2003', 1)":"11\/06\/2003","('0033-S-2003', 2)":null},"('Tramites', 'RESULTADO')":{"('0033-S-2003', 0)":null,"('0033-S-2003', 1)":"MEDIA SANCION","('0033-S-2003', 2)":null},"Sumario":{"('0033-S-2003', 0)":"APLICACION DE LA LEY 22913; CREACION DE UN FONDO DE EMERGENCIA; DEUDAS ESPECIALES; ADMINISTRACION DEL FONDO.","('0033-S-2003', 1)":null,"('0033-S-2003', 2)":null},"Palabra Clave":{"('0033-S-2003', 0)":" ","('0033-S-2003', 1)":null,"('0033-S-2003', 2)":null}}