{"Tipo de Proyecto":{"('0034-S-2003', 0)":"PROYECTO DE LEY","('0034-S-2003', 1)":null,"('0034-S-2003', 2)":null,"('0034-S-2003', 3)":null},"Iniciado en: ":{"('0034-S-2003', 0)":"Senado","('0034-S-2003', 1)":null,"('0034-S-2003', 2)":null,"('0034-S-2003', 3)":null},"Expediente Diputados: ":{"('0034-S-2003', 0)":"0034-S-2003","('0034-S-2003', 1)":null,"('0034-S-2003', 2)":null,"('0034-S-2003', 3)":null},"Expediente Senado: ":{"('0034-S-2003', 0)":"0515-OV-1997","('0034-S-2003', 1)":null,"('0034-S-2003', 2)":null,"('0034-S-2003', 3)":null},"Publicado en: ":{"('0034-S-2003', 0)":"Diario de Asuntos Entrados N\u00b0 0","('0034-S-2003', 1)":null,"('0034-S-2003', 2)":null,"('0034-S-2003', 3)":null},"Fecha: ":{"('0034-S-2003', 0)":"10\/12\/2002","('0034-S-2003', 1)":null,"('0034-S-2003', 2)":null,"('0034-S-2003', 3)":null},"T\u00edtulo":{"('0034-S-2003', 0)":"CUENTA DE INVERSION PRESENTADA POR EL PODER EJECUTIVO NACIONAL, CORRESPONDIENTE AL EJERCICIO 1996.","('0034-S-2003', 1)":null,"('0034-S-2003', 2)":null,"('0034-S-2003', 3)":null},"('Firmantes', 'FIRMANTE')":{"('0034-S-2003', 0)":"PARLAMENTARIA MIXTA REVISORA DE CUENTAS","('0034-S-2003', 1)":null,"('0034-S-2003', 2)":null,"('0034-S-2003', 3)":null},"('Firmantes', 'DISTRITO')":{"('0034-S-2003', 0)":null,"('0034-S-2003', 1)":null,"('0034-S-2003', 2)":null,"('0034-S-2003', 3)":null},"('Firmantes', 'BLOQUE')":{"('0034-S-2003', 0)":null,"('0034-S-2003', 1)":null,"('0034-S-2003', 2)":null,"('0034-S-2003', 3)":null},"('Giros', 'COMISI\u00d3N')":{"('0034-S-2003', 0)":"PARLAMENTARIA MIXTA REVISORA DE CUENTAS","('0034-S-2003', 1)":null,"('0034-S-2003', 2)":null,"('0034-S-2003', 3)":null},"('Tramites', 'C\u00c1MARA')":{"('0034-S-2003', 0)":"Senado","('0034-S-2003', 1)":"Diputados","('0034-S-2003', 2)":"Diputados","('0034-S-2003', 3)":"Diputados"},"('Tramites', 'MOVIMIENTO')":{"('0034-S-2003', 0)":"CONSIDERACION Y APROBACION DEL DICTAMEN DE MAYORIA","('0034-S-2003', 1)":"PASA A DIPUTADOS -","('0034-S-2003', 2)":"CONSIDERACION E INCLUSION EN EL PLAN DE LABOR DE LA PROXIMA SESION","('0034-S-2003', 3)":"INCLUSION EN PLAN DE LABOR"},"('Tramites', 'FECHA')":{"('0034-S-2003', 0)":"11\/06\/2003","('0034-S-2003', 1)":"11\/06\/2003","('0034-S-2003', 2)":"05\/11\/2003","('0034-S-2003', 3)":"12\/11\/2003"},"('Tramites', 'RESULTADO')":{"('0034-S-2003', 0)":"MEDIA SANCION","('0034-S-2003', 1)":null,"('0034-S-2003', 2)":null,"('0034-S-2003', 3)":null},"Sumario":{"('0034-S-2003', 0)":"APROBACION DE LA MISMA, SIN PERJUICIO DE LA INICIACION NI LA PROSECUCION DE LOS PROCEDIMIENTOS DIRIGIDOS A LA EFECTIVIZACION DE LAS RESPONSABILIDADES QUE EMERJAN DE LOS HECHOS Y ACTOS REALIZADOS POR LOS FUNCIONARIOS PUBLICOS DURANTE EL PERIODO COMPRENDIDO EN LA CUENTA DE INVERSION CITADA, NI AL CUMPLIMIENTO DE LAS DECISIONES QUE DE LAS MISMAS SE ORIGINEN.","('0034-S-2003', 1)":null,"('0034-S-2003', 2)":null,"('0034-S-2003', 3)":null},"Palabra Clave":{"('0034-S-2003', 0)":" ","('0034-S-2003', 1)":null,"('0034-S-2003', 2)":null,"('0034-S-2003', 3)":null}}