{"Tipo de Proyecto":{"('0034-D-2003', 0)":"PROYECTO DE RESOLUCI\u00d3N","('0034-D-2003', 1)":null},"Iniciado en: ":{"('0034-D-2003', 0)":"Diputados","('0034-D-2003', 1)":null},"Expediente Diputados: ":{"('0034-D-2003', 0)":"0034-D-2003","('0034-D-2003', 1)":null},"Publicado en: ":{"('0034-D-2003', 0)":"Tr\u00e1mite Parlamentario N\u00b0 1","('0034-D-2003', 1)":null},"Fecha: ":{"('0034-D-2003', 0)":"03\/03\/2003","('0034-D-2003', 1)":null},"T\u00edtulo":{"('0034-D-2003', 0)":"PEDIDO DE INFORMES AL PODER EJECUTIVO NACIONAL PARA QUE PROCEDA A INFORMAR SOBRE DISTINTAS CUESTIONES REFERIDAS A LA \"ADMINISTRACION NACIONAL DE ADUANAS\" Y A LA \"DIRECCION GENERAL IMPOSITIVA\".","('0034-D-2003', 1)":null},"('Firmantes', 'FIRMANTE')":{"('0034-D-2003', 0)":"CANTINI, GUILLERMO MARCELO","('0034-D-2003', 1)":null},"('Firmantes', 'DISTRITO')":{"('0034-D-2003', 0)":"CIUDAD de BUENOS AIRES","('0034-D-2003', 1)":null},"('Firmantes', 'BLOQUE')":{"('0034-D-2003', 0)":"UNION POR ARGENTINA","('0034-D-2003', 1)":null},"('Giros', 'COMISI\u00d3N')":{"('0034-D-2003', 0)":"ECONOMIA","('0034-D-2003', 1)":"PRESUPUESTO Y HACIENDA"},"('Tramites', 'C\u00c1MARA')":{"('0034-D-2003', 0)":"Diputados","('0034-D-2003', 1)":"Diputados"},"('Tramites', 'MOVIMIENTO')":{"('0034-D-2003', 0)":"CONSIDERACION Y APROBACION","('0034-D-2003', 1)":"CONTESTACION DEL PODER EJECUTIVO NACIONAL - JEFE DE GABINETE DE MINISTROS - GIRADO A LA COMISION RESPECTIVA"},"('Tramites', 'FECHA')":{"('0034-D-2003', 0)":"26\/11\/2003","('0034-D-2003', 1)":"26\/12\/2007"},"('Tramites', 'RESULTADO')":{"('0034-D-2003', 0)":"APROBADO","('0034-D-2003', 1)":null},"Palabra Clave":{"('0034-D-2003', 0)":" ","('0034-D-2003', 1)":null}}