{"Tipo de Proyecto":{"('0035-S-2003', 0)":"PROYECTO DE LEY","('0035-S-2003', 1)":null,"('0035-S-2003', 2)":null,"('0035-S-2003', 3)":null},"Iniciado en: ":{"('0035-S-2003', 0)":"Senado","('0035-S-2003', 1)":null,"('0035-S-2003', 2)":null,"('0035-S-2003', 3)":null},"Expediente Diputados: ":{"('0035-S-2003', 0)":"0035-S-2003","('0035-S-2003', 1)":null,"('0035-S-2003', 2)":null,"('0035-S-2003', 3)":null},"Expediente Senado: ":{"('0035-S-2003', 0)":"0561-OV-1995","('0035-S-2003', 1)":null,"('0035-S-2003', 2)":null,"('0035-S-2003', 3)":null},"Publicado en: ":{"('0035-S-2003', 0)":"Diario de Asuntos Entrados N\u00b0 0","('0035-S-2003', 1)":null,"('0035-S-2003', 2)":null,"('0035-S-2003', 3)":null},"Fecha: ":{"('0035-S-2003', 0)":"10\/12\/2002","('0035-S-2003', 1)":null,"('0035-S-2003', 2)":null,"('0035-S-2003', 3)":null},"T\u00edtulo":{"('0035-S-2003', 0)":"CUENTA DE INVERSION PRESENTADA POR EL PODER EJECUTIVO NACIONAL, CORRESPONDIENTE AL EJERCICIO 1995","('0035-S-2003', 1)":null,"('0035-S-2003', 2)":null,"('0035-S-2003', 3)":null},"('Firmantes', 'FIRMANTE')":{"('0035-S-2003', 0)":"PARLAMENTARIA MIXTA REVISORA DE CUENTAS","('0035-S-2003', 1)":null,"('0035-S-2003', 2)":null,"('0035-S-2003', 3)":null},"('Firmantes', 'DISTRITO')":{"('0035-S-2003', 0)":null,"('0035-S-2003', 1)":null,"('0035-S-2003', 2)":null,"('0035-S-2003', 3)":null},"('Firmantes', 'BLOQUE')":{"('0035-S-2003', 0)":null,"('0035-S-2003', 1)":null,"('0035-S-2003', 2)":null,"('0035-S-2003', 3)":null},"('Giros', 'COMISI\u00d3N')":{"('0035-S-2003', 0)":"PARLAMENTARIA MIXTA REVISORA DE CUENTAS","('0035-S-2003', 1)":null,"('0035-S-2003', 2)":null,"('0035-S-2003', 3)":null},"('Tramites', 'C\u00c1MARA')":{"('0035-S-2003', 0)":"Senado","('0035-S-2003', 1)":"Diputados","('0035-S-2003', 2)":"Diputados","('0035-S-2003', 3)":"Diputados"},"('Tramites', 'MOVIMIENTO')":{"('0035-S-2003', 0)":"CONSIDERACION Y APROBACION DEL DICTAMEN DE MAYORIA","('0035-S-2003', 1)":"PASA A DIPUTADOS -","('0035-S-2003', 2)":"CONSIDERACION E INCLUSION EN EL PLAN DE LABOR DE LA PROXIMA SESION","('0035-S-2003', 3)":"INCLUSION EN PLAN DE LABOR"},"('Tramites', 'FECHA')":{"('0035-S-2003', 0)":"11\/06\/2003","('0035-S-2003', 1)":null,"('0035-S-2003', 2)":"05\/11\/2003","('0035-S-2003', 3)":"12\/11\/2003"},"('Tramites', 'RESULTADO')":{"('0035-S-2003', 0)":"MEDIA SANCION","('0035-S-2003', 1)":null,"('0035-S-2003', 2)":null,"('0035-S-2003', 3)":null},"Sumario":{"('0035-S-2003', 0)":"APROBACION DE LA MISMA, SIN PERJUICIO DE LA INICIACION NI LA PROSECUCION DE LOS PROCEDIMIENTOS DIRIGIDOS A LA EFECTIVIZACION DE LAS RESPONSABILIDADES QUE EMERJAN DE LOS HECHOS Y ACTOS REALIZADOS POR LOS FUNCIONARIOS PUBLICOS DURANTE EL PERIODO COMPRENDIDO EN LA CUENTA DE INVERSION CITADA, NI AL CUMPLIMIENTO DE LAS DECISIONES QUE DE LAS MISMAS SE ORIGINEN.","('0035-S-2003', 1)":null,"('0035-S-2003', 2)":null,"('0035-S-2003', 3)":null},"Palabra Clave":{"('0035-S-2003', 0)":" ","('0035-S-2003', 1)":null,"('0035-S-2003', 2)":null,"('0035-S-2003', 3)":null}}