{"Tipo de Proyecto":{"('0036-D-2003', 0)":"PROYECTO DE RESOLUCI\u00d3N","('0036-D-2003', 1)":null,"('0036-D-2003', 2)":null,"('0036-D-2003', 3)":null},"Iniciado en: ":{"('0036-D-2003', 0)":"Diputados","('0036-D-2003', 1)":null,"('0036-D-2003', 2)":null,"('0036-D-2003', 3)":null},"Expediente Diputados: ":{"('0036-D-2003', 0)":"0036-D-2003","('0036-D-2003', 1)":null,"('0036-D-2003', 2)":null,"('0036-D-2003', 3)":null},"Publicado en: ":{"('0036-D-2003', 0)":"Tr\u00e1mite Parlamentario N\u00b0 1","('0036-D-2003', 1)":null,"('0036-D-2003', 2)":null,"('0036-D-2003', 3)":null},"Fecha: ":{"('0036-D-2003', 0)":"03\/03\/2003","('0036-D-2003', 1)":null,"('0036-D-2003', 2)":null,"('0036-D-2003', 3)":null},"T\u00edtulo":{"('0036-D-2003', 0)":"RENDIR HOMENAJE AL 150 ANIVERSARIO DE LA CONSTITUCION NACIONAL.","('0036-D-2003', 1)":null,"('0036-D-2003', 2)":null,"('0036-D-2003', 3)":null},"('Firmantes', 'FIRMANTE')":{"('0036-D-2003', 0)":"CANTINI, GUILLERMO MARCELO","('0036-D-2003', 1)":"CASTELLANI, CARLOS ALBERTO","('0036-D-2003', 2)":"DRAGAN, MARCELO LUIS","('0036-D-2003', 3)":"SEJAS, LISANDRO MAURICIO"},"('Firmantes', 'DISTRITO')":{"('0036-D-2003', 0)":"CIUDAD de BUENOS AIRES","('0036-D-2003', 1)":"SANTA FE","('0036-D-2003', 2)":"TIERRA DEL FUEGO","('0036-D-2003', 3)":"BUENOS AIRES"},"('Firmantes', 'BLOQUE')":{"('0036-D-2003', 0)":"UNION POR ARGENTINA","('0036-D-2003', 1)":"UCEDE","('0036-D-2003', 2)":"UNION POR ARGENTINA","('0036-D-2003', 3)":"UCEDE"},"('Giros', 'COMISI\u00d3N')":{"('0036-D-2003', 0)":"LABOR PARLAMENTARIA","('0036-D-2003', 1)":null,"('0036-D-2003', 2)":null,"('0036-D-2003', 3)":null},"Palabra Clave":{"('0036-D-2003', 0)":" ","('0036-D-2003', 1)":null,"('0036-D-2003', 2)":null,"('0036-D-2003', 3)":null}}