{"Tipo de Proyecto":{"('0036-S-2003', 0)":"PROYECTO DE LEY","('0036-S-2003', 1)":null,"('0036-S-2003', 2)":null,"('0036-S-2003', 3)":null,"('0036-S-2003', 4)":null,"('0036-S-2003', 5)":null,"('0036-S-2003', 6)":null,"('0036-S-2003', 7)":null,"('0036-S-2003', 8)":null,"('0036-S-2003', 9)":null,"('0036-S-2003', 10)":null,"('0036-S-2003', 11)":null,"('0036-S-2003', 12)":null,"('0036-S-2003', 13)":null},"Iniciado en: ":{"('0036-S-2003', 0)":"Senado","('0036-S-2003', 1)":null,"('0036-S-2003', 2)":null,"('0036-S-2003', 3)":null,"('0036-S-2003', 4)":null,"('0036-S-2003', 5)":null,"('0036-S-2003', 6)":null,"('0036-S-2003', 7)":null,"('0036-S-2003', 8)":null,"('0036-S-2003', 9)":null,"('0036-S-2003', 10)":null,"('0036-S-2003', 11)":null,"('0036-S-2003', 12)":null,"('0036-S-2003', 13)":null},"Expediente Senado: ":{"('0036-S-2003', 0)":"0036-S-2003","('0036-S-2003', 1)":null,"('0036-S-2003', 2)":null,"('0036-S-2003', 3)":null,"('0036-S-2003', 4)":null,"('0036-S-2003', 5)":null,"('0036-S-2003', 6)":null,"('0036-S-2003', 7)":null,"('0036-S-2003', 8)":null,"('0036-S-2003', 9)":null,"('0036-S-2003', 10)":null,"('0036-S-2003', 11)":null,"('0036-S-2003', 12)":null,"('0036-S-2003', 13)":null},"Publicado en: ":{"('0036-S-2003', 0)":"Diario de Asuntos Entrados N\u00b0 3","('0036-S-2003', 1)":null,"('0036-S-2003', 2)":null,"('0036-S-2003', 3)":null,"('0036-S-2003', 4)":null,"('0036-S-2003', 5)":null,"('0036-S-2003', 6)":null,"('0036-S-2003', 7)":null,"('0036-S-2003', 8)":null,"('0036-S-2003', 9)":null,"('0036-S-2003', 10)":null,"('0036-S-2003', 11)":null,"('0036-S-2003', 12)":null,"('0036-S-2003', 13)":null},"Fecha: ":{"('0036-S-2003', 0)":"04\/03\/2003","('0036-S-2003', 1)":null,"('0036-S-2003', 2)":null,"('0036-S-2003', 3)":null,"('0036-S-2003', 4)":null,"('0036-S-2003', 5)":null,"('0036-S-2003', 6)":null,"('0036-S-2003', 7)":null,"('0036-S-2003', 8)":null,"('0036-S-2003', 9)":null,"('0036-S-2003', 10)":null,"('0036-S-2003', 11)":null,"('0036-S-2003', 12)":null,"('0036-S-2003', 13)":null},"T\u00edtulo":{"('0036-S-2003', 0)":"MODIFICACION DE LA LEY 23660, DE OBRAS SOCIALES.","('0036-S-2003', 1)":null,"('0036-S-2003', 2)":null,"('0036-S-2003', 3)":null,"('0036-S-2003', 4)":null,"('0036-S-2003', 5)":null,"('0036-S-2003', 6)":null,"('0036-S-2003', 7)":null,"('0036-S-2003', 8)":null,"('0036-S-2003', 9)":null,"('0036-S-2003', 10)":null,"('0036-S-2003', 11)":null,"('0036-S-2003', 12)":null,"('0036-S-2003', 13)":null},"('Firmantes', 'FIRMANTE')":{"('0036-S-2003', 0)":"RASO, MARTA ETHEL","('0036-S-2003', 1)":"MORO, EDUARDO ANIBAL","('0036-S-2003', 2)":"PERCEVAL, MARIA CRISTINA","('0036-S-2003', 3)":"ISIDORI, AMANDA","('0036-S-2003', 4)":"CAPARROS, MABEL LUISA","('0036-S-2003', 5)":"LOSADA, MARIO A.","('0036-S-2003', 6)":"PRADES, CARLOS","('0036-S-2003', 7)":"BAGLINI, RAUL EDUARDO","('0036-S-2003', 8)":"FALCO, LUIS ALBERTO","('0036-S-2003', 9)":"TAFFAREL, RICARDO CESAR","('0036-S-2003', 10)":"COLAZO, MARIO JORGE","('0036-S-2003', 11)":"OVIEDO, MERCEDES MARGARITA","('0036-S-2003', 12)":"MAESTRO, CARLOS","('0036-S-2003', 13)":"ESCUDERO, SONIA MARGARITA"},"('Firmantes', 'DISTRITO')":{"('0036-S-2003', 0)":"CHUBUT","('0036-S-2003', 1)":"CHACO","('0036-S-2003', 2)":"MENDOZA","('0036-S-2003', 3)":"RIO NEGRO","('0036-S-2003', 4)":"TIERRA DEL FUEGO","('0036-S-2003', 5)":"MISIONES","('0036-S-2003', 6)":"SANTA CRUZ","('0036-S-2003', 7)":"MENDOZA","('0036-S-2003', 8)":"RIO NEGRO","('0036-S-2003', 9)":"ENTRE RIOS","('0036-S-2003', 10)":"TIERRA DEL FUEGO","('0036-S-2003', 11)":"MISIONES","('0036-S-2003', 12)":"CHUBUT","('0036-S-2003', 13)":"SALTA"},"('Firmantes', 'BLOQUE')":{"('0036-S-2003', 0)":"UCR","('0036-S-2003', 1)":"UCR","('0036-S-2003', 2)":"JUSTICIALISTA","('0036-S-2003', 3)":"UCR","('0036-S-2003', 4)":"JUSTICIALISTA","('0036-S-2003', 5)":"UCR","('0036-S-2003', 6)":"UCR","('0036-S-2003', 7)":"UCR","('0036-S-2003', 8)":"UCR","('0036-S-2003', 9)":"UCR","('0036-S-2003', 10)":"UCR","('0036-S-2003', 11)":"JUSTICIALISTA","('0036-S-2003', 12)":"UCR","('0036-S-2003', 13)":"JUSTICIALISTA"},"Sumario":{"('0036-S-2003', 0)":"MODIFICACION DE LOS ARTICULOS 9 (BENEFICIARIOS) Y 22 (ASIGNACIONES FAMILIARES POR HIJO, HIJOS DISCAPACITADOS Y AYUDA ESCOLAR ANUAL).","('0036-S-2003', 1)":null,"('0036-S-2003', 2)":null,"('0036-S-2003', 3)":null,"('0036-S-2003', 4)":null,"('0036-S-2003', 5)":null,"('0036-S-2003', 6)":null,"('0036-S-2003', 7)":null,"('0036-S-2003', 8)":null,"('0036-S-2003', 9)":null,"('0036-S-2003', 10)":null,"('0036-S-2003', 11)":null,"('0036-S-2003', 12)":null,"('0036-S-2003', 13)":null},"Palabra Clave":{"('0036-S-2003', 0)":" ","('0036-S-2003', 1)":null,"('0036-S-2003', 2)":null,"('0036-S-2003', 3)":null,"('0036-S-2003', 4)":null,"('0036-S-2003', 5)":null,"('0036-S-2003', 6)":null,"('0036-S-2003', 7)":null,"('0036-S-2003', 8)":null,"('0036-S-2003', 9)":null,"('0036-S-2003', 10)":null,"('0036-S-2003', 11)":null,"('0036-S-2003', 12)":null,"('0036-S-2003', 13)":null}}