{"Tipo de Proyecto":{"('0037-S-2003', 0)":"MENSAJE NRO: 0199\/03 Y PROYECTO DE LEY","('0037-S-2003', 1)":null,"('0037-S-2003', 2)":null,"('0037-S-2003', 3)":null,"('0037-S-2003', 4)":null,"('0037-S-2003', 5)":null,"('0037-S-2003', 6)":null,"('0037-S-2003', 7)":null},"Iniciado en: ":{"('0037-S-2003', 0)":"Senado","('0037-S-2003', 1)":null,"('0037-S-2003', 2)":null,"('0037-S-2003', 3)":null,"('0037-S-2003', 4)":null,"('0037-S-2003', 5)":null,"('0037-S-2003', 6)":null,"('0037-S-2003', 7)":null},"Expediente Diputados: ":{"('0037-S-2003', 0)":"0037-S-2003","('0037-S-2003', 1)":null,"('0037-S-2003', 2)":null,"('0037-S-2003', 3)":null,"('0037-S-2003', 4)":null,"('0037-S-2003', 5)":null,"('0037-S-2003', 6)":null,"('0037-S-2003', 7)":null},"Expediente Senado: ":{"('0037-S-2003', 0)":"0177-PE-2003","('0037-S-2003', 1)":null,"('0037-S-2003', 2)":null,"('0037-S-2003', 3)":null,"('0037-S-2003', 4)":null,"('0037-S-2003', 5)":null,"('0037-S-2003', 6)":null,"('0037-S-2003', 7)":null},"Publicado en: ":{"('0037-S-2003', 0)":"Diario de Asuntos Entrados N\u00b0 74","('0037-S-2003', 1)":null,"('0037-S-2003', 2)":null,"('0037-S-2003', 3)":null,"('0037-S-2003', 4)":null,"('0037-S-2003', 5)":null,"('0037-S-2003', 6)":null,"('0037-S-2003', 7)":null},"Fecha: ":{"('0037-S-2003', 0)":"17\/06\/2003","('0037-S-2003', 1)":null,"('0037-S-2003', 2)":null,"('0037-S-2003', 3)":null,"('0037-S-2003', 4)":null,"('0037-S-2003', 5)":null,"('0037-S-2003', 6)":null,"('0037-S-2003', 7)":null},"T\u00edtulo":{"('0037-S-2003', 0)":"MODIFICACION DE LA LEY 19032 (INSTITUTO NACIONAL DE SERVICIOS SOCIALES PARA JUBILADOS Y PENSIONADOS - PAMI).","('0037-S-2003', 1)":null,"('0037-S-2003', 2)":null,"('0037-S-2003', 3)":null,"('0037-S-2003', 4)":null,"('0037-S-2003', 5)":null,"('0037-S-2003', 6)":null,"('0037-S-2003', 7)":null},"('Firmantes', 'FIRMANTE')":{"('0037-S-2003', 0)":"KIRCHNER, NESTOR CARLOS","('0037-S-2003', 1)":"FERNANDEZ, ALBERTO","('0037-S-2003', 2)":"GONZALEZ GARCIA, GINES MARIO","('0037-S-2003', 3)":null,"('0037-S-2003', 4)":null,"('0037-S-2003', 5)":null,"('0037-S-2003', 6)":null,"('0037-S-2003', 7)":null},"('Firmantes', 'DISTRITO')":{"('0037-S-2003', 0)":null,"('0037-S-2003', 1)":null,"('0037-S-2003', 2)":null,"('0037-S-2003', 3)":null,"('0037-S-2003', 4)":null,"('0037-S-2003', 5)":null,"('0037-S-2003', 6)":null,"('0037-S-2003', 7)":null},"('Firmantes', 'BLOQUE')":{"('0037-S-2003', 0)":"PODER EJECUTIVO","('0037-S-2003', 1)":"PODER EJECUTIVO","('0037-S-2003', 2)":"PODER EJECUTIVO","('0037-S-2003', 3)":null,"('0037-S-2003', 4)":null,"('0037-S-2003', 5)":null,"('0037-S-2003', 6)":null,"('0037-S-2003', 7)":null},"('Giros', 'COMISI\u00d3N')":{"('0037-S-2003', 0)":"ACCION SOCIAL Y SALUD PUBLICA","('0037-S-2003', 1)":null,"('0037-S-2003', 2)":null,"('0037-S-2003', 3)":null,"('0037-S-2003', 4)":null,"('0037-S-2003', 5)":null,"('0037-S-2003', 6)":null,"('0037-S-2003', 7)":null},"('Tramites', 'C\u00c1MARA')":{"('0037-S-2003', 0)":"Senado","('0037-S-2003', 1)":"Senado","('0037-S-2003', 2)":"Senado","('0037-S-2003', 3)":"Diputados","('0037-S-2003', 4)":"Diputados","('0037-S-2003', 5)":"Diputados","('0037-S-2003', 6)":"Diputados","('0037-S-2003', 7)":"Diputados"},"('Tramites', 'MOVIMIENTO')":{"('0037-S-2003', 0)":"MOCION SOBRE TABLAS (AFIRMATIVA)","('0037-S-2003', 1)":"CONSIDERACION Y APROBACION CON MODIFICACIONES","('0037-S-2003', 2)":"INSERCIONES","('0037-S-2003', 3)":"PASA A DIPUTADOS - (TP 76)","('0037-S-2003', 4)":"MOCION APARTAMIENTO DEL REGLAMENTO (AFIRMATIVA)","('0037-S-2003', 5)":"MOCION SOBRE TABLAS (AFIRMATIVA)","('0037-S-2003', 6)":"CONSIDERACION Y SANCION","('0037-S-2003', 7)":"INSERCION DEL DIPUTADO PERNASETTI"},"('Tramites', 'FECHA')":{"('0037-S-2003', 0)":"18\/06\/2003","('0037-S-2003', 1)":"18\/06\/2003","('0037-S-2003', 2)":"18\/06\/2003","('0037-S-2003', 3)":null,"('0037-S-2003', 4)":"19\/06\/2003","('0037-S-2003', 5)":"19\/06\/2003","('0037-S-2003', 6)":"19\/06\/2003","('0037-S-2003', 7)":"19\/06\/2003"},"('Tramites', 'RESULTADO')":{"('0037-S-2003', 0)":null,"('0037-S-2003', 1)":"MEDIA SANCION","('0037-S-2003', 2)":null,"('0037-S-2003', 3)":null,"('0037-S-2003', 4)":null,"('0037-S-2003', 5)":null,"('0037-S-2003', 6)":"SANCIONADO","('0037-S-2003', 7)":null},"Sumario":{"('0037-S-2003', 0)":"MODIFICACION DEL ARTICULO 15 TER AMPLIANDO LAS CAUSALES DE INTERVENCION AL MENCIONADO INSTITUTO.","('0037-S-2003', 1)":null,"('0037-S-2003', 2)":null,"('0037-S-2003', 3)":null,"('0037-S-2003', 4)":null,"('0037-S-2003', 5)":null,"('0037-S-2003', 6)":null,"('0037-S-2003', 7)":null},"Palabra Clave":{"('0037-S-2003', 0)":" ","('0037-S-2003', 1)":null,"('0037-S-2003', 2)":null,"('0037-S-2003', 3)":null,"('0037-S-2003', 4)":null,"('0037-S-2003', 5)":null,"('0037-S-2003', 6)":null,"('0037-S-2003', 7)":null}}