{"Tipo de Proyecto":{"('0038-PE-2003', 0)":"MENSAJE NRO: 0190\/03 Y PROYECTO DE LEY","('0038-PE-2003', 1)":null,"('0038-PE-2003', 2)":null,"('0038-PE-2003', 3)":null},"Iniciado en: ":{"('0038-PE-2003', 0)":"Diputados","('0038-PE-2003', 1)":null,"('0038-PE-2003', 2)":null,"('0038-PE-2003', 3)":null},"Expediente Diputados: ":{"('0038-PE-2003', 0)":"0038-PE-2003","('0038-PE-2003', 1)":null,"('0038-PE-2003', 2)":null,"('0038-PE-2003', 3)":null},"Publicado en: ":{"('0038-PE-2003', 0)":"Tr\u00e1mite Parlamentario N\u00b0 72","('0038-PE-2003', 1)":null,"('0038-PE-2003', 2)":null,"('0038-PE-2003', 3)":null},"Fecha: ":{"('0038-PE-2003', 0)":"13\/06\/2003","('0038-PE-2003', 1)":null,"('0038-PE-2003', 2)":null,"('0038-PE-2003', 3)":null},"T\u00edtulo":{"('0038-PE-2003', 0)":"AUTORIZAR LA SALIDA DEL TERRITORIO NACIONAL, DEL PERSONAL MILITAR Y MEDIOS DE LA ARMADA ARGENTINA PARA PARTICIPAR EN EL EJERCICIO UNITAS FASE RIBERE\u00d1A, A REALIZARSE DEL 23 DE JUNIO AL 13 DE JULIO DE 2003 EN PARAGUAY.","('0038-PE-2003', 1)":null,"('0038-PE-2003', 2)":null,"('0038-PE-2003', 3)":null},"('Firmantes', 'FIRMANTE')":{"('0038-PE-2003', 0)":"KIRCHNER, NESTOR CARLOS","('0038-PE-2003', 1)":"PAMPURO, JOSE JUAN BAUTISTA","('0038-PE-2003', 2)":"FERNANDEZ, ALBERTO","('0038-PE-2003', 3)":"BIELSA, RAFAEL"},"('Firmantes', 'DISTRITO')":{"('0038-PE-2003', 0)":null,"('0038-PE-2003', 1)":null,"('0038-PE-2003', 2)":null,"('0038-PE-2003', 3)":null},"('Firmantes', 'BLOQUE')":{"('0038-PE-2003', 0)":"PODER EJECUTIVO","('0038-PE-2003', 1)":"PODER EJECUTIVO","('0038-PE-2003', 2)":"PODER EJECUTIVO","('0038-PE-2003', 3)":"PODER EJECUTIVO"},"('Giros', 'COMISI\u00d3N')":{"('0038-PE-2003', 0)":"DEFENSA NACIONAL","('0038-PE-2003', 1)":"RELACIONES EXTERIORES Y CULTO","('0038-PE-2003', 2)":null,"('0038-PE-2003', 3)":null},"Palabra Clave":{"('0038-PE-2003', 0)":" ","('0038-PE-2003', 1)":null,"('0038-PE-2003', 2)":null,"('0038-PE-2003', 3)":null}}