{"Tipo de Proyecto":{"('0038-S-2003', 0)":"PROYECTO DE LEY"},"Iniciado en: ":{"('0038-S-2003', 0)":"Senado"},"Expediente Senado: ":{"('0038-S-2003', 0)":"0038-S-2003"},"Publicado en: ":{"('0038-S-2003', 0)":"Diario de Asuntos Entrados N\u00b0 3"},"Fecha: ":{"('0038-S-2003', 0)":"04\/03\/2003"},"T\u00edtulo":{"('0038-S-2003', 0)":"LEY SOBRE CONDUCTAS CONFIGURATIVAS DE ACOSO SEXUAL (REPRODUCCION DEL EXPEDIENTE 2186-S-01)."},"('Firmantes', 'FIRMANTE')":{"('0038-S-2003', 0)":"ESCUDERO, SONIA MARGARITA"},"('Firmantes', 'DISTRITO')":{"('0038-S-2003', 0)":"SALTA"},"('Firmantes', 'BLOQUE')":{"('0038-S-2003', 0)":"JUSTICIALISTA"},"Sumario":{"('0038-S-2003', 0)":"DEFINICION DE ACOSO SEXUAL; DEFINICION DE ACTO; PRESUNCION DE ACOSO SEXUAL; RESPETO; SUSTITUCION DEL ARTICULO 242 DE LA LEY 20744 (TO 1976) (JUSTA CAUSA); CONFIGURACION DE JUSTA CAUSA;  INDEMNIZACION CIVIL; DENUNCIA; AMBITO EDUCATIVO; AREA DE SALUD; EL AUTOR DE ACOSO SEXUAL ES PERSONALMENTE RESPONSABLE CON LOS ALCANCES PREVISTOS EN EL CODIGO CIVIL, SIN PERJUICIO DE LAS RESPONSABILIDADES PREVISTAS EN LA PRESENTE LEY."},"Palabra Clave":{"('0038-S-2003', 0)":" "}}