{"Tipo de Proyecto":{"('0040-S-2003', 0)":"MENSAJE NRO: 1246\/03 Y PROYECTO DE LEY","('0040-S-2003', 1)":null,"('0040-S-2003', 2)":null,"('0040-S-2003', 3)":null,"('0040-S-2003', 4)":null,"('0040-S-2003', 5)":null,"('0040-S-2003', 6)":null,"('0040-S-2003', 7)":null,"('0040-S-2003', 8)":null,"('0040-S-2003', 9)":null},"Iniciado en: ":{"('0040-S-2003', 0)":"Senado","('0040-S-2003', 1)":null,"('0040-S-2003', 2)":null,"('0040-S-2003', 3)":null,"('0040-S-2003', 4)":null,"('0040-S-2003', 5)":null,"('0040-S-2003', 6)":null,"('0040-S-2003', 7)":null,"('0040-S-2003', 8)":null,"('0040-S-2003', 9)":null},"Expediente Diputados: ":{"('0040-S-2003', 0)":"0040-S-2003","('0040-S-2003', 1)":null,"('0040-S-2003', 2)":null,"('0040-S-2003', 3)":null,"('0040-S-2003', 4)":null,"('0040-S-2003', 5)":null,"('0040-S-2003', 6)":null,"('0040-S-2003', 7)":null,"('0040-S-2003', 8)":null,"('0040-S-2003', 9)":null},"Expediente Senado: ":{"('0040-S-2003', 0)":"0145-PE-2003","('0040-S-2003', 1)":null,"('0040-S-2003', 2)":null,"('0040-S-2003', 3)":null,"('0040-S-2003', 4)":null,"('0040-S-2003', 5)":null,"('0040-S-2003', 6)":null,"('0040-S-2003', 7)":null,"('0040-S-2003', 8)":null,"('0040-S-2003', 9)":null},"Publicado en: ":{"('0040-S-2003', 0)":"Diario de Asuntos Entrados N\u00b0 61","('0040-S-2003', 1)":null,"('0040-S-2003', 2)":null,"('0040-S-2003', 3)":null,"('0040-S-2003', 4)":null,"('0040-S-2003', 5)":null,"('0040-S-2003', 6)":null,"('0040-S-2003', 7)":null,"('0040-S-2003', 8)":null,"('0040-S-2003', 9)":null},"Fecha: ":{"('0040-S-2003', 0)":"26\/05\/2003","('0040-S-2003', 1)":null,"('0040-S-2003', 2)":null,"('0040-S-2003', 3)":null,"('0040-S-2003', 4)":null,"('0040-S-2003', 5)":null,"('0040-S-2003', 6)":null,"('0040-S-2003', 7)":null,"('0040-S-2003', 8)":null,"('0040-S-2003', 9)":null},"T\u00edtulo":{"('0040-S-2003', 0)":"MODIFICACION DE LEY DE ENTIDADES FINANCIERAS (LEY 21526) Y CARTA ORGANICA DEL BANCO CENTRAL DE LA REPUBLICA ARGENTINA (LEY 24144).","('0040-S-2003', 1)":null,"('0040-S-2003', 2)":null,"('0040-S-2003', 3)":null,"('0040-S-2003', 4)":null,"('0040-S-2003', 5)":null,"('0040-S-2003', 6)":null,"('0040-S-2003', 7)":null,"('0040-S-2003', 8)":null,"('0040-S-2003', 9)":null},"('Firmantes', 'FIRMANTE')":{"('0040-S-2003', 0)":"DUHALDE, EDUARDO ALBERTO","('0040-S-2003', 1)":"ATANASOF, ALFREDO NESTOR","('0040-S-2003', 2)":"LAVAGNA, ROBERTO","('0040-S-2003', 3)":null,"('0040-S-2003', 4)":null,"('0040-S-2003', 5)":null,"('0040-S-2003', 6)":null,"('0040-S-2003', 7)":null,"('0040-S-2003', 8)":null,"('0040-S-2003', 9)":null},"('Firmantes', 'DISTRITO')":{"('0040-S-2003', 0)":null,"('0040-S-2003', 1)":null,"('0040-S-2003', 2)":null,"('0040-S-2003', 3)":null,"('0040-S-2003', 4)":null,"('0040-S-2003', 5)":null,"('0040-S-2003', 6)":null,"('0040-S-2003', 7)":null,"('0040-S-2003', 8)":null,"('0040-S-2003', 9)":null},"('Firmantes', 'BLOQUE')":{"('0040-S-2003', 0)":"PODER EJECUTIVO","('0040-S-2003', 1)":"PODER EJECUTIVO","('0040-S-2003', 2)":"PODER EJECUTIVO","('0040-S-2003', 3)":null,"('0040-S-2003', 4)":null,"('0040-S-2003', 5)":null,"('0040-S-2003', 6)":null,"('0040-S-2003', 7)":null,"('0040-S-2003', 8)":null,"('0040-S-2003', 9)":null},"('Giros', 'COMISI\u00d3N')":{"('0040-S-2003', 0)":"FINANZAS","('0040-S-2003', 1)":"LEGISLACION GENERAL","('0040-S-2003', 2)":null,"('0040-S-2003', 3)":null,"('0040-S-2003', 4)":null,"('0040-S-2003', 5)":null,"('0040-S-2003', 6)":null,"('0040-S-2003', 7)":null,"('0040-S-2003', 8)":null,"('0040-S-2003', 9)":null},"('Tramites', 'C\u00c1MARA')":{"('0040-S-2003', 0)":"Senado","('0040-S-2003', 1)":"Senado","('0040-S-2003', 2)":"Senado","('0040-S-2003', 3)":"Senado","('0040-S-2003', 4)":"Senado","('0040-S-2003', 5)":"Diputados","('0040-S-2003', 6)":"Diputados","('0040-S-2003', 7)":"Diputados","('0040-S-2003', 8)":"Diputados","('0040-S-2003', 9)":"Diputados"},"('Tramites', 'MOVIMIENTO')":{"('0040-S-2003', 0)":"MOCION DE PREFERENCIA PARA LA PROXIMA SESION CON DICTAMEN (AFIRMATIVA)","('0040-S-2003', 1)":"AMPLIACION DEL GIRO A LA COMISION DE LEGISLACION GENERAL (AFIRMATIVA)","('0040-S-2003', 2)":"MOCION SOBRE TABLAS (AFIRMATIVA)","('0040-S-2003', 3)":"CONSIDERACION Y APROBACION CON MODIFICACIONES","('0040-S-2003', 4)":"INSERCIONES","('0040-S-2003', 5)":"PASA A DIPUTADOS - (TP 76)","('0040-S-2003', 6)":"MOCION SOBRE TABLAS (AFIRMATIVA)","('0040-S-2003', 7)":"CONSIDERACION Y SANCION (VOTACION NOMINAL)","('0040-S-2003', 8)":"INSERCIONES DE LOS DIPUTADOS RODRIGUEZ, GUTIERREZ Y ROMERO","('0040-S-2003', 9)":"COMUNICACION DEL DECRETO 738\/2003 del 05\/09\/2003 DE VETO PARCIAL Y PROMULGACION"},"('Tramites', 'FECHA')":{"('0040-S-2003', 0)":"11\/06\/2003","('0040-S-2003', 1)":"11\/06\/2003","('0040-S-2003', 2)":"18\/06\/2003","('0040-S-2003', 3)":"18\/06\/2003","('0040-S-2003', 4)":"18\/06\/2003","('0040-S-2003', 5)":null,"('0040-S-2003', 6)":"27\/08\/2003","('0040-S-2003', 7)":"27\/08\/2003","('0040-S-2003', 8)":"27\/08\/2003","('0040-S-2003', 9)":null},"('Tramites', 'RESULTADO')":{"('0040-S-2003', 0)":null,"('0040-S-2003', 1)":null,"('0040-S-2003', 2)":null,"('0040-S-2003', 3)":"MEDIA SANCION","('0040-S-2003', 4)":null,"('0040-S-2003', 5)":null,"('0040-S-2003', 6)":null,"('0040-S-2003', 7)":"SANCIONADO","('0040-S-2003', 8)":null,"('0040-S-2003', 9)":null},"Sumario":{"('0040-S-2003', 0)":"MODIFICACIONES A LA LEY 21526: SUSTITUCION DEL APARTADO II (EXCLUSION DE ACTIVOS Y PASIVOS Y SU TRANSFERENCIA), APARTADO III (INTERVENCION JUDICIAL), APARTADO IV (RESPONSABILIDAD), APARTADO V (TRANSFERENCIAS DE ACTIVOS Y PASIVOS EXCLUIDOS); INCORPORACION DE ARTICULO 35 TER (ANULACION DE ACTOS); SUSTITUCION DEL ULTIMO PARRAFO DEL ARTICULO 44 (REVOCACION DE LA AUTORIZACION PARA FUNCIONAR: PAGO A ACREEDORES Y DEPOSITANTES); INCORPORACION DE PARRAFO QUINTO AL ARTICULO 48 (INFORME DEL LIQUIDADOR); DEROGACION DEL INCISO D)  Y MODIFICACION DE LOS INCISOS E) (ORDEN DE PRELACION) Y F) DEL ARTICULO 49; SUSTITUCION DEL ARTICULO 50 (QUIEBRA Y CONCURSO PREVENTIVO); MODIFICACION DEL INCISO C) DEL ARTICULO 53;\nMODIFICACIONES A LA LEY 24144: INCORPORACION DE PARRAFO AL ARTICULO 3 (APLICACION DE DISPOSICIONES AL BANCO CENTRAL DE LA REPUBLICA ARGENTINA), SUSTITUCION DEL INCISO E) DEL ARTICULO 15, MODIFICACION DEL ARTICULO 20 (ADELANTOS TRANSITORIOS AL GOBIERNO NACIONAL). FACULTADES DEL BCRA MIENTRAS DURE LA EMERGENCIA DECLARADA POR EL ARTICULO 1 DE LA LEY 25561; DEROGACION DEL DECRETO 1311\/2001, RESTABLECIENDOSE LA VIGENCIA","('0040-S-2003', 1)":null,"('0040-S-2003', 2)":null,"('0040-S-2003', 3)":null,"('0040-S-2003', 4)":null,"('0040-S-2003', 5)":null,"('0040-S-2003', 6)":null,"('0040-S-2003', 7)":null,"('0040-S-2003', 8)":null,"('0040-S-2003', 9)":null},"Palabra Clave":{"('0040-S-2003', 0)":" ","('0040-S-2003', 1)":null,"('0040-S-2003', 2)":null,"('0040-S-2003', 3)":null,"('0040-S-2003', 4)":null,"('0040-S-2003', 5)":null,"('0040-S-2003', 6)":null,"('0040-S-2003', 7)":null,"('0040-S-2003', 8)":null,"('0040-S-2003', 9)":null}}