{"Tipo de Proyecto":{"('0041-PE-2003', 0)":"MENSAJE NRO: 0208\/03 Y PROYECTO DE LEY","('0041-PE-2003', 1)":null,"('0041-PE-2003', 2)":null,"('0041-PE-2003', 3)":null,"('0041-PE-2003', 4)":null,"('0041-PE-2003', 5)":null,"('0041-PE-2003', 6)":null,"('0041-PE-2003', 7)":null,"('0041-PE-2003', 8)":null,"('0041-PE-2003', 9)":null,"('0041-PE-2003', 10)":null,"('0041-PE-2003', 11)":null,"('0041-PE-2003', 12)":null},"Iniciado en: ":{"('0041-PE-2003', 0)":"Diputados","('0041-PE-2003', 1)":null,"('0041-PE-2003', 2)":null,"('0041-PE-2003', 3)":null,"('0041-PE-2003', 4)":null,"('0041-PE-2003', 5)":null,"('0041-PE-2003', 6)":null,"('0041-PE-2003', 7)":null,"('0041-PE-2003', 8)":null,"('0041-PE-2003', 9)":null,"('0041-PE-2003', 10)":null,"('0041-PE-2003', 11)":null,"('0041-PE-2003', 12)":null},"Expediente Diputados: ":{"('0041-PE-2003', 0)":"0041-PE-2003","('0041-PE-2003', 1)":null,"('0041-PE-2003', 2)":null,"('0041-PE-2003', 3)":null,"('0041-PE-2003', 4)":null,"('0041-PE-2003', 5)":null,"('0041-PE-2003', 6)":null,"('0041-PE-2003', 7)":null,"('0041-PE-2003', 8)":null,"('0041-PE-2003', 9)":null,"('0041-PE-2003', 10)":null,"('0041-PE-2003', 11)":null,"('0041-PE-2003', 12)":null},"Expediente Senado: ":{"('0041-PE-2003', 0)":"0060-CD-2003","('0041-PE-2003', 1)":null,"('0041-PE-2003', 2)":null,"('0041-PE-2003', 3)":null,"('0041-PE-2003', 4)":null,"('0041-PE-2003', 5)":null,"('0041-PE-2003', 6)":null,"('0041-PE-2003', 7)":null,"('0041-PE-2003', 8)":null,"('0041-PE-2003', 9)":null,"('0041-PE-2003', 10)":null,"('0041-PE-2003', 11)":null,"('0041-PE-2003', 12)":null},"Publicado en: ":{"('0041-PE-2003', 0)":"Tr\u00e1mite Parlamentario N\u00b0 75","('0041-PE-2003', 1)":null,"('0041-PE-2003', 2)":null,"('0041-PE-2003', 3)":null,"('0041-PE-2003', 4)":null,"('0041-PE-2003', 5)":null,"('0041-PE-2003', 6)":null,"('0041-PE-2003', 7)":null,"('0041-PE-2003', 8)":null,"('0041-PE-2003', 9)":null,"('0041-PE-2003', 10)":null,"('0041-PE-2003', 11)":null,"('0041-PE-2003', 12)":null},"Fecha: ":{"('0041-PE-2003', 0)":"18\/06\/2003","('0041-PE-2003', 1)":null,"('0041-PE-2003', 2)":null,"('0041-PE-2003', 3)":null,"('0041-PE-2003', 4)":null,"('0041-PE-2003', 5)":null,"('0041-PE-2003', 6)":null,"('0041-PE-2003', 7)":null,"('0041-PE-2003', 8)":null,"('0041-PE-2003', 9)":null,"('0041-PE-2003', 10)":null,"('0041-PE-2003', 11)":null,"('0041-PE-2003', 12)":null},"T\u00edtulo":{"('0041-PE-2003', 0)":"INCORPORACION DEL ARTICULO 15 BIS A LA LEY 24769 DE REGIMEN PENAL TRIBUTARIO, PENAS DE PRISION.","('0041-PE-2003', 1)":null,"('0041-PE-2003', 2)":null,"('0041-PE-2003', 3)":null,"('0041-PE-2003', 4)":null,"('0041-PE-2003', 5)":null,"('0041-PE-2003', 6)":null,"('0041-PE-2003', 7)":null,"('0041-PE-2003', 8)":null,"('0041-PE-2003', 9)":null,"('0041-PE-2003', 10)":null,"('0041-PE-2003', 11)":null,"('0041-PE-2003', 12)":null},"('Firmantes', 'FIRMANTE')":{"('0041-PE-2003', 0)":"KIRCHNER, NESTOR CARLOS","('0041-PE-2003', 1)":"FERNANDEZ, ALBERTO","('0041-PE-2003', 2)":"BELIZ, GUSTAVO","('0041-PE-2003', 3)":"LAVAGNA, ROBERTO","('0041-PE-2003', 4)":null,"('0041-PE-2003', 5)":null,"('0041-PE-2003', 6)":null,"('0041-PE-2003', 7)":null,"('0041-PE-2003', 8)":null,"('0041-PE-2003', 9)":null,"('0041-PE-2003', 10)":null,"('0041-PE-2003', 11)":null,"('0041-PE-2003', 12)":null},"('Firmantes', 'DISTRITO')":{"('0041-PE-2003', 0)":null,"('0041-PE-2003', 1)":null,"('0041-PE-2003', 2)":null,"('0041-PE-2003', 3)":null,"('0041-PE-2003', 4)":null,"('0041-PE-2003', 5)":null,"('0041-PE-2003', 6)":null,"('0041-PE-2003', 7)":null,"('0041-PE-2003', 8)":null,"('0041-PE-2003', 9)":null,"('0041-PE-2003', 10)":null,"('0041-PE-2003', 11)":null,"('0041-PE-2003', 12)":null},"('Firmantes', 'BLOQUE')":{"('0041-PE-2003', 0)":"PODER EJECUTIVO","('0041-PE-2003', 1)":"PODER EJECUTIVO","('0041-PE-2003', 2)":"PODER EJECUTIVO","('0041-PE-2003', 3)":"PODER EJECUTIVO","('0041-PE-2003', 4)":null,"('0041-PE-2003', 5)":null,"('0041-PE-2003', 6)":null,"('0041-PE-2003', 7)":null,"('0041-PE-2003', 8)":null,"('0041-PE-2003', 9)":null,"('0041-PE-2003', 10)":null,"('0041-PE-2003', 11)":null,"('0041-PE-2003', 12)":null},"('Giros', 'COMISI\u00d3N')":{"('0041-PE-2003', 0)":"LEGISLACION PENAL","('0041-PE-2003', 1)":"PRESUPUESTO Y HACIENDA","('0041-PE-2003', 2)":null,"('0041-PE-2003', 3)":null,"('0041-PE-2003', 4)":null,"('0041-PE-2003', 5)":null,"('0041-PE-2003', 6)":null,"('0041-PE-2003', 7)":null,"('0041-PE-2003', 8)":null,"('0041-PE-2003', 9)":null,"('0041-PE-2003', 10)":null,"('0041-PE-2003', 11)":null,"('0041-PE-2003', 12)":null},"('Tramites', 'C\u00c1MARA')":{"('0041-PE-2003', 0)":"Senado","('0041-PE-2003', 1)":"Diputados","('0041-PE-2003', 2)":"Diputados","('0041-PE-2003', 3)":"Diputados","('0041-PE-2003', 4)":"Diputados","('0041-PE-2003', 5)":"Senado","('0041-PE-2003', 6)":"Senado","('0041-PE-2003', 7)":"Senado","('0041-PE-2003', 8)":"Senado","('0041-PE-2003', 9)":"Senado","('0041-PE-2003', 10)":"Diputados","('0041-PE-2003', 11)":"Diputados","('0041-PE-2003', 12)":"Diputados"},"('Tramites', 'MOVIMIENTO')":{"('0041-PE-2003', 0)":"MOCION DE PREFERENCIA PARA LA PROXIMA SESION CON DICTAMEN (AFIRMATIVA)","('0041-PE-2003', 1)":"MOCION DE APARTAMIENTO DEL REGLAMENTO (AFIRMATIVA)","('0041-PE-2003', 2)":"MOCION SOBRE TABLAS (AFIRMATIVA)","('0041-PE-2003', 3)":"CONSIDERACION Y APROBACION CON MODIFICACIONES","('0041-PE-2003', 4)":"INSERCIONES","('0041-PE-2003', 5)":"PASA A SENADO -","('0041-PE-2003', 6)":"MOCION DE PREFERENCIA PARA LA PROXIMA SESION CON O SIN DICTAMEN (AFIRMATIVA)","('0041-PE-2003', 7)":"MOCION APARTAMIENTO DEL REGLAMENTO (AFIRMATIVA)","('0041-PE-2003', 8)":"CONSIDERACION Y APROBACION CON MODIFICACIONES","('0041-PE-2003', 9)":"INSERCION DEL SENADOR AGUNDEZ","('0041-PE-2003', 10)":"VUELVE A DIPUTADOS - (TP 189)","('0041-PE-2003', 11)":"MOCION SOBRE TABLAS (AFIRMATIVA)","('0041-PE-2003', 12)":"CONSIDERACION Y SANCION (ACEPTACION DE LAS MODIFICACIONES INTRODUCIDAS POR EL H SENADO)"},"('Tramites', 'FECHA')":{"('0041-PE-2003', 0)":"02\/07\/2003","('0041-PE-2003', 1)":"03\/09\/2003","('0041-PE-2003', 2)":"03\/09\/2003","('0041-PE-2003', 3)":"03\/09\/2003","('0041-PE-2003', 4)":"03\/09\/2003","('0041-PE-2003', 5)":null,"('0041-PE-2003', 6)":"19\/11\/2003","('0041-PE-2003', 7)":"26\/11\/2003","('0041-PE-2003', 8)":"26\/11\/2003","('0041-PE-2003', 9)":"26\/11\/2003","('0041-PE-2003', 10)":null,"('0041-PE-2003', 11)":"17\/12\/2003","('0041-PE-2003', 12)":"17\/12\/2003"},"('Tramites', 'RESULTADO')":{"('0041-PE-2003', 0)":null,"('0041-PE-2003', 1)":null,"('0041-PE-2003', 2)":null,"('0041-PE-2003', 3)":"MEDIA SANCION","('0041-PE-2003', 4)":null,"('0041-PE-2003', 5)":null,"('0041-PE-2003', 6)":null,"('0041-PE-2003', 7)":null,"('0041-PE-2003', 8)":"MEDIA SANCION","('0041-PE-2003', 9)":null,"('0041-PE-2003', 10)":null,"('0041-PE-2003', 11)":null,"('0041-PE-2003', 12)":"SANCIONADO"},"Sumario":{"('0041-PE-2003', 0)":"SEVERAS PENAS PARA AQUELLOS QUE FORMEN PARTE DE ASOCIACIONES CRIMINALES QUE TENGAN POR FINALIDAD FAVORECER O POSIBILITAR LA EJECUCION DE DELITOS PENALES TRIBUTARIOS Y PREVISIONALES.","('0041-PE-2003', 1)":null,"('0041-PE-2003', 2)":null,"('0041-PE-2003', 3)":null,"('0041-PE-2003', 4)":null,"('0041-PE-2003', 5)":null,"('0041-PE-2003', 6)":null,"('0041-PE-2003', 7)":null,"('0041-PE-2003', 8)":null,"('0041-PE-2003', 9)":null,"('0041-PE-2003', 10)":null,"('0041-PE-2003', 11)":null,"('0041-PE-2003', 12)":null},"Palabra Clave":{"('0041-PE-2003', 0)":" ","('0041-PE-2003', 1)":null,"('0041-PE-2003', 2)":null,"('0041-PE-2003', 3)":null,"('0041-PE-2003', 4)":null,"('0041-PE-2003', 5)":null,"('0041-PE-2003', 6)":null,"('0041-PE-2003', 7)":null,"('0041-PE-2003', 8)":null,"('0041-PE-2003', 9)":null,"('0041-PE-2003', 10)":null,"('0041-PE-2003', 11)":null,"('0041-PE-2003', 12)":null}}