{"Tipo de Proyecto":{"('0041-S-2003', 0)":"PROYECTO DE RESOLUCI\u00d3N","('0041-S-2003', 1)":null},"Iniciado en: ":{"('0041-S-2003', 0)":"Senado","('0041-S-2003', 1)":null},"Expediente Senado: ":{"('0041-S-2003', 0)":"0041-S-2003","('0041-S-2003', 1)":null},"Publicado en: ":{"('0041-S-2003', 0)":"Diario de Asuntos Entrados N\u00b0 3","('0041-S-2003', 1)":null},"Fecha: ":{"('0041-S-2003', 0)":"04\/03\/2003","('0041-S-2003', 1)":null},"T\u00edtulo":{"('0041-S-2003', 0)":"ADHESION AL DIA INTERNACIONAL DE LA ELIMINACION DE LA DISCRIMINACION RACIAL, A CELEBRARSE EL DIA 21 DE MARZO . ","('0041-S-2003', 1)":null},"('Firmantes', 'FIRMANTE')":{"('0041-S-2003', 0)":"ARANCIO, MONICA","('0041-S-2003', 1)":"MORALES, GERARDO RUBEN"},"('Firmantes', 'DISTRITO')":{"('0041-S-2003', 0)":"JUJUY","('0041-S-2003', 1)":"JUJUY"},"('Firmantes', 'BLOQUE')":{"('0041-S-2003', 0)":"FRENTE CIVICO JUJE\u00d1O","('0041-S-2003', 1)":"FRENTE CIVICO JUJE\u00d1O"},"('Tramites', 'C\u00c1MARA')":{"('0041-S-2003', 0)":"Senado","('0041-S-2003', 1)":null},"('Tramites', 'MOVIMIENTO')":{"('0041-S-2003', 0)":"CONSIDERACION Y APROBACION CONJUNTAMENTE PARA LOS EXPEDIENTES 0041-S-2003 y 0287-S-2003","('0041-S-2003', 1)":null},"('Tramites', 'FECHA')":{"('0041-S-2003', 0)":"02\/07\/2003","('0041-S-2003', 1)":null},"('Tramites', 'RESULTADO')":{"('0041-S-2003', 0)":"APROBADO","('0041-S-2003', 1)":null},"Link":{"('0041-S-2003', 0)":"http:\/\/www.senado.gov.ar\/parlamentario\/comisiones\/verExp\/41.03\/S\/PR","('0041-S-2003', 1)":null},"Palabra Clave":{"('0041-S-2003', 0)":" ","('0041-S-2003', 1)":null}}