{"Tipo de Proyecto":{"('0042-OVD-2003', 0)":"PROYECTO DE RESOLUCI\u00d3N"},"Iniciado en: ":{"('0042-OVD-2003', 0)":"Senado"},"Expediente Senado: ":{"('0042-OVD-2003', 0)":"0042-OVD-2003"},"Fecha: ":{"('0042-OVD-2003', 0)":"23\/08\/2005"},"T\u00edtulo":{"('0042-OVD-2003', 0)":"RESPUESTA REMITIDA POR LA JEFATURA DE GABINETE DE MINISTROS EN RELACION A LA RESOLUCION APROBADA POR LA H CAMARA (0126-S-02) SOBRE LAS MEDIDAS ADOPTADAS EN ORDEN A SOLUCIONAR Y MEJORAR EL FUNCIONAMIENTO DE LOS SISTEMAS DE CONTROL INTERNO CONTABLE DEL BANCO CENTRAL DE LA REPUBLICA ARGENTINA, SUPERANDO LAS SITUACIONES OBSERVADAS POR EL CONTROL EXTERNO EN DICHO AMBITO."},"('Firmantes', 'FIRMANTE')":{"('0042-OVD-2003', 0)":"PARLAMENTARIA MIXTA REVISORA DE CUENTAS"},"('Firmantes', 'DISTRITO')":{"('0042-OVD-2003', 0)":null},"('Firmantes', 'BLOQUE')":{"('0042-OVD-2003', 0)":null},"('Tramites', 'C\u00c1MARA')":{"('0042-OVD-2003', 0)":"Senado"},"('Tramites', 'MOVIMIENTO')":{"('0042-OVD-2003', 0)":"CONSIDERACION Y APROBACION (AL ARCHIVO)"},"('Tramites', 'FECHA')":{"('0042-OVD-2003', 0)":"21\/09\/2005"},"('Tramites', 'RESULTADO')":{"('0042-OVD-2003', 0)":"ARCHIVADO"},"Sumario":{"('0042-OVD-2003', 0)":"HABIENDO TOMADO CONOCIMIENTO Y SIN PERJUICIO DE ULTERIORES MEDIDAS QUE PUEDAN ADOPTARSE, SE ACONSEJA SU REMISION AL ARCHIVO."},"Palabra Clave":{"('0042-OVD-2003', 0)":" "}}