{"Tipo de Proyecto":{"('0042-D-2003', 0)":"PROYECTO DE RESOLUCI\u00d3N","('0042-D-2003', 1)":null},"Iniciado en: ":{"('0042-D-2003', 0)":"Diputados","('0042-D-2003', 1)":null},"Expediente Diputados: ":{"('0042-D-2003', 0)":"0042-D-2003","('0042-D-2003', 1)":null},"Publicado en: ":{"('0042-D-2003', 0)":"Tr\u00e1mite Parlamentario N\u00b0 1","('0042-D-2003', 1)":null},"Fecha: ":{"('0042-D-2003', 0)":"03\/03\/2003","('0042-D-2003', 1)":null},"T\u00edtulo":{"('0042-D-2003', 0)":"DECLARAR DE INTERES PARLAMENTARIO LA \"EXPOSICION FERIAGRO ARGENTINA 2003\", A REALIZARSE EN JUNIN, PROVINCIA DE BUENOS AIRES.","('0042-D-2003', 1)":null},"('Firmantes', 'FIRMANTE')":{"('0042-D-2003', 0)":"GEIJO, ANGEL OSCAR","('0042-D-2003', 1)":"BAYONZO, LILIANA AMELIA"},"('Firmantes', 'DISTRITO')":{"('0042-D-2003', 0)":"CHACO","('0042-D-2003', 1)":"CHACO"},"('Firmantes', 'BLOQUE')":{"('0042-D-2003', 0)":"UCR","('0042-D-2003', 1)":"UCR"},"('Giros', 'COMISI\u00d3N')":{"('0042-D-2003', 0)":"AGRICULTURA Y GANADERIA","('0042-D-2003', 1)":null},"('Tramites', 'C\u00c1MARA')":{"('0042-D-2003', 0)":"Diputados","('0042-D-2003', 1)":null},"('Tramites', 'MOVIMIENTO')":{"('0042-D-2003', 0)":"CONSIDERACION Y APROBACION","('0042-D-2003', 1)":null},"('Tramites', 'FECHA')":{"('0042-D-2003', 0)":"08\/05\/2003","('0042-D-2003', 1)":null},"('Tramites', 'RESULTADO')":{"('0042-D-2003', 0)":"APROBADO","('0042-D-2003', 1)":null},"Palabra Clave":{"('0042-D-2003', 0)":" ","('0042-D-2003', 1)":null}}