{"Tipo de Proyecto":{"('0043-S-2003', 0)":"COMUNICACION","('0043-S-2003', 1)":null},"Iniciado en: ":{"('0043-S-2003', 0)":"Senado","('0043-S-2003', 1)":null},"Expediente Senado: ":{"('0043-S-2003', 0)":"0043-S-2003","('0043-S-2003', 1)":null},"Publicado en: ":{"('0043-S-2003', 0)":"Diario de Asuntos Entrados N\u00b0 4","('0043-S-2003', 1)":null},"Fecha: ":{"('0043-S-2003', 0)":"05\/03\/2003","('0043-S-2003', 1)":null},"T\u00edtulo":{"('0043-S-2003', 0)":"PEDIDO DE INFORMES AL PODER EJECUTIVO SOBRE EL PROGRAMA NACIONAL FERNER PARA LA ADQUISICION DE PANELES SOLARES EN JUJUY.","('0043-S-2003', 1)":null},"('Firmantes', 'FIRMANTE')":{"('0043-S-2003', 0)":"ARANCIO, MONICA","('0043-S-2003', 1)":"MORALES, GERARDO RUBEN"},"('Firmantes', 'DISTRITO')":{"('0043-S-2003', 0)":"JUJUY","('0043-S-2003', 1)":"JUJUY"},"('Firmantes', 'BLOQUE')":{"('0043-S-2003', 0)":"FRENTE CIVICO JUJE\u00d1O","('0043-S-2003', 1)":"FRENTE CIVICO JUJE\u00d1O"},"('Tramites', 'C\u00c1MARA')":{"('0043-S-2003', 0)":"Senado","('0043-S-2003', 1)":"Senado"},"('Tramites', 'MOVIMIENTO')":{"('0043-S-2003', 0)":"CONSIDERACION Y APROBACION CON MODIFICACIONES","('0043-S-2003', 1)":"CONTESTACION DEL PODER EJECUTIVO NACIONAL - GIRADO A LA COMISION RESPECTIVA"},"('Tramites', 'FECHA')":{"('0043-S-2003', 0)":"04\/06\/2003","('0043-S-2003', 1)":null},"('Tramites', 'RESULTADO')":{"('0043-S-2003', 0)":"APROBADO","('0043-S-2003', 1)":null},"Link":{"('0043-S-2003', 0)":"http:\/\/www.senado.gov.ar\/parlamentario\/comisiones\/verExp\/43.03\/S\/PC","('0043-S-2003', 1)":null},"Palabra Clave":{"('0043-S-2003', 0)":" ","('0043-S-2003', 1)":null}}