{"Tipo de Proyecto":{"('0043-D-2003', 0)":"PROYECTO DE RESOLUCI\u00d3N","('0043-D-2003', 1)":null,"('0043-D-2003', 2)":null},"Iniciado en: ":{"('0043-D-2003', 0)":"Diputados","('0043-D-2003', 1)":null,"('0043-D-2003', 2)":null},"Expediente Diputados: ":{"('0043-D-2003', 0)":"0043-D-2003","('0043-D-2003', 1)":null,"('0043-D-2003', 2)":null},"Publicado en: ":{"('0043-D-2003', 0)":"Tr\u00e1mite Parlamentario N\u00b0 1","('0043-D-2003', 1)":null,"('0043-D-2003', 2)":null},"Fecha: ":{"('0043-D-2003', 0)":"03\/03\/2003","('0043-D-2003', 1)":null,"('0043-D-2003', 2)":null},"T\u00edtulo":{"('0043-D-2003', 0)":"PEDIDO DE INFORMES AL PODER EJECUTIVO NACIONAL PARA QUE INFORME SOBRE LOS PLANES SOCIALES OTORGADOS DURANTE LOS ULTIMOS SEIS MESES.","('0043-D-2003', 1)":null,"('0043-D-2003', 2)":null},"('Firmantes', 'FIRMANTE')":{"('0043-D-2003', 0)":"GEIJO, ANGEL OSCAR","('0043-D-2003', 1)":"BAYONZO, LILIANA AMELIA","('0043-D-2003', 2)":null},"('Firmantes', 'DISTRITO')":{"('0043-D-2003', 0)":"CHACO","('0043-D-2003', 1)":"CHACO","('0043-D-2003', 2)":null},"('Firmantes', 'BLOQUE')":{"('0043-D-2003', 0)":"UCR","('0043-D-2003', 1)":"UCR","('0043-D-2003', 2)":null},"('Giros', 'COMISI\u00d3N')":{"('0043-D-2003', 0)":"ACCION SOCIAL Y SALUD PUBLICA","('0043-D-2003', 1)":"LEGISLACION DEL TRABAJO","('0043-D-2003', 2)":"FAMILIA, MUJER, NI\u00d1EZ Y ADOLESCENCIA"},"Palabra Clave":{"('0043-D-2003', 0)":" ","('0043-D-2003', 1)":null,"('0043-D-2003', 2)":null}}