{"Tipo de Proyecto":{"('0046-D-2003', 0)":"PROYECTO DE LEY","('0046-D-2003', 1)":null,"('0046-D-2003', 2)":null},"Iniciado en: ":{"('0046-D-2003', 0)":"Diputados","('0046-D-2003', 1)":null,"('0046-D-2003', 2)":null},"Expediente Diputados: ":{"('0046-D-2003', 0)":"0046-D-2003","('0046-D-2003', 1)":null,"('0046-D-2003', 2)":null},"Publicado en: ":{"('0046-D-2003', 0)":"Tr\u00e1mite Parlamentario N\u00b0 1","('0046-D-2003', 1)":null,"('0046-D-2003', 2)":null},"Fecha: ":{"('0046-D-2003', 0)":"03\/03\/2003","('0046-D-2003', 1)":null,"('0046-D-2003', 2)":null},"T\u00edtulo":{"('0046-D-2003', 0)":"ESTABLECER LA OBLIGACION PARA TODAS AQUELLAS EMPRESAS PRIVATIZADAS POR EL ESTADO NACIONAL Y EN LAS QUE SE CONSTITUYERON PROGRAMAS DE PROPIEDAD PARTICIPADA PARA LOS EMPLEADOS, DE CONTAR CON UN REPRESENTANTE EN EL DIRECTORIO DE LA EMPRESA.","('0046-D-2003', 1)":null,"('0046-D-2003', 2)":null},"('Firmantes', 'FIRMANTE')":{"('0046-D-2003', 0)":"CHAYA, MARIA LELIA","('0046-D-2003', 1)":null,"('0046-D-2003', 2)":null},"('Firmantes', 'DISTRITO')":{"('0046-D-2003', 0)":"SALTA","('0046-D-2003', 1)":null,"('0046-D-2003', 2)":null},"('Firmantes', 'BLOQUE')":{"('0046-D-2003', 0)":"JUSTICIALISTA","('0046-D-2003', 1)":null,"('0046-D-2003', 2)":null},"('Giros', 'COMISI\u00d3N')":{"('0046-D-2003', 0)":"OBRAS PUBLICAS","('0046-D-2003', 1)":"LEGISLACION DEL TRABAJO","('0046-D-2003', 2)":"ECONOMIA"},"Sumario":{"('0046-D-2003', 0)":"ADAPTACION DE LOS ESTATUTOS SOCIALES A LOS FINES DE LA INCORPORACION DEL REPRESENTANTE DE LOS TITULARES DE LAS ACCIONES QUE INTEGREN EL PROGRAMA DE PROPIEDAD PARTICIPADA.","('0046-D-2003', 1)":null,"('0046-D-2003', 2)":null},"Palabra Clave":{"('0046-D-2003', 0)":" ","('0046-D-2003', 1)":null,"('0046-D-2003', 2)":null}}