{"Tipo de Proyecto":{"('0047-S-2003', 0)":"PROYECTO DE RESOLUCI\u00d3N","('0047-S-2003', 1)":null,"('0047-S-2003', 2)":null},"Iniciado en: ":{"('0047-S-2003', 0)":"Senado","('0047-S-2003', 1)":null,"('0047-S-2003', 2)":null},"Expediente Diputados: ":{"('0047-S-2003', 0)":"0047-S-2003","('0047-S-2003', 1)":null,"('0047-S-2003', 2)":null},"Expediente Senado: ":{"('0047-S-2003', 0)":"0257-OV-2001","('0047-S-2003', 1)":null,"('0047-S-2003', 2)":null},"Fecha: ":{"('0047-S-2003', 0)":"12\/06\/2003","('0047-S-2003', 1)":null,"('0047-S-2003', 2)":null},"T\u00edtulo":{"('0047-S-2003', 0)":"DICTAMEN EN LA RESOLUCION REMITIDA POR LA AUDITORIA GENERAL DE LA NACION SOBRE ACTUACIONES RELACIONADAS CON EL PROCESO DE PRIVATIZACION DE LA CAJA NACIONAL DE AHORRO Y SEGURO.","('0047-S-2003', 1)":null,"('0047-S-2003', 2)":null},"('Firmantes', 'FIRMANTE')":{"('0047-S-2003', 0)":"PARLAMENTARIA MIXTA REVISORA DE CUENTAS","('0047-S-2003', 1)":null,"('0047-S-2003', 2)":null},"('Firmantes', 'DISTRITO')":{"('0047-S-2003', 0)":null,"('0047-S-2003', 1)":null,"('0047-S-2003', 2)":null},"('Firmantes', 'BLOQUE')":{"('0047-S-2003', 0)":null,"('0047-S-2003', 1)":null,"('0047-S-2003', 2)":null},"('Giros', 'COMISI\u00d3N')":{"('0047-S-2003', 0)":"PARLAMENTARIA MIXTA REVISORA DE CUENTAS","('0047-S-2003', 1)":null,"('0047-S-2003', 2)":null},"('Tramites', 'C\u00c1MARA')":{"('0047-S-2003', 0)":"Senado","('0047-S-2003', 1)":"Diputados","('0047-S-2003', 2)":"Diputados"},"('Tramites', 'MOVIMIENTO')":{"('0047-S-2003', 0)":"CONSIDERACION Y APROBACION","('0047-S-2003', 1)":"PASA A DIPUTADOS -","('0047-S-2003', 2)":"CONSIDERACION Y APROBACION"},"('Tramites', 'FECHA')":{"('0047-S-2003', 0)":"02\/07\/2003","('0047-S-2003', 1)":null,"('0047-S-2003', 2)":"13\/08\/2003"},"('Tramites', 'RESULTADO')":{"('0047-S-2003', 0)":"APROBADO","('0047-S-2003', 1)":null,"('0047-S-2003', 2)":"APROBADO"},"Sumario":{"('0047-S-2003', 0)":"SOLICITUD AL PODER EJECUTIVO NACIONAL PARA QUE INFORME SOBRE LAS MEDIDAS ADOPTADAS EN RELACION A LAS SITUACIONES OBSERVADAS.","('0047-S-2003', 1)":null,"('0047-S-2003', 2)":null},"Palabra Clave":{"('0047-S-2003', 0)":" ","('0047-S-2003', 1)":null,"('0047-S-2003', 2)":null}}