{"Tipo de Proyecto":{"('0048-D-2003', 0)":"PROYECTO DE LEY","('0048-D-2003', 1)":null,"('0048-D-2003', 2)":null},"Iniciado en: ":{"('0048-D-2003', 0)":"Diputados","('0048-D-2003', 1)":null,"('0048-D-2003', 2)":null},"Expediente Diputados: ":{"('0048-D-2003', 0)":"0048-D-2003","('0048-D-2003', 1)":null,"('0048-D-2003', 2)":null},"Publicado en: ":{"('0048-D-2003', 0)":"Tr\u00e1mite Parlamentario N\u00b0 1","('0048-D-2003', 1)":null,"('0048-D-2003', 2)":null},"Fecha: ":{"('0048-D-2003', 0)":"03\/03\/2003","('0048-D-2003', 1)":null,"('0048-D-2003', 2)":null},"T\u00edtulo":{"('0048-D-2003', 0)":"CREACION DEL INSTITUTO NACIONAL DE CATASTROFES Y EMERGENCIA (INCE) EN EL AMBITO DE LA PRESIDENCIA DE LA NACION.","('0048-D-2003', 1)":null,"('0048-D-2003', 2)":null},"('Firmantes', 'FIRMANTE')":{"('0048-D-2003', 0)":"CHAYA, MARIA LELIA","('0048-D-2003', 1)":null,"('0048-D-2003', 2)":null},"('Firmantes', 'DISTRITO')":{"('0048-D-2003', 0)":"SALTA","('0048-D-2003', 1)":null,"('0048-D-2003', 2)":null},"('Firmantes', 'BLOQUE')":{"('0048-D-2003', 0)":"JUSTICIALISTA","('0048-D-2003', 1)":null,"('0048-D-2003', 2)":null},"('Giros', 'COMISI\u00d3N')":{"('0048-D-2003', 0)":"ACCION SOCIAL Y SALUD PUBLICA","('0048-D-2003', 1)":"RECURSOS NATURALES Y CONSERVACION DEL AMBIENTE HUMANO","('0048-D-2003', 2)":"PRESUPUESTO Y HACIENDA"},"Sumario":{"('0048-D-2003', 0)":"FUNCIONES: ATENCION DE LAS CATASTROFES Y EMERGENCIAS CALAMITOSAS PRODUCIDAS POR FUERZA MAYOR, CASO FORTUITO O ACCION HUMANA, QUE PRODUZCAN EFECTOS PERTURBADORES O DESASTRES AFECTANDO EL ESTADO SOCIAL Y SANITARIO, O EL MEDIO AMBIENTE, LA FLORA, LA FAUNA, LOS RECURSOS Y ESPEJOS DE AGUA; ALCANCES; INTEGRACION DE LA COMISION NACIONAL DEL INCE, FACULTADES, PATRIMONIO; TRANSFERENCIAS; CREDITOS INTERNOS O EXTERNOS PARA LA FINANCIACION DE LOS COSTOS DEL PROYECTO.","('0048-D-2003', 1)":null,"('0048-D-2003', 2)":null},"Palabra Clave":{"('0048-D-2003', 0)":" ","('0048-D-2003', 1)":null,"('0048-D-2003', 2)":null}}