{"Tipo de Proyecto":{"('0049-PE-2003', 0)":"MENSAJE NRO: 0260\/03","('0049-PE-2003', 1)":null,"('0049-PE-2003', 2)":null,"('0049-PE-2003', 3)":null},"Iniciado en: ":{"('0049-PE-2003', 0)":"Diputados","('0049-PE-2003', 1)":null,"('0049-PE-2003', 2)":null,"('0049-PE-2003', 3)":null},"Expediente Diputados: ":{"('0049-PE-2003', 0)":"0049-PE-2003","('0049-PE-2003', 1)":null,"('0049-PE-2003', 2)":null,"('0049-PE-2003', 3)":null},"Publicado en: ":{"('0049-PE-2003', 0)":"Tr\u00e1mite Parlamentario N\u00b0 80","('0049-PE-2003', 1)":null,"('0049-PE-2003', 2)":null,"('0049-PE-2003', 3)":null},"Fecha: ":{"('0049-PE-2003', 0)":"25\/06\/2003","('0049-PE-2003', 1)":null,"('0049-PE-2003', 2)":null,"('0049-PE-2003', 3)":null},"T\u00edtulo":{"('0049-PE-2003', 0)":"COMUNICACION DEL DECRETO 259\/03 POR EL CUAL SE MODIFICA EL PRESUPUESTO DE LA ADMINISTRACION NACIONAL - RECURSOS HUMANOS - PARA EL EJERCICIO 2003.","('0049-PE-2003', 1)":null,"('0049-PE-2003', 2)":null,"('0049-PE-2003', 3)":null},"('Firmantes', 'FIRMANTE')":{"('0049-PE-2003', 0)":"KIRCHNER, NESTOR CARLOS","('0049-PE-2003', 1)":"FERNANDEZ, ALBERTO","('0049-PE-2003', 2)":"LAVAGNA, ROBERTO","('0049-PE-2003', 3)":"DE VIDO, JULIO"},"('Firmantes', 'DISTRITO')":{"('0049-PE-2003', 0)":null,"('0049-PE-2003', 1)":null,"('0049-PE-2003', 2)":null,"('0049-PE-2003', 3)":null},"('Firmantes', 'BLOQUE')":{"('0049-PE-2003', 0)":"PODER EJECUTIVO","('0049-PE-2003', 1)":"PODER EJECUTIVO","('0049-PE-2003', 2)":"PODER EJECUTIVO","('0049-PE-2003', 3)":"PODER EJECUTIVO"},"('Giros', 'COMISI\u00d3N')":{"('0049-PE-2003', 0)":"BICAMERAL PERMANENTE DE TRAMITE LEGISLATIVO - LEY 26122","('0049-PE-2003', 1)":null,"('0049-PE-2003', 2)":null,"('0049-PE-2003', 3)":null},"('Tramites', 'C\u00c1MARA')":{"('0049-PE-2003', 0)":"Diputados","('0049-PE-2003', 1)":"Diputados","('0049-PE-2003', 2)":null,"('0049-PE-2003', 3)":null},"('Tramites', 'MOVIMIENTO')":{"('0049-PE-2003', 0)":"SOLICITUD DEL PRESIDENTE DE LA COMISION BICAMERAL PERMANENTE DE TRAMITE LEGISLATIVO (LEY 26122) DE REMISION DEL EXPEDIENTE PARA SU ANALISIS (A LA PRESIDENCIA)","('0049-PE-2003', 1)":"EXPEDIENTE ORIGINALMENTE GIRADO A LA COMISION DE PRESUPUESTO Y HACIENDA; SE LO REMITE A LA COMISION BICAMERAL DE TRAMITE LEGISLATIVO (LEY 26122)","('0049-PE-2003', 2)":null,"('0049-PE-2003', 3)":null},"('Tramites', 'FECHA')":{"('0049-PE-2003', 0)":"25\/04\/2007","('0049-PE-2003', 1)":null,"('0049-PE-2003', 2)":null,"('0049-PE-2003', 3)":null},"('Tramites', 'RESULTADO')":{"('0049-PE-2003', 0)":null,"('0049-PE-2003', 1)":null,"('0049-PE-2003', 2)":null,"('0049-PE-2003', 3)":null},"Palabra Clave":{"('0049-PE-2003', 0)":" ","('0049-PE-2003', 1)":null,"('0049-PE-2003', 2)":null,"('0049-PE-2003', 3)":null}}