{"Tipo de Proyecto":{"('0050-D-2003', 0)":"PROYECTO DE LEY","('0050-D-2003', 1)":null,"('0050-D-2003', 2)":null},"Iniciado en: ":{"('0050-D-2003', 0)":"Diputados","('0050-D-2003', 1)":null,"('0050-D-2003', 2)":null},"Expediente Diputados: ":{"('0050-D-2003', 0)":"0050-D-2003","('0050-D-2003', 1)":null,"('0050-D-2003', 2)":null},"Publicado en: ":{"('0050-D-2003', 0)":"Tr\u00e1mite Parlamentario N\u00b0 1","('0050-D-2003', 1)":null,"('0050-D-2003', 2)":null},"Fecha: ":{"('0050-D-2003', 0)":"03\/03\/2003","('0050-D-2003', 1)":null,"('0050-D-2003', 2)":null},"T\u00edtulo":{"('0050-D-2003', 0)":"AUTORIZACION PARA LA EJECUCION DEL PROYECTO FALTANTE Y OBRA DEL CANAL EL TUNAL - FIGUEROA ENTRE LOS DEPARTAMENTOS DE METAN, PROVINCIA DE SALTA Y FIGUEROA, PROVINCIA DE SANTIAGO DEL ESTERO.","('0050-D-2003', 1)":null,"('0050-D-2003', 2)":null},"('Firmantes', 'FIRMANTE')":{"('0050-D-2003', 0)":"CHAYA, MARIA LELIA","('0050-D-2003', 1)":null,"('0050-D-2003', 2)":null},"('Firmantes', 'DISTRITO')":{"('0050-D-2003', 0)":"SALTA","('0050-D-2003', 1)":null,"('0050-D-2003', 2)":null},"('Firmantes', 'BLOQUE')":{"('0050-D-2003', 0)":"JUSTICIALISTA","('0050-D-2003', 1)":null,"('0050-D-2003', 2)":null},"('Giros', 'COMISI\u00d3N')":{"('0050-D-2003', 0)":"INTERESES MARITIMOS, FLUVIALES, PESQUEROS Y PORTUARIOS","('0050-D-2003', 1)":"OBRAS PUBLICAS","('0050-D-2003', 2)":"PRESUPUESTO Y HACIENDA"},"Sumario":{"('0050-D-2003', 0)":"CARACTERISTICAS DEL ACUEDUCTO; DECLARACION DE UTILIDAD PUBLICA Y SUJETOS A EXPROPIACION DE TODOS LOS INMUEBLES QUE SEAN NECESARIOS PARA LA CONSTRUCCION DEL ACUEDUCTO Y SUS OBRAS ACCESORIAS; TRANSFERENCIAS; CREDITOS INTERNOS PARA LA FINANCIACION DE LOS COSTOS DE LA CONCLUSION DEL PROYECTO Y EJECUCION DE LA OBRA MENCIONADA.","('0050-D-2003', 1)":null,"('0050-D-2003', 2)":null},"Palabra Clave":{"('0050-D-2003', 0)":" ","('0050-D-2003', 1)":null,"('0050-D-2003', 2)":null}}