{"Tipo de Proyecto":{"('0051-PE-2003', 0)":"MENSAJE NRO: 0387\/03","('0051-PE-2003', 1)":null,"('0051-PE-2003', 2)":null},"Iniciado en: ":{"('0051-PE-2003', 0)":"Diputados","('0051-PE-2003', 1)":null,"('0051-PE-2003', 2)":null},"Expediente Diputados: ":{"('0051-PE-2003', 0)":"0051-PE-2003","('0051-PE-2003', 1)":null,"('0051-PE-2003', 2)":null},"Publicado en: ":{"('0051-PE-2003', 0)":"Tr\u00e1mite Parlamentario N\u00b0 93","('0051-PE-2003', 1)":null,"('0051-PE-2003', 2)":null},"Fecha: ":{"('0051-PE-2003', 0)":"15\/07\/2003","('0051-PE-2003', 1)":null,"('0051-PE-2003', 2)":null},"T\u00edtulo":{"('0051-PE-2003', 0)":"COMUNICACION DEL DECRETO 386\/03, POR EL CUAL SE MODIFICA EL ARTICULO 12 DE LA LEY 24452, DEL CHEQUE, SOBRE EXENCIONES A LA EXTENSION CON LA CLAUSULA NO A LA ORDEN.","('0051-PE-2003', 1)":null,"('0051-PE-2003', 2)":null},"('Firmantes', 'FIRMANTE')":{"('0051-PE-2003', 0)":"KIRCHNER, NESTOR CARLOS","('0051-PE-2003', 1)":"FERNANDEZ, ANIBAL","('0051-PE-2003', 2)":"LAVAGNA, ROBERTO"},"('Firmantes', 'DISTRITO')":{"('0051-PE-2003', 0)":null,"('0051-PE-2003', 1)":null,"('0051-PE-2003', 2)":null},"('Firmantes', 'BLOQUE')":{"('0051-PE-2003', 0)":"PODER EJECUTIVO","('0051-PE-2003', 1)":"PODER EJECUTIVO","('0051-PE-2003', 2)":"PODER EJECUTIVO"},"('Giros', 'COMISI\u00d3N')":{"('0051-PE-2003', 0)":"BICAMERAL PERMANENTE DE TRAMITE LEGISLATIVO - LEY 26122","('0051-PE-2003', 1)":null,"('0051-PE-2003', 2)":null},"('Tramites', 'C\u00c1MARA')":{"('0051-PE-2003', 0)":"Diputados","('0051-PE-2003', 1)":"Diputados","('0051-PE-2003', 2)":null},"('Tramites', 'MOVIMIENTO')":{"('0051-PE-2003', 0)":"SOLICITUD DEL PRESIDENTE DE LA COMISION BICAMERAL PERMANENTE DE TRAMITE LEGISLATIVO (LEY 26122) DE REMISION DEL EXPEDIENTE PARA SU ANALISIS (A LA PRESIDENCIA)","('0051-PE-2003', 1)":"EXPEDIENTE ORIGINALMENTE GIRADO A LAS COMISIONES DE FINANZAS Y LEGISLACION GENERAL; SE LO REMITE A LA COMISION BICAMERAL PERMANENTE DE TRAMITE LEGISLATIVO (LEY 26122)","('0051-PE-2003', 2)":null},"('Tramites', 'FECHA')":{"('0051-PE-2003', 0)":"06\/06\/2007","('0051-PE-2003', 1)":null,"('0051-PE-2003', 2)":null},"('Tramites', 'RESULTADO')":{"('0051-PE-2003', 0)":null,"('0051-PE-2003', 1)":null,"('0051-PE-2003', 2)":null},"Palabra Clave":{"('0051-PE-2003', 0)":" ","('0051-PE-2003', 1)":null,"('0051-PE-2003', 2)":null}}