{"Tipo de Proyecto":{"('0052-D-2003', 0)":"PROYECTO DE LEY","('0052-D-2003', 1)":null},"Iniciado en: ":{"('0052-D-2003', 0)":"Diputados","('0052-D-2003', 1)":null},"Expediente Diputados: ":{"('0052-D-2003', 0)":"0052-D-2003","('0052-D-2003', 1)":null},"Publicado en: ":{"('0052-D-2003', 0)":"Tr\u00e1mite Parlamentario N\u00b0 1","('0052-D-2003', 1)":null},"Fecha: ":{"('0052-D-2003', 0)":"03\/03\/2003","('0052-D-2003', 1)":null},"T\u00edtulo":{"('0052-D-2003', 0)":"CREACION DE UNA COMISION BICAMERAL INVESTIGADORA DE LA PROFANACION DE LOS RESTOS MORTALES DEL EX PRESIDENTE JUAN DOMINGO PERON.","('0052-D-2003', 1)":null},"('Firmantes', 'FIRMANTE')":{"('0052-D-2003', 0)":"CHAYA, MARIA LELIA","('0052-D-2003', 1)":null},"('Firmantes', 'DISTRITO')":{"('0052-D-2003', 0)":"SALTA","('0052-D-2003', 1)":null},"('Firmantes', 'BLOQUE')":{"('0052-D-2003', 0)":"JUSTICIALISTA","('0052-D-2003', 1)":null},"('Giros', 'COMISI\u00d3N')":{"('0052-D-2003', 0)":"LEGISLACION PENAL","('0052-D-2003', 1)":"PETICIONES, PODERES Y REGLAMENTO"},"Sumario":{"('0052-D-2003', 0)":"INTEGRACION.","('0052-D-2003', 1)":null},"Palabra Clave":{"('0052-D-2003', 0)":" ","('0052-D-2003', 1)":null}}