{"Tipo de Proyecto":{"('0052-PE-2003', 0)":"MENSAJE NRO: 0393\/03","('0052-PE-2003', 1)":null,"('0052-PE-2003', 2)":null},"Iniciado en: ":{"('0052-PE-2003', 0)":"Diputados","('0052-PE-2003', 1)":null,"('0052-PE-2003', 2)":null},"Expediente Diputados: ":{"('0052-PE-2003', 0)":"0052-PE-2003","('0052-PE-2003', 1)":null,"('0052-PE-2003', 2)":null},"Publicado en: ":{"('0052-PE-2003', 0)":"Tr\u00e1mite Parlamentario N\u00b0 93","('0052-PE-2003', 1)":null,"('0052-PE-2003', 2)":null},"Fecha: ":{"('0052-PE-2003', 0)":"15\/07\/2003","('0052-PE-2003', 1)":null,"('0052-PE-2003', 2)":null},"T\u00edtulo":{"('0052-PE-2003', 0)":"COMUNICACION EL DECRETO 392\/03, SOBRE INCREMENTO A PARTIR DEL 1 DE JULIO DE 2003, DE LA REMUNERACION BASICA DE LOS TRABAJADORES DEL SECTOR PRIVADO EN RELACION DE DEPENDENCIA.","('0052-PE-2003', 1)":null,"('0052-PE-2003', 2)":null},"('Firmantes', 'FIRMANTE')":{"('0052-PE-2003', 0)":"KIRCHNER, NESTOR CARLOS","('0052-PE-2003', 1)":"FERNANDEZ, ALBERTO","('0052-PE-2003', 2)":"TOMADA, CARLOS"},"('Firmantes', 'DISTRITO')":{"('0052-PE-2003', 0)":null,"('0052-PE-2003', 1)":null,"('0052-PE-2003', 2)":null},"('Firmantes', 'BLOQUE')":{"('0052-PE-2003', 0)":"PODER EJECUTIVO","('0052-PE-2003', 1)":"PODER EJECUTIVO","('0052-PE-2003', 2)":"PODER EJECUTIVO"},"('Giros', 'COMISI\u00d3N')":{"('0052-PE-2003', 0)":"BICAMERAL DE SEGUIMIENTO DE FACULTADES DELEGADAS AL PODER EJECUTIVO NACIONAL - LEY 25561","('0052-PE-2003', 1)":null,"('0052-PE-2003', 2)":null},"Palabra Clave":{"('0052-PE-2003', 0)":" ","('0052-PE-2003', 1)":null,"('0052-PE-2003', 2)":null}}