{"Tipo de Proyecto":{"('0052-S-2003', 0)":"PROYECTO DE RESOLUCI\u00d3N","('0052-S-2003', 1)":null,"('0052-S-2003', 2)":null},"Iniciado en: ":{"('0052-S-2003', 0)":"Senado","('0052-S-2003', 1)":null,"('0052-S-2003', 2)":null},"Expediente Diputados: ":{"('0052-S-2003', 0)":"0052-S-2003","('0052-S-2003', 1)":null,"('0052-S-2003', 2)":null},"Expediente Senado: ":{"('0052-S-2003', 0)":"0347-OV-2000","('0052-S-2003', 1)":null,"('0052-S-2003', 2)":null},"Fecha: ":{"('0052-S-2003', 0)":"17\/06\/2003","('0052-S-2003', 1)":null,"('0052-S-2003', 2)":null},"T\u00edtulo":{"('0052-S-2003', 0)":"DICTAMEN EN LAS RESOLUCIONES REMITIDAS POR LA AUDITORIA GENERAL DE LA NACION SOBRE SOBRE LOS ESTADOS FINANCIEROS AL 31 DE DICIEMBRE DE 1999 (0347-OV-00) Y 31 DE DICIEMBRE DE 2000 (0378-OV-01), DEL PROYECTO PNUD ARG\/94\/012, APOYO EN LA FORMULACION DEL PROYECTO DE REFORMA DEL SECTOR DE SALUD - CIUDAD DE BUENOS AIRES, CONURBANO BONAERENSE Y MENDOZA - CONVENIO DE PRESTAMO 3931-AR BIRF.","('0052-S-2003', 1)":null,"('0052-S-2003', 2)":null},"('Firmantes', 'FIRMANTE')":{"('0052-S-2003', 0)":"PARLAMENTARIA MIXTA REVISORA DE CUENTAS","('0052-S-2003', 1)":null,"('0052-S-2003', 2)":null},"('Firmantes', 'DISTRITO')":{"('0052-S-2003', 0)":null,"('0052-S-2003', 1)":null,"('0052-S-2003', 2)":null},"('Firmantes', 'BLOQUE')":{"('0052-S-2003', 0)":null,"('0052-S-2003', 1)":null,"('0052-S-2003', 2)":null},"('Giros', 'COMISI\u00d3N')":{"('0052-S-2003', 0)":"PARLAMENTARIA MIXTA REVISORA DE CUENTAS","('0052-S-2003', 1)":null,"('0052-S-2003', 2)":null},"('Tramites', 'C\u00c1MARA')":{"('0052-S-2003', 0)":"Senado","('0052-S-2003', 1)":"Diputados","('0052-S-2003', 2)":"Diputados"},"('Tramites', 'MOVIMIENTO')":{"('0052-S-2003', 0)":"CONSIDERACION Y APROBACION","('0052-S-2003', 1)":"PASA A DIPUTADOS -","('0052-S-2003', 2)":"CONSIDERACION Y APROBACION"},"('Tramites', 'FECHA')":{"('0052-S-2003', 0)":"02\/07\/2003","('0052-S-2003', 1)":"02\/07\/2003","('0052-S-2003', 2)":"13\/08\/2003"},"('Tramites', 'RESULTADO')":{"('0052-S-2003', 0)":"APROBADO","('0052-S-2003', 1)":null,"('0052-S-2003', 2)":"APROBADO"},"Sumario":{"('0052-S-2003', 0)":"SOLICITUD AL PODER EJECUTIVO NACIONAL PARA QUE INFORME SOBRE LAS MEDIDAS ADOPTADAS EN ATENCION A LAS OBSERVACIONES FORMULADAS.","('0052-S-2003', 1)":null,"('0052-S-2003', 2)":null},"Palabra Clave":{"('0052-S-2003', 0)":" ","('0052-S-2003', 1)":null,"('0052-S-2003', 2)":null}}