{"Tipo de Proyecto":{"('0053-PE-2003', 0)":"MENSAJE NRO: 0389\/03","('0053-PE-2003', 1)":null,"('0053-PE-2003', 2)":null},"Iniciado en: ":{"('0053-PE-2003', 0)":"Diputados","('0053-PE-2003', 1)":null,"('0053-PE-2003', 2)":null},"Expediente Diputados: ":{"('0053-PE-2003', 0)":"0053-PE-2003","('0053-PE-2003', 1)":null,"('0053-PE-2003', 2)":null},"Publicado en: ":{"('0053-PE-2003', 0)":"Tr\u00e1mite Parlamentario N\u00b0 93","('0053-PE-2003', 1)":null,"('0053-PE-2003', 2)":null},"Fecha: ":{"('0053-PE-2003', 0)":"15\/07\/2003","('0053-PE-2003', 1)":null,"('0053-PE-2003', 2)":null},"T\u00edtulo":{"('0053-PE-2003', 0)":"COMUNICACION DEL DECRETO 388\/03, POR EL CUAL SE FIJA A PARTIR DEL 1 DE JULIO DE 2003 UN INCREMENTO DEL SALARIO MINIMO, VITAL Y MOVIL EN LA CANTIDAD DE PESOS UNO CON VEINTICINCO CENTAVOS ($ 1,25) POR HORA, PARA LOS TRABAJADORES JORNALIZADOS Y DE PESOS DOSCIENTOS CINCUENTA ($ 250) POR MES PARA LOS TRABAJADORES MENSUALIZADOS QUE CUMPLEN LA JORNADA LEGAL A TIEMPO COMPLETO.","('0053-PE-2003', 1)":null,"('0053-PE-2003', 2)":null},"('Firmantes', 'FIRMANTE')":{"('0053-PE-2003', 0)":"KIRCHNER, NESTOR CARLOS","('0053-PE-2003', 1)":"TOMADA, CARLOS","('0053-PE-2003', 2)":"FERNANDEZ, ALBERTO"},"('Firmantes', 'DISTRITO')":{"('0053-PE-2003', 0)":null,"('0053-PE-2003', 1)":null,"('0053-PE-2003', 2)":null},"('Firmantes', 'BLOQUE')":{"('0053-PE-2003', 0)":"PODER EJECUTIVO","('0053-PE-2003', 1)":"PODER EJECUTIVO","('0053-PE-2003', 2)":"PODER EJECUTIVO"},"('Giros', 'COMISI\u00d3N')":{"('0053-PE-2003', 0)":"BICAMERAL DE SEGUIMIENTO DE FACULTADES DELEGADAS AL PODER EJECUTIVO NACIONAL - LEY 25561","('0053-PE-2003', 1)":null,"('0053-PE-2003', 2)":null},"Palabra Clave":{"('0053-PE-2003', 0)":" ","('0053-PE-2003', 1)":null,"('0053-PE-2003', 2)":null}}