{"Tipo de Proyecto":{"('0055-S-2003', 0)":"PROYECTO DE LEY"},"Iniciado en: ":{"('0055-S-2003', 0)":"Senado"},"Expediente Senado: ":{"('0055-S-2003', 0)":"0055-S-2003"},"Publicado en: ":{"('0055-S-2003', 0)":"Diario de Asuntos Entrados N\u00b0 4"},"Fecha: ":{"('0055-S-2003', 0)":"05\/03\/2003"},"T\u00edtulo":{"('0055-S-2003', 0)":"REGIMEN ESPECIAL DE PROMOCION PARA EL DESARROLLO ECONOMICO Y SOCIAL DEL AREA DE FRONTERA \"LA PUNA\" DETERMINADA POR DECRETO 887\/94."},"('Firmantes', 'FIRMANTE')":{"('0055-S-2003', 0)":"JENEFES, GUILLERMO RAUL"},"('Firmantes', 'DISTRITO')":{"('0055-S-2003', 0)":"JUJUY"},"('Firmantes', 'BLOQUE')":{"('0055-S-2003', 0)":"JUSTICIALISTA"},"Sumario":{"('0055-S-2003', 0)":"AMBITO DE APLICACION; ALCANCES Y OBJETIVOS; TRATAMIENTO FISCAL Y BENEFICIOS CREDITICIOS."},"Palabra Clave":{"('0055-S-2003', 0)":" "}}