{"Tipo de Proyecto":{"('0055-D-2003', 0)":"PROYECTO DE LEY","('0055-D-2003', 1)":null,"('0055-D-2003', 2)":null},"Iniciado en: ":{"('0055-D-2003', 0)":"Diputados","('0055-D-2003', 1)":null,"('0055-D-2003', 2)":null},"Expediente Diputados: ":{"('0055-D-2003', 0)":"0055-D-2003","('0055-D-2003', 1)":null,"('0055-D-2003', 2)":null},"Publicado en: ":{"('0055-D-2003', 0)":"Tr\u00e1mite Parlamentario N\u00b0 1","('0055-D-2003', 1)":null,"('0055-D-2003', 2)":null},"Fecha: ":{"('0055-D-2003', 0)":"03\/03\/2003","('0055-D-2003', 1)":null,"('0055-D-2003', 2)":null},"T\u00edtulo":{"('0055-D-2003', 0)":"CONSTRUCCION DE UN CAMINO PAVIMENTADO EN EL TRAMO EMPALME RUTA NACIONAL 34, LIMITE CON LA PROVINCIA DE FORMOSA DE LA RUTA NACIONAL 86 EN LA PROVINCIA DE SALTA, EL QUE DEBERA ESTAR EMPLAZADO DENTRO DE LOS LIMITES REFERIDOS.","('0055-D-2003', 1)":null,"('0055-D-2003', 2)":null},"('Firmantes', 'FIRMANTE')":{"('0055-D-2003', 0)":"CHAYA, MARIA LELIA","('0055-D-2003', 1)":null,"('0055-D-2003', 2)":null},"('Firmantes', 'DISTRITO')":{"('0055-D-2003', 0)":"SALTA","('0055-D-2003', 1)":null,"('0055-D-2003', 2)":null},"('Firmantes', 'BLOQUE')":{"('0055-D-2003', 0)":"JUSTICIALISTA","('0055-D-2003', 1)":null,"('0055-D-2003', 2)":null},"('Giros', 'COMISI\u00d3N')":{"('0055-D-2003', 0)":"TRANSPORTES","('0055-D-2003', 1)":"OBRAS PUBLICAS","('0055-D-2003', 2)":"PRESUPUESTO Y HACIENDA"},"Sumario":{"('0055-D-2003', 0)":"REASIGNACION EN LOS CREDITOS PRESUPUESTARIOS PARA LA IMPLEMENTACION DE LA CITADA OBRA; FINANCIACION.","('0055-D-2003', 1)":null,"('0055-D-2003', 2)":null},"Palabra Clave":{"('0055-D-2003', 0)":" ","('0055-D-2003', 1)":null,"('0055-D-2003', 2)":null}}