{"Tipo de Proyecto":{"('0056-S-2003', 0)":"COMUNICACION"},"Iniciado en: ":{"('0056-S-2003', 0)":"Senado"},"Expediente Senado: ":{"('0056-S-2003', 0)":"0056-S-2003"},"Publicado en: ":{"('0056-S-2003', 0)":"Diario de Asuntos Entrados N\u00b0 4"},"Fecha: ":{"('0056-S-2003', 0)":"05\/03\/2003"},"T\u00edtulo":{"('0056-S-2003', 0)":"SOLICITUD AL PODER EJECUTIVO SE CONCLUYA LA REALIZACION DE LA RED DE ABASTECIMIENTO DEL SERVICIO DE GAS NATURAL A LAS LOCALIDADES DE ABRA PAMPA Y LA QUIACA, PROVINCIA DE JUJUY. "},"('Firmantes', 'FIRMANTE')":{"('0056-S-2003', 0)":"JENEFES, GUILLERMO RAUL"},"('Firmantes', 'DISTRITO')":{"('0056-S-2003', 0)":"JUJUY"},"('Firmantes', 'BLOQUE')":{"('0056-S-2003', 0)":"JUSTICIALISTA"},"('Tramites', 'C\u00c1MARA')":{"('0056-S-2003', 0)":"Senado"},"('Tramites', 'MOVIMIENTO')":{"('0056-S-2003', 0)":"CONSIDERACION Y APROBACION"},"('Tramites', 'FECHA')":{"('0056-S-2003', 0)":"17\/09\/2003"},"('Tramites', 'RESULTADO')":{"('0056-S-2003', 0)":"APROBADO"},"Link":{"('0056-S-2003', 0)":"http:\/\/www.senado.gov.ar\/parlamentario\/comisiones\/verExp\/56.03\/S\/PC"},"Palabra Clave":{"('0056-S-2003', 0)":" "}}