{"Tipo de Proyecto":{"('0056-D-2003', 0)":"PROYECTO DE LEY","('0056-D-2003', 1)":null,"('0056-D-2003', 2)":null},"Iniciado en: ":{"('0056-D-2003', 0)":"Diputados","('0056-D-2003', 1)":null,"('0056-D-2003', 2)":null},"Expediente Diputados: ":{"('0056-D-2003', 0)":"0056-D-2003","('0056-D-2003', 1)":null,"('0056-D-2003', 2)":null},"Publicado en: ":{"('0056-D-2003', 0)":"Tr\u00e1mite Parlamentario N\u00b0 1","('0056-D-2003', 1)":null,"('0056-D-2003', 2)":null},"Fecha: ":{"('0056-D-2003', 0)":"03\/03\/2003","('0056-D-2003', 1)":null,"('0056-D-2003', 2)":null},"T\u00edtulo":{"('0056-D-2003', 0)":"REGIMEN DE CONTROL PARA EL INGRESO Y EGRESO DE PASAJEROS COMO ASI TAMBIEN DE LOS DIVERSOS OBJETOS QUE SE INTRODUZCAN EN DIVERSAS UNIDADES DE TRANSPORTES INTERJURISDICCIONALES.","('0056-D-2003', 1)":null,"('0056-D-2003', 2)":null},"('Firmantes', 'FIRMANTE')":{"('0056-D-2003', 0)":"CHAYA, MARIA LELIA","('0056-D-2003', 1)":null,"('0056-D-2003', 2)":null},"('Firmantes', 'DISTRITO')":{"('0056-D-2003', 0)":"SALTA","('0056-D-2003', 1)":null,"('0056-D-2003', 2)":null},"('Firmantes', 'BLOQUE')":{"('0056-D-2003', 0)":"JUSTICIALISTA","('0056-D-2003', 1)":null,"('0056-D-2003', 2)":null},"('Giros', 'COMISI\u00d3N')":{"('0056-D-2003', 0)":"TRANSPORTES","('0056-D-2003', 1)":"SEGURIDAD INTERIOR","('0056-D-2003', 2)":"DEFENSA DEL CONSUMIDOR"},"Sumario":{"('0056-D-2003', 0)":"EFECTIVIZACION DE LAS MEDIDAS DE CONTROL CITADAS; MULTAS EN CASO DE INCUMPLIMIENTO.","('0056-D-2003', 1)":null,"('0056-D-2003', 2)":null},"Palabra Clave":{"('0056-D-2003', 0)":" ","('0056-D-2003', 1)":null,"('0056-D-2003', 2)":null}}