{"Tipo de Proyecto":{"('0057-D-2003', 0)":"PROYECTO DE LEY"},"Iniciado en: ":{"('0057-D-2003', 0)":"Diputados"},"Expediente Diputados: ":{"('0057-D-2003', 0)":"0057-D-2003"},"Publicado en: ":{"('0057-D-2003', 0)":"Tr\u00e1mite Parlamentario N\u00b0 1"},"Fecha: ":{"('0057-D-2003', 0)":"03\/03\/2003"},"T\u00edtulo":{"('0057-D-2003', 0)":"MODIFICACION AL CODIGO PROCESAL PENAL."},"('Firmantes', 'FIRMANTE')":{"('0057-D-2003', 0)":"CHAYA, MARIA LELIA"},"('Firmantes', 'DISTRITO')":{"('0057-D-2003', 0)":"SALTA"},"('Firmantes', 'BLOQUE')":{"('0057-D-2003', 0)":"JUSTICIALISTA"},"('Giros', 'COMISI\u00d3N')":{"('0057-D-2003', 0)":"LEGISLACION PENAL"},"Sumario":{"('0057-D-2003', 0)":"MODIFICACION AL ARTICULO 184 (DETENCION DE PERSONAS POR LA POLICIA O FUERZAS DE SEGURIDAD)."},"Palabra Clave":{"('0057-D-2003', 0)":" "}}