{"Tipo de Proyecto":{"('0057-PE-2003', 0)":"MENSAJE NRO: 0433\/03","('0057-PE-2003', 1)":null,"('0057-PE-2003', 2)":null},"Iniciado en: ":{"('0057-PE-2003', 0)":"Diputados","('0057-PE-2003', 1)":null,"('0057-PE-2003', 2)":null},"Expediente Diputados: ":{"('0057-PE-2003', 0)":"0057-PE-2003","('0057-PE-2003', 1)":null,"('0057-PE-2003', 2)":null},"Publicado en: ":{"('0057-PE-2003', 0)":"Tr\u00e1mite Parlamentario N\u00b0 103","('0057-PE-2003', 1)":null,"('0057-PE-2003', 2)":null},"Fecha: ":{"('0057-PE-2003', 0)":"29\/07\/2003","('0057-PE-2003', 1)":null,"('0057-PE-2003', 2)":null},"T\u00edtulo":{"('0057-PE-2003', 0)":"COMUNICACION DEL DECRETO 432\/03, DE APLICABILIDAD DEL REGIMEN ESTABLECIDO POR DECRETO 1913\/02, DE AUTORIZACION AL MINISTRO DEL INTERIOR PARA APROBAR CONTRATACIONES DE BIENES Y SERVICIOS PARA EL PROCESO ELECCIONARIO.","('0057-PE-2003', 1)":null,"('0057-PE-2003', 2)":null},"('Firmantes', 'FIRMANTE')":{"('0057-PE-2003', 0)":"KIRCHNER, NESTOR CARLOS","('0057-PE-2003', 1)":"FERNANDEZ, ALBERTO","('0057-PE-2003', 2)":"FERNANDEZ, ANIBAL"},"('Firmantes', 'DISTRITO')":{"('0057-PE-2003', 0)":null,"('0057-PE-2003', 1)":null,"('0057-PE-2003', 2)":null},"('Firmantes', 'BLOQUE')":{"('0057-PE-2003', 0)":"PODER EJECUTIVO","('0057-PE-2003', 1)":"PODER EJECUTIVO","('0057-PE-2003', 2)":"PODER EJECUTIVO"},"('Giros', 'COMISI\u00d3N')":{"('0057-PE-2003', 0)":"BICAMERAL PERMANENTE DE TRAMITE LEGISLATIVO - LEY 26122","('0057-PE-2003', 1)":null,"('0057-PE-2003', 2)":null},"('Tramites', 'C\u00c1MARA')":{"('0057-PE-2003', 0)":"Diputados","('0057-PE-2003', 1)":"Diputados","('0057-PE-2003', 2)":null},"('Tramites', 'MOVIMIENTO')":{"('0057-PE-2003', 0)":"SOLICITUD DEL PRESIDENTE DE LA COMISION BICAMERAL PERMANENTE DE TRAMITE LEGISLATIVO (LEY 26122) DE REMISION DEL EXPEDIENTE PARA SU ANALISIS (A LA PRESIDENCIA)","('0057-PE-2003', 1)":"EXPEDIENTE ORIGINALMENTE GIRADO A LAS COMISIONES DE ASUNTOS CONSTITUCIONALES Y PRESUPUESTO Y HACIENDA; SE LO REMITE A LA COMISION BICAMERAL DE TRAMITE LEGISLATIVO (LEY 26122)","('0057-PE-2003', 2)":null},"('Tramites', 'FECHA')":{"('0057-PE-2003', 0)":"25\/04\/2007","('0057-PE-2003', 1)":null,"('0057-PE-2003', 2)":null},"('Tramites', 'RESULTADO')":{"('0057-PE-2003', 0)":null,"('0057-PE-2003', 1)":null,"('0057-PE-2003', 2)":null},"Palabra Clave":{"('0057-PE-2003', 0)":" ","('0057-PE-2003', 1)":null,"('0057-PE-2003', 2)":null}}