{"Tipo de Proyecto":{"('0058-D-2003', 0)":"PROYECTO DE LEY","('0058-D-2003', 1)":null,"('0058-D-2003', 2)":null},"Iniciado en: ":{"('0058-D-2003', 0)":"Diputados","('0058-D-2003', 1)":null,"('0058-D-2003', 2)":null},"Expediente Diputados: ":{"('0058-D-2003', 0)":"0058-D-2003","('0058-D-2003', 1)":null,"('0058-D-2003', 2)":null},"Publicado en: ":{"('0058-D-2003', 0)":"Tr\u00e1mite Parlamentario N\u00b0 1","('0058-D-2003', 1)":null,"('0058-D-2003', 2)":null},"Fecha: ":{"('0058-D-2003', 0)":"03\/03\/2003","('0058-D-2003', 1)":null,"('0058-D-2003', 2)":null},"T\u00edtulo":{"('0058-D-2003', 0)":"DISPONER LA PAVIMENTACION ENTRE LAS PROGRESIVAS 0,00 - 5,30 KM, EN LA RUTA NACIONAL 51, PROVINCIA DE SALTA.","('0058-D-2003', 1)":null,"('0058-D-2003', 2)":null},"('Firmantes', 'FIRMANTE')":{"('0058-D-2003', 0)":"CHAYA, MARIA LELIA","('0058-D-2003', 1)":null,"('0058-D-2003', 2)":null},"('Firmantes', 'DISTRITO')":{"('0058-D-2003', 0)":"SALTA","('0058-D-2003', 1)":null,"('0058-D-2003', 2)":null},"('Firmantes', 'BLOQUE')":{"('0058-D-2003', 0)":"JUSTICIALISTA","('0058-D-2003', 1)":null,"('0058-D-2003', 2)":null},"('Giros', 'COMISI\u00d3N')":{"('0058-D-2003', 0)":"TRANSPORTES","('0058-D-2003', 1)":"OBRAS PUBLICAS","('0058-D-2003', 2)":"PRESUPUESTO Y HACIENDA"},"Sumario":{"('0058-D-2003', 0)":"REASIGNACION EN LOS CREDITOS PRESUPUESTARIOS PARA LA IMPLEMENTACION DE LA CITADA OBRA; FINANCIACION A TRAVES DE CREDITOS INTERNOS.","('0058-D-2003', 1)":null,"('0058-D-2003', 2)":null},"Palabra Clave":{"('0058-D-2003', 0)":" ","('0058-D-2003', 1)":null,"('0058-D-2003', 2)":null}}