{"Tipo de Proyecto":{"('0058-PE-2003', 0)":"MENSAJE NRO: 0531\/03","('0058-PE-2003', 1)":null,"('0058-PE-2003', 2)":null},"Iniciado en: ":{"('0058-PE-2003', 0)":"Diputados","('0058-PE-2003', 1)":null,"('0058-PE-2003', 2)":null},"Expediente Diputados: ":{"('0058-PE-2003', 0)":"0058-PE-2003","('0058-PE-2003', 1)":null,"('0058-PE-2003', 2)":null},"Publicado en: ":{"('0058-PE-2003', 0)":"Tr\u00e1mite Parlamentario N\u00b0 109","('0058-PE-2003', 1)":null,"('0058-PE-2003', 2)":null},"Fecha: ":{"('0058-PE-2003', 0)":"06\/08\/2003","('0058-PE-2003', 1)":null,"('0058-PE-2003', 2)":null},"T\u00edtulo":{"('0058-PE-2003', 0)":"COMUNICACION DEL DECRETO 530\/03 POR EL CUAL LA CAJA DE VALORES SA PROCEDERA CONFORME EL DECRETO 1646\/01, AL REINTEGRO DE LOS INSTRUMENTOS DE DEUDA PUBLICA QUE DIERON ORIGEN A LOS PRESTAMOS GARANTIZADOS DEL GOBIERNO NACIONAL CUYOS ACREEDORES, NO HAYAN SUSCRIPTO LA CARTA DE ACEPTACION QUE OBRA EN EL ANEXO DEL DECRETO 644\/02.","('0058-PE-2003', 1)":null,"('0058-PE-2003', 2)":null},"('Firmantes', 'FIRMANTE')":{"('0058-PE-2003', 0)":"KIRCHNER, NESTOR CARLOS","('0058-PE-2003', 1)":"FERNANDEZ, ALBERTO","('0058-PE-2003', 2)":"LAVAGNA, ROBERTO"},"('Firmantes', 'DISTRITO')":{"('0058-PE-2003', 0)":null,"('0058-PE-2003', 1)":null,"('0058-PE-2003', 2)":null},"('Firmantes', 'BLOQUE')":{"('0058-PE-2003', 0)":"PODER EJECUTIVO","('0058-PE-2003', 1)":"PODER EJECUTIVO","('0058-PE-2003', 2)":"PODER EJECUTIVO"},"('Giros', 'COMISI\u00d3N')":{"('0058-PE-2003', 0)":"BICAMERAL DE SEGUIMIENTO DE FACULTADES DELEGADAS AL PODER EJECUTIVO NACIONAL - LEY 25561","('0058-PE-2003', 1)":null,"('0058-PE-2003', 2)":null},"('Tramites', 'C\u00c1MARA')":{"('0058-PE-2003', 0)":"Diputados","('0058-PE-2003', 1)":null,"('0058-PE-2003', 2)":null},"('Tramites', 'MOVIMIENTO')":{"('0058-PE-2003', 0)":"Nota DIP: ratificado por ley 25827","('0058-PE-2003', 1)":null,"('0058-PE-2003', 2)":null},"('Tramites', 'FECHA')":{"('0058-PE-2003', 0)":null,"('0058-PE-2003', 1)":null,"('0058-PE-2003', 2)":null},"('Tramites', 'RESULTADO')":{"('0058-PE-2003', 0)":null,"('0058-PE-2003', 1)":null,"('0058-PE-2003', 2)":null},"Palabra Clave":{"('0058-PE-2003', 0)":" ","('0058-PE-2003', 1)":null,"('0058-PE-2003', 2)":null}}