{"Tipo de Proyecto":{"('0058-S-2003', 0)":"COMUNICACION","('0058-S-2003', 1)":null,"('0058-S-2003', 2)":null},"Iniciado en: ":{"('0058-S-2003', 0)":"Senado","('0058-S-2003', 1)":null,"('0058-S-2003', 2)":null},"Expediente Senado: ":{"('0058-S-2003', 0)":"0058-S-2003","('0058-S-2003', 1)":null,"('0058-S-2003', 2)":null},"Publicado en: ":{"('0058-S-2003', 0)":"Diario de Asuntos Entrados N\u00b0 4","('0058-S-2003', 1)":null,"('0058-S-2003', 2)":null},"Fecha: ":{"('0058-S-2003', 0)":"05\/03\/2003","('0058-S-2003', 1)":null,"('0058-S-2003', 2)":null},"T\u00edtulo":{"('0058-S-2003', 0)":"PEDIDO DE INFORMES AL PODER EJECUTIVO SOBRE LAS ETAPAS PLANIFICADAS EN MATERIA DE MINAS ANTIPERSONAL, EN CUMPLIMIENTO DE LA CONVENCION DE OTTAWA.","('0058-S-2003', 1)":null,"('0058-S-2003', 2)":null},"('Firmantes', 'FIRMANTE')":{"('0058-S-2003', 0)":"MORO, EDUARDO ANIBAL","('0058-S-2003', 1)":"LOSADA, MARIO A.","('0058-S-2003', 2)":"MAESTRO, CARLOS"},"('Firmantes', 'DISTRITO')":{"('0058-S-2003', 0)":"CHACO","('0058-S-2003', 1)":"MISIONES","('0058-S-2003', 2)":"CHUBUT"},"('Firmantes', 'BLOQUE')":{"('0058-S-2003', 0)":"UCR","('0058-S-2003', 1)":"UCR","('0058-S-2003', 2)":"UCR"},"('Tramites', 'C\u00c1MARA')":{"('0058-S-2003', 0)":"Senado","('0058-S-2003', 1)":"Senado","('0058-S-2003', 2)":"Senado"},"('Tramites', 'MOVIMIENTO')":{"('0058-S-2003', 0)":"CONSIDERACION Y APROBACION","('0058-S-2003', 1)":"CONTESTACION DEL PODER EJECUTIVO NACIONAL - GIRADO A LA COMISION RESPECTIVA","('0058-S-2003', 2)":"CONTESTACION DEL PODER EJECUTIVO NACIONAL - GIRADO A LA COMISION RESPECTIVA"},"('Tramites', 'FECHA')":{"('0058-S-2003', 0)":"17\/09\/2003","('0058-S-2003', 1)":null,"('0058-S-2003', 2)":null},"('Tramites', 'RESULTADO')":{"('0058-S-2003', 0)":"APROBADO","('0058-S-2003', 1)":null,"('0058-S-2003', 2)":null},"Link":{"('0058-S-2003', 0)":"http:\/\/www.senado.gov.ar\/parlamentario\/comisiones\/verExp\/58.03\/S\/PC","('0058-S-2003', 1)":null,"('0058-S-2003', 2)":null},"Palabra Clave":{"('0058-S-2003', 0)":" ","('0058-S-2003', 1)":null,"('0058-S-2003', 2)":null}}