{"Tipo de Proyecto":{"('0059-S-2003', 0)":"PROYECTO DE DECLARACI\u00d3N","('0059-S-2003', 1)":null},"Iniciado en: ":{"('0059-S-2003', 0)":"Senado","('0059-S-2003', 1)":null},"Expediente Senado: ":{"('0059-S-2003', 0)":"0059-S-2003","('0059-S-2003', 1)":null},"Publicado en: ":{"('0059-S-2003', 0)":"Diario de Asuntos Entrados N\u00b0 4","('0059-S-2003', 1)":null},"Fecha: ":{"('0059-S-2003', 0)":"05\/03\/2003","('0059-S-2003', 1)":null},"T\u00edtulo":{"('0059-S-2003', 0)":"ADHESION AL DIA INTERNACIONAL DE LA MUJER A CONMEMORARSE EL PROXIMO 8 DE MARZO.","('0059-S-2003', 1)":null},"('Firmantes', 'FIRMANTE')":{"('0059-S-2003', 0)":"LESCANO, MARCELA FABIANA","('0059-S-2003', 1)":null},"('Firmantes', 'DISTRITO')":{"('0059-S-2003', 0)":"FORMOSA","('0059-S-2003', 1)":null},"('Firmantes', 'BLOQUE')":{"('0059-S-2003', 0)":"UCR","('0059-S-2003', 1)":null},"('Tramites', 'C\u00c1MARA')":{"('0059-S-2003', 0)":"Senado","('0059-S-2003', 1)":"Senado"},"('Tramites', 'MOVIMIENTO')":{"('0059-S-2003', 0)":"MOCION SOBRE TABLAS (AFIRMATIVA) CONJUNTAMENTE PARA LOS EXPEDIENTES 3572-S-2002, 3604-S-2002, 3605-S-2002, 0005-S-2003, 0042-S-2003, 0032-S-2003, 0059-S-2003, 0068-S-2003, 0097-S-2003 y 0105-S-2003","('0059-S-2003', 1)":"CONSIDERACION Y APROBACION CON MODIFICACIONES CONJUNTAMENTE PARA LOS EXPEDIENTES 3572-S-2002, 3604-S-2002, 3605-S-2002, 0005-S-2003, 0042-S-2003, 0032-S-2003, 0059-S-2003, 0068-S-2003, 0097-S-2003 y 0105-S-2003"},"('Tramites', 'FECHA')":{"('0059-S-2003', 0)":"06\/03\/2003","('0059-S-2003', 1)":"06\/03\/2003"},"('Tramites', 'RESULTADO')":{"('0059-S-2003', 0)":null,"('0059-S-2003', 1)":"APROBADO"},"Link":{"('0059-S-2003', 0)":"http:\/\/www.senado.gov.ar\/parlamentario\/comisiones\/verExp\/59.03\/S\/PD","('0059-S-2003', 1)":null},"Palabra Clave":{"('0059-S-2003', 0)":" ","('0059-S-2003', 1)":null}}