{"Tipo de Proyecto":{"('0060-D-2003', 0)":"PROYECTO DE LEY","('0060-D-2003', 1)":null,"('0060-D-2003', 2)":null,"('0060-D-2003', 3)":null,"('0060-D-2003', 4)":null,"('0060-D-2003', 5)":null,"('0060-D-2003', 6)":null},"Iniciado en: ":{"('0060-D-2003', 0)":"Diputados","('0060-D-2003', 1)":null,"('0060-D-2003', 2)":null,"('0060-D-2003', 3)":null,"('0060-D-2003', 4)":null,"('0060-D-2003', 5)":null,"('0060-D-2003', 6)":null},"Expediente Diputados: ":{"('0060-D-2003', 0)":"0060-D-2003","('0060-D-2003', 1)":null,"('0060-D-2003', 2)":null,"('0060-D-2003', 3)":null,"('0060-D-2003', 4)":null,"('0060-D-2003', 5)":null,"('0060-D-2003', 6)":null},"Publicado en: ":{"('0060-D-2003', 0)":"Tr\u00e1mite Parlamentario N\u00b0 1","('0060-D-2003', 1)":null,"('0060-D-2003', 2)":null,"('0060-D-2003', 3)":null,"('0060-D-2003', 4)":null,"('0060-D-2003', 5)":null,"('0060-D-2003', 6)":null},"Fecha: ":{"('0060-D-2003', 0)":"03\/03\/2003","('0060-D-2003', 1)":null,"('0060-D-2003', 2)":null,"('0060-D-2003', 3)":null,"('0060-D-2003', 4)":null,"('0060-D-2003', 5)":null,"('0060-D-2003', 6)":null},"T\u00edtulo":{"('0060-D-2003', 0)":"MODIFICACION A LA LEY 23344, SOBRE EL ESPACIO DE LA LEYENDA \"EL FUMAR ES PERJUDICIAL PARA LA SALUD\" EN LOS ENVASES DE LOS PRODUCTOS DESTINADOS AL FUMADOR.","('0060-D-2003', 1)":null,"('0060-D-2003', 2)":null,"('0060-D-2003', 3)":null,"('0060-D-2003', 4)":null,"('0060-D-2003', 5)":null,"('0060-D-2003', 6)":null},"('Firmantes', 'FIRMANTE')":{"('0060-D-2003', 0)":"CHAYA, MARIA LELIA","('0060-D-2003', 1)":null,"('0060-D-2003', 2)":null,"('0060-D-2003', 3)":null,"('0060-D-2003', 4)":null,"('0060-D-2003', 5)":null,"('0060-D-2003', 6)":null},"('Firmantes', 'DISTRITO')":{"('0060-D-2003', 0)":"SALTA","('0060-D-2003', 1)":null,"('0060-D-2003', 2)":null,"('0060-D-2003', 3)":null,"('0060-D-2003', 4)":null,"('0060-D-2003', 5)":null,"('0060-D-2003', 6)":null},"('Firmantes', 'BLOQUE')":{"('0060-D-2003', 0)":"JUSTICIALISTA","('0060-D-2003', 1)":null,"('0060-D-2003', 2)":null,"('0060-D-2003', 3)":null,"('0060-D-2003', 4)":null,"('0060-D-2003', 5)":null,"('0060-D-2003', 6)":null},"('Giros', 'COMISI\u00d3N')":{"('0060-D-2003', 0)":"PREVENCION DE ADICCIONES Y CONTROL DEL NARCOTRAFICO","('0060-D-2003', 1)":"ACCION SOCIAL Y SALUD PUBLICA","('0060-D-2003', 2)":"INDUSTRIA","('0060-D-2003', 3)":"COMERCIO","('0060-D-2003', 4)":"COMUNICACIONES E INFORMATICA","('0060-D-2003', 5)":"DEFENSA DEL CONSUMIDOR","('0060-D-2003', 6)":"PRESUPUESTO Y HACIENDA"},"('Tramites', 'C\u00c1MARA')":{"('0060-D-2003', 0)":"Diputados","('0060-D-2003', 1)":null,"('0060-D-2003', 2)":null,"('0060-D-2003', 3)":null,"('0060-D-2003', 4)":null,"('0060-D-2003', 5)":null,"('0060-D-2003', 6)":null},"('Tramites', 'MOVIMIENTO')":{"('0060-D-2003', 0)":"RESOLUCION DE PRESIDENCIA - AMPLIACION DE GIRO A LAS COMISIONES DE COMUNICACIONES E INFORMATICA, PRESUPUESTO Y HACIENDA. CAMBIO DE ORDEN DE LAS COMISIONES","('0060-D-2003', 1)":null,"('0060-D-2003', 2)":null,"('0060-D-2003', 3)":null,"('0060-D-2003', 4)":null,"('0060-D-2003', 5)":null,"('0060-D-2003', 6)":null},"('Tramites', 'FECHA')":{"('0060-D-2003', 0)":"06\/10\/2004","('0060-D-2003', 1)":null,"('0060-D-2003', 2)":null,"('0060-D-2003', 3)":null,"('0060-D-2003', 4)":null,"('0060-D-2003', 5)":null,"('0060-D-2003', 6)":null},"('Tramites', 'RESULTADO')":{"('0060-D-2003', 0)":null,"('0060-D-2003', 1)":null,"('0060-D-2003', 2)":null,"('0060-D-2003', 3)":null,"('0060-D-2003', 4)":null,"('0060-D-2003', 5)":null,"('0060-D-2003', 6)":null},"Sumario":{"('0060-D-2003', 0)":"MODIFICACION DEL ARTICULO 1 (SUPERFICIE NO MENOR A UN DIEZ POR CIENTO DEL TOTAL DEL ENVASE DESTINADO A LA IMPRESION DE LA LEYENDA CITADA EN LA PRESENTE).","('0060-D-2003', 1)":null,"('0060-D-2003', 2)":null,"('0060-D-2003', 3)":null,"('0060-D-2003', 4)":null,"('0060-D-2003', 5)":null,"('0060-D-2003', 6)":null},"Palabra Clave":{"('0060-D-2003', 0)":" ","('0060-D-2003', 1)":null,"('0060-D-2003', 2)":null,"('0060-D-2003', 3)":null,"('0060-D-2003', 4)":null,"('0060-D-2003', 5)":null,"('0060-D-2003', 6)":null}}