{"Tipo de Proyecto":{"('0062-S-2003', 0)":"PROYECTO DE RESOLUCI\u00d3N","('0062-S-2003', 1)":null,"('0062-S-2003', 2)":null},"Iniciado en: ":{"('0062-S-2003', 0)":"Senado","('0062-S-2003', 1)":null,"('0062-S-2003', 2)":null},"Expediente Diputados: ":{"('0062-S-2003', 0)":"0062-S-2003","('0062-S-2003', 1)":null,"('0062-S-2003', 2)":null},"Expediente Senado: ":{"('0062-S-2003', 0)":"0530-OV-2000","('0062-S-2003', 1)":null,"('0062-S-2003', 2)":null},"Fecha: ":{"('0062-S-2003', 0)":"23\/06\/2003","('0062-S-2003', 1)":null,"('0062-S-2003', 2)":null},"T\u00edtulo":{"('0062-S-2003', 0)":"DICTAMEN EN LAS RESOLUCIONES REMITIDAS POR LA AUDITORIA GENERAL DE LA NACION SOBRE LOS ESTADOS FINANCIEROS AL 31 DE DICIEMBRE DE 1999 (0530-OV-00), 31 DE DICIEMBRE DE 2000 (0611-OV-01) Y 31 DE DICIEMBRE DE 2001 (0472-OV-02), DEL PROGRAMA DE CORREDORES VIALES NACIONALES - CONTRATO DE PRESTAMO 795\/OC-AR BID.","('0062-S-2003', 1)":null,"('0062-S-2003', 2)":null},"('Firmantes', 'FIRMANTE')":{"('0062-S-2003', 0)":"PARLAMENTARIA MIXTA REVISORA DE CUENTAS","('0062-S-2003', 1)":null,"('0062-S-2003', 2)":null},"('Firmantes', 'DISTRITO')":{"('0062-S-2003', 0)":null,"('0062-S-2003', 1)":null,"('0062-S-2003', 2)":null},"('Firmantes', 'BLOQUE')":{"('0062-S-2003', 0)":null,"('0062-S-2003', 1)":null,"('0062-S-2003', 2)":null},"('Giros', 'COMISI\u00d3N')":{"('0062-S-2003', 0)":"PARLAMENTARIA MIXTA REVISORA DE CUENTAS","('0062-S-2003', 1)":null,"('0062-S-2003', 2)":null},"('Tramites', 'C\u00c1MARA')":{"('0062-S-2003', 0)":"Senado","('0062-S-2003', 1)":"Diputados","('0062-S-2003', 2)":"Diputados"},"('Tramites', 'MOVIMIENTO')":{"('0062-S-2003', 0)":"CONSIDERACION Y APROBACION","('0062-S-2003', 1)":"PASA A DIPUTADOS -","('0062-S-2003', 2)":"CONSIDERACION Y APROBACION"},"('Tramites', 'FECHA')":{"('0062-S-2003', 0)":"02\/07\/2003","('0062-S-2003', 1)":null,"('0062-S-2003', 2)":"13\/08\/2003"},"('Tramites', 'RESULTADO')":{"('0062-S-2003', 0)":"APROBADO","('0062-S-2003', 1)":null,"('0062-S-2003', 2)":"APROBADO"},"Sumario":{"('0062-S-2003', 0)":"SOLICITUD AL PODER EJECUTIVO NACIONAL PARA QUE INFORME SOBRE LAS MEDIDAS ADOPTADAS A LOS FINES DE SUPERAR LOS ASPECTOS OBSERVADOS Y LAS MEDIDAS DISPUESTAS PARA DETERMINAR EL EVENTUAL PERJUICIO FISCAL Y DETERMINACION Y EFECTIVIZACION DE RESPONSABILIDADES.","('0062-S-2003', 1)":null,"('0062-S-2003', 2)":null},"Palabra Clave":{"('0062-S-2003', 0)":" ","('0062-S-2003', 1)":null,"('0062-S-2003', 2)":null}}