{"Tipo de Proyecto":{"('0063-D-2003', 0)":"PROYECTO DE LEY","('0063-D-2003', 1)":null,"('0063-D-2003', 2)":null},"Iniciado en: ":{"('0063-D-2003', 0)":"Diputados","('0063-D-2003', 1)":null,"('0063-D-2003', 2)":null},"Expediente Diputados: ":{"('0063-D-2003', 0)":"0063-D-2003","('0063-D-2003', 1)":null,"('0063-D-2003', 2)":null},"Publicado en: ":{"('0063-D-2003', 0)":"Tr\u00e1mite Parlamentario N\u00b0 1","('0063-D-2003', 1)":null,"('0063-D-2003', 2)":null},"Fecha: ":{"('0063-D-2003', 0)":"03\/03\/2003","('0063-D-2003', 1)":null,"('0063-D-2003', 2)":null},"T\u00edtulo":{"('0063-D-2003', 0)":"DEROGACION DEL DECRETO 862\/01, MODIFICATORIO DE LOS ARTICULOS 14 Y 15 DE LA LEY 25188, DE ETICA EN LA FUNCION PUBLICA (AMPLIACION DE LAS POSIBILIDADES DE DESIGNACION DE FUNCIONARIOS DEL SECTOR PRIVADO VINCULADAS DIRECTA O INDIRECTAMENTE CON LAS ACTIVIDADES DEL SECTOR PUBLICO).","('0063-D-2003', 1)":null,"('0063-D-2003', 2)":null},"('Firmantes', 'FIRMANTE')":{"('0063-D-2003', 0)":"CHAYA, MARIA LELIA","('0063-D-2003', 1)":null,"('0063-D-2003', 2)":null},"('Firmantes', 'DISTRITO')":{"('0063-D-2003', 0)":"SALTA","('0063-D-2003', 1)":null,"('0063-D-2003', 2)":null},"('Firmantes', 'BLOQUE')":{"('0063-D-2003', 0)":"JUSTICIALISTA","('0063-D-2003', 1)":null,"('0063-D-2003', 2)":null},"('Giros', 'COMISI\u00d3N')":{"('0063-D-2003', 0)":"ASUNTOS CONSTITUCIONALES","('0063-D-2003', 1)":"LEGISLACION GENERAL","('0063-D-2003', 2)":"LEGISLACION PENAL"},"Palabra Clave":{"('0063-D-2003', 0)":" ","('0063-D-2003', 1)":null,"('0063-D-2003', 2)":null}}