{"Tipo de Proyecto":{"('0064-S-2003', 0)":"PROYECTO DE RESOLUCI\u00d3N","('0064-S-2003', 1)":null,"('0064-S-2003', 2)":null,"('0064-S-2003', 3)":null},"Iniciado en: ":{"('0064-S-2003', 0)":"Senado","('0064-S-2003', 1)":null,"('0064-S-2003', 2)":null,"('0064-S-2003', 3)":null},"Expediente Diputados: ":{"('0064-S-2003', 0)":"0064-S-2003","('0064-S-2003', 1)":null,"('0064-S-2003', 2)":null,"('0064-S-2003', 3)":null},"Expediente Senado: ":{"('0064-S-2003', 0)":"0613-OV-2000","('0064-S-2003', 1)":null,"('0064-S-2003', 2)":null,"('0064-S-2003', 3)":null},"Fecha: ":{"('0064-S-2003', 0)":"23\/06\/2003","('0064-S-2003', 1)":null,"('0064-S-2003', 2)":null,"('0064-S-2003', 3)":null},"T\u00edtulo":{"('0064-S-2003', 0)":"DICTAMEN EN LA RESOLUCION REMITIDA POR LA AUDITORIA GENERAL DE LA NACION SOBRE LOS ESTADOS FINANCIEROS AL 31 DE DICIEMBRE DE 1999 DEL TERCER PROYECTO DE PROTECCION SOCIAL (TRABAJAR III), CONVENIO DE PRESTAMO 4366-AR BIRF.","('0064-S-2003', 1)":null,"('0064-S-2003', 2)":null,"('0064-S-2003', 3)":null},"('Firmantes', 'FIRMANTE')":{"('0064-S-2003', 0)":"PARLAMENTARIA MIXTA REVISORA DE CUENTAS","('0064-S-2003', 1)":null,"('0064-S-2003', 2)":null,"('0064-S-2003', 3)":null},"('Firmantes', 'DISTRITO')":{"('0064-S-2003', 0)":null,"('0064-S-2003', 1)":null,"('0064-S-2003', 2)":null,"('0064-S-2003', 3)":null},"('Firmantes', 'BLOQUE')":{"('0064-S-2003', 0)":null,"('0064-S-2003', 1)":null,"('0064-S-2003', 2)":null,"('0064-S-2003', 3)":null},"('Giros', 'COMISI\u00d3N')":{"('0064-S-2003', 0)":"PARLAMENTARIA MIXTA REVISORA DE CUENTAS","('0064-S-2003', 1)":null,"('0064-S-2003', 2)":null,"('0064-S-2003', 3)":null},"('Tramites', 'C\u00c1MARA')":{"('0064-S-2003', 0)":"Senado","('0064-S-2003', 1)":"Diputados","('0064-S-2003', 2)":"Diputados","('0064-S-2003', 3)":"Diputados"},"('Tramites', 'MOVIMIENTO')":{"('0064-S-2003', 0)":"CONSIDERACION Y APROBACION","('0064-S-2003', 1)":"PASA A DIPUTADOS -","('0064-S-2003', 2)":"CONSIDERACION Y APROBACION","('0064-S-2003', 3)":"CONTESTACION DEL PODER EJECUTIVO NACIONAL - JEFE DE GABINETE DE MINISTROS - GIRADO A LA COMISION RESPECTIVA"},"('Tramites', 'FECHA')":{"('0064-S-2003', 0)":"02\/07\/2003","('0064-S-2003', 1)":"02\/07\/2003","('0064-S-2003', 2)":"13\/08\/2003","('0064-S-2003', 3)":"29\/03\/2006"},"('Tramites', 'RESULTADO')":{"('0064-S-2003', 0)":"APROBADO","('0064-S-2003', 1)":null,"('0064-S-2003', 2)":"APROBADO","('0064-S-2003', 3)":null},"Sumario":{"('0064-S-2003', 0)":"SOLICITUD AL PODER EJECUTIVO NACIONAL PARA QUE INFORME SOBRE LAS MEDIDAS ADOPTADAS PARA SUBSANAR LAS LIMITACIONES EXPUESTAS QUE MOTIVARAN LA EMISION DE DICTAMENES CON ABSTENCION DE OPINION POR PARTE DE LA AGN, SUPERAR LAS OBSERVACIONES EFECTUADAS, Y DETERMINAR EL PERJUICIO FISCAL Y LA EFECTIVIZACION DE RESPONSABILIDADES.","('0064-S-2003', 1)":null,"('0064-S-2003', 2)":null,"('0064-S-2003', 3)":null},"Palabra Clave":{"('0064-S-2003', 0)":" ","('0064-S-2003', 1)":null,"('0064-S-2003', 2)":null,"('0064-S-2003', 3)":null}}