{"Tipo de Proyecto":{"('0064-OV-2003', 0)":"PROYECTO DE RESOLUCI\u00d3N"},"Iniciado en: ":{"('0064-OV-2003', 0)":"Senado"},"Expediente Senado: ":{"('0064-OV-2003', 0)":"0064-OV-2003"},"Fecha: ":{"('0064-OV-2003', 0)":"25\/11\/2003"},"T\u00edtulo":{"('0064-OV-2003', 0)":"RESOLUCION REMITIDA POR LA AUDITORIA GENERAL DE LA NACION SOBRE LOS ESTADOS FINANCIEROS AL 31 DE DICIEMBRE DE 2000 Y 31 DE DICIEMBRE DE 2001 DEL PROGRAMA DE DESARROLLO SOCIAL EN AREAS FRONTERIZAS DEL NOROESTE Y NORDESTE ARGENTINO CON NECESIDADES BASICAS INSATISFECHAS, PARCIALMENTE FINANCIADO A TRAVES DEL CONTRATO FONPLATA ARG 7\/94."},"('Firmantes', 'FIRMANTE')":{"('0064-OV-2003', 0)":"PARLAMENTARIA MIXTA REVISORA DE CUENTAS"},"('Firmantes', 'DISTRITO')":{"('0064-OV-2003', 0)":null},"('Firmantes', 'BLOQUE')":{"('0064-OV-2003', 0)":null},"('Tramites', 'C\u00c1MARA')":{"('0064-OV-2003', 0)":"Senado"},"('Tramites', 'MOVIMIENTO')":{"('0064-OV-2003', 0)":"CONSIDERACION Y APROBACION (AL ARCHIVO)"},"('Tramites', 'FECHA')":{"('0064-OV-2003', 0)":"04\/12\/2003"},"('Tramites', 'RESULTADO')":{"('0064-OV-2003', 0)":"ARCHIVADO"},"Sumario":{"('0064-OV-2003', 0)":"HABIENDO TOMADO CONOCIMIENTO, SE RECOMIENDA SU REMISION AL ARCHIVO."},"Palabra Clave":{"('0064-OV-2003', 0)":" "}}