{"Tipo de Proyecto":{"('0065-S-2003', 0)":"PROYECTO DE RESOLUCI\u00d3N","('0065-S-2003', 1)":null,"('0065-S-2003', 2)":null,"('0065-S-2003', 3)":null},"Iniciado en: ":{"('0065-S-2003', 0)":"Senado","('0065-S-2003', 1)":null,"('0065-S-2003', 2)":null,"('0065-S-2003', 3)":null},"Expediente Diputados: ":{"('0065-S-2003', 0)":"0065-S-2003","('0065-S-2003', 1)":null,"('0065-S-2003', 2)":null,"('0065-S-2003', 3)":null},"Expediente Senado: ":{"('0065-S-2003', 0)":"0248-OV-2001","('0065-S-2003', 1)":null,"('0065-S-2003', 2)":null,"('0065-S-2003', 3)":null},"Fecha: ":{"('0065-S-2003', 0)":"23\/06\/2003","('0065-S-2003', 1)":null,"('0065-S-2003', 2)":null,"('0065-S-2003', 3)":null},"T\u00edtulo":{"('0065-S-2003', 0)":"DICTAMEN EN LAS RESOLUCIONES REMITIDAS POR LA AUDITORIA GENERAL DE LA NACION SOBRE RECOMENDACIONES PARA EL MEJORAMIENTO DE LOS PROCEDIMIENTOS CONTABLES Y DE CONTROL INTERNO PARA EL EJERCICIO TERMINADO EL 31 DE DICIEMBRE DE 1999 (0248-OV-01) Y ESTADOS CONTABLES Y COMENTARIOS Y RECOMENDACIONES DE CONTROL INTERNO, POR EL EJERCICIO TERMINADO EL 31 DE DICIEMBRE DE 2000 (0212-OV-02), EN EL AMBITO DE SOCIEDAD DEL ESTADO CASA DE MONEDA.","('0065-S-2003', 1)":null,"('0065-S-2003', 2)":null,"('0065-S-2003', 3)":null},"('Firmantes', 'FIRMANTE')":{"('0065-S-2003', 0)":"PARLAMENTARIA MIXTA REVISORA DE CUENTAS","('0065-S-2003', 1)":null,"('0065-S-2003', 2)":null,"('0065-S-2003', 3)":null},"('Firmantes', 'DISTRITO')":{"('0065-S-2003', 0)":null,"('0065-S-2003', 1)":null,"('0065-S-2003', 2)":null,"('0065-S-2003', 3)":null},"('Firmantes', 'BLOQUE')":{"('0065-S-2003', 0)":null,"('0065-S-2003', 1)":null,"('0065-S-2003', 2)":null,"('0065-S-2003', 3)":null},"('Giros', 'COMISI\u00d3N')":{"('0065-S-2003', 0)":"PARLAMENTARIA MIXTA REVISORA DE CUENTAS","('0065-S-2003', 1)":null,"('0065-S-2003', 2)":null,"('0065-S-2003', 3)":null},"('Tramites', 'C\u00c1MARA')":{"('0065-S-2003', 0)":"Senado","('0065-S-2003', 1)":"Diputados","('0065-S-2003', 2)":"Diputados","('0065-S-2003', 3)":"Diputados"},"('Tramites', 'MOVIMIENTO')":{"('0065-S-2003', 0)":"CONSIDERACION Y APROBACION","('0065-S-2003', 1)":"PASA A DIPUTADOS -","('0065-S-2003', 2)":"CONSIDERACION Y APROBACION","('0065-S-2003', 3)":"CONTESTACION DEL PODER EJECUTIVO NACIONAL - JEFE DE GABINETE DE MINISTROS - GIRADO A LA COMISION RESPECTIVA"},"('Tramites', 'FECHA')":{"('0065-S-2003', 0)":"02\/07\/2003","('0065-S-2003', 1)":"02\/07\/2003","('0065-S-2003', 2)":"13\/08\/2003","('0065-S-2003', 3)":"31\/03\/2004"},"('Tramites', 'RESULTADO')":{"('0065-S-2003', 0)":"APROBADO","('0065-S-2003', 1)":null,"('0065-S-2003', 2)":"APROBADO","('0065-S-2003', 3)":null},"Sumario":{"('0065-S-2003', 0)":"SOLICITUD AL PODER EJECUTIVO NACIONAL PARA QUE INFORME EN LA SITUACION EN QUE SE ENCUENTRA LA DEUDA DE LA PROVINCIA DE LA RIOJA CON RESPECTO A LA CASA DE MONEDA Y LAS MEDIDAS IMPLEMENTADAS PARA EXIGIR A DICHA PROVINCIA EL CABAL CUMPLIMIENTO DE SUS OBLIGACIONES CONTRACTUALES.","('0065-S-2003', 1)":null,"('0065-S-2003', 2)":null,"('0065-S-2003', 3)":null},"Palabra Clave":{"('0065-S-2003', 0)":" ","('0065-S-2003', 1)":null,"('0065-S-2003', 2)":null,"('0065-S-2003', 3)":null}}