{"Tipo de Proyecto":{"('0065-D-2003', 0)":"PROYECTO DE LEY","('0065-D-2003', 1)":null},"Iniciado en: ":{"('0065-D-2003', 0)":"Diputados","('0065-D-2003', 1)":null},"Expediente Diputados: ":{"('0065-D-2003', 0)":"0065-D-2003","('0065-D-2003', 1)":null},"Publicado en: ":{"('0065-D-2003', 0)":"Tr\u00e1mite Parlamentario N\u00b0 1","('0065-D-2003', 1)":null},"Fecha: ":{"('0065-D-2003', 0)":"03\/03\/2003","('0065-D-2003', 1)":null},"T\u00edtulo":{"('0065-D-2003', 0)":"MANTENER EN LA LEY DE PRESUPUESTO PARA EL EJERCICIO FISCAL 2004 LA PARTIDA NECESARIA DESTINADA A LA CONSTRUCCION DE UN ESTABLECIMIENTO CARCELARIO FEDERAL EN LAS CIUDADES DE GENERAL G\u00dcEMES, PROVINCIA DE SALTA; CORONDA, PROVINCIA DE SANTA FE Y JUNIN, PROVINCIA DE BUENOS AIRES.","('0065-D-2003', 1)":null},"('Firmantes', 'FIRMANTE')":{"('0065-D-2003', 0)":"CHAYA, MARIA LELIA","('0065-D-2003', 1)":null},"('Firmantes', 'DISTRITO')":{"('0065-D-2003', 0)":"SALTA","('0065-D-2003', 1)":null},"('Firmantes', 'BLOQUE')":{"('0065-D-2003', 0)":"JUSTICIALISTA","('0065-D-2003', 1)":null},"('Giros', 'COMISI\u00d3N')":{"('0065-D-2003', 0)":"PRESUPUESTO Y HACIENDA","('0065-D-2003', 1)":"LEGISLACION PENAL"},"Palabra Clave":{"('0065-D-2003', 0)":" ","('0065-D-2003', 1)":null}}