{"Tipo de Proyecto":{"('0066-S-2003', 0)":"PROYECTO DE RESOLUCI\u00d3N","('0066-S-2003', 1)":null,"('0066-S-2003', 2)":null},"Iniciado en: ":{"('0066-S-2003', 0)":"Senado","('0066-S-2003', 1)":null,"('0066-S-2003', 2)":null},"Expediente Diputados: ":{"('0066-S-2003', 0)":"0066-S-2003","('0066-S-2003', 1)":null,"('0066-S-2003', 2)":null},"Expediente Senado: ":{"('0066-S-2003', 0)":"0729-OV-2001","('0066-S-2003', 1)":null,"('0066-S-2003', 2)":null},"Fecha: ":{"('0066-S-2003', 0)":"23\/06\/2003","('0066-S-2003', 1)":null,"('0066-S-2003', 2)":null},"T\u00edtulo":{"('0066-S-2003', 0)":"DICTAMEN EN LA RESPUESTA REMITIDA POR EL PODER EJECUTIVO NACIONAL EN LA RESOLUCION APROBADA (0741-OV-98, 0141-S-99) SOBRE MANIFESTAR LA NECESIDAD DE QUE LA COMISION NACIONAL DE COMUNICACIONES (CNC) CUMPLA Y HAGA CUMPLIR LAS NORMATIVAS LEGALES, REGLAMENTARIAS Y CONTRACTUALES CON RESPECTO A LAS LICENCIATARIAS DEL SERVICIO DE TELEFONIA PUBLICA.","('0066-S-2003', 1)":null,"('0066-S-2003', 2)":null},"('Firmantes', 'FIRMANTE')":{"('0066-S-2003', 0)":"PARLAMENTARIA MIXTA REVISORA DE CUENTAS","('0066-S-2003', 1)":null,"('0066-S-2003', 2)":null},"('Firmantes', 'DISTRITO')":{"('0066-S-2003', 0)":null,"('0066-S-2003', 1)":null,"('0066-S-2003', 2)":null},"('Firmantes', 'BLOQUE')":{"('0066-S-2003', 0)":null,"('0066-S-2003', 1)":null,"('0066-S-2003', 2)":null},"('Giros', 'COMISI\u00d3N')":{"('0066-S-2003', 0)":"PARLAMENTARIA MIXTA REVISORA DE CUENTAS","('0066-S-2003', 1)":null,"('0066-S-2003', 2)":null},"('Tramites', 'C\u00c1MARA')":{"('0066-S-2003', 0)":"Senado","('0066-S-2003', 1)":"Diputados","('0066-S-2003', 2)":"Diputados"},"('Tramites', 'MOVIMIENTO')":{"('0066-S-2003', 0)":"CONSIDERACION Y APROBACION","('0066-S-2003', 1)":"PASA A DIPUTADOS -","('0066-S-2003', 2)":"CONSIDERACION Y APROBACION"},"('Tramites', 'FECHA')":{"('0066-S-2003', 0)":"02\/07\/2003","('0066-S-2003', 1)":"02\/07\/2003","('0066-S-2003', 2)":"13\/08\/2003"},"('Tramites', 'RESULTADO')":{"('0066-S-2003', 0)":"APROBADO","('0066-S-2003', 1)":null,"('0066-S-2003', 2)":"APROBADO"},"Sumario":{"('0066-S-2003', 0)":"SOLICITUD AL PODER EJECUTIVO NACIONAL PARA QUE INFORME SOBRE LAS MEDIDAS ADOPTADAS PARA SUPERAR LAS OBSERVACIONES FORMULADAS, LOS CONTROLES EJERCIDOS POR LA CNC SOBRE CALIDAD DEL SERVICIO, LA APLICACION DEL REGIMEN SANCIONATORIO, LA INGENIERIA DE LOS PROCEDIMIENTOS Y RECURSOS IMPLEMENTADOS POR LA CNC RESPECTO A DESREGULACION  DE LAS TELECOMUNICACIONES, DETERMINAR PERJUICIO FISCAL Y RESPONSABILIDADES.","('0066-S-2003', 1)":null,"('0066-S-2003', 2)":null},"Palabra Clave":{"('0066-S-2003', 0)":" ","('0066-S-2003', 1)":null,"('0066-S-2003', 2)":null}}