{"Tipo de Proyecto":{"('0066-D-2003', 0)":"PROYECTO DE LEY","('0066-D-2003', 1)":null},"Iniciado en: ":{"('0066-D-2003', 0)":"Diputados","('0066-D-2003', 1)":null},"Expediente Diputados: ":{"('0066-D-2003', 0)":"0066-D-2003","('0066-D-2003', 1)":null},"Publicado en: ":{"('0066-D-2003', 0)":"Tr\u00e1mite Parlamentario N\u00b0 1","('0066-D-2003', 1)":null},"Fecha: ":{"('0066-D-2003', 0)":"03\/03\/2003","('0066-D-2003', 1)":null},"T\u00edtulo":{"('0066-D-2003', 0)":"MANTENER EN LA LEY DE PRESUPUESTO PARA EL EJERCICIO FISCAL 2004 LA PARTIDA NECESARIA DESTINADA A LA CONTINUIDAD DE LA POLITICA NACIONAL ANTARTICA.","('0066-D-2003', 1)":null},"('Firmantes', 'FIRMANTE')":{"('0066-D-2003', 0)":"CHAYA, MARIA LELIA","('0066-D-2003', 1)":null},"('Firmantes', 'DISTRITO')":{"('0066-D-2003', 0)":"SALTA","('0066-D-2003', 1)":null},"('Firmantes', 'BLOQUE')":{"('0066-D-2003', 0)":"JUSTICIALISTA","('0066-D-2003', 1)":null},"('Giros', 'COMISI\u00d3N')":{"('0066-D-2003', 0)":"PRESUPUESTO Y HACIENDA","('0066-D-2003', 1)":"DEFENSA NACIONAL"},"Palabra Clave":{"('0066-D-2003', 0)":" ","('0066-D-2003', 1)":null}}