{"Tipo de Proyecto":{"('0069-S-2003', 0)":"PROYECTO DE RESOLUCI\u00d3N","('0069-S-2003', 1)":null,"('0069-S-2003', 2)":null},"Iniciado en: ":{"('0069-S-2003', 0)":"Senado","('0069-S-2003', 1)":null,"('0069-S-2003', 2)":null},"Expediente Diputados: ":{"('0069-S-2003', 0)":"0069-S-2003","('0069-S-2003', 1)":null,"('0069-S-2003', 2)":null},"Expediente Senado: ":{"('0069-S-2003', 0)":"0216-OV-2001","('0069-S-2003', 1)":null,"('0069-S-2003', 2)":null},"Fecha: ":{"('0069-S-2003', 0)":"24\/06\/2003","('0069-S-2003', 1)":null,"('0069-S-2003', 2)":null},"T\u00edtulo":{"('0069-S-2003', 0)":"DICTAMEN EN LAS RESOLUCIONES REMITIDAS POR LA AUDITORIA GENERAL DE LA NACION SOBRE: ESTADOS CONTABLES POR EL EJERCICIO FINALIZADO EL 31 DE DICIEMBRE DE 2000 DEL ENTE NACIONAL DE OBRAS HIDRICAS DE SANEAMIENTO (0216-OV-01); ESTADOS FINANCIEROS AL 31 DE DICIEMBRE DE 2000 DEL PROYECTO PROGRAMA NACIONAL DE AGUA POTABLE Y ALCANTARILLADO CLOACAL - CONVENIO DE PRESTAMO BID 621\/OC-AR, BID 855\/SF AR Y BIRF 3181\/AR (0477-OV-01); ESTADOS FINANCIEROS AL 31 DE DICIEMBRE DE 2000 DEL PROYECTO PROGRAMA NACIONAL DE AGUA POTABLE Y SANEAMIENTO VI ETAPA, CONVENIO DE PRESTAMO 857\/OC-AR BID (0478-OV-01); CUMPLIMIENTO DE LAS CLAUSULAS CONTRACTUALES CORRESPONDIENTES AL PROGRAMA DE APOYO A LA REFORMA DEL SECTOR DE AGUA POTABLE Y ALCANTARILLADO, CONVENIO DE PRESTAMO 1134\/OC-AR BID (0479-OV-01); Y CONSIDERACIONES EFECTUADAS POR LA AUDITORIA GENERAL DE LA NACION RELACIONADA CON LA NOTA VINCULADA CON LOS ESTADOS CONTABLES EJERCICIO 2000 DEL ENTE NACIONAL DE OBRAS HIDRICAS DE SANEAMIENTO (0416-OV-02).","('0069-S-2003', 1)":null,"('0069-S-2003', 2)":null},"('Firmantes', 'FIRMANTE')":{"('0069-S-2003', 0)":"PARLAMENTARIA MIXTA REVISORA DE CUENTAS","('0069-S-2003', 1)":null,"('0069-S-2003', 2)":null},"('Firmantes', 'DISTRITO')":{"('0069-S-2003', 0)":null,"('0069-S-2003', 1)":null,"('0069-S-2003', 2)":null},"('Firmantes', 'BLOQUE')":{"('0069-S-2003', 0)":null,"('0069-S-2003', 1)":null,"('0069-S-2003', 2)":null},"('Giros', 'COMISI\u00d3N')":{"('0069-S-2003', 0)":"PARLAMENTARIA MIXTA REVISORA DE CUENTAS","('0069-S-2003', 1)":null,"('0069-S-2003', 2)":null},"('Tramites', 'C\u00c1MARA')":{"('0069-S-2003', 0)":"Senado","('0069-S-2003', 1)":"Diputados","('0069-S-2003', 2)":"Diputados"},"('Tramites', 'MOVIMIENTO')":{"('0069-S-2003', 0)":"CONSIDERACION Y APROBACION","('0069-S-2003', 1)":"PASA A DIPUTADOS -","('0069-S-2003', 2)":"CONSIDERACION Y APROBACION"},"('Tramites', 'FECHA')":{"('0069-S-2003', 0)":"02\/07\/2003","('0069-S-2003', 1)":"02\/07\/2003","('0069-S-2003', 2)":"13\/08\/2003"},"('Tramites', 'RESULTADO')":{"('0069-S-2003', 0)":"APROBADO","('0069-S-2003', 1)":null,"('0069-S-2003', 2)":"APROBADO"},"Sumario":{"('0069-S-2003', 0)":"SOLICITUD AL PODER EJECUTIVO NACIONAL PARA QUE SE ADOPTEN LAS MEDIDAS EFECTIVAS CONDUCENTES A DILUCIDAR LA PROCEDENCIA DE LOS CONTRATOS CELEBRADOS BAJO LA OPERATORIA BANCO DE PROYECTOS E INTENSIFICAR LAS GESTIONES TENDIENTES A DEFINIR LA RECUPERABILIDAD DE LOS CREDITOS ORIGINADOS EN LAS NOTAS 10 Y 12 A LOS ESTADOS CONTABLES CORRESPONDIENTES AL EJERCICIO 200 DEL ENOHSA.","('0069-S-2003', 1)":null,"('0069-S-2003', 2)":null},"Palabra Clave":{"('0069-S-2003', 0)":" ","('0069-S-2003', 1)":null,"('0069-S-2003', 2)":null}}