{"Tipo de Proyecto":{"('0070-D-2003', 0)":"PROYECTO DE LEY","('0070-D-2003', 1)":null,"('0070-D-2003', 2)":null},"Iniciado en: ":{"('0070-D-2003', 0)":"Diputados","('0070-D-2003', 1)":null,"('0070-D-2003', 2)":null},"Expediente Diputados: ":{"('0070-D-2003', 0)":"0070-D-2003","('0070-D-2003', 1)":null,"('0070-D-2003', 2)":null},"Publicado en: ":{"('0070-D-2003', 0)":"Tr\u00e1mite Parlamentario N\u00b0 1","('0070-D-2003', 1)":null,"('0070-D-2003', 2)":null},"Fecha: ":{"('0070-D-2003', 0)":"03\/03\/2003","('0070-D-2003', 1)":null,"('0070-D-2003', 2)":null},"T\u00edtulo":{"('0070-D-2003', 0)":"EXCEPTUASE EXPRESAMENTE A LA DIRECCION NACIONAL DE VIALIDAD DE LA APLICACION DE LAS FACULTADES DELEGADAS EN LA LEY 25414.","('0070-D-2003', 1)":null,"('0070-D-2003', 2)":null},"('Firmantes', 'FIRMANTE')":{"('0070-D-2003', 0)":"CHAYA, MARIA LELIA","('0070-D-2003', 1)":null,"('0070-D-2003', 2)":null},"('Firmantes', 'DISTRITO')":{"('0070-D-2003', 0)":"SALTA","('0070-D-2003', 1)":null,"('0070-D-2003', 2)":null},"('Firmantes', 'BLOQUE')":{"('0070-D-2003', 0)":"JUSTICIALISTA","('0070-D-2003', 1)":null,"('0070-D-2003', 2)":null},"('Giros', 'COMISI\u00d3N')":{"('0070-D-2003', 0)":"TRANSPORTES","('0070-D-2003', 1)":"OBRAS PUBLICAS","('0070-D-2003', 2)":"ASUNTOS CONSTITUCIONALES"},"Sumario":{"('0070-D-2003', 0)":"DEROGACION DEL ARTICULO 11 DEL DECRETO 802\/2001, MODIFICATORIO DE LA LEY DE IMPUESTO A LOS COMBUSTIBLES LIQUIDOS Y EL GAS NATURAL; SUPRIMASE EL ULTIMO PARRAFO DEL ARTICULO 4 DEL DECRETO 802\/2001 (TASA DE INFRAESTRUCTURA DEL TRANSPORTE - TIT-); ELEVACION AL H CONGRESO DE UN PROYECTO PARA EL DESARROLLO Y EJECUCION DE UNA POLITICA VIAL CON SENTIDO FEDERAL; RECURSOS.","('0070-D-2003', 1)":null,"('0070-D-2003', 2)":null},"Palabra Clave":{"('0070-D-2003', 0)":" ","('0070-D-2003', 1)":null,"('0070-D-2003', 2)":null}}