{"Tipo de Proyecto":{"('0070-PE-2003', 0)":"MENSAJE NRO: 0685\/03","('0070-PE-2003', 1)":null,"('0070-PE-2003', 2)":null},"Iniciado en: ":{"('0070-PE-2003', 0)":"Diputados","('0070-PE-2003', 1)":null,"('0070-PE-2003', 2)":null},"Expediente Diputados: ":{"('0070-PE-2003', 0)":"0070-PE-2003","('0070-PE-2003', 1)":null,"('0070-PE-2003', 2)":null},"Publicado en: ":{"('0070-PE-2003', 0)":"Tr\u00e1mite Parlamentario N\u00b0 129","('0070-PE-2003', 1)":null,"('0070-PE-2003', 2)":null},"Fecha: ":{"('0070-PE-2003', 0)":"04\/09\/2003","('0070-PE-2003', 1)":null,"('0070-PE-2003', 2)":null},"T\u00edtulo":{"('0070-PE-2003', 0)":"COMUNICACION DEL DECRETO 684\/03 POR EL CUAL SE MODIFICA LA LEY DE MINISTERIOS.","('0070-PE-2003', 1)":null,"('0070-PE-2003', 2)":null},"('Firmantes', 'FIRMANTE')":{"('0070-PE-2003', 0)":"KIRCHNER, NESTOR CARLOS","('0070-PE-2003', 1)":"FERNANDEZ, ANIBAL","('0070-PE-2003', 2)":"FERNANDEZ, ALBERTO"},"('Firmantes', 'DISTRITO')":{"('0070-PE-2003', 0)":null,"('0070-PE-2003', 1)":null,"('0070-PE-2003', 2)":null},"('Firmantes', 'BLOQUE')":{"('0070-PE-2003', 0)":"PODER EJECUTIVO","('0070-PE-2003', 1)":"PODER EJECUTIVO","('0070-PE-2003', 2)":"PODER EJECUTIVO"},"('Giros', 'COMISI\u00d3N')":{"('0070-PE-2003', 0)":"ASUNTOS CONSTITUCIONALES","('0070-PE-2003', 1)":null,"('0070-PE-2003', 2)":null},"Palabra Clave":{"('0070-PE-2003', 0)":" ","('0070-PE-2003', 1)":null,"('0070-PE-2003', 2)":null}}