{"Tipo de Proyecto":{"('0071-S-2003', 0)":"PROYECTO DE RESOLUCI\u00d3N","('0071-S-2003', 1)":null,"('0071-S-2003', 2)":null},"Iniciado en: ":{"('0071-S-2003', 0)":"Senado","('0071-S-2003', 1)":null,"('0071-S-2003', 2)":null},"Expediente Diputados: ":{"('0071-S-2003', 0)":"0071-S-2003","('0071-S-2003', 1)":null,"('0071-S-2003', 2)":null},"Expediente Senado: ":{"('0071-S-2003', 0)":"0041-OV-2001","('0071-S-2003', 1)":null,"('0071-S-2003', 2)":null},"Fecha: ":{"('0071-S-2003', 0)":"24\/06\/2003","('0071-S-2003', 1)":null,"('0071-S-2003', 2)":null},"T\u00edtulo":{"('0071-S-2003', 0)":"DICTAMEN EN LA RESOLUCION REMITIDA POR LA AUDITORIA GENERAL DE LA NACION SOBRE BONO PAR EN DOLARES ESTADOUNIDENSES, EMISION NOMINAL: U$S 12.492.405.000, VENCIMIENTO 2023.","('0071-S-2003', 1)":null,"('0071-S-2003', 2)":null},"('Firmantes', 'FIRMANTE')":{"('0071-S-2003', 0)":"PARLAMENTARIA MIXTA REVISORA DE CUENTAS","('0071-S-2003', 1)":null,"('0071-S-2003', 2)":null},"('Firmantes', 'DISTRITO')":{"('0071-S-2003', 0)":null,"('0071-S-2003', 1)":null,"('0071-S-2003', 2)":null},"('Firmantes', 'BLOQUE')":{"('0071-S-2003', 0)":null,"('0071-S-2003', 1)":null,"('0071-S-2003', 2)":null},"('Giros', 'COMISI\u00d3N')":{"('0071-S-2003', 0)":"PARLAMENTARIA MIXTA REVISORA DE CUENTAS","('0071-S-2003', 1)":null,"('0071-S-2003', 2)":null},"('Tramites', 'C\u00c1MARA')":{"('0071-S-2003', 0)":"Senado","('0071-S-2003', 1)":"Diputados","('0071-S-2003', 2)":"Diputados"},"('Tramites', 'MOVIMIENTO')":{"('0071-S-2003', 0)":"CONSIDERACION Y APROBACION","('0071-S-2003', 1)":"PASA A DIPUTADOS -","('0071-S-2003', 2)":"CONSIDERACION Y APROBACION"},"('Tramites', 'FECHA')":{"('0071-S-2003', 0)":"02\/07\/2003","('0071-S-2003', 1)":"02\/07\/2003","('0071-S-2003', 2)":"13\/08\/2003"},"('Tramites', 'RESULTADO')":{"('0071-S-2003', 0)":"APROBADO","('0071-S-2003', 1)":null,"('0071-S-2003', 2)":"APROBADO"},"Sumario":{"('0071-S-2003', 0)":"SOLICITUD AL PODER EJECUTIVO NACIONAL PARA QUE INFORME SOBRE LAS MEDIDAS ADOPTADAS A FIN DE REGULARIZAR LAS SITUACIONES OBSERVADAS Y DETERMINAR EL EVENTUAL PERJUICIO FISCAL Y EFECTIVIZAR RESPONSABILIDADES.","('0071-S-2003', 1)":null,"('0071-S-2003', 2)":null},"Palabra Clave":{"('0071-S-2003', 0)":" ","('0071-S-2003', 1)":null,"('0071-S-2003', 2)":null}}