{"Tipo de Proyecto":{"('0072-S-2003', 0)":"PROYECTO DE RESOLUCI\u00d3N","('0072-S-2003', 1)":null,"('0072-S-2003', 2)":null},"Iniciado en: ":{"('0072-S-2003', 0)":"Senado","('0072-S-2003', 1)":null,"('0072-S-2003', 2)":null},"Expediente Diputados: ":{"('0072-S-2003', 0)":"0072-S-2003","('0072-S-2003', 1)":null,"('0072-S-2003', 2)":null},"Expediente Senado: ":{"('0072-S-2003', 0)":"0038-OV-2001","('0072-S-2003', 1)":null,"('0072-S-2003', 2)":null},"Fecha: ":{"('0072-S-2003', 0)":"24\/06\/2003","('0072-S-2003', 1)":null,"('0072-S-2003', 2)":null},"T\u00edtulo":{"('0072-S-2003', 0)":"DICTAMEN EN LA RESOLUCION REMITIDA POR LA AUDITORIA GENERAL DE LA NACION SOBRE UNA AUDITORIA DE GESTION SOBRE EL CONTRATO DE PRESTAMO 857-OC\/AR BID - PROGRAMA NACIONAL DE AGUA POTABLE Y SANEAMIENTO - VI ETAPA.","('0072-S-2003', 1)":null,"('0072-S-2003', 2)":null},"('Firmantes', 'FIRMANTE')":{"('0072-S-2003', 0)":"PARLAMENTARIA MIXTA REVISORA DE CUENTAS","('0072-S-2003', 1)":null,"('0072-S-2003', 2)":null},"('Firmantes', 'DISTRITO')":{"('0072-S-2003', 0)":null,"('0072-S-2003', 1)":null,"('0072-S-2003', 2)":null},"('Firmantes', 'BLOQUE')":{"('0072-S-2003', 0)":null,"('0072-S-2003', 1)":null,"('0072-S-2003', 2)":null},"('Giros', 'COMISI\u00d3N')":{"('0072-S-2003', 0)":"PARLAMENTARIA MIXTA REVISORA DE CUENTAS","('0072-S-2003', 1)":null,"('0072-S-2003', 2)":null},"('Tramites', 'C\u00c1MARA')":{"('0072-S-2003', 0)":"Senado","('0072-S-2003', 1)":"Diputados","('0072-S-2003', 2)":"Diputados"},"('Tramites', 'MOVIMIENTO')":{"('0072-S-2003', 0)":"CONSIDERACION Y APROBACION","('0072-S-2003', 1)":"PASA A DIPUTADOS -","('0072-S-2003', 2)":"CONSIDERACION Y APROBACION"},"('Tramites', 'FECHA')":{"('0072-S-2003', 0)":"02\/07\/2003","('0072-S-2003', 1)":"02\/07\/2003","('0072-S-2003', 2)":"13\/08\/2003"},"('Tramites', 'RESULTADO')":{"('0072-S-2003', 0)":"APROBADO","('0072-S-2003', 1)":null,"('0072-S-2003', 2)":"APROBADO"},"Sumario":{"('0072-S-2003', 0)":"SOLICITUD AL PODER EJECUTIVO NACIONAL PARA QUE INFORME SOBRE LAS MEDIDAS ADOPTADAS PARA SUPERAR LAS SITUACIONES OBSERVADAS.","('0072-S-2003', 1)":null,"('0072-S-2003', 2)":null},"Palabra Clave":{"('0072-S-2003', 0)":" ","('0072-S-2003', 1)":null,"('0072-S-2003', 2)":null}}