{"Tipo de Proyecto":{"('0073-S-2003', 0)":"PROYECTO DE RESOLUCI\u00d3N","('0073-S-2003', 1)":null,"('0073-S-2003', 2)":null,"('0073-S-2003', 3)":null},"Iniciado en: ":{"('0073-S-2003', 0)":"Senado","('0073-S-2003', 1)":null,"('0073-S-2003', 2)":null,"('0073-S-2003', 3)":null},"Expediente Diputados: ":{"('0073-S-2003', 0)":"0073-S-2003","('0073-S-2003', 1)":null,"('0073-S-2003', 2)":null,"('0073-S-2003', 3)":null},"Expediente Senado: ":{"('0073-S-2003', 0)":"0610-OV-2000","('0073-S-2003', 1)":null,"('0073-S-2003', 2)":null,"('0073-S-2003', 3)":null},"Fecha: ":{"('0073-S-2003', 0)":"24\/06\/2003","('0073-S-2003', 1)":null,"('0073-S-2003', 2)":null,"('0073-S-2003', 3)":null},"T\u00edtulo":{"('0073-S-2003', 0)":"DICTAMEN EN LA RESOLUCION REMITIDA POR LA AUDITORIA GENERAL DE LA NACION SOBRE LOS ESTADOS FINANCIEROS AL 31 DE DICIEMBRE DE 1999 DEL SEGUNDO PROYECTO DE PROTECCION SOCIAL, CONVENIO DE PRESTAMO 4195-AR BIRF.","('0073-S-2003', 1)":null,"('0073-S-2003', 2)":null,"('0073-S-2003', 3)":null},"('Firmantes', 'FIRMANTE')":{"('0073-S-2003', 0)":"PARLAMENTARIA MIXTA REVISORA DE CUENTAS","('0073-S-2003', 1)":null,"('0073-S-2003', 2)":null,"('0073-S-2003', 3)":null},"('Firmantes', 'DISTRITO')":{"('0073-S-2003', 0)":null,"('0073-S-2003', 1)":null,"('0073-S-2003', 2)":null,"('0073-S-2003', 3)":null},"('Firmantes', 'BLOQUE')":{"('0073-S-2003', 0)":null,"('0073-S-2003', 1)":null,"('0073-S-2003', 2)":null,"('0073-S-2003', 3)":null},"('Giros', 'COMISI\u00d3N')":{"('0073-S-2003', 0)":"PARLAMENTARIA MIXTA REVISORA DE CUENTAS","('0073-S-2003', 1)":null,"('0073-S-2003', 2)":null,"('0073-S-2003', 3)":null},"('Tramites', 'C\u00c1MARA')":{"('0073-S-2003', 0)":"Senado","('0073-S-2003', 1)":"Diputados","('0073-S-2003', 2)":"Diputados","('0073-S-2003', 3)":"Diputados"},"('Tramites', 'MOVIMIENTO')":{"('0073-S-2003', 0)":"CONSIDERACION Y APROBACION","('0073-S-2003', 1)":"PASA A DIPUTADOS -","('0073-S-2003', 2)":"CONSIDERACION Y APROBACION","('0073-S-2003', 3)":"CONTESTACION DEL PODER EJECUTIVO NACIONAL - JEFE DE GABINETE DE MINISTROS - GIRADO A LA COMISION RESPECTIVA"},"('Tramites', 'FECHA')":{"('0073-S-2003', 0)":"02\/07\/2003","('0073-S-2003', 1)":"02\/07\/2003","('0073-S-2003', 2)":"13\/08\/2003","('0073-S-2003', 3)":"21\/04\/2004"},"('Tramites', 'RESULTADO')":{"('0073-S-2003', 0)":"APROBADO","('0073-S-2003', 1)":null,"('0073-S-2003', 2)":"APROBADO","('0073-S-2003', 3)":null},"Sumario":{"('0073-S-2003', 0)":"SOLICITUD AL PODER EJECUTIVO NACIONAL PARA QUE INFORME SOBRE LAS MEDIDAS ADOPTADAS PARA SUBSANAR LAS LIMITACIONES SE\u00d1ALADAS COMO ACLARACIONES PREVIAS, LAS MEDIDAS DISPUESTAS PARA SUPERAR LAS OBSERVACIONES EFECTUADAS, Y LO DISPUESTO PARA DETERMINAR EL PERJUICIO FISCAL QUE PUDIERA HABERSE ORIGINADO Y LA EFECTIVIZACION DE RESPONSABILIDADES.","('0073-S-2003', 1)":null,"('0073-S-2003', 2)":null,"('0073-S-2003', 3)":null},"Palabra Clave":{"('0073-S-2003', 0)":" ","('0073-S-2003', 1)":null,"('0073-S-2003', 2)":null,"('0073-S-2003', 3)":null}}