{"Tipo de Proyecto":{"('0073-PE-2003', 0)":"MENSAJE NRO: 0684\/03","('0073-PE-2003', 1)":null},"Iniciado en: ":{"('0073-PE-2003', 0)":"Senado","('0073-PE-2003', 1)":null},"Expediente Senado: ":{"('0073-PE-2003', 0)":"0073-PE-2003","('0073-PE-2003', 1)":null},"Publicado en: ":{"('0073-PE-2003', 0)":"DAE S.A. N\u00b0 3","('0073-PE-2003', 1)":null},"Fecha: ":{"('0073-PE-2003', 0)":"26\/03\/2003","('0073-PE-2003', 1)":null},"T\u00edtulo":{"('0073-PE-2003', 0)":"SOLICITA ACUERDO PARA PROMOVER A FUNCIONARIO DE LA CATEGORIA \"C\" MINISTRO PLENIPOTENCIARIO DE SEGUNDA CLASE.","('0073-PE-2003', 1)":null},"('Firmantes', 'FIRMANTE')":{"('0073-PE-2003', 0)":"DUHALDE, EDUARDO ALBERTO","('0073-PE-2003', 1)":"RUCKAUF, CARLOS FEDERICO"},"('Firmantes', 'DISTRITO')":{"('0073-PE-2003', 0)":null,"('0073-PE-2003', 1)":null},"('Firmantes', 'BLOQUE')":{"('0073-PE-2003', 0)":"PODER EJECUTIVO","('0073-PE-2003', 1)":"PODER EJECUTIVO"},"('Tramites', 'C\u00c1MARA')":{"('0073-PE-2003', 0)":"Senado","('0073-PE-2003', 1)":null},"('Tramites', 'MOVIMIENTO')":{"('0073-PE-2003', 0)":"CONSIDERACION Y APROBACION","('0073-PE-2003', 1)":null},"('Tramites', 'FECHA')":{"('0073-PE-2003', 0)":"09\/04\/2003","('0073-PE-2003', 1)":null},"('Tramites', 'RESULTADO')":{"('0073-PE-2003', 0)":"APROBADO","('0073-PE-2003', 1)":null},"Sumario":{"('0073-PE-2003', 0)":"AL ACTUAL FUNCIONARIO DE LA CATEGORIA \"D\" CONSEJERO DE EMBAJADA Y CONSUL GENERAL DON RICARDO VICTOR ROGGERO.","('0073-PE-2003', 1)":null},"Palabra Clave":{"('0073-PE-2003', 0)":" ","('0073-PE-2003', 1)":null}}