{"Tipo de Proyecto":{"('0075-S-2003', 0)":"PROYECTO DE RESOLUCI\u00d3N","('0075-S-2003', 1)":null,"('0075-S-2003', 2)":null,"('0075-S-2003', 3)":null},"Iniciado en: ":{"('0075-S-2003', 0)":"Senado","('0075-S-2003', 1)":null,"('0075-S-2003', 2)":null,"('0075-S-2003', 3)":null},"Expediente Diputados: ":{"('0075-S-2003', 0)":"0075-S-2003","('0075-S-2003', 1)":null,"('0075-S-2003', 2)":null,"('0075-S-2003', 3)":null},"Expediente Senado: ":{"('0075-S-2003', 0)":"0152-OV-2001","('0075-S-2003', 1)":null,"('0075-S-2003', 2)":null,"('0075-S-2003', 3)":null},"Fecha: ":{"('0075-S-2003', 0)":"24\/06\/2003","('0075-S-2003', 1)":null,"('0075-S-2003', 2)":null,"('0075-S-2003', 3)":null},"T\u00edtulo":{"('0075-S-2003', 0)":"DICTAMEN EN LAS RESOLUCIONES REMITIDAS POR LA AUDITORIA GENERAL DE LA NACION SOBRE LOS ESTADOS CONTABLES AL 31 DE DICIEMBRE DE 2000 (0152-OV-01) Y 31 DE DICIEMBRE DE 2001 (0132-OV-02), DEL PROYECTO PNUD ARG\/97\/025 FORTALECIMIENTO DEL SISTEMA NACIONAL DE INVERSION PUBLICA, CONVENIO DE PRESTAMO 3958-AR BIRF.","('0075-S-2003', 1)":null,"('0075-S-2003', 2)":null,"('0075-S-2003', 3)":null},"('Firmantes', 'FIRMANTE')":{"('0075-S-2003', 0)":"PARLAMENTARIA MIXTA REVISORA DE CUENTAS","('0075-S-2003', 1)":null,"('0075-S-2003', 2)":null,"('0075-S-2003', 3)":null},"('Firmantes', 'DISTRITO')":{"('0075-S-2003', 0)":null,"('0075-S-2003', 1)":null,"('0075-S-2003', 2)":null,"('0075-S-2003', 3)":null},"('Firmantes', 'BLOQUE')":{"('0075-S-2003', 0)":null,"('0075-S-2003', 1)":null,"('0075-S-2003', 2)":null,"('0075-S-2003', 3)":null},"('Giros', 'COMISI\u00d3N')":{"('0075-S-2003', 0)":"PARLAMENTARIA MIXTA REVISORA DE CUENTAS","('0075-S-2003', 1)":null,"('0075-S-2003', 2)":null,"('0075-S-2003', 3)":null},"('Tramites', 'C\u00c1MARA')":{"('0075-S-2003', 0)":"Senado","('0075-S-2003', 1)":"Diputados","('0075-S-2003', 2)":"Diputados","('0075-S-2003', 3)":"Diputados"},"('Tramites', 'MOVIMIENTO')":{"('0075-S-2003', 0)":"CONSIDERACION Y APROBACION","('0075-S-2003', 1)":"PASA A DIPUTADOS -","('0075-S-2003', 2)":"CONSIDERACION Y APROBACION","('0075-S-2003', 3)":"CONTESTACION DEL PODER EJECUTIVO NACIONAL - JEFE DE GABINETE DE MINISTROS - GIRADO A LA COMISION RESPECTIVA"},"('Tramites', 'FECHA')":{"('0075-S-2003', 0)":"02\/07\/2003","('0075-S-2003', 1)":"02\/07\/2003","('0075-S-2003', 2)":"13\/08\/2003","('0075-S-2003', 3)":"14\/12\/2005"},"('Tramites', 'RESULTADO')":{"('0075-S-2003', 0)":"APROBADO","('0075-S-2003', 1)":null,"('0075-S-2003', 2)":"APROBADO","('0075-S-2003', 3)":null},"Sumario":{"('0075-S-2003', 0)":"SOLICITUD AL PODER EJECUTIVO NACIONAL PARA QUE INFORME SOBRE LAS MEDIDAS ADOPTADAS A FIN DE REGULARIZAR LAS SITUACIONES OBSERVADAS.","('0075-S-2003', 1)":null,"('0075-S-2003', 2)":null,"('0075-S-2003', 3)":null},"Palabra Clave":{"('0075-S-2003', 0)":" ","('0075-S-2003', 1)":null,"('0075-S-2003', 2)":null,"('0075-S-2003', 3)":null}}