{"Tipo de Proyecto":{"('0076-S-2003', 0)":"PROYECTO DE RESOLUCI\u00d3N","('0076-S-2003', 1)":null,"('0076-S-2003', 2)":null,"('0076-S-2003', 3)":null},"Iniciado en: ":{"('0076-S-2003', 0)":"Senado","('0076-S-2003', 1)":null,"('0076-S-2003', 2)":null,"('0076-S-2003', 3)":null},"Expediente Diputados: ":{"('0076-S-2003', 0)":"0076-S-2003","('0076-S-2003', 1)":null,"('0076-S-2003', 2)":null,"('0076-S-2003', 3)":null},"Expediente Senado: ":{"('0076-S-2003', 0)":"0082-OV-2001","('0076-S-2003', 1)":null,"('0076-S-2003', 2)":null,"('0076-S-2003', 3)":null},"Fecha: ":{"('0076-S-2003', 0)":"25\/06\/2003","('0076-S-2003', 1)":null,"('0076-S-2003', 2)":null,"('0076-S-2003', 3)":null},"T\u00edtulo":{"('0076-S-2003', 0)":"DICTAMEN EN LAS RESOLUCIONES REMITIDAS POR LA AUDITORIA GENERAL DE LA NACION SOBRE LOS ESTADOS FINANCIEROS AL 31 DE DICIEMBRE DE 1999 (0082-OV-01), 31 DE DICIEMBRE DE 2000 (0264-OV-02) Y 31 DE DICIEMBRE DE 2001 (0267-OV-02) DEL PROYECTO (PNUD) ARG\/97\/035 \"PROGRAMA DE APOYO A LA INSTITUCIONALIZACION DE LA ADMINISTRACION FEDERAL DE INGRESOS PUBLICOS\".\n","('0076-S-2003', 1)":null,"('0076-S-2003', 2)":null,"('0076-S-2003', 3)":null},"('Firmantes', 'FIRMANTE')":{"('0076-S-2003', 0)":"PARLAMENTARIA MIXTA REVISORA DE CUENTAS","('0076-S-2003', 1)":null,"('0076-S-2003', 2)":null,"('0076-S-2003', 3)":null},"('Firmantes', 'DISTRITO')":{"('0076-S-2003', 0)":null,"('0076-S-2003', 1)":null,"('0076-S-2003', 2)":null,"('0076-S-2003', 3)":null},"('Firmantes', 'BLOQUE')":{"('0076-S-2003', 0)":null,"('0076-S-2003', 1)":null,"('0076-S-2003', 2)":null,"('0076-S-2003', 3)":null},"('Giros', 'COMISI\u00d3N')":{"('0076-S-2003', 0)":"PARLAMENTARIA MIXTA REVISORA DE CUENTAS","('0076-S-2003', 1)":null,"('0076-S-2003', 2)":null,"('0076-S-2003', 3)":null},"('Tramites', 'C\u00c1MARA')":{"('0076-S-2003', 0)":"Senado","('0076-S-2003', 1)":"Diputados","('0076-S-2003', 2)":"Diputados","('0076-S-2003', 3)":"Diputados"},"('Tramites', 'MOVIMIENTO')":{"('0076-S-2003', 0)":"CONSIDERACION Y APROBACION","('0076-S-2003', 1)":"PASA A DIPUTADOS -","('0076-S-2003', 2)":"CONSIDERACION Y APROBACION","('0076-S-2003', 3)":"CONTESTACION DEL PODER EJECUTIVO NACIONAL - JEFE DE GABINETE DE MINISTROS - GIRADO A LA COMISION RESPECTIVA"},"('Tramites', 'FECHA')":{"('0076-S-2003', 0)":"02\/07\/2003","('0076-S-2003', 1)":"02\/07\/2003","('0076-S-2003', 2)":"13\/08\/2003","('0076-S-2003', 3)":"09\/06\/2004"},"('Tramites', 'RESULTADO')":{"('0076-S-2003', 0)":"APROBADO","('0076-S-2003', 1)":null,"('0076-S-2003', 2)":"APROBADO","('0076-S-2003', 3)":null},"Sumario":{"('0076-S-2003', 0)":"SOLICITUD AL PODER EJECUTIVO NACIONAL PARA QUE INFORME SOBRE LAS MEDIDAS ADOPTADAS A LOS EFECTOS DE SUPERAR LOS ASPECTOS OBSERVADOS Y DETERMINAR EL EVENTUAL PERJUICIO FISCAL Y EFECTIVIZAR LAS RESPONSABILIDADES.","('0076-S-2003', 1)":null,"('0076-S-2003', 2)":null,"('0076-S-2003', 3)":null},"Palabra Clave":{"('0076-S-2003', 0)":" ","('0076-S-2003', 1)":null,"('0076-S-2003', 2)":null,"('0076-S-2003', 3)":null}}