{"Tipo de Proyecto":{"('0078-S-2003', 0)":"PROYECTO DE RESOLUCI\u00d3N","('0078-S-2003', 1)":null,"('0078-S-2003', 2)":null,"('0078-S-2003', 3)":null},"Iniciado en: ":{"('0078-S-2003', 0)":"Senado","('0078-S-2003', 1)":null,"('0078-S-2003', 2)":null,"('0078-S-2003', 3)":null},"Expediente Diputados: ":{"('0078-S-2003', 0)":"0078-S-2003","('0078-S-2003', 1)":null,"('0078-S-2003', 2)":null,"('0078-S-2003', 3)":null},"Expediente Senado: ":{"('0078-S-2003', 0)":"0081-OV-2001","('0078-S-2003', 1)":null,"('0078-S-2003', 2)":null,"('0078-S-2003', 3)":null},"Fecha: ":{"('0078-S-2003', 0)":"25\/06\/2003","('0078-S-2003', 1)":null,"('0078-S-2003', 2)":null,"('0078-S-2003', 3)":null},"T\u00edtulo":{"('0078-S-2003', 0)":"DICTAMEN EN LAS RESOLUCIONES REMITIDAS POR LA AUDITORIA GENERAL DE LA NACION SOBRE LOS ESTADOS FINANCIEROS AL 31 DE DICIEMBRE DE 1999 (0081-OV-01), 31 DE DICIEMBRE DE 2000 (0266-OV-02) Y 31 DE DICIEMBRE DE 2001 (0268-OV-02) DEL PROGRAMA DE APOYO A LA INSTITUCIONALIZACION DE LA ADMINISTRACION FEDERAL DE INGRESOS PUBLICOS - CONTRATO DE PRESTAMO 1034\/OC-AR BID.","('0078-S-2003', 1)":null,"('0078-S-2003', 2)":null,"('0078-S-2003', 3)":null},"('Firmantes', 'FIRMANTE')":{"('0078-S-2003', 0)":"PARLAMENTARIA MIXTA REVISORA DE CUENTAS","('0078-S-2003', 1)":null,"('0078-S-2003', 2)":null,"('0078-S-2003', 3)":null},"('Firmantes', 'DISTRITO')":{"('0078-S-2003', 0)":null,"('0078-S-2003', 1)":null,"('0078-S-2003', 2)":null,"('0078-S-2003', 3)":null},"('Firmantes', 'BLOQUE')":{"('0078-S-2003', 0)":null,"('0078-S-2003', 1)":null,"('0078-S-2003', 2)":null,"('0078-S-2003', 3)":null},"('Giros', 'COMISI\u00d3N')":{"('0078-S-2003', 0)":"PARLAMENTARIA MIXTA REVISORA DE CUENTAS","('0078-S-2003', 1)":null,"('0078-S-2003', 2)":null,"('0078-S-2003', 3)":null},"('Tramites', 'C\u00c1MARA')":{"('0078-S-2003', 0)":"Senado","('0078-S-2003', 1)":"Diputados","('0078-S-2003', 2)":"Diputados","('0078-S-2003', 3)":"Diputados"},"('Tramites', 'MOVIMIENTO')":{"('0078-S-2003', 0)":"CONSIDERACION Y APROBACION","('0078-S-2003', 1)":"PASA A DIPUTADOS -","('0078-S-2003', 2)":"CONSIDERACION Y APROBACION","('0078-S-2003', 3)":"CONTESTACION DEL PODER EJECUTIVO NACIONAL - JEFE DE GABINETE DE MINISTROS - GIRADO A LA COMISION RESPECTIVA"},"('Tramites', 'FECHA')":{"('0078-S-2003', 0)":"02\/07\/2003","('0078-S-2003', 1)":null,"('0078-S-2003', 2)":"13\/08\/2003","('0078-S-2003', 3)":"09\/06\/2004"},"('Tramites', 'RESULTADO')":{"('0078-S-2003', 0)":"APROBADO","('0078-S-2003', 1)":null,"('0078-S-2003', 2)":"APROBADO","('0078-S-2003', 3)":null},"Sumario":{"('0078-S-2003', 0)":"SOLICITUD AL PODER EJECUTIVO NACIONAL PARA QUE INFORME SOBRE LAS MEDIDAS ADOPTADAS CON RELACION A: LAS OBSERVACIONES DE LA AGN SOBRE CRITERIOS Y PROCEDIMIENTOS CONTABLES QUE MOTIVARON LA EMISION DE DICTAMENES CON OPINION ADVERSA, TENDER A SUPERAR LOS ASPECTOS OBSERVADOS, Y DETERMINAR EL PERJUICIO FISCAL Y EFECTIVIZAR RESPONSABILIDADES.","('0078-S-2003', 1)":null,"('0078-S-2003', 2)":null,"('0078-S-2003', 3)":null},"Palabra Clave":{"('0078-S-2003', 0)":" ","('0078-S-2003', 1)":null,"('0078-S-2003', 2)":null,"('0078-S-2003', 3)":null}}