{"Tipo de Proyecto":{"('0080-S-2003', 0)":"PROYECTO DE RESOLUCI\u00d3N","('0080-S-2003', 1)":null,"('0080-S-2003', 2)":null},"Iniciado en: ":{"('0080-S-2003', 0)":"Senado","('0080-S-2003', 1)":null,"('0080-S-2003', 2)":null},"Expediente Diputados: ":{"('0080-S-2003', 0)":"0080-S-2003","('0080-S-2003', 1)":null,"('0080-S-2003', 2)":null},"Expediente Senado: ":{"('0080-S-2003', 0)":"0078-OV-2001","('0080-S-2003', 1)":null,"('0080-S-2003', 2)":null},"Fecha: ":{"('0080-S-2003', 0)":"25\/06\/2003","('0080-S-2003', 1)":null,"('0080-S-2003', 2)":null},"T\u00edtulo":{"('0080-S-2003', 0)":"DICTAMEN EN LA RESOLUCION REMITIDA POR LA AUDITORIA GENERAL DE LA NACION SOBRE UN INFORME DE AUDITORIA DE GESTION DEL PROGRAMA NACIONAL DE AGUA POTABLE Y ALCANTARILLADO CLOACAL (PRONAPAC) - CONTRATOS DE PRESTAMO 3281\/AR BIRF, 621\/OC-AR Y 855-SF\/AR BID.","('0080-S-2003', 1)":null,"('0080-S-2003', 2)":null},"('Firmantes', 'FIRMANTE')":{"('0080-S-2003', 0)":"PARLAMENTARIA MIXTA REVISORA DE CUENTAS","('0080-S-2003', 1)":null,"('0080-S-2003', 2)":null},"('Firmantes', 'DISTRITO')":{"('0080-S-2003', 0)":null,"('0080-S-2003', 1)":null,"('0080-S-2003', 2)":null},"('Firmantes', 'BLOQUE')":{"('0080-S-2003', 0)":null,"('0080-S-2003', 1)":null,"('0080-S-2003', 2)":null},"('Giros', 'COMISI\u00d3N')":{"('0080-S-2003', 0)":"PARLAMENTARIA MIXTA REVISORA DE CUENTAS","('0080-S-2003', 1)":null,"('0080-S-2003', 2)":null},"('Tramites', 'C\u00c1MARA')":{"('0080-S-2003', 0)":"Senado","('0080-S-2003', 1)":"Diputados","('0080-S-2003', 2)":"Diputados"},"('Tramites', 'MOVIMIENTO')":{"('0080-S-2003', 0)":"CONSIDERACION Y APROBACION","('0080-S-2003', 1)":"PASA A DIPUTADOS -","('0080-S-2003', 2)":"CONSIDERACION Y APROBACION"},"('Tramites', 'FECHA')":{"('0080-S-2003', 0)":"02\/07\/2003","('0080-S-2003', 1)":null,"('0080-S-2003', 2)":"13\/08\/2003"},"('Tramites', 'RESULTADO')":{"('0080-S-2003', 0)":"APROBADO","('0080-S-2003', 1)":null,"('0080-S-2003', 2)":"APROBADO"},"Sumario":{"('0080-S-2003', 0)":"SOLICITUD AL PODER EJECUTIVO NACIONAL PARA QUE INFORME SOBRE LAS MEDIDAS ADOPTADAS A LOS EFECTOS DE SUPERAR LAS SITUACIONES OBSERVADAS Y DETERMINAR EL EVENTUAL PERJUICIO FISCAL Y DETERMINAR RESPONSABILIDADES.","('0080-S-2003', 1)":null,"('0080-S-2003', 2)":null},"Palabra Clave":{"('0080-S-2003', 0)":" ","('0080-S-2003', 1)":null,"('0080-S-2003', 2)":null}}