{"Tipo de Proyecto":{"('0082-PE-2003', 0)":"MENSAJE NRO: 1011\/03","('0082-PE-2003', 1)":null,"('0082-PE-2003', 2)":null},"Iniciado en: ":{"('0082-PE-2003', 0)":"Diputados","('0082-PE-2003', 1)":null,"('0082-PE-2003', 2)":null},"Expediente Diputados: ":{"('0082-PE-2003', 0)":"0082-PE-2003","('0082-PE-2003', 1)":null,"('0082-PE-2003', 2)":null},"Publicado en: ":{"('0082-PE-2003', 0)":"Tr\u00e1mite Parlamentario N\u00b0 173","('0082-PE-2003', 1)":null,"('0082-PE-2003', 2)":null},"Fecha: ":{"('0082-PE-2003', 0)":"05\/11\/2003","('0082-PE-2003', 1)":null,"('0082-PE-2003', 2)":null},"T\u00edtulo":{"('0082-PE-2003', 0)":"COMUNICACION DEL DECRETO 1006\/03 POR EL CUAL SE MODIFICA EL ARTICULO 20 DEL DECRETO 976\/01, DE CONCESIONES VIALES, SOBRE LOS INGRESOS DE LAS CONCESIONES.","('0082-PE-2003', 1)":null,"('0082-PE-2003', 2)":null},"('Firmantes', 'FIRMANTE')":{"('0082-PE-2003', 0)":"KIRCHNER, NESTOR CARLOS","('0082-PE-2003', 1)":"FERNANDEZ, ALBERTO","('0082-PE-2003', 2)":"DE VIDO, JULIO"},"('Firmantes', 'DISTRITO')":{"('0082-PE-2003', 0)":null,"('0082-PE-2003', 1)":null,"('0082-PE-2003', 2)":null},"('Firmantes', 'BLOQUE')":{"('0082-PE-2003', 0)":"PODER EJECUTIVO","('0082-PE-2003', 1)":"PODER EJECUTIVO","('0082-PE-2003', 2)":"PODER EJECUTIVO"},"('Giros', 'COMISI\u00d3N')":{"('0082-PE-2003', 0)":"BICAMERAL PERMANENTE DE TRAMITE LEGISLATIVO - LEY 26122","('0082-PE-2003', 1)":null,"('0082-PE-2003', 2)":null},"('Tramites', 'C\u00c1MARA')":{"('0082-PE-2003', 0)":"Diputados","('0082-PE-2003', 1)":"Diputados","('0082-PE-2003', 2)":null},"('Tramites', 'MOVIMIENTO')":{"('0082-PE-2003', 0)":"SOLICITUD DEL PRESIDENTE DE LA COMISION BICAMERAL PERMANENTE DE TRAMITE LEGISLATIVO (LEY 26122) DE REMISION DEL EXPEDIENTE PARA SU ANALISIS (A LA PRESIDENCIA)","('0082-PE-2003', 1)":"EXPEDIENTE ORIGINALMENTE GIRADO A LAS COMISIONES DE TRANSPORTES, OBRAS PUBLICAS Y PRESUPUESTO Y HACIENDA; SE LO REMITE A LA COMISION BICAMERAL PERMANENTE DE TRAMITE LEGISLATIVO (LEY 26122)","('0082-PE-2003', 2)":null},"('Tramites', 'FECHA')":{"('0082-PE-2003', 0)":"06\/06\/2007","('0082-PE-2003', 1)":null,"('0082-PE-2003', 2)":null},"('Tramites', 'RESULTADO')":{"('0082-PE-2003', 0)":null,"('0082-PE-2003', 1)":null,"('0082-PE-2003', 2)":null},"Palabra Clave":{"('0082-PE-2003', 0)":" ","('0082-PE-2003', 1)":null,"('0082-PE-2003', 2)":null}}