{"Tipo de Proyecto":{"('0083-S-2003', 0)":"PROYECTO DE RESOLUCI\u00d3N","('0083-S-2003', 1)":null,"('0083-S-2003', 2)":null},"Iniciado en: ":{"('0083-S-2003', 0)":"Senado","('0083-S-2003', 1)":null,"('0083-S-2003', 2)":null},"Expediente Senado: ":{"('0083-S-2003', 0)":"0083-S-2003","('0083-S-2003', 1)":null,"('0083-S-2003', 2)":null},"Publicado en: ":{"('0083-S-2003', 0)":"Diario de Asuntos Entrados N\u00b0 6","('0083-S-2003', 1)":null,"('0083-S-2003', 2)":null},"Fecha: ":{"('0083-S-2003', 0)":"05\/03\/2003","('0083-S-2003', 1)":null,"('0083-S-2003', 2)":null},"T\u00edtulo":{"('0083-S-2003', 0)":"EXCLUIR AL SENADOR LUIS BARRIONUEVO DEL H SENADO POR INDIGNIDAD DE CONFORMIDAD CON EL ARTICULO 66 DE LA CONSTITUCION NACIONAL.","('0083-S-2003', 1)":null,"('0083-S-2003', 2)":null},"('Firmantes', 'FIRMANTE')":{"('0083-S-2003', 0)":"GOMEZ DIEZ, RICARDO","('0083-S-2003', 1)":"WALTER, PABLO HECTOR","('0083-S-2003', 2)":"SAPAG, LUZ MARIA"},"('Firmantes', 'DISTRITO')":{"('0083-S-2003', 0)":"SALTA","('0083-S-2003', 1)":"TUCUMAN","('0083-S-2003', 2)":"NEUQUEN"},"('Firmantes', 'BLOQUE')":{"('0083-S-2003', 0)":"RENOVADOR","('0083-S-2003', 1)":"FZA REPUBLICANA","('0083-S-2003', 2)":"MOV POP NEUQUINO"},"('Tramites', 'C\u00c1MARA')":{"('0083-S-2003', 0)":"Senado","('0083-S-2003', 1)":null,"('0083-S-2003', 2)":null},"('Tramites', 'MOVIMIENTO')":{"('0083-S-2003', 0)":"VER TRAMITE EN EXPEDIENTE 0012-S-03","('0083-S-2003', 1)":null,"('0083-S-2003', 2)":null},"('Tramites', 'FECHA')":{"('0083-S-2003', 0)":"26\/03\/2003","('0083-S-2003', 1)":null,"('0083-S-2003', 2)":null},"('Tramites', 'RESULTADO')":{"('0083-S-2003', 0)":null,"('0083-S-2003', 1)":null,"('0083-S-2003', 2)":null},"Link":{"('0083-S-2003', 0)":"http:\/\/www.senado.gov.ar\/parlamentario\/comisiones\/verExp\/83.03\/S\/PR","('0083-S-2003', 1)":null,"('0083-S-2003', 2)":null},"Palabra Clave":{"('0083-S-2003', 0)":" ","('0083-S-2003', 1)":null,"('0083-S-2003', 2)":null}}