{"Tipo de Proyecto":{"('0084-PE-2003', 0)":"MENSAJE NRO: 1070\/03","('0084-PE-2003', 1)":null,"('0084-PE-2003', 2)":null},"Iniciado en: ":{"('0084-PE-2003', 0)":"Diputados","('0084-PE-2003', 1)":null,"('0084-PE-2003', 2)":null},"Expediente Diputados: ":{"('0084-PE-2003', 0)":"0084-PE-2003","('0084-PE-2003', 1)":null,"('0084-PE-2003', 2)":null},"Publicado en: ":{"('0084-PE-2003', 0)":"Tr\u00e1mite Parlamentario N\u00b0 180","('0084-PE-2003', 1)":null,"('0084-PE-2003', 2)":null},"Fecha: ":{"('0084-PE-2003', 0)":"14\/11\/2003","('0084-PE-2003', 1)":null,"('0084-PE-2003', 2)":null},"T\u00edtulo":{"('0084-PE-2003', 0)":"COMUNICACION DEL DECRETO 1069\/03, POR EL CUAL SE PRORROGA HASTA EL 31 DE DICIEMBRE DE 2004 LA DECLARACION DE LA EMERGENCIA ALIMENTARIA NACIONAL. ","('0084-PE-2003', 1)":null,"('0084-PE-2003', 2)":null},"('Firmantes', 'FIRMANTE')":{"('0084-PE-2003', 0)":"KIRCHNER, NESTOR CARLOS","('0084-PE-2003', 1)":"FERNANDEZ, ALBERTO","('0084-PE-2003', 2)":"KIRCHNER, ALICIA"},"('Firmantes', 'DISTRITO')":{"('0084-PE-2003', 0)":null,"('0084-PE-2003', 1)":null,"('0084-PE-2003', 2)":null},"('Firmantes', 'BLOQUE')":{"('0084-PE-2003', 0)":"PODER EJECUTIVO","('0084-PE-2003', 1)":"PODER EJECUTIVO","('0084-PE-2003', 2)":"PODER EJECUTIVO"},"('Giros', 'COMISI\u00d3N')":{"('0084-PE-2003', 0)":"BICAMERAL DE SEGUIMIENTO DE FACULTADES DELEGADAS AL PODER EJECUTIVO NACIONAL - LEY 25561","('0084-PE-2003', 1)":null,"('0084-PE-2003', 2)":null},"Palabra Clave":{"('0084-PE-2003', 0)":" ","('0084-PE-2003', 1)":null,"('0084-PE-2003', 2)":null}}