{"Tipo de Proyecto":{"('0085-S-2003', 0)":"PROYECTO DE RESOLUCI\u00d3N","('0085-S-2003', 1)":null,"('0085-S-2003', 2)":null},"Iniciado en: ":{"('0085-S-2003', 0)":"Senado","('0085-S-2003', 1)":null,"('0085-S-2003', 2)":null},"Expediente Diputados: ":{"('0085-S-2003', 0)":"0085-S-2003","('0085-S-2003', 1)":null,"('0085-S-2003', 2)":null},"Expediente Senado: ":{"('0085-S-2003', 0)":"0179-OV-2001","('0085-S-2003', 1)":null,"('0085-S-2003', 2)":null},"Fecha: ":{"('0085-S-2003', 0)":"03\/07\/2003","('0085-S-2003', 1)":null,"('0085-S-2003', 2)":null},"T\u00edtulo":{"('0085-S-2003', 0)":"DICTAMEN EN LA RESOLUCION REMITIDA POR LA AUDITORIA GENERAL DE LA NACION SOBRE CONSOLIDACION DE LA DEUDA PUBLICA EN EL AMBITO DEL MINISTERIO DE EDUCACION.","('0085-S-2003', 1)":null,"('0085-S-2003', 2)":null},"('Firmantes', 'FIRMANTE')":{"('0085-S-2003', 0)":"PARLAMENTARIA MIXTA REVISORA DE CUENTAS","('0085-S-2003', 1)":null,"('0085-S-2003', 2)":null},"('Firmantes', 'DISTRITO')":{"('0085-S-2003', 0)":null,"('0085-S-2003', 1)":null,"('0085-S-2003', 2)":null},"('Firmantes', 'BLOQUE')":{"('0085-S-2003', 0)":null,"('0085-S-2003', 1)":null,"('0085-S-2003', 2)":null},"('Giros', 'COMISI\u00d3N')":{"('0085-S-2003', 0)":"PARLAMENTARIA MIXTA REVISORA DE CUENTAS","('0085-S-2003', 1)":null,"('0085-S-2003', 2)":null},"('Tramites', 'C\u00c1MARA')":{"('0085-S-2003', 0)":"Senado","('0085-S-2003', 1)":"Diputados","('0085-S-2003', 2)":"Diputados"},"('Tramites', 'MOVIMIENTO')":{"('0085-S-2003', 0)":"CONSIDERACION Y APROBACION","('0085-S-2003', 1)":"PASA A DIPUTADOS -","('0085-S-2003', 2)":"CONSIDERACION Y APROBACION"},"('Tramites', 'FECHA')":{"('0085-S-2003', 0)":"23\/07\/2003","('0085-S-2003', 1)":null,"('0085-S-2003', 2)":"27\/08\/2003"},"('Tramites', 'RESULTADO')":{"('0085-S-2003', 0)":"APROBADO","('0085-S-2003', 1)":null,"('0085-S-2003', 2)":"APROBADO"},"Sumario":{"('0085-S-2003', 0)":"SOLICITUD AL PODER EJECUTIVO NACIONAL PARA QUE INFORME SOBRE LOS ASPECTOS OBSERVADOS POR LA AGN QUE MOTIVARON LA EMISION DE UN DICTAMEN CON ABSTENCION DE OPINION RESPECTO DEL PROCESO DE CONSOLIDACION DE LA DEUDA DEL MINISTERIO DE EDUCACION RECONOCIDA A LA FIRMA SEIDMAN Y BONDER SCA Y AL DOCTOR ALFREDO SUAYA; Y SOBRE LAS MEDIDAS ADOPTADAS A FIN DE DETERMINAR EL PERJUICIO FISCAL Y LA EFECTIVIZACION DE RESPONSABILIDADES.","('0085-S-2003', 1)":null,"('0085-S-2003', 2)":null},"Palabra Clave":{"('0085-S-2003', 0)":" ","('0085-S-2003', 1)":null,"('0085-S-2003', 2)":null}}