{"Tipo de Proyecto":{"('0086-S-2003', 0)":"PROYECTO DE RESOLUCI\u00d3N","('0086-S-2003', 1)":null,"('0086-S-2003', 2)":null},"Iniciado en: ":{"('0086-S-2003', 0)":"Senado","('0086-S-2003', 1)":null,"('0086-S-2003', 2)":null},"Expediente Diputados: ":{"('0086-S-2003', 0)":"0086-S-2003","('0086-S-2003', 1)":null,"('0086-S-2003', 2)":null},"Expediente Senado: ":{"('0086-S-2003', 0)":"0342-OV-2001","('0086-S-2003', 1)":null,"('0086-S-2003', 2)":null},"Fecha: ":{"('0086-S-2003', 0)":"03\/07\/2003","('0086-S-2003', 1)":null,"('0086-S-2003', 2)":null},"T\u00edtulo":{"('0086-S-2003', 0)":"DICTAMEN EN LA RESOLUCION REMITIDA POR LA AUDITORIA GENERAL DE LA NACION SOBRE UN RELEVAMIENTO DE LOS CIRCUITOS ADMINISTRATIVO-CONTABLES Y SU VINCULACION CON LAS AREAS CENTRALES EN EL AMBITO DE LA ADMINISTRACION FEDERAL DE INGRESOS PUBLICOS - DIRECCION GENERAL DE ADUANAS.","('0086-S-2003', 1)":null,"('0086-S-2003', 2)":null},"('Firmantes', 'FIRMANTE')":{"('0086-S-2003', 0)":"PARLAMENTARIA MIXTA REVISORA DE CUENTAS","('0086-S-2003', 1)":null,"('0086-S-2003', 2)":null},"('Firmantes', 'DISTRITO')":{"('0086-S-2003', 0)":null,"('0086-S-2003', 1)":null,"('0086-S-2003', 2)":null},"('Firmantes', 'BLOQUE')":{"('0086-S-2003', 0)":null,"('0086-S-2003', 1)":null,"('0086-S-2003', 2)":null},"('Giros', 'COMISI\u00d3N')":{"('0086-S-2003', 0)":"PARLAMENTARIA MIXTA REVISORA DE CUENTAS","('0086-S-2003', 1)":null,"('0086-S-2003', 2)":null},"('Tramites', 'C\u00c1MARA')":{"('0086-S-2003', 0)":"Senado","('0086-S-2003', 1)":"Diputados","('0086-S-2003', 2)":"Diputados"},"('Tramites', 'MOVIMIENTO')":{"('0086-S-2003', 0)":"CONSIDERACION Y APROBACION","('0086-S-2003', 1)":"PASA A DIPUTADOS -","('0086-S-2003', 2)":"CONSIDERACION Y APROBACION"},"('Tramites', 'FECHA')":{"('0086-S-2003', 0)":"23\/07\/2003","('0086-S-2003', 1)":null,"('0086-S-2003', 2)":"01\/10\/2003"},"('Tramites', 'RESULTADO')":{"('0086-S-2003', 0)":"APROBADO","('0086-S-2003', 1)":null,"('0086-S-2003', 2)":"APROBADO"},"Sumario":{"('0086-S-2003', 0)":"SOLICITUD AL PODER EJECUTIVO NACIONAL PARA QUE INFORME SOBRE LAS MEDIDAS ADOPTADAS PARA CORREGIR LAS DEFICIENCIAS OBSERVADAS, Y DETERMINAR EL PERJUICIO FISCAL Y EFECTIVIZAR RESPONSABILIDADES.","('0086-S-2003', 1)":null,"('0086-S-2003', 2)":null},"Palabra Clave":{"('0086-S-2003', 0)":" ","('0086-S-2003', 1)":null,"('0086-S-2003', 2)":null}}