{"Tipo de Proyecto":{"('0086-PE-2003', 0)":"MENSAJE NRO: 1077\/03","('0086-PE-2003', 1)":null,"('0086-PE-2003', 2)":null},"Iniciado en: ":{"('0086-PE-2003', 0)":"Diputados","('0086-PE-2003', 1)":null,"('0086-PE-2003', 2)":null},"Expediente Diputados: ":{"('0086-PE-2003', 0)":"0086-PE-2003","('0086-PE-2003', 1)":null,"('0086-PE-2003', 2)":null},"Publicado en: ":{"('0086-PE-2003', 0)":"Tr\u00e1mite Parlamentario N\u00b0 184","('0086-PE-2003', 1)":null,"('0086-PE-2003', 2)":null},"Fecha: ":{"('0086-PE-2003', 0)":"20\/11\/2003","('0086-PE-2003', 1)":null,"('0086-PE-2003', 2)":null},"T\u00edtulo":{"('0086-PE-2003', 0)":"COMUNICACION DEL DECRETO 1076\/03 POR EL CUAL SE PRORROGAN LAS SESIONES ORDINARIAS HASTA EL 31 DE DICIEMBRE DE 2003.","('0086-PE-2003', 1)":null,"('0086-PE-2003', 2)":null},"('Firmantes', 'FIRMANTE')":{"('0086-PE-2003', 0)":"KIRCHNER, NESTOR CARLOS","('0086-PE-2003', 1)":"FERNANDEZ, ANIBAL","('0086-PE-2003', 2)":"FERNANDEZ, ALBERTO"},"('Firmantes', 'DISTRITO')":{"('0086-PE-2003', 0)":null,"('0086-PE-2003', 1)":null,"('0086-PE-2003', 2)":null},"('Firmantes', 'BLOQUE')":{"('0086-PE-2003', 0)":"PODER EJECUTIVO","('0086-PE-2003', 1)":"PODER EJECUTIVO","('0086-PE-2003', 2)":"PODER EJECUTIVO"},"('Giros', 'COMISI\u00d3N')":{"('0086-PE-2003', 0)":"A LA PRESIDENCIA","('0086-PE-2003', 1)":null,"('0086-PE-2003', 2)":null},"Palabra Clave":{"('0086-PE-2003', 0)":" ","('0086-PE-2003', 1)":null,"('0086-PE-2003', 2)":null}}