{"Tipo de Proyecto":{"('0088-PE-2003', 0)":"MENSAJE NRO: 1145\/03","('0088-PE-2003', 1)":null,"('0088-PE-2003', 2)":null},"Iniciado en: ":{"('0088-PE-2003', 0)":"Diputados","('0088-PE-2003', 1)":null,"('0088-PE-2003', 2)":null},"Expediente Diputados: ":{"('0088-PE-2003', 0)":"0088-PE-2003","('0088-PE-2003', 1)":null,"('0088-PE-2003', 2)":null},"Publicado en: ":{"('0088-PE-2003', 0)":"Tr\u00e1mite Parlamentario N\u00b0 189","('0088-PE-2003', 1)":null,"('0088-PE-2003', 2)":null},"Fecha: ":{"('0088-PE-2003', 0)":"27\/11\/2003","('0088-PE-2003', 1)":null,"('0088-PE-2003', 2)":null},"T\u00edtulo":{"('0088-PE-2003', 0)":"COMUNICACION DEL DECRETO 1124\/03 RELACIONADO CON EL REGIMEN SIMPLIFICADO PARA PEQUE\u00d1OS CONTRIBUYENTES.","('0088-PE-2003', 1)":null,"('0088-PE-2003', 2)":null},"('Firmantes', 'FIRMANTE')":{"('0088-PE-2003', 0)":"KIRCHNER, NESTOR CARLOS","('0088-PE-2003', 1)":"FERNANDEZ, ALBERTO","('0088-PE-2003', 2)":"TOMADA, CARLOS"},"('Firmantes', 'DISTRITO')":{"('0088-PE-2003', 0)":null,"('0088-PE-2003', 1)":null,"('0088-PE-2003', 2)":null},"('Firmantes', 'BLOQUE')":{"('0088-PE-2003', 0)":"PODER EJECUTIVO","('0088-PE-2003', 1)":"PODER EJECUTIVO","('0088-PE-2003', 2)":"PODER EJECUTIVO"},"('Giros', 'COMISI\u00d3N')":{"('0088-PE-2003', 0)":"BICAMERAL PERMANENTE DE TRAMITE LEGISLATIVO - LEY 26122","('0088-PE-2003', 1)":null,"('0088-PE-2003', 2)":null},"('Tramites', 'C\u00c1MARA')":{"('0088-PE-2003', 0)":"Diputados","('0088-PE-2003', 1)":"Diputados","('0088-PE-2003', 2)":null},"('Tramites', 'MOVIMIENTO')":{"('0088-PE-2003', 0)":"SOLICITUD DEL PRESIDENTE DE LA COMISION BICAMERAL PERMANENTE DE TRAMITE LEGISLATIVO (LEY 26122) DE REMISION DEL EXPEDIENTE PARA SU ANALISIS (A LA PRESIDENCIA)","('0088-PE-2003', 1)":"EXPEDIENTE ORIGINALMENTE GIRADO A LAS COMISIONES DE PREVISION Y SEGURIDAD SOCIAL Y PRESUPUESTO Y HACIENDA; SE LO REMITE A LA COMISION BICAMERAL DE TRAMITE LEGISLATIVO (LEY 26122)","('0088-PE-2003', 2)":null},"('Tramites', 'FECHA')":{"('0088-PE-2003', 0)":"25\/04\/2007","('0088-PE-2003', 1)":null,"('0088-PE-2003', 2)":null},"('Tramites', 'RESULTADO')":{"('0088-PE-2003', 0)":null,"('0088-PE-2003', 1)":null,"('0088-PE-2003', 2)":null},"Palabra Clave":{"('0088-PE-2003', 0)":" ","('0088-PE-2003', 1)":null,"('0088-PE-2003', 2)":null}}