{"Tipo de Proyecto":{"('0089-PE-2003', 0)":"MENSAJE NRO: 1153\/03","('0089-PE-2003', 1)":null,"('0089-PE-2003', 2)":null},"Iniciado en: ":{"('0089-PE-2003', 0)":"Diputados","('0089-PE-2003', 1)":null,"('0089-PE-2003', 2)":null},"Expediente Diputados: ":{"('0089-PE-2003', 0)":"0089-PE-2003","('0089-PE-2003', 1)":null,"('0089-PE-2003', 2)":null},"Publicado en: ":{"('0089-PE-2003', 0)":"Tr\u00e1mite Parlamentario N\u00b0 190","('0089-PE-2003', 1)":null,"('0089-PE-2003', 2)":null},"Fecha: ":{"('0089-PE-2003', 0)":"28\/11\/2003","('0089-PE-2003', 1)":null,"('0089-PE-2003', 2)":null},"T\u00edtulo":{"('0089-PE-2003', 0)":"COMUNICACION DEL DECRETO 1152\/03 POR EL CUAL SE OBSERVAN LOS ARTICULOS 3 Y 9 DE LA LEY 25812, DECLARANDO ZONA DE DESASTRE A LA PROVINCIA DE SANTA FE POR INCLEMENCIAS CLIMATICAS.","('0089-PE-2003', 1)":null,"('0089-PE-2003', 2)":null},"('Firmantes', 'FIRMANTE')":{"('0089-PE-2003', 0)":"KIRCHNER, NESTOR CARLOS","('0089-PE-2003', 1)":"FERNANDEZ, ALBERTO","('0089-PE-2003', 2)":"FILMUS, DANIEL"},"('Firmantes', 'DISTRITO')":{"('0089-PE-2003', 0)":null,"('0089-PE-2003', 1)":null,"('0089-PE-2003', 2)":null},"('Firmantes', 'BLOQUE')":{"('0089-PE-2003', 0)":"PODER EJECUTIVO","('0089-PE-2003', 1)":"PODER EJECUTIVO","('0089-PE-2003', 2)":"PODER EJECUTIVO"},"('Giros', 'COMISI\u00d3N')":{"('0089-PE-2003', 0)":"PRESUPUESTO Y HACIENDA","('0089-PE-2003', 1)":"AGRICULTURA Y GANADERIA","('0089-PE-2003', 2)":"ECONOMIAS Y DESARROLLO REGIONAL"},"Palabra Clave":{"('0089-PE-2003', 0)":" ","('0089-PE-2003', 1)":null,"('0089-PE-2003', 2)":null}}