{"Tipo de Proyecto":{"('0089-S-2003', 0)":"PROYECTO DE RESOLUCI\u00d3N","('0089-S-2003', 1)":null,"('0089-S-2003', 2)":null,"('0089-S-2003', 3)":null},"Iniciado en: ":{"('0089-S-2003', 0)":"Senado","('0089-S-2003', 1)":null,"('0089-S-2003', 2)":null,"('0089-S-2003', 3)":null},"Expediente Diputados: ":{"('0089-S-2003', 0)":"0089-S-2003","('0089-S-2003', 1)":null,"('0089-S-2003', 2)":null,"('0089-S-2003', 3)":null},"Expediente Senado: ":{"('0089-S-2003', 0)":"0103-OV-2001","('0089-S-2003', 1)":null,"('0089-S-2003', 2)":null,"('0089-S-2003', 3)":null},"Fecha: ":{"('0089-S-2003', 0)":"03\/07\/2003","('0089-S-2003', 1)":null,"('0089-S-2003', 2)":null,"('0089-S-2003', 3)":null},"T\u00edtulo":{"('0089-S-2003', 0)":"DICTAMEN EN LAS RESOLUCIONES REMITIDAS POR LA AUDITORIA GENERAL DE LA NACION SOBRE LOS ESTADOS FINANCIEROS AL 31 DE DICIEMBRE DE 1999 (0103-OV-01), 31 DE DICIEMBRE DE 2000 (0474-OV-01) Y 31 DE DICIEMBRE DE 2001 (0029-OV-03) DEL PROYECTO DE CONSERVACION DE LA BIODIVERSIDAD - CONVENIO DE DONACION DEL FONDO FIDUCIARIO PARA LA FACILIDAD DEL MEDIO AMBIENTE MUNDIAL NUMERO TF 028372.","('0089-S-2003', 1)":null,"('0089-S-2003', 2)":null,"('0089-S-2003', 3)":null},"('Firmantes', 'FIRMANTE')":{"('0089-S-2003', 0)":"PARLAMENTARIA MIXTA REVISORA DE CUENTAS","('0089-S-2003', 1)":null,"('0089-S-2003', 2)":null,"('0089-S-2003', 3)":null},"('Firmantes', 'DISTRITO')":{"('0089-S-2003', 0)":null,"('0089-S-2003', 1)":null,"('0089-S-2003', 2)":null,"('0089-S-2003', 3)":null},"('Firmantes', 'BLOQUE')":{"('0089-S-2003', 0)":null,"('0089-S-2003', 1)":null,"('0089-S-2003', 2)":null,"('0089-S-2003', 3)":null},"('Giros', 'COMISI\u00d3N')":{"('0089-S-2003', 0)":"PARLAMENTARIA MIXTA REVISORA DE CUENTAS","('0089-S-2003', 1)":null,"('0089-S-2003', 2)":null,"('0089-S-2003', 3)":null},"('Tramites', 'C\u00c1MARA')":{"('0089-S-2003', 0)":"Senado","('0089-S-2003', 1)":"Diputados","('0089-S-2003', 2)":"Diputados","('0089-S-2003', 3)":"Diputados"},"('Tramites', 'MOVIMIENTO')":{"('0089-S-2003', 0)":"CONSIDERACION Y APROBACION","('0089-S-2003', 1)":"PASA A DIPUTADOS -","('0089-S-2003', 2)":"CONSIDERACION Y APROBACION","('0089-S-2003', 3)":"CONTESTACION DEL PODER EJECUTIVO NACIONAL - JEFE DE GABINETE DE MINISTROS - GIRADO A LA COMISION RESPECTIVA"},"('Tramites', 'FECHA')":{"('0089-S-2003', 0)":"23\/07\/2003","('0089-S-2003', 1)":null,"('0089-S-2003', 2)":"01\/10\/2003","('0089-S-2003', 3)":"22\/09\/2004"},"('Tramites', 'RESULTADO')":{"('0089-S-2003', 0)":"APROBADO","('0089-S-2003', 1)":null,"('0089-S-2003', 2)":"APROBADO","('0089-S-2003', 3)":null},"Sumario":{"('0089-S-2003', 0)":"SOLICITUD AL PODER EJECUTIVO NACIONAL PARA QUE INFORME SOBRE LAS MEDIDAS ADOPTADAS A LOS FINES DE SUPERAR LAS SITUACIONES OBSERVADAS, Y DETERMINAR PERJUICIO FISCAL Y EFECTIVIZAR RESPONSABILIDADES.","('0089-S-2003', 1)":null,"('0089-S-2003', 2)":null,"('0089-S-2003', 3)":null},"Palabra Clave":{"('0089-S-2003', 0)":" ","('0089-S-2003', 1)":null,"('0089-S-2003', 2)":null,"('0089-S-2003', 3)":null}}