{"Tipo de Proyecto":{"('0091-S-2003', 0)":"PROYECTO DE RESOLUCI\u00d3N","('0091-S-2003', 1)":null,"('0091-S-2003', 2)":null,"('0091-S-2003', 3)":null},"Iniciado en: ":{"('0091-S-2003', 0)":"Senado","('0091-S-2003', 1)":null,"('0091-S-2003', 2)":null,"('0091-S-2003', 3)":null},"Expediente Diputados: ":{"('0091-S-2003', 0)":"0091-S-2003","('0091-S-2003', 1)":null,"('0091-S-2003', 2)":null,"('0091-S-2003', 3)":null},"Expediente Senado: ":{"('0091-S-2003', 0)":"0002-OV-2002","('0091-S-2003', 1)":null,"('0091-S-2003', 2)":null,"('0091-S-2003', 3)":null},"Fecha: ":{"('0091-S-2003', 0)":"03\/07\/2003","('0091-S-2003', 1)":null,"('0091-S-2003', 2)":null,"('0091-S-2003', 3)":null},"T\u00edtulo":{"('0091-S-2003', 0)":"PEDIDO DE INFORMES AL PODER EJECUTIVO SOBRE RESOLUCIONES  REMITIDAS POR LA AUDITORIA GENERAL DE LA NACION SOBRE LOS ESTADOS CONTABLES AL 31 DE DICIEMBRE DE 2000 (0002-OV-02) Y 31 DE DICIEMBRE DE 1999 (0003-OV-02) EN EL AMBITO DE LA COMISION REGIONAL DEL RIO BERMEJO.","('0091-S-2003', 1)":null,"('0091-S-2003', 2)":null,"('0091-S-2003', 3)":null},"('Firmantes', 'FIRMANTE')":{"('0091-S-2003', 0)":"PARLAMENTARIA MIXTA REVISORA DE CUENTAS","('0091-S-2003', 1)":null,"('0091-S-2003', 2)":null,"('0091-S-2003', 3)":null},"('Firmantes', 'DISTRITO')":{"('0091-S-2003', 0)":null,"('0091-S-2003', 1)":null,"('0091-S-2003', 2)":null,"('0091-S-2003', 3)":null},"('Firmantes', 'BLOQUE')":{"('0091-S-2003', 0)":null,"('0091-S-2003', 1)":null,"('0091-S-2003', 2)":null,"('0091-S-2003', 3)":null},"('Giros', 'COMISI\u00d3N')":{"('0091-S-2003', 0)":"PARLAMENTARIA MIXTA REVISORA DE CUENTAS","('0091-S-2003', 1)":null,"('0091-S-2003', 2)":null,"('0091-S-2003', 3)":null},"('Tramites', 'C\u00c1MARA')":{"('0091-S-2003', 0)":"Senado","('0091-S-2003', 1)":"Diputados","('0091-S-2003', 2)":"Diputados","('0091-S-2003', 3)":"Diputados"},"('Tramites', 'MOVIMIENTO')":{"('0091-S-2003', 0)":"CONSIDERACION Y APROBACION","('0091-S-2003', 1)":"PASA A DIPUTADOS -","('0091-S-2003', 2)":"CONSIDERACION Y APROBACION","('0091-S-2003', 3)":"CONTESTACION DEL PODER EJECUTIVO NACIONAL - JEFE DE GABINETE DE MINISTROS - GIRADO A LA COMISION RESPECTIVA"},"('Tramites', 'FECHA')":{"('0091-S-2003', 0)":"23\/07\/2003","('0091-S-2003', 1)":null,"('0091-S-2003', 2)":"01\/10\/2003","('0091-S-2003', 3)":"14\/12\/2005"},"('Tramites', 'RESULTADO')":{"('0091-S-2003', 0)":"APROBADO","('0091-S-2003', 1)":null,"('0091-S-2003', 2)":"APROBADO","('0091-S-2003', 3)":null},"Link":{"('0091-S-2003', 0)":"http:\/\/www.senado.gov.ar\/parlamentario\/comisiones\/verExp\/2.02\/OV\/PR","('0091-S-2003', 1)":null,"('0091-S-2003', 2)":null,"('0091-S-2003', 3)":null},"Palabra Clave":{"('0091-S-2003', 0)":" ","('0091-S-2003', 1)":null,"('0091-S-2003', 2)":null,"('0091-S-2003', 3)":null}}