{"Tipo de Proyecto":{"('0092-S-2003', 0)":"PROYECTO DE RESOLUCI\u00d3N","('0092-S-2003', 1)":null,"('0092-S-2003', 2)":null},"Iniciado en: ":{"('0092-S-2003', 0)":"Senado","('0092-S-2003', 1)":null,"('0092-S-2003', 2)":null},"Expediente Diputados: ":{"('0092-S-2003', 0)":"0092-S-2003","('0092-S-2003', 1)":null,"('0092-S-2003', 2)":null},"Expediente Senado: ":{"('0092-S-2003', 0)":"0206-OV-2001","('0092-S-2003', 1)":null,"('0092-S-2003', 2)":null},"Fecha: ":{"('0092-S-2003', 0)":"03\/07\/2003","('0092-S-2003', 1)":null,"('0092-S-2003', 2)":null},"T\u00edtulo":{"('0092-S-2003', 0)":"PEDIDO DE INFORMES AL PODER EJECUTIVO SOBRE RESOLUCIONES REMITIDAS POR LA AUDITORIA GENERAL DE LA NACION SOBRE LOS ESTADOS FINANCIEROS AL 31 DE DICIEMBRE DE 2000 (0206-OV-01) Y 31 DE DICIEMBRE DE 2001 (0031-OV-03) DEL PROYECTO DE ENERGIAS RENOVABLES EN MERCADOS RURALES - CONVENIO DE PRESTAMO 4454-AR BIRF Y CONVENIO DE DONACION TF 20548 GEF (FONDO FIDUCIARIO MUNDIAL DEL MEDIO AMBIENTE) BIRF.","('0092-S-2003', 1)":null,"('0092-S-2003', 2)":null},"('Firmantes', 'FIRMANTE')":{"('0092-S-2003', 0)":"PARLAMENTARIA MIXTA REVISORA DE CUENTAS","('0092-S-2003', 1)":null,"('0092-S-2003', 2)":null},"('Firmantes', 'DISTRITO')":{"('0092-S-2003', 0)":null,"('0092-S-2003', 1)":null,"('0092-S-2003', 2)":null},"('Firmantes', 'BLOQUE')":{"('0092-S-2003', 0)":null,"('0092-S-2003', 1)":null,"('0092-S-2003', 2)":null},"('Giros', 'COMISI\u00d3N')":{"('0092-S-2003', 0)":"PARLAMENTARIA MIXTA REVISORA DE CUENTAS","('0092-S-2003', 1)":null,"('0092-S-2003', 2)":null},"('Tramites', 'C\u00c1MARA')":{"('0092-S-2003', 0)":"Senado","('0092-S-2003', 1)":"Diputados","('0092-S-2003', 2)":"Diputados"},"('Tramites', 'MOVIMIENTO')":{"('0092-S-2003', 0)":"CONSIDERACION Y APROBACION","('0092-S-2003', 1)":"PASA A DIPUTADOS -","('0092-S-2003', 2)":"CONSIDERACION Y APROBACION"},"('Tramites', 'FECHA')":{"('0092-S-2003', 0)":"23\/07\/2003","('0092-S-2003', 1)":null,"('0092-S-2003', 2)":"01\/10\/2003"},"('Tramites', 'RESULTADO')":{"('0092-S-2003', 0)":"APROBADO","('0092-S-2003', 1)":null,"('0092-S-2003', 2)":"APROBADO"},"Link":{"('0092-S-2003', 0)":"http:\/\/www.senado.gov.ar\/parlamentario\/comisiones\/verExp\/206.01\/OV\/PR","('0092-S-2003', 1)":null,"('0092-S-2003', 2)":null},"Palabra Clave":{"('0092-S-2003', 0)":" ","('0092-S-2003', 1)":null,"('0092-S-2003', 2)":null}}