{"Tipo de Proyecto":{"('0093-S-2003', 0)":"PROYECTO DE RESOLUCI\u00d3N","('0093-S-2003', 1)":null,"('0093-S-2003', 2)":null,"('0093-S-2003', 3)":null},"Iniciado en: ":{"('0093-S-2003', 0)":"Senado","('0093-S-2003', 1)":null,"('0093-S-2003', 2)":null,"('0093-S-2003', 3)":null},"Expediente Diputados: ":{"('0093-S-2003', 0)":"0093-S-2003","('0093-S-2003', 1)":null,"('0093-S-2003', 2)":null,"('0093-S-2003', 3)":null},"Expediente Senado: ":{"('0093-S-2003', 0)":"0181-OV-2001","('0093-S-2003', 1)":null,"('0093-S-2003', 2)":null,"('0093-S-2003', 3)":null},"Fecha: ":{"('0093-S-2003', 0)":"03\/07\/2003","('0093-S-2003', 1)":null,"('0093-S-2003', 2)":null,"('0093-S-2003', 3)":null},"T\u00edtulo":{"('0093-S-2003', 0)":"PEDIDO DE INFORMES AL PODER EJECUTIVO SOBRE RESOLUCION REMITIDA POR LA AUDITORIA GENERAL DE LA NACION SOBRE UNA AUDITORIA DE GESTION DEL PROYECTO SECTORIAL DE MANTENIMIENTO Y REHABILITACION DE CARRETERAS, CONTRATO DE PRESTAMO 3611\/AR BIRF.","('0093-S-2003', 1)":null,"('0093-S-2003', 2)":null,"('0093-S-2003', 3)":null},"('Firmantes', 'FIRMANTE')":{"('0093-S-2003', 0)":"PARLAMENTARIA MIXTA REVISORA DE CUENTAS","('0093-S-2003', 1)":null,"('0093-S-2003', 2)":null,"('0093-S-2003', 3)":null},"('Firmantes', 'DISTRITO')":{"('0093-S-2003', 0)":null,"('0093-S-2003', 1)":null,"('0093-S-2003', 2)":null,"('0093-S-2003', 3)":null},"('Firmantes', 'BLOQUE')":{"('0093-S-2003', 0)":null,"('0093-S-2003', 1)":null,"('0093-S-2003', 2)":null,"('0093-S-2003', 3)":null},"('Giros', 'COMISI\u00d3N')":{"('0093-S-2003', 0)":"PARLAMENTARIA MIXTA REVISORA DE CUENTAS","('0093-S-2003', 1)":null,"('0093-S-2003', 2)":null,"('0093-S-2003', 3)":null},"('Tramites', 'C\u00c1MARA')":{"('0093-S-2003', 0)":"Senado","('0093-S-2003', 1)":"Diputados","('0093-S-2003', 2)":"Diputados","('0093-S-2003', 3)":"Diputados"},"('Tramites', 'MOVIMIENTO')":{"('0093-S-2003', 0)":"CONSIDERACION Y APROBACION","('0093-S-2003', 1)":"PASA A DIPUTADOS -","('0093-S-2003', 2)":"CONSIDERACION Y APROBACION","('0093-S-2003', 3)":"CONTESTACION DEL PODER EJECUTIVO NACIONAL - GIRADO A LA COMISION RESPECTIVA"},"('Tramites', 'FECHA')":{"('0093-S-2003', 0)":"23\/07\/2003","('0093-S-2003', 1)":null,"('0093-S-2003', 2)":"01\/10\/2003","('0093-S-2003', 3)":"14\/03\/2007"},"('Tramites', 'RESULTADO')":{"('0093-S-2003', 0)":"APROBADO","('0093-S-2003', 1)":null,"('0093-S-2003', 2)":"APROBADO","('0093-S-2003', 3)":null},"Link":{"('0093-S-2003', 0)":"http:\/\/www.senado.gov.ar\/parlamentario\/comisiones\/verExp\/181.01\/OV\/PR","('0093-S-2003', 1)":null,"('0093-S-2003', 2)":null,"('0093-S-2003', 3)":null},"Palabra Clave":{"('0093-S-2003', 0)":" ","('0093-S-2003', 1)":null,"('0093-S-2003', 2)":null,"('0093-S-2003', 3)":null}}