{"Tipo de Proyecto":{"('0093-PE-2003', 0)":"MENSAJE NRO: 1199\/03","('0093-PE-2003', 1)":null,"('0093-PE-2003', 2)":null},"Iniciado en: ":{"('0093-PE-2003', 0)":"Diputados","('0093-PE-2003', 1)":null,"('0093-PE-2003', 2)":null},"Expediente Diputados: ":{"('0093-PE-2003', 0)":"0093-PE-2003","('0093-PE-2003', 1)":null,"('0093-PE-2003', 2)":null},"Publicado en: ":{"('0093-PE-2003', 0)":"Tr\u00e1mite Parlamentario N\u00b0 196","('0093-PE-2003', 1)":null,"('0093-PE-2003', 2)":null},"Fecha: ":{"('0093-PE-2003', 0)":"09\/12\/2003","('0093-PE-2003', 1)":null,"('0093-PE-2003', 2)":null},"T\u00edtulo":{"('0093-PE-2003', 0)":"COMUNICACION DEL DECRETO 1198\/03 DE OBSERVACION TOTAL Y DEVOLUCION DEL PROYECTO DE LEY REGISTRADO BAJO EL NUMERO 25821, MODIFICATORIO DEL CODIGO ADUANERO ACERCA DEL SISTEMA DE CONTROLES EN EL EGRESO DE DIVISAS.","('0093-PE-2003', 1)":null,"('0093-PE-2003', 2)":null},"('Firmantes', 'FIRMANTE')":{"('0093-PE-2003', 0)":"KIRCHNER, NESTOR CARLOS","('0093-PE-2003', 1)":"FERNANDEZ, ALBERTO","('0093-PE-2003', 2)":"LAVAGNA, ROBERTO"},"('Firmantes', 'DISTRITO')":{"('0093-PE-2003', 0)":null,"('0093-PE-2003', 1)":null,"('0093-PE-2003', 2)":null},"('Firmantes', 'BLOQUE')":{"('0093-PE-2003', 0)":"PODER EJECUTIVO","('0093-PE-2003', 1)":"PODER EJECUTIVO","('0093-PE-2003', 2)":"PODER EJECUTIVO"},"('Giros', 'COMISI\u00d3N')":{"('0093-PE-2003', 0)":"ECONOMIA","('0093-PE-2003', 1)":"LEGISLACION PENAL","('0093-PE-2003', 2)":null},"Palabra Clave":{"('0093-PE-2003', 0)":" ","('0093-PE-2003', 1)":null,"('0093-PE-2003', 2)":null}}