{"Tipo de Proyecto":{"('0094-D-2003', 0)":"PROYECTO DE LEY","('0094-D-2003', 1)":null,"('0094-D-2003', 2)":null},"Iniciado en: ":{"('0094-D-2003', 0)":"Diputados","('0094-D-2003', 1)":null,"('0094-D-2003', 2)":null},"Expediente Diputados: ":{"('0094-D-2003', 0)":"0094-D-2003","('0094-D-2003', 1)":null,"('0094-D-2003', 2)":null},"Publicado en: ":{"('0094-D-2003', 0)":"Tr\u00e1mite Parlamentario N\u00b0 1","('0094-D-2003', 1)":null,"('0094-D-2003', 2)":null},"Fecha: ":{"('0094-D-2003', 0)":"03\/03\/2003","('0094-D-2003', 1)":null,"('0094-D-2003', 2)":null},"T\u00edtulo":{"('0094-D-2003', 0)":"DECLARAR DE INTERES NACIONAL LA PROMOCION, FOMENTO Y DESARROLLO DE LA PRODUCCION, COMERCIO E INDUSTRIALIZACION DE LA CARNE DEL CONEJO, Y DE OTRA ACTIVIDAD DIRECTA O INDIRECTA VINCULADA CON LA MISMA.","('0094-D-2003', 1)":null,"('0094-D-2003', 2)":null},"('Firmantes', 'FIRMANTE')":{"('0094-D-2003', 0)":"LUGO DE GONZALEZ CABA\u00d1AS, CECILIA","('0094-D-2003', 1)":null,"('0094-D-2003', 2)":null},"('Firmantes', 'DISTRITO')":{"('0094-D-2003', 0)":"CORRIENTES","('0094-D-2003', 1)":null,"('0094-D-2003', 2)":null},"('Firmantes', 'BLOQUE')":{"('0094-D-2003', 0)":"JUSTICIALISTA AZUL Y BLANCO","('0094-D-2003', 1)":null,"('0094-D-2003', 2)":null},"('Giros', 'COMISI\u00d3N')":{"('0094-D-2003', 0)":"AGRICULTURA Y GANADERIA","('0094-D-2003', 1)":"COMERCIO","('0094-D-2003', 2)":"INDUSTRIA"},"Sumario":{"('0094-D-2003', 0)":"AUTORIDAD DE APLICACION: SECRETARIA DE AGRICULTURA, GANADERIA, PESCA Y ALIMENTACION, FUNCIONES; OBLIGACIONES DEL SERVICIO NACIONAL DE SANIDAD ANIMAL (SENASA).","('0094-D-2003', 1)":null,"('0094-D-2003', 2)":null},"Palabra Clave":{"('0094-D-2003', 0)":" ","('0094-D-2003', 1)":null,"('0094-D-2003', 2)":null}}