{"Tipo de Proyecto":{"('0095-S-2003', 0)":"PROYECTO DE RESOLUCI\u00d3N","('0095-S-2003', 1)":null,"('0095-S-2003', 2)":null},"Iniciado en: ":{"('0095-S-2003', 0)":"Senado","('0095-S-2003', 1)":null,"('0095-S-2003', 2)":null},"Expediente Diputados: ":{"('0095-S-2003', 0)":"0095-S-2003","('0095-S-2003', 1)":null,"('0095-S-2003', 2)":null},"Expediente Senado: ":{"('0095-S-2003', 0)":"0527-OV-2000","('0095-S-2003', 1)":null,"('0095-S-2003', 2)":null},"Fecha: ":{"('0095-S-2003', 0)":"03\/07\/2003","('0095-S-2003', 1)":null,"('0095-S-2003', 2)":null},"T\u00edtulo":{"('0095-S-2003', 0)":"PEDIDO DE INFORMES AL PODER EJECUTIVO SOBRE RESOLUCION REMITIDA POR LA AUDITORIA GENERAL DE LA NACION SOBRE INFORME DE AUDITORIA REFERENTE A LOS RESULTADOS OBTENIDOS POR EL PROGRAMA 76 FORMULACION Y EJECUCION DE LA POLITICA ENERGETICA.","('0095-S-2003', 1)":null,"('0095-S-2003', 2)":null},"('Firmantes', 'FIRMANTE')":{"('0095-S-2003', 0)":"PARLAMENTARIA MIXTA REVISORA DE CUENTAS","('0095-S-2003', 1)":null,"('0095-S-2003', 2)":null},"('Firmantes', 'DISTRITO')":{"('0095-S-2003', 0)":null,"('0095-S-2003', 1)":null,"('0095-S-2003', 2)":null},"('Firmantes', 'BLOQUE')":{"('0095-S-2003', 0)":null,"('0095-S-2003', 1)":null,"('0095-S-2003', 2)":null},"('Giros', 'COMISI\u00d3N')":{"('0095-S-2003', 0)":"PARLAMENTARIA MIXTA REVISORA DE CUENTAS","('0095-S-2003', 1)":null,"('0095-S-2003', 2)":null},"('Tramites', 'C\u00c1MARA')":{"('0095-S-2003', 0)":"Senado","('0095-S-2003', 1)":"Diputados","('0095-S-2003', 2)":"Diputados"},"('Tramites', 'MOVIMIENTO')":{"('0095-S-2003', 0)":"CONSIDERACION Y APROBACION","('0095-S-2003', 1)":"PASA A DIPUTADOS -","('0095-S-2003', 2)":"CONSIDERACION Y APROBACION"},"('Tramites', 'FECHA')":{"('0095-S-2003', 0)":"23\/07\/2003","('0095-S-2003', 1)":null,"('0095-S-2003', 2)":"01\/10\/2003"},"('Tramites', 'RESULTADO')":{"('0095-S-2003', 0)":"APROBADO","('0095-S-2003', 1)":null,"('0095-S-2003', 2)":"APROBADO"},"Link":{"('0095-S-2003', 0)":"http:\/\/www.senado.gov.ar\/parlamentario\/comisiones\/verExp\/527.00\/OV\/PR","('0095-S-2003', 1)":null,"('0095-S-2003', 2)":null},"Palabra Clave":{"('0095-S-2003', 0)":" ","('0095-S-2003', 1)":null,"('0095-S-2003', 2)":null}}