{"Tipo de Proyecto":{"('0096-D-2003', 0)":"PROYECTO DE LEY","('0096-D-2003', 1)":null,"('0096-D-2003', 2)":null,"('0096-D-2003', 3)":null},"Iniciado en: ":{"('0096-D-2003', 0)":"Diputados","('0096-D-2003', 1)":null,"('0096-D-2003', 2)":null,"('0096-D-2003', 3)":null},"Expediente Diputados: ":{"('0096-D-2003', 0)":"0096-D-2003","('0096-D-2003', 1)":null,"('0096-D-2003', 2)":null,"('0096-D-2003', 3)":null},"Publicado en: ":{"('0096-D-2003', 0)":"Tr\u00e1mite Parlamentario N\u00b0 1","('0096-D-2003', 1)":null,"('0096-D-2003', 2)":null,"('0096-D-2003', 3)":null},"Fecha: ":{"('0096-D-2003', 0)":"03\/03\/2003","('0096-D-2003', 1)":null,"('0096-D-2003', 2)":null,"('0096-D-2003', 3)":null},"T\u00edtulo":{"('0096-D-2003', 0)":"INCORPORACION DEL INCISO K) AL ARTICULO 8 DE LA LEY 23554 (DEFENSA NACIONAL), SOBRE ELABORACION DE HIPOTESIS DE CONFLICTO ANTE EL CRIMEN ORGANIZADO Y CELULAS DEL TERRORISMO INTERNACIONAL.","('0096-D-2003', 1)":null,"('0096-D-2003', 2)":null,"('0096-D-2003', 3)":null},"('Firmantes', 'FIRMANTE')":{"('0096-D-2003', 0)":"LUGO DE GONZALEZ CABA\u00d1AS, CECILIA","('0096-D-2003', 1)":null,"('0096-D-2003', 2)":null,"('0096-D-2003', 3)":null},"('Firmantes', 'DISTRITO')":{"('0096-D-2003', 0)":"CORRIENTES","('0096-D-2003', 1)":null,"('0096-D-2003', 2)":null,"('0096-D-2003', 3)":null},"('Firmantes', 'BLOQUE')":{"('0096-D-2003', 0)":"JUSTICIALISTA AZUL Y BLANCO","('0096-D-2003', 1)":null,"('0096-D-2003', 2)":null,"('0096-D-2003', 3)":null},"('Giros', 'COMISI\u00d3N')":{"('0096-D-2003', 0)":"SEGURIDAD INTERIOR","('0096-D-2003', 1)":"DEFENSA NACIONAL","('0096-D-2003', 2)":"ASUNTOS CONSTITUCIONALES","('0096-D-2003', 3)":"LEGISLACION PENAL"},"Palabra Clave":{"('0096-D-2003', 0)":" ","('0096-D-2003', 1)":null,"('0096-D-2003', 2)":null,"('0096-D-2003', 3)":null}}