{"Tipo de Proyecto":{"('0096-S-2003', 0)":"PROYECTO DE RESOLUCI\u00d3N","('0096-S-2003', 1)":null,"('0096-S-2003', 2)":null,"('0096-S-2003', 3)":null},"Iniciado en: ":{"('0096-S-2003', 0)":"Senado","('0096-S-2003', 1)":null,"('0096-S-2003', 2)":null,"('0096-S-2003', 3)":null},"Expediente Diputados: ":{"('0096-S-2003', 0)":"0096-S-2003","('0096-S-2003', 1)":null,"('0096-S-2003', 2)":null,"('0096-S-2003', 3)":null},"Expediente Senado: ":{"('0096-S-2003', 0)":"0463-OV-2000","('0096-S-2003', 1)":null,"('0096-S-2003', 2)":null,"('0096-S-2003', 3)":null},"Fecha: ":{"('0096-S-2003', 0)":"03\/07\/2003","('0096-S-2003', 1)":null,"('0096-S-2003', 2)":null,"('0096-S-2003', 3)":null},"T\u00edtulo":{"('0096-S-2003', 0)":"PEDIDO DE INFORMES AL PODER EJECUTIVO SOBRE RESOLUCIONES REMITIDAS POR LA AUDITORIA GENERAL DE LA NACION SOBRE LOS ESTADOS FINANCIEROS AL 31 DE DICIEMBRE DE 1999 (0463-OV-00), 31 DE DICIEMBRE DE 2000 (0509-OV-01) Y 31 DE DICIEMBRE DE 2001 (0121-OV-03) DEL PROYECTO DE DESCENTRALIZACION Y MEJORAMIENTO DE LA EDUCACION SECUNDARIA, CONVENIO DE PRESTAMO 3794-AR BIRF.","('0096-S-2003', 1)":null,"('0096-S-2003', 2)":null,"('0096-S-2003', 3)":null},"('Firmantes', 'FIRMANTE')":{"('0096-S-2003', 0)":"PARLAMENTARIA MIXTA REVISORA DE CUENTAS","('0096-S-2003', 1)":null,"('0096-S-2003', 2)":null,"('0096-S-2003', 3)":null},"('Firmantes', 'DISTRITO')":{"('0096-S-2003', 0)":null,"('0096-S-2003', 1)":null,"('0096-S-2003', 2)":null,"('0096-S-2003', 3)":null},"('Firmantes', 'BLOQUE')":{"('0096-S-2003', 0)":null,"('0096-S-2003', 1)":null,"('0096-S-2003', 2)":null,"('0096-S-2003', 3)":null},"('Giros', 'COMISI\u00d3N')":{"('0096-S-2003', 0)":"PARLAMENTARIA MIXTA REVISORA DE CUENTAS","('0096-S-2003', 1)":null,"('0096-S-2003', 2)":null,"('0096-S-2003', 3)":null},"('Tramites', 'C\u00c1MARA')":{"('0096-S-2003', 0)":"Senado","('0096-S-2003', 1)":"Diputados","('0096-S-2003', 2)":"Diputados","('0096-S-2003', 3)":"Diputados"},"('Tramites', 'MOVIMIENTO')":{"('0096-S-2003', 0)":"CONSIDERACION Y APROBACION","('0096-S-2003', 1)":"PASA A DIPUTADOS -","('0096-S-2003', 2)":"CONSIDERACION Y APROBACION","('0096-S-2003', 3)":"CONTESTACION DEL PODER EJECUTIVO NACIONAL - JEFE DE GABINETE DE MINISTROS - GIRADO A LA COMISION RESPECTIVA"},"('Tramites', 'FECHA')":{"('0096-S-2003', 0)":"23\/07\/2003","('0096-S-2003', 1)":null,"('0096-S-2003', 2)":"01\/10\/2003","('0096-S-2003', 3)":"14\/12\/2005"},"('Tramites', 'RESULTADO')":{"('0096-S-2003', 0)":"APROBADO","('0096-S-2003', 1)":null,"('0096-S-2003', 2)":"APROBADO","('0096-S-2003', 3)":null},"Link":{"('0096-S-2003', 0)":"http:\/\/www.senado.gov.ar\/parlamentario\/comisiones\/verExp\/463.00\/OV\/PR","('0096-S-2003', 1)":null,"('0096-S-2003', 2)":null,"('0096-S-2003', 3)":null},"Palabra Clave":{"('0096-S-2003', 0)":" ","('0096-S-2003', 1)":null,"('0096-S-2003', 2)":null,"('0096-S-2003', 3)":null}}