{"Tipo de Proyecto":{"('0097-S-2003', 0)":"PROYECTO DE RESOLUCI\u00d3N","('0097-S-2003', 1)":null,"('0097-S-2003', 2)":null},"Iniciado en: ":{"('0097-S-2003', 0)":"Senado","('0097-S-2003', 1)":null,"('0097-S-2003', 2)":null},"Expediente Diputados: ":{"('0097-S-2003', 0)":"0097-S-2003","('0097-S-2003', 1)":null,"('0097-S-2003', 2)":null},"Expediente Senado: ":{"('0097-S-2003', 0)":"0843-OVD-2001","('0097-S-2003', 1)":null,"('0097-S-2003', 2)":null},"Fecha: ":{"('0097-S-2003', 0)":"03\/07\/2003","('0097-S-2003', 1)":null,"('0097-S-2003', 2)":null},"T\u00edtulo":{"('0097-S-2003', 0)":"DICTAMEN EN LA RESPUESTA REMITIDA POR LA JEFATURA DE GABINETE DE MINISTROS EN RELACION A LA RESOLUCION APROBADA POR LA H CAMARA (0128-S-01) SOBRE LAS MEDIDAS ADOPTADAS PARA ADECUAR EL DESEMPE\u00d1O DE LA SECRETARIA DE RECURSOS NATURALES Y DESARROLLO SUSTENTABLE.","('0097-S-2003', 1)":null,"('0097-S-2003', 2)":null},"('Firmantes', 'FIRMANTE')":{"('0097-S-2003', 0)":"PARLAMENTARIA MIXTA REVISORA DE CUENTAS","('0097-S-2003', 1)":null,"('0097-S-2003', 2)":null},"('Firmantes', 'DISTRITO')":{"('0097-S-2003', 0)":null,"('0097-S-2003', 1)":null,"('0097-S-2003', 2)":null},"('Firmantes', 'BLOQUE')":{"('0097-S-2003', 0)":null,"('0097-S-2003', 1)":null,"('0097-S-2003', 2)":null},"('Giros', 'COMISI\u00d3N')":{"('0097-S-2003', 0)":"PARLAMENTARIA MIXTA REVISORA DE CUENTAS","('0097-S-2003', 1)":null,"('0097-S-2003', 2)":null},"('Tramites', 'C\u00c1MARA')":{"('0097-S-2003', 0)":"Senado","('0097-S-2003', 1)":"Diputados","('0097-S-2003', 2)":"Diputados"},"('Tramites', 'MOVIMIENTO')":{"('0097-S-2003', 0)":"CONSIDERACION Y APROBACION","('0097-S-2003', 1)":"PASA A DIPUTADOS -","('0097-S-2003', 2)":"CONSIDERACION Y APROBACION"},"('Tramites', 'FECHA')":{"('0097-S-2003', 0)":"23\/07\/2003","('0097-S-2003', 1)":null,"('0097-S-2003', 2)":"01\/10\/2003"},"('Tramites', 'RESULTADO')":{"('0097-S-2003', 0)":"APROBADO","('0097-S-2003', 1)":null,"('0097-S-2003', 2)":"APROBADO"},"Sumario":{"('0097-S-2003', 0)":"SOLICITUD AL PODER EJECUTIVO NACIONAL PARA QUE INFORME SOBRE LAS MEDIDAS ADOPTADAS PARA ADECUAR LAS SITUACIONES OBSERVADAS, Y DETERMINAR Y EFECTIVIZAR LAS RESPONSABILIDADES CORRESPONDIENTES.","('0097-S-2003', 1)":null,"('0097-S-2003', 2)":null},"Palabra Clave":{"('0097-S-2003', 0)":" ","('0097-S-2003', 1)":null,"('0097-S-2003', 2)":null}}