{"Tipo de Proyecto":{"('0097-PE-2003', 0)":"MENSAJE NRO: 1222\/03","('0097-PE-2003', 1)":null,"('0097-PE-2003', 2)":null},"Iniciado en: ":{"('0097-PE-2003', 0)":"Diputados","('0097-PE-2003', 1)":null,"('0097-PE-2003', 2)":null},"Expediente Diputados: ":{"('0097-PE-2003', 0)":"0097-PE-2003","('0097-PE-2003', 1)":null,"('0097-PE-2003', 2)":null},"Publicado en: ":{"('0097-PE-2003', 0)":"Tr\u00e1mite Parlamentario N\u00b0 201","('0097-PE-2003', 1)":null,"('0097-PE-2003', 2)":null},"Fecha: ":{"('0097-PE-2003', 0)":"17\/12\/2003","('0097-PE-2003', 1)":null,"('0097-PE-2003', 2)":null},"T\u00edtulo":{"('0097-PE-2003', 0)":"COMUNICACION DEL DECRETO 1221\/03, POR EL CUAL SE EXCEPTUA A LA ADMINISTRACION NACIONAL DE PARQUES NACIONALES DE LO DISPUESTO EN EL ARTICULO 24 DE LA LEY 25725, DE PRESUPUESTO 2001, POR EL CUAL LOS CREDITOS PRESUPUESTARIOS PARA ABONAR LOS SUELDOS DE PERSONAL CONTRATADO NO PODRIA SUPERAR LOS MONTOS ASIGNADOS EN DICHO EJERCICIO FISCAL.","('0097-PE-2003', 1)":null,"('0097-PE-2003', 2)":null},"('Firmantes', 'FIRMANTE')":{"('0097-PE-2003', 0)":"KIRCHNER, NESTOR CARLOS","('0097-PE-2003', 1)":"FERNANDEZ, ALBERTO","('0097-PE-2003', 2)":"FERNANDEZ, ANIBAL"},"('Firmantes', 'DISTRITO')":{"('0097-PE-2003', 0)":null,"('0097-PE-2003', 1)":null,"('0097-PE-2003', 2)":null},"('Firmantes', 'BLOQUE')":{"('0097-PE-2003', 0)":"PODER EJECUTIVO","('0097-PE-2003', 1)":"PODER EJECUTIVO","('0097-PE-2003', 2)":"PODER EJECUTIVO"},"('Giros', 'COMISI\u00d3N')":{"('0097-PE-2003', 0)":"BICAMERAL PERMANENTE DE TRAMITE LEGISLATIVO - LEY 26122","('0097-PE-2003', 1)":null,"('0097-PE-2003', 2)":null},"('Tramites', 'C\u00c1MARA')":{"('0097-PE-2003', 0)":"Diputados","('0097-PE-2003', 1)":"Diputados","('0097-PE-2003', 2)":null},"('Tramites', 'MOVIMIENTO')":{"('0097-PE-2003', 0)":"SOLICITUD DEL PRESIDENTE DE LA COMISION BICAMERAL PERMANENTE DE TRAMITE LEGISLATIVO (LEY 26122) DE REMISION DEL EXPEDIENTE PARA SU ANALISIS (A LA PRESIDENCIA)","('0097-PE-2003', 1)":"EXPEDIENTE ORIGINALMENTE GIRADO A LA COMISION DE PRESUPUESTO Y HACIENDA; SE LO REMITE A LA COMISION BICAMERAL DE TRAMITE LEGISLATIVO (LEY 26122)","('0097-PE-2003', 2)":null},"('Tramites', 'FECHA')":{"('0097-PE-2003', 0)":"25\/04\/2007","('0097-PE-2003', 1)":null,"('0097-PE-2003', 2)":null},"('Tramites', 'RESULTADO')":{"('0097-PE-2003', 0)":null,"('0097-PE-2003', 1)":null,"('0097-PE-2003', 2)":null},"Palabra Clave":{"('0097-PE-2003', 0)":" ","('0097-PE-2003', 1)":null,"('0097-PE-2003', 2)":null}}