{"Tipo de Proyecto":{"('0097-P-2003', 0)":"PROYECTO DE RESOLUCI\u00d3N"},"Iniciado en: ":{"('0097-P-2003', 0)":"Senado"},"Expediente Senado: ":{"('0097-P-2003', 0)":"0097-P-2003"},"Publicado en: ":{"('0097-P-2003', 0)":"Diario de Asuntos Entrados N\u00b0 0"},"Fecha: ":{"('0097-P-2003', 0)":"01\/10\/2003"},"T\u00edtulo":{"('0097-P-2003', 0)":"NO HACER LUGAR AL PLANTEO DE NULIDAD DE LA ACUSACION FORMULADA POR EL DOCTOR GREGORIO BADENI EN SU CARACTER DE LETRADO APODERADO DEL MINISTRO DE LA CORTE SUPREMA DE JUSTICIA DE LA NACION, DOCTOR MOLINE O'CONNOR."},"('Firmantes', 'FIRMANTE')":{"('0097-P-2003', 0)":"ASUNTOS CONSTITUCIONALES"},"('Firmantes', 'DISTRITO')":{"('0097-P-2003', 0)":null},"('Firmantes', 'BLOQUE')":{"('0097-P-2003', 0)":null},"('Tramites', 'C\u00c1MARA')":{"('0097-P-2003', 0)":"Senado"},"('Tramites', 'MOVIMIENTO')":{"('0097-P-2003', 0)":"CONSIDERACION Y APROBACION EN SESION DE TRIBUNAL"},"('Tramites', 'FECHA')":{"('0097-P-2003', 0)":"01\/10\/2003"},"('Tramites', 'RESULTADO')":{"('0097-P-2003', 0)":"APROBADO"},"Link":{"('0097-P-2003', 0)":"http:\/\/www.senado.gov.ar\/parlamentario\/comisiones\/verExp\/97.03\/P\/PR"},"Palabra Clave":{"('0097-P-2003', 0)":" "}}