{"Tipo de Proyecto":{"('0097-D-2003', 0)":"PROYECTO DE LEY","('0097-D-2003', 1)":null},"Iniciado en: ":{"('0097-D-2003', 0)":"Diputados","('0097-D-2003', 1)":null},"Expediente Diputados: ":{"('0097-D-2003', 0)":"0097-D-2003","('0097-D-2003', 1)":null},"Publicado en: ":{"('0097-D-2003', 0)":"Tr\u00e1mite Parlamentario N\u00b0 1","('0097-D-2003', 1)":null},"Fecha: ":{"('0097-D-2003', 0)":"03\/03\/2003","('0097-D-2003', 1)":null},"T\u00edtulo":{"('0097-D-2003', 0)":"CREACION DEL CERTAMEN NACIONAL \"JORGE LUIS BORGES\", PARA ESCRITORES JOVENES DE HASTA 35 A\u00d1OS DE EDAD.","('0097-D-2003', 1)":null},"('Firmantes', 'FIRMANTE')":{"('0097-D-2003', 0)":"LUGO DE GONZALEZ CABA\u00d1AS, CECILIA","('0097-D-2003', 1)":null},"('Firmantes', 'DISTRITO')":{"('0097-D-2003', 0)":"CORRIENTES","('0097-D-2003', 1)":null},"('Firmantes', 'BLOQUE')":{"('0097-D-2003', 0)":"JUSTICIALISTA AZUL Y BLANCO","('0097-D-2003', 1)":null},"('Giros', 'COMISI\u00d3N')":{"('0097-D-2003', 0)":"CULTURA","('0097-D-2003', 1)":"PRESUPUESTO Y HACIENDA"},"Sumario":{"('0097-D-2003', 0)":"DISCIPLINAS A CONCURSAR; PREMIOS; REGISTRO DE LAS OBRAS; INTEGRACION DEL JURADO; FONDOS; REGLAMENTACION.","('0097-D-2003', 1)":null},"Palabra Clave":{"('0097-D-2003', 0)":" ","('0097-D-2003', 1)":null}}