{"Tipo de Proyecto":{"('0098-PE-2003', 0)":"MENSAJE NRO: 1258\/03 Y PROYECTO DE LEY","('0098-PE-2003', 1)":null,"('0098-PE-2003', 2)":null},"Iniciado en: ":{"('0098-PE-2003', 0)":"Diputados","('0098-PE-2003', 1)":null,"('0098-PE-2003', 2)":null},"Expediente Diputados: ":{"('0098-PE-2003', 0)":"0098-PE-2003","('0098-PE-2003', 1)":null,"('0098-PE-2003', 2)":null},"Expediente Senado: ":{"('0098-PE-2003', 0)":"0156-CD-2003","('0098-PE-2003', 1)":null,"('0098-PE-2003', 2)":null},"Publicado en: ":{"('0098-PE-2003', 0)":"Tr\u00e1mite Parlamentario N\u00b0 201","('0098-PE-2003', 1)":null,"('0098-PE-2003', 2)":null},"Fecha: ":{"('0098-PE-2003', 0)":"17\/12\/2003","('0098-PE-2003', 1)":null,"('0098-PE-2003', 2)":null},"T\u00edtulo":{"('0098-PE-2003', 0)":"AUTORIZAR EL INGRESO AL TERRITORIO NACIONAL DE MEDIOS Y PERSONAL MILITAR DE LA ARMADA DE LA REPUBLICA DE CHILE, PARA PARTICIPAR EN UN EJERCICIO COMBINADO CON LA ARMADA ARGENTINA FRENTE A LAS COSTAS DE LA PROVINCIA DE BUENOS AIRES, A REALIZARSE DEL 15 AL 25 DE ENERO DE 2004.","('0098-PE-2003', 1)":null,"('0098-PE-2003', 2)":null},"('Firmantes', 'FIRMANTE')":{"('0098-PE-2003', 0)":"KIRCHNER, NESTOR CARLOS","('0098-PE-2003', 1)":"FERNANDEZ, ALBERTO","('0098-PE-2003', 2)":"PAMPURO, JOSE JUAN BAUTISTA"},"('Firmantes', 'DISTRITO')":{"('0098-PE-2003', 0)":null,"('0098-PE-2003', 1)":null,"('0098-PE-2003', 2)":null},"('Firmantes', 'BLOQUE')":{"('0098-PE-2003', 0)":"PODER EJECUTIVO","('0098-PE-2003', 1)":"PODER EJECUTIVO","('0098-PE-2003', 2)":"PODER EJECUTIVO"},"('Giros', 'COMISI\u00d3N')":{"('0098-PE-2003', 0)":"DEFENSA NACIONAL","('0098-PE-2003', 1)":"RELACIONES EXTERIORES Y CULTO","('0098-PE-2003', 2)":null},"('Tramites', 'C\u00c1MARA')":{"('0098-PE-2003', 0)":"Diputados","('0098-PE-2003', 1)":"Diputados","('0098-PE-2003', 2)":"Senado"},"('Tramites', 'MOVIMIENTO')":{"('0098-PE-2003', 0)":"MOCION SOBRE TABLAS (AFIRMATIVA)","('0098-PE-2003', 1)":"CONSIDERACION Y APROBACION","('0098-PE-2003', 2)":"PASA A SENADO -"},"('Tramites', 'FECHA')":{"('0098-PE-2003', 0)":"17\/12\/2003","('0098-PE-2003', 1)":"17\/12\/2003","('0098-PE-2003', 2)":null},"('Tramites', 'RESULTADO')":{"('0098-PE-2003', 0)":null,"('0098-PE-2003', 1)":"MEDIA SANCION","('0098-PE-2003', 2)":null},"Palabra Clave":{"('0098-PE-2003', 0)":" ","('0098-PE-2003', 1)":null,"('0098-PE-2003', 2)":null}}