{"Tipo de Proyecto":{"('0099-D-2003', 0)":"PROYECTO DE LEY"},"Iniciado en: ":{"('0099-D-2003', 0)":"Diputados"},"Expediente Diputados: ":{"('0099-D-2003', 0)":"0099-D-2003"},"Publicado en: ":{"('0099-D-2003', 0)":"Tr\u00e1mite Parlamentario N\u00b0 1"},"Fecha: ":{"('0099-D-2003', 0)":"03\/03\/2003"},"T\u00edtulo":{"('0099-D-2003', 0)":"INCORPORACION DEL ARTICULO 2 BIS A LA LEY 23351, DE BIBLIOTECAS POPULARES, SOBRE FOMENTO DE LA LECTURA DE AUTORES NACIONALES."},"('Firmantes', 'FIRMANTE')":{"('0099-D-2003', 0)":"LUGO DE GONZALEZ CABA\u00d1AS, CECILIA"},"('Firmantes', 'DISTRITO')":{"('0099-D-2003', 0)":"CORRIENTES"},"('Firmantes', 'BLOQUE')":{"('0099-D-2003', 0)":"JUSTICIALISTA AZUL Y BLANCO"},"('Giros', 'COMISI\u00d3N')":{"('0099-D-2003', 0)":"CULTURA"},"Palabra Clave":{"('0099-D-2003', 0)":" "}}