{"Tipo de Proyecto":{"('0100-PE-2003', 0)":"MENSAJE NRO: 1291\/03","('0100-PE-2003', 1)":null,"('0100-PE-2003', 2)":null},"Iniciado en: ":{"('0100-PE-2003', 0)":"Diputados","('0100-PE-2003', 1)":null,"('0100-PE-2003', 2)":null},"Expediente Diputados: ":{"('0100-PE-2003', 0)":"0100-PE-2003","('0100-PE-2003', 1)":null,"('0100-PE-2003', 2)":null},"Publicado en: ":{"('0100-PE-2003', 0)":"Tr\u00e1mite Parlamentario N\u00b0 203","('0100-PE-2003', 1)":null,"('0100-PE-2003', 2)":null},"Fecha: ":{"('0100-PE-2003', 0)":"19\/12\/2003","('0100-PE-2003', 1)":null,"('0100-PE-2003', 2)":null},"T\u00edtulo":{"('0100-PE-2003', 0)":"COMUNICACION DEL DECRETO 1290\/03 POR EL CUAL SE OBSERVA PARCIALMENTE Y PROMULGA EL PROYECTO DE LEY REGISTRADO BAJO EL NUMERO 25827, DE PRESUPUESTO DE LA ADMINISTRACION NACIONAL PARA EL EJERCICIO 2004","('0100-PE-2003', 1)":null,"('0100-PE-2003', 2)":null},"('Firmantes', 'FIRMANTE')":{"('0100-PE-2003', 0)":"KIRCHNER, NESTOR CARLOS","('0100-PE-2003', 1)":"FERNANDEZ, ALBERTO","('0100-PE-2003', 2)":"LAVAGNA, ROBERTO"},"('Firmantes', 'DISTRITO')":{"('0100-PE-2003', 0)":null,"('0100-PE-2003', 1)":null,"('0100-PE-2003', 2)":null},"('Firmantes', 'BLOQUE')":{"('0100-PE-2003', 0)":"PODER EJECUTIVO","('0100-PE-2003', 1)":"PODER EJECUTIVO","('0100-PE-2003', 2)":"PODER EJECUTIVO"},"('Giros', 'COMISI\u00d3N')":{"('0100-PE-2003', 0)":"PRESUPUESTO Y HACIENDA","('0100-PE-2003', 1)":null,"('0100-PE-2003', 2)":null},"Palabra Clave":{"('0100-PE-2003', 0)":" ","('0100-PE-2003', 1)":null,"('0100-PE-2003', 2)":null}}