{"Tipo de Proyecto":{"('0103-D-2003', 0)":"PROYECTO DE LEY","('0103-D-2003', 1)":null},"Iniciado en: ":{"('0103-D-2003', 0)":"Diputados","('0103-D-2003', 1)":null},"Expediente Diputados: ":{"('0103-D-2003', 0)":"0103-D-2003","('0103-D-2003', 1)":null},"Publicado en: ":{"('0103-D-2003', 0)":"Tr\u00e1mite Parlamentario N\u00b0 1","('0103-D-2003', 1)":null},"Fecha: ":{"('0103-D-2003', 0)":"03\/03\/2003","('0103-D-2003', 1)":null},"T\u00edtulo":{"('0103-D-2003', 0)":"REGIMEN POR EL CUAL SE CREA EL \"PROGRAMA SEGUNDO IDIOMA\" EN LOS DISTINTOS NIVELES EDUCATIVOS.","('0103-D-2003', 1)":null},"('Firmantes', 'FIRMANTE')":{"('0103-D-2003', 0)":"LUGO DE GONZALEZ CABA\u00d1AS, CECILIA","('0103-D-2003', 1)":null},"('Firmantes', 'DISTRITO')":{"('0103-D-2003', 0)":"CORRIENTES","('0103-D-2003', 1)":null},"('Firmantes', 'BLOQUE')":{"('0103-D-2003', 0)":"JUSTICIALISTA AZUL Y BLANCO","('0103-D-2003', 1)":null},"('Giros', 'COMISI\u00d3N')":{"('0103-D-2003', 0)":"EDUCACION","('0103-D-2003', 1)":"PRESUPUESTO Y HACIENDA"},"Sumario":{"('0103-D-2003', 0)":"PROMOCION DEL CONOCIMIENTO DE UNA LENGUA EXTRANJERA EN LOS NIVELES DE EDUCACION GENERAL BASICA Y EDUCACION POLIMODAL DEL SISTEMA EDUCATIVO NACIONAL; OBJETIVOS; ACTIVIDADES; RECURSOS; INFORME DEL MINISTERIO DE EDUCACION.","('0103-D-2003', 1)":null},"Palabra Clave":{"('0103-D-2003', 0)":" ","('0103-D-2003', 1)":null}}