{"Tipo de Proyecto":{"('0103-S-2003', 0)":"PROYECTO DE RESOLUCI\u00d3N","('0103-S-2003', 1)":null,"('0103-S-2003', 2)":null,"('0103-S-2003', 3)":null},"Iniciado en: ":{"('0103-S-2003', 0)":"Senado","('0103-S-2003', 1)":null,"('0103-S-2003', 2)":null,"('0103-S-2003', 3)":null},"Expediente Diputados: ":{"('0103-S-2003', 0)":"0103-S-2003","('0103-S-2003', 1)":null,"('0103-S-2003', 2)":null,"('0103-S-2003', 3)":null},"Expediente Senado: ":{"('0103-S-2003', 0)":"0300-OV-2001","('0103-S-2003', 1)":null,"('0103-S-2003', 2)":null,"('0103-S-2003', 3)":null},"Fecha: ":{"('0103-S-2003', 0)":"07\/07\/2003","('0103-S-2003', 1)":null,"('0103-S-2003', 2)":null,"('0103-S-2003', 3)":null},"T\u00edtulo":{"('0103-S-2003', 0)":"PEDIDO DE INFORMES AL PODER EJECUTIVO SOBRE RESOLUCIONES REMITIDAS POR LA AUDITORIA GENERAL DE LA NACION SOBRE LOS ESTADOS FINANCIEROS AL 31 DE DICIEMBRE DE 2000 (0300-OV-01) Y 31 DE DICIEMBRE DE 2001 (0434-OV-02) DEL PROYECTO PNUD ARG\/98\/034 APOYO Y FORTALECIMIENTO A LA UNIDAD EJECUTORA PROVINCIAL DE LA PROVINCIA DE BUENOS AIRES, SUBPROYECTO QUILMES - PROMIN II - CONVENIO DE PRESTAMO 4164-AR BIRF.","('0103-S-2003', 1)":null,"('0103-S-2003', 2)":null,"('0103-S-2003', 3)":null},"('Firmantes', 'FIRMANTE')":{"('0103-S-2003', 0)":"PARLAMENTARIA MIXTA REVISORA DE CUENTAS","('0103-S-2003', 1)":null,"('0103-S-2003', 2)":null,"('0103-S-2003', 3)":null},"('Firmantes', 'DISTRITO')":{"('0103-S-2003', 0)":null,"('0103-S-2003', 1)":null,"('0103-S-2003', 2)":null,"('0103-S-2003', 3)":null},"('Firmantes', 'BLOQUE')":{"('0103-S-2003', 0)":null,"('0103-S-2003', 1)":null,"('0103-S-2003', 2)":null,"('0103-S-2003', 3)":null},"('Giros', 'COMISI\u00d3N')":{"('0103-S-2003', 0)":"PARLAMENTARIA MIXTA REVISORA DE CUENTAS","('0103-S-2003', 1)":null,"('0103-S-2003', 2)":null,"('0103-S-2003', 3)":null},"('Tramites', 'C\u00c1MARA')":{"('0103-S-2003', 0)":"Senado","('0103-S-2003', 1)":"Diputados","('0103-S-2003', 2)":"Diputados","('0103-S-2003', 3)":"Diputados"},"('Tramites', 'MOVIMIENTO')":{"('0103-S-2003', 0)":"CONSIDERACION Y APROBACION","('0103-S-2003', 1)":"PASA A DIPUTADOS -","('0103-S-2003', 2)":"CONSIDERACION Y APROBACION","('0103-S-2003', 3)":"CONTESTACION DEL PODER EJECUTIVO NACIONAL - JEFE DE GABINETE DE MINISTROS - GIRADO A LA COMISION RESPECTIVA"},"('Tramites', 'FECHA')":{"('0103-S-2003', 0)":"23\/07\/2003","('0103-S-2003', 1)":null,"('0103-S-2003', 2)":"01\/10\/2003","('0103-S-2003', 3)":"22\/02\/2006"},"('Tramites', 'RESULTADO')":{"('0103-S-2003', 0)":"APROBADO","('0103-S-2003', 1)":null,"('0103-S-2003', 2)":"APROBADO","('0103-S-2003', 3)":null},"Link":{"('0103-S-2003', 0)":"http:\/\/www.senado.gov.ar\/parlamentario\/comisiones\/verExp\/300.01\/OV\/PR","('0103-S-2003', 1)":null,"('0103-S-2003', 2)":null,"('0103-S-2003', 3)":null},"Palabra Clave":{"('0103-S-2003', 0)":" ","('0103-S-2003', 1)":null,"('0103-S-2003', 2)":null,"('0103-S-2003', 3)":null}}