{"Tipo de Proyecto":{"('0105-PE-2003', 0)":"MENSAJE NRO: 1352\/03","('0105-PE-2003', 1)":null,"('0105-PE-2003', 2)":null},"Iniciado en: ":{"('0105-PE-2003', 0)":"Diputados","('0105-PE-2003', 1)":null,"('0105-PE-2003', 2)":null},"Expediente Diputados: ":{"('0105-PE-2003', 0)":"0105-PE-2003","('0105-PE-2003', 1)":null,"('0105-PE-2003', 2)":null},"Expediente Senado: ":{"('0105-PE-2003', 0)":"3294-S-2004","('0105-PE-2003', 1)":null,"('0105-PE-2003', 2)":null},"Publicado en: ":{"('0105-PE-2003', 0)":"Tr\u00e1mite Parlamentario N\u00b0 205","('0105-PE-2003', 1)":null,"('0105-PE-2003', 2)":null},"Fecha: ":{"('0105-PE-2003', 0)":"05\/01\/2004","('0105-PE-2003', 1)":null,"('0105-PE-2003', 2)":null},"T\u00edtulo":{"('0105-PE-2003', 0)":"COMUNICACION DEL DECRETO 1351\/03, POR EL CUAL SE PRORROGA HASTA EL 31 DE MARZO DE 2004 INCLUSIVE, LA SUSPENSION DE LOS DESPIDOS SIN CAUSA JUSTIFICADA.","('0105-PE-2003', 1)":null,"('0105-PE-2003', 2)":null},"('Firmantes', 'FIRMANTE')":{"('0105-PE-2003', 0)":"KIRCHNER, NESTOR CARLOS","('0105-PE-2003', 1)":"FERNANDEZ, ALBERTO","('0105-PE-2003', 2)":"TOMADA, CARLOS"},"('Firmantes', 'DISTRITO')":{"('0105-PE-2003', 0)":null,"('0105-PE-2003', 1)":null,"('0105-PE-2003', 2)":null},"('Firmantes', 'BLOQUE')":{"('0105-PE-2003', 0)":"PODER EJECUTIVO","('0105-PE-2003', 1)":"PODER EJECUTIVO","('0105-PE-2003', 2)":"PODER EJECUTIVO"},"('Giros', 'COMISI\u00d3N')":{"('0105-PE-2003', 0)":"BICAMERAL DE SEGUIMIENTO DE FACULTADES DELEGADAS AL PODER EJECUTIVO NACIONAL - LEY 25561","('0105-PE-2003', 1)":null,"('0105-PE-2003', 2)":null},"('Tramites', 'C\u00c1MARA')":{"('0105-PE-2003', 0)":"Senado","('0105-PE-2003', 1)":"Senado","('0105-PE-2003', 2)":"Diputados"},"('Tramites', 'MOVIMIENTO')":{"('0105-PE-2003', 0)":"COMUNICACION DE LA COMISION DEL DICTAMEN 8 AL SENADO","('0105-PE-2003', 1)":"CONSIDERACION Y APROBACION","('0105-PE-2003', 2)":"PASA A DIPUTADOS -"},"('Tramites', 'FECHA')":{"('0105-PE-2003', 0)":null,"('0105-PE-2003', 1)":"01\/12\/2004","('0105-PE-2003', 2)":null},"('Tramites', 'RESULTADO')":{"('0105-PE-2003', 0)":null,"('0105-PE-2003', 1)":"APROBADO","('0105-PE-2003', 2)":null},"Palabra Clave":{"('0105-PE-2003', 0)":" ","('0105-PE-2003', 1)":null,"('0105-PE-2003', 2)":null}}