{"Tipo de Proyecto":{"('0105-S-2003', 0)":"PROYECTO DE RESOLUCI\u00d3N","('0105-S-2003', 1)":null},"Iniciado en: ":{"('0105-S-2003', 0)":"Senado","('0105-S-2003', 1)":null},"Expediente Senado: ":{"('0105-S-2003', 0)":"0105-S-2003","('0105-S-2003', 1)":null},"Publicado en: ":{"('0105-S-2003', 0)":"Diario de Asuntos Entrados N\u00b0 8","('0105-S-2003', 1)":null},"Fecha: ":{"('0105-S-2003', 0)":"06\/03\/2003","('0105-S-2003', 1)":null},"T\u00edtulo":{"('0105-S-2003', 0)":"ADHESION A LA CONMEMORACION DEL DIA INTERNACIONAL DE LA MUJER.","('0105-S-2003', 1)":null},"('Firmantes', 'FIRMANTE')":{"('0105-S-2003', 0)":"FALCO, LUIS ALBERTO","('0105-S-2003', 1)":null},"('Firmantes', 'DISTRITO')":{"('0105-S-2003', 0)":"RIO NEGRO","('0105-S-2003', 1)":null},"('Firmantes', 'BLOQUE')":{"('0105-S-2003', 0)":"UCR","('0105-S-2003', 1)":null},"('Tramites', 'C\u00c1MARA')":{"('0105-S-2003', 0)":"Senado","('0105-S-2003', 1)":"Senado"},"('Tramites', 'MOVIMIENTO')":{"('0105-S-2003', 0)":"MOCION SOBRE TABLAS (AFIRMATIVA) CONJUNTAMENTE PARA LOS EXPEDIENTES 3572-S-2002, 3604-S-2002, 3605-S-2002, 0005-S-2003, 0042-S-2003, 0032-S-2003, 0059-S-2003, 0068-S-2003, 0097-S-2003 y 0105-S-2003","('0105-S-2003', 1)":"CONSIDERACION Y APROBACION CON MODIFICACIONES CONJUNTAMENTE PARA LOS EXPEDIENTES 3572-S-2002, 3604-S-2002, 3605-S-2002, 0005-S-2003, 0042-S-2003, 0032-S-2003, 0059-S-2003, 0068-S-2003, 0097-S-2003 y 0105-S-2003"},"('Tramites', 'FECHA')":{"('0105-S-2003', 0)":"06\/03\/2003","('0105-S-2003', 1)":"06\/03\/2003"},"('Tramites', 'RESULTADO')":{"('0105-S-2003', 0)":null,"('0105-S-2003', 1)":"APROBADO"},"Link":{"('0105-S-2003', 0)":"http:\/\/www.senado.gov.ar\/parlamentario\/comisiones\/verExp\/105.03\/S\/PR","('0105-S-2003', 1)":null},"Palabra Clave":{"('0105-S-2003', 0)":" ","('0105-S-2003', 1)":null}}