{"Tipo de Proyecto":{"('0106-PE-2003', 0)":"MENSAJE NRO: 1354\/03","('0106-PE-2003', 1)":null,"('0106-PE-2003', 2)":null},"Iniciado en: ":{"('0106-PE-2003', 0)":"Diputados","('0106-PE-2003', 1)":null,"('0106-PE-2003', 2)":null},"Expediente Diputados: ":{"('0106-PE-2003', 0)":"0106-PE-2003","('0106-PE-2003', 1)":null,"('0106-PE-2003', 2)":null},"Expediente Senado: ":{"('0106-PE-2003', 0)":"3295-S-2004","('0106-PE-2003', 1)":null,"('0106-PE-2003', 2)":null},"Publicado en: ":{"('0106-PE-2003', 0)":"Tr\u00e1mite Parlamentario N\u00b0 205","('0106-PE-2003', 1)":null,"('0106-PE-2003', 2)":null},"Fecha: ":{"('0106-PE-2003', 0)":"05\/01\/2004","('0106-PE-2003', 1)":null,"('0106-PE-2003', 2)":null},"T\u00edtulo":{"('0106-PE-2003', 0)":"COMUNICACION DEL DECRETO 1353\/03, POR EL CUAL SE PRORROGA A PARTIR DE LA FECHA DE SU VENCIMIENTO Y HASTA EL 31 DE DICIEMBRE DE 2004 LA EMERGENCIA OCUPACIONAL NACIONAL.","('0106-PE-2003', 1)":null,"('0106-PE-2003', 2)":null},"('Firmantes', 'FIRMANTE')":{"('0106-PE-2003', 0)":"KIRCHNER, NESTOR CARLOS","('0106-PE-2003', 1)":"FERNANDEZ, ALBERTO","('0106-PE-2003', 2)":"TOMADA, CARLOS"},"('Firmantes', 'DISTRITO')":{"('0106-PE-2003', 0)":null,"('0106-PE-2003', 1)":null,"('0106-PE-2003', 2)":null},"('Firmantes', 'BLOQUE')":{"('0106-PE-2003', 0)":"PODER EJECUTIVO","('0106-PE-2003', 1)":"PODER EJECUTIVO","('0106-PE-2003', 2)":"PODER EJECUTIVO"},"('Giros', 'COMISI\u00d3N')":{"('0106-PE-2003', 0)":"BICAMERAL DE SEGUIMIENTO DE FACULTADES DELEGADAS AL PODER EJECUTIVO NACIONAL - LEY 25561","('0106-PE-2003', 1)":null,"('0106-PE-2003', 2)":null},"('Tramites', 'C\u00c1MARA')":{"('0106-PE-2003', 0)":"Senado","('0106-PE-2003', 1)":"Senado","('0106-PE-2003', 2)":"Diputados"},"('Tramites', 'MOVIMIENTO')":{"('0106-PE-2003', 0)":"COMUNICACION DE LA COMISION DEL DICTAMEN 9 AL SENADO","('0106-PE-2003', 1)":"CONSIDERACION Y APROBACION","('0106-PE-2003', 2)":"PASA A DIPUTADOS -"},"('Tramites', 'FECHA')":{"('0106-PE-2003', 0)":null,"('0106-PE-2003', 1)":"01\/12\/2004","('0106-PE-2003', 2)":null},"('Tramites', 'RESULTADO')":{"('0106-PE-2003', 0)":null,"('0106-PE-2003', 1)":"APROBADO","('0106-PE-2003', 2)":null},"Palabra Clave":{"('0106-PE-2003', 0)":" ","('0106-PE-2003', 1)":null,"('0106-PE-2003', 2)":null}}