{"Tipo de Proyecto":{"('0106-S-2003', 0)":"PROYECTO DE LEY"},"Iniciado en: ":{"('0106-S-2003', 0)":"Senado"},"Expediente Senado: ":{"('0106-S-2003', 0)":"0106-S-2003"},"Publicado en: ":{"('0106-S-2003', 0)":"Diario de Asuntos Entrados N\u00b0 8"},"Fecha: ":{"('0106-S-2003', 0)":"06\/03\/2003"},"T\u00edtulo":{"('0106-S-2003', 0)":"DEROGACION DEL DECRETO 815\/99, SISTEMA NACIONAL DE CONTROL DE ALIMENTOS, Y TODA OTRA NORMA QUE SE OPONGA A LA LEY 18284\/99 (CODIGO ALIMENTARIO ARGENTINO)."},"('Firmantes', 'FIRMANTE')":{"('0106-S-2003', 0)":"ARANCIO, MONICA"},"('Firmantes', 'DISTRITO')":{"('0106-S-2003', 0)":"JUJUY"},"('Firmantes', 'BLOQUE')":{"('0106-S-2003', 0)":"FRENTE CIVICO JUJE\u00d1O"},"Sumario":{"('0106-S-2003', 0)":"CREACION DEL CONSEJO NACIONAL ALIMENTARIO."},"Palabra Clave":{"('0106-S-2003', 0)":" "}}