{"Tipo de Proyecto":{"('0107-S-2003', 0)":"PROYECTO DE RESOLUCI\u00d3N","('0107-S-2003', 1)":null},"Iniciado en: ":{"('0107-S-2003', 0)":"Senado","('0107-S-2003', 1)":null},"Expediente Senado: ":{"('0107-S-2003', 0)":"0107-S-2003","('0107-S-2003', 1)":null},"Publicado en: ":{"('0107-S-2003', 0)":"Diario de Asuntos Entrados N\u00b0 8","('0107-S-2003', 1)":null},"Fecha: ":{"('0107-S-2003', 0)":"06\/03\/2003","('0107-S-2003', 1)":null},"T\u00edtulo":{"('0107-S-2003', 0)":"ADHESION A LA CONMEMORACION DEL \"DIA INTERNACIONAL DE LA MUJER\", Y RENDIR HOMENAJE A ESTHER FADUL DE SOBRINO.","('0107-S-2003', 1)":null},"('Firmantes', 'FIRMANTE')":{"('0107-S-2003', 0)":"COLAZO, MARIO JORGE","('0107-S-2003', 1)":null},"('Firmantes', 'DISTRITO')":{"('0107-S-2003', 0)":"TIERRA DEL FUEGO","('0107-S-2003', 1)":null},"('Firmantes', 'BLOQUE')":{"('0107-S-2003', 0)":"UCR","('0107-S-2003', 1)":null},"('Tramites', 'C\u00c1MARA')":{"('0107-S-2003', 0)":"Senado","('0107-S-2003', 1)":"Senado"},"('Tramites', 'MOVIMIENTO')":{"('0107-S-2003', 0)":"MOCION SOBRE TABLAS (AFIRMATIVA)","('0107-S-2003', 1)":"CONSIDERACION Y APROBACION"},"('Tramites', 'FECHA')":{"('0107-S-2003', 0)":"06\/03\/2003","('0107-S-2003', 1)":"06\/03\/2003"},"('Tramites', 'RESULTADO')":{"('0107-S-2003', 0)":null,"('0107-S-2003', 1)":"APROBADO"},"Link":{"('0107-S-2003', 0)":"http:\/\/www.senado.gov.ar\/parlamentario\/comisiones\/verExp\/107.03\/S\/PR","('0107-S-2003', 1)":null},"Palabra Clave":{"('0107-S-2003', 0)":" ","('0107-S-2003', 1)":null}}