{"Tipo de Proyecto":{"('0108-D-2003', 0)":"PROYECTO DE LEY"},"Iniciado en: ":{"('0108-D-2003', 0)":"Diputados"},"Expediente Diputados: ":{"('0108-D-2003', 0)":"0108-D-2003"},"Publicado en: ":{"('0108-D-2003', 0)":"Tr\u00e1mite Parlamentario N\u00b0 1"},"Fecha: ":{"('0108-D-2003', 0)":"03\/03\/2003"},"T\u00edtulo":{"('0108-D-2003', 0)":"INCORPORAR EL ARTICULO 6 BIS A LA LEY 20957, DE SERVICIO EXTERIOR DE LA NACION, SOBRE PROPUESTA DE EMBAJADORES EXTRAORDINARIOS Y PLENIPOTENCIARIOS."},"('Firmantes', 'FIRMANTE')":{"('0108-D-2003', 0)":"LUGO DE GONZALEZ CABA\u00d1AS, CECILIA"},"('Firmantes', 'DISTRITO')":{"('0108-D-2003', 0)":"CORRIENTES"},"('Firmantes', 'BLOQUE')":{"('0108-D-2003', 0)":"JUSTICIALISTA AZUL Y BLANCO"},"('Giros', 'COMISI\u00d3N')":{"('0108-D-2003', 0)":"RELACIONES EXTERIORES Y CULTO"},"Palabra Clave":{"('0108-D-2003', 0)":" "}}