{"Tipo de Proyecto":{"('0108-PE-2003', 0)":"MENSAJE NRO: 1358\/03","('0108-PE-2003', 1)":null,"('0108-PE-2003', 2)":null},"Iniciado en: ":{"('0108-PE-2003', 0)":"Diputados","('0108-PE-2003', 1)":null,"('0108-PE-2003', 2)":null},"Expediente Diputados: ":{"('0108-PE-2003', 0)":"0108-PE-2003","('0108-PE-2003', 1)":null,"('0108-PE-2003', 2)":null},"Expediente Senado: ":{"('0108-PE-2003', 0)":"3292-S-2004","('0108-PE-2003', 1)":null,"('0108-PE-2003', 2)":null},"Publicado en: ":{"('0108-PE-2003', 0)":"Tr\u00e1mite Parlamentario N\u00b0 205","('0108-PE-2003', 1)":null,"('0108-PE-2003', 2)":null},"Fecha: ":{"('0108-PE-2003', 0)":"05\/01\/2004","('0108-PE-2003', 1)":null,"('0108-PE-2003', 2)":null},"T\u00edtulo":{"('0108-PE-2003', 0)":"COMUNICACION DEL DECRETO 1357\/03, POR EL CUAL SE PRORROGA A PARTIR DEL 1 DE ENERO DE 2004 LA VIGENCIA DEL DECRETO 23\/01, CON LOS ALCANCES DEL DECRETO 172 DEL 23\/02, MODIFICADO POR EL DECRETO 344\/02 - RETRIBUCIONES DEL PRESIDENTE DE LA NACION Y DE LOS FUNCIONARIOS Y AGENTES DE LA ADMINISTRACION PUBLICA NACIONAL, HASTA EL 31 DE MARZO DE 2004.","('0108-PE-2003', 1)":null,"('0108-PE-2003', 2)":null},"('Firmantes', 'FIRMANTE')":{"('0108-PE-2003', 0)":"KIRCHNER, NESTOR CARLOS","('0108-PE-2003', 1)":"FERNANDEZ, ALBERTO","('0108-PE-2003', 2)":"FERNANDEZ, ANIBAL"},"('Firmantes', 'DISTRITO')":{"('0108-PE-2003', 0)":null,"('0108-PE-2003', 1)":null,"('0108-PE-2003', 2)":null},"('Firmantes', 'BLOQUE')":{"('0108-PE-2003', 0)":"PODER EJECUTIVO","('0108-PE-2003', 1)":"PODER EJECUTIVO","('0108-PE-2003', 2)":"PODER EJECUTIVO"},"('Giros', 'COMISI\u00d3N')":{"('0108-PE-2003', 0)":"BICAMERAL DE SEGUIMIENTO DE FACULTADES DELEGADAS AL PODER EJECUTIVO NACIONAL - LEY 25561","('0108-PE-2003', 1)":null,"('0108-PE-2003', 2)":null},"('Tramites', 'C\u00c1MARA')":{"('0108-PE-2003', 0)":"Senado","('0108-PE-2003', 1)":"Senado","('0108-PE-2003', 2)":"Diputados"},"('Tramites', 'MOVIMIENTO')":{"('0108-PE-2003', 0)":"COMUNICACION DE LA COMISION DEL DICTAMEN 10 AL SENADO","('0108-PE-2003', 1)":"CONSIDERACION Y APROBACION","('0108-PE-2003', 2)":"PASA A DIPUTADOS -"},"('Tramites', 'FECHA')":{"('0108-PE-2003', 0)":null,"('0108-PE-2003', 1)":"01\/12\/2004","('0108-PE-2003', 2)":null},"('Tramites', 'RESULTADO')":{"('0108-PE-2003', 0)":null,"('0108-PE-2003', 1)":"APROBADO","('0108-PE-2003', 2)":null},"Palabra Clave":{"('0108-PE-2003', 0)":" ","('0108-PE-2003', 1)":null,"('0108-PE-2003', 2)":null}}