{"Tipo de Proyecto":{"('0108-S-2003', 0)":"PROYECTO DE RESOLUCI\u00d3N","('0108-S-2003', 1)":null,"('0108-S-2003', 2)":null,"('0108-S-2003', 3)":null},"Iniciado en: ":{"('0108-S-2003', 0)":"Senado","('0108-S-2003', 1)":null,"('0108-S-2003', 2)":null,"('0108-S-2003', 3)":null},"Expediente Diputados: ":{"('0108-S-2003', 0)":"0108-S-2003","('0108-S-2003', 1)":null,"('0108-S-2003', 2)":null,"('0108-S-2003', 3)":null},"Expediente Senado: ":{"('0108-S-2003', 0)":"0212-OV-2001","('0108-S-2003', 1)":null,"('0108-S-2003', 2)":null,"('0108-S-2003', 3)":null},"Fecha: ":{"('0108-S-2003', 0)":"16\/07\/2003","('0108-S-2003', 1)":null,"('0108-S-2003', 2)":null,"('0108-S-2003', 3)":null},"T\u00edtulo":{"('0108-S-2003', 0)":"PEDIDO DE INFORMES AL PODER EJECUTIVO SOBRE RESOLUCIONES REMITIDAS POR LA AUDITORIA GENERAL DE LA NACION LOS ESTADOS FINANCIEROS AL 31 DE DICIEMBRE DE 2000 (0212-OV-01) Y 31 DE DICIEMBRE DE 2001 (0428-OV-02) DEL PROYECTO DE SANEAMIENTO AMBIENTAL Y CONTROL DE LAS INUNDACIONES EN LA CUENCA DEL RIO RECONQUISTA - CONTRATOS DE PRESTAMO 797\/OC-AR BID Y AR-PI OECF.","('0108-S-2003', 1)":null,"('0108-S-2003', 2)":null,"('0108-S-2003', 3)":null},"('Firmantes', 'FIRMANTE')":{"('0108-S-2003', 0)":"PARLAMENTARIA MIXTA REVISORA DE CUENTAS","('0108-S-2003', 1)":null,"('0108-S-2003', 2)":null,"('0108-S-2003', 3)":null},"('Firmantes', 'DISTRITO')":{"('0108-S-2003', 0)":null,"('0108-S-2003', 1)":null,"('0108-S-2003', 2)":null,"('0108-S-2003', 3)":null},"('Firmantes', 'BLOQUE')":{"('0108-S-2003', 0)":null,"('0108-S-2003', 1)":null,"('0108-S-2003', 2)":null,"('0108-S-2003', 3)":null},"('Giros', 'COMISI\u00d3N')":{"('0108-S-2003', 0)":"PARLAMENTARIA MIXTA REVISORA DE CUENTAS","('0108-S-2003', 1)":null,"('0108-S-2003', 2)":null,"('0108-S-2003', 3)":null},"('Tramites', 'C\u00c1MARA')":{"('0108-S-2003', 0)":"Senado","('0108-S-2003', 1)":"Diputados","('0108-S-2003', 2)":"Diputados","('0108-S-2003', 3)":"Diputados"},"('Tramites', 'MOVIMIENTO')":{"('0108-S-2003', 0)":"CONSIDERACION Y APROBACION","('0108-S-2003', 1)":"PASA A DIPUTADOS -","('0108-S-2003', 2)":"CONSIDERACION Y APROBACION","('0108-S-2003', 3)":"CONTESTACION DEL PODER EJECUTIVO NACIONAL - JEFE DE GABINETE DE MINISTROS - GIRADO A LA COMISION RESPECTIVA"},"('Tramites', 'FECHA')":{"('0108-S-2003', 0)":"06\/08\/2003","('0108-S-2003', 1)":null,"('0108-S-2003', 2)":"01\/10\/2003","('0108-S-2003', 3)":"14\/12\/2005"},"('Tramites', 'RESULTADO')":{"('0108-S-2003', 0)":"APROBADO","('0108-S-2003', 1)":null,"('0108-S-2003', 2)":"APROBADO","('0108-S-2003', 3)":null},"Link":{"('0108-S-2003', 0)":"http:\/\/www.senado.gov.ar\/parlamentario\/comisiones\/verExp\/212.01\/OV\/PR","('0108-S-2003', 1)":null,"('0108-S-2003', 2)":null,"('0108-S-2003', 3)":null},"Palabra Clave":{"('0108-S-2003', 0)":" ","('0108-S-2003', 1)":null,"('0108-S-2003', 2)":null,"('0108-S-2003', 3)":null}}