{"Tipo de Proyecto":{"('0109-D-2003', 0)":"PROYECTO DE LEY","('0109-D-2003', 1)":null},"Iniciado en: ":{"('0109-D-2003', 0)":"Diputados","('0109-D-2003', 1)":null},"Expediente Diputados: ":{"('0109-D-2003', 0)":"0109-D-2003","('0109-D-2003', 1)":null},"Publicado en: ":{"('0109-D-2003', 0)":"Tr\u00e1mite Parlamentario N\u00b0 1","('0109-D-2003', 1)":null},"Fecha: ":{"('0109-D-2003', 0)":"03\/03\/2003","('0109-D-2003', 1)":null},"T\u00edtulo":{"('0109-D-2003', 0)":"PROHIBICION DE DIVULGAR DATOS SOBRE PEDIDOS DE LOS DELINCUENTES EN EL DELITO DE SECUESTRO EXTORSIVO Y\/O PRIVACION DE LA LIBERTAD.","('0109-D-2003', 1)":null},"('Firmantes', 'FIRMANTE')":{"('0109-D-2003', 0)":"LUGO DE GONZALEZ CABA\u00d1AS, CECILIA","('0109-D-2003', 1)":null},"('Firmantes', 'DISTRITO')":{"('0109-D-2003', 0)":"CORRIENTES","('0109-D-2003', 1)":null},"('Firmantes', 'BLOQUE')":{"('0109-D-2003', 0)":"JUSTICIALISTA AZUL Y BLANCO","('0109-D-2003', 1)":null},"('Giros', 'COMISI\u00d3N')":{"('0109-D-2003', 0)":"LEGISLACION PENAL","('0109-D-2003', 1)":"COMUNICACIONES E INFORMATICA"},"Sumario":{"('0109-D-2003', 0)":"ALCANCE Y VIGENCIA DE LAS MENCIONADAS PROHIBICIONES; DERECHO DE LOS ASCENDIENTES, DESCENDIENTES, HERMANOS Y\/O CONYUGES DE LAS VICTIMAS, PARA QUE DENTRO DE LOS CINCO DIAS CORRIDOS DE RADICADA LA CORRESPONDIENTE DENUNCIA, PUEDAN SOLICITAR AL JUEZ QUE INSTRUYE LA CAUSA QUE ORDENE LA NO COBERTURA INFORMATIVA DEL HECHO; DERECHOS DE LAS PERSONAS INTERESADAS EN PROPORCIONAR INFORMACION SOBRE LOS DETALLES DE LOS HECHOS ENUNCIADOS EN EL ARTICULO 1 DE LA PRESENTE NORMA; OBLIGACION DEL JUEZ DE ORDENAR LA PROHIBICION DE COBERTURA AUN EN EL CASO DE QUE LOS SUJETOS MENCIONADOS EN EL ARTICULO 4 DE LA PRESENTE NORMA LO SOLICITAREN EN PLAZO VENCIDO; CONCEPTO DE COBERTURA PERIODISTICA O INFORMATIVA; SANCIONES; CASO DE PLURALIDAD DE VICTIMAS.","('0109-D-2003', 1)":null},"Palabra Clave":{"('0109-D-2003', 0)":" ","('0109-D-2003', 1)":null}}