{"Tipo de Proyecto":{"('0109-S-2003', 0)":"PROYECTO DE RESOLUCI\u00d3N","('0109-S-2003', 1)":null,"('0109-S-2003', 2)":null,"('0109-S-2003', 3)":null},"Iniciado en: ":{"('0109-S-2003', 0)":"Senado","('0109-S-2003', 1)":null,"('0109-S-2003', 2)":null,"('0109-S-2003', 3)":null},"Expediente Diputados: ":{"('0109-S-2003', 0)":"0109-S-2003","('0109-S-2003', 1)":null,"('0109-S-2003', 2)":null,"('0109-S-2003', 3)":null},"Expediente Senado: ":{"('0109-S-2003', 0)":"0347-OV-2001","('0109-S-2003', 1)":null,"('0109-S-2003', 2)":null,"('0109-S-2003', 3)":null},"Fecha: ":{"('0109-S-2003', 0)":"16\/07\/2003","('0109-S-2003', 1)":null,"('0109-S-2003', 2)":null,"('0109-S-2003', 3)":null},"T\u00edtulo":{"('0109-S-2003', 0)":"PEDIDO DE INFORMES AL PODER EJECUTIVO SOBRE RESOLUCIONES REMITIDAS POR LA AUDITORIA GENERAL DE LA NACION SOBRE LOS ESTADOS FINANCIEROS AL 31 DE DICIEMBRE DE 2000 (0347-OV-01) Y 31 DE DICIEMBRE DE 2001 (0054-OV-03) DEL PROYECTO PNUD ARG 87\/013, PROGRAMA DE REESTRUCTURACION EMPRESARIAL (PRE) - CONVENIO DE PRESTAMO 989\/OC-AR.","('0109-S-2003', 1)":null,"('0109-S-2003', 2)":null,"('0109-S-2003', 3)":null},"('Firmantes', 'FIRMANTE')":{"('0109-S-2003', 0)":"PARLAMENTARIA MIXTA REVISORA DE CUENTAS","('0109-S-2003', 1)":null,"('0109-S-2003', 2)":null,"('0109-S-2003', 3)":null},"('Firmantes', 'DISTRITO')":{"('0109-S-2003', 0)":null,"('0109-S-2003', 1)":null,"('0109-S-2003', 2)":null,"('0109-S-2003', 3)":null},"('Firmantes', 'BLOQUE')":{"('0109-S-2003', 0)":null,"('0109-S-2003', 1)":null,"('0109-S-2003', 2)":null,"('0109-S-2003', 3)":null},"('Giros', 'COMISI\u00d3N')":{"('0109-S-2003', 0)":"PARLAMENTARIA MIXTA REVISORA DE CUENTAS","('0109-S-2003', 1)":null,"('0109-S-2003', 2)":null,"('0109-S-2003', 3)":null},"('Tramites', 'C\u00c1MARA')":{"('0109-S-2003', 0)":"Senado","('0109-S-2003', 1)":"Diputados","('0109-S-2003', 2)":"Diputados","('0109-S-2003', 3)":"Diputados"},"('Tramites', 'MOVIMIENTO')":{"('0109-S-2003', 0)":"CONSIDERACION Y APROBACION","('0109-S-2003', 1)":"PASA A DIPUTADOS -","('0109-S-2003', 2)":"CONSIDERACION Y APROBACION","('0109-S-2003', 3)":"CONTESTACION DEL PODER EJECUTIVO NACIONAL - JEFE DE GABINETE DE MINISTROS - GIRADO A LA COMISION RESPECTIVA"},"('Tramites', 'FECHA')":{"('0109-S-2003', 0)":"06\/08\/2003","('0109-S-2003', 1)":null,"('0109-S-2003', 2)":"01\/10\/2003","('0109-S-2003', 3)":"09\/06\/2004"},"('Tramites', 'RESULTADO')":{"('0109-S-2003', 0)":"APROBADO","('0109-S-2003', 1)":null,"('0109-S-2003', 2)":"APROBADO","('0109-S-2003', 3)":null},"Link":{"('0109-S-2003', 0)":"http:\/\/www.senado.gov.ar\/parlamentario\/comisiones\/verExp\/347.01\/OV\/PR","('0109-S-2003', 1)":null,"('0109-S-2003', 2)":null,"('0109-S-2003', 3)":null},"Palabra Clave":{"('0109-S-2003', 0)":" ","('0109-S-2003', 1)":null,"('0109-S-2003', 2)":null,"('0109-S-2003', 3)":null}}