{"Tipo de Proyecto":{"('0110-S-2003', 0)":"PROYECTO DE RESOLUCI\u00d3N","('0110-S-2003', 1)":null,"('0110-S-2003', 2)":null},"Iniciado en: ":{"('0110-S-2003', 0)":"Senado","('0110-S-2003', 1)":null,"('0110-S-2003', 2)":null},"Expediente Diputados: ":{"('0110-S-2003', 0)":"0110-S-2003","('0110-S-2003', 1)":null,"('0110-S-2003', 2)":null},"Expediente Senado: ":{"('0110-S-2003', 0)":"0663-OV-2001","('0110-S-2003', 1)":null,"('0110-S-2003', 2)":null},"Fecha: ":{"('0110-S-2003', 0)":"16\/07\/2003","('0110-S-2003', 1)":null,"('0110-S-2003', 2)":null},"T\u00edtulo":{"('0110-S-2003', 0)":"PEDIDO DE INFORMES AL PODER JUDICIAL SOBRE AUDITORIA DE GESTION EN EL AMBITO DE LA OBRA SOCIAL DEL PODER JUDICIAL DE LA NACION (OSPJN).","('0110-S-2003', 1)":null,"('0110-S-2003', 2)":null},"('Firmantes', 'FIRMANTE')":{"('0110-S-2003', 0)":"PARLAMENTARIA MIXTA REVISORA DE CUENTAS","('0110-S-2003', 1)":null,"('0110-S-2003', 2)":null},"('Firmantes', 'DISTRITO')":{"('0110-S-2003', 0)":null,"('0110-S-2003', 1)":null,"('0110-S-2003', 2)":null},"('Firmantes', 'BLOQUE')":{"('0110-S-2003', 0)":null,"('0110-S-2003', 1)":null,"('0110-S-2003', 2)":null},"('Giros', 'COMISI\u00d3N')":{"('0110-S-2003', 0)":"PARLAMENTARIA MIXTA REVISORA DE CUENTAS","('0110-S-2003', 1)":null,"('0110-S-2003', 2)":null},"('Tramites', 'C\u00c1MARA')":{"('0110-S-2003', 0)":"Senado","('0110-S-2003', 1)":"Diputados","('0110-S-2003', 2)":"Diputados"},"('Tramites', 'MOVIMIENTO')":{"('0110-S-2003', 0)":"CONSIDERACION Y APROBACION","('0110-S-2003', 1)":"PASA A DIPUTADOS -","('0110-S-2003', 2)":"CONSIDERACION Y APROBACION"},"('Tramites', 'FECHA')":{"('0110-S-2003', 0)":"06\/08\/2003","('0110-S-2003', 1)":null,"('0110-S-2003', 2)":"01\/10\/2003"},"('Tramites', 'RESULTADO')":{"('0110-S-2003', 0)":"APROBADO","('0110-S-2003', 1)":null,"('0110-S-2003', 2)":"APROBADO"},"Link":{"('0110-S-2003', 0)":"http:\/\/www.senado.gov.ar\/parlamentario\/comisiones\/verExp\/663.01\/OV\/PR","('0110-S-2003', 1)":null,"('0110-S-2003', 2)":null},"Palabra Clave":{"('0110-S-2003', 0)":" ","('0110-S-2003', 1)":null,"('0110-S-2003', 2)":null}}