{"Tipo de Proyecto":{"('0110-PE-2003', 0)":"MENSAJE NRO: 1367\/03","('0110-PE-2003', 1)":null,"('0110-PE-2003', 2)":null},"Iniciado en: ":{"('0110-PE-2003', 0)":"Diputados","('0110-PE-2003', 1)":null,"('0110-PE-2003', 2)":null},"Expediente Diputados: ":{"('0110-PE-2003', 0)":"0110-PE-2003","('0110-PE-2003', 1)":null,"('0110-PE-2003', 2)":null},"Publicado en: ":{"('0110-PE-2003', 0)":"Tr\u00e1mite Parlamentario N\u00b0 205","('0110-PE-2003', 1)":null,"('0110-PE-2003', 2)":null},"Fecha: ":{"('0110-PE-2003', 0)":"05\/01\/2004","('0110-PE-2003', 1)":null,"('0110-PE-2003', 2)":null},"T\u00edtulo":{"('0110-PE-2003', 0)":"COMUNICANDO EL DECRETO 1366\/03, POR EL CUAL SE MODIFICA EL PRESUPUESTO DE LA ADMINISTRACION NACIONAL PARA EL EJERCICIO 2003.","('0110-PE-2003', 1)":null,"('0110-PE-2003', 2)":null},"('Firmantes', 'FIRMANTE')":{"('0110-PE-2003', 0)":"KIRCHNER, NESTOR CARLOS","('0110-PE-2003', 1)":"FERNANDEZ, ALBERTO","('0110-PE-2003', 2)":"FERNANDEZ, ANIBAL"},"('Firmantes', 'DISTRITO')":{"('0110-PE-2003', 0)":null,"('0110-PE-2003', 1)":null,"('0110-PE-2003', 2)":null},"('Firmantes', 'BLOQUE')":{"('0110-PE-2003', 0)":"PODER EJECUTIVO","('0110-PE-2003', 1)":"PODER EJECUTIVO","('0110-PE-2003', 2)":"PODER EJECUTIVO"},"('Giros', 'COMISI\u00d3N')":{"('0110-PE-2003', 0)":"BICAMERAL PERMANENTE DE TRAMITE LEGISLATIVO - LEY 26122","('0110-PE-2003', 1)":null,"('0110-PE-2003', 2)":null},"('Tramites', 'C\u00c1MARA')":{"('0110-PE-2003', 0)":"Diputados","('0110-PE-2003', 1)":"Diputados","('0110-PE-2003', 2)":null},"('Tramites', 'MOVIMIENTO')":{"('0110-PE-2003', 0)":"SOLICITUD DEL PRESIDENTE DE LA COMISION BICAMERAL PERMANENTE DE TRAMITE LEGISLATIVO (LEY 26122) DE REMISION DEL EXPEDIENTE PARA SU ANALISIS (A LA PRESIDENCIA)","('0110-PE-2003', 1)":"EXPEDIENTE ORIGINALMENTE GIRADO A LAS COMISIONES DE xxxx; SE LO REMITE A LA COMISION BICAMERAL DE TRAMITE LEGISLATIVO (LEY 26122)","('0110-PE-2003', 2)":null},"('Tramites', 'FECHA')":{"('0110-PE-2003', 0)":"25\/04\/2007","('0110-PE-2003', 1)":null,"('0110-PE-2003', 2)":null},"('Tramites', 'RESULTADO')":{"('0110-PE-2003', 0)":null,"('0110-PE-2003', 1)":null,"('0110-PE-2003', 2)":null},"Palabra Clave":{"('0110-PE-2003', 0)":" ","('0110-PE-2003', 1)":null,"('0110-PE-2003', 2)":null}}