{"Tipo de Proyecto":{"('0111-PE-2003', 0)":"MENSAJE NRO: 1369\/03","('0111-PE-2003', 1)":null,"('0111-PE-2003', 2)":null},"Iniciado en: ":{"('0111-PE-2003', 0)":"Diputados","('0111-PE-2003', 1)":null,"('0111-PE-2003', 2)":null},"Expediente Diputados: ":{"('0111-PE-2003', 0)":"0111-PE-2003","('0111-PE-2003', 1)":null,"('0111-PE-2003', 2)":null},"Publicado en: ":{"('0111-PE-2003', 0)":"Tr\u00e1mite Parlamentario N\u00b0 205","('0111-PE-2003', 1)":null,"('0111-PE-2003', 2)":null},"Fecha: ":{"('0111-PE-2003', 0)":"05\/01\/2004","('0111-PE-2003', 1)":null,"('0111-PE-2003', 2)":null},"T\u00edtulo":{"('0111-PE-2003', 0)":"COMUNICANDO EL DECRETO 1368\/03, POR EL CUAL SE MODIFICA EL PRESUPUESTO DE LA ADMINISTRACION NACIONAL PARA EL EJERCICIO FISCAL 2003.","('0111-PE-2003', 1)":null,"('0111-PE-2003', 2)":null},"('Firmantes', 'FIRMANTE')":{"('0111-PE-2003', 0)":"KIRCHNER, NESTOR CARLOS","('0111-PE-2003', 1)":"FERNANDEZ, ALBERTO","('0111-PE-2003', 2)":"LAVAGNA, ROBERTO"},"('Firmantes', 'DISTRITO')":{"('0111-PE-2003', 0)":null,"('0111-PE-2003', 1)":null,"('0111-PE-2003', 2)":null},"('Firmantes', 'BLOQUE')":{"('0111-PE-2003', 0)":"PODER EJECUTIVO","('0111-PE-2003', 1)":"PODER EJECUTIVO","('0111-PE-2003', 2)":"PODER EJECUTIVO"},"('Giros', 'COMISI\u00d3N')":{"('0111-PE-2003', 0)":"BICAMERAL PERMANENTE DE TRAMITE LEGISLATIVO - LEY 26122","('0111-PE-2003', 1)":null,"('0111-PE-2003', 2)":null},"('Tramites', 'C\u00c1MARA')":{"('0111-PE-2003', 0)":"Diputados","('0111-PE-2003', 1)":"Diputados","('0111-PE-2003', 2)":null},"('Tramites', 'MOVIMIENTO')":{"('0111-PE-2003', 0)":"SOLICITUD DEL PRESIDENTE DE LA COMISION BICAMERAL PERMANENTE DE TRAMITE LEGISLATIVO (LEY 26122) DE REMISION DEL EXPEDIENTE PARA SU ANALISIS (A LA PRESIDENCIA)","('0111-PE-2003', 1)":"EXPEDIENTE ORIGINALMENTE GIRADO A LA COMISION DE PRESUPUESTO Y HACIENDA; SE LO REMITE A LA COMISION BICAMERAL DE TRAMITE LEGISLATIVO (LEY 26122)","('0111-PE-2003', 2)":null},"('Tramites', 'FECHA')":{"('0111-PE-2003', 0)":"25\/04\/2007","('0111-PE-2003', 1)":null,"('0111-PE-2003', 2)":null},"('Tramites', 'RESULTADO')":{"('0111-PE-2003', 0)":null,"('0111-PE-2003', 1)":null,"('0111-PE-2003', 2)":null},"Palabra Clave":{"('0111-PE-2003', 0)":" ","('0111-PE-2003', 1)":null,"('0111-PE-2003', 2)":null}}