{"Tipo de Proyecto":{"('0111-S-2003', 0)":"PROYECTO DE RESOLUCI\u00d3N","('0111-S-2003', 1)":null,"('0111-S-2003', 2)":null,"('0111-S-2003', 3)":null},"Iniciado en: ":{"('0111-S-2003', 0)":"Senado","('0111-S-2003', 1)":null,"('0111-S-2003', 2)":null,"('0111-S-2003', 3)":null},"Expediente Diputados: ":{"('0111-S-2003', 0)":"0111-S-2003","('0111-S-2003', 1)":null,"('0111-S-2003', 2)":null,"('0111-S-2003', 3)":null},"Expediente Senado: ":{"('0111-S-2003', 0)":"0657-OV-2001","('0111-S-2003', 1)":null,"('0111-S-2003', 2)":null,"('0111-S-2003', 3)":null},"Fecha: ":{"('0111-S-2003', 0)":"16\/07\/2003","('0111-S-2003', 1)":null,"('0111-S-2003', 2)":null,"('0111-S-2003', 3)":null},"T\u00edtulo":{"('0111-S-2003', 0)":"PEDIDO DE INFORMES A LA UNIVERSIDAD NACIONAL DE LOMAS DE ZAMORA SOBRE RESOLUCIONES REMITIDAS POR LA AUDITORIA GENERAL DE LA NACION SOBRE AUDITORIA DE GESTION (CONTRATACIONES SIGNIFICATIVAS, LOS RECURSOS HUMANOS (PERSONAL) Y EL CIRCUITO DE EXPEDICION DE TITULOS, Y CONTRATACIONES SIGNIFICATIVAS Y LOS RECURSOS HUMANOS (PERSONAL), CORRESPONDIENTES A LAS FACULTADES DE DERECHO Y CIENCIAS SOCIALES RESPECTIVAMENTE (0657-OV-01); Y SOBRE EJECUCION PRESUPUESTARIA, LAS CONTRATACIONES SIGNIFICATIVAS Y LOS RECURSOS HUMANOS (PERSONAL) DEL RECTORADO).","('0111-S-2003', 1)":null,"('0111-S-2003', 2)":null,"('0111-S-2003', 3)":null},"('Firmantes', 'FIRMANTE')":{"('0111-S-2003', 0)":"PARLAMENTARIA MIXTA REVISORA DE CUENTAS","('0111-S-2003', 1)":null,"('0111-S-2003', 2)":null,"('0111-S-2003', 3)":null},"('Firmantes', 'DISTRITO')":{"('0111-S-2003', 0)":null,"('0111-S-2003', 1)":null,"('0111-S-2003', 2)":null,"('0111-S-2003', 3)":null},"('Firmantes', 'BLOQUE')":{"('0111-S-2003', 0)":null,"('0111-S-2003', 1)":null,"('0111-S-2003', 2)":null,"('0111-S-2003', 3)":null},"('Giros', 'COMISI\u00d3N')":{"('0111-S-2003', 0)":"PARLAMENTARIA MIXTA REVISORA DE CUENTAS","('0111-S-2003', 1)":null,"('0111-S-2003', 2)":null,"('0111-S-2003', 3)":null},"('Tramites', 'C\u00c1MARA')":{"('0111-S-2003', 0)":"Senado","('0111-S-2003', 1)":"Diputados","('0111-S-2003', 2)":"Diputados","('0111-S-2003', 3)":"Diputados"},"('Tramites', 'MOVIMIENTO')":{"('0111-S-2003', 0)":"CONSIDERACION Y APROBACION","('0111-S-2003', 1)":"PASA A DIPUTADOS -","('0111-S-2003', 2)":"CONSIDERACION Y APROBACION","('0111-S-2003', 3)":"CONTESTACION DEL PODER EJECUTIVO NACIONAL - JEFE DE GABINETE DE MINISTROS - GIRADO A LA COMISION RESPECTIVA"},"('Tramites', 'FECHA')":{"('0111-S-2003', 0)":"06\/08\/2003","('0111-S-2003', 1)":null,"('0111-S-2003', 2)":"01\/10\/2003","('0111-S-2003', 3)":"11\/08\/2004"},"('Tramites', 'RESULTADO')":{"('0111-S-2003', 0)":"APROBADO","('0111-S-2003', 1)":null,"('0111-S-2003', 2)":"APROBADO","('0111-S-2003', 3)":null},"Link":{"('0111-S-2003', 0)":"http:\/\/www.senado.gov.ar\/parlamentario\/comisiones\/verExp\/657.01\/OV\/PR","('0111-S-2003', 1)":null,"('0111-S-2003', 2)":null,"('0111-S-2003', 3)":null},"Palabra Clave":{"('0111-S-2003', 0)":" ","('0111-S-2003', 1)":null,"('0111-S-2003', 2)":null,"('0111-S-2003', 3)":null}}