{"Tipo de Proyecto":{"('0112-D-2003', 0)":"PROYECTO DE RESOLUCI\u00d3N","('0112-D-2003', 1)":null},"Iniciado en: ":{"('0112-D-2003', 0)":"Diputados","('0112-D-2003', 1)":null},"Expediente Diputados: ":{"('0112-D-2003', 0)":"0112-D-2003","('0112-D-2003', 1)":null},"Publicado en: ":{"('0112-D-2003', 0)":"Tr\u00e1mite Parlamentario N\u00b0 1","('0112-D-2003', 1)":null},"Fecha: ":{"('0112-D-2003', 0)":"03\/03\/2003","('0112-D-2003', 1)":null},"T\u00edtulo":{"('0112-D-2003', 0)":"PEDIDO DE INFORMES AL PODER EJECUTIVO NACIONAL SOBRE LOS EJERCICIOS 2001-2002 DEL \"FONDO NACIONAL DE LAS ARTES\".","('0112-D-2003', 1)":null},"('Firmantes', 'FIRMANTE')":{"('0112-D-2003', 0)":"LUGO DE GONZALEZ CABA\u00d1AS, CECILIA","('0112-D-2003', 1)":null},"('Firmantes', 'DISTRITO')":{"('0112-D-2003', 0)":"CORRIENTES","('0112-D-2003', 1)":null},"('Firmantes', 'BLOQUE')":{"('0112-D-2003', 0)":"JUSTICIALISTA AZUL Y BLANCO","('0112-D-2003', 1)":null},"('Giros', 'COMISI\u00d3N')":{"('0112-D-2003', 0)":"CULTURA","('0112-D-2003', 1)":null},"('Tramites', 'C\u00c1MARA')":{"('0112-D-2003', 0)":"Diputados","('0112-D-2003', 1)":"Diputados"},"('Tramites', 'MOVIMIENTO')":{"('0112-D-2003', 0)":"CONSIDERACION Y APROBACION","('0112-D-2003', 1)":"CONTESTACION DEL PODER EJECUTIVO NACIONAL - JEFE DE GABINETE DE MINISTROS - GIRADO A LA COMISION RESPECTIVA"},"('Tramites', 'FECHA')":{"('0112-D-2003', 0)":"08\/05\/2003","('0112-D-2003', 1)":"13\/08\/2003"},"('Tramites', 'RESULTADO')":{"('0112-D-2003', 0)":"APROBADO","('0112-D-2003', 1)":null},"Palabra Clave":{"('0112-D-2003', 0)":" ","('0112-D-2003', 1)":null}}