{"Tipo de Proyecto":{"('0113-P-2003', 0)":"PROYECTO DE RESOLUCI\u00d3N"},"Iniciado en: ":{"('0113-P-2003', 0)":"Senado"},"Expediente Senado: ":{"('0113-P-2003', 0)":"0113-P-2003"},"Publicado en: ":{"('0113-P-2003', 0)":"Diario de Asuntos Entrados N\u00b0 0"},"Fecha: ":{"('0113-P-2003', 0)":"01\/10\/2003"},"T\u00edtulo":{"('0113-P-2003', 0)":"RECHAZO DE LA RECUSACION CON EXPRESION DE CAUSA FORMULADA POR EL DOCTOR GREGORIO BADENI EN SU CARACTER DE LETRADO APODERADO DEL MINISTRO DE LA CORTE SUPREMA DE JUSTICIA DE LA NACION, DOCTOR MOLINE O'CONNOR, CONTRA LOS SENADORES YOMA Y PICHETTO."},"('Firmantes', 'FIRMANTE')":{"('0113-P-2003', 0)":"ASUNTOS CONSTITUCIONALES"},"('Firmantes', 'DISTRITO')":{"('0113-P-2003', 0)":null},"('Firmantes', 'BLOQUE')":{"('0113-P-2003', 0)":null},"('Tramites', 'C\u00c1MARA')":{"('0113-P-2003', 0)":"Senado"},"('Tramites', 'MOVIMIENTO')":{"('0113-P-2003', 0)":"CONSIDERACION Y APROBACION EN SESION EN TRIBUNAL"},"('Tramites', 'FECHA')":{"('0113-P-2003', 0)":"01\/10\/2003"},"('Tramites', 'RESULTADO')":{"('0113-P-2003', 0)":"APROBADO"},"Link":{"('0113-P-2003', 0)":"http:\/\/www.senado.gov.ar\/parlamentario\/comisiones\/verExp\/113.03\/P\/PR"},"Palabra Clave":{"('0113-P-2003', 0)":" "}}