{"Tipo de Proyecto":{"('0114-P-2003', 0)":"PROYECTO DE RESOLUCI\u00d3N","('0114-P-2003', 1)":null,"('0114-P-2003', 2)":null},"Iniciado en: ":{"('0114-P-2003', 0)":"Senado","('0114-P-2003', 1)":null,"('0114-P-2003', 2)":null},"Expediente Senado: ":{"('0114-P-2003', 0)":"0114-P-2003","('0114-P-2003', 1)":null,"('0114-P-2003', 2)":null},"Fecha: ":{"('0114-P-2003', 0)":"08\/10\/2003","('0114-P-2003', 1)":null,"('0114-P-2003', 2)":null},"T\u00edtulo":{"('0114-P-2003', 0)":"TENER POR PRESENTADOS COMO LETRADOS PATROCINANTES DEL DOCTOR EDUARDO MOLINE O'CONNOR A LOS DOCTORES GREGORIO BADENI, EDUARDO AGUIRRE OBARRIO, ALBERTO JOSE EG\u00dcES, MARTIN GALLI BASUALDO, SANTIAGO MOLINE O'CONNOR Y POR CONSTITUIDO EL DOMICILIO LEGAL.","('0114-P-2003', 1)":null,"('0114-P-2003', 2)":null},"('Firmantes', 'FIRMANTE')":{"('0114-P-2003', 0)":"ASUNTOS CONSTITUCIONALES","('0114-P-2003', 1)":null,"('0114-P-2003', 2)":null},"('Firmantes', 'DISTRITO')":{"('0114-P-2003', 0)":null,"('0114-P-2003', 1)":null,"('0114-P-2003', 2)":null},"('Firmantes', 'BLOQUE')":{"('0114-P-2003', 0)":null,"('0114-P-2003', 1)":null,"('0114-P-2003', 2)":null},"('Tramites', 'C\u00c1MARA')":{"('0114-P-2003', 0)":"Senado","('0114-P-2003', 1)":"Senado","('0114-P-2003', 2)":"Senado"},"('Tramites', 'MOVIMIENTO')":{"('0114-P-2003', 0)":"MOCION SOBRE TABLAS (AFIRMATIVA)","('0114-P-2003', 1)":"CONSIDERACION Y APROBACION EN SESION EN TRIBUNAL","('0114-P-2003', 2)":"INSERCIONES"},"('Tramites', 'FECHA')":{"('0114-P-2003', 0)":"08\/10\/2003","('0114-P-2003', 1)":"08\/10\/2003","('0114-P-2003', 2)":"08\/10\/2003"},"('Tramites', 'RESULTADO')":{"('0114-P-2003', 0)":null,"('0114-P-2003', 1)":"APROBADO","('0114-P-2003', 2)":null},"Sumario":{"('0114-P-2003', 0)":"TENER POR PRESENTADO EN TIEMPO Y FORMA EL ESCRITO DE DEFENSA DE OFRECIMIENTO DE PRUEBA Y POR ACOMPA\u00d1ADA LA DOCUMENTAL; TENER POR FORMULADA LA AMPLIACION ORAL DE LA DEFENSA ANTE EL TRIBUNAL Y POR AMPLIADO EL OFRECIMIENTO DE PRUEBA; ESTAR A LO OPORTUNAMENTE RESUELTO CON RELACION AL PEDIDO DE PRORROGA SOLICITADO; NO HACER LUGAR A LAS NULIDADES INTERPUESTAS; NO HACER LUGAR POR IMPROCEDENTES A LOS PLANTEOS DE INCONSTITUCIONALIDAD E INAPLICABILIDAD AL CASO CONCRETO DE LAS PARTES CUESTIONADAS DE LOS ARTICULOS 4 Y 6 DEL REGLAMENTO DEL H. SENADO DE LA NACION CONSTITUIDO EN TRIBUNAL PARA EL CASO DE JUICIO POLITICO INTERPUESTOS POR LA DEFENSA; SUSPENSION PREVENTIVA DEL DOCTOR EDUARDO MOLINE O'CONNOR SIN GOCE DE HABERES.","('0114-P-2003', 1)":null,"('0114-P-2003', 2)":null},"Palabra Clave":{"('0114-P-2003', 0)":" ","('0114-P-2003', 1)":null,"('0114-P-2003', 2)":null}}