{"Tipo de Proyecto":{"('0116-PE-2003', 0)":"MENSAJE NRO: 0182\/04","('0116-PE-2003', 1)":null,"('0116-PE-2003', 2)":null},"Iniciado en: ":{"('0116-PE-2003', 0)":"Diputados","('0116-PE-2003', 1)":null,"('0116-PE-2003', 2)":null},"Expediente Diputados: ":{"('0116-PE-2003', 0)":"0116-PE-2003","('0116-PE-2003', 1)":null,"('0116-PE-2003', 2)":null},"Publicado en: ":{"('0116-PE-2003', 0)":"Tr\u00e1mite Parlamentario N\u00b0 210","('0116-PE-2003', 1)":null,"('0116-PE-2003', 2)":null},"Fecha: ":{"('0116-PE-2003', 0)":"10\/02\/2004","('0116-PE-2003', 1)":null,"('0116-PE-2003', 2)":null},"T\u00edtulo":{"('0116-PE-2003', 0)":"COMUNICACION DEL DECRETO 180\/04 SOBRE REGIMEN DE INVERSIONES DE INFRAESTRUCTURA BASICA DE GAS DURANTE EL PROCESO DE NORMALIZACION DEL SERVICIO PUBLICO; CREACION DEL FONDO FIDUCIARIO PARA ATENDER INVERSIONES EN TRANSPORTE Y DISTRIBUCION DE GAS. PUBLICACION DE LOS ANEXOS I, II, III, IV Y V.","('0116-PE-2003', 1)":null,"('0116-PE-2003', 2)":null},"('Firmantes', 'FIRMANTE')":{"('0116-PE-2003', 0)":"KIRCHNER, NESTOR CARLOS","('0116-PE-2003', 1)":"FERNANDEZ, ALBERTO","('0116-PE-2003', 2)":"DE VIDO, JULIO"},"('Firmantes', 'DISTRITO')":{"('0116-PE-2003', 0)":null,"('0116-PE-2003', 1)":null,"('0116-PE-2003', 2)":null},"('Firmantes', 'BLOQUE')":{"('0116-PE-2003', 0)":"PODER EJECUTIVO","('0116-PE-2003', 1)":"PODER EJECUTIVO","('0116-PE-2003', 2)":"PODER EJECUTIVO"},"('Giros', 'COMISI\u00d3N')":{"('0116-PE-2003', 0)":"BICAMERAL DE SEGUIMIENTO DE FACULTADES DELEGADAS AL PODER EJECUTIVO NACIONAL - LEY 25561","('0116-PE-2003', 1)":null,"('0116-PE-2003', 2)":null},"Palabra Clave":{"('0116-PE-2003', 0)":" ","('0116-PE-2003', 1)":null,"('0116-PE-2003', 2)":null}}