{"Tipo de Proyecto":{"('0117-PE-2003', 0)":"MENSAJE NRO: 0182\/04","('0117-PE-2003', 1)":null,"('0117-PE-2003', 2)":null},"Iniciado en: ":{"('0117-PE-2003', 0)":"Diputados","('0117-PE-2003', 1)":null,"('0117-PE-2003', 2)":null},"Expediente Diputados: ":{"('0117-PE-2003', 0)":"0117-PE-2003","('0117-PE-2003', 1)":null,"('0117-PE-2003', 2)":null},"Publicado en: ":{"('0117-PE-2003', 0)":"Tr\u00e1mite Parlamentario N\u00b0 210","('0117-PE-2003', 1)":null,"('0117-PE-2003', 2)":null},"Fecha: ":{"('0117-PE-2003', 0)":"10\/02\/2004","('0117-PE-2003', 1)":null,"('0117-PE-2003', 2)":null},"T\u00edtulo":{"('0117-PE-2003', 0)":"COMUNICACION DEL DECRETO 181\/04 POR EL CUAL SE FACULTA A LA SECRETARIA DE ENERGIA PARA ACORDAR CON LOS PRODUCTORES DE GAS NATURAL UN AJUSTE DEL PRECIO DE ESE COMBUSTIBLE EN EL PUNTO DE INGRESO AL SISTEMA DE TRANSPORTE (PIST). PUBLICACION DE ANEXO I.","('0117-PE-2003', 1)":null,"('0117-PE-2003', 2)":null},"('Firmantes', 'FIRMANTE')":{"('0117-PE-2003', 0)":"KIRCHNER, NESTOR CARLOS","('0117-PE-2003', 1)":"FERNANDEZ, ALBERTO","('0117-PE-2003', 2)":"DE VIDO, JULIO"},"('Firmantes', 'DISTRITO')":{"('0117-PE-2003', 0)":null,"('0117-PE-2003', 1)":null,"('0117-PE-2003', 2)":null},"('Firmantes', 'BLOQUE')":{"('0117-PE-2003', 0)":"PODER EJECUTIVO","('0117-PE-2003', 1)":"PODER EJECUTIVO","('0117-PE-2003', 2)":"PODER EJECUTIVO"},"('Giros', 'COMISI\u00d3N')":{"('0117-PE-2003', 0)":"BICAMERAL DE SEGUIMIENTO DE FACULTADES DELEGADAS AL PODER EJECUTIVO NACIONAL - LEY 25561","('0117-PE-2003', 1)":null,"('0117-PE-2003', 2)":null},"Palabra Clave":{"('0117-PE-2003', 0)":" ","('0117-PE-2003', 1)":null,"('0117-PE-2003', 2)":null}}