{"Tipo de Proyecto":{"('0117-S-2003', 0)":"MENSAJE NRO: 0525\/03 Y PROYECTO DE LEY","('0117-S-2003', 1)":null,"('0117-S-2003', 2)":null,"('0117-S-2003', 3)":null,"('0117-S-2003', 4)":null},"Iniciado en: ":{"('0117-S-2003', 0)":"Senado","('0117-S-2003', 1)":null,"('0117-S-2003', 2)":null,"('0117-S-2003', 3)":null,"('0117-S-2003', 4)":null},"Expediente Diputados: ":{"('0117-S-2003', 0)":"0117-S-2003","('0117-S-2003', 1)":null,"('0117-S-2003', 2)":null,"('0117-S-2003', 3)":null,"('0117-S-2003', 4)":null},"Expediente Senado: ":{"('0117-S-2003', 0)":"0067-PE-2003","('0117-S-2003', 1)":null,"('0117-S-2003', 2)":null,"('0117-S-2003', 3)":null,"('0117-S-2003', 4)":null},"Publicado en: ":{"('0117-S-2003', 0)":"Diario de Asuntos Entrados N\u00b0 11","('0117-S-2003', 1)":null,"('0117-S-2003', 2)":null,"('0117-S-2003', 3)":null,"('0117-S-2003', 4)":null},"Fecha: ":{"('0117-S-2003', 0)":"12\/03\/2003","('0117-S-2003', 1)":null,"('0117-S-2003', 2)":null,"('0117-S-2003', 3)":null,"('0117-S-2003', 4)":null},"T\u00edtulo":{"('0117-S-2003', 0)":"APROBACION DE LA ENMIENDA AL ARTICULO 1 DE LA CONVENCION SOBRE PROHIBICIONES O RESTRICCIONES DEL EMPLEO DE CIERTAS ARMAS CONVENCIONALES QUE PUEDAN CONSIDERARSE EXCESIVAMENTE NOCIVAS O DE EFECTOS INDISCRIMINADOS, ADOPTADOS POR LA II CONFERENCIA DE EXAMEN EN GINEBRA, CONFEDERACION SUIZA, ENTRE LOS DIAS 11 Y 21 DE DICIEMBRE DE 2001.","('0117-S-2003', 1)":null,"('0117-S-2003', 2)":null,"('0117-S-2003', 3)":null,"('0117-S-2003', 4)":null},"('Firmantes', 'FIRMANTE')":{"('0117-S-2003', 0)":"DUHALDE, EDUARDO ALBERTO","('0117-S-2003', 1)":"ATANASOF, ALFREDO NESTOR","('0117-S-2003', 2)":"MATZKIN, JORGE RUBEN","('0117-S-2003', 3)":"RUCKAUF, CARLOS FEDERICO","('0117-S-2003', 4)":"ALVAREZ, JUAN JOSE"},"('Firmantes', 'DISTRITO')":{"('0117-S-2003', 0)":null,"('0117-S-2003', 1)":null,"('0117-S-2003', 2)":null,"('0117-S-2003', 3)":null,"('0117-S-2003', 4)":null},"('Firmantes', 'BLOQUE')":{"('0117-S-2003', 0)":"PODER EJECUTIVO","('0117-S-2003', 1)":"PODER EJECUTIVO","('0117-S-2003', 2)":"PODER EJECUTIVO","('0117-S-2003', 3)":"PODER EJECUTIVO","('0117-S-2003', 4)":"PODER EJECUTIVO"},"('Giros', 'COMISI\u00d3N')":{"('0117-S-2003', 0)":"RELACIONES EXTERIORES Y CULTO","('0117-S-2003', 1)":"DEFENSA NACIONAL","('0117-S-2003', 2)":null,"('0117-S-2003', 3)":null,"('0117-S-2003', 4)":null},"('Tramites', 'C\u00c1MARA')":{"('0117-S-2003', 0)":"Senado","('0117-S-2003', 1)":"Diputados","('0117-S-2003', 2)":"Diputados","('0117-S-2003', 3)":null,"('0117-S-2003', 4)":null},"('Tramites', 'MOVIMIENTO')":{"('0117-S-2003', 0)":"CONSIDERACION Y APROBACION","('0117-S-2003', 1)":"PASA A DIPUTADOS - (TP 114)","('0117-S-2003', 2)":"CONSIDERACION Y SANCION","('0117-S-2003', 3)":null,"('0117-S-2003', 4)":null},"('Tramites', 'FECHA')":{"('0117-S-2003', 0)":"06\/08\/2003","('0117-S-2003', 1)":null,"('0117-S-2003', 2)":"05\/11\/2003","('0117-S-2003', 3)":null,"('0117-S-2003', 4)":null},"('Tramites', 'RESULTADO')":{"('0117-S-2003', 0)":"MEDIA SANCION","('0117-S-2003', 1)":null,"('0117-S-2003', 2)":"SANCIONADO","('0117-S-2003', 3)":null,"('0117-S-2003', 4)":null},"Link":{"('0117-S-2003', 0)":"http:\/\/www.senado.gov.ar\/web\/proyectos\/verExpe.php?origen=PE&nro_comision=&tipo=PL&numexp=67\/03&tConsulta=5","('0117-S-2003', 1)":null,"('0117-S-2003', 2)":null,"('0117-S-2003', 3)":null,"('0117-S-2003', 4)":null},"Palabra Clave":{"('0117-S-2003', 0)":" ","('0117-S-2003', 1)":null,"('0117-S-2003', 2)":null,"('0117-S-2003', 3)":null,"('0117-S-2003', 4)":null}}