{"Tipo de Proyecto":{"('0118-S-2003', 0)":"PROYECTO DE DECLARACI\u00d3N"},"Iniciado en: ":{"('0118-S-2003', 0)":"Senado"},"Expediente Senado: ":{"('0118-S-2003', 0)":"0118-S-2003"},"Publicado en: ":{"('0118-S-2003', 0)":"Diario de Asuntos Entrados N\u00b0 9"},"Fecha: ":{"('0118-S-2003', 0)":"10\/03\/2003"},"T\u00edtulo":{"('0118-S-2003', 0)":"EXPRESAR BENEPLACITO POR EL CONSENSO ALCANZADO PARA LA POSTULACION DEL \"CAMINO DEL INCA\", PROVINCIA DE JUJUY, COMO PATRIMONIO DE LA HUMANIDAD."},"('Firmantes', 'FIRMANTE')":{"('0118-S-2003', 0)":"JENEFES, GUILLERMO RAUL"},"('Firmantes', 'DISTRITO')":{"('0118-S-2003', 0)":"JUJUY"},"('Firmantes', 'BLOQUE')":{"('0118-S-2003', 0)":"JUSTICIALISTA"},"('Tramites', 'C\u00c1MARA')":{"('0118-S-2003', 0)":"Senado"},"('Tramites', 'MOVIMIENTO')":{"('0118-S-2003', 0)":"CONSIDERACION Y APROBACION"},"('Tramites', 'FECHA')":{"('0118-S-2003', 0)":"20\/08\/2003"},"('Tramites', 'RESULTADO')":{"('0118-S-2003', 0)":"APROBADO"},"Link":{"('0118-S-2003', 0)":"http:\/\/www.senado.gov.ar\/parlamentario\/comisiones\/verExp\/118.03\/S\/PD"},"Palabra Clave":{"('0118-S-2003', 0)":" "}}