{"Tipo de Proyecto":{"('0118-PE-2003', 0)":"MENSAJE NRO: 0203\/04 Y PROYECTO DE LEY","('0118-PE-2003', 1)":null,"('0118-PE-2003', 2)":null},"Iniciado en: ":{"('0118-PE-2003', 0)":"Diputados","('0118-PE-2003', 1)":null,"('0118-PE-2003', 2)":null},"Expediente Diputados: ":{"('0118-PE-2003', 0)":"0118-PE-2003","('0118-PE-2003', 1)":null,"('0118-PE-2003', 2)":null},"Expediente Senado: ":{"('0118-PE-2003', 0)":"0027-CD-2004","('0118-PE-2003', 1)":null,"('0118-PE-2003', 2)":null},"Publicado en: ":{"('0118-PE-2003', 0)":"Tr\u00e1mite Parlamentario N\u00b0 213","('0118-PE-2003', 1)":null,"('0118-PE-2003', 2)":null},"Fecha: ":{"('0118-PE-2003', 0)":"20\/02\/2004","('0118-PE-2003', 1)":null,"('0118-PE-2003', 2)":null},"T\u00edtulo":{"('0118-PE-2003', 0)":"MODIFICACION DEL ARTICULO INCORPORADO SIN NUMERO A CONTINUACION DEL 7, DE LA LEY DE IMPUESTO AL VALOR AGREGADO (TO 1997), REFERIDO A QUE EN NINGUN CASO SERAN DE APLICACION RESPECTO DEL ALUDIDO GRAVAMEN LAS EXENCIONES GENERICAS DE IMPUESTOS - PRESENTES O FUTURAS -, EN CUANTO NO LO INCLUYAN TAXATIVAMENTE.","('0118-PE-2003', 1)":null,"('0118-PE-2003', 2)":null},"('Firmantes', 'FIRMANTE')":{"('0118-PE-2003', 0)":"KIRCHNER, NESTOR CARLOS","('0118-PE-2003', 1)":"LAVAGNA, ROBERTO","('0118-PE-2003', 2)":"FERNANDEZ, ALBERTO"},"('Firmantes', 'DISTRITO')":{"('0118-PE-2003', 0)":null,"('0118-PE-2003', 1)":null,"('0118-PE-2003', 2)":null},"('Firmantes', 'BLOQUE')":{"('0118-PE-2003', 0)":"PODER EJECUTIVO","('0118-PE-2003', 1)":"PODER EJECUTIVO","('0118-PE-2003', 2)":"PODER EJECUTIVO"},"('Giros', 'COMISI\u00d3N')":{"('0118-PE-2003', 0)":"PRESUPUESTO Y HACIENDA","('0118-PE-2003', 1)":null,"('0118-PE-2003', 2)":null},"('Tramites', 'C\u00c1MARA')":{"('0118-PE-2003', 0)":"Diputados","('0118-PE-2003', 1)":"Senado","('0118-PE-2003', 2)":"Senado"},"('Tramites', 'MOVIMIENTO')":{"('0118-PE-2003', 0)":"CONSIDERACION Y APROBACION","('0118-PE-2003', 1)":"PASA A SENADO -","('0118-PE-2003', 2)":"CONSIDERACION Y SANCION"},"('Tramites', 'FECHA')":{"('0118-PE-2003', 0)":"07\/07\/2004","('0118-PE-2003', 1)":null,"('0118-PE-2003', 2)":"18\/08\/2004"},"('Tramites', 'RESULTADO')":{"('0118-PE-2003', 0)":"MEDIA SANCION","('0118-PE-2003', 1)":null,"('0118-PE-2003', 2)":"SANCIONADO"},"Link":{"('0118-PE-2003', 0)":"http:\/\/www.senado.gov.ar\/web\/proyectos\/verExpe.php?origen=CD&nro_comision=&tipo=PL&numexp=27\/04&tConsulta=4","('0118-PE-2003', 1)":null,"('0118-PE-2003', 2)":null},"Palabra Clave":{"('0118-PE-2003', 0)":" ","('0118-PE-2003', 1)":null,"('0118-PE-2003', 2)":null}}