{"Tipo de Proyecto":{"('0119-PE-2003', 0)":"MENSAJE NRO: 0205\/04","('0119-PE-2003', 1)":null,"('0119-PE-2003', 2)":null},"Iniciado en: ":{"('0119-PE-2003', 0)":"Diputados","('0119-PE-2003', 1)":null,"('0119-PE-2003', 2)":null},"Expediente Diputados: ":{"('0119-PE-2003', 0)":"0119-PE-2003","('0119-PE-2003', 1)":null,"('0119-PE-2003', 2)":null},"Publicado en: ":{"('0119-PE-2003', 0)":"Tr\u00e1mite Parlamentario N\u00b0 213","('0119-PE-2003', 1)":null,"('0119-PE-2003', 2)":null},"Fecha: ":{"('0119-PE-2003', 0)":"20\/02\/2004","('0119-PE-2003', 1)":null,"('0119-PE-2003', 2)":null},"T\u00edtulo":{"('0119-PE-2003', 0)":"COMUNICACION DEL DECRETO 204\/04 POR EL CUAL SE MODIFICA EL INCISO D), DEL ARTICULO 25, DEL DECRETO 1023\/01, DE REGIMEN DE CONTRATACIONES DE LA ADMINISTRACION NACIONAL.","('0119-PE-2003', 1)":null,"('0119-PE-2003', 2)":null},"('Firmantes', 'FIRMANTE')":{"('0119-PE-2003', 0)":"KIRCHNER, NESTOR CARLOS","('0119-PE-2003', 1)":"FERNANDEZ, ALBERTO","('0119-PE-2003', 2)":"GONZALEZ GARCIA, GINES MARIO"},"('Firmantes', 'DISTRITO')":{"('0119-PE-2003', 0)":null,"('0119-PE-2003', 1)":null,"('0119-PE-2003', 2)":null},"('Firmantes', 'BLOQUE')":{"('0119-PE-2003', 0)":"PODER EJECUTIVO","('0119-PE-2003', 1)":"PODER EJECUTIVO","('0119-PE-2003', 2)":"PODER EJECUTIVO"},"('Giros', 'COMISI\u00d3N')":{"('0119-PE-2003', 0)":"BICAMERAL PERMANENTE DE TRAMITE LEGISLATIVO - LEY 26122","('0119-PE-2003', 1)":null,"('0119-PE-2003', 2)":null},"('Tramites', 'C\u00c1MARA')":{"('0119-PE-2003', 0)":"Diputados","('0119-PE-2003', 1)":"Diputados","('0119-PE-2003', 2)":null},"('Tramites', 'MOVIMIENTO')":{"('0119-PE-2003', 0)":"SOLICITUD DEL PRESIDENTE DE LA COMISION BICAMERAL PERMANENTE DE TRAMITE LEGISLATIVO (LEY 26122) DE REMISION DEL EXPEDIENTE PARA SU ANALISIS (A LA PRESIDENCIA)","('0119-PE-2003', 1)":"EXPEDIENTE ORIGINALMENTE GIRADO A LA COMISION DE OBRAS PUBLICAS; SE LO REMITE A LA COMISION BICAMERAL DE TRAMITE LEGISLATIVO (LEY 26122)","('0119-PE-2003', 2)":null},"('Tramites', 'FECHA')":{"('0119-PE-2003', 0)":"14\/03\/2007","('0119-PE-2003', 1)":null,"('0119-PE-2003', 2)":null},"('Tramites', 'RESULTADO')":{"('0119-PE-2003', 0)":null,"('0119-PE-2003', 1)":null,"('0119-PE-2003', 2)":null},"Sumario":{"('0119-PE-2003', 0)":"DEROGACION DEL DECRETO 2508\/02, DE CONTRATACIONES DEL ESTADO","('0119-PE-2003', 1)":null,"('0119-PE-2003', 2)":null},"Palabra Clave":{"('0119-PE-2003', 0)":" ","('0119-PE-2003', 1)":null,"('0119-PE-2003', 2)":null}}