{"Tipo de Proyecto":{"('0120-S-2003', 0)":"COMUNICACION","('0120-S-2003', 1)":null,"('0120-S-2003', 2)":null,"('0120-S-2003', 3)":null,"('0120-S-2003', 4)":null},"Iniciado en: ":{"('0120-S-2003', 0)":"Senado","('0120-S-2003', 1)":null,"('0120-S-2003', 2)":null,"('0120-S-2003', 3)":null,"('0120-S-2003', 4)":null},"Expediente Senado: ":{"('0120-S-2003', 0)":"0120-S-2003","('0120-S-2003', 1)":null,"('0120-S-2003', 2)":null,"('0120-S-2003', 3)":null,"('0120-S-2003', 4)":null},"Publicado en: ":{"('0120-S-2003', 0)":"Diario de Asuntos Entrados N\u00b0 9","('0120-S-2003', 1)":null,"('0120-S-2003', 2)":null,"('0120-S-2003', 3)":null,"('0120-S-2003', 4)":null},"Fecha: ":{"('0120-S-2003', 0)":"10\/03\/2003","('0120-S-2003', 1)":null,"('0120-S-2003', 2)":null,"('0120-S-2003', 3)":null,"('0120-S-2003', 4)":null},"T\u00edtulo":{"('0120-S-2003', 0)":"SOLICITAR AL PODER EJECUTIVO DISPONGA UN PLAN DE FLEXIBILIZACION EN LOS TRAMITES PARA LA ADQUISICION DE LICENCIAS PARA LA INSTALACION Y EXPLOTACION DE ESTACIONES DE RADIODIFUSION SONORA POR MODULACION DE FRECUENCIA.","('0120-S-2003', 1)":null,"('0120-S-2003', 2)":null,"('0120-S-2003', 3)":null,"('0120-S-2003', 4)":null},"('Firmantes', 'FIRMANTE')":{"('0120-S-2003', 0)":"ISIDORI, AMANDA","('0120-S-2003', 1)":"MAESTRO, CARLOS","('0120-S-2003', 2)":"MORO, EDUARDO ANIBAL","('0120-S-2003', 3)":"LESCANO, MARCELA FABIANA","('0120-S-2003', 4)":"TAFFAREL, RICARDO CESAR"},"('Firmantes', 'DISTRITO')":{"('0120-S-2003', 0)":"RIO NEGRO","('0120-S-2003', 1)":"CHUBUT","('0120-S-2003', 2)":"CHACO","('0120-S-2003', 3)":"FORMOSA","('0120-S-2003', 4)":"ENTRE RIOS"},"('Firmantes', 'BLOQUE')":{"('0120-S-2003', 0)":"UCR","('0120-S-2003', 1)":"UCR","('0120-S-2003', 2)":"UCR","('0120-S-2003', 3)":"UCR","('0120-S-2003', 4)":"UCR"},"('Tramites', 'C\u00c1MARA')":{"('0120-S-2003', 0)":"Senado","('0120-S-2003', 1)":null,"('0120-S-2003', 2)":null,"('0120-S-2003', 3)":null,"('0120-S-2003', 4)":null},"('Tramites', 'MOVIMIENTO')":{"('0120-S-2003', 0)":"CONSIDERACION Y APROBACION","('0120-S-2003', 1)":null,"('0120-S-2003', 2)":null,"('0120-S-2003', 3)":null,"('0120-S-2003', 4)":null},"('Tramites', 'FECHA')":{"('0120-S-2003', 0)":"06\/08\/2003","('0120-S-2003', 1)":null,"('0120-S-2003', 2)":null,"('0120-S-2003', 3)":null,"('0120-S-2003', 4)":null},"('Tramites', 'RESULTADO')":{"('0120-S-2003', 0)":"APROBADO","('0120-S-2003', 1)":null,"('0120-S-2003', 2)":null,"('0120-S-2003', 3)":null,"('0120-S-2003', 4)":null},"Link":{"('0120-S-2003', 0)":"http:\/\/www.senado.gov.ar\/parlamentario\/comisiones\/verExp\/120.03\/S\/PC","('0120-S-2003', 1)":null,"('0120-S-2003', 2)":null,"('0120-S-2003', 3)":null,"('0120-S-2003', 4)":null},"Palabra Clave":{"('0120-S-2003', 0)":" ","('0120-S-2003', 1)":null,"('0120-S-2003', 2)":null,"('0120-S-2003', 3)":null,"('0120-S-2003', 4)":null}}