{"Tipo de Proyecto":{"('0121-S-2003', 0)":"COMUNICACION","('0121-S-2003', 1)":null,"('0121-S-2003', 2)":null,"('0121-S-2003', 3)":null,"('0121-S-2003', 4)":null},"Iniciado en: ":{"('0121-S-2003', 0)":"Senado","('0121-S-2003', 1)":null,"('0121-S-2003', 2)":null,"('0121-S-2003', 3)":null,"('0121-S-2003', 4)":null},"Expediente Senado: ":{"('0121-S-2003', 0)":"0121-S-2003","('0121-S-2003', 1)":null,"('0121-S-2003', 2)":null,"('0121-S-2003', 3)":null,"('0121-S-2003', 4)":null},"Publicado en: ":{"('0121-S-2003', 0)":"Diario de Asuntos Entrados N\u00b0 9","('0121-S-2003', 1)":null,"('0121-S-2003', 2)":null,"('0121-S-2003', 3)":null,"('0121-S-2003', 4)":null},"Fecha: ":{"('0121-S-2003', 0)":"10\/03\/2003","('0121-S-2003', 1)":null,"('0121-S-2003', 2)":null,"('0121-S-2003', 3)":null,"('0121-S-2003', 4)":null},"T\u00edtulo":{"('0121-S-2003', 0)":"SOLICITAR AL PODER EJECUTIVO DISPONGA LAS MEDIDAS CONDUCENTES A FIN DE ACTUALIZAR Y DAR A PUBLICIDAD LOS DATOS DEL ULTIMO CENSO POBLACIONAL","('0121-S-2003', 1)":null,"('0121-S-2003', 2)":null,"('0121-S-2003', 3)":null,"('0121-S-2003', 4)":null},"('Firmantes', 'FIRMANTE')":{"('0121-S-2003', 0)":"ISIDORI, AMANDA","('0121-S-2003', 1)":"MAESTRO, CARLOS","('0121-S-2003', 2)":"MORO, EDUARDO ANIBAL","('0121-S-2003', 3)":"LESCANO, MARCELA FABIANA","('0121-S-2003', 4)":"TAFFAREL, RICARDO CESAR"},"('Firmantes', 'DISTRITO')":{"('0121-S-2003', 0)":"RIO NEGRO","('0121-S-2003', 1)":"CHUBUT","('0121-S-2003', 2)":"CHACO","('0121-S-2003', 3)":"FORMOSA","('0121-S-2003', 4)":"ENTRE RIOS"},"('Firmantes', 'BLOQUE')":{"('0121-S-2003', 0)":"UCR","('0121-S-2003', 1)":"UCR","('0121-S-2003', 2)":"UCR","('0121-S-2003', 3)":"UCR","('0121-S-2003', 4)":"UCR"},"Link":{"('0121-S-2003', 0)":"http:\/\/www.senado.gov.ar\/parlamentario\/comisiones\/verExp\/121.03\/S\/PC","('0121-S-2003', 1)":null,"('0121-S-2003', 2)":null,"('0121-S-2003', 3)":null,"('0121-S-2003', 4)":null},"Palabra Clave":{"('0121-S-2003', 0)":" ","('0121-S-2003', 1)":null,"('0121-S-2003', 2)":null,"('0121-S-2003', 3)":null,"('0121-S-2003', 4)":null}}