{"Tipo de Proyecto":{"('0122-PE-2003', 0)":"MENSAJE NRO: 1173\/03","('0122-PE-2003', 1)":null,"('0122-PE-2003', 2)":null},"Iniciado en: ":{"('0122-PE-2003', 0)":"Senado","('0122-PE-2003', 1)":null,"('0122-PE-2003', 2)":null},"Expediente Senado: ":{"('0122-PE-2003', 0)":"0122-PE-2003","('0122-PE-2003', 1)":null,"('0122-PE-2003', 2)":null},"Publicado en: ":{"('0122-PE-2003', 0)":"Diario de Asuntos Entrados N\u00b0 55","('0122-PE-2003', 1)":null,"('0122-PE-2003', 2)":null},"Fecha: ":{"('0122-PE-2003', 0)":"20\/05\/2003","('0122-PE-2003', 1)":null,"('0122-PE-2003', 2)":null},"T\u00edtulo":{"('0122-PE-2003', 0)":"COMUNICACION DEL DICTADO DEL DECRETO 1172\/2003 POR EL QUE SE EXCLUYE A LOS BANCOS BISEL SUQUIA Y DE ENTRE RIOS DE LOS ALCANCES DE LA LEY SOBRE ADMINISTRACION FINANCIERA Y CONTROL DEL SECTOR PUBLICO (LEY 24156)","('0122-PE-2003', 1)":null,"('0122-PE-2003', 2)":null},"('Firmantes', 'FIRMANTE')":{"('0122-PE-2003', 0)":"DUHALDE, EDUARDO ALBERTO","('0122-PE-2003', 1)":"ATANASOF, ALFREDO NESTOR","('0122-PE-2003', 2)":"LAVAGNA, ROBERTO"},"('Firmantes', 'DISTRITO')":{"('0122-PE-2003', 0)":null,"('0122-PE-2003', 1)":null,"('0122-PE-2003', 2)":null},"('Firmantes', 'BLOQUE')":{"('0122-PE-2003', 0)":"PODER EJECUTIVO","('0122-PE-2003', 1)":"PODER EJECUTIVO","('0122-PE-2003', 2)":"PODER EJECUTIVO"},"('Tramites', 'C\u00c1MARA')":{"('0122-PE-2003', 0)":"Senado","('0122-PE-2003', 1)":null,"('0122-PE-2003', 2)":null},"('Tramites', 'MOVIMIENTO')":{"('0122-PE-2003', 0)":"VER TRAMITE EN EXPEDIENTE 3575-S-07","('0122-PE-2003', 1)":null,"('0122-PE-2003', 2)":null},"('Tramites', 'FECHA')":{"('0122-PE-2003', 0)":null,"('0122-PE-2003', 1)":null,"('0122-PE-2003', 2)":null},"('Tramites', 'RESULTADO')":{"('0122-PE-2003', 0)":null,"('0122-PE-2003', 1)":null,"('0122-PE-2003', 2)":null},"Palabra Clave":{"('0122-PE-2003', 0)":" ","('0122-PE-2003', 1)":null,"('0122-PE-2003', 2)":null}}