{"Tipo de Proyecto":{"('0122-S-2003', 0)":"PROYECTO DE RESOLUCI\u00d3N","('0122-S-2003', 1)":null,"('0122-S-2003', 2)":null,"('0122-S-2003', 3)":null,"('0122-S-2003', 4)":null},"Iniciado en: ":{"('0122-S-2003', 0)":"Senado","('0122-S-2003', 1)":null,"('0122-S-2003', 2)":null,"('0122-S-2003', 3)":null,"('0122-S-2003', 4)":null},"Expediente Senado: ":{"('0122-S-2003', 0)":"0122-S-2003","('0122-S-2003', 1)":null,"('0122-S-2003', 2)":null,"('0122-S-2003', 3)":null,"('0122-S-2003', 4)":null},"Publicado en: ":{"('0122-S-2003', 0)":"Diario de Asuntos Entrados N\u00b0 9","('0122-S-2003', 1)":null,"('0122-S-2003', 2)":null,"('0122-S-2003', 3)":null,"('0122-S-2003', 4)":null},"Fecha: ":{"('0122-S-2003', 0)":"10\/03\/2003","('0122-S-2003', 1)":null,"('0122-S-2003', 2)":null,"('0122-S-2003', 3)":null,"('0122-S-2003', 4)":null},"T\u00edtulo":{"('0122-S-2003', 0)":"EXPRESAR PREOCUPACION POR LOS DATOS PUBLICADOS POR EL INDEC REFERENTES A LA DESIGUALDAD DE SUELDO PARA MUJERES RESPECTO DE LOS HOMBRES.","('0122-S-2003', 1)":null,"('0122-S-2003', 2)":null,"('0122-S-2003', 3)":null,"('0122-S-2003', 4)":null},"('Firmantes', 'FIRMANTE')":{"('0122-S-2003', 0)":"ISIDORI, AMANDA","('0122-S-2003', 1)":"MAESTRO, CARLOS","('0122-S-2003', 2)":"MORO, EDUARDO ANIBAL","('0122-S-2003', 3)":"LESCANO, MARCELA FABIANA","('0122-S-2003', 4)":"TAFFAREL, RICARDO CESAR"},"('Firmantes', 'DISTRITO')":{"('0122-S-2003', 0)":"RIO NEGRO","('0122-S-2003', 1)":"CHUBUT","('0122-S-2003', 2)":"CHACO","('0122-S-2003', 3)":"FORMOSA","('0122-S-2003', 4)":"ENTRE RIOS"},"('Firmantes', 'BLOQUE')":{"('0122-S-2003', 0)":"UCR","('0122-S-2003', 1)":"UCR","('0122-S-2003', 2)":"UCR","('0122-S-2003', 3)":"UCR","('0122-S-2003', 4)":"UCR"},"('Tramites', 'C\u00c1MARA')":{"('0122-S-2003', 0)":"Senado","('0122-S-2003', 1)":null,"('0122-S-2003', 2)":null,"('0122-S-2003', 3)":null,"('0122-S-2003', 4)":null},"('Tramites', 'MOVIMIENTO')":{"('0122-S-2003', 0)":"CONSIDERACION Y APROBACION","('0122-S-2003', 1)":null,"('0122-S-2003', 2)":null,"('0122-S-2003', 3)":null,"('0122-S-2003', 4)":null},"('Tramites', 'FECHA')":{"('0122-S-2003', 0)":"01\/10\/2003","('0122-S-2003', 1)":null,"('0122-S-2003', 2)":null,"('0122-S-2003', 3)":null,"('0122-S-2003', 4)":null},"('Tramites', 'RESULTADO')":{"('0122-S-2003', 0)":"APROBADO","('0122-S-2003', 1)":null,"('0122-S-2003', 2)":null,"('0122-S-2003', 3)":null,"('0122-S-2003', 4)":null},"Link":{"('0122-S-2003', 0)":"http:\/\/www.senado.gov.ar\/parlamentario\/comisiones\/verExp\/122.03\/S\/PR","('0122-S-2003', 1)":null,"('0122-S-2003', 2)":null,"('0122-S-2003', 3)":null,"('0122-S-2003', 4)":null},"Palabra Clave":{"('0122-S-2003', 0)":" ","('0122-S-2003', 1)":null,"('0122-S-2003', 2)":null,"('0122-S-2003', 3)":null,"('0122-S-2003', 4)":null}}