{"Tipo de Proyecto":{"('0122-P-2003', 0)":"PROYECTO DE RESOLUCI\u00d3N","('0122-P-2003', 1)":null},"Iniciado en: ":{"('0122-P-2003', 0)":"Senado","('0122-P-2003', 1)":null},"Expediente Senado: ":{"('0122-P-2003', 0)":"0122-P-2003","('0122-P-2003', 1)":null},"Publicado en: ":{"('0122-P-2003', 0)":"Diario de Asuntos Entrados N\u00b0 0","('0122-P-2003', 1)":null},"Fecha: ":{"('0122-P-2003', 0)":"08\/10\/2003","('0122-P-2003', 1)":null},"T\u00edtulo":{"('0122-P-2003', 0)":"RECHAZO DE LA RECUSACION  FORMULADA POR EL DOCTOR GREGORIO BADENI EN SU CARACTER DE LETRADO APODERADO DEL MINISTRO DE LA CORTE SUPREMA DE JUSTICIA DE LA NACION, DOCTOR MOLINE O'CONNOR, CONTRA EL SENADOR JOSE LUIS GIOJA.","('0122-P-2003', 1)":null},"('Firmantes', 'FIRMANTE')":{"('0122-P-2003', 0)":"ASUNTOS CONSTITUCIONALES","('0122-P-2003', 1)":null},"('Firmantes', 'DISTRITO')":{"('0122-P-2003', 0)":null,"('0122-P-2003', 1)":null},"('Firmantes', 'BLOQUE')":{"('0122-P-2003', 0)":null,"('0122-P-2003', 1)":null},"('Tramites', 'C\u00c1MARA')":{"('0122-P-2003', 0)":"Senado","('0122-P-2003', 1)":"Senado"},"('Tramites', 'MOVIMIENTO')":{"('0122-P-2003', 0)":"SOLICITUD DE ABSTENCION DEL SENADOR GIOJA Y LA SENADORA COLOMBO","('0122-P-2003', 1)":"CONSIDERACION Y APROBACION EN SESION EN TRIBUNAL"},"('Tramites', 'FECHA')":{"('0122-P-2003', 0)":"08\/10\/2003","('0122-P-2003', 1)":"08\/10\/2003"},"('Tramites', 'RESULTADO')":{"('0122-P-2003', 0)":null,"('0122-P-2003', 1)":"APROBADO"},"Link":{"('0122-P-2003', 0)":"http:\/\/www.senado.gov.ar\/parlamentario\/comisiones\/verExp\/122.03\/P\/PR","('0122-P-2003', 1)":null},"Palabra Clave":{"('0122-P-2003', 0)":" ","('0122-P-2003', 1)":null}}