{"Tipo de Proyecto":{"('0123-S-2003', 0)":"MENSAJE NRO: 1055\/03 Y PROYECTO DE LEY","('0123-S-2003', 1)":null,"('0123-S-2003', 2)":null},"Iniciado en: ":{"('0123-S-2003', 0)":"Senado","('0123-S-2003', 1)":null,"('0123-S-2003', 2)":null},"Expediente Diputados: ":{"('0123-S-2003', 0)":"0123-S-2003","('0123-S-2003', 1)":null,"('0123-S-2003', 2)":null},"Expediente Senado: ":{"('0123-S-2003', 0)":"0109-PE-2003","('0123-S-2003', 1)":null,"('0123-S-2003', 2)":null},"Publicado en: ":{"('0123-S-2003', 0)":"Diario de Asuntos Entrados N\u00b0 48","('0123-S-2003', 1)":null,"('0123-S-2003', 2)":null},"Fecha: ":{"('0123-S-2003', 0)":"06\/05\/2003","('0123-S-2003', 1)":null,"('0123-S-2003', 2)":null},"T\u00edtulo":{"('0123-S-2003', 0)":"ACUERDO DE COOPERACION ECONOMICA Y COMERCIAL CON LA REPUBLICA DEMOCRATICA POPULAR DE LAOS, SUSCRIPTO EN BANGKOK, REINO DE TAILANDIA, EL 11 DE DICIEMBRE DE 2002. ","('0123-S-2003', 1)":null,"('0123-S-2003', 2)":null},"('Firmantes', 'FIRMANTE')":{"('0123-S-2003', 0)":"DUHALDE, EDUARDO ALBERTO","('0123-S-2003', 1)":"ATANASOF, ALFREDO NESTOR","('0123-S-2003', 2)":"RUCKAUF, CARLOS FEDERICO"},"('Firmantes', 'DISTRITO')":{"('0123-S-2003', 0)":null,"('0123-S-2003', 1)":null,"('0123-S-2003', 2)":null},"('Firmantes', 'BLOQUE')":{"('0123-S-2003', 0)":"PODER EJECUTIVO","('0123-S-2003', 1)":"PODER EJECUTIVO","('0123-S-2003', 2)":"PODER EJECUTIVO"},"('Giros', 'COMISI\u00d3N')":{"('0123-S-2003', 0)":"RELACIONES EXTERIORES Y CULTO","('0123-S-2003', 1)":"ECONOMIA","('0123-S-2003', 2)":"COMERCIO"},"('Tramites', 'C\u00c1MARA')":{"('0123-S-2003', 0)":"Senado","('0123-S-2003', 1)":"Diputados","('0123-S-2003', 2)":"Diputados"},"('Tramites', 'MOVIMIENTO')":{"('0123-S-2003', 0)":"CONSIDERACION Y APROBACION","('0123-S-2003', 1)":"PASA A DIPUTADOS - (TP 114)","('0123-S-2003', 2)":"CONSIDERACION Y SANCION"},"('Tramites', 'FECHA')":{"('0123-S-2003', 0)":"06\/08\/2003","('0123-S-2003', 1)":null,"('0123-S-2003', 2)":"26\/11\/2003"},"('Tramites', 'RESULTADO')":{"('0123-S-2003', 0)":"MEDIA SANCION","('0123-S-2003', 1)":null,"('0123-S-2003', 2)":"SANCIONADO"},"Sumario":{"('0123-S-2003', 0)":"APROBACION,","('0123-S-2003', 1)":null,"('0123-S-2003', 2)":null},"Palabra Clave":{"('0123-S-2003', 0)":" ","('0123-S-2003', 1)":null,"('0123-S-2003', 2)":null}}