{"Tipo de Proyecto":{"('0128-S-2003', 0)":"PROYECTO DE LEY","('0128-S-2003', 1)":null,"('0128-S-2003', 2)":null,"('0128-S-2003', 3)":null,"('0128-S-2003', 4)":null,"('0128-S-2003', 5)":null,"('0128-S-2003', 6)":null,"('0128-S-2003', 7)":null,"('0128-S-2003', 8)":null,"('0128-S-2003', 9)":null,"('0128-S-2003', 10)":null,"('0128-S-2003', 11)":null},"Iniciado en: ":{"('0128-S-2003', 0)":"Senado","('0128-S-2003', 1)":null,"('0128-S-2003', 2)":null,"('0128-S-2003', 3)":null,"('0128-S-2003', 4)":null,"('0128-S-2003', 5)":null,"('0128-S-2003', 6)":null,"('0128-S-2003', 7)":null,"('0128-S-2003', 8)":null,"('0128-S-2003', 9)":null,"('0128-S-2003', 10)":null,"('0128-S-2003', 11)":null},"Expediente Diputados: ":{"('0128-S-2003', 0)":"0128-S-2003","('0128-S-2003', 1)":null,"('0128-S-2003', 2)":null,"('0128-S-2003', 3)":null,"('0128-S-2003', 4)":null,"('0128-S-2003', 5)":null,"('0128-S-2003', 6)":null,"('0128-S-2003', 7)":null,"('0128-S-2003', 8)":null,"('0128-S-2003', 9)":null,"('0128-S-2003', 10)":null,"('0128-S-2003', 11)":null},"Expediente Senado: ":{"('0128-S-2003', 0)":"0928-S-2003","('0128-S-2003', 1)":null,"('0128-S-2003', 2)":null,"('0128-S-2003', 3)":null,"('0128-S-2003', 4)":null,"('0128-S-2003', 5)":null,"('0128-S-2003', 6)":null,"('0128-S-2003', 7)":null,"('0128-S-2003', 8)":null,"('0128-S-2003', 9)":null,"('0128-S-2003', 10)":null,"('0128-S-2003', 11)":null},"Publicado en: ":{"('0128-S-2003', 0)":"Diario de Asuntos Entrados N\u00b0 60","('0128-S-2003', 1)":null,"('0128-S-2003', 2)":null,"('0128-S-2003', 3)":null,"('0128-S-2003', 4)":null,"('0128-S-2003', 5)":null,"('0128-S-2003', 6)":null,"('0128-S-2003', 7)":null,"('0128-S-2003', 8)":null,"('0128-S-2003', 9)":null,"('0128-S-2003', 10)":null,"('0128-S-2003', 11)":null},"Fecha: ":{"('0128-S-2003', 0)":"26\/05\/2003","('0128-S-2003', 1)":null,"('0128-S-2003', 2)":null,"('0128-S-2003', 3)":null,"('0128-S-2003', 4)":null,"('0128-S-2003', 5)":null,"('0128-S-2003', 6)":null,"('0128-S-2003', 7)":null,"('0128-S-2003', 8)":null,"('0128-S-2003', 9)":null,"('0128-S-2003', 10)":null,"('0128-S-2003', 11)":null},"T\u00edtulo":{"('0128-S-2003', 0)":"DECLARAR BIEN DE INTERES HISTORICO - ARTISTICO NACIONAL EL MURAL \" EJERCICIO PLASTICO\" DE DAVID ALFARO SIQUEIROS.","('0128-S-2003', 1)":null,"('0128-S-2003', 2)":null,"('0128-S-2003', 3)":null,"('0128-S-2003', 4)":null,"('0128-S-2003', 5)":null,"('0128-S-2003', 6)":null,"('0128-S-2003', 7)":null,"('0128-S-2003', 8)":null,"('0128-S-2003', 9)":null,"('0128-S-2003', 10)":null,"('0128-S-2003', 11)":null},"('Firmantes', 'FIRMANTE')":{"('0128-S-2003', 0)":"MORO, EDUARDO ANIBAL","('0128-S-2003', 1)":"MAESTRO, CARLOS","('0128-S-2003', 2)":"MARTI, RUBEN","('0128-S-2003', 3)":"SAPAG, LUZ MARIA","('0128-S-2003', 4)":"LOSADA, MARIO A.","('0128-S-2003', 5)":"CURLETTI, MIRIAM BELEN","('0128-S-2003', 6)":"PERCEVAL, MARIA CRISTINA","('0128-S-2003', 7)":"ISIDORI, AMANDA","('0128-S-2003', 8)":"NEGRE DE ALONSO, LILIANA T.","('0128-S-2003', 9)":"CASTRO, MARIA ELISA","('0128-S-2003', 10)":"BAR, GRACIELA YOLANDA","('0128-S-2003', 11)":"GOMEZ DE BERTONE, DEOLIDE CARMEN"},"('Firmantes', 'DISTRITO')":{"('0128-S-2003', 0)":"CHACO","('0128-S-2003', 1)":"CHUBUT","('0128-S-2003', 2)":"CORDOBA","('0128-S-2003', 3)":"NEUQUEN","('0128-S-2003', 4)":"MISIONES","('0128-S-2003', 5)":"CHACO","('0128-S-2003', 6)":"MENDOZA","('0128-S-2003', 7)":"RIO NEGRO","('0128-S-2003', 8)":"SAN LUIS","('0128-S-2003', 9)":"SANTIAGO DEL ESTERO","('0128-S-2003', 10)":"ENTRE RIOS","('0128-S-2003', 11)":"LA PAMPA"},"('Firmantes', 'BLOQUE')":{"('0128-S-2003', 0)":"UCR","('0128-S-2003', 1)":"UCR","('0128-S-2003', 2)":"UCR","('0128-S-2003', 3)":"MOV POP NEUQUINO","('0128-S-2003', 4)":"UCR","('0128-S-2003', 5)":"UCR","('0128-S-2003', 6)":"JUSTICIALISTA","('0128-S-2003', 7)":"UCR","('0128-S-2003', 8)":"JUSTICIALISTA","('0128-S-2003', 9)":"JUSTICIALISTA","('0128-S-2003', 10)":"JUSTICIALISTA","('0128-S-2003', 11)":"JUSTICIALISTA"},"('Giros', 'COMISI\u00d3N')":{"('0128-S-2003', 0)":"CULTURA","('0128-S-2003', 1)":"PRESUPUESTO Y HACIENDA","('0128-S-2003', 2)":null,"('0128-S-2003', 3)":null,"('0128-S-2003', 4)":null,"('0128-S-2003', 5)":null,"('0128-S-2003', 6)":null,"('0128-S-2003', 7)":null,"('0128-S-2003', 8)":null,"('0128-S-2003', 9)":null,"('0128-S-2003', 10)":null,"('0128-S-2003', 11)":null},"('Tramites', 'C\u00c1MARA')":{"('0128-S-2003', 0)":"Senado","('0128-S-2003', 1)":"Senado","('0128-S-2003', 2)":"Diputados","('0128-S-2003', 3)":null,"('0128-S-2003', 4)":null,"('0128-S-2003', 5)":null,"('0128-S-2003', 6)":null,"('0128-S-2003', 7)":null,"('0128-S-2003', 8)":null,"('0128-S-2003', 9)":null,"('0128-S-2003', 10)":null,"('0128-S-2003', 11)":null},"('Tramites', 'MOVIMIENTO')":{"('0128-S-2003', 0)":"MOCION DE PREFERENCIA PARA LA PROXIMA SESION (AFIRMATIVA)","('0128-S-2003', 1)":"CONSIDERACION Y APROBACION","('0128-S-2003', 2)":"PASA A DIPUTADOS - (TP 114)","('0128-S-2003', 3)":null,"('0128-S-2003', 4)":null,"('0128-S-2003', 5)":null,"('0128-S-2003', 6)":null,"('0128-S-2003', 7)":null,"('0128-S-2003', 8)":null,"('0128-S-2003', 9)":null,"('0128-S-2003', 10)":null,"('0128-S-2003', 11)":null},"('Tramites', 'FECHA')":{"('0128-S-2003', 0)":"23\/07\/2003","('0128-S-2003', 1)":"06\/08\/2003","('0128-S-2003', 2)":null,"('0128-S-2003', 3)":null,"('0128-S-2003', 4)":null,"('0128-S-2003', 5)":null,"('0128-S-2003', 6)":null,"('0128-S-2003', 7)":null,"('0128-S-2003', 8)":null,"('0128-S-2003', 9)":null,"('0128-S-2003', 10)":null,"('0128-S-2003', 11)":null},"('Tramites', 'RESULTADO')":{"('0128-S-2003', 0)":null,"('0128-S-2003', 1)":"MEDIA SANCION","('0128-S-2003', 2)":null,"('0128-S-2003', 3)":null,"('0128-S-2003', 4)":null,"('0128-S-2003', 5)":null,"('0128-S-2003', 6)":null,"('0128-S-2003', 7)":null,"('0128-S-2003', 8)":null,"('0128-S-2003', 9)":null,"('0128-S-2003', 10)":null,"('0128-S-2003', 11)":null},"Sumario":{"('0128-S-2003', 0)":"REGISTRARLO COMO BIEN CULTURAL DE LA NACION, CONFORME LO DISPONE LA LEY 25197 (REGIMEN DEL REGISTRO DEL PATRIMONIO CULTURAL).","('0128-S-2003', 1)":null,"('0128-S-2003', 2)":null,"('0128-S-2003', 3)":null,"('0128-S-2003', 4)":null,"('0128-S-2003', 5)":null,"('0128-S-2003', 6)":null,"('0128-S-2003', 7)":null,"('0128-S-2003', 8)":null,"('0128-S-2003', 9)":null,"('0128-S-2003', 10)":null,"('0128-S-2003', 11)":null},"Palabra Clave":{"('0128-S-2003', 0)":" ","('0128-S-2003', 1)":null,"('0128-S-2003', 2)":null,"('0128-S-2003', 3)":null,"('0128-S-2003', 4)":null,"('0128-S-2003', 5)":null,"('0128-S-2003', 6)":null,"('0128-S-2003', 7)":null,"('0128-S-2003', 8)":null,"('0128-S-2003', 9)":null,"('0128-S-2003', 10)":null,"('0128-S-2003', 11)":null}}