{"Tipo de Proyecto":{"('0131-S-2003', 0)":"MENSAJE NRO: 0313\/03 Y PROYECTO DE LEY","('0131-S-2003', 1)":null,"('0131-S-2003', 2)":null,"('0131-S-2003', 3)":null,"('0131-S-2003', 4)":null,"('0131-S-2003', 5)":null},"Iniciado en: ":{"('0131-S-2003', 0)":"Senado","('0131-S-2003', 1)":null,"('0131-S-2003', 2)":null,"('0131-S-2003', 3)":null,"('0131-S-2003', 4)":null,"('0131-S-2003', 5)":null},"Expediente Diputados: ":{"('0131-S-2003', 0)":"0131-S-2003","('0131-S-2003', 1)":null,"('0131-S-2003', 2)":null,"('0131-S-2003', 3)":null,"('0131-S-2003', 4)":null,"('0131-S-2003', 5)":null},"Expediente Senado: ":{"('0131-S-2003', 0)":"0207-PE-2003","('0131-S-2003', 1)":null,"('0131-S-2003', 2)":null,"('0131-S-2003', 3)":null,"('0131-S-2003', 4)":null,"('0131-S-2003', 5)":null},"Publicado en: ":{"('0131-S-2003', 0)":"Diario de Asuntos Entrados N\u00b0 90","('0131-S-2003', 1)":null,"('0131-S-2003', 2)":null,"('0131-S-2003', 3)":null,"('0131-S-2003', 4)":null,"('0131-S-2003', 5)":null},"Fecha: ":{"('0131-S-2003', 0)":"16\/07\/2003","('0131-S-2003', 1)":null,"('0131-S-2003', 2)":null,"('0131-S-2003', 3)":null,"('0131-S-2003', 4)":null,"('0131-S-2003', 5)":null},"T\u00edtulo":{"('0131-S-2003', 0)":"EXTENSION HASTA AL 31\/12\/2004 DEL PLAZO PARA LLEVAR A CABO LA RENEGOCIACION DE LOS CONTRATOS DE OBRAS Y SERVICIOS PUBLICOS DISPUESTO POR EL ARTICULO 9 DE LA LEY 25561.","('0131-S-2003', 1)":null,"('0131-S-2003', 2)":null,"('0131-S-2003', 3)":null,"('0131-S-2003', 4)":null,"('0131-S-2003', 5)":null},"('Firmantes', 'FIRMANTE')":{"('0131-S-2003', 0)":"KIRCHNER, NESTOR CARLOS","('0131-S-2003', 1)":"FERNANDEZ, ALBERTO","('0131-S-2003', 2)":"LAVAGNA, ROBERTO","('0131-S-2003', 3)":"DE VIDO, JULIO","('0131-S-2003', 4)":null,"('0131-S-2003', 5)":null},"('Firmantes', 'DISTRITO')":{"('0131-S-2003', 0)":null,"('0131-S-2003', 1)":null,"('0131-S-2003', 2)":null,"('0131-S-2003', 3)":null,"('0131-S-2003', 4)":null,"('0131-S-2003', 5)":null},"('Firmantes', 'BLOQUE')":{"('0131-S-2003', 0)":"PODER EJECUTIVO","('0131-S-2003', 1)":"PODER EJECUTIVO","('0131-S-2003', 2)":"PODER EJECUTIVO","('0131-S-2003', 3)":"PODER EJECUTIVO","('0131-S-2003', 4)":null,"('0131-S-2003', 5)":null},"('Giros', 'COMISI\u00d3N')":{"('0131-S-2003', 0)":"PRESUPUESTO Y HACIENDA","('0131-S-2003', 1)":"OBRAS PUBLICAS","('0131-S-2003', 2)":"DEFENSA DEL CONSUMIDOR","('0131-S-2003', 3)":null,"('0131-S-2003', 4)":null,"('0131-S-2003', 5)":null},"('Tramites', 'C\u00c1MARA')":{"('0131-S-2003', 0)":"Senado","('0131-S-2003', 1)":"Senado","('0131-S-2003', 2)":"Diputados","('0131-S-2003', 3)":"Diputados","('0131-S-2003', 4)":"Diputados","('0131-S-2003', 5)":"Diputados"},"('Tramites', 'MOVIMIENTO')":{"('0131-S-2003', 0)":"CONSIDERACION Y APROBACION (DICTAMEN DE MAYORIA)","('0131-S-2003', 1)":"INSERCIONES","('0131-S-2003', 2)":"PASA A DIPUTADOS - (TP 119)","('0131-S-2003', 3)":"MOCION SOBRE TABLAS (AFIRMATIVA) (VOTACION NOMINAL)","('0131-S-2003', 4)":"CONSIDERACION Y SANCION","('0131-S-2003', 5)":"INSERCION DE LA DIPUTADA CHAYA"},"('Tramites', 'FECHA')":{"('0131-S-2003', 0)":"20\/08\/2003","('0131-S-2003', 1)":"20\/08\/2003","('0131-S-2003', 2)":null,"('0131-S-2003', 3)":"01\/10\/2003","('0131-S-2003', 4)":"01\/10\/2003","('0131-S-2003', 5)":"01\/10\/2003"},"('Tramites', 'RESULTADO')":{"('0131-S-2003', 0)":"MEDIA SANCION","('0131-S-2003', 1)":null,"('0131-S-2003', 2)":null,"('0131-S-2003', 3)":null,"('0131-S-2003', 4)":"SANCIONADO","('0131-S-2003', 5)":null},"Sumario":{"('0131-S-2003', 0)":"DECISIONES DEL PODER EJECUTIVO; FACULTADES DE LOS ENTES REGULADORES; ACUERDOS DE RENEGOCIACION: ALCANCES; REMISION DE LAS PROPUESTAS DE LOS ACUERDOS AL CONGRESO NACIONAL, EL CUAL DEBERA EXPEDIRSE DENTRO DEL PLAZO DE 60 DIAS.","('0131-S-2003', 1)":null,"('0131-S-2003', 2)":null,"('0131-S-2003', 3)":null,"('0131-S-2003', 4)":null,"('0131-S-2003', 5)":null},"Palabra Clave":{"('0131-S-2003', 0)":" ","('0131-S-2003', 1)":null,"('0131-S-2003', 2)":null,"('0131-S-2003', 3)":null,"('0131-S-2003', 4)":null,"('0131-S-2003', 5)":null}}