{"Tipo de Proyecto":{"('0134-P-2003', 0)":"PROYECTO DE RESOLUCI\u00d3N"},"Iniciado en: ":{"('0134-P-2003', 0)":"Senado"},"Expediente Senado: ":{"('0134-P-2003', 0)":"0134-P-2003"},"Publicado en: ":{"('0134-P-2003', 0)":"Diario de Asuntos Entrados N\u00b0 0"},"Fecha: ":{"('0134-P-2003', 0)":"05\/11\/2003"},"T\u00edtulo":{"('0134-P-2003', 0)":"NO SE HACE LUGAR A LA SUSTITUCION DE TESTIGOS SOLICITADA POR LA DEFENSA DEL DOCTOR EDUARDO MOLINE O'CONNOR,\n"},"('Firmantes', 'FIRMANTE')":{"('0134-P-2003', 0)":"ASUNTOS CONSTITUCIONALES"},"('Firmantes', 'DISTRITO')":{"('0134-P-2003', 0)":null},"('Firmantes', 'BLOQUE')":{"('0134-P-2003', 0)":null},"('Tramites', 'C\u00c1MARA')":{"('0134-P-2003', 0)":"Senado"},"('Tramites', 'MOVIMIENTO')":{"('0134-P-2003', 0)":"CONSIDERACION Y APROBACION EN SESION EN TRIBUNAL"},"('Tramites', 'FECHA')":{"('0134-P-2003', 0)":"05\/11\/2003"},"('Tramites', 'RESULTADO')":{"('0134-P-2003', 0)":"APROBADO"},"Sumario":{"('0134-P-2003', 0)":"SE TIENE POR DESISTIDO A LA ACUSADORA DE DIVERSOS TESTIGOS (0075-CD-03), SE RECHAZA LA REVOCATORIA DE LA DEFENSA RESPECTO DE LA APERTURA A PRUEBA; NO SE HACE LUGAR A LA REPOSICION DE LA DEFENSA RESPECTO DE LA SUSPENSION DE AUDIENCIAS (0137-P-03); NO SE HACE LUGAR A LA NULIDAD DEDUCIDA RESPECTO DE LA AUDIENCIA DEL DIA 04\/11\/2003; SE TIENE PRESENTE LA RESERVA FORMULADA POR LA DEFENSA DEL CASO FEDERAL Y DE ACUDIR A LA COMISION INTERAMERICANA DE DERECHOS HUMANOS Y A LA CORTE INTERAMERICANA DE DERECHOS HUMANOS."},"Palabra Clave":{"('0134-P-2003', 0)":" "}}