{"Tipo de Proyecto":{"('0136-S-2003', 0)":"PROYECTO DE DECLARACI\u00d3N","('0136-S-2003', 1)":null,"('0136-S-2003', 2)":null},"Iniciado en: ":{"('0136-S-2003', 0)":"Senado","('0136-S-2003', 1)":null,"('0136-S-2003', 2)":null},"Expediente Senado: ":{"('0136-S-2003', 0)":"0136-S-2003","('0136-S-2003', 1)":null,"('0136-S-2003', 2)":null},"Publicado en: ":{"('0136-S-2003', 0)":"Diario de Asuntos Entrados N\u00b0 10","('0136-S-2003', 1)":null,"('0136-S-2003', 2)":null},"Fecha: ":{"('0136-S-2003', 0)":"12\/03\/2003","('0136-S-2003', 1)":null,"('0136-S-2003', 2)":null},"T\u00edtulo":{"('0136-S-2003', 0)":"EXPRESAR PREOCUPACION POR LA VIOLACION DE LA SOBERANIA DEL MAR ARGENTINO QUE REALIZAN BUQUES PESQUEROS EXTRANJEROS PARA SUSTRAER CALAMAR.","('0136-S-2003', 1)":null,"('0136-S-2003', 2)":null},"('Firmantes', 'FIRMANTE')":{"('0136-S-2003', 0)":"FALCO, LUIS ALBERTO","('0136-S-2003', 1)":null,"('0136-S-2003', 2)":null},"('Firmantes', 'DISTRITO')":{"('0136-S-2003', 0)":"RIO NEGRO","('0136-S-2003', 1)":null,"('0136-S-2003', 2)":null},"('Firmantes', 'BLOQUE')":{"('0136-S-2003', 0)":"UCR","('0136-S-2003', 1)":null,"('0136-S-2003', 2)":null},"('Tramites', 'C\u00c1MARA')":{"('0136-S-2003', 0)":"Senado","('0136-S-2003', 1)":"Senado","('0136-S-2003', 2)":"Senado"},"('Tramites', 'MOVIMIENTO')":{"('0136-S-2003', 0)":"CONSIDERACION Y APROBACION","('0136-S-2003', 1)":"CONTESTACION DEL PODER EJECUTIVO NACIONAL - GIRADO A LA COMISION RESPECTIVA","('0136-S-2003', 2)":"CONTESTACION DEL PODER EJECUTIVO NACIONAL - GIRADO A LA COMISION RESPECTIVA"},"('Tramites', 'FECHA')":{"('0136-S-2003', 0)":"23\/07\/2003","('0136-S-2003', 1)":null,"('0136-S-2003', 2)":null},"('Tramites', 'RESULTADO')":{"('0136-S-2003', 0)":"APROBADO","('0136-S-2003', 1)":null,"('0136-S-2003', 2)":null},"Link":{"('0136-S-2003', 0)":"http:\/\/www.senado.gov.ar\/parlamentario\/comisiones\/verExp\/136.03\/S\/PD","('0136-S-2003', 1)":null,"('0136-S-2003', 2)":null},"Palabra Clave":{"('0136-S-2003', 0)":" ","('0136-S-2003', 1)":null,"('0136-S-2003', 2)":null}}