{"Tipo de Proyecto":{"('0137-S-2003', 0)":"PROYECTO DE RESOLUCI\u00d3N","('0137-S-2003', 1)":null,"('0137-S-2003', 2)":null,"('0137-S-2003', 3)":null,"('0137-S-2003', 4)":null,"('0137-S-2003', 5)":null,"('0137-S-2003', 6)":null},"Iniciado en: ":{"('0137-S-2003', 0)":"Senado","('0137-S-2003', 1)":null,"('0137-S-2003', 2)":null,"('0137-S-2003', 3)":null,"('0137-S-2003', 4)":null,"('0137-S-2003', 5)":null,"('0137-S-2003', 6)":null},"Expediente Diputados: ":{"('0137-S-2003', 0)":"0137-S-2003","('0137-S-2003', 1)":null,"('0137-S-2003', 2)":null,"('0137-S-2003', 3)":null,"('0137-S-2003', 4)":null,"('0137-S-2003', 5)":null,"('0137-S-2003', 6)":null},"Expediente Senado: ":{"('0137-S-2003', 0)":"0368-OV-2001","('0137-S-2003', 1)":null,"('0137-S-2003', 2)":null,"('0137-S-2003', 3)":null,"('0137-S-2003', 4)":null,"('0137-S-2003', 5)":null,"('0137-S-2003', 6)":null},"Fecha: ":{"('0137-S-2003', 0)":"02\/09\/2003","('0137-S-2003', 1)":null,"('0137-S-2003', 2)":null,"('0137-S-2003', 3)":null,"('0137-S-2003', 4)":null,"('0137-S-2003', 5)":null,"('0137-S-2003', 6)":null},"T\u00edtulo":{"('0137-S-2003', 0)":"PEDIDO DE INFORMES AL PODER EJECUTIVO SOBRE RESOLUCION REMITIDA POR LA AUDITORIA GENERAL DE LA NACION SOBRE LA APLICACION DE LOS FONDOS NACIONALES POR TRANSFERENCIAS REALIZADAS A LA PROVINCIA DE TUCUMAN CORRESPONDIENTES A LOS PROGRAMAS MATERNO INFANTIL, PROGRAMA DE PROMOCION SOCIAL NUTRICIONAL (PROSONU), POLITICAS SOCIALES COMUNITARIAS (POSOCO), SERVICIOS DE EDUCACION: PROGRAMAS 33 Y 37, Y FONDO NACIONAL DE LA VIVIENDA (FONAVI).","('0137-S-2003', 1)":null,"('0137-S-2003', 2)":null,"('0137-S-2003', 3)":null,"('0137-S-2003', 4)":null,"('0137-S-2003', 5)":null,"('0137-S-2003', 6)":null},"('Firmantes', 'FIRMANTE')":{"('0137-S-2003', 0)":"PARLAMENTARIA MIXTA REVISORA DE CUENTAS","('0137-S-2003', 1)":null,"('0137-S-2003', 2)":null,"('0137-S-2003', 3)":null,"('0137-S-2003', 4)":null,"('0137-S-2003', 5)":null,"('0137-S-2003', 6)":null},"('Firmantes', 'DISTRITO')":{"('0137-S-2003', 0)":null,"('0137-S-2003', 1)":null,"('0137-S-2003', 2)":null,"('0137-S-2003', 3)":null,"('0137-S-2003', 4)":null,"('0137-S-2003', 5)":null,"('0137-S-2003', 6)":null},"('Firmantes', 'BLOQUE')":{"('0137-S-2003', 0)":null,"('0137-S-2003', 1)":null,"('0137-S-2003', 2)":null,"('0137-S-2003', 3)":null,"('0137-S-2003', 4)":null,"('0137-S-2003', 5)":null,"('0137-S-2003', 6)":null},"('Giros', 'COMISI\u00d3N')":{"('0137-S-2003', 0)":"PARLAMENTARIA MIXTA REVISORA DE CUENTAS","('0137-S-2003', 1)":null,"('0137-S-2003', 2)":null,"('0137-S-2003', 3)":null,"('0137-S-2003', 4)":null,"('0137-S-2003', 5)":null,"('0137-S-2003', 6)":null},"('Tramites', 'C\u00c1MARA')":{"('0137-S-2003', 0)":"Senado","('0137-S-2003', 1)":"Diputados","('0137-S-2003', 2)":"Diputados","('0137-S-2003', 3)":"Diputados","('0137-S-2003', 4)":"Diputados","('0137-S-2003', 5)":"Diputados","('0137-S-2003', 6)":"Diputados"},"('Tramites', 'MOVIMIENTO')":{"('0137-S-2003', 0)":"CONSIDERACION Y APROBACION","('0137-S-2003', 1)":"PASA A DIPUTADOS -","('0137-S-2003', 2)":"CONSIDERACION Y APROBACION","('0137-S-2003', 3)":"CONTESTACION DEL PODER EJECUTIVO NACIONAL - JEFE DE GABINETE DE MINISTROS - GIRADO A LA COMISION RESPECTIVA","('0137-S-2003', 4)":"CONTESTACION DEL PODER EJECUTIVO NACIONAL - JEFE DE GABINETE DE MINISTROS - GIRADO A LA COMISION RESPECTIVA","('0137-S-2003', 5)":"CONTESTACION DEL PODER EJECUTIVO NACIONAL - JEFE DE GABINETE DE MINISTROS - GIRADO A LA COMISION RESPECTIVA","('0137-S-2003', 6)":"CONTESTACION DEL PODER EJECUTIVO NACIONAL - JEFE DE GABINETE DE MINISTROS - GIRADO A LA COMISION RESPECTIVA"},"('Tramites', 'FECHA')":{"('0137-S-2003', 0)":"17\/09\/2003","('0137-S-2003', 1)":null,"('0137-S-2003', 2)":"12\/11\/2003","('0137-S-2003', 3)":"16\/06\/2004","('0137-S-2003', 4)":"09\/02\/2005","('0137-S-2003', 5)":"14\/12\/2005","('0137-S-2003', 6)":"22\/02\/2006"},"('Tramites', 'RESULTADO')":{"('0137-S-2003', 0)":"APROBADO","('0137-S-2003', 1)":null,"('0137-S-2003', 2)":"APROBADO","('0137-S-2003', 3)":null,"('0137-S-2003', 4)":null,"('0137-S-2003', 5)":null,"('0137-S-2003', 6)":null},"Link":{"('0137-S-2003', 0)":"http:\/\/www.senado.gov.ar\/parlamentario\/comisiones\/verExp\/368.01\/OV\/PR","('0137-S-2003', 1)":null,"('0137-S-2003', 2)":null,"('0137-S-2003', 3)":null,"('0137-S-2003', 4)":null,"('0137-S-2003', 5)":null,"('0137-S-2003', 6)":null},"Palabra Clave":{"('0137-S-2003', 0)":" ","('0137-S-2003', 1)":null,"('0137-S-2003', 2)":null,"('0137-S-2003', 3)":null,"('0137-S-2003', 4)":null,"('0137-S-2003', 5)":null,"('0137-S-2003', 6)":null}}