{"Tipo de Proyecto":{"('0138-S-2003', 0)":"PROYECTO DE RESOLUCI\u00d3N","('0138-S-2003', 1)":null,"('0138-S-2003', 2)":null,"('0138-S-2003', 3)":null},"Iniciado en: ":{"('0138-S-2003', 0)":"Senado","('0138-S-2003', 1)":null,"('0138-S-2003', 2)":null,"('0138-S-2003', 3)":null},"Expediente Diputados: ":{"('0138-S-2003', 0)":"0138-S-2003","('0138-S-2003', 1)":null,"('0138-S-2003', 2)":null,"('0138-S-2003', 3)":null},"Expediente Senado: ":{"('0138-S-2003', 0)":"0693-OV-2001","('0138-S-2003', 1)":null,"('0138-S-2003', 2)":null,"('0138-S-2003', 3)":null},"Fecha: ":{"('0138-S-2003', 0)":"28\/12\/2001","('0138-S-2003', 1)":null,"('0138-S-2003', 2)":null,"('0138-S-2003', 3)":null},"T\u00edtulo":{"('0138-S-2003', 0)":"PEDIDO DE INFORMES A LA UNIVERSIDAD NACIONAL DE LA RIOJA SOBRE EVALUACION DEL INGRESO Y LA APLICACION DE LOS FONDOS TRANSFERIDOS POR EL MINISTERIO DE CULTURA Y EDUCACION, SU EJECUCION PRESUPUESTARIA, LAS ACTIVIDADES DE CONTROL DE LOS SISTEMAS INVOLUCRADOS Y ANALISIS DE LA SITUACION LEGAL CON ENTES Y ORGANIZACIONES EN EL AMBITO DE DICHA UNIVERSIDAD.","('0138-S-2003', 1)":null,"('0138-S-2003', 2)":null,"('0138-S-2003', 3)":null},"('Firmantes', 'FIRMANTE')":{"('0138-S-2003', 0)":"PARLAMENTARIA MIXTA REVISORA DE CUENTAS","('0138-S-2003', 1)":null,"('0138-S-2003', 2)":null,"('0138-S-2003', 3)":null},"('Firmantes', 'DISTRITO')":{"('0138-S-2003', 0)":null,"('0138-S-2003', 1)":null,"('0138-S-2003', 2)":null,"('0138-S-2003', 3)":null},"('Firmantes', 'BLOQUE')":{"('0138-S-2003', 0)":null,"('0138-S-2003', 1)":null,"('0138-S-2003', 2)":null,"('0138-S-2003', 3)":null},"('Giros', 'COMISI\u00d3N')":{"('0138-S-2003', 0)":"PARLAMENTARIA MIXTA REVISORA DE CUENTAS","('0138-S-2003', 1)":null,"('0138-S-2003', 2)":null,"('0138-S-2003', 3)":null},"('Tramites', 'C\u00c1MARA')":{"('0138-S-2003', 0)":"Senado","('0138-S-2003', 1)":"Diputados","('0138-S-2003', 2)":"Diputados","('0138-S-2003', 3)":"Diputados"},"('Tramites', 'MOVIMIENTO')":{"('0138-S-2003', 0)":"CONSIDERACION Y APROBACION","('0138-S-2003', 1)":"PASA A DIPUTADOS -","('0138-S-2003', 2)":"CONSIDERACION Y APROBACION","('0138-S-2003', 3)":"CONTESTACION DEL PODER EJECUTIVO NACIONAL - JEFE DE GABINETE DE MINISTROS - GIRADO A LA COMISION RESPECTIVA"},"('Tramites', 'FECHA')":{"('0138-S-2003', 0)":"17\/09\/2003","('0138-S-2003', 1)":null,"('0138-S-2003', 2)":"12\/11\/2003","('0138-S-2003', 3)":"07\/07\/2004"},"('Tramites', 'RESULTADO')":{"('0138-S-2003', 0)":"APROBADO","('0138-S-2003', 1)":null,"('0138-S-2003', 2)":"APROBADO","('0138-S-2003', 3)":null},"Link":{"('0138-S-2003', 0)":"http:\/\/www.senado.gov.ar\/parlamentario\/comisiones\/verExp\/693.01\/OV\/PR","('0138-S-2003', 1)":null,"('0138-S-2003', 2)":null,"('0138-S-2003', 3)":null},"Palabra Clave":{"('0138-S-2003', 0)":" ","('0138-S-2003', 1)":null,"('0138-S-2003', 2)":null,"('0138-S-2003', 3)":null}}