{"Tipo de Proyecto":{"('0139-S-2003', 0)":"COMUNICACION","('0139-S-2003', 1)":null,"('0139-S-2003', 2)":null},"Iniciado en: ":{"('0139-S-2003', 0)":"Senado","('0139-S-2003', 1)":null,"('0139-S-2003', 2)":null},"Expediente Senado: ":{"('0139-S-2003', 0)":"0139-S-2003","('0139-S-2003', 1)":null,"('0139-S-2003', 2)":null},"Publicado en: ":{"('0139-S-2003', 0)":"Diario de Asuntos Entrados N\u00b0 10","('0139-S-2003', 1)":null,"('0139-S-2003', 2)":null},"Fecha: ":{"('0139-S-2003', 0)":"12\/03\/2003","('0139-S-2003', 1)":null,"('0139-S-2003', 2)":null},"T\u00edtulo":{"('0139-S-2003', 0)":"SOLICITAR AL PODER EJECUTIVO INSTRUYA AL MINISTERIO DE LA PRODUCCION Y AL JURADO PARA LA SELECCION DE LOS INTEGRANTES DEL TRIBUNAL NACIONAL DE DEFENSA DE LA COMPETENCIA.","('0139-S-2003', 1)":null,"('0139-S-2003', 2)":null},"('Firmantes', 'FIRMANTE')":{"('0139-S-2003', 0)":"GUINLE, MARCELO ALEJANDRO","('0139-S-2003', 1)":null,"('0139-S-2003', 2)":null},"('Firmantes', 'DISTRITO')":{"('0139-S-2003', 0)":"CHUBUT","('0139-S-2003', 1)":null,"('0139-S-2003', 2)":null},"('Firmantes', 'BLOQUE')":{"('0139-S-2003', 0)":"JUSTICIALISTA","('0139-S-2003', 1)":null,"('0139-S-2003', 2)":null},"('Tramites', 'C\u00c1MARA')":{"('0139-S-2003', 0)":"Senado","('0139-S-2003', 1)":"Senado","('0139-S-2003', 2)":"Senado"},"('Tramites', 'MOVIMIENTO')":{"('0139-S-2003', 0)":"SE SUPRIME EL GIRO A LA COMISION DE DERECHOS Y GARANTIAS; GIRO A LA COMISION DE INDUSTRIA Y COMERCIO (AFIRMATIVA)","('0139-S-2003', 1)":"CONSIDERACION Y APROBACION","('0139-S-2003', 2)":"CONTESTACION DEL PODER EJECUTIVO NACIONAL - GIRADO A LA COMISION RESPECTIVA"},"('Tramites', 'FECHA')":{"('0139-S-2003', 0)":"07\/05\/2003","('0139-S-2003', 1)":"01\/10\/2003","('0139-S-2003', 2)":null},"('Tramites', 'RESULTADO')":{"('0139-S-2003', 0)":null,"('0139-S-2003', 1)":"APROBADO","('0139-S-2003', 2)":null},"Link":{"('0139-S-2003', 0)":"http:\/\/www.senado.gov.ar\/parlamentario\/comisiones\/verExp\/139.03\/S\/PC","('0139-S-2003', 1)":null,"('0139-S-2003', 2)":null},"Palabra Clave":{"('0139-S-2003', 0)":" ","('0139-S-2003', 1)":null,"('0139-S-2003', 2)":null}}