{"Tipo de Proyecto":{"('0142-S-2003', 0)":"PROYECTO DE LEY","('0142-S-2003', 1)":null,"('0142-S-2003', 2)":null,"('0142-S-2003', 3)":null,"('0142-S-2003', 4)":null,"('0142-S-2003', 5)":null},"Iniciado en: ":{"('0142-S-2003', 0)":"Senado","('0142-S-2003', 1)":null,"('0142-S-2003', 2)":null,"('0142-S-2003', 3)":null,"('0142-S-2003', 4)":null,"('0142-S-2003', 5)":null},"Expediente Senado: ":{"('0142-S-2003', 0)":"0142-S-2003","('0142-S-2003', 1)":null,"('0142-S-2003', 2)":null,"('0142-S-2003', 3)":null,"('0142-S-2003', 4)":null,"('0142-S-2003', 5)":null},"Publicado en: ":{"('0142-S-2003', 0)":"Diario de Asuntos Entrados N\u00b0 10","('0142-S-2003', 1)":null,"('0142-S-2003', 2)":null,"('0142-S-2003', 3)":null,"('0142-S-2003', 4)":null,"('0142-S-2003', 5)":null},"Fecha: ":{"('0142-S-2003', 0)":"12\/03\/2003","('0142-S-2003', 1)":null,"('0142-S-2003', 2)":null,"('0142-S-2003', 3)":null,"('0142-S-2003', 4)":null,"('0142-S-2003', 5)":null},"T\u00edtulo":{"('0142-S-2003', 0)":"MODIFICACION DEL INCISO A) DEL ARTICULO 35 DE LA LEY 24065 DE GENERACION, TRANSPORTE Y DISTRIBUCION DE ELECTRICIDAD, SOBRE EJECUCION DE CONTRATOS.","('0142-S-2003', 1)":null,"('0142-S-2003', 2)":null,"('0142-S-2003', 3)":null,"('0142-S-2003', 4)":null,"('0142-S-2003', 5)":null},"('Firmantes', 'FIRMANTE')":{"('0142-S-2003', 0)":"CURLETTI, MIRIAM BELEN","('0142-S-2003', 1)":"MORO, EDUARDO ANIBAL","('0142-S-2003', 2)":"PAZ, ELVA AZUCENA","('0142-S-2003', 3)":"CAPITANICH, JORGE","('0142-S-2003', 4)":"TAFFAREL, RICARDO CESAR","('0142-S-2003', 5)":"LESCANO, MARCELA FABIANA"},"('Firmantes', 'DISTRITO')":{"('0142-S-2003', 0)":"CHACO","('0142-S-2003', 1)":"CHACO","('0142-S-2003', 2)":"FORMOSA","('0142-S-2003', 3)":"CHACO","('0142-S-2003', 4)":"ENTRE RIOS","('0142-S-2003', 5)":"FORMOSA"},"('Firmantes', 'BLOQUE')":{"('0142-S-2003', 0)":"UCR","('0142-S-2003', 1)":"UCR","('0142-S-2003', 2)":"JUSTICIALISTA","('0142-S-2003', 3)":"JUSTICIALISTA","('0142-S-2003', 4)":"UCR","('0142-S-2003', 5)":"UCR"},"Sumario":{"('0142-S-2003', 0)":"COMPRA DE ENERGIA EN FORMA DIRECTA POR PARTE DE LAS DISTRIBUIDORAS DE LA REGION DE INFLUENCIA DE LOS EMPRENDIMIENTOS HIDROELECTRICOS YACYRETA Y SALTO GRANDE.","('0142-S-2003', 1)":null,"('0142-S-2003', 2)":null,"('0142-S-2003', 3)":null,"('0142-S-2003', 4)":null,"('0142-S-2003', 5)":null},"Palabra Clave":{"('0142-S-2003', 0)":" ","('0142-S-2003', 1)":null,"('0142-S-2003', 2)":null,"('0142-S-2003', 3)":null,"('0142-S-2003', 4)":null,"('0142-S-2003', 5)":null}}