{"Tipo de Proyecto":{"('0144-S-2003', 0)":"PROYECTO DE RESOLUCI\u00d3N","('0144-S-2003', 1)":null,"('0144-S-2003', 2)":null,"('0144-S-2003', 3)":null},"Iniciado en: ":{"('0144-S-2003', 0)":"Senado","('0144-S-2003', 1)":null,"('0144-S-2003', 2)":null,"('0144-S-2003', 3)":null},"Expediente Diputados: ":{"('0144-S-2003', 0)":"0144-S-2003","('0144-S-2003', 1)":null,"('0144-S-2003', 2)":null,"('0144-S-2003', 3)":null},"Expediente Senado: ":{"('0144-S-2003', 0)":"0359-OV-2000","('0144-S-2003', 1)":null,"('0144-S-2003', 2)":null,"('0144-S-2003', 3)":null},"Fecha: ":{"('0144-S-2003', 0)":"08\/09\/2003","('0144-S-2003', 1)":null,"('0144-S-2003', 2)":null,"('0144-S-2003', 3)":null},"T\u00edtulo":{"('0144-S-2003', 0)":"PEDIDO DE INFORMES AL PODER EJECUTIVO SOBRE RESOLUCIONES REMITIDAS POR LA AUDITORIA GENERAL DE LA NACION SOBRE ESTADOS CONTABLES AL 31 DE DICIEMBRE DE 1999 (0359-OV-00); SOBRE MEMORANDUM DE CONTROL INTERNO CONTABLE SOBRE LOS ESTADOS CONTABLES AL 31 DE DICIEMBRE DE 1999 (0195-OV-01); SOBRE ESTADOS CONTABLES AL 31 DE DICIEMBRE DE 2000 (0252-OV-01); Y SOBRE MEMORANDUM DE CONTROL INTERNO CONTABLE SOBRE LOS ESTADOS AL 31 DE DICIEMBRE DE 2000 (0106-OV-02), EN EL AMBITO DEL BANCO DE LA NACION ARGENTINA.","('0144-S-2003', 1)":null,"('0144-S-2003', 2)":null,"('0144-S-2003', 3)":null},"('Firmantes', 'FIRMANTE')":{"('0144-S-2003', 0)":"PARLAMENTARIA MIXTA REVISORA DE CUENTAS","('0144-S-2003', 1)":null,"('0144-S-2003', 2)":null,"('0144-S-2003', 3)":null},"('Firmantes', 'DISTRITO')":{"('0144-S-2003', 0)":null,"('0144-S-2003', 1)":null,"('0144-S-2003', 2)":null,"('0144-S-2003', 3)":null},"('Firmantes', 'BLOQUE')":{"('0144-S-2003', 0)":null,"('0144-S-2003', 1)":null,"('0144-S-2003', 2)":null,"('0144-S-2003', 3)":null},"('Giros', 'COMISI\u00d3N')":{"('0144-S-2003', 0)":"PARLAMENTARIA MIXTA REVISORA DE CUENTAS","('0144-S-2003', 1)":null,"('0144-S-2003', 2)":null,"('0144-S-2003', 3)":null},"('Tramites', 'C\u00c1MARA')":{"('0144-S-2003', 0)":"Senado","('0144-S-2003', 1)":"Diputados","('0144-S-2003', 2)":"Diputados","('0144-S-2003', 3)":"Diputados"},"('Tramites', 'MOVIMIENTO')":{"('0144-S-2003', 0)":"CONSIDERACION Y APROBACION","('0144-S-2003', 1)":"PASA A DIPUTADOS -","('0144-S-2003', 2)":"CONSIDERACION Y APROBACION","('0144-S-2003', 3)":"CONTESTACION DEL PODER EJECUTIVO NACIONAL - JEFE DE GABINETE DE MINISTROS - GIRADO A LA COMISION RESPECTIVA"},"('Tramites', 'FECHA')":{"('0144-S-2003', 0)":"17\/09\/2003","('0144-S-2003', 1)":null,"('0144-S-2003', 2)":"12\/11\/2003","('0144-S-2003', 3)":"12\/05\/2004"},"('Tramites', 'RESULTADO')":{"('0144-S-2003', 0)":"APROBADO","('0144-S-2003', 1)":null,"('0144-S-2003', 2)":"APROBADO","('0144-S-2003', 3)":null},"Link":{"('0144-S-2003', 0)":"http:\/\/www.senado.gov.ar\/parlamentario\/comisiones\/verExp\/359.00\/OV\/PR","('0144-S-2003', 1)":null,"('0144-S-2003', 2)":null,"('0144-S-2003', 3)":null},"Palabra Clave":{"('0144-S-2003', 0)":" ","('0144-S-2003', 1)":null,"('0144-S-2003', 2)":null,"('0144-S-2003', 3)":null}}