{"Tipo de Proyecto":{"('0144-PE-2003', 0)":"MENSAJE NRO: 1245\/03","('0144-PE-2003', 1)":null,"('0144-PE-2003', 2)":null},"Iniciado en: ":{"('0144-PE-2003', 0)":"Senado","('0144-PE-2003', 1)":null,"('0144-PE-2003', 2)":null},"Expediente Senado: ":{"('0144-PE-2003', 0)":"0144-PE-2003","('0144-PE-2003', 1)":null,"('0144-PE-2003', 2)":null},"Publicado en: ":{"('0144-PE-2003', 0)":"Diario de Asuntos Entrados N\u00b0 61","('0144-PE-2003', 1)":null,"('0144-PE-2003', 2)":null},"Fecha: ":{"('0144-PE-2003', 0)":"26\/05\/2003","('0144-PE-2003', 1)":null,"('0144-PE-2003', 2)":null},"T\u00edtulo":{"('0144-PE-2003', 0)":"COMUNICACION DEL DICTADO DEL DECRETO 1244\/03 DEROGANDO SU SIMILAR 1097\/03 (ZONA DE DESASTRE LOCALIDADES DE SANTA FE).","('0144-PE-2003', 1)":null,"('0144-PE-2003', 2)":null},"('Firmantes', 'FIRMANTE')":{"('0144-PE-2003', 0)":"DUHALDE, EDUARDO ALBERTO","('0144-PE-2003', 1)":"ATANASOF, ALFREDO NESTOR","('0144-PE-2003', 2)":"MATZKIN, JORGE RUBEN"},"('Firmantes', 'DISTRITO')":{"('0144-PE-2003', 0)":null,"('0144-PE-2003', 1)":null,"('0144-PE-2003', 2)":null},"('Firmantes', 'BLOQUE')":{"('0144-PE-2003', 0)":"PODER EJECUTIVO","('0144-PE-2003', 1)":"PODER EJECUTIVO","('0144-PE-2003', 2)":"PODER EJECUTIVO"},"('Tramites', 'C\u00c1MARA')":{"('0144-PE-2003', 0)":"Senado","('0144-PE-2003', 1)":null,"('0144-PE-2003', 2)":null},"('Tramites', 'MOVIMIENTO')":{"('0144-PE-2003', 0)":"VER TRAMITE EN EXPEDIENTE 2176-S-07","('0144-PE-2003', 1)":null,"('0144-PE-2003', 2)":null},"('Tramites', 'FECHA')":{"('0144-PE-2003', 0)":null,"('0144-PE-2003', 1)":null,"('0144-PE-2003', 2)":null},"('Tramites', 'RESULTADO')":{"('0144-PE-2003', 0)":null,"('0144-PE-2003', 1)":null,"('0144-PE-2003', 2)":null},"Palabra Clave":{"('0144-PE-2003', 0)":" ","('0144-PE-2003', 1)":null,"('0144-PE-2003', 2)":null}}