{"Tipo de Proyecto":{"('0145-S-2003', 0)":"PROYECTO DE RESOLUCI\u00d3N","('0145-S-2003', 1)":null,"('0145-S-2003', 2)":null},"Iniciado en: ":{"('0145-S-2003', 0)":"Senado","('0145-S-2003', 1)":null,"('0145-S-2003', 2)":null},"Expediente Diputados: ":{"('0145-S-2003', 0)":"0145-S-2003","('0145-S-2003', 1)":null,"('0145-S-2003', 2)":null},"Expediente Senado: ":{"('0145-S-2003', 0)":"0681-OV-2001","('0145-S-2003', 1)":null,"('0145-S-2003', 2)":null},"Fecha: ":{"('0145-S-2003', 0)":"08\/09\/2003","('0145-S-2003', 1)":null,"('0145-S-2003', 2)":null},"T\u00edtulo":{"('0145-S-2003', 0)":"PEDIDO DE INFORMES AL PODER EJECUTIVO SOBRE RESOLUCIONES REMITIDAS POR LA AUDITORIA GENERAL DE LA NACION SOBRE LOS ESTADOS FINANCIEROS AL 31 DE DICIEMBRE DE 2000 (0681-OV-01) Y 31 DE DICIEMBRE DE 2001 (0052-OV-03) DEL PROYECTO PNUD ARG\/97\/041 PROGRAMA DE APOYO A LA PRODUCTIVIDAD Y EMPLEABILIDAD DE JOVENES, SUBPROGRAMA DE CAPACITACION Y ORIENTACION LABORAL - CONTRATO DE PRESTAMO 1031\/OC-AR BID.","('0145-S-2003', 1)":null,"('0145-S-2003', 2)":null},"('Firmantes', 'FIRMANTE')":{"('0145-S-2003', 0)":"PARLAMENTARIA MIXTA REVISORA DE CUENTAS","('0145-S-2003', 1)":null,"('0145-S-2003', 2)":null},"('Firmantes', 'DISTRITO')":{"('0145-S-2003', 0)":null,"('0145-S-2003', 1)":null,"('0145-S-2003', 2)":null},"('Firmantes', 'BLOQUE')":{"('0145-S-2003', 0)":null,"('0145-S-2003', 1)":null,"('0145-S-2003', 2)":null},"('Giros', 'COMISI\u00d3N')":{"('0145-S-2003', 0)":"PARLAMENTARIA MIXTA REVISORA DE CUENTAS","('0145-S-2003', 1)":null,"('0145-S-2003', 2)":null},"('Tramites', 'C\u00c1MARA')":{"('0145-S-2003', 0)":"Senado","('0145-S-2003', 1)":"Diputados","('0145-S-2003', 2)":"Diputados"},"('Tramites', 'MOVIMIENTO')":{"('0145-S-2003', 0)":"CONSIDERACION Y APROBACION","('0145-S-2003', 1)":"PASA A DIPUTADOS -","('0145-S-2003', 2)":"CONSIDERACION Y APROBACION"},"('Tramites', 'FECHA')":{"('0145-S-2003', 0)":"17\/09\/2003","('0145-S-2003', 1)":null,"('0145-S-2003', 2)":"12\/11\/2003"},"('Tramites', 'RESULTADO')":{"('0145-S-2003', 0)":"APROBADO","('0145-S-2003', 1)":null,"('0145-S-2003', 2)":"APROBADO"},"Link":{"('0145-S-2003', 0)":"http:\/\/www.senado.gov.ar\/parlamentario\/comisiones\/verExp\/681.01\/OV\/PR","('0145-S-2003', 1)":null,"('0145-S-2003', 2)":null},"Palabra Clave":{"('0145-S-2003', 0)":" ","('0145-S-2003', 1)":null,"('0145-S-2003', 2)":null}}