{"Tipo de Proyecto":{"('0146-S-2003', 0)":"PROYECTO DE RESOLUCI\u00d3N","('0146-S-2003', 1)":null,"('0146-S-2003', 2)":null,"('0146-S-2003', 3)":null},"Iniciado en: ":{"('0146-S-2003', 0)":"Senado","('0146-S-2003', 1)":null,"('0146-S-2003', 2)":null,"('0146-S-2003', 3)":null},"Expediente Diputados: ":{"('0146-S-2003', 0)":"0146-S-2003","('0146-S-2003', 1)":null,"('0146-S-2003', 2)":null,"('0146-S-2003', 3)":null},"Expediente Senado: ":{"('0146-S-2003', 0)":"0436-OV-2001","('0146-S-2003', 1)":null,"('0146-S-2003', 2)":null,"('0146-S-2003', 3)":null},"Fecha: ":{"('0146-S-2003', 0)":"08\/09\/2003","('0146-S-2003', 1)":null,"('0146-S-2003', 2)":null,"('0146-S-2003', 3)":null},"T\u00edtulo":{"('0146-S-2003', 0)":"PEDIDO DE INFORMES AL PODER EJECUTIVO SOBRE RESOLUCION REMITIDA POR LA AUDITORIA GENERAL DE LA NACION SOBRE INFORME DE AUDITORIA DEL SISTEMA ADMINISTRATIVO CONTABLE EN EL AMBITO DEL FONDO FIDUCIARIO DE DESARROLLO PROVINCIAL.","('0146-S-2003', 1)":null,"('0146-S-2003', 2)":null,"('0146-S-2003', 3)":null},"('Firmantes', 'FIRMANTE')":{"('0146-S-2003', 0)":"PARLAMENTARIA MIXTA REVISORA DE CUENTAS","('0146-S-2003', 1)":null,"('0146-S-2003', 2)":null,"('0146-S-2003', 3)":null},"('Firmantes', 'DISTRITO')":{"('0146-S-2003', 0)":null,"('0146-S-2003', 1)":null,"('0146-S-2003', 2)":null,"('0146-S-2003', 3)":null},"('Firmantes', 'BLOQUE')":{"('0146-S-2003', 0)":null,"('0146-S-2003', 1)":null,"('0146-S-2003', 2)":null,"('0146-S-2003', 3)":null},"('Giros', 'COMISI\u00d3N')":{"('0146-S-2003', 0)":"PARLAMENTARIA MIXTA REVISORA DE CUENTAS","('0146-S-2003', 1)":null,"('0146-S-2003', 2)":null,"('0146-S-2003', 3)":null},"('Tramites', 'C\u00c1MARA')":{"('0146-S-2003', 0)":"Senado","('0146-S-2003', 1)":"Diputados","('0146-S-2003', 2)":"Diputados","('0146-S-2003', 3)":"Diputados"},"('Tramites', 'MOVIMIENTO')":{"('0146-S-2003', 0)":"CONSIDERACION Y APROBACION","('0146-S-2003', 1)":"PASA A DIPUTADOS -","('0146-S-2003', 2)":"CONSIDERACION Y APROBACION","('0146-S-2003', 3)":"CONTESTACION DEL PODER EJECUTIVO NACIONAL - JEFE DE GABINETE DE MINISTROS - GIRADO A LA COMISION RESPECTIVA"},"('Tramites', 'FECHA')":{"('0146-S-2003', 0)":"17\/09\/2003","('0146-S-2003', 1)":null,"('0146-S-2003', 2)":"12\/11\/2003","('0146-S-2003', 3)":"30\/06\/2004"},"('Tramites', 'RESULTADO')":{"('0146-S-2003', 0)":"APROBADO","('0146-S-2003', 1)":null,"('0146-S-2003', 2)":"APROBADO","('0146-S-2003', 3)":null},"Link":{"('0146-S-2003', 0)":"http:\/\/www.senado.gov.ar\/parlamentario\/comisiones\/verExp\/436.01\/OV\/PR","('0146-S-2003', 1)":null,"('0146-S-2003', 2)":null,"('0146-S-2003', 3)":null},"Palabra Clave":{"('0146-S-2003', 0)":" ","('0146-S-2003', 1)":null,"('0146-S-2003', 2)":null,"('0146-S-2003', 3)":null}}