{"Tipo de Proyecto":{"('0146-PE-2003', 0)":"MENSAJE NRO: 0146\/03","('0146-PE-2003', 1)":null,"('0146-PE-2003', 2)":null},"Iniciado en: ":{"('0146-PE-2003', 0)":"Senado","('0146-PE-2003', 1)":null,"('0146-PE-2003', 2)":null},"Expediente Senado: ":{"('0146-PE-2003', 0)":"0146-PE-2003","('0146-PE-2003', 1)":null,"('0146-PE-2003', 2)":null},"Publicado en: ":{"('0146-PE-2003', 0)":"Diario de Asuntos Entrados N\u00b0 61","('0146-PE-2003', 1)":null,"('0146-PE-2003', 2)":null},"Fecha: ":{"('0146-PE-2003', 0)":"26\/05\/2003","('0146-PE-2003', 1)":null,"('0146-PE-2003', 2)":null},"T\u00edtulo":{"('0146-PE-2003', 0)":"COMUNICACION DEL DICTADO DEL DECRETO 1277\/03 RATIFICANDO EL CONVENIO SUSCRIPTO ENTRE JEFATURA DE GABINETE DE MINISTROS Y AEROPUERTOS ARGENTINA 2000 S.A. SUSCRIPTO EL 20\/05\/2003.\n","('0146-PE-2003', 1)":null,"('0146-PE-2003', 2)":null},"('Firmantes', 'FIRMANTE')":{"('0146-PE-2003', 0)":"DUHALDE, EDUARDO ALBERTO","('0146-PE-2003', 1)":"ATANASOF, ALFREDO NESTOR","('0146-PE-2003', 2)":"FERNANDEZ, ANIBAL"},"('Firmantes', 'DISTRITO')":{"('0146-PE-2003', 0)":null,"('0146-PE-2003', 1)":null,"('0146-PE-2003', 2)":null},"('Firmantes', 'BLOQUE')":{"('0146-PE-2003', 0)":"PODER EJECUTIVO","('0146-PE-2003', 1)":"PODER EJECUTIVO","('0146-PE-2003', 2)":"PODER EJECUTIVO"},"Palabra Clave":{"('0146-PE-2003', 0)":" ","('0146-PE-2003', 1)":null,"('0146-PE-2003', 2)":null}}