{"Tipo de Proyecto":{"('0147-S-2003', 0)":"PROYECTO DE RESOLUCI\u00d3N","('0147-S-2003', 1)":null,"('0147-S-2003', 2)":null},"Iniciado en: ":{"('0147-S-2003', 0)":"Senado","('0147-S-2003', 1)":null,"('0147-S-2003', 2)":null},"Expediente Diputados: ":{"('0147-S-2003', 0)":"0147-S-2003","('0147-S-2003', 1)":null,"('0147-S-2003', 2)":null},"Expediente Senado: ":{"('0147-S-2003', 0)":"0194-OV-2001","('0147-S-2003', 1)":null,"('0147-S-2003', 2)":null},"Fecha: ":{"('0147-S-2003', 0)":"08\/09\/2003","('0147-S-2003', 1)":null,"('0147-S-2003', 2)":null},"T\u00edtulo":{"('0147-S-2003', 0)":"PEDIDO DE INFORMES AL PODER EJECUTIVO SOBRE LA RESPUESTA REMITIDA POR LA JEFATURA DE GABINETE DE MINISTROS, SECRETARIA DE RELACION PARLAMENTARIA, RESPUESTA ENVIADA POR EL MINISTERIO DE DEFENSA EN RELACION CON LA RESOLUCION APROBADA POR AMBAS CAMARAS LEGISLATIVAS (0234-S-98) SOBRE LAS MEDIDAS ADOPTADAS EN FUNCION DE LAS OBSERVACIONES EFECTUADAS POR LA AUDITORIA GENERAL DE LA NACION AL PROCESO DE CONSOLIDACION DE DEUDAS EN EL ESTADO MAYOR GENERAL DEL EJERCITO, DIRECCION DE SANIDAD CON SIEMENS SAICFY Y DE M (EXPEDIENTE SG-3-2755\/5 (1414-OVD-99 Y 0641-PE-99); RESOLUCION REMITIDA POR LA AUDITORIA GENERAL DE LA NACION SOBRE INFORME DE CONSOLIDACION DE DEUDA PUBLICA DE LA CONTADURIA GENERAL DEL EJERCITO CON FLORESTA AUTOMOTRIZ S\/ CESION (0194-OV-01).","('0147-S-2003', 1)":null,"('0147-S-2003', 2)":null},"('Firmantes', 'FIRMANTE')":{"('0147-S-2003', 0)":"PARLAMENTARIA MIXTA REVISORA DE CUENTAS","('0147-S-2003', 1)":null,"('0147-S-2003', 2)":null},"('Firmantes', 'DISTRITO')":{"('0147-S-2003', 0)":null,"('0147-S-2003', 1)":null,"('0147-S-2003', 2)":null},"('Firmantes', 'BLOQUE')":{"('0147-S-2003', 0)":null,"('0147-S-2003', 1)":null,"('0147-S-2003', 2)":null},"('Giros', 'COMISI\u00d3N')":{"('0147-S-2003', 0)":"PARLAMENTARIA MIXTA REVISORA DE CUENTAS","('0147-S-2003', 1)":null,"('0147-S-2003', 2)":null},"('Tramites', 'C\u00c1MARA')":{"('0147-S-2003', 0)":"Senado","('0147-S-2003', 1)":"Diputados","('0147-S-2003', 2)":"Diputados"},"('Tramites', 'MOVIMIENTO')":{"('0147-S-2003', 0)":"CONSIDERACION Y APROBACION","('0147-S-2003', 1)":"PASA A DIPUTADOS -","('0147-S-2003', 2)":"CONSIDERACION Y APROBACION"},"('Tramites', 'FECHA')":{"('0147-S-2003', 0)":"17\/09\/2003","('0147-S-2003', 1)":null,"('0147-S-2003', 2)":"12\/11\/2003"},"('Tramites', 'RESULTADO')":{"('0147-S-2003', 0)":"APROBADO","('0147-S-2003', 1)":null,"('0147-S-2003', 2)":"APROBADO"},"Link":{"('0147-S-2003', 0)":"http:\/\/www.senado.gov.ar\/parlamentario\/comisiones\/verExp\/194.01\/OV\/PR","('0147-S-2003', 1)":null,"('0147-S-2003', 2)":null},"Palabra Clave":{"('0147-S-2003', 0)":" ","('0147-S-2003', 1)":null,"('0147-S-2003', 2)":null}}