{"Tipo de Proyecto":{"('0148-S-2003', 0)":"PROYECTO DE RESOLUCI\u00d3N","('0148-S-2003', 1)":null,"('0148-S-2003', 2)":null},"Iniciado en: ":{"('0148-S-2003', 0)":"Senado","('0148-S-2003', 1)":null,"('0148-S-2003', 2)":null},"Expediente Diputados: ":{"('0148-S-2003', 0)":"0148-S-2003","('0148-S-2003', 1)":null,"('0148-S-2003', 2)":null},"Expediente Senado: ":{"('0148-S-2003', 0)":"0733-OV-2001","('0148-S-2003', 1)":null,"('0148-S-2003', 2)":null},"Fecha: ":{"('0148-S-2003', 0)":"08\/09\/2003","('0148-S-2003', 1)":null,"('0148-S-2003', 2)":null},"T\u00edtulo":{"('0148-S-2003', 0)":"PEDIDO DE INFORMES AL PODER EJECUTIVO SOBRE RESOLUCION REMITIDA POR LA AUDITORIA GENERAL DE LA NACION SOBRE ESTADOS FINANCIEROS AL 31 DE DICIEMBRE DE 1999 CORRESPONDIENTES AL II PROYECTO DE ASISTENCIA TECNICA A LA ADMINISTRACION TRIBUTARIA - CONVENIO DE PRESTAMO 3460-AR BIRF.","('0148-S-2003', 1)":null,"('0148-S-2003', 2)":null},"('Firmantes', 'FIRMANTE')":{"('0148-S-2003', 0)":"PARLAMENTARIA MIXTA REVISORA DE CUENTAS","('0148-S-2003', 1)":null,"('0148-S-2003', 2)":null},"('Firmantes', 'DISTRITO')":{"('0148-S-2003', 0)":null,"('0148-S-2003', 1)":null,"('0148-S-2003', 2)":null},"('Firmantes', 'BLOQUE')":{"('0148-S-2003', 0)":null,"('0148-S-2003', 1)":null,"('0148-S-2003', 2)":null},"('Giros', 'COMISI\u00d3N')":{"('0148-S-2003', 0)":"PARLAMENTARIA MIXTA REVISORA DE CUENTAS","('0148-S-2003', 1)":null,"('0148-S-2003', 2)":null},"('Tramites', 'C\u00c1MARA')":{"('0148-S-2003', 0)":"Senado","('0148-S-2003', 1)":"Diputados","('0148-S-2003', 2)":"Diputados"},"('Tramites', 'MOVIMIENTO')":{"('0148-S-2003', 0)":"CONSIDERACION Y APROBACION","('0148-S-2003', 1)":"PASA A DIPUTADOS -","('0148-S-2003', 2)":"CONSIDERACION Y APROBACION"},"('Tramites', 'FECHA')":{"('0148-S-2003', 0)":"17\/09\/2003","('0148-S-2003', 1)":null,"('0148-S-2003', 2)":"12\/11\/2003"},"('Tramites', 'RESULTADO')":{"('0148-S-2003', 0)":"APROBADO","('0148-S-2003', 1)":null,"('0148-S-2003', 2)":"APROBADO"},"Link":{"('0148-S-2003', 0)":"http:\/\/www.senado.gov.ar\/parlamentario\/comisiones\/verExp\/733.01\/OV\/PR","('0148-S-2003', 1)":null,"('0148-S-2003', 2)":null},"Palabra Clave":{"('0148-S-2003', 0)":" ","('0148-S-2003', 1)":null,"('0148-S-2003', 2)":null}}