{"Tipo de Proyecto":{"('0149-S-2003', 0)":"PROYECTO DE RESOLUCI\u00d3N","('0149-S-2003', 1)":null,"('0149-S-2003', 2)":null,"('0149-S-2003', 3)":null,"('0149-S-2003', 4)":null},"Iniciado en: ":{"('0149-S-2003', 0)":"Senado","('0149-S-2003', 1)":null,"('0149-S-2003', 2)":null,"('0149-S-2003', 3)":null,"('0149-S-2003', 4)":null},"Expediente Diputados: ":{"('0149-S-2003', 0)":"0149-S-2003","('0149-S-2003', 1)":null,"('0149-S-2003', 2)":null,"('0149-S-2003', 3)":null,"('0149-S-2003', 4)":null},"Expediente Senado: ":{"('0149-S-2003', 0)":"0476-OV-2001","('0149-S-2003', 1)":null,"('0149-S-2003', 2)":null,"('0149-S-2003', 3)":null,"('0149-S-2003', 4)":null},"Fecha: ":{"('0149-S-2003', 0)":"08\/09\/2003","('0149-S-2003', 1)":null,"('0149-S-2003', 2)":null,"('0149-S-2003', 3)":null,"('0149-S-2003', 4)":null},"T\u00edtulo":{"('0149-S-2003', 0)":"PEDIDO DE INFORMES AL PODER EJECUTIVO SOBRE RESOLUCION REMITIDA POR LA AUDITORIA GENERAL DE LA NACION REFERENTE A UNA AUDITORIA DE GESTION DEL PROCESO DE CONSOLIDACION APLICADO A LA DEUDA RECONOCIDA A EPYC SA POR LA EMPRESA OBRAS SANITARIAS DE LA NACION (EN LIQUIDACION).","('0149-S-2003', 1)":null,"('0149-S-2003', 2)":null,"('0149-S-2003', 3)":null,"('0149-S-2003', 4)":null},"('Firmantes', 'FIRMANTE')":{"('0149-S-2003', 0)":"PARLAMENTARIA MIXTA REVISORA DE CUENTAS","('0149-S-2003', 1)":null,"('0149-S-2003', 2)":null,"('0149-S-2003', 3)":null,"('0149-S-2003', 4)":null},"('Firmantes', 'DISTRITO')":{"('0149-S-2003', 0)":null,"('0149-S-2003', 1)":null,"('0149-S-2003', 2)":null,"('0149-S-2003', 3)":null,"('0149-S-2003', 4)":null},"('Firmantes', 'BLOQUE')":{"('0149-S-2003', 0)":null,"('0149-S-2003', 1)":null,"('0149-S-2003', 2)":null,"('0149-S-2003', 3)":null,"('0149-S-2003', 4)":null},"('Giros', 'COMISI\u00d3N')":{"('0149-S-2003', 0)":"PARLAMENTARIA MIXTA REVISORA DE CUENTAS","('0149-S-2003', 1)":null,"('0149-S-2003', 2)":null,"('0149-S-2003', 3)":null,"('0149-S-2003', 4)":null},"('Tramites', 'C\u00c1MARA')":{"('0149-S-2003', 0)":"Senado","('0149-S-2003', 1)":"Diputados","('0149-S-2003', 2)":"Diputados","('0149-S-2003', 3)":"Diputados","('0149-S-2003', 4)":"Diputados"},"('Tramites', 'MOVIMIENTO')":{"('0149-S-2003', 0)":"CONSIDERACION Y APROBACION","('0149-S-2003', 1)":"PASA A DIPUTADOS -","('0149-S-2003', 2)":"CONSIDERACION Y APROBACION","('0149-S-2003', 3)":"CONTESTACION DEL PODER EJECUTIVO NACIONAL - JEFE DE GABINETE DE MINISTROS - GIRADO A LA COMISION RESPECTIVA","('0149-S-2003', 4)":"CONTESTACION DEL PODER EJECUTIVO NACIONAL - JEFE DE GABINETE DE MINISTROS - GIRADO A LA COMISION RESPECTIVA"},"('Tramites', 'FECHA')":{"('0149-S-2003', 0)":"17\/09\/2003","('0149-S-2003', 1)":null,"('0149-S-2003', 2)":"12\/11\/2003","('0149-S-2003', 3)":"28\/04\/2004","('0149-S-2003', 4)":"07\/07\/2004"},"('Tramites', 'RESULTADO')":{"('0149-S-2003', 0)":"APROBADO","('0149-S-2003', 1)":null,"('0149-S-2003', 2)":"APROBADO","('0149-S-2003', 3)":null,"('0149-S-2003', 4)":null},"Link":{"('0149-S-2003', 0)":"http:\/\/www.senado.gov.ar\/parlamentario\/comisiones\/verExp\/476.01\/OV\/PR","('0149-S-2003', 1)":null,"('0149-S-2003', 2)":null,"('0149-S-2003', 3)":null,"('0149-S-2003', 4)":null},"Palabra Clave":{"('0149-S-2003', 0)":" ","('0149-S-2003', 1)":null,"('0149-S-2003', 2)":null,"('0149-S-2003', 3)":null,"('0149-S-2003', 4)":null}}