{"Tipo de Proyecto":{"('0152-S-2003', 0)":"PROYECTO DE RESOLUCI\u00d3N","('0152-S-2003', 1)":null,"('0152-S-2003', 2)":null,"('0152-S-2003', 3)":null},"Iniciado en: ":{"('0152-S-2003', 0)":"Senado","('0152-S-2003', 1)":null,"('0152-S-2003', 2)":null,"('0152-S-2003', 3)":null},"Expediente Diputados: ":{"('0152-S-2003', 0)":"0152-S-2003","('0152-S-2003', 1)":null,"('0152-S-2003', 2)":null,"('0152-S-2003', 3)":null},"Expediente Senado: ":{"('0152-S-2003', 0)":"0033-OV-2002","('0152-S-2003', 1)":null,"('0152-S-2003', 2)":null,"('0152-S-2003', 3)":null},"Fecha: ":{"('0152-S-2003', 0)":"08\/09\/2003","('0152-S-2003', 1)":null,"('0152-S-2003', 2)":null,"('0152-S-2003', 3)":null},"T\u00edtulo":{"('0152-S-2003', 0)":"PEDIDO DE INFORMES AL PODER EJECUTIVO SOBRE RESOLUCIONES REMITIDAS POR LA AUDITORIA GENERAL DE LA NACION SOBRE LOS ESTADOS FINANCIEROS AL 31 DE DICIEMBRE DE 2000 (0033-OV-02) Y 31 DE DICIEMBRE DE 2001 (0429-OV-02) DEL PROYECTO DE REDUCCION DE SUSTANCIAS QUE AGOTAN LA CAPA DE OZONO - CONVENIO DE DONACION DE FONDOS PROVENIENTES DEL PROTOCOLO DE MONTREAL OTF 22013.","('0152-S-2003', 1)":null,"('0152-S-2003', 2)":null,"('0152-S-2003', 3)":null},"('Firmantes', 'FIRMANTE')":{"('0152-S-2003', 0)":"PARLAMENTARIA MIXTA REVISORA DE CUENTAS","('0152-S-2003', 1)":null,"('0152-S-2003', 2)":null,"('0152-S-2003', 3)":null},"('Firmantes', 'DISTRITO')":{"('0152-S-2003', 0)":null,"('0152-S-2003', 1)":null,"('0152-S-2003', 2)":null,"('0152-S-2003', 3)":null},"('Firmantes', 'BLOQUE')":{"('0152-S-2003', 0)":null,"('0152-S-2003', 1)":null,"('0152-S-2003', 2)":null,"('0152-S-2003', 3)":null},"('Giros', 'COMISI\u00d3N')":{"('0152-S-2003', 0)":"PARLAMENTARIA MIXTA REVISORA DE CUENTAS","('0152-S-2003', 1)":null,"('0152-S-2003', 2)":null,"('0152-S-2003', 3)":null},"('Tramites', 'C\u00c1MARA')":{"('0152-S-2003', 0)":"Senado","('0152-S-2003', 1)":"Diputados","('0152-S-2003', 2)":"Diputados","('0152-S-2003', 3)":"Diputados"},"('Tramites', 'MOVIMIENTO')":{"('0152-S-2003', 0)":"CONSIDERACION Y APROBACION","('0152-S-2003', 1)":"PASA A DIPUTADOS -","('0152-S-2003', 2)":"CONSIDERACION Y APROBACION","('0152-S-2003', 3)":"CONTESTACION DEL PODER EJECUTIVO NACIONAL - JEFE DE GABINETE DE MINISTROS - GIRADO A LA COMISION RESPECTIVA"},"('Tramites', 'FECHA')":{"('0152-S-2003', 0)":"17\/09\/2003","('0152-S-2003', 1)":null,"('0152-S-2003', 2)":"12\/11\/2003","('0152-S-2003', 3)":"04\/08\/2004"},"('Tramites', 'RESULTADO')":{"('0152-S-2003', 0)":"APROBADO","('0152-S-2003', 1)":null,"('0152-S-2003', 2)":"APROBADO","('0152-S-2003', 3)":null},"Link":{"('0152-S-2003', 0)":"http:\/\/www.senado.gov.ar\/parlamentario\/comisiones\/verExp\/33.02\/OV\/PR","('0152-S-2003', 1)":null,"('0152-S-2003', 2)":null,"('0152-S-2003', 3)":null},"Palabra Clave":{"('0152-S-2003', 0)":" ","('0152-S-2003', 1)":null,"('0152-S-2003', 2)":null,"('0152-S-2003', 3)":null}}