{"Tipo de Proyecto":{"('0152-PE-2003', 0)":"MENSAJE NRO: 0020\/03","('0152-PE-2003', 1)":null},"Iniciado en: ":{"('0152-PE-2003', 0)":"Senado","('0152-PE-2003', 1)":null},"Expediente Senado: ":{"('0152-PE-2003', 0)":"0152-PE-2003","('0152-PE-2003', 1)":null},"Publicado en: ":{"('0152-PE-2003', 0)":"DAE S.A. N\u00b0 5","('0152-PE-2003', 1)":null},"Fecha: ":{"('0152-PE-2003', 0)":"28\/05\/2003","('0152-PE-2003', 1)":null},"T\u00edtulo":{"('0152-PE-2003', 0)":"SOLICITA LA DEVOLUCION DE LAS SOLICITUDES DE ACUERDO PARA DESIGNAR DIRECTORES DEL BANCO CENTRAL DE LA REPUBLICA ARGENTINA A RICARDO FERREIRO Y RAFAEL INIESTA, MENSAJES 1092\/02 Y 1470\/02.","('0152-PE-2003', 1)":null},"('Firmantes', 'FIRMANTE')":{"('0152-PE-2003', 0)":"KIRCHNER, NESTOR CARLOS","('0152-PE-2003', 1)":"LAVAGNA, ROBERTO"},"('Firmantes', 'DISTRITO')":{"('0152-PE-2003', 0)":null,"('0152-PE-2003', 1)":null},"('Firmantes', 'BLOQUE')":{"('0152-PE-2003', 0)":"PODER EJECUTIVO","('0152-PE-2003', 1)":"PODER EJECUTIVO"},"Palabra Clave":{"('0152-PE-2003', 0)":" ","('0152-PE-2003', 1)":null}}