{"Tipo de Proyecto":{"('0153-S-2003', 0)":"PROYECTO DE RESOLUCI\u00d3N","('0153-S-2003', 1)":null,"('0153-S-2003', 2)":null},"Iniciado en: ":{"('0153-S-2003', 0)":"Senado","('0153-S-2003', 1)":null,"('0153-S-2003', 2)":null},"Expediente Diputados: ":{"('0153-S-2003', 0)":"0153-S-2003","('0153-S-2003', 1)":null,"('0153-S-2003', 2)":null},"Expediente Senado: ":{"('0153-S-2003', 0)":"0023-OV-2002","('0153-S-2003', 1)":null,"('0153-S-2003', 2)":null},"Fecha: ":{"('0153-S-2003', 0)":"08\/09\/2003","('0153-S-2003', 1)":null,"('0153-S-2003', 2)":null},"T\u00edtulo":{"('0153-S-2003', 0)":"DIRIGIRSE AL PODER EJECUTIVO NACIONAL PARA MANIFESTARLE LA ADECUACION A LO INFORMADO POR RESOLUCION REMITIDA POR LA AUDITORIA GENERAL DE LA NACION SOBRE AUDITORIA DE GESTION DE ADMINISTRACION DE PASIVOS - CANJE DE DEUDA PUBLICA 19 DE JUNIO DE 2001 (0023-OV-02) Y AMPLIACION DE LA MENCIONADA RESOLUCION (0061-OV-02).","('0153-S-2003', 1)":null,"('0153-S-2003', 2)":null},"('Firmantes', 'FIRMANTE')":{"('0153-S-2003', 0)":"PARLAMENTARIA MIXTA REVISORA DE CUENTAS","('0153-S-2003', 1)":null,"('0153-S-2003', 2)":null},"('Firmantes', 'DISTRITO')":{"('0153-S-2003', 0)":null,"('0153-S-2003', 1)":null,"('0153-S-2003', 2)":null},"('Firmantes', 'BLOQUE')":{"('0153-S-2003', 0)":null,"('0153-S-2003', 1)":null,"('0153-S-2003', 2)":null},"('Giros', 'COMISI\u00d3N')":{"('0153-S-2003', 0)":"PARLAMENTARIA MIXTA REVISORA DE CUENTAS","('0153-S-2003', 1)":null,"('0153-S-2003', 2)":null},"('Tramites', 'C\u00c1MARA')":{"('0153-S-2003', 0)":"Senado","('0153-S-2003', 1)":"Diputados","('0153-S-2003', 2)":"Diputados"},"('Tramites', 'MOVIMIENTO')":{"('0153-S-2003', 0)":"CONSIDERACION Y APROBACION","('0153-S-2003', 1)":"PASA A DIPUTADOS -","('0153-S-2003', 2)":"CONSIDERACION Y APROBACION"},"('Tramites', 'FECHA')":{"('0153-S-2003', 0)":"17\/09\/2003","('0153-S-2003', 1)":null,"('0153-S-2003', 2)":"12\/11\/2003"},"('Tramites', 'RESULTADO')":{"('0153-S-2003', 0)":"APROBADO","('0153-S-2003', 1)":null,"('0153-S-2003', 2)":"APROBADO"},"Link":{"('0153-S-2003', 0)":"http:\/\/www.senado.gov.ar\/parlamentario\/comisiones\/verExp\/23.02\/OV\/PR","('0153-S-2003', 1)":null,"('0153-S-2003', 2)":null},"Palabra Clave":{"('0153-S-2003', 0)":" ","('0153-S-2003', 1)":null,"('0153-S-2003', 2)":null}}