{"Tipo de Proyecto":{"('0156-S-2003', 0)":"PROYECTO DE RESOLUCI\u00d3N","('0156-S-2003', 1)":null,"('0156-S-2003', 2)":null,"('0156-S-2003', 3)":null},"Iniciado en: ":{"('0156-S-2003', 0)":"Senado","('0156-S-2003', 1)":null,"('0156-S-2003', 2)":null,"('0156-S-2003', 3)":null},"Expediente Diputados: ":{"('0156-S-2003', 0)":"0156-S-2003","('0156-S-2003', 1)":null,"('0156-S-2003', 2)":null,"('0156-S-2003', 3)":null},"Expediente Senado: ":{"('0156-S-2003', 0)":"0844-OVD-2001","('0156-S-2003', 1)":null,"('0156-S-2003', 2)":null,"('0156-S-2003', 3)":null},"Fecha: ":{"('0156-S-2003', 0)":"08\/09\/2003","('0156-S-2003', 1)":null,"('0156-S-2003', 2)":null,"('0156-S-2003', 3)":null},"T\u00edtulo":{"('0156-S-2003', 0)":"DICTAMEN EN LA RESPUESTA REMITIDA POR LA JEFATURA DE GABINETE DE MINISTROS EN RELACION A LA RESOLUCION 0133-S-01 (0012-OV-00) APROBADA POR EL HONORABLE CONGRESO SOBRE MEDIDAS PARA SUPERAR LAS OBSERVACIONES EN LOS ESTADOS FINANCIEROS DEL SEGUNDO PROYECTO DE DESARROLLO PROVINCIAL.","('0156-S-2003', 1)":null,"('0156-S-2003', 2)":null,"('0156-S-2003', 3)":null},"('Firmantes', 'FIRMANTE')":{"('0156-S-2003', 0)":"PARLAMENTARIA MIXTA REVISORA DE CUENTAS","('0156-S-2003', 1)":null,"('0156-S-2003', 2)":null,"('0156-S-2003', 3)":null},"('Firmantes', 'DISTRITO')":{"('0156-S-2003', 0)":null,"('0156-S-2003', 1)":null,"('0156-S-2003', 2)":null,"('0156-S-2003', 3)":null},"('Firmantes', 'BLOQUE')":{"('0156-S-2003', 0)":null,"('0156-S-2003', 1)":null,"('0156-S-2003', 2)":null,"('0156-S-2003', 3)":null},"('Giros', 'COMISI\u00d3N')":{"('0156-S-2003', 0)":"PARLAMENTARIA MIXTA REVISORA DE CUENTAS","('0156-S-2003', 1)":null,"('0156-S-2003', 2)":null,"('0156-S-2003', 3)":null},"('Tramites', 'C\u00c1MARA')":{"('0156-S-2003', 0)":"Senado","('0156-S-2003', 1)":"Diputados","('0156-S-2003', 2)":"Diputados","('0156-S-2003', 3)":"Diputados"},"('Tramites', 'MOVIMIENTO')":{"('0156-S-2003', 0)":"CONSIDERACION Y APROBACION","('0156-S-2003', 1)":"PASA A DIPUTADOS -","('0156-S-2003', 2)":"CONSIDERACION Y APROBACION","('0156-S-2003', 3)":"CONTESTACION DEL PODER EJECUTIVO NACIONAL - JEFE DE GABINETE DE MINISTROS - GIRADO A LA COMISION RESPECTIVA"},"('Tramites', 'FECHA')":{"('0156-S-2003', 0)":"17\/09\/2003","('0156-S-2003', 1)":null,"('0156-S-2003', 2)":"12\/11\/2003","('0156-S-2003', 3)":"30\/06\/2004"},"('Tramites', 'RESULTADO')":{"('0156-S-2003', 0)":"APROBADO","('0156-S-2003', 1)":null,"('0156-S-2003', 2)":"APROBADO","('0156-S-2003', 3)":null},"Sumario":{"('0156-S-2003', 0)":"PEDIDO DE INFORMES AL PODER EJECUTIVO SOBRE LAS MEDIDAS ADOPTADAS PARA SUBSANAR LAS OBSERVACIONES EFECTUADAS POR LA AUDITORIA GENERAL DE LA NACION Y DETERMINAR EL PERJUICIO FISCAL QUE PUDIERA HABERSE PRODUCIDO Y DETERMINAR Y EFECTIVIZAR LAS RESPONSABILIDADES CORRESPONDIENTES.","('0156-S-2003', 1)":null,"('0156-S-2003', 2)":null,"('0156-S-2003', 3)":null},"Palabra Clave":{"('0156-S-2003', 0)":" ","('0156-S-2003', 1)":null,"('0156-S-2003', 2)":null,"('0156-S-2003', 3)":null}}