{"Tipo de Proyecto":{"('0159-S-2003', 0)":"PROYECTO DE LEY","('0159-S-2003', 1)":null,"('0159-S-2003', 2)":null,"('0159-S-2003', 3)":null},"Iniciado en: ":{"('0159-S-2003', 0)":"Senado","('0159-S-2003', 1)":null,"('0159-S-2003', 2)":null,"('0159-S-2003', 3)":null},"Expediente Senado: ":{"('0159-S-2003', 0)":"0159-S-2003","('0159-S-2003', 1)":null,"('0159-S-2003', 2)":null,"('0159-S-2003', 3)":null},"Publicado en: ":{"('0159-S-2003', 0)":"Diario de Asuntos Entrados N\u00b0 11","('0159-S-2003', 1)":null,"('0159-S-2003', 2)":null,"('0159-S-2003', 3)":null},"Fecha: ":{"('0159-S-2003', 0)":"12\/03\/2003","('0159-S-2003', 1)":null,"('0159-S-2003', 2)":null,"('0159-S-2003', 3)":null},"T\u00edtulo":{"('0159-S-2003', 0)":"PROGRAMA NACIONAL DE PREVENCION Y CONTROL DE CANCER DE MAMA Y CANCER DE UTERO.","('0159-S-2003', 1)":null,"('0159-S-2003', 2)":null,"('0159-S-2003', 3)":null},"('Firmantes', 'FIRMANTE')":{"('0159-S-2003', 0)":"SALVATORI, PEDRO","('0159-S-2003', 1)":"GOMEZ DIEZ, RICARDO","('0159-S-2003', 2)":"FALCO, LUIS ALBERTO","('0159-S-2003', 3)":"WALTER, PABLO HECTOR"},"('Firmantes', 'DISTRITO')":{"('0159-S-2003', 0)":"NEUQUEN","('0159-S-2003', 1)":"SALTA","('0159-S-2003', 2)":"RIO NEGRO","('0159-S-2003', 3)":"TUCUMAN"},"('Firmantes', 'BLOQUE')":{"('0159-S-2003', 0)":"MOV POP NEUQUINO","('0159-S-2003', 1)":"RENOVADOR","('0159-S-2003', 2)":"UCR","('0159-S-2003', 3)":"FZA REPUBLICANA"},"('Tramites', 'C\u00c1MARA')":{"('0159-S-2003', 0)":"Senado","('0159-S-2003', 1)":null,"('0159-S-2003', 2)":null,"('0159-S-2003', 3)":null},"('Tramites', 'MOVIMIENTO')":{"('0159-S-2003', 0)":"REPRODUCIDO POR EXPEDIENTE 0545-S-05","('0159-S-2003', 1)":null,"('0159-S-2003', 2)":null,"('0159-S-2003', 3)":null},"('Tramites', 'FECHA')":{"('0159-S-2003', 0)":null,"('0159-S-2003', 1)":null,"('0159-S-2003', 2)":null,"('0159-S-2003', 3)":null},"('Tramites', 'RESULTADO')":{"('0159-S-2003', 0)":null,"('0159-S-2003', 1)":null,"('0159-S-2003', 2)":null,"('0159-S-2003', 3)":null},"Sumario":{"('0159-S-2003', 0)":"ESTABLECIMIENTO DEL PROGRAMA EN TODO EL TERRITORIO DE LA REPUBLICA ARGENTINA  Y EN EL AMBITO DEL MINISTERIO DE SALUD; OBJETIVOS; PARTIDAS PRESUPUESTARIAS; INVITACION A LAS PROVINCIAS A ADHERIR A LA PRESENTE LEY.","('0159-S-2003', 1)":null,"('0159-S-2003', 2)":null,"('0159-S-2003', 3)":null},"Palabra Clave":{"('0159-S-2003', 0)":" ","('0159-S-2003', 1)":null,"('0159-S-2003', 2)":null,"('0159-S-2003', 3)":null}}