{"Tipo de Proyecto":{"('0162-S-2003', 0)":"PROYECTO DE DECLARACI\u00d3N","('0162-S-2003', 1)":null},"Iniciado en: ":{"('0162-S-2003', 0)":"Senado","('0162-S-2003', 1)":null},"Expediente Senado: ":{"('0162-S-2003', 0)":"0162-S-2003","('0162-S-2003', 1)":null},"Publicado en: ":{"('0162-S-2003', 0)":"Diario de Asuntos Entrados N\u00b0 12","('0162-S-2003', 1)":null},"Fecha: ":{"('0162-S-2003', 0)":"12\/03\/2003","('0162-S-2003', 1)":null},"T\u00edtulo":{"('0162-S-2003', 0)":"ADHESION A LA DECISION DEL PODER EJECUTIVO DE NO ENVIAR TROPAS ARGENTINAS A LA INMINENTE GUERRA EN IRAK.","('0162-S-2003', 1)":null},"('Firmantes', 'FIRMANTE')":{"('0162-S-2003', 0)":"LESCANO, MARCELA FABIANA","('0162-S-2003', 1)":null},"('Firmantes', 'DISTRITO')":{"('0162-S-2003', 0)":"FORMOSA","('0162-S-2003', 1)":null},"('Firmantes', 'BLOQUE')":{"('0162-S-2003', 0)":"UCR","('0162-S-2003', 1)":null},"('Tramites', 'C\u00c1MARA')":{"('0162-S-2003', 0)":"Senado","('0162-S-2003', 1)":"Senado"},"('Tramites', 'MOVIMIENTO')":{"('0162-S-2003', 0)":"MOCION SOBRE TABLAS (AFIRMATIVA)","('0162-S-2003', 1)":"CONSIDERACION Y APROBACION DEL EXPEDIENTE 0343-S-03 CON MODIFICACIONES"},"('Tramites', 'FECHA')":{"('0162-S-2003', 0)":"26\/03\/2003","('0162-S-2003', 1)":"26\/03\/2003"},"('Tramites', 'RESULTADO')":{"('0162-S-2003', 0)":null,"('0162-S-2003', 1)":null},"Link":{"('0162-S-2003', 0)":"http:\/\/www.senado.gov.ar\/parlamentario\/comisiones\/verExp\/162.03\/S\/PD","('0162-S-2003', 1)":null},"Palabra Clave":{"('0162-S-2003', 0)":" ","('0162-S-2003', 1)":null}}