{"Tipo de Proyecto":{"('0164-S-2003', 0)":"COMUNICACION"},"Iniciado en: ":{"('0164-S-2003', 0)":"Senado"},"Expediente Senado: ":{"('0164-S-2003', 0)":"0164-S-2003"},"Publicado en: ":{"('0164-S-2003', 0)":"Diario de Asuntos Entrados N\u00b0 12"},"Fecha: ":{"('0164-S-2003', 0)":"12\/03\/2003"},"T\u00edtulo":{"('0164-S-2003', 0)":"PEDIDO DE INFORMES AL PODER EJECUTIVO SOBRE EL CUMPLIMIENTO DEL DECRETO 283\/98 QUE DECLARA MONUMENTO HISTORICO LA BASILICA NUESTRA SE\u00d1ORA DE LUJAN."},"('Firmantes', 'FIRMANTE')":{"('0164-S-2003', 0)":"NEGRE DE ALONSO, LILIANA T."},"('Firmantes', 'DISTRITO')":{"('0164-S-2003', 0)":"SAN LUIS"},"('Firmantes', 'BLOQUE')":{"('0164-S-2003', 0)":"JUSTICIALISTA"},"Link":{"('0164-S-2003', 0)":"http:\/\/www.senado.gov.ar\/parlamentario\/comisiones\/verExp\/164.03\/S\/PC"},"Palabra Clave":{"('0164-S-2003', 0)":" "}}