{"Tipo de Proyecto":{"('0164-D-2003', 0)":"PROYECTO DE RESOLUCI\u00d3N","('0164-D-2003', 1)":null,"('0164-D-2003', 2)":null,"('0164-D-2003', 3)":null,"('0164-D-2003', 4)":null,"('0164-D-2003', 5)":null},"Iniciado en: ":{"('0164-D-2003', 0)":"Diputados","('0164-D-2003', 1)":null,"('0164-D-2003', 2)":null,"('0164-D-2003', 3)":null,"('0164-D-2003', 4)":null,"('0164-D-2003', 5)":null},"Expediente Diputados: ":{"('0164-D-2003', 0)":"0164-D-2003","('0164-D-2003', 1)":null,"('0164-D-2003', 2)":null,"('0164-D-2003', 3)":null,"('0164-D-2003', 4)":null,"('0164-D-2003', 5)":null},"Publicado en: ":{"('0164-D-2003', 0)":"Tr\u00e1mite Parlamentario N\u00b0 1","('0164-D-2003', 1)":null,"('0164-D-2003', 2)":null,"('0164-D-2003', 3)":null,"('0164-D-2003', 4)":null,"('0164-D-2003', 5)":null},"Fecha: ":{"('0164-D-2003', 0)":"03\/03\/2003","('0164-D-2003', 1)":null,"('0164-D-2003', 2)":null,"('0164-D-2003', 3)":null,"('0164-D-2003', 4)":null,"('0164-D-2003', 5)":null},"T\u00edtulo":{"('0164-D-2003', 0)":"PEDIDO DE INFORMES: SOBRE EL DETALLE DE LAS CAUSAS JUDICIALES EN TRAMITE A RAIZ DE LAS CONTROVERSIAS SURGIDAS POR LA ADJUDICACION DE LOS CUPOS DE LA CUOTA HILTON PARA LA EXPORTACION DE CARNES.","('0164-D-2003', 1)":null,"('0164-D-2003', 2)":null,"('0164-D-2003', 3)":null,"('0164-D-2003', 4)":null,"('0164-D-2003', 5)":null},"('Firmantes', 'FIRMANTE')":{"('0164-D-2003', 0)":"JAROSLAVSKY, GRACIA MARIA","('0164-D-2003', 1)":"CUSINATO, GUSTAVO","('0164-D-2003', 2)":"GEIJO, ANGEL OSCAR","('0164-D-2003', 3)":"COUREL, CARLOS ALBERTO","('0164-D-2003', 4)":"OLIVERO, JUAN CARLOS","('0164-D-2003', 5)":"PICAZO, SARAH ANA"},"('Firmantes', 'DISTRITO')":{"('0164-D-2003', 0)":"ENTRE RIOS","('0164-D-2003', 1)":"ENTRE RIOS","('0164-D-2003', 2)":"CHACO","('0164-D-2003', 3)":"TUCUMAN","('0164-D-2003', 4)":"LA PAMPA","('0164-D-2003', 5)":"SANTA FE"},"('Firmantes', 'BLOQUE')":{"('0164-D-2003', 0)":"UCR","('0164-D-2003', 1)":"UCR","('0164-D-2003', 2)":"UCR","('0164-D-2003', 3)":"UCR","('0164-D-2003', 4)":"UCR","('0164-D-2003', 5)":"UCR"},"('Giros', 'COMISI\u00d3N')":{"('0164-D-2003', 0)":"AGRICULTURA Y GANADERIA","('0164-D-2003', 1)":"COMERCIO","('0164-D-2003', 2)":"JUSTICIA","('0164-D-2003', 3)":null,"('0164-D-2003', 4)":null,"('0164-D-2003', 5)":null},"Sumario":{"('0164-D-2003', 0)":"SOLICITUD AL PODER EJECUTIVO NACIONAL.","('0164-D-2003', 1)":null,"('0164-D-2003', 2)":null,"('0164-D-2003', 3)":null,"('0164-D-2003', 4)":null,"('0164-D-2003', 5)":null},"Palabra Clave":{"('0164-D-2003', 0)":" ","('0164-D-2003', 1)":null,"('0164-D-2003', 2)":null,"('0164-D-2003', 3)":null,"('0164-D-2003', 4)":null,"('0164-D-2003', 5)":null}}