{"Tipo de Proyecto":{"('0165-D-2003', 0)":"PROYECTO DE RESOLUCI\u00d3N","('0165-D-2003', 1)":null,"('0165-D-2003', 2)":null,"('0165-D-2003', 3)":null,"('0165-D-2003', 4)":null},"Iniciado en: ":{"('0165-D-2003', 0)":"Diputados","('0165-D-2003', 1)":null,"('0165-D-2003', 2)":null,"('0165-D-2003', 3)":null,"('0165-D-2003', 4)":null},"Expediente Diputados: ":{"('0165-D-2003', 0)":"0165-D-2003","('0165-D-2003', 1)":null,"('0165-D-2003', 2)":null,"('0165-D-2003', 3)":null,"('0165-D-2003', 4)":null},"Publicado en: ":{"('0165-D-2003', 0)":"Tr\u00e1mite Parlamentario N\u00b0 1","('0165-D-2003', 1)":null,"('0165-D-2003', 2)":null,"('0165-D-2003', 3)":null,"('0165-D-2003', 4)":null},"Fecha: ":{"('0165-D-2003', 0)":"03\/03\/2003","('0165-D-2003', 1)":null,"('0165-D-2003', 2)":null,"('0165-D-2003', 3)":null,"('0165-D-2003', 4)":null},"T\u00edtulo":{"('0165-D-2003', 0)":"PEDIDO DE INFORMES: SOBRE LA EXISTENCIA DE ESTUDIOS DE IMPACTO AMBIENTAL A PARTIR DE LA RADICACION DE LA EMPRESA MINERA MERIDIAN GOLD EN ESQUEL, PROVINCIA DEL CHUBUT.","('0165-D-2003', 1)":null,"('0165-D-2003', 2)":null,"('0165-D-2003', 3)":null,"('0165-D-2003', 4)":null},"('Firmantes', 'FIRMANTE')":{"('0165-D-2003', 0)":"JAROSLAVSKY, GRACIA MARIA","('0165-D-2003', 1)":"HERZOVICH, MARIA ELENA","('0165-D-2003', 2)":"GEIJO, ANGEL OSCAR","('0165-D-2003', 3)":"MASTROGIACOMO, MIGUEL ANGEL","('0165-D-2003', 4)":"MUKDISE, MIGUEL ROBERTO"},"('Firmantes', 'DISTRITO')":{"('0165-D-2003', 0)":"ENTRE RIOS","('0165-D-2003', 1)":"ENTRE RIOS","('0165-D-2003', 2)":"CHACO","('0165-D-2003', 3)":"BUENOS AIRES","('0165-D-2003', 4)":"SANTIAGO DEL ESTERO"},"('Firmantes', 'BLOQUE')":{"('0165-D-2003', 0)":"UCR","('0165-D-2003', 1)":"UCR","('0165-D-2003', 2)":"UCR","('0165-D-2003', 3)":"UCR","('0165-D-2003', 4)":"UCR"},"('Giros', 'COMISI\u00d3N')":{"('0165-D-2003', 0)":"RECURSOS NATURALES Y CONSERVACION DEL AMBIENTE HUMANO","('0165-D-2003', 1)":"MINERIA","('0165-D-2003', 2)":null,"('0165-D-2003', 3)":null,"('0165-D-2003', 4)":null},"('Tramites', 'C\u00c1MARA')":{"('0165-D-2003', 0)":"Diputados","('0165-D-2003', 1)":"Diputados","('0165-D-2003', 2)":"Diputados","('0165-D-2003', 3)":null,"('0165-D-2003', 4)":null},"('Tramites', 'MOVIMIENTO')":{"('0165-D-2003', 0)":"RESOLUCION PRESIDENCIA - CAMBIO DE ORDEN DE LAS COMISIONES","('0165-D-2003', 1)":"CONSIDERACION Y APROBACION","('0165-D-2003', 2)":"CONTESTACION DEL PODER EJECUTIVO NACIONAL - JEFE DE GABINETE DE MINISTROS - GIRADO A LA COMISION RESPECTIVA","('0165-D-2003', 3)":null,"('0165-D-2003', 4)":null},"('Tramites', 'FECHA')":{"('0165-D-2003', 0)":null,"('0165-D-2003', 1)":"16\/07\/2003","('0165-D-2003', 2)":"12\/11\/2003","('0165-D-2003', 3)":null,"('0165-D-2003', 4)":null},"('Tramites', 'RESULTADO')":{"('0165-D-2003', 0)":null,"('0165-D-2003', 1)":"APROBADO","('0165-D-2003', 2)":null,"('0165-D-2003', 3)":null,"('0165-D-2003', 4)":null},"Sumario":{"('0165-D-2003', 0)":"SOLICITUD AL PODER EJECUTIVO NACIONAL.","('0165-D-2003', 1)":null,"('0165-D-2003', 2)":null,"('0165-D-2003', 3)":null,"('0165-D-2003', 4)":null},"Palabra Clave":{"('0165-D-2003', 0)":" ","('0165-D-2003', 1)":null,"('0165-D-2003', 2)":null,"('0165-D-2003', 3)":null,"('0165-D-2003', 4)":null}}