{"Tipo de Proyecto":{"('0166-S-2003', 0)":"COMUNICACION","('0166-S-2003', 1)":null,"('0166-S-2003', 2)":null,"('0166-S-2003', 3)":null},"Iniciado en: ":{"('0166-S-2003', 0)":"Senado","('0166-S-2003', 1)":null,"('0166-S-2003', 2)":null,"('0166-S-2003', 3)":null},"Expediente Senado: ":{"('0166-S-2003', 0)":"0166-S-2003","('0166-S-2003', 1)":null,"('0166-S-2003', 2)":null,"('0166-S-2003', 3)":null},"Publicado en: ":{"('0166-S-2003', 0)":"Diario de Asuntos Entrados N\u00b0 12","('0166-S-2003', 1)":null,"('0166-S-2003', 2)":null,"('0166-S-2003', 3)":null},"Fecha: ":{"('0166-S-2003', 0)":"12\/03\/2003","('0166-S-2003', 1)":null,"('0166-S-2003', 2)":null,"('0166-S-2003', 3)":null},"T\u00edtulo":{"('0166-S-2003', 0)":"PEDIDO DE INFORMES AL PODER EJECUTIVO SOBRE EL ESTADO EN QUE SE ENCUENTRAN SUMARIOS ADMINISTRATIVOS POR PRESUNTAS INFRACCIONES A LAS NORMAS QUE REGULAN LA PESCA MARITIMA.","('0166-S-2003', 1)":null,"('0166-S-2003', 2)":null,"('0166-S-2003', 3)":null},"('Firmantes', 'FIRMANTE')":{"('0166-S-2003', 0)":"RASO, MARTA ETHEL","('0166-S-2003', 1)":"MAESTRO, CARLOS","('0166-S-2003', 2)":"PRADES, CARLOS","('0166-S-2003', 3)":"COLAZO, MARIO JORGE"},"('Firmantes', 'DISTRITO')":{"('0166-S-2003', 0)":"CHUBUT","('0166-S-2003', 1)":"CHUBUT","('0166-S-2003', 2)":"SANTA CRUZ","('0166-S-2003', 3)":"TIERRA DEL FUEGO"},"('Firmantes', 'BLOQUE')":{"('0166-S-2003', 0)":"UCR","('0166-S-2003', 1)":"UCR","('0166-S-2003', 2)":"UCR","('0166-S-2003', 3)":"UCR"},"('Tramites', 'C\u00c1MARA')":{"('0166-S-2003', 0)":"Senado","('0166-S-2003', 1)":"Senado","('0166-S-2003', 2)":null,"('0166-S-2003', 3)":null},"('Tramites', 'MOVIMIENTO')":{"('0166-S-2003', 0)":"CONSIDERACION Y APROBACION","('0166-S-2003', 1)":"CONTESTACION DEL PODER EJECUTIVO NACIONAL - GIRADO A LA COMISION RESPECTIVA","('0166-S-2003', 2)":null,"('0166-S-2003', 3)":null},"('Tramites', 'FECHA')":{"('0166-S-2003', 0)":"23\/07\/2003","('0166-S-2003', 1)":null,"('0166-S-2003', 2)":null,"('0166-S-2003', 3)":null},"('Tramites', 'RESULTADO')":{"('0166-S-2003', 0)":"APROBADO","('0166-S-2003', 1)":null,"('0166-S-2003', 2)":null,"('0166-S-2003', 3)":null},"Link":{"('0166-S-2003', 0)":"http:\/\/www.senado.gov.ar\/parlamentario\/comisiones\/verExp\/166.03\/S\/PC","('0166-S-2003', 1)":null,"('0166-S-2003', 2)":null,"('0166-S-2003', 3)":null},"Palabra Clave":{"('0166-S-2003', 0)":" ","('0166-S-2003', 1)":null,"('0166-S-2003', 2)":null,"('0166-S-2003', 3)":null}}