{"Tipo de Proyecto":{"('0168-S-2003', 0)":"PROYECTO DE RESOLUCI\u00d3N"},"Iniciado en: ":{"('0168-S-2003', 0)":"Senado"},"Expediente Senado: ":{"('0168-S-2003', 0)":"0168-S-2003"},"Publicado en: ":{"('0168-S-2003', 0)":"Diario de Asuntos Entrados N\u00b0 12"},"Fecha: ":{"('0168-S-2003', 0)":"12\/03\/2003"},"T\u00edtulo":{"('0168-S-2003', 0)":"ADHESION A LA CONMEMORACION DEL DIA FORESTAL MUNDIAL, A CELEBRARSE EL 21 DE MARZO DE 2003."},"('Firmantes', 'FIRMANTE')":{"('0168-S-2003', 0)":"FALCO, LUIS ALBERTO"},"('Firmantes', 'DISTRITO')":{"('0168-S-2003', 0)":"RIO NEGRO"},"('Firmantes', 'BLOQUE')":{"('0168-S-2003', 0)":"UCR"},"Link":{"('0168-S-2003', 0)":"http:\/\/www.senado.gov.ar\/parlamentario\/comisiones\/verExp\/168.03\/S\/PR"},"Palabra Clave":{"('0168-S-2003', 0)":" "}}