{"Tipo de Proyecto":{"('0169-D-2003', 0)":"PROYECTO DE LEY","('0169-D-2003', 1)":null,"('0169-D-2003', 2)":null,"('0169-D-2003', 3)":null,"('0169-D-2003', 4)":null},"Iniciado en: ":{"('0169-D-2003', 0)":"Diputados","('0169-D-2003', 1)":null,"('0169-D-2003', 2)":null,"('0169-D-2003', 3)":null,"('0169-D-2003', 4)":null},"Expediente Diputados: ":{"('0169-D-2003', 0)":"0169-D-2003","('0169-D-2003', 1)":null,"('0169-D-2003', 2)":null,"('0169-D-2003', 3)":null,"('0169-D-2003', 4)":null},"Publicado en: ":{"('0169-D-2003', 0)":"Tr\u00e1mite Parlamentario N\u00b0 1","('0169-D-2003', 1)":null,"('0169-D-2003', 2)":null,"('0169-D-2003', 3)":null,"('0169-D-2003', 4)":null},"Fecha: ":{"('0169-D-2003', 0)":"03\/03\/2003","('0169-D-2003', 1)":null,"('0169-D-2003', 2)":null,"('0169-D-2003', 3)":null,"('0169-D-2003', 4)":null},"T\u00edtulo":{"('0169-D-2003', 0)":"DEROGACION DEL DECRETO 146\/03, SOBRE READECUACION DE TARIFAS PUBLICAS.","('0169-D-2003', 1)":null,"('0169-D-2003', 2)":null,"('0169-D-2003', 3)":null,"('0169-D-2003', 4)":null},"('Firmantes', 'FIRMANTE')":{"('0169-D-2003', 0)":"LOZANO, ENCARNACION","('0169-D-2003', 1)":"JALIL, LUIS JULIAN","('0169-D-2003', 2)":null,"('0169-D-2003', 3)":null,"('0169-D-2003', 4)":null},"('Firmantes', 'DISTRITO')":{"('0169-D-2003', 0)":"NEUQUEN","('0169-D-2003', 1)":"NEUQUEN","('0169-D-2003', 2)":null,"('0169-D-2003', 3)":null,"('0169-D-2003', 4)":null},"('Firmantes', 'BLOQUE')":{"('0169-D-2003', 0)":"MOV POP NEUQUINO","('0169-D-2003', 1)":"MOV POP NEUQUINO","('0169-D-2003', 2)":null,"('0169-D-2003', 3)":null,"('0169-D-2003', 4)":null},"('Giros', 'COMISI\u00d3N')":{"('0169-D-2003', 0)":"OBRAS PUBLICAS","('0169-D-2003', 1)":"ENERGIA Y COMBUSTIBLES","('0169-D-2003', 2)":"PRESUPUESTO Y HACIENDA","('0169-D-2003', 3)":"DEFENSA DEL CONSUMIDOR","('0169-D-2003', 4)":"ASUNTOS CONSTITUCIONALES"},"Palabra Clave":{"('0169-D-2003', 0)":" ","('0169-D-2003', 1)":null,"('0169-D-2003', 2)":null,"('0169-D-2003', 3)":null,"('0169-D-2003', 4)":null}}