{"Tipo de Proyecto":{"('0171-P-2003', 0)":"PROYECTO DE RESOLUCI\u00d3N"},"Iniciado en: ":{"('0171-P-2003', 0)":"Senado"},"Expediente Senado: ":{"('0171-P-2003', 0)":"0171-P-2003"},"Publicado en: ":{"('0171-P-2003', 0)":"Diario de Asuntos Entrados N\u00b0 0"},"Fecha: ":{"('0171-P-2003', 0)":"26\/11\/2003"},"T\u00edtulo":{"('0171-P-2003', 0)":"RECHAZO DEL PEDIDO PLANTEADO POR LA DEFENSA DEL DOCTOR EDUARDO MOLINE O'CONNOR DE CORRER TRASLADO AL PERITO DE LAS OBSERVACIONES FORMULADAS POR LAS PARTES."},"('Firmantes', 'FIRMANTE')":{"('0171-P-2003', 0)":"ASUNTOS CONSTITUCIONALES"},"('Firmantes', 'DISTRITO')":{"('0171-P-2003', 0)":null},"('Firmantes', 'BLOQUE')":{"('0171-P-2003', 0)":null},"('Tramites', 'C\u00c1MARA')":{"('0171-P-2003', 0)":"Senado"},"('Tramites', 'MOVIMIENTO')":{"('0171-P-2003', 0)":"CONSIDERACION Y APROBACION EN SESION EN TRIBUNAL"},"('Tramites', 'FECHA')":{"('0171-P-2003', 0)":"26\/11\/2003"},"('Tramites', 'RESULTADO')":{"('0171-P-2003', 0)":"APROBADO"},"Sumario":{"('0171-P-2003', 0)":"RECHAZO DEL PEDIDO DE SUSPENSION DE LA AUDIENCIA PARA ALEGAR (0173-P-03); RECHAZO DE DOS PLANTEOS DE LA DEFENSA SOBRE LA CLAUSURA DEL PERIODO PROBATORIO Y RESPECTO DE LA PRUEBA NO PRODUCIDA."},"Palabra Clave":{"('0171-P-2003', 0)":" "}}