{"Tipo de Proyecto":{"('0172-S-2003', 0)":"PROYECTO DE LEY"},"Iniciado en: ":{"('0172-S-2003', 0)":"Senado"},"Expediente Senado: ":{"('0172-S-2003', 0)":"0172-S-2003"},"Publicado en: ":{"('0172-S-2003', 0)":"Diario de Asuntos Entrados N\u00b0 12"},"Fecha: ":{"('0172-S-2003', 0)":"12\/03\/2003"},"T\u00edtulo":{"('0172-S-2003', 0)":"MODIFICACION DE LA LEY 25065, DE TARJETAS DE CREDITO."},"('Firmantes', 'FIRMANTE')":{"('0172-S-2003', 0)":"FALCO, LUIS ALBERTO"},"('Firmantes', 'DISTRITO')":{"('0172-S-2003', 0)":"RIO NEGRO"},"('Firmantes', 'BLOQUE')":{"('0172-S-2003', 0)":"UCR"},"('Tramites', 'C\u00c1MARA')":{"('0172-S-2003', 0)":"Senado"},"('Tramites', 'MOVIMIENTO')":{"('0172-S-2003', 0)":"AMPLIACION DEL GIRO A LA COMISION DE INDUSTRIA Y COMERCIO (AFIRMATIVA)"},"('Tramites', 'FECHA')":{"('0172-S-2003', 0)":"07\/05\/2003"},"('Tramites', 'RESULTADO')":{"('0172-S-2003', 0)":null},"Sumario":{"('0172-S-2003', 0)":"MODIFICACION DEL ARTICULO 16 (INTERES COMPENSATORIO O FINANCIERO), Y DEL ARTICULO 18 (INTERES PUNITORIO)."},"Palabra Clave":{"('0172-S-2003', 0)":" "}}