{"Tipo de Proyecto":{"('0173-S-2003', 0)":"PROYECTO DE RESOLUCI\u00d3N","('0173-S-2003', 1)":null,"('0173-S-2003', 2)":null,"('0173-S-2003', 3)":null},"Iniciado en: ":{"('0173-S-2003', 0)":"Senado","('0173-S-2003', 1)":null,"('0173-S-2003', 2)":null,"('0173-S-2003', 3)":null},"Expediente Diputados: ":{"('0173-S-2003', 0)":"0173-S-2003","('0173-S-2003', 1)":null,"('0173-S-2003', 2)":null,"('0173-S-2003', 3)":null},"Expediente Senado: ":{"('0173-S-2003', 0)":"0165-OV-2002","('0173-S-2003', 1)":null,"('0173-S-2003', 2)":null,"('0173-S-2003', 3)":null},"Fecha: ":{"('0173-S-2003', 0)":"26\/09\/2003","('0173-S-2003', 1)":null,"('0173-S-2003', 2)":null,"('0173-S-2003', 3)":null},"T\u00edtulo":{"('0173-S-2003', 0)":"PEDIDO DE INFORMES AL PODER EJECUTIVO SOBRE RESOLUCION REMITIDA POR LA AUDITORIA GENERAL DE LA NACION SOBRE UNA AUDITORIA DE GESTION SOBRE EL FONDO DE EMERGENCIA PARA INUNDACIONES, LEY 24959.","('0173-S-2003', 1)":null,"('0173-S-2003', 2)":null,"('0173-S-2003', 3)":null},"('Firmantes', 'FIRMANTE')":{"('0173-S-2003', 0)":"PARLAMENTARIA MIXTA REVISORA DE CUENTAS","('0173-S-2003', 1)":null,"('0173-S-2003', 2)":null,"('0173-S-2003', 3)":null},"('Firmantes', 'DISTRITO')":{"('0173-S-2003', 0)":null,"('0173-S-2003', 1)":null,"('0173-S-2003', 2)":null,"('0173-S-2003', 3)":null},"('Firmantes', 'BLOQUE')":{"('0173-S-2003', 0)":null,"('0173-S-2003', 1)":null,"('0173-S-2003', 2)":null,"('0173-S-2003', 3)":null},"('Giros', 'COMISI\u00d3N')":{"('0173-S-2003', 0)":"PARLAMENTARIA MIXTA REVISORA DE CUENTAS","('0173-S-2003', 1)":null,"('0173-S-2003', 2)":null,"('0173-S-2003', 3)":null},"('Tramites', 'C\u00c1MARA')":{"('0173-S-2003', 0)":"Senado","('0173-S-2003', 1)":"Diputados","('0173-S-2003', 2)":"Diputados","('0173-S-2003', 3)":"Diputados"},"('Tramites', 'MOVIMIENTO')":{"('0173-S-2003', 0)":"CONSIDERACION Y APROBACION","('0173-S-2003', 1)":"PASA A DIPUTADOS -","('0173-S-2003', 2)":"CONSIDERACION Y APROBACION","('0173-S-2003', 3)":"CONTESTACION DEL PODER EJECUTIVO NACIONAL - JEFE DE GABINETE DE MINISTROS - GIRADO A LA COMISION RESPECTIVA"},"('Tramites', 'FECHA')":{"('0173-S-2003', 0)":"15\/10\/2003","('0173-S-2003', 1)":"15\/10\/2003","('0173-S-2003', 2)":"26\/11\/2003","('0173-S-2003', 3)":"15\/03\/2006"},"('Tramites', 'RESULTADO')":{"('0173-S-2003', 0)":"APROBADO","('0173-S-2003', 1)":null,"('0173-S-2003', 2)":"APROBADO","('0173-S-2003', 3)":null},"Link":{"('0173-S-2003', 0)":"http:\/\/www.senado.gov.ar\/parlamentario\/comisiones\/verExp\/165.02\/OV\/PR","('0173-S-2003', 1)":null,"('0173-S-2003', 2)":null,"('0173-S-2003', 3)":null},"Palabra Clave":{"('0173-S-2003', 0)":" ","('0173-S-2003', 1)":null,"('0173-S-2003', 2)":null,"('0173-S-2003', 3)":null}}