{"Tipo de Proyecto":{"('0174-S-2003', 0)":"PROYECTO DE RESOLUCI\u00d3N","('0174-S-2003', 1)":null,"('0174-S-2003', 2)":null,"('0174-S-2003', 3)":null},"Iniciado en: ":{"('0174-S-2003', 0)":"Senado","('0174-S-2003', 1)":null,"('0174-S-2003', 2)":null,"('0174-S-2003', 3)":null},"Expediente Diputados: ":{"('0174-S-2003', 0)":"0174-S-2003","('0174-S-2003', 1)":null,"('0174-S-2003', 2)":null,"('0174-S-2003', 3)":null},"Expediente Senado: ":{"('0174-S-2003', 0)":"0656-OV-2001","('0174-S-2003', 1)":null,"('0174-S-2003', 2)":null,"('0174-S-2003', 3)":null},"Fecha: ":{"('0174-S-2003', 0)":"26\/09\/2003","('0174-S-2003', 1)":null,"('0174-S-2003', 2)":null,"('0174-S-2003', 3)":null},"T\u00edtulo":{"('0174-S-2003', 0)":"PEDIDO DE INFORMES AL PODER EJECUTIVO SOBRE RESOLUCION REMITIDA POR LA AUDITORIA GENERAL DE LA NACION REFERENTE A LA VERIFICACION DE CONTRATOS CORRESPONDIENTES A LOS EJERCICIOS 1999 Y 2000 DEL INSTITUTO NACIONAL DE ASOCIATIVISMO Y ECONOMIA SOCIAL - INAES - (EX INSTITUTO NACIONAL DE ACCION COOPERATIVA Y MUTUAL - INACYM -) Y OBLIGACIONES DE INVERSION EN EL A\u00d1O 1999.","('0174-S-2003', 1)":null,"('0174-S-2003', 2)":null,"('0174-S-2003', 3)":null},"('Firmantes', 'FIRMANTE')":{"('0174-S-2003', 0)":"PARLAMENTARIA MIXTA REVISORA DE CUENTAS","('0174-S-2003', 1)":null,"('0174-S-2003', 2)":null,"('0174-S-2003', 3)":null},"('Firmantes', 'DISTRITO')":{"('0174-S-2003', 0)":null,"('0174-S-2003', 1)":null,"('0174-S-2003', 2)":null,"('0174-S-2003', 3)":null},"('Firmantes', 'BLOQUE')":{"('0174-S-2003', 0)":null,"('0174-S-2003', 1)":null,"('0174-S-2003', 2)":null,"('0174-S-2003', 3)":null},"('Giros', 'COMISI\u00d3N')":{"('0174-S-2003', 0)":"PARLAMENTARIA MIXTA REVISORA DE CUENTAS","('0174-S-2003', 1)":null,"('0174-S-2003', 2)":null,"('0174-S-2003', 3)":null},"('Tramites', 'C\u00c1MARA')":{"('0174-S-2003', 0)":"Senado","('0174-S-2003', 1)":"Diputados","('0174-S-2003', 2)":"Diputados","('0174-S-2003', 3)":"Diputados"},"('Tramites', 'MOVIMIENTO')":{"('0174-S-2003', 0)":"CONSIDERACION Y APROBACION","('0174-S-2003', 1)":"PASA A DIPUTADOS -","('0174-S-2003', 2)":"CONSIDERACION Y APROBACION","('0174-S-2003', 3)":"CONTESTACION DEL PODER EJECUTIVO NACIONAL - JEFE DE GABINETE DE MINISTROS - GIRADO A LA COMISION RESPECTIVA"},"('Tramites', 'FECHA')":{"('0174-S-2003', 0)":"15\/10\/2003","('0174-S-2003', 1)":"15\/10\/2003","('0174-S-2003', 2)":"26\/11\/2003","('0174-S-2003', 3)":"15\/03\/2006"},"('Tramites', 'RESULTADO')":{"('0174-S-2003', 0)":"APROBADO","('0174-S-2003', 1)":null,"('0174-S-2003', 2)":"APROBADO","('0174-S-2003', 3)":null},"Link":{"('0174-S-2003', 0)":"http:\/\/www.senado.gov.ar\/parlamentario\/comisiones\/verExp\/656.01\/OV\/PR","('0174-S-2003', 1)":null,"('0174-S-2003', 2)":null,"('0174-S-2003', 3)":null},"Palabra Clave":{"('0174-S-2003', 0)":" ","('0174-S-2003', 1)":null,"('0174-S-2003', 2)":null,"('0174-S-2003', 3)":null}}