{"Tipo de Proyecto":{"('0176-D-2003', 0)":"PROYECTO DE DECLARACI\u00d3N","('0176-D-2003', 1)":null,"('0176-D-2003', 2)":null},"Iniciado en: ":{"('0176-D-2003', 0)":"Diputados","('0176-D-2003', 1)":null,"('0176-D-2003', 2)":null},"Expediente Diputados: ":{"('0176-D-2003', 0)":"0176-D-2003","('0176-D-2003', 1)":null,"('0176-D-2003', 2)":null},"Publicado en: ":{"('0176-D-2003', 0)":"Tr\u00e1mite Parlamentario N\u00b0 1","('0176-D-2003', 1)":null,"('0176-D-2003', 2)":null},"Fecha: ":{"('0176-D-2003', 0)":"03\/03\/2003","('0176-D-2003', 1)":null,"('0176-D-2003', 2)":null},"T\u00edtulo":{"('0176-D-2003', 0)":"EXPRESAR BENEPLACITO POR LA IMPLEMENTACION DEL \" PROGRAMA SANTACRUCE\u00d1O DE CARNE OVINA\".","('0176-D-2003', 1)":null,"('0176-D-2003', 2)":null},"('Firmantes', 'FIRMANTE')":{"('0176-D-2003', 0)":"LOZANO, ENCARNACION","('0176-D-2003', 1)":"KUNEY, MONICA","('0176-D-2003', 2)":"MARTINEZ, ALFREDO ANSELMO"},"('Firmantes', 'DISTRITO')":{"('0176-D-2003', 0)":"NEUQUEN","('0176-D-2003', 1)":"SANTA CRUZ","('0176-D-2003', 2)":"SANTA CRUZ"},"('Firmantes', 'BLOQUE')":{"('0176-D-2003', 0)":"MOV POP NEUQUINO","('0176-D-2003', 1)":"JUSTICIALISTA","('0176-D-2003', 2)":"UCR"},"('Giros', 'COMISI\u00d3N')":{"('0176-D-2003', 0)":"AGRICULTURA Y GANADERIA","('0176-D-2003', 1)":null,"('0176-D-2003', 2)":null},"('Tramites', 'C\u00c1MARA')":{"('0176-D-2003', 0)":"Diputados","('0176-D-2003', 1)":null,"('0176-D-2003', 2)":null},"('Tramites', 'MOVIMIENTO')":{"('0176-D-2003', 0)":"CONSIDERACION Y APROBACION","('0176-D-2003', 1)":null,"('0176-D-2003', 2)":null},"('Tramites', 'FECHA')":{"('0176-D-2003', 0)":"08\/05\/2003","('0176-D-2003', 1)":null,"('0176-D-2003', 2)":null},"('Tramites', 'RESULTADO')":{"('0176-D-2003', 0)":"APROBADO","('0176-D-2003', 1)":null,"('0176-D-2003', 2)":null},"Palabra Clave":{"('0176-D-2003', 0)":" ","('0176-D-2003', 1)":null,"('0176-D-2003', 2)":null}}