{"Tipo de Proyecto":{"('0176-PE-2003', 0)":"MENSAJE NRO: 0177\/03","('0176-PE-2003', 1)":null},"Iniciado en: ":{"('0176-PE-2003', 0)":"Senado","('0176-PE-2003', 1)":null},"Expediente Senado: ":{"('0176-PE-2003', 0)":"0176-PE-2003","('0176-PE-2003', 1)":null},"Publicado en: ":{"('0176-PE-2003', 0)":"DAE S.A. N\u00b0 7","('0176-PE-2003', 1)":null},"Fecha: ":{"('0176-PE-2003', 0)":"11\/06\/2003","('0176-PE-2003', 1)":null},"T\u00edtulo":{"('0176-PE-2003', 0)":"SOLICITA ACUERDO PARA PROMOVER AL GRADO INMEDIATO SUPERIOR, CON FECHA 27\/05\/2003 AL GRADO DE VICEALMIRANTE, AL CONTRAALMIRANTE JORGE OMAR GODOY.","('0176-PE-2003', 1)":null},"('Firmantes', 'FIRMANTE')":{"('0176-PE-2003', 0)":"KIRCHNER, NESTOR CARLOS","('0176-PE-2003', 1)":"PAMPURO, JOSE JUAN BAUTISTA"},"('Firmantes', 'DISTRITO')":{"('0176-PE-2003', 0)":null,"('0176-PE-2003', 1)":null},"('Firmantes', 'BLOQUE')":{"('0176-PE-2003', 0)":"PODER EJECUTIVO","('0176-PE-2003', 1)":"PODER EJECUTIVO"},"('Tramites', 'C\u00c1MARA')":{"('0176-PE-2003', 0)":"Senado","('0176-PE-2003', 1)":null},"('Tramites', 'MOVIMIENTO')":{"('0176-PE-2003', 0)":"CONSIDERACION Y APROBACION","('0176-PE-2003', 1)":null},"('Tramites', 'FECHA')":{"('0176-PE-2003', 0)":"02\/07\/2003","('0176-PE-2003', 1)":null},"('Tramites', 'RESULTADO')":{"('0176-PE-2003', 0)":"APROBADO","('0176-PE-2003', 1)":null},"Palabra Clave":{"('0176-PE-2003', 0)":" ","('0176-PE-2003', 1)":null}}