{"Tipo de Proyecto":{"('0177-S-2003', 0)":"PROYECTO DE RESOLUCI\u00d3N","('0177-S-2003', 1)":null,"('0177-S-2003', 2)":null,"('0177-S-2003', 3)":null},"Iniciado en: ":{"('0177-S-2003', 0)":"Senado","('0177-S-2003', 1)":null,"('0177-S-2003', 2)":null,"('0177-S-2003', 3)":null},"Expediente Diputados: ":{"('0177-S-2003', 0)":"0177-S-2003","('0177-S-2003', 1)":null,"('0177-S-2003', 2)":null,"('0177-S-2003', 3)":null},"Expediente Senado: ":{"('0177-S-2003', 0)":"0390-OV-2001","('0177-S-2003', 1)":null,"('0177-S-2003', 2)":null,"('0177-S-2003', 3)":null},"Fecha: ":{"('0177-S-2003', 0)":"26\/09\/2003","('0177-S-2003', 1)":null,"('0177-S-2003', 2)":null,"('0177-S-2003', 3)":null},"T\u00edtulo":{"('0177-S-2003', 0)":"PEDIDO DE INFORMES AL PODER EJECUTIVO SOBRE RESOLUCION REMITIDA POR LA AUDITORIA GENERAL DE LA NACION SOBRE INFORME DE AUDITORIA REFERIDO A VERIFICAR SI EL ENTE NACIONAL REGULADOR DEL GAS EFECTUO UN CONTROL EFICIENTE Y EFICAZ EN RELACION EN CUMPLIMIENTO DE LAS INVERSIONES OBLIGATORIAS Y NO OBLIGATORIAS DE LAS SOCIEDADES LICENCIATARIAS DE DISTRIBUCION.","('0177-S-2003', 1)":null,"('0177-S-2003', 2)":null,"('0177-S-2003', 3)":null},"('Firmantes', 'FIRMANTE')":{"('0177-S-2003', 0)":"PARLAMENTARIA MIXTA REVISORA DE CUENTAS","('0177-S-2003', 1)":null,"('0177-S-2003', 2)":null,"('0177-S-2003', 3)":null},"('Firmantes', 'DISTRITO')":{"('0177-S-2003', 0)":null,"('0177-S-2003', 1)":null,"('0177-S-2003', 2)":null,"('0177-S-2003', 3)":null},"('Firmantes', 'BLOQUE')":{"('0177-S-2003', 0)":null,"('0177-S-2003', 1)":null,"('0177-S-2003', 2)":null,"('0177-S-2003', 3)":null},"('Giros', 'COMISI\u00d3N')":{"('0177-S-2003', 0)":"PARLAMENTARIA MIXTA REVISORA DE CUENTAS","('0177-S-2003', 1)":null,"('0177-S-2003', 2)":null,"('0177-S-2003', 3)":null},"('Tramites', 'C\u00c1MARA')":{"('0177-S-2003', 0)":"Senado","('0177-S-2003', 1)":"Diputados","('0177-S-2003', 2)":"Diputados","('0177-S-2003', 3)":"Diputados"},"('Tramites', 'MOVIMIENTO')":{"('0177-S-2003', 0)":"CONSIDERACION Y APROBACION","('0177-S-2003', 1)":"PASA A DIPUTADOS -","('0177-S-2003', 2)":"CONSIDERACION Y APROBACION","('0177-S-2003', 3)":"CONTESTACION DEL PODER EJECUTIVO NACIONAL - JEFE DE GABINETE DE MINISTROS - GIRADO A LA COMISION RESPECTIVA"},"('Tramites', 'FECHA')":{"('0177-S-2003', 0)":"15\/10\/2003","('0177-S-2003', 1)":null,"('0177-S-2003', 2)":"12\/11\/2003","('0177-S-2003', 3)":"22\/02\/2006"},"('Tramites', 'RESULTADO')":{"('0177-S-2003', 0)":"APROBADO","('0177-S-2003', 1)":null,"('0177-S-2003', 2)":"APROBADO","('0177-S-2003', 3)":null},"Link":{"('0177-S-2003', 0)":"http:\/\/www.senado.gov.ar\/parlamentario\/comisiones\/verExp\/390.01\/OV\/PR","('0177-S-2003', 1)":null,"('0177-S-2003', 2)":null,"('0177-S-2003', 3)":null},"Palabra Clave":{"('0177-S-2003', 0)":" ","('0177-S-2003', 1)":null,"('0177-S-2003', 2)":null,"('0177-S-2003', 3)":null}}