{"Tipo de Proyecto":{"('0179-D-2003', 0)":"PROYECTO DE DECLARACI\u00d3N"},"Iniciado en: ":{"('0179-D-2003', 0)":"Diputados"},"Expediente Diputados: ":{"('0179-D-2003', 0)":"0179-D-2003"},"Publicado en: ":{"('0179-D-2003', 0)":"Tr\u00e1mite Parlamentario N\u00b0 1"},"Fecha: ":{"('0179-D-2003', 0)":"03\/03\/2003"},"T\u00edtulo":{"('0179-D-2003', 0)":"EXPRESAR PREOCUPACION ANTE LAS DENUNCIAS REALIZADAS POR EL DIARIO \"RIO NEGRO\" POR SUPRIMIRLE EL GOBIERNO NEUQUINO LAS PUBLICIDADES OFICIALES, A PARTIR DE DICIEMBRE DE 2002"},"('Firmantes', 'FIRMANTE')":{"('0179-D-2003', 0)":"FERRERO, FERNANDA"},"('Firmantes', 'DISTRITO')":{"('0179-D-2003', 0)":"CIUDAD de BUENOS AIRES"},"('Firmantes', 'BLOQUE')":{"('0179-D-2003', 0)":"FEDERAL"},"('Giros', 'COMISI\u00d3N')":{"('0179-D-2003', 0)":"LIBERTAD DE EXPRESION"},"('Tramites', 'C\u00c1MARA')":{"('0179-D-2003', 0)":"Diputados"},"('Tramites', 'MOVIMIENTO')":{"('0179-D-2003', 0)":"CONSIDERACION Y APROBACION"},"('Tramites', 'FECHA')":{"('0179-D-2003', 0)":"08\/05\/2003"},"('Tramites', 'RESULTADO')":{"('0179-D-2003', 0)":"APROBADO"},"Palabra Clave":{"('0179-D-2003', 0)":" "}}