{"Tipo de Proyecto":{"('0180-S-2003', 0)":"PROYECTO DE RESOLUCI\u00d3N","('0180-S-2003', 1)":null,"('0180-S-2003', 2)":null,"('0180-S-2003', 3)":null},"Iniciado en: ":{"('0180-S-2003', 0)":"Senado","('0180-S-2003', 1)":null,"('0180-S-2003', 2)":null,"('0180-S-2003', 3)":null},"Expediente Diputados: ":{"('0180-S-2003', 0)":"0180-S-2003","('0180-S-2003', 1)":null,"('0180-S-2003', 2)":null,"('0180-S-2003', 3)":null},"Expediente Senado: ":{"('0180-S-2003', 0)":"0043-OV-2002","('0180-S-2003', 1)":null,"('0180-S-2003', 2)":null,"('0180-S-2003', 3)":null},"Fecha: ":{"('0180-S-2003', 0)":"30\/09\/2003","('0180-S-2003', 1)":null,"('0180-S-2003', 2)":null,"('0180-S-2003', 3)":null},"T\u00edtulo":{"('0180-S-2003', 0)":"PEDIDO DE INFORMES AL PODER EJECUTIVO SOBRE RESOLUCION REMITIDA POR LA AUDITORIA GENERAL DE LA NACION SOBRE UN EXAMEN ESPECIAL EN EL AMBITO DE LA EX SECRETARIA DE OBRAS Y SERVICIOS PUBLICOS, DEPENDIENTE DEL EX MINISTERIO DE ECONOMIA Y OBRAS Y SERVICIOS PUBLICOS, CON EL OBJETO DE EFECTUAR EL ANALISIS DEL PROCEDIMIENTO DE SELECCION CORRESPONDIENTE AL CONTRATO DE CONCESION DE OBRA PUBLICA POR PEAJE PARA LA CONSTRUCCION, MANTENIMIENTO Y EXPLOTACION DE OBRA DE CONEXION FISICA ENTRE LAS CIUDADES DE ROSARIO (SANTA FE) Y VICTORIA (ENTRE RIOS).","('0180-S-2003', 1)":null,"('0180-S-2003', 2)":null,"('0180-S-2003', 3)":null},"('Firmantes', 'FIRMANTE')":{"('0180-S-2003', 0)":"PARLAMENTARIA MIXTA REVISORA DE CUENTAS","('0180-S-2003', 1)":null,"('0180-S-2003', 2)":null,"('0180-S-2003', 3)":null},"('Firmantes', 'DISTRITO')":{"('0180-S-2003', 0)":null,"('0180-S-2003', 1)":null,"('0180-S-2003', 2)":null,"('0180-S-2003', 3)":null},"('Firmantes', 'BLOQUE')":{"('0180-S-2003', 0)":null,"('0180-S-2003', 1)":null,"('0180-S-2003', 2)":null,"('0180-S-2003', 3)":null},"('Giros', 'COMISI\u00d3N')":{"('0180-S-2003', 0)":"PARLAMENTARIA MIXTA REVISORA DE CUENTAS","('0180-S-2003', 1)":null,"('0180-S-2003', 2)":null,"('0180-S-2003', 3)":null},"('Tramites', 'C\u00c1MARA')":{"('0180-S-2003', 0)":"Senado","('0180-S-2003', 1)":"Diputados","('0180-S-2003', 2)":"Diputados","('0180-S-2003', 3)":"Diputados"},"('Tramites', 'MOVIMIENTO')":{"('0180-S-2003', 0)":"CONSIDERACION Y APROBACION","('0180-S-2003', 1)":"PASA A DIPUTADOS -","('0180-S-2003', 2)":"CONSIDERACION Y APROBACION","('0180-S-2003', 3)":"CONTESTACION DEL PODER EJECUTIVO NACIONAL - JEFE DE GABINETE DE MINISTROS - GIRADO A LA COMISION RESPECTIVA"},"('Tramites', 'FECHA')":{"('0180-S-2003', 0)":"15\/10\/2003","('0180-S-2003', 1)":null,"('0180-S-2003', 2)":"26\/11\/2003","('0180-S-2003', 3)":"20\/12\/2006"},"('Tramites', 'RESULTADO')":{"('0180-S-2003', 0)":"APROBADO","('0180-S-2003', 1)":null,"('0180-S-2003', 2)":"APROBADO","('0180-S-2003', 3)":null},"Link":{"('0180-S-2003', 0)":"http:\/\/www.senado.gov.ar\/parlamentario\/comisiones\/verExp\/43.02\/OV\/PR","('0180-S-2003', 1)":null,"('0180-S-2003', 2)":null,"('0180-S-2003', 3)":null},"Palabra Clave":{"('0180-S-2003', 0)":" ","('0180-S-2003', 1)":null,"('0180-S-2003', 2)":null,"('0180-S-2003', 3)":null}}