{"Tipo de Proyecto":{"('0181-S-2003', 0)":"PROYECTO DE RESOLUCI\u00d3N","('0181-S-2003', 1)":null,"('0181-S-2003', 2)":null,"('0181-S-2003', 3)":null},"Iniciado en: ":{"('0181-S-2003', 0)":"Senado","('0181-S-2003', 1)":null,"('0181-S-2003', 2)":null,"('0181-S-2003', 3)":null},"Expediente Diputados: ":{"('0181-S-2003', 0)":"0181-S-2003","('0181-S-2003', 1)":null,"('0181-S-2003', 2)":null,"('0181-S-2003', 3)":null},"Expediente Senado: ":{"('0181-S-2003', 0)":"0039-OV-2002","('0181-S-2003', 1)":null,"('0181-S-2003', 2)":null,"('0181-S-2003', 3)":null},"Fecha: ":{"('0181-S-2003', 0)":"30\/09\/2003","('0181-S-2003', 1)":null,"('0181-S-2003', 2)":null,"('0181-S-2003', 3)":null},"T\u00edtulo":{"('0181-S-2003', 0)":"PEDIDO DE INFORMES AL PODER EJECUTIVO SOBRE RESOLUCION REMITIDA POR LA AUDITORIA GENERAL DE LA NACION SOBRE UNA AUDITORIA DE GESTION, REFERIDAS AL SISTEMA DE AUTORIZACION Y FISCALIZACION DE LAS SOCIEDADES CALIFICADORAS DE RIESGO (SCR) Y FIDEICOMISOS FINANCIEROS (FF), REALIZADA EN EL AMBITO DE LA COMISION NACIONAL DE VALORES (CNV).","('0181-S-2003', 1)":null,"('0181-S-2003', 2)":null,"('0181-S-2003', 3)":null},"('Firmantes', 'FIRMANTE')":{"('0181-S-2003', 0)":"PARLAMENTARIA MIXTA REVISORA DE CUENTAS","('0181-S-2003', 1)":null,"('0181-S-2003', 2)":null,"('0181-S-2003', 3)":null},"('Firmantes', 'DISTRITO')":{"('0181-S-2003', 0)":null,"('0181-S-2003', 1)":null,"('0181-S-2003', 2)":null,"('0181-S-2003', 3)":null},"('Firmantes', 'BLOQUE')":{"('0181-S-2003', 0)":null,"('0181-S-2003', 1)":null,"('0181-S-2003', 2)":null,"('0181-S-2003', 3)":null},"('Giros', 'COMISI\u00d3N')":{"('0181-S-2003', 0)":"PARLAMENTARIA MIXTA REVISORA DE CUENTAS","('0181-S-2003', 1)":null,"('0181-S-2003', 2)":null,"('0181-S-2003', 3)":null},"('Tramites', 'C\u00c1MARA')":{"('0181-S-2003', 0)":"Senado","('0181-S-2003', 1)":"Diputados","('0181-S-2003', 2)":"Diputados","('0181-S-2003', 3)":"Diputados"},"('Tramites', 'MOVIMIENTO')":{"('0181-S-2003', 0)":"CONSIDERACION Y APROBACION","('0181-S-2003', 1)":"PASA A DIPUTADOS -","('0181-S-2003', 2)":"CONSIDERACION Y APROBACION","('0181-S-2003', 3)":"CONTESTACION DEL PODER EJECUTIVO NACIONAL - JEFE DE GABINETE DE MINISTROS - GIRADO A LA COMISION RESPECTIVA"},"('Tramites', 'FECHA')":{"('0181-S-2003', 0)":"15\/10\/2003","('0181-S-2003', 1)":null,"('0181-S-2003', 2)":"26\/11\/2003","('0181-S-2003', 3)":"07\/07\/2004"},"('Tramites', 'RESULTADO')":{"('0181-S-2003', 0)":"APROBADO","('0181-S-2003', 1)":null,"('0181-S-2003', 2)":"APROBADO","('0181-S-2003', 3)":null},"Link":{"('0181-S-2003', 0)":"http:\/\/www.senado.gov.ar\/parlamentario\/comisiones\/verExp\/39.02\/OV\/PR","('0181-S-2003', 1)":null,"('0181-S-2003', 2)":null,"('0181-S-2003', 3)":null},"Palabra Clave":{"('0181-S-2003', 0)":" ","('0181-S-2003', 1)":null,"('0181-S-2003', 2)":null,"('0181-S-2003', 3)":null}}