{"Tipo de Proyecto":{"('0181-D-2003', 0)":"PROYECTO DE DECLARACI\u00d3N","('0181-D-2003', 1)":null},"Iniciado en: ":{"('0181-D-2003', 0)":"Diputados","('0181-D-2003', 1)":null},"Expediente Diputados: ":{"('0181-D-2003', 0)":"0181-D-2003","('0181-D-2003', 1)":null},"Publicado en: ":{"('0181-D-2003', 0)":"Tr\u00e1mite Parlamentario N\u00b0 1","('0181-D-2003', 1)":null},"Fecha: ":{"('0181-D-2003', 0)":"03\/03\/2003","('0181-D-2003', 1)":null},"T\u00edtulo":{"('0181-D-2003', 0)":"DECLARAR DE INTERES EDUCATIVO LA CONMEMORACION DEL 22 DE FEBRERO, COMO DIA DE LA ANTARTIDA ARGENTINA.","('0181-D-2003', 1)":null},"('Firmantes', 'FIRMANTE')":{"('0181-D-2003', 0)":"FERRERO, FERNANDA","('0181-D-2003', 1)":null},"('Firmantes', 'DISTRITO')":{"('0181-D-2003', 0)":"CIUDAD de BUENOS AIRES","('0181-D-2003', 1)":null},"('Firmantes', 'BLOQUE')":{"('0181-D-2003', 0)":"FEDERAL","('0181-D-2003', 1)":null},"('Giros', 'COMISI\u00d3N')":{"('0181-D-2003', 0)":"DEFENSA NACIONAL","('0181-D-2003', 1)":"EDUCACION"},"('Tramites', 'C\u00c1MARA')":{"('0181-D-2003', 0)":"Diputados","('0181-D-2003', 1)":null},"('Tramites', 'MOVIMIENTO')":{"('0181-D-2003', 0)":"CONSIDERACION Y APROBACION","('0181-D-2003', 1)":null},"('Tramites', 'FECHA')":{"('0181-D-2003', 0)":"16\/07\/2003","('0181-D-2003', 1)":null},"('Tramites', 'RESULTADO')":{"('0181-D-2003', 0)":"APROBADO","('0181-D-2003', 1)":null},"Palabra Clave":{"('0181-D-2003', 0)":" ","('0181-D-2003', 1)":null}}