{"Tipo de Proyecto":{"('0183-S-2003', 0)":"PROYECTO DE RESOLUCI\u00d3N","('0183-S-2003', 1)":null,"('0183-S-2003', 2)":null,"('0183-S-2003', 3)":null},"Iniciado en: ":{"('0183-S-2003', 0)":"Senado","('0183-S-2003', 1)":null,"('0183-S-2003', 2)":null,"('0183-S-2003', 3)":null},"Expediente Diputados: ":{"('0183-S-2003', 0)":"0183-S-2003","('0183-S-2003', 1)":null,"('0183-S-2003', 2)":null,"('0183-S-2003', 3)":null},"Expediente Senado: ":{"('0183-S-2003', 0)":"0744-OV-2001","('0183-S-2003', 1)":null,"('0183-S-2003', 2)":null,"('0183-S-2003', 3)":null},"Fecha: ":{"('0183-S-2003', 0)":"30\/09\/2003","('0183-S-2003', 1)":null,"('0183-S-2003', 2)":null,"('0183-S-2003', 3)":null},"T\u00edtulo":{"('0183-S-2003', 0)":"PEDIDO DE INFORMES AL PODER EJECUTIVO SOBRE RESOLUCION REMITIDA POR LA AUDITORIA GENERAL DE LA NACION SOBRE UN INFORME DE AUDITORIA DE GESTION REFERIDA A LA EVALUACION DE LA GESTION DEL CENTRO DURANTE 1999, EN EL AMBITO DEL CENTRO NACIONAL DE REEDUCACION SOCIAL (CENARESO).","('0183-S-2003', 1)":null,"('0183-S-2003', 2)":null,"('0183-S-2003', 3)":null},"('Firmantes', 'FIRMANTE')":{"('0183-S-2003', 0)":"PARLAMENTARIA MIXTA REVISORA DE CUENTAS","('0183-S-2003', 1)":null,"('0183-S-2003', 2)":null,"('0183-S-2003', 3)":null},"('Firmantes', 'DISTRITO')":{"('0183-S-2003', 0)":null,"('0183-S-2003', 1)":null,"('0183-S-2003', 2)":null,"('0183-S-2003', 3)":null},"('Firmantes', 'BLOQUE')":{"('0183-S-2003', 0)":null,"('0183-S-2003', 1)":null,"('0183-S-2003', 2)":null,"('0183-S-2003', 3)":null},"('Giros', 'COMISI\u00d3N')":{"('0183-S-2003', 0)":"PARLAMENTARIA MIXTA REVISORA DE CUENTAS","('0183-S-2003', 1)":null,"('0183-S-2003', 2)":null,"('0183-S-2003', 3)":null},"('Tramites', 'C\u00c1MARA')":{"('0183-S-2003', 0)":"Senado","('0183-S-2003', 1)":"Diputados","('0183-S-2003', 2)":"Diputados","('0183-S-2003', 3)":"Diputados"},"('Tramites', 'MOVIMIENTO')":{"('0183-S-2003', 0)":"CONSIDERACION Y APROBACION","('0183-S-2003', 1)":"PASA A DIPUTADOS -","('0183-S-2003', 2)":"CONSIDERACION Y APROBACION","('0183-S-2003', 3)":"CONTESTACION DEL PODER EJECUTIVO NACIONAL - JEFE DE GABINETE DE MINISTROS - GIRADO A LA COMISION RESPECTIVA"},"('Tramites', 'FECHA')":{"('0183-S-2003', 0)":"15\/10\/2003","('0183-S-2003', 1)":null,"('0183-S-2003', 2)":"26\/11\/2003","('0183-S-2003', 3)":"04\/08\/2004"},"('Tramites', 'RESULTADO')":{"('0183-S-2003', 0)":"APROBADO","('0183-S-2003', 1)":null,"('0183-S-2003', 2)":"APROBADO","('0183-S-2003', 3)":null},"Link":{"('0183-S-2003', 0)":"http:\/\/www.senado.gov.ar\/parlamentario\/comisiones\/verExp\/744.01\/OV\/PR","('0183-S-2003', 1)":null,"('0183-S-2003', 2)":null,"('0183-S-2003', 3)":null},"Palabra Clave":{"('0183-S-2003', 0)":" ","('0183-S-2003', 1)":null,"('0183-S-2003', 2)":null,"('0183-S-2003', 3)":null}}