{"Tipo de Proyecto":{"('0183-D-2003', 0)":"PROYECTO DE DECLARACI\u00d3N","('0183-D-2003', 1)":null},"Iniciado en: ":{"('0183-D-2003', 0)":"Diputados","('0183-D-2003', 1)":null},"Expediente Diputados: ":{"('0183-D-2003', 0)":"0183-D-2003","('0183-D-2003', 1)":null},"Publicado en: ":{"('0183-D-2003', 0)":"Tr\u00e1mite Parlamentario N\u00b0 1","('0183-D-2003', 1)":null},"Fecha: ":{"('0183-D-2003', 0)":"03\/03\/2003","('0183-D-2003', 1)":null},"T\u00edtulo":{"('0183-D-2003', 0)":"EXPRESAR PREOCUPACION POR LA DETENCION E INCOMUNICACION DEL PERIODISTA FERNANDO RUIZ PARRA EN CUBA.","('0183-D-2003', 1)":null},"('Firmantes', 'FIRMANTE')":{"('0183-D-2003', 0)":"FERRERO, FERNANDA","('0183-D-2003', 1)":null},"('Firmantes', 'DISTRITO')":{"('0183-D-2003', 0)":"CIUDAD de BUENOS AIRES","('0183-D-2003', 1)":null},"('Firmantes', 'BLOQUE')":{"('0183-D-2003', 0)":"FEDERAL","('0183-D-2003', 1)":null},"('Giros', 'COMISI\u00d3N')":{"('0183-D-2003', 0)":"LIBERTAD DE EXPRESION","('0183-D-2003', 1)":"RELACIONES EXTERIORES Y CULTO"},"Palabra Clave":{"('0183-D-2003', 0)":" ","('0183-D-2003', 1)":null}}