{"Tipo de Proyecto":{"('0184-D-2003', 0)":"PROYECTO DE DECLARACI\u00d3N"},"Iniciado en: ":{"('0184-D-2003', 0)":"Diputados"},"Expediente Diputados: ":{"('0184-D-2003', 0)":"0184-D-2003"},"Publicado en: ":{"('0184-D-2003', 0)":"Tr\u00e1mite Parlamentario N\u00b0 1"},"Fecha: ":{"('0184-D-2003', 0)":"03\/03\/2003"},"T\u00edtulo":{"('0184-D-2003', 0)":"EXPRESAR BENEPLACITO POR LA CELEBRACION DEL DIA INTERNACIONAL DE LOS DERECHOS DE LA MUJER, EL DIA 8 DE MARZO DE 2003."},"('Firmantes', 'FIRMANTE')":{"('0184-D-2003', 0)":"FERRERO, FERNANDA"},"('Firmantes', 'DISTRITO')":{"('0184-D-2003', 0)":"CIUDAD de BUENOS AIRES"},"('Firmantes', 'BLOQUE')":{"('0184-D-2003', 0)":"FEDERAL"},"('Giros', 'COMISI\u00d3N')":{"('0184-D-2003', 0)":"FAMILIA, MUJER, NI\u00d1EZ Y ADOLESCENCIA"},"('Tramites', 'C\u00c1MARA')":{"('0184-D-2003', 0)":"Diputados"},"('Tramites', 'MOVIMIENTO')":{"('0184-D-2003', 0)":"CONSIDERACION Y APROBACION CONJUNTAMENTE PARA LOS EXPEDIENTES 0184-D-2003, 0009-D-2003, 0240-D-2003, 0309-D-2003 y 0615-D-2003"},"('Tramites', 'FECHA')":{"('0184-D-2003', 0)":"16\/07\/2003"},"('Tramites', 'RESULTADO')":{"('0184-D-2003', 0)":"APROBADO"},"Palabra Clave":{"('0184-D-2003', 0)":" "}}