{"Tipo de Proyecto":{"('0184-S-2003', 0)":"PROYECTO DE RESOLUCI\u00d3N","('0184-S-2003', 1)":null,"('0184-S-2003', 2)":null,"('0184-S-2003', 3)":null},"Iniciado en: ":{"('0184-S-2003', 0)":"Senado","('0184-S-2003', 1)":null,"('0184-S-2003', 2)":null,"('0184-S-2003', 3)":null},"Expediente Diputados: ":{"('0184-S-2003', 0)":"0184-S-2003","('0184-S-2003', 1)":null,"('0184-S-2003', 2)":null,"('0184-S-2003', 3)":null},"Expediente Senado: ":{"('0184-S-2003', 0)":"0728-OV-2001","('0184-S-2003', 1)":null,"('0184-S-2003', 2)":null,"('0184-S-2003', 3)":null},"Fecha: ":{"('0184-S-2003', 0)":"30\/09\/2003","('0184-S-2003', 1)":null,"('0184-S-2003', 2)":null,"('0184-S-2003', 3)":null},"T\u00edtulo":{"('0184-S-2003', 0)":"PEDIDO DE INFORMES AL PODER EJECUTIVO SOBRE RESOLUCION REMITIDA POR LA AUDITORIA GENERAL DE LA NACION REFERENTE AL INFORME DE AUDITORIA DE LAS AREAS DE CONTROL INTEGRADO (ACI) DE POSADAS (MISIONES) - ENCARNACION (PARAGUAY) Y CONCORDIA (ENTRE RIOS) - SALTO (URUGUAY), EN EL AMBITO DE LA DIRECCION GENERAL DE ADUANAS.","('0184-S-2003', 1)":null,"('0184-S-2003', 2)":null,"('0184-S-2003', 3)":null},"('Firmantes', 'FIRMANTE')":{"('0184-S-2003', 0)":"PARLAMENTARIA MIXTA REVISORA DE CUENTAS","('0184-S-2003', 1)":null,"('0184-S-2003', 2)":null,"('0184-S-2003', 3)":null},"('Firmantes', 'DISTRITO')":{"('0184-S-2003', 0)":null,"('0184-S-2003', 1)":null,"('0184-S-2003', 2)":null,"('0184-S-2003', 3)":null},"('Firmantes', 'BLOQUE')":{"('0184-S-2003', 0)":null,"('0184-S-2003', 1)":null,"('0184-S-2003', 2)":null,"('0184-S-2003', 3)":null},"('Giros', 'COMISI\u00d3N')":{"('0184-S-2003', 0)":"PARLAMENTARIA MIXTA REVISORA DE CUENTAS","('0184-S-2003', 1)":null,"('0184-S-2003', 2)":null,"('0184-S-2003', 3)":null},"('Tramites', 'C\u00c1MARA')":{"('0184-S-2003', 0)":"Senado","('0184-S-2003', 1)":"Diputados","('0184-S-2003', 2)":"Diputados","('0184-S-2003', 3)":"Diputados"},"('Tramites', 'MOVIMIENTO')":{"('0184-S-2003', 0)":"CONSIDERACION Y APROBACION","('0184-S-2003', 1)":"PASA A DIPUTADOS -","('0184-S-2003', 2)":"CONSIDERACION Y APROBACION","('0184-S-2003', 3)":"CONTESTACION DEL PODER EJECUTIVO NACIONAL - JEFE DE GABINETE DE MINISTROS - GIRADO A LA COMISION RESPECTIVA"},"('Tramites', 'FECHA')":{"('0184-S-2003', 0)":"15\/10\/2003","('0184-S-2003', 1)":null,"('0184-S-2003', 2)":"26\/11\/2003","('0184-S-2003', 3)":"29\/11\/2006"},"('Tramites', 'RESULTADO')":{"('0184-S-2003', 0)":"APROBADO","('0184-S-2003', 1)":null,"('0184-S-2003', 2)":"APROBADO","('0184-S-2003', 3)":null},"Link":{"('0184-S-2003', 0)":"http:\/\/www.senado.gov.ar\/parlamentario\/comisiones\/verExp\/728.01\/OV\/PR","('0184-S-2003', 1)":null,"('0184-S-2003', 2)":null,"('0184-S-2003', 3)":null},"Palabra Clave":{"('0184-S-2003', 0)":" ","('0184-S-2003', 1)":null,"('0184-S-2003', 2)":null,"('0184-S-2003', 3)":null}}