{"Tipo de Proyecto":{"('0185-D-2003', 0)":"PROYECTO DE LEY"},"Iniciado en: ":{"('0185-D-2003', 0)":"Diputados"},"Expediente Diputados: ":{"('0185-D-2003', 0)":"0185-D-2003"},"Publicado en: ":{"('0185-D-2003', 0)":"Tr\u00e1mite Parlamentario N\u00b0 1"},"Fecha: ":{"('0185-D-2003', 0)":"03\/03\/2003"},"T\u00edtulo":{"('0185-D-2003', 0)":"MODIFICACIONES A LOS ARTICULOS 163 Y 166 DEL CODIGO PENAL SOBRE HURTO O ROBO EN LOS ESTABLECIMIENTOS EDUCATIVOS, HOSPITALES O INSTITUCIONES DE SALUD, PUBLICAS O PRIVADAS."},"('Firmantes', 'FIRMANTE')":{"('0185-D-2003', 0)":"FAYAD, VICTOR MANUEL FEDERICO"},"('Firmantes', 'DISTRITO')":{"('0185-D-2003', 0)":"MENDOZA"},"('Firmantes', 'BLOQUE')":{"('0185-D-2003', 0)":"UCR"},"('Giros', 'COMISI\u00d3N')":{"('0185-D-2003', 0)":"LEGISLACION PENAL"},"Sumario":{"('0185-D-2003', 0)":"INCORPORACION DEL INCISO 7 AL ARTICULO 163 E INCORPORACION DEL INCISO 3 AL ARTICULO 166."},"Palabra Clave":{"('0185-D-2003', 0)":" "}}