{"Tipo de Proyecto":{"('0185-S-2003', 0)":"PROYECTO DE RESOLUCI\u00d3N","('0185-S-2003', 1)":null,"('0185-S-2003', 2)":null,"('0185-S-2003', 3)":null},"Iniciado en: ":{"('0185-S-2003', 0)":"Senado","('0185-S-2003', 1)":null,"('0185-S-2003', 2)":null,"('0185-S-2003', 3)":null},"Expediente Diputados: ":{"('0185-S-2003', 0)":"0185-S-2003","('0185-S-2003', 1)":null,"('0185-S-2003', 2)":null,"('0185-S-2003', 3)":null},"Expediente Senado: ":{"('0185-S-2003', 0)":"0722-OV-2001","('0185-S-2003', 1)":null,"('0185-S-2003', 2)":null,"('0185-S-2003', 3)":null},"Fecha: ":{"('0185-S-2003', 0)":"30\/09\/2003","('0185-S-2003', 1)":null,"('0185-S-2003', 2)":null,"('0185-S-2003', 3)":null},"T\u00edtulo":{"('0185-S-2003', 0)":"PEDIDO DE INFORMES AL PODER EJECUTIVO SOBRE RESOLUCION REMITIDA POR LA AUDITORIA GENERAL DE LA NACION REFERIDA A UNA AUDITORIA SOBRE LA VERIFICACION DEL MONTO DE LA DEUDA DEL ESTADO NACIONAL CON LOS ENTES CONCESIONARIOS DE LA RED VIAL NACIONAL, RECONOCIDA MEDIANTE LAS ACTAS DE COOPERACION FIRMADAS EL 6 DE ENERO DE 2000 Y LAS ACTAS DE ACUERDO APROBADAS POR DECRETO 92\/2001, EN EL AMBITO DE LA SECRETARIA DE OBRAS PUBLICAS.","('0185-S-2003', 1)":null,"('0185-S-2003', 2)":null,"('0185-S-2003', 3)":null},"('Firmantes', 'FIRMANTE')":{"('0185-S-2003', 0)":"PARLAMENTARIA MIXTA REVISORA DE CUENTAS","('0185-S-2003', 1)":null,"('0185-S-2003', 2)":null,"('0185-S-2003', 3)":null},"('Firmantes', 'DISTRITO')":{"('0185-S-2003', 0)":null,"('0185-S-2003', 1)":null,"('0185-S-2003', 2)":null,"('0185-S-2003', 3)":null},"('Firmantes', 'BLOQUE')":{"('0185-S-2003', 0)":null,"('0185-S-2003', 1)":null,"('0185-S-2003', 2)":null,"('0185-S-2003', 3)":null},"('Giros', 'COMISI\u00d3N')":{"('0185-S-2003', 0)":"PARLAMENTARIA MIXTA REVISORA DE CUENTAS","('0185-S-2003', 1)":null,"('0185-S-2003', 2)":null,"('0185-S-2003', 3)":null},"('Tramites', 'C\u00c1MARA')":{"('0185-S-2003', 0)":"Senado","('0185-S-2003', 1)":"Diputados","('0185-S-2003', 2)":"Diputados","('0185-S-2003', 3)":"Diputados"},"('Tramites', 'MOVIMIENTO')":{"('0185-S-2003', 0)":"CONSIDERACION Y APROBACION","('0185-S-2003', 1)":"PASA A DIPUTADOS -","('0185-S-2003', 2)":"CONSIDERACION Y APROBACION","('0185-S-2003', 3)":"CONTESTACION DEL PODER EJECUTIVO NACIONAL - JEFE DE GABINETE DE MINISTROS - GIRADO A LA COMISION RESPECTIVA"},"('Tramites', 'FECHA')":{"('0185-S-2003', 0)":"15\/10\/2003","('0185-S-2003', 1)":null,"('0185-S-2003', 2)":"26\/11\/2003","('0185-S-2003', 3)":"14\/03\/2007"},"('Tramites', 'RESULTADO')":{"('0185-S-2003', 0)":"APROBADO","('0185-S-2003', 1)":null,"('0185-S-2003', 2)":"APROBADO","('0185-S-2003', 3)":null},"Link":{"('0185-S-2003', 0)":"http:\/\/www.senado.gov.ar\/parlamentario\/comisiones\/verExp\/722.01\/OV\/PR","('0185-S-2003', 1)":null,"('0185-S-2003', 2)":null,"('0185-S-2003', 3)":null},"Palabra Clave":{"('0185-S-2003', 0)":" ","('0185-S-2003', 1)":null,"('0185-S-2003', 2)":null,"('0185-S-2003', 3)":null}}