{"Tipo de Proyecto":{"('0190-S-2003', 0)":"PROYECTO DE LEY","('0190-S-2003', 1)":null},"Iniciado en: ":{"('0190-S-2003', 0)":"Senado","('0190-S-2003', 1)":null},"Expediente Diputados: ":{"('0190-S-2003', 0)":"0190-S-2003","('0190-S-2003', 1)":null},"Expediente Senado: ":{"('0190-S-2003', 0)":"1433-S-2003","('0190-S-2003', 1)":null},"Publicado en: ":{"('0190-S-2003', 0)":"Diario de Asuntos Entrados N\u00b0 88","('0190-S-2003', 1)":null},"Fecha: ":{"('0190-S-2003', 0)":"15\/07\/2003","('0190-S-2003', 1)":null},"T\u00edtulo":{"('0190-S-2003', 0)":"INSTITUYESE EL DIA 19 DE ABRIL DE CADA A\u00d1O COMO DIA NACIONAL DE LA CONVIVENCIA EN LA DIVERSIDAD CULTURAL.","('0190-S-2003', 1)":null},"('Firmantes', 'FIRMANTE')":{"('0190-S-2003', 0)":"FALCO, LUIS ALBERTO","('0190-S-2003', 1)":null},"('Firmantes', 'DISTRITO')":{"('0190-S-2003', 0)":"RIO NEGRO","('0190-S-2003', 1)":null},"('Firmantes', 'BLOQUE')":{"('0190-S-2003', 0)":"UCR","('0190-S-2003', 1)":null},"('Giros', 'COMISI\u00d3N')":{"('0190-S-2003', 0)":"LEGISLACION GENERAL","('0190-S-2003', 1)":null},"('Tramites', 'C\u00c1MARA')":{"('0190-S-2003', 0)":"Senado","('0190-S-2003', 1)":"Diputados"},"('Tramites', 'MOVIMIENTO')":{"('0190-S-2003', 0)":"CONSIDERACION Y APROBACION","('0190-S-2003', 1)":"PASA A DIPUTADOS - (TP 164)"},"('Tramites', 'FECHA')":{"('0190-S-2003', 0)":"15\/10\/2003","('0190-S-2003', 1)":null},"('Tramites', 'RESULTADO')":{"('0190-S-2003', 0)":"MEDIA SANCION","('0190-S-2003', 1)":null},"Sumario":{"('0190-S-2003', 0)":"ORGANIZACION DE CAMPA\u00d1AS DE DIFUSION.","('0190-S-2003', 1)":null},"Palabra Clave":{"('0190-S-2003', 0)":" ","('0190-S-2003', 1)":null}}