{"Tipo de Proyecto":{"('0191-S-2003', 0)":"PROYECTO DE LEY","('0191-S-2003', 1)":null,"('0191-S-2003', 2)":null,"('0191-S-2003', 3)":null,"('0191-S-2003', 4)":null,"('0191-S-2003', 5)":null,"('0191-S-2003', 6)":null},"Iniciado en: ":{"('0191-S-2003', 0)":"Senado","('0191-S-2003', 1)":null,"('0191-S-2003', 2)":null,"('0191-S-2003', 3)":null,"('0191-S-2003', 4)":null,"('0191-S-2003', 5)":null,"('0191-S-2003', 6)":null},"Expediente Diputados: ":{"('0191-S-2003', 0)":"0191-S-2003","('0191-S-2003', 1)":null,"('0191-S-2003', 2)":null,"('0191-S-2003', 3)":null,"('0191-S-2003', 4)":null,"('0191-S-2003', 5)":null,"('0191-S-2003', 6)":null},"Expediente Senado: ":{"('0191-S-2003', 0)":"1333-S-2003","('0191-S-2003', 1)":null,"('0191-S-2003', 2)":null,"('0191-S-2003', 3)":null,"('0191-S-2003', 4)":null,"('0191-S-2003', 5)":null,"('0191-S-2003', 6)":null},"Publicado en: ":{"('0191-S-2003', 0)":"Diario de Asuntos Entrados N\u00b0 83","('0191-S-2003', 1)":null,"('0191-S-2003', 2)":null,"('0191-S-2003', 3)":null,"('0191-S-2003', 4)":null,"('0191-S-2003', 5)":null,"('0191-S-2003', 6)":null},"Fecha: ":{"('0191-S-2003', 0)":"03\/07\/2003","('0191-S-2003', 1)":null,"('0191-S-2003', 2)":null,"('0191-S-2003', 3)":null,"('0191-S-2003', 4)":null,"('0191-S-2003', 5)":null,"('0191-S-2003', 6)":null},"T\u00edtulo":{"('0191-S-2003', 0)":"INSTITUYESE EL 16 DE JULIO COMO DIA DE LOS INTERESES ARGENTINOS EN EL MAR, EN HOMENAJE AL ALMIRANTE SEGUNDO R STORNI.","('0191-S-2003', 1)":null,"('0191-S-2003', 2)":null,"('0191-S-2003', 3)":null,"('0191-S-2003', 4)":null,"('0191-S-2003', 5)":null,"('0191-S-2003', 6)":null},"('Firmantes', 'FIRMANTE')":{"('0191-S-2003', 0)":"GOMEZ DE BERTONE, DEOLIDE CARMEN","('0191-S-2003', 1)":"USANDIZAGA, HORACIO DANIEL","('0191-S-2003', 2)":"BAGLINI, RAUL EDUARDO","('0191-S-2003', 3)":"GOMEZ DIEZ, RICARDO","('0191-S-2003', 4)":"CAPARROS, MABEL LUISA","('0191-S-2003', 5)":"BAR, GRACIELA YOLANDA","('0191-S-2003', 6)":"MENEM, EDUARDO"},"('Firmantes', 'DISTRITO')":{"('0191-S-2003', 0)":"LA PAMPA","('0191-S-2003', 1)":"SANTA FE","('0191-S-2003', 2)":"MENDOZA","('0191-S-2003', 3)":"SALTA","('0191-S-2003', 4)":"TIERRA DEL FUEGO","('0191-S-2003', 5)":"ENTRE RIOS","('0191-S-2003', 6)":"LA RIOJA"},"('Firmantes', 'BLOQUE')":{"('0191-S-2003', 0)":"JUSTICIALISTA","('0191-S-2003', 1)":"UCR","('0191-S-2003', 2)":"UCR","('0191-S-2003', 3)":"RENOVADOR","('0191-S-2003', 4)":"JUSTICIALISTA","('0191-S-2003', 5)":"JUSTICIALISTA","('0191-S-2003', 6)":"JUSTICIALISTA"},"('Giros', 'COMISI\u00d3N')":{"('0191-S-2003', 0)":"LEGISLACION GENERAL","('0191-S-2003', 1)":null,"('0191-S-2003', 2)":null,"('0191-S-2003', 3)":null,"('0191-S-2003', 4)":null,"('0191-S-2003', 5)":null,"('0191-S-2003', 6)":null},"('Tramites', 'C\u00c1MARA')":{"('0191-S-2003', 0)":"Senado","('0191-S-2003', 1)":"Diputados","('0191-S-2003', 2)":"Diputados","('0191-S-2003', 3)":null,"('0191-S-2003', 4)":null,"('0191-S-2003', 5)":null,"('0191-S-2003', 6)":null},"('Tramites', 'MOVIMIENTO')":{"('0191-S-2003', 0)":"CONSIDERACION Y APROBACION","('0191-S-2003', 1)":"PASA A DIPUTADOS - (TP 164)","('0191-S-2003', 2)":"CONSIDERACION Y SANCION","('0191-S-2003', 3)":null,"('0191-S-2003', 4)":null,"('0191-S-2003', 5)":null,"('0191-S-2003', 6)":null},"('Tramites', 'FECHA')":{"('0191-S-2003', 0)":"15\/10\/2003","('0191-S-2003', 1)":null,"('0191-S-2003', 2)":"04\/12\/2003","('0191-S-2003', 3)":null,"('0191-S-2003', 4)":null,"('0191-S-2003', 5)":null,"('0191-S-2003', 6)":null},"('Tramites', 'RESULTADO')":{"('0191-S-2003', 0)":"MEDIA SANCION","('0191-S-2003', 1)":null,"('0191-S-2003', 2)":"SANCIONADO","('0191-S-2003', 3)":null,"('0191-S-2003', 4)":null,"('0191-S-2003', 5)":null,"('0191-S-2003', 6)":null},"Link":{"('0191-S-2003', 0)":"http:\/\/www.senado.gov.ar\/parlamentario\/comisiones\/verExp\/1333.03\/S\/PL","('0191-S-2003', 1)":null,"('0191-S-2003', 2)":null,"('0191-S-2003', 3)":null,"('0191-S-2003', 4)":null,"('0191-S-2003', 5)":null,"('0191-S-2003', 6)":null},"Palabra Clave":{"('0191-S-2003', 0)":" ","('0191-S-2003', 1)":null,"('0191-S-2003', 2)":null,"('0191-S-2003', 3)":null,"('0191-S-2003', 4)":null,"('0191-S-2003', 5)":null,"('0191-S-2003', 6)":null}}