{"Tipo de Proyecto":{"('0192-D-2003', 0)":"PROYECTO DE LEY","('0192-D-2003', 1)":null,"('0192-D-2003', 2)":null},"Iniciado en: ":{"('0192-D-2003', 0)":"Diputados","('0192-D-2003', 1)":null,"('0192-D-2003', 2)":null},"Expediente Diputados: ":{"('0192-D-2003', 0)":"0192-D-2003","('0192-D-2003', 1)":null,"('0192-D-2003', 2)":null},"Publicado en: ":{"('0192-D-2003', 0)":"Tr\u00e1mite Parlamentario N\u00b0 2","('0192-D-2003', 1)":null,"('0192-D-2003', 2)":null},"Fecha: ":{"('0192-D-2003', 0)":"04\/03\/2003","('0192-D-2003', 1)":null,"('0192-D-2003', 2)":null},"T\u00edtulo":{"('0192-D-2003', 0)":"CODIGO PENAL: MODIFICACIONES.","('0192-D-2003', 1)":null,"('0192-D-2003', 2)":null},"('Firmantes', 'FIRMANTE')":{"('0192-D-2003', 0)":"QUINTELA, RICARDO CLEMENTE","('0192-D-2003', 1)":null,"('0192-D-2003', 2)":null},"('Firmantes', 'DISTRITO')":{"('0192-D-2003', 0)":"LA RIOJA","('0192-D-2003', 1)":null,"('0192-D-2003', 2)":null},"('Firmantes', 'BLOQUE')":{"('0192-D-2003', 0)":"JUSTICIALISTA AZUL Y BLANCO","('0192-D-2003', 1)":null,"('0192-D-2003', 2)":null},"('Giros', 'COMISI\u00d3N')":{"('0192-D-2003', 0)":"LEGISLACION PENAL","('0192-D-2003', 1)":"ACCION SOCIAL Y SALUD PUBLICA","('0192-D-2003', 2)":null},"('Tramites', 'C\u00c1MARA')":{"('0192-D-2003', 0)":"Diputados","('0192-D-2003', 1)":"Diputados","('0192-D-2003', 2)":"Senado"},"('Tramites', 'MOVIMIENTO')":{"('0192-D-2003', 0)":"RESOLUCION DE PRESIDENCIA - AMPLIACION DE GIRO A LA COMISION DE ACCION SOCIAL Y SALUD PUBLICA.","('0192-D-2003', 1)":"CONSIDERACION Y APROBACION CONJUNTAMENTE PARA LOS EXPEDIENTES 6186-D-2002, 0153-PE-2002, 0133-CD-2003, 0192-D-2003 y 1603-D-2003","('0192-D-2003', 2)":"PASA A SENADO - (DAE 183) CONJUNTAMENTE PARA LOS EXPEDIENTES 6186-D-2002, 0153-PE-2002, 0133-CD-2003, 0192-D-2003 y 1603-D-2003"},"('Tramites', 'FECHA')":{"('0192-D-2003', 0)":"16\/07\/2003","('0192-D-2003', 1)":"26\/11\/2003","('0192-D-2003', 2)":null},"('Tramites', 'RESULTADO')":{"('0192-D-2003', 0)":null,"('0192-D-2003', 1)":"MEDIA SANCION","('0192-D-2003', 2)":null},"Sumario":{"('0192-D-2003', 0)":"INCORPORACION DEL ARTICULO 201 BIS SOBRE DELITOS COMETIDOS CON LA COMERCIALIZACION O DISTRIBUCION DE MEDICAMENTOS PROVENIENTES DE ILICITOS.","('0192-D-2003', 1)":null,"('0192-D-2003', 2)":null},"Palabra Clave":{"('0192-D-2003', 0)":" ","('0192-D-2003', 1)":null,"('0192-D-2003', 2)":null}}