{"Tipo de Proyecto":{"('0192-S-2003', 0)":"PROYECTO DE LEY","('0192-S-2003', 1)":null,"('0192-S-2003', 2)":null},"Iniciado en: ":{"('0192-S-2003', 0)":"Senado","('0192-S-2003', 1)":null,"('0192-S-2003', 2)":null},"Expediente Diputados: ":{"('0192-S-2003', 0)":"0192-S-2003","('0192-S-2003', 1)":null,"('0192-S-2003', 2)":null},"Expediente Senado: ":{"('0192-S-2003', 0)":"0345-S-2003","('0192-S-2003', 1)":null,"('0192-S-2003', 2)":null},"Publicado en: ":{"('0192-S-2003', 0)":"Diario de Asuntos Entrados N\u00b0 25","('0192-S-2003', 1)":null,"('0192-S-2003', 2)":null},"Fecha: ":{"('0192-S-2003', 0)":"26\/03\/2003","('0192-S-2003', 1)":null,"('0192-S-2003', 2)":null},"T\u00edtulo":{"('0192-S-2003', 0)":"DECLARAR EL 9 DE NOVIEMBRE COMO \"DIA NACIONAL DEL DONANTE VOLUNTARIO DE SANGRE\".","('0192-S-2003', 1)":null,"('0192-S-2003', 2)":null},"('Firmantes', 'FIRMANTE')":{"('0192-S-2003', 0)":"WALTER, PABLO HECTOR","('0192-S-2003', 1)":"GOMEZ DIEZ, RICARDO","('0192-S-2003', 2)":"SALVATORI, PEDRO"},"('Firmantes', 'DISTRITO')":{"('0192-S-2003', 0)":"TUCUMAN","('0192-S-2003', 1)":"SALTA","('0192-S-2003', 2)":"NEUQUEN"},"('Firmantes', 'BLOQUE')":{"('0192-S-2003', 0)":"FZA REPUBLICANA","('0192-S-2003', 1)":"RENOVADOR","('0192-S-2003', 2)":"MOV POP NEUQUINO"},"('Giros', 'COMISI\u00d3N')":{"('0192-S-2003', 0)":"LEGISLACION GENERAL","('0192-S-2003', 1)":null,"('0192-S-2003', 2)":null},"('Tramites', 'C\u00c1MARA')":{"('0192-S-2003', 0)":"Senado","('0192-S-2003', 1)":"Diputados","('0192-S-2003', 2)":"Diputados"},"('Tramites', 'MOVIMIENTO')":{"('0192-S-2003', 0)":"CONSIDERACION Y APROBACION","('0192-S-2003', 1)":"PASA A DIPUTADOS - (TP 164)","('0192-S-2003', 2)":"CONSIDERACION Y SANCION"},"('Tramites', 'FECHA')":{"('0192-S-2003', 0)":"15\/10\/2003","('0192-S-2003', 1)":null,"('0192-S-2003', 2)":"08\/09\/2004"},"('Tramites', 'RESULTADO')":{"('0192-S-2003', 0)":"MEDIA SANCION","('0192-S-2003', 1)":null,"('0192-S-2003', 2)":"SANCIONADO"},"Sumario":{"('0192-S-2003', 0)":"DISPONER SU INCLUSION EN EL CALENDARIO ESCOLAR.","('0192-S-2003', 1)":null,"('0192-S-2003', 2)":null},"Palabra Clave":{"('0192-S-2003', 0)":" ","('0192-S-2003', 1)":null,"('0192-S-2003', 2)":null}}