{"Tipo de Proyecto":{"('0194-S-2003', 0)":"PROYECTO DE RESOLUCI\u00d3N","('0194-S-2003', 1)":null},"Iniciado en: ":{"('0194-S-2003', 0)":"Senado","('0194-S-2003', 1)":null},"Expediente Senado: ":{"('0194-S-2003', 0)":"0194-S-2003","('0194-S-2003', 1)":null},"Publicado en: ":{"('0194-S-2003', 0)":"Diario de Asuntos Entrados N\u00b0 14","('0194-S-2003', 1)":null},"Fecha: ":{"('0194-S-2003', 0)":"13\/03\/2003","('0194-S-2003', 1)":null},"T\u00edtulo":{"('0194-S-2003', 0)":"RENDIR HOMENAJE A LA CONSTITUCION NACIONAL DE 1853, CON MOTIVO DE CUMPLIRSE EL 9 DE JULIO DE 2003 EL SESQUICENTENARIO DE SU JURA EN LAS CAPITALES DE TODAS LAS PROVINCIAS.","('0194-S-2003', 1)":null},"('Firmantes', 'FIRMANTE')":{"('0194-S-2003', 0)":"LOSADA, MARIO A.","('0194-S-2003', 1)":null},"('Firmantes', 'DISTRITO')":{"('0194-S-2003', 0)":"MISIONES","('0194-S-2003', 1)":null},"('Firmantes', 'BLOQUE')":{"('0194-S-2003', 0)":"UCR","('0194-S-2003', 1)":null},"('Tramites', 'C\u00c1MARA')":{"('0194-S-2003', 0)":"Senado","('0194-S-2003', 1)":"Senado"},"('Tramites', 'MOVIMIENTO')":{"('0194-S-2003', 0)":"MOCION SOBRE TABLAS (AFIRMATIVA) CONJUNTAMENTE PARA LOS EXPEDIENTES 0194-S-2003, 0328-S-2003, 0440-S-2003 y 0637-S-2003","('0194-S-2003', 1)":"CONSIDERACION Y APROBACION (TEXTO CONSENSUADO) CONJUNTAMENTE PARA LOS EXPEDIENTES 0194-S-2003, 0328-S-2003, 0440-S-2003 y 0637-S-2003"},"('Tramites', 'FECHA')":{"('0194-S-2003', 0)":"07\/05\/2003","('0194-S-2003', 1)":"07\/05\/2003"},"('Tramites', 'RESULTADO')":{"('0194-S-2003', 0)":null,"('0194-S-2003', 1)":"APROBADO"},"Sumario":{"('0194-S-2003', 0)":"SE ENCOMIENDA A LA DIRECCION DEL MUSEO PARLAMENTARIO LA REALIZACION DE UN CICLO DE ACTOS, Y A LA DIRECCION DE PRENSA DEL SENADO BRINDAR LA DIFUSION DE ESOS ACTOS.","('0194-S-2003', 1)":null},"Palabra Clave":{"('0194-S-2003', 0)":" ","('0194-S-2003', 1)":null}}