{"Tipo de Proyecto":{"('0195-S-2003', 0)":"PROYECTO DE DECLARACI\u00d3N"},"Iniciado en: ":{"('0195-S-2003', 0)":"Senado"},"Expediente Senado: ":{"('0195-S-2003', 0)":"0195-S-2003"},"Publicado en: ":{"('0195-S-2003', 0)":"Diario de Asuntos Entrados N\u00b0 14"},"Fecha: ":{"('0195-S-2003', 0)":"13\/03\/2003"},"T\u00edtulo":{"('0195-S-2003', 0)":"EXPRESAR BENEPLACITO POR LA OBTENCION POR PARTE DE LA DOCTORA MARIANA WEISSMANN DEL PREMIO L'OREAL - UNESCO PARA LAS MUJERES EN LA CIENCIA."},"('Firmantes', 'FIRMANTE')":{"('0195-S-2003', 0)":"LOSADA, MARIO A."},"('Firmantes', 'DISTRITO')":{"('0195-S-2003', 0)":"MISIONES"},"('Firmantes', 'BLOQUE')":{"('0195-S-2003', 0)":"UCR"},"('Tramites', 'C\u00c1MARA')":{"('0195-S-2003', 0)":"Senado"},"('Tramites', 'MOVIMIENTO')":{"('0195-S-2003', 0)":"CONSIDERACION Y APROBACION CONJUNTAMENTE PARA LOS EXPEDIENTES 3601-S-2002, 0031-S-2003, 0089-S-2003, 0195-S-2003, 0234-S-2003 y 0279-S-2003"},"('Tramites', 'FECHA')":{"('0195-S-2003', 0)":"02\/07\/2003"},"('Tramites', 'RESULTADO')":{"('0195-S-2003', 0)":"APROBADO"},"Link":{"('0195-S-2003', 0)":"http:\/\/www.senado.gov.ar\/parlamentario\/comisiones\/verExp\/195.03\/S\/PD"},"Palabra Clave":{"('0195-S-2003', 0)":" "}}