{"Tipo de Proyecto":{"('0196-S-2003', 0)":"PROYECTO DE LEY","('0196-S-2003', 1)":null,"('0196-S-2003', 2)":null},"Iniciado en: ":{"('0196-S-2003', 0)":"Senado","('0196-S-2003', 1)":null,"('0196-S-2003', 2)":null},"Expediente Diputados: ":{"('0196-S-2003', 0)":"0196-S-2003","('0196-S-2003', 1)":null,"('0196-S-2003', 2)":null},"Expediente Senado: ":{"('0196-S-2003', 0)":"0867-S-2003","('0196-S-2003', 1)":null,"('0196-S-2003', 2)":null},"Publicado en: ":{"('0196-S-2003', 0)":"Diario de Asuntos Entrados N\u00b0 57","('0196-S-2003', 1)":null,"('0196-S-2003', 2)":null},"Fecha: ":{"('0196-S-2003', 0)":"21\/05\/2003","('0196-S-2003', 1)":null,"('0196-S-2003', 2)":null},"T\u00edtulo":{"('0196-S-2003', 0)":"REGIMEN DE JARDINES MATERNALES Y DE INFANTES.","('0196-S-2003', 1)":null,"('0196-S-2003', 2)":null},"('Firmantes', 'FIRMANTE')":{"('0196-S-2003', 0)":"PERCEVAL, MARIA CRISTINA","('0196-S-2003', 1)":null,"('0196-S-2003', 2)":null},"('Firmantes', 'DISTRITO')":{"('0196-S-2003', 0)":"MENDOZA","('0196-S-2003', 1)":null,"('0196-S-2003', 2)":null},"('Firmantes', 'BLOQUE')":{"('0196-S-2003', 0)":"JUSTICIALISTA","('0196-S-2003', 1)":null,"('0196-S-2003', 2)":null},"('Giros', 'COMISI\u00d3N')":{"('0196-S-2003', 0)":"EDUCACION","('0196-S-2003', 1)":"ACCION SOCIAL Y SALUD PUBLICA","('0196-S-2003', 2)":"FAMILIA, MUJER, NI\u00d1EZ Y ADOLESCENCIA"},"('Tramites', 'C\u00c1MARA')":{"('0196-S-2003', 0)":"Senado","('0196-S-2003', 1)":"Diputados","('0196-S-2003', 2)":null},"('Tramites', 'MOVIMIENTO')":{"('0196-S-2003', 0)":"CONSIDERACION Y APROBACION","('0196-S-2003', 1)":"PASA A DIPUTADOS - (TP 165)","('0196-S-2003', 2)":null},"('Tramites', 'FECHA')":{"('0196-S-2003', 0)":"01\/10\/2003","('0196-S-2003', 1)":null,"('0196-S-2003', 2)":null},"('Tramites', 'RESULTADO')":{"('0196-S-2003', 0)":"MEDIA SANCION","('0196-S-2003', 1)":null,"('0196-S-2003', 2)":null},"Sumario":{"('0196-S-2003', 0)":"OBJETO; PRINCIPIOS; DEBERES Y OBLIGACIONES; PERSONAL POR GRUPOS ETARIOS; REQUISITOS DEL PERSONAL; CAPACITACION Y ACTUALIZACION; SANCIONES; INVITACION A LAS PROVINCIAS Y A LA CIUDAD AUTONOMA DE BUENOS AIRES A ADHERIR.","('0196-S-2003', 1)":null,"('0196-S-2003', 2)":null},"Palabra Clave":{"('0196-S-2003', 0)":" ","('0196-S-2003', 1)":null,"('0196-S-2003', 2)":null}}