{"Tipo de Proyecto":{"('0196-D-2003', 0)":"PROYECTO DE RESOLUCI\u00d3N","('0196-D-2003', 1)":null},"Iniciado en: ":{"('0196-D-2003', 0)":"Diputados","('0196-D-2003', 1)":null},"Expediente Diputados: ":{"('0196-D-2003', 0)":"0196-D-2003","('0196-D-2003', 1)":null},"Publicado en: ":{"('0196-D-2003', 0)":"Tr\u00e1mite Parlamentario N\u00b0 2","('0196-D-2003', 1)":null},"Fecha: ":{"('0196-D-2003', 0)":"04\/03\/2003","('0196-D-2003', 1)":null},"T\u00edtulo":{"('0196-D-2003', 0)":"REPUDIAR LOS ACTOS DE VANDALISMO OCURRIDOS DURANTE EL DESARROLLO DE LOS COMICIOS ELECTORALES, EL DIA 2 DE MARZO DE 2003 EN LA PROVINCIA DE CATAMARCA.","('0196-D-2003', 1)":null},"('Firmantes', 'FIRMANTE')":{"('0196-D-2003', 0)":"DAMIANI, HERNAN NORBERTO","('0196-D-2003', 1)":"SOLMOIRAGO, RAUL JORGE"},"('Firmantes', 'DISTRITO')":{"('0196-D-2003', 0)":"MISIONES","('0196-D-2003', 1)":"MISIONES"},"('Firmantes', 'BLOQUE')":{"('0196-D-2003', 0)":"UCR","('0196-D-2003', 1)":"UCR"},"('Giros', 'COMISI\u00d3N')":{"('0196-D-2003', 0)":"ASUNTOS CONSTITUCIONALES","('0196-D-2003', 1)":null},"Palabra Clave":{"('0196-D-2003', 0)":" ","('0196-D-2003', 1)":null}}