{"Tipo de Proyecto":{"('0198-S-2003', 0)":"PROYECTO DE LEY"},"Iniciado en: ":{"('0198-S-2003', 0)":"Senado"},"Expediente Senado: ":{"('0198-S-2003', 0)":"0198-S-2003"},"Publicado en: ":{"('0198-S-2003', 0)":"Diario de Asuntos Entrados N\u00b0 14"},"Fecha: ":{"('0198-S-2003', 0)":"13\/03\/2003"},"T\u00edtulo":{"('0198-S-2003', 0)":"ROTULACION Y PUBLICIDAD DE ALIMENTOS; MODIFICACION DEL CODIGO DE COMERCIO ARGENTINO, LEY 18284 Y SUS MODIFICATORIAS."},"('Firmantes', 'FIRMANTE')":{"('0198-S-2003', 0)":"LOSADA, MARIO A."},"('Firmantes', 'DISTRITO')":{"('0198-S-2003', 0)":"MISIONES"},"('Firmantes', 'BLOQUE')":{"('0198-S-2003', 0)":"UCR"},"Sumario":{"('0198-S-2003', 0)":"SUSTITUCION DEL ARTICULO 222 (PROHIBICION DE ROTULACION Y PUBLICIDAD QUE PUEDAN SUSCITAR ERROR, ENGA\u00d1O O CONFUSION EN EL CONSUMIDOR), DEL ARTICULO 223 (SOBRE QUE DEBE CONSTAR EN EL ROTULO Y EN CASTELLANO), DEL ARTICULO 229 (ROTULADO EN IDIOMA EXTRANJERO), DEL ARTICULO 242 (PROHIBICION DE DENOMINACIONES VAGAS O INCOMPLETAS), ARTICULO 246 (PRODUCTOS CON ANTIOXIDANTES, COLORANTES O CONSERVANTES)."},"Palabra Clave":{"('0198-S-2003', 0)":" "}}