{"Tipo de Proyecto":{"('0200-D-2003', 0)":"PROYECTO DE RESOLUCI\u00d3N","('0200-D-2003', 1)":null},"Iniciado en: ":{"('0200-D-2003', 0)":"Diputados","('0200-D-2003', 1)":null},"Expediente Diputados: ":{"('0200-D-2003', 0)":"0200-D-2003","('0200-D-2003', 1)":null},"Publicado en: ":{"('0200-D-2003', 0)":"Tr\u00e1mite Parlamentario N\u00b0 2","('0200-D-2003', 1)":null},"Fecha: ":{"('0200-D-2003', 0)":"04\/03\/2003","('0200-D-2003', 1)":null},"T\u00edtulo":{"('0200-D-2003', 0)":"EXPRESAR BENEPLACITO A VARIOS PROFESORES DE LA UNIVERSIDAD NACIONAL DEL NORDESTE DE LA FACULTAD DE INGENIERIA, POR LA INVENCION DEL PRODUCTO 'ESTABILIZACION DE SUELOS CON TANINO'. ","('0200-D-2003', 1)":null},"('Firmantes', 'FIRMANTE')":{"('0200-D-2003', 0)":"GEIJO, ANGEL OSCAR","('0200-D-2003', 1)":"BAYONZO, LILIANA AMELIA"},"('Firmantes', 'DISTRITO')":{"('0200-D-2003', 0)":"CHACO","('0200-D-2003', 1)":"CHACO"},"('Firmantes', 'BLOQUE')":{"('0200-D-2003', 0)":"UCR","('0200-D-2003', 1)":"UCR"},"('Giros', 'COMISI\u00d3N')":{"('0200-D-2003', 0)":"RECURSOS NATURALES Y CONSERVACION DEL AMBIENTE HUMANO","('0200-D-2003', 1)":"AGRICULTURA Y GANADERIA"},"Palabra Clave":{"('0200-D-2003', 0)":" ","('0200-D-2003', 1)":null}}