{"Tipo de Proyecto":{"('0202-S-2003', 0)":"COMUNICACION","('0202-S-2003', 1)":null},"Iniciado en: ":{"('0202-S-2003', 0)":"Senado","('0202-S-2003', 1)":null},"Expediente Senado: ":{"('0202-S-2003', 0)":"0202-S-2003","('0202-S-2003', 1)":null},"Publicado en: ":{"('0202-S-2003', 0)":"Diario de Asuntos Entrados N\u00b0 15","('0202-S-2003', 1)":null},"Fecha: ":{"('0202-S-2003', 0)":"13\/03\/2003","('0202-S-2003', 1)":null},"T\u00edtulo":{"('0202-S-2003', 0)":"REGLAMENTACION E IMPLEMENTACION DEL FONDO FIDUCIARIO PARA SUBSIDIOS DE CONSUMOS RESIDENCIALES DE GAS, CREADO POR EL ARTICULO 75 DE LA LEY 25565, MODIFICADA POR EL ARTICULO 84 DE LA LEY 25725.","('0202-S-2003', 1)":null},"('Firmantes', 'FIRMANTE')":{"('0202-S-2003', 0)":"GUINLE, MARCELO ALEJANDRO","('0202-S-2003', 1)":null},"('Firmantes', 'DISTRITO')":{"('0202-S-2003', 0)":"CHUBUT","('0202-S-2003', 1)":null},"('Firmantes', 'BLOQUE')":{"('0202-S-2003', 0)":"JUSTICIALISTA","('0202-S-2003', 1)":null},"('Tramites', 'C\u00c1MARA')":{"('0202-S-2003', 0)":"Senado","('0202-S-2003', 1)":"Senado"},"('Tramites', 'MOVIMIENTO')":{"('0202-S-2003', 0)":"CONSIDERACION Y APROBACION","('0202-S-2003', 1)":"CONTESTACION DEL PODER EJECUTIVO NACIONAL - GIRADO A LA COMISION RESPECTIVA"},"('Tramites', 'FECHA')":{"('0202-S-2003', 0)":"28\/05\/2003","('0202-S-2003', 1)":null},"('Tramites', 'RESULTADO')":{"('0202-S-2003', 0)":"APROBADO","('0202-S-2003', 1)":null},"Sumario":{"('0202-S-2003', 0)":"SOLICITUD AL PODER EJECUTIVO NACIONAL A TRAVES DEL MINISTERIO DE ECONOMIA DE LA NACION.","('0202-S-2003', 1)":null},"Palabra Clave":{"('0202-S-2003', 0)":" ","('0202-S-2003', 1)":null}}