{"Tipo de Proyecto":{"('0203-S-2003', 0)":"PROYECTO DE LEY","('0203-S-2003', 1)":null,"('0203-S-2003', 2)":null,"('0203-S-2003', 3)":null,"('0203-S-2003', 4)":null,"('0203-S-2003', 5)":null,"('0203-S-2003', 6)":null,"('0203-S-2003', 7)":null,"('0203-S-2003', 8)":null,"('0203-S-2003', 9)":null,"('0203-S-2003', 10)":null,"('0203-S-2003', 11)":null,"('0203-S-2003', 12)":null,"('0203-S-2003', 13)":null},"Iniciado en: ":{"('0203-S-2003', 0)":"Senado","('0203-S-2003', 1)":null,"('0203-S-2003', 2)":null,"('0203-S-2003', 3)":null,"('0203-S-2003', 4)":null,"('0203-S-2003', 5)":null,"('0203-S-2003', 6)":null,"('0203-S-2003', 7)":null,"('0203-S-2003', 8)":null,"('0203-S-2003', 9)":null,"('0203-S-2003', 10)":null,"('0203-S-2003', 11)":null,"('0203-S-2003', 12)":null,"('0203-S-2003', 13)":null},"Expediente Diputados: ":{"('0203-S-2003', 0)":"0203-S-2003","('0203-S-2003', 1)":null,"('0203-S-2003', 2)":null,"('0203-S-2003', 3)":null,"('0203-S-2003', 4)":null,"('0203-S-2003', 5)":null,"('0203-S-2003', 6)":null,"('0203-S-2003', 7)":null,"('0203-S-2003', 8)":null,"('0203-S-2003', 9)":null,"('0203-S-2003', 10)":null,"('0203-S-2003', 11)":null,"('0203-S-2003', 12)":null,"('0203-S-2003', 13)":null},"Expediente Senado: ":{"('0203-S-2003', 0)":"0285-S-2003","('0203-S-2003', 1)":null,"('0203-S-2003', 2)":null,"('0203-S-2003', 3)":null,"('0203-S-2003', 4)":null,"('0203-S-2003', 5)":null,"('0203-S-2003', 6)":null,"('0203-S-2003', 7)":null,"('0203-S-2003', 8)":null,"('0203-S-2003', 9)":null,"('0203-S-2003', 10)":null,"('0203-S-2003', 11)":null,"('0203-S-2003', 12)":null,"('0203-S-2003', 13)":null},"Publicado en: ":{"('0203-S-2003', 0)":"Diario de Asuntos Entrados N\u00b0 21","('0203-S-2003', 1)":null,"('0203-S-2003', 2)":null,"('0203-S-2003', 3)":null,"('0203-S-2003', 4)":null,"('0203-S-2003', 5)":null,"('0203-S-2003', 6)":null,"('0203-S-2003', 7)":null,"('0203-S-2003', 8)":null,"('0203-S-2003', 9)":null,"('0203-S-2003', 10)":null,"('0203-S-2003', 11)":null,"('0203-S-2003', 12)":null,"('0203-S-2003', 13)":null},"Fecha: ":{"('0203-S-2003', 0)":"21\/03\/2003","('0203-S-2003', 1)":null,"('0203-S-2003', 2)":null,"('0203-S-2003', 3)":null,"('0203-S-2003', 4)":null,"('0203-S-2003', 5)":null,"('0203-S-2003', 6)":null,"('0203-S-2003', 7)":null,"('0203-S-2003', 8)":null,"('0203-S-2003', 9)":null,"('0203-S-2003', 10)":null,"('0203-S-2003', 11)":null,"('0203-S-2003', 12)":null,"('0203-S-2003', 13)":null},"T\u00edtulo":{"('0203-S-2003', 0)":"CREACION DEL PROGRAMA FEDERAL DE ALFABETIZACION.","('0203-S-2003', 1)":null,"('0203-S-2003', 2)":null,"('0203-S-2003', 3)":null,"('0203-S-2003', 4)":null,"('0203-S-2003', 5)":null,"('0203-S-2003', 6)":null,"('0203-S-2003', 7)":null,"('0203-S-2003', 8)":null,"('0203-S-2003', 9)":null,"('0203-S-2003', 10)":null,"('0203-S-2003', 11)":null,"('0203-S-2003', 12)":null,"('0203-S-2003', 13)":null},"('Firmantes', 'FIRMANTE')":{"('0203-S-2003', 0)":"ISIDORI, AMANDA","('0203-S-2003', 1)":"MAESTRO, CARLOS","('0203-S-2003', 2)":"PERCEVAL, MARIA CRISTINA","('0203-S-2003', 3)":"SALVATORI, PEDRO","('0203-S-2003', 4)":"PRADES, CARLOS","('0203-S-2003', 5)":"MORO, EDUARDO ANIBAL","('0203-S-2003', 6)":"LOSADA, MARIO A.","('0203-S-2003', 7)":"CHIAPPE, LAZARO ALBERTO","('0203-S-2003', 8)":"TAFFAREL, RICARDO CESAR","('0203-S-2003', 9)":"ESCUDERO, SONIA MARGARITA","('0203-S-2003', 10)":"AVELIN, NANCY BARBARITA","('0203-S-2003', 11)":"BRIZUELA DEL MORAL, EDUARDO SEGUNDO","('0203-S-2003', 12)":"PICHETTO, MIGUEL ANGEL","('0203-S-2003', 13)":"SAPAG, LUZ MARIA"},"('Firmantes', 'DISTRITO')":{"('0203-S-2003', 0)":"RIO NEGRO","('0203-S-2003', 1)":"CHUBUT","('0203-S-2003', 2)":"MENDOZA","('0203-S-2003', 3)":"NEUQUEN","('0203-S-2003', 4)":"SANTA CRUZ","('0203-S-2003', 5)":"CHACO","('0203-S-2003', 6)":"MISIONES","('0203-S-2003', 7)":"CORRIENTES","('0203-S-2003', 8)":"ENTRE RIOS","('0203-S-2003', 9)":"SALTA","('0203-S-2003', 10)":"SAN JUAN","('0203-S-2003', 11)":"CATAMARCA","('0203-S-2003', 12)":"RIO NEGRO","('0203-S-2003', 13)":"NEUQUEN"},"('Firmantes', 'BLOQUE')":{"('0203-S-2003', 0)":"UCR","('0203-S-2003', 1)":"UCR","('0203-S-2003', 2)":"JUSTICIALISTA","('0203-S-2003', 3)":"MOV POP NEUQUINO","('0203-S-2003', 4)":"UCR","('0203-S-2003', 5)":"UCR","('0203-S-2003', 6)":"UCR","('0203-S-2003', 7)":"LIBERAL","('0203-S-2003', 8)":"UCR","('0203-S-2003', 9)":"JUSTICIALISTA","('0203-S-2003', 10)":"CRUZADA RENOV","('0203-S-2003', 11)":"FRENTE CIVICO Y SOCIAL DE CATAMARCA","('0203-S-2003', 12)":"JUSTICIALISTA","('0203-S-2003', 13)":"MOV POP NEUQUINO"},"('Giros', 'COMISI\u00d3N')":{"('0203-S-2003', 0)":"EDUCACION","('0203-S-2003', 1)":"PRESUPUESTO Y HACIENDA","('0203-S-2003', 2)":null,"('0203-S-2003', 3)":null,"('0203-S-2003', 4)":null,"('0203-S-2003', 5)":null,"('0203-S-2003', 6)":null,"('0203-S-2003', 7)":null,"('0203-S-2003', 8)":null,"('0203-S-2003', 9)":null,"('0203-S-2003', 10)":null,"('0203-S-2003', 11)":null,"('0203-S-2003', 12)":null,"('0203-S-2003', 13)":null},"('Tramites', 'C\u00c1MARA')":{"('0203-S-2003', 0)":"Senado","('0203-S-2003', 1)":"Senado","('0203-S-2003', 2)":"Diputados","('0203-S-2003', 3)":null,"('0203-S-2003', 4)":null,"('0203-S-2003', 5)":null,"('0203-S-2003', 6)":null,"('0203-S-2003', 7)":null,"('0203-S-2003', 8)":null,"('0203-S-2003', 9)":null,"('0203-S-2003', 10)":null,"('0203-S-2003', 11)":null,"('0203-S-2003', 12)":null,"('0203-S-2003', 13)":null},"('Tramites', 'MOVIMIENTO')":{"('0203-S-2003', 0)":"MOCION DE PREFERENCIA PARA LA PROXIMA SESION (AFIRMATIVA)","('0203-S-2003', 1)":"CONSIDERACION Y APROBACION","('0203-S-2003', 2)":"PASA A DIPUTADOS - (TP 165)","('0203-S-2003', 3)":null,"('0203-S-2003', 4)":null,"('0203-S-2003', 5)":null,"('0203-S-2003', 6)":null,"('0203-S-2003', 7)":null,"('0203-S-2003', 8)":null,"('0203-S-2003', 9)":null,"('0203-S-2003', 10)":null,"('0203-S-2003', 11)":null,"('0203-S-2003', 12)":null,"('0203-S-2003', 13)":null},"('Tramites', 'FECHA')":{"('0203-S-2003', 0)":"17\/09\/2003","('0203-S-2003', 1)":"01\/10\/2003","('0203-S-2003', 2)":null,"('0203-S-2003', 3)":null,"('0203-S-2003', 4)":null,"('0203-S-2003', 5)":null,"('0203-S-2003', 6)":null,"('0203-S-2003', 7)":null,"('0203-S-2003', 8)":null,"('0203-S-2003', 9)":null,"('0203-S-2003', 10)":null,"('0203-S-2003', 11)":null,"('0203-S-2003', 12)":null,"('0203-S-2003', 13)":null},"('Tramites', 'RESULTADO')":{"('0203-S-2003', 0)":null,"('0203-S-2003', 1)":"MEDIA SANCION","('0203-S-2003', 2)":null,"('0203-S-2003', 3)":null,"('0203-S-2003', 4)":null,"('0203-S-2003', 5)":null,"('0203-S-2003', 6)":null,"('0203-S-2003', 7)":null,"('0203-S-2003', 8)":null,"('0203-S-2003', 9)":null,"('0203-S-2003', 10)":null,"('0203-S-2003', 11)":null,"('0203-S-2003', 12)":null,"('0203-S-2003', 13)":null},"Sumario":{"('0203-S-2003', 0)":"OBJETIVOS; ALCANCES; AUTORIDAD DE APLICACION: MINISTERIO DE EDUCACION, CIENCIA Y TECNOLOGIA; MODALIDADES A APLICARSE; ESTRATEGIAS METODOLOGICAS; ELABORACION DE CONTENIDOS DEL PROGRAMA; CREACION DE LA COMISION NACIONAL DEL PROGRAMA FEDERAL DE ALFABETIZACION, QUE FUNCIONARA DENTRO DE LA ORBITA DEL MINISTERIO DE EDUCACION, CIENCIA Y TECNOLOGIA; DESIGNACION DE DIRECTOR EJECUTIVO; CONVOCATORIA DE UN EQUIPO TECNICO - PEDAGOGICO: OBLIGACIONES; AMBITO DE APLICACION; FUNCIONES DE LOS ALFABETIZADORES; REGLAMENTACION; GASTOS.","('0203-S-2003', 1)":null,"('0203-S-2003', 2)":null,"('0203-S-2003', 3)":null,"('0203-S-2003', 4)":null,"('0203-S-2003', 5)":null,"('0203-S-2003', 6)":null,"('0203-S-2003', 7)":null,"('0203-S-2003', 8)":null,"('0203-S-2003', 9)":null,"('0203-S-2003', 10)":null,"('0203-S-2003', 11)":null,"('0203-S-2003', 12)":null,"('0203-S-2003', 13)":null},"Palabra Clave":{"('0203-S-2003', 0)":" ","('0203-S-2003', 1)":null,"('0203-S-2003', 2)":null,"('0203-S-2003', 3)":null,"('0203-S-2003', 4)":null,"('0203-S-2003', 5)":null,"('0203-S-2003', 6)":null,"('0203-S-2003', 7)":null,"('0203-S-2003', 8)":null,"('0203-S-2003', 9)":null,"('0203-S-2003', 10)":null,"('0203-S-2003', 11)":null,"('0203-S-2003', 12)":null,"('0203-S-2003', 13)":null}}