{"Tipo de Proyecto":{"('0206-S-2003', 0)":"PROYECTO DE LEY","('0206-S-2003', 1)":null,"('0206-S-2003', 2)":null,"('0206-S-2003', 3)":null,"('0206-S-2003', 4)":null},"Iniciado en: ":{"('0206-S-2003', 0)":"Senado","('0206-S-2003', 1)":null,"('0206-S-2003', 2)":null,"('0206-S-2003', 3)":null,"('0206-S-2003', 4)":null},"Expediente Senado: ":{"('0206-S-2003', 0)":"0206-S-2003","('0206-S-2003', 1)":null,"('0206-S-2003', 2)":null,"('0206-S-2003', 3)":null,"('0206-S-2003', 4)":null},"Publicado en: ":{"('0206-S-2003', 0)":"Diario de Asuntos Entrados N\u00b0 15","('0206-S-2003', 1)":null,"('0206-S-2003', 2)":null,"('0206-S-2003', 3)":null,"('0206-S-2003', 4)":null},"Fecha: ":{"('0206-S-2003', 0)":"13\/03\/2003","('0206-S-2003', 1)":null,"('0206-S-2003', 2)":null,"('0206-S-2003', 3)":null,"('0206-S-2003', 4)":null},"T\u00edtulo":{"('0206-S-2003', 0)":"CREACION EN EL AMBITO DEL CONSEJO NACIONAL DE LA NI\u00d1EZ, ADOLESCENCIA Y FAMILIA DEL PROGRAMA NACIONAL PARA LA PREVENCION, DETECCION TEMPRANA Y ASISTENCIA DE VICTIMAS DE ABUSO Y EXPLOTACION SEXUAL INFANTIL.","('0206-S-2003', 1)":null,"('0206-S-2003', 2)":null,"('0206-S-2003', 3)":null,"('0206-S-2003', 4)":null},"('Firmantes', 'FIRMANTE')":{"('0206-S-2003', 0)":"ISIDORI, AMANDA","('0206-S-2003', 1)":"RASO, MARTA ETHEL","('0206-S-2003', 2)":"LESCANO, MARCELA FABIANA","('0206-S-2003', 3)":"MORO, EDUARDO ANIBAL","('0206-S-2003', 4)":"MAESTRO, CARLOS"},"('Firmantes', 'DISTRITO')":{"('0206-S-2003', 0)":"RIO NEGRO","('0206-S-2003', 1)":"CHUBUT","('0206-S-2003', 2)":"FORMOSA","('0206-S-2003', 3)":"CHACO","('0206-S-2003', 4)":"CHUBUT"},"('Firmantes', 'BLOQUE')":{"('0206-S-2003', 0)":"UCR","('0206-S-2003', 1)":"UCR","('0206-S-2003', 2)":"UCR","('0206-S-2003', 3)":"UCR","('0206-S-2003', 4)":"UCR"},"Sumario":{"('0206-S-2003', 0)":"ALCANCES; OBJETIVOS; IMPLEMENTACION DE ACCIONES PREVENTIVAS Y ASISTENCIALES; GASTOS.","('0206-S-2003', 1)":null,"('0206-S-2003', 2)":null,"('0206-S-2003', 3)":null,"('0206-S-2003', 4)":null},"Palabra Clave":{"('0206-S-2003', 0)":" ","('0206-S-2003', 1)":null,"('0206-S-2003', 2)":null,"('0206-S-2003', 3)":null,"('0206-S-2003', 4)":null}}