{"Tipo de Proyecto":{"('0211-S-2003', 0)":"MENSAJE NRO: 0933\/03 Y PROYECTO DE LEY","('0211-S-2003', 1)":null,"('0211-S-2003', 2)":null,"('0211-S-2003', 3)":null,"('0211-S-2003', 4)":null,"('0211-S-2003', 5)":null,"('0211-S-2003', 6)":null,"('0211-S-2003', 7)":null,"('0211-S-2003', 8)":null,"('0211-S-2003', 9)":null,"('0211-S-2003', 10)":null},"Iniciado en: ":{"('0211-S-2003', 0)":"Senado","('0211-S-2003', 1)":null,"('0211-S-2003', 2)":null,"('0211-S-2003', 3)":null,"('0211-S-2003', 4)":null,"('0211-S-2003', 5)":null,"('0211-S-2003', 6)":null,"('0211-S-2003', 7)":null,"('0211-S-2003', 8)":null,"('0211-S-2003', 9)":null,"('0211-S-2003', 10)":null},"Expediente Diputados: ":{"('0211-S-2003', 0)":"0211-S-2003","('0211-S-2003', 1)":null,"('0211-S-2003', 2)":null,"('0211-S-2003', 3)":null,"('0211-S-2003', 4)":null,"('0211-S-2003', 5)":null,"('0211-S-2003', 6)":null,"('0211-S-2003', 7)":null,"('0211-S-2003', 8)":null,"('0211-S-2003', 9)":null,"('0211-S-2003', 10)":null},"Expediente Senado: ":{"('0211-S-2003', 0)":"0368-PE-2003","('0211-S-2003', 1)":null,"('0211-S-2003', 2)":null,"('0211-S-2003', 3)":null,"('0211-S-2003', 4)":null,"('0211-S-2003', 5)":null,"('0211-S-2003', 6)":null,"('0211-S-2003', 7)":null,"('0211-S-2003', 8)":null,"('0211-S-2003', 9)":null,"('0211-S-2003', 10)":null},"Publicado en: ":{"('0211-S-2003', 0)":"Diario de Asuntos Entrados N\u00b0 153","('0211-S-2003', 1)":null,"('0211-S-2003', 2)":null,"('0211-S-2003', 3)":null,"('0211-S-2003', 4)":null,"('0211-S-2003', 5)":null,"('0211-S-2003', 6)":null,"('0211-S-2003', 7)":null,"('0211-S-2003', 8)":null,"('0211-S-2003', 9)":null,"('0211-S-2003', 10)":null},"Fecha: ":{"('0211-S-2003', 0)":"23\/10\/2003","('0211-S-2003', 1)":null,"('0211-S-2003', 2)":null,"('0211-S-2003', 3)":null,"('0211-S-2003', 4)":null,"('0211-S-2003', 5)":null,"('0211-S-2003', 6)":null,"('0211-S-2003', 7)":null,"('0211-S-2003', 8)":null,"('0211-S-2003', 9)":null,"('0211-S-2003', 10)":null},"T\u00edtulo":{"('0211-S-2003', 0)":"CREACION DEL SISTEMA DE REFINANCIACION HIPOTECARIA.","('0211-S-2003', 1)":null,"('0211-S-2003', 2)":null,"('0211-S-2003', 3)":null,"('0211-S-2003', 4)":null,"('0211-S-2003', 5)":null,"('0211-S-2003', 6)":null,"('0211-S-2003', 7)":null,"('0211-S-2003', 8)":null,"('0211-S-2003', 9)":null,"('0211-S-2003', 10)":null},"('Firmantes', 'FIRMANTE')":{"('0211-S-2003', 0)":"KIRCHNER, NESTOR CARLOS","('0211-S-2003', 1)":"FERNANDEZ, ANIBAL","('0211-S-2003', 2)":null,"('0211-S-2003', 3)":null,"('0211-S-2003', 4)":null,"('0211-S-2003', 5)":null,"('0211-S-2003', 6)":null,"('0211-S-2003', 7)":null,"('0211-S-2003', 8)":null,"('0211-S-2003', 9)":null,"('0211-S-2003', 10)":null},"('Firmantes', 'DISTRITO')":{"('0211-S-2003', 0)":null,"('0211-S-2003', 1)":null,"('0211-S-2003', 2)":null,"('0211-S-2003', 3)":null,"('0211-S-2003', 4)":null,"('0211-S-2003', 5)":null,"('0211-S-2003', 6)":null,"('0211-S-2003', 7)":null,"('0211-S-2003', 8)":null,"('0211-S-2003', 9)":null,"('0211-S-2003', 10)":null},"('Firmantes', 'BLOQUE')":{"('0211-S-2003', 0)":"PODER EJECUTIVO","('0211-S-2003', 1)":"PODER EJECUTIVO","('0211-S-2003', 2)":null,"('0211-S-2003', 3)":null,"('0211-S-2003', 4)":null,"('0211-S-2003', 5)":null,"('0211-S-2003', 6)":null,"('0211-S-2003', 7)":null,"('0211-S-2003', 8)":null,"('0211-S-2003', 9)":null,"('0211-S-2003', 10)":null},"('Giros', 'COMISI\u00d3N')":{"('0211-S-2003', 0)":"JUSTICIA","('0211-S-2003', 1)":"FINANZAS","('0211-S-2003', 2)":"PRESUPUESTO Y HACIENDA","('0211-S-2003', 3)":null,"('0211-S-2003', 4)":null,"('0211-S-2003', 5)":null,"('0211-S-2003', 6)":null,"('0211-S-2003', 7)":null,"('0211-S-2003', 8)":null,"('0211-S-2003', 9)":null,"('0211-S-2003', 10)":null},"('Tramites', 'C\u00c1MARA')":{"('0211-S-2003', 0)":"Senado","('0211-S-2003', 1)":"Senado","('0211-S-2003', 2)":"Senado","('0211-S-2003', 3)":"Senado","('0211-S-2003', 4)":"Senado","('0211-S-2003', 5)":"Senado","('0211-S-2003', 6)":"Diputados","('0211-S-2003', 7)":"Diputados","('0211-S-2003', 8)":"Diputados","('0211-S-2003', 9)":"Diputados","('0211-S-2003', 10)":"Diputados"},"('Tramites', 'MOVIMIENTO')":{"('0211-S-2003', 0)":"SOLICITUD DEL SENADOR MORALES DE POSTERGACION DE TRATAMIENTO (2677-S-03) (A SUS ANTECEDENTES)","('0211-S-2003', 1)":"MOCION DE PREFERENCIA PARA LA PROXIMA SESION CON O SIN DICTAMEN (AFIRMATIVA)","('0211-S-2003', 2)":"MOCION SOBRE TABLAS (PLAN DE LABOR) (AFIRMATIVA)","('0211-S-2003', 3)":"CONSIDERACION Y APROBACION EN GENERAL (VOTACION NOMINAL)","('0211-S-2003', 4)":"CONSIDERACION Y APROBACION CON MODIFICACIONES","('0211-S-2003', 5)":"SOLICITUD DE INSERCION SENADORA IBARRA Y SENADOR BAGLINI (INSERCION DE LAS VERSIONES TAQUIGRAFICAS DE LAS REUNIONES DE COMISION)","('0211-S-2003', 6)":"PASA A DIPUTADOS - (TP 174)","('0211-S-2003', 7)":"MOCION DE APARTAMIENTO DEL REGLAMENTO (AFIRMATIVA)","('0211-S-2003', 8)":"MOCION SOBRE TABLAS (AFIRMATIVA)","('0211-S-2003', 9)":"CONSIDERACION Y SANCION","('0211-S-2003', 10)":"INSERCIONES DE LOS DIPUTADOS PERNASETTI, BENEDETTI Y DIAZ BANCALARI,"},"('Tramites', 'FECHA')":{"('0211-S-2003', 0)":"29\/10\/2003","('0211-S-2003', 1)":"29\/10\/2003","('0211-S-2003', 2)":"05\/11\/2003","('0211-S-2003', 3)":"05\/11\/2003","('0211-S-2003', 4)":"05\/11\/2003","('0211-S-2003', 5)":"05\/11\/2003","('0211-S-2003', 6)":null,"('0211-S-2003', 7)":"05\/11\/2003","('0211-S-2003', 8)":"05\/11\/2003","('0211-S-2003', 9)":"05\/11\/2003","('0211-S-2003', 10)":"05\/11\/2003"},"('Tramites', 'RESULTADO')":{"('0211-S-2003', 0)":null,"('0211-S-2003', 1)":null,"('0211-S-2003', 2)":null,"('0211-S-2003', 3)":null,"('0211-S-2003', 4)":"MEDIA SANCION","('0211-S-2003', 5)":null,"('0211-S-2003', 6)":null,"('0211-S-2003', 7)":null,"('0211-S-2003', 8)":null,"('0211-S-2003', 9)":"SANCIONADO","('0211-S-2003', 10)":null},"Sumario":{"('0211-S-2003', 0)":"OBJETIVO: IMPLEMENTACION DE MECANISMOS DE REFINANCIACION; MUTUOS ELEGIBLES: MUTUOS GARANTIZADOS CON DERECHO REAL DE HIPOTECA; REQUISITOS; EPOCA DE LA MORA: ENTRE EL 01\/01\/2001 Y EL 11\/09\/2003; MONTO TOPE: $100000; CARACTER OPTATIVO DEL SISTEMA; CONDICIONES DE ADMISIBILIDAD; PRESENTACION DE DECLARACION JURADA QUE ACREDITE LOS INGRESOS DEL GRUPO FAMILIAR; FACULTAD DE CONTRALOR; SANCIONES; INSTRUMENTOS A SUSCRIBIR;\nFIDEICOMISO: CREACION DEL FIDEICOMISO PARA LA REFINANCIACION HIPOTECARIA; PARTICIPACION EN EL SISTEMA DEL FONDO FIDUCIARIO PARA LA RECONSTRUCCION DE EMPRESAS CREADO POR DECRETO 342\/2000; INSTRUMENTACION DEL SISTEMA; REFINANCIACION; EFECTOS: CARACTER PERSONALISIMO DE LA REFINANCIACION; EFECTOS DEL INCUMPLIMIENTO; PRIVILEGIO ESPECIAL DEL FIDUCIARIO; \nMUTUOS HIPOTECARIOS CONTRAIDOS CON ANTERIORIDAD A LA VIGENCIA DE LA LEY DE CONVERTIBILIDAD: CREACION DE LA UNIDAD DE REESTRUCTURACION CON EL OBJETO DE ANALIZAR LOS MUTUOS CONCERTADOS CON ANTERIORIDAD A LA VIGENCIA DE LA LEY 23928; INVITACION A LAS PROVINCIAS Y A LA CIUDAD AUTONOMA DE BUENOS AIRES A ADHERIR.","('0211-S-2003', 1)":null,"('0211-S-2003', 2)":null,"('0211-S-2003', 3)":null,"('0211-S-2003', 4)":null,"('0211-S-2003', 5)":null,"('0211-S-2003', 6)":null,"('0211-S-2003', 7)":null,"('0211-S-2003', 8)":null,"('0211-S-2003', 9)":null,"('0211-S-2003', 10)":null},"Palabra Clave":{"('0211-S-2003', 0)":" ","('0211-S-2003', 1)":null,"('0211-S-2003', 2)":null,"('0211-S-2003', 3)":null,"('0211-S-2003', 4)":null,"('0211-S-2003', 5)":null,"('0211-S-2003', 6)":null,"('0211-S-2003', 7)":null,"('0211-S-2003', 8)":null,"('0211-S-2003', 9)":null,"('0211-S-2003', 10)":null}}