{"Tipo de Proyecto":{"('0215-S-2003', 0)":"PROYECTO DE LEY","('0215-S-2003', 1)":null,"('0215-S-2003', 2)":null,"('0215-S-2003', 3)":null,"('0215-S-2003', 4)":null,"('0215-S-2003', 5)":null,"('0215-S-2003', 6)":null},"Iniciado en: ":{"('0215-S-2003', 0)":"Senado","('0215-S-2003', 1)":null,"('0215-S-2003', 2)":null,"('0215-S-2003', 3)":null,"('0215-S-2003', 4)":null,"('0215-S-2003', 5)":null,"('0215-S-2003', 6)":null},"Expediente Diputados: ":{"('0215-S-2003', 0)":"0215-S-2003","('0215-S-2003', 1)":null,"('0215-S-2003', 2)":null,"('0215-S-2003', 3)":null,"('0215-S-2003', 4)":null,"('0215-S-2003', 5)":null,"('0215-S-2003', 6)":null},"Expediente Senado: ":{"('0215-S-2003', 0)":"2548-S-2002","('0215-S-2003', 1)":null,"('0215-S-2003', 2)":null,"('0215-S-2003', 3)":null,"('0215-S-2003', 4)":null,"('0215-S-2003', 5)":null,"('0215-S-2003', 6)":null},"Publicado en: ":{"('0215-S-2003', 0)":"Diario de Asuntos Entrados N\u00b0 274","('0215-S-2003', 1)":null,"('0215-S-2003', 2)":null,"('0215-S-2003', 3)":null,"('0215-S-2003', 4)":null,"('0215-S-2003', 5)":null,"('0215-S-2003', 6)":null},"Fecha: ":{"('0215-S-2003', 0)":"04\/10\/2002","('0215-S-2003', 1)":null,"('0215-S-2003', 2)":null,"('0215-S-2003', 3)":null,"('0215-S-2003', 4)":null,"('0215-S-2003', 5)":null,"('0215-S-2003', 6)":null},"T\u00edtulo":{"('0215-S-2003', 0)":"COMPLEMENTARIA DE DELITOS AMBIENTALES.","('0215-S-2003', 1)":null,"('0215-S-2003', 2)":null,"('0215-S-2003', 3)":null,"('0215-S-2003', 4)":null,"('0215-S-2003', 5)":null,"('0215-S-2003', 6)":null},"('Firmantes', 'FIRMANTE')":{"('0215-S-2003', 0)":"M\u00dcLLER, MABEL HILDA","('0215-S-2003', 1)":null,"('0215-S-2003', 2)":null,"('0215-S-2003', 3)":null,"('0215-S-2003', 4)":null,"('0215-S-2003', 5)":null,"('0215-S-2003', 6)":null},"('Firmantes', 'DISTRITO')":{"('0215-S-2003', 0)":"BUENOS AIRES","('0215-S-2003', 1)":null,"('0215-S-2003', 2)":null,"('0215-S-2003', 3)":null,"('0215-S-2003', 4)":null,"('0215-S-2003', 5)":null,"('0215-S-2003', 6)":null},"('Firmantes', 'BLOQUE')":{"('0215-S-2003', 0)":"JUSTICIALISTA","('0215-S-2003', 1)":null,"('0215-S-2003', 2)":null,"('0215-S-2003', 3)":null,"('0215-S-2003', 4)":null,"('0215-S-2003', 5)":null,"('0215-S-2003', 6)":null},"('Giros', 'COMISI\u00d3N')":{"('0215-S-2003', 0)":"RECURSOS NATURALES Y CONSERVACION DEL AMBIENTE HUMANO","('0215-S-2003', 1)":"LEGISLACION PENAL","('0215-S-2003', 2)":null,"('0215-S-2003', 3)":null,"('0215-S-2003', 4)":null,"('0215-S-2003', 5)":null,"('0215-S-2003', 6)":null},"('Tramites', 'C\u00c1MARA')":{"('0215-S-2003', 0)":"Senado","('0215-S-2003', 1)":"Senado","('0215-S-2003', 2)":"Diputados","('0215-S-2003', 3)":"Diputados","('0215-S-2003', 4)":"Diputados","('0215-S-2003', 5)":"Diputados","('0215-S-2003', 6)":"Senado"},"('Tramites', 'MOVIMIENTO')":{"('0215-S-2003', 0)":"MOCION SOBRE TABLAS (AFIRMATIVA)","('0215-S-2003', 1)":"CONSIDERACION Y APROBACION CON MODIFICACIONES","('0215-S-2003', 2)":"PASA A DIPUTADOS -","('0215-S-2003', 3)":"MOCION DE PREFERENCIA PARA LA PROXIMA SESION CON DICTAMEN (AFIRMATIVA)","('0215-S-2003', 4)":"CITACION SESION ESPECIAL","('0215-S-2003', 5)":"CONSIDERACION Y APROBACION CON MODIFICACIONES","('0215-S-2003', 6)":"VUELVE A SENADO -"},"('Tramites', 'FECHA')":{"('0215-S-2003', 0)":"19\/11\/2003","('0215-S-2003', 1)":"19\/11\/2003","('0215-S-2003', 2)":null,"('0215-S-2003', 3)":"01\/12\/2004","('0215-S-2003', 4)":"15\/12\/2004","('0215-S-2003', 5)":"15\/12\/2004","('0215-S-2003', 6)":null},"('Tramites', 'RESULTADO')":{"('0215-S-2003', 0)":null,"('0215-S-2003', 1)":"MEDIA SANCION","('0215-S-2003', 2)":null,"('0215-S-2003', 3)":null,"('0215-S-2003', 4)":null,"('0215-S-2003', 5)":"MEDIA SANCION","('0215-S-2003', 6)":null},"Sumario":{"('0215-S-2003', 0)":"SE INCORPORA AL CODIGO PENAL LA PRESENTE LEY; PENAS; PRISION; COMPETENCIA; SE DEROGA LA LEY 24051 Y TODA OTRA NORMA JURIDICA O DISPOSICION QUE SE OPONGA A LA LEY 25612 Y LA PRESENTE.","('0215-S-2003', 1)":null,"('0215-S-2003', 2)":null,"('0215-S-2003', 3)":null,"('0215-S-2003', 4)":null,"('0215-S-2003', 5)":null,"('0215-S-2003', 6)":null},"Palabra Clave":{"('0215-S-2003', 0)":" ","('0215-S-2003', 1)":null,"('0215-S-2003', 2)":null,"('0215-S-2003', 3)":null,"('0215-S-2003', 4)":null,"('0215-S-2003', 5)":null,"('0215-S-2003', 6)":null}}