{"Tipo de Proyecto":{"('0216-P-2003', 0)":"PROYECTO DE RESOLUCI\u00d3N","('0216-P-2003', 1)":null},"Iniciado en: ":{"('0216-P-2003', 0)":"Senado","('0216-P-2003', 1)":null},"Expediente Senado: ":{"('0216-P-2003', 0)":"0216-P-2003","('0216-P-2003', 1)":null},"Publicado en: ":{"('0216-P-2003', 0)":"Diario de Asuntos Entrados N\u00b0 0","('0216-P-2003', 1)":null},"Fecha: ":{"('0216-P-2003', 0)":"18\/12\/2003","('0216-P-2003', 1)":null},"T\u00edtulo":{"('0216-P-2003', 0)":"DESESTIMACION DEL RECURSO EXTRAORDINARIO FEDERAL INTERPUESTO POR LA DEFENSA DEL DOCTOR EDUARDO MOLINE O'CONNOR CONTRA EL FALLO DEFINITIVO EN EL JUICIO POLITICO, SEGUN RESOLUCION DR-1116\/03. ","('0216-P-2003', 1)":null},"('Firmantes', 'FIRMANTE')":{"('0216-P-2003', 0)":"ASUNTOS CONSTITUCIONALES","('0216-P-2003', 1)":null},"('Firmantes', 'DISTRITO')":{"('0216-P-2003', 0)":null,"('0216-P-2003', 1)":null},"('Firmantes', 'BLOQUE')":{"('0216-P-2003', 0)":null,"('0216-P-2003', 1)":null},"('Tramites', 'C\u00c1MARA')":{"('0216-P-2003', 0)":"Senado","('0216-P-2003', 1)":"Senado"},"('Tramites', 'MOVIMIENTO')":{"('0216-P-2003', 0)":"MOCION SOBRE TABLAS (AFIRMATIVA)","('0216-P-2003', 1)":"CONSIDERACION Y APROBACION EN SESION EN TRIBUNAL"},"('Tramites', 'FECHA')":{"('0216-P-2003', 0)":"24\/02\/2004","('0216-P-2003', 1)":"24\/02\/2004"},"('Tramites', 'RESULTADO')":{"('0216-P-2003', 0)":null,"('0216-P-2003', 1)":"APROBADO"},"Link":{"('0216-P-2003', 0)":"http:\/\/www.senado.gov.ar\/parlamentario\/comisiones\/verExp\/216.03\/P\/PR","('0216-P-2003', 1)":null},"Palabra Clave":{"('0216-P-2003', 0)":" ","('0216-P-2003', 1)":null}}