{"Tipo de Proyecto":{"('0216-S-2003', 0)":"PROYECTO DE LEY","('0216-S-2003', 1)":null,"('0216-S-2003', 2)":null,"('0216-S-2003', 3)":null,"('0216-S-2003', 4)":null},"Iniciado en: ":{"('0216-S-2003', 0)":"Senado","('0216-S-2003', 1)":null,"('0216-S-2003', 2)":null,"('0216-S-2003', 3)":null,"('0216-S-2003', 4)":null},"Expediente Diputados: ":{"('0216-S-2003', 0)":"0216-S-2003","('0216-S-2003', 1)":null,"('0216-S-2003', 2)":null,"('0216-S-2003', 3)":null,"('0216-S-2003', 4)":null},"Expediente Senado: ":{"('0216-S-2003', 0)":"0406-S-2002","('0216-S-2003', 1)":null,"('0216-S-2003', 2)":null,"('0216-S-2003', 3)":null,"('0216-S-2003', 4)":null},"Publicado en: ":{"('0216-S-2003', 0)":"Diario de Asuntos Entrados N\u00b0 51","('0216-S-2003', 1)":null,"('0216-S-2003', 2)":null,"('0216-S-2003', 3)":null,"('0216-S-2003', 4)":null},"Fecha: ":{"('0216-S-2003', 0)":"10\/04\/2002","('0216-S-2003', 1)":null,"('0216-S-2003', 2)":null,"('0216-S-2003', 3)":null,"('0216-S-2003', 4)":null},"T\u00edtulo":{"('0216-S-2003', 0)":"GESTION INTEGRAL DE RESIDUOS PATOGENICOS.","('0216-S-2003', 1)":null,"('0216-S-2003', 2)":null,"('0216-S-2003', 3)":null,"('0216-S-2003', 4)":null},"('Firmantes', 'FIRMANTE')":{"('0216-S-2003', 0)":"M\u00dcLLER, MABEL HILDA","('0216-S-2003', 1)":"OVIEDO, MERCEDES MARGARITA","('0216-S-2003', 2)":null,"('0216-S-2003', 3)":null,"('0216-S-2003', 4)":null},"('Firmantes', 'DISTRITO')":{"('0216-S-2003', 0)":"BUENOS AIRES","('0216-S-2003', 1)":"MISIONES","('0216-S-2003', 2)":null,"('0216-S-2003', 3)":null,"('0216-S-2003', 4)":null},"('Firmantes', 'BLOQUE')":{"('0216-S-2003', 0)":"JUSTICIALISTA","('0216-S-2003', 1)":"JUSTICIALISTA","('0216-S-2003', 2)":null,"('0216-S-2003', 3)":null,"('0216-S-2003', 4)":null},"('Giros', 'COMISI\u00d3N')":{"('0216-S-2003', 0)":"RECURSOS NATURALES Y CONSERVACION DEL AMBIENTE HUMANO","('0216-S-2003', 1)":"ACCION SOCIAL Y SALUD PUBLICA","('0216-S-2003', 2)":"ECONOMIA","('0216-S-2003', 3)":"LEGISLACION PENAL","('0216-S-2003', 4)":"PRESUPUESTO Y HACIENDA"},"('Tramites', 'C\u00c1MARA')":{"('0216-S-2003', 0)":"Senado","('0216-S-2003', 1)":"Senado","('0216-S-2003', 2)":"Diputados","('0216-S-2003', 3)":null,"('0216-S-2003', 4)":null},"('Tramites', 'MOVIMIENTO')":{"('0216-S-2003', 0)":"MOCION SOBRE TABLAS (AFIRMATIVA) CONJUNTAMENTE PARA LOS EXPEDIENTES 0216-S-2003, 0406-S-2002 y 1293-S-2002","('0216-S-2003', 1)":"CONSIDERACION Y APROBACION CON MODIFICACIONES CONJUNTAMENTE PARA LOS EXPEDIENTES 0216-S-2003, 0406-S-2002 y 1293-S-2002","('0216-S-2003', 2)":"PASA A DIPUTADOS - CONJUNTAMENTE PARA LOS EXPEDIENTES 0216-S-2003, 0406-S-2002 y 1293-S-2002","('0216-S-2003', 3)":null,"('0216-S-2003', 4)":null},"('Tramites', 'FECHA')":{"('0216-S-2003', 0)":"19\/11\/2003","('0216-S-2003', 1)":"19\/11\/2003","('0216-S-2003', 2)":null,"('0216-S-2003', 3)":null,"('0216-S-2003', 4)":null},"('Tramites', 'RESULTADO')":{"('0216-S-2003', 0)":null,"('0216-S-2003', 1)":"MEDIA SANCION","('0216-S-2003', 2)":null,"('0216-S-2003', 3)":null,"('0216-S-2003', 4)":null},"Sumario":{"('0216-S-2003', 0)":"DISPOSICIONES GENERALES; GENERADORES; TECNOLOGIAS; REGISTROS; TRANSPORTISTAS; CENTROS DE TRATAMIENTO; RESPONSABILIDADES; INFRACCIONES Y SANCIONES; AUTORIDAD DE APLICACION; DISPOSICIONES COMPLEMENTARIAS.","('0216-S-2003', 1)":null,"('0216-S-2003', 2)":null,"('0216-S-2003', 3)":null,"('0216-S-2003', 4)":null},"Palabra Clave":{"('0216-S-2003', 0)":" ","('0216-S-2003', 1)":null,"('0216-S-2003', 2)":null,"('0216-S-2003', 3)":null,"('0216-S-2003', 4)":null}}