{"Tipo de Proyecto":{"('0218-S-2003', 0)":"PROYECTO DE LEY","('0218-S-2003', 1)":null,"('0218-S-2003', 2)":null,"('0218-S-2003', 3)":null,"('0218-S-2003', 4)":null},"Iniciado en: ":{"('0218-S-2003', 0)":"Senado","('0218-S-2003', 1)":null,"('0218-S-2003', 2)":null,"('0218-S-2003', 3)":null,"('0218-S-2003', 4)":null},"Expediente Diputados: ":{"('0218-S-2003', 0)":"0218-S-2003","('0218-S-2003', 1)":null,"('0218-S-2003', 2)":null,"('0218-S-2003', 3)":null,"('0218-S-2003', 4)":null},"Expediente Senado: ":{"('0218-S-2003', 0)":"0057-S-2003","('0218-S-2003', 1)":null,"('0218-S-2003', 2)":null,"('0218-S-2003', 3)":null,"('0218-S-2003', 4)":null},"Publicado en: ":{"('0218-S-2003', 0)":"Diario de Asuntos Entrados N\u00b0 4","('0218-S-2003', 1)":null,"('0218-S-2003', 2)":null,"('0218-S-2003', 3)":null,"('0218-S-2003', 4)":null},"Fecha: ":{"('0218-S-2003', 0)":"05\/03\/2003","('0218-S-2003', 1)":null,"('0218-S-2003', 2)":null,"('0218-S-2003', 3)":null,"('0218-S-2003', 4)":null},"T\u00edtulo":{"('0218-S-2003', 0)":"MODIFICACION DEL ARTICULO 19 DE LA LEY 25156 (DEFENSA DE LA COMPETENCIA), REFERIDO A LA DESIGNACION DE LOS MIEMBROS DEL TRIBUNAL NACIONAL.","('0218-S-2003', 1)":null,"('0218-S-2003', 2)":null,"('0218-S-2003', 3)":null,"('0218-S-2003', 4)":null},"('Firmantes', 'FIRMANTE')":{"('0218-S-2003', 0)":"MORO, EDUARDO ANIBAL","('0218-S-2003', 1)":null,"('0218-S-2003', 2)":null,"('0218-S-2003', 3)":null,"('0218-S-2003', 4)":null},"('Firmantes', 'DISTRITO')":{"('0218-S-2003', 0)":"CHACO","('0218-S-2003', 1)":null,"('0218-S-2003', 2)":null,"('0218-S-2003', 3)":null,"('0218-S-2003', 4)":null},"('Firmantes', 'BLOQUE')":{"('0218-S-2003', 0)":"UCR","('0218-S-2003', 1)":null,"('0218-S-2003', 2)":null,"('0218-S-2003', 3)":null,"('0218-S-2003', 4)":null},"('Giros', 'COMISI\u00d3N')":{"('0218-S-2003', 0)":"COMERCIO","('0218-S-2003', 1)":"DEFENSA DEL CONSUMIDOR","('0218-S-2003', 2)":null,"('0218-S-2003', 3)":null,"('0218-S-2003', 4)":null},"('Tramites', 'C\u00c1MARA')":{"('0218-S-2003', 0)":"Senado","('0218-S-2003', 1)":"Senado","('0218-S-2003', 2)":"Diputados","('0218-S-2003', 3)":"Diputados","('0218-S-2003', 4)":"Diputados"},"('Tramites', 'MOVIMIENTO')":{"('0218-S-2003', 0)":"CAMBIO DE GIRO A LA COMISION DE INDUSTRIA Y COMERCIO; SUPRESION DE GIRO A LA COMISION DE DERECHOS Y GARANTIAS (AFIRMATIVA)","('0218-S-2003', 1)":"CONSIDERACION Y APROBACION","('0218-S-2003', 2)":"PASA A DIPUTADOS -","('0218-S-2003', 3)":"CONSIDERACION Y SANCION","('0218-S-2003', 4)":"COMUNICACION DEL DECRETO 733\/2004 del 14\/06\/2004 DE VETO TOTAL Y DEVOLUCION DEL PROYECTO"},"('Tramites', 'FECHA')":{"('0218-S-2003', 0)":null,"('0218-S-2003', 1)":"19\/11\/2003","('0218-S-2003', 2)":null,"('0218-S-2003', 3)":"12\/05\/2004","('0218-S-2003', 4)":null},"('Tramites', 'RESULTADO')":{"('0218-S-2003', 0)":null,"('0218-S-2003', 1)":"MEDIA SANCION","('0218-S-2003', 2)":null,"('0218-S-2003', 3)":"SANCIONADO","('0218-S-2003', 4)":null},"Link":{"('0218-S-2003', 0)":"http:\/\/www.senado.gov.ar\/parlamentario\/comisiones\/verExp\/57.03\/S\/PL","('0218-S-2003', 1)":null,"('0218-S-2003', 2)":null,"('0218-S-2003', 3)":null,"('0218-S-2003', 4)":null},"Palabra Clave":{"('0218-S-2003', 0)":" ","('0218-S-2003', 1)":null,"('0218-S-2003', 2)":null,"('0218-S-2003', 3)":null,"('0218-S-2003', 4)":null}}