{"Tipo de Proyecto":{"('0219-OV-2003', 0)":"PROYECTO DE RESOLUCI\u00d3N","('0219-OV-2003', 1)":null,"('0219-OV-2003', 2)":null},"Iniciado en: ":{"('0219-OV-2003', 0)":"Senado","('0219-OV-2003', 1)":null,"('0219-OV-2003', 2)":null},"Expediente Senado: ":{"('0219-OV-2003', 0)":"0219-OV-2003","('0219-OV-2003', 1)":null,"('0219-OV-2003', 2)":null},"Fecha: ":{"('0219-OV-2003', 0)":"04\/03\/2005","('0219-OV-2003', 1)":null,"('0219-OV-2003', 2)":null},"T\u00edtulo":{"('0219-OV-2003', 0)":"PEDIDO DE INFORMES AL PODER EJECUTIVO SOBRE RESOLUCIONES REMITIDAS POR LA AUDITORIA GENERAL DE LA NACION SOBRE UN INFORME PRELIMINAR (0219-OV-03) Y SOBRE ESTADOS FINANCIEROS AL 31 DE DICIEMBRE DE 2002 DEL PROYECTO PNUD ARG\/98\/024 APOYO Y FORTALECIMIENTO A LA UNIDAD EJECUTORA DE LA PROVINCIA DE BUENOS AIRES DEL PROGRAMA MATERNO - INFANTIL Y NUTRICION PARA LA EJECUCION DEL SUBPROYECTO BERAZATEGUI - PROMIN II.","('0219-OV-2003', 1)":null,"('0219-OV-2003', 2)":null},"('Firmantes', 'FIRMANTE')":{"('0219-OV-2003', 0)":"PARLAMENTARIA MIXTA REVISORA DE CUENTAS","('0219-OV-2003', 1)":null,"('0219-OV-2003', 2)":null},"('Firmantes', 'DISTRITO')":{"('0219-OV-2003', 0)":null,"('0219-OV-2003', 1)":null,"('0219-OV-2003', 2)":null},"('Firmantes', 'BLOQUE')":{"('0219-OV-2003', 0)":null,"('0219-OV-2003', 1)":null,"('0219-OV-2003', 2)":null},"('Giros', 'COMISI\u00d3N')":{"('0219-OV-2003', 0)":"PARLAMENTARIA MIXTA REVISORA DE CUENTAS","('0219-OV-2003', 1)":null,"('0219-OV-2003', 2)":null},"('Tramites', 'C\u00c1MARA')":{"('0219-OV-2003', 0)":"Senado","('0219-OV-2003', 1)":"Diputados","('0219-OV-2003', 2)":"Diputados"},"('Tramites', 'MOVIMIENTO')":{"('0219-OV-2003', 0)":"CONSIDERACION Y APROBACION","('0219-OV-2003', 1)":"PASA A DIPUTADOS -","('0219-OV-2003', 2)":"CONSIDERACION Y APROBACION"},"('Tramites', 'FECHA')":{"('0219-OV-2003', 0)":"04\/05\/2005","('0219-OV-2003', 1)":null,"('0219-OV-2003', 2)":"07\/07\/2005"},"('Tramites', 'RESULTADO')":{"('0219-OV-2003', 0)":"APROBADO","('0219-OV-2003', 1)":null,"('0219-OV-2003', 2)":"APROBADO"},"Link":{"('0219-OV-2003', 0)":"http:\/\/www.senado.gov.ar\/parlamentario\/comisiones\/verExp\/219.03\/OV\/PR","('0219-OV-2003', 1)":null,"('0219-OV-2003', 2)":null},"Palabra Clave":{"('0219-OV-2003', 0)":" ","('0219-OV-2003', 1)":null,"('0219-OV-2003', 2)":null}}