{"Tipo de Proyecto":{"('0221-OV-2003', 0)":"PROYECTO DE RESOLUCI\u00d3N"},"Iniciado en: ":{"('0221-OV-2003', 0)":"Senado"},"Expediente Senado: ":{"('0221-OV-2003', 0)":"0221-OV-2003"},"Fecha: ":{"('0221-OV-2003', 0)":"23\/09\/2004"},"T\u00edtulo":{"('0221-OV-2003', 0)":"RESOLUCION REMITIDA POR LA AUDITORIA GENERAL DE LA NACION SOBRE EL INFORME PRELIMINAR SOBRE CONTROL INTERNO Y REGISTROS DEL PROYECTO PNUD ARG\/99\/025, PROYECTO DE GESTION DE LA CONTAMINACION."},"('Firmantes', 'FIRMANTE')":{"('0221-OV-2003', 0)":"PARLAMENTARIA MIXTA REVISORA DE CUENTAS"},"('Firmantes', 'DISTRITO')":{"('0221-OV-2003', 0)":null},"('Firmantes', 'BLOQUE')":{"('0221-OV-2003', 0)":null},"('Tramites', 'C\u00c1MARA')":{"('0221-OV-2003', 0)":"Senado"},"('Tramites', 'MOVIMIENTO')":{"('0221-OV-2003', 0)":"CONSIDERACION Y APROBACION (AL ARCHIVO)"},"('Tramites', 'FECHA')":{"('0221-OV-2003', 0)":"20\/10\/2004"},"('Tramites', 'RESULTADO')":{"('0221-OV-2003', 0)":"ARCHIVADO"},"Sumario":{"('0221-OV-2003', 0)":"HABIENDO TOMADO CONOCIMIENTO Y SIN PERJUICIO DE LAS ULTERIORES MEDIDAS QUE PUEDAN ADOPTARSE SE ACONSEJA SU REMISION AL ARCHIVO."},"Palabra Clave":{"('0221-OV-2003', 0)":" "}}