{"Tipo de Proyecto":{"('0223-S-2003', 0)":"PROYECTO DE LEY","('0223-S-2003', 1)":null},"Iniciado en: ":{"('0223-S-2003', 0)":"Senado","('0223-S-2003', 1)":null},"Expediente Diputados: ":{"('0223-S-2003', 0)":"0223-S-2003","('0223-S-2003', 1)":null},"Expediente Senado: ":{"('0223-S-2003', 0)":"0630-S-2003","('0223-S-2003', 1)":null},"Publicado en: ":{"('0223-S-2003', 0)":"Diario de Asuntos Entrados N\u00b0 42","('0223-S-2003', 1)":null},"Fecha: ":{"('0223-S-2003', 0)":"23\/04\/2003","('0223-S-2003', 1)":null},"T\u00edtulo":{"('0223-S-2003', 0)":"LEY 24240 (DEFENSA DEL CONSUMIDOR).","('0223-S-2003', 1)":null},"('Firmantes', 'FIRMANTE')":{"('0223-S-2003', 0)":"PICHETTO, MIGUEL ANGEL","('0223-S-2003', 1)":null},"('Firmantes', 'DISTRITO')":{"('0223-S-2003', 0)":"RIO NEGRO","('0223-S-2003', 1)":null},"('Firmantes', 'BLOQUE')":{"('0223-S-2003', 0)":"JUSTICIALISTA","('0223-S-2003', 1)":null},"('Giros', 'COMISI\u00d3N')":{"('0223-S-2003', 0)":"DEFENSA DEL CONSUMIDOR","('0223-S-2003', 1)":null},"('Tramites', 'C\u00c1MARA')":{"('0223-S-2003', 0)":"Senado","('0223-S-2003', 1)":"Diputados"},"('Tramites', 'MOVIMIENTO')":{"('0223-S-2003', 0)":"CONSIDERACION Y APROBACION","('0223-S-2003', 1)":"PASA A DIPUTADOS -"},"('Tramites', 'FECHA')":{"('0223-S-2003', 0)":"19\/11\/2003","('0223-S-2003', 1)":null},"('Tramites', 'RESULTADO')":{"('0223-S-2003', 0)":"MEDIA SANCION","('0223-S-2003', 1)":null},"Sumario":{"('0223-S-2003', 0)":"MODIFICACION DEL ARTICULO 7 (LAPSO DE LA OFERTA).","('0223-S-2003', 1)":null},"Palabra Clave":{"('0223-S-2003', 0)":" ","('0223-S-2003', 1)":null}}