{"Tipo de Proyecto":{"('0224-S-2003', 0)":"COMUNICACION","('0224-S-2003', 1)":null},"Iniciado en: ":{"('0224-S-2003', 0)":"Senado","('0224-S-2003', 1)":null},"Expediente Senado: ":{"('0224-S-2003', 0)":"0224-S-2003","('0224-S-2003', 1)":null},"Publicado en: ":{"('0224-S-2003', 0)":"Diario de Asuntos Entrados N\u00b0 16","('0224-S-2003', 1)":null},"Fecha: ":{"('0224-S-2003', 0)":"14\/03\/2003","('0224-S-2003', 1)":null},"T\u00edtulo":{"('0224-S-2003', 0)":"SOLICITAR AL PODER EJECUTIVO DISPONGA LAS MEDIDAS TENDIENTES A MEJORAR LA CAPACIDAD PRODUCTIVA DE LA ACTIVIDAD ALGODONERA E INCREMENTAR LA SUPERFICIE DE SIEMBRA.","('0224-S-2003', 1)":null},"('Firmantes', 'FIRMANTE')":{"('0224-S-2003', 0)":"MORO, EDUARDO ANIBAL","('0224-S-2003', 1)":"CURLETTI, MIRIAM BELEN"},"('Firmantes', 'DISTRITO')":{"('0224-S-2003', 0)":"CHACO","('0224-S-2003', 1)":"CHACO"},"('Firmantes', 'BLOQUE')":{"('0224-S-2003', 0)":"UCR","('0224-S-2003', 1)":"UCR"},"('Tramites', 'C\u00c1MARA')":{"('0224-S-2003', 0)":"Senado","('0224-S-2003', 1)":"Senado"},"('Tramites', 'MOVIMIENTO')":{"('0224-S-2003', 0)":"CONSIDERACION Y APROBACION","('0224-S-2003', 1)":"CONTESTACION DEL PODER EJECUTIVO NACIONAL - GIRADO A LA COMISION RESPECTIVA"},"('Tramites', 'FECHA')":{"('0224-S-2003', 0)":"17\/09\/2003","('0224-S-2003', 1)":null},"('Tramites', 'RESULTADO')":{"('0224-S-2003', 0)":"APROBADO","('0224-S-2003', 1)":null},"Link":{"('0224-S-2003', 0)":"http:\/\/www.senado.gov.ar\/parlamentario\/comisiones\/verExp\/224.03\/S\/PC","('0224-S-2003', 1)":null},"Palabra Clave":{"('0224-S-2003', 0)":" ","('0224-S-2003', 1)":null}}