{"Tipo de Proyecto":{"('0224-D-2003', 0)":"PROYECTO DE RESOLUCI\u00d3N","('0224-D-2003', 1)":null},"Iniciado en: ":{"('0224-D-2003', 0)":"Diputados","('0224-D-2003', 1)":null},"Expediente Diputados: ":{"('0224-D-2003', 0)":"0224-D-2003","('0224-D-2003', 1)":null},"Publicado en: ":{"('0224-D-2003', 0)":"Tr\u00e1mite Parlamentario N\u00b0 2","('0224-D-2003', 1)":null},"Fecha: ":{"('0224-D-2003', 0)":"04\/03\/2003","('0224-D-2003', 1)":null},"T\u00edtulo":{"('0224-D-2003', 0)":"PROPONER A LA CIUDAD DE PAYSANDU, REPUBLICA ORIENTAL DEL URUGUAY, COMO SEDE DEFINITIVA Y PERMANENTE DEL PARLAMENTO DEL MERCADO COMUN DEL SUR - MERCOSUR -.","('0224-D-2003', 1)":null},"('Firmantes', 'FIRMANTE')":{"('0224-D-2003', 0)":"CORFIELD, GUILLERMO EDUARDO","('0224-D-2003', 1)":"CUSINATO, GUSTAVO"},"('Firmantes', 'DISTRITO')":{"('0224-D-2003', 0)":"ENTRE RIOS","('0224-D-2003', 1)":"ENTRE RIOS"},"('Firmantes', 'BLOQUE')":{"('0224-D-2003', 0)":"UCR","('0224-D-2003', 1)":"UCR"},"('Giros', 'COMISI\u00d3N')":{"('0224-D-2003', 0)":"MERCOSUR","('0224-D-2003', 1)":null},"Palabra Clave":{"('0224-D-2003', 0)":" ","('0224-D-2003', 1)":null}}