{"Tipo de Proyecto":{"('0227-D-2003', 0)":"PROYECTO DE LEY","('0227-D-2003', 1)":null,"('0227-D-2003', 2)":null},"Iniciado en: ":{"('0227-D-2003', 0)":"Diputados","('0227-D-2003', 1)":null,"('0227-D-2003', 2)":null},"Expediente Diputados: ":{"('0227-D-2003', 0)":"0227-D-2003","('0227-D-2003', 1)":null,"('0227-D-2003', 2)":null},"Publicado en: ":{"('0227-D-2003', 0)":"Tr\u00e1mite Parlamentario N\u00b0 2","('0227-D-2003', 1)":null,"('0227-D-2003', 2)":null},"Fecha: ":{"('0227-D-2003', 0)":"04\/03\/2003","('0227-D-2003', 1)":null,"('0227-D-2003', 2)":null},"T\u00edtulo":{"('0227-D-2003', 0)":"MODIFICACION DE LA LEY 24463, DE REGIMEN DE SOLIDARIDAD PREVISIONAL, Y DEL DECRETO LEY 1258\/58, DE ORGANIZACION DE LA JUSTICIA NACIONAL.","('0227-D-2003', 1)":null,"('0227-D-2003', 2)":null},"('Firmantes', 'FIRMANTE')":{"('0227-D-2003', 0)":"ALCHOURON, GUILLERMO EDUARDO","('0227-D-2003', 1)":null,"('0227-D-2003', 2)":null},"('Firmantes', 'DISTRITO')":{"('0227-D-2003', 0)":"BUENOS AIRES","('0227-D-2003', 1)":null,"('0227-D-2003', 2)":null},"('Firmantes', 'BLOQUE')":{"('0227-D-2003', 0)":"ACCION REPUBLICA","('0227-D-2003', 1)":null,"('0227-D-2003', 2)":null},"('Giros', 'COMISI\u00d3N')":{"('0227-D-2003', 0)":"PRESUPUESTO Y HACIENDA","('0227-D-2003', 1)":"PREVISION Y SEGURIDAD SOCIAL","('0227-D-2003', 2)":"JUSTICIA"},"Sumario":{"('0227-D-2003', 0)":"DEROGACION DE LOS ARTICULOS 14, 15, 16, 17, 18, 19, 20, 21, 22, 23, 24 Y 25 (PROCEDIMIENTO JUDICIAL DE LA SEGURIDAD SOCIAL) DEL CAPITULO II DE LA LEY 24463, MODIFICACION DEL INCISO A) DEL ARTICULO 26 (RECURSOS DE APELACION);  MODIFICACION DEL ARTICULO 39 BIS DEL DECRETO LEY 1258\/58 (COMPETENCIA DE LA CAMARA FEDERAL DE APELACIONES DE LA SEGURIDAD SOCIAL); REGIMEN APLICABLE; COMPETENCIA DE LOS JUECES FEDERALES DE PRIMERA INSTANCIA DE LA SEGURIDAD SOCIAL Y DE LOS JUECES FEDERALES EN EL INTERIOR DEL PAIS.","('0227-D-2003', 1)":null,"('0227-D-2003', 2)":null},"Palabra Clave":{"('0227-D-2003', 0)":" ","('0227-D-2003', 1)":null,"('0227-D-2003', 2)":null}}