{"Tipo de Proyecto":{"('0228-S-2003', 0)":"PROYECTO DE DECLARACI\u00d3N"},"Iniciado en: ":{"('0228-S-2003', 0)":"Senado"},"Expediente Senado: ":{"('0228-S-2003', 0)":"0228-S-2003"},"Publicado en: ":{"('0228-S-2003', 0)":"Diario de Asuntos Entrados N\u00b0 16"},"Fecha: ":{"('0228-S-2003', 0)":"14\/03\/2003"},"T\u00edtulo":{"('0228-S-2003', 0)":"DECLARAR DE INTERES PARLAMENTARIO LA ACTIVIDAD DESARROLLADA EN LA REPUBLICA ARGENTINA POR LA KINESIOLOGA PROFESORA EDITH CHAD BOYKO, CUYA TECNICA SE DENOMINA TESTEO MUSCULAR MANUAL DE PRECISION."},"('Firmantes', 'FIRMANTE')":{"('0228-S-2003', 0)":"LATORRE, ROXANA"},"('Firmantes', 'DISTRITO')":{"('0228-S-2003', 0)":"SANTA FE"},"('Firmantes', 'BLOQUE')":{"('0228-S-2003', 0)":"JUSTICIALISTA"},"('Tramites', 'C\u00c1MARA')":{"('0228-S-2003', 0)":"Senado"},"('Tramites', 'MOVIMIENTO')":{"('0228-S-2003', 0)":"CONSIDERACION Y APROBACION"},"('Tramites', 'FECHA')":{"('0228-S-2003', 0)":"19\/11\/2003"},"('Tramites', 'RESULTADO')":{"('0228-S-2003', 0)":"APROBADO"},"Link":{"('0228-S-2003', 0)":"http:\/\/www.senado.gov.ar\/parlamentario\/comisiones\/verExp\/228.03\/S\/PD"},"Palabra Clave":{"('0228-S-2003', 0)":" "}}