{"Tipo de Proyecto":{"('0228-D-2003', 0)":"PROYECTO DE DECLARACI\u00d3N"},"Iniciado en: ":{"('0228-D-2003', 0)":"Diputados"},"Expediente Diputados: ":{"('0228-D-2003', 0)":"0228-D-2003"},"Publicado en: ":{"('0228-D-2003', 0)":"Tr\u00e1mite Parlamentario N\u00b0 2"},"Fecha: ":{"('0228-D-2003', 0)":"04\/03\/2003"},"T\u00edtulo":{"('0228-D-2003', 0)":"RENDIR HOMENAJE POR LOS 150 A\u00d1OS DE LA SANCION DE LA CONSTITUCION NACIONAL EL 1 DE MAYO DE 2003."},"('Firmantes', 'FIRMANTE')":{"('0228-D-2003', 0)":"ALCHOURON, GUILLERMO EDUARDO"},"('Firmantes', 'DISTRITO')":{"('0228-D-2003', 0)":"BUENOS AIRES"},"('Firmantes', 'BLOQUE')":{"('0228-D-2003', 0)":"ACCION REPUBLICA"},"('Giros', 'COMISI\u00d3N')":{"('0228-D-2003', 0)":"LABOR PARLAMENTARIA"},"Palabra Clave":{"('0228-D-2003', 0)":" "}}