{"Tipo de Proyecto":{"('0230-S-2003', 0)":"PROYECTO DE RESOLUCI\u00d3N","('0230-S-2003', 1)":null,"('0230-S-2003', 2)":null,"('0230-S-2003', 3)":null,"('0230-S-2003', 4)":null},"Iniciado en: ":{"('0230-S-2003', 0)":"Senado","('0230-S-2003', 1)":null,"('0230-S-2003', 2)":null,"('0230-S-2003', 3)":null,"('0230-S-2003', 4)":null},"Expediente Diputados: ":{"('0230-S-2003', 0)":"0230-S-2003","('0230-S-2003', 1)":null,"('0230-S-2003', 2)":null,"('0230-S-2003', 3)":null,"('0230-S-2003', 4)":null},"Expediente Senado: ":{"('0230-S-2003', 0)":"0056-OV-2002","('0230-S-2003', 1)":null,"('0230-S-2003', 2)":null,"('0230-S-2003', 3)":null,"('0230-S-2003', 4)":null},"Fecha: ":{"('0230-S-2003', 0)":"31\/10\/2003","('0230-S-2003', 1)":null,"('0230-S-2003', 2)":null,"('0230-S-2003', 3)":null,"('0230-S-2003', 4)":null},"T\u00edtulo":{"('0230-S-2003', 0)":"PEDIDO DE INFORMES AL PODER EJECUTIVO SOBRE RESOLUCION REMITIDA POR LA AUDITORIA GENERAL DE LA NACION SOBRE UN INFORME DE AUDITORIA REFERENTE AL CUMPLIMIENTO DE OBLIGACIONES CONTRACTUALES EN EL AMBITO DE LA EMPRESA TRANSPORTES METROPOLITANOS GENERAL ROCA SA, CORRESPONDIENTE AL PERIODO COMPRENDIDO ENTRE EL 1 DE ENERO DE 1995 Y EL 31 DE JULIO DE 1999.","('0230-S-2003', 1)":null,"('0230-S-2003', 2)":null,"('0230-S-2003', 3)":null,"('0230-S-2003', 4)":null},"('Firmantes', 'FIRMANTE')":{"('0230-S-2003', 0)":"PARLAMENTARIA MIXTA REVISORA DE CUENTAS","('0230-S-2003', 1)":null,"('0230-S-2003', 2)":null,"('0230-S-2003', 3)":null,"('0230-S-2003', 4)":null},"('Firmantes', 'DISTRITO')":{"('0230-S-2003', 0)":null,"('0230-S-2003', 1)":null,"('0230-S-2003', 2)":null,"('0230-S-2003', 3)":null,"('0230-S-2003', 4)":null},"('Firmantes', 'BLOQUE')":{"('0230-S-2003', 0)":null,"('0230-S-2003', 1)":null,"('0230-S-2003', 2)":null,"('0230-S-2003', 3)":null,"('0230-S-2003', 4)":null},"('Giros', 'COMISI\u00d3N')":{"('0230-S-2003', 0)":"PARLAMENTARIA MIXTA REVISORA DE CUENTAS","('0230-S-2003', 1)":null,"('0230-S-2003', 2)":null,"('0230-S-2003', 3)":null,"('0230-S-2003', 4)":null},"('Tramites', 'C\u00c1MARA')":{"('0230-S-2003', 0)":"Senado","('0230-S-2003', 1)":"Diputados","('0230-S-2003', 2)":"Diputados","('0230-S-2003', 3)":"Diputados","('0230-S-2003', 4)":"Diputados"},"('Tramites', 'MOVIMIENTO')":{"('0230-S-2003', 0)":"CONSIDERACION Y APROBACION","('0230-S-2003', 1)":"PASA A DIPUTADOS -","('0230-S-2003', 2)":"CONSIDERACION Y APROBACION","('0230-S-2003', 3)":"CONTESTACION DEL PODER EJECUTIVO NACIONAL - JEFE DE GABINETE DE MINISTROS - GIRADO A LA COMISION RESPECTIVA","('0230-S-2003', 4)":"CONTESTACION DEL PODER EJECUTIVO NACIONAL - JEFE DE GABINETE DE MINISTROS - GIRADO A LA COMISION RESPECTIVA"},"('Tramites', 'FECHA')":{"('0230-S-2003', 0)":"19\/11\/2003","('0230-S-2003', 1)":null,"('0230-S-2003', 2)":"21\/04\/2004","('0230-S-2003', 3)":"09\/02\/2005","('0230-S-2003', 4)":"22\/02\/2006"},"('Tramites', 'RESULTADO')":{"('0230-S-2003', 0)":"APROBADO","('0230-S-2003', 1)":null,"('0230-S-2003', 2)":"APROBADO","('0230-S-2003', 3)":null,"('0230-S-2003', 4)":null},"Link":{"('0230-S-2003', 0)":"http:\/\/www.senado.gov.ar\/parlamentario\/comisiones\/verExp\/56.02\/OV\/PR","('0230-S-2003', 1)":null,"('0230-S-2003', 2)":null,"('0230-S-2003', 3)":null,"('0230-S-2003', 4)":null},"Palabra Clave":{"('0230-S-2003', 0)":" ","('0230-S-2003', 1)":null,"('0230-S-2003', 2)":null,"('0230-S-2003', 3)":null,"('0230-S-2003', 4)":null}}