{"Tipo de Proyecto":{"('0231-D-2003', 0)":"PROYECTO DE RESOLUCI\u00d3N","('0231-D-2003', 1)":null,"('0231-D-2003', 2)":null},"Iniciado en: ":{"('0231-D-2003', 0)":"Diputados","('0231-D-2003', 1)":null,"('0231-D-2003', 2)":null},"Expediente Diputados: ":{"('0231-D-2003', 0)":"0231-D-2003","('0231-D-2003', 1)":null,"('0231-D-2003', 2)":null},"Publicado en: ":{"('0231-D-2003', 0)":"Tr\u00e1mite Parlamentario N\u00b0 2","('0231-D-2003', 1)":null,"('0231-D-2003', 2)":null},"Fecha: ":{"('0231-D-2003', 0)":"04\/03\/2003","('0231-D-2003', 1)":null,"('0231-D-2003', 2)":null},"T\u00edtulo":{"('0231-D-2003', 0)":"SOLICITAR AL PODER EJECUTIVO DISPONGA LAS MEDIDAS CONDUCENTES A QUE LA ADMINISTRACION FEDERAL DE INGRESOS PUBLICOS EXIJA EN CONCEPTO DE APORTES PATRONALES A LAS PROVINCIAS QUE TRANSFIRIERON SUS SISTEMAS PREVISIONALES A LA NACION Y A LA CIUDAD AUTONOMA DE BUENOS AIRES, LA ALICUOTA DEL 10,17 % CON DESTINO AL SISTEMA INTEGRADO DE JUBILACIONES Y PENSIONES.","('0231-D-2003', 1)":null,"('0231-D-2003', 2)":null},"('Firmantes', 'FIRMANTE')":{"('0231-D-2003', 0)":"CONCA, JULIO CESAR","('0231-D-2003', 1)":null,"('0231-D-2003', 2)":null},"('Firmantes', 'DISTRITO')":{"('0231-D-2003', 0)":"SAN JUAN","('0231-D-2003', 1)":null,"('0231-D-2003', 2)":null},"('Firmantes', 'BLOQUE')":{"('0231-D-2003', 0)":"BLOQUISTA","('0231-D-2003', 1)":null,"('0231-D-2003', 2)":null},"('Giros', 'COMISI\u00d3N')":{"('0231-D-2003', 0)":"PRESUPUESTO Y HACIENDA","('0231-D-2003', 1)":"PREVISION Y SEGURIDAD SOCIAL","('0231-D-2003', 2)":"ANALISIS Y SEGUIMIENTO DE NORMAS TRIBUTARIAS Y PREVIS."},"Palabra Clave":{"('0231-D-2003', 0)":" ","('0231-D-2003', 1)":null,"('0231-D-2003', 2)":null}}