{"Tipo de Proyecto":{"('0232-S-2003', 0)":"PROYECTO DE RESOLUCI\u00d3N","('0232-S-2003', 1)":null,"('0232-S-2003', 2)":null,"('0232-S-2003', 3)":null},"Iniciado en: ":{"('0232-S-2003', 0)":"Senado","('0232-S-2003', 1)":null,"('0232-S-2003', 2)":null,"('0232-S-2003', 3)":null},"Expediente Diputados: ":{"('0232-S-2003', 0)":"0232-S-2003","('0232-S-2003', 1)":null,"('0232-S-2003', 2)":null,"('0232-S-2003', 3)":null},"Expediente Senado: ":{"('0232-S-2003', 0)":"0269-OV-2002","('0232-S-2003', 1)":null,"('0232-S-2003', 2)":null,"('0232-S-2003', 3)":null},"Fecha: ":{"('0232-S-2003', 0)":"31\/10\/2003","('0232-S-2003', 1)":null,"('0232-S-2003', 2)":null,"('0232-S-2003', 3)":null},"T\u00edtulo":{"('0232-S-2003', 0)":"PEDIDO DE INFORMES AL PODER EJECUTIVO SOBRE RESOLUCION REMITIDA POR LA AUDITORIA GENERAL DE LA NACION SOBRE LOS ESTADOS FINANCIEROS AL 31 DE DICIEMBRE DE 2001 - PROYECTO DE MODERNIZACION DEL ESTADO - CONVENIO DE PRESTAMO 4423-AR BIRF.","('0232-S-2003', 1)":null,"('0232-S-2003', 2)":null,"('0232-S-2003', 3)":null},"('Firmantes', 'FIRMANTE')":{"('0232-S-2003', 0)":"PARLAMENTARIA MIXTA REVISORA DE CUENTAS","('0232-S-2003', 1)":null,"('0232-S-2003', 2)":null,"('0232-S-2003', 3)":null},"('Firmantes', 'DISTRITO')":{"('0232-S-2003', 0)":null,"('0232-S-2003', 1)":null,"('0232-S-2003', 2)":null,"('0232-S-2003', 3)":null},"('Firmantes', 'BLOQUE')":{"('0232-S-2003', 0)":null,"('0232-S-2003', 1)":null,"('0232-S-2003', 2)":null,"('0232-S-2003', 3)":null},"('Giros', 'COMISI\u00d3N')":{"('0232-S-2003', 0)":"PARLAMENTARIA MIXTA REVISORA DE CUENTAS","('0232-S-2003', 1)":null,"('0232-S-2003', 2)":null,"('0232-S-2003', 3)":null},"('Tramites', 'C\u00c1MARA')":{"('0232-S-2003', 0)":"Senado","('0232-S-2003', 1)":"Diputados","('0232-S-2003', 2)":"Diputados","('0232-S-2003', 3)":"Diputados"},"('Tramites', 'MOVIMIENTO')":{"('0232-S-2003', 0)":"CONSIDERACION Y APROBACION","('0232-S-2003', 1)":"PASA A DIPUTADOS -","('0232-S-2003', 2)":"CONSIDERACION Y APROBACION","('0232-S-2003', 3)":"CONTESTACION DEL PODER EJECUTIVO NACIONAL - JEFE DE GABINETE DE MINISTROS - GIRADO A LA COMISION RESPECTIVA"},"('Tramites', 'FECHA')":{"('0232-S-2003', 0)":"19\/11\/2003","('0232-S-2003', 1)":null,"('0232-S-2003', 2)":"21\/04\/2004","('0232-S-2003', 3)":"08\/09\/2004"},"('Tramites', 'RESULTADO')":{"('0232-S-2003', 0)":"APROBADO","('0232-S-2003', 1)":null,"('0232-S-2003', 2)":"APROBADO","('0232-S-2003', 3)":null},"Link":{"('0232-S-2003', 0)":"http:\/\/www.senado.gov.ar\/parlamentario\/comisiones\/verExp\/269.02\/OV\/PR","('0232-S-2003', 1)":null,"('0232-S-2003', 2)":null,"('0232-S-2003', 3)":null},"Palabra Clave":{"('0232-S-2003', 0)":" ","('0232-S-2003', 1)":null,"('0232-S-2003', 2)":null,"('0232-S-2003', 3)":null}}