{"Tipo de Proyecto":{"('0232-D-2003', 0)":"PROYECTO DE LEY"},"Iniciado en: ":{"('0232-D-2003', 0)":"Diputados"},"Expediente Diputados: ":{"('0232-D-2003', 0)":"0232-D-2003"},"Publicado en: ":{"('0232-D-2003', 0)":"Tr\u00e1mite Parlamentario N\u00b0 2"},"Fecha: ":{"('0232-D-2003', 0)":"04\/03\/2003"},"T\u00edtulo":{"('0232-D-2003', 0)":"ESTABLECER UN CICLO LECTIVO ANUAL MINIMO DE CIENTO OCHENTA (180) DIAS DE CLASE EFECTIVOS PARA LOS ESTABLECIMIENTOS EDUCATIVOS DE TODO EL PAIS."},"('Firmantes', 'FIRMANTE')":{"('0232-D-2003', 0)":"RIVAS, OLIJELA DEL VALLE"},"('Firmantes', 'DISTRITO')":{"('0232-D-2003', 0)":"TUCUMAN"},"('Firmantes', 'BLOQUE')":{"('0232-D-2003', 0)":"JUSTICIALISTA AZUL Y BLANCO"},"('Giros', 'COMISI\u00d3N')":{"('0232-D-2003', 0)":"EDUCACION"},"Sumario":{"('0232-D-2003', 0)":"CARGA HORARIO ANUAL MINIMA DE 720 HORAS PARA LA EDUCACION INICIAL Y LA EDUCACION GENERAL BASICA Y DE 810 HORAS PARA LA EDUCACION POLIMODAL; COMPENSACION; DECLARA EN ESTADO DE EMERGENCIA EDUCATIVA A LAS JURISDICCIONES QUE SE ENCUENTREN EN EL INCUMPLIMIENTO DE UNA DECIMA PARTE DEL CICLO LECTIVO MINIMO; INTERVENCION TECNICA Y FINANCIERA DEL PODER EJECUTIVO."},"Palabra Clave":{"('0232-D-2003', 0)":" "}}