{"Tipo de Proyecto":{"('0236-D-2003', 0)":"PROYECTO DE DECLARACI\u00d3N","('0236-D-2003', 1)":null,"('0236-D-2003', 2)":null},"Iniciado en: ":{"('0236-D-2003', 0)":"Diputados","('0236-D-2003', 1)":null,"('0236-D-2003', 2)":null},"Expediente Diputados: ":{"('0236-D-2003', 0)":"0236-D-2003","('0236-D-2003', 1)":null,"('0236-D-2003', 2)":null},"Publicado en: ":{"('0236-D-2003', 0)":"Tr\u00e1mite Parlamentario N\u00b0 2","('0236-D-2003', 1)":null,"('0236-D-2003', 2)":null},"Fecha: ":{"('0236-D-2003', 0)":"04\/03\/2003","('0236-D-2003', 1)":null,"('0236-D-2003', 2)":null},"T\u00edtulo":{"('0236-D-2003', 0)":"SOLICITAR AL PODER EJECUTIVO DISPONGA LA ADOPCION DE MEDIDAS TENDIENTES A DETERMINAR EXPRESAMENTE EL PERSONAL COMPRENDIDO EN LOS ALCANCES DEL DECRETO 1805\/73, DE REGIMEN JUBILATORIO ESPECIAL PARA EL PERSONAL DE SEGURIDAD OPERATIVA INDUSTRIAL.","('0236-D-2003', 1)":null,"('0236-D-2003', 2)":null},"('Firmantes', 'FIRMANTE')":{"('0236-D-2003', 0)":"CHIACCHIO, NORA ALICIA","('0236-D-2003', 1)":null,"('0236-D-2003', 2)":null},"('Firmantes', 'DISTRITO')":{"('0236-D-2003', 0)":"BUENOS AIRES","('0236-D-2003', 1)":null,"('0236-D-2003', 2)":null},"('Firmantes', 'BLOQUE')":{"('0236-D-2003', 0)":"JUSTICIALISTA","('0236-D-2003', 1)":null,"('0236-D-2003', 2)":null},"('Giros', 'COMISI\u00d3N')":{"('0236-D-2003', 0)":"PREVISION Y SEGURIDAD SOCIAL","('0236-D-2003', 1)":"LEGISLACION DEL TRABAJO","('0236-D-2003', 2)":"ENERGIA Y COMBUSTIBLES"},"('Tramites', 'C\u00c1MARA')":{"('0236-D-2003', 0)":"Diputados","('0236-D-2003', 1)":"Diputados","('0236-D-2003', 2)":null},"('Tramites', 'MOVIMIENTO')":{"('0236-D-2003', 0)":"CONSIDERACION Y APROBACION","('0236-D-2003', 1)":"CONTESTACION DEL PODER EJECUTIVO NACIONAL - JEFE DE GABINETE DE MINISTROS - GIRADO A LA COMISION RESPECTIVA","('0236-D-2003', 2)":null},"('Tramites', 'FECHA')":{"('0236-D-2003', 0)":"01\/10\/2003","('0236-D-2003', 1)":"14\/12\/2005","('0236-D-2003', 2)":null},"('Tramites', 'RESULTADO')":{"('0236-D-2003', 0)":"APROBADO","('0236-D-2003', 1)":null,"('0236-D-2003', 2)":null},"Palabra Clave":{"('0236-D-2003', 0)":" ","('0236-D-2003', 1)":null,"('0236-D-2003', 2)":null}}