{"Tipo de Proyecto":{"('0237-D-2003', 0)":"PROYECTO DE LEY","('0237-D-2003', 1)":null,"('0237-D-2003', 2)":null,"('0237-D-2003', 3)":null},"Iniciado en: ":{"('0237-D-2003', 0)":"Diputados","('0237-D-2003', 1)":null,"('0237-D-2003', 2)":null,"('0237-D-2003', 3)":null},"Expediente Diputados: ":{"('0237-D-2003', 0)":"0237-D-2003","('0237-D-2003', 1)":null,"('0237-D-2003', 2)":null,"('0237-D-2003', 3)":null},"Expediente Senado: ":{"('0237-D-2003', 0)":"0093-CD-2003","('0237-D-2003', 1)":null,"('0237-D-2003', 2)":null,"('0237-D-2003', 3)":null},"Publicado en: ":{"('0237-D-2003', 0)":"Tr\u00e1mite Parlamentario N\u00b0 2","('0237-D-2003', 1)":null,"('0237-D-2003', 2)":null,"('0237-D-2003', 3)":null},"Fecha: ":{"('0237-D-2003', 0)":"04\/03\/2003","('0237-D-2003', 1)":null,"('0237-D-2003', 2)":null,"('0237-D-2003', 3)":null},"T\u00edtulo":{"('0237-D-2003', 0)":"TRANSFERIR A TITULO GRATUITO UN INMUEBLE PROPIEDAD DEL ESTADO NACIONAL - MINISTERIO DE ACCION SOCIAL- A LA UNIVERSIDAD NACIONAL DEL CENTRO, TANDIL, PROVINCIA DE BUENOS AIRES.","('0237-D-2003', 1)":null,"('0237-D-2003', 2)":null,"('0237-D-2003', 3)":null},"('Firmantes', 'FIRMANTE')":{"('0237-D-2003', 0)":"CHIACCHIO, NORA ALICIA","('0237-D-2003', 1)":null,"('0237-D-2003', 2)":null,"('0237-D-2003', 3)":null},"('Firmantes', 'DISTRITO')":{"('0237-D-2003', 0)":"BUENOS AIRES","('0237-D-2003', 1)":null,"('0237-D-2003', 2)":null,"('0237-D-2003', 3)":null},"('Firmantes', 'BLOQUE')":{"('0237-D-2003', 0)":"JUSTICIALISTA","('0237-D-2003', 1)":null,"('0237-D-2003', 2)":null,"('0237-D-2003', 3)":null},"('Giros', 'COMISI\u00d3N')":{"('0237-D-2003', 0)":"LEGISLACION GENERAL","('0237-D-2003', 1)":"EDUCACION","('0237-D-2003', 2)":"ACCION SOCIAL Y SALUD PUBLICA","('0237-D-2003', 3)":null},"('Tramites', 'C\u00c1MARA')":{"('0237-D-2003', 0)":"Diputados","('0237-D-2003', 1)":"Senado","('0237-D-2003', 2)":"Senado","('0237-D-2003', 3)":"Diputados"},"('Tramites', 'MOVIMIENTO')":{"('0237-D-2003', 0)":"CONSIDERACION Y APROBACION","('0237-D-2003', 1)":"PASA A SENADO - (DAE 168)","('0237-D-2003', 2)":"CONSIDERACION Y APROBACION","('0237-D-2003', 3)":"VUELVE A DIPUTADOS -"},"('Tramites', 'FECHA')":{"('0237-D-2003', 0)":"05\/11\/2003","('0237-D-2003', 1)":null,"('0237-D-2003', 2)":"25\/08\/2004","('0237-D-2003', 3)":null},"('Tramites', 'RESULTADO')":{"('0237-D-2003', 0)":"MEDIA SANCION","('0237-D-2003', 1)":null,"('0237-D-2003', 2)":"MEDIA SANCION","('0237-D-2003', 3)":null},"Link":{"('0237-D-2003', 0)":"http:\/\/www.senado.gov.ar\/web\/proyectos\/verExpe.php?origen=CD&nro_comision=&tipo=PL&numexp=93\/03&tConsulta=5","('0237-D-2003', 1)":null,"('0237-D-2003', 2)":null,"('0237-D-2003', 3)":null},"Palabra Clave":{"('0237-D-2003', 0)":" ","('0237-D-2003', 1)":null,"('0237-D-2003', 2)":null,"('0237-D-2003', 3)":null}}