{"Tipo de Proyecto":{"('0239-OV-2003', 0)":"PROYECTO DE RESOLUCI\u00d3N"},"Iniciado en: ":{"('0239-OV-2003', 0)":"Senado"},"Expediente Senado: ":{"('0239-OV-2003', 0)":"0239-OV-2003"},"Fecha: ":{"('0239-OV-2003', 0)":"20\/07\/2004"},"T\u00edtulo":{"('0239-OV-2003', 0)":"AUDITORIA GENERAL DE LA NACION REMITE FE DE ERRATAS EN LA RESOLUCION 19\/03 SOBRE EL PROGRAMA DE APOYO A LA REESTRUCTURACION EMPRESARIAL."},"('Firmantes', 'FIRMANTE')":{"('0239-OV-2003', 0)":"PARLAMENTARIA MIXTA REVISORA DE CUENTAS"},"('Firmantes', 'DISTRITO')":{"('0239-OV-2003', 0)":null},"('Firmantes', 'BLOQUE')":{"('0239-OV-2003', 0)":null},"('Tramites', 'C\u00c1MARA')":{"('0239-OV-2003', 0)":"Senado"},"('Tramites', 'MOVIMIENTO')":{"('0239-OV-2003', 0)":"CONSIDERACION Y APROBACION (AL ARCHIVO)"},"('Tramites', 'FECHA')":{"('0239-OV-2003', 0)":"04\/08\/2004"},"('Tramites', 'RESULTADO')":{"('0239-OV-2003', 0)":"ARCHIVADO"},"Sumario":{"('0239-OV-2003', 0)":"HABIENDO TOMADO CONOCIMIENTO, SE RECOMIENDA SU REMISION AL ARCHIVO."},"Palabra Clave":{"('0239-OV-2003', 0)":" "}}