{"Tipo de Proyecto":{"('0239-S-2003', 0)":"PROYECTO DE RESOLUCI\u00d3N","('0239-S-2003', 1)":null,"('0239-S-2003', 2)":null,"('0239-S-2003', 3)":null},"Iniciado en: ":{"('0239-S-2003', 0)":"Senado","('0239-S-2003', 1)":null,"('0239-S-2003', 2)":null,"('0239-S-2003', 3)":null},"Expediente Diputados: ":{"('0239-S-2003', 0)":"0239-S-2003","('0239-S-2003', 1)":null,"('0239-S-2003', 2)":null,"('0239-S-2003', 3)":null},"Expediente Senado: ":{"('0239-S-2003', 0)":"0054-OV-2002","('0239-S-2003', 1)":null,"('0239-S-2003', 2)":null,"('0239-S-2003', 3)":null},"Fecha: ":{"('0239-S-2003', 0)":"03\/11\/2003","('0239-S-2003', 1)":null,"('0239-S-2003', 2)":null,"('0239-S-2003', 3)":null},"T\u00edtulo":{"('0239-S-2003', 0)":"PEDIDO DE INFORMES AL PODER EJECUTIVO SOBRE RESOLUCION REMITIDA POR LA AUDITORIA GENERAL DE LA NACION RELATIVA A UN INFORME ACERCA DE LOS CONTROLES PRACTICADOS EN LA CONCESION DE LA HIDROVIA SANTA FE - OCEANO.","('0239-S-2003', 1)":null,"('0239-S-2003', 2)":null,"('0239-S-2003', 3)":null},"('Firmantes', 'FIRMANTE')":{"('0239-S-2003', 0)":"PARLAMENTARIA MIXTA REVISORA DE CUENTAS","('0239-S-2003', 1)":null,"('0239-S-2003', 2)":null,"('0239-S-2003', 3)":null},"('Firmantes', 'DISTRITO')":{"('0239-S-2003', 0)":null,"('0239-S-2003', 1)":null,"('0239-S-2003', 2)":null,"('0239-S-2003', 3)":null},"('Firmantes', 'BLOQUE')":{"('0239-S-2003', 0)":null,"('0239-S-2003', 1)":null,"('0239-S-2003', 2)":null,"('0239-S-2003', 3)":null},"('Giros', 'COMISI\u00d3N')":{"('0239-S-2003', 0)":"PARLAMENTARIA MIXTA REVISORA DE CUENTAS","('0239-S-2003', 1)":null,"('0239-S-2003', 2)":null,"('0239-S-2003', 3)":null},"('Tramites', 'C\u00c1MARA')":{"('0239-S-2003', 0)":"Senado","('0239-S-2003', 1)":"Diputados","('0239-S-2003', 2)":"Diputados","('0239-S-2003', 3)":"Diputados"},"('Tramites', 'MOVIMIENTO')":{"('0239-S-2003', 0)":"CONSIDERACION Y APROBACION","('0239-S-2003', 1)":"PASA A DIPUTADOS -","('0239-S-2003', 2)":"CONSIDERACION Y APROBACION","('0239-S-2003', 3)":"CONTESTACION DEL PODER EJECUTIVO NACIONAL - JEFE DE GABINETE DE MINISTROS - GIRADO A LA COMISION RESPECTIVA"},"('Tramites', 'FECHA')":{"('0239-S-2003', 0)":"19\/11\/2003","('0239-S-2003', 1)":null,"('0239-S-2003', 2)":"21\/04\/2004","('0239-S-2003', 3)":"03\/11\/2004"},"('Tramites', 'RESULTADO')":{"('0239-S-2003', 0)":"APROBADO","('0239-S-2003', 1)":null,"('0239-S-2003', 2)":"APROBADO","('0239-S-2003', 3)":null},"Link":{"('0239-S-2003', 0)":"http:\/\/www.senado.gov.ar\/parlamentario\/comisiones\/verExp\/54.02\/OV\/PR","('0239-S-2003', 1)":null,"('0239-S-2003', 2)":null,"('0239-S-2003', 3)":null},"Palabra Clave":{"('0239-S-2003', 0)":" ","('0239-S-2003', 1)":null,"('0239-S-2003', 2)":null,"('0239-S-2003', 3)":null}}