{"Tipo de Proyecto":{"('0239-D-2003', 0)":"PROYECTO DE LEY","('0239-D-2003', 1)":null,"('0239-D-2003', 2)":null,"('0239-D-2003', 3)":null,"('0239-D-2003', 4)":null,"('0239-D-2003', 5)":null,"('0239-D-2003', 6)":null},"Iniciado en: ":{"('0239-D-2003', 0)":"Diputados","('0239-D-2003', 1)":null,"('0239-D-2003', 2)":null,"('0239-D-2003', 3)":null,"('0239-D-2003', 4)":null,"('0239-D-2003', 5)":null,"('0239-D-2003', 6)":null},"Expediente Diputados: ":{"('0239-D-2003', 0)":"0239-D-2003","('0239-D-2003', 1)":null,"('0239-D-2003', 2)":null,"('0239-D-2003', 3)":null,"('0239-D-2003', 4)":null,"('0239-D-2003', 5)":null,"('0239-D-2003', 6)":null},"Publicado en: ":{"('0239-D-2003', 0)":"Tr\u00e1mite Parlamentario N\u00b0 2","('0239-D-2003', 1)":null,"('0239-D-2003', 2)":null,"('0239-D-2003', 3)":null,"('0239-D-2003', 4)":null,"('0239-D-2003', 5)":null,"('0239-D-2003', 6)":null},"Fecha: ":{"('0239-D-2003', 0)":"04\/03\/2003","('0239-D-2003', 1)":null,"('0239-D-2003', 2)":null,"('0239-D-2003', 3)":null,"('0239-D-2003', 4)":null,"('0239-D-2003', 5)":null,"('0239-D-2003', 6)":null},"T\u00edtulo":{"('0239-D-2003', 0)":"CREACION DE UN PROGRAMA DESTINADO A GARANTIZAR UN PROCESO CONTINUO Y SISTEMATICO DE INFORMACION SOBRE LA VIOLENCIA SEXUAL, ESPECIALMENTE DESTINADO A LA POBLACION INFANTIL Y ADOLESCENTE.","('0239-D-2003', 1)":null,"('0239-D-2003', 2)":null,"('0239-D-2003', 3)":null,"('0239-D-2003', 4)":null,"('0239-D-2003', 5)":null,"('0239-D-2003', 6)":null},"('Firmantes', 'FIRMANTE')":{"('0239-D-2003', 0)":"SAVRON, HAYDE TERESA","('0239-D-2003', 1)":"DI LEO, MARTA ISABEL","('0239-D-2003', 2)":"TAZZIOLI, ATILIO PASCUAL","('0239-D-2003', 3)":"POLINO, HECTOR TEODORO","('0239-D-2003', 4)":"ROY, IRMA","('0239-D-2003', 5)":"CORTINAS, ISMAEL RAMON","('0239-D-2003', 6)":"LUGO DE GONZALEZ CABA\u00d1AS, CECILIA"},"('Firmantes', 'DISTRITO')":{"('0239-D-2003', 0)":"NEUQUEN","('0239-D-2003', 1)":"BUENOS AIRES","('0239-D-2003', 2)":"CORDOBA","('0239-D-2003', 3)":"CIUDAD de BUENOS AIRES","('0239-D-2003', 4)":"CIUDAD de BUENOS AIRES","('0239-D-2003', 5)":"CORRIENTES","('0239-D-2003', 6)":"CORRIENTES"},"('Firmantes', 'BLOQUE')":{"('0239-D-2003', 0)":"MOV POP NEUQUINO","('0239-D-2003', 1)":"UCR","('0239-D-2003', 2)":"FRENTE GRANDE","('0239-D-2003', 3)":"ARI","('0239-D-2003', 4)":"JUSTICIALISTA","('0239-D-2003', 5)":"AUTONOMISTA","('0239-D-2003', 6)":"JUSTICIALISTA"},"('Giros', 'COMISI\u00d3N')":{"('0239-D-2003', 0)":"FAMILIA, MUJER, NI\u00d1EZ Y ADOLESCENCIA","('0239-D-2003', 1)":"EDUCACION","('0239-D-2003', 2)":"COMUNICACIONES E INFORMATICA","('0239-D-2003', 3)":"PRESUPUESTO Y HACIENDA","('0239-D-2003', 4)":null,"('0239-D-2003', 5)":null,"('0239-D-2003', 6)":null},"('Tramites', 'C\u00c1MARA')":{"('0239-D-2003', 0)":"Diputados","('0239-D-2003', 1)":null,"('0239-D-2003', 2)":null,"('0239-D-2003', 3)":null,"('0239-D-2003', 4)":null,"('0239-D-2003', 5)":null,"('0239-D-2003', 6)":null},"('Tramites', 'MOVIMIENTO')":{"('0239-D-2003', 0)":"RESOLUCION DE PRESIDENCIA - CAMBIO DE ORDEN DE LAS COMISIONES","('0239-D-2003', 1)":null,"('0239-D-2003', 2)":null,"('0239-D-2003', 3)":null,"('0239-D-2003', 4)":null,"('0239-D-2003', 5)":null,"('0239-D-2003', 6)":null},"('Tramites', 'FECHA')":{"('0239-D-2003', 0)":"16\/07\/2003","('0239-D-2003', 1)":null,"('0239-D-2003', 2)":null,"('0239-D-2003', 3)":null,"('0239-D-2003', 4)":null,"('0239-D-2003', 5)":null,"('0239-D-2003', 6)":null},"('Tramites', 'RESULTADO')":{"('0239-D-2003', 0)":null,"('0239-D-2003', 1)":null,"('0239-D-2003', 2)":null,"('0239-D-2003', 3)":null,"('0239-D-2003', 4)":null,"('0239-D-2003', 5)":null,"('0239-D-2003', 6)":null},"Sumario":{"('0239-D-2003', 0)":"IMPLEMENTACION A TRAVES DEL SISTEMA EDUCATIVO FORMAL, DE LA TOTALIDAD DE LOS MEDIOS TELEVISIVOS Y RADIALES Y DE OTROS CANALES Y MODALIDADES; OBJETIVOS; INCORPORACION EN LAS CURRICULAS; CONTENIDOS; CONCESION DE ESPACIOS GRATUITOS EN LAS EMPRESAS DE DIFUSION PUBLICA.","('0239-D-2003', 1)":null,"('0239-D-2003', 2)":null,"('0239-D-2003', 3)":null,"('0239-D-2003', 4)":null,"('0239-D-2003', 5)":null,"('0239-D-2003', 6)":null},"Palabra Clave":{"('0239-D-2003', 0)":" ","('0239-D-2003', 1)":null,"('0239-D-2003', 2)":null,"('0239-D-2003', 3)":null,"('0239-D-2003', 4)":null,"('0239-D-2003', 5)":null,"('0239-D-2003', 6)":null}}