{"Tipo de Proyecto":{"('0241-S-2003', 0)":"PROYECTO DE RESOLUCI\u00d3N","('0241-S-2003', 1)":null,"('0241-S-2003', 2)":null,"('0241-S-2003', 3)":null},"Iniciado en: ":{"('0241-S-2003', 0)":"Senado","('0241-S-2003', 1)":null,"('0241-S-2003', 2)":null,"('0241-S-2003', 3)":null},"Expediente Diputados: ":{"('0241-S-2003', 0)":"0241-S-2003","('0241-S-2003', 1)":null,"('0241-S-2003', 2)":null,"('0241-S-2003', 3)":null},"Expediente Senado: ":{"('0241-S-2003', 0)":"0344-OV-2002","('0241-S-2003', 1)":null,"('0241-S-2003', 2)":null,"('0241-S-2003', 3)":null},"Fecha: ":{"('0241-S-2003', 0)":"03\/11\/2003","('0241-S-2003', 1)":null,"('0241-S-2003', 2)":null,"('0241-S-2003', 3)":null},"T\u00edtulo":{"('0241-S-2003', 0)":"PEDIDO DE INFORMES AL PODER EJECUTIVO SOBRE RESOLUCION REMITIDA POR LA AUDITORIA GENERAL DE LA NACION SOBRE LOS ESTADOS FINANCIEROS AL 31 DE DICIEMBRE DE 2001 DEL PROGRAMA DE ATENCION A NI\u00d1OS Y ADOLESCENTES EN RIESGO - CONTRATO DE PRESTAMO 1111\/OC-AR Y 1008\/SF-AR-BID Y CONVENIO DE COOPERACION TECNICA NO REEMBOLSABLE BID ATN\/SF 6076-AR.","('0241-S-2003', 1)":null,"('0241-S-2003', 2)":null,"('0241-S-2003', 3)":null},"('Firmantes', 'FIRMANTE')":{"('0241-S-2003', 0)":"PARLAMENTARIA MIXTA REVISORA DE CUENTAS","('0241-S-2003', 1)":null,"('0241-S-2003', 2)":null,"('0241-S-2003', 3)":null},"('Firmantes', 'DISTRITO')":{"('0241-S-2003', 0)":null,"('0241-S-2003', 1)":null,"('0241-S-2003', 2)":null,"('0241-S-2003', 3)":null},"('Firmantes', 'BLOQUE')":{"('0241-S-2003', 0)":null,"('0241-S-2003', 1)":null,"('0241-S-2003', 2)":null,"('0241-S-2003', 3)":null},"('Giros', 'COMISI\u00d3N')":{"('0241-S-2003', 0)":"PARLAMENTARIA MIXTA REVISORA DE CUENTAS","('0241-S-2003', 1)":null,"('0241-S-2003', 2)":null,"('0241-S-2003', 3)":null},"('Tramites', 'C\u00c1MARA')":{"('0241-S-2003', 0)":"Senado","('0241-S-2003', 1)":"Diputados","('0241-S-2003', 2)":"Diputados","('0241-S-2003', 3)":"Diputados"},"('Tramites', 'MOVIMIENTO')":{"('0241-S-2003', 0)":"CONSIDERACION Y APROBACION","('0241-S-2003', 1)":"PASA A DIPUTADOS -","('0241-S-2003', 2)":"CONSIDERACION Y APROBACION","('0241-S-2003', 3)":"CONTESTACION DEL PODER EJECUTIVO NACIONAL - JEFE DE GABINETE DE MINISTROS - GIRADO A LA COMISION RESPECTIVA"},"('Tramites', 'FECHA')":{"('0241-S-2003', 0)":"19\/11\/2003","('0241-S-2003', 1)":null,"('0241-S-2003', 2)":"21\/04\/2004","('0241-S-2003', 3)":"20\/10\/2004"},"('Tramites', 'RESULTADO')":{"('0241-S-2003', 0)":"APROBADO","('0241-S-2003', 1)":null,"('0241-S-2003', 2)":"APROBADO","('0241-S-2003', 3)":null},"Link":{"('0241-S-2003', 0)":"http:\/\/www.senado.gov.ar\/parlamentario\/comisiones\/verExp\/344.02\/OV\/PR","('0241-S-2003', 1)":null,"('0241-S-2003', 2)":null,"('0241-S-2003', 3)":null},"Palabra Clave":{"('0241-S-2003', 0)":" ","('0241-S-2003', 1)":null,"('0241-S-2003', 2)":null,"('0241-S-2003', 3)":null}}