{"Tipo de Proyecto":{"('0245-D-2003', 0)":"PROYECTO DE DECLARACI\u00d3N","('0245-D-2003', 1)":null},"Iniciado en: ":{"('0245-D-2003', 0)":"Diputados","('0245-D-2003', 1)":null},"Expediente Diputados: ":{"('0245-D-2003', 0)":"0245-D-2003","('0245-D-2003', 1)":null},"Publicado en: ":{"('0245-D-2003', 0)":"Tr\u00e1mite Parlamentario N\u00b0 3","('0245-D-2003', 1)":null},"Fecha: ":{"('0245-D-2003', 0)":"05\/03\/2003","('0245-D-2003', 1)":null},"T\u00edtulo":{"('0245-D-2003', 0)":"SOLICITAR AL PODER EJECUTIVO DISPONGA LAS MEDIDAS CONDUCENTES A TRANSFERIR EN TIEMPO Y FORMA LAS PARTIDAS PRESUPUESTARIAS A LAS UNIVERSIDADES NACIONALES.","('0245-D-2003', 1)":null},"('Firmantes', 'FIRMANTE')":{"('0245-D-2003', 0)":"RIVAS, OLIJELA DEL VALLE","('0245-D-2003', 1)":null},"('Firmantes', 'DISTRITO')":{"('0245-D-2003', 0)":"TUCUMAN","('0245-D-2003', 1)":null},"('Firmantes', 'BLOQUE')":{"('0245-D-2003', 0)":"JUSTICIALISTA AZUL Y BLANCO","('0245-D-2003', 1)":null},"('Giros', 'COMISI\u00d3N')":{"('0245-D-2003', 0)":"EDUCACION","('0245-D-2003', 1)":"PRESUPUESTO Y HACIENDA"},"Palabra Clave":{"('0245-D-2003', 0)":" ","('0245-D-2003', 1)":null}}