{"Tipo de Proyecto":{"('0248-S-2003', 0)":"PROYECTO DE RESOLUCI\u00d3N","('0248-S-2003', 1)":null,"('0248-S-2003', 2)":null,"('0248-S-2003', 3)":null},"Iniciado en: ":{"('0248-S-2003', 0)":"Senado","('0248-S-2003', 1)":null,"('0248-S-2003', 2)":null,"('0248-S-2003', 3)":null},"Expediente Diputados: ":{"('0248-S-2003', 0)":"0248-S-2003","('0248-S-2003', 1)":null,"('0248-S-2003', 2)":null,"('0248-S-2003', 3)":null},"Expediente Senado: ":{"('0248-S-2003', 0)":"0433-OV-2002","('0248-S-2003', 1)":null,"('0248-S-2003', 2)":null,"('0248-S-2003', 3)":null},"Fecha: ":{"('0248-S-2003', 0)":"13\/11\/2003","('0248-S-2003', 1)":null,"('0248-S-2003', 2)":null,"('0248-S-2003', 3)":null},"T\u00edtulo":{"('0248-S-2003', 0)":"PEDIDO DE INFORMES AL PODER EJECUTIVO SOBRE RESOLUCION REMITIDA POR LA AUDITORIA GENERAL DE LA NACION SOBRE LOS ESTADOS FINANCIEROS AL 31 DE DICIEMBRE DE 2001 DEL PROYECTO PNUD ARG\/98\/019 - APOYO Y FORTALECIMIENTO A LA UNIDAD EJECUTORA DE LA PROVINCIA DE BUENOS AIRES - SUB PROYECTO MAR DEL PLATA DEL PROGRAMA MATERNO INFANTIL DE NUTRICION - PROMIN II - CONVENIO DE PRESTAMO 4164-AR BIRF.","('0248-S-2003', 1)":null,"('0248-S-2003', 2)":null,"('0248-S-2003', 3)":null},"('Firmantes', 'FIRMANTE')":{"('0248-S-2003', 0)":"PARLAMENTARIA MIXTA REVISORA DE CUENTAS","('0248-S-2003', 1)":null,"('0248-S-2003', 2)":null,"('0248-S-2003', 3)":null},"('Firmantes', 'DISTRITO')":{"('0248-S-2003', 0)":null,"('0248-S-2003', 1)":null,"('0248-S-2003', 2)":null,"('0248-S-2003', 3)":null},"('Firmantes', 'BLOQUE')":{"('0248-S-2003', 0)":null,"('0248-S-2003', 1)":null,"('0248-S-2003', 2)":null,"('0248-S-2003', 3)":null},"('Giros', 'COMISI\u00d3N')":{"('0248-S-2003', 0)":"PARLAMENTARIA MIXTA REVISORA DE CUENTAS","('0248-S-2003', 1)":null,"('0248-S-2003', 2)":null,"('0248-S-2003', 3)":null},"('Tramites', 'C\u00c1MARA')":{"('0248-S-2003', 0)":"Senado","('0248-S-2003', 1)":"Diputados","('0248-S-2003', 2)":"Diputados","('0248-S-2003', 3)":"Diputados"},"('Tramites', 'MOVIMIENTO')":{"('0248-S-2003', 0)":"CONSIDERACION Y APROBACION","('0248-S-2003', 1)":"PASA A DIPUTADOS -","('0248-S-2003', 2)":"CONSIDERACION Y APROBACION","('0248-S-2003', 3)":"CONTESTACION DEL PODER EJECUTIVO NACIONAL - JEFE DE GABINETE DE MINISTROS - GIRADO A LA COMISION RESPECTIVA"},"('Tramites', 'FECHA')":{"('0248-S-2003', 0)":"19\/11\/2003","('0248-S-2003', 1)":null,"('0248-S-2003', 2)":"10\/05\/2006","('0248-S-2003', 3)":"25\/04\/2007"},"('Tramites', 'RESULTADO')":{"('0248-S-2003', 0)":"APROBADO","('0248-S-2003', 1)":null,"('0248-S-2003', 2)":"APROBADO","('0248-S-2003', 3)":null},"Link":{"('0248-S-2003', 0)":"http:\/\/www.senado.gov.ar\/parlamentario\/comisiones\/verExp\/433.02\/OV\/PR","('0248-S-2003', 1)":null,"('0248-S-2003', 2)":null,"('0248-S-2003', 3)":null},"Palabra Clave":{"('0248-S-2003', 0)":" ","('0248-S-2003', 1)":null,"('0248-S-2003', 2)":null,"('0248-S-2003', 3)":null}}