{"Tipo de Proyecto":{"('0250-D-2003', 0)":"PROYECTO DE RESOLUCI\u00d3N","('0250-D-2003', 1)":null},"Iniciado en: ":{"('0250-D-2003', 0)":"Diputados","('0250-D-2003', 1)":null},"Expediente Diputados: ":{"('0250-D-2003', 0)":"0250-D-2003","('0250-D-2003', 1)":null},"Publicado en: ":{"('0250-D-2003', 0)":"Tr\u00e1mite Parlamentario N\u00b0 3","('0250-D-2003', 1)":null},"Fecha: ":{"('0250-D-2003', 0)":"05\/03\/2003","('0250-D-2003', 1)":null},"T\u00edtulo":{"('0250-D-2003', 0)":"PEDIDO DE INFORMES: SOBRE DIVERSAS CUESTIONES RELACIONADAS CON LA DESGRAVACION IMPOSITIVA A LA TRANSFERENCIA DE COMBUSTIBLES LIQUIDOS EN LAS PROVINCIAS PATAGONICAS.\n","('0250-D-2003', 1)":null},"('Firmantes', 'FIRMANTE')":{"('0250-D-2003', 0)":"TANONI, ENRIQUE","('0250-D-2003', 1)":null},"('Firmantes', 'DISTRITO')":{"('0250-D-2003', 0)":"SALTA","('0250-D-2003', 1)":null},"('Firmantes', 'BLOQUE')":{"('0250-D-2003', 0)":"JUSTICIALISTA AZUL Y BLANCO","('0250-D-2003', 1)":null},"('Giros', 'COMISI\u00d3N')":{"('0250-D-2003', 0)":"ANALISIS Y SEGUIMIENTO DE NORMAS TRIBUTARIAS Y PREVIS.","('0250-D-2003', 1)":null},"('Tramites', 'C\u00c1MARA')":{"('0250-D-2003', 0)":"Diputados","('0250-D-2003', 1)":"Diputados"},"('Tramites', 'MOVIMIENTO')":{"('0250-D-2003', 0)":"CONSIDERACION Y APROBACION","('0250-D-2003', 1)":"CONTESTACION DEL PODER EJECUTIVO NACIONAL - JEFE DE GABINETE DE MINISTROS - GIRADO A LA COMISION RESPECTIVA"},"('Tramites', 'FECHA')":{"('0250-D-2003', 0)":"13\/08\/2003","('0250-D-2003', 1)":"22\/02\/2006"},"('Tramites', 'RESULTADO')":{"('0250-D-2003', 0)":"APROBADO","('0250-D-2003', 1)":null},"Sumario":{"('0250-D-2003', 0)":"SOLICITUD AL PODER EJECUTIVO NACIONAL.","('0250-D-2003', 1)":null},"Palabra Clave":{"('0250-D-2003', 0)":" ","('0250-D-2003', 1)":null}}