{"Tipo de Proyecto":{"('0251-S-2003', 0)":"PROYECTO DE RESOLUCI\u00d3N","('0251-S-2003', 1)":null,"('0251-S-2003', 2)":null},"Iniciado en: ":{"('0251-S-2003', 0)":"Senado","('0251-S-2003', 1)":null,"('0251-S-2003', 2)":null},"Expediente Diputados: ":{"('0251-S-2003', 0)":"0251-S-2003","('0251-S-2003', 1)":null,"('0251-S-2003', 2)":null},"Expediente Senado: ":{"('0251-S-2003', 0)":"0424-OV-2002","('0251-S-2003', 1)":null,"('0251-S-2003', 2)":null},"Fecha: ":{"('0251-S-2003', 0)":"14\/11\/2003","('0251-S-2003', 1)":null,"('0251-S-2003', 2)":null},"T\u00edtulo":{"('0251-S-2003', 0)":"PEDIDO DE INFORMES AL PODER EJECUTIVO SOBRE RESOLUCION REMITIDA POR LA AUDITORIA GENERAL DE LA NACION SOBRE LOS ESTADOS FINANCIEROS AL 31 DE DICIEMBRE DE 2001 DEL PROYECTO PNUD ARG\/98\/025 APOYO Y FORTALECIMIENTO A LA UNIDAD EJECUTORA DEL PLAN MATERNO INFANTIL Y NUTRICION DE LA PROVINCIA DE CORRIENTES, PARA EL  SUBPROGRAMA CORRIENTES - PROMIN II - CONVENIO DE PRESTAMO 4164-AR BIRF.","('0251-S-2003', 1)":null,"('0251-S-2003', 2)":null},"('Firmantes', 'FIRMANTE')":{"('0251-S-2003', 0)":"PARLAMENTARIA MIXTA REVISORA DE CUENTAS","('0251-S-2003', 1)":null,"('0251-S-2003', 2)":null},"('Firmantes', 'DISTRITO')":{"('0251-S-2003', 0)":null,"('0251-S-2003', 1)":null,"('0251-S-2003', 2)":null},"('Firmantes', 'BLOQUE')":{"('0251-S-2003', 0)":null,"('0251-S-2003', 1)":null,"('0251-S-2003', 2)":null},"('Giros', 'COMISI\u00d3N')":{"('0251-S-2003', 0)":"PARLAMENTARIA MIXTA REVISORA DE CUENTAS","('0251-S-2003', 1)":null,"('0251-S-2003', 2)":null},"('Tramites', 'C\u00c1MARA')":{"('0251-S-2003', 0)":"Senado","('0251-S-2003', 1)":"Diputados","('0251-S-2003', 2)":"Diputados"},"('Tramites', 'MOVIMIENTO')":{"('0251-S-2003', 0)":"CONSIDERACION Y APROBACION","('0251-S-2003', 1)":"PASA A DIPUTADOS -","('0251-S-2003', 2)":"CONSIDERACION Y APROBACION"},"('Tramites', 'FECHA')":{"('0251-S-2003', 0)":"19\/11\/2003","('0251-S-2003', 1)":null,"('0251-S-2003', 2)":"21\/04\/2004"},"('Tramites', 'RESULTADO')":{"('0251-S-2003', 0)":"APROBADO","('0251-S-2003', 1)":null,"('0251-S-2003', 2)":"APROBADO"},"Link":{"('0251-S-2003', 0)":"http:\/\/www.senado.gov.ar\/parlamentario\/comisiones\/verExp\/424.02\/OV\/PR","('0251-S-2003', 1)":null,"('0251-S-2003', 2)":null},"Palabra Clave":{"('0251-S-2003', 0)":" ","('0251-S-2003', 1)":null,"('0251-S-2003', 2)":null}}