{"Tipo de Proyecto":{"('0252-S-2003', 0)":"PROYECTO DE RESOLUCI\u00d3N","('0252-S-2003', 1)":null,"('0252-S-2003', 2)":null,"('0252-S-2003', 3)":null},"Iniciado en: ":{"('0252-S-2003', 0)":"Senado","('0252-S-2003', 1)":null,"('0252-S-2003', 2)":null,"('0252-S-2003', 3)":null},"Expediente Diputados: ":{"('0252-S-2003', 0)":"0252-S-2003","('0252-S-2003', 1)":null,"('0252-S-2003', 2)":null,"('0252-S-2003', 3)":null},"Expediente Senado: ":{"('0252-S-2003', 0)":"0390-OV-2002","('0252-S-2003', 1)":null,"('0252-S-2003', 2)":null,"('0252-S-2003', 3)":null},"Fecha: ":{"('0252-S-2003', 0)":"14\/11\/2003","('0252-S-2003', 1)":null,"('0252-S-2003', 2)":null,"('0252-S-2003', 3)":null},"T\u00edtulo":{"('0252-S-2003', 0)":"PEDIDO DE INFORMES AL PODER EJECUTIVO SOBRE RESOLUCION REMITIDA POR LA AUDITORIA GENERAL DE LA NACION SOBRE LOS ESTADOS FINANCIEROS AL 31 DE DICIEMBRE DE 2001 DEL PROYECTO PNUD ARG\/97\/003 - APOYO PARA LA IMPLEMENTACION DEL HOSPITAL PUBLICO DE AUTOGESTION DEL PROYECTO DE REFORMA DEL SECTOR SALUD (PRESSAL) EN LA PROVINCIA DE BUENOS AIRES - CONVENIO DE PRESTAMO 3931-AR.","('0252-S-2003', 1)":null,"('0252-S-2003', 2)":null,"('0252-S-2003', 3)":null},"('Firmantes', 'FIRMANTE')":{"('0252-S-2003', 0)":"PARLAMENTARIA MIXTA REVISORA DE CUENTAS","('0252-S-2003', 1)":null,"('0252-S-2003', 2)":null,"('0252-S-2003', 3)":null},"('Firmantes', 'DISTRITO')":{"('0252-S-2003', 0)":null,"('0252-S-2003', 1)":null,"('0252-S-2003', 2)":null,"('0252-S-2003', 3)":null},"('Firmantes', 'BLOQUE')":{"('0252-S-2003', 0)":null,"('0252-S-2003', 1)":null,"('0252-S-2003', 2)":null,"('0252-S-2003', 3)":null},"('Giros', 'COMISI\u00d3N')":{"('0252-S-2003', 0)":"PARLAMENTARIA MIXTA REVISORA DE CUENTAS","('0252-S-2003', 1)":null,"('0252-S-2003', 2)":null,"('0252-S-2003', 3)":null},"('Tramites', 'C\u00c1MARA')":{"('0252-S-2003', 0)":"Senado","('0252-S-2003', 1)":"Diputados","('0252-S-2003', 2)":"Diputados","('0252-S-2003', 3)":"Diputados"},"('Tramites', 'MOVIMIENTO')":{"('0252-S-2003', 0)":"CONSIDERACION Y APROBACION","('0252-S-2003', 1)":"PASA A DIPUTADOS -","('0252-S-2003', 2)":"CONSIDERACION Y APROBACION","('0252-S-2003', 3)":"CONTESTACION DEL PODER EJECUTIVO NACIONAL - JEFE DE GABINETE DE MINISTROS - GIRADO A LA COMISION RESPECTIVA"},"('Tramites', 'FECHA')":{"('0252-S-2003', 0)":"19\/11\/2003","('0252-S-2003', 1)":null,"('0252-S-2003', 2)":"21\/04\/2004","('0252-S-2003', 3)":"19\/04\/2006"},"('Tramites', 'RESULTADO')":{"('0252-S-2003', 0)":"APROBADO","('0252-S-2003', 1)":null,"('0252-S-2003', 2)":"APROBADO","('0252-S-2003', 3)":null},"Link":{"('0252-S-2003', 0)":"http:\/\/www.senado.gov.ar\/parlamentario\/comisiones\/verExp\/390.02\/OV\/PR","('0252-S-2003', 1)":null,"('0252-S-2003', 2)":null,"('0252-S-2003', 3)":null},"Palabra Clave":{"('0252-S-2003', 0)":" ","('0252-S-2003', 1)":null,"('0252-S-2003', 2)":null,"('0252-S-2003', 3)":null}}