{"Tipo de Proyecto":{"('0256-PE-2003', 0)":"MENSAJE NRO: 0547\/03","('0256-PE-2003', 1)":null,"('0256-PE-2003', 2)":null},"Iniciado en: ":{"('0256-PE-2003', 0)":"Senado","('0256-PE-2003', 1)":null,"('0256-PE-2003', 2)":null},"Expediente Senado: ":{"('0256-PE-2003', 0)":"0256-PE-2003","('0256-PE-2003', 1)":null,"('0256-PE-2003', 2)":null},"Publicado en: ":{"('0256-PE-2003', 0)":"Diario de Asuntos Entrados N\u00b0 105","('0256-PE-2003', 1)":null,"('0256-PE-2003', 2)":null},"Fecha: ":{"('0256-PE-2003', 0)":"12\/08\/2003","('0256-PE-2003', 1)":null,"('0256-PE-2003', 2)":null},"T\u00edtulo":{"('0256-PE-2003', 0)":"DECRETO DE NECESIDAD Y URGENCIA 546\/03 POR EL QUE SE RECONOCE A LOS ESTADOS PROVINCIALES EL DERECHO A OTORGAR PERMISOS DE EXPLORACION Y CONCESIONES DE EXPLOTACION DE HIDROCARBUROS EN SUS RESPECTIVAS JURISDICCIONES. ","('0256-PE-2003', 1)":null,"('0256-PE-2003', 2)":null},"('Firmantes', 'FIRMANTE')":{"('0256-PE-2003', 0)":"KIRCHNER, NESTOR CARLOS","('0256-PE-2003', 1)":"FERNANDEZ, ALBERTO","('0256-PE-2003', 2)":"DE VIDO, JULIO"},"('Firmantes', 'DISTRITO')":{"('0256-PE-2003', 0)":null,"('0256-PE-2003', 1)":null,"('0256-PE-2003', 2)":null},"('Firmantes', 'BLOQUE')":{"('0256-PE-2003', 0)":"PODER EJECUTIVO","('0256-PE-2003', 1)":"PODER EJECUTIVO","('0256-PE-2003', 2)":"PODER EJECUTIVO"},"Sumario":{"('0256-PE-2003', 0)":"ACOMPA\u00d1ASE COPIA AUTENTICADA DE LA CITADA NORMA COMUNICANDO SU DICTADO.","('0256-PE-2003', 1)":null,"('0256-PE-2003', 2)":null},"Palabra Clave":{"('0256-PE-2003', 0)":" ","('0256-PE-2003', 1)":null,"('0256-PE-2003', 2)":null}}