{"Tipo de Proyecto":{"('0001-PE-2001', 0)":"MENSAJE NRO: 0356\/01 Y PROYECTO DE LEY","('0001-PE-2001', 1)":null,"('0001-PE-2001', 2)":null,"('0001-PE-2001', 3)":null,"('0001-PE-2001', 4)":null,"('0001-PE-2001', 5)":null},"Iniciado en: ":{"('0001-PE-2001', 0)":"Diputados","('0001-PE-2001', 1)":null,"('0001-PE-2001', 2)":null,"('0001-PE-2001', 3)":null,"('0001-PE-2001', 4)":null,"('0001-PE-2001', 5)":null},"Expediente Diputados: ":{"('0001-PE-2001', 0)":"0001-PE-2001","('0001-PE-2001', 1)":null,"('0001-PE-2001', 2)":null,"('0001-PE-2001', 3)":null,"('0001-PE-2001', 4)":null,"('0001-PE-2001', 5)":null},"Expediente Senado: ":{"('0001-PE-2001', 0)":"0012-CD-2001","('0001-PE-2001', 1)":null,"('0001-PE-2001', 2)":null,"('0001-PE-2001', 3)":null,"('0001-PE-2001', 4)":null,"('0001-PE-2001', 5)":null},"Publicado en: ":{"('0001-PE-2001', 0)":"Tr\u00e1mite Parlamentario N\u00b0 17","('0001-PE-2001', 1)":null,"('0001-PE-2001', 2)":null,"('0001-PE-2001', 3)":null,"('0001-PE-2001', 4)":null,"('0001-PE-2001', 5)":null},"Fecha: ":{"('0001-PE-2001', 0)":"22\/03\/2001","('0001-PE-2001', 1)":null,"('0001-PE-2001', 2)":null,"('0001-PE-2001', 3)":null,"('0001-PE-2001', 4)":null,"('0001-PE-2001', 5)":null},"T\u00edtulo":{"('0001-PE-2001', 0)":"LEY DE COMPETITIVIDAD.","('0001-PE-2001', 1)":null,"('0001-PE-2001', 2)":null,"('0001-PE-2001', 3)":null,"('0001-PE-2001', 4)":null,"('0001-PE-2001', 5)":null},"('Firmantes', 'FIRMANTE')":{"('0001-PE-2001', 0)":"DE LA RUA, FERNANDO","('0001-PE-2001', 1)":"COLOMBO, CHRYSTIAN","('0001-PE-2001', 2)":"CAVALLO, DOMINGO FELIPE","('0001-PE-2001', 3)":null,"('0001-PE-2001', 4)":null,"('0001-PE-2001', 5)":null},"('Firmantes', 'DISTRITO')":{"('0001-PE-2001', 0)":null,"('0001-PE-2001', 1)":null,"('0001-PE-2001', 2)":null,"('0001-PE-2001', 3)":null,"('0001-PE-2001', 4)":null,"('0001-PE-2001', 5)":null},"('Firmantes', 'BLOQUE')":{"('0001-PE-2001', 0)":"PODER EJECUTIVO","('0001-PE-2001', 1)":"PODER EJECUTIVO","('0001-PE-2001', 2)":"PODER EJECUTIVO","('0001-PE-2001', 3)":null,"('0001-PE-2001', 4)":null,"('0001-PE-2001', 5)":null},"('Giros', 'COMISI\u00d3N')":{"('0001-PE-2001', 0)":"PRESUPUESTO Y HACIENDA","('0001-PE-2001', 1)":null,"('0001-PE-2001', 2)":null,"('0001-PE-2001', 3)":null,"('0001-PE-2001', 4)":null,"('0001-PE-2001', 5)":null},"('Tramites', 'C\u00c1MARA')":{"('0001-PE-2001', 0)":"Diputados","('0001-PE-2001', 1)":"Diputados","('0001-PE-2001', 2)":"Diputados","('0001-PE-2001', 3)":"Senado","('0001-PE-2001', 4)":"Senado","('0001-PE-2001', 5)":"Senado"},"('Tramites', 'MOVIMIENTO')":{"('0001-PE-2001', 0)":"MOCION SOBRE TABLAS (AFIRMATIVA)","('0001-PE-2001', 1)":"MOCION CAMARA EN COMISION, CONFERENCIA","('0001-PE-2001', 2)":"CONSIDERACION Y APROBACION CON MODIFICACIONES (REGISTRO DE VOTOS POR ACTIVACION DE BANCAS POR FALLA DE SISTEMA ELECTRONICO)","('0001-PE-2001', 3)":"PASA A SENADO -","('0001-PE-2001', 4)":"MOCION SOBRE TABLAS (AFIRMATIVA)","('0001-PE-2001', 5)":"CONSIDERACION Y SANCION"},"('Tramites', 'FECHA')":{"('0001-PE-2001', 0)":"22\/03\/2001","('0001-PE-2001', 1)":"22\/03\/2001","('0001-PE-2001', 2)":"22\/03\/2001","('0001-PE-2001', 3)":null,"('0001-PE-2001', 4)":"23\/03\/2001","('0001-PE-2001', 5)":"23\/03\/2001"},"('Tramites', 'RESULTADO')":{"('0001-PE-2001', 0)":null,"('0001-PE-2001', 1)":null,"('0001-PE-2001', 2)":"MEDIA SANCION","('0001-PE-2001', 3)":null,"('0001-PE-2001', 4)":null,"('0001-PE-2001', 5)":"SANCIONADO"},"Sumario":{"('0001-PE-2001', 0)":"ESTABLECIMIENTO DE UN IMPUESTO A APLICARSE SOBRE LOS DEBITOS Y CREDITOS EN CUENTA CORRIENTE BANCARIA: ALICUOTA, EXENCIONES; CREACION DE UN FONDO DE EMERGENCIA PUBLICA; PAGO A CUENTA DEL IMPUESTO AL VALOR AGREGADO Y A LAS GANANCIAS DEL TITULAR DE LA CUENTA QUE EFECTIVICE EL IMPUESTO PREVISTO EN LA PRESENTE LEY; APLICACION DE LA LEY 11683 DE PROCEDIMIENTO TRIBUTARIO, ORGANISMO RECAUDADOR: DIRECCION GENERAL IMPOSITIVA; ESTABLECIMIENTO DE PLAZOS, FORMA Y OPORTUNIDAD DE PAGO DEL IMPUESTO POR PARTE DE LA ADMINISTRACION FEDERAL DE INGRESOS PUBLICOS (AFIP); LEY 24452 (CHEQUE): SUSTITUCION DEL INCISO 1) DEL ARTICULO 66 DEL ANEXO I, DEROGACION DEL ULTIMO PARRAFO DEL ARTICULO 2 Y LOS PARRAFOS SEGUNDO, TERCERO, CUARTO, QUINTO Y SEXTO DEL ARTICULO 62 DEL ANEXO I DEL ARTICULO 1; REDUCCION A MIL PESOS DEL IMPORTE ESTABLECIDO EN EL ARTICULO 1 DE LA LEY 25345 (CONTROL DE LA EVASION FISCAL); OTORGAMIENTO DE FACULTADES ESPECIALES A FAVOR DEL PODER EJECUTIVO NACIONAL POR EL TERMINO DE UN A\u00d1O IMPRORROGABLE PARA MATERIAS DETERMINADAS DE ADMINISTRACION Y EMERGENCIA PUBLICA, ENCUADRAMIENTO EN LAS PREVISIONES DEL ARTICULO 76 DE LA CONSTITUCION NACIONAL; CONTRALOR DEL EJERCICIO DE LAS FACULTADES QUE SE DELEGAN: ANUALMENTE EN LA APERTURA DE SESIONES DEL HCN Y MENSUALMENTE MEDIANTE LA CONCURRENCIA A LAS CAMARAS DEL JEFE DE GABINETE DE MINISTROS.","('0001-PE-2001', 1)":null,"('0001-PE-2001', 2)":null,"('0001-PE-2001', 3)":null,"('0001-PE-2001', 4)":null,"('0001-PE-2001', 5)":null},"Palabra Clave":{"('0001-PE-2001', 0)":" ","('0001-PE-2001', 1)":null,"('0001-PE-2001', 2)":null,"('0001-PE-2001', 3)":null,"('0001-PE-2001', 4)":null,"('0001-PE-2001', 5)":null}}