{"Tipo de Proyecto":{"('0001-S-2001', 0)":"PROYECTO DE RESOLUCI\u00d3N","('0001-S-2001', 1)":null,"('0001-S-2001', 2)":null,"('0001-S-2001', 3)":null,"('0001-S-2001', 4)":null,"('0001-S-2001', 5)":null,"('0001-S-2001', 6)":null,"('0001-S-2001', 7)":null},"Iniciado en: ":{"('0001-S-2001', 0)":"Senado","('0001-S-2001', 1)":null,"('0001-S-2001', 2)":null,"('0001-S-2001', 3)":null,"('0001-S-2001', 4)":null,"('0001-S-2001', 5)":null,"('0001-S-2001', 6)":null,"('0001-S-2001', 7)":null},"Expediente Senado: ":{"('0001-S-2001', 0)":"0001-S-2001","('0001-S-2001', 1)":null,"('0001-S-2001', 2)":null,"('0001-S-2001', 3)":null,"('0001-S-2001', 4)":null,"('0001-S-2001', 5)":null,"('0001-S-2001', 6)":null,"('0001-S-2001', 7)":null},"Publicado en: ":{"('0001-S-2001', 0)":"Diario de Asuntos Entrados N\u00b0 1","('0001-S-2001', 1)":null,"('0001-S-2001', 2)":null,"('0001-S-2001', 3)":null,"('0001-S-2001', 4)":null,"('0001-S-2001', 5)":null,"('0001-S-2001', 6)":null,"('0001-S-2001', 7)":null},"Fecha: ":{"('0001-S-2001', 0)":"01\/03\/2001","('0001-S-2001', 1)":null,"('0001-S-2001', 2)":null,"('0001-S-2001', 3)":null,"('0001-S-2001', 4)":null,"('0001-S-2001', 5)":null,"('0001-S-2001', 6)":null,"('0001-S-2001', 7)":null},"T\u00edtulo":{"('0001-S-2001', 0)":"ADOPCION DE REGLAS DE TECNICA LEGISLATIVA PARA LA REDACCION DE PROYECTOS DE LEY Y DICTAMENES DE COMISION.","('0001-S-2001', 1)":null,"('0001-S-2001', 2)":null,"('0001-S-2001', 3)":null,"('0001-S-2001', 4)":null,"('0001-S-2001', 5)":null,"('0001-S-2001', 6)":null,"('0001-S-2001', 7)":null},"('Firmantes', 'FIRMANTE')":{"('0001-S-2001', 0)":"USANDIZAGA, HORACIO DANIEL","('0001-S-2001', 1)":"ALASINO, AUGUSTO JOSE M.","('0001-S-2001', 2)":"VILLARROEL, PEDRO G.","('0001-S-2001', 3)":"GALVAN, RAUL ALFREDO","('0001-S-2001', 4)":"DEL PIERO, PEDRO","('0001-S-2001', 5)":"GIOJA, JOSE LUIS","('0001-S-2001', 6)":"VAQUIR, OMAR M.","('0001-S-2001', 7)":"LOSADA, MARIO A."},"('Firmantes', 'DISTRITO')":{"('0001-S-2001', 0)":"SANTA FE","('0001-S-2001', 1)":"ENTRE RIOS","('0001-S-2001', 2)":"CATAMARCA","('0001-S-2001', 3)":"LA RIOJA","('0001-S-2001', 4)":"CIUDAD de BUENOS AIRES","('0001-S-2001', 5)":"SAN JUAN","('0001-S-2001', 6)":"SANTIAGO DEL ESTERO","('0001-S-2001', 7)":"MISIONES"},"('Firmantes', 'BLOQUE')":{"('0001-S-2001', 0)":"UCR","('0001-S-2001', 1)":"JUSTICIALISTA","('0001-S-2001', 2)":"FRENTE CIVICO Y SOCIAL DE CATAMARCA","('0001-S-2001', 3)":"UCR","('0001-S-2001', 4)":"FREPASO","('0001-S-2001', 5)":"JUSTICIALISTA","('0001-S-2001', 6)":"JUSTICIALISTA","('0001-S-2001', 7)":"UCR"},"Sumario":{"('0001-S-2001', 0)":"RECOMENDAR A LOS SE\u00d1ORES LEGISLADORES Y COMISIONES DE ASESORAMIENTO EL USO DE LAS SIGUIENTES REGLAS: DE ESTRUCTURA, DE REDACCION, DE DINAMICA LEGISLATIVA Y DE LOGICA INTERNA DE LOS SISTEMAS NORMATIVOS.","('0001-S-2001', 1)":null,"('0001-S-2001', 2)":null,"('0001-S-2001', 3)":null,"('0001-S-2001', 4)":null,"('0001-S-2001', 5)":null,"('0001-S-2001', 6)":null,"('0001-S-2001', 7)":null},"Palabra Clave":{"('0001-S-2001', 0)":" ","('0001-S-2001', 1)":null,"('0001-S-2001', 2)":null,"('0001-S-2001', 3)":null,"('0001-S-2001', 4)":null,"('0001-S-2001', 5)":null,"('0001-S-2001', 6)":null,"('0001-S-2001', 7)":null}}