{"Tipo de Proyecto":{"('0002-OV-2001', 0)":"PROYECTO DE RESOLUCI\u00d3N"},"Iniciado en: ":{"('0002-OV-2001', 0)":"Senado"},"Expediente Senado: ":{"('0002-OV-2001', 0)":"0002-OV-2001"},"Fecha: ":{"('0002-OV-2001', 0)":"23\/08\/2002"},"T\u00edtulo":{"('0002-OV-2001', 0)":"AUDITORIA GENERAL DE LA NACION : COMUNICA RESOLUCION  16\/01 , APROBANDO EL INFORME SOBRE LOS ESTADOS FINANCIEROS DEL PROJECT PREPARATION FACILITY N\u00b0 946\/00 AR BID \"PREPARACION DEL PROGRAMA DE GESTION AMBIENTAL EN LA CUENCA DEL RIO MATANZA - RIACHUELO\" ."},"('Firmantes', 'FIRMANTE')":{"('0002-OV-2001', 0)":"PARLAMENTARIA MIXTA REVISORA DE CUENTAS"},"('Firmantes', 'DISTRITO')":{"('0002-OV-2001', 0)":null},"('Firmantes', 'BLOQUE')":{"('0002-OV-2001', 0)":null},"('Tramites', 'C\u00c1MARA')":{"('0002-OV-2001', 0)":"Senado"},"('Tramites', 'MOVIMIENTO')":{"('0002-OV-2001', 0)":"CONSIDERACION Y APROBACION (AL ARCHIVO)"},"('Tramites', 'FECHA')":{"('0002-OV-2001', 0)":"25\/09\/2002"},"('Tramites', 'RESULTADO')":{"('0002-OV-2001', 0)":"ARCHIVADO"},"Sumario":{"('0002-OV-2001', 0)":"HABIENDO TOMADO CONOCIMIENTO, SIN PERJUICIO DE LOS ESTUDIOS QUE DEBA REALIZAR AL AGN Y NO CONTENIENDO REQUERIMIENTOS DE ACCION SUBSISTENTES, SE ACONSEJA SU REMISION AL ARCHIVO."},"Palabra Clave":{"('0002-OV-2001', 0)":" "}}