{"Tipo de Proyecto":{"('0003-PE-2001', 0)":"MENSAJE NRO: 0384\/01 Y PROYECTO DE LEY","('0003-PE-2001', 1)":null,"('0003-PE-2001', 2)":null,"('0003-PE-2001', 3)":null},"Iniciado en: ":{"('0003-PE-2001', 0)":"Diputados","('0003-PE-2001', 1)":null,"('0003-PE-2001', 2)":null,"('0003-PE-2001', 3)":null},"Expediente Diputados: ":{"('0003-PE-2001', 0)":"0003-PE-2001","('0003-PE-2001', 1)":null,"('0003-PE-2001', 2)":null,"('0003-PE-2001', 3)":null},"Expediente Senado: ":{"('0003-PE-2001', 0)":"0014-CD-2001","('0003-PE-2001', 1)":null,"('0003-PE-2001', 2)":null,"('0003-PE-2001', 3)":null},"Publicado en: ":{"('0003-PE-2001', 0)":"Tr\u00e1mite Parlamentario N\u00b0 23","('0003-PE-2001', 1)":null,"('0003-PE-2001', 2)":null,"('0003-PE-2001', 3)":null},"Fecha: ":{"('0003-PE-2001', 0)":"30\/03\/2001","('0003-PE-2001', 1)":null,"('0003-PE-2001', 2)":null,"('0003-PE-2001', 3)":null},"T\u00edtulo":{"('0003-PE-2001', 0)":"AUTORIZACION DEL HONORABLE CONGRESO PARA EL INGRESO AL TERRITORIO NACIONAL DE TROPAS DE LOS ESTADOS UNIDOS DE AMERICA.","('0003-PE-2001', 1)":null,"('0003-PE-2001', 2)":null,"('0003-PE-2001', 3)":null},"('Firmantes', 'FIRMANTE')":{"('0003-PE-2001', 0)":"DE LA RUA, FERNANDO","('0003-PE-2001', 1)":"COLOMBO, CHRYSTIAN","('0003-PE-2001', 2)":"RODRIGUEZ GIAVARINI, ADALBERTO","('0003-PE-2001', 3)":"JAUNARENA, JOSE HORACIO"},"('Firmantes', 'DISTRITO')":{"('0003-PE-2001', 0)":null,"('0003-PE-2001', 1)":null,"('0003-PE-2001', 2)":null,"('0003-PE-2001', 3)":null},"('Firmantes', 'BLOQUE')":{"('0003-PE-2001', 0)":"PODER EJECUTIVO","('0003-PE-2001', 1)":"PODER EJECUTIVO","('0003-PE-2001', 2)":"PODER EJECUTIVO","('0003-PE-2001', 3)":"PODER EJECUTIVO"},"('Giros', 'COMISI\u00d3N')":{"('0003-PE-2001', 0)":"DEFENSA NACIONAL","('0003-PE-2001', 1)":null,"('0003-PE-2001', 2)":null,"('0003-PE-2001', 3)":null},"('Tramites', 'C\u00c1MARA')":{"('0003-PE-2001', 0)":"Diputados","('0003-PE-2001', 1)":"Diputados","('0003-PE-2001', 2)":"Senado","('0003-PE-2001', 3)":"Senado"},"('Tramites', 'MOVIMIENTO')":{"('0003-PE-2001', 0)":"MOCION SOBRE TABLAS (AFIRMATIVA)","('0003-PE-2001', 1)":"CONSIDERACION Y APROBACION","('0003-PE-2001', 2)":"PASA A SENADO - (DAE 24)","('0003-PE-2001', 3)":"SOLICITUD SE RESERVE EN SECRETARIA"},"('Tramites', 'FECHA')":{"('0003-PE-2001', 0)":"18\/04\/2001","('0003-PE-2001', 1)":"18\/04\/2001","('0003-PE-2001', 2)":null,"('0003-PE-2001', 3)":"18\/04\/2001"},"('Tramites', 'RESULTADO')":{"('0003-PE-2001', 0)":null,"('0003-PE-2001', 1)":"MEDIA SANCION","('0003-PE-2001', 2)":null,"('0003-PE-2001', 3)":null},"Sumario":{"('0003-PE-2001', 0)":"PARTICIPACION EN UN EJERCICIO CONJUNTO EN LA V BRIGADA AEREA, VILLA REYNOLDS, PROVINCIA DE SAN LUIS, ENTRE EL 17 Y 27 DE ABRIL DE 2001.","('0003-PE-2001', 1)":null,"('0003-PE-2001', 2)":null,"('0003-PE-2001', 3)":null},"Palabra Clave":{"('0003-PE-2001', 0)":" ","('0003-PE-2001', 1)":null,"('0003-PE-2001', 2)":null,"('0003-PE-2001', 3)":null}}