{"Tipo de Proyecto":{"('0004-JGM-2001', 0)":"MENSAJE NRO: 0058\/01","('0004-JGM-2001', 1)":null,"('0004-JGM-2001', 2)":null},"Iniciado en: ":{"('0004-JGM-2001', 0)":"Diputados","('0004-JGM-2001', 1)":null,"('0004-JGM-2001', 2)":null},"Expediente Diputados: ":{"('0004-JGM-2001', 0)":"0004-JGM-2001","('0004-JGM-2001', 1)":null,"('0004-JGM-2001', 2)":null},"Publicado en: ":{"('0004-JGM-2001', 0)":"Tr\u00e1mite Parlamentario N\u00b0 48","('0004-JGM-2001', 1)":null,"('0004-JGM-2001', 2)":null},"Fecha: ":{"('0004-JGM-2001', 0)":"10\/05\/2001","('0004-JGM-2001', 1)":null,"('0004-JGM-2001', 2)":null},"T\u00edtulo":{"('0004-JGM-2001', 0)":"DECRETO 493 DEL 27 DE ABRIL DE 2001, SOBRE MODIFICACION A LA LEY DEL IVA (TO 1997 Y SUS MODIFICATORIAS).","('0004-JGM-2001', 1)":null,"('0004-JGM-2001', 2)":null},"('Firmantes', 'FIRMANTE')":{"('0004-JGM-2001', 0)":"DE LA RUA, FERNANDO","('0004-JGM-2001', 1)":"COLOMBO, CHRYSTIAN","('0004-JGM-2001', 2)":"MESTRE, RAMON"},"('Firmantes', 'DISTRITO')":{"('0004-JGM-2001', 0)":null,"('0004-JGM-2001', 1)":null,"('0004-JGM-2001', 2)":null},"('Firmantes', 'BLOQUE')":{"('0004-JGM-2001', 0)":"PODER EJECUTIVO","('0004-JGM-2001', 1)":"PODER EJECUTIVO","('0004-JGM-2001', 2)":"PODER EJECUTIVO"},"('Giros', 'COMISI\u00d3N')":{"('0004-JGM-2001', 0)":"PRESUPUESTO Y HACIENDA","('0004-JGM-2001', 1)":null,"('0004-JGM-2001', 2)":null},"Sumario":{"('0004-JGM-2001', 0)":"ACOMPA\u00d1ASE COPIA AUTENTICADA DEL MISMO.","('0004-JGM-2001', 1)":null,"('0004-JGM-2001', 2)":null},"Palabra Clave":{"('0004-JGM-2001', 0)":" ","('0004-JGM-2001', 1)":null,"('0004-JGM-2001', 2)":null}}