{"Tipo de Proyecto":{"('0004-OV-2001', 0)":"PROYECTO DE RESOLUCI\u00d3N"},"Iniciado en: ":{"('0004-OV-2001', 0)":"Senado"},"Expediente Senado: ":{"('0004-OV-2001', 0)":"0004-OV-2001"},"Fecha: ":{"('0004-OV-2001', 0)":"24\/06\/2003"},"T\u00edtulo":{"('0004-OV-2001', 0)":"DICTAMEN EN LAS RESOLUCIONES REMITIDAS POR LA AUDITORIA GENERAL DE LA NACION SOBRE LOS ESTADOS FINANCIEROS AL 31 DE DICIEMBRE DE 1999 (0004-OV-01) Y AL 31 DE DICIEMBRE DE 2000 (0679-OV-01) DEL PROGRAMA DE APOYO A LA RECONVERSION EMPRESARIAL PARA LAS EXPORTACIONES, CONTRATO DE PRESTAMO ARG-10\/96-AR FONPLATA."},"('Firmantes', 'FIRMANTE')":{"('0004-OV-2001', 0)":"PARLAMENTARIA MIXTA REVISORA DE CUENTAS"},"('Firmantes', 'DISTRITO')":{"('0004-OV-2001', 0)":null},"('Firmantes', 'BLOQUE')":{"('0004-OV-2001', 0)":null},"('Tramites', 'C\u00c1MARA')":{"('0004-OV-2001', 0)":"Senado"},"('Tramites', 'MOVIMIENTO')":{"('0004-OV-2001', 0)":"CONSIDERACION Y APROBACION (AL ARCHIVO)"},"('Tramites', 'FECHA')":{"('0004-OV-2001', 0)":"02\/07\/2003"},"('Tramites', 'RESULTADO')":{"('0004-OV-2001', 0)":"ARCHIVADO"},"Sumario":{"('0004-OV-2001', 0)":"HABIENDO TOMADO CONOCIMIENTO DE LOS MISMOS, SE ACONSEJA SU REMISION AL ARCHIVO."},"Palabra Clave":{"('0004-OV-2001', 0)":" "}}