{"Tipo de Proyecto":{"('0004-PE-2001', 0)":"MENSAJE NRO: 0429\/01 Y PROYECTO DE LEY","('0004-PE-2001', 1)":null,"('0004-PE-2001', 2)":null,"('0004-PE-2001', 3)":null,"('0004-PE-2001', 4)":null,"('0004-PE-2001', 5)":null,"('0004-PE-2001', 6)":null,"('0004-PE-2001', 7)":null},"Iniciado en: ":{"('0004-PE-2001', 0)":"Diputados","('0004-PE-2001', 1)":null,"('0004-PE-2001', 2)":null,"('0004-PE-2001', 3)":null,"('0004-PE-2001', 4)":null,"('0004-PE-2001', 5)":null,"('0004-PE-2001', 6)":null,"('0004-PE-2001', 7)":null},"Expediente Diputados: ":{"('0004-PE-2001', 0)":"0004-PE-2001","('0004-PE-2001', 1)":null,"('0004-PE-2001', 2)":null,"('0004-PE-2001', 3)":null,"('0004-PE-2001', 4)":null,"('0004-PE-2001', 5)":null,"('0004-PE-2001', 6)":null,"('0004-PE-2001', 7)":null},"Expediente Senado: ":{"('0004-PE-2001', 0)":"0025-CD-2001","('0004-PE-2001', 1)":null,"('0004-PE-2001', 2)":null,"('0004-PE-2001', 3)":null,"('0004-PE-2001', 4)":null,"('0004-PE-2001', 5)":null,"('0004-PE-2001', 6)":null,"('0004-PE-2001', 7)":null},"Publicado en: ":{"('0004-PE-2001', 0)":"Tr\u00e1mite Parlamentario N\u00b0 31","('0004-PE-2001', 1)":null,"('0004-PE-2001', 2)":null,"('0004-PE-2001', 3)":null,"('0004-PE-2001', 4)":null,"('0004-PE-2001', 5)":null,"('0004-PE-2001', 6)":null,"('0004-PE-2001', 7)":null},"Fecha: ":{"('0004-PE-2001', 0)":"16\/04\/2001","('0004-PE-2001', 1)":null,"('0004-PE-2001', 2)":null,"('0004-PE-2001', 3)":null,"('0004-PE-2001', 4)":null,"('0004-PE-2001', 5)":null,"('0004-PE-2001', 6)":null,"('0004-PE-2001', 7)":null},"T\u00edtulo":{"('0004-PE-2001', 0)":"MODIFICACION A LA LEY 23928 (LEY DE CONVERTIBILIDAD).","('0004-PE-2001', 1)":null,"('0004-PE-2001', 2)":null,"('0004-PE-2001', 3)":null,"('0004-PE-2001', 4)":null,"('0004-PE-2001', 5)":null,"('0004-PE-2001', 6)":null,"('0004-PE-2001', 7)":null},"('Firmantes', 'FIRMANTE')":{"('0004-PE-2001', 0)":"DE LA RUA, FERNANDO","('0004-PE-2001', 1)":"COLOMBO, CHRYSTIAN","('0004-PE-2001', 2)":"CAVALLO, DOMINGO FELIPE","('0004-PE-2001', 3)":null,"('0004-PE-2001', 4)":null,"('0004-PE-2001', 5)":null,"('0004-PE-2001', 6)":null,"('0004-PE-2001', 7)":null},"('Firmantes', 'DISTRITO')":{"('0004-PE-2001', 0)":null,"('0004-PE-2001', 1)":null,"('0004-PE-2001', 2)":null,"('0004-PE-2001', 3)":null,"('0004-PE-2001', 4)":null,"('0004-PE-2001', 5)":null,"('0004-PE-2001', 6)":null,"('0004-PE-2001', 7)":null},"('Firmantes', 'BLOQUE')":{"('0004-PE-2001', 0)":"PODER EJECUTIVO","('0004-PE-2001', 1)":"PODER EJECUTIVO","('0004-PE-2001', 2)":"PODER EJECUTIVO","('0004-PE-2001', 3)":null,"('0004-PE-2001', 4)":null,"('0004-PE-2001', 5)":null,"('0004-PE-2001', 6)":null,"('0004-PE-2001', 7)":null},"('Giros', 'COMISI\u00d3N')":{"('0004-PE-2001', 0)":"PRESUPUESTO Y HACIENDA","('0004-PE-2001', 1)":"FINANZAS","('0004-PE-2001', 2)":null,"('0004-PE-2001', 3)":null,"('0004-PE-2001', 4)":null,"('0004-PE-2001', 5)":null,"('0004-PE-2001', 6)":null,"('0004-PE-2001', 7)":null},"('Tramites', 'C\u00c1MARA')":{"('0004-PE-2001', 0)":"Diputados","('0004-PE-2001', 1)":"Diputados","('0004-PE-2001', 2)":"Diputados","('0004-PE-2001', 3)":"Senado","('0004-PE-2001', 4)":"Senado","('0004-PE-2001', 5)":"Senado","('0004-PE-2001', 6)":"Senado","('0004-PE-2001', 7)":"Senado"},"('Tramites', 'MOVIMIENTO')":{"('0004-PE-2001', 0)":"MOCION DE PREFERENCIA (AFIRMATIVA)","('0004-PE-2001', 1)":"CONSIDERACION Y APROBACION CON MODIFICACIONES","('0004-PE-2001', 2)":"INSERCIONES","('0004-PE-2001', 3)":"PASA A SENADO - (DAE 31\/01)","('0004-PE-2001', 4)":"RESOLUCION PRESIDENCIA CAMBIO DE ORDEN DE LAS COMISIONES Y AMPLIACION DE GIRO A LA COMISION DE LEGISLACION GENERAL","('0004-PE-2001', 5)":"MOCION SOBRE TABLAS (AFIRMATIVA)","('0004-PE-2001', 6)":"CONSIDERACION Y SANCION","('0004-PE-2001', 7)":"INSERCIONES"},"('Tramites', 'FECHA')":{"('0004-PE-2001', 0)":"18\/04\/2001","('0004-PE-2001', 1)":"02\/05\/2001","('0004-PE-2001', 2)":"02\/05\/2001","('0004-PE-2001', 3)":null,"('0004-PE-2001', 4)":"09\/05\/2001","('0004-PE-2001', 5)":"20\/06\/2001","('0004-PE-2001', 6)":"20\/06\/2001","('0004-PE-2001', 7)":"20\/06\/2001"},"('Tramites', 'RESULTADO')":{"('0004-PE-2001', 0)":null,"('0004-PE-2001', 1)":"MEDIA SANCION","('0004-PE-2001', 2)":null,"('0004-PE-2001', 3)":null,"('0004-PE-2001', 4)":null,"('0004-PE-2001', 5)":null,"('0004-PE-2001', 6)":"SANCIONADO","('0004-PE-2001', 7)":null},"Sumario":{"('0004-PE-2001', 0)":"SUSTITUCION DEL ARTICULO 1 (EL PESO SERA CONVERTIBLE PARA LA VENTA, A UNA RELACION DE UN PESO ($ 1) POR EL PROMEDIO SIMPLE DE UN DOLAR (U$S 1) DE LOS ESTADOS UNIDOS DE AMERICA Y UN EURO DE LA UNION EUROPEA (E 1), EN LAS CONDICIONES ESTABLECIDAS EN LA PRESENTE LEY); ENTRADA EN VIGENCIA: A PARTIR DEL DIA SIGUIENTE A AQUEL EN QUE UN EURO COTICE A UN DOLAR, PARA LA VENTA EN EL MERCADO DE LONDRES O SUPERE DICHA COTIZACION.","('0004-PE-2001', 1)":null,"('0004-PE-2001', 2)":null,"('0004-PE-2001', 3)":null,"('0004-PE-2001', 4)":null,"('0004-PE-2001', 5)":null,"('0004-PE-2001', 6)":null,"('0004-PE-2001', 7)":null},"Palabra Clave":{"('0004-PE-2001', 0)":" ","('0004-PE-2001', 1)":null,"('0004-PE-2001', 2)":null,"('0004-PE-2001', 3)":null,"('0004-PE-2001', 4)":null,"('0004-PE-2001', 5)":null,"('0004-PE-2001', 6)":null,"('0004-PE-2001', 7)":null}}