{"Tipo de Proyecto":{"('0005-PE-2001', 0)":"MENSAJE NRO: 0041\/01","('0005-PE-2001', 1)":null,"('0005-PE-2001', 2)":null},"Iniciado en: ":{"('0005-PE-2001', 0)":"Diputados","('0005-PE-2001', 1)":null,"('0005-PE-2001', 2)":null},"Expediente Diputados: ":{"('0005-PE-2001', 0)":"0005-PE-2001","('0005-PE-2001', 1)":null,"('0005-PE-2001', 2)":null},"Publicado en: ":{"('0005-PE-2001', 0)":"Tr\u00e1mite Parlamentario N\u00b0 36","('0005-PE-2001', 1)":null,"('0005-PE-2001', 2)":null},"Fecha: ":{"('0005-PE-2001', 0)":"23\/04\/2001","('0005-PE-2001', 1)":null,"('0005-PE-2001', 2)":null},"T\u00edtulo":{"('0005-PE-2001', 0)":"DECRETO 394\/01, POR EL QUE SE DA POR FINALIZADA LA INTERVENCION DISPUESTA EN EL SERVICIO NACIONAL DE SANIDAD Y CALIDAD AGROALIMENTARIA Y SE MODIFICA EL DECRETO 1585\/96 (ESTRUCTURA ORGANICA).","('0005-PE-2001', 1)":null,"('0005-PE-2001', 2)":null},"('Firmantes', 'FIRMANTE')":{"('0005-PE-2001', 0)":"DE LA RUA, FERNANDO","('0005-PE-2001', 1)":"COLOMBO, CHRYSTIAN","('0005-PE-2001', 2)":"MESTRE, RAMON"},"('Firmantes', 'DISTRITO')":{"('0005-PE-2001', 0)":null,"('0005-PE-2001', 1)":null,"('0005-PE-2001', 2)":null},"('Firmantes', 'BLOQUE')":{"('0005-PE-2001', 0)":"PODER EJECUTIVO","('0005-PE-2001', 1)":"PODER EJECUTIVO","('0005-PE-2001', 2)":"PODER EJECUTIVO"},"('Giros', 'COMISI\u00d3N')":{"('0005-PE-2001', 0)":"AGRICULTURA Y GANADERIA","('0005-PE-2001', 1)":null,"('0005-PE-2001', 2)":null},"Sumario":{"('0005-PE-2001', 0)":"COMUNICACION DEL DICTADO DEL MISMO.","('0005-PE-2001', 1)":null,"('0005-PE-2001', 2)":null},"Palabra Clave":{"('0005-PE-2001', 0)":" ","('0005-PE-2001', 1)":null,"('0005-PE-2001', 2)":null}}