{"Tipo de Proyecto":{"('0007-PE-2001', 0)":"MENSAJE NRO: 0041\/01","('0007-PE-2001', 1)":null,"('0007-PE-2001', 2)":null},"Iniciado en: ":{"('0007-PE-2001', 0)":"Diputados","('0007-PE-2001', 1)":null,"('0007-PE-2001', 2)":null},"Expediente Diputados: ":{"('0007-PE-2001', 0)":"0007-PE-2001","('0007-PE-2001', 1)":null,"('0007-PE-2001', 2)":null},"Publicado en: ":{"('0007-PE-2001', 0)":"Tr\u00e1mite Parlamentario N\u00b0 36","('0007-PE-2001', 1)":null,"('0007-PE-2001', 2)":null},"Fecha: ":{"('0007-PE-2001', 0)":"23\/04\/2001","('0007-PE-2001', 1)":null,"('0007-PE-2001', 2)":null},"T\u00edtulo":{"('0007-PE-2001', 0)":"DECRETO 439\/01, POR EL QUE SE DEROGA LA LEY 23758, QUE REGULABA DEPOSITOS Y PRESTAMOS EN MONEDA EXTRANJERA CON ANTERIORIDAD A LA LEY DE CONVERTIBILIDAD Y SE MODIFICA LA LEY 24144 (CARTA ORGANICA DEL BANCO CENTRAL DE LA REPUBLICA ARGENTINA).","('0007-PE-2001', 1)":null,"('0007-PE-2001', 2)":null},"('Firmantes', 'FIRMANTE')":{"('0007-PE-2001', 0)":"DE LA RUA, FERNANDO","('0007-PE-2001', 1)":"COLOMBO, CHRYSTIAN","('0007-PE-2001', 2)":"MESTRE, RAMON"},"('Firmantes', 'DISTRITO')":{"('0007-PE-2001', 0)":null,"('0007-PE-2001', 1)":null,"('0007-PE-2001', 2)":null},"('Firmantes', 'BLOQUE')":{"('0007-PE-2001', 0)":"PODER EJECUTIVO","('0007-PE-2001', 1)":"PODER EJECUTIVO","('0007-PE-2001', 2)":"PODER EJECUTIVO"},"('Giros', 'COMISI\u00d3N')":{"('0007-PE-2001', 0)":"FINANZAS","('0007-PE-2001', 1)":null,"('0007-PE-2001', 2)":null},"Sumario":{"('0007-PE-2001', 0)":"COMUNICACION DEL DICTADO DEL MISMO.","('0007-PE-2001', 1)":null,"('0007-PE-2001', 2)":null},"Palabra Clave":{"('0007-PE-2001', 0)":" ","('0007-PE-2001', 1)":null,"('0007-PE-2001', 2)":null}}