{"Tipo de Proyecto":{"('0008-S-2001', 0)":"PROYECTO DE RESOLUCI\u00d3N"},"Iniciado en: ":{"('0008-S-2001', 0)":"Senado"},"Expediente Senado: ":{"('0008-S-2001', 0)":"0008-S-2001"},"Publicado en: ":{"('0008-S-2001', 0)":"Diario de Asuntos Entrados N\u00b0 1"},"Fecha: ":{"('0008-S-2001', 0)":"01\/03\/2001"},"T\u00edtulo":{"('0008-S-2001', 0)":"VICTIMAS DEL HOLOCAUSTO (REPRODUCCION DEL EXPEDIENTE 1280-S-99)."},"('Firmantes', 'FIRMANTE')":{"('0008-S-2001', 0)":"RAIJER, BEATRIZ IRMA"},"('Firmantes', 'DISTRITO')":{"('0008-S-2001', 0)":"CORDOBA"},"('Firmantes', 'BLOQUE')":{"('0008-S-2001', 0)":"JUSTICIALISTA"},"('Tramites', 'C\u00c1MARA')":{"('0008-S-2001', 0)":"Senado"},"('Tramites', 'MOVIMIENTO')":{"('0008-S-2001', 0)":"CONSIDERACION Y APROBACION"},"('Tramites', 'FECHA')":{"('0008-S-2001', 0)":"13\/06\/2001"},"('Tramites', 'RESULTADO')":{"('0008-S-2001', 0)":"APROBADO"},"Sumario":{"('0008-S-2001', 0)":"RENDICION DE HOMENAJE."},"Palabra Clave":{"('0008-S-2001', 0)":" "}}