{"Tipo de Proyecto":{"('0008-PE-2001', 0)":"MENSAJE NRO: 0466\/01","('0008-PE-2001', 1)":null,"('0008-PE-2001', 2)":null},"Iniciado en: ":{"('0008-PE-2001', 0)":"Diputados","('0008-PE-2001', 1)":null,"('0008-PE-2001', 2)":null},"Expediente Diputados: ":{"('0008-PE-2001', 0)":"0008-PE-2001","('0008-PE-2001', 1)":null,"('0008-PE-2001', 2)":null},"Publicado en: ":{"('0008-PE-2001', 0)":"Tr\u00e1mite Parlamentario N\u00b0 40","('0008-PE-2001', 1)":null,"('0008-PE-2001', 2)":null},"Fecha: ":{"('0008-PE-2001', 0)":"27\/04\/2001","('0008-PE-2001', 1)":null,"('0008-PE-2001', 2)":null},"T\u00edtulo":{"('0008-PE-2001', 0)":"DECRETO 465\/01 POR EL CUAL SE OBSERVA PARCIALMENTE Y SE PROMULGA EL PROYECTO DE LEY REGISTRADO BAJO EL NUMERO 25421, DE CREACION DEL PROGRAMA DE ASISTENCIA PRIMARIA DE SALUD MENTAL.","('0008-PE-2001', 1)":null,"('0008-PE-2001', 2)":null},"('Firmantes', 'FIRMANTE')":{"('0008-PE-2001', 0)":"DE LA RUA, FERNANDO","('0008-PE-2001', 1)":"COLOMBO, CHRYSTIAN","('0008-PE-2001', 2)":"LOMBARDO, HECTOR JOSE"},"('Firmantes', 'DISTRITO')":{"('0008-PE-2001', 0)":null,"('0008-PE-2001', 1)":null,"('0008-PE-2001', 2)":null},"('Firmantes', 'BLOQUE')":{"('0008-PE-2001', 0)":"PODER EJECUTIVO","('0008-PE-2001', 1)":"PODER EJECUTIVO","('0008-PE-2001', 2)":"PODER EJECUTIVO"},"('Giros', 'COMISI\u00d3N')":{"('0008-PE-2001', 0)":"ACCION SOCIAL Y SALUD PUBLICA","('0008-PE-2001', 1)":null,"('0008-PE-2001', 2)":null},"Sumario":{"('0008-PE-2001', 0)":"COMUNICACION DEL DICTADO DEL MISMO.","('0008-PE-2001', 1)":null,"('0008-PE-2001', 2)":null},"Palabra Clave":{"('0008-PE-2001', 0)":" ","('0008-PE-2001', 1)":null,"('0008-PE-2001', 2)":null}}