{"Tipo de Proyecto":{"('0008-JGM-2001', 0)":"MENSAJE NRO: 0071\/01","('0008-JGM-2001', 1)":null,"('0008-JGM-2001', 2)":null},"Iniciado en: ":{"('0008-JGM-2001', 0)":"Diputados","('0008-JGM-2001', 1)":null,"('0008-JGM-2001', 2)":null},"Expediente Diputados: ":{"('0008-JGM-2001', 0)":"0008-JGM-2001","('0008-JGM-2001', 1)":null,"('0008-JGM-2001', 2)":null},"Publicado en: ":{"('0008-JGM-2001', 0)":"Tr\u00e1mite Parlamentario N\u00b0 68","('0008-JGM-2001', 1)":null,"('0008-JGM-2001', 2)":null},"Fecha: ":{"('0008-JGM-2001', 0)":"07\/06\/2001","('0008-JGM-2001', 1)":null,"('0008-JGM-2001', 2)":null},"T\u00edtulo":{"('0008-JGM-2001', 0)":"DECRETO 617 DEL 11 DE MAYO DE 2001, POR EL CUAL SE DISPONE LA TRANSFERENCIA DE LA ADMINISTRACION FEDERAL DE INGRESOS PUBLICOS (AFIP) A LA ORBITA DEL MINISTERIO DE ECONOMIA.","('0008-JGM-2001', 1)":null,"('0008-JGM-2001', 2)":null},"('Firmantes', 'FIRMANTE')":{"('0008-JGM-2001', 0)":"DE LA RUA, FERNANDO","('0008-JGM-2001', 1)":"COLOMBO, CHRYSTIAN","('0008-JGM-2001', 2)":"MESTRE, RAMON"},"('Firmantes', 'DISTRITO')":{"('0008-JGM-2001', 0)":null,"('0008-JGM-2001', 1)":null,"('0008-JGM-2001', 2)":null},"('Firmantes', 'BLOQUE')":{"('0008-JGM-2001', 0)":"PODER EJECUTIVO","('0008-JGM-2001', 1)":"PODER EJECUTIVO","('0008-JGM-2001', 2)":"PODER EJECUTIVO"},"('Giros', 'COMISI\u00d3N')":{"('0008-JGM-2001', 0)":"BICAMERAL SEGUIMIENTO LEY 25414 (DELEGACION DE FACULTADES)","('0008-JGM-2001', 1)":null,"('0008-JGM-2001', 2)":null},"Sumario":{"('0008-JGM-2001', 0)":"ACOMPA\u00d1ASE COPIA AUTENTICADA COMUNICANDO EL DICTADO DEL MISMO.","('0008-JGM-2001', 1)":null,"('0008-JGM-2001', 2)":null},"Palabra Clave":{"('0008-JGM-2001', 0)":" ","('0008-JGM-2001', 1)":null,"('0008-JGM-2001', 2)":null}}