{"Tipo de Proyecto":{"('0009-PE-2001', 0)":"MENSAJE NRO: 0468\/01","('0009-PE-2001', 1)":null,"('0009-PE-2001', 2)":null},"Iniciado en: ":{"('0009-PE-2001', 0)":"Diputados","('0009-PE-2001', 1)":null,"('0009-PE-2001', 2)":null},"Expediente Diputados: ":{"('0009-PE-2001', 0)":"0009-PE-2001","('0009-PE-2001', 1)":null,"('0009-PE-2001', 2)":null},"Publicado en: ":{"('0009-PE-2001', 0)":"Tr\u00e1mite Parlamentario N\u00b0 40","('0009-PE-2001', 1)":null,"('0009-PE-2001', 2)":null},"Fecha: ":{"('0009-PE-2001', 0)":"27\/04\/2001","('0009-PE-2001', 1)":null,"('0009-PE-2001', 2)":null},"T\u00edtulo":{"('0009-PE-2001', 0)":"DECRETO 467\/01 POR EL CUAL SE OBSERVA TOTALMENTE EL PROYECTO DE LEY REGISTRADO BAJO EL NUMERO 25416, DE MODIFICACION DEL ARTICULO 6 DE LA LEY 23611 DE LUCHA CONTRA EL CANCER.","('0009-PE-2001', 1)":null,"('0009-PE-2001', 2)":null},"('Firmantes', 'FIRMANTE')":{"('0009-PE-2001', 0)":"DE LA RUA, FERNANDO","('0009-PE-2001', 1)":"COLOMBO, CHRYSTIAN","('0009-PE-2001', 2)":"LOMBARDO, HECTOR JOSE"},"('Firmantes', 'DISTRITO')":{"('0009-PE-2001', 0)":null,"('0009-PE-2001', 1)":null,"('0009-PE-2001', 2)":null},"('Firmantes', 'BLOQUE')":{"('0009-PE-2001', 0)":"PODER EJECUTIVO","('0009-PE-2001', 1)":"PODER EJECUTIVO","('0009-PE-2001', 2)":"PODER EJECUTIVO"},"('Giros', 'COMISI\u00d3N')":{"('0009-PE-2001', 0)":"ACCION SOCIAL Y SALUD PUBLICA","('0009-PE-2001', 1)":null,"('0009-PE-2001', 2)":null},"Sumario":{"('0009-PE-2001', 0)":"COMUNICACION DEL DICTADO DEL MISMO.","('0009-PE-2001', 1)":null,"('0009-PE-2001', 2)":null},"Palabra Clave":{"('0009-PE-2001', 0)":" ","('0009-PE-2001', 1)":null,"('0009-PE-2001', 2)":null}}