{"Tipo de Proyecto":{"('0009-S-2001', 0)":"PROYECTO DE LEY"},"Iniciado en: ":{"('0009-S-2001', 0)":"Senado"},"Expediente Senado: ":{"('0009-S-2001', 0)":"0009-S-2001"},"Publicado en: ":{"('0009-S-2001', 0)":"Diario de Asuntos Entrados N\u00b0 1"},"Fecha: ":{"('0009-S-2001', 0)":"01\/03\/2001"},"T\u00edtulo":{"('0009-S-2001', 0)":"COPARTICIPACION FEDERAL DE IMPUESTOS."},"('Firmantes', 'FIRMANTE')":{"('0009-S-2001', 0)":"MOLINARI ROMERO, LUIS"},"('Firmantes', 'DISTRITO')":{"('0009-S-2001', 0)":"CORDOBA"},"('Firmantes', 'BLOQUE')":{"('0009-S-2001', 0)":"UCR"},"Sumario":{"('0009-S-2001', 0)":"SE ESTABLECE A PARTIR DEL 10 DE ENERO DE 2002 EL REGIMEN DE DISTRIBUCION DE RECURSOS FISCALES ENTRE LA NACION, LAS PROVINCIAS Y LA CIUDAD AUTONOMA DE BUENOS AIRES; PROCEDIMIENTO; DISTRIBUCION DE EXCEDENTES; OBLIGACIONES EMERGENTES DEL REGIMEN DE ESTA LEY; CREACION DEL ORGANISMO FISCAL FEDERAL, CONSTITUIDO POR UN COMITE FISCAL FEDERAL Y UNA COMISION TECNICA FEDERAL; FUNCIONES DEL COMITE FISCAL FEDERAL; FUNCIONES DE LA COMISION TECNICA FEDERAL;  LAPSO DE APLICACION DE LA LEY; PRORROGA DE LA VIGENCIA; DERECHO A PARTICIPAR EN EL PRODUCTO DE LOS IMPUESTOS A QUE SE REFIERE LA PRESENTE LEY POR ADHESION EXPRESA DE CADA UNA DE LAS JURISDICCIONES; ANEXOS: CALCULO DEL INDICADOR DE ESFUERZO TRIBUTARIO, CALCULO DEL INDICADOR DE BRECHA DE DESARROLLO, CALCULO DEL INDICADOR DE DISPERSION DE LA POBLACION."},"Palabra Clave":{"('0009-S-2001', 0)":" "}}