{"Tipo de Proyecto":{"('0010-S-2001', 0)":"PROYECTO DE LEY"},"Iniciado en: ":{"('0010-S-2001', 0)":"Senado"},"Expediente Senado: ":{"('0010-S-2001', 0)":"0010-S-2001"},"Publicado en: ":{"('0010-S-2001', 0)":"Diario de Asuntos Entrados N\u00b0 1"},"Fecha: ":{"('0010-S-2001', 0)":"01\/03\/2001"},"T\u00edtulo":{"('0010-S-2001', 0)":"MODIFICACION AL CODIGO PENAL (ESCUCHAS TELEFONICAS)."},"('Firmantes', 'FIRMANTE')":{"('0010-S-2001', 0)":"MOLINARI ROMERO, LUIS"},"('Firmantes', 'DISTRITO')":{"('0010-S-2001', 0)":"CORDOBA"},"('Firmantes', 'BLOQUE')":{"('0010-S-2001', 0)":"UCR"},"Sumario":{"('0010-S-2001', 0)":"INCORPORACION DEL ARTICULO 155 BIS (VIOLACION DE SECRETOS POR ESCUCHAS TELEFONICAS); INCORPORACION DEL INCISO 3 AL ARTICULO 72 (SANCIONES PARA LAS EMPRESAS PRIVADAS PRESTATARIAS DEL SERVICIO TELEFONICO CUYOS EMPLEADOS O FUNCIONARIOS HAYAN PARTICIPADO EN LA COMISION DE LOS DELITOS TIPIFICADOS)."},"Palabra Clave":{"('0010-S-2001', 0)":" "}}