{"Tipo de Proyecto":{"('0010-JGM-2001', 0)":"MENSAJE NRO: 0071\/01","('0010-JGM-2001', 1)":null,"('0010-JGM-2001', 2)":null},"Iniciado en: ":{"('0010-JGM-2001', 0)":"Diputados","('0010-JGM-2001', 1)":null,"('0010-JGM-2001', 2)":null},"Expediente Diputados: ":{"('0010-JGM-2001', 0)":"0010-JGM-2001","('0010-JGM-2001', 1)":null,"('0010-JGM-2001', 2)":null},"Publicado en: ":{"('0010-JGM-2001', 0)":"Tr\u00e1mite Parlamentario N\u00b0 68","('0010-JGM-2001', 1)":null,"('0010-JGM-2001', 2)":null},"Fecha: ":{"('0010-JGM-2001', 0)":"07\/06\/2001","('0010-JGM-2001', 1)":null,"('0010-JGM-2001', 2)":null},"T\u00edtulo":{"('0010-JGM-2001', 0)":"DECRETO 677 DEL 22 DE MAYO DE 2001, POR EL CUAL SE APRUEBA EL REGIMEN DE TRANSPARENCIA DE LA OFERTA PUBLICA.","('0010-JGM-2001', 1)":null,"('0010-JGM-2001', 2)":null},"('Firmantes', 'FIRMANTE')":{"('0010-JGM-2001', 0)":"DE LA RUA, FERNANDO","('0010-JGM-2001', 1)":"COLOMBO, CHRYSTIAN","('0010-JGM-2001', 2)":"MESTRE, RAMON"},"('Firmantes', 'DISTRITO')":{"('0010-JGM-2001', 0)":null,"('0010-JGM-2001', 1)":null,"('0010-JGM-2001', 2)":null},"('Firmantes', 'BLOQUE')":{"('0010-JGM-2001', 0)":"PODER EJECUTIVO","('0010-JGM-2001', 1)":"PODER EJECUTIVO","('0010-JGM-2001', 2)":"PODER EJECUTIVO"},"('Giros', 'COMISI\u00d3N')":{"('0010-JGM-2001', 0)":"BICAMERAL SEGUIMIENTO LEY 25414 (DELEGACION DE FACULTADES)","('0010-JGM-2001', 1)":null,"('0010-JGM-2001', 2)":null},"Sumario":{"('0010-JGM-2001', 0)":"ACOMPA\u00d1ASE COPIA AUTENTICADA COMUNICANDO EL DICTADO DEL MISMO.","('0010-JGM-2001', 1)":null,"('0010-JGM-2001', 2)":null},"Palabra Clave":{"('0010-JGM-2001', 0)":" ","('0010-JGM-2001', 1)":null,"('0010-JGM-2001', 2)":null}}