{"Tipo de Proyecto":{"('0012-PE-2001', 0)":"MENSAJE NRO: 0709\/01","('0012-PE-2001', 1)":null,"('0012-PE-2001', 2)":null},"Iniciado en: ":{"('0012-PE-2001', 0)":"Diputados","('0012-PE-2001', 1)":null,"('0012-PE-2001', 2)":null},"Expediente Diputados: ":{"('0012-PE-2001', 0)":"0012-PE-2001","('0012-PE-2001', 1)":null,"('0012-PE-2001', 2)":null},"Publicado en: ":{"('0012-PE-2001', 0)":"Tr\u00e1mite Parlamentario N\u00b0 63","('0012-PE-2001', 1)":null,"('0012-PE-2001', 2)":null},"Fecha: ":{"('0012-PE-2001', 0)":"31\/05\/2001","('0012-PE-2001', 1)":null,"('0012-PE-2001', 2)":null},"T\u00edtulo":{"('0012-PE-2001', 0)":"COMUNICACION DEL DECRETO 708\/2001 POR EL QUE SE PROMULGA PARCIALMENTE EL PROYECTO DE LEY 25430 OBSERVANDOSE EN EL ARTICULO 6 (SUSTITUCION DEL ARTICULO 9 DE LA LEY 24390, SOBRE PLAZOS PARA LA PRISION PREVENTIVA) DIVERSAS EXPRESIONES.","('0012-PE-2001', 1)":null,"('0012-PE-2001', 2)":null},"('Firmantes', 'FIRMANTE')":{"('0012-PE-2001', 0)":"DE LA RUA, FERNANDO","('0012-PE-2001', 1)":"COLOMBO, CHRYSTIAN","('0012-PE-2001', 2)":"DE LA RUA, JORGE"},"('Firmantes', 'DISTRITO')":{"('0012-PE-2001', 0)":null,"('0012-PE-2001', 1)":null,"('0012-PE-2001', 2)":null},"('Firmantes', 'BLOQUE')":{"('0012-PE-2001', 0)":"PODER EJECUTIVO","('0012-PE-2001', 1)":"PODER EJECUTIVO","('0012-PE-2001', 2)":"PODER EJECUTIVO"},"('Giros', 'COMISI\u00d3N')":{"('0012-PE-2001', 0)":"LEGISLACION PENAL","('0012-PE-2001', 1)":null,"('0012-PE-2001', 2)":null},"Sumario":{"('0012-PE-2001', 0)":"ACOMPA\u00d1A COPIA DEL MISMO.","('0012-PE-2001', 1)":null,"('0012-PE-2001', 2)":null},"Palabra Clave":{"('0012-PE-2001', 0)":" ","('0012-PE-2001', 1)":null,"('0012-PE-2001', 2)":null}}