{"Tipo de Proyecto":{"('0015-PE-2001', 0)":"MENSAJE NRO: 0800\/01","('0015-PE-2001', 1)":null,"('0015-PE-2001', 2)":null,"('0015-PE-2001', 3)":null},"Iniciado en: ":{"('0015-PE-2001', 0)":"Diputados","('0015-PE-2001', 1)":null,"('0015-PE-2001', 2)":null,"('0015-PE-2001', 3)":null},"Expediente Diputados: ":{"('0015-PE-2001', 0)":"0015-PE-2001","('0015-PE-2001', 1)":null,"('0015-PE-2001', 2)":null,"('0015-PE-2001', 3)":null},"Publicado en: ":{"('0015-PE-2001', 0)":"Tr\u00e1mite Parlamentario N\u00b0 75","('0015-PE-2001', 1)":null,"('0015-PE-2001', 2)":null,"('0015-PE-2001', 3)":null},"Fecha: ":{"('0015-PE-2001', 0)":"19\/06\/2001","('0015-PE-2001', 1)":null,"('0015-PE-2001', 2)":null,"('0015-PE-2001', 3)":null},"T\u00edtulo":{"('0015-PE-2001', 0)":"DECRETO 799 DEL 15 DE JUNIO DE 2001, POR EL CUAL SE CANCELAN DEUDAS CONTRAIDAS POR EL TESORO NACIONAL HASTA DETERMINADAS SUMAS. ","('0015-PE-2001', 1)":null,"('0015-PE-2001', 2)":null,"('0015-PE-2001', 3)":null},"('Firmantes', 'FIRMANTE')":{"('0015-PE-2001', 0)":"DE LA RUA, FERNANDO","('0015-PE-2001', 1)":"COLOMBO, CHRYSTIAN","('0015-PE-2001', 2)":"CAVALLO, DOMINGO FELIPE","('0015-PE-2001', 3)":"BASTOS, CARLOS"},"('Firmantes', 'DISTRITO')":{"('0015-PE-2001', 0)":null,"('0015-PE-2001', 1)":null,"('0015-PE-2001', 2)":null,"('0015-PE-2001', 3)":null},"('Firmantes', 'BLOQUE')":{"('0015-PE-2001', 0)":"PODER EJECUTIVO","('0015-PE-2001', 1)":"PODER EJECUTIVO","('0015-PE-2001', 2)":"PODER EJECUTIVO","('0015-PE-2001', 3)":"PODER EJECUTIVO"},"('Giros', 'COMISI\u00d3N')":{"('0015-PE-2001', 0)":"PRESUPUESTO Y HACIENDA","('0015-PE-2001', 1)":null,"('0015-PE-2001', 2)":null,"('0015-PE-2001', 3)":null},"Sumario":{"('0015-PE-2001', 0)":"COMUNICACION DEL DICTADO DEL MISMO.","('0015-PE-2001', 1)":null,"('0015-PE-2001', 2)":null,"('0015-PE-2001', 3)":null},"Palabra Clave":{"('0015-PE-2001', 0)":" ","('0015-PE-2001', 1)":null,"('0015-PE-2001', 2)":null,"('0015-PE-2001', 3)":null}}