{"Tipo de Proyecto":{"('0015-S-2001', 0)":"PROYECTO DE LEY"},"Iniciado en: ":{"('0015-S-2001', 0)":"Senado"},"Expediente Senado: ":{"('0015-S-2001', 0)":"0015-S-2001"},"Publicado en: ":{"('0015-S-2001', 0)":"Diario de Asuntos Entrados N\u00b0 1"},"Fecha: ":{"('0015-S-2001', 0)":"01\/03\/2001"},"T\u00edtulo":{"('0015-S-2001', 0)":"MODIFICACION DEL CODIGO NACIONAL ELECTORAL (LEY 19945, TO DECRETO 2135\/83 Y MODIFICATORIAS), SISTEMA DE ELECCION DE DIPUTADOS NACIONALES CON PREFERENCIAS."},"('Firmantes', 'FIRMANTE')":{"('0015-S-2001', 0)":"MOLINARI ROMERO, LUIS"},"('Firmantes', 'DISTRITO')":{"('0015-S-2001', 0)":"CORDOBA"},"('Firmantes', 'BLOQUE')":{"('0015-S-2001', 0)":"UCR"},"Sumario":{"('0015-S-2001', 0)":"INCORPORACION: DE UN SEGUNDO PARRAFO AL APARTADO II DEL ARTICULO 62 (IMPRESION DE LOS NOMBRES EN LAS BOLETAS DE LA ELECCION DE DIPUTADOS NACIONALES), DE UN SEGUNDO PARRAFO AL INCISO 4, APARTADO I, DEL ARTICULO 101 (VALIDEZ DE LOS VOTOS: PREFERENCIAS), DEL INCISO B') AL ARTICULO 102; MODIFICACION: DEL ARTICULO 158 (ELECCION DIRECTA DE LOS DIPUTADOS CON LA POSIBILIDAD DE MARCAR UNA PREFERENCIA), DEL ARTICULO 159 (ESCRUTINIO), DE LA PRIMERA PARTE DEL ARTICULO 161 (CARGOS A CUBRIR); INCORPORACION DEL ARTICULO 161 BIS (REORDENAMIENTO EN LAS LISTAS PARA LOS CANDIDATOS QUE OBTENGAN EL 20% EN LAS PREFERENCIAS); MODIFICACION DEL ARTICULO 164 (REEMPLAZOS POR MUERTE, RENUNCIA, INHABILIDAD O INCAPACIDAD)."},"Palabra Clave":{"('0015-S-2001', 0)":" "}}