{"Tipo de Proyecto":{"('0016-PE-2001', 0)":"MENSAJE NRO: 0816\/01","('0016-PE-2001', 1)":null,"('0016-PE-2001', 2)":null},"Iniciado en: ":{"('0016-PE-2001', 0)":"Diputados","('0016-PE-2001', 1)":null,"('0016-PE-2001', 2)":null},"Expediente Diputados: ":{"('0016-PE-2001', 0)":"0016-PE-2001","('0016-PE-2001', 1)":null,"('0016-PE-2001', 2)":null},"Publicado en: ":{"('0016-PE-2001', 0)":"Tr\u00e1mite Parlamentario N\u00b0 77","('0016-PE-2001', 1)":null,"('0016-PE-2001', 2)":null},"Fecha: ":{"('0016-PE-2001', 0)":"21\/06\/2001","('0016-PE-2001', 1)":null,"('0016-PE-2001', 2)":null},"T\u00edtulo":{"('0016-PE-2001', 0)":"DECRETO 815 DEL 20 DE JUNIO DE 2001, DE SUSTITUCION DEL INCISO B) DEL ARTICULO 103 BIS DE LA LEY 20744, DE CONTRATO DE TRABAJO, SOBRE BENEFICIOS SOCIALES CON CARACTER NO REMUNERATORIOS A LOS EFECTOS LABORALES Y DE LA SEGURIDAD SOCIAL.","('0016-PE-2001', 1)":null,"('0016-PE-2001', 2)":null},"('Firmantes', 'FIRMANTE')":{"('0016-PE-2001', 0)":"DE LA RUA, FERNANDO","('0016-PE-2001', 1)":"COLOMBO, CHRYSTIAN","('0016-PE-2001', 2)":"CAVALLO, DOMINGO FELIPE"},"('Firmantes', 'DISTRITO')":{"('0016-PE-2001', 0)":null,"('0016-PE-2001', 1)":null,"('0016-PE-2001', 2)":null},"('Firmantes', 'BLOQUE')":{"('0016-PE-2001', 0)":"PODER EJECUTIVO","('0016-PE-2001', 1)":"PODER EJECUTIVO","('0016-PE-2001', 2)":"PODER EJECUTIVO"},"('Giros', 'COMISI\u00d3N')":{"('0016-PE-2001', 0)":"LEGISLACION DEL TRABAJO","('0016-PE-2001', 1)":null,"('0016-PE-2001', 2)":null},"Sumario":{"('0016-PE-2001', 0)":"COMUNICA EL DICTADO DEL MISMO.","('0016-PE-2001', 1)":null,"('0016-PE-2001', 2)":null},"Palabra Clave":{"('0016-PE-2001', 0)":" ","('0016-PE-2001', 1)":null,"('0016-PE-2001', 2)":null}}