{"Tipo de Proyecto":{"('0017-PE-2001', 0)":"MENSAJE NRO: 0821\/01 Y PROYECTO DE LEY","('0017-PE-2001', 1)":null,"('0017-PE-2001', 2)":null},"Iniciado en: ":{"('0017-PE-2001', 0)":"Diputados","('0017-PE-2001', 1)":null,"('0017-PE-2001', 2)":null},"Expediente Diputados: ":{"('0017-PE-2001', 0)":"0017-PE-2001","('0017-PE-2001', 1)":null,"('0017-PE-2001', 2)":null},"Publicado en: ":{"('0017-PE-2001', 0)":"Tr\u00e1mite Parlamentario N\u00b0 77","('0017-PE-2001', 1)":null,"('0017-PE-2001', 2)":null},"Fecha: ":{"('0017-PE-2001', 0)":"21\/06\/2001","('0017-PE-2001', 1)":null,"('0017-PE-2001', 2)":null},"T\u00edtulo":{"('0017-PE-2001', 0)":"MODIFICACION A LA LEY 21965 DE PERSONAL DE LA POLICIA FEDERAL.","('0017-PE-2001', 1)":null,"('0017-PE-2001', 2)":null},"('Firmantes', 'FIRMANTE')":{"('0017-PE-2001', 0)":"DE LA RUA, FERNANDO","('0017-PE-2001', 1)":"COLOMBO, CHRYSTIAN","('0017-PE-2001', 2)":"MESTRE, RAMON"},"('Firmantes', 'DISTRITO')":{"('0017-PE-2001', 0)":null,"('0017-PE-2001', 1)":null,"('0017-PE-2001', 2)":null},"('Firmantes', 'BLOQUE')":{"('0017-PE-2001', 0)":"PODER EJECUTIVO","('0017-PE-2001', 1)":"PODER EJECUTIVO","('0017-PE-2001', 2)":"PODER EJECUTIVO"},"('Giros', 'COMISI\u00d3N')":{"('0017-PE-2001', 0)":"LEGISLACION PENAL","('0017-PE-2001', 1)":null,"('0017-PE-2001', 2)":null},"Sumario":{"('0017-PE-2001', 0)":"SUSTITUCION DEL ARTICULO 118 (SANCIONES DISCIPLINARIAS).","('0017-PE-2001', 1)":null,"('0017-PE-2001', 2)":null},"Palabra Clave":{"('0017-PE-2001', 0)":" ","('0017-PE-2001', 1)":null,"('0017-PE-2001', 2)":null}}