{"Tipo de Proyecto":{"('0017-OV-2001', 0)":"PROYECTO DE RESOLUCI\u00d3N"},"Iniciado en: ":{"('0017-OV-2001', 0)":"Senado"},"Expediente Senado: ":{"('0017-OV-2001', 0)":"0017-OV-2001"},"Fecha: ":{"('0017-OV-2001', 0)":"18\/11\/2002"},"T\u00edtulo":{"('0017-OV-2001', 0)":"DICTAMEN EN LA RESOLUCION REMITIDA POR LA AUDITORIA GENERAL DE LA NACION SOBRE LOS ESTADOS CONTABLES E INFORMES ESPECIALES REQUERIDOS POR EL BANCO CENTRAL DE LA REPUBLICA ARGENTINA AL 31 DE DICIEMBRE DE 2000 DEL BANCO DE INVERSION Y COMERCIO EXTERIOR SA."},"('Firmantes', 'FIRMANTE')":{"('0017-OV-2001', 0)":"PARLAMENTARIA MIXTA REVISORA DE CUENTAS"},"('Firmantes', 'DISTRITO')":{"('0017-OV-2001', 0)":null},"('Firmantes', 'BLOQUE')":{"('0017-OV-2001', 0)":null},"('Tramites', 'C\u00c1MARA')":{"('0017-OV-2001', 0)":"Senado"},"('Tramites', 'MOVIMIENTO')":{"('0017-OV-2001', 0)":"CONSIDERACION Y APROBACION (AL ARCHIVO)"},"('Tramites', 'FECHA')":{"('0017-OV-2001', 0)":"18\/12\/2002"},"('Tramites', 'RESULTADO')":{"('0017-OV-2001', 0)":"ARCHIVADO"},"Sumario":{"('0017-OV-2001', 0)":"HABIENDO TOMADO CONOCIMIENTO DEL MISMO Y NO CONTENIENDO REQUERIMIENTOS DE ACCION SUBSISTENTES, SE ACONSEJA SU REMISION AL ARCHIVO."},"Palabra Clave":{"('0017-OV-2001', 0)":" "}}