{"Tipo de Proyecto":{"('0018-JGM-2001', 0)":"MENSAJE NRO: 0095\/01","('0018-JGM-2001', 1)":null},"Iniciado en: ":{"('0018-JGM-2001', 0)":"Diputados","('0018-JGM-2001', 1)":null},"Expediente Diputados: ":{"('0018-JGM-2001', 0)":"0018-JGM-2001","('0018-JGM-2001', 1)":null},"Publicado en: ":{"('0018-JGM-2001', 0)":"Tr\u00e1mite Parlamentario N\u00b0 84","('0018-JGM-2001', 1)":null},"Fecha: ":{"('0018-JGM-2001', 0)":"02\/07\/2001","('0018-JGM-2001', 1)":null},"T\u00edtulo":{"('0018-JGM-2001', 0)":"DECRETO 761 DEL 1 DE JUNIO DE 2001, SOBRE CONVENIO PARA MEJORAR LA COMPETITIVIDAD Y LA GENERACION DE EMPLEO, ENTRE EL GOBIERNO NACIONAL, LOS GOBIERNOS PROVINCIALES ADHERIDOS Y EL GOBIERNO DE LA CIUDAD AUTONOMA DE BUENOS AIRES Y LOS REPRESENTANTES EMPRESARIALES Y SINDICALES DE DIVERSOS SECTORES ECONOMICOS.","('0018-JGM-2001', 1)":null},"('Firmantes', 'FIRMANTE')":{"('0018-JGM-2001', 0)":"COLOMBO, CHRYSTIAN","('0018-JGM-2001', 1)":"MESTRE, RAMON"},"('Firmantes', 'DISTRITO')":{"('0018-JGM-2001', 0)":null,"('0018-JGM-2001', 1)":null},"('Firmantes', 'BLOQUE')":{"('0018-JGM-2001', 0)":"PODER EJECUTIVO","('0018-JGM-2001', 1)":"PODER EJECUTIVO"},"('Giros', 'COMISI\u00d3N')":{"('0018-JGM-2001', 0)":"BICAMERAL SEGUIMIENTO LEY 25414 (DELEGACION DE FACULTADES)","('0018-JGM-2001', 1)":null},"Sumario":{"('0018-JGM-2001', 0)":"SE COMUNICA EL DICTADO DEL MISMO.","('0018-JGM-2001', 1)":null},"Palabra Clave":{"('0018-JGM-2001', 0)":" ","('0018-JGM-2001', 1)":null}}