{"Tipo de Proyecto":{"('0019-S-2001', 0)":"COMUNICACION"},"Iniciado en: ":{"('0019-S-2001', 0)":"Senado"},"Expediente Senado: ":{"('0019-S-2001', 0)":"0019-S-2001"},"Publicado en: ":{"('0019-S-2001', 0)":"Diario de Asuntos Entrados N\u00b0 2"},"Fecha: ":{"('0019-S-2001', 0)":"02\/03\/2001"},"T\u00edtulo":{"('0019-S-2001', 0)":"SUBSIDIO A LA ASOCIACION DE BOMBEROS VOLUNTARIOS DE SALADAS, PROVINCIA DE CORRIENTES."},"('Firmantes', 'FIRMANTE')":{"('0019-S-2001', 0)":"PRUYAS, TOMAS RUBEN"},"('Firmantes', 'DISTRITO')":{"('0019-S-2001', 0)":"CORRIENTES"},"('Firmantes', 'BLOQUE')":{"('0019-S-2001', 0)":"JUSTICIALISTA"},"('Tramites', 'C\u00c1MARA')":{"('0019-S-2001', 0)":"Senado"},"('Tramites', 'MOVIMIENTO')":{"('0019-S-2001', 0)":"CONSIDERACION Y APROBACION"},"('Tramites', 'FECHA')":{"('0019-S-2001', 0)":"04\/04\/2001"},"('Tramites', 'RESULTADO')":{"('0019-S-2001', 0)":"APROBADO"},"Sumario":{"('0019-S-2001', 0)":"SOLICITUD AL PODER EJECUTIVO NACIONAL."},"Palabra Clave":{"('0019-S-2001', 0)":" "}}