{"Tipo de Proyecto":{"('0020-JGM-2001', 0)":"MENSAJE NRO: 0095\/01","('0020-JGM-2001', 1)":null},"Iniciado en: ":{"('0020-JGM-2001', 0)":"Diputados","('0020-JGM-2001', 1)":null},"Expediente Diputados: ":{"('0020-JGM-2001', 0)":"0020-JGM-2001","('0020-JGM-2001', 1)":null},"Publicado en: ":{"('0020-JGM-2001', 0)":"Tr\u00e1mite Parlamentario N\u00b0 84","('0020-JGM-2001', 1)":null},"Fecha: ":{"('0020-JGM-2001', 0)":"02\/07\/2001","('0020-JGM-2001', 1)":null},"T\u00edtulo":{"('0020-JGM-2001', 0)":"DECRETO 802 DEL 15 DE JUNIO DE 2001, POR EL CUAL SE AUMENTA EN UN VEINTICINCO POR CIENTO (25%), EL MONTO DEL IMPUESTO SOBRE LA TRANSFERENCIA ESTABLECIDO EN EL ARTICULO 1 DEL CAPITULO 1 DEL TITULO III DE LA LEY 23966.","('0020-JGM-2001', 1)":null},"('Firmantes', 'FIRMANTE')":{"('0020-JGM-2001', 0)":"COLOMBO, CHRYSTIAN","('0020-JGM-2001', 1)":"MESTRE, RAMON"},"('Firmantes', 'DISTRITO')":{"('0020-JGM-2001', 0)":null,"('0020-JGM-2001', 1)":null},"('Firmantes', 'BLOQUE')":{"('0020-JGM-2001', 0)":"PODER EJECUTIVO","('0020-JGM-2001', 1)":"PODER EJECUTIVO"},"('Giros', 'COMISI\u00d3N')":{"('0020-JGM-2001', 0)":"BICAMERAL SEGUIMIENTO LEY 25414 (DELEGACION DE FACULTADES)","('0020-JGM-2001', 1)":null},"Sumario":{"('0020-JGM-2001', 0)":"SE COMUNICA EL DICTADO DEL MISMO.","('0020-JGM-2001', 1)":null},"Palabra Clave":{"('0020-JGM-2001', 0)":" ","('0020-JGM-2001', 1)":null}}