{"Tipo de Proyecto":{"('0021-PE-2001', 0)":"MENSAJE NRO: 0897\/01","('0021-PE-2001', 1)":null,"('0021-PE-2001', 2)":null},"Iniciado en: ":{"('0021-PE-2001', 0)":"Diputados","('0021-PE-2001', 1)":null,"('0021-PE-2001', 2)":null},"Expediente Diputados: ":{"('0021-PE-2001', 0)":"0021-PE-2001","('0021-PE-2001', 1)":null,"('0021-PE-2001', 2)":null},"Publicado en: ":{"('0021-PE-2001', 0)":"Tr\u00e1mite Parlamentario N\u00b0 91","('0021-PE-2001', 1)":null,"('0021-PE-2001', 2)":null},"Fecha: ":{"('0021-PE-2001', 0)":"12\/07\/2001","('0021-PE-2001', 1)":null,"('0021-PE-2001', 2)":null},"T\u00edtulo":{"('0021-PE-2001', 0)":"DECRETO 896\/01 POR EL CUAL SE MODIFICA EL ARTICULO 34 DE LA LEY 24156, DE ADMINISTRACION FINANCIERA Y CONTROL DE GESTION DEL SECTOR PUBLICO NACIONAL.","('0021-PE-2001', 1)":null,"('0021-PE-2001', 2)":null},"('Firmantes', 'FIRMANTE')":{"('0021-PE-2001', 0)":"DE LA RUA, FERNANDO","('0021-PE-2001', 1)":"COLOMBO, CHRYSTIAN","('0021-PE-2001', 2)":"CAVALLO, DOMINGO FELIPE"},"('Firmantes', 'DISTRITO')":{"('0021-PE-2001', 0)":null,"('0021-PE-2001', 1)":null,"('0021-PE-2001', 2)":null},"('Firmantes', 'BLOQUE')":{"('0021-PE-2001', 0)":"PODER EJECUTIVO","('0021-PE-2001', 1)":"PODER EJECUTIVO","('0021-PE-2001', 2)":"PODER EJECUTIVO"},"('Giros', 'COMISI\u00d3N')":{"('0021-PE-2001', 0)":"BICAMERAL SEGUIMIENTO LEY 25414 (DELEGACION DE FACULTADES)","('0021-PE-2001', 1)":null,"('0021-PE-2001', 2)":null},"('Tramites', 'C\u00c1MARA')":{"('0021-PE-2001', 0)":"Diputados","('0021-PE-2001', 1)":null,"('0021-PE-2001', 2)":null},"('Tramites', 'MOVIMIENTO')":{"('0021-PE-2001', 0)":"RESOLUCION PRESIDENCIA CAMBIO DE GIRO A LAS COMISIONES DE PRESUPUESTO Y HACIENDA, LEGISLACION DEL TRABAJO, PREVISION Y SEGURIDAD SOCIAL, ANALISIS Y SEGUIMIENTO DE NORMAS TRIBUTARIAS, Y DE ASUNTOS CONSTITUCIONALES (BAE 20\/01)","('0021-PE-2001', 1)":null,"('0021-PE-2001', 2)":null},"('Tramites', 'FECHA')":{"('0021-PE-2001', 0)":"15\/08\/2001","('0021-PE-2001', 1)":null,"('0021-PE-2001', 2)":null},"('Tramites', 'RESULTADO')":{"('0021-PE-2001', 0)":null,"('0021-PE-2001', 1)":null,"('0021-PE-2001', 2)":null},"Sumario":{"('0021-PE-2001', 0)":"COMUNICACION DEL DICTADO DEL MISMO","('0021-PE-2001', 1)":null,"('0021-PE-2001', 2)":null},"Palabra Clave":{"('0021-PE-2001', 0)":" ","('0021-PE-2001', 1)":null,"('0021-PE-2001', 2)":null}}