{"Tipo de Proyecto":{"('0021-S-2001', 0)":"COMUNICACION"},"Iniciado en: ":{"('0021-S-2001', 0)":"Senado"},"Expediente Senado: ":{"('0021-S-2001', 0)":"0021-S-2001"},"Publicado en: ":{"('0021-S-2001', 0)":"Diario de Asuntos Entrados N\u00b0 2"},"Fecha: ":{"('0021-S-2001', 0)":"02\/03\/2001"},"T\u00edtulo":{"('0021-S-2001', 0)":"REALIZACION DE UNA CAMPA\u00d1A PUBLICITARIA INTERNACIONAL DESTACANDO LAS BONDADES DE LA CARNE ARGENTINA."},"('Firmantes', 'FIRMANTE')":{"('0021-S-2001', 0)":"BAUZA, EDUARDO"},"('Firmantes', 'DISTRITO')":{"('0021-S-2001', 0)":"MENDOZA"},"('Firmantes', 'BLOQUE')":{"('0021-S-2001', 0)":"JUSTICIALISTA"},"('Tramites', 'C\u00c1MARA')":{"('0021-S-2001', 0)":"Senado"},"('Tramites', 'MOVIMIENTO')":{"('0021-S-2001', 0)":"CONSIDERACION Y APROBACION"},"('Tramites', 'FECHA')":{"('0021-S-2001', 0)":"13\/06\/2001"},"('Tramites', 'RESULTADO')":{"('0021-S-2001', 0)":"APROBADO"},"Sumario":{"('0021-S-2001', 0)":"SOLICITUD AL PODER EJECUTIVO NACIONAL."},"Palabra Clave":{"('0021-S-2001', 0)":" "}}