{"Tipo de Proyecto":{"('0022-S-2001', 0)":"COMUNICACION","('0022-S-2001', 1)":null},"Iniciado en: ":{"('0022-S-2001', 0)":"Senado","('0022-S-2001', 1)":null},"Expediente Senado: ":{"('0022-S-2001', 0)":"0022-S-2001","('0022-S-2001', 1)":null},"Publicado en: ":{"('0022-S-2001', 0)":"Diario de Asuntos Entrados N\u00b0 2","('0022-S-2001', 1)":null},"Fecha: ":{"('0022-S-2001', 0)":"02\/03\/2001","('0022-S-2001', 1)":null},"T\u00edtulo":{"('0022-S-2001', 0)":"DECLARAR ZONA DE EMERGENCIA AGROPECUARIA A DIVERSOS DISTRITOS DE LA PROVINCIA DE MENDOZA.","('0022-S-2001', 1)":null},"('Firmantes', 'FIRMANTE')":{"('0022-S-2001', 0)":"BAUZA, EDUARDO","('0022-S-2001', 1)":null},"('Firmantes', 'DISTRITO')":{"('0022-S-2001', 0)":"MENDOZA","('0022-S-2001', 1)":null},"('Firmantes', 'BLOQUE')":{"('0022-S-2001', 0)":"JUSTICIALISTA","('0022-S-2001', 1)":null},"('Tramites', 'C\u00c1MARA')":{"('0022-S-2001', 0)":"Senado","('0022-S-2001', 1)":"Senado"},"('Tramites', 'MOVIMIENTO')":{"('0022-S-2001', 0)":"CONSIDERACION Y APROBACION","('0022-S-2001', 1)":"CONTESTACION DEL PODER EJECUTIVO NACIONAL - (0726-PE-01); GIRADA A LA COMISION RESPECTIVA"},"('Tramites', 'FECHA')":{"('0022-S-2001', 0)":"03\/05\/2001","('0022-S-2001', 1)":null},"('Tramites', 'RESULTADO')":{"('0022-S-2001', 0)":"APROBADO","('0022-S-2001', 1)":null},"Sumario":{"('0022-S-2001', 0)":"SOLICITUD AL PODER EJECUTIVO NACIONAL.","('0022-S-2001', 1)":null},"Palabra Clave":{"('0022-S-2001', 0)":" ","('0022-S-2001', 1)":null}}