{"Tipo de Proyecto":{"('0023-JGM-2001', 0)":"MENSAJE NRO: 0095\/01","('0023-JGM-2001', 1)":null},"Iniciado en: ":{"('0023-JGM-2001', 0)":"Diputados","('0023-JGM-2001', 1)":null},"Expediente Diputados: ":{"('0023-JGM-2001', 0)":"0023-JGM-2001","('0023-JGM-2001', 1)":null},"Publicado en: ":{"('0023-JGM-2001', 0)":"Tr\u00e1mite Parlamentario N\u00b0 84","('0023-JGM-2001', 1)":null},"Fecha: ":{"('0023-JGM-2001', 0)":"02\/07\/2001","('0023-JGM-2001', 1)":null},"T\u00edtulo":{"('0023-JGM-2001', 0)":"DECRETO 845 DEL 22 DE JUNIO DE 2001, POR EL CUAL SE MODIFICA LA LEY DEL IMPUESTO AL VALOR AGREGADO, TEXTO ORDENADO 1997, Y SUS MODIFICATORIAS; DEROGACION DEL ARTICULO 3 DEL DECRETO 761\/01.","('0023-JGM-2001', 1)":null},"('Firmantes', 'FIRMANTE')":{"('0023-JGM-2001', 0)":"COLOMBO, CHRYSTIAN","('0023-JGM-2001', 1)":"MESTRE, RAMON"},"('Firmantes', 'DISTRITO')":{"('0023-JGM-2001', 0)":null,"('0023-JGM-2001', 1)":null},"('Firmantes', 'BLOQUE')":{"('0023-JGM-2001', 0)":"PODER EJECUTIVO","('0023-JGM-2001', 1)":"PODER EJECUTIVO"},"('Giros', 'COMISI\u00d3N')":{"('0023-JGM-2001', 0)":"BICAMERAL SEGUIMIENTO LEY 25414 (DELEGACION DE FACULTADES)","('0023-JGM-2001', 1)":null},"Sumario":{"('0023-JGM-2001', 0)":"SE COMUNICA EL DICTADO DEL MISMO.","('0023-JGM-2001', 1)":null},"Palabra Clave":{"('0023-JGM-2001', 0)":" ","('0023-JGM-2001', 1)":null}}