{"Tipo de Proyecto":{"('0023-PE-2001', 0)":"MENSAJE NRO: 0921\/01 Y PROYECTO DE LEY","('0023-PE-2001', 1)":null,"('0023-PE-2001', 2)":null,"('0023-PE-2001', 3)":null,"('0023-PE-2001', 4)":null,"('0023-PE-2001', 5)":null,"('0023-PE-2001', 6)":null,"('0023-PE-2001', 7)":null,"('0023-PE-2001', 8)":null,"('0023-PE-2001', 9)":null,"('0023-PE-2001', 10)":null,"('0023-PE-2001', 11)":null,"('0023-PE-2001', 12)":null,"('0023-PE-2001', 13)":null,"('0023-PE-2001', 14)":null},"Iniciado en: ":{"('0023-PE-2001', 0)":"Diputados","('0023-PE-2001', 1)":null,"('0023-PE-2001', 2)":null,"('0023-PE-2001', 3)":null,"('0023-PE-2001', 4)":null,"('0023-PE-2001', 5)":null,"('0023-PE-2001', 6)":null,"('0023-PE-2001', 7)":null,"('0023-PE-2001', 8)":null,"('0023-PE-2001', 9)":null,"('0023-PE-2001', 10)":null,"('0023-PE-2001', 11)":null,"('0023-PE-2001', 12)":null,"('0023-PE-2001', 13)":null,"('0023-PE-2001', 14)":null},"Expediente Diputados: ":{"('0023-PE-2001', 0)":"0023-PE-2001","('0023-PE-2001', 1)":null,"('0023-PE-2001', 2)":null,"('0023-PE-2001', 3)":null,"('0023-PE-2001', 4)":null,"('0023-PE-2001', 5)":null,"('0023-PE-2001', 6)":null,"('0023-PE-2001', 7)":null,"('0023-PE-2001', 8)":null,"('0023-PE-2001', 9)":null,"('0023-PE-2001', 10)":null,"('0023-PE-2001', 11)":null,"('0023-PE-2001', 12)":null,"('0023-PE-2001', 13)":null,"('0023-PE-2001', 14)":null},"Expediente Senado: ":{"('0023-PE-2001', 0)":"0068-CD-2001","('0023-PE-2001', 1)":null,"('0023-PE-2001', 2)":null,"('0023-PE-2001', 3)":null,"('0023-PE-2001', 4)":null,"('0023-PE-2001', 5)":null,"('0023-PE-2001', 6)":null,"('0023-PE-2001', 7)":null,"('0023-PE-2001', 8)":null,"('0023-PE-2001', 9)":null,"('0023-PE-2001', 10)":null,"('0023-PE-2001', 11)":null,"('0023-PE-2001', 12)":null,"('0023-PE-2001', 13)":null,"('0023-PE-2001', 14)":null},"Publicado en: ":{"('0023-PE-2001', 0)":"Tr\u00e1mite Parlamentario N\u00b0 94","('0023-PE-2001', 1)":null,"('0023-PE-2001', 2)":null,"('0023-PE-2001', 3)":null,"('0023-PE-2001', 4)":null,"('0023-PE-2001', 5)":null,"('0023-PE-2001', 6)":null,"('0023-PE-2001', 7)":null,"('0023-PE-2001', 8)":null,"('0023-PE-2001', 9)":null,"('0023-PE-2001', 10)":null,"('0023-PE-2001', 11)":null,"('0023-PE-2001', 12)":null,"('0023-PE-2001', 13)":null,"('0023-PE-2001', 14)":null},"Fecha: ":{"('0023-PE-2001', 0)":"17\/07\/2001","('0023-PE-2001', 1)":null,"('0023-PE-2001', 2)":null,"('0023-PE-2001', 3)":null,"('0023-PE-2001', 4)":null,"('0023-PE-2001', 5)":null,"('0023-PE-2001', 6)":null,"('0023-PE-2001', 7)":null,"('0023-PE-2001', 8)":null,"('0023-PE-2001', 9)":null,"('0023-PE-2001', 10)":null,"('0023-PE-2001', 11)":null,"('0023-PE-2001', 12)":null,"('0023-PE-2001', 13)":null,"('0023-PE-2001', 14)":null},"T\u00edtulo":{"('0023-PE-2001', 0)":"MODIFICACION A LA LEY DE IMPUESTO AL VALOR AGREGADO, TEXTO ORDENADO 1997 Y SUS MODIFICACIONES.","('0023-PE-2001', 1)":null,"('0023-PE-2001', 2)":null,"('0023-PE-2001', 3)":null,"('0023-PE-2001', 4)":null,"('0023-PE-2001', 5)":null,"('0023-PE-2001', 6)":null,"('0023-PE-2001', 7)":null,"('0023-PE-2001', 8)":null,"('0023-PE-2001', 9)":null,"('0023-PE-2001', 10)":null,"('0023-PE-2001', 11)":null,"('0023-PE-2001', 12)":null,"('0023-PE-2001', 13)":null,"('0023-PE-2001', 14)":null},"('Firmantes', 'FIRMANTE')":{"('0023-PE-2001', 0)":"DE LA RUA, FERNANDO","('0023-PE-2001', 1)":"COLOMBO, CHRYSTIAN","('0023-PE-2001', 2)":"CAVALLO, DOMINGO FELIPE","('0023-PE-2001', 3)":null,"('0023-PE-2001', 4)":null,"('0023-PE-2001', 5)":null,"('0023-PE-2001', 6)":null,"('0023-PE-2001', 7)":null,"('0023-PE-2001', 8)":null,"('0023-PE-2001', 9)":null,"('0023-PE-2001', 10)":null,"('0023-PE-2001', 11)":null,"('0023-PE-2001', 12)":null,"('0023-PE-2001', 13)":null,"('0023-PE-2001', 14)":null},"('Firmantes', 'DISTRITO')":{"('0023-PE-2001', 0)":null,"('0023-PE-2001', 1)":null,"('0023-PE-2001', 2)":null,"('0023-PE-2001', 3)":null,"('0023-PE-2001', 4)":null,"('0023-PE-2001', 5)":null,"('0023-PE-2001', 6)":null,"('0023-PE-2001', 7)":null,"('0023-PE-2001', 8)":null,"('0023-PE-2001', 9)":null,"('0023-PE-2001', 10)":null,"('0023-PE-2001', 11)":null,"('0023-PE-2001', 12)":null,"('0023-PE-2001', 13)":null,"('0023-PE-2001', 14)":null},"('Firmantes', 'BLOQUE')":{"('0023-PE-2001', 0)":"PODER EJECUTIVO","('0023-PE-2001', 1)":"PODER EJECUTIVO","('0023-PE-2001', 2)":"PODER EJECUTIVO","('0023-PE-2001', 3)":null,"('0023-PE-2001', 4)":null,"('0023-PE-2001', 5)":null,"('0023-PE-2001', 6)":null,"('0023-PE-2001', 7)":null,"('0023-PE-2001', 8)":null,"('0023-PE-2001', 9)":null,"('0023-PE-2001', 10)":null,"('0023-PE-2001', 11)":null,"('0023-PE-2001', 12)":null,"('0023-PE-2001', 13)":null,"('0023-PE-2001', 14)":null},"('Giros', 'COMISI\u00d3N')":{"('0023-PE-2001', 0)":"PRESUPUESTO Y HACIENDA","('0023-PE-2001', 1)":null,"('0023-PE-2001', 2)":null,"('0023-PE-2001', 3)":null,"('0023-PE-2001', 4)":null,"('0023-PE-2001', 5)":null,"('0023-PE-2001', 6)":null,"('0023-PE-2001', 7)":null,"('0023-PE-2001', 8)":null,"('0023-PE-2001', 9)":null,"('0023-PE-2001', 10)":null,"('0023-PE-2001', 11)":null,"('0023-PE-2001', 12)":null,"('0023-PE-2001', 13)":null,"('0023-PE-2001', 14)":null},"('Tramites', 'C\u00c1MARA')":{"('0023-PE-2001', 0)":"Diputados","('0023-PE-2001', 1)":"Diputados","('0023-PE-2001', 2)":"Diputados","('0023-PE-2001', 3)":"Diputados","('0023-PE-2001', 4)":"Senado","('0023-PE-2001', 5)":"Senado","('0023-PE-2001', 6)":"Senado","('0023-PE-2001', 7)":"Senado","('0023-PE-2001', 8)":"Senado","('0023-PE-2001', 9)":"Senado","('0023-PE-2001', 10)":"Senado","('0023-PE-2001', 11)":"Senado","('0023-PE-2001', 12)":"Senado","('0023-PE-2001', 13)":"Senado","('0023-PE-2001', 14)":"Senado"},"('Tramites', 'MOVIMIENTO')":{"('0023-PE-2001', 0)":"CITACION SESION ESPECIAL","('0023-PE-2001', 1)":"MOCION SOBRE TABLAS (AFIRMATIVA)","('0023-PE-2001', 2)":"CONSIDERACION Y APROBACION CON MODIFICACIONES (VOTACIONES NOMINALES)","('0023-PE-2001', 3)":"INSERCIONES","('0023-PE-2001', 4)":"PASA A SENADO - (DAE 68 - 24\/07\/2001)","('0023-PE-2001', 5)":"MOCION SOBRE TABLAS (NEGATIVA)","('0023-PE-2001', 6)":"MOCION DE PREFERENCIA PARA LA PROXIMA SESION CON O SIN DICTAMEN (NEGATIVA)","('0023-PE-2001', 7)":"MOCION DE PREFERENCIA PARA LA PROXIMA SESION CON DICTAMEN (AFIRMATIVA)","('0023-PE-2001', 8)":"CITACION SESION ESPECIAL","('0023-PE-2001', 9)":"MOCION SOBRE TABLAS (AFIRMATIVA)","('0023-PE-2001', 10)":"CONSIDERACION Y APROBACION EN GENERAL","('0023-PE-2001', 11)":"CONTINUA CONSIDERACION - VOTACION EN PARTICULAR DEL ARTICULO 10 (EMPATE) - VOTO DEL PRESIDENTE POR LA AFIRMATIVA (ARTICULO 34 REGLAMENTO H SENADO)","('0023-PE-2001', 12)":"CONSIDERACION Y SANCION","('0023-PE-2001', 13)":"INSERCIONES","('0023-PE-2001', 14)":"CUESTION REGLAMENTARIA REFERIDA A LA APROBACIOS DEL PROYECTO, MAYORIAS REQUERIDAS Y EMPATE DE LA VOTACION"},"('Tramites', 'FECHA')":{"('0023-PE-2001', 0)":"20\/07\/2001","('0023-PE-2001', 1)":"20\/07\/2001","('0023-PE-2001', 2)":"20\/07\/2001","('0023-PE-2001', 3)":"20\/07\/2001","('0023-PE-2001', 4)":null,"('0023-PE-2001', 5)":"25\/07\/2001","('0023-PE-2001', 6)":"25\/07\/2001","('0023-PE-2001', 7)":"25\/07\/2001","('0023-PE-2001', 8)":"29\/07\/2001","('0023-PE-2001', 9)":"29\/07\/2001","('0023-PE-2001', 10)":"29\/07\/2001","('0023-PE-2001', 11)":"29\/07\/2001","('0023-PE-2001', 12)":"29\/07\/2001","('0023-PE-2001', 13)":"29\/07\/2001","('0023-PE-2001', 14)":"15\/08\/2001"},"('Tramites', 'RESULTADO')":{"('0023-PE-2001', 0)":null,"('0023-PE-2001', 1)":null,"('0023-PE-2001', 2)":"MEDIA SANCION","('0023-PE-2001', 3)":null,"('0023-PE-2001', 4)":null,"('0023-PE-2001', 5)":null,"('0023-PE-2001', 6)":null,"('0023-PE-2001', 7)":null,"('0023-PE-2001', 8)":null,"('0023-PE-2001', 9)":null,"('0023-PE-2001', 10)":null,"('0023-PE-2001', 11)":null,"('0023-PE-2001', 12)":"SANCIONADO","('0023-PE-2001', 13)":null,"('0023-PE-2001', 14)":null},"Sumario":{"('0023-PE-2001', 0)":"ESTABLECESE UN IMPUESTO EN TODO EL TERRITORIO NACIONAL QUE SE APLICARA EN EL MOMENTO DE LA PERCEPCION DINERARIA; RATIFICASE LA VIGENCIA DEL INCISO L) DEL ARTICULO 1 DEL DECRETO 493\/01; IMPUESTO SOBRE CREDITOS Y DEBITOS EN CUENTAS BANCARIAS Y OTRAS OPERATORIAS; SUSTITUCION DEL ARTICULO 1 DE LA LEY 25413 (LEY DE COMPETITIVIDAD: FIJACION DE LA ALICUOTA HASTA UN MAXIMO DEL SEIS POR MIL); FACULTASE AL PODER EJECUTIVO NACIONAL PARA CREAR UN REGIMEN ESPECIAL DE DETERMINACION PARA LAS ENTIDADES FINANCIERAS ALUDIDAS; SUSTITUCION DEL ARTICULO 2 DE LA LEY 25413 (EXENCIONES).","('0023-PE-2001', 1)":null,"('0023-PE-2001', 2)":null,"('0023-PE-2001', 3)":null,"('0023-PE-2001', 4)":null,"('0023-PE-2001', 5)":null,"('0023-PE-2001', 6)":null,"('0023-PE-2001', 7)":null,"('0023-PE-2001', 8)":null,"('0023-PE-2001', 9)":null,"('0023-PE-2001', 10)":null,"('0023-PE-2001', 11)":null,"('0023-PE-2001', 12)":null,"('0023-PE-2001', 13)":null,"('0023-PE-2001', 14)":null},"Palabra Clave":{"('0023-PE-2001', 0)":" ","('0023-PE-2001', 1)":null,"('0023-PE-2001', 2)":null,"('0023-PE-2001', 3)":null,"('0023-PE-2001', 4)":null,"('0023-PE-2001', 5)":null,"('0023-PE-2001', 6)":null,"('0023-PE-2001', 7)":null,"('0023-PE-2001', 8)":null,"('0023-PE-2001', 9)":null,"('0023-PE-2001', 10)":null,"('0023-PE-2001', 11)":null,"('0023-PE-2001', 12)":null,"('0023-PE-2001', 13)":null,"('0023-PE-2001', 14)":null}}