{"Tipo de Proyecto":{"('0023-S-2001', 0)":"COMUNICACION","('0023-S-2001', 1)":null},"Iniciado en: ":{"('0023-S-2001', 0)":"Senado","('0023-S-2001', 1)":null},"Expediente Senado: ":{"('0023-S-2001', 0)":"0023-S-2001","('0023-S-2001', 1)":null},"Publicado en: ":{"('0023-S-2001', 0)":"Diario de Asuntos Entrados N\u00b0 2","('0023-S-2001', 1)":null},"Fecha: ":{"('0023-S-2001', 0)":"02\/03\/2001","('0023-S-2001', 1)":null},"T\u00edtulo":{"('0023-S-2001', 0)":"DECLARAR LA EMERGENCIA AGROPECUARIA EN EL DEPARTAMENTO DE GENERAL ALVEAR, PROVINCIA DE MENDOZA.","('0023-S-2001', 1)":null},"('Firmantes', 'FIRMANTE')":{"('0023-S-2001', 0)":"BAUZA, EDUARDO","('0023-S-2001', 1)":null},"('Firmantes', 'DISTRITO')":{"('0023-S-2001', 0)":"MENDOZA","('0023-S-2001', 1)":null},"('Firmantes', 'BLOQUE')":{"('0023-S-2001', 0)":"JUSTICIALISTA","('0023-S-2001', 1)":null},"('Tramites', 'C\u00c1MARA')":{"('0023-S-2001', 0)":"Senado","('0023-S-2001', 1)":"Senado"},"('Tramites', 'MOVIMIENTO')":{"('0023-S-2001', 0)":"CONSIDERACION Y APROBACION","('0023-S-2001', 1)":"CONTESTACION DEL PODER EJECUTIVO NACIONAL - (0664-PE-01); GIRADA A LA COMISION RESPECTIVA"},"('Tramites', 'FECHA')":{"('0023-S-2001', 0)":"04\/04\/2001","('0023-S-2001', 1)":null},"('Tramites', 'RESULTADO')":{"('0023-S-2001', 0)":"APROBADO","('0023-S-2001', 1)":null},"Sumario":{"('0023-S-2001', 0)":"SOLICITUD AL PODER EJECUTIVO NACIONAL.","('0023-S-2001', 1)":null},"Palabra Clave":{"('0023-S-2001', 0)":" ","('0023-S-2001', 1)":null}}