{"Tipo de Proyecto":{"('0024-PE-2001', 0)":"MENSAJE NRO: 0920\/01","('0024-PE-2001', 1)":null,"('0024-PE-2001', 2)":null,"('0024-PE-2001', 3)":null},"Iniciado en: ":{"('0024-PE-2001', 0)":"Diputados","('0024-PE-2001', 1)":null,"('0024-PE-2001', 2)":null,"('0024-PE-2001', 3)":null},"Expediente Diputados: ":{"('0024-PE-2001', 0)":"0024-PE-2001","('0024-PE-2001', 1)":null,"('0024-PE-2001', 2)":null,"('0024-PE-2001', 3)":null},"Publicado en: ":{"('0024-PE-2001', 0)":"Tr\u00e1mite Parlamentario N\u00b0 94","('0024-PE-2001', 1)":null,"('0024-PE-2001', 2)":null,"('0024-PE-2001', 3)":null},"Fecha: ":{"('0024-PE-2001', 0)":"17\/07\/2001","('0024-PE-2001', 1)":null,"('0024-PE-2001', 2)":null,"('0024-PE-2001', 3)":null},"T\u00edtulo":{"('0024-PE-2001', 0)":"COMUNICACION DEL DECRETO 919\/2001 OBSERVANDO EL PROYECTO DE LEY 25435 QUE DECLARA DE UTILIDAD PUBLICA Y SUJETO A EXPROPIACION UN INMUEBLE CON DESTINO AL PODER JUDICIAL UBICADO EN LA CIUDAD AUTONOMA DE BUENOS AIRES.","('0024-PE-2001', 1)":null,"('0024-PE-2001', 2)":null,"('0024-PE-2001', 3)":null},"('Firmantes', 'FIRMANTE')":{"('0024-PE-2001', 0)":"DE LA RUA, FERNANDO","('0024-PE-2001', 1)":"COLOMBO, CHRYSTIAN","('0024-PE-2001', 2)":"CAVALLO, DOMINGO FELIPE","('0024-PE-2001', 3)":"BASTOS, CARLOS"},"('Firmantes', 'DISTRITO')":{"('0024-PE-2001', 0)":null,"('0024-PE-2001', 1)":null,"('0024-PE-2001', 2)":null,"('0024-PE-2001', 3)":null},"('Firmantes', 'BLOQUE')":{"('0024-PE-2001', 0)":"PODER EJECUTIVO","('0024-PE-2001', 1)":"PODER EJECUTIVO","('0024-PE-2001', 2)":"PODER EJECUTIVO","('0024-PE-2001', 3)":"PODER EJECUTIVO"},"('Giros', 'COMISI\u00d3N')":{"('0024-PE-2001', 0)":"LEGISLACION GENERAL","('0024-PE-2001', 1)":"JUSTICIA","('0024-PE-2001', 2)":"ASUNTOS CONSTITUCIONALES","('0024-PE-2001', 3)":null},"('Tramites', 'C\u00c1MARA')":{"('0024-PE-2001', 0)":"Diputados","('0024-PE-2001', 1)":null,"('0024-PE-2001', 2)":null,"('0024-PE-2001', 3)":null},"('Tramites', 'MOVIMIENTO')":{"('0024-PE-2001', 0)":"VER TRAMITE DE LA INSISTENCIA EN EXPEDIENTE 7620-D-00","('0024-PE-2001', 1)":null,"('0024-PE-2001', 2)":null,"('0024-PE-2001', 3)":null},"('Tramites', 'FECHA')":{"('0024-PE-2001', 0)":null,"('0024-PE-2001', 1)":null,"('0024-PE-2001', 2)":null,"('0024-PE-2001', 3)":null},"('Tramites', 'RESULTADO')":{"('0024-PE-2001', 0)":null,"('0024-PE-2001', 1)":null,"('0024-PE-2001', 2)":null,"('0024-PE-2001', 3)":null},"Palabra Clave":{"('0024-PE-2001', 0)":" ","('0024-PE-2001', 1)":null,"('0024-PE-2001', 2)":null,"('0024-PE-2001', 3)":null}}