{"Tipo de Proyecto":{"('0024-JGM-2001', 0)":"MENSAJE NRO: 0095\/01","('0024-JGM-2001', 1)":null},"Iniciado en: ":{"('0024-JGM-2001', 0)":"Diputados","('0024-JGM-2001', 1)":null},"Expediente Diputados: ":{"('0024-JGM-2001', 0)":"0024-JGM-2001","('0024-JGM-2001', 1)":null},"Publicado en: ":{"('0024-JGM-2001', 0)":"Tr\u00e1mite Parlamentario N\u00b0 84","('0024-JGM-2001', 1)":null},"Fecha: ":{"('0024-JGM-2001', 0)":"02\/07\/2001","('0024-JGM-2001', 1)":null},"T\u00edtulo":{"('0024-JGM-2001', 0)":"DECRETO 860 DEL 29 DE JUNIO DE 2001, POR EL CUAL SE SUSTITUYEN LOS INCISOS B) Y C) DEL ARTICULO 23 DE LA LEY DE IMPUESTO A LAS GANANCIAS, TEXTO ORDENADO 1997.","('0024-JGM-2001', 1)":null},"('Firmantes', 'FIRMANTE')":{"('0024-JGM-2001', 0)":"COLOMBO, CHRYSTIAN","('0024-JGM-2001', 1)":"MESTRE, RAMON"},"('Firmantes', 'DISTRITO')":{"('0024-JGM-2001', 0)":null,"('0024-JGM-2001', 1)":null},"('Firmantes', 'BLOQUE')":{"('0024-JGM-2001', 0)":"PODER EJECUTIVO","('0024-JGM-2001', 1)":"PODER EJECUTIVO"},"('Giros', 'COMISI\u00d3N')":{"('0024-JGM-2001', 0)":"BICAMERAL SEGUIMIENTO LEY 25414 (DELEGACION DE FACULTADES)","('0024-JGM-2001', 1)":null},"Sumario":{"('0024-JGM-2001', 0)":"SE COMUNICA EL DICTADO DEL MISMO.","('0024-JGM-2001', 1)":null},"Palabra Clave":{"('0024-JGM-2001', 0)":" ","('0024-JGM-2001', 1)":null}}