{"Tipo de Proyecto":{"('0025-JGM-2001', 0)":"MENSAJE NRO: 0095\/01","('0025-JGM-2001', 1)":null},"Iniciado en: ":{"('0025-JGM-2001', 0)":"Diputados","('0025-JGM-2001', 1)":null},"Expediente Diputados: ":{"('0025-JGM-2001', 0)":"0025-JGM-2001","('0025-JGM-2001', 1)":null},"Publicado en: ":{"('0025-JGM-2001', 0)":"Tr\u00e1mite Parlamentario N\u00b0 84","('0025-JGM-2001', 1)":null},"Fecha: ":{"('0025-JGM-2001', 0)":"02\/07\/2001","('0025-JGM-2001', 1)":null},"T\u00edtulo":{"('0025-JGM-2001', 0)":"DECRETO 862 DEL 29 DE JUNIO DE 2001, POR EL CUAL SE SUSTITUYEN LOS ARTICULOS 14 Y 15 DE LA LEY  25188, SOBRE GENERAR RESTRICCIONES PARA QUE LAS PERSONAS CALIFICADAS ACCEDAN A FUNCIONES DESTACADAS EN LA ADMINISTRACION PUBLICA NACIONAL O EMPRESAS ESTATALES.","('0025-JGM-2001', 1)":null},"('Firmantes', 'FIRMANTE')":{"('0025-JGM-2001', 0)":"COLOMBO, CHRYSTIAN","('0025-JGM-2001', 1)":"MESTRE, RAMON"},"('Firmantes', 'DISTRITO')":{"('0025-JGM-2001', 0)":null,"('0025-JGM-2001', 1)":null},"('Firmantes', 'BLOQUE')":{"('0025-JGM-2001', 0)":"PODER EJECUTIVO","('0025-JGM-2001', 1)":"PODER EJECUTIVO"},"('Giros', 'COMISI\u00d3N')":{"('0025-JGM-2001', 0)":"BICAMERAL SEGUIMIENTO LEY 25414 (DELEGACION DE FACULTADES)","('0025-JGM-2001', 1)":null},"Sumario":{"('0025-JGM-2001', 0)":"SE COMUNICA EL DICTADO DEL MISMO.","('0025-JGM-2001', 1)":null},"Palabra Clave":{"('0025-JGM-2001', 0)":" ","('0025-JGM-2001', 1)":null}}