{"Tipo de Proyecto":{"('0026-PE-2001', 0)":"MENSAJE NRO: 0419\/01","('0026-PE-2001', 1)":null},"Iniciado en: ":{"('0026-PE-2001', 0)":"Senado","('0026-PE-2001', 1)":null},"Expediente Senado: ":{"('0026-PE-2001', 0)":"0026-PE-2001","('0026-PE-2001', 1)":null},"Publicado en: ":{"('0026-PE-2001', 0)":"DAE S.A. N\u00b0 4","('0026-PE-2001', 1)":null},"Fecha: ":{"('0026-PE-2001', 0)":"11\/04\/2001","('0026-PE-2001', 1)":null},"T\u00edtulo":{"('0026-PE-2001', 0)":"SOLICITA ACUERDO PARA PROMOVER AL GRADO INMEDIATO SUPERIOR CON FECHA 31 DE DICIEMBRE DE 1998.","('0026-PE-2001', 1)":null},"('Firmantes', 'FIRMANTE')":{"('0026-PE-2001', 0)":"DE LA RUA, FERNANDO","('0026-PE-2001', 1)":"JAUNARENA, JOSE HORACIO"},"('Firmantes', 'DISTRITO')":{"('0026-PE-2001', 0)":null,"('0026-PE-2001', 1)":null},"('Firmantes', 'BLOQUE')":{"('0026-PE-2001', 0)":"PODER EJECUTIVO","('0026-PE-2001', 1)":"PODER EJECUTIVO"},"('Tramites', 'C\u00c1MARA')":{"('0026-PE-2001', 0)":"Senado","('0026-PE-2001', 1)":null},"('Tramites', 'MOVIMIENTO')":{"('0026-PE-2001', 0)":"CONSIDERACION Y APROBACION","('0026-PE-2001', 1)":null},"('Tramites', 'FECHA')":{"('0026-PE-2001', 0)":"29\/08\/2001","('0026-PE-2001', 1)":null},"('Tramites', 'RESULTADO')":{"('0026-PE-2001', 0)":"APROBADO","('0026-PE-2001', 1)":null},"Sumario":{"('0026-PE-2001', 0)":"AL TENIENTE CORONEL DAVID CABRERA ROJO.","('0026-PE-2001', 1)":null},"Palabra Clave":{"('0026-PE-2001', 0)":" ","('0026-PE-2001', 1)":null}}