{"Tipo de Proyecto":{"('0027-S-2001', 0)":"PROYECTO DE RESOLUCI\u00d3N","('0027-S-2001', 1)":null,"('0027-S-2001', 2)":null},"Iniciado en: ":{"('0027-S-2001', 0)":"Senado","('0027-S-2001', 1)":null,"('0027-S-2001', 2)":null},"Expediente Diputados: ":{"('0027-S-2001', 0)":"0027-S-2001","('0027-S-2001', 1)":null,"('0027-S-2001', 2)":null},"Expediente Senado: ":{"('0027-S-2001', 0)":"0127-OV-1999","('0027-S-2001', 1)":null,"('0027-S-2001', 2)":null},"Fecha: ":{"('0027-S-2001', 0)":"27\/04\/2001","('0027-S-2001', 1)":null,"('0027-S-2001', 2)":null},"T\u00edtulo":{"('0027-S-2001', 0)":"DICTAMEN EN LA RESOLUCION REMITIDA POR LA AUDITORIA GENERAL DE LA NACION SOBRE UN EXAMEN REALIZADO EN EL PARQUE NACIONAL \"EL PALMAR\".","('0027-S-2001', 1)":null,"('0027-S-2001', 2)":null},"('Firmantes', 'FIRMANTE')":{"('0027-S-2001', 0)":"PARLAMENTARIA MIXTA REVISORA DE CUENTAS","('0027-S-2001', 1)":null,"('0027-S-2001', 2)":null},"('Firmantes', 'DISTRITO')":{"('0027-S-2001', 0)":null,"('0027-S-2001', 1)":null,"('0027-S-2001', 2)":null},"('Firmantes', 'BLOQUE')":{"('0027-S-2001', 0)":null,"('0027-S-2001', 1)":null,"('0027-S-2001', 2)":null},"('Tramites', 'C\u00c1MARA')":{"('0027-S-2001', 0)":"Senado","('0027-S-2001', 1)":"Diputados","('0027-S-2001', 2)":"Diputados"},"('Tramites', 'MOVIMIENTO')":{"('0027-S-2001', 0)":"CONSIDERACION Y APROBACION","('0027-S-2001', 1)":"PASA A DIPUTADOS -","('0027-S-2001', 2)":"CONSIDERACION Y APROBACION"},"('Tramites', 'FECHA')":{"('0027-S-2001', 0)":"16\/05\/2001","('0027-S-2001', 1)":null,"('0027-S-2001', 2)":"20\/06\/2001"},"('Tramites', 'RESULTADO')":{"('0027-S-2001', 0)":"APROBADO","('0027-S-2001', 1)":null,"('0027-S-2001', 2)":"APROBADO"},"Sumario":{"('0027-S-2001', 0)":"SOLICITUD AL PODER EJECUTIVO NACIONAL PARA QUE ADOPTE MEDIDAS A LOS EFECTOS DE CORREGIR LAS GRAVES SITUACIONES OBSERVADAS.","('0027-S-2001', 1)":null,"('0027-S-2001', 2)":null},"Palabra Clave":{"('0027-S-2001', 0)":" ","('0027-S-2001', 1)":null,"('0027-S-2001', 2)":null}}