{"Tipo de Proyecto":{"('0032-JGM-2001', 0)":"MENSAJE NRO: 0150\/01","('0032-JGM-2001', 1)":null},"Iniciado en: ":{"('0032-JGM-2001', 0)":"Diputados","('0032-JGM-2001', 1)":null},"Expediente Diputados: ":{"('0032-JGM-2001', 0)":"0032-JGM-2001","('0032-JGM-2001', 1)":null},"Publicado en: ":{"('0032-JGM-2001', 0)":"Tr\u00e1mite Parlamentario N\u00b0 134","('0032-JGM-2001', 1)":null},"Fecha: ":{"('0032-JGM-2001', 0)":"12\/09\/2001","('0032-JGM-2001', 1)":null},"T\u00edtulo":{"('0032-JGM-2001', 0)":"DECRETOS 1148\/01 Y 1159\/01, SOBRE CONVENIO PARA MEJORAR LA COMPETITIVIDAD Y LA GENERACION DE EMPLEO DEL SECTOR MINERO Y MODIFICACION DE LA LEY DE IMPUESTO AL VALOR AGREGADO (TO 1997 Y MODIFICATORIAS), RESPECTIVAMENTE.","('0032-JGM-2001', 1)":null},"('Firmantes', 'FIRMANTE')":{"('0032-JGM-2001', 0)":"COLOMBO, CHRYSTIAN","('0032-JGM-2001', 1)":"JAUNARENA, JOSE HORACIO"},"('Firmantes', 'DISTRITO')":{"('0032-JGM-2001', 0)":null,"('0032-JGM-2001', 1)":null},"('Firmantes', 'BLOQUE')":{"('0032-JGM-2001', 0)":"PODER EJECUTIVO","('0032-JGM-2001', 1)":"PODER EJECUTIVO"},"('Giros', 'COMISI\u00d3N')":{"('0032-JGM-2001', 0)":"BICAMERAL SEGUIMIENTO LEY 25414 (DELEGACION DE FACULTADES)","('0032-JGM-2001', 1)":null},"Sumario":{"('0032-JGM-2001', 0)":"COMUNICACION DEL DICTADO DE LOS MISMOS.","('0032-JGM-2001', 1)":null},"Palabra Clave":{"('0032-JGM-2001', 0)":" ","('0032-JGM-2001', 1)":null}}