{"Tipo de Proyecto":{"('0032-S-2001', 0)":"PROYECTO DE RESOLUCI\u00d3N","('0032-S-2001', 1)":null,"('0032-S-2001', 2)":null},"Iniciado en: ":{"('0032-S-2001', 0)":"Senado","('0032-S-2001', 1)":null,"('0032-S-2001', 2)":null},"Expediente Diputados: ":{"('0032-S-2001', 0)":"0032-S-2001","('0032-S-2001', 1)":null,"('0032-S-2001', 2)":null},"Expediente Senado: ":{"('0032-S-2001', 0)":"0227-OV-1999","('0032-S-2001', 1)":null,"('0032-S-2001', 2)":null},"Fecha: ":{"('0032-S-2001', 0)":"27\/04\/2001","('0032-S-2001', 1)":null,"('0032-S-2001', 2)":null},"T\u00edtulo":{"('0032-S-2001', 0)":"DICTAMEN EN LAS RESOLUCIONES REMITIDAS POR LA AUDITORIA GENERAL DE LA NACION SOBRE LA OBRA SOCIAL DEL PODER JUDICIAL DE LA NACION.","('0032-S-2001', 1)":null,"('0032-S-2001', 2)":null},"('Firmantes', 'FIRMANTE')":{"('0032-S-2001', 0)":"PARLAMENTARIA MIXTA REVISORA DE CUENTAS","('0032-S-2001', 1)":null,"('0032-S-2001', 2)":null},"('Firmantes', 'DISTRITO')":{"('0032-S-2001', 0)":null,"('0032-S-2001', 1)":null,"('0032-S-2001', 2)":null},"('Firmantes', 'BLOQUE')":{"('0032-S-2001', 0)":null,"('0032-S-2001', 1)":null,"('0032-S-2001', 2)":null},"('Tramites', 'C\u00c1MARA')":{"('0032-S-2001', 0)":"Senado","('0032-S-2001', 1)":"Diputados","('0032-S-2001', 2)":"Diputados"},"('Tramites', 'MOVIMIENTO')":{"('0032-S-2001', 0)":"CONSIDERACION Y APROBACION","('0032-S-2001', 1)":"PASA A DIPUTADOS -","('0032-S-2001', 2)":"CONSIDERACION Y APROBACION"},"('Tramites', 'FECHA')":{"('0032-S-2001', 0)":"16\/05\/2001","('0032-S-2001', 1)":null,"('0032-S-2001', 2)":"20\/06\/2001"},"('Tramites', 'RESULTADO')":{"('0032-S-2001', 0)":"APROBADO","('0032-S-2001', 1)":null,"('0032-S-2001', 2)":"APROBADO"},"Sumario":{"('0032-S-2001', 0)":"SOLICITUD AL PODER EJECUTIVO NACIONAL PARA QUE INFORME SOBRE LAS MEDIDAS ADOPTADAS A LOS FINES DE SOLUCIONAR LAS SITUACIONES OBSERVADAS.","('0032-S-2001', 1)":null,"('0032-S-2001', 2)":null},"Palabra Clave":{"('0032-S-2001', 0)":" ","('0032-S-2001', 1)":null,"('0032-S-2001', 2)":null}}