{"Tipo de Proyecto":{"('0033-S-2001', 0)":"PROYECTO DE LEY","('0033-S-2001', 1)":null,"('0033-S-2001', 2)":null,"('0033-S-2001', 3)":null,"('0033-S-2001', 4)":null,"('0033-S-2001', 5)":null,"('0033-S-2001', 6)":null,"('0033-S-2001', 7)":null},"Iniciado en: ":{"('0033-S-2001', 0)":"Senado","('0033-S-2001', 1)":null,"('0033-S-2001', 2)":null,"('0033-S-2001', 3)":null,"('0033-S-2001', 4)":null,"('0033-S-2001', 5)":null,"('0033-S-2001', 6)":null,"('0033-S-2001', 7)":null},"Expediente Senado: ":{"('0033-S-2001', 0)":"0033-S-2001","('0033-S-2001', 1)":null,"('0033-S-2001', 2)":null,"('0033-S-2001', 3)":null,"('0033-S-2001', 4)":null,"('0033-S-2001', 5)":null,"('0033-S-2001', 6)":null,"('0033-S-2001', 7)":null},"Publicado en: ":{"('0033-S-2001', 0)":"Diario de Asuntos Entrados N\u00b0 2","('0033-S-2001', 1)":null,"('0033-S-2001', 2)":null,"('0033-S-2001', 3)":null,"('0033-S-2001', 4)":null,"('0033-S-2001', 5)":null,"('0033-S-2001', 6)":null,"('0033-S-2001', 7)":null},"Fecha: ":{"('0033-S-2001', 0)":"02\/03\/2001","('0033-S-2001', 1)":null,"('0033-S-2001', 2)":null,"('0033-S-2001', 3)":null,"('0033-S-2001', 4)":null,"('0033-S-2001', 5)":null,"('0033-S-2001', 6)":null,"('0033-S-2001', 7)":null},"T\u00edtulo":{"('0033-S-2001', 0)":"EXCLUSION DE LOS ALCANCES DE LA LEY 25400 (COMPROMISO FEDERAL PARA EL CRECIMIENTO Y LA DISCIPLINA FISCAL) AL FONDO ESPECIAL DEL TABACO.","('0033-S-2001', 1)":null,"('0033-S-2001', 2)":null,"('0033-S-2001', 3)":null,"('0033-S-2001', 4)":null,"('0033-S-2001', 5)":null,"('0033-S-2001', 6)":null,"('0033-S-2001', 7)":null},"('Firmantes', 'FIRMANTE')":{"('0033-S-2001', 0)":"PRUYAS, TOMAS RUBEN","('0033-S-2001', 1)":"ROMERO FERIS, JOSE ANTONIO","('0033-S-2001', 2)":"SAGER, HUGO ABEL","('0033-S-2001', 3)":"SAN MILLAN, JULIO A.","('0033-S-2001', 4)":"CARBONELL, JOSE FERNANDO","('0033-S-2001', 5)":"RODRIGUEZ, MANUEL AUGUSTO","('0033-S-2001', 6)":"CABANA, FERNANDO V.","('0033-S-2001', 7)":"PARDO, ANGEL FRANCISCO"},"('Firmantes', 'DISTRITO')":{"('0033-S-2001', 0)":"CORRIENTES","('0033-S-2001', 1)":"CORRIENTES","('0033-S-2001', 2)":"CHACO","('0033-S-2001', 3)":"SALTA","('0033-S-2001', 4)":"TIERRA DEL FUEGO","('0033-S-2001', 5)":"FORMOSA","('0033-S-2001', 6)":"JUJUY","('0033-S-2001', 7)":"CORRIENTES"},"('Firmantes', 'BLOQUE')":{"('0033-S-2001', 0)":"JUSTICIALISTA","('0033-S-2001', 1)":"AUTONOMISTA","('0033-S-2001', 2)":"JUSTICIALISTA","('0033-S-2001', 3)":"JUSTICIALISTA","('0033-S-2001', 4)":"JUSTICIALISTA","('0033-S-2001', 5)":"JUSTICIALISTA","('0033-S-2001', 6)":"JUSTICIALISTA","('0033-S-2001', 7)":"JUSTICIALISTA"},"Link":{"('0033-S-2001', 0)":"http:\/\/www.senado.gov.ar\/parlamentario\/comisiones\/verExp\/33.01\/S\/PL","('0033-S-2001', 1)":null,"('0033-S-2001', 2)":null,"('0033-S-2001', 3)":null,"('0033-S-2001', 4)":null,"('0033-S-2001', 5)":null,"('0033-S-2001', 6)":null,"('0033-S-2001', 7)":null},"Palabra Clave":{"('0033-S-2001', 0)":" ","('0033-S-2001', 1)":null,"('0033-S-2001', 2)":null,"('0033-S-2001', 3)":null,"('0033-S-2001', 4)":null,"('0033-S-2001', 5)":null,"('0033-S-2001', 6)":null,"('0033-S-2001', 7)":null}}