{"Tipo de Proyecto":{"('0034-JGM-2001', 0)":"MENSAJE NRO: 0179\/01","('0034-JGM-2001', 1)":null},"Iniciado en: ":{"('0034-JGM-2001', 0)":"Diputados","('0034-JGM-2001', 1)":null},"Expediente Diputados: ":{"('0034-JGM-2001', 0)":"0034-JGM-2001","('0034-JGM-2001', 1)":null},"Publicado en: ":{"('0034-JGM-2001', 0)":"Tr\u00e1mite Parlamentario N\u00b0 147","('0034-JGM-2001', 1)":null},"Fecha: ":{"('0034-JGM-2001', 0)":"01\/10\/2001","('0034-JGM-2001', 1)":null},"T\u00edtulo":{"('0034-JGM-2001', 0)":"DECRETOS 1210\/01 Y 1216\/01 RELACIONADOS CON EL COMITE FEDERAL DE RADIODIFUSION Y CON LOS CONVENIOS PARA MEJORAR LA COMPETITIVIDAD Y LA GENERACION DE EMPLEO, RESPECTIVAMENTE.","('0034-JGM-2001', 1)":null},"('Firmantes', 'FIRMANTE')":{"('0034-JGM-2001', 0)":"COLOMBO, CHRYSTIAN","('0034-JGM-2001', 1)":"MESTRE, RAMON"},"('Firmantes', 'DISTRITO')":{"('0034-JGM-2001', 0)":null,"('0034-JGM-2001', 1)":null},"('Firmantes', 'BLOQUE')":{"('0034-JGM-2001', 0)":"PODER EJECUTIVO","('0034-JGM-2001', 1)":"PODER EJECUTIVO"},"('Giros', 'COMISI\u00d3N')":{"('0034-JGM-2001', 0)":"BICAMERAL SEGUIMIENTO LEY 25414 (DELEGACION DE FACULTADES)","('0034-JGM-2001', 1)":null},"Sumario":{"('0034-JGM-2001', 0)":"COMUNICACION DEL DICTADO DE LOS MISMOS.","('0034-JGM-2001', 1)":null},"Palabra Clave":{"('0034-JGM-2001', 0)":" ","('0034-JGM-2001', 1)":null}}