{"Tipo de Proyecto":{"('0035-JGM-2001', 0)":"MENSAJE NRO: 0186\/01","('0035-JGM-2001', 1)":null,"('0035-JGM-2001', 2)":null},"Iniciado en: ":{"('0035-JGM-2001', 0)":"Diputados","('0035-JGM-2001', 1)":null,"('0035-JGM-2001', 2)":null},"Expediente Diputados: ":{"('0035-JGM-2001', 0)":"0035-JGM-2001","('0035-JGM-2001', 1)":null,"('0035-JGM-2001', 2)":null},"Publicado en: ":{"('0035-JGM-2001', 0)":"Tr\u00e1mite Parlamentario N\u00b0 150","('0035-JGM-2001', 1)":null,"('0035-JGM-2001', 2)":null},"Fecha: ":{"('0035-JGM-2001', 0)":"04\/10\/2001","('0035-JGM-2001', 1)":null,"('0035-JGM-2001', 2)":null},"T\u00edtulo":{"('0035-JGM-2001', 0)":"DICTADO DE LOS DECRETOS 1185\/01, 1204\/01 Y 1224\/01, RELACIONADOS CON LA EXTENSION DE LOS BENEFICIOS FISCALES NORMADOS EN EL DECRETO 1054\/01 A DIVERSAS ACTIVIDADES INDUSTRIALES, LA IMPOSICION DE COSTAS EN EL ORDEN CAUSADO EN JUICIOS DONDE EL ESTADO NACIONAL O PROVINCIAL SEAN PARTE, Y MODIFICACION DEL DIRECTORIO DE LA AUTORIDAD NUCLEAR, RESPECTIVAMENTE.","('0035-JGM-2001', 1)":null,"('0035-JGM-2001', 2)":null},"('Firmantes', 'FIRMANTE')":{"('0035-JGM-2001', 0)":"DE LA RUA, FERNANDO","('0035-JGM-2001', 1)":"COLOMBO, CHRYSTIAN","('0035-JGM-2001', 2)":"CAVALLO, DOMINGO FELIPE"},"('Firmantes', 'DISTRITO')":{"('0035-JGM-2001', 0)":null,"('0035-JGM-2001', 1)":null,"('0035-JGM-2001', 2)":null},"('Firmantes', 'BLOQUE')":{"('0035-JGM-2001', 0)":"PODER EJECUTIVO","('0035-JGM-2001', 1)":"PODER EJECUTIVO","('0035-JGM-2001', 2)":"PODER EJECUTIVO"},"('Giros', 'COMISI\u00d3N')":{"('0035-JGM-2001', 0)":"BICAMERAL SEGUIMIENTO LEY 25414 (DELEGACION DE FACULTADES)","('0035-JGM-2001', 1)":null,"('0035-JGM-2001', 2)":null},"Sumario":{"('0035-JGM-2001', 0)":"COMUNICACION DEL DICTADO DE LOS MISMOS.","('0035-JGM-2001', 1)":null,"('0035-JGM-2001', 2)":null},"Palabra Clave":{"('0035-JGM-2001', 0)":" ","('0035-JGM-2001', 1)":null,"('0035-JGM-2001', 2)":null}}