{"Tipo de Proyecto":{"('0035-S-2001', 0)":"PROYECTO DE DECLARACI\u00d3N","('0035-S-2001', 1)":null},"Iniciado en: ":{"('0035-S-2001', 0)":"Senado","('0035-S-2001', 1)":null},"Expediente Senado: ":{"('0035-S-2001', 0)":"0035-S-2001","('0035-S-2001', 1)":null},"Publicado en: ":{"('0035-S-2001', 0)":"Diario de Asuntos Entrados N\u00b0 2","('0035-S-2001', 1)":null},"Fecha: ":{"('0035-S-2001', 0)":"02\/03\/2001","('0035-S-2001', 1)":null},"T\u00edtulo":{"('0035-S-2001', 0)":"CONMEMORACION DEL DIA INTERNACIONAL DE LA MUJER.","('0035-S-2001', 1)":null},"('Firmantes', 'FIRMANTE')":{"('0035-S-2001', 0)":"BRANDA, RICARDO A.","('0035-S-2001', 1)":null},"('Firmantes', 'DISTRITO')":{"('0035-S-2001', 0)":"FORMOSA","('0035-S-2001', 1)":null},"('Firmantes', 'BLOQUE')":{"('0035-S-2001', 0)":"JUSTICIALISTA","('0035-S-2001', 1)":null},"('Tramites', 'C\u00c1MARA')":{"('0035-S-2001', 0)":"Senado","('0035-S-2001', 1)":"Senado"},"('Tramites', 'MOVIMIENTO')":{"('0035-S-2001', 0)":"MOCION SOBRE TABLAS (AFIRMATIVA)","('0035-S-2001', 1)":"CONSIDERACION Y APROBACION JUNTO CON LOS EXPEDIENTES 0041-S-01, 0046-S-01, 0048-S-01, 0051-S-01, 0056-S-01, 0069-S-01 Y 0083-S-01 (TEXTO CONSENSUADO)"},"('Tramites', 'FECHA')":{"('0035-S-2001', 0)":"07\/03\/2001","('0035-S-2001', 1)":"07\/03\/2001"},"('Tramites', 'RESULTADO')":{"('0035-S-2001', 0)":null,"('0035-S-2001', 1)":"APROBADO"},"Sumario":{"('0035-S-2001', 0)":"DECLARACION DE INTERES.","('0035-S-2001', 1)":null},"Palabra Clave":{"('0035-S-2001', 0)":" ","('0035-S-2001', 1)":null}}