{"Tipo de Proyecto":{"('0036-PE-2001', 0)":"MENSAJE NRO: 1191\/01","('0036-PE-2001', 1)":null,"('0036-PE-2001', 2)":null},"Iniciado en: ":{"('0036-PE-2001', 0)":"Diputados","('0036-PE-2001', 1)":null,"('0036-PE-2001', 2)":null},"Expediente Diputados: ":{"('0036-PE-2001', 0)":"0036-PE-2001","('0036-PE-2001', 1)":null,"('0036-PE-2001', 2)":null},"Publicado en: ":{"('0036-PE-2001', 0)":"Tr\u00e1mite Parlamentario N\u00b0 143","('0036-PE-2001', 1)":null,"('0036-PE-2001', 2)":null},"Fecha: ":{"('0036-PE-2001', 0)":"24\/09\/2001","('0036-PE-2001', 1)":null,"('0036-PE-2001', 2)":null},"T\u00edtulo":{"('0036-PE-2001', 0)":"SOLICITA AL H CONGRESO NO TOME EN CONSIDERACION LOS ARTICULOS 19 Y 27 DEL PROYECTO DE LEY DE PRESUPUESTO DE LA ADMINISTRACION NACIONAL PARA EL EJERCICIO 2002.","('0036-PE-2001', 1)":null,"('0036-PE-2001', 2)":null},"('Firmantes', 'FIRMANTE')":{"('0036-PE-2001', 0)":"DE LA RUA, FERNANDO","('0036-PE-2001', 1)":"COLOMBO, CHRYSTIAN","('0036-PE-2001', 2)":"CAVALLO, DOMINGO FELIPE"},"('Firmantes', 'DISTRITO')":{"('0036-PE-2001', 0)":null,"('0036-PE-2001', 1)":null,"('0036-PE-2001', 2)":null},"('Firmantes', 'BLOQUE')":{"('0036-PE-2001', 0)":"PODER EJECUTIVO","('0036-PE-2001', 1)":"PODER EJECUTIVO","('0036-PE-2001', 2)":"PODER EJECUTIVO"},"('Giros', 'COMISI\u00d3N')":{"('0036-PE-2001', 0)":"PRESUPUESTO Y HACIENDA","('0036-PE-2001', 1)":null,"('0036-PE-2001', 2)":null},"Palabra Clave":{"('0036-PE-2001', 0)":" ","('0036-PE-2001', 1)":null,"('0036-PE-2001', 2)":null}}