{"Tipo de Proyecto":{"('0037-JGM-2001', 0)":"MENSAJE NRO: 0190\/01","('0037-JGM-2001', 1)":null},"Iniciado en: ":{"('0037-JGM-2001', 0)":"Diputados","('0037-JGM-2001', 1)":null},"Expediente Diputados: ":{"('0037-JGM-2001', 0)":"0037-JGM-2001","('0037-JGM-2001', 1)":null},"Publicado en: ":{"('0037-JGM-2001', 0)":"Tr\u00e1mite Parlamentario N\u00b0 152","('0037-JGM-2001', 1)":null},"Fecha: ":{"('0037-JGM-2001', 0)":"09\/10\/2001","('0037-JGM-2001', 1)":null},"T\u00edtulo":{"('0037-JGM-2001', 0)":"DICTADO DEL DECRETO 1237 DEL 5 DE OCTUBRE DE 2001, DE CREACION DE DOS (2) CENTROS DE ABASTECIMIENTO ESPECIAL PARA LA VENTA DE COSAS MUEBLES DE PRIMERA NECESIDAD DE ORIGEN NACIONAL, EN LA PROVINCIA DE JUJUY.","('0037-JGM-2001', 1)":null},"('Firmantes', 'FIRMANTE')":{"('0037-JGM-2001', 0)":"DE LA RUA, FERNANDO","('0037-JGM-2001', 1)":"MESTRE, RAMON"},"('Firmantes', 'DISTRITO')":{"('0037-JGM-2001', 0)":null,"('0037-JGM-2001', 1)":null},"('Firmantes', 'BLOQUE')":{"('0037-JGM-2001', 0)":"PODER EJECUTIVO","('0037-JGM-2001', 1)":"PODER EJECUTIVO"},"('Giros', 'COMISI\u00d3N')":{"('0037-JGM-2001', 0)":"BICAMERAL SEGUIMIENTO LEY 25414 (DELEGACION DE FACULTADES)","('0037-JGM-2001', 1)":null},"Sumario":{"('0037-JGM-2001', 0)":"COMUNICACION DEL MISMO.","('0037-JGM-2001', 1)":null},"Palabra Clave":{"('0037-JGM-2001', 0)":" ","('0037-JGM-2001', 1)":null}}