{"Tipo de Proyecto":{"('0039-S-2001', 0)":"PROYECTO DE RESOLUCI\u00d3N","('0039-S-2001', 1)":null,"('0039-S-2001', 2)":null},"Iniciado en: ":{"('0039-S-2001', 0)":"Senado","('0039-S-2001', 1)":null,"('0039-S-2001', 2)":null},"Expediente Diputados: ":{"('0039-S-2001', 0)":"0039-S-2001","('0039-S-2001', 1)":null,"('0039-S-2001', 2)":null},"Expediente Senado: ":{"('0039-S-2001', 0)":"0578-OV-1999","('0039-S-2001', 1)":null,"('0039-S-2001', 2)":null},"Fecha: ":{"('0039-S-2001', 0)":"30\/04\/2001","('0039-S-2001', 1)":null,"('0039-S-2001', 2)":null},"T\u00edtulo":{"('0039-S-2001', 0)":"DICTAMEN EN LA RESOLUCION REMITIDA POR LA AUDITORIA GENERAL DE LA NACION SOBRE UN PROGRAMA DE APOYO A LA PRODUCTIVIDAD Y EMPLEABILIDAD DE JOVENES, SUBPROGRAMA DE CAPACITACION Y ORIENTACION LABORAL.","('0039-S-2001', 1)":null,"('0039-S-2001', 2)":null},"('Firmantes', 'FIRMANTE')":{"('0039-S-2001', 0)":"PARLAMENTARIA MIXTA REVISORA DE CUENTAS","('0039-S-2001', 1)":null,"('0039-S-2001', 2)":null},"('Firmantes', 'DISTRITO')":{"('0039-S-2001', 0)":null,"('0039-S-2001', 1)":null,"('0039-S-2001', 2)":null},"('Firmantes', 'BLOQUE')":{"('0039-S-2001', 0)":null,"('0039-S-2001', 1)":null,"('0039-S-2001', 2)":null},"('Tramites', 'C\u00c1MARA')":{"('0039-S-2001', 0)":"Senado","('0039-S-2001', 1)":"Diputados","('0039-S-2001', 2)":"Diputados"},"('Tramites', 'MOVIMIENTO')":{"('0039-S-2001', 0)":"CONSIDERACION Y APROBACION","('0039-S-2001', 1)":"PASA A DIPUTADOS -","('0039-S-2001', 2)":"CONSIDERACION Y APROBACION"},"('Tramites', 'FECHA')":{"('0039-S-2001', 0)":"16\/05\/2001","('0039-S-2001', 1)":null,"('0039-S-2001', 2)":"20\/06\/2001"},"('Tramites', 'RESULTADO')":{"('0039-S-2001', 0)":"APROBADO","('0039-S-2001', 1)":null,"('0039-S-2001', 2)":"APROBADO"},"Sumario":{"('0039-S-2001', 0)":"SOLICITUD AL PODER EJECUTIVO NACIONAL PARA QUE INFORME SOBRE LAS MEDIDAS ADOPTADAS A LOS EFECTOS DE CORREGIR LOS PROCEDIMIENTOS OBSERVADOS.","('0039-S-2001', 1)":null,"('0039-S-2001', 2)":null},"Palabra Clave":{"('0039-S-2001', 0)":" ","('0039-S-2001', 1)":null,"('0039-S-2001', 2)":null}}