{"Tipo de Proyecto":{"('0040-PE-2001', 0)":"MENSAJE NRO: 1308\/01 Y PROYECTO DE LEY","('0040-PE-2001', 1)":null,"('0040-PE-2001', 2)":null,"('0040-PE-2001', 3)":null},"Iniciado en: ":{"('0040-PE-2001', 0)":"Diputados","('0040-PE-2001', 1)":null,"('0040-PE-2001', 2)":null,"('0040-PE-2001', 3)":null},"Expediente Diputados: ":{"('0040-PE-2001', 0)":"0040-PE-2001","('0040-PE-2001', 1)":null,"('0040-PE-2001', 2)":null,"('0040-PE-2001', 3)":null},"Expediente Senado: ":{"('0040-PE-2001', 0)":"0127-CD-2001","('0040-PE-2001', 1)":null,"('0040-PE-2001', 2)":null,"('0040-PE-2001', 3)":null},"Publicado en: ":{"('0040-PE-2001', 0)":"Tr\u00e1mite Parlamentario N\u00b0 158","('0040-PE-2001', 1)":null,"('0040-PE-2001', 2)":null,"('0040-PE-2001', 3)":null},"Fecha: ":{"('0040-PE-2001', 0)":"22\/10\/2001","('0040-PE-2001', 1)":null,"('0040-PE-2001', 2)":null,"('0040-PE-2001', 3)":null},"T\u00edtulo":{"('0040-PE-2001', 0)":"AUTORIZAR EL INGRESO A TERRITORIO NACIONAL DE EFECTIVOS DEL EJERCITO DE LA REPUBLICA DE BOLIVIA PARA QUE PARTICIPEN CON EFECTIVOS DEL EJERCITO ARGENTINO EN EL EJERCICIO COMBINADO 'TENIENTE CORONEL JUANA AZURDUY' A DESARROLLARSE EN LA CIUDAD CAPITAL DE LA PROVINCIA DE SALTA DEL 10 AL 18 DE NOVIEMBRE DE 2001.","('0040-PE-2001', 1)":null,"('0040-PE-2001', 2)":null,"('0040-PE-2001', 3)":null},"('Firmantes', 'FIRMANTE')":{"('0040-PE-2001', 0)":"DE LA RUA, FERNANDO","('0040-PE-2001', 1)":"COLOMBO, CHRYSTIAN","('0040-PE-2001', 2)":"JAUNARENA, JOSE HORACIO","('0040-PE-2001', 3)":"RODRIGUEZ GIAVARINI, ADALBERTO"},"('Firmantes', 'DISTRITO')":{"('0040-PE-2001', 0)":null,"('0040-PE-2001', 1)":null,"('0040-PE-2001', 2)":null,"('0040-PE-2001', 3)":null},"('Firmantes', 'BLOQUE')":{"('0040-PE-2001', 0)":"PODER EJECUTIVO","('0040-PE-2001', 1)":"PODER EJECUTIVO","('0040-PE-2001', 2)":"PODER EJECUTIVO","('0040-PE-2001', 3)":"PODER EJECUTIVO"},"('Giros', 'COMISI\u00d3N')":{"('0040-PE-2001', 0)":"DEFENSA NACIONAL","('0040-PE-2001', 1)":"RELACIONES EXTERIORES Y CULTO","('0040-PE-2001', 2)":null,"('0040-PE-2001', 3)":null},"('Tramites', 'C\u00c1MARA')":{"('0040-PE-2001', 0)":"Diputados","('0040-PE-2001', 1)":"Senado","('0040-PE-2001', 2)":null,"('0040-PE-2001', 3)":null},"('Tramites', 'MOVIMIENTO')":{"('0040-PE-2001', 0)":"CONSIDERACION Y APROBACION","('0040-PE-2001', 1)":"PASA A SENADO - (DAE 119)","('0040-PE-2001', 2)":null,"('0040-PE-2001', 3)":null},"('Tramites', 'FECHA')":{"('0040-PE-2001', 0)":"27\/11\/2001","('0040-PE-2001', 1)":null,"('0040-PE-2001', 2)":null,"('0040-PE-2001', 3)":null},"('Tramites', 'RESULTADO')":{"('0040-PE-2001', 0)":"MEDIA SANCION","('0040-PE-2001', 1)":null,"('0040-PE-2001', 2)":null,"('0040-PE-2001', 3)":null},"Palabra Clave":{"('0040-PE-2001', 0)":" ","('0040-PE-2001', 1)":null,"('0040-PE-2001', 2)":null,"('0040-PE-2001', 3)":null}}