{"Tipo de Proyecto":{"('0040-OV-2001', 0)":"PROYECTO DE RESOLUCI\u00d3N"},"Iniciado en: ":{"('0040-OV-2001', 0)":"Senado"},"Expediente Senado: ":{"('0040-OV-2001', 0)":"0040-OV-2001"},"Fecha: ":{"('0040-OV-2001', 0)":"18\/11\/2002"},"T\u00edtulo":{"('0040-OV-2001', 0)":"DICTAMEN EN LA RESOLUCION REMITIDA POR LA AUDITORIA GENERAL DE LA NACION SOBRE LOS SERVICIOS DE LA DEUDA DEL BOCON PREVISIONAL - PRIMERA SERIE - EN PESOS, EJERCICIO 1999."},"('Firmantes', 'FIRMANTE')":{"('0040-OV-2001', 0)":"PARLAMENTARIA MIXTA REVISORA DE CUENTAS"},"('Firmantes', 'DISTRITO')":{"('0040-OV-2001', 0)":null},"('Firmantes', 'BLOQUE')":{"('0040-OV-2001', 0)":null},"('Tramites', 'C\u00c1MARA')":{"('0040-OV-2001', 0)":"Senado"},"('Tramites', 'MOVIMIENTO')":{"('0040-OV-2001', 0)":"CONSIDERACION Y APROBACION (AL ARCHIVO)"},"('Tramites', 'FECHA')":{"('0040-OV-2001', 0)":"18\/12\/2002"},"('Tramites', 'RESULTADO')":{"('0040-OV-2001', 0)":"ARCHIVADO"},"Sumario":{"('0040-OV-2001', 0)":"HABIENDO TOMADO CONOCIMIENTO, SE ACONSEJA SU REMISION AL ARCHIVO."},"Palabra Clave":{"('0040-OV-2001', 0)":" "}}