{"Tipo de Proyecto":{"('0040-JGM-2001', 0)":"MENSAJE NRO: 0216\/01","('0040-JGM-2001', 1)":null,"('0040-JGM-2001', 2)":null},"Iniciado en: ":{"('0040-JGM-2001', 0)":"Diputados","('0040-JGM-2001', 1)":null,"('0040-JGM-2001', 2)":null},"Expediente Diputados: ":{"('0040-JGM-2001', 0)":"0040-JGM-2001","('0040-JGM-2001', 1)":null,"('0040-JGM-2001', 2)":null},"Publicado en: ":{"('0040-JGM-2001', 0)":"Tr\u00e1mite Parlamentario N\u00b0 167","('0040-JGM-2001', 1)":null,"('0040-JGM-2001', 2)":null},"Fecha: ":{"('0040-JGM-2001', 0)":"02\/11\/2001","('0040-JGM-2001', 1)":null,"('0040-JGM-2001', 2)":null},"T\u00edtulo":{"('0040-JGM-2001', 0)":"DICTADO DE LOS DECRETOS 1350\/01 Y 1366\/01, SOBRE COMPUTO DE LAS CONTRIBUCIONES PATRONALES COMO CREDITO FISCAL DEL IMPUESTO AL VALOR AGREGADO Y MODIFICACION A LA LEY DE MINISTERIOS, RESPECTIVAMENTE.","('0040-JGM-2001', 1)":null,"('0040-JGM-2001', 2)":null},"('Firmantes', 'FIRMANTE')":{"('0040-JGM-2001', 0)":"DE LA RUA, FERNANDO","('0040-JGM-2001', 1)":"COLOMBO, CHRYSTIAN","('0040-JGM-2001', 2)":"MESTRE, RAMON"},"('Firmantes', 'DISTRITO')":{"('0040-JGM-2001', 0)":null,"('0040-JGM-2001', 1)":null,"('0040-JGM-2001', 2)":null},"('Firmantes', 'BLOQUE')":{"('0040-JGM-2001', 0)":"PODER EJECUTIVO","('0040-JGM-2001', 1)":"PODER EJECUTIVO","('0040-JGM-2001', 2)":"PODER EJECUTIVO"},"('Giros', 'COMISI\u00d3N')":{"('0040-JGM-2001', 0)":"BICAMERAL SEGUIMIENTO LEY 25414 (DELEGACION DE FACULTADES)","('0040-JGM-2001', 1)":null,"('0040-JGM-2001', 2)":null},"Sumario":{"('0040-JGM-2001', 0)":"ACOMPA\u00d1ASE COPIA AUTENTICADA DE LAS CITADAS NORMAS COMUNICANDO SU DICTADO.","('0040-JGM-2001', 1)":null,"('0040-JGM-2001', 2)":null},"Palabra Clave":{"('0040-JGM-2001', 0)":" ","('0040-JGM-2001', 1)":null,"('0040-JGM-2001', 2)":null}}