{"Tipo de Proyecto":{"('0041-JGM-2001', 0)":"MENSAJE NRO: 0221\/01","('0041-JGM-2001', 1)":null,"('0041-JGM-2001', 2)":null},"Iniciado en: ":{"('0041-JGM-2001', 0)":"Diputados","('0041-JGM-2001', 1)":null,"('0041-JGM-2001', 2)":null},"Expediente Diputados: ":{"('0041-JGM-2001', 0)":"0041-JGM-2001","('0041-JGM-2001', 1)":null,"('0041-JGM-2001', 2)":null},"Publicado en: ":{"('0041-JGM-2001', 0)":"Tr\u00e1mite Parlamentario N\u00b0 169","('0041-JGM-2001', 1)":null,"('0041-JGM-2001', 2)":null},"Fecha: ":{"('0041-JGM-2001', 0)":"06\/11\/2001","('0041-JGM-2001', 1)":null,"('0041-JGM-2001', 2)":null},"T\u00edtulo":{"('0041-JGM-2001', 0)":"COMUNICA EL DICTADO DE LOS DECRETOS 1378\/01 (NORMA COMPLEMENTARIA A LA LEY 23681 DE ENERGIA ELECTRICA), 1380\/01 (PLAN DE COMPETITIVIDAD PARA LA REACTIVACION DE POZOS HIDROCARBURIFEROS DE BAJA PRODUCTIVIDAD), 1381\/01 (INFRAESTRUCTURA HIDRICA), 1384\/01 (OBLIGACIONES TRIBUTARIAS Y PREVISIONALES), 1385\/01 (CONVENIOS PARA MEJORAR LA COMPETITIVIDAD Y LA GENERACION DE EMPLEO) Y 1386\/01 (ZONAS DE DESASTRE: EXIMICION IMPOSITIVA).","('0041-JGM-2001', 1)":null,"('0041-JGM-2001', 2)":null},"('Firmantes', 'FIRMANTE')":{"('0041-JGM-2001', 0)":"DE LA RUA, FERNANDO","('0041-JGM-2001', 1)":"COLOMBO, CHRYSTIAN","('0041-JGM-2001', 2)":"MESTRE, RAMON"},"('Firmantes', 'DISTRITO')":{"('0041-JGM-2001', 0)":null,"('0041-JGM-2001', 1)":null,"('0041-JGM-2001', 2)":null},"('Firmantes', 'BLOQUE')":{"('0041-JGM-2001', 0)":"PODER EJECUTIVO","('0041-JGM-2001', 1)":"PODER EJECUTIVO","('0041-JGM-2001', 2)":"PODER EJECUTIVO"},"('Giros', 'COMISI\u00d3N')":{"('0041-JGM-2001', 0)":"BICAMERAL SEGUIMIENTO LEY 25414 (DELEGACION DE FACULTADES)","('0041-JGM-2001', 1)":null,"('0041-JGM-2001', 2)":null},"Sumario":{"('0041-JGM-2001', 0)":"ACOMPA\u00d1AN COPIA AUTENTICADA DE LOS MISMOS.","('0041-JGM-2001', 1)":null,"('0041-JGM-2001', 2)":null},"Palabra Clave":{"('0041-JGM-2001', 0)":" ","('0041-JGM-2001', 1)":null,"('0041-JGM-2001', 2)":null}}