{"Tipo de Proyecto":{"('0041-PE-2001', 0)":"MENSAJE NRO: 1383\/01","('0041-PE-2001', 1)":null,"('0041-PE-2001', 2)":null,"('0041-PE-2001', 3)":null,"('0041-PE-2001', 4)":null},"Iniciado en: ":{"('0041-PE-2001', 0)":"Diputados","('0041-PE-2001', 1)":null,"('0041-PE-2001', 2)":null,"('0041-PE-2001', 3)":null,"('0041-PE-2001', 4)":null},"Expediente Diputados: ":{"('0041-PE-2001', 0)":"0041-PE-2001","('0041-PE-2001', 1)":null,"('0041-PE-2001', 2)":null,"('0041-PE-2001', 3)":null,"('0041-PE-2001', 4)":null},"Publicado en: ":{"('0041-PE-2001', 0)":"Tr\u00e1mite Parlamentario N\u00b0 167","('0041-PE-2001', 1)":null,"('0041-PE-2001', 2)":null,"('0041-PE-2001', 3)":null,"('0041-PE-2001', 4)":null},"Fecha: ":{"('0041-PE-2001', 0)":"02\/11\/2001","('0041-PE-2001', 1)":null,"('0041-PE-2001', 2)":null,"('0041-PE-2001', 3)":null,"('0041-PE-2001', 4)":null},"T\u00edtulo":{"('0041-PE-2001', 0)":"DECRETO 1382\/01 DE CREACION DEL SISTEMA INTEGRADO DE PROTECCION A LA FAMILIA.","('0041-PE-2001', 1)":null,"('0041-PE-2001', 2)":null,"('0041-PE-2001', 3)":null,"('0041-PE-2001', 4)":null},"('Firmantes', 'FIRMANTE')":{"('0041-PE-2001', 0)":"DE LA RUA, FERNANDO","('0041-PE-2001', 1)":"COLOMBO, CHRYSTIAN","('0041-PE-2001', 2)":"MESTRE, RAMON","('0041-PE-2001', 3)":null,"('0041-PE-2001', 4)":null},"('Firmantes', 'DISTRITO')":{"('0041-PE-2001', 0)":null,"('0041-PE-2001', 1)":null,"('0041-PE-2001', 2)":null,"('0041-PE-2001', 3)":null,"('0041-PE-2001', 4)":null},"('Firmantes', 'BLOQUE')":{"('0041-PE-2001', 0)":"PODER EJECUTIVO","('0041-PE-2001', 1)":"PODER EJECUTIVO","('0041-PE-2001', 2)":"PODER EJECUTIVO","('0041-PE-2001', 3)":null,"('0041-PE-2001', 4)":null},"('Giros', 'COMISI\u00d3N')":{"('0041-PE-2001', 0)":"LEGISLACION DEL TRABAJO","('0041-PE-2001', 1)":"FAMILIA, MUJER Y MINORIDAD","('0041-PE-2001', 2)":"PREVISION Y SEGURIDAD SOCIAL","('0041-PE-2001', 3)":"PRESUPUESTO Y HACIENDA","('0041-PE-2001', 4)":"BICAMERAL PERMANENTE DE TRAMITE LEGISLATIVO - LEY 26122"},"('Tramites', 'C\u00c1MARA')":{"('0041-PE-2001', 0)":"Diputados","('0041-PE-2001', 1)":"Diputados","('0041-PE-2001', 2)":null,"('0041-PE-2001', 3)":null,"('0041-PE-2001', 4)":null},"('Tramites', 'MOVIMIENTO')":{"('0041-PE-2001', 0)":"SOLICITUD DEL PRESIDENTE DE LA COMISION BICAMERAL PERMANENTE DE TRAMITE LEGISLATIVO (LEY 26122) DE REMISION DEL EXPEDIENTE PARA SU ANALISIS (A LA PRESIDENCIA)","('0041-PE-2001', 1)":"EXPEDIENTE ORIGINALMENTE GIRADO A LAS COMISIONES DE LEGISLACION DEL TRABAJO, FAMILIA, MUJER Y MINORIDAD, PREVISION Y SEGURIDAD SOCIAL Y PRESUPUESTO Y HACIENDA; SE LO REMITE A LA COMISION BICAMERAL PERMANENTE DE TRAMITE LEGISLATIVO (LEY 26122)","('0041-PE-2001', 2)":null,"('0041-PE-2001', 3)":null,"('0041-PE-2001', 4)":null},"('Tramites', 'FECHA')":{"('0041-PE-2001', 0)":"06\/06\/2007","('0041-PE-2001', 1)":null,"('0041-PE-2001', 2)":null,"('0041-PE-2001', 3)":null,"('0041-PE-2001', 4)":null},"('Tramites', 'RESULTADO')":{"('0041-PE-2001', 0)":null,"('0041-PE-2001', 1)":null,"('0041-PE-2001', 2)":null,"('0041-PE-2001', 3)":null,"('0041-PE-2001', 4)":null},"Sumario":{"('0041-PE-2001', 0)":"ACOMPA\u00d1ASE COPIA AUTENTICADA COMUNICANDO EL DICTADO DEL MISMO.","('0041-PE-2001', 1)":null,"('0041-PE-2001', 2)":null,"('0041-PE-2001', 3)":null,"('0041-PE-2001', 4)":null},"Palabra Clave":{"('0041-PE-2001', 0)":" ","('0041-PE-2001', 1)":null,"('0041-PE-2001', 2)":null,"('0041-PE-2001', 3)":null,"('0041-PE-2001', 4)":null}}