{"Tipo de Proyecto":{"('0042-S-2001', 0)":"PROYECTO DE RESOLUCI\u00d3N","('0042-S-2001', 1)":null,"('0042-S-2001', 2)":null},"Iniciado en: ":{"('0042-S-2001', 0)":"Senado","('0042-S-2001', 1)":null,"('0042-S-2001', 2)":null},"Expediente Diputados: ":{"('0042-S-2001', 0)":"0042-S-2001","('0042-S-2001', 1)":null,"('0042-S-2001', 2)":null},"Expediente Senado: ":{"('0042-S-2001', 0)":"0071-OV-1999","('0042-S-2001', 1)":null,"('0042-S-2001', 2)":null},"Fecha: ":{"('0042-S-2001', 0)":"30\/04\/2001","('0042-S-2001', 1)":null,"('0042-S-2001', 2)":null},"T\u00edtulo":{"('0042-S-2001', 0)":"DICTAMEN EN LA RESOLUCION REMITIDA POR LA AUDITORIA GENERAL DE LA NACION SOBRE EVALUACION DE METAS FISICAS DE LA GENDARMERIA NACIONAL, RESPECTO AL EJERCICIO 1997.","('0042-S-2001', 1)":null,"('0042-S-2001', 2)":null},"('Firmantes', 'FIRMANTE')":{"('0042-S-2001', 0)":"PARLAMENTARIA MIXTA REVISORA DE CUENTAS","('0042-S-2001', 1)":null,"('0042-S-2001', 2)":null},"('Firmantes', 'DISTRITO')":{"('0042-S-2001', 0)":null,"('0042-S-2001', 1)":null,"('0042-S-2001', 2)":null},"('Firmantes', 'BLOQUE')":{"('0042-S-2001', 0)":null,"('0042-S-2001', 1)":null,"('0042-S-2001', 2)":null},"('Tramites', 'C\u00c1MARA')":{"('0042-S-2001', 0)":"Senado","('0042-S-2001', 1)":"Diputados","('0042-S-2001', 2)":"Diputados"},"('Tramites', 'MOVIMIENTO')":{"('0042-S-2001', 0)":"CONSIDERACION Y APROBACION","('0042-S-2001', 1)":"PASA A DIPUTADOS -","('0042-S-2001', 2)":"CONSIDERACION Y APROBACION"},"('Tramites', 'FECHA')":{"('0042-S-2001', 0)":"16\/05\/2001","('0042-S-2001', 1)":null,"('0042-S-2001', 2)":"20\/06\/2001"},"('Tramites', 'RESULTADO')":{"('0042-S-2001', 0)":"APROBADO","('0042-S-2001', 1)":null,"('0042-S-2001', 2)":"APROBADO"},"Sumario":{"('0042-S-2001', 0)":"SOLICITUD AL PODER EJECUTIVO NACIONAL PARA QUE INFORME SOBRE LAS MEDIDAS ADOPTADAS A FIN DE ADECUAR LOS ASPECTOS OBSERVADOS.","('0042-S-2001', 1)":null,"('0042-S-2001', 2)":null},"Palabra Clave":{"('0042-S-2001', 0)":" ","('0042-S-2001', 1)":null,"('0042-S-2001', 2)":null}}