{"Tipo de Proyecto":{"('0043-JGM-2001', 0)":"MENSAJE NRO: 0226\/01","('0043-JGM-2001', 1)":null,"('0043-JGM-2001', 2)":null},"Iniciado en: ":{"('0043-JGM-2001', 0)":"Diputados","('0043-JGM-2001', 1)":null,"('0043-JGM-2001', 2)":null},"Expediente Diputados: ":{"('0043-JGM-2001', 0)":"0043-JGM-2001","('0043-JGM-2001', 1)":null,"('0043-JGM-2001', 2)":null},"Publicado en: ":{"('0043-JGM-2001', 0)":"Tr\u00e1mite Parlamentario N\u00b0 172","('0043-JGM-2001', 1)":null,"('0043-JGM-2001', 2)":null},"Fecha: ":{"('0043-JGM-2001', 0)":"09\/11\/2001","('0043-JGM-2001', 1)":null,"('0043-JGM-2001', 2)":null},"T\u00edtulo":{"('0043-JGM-2001', 0)":"COMUNICA EL DICTADO DE LOS DECRETOS 1436\/01 Y 1439\/01, APROBANDO DIVERSOS CONVENIOS PARA MEJORAR LA COMPETITIVIDAD Y LA GENERACION DE EMPLEO Y ESTABLECIENDO UN REGIMEN DE REINTEGRO DE TASA SOBRE EL GAS OIL DESTINADO AL USO DE EMBARCACIONES DE LA FLOTA PESQUERA NACIONAL, RESPECTIVAMENTE.","('0043-JGM-2001', 1)":null,"('0043-JGM-2001', 2)":null},"('Firmantes', 'FIRMANTE')":{"('0043-JGM-2001', 0)":"DE LA RUA, FERNANDO","('0043-JGM-2001', 1)":"COLOMBO, CHRYSTIAN","('0043-JGM-2001', 2)":"MESTRE, RAMON"},"('Firmantes', 'DISTRITO')":{"('0043-JGM-2001', 0)":null,"('0043-JGM-2001', 1)":null,"('0043-JGM-2001', 2)":null},"('Firmantes', 'BLOQUE')":{"('0043-JGM-2001', 0)":"PODER EJECUTIVO","('0043-JGM-2001', 1)":"PODER EJECUTIVO","('0043-JGM-2001', 2)":"PODER EJECUTIVO"},"('Giros', 'COMISI\u00d3N')":{"('0043-JGM-2001', 0)":"BICAMERAL SEGUIMIENTO LEY 25414 (DELEGACION DE FACULTADES)","('0043-JGM-2001', 1)":null,"('0043-JGM-2001', 2)":null},"Palabra Clave":{"('0043-JGM-2001', 0)":" ","('0043-JGM-2001', 1)":null,"('0043-JGM-2001', 2)":null}}