{"Tipo de Proyecto":{"('0043-PE-2001', 0)":"MENSAJE NRO: 1408\/01","('0043-PE-2001', 1)":null,"('0043-PE-2001', 2)":null},"Iniciado en: ":{"('0043-PE-2001', 0)":"Diputados","('0043-PE-2001', 1)":null,"('0043-PE-2001', 2)":null},"Expediente Diputados: ":{"('0043-PE-2001', 0)":"0043-PE-2001","('0043-PE-2001', 1)":null,"('0043-PE-2001', 2)":null},"Publicado en: ":{"('0043-PE-2001', 0)":"Tr\u00e1mite Parlamentario N\u00b0 168","('0043-PE-2001', 1)":null,"('0043-PE-2001', 2)":null},"Fecha: ":{"('0043-PE-2001', 0)":"05\/11\/2001","('0043-PE-2001', 1)":null,"('0043-PE-2001', 2)":null},"T\u00edtulo":{"('0043-PE-2001', 0)":"DECRETO 1401\/2001 (REGIMEN ESPECIAL DE SEGURIDAD SOCIAL PARA PEQUE\u00d1OS CONTRIBUYENTES EVENTUALES).","('0043-PE-2001', 1)":null,"('0043-PE-2001', 2)":null},"('Firmantes', 'FIRMANTE')":{"('0043-PE-2001', 0)":"DE LA RUA, FERNANDO","('0043-PE-2001', 1)":"COLOMBO, CHRYSTIAN","('0043-PE-2001', 2)":"BULLRICH, PATRICIA"},"('Firmantes', 'DISTRITO')":{"('0043-PE-2001', 0)":null,"('0043-PE-2001', 1)":null,"('0043-PE-2001', 2)":null},"('Firmantes', 'BLOQUE')":{"('0043-PE-2001', 0)":"PODER EJECUTIVO","('0043-PE-2001', 1)":"PODER EJECUTIVO","('0043-PE-2001', 2)":"PODER EJECUTIVO"},"('Giros', 'COMISI\u00d3N')":{"('0043-PE-2001', 0)":"PREVISION Y SEGURIDAD SOCIAL","('0043-PE-2001', 1)":"PRESUPUESTO Y HACIENDA","('0043-PE-2001', 2)":null},"Sumario":{"('0043-PE-2001', 0)":"COMUNICACION DEL DICTADO DEL MISMO.","('0043-PE-2001', 1)":null,"('0043-PE-2001', 2)":null},"Palabra Clave":{"('0043-PE-2001', 0)":" ","('0043-PE-2001', 1)":null,"('0043-PE-2001', 2)":null}}