{"Tipo de Proyecto":{"('0043-S-2001', 0)":"PROYECTO DE RESOLUCI\u00d3N","('0043-S-2001', 1)":null,"('0043-S-2001', 2)":null,"('0043-S-2001', 3)":null,"('0043-S-2001', 4)":null},"Iniciado en: ":{"('0043-S-2001', 0)":"Senado","('0043-S-2001', 1)":null,"('0043-S-2001', 2)":null,"('0043-S-2001', 3)":null,"('0043-S-2001', 4)":null},"Expediente Diputados: ":{"('0043-S-2001', 0)":"0043-S-2001","('0043-S-2001', 1)":null,"('0043-S-2001', 2)":null,"('0043-S-2001', 3)":null,"('0043-S-2001', 4)":null},"Expediente Senado: ":{"('0043-S-2001', 0)":"0056-OV-1999","('0043-S-2001', 1)":null,"('0043-S-2001', 2)":null,"('0043-S-2001', 3)":null,"('0043-S-2001', 4)":null},"Fecha: ":{"('0043-S-2001', 0)":"30\/04\/2001","('0043-S-2001', 1)":null,"('0043-S-2001', 2)":null,"('0043-S-2001', 3)":null,"('0043-S-2001', 4)":null},"T\u00edtulo":{"('0043-S-2001', 0)":"DICTAMEN EN LA RESOLUCION REMITIDA POR LA AUDITORIA GENERAL DE LA NACION SOBRE RELEVAMIENTO DEL SISTEMA ADMINISTRATIVO CONTABLE EN EL MINISTERIO DE CULTURA DE EDUCACION.","('0043-S-2001', 1)":null,"('0043-S-2001', 2)":null,"('0043-S-2001', 3)":null,"('0043-S-2001', 4)":null},"('Firmantes', 'FIRMANTE')":{"('0043-S-2001', 0)":"PARLAMENTARIA MIXTA REVISORA DE CUENTAS","('0043-S-2001', 1)":null,"('0043-S-2001', 2)":null,"('0043-S-2001', 3)":null,"('0043-S-2001', 4)":null},"('Firmantes', 'DISTRITO')":{"('0043-S-2001', 0)":null,"('0043-S-2001', 1)":null,"('0043-S-2001', 2)":null,"('0043-S-2001', 3)":null,"('0043-S-2001', 4)":null},"('Firmantes', 'BLOQUE')":{"('0043-S-2001', 0)":null,"('0043-S-2001', 1)":null,"('0043-S-2001', 2)":null,"('0043-S-2001', 3)":null,"('0043-S-2001', 4)":null},"('Tramites', 'C\u00c1MARA')":{"('0043-S-2001', 0)":"Senado","('0043-S-2001', 1)":"Diputados","('0043-S-2001', 2)":"Diputados","('0043-S-2001', 3)":"Diputados","('0043-S-2001', 4)":"Diputados"},"('Tramites', 'MOVIMIENTO')":{"('0043-S-2001', 0)":"CONSIDERACION Y APROBACION","('0043-S-2001', 1)":"PASA A DIPUTADOS -","('0043-S-2001', 2)":"CONSIDERACION Y APROBACION","('0043-S-2001', 3)":"CONTESTACION DEL PODER EJECUTIVO NACIONAL - JEFE DE GABINETE DE MINISTROS - (0713-OV-01); GIRADA A LA COMISION RESPECTIVA (BAE 39\/01)","('0043-S-2001', 4)":"CONTESTACION DEL PODER EJECUTIVO NACIONAL - JEFE DE GABINETE DE MINISTROS - GIRADO A LA COMISION RESPECTIVA"},"('Tramites', 'FECHA')":{"('0043-S-2001', 0)":"16\/05\/2001","('0043-S-2001', 1)":null,"('0043-S-2001', 2)":"20\/06\/2001","('0043-S-2001', 3)":"28\/02\/2002","('0043-S-2001', 4)":"01\/10\/2003"},"('Tramites', 'RESULTADO')":{"('0043-S-2001', 0)":"APROBADO","('0043-S-2001', 1)":null,"('0043-S-2001', 2)":"APROBADO","('0043-S-2001', 3)":null,"('0043-S-2001', 4)":null},"Sumario":{"('0043-S-2001', 0)":"SOLICITUD AL PODER EJECUTIVO NACIONAL PARA QUE INFORME SOBRE LAS MEDIDAS ADOPTADAS PARA CORREGIR LOS PROCEDIMIENTOS OBSERVADOS.","('0043-S-2001', 1)":null,"('0043-S-2001', 2)":null,"('0043-S-2001', 3)":null,"('0043-S-2001', 4)":null},"Palabra Clave":{"('0043-S-2001', 0)":" ","('0043-S-2001', 1)":null,"('0043-S-2001', 2)":null,"('0043-S-2001', 3)":null,"('0043-S-2001', 4)":null}}