{"Tipo de Proyecto":{"('0044-JGM-2001', 0)":"MENSAJE NRO: 0229\/01","('0044-JGM-2001', 1)":null,"('0044-JGM-2001', 2)":null},"Iniciado en: ":{"('0044-JGM-2001', 0)":"Diputados","('0044-JGM-2001', 1)":null,"('0044-JGM-2001', 2)":null},"Expediente Diputados: ":{"('0044-JGM-2001', 0)":"0044-JGM-2001","('0044-JGM-2001', 1)":null,"('0044-JGM-2001', 2)":null},"Publicado en: ":{"('0044-JGM-2001', 0)":"Tr\u00e1mite Parlamentario N\u00b0 174","('0044-JGM-2001', 1)":null,"('0044-JGM-2001', 2)":null},"Fecha: ":{"('0044-JGM-2001', 0)":"13\/11\/2001","('0044-JGM-2001', 1)":null,"('0044-JGM-2001', 2)":null},"T\u00edtulo":{"('0044-JGM-2001', 0)":"DICTADO DEL DECRETO 1454\/01 POR EL CUAL SE MODIFICA LA LEY DE MINISTERIOS (LEY 22520, TEXTO ORDENADO DECRETO 438\/92).","('0044-JGM-2001', 1)":null,"('0044-JGM-2001', 2)":null},"('Firmantes', 'FIRMANTE')":{"('0044-JGM-2001', 0)":"DE LA RUA, FERNANDO","('0044-JGM-2001', 1)":"COLOMBO, CHRYSTIAN","('0044-JGM-2001', 2)":"MESTRE, RAMON"},"('Firmantes', 'DISTRITO')":{"('0044-JGM-2001', 0)":null,"('0044-JGM-2001', 1)":null,"('0044-JGM-2001', 2)":null},"('Firmantes', 'BLOQUE')":{"('0044-JGM-2001', 0)":"PODER EJECUTIVO","('0044-JGM-2001', 1)":"PODER EJECUTIVO","('0044-JGM-2001', 2)":"PODER EJECUTIVO"},"('Giros', 'COMISI\u00d3N')":{"('0044-JGM-2001', 0)":"BICAMERAL SEGUIMIENTO LEY 25414 (DELEGACION DE FACULTADES)","('0044-JGM-2001', 1)":null,"('0044-JGM-2001', 2)":null},"Sumario":{"('0044-JGM-2001', 0)":"COMUNICACION DEL DICTADO DEL MISMO; ACOMPA\u00d1A COPIA AUTENTICADA.","('0044-JGM-2001', 1)":null,"('0044-JGM-2001', 2)":null},"Palabra Clave":{"('0044-JGM-2001', 0)":" ","('0044-JGM-2001', 1)":null,"('0044-JGM-2001', 2)":null}}