{"Tipo de Proyecto":{"('0045-S-2001', 0)":"PROYECTO DE LEY"},"Iniciado en: ":{"('0045-S-2001', 0)":"Senado"},"Expediente Senado: ":{"('0045-S-2001', 0)":"0045-S-2001"},"Publicado en: ":{"('0045-S-2001', 0)":"Diario de Asuntos Entrados N\u00b0 3"},"Fecha: ":{"('0045-S-2001', 0)":"06\/03\/2001"},"T\u00edtulo":{"('0045-S-2001', 0)":"CREACION DEL PROGRAMA DE ASISTENCIA PRIMARIA DE SALUD MENTAL (PAPSM)."},"('Firmantes', 'FIRMANTE')":{"('0045-S-2001', 0)":"SAPAG, FELIPE RODOLFO"},"('Firmantes', 'DISTRITO')":{"('0045-S-2001', 0)":"NEUQUEN"},"('Firmantes', 'BLOQUE')":{"('0045-S-2001', 0)":"MOV POP NEUQUINO"},"Sumario":{"('0045-S-2001', 0)":"FUNCIONES; BENEFICIARIOS; DISPOSITIVOS Y ACTIVIDADES DEL PROGRAMA; ORGANIZACION Y COORDINACION DE REDES LOCALES, REGIONALES Y NACIONALES; RECURSOS; INVITACION A ADHERIR A LAS PROVINCIAS Y AL GOBIERNO AUTONOMO DE LA CIUDAD DE BUENOS AIRES."},"Palabra Clave":{"('0045-S-2001', 0)":" "}}