{"Tipo de Proyecto":{"('0046-JGM-2001', 0)":"MENSAJE NRO: 0236\/01"},"Iniciado en: ":{"('0046-JGM-2001', 0)":"Diputados"},"Expediente Diputados: ":{"('0046-JGM-2001', 0)":"0046-JGM-2001"},"Publicado en: ":{"('0046-JGM-2001', 0)":"Tr\u00e1mite Parlamentario N\u00b0 182"},"Fecha: ":{"('0046-JGM-2001', 0)":"23\/11\/2001"},"T\u00edtulo":{"('0046-JGM-2001', 0)":"DECRETOS 1480\/01 (INSTITUTO NACIONAL DE LOS RECURSOS DE LA SEGURIDAD SOCIAL) Y 1487\/01 (TRIBUNAL DE TASACION DE LA NACION)."},"('Firmantes', 'FIRMANTE')":{"('0046-JGM-2001', 0)":"MESTRE, RAMON"},"('Firmantes', 'DISTRITO')":{"('0046-JGM-2001', 0)":null},"('Firmantes', 'BLOQUE')":{"('0046-JGM-2001', 0)":"PODER EJECUTIVO"},"('Giros', 'COMISI\u00d3N')":{"('0046-JGM-2001', 0)":"BICAMERAL SEGUIMIENTO LEY 25414 (DELEGACION DE FACULTADES)"},"Sumario":{"('0046-JGM-2001', 0)":"COMUNICACION DE LOS MISMOS."},"Palabra Clave":{"('0046-JGM-2001', 0)":" "}}