{"Tipo de Proyecto":{"('0046-PE-2001', 0)":"MENSAJE NRO: 1442\/01 Y PROYECTO DE LEY","('0046-PE-2001', 1)":null,"('0046-PE-2001', 2)":null,"('0046-PE-2001', 3)":null},"Iniciado en: ":{"('0046-PE-2001', 0)":"Diputados","('0046-PE-2001', 1)":null,"('0046-PE-2001', 2)":null,"('0046-PE-2001', 3)":null},"Expediente Diputados: ":{"('0046-PE-2001', 0)":"0046-PE-2001","('0046-PE-2001', 1)":null,"('0046-PE-2001', 2)":null,"('0046-PE-2001', 3)":null},"Publicado en: ":{"('0046-PE-2001', 0)":"Tr\u00e1mite Parlamentario N\u00b0 172","('0046-PE-2001', 1)":null,"('0046-PE-2001', 2)":null,"('0046-PE-2001', 3)":null},"Fecha: ":{"('0046-PE-2001', 0)":"09\/11\/2001","('0046-PE-2001', 1)":null,"('0046-PE-2001', 2)":null,"('0046-PE-2001', 3)":null},"T\u00edtulo":{"('0046-PE-2001', 0)":"SE AUTORIZA EL INGRESO AL TERRITORIO NACIONAL DE FUERZAS MILITARES DE LA REPUBLICA FEDERATIVA DEL BRASIL PARA PARTICIPAR EN EL EJERCICIO DE PLANEAMIENTO DE OPERACIONES CONVENCIONALES 'FUERZAS DEL SUR'.","('0046-PE-2001', 1)":null,"('0046-PE-2001', 2)":null,"('0046-PE-2001', 3)":null},"('Firmantes', 'FIRMANTE')":{"('0046-PE-2001', 0)":"DE LA RUA, FERNANDO","('0046-PE-2001', 1)":"COLOMBO, CHRYSTIAN","('0046-PE-2001', 2)":"RODRIGUEZ GIAVARINI, ADALBERTO","('0046-PE-2001', 3)":"JAUNARENA, JOSE HORACIO"},"('Firmantes', 'DISTRITO')":{"('0046-PE-2001', 0)":null,"('0046-PE-2001', 1)":null,"('0046-PE-2001', 2)":null,"('0046-PE-2001', 3)":null},"('Firmantes', 'BLOQUE')":{"('0046-PE-2001', 0)":"PODER EJECUTIVO","('0046-PE-2001', 1)":"PODER EJECUTIVO","('0046-PE-2001', 2)":"PODER EJECUTIVO","('0046-PE-2001', 3)":"PODER EJECUTIVO"},"('Giros', 'COMISI\u00d3N')":{"('0046-PE-2001', 0)":"RELACIONES EXTERIORES Y CULTO","('0046-PE-2001', 1)":"DEFENSA NACIONAL","('0046-PE-2001', 2)":null,"('0046-PE-2001', 3)":null},"Palabra Clave":{"('0046-PE-2001', 0)":" ","('0046-PE-2001', 1)":null,"('0046-PE-2001', 2)":null,"('0046-PE-2001', 3)":null}}