{"Tipo de Proyecto":{"('0047-PE-2001', 0)":"MENSAJE NRO: 1443\/01 Y PROYECTO DE LEY","('0047-PE-2001', 1)":null,"('0047-PE-2001', 2)":null,"('0047-PE-2001', 3)":null,"('0047-PE-2001', 4)":null},"Iniciado en: ":{"('0047-PE-2001', 0)":"Diputados","('0047-PE-2001', 1)":null,"('0047-PE-2001', 2)":null,"('0047-PE-2001', 3)":null,"('0047-PE-2001', 4)":null},"Expediente Diputados: ":{"('0047-PE-2001', 0)":"0047-PE-2001","('0047-PE-2001', 1)":null,"('0047-PE-2001', 2)":null,"('0047-PE-2001', 3)":null,"('0047-PE-2001', 4)":null},"Expediente Senado: ":{"('0047-PE-2001', 0)":"0178-CD-2001","('0047-PE-2001', 1)":null,"('0047-PE-2001', 2)":null,"('0047-PE-2001', 3)":null,"('0047-PE-2001', 4)":null},"Publicado en: ":{"('0047-PE-2001', 0)":"Tr\u00e1mite Parlamentario N\u00b0 172","('0047-PE-2001', 1)":null,"('0047-PE-2001', 2)":null,"('0047-PE-2001', 3)":null,"('0047-PE-2001', 4)":null},"Fecha: ":{"('0047-PE-2001', 0)":"09\/11\/2001","('0047-PE-2001', 1)":null,"('0047-PE-2001', 2)":null,"('0047-PE-2001', 3)":null,"('0047-PE-2001', 4)":null},"T\u00edtulo":{"('0047-PE-2001', 0)":"AUTORIZACION AL SE\u00d1OR PRESIDENTE DE LA NACION PARA AUSENTARSE DEL PAIS DURANTE EL A\u00d1O 2002.","('0047-PE-2001', 1)":null,"('0047-PE-2001', 2)":null,"('0047-PE-2001', 3)":null,"('0047-PE-2001', 4)":null},"('Firmantes', 'FIRMANTE')":{"('0047-PE-2001', 0)":"DE LA RUA, FERNANDO","('0047-PE-2001', 1)":"COLOMBO, CHRYSTIAN","('0047-PE-2001', 2)":"MESTRE, RAMON","('0047-PE-2001', 3)":null,"('0047-PE-2001', 4)":null},"('Firmantes', 'DISTRITO')":{"('0047-PE-2001', 0)":null,"('0047-PE-2001', 1)":null,"('0047-PE-2001', 2)":null,"('0047-PE-2001', 3)":null,"('0047-PE-2001', 4)":null},"('Firmantes', 'BLOQUE')":{"('0047-PE-2001', 0)":"PODER EJECUTIVO","('0047-PE-2001', 1)":"PODER EJECUTIVO","('0047-PE-2001', 2)":"PODER EJECUTIVO","('0047-PE-2001', 3)":null,"('0047-PE-2001', 4)":null},"('Giros', 'COMISI\u00d3N')":{"('0047-PE-2001', 0)":"ASUNTOS CONSTITUCIONALES","('0047-PE-2001', 1)":null,"('0047-PE-2001', 2)":null,"('0047-PE-2001', 3)":null,"('0047-PE-2001', 4)":null},"('Tramites', 'C\u00c1MARA')":{"('0047-PE-2001', 0)":"Diputados","('0047-PE-2001', 1)":"Diputados","('0047-PE-2001', 2)":"Senado","('0047-PE-2001', 3)":"Senado","('0047-PE-2001', 4)":"Senado"},"('Tramites', 'MOVIMIENTO')":{"('0047-PE-2001', 0)":"CONVOCATORIA SESION ESPECIAL","('0047-PE-2001', 1)":"CONSIDERACION Y APROBACION","('0047-PE-2001', 2)":"PASA A SENADO - (DAE 135)","('0047-PE-2001', 3)":"MOCION SOBRE TABLAS (AFIRMATIVA)","('0047-PE-2001', 4)":"CONSIDERACION Y SANCION"},"('Tramites', 'FECHA')":{"('0047-PE-2001', 0)":"05\/01\/2002","('0047-PE-2001', 1)":"05\/01\/2002","('0047-PE-2001', 2)":null,"('0047-PE-2001', 3)":"06\/01\/2002","('0047-PE-2001', 4)":"06\/01\/2002"},"('Tramites', 'RESULTADO')":{"('0047-PE-2001', 0)":null,"('0047-PE-2001', 1)":"MEDIA SANCION","('0047-PE-2001', 2)":null,"('0047-PE-2001', 3)":null,"('0047-PE-2001', 4)":"SANCIONADO"},"Link":{"('0047-PE-2001', 0)":"http:\/\/www.senado.gov.ar\/web\/proyectos\/verExpe.php?origen=CD&nro_comision=&tipo=PL&numexp=178\/01&tConsulta=4","('0047-PE-2001', 1)":null,"('0047-PE-2001', 2)":null,"('0047-PE-2001', 3)":null,"('0047-PE-2001', 4)":null},"Palabra Clave":{"('0047-PE-2001', 0)":" ","('0047-PE-2001', 1)":null,"('0047-PE-2001', 2)":null,"('0047-PE-2001', 3)":null,"('0047-PE-2001', 4)":null}}