{"Tipo de Proyecto":{"('0048-S-2001', 0)":"PROYECTO DE DECLARACI\u00d3N"},"Iniciado en: ":{"('0048-S-2001', 0)":"Senado"},"Expediente Senado: ":{"('0048-S-2001', 0)":"0048-S-2001"},"Publicado en: ":{"('0048-S-2001', 0)":"Diario de Asuntos Entrados N\u00b0 3"},"Fecha: ":{"('0048-S-2001', 0)":"06\/03\/2001"},"T\u00edtulo":{"('0048-S-2001', 0)":"CELEBRACION DEL DIA INTERNACIONAL DE LA MUJER."},"('Firmantes', 'FIRMANTE')":{"('0048-S-2001', 0)":"ROMERO FERIS, JOSE ANTONIO"},"('Firmantes', 'DISTRITO')":{"('0048-S-2001', 0)":"CORRIENTES"},"('Firmantes', 'BLOQUE')":{"('0048-S-2001', 0)":"AUTONOMISTA"},"('Tramites', 'C\u00c1MARA')":{"('0048-S-2001', 0)":"Senado"},"('Tramites', 'MOVIMIENTO')":{"('0048-S-2001', 0)":"VER TRAMITE EN EXPEDIENTE 0035-S-01"},"('Tramites', 'FECHA')":{"('0048-S-2001', 0)":null},"('Tramites', 'RESULTADO')":{"('0048-S-2001', 0)":null},"Sumario":{"('0048-S-2001', 0)":"EXPRESION DE ADHESION."},"Palabra Clave":{"('0048-S-2001', 0)":" "}}