{"Tipo de Proyecto":{"('0049-PE-2001', 0)":"MENSAJE NRO: 1492\/01","('0049-PE-2001', 1)":null,"('0049-PE-2001', 2)":null},"Iniciado en: ":{"('0049-PE-2001', 0)":"Diputados","('0049-PE-2001', 1)":null,"('0049-PE-2001', 2)":null},"Expediente Diputados: ":{"('0049-PE-2001', 0)":"0049-PE-2001","('0049-PE-2001', 1)":null,"('0049-PE-2001', 2)":null},"Publicado en: ":{"('0049-PE-2001', 0)":"Tr\u00e1mite Parlamentario N\u00b0 181","('0049-PE-2001', 1)":null,"('0049-PE-2001', 2)":null},"Fecha: ":{"('0049-PE-2001', 0)":"22\/11\/2001","('0049-PE-2001', 1)":null,"('0049-PE-2001', 2)":null},"T\u00edtulo":{"('0049-PE-2001', 0)":"DECRETO 1491\/01 POR EL CUAL SE OBSERVA Y SE DEVUELVE EL PROYECTO DE LEY REGISTRADO BAJO EL NUMERO 25472 DE TRANSFERENCIA DE INMUEBLES A LA PROVINCIA DE MENDOZA. ","('0049-PE-2001', 1)":null,"('0049-PE-2001', 2)":null},"('Firmantes', 'FIRMANTE')":{"('0049-PE-2001', 0)":"DE LA RUA, FERNANDO","('0049-PE-2001', 1)":"COLOMBO, CHRYSTIAN","('0049-PE-2001', 2)":"JAUNARENA, JOSE HORACIO"},"('Firmantes', 'DISTRITO')":{"('0049-PE-2001', 0)":null,"('0049-PE-2001', 1)":null,"('0049-PE-2001', 2)":null},"('Firmantes', 'BLOQUE')":{"('0049-PE-2001', 0)":"PODER EJECUTIVO","('0049-PE-2001', 1)":"PODER EJECUTIVO","('0049-PE-2001', 2)":"PODER EJECUTIVO"},"('Giros', 'COMISI\u00d3N')":{"('0049-PE-2001', 0)":"LEGISLACION GENERAL","('0049-PE-2001', 1)":"TRANSPORTES","('0049-PE-2001', 2)":"OBRAS PUBLICAS"},"Sumario":{"('0049-PE-2001', 0)":"COMUNICACION DEL DICTADO DEL MISMO.","('0049-PE-2001', 1)":null,"('0049-PE-2001', 2)":null},"Palabra Clave":{"('0049-PE-2001', 0)":" ","('0049-PE-2001', 1)":null,"('0049-PE-2001', 2)":null}}