{"Tipo de Proyecto":{"('0050-JGM-2001', 0)":"MENSAJE NRO: 0259\/01","('0050-JGM-2001', 1)":null,"('0050-JGM-2001', 2)":null},"Iniciado en: ":{"('0050-JGM-2001', 0)":"Diputados","('0050-JGM-2001', 1)":null,"('0050-JGM-2001', 2)":null},"Expediente Diputados: ":{"('0050-JGM-2001', 0)":"0050-JGM-2001","('0050-JGM-2001', 1)":null,"('0050-JGM-2001', 2)":null},"Publicado en: ":{"('0050-JGM-2001', 0)":"Tr\u00e1mite Parlamentario N\u00b0 195","('0050-JGM-2001', 1)":null,"('0050-JGM-2001', 2)":null},"Fecha: ":{"('0050-JGM-2001', 0)":"17\/12\/2001","('0050-JGM-2001', 1)":null,"('0050-JGM-2001', 2)":null},"T\u00edtulo":{"('0050-JGM-2001', 0)":"COMUNICACION DEL DICTADO DEL DECRETO 1645\/01 POR EL CUAL SE CANCELA LA AUTORIZACION PARA EMITIR CERTIFICADOS DE CREDITO FISCAL (CCF).","('0050-JGM-2001', 1)":null,"('0050-JGM-2001', 2)":null},"('Firmantes', 'FIRMANTE')":{"('0050-JGM-2001', 0)":"DE LA RUA, FERNANDO","('0050-JGM-2001', 1)":"COLOMBO, CHRYSTIAN","('0050-JGM-2001', 2)":"MESTRE, RAMON"},"('Firmantes', 'DISTRITO')":{"('0050-JGM-2001', 0)":null,"('0050-JGM-2001', 1)":null,"('0050-JGM-2001', 2)":null},"('Firmantes', 'BLOQUE')":{"('0050-JGM-2001', 0)":"PODER EJECUTIVO","('0050-JGM-2001', 1)":"PODER EJECUTIVO","('0050-JGM-2001', 2)":"PODER EJECUTIVO"},"('Giros', 'COMISI\u00d3N')":{"('0050-JGM-2001', 0)":"BICAMERAL SEGUIMIENTO LEY 25414 (DELEGACION DE FACULTADES)","('0050-JGM-2001', 1)":null,"('0050-JGM-2001', 2)":null},"Sumario":{"('0050-JGM-2001', 0)":"SE ACOMPA\u00d1A COPIA AUTENTICADA DEL MISMO.","('0050-JGM-2001', 1)":null,"('0050-JGM-2001', 2)":null},"Palabra Clave":{"('0050-JGM-2001', 0)":" ","('0050-JGM-2001', 1)":null,"('0050-JGM-2001', 2)":null}}