{"Tipo de Proyecto":{"('0051-PE-2001', 0)":"MENSAJE NRO: 1496\/01","('0051-PE-2001', 1)":null,"('0051-PE-2001', 2)":null},"Iniciado en: ":{"('0051-PE-2001', 0)":"Diputados","('0051-PE-2001', 1)":null,"('0051-PE-2001', 2)":null},"Expediente Diputados: ":{"('0051-PE-2001', 0)":"0051-PE-2001","('0051-PE-2001', 1)":null,"('0051-PE-2001', 2)":null},"Publicado en: ":{"('0051-PE-2001', 0)":"Tr\u00e1mite Parlamentario N\u00b0 182","('0051-PE-2001', 1)":null,"('0051-PE-2001', 2)":null},"Fecha: ":{"('0051-PE-2001', 0)":"23\/11\/2001","('0051-PE-2001', 1)":null,"('0051-PE-2001', 2)":null},"T\u00edtulo":{"('0051-PE-2001', 0)":"DECRETO 1495\/01 POR EL CUAL SE MODIFICA LA LEY 24241, DE SISTEMA INTEGRADO DE JUBILACIONES Y PENSIONES.","('0051-PE-2001', 1)":null,"('0051-PE-2001', 2)":null},"('Firmantes', 'FIRMANTE')":{"('0051-PE-2001', 0)":"DE LA RUA, FERNANDO","('0051-PE-2001', 1)":"COLOMBO, CHRYSTIAN","('0051-PE-2001', 2)":"DUMON, JOSE GABRIEL"},"('Firmantes', 'DISTRITO')":{"('0051-PE-2001', 0)":null,"('0051-PE-2001', 1)":null,"('0051-PE-2001', 2)":null},"('Firmantes', 'BLOQUE')":{"('0051-PE-2001', 0)":"PODER EJECUTIVO","('0051-PE-2001', 1)":"PODER EJECUTIVO","('0051-PE-2001', 2)":"PODER EJECUTIVO"},"('Giros', 'COMISI\u00d3N')":{"('0051-PE-2001', 0)":"BICAMERAL PERMANENTE DE TRAMITE LEGISLATIVO - LEY 26122","('0051-PE-2001', 1)":null,"('0051-PE-2001', 2)":null},"('Tramites', 'C\u00c1MARA')":{"('0051-PE-2001', 0)":"Diputados","('0051-PE-2001', 1)":"Diputados","('0051-PE-2001', 2)":null},"('Tramites', 'MOVIMIENTO')":{"('0051-PE-2001', 0)":"SOLICITUD DEL PRESIDENTE DE LA COMISION BICAMERAL PERMANENTE DE TRAMITE LEGISLATIVO (LEY 26122) DE REMISION DEL EXPEDIENTE PARA SU ANALISIS (A LA PRESIDENCIA)","('0051-PE-2001', 1)":"EXPEDIENTE ORIGINALMENTE GIRADO A LAS COMISIONES DE PREVISION Y SEGURIDAD SOCIAL Y PRESUPUESTO Y HACIENDA; SE LO REMITE A LA COMISION BICAMERAL PERMANENTE DE TRAMITE LEGISLATIVO (LEY 26122)","('0051-PE-2001', 2)":null},"('Tramites', 'FECHA')":{"('0051-PE-2001', 0)":"06\/06\/2007","('0051-PE-2001', 1)":null,"('0051-PE-2001', 2)":null},"('Tramites', 'RESULTADO')":{"('0051-PE-2001', 0)":null,"('0051-PE-2001', 1)":null,"('0051-PE-2001', 2)":null},"Sumario":{"('0051-PE-2001', 0)":"COMUNICACION DEL MISMO.","('0051-PE-2001', 1)":null,"('0051-PE-2001', 2)":null},"Palabra Clave":{"('0051-PE-2001', 0)":" ","('0051-PE-2001', 1)":null,"('0051-PE-2001', 2)":null}}