{"Tipo de Proyecto":{"('0051-JGM-2001', 0)":"MENSAJE NRO \/ A\u00d1O"},"Iniciado en: ":{"('0051-JGM-2001', 0)":"Diputados"},"Expediente Diputados: ":{"('0051-JGM-2001', 0)":"0051-JGM-2001"},"Publicado en: ":{"('0051-JGM-2001', 0)":"Tr\u00e1mite Parlamentario N\u00b0 196"},"Fecha: ":{"('0051-JGM-2001', 0)":"17\/12\/2001"},"T\u00edtulo":{"('0051-JGM-2001', 0)":"AMPLIACION DEL PRESUPUESTO PARA LA ADMINISTRACION NACIONAL CORRESPONDIENTE AL EJERCICIO FISCAL 2002 (0033-JGM-01).\n\n"},"('Firmantes', 'FIRMANTE')":{"('0051-JGM-2001', 0)":"DE LA RUA, FERNANDO"},"('Firmantes', 'DISTRITO')":{"('0051-JGM-2001', 0)":null},"('Firmantes', 'BLOQUE')":{"('0051-JGM-2001', 0)":"PODER EJECUTIVO"},"('Giros', 'COMISI\u00d3N')":{"('0051-JGM-2001', 0)":"PRESUPUESTO Y HACIENDA"},"Sumario":{"('0051-JGM-2001', 0)":"FIJASE EN LA SUMA DE $39597874615 LOS GASTOS CORRIENTES Y DE CAPITAL; RECURSOS CORRIENTES Y DE CAPITAL; GASTOS FIGURATIVOS; RESULTADO FINANCIERO ESTIMADO: EQUILIBRIO; OPERACIONES DE CREDITO PUBLICO."},"Palabra Clave":{"('0051-JGM-2001', 0)":" "}}