{"Tipo de Proyecto":{"('0052-S-2001', 0)":"PROYECTO DE DECLARACI\u00d3N"},"Iniciado en: ":{"('0052-S-2001', 0)":"Senado"},"Expediente Senado: ":{"('0052-S-2001', 0)":"0052-S-2001"},"Publicado en: ":{"('0052-S-2001', 0)":"Diario de Asuntos Entrados N\u00b0 3"},"Fecha: ":{"('0052-S-2001', 0)":"06\/03\/2001"},"T\u00edtulo":{"('0052-S-2001', 0)":"III EXPOSICION FEDERAL DE LA PEQUE\u00d1A Y MEDIANA FEPYME 2001, ORGANIZADA POR LA CONFEDERACION GENERAL ECONOMICA DE LA REPUBLICA ARGENTINA, A REALIZARSE ENTRE EL 06 Y EL 09\/09\/2001, EN LA CIUDAD DE BUENOS AIRES."},"('Firmantes', 'FIRMANTE')":{"('0052-S-2001', 0)":"PRUYAS, TOMAS RUBEN"},"('Firmantes', 'DISTRITO')":{"('0052-S-2001', 0)":"CORRIENTES"},"('Firmantes', 'BLOQUE')":{"('0052-S-2001', 0)":"JUSTICIALISTA"},"('Tramites', 'C\u00c1MARA')":{"('0052-S-2001', 0)":"Senado"},"('Tramites', 'MOVIMIENTO')":{"('0052-S-2001', 0)":"CONSIDERACION Y APROBACION"},"('Tramites', 'FECHA')":{"('0052-S-2001', 0)":"03\/05\/2001"},"('Tramites', 'RESULTADO')":{"('0052-S-2001', 0)":"APROBADO"},"Sumario":{"('0052-S-2001', 0)":"DECLARACION DE INTERES DEL HONORABLE SENADO DE LA NACION."},"Palabra Clave":{"('0052-S-2001', 0)":" "}}