{"Tipo de Proyecto":{"('0054-PE-2001', 0)":"MENSAJE NRO: 1525\/01 Y PROYECTO DE LEY","('0054-PE-2001', 1)":null,"('0054-PE-2001', 2)":null,"('0054-PE-2001', 3)":null,"('0054-PE-2001', 4)":null,"('0054-PE-2001', 5)":null,"('0054-PE-2001', 6)":null},"Iniciado en: ":{"('0054-PE-2001', 0)":"Diputados","('0054-PE-2001', 1)":null,"('0054-PE-2001', 2)":null,"('0054-PE-2001', 3)":null,"('0054-PE-2001', 4)":null,"('0054-PE-2001', 5)":null,"('0054-PE-2001', 6)":null},"Expediente Diputados: ":{"('0054-PE-2001', 0)":"0054-PE-2001","('0054-PE-2001', 1)":null,"('0054-PE-2001', 2)":null,"('0054-PE-2001', 3)":null,"('0054-PE-2001', 4)":null,"('0054-PE-2001', 5)":null,"('0054-PE-2001', 6)":null},"Expediente Senado: ":{"('0054-PE-2001', 0)":"0179-CD-2001","('0054-PE-2001', 1)":null,"('0054-PE-2001', 2)":null,"('0054-PE-2001', 3)":null,"('0054-PE-2001', 4)":null,"('0054-PE-2001', 5)":null,"('0054-PE-2001', 6)":null},"Publicado en: ":{"('0054-PE-2001', 0)":"Tr\u00e1mite Parlamentario N\u00b0 184","('0054-PE-2001', 1)":null,"('0054-PE-2001', 2)":null,"('0054-PE-2001', 3)":null,"('0054-PE-2001', 4)":null,"('0054-PE-2001', 5)":null,"('0054-PE-2001', 6)":null},"Fecha: ":{"('0054-PE-2001', 0)":"27\/11\/2001","('0054-PE-2001', 1)":null,"('0054-PE-2001', 2)":null,"('0054-PE-2001', 3)":null,"('0054-PE-2001', 4)":null,"('0054-PE-2001', 5)":null,"('0054-PE-2001', 6)":null},"T\u00edtulo":{"('0054-PE-2001', 0)":"PRORROGAR HASTA EL 31 DE DICIEMBRE DE 2005 LA VIGENCIA DEL TITULO VI DE LA LEY 23966, DE IMPUESTO SOBRE LOS BIENES PERSONALES, TEXTO ORDENADO 1997 Y DE LA LEY 24977 Y MODIFICATORIAS, DE REGIMEN SIMPLIFICADO PARA PEQUE\u00d1OS CONTRIBUYENTES.","('0054-PE-2001', 1)":null,"('0054-PE-2001', 2)":null,"('0054-PE-2001', 3)":null,"('0054-PE-2001', 4)":null,"('0054-PE-2001', 5)":null,"('0054-PE-2001', 6)":null},"('Firmantes', 'FIRMANTE')":{"('0054-PE-2001', 0)":"DE LA RUA, FERNANDO","('0054-PE-2001', 1)":"COLOMBO, CHRYSTIAN","('0054-PE-2001', 2)":"CAVALLO, DOMINGO FELIPE","('0054-PE-2001', 3)":null,"('0054-PE-2001', 4)":null,"('0054-PE-2001', 5)":null,"('0054-PE-2001', 6)":null},"('Firmantes', 'DISTRITO')":{"('0054-PE-2001', 0)":null,"('0054-PE-2001', 1)":null,"('0054-PE-2001', 2)":null,"('0054-PE-2001', 3)":null,"('0054-PE-2001', 4)":null,"('0054-PE-2001', 5)":null,"('0054-PE-2001', 6)":null},"('Firmantes', 'BLOQUE')":{"('0054-PE-2001', 0)":"PODER EJECUTIVO","('0054-PE-2001', 1)":"PODER EJECUTIVO","('0054-PE-2001', 2)":"PODER EJECUTIVO","('0054-PE-2001', 3)":null,"('0054-PE-2001', 4)":null,"('0054-PE-2001', 5)":null,"('0054-PE-2001', 6)":null},"('Giros', 'COMISI\u00d3N')":{"('0054-PE-2001', 0)":"PRESUPUESTO Y HACIENDA","('0054-PE-2001', 1)":null,"('0054-PE-2001', 2)":null,"('0054-PE-2001', 3)":null,"('0054-PE-2001', 4)":null,"('0054-PE-2001', 5)":null,"('0054-PE-2001', 6)":null},"('Tramites', 'C\u00c1MARA')":{"('0054-PE-2001', 0)":"Diputados","('0054-PE-2001', 1)":"Diputados","('0054-PE-2001', 2)":"Senado","('0054-PE-2001', 3)":"Senado","('0054-PE-2001', 4)":"Senado","('0054-PE-2001', 5)":"Senado","('0054-PE-2001', 6)":"Senado"},"('Tramites', 'MOVIMIENTO')":{"('0054-PE-2001', 0)":"CONVOCATORIA SESION ESPECIAL","('0054-PE-2001', 1)":"CONSIDERACION Y APROBACION","('0054-PE-2001', 2)":"PASA A SENADO - (DAE 135)","('0054-PE-2001', 3)":"MOCION SOBRE TABLAS (AFIRMATIVA)","('0054-PE-2001', 4)":"CONSTITUCION CAMARA EN COMISION","('0054-PE-2001', 5)":"CONFERENCIA","('0054-PE-2001', 6)":"CONSIDERACION Y SANCION"},"('Tramites', 'FECHA')":{"('0054-PE-2001', 0)":"05\/01\/2002","('0054-PE-2001', 1)":"05\/01\/2002","('0054-PE-2001', 2)":null,"('0054-PE-2001', 3)":"06\/01\/2002","('0054-PE-2001', 4)":"06\/01\/2002","('0054-PE-2001', 5)":"06\/01\/2002","('0054-PE-2001', 6)":"06\/01\/2002"},"('Tramites', 'RESULTADO')":{"('0054-PE-2001', 0)":null,"('0054-PE-2001', 1)":"MEDIA SANCION","('0054-PE-2001', 2)":null,"('0054-PE-2001', 3)":null,"('0054-PE-2001', 4)":null,"('0054-PE-2001', 5)":null,"('0054-PE-2001', 6)":"SANCIONADO"},"Sumario":{"('0054-PE-2001', 0)":"SUSTITUCION EN EL ARTICULO 6 DE LA LEY 23427 DE FONDO PARA EDUCACION Y PROMOCION COOPERATIVA, DE LA EXPRESION '16 PERIODOS FISCALES' POR '20 PERIODOS FISCALES; VIGENCIA A PARTIR DEL 1 DE ENERO DE 2002.","('0054-PE-2001', 1)":null,"('0054-PE-2001', 2)":null,"('0054-PE-2001', 3)":null,"('0054-PE-2001', 4)":null,"('0054-PE-2001', 5)":null,"('0054-PE-2001', 6)":null},"Palabra Clave":{"('0054-PE-2001', 0)":" ","('0054-PE-2001', 1)":null,"('0054-PE-2001', 2)":null,"('0054-PE-2001', 3)":null,"('0054-PE-2001', 4)":null,"('0054-PE-2001', 5)":null,"('0054-PE-2001', 6)":null}}