{"Tipo de Proyecto":{"('0054-S-2001', 0)":"PROYECTO DE DECLARACI\u00d3N"},"Iniciado en: ":{"('0054-S-2001', 0)":"Senado"},"Expediente Senado: ":{"('0054-S-2001', 0)":"0054-S-2001"},"Publicado en: ":{"('0054-S-2001', 0)":"Diario de Asuntos Entrados N\u00b0 3"},"Fecha: ":{"('0054-S-2001', 0)":"06\/03\/2001"},"T\u00edtulo":{"('0054-S-2001', 0)":"DECLARAR EN ESTADO DE EMERGENCIA ECOLOGICA AL EMBALSE DE RIO HONDO, PROVINCIA DE SANTIAGO DEL ESTERO."},"('Firmantes', 'FIRMANTE')":{"('0054-S-2001', 0)":"MENEGHINI, JAVIER REYNALDO"},"('Firmantes', 'DISTRITO')":{"('0054-S-2001', 0)":"SANTIAGO DEL ESTERO"},"('Firmantes', 'BLOQUE')":{"('0054-S-2001', 0)":"UCR"},"('Tramites', 'C\u00c1MARA')":{"('0054-S-2001', 0)":"Senado"},"('Tramites', 'MOVIMIENTO')":{"('0054-S-2001', 0)":"CONSIDERACION Y APROBACION CONJUNTAMENTE PARA LOS EXPEDIENTES 1885-S-2000 y 0054-S-2001"},"('Tramites', 'FECHA')":{"('0054-S-2001', 0)":"18\/09\/2001"},"('Tramites', 'RESULTADO')":{"('0054-S-2001', 0)":"APROBADO"},"Sumario":{"('0054-S-2001', 0)":"SOLICITUD AL PODER EJECUTIVO NACIONAL."},"Palabra Clave":{"('0054-S-2001', 0)":" "}}