{"Tipo de Proyecto":{"('0055-S-2001', 0)":"PROYECTO DE DECLARACI\u00d3N"},"Iniciado en: ":{"('0055-S-2001', 0)":"Senado"},"Expediente Senado: ":{"('0055-S-2001', 0)":"0055-S-2001"},"Publicado en: ":{"('0055-S-2001', 0)":"Diario de Asuntos Entrados N\u00b0 3"},"Fecha: ":{"('0055-S-2001', 0)":"06\/03\/2001"},"T\u00edtulo":{"('0055-S-2001', 0)":"DESARROLLO EN EL CENTRO ATOMICO BARILOCHE DE UN NUEVO SISTEMA DE ENRIQUECIMIENTO DE URANIO."},"('Firmantes', 'FIRMANTE')":{"('0055-S-2001', 0)":"LEON, LUIS A."},"('Firmantes', 'DISTRITO')":{"('0055-S-2001', 0)":"CHACO"},"('Firmantes', 'BLOQUE')":{"('0055-S-2001', 0)":"UCR"},"('Tramites', 'C\u00c1MARA')":{"('0055-S-2001', 0)":"Senado"},"('Tramites', 'MOVIMIENTO')":{"('0055-S-2001', 0)":"CONSIDERACION Y APROBACION CONJUNTAMENTE PARA LOS EXPEDIENTES 0064-S-2001, 0055-S-2001 y 0175-S-2001"},"('Tramites', 'FECHA')":{"('0055-S-2001', 0)":"16\/05\/2001"},"('Tramites', 'RESULTADO')":{"('0055-S-2001', 0)":"APROBADO"},"Sumario":{"('0055-S-2001', 0)":"EXPRESION DE BENEPLACITO."},"Palabra Clave":{"('0055-S-2001', 0)":" "}}