{"Tipo de Proyecto":{"('0056-S-2001', 0)":"PROYECTO DE DECLARACI\u00d3N"},"Iniciado en: ":{"('0056-S-2001', 0)":"Senado"},"Expediente Senado: ":{"('0056-S-2001', 0)":"0056-S-2001"},"Publicado en: ":{"('0056-S-2001', 0)":"Diario de Asuntos Entrados N\u00b0 3"},"Fecha: ":{"('0056-S-2001', 0)":"06\/03\/2001"},"T\u00edtulo":{"('0056-S-2001', 0)":"CELEBRACION DEL DIA INTERNACIONAL DE LA MUJER."},"('Firmantes', 'FIRMANTE')":{"('0056-S-2001', 0)":"ZALAZAR, HORACIO ANIBAL"},"('Firmantes', 'DISTRITO')":{"('0056-S-2001', 0)":"CHACO"},"('Firmantes', 'BLOQUE')":{"('0056-S-2001', 0)":"JUSTICIALISTA"},"('Tramites', 'C\u00c1MARA')":{"('0056-S-2001', 0)":"Senado"},"('Tramites', 'MOVIMIENTO')":{"('0056-S-2001', 0)":"CONSIDERACION Y APROBACION"},"('Tramites', 'FECHA')":{"('0056-S-2001', 0)":"16\/05\/2001"},"('Tramites', 'RESULTADO')":{"('0056-S-2001', 0)":"APROBADO"},"Sumario":{"('0056-S-2001', 0)":"EXPRESION DE ADHESION."},"Palabra Clave":{"('0056-S-2001', 0)":" "}}