{"Tipo de Proyecto":{"('0056-PE-2001', 0)":"MENSAJE NRO: 1573\/01","('0056-PE-2001', 1)":null,"('0056-PE-2001', 2)":null},"Iniciado en: ":{"('0056-PE-2001', 0)":"Diputados","('0056-PE-2001', 1)":null,"('0056-PE-2001', 2)":null},"Expediente Diputados: ":{"('0056-PE-2001', 0)":"0056-PE-2001","('0056-PE-2001', 1)":null,"('0056-PE-2001', 2)":null},"Publicado en: ":{"('0056-PE-2001', 0)":"Tr\u00e1mite Parlamentario N\u00b0 188","('0056-PE-2001', 1)":null,"('0056-PE-2001', 2)":null},"Fecha: ":{"('0056-PE-2001', 0)":"03\/12\/2001","('0056-PE-2001', 1)":null,"('0056-PE-2001', 2)":null},"T\u00edtulo":{"('0056-PE-2001', 0)":"DICTADO DEL DECRETO 1572\/01, SOBRE EL PRESUPUESTO PARA EL A\u00d1O 2001.","('0056-PE-2001', 1)":null,"('0056-PE-2001', 2)":null},"('Firmantes', 'FIRMANTE')":{"('0056-PE-2001', 0)":"DE LA RUA, FERNANDO","('0056-PE-2001', 1)":"COLOMBO, CHRYSTIAN","('0056-PE-2001', 2)":"CAVALLO, DOMINGO FELIPE"},"('Firmantes', 'DISTRITO')":{"('0056-PE-2001', 0)":null,"('0056-PE-2001', 1)":null,"('0056-PE-2001', 2)":null},"('Firmantes', 'BLOQUE')":{"('0056-PE-2001', 0)":"PODER EJECUTIVO","('0056-PE-2001', 1)":"PODER EJECUTIVO","('0056-PE-2001', 2)":"PODER EJECUTIVO"},"('Giros', 'COMISI\u00d3N')":{"('0056-PE-2001', 0)":"BICAMERAL PERMANENTE DE TRAMITE LEGISLATIVO - LEY 26122","('0056-PE-2001', 1)":null,"('0056-PE-2001', 2)":null},"('Tramites', 'C\u00c1MARA')":{"('0056-PE-2001', 0)":"Diputados","('0056-PE-2001', 1)":"Diputados","('0056-PE-2001', 2)":null},"('Tramites', 'MOVIMIENTO')":{"('0056-PE-2001', 0)":"SOLICITUD DEL PRESIDENTE DE LA COMISION BICAMERAL PERMANENTE DE TRAMITE LEGISLATIVO (LEY 26122) DE REMISION DEL EXPEDIENTE PARA SU ANALISIS (A LA PRESIDENCIA)","('0056-PE-2001', 1)":"EXPEDIENTE ORIGINALMENTE GIRADO A LAS COMISION DE PRESUPUESTO Y HACIENDA; SE LO REMITE A LA COMISION BICAMERAL PERMANENTE DE TRAMITE LEGISLATIVO (LEY 26122)","('0056-PE-2001', 2)":null},"('Tramites', 'FECHA')":{"('0056-PE-2001', 0)":"18\/07\/2007","('0056-PE-2001', 1)":null,"('0056-PE-2001', 2)":null},"('Tramites', 'RESULTADO')":{"('0056-PE-2001', 0)":null,"('0056-PE-2001', 1)":null,"('0056-PE-2001', 2)":null},"Sumario":{"('0056-PE-2001', 0)":"COMUNICACION DEL MISMO.","('0056-PE-2001', 1)":null,"('0056-PE-2001', 2)":null},"Palabra Clave":{"('0056-PE-2001', 0)":" ","('0056-PE-2001', 1)":null,"('0056-PE-2001', 2)":null}}