{"Tipo de Proyecto":{"('0059-OV-2001', 0)":"PROYECTO DE RESOLUCI\u00d3N"},"Iniciado en: ":{"('0059-OV-2001', 0)":"Senado"},"Expediente Senado: ":{"('0059-OV-2001', 0)":"0059-OV-2001"},"Fecha: ":{"('0059-OV-2001', 0)":"16\/07\/2003"},"T\u00edtulo":{"('0059-OV-2001', 0)":"RESOLUCION REMITIDA POR LA AUDITORIA GENERAL DE LA NACION SOBRE BONOS DE CONSOLIDACION EN MONEDA NACIONAL - PROVEEDORES SERIE 1, PERIODO 11 DE ENERO DE 1999 AL 31 DE DICIEMBRE DE 1999."},"('Firmantes', 'FIRMANTE')":{"('0059-OV-2001', 0)":"PARLAMENTARIA MIXTA REVISORA DE CUENTAS"},"('Firmantes', 'DISTRITO')":{"('0059-OV-2001', 0)":null},"('Firmantes', 'BLOQUE')":{"('0059-OV-2001', 0)":null},"('Tramites', 'C\u00c1MARA')":{"('0059-OV-2001', 0)":"Senado"},"('Tramites', 'MOVIMIENTO')":{"('0059-OV-2001', 0)":"CONSIDERACION Y APROBACION (AL ARCHIVO)"},"('Tramites', 'FECHA')":{"('0059-OV-2001', 0)":"06\/08\/2003"},"('Tramites', 'RESULTADO')":{"('0059-OV-2001', 0)":"ARCHIVADO"},"Sumario":{"('0059-OV-2001', 0)":"HABIENDO TOMADO CONOCIMIENTO, SE ACONSEJA SU REMISION AL ARCHIVO."},"Palabra Clave":{"('0059-OV-2001', 0)":" "}}