{"Tipo de Proyecto":{"('0062-S-2001', 0)":"PROYECTO DE DECLARACI\u00d3N"},"Iniciado en: ":{"('0062-S-2001', 0)":"Senado"},"Expediente Senado: ":{"('0062-S-2001', 0)":"0062-S-2001"},"Publicado en: ":{"('0062-S-2001', 0)":"Diario de Asuntos Entrados N\u00b0 4"},"Fecha: ":{"('0062-S-2001', 0)":"07\/03\/2001"},"T\u00edtulo":{"('0062-S-2001', 0)":"MANUAL 'MALVINAS: NUESTRAS ISLAS',  DEL AUTOR MARCELO JUAN LOPEZ."},"('Firmantes', 'FIRMANTE')":{"('0062-S-2001', 0)":"PALACIOS, GERARDO LUIS"},"('Firmantes', 'DISTRITO')":{"('0062-S-2001', 0)":"TIERRA DEL FUEGO"},"('Firmantes', 'BLOQUE')":{"('0062-S-2001', 0)":"JUSTICIALISTA"},"('Tramites', 'C\u00c1MARA')":{"('0062-S-2001', 0)":"Senado"},"('Tramites', 'MOVIMIENTO')":{"('0062-S-2001', 0)":"CONSIDERACION Y APROBACION"},"('Tramites', 'FECHA')":{"('0062-S-2001', 0)":"25\/09\/2002"},"('Tramites', 'RESULTADO')":{"('0062-S-2001', 0)":"APROBADO"},"Sumario":{"('0062-S-2001', 0)":"DECLARACION DE INTERES PARLAMENTARIO."},"Palabra Clave":{"('0062-S-2001', 0)":" "}}