{"Tipo de Proyecto":{"('0063-PE-2001', 0)":"MENSAJE NRO: 1643\/01","('0063-PE-2001', 1)":null,"('0063-PE-2001', 2)":null},"Iniciado en: ":{"('0063-PE-2001', 0)":"Diputados","('0063-PE-2001', 1)":null,"('0063-PE-2001', 2)":null},"Expediente Diputados: ":{"('0063-PE-2001', 0)":"0063-PE-2001","('0063-PE-2001', 1)":null,"('0063-PE-2001', 2)":null},"Publicado en: ":{"('0063-PE-2001', 0)":"Tr\u00e1mite Parlamentario N\u00b0 194","('0063-PE-2001', 1)":null,"('0063-PE-2001', 2)":null},"Fecha: ":{"('0063-PE-2001', 0)":"11\/12\/2001","('0063-PE-2001', 1)":null,"('0063-PE-2001', 2)":null},"T\u00edtulo":{"('0063-PE-2001', 0)":"DICTADO DEL DECRETO 1642\/01 POR EL CUAL SE PRORROGAN LAS SESIONES EXTRAORDINARIAS DEL H CONGRESO DE LA NACION HASTA EL 28 DE FEBRERO DE 2002.","('0063-PE-2001', 1)":null,"('0063-PE-2001', 2)":null},"('Firmantes', 'FIRMANTE')":{"('0063-PE-2001', 0)":"DE LA RUA, FERNANDO","('0063-PE-2001', 1)":"COLOMBO, CHRYSTIAN","('0063-PE-2001', 2)":"MESTRE, RAMON"},"('Firmantes', 'DISTRITO')":{"('0063-PE-2001', 0)":null,"('0063-PE-2001', 1)":null,"('0063-PE-2001', 2)":null},"('Firmantes', 'BLOQUE')":{"('0063-PE-2001', 0)":"PODER EJECUTIVO","('0063-PE-2001', 1)":"PODER EJECUTIVO","('0063-PE-2001', 2)":"PODER EJECUTIVO"},"('Giros', 'COMISI\u00d3N')":{"('0063-PE-2001', 0)":"A LA PRESIDENCIA","('0063-PE-2001', 1)":null,"('0063-PE-2001', 2)":null},"Sumario":{"('0063-PE-2001', 0)":"COMUNICACION DEL MISMO.","('0063-PE-2001', 1)":null,"('0063-PE-2001', 2)":null},"Palabra Clave":{"('0063-PE-2001', 0)":" ","('0063-PE-2001', 1)":null,"('0063-PE-2001', 2)":null}}