{"Tipo de Proyecto":{"('0064-S-2001', 0)":"PROYECTO DE DECLARACI\u00d3N"},"Iniciado en: ":{"('0064-S-2001', 0)":"Senado"},"Expediente Senado: ":{"('0064-S-2001', 0)":"0064-S-2001"},"Publicado en: ":{"('0064-S-2001', 0)":"Diario de Asuntos Entrados N\u00b0 4"},"Fecha: ":{"('0064-S-2001', 0)":"07\/03\/2001"},"T\u00edtulo":{"('0064-S-2001', 0)":"LOGRO CIENTIFICO DEL CENTRO ATOMICO BARILOCHE, QUE PERMITIRA FABRICAR A BAJO COSTO EL COMBUSTIBLE QUE USAN LOS REACTORES NUCLEARES."},"('Firmantes', 'FIRMANTE')":{"('0064-S-2001', 0)":"OUDIN, ERNESTO RENE"},"('Firmantes', 'DISTRITO')":{"('0064-S-2001', 0)":"MISIONES"},"('Firmantes', 'BLOQUE')":{"('0064-S-2001', 0)":"JUSTICIALISTA"},"('Tramites', 'C\u00c1MARA')":{"('0064-S-2001', 0)":"Senado"},"('Tramites', 'MOVIMIENTO')":{"('0064-S-2001', 0)":"CONSIDERACION Y APROBACION CONJUNTAMENTE PARA LOS EXPEDIENTES 0064-S-2001, 0055-S-2001 y 0175-S-2001"},"('Tramites', 'FECHA')":{"('0064-S-2001', 0)":"16\/05\/2001"},"('Tramites', 'RESULTADO')":{"('0064-S-2001', 0)":"APROBADO"},"Sumario":{"('0064-S-2001', 0)":"DECLARACION DE INTERES PARLAMENTARIO."},"Palabra Clave":{"('0064-S-2001', 0)":" "}}