{"Tipo de Proyecto":{"('0065-S-2001', 0)":"PROYECTO DE DECLARACI\u00d3N"},"Iniciado en: ":{"('0065-S-2001', 0)":"Senado"},"Expediente Senado: ":{"('0065-S-2001', 0)":"0065-S-2001"},"Publicado en: ":{"('0065-S-2001', 0)":"Diario de Asuntos Entrados N\u00b0 4"},"Fecha: ":{"('0065-S-2001', 0)":"07\/03\/2001"},"T\u00edtulo":{"('0065-S-2001', 0)":"ENCICLOPEDIA DE MISIONES, COMPILADA EN DISCO COMPACTO DIGITAL, POR LA PERIODISTA MISIONERA PATRICIA BERTOLOTTI."},"('Firmantes', 'FIRMANTE')":{"('0065-S-2001', 0)":"OUDIN, ERNESTO RENE"},"('Firmantes', 'DISTRITO')":{"('0065-S-2001', 0)":"MISIONES"},"('Firmantes', 'BLOQUE')":{"('0065-S-2001', 0)":"JUSTICIALISTA"},"Sumario":{"('0065-S-2001', 0)":"DECLARACION DE INTERES DEL HONORABLE SENADO."},"Palabra Clave":{"('0065-S-2001', 0)":" "}}