{"Tipo de Proyecto":{"('0065-PE-2001', 0)":"MENSAJE NRO: 1667\/01","('0065-PE-2001', 1)":null,"('0065-PE-2001', 2)":null},"Iniciado en: ":{"('0065-PE-2001', 0)":"Diputados","('0065-PE-2001', 1)":null,"('0065-PE-2001', 2)":null},"Expediente Diputados: ":{"('0065-PE-2001', 0)":"0065-PE-2001","('0065-PE-2001', 1)":null,"('0065-PE-2001', 2)":null},"Publicado en: ":{"('0065-PE-2001', 0)":"Tr\u00e1mite Parlamentario N\u00b0 197","('0065-PE-2001', 1)":null,"('0065-PE-2001', 2)":null},"Fecha: ":{"('0065-PE-2001', 0)":"18\/12\/2001","('0065-PE-2001', 1)":null,"('0065-PE-2001', 2)":null},"T\u00edtulo":{"('0065-PE-2001', 0)":"DECRETO 1676\/01 POR EL CUAL SE MODIFICA EL ANEXO DEL DECRETO 380\/01 Y SUS MODIFICACIONES, DONDE SE APROBO LA REGLAMENTACION DEL IMPUESTO SOBRE LOS DEBITOS Y CREDITOS EN CUENTA CORRIENTE BANCARIA.","('0065-PE-2001', 1)":null,"('0065-PE-2001', 2)":null},"('Firmantes', 'FIRMANTE')":{"('0065-PE-2001', 0)":"DE LA RUA, FERNANDO","('0065-PE-2001', 1)":"COLOMBO, CHRYSTIAN","('0065-PE-2001', 2)":"CAVALLO, DOMINGO FELIPE"},"('Firmantes', 'DISTRITO')":{"('0065-PE-2001', 0)":null,"('0065-PE-2001', 1)":null,"('0065-PE-2001', 2)":null},"('Firmantes', 'BLOQUE')":{"('0065-PE-2001', 0)":"PODER EJECUTIVO","('0065-PE-2001', 1)":"PODER EJECUTIVO","('0065-PE-2001', 2)":"PODER EJECUTIVO"},"('Giros', 'COMISI\u00d3N')":{"('0065-PE-2001', 0)":"FINANZAS","('0065-PE-2001', 1)":"PRESUPUESTO Y HACIENDA","('0065-PE-2001', 2)":null},"Sumario":{"('0065-PE-2001', 0)":"COMUNICACION DEL DICTADO DEL MISMO.","('0065-PE-2001', 1)":null,"('0065-PE-2001', 2)":null},"Palabra Clave":{"('0065-PE-2001', 0)":" ","('0065-PE-2001', 1)":null,"('0065-PE-2001', 2)":null}}