{"Tipo de Proyecto":{"('0067-S-2001', 0)":"PROYECTO DE DECLARACI\u00d3N"},"Iniciado en: ":{"('0067-S-2001', 0)":"Senado"},"Expediente Senado: ":{"('0067-S-2001', 0)":"0067-S-2001"},"Publicado en: ":{"('0067-S-2001', 0)":"Diario de Asuntos Entrados N\u00b0 4"},"Fecha: ":{"('0067-S-2001', 0)":"07\/03\/2001"},"T\u00edtulo":{"('0067-S-2001', 0)":"VI SEMINARIO INTERNACIONAL DE LA RII-RED INTERNACIONAL DE INVESTIGADORES EN GLOBALIZACION Y TERRITORIO, ORGANIZADO POR LA FACULTAD DE CIENCIAS ECONOMICAS Y ESTADISTICAS DE LA UNIVERSIDAD NACIONAL DE ROSARIO, A REALIZARSE LOS DIAS 2, 3 Y 4 DE MAYO DE 2001."},"('Firmantes', 'FIRMANTE')":{"('0067-S-2001', 0)":"LOPEZ, ALCIDES HUMBERTO"},"('Firmantes', 'DISTRITO')":{"('0067-S-2001', 0)":"ENTRE RIOS"},"('Firmantes', 'BLOQUE')":{"('0067-S-2001', 0)":"UCR"},"('Tramites', 'C\u00c1MARA')":{"('0067-S-2001', 0)":"Senado"},"('Tramites', 'MOVIMIENTO')":{"('0067-S-2001', 0)":"CONSIDERACION Y APROBACION"},"('Tramites', 'FECHA')":{"('0067-S-2001', 0)":"04\/04\/2001"},"('Tramites', 'RESULTADO')":{"('0067-S-2001', 0)":"APROBADO"},"Sumario":{"('0067-S-2001', 0)":"DECLARACION DE INTERES PARLAMENTARIO."},"Palabra Clave":{"('0067-S-2001', 0)":" "}}