{"Tipo de Proyecto":{"('0068-PE-2001', 0)":"MENSAJE NRO: 0038\/01","('0068-PE-2001', 1)":null,"('0068-PE-2001', 2)":null},"Iniciado en: ":{"('0068-PE-2001', 0)":"Diputados","('0068-PE-2001', 1)":null,"('0068-PE-2001', 2)":null},"Expediente Diputados: ":{"('0068-PE-2001', 0)":"0068-PE-2001","('0068-PE-2001', 1)":null,"('0068-PE-2001', 2)":null},"Publicado en: ":{"('0068-PE-2001', 0)":"Tr\u00e1mite Parlamentario N\u00b0 200","('0068-PE-2001', 1)":null,"('0068-PE-2001', 2)":null},"Fecha: ":{"('0068-PE-2001', 0)":"27\/12\/2001","('0068-PE-2001', 1)":null,"('0068-PE-2001', 2)":null},"T\u00edtulo":{"('0068-PE-2001', 0)":"DECRETO 37\/01 POR EL CUAL SE OBSERVA EL PROYECTO DE LEY REGISTRADO BAJO EL NUMERO 25548, SOBRE EMPRESAS DE BASE TECNOLOGICA SISTEMA NACIONAL DE CAPITALES DE RIESGO","('0068-PE-2001', 1)":null,"('0068-PE-2001', 2)":null},"('Firmantes', 'FIRMANTE')":{"('0068-PE-2001', 0)":"RODRIGUEZ SAA, ADOLFO","('0068-PE-2001', 1)":"LUSQUI\u00d1OS, LUIS BERNARDO","('0068-PE-2001', 2)":"BRITOS, ORALDO N."},"('Firmantes', 'DISTRITO')":{"('0068-PE-2001', 0)":null,"('0068-PE-2001', 1)":null,"('0068-PE-2001', 2)":null},"('Firmantes', 'BLOQUE')":{"('0068-PE-2001', 0)":"PODER EJECUTIVO","('0068-PE-2001', 1)":"PODER EJECUTIVO","('0068-PE-2001', 2)":"PODER EJECUTIVO"},"('Giros', 'COMISI\u00d3N')":{"('0068-PE-2001', 0)":"CIENCIA Y TECNOLOGIA","('0068-PE-2001', 1)":"FINANZAS","('0068-PE-2001', 2)":"PRESUPUESTO Y HACIENDA"},"Sumario":{"('0068-PE-2001', 0)":"COMUNICACION DEL DICTADO DEL MISMO.","('0068-PE-2001', 1)":null,"('0068-PE-2001', 2)":null},"Palabra Clave":{"('0068-PE-2001', 0)":" ","('0068-PE-2001', 1)":null,"('0068-PE-2001', 2)":null}}