{"Tipo de Proyecto":{"('0070-S-2001', 0)":"PROYECTO DE DECLARACI\u00d3N"},"Iniciado en: ":{"('0070-S-2001', 0)":"Senado"},"Expediente Senado: ":{"('0070-S-2001', 0)":"0070-S-2001"},"Publicado en: ":{"('0070-S-2001', 0)":"Diario de Asuntos Entrados N\u00b0 4"},"Fecha: ":{"('0070-S-2001', 0)":"07\/03\/2001"},"T\u00edtulo":{"('0070-S-2001', 0)":"CRUCE A NADO DEL CANAL DE BEAGLE POR LA ATLETA MARIA INES MATO."},"('Firmantes', 'FIRMANTE')":{"('0070-S-2001', 0)":"SAGER, HUGO ABEL"},"('Firmantes', 'DISTRITO')":{"('0070-S-2001', 0)":"CHACO"},"('Firmantes', 'BLOQUE')":{"('0070-S-2001', 0)":"JUSTICIALISTA"},"('Tramites', 'C\u00c1MARA')":{"('0070-S-2001', 0)":"Senado"},"('Tramites', 'MOVIMIENTO')":{"('0070-S-2001', 0)":"CONSIDERACION Y APROBACION"},"('Tramites', 'FECHA')":{"('0070-S-2001', 0)":"13\/06\/2001"},"('Tramites', 'RESULTADO')":{"('0070-S-2001', 0)":"APROBADO"},"Sumario":{"('0070-S-2001', 0)":"EXPRESION DE BENEPLACITO."},"Palabra Clave":{"('0070-S-2001', 0)":" "}}