{"Tipo de Proyecto":{"('0070-PE-2001', 0)":"MENSAJE NRO: 0031\/01","('0070-PE-2001', 1)":null,"('0070-PE-2001', 2)":null},"Iniciado en: ":{"('0070-PE-2001', 0)":"Diputados","('0070-PE-2001', 1)":null,"('0070-PE-2001', 2)":null},"Expediente Diputados: ":{"('0070-PE-2001', 0)":"0070-PE-2001","('0070-PE-2001', 1)":null,"('0070-PE-2001', 2)":null},"Publicado en: ":{"('0070-PE-2001', 0)":"Tr\u00e1mite Parlamentario N\u00b0 200","('0070-PE-2001', 1)":null,"('0070-PE-2001', 2)":null},"Fecha: ":{"('0070-PE-2001', 0)":"27\/12\/2001","('0070-PE-2001', 1)":null,"('0070-PE-2001', 2)":null},"T\u00edtulo":{"('0070-PE-2001', 0)":"DECRETO 30\/01 POR EL CUAL SE DESAFECTA DEL SERVICIO EL PARQUE AUTOMOTOR PROPIEDAD DEL ESTADO NACIONAL ASIGNADO A FUNCIONARIOS Y EMPLEADOS DE LAS DEPENDENCIAS DEL PODER EJECUTIVO.","('0070-PE-2001', 1)":null,"('0070-PE-2001', 2)":null},"('Firmantes', 'FIRMANTE')":{"('0070-PE-2001', 0)":"RODRIGUEZ SAA, ADOLFO","('0070-PE-2001', 1)":"LUSQUI\u00d1OS, LUIS BERNARDO","('0070-PE-2001', 2)":"BRITOS, ORALDO N."},"('Firmantes', 'DISTRITO')":{"('0070-PE-2001', 0)":null,"('0070-PE-2001', 1)":null,"('0070-PE-2001', 2)":null},"('Firmantes', 'BLOQUE')":{"('0070-PE-2001', 0)":"PODER EJECUTIVO","('0070-PE-2001', 1)":"PODER EJECUTIVO","('0070-PE-2001', 2)":"PODER EJECUTIVO"},"('Giros', 'COMISI\u00d3N')":{"('0070-PE-2001', 0)":"PRESUPUESTO Y HACIENDA","('0070-PE-2001', 1)":null,"('0070-PE-2001', 2)":null},"Sumario":{"('0070-PE-2001', 0)":"COMUNICACION DEL DICTADO DEL MISMO.","('0070-PE-2001', 1)":null,"('0070-PE-2001', 2)":null},"Palabra Clave":{"('0070-PE-2001', 0)":" ","('0070-PE-2001', 1)":null,"('0070-PE-2001', 2)":null}}