{"Tipo de Proyecto":{"('0071-S-2001', 0)":"COMUNICACION"},"Iniciado en: ":{"('0071-S-2001', 0)":"Senado"},"Expediente Senado: ":{"('0071-S-2001', 0)":"0071-S-2001"},"Publicado en: ":{"('0071-S-2001', 0)":"Diario de Asuntos Entrados N\u00b0 4"},"Fecha: ":{"('0071-S-2001', 0)":"07\/03\/2001"},"T\u00edtulo":{"('0071-S-2001', 0)":"PEDIDO DE INFORMES: SOBRE LOS CONTROLES REALIZADOS POR SENASA PARA PREVENIR EL MAL DE LA VACA LOCA."},"('Firmantes', 'FIRMANTE')":{"('0071-S-2001', 0)":"ALASINO, AUGUSTO JOSE M."},"('Firmantes', 'DISTRITO')":{"('0071-S-2001', 0)":"ENTRE RIOS"},"('Firmantes', 'BLOQUE')":{"('0071-S-2001', 0)":"JUSTICIALISTA"},"('Tramites', 'C\u00c1MARA')":{"('0071-S-2001', 0)":"Senado"},"('Tramites', 'MOVIMIENTO')":{"('0071-S-2001', 0)":"CONSIDERACION Y APROBACION"},"('Tramites', 'FECHA')":{"('0071-S-2001', 0)":"13\/06\/2001"},"('Tramites', 'RESULTADO')":{"('0071-S-2001', 0)":"APROBADO"},"Sumario":{"('0071-S-2001', 0)":"SOLICITUD AL PODER EJECUTIVO NACIONAL."},"Palabra Clave":{"('0071-S-2001', 0)":" "}}