{"Tipo de Proyecto":{"('0072-S-2001', 0)":"PROYECTO DE DECLARACI\u00d3N","('0072-S-2001', 1)":null},"Iniciado en: ":{"('0072-S-2001', 0)":"Senado","('0072-S-2001', 1)":null},"Expediente Senado: ":{"('0072-S-2001', 0)":"0072-S-2001","('0072-S-2001', 1)":null},"Publicado en: ":{"('0072-S-2001', 0)":"Diario de Asuntos Entrados N\u00b0 4","('0072-S-2001', 1)":null},"Fecha: ":{"('0072-S-2001', 0)":"07\/03\/2001","('0072-S-2001', 1)":null},"T\u00edtulo":{"('0072-S-2001', 0)":"I TALLER NACIONAL DE LOS DERECHOS DE LOS JOVENES, A CELEBRARSE EN LA CIUDAD DE BUENOS AIRES LOS DIAS 17 Y 18 DE MARZO PROXIMO, ORGANIZADO POR LA ASOCIACION GUIAS ARGENTINAS.","('0072-S-2001', 1)":null},"('Firmantes', 'FIRMANTE')":{"('0072-S-2001', 0)":"SAPAG, FELIPE RODOLFO","('0072-S-2001', 1)":null},"('Firmantes', 'DISTRITO')":{"('0072-S-2001', 0)":"NEUQUEN","('0072-S-2001', 1)":null},"('Firmantes', 'BLOQUE')":{"('0072-S-2001', 0)":"MOV POP NEUQUINO","('0072-S-2001', 1)":null},"('Tramites', 'C\u00c1MARA')":{"('0072-S-2001', 0)":"Senado","('0072-S-2001', 1)":"Senado"},"('Tramites', 'MOVIMIENTO')":{"('0072-S-2001', 0)":"MOCION SOBRE TABLAS (AFIRMATIVA)","('0072-S-2001', 1)":"CONSIDERACION Y APROBACION"},"('Tramites', 'FECHA')":{"('0072-S-2001', 0)":"14\/03\/2001","('0072-S-2001', 1)":"14\/03\/2001"},"('Tramites', 'RESULTADO')":{"('0072-S-2001', 0)":null,"('0072-S-2001', 1)":"APROBADO"},"Sumario":{"('0072-S-2001', 0)":"DECLARACION DE INTERES CULTURAL.","('0072-S-2001', 1)":null},"Palabra Clave":{"('0072-S-2001', 0)":" ","('0072-S-2001', 1)":null}}