{"Tipo de Proyecto":{"('0073-S-2001', 0)":"PROYECTO DE LEY","('0073-S-2001', 1)":null},"Iniciado en: ":{"('0073-S-2001', 0)":"Senado","('0073-S-2001', 1)":null},"Expediente Senado: ":{"('0073-S-2001', 0)":"0073-S-2001","('0073-S-2001', 1)":null},"Publicado en: ":{"('0073-S-2001', 0)":"Diario de Asuntos Entrados N\u00b0 4","('0073-S-2001', 1)":null},"Fecha: ":{"('0073-S-2001', 0)":"07\/03\/2001","('0073-S-2001', 1)":null},"T\u00edtulo":{"('0073-S-2001', 0)":"SUSTITUCION DE ENVASES PLASTICOS.","('0073-S-2001', 1)":null},"('Firmantes', 'FIRMANTE')":{"('0073-S-2001', 0)":"SALA, OSVALDO RUBEN","('0073-S-2001', 1)":"SAEZ, JOSE MARIA"},"('Firmantes', 'DISTRITO')":{"('0073-S-2001', 0)":"CHUBUT","('0073-S-2001', 1)":"CHUBUT"},"('Firmantes', 'BLOQUE')":{"('0073-S-2001', 0)":"JUSTICIALISTA","('0073-S-2001', 1)":"UCR"},"Sumario":{"('0073-S-2001', 0)":"REEMPLAZO DE BOLSAS DE MATERIAL PLASTICO NO DEGRADABLE EN COMERCIOS; PLAZO; AUTORIDADES DE APLICACION: SUBSECRETARIA DE INDUSTRIA Y COMERCIO Y MINERIA Y LA SECRETARIA DE DESARROLLO SUSTENTABLE Y POLITICA AMBIENTAL; FUNCIONES; FACULTADES Y ATRIBUCIONES; INFRACCIONES; SANCIONES; RECICLADO DE PAPEL.","('0073-S-2001', 1)":null},"Palabra Clave":{"('0073-S-2001', 0)":" ","('0073-S-2001', 1)":null}}