{"Tipo de Proyecto":{"('0073-PE-2001', 0)":"MENSAJE NRO: 0083\/01 Y PROYECTO DE LEY","('0073-PE-2001', 1)":null,"('0073-PE-2001', 2)":null,"('0073-PE-2001', 3)":null},"Iniciado en: ":{"('0073-PE-2001', 0)":"Diputados","('0073-PE-2001', 1)":null,"('0073-PE-2001', 2)":null,"('0073-PE-2001', 3)":null},"Expediente Diputados: ":{"('0073-PE-2001', 0)":"0073-PE-2001","('0073-PE-2001', 1)":null,"('0073-PE-2001', 2)":null,"('0073-PE-2001', 3)":null},"Publicado en: ":{"('0073-PE-2001', 0)":"Tr\u00e1mite Parlamentario N\u00b0 200","('0073-PE-2001', 1)":null,"('0073-PE-2001', 2)":null,"('0073-PE-2001', 3)":null},"Fecha: ":{"('0073-PE-2001', 0)":"27\/12\/2001","('0073-PE-2001', 1)":null,"('0073-PE-2001', 2)":null,"('0073-PE-2001', 3)":null},"T\u00edtulo":{"('0073-PE-2001', 0)":"MODIFICACION DE LOS CODIGOS CIVIL Y PENAL DE LA NACION, AJUSTANDO LOS DELITOS DE INJURIA Y CALUMNIA A LOS PRINCIPIOS DE LA CONSTITUCION NACIONAL Y DE LOS TRATADOS INTERNACIONALES DE DERECHOS HUMANOS CON RANGO CONSTITUCIONAL, EN LO RELACIONADO CON LA PROTECCION DEL DERECHO A LA LIBRE EXPRESION.","('0073-PE-2001', 1)":null,"('0073-PE-2001', 2)":null,"('0073-PE-2001', 3)":null},"('Firmantes', 'FIRMANTE')":{"('0073-PE-2001', 0)":"RODRIGUEZ SAA, ADOLFO","('0073-PE-2001', 1)":"LUSQUI\u00d1OS, LUIS BERNARDO","('0073-PE-2001', 2)":"BRITOS, ORALDO N.","('0073-PE-2001', 3)":"VERNET, JOSE MARIA"},"('Firmantes', 'DISTRITO')":{"('0073-PE-2001', 0)":null,"('0073-PE-2001', 1)":null,"('0073-PE-2001', 2)":null,"('0073-PE-2001', 3)":null},"('Firmantes', 'BLOQUE')":{"('0073-PE-2001', 0)":"PODER EJECUTIVO","('0073-PE-2001', 1)":"PODER EJECUTIVO","('0073-PE-2001', 2)":"PODER EJECUTIVO","('0073-PE-2001', 3)":"PODER EJECUTIVO"},"('Giros', 'COMISI\u00d3N')":{"('0073-PE-2001', 0)":"LEGISLACION GENERAL","('0073-PE-2001', 1)":"LEGISLACION PENAL","('0073-PE-2001', 2)":"LIBERTAD DE EXPRESION","('0073-PE-2001', 3)":null},"Sumario":{"('0073-PE-2001', 0)":"INCORPORACION DE PARRAFOS SEGUNDO, TERCERO, CUARTO Y QUINTO DEL ARTICULO 1089 DEL CODIGO CIVIL (EXENCION DE RESPONSABILIDAD CIVIL A LAS EXPRESIONES O DIFUSION DE INFORMACIONES VERACES SOBRE HECHOS DE INTERES PUBLICO); REEMPLAZO DE LOS ARTICULOS 111 (EXENCION DE RESPONSABILIDAD CRIMINAL LAS EXPRESIONES O LA DIFUSION POR CUALQUIER MEDIO, DE INFORMACIONES O JUICIOS DE VALOR) Y 113 (REPRESION AL QUE POR CUALQUIER MEDIO INJURIE O CALUMNIE, SALVO QUE SE DIERAN LAS CIRCUNSTANCIAS DEL ARTICULO 111) DEL CODIGO PENAL","('0073-PE-2001', 1)":null,"('0073-PE-2001', 2)":null,"('0073-PE-2001', 3)":null},"Palabra Clave":{"('0073-PE-2001', 0)":" ","('0073-PE-2001', 1)":null,"('0073-PE-2001', 2)":null,"('0073-PE-2001', 3)":null}}