{"Tipo de Proyecto":{"('0074-PE-2001', 0)":"MENSAJE NRO: 0084\/01 Y PROYECTO DE LEY","('0074-PE-2001', 1)":null,"('0074-PE-2001', 2)":null},"Iniciado en: ":{"('0074-PE-2001', 0)":"Diputados","('0074-PE-2001', 1)":null,"('0074-PE-2001', 2)":null},"Expediente Diputados: ":{"('0074-PE-2001', 0)":"0074-PE-2001","('0074-PE-2001', 1)":null,"('0074-PE-2001', 2)":null},"Publicado en: ":{"('0074-PE-2001', 0)":"Tr\u00e1mite Parlamentario N\u00b0 200","('0074-PE-2001', 1)":null,"('0074-PE-2001', 2)":null},"Fecha: ":{"('0074-PE-2001', 0)":"27\/12\/2001","('0074-PE-2001', 1)":null,"('0074-PE-2001', 2)":null},"T\u00edtulo":{"('0074-PE-2001', 0)":"DEROGACION DE  LA LEY 25250, DE REFORMA LABORAL.","('0074-PE-2001', 1)":null,"('0074-PE-2001', 2)":null},"('Firmantes', 'FIRMANTE')":{"('0074-PE-2001', 0)":"RODRIGUEZ SAA, ADOLFO","('0074-PE-2001', 1)":"LUSQUI\u00d1OS, LUIS BERNARDO","('0074-PE-2001', 2)":"BRITOS, ORALDO N."},"('Firmantes', 'DISTRITO')":{"('0074-PE-2001', 0)":null,"('0074-PE-2001', 1)":null,"('0074-PE-2001', 2)":null},"('Firmantes', 'BLOQUE')":{"('0074-PE-2001', 0)":"PODER EJECUTIVO","('0074-PE-2001', 1)":"PODER EJECUTIVO","('0074-PE-2001', 2)":"PODER EJECUTIVO"},"('Giros', 'COMISI\u00d3N')":{"('0074-PE-2001', 0)":"LEGISLACION DEL TRABAJO","('0074-PE-2001', 1)":null,"('0074-PE-2001', 2)":null},"Sumario":{"('0074-PE-2001', 0)":"RESTABLECIMIENTO DE LAS NORMAS DEROGADAS POR LA LEY 25250.","('0074-PE-2001', 1)":null,"('0074-PE-2001', 2)":null},"Palabra Clave":{"('0074-PE-2001', 0)":" ","('0074-PE-2001', 1)":null,"('0074-PE-2001', 2)":null}}