{"Tipo de Proyecto":{"('0074-S-2001', 0)":"PROYECTO DE DECLARACI\u00d3N","('0074-S-2001', 1)":null},"Iniciado en: ":{"('0074-S-2001', 0)":"Senado","('0074-S-2001', 1)":null},"Expediente Senado: ":{"('0074-S-2001', 0)":"0074-S-2001","('0074-S-2001', 1)":null},"Publicado en: ":{"('0074-S-2001', 0)":"Diario de Asuntos Entrados N\u00b0 4","('0074-S-2001', 1)":null},"Fecha: ":{"('0074-S-2001', 0)":"07\/03\/2001","('0074-S-2001', 1)":null},"T\u00edtulo":{"('0074-S-2001', 0)":"DECLARAR A RESISTENCIA, CAPITAL DE LA PROVINCIA DEL CHACO, COMO LA CIUDAD DE LAS ESCULTURAS.","('0074-S-2001', 1)":null},"('Firmantes', 'FIRMANTE')":{"('0074-S-2001', 0)":"SAGER, HUGO ABEL","('0074-S-2001', 1)":"ZALAZAR, HORACIO ANIBAL"},"('Firmantes', 'DISTRITO')":{"('0074-S-2001', 0)":"CHACO","('0074-S-2001', 1)":"CHACO"},"('Firmantes', 'BLOQUE')":{"('0074-S-2001', 0)":"JUSTICIALISTA","('0074-S-2001', 1)":"JUSTICIALISTA"},"('Tramites', 'C\u00c1MARA')":{"('0074-S-2001', 0)":"Senado","('0074-S-2001', 1)":null},"('Tramites', 'MOVIMIENTO')":{"('0074-S-2001', 0)":"CONSIDERACION Y APROBACION","('0074-S-2001', 1)":null},"('Tramites', 'FECHA')":{"('0074-S-2001', 0)":"03\/05\/2001","('0074-S-2001', 1)":null},"('Tramites', 'RESULTADO')":{"('0074-S-2001', 0)":"APROBADO","('0074-S-2001', 1)":null},"Link":{"('0074-S-2001', 0)":"http:\/\/www.senado.gov.ar\/parlamentario\/comisiones\/verExp\/74.01\/S\/PD","('0074-S-2001', 1)":null},"Palabra Clave":{"('0074-S-2001', 0)":" ","('0074-S-2001', 1)":null}}