{"Tipo de Proyecto":{"('0075-PE-2001', 0)":"MENSAJE NRO: 0086\/01","('0075-PE-2001', 1)":null,"('0075-PE-2001', 2)":null},"Iniciado en: ":{"('0075-PE-2001', 0)":"Diputados","('0075-PE-2001', 1)":null,"('0075-PE-2001', 2)":null},"Expediente Diputados: ":{"('0075-PE-2001', 0)":"0075-PE-2001","('0075-PE-2001', 1)":null,"('0075-PE-2001', 2)":null},"Publicado en: ":{"('0075-PE-2001', 0)":"Tr\u00e1mite Parlamentario N\u00b0 200","('0075-PE-2001', 1)":null,"('0075-PE-2001', 2)":null},"Fecha: ":{"('0075-PE-2001', 0)":"27\/12\/2001","('0075-PE-2001', 1)":null,"('0075-PE-2001', 2)":null},"T\u00edtulo":{"('0075-PE-2001', 0)":"DECRETO 85\/01 POR EL CUAL SE DECLARA EN ESTADO DE EMERGENCIA AL SISTEMA INTEGRADO DE JUBILACIONES Y PENSIONES RESPECTO DE LAS PRESTACIONES PREVISIONALES A CARGO DEL ESTADO NACIONAL. ","('0075-PE-2001', 1)":null,"('0075-PE-2001', 2)":null},"('Firmantes', 'FIRMANTE')":{"('0075-PE-2001', 0)":"RODRIGUEZ SAA, ADOLFO","('0075-PE-2001', 1)":"LUSQUI\u00d1OS, LUIS BERNARDO","('0075-PE-2001', 2)":"GABRIELLI, RODOLFO FEDERICO"},"('Firmantes', 'DISTRITO')":{"('0075-PE-2001', 0)":null,"('0075-PE-2001', 1)":null,"('0075-PE-2001', 2)":null},"('Firmantes', 'BLOQUE')":{"('0075-PE-2001', 0)":"PODER EJECUTIVO","('0075-PE-2001', 1)":"PODER EJECUTIVO","('0075-PE-2001', 2)":"PODER EJECUTIVO"},"('Giros', 'COMISI\u00d3N')":{"('0075-PE-2001', 0)":"PREVISION Y SEGURIDAD SOCIAL","('0075-PE-2001', 1)":"PRESUPUESTO Y HACIENDA","('0075-PE-2001', 2)":null},"Sumario":{"('0075-PE-2001', 0)":"COMUNICACION DEL DICTADO DEL MISMO.","('0075-PE-2001', 1)":null,"('0075-PE-2001', 2)":null},"Palabra Clave":{"('0075-PE-2001', 0)":" ","('0075-PE-2001', 1)":null,"('0075-PE-2001', 2)":null}}