{"Tipo de Proyecto":{"('0078-S-2001', 0)":"PROYECTO DE RESOLUCI\u00d3N","('0078-S-2001', 1)":null,"('0078-S-2001', 2)":null,"('0078-S-2001', 3)":null,"('0078-S-2001', 4)":null},"Iniciado en: ":{"('0078-S-2001', 0)":"Senado","('0078-S-2001', 1)":null,"('0078-S-2001', 2)":null,"('0078-S-2001', 3)":null,"('0078-S-2001', 4)":null},"Expediente Diputados: ":{"('0078-S-2001', 0)":"0078-S-2001","('0078-S-2001', 1)":null,"('0078-S-2001', 2)":null,"('0078-S-2001', 3)":null,"('0078-S-2001', 4)":null},"Expediente Senado: ":{"('0078-S-2001', 0)":"0444-OV-1999","('0078-S-2001', 1)":null,"('0078-S-2001', 2)":null,"('0078-S-2001', 3)":null,"('0078-S-2001', 4)":null},"Fecha: ":{"('0078-S-2001', 0)":"18\/05\/2001","('0078-S-2001', 1)":null,"('0078-S-2001', 2)":null,"('0078-S-2001', 3)":null,"('0078-S-2001', 4)":null},"T\u00edtulo":{"('0078-S-2001', 0)":"DICTAMEN EN LA RESOLUCION REMITIDA POR LA AUDITORIA GENERAL DE LA NACION SOBRE AUDITORIAS DE GESTION AMBIENTAL EN LA DIRECCION NACIONAL DE RECURSOS HIDROCARBURIFEROS Y COMBUSTIBLES Y ADMINISTRACION DE PARQUES NACIONALES.","('0078-S-2001', 1)":null,"('0078-S-2001', 2)":null,"('0078-S-2001', 3)":null,"('0078-S-2001', 4)":null},"('Firmantes', 'FIRMANTE')":{"('0078-S-2001', 0)":"PARLAMENTARIA MIXTA REVISORA DE CUENTAS","('0078-S-2001', 1)":null,"('0078-S-2001', 2)":null,"('0078-S-2001', 3)":null,"('0078-S-2001', 4)":null},"('Firmantes', 'DISTRITO')":{"('0078-S-2001', 0)":null,"('0078-S-2001', 1)":null,"('0078-S-2001', 2)":null,"('0078-S-2001', 3)":null,"('0078-S-2001', 4)":null},"('Firmantes', 'BLOQUE')":{"('0078-S-2001', 0)":null,"('0078-S-2001', 1)":null,"('0078-S-2001', 2)":null,"('0078-S-2001', 3)":null,"('0078-S-2001', 4)":null},"('Giros', 'COMISI\u00d3N')":{"('0078-S-2001', 0)":"PARLAMENTARIA MIXTA REVISORA DE CUENTAS","('0078-S-2001', 1)":null,"('0078-S-2001', 2)":null,"('0078-S-2001', 3)":null,"('0078-S-2001', 4)":null},"('Tramites', 'C\u00c1MARA')":{"('0078-S-2001', 0)":"Senado","('0078-S-2001', 1)":"Diputados","('0078-S-2001', 2)":"Diputados","('0078-S-2001', 3)":"Diputados","('0078-S-2001', 4)":"Diputados"},"('Tramites', 'MOVIMIENTO')":{"('0078-S-2001', 0)":"CONSIDERACION Y APROBACION","('0078-S-2001', 1)":"PASA A DIPUTADOS -","('0078-S-2001', 2)":"CONSIDERACION Y APROBACION","('0078-S-2001', 3)":"CONTESTACION DEL PODER EJECUTIVO NACIONAL - JEFE DE GABINETE DE MINISTROS - (0028-OV-02); GIRADA A LA COMISION RESPECTIVA (BAE 2\/02)","('0078-S-2001', 4)":"CONTESTACION DEL PODER EJECUTIVO NACIONAL - JEFE DE GABINETE DE MINISTROS - (0163-OV-02); GIRADA A LA COMISION RESPECTIVA (BAE 5\/02)"},"('Tramites', 'FECHA')":{"('0078-S-2001', 0)":"13\/06\/2001","('0078-S-2001', 1)":null,"('0078-S-2001', 2)":"15\/08\/2001","('0078-S-2001', 3)":"13\/03\/2002","('0078-S-2001', 4)":"10\/04\/2002"},"('Tramites', 'RESULTADO')":{"('0078-S-2001', 0)":"APROBADO","('0078-S-2001', 1)":null,"('0078-S-2001', 2)":"APROBADO","('0078-S-2001', 3)":null,"('0078-S-2001', 4)":null},"Sumario":{"('0078-S-2001', 0)":"SOLICITUD AL PODER EJECUTIVO NACIONAL PARA QUE INFORME SOBRE LAS MEDIDAS ADOPTADAS PARA MEJORAR LAS MEDIDAS OBSERVADAS.","('0078-S-2001', 1)":null,"('0078-S-2001', 2)":null,"('0078-S-2001', 3)":null,"('0078-S-2001', 4)":null},"Palabra Clave":{"('0078-S-2001', 0)":" ","('0078-S-2001', 1)":null,"('0078-S-2001', 2)":null,"('0078-S-2001', 3)":null,"('0078-S-2001', 4)":null}}