{"Tipo de Proyecto":{"('0078-PE-2001', 0)":"MENSAJE NRO: 0026\/01 Y PROYECTO DE LEY","('0078-PE-2001', 1)":null,"('0078-PE-2001', 2)":null,"('0078-PE-2001', 3)":null,"('0078-PE-2001', 4)":null,"('0078-PE-2001', 5)":null,"('0078-PE-2001', 6)":null,"('0078-PE-2001', 7)":null,"('0078-PE-2001', 8)":null,"('0078-PE-2001', 9)":null},"Iniciado en: ":{"('0078-PE-2001', 0)":"Diputados","('0078-PE-2001', 1)":null,"('0078-PE-2001', 2)":null,"('0078-PE-2001', 3)":null,"('0078-PE-2001', 4)":null,"('0078-PE-2001', 5)":null,"('0078-PE-2001', 6)":null,"('0078-PE-2001', 7)":null,"('0078-PE-2001', 8)":null,"('0078-PE-2001', 9)":null},"Expediente Diputados: ":{"('0078-PE-2001', 0)":"0078-PE-2001","('0078-PE-2001', 1)":null,"('0078-PE-2001', 2)":null,"('0078-PE-2001', 3)":null,"('0078-PE-2001', 4)":null,"('0078-PE-2001', 5)":null,"('0078-PE-2001', 6)":null,"('0078-PE-2001', 7)":null,"('0078-PE-2001', 8)":null,"('0078-PE-2001', 9)":null},"Expediente Senado: ":{"('0078-PE-2001', 0)":"0180-CD-2001","('0078-PE-2001', 1)":null,"('0078-PE-2001', 2)":null,"('0078-PE-2001', 3)":null,"('0078-PE-2001', 4)":null,"('0078-PE-2001', 5)":null,"('0078-PE-2001', 6)":null,"('0078-PE-2001', 7)":null,"('0078-PE-2001', 8)":null,"('0078-PE-2001', 9)":null},"Publicado en: ":{"('0078-PE-2001', 0)":"Tr\u00e1mite Parlamentario N\u00b0 202","('0078-PE-2001', 1)":null,"('0078-PE-2001', 2)":null,"('0078-PE-2001', 3)":null,"('0078-PE-2001', 4)":null,"('0078-PE-2001', 5)":null,"('0078-PE-2001', 6)":null,"('0078-PE-2001', 7)":null,"('0078-PE-2001', 8)":null,"('0078-PE-2001', 9)":null},"Fecha: ":{"('0078-PE-2001', 0)":"05\/01\/2002","('0078-PE-2001', 1)":null,"('0078-PE-2001', 2)":null,"('0078-PE-2001', 3)":null,"('0078-PE-2001', 4)":null,"('0078-PE-2001', 5)":null,"('0078-PE-2001', 6)":null,"('0078-PE-2001', 7)":null,"('0078-PE-2001', 8)":null,"('0078-PE-2001', 9)":null},"T\u00edtulo":{"('0078-PE-2001', 0)":"EMERGENCIA PUBLICA; DECLARAR, CON ARREGLO A LO DISPUESTO EN EL ARTICULO 76 DE LA CONSTITUCION NACIONAL, LA EMERGENCIA PUBLICA EN MATERIA SOCIAL, ECONOMICA, ADMINISTRATIVA, FINANCIERA Y CAMBIARIA, DELEGANDO AL PODER EJECUTIVO NACIONAL LAS FACULTADES COMPRENDIDAS EN LA PRESENTE LEY, POR EL TERMINO DE DOS (2) A\u00d1OS.","('0078-PE-2001', 1)":null,"('0078-PE-2001', 2)":null,"('0078-PE-2001', 3)":null,"('0078-PE-2001', 4)":null,"('0078-PE-2001', 5)":null,"('0078-PE-2001', 6)":null,"('0078-PE-2001', 7)":null,"('0078-PE-2001', 8)":null,"('0078-PE-2001', 9)":null},"('Firmantes', 'FIRMANTE')":{"('0078-PE-2001', 0)":"DUHALDE, EDUARDO ALBERTO","('0078-PE-2001', 1)":"CAPITANICH, JORGE","('0078-PE-2001', 2)":null,"('0078-PE-2001', 3)":null,"('0078-PE-2001', 4)":null,"('0078-PE-2001', 5)":null,"('0078-PE-2001', 6)":null,"('0078-PE-2001', 7)":null,"('0078-PE-2001', 8)":null,"('0078-PE-2001', 9)":null},"('Firmantes', 'DISTRITO')":{"('0078-PE-2001', 0)":null,"('0078-PE-2001', 1)":null,"('0078-PE-2001', 2)":null,"('0078-PE-2001', 3)":null,"('0078-PE-2001', 4)":null,"('0078-PE-2001', 5)":null,"('0078-PE-2001', 6)":null,"('0078-PE-2001', 7)":null,"('0078-PE-2001', 8)":null,"('0078-PE-2001', 9)":null},"('Firmantes', 'BLOQUE')":{"('0078-PE-2001', 0)":"PODER EJECUTIVO","('0078-PE-2001', 1)":"PODER EJECUTIVO","('0078-PE-2001', 2)":null,"('0078-PE-2001', 3)":null,"('0078-PE-2001', 4)":null,"('0078-PE-2001', 5)":null,"('0078-PE-2001', 6)":null,"('0078-PE-2001', 7)":null,"('0078-PE-2001', 8)":null,"('0078-PE-2001', 9)":null},"('Giros', 'COMISI\u00d3N')":{"('0078-PE-2001', 0)":"PRESUPUESTO Y HACIENDA","('0078-PE-2001', 1)":null,"('0078-PE-2001', 2)":null,"('0078-PE-2001', 3)":null,"('0078-PE-2001', 4)":null,"('0078-PE-2001', 5)":null,"('0078-PE-2001', 6)":null,"('0078-PE-2001', 7)":null,"('0078-PE-2001', 8)":null,"('0078-PE-2001', 9)":null},"('Tramites', 'C\u00c1MARA')":{"('0078-PE-2001', 0)":"Diputados","('0078-PE-2001', 1)":"Diputados","('0078-PE-2001', 2)":"Diputados","('0078-PE-2001', 3)":"Diputados","('0078-PE-2001', 4)":"Senado","('0078-PE-2001', 5)":"Senado","('0078-PE-2001', 6)":"Senado","('0078-PE-2001', 7)":"Senado","('0078-PE-2001', 8)":"Senado","('0078-PE-2001', 9)":"Senado"},"('Tramites', 'MOVIMIENTO')":{"('0078-PE-2001', 0)":"CONVOCATORIA SESION ESPECIAL","('0078-PE-2001', 1)":"MOCION SOBRE TABLAS (AFIRMATIVA)","('0078-PE-2001', 2)":"CONSIDERACION Y APROBACION CON MODIFICACIONES","('0078-PE-2001', 3)":"INSERCIONES","('0078-PE-2001', 4)":"PASA A SENADO - (DAE 135)","('0078-PE-2001', 5)":"MOCION SOBRE TABLAS (AFIRMATIVA)","('0078-PE-2001', 6)":"CONSTITUCION CAMARA EN COMISION","('0078-PE-2001', 7)":"CONFERENCIA","('0078-PE-2001', 8)":"CONSIDERACION Y SANCION","('0078-PE-2001', 9)":"INSERCIONES"},"('Tramites', 'FECHA')":{"('0078-PE-2001', 0)":"05\/01\/2002","('0078-PE-2001', 1)":"05\/01\/2002","('0078-PE-2001', 2)":"05\/01\/2002","('0078-PE-2001', 3)":"05\/01\/2002","('0078-PE-2001', 4)":null,"('0078-PE-2001', 5)":"06\/01\/2002","('0078-PE-2001', 6)":"06\/01\/2002","('0078-PE-2001', 7)":"06\/01\/2002","('0078-PE-2001', 8)":"06\/01\/2002","('0078-PE-2001', 9)":"06\/01\/2002"},"('Tramites', 'RESULTADO')":{"('0078-PE-2001', 0)":null,"('0078-PE-2001', 1)":null,"('0078-PE-2001', 2)":"MEDIA SANCION","('0078-PE-2001', 3)":null,"('0078-PE-2001', 4)":null,"('0078-PE-2001', 5)":null,"('0078-PE-2001', 6)":null,"('0078-PE-2001', 7)":null,"('0078-PE-2001', 8)":"SANCIONADO","('0078-PE-2001', 9)":null},"Sumario":{"('0078-PE-2001', 0)":"BASES: PROCEDER AL REORDENAMIENTO DEL SISTEMA FINANCIERO, BANCARIO Y DEL MERCADO DE CAMBIOS, REACTIVAR EL FUNCIONAMIENTO DE LA ECONOMIA Y MEJORAR EL NIVEL DE EMPLEO Y DE DISTRIBUCION DE INGRESOS,  CREAR CONDICIONES PARA EL CRECIMIENTO ECONOMICO SUSTENTABLE Y COMPATIBLE CON LA REESTRUCTURACION DE LA DEUDA PUBLICA, REGLAR LA REESTRUCTURACION DE LAS OBLIGACIONES, EN CURSO DE EJECUCION, AFECTADAS POR EL NUEVO REGIMEN CAMBIARIO; REGIMEN CAMBIARIO:  EL PODER EJECUTIVO NACIONAL QUEDA FACULTADO, POR LAS RAZONES DE EMERGENCIA PUBLICA PARA ESTABLECER EL SISTEMA QUE DETERMINARA LA RELACION DE CAMBIO ENTRE EL PESO Y LAS DIVISAS EXTRANJERAS, Y DICTAR REGULACIONES CAMBIARIAS; DEROGACION DE LOS ARTICULOS 1, 2, 8, 9, 12, 13 Y 14 DE LA LEY 23928 (LEY DE CONVERTIBILIDAD)  CON LAS MODIFICACIONES INCORPORADAS POR LA LEY 25445 (CONVERTIBILIDAD - EURODOLAR); MODIFICACION DE LOS ARTICULOS 3, 4, 5, 6, 7 Y 10 DE LA LEY 23928; REESTRUCTURACION DE LAS OBLIGACIONES AFECTADAS POR EL REGIMEN DE ESTA LEY; OBLIGACIONES VINCULADAS AL SISTEMA FINANCIERO; OBLIGACIONES ORIGINADAS EN LOS CONTRATOS DE LA ADMINISTRACION REGIDOS POR NORMAS DE DERECHO PUBLICO; OBLIGACIONES ORIGINADAS EN LOS CONTRATOS ENTRE PARTICULARES, NO VINCULADAS AL SISTEMA FINANCIERO; CANJE DE TITULOS; PROTECCION DE USUARIOS Y CONSUMIDORES; TODOS LOS CONTRATOS, DE CUALQUIER NATURALEZA, QUE SE CELEBREN A PARTIR DE LA SANCION DE LA PRESENTE SE REGIRAN POR LAS PREVISIONES DEL ARTICULO 1198 DEL CODIGO CIVIL; INVITACION A LAS PROVINCIAS, CIUDAD AUTONOMA DE BUENOS AIRES Y MUNICIPIOS A ADHERIR A LAS DISPOSICIONES DE LOS ARTICULOS 8, 9 Y 10 DE LA PRESENTE LEY;  SUSPENSION DE LA APLICACION DE LA LEY 25466 (INTANGIBILIDAD DE LOS DEPOSITOS) POR EL TERMINO MAXIMO DE DOS (2) A\u00d1OS, O HASTA LA OPORTUNIDAD EN QUE EL PODER EJECUTIVO NACIONAL CONSIDERE SUPERADA LA EMERGENCIA DEL SISTEMA FINANCIERO, CON RELACION A LOS DEPOSITOS AFECTADOS POR EL DECRETO 1570\/01; SUSPENSION DE LA APLICACION DE LA LEY 25557 (INTANGIBILIDAD DE LOS HABERES; MODIFICACION DE LOS DECRETOS 1570\/01 Y 1606\/01), POR EL TERMINO DE HASTA CIENTO OCHENTA (180) DIAS, POR EL MISMO PLAZO QUEDAN SUSPENDIDOS LOS DESPIDOS SIN CAUSA JUSTIFICADA;  EN CASO DE PRODUCIRSE DESPIDOS EN CONTRAVENCION A LO DISPUESTO, LOS EMPLEADORES DEBERAN ABONAR A LOS TRABAJADORES PERJUDICADOS EL DOBLE DE LA INDEMNIZACION QUE LES CORRESPONDIESE, DE CONFORMIDAD A LA LEGISLACION LABORAL VIGENTE; MODIFICACION DEL ARTICULO 195 BIS (MEDIDAS CAUTELARES - PER SALTUM) DEL CODIGO PROCESAL CIVIL Y COMERCIAL; LA PRESENTE LEY ES DE ORDEN PUBLICO; NINGUNA PERSONA PUEDE ALEGAR EN SU CONTRA DERECHOS IRREVOCABLEMENTE ADQUIRIDOS; DEROGACION DE TODA OTRA DISPOSICION QUE SE OPONGA A LO EN ELLA DISPUESTO.","('0078-PE-2001', 1)":null,"('0078-PE-2001', 2)":null,"('0078-PE-2001', 3)":null,"('0078-PE-2001', 4)":null,"('0078-PE-2001', 5)":null,"('0078-PE-2001', 6)":null,"('0078-PE-2001', 7)":null,"('0078-PE-2001', 8)":null,"('0078-PE-2001', 9)":null},"Palabra Clave":{"('0078-PE-2001', 0)":" ","('0078-PE-2001', 1)":null,"('0078-PE-2001', 2)":null,"('0078-PE-2001', 3)":null,"('0078-PE-2001', 4)":null,"('0078-PE-2001', 5)":null,"('0078-PE-2001', 6)":null,"('0078-PE-2001', 7)":null,"('0078-PE-2001', 8)":null,"('0078-PE-2001', 9)":null}}