{"Tipo de Proyecto":{"('0080-S-2001', 0)":"PROYECTO DE RESOLUCI\u00d3N","('0080-S-2001', 1)":null,"('0080-S-2001', 2)":null},"Iniciado en: ":{"('0080-S-2001', 0)":"Senado","('0080-S-2001', 1)":null,"('0080-S-2001', 2)":null},"Expediente Diputados: ":{"('0080-S-2001', 0)":"0080-S-2001","('0080-S-2001', 1)":null,"('0080-S-2001', 2)":null},"Expediente Senado: ":{"('0080-S-2001', 0)":"0567-OV-1999","('0080-S-2001', 1)":null,"('0080-S-2001', 2)":null},"Fecha: ":{"('0080-S-2001', 0)":"18\/05\/2001","('0080-S-2001', 1)":null,"('0080-S-2001', 2)":null},"T\u00edtulo":{"('0080-S-2001', 0)":"DICTAMEN EN LA RESOLUCION REMITIDA POR LA AUDITORIA GENERAL DE LA NACION SOBRE ESTADOS FINANCIEROS DEL PROGRAMA DE FINANCIAMIENTO A MUNICIPIOS AL 31 DE DICIEMBRE DE 1998.","('0080-S-2001', 1)":null,"('0080-S-2001', 2)":null},"('Firmantes', 'FIRMANTE')":{"('0080-S-2001', 0)":"PARLAMENTARIA MIXTA REVISORA DE CUENTAS","('0080-S-2001', 1)":null,"('0080-S-2001', 2)":null},"('Firmantes', 'DISTRITO')":{"('0080-S-2001', 0)":null,"('0080-S-2001', 1)":null,"('0080-S-2001', 2)":null},"('Firmantes', 'BLOQUE')":{"('0080-S-2001', 0)":null,"('0080-S-2001', 1)":null,"('0080-S-2001', 2)":null},"('Giros', 'COMISI\u00d3N')":{"('0080-S-2001', 0)":"PARLAMENTARIA MIXTA REVISORA DE CUENTAS","('0080-S-2001', 1)":null,"('0080-S-2001', 2)":null},"('Tramites', 'C\u00c1MARA')":{"('0080-S-2001', 0)":"Senado","('0080-S-2001', 1)":"Diputados","('0080-S-2001', 2)":"Diputados"},"('Tramites', 'MOVIMIENTO')":{"('0080-S-2001', 0)":"CONSIDERACION Y APROBACION","('0080-S-2001', 1)":"PASA A DIPUTADOS -","('0080-S-2001', 2)":"CONSIDERACION Y APROBACION"},"('Tramites', 'FECHA')":{"('0080-S-2001', 0)":"13\/06\/2001","('0080-S-2001', 1)":null,"('0080-S-2001', 2)":"15\/08\/2001"},"('Tramites', 'RESULTADO')":{"('0080-S-2001', 0)":"APROBADO","('0080-S-2001', 1)":null,"('0080-S-2001', 2)":"APROBADO"},"Sumario":{"('0080-S-2001', 0)":"SOLICITUD AL PODER EJECUTIVO NACIONAL PARA QUE INFORME SOBRE LAS MEDIDAS ADOPTADAS A LOS EFECTOS DE SUPERAR LAS MEDIDAS OBSERVADAS.","('0080-S-2001', 1)":null,"('0080-S-2001', 2)":null},"Palabra Clave":{"('0080-S-2001', 0)":" ","('0080-S-2001', 1)":null,"('0080-S-2001', 2)":null}}