{"Tipo de Proyecto":{"('0081-S-2001', 0)":"PROYECTO DE RESOLUCI\u00d3N","('0081-S-2001', 1)":null,"('0081-S-2001', 2)":null},"Iniciado en: ":{"('0081-S-2001', 0)":"Senado","('0081-S-2001', 1)":null,"('0081-S-2001', 2)":null},"Expediente Diputados: ":{"('0081-S-2001', 0)":"0081-S-2001","('0081-S-2001', 1)":null,"('0081-S-2001', 2)":null},"Expediente Senado: ":{"('0081-S-2001', 0)":"0570-OV-1999","('0081-S-2001', 1)":null,"('0081-S-2001', 2)":null},"Fecha: ":{"('0081-S-2001', 0)":"18\/05\/2001","('0081-S-2001', 1)":null,"('0081-S-2001', 2)":null},"T\u00edtulo":{"('0081-S-2001', 0)":"DICTAMEN EN LA RESOLUCION REMITIDA POR LA AUDITORIA GENERAL DE LA NACION SOBRE ESTADOS FINANCIEROS DEL PROYECTO DE APOYO Y FORTALECIMIENTO A LA UNIDAD EJECUTORA PROVINCIAL DE LA PROVINCIA DE BUENOS AIRES DEL PROGRAMA MATERNO INFANTIL Y NUTRICION PARA EJECUTAR EL SUBPROYECTO ZONA OESTE, AL 31 DE DICIEMBRE DE 1998.","('0081-S-2001', 1)":null,"('0081-S-2001', 2)":null},"('Firmantes', 'FIRMANTE')":{"('0081-S-2001', 0)":"PARLAMENTARIA MIXTA REVISORA DE CUENTAS","('0081-S-2001', 1)":null,"('0081-S-2001', 2)":null},"('Firmantes', 'DISTRITO')":{"('0081-S-2001', 0)":null,"('0081-S-2001', 1)":null,"('0081-S-2001', 2)":null},"('Firmantes', 'BLOQUE')":{"('0081-S-2001', 0)":null,"('0081-S-2001', 1)":null,"('0081-S-2001', 2)":null},"('Giros', 'COMISI\u00d3N')":{"('0081-S-2001', 0)":"PARLAMENTARIA MIXTA REVISORA DE CUENTAS","('0081-S-2001', 1)":null,"('0081-S-2001', 2)":null},"('Tramites', 'C\u00c1MARA')":{"('0081-S-2001', 0)":"Senado","('0081-S-2001', 1)":"Diputados","('0081-S-2001', 2)":"Diputados"},"('Tramites', 'MOVIMIENTO')":{"('0081-S-2001', 0)":"CONSIDERACION Y APROBACION","('0081-S-2001', 1)":"PASA A DIPUTADOS -","('0081-S-2001', 2)":"CONSIDERACION Y APROBACION"},"('Tramites', 'FECHA')":{"('0081-S-2001', 0)":"13\/06\/2001","('0081-S-2001', 1)":null,"('0081-S-2001', 2)":"15\/08\/2001"},"('Tramites', 'RESULTADO')":{"('0081-S-2001', 0)":"APROBADO","('0081-S-2001', 1)":null,"('0081-S-2001', 2)":"APROBADO"},"Sumario":{"('0081-S-2001', 0)":"SOLICITUD AL PODER EJECUTIVO NACIONAL PARA QUE INFORME SOBRE LAS MEDIDAS ADOPTADAS A LOS EFECTOS DE SUBSANAR LAS OBSERVACIONES EFECTUADAS.","('0081-S-2001', 1)":null,"('0081-S-2001', 2)":null},"Palabra Clave":{"('0081-S-2001', 0)":" ","('0081-S-2001', 1)":null,"('0081-S-2001', 2)":null}}