{"Tipo de Proyecto":{"('0081-PE-2001', 0)":"MENSAJE NRO: 0049\/01","('0081-PE-2001', 1)":null,"('0081-PE-2001', 2)":null},"Iniciado en: ":{"('0081-PE-2001', 0)":"Diputados","('0081-PE-2001', 1)":null,"('0081-PE-2001', 2)":null},"Expediente Diputados: ":{"('0081-PE-2001', 0)":"0081-PE-2001","('0081-PE-2001', 1)":null,"('0081-PE-2001', 2)":null},"Publicado en: ":{"('0081-PE-2001', 0)":"Tr\u00e1mite Parlamentario N\u00b0 202","('0081-PE-2001', 1)":null,"('0081-PE-2001', 2)":null},"Fecha: ":{"('0081-PE-2001', 0)":"07\/01\/2002","('0081-PE-2001', 1)":null,"('0081-PE-2001', 2)":null},"T\u00edtulo":{"('0081-PE-2001', 0)":"COMUNICACION DEL DECRETO NUMERO 48\/02 POR EL CUAL SE OBSERVA Y SE DEVUELVE EL PROYECTO DE LEY REGISTRADO BAJO EL NUMERO 25541 DE REGIMEN DE AHORRO PARA LA VIVIENDA.  ","('0081-PE-2001', 1)":null,"('0081-PE-2001', 2)":null},"('Firmantes', 'FIRMANTE')":{"('0081-PE-2001', 0)":"DUHALDE, EDUARDO ALBERTO","('0081-PE-2001', 1)":"CAPITANICH, JORGE","('0081-PE-2001', 2)":"REMES LENICOV, JORGE LUIS"},"('Firmantes', 'DISTRITO')":{"('0081-PE-2001', 0)":null,"('0081-PE-2001', 1)":null,"('0081-PE-2001', 2)":null},"('Firmantes', 'BLOQUE')":{"('0081-PE-2001', 0)":"PODER EJECUTIVO","('0081-PE-2001', 1)":"PODER EJECUTIVO","('0081-PE-2001', 2)":"PODER EJECUTIVO"},"('Giros', 'COMISI\u00d3N')":{"('0081-PE-2001', 0)":"FINANZAS","('0081-PE-2001', 1)":"VIVIENDA Y ORDENAMIENTO URBANO","('0081-PE-2001', 2)":"PRESUPUESTO Y HACIENDA"},"Sumario":{"('0081-PE-2001', 0)":"SE ACOMPA\u00d1A COPIA AUTENTICADA DEL MISMO.","('0081-PE-2001', 1)":null,"('0081-PE-2001', 2)":null},"Palabra Clave":{"('0081-PE-2001', 0)":" ","('0081-PE-2001', 1)":null,"('0081-PE-2001', 2)":null}}