{"Tipo de Proyecto":{"('0082-PE-2001', 0)":"MENSAJE NRO: 0055\/01","('0082-PE-2001', 1)":null,"('0082-PE-2001', 2)":null},"Iniciado en: ":{"('0082-PE-2001', 0)":"Diputados","('0082-PE-2001', 1)":null,"('0082-PE-2001', 2)":null},"Expediente Diputados: ":{"('0082-PE-2001', 0)":"0082-PE-2001","('0082-PE-2001', 1)":null,"('0082-PE-2001', 2)":null},"Publicado en: ":{"('0082-PE-2001', 0)":"Tr\u00e1mite Parlamentario N\u00b0 203","('0082-PE-2001', 1)":null,"('0082-PE-2001', 2)":null},"Fecha: ":{"('0082-PE-2001', 0)":"11\/01\/2002","('0082-PE-2001', 1)":null,"('0082-PE-2001', 2)":null},"T\u00edtulo":{"('0082-PE-2001', 0)":"DICTADO DEL DECRETO 50\/02, POR EL QUE SE ESTABLECE EL DIA 6 DE ENERO DE 2002 COMO FECHA DE ENTRADA EN VIGENCIA DE LA LEY 25561.\n","('0082-PE-2001', 1)":null,"('0082-PE-2001', 2)":null},"('Firmantes', 'FIRMANTE')":{"('0082-PE-2001', 0)":"DUHALDE, EDUARDO ALBERTO","('0082-PE-2001', 1)":"CAPITANICH, JORGE","('0082-PE-2001', 2)":"REMES LENICOV, JORGE LUIS"},"('Firmantes', 'DISTRITO')":{"('0082-PE-2001', 0)":null,"('0082-PE-2001', 1)":null,"('0082-PE-2001', 2)":null},"('Firmantes', 'BLOQUE')":{"('0082-PE-2001', 0)":"PODER EJECUTIVO","('0082-PE-2001', 1)":"PODER EJECUTIVO","('0082-PE-2001', 2)":"PODER EJECUTIVO"},"('Giros', 'COMISI\u00d3N')":{"('0082-PE-2001', 0)":"PRESUPUESTO Y HACIENDA","('0082-PE-2001', 1)":"BICAMERAL PERMANENTE DE TRAMITE LEGISLATIVO - LEY 26122","('0082-PE-2001', 2)":null},"Sumario":{"('0082-PE-2001', 0)":"SE ACOMPA\u00d1A COPIA AUTENTICA DEL MISMO.","('0082-PE-2001', 1)":null,"('0082-PE-2001', 2)":null},"Palabra Clave":{"('0082-PE-2001', 0)":" ","('0082-PE-2001', 1)":null,"('0082-PE-2001', 2)":null}}