{"Tipo de Proyecto":{"('0083-S-2001', 0)":"PROYECTO DE RESOLUCI\u00d3N","('0083-S-2001', 1)":null,"('0083-S-2001', 2)":null,"('0083-S-2001', 3)":null},"Iniciado en: ":{"('0083-S-2001', 0)":"Senado","('0083-S-2001', 1)":null,"('0083-S-2001', 2)":null,"('0083-S-2001', 3)":null},"Expediente Diputados: ":{"('0083-S-2001', 0)":"0083-S-2001","('0083-S-2001', 1)":null,"('0083-S-2001', 2)":null,"('0083-S-2001', 3)":null},"Expediente Senado: ":{"('0083-S-2001', 0)":"0592-OV-1999","('0083-S-2001', 1)":null,"('0083-S-2001', 2)":null,"('0083-S-2001', 3)":null},"Fecha: ":{"('0083-S-2001', 0)":"18\/05\/2001","('0083-S-2001', 1)":null,"('0083-S-2001', 2)":null,"('0083-S-2001', 3)":null},"T\u00edtulo":{"('0083-S-2001', 0)":"DICTAMEN EN LA RESOLUCION REMITIDA POR LA AUDITORIA GENERAL DE LA NACION SOBRE ESTADOS FINANCIEROS DEL PROYECTO DE REFORMULACION Y REESTRUCTURACION DEL ESTADO PROVINCIAL DE RIO NEGRO AL 31 DE DICIEMBRE DE 1998.","('0083-S-2001', 1)":null,"('0083-S-2001', 2)":null,"('0083-S-2001', 3)":null},"('Firmantes', 'FIRMANTE')":{"('0083-S-2001', 0)":"PARLAMENTARIA MIXTA REVISORA DE CUENTAS","('0083-S-2001', 1)":null,"('0083-S-2001', 2)":null,"('0083-S-2001', 3)":null},"('Firmantes', 'DISTRITO')":{"('0083-S-2001', 0)":null,"('0083-S-2001', 1)":null,"('0083-S-2001', 2)":null,"('0083-S-2001', 3)":null},"('Firmantes', 'BLOQUE')":{"('0083-S-2001', 0)":null,"('0083-S-2001', 1)":null,"('0083-S-2001', 2)":null,"('0083-S-2001', 3)":null},"('Giros', 'COMISI\u00d3N')":{"('0083-S-2001', 0)":"PARLAMENTARIA MIXTA REVISORA DE CUENTAS","('0083-S-2001', 1)":null,"('0083-S-2001', 2)":null,"('0083-S-2001', 3)":null},"('Tramites', 'C\u00c1MARA')":{"('0083-S-2001', 0)":"Senado","('0083-S-2001', 1)":"Diputados","('0083-S-2001', 2)":"Diputados","('0083-S-2001', 3)":"Diputados"},"('Tramites', 'MOVIMIENTO')":{"('0083-S-2001', 0)":"CONSIDERACION Y APROBACION","('0083-S-2001', 1)":"PASA A DIPUTADOS -","('0083-S-2001', 2)":"CONSIDERACION Y APROBACION","('0083-S-2001', 3)":"CONTESTACION DEL PODER EJECUTIVO NACIONAL - JEFE DE GABINETE DE MINISTROS - (0840-OV-01); GIRADA A LA COMISION RESPECTIVA (BAE 49\/01)"},"('Tramites', 'FECHA')":{"('0083-S-2001', 0)":"13\/06\/2001","('0083-S-2001', 1)":null,"('0083-S-2001', 2)":"15\/08\/2001","('0083-S-2001', 3)":"28\/02\/2002"},"('Tramites', 'RESULTADO')":{"('0083-S-2001', 0)":"APROBADO","('0083-S-2001', 1)":null,"('0083-S-2001', 2)":"APROBADO","('0083-S-2001', 3)":null},"Sumario":{"('0083-S-2001', 0)":"SOLICITUD AL PODER EJECUTIVO NACIONAL PARA QUE INFORME SOBRE LAS MEDIDAS ADOPTADAS A LOS EFECTOS DE SUBSANAR LAS SITUACIONES OBSERVADAS.","('0083-S-2001', 1)":null,"('0083-S-2001', 2)":null,"('0083-S-2001', 3)":null},"Palabra Clave":{"('0083-S-2001', 0)":" ","('0083-S-2001', 1)":null,"('0083-S-2001', 2)":null,"('0083-S-2001', 3)":null}}