{"Tipo de Proyecto":{"('0085-S-2001', 0)":"PROYECTO DE LEY","('0085-S-2001', 1)":null,"('0085-S-2001', 2)":null},"Iniciado en: ":{"('0085-S-2001', 0)":"Senado","('0085-S-2001', 1)":null,"('0085-S-2001', 2)":null},"Expediente Senado: ":{"('0085-S-2001', 0)":"0085-S-2001","('0085-S-2001', 1)":null,"('0085-S-2001', 2)":null},"Publicado en: ":{"('0085-S-2001', 0)":"Diario de Asuntos Entrados N\u00b0 5","('0085-S-2001', 1)":null,"('0085-S-2001', 2)":null},"Fecha: ":{"('0085-S-2001', 0)":"07\/03\/2001","('0085-S-2001', 1)":null,"('0085-S-2001', 2)":null},"T\u00edtulo":{"('0085-S-2001', 0)":"LEY DE USO EFICIENTE DE LA ENERGIA.","('0085-S-2001', 1)":null,"('0085-S-2001', 2)":null},"('Firmantes', 'FIRMANTE')":{"('0085-S-2001', 0)":"MARTINEZ, NELIDA SUSANA","('0085-S-2001', 1)":"ARNOLD, EDUARDO ARIEL","('0085-S-2001', 2)":"SAPAG, FELIPE RODOLFO"},"('Firmantes', 'DISTRITO')":{"('0085-S-2001', 0)":"SANTA CRUZ","('0085-S-2001', 1)":"SANTA CRUZ","('0085-S-2001', 2)":"NEUQUEN"},"('Firmantes', 'BLOQUE')":{"('0085-S-2001', 0)":"UCR","('0085-S-2001', 1)":"JUSTICIALISTA","('0085-S-2001', 2)":"MOV POP NEUQUINO"},"Sumario":{"('0085-S-2001', 0)":"CONCEPTO; ALCANCES; AUTORIDAD DE APLICACION: SECRETARIA DE ENERGIA Y MINERIA DE LA NACION; POLITICA DE USO EFICIENTE DE LA ENERGIA; CREACION DE LA AGENCIA NACIONAL DE EFICIENCIA ENERGETICA EN EL AMBITO DE LA SECRETARIA DE ENERGIA Y MINERIA: AUTARQUIA, PATRIMONIO, RECURSOS; FUNCIONES; INCENTIVOS; SOLICITUD DE INFORMES A LOS ORGANISMOS INVOLUCRADOS PARA EL DESARROLLO DE SUS ACTIVIDADES DE FISCALIZACION Y REGULACION; TRANSFERENCIA DEL ACTUAL PROGRAMA DE USO RACIONAL DE LA ENERGIA, DEPENDIENTE DE LA SECRETARIA DE ENERGIA Y MINERIA DE LA NACION A LA AGENCIA NACIONAL DE EFICIENCIA ENERGETICA; INVITASE A LAS PROVINCIAS Y A LA CIUDAD AUTONOMA DE BUENOS AIRES A ADHERIR A LA PRESENTE LEY.","('0085-S-2001', 1)":null,"('0085-S-2001', 2)":null},"Palabra Clave":{"('0085-S-2001', 0)":" ","('0085-S-2001', 1)":null,"('0085-S-2001', 2)":null}}