{"Tipo de Proyecto":{"('0085-PE-2001', 0)":"MENSAJE NRO: 0114\/02","('0085-PE-2001', 1)":null,"('0085-PE-2001', 2)":null},"Iniciado en: ":{"('0085-PE-2001', 0)":"Diputados","('0085-PE-2001', 1)":null,"('0085-PE-2001', 2)":null},"Expediente Diputados: ":{"('0085-PE-2001', 0)":"0085-PE-2001","('0085-PE-2001', 1)":null,"('0085-PE-2001', 2)":null},"Publicado en: ":{"('0085-PE-2001', 0)":"Tr\u00e1mite Parlamentario N\u00b0 205","('0085-PE-2001', 1)":null,"('0085-PE-2001', 2)":null},"Fecha: ":{"('0085-PE-2001', 0)":"16\/01\/2002","('0085-PE-2001', 1)":null,"('0085-PE-2001', 2)":null},"T\u00edtulo":{"('0085-PE-2001', 0)":"DECRETO 113\/02, MODIFICATORIO DEL DECRETO 25 DEL 23 DE DICIEMBRE DE 2001 SOBRE GASTOS ASIGNADOS A PERSONAL CONTRATADO.","('0085-PE-2001', 1)":null,"('0085-PE-2001', 2)":null},"('Firmantes', 'FIRMANTE')":{"('0085-PE-2001', 0)":"DUHALDE, EDUARDO ALBERTO","('0085-PE-2001', 1)":"CAPITANICH, JORGE","('0085-PE-2001', 2)":"REMES LENICOV, JORGE LUIS"},"('Firmantes', 'DISTRITO')":{"('0085-PE-2001', 0)":null,"('0085-PE-2001', 1)":null,"('0085-PE-2001', 2)":null},"('Firmantes', 'BLOQUE')":{"('0085-PE-2001', 0)":"PODER EJECUTIVO","('0085-PE-2001', 1)":"PODER EJECUTIVO","('0085-PE-2001', 2)":"PODER EJECUTIVO"},"('Giros', 'COMISI\u00d3N')":{"('0085-PE-2001', 0)":"LEGISLACION DEL TRABAJO","('0085-PE-2001', 1)":null,"('0085-PE-2001', 2)":null},"Sumario":{"('0085-PE-2001', 0)":"COMUNICACION DEL DICTADO DEL MISMO.","('0085-PE-2001', 1)":null,"('0085-PE-2001', 2)":null},"Palabra Clave":{"('0085-PE-2001', 0)":" ","('0085-PE-2001', 1)":null,"('0085-PE-2001', 2)":null}}