{"Tipo de Proyecto":{"('0086-OV-2001', 0)":"PROYECTO DE RESOLUCI\u00d3N"},"Iniciado en: ":{"('0086-OV-2001', 0)":"Senado"},"Expediente Senado: ":{"('0086-OV-2001', 0)":"0086-OV-2001"},"Fecha: ":{"('0086-OV-2001', 0)":"01\/03\/2001"},"T\u00edtulo":{"('0086-OV-2001', 0)":"DICTAMEN EN LA RESOLUCION REMITIDA POR LA AUDITORIA GENERAL DE LA NACION SOBRE MERCADOS INTERNOS DE DEUDA PUBLICA EN LA REPUBLICA ARGENTINA."},"('Firmantes', 'FIRMANTE')":{"('0086-OV-2001', 0)":"PARLAMENTARIA MIXTA REVISORA DE CUENTAS"},"('Firmantes', 'DISTRITO')":{"('0086-OV-2001', 0)":null},"('Firmantes', 'BLOQUE')":{"('0086-OV-2001', 0)":null},"Link":{"('0086-OV-2001', 0)":"http:\/\/www.senado.gov.ar\/parlamentario\/comisiones\/verExp\/86.01\/OV\/PR"},"Palabra Clave":{"('0086-OV-2001', 0)":" "}}