{"Tipo de Proyecto":{"('0086-PE-2001', 0)":"MENSAJE NRO: 0140\/02","('0086-PE-2001', 1)":null,"('0086-PE-2001', 2)":null},"Iniciado en: ":{"('0086-PE-2001', 0)":"Diputados","('0086-PE-2001', 1)":null,"('0086-PE-2001', 2)":null},"Expediente Diputados: ":{"('0086-PE-2001', 0)":"0086-PE-2001","('0086-PE-2001', 1)":null,"('0086-PE-2001', 2)":null},"Publicado en: ":{"('0086-PE-2001', 0)":"Tr\u00e1mite Parlamentario N\u00b0 207","('0086-PE-2001', 1)":null,"('0086-PE-2001', 2)":null},"Fecha: ":{"('0086-PE-2001', 0)":"18\/01\/2002","('0086-PE-2001', 1)":null,"('0086-PE-2001', 2)":null},"T\u00edtulo":{"('0086-PE-2001', 0)":"DECRETO 139\/02 POR EL CUAL SE APRUEBAN A PARTIR DEL 31 DE DICIEMBRE DE 2001, LAS MODIFICACIONES AL PRESUPUESTO DE LA ADMINISTRACION PARA EL EJERCICIO 2001 Y SE DEJA SIN EFECTO EL FONDO ANTICICLICO FISCAL (LEY 25152). ","('0086-PE-2001', 1)":null,"('0086-PE-2001', 2)":null},"('Firmantes', 'FIRMANTE')":{"('0086-PE-2001', 0)":"DUHALDE, EDUARDO ALBERTO","('0086-PE-2001', 1)":"CAPITANICH, JORGE","('0086-PE-2001', 2)":"REMES LENICOV, JORGE LUIS"},"('Firmantes', 'DISTRITO')":{"('0086-PE-2001', 0)":null,"('0086-PE-2001', 1)":null,"('0086-PE-2001', 2)":null},"('Firmantes', 'BLOQUE')":{"('0086-PE-2001', 0)":"PODER EJECUTIVO","('0086-PE-2001', 1)":"PODER EJECUTIVO","('0086-PE-2001', 2)":"PODER EJECUTIVO"},"('Giros', 'COMISI\u00d3N')":{"('0086-PE-2001', 0)":"BICAMERAL PERMANENTE DE TRAMITE LEGISLATIVO - LEY 26122","('0086-PE-2001', 1)":null,"('0086-PE-2001', 2)":null},"('Tramites', 'C\u00c1MARA')":{"('0086-PE-2001', 0)":"Diputados","('0086-PE-2001', 1)":"Diputados","('0086-PE-2001', 2)":null},"('Tramites', 'MOVIMIENTO')":{"('0086-PE-2001', 0)":"SOLICITUD DEL PRESIDENTE DE LA COMISION BICAMERAL PERMANENTE DE TRAMITE LEGISLATIVO (LEY 26122) DE REMISION DEL EXPEDIENTE PARA SU ANALISIS (A LA PRESIDENCIA)","('0086-PE-2001', 1)":"EXPEDIENTE ORIGINALMENTE GIRADO A LA COMISION DE PRESUPUESTO Y HACIENDA; SE LO REMITE A LA COMISION BICAMERAL PERMANENTE DE TRAMITE LEGISLATIVO (LEY 26122)","('0086-PE-2001', 2)":null},"('Tramites', 'FECHA')":{"('0086-PE-2001', 0)":"18\/07\/2007","('0086-PE-2001', 1)":null,"('0086-PE-2001', 2)":null},"('Tramites', 'RESULTADO')":{"('0086-PE-2001', 0)":null,"('0086-PE-2001', 1)":null,"('0086-PE-2001', 2)":null},"Sumario":{"('0086-PE-2001', 0)":"COMUNICACION DEL DICTADO DEL MISMO.","('0086-PE-2001', 1)":null,"('0086-PE-2001', 2)":null},"Palabra Clave":{"('0086-PE-2001', 0)":" ","('0086-PE-2001', 1)":null,"('0086-PE-2001', 2)":null}}