{"Tipo de Proyecto":{"('0087-PE-2001', 0)":"MENSAJE NRO: 0166\/02","('0087-PE-2001', 1)":null,"('0087-PE-2001', 2)":null,"('0087-PE-2001', 3)":null},"Iniciado en: ":{"('0087-PE-2001', 0)":"Diputados","('0087-PE-2001', 1)":null,"('0087-PE-2001', 2)":null,"('0087-PE-2001', 3)":null},"Expediente Diputados: ":{"('0087-PE-2001', 0)":"0087-PE-2001","('0087-PE-2001', 1)":null,"('0087-PE-2001', 2)":null,"('0087-PE-2001', 3)":null},"Publicado en: ":{"('0087-PE-2001', 0)":"Tr\u00e1mite Parlamentario N\u00b0 209","('0087-PE-2001', 1)":null,"('0087-PE-2001', 2)":null,"('0087-PE-2001', 3)":null},"Fecha: ":{"('0087-PE-2001', 0)":"22\/01\/2002","('0087-PE-2001', 1)":null,"('0087-PE-2001', 2)":null,"('0087-PE-2001', 3)":null},"T\u00edtulo":{"('0087-PE-2001', 0)":"DECRETO 165\/02, DECLARANDO LA EMERGENCIA OCUPACIONAL NACIONAL, HASTA EL 31 DE DICIEMBRE DE 2002 Y DE CREACION DEL PROGRAMA JEFES DE HOGAR. ","('0087-PE-2001', 1)":null,"('0087-PE-2001', 2)":null,"('0087-PE-2001', 3)":null},"('Firmantes', 'FIRMANTE')":{"('0087-PE-2001', 0)":"DUHALDE, EDUARDO ALBERTO","('0087-PE-2001', 1)":"CAPITANICH, JORGE","('0087-PE-2001', 2)":"ATANASOF, ALFREDO NESTOR","('0087-PE-2001', 3)":null},"('Firmantes', 'DISTRITO')":{"('0087-PE-2001', 0)":null,"('0087-PE-2001', 1)":null,"('0087-PE-2001', 2)":null,"('0087-PE-2001', 3)":null},"('Firmantes', 'BLOQUE')":{"('0087-PE-2001', 0)":"PODER EJECUTIVO","('0087-PE-2001', 1)":"PODER EJECUTIVO","('0087-PE-2001', 2)":"PODER EJECUTIVO","('0087-PE-2001', 3)":null},"('Giros', 'COMISI\u00d3N')":{"('0087-PE-2001', 0)":"PRESUPUESTO Y HACIENDA","('0087-PE-2001', 1)":"ACCION SOCIAL Y SALUD PUBLICA","('0087-PE-2001', 2)":"LEGISLACION DEL TRABAJO","('0087-PE-2001', 3)":"FAMILIA, MUJER Y MINORIDAD"},"Sumario":{"('0087-PE-2001', 0)":"COMUNICACION DEL DICTADO DEL MISMO.","('0087-PE-2001', 1)":null,"('0087-PE-2001', 2)":null,"('0087-PE-2001', 3)":null},"Palabra Clave":{"('0087-PE-2001', 0)":" ","('0087-PE-2001', 1)":null,"('0087-PE-2001', 2)":null,"('0087-PE-2001', 3)":null}}