{"Tipo de Proyecto":{"('0088-PE-2001', 0)":"MENSAJE NRO: 0196\/02","('0088-PE-2001', 1)":null,"('0088-PE-2001', 2)":null},"Iniciado en: ":{"('0088-PE-2001', 0)":"Diputados","('0088-PE-2001', 1)":null,"('0088-PE-2001', 2)":null},"Expediente Diputados: ":{"('0088-PE-2001', 0)":"0088-PE-2001","('0088-PE-2001', 1)":null,"('0088-PE-2001', 2)":null},"Publicado en: ":{"('0088-PE-2001', 0)":"Tr\u00e1mite Parlamentario N\u00b0 217","('0088-PE-2001', 1)":null,"('0088-PE-2001', 2)":null},"Fecha: ":{"('0088-PE-2001', 0)":"01\/02\/2002","('0088-PE-2001', 1)":null,"('0088-PE-2001', 2)":null},"T\u00edtulo":{"('0088-PE-2001', 0)":"DICTADO DEL DECRETO 185\/2002, SOBRE INCORPORACION DEL MINISTERIO DE LA PRODUCCION A LA LEY DE MINISTERIOS, LEY 22520, TEXTO ORDENADO DECRETO 438\/92)..","('0088-PE-2001', 1)":null,"('0088-PE-2001', 2)":null},"('Firmantes', 'FIRMANTE')":{"('0088-PE-2001', 0)":"DUHALDE, EDUARDO ALBERTO","('0088-PE-2001', 1)":"GABRIELLI, RODOLFO FEDERICO","('0088-PE-2001', 2)":"CAPITANICH, JORGE"},"('Firmantes', 'DISTRITO')":{"('0088-PE-2001', 0)":null,"('0088-PE-2001', 1)":null,"('0088-PE-2001', 2)":null},"('Firmantes', 'BLOQUE')":{"('0088-PE-2001', 0)":"PODER EJECUTIVO","('0088-PE-2001', 1)":"PODER EJECUTIVO","('0088-PE-2001', 2)":"PODER EJECUTIVO"},"('Giros', 'COMISI\u00d3N')":{"('0088-PE-2001', 0)":"BICAMERAL PERMANENTE DE TRAMITE LEGISLATIVO - LEY 26122","('0088-PE-2001', 1)":null,"('0088-PE-2001', 2)":null},"('Tramites', 'C\u00c1MARA')":{"('0088-PE-2001', 0)":"Diputados","('0088-PE-2001', 1)":"Diputados","('0088-PE-2001', 2)":null},"('Tramites', 'MOVIMIENTO')":{"('0088-PE-2001', 0)":"SOLICITUD DEL PRESIDENTE DE LA COMISION BICAMERAL PERMANENTE DE TRAMITE LEGISLATIVO (LEY 26122) DE REMISION DEL EXPEDIENTE PARA SU ANALISIS (A LA PRESIDENCIA)","('0088-PE-2001', 1)":"EXPEDIENTE ORIGINALMENTE GIRADO A LA COMISION DE ASUNTOS CONSTITUCIONALES; SE LO REMITE A LA COMISION BICAMERAL DE TRAMITE LEGISLATIVO (LEY 26122)","('0088-PE-2001', 2)":null},"('Tramites', 'FECHA')":{"('0088-PE-2001', 0)":"28\/03\/2007","('0088-PE-2001', 1)":null,"('0088-PE-2001', 2)":null},"('Tramites', 'RESULTADO')":{"('0088-PE-2001', 0)":null,"('0088-PE-2001', 1)":null,"('0088-PE-2001', 2)":null},"Sumario":{"('0088-PE-2001', 0)":"COMUNICACION DEL MISMO.","('0088-PE-2001', 1)":null,"('0088-PE-2001', 2)":null},"Palabra Clave":{"('0088-PE-2001', 0)":" ","('0088-PE-2001', 1)":null,"('0088-PE-2001', 2)":null}}