{"Tipo de Proyecto":{"('0088-S-2001', 0)":"PROYECTO DE DECLARACI\u00d3N"},"Iniciado en: ":{"('0088-S-2001', 0)":"Senado"},"Expediente Senado: ":{"('0088-S-2001', 0)":"0088-S-2001"},"Publicado en: ":{"('0088-S-2001', 0)":"Diario de Asuntos Entrados N\u00b0 5"},"Fecha: ":{"('0088-S-2001', 0)":"07\/03\/2001"},"T\u00edtulo":{"('0088-S-2001', 0)":"PREMIO PARA LOS INVESTIGADORES QUIMICOS DE MISIONES OTORGADO EN EL SEXTO CONGRESO LATINOAMERICANO DE MICROBIOLOGIA DE ALIMENTOS (MICROAL 2000), QUE SE REALIZO EN BUENOS AIRES EN NOVIEMBRE DE 2000."},"('Firmantes', 'FIRMANTE')":{"('0088-S-2001', 0)":"OUDIN, ERNESTO RENE"},"('Firmantes', 'DISTRITO')":{"('0088-S-2001', 0)":"MISIONES"},"('Firmantes', 'BLOQUE')":{"('0088-S-2001', 0)":"JUSTICIALISTA"},"('Tramites', 'C\u00c1MARA')":{"('0088-S-2001', 0)":"Senado"},"('Tramites', 'MOVIMIENTO')":{"('0088-S-2001', 0)":"CONSIDERACION Y APROBACION"},"('Tramites', 'FECHA')":{"('0088-S-2001', 0)":"16\/05\/2001"},"('Tramites', 'RESULTADO')":{"('0088-S-2001', 0)":"APROBADO"},"Sumario":{"('0088-S-2001', 0)":"EXPRESION DE BENEPLACITO."},"Palabra Clave":{"('0088-S-2001', 0)":" "}}