{"Tipo de Proyecto":{"('0089-PE-2001', 0)":"MENSAJE NRO: 0211\/02 Y PROYECTO DE LEY","('0089-PE-2001', 1)":null,"('0089-PE-2001', 2)":null},"Iniciado en: ":{"('0089-PE-2001', 0)":"Diputados","('0089-PE-2001', 1)":null,"('0089-PE-2001', 2)":null},"Expediente Diputados: ":{"('0089-PE-2001', 0)":"0089-PE-2001","('0089-PE-2001', 1)":null,"('0089-PE-2001', 2)":null},"Publicado en: ":{"('0089-PE-2001', 0)":"Tr\u00e1mite Parlamentario N\u00b0 217","('0089-PE-2001', 1)":null,"('0089-PE-2001', 2)":null},"Fecha: ":{"('0089-PE-2001', 0)":"01\/02\/2002","('0089-PE-2001', 1)":null,"('0089-PE-2001', 2)":null},"T\u00edtulo":{"('0089-PE-2001', 0)":"CESE EN SUS RESPECTIVAS FUNCIONES DE MAGISTRADOS Y FUNCIONARIOS","('0089-PE-2001', 1)":null,"('0089-PE-2001', 2)":null},"('Firmantes', 'FIRMANTE')":{"('0089-PE-2001', 0)":"DUHALDE, EDUARDO ALBERTO","('0089-PE-2001', 1)":"CAPITANICH, JORGE","('0089-PE-2001', 2)":"VANOSSI, JORGE REINALDO"},"('Firmantes', 'DISTRITO')":{"('0089-PE-2001', 0)":null,"('0089-PE-2001', 1)":null,"('0089-PE-2001', 2)":null},"('Firmantes', 'BLOQUE')":{"('0089-PE-2001', 0)":"PODER EJECUTIVO","('0089-PE-2001', 1)":"PODER EJECUTIVO","('0089-PE-2001', 2)":"PODER EJECUTIVO"},"('Giros', 'COMISI\u00d3N')":{"('0089-PE-2001', 0)":"JUSTICIA","('0089-PE-2001', 1)":"PREVISION Y SEGURIDAD SOCIAL","('0089-PE-2001', 2)":null},"Sumario":{"('0089-PE-2001', 0)":"LOS MAGISTRADOS Y FUNCIONARIOS DEL PODER JUDICIAL, DEL MINISTERIO PUBLICO DE LA NACION, DE LA FISCALIA NACIONAL DE INVESTIGACIONES ADMINISTRATIVAS Y DEL TRIBUNAL FISCAL DE LA NACION, QUE AL 31 DE ENERO DE 2002 HAYAN OBTENIDO EL BENEFICIO JUBILATORIO, CESAN EN SUS FUNCIONES A PARTIR DE LA ENTRADA EN VIGENCIA DE LA PRESENTE LEY; SE ADJUNTA EL TEXTO DEL ANEXO I.","('0089-PE-2001', 1)":null,"('0089-PE-2001', 2)":null},"Palabra Clave":{"('0089-PE-2001', 0)":" ","('0089-PE-2001', 1)":null,"('0089-PE-2001', 2)":null}}