{"Tipo de Proyecto":{"('0089-D-2001', 0)":"PROYECTO DE LEY","('0089-D-2001', 1)":null,"('0089-D-2001', 2)":null},"Iniciado en: ":{"('0089-D-2001', 0)":"Diputados","('0089-D-2001', 1)":null,"('0089-D-2001', 2)":null},"Expediente Diputados: ":{"('0089-D-2001', 0)":"0089-D-2001","('0089-D-2001', 1)":null,"('0089-D-2001', 2)":null},"Publicado en: ":{"('0089-D-2001', 0)":"Tr\u00e1mite Parlamentario N\u00b0 1","('0089-D-2001', 1)":null,"('0089-D-2001', 2)":null},"Fecha: ":{"('0089-D-2001', 0)":"01\/03\/2001","('0089-D-2001', 1)":null,"('0089-D-2001', 2)":null},"T\u00edtulo":{"('0089-D-2001', 0)":"REGIMEN PARA LA IMPLEMENTACION DEL \"PROGRAMA NACIONAL DE FOMENTO DE CONSORCIOS AGROALIMENTARIOS MIPYMES\".","('0089-D-2001', 1)":null,"('0089-D-2001', 2)":null},"('Firmantes', 'FIRMANTE')":{"('0089-D-2001', 0)":"CURLETTI, MIRIAM BELEN","('0089-D-2001', 1)":"GEIJO, ANGEL OSCAR","('0089-D-2001', 2)":"CARRIO, ELISA MARIA AVELINA"},"('Firmantes', 'DISTRITO')":{"('0089-D-2001', 0)":"CHACO","('0089-D-2001', 1)":"CHACO","('0089-D-2001', 2)":"CHACO"},"('Firmantes', 'BLOQUE')":{"('0089-D-2001', 0)":"UCR","('0089-D-2001', 1)":"UCR","('0089-D-2001', 2)":"UCR"},"('Giros', 'COMISI\u00d3N')":{"('0089-D-2001', 0)":"ECONOMIAS Y DESARROLLO REGIONAL","('0089-D-2001', 1)":"PEQUE\u00d1AS Y MEDIANAS EMPRESAS","('0089-D-2001', 2)":"AGRICULTURA Y GANADERIA"},"Sumario":{"('0089-D-2001', 0)":"CONCEPTO DE DENOMINACION DE ORIGEN (DO); MECANISMOS DE PROMOCION; OBJETIVOS PARTICULARES DE LOS CONSORCIOS AGROALIMENTARIOS MIPYMES; CREACION DEL INSTITUTO NACIONAL DE ORIGEN (INDO).","('0089-D-2001', 1)":null,"('0089-D-2001', 2)":null},"Palabra Clave":{"('0089-D-2001', 0)":" ","('0089-D-2001', 1)":null,"('0089-D-2001', 2)":null}}