{"Tipo de Proyecto":{"('0089-S-2001', 0)":"PROYECTO DE RESOLUCI\u00d3N"},"Iniciado en: ":{"('0089-S-2001', 0)":"Senado"},"Expediente Senado: ":{"('0089-S-2001', 0)":"0089-S-2001"},"Publicado en: ":{"('0089-S-2001', 0)":"Diario de Asuntos Entrados N\u00b0 5"},"Fecha: ":{"('0089-S-2001', 0)":"07\/03\/2001"},"T\u00edtulo":{"('0089-S-2001', 0)":"X CONGRESO NACIONAL DE MEDICINA A REALIZARSE ENTRE EL 2 Y EL 6 DE MAYO DE 2001 EN LA PROVINCIA DE MENDOZA."},"('Firmantes', 'FIRMANTE')":{"('0089-S-2001', 0)":"SAGER, HUGO ABEL"},"('Firmantes', 'DISTRITO')":{"('0089-S-2001', 0)":"CHACO"},"('Firmantes', 'BLOQUE')":{"('0089-S-2001', 0)":"JUSTICIALISTA"},"('Tramites', 'C\u00c1MARA')":{"('0089-S-2001', 0)":"Senado"},"('Tramites', 'MOVIMIENTO')":{"('0089-S-2001', 0)":"CONSIDERACION Y APROBACION"},"('Tramites', 'FECHA')":{"('0089-S-2001', 0)":"03\/05\/2001"},"('Tramites', 'RESULTADO')":{"('0089-S-2001', 0)":"APROBADO"},"Sumario":{"('0089-S-2001', 0)":"DECLARARLO DE INTERES PARLAMENTARIO."},"Palabra Clave":{"('0089-S-2001', 0)":" "}}