{"Tipo de Proyecto":{"('0090-S-2001', 0)":"PROYECTO DE LEY","('0090-S-2001', 1)":null},"Iniciado en: ":{"('0090-S-2001', 0)":"Senado","('0090-S-2001', 1)":null},"Expediente Senado: ":{"('0090-S-2001', 0)":"0090-S-2001","('0090-S-2001', 1)":null},"Publicado en: ":{"('0090-S-2001', 0)":"Diario de Asuntos Entrados N\u00b0 5","('0090-S-2001', 1)":null},"Fecha: ":{"('0090-S-2001', 0)":"07\/03\/2001","('0090-S-2001', 1)":null},"T\u00edtulo":{"('0090-S-2001', 0)":"MODIFICACION DE LA LEY 22415, CODIGO ADUANERO.","('0090-S-2001', 1)":null},"('Firmantes', 'FIRMANTE')":{"('0090-S-2001', 0)":"MENEM, EDUARDO","('0090-S-2001', 1)":null},"('Firmantes', 'DISTRITO')":{"('0090-S-2001', 0)":"LA RIOJA","('0090-S-2001', 1)":null},"('Firmantes', 'BLOQUE')":{"('0090-S-2001', 0)":"JUSTICIALISTA","('0090-S-2001', 1)":null},"('Tramites', 'C\u00c1MARA')":{"('0090-S-2001', 0)":"Senado","('0090-S-2001', 1)":"Senado"},"('Tramites', 'MOVIMIENTO')":{"('0090-S-2001', 0)":"MOCION DE PREFERENCIA PARA LA PROXIMA SESION (AFIRMATIVA)","('0090-S-2001', 1)":"MOCION DE PREFERENCIA PARA LA PROXIMA SESION (AFIRMATIVA)"},"('Tramites', 'FECHA')":{"('0090-S-2001', 0)":"08\/08\/2001","('0090-S-2001', 1)":"15\/08\/2001"},"('Tramites', 'RESULTADO')":{"('0090-S-2001', 0)":null,"('0090-S-2001', 1)":null},"Sumario":{"('0090-S-2001', 0)":"MODIFICACION DEL ARTICULO 1 (AMBITO DE APLICACION); INCORPORACION DEL APARTADO 4 AL ARTICULO 2 (TERRITORIO ADUANERO DEL MERCOSUR); MODIFICACION DE LOS ARTICULOS 3 (AREAS QUE NO CONSTITUYEN EL TERRITORIO ADUANERO), 8 (ZONA MARITIMA ADUANERA), 11 (TRAFICO INTERNACIONAL DE MERCADERIA), 12 (DELEGACION DE FACULTADES EN EL PODER EJECUTIVO NACIONAL), 13 (ARANCEL EXTERNO COMUN DEL MERCOSUR) Y 14 (ORIGEN DE LAS MERCADERIAS); INCORPORACION DEL ARTICULO 17 (AUTORIDAD DE APLICACION: ADMINISTRACION FEDERAL DE INGRESOS PUBLICOS); MODIFICACION DE LOS ARTICULOS 39 (ACREDITACION DE LOS DESPACHANTES DE ADUANA), 41 (INHIBICIONES PARA DESEMPE\u00d1ARSE COMO DESPACHANTE DE ADUANA), 45 (ELIMINACION DE DESPACHANTES DEL REGISTRO DE DESPACHANTES DE ADUANA), 46 (REINSCRIPCION EN EL REGISTRO), 50 (NOTIFICACION DE APERCIBIMIENTO), 53, 55 (OBLIGACIONES DE LOS DESPACHANTES), 58 (INHIBICIONES PARA DESEMPE\u00d1ARSE COMO AGENTE DE TRANSPORTE ADUANERO), 62 (ELIMINACION DE AGENTES DEL REGISTRO DE AGENTES DEL TRANSPORTE ADUANERO), 63 (REINSCRIPCION DE AGENTES), 65 (RESPONSABILIDAD DE LOS AGENTES), 67 (NOTIFICACION DE APERCIBIMIENTO), 70 (RECURSO DE APELACION), 76 (INHIBICION PARA DESEMPE\u00d1ARSE COMO APODERADO GENERAL DE LOS AUXILIARES DEL COMERCIO Y DEL SERVICIO ADUANERO), 81 (ELIMINACION DEL REGISTRO DE APODERADOS GENERALES), 82 (REINSCRIPCION EN EL REGISTRO), 85 (APERCIBIMIENTO), 88 (NOTIFICACION), 95, 96 (DEBERES DE LOS EXPORTADORES E IMPORTADORES), 97 (INHABILITACION DE LOS EXPORTADORES E IMPORTADORES), 98 (ELIMINACION DEL REGISTRO DE EXPORTADORES E IMPORTADORES), 99 (REINSCRIPCION), 100 (SANCIONES), 102 (APERCIBIMIENTO), 105 (RECURSO DE APELACION), 112, 120 (DELITO DE CONTRABANDO), 122 (ATRIBUCIONES DEL SERVICIO ADUANERO EN LA ZONA PRIMARIA ADUANERA), 123 (ATRIBUCIONES DEL SERVICIO ADUANERO EN LA ZONA SECUNDARIA ADUANERA), MODIFICACION DE LA DENOMINACION DEL CAPITULO III DEL TITULO II DE LA SECCION II: \"CONTROL EN EL MAR TERRITORIAL ARGENTINO, ZONA MARITIMA ADUANERA Y ZONA MARITIMA ADUANERA DE VIGILANCIA ESPECIAL\"; MODIFICACION DE LOS ARTICULOS 126 (ATRIBUCIONES DEL SERVICIO ADUANERO EN EL MAR TERRITORIAL ARGENTINO), 127 (ATRIBUCIONES DEL SERVICIO ADUANERO EN LA ZONA MARITIMA ADUANERA Y DE VIGILANCIA ESPECIAL), 128, MODIFICACION DE LA DENOMINACION DEL CAPITULO IV, DEL TITULO II DE LA SECCION II: \"CONTROL DE LA PLATAFORMA CONTINENTAL\"; MODIFICACION DE LOS ARTICULOS 129 (CONTROL DE LA EXTRACCION DE MERCADERIA), 130 (REQUISITOS PARA EL TRANSPORTE PROCEDENTE DEL EXTERIOR), 132 Y 133 (DESCARGA); INCORPORACION DEL ARTICULO 133 BIS (DEDUCCION DE EXCEDENTES); MODIFICACION DE LOS ARTICULOS 168 (ARRIBO DEL TRANSPORTE A UN LUGAR NO HABILITADO), 169, 184 (APREHENSION DE MERCADERIA DE DESPOJO EN MAR TERRITORIAL), 185, 193 (PROHIBICION DE DESCARGA DE MERCADERIA), 195 (TRASLADO DE MERCADERIA), 198 (DEPOSITO PROVISORIO), 208 (HABILITACION DE LOS DEPOSITOS POR PARTE DE LA AFIP), 209, 217 (DESTINACION DE IMPORTACION); INCORPORACION DEL ARTICULO 119 BIS (DESTINACION DE IMPORTACION GRAVADA, LIQUIDACION); MODIFICACION DEL ARTICULO 225 (RECTIFICACION O AMPLIACION DE LA DECLARACION ADUANERA); INCORPORACION DEL ARTICULO 225 BIS (ANULACION DE UNA SOLICITUD DE DESTINACION); MODIFICACION DEL ARTICULO 230 (CRITERIOS DE SELECTIVIDAD DE MERCADERIA); SUSTITUCION DEL ARTICULO 234; MODIFICACION DE LOS ARTICULOS 241 Y 253 (IMPORTACION TEMPORARIA); INCORPORACION DEL APARTADO 3 AL ARTICULO 265; MODIFICACION DEL ARTICULO 273; INCORPORACION DEL SEGUNDO PARRAFO AL ARTICULO 280; MODIFICACION DEL ARTICULO 321; INCORPORACION DEL ARTICULO 321 BIS; MODIFICACION DEL ARTICULO 322; INCORPORACION DEL ARTICULO 322 BIS; SUSTITUCION DEL ARTICULO 327; MODIFICACION DE LOS ARTICULOS 332 (SITUACION JURIDICA DE LA MERCADERIA EXPORTADA) Y 352 (EXPORTACION TEMPORARIA); INCORPORACION DEL APARTADO 3 DEL ARTICULO 363; MODIFICACION DEL ARTICULO 375 (SOLICITUD DE DESTINACION DE TRANSITO DE EXPORTACION); INCORPORACION DEL SEGUNDO PARRAFO DEL ARTICULO 397; MODIFICACION DE LOS ARTICULOS 398 (RECONOCIMIENTO DE LA MERCADERIA EN DEPOSITO FISCAL) Y 408; INCORPORACION DEL TITULO I DE LA SECCION QUINTA: \"OPERACIONES\"; INCORPORACION DEL CAPITULO I DEL TITULO I DE LA SECCION QUINTA: OPERACION DE TRASBORDO; INCORPORACION DEL CAPITULO II DEL TITULO I DE LA SECCION QUINTA: OPERACION DE REMOVIDO; INCORPORACION DE LOS ARTICULOS 416 BIS (REMOVIDO MARITIMO), 416 TER (REMOVIDO FLUVIAL), 416 QUATER; INCORPORACION DEL CAPITULO III DE LA SECCION QUINTA: OPERACION DE REEMBARQUE; INCORPORACION DEL ARTICULO 416 QUINQUIES; MODIFICACION DE LOS ARTICULOS 417 (ORDEN DE VENTA DE MERCADERIA), 421 (ABANDONO DE MERCADERIA), 422, 423 (SUBASTA), 425 (DESTINO DE LOS FONDOS OBTENIDOS) Y 440; SUSTITUCION DE LOS INCISOS H) E I) DEL ARTICULO 453 (LIBRAMIENTO DE MERCADERIA); INCORPORACION DE UN ULTIMO PARRAFO AL ARTICULO 455 (GARANTIA); MODIFICACION DE LOS ARTICULOS 457 (GARANTIA CON DINERO EN EFECTIVO), 459, 485 (DEFINICION DE CONTENEDOR), 486 (MOVIMIENTO DE CONTENEDORES), 487, 487 BIS (CONTENEDORES DE MATRICULA EXTRANJERA) Y 514; INCORPORACION DE LOS INCISOS B), C) Y D) AL ARTICULO 515; MODIFICACION DE LOS ARTICULOS 516 (HABILITACION DE DEPOSITOS EN AEROPUERTOS PARA EL EXPLOTADOR DE AERONAVES) Y 550 (ENVIOS POSTALES); INCORPORACION DEL ARTICULO 550 BIS; MODIFICACION DEL ARTICULO 553; SUSTITUCION DEL INCISO F) DEL ARTICULO 568; MODIFICACION DEL ARTICULO 576 (SOLICITUD DE EXENCION); INCORPORACION DEL ARTICULO XIV DE LA SECCION VI: REGIMEN DE SEMOVIENTES POR ARREO; INCORPORACION DEL ARTICULO 184 BIS; MODIFICACION DEL ARTICULO 590 (AREA FRANCA); INCORPORACION DEL ARTICULO 592 BIS; MODIFICACION DE LOS ARTICULOS 593, 594, 595, 596, 600 (DEFINICION DE AREA ADUANERA ESPECIAL), 610 (PROHIBICIONES NO ECONOMICAS), 616, 631, 639, 641 (DERECHO DE IMPORTACION AD VALOREM), 663, 671 (SANCIONES), 687 (APLICACION DE LOS DERECHOS ANTIDUMPING), 697 (APLICACION DE LOS DERECHOS COMPENSATORIOS), 700 (AUTORIDAD DE APLICACION DE LOS DERECHOS ANTIDUMPING Y COMPENSATORIOS: MINISTERIO DE ECONOMIA), 728 Y 749; INCORPORACION DEL APARTADO 3 AL ARTICULO 783 (PRESUNCION DE ADEUDAMIENTO); MODIFICACION DE LOS ARTICULOS 794, 797, 800, 801, 809, 812, 820 (DEFINICION DE DRAWBACK), 822, 824, 830, 831, 832, 838, 845, 848, 850, 855, 929 (EXTINCION DE LA ACCION PARA IMPONER PENAS); INCORPORACION DEL ARTICULO 946 BIS; MODIFICACION DEL INCISO C) DEL APARTADO 1 DEL ARTICULO 954; MODIFICACION DE LOS ARTICULOS 994 (MULTAS) Y 995; INCORPORACION DE LOS APARTADOS 2 Y 3 DEL ARTICULO 1001; INCORPORACION DEL ARTICULO 1017 BIS; MODIFICACION DEL ARTICULO 1027 (COMPETENCIA EN LOS DELITOS ADUANEROS: JUSTICIA NACIONAL DE PRIMERA INSTANCIA EN LO PENAL ECONOMICO, JUSTICIA FEDERAL DEL INTERIOR, TRIBUNALES ORALES EN LO PENAL ECONOMICO Y EN LO CRIMINAL FEDERAL DEL INTERIOR DEL PAIS); MODIFICACION DE LOS ARTICULOS 1028, 1029, DEL APARTADO I DEL ARTICULO 1118, DEL ARTICULO 1120 (AUTORIDAD DE PREVENCION) Y 1121; LAS DELEGACIONES DE FACULTADES LEGISLATIVAS PREVISTAS EN LOS ARTICULOS 12, 256 APARTADO 2, 357, 435, 491, 515 INCISOS B) Y C), 521, 537, 551, 556, 567, 570, 572, 592, 598, 603, 631, 751 APARTADO 2 Y 802, TENDRAN UNA VIGENCIA DE CINCO A\u00d1OS; SUSTITUCION DEL ARTICULO 15 DE LA LEY 22091 Y SU MODIFICATORIA 23993 (PRODUCIDO DE LO QUE SE OBTENGA POR VENTA DE MERCADERIAS DECOMISADAS); RATIFICACION DEL DECRETO 618\/97; DEROGACION DE LOS ARTICULOS 37, 40, 42, 113, 135, 136, 137, 138, 139, 140, 141, 142, 143, 144, 145, 146, 147, 148, 149, 150, 151, 152, 153, 154, 155, 156, 157, 158, 159, 160, 161, 162, 163, 164, 165, 166, 167, 186, 187, 235, 236, 237, 238, 239, 243, 244, 281, 287, 288, 290, 298, 299, 333, 334, 335, 336, 337, 341, 342, 344, 345, 353, 376, 386, 387, 388, 389, 390, 391, 392, 393, 394, 395, 396, 418, 419, 420, 456, 585, 586, 587, 588, 589, 597, 617, 632, 633, 634, 642, 643, 644, 645, 646, 647, 648, 649, 650, 651, 652, 653, 654, 655, 656, 657, 658, 659, 661, 665, 688, 689, 690, 691, 692, 693, 694, 695, 696, 698, 699, 700, 701, 702, 703, 704, 705, 706, 707, 708, 709, 710, 711, 712, 713, 714, 715, 716, 717, 718, 719, 720, 721, 722, 723, 744, 753, 810, 813, 814, 839, 849, 953, 996, 1026, 1114, 1115, 1116, 1117, 1185 Y 1186 DE LA LEY 22415; DEROGACION DE LOS ARTICULOS 15 BIS Y 15 TER DE LA LEY 22091 Y DEL DECRETO 477\/97.","('0090-S-2001', 1)":null},"Palabra Clave":{"('0090-S-2001', 0)":" ","('0090-S-2001', 1)":null}}