{"Tipo de Proyecto":{"('0090-PE-2001', 0)":"MENSAJE NRO: 0215\/02","('0090-PE-2001', 1)":null,"('0090-PE-2001', 2)":null,"('0090-PE-2001', 3)":null,"('0090-PE-2001', 4)":null,"('0090-PE-2001', 5)":null,"('0090-PE-2001', 6)":null,"('0090-PE-2001', 7)":null,"('0090-PE-2001', 8)":null,"('0090-PE-2001', 9)":null,"('0090-PE-2001', 10)":null},"Iniciado en: ":{"('0090-PE-2001', 0)":"Diputados","('0090-PE-2001', 1)":null,"('0090-PE-2001', 2)":null,"('0090-PE-2001', 3)":null,"('0090-PE-2001', 4)":null,"('0090-PE-2001', 5)":null,"('0090-PE-2001', 6)":null,"('0090-PE-2001', 7)":null,"('0090-PE-2001', 8)":null,"('0090-PE-2001', 9)":null,"('0090-PE-2001', 10)":null},"Expediente Diputados: ":{"('0090-PE-2001', 0)":"0090-PE-2001","('0090-PE-2001', 1)":null,"('0090-PE-2001', 2)":null,"('0090-PE-2001', 3)":null,"('0090-PE-2001', 4)":null,"('0090-PE-2001', 5)":null,"('0090-PE-2001', 6)":null,"('0090-PE-2001', 7)":null,"('0090-PE-2001', 8)":null,"('0090-PE-2001', 9)":null,"('0090-PE-2001', 10)":null},"Publicado en: ":{"('0090-PE-2001', 0)":"Tr\u00e1mite Parlamentario N\u00b0 218","('0090-PE-2001', 1)":null,"('0090-PE-2001', 2)":null,"('0090-PE-2001', 3)":null,"('0090-PE-2001', 4)":null,"('0090-PE-2001', 5)":null,"('0090-PE-2001', 6)":null,"('0090-PE-2001', 7)":null,"('0090-PE-2001', 8)":null,"('0090-PE-2001', 9)":null,"('0090-PE-2001', 10)":null},"Fecha: ":{"('0090-PE-2001', 0)":"04\/02\/2002","('0090-PE-2001', 1)":null,"('0090-PE-2001', 2)":null,"('0090-PE-2001', 3)":null,"('0090-PE-2001', 4)":null,"('0090-PE-2001', 5)":null,"('0090-PE-2001', 6)":null,"('0090-PE-2001', 7)":null,"('0090-PE-2001', 8)":null,"('0090-PE-2001', 9)":null,"('0090-PE-2001', 10)":null},"T\u00edtulo":{"('0090-PE-2001', 0)":"DICTADO DEL DECRETO 214\/02 POR EL CUAL SE PESIFICAN TODAS LAS OBLIGACIONES EXPRESADAS EN DOLARES, CUALQUIERA SEA SU CAUSA U ORIGEN, ASI COMO LOS DEPOSITOS EN DOLARES EXISTENTES EN EL SISTEMA FINANCIERO","('0090-PE-2001', 1)":null,"('0090-PE-2001', 2)":null,"('0090-PE-2001', 3)":null,"('0090-PE-2001', 4)":null,"('0090-PE-2001', 5)":null,"('0090-PE-2001', 6)":null,"('0090-PE-2001', 7)":null,"('0090-PE-2001', 8)":null,"('0090-PE-2001', 9)":null,"('0090-PE-2001', 10)":null},"('Firmantes', 'FIRMANTE')":{"('0090-PE-2001', 0)":"DUHALDE, EDUARDO ALBERTO","('0090-PE-2001', 1)":"CAPITANICH, JORGE","('0090-PE-2001', 2)":"REMES LENICOV, JORGE LUIS","('0090-PE-2001', 3)":"ATANASOF, ALFREDO NESTOR","('0090-PE-2001', 4)":"DE MENDIGUREN, JOSE IGNACIO","('0090-PE-2001', 5)":"GONZALEZ GARCIA, GINES MARIO","('0090-PE-2001', 6)":"GABRIELLI, RODOLFO FEDERICO","('0090-PE-2001', 7)":"RUCKAUF, CARLOS FEDERICO","('0090-PE-2001', 8)":"VANOSSI, JORGE REINALDO","('0090-PE-2001', 9)":"JAUNARENA, JOSE HORACIO","('0090-PE-2001', 10)":"GIANNETTASIO, GRACIELA MARIA"},"('Firmantes', 'DISTRITO')":{"('0090-PE-2001', 0)":null,"('0090-PE-2001', 1)":null,"('0090-PE-2001', 2)":null,"('0090-PE-2001', 3)":null,"('0090-PE-2001', 4)":null,"('0090-PE-2001', 5)":null,"('0090-PE-2001', 6)":null,"('0090-PE-2001', 7)":null,"('0090-PE-2001', 8)":null,"('0090-PE-2001', 9)":null,"('0090-PE-2001', 10)":null},"('Firmantes', 'BLOQUE')":{"('0090-PE-2001', 0)":"PODER EJECUTIVO","('0090-PE-2001', 1)":"PODER EJECUTIVO","('0090-PE-2001', 2)":"PODER EJECUTIVO","('0090-PE-2001', 3)":"PODER EJECUTIVO","('0090-PE-2001', 4)":"PODER EJECUTIVO","('0090-PE-2001', 5)":"PODER EJECUTIVO","('0090-PE-2001', 6)":"PODER EJECUTIVO","('0090-PE-2001', 7)":"PODER EJECUTIVO","('0090-PE-2001', 8)":"PODER EJECUTIVO","('0090-PE-2001', 9)":"PODER EJECUTIVO","('0090-PE-2001', 10)":"PODER EJECUTIVO"},"('Giros', 'COMISI\u00d3N')":{"('0090-PE-2001', 0)":"PRESUPUESTO Y HACIENDA","('0090-PE-2001', 1)":"FINANZAS","('0090-PE-2001', 2)":null,"('0090-PE-2001', 3)":null,"('0090-PE-2001', 4)":null,"('0090-PE-2001', 5)":null,"('0090-PE-2001', 6)":null,"('0090-PE-2001', 7)":null,"('0090-PE-2001', 8)":null,"('0090-PE-2001', 9)":null,"('0090-PE-2001', 10)":null},"Sumario":{"('0090-PE-2001', 0)":"COMUNICACION DEL MISMO.","('0090-PE-2001', 1)":null,"('0090-PE-2001', 2)":null,"('0090-PE-2001', 3)":null,"('0090-PE-2001', 4)":null,"('0090-PE-2001', 5)":null,"('0090-PE-2001', 6)":null,"('0090-PE-2001', 7)":null,"('0090-PE-2001', 8)":null,"('0090-PE-2001', 9)":null,"('0090-PE-2001', 10)":null},"Palabra Clave":{"('0090-PE-2001', 0)":" ","('0090-PE-2001', 1)":null,"('0090-PE-2001', 2)":null,"('0090-PE-2001', 3)":null,"('0090-PE-2001', 4)":null,"('0090-PE-2001', 5)":null,"('0090-PE-2001', 6)":null,"('0090-PE-2001', 7)":null,"('0090-PE-2001', 8)":null,"('0090-PE-2001', 9)":null,"('0090-PE-2001', 10)":null}}