{"Tipo de Proyecto":{"('0091-PE-2001', 0)":"MENSAJE NRO: 0217\/02","('0091-PE-2001', 1)":null,"('0091-PE-2001', 2)":null},"Iniciado en: ":{"('0091-PE-2001', 0)":"Diputados","('0091-PE-2001', 1)":null,"('0091-PE-2001', 2)":null},"Expediente Diputados: ":{"('0091-PE-2001', 0)":"0091-PE-2001","('0091-PE-2001', 1)":null,"('0091-PE-2001', 2)":null},"Publicado en: ":{"('0091-PE-2001', 0)":"Tr\u00e1mite Parlamentario N\u00b0 218","('0091-PE-2001', 1)":null,"('0091-PE-2001', 2)":null},"Fecha: ":{"('0091-PE-2001', 0)":"04\/02\/2002","('0091-PE-2001', 1)":null,"('0091-PE-2001', 2)":null},"T\u00edtulo":{"('0091-PE-2001', 0)":"DICTADO DEL DECRETO 216\/02 POR EL CUAL SE SUSPENDE LA APLICACION DE LA COMISION POR RENTABILIDAD A FAVOR DE LAS ADMINISTRADORAS DE FONDOS DE JUBILACIONES Y PENSIONES, PREVISTA EN LA LEY 24241 DE SISTEMA INTEGRADO DE JUBILACIONES Y PENSIONES.","('0091-PE-2001', 1)":null,"('0091-PE-2001', 2)":null},"('Firmantes', 'FIRMANTE')":{"('0091-PE-2001', 0)":"DUHALDE, EDUARDO ALBERTO","('0091-PE-2001', 1)":"ATANASOF, ALFREDO NESTOR","('0091-PE-2001', 2)":"CAPITANICH, JORGE"},"('Firmantes', 'DISTRITO')":{"('0091-PE-2001', 0)":null,"('0091-PE-2001', 1)":null,"('0091-PE-2001', 2)":null},"('Firmantes', 'BLOQUE')":{"('0091-PE-2001', 0)":"PODER EJECUTIVO","('0091-PE-2001', 1)":"PODER EJECUTIVO","('0091-PE-2001', 2)":"PODER EJECUTIVO"},"('Giros', 'COMISI\u00d3N')":{"('0091-PE-2001', 0)":"BICAMERAL PERMANENTE DE TRAMITE LEGISLATIVO - LEY 26122","('0091-PE-2001', 1)":null,"('0091-PE-2001', 2)":null},"('Tramites', 'C\u00c1MARA')":{"('0091-PE-2001', 0)":"Diputados","('0091-PE-2001', 1)":"Diputados","('0091-PE-2001', 2)":null},"('Tramites', 'MOVIMIENTO')":{"('0091-PE-2001', 0)":"SOLICITUD DEL PRESIDENTE DE LA COMISION BICAMERAL PERMANENTE DE TRAMITE LEGISLATIVO (LEY 26122) DE REMISION DEL EXPEDIENTE PARA SU ANALISIS (A LA PRESIDENCIA)","('0091-PE-2001', 1)":"EXPEDIENTE ORIGINALMENTE GIRADO A LAS COMISIONES DE PREVISION Y SEGURIDAD SOCIAL Y PRESUPUESTO Y HACIENDA; SE LO REMITE A LA COMISION BICAMERAL PERMANENTE DE TRAMITE LEGISLATIVO (LEY 26122)","('0091-PE-2001', 2)":null},"('Tramites', 'FECHA')":{"('0091-PE-2001', 0)":"06\/06\/2007","('0091-PE-2001', 1)":null,"('0091-PE-2001', 2)":null},"('Tramites', 'RESULTADO')":{"('0091-PE-2001', 0)":null,"('0091-PE-2001', 1)":null,"('0091-PE-2001', 2)":null},"Sumario":{"('0091-PE-2001', 0)":"COMUNICACION DEL MISMO.","('0091-PE-2001', 1)":null,"('0091-PE-2001', 2)":null},"Palabra Clave":{"('0091-PE-2001', 0)":" ","('0091-PE-2001', 1)":null,"('0091-PE-2001', 2)":null}}