{"Tipo de Proyecto":{"('0091-D-2001', 0)":"PROYECTO DE LEY","('0091-D-2001', 1)":null,"('0091-D-2001', 2)":null},"Iniciado en: ":{"('0091-D-2001', 0)":"Diputados","('0091-D-2001', 1)":null,"('0091-D-2001', 2)":null},"Expediente Diputados: ":{"('0091-D-2001', 0)":"0091-D-2001","('0091-D-2001', 1)":null,"('0091-D-2001', 2)":null},"Publicado en: ":{"('0091-D-2001', 0)":"Tr\u00e1mite Parlamentario N\u00b0 1","('0091-D-2001', 1)":null,"('0091-D-2001', 2)":null},"Fecha: ":{"('0091-D-2001', 0)":"01\/03\/2001","('0091-D-2001', 1)":null,"('0091-D-2001', 2)":null},"T\u00edtulo":{"('0091-D-2001', 0)":"REGIMEN PARA LA INCORPORACION DEL CUPO FEMENINO AL PODER JUDICIAL.","('0091-D-2001', 1)":null,"('0091-D-2001', 2)":null},"('Firmantes', 'FIRMANTE')":{"('0091-D-2001', 0)":"CURLETTI, MIRIAM BELEN","('0091-D-2001', 1)":"STOLBIZER, MARGARITA ROSA","('0091-D-2001', 2)":"CARRIO, ELISA MARIA AVELINA"},"('Firmantes', 'DISTRITO')":{"('0091-D-2001', 0)":"CHACO","('0091-D-2001', 1)":"BUENOS AIRES","('0091-D-2001', 2)":"CHACO"},"('Firmantes', 'BLOQUE')":{"('0091-D-2001', 0)":"UCR","('0091-D-2001', 1)":"UCR","('0091-D-2001', 2)":"UCR"},"('Giros', 'COMISI\u00d3N')":{"('0091-D-2001', 0)":"JUSTICIA","('0091-D-2001', 1)":"FAMILIA, MUJER Y MINORIDAD","('0091-D-2001', 2)":null},"Sumario":{"('0091-D-2001', 0)":"TREINTA POR CIENTO MINIMO DE MUJERES.","('0091-D-2001', 1)":null,"('0091-D-2001', 2)":null},"Palabra Clave":{"('0091-D-2001', 0)":" ","('0091-D-2001', 1)":null,"('0091-D-2001', 2)":null}}