{"Tipo de Proyecto":{"('0092-S-2001', 0)":"COMUNICACION"},"Iniciado en: ":{"('0092-S-2001', 0)":"Senado"},"Expediente Senado: ":{"('0092-S-2001', 0)":"0092-S-2001"},"Publicado en: ":{"('0092-S-2001', 0)":"Diario de Asuntos Entrados N\u00b0 5"},"Fecha: ":{"('0092-S-2001', 0)":"07\/03\/2001"},"T\u00edtulo":{"('0092-S-2001', 0)":"PEDIDO DE INFORMES: SOBRE SUPUESTAS TRANSFERENCIAS DE FONDOS REALIZADAS POR LA INTERVENCION FEDERAL DE LA PROVINCIA DE CORRIENTES."},"('Firmantes', 'FIRMANTE')":{"('0092-S-2001', 0)":"ROMERO FERIS, JOSE ANTONIO"},"('Firmantes', 'DISTRITO')":{"('0092-S-2001', 0)":"CORRIENTES"},"('Firmantes', 'BLOQUE')":{"('0092-S-2001', 0)":"AUTONOMISTA"},"Sumario":{"('0092-S-2001', 0)":"SOLICITUD AL PODER EJECUTIVO NACIONAL."},"Palabra Clave":{"('0092-S-2001', 0)":" "}}