{"Tipo de Proyecto":{"('0093-S-2001', 0)":"PROYECTO DE DECLARACI\u00d3N"},"Iniciado en: ":{"('0093-S-2001', 0)":"Senado"},"Expediente Senado: ":{"('0093-S-2001', 0)":"0093-S-2001"},"Publicado en: ":{"('0093-S-2001', 0)":"Diario de Asuntos Entrados N\u00b0 5"},"Fecha: ":{"('0093-S-2001', 0)":"07\/03\/2001"},"T\u00edtulo":{"('0093-S-2001', 0)":"SENTENCIA DEL JUEZ FEDERAL, DOCTOR GABRIEL CAVALLO EN LOS ASUNTOS 'SIMON, JULIO, DEL CERRO, JUAN ANTONIO SUSTRACCION DE MENORES DE 10 A\u00d1OS' QUE RESCATA EL PRINCIPIO DE LA UNIVERSALIDAD EN LA PERSECUCION PENAL DE LOS DELITOS DE LESA HUMANIDAD."},"('Firmantes', 'FIRMANTE')":{"('0093-S-2001', 0)":"YOMA, JORGE RAUL"},"('Firmantes', 'DISTRITO')":{"('0093-S-2001', 0)":"LA RIOJA"},"('Firmantes', 'BLOQUE')":{"('0093-S-2001', 0)":"JUSTICIALISTA"},"('Tramites', 'C\u00c1MARA')":{"('0093-S-2001', 0)":"Senado"},"('Tramites', 'MOVIMIENTO')":{"('0093-S-2001', 0)":"GIRO A LA COMISION DE DERECHOS Y GARANTIAS"},"('Tramites', 'FECHA')":{"('0093-S-2001', 0)":"14\/03\/2001"},"('Tramites', 'RESULTADO')":{"('0093-S-2001', 0)":null},"Sumario":{"('0093-S-2001', 0)":"EXPRESION DE APOYO."},"Palabra Clave":{"('0093-S-2001', 0)":" "}}