{"Tipo de Proyecto":{"('0093-D-2001', 0)":"PROYECTO DE LEY","('0093-D-2001', 1)":null,"('0093-D-2001', 2)":null,"('0093-D-2001', 3)":null},"Iniciado en: ":{"('0093-D-2001', 0)":"Diputados","('0093-D-2001', 1)":null,"('0093-D-2001', 2)":null,"('0093-D-2001', 3)":null},"Expediente Diputados: ":{"('0093-D-2001', 0)":"0093-D-2001","('0093-D-2001', 1)":null,"('0093-D-2001', 2)":null,"('0093-D-2001', 3)":null},"Publicado en: ":{"('0093-D-2001', 0)":"Tr\u00e1mite Parlamentario N\u00b0 1","('0093-D-2001', 1)":null,"('0093-D-2001', 2)":null,"('0093-D-2001', 3)":null},"Fecha: ":{"('0093-D-2001', 0)":"01\/03\/2001","('0093-D-2001', 1)":null,"('0093-D-2001', 2)":null,"('0093-D-2001', 3)":null},"T\u00edtulo":{"('0093-D-2001', 0)":"MODIFICACION A LA LEY 24051 RESIDUOS PELIGROSOS.","('0093-D-2001', 1)":null,"('0093-D-2001', 2)":null,"('0093-D-2001', 3)":null},"('Firmantes', 'FIRMANTE')":{"('0093-D-2001', 0)":"CURLETTI, MIRIAM BELEN","('0093-D-2001', 1)":"POLINO, HECTOR TEODORO","('0093-D-2001', 2)":"CARRIO, ELISA MARIA AVELINA","('0093-D-2001', 3)":null},"('Firmantes', 'DISTRITO')":{"('0093-D-2001', 0)":"CHACO","('0093-D-2001', 1)":"CIUDAD de BUENOS AIRES","('0093-D-2001', 2)":"CHACO","('0093-D-2001', 3)":null},"('Firmantes', 'BLOQUE')":{"('0093-D-2001', 0)":"UCR","('0093-D-2001', 1)":"FREPASO","('0093-D-2001', 2)":"UCR","('0093-D-2001', 3)":null},"('Giros', 'COMISI\u00d3N')":{"('0093-D-2001', 0)":"RECURSOS NATURALES Y CONSERVACION DEL AMBIENTE HUMANO","('0093-D-2001', 1)":"INDUSTRIA","('0093-D-2001', 2)":"TRANSPORTES","('0093-D-2001', 3)":"ACCION SOCIAL Y SALUD PUBLICA"},"Sumario":{"('0093-D-2001', 0)":"MODIFICACION DEL ARTICULO 49 (SANCIONES POR INFRACCION A LA LEY).","('0093-D-2001', 1)":null,"('0093-D-2001', 2)":null,"('0093-D-2001', 3)":null},"Palabra Clave":{"('0093-D-2001', 0)":" ","('0093-D-2001', 1)":null,"('0093-D-2001', 2)":null,"('0093-D-2001', 3)":null}}