{"Tipo de Proyecto":{"('0094-S-2001', 0)":"MENSAJE NRO: 0153\/01 Y PROYECTO DE LEY","('0094-S-2001', 1)":null,"('0094-S-2001', 2)":null},"Iniciado en: ":{"('0094-S-2001', 0)":"Senado","('0094-S-2001', 1)":null,"('0094-S-2001', 2)":null},"Expediente Diputados: ":{"('0094-S-2001', 0)":"0094-S-2001","('0094-S-2001', 1)":null,"('0094-S-2001', 2)":null},"Expediente Senado: ":{"('0094-S-2001', 0)":"0515-PE-2000","('0094-S-2001', 1)":null,"('0094-S-2001', 2)":null},"Publicado en: ":{"('0094-S-2001', 0)":"Diario de Asuntos Entrados N\u00b0 164","('0094-S-2001', 1)":null,"('0094-S-2001', 2)":null},"Fecha: ":{"('0094-S-2001', 0)":"12\/02\/2001","('0094-S-2001', 1)":null,"('0094-S-2001', 2)":null},"T\u00edtulo":{"('0094-S-2001', 0)":"ACUERDO EN MATERIA DE SANIDAD ANIMAL ENTRE LA REPUBLICA ARGENTINA Y LA REPUBLICA DE CROACIA, SUSCRITO EN BUENOS AIRES, EL 11 DE AGOSTO DE 2000.","('0094-S-2001', 1)":null,"('0094-S-2001', 2)":null},"('Firmantes', 'FIRMANTE')":{"('0094-S-2001', 0)":"DE LA RUA, FERNANDO","('0094-S-2001', 1)":"COLOMBO, CHRYSTIAN","('0094-S-2001', 2)":"RODRIGUEZ GIAVARINI, ADALBERTO"},"('Firmantes', 'DISTRITO')":{"('0094-S-2001', 0)":null,"('0094-S-2001', 1)":null,"('0094-S-2001', 2)":null},"('Firmantes', 'BLOQUE')":{"('0094-S-2001', 0)":"PODER EJECUTIVO","('0094-S-2001', 1)":"PODER EJECUTIVO","('0094-S-2001', 2)":"PODER EJECUTIVO"},"('Giros', 'COMISI\u00d3N')":{"('0094-S-2001', 0)":"RELACIONES EXTERIORES Y CULTO","('0094-S-2001', 1)":"AGRICULTURA Y GANADERIA","('0094-S-2001', 2)":null},"('Tramites', 'C\u00c1MARA')":{"('0094-S-2001', 0)":"Senado","('0094-S-2001', 1)":"Diputados","('0094-S-2001', 2)":"Diputados"},"('Tramites', 'MOVIMIENTO')":{"('0094-S-2001', 0)":"CONSIDERACION Y APROBACION","('0094-S-2001', 1)":"PASA A DIPUTADOS - (TP 78, 22\/06\/2001)","('0094-S-2001', 2)":"CONSIDERACION Y SANCION"},"('Tramites', 'FECHA')":{"('0094-S-2001', 0)":"20\/06\/2001","('0094-S-2001', 1)":null,"('0094-S-2001', 2)":"27\/11\/2001"},"('Tramites', 'RESULTADO')":{"('0094-S-2001', 0)":"MEDIA SANCION","('0094-S-2001', 1)":null,"('0094-S-2001', 2)":"SANCIONADO"},"Sumario":{"('0094-S-2001', 0)":"APROBACION.","('0094-S-2001', 1)":null,"('0094-S-2001', 2)":null},"Palabra Clave":{"('0094-S-2001', 0)":" ","('0094-S-2001', 1)":null,"('0094-S-2001', 2)":null}}