{"Tipo de Proyecto":{"('0095-D-2001', 0)":"PROYECTO DE LEY","('0095-D-2001', 1)":null,"('0095-D-2001', 2)":null},"Iniciado en: ":{"('0095-D-2001', 0)":"Diputados","('0095-D-2001', 1)":null,"('0095-D-2001', 2)":null},"Expediente Diputados: ":{"('0095-D-2001', 0)":"0095-D-2001","('0095-D-2001', 1)":null,"('0095-D-2001', 2)":null},"Publicado en: ":{"('0095-D-2001', 0)":"Tr\u00e1mite Parlamentario N\u00b0 1","('0095-D-2001', 1)":null,"('0095-D-2001', 2)":null},"Fecha: ":{"('0095-D-2001', 0)":"01\/03\/2001","('0095-D-2001', 1)":null,"('0095-D-2001', 2)":null},"T\u00edtulo":{"('0095-D-2001', 0)":"REGIMEN DE PROMOCION Y FORTALECIMIENTO PARA ORGANIZACIONES DE LA SOCIEDAD CIVIL -OSC-, CREACION DEL FONDO DE FINANCIAMIENTO PARA EL FORTALECIMIENTO DEL TERCER SECTOR.","('0095-D-2001', 1)":null,"('0095-D-2001', 2)":null},"('Firmantes', 'FIRMANTE')":{"('0095-D-2001', 0)":"CURLETTI, MIRIAM BELEN","('0095-D-2001', 1)":"IPARRAGUIRRE, CARLOS RAUL","('0095-D-2001', 2)":"CARRIO, ELISA MARIA AVELINA"},"('Firmantes', 'DISTRITO')":{"('0095-D-2001', 0)":"CHACO","('0095-D-2001', 1)":"SANTA FE","('0095-D-2001', 2)":"CHACO"},"('Firmantes', 'BLOQUE')":{"('0095-D-2001', 0)":"UCR","('0095-D-2001', 1)":"UCR","('0095-D-2001', 2)":"UCR"},"('Giros', 'COMISI\u00d3N')":{"('0095-D-2001', 0)":"ASUNTOS COOPERATIVOS, MUTUALES Y DE ORG.NO GUBERNAMENTALES","('0095-D-2001', 1)":"PRESUPUESTO Y HACIENDA","('0095-D-2001', 2)":null},"Sumario":{"('0095-D-2001', 0)":"OBJETO; DENOMINACION Y CARACTERIZACION: EN RELACION CON SI MISMAS, EN RELACION CON SUS PROPOSITOS, EN RELACION CON LA POBLACION CON LA QUE TRABAJAN, EN RELACION CON SU AMBITO DE INFLUENCIA; MARCO JURIDICO INSTITUCIONAL; ORGANISMOS DE APLICACION Y PROMOCION Y SU FUNCIONAMIENTO: CENOC (CENTRO DE ORGANIZACIONES DE LA COMUNIDAD); FINANCIAMIENTO; CANALES DE PARTICIPACION ESTATAL; MECANISMOS DE PROMOCION ESPECIFICOS; ASPECTOS GENERALES.","('0095-D-2001', 1)":null,"('0095-D-2001', 2)":null},"Palabra Clave":{"('0095-D-2001', 0)":" ","('0095-D-2001', 1)":null,"('0095-D-2001', 2)":null}}