{"Tipo de Proyecto":{"('0096-S-2001', 0)":"MENSAJE NRO: 0150\/01 Y PROYECTO DE LEY","('0096-S-2001', 1)":null,"('0096-S-2001', 2)":null},"Iniciado en: ":{"('0096-S-2001', 0)":"Senado","('0096-S-2001', 1)":null,"('0096-S-2001', 2)":null},"Expediente Diputados: ":{"('0096-S-2001', 0)":"0096-S-2001","('0096-S-2001', 1)":null,"('0096-S-2001', 2)":null},"Expediente Senado: ":{"('0096-S-2001', 0)":"0513-PE-2000","('0096-S-2001', 1)":null,"('0096-S-2001', 2)":null},"Publicado en: ":{"('0096-S-2001', 0)":"Diario de Asuntos Entrados N\u00b0 164","('0096-S-2001', 1)":null,"('0096-S-2001', 2)":null},"Fecha: ":{"('0096-S-2001', 0)":"12\/02\/2001","('0096-S-2001', 1)":null,"('0096-S-2001', 2)":null},"T\u00edtulo":{"('0096-S-2001', 0)":"ACUERDO DE COOPERACION ECONOMICA Y COMERCIAL ENTRE EL GOBIERNO DE LA REPUBLICA ARGENTINA Y EL GOBIERNO DE LA REPUBLICA ARABE DE EGIPTO, SUSCRIPTO EN EL CAIRO, REPUBLICA ARABE DE EGIPTO, EL 20 DE JUNIO DE 2000.","('0096-S-2001', 1)":null,"('0096-S-2001', 2)":null},"('Firmantes', 'FIRMANTE')":{"('0096-S-2001', 0)":"DE LA RUA, FERNANDO","('0096-S-2001', 1)":"COLOMBO, CHRYSTIAN","('0096-S-2001', 2)":"RODRIGUEZ GIAVARINI, ADALBERTO"},"('Firmantes', 'DISTRITO')":{"('0096-S-2001', 0)":null,"('0096-S-2001', 1)":null,"('0096-S-2001', 2)":null},"('Firmantes', 'BLOQUE')":{"('0096-S-2001', 0)":"PODER EJECUTIVO","('0096-S-2001', 1)":"PODER EJECUTIVO","('0096-S-2001', 2)":"PODER EJECUTIVO"},"('Giros', 'COMISI\u00d3N')":{"('0096-S-2001', 0)":"RELACIONES EXTERIORES Y CULTO","('0096-S-2001', 1)":"ECONOMIA","('0096-S-2001', 2)":"COMERCIO"},"('Tramites', 'C\u00c1MARA')":{"('0096-S-2001', 0)":"Senado","('0096-S-2001', 1)":"Diputados","('0096-S-2001', 2)":"Diputados"},"('Tramites', 'MOVIMIENTO')":{"('0096-S-2001', 0)":"CONSIDERACION Y APROBACION","('0096-S-2001', 1)":"PASA A DIPUTADOS - (TP 78, 22\/06\/2001)","('0096-S-2001', 2)":"CONSIDERACION Y SANCION"},"('Tramites', 'FECHA')":{"('0096-S-2001', 0)":"20\/06\/2001","('0096-S-2001', 1)":null,"('0096-S-2001', 2)":"27\/11\/2001"},"('Tramites', 'RESULTADO')":{"('0096-S-2001', 0)":"MEDIA SANCION","('0096-S-2001', 1)":null,"('0096-S-2001', 2)":"SANCIONADO"},"Sumario":{"('0096-S-2001', 0)":"APROBACION DEL MISMO.","('0096-S-2001', 1)":null,"('0096-S-2001', 2)":null},"Palabra Clave":{"('0096-S-2001', 0)":" ","('0096-S-2001', 1)":null,"('0096-S-2001', 2)":null}}