{"Tipo de Proyecto":{"('0097-S-2001', 0)":"MENSAJE NRO: 0149\/01 Y PROYECTO DE LEY","('0097-S-2001', 1)":null,"('0097-S-2001', 2)":null},"Iniciado en: ":{"('0097-S-2001', 0)":"Senado","('0097-S-2001', 1)":null,"('0097-S-2001', 2)":null},"Expediente Diputados: ":{"('0097-S-2001', 0)":"0097-S-2001","('0097-S-2001', 1)":null,"('0097-S-2001', 2)":null},"Expediente Senado: ":{"('0097-S-2001', 0)":"0512-PE-2000","('0097-S-2001', 1)":null,"('0097-S-2001', 2)":null},"Publicado en: ":{"('0097-S-2001', 0)":"Diario de Asuntos Entrados N\u00b0 164","('0097-S-2001', 1)":null,"('0097-S-2001', 2)":null},"Fecha: ":{"('0097-S-2001', 0)":"12\/02\/2001","('0097-S-2001', 1)":null,"('0097-S-2001', 2)":null},"T\u00edtulo":{"('0097-S-2001', 0)":"APROBACION DEL ACUERDO COMERCIAL ENTRE EL GOBIERNO DE LA REPUBLICA ARGENTINA Y EL GOBIERNO DEL REINO DE MARRUECOS, SUSCRITO EN RABAT, REINO DE MARRUECOS, EL 3 DE OCTUBRE DE 2000.","('0097-S-2001', 1)":null,"('0097-S-2001', 2)":null},"('Firmantes', 'FIRMANTE')":{"('0097-S-2001', 0)":"DE LA RUA, FERNANDO","('0097-S-2001', 1)":"COLOMBO, CHRYSTIAN","('0097-S-2001', 2)":"RODRIGUEZ GIAVARINI, ADALBERTO"},"('Firmantes', 'DISTRITO')":{"('0097-S-2001', 0)":null,"('0097-S-2001', 1)":null,"('0097-S-2001', 2)":null},"('Firmantes', 'BLOQUE')":{"('0097-S-2001', 0)":"PODER EJECUTIVO","('0097-S-2001', 1)":"PODER EJECUTIVO","('0097-S-2001', 2)":"PODER EJECUTIVO"},"('Giros', 'COMISI\u00d3N')":{"('0097-S-2001', 0)":"RELACIONES EXTERIORES Y CULTO","('0097-S-2001', 1)":"COMERCIO","('0097-S-2001', 2)":null},"('Tramites', 'C\u00c1MARA')":{"('0097-S-2001', 0)":"Senado","('0097-S-2001', 1)":"Diputados","('0097-S-2001', 2)":"Diputados"},"('Tramites', 'MOVIMIENTO')":{"('0097-S-2001', 0)":"CONSIDERACION Y APROBACION","('0097-S-2001', 1)":"PASA A DIPUTADOS - (TP 78, 22\/06\/2001)","('0097-S-2001', 2)":"CONSIDERACION Y SANCION"},"('Tramites', 'FECHA')":{"('0097-S-2001', 0)":"20\/06\/2001","('0097-S-2001', 1)":null,"('0097-S-2001', 2)":"09\/10\/2002"},"('Tramites', 'RESULTADO')":{"('0097-S-2001', 0)":"MEDIA SANCION","('0097-S-2001', 1)":null,"('0097-S-2001', 2)":"SANCIONADO"},"Sumario":{"('0097-S-2001', 0)":"ACOMPA\u00d1A COPIA AUTENTICADA DEL MISMO.","('0097-S-2001', 1)":null,"('0097-S-2001', 2)":null},"Palabra Clave":{"('0097-S-2001', 0)":" ","('0097-S-2001', 1)":null,"('0097-S-2001', 2)":null}}