{"Tipo de Proyecto":{"('0097-D-2001', 0)":"PROYECTO DE RESOLUCI\u00d3N"},"Iniciado en: ":{"('0097-D-2001', 0)":"Diputados"},"Expediente Diputados: ":{"('0097-D-2001', 0)":"0097-D-2001"},"Publicado en: ":{"('0097-D-2001', 0)":"Tr\u00e1mite Parlamentario N\u00b0 1"},"Fecha: ":{"('0097-D-2001', 0)":"01\/03\/2001"},"T\u00edtulo":{"('0097-D-2001', 0)":"PEDIDO DE INFORMES: SOBRE DIVERSAS CUESTIONES RELACIONADAS CON LA EMISION DE LOS CERTIFICADOS DE CANCELACION DE DEUDA DE LA PROVINCIA DE CORRIENTES."},"('Firmantes', 'FIRMANTE')":{"('0097-D-2001', 0)":"DIAZ COLODRERO, AGUSTIN"},"('Firmantes', 'DISTRITO')":{"('0097-D-2001', 0)":"CORRIENTES"},"('Firmantes', 'BLOQUE')":{"('0097-D-2001', 0)":"LIBERAL"},"('Giros', 'COMISI\u00d3N')":{"('0097-D-2001', 0)":"ASUNTOS CONSTITUCIONALES"},"Sumario":{"('0097-D-2001', 0)":"SOLICITUD AL PODER EJECUTIVO NACIONAL."},"Palabra Clave":{"('0097-D-2001', 0)":" "}}