{"Tipo de Proyecto":{"('0098-PE-2001', 0)":"MENSAJE NRO: 0285\/02","('0098-PE-2001', 1)":null,"('0098-PE-2001', 2)":null},"Iniciado en: ":{"('0098-PE-2001', 0)":"Diputados","('0098-PE-2001', 1)":null,"('0098-PE-2001', 2)":null},"Expediente Diputados: ":{"('0098-PE-2001', 0)":"0098-PE-2001","('0098-PE-2001', 1)":null,"('0098-PE-2001', 2)":null},"Publicado en: ":{"('0098-PE-2001', 0)":"Tr\u00e1mite Parlamentario N\u00b0 224","('0098-PE-2001', 1)":null,"('0098-PE-2001', 2)":null},"Fecha: ":{"('0098-PE-2001', 0)":"11\/02\/2002","('0098-PE-2001', 1)":null,"('0098-PE-2001', 2)":null},"T\u00edtulo":{"('0098-PE-2001', 0)":"DECRETO 284\/02 QUE PRORROGA LA VIGENCIA DEL ARTICULO 1 DEL DECRETO 1034\/01, SOBRE LAS CONTRIBUCIONES PARA LOS EMPLEADORES TITULARES DE ESTABLECIMIENTOS EDUCACIONALES PRIVADOS, DESDE EL 1 DE ENERO HASTA EL 31 DE DICIEMBRE DE 2002, AMBAS FECHAS, INCLUSIVE.","('0098-PE-2001', 1)":null,"('0098-PE-2001', 2)":null},"('Firmantes', 'FIRMANTE')":{"('0098-PE-2001', 0)":"DUHALDE, EDUARDO ALBERTO","('0098-PE-2001', 1)":"CAPITANICH, JORGE","('0098-PE-2001', 2)":"REMES LENICOV, JORGE LUIS"},"('Firmantes', 'DISTRITO')":{"('0098-PE-2001', 0)":null,"('0098-PE-2001', 1)":null,"('0098-PE-2001', 2)":null},"('Firmantes', 'BLOQUE')":{"('0098-PE-2001', 0)":"PODER EJECUTIVO","('0098-PE-2001', 1)":"PODER EJECUTIVO","('0098-PE-2001', 2)":"PODER EJECUTIVO"},"('Giros', 'COMISI\u00d3N')":{"('0098-PE-2001', 0)":"EDUCACION","('0098-PE-2001', 1)":"PRESUPUESTO Y HACIENDA","('0098-PE-2001', 2)":null},"('Tramites', 'C\u00c1MARA')":{"('0098-PE-2001', 0)":"Diputados","('0098-PE-2001', 1)":null,"('0098-PE-2001', 2)":null},"('Tramites', 'MOVIMIENTO')":{"('0098-PE-2001', 0)":"VER TRAMITE EN EXPEDIENTE 7309-D-06","('0098-PE-2001', 1)":null,"('0098-PE-2001', 2)":null},"('Tramites', 'FECHA')":{"('0098-PE-2001', 0)":null,"('0098-PE-2001', 1)":null,"('0098-PE-2001', 2)":null},"('Tramites', 'RESULTADO')":{"('0098-PE-2001', 0)":null,"('0098-PE-2001', 1)":null,"('0098-PE-2001', 2)":null},"Sumario":{"('0098-PE-2001', 0)":"COMUNICACION DEL DICTADO DEL MISMO.","('0098-PE-2001', 1)":null,"('0098-PE-2001', 2)":null},"Palabra Clave":{"('0098-PE-2001', 0)":" ","('0098-PE-2001', 1)":null,"('0098-PE-2001', 2)":null}}