{"Tipo de Proyecto":{"('0099-D-2001', 0)":"PROYECTO DE RESOLUCI\u00d3N"},"Iniciado en: ":{"('0099-D-2001', 0)":"Diputados"},"Expediente Diputados: ":{"('0099-D-2001', 0)":"0099-D-2001"},"Publicado en: ":{"('0099-D-2001', 0)":"Tr\u00e1mite Parlamentario N\u00b0 1"},"Fecha: ":{"('0099-D-2001', 0)":"01\/03\/2001"},"T\u00edtulo":{"('0099-D-2001', 0)":"DISPONER DICTAR LA RESOLUCION TENDIENTE A QUE LA EXPORTACION DE ENERGIA QUE SE REALICE A OTROS PAISES LIMITROFES, SEA COMO DEMANDA DEL NODO EZEIZA."},"('Firmantes', 'FIRMANTE')":{"('0099-D-2001', 0)":"DIAZ COLODRERO, AGUSTIN"},"('Firmantes', 'DISTRITO')":{"('0099-D-2001', 0)":"CORRIENTES"},"('Firmantes', 'BLOQUE')":{"('0099-D-2001', 0)":"LIBERAL"},"('Giros', 'COMISI\u00d3N')":{"('0099-D-2001', 0)":"ENERGIA Y COMBUSTIBLES"},"Sumario":{"('0099-D-2001', 0)":"SOLICITUD AL PODER EJECUTIVO NACIONAL."},"Palabra Clave":{"('0099-D-2001', 0)":" "}}