{"Tipo de Proyecto":{"('0100-PE-2001', 0)":"MENSAJE NRO: 0289\/02 Y PROYECTO DE LEY","('0100-PE-2001', 1)":null,"('0100-PE-2001', 2)":null,"('0100-PE-2001', 3)":null,"('0100-PE-2001', 4)":null,"('0100-PE-2001', 5)":null,"('0100-PE-2001', 6)":null,"('0100-PE-2001', 7)":null},"Iniciado en: ":{"('0100-PE-2001', 0)":"Diputados","('0100-PE-2001', 1)":null,"('0100-PE-2001', 2)":null,"('0100-PE-2001', 3)":null,"('0100-PE-2001', 4)":null,"('0100-PE-2001', 5)":null,"('0100-PE-2001', 6)":null,"('0100-PE-2001', 7)":null},"Expediente Diputados: ":{"('0100-PE-2001', 0)":"0100-PE-2001","('0100-PE-2001', 1)":null,"('0100-PE-2001', 2)":null,"('0100-PE-2001', 3)":null,"('0100-PE-2001', 4)":null,"('0100-PE-2001', 5)":null,"('0100-PE-2001', 6)":null,"('0100-PE-2001', 7)":null},"Expediente Senado: ":{"('0100-PE-2001', 0)":"0004-CD-2002","('0100-PE-2001', 1)":null,"('0100-PE-2001', 2)":null,"('0100-PE-2001', 3)":null,"('0100-PE-2001', 4)":null,"('0100-PE-2001', 5)":null,"('0100-PE-2001', 6)":null,"('0100-PE-2001', 7)":null},"Publicado en: ":{"('0100-PE-2001', 0)":"Tr\u00e1mite Parlamentario N\u00b0 226","('0100-PE-2001', 1)":null,"('0100-PE-2001', 2)":null,"('0100-PE-2001', 3)":null,"('0100-PE-2001', 4)":null,"('0100-PE-2001', 5)":null,"('0100-PE-2001', 6)":null,"('0100-PE-2001', 7)":null},"Fecha: ":{"('0100-PE-2001', 0)":"13\/02\/2002","('0100-PE-2001', 1)":null,"('0100-PE-2001', 2)":null,"('0100-PE-2001', 3)":null,"('0100-PE-2001', 4)":null,"('0100-PE-2001', 5)":null,"('0100-PE-2001', 6)":null,"('0100-PE-2001', 7)":null},"T\u00edtulo":{"('0100-PE-2001', 0)":"LEY DE IMPUESTO AL VALOR AGREGADO (LEY 23349, TEXTO ORDENADO 1997 Y MODIFICATORIAS): MODIFICACIONES","('0100-PE-2001', 1)":null,"('0100-PE-2001', 2)":null,"('0100-PE-2001', 3)":null,"('0100-PE-2001', 4)":null,"('0100-PE-2001', 5)":null,"('0100-PE-2001', 6)":null,"('0100-PE-2001', 7)":null},"('Firmantes', 'FIRMANTE')":{"('0100-PE-2001', 0)":"DUHALDE, EDUARDO ALBERTO","('0100-PE-2001', 1)":"CAPITANICH, JORGE","('0100-PE-2001', 2)":"REMES LENICOV, JORGE LUIS","('0100-PE-2001', 3)":null,"('0100-PE-2001', 4)":null,"('0100-PE-2001', 5)":null,"('0100-PE-2001', 6)":null,"('0100-PE-2001', 7)":null},"('Firmantes', 'DISTRITO')":{"('0100-PE-2001', 0)":null,"('0100-PE-2001', 1)":null,"('0100-PE-2001', 2)":null,"('0100-PE-2001', 3)":null,"('0100-PE-2001', 4)":null,"('0100-PE-2001', 5)":null,"('0100-PE-2001', 6)":null,"('0100-PE-2001', 7)":null},"('Firmantes', 'BLOQUE')":{"('0100-PE-2001', 0)":"PODER EJECUTIVO","('0100-PE-2001', 1)":"PODER EJECUTIVO","('0100-PE-2001', 2)":"PODER EJECUTIVO","('0100-PE-2001', 3)":null,"('0100-PE-2001', 4)":null,"('0100-PE-2001', 5)":null,"('0100-PE-2001', 6)":null,"('0100-PE-2001', 7)":null},"('Giros', 'COMISI\u00d3N')":{"('0100-PE-2001', 0)":"PRESUPUESTO Y HACIENDA","('0100-PE-2001', 1)":null,"('0100-PE-2001', 2)":null,"('0100-PE-2001', 3)":null,"('0100-PE-2001', 4)":null,"('0100-PE-2001', 5)":null,"('0100-PE-2001', 6)":null,"('0100-PE-2001', 7)":null},"('Tramites', 'C\u00c1MARA')":{"('0100-PE-2001', 0)":"Diputados","('0100-PE-2001', 1)":"Diputados","('0100-PE-2001', 2)":"Senado","('0100-PE-2001', 3)":"Senado","('0100-PE-2001', 4)":"Senado","('0100-PE-2001', 5)":"Senado","('0100-PE-2001', 6)":"Diputados","('0100-PE-2001', 7)":"Diputados"},"('Tramites', 'MOVIMIENTO')":{"('0100-PE-2001', 0)":"MOCION SOBRE TABLAS (AFIRMATIVA)","('0100-PE-2001', 1)":"CONSIDERACION Y APROBACION CON MODIFICACIONES (VOTACION NOMINAL)","('0100-PE-2001', 2)":"PASA A SENADO - (DAE 29)","('0100-PE-2001', 3)":"MOCION DE PREFERENCIA PARA LA PROXIMA SESION CON DICTAMEN (AFIRMATIVA)","('0100-PE-2001', 4)":"MOCION DE PREFERENCIA PARA LA PROXIMA SESION (AFIRMATIVA)","('0100-PE-2001', 5)":"CONSIDERACION Y APROBACION CON MODIFICACIONES","('0100-PE-2001', 6)":"VUELVE A DIPUTADOS - (TP 89)","('0100-PE-2001', 7)":"CONSIDERACION Y SANCION"},"('Tramites', 'FECHA')":{"('0100-PE-2001', 0)":"13\/03\/2002","('0100-PE-2001', 1)":"13\/03\/2002","('0100-PE-2001', 2)":null,"('0100-PE-2001', 3)":"04\/04\/2002","('0100-PE-2001', 4)":"11\/04\/2002","('0100-PE-2001', 5)":"03\/07\/2002","('0100-PE-2001', 6)":null,"('0100-PE-2001', 7)":"18\/12\/2002"},"('Tramites', 'RESULTADO')":{"('0100-PE-2001', 0)":null,"('0100-PE-2001', 1)":"MEDIA SANCION","('0100-PE-2001', 2)":null,"('0100-PE-2001', 3)":null,"('0100-PE-2001', 4)":null,"('0100-PE-2001', 5)":"MEDIA SANCION","('0100-PE-2001', 6)":null,"('0100-PE-2001', 7)":"SANCIONADO"},"Sumario":{"('0100-PE-2001', 0)":"DEROGACION DEL ARTICULO INCORPORADO SIN NUMERO A CONTINUACION DEL ARTICULO 24 POR LA LEY 25360 (ACREDITACION DE LOS CREDITOS FISCALES ORIGINADOS EN LA COMPRA, CONSTRUCCION, FABRICACION, ELABORACION O IMPORTACION DEFINITIVA DE BIENES DE CAPITAL CONTRA OTROS IMPUESTOS A CARGO DE LA ADMINISTRACION FEDERAL DE INGRESOS PUBLICOS, CON POSIBILIDAD DE DEVOLUCION DEL SALDO REMANENTE);  INCORPORACION DEL PUNTO 5 (GRANOS Y LEGUMBRES SECAS) AL INCISO S) DEL CUARTO PARRAFO DEL ARTICULO 28; INCORPORACION DE UN INCISO A CONTINUACION DEL INCISO A) DEL CUARTO PARRAFO DEL ARTICULO 28 (ALICUOTA DIFERENCIAL PARA LAS VENTAS, LOCACIONES E IMPORTACIONES DEFINITIVAS DE CUERO BOVINO); SUSTITUCION DEL INCISO B) DEL CUARTO PARRAFO DEL ARTICULO 28 (OBRAS, LOCACIONES Y PRESTACIONES DE SERVICIOS VINCULADAS CON LA OBTENCION DE LOS BIENES COMPRENDIDOS EN LOS PUNTOS 1, 3 Y 5 DEL INCISO A); SUSPENSION HASTA EL 31\/12\/2003 DE LA FACULTAD OTORGADA AL PODER EJECUTIVO NACIONAL PARA MODIFICAR LA LEY DE IMPUESTO AL VALOR AGREGADO POR EL ARTICULO 1 DE LA LEY 25453 (EQUILIBRIO FISCAL); VIGENCIA.","('0100-PE-2001', 1)":null,"('0100-PE-2001', 2)":null,"('0100-PE-2001', 3)":null,"('0100-PE-2001', 4)":null,"('0100-PE-2001', 5)":null,"('0100-PE-2001', 6)":null,"('0100-PE-2001', 7)":null},"Palabra Clave":{"('0100-PE-2001', 0)":" ","('0100-PE-2001', 1)":null,"('0100-PE-2001', 2)":null,"('0100-PE-2001', 3)":null,"('0100-PE-2001', 4)":null,"('0100-PE-2001', 5)":null,"('0100-PE-2001', 6)":null,"('0100-PE-2001', 7)":null}}