{"Tipo de Proyecto":{"('0101-S-2001', 0)":"MENSAJE NRO: 0255\/01 Y PROYECTO DE LEY","('0101-S-2001', 1)":null,"('0101-S-2001', 2)":null},"Iniciado en: ":{"('0101-S-2001', 0)":"Senado","('0101-S-2001', 1)":null,"('0101-S-2001', 2)":null},"Expediente Diputados: ":{"('0101-S-2001', 0)":"0101-S-2001","('0101-S-2001', 1)":null,"('0101-S-2001', 2)":null},"Expediente Senado: ":{"('0101-S-2001', 0)":"0598-PE-2000","('0101-S-2001', 1)":null,"('0101-S-2001', 2)":null},"Publicado en: ":{"('0101-S-2001', 0)":"Diario de Asuntos Entrados N\u00b0 168","('0101-S-2001', 1)":null,"('0101-S-2001', 2)":null},"Fecha: ":{"('0101-S-2001', 0)":"28\/02\/2001","('0101-S-2001', 1)":null,"('0101-S-2001', 2)":null},"T\u00edtulo":{"('0101-S-2001', 0)":"PROTOCOLO AL CONVENIO PARA LA COOPERACION EN EL MARCO DE LA CONFERENCIA IBEROAMERICANA PARA LA CONSTITUCION DE LA SECRETARIA DE COOPERACION IBEROAMERICANA (SECIB), SUSCRIPTO EN LA HABANA, CUBA, EL 15 DE NOVIEMBRE DE 1999.","('0101-S-2001', 1)":null,"('0101-S-2001', 2)":null},"('Firmantes', 'FIRMANTE')":{"('0101-S-2001', 0)":"DE LA RUA, FERNANDO","('0101-S-2001', 1)":"COLOMBO, CHRYSTIAN","('0101-S-2001', 2)":"RODRIGUEZ GIAVARINI, ADALBERTO"},"('Firmantes', 'DISTRITO')":{"('0101-S-2001', 0)":null,"('0101-S-2001', 1)":null,"('0101-S-2001', 2)":null},"('Firmantes', 'BLOQUE')":{"('0101-S-2001', 0)":"PODER EJECUTIVO","('0101-S-2001', 1)":"PODER EJECUTIVO","('0101-S-2001', 2)":"PODER EJECUTIVO"},"('Giros', 'COMISI\u00d3N')":{"('0101-S-2001', 0)":"RELACIONES EXTERIORES Y CULTO","('0101-S-2001', 1)":null,"('0101-S-2001', 2)":null},"('Tramites', 'C\u00c1MARA')":{"('0101-S-2001', 0)":"Senado","('0101-S-2001', 1)":"Diputados","('0101-S-2001', 2)":"Diputados"},"('Tramites', 'MOVIMIENTO')":{"('0101-S-2001', 0)":"CONSIDERACION Y APROBACION","('0101-S-2001', 1)":"PASA A DIPUTADOS - (TP 78, 22\/06\/2001)","('0101-S-2001', 2)":"CONSIDERACION Y SANCION"},"('Tramites', 'FECHA')":{"('0101-S-2001', 0)":"20\/06\/2001","('0101-S-2001', 1)":null,"('0101-S-2001', 2)":"15\/08\/2001"},"('Tramites', 'RESULTADO')":{"('0101-S-2001', 0)":"MEDIA SANCION","('0101-S-2001', 1)":null,"('0101-S-2001', 2)":"SANCIONADO"},"Sumario":{"('0101-S-2001', 0)":"APROBACION.","('0101-S-2001', 1)":null,"('0101-S-2001', 2)":null},"Palabra Clave":{"('0101-S-2001', 0)":" ","('0101-S-2001', 1)":null,"('0101-S-2001', 2)":null}}