{"Tipo de Proyecto":{"('0102-PE-2001', 0)":"MENSAJE NRO: 0319\/02","('0102-PE-2001', 1)":null,"('0102-PE-2001', 2)":null},"Iniciado en: ":{"('0102-PE-2001', 0)":"Diputados","('0102-PE-2001', 1)":null,"('0102-PE-2001', 2)":null},"Expediente Diputados: ":{"('0102-PE-2001', 0)":"0102-PE-2001","('0102-PE-2001', 1)":null,"('0102-PE-2001', 2)":null},"Publicado en: ":{"('0102-PE-2001', 0)":"Tr\u00e1mite Parlamentario N\u00b0 228","('0102-PE-2001', 1)":null,"('0102-PE-2001', 2)":null},"Fecha: ":{"('0102-PE-2001', 0)":"15\/02\/2002","('0102-PE-2001', 1)":null,"('0102-PE-2001', 2)":null},"T\u00edtulo":{"('0102-PE-2001', 0)":"DECRETO 318\/01 POR EL CUAL SE OBSERVA PARCIALMENTE Y SE PROMULGA EL PROYECTO DE LEY REGISTRADO BAJO EL NUMERO 25563 (EMERGENCIA PRODUCTIVA Y CREDITICIA, MODIFICACION DE LA LEY DE QUIEBRAS).","('0102-PE-2001', 1)":null,"('0102-PE-2001', 2)":null},"('Firmantes', 'FIRMANTE')":{"('0102-PE-2001', 0)":"DUHALDE, EDUARDO ALBERTO","('0102-PE-2001', 1)":"CAPITANICH, JORGE","('0102-PE-2001', 2)":"REMES LENICOV, JORGE LUIS"},"('Firmantes', 'DISTRITO')":{"('0102-PE-2001', 0)":null,"('0102-PE-2001', 1)":null,"('0102-PE-2001', 2)":null},"('Firmantes', 'BLOQUE')":{"('0102-PE-2001', 0)":"PODER EJECUTIVO","('0102-PE-2001', 1)":"PODER EJECUTIVO","('0102-PE-2001', 2)":"PODER EJECUTIVO"},"('Giros', 'COMISI\u00d3N')":{"('0102-PE-2001', 0)":"LEGISLACION GENERAL","('0102-PE-2001', 1)":"JUSTICIA","('0102-PE-2001', 2)":null},"Sumario":{"('0102-PE-2001', 0)":"COMUNICACION DEL DEL DICTADO DEL MISMO.","('0102-PE-2001', 1)":null,"('0102-PE-2001', 2)":null},"Palabra Clave":{"('0102-PE-2001', 0)":" ","('0102-PE-2001', 1)":null,"('0102-PE-2001', 2)":null}}