{"Tipo de Proyecto":{"('0102-D-2001', 0)":"PROYECTO DE RESOLUCI\u00d3N"},"Iniciado en: ":{"('0102-D-2001', 0)":"Diputados"},"Expediente Diputados: ":{"('0102-D-2001', 0)":"0102-D-2001"},"Publicado en: ":{"('0102-D-2001', 0)":"Tr\u00e1mite Parlamentario N\u00b0 1"},"Fecha: ":{"('0102-D-2001', 0)":"01\/03\/2001"},"T\u00edtulo":{"('0102-D-2001', 0)":"PEDIDO DE INFORMES: SOBRE EL CIERRE POR PARTE DE LA INTERVENCION FEDERAL, DEL TALLER DE ARTE DEL INSTITUTO CORRENTINO DE AYUDA AL LISIADO (ICAL)."},"('Firmantes', 'FIRMANTE')":{"('0102-D-2001', 0)":"DIAZ COLODRERO, AGUSTIN"},"('Firmantes', 'DISTRITO')":{"('0102-D-2001', 0)":"CORRIENTES"},"('Firmantes', 'BLOQUE')":{"('0102-D-2001', 0)":"LIBERAL"},"('Giros', 'COMISI\u00d3N')":{"('0102-D-2001', 0)":"ASUNTOS CONSTITUCIONALES"},"Sumario":{"('0102-D-2001', 0)":"SOLICITUD AL PODER EJECUTIVO NACIONAL."},"Palabra Clave":{"('0102-D-2001', 0)":" "}}