{"Tipo de Proyecto":{"('0102-OV-2001', 0)":"PROYECTO DE RESOLUCI\u00d3N"},"Iniciado en: ":{"('0102-OV-2001', 0)":"Senado"},"Expediente Senado: ":{"('0102-OV-2001', 0)":"0102-OV-2001"},"Fecha: ":{"('0102-OV-2001', 0)":"25\/06\/2003"},"T\u00edtulo":{"('0102-OV-2001', 0)":"DICTAMEN EN LA RESOLUCION REMITIDA POR LA AUDITORIA GENERAL DE LA NACION SOBRE LOS ESTADOS FINANCIEROS AL 31 DE DICIEMBRE DE 2000 DEL PROGRAMA DE REFORMA DE LA ATENCION PRIMARIA DE SALUD, SALTA, LA PAMPA Y CORDOBA - CARTA DE ACUERDO PPF 1187\/OC-AR BID."},"('Firmantes', 'FIRMANTE')":{"('0102-OV-2001', 0)":"PARLAMENTARIA MIXTA REVISORA DE CUENTAS"},"('Firmantes', 'DISTRITO')":{"('0102-OV-2001', 0)":null},"('Firmantes', 'BLOQUE')":{"('0102-OV-2001', 0)":null},"('Tramites', 'C\u00c1MARA')":{"('0102-OV-2001', 0)":"Senado"},"('Tramites', 'MOVIMIENTO')":{"('0102-OV-2001', 0)":"CONSIDERACION Y APROBACION (AL ARCHIVO)"},"('Tramites', 'FECHA')":{"('0102-OV-2001', 0)":"02\/07\/2003"},"('Tramites', 'RESULTADO')":{"('0102-OV-2001', 0)":"ARCHIVADO"},"Sumario":{"('0102-OV-2001', 0)":"HABIENDO TOMADO CONOCIMIENTO DEL MISMO Y SIN PERJUICIO DE MEDIDAS ULTERIORES QUE PUDIERAN TOMARSE, SE ACONSEJA SU REMISION AL ARCHIVO."},"Palabra Clave":{"('0102-OV-2001', 0)":" "}}