{"Tipo de Proyecto":{"('0103-S-2001', 0)":"PROYECTO DE RESOLUCI\u00d3N"},"Iniciado en: ":{"('0103-S-2001', 0)":"Senado"},"Expediente Senado: ":{"('0103-S-2001', 0)":"0103-S-2001"},"Publicado en: ":{"('0103-S-2001', 0)":"Diario de Asuntos Entrados N\u00b0 6"},"Fecha: ":{"('0103-S-2001', 0)":"09\/03\/2001"},"T\u00edtulo":{"('0103-S-2001', 0)":"II CONGRESO DEL MERCOSUR POR UNA CULTURA DE PAZ \"MIL MILENIOS DE PAZ\" Y II EXPOSICION ITINERANTE DE FOTOGRAFIAS \"DAR Y HACER\"."},"('Firmantes', 'FIRMANTE')":{"('0103-S-2001', 0)":"DE LA ROSA, CARLOS LEONARDO"},"('Firmantes', 'DISTRITO')":{"('0103-S-2001', 0)":"MENDOZA"},"('Firmantes', 'BLOQUE')":{"('0103-S-2001', 0)":"JUSTICIALISTA"},"('Tramites', 'C\u00c1MARA')":{"('0103-S-2001', 0)":"Senado"},"('Tramites', 'MOVIMIENTO')":{"('0103-S-2001', 0)":"CONSIDERACION Y APROBACION"},"('Tramites', 'FECHA')":{"('0103-S-2001', 0)":"03\/05\/2001"},"('Tramites', 'RESULTADO')":{"('0103-S-2001', 0)":"APROBADO"},"Sumario":{"('0103-S-2001', 0)":"DECLARACION DE INTERES CULTURAL Y PARLAMENTARIO."},"Palabra Clave":{"('0103-S-2001', 0)":" "}}