{"Tipo de Proyecto":{"('0105-PE-2001', 0)":"MENSAJE NRO: 0339\/02 Y PROYECTO DE LEY","('0105-PE-2001', 1)":null,"('0105-PE-2001', 2)":null},"Iniciado en: ":{"('0105-PE-2001', 0)":"Diputados","('0105-PE-2001', 1)":null,"('0105-PE-2001', 2)":null},"Expediente Diputados: ":{"('0105-PE-2001', 0)":"0105-PE-2001","('0105-PE-2001', 1)":null,"('0105-PE-2001', 2)":null},"Publicado en: ":{"('0105-PE-2001', 0)":"Tr\u00e1mite Parlamentario N\u00b0 230","('0105-PE-2001', 1)":null,"('0105-PE-2001', 2)":null},"Fecha: ":{"('0105-PE-2001', 0)":"19\/02\/2002","('0105-PE-2001', 1)":null,"('0105-PE-2001', 2)":null},"T\u00edtulo":{"('0105-PE-2001', 0)":"MODIFICACION AL CODIGO PROCESAL CIVIL Y COMERCIAL DE LA NACION.","('0105-PE-2001', 1)":null,"('0105-PE-2001', 2)":null},"('Firmantes', 'FIRMANTE')":{"('0105-PE-2001', 0)":"DUHALDE, EDUARDO ALBERTO","('0105-PE-2001', 1)":"VANOSSI, JORGE REINALDO","('0105-PE-2001', 2)":"CAPITANICH, JORGE"},"('Firmantes', 'DISTRITO')":{"('0105-PE-2001', 0)":null,"('0105-PE-2001', 1)":null,"('0105-PE-2001', 2)":null},"('Firmantes', 'BLOQUE')":{"('0105-PE-2001', 0)":"PODER EJECUTIVO","('0105-PE-2001', 1)":"PODER EJECUTIVO","('0105-PE-2001', 2)":"PODER EJECUTIVO"},"('Giros', 'COMISI\u00d3N')":{"('0105-PE-2001', 0)":"JUSTICIA","('0105-PE-2001', 1)":null,"('0105-PE-2001', 2)":null},"Sumario":{"('0105-PE-2001', 0)":"INCORPORACION DEL ARTICULO 257 BIS (OBLIGATORIEDAD DEL DICTAMEN DEL PROCURADOR DEL TESORO DE LA NACION EN LOS RECURSOS EXTRAORDINARIOS INTERPUESTOS, DONDE SE CUESTIONE LA VALIDEZ DE UN TRATADO, LEY DICTADA POR EL CONGRESO NACIONAL O DECRETO EMANADO DE AUTORIDAD COMPETENTE).","('0105-PE-2001', 1)":null,"('0105-PE-2001', 2)":null},"Palabra Clave":{"('0105-PE-2001', 0)":" ","('0105-PE-2001', 1)":null,"('0105-PE-2001', 2)":null}}