{"Tipo de Proyecto":{"('0105-D-2001', 0)":"PROYECTO DE RESOLUCI\u00d3N"},"Iniciado en: ":{"('0105-D-2001', 0)":"Diputados"},"Expediente Diputados: ":{"('0105-D-2001', 0)":"0105-D-2001"},"Publicado en: ":{"('0105-D-2001', 0)":"Tr\u00e1mite Parlamentario N\u00b0 1"},"Fecha: ":{"('0105-D-2001', 0)":"01\/03\/2001"},"T\u00edtulo":{"('0105-D-2001', 0)":"PEDIDO DE INFORMES: SOBRE EL BENEFICIO QUE IMPLICARA PARA LA PROVINCIA DE CORRIENTES, EL CONVENIO FIRMADO POR EL INTERVENTOR FEDERAL CON LA EMPRESA TRANSPORTADORA GAS DEL MERCOSUR (TGM)."},"('Firmantes', 'FIRMANTE')":{"('0105-D-2001', 0)":"DIAZ COLODRERO, AGUSTIN"},"('Firmantes', 'DISTRITO')":{"('0105-D-2001', 0)":"CORRIENTES"},"('Firmantes', 'BLOQUE')":{"('0105-D-2001', 0)":"LIBERAL"},"('Giros', 'COMISI\u00d3N')":{"('0105-D-2001', 0)":"ASUNTOS CONSTITUCIONALES"},"Sumario":{"('0105-D-2001', 0)":"SOLICITUD AL PODER EJECUTIVO NACIONAL."},"Palabra Clave":{"('0105-D-2001', 0)":" "}}