{"Tipo de Proyecto":{"('0106-OV-2001', 0)":"PROYECTO DE RESOLUCI\u00d3N"},"Iniciado en: ":{"('0106-OV-2001', 0)":"Senado"},"Expediente Senado: ":{"('0106-OV-2001', 0)":"0106-OV-2001"},"Fecha: ":{"('0106-OV-2001', 0)":"01\/10\/2002"},"T\u00edtulo":{"('0106-OV-2001', 0)":"DICTAMEN EN LA RESOLUCION REMITIDA POR LA AUDITORIA GENERAL DE LA NACION SOBRE LOS ESTADOS CONTABLES AL 31 DE DICIEMBRE DE 2000 DE LA EMPRESA CARGAS AEREAS  DEL ATLANTICO SUD SOCIEDAD ANONIMA."},"('Firmantes', 'FIRMANTE')":{"('0106-OV-2001', 0)":"PARLAMENTARIA MIXTA REVISORA DE CUENTAS"},"('Firmantes', 'DISTRITO')":{"('0106-OV-2001', 0)":null},"('Firmantes', 'BLOQUE')":{"('0106-OV-2001', 0)":null},"('Tramites', 'C\u00c1MARA')":{"('0106-OV-2001', 0)":"Senado"},"('Tramites', 'MOVIMIENTO')":{"('0106-OV-2001', 0)":"CONSIDERACION Y APROBACION (AL ARCHIVO)"},"('Tramites', 'FECHA')":{"('0106-OV-2001', 0)":"23\/10\/2002"},"('Tramites', 'RESULTADO')":{"('0106-OV-2001', 0)":"ARCHIVADO"},"Sumario":{"('0106-OV-2001', 0)":"HABIENDO TOMADO CONOCIMIENTO DEL MISMO Y NO CONTENIENDO REQUERIMIENTOS DE ACCION SUBSISTENTES, SE ACONSEJA SU REMISION AL ARCHIVO."},"Palabra Clave":{"('0106-OV-2001', 0)":" "}}