{"Tipo de Proyecto":{"('0107-S-2001', 0)":"COMUNICACION"},"Iniciado en: ":{"('0107-S-2001', 0)":"Senado"},"Expediente Senado: ":{"('0107-S-2001', 0)":"0107-S-2001"},"Publicado en: ":{"('0107-S-2001', 0)":"Diario de Asuntos Entrados N\u00b0 6"},"Fecha: ":{"('0107-S-2001', 0)":"09\/03\/2001"},"T\u00edtulo":{"('0107-S-2001', 0)":"OTORGAR UN SUBSIDIO A LA IGLESIA EVANGELICA DEL NAZARENO DE LA CIUDAD DE TRELEW, PROVINCIA DEL CHUBUT."},"('Firmantes', 'FIRMANTE')":{"('0107-S-2001', 0)":"SAEZ, JOSE MARIA"},"('Firmantes', 'DISTRITO')":{"('0107-S-2001', 0)":"CHUBUT"},"('Firmantes', 'BLOQUE')":{"('0107-S-2001', 0)":"UCR"},"Sumario":{"('0107-S-2001', 0)":"SOLICITUD AL PODER EJECUTIVO NACIONAL."},"Palabra Clave":{"('0107-S-2001', 0)":" "}}