{"Tipo de Proyecto":{"('0107-PE-2001', 0)":"MENSAJE NRO: 0356\/02","('0107-PE-2001', 1)":null,"('0107-PE-2001', 2)":null},"Iniciado en: ":{"('0107-PE-2001', 0)":"Diputados","('0107-PE-2001', 1)":null,"('0107-PE-2001', 2)":null},"Expediente Diputados: ":{"('0107-PE-2001', 0)":"0107-PE-2001","('0107-PE-2001', 1)":null,"('0107-PE-2001', 2)":null},"Publicado en: ":{"('0107-PE-2001', 0)":"Tr\u00e1mite Parlamentario N\u00b0 233","('0107-PE-2001', 1)":null,"('0107-PE-2001', 2)":null},"Fecha: ":{"('0107-PE-2001', 0)":"22\/02\/2002","('0107-PE-2001', 1)":null,"('0107-PE-2001', 2)":null},"T\u00edtulo":{"('0107-PE-2001', 0)":"COMUNICANDO EL DICTADO DEL DECRETO 355\/02 SOBRE MODIFICACION DE LA LEY DE MINISTERIOS.","('0107-PE-2001', 1)":null,"('0107-PE-2001', 2)":null},"('Firmantes', 'FIRMANTE')":{"('0107-PE-2001', 0)":"DUHALDE, EDUARDO ALBERTO","('0107-PE-2001', 1)":"CAPITANICH, JORGE","('0107-PE-2001', 2)":"GABRIELLI, RODOLFO FEDERICO"},"('Firmantes', 'DISTRITO')":{"('0107-PE-2001', 0)":null,"('0107-PE-2001', 1)":null,"('0107-PE-2001', 2)":null},"('Firmantes', 'BLOQUE')":{"('0107-PE-2001', 0)":"PODER EJECUTIVO","('0107-PE-2001', 1)":"PODER EJECUTIVO","('0107-PE-2001', 2)":"PODER EJECUTIVO"},"('Giros', 'COMISI\u00d3N')":{"('0107-PE-2001', 0)":"BICAMERAL PERMANENTE DE TRAMITE LEGISLATIVO - LEY 26122","('0107-PE-2001', 1)":null,"('0107-PE-2001', 2)":null},"('Tramites', 'C\u00c1MARA')":{"('0107-PE-2001', 0)":"Diputados","('0107-PE-2001', 1)":"Diputados","('0107-PE-2001', 2)":null},"('Tramites', 'MOVIMIENTO')":{"('0107-PE-2001', 0)":"SOLICITUD DEL PRESIDENTE DE LA COMISION BICAMERAL PERMANENTE DE TRAMITE LEGISLATIVO (LEY 26122) DE REMISION DEL EXPEDIENTE PARA SU ANALISIS (A LA PRESIDENCIA)","('0107-PE-2001', 1)":"EXPEDIENTE ORIGINALMENTE GIRADO A LA COMISION DE ASUNTOS CONSTITUCIONALES; SE LO REMITE A LA COMISION BICAMERAL DE TRAMITE LEGISLATIVO (LEY 26122)","('0107-PE-2001', 2)":null},"('Tramites', 'FECHA')":{"('0107-PE-2001', 0)":"28\/03\/2007","('0107-PE-2001', 1)":null,"('0107-PE-2001', 2)":null},"('Tramites', 'RESULTADO')":{"('0107-PE-2001', 0)":null,"('0107-PE-2001', 1)":null,"('0107-PE-2001', 2)":null},"Sumario":{"('0107-PE-2001', 0)":"ACOMPA\u00d1A COPIA AUTENTICADA.","('0107-PE-2001', 1)":null,"('0107-PE-2001', 2)":null},"Palabra Clave":{"('0107-PE-2001', 0)":" ","('0107-PE-2001', 1)":null,"('0107-PE-2001', 2)":null}}