{"Tipo de Proyecto":{"('0107-D-2001', 0)":"PROYECTO DE RESOLUCI\u00d3N"},"Iniciado en: ":{"('0107-D-2001', 0)":"Diputados"},"Expediente Diputados: ":{"('0107-D-2001', 0)":"0107-D-2001"},"Publicado en: ":{"('0107-D-2001', 0)":"Tr\u00e1mite Parlamentario N\u00b0 1"},"Fecha: ":{"('0107-D-2001', 0)":"01\/03\/2001"},"T\u00edtulo":{"('0107-D-2001', 0)":"PEDIDO DE INFORMES: SOBRE LA REDUCCION DE LOS PROGRAMAS DE EMERGENCIA LABORAL EN DESARROLLO COMUNITARIO EN LA PROVINCIA DE CORRIENTES."},"('Firmantes', 'FIRMANTE')":{"('0107-D-2001', 0)":"DIAZ COLODRERO, AGUSTIN"},"('Firmantes', 'DISTRITO')":{"('0107-D-2001', 0)":"CORRIENTES"},"('Firmantes', 'BLOQUE')":{"('0107-D-2001', 0)":"LIBERAL"},"('Giros', 'COMISI\u00d3N')":{"('0107-D-2001', 0)":"ASUNTOS CONSTITUCIONALES"},"Sumario":{"('0107-D-2001', 0)":"SOLICITUD AL PODER EJECUTIVO NACIONAL."},"Palabra Clave":{"('0107-D-2001', 0)":" "}}