{"Tipo de Proyecto":{"('0108-PE-2001', 0)":"MENSAJE NRO: 0364\/02","('0108-PE-2001', 1)":null,"('0108-PE-2001', 2)":null,"('0108-PE-2001', 3)":null},"Iniciado en: ":{"('0108-PE-2001', 0)":"Diputados","('0108-PE-2001', 1)":null,"('0108-PE-2001', 2)":null,"('0108-PE-2001', 3)":null},"Expediente Diputados: ":{"('0108-PE-2001', 0)":"0108-PE-2001","('0108-PE-2001', 1)":null,"('0108-PE-2001', 2)":null,"('0108-PE-2001', 3)":null},"Publicado en: ":{"('0108-PE-2001', 0)":"Tr\u00e1mite Parlamentario N\u00b0 233","('0108-PE-2001', 1)":null,"('0108-PE-2001', 2)":null,"('0108-PE-2001', 3)":null},"Fecha: ":{"('0108-PE-2001', 0)":"22\/02\/2002","('0108-PE-2001', 1)":null,"('0108-PE-2001', 2)":null,"('0108-PE-2001', 3)":null},"T\u00edtulo":{"('0108-PE-2001', 0)":"COMUNICANDO EL DICTADO DEL DECRETO 363\/02 (LIMITACION A LAS TRANSACCIONES EN DINERO EN EFECTIVO - PREVENCION DE LA EVASION FISCAL), Y SE MODIFICA LA LEY 25345, SOBRE EVASION TRIBUTARIA Y PREVISIONAL.","('0108-PE-2001', 1)":null,"('0108-PE-2001', 2)":null,"('0108-PE-2001', 3)":null},"('Firmantes', 'FIRMANTE')":{"('0108-PE-2001', 0)":"DUHALDE, EDUARDO ALBERTO","('0108-PE-2001', 1)":"CAPITANICH, JORGE","('0108-PE-2001', 2)":"REMES LENICOV, JORGE LUIS","('0108-PE-2001', 3)":null},"('Firmantes', 'DISTRITO')":{"('0108-PE-2001', 0)":null,"('0108-PE-2001', 1)":null,"('0108-PE-2001', 2)":null,"('0108-PE-2001', 3)":null},"('Firmantes', 'BLOQUE')":{"('0108-PE-2001', 0)":"PODER EJECUTIVO","('0108-PE-2001', 1)":"PODER EJECUTIVO","('0108-PE-2001', 2)":"PODER EJECUTIVO","('0108-PE-2001', 3)":null},"('Giros', 'COMISI\u00d3N')":{"('0108-PE-2001', 0)":"PRESUPUESTO Y HACIENDA","('0108-PE-2001', 1)":"PREVISION Y SEGURIDAD SOCIAL","('0108-PE-2001', 2)":"LEGISLACION PENAL","('0108-PE-2001', 3)":"BICAMERAL PERMANENTE DE TRAMITE LEGISLATIVO - LEY 26122"},"Sumario":{"('0108-PE-2001', 0)":"ACOMPA\u00d1A COPIA AUTENTICADA.","('0108-PE-2001', 1)":null,"('0108-PE-2001', 2)":null,"('0108-PE-2001', 3)":null},"Palabra Clave":{"('0108-PE-2001', 0)":" ","('0108-PE-2001', 1)":null,"('0108-PE-2001', 2)":null,"('0108-PE-2001', 3)":null}}