{"Tipo de Proyecto":{"('0110-S-2001', 0)":"MENSAJE NRO: 0970\/00 Y PROYECTO DE LEY","('0110-S-2001', 1)":null,"('0110-S-2001', 2)":null,"('0110-S-2001', 3)":null,"('0110-S-2001', 4)":null,"('0110-S-2001', 5)":null,"('0110-S-2001', 6)":null,"('0110-S-2001', 7)":null,"('0110-S-2001', 8)":null,"('0110-S-2001', 9)":null,"('0110-S-2001', 10)":null},"Iniciado en: ":{"('0110-S-2001', 0)":"Senado","('0110-S-2001', 1)":null,"('0110-S-2001', 2)":null,"('0110-S-2001', 3)":null,"('0110-S-2001', 4)":null,"('0110-S-2001', 5)":null,"('0110-S-2001', 6)":null,"('0110-S-2001', 7)":null,"('0110-S-2001', 8)":null,"('0110-S-2001', 9)":null,"('0110-S-2001', 10)":null},"Expediente Diputados: ":{"('0110-S-2001', 0)":"0110-S-2001","('0110-S-2001', 1)":null,"('0110-S-2001', 2)":null,"('0110-S-2001', 3)":null,"('0110-S-2001', 4)":null,"('0110-S-2001', 5)":null,"('0110-S-2001', 6)":null,"('0110-S-2001', 7)":null,"('0110-S-2001', 8)":null,"('0110-S-2001', 9)":null,"('0110-S-2001', 10)":null},"Expediente Senado: ":{"('0110-S-2001', 0)":"0390-PE-2000","('0110-S-2001', 1)":null,"('0110-S-2001', 2)":null,"('0110-S-2001', 3)":null,"('0110-S-2001', 4)":null,"('0110-S-2001', 5)":null,"('0110-S-2001', 6)":null,"('0110-S-2001', 7)":null,"('0110-S-2001', 8)":null,"('0110-S-2001', 9)":null,"('0110-S-2001', 10)":null},"Publicado en: ":{"('0110-S-2001', 0)":"Diario de Asuntos Entrados N\u00b0 130","('0110-S-2001', 1)":null,"('0110-S-2001', 2)":null,"('0110-S-2001', 3)":null,"('0110-S-2001', 4)":null,"('0110-S-2001', 5)":null,"('0110-S-2001', 6)":null,"('0110-S-2001', 7)":null,"('0110-S-2001', 8)":null,"('0110-S-2001', 9)":null,"('0110-S-2001', 10)":null},"Fecha: ":{"('0110-S-2001', 0)":"27\/10\/2000","('0110-S-2001', 1)":null,"('0110-S-2001', 2)":null,"('0110-S-2001', 3)":null,"('0110-S-2001', 4)":null,"('0110-S-2001', 5)":null,"('0110-S-2001', 6)":null,"('0110-S-2001', 7)":null,"('0110-S-2001', 8)":null,"('0110-S-2001', 9)":null,"('0110-S-2001', 10)":null},"T\u00edtulo":{"('0110-S-2001', 0)":"MODIFICACION DE LA LEY 23298 (ORGANICA DE LOS PARTIDOS POLITICOS).","('0110-S-2001', 1)":null,"('0110-S-2001', 2)":null,"('0110-S-2001', 3)":null,"('0110-S-2001', 4)":null,"('0110-S-2001', 5)":null,"('0110-S-2001', 6)":null,"('0110-S-2001', 7)":null,"('0110-S-2001', 8)":null,"('0110-S-2001', 9)":null,"('0110-S-2001', 10)":null},"('Firmantes', 'FIRMANTE')":{"('0110-S-2001', 0)":"DE LA RUA, FERNANDO","('0110-S-2001', 1)":"COLOMBO, CHRYSTIAN","('0110-S-2001', 2)":"STORANI, FEDERICO TEOBALDO MANUEL","('0110-S-2001', 3)":null,"('0110-S-2001', 4)":null,"('0110-S-2001', 5)":null,"('0110-S-2001', 6)":null,"('0110-S-2001', 7)":null,"('0110-S-2001', 8)":null,"('0110-S-2001', 9)":null,"('0110-S-2001', 10)":null},"('Firmantes', 'DISTRITO')":{"('0110-S-2001', 0)":null,"('0110-S-2001', 1)":null,"('0110-S-2001', 2)":null,"('0110-S-2001', 3)":null,"('0110-S-2001', 4)":null,"('0110-S-2001', 5)":null,"('0110-S-2001', 6)":null,"('0110-S-2001', 7)":null,"('0110-S-2001', 8)":null,"('0110-S-2001', 9)":null,"('0110-S-2001', 10)":null},"('Firmantes', 'BLOQUE')":{"('0110-S-2001', 0)":"PODER EJECUTIVO","('0110-S-2001', 1)":"PODER EJECUTIVO","('0110-S-2001', 2)":"PODER EJECUTIVO","('0110-S-2001', 3)":null,"('0110-S-2001', 4)":null,"('0110-S-2001', 5)":null,"('0110-S-2001', 6)":null,"('0110-S-2001', 7)":null,"('0110-S-2001', 8)":null,"('0110-S-2001', 9)":null,"('0110-S-2001', 10)":null},"('Giros', 'COMISI\u00d3N')":{"('0110-S-2001', 0)":"ASUNTOS CONSTITUCIONALES","('0110-S-2001', 1)":null,"('0110-S-2001', 2)":null,"('0110-S-2001', 3)":null,"('0110-S-2001', 4)":null,"('0110-S-2001', 5)":null,"('0110-S-2001', 6)":null,"('0110-S-2001', 7)":null,"('0110-S-2001', 8)":null,"('0110-S-2001', 9)":null,"('0110-S-2001', 10)":null},"('Tramites', 'C\u00c1MARA')":{"('0110-S-2001', 0)":"Senado","('0110-S-2001', 1)":"Senado","('0110-S-2001', 2)":"Senado","('0110-S-2001', 3)":"Senado","('0110-S-2001', 4)":"Senado","('0110-S-2001', 5)":"Diputados","('0110-S-2001', 6)":"Diputados","('0110-S-2001', 7)":"Diputados","('0110-S-2001', 8)":"Senado","('0110-S-2001', 9)":"Senado","('0110-S-2001', 10)":"Senado"},"('Tramites', 'MOVIMIENTO')":{"('0110-S-2001', 0)":"CONSIDERACION","('0110-S-2001', 1)":"CONSIDERACION Y APROBACION EN GENERAL","('0110-S-2001', 2)":"CONSIDERACION Y APROBACION HASTA EL ARTICULO 3","('0110-S-2001', 3)":"INSERCION","('0110-S-2001', 4)":"CONSIDERACION Y APROBACION CON MODIFICACIONES","('0110-S-2001', 5)":"PASA A DIPUTADOS - (TP 85)","('0110-S-2001', 6)":"MOCION SOBRE TABLAS (AFIRMATIVA)","('0110-S-2001', 7)":"CONSIDERACION Y SANCION","('0110-S-2001', 8)":"COMUNICACION DEL DECRETO 1169\/02 DE OBSERVACION PARCIAL Y PROMULGACION","('0110-S-2001', 9)":"*** INSISTENCIA ***","('0110-S-2001', 10)":"MOCION DE PREFERENCIA PARA LA PROXIMA SESION CON O SIN DICTAMEN (AFIRMATIVA)"},"('Tramites', 'FECHA')":{"('0110-S-2001', 0)":"16\/05\/2001","('0110-S-2001', 1)":"23\/05\/2001","('0110-S-2001', 2)":"30\/05\/2001","('0110-S-2001', 3)":"30\/05\/2001","('0110-S-2001', 4)":"27\/06\/2001","('0110-S-2001', 5)":null,"('0110-S-2001', 6)":"12\/06\/2002","('0110-S-2001', 7)":"19\/06\/2002","('0110-S-2001', 8)":null,"('0110-S-2001', 9)":null,"('0110-S-2001', 10)":"15\/08\/2002"},"('Tramites', 'RESULTADO')":{"('0110-S-2001', 0)":null,"('0110-S-2001', 1)":null,"('0110-S-2001', 2)":null,"('0110-S-2001', 3)":null,"('0110-S-2001', 4)":"MEDIA SANCION","('0110-S-2001', 5)":null,"('0110-S-2001', 6)":null,"('0110-S-2001', 7)":"SANCIONADO","('0110-S-2001', 8)":null,"('0110-S-2001', 9)":null,"('0110-S-2001', 10)":null},"Sumario":{"('0110-S-2001', 0)":"MODIFICACION DE LOS ARTICULOS 5 (ORDEN PUBLICO), 10 (DISTRIBUCION DE LOS APORTES ENTRE LOS PARTIDOS INTEGRANTES DE ALIANZAS, ACUERDOS), 29 (ELECCIONES PARTIDARIAS INTERNAS Y PARA CARGOS ELECTIVOS, CON EXCEPCION DEL CARGO DE PRESIDENTE); INCORPORACION DEL ARTICULO 29 BIS (ELECCION DE CANDIDATOS A PRESIDENTE POR ELECCIONES INTERNAS ABIERTAS, CAMPA\u00d1AS, PADRONES, VOTO); DEROGACION DEL INCISO C) DEL ARTICULO 50; ADECUACION DE LA CARTA ORGANICA DE LOS PARTIDOS POLITICOS EN EL PLAZO DE 90 DIAS A PARTIR DE LA ENTRADA EN VIGENCIA DE LA PRESENTE.","('0110-S-2001', 1)":null,"('0110-S-2001', 2)":null,"('0110-S-2001', 3)":null,"('0110-S-2001', 4)":null,"('0110-S-2001', 5)":null,"('0110-S-2001', 6)":null,"('0110-S-2001', 7)":null,"('0110-S-2001', 8)":null,"('0110-S-2001', 9)":null,"('0110-S-2001', 10)":null},"Palabra Clave":{"('0110-S-2001', 0)":" ","('0110-S-2001', 1)":null,"('0110-S-2001', 2)":null,"('0110-S-2001', 3)":null,"('0110-S-2001', 4)":null,"('0110-S-2001', 5)":null,"('0110-S-2001', 6)":null,"('0110-S-2001', 7)":null,"('0110-S-2001', 8)":null,"('0110-S-2001', 9)":null,"('0110-S-2001', 10)":null}}