{"Tipo de Proyecto":{"('0110-D-2001', 0)":"PROYECTO DE LEY"},"Iniciado en: ":{"('0110-D-2001', 0)":"Diputados"},"Expediente Diputados: ":{"('0110-D-2001', 0)":"0110-D-2001"},"Publicado en: ":{"('0110-D-2001', 0)":"Tr\u00e1mite Parlamentario N\u00b0 1"},"Fecha: ":{"('0110-D-2001', 0)":"01\/03\/2001"},"T\u00edtulo":{"('0110-D-2001', 0)":"OBSERVACIONES FORMULADAS POR EL PODER EJECUTIVO AL ARTICULO 38 DEL PROYECTO DE LEY 25401, DE PRESUPUESTO DE LA ADMINISTRACION NACIONAL PARA EL EJERCICIO 2001."},"('Firmantes', 'FIRMANTE')":{"('0110-D-2001', 0)":"DIAZ COLODRERO, AGUSTIN"},"('Firmantes', 'DISTRITO')":{"('0110-D-2001', 0)":"CORRIENTES"},"('Firmantes', 'BLOQUE')":{"('0110-D-2001', 0)":"LIBERAL"},"('Giros', 'COMISI\u00d3N')":{"('0110-D-2001', 0)":"PRESUPUESTO Y HACIENDA"},"Sumario":{"('0110-D-2001', 0)":"EXPRESION DE RECHAZO."},"Palabra Clave":{"('0110-D-2001', 0)":" "}}