{"Tipo de Proyecto":{"('0110-PE-2001', 0)":"MENSAJE NRO: 0586\/01","('0110-PE-2001', 1)":null},"Iniciado en: ":{"('0110-PE-2001', 0)":"Senado","('0110-PE-2001', 1)":null},"Expediente Senado: ":{"('0110-PE-2001', 0)":"0110-PE-2001","('0110-PE-2001', 1)":null},"Publicado en: ":{"('0110-PE-2001', 0)":"DAE S.A. N\u00b0 7","('0110-PE-2001', 1)":null},"Fecha: ":{"('0110-PE-2001', 0)":"09\/05\/2001","('0110-PE-2001', 1)":null},"T\u00edtulo":{"('0110-PE-2001', 0)":"SOLICITA ACUERDO PARA PROMOVER A FUNCIONARIO DE LA CATEGORIA \"C\", MINISTRO PLENIPOTENCIARIO DE SEGUNDA CLASE.","('0110-PE-2001', 1)":null},"('Firmantes', 'FIRMANTE')":{"('0110-PE-2001', 0)":"DE LA RUA, FERNANDO","('0110-PE-2001', 1)":"RODRIGUEZ GIAVARINI, ADALBERTO"},"('Firmantes', 'DISTRITO')":{"('0110-PE-2001', 0)":null,"('0110-PE-2001', 1)":null},"('Firmantes', 'BLOQUE')":{"('0110-PE-2001', 0)":"PODER EJECUTIVO","('0110-PE-2001', 1)":"PODER EJECUTIVO"},"('Tramites', 'C\u00c1MARA')":{"('0110-PE-2001', 0)":"Senado","('0110-PE-2001', 1)":null},"('Tramites', 'MOVIMIENTO')":{"('0110-PE-2001', 0)":"SOLICITUD DE RETIRO DEL MENSAJE (EXPEDIENTE 0337-PE-02, DAE SUPLEMENTO ACUERDOS 13, 06\/09\/2002)","('0110-PE-2001', 1)":null},"('Tramites', 'FECHA')":{"('0110-PE-2001', 0)":null,"('0110-PE-2001', 1)":null},"('Tramites', 'RESULTADO')":{"('0110-PE-2001', 0)":"RETIRADO","('0110-PE-2001', 1)":null},"Sumario":{"('0110-PE-2001', 0)":"AL ACTUAL FUNCIONARIO DE LA CATEGORIA \"D\", CONSEJERO DE EMBAJADA Y CONSUL GENERAL, DON ALBERTO JAIME KAMINKER.","('0110-PE-2001', 1)":null},"Palabra Clave":{"('0110-PE-2001', 0)":" ","('0110-PE-2001', 1)":null}}