{"Tipo de Proyecto":{"('0111-PE-2001', 0)":"MENSAJE NRO: 0587\/01","('0111-PE-2001', 1)":null},"Iniciado en: ":{"('0111-PE-2001', 0)":"Senado","('0111-PE-2001', 1)":null},"Expediente Senado: ":{"('0111-PE-2001', 0)":"0111-PE-2001","('0111-PE-2001', 1)":null},"Publicado en: ":{"('0111-PE-2001', 0)":"DAE S.A. N\u00b0 7","('0111-PE-2001', 1)":null},"Fecha: ":{"('0111-PE-2001', 0)":"09\/05\/2001","('0111-PE-2001', 1)":null},"T\u00edtulo":{"('0111-PE-2001', 0)":"SOLICITA ACUERDO PARA PROMOVER A FUNCIONARIO DE LA CATEGORIA \"C\", MINISTRO PLENIPOTENCIARIO DE SEGUNDA CLASE.","('0111-PE-2001', 1)":null},"('Firmantes', 'FIRMANTE')":{"('0111-PE-2001', 0)":"DE LA RUA, FERNANDO","('0111-PE-2001', 1)":"RODRIGUEZ GIAVARINI, ADALBERTO"},"('Firmantes', 'DISTRITO')":{"('0111-PE-2001', 0)":null,"('0111-PE-2001', 1)":null},"('Firmantes', 'BLOQUE')":{"('0111-PE-2001', 0)":"PODER EJECUTIVO","('0111-PE-2001', 1)":"PODER EJECUTIVO"},"('Tramites', 'C\u00c1MARA')":{"('0111-PE-2001', 0)":"Senado","('0111-PE-2001', 1)":null},"('Tramites', 'MOVIMIENTO')":{"('0111-PE-2001', 0)":"SOLICITUD DE RETIRO DEL MENSAJE (EXPEDIENTE 0337-PE-02, DAE SUPLEMENTO ACUERDOS 13, 06\/09\/2002)","('0111-PE-2001', 1)":null},"('Tramites', 'FECHA')":{"('0111-PE-2001', 0)":null,"('0111-PE-2001', 1)":null},"('Tramites', 'RESULTADO')":{"('0111-PE-2001', 0)":"RETIRADO","('0111-PE-2001', 1)":null},"Sumario":{"('0111-PE-2001', 0)":"AL ACTUAL FUNCIONARIO DE LA CATEGORIA \"D\", CONSEJERO DE EMBAJADA Y CONSUL GENERAL, DON CARLOS RUBIO REYNA.","('0111-PE-2001', 1)":null},"Palabra Clave":{"('0111-PE-2001', 0)":" ","('0111-PE-2001', 1)":null}}