{"Tipo de Proyecto":{"('0112-D-2001', 0)":"PROYECTO DE RESOLUCI\u00d3N","('0112-D-2001', 1)":null,"('0112-D-2001', 2)":null},"Iniciado en: ":{"('0112-D-2001', 0)":"Diputados","('0112-D-2001', 1)":null,"('0112-D-2001', 2)":null},"Expediente Diputados: ":{"('0112-D-2001', 0)":"0112-D-2001","('0112-D-2001', 1)":null,"('0112-D-2001', 2)":null},"Publicado en: ":{"('0112-D-2001', 0)":"Tr\u00e1mite Parlamentario N\u00b0 2","('0112-D-2001', 1)":null,"('0112-D-2001', 2)":null},"Fecha: ":{"('0112-D-2001', 0)":"02\/03\/2001","('0112-D-2001', 1)":null,"('0112-D-2001', 2)":null},"T\u00edtulo":{"('0112-D-2001', 0)":"PEDIDO DE INFORMES: SOBRE EL ESTADO DE CUMPLIMIENTO QUE PRESENTA EL ACUERDO BINACIONAL DE ALTURA, LIMITES Y HORARIOS DE VUELO DE HELICOPTEROS EN EL PARQUE NACIONAL IGUAZU ENTRE LA ARGENTINA Y LA REPUBLICA FEDERATIVA DEL BRASIL, Y OTRAS CUESTIONES CONEXAS.","('0112-D-2001', 1)":null,"('0112-D-2001', 2)":null},"('Firmantes', 'FIRMANTE')":{"('0112-D-2001', 0)":"CORFIELD, GUILLERMO EDUARDO","('0112-D-2001', 1)":"SOLMOIRAGO, RAUL JORGE","('0112-D-2001', 2)":"BALIAN, ALEJANDRO"},"('Firmantes', 'DISTRITO')":{"('0112-D-2001', 0)":"ENTRE RIOS","('0112-D-2001', 1)":"MISIONES","('0112-D-2001', 2)":"CORDOBA"},"('Firmantes', 'BLOQUE')":{"('0112-D-2001', 0)":"UCR","('0112-D-2001', 1)":"UCR","('0112-D-2001', 2)":"UCR"},"('Giros', 'COMISI\u00d3N')":{"('0112-D-2001', 0)":"RECURSOS NATURALES Y CONSERVACION DEL AMBIENTE HUMANO","('0112-D-2001', 1)":null,"('0112-D-2001', 2)":null},"('Tramites', 'C\u00c1MARA')":{"('0112-D-2001', 0)":"Diputados","('0112-D-2001', 1)":null,"('0112-D-2001', 2)":null},"('Tramites', 'MOVIMIENTO')":{"('0112-D-2001', 0)":"CONSIDERACION Y APROBACION","('0112-D-2001', 1)":null,"('0112-D-2001', 2)":null},"('Tramites', 'FECHA')":{"('0112-D-2001', 0)":"23\/05\/2001","('0112-D-2001', 1)":null,"('0112-D-2001', 2)":null},"('Tramites', 'RESULTADO')":{"('0112-D-2001', 0)":"APROBADO","('0112-D-2001', 1)":null,"('0112-D-2001', 2)":null},"Sumario":{"('0112-D-2001', 0)":"SOLICITUD AL PODER EJECUTIVO NACIONAL.","('0112-D-2001', 1)":null,"('0112-D-2001', 2)":null},"Palabra Clave":{"('0112-D-2001', 0)":" ","('0112-D-2001', 1)":null,"('0112-D-2001', 2)":null}}