{"Tipo de Proyecto":{"('0114-S-2001', 0)":"PROYECTO DE RESOLUCI\u00d3N","('0114-S-2001', 1)":null,"('0114-S-2001', 2)":null,"('0114-S-2001', 3)":null},"Iniciado en: ":{"('0114-S-2001', 0)":"Senado","('0114-S-2001', 1)":null,"('0114-S-2001', 2)":null,"('0114-S-2001', 3)":null},"Expediente Diputados: ":{"('0114-S-2001', 0)":"0114-S-2001","('0114-S-2001', 1)":null,"('0114-S-2001', 2)":null,"('0114-S-2001', 3)":null},"Expediente Senado: ":{"('0114-S-2001', 0)":"0229-OV-1999","('0114-S-2001', 1)":null,"('0114-S-2001', 2)":null,"('0114-S-2001', 3)":null},"Publicado en: ":{"('0114-S-2001', 0)":"Diario de Asuntos Entrados N\u00b0 0","('0114-S-2001', 1)":null,"('0114-S-2001', 2)":null,"('0114-S-2001', 3)":null},"Fecha: ":{"('0114-S-2001', 0)":"14\/06\/2001","('0114-S-2001', 1)":null,"('0114-S-2001', 2)":null,"('0114-S-2001', 3)":null},"T\u00edtulo":{"('0114-S-2001', 0)":"RESOLUCION REMITIDA POR LA AUDITORIA GENERAL DE LA NACION NUMERO 81\/99 SOBRE EL INFORME DE AUDITORIA SOBRE LA GESTION ADMINISTRATIVA DE LOS PLANES DE FACILIDADES DE PAGO (DECRETO 493\/95 Y 1053\/96) EN LA DIRECCION GENERAL IMPOSITIVA ( DGI ).","('0114-S-2001', 1)":null,"('0114-S-2001', 2)":null,"('0114-S-2001', 3)":null},"('Firmantes', 'FIRMANTE')":{"('0114-S-2001', 0)":"PARLAMENTARIA MIXTA REVISORA DE CUENTAS","('0114-S-2001', 1)":null,"('0114-S-2001', 2)":null,"('0114-S-2001', 3)":null},"('Firmantes', 'DISTRITO')":{"('0114-S-2001', 0)":null,"('0114-S-2001', 1)":null,"('0114-S-2001', 2)":null,"('0114-S-2001', 3)":null},"('Firmantes', 'BLOQUE')":{"('0114-S-2001', 0)":null,"('0114-S-2001', 1)":null,"('0114-S-2001', 2)":null,"('0114-S-2001', 3)":null},"('Giros', 'COMISI\u00d3N')":{"('0114-S-2001', 0)":"PARLAMENTARIA MIXTA REVISORA DE CUENTAS","('0114-S-2001', 1)":null,"('0114-S-2001', 2)":null,"('0114-S-2001', 3)":null},"('Tramites', 'C\u00c1MARA')":{"('0114-S-2001', 0)":"Senado","('0114-S-2001', 1)":"Diputados","('0114-S-2001', 2)":"Diputados","('0114-S-2001', 3)":"Diputados"},"('Tramites', 'MOVIMIENTO')":{"('0114-S-2001', 0)":"CONSIDERACION Y APROBACION","('0114-S-2001', 1)":"PASA A DIPUTADOS -","('0114-S-2001', 2)":"CONSIDERACION Y APROBACION","('0114-S-2001', 3)":"CONTESTACION DEL PODER EJECUTIVO NACIONAL - JEFE DE GABINETE DE MINISTROS - (0165-OV-02); GIRADA A LA COMISION RESPECTIVA (BAE 5\/02)"},"('Tramites', 'FECHA')":{"('0114-S-2001', 0)":"27\/06\/2001","('0114-S-2001', 1)":null,"('0114-S-2001', 2)":"15\/08\/2001","('0114-S-2001', 3)":"10\/04\/2002"},"('Tramites', 'RESULTADO')":{"('0114-S-2001', 0)":"APROBADO","('0114-S-2001', 1)":null,"('0114-S-2001', 2)":"APROBADO","('0114-S-2001', 3)":null},"Sumario":{"('0114-S-2001', 0)":"SOLICITUD AL PODER EJECUTIVO NACIONAL INFORME SOBRE LAS MEDIDAS ADOPTADAS PARA SUPERAR LAS OBSERVACIONES EFECTUADAS.","('0114-S-2001', 1)":null,"('0114-S-2001', 2)":null,"('0114-S-2001', 3)":null},"Palabra Clave":{"('0114-S-2001', 0)":" ","('0114-S-2001', 1)":null,"('0114-S-2001', 2)":null,"('0114-S-2001', 3)":null}}