{"Tipo de Proyecto":{"('0114-D-2001', 0)":"PROYECTO DE DECLARACI\u00d3N"},"Iniciado en: ":{"('0114-D-2001', 0)":"Diputados"},"Expediente Diputados: ":{"('0114-D-2001', 0)":"0114-D-2001"},"Publicado en: ":{"('0114-D-2001', 0)":"Tr\u00e1mite Parlamentario N\u00b0 2"},"Fecha: ":{"('0114-D-2001', 0)":"02\/03\/2001"},"T\u00edtulo":{"('0114-D-2001', 0)":"PELICULA QUE SE REALIZARA EN LAS SIERRAS DE CORDOBA, DIRIGIDA POR EL ARGENTINO EUGENIO ZANETTI."},"('Firmantes', 'FIRMANTE')":{"('0114-D-2001', 0)":"LAMISOVSKY, ARNOLDO"},"('Firmantes', 'DISTRITO')":{"('0114-D-2001', 0)":"CORDOBA"},"('Firmantes', 'BLOQUE')":{"('0114-D-2001', 0)":"ACCION REPUBLICA"},"('Giros', 'COMISI\u00d3N')":{"('0114-D-2001', 0)":"CULTURA"},"Sumario":{"('0114-D-2001', 0)":"EXPRESION DE BENEPLACITO."},"Palabra Clave":{"('0114-D-2001', 0)":" "}}