{"Tipo de Proyecto":{"('0115-S-2001', 0)":"PROYECTO DE RESOLUCI\u00d3N","('0115-S-2001', 1)":null,"('0115-S-2001', 2)":null,"('0115-S-2001', 3)":null},"Iniciado en: ":{"('0115-S-2001', 0)":"Senado","('0115-S-2001', 1)":null,"('0115-S-2001', 2)":null,"('0115-S-2001', 3)":null},"Expediente Diputados: ":{"('0115-S-2001', 0)":"0115-S-2001","('0115-S-2001', 1)":null,"('0115-S-2001', 2)":null,"('0115-S-2001', 3)":null},"Expediente Senado: ":{"('0115-S-2001', 0)":"0206-OV-1999","('0115-S-2001', 1)":null,"('0115-S-2001', 2)":null,"('0115-S-2001', 3)":null},"Publicado en: ":{"('0115-S-2001', 0)":"Diario de Asuntos Entrados N\u00b0 0","('0115-S-2001', 1)":null,"('0115-S-2001', 2)":null,"('0115-S-2001', 3)":null},"Fecha: ":{"('0115-S-2001', 0)":"14\/06\/2001","('0115-S-2001', 1)":null,"('0115-S-2001', 2)":null,"('0115-S-2001', 3)":null},"T\u00edtulo":{"('0115-S-2001', 0)":"RESOLUCION REMITIDA POR LA AUDITORIA GENERAL DE LA NACION NUMERO 76\/99, EN RELACION A LAS TRANSFERENCIAS REALIZADAS A PROVINCIAS DESDE LA SECRETARIA DE HACIENDA.","('0115-S-2001', 1)":null,"('0115-S-2001', 2)":null,"('0115-S-2001', 3)":null},"('Firmantes', 'FIRMANTE')":{"('0115-S-2001', 0)":"PARLAMENTARIA MIXTA REVISORA DE CUENTAS","('0115-S-2001', 1)":null,"('0115-S-2001', 2)":null,"('0115-S-2001', 3)":null},"('Firmantes', 'DISTRITO')":{"('0115-S-2001', 0)":null,"('0115-S-2001', 1)":null,"('0115-S-2001', 2)":null,"('0115-S-2001', 3)":null},"('Firmantes', 'BLOQUE')":{"('0115-S-2001', 0)":null,"('0115-S-2001', 1)":null,"('0115-S-2001', 2)":null,"('0115-S-2001', 3)":null},"('Giros', 'COMISI\u00d3N')":{"('0115-S-2001', 0)":"PARLAMENTARIA MIXTA REVISORA DE CUENTAS","('0115-S-2001', 1)":null,"('0115-S-2001', 2)":null,"('0115-S-2001', 3)":null},"('Tramites', 'C\u00c1MARA')":{"('0115-S-2001', 0)":"Senado","('0115-S-2001', 1)":"Diputados","('0115-S-2001', 2)":"Diputados","('0115-S-2001', 3)":"Diputados"},"('Tramites', 'MOVIMIENTO')":{"('0115-S-2001', 0)":"CONSIDERACION Y APROBACION","('0115-S-2001', 1)":"PASA A DIPUTADOS -","('0115-S-2001', 2)":"CONSIDERACION Y APROBACION","('0115-S-2001', 3)":"CONTESTACION DEL PODER EJECUTIVO NACIONAL - JEFE DE GABINETE DE MINISTROS - (0882-OV-01); GIRADA A LA COMISION RESPECTIVA (BAE 50\/01)"},"('Tramites', 'FECHA')":{"('0115-S-2001', 0)":"27\/06\/2001","('0115-S-2001', 1)":null,"('0115-S-2001', 2)":"15\/08\/2001","('0115-S-2001', 3)":"28\/02\/2002"},"('Tramites', 'RESULTADO')":{"('0115-S-2001', 0)":"APROBADO","('0115-S-2001', 1)":null,"('0115-S-2001', 2)":"APROBADO","('0115-S-2001', 3)":null},"Sumario":{"('0115-S-2001', 0)":"SOLICITUD AL PODER EJECUTIVO NACIONAL INFORME SOBRE LAS MEDIDAS ADOPTADAS PARA SUPERAR LAS OBSERVACIONES EFECTUADAS.","('0115-S-2001', 1)":null,"('0115-S-2001', 2)":null,"('0115-S-2001', 3)":null},"Palabra Clave":{"('0115-S-2001', 0)":" ","('0115-S-2001', 1)":null,"('0115-S-2001', 2)":null,"('0115-S-2001', 3)":null}}