{"Tipo de Proyecto":{"('0115-D-2001', 0)":"PROYECTO DE DECLARACI\u00d3N","('0115-D-2001', 1)":null},"Iniciado en: ":{"('0115-D-2001', 0)":"Diputados","('0115-D-2001', 1)":null},"Expediente Diputados: ":{"('0115-D-2001', 0)":"0115-D-2001","('0115-D-2001', 1)":null},"Publicado en: ":{"('0115-D-2001', 0)":"Tr\u00e1mite Parlamentario N\u00b0 2","('0115-D-2001', 1)":null},"Fecha: ":{"('0115-D-2001', 0)":"02\/03\/2001","('0115-D-2001', 1)":null},"T\u00edtulo":{"('0115-D-2001', 0)":"LOGRO OBTENIDO EN EL PROYECTO DE BIODIESEL DE MAURO KNUDSEN.","('0115-D-2001', 1)":null},"('Firmantes', 'FIRMANTE')":{"('0115-D-2001', 0)":"LAMISOVSKY, ARNOLDO","('0115-D-2001', 1)":"CASTA\u00d1ON, ALFREDO JOSE"},"('Firmantes', 'DISTRITO')":{"('0115-D-2001', 0)":"CORDOBA","('0115-D-2001', 1)":"CIUDAD de BUENOS AIRES"},"('Firmantes', 'BLOQUE')":{"('0115-D-2001', 0)":"ACCION REPUBLICA","('0115-D-2001', 1)":"ACCION REPUBLICA"},"('Giros', 'COMISI\u00d3N')":{"('0115-D-2001', 0)":"ENERGIA Y COMBUSTIBLES","('0115-D-2001', 1)":null},"Sumario":{"('0115-D-2001', 0)":"EXPRESION DE BENEPLACITO.","('0115-D-2001', 1)":null},"Palabra Clave":{"('0115-D-2001', 0)":" ","('0115-D-2001', 1)":null}}