{"Tipo de Proyecto":{"('0116-D-2001', 0)":"PROYECTO DE RESOLUCI\u00d3N","('0116-D-2001', 1)":null},"Iniciado en: ":{"('0116-D-2001', 0)":"Diputados","('0116-D-2001', 1)":null},"Expediente Diputados: ":{"('0116-D-2001', 0)":"0116-D-2001","('0116-D-2001', 1)":null},"Publicado en: ":{"('0116-D-2001', 0)":"Tr\u00e1mite Parlamentario N\u00b0 2","('0116-D-2001', 1)":null},"Fecha: ":{"('0116-D-2001', 0)":"02\/03\/2001","('0116-D-2001', 1)":null},"T\u00edtulo":{"('0116-D-2001', 0)":"PEDIDO DE INFORMES: SOBRE EL CUMPLIMIENTO DE LAS NORMAS EXIGIDAS POR LA RESOLUCION, TO N 292, A\u00d1O 1997, LIBRO VI, CAPITULO 7 \"TRANSPARENCIA EN EL AMBITO DE LA OFERTA PUBLICA\", 7.1.11, PREVENCION DEL LAVADO DE DINERO, Y OTRAS CUESTIONES CONEXAS.","('0116-D-2001', 1)":null},"('Firmantes', 'FIRMANTE')":{"('0116-D-2001', 0)":"IPARRAGUIRRE, CARLOS RAUL","('0116-D-2001', 1)":null},"('Firmantes', 'DISTRITO')":{"('0116-D-2001', 0)":"SANTA FE","('0116-D-2001', 1)":null},"('Firmantes', 'BLOQUE')":{"('0116-D-2001', 0)":"UCR","('0116-D-2001', 1)":null},"('Giros', 'COMISI\u00d3N')":{"('0116-D-2001', 0)":"FINANZAS","('0116-D-2001', 1)":"LEGISLACION PENAL"},"Sumario":{"('0116-D-2001', 0)":"SOLICITUD AL PODER EJECUTIVO NACIONAL.","('0116-D-2001', 1)":null},"Palabra Clave":{"('0116-D-2001', 0)":" ","('0116-D-2001', 1)":null}}