{"Tipo de Proyecto":{"('0117-S-2001', 0)":"PROYECTO DE RESOLUCI\u00d3N","('0117-S-2001', 1)":null,"('0117-S-2001', 2)":null},"Iniciado en: ":{"('0117-S-2001', 0)":"Senado","('0117-S-2001', 1)":null,"('0117-S-2001', 2)":null},"Expediente Diputados: ":{"('0117-S-2001', 0)":"0117-S-2001","('0117-S-2001', 1)":null,"('0117-S-2001', 2)":null},"Expediente Senado: ":{"('0117-S-2001', 0)":"0602-OV-1999","('0117-S-2001', 1)":null,"('0117-S-2001', 2)":null},"Publicado en: ":{"('0117-S-2001', 0)":"Diario de Asuntos Entrados N\u00b0 0","('0117-S-2001', 1)":null,"('0117-S-2001', 2)":null},"Fecha: ":{"('0117-S-2001', 0)":"19\/06\/2001","('0117-S-2001', 1)":null,"('0117-S-2001', 2)":null},"T\u00edtulo":{"('0117-S-2001', 0)":"RESOLUCION DE LA AUDITORIA GENERAL DE LA NACION NUMERO 148\/99 , SOBRE LA AUDITORIA EFECTUADA EN EL AMBITO DEL SERVICIO NACIONAL DE SANIDAD Y CALIDAD ALIMENTARIA ( SENASA ).","('0117-S-2001', 1)":null,"('0117-S-2001', 2)":null},"('Firmantes', 'FIRMANTE')":{"('0117-S-2001', 0)":"PARLAMENTARIA MIXTA REVISORA DE CUENTAS","('0117-S-2001', 1)":null,"('0117-S-2001', 2)":null},"('Firmantes', 'DISTRITO')":{"('0117-S-2001', 0)":null,"('0117-S-2001', 1)":null,"('0117-S-2001', 2)":null},"('Firmantes', 'BLOQUE')":{"('0117-S-2001', 0)":null,"('0117-S-2001', 1)":null,"('0117-S-2001', 2)":null},"('Giros', 'COMISI\u00d3N')":{"('0117-S-2001', 0)":"PARLAMENTARIA MIXTA REVISORA DE CUENTAS","('0117-S-2001', 1)":null,"('0117-S-2001', 2)":null},"('Tramites', 'C\u00c1MARA')":{"('0117-S-2001', 0)":"Senado","('0117-S-2001', 1)":"Diputados","('0117-S-2001', 2)":"Diputados"},"('Tramites', 'MOVIMIENTO')":{"('0117-S-2001', 0)":"CONSIDERACION Y APROBACION","('0117-S-2001', 1)":"PASA A DIPUTADOS -","('0117-S-2001', 2)":"CONSIDERACION Y APROBACION"},"('Tramites', 'FECHA')":{"('0117-S-2001', 0)":"27\/06\/2001","('0117-S-2001', 1)":null,"('0117-S-2001', 2)":"15\/08\/2001"},"('Tramites', 'RESULTADO')":{"('0117-S-2001', 0)":"APROBADO","('0117-S-2001', 1)":null,"('0117-S-2001', 2)":"APROBADO"},"Sumario":{"('0117-S-2001', 0)":"SOLICITUD AL PODER EJECUTIVO NACIONAL INFORME SOBRE LAS MEDIDAS ADOPTADAS PARA SUPERAR LAS OBSERVACIONES EFECTUADAS.","('0117-S-2001', 1)":null,"('0117-S-2001', 2)":null},"Palabra Clave":{"('0117-S-2001', 0)":" ","('0117-S-2001', 1)":null,"('0117-S-2001', 2)":null}}