{"Tipo de Proyecto":{"('0117-D-2001', 0)":"PROYECTO DE RESOLUCI\u00d3N","('0117-D-2001', 1)":null,"('0117-D-2001', 2)":null,"('0117-D-2001', 3)":null},"Iniciado en: ":{"('0117-D-2001', 0)":"Diputados","('0117-D-2001', 1)":null,"('0117-D-2001', 2)":null,"('0117-D-2001', 3)":null},"Expediente Diputados: ":{"('0117-D-2001', 0)":"0117-D-2001","('0117-D-2001', 1)":null,"('0117-D-2001', 2)":null,"('0117-D-2001', 3)":null},"Publicado en: ":{"('0117-D-2001', 0)":"Tr\u00e1mite Parlamentario N\u00b0 2","('0117-D-2001', 1)":null,"('0117-D-2001', 2)":null,"('0117-D-2001', 3)":null},"Fecha: ":{"('0117-D-2001', 0)":"02\/03\/2001","('0117-D-2001', 1)":null,"('0117-D-2001', 2)":null,"('0117-D-2001', 3)":null},"T\u00edtulo":{"('0117-D-2001', 0)":"DISPONER EL TRASLADO DE LAS SEDES DE LA COMISION REGIONAL DEL RIO BERMEJO (COREBE) A LA CAPITAL DE LA PROVINCIA DE JUJUY Y DEL PROYECTO DEL RIO PILCOMAYO A LA PROVINCIA DE FORMOSA.","('0117-D-2001', 1)":null,"('0117-D-2001', 2)":null,"('0117-D-2001', 3)":null},"('Firmantes', 'FIRMANTE')":{"('0117-D-2001', 0)":"GIUBERGIA, MIGUEL ANGEL","('0117-D-2001', 1)":"INSFRAN, MIGUEL ANGEL","('0117-D-2001', 2)":"ARGUL, MARTA DEL CARMEN","('0117-D-2001', 3)":"NIEVA, ALEJANDRO MARIO"},"('Firmantes', 'DISTRITO')":{"('0117-D-2001', 0)":"JUJUY","('0117-D-2001', 1)":"FORMOSA","('0117-D-2001', 2)":"JUJUY","('0117-D-2001', 3)":"JUJUY"},"('Firmantes', 'BLOQUE')":{"('0117-D-2001', 0)":"UCR","('0117-D-2001', 1)":"UCR","('0117-D-2001', 2)":"FREPASO","('0117-D-2001', 3)":"UCR"},"('Giros', 'COMISI\u00d3N')":{"('0117-D-2001', 0)":"INTERESES MARITIMOS, FLUVIALES, PESQUEROS Y PORTUARIOS","('0117-D-2001', 1)":null,"('0117-D-2001', 2)":null,"('0117-D-2001', 3)":null},"('Tramites', 'C\u00c1MARA')":{"('0117-D-2001', 0)":"Diputados","('0117-D-2001', 1)":"Diputados","('0117-D-2001', 2)":null,"('0117-D-2001', 3)":null},"('Tramites', 'MOVIMIENTO')":{"('0117-D-2001', 0)":"CONSIDERACION Y APROBACION","('0117-D-2001', 1)":"CONTESTACION DEL PODER EJECUTIVO NACIONAL - JEFE DE GABINETE DE MINISTROS - (0616-OV-01); GIRADA A LA COMISION RESPECTIVA (BAE 38\/01)","('0117-D-2001', 2)":null,"('0117-D-2001', 3)":null},"('Tramites', 'FECHA')":{"('0117-D-2001', 0)":"15\/08\/2001","('0117-D-2001', 1)":"28\/02\/2002","('0117-D-2001', 2)":null,"('0117-D-2001', 3)":null},"('Tramites', 'RESULTADO')":{"('0117-D-2001', 0)":"APROBADO","('0117-D-2001', 1)":null,"('0117-D-2001', 2)":null,"('0117-D-2001', 3)":null},"Palabra Clave":{"('0117-D-2001', 0)":" ","('0117-D-2001', 1)":null,"('0117-D-2001', 2)":null,"('0117-D-2001', 3)":null}}