{"Tipo de Proyecto":{"('0119-S-2001', 0)":"PROYECTO DE DECLARACI\u00d3N"},"Iniciado en: ":{"('0119-S-2001', 0)":"Senado"},"Expediente Senado: ":{"('0119-S-2001', 0)":"0119-S-2001"},"Publicado en: ":{"('0119-S-2001', 0)":"Diario de Asuntos Entrados N\u00b0 7"},"Fecha: ":{"('0119-S-2001', 0)":"13\/03\/2001"},"T\u00edtulo":{"('0119-S-2001', 0)":"FALLECIMIENTO DEL PILOTO AUTOMOVILISTICO JORGE RECALDE."},"('Firmantes', 'FIRMANTE')":{"('0119-S-2001', 0)":"SAGER, HUGO ABEL"},"('Firmantes', 'DISTRITO')":{"('0119-S-2001', 0)":"CHACO"},"('Firmantes', 'BLOQUE')":{"('0119-S-2001', 0)":"JUSTICIALISTA"},"('Tramites', 'C\u00c1MARA')":{"('0119-S-2001', 0)":"Senado"},"('Tramites', 'MOVIMIENTO')":{"('0119-S-2001', 0)":"CONSIDERACION Y APROBACION"},"('Tramites', 'FECHA')":{"('0119-S-2001', 0)":"13\/06\/2001"},"('Tramites', 'RESULTADO')":{"('0119-S-2001', 0)":"APROBADO"},"Sumario":{"('0119-S-2001', 0)":"EXPRESION DE PESAR."},"Palabra Clave":{"('0119-S-2001', 0)":" "}}