{"Tipo de Proyecto":{"('0120-D-2001', 0)":"PROYECTO DE DECLARACI\u00d3N","('0120-D-2001', 1)":null,"('0120-D-2001', 2)":null,"('0120-D-2001', 3)":null,"('0120-D-2001', 4)":null},"Iniciado en: ":{"('0120-D-2001', 0)":"Diputados","('0120-D-2001', 1)":null,"('0120-D-2001', 2)":null,"('0120-D-2001', 3)":null,"('0120-D-2001', 4)":null},"Expediente Diputados: ":{"('0120-D-2001', 0)":"0120-D-2001","('0120-D-2001', 1)":null,"('0120-D-2001', 2)":null,"('0120-D-2001', 3)":null,"('0120-D-2001', 4)":null},"Publicado en: ":{"('0120-D-2001', 0)":"Tr\u00e1mite Parlamentario N\u00b0 2","('0120-D-2001', 1)":null,"('0120-D-2001', 2)":null,"('0120-D-2001', 3)":null,"('0120-D-2001', 4)":null},"Fecha: ":{"('0120-D-2001', 0)":"02\/03\/2001","('0120-D-2001', 1)":null,"('0120-D-2001', 2)":null,"('0120-D-2001', 3)":null,"('0120-D-2001', 4)":null},"T\u00edtulo":{"('0120-D-2001', 0)":"DISPONER APOYAR LAS INVESTIGACIONES, PROMOCION DEL CULTIVO E INDUSTRIALIZACION DE LA ESPECIE VEGETAL \"YERBA DULCE\" (STEVIA REBAUDIANA BERTONI).","('0120-D-2001', 1)":null,"('0120-D-2001', 2)":null,"('0120-D-2001', 3)":null,"('0120-D-2001', 4)":null},"('Firmantes', 'FIRMANTE')":{"('0120-D-2001', 0)":"GIUBERGIA, MIGUEL ANGEL","('0120-D-2001', 1)":"NIEVA, ALEJANDRO MARIO","('0120-D-2001', 2)":"ROMERO, HECTOR RAMON","('0120-D-2001', 3)":"SOLMOIRAGO, RAUL JORGE","('0120-D-2001', 4)":"MARELLI, MABEL"},"('Firmantes', 'DISTRITO')":{"('0120-D-2001', 0)":"JUJUY","('0120-D-2001', 1)":"JUJUY","('0120-D-2001', 2)":"CHACO","('0120-D-2001', 3)":"MISIONES","('0120-D-2001', 4)":"MISIONES"},"('Firmantes', 'BLOQUE')":{"('0120-D-2001', 0)":"UCR","('0120-D-2001', 1)":"UCR","('0120-D-2001', 2)":"UCR","('0120-D-2001', 3)":"UCR","('0120-D-2001', 4)":"UCR"},"('Giros', 'COMISI\u00d3N')":{"('0120-D-2001', 0)":"AGRICULTURA Y GANADERIA","('0120-D-2001', 1)":"INDUSTRIA","('0120-D-2001', 2)":"ECONOMIAS Y DESARROLLO REGIONAL","('0120-D-2001', 3)":null,"('0120-D-2001', 4)":null},"('Tramites', 'C\u00c1MARA')":{"('0120-D-2001', 0)":"Diputados","('0120-D-2001', 1)":null,"('0120-D-2001', 2)":null,"('0120-D-2001', 3)":null,"('0120-D-2001', 4)":null},"('Tramites', 'MOVIMIENTO')":{"('0120-D-2001', 0)":"CONSIDERACION Y APROBACION CONJUNTAMENTE PARA LOS EXPEDIENTES 0120-D-2001 y 0070-D-2001","('0120-D-2001', 1)":null,"('0120-D-2001', 2)":null,"('0120-D-2001', 3)":null,"('0120-D-2001', 4)":null},"('Tramites', 'FECHA')":{"('0120-D-2001', 0)":"20\/06\/2001","('0120-D-2001', 1)":null,"('0120-D-2001', 2)":null,"('0120-D-2001', 3)":null,"('0120-D-2001', 4)":null},"('Tramites', 'RESULTADO')":{"('0120-D-2001', 0)":"APROBADO","('0120-D-2001', 1)":null,"('0120-D-2001', 2)":null,"('0120-D-2001', 3)":null,"('0120-D-2001', 4)":null},"Palabra Clave":{"('0120-D-2001', 0)":" ","('0120-D-2001', 1)":null,"('0120-D-2001', 2)":null,"('0120-D-2001', 3)":null,"('0120-D-2001', 4)":null}}