{"Tipo de Proyecto":{"('0120-PE-2001', 0)":"MENSAJE NRO: 0596\/01","('0120-PE-2001', 1)":null},"Iniciado en: ":{"('0120-PE-2001', 0)":"Senado","('0120-PE-2001', 1)":null},"Expediente Senado: ":{"('0120-PE-2001', 0)":"0120-PE-2001","('0120-PE-2001', 1)":null},"Publicado en: ":{"('0120-PE-2001', 0)":"DAE S.A. N\u00b0 7","('0120-PE-2001', 1)":null},"Fecha: ":{"('0120-PE-2001', 0)":"09\/05\/2001","('0120-PE-2001', 1)":null},"T\u00edtulo":{"('0120-PE-2001', 0)":"SOLICITA ACUERDO PARA PROMOVER A FUNCIONARIO DE LA CATEGORIA \"C\", MINISTRO PLENIPOTENCIARIO DE SEGUNDA CLASE.","('0120-PE-2001', 1)":null},"('Firmantes', 'FIRMANTE')":{"('0120-PE-2001', 0)":"DE LA RUA, FERNANDO","('0120-PE-2001', 1)":"RODRIGUEZ GIAVARINI, ADALBERTO"},"('Firmantes', 'DISTRITO')":{"('0120-PE-2001', 0)":null,"('0120-PE-2001', 1)":null},"('Firmantes', 'BLOQUE')":{"('0120-PE-2001', 0)":"PODER EJECUTIVO","('0120-PE-2001', 1)":"PODER EJECUTIVO"},"('Tramites', 'C\u00c1MARA')":{"('0120-PE-2001', 0)":"Senado","('0120-PE-2001', 1)":null},"('Tramites', 'MOVIMIENTO')":{"('0120-PE-2001', 0)":"SOLICITUD DE RETIRO DEL MENSAJE (EXPEDIENTE 0337-PE-02, DAE SUPLEMENTO ACUERDOS 13, 06\/09\/2002)","('0120-PE-2001', 1)":null},"('Tramites', 'FECHA')":{"('0120-PE-2001', 0)":null,"('0120-PE-2001', 1)":null},"('Tramites', 'RESULTADO')":{"('0120-PE-2001', 0)":"RETIRADO","('0120-PE-2001', 1)":null},"Sumario":{"('0120-PE-2001', 0)":"AL ACTUAL FUNCIONARIO DE LA CATEGORIA \"D\", CONSEJERO DE EMBAJADA Y CONSUL GENERAL, DON FERNANDO RAUL LERENA.","('0120-PE-2001', 1)":null},"Palabra Clave":{"('0120-PE-2001', 0)":" ","('0120-PE-2001', 1)":null}}