{"Tipo de Proyecto":{"('0121-D-2001', 0)":"PROYECTO DE RESOLUCI\u00d3N","('0121-D-2001', 1)":null,"('0121-D-2001', 2)":null,"('0121-D-2001', 3)":null,"('0121-D-2001', 4)":null},"Iniciado en: ":{"('0121-D-2001', 0)":"Diputados","('0121-D-2001', 1)":null,"('0121-D-2001', 2)":null,"('0121-D-2001', 3)":null,"('0121-D-2001', 4)":null},"Expediente Diputados: ":{"('0121-D-2001', 0)":"0121-D-2001","('0121-D-2001', 1)":null,"('0121-D-2001', 2)":null,"('0121-D-2001', 3)":null,"('0121-D-2001', 4)":null},"Publicado en: ":{"('0121-D-2001', 0)":"Tr\u00e1mite Parlamentario N\u00b0 2","('0121-D-2001', 1)":null,"('0121-D-2001', 2)":null,"('0121-D-2001', 3)":null,"('0121-D-2001', 4)":null},"Fecha: ":{"('0121-D-2001', 0)":"02\/03\/2001","('0121-D-2001', 1)":null,"('0121-D-2001', 2)":null,"('0121-D-2001', 3)":null,"('0121-D-2001', 4)":null},"T\u00edtulo":{"('0121-D-2001', 0)":"INVESTIGACION, PROMOCION DEL CULTIVO E INDUSTRIALIZACION DE LA ESPECIE VEGETAL \"YERBA DULCE\" (STEVIA REBAUDIANA BERTONI).","('0121-D-2001', 1)":null,"('0121-D-2001', 2)":null,"('0121-D-2001', 3)":null,"('0121-D-2001', 4)":null},"('Firmantes', 'FIRMANTE')":{"('0121-D-2001', 0)":"GIUBERGIA, MIGUEL ANGEL","('0121-D-2001', 1)":"NIEVA, ALEJANDRO MARIO","('0121-D-2001', 2)":"ROMERO, HECTOR RAMON","('0121-D-2001', 3)":"SOLMOIRAGO, RAUL JORGE","('0121-D-2001', 4)":"MARELLI, MABEL"},"('Firmantes', 'DISTRITO')":{"('0121-D-2001', 0)":"JUJUY","('0121-D-2001', 1)":"JUJUY","('0121-D-2001', 2)":"CHACO","('0121-D-2001', 3)":"MISIONES","('0121-D-2001', 4)":"MISIONES"},"('Firmantes', 'BLOQUE')":{"('0121-D-2001', 0)":"UCR","('0121-D-2001', 1)":"UCR","('0121-D-2001', 2)":"UCR","('0121-D-2001', 3)":"UCR","('0121-D-2001', 4)":"UCR"},"('Giros', 'COMISI\u00d3N')":{"('0121-D-2001', 0)":"AGRICULTURA Y GANADERIA","('0121-D-2001', 1)":"INDUSTRIA","('0121-D-2001', 2)":"ECONOMIAS Y DESARROLLO REGIONAL","('0121-D-2001', 3)":null,"('0121-D-2001', 4)":null},"('Tramites', 'C\u00c1MARA')":{"('0121-D-2001', 0)":"Diputados","('0121-D-2001', 1)":null,"('0121-D-2001', 2)":null,"('0121-D-2001', 3)":null,"('0121-D-2001', 4)":null},"('Tramites', 'MOVIMIENTO')":{"('0121-D-2001', 0)":"CONSIDERACION Y APROBACION","('0121-D-2001', 1)":null,"('0121-D-2001', 2)":null,"('0121-D-2001', 3)":null,"('0121-D-2001', 4)":null},"('Tramites', 'FECHA')":{"('0121-D-2001', 0)":"20\/06\/2001","('0121-D-2001', 1)":null,"('0121-D-2001', 2)":null,"('0121-D-2001', 3)":null,"('0121-D-2001', 4)":null},"('Tramites', 'RESULTADO')":{"('0121-D-2001', 0)":"APROBADO","('0121-D-2001', 1)":null,"('0121-D-2001', 2)":null,"('0121-D-2001', 3)":null,"('0121-D-2001', 4)":null},"Sumario":{"('0121-D-2001', 0)":"DECLARACION DE INTERES PARLAMENTARIO.","('0121-D-2001', 1)":null,"('0121-D-2001', 2)":null,"('0121-D-2001', 3)":null,"('0121-D-2001', 4)":null},"Palabra Clave":{"('0121-D-2001', 0)":" ","('0121-D-2001', 1)":null,"('0121-D-2001', 2)":null,"('0121-D-2001', 3)":null,"('0121-D-2001', 4)":null}}