{"Tipo de Proyecto":{"('0121-S-2001', 0)":"PROYECTO DE LEY","('0121-S-2001', 1)":null,"('0121-S-2001', 2)":null,"('0121-S-2001', 3)":null,"('0121-S-2001', 4)":null},"Iniciado en: ":{"('0121-S-2001', 0)":"Senado","('0121-S-2001', 1)":null,"('0121-S-2001', 2)":null,"('0121-S-2001', 3)":null,"('0121-S-2001', 4)":null},"Expediente Diputados: ":{"('0121-S-2001', 0)":"0121-S-2001","('0121-S-2001', 1)":null,"('0121-S-2001', 2)":null,"('0121-S-2001', 3)":null,"('0121-S-2001', 4)":null},"Expediente Senado: ":{"('0121-S-2001', 0)":"0426-S-2001","('0121-S-2001', 1)":null,"('0121-S-2001', 2)":null,"('0121-S-2001', 3)":null,"('0121-S-2001', 4)":null},"Publicado en: ":{"('0121-S-2001', 0)":"Diario de Asuntos Entrados N\u00b0 30","('0121-S-2001', 1)":null,"('0121-S-2001', 2)":null,"('0121-S-2001', 3)":null,"('0121-S-2001', 4)":null},"Fecha: ":{"('0121-S-2001', 0)":"03\/05\/2001","('0121-S-2001', 1)":null,"('0121-S-2001', 2)":null,"('0121-S-2001', 3)":null,"('0121-S-2001', 4)":null},"T\u00edtulo":{"('0121-S-2001', 0)":"TRANSFERIR A TITULO GRATUITO AL MUNICIPIO DE PUERTO MADRYN, PROVINCIA DEL CHUBUT, EL DOMINIO DE UN INMUEBLE PROPIEDAD DEL ESTADO NACIONAL.","('0121-S-2001', 1)":null,"('0121-S-2001', 2)":null,"('0121-S-2001', 3)":null,"('0121-S-2001', 4)":null},"('Firmantes', 'FIRMANTE')":{"('0121-S-2001', 0)":"SALA, OSVALDO RUBEN","('0121-S-2001', 1)":null,"('0121-S-2001', 2)":null,"('0121-S-2001', 3)":null,"('0121-S-2001', 4)":null},"('Firmantes', 'DISTRITO')":{"('0121-S-2001', 0)":"CHUBUT","('0121-S-2001', 1)":null,"('0121-S-2001', 2)":null,"('0121-S-2001', 3)":null,"('0121-S-2001', 4)":null},"('Firmantes', 'BLOQUE')":{"('0121-S-2001', 0)":"JUSTICIALISTA","('0121-S-2001', 1)":null,"('0121-S-2001', 2)":null,"('0121-S-2001', 3)":null,"('0121-S-2001', 4)":null},"('Giros', 'COMISI\u00d3N')":{"('0121-S-2001', 0)":"LEGISLACION GENERAL","('0121-S-2001', 1)":"ASUNTOS MUNICIPALES","('0121-S-2001', 2)":null,"('0121-S-2001', 3)":null,"('0121-S-2001', 4)":null},"('Tramites', 'C\u00c1MARA')":{"('0121-S-2001', 0)":"Senado","('0121-S-2001', 1)":"Diputados","('0121-S-2001', 2)":"Diputados","('0121-S-2001', 3)":"Senado","('0121-S-2001', 4)":"Senado"},"('Tramites', 'MOVIMIENTO')":{"('0121-S-2001', 0)":"CONSIDERACION Y APROBACION","('0121-S-2001', 1)":"PASA A DIPUTADOS - (TP 85)","('0121-S-2001', 2)":"CONSIDERACION Y APROBACION CON MODIFICACIONES","('0121-S-2001', 3)":"VUELVE A SENADO - (DAE 168)","('0121-S-2001', 4)":"CONSIDERACION Y SANCION (ACEPTACION DE LAS MODIFICACIONES INTRODUCIDAS POR LA H CAMARA DE DIPUTADOS)"},"('Tramites', 'FECHA')":{"('0121-S-2001', 0)":"27\/06\/2001","('0121-S-2001', 1)":null,"('0121-S-2001', 2)":"05\/11\/2003","('0121-S-2001', 3)":null,"('0121-S-2001', 4)":"18\/08\/2004"},"('Tramites', 'RESULTADO')":{"('0121-S-2001', 0)":"MEDIA SANCION","('0121-S-2001', 1)":null,"('0121-S-2001', 2)":"MEDIA SANCION","('0121-S-2001', 3)":null,"('0121-S-2001', 4)":"SANCIONADO"},"Sumario":{"('0121-S-2001', 0)":"PARA EL DESARROLLO DE ACTIVIDADES DE PROMOCION SOCIAL POR PARTE DE LA MUNICIPALIDAD.","('0121-S-2001', 1)":null,"('0121-S-2001', 2)":null,"('0121-S-2001', 3)":null,"('0121-S-2001', 4)":null},"Palabra Clave":{"('0121-S-2001', 0)":" ","('0121-S-2001', 1)":null,"('0121-S-2001', 2)":null,"('0121-S-2001', 3)":null,"('0121-S-2001', 4)":null}}