{"Tipo de Proyecto":{"('0122-D-2001', 0)":"PROYECTO DE RESOLUCI\u00d3N","('0122-D-2001', 1)":null,"('0122-D-2001', 2)":null},"Iniciado en: ":{"('0122-D-2001', 0)":"Diputados","('0122-D-2001', 1)":null,"('0122-D-2001', 2)":null},"Expediente Diputados: ":{"('0122-D-2001', 0)":"0122-D-2001","('0122-D-2001', 1)":null,"('0122-D-2001', 2)":null},"Publicado en: ":{"('0122-D-2001', 0)":"Tr\u00e1mite Parlamentario N\u00b0 2","('0122-D-2001', 1)":null,"('0122-D-2001', 2)":null},"Fecha: ":{"('0122-D-2001', 0)":"02\/03\/2001","('0122-D-2001', 1)":null,"('0122-D-2001', 2)":null},"T\u00edtulo":{"('0122-D-2001', 0)":"\"V CONGRESO LATINOAMERICANO DE ECOLOGIA\" A REALIZARSE DEL 15 AL 19 DE OCTUBRE DE 2001 EN LA CIUDAD CAPITAL DE LA PROVINCIA DE JUJUY.","('0122-D-2001', 1)":null,"('0122-D-2001', 2)":null},"('Firmantes', 'FIRMANTE')":{"('0122-D-2001', 0)":"GIUBERGIA, MIGUEL ANGEL","('0122-D-2001', 1)":"NIEVA, ALEJANDRO MARIO","('0122-D-2001', 2)":"ROMERO, HECTOR RAMON"},"('Firmantes', 'DISTRITO')":{"('0122-D-2001', 0)":"JUJUY","('0122-D-2001', 1)":"JUJUY","('0122-D-2001', 2)":"CHACO"},"('Firmantes', 'BLOQUE')":{"('0122-D-2001', 0)":"UCR","('0122-D-2001', 1)":"UCR","('0122-D-2001', 2)":"UCR"},"('Giros', 'COMISI\u00d3N')":{"('0122-D-2001', 0)":"RECURSOS NATURALES Y CONSERVACION DEL AMBIENTE HUMANO","('0122-D-2001', 1)":null,"('0122-D-2001', 2)":null},"('Tramites', 'C\u00c1MARA')":{"('0122-D-2001', 0)":"Diputados","('0122-D-2001', 1)":null,"('0122-D-2001', 2)":null},"('Tramites', 'MOVIMIENTO')":{"('0122-D-2001', 0)":"CONSIDERACION Y APROBACION","('0122-D-2001', 1)":null,"('0122-D-2001', 2)":null},"('Tramites', 'FECHA')":{"('0122-D-2001', 0)":"23\/05\/2001","('0122-D-2001', 1)":null,"('0122-D-2001', 2)":null},"('Tramites', 'RESULTADO')":{"('0122-D-2001', 0)":"APROBADO","('0122-D-2001', 1)":null,"('0122-D-2001', 2)":null},"Sumario":{"('0122-D-2001', 0)":"DECLARACION DE INTERES PARLAMENTARIO.","('0122-D-2001', 1)":null,"('0122-D-2001', 2)":null},"Palabra Clave":{"('0122-D-2001', 0)":" ","('0122-D-2001', 1)":null,"('0122-D-2001', 2)":null}}