{"Tipo de Proyecto":{"('0124-D-2001', 0)":"PROYECTO DE DECLARACI\u00d3N","('0124-D-2001', 1)":null,"('0124-D-2001', 2)":null},"Iniciado en: ":{"('0124-D-2001', 0)":"Diputados","('0124-D-2001', 1)":null,"('0124-D-2001', 2)":null},"Expediente Diputados: ":{"('0124-D-2001', 0)":"0124-D-2001","('0124-D-2001', 1)":null,"('0124-D-2001', 2)":null},"Publicado en: ":{"('0124-D-2001', 0)":"Tr\u00e1mite Parlamentario N\u00b0 2","('0124-D-2001', 1)":null,"('0124-D-2001', 2)":null},"Fecha: ":{"('0124-D-2001', 0)":"02\/03\/2001","('0124-D-2001', 1)":null,"('0124-D-2001', 2)":null},"T\u00edtulo":{"('0124-D-2001', 0)":"FINANCIAR LA CONSTRUCCION DE UNA RUTA TRANSVERSAL QUE UNA LAS RUTAS NACIONALES 34 Y 9 EN LA PROVINCIA DE JUJUY.","('0124-D-2001', 1)":null,"('0124-D-2001', 2)":null},"('Firmantes', 'FIRMANTE')":{"('0124-D-2001', 0)":"GIUBERGIA, MIGUEL ANGEL","('0124-D-2001', 1)":"NIEVA, ALEJANDRO MARIO","('0124-D-2001', 2)":"SAADE, BLANCA AZUCENA"},"('Firmantes', 'DISTRITO')":{"('0124-D-2001', 0)":"JUJUY","('0124-D-2001', 1)":"JUJUY","('0124-D-2001', 2)":"SALTA"},"('Firmantes', 'BLOQUE')":{"('0124-D-2001', 0)":"UCR","('0124-D-2001', 1)":"UCR","('0124-D-2001', 2)":"UCR"},"('Giros', 'COMISI\u00d3N')":{"('0124-D-2001', 0)":"TRANSPORTES","('0124-D-2001', 1)":"OBRAS PUBLICAS","('0124-D-2001', 2)":null},"('Tramites', 'C\u00c1MARA')":{"('0124-D-2001', 0)":"Diputados","('0124-D-2001', 1)":null,"('0124-D-2001', 2)":null},"('Tramites', 'MOVIMIENTO')":{"('0124-D-2001', 0)":"CONSIDERACION Y APROBACION","('0124-D-2001', 1)":null,"('0124-D-2001', 2)":null},"('Tramites', 'FECHA')":{"('0124-D-2001', 0)":"20\/06\/2001","('0124-D-2001', 1)":null,"('0124-D-2001', 2)":null},"('Tramites', 'RESULTADO')":{"('0124-D-2001', 0)":"APROBADO","('0124-D-2001', 1)":null,"('0124-D-2001', 2)":null},"Sumario":{"('0124-D-2001', 0)":"SOLICITUD AL PODER EJECUTIVO NACIONAL.","('0124-D-2001', 1)":null,"('0124-D-2001', 2)":null},"Palabra Clave":{"('0124-D-2001', 0)":" ","('0124-D-2001', 1)":null,"('0124-D-2001', 2)":null}}