{"Tipo de Proyecto":{"('0125-S-2001', 0)":"PROYECTO DE RESOLUCI\u00d3N","('0125-S-2001', 1)":null,"('0125-S-2001', 2)":null},"Iniciado en: ":{"('0125-S-2001', 0)":"Senado","('0125-S-2001', 1)":null,"('0125-S-2001', 2)":null},"Expediente Diputados: ":{"('0125-S-2001', 0)":"0125-S-2001","('0125-S-2001', 1)":null,"('0125-S-2001', 2)":null},"Expediente Senado: ":{"('0125-S-2001', 0)":"0524-OV-1999","('0125-S-2001', 1)":null,"('0125-S-2001', 2)":null},"Publicado en: ":{"('0125-S-2001', 0)":"Diario de Asuntos Entrados N\u00b0 90","('0125-S-2001', 1)":null,"('0125-S-2001', 2)":null},"Fecha: ":{"('0125-S-2001', 0)":"20\/06\/2001","('0125-S-2001', 1)":null,"('0125-S-2001', 2)":null},"T\u00edtulo":{"('0125-S-2001', 0)":"RESOLUCION 138\/99 REMITIDA POR LA AUDITORIA GENERAL DE LA NACION SOBRE AUDITORIA DE CONTRATACIONES SIGNIFICATIVAS REALIZADAS DURANTE 1997 EN EL AMBITO DEL ESTADO MAYOR GENERAL DEL EJERCITO. ","('0125-S-2001', 1)":null,"('0125-S-2001', 2)":null},"('Firmantes', 'FIRMANTE')":{"('0125-S-2001', 0)":"PARLAMENTARIA MIXTA REVISORA DE CUENTAS","('0125-S-2001', 1)":null,"('0125-S-2001', 2)":null},"('Firmantes', 'DISTRITO')":{"('0125-S-2001', 0)":null,"('0125-S-2001', 1)":null,"('0125-S-2001', 2)":null},"('Firmantes', 'BLOQUE')":{"('0125-S-2001', 0)":null,"('0125-S-2001', 1)":null,"('0125-S-2001', 2)":null},"('Giros', 'COMISI\u00d3N')":{"('0125-S-2001', 0)":"PARLAMENTARIA MIXTA REVISORA DE CUENTAS","('0125-S-2001', 1)":null,"('0125-S-2001', 2)":null},"('Tramites', 'C\u00c1MARA')":{"('0125-S-2001', 0)":"Senado","('0125-S-2001', 1)":"Diputados","('0125-S-2001', 2)":"Diputados"},"('Tramites', 'MOVIMIENTO')":{"('0125-S-2001', 0)":"CONSIDERACION Y APROBACION","('0125-S-2001', 1)":"PASA A DIPUTADOS -","('0125-S-2001', 2)":"CONSIDERACION Y APROBACION"},"('Tramites', 'FECHA')":{"('0125-S-2001', 0)":"18\/07\/2001","('0125-S-2001', 1)":null,"('0125-S-2001', 2)":"15\/08\/2001"},"('Tramites', 'RESULTADO')":{"('0125-S-2001', 0)":"APROBADO","('0125-S-2001', 1)":null,"('0125-S-2001', 2)":"APROBADO"},"Sumario":{"('0125-S-2001', 0)":"SOLICITUD AL PODER EJECUTIVO NACIONAL INFORME SOBRE LAS MEDIDAS ADOPTADAS PARA SUPERAR LAS OBSERVACIONES EFECTUADAS.","('0125-S-2001', 1)":null,"('0125-S-2001', 2)":null},"Palabra Clave":{"('0125-S-2001', 0)":" ","('0125-S-2001', 1)":null,"('0125-S-2001', 2)":null}}