{"Tipo de Proyecto":{"('0126-S-2001', 0)":"PROYECTO DE RESOLUCI\u00d3N","('0126-S-2001', 1)":null,"('0126-S-2001', 2)":null},"Iniciado en: ":{"('0126-S-2001', 0)":"Senado","('0126-S-2001', 1)":null,"('0126-S-2001', 2)":null},"Expediente Diputados: ":{"('0126-S-2001', 0)":"0126-S-2001","('0126-S-2001', 1)":null,"('0126-S-2001', 2)":null},"Expediente Senado: ":{"('0126-S-2001', 0)":"0668-OV-1999","('0126-S-2001', 1)":null,"('0126-S-2001', 2)":null},"Publicado en: ":{"('0126-S-2001', 0)":"Diario de Asuntos Entrados N\u00b0 90","('0126-S-2001', 1)":null,"('0126-S-2001', 2)":null},"Fecha: ":{"('0126-S-2001', 0)":"20\/06\/2001","('0126-S-2001', 1)":null,"('0126-S-2001', 2)":null},"T\u00edtulo":{"('0126-S-2001', 0)":"RESOLUCION 6\/00 REMITIDA POR LA AUDITORIA GENERAL DE NACION SOBRE AUDITORIA DE GESTION EN EL HOSPITAL BALDOMERO SOMMER.\n","('0126-S-2001', 1)":null,"('0126-S-2001', 2)":null},"('Firmantes', 'FIRMANTE')":{"('0126-S-2001', 0)":"PARLAMENTARIA MIXTA REVISORA DE CUENTAS","('0126-S-2001', 1)":null,"('0126-S-2001', 2)":null},"('Firmantes', 'DISTRITO')":{"('0126-S-2001', 0)":null,"('0126-S-2001', 1)":null,"('0126-S-2001', 2)":null},"('Firmantes', 'BLOQUE')":{"('0126-S-2001', 0)":null,"('0126-S-2001', 1)":null,"('0126-S-2001', 2)":null},"('Giros', 'COMISI\u00d3N')":{"('0126-S-2001', 0)":"PARLAMENTARIA MIXTA REVISORA DE CUENTAS","('0126-S-2001', 1)":null,"('0126-S-2001', 2)":null},"('Tramites', 'C\u00c1MARA')":{"('0126-S-2001', 0)":"Senado","('0126-S-2001', 1)":"Diputados","('0126-S-2001', 2)":"Diputados"},"('Tramites', 'MOVIMIENTO')":{"('0126-S-2001', 0)":"CONSIDERACION Y APROBACION","('0126-S-2001', 1)":"PASA A DIPUTADOS -","('0126-S-2001', 2)":"CONSIDERACION Y APROBACION"},"('Tramites', 'FECHA')":{"('0126-S-2001', 0)":"18\/07\/2001","('0126-S-2001', 1)":null,"('0126-S-2001', 2)":"15\/08\/2001"},"('Tramites', 'RESULTADO')":{"('0126-S-2001', 0)":"APROBADO","('0126-S-2001', 1)":null,"('0126-S-2001', 2)":"APROBADO"},"Sumario":{"('0126-S-2001', 0)":"SOLICITUD AL PODER EJECUTIVO NACIONAL INFORME SOBRE LAS MEDIDAS ADOPTADAS PARA SUPERAR LAS OBSERVACIONES EFECTUADAS.","('0126-S-2001', 1)":null,"('0126-S-2001', 2)":null},"Palabra Clave":{"('0126-S-2001', 0)":" ","('0126-S-2001', 1)":null,"('0126-S-2001', 2)":null}}