{"Tipo de Proyecto":{"('0127-S-2001', 0)":"PROYECTO DE RESOLUCI\u00d3N","('0127-S-2001', 1)":null,"('0127-S-2001', 2)":null,"('0127-S-2001', 3)":null},"Iniciado en: ":{"('0127-S-2001', 0)":"Senado","('0127-S-2001', 1)":null,"('0127-S-2001', 2)":null,"('0127-S-2001', 3)":null},"Expediente Diputados: ":{"('0127-S-2001', 0)":"0127-S-2001","('0127-S-2001', 1)":null,"('0127-S-2001', 2)":null,"('0127-S-2001', 3)":null},"Expediente Senado: ":{"('0127-S-2001', 0)":"0003-OV-2000","('0127-S-2001', 1)":null,"('0127-S-2001', 2)":null,"('0127-S-2001', 3)":null},"Publicado en: ":{"('0127-S-2001', 0)":"Diario de Asuntos Entrados N\u00b0 90","('0127-S-2001', 1)":null,"('0127-S-2001', 2)":null,"('0127-S-2001', 3)":null},"Fecha: ":{"('0127-S-2001', 0)":"20\/06\/2001","('0127-S-2001', 1)":null,"('0127-S-2001', 2)":null,"('0127-S-2001', 3)":null},"T\u00edtulo":{"('0127-S-2001', 0)":"RESOLUCION 8\/00 REMITIDA POR LA AUDITORIA GENERAL DE LA NACION SOBRE LOS ESTADOS CONTABLES AL 31\/12\/97  Y MEMORANDUM DE CONTROL INTERNO CONTABLE EN EL AMBITO DE LA SUPERINTENDENCIA DE ADMINISTRADORAS DE FONDOS DE JUBILACIONES Y PENSIONES.","('0127-S-2001', 1)":null,"('0127-S-2001', 2)":null,"('0127-S-2001', 3)":null},"('Firmantes', 'FIRMANTE')":{"('0127-S-2001', 0)":"PARLAMENTARIA MIXTA REVISORA DE CUENTAS","('0127-S-2001', 1)":null,"('0127-S-2001', 2)":null,"('0127-S-2001', 3)":null},"('Firmantes', 'DISTRITO')":{"('0127-S-2001', 0)":null,"('0127-S-2001', 1)":null,"('0127-S-2001', 2)":null,"('0127-S-2001', 3)":null},"('Firmantes', 'BLOQUE')":{"('0127-S-2001', 0)":null,"('0127-S-2001', 1)":null,"('0127-S-2001', 2)":null,"('0127-S-2001', 3)":null},"('Giros', 'COMISI\u00d3N')":{"('0127-S-2001', 0)":"PARLAMENTARIA MIXTA REVISORA DE CUENTAS","('0127-S-2001', 1)":null,"('0127-S-2001', 2)":null,"('0127-S-2001', 3)":null},"('Tramites', 'C\u00c1MARA')":{"('0127-S-2001', 0)":"Senado","('0127-S-2001', 1)":"Diputados","('0127-S-2001', 2)":"Diputados","('0127-S-2001', 3)":"Diputados"},"('Tramites', 'MOVIMIENTO')":{"('0127-S-2001', 0)":"CONSIDERACION Y APROBACION","('0127-S-2001', 1)":"PASA A DIPUTADOS -","('0127-S-2001', 2)":"CONSIDERACION Y APROBACION","('0127-S-2001', 3)":"CONTESTACION DEL PODER EJECUTIVO NACIONAL - JEFE DE GABINETE DE MINISTROS - (0167-OV-02); GIRADA A LA COMISION RESPECTIVA (BAE 5\/02)"},"('Tramites', 'FECHA')":{"('0127-S-2001', 0)":"18\/07\/2001","('0127-S-2001', 1)":null,"('0127-S-2001', 2)":"15\/08\/2001","('0127-S-2001', 3)":"10\/04\/2002"},"('Tramites', 'RESULTADO')":{"('0127-S-2001', 0)":"APROBADO","('0127-S-2001', 1)":null,"('0127-S-2001', 2)":"APROBADO","('0127-S-2001', 3)":null},"Sumario":{"('0127-S-2001', 0)":"SOLICITUD AL PODER EJECUTIVO NACIONAL INFORME SOBRE LAS MEDIDAS ADOPTADAS PARA SUPERAR LAS OBSERVACIONES EFECTUADAS.","('0127-S-2001', 1)":null,"('0127-S-2001', 2)":null,"('0127-S-2001', 3)":null},"Palabra Clave":{"('0127-S-2001', 0)":" ","('0127-S-2001', 1)":null,"('0127-S-2001', 2)":null,"('0127-S-2001', 3)":null}}