{"Tipo de Proyecto":{"('0128-S-2001', 0)":"PROYECTO DE RESOLUCI\u00d3N","('0128-S-2001', 1)":null,"('0128-S-2001', 2)":null,"('0128-S-2001', 3)":null},"Iniciado en: ":{"('0128-S-2001', 0)":"Senado","('0128-S-2001', 1)":null,"('0128-S-2001', 2)":null,"('0128-S-2001', 3)":null},"Expediente Diputados: ":{"('0128-S-2001', 0)":"0128-S-2001","('0128-S-2001', 1)":null,"('0128-S-2001', 2)":null,"('0128-S-2001', 3)":null},"Expediente Senado: ":{"('0128-S-2001', 0)":"0009-OV-2000","('0128-S-2001', 1)":null,"('0128-S-2001', 2)":null,"('0128-S-2001', 3)":null},"Publicado en: ":{"('0128-S-2001', 0)":"Diario de Asuntos Entrados N\u00b0 90","('0128-S-2001', 1)":null,"('0128-S-2001', 2)":null,"('0128-S-2001', 3)":null},"Fecha: ":{"('0128-S-2001', 0)":"20\/06\/2001","('0128-S-2001', 1)":null,"('0128-S-2001', 2)":null,"('0128-S-2001', 3)":null},"T\u00edtulo":{"('0128-S-2001', 0)":"RESOLUCION REMITIDA POR LA AUDITORIA GENERAL DE LA NACION NUMERO 13\/00 APROBANDO EL INFORME REFERIDO AL \"SEGUIMIENTO DE LA ACTUACION 684\/95 AGN\" EFECTUADO EN LA SECRETARIA DE RECURSOS NATURALES Y DESARROLLO SUSTENTABLE, DIRECCION NACIONAL DE ORDENAMIENTO AMBIENTAL.","('0128-S-2001', 1)":null,"('0128-S-2001', 2)":null,"('0128-S-2001', 3)":null},"('Firmantes', 'FIRMANTE')":{"('0128-S-2001', 0)":"PARLAMENTARIA MIXTA REVISORA DE CUENTAS","('0128-S-2001', 1)":null,"('0128-S-2001', 2)":null,"('0128-S-2001', 3)":null},"('Firmantes', 'DISTRITO')":{"('0128-S-2001', 0)":null,"('0128-S-2001', 1)":null,"('0128-S-2001', 2)":null,"('0128-S-2001', 3)":null},"('Firmantes', 'BLOQUE')":{"('0128-S-2001', 0)":null,"('0128-S-2001', 1)":null,"('0128-S-2001', 2)":null,"('0128-S-2001', 3)":null},"('Giros', 'COMISI\u00d3N')":{"('0128-S-2001', 0)":"PARLAMENTARIA MIXTA REVISORA DE CUENTAS","('0128-S-2001', 1)":null,"('0128-S-2001', 2)":null,"('0128-S-2001', 3)":null},"('Tramites', 'C\u00c1MARA')":{"('0128-S-2001', 0)":"Senado","('0128-S-2001', 1)":"Diputados","('0128-S-2001', 2)":"Diputados","('0128-S-2001', 3)":"Diputados"},"('Tramites', 'MOVIMIENTO')":{"('0128-S-2001', 0)":"CONSIDERACION Y APROBACION","('0128-S-2001', 1)":"PASA A DIPUTADOS -","('0128-S-2001', 2)":"CONSIDERACION Y APROBACION","('0128-S-2001', 3)":"CONTESTACION DEL PODER EJECUTIVO NACIONAL - JEFE DE GABINETE DE MINISTROS - (0843-OV-01); GIRADA A LA COMISION RESPECTIVA (BAE 49\/01)"},"('Tramites', 'FECHA')":{"('0128-S-2001', 0)":"18\/07\/2001","('0128-S-2001', 1)":null,"('0128-S-2001', 2)":"15\/08\/2001","('0128-S-2001', 3)":"28\/02\/2002"},"('Tramites', 'RESULTADO')":{"('0128-S-2001', 0)":"APROBADO","('0128-S-2001', 1)":null,"('0128-S-2001', 2)":"APROBADO","('0128-S-2001', 3)":null},"Sumario":{"('0128-S-2001', 0)":"SOLICITUD AL PODER EJECUTIVO NACIONAL INFORME SOBRE LAS MEDIDAS ADOPTADAS PARA SUPERAR LAS OBSERVACIONES EFECTUADAS.","('0128-S-2001', 1)":null,"('0128-S-2001', 2)":null,"('0128-S-2001', 3)":null},"Palabra Clave":{"('0128-S-2001', 0)":" ","('0128-S-2001', 1)":null,"('0128-S-2001', 2)":null,"('0128-S-2001', 3)":null}}