{"Tipo de Proyecto":{"('0128-PE-2001', 0)":"MENSAJE NRO: 0631\/01 Y PROYECTO DE LEY","('0128-PE-2001', 1)":null,"('0128-PE-2001', 2)":null,"('0128-PE-2001', 3)":null},"Iniciado en: ":{"('0128-PE-2001', 0)":"Senado","('0128-PE-2001', 1)":null,"('0128-PE-2001', 2)":null,"('0128-PE-2001', 3)":null},"Expediente Senado: ":{"('0128-PE-2001', 0)":"0128-PE-2001","('0128-PE-2001', 1)":null,"('0128-PE-2001', 2)":null,"('0128-PE-2001', 3)":null},"Publicado en: ":{"('0128-PE-2001', 0)":"Diario de Asuntos Entrados N\u00b0 37","('0128-PE-2001', 1)":null,"('0128-PE-2001', 2)":null,"('0128-PE-2001', 3)":null},"Fecha: ":{"('0128-PE-2001', 0)":"16\/05\/2001","('0128-PE-2001', 1)":null,"('0128-PE-2001', 2)":null,"('0128-PE-2001', 3)":null},"T\u00edtulo":{"('0128-PE-2001', 0)":"PROTOCOLO FACULTATIVO DE LA CONVENCION SOBRE LA ELIMINACION DE TODAS LAS FORMAS DE DISCRIMINACION CONTRA LA MUJER, ADOPTADA POR LA ASAMBLEA GENERAL DE LA ORGANIZACION DE LAS NACIONES UNIDAS EL 6 DE OCTUBRE DE 1999.","('0128-PE-2001', 1)":null,"('0128-PE-2001', 2)":null,"('0128-PE-2001', 3)":null},"('Firmantes', 'FIRMANTE')":{"('0128-PE-2001', 0)":"DE LA RUA, FERNANDO","('0128-PE-2001', 1)":"COLOMBO, CHRYSTIAN","('0128-PE-2001', 2)":"RODRIGUEZ GIAVARINI, ADALBERTO","('0128-PE-2001', 3)":null},"('Firmantes', 'DISTRITO')":{"('0128-PE-2001', 0)":null,"('0128-PE-2001', 1)":null,"('0128-PE-2001', 2)":null,"('0128-PE-2001', 3)":null},"('Firmantes', 'BLOQUE')":{"('0128-PE-2001', 0)":"PODER EJECUTIVO","('0128-PE-2001', 1)":"PODER EJECUTIVO","('0128-PE-2001', 2)":"PODER EJECUTIVO","('0128-PE-2001', 3)":null},"('Tramites', 'C\u00c1MARA')":{"('0128-PE-2001', 0)":"Senado","('0128-PE-2001', 1)":"Senado","('0128-PE-2001', 2)":"Senado","('0128-PE-2001', 3)":"Senado"},"('Tramites', 'MOVIMIENTO')":{"('0128-PE-2001', 0)":"POSTERGACION DE TRATAMIENTO","('0128-PE-2001', 1)":"SOLICITUD DE LA JEFATURA DE GABINETE DE RETIRO DEL PROYECTO (EXPEDIENTE 0032-PE-02, 10\/04\/02) (A SUS ANTECEDENTES)","('0128-PE-2001', 2)":"SOLICITUD DE LA JEFATURA DE GABINETE DE RETIRO DEL PROYECTO (EXPEDIENTE 0432-PE-02, 11\/09\/02) (A SUS ANTECEDENTES)","('0128-PE-2001', 3)":"MOCION DE PREFERENCIA PARA LA PROXIMA SESION (AFIRMATIVA)"},"('Tramites', 'FECHA')":{"('0128-PE-2001', 0)":"21\/11\/2001","('0128-PE-2001', 1)":null,"('0128-PE-2001', 2)":null,"('0128-PE-2001', 3)":"09\/03\/2005"},"('Tramites', 'RESULTADO')":{"('0128-PE-2001', 0)":null,"('0128-PE-2001', 1)":null,"('0128-PE-2001', 2)":null,"('0128-PE-2001', 3)":null},"Sumario":{"('0128-PE-2001', 0)":"APROBACION DEL MISMO.","('0128-PE-2001', 1)":null,"('0128-PE-2001', 2)":null,"('0128-PE-2001', 3)":null},"Palabra Clave":{"('0128-PE-2001', 0)":" ","('0128-PE-2001', 1)":null,"('0128-PE-2001', 2)":null,"('0128-PE-2001', 3)":null}}