{"Tipo de Proyecto":{"('0129-S-2001', 0)":"PROYECTO DE RESOLUCI\u00d3N","('0129-S-2001', 1)":null,"('0129-S-2001', 2)":null},"Iniciado en: ":{"('0129-S-2001', 0)":"Senado","('0129-S-2001', 1)":null,"('0129-S-2001', 2)":null},"Expediente Diputados: ":{"('0129-S-2001', 0)":"0129-S-2001","('0129-S-2001', 1)":null,"('0129-S-2001', 2)":null},"Expediente Senado: ":{"('0129-S-2001', 0)":"0015-OV-2000","('0129-S-2001', 1)":null,"('0129-S-2001', 2)":null},"Publicado en: ":{"('0129-S-2001', 0)":"Diario de Asuntos Entrados N\u00b0 90","('0129-S-2001', 1)":null,"('0129-S-2001', 2)":null},"Fecha: ":{"('0129-S-2001', 0)":"20\/06\/2001","('0129-S-2001', 1)":null,"('0129-S-2001', 2)":null},"T\u00edtulo":{"('0129-S-2001', 0)":"RESOLUCION N\u00b0 11\/00 REMITIDA POR LA AUDITORIA GENERAL DE LA NACION SOBRE LOS ESTADOS FINANCIEROS DEL \"PROGRAMA DE MODERNIZACION PORTUARIA\" CONTRATO DE PRESTAMO N\u00b0 962\/OC AR BID AL 31\/12\/98. ","('0129-S-2001', 1)":null,"('0129-S-2001', 2)":null},"('Firmantes', 'FIRMANTE')":{"('0129-S-2001', 0)":"PARLAMENTARIA MIXTA REVISORA DE CUENTAS","('0129-S-2001', 1)":null,"('0129-S-2001', 2)":null},"('Firmantes', 'DISTRITO')":{"('0129-S-2001', 0)":null,"('0129-S-2001', 1)":null,"('0129-S-2001', 2)":null},"('Firmantes', 'BLOQUE')":{"('0129-S-2001', 0)":null,"('0129-S-2001', 1)":null,"('0129-S-2001', 2)":null},"('Giros', 'COMISI\u00d3N')":{"('0129-S-2001', 0)":"PARLAMENTARIA MIXTA REVISORA DE CUENTAS","('0129-S-2001', 1)":null,"('0129-S-2001', 2)":null},"('Tramites', 'C\u00c1MARA')":{"('0129-S-2001', 0)":"Senado","('0129-S-2001', 1)":"Diputados","('0129-S-2001', 2)":"Diputados"},"('Tramites', 'MOVIMIENTO')":{"('0129-S-2001', 0)":"CONSIDERACION Y APROBACION","('0129-S-2001', 1)":"PASA A DIPUTADOS -","('0129-S-2001', 2)":"CONSIDERACION Y APROBACION"},"('Tramites', 'FECHA')":{"('0129-S-2001', 0)":"18\/07\/2001","('0129-S-2001', 1)":null,"('0129-S-2001', 2)":"15\/08\/2001"},"('Tramites', 'RESULTADO')":{"('0129-S-2001', 0)":"APROBADO","('0129-S-2001', 1)":null,"('0129-S-2001', 2)":"APROBADO"},"Sumario":{"('0129-S-2001', 0)":"SOLICITUD AL PODER EJECUTIVO NACIONAL INFORME SOBRE LAS MEDIDAS ADOPTADAS PARA SUPERAR LAS OBSERVACIONES EFECTUADAS.","('0129-S-2001', 1)":null,"('0129-S-2001', 2)":null},"Palabra Clave":{"('0129-S-2001', 0)":" ","('0129-S-2001', 1)":null,"('0129-S-2001', 2)":null}}