{"Tipo de Proyecto":{"('0131-S-2001', 0)":"PROYECTO DE RESOLUCI\u00d3N","('0131-S-2001', 1)":null,"('0131-S-2001', 2)":null},"Iniciado en: ":{"('0131-S-2001', 0)":"Senado","('0131-S-2001', 1)":null,"('0131-S-2001', 2)":null},"Expediente Diputados: ":{"('0131-S-2001', 0)":"0131-S-2001","('0131-S-2001', 1)":null,"('0131-S-2001', 2)":null},"Expediente Senado: ":{"('0131-S-2001', 0)":"0606-OV-1999","('0131-S-2001', 1)":null,"('0131-S-2001', 2)":null},"Publicado en: ":{"('0131-S-2001', 0)":"Diario de Asuntos Entrados N\u00b0 0","('0131-S-2001', 1)":null,"('0131-S-2001', 2)":null},"Fecha: ":{"('0131-S-2001', 0)":"20\/06\/2001","('0131-S-2001', 1)":null,"('0131-S-2001', 2)":null},"T\u00edtulo":{"('0131-S-2001', 0)":"RESOLUCION REMITIDAS POR LA AUDITORIA GENERAL DE LA NACION SOBRE CONTROL INTERNO EN EL AMBITO DE LA PREFECTURA NAVAL ARGENTINA.","('0131-S-2001', 1)":null,"('0131-S-2001', 2)":null},"('Firmantes', 'FIRMANTE')":{"('0131-S-2001', 0)":"PARLAMENTARIA MIXTA REVISORA DE CUENTAS","('0131-S-2001', 1)":null,"('0131-S-2001', 2)":null},"('Firmantes', 'DISTRITO')":{"('0131-S-2001', 0)":null,"('0131-S-2001', 1)":null,"('0131-S-2001', 2)":null},"('Firmantes', 'BLOQUE')":{"('0131-S-2001', 0)":null,"('0131-S-2001', 1)":null,"('0131-S-2001', 2)":null},"('Giros', 'COMISI\u00d3N')":{"('0131-S-2001', 0)":"PARLAMENTARIA MIXTA REVISORA DE CUENTAS","('0131-S-2001', 1)":null,"('0131-S-2001', 2)":null},"('Tramites', 'C\u00c1MARA')":{"('0131-S-2001', 0)":"Senado","('0131-S-2001', 1)":"Diputados","('0131-S-2001', 2)":"Diputados"},"('Tramites', 'MOVIMIENTO')":{"('0131-S-2001', 0)":"CONSIDERACION Y APROBACION","('0131-S-2001', 1)":"PASA A DIPUTADOS -","('0131-S-2001', 2)":"CONSIDERACION Y APROBACION"},"('Tramites', 'FECHA')":{"('0131-S-2001', 0)":"18\/07\/2001","('0131-S-2001', 1)":null,"('0131-S-2001', 2)":"15\/08\/2001"},"('Tramites', 'RESULTADO')":{"('0131-S-2001', 0)":"APROBADO","('0131-S-2001', 1)":null,"('0131-S-2001', 2)":"APROBADO"},"Sumario":{"('0131-S-2001', 0)":"SOLICITUD AL PODER EJECUTIVO NACIONAL INFORME SOBRE LAS MEDIDAS ADOPTADAS PARA MEJORAR LA GESTION, CONFORME LAS RECOMENDACIONES DADAS.","('0131-S-2001', 1)":null,"('0131-S-2001', 2)":null},"Palabra Clave":{"('0131-S-2001', 0)":" ","('0131-S-2001', 1)":null,"('0131-S-2001', 2)":null}}