{"Tipo de Proyecto":{"('0133-S-2001', 0)":"PROYECTO DE RESOLUCI\u00d3N","('0133-S-2001', 1)":null,"('0133-S-2001', 2)":null,"('0133-S-2001', 3)":null},"Iniciado en: ":{"('0133-S-2001', 0)":"Senado","('0133-S-2001', 1)":null,"('0133-S-2001', 2)":null,"('0133-S-2001', 3)":null},"Expediente Diputados: ":{"('0133-S-2001', 0)":"0133-S-2001","('0133-S-2001', 1)":null,"('0133-S-2001', 2)":null,"('0133-S-2001', 3)":null},"Expediente Senado: ":{"('0133-S-2001', 0)":"0012-OV-2000","('0133-S-2001', 1)":null,"('0133-S-2001', 2)":null,"('0133-S-2001', 3)":null},"Publicado en: ":{"('0133-S-2001', 0)":"Diario de Asuntos Entrados N\u00b0 0","('0133-S-2001', 1)":null,"('0133-S-2001', 2)":null,"('0133-S-2001', 3)":null},"Fecha: ":{"('0133-S-2001', 0)":"20\/06\/2001","('0133-S-2001', 1)":null,"('0133-S-2001', 2)":null,"('0133-S-2001', 3)":null},"T\u00edtulo":{"('0133-S-2001', 0)":"RESOLUCION 11\/00 DE LA AUDITORIA GENERAL DE LA NACION SOBRE LOS ESTADOS FINANCIEROS DEL \"SEGUNDO PROYECTO DE DESARROLLO PROVINCIAL\", CONVENIO DE PRESTAMO 3877 -AR BIRF.","('0133-S-2001', 1)":null,"('0133-S-2001', 2)":null,"('0133-S-2001', 3)":null},"('Firmantes', 'FIRMANTE')":{"('0133-S-2001', 0)":"PARLAMENTARIA MIXTA REVISORA DE CUENTAS","('0133-S-2001', 1)":null,"('0133-S-2001', 2)":null,"('0133-S-2001', 3)":null},"('Firmantes', 'DISTRITO')":{"('0133-S-2001', 0)":null,"('0133-S-2001', 1)":null,"('0133-S-2001', 2)":null,"('0133-S-2001', 3)":null},"('Firmantes', 'BLOQUE')":{"('0133-S-2001', 0)":null,"('0133-S-2001', 1)":null,"('0133-S-2001', 2)":null,"('0133-S-2001', 3)":null},"('Giros', 'COMISI\u00d3N')":{"('0133-S-2001', 0)":"PARLAMENTARIA MIXTA REVISORA DE CUENTAS","('0133-S-2001', 1)":null,"('0133-S-2001', 2)":null,"('0133-S-2001', 3)":null},"('Tramites', 'C\u00c1MARA')":{"('0133-S-2001', 0)":"Senado","('0133-S-2001', 1)":"Diputados","('0133-S-2001', 2)":"Diputados","('0133-S-2001', 3)":"Diputados"},"('Tramites', 'MOVIMIENTO')":{"('0133-S-2001', 0)":"CONSIDERACION Y APROBACION","('0133-S-2001', 1)":"PASA A DIPUTADOS -","('0133-S-2001', 2)":"CONSIDERACION Y APROBACION","('0133-S-2001', 3)":"CONTESTACION DEL PODER EJECUTIVO NACIONAL - JEFE DE GABINETE DE MINISTROS - (0844-OV-01); GIRADA A LA COMISION RESPECTIVA (BAE 49\/01)"},"('Tramites', 'FECHA')":{"('0133-S-2001', 0)":"18\/07\/2001","('0133-S-2001', 1)":null,"('0133-S-2001', 2)":"15\/08\/2001","('0133-S-2001', 3)":"28\/02\/2002"},"('Tramites', 'RESULTADO')":{"('0133-S-2001', 0)":"APROBADO","('0133-S-2001', 1)":null,"('0133-S-2001', 2)":"APROBADO","('0133-S-2001', 3)":null},"Sumario":{"('0133-S-2001', 0)":"SOLICITUD AL PODER EJECUTIVO NACIONAL INFORME SOBRE LAS MEDIDAS ADOPTADAS PARA SUPERAR LAS OBSERVACIONES EFECTUADAS.","('0133-S-2001', 1)":null,"('0133-S-2001', 2)":null,"('0133-S-2001', 3)":null},"Palabra Clave":{"('0133-S-2001', 0)":" ","('0133-S-2001', 1)":null,"('0133-S-2001', 2)":null,"('0133-S-2001', 3)":null}}