{"Tipo de Proyecto":{"('0135-OV-2001', 0)":"PROYECTO DE RESOLUCI\u00d3N"},"Iniciado en: ":{"('0135-OV-2001', 0)":"Senado"},"Expediente Senado: ":{"('0135-OV-2001', 0)":"0135-OV-2001"},"Fecha: ":{"('0135-OV-2001', 0)":"19\/06\/2003"},"T\u00edtulo":{"('0135-OV-2001', 0)":"DICTAMEN EN LA RESOLUCION REMITIDA POR LA AUDITORIA GENERAL DE LA NACION DECLARANDO QUE LAS EMPRESAS EDENOR SA Y EDESUR SA SE ENCUENTRAN SUJETAS AL CONTROL DE AUDITORIA."},"('Firmantes', 'FIRMANTE')":{"('0135-OV-2001', 0)":"PARLAMENTARIA MIXTA REVISORA DE CUENTAS"},"('Firmantes', 'DISTRITO')":{"('0135-OV-2001', 0)":null},"('Firmantes', 'BLOQUE')":{"('0135-OV-2001', 0)":null},"('Tramites', 'C\u00c1MARA')":{"('0135-OV-2001', 0)":"Senado"},"('Tramites', 'MOVIMIENTO')":{"('0135-OV-2001', 0)":"CONSIDERACION Y APROBACION (AL ARCHIVO)"},"('Tramites', 'FECHA')":{"('0135-OV-2001', 0)":"02\/07\/2003"},"('Tramites', 'RESULTADO')":{"('0135-OV-2001', 0)":"ARCHIVADO"},"Sumario":{"('0135-OV-2001', 0)":"HABIENDO TOMADO CONOCIMIENTO DEL MISMO, SE ACONSEJA SU REMISION AL ARCHIVO."},"Palabra Clave":{"('0135-OV-2001', 0)":" "}}