{"Tipo de Proyecto":{"('0137-S-2001', 0)":"PROYECTO DE RESOLUCI\u00d3N","('0137-S-2001', 1)":null,"('0137-S-2001', 2)":null},"Iniciado en: ":{"('0137-S-2001', 0)":"Senado","('0137-S-2001', 1)":null,"('0137-S-2001', 2)":null},"Expediente Diputados: ":{"('0137-S-2001', 0)":"0137-S-2001","('0137-S-2001', 1)":null,"('0137-S-2001', 2)":null},"Expediente Senado: ":{"('0137-S-2001', 0)":"0855-S-2001","('0137-S-2001', 1)":null,"('0137-S-2001', 2)":null},"Fecha: ":{"('0137-S-2001', 0)":"25\/06\/2001","('0137-S-2001', 1)":null,"('0137-S-2001', 2)":null},"T\u00edtulo":{"('0137-S-2001', 0)":"CUENTA GENERAL CORRESPONDIENTE AL EJERCICIO 1999.","('0137-S-2001', 1)":null,"('0137-S-2001', 2)":null},"('Firmantes', 'FIRMANTE')":{"('0137-S-2001', 0)":"PARLAMENTARIA MIXTA REVISORA DE CUENTAS","('0137-S-2001', 1)":null,"('0137-S-2001', 2)":null},"('Firmantes', 'DISTRITO')":{"('0137-S-2001', 0)":null,"('0137-S-2001', 1)":null,"('0137-S-2001', 2)":null},"('Firmantes', 'BLOQUE')":{"('0137-S-2001', 0)":null,"('0137-S-2001', 1)":null,"('0137-S-2001', 2)":null},"('Giros', 'COMISI\u00d3N')":{"('0137-S-2001', 0)":"PARLAMENTARIA MIXTA REVISORA DE CUENTAS","('0137-S-2001', 1)":null,"('0137-S-2001', 2)":null},"('Tramites', 'C\u00c1MARA')":{"('0137-S-2001', 0)":"Senado","('0137-S-2001', 1)":"Diputados","('0137-S-2001', 2)":"Diputados"},"('Tramites', 'MOVIMIENTO')":{"('0137-S-2001', 0)":"CONSIDERACION Y APROBACION","('0137-S-2001', 1)":"PASA A DIPUTADOS -","('0137-S-2001', 2)":"CONSIDERACION Y APROBACION"},"('Tramites', 'FECHA')":{"('0137-S-2001', 0)":"18\/07\/2001","('0137-S-2001', 1)":null,"('0137-S-2001', 2)":"15\/08\/2001"},"('Tramites', 'RESULTADO')":{"('0137-S-2001', 0)":"APROBADO","('0137-S-2001', 1)":null,"('0137-S-2001', 2)":"APROBADO"},"Sumario":{"('0137-S-2001', 0)":"PONER EN CONOCIMIENTO DE LAS HONORABLES CAMARAS DE SENADORES Y DIPUTADOS QUE LA COMISION PARLAMENTARIA MIXTA NO HA PODIDO EXPEDIRSE DENTRO DEL PLAZO FIJADO POR EL ARTICULO 5 DE LA LEY 23847 CON RESPECTO A LA CUENTA GENERAL CORRESPONDIENTE AL EJERCICIO 1999, DEBIDO A QUE LA RESPECTIVA DOCUMENTACION NO HA SIDO REMITIDA AUN POR PARTE DE LA AUDITORIA GENERAL DE LA NACION.","('0137-S-2001', 1)":null,"('0137-S-2001', 2)":null},"Palabra Clave":{"('0137-S-2001', 0)":" ","('0137-S-2001', 1)":null,"('0137-S-2001', 2)":null}}