{"Tipo de Proyecto":{"('0139-PE-2001', 0)":"MENSAJE NRO: 0682\/01","('0139-PE-2001', 1)":null},"Iniciado en: ":{"('0139-PE-2001', 0)":"Senado","('0139-PE-2001', 1)":null},"Expediente Senado: ":{"('0139-PE-2001', 0)":"0139-PE-2001","('0139-PE-2001', 1)":null},"Publicado en: ":{"('0139-PE-2001', 0)":"DAE S.A. N\u00b0 8","('0139-PE-2001', 1)":null},"Fecha: ":{"('0139-PE-2001', 0)":"22\/05\/2001","('0139-PE-2001', 1)":null},"T\u00edtulo":{"('0139-PE-2001', 0)":"SOLICITA ACUERDO PARA PROMOVER A MINISTRO PLENIPOTENCIARIO DE SEGUNDA CLASE, EN LOS TERMINOS DE LOS ARTICULOS 18 INCISO F) Y 37 INCISO E) DE LA LEY 20957.","('0139-PE-2001', 1)":null},"('Firmantes', 'FIRMANTE')":{"('0139-PE-2001', 0)":"DE LA RUA, FERNANDO","('0139-PE-2001', 1)":"RODRIGUEZ GIAVARINI, ADALBERTO"},"('Firmantes', 'DISTRITO')":{"('0139-PE-2001', 0)":null,"('0139-PE-2001', 1)":null},"('Firmantes', 'BLOQUE')":{"('0139-PE-2001', 0)":"PODER EJECUTIVO","('0139-PE-2001', 1)":"PODER EJECUTIVO"},"('Tramites', 'C\u00c1MARA')":{"('0139-PE-2001', 0)":"Senado","('0139-PE-2001', 1)":null},"('Tramites', 'MOVIMIENTO')":{"('0139-PE-2001', 0)":"SOLICITUD DE RETIRO DEL MENSAJE (EXPEDIENTE 0337-PE-02, DAE SUPLEMENTO ACUERDOS 13, 06\/09\/2002)","('0139-PE-2001', 1)":null},"('Tramites', 'FECHA')":{"('0139-PE-2001', 0)":null,"('0139-PE-2001', 1)":null},"('Tramites', 'RESULTADO')":{"('0139-PE-2001', 0)":"RETIRADO","('0139-PE-2001', 1)":null},"Sumario":{"('0139-PE-2001', 0)":"AL CONSEJERO DE EMBAJADA Y CONSUL GENERAL DON CESAR FRANCISCO MATAS.","('0139-PE-2001', 1)":null},"Palabra Clave":{"('0139-PE-2001', 0)":" ","('0139-PE-2001', 1)":null}}