{"Tipo de Proyecto":{"('0140-S-2001', 0)":"PROYECTO DE RESOLUCI\u00d3N","('0140-S-2001', 1)":null,"('0140-S-2001', 2)":null},"Iniciado en: ":{"('0140-S-2001', 0)":"Senado","('0140-S-2001', 1)":null,"('0140-S-2001', 2)":null},"Expediente Diputados: ":{"('0140-S-2001', 0)":"0140-S-2001","('0140-S-2001', 1)":null,"('0140-S-2001', 2)":null},"Expediente Senado: ":{"('0140-S-2001', 0)":"0022-OV-2000","('0140-S-2001', 1)":null,"('0140-S-2001', 2)":null},"Fecha: ":{"('0140-S-2001', 0)":"13\/07\/2001","('0140-S-2001', 1)":null,"('0140-S-2001', 2)":null},"T\u00edtulo":{"('0140-S-2001', 0)":"COMUNICANDO LA RESOLUCION 11\/00 DE LA AUDITORIA GENERAL DE LA NACION, APROBANDO EL INFORME DE AUDITORIA SOBRE LOS ESTADOS FINANCIEROS DEL \" II PROYECTO DE ASISTENCIA TECNICA A LA ADMINISTRACION TRIBUTARIA \" CONVENIO DE PRESTAMO NUMERO 3460- AR BIRF, AL 31\/12\/98.","('0140-S-2001', 1)":null,"('0140-S-2001', 2)":null},"('Firmantes', 'FIRMANTE')":{"('0140-S-2001', 0)":"PARLAMENTARIA MIXTA REVISORA DE CUENTAS","('0140-S-2001', 1)":null,"('0140-S-2001', 2)":null},"('Firmantes', 'DISTRITO')":{"('0140-S-2001', 0)":null,"('0140-S-2001', 1)":null,"('0140-S-2001', 2)":null},"('Firmantes', 'BLOQUE')":{"('0140-S-2001', 0)":null,"('0140-S-2001', 1)":null,"('0140-S-2001', 2)":null},"('Giros', 'COMISI\u00d3N')":{"('0140-S-2001', 0)":"PARLAMENTARIA MIXTA REVISORA DE CUENTAS","('0140-S-2001', 1)":null,"('0140-S-2001', 2)":null},"('Tramites', 'C\u00c1MARA')":{"('0140-S-2001', 0)":"Senado","('0140-S-2001', 1)":"Diputados","('0140-S-2001', 2)":"Diputados"},"('Tramites', 'MOVIMIENTO')":{"('0140-S-2001', 0)":"CONSIDERACION Y APROBACION","('0140-S-2001', 1)":"PASA A DIPUTADOS -","('0140-S-2001', 2)":"CONSIDERACION Y APROBACION"},"('Tramites', 'FECHA')":{"('0140-S-2001', 0)":"08\/08\/2001","('0140-S-2001', 1)":null,"('0140-S-2001', 2)":"24\/10\/2001"},"('Tramites', 'RESULTADO')":{"('0140-S-2001', 0)":"APROBADO","('0140-S-2001', 1)":null,"('0140-S-2001', 2)":"APROBADO"},"Sumario":{"('0140-S-2001', 0)":"SOLICITUD AL PODER EJECUTIVO NACIONAL INFORME SOBRE LAS MEDIDAS ADOPTADAS PARA SUPERAR LAS OBSERVACIONES EFECTUADAS.","('0140-S-2001', 1)":null,"('0140-S-2001', 2)":null},"Palabra Clave":{"('0140-S-2001', 0)":" ","('0140-S-2001', 1)":null,"('0140-S-2001', 2)":null}}