{"Tipo de Proyecto":{"('0140-PE-2001', 0)":"MENSAJE NRO: 0684\/01","('0140-PE-2001', 1)":null},"Iniciado en: ":{"('0140-PE-2001', 0)":"Senado","('0140-PE-2001', 1)":null},"Expediente Senado: ":{"('0140-PE-2001', 0)":"0140-PE-2001","('0140-PE-2001', 1)":null},"Publicado en: ":{"('0140-PE-2001', 0)":"DAE S.A. N\u00b0 8","('0140-PE-2001', 1)":null},"Fecha: ":{"('0140-PE-2001', 0)":"22\/05\/2001","('0140-PE-2001', 1)":null},"T\u00edtulo":{"('0140-PE-2001', 0)":"SOLICITA ACUERDO PARA PROMOVER A MINISTRO PLENIPOTENCIARIO DE SEGUNDA CLASE, EN LOS TERMINOS DE LOS ARTICULOS 18 INCISO F) Y 37 INCISO E) DE LA LEY 20957.","('0140-PE-2001', 1)":null},"('Firmantes', 'FIRMANTE')":{"('0140-PE-2001', 0)":"DE LA RUA, FERNANDO","('0140-PE-2001', 1)":"RODRIGUEZ GIAVARINI, ADALBERTO"},"('Firmantes', 'DISTRITO')":{"('0140-PE-2001', 0)":null,"('0140-PE-2001', 1)":null},"('Firmantes', 'BLOQUE')":{"('0140-PE-2001', 0)":"PODER EJECUTIVO","('0140-PE-2001', 1)":"PODER EJECUTIVO"},"('Tramites', 'C\u00c1MARA')":{"('0140-PE-2001', 0)":"Senado","('0140-PE-2001', 1)":null},"('Tramites', 'MOVIMIENTO')":{"('0140-PE-2001', 0)":"SOLICITUD DE RETIRO DEL MENSAJE (EXPEDIENTE 0337-PE-02, DAE SUPLEMENTO ACUERDOS 13, 06\/09\/2002)","('0140-PE-2001', 1)":null},"('Tramites', 'FECHA')":{"('0140-PE-2001', 0)":null,"('0140-PE-2001', 1)":null},"('Tramites', 'RESULTADO')":{"('0140-PE-2001', 0)":"RETIRADO","('0140-PE-2001', 1)":null},"Sumario":{"('0140-PE-2001', 0)":"AL CONSEJERO DE EMBAJADA Y CONSUL GENERAL DON JORGE ENRIQUE BLANCO.","('0140-PE-2001', 1)":null},"Palabra Clave":{"('0140-PE-2001', 0)":" ","('0140-PE-2001', 1)":null}}