{"Tipo de Proyecto":{"('0142-S-2001', 0)":"PROYECTO DE RESOLUCI\u00d3N","('0142-S-2001', 1)":null},"Iniciado en: ":{"('0142-S-2001', 0)":"Senado","('0142-S-2001', 1)":null},"Expediente Senado: ":{"('0142-S-2001', 0)":"0142-S-2001","('0142-S-2001', 1)":null},"Publicado en: ":{"('0142-S-2001', 0)":"Diario de Asuntos Entrados N\u00b0 8","('0142-S-2001', 1)":null},"Fecha: ":{"('0142-S-2001', 0)":"14\/03\/2001","('0142-S-2001', 1)":null},"T\u00edtulo":{"('0142-S-2001', 0)":"DEROGACION DEL DECRETO 310\/01, POR EL CUAL A LA SECRETARIA DE AGRICULTURA, GANADERIA, PESCA Y ALIMENTACION SE LE ASIGNA EL RANGO DE SUBSECRETARIA DEPENDIENTE DE LA SECRETARIA DE LA PRODUCCION.","('0142-S-2001', 1)":null},"('Firmantes', 'FIRMANTE')":{"('0142-S-2001', 0)":"MASSAT, JORGE J.","('0142-S-2001', 1)":"VERNA, CARLOS ALBERTO"},"('Firmantes', 'DISTRITO')":{"('0142-S-2001', 0)":"SANTA FE","('0142-S-2001', 1)":"LA PAMPA"},"('Firmantes', 'BLOQUE')":{"('0142-S-2001', 0)":"JUSTICIALISTA","('0142-S-2001', 1)":"JUSTICIALISTA"},"Sumario":{"('0142-S-2001', 0)":"INSTRUIR A LOS ORGANISMOS RESPONSABLES PARA DESARROLLAR LOS ESTUDIOS PERTINENTES CON EL OBJETO DE CREAR UN MINISTERIO DE AGRICULTURA, GANADERIA, PESCA Y ALIMENTACION.","('0142-S-2001', 1)":null},"Palabra Clave":{"('0142-S-2001', 0)":" ","('0142-S-2001', 1)":null}}