{"Tipo de Proyecto":{"('0143-S-2001', 0)":"COMUNICACION","('0143-S-2001', 1)":null},"Iniciado en: ":{"('0143-S-2001', 0)":"Senado","('0143-S-2001', 1)":null},"Expediente Senado: ":{"('0143-S-2001', 0)":"0143-S-2001","('0143-S-2001', 1)":null},"Publicado en: ":{"('0143-S-2001', 0)":"Diario de Asuntos Entrados N\u00b0 8","('0143-S-2001', 1)":null},"Fecha: ":{"('0143-S-2001', 0)":"14\/03\/2001","('0143-S-2001', 1)":null},"T\u00edtulo":{"('0143-S-2001', 0)":"PEDIDO DE INFORMES: SOBRE LA SITUACION GEOGRAFICA Y DE MAYOR CONCENTRACION DE GANADO BOVINO PORTADOR DEL VIRUS DE LA FIEBRE AFTOSA.","('0143-S-2001', 1)":null},"('Firmantes', 'FIRMANTE')":{"('0143-S-2001', 0)":"ALASINO, AUGUSTO JOSE M.","('0143-S-2001', 1)":null},"('Firmantes', 'DISTRITO')":{"('0143-S-2001', 0)":"ENTRE RIOS","('0143-S-2001', 1)":null},"('Firmantes', 'BLOQUE')":{"('0143-S-2001', 0)":"JUSTICIALISTA","('0143-S-2001', 1)":null},"('Tramites', 'C\u00c1MARA')":{"('0143-S-2001', 0)":"Senado","('0143-S-2001', 1)":"Senado"},"('Tramites', 'MOVIMIENTO')":{"('0143-S-2001', 0)":"CONSIDERACION Y APROBACION","('0143-S-2001', 1)":"CONTESTACION DEL PODER EJECUTIVO NACIONAL - (0857-PE-01); GIRADA A LA COMISION RESPECTIVA"},"('Tramites', 'FECHA')":{"('0143-S-2001', 0)":"16\/05\/2001","('0143-S-2001', 1)":null},"('Tramites', 'RESULTADO')":{"('0143-S-2001', 0)":"APROBADO","('0143-S-2001', 1)":null},"Sumario":{"('0143-S-2001', 0)":"SOLICITUD AL PODER EJECUTIVO NACIONAL.","('0143-S-2001', 1)":null},"Palabra Clave":{"('0143-S-2001', 0)":" ","('0143-S-2001', 1)":null}}