{"Tipo de Proyecto":{"('0145-S-2001', 0)":"PROYECTO DE RESOLUCI\u00d3N","('0145-S-2001', 1)":null,"('0145-S-2001', 2)":null},"Iniciado en: ":{"('0145-S-2001', 0)":"Senado","('0145-S-2001', 1)":null,"('0145-S-2001', 2)":null},"Expediente Diputados: ":{"('0145-S-2001', 0)":"0145-S-2001","('0145-S-2001', 1)":null,"('0145-S-2001', 2)":null},"Expediente Senado: ":{"('0145-S-2001', 0)":"0184-OV-2000","('0145-S-2001', 1)":null,"('0145-S-2001', 2)":null},"Publicado en: ":{"('0145-S-2001', 0)":"Diario de Asuntos Entrados N\u00b0 0","('0145-S-2001', 1)":null,"('0145-S-2001', 2)":null},"Fecha: ":{"('0145-S-2001', 0)":"19\/07\/2001","('0145-S-2001', 1)":null,"('0145-S-2001', 2)":null},"T\u00edtulo":{"('0145-S-2001', 0)":"RESOLUCION REMITIDA POR LA AUDITORIA GENRAL DE LA NACION SOBRE ESTADOS FINANCIEROS DEL PROGRAMA DE APOYO A LA REFORMA DEL SISTEMA DE JUSTICIA - CONTRATO DE PRESTAMO 1082\/OC-AR BID.","('0145-S-2001', 1)":null,"('0145-S-2001', 2)":null},"('Firmantes', 'FIRMANTE')":{"('0145-S-2001', 0)":"PARLAMENTARIA MIXTA REVISORA DE CUENTAS","('0145-S-2001', 1)":null,"('0145-S-2001', 2)":null},"('Firmantes', 'DISTRITO')":{"('0145-S-2001', 0)":null,"('0145-S-2001', 1)":null,"('0145-S-2001', 2)":null},"('Firmantes', 'BLOQUE')":{"('0145-S-2001', 0)":null,"('0145-S-2001', 1)":null,"('0145-S-2001', 2)":null},"('Giros', 'COMISI\u00d3N')":{"('0145-S-2001', 0)":"PARLAMENTARIA MIXTA REVISORA DE CUENTAS","('0145-S-2001', 1)":null,"('0145-S-2001', 2)":null},"('Tramites', 'C\u00c1MARA')":{"('0145-S-2001', 0)":"Senado","('0145-S-2001', 1)":"Diputados","('0145-S-2001', 2)":"Diputados"},"('Tramites', 'MOVIMIENTO')":{"('0145-S-2001', 0)":"CONSIDERACION Y APROBACION","('0145-S-2001', 1)":"PASA A DIPUTADOS -","('0145-S-2001', 2)":"CONSIDERACION Y APROBACION"},"('Tramites', 'FECHA')":{"('0145-S-2001', 0)":"08\/08\/2001","('0145-S-2001', 1)":null,"('0145-S-2001', 2)":"24\/10\/2001"},"('Tramites', 'RESULTADO')":{"('0145-S-2001', 0)":"APROBADO","('0145-S-2001', 1)":null,"('0145-S-2001', 2)":"APROBADO"},"Sumario":{"('0145-S-2001', 0)":"SOLICITUD AL PODER EJECUTIVO NACIONAL INFORME SOBRE LAS MEDIDAS ADOPTADAS PARA SUPERAR LAS OBSERVACIONES EFECTUADAS.","('0145-S-2001', 1)":null,"('0145-S-2001', 2)":null},"Palabra Clave":{"('0145-S-2001', 0)":" ","('0145-S-2001', 1)":null,"('0145-S-2001', 2)":null}}