{"Tipo de Proyecto":{"('0146-S-2001', 0)":"PROYECTO DE RESOLUCI\u00d3N","('0146-S-2001', 1)":null,"('0146-S-2001', 2)":null},"Iniciado en: ":{"('0146-S-2001', 0)":"Senado","('0146-S-2001', 1)":null,"('0146-S-2001', 2)":null},"Expediente Diputados: ":{"('0146-S-2001', 0)":"0146-S-2001","('0146-S-2001', 1)":null,"('0146-S-2001', 2)":null},"Expediente Senado: ":{"('0146-S-2001', 0)":"0183-OV-2000","('0146-S-2001', 1)":null,"('0146-S-2001', 2)":null},"Publicado en: ":{"('0146-S-2001', 0)":"Diario de Asuntos Entrados N\u00b0 0","('0146-S-2001', 1)":null,"('0146-S-2001', 2)":null},"Fecha: ":{"('0146-S-2001', 0)":"19\/07\/2001","('0146-S-2001', 1)":null,"('0146-S-2001', 2)":null},"T\u00edtulo":{"('0146-S-2001', 0)":"RESOLUCION REMITIDA POR LA AUDITORIA GENERAL DE LA NACION SOBRE ESTADO FINANCIEROS DEL PROYECTO DE DESARROLLO DE PEQUE\u00d1OS PRODUCTORES AGROPECUARIOS, CONVENIO DE PRESTAMO 4212-AR BIRF.","('0146-S-2001', 1)":null,"('0146-S-2001', 2)":null},"('Firmantes', 'FIRMANTE')":{"('0146-S-2001', 0)":"PARLAMENTARIA MIXTA REVISORA DE CUENTAS","('0146-S-2001', 1)":null,"('0146-S-2001', 2)":null},"('Firmantes', 'DISTRITO')":{"('0146-S-2001', 0)":null,"('0146-S-2001', 1)":null,"('0146-S-2001', 2)":null},"('Firmantes', 'BLOQUE')":{"('0146-S-2001', 0)":null,"('0146-S-2001', 1)":null,"('0146-S-2001', 2)":null},"('Giros', 'COMISI\u00d3N')":{"('0146-S-2001', 0)":"PARLAMENTARIA MIXTA REVISORA DE CUENTAS","('0146-S-2001', 1)":null,"('0146-S-2001', 2)":null},"('Tramites', 'C\u00c1MARA')":{"('0146-S-2001', 0)":"Senado","('0146-S-2001', 1)":"Diputados","('0146-S-2001', 2)":"Diputados"},"('Tramites', 'MOVIMIENTO')":{"('0146-S-2001', 0)":"CONSIDERACION Y APROBACION","('0146-S-2001', 1)":"PASA A DIPUTADOS -","('0146-S-2001', 2)":"CONSIDERACION Y APROBACION"},"('Tramites', 'FECHA')":{"('0146-S-2001', 0)":"08\/08\/2001","('0146-S-2001', 1)":null,"('0146-S-2001', 2)":"24\/10\/2001"},"('Tramites', 'RESULTADO')":{"('0146-S-2001', 0)":"APROBADO","('0146-S-2001', 1)":null,"('0146-S-2001', 2)":"APROBADO"},"Sumario":{"('0146-S-2001', 0)":"SOLICITUD AL PODER EJECUTIVO NACIONAL INFORME SOBRE LAS MEDIDAS ADOPTADAS PARA SUPERAR LAS OBSERVACIONES EFECTUADAS.","('0146-S-2001', 1)":null,"('0146-S-2001', 2)":null},"Palabra Clave":{"('0146-S-2001', 0)":" ","('0146-S-2001', 1)":null,"('0146-S-2001', 2)":null}}