{"Tipo de Proyecto":{"('0146-PE-2001', 0)":"MENSAJE NRO: 0690\/01","('0146-PE-2001', 1)":null},"Iniciado en: ":{"('0146-PE-2001', 0)":"Senado","('0146-PE-2001', 1)":null},"Expediente Senado: ":{"('0146-PE-2001', 0)":"0146-PE-2001","('0146-PE-2001', 1)":null},"Publicado en: ":{"('0146-PE-2001', 0)":"DAE S.A. N\u00b0 8","('0146-PE-2001', 1)":null},"Fecha: ":{"('0146-PE-2001', 0)":"22\/05\/2001","('0146-PE-2001', 1)":null},"T\u00edtulo":{"('0146-PE-2001', 0)":"SOLICITA ACUERDO PARA PROMOVER A MINISTRO PLENIPOTENCIARIO DE SEGUNDA CLASE, EN LOS TERMINOS DE LOS ARTICULOS 18 INCISO F) Y 37 INCISO E) DE LA LEY 20957.","('0146-PE-2001', 1)":null},"('Firmantes', 'FIRMANTE')":{"('0146-PE-2001', 0)":"DE LA RUA, FERNANDO","('0146-PE-2001', 1)":"RODRIGUEZ GIAVARINI, ADALBERTO"},"('Firmantes', 'DISTRITO')":{"('0146-PE-2001', 0)":null,"('0146-PE-2001', 1)":null},"('Firmantes', 'BLOQUE')":{"('0146-PE-2001', 0)":"PODER EJECUTIVO","('0146-PE-2001', 1)":"PODER EJECUTIVO"},"('Tramites', 'C\u00c1MARA')":{"('0146-PE-2001', 0)":"Senado","('0146-PE-2001', 1)":null},"('Tramites', 'MOVIMIENTO')":{"('0146-PE-2001', 0)":"SOLICITUD DE RETIRO DEL MENSAJE (EXPEDIENTE 0337-PE-02, DAE SUPLEMENTO ACUERDOS 13, 06\/09\/2002)","('0146-PE-2001', 1)":null},"('Tramites', 'FECHA')":{"('0146-PE-2001', 0)":null,"('0146-PE-2001', 1)":null},"('Tramites', 'RESULTADO')":{"('0146-PE-2001', 0)":"RETIRADO","('0146-PE-2001', 1)":null},"Sumario":{"('0146-PE-2001', 0)":"AL CONSEJERO DE EMBAJADA Y CONSUL GENERAL DO\u00d1A NORMA SUSANA FASANO.","('0146-PE-2001', 1)":null},"Palabra Clave":{"('0146-PE-2001', 0)":" ","('0146-PE-2001', 1)":null}}