{"Tipo de Proyecto":{"('0148-S-2001', 0)":"PROYECTO DE RESOLUCI\u00d3N","('0148-S-2001', 1)":null,"('0148-S-2001', 2)":null},"Iniciado en: ":{"('0148-S-2001', 0)":"Senado","('0148-S-2001', 1)":null,"('0148-S-2001', 2)":null},"Expediente Diputados: ":{"('0148-S-2001', 0)":"0148-S-2001","('0148-S-2001', 1)":null,"('0148-S-2001', 2)":null},"Expediente Senado: ":{"('0148-S-2001', 0)":"0100-OV-2000","('0148-S-2001', 1)":null,"('0148-S-2001', 2)":null},"Publicado en: ":{"('0148-S-2001', 0)":"Diario de Asuntos Entrados N\u00b0 0","('0148-S-2001', 1)":null,"('0148-S-2001', 2)":null},"Fecha: ":{"('0148-S-2001', 0)":"19\/07\/2001","('0148-S-2001', 1)":null,"('0148-S-2001', 2)":null},"T\u00edtulo":{"('0148-S-2001', 0)":"RESOLUCION REMITIDA POR LA AUDITORIA GENERAL DE LA NACION SOBRE ESTADOS FINANCIEROS DEL III PROYECTO DE PROTECCION SOCIAL, CONVENIO DE PRESTAMO 4366 AR - BIRF.","('0148-S-2001', 1)":null,"('0148-S-2001', 2)":null},"('Firmantes', 'FIRMANTE')":{"('0148-S-2001', 0)":"PARLAMENTARIA MIXTA REVISORA DE CUENTAS","('0148-S-2001', 1)":null,"('0148-S-2001', 2)":null},"('Firmantes', 'DISTRITO')":{"('0148-S-2001', 0)":null,"('0148-S-2001', 1)":null,"('0148-S-2001', 2)":null},"('Firmantes', 'BLOQUE')":{"('0148-S-2001', 0)":null,"('0148-S-2001', 1)":null,"('0148-S-2001', 2)":null},"('Giros', 'COMISI\u00d3N')":{"('0148-S-2001', 0)":"PARLAMENTARIA MIXTA REVISORA DE CUENTAS","('0148-S-2001', 1)":null,"('0148-S-2001', 2)":null},"('Tramites', 'C\u00c1MARA')":{"('0148-S-2001', 0)":"Senado","('0148-S-2001', 1)":"Diputados","('0148-S-2001', 2)":"Diputados"},"('Tramites', 'MOVIMIENTO')":{"('0148-S-2001', 0)":"CONSIDERACION Y APROBACION","('0148-S-2001', 1)":"PASA A DIPUTADOS -","('0148-S-2001', 2)":"CONSIDERACION Y APROBACION"},"('Tramites', 'FECHA')":{"('0148-S-2001', 0)":"08\/08\/2001","('0148-S-2001', 1)":null,"('0148-S-2001', 2)":"24\/10\/2001"},"('Tramites', 'RESULTADO')":{"('0148-S-2001', 0)":"APROBADO","('0148-S-2001', 1)":null,"('0148-S-2001', 2)":"APROBADO"},"Sumario":{"('0148-S-2001', 0)":"SOLICITUD AL PODER EJECUTIVO NACIONAL INFORME SOBRE LAS MEDIDAS ADOPTADAS PARA SUPERAR LAS OBSERVACIONES EFECTUADAS.","('0148-S-2001', 1)":null,"('0148-S-2001', 2)":null},"Palabra Clave":{"('0148-S-2001', 0)":" ","('0148-S-2001', 1)":null,"('0148-S-2001', 2)":null}}