{"Tipo de Proyecto":{"('0150-S-2001', 0)":"PROYECTO DE RESOLUCI\u00d3N","('0150-S-2001', 1)":null,"('0150-S-2001', 2)":null},"Iniciado en: ":{"('0150-S-2001', 0)":"Senado","('0150-S-2001', 1)":null,"('0150-S-2001', 2)":null},"Expediente Diputados: ":{"('0150-S-2001', 0)":"0150-S-2001","('0150-S-2001', 1)":null,"('0150-S-2001', 2)":null},"Expediente Senado: ":{"('0150-S-2001', 0)":"0099-OV-2000","('0150-S-2001', 1)":null,"('0150-S-2001', 2)":null},"Fecha: ":{"('0150-S-2001', 0)":"20\/07\/2001","('0150-S-2001', 1)":null,"('0150-S-2001', 2)":null},"T\u00edtulo":{"('0150-S-2001', 0)":"RESOLUCION 51\/00 DE LA AUDITORIA GENERAL DE LA NACION, APROBANDO EL INFORME SOBRE \"PROYECTO BOSQUES NATIVOS Y AREAS PROTEGIDAS\" CONVENIO DE PRESTAMO N\u00b0 4085- AR BIRF.","('0150-S-2001', 1)":null,"('0150-S-2001', 2)":null},"('Firmantes', 'FIRMANTE')":{"('0150-S-2001', 0)":"PARLAMENTARIA MIXTA REVISORA DE CUENTAS","('0150-S-2001', 1)":null,"('0150-S-2001', 2)":null},"('Firmantes', 'DISTRITO')":{"('0150-S-2001', 0)":null,"('0150-S-2001', 1)":null,"('0150-S-2001', 2)":null},"('Firmantes', 'BLOQUE')":{"('0150-S-2001', 0)":null,"('0150-S-2001', 1)":null,"('0150-S-2001', 2)":null},"('Giros', 'COMISI\u00d3N')":{"('0150-S-2001', 0)":"PARLAMENTARIA MIXTA REVISORA DE CUENTAS","('0150-S-2001', 1)":null,"('0150-S-2001', 2)":null},"('Tramites', 'C\u00c1MARA')":{"('0150-S-2001', 0)":"Senado","('0150-S-2001', 1)":"Diputados","('0150-S-2001', 2)":"Diputados"},"('Tramites', 'MOVIMIENTO')":{"('0150-S-2001', 0)":"CONSIDERACION Y APROBACION","('0150-S-2001', 1)":"PASA A DIPUTADOS -","('0150-S-2001', 2)":"CONSIDERACION Y APROBACION"},"('Tramites', 'FECHA')":{"('0150-S-2001', 0)":"08\/08\/2001","('0150-S-2001', 1)":null,"('0150-S-2001', 2)":"24\/10\/2001"},"('Tramites', 'RESULTADO')":{"('0150-S-2001', 0)":"APROBADO","('0150-S-2001', 1)":null,"('0150-S-2001', 2)":"APROBADO"},"Sumario":{"('0150-S-2001', 0)":"SOLICITUD AL PODER EJECUTIVO NACIONAL INFORME SOBRE LAS MEDIDAS ADOPTADAS PARA SUPERAR LAS OBSERVACIONES EFECTUADAS.","('0150-S-2001', 1)":null,"('0150-S-2001', 2)":null},"Palabra Clave":{"('0150-S-2001', 0)":" ","('0150-S-2001', 1)":null,"('0150-S-2001', 2)":null}}