{"Tipo de Proyecto":{"('0151-OV-2001', 0)":"PROYECTO DE RESOLUCI\u00d3N"},"Iniciado en: ":{"('0151-OV-2001', 0)":"Senado"},"Expediente Senado: ":{"('0151-OV-2001', 0)":"0151-OV-2001"},"Fecha: ":{"('0151-OV-2001', 0)":"03\/07\/2003"},"T\u00edtulo":{"('0151-OV-2001', 0)":"DICTAMEN EN LAS RESOLUCIONES REMITIDAS POR LA AUDITORIA GENERAL DE LA NACION SOBRE LOS ESTADOS FINANCIEROS AL 31 DE DICIEMBRE DE 2000 (0151-OV-01) Y 31 DE DE DICIEMBRE DE 2001 (0270-OV-02) DEL PROYECTO PNUD ARG\/99\/004, PROYECTO DE ASISTENCIA TECNICA PARA ATENDER LA PROBLEMATICA DEL A\u00d1O 2000 - CONVENIO DE PRESTAMO 4423 AR BIRF."},"('Firmantes', 'FIRMANTE')":{"('0151-OV-2001', 0)":"PARLAMENTARIA MIXTA REVISORA DE CUENTAS"},"('Firmantes', 'DISTRITO')":{"('0151-OV-2001', 0)":null},"('Firmantes', 'BLOQUE')":{"('0151-OV-2001', 0)":null},"('Giros', 'COMISI\u00d3N')":{"('0151-OV-2001', 0)":"PARLAMENTARIA MIXTA REVISORA DE CUENTAS"},"('Tramites', 'C\u00c1MARA')":{"('0151-OV-2001', 0)":"Senado"},"('Tramites', 'MOVIMIENTO')":{"('0151-OV-2001', 0)":"CONSIDERACION Y APROBACION (AL ARCHIVO)"},"('Tramites', 'FECHA')":{"('0151-OV-2001', 0)":"23\/07\/2003"},"('Tramites', 'RESULTADO')":{"('0151-OV-2001', 0)":"ARCHIVADO"},"Sumario":{"('0151-OV-2001', 0)":"HABIENDO TOMADO CONOCIMIENTO DE LOS MISMOS Y SIN PERJUICIO DE ULTERIORES MEDIDAS QUE PUDIERAN ADOPTARSE, SE ACONSEJA SU REMISION AL ARCHIVO."},"Palabra Clave":{"('0151-OV-2001', 0)":" "}}