{"Tipo de Proyecto":{"('0153-S-2001', 0)":"PROYECTO DE RESOLUCI\u00d3N","('0153-S-2001', 1)":null,"('0153-S-2001', 2)":null},"Iniciado en: ":{"('0153-S-2001', 0)":"Senado","('0153-S-2001', 1)":null,"('0153-S-2001', 2)":null},"Expediente Diputados: ":{"('0153-S-2001', 0)":"0153-S-2001","('0153-S-2001', 1)":null,"('0153-S-2001', 2)":null},"Expediente Senado: ":{"('0153-S-2001', 0)":"0095-OV-2000","('0153-S-2001', 1)":null,"('0153-S-2001', 2)":null},"Fecha: ":{"('0153-S-2001', 0)":"23\/07\/2001","('0153-S-2001', 1)":null,"('0153-S-2001', 2)":null},"T\u00edtulo":{"('0153-S-2001', 0)":"RESOLUCION N\u00b0 51\/00 DE LA AUDITORIA GENERAL DE LA NACION SOBRE EL SEGUNDO PROYECTO DE PROTECCION SOCIAL - CONVENIO DE PRESTAMO N\u00b0 4195 - AR BIRF.","('0153-S-2001', 1)":null,"('0153-S-2001', 2)":null},"('Firmantes', 'FIRMANTE')":{"('0153-S-2001', 0)":"PARLAMENTARIA MIXTA REVISORA DE CUENTAS","('0153-S-2001', 1)":null,"('0153-S-2001', 2)":null},"('Firmantes', 'DISTRITO')":{"('0153-S-2001', 0)":null,"('0153-S-2001', 1)":null,"('0153-S-2001', 2)":null},"('Firmantes', 'BLOQUE')":{"('0153-S-2001', 0)":null,"('0153-S-2001', 1)":null,"('0153-S-2001', 2)":null},"('Giros', 'COMISI\u00d3N')":{"('0153-S-2001', 0)":"PARLAMENTARIA MIXTA REVISORA DE CUENTAS","('0153-S-2001', 1)":null,"('0153-S-2001', 2)":null},"('Tramites', 'C\u00c1MARA')":{"('0153-S-2001', 0)":"Senado","('0153-S-2001', 1)":"Diputados","('0153-S-2001', 2)":"Diputados"},"('Tramites', 'MOVIMIENTO')":{"('0153-S-2001', 0)":"CONSIDERACION Y APROBACION","('0153-S-2001', 1)":"PASA A DIPUTADOS -","('0153-S-2001', 2)":"CONSIDERACION Y APROBACION"},"('Tramites', 'FECHA')":{"('0153-S-2001', 0)":"08\/08\/2001","('0153-S-2001', 1)":null,"('0153-S-2001', 2)":"24\/10\/2001"},"('Tramites', 'RESULTADO')":{"('0153-S-2001', 0)":"APROBADO","('0153-S-2001', 1)":null,"('0153-S-2001', 2)":"APROBADO"},"Sumario":{"('0153-S-2001', 0)":"SOLICITUD AL PODER EJECUTIVO NACIONAL INFORME SOBRE LAS MEDIDAS ADOPTADAS PARA SUPERAR LAS OBSERVACIONES EFECTUADAS.","('0153-S-2001', 1)":null,"('0153-S-2001', 2)":null},"Palabra Clave":{"('0153-S-2001', 0)":" ","('0153-S-2001', 1)":null,"('0153-S-2001', 2)":null}}