{"Tipo de Proyecto":{"('0153-PE-2001', 0)":"MENSAJE NRO: 0703\/01","('0153-PE-2001', 1)":null},"Iniciado en: ":{"('0153-PE-2001', 0)":"Senado","('0153-PE-2001', 1)":null},"Expediente Senado: ":{"('0153-PE-2001', 0)":"0153-PE-2001","('0153-PE-2001', 1)":null},"Publicado en: ":{"('0153-PE-2001', 0)":"DAE S.A. N\u00b0 10","('0153-PE-2001', 1)":null},"Fecha: ":{"('0153-PE-2001', 0)":"31\/05\/2001","('0153-PE-2001', 1)":null},"T\u00edtulo":{"('0153-PE-2001', 0)":"SOLICITA ACUERDO PARA DESIGNAR DEFENSOR PUBLICO OFICIAL ADJUNTO DE LA DEFENSORIA GENERAL DE LA NACION, EN LOS TERMINOS DEL ARTICULO 5 DE LA LEY 24946.","('0153-PE-2001', 1)":null},"('Firmantes', 'FIRMANTE')":{"('0153-PE-2001', 0)":"DE LA RUA, FERNANDO","('0153-PE-2001', 1)":"DE LA RUA, JORGE"},"('Firmantes', 'DISTRITO')":{"('0153-PE-2001', 0)":null,"('0153-PE-2001', 1)":null},"('Firmantes', 'BLOQUE')":{"('0153-PE-2001', 0)":"PODER EJECUTIVO","('0153-PE-2001', 1)":"PODER EJECUTIVO"},"('Tramites', 'C\u00c1MARA')":{"('0153-PE-2001', 0)":"Senado","('0153-PE-2001', 1)":null},"('Tramites', 'MOVIMIENTO')":{"('0153-PE-2001', 0)":"CONSIDERACION Y APROBACION","('0153-PE-2001', 1)":null},"('Tramites', 'FECHA')":{"('0153-PE-2001', 0)":"27\/06\/2001","('0153-PE-2001', 1)":null},"('Tramites', 'RESULTADO')":{"('0153-PE-2001', 0)":"APROBADO","('0153-PE-2001', 1)":null},"Sumario":{"('0153-PE-2001', 0)":"A LA DOCTORA PAMELA BISSERIER DIAZ.","('0153-PE-2001', 1)":null},"Palabra Clave":{"('0153-PE-2001', 0)":" ","('0153-PE-2001', 1)":null}}