{"Tipo de Proyecto":{"('0155-S-2001', 0)":"PROYECTO DE RESOLUCI\u00d3N","('0155-S-2001', 1)":null,"('0155-S-2001', 2)":null},"Iniciado en: ":{"('0155-S-2001', 0)":"Senado","('0155-S-2001', 1)":null,"('0155-S-2001', 2)":null},"Expediente Diputados: ":{"('0155-S-2001', 0)":"0155-S-2001","('0155-S-2001', 1)":null,"('0155-S-2001', 2)":null},"Expediente Senado: ":{"('0155-S-2001', 0)":"0063-OV-2000","('0155-S-2001', 1)":null,"('0155-S-2001', 2)":null},"Publicado en: ":{"('0155-S-2001', 0)":"Diario de Asuntos Entrados N\u00b0 0","('0155-S-2001', 1)":null,"('0155-S-2001', 2)":null},"Fecha: ":{"('0155-S-2001', 0)":"23\/06\/2001","('0155-S-2001', 1)":null,"('0155-S-2001', 2)":null},"T\u00edtulo":{"('0155-S-2001', 0)":"RESOLUCION REMITIDA POR LA AUDITORIA GENERAL DE LA NACION SOBRE AUDITORIA DE GESTION EN EL MINISTERIO DE TRABAJO, EMPLEO Y FORMACION DE RECURSOS HUMANOS.","('0155-S-2001', 1)":null,"('0155-S-2001', 2)":null},"('Firmantes', 'FIRMANTE')":{"('0155-S-2001', 0)":"PARLAMENTARIA MIXTA REVISORA DE CUENTAS","('0155-S-2001', 1)":null,"('0155-S-2001', 2)":null},"('Firmantes', 'DISTRITO')":{"('0155-S-2001', 0)":null,"('0155-S-2001', 1)":null,"('0155-S-2001', 2)":null},"('Firmantes', 'BLOQUE')":{"('0155-S-2001', 0)":null,"('0155-S-2001', 1)":null,"('0155-S-2001', 2)":null},"('Giros', 'COMISI\u00d3N')":{"('0155-S-2001', 0)":"PARLAMENTARIA MIXTA REVISORA DE CUENTAS","('0155-S-2001', 1)":null,"('0155-S-2001', 2)":null},"('Tramites', 'C\u00c1MARA')":{"('0155-S-2001', 0)":"Senado","('0155-S-2001', 1)":"Diputados","('0155-S-2001', 2)":"Diputados"},"('Tramites', 'MOVIMIENTO')":{"('0155-S-2001', 0)":"CONSIDERACION Y APROBACION","('0155-S-2001', 1)":"PASA A DIPUTADOS -","('0155-S-2001', 2)":"CONSIDERACION Y APROBACION"},"('Tramites', 'FECHA')":{"('0155-S-2001', 0)":"08\/08\/2001","('0155-S-2001', 1)":null,"('0155-S-2001', 2)":"24\/10\/2001"},"('Tramites', 'RESULTADO')":{"('0155-S-2001', 0)":"APROBADO","('0155-S-2001', 1)":null,"('0155-S-2001', 2)":"APROBADO"},"Sumario":{"('0155-S-2001', 0)":"SOLICITUD AL PODER EJECUTIVO NACIONAL INFORME SOBRE LAS MEDIDAS ADOPTADAS PARA SUPERAR LAS OBSERVACIONES EFECTUADAS Y SOBRE LAS MEDIDAS ADOPTADAS A LOS EFECTOS DE LA IDENTIFICACION DE LOS EVENTUALES PERJUICIOS QUE PUDIESEN HABERSE DERIVADO PARA EL ESTADO NACIONAL.","('0155-S-2001', 1)":null,"('0155-S-2001', 2)":null},"Palabra Clave":{"('0155-S-2001', 0)":" ","('0155-S-2001', 1)":null,"('0155-S-2001', 2)":null}}