{"Tipo de Proyecto":{"('0156-S-2001', 0)":"PROYECTO DE RESOLUCI\u00d3N","('0156-S-2001', 1)":null,"('0156-S-2001', 2)":null},"Iniciado en: ":{"('0156-S-2001', 0)":"Senado","('0156-S-2001', 1)":null,"('0156-S-2001', 2)":null},"Expediente Diputados: ":{"('0156-S-2001', 0)":"0156-S-2001","('0156-S-2001', 1)":null,"('0156-S-2001', 2)":null},"Expediente Senado: ":{"('0156-S-2001', 0)":"0019-OV-2000","('0156-S-2001', 1)":null,"('0156-S-2001', 2)":null},"Publicado en: ":{"('0156-S-2001', 0)":"Diario de Asuntos Entrados N\u00b0 0","('0156-S-2001', 1)":null,"('0156-S-2001', 2)":null},"Fecha: ":{"('0156-S-2001', 0)":"23\/06\/2001","('0156-S-2001', 1)":null,"('0156-S-2001', 2)":null},"T\u00edtulo":{"('0156-S-2001', 0)":"RESOLUCION REMITIDA POR LA AUDITORIA GENERAL DE LA NACION SOBRE ESTADO FINANCIEROS DEL PROGRAMA DE RECONVERSION EMPRESARIAL PARA LAS EXPORTACIONES, CONVENIO DE PRESTAMO 3960 - AR BIRF.","('0156-S-2001', 1)":null,"('0156-S-2001', 2)":null},"('Firmantes', 'FIRMANTE')":{"('0156-S-2001', 0)":"PARLAMENTARIA MIXTA REVISORA DE CUENTAS","('0156-S-2001', 1)":null,"('0156-S-2001', 2)":null},"('Firmantes', 'DISTRITO')":{"('0156-S-2001', 0)":null,"('0156-S-2001', 1)":null,"('0156-S-2001', 2)":null},"('Firmantes', 'BLOQUE')":{"('0156-S-2001', 0)":null,"('0156-S-2001', 1)":null,"('0156-S-2001', 2)":null},"('Giros', 'COMISI\u00d3N')":{"('0156-S-2001', 0)":"PARLAMENTARIA MIXTA REVISORA DE CUENTAS","('0156-S-2001', 1)":null,"('0156-S-2001', 2)":null},"('Tramites', 'C\u00c1MARA')":{"('0156-S-2001', 0)":"Senado","('0156-S-2001', 1)":"Diputados","('0156-S-2001', 2)":"Diputados"},"('Tramites', 'MOVIMIENTO')":{"('0156-S-2001', 0)":"CONSIDERACION Y APROBACION","('0156-S-2001', 1)":"PASA A DIPUTADOS -","('0156-S-2001', 2)":"CONSIDERACION Y APROBACION"},"('Tramites', 'FECHA')":{"('0156-S-2001', 0)":"08\/08\/2001","('0156-S-2001', 1)":null,"('0156-S-2001', 2)":"24\/10\/2001"},"('Tramites', 'RESULTADO')":{"('0156-S-2001', 0)":"APROBADO","('0156-S-2001', 1)":null,"('0156-S-2001', 2)":"APROBADO"},"Sumario":{"('0156-S-2001', 0)":"SOLICITUD AL PODER EJECUTIVO NACIONAL INFORME SOBRE LAS MEDIDAS ADOPTADAS PARA SUPERAR LAS OBSERVACIONES EFECTUADAS.","('0156-S-2001', 1)":null,"('0156-S-2001', 2)":null},"Palabra Clave":{"('0156-S-2001', 0)":" ","('0156-S-2001', 1)":null,"('0156-S-2001', 2)":null}}