{"Tipo de Proyecto":{"('0159-S-2001', 0)":"COMUNICACION"},"Iniciado en: ":{"('0159-S-2001', 0)":"Senado"},"Expediente Senado: ":{"('0159-S-2001', 0)":"0159-S-2001"},"Publicado en: ":{"('0159-S-2001', 0)":"Diario de Asuntos Entrados N\u00b0 9"},"Fecha: ":{"('0159-S-2001', 0)":"15\/03\/2001"},"T\u00edtulo":{"('0159-S-2001', 0)":"PEDIDO DE INFORMES: SOBRE LA CONSTRUCCION DE UNA LINEA DE ALTA TENSION DESDE LA ESTACION TRANSFORMADORA RINCONO DE SANTA MARIA, ITUZAINGO, PROVINCIA DE CORRIENTES, HASTA LA LOCALIDAD BRASILE\u00d1A DE GARABI, PARA EXPORTAR ENERGIA DE YACYRETA A LA REPUBLICA FEDERATIVA DEL BRASIL."},"('Firmantes', 'FIRMANTE')":{"('0159-S-2001', 0)":"ROMERO FERIS, JOSE ANTONIO"},"('Firmantes', 'DISTRITO')":{"('0159-S-2001', 0)":"CORRIENTES"},"('Firmantes', 'BLOQUE')":{"('0159-S-2001', 0)":"AUTONOMISTA"},"Sumario":{"('0159-S-2001', 0)":"SOLICITUD AL PODER EJECUTIVO NACIONAL."},"Palabra Clave":{"('0159-S-2001', 0)":" "}}