{"Tipo de Proyecto":{"('0160-S-2001', 0)":"PROYECTO DE LEY","('0160-S-2001', 1)":null,"('0160-S-2001', 2)":null,"('0160-S-2001', 3)":null,"('0160-S-2001', 4)":null,"('0160-S-2001', 5)":null,"('0160-S-2001', 6)":null,"('0160-S-2001', 7)":null,"('0160-S-2001', 8)":null,"('0160-S-2001', 9)":null},"Iniciado en: ":{"('0160-S-2001', 0)":"Senado","('0160-S-2001', 1)":null,"('0160-S-2001', 2)":null,"('0160-S-2001', 3)":null,"('0160-S-2001', 4)":null,"('0160-S-2001', 5)":null,"('0160-S-2001', 6)":null,"('0160-S-2001', 7)":null,"('0160-S-2001', 8)":null,"('0160-S-2001', 9)":null},"Expediente Diputados: ":{"('0160-S-2001', 0)":"0160-S-2001","('0160-S-2001', 1)":null,"('0160-S-2001', 2)":null,"('0160-S-2001', 3)":null,"('0160-S-2001', 4)":null,"('0160-S-2001', 5)":null,"('0160-S-2001', 6)":null,"('0160-S-2001', 7)":null,"('0160-S-2001', 8)":null,"('0160-S-2001', 9)":null},"Expediente Senado: ":{"('0160-S-2001', 0)":"0807-S-2000","('0160-S-2001', 1)":null,"('0160-S-2001', 2)":null,"('0160-S-2001', 3)":null,"('0160-S-2001', 4)":null,"('0160-S-2001', 5)":null,"('0160-S-2001', 6)":null,"('0160-S-2001', 7)":null,"('0160-S-2001', 8)":null,"('0160-S-2001', 9)":null},"Publicado en: ":{"('0160-S-2001', 0)":"Diario de Asuntos Entrados N\u00b0 43","('0160-S-2001', 1)":null,"('0160-S-2001', 2)":null,"('0160-S-2001', 3)":null,"('0160-S-2001', 4)":null,"('0160-S-2001', 5)":null,"('0160-S-2001', 6)":null,"('0160-S-2001', 7)":null,"('0160-S-2001', 8)":null,"('0160-S-2001', 9)":null},"Fecha: ":{"('0160-S-2001', 0)":"10\/05\/2000","('0160-S-2001', 1)":null,"('0160-S-2001', 2)":null,"('0160-S-2001', 3)":null,"('0160-S-2001', 4)":null,"('0160-S-2001', 5)":null,"('0160-S-2001', 6)":null,"('0160-S-2001', 7)":null,"('0160-S-2001', 8)":null,"('0160-S-2001', 9)":null},"T\u00edtulo":{"('0160-S-2001', 0)":"PROTECCION DEL PATRIMONIO ARQUEOLOGICO Y PALEONTOLOGICO.","('0160-S-2001', 1)":null,"('0160-S-2001', 2)":null,"('0160-S-2001', 3)":null,"('0160-S-2001', 4)":null,"('0160-S-2001', 5)":null,"('0160-S-2001', 6)":null,"('0160-S-2001', 7)":null,"('0160-S-2001', 8)":null,"('0160-S-2001', 9)":null},"('Firmantes', 'FIRMANTE')":{"('0160-S-2001', 0)":"MELGAREJO, JUAN IGNACIO","('0160-S-2001', 1)":"DE LA ROSA, CARLOS LEONARDO","('0160-S-2001', 2)":null,"('0160-S-2001', 3)":null,"('0160-S-2001', 4)":null,"('0160-S-2001', 5)":null,"('0160-S-2001', 6)":null,"('0160-S-2001', 7)":null,"('0160-S-2001', 8)":null,"('0160-S-2001', 9)":null},"('Firmantes', 'DISTRITO')":{"('0160-S-2001', 0)":"SANTA CRUZ","('0160-S-2001', 1)":"MENDOZA","('0160-S-2001', 2)":null,"('0160-S-2001', 3)":null,"('0160-S-2001', 4)":null,"('0160-S-2001', 5)":null,"('0160-S-2001', 6)":null,"('0160-S-2001', 7)":null,"('0160-S-2001', 8)":null,"('0160-S-2001', 9)":null},"('Firmantes', 'BLOQUE')":{"('0160-S-2001', 0)":"UCR","('0160-S-2001', 1)":"JUSTICIALISTA","('0160-S-2001', 2)":null,"('0160-S-2001', 3)":null,"('0160-S-2001', 4)":null,"('0160-S-2001', 5)":null,"('0160-S-2001', 6)":null,"('0160-S-2001', 7)":null,"('0160-S-2001', 8)":null,"('0160-S-2001', 9)":null},"('Giros', 'COMISI\u00d3N')":{"('0160-S-2001', 0)":"CULTURA","('0160-S-2001', 1)":"CIENCIA Y TECNOLOGIA","('0160-S-2001', 2)":"PRESUPUESTO Y HACIENDA","('0160-S-2001', 3)":null,"('0160-S-2001', 4)":null,"('0160-S-2001', 5)":null,"('0160-S-2001', 6)":null,"('0160-S-2001', 7)":null,"('0160-S-2001', 8)":null,"('0160-S-2001', 9)":null},"('Tramites', 'C\u00c1MARA')":{"('0160-S-2001', 0)":"Senado","('0160-S-2001', 1)":"Senado","('0160-S-2001', 2)":"Diputados","('0160-S-2001', 3)":"Diputados","('0160-S-2001', 4)":"Diputados","('0160-S-2001', 5)":"Diputados","('0160-S-2001', 6)":"Senado","('0160-S-2001', 7)":"Senado","('0160-S-2001', 8)":"Senado","('0160-S-2001', 9)":"Senado"},"('Tramites', 'MOVIMIENTO')":{"('0160-S-2001', 0)":"CONSIDERACION Y APROBACION CON MODIFICACIONES","('0160-S-2001', 1)":"INSERCION","('0160-S-2001', 2)":"PASA A DIPUTADOS - (TP 115)","('0160-S-2001', 3)":"MOCION SOBRE TABLAS (AFIRMATIVA)","('0160-S-2001', 4)":"CONSIDERACION Y APROBACION","('0160-S-2001', 5)":"SOLICITUD DE GIRO INMEDIATO AL SENADO","('0160-S-2001', 6)":"VUELVE A SENADO - (DAE 331)","('0160-S-2001', 7)":"FE DE ERRATAS (0015-CD-03) (DAE 46\/03)","('0160-S-2001', 8)":"MOCION SOBRE TABLAS (AFIRMATIVA)","('0160-S-2001', 9)":"CONSIDERACION Y SANCION (INSISTENCIA EN ARTICULO 2, ACEPTACION DE LAS DEMAS MODIFICACIONES INTRODUCIDAS POR DIPUTADOS)"},"('Tramites', 'FECHA')":{"('0160-S-2001', 0)":"08\/08\/2001","('0160-S-2001', 1)":"08\/08\/2001","('0160-S-2001', 2)":null,"('0160-S-2001', 3)":"28\/11\/2002","('0160-S-2001', 4)":"28\/11\/2002","('0160-S-2001', 5)":"28\/11\/2002","('0160-S-2001', 6)":null,"('0160-S-2001', 7)":null,"('0160-S-2001', 8)":"04\/06\/2003","('0160-S-2001', 9)":"04\/06\/2003"},"('Tramites', 'RESULTADO')":{"('0160-S-2001', 0)":"MEDIA SANCION","('0160-S-2001', 1)":null,"('0160-S-2001', 2)":null,"('0160-S-2001', 3)":null,"('0160-S-2001', 4)":"MEDIA SANCION","('0160-S-2001', 5)":null,"('0160-S-2001', 6)":null,"('0160-S-2001', 7)":null,"('0160-S-2001', 8)":null,"('0160-S-2001', 9)":"SANCIONADO"},"Sumario":{"('0160-S-2001', 0)":"OBJETIVOS Y BIENES ARQUEOLOGICOS Y PALEONTOLOGICOS; REGISTRO OFICIAL DE YACIMIENTOS ARQUEOLOGICOS Y PALEONTOLOGICOS; REGISTRO OFICIAL DE COLECCIONES U OBJETOS ARQUEOLOGICOS O RESTOS PALEONTOLOGICOS; CONCESIONES; LIMITACIONES A LA PROPIEDAD PARTICULAR; INFRACCIONES Y SANCIONES; TRASLADOS DE OBJETOS ARQUEOLOGICOS Y PALEONTOLOGICOS; PROTECCION ESPECIAL DE LOS MATERIALES TIPO PALEONTOLOGICOS; FINANCIAMIENTO; DISPOSICIONES COMPLEMENTARIAS.","('0160-S-2001', 1)":null,"('0160-S-2001', 2)":null,"('0160-S-2001', 3)":null,"('0160-S-2001', 4)":null,"('0160-S-2001', 5)":null,"('0160-S-2001', 6)":null,"('0160-S-2001', 7)":null,"('0160-S-2001', 8)":null,"('0160-S-2001', 9)":null},"Palabra Clave":{"('0160-S-2001', 0)":" ","('0160-S-2001', 1)":null,"('0160-S-2001', 2)":null,"('0160-S-2001', 3)":null,"('0160-S-2001', 4)":null,"('0160-S-2001', 5)":null,"('0160-S-2001', 6)":null,"('0160-S-2001', 7)":null,"('0160-S-2001', 8)":null,"('0160-S-2001', 9)":null}}