{"Tipo de Proyecto":{"('0162-S-2001', 0)":"PROYECTO DE LEY"},"Iniciado en: ":{"('0162-S-2001', 0)":"Senado"},"Expediente Senado: ":{"('0162-S-2001', 0)":"0162-S-2001"},"Publicado en: ":{"('0162-S-2001', 0)":"Diario de Asuntos Entrados N\u00b0 9"},"Fecha: ":{"('0162-S-2001', 0)":"15\/03\/2001"},"T\u00edtulo":{"('0162-S-2001', 0)":"REGIMEN DE SUPLENCIAS PARA LA JUSTICIA FEDERAL (REPRODUCCION DEL EXPEDIENTE 2321-S-99)."},"('Firmantes', 'FIRMANTE')":{"('0162-S-2001', 0)":"BRANDA, RICARDO A."},"('Firmantes', 'DISTRITO')":{"('0162-S-2001', 0)":"FORMOSA"},"('Firmantes', 'BLOQUE')":{"('0162-S-2001', 0)":"JUSTICIALISTA"},"Sumario":{"('0162-S-2001', 0)":"ORDEN DE SUPLENCIAS; ORDEN DE PRELACION; DEROGACION DE LA LEY 20581."},"Palabra Clave":{"('0162-S-2001', 0)":" "}}