{"Tipo de Proyecto":{"('0166-S-2001', 0)":"PROYECTO DE DECLARACI\u00d3N"},"Iniciado en: ":{"('0166-S-2001', 0)":"Senado"},"Expediente Senado: ":{"('0166-S-2001', 0)":"0166-S-2001"},"Publicado en: ":{"('0166-S-2001', 0)":"Diario de Asuntos Entrados N\u00b0 10"},"Fecha: ":{"('0166-S-2001', 0)":"16\/03\/2001"},"T\u00edtulo":{"('0166-S-2001', 0)":"PROYECTO EDUCATIVO \" JOVENES DE HOY , FUTURO DEL PAIS \" A DESARROLLARSE EN CONCORDIA, ENTRE RIOS, CONDUCIDO POR LA SE\u00d1ORA SARA MONICA SAAVEDRA."},"('Firmantes', 'FIRMANTE')":{"('0166-S-2001', 0)":"LOPEZ, ALCIDES HUMBERTO"},"('Firmantes', 'DISTRITO')":{"('0166-S-2001', 0)":"ENTRE RIOS"},"('Firmantes', 'BLOQUE')":{"('0166-S-2001', 0)":"UCR"},"('Tramites', 'C\u00c1MARA')":{"('0166-S-2001', 0)":"Senado"},"('Tramites', 'MOVIMIENTO')":{"('0166-S-2001', 0)":"CONSIDERACION Y APROBACION"},"('Tramites', 'FECHA')":{"('0166-S-2001', 0)":"18\/07\/2001"},"('Tramites', 'RESULTADO')":{"('0166-S-2001', 0)":"APROBADO"},"Sumario":{"('0166-S-2001', 0)":"DECLARACION DE INTERES PARLAMENTARIO."},"Palabra Clave":{"('0166-S-2001', 0)":" "}}