{"Tipo de Proyecto":{"('0168-S-2001', 0)":"PROYECTO DE LEY","('0168-S-2001', 1)":null,"('0168-S-2001', 2)":null},"Iniciado en: ":{"('0168-S-2001', 0)":"Senado","('0168-S-2001', 1)":null,"('0168-S-2001', 2)":null},"Expediente Diputados: ":{"('0168-S-2001', 0)":"0168-S-2001","('0168-S-2001', 1)":null,"('0168-S-2001', 2)":null},"Expediente Senado: ":{"('0168-S-2001', 0)":"0419-S-2001","('0168-S-2001', 1)":null,"('0168-S-2001', 2)":null},"Publicado en: ":{"('0168-S-2001', 0)":"Diario de Asuntos Entrados N\u00b0 29","('0168-S-2001', 1)":null,"('0168-S-2001', 2)":null},"Fecha: ":{"('0168-S-2001', 0)":"27\/04\/2001","('0168-S-2001', 1)":null,"('0168-S-2001', 2)":null},"T\u00edtulo":{"('0168-S-2001', 0)":"CREACION DEL PARQUE NACIONAL EL LEONCITO.","('0168-S-2001', 1)":null,"('0168-S-2001', 2)":null},"('Firmantes', 'FIRMANTE')":{"('0168-S-2001', 0)":"GIOJA, JOSE LUIS","('0168-S-2001', 1)":null,"('0168-S-2001', 2)":null},"('Firmantes', 'DISTRITO')":{"('0168-S-2001', 0)":"SAN JUAN","('0168-S-2001', 1)":null,"('0168-S-2001', 2)":null},"('Firmantes', 'BLOQUE')":{"('0168-S-2001', 0)":"JUSTICIALISTA","('0168-S-2001', 1)":null,"('0168-S-2001', 2)":null},"('Giros', 'COMISI\u00d3N')":{"('0168-S-2001', 0)":"LEGISLACION GENERAL","('0168-S-2001', 1)":"RECURSOS NATURALES Y CONSERVACION DEL AMBIENTE HUMANO","('0168-S-2001', 2)":null},"('Tramites', 'C\u00c1MARA')":{"('0168-S-2001', 0)":"Senado","('0168-S-2001', 1)":"Diputados","('0168-S-2001', 2)":"Diputados"},"('Tramites', 'MOVIMIENTO')":{"('0168-S-2001', 0)":"CONSIDERACION Y APROBACION","('0168-S-2001', 1)":"PASA A DIPUTADOS - (TP 115)","('0168-S-2001', 2)":"CONSIDERACION Y SANCION"},"('Tramites', 'FECHA')":{"('0168-S-2001', 0)":"08\/08\/2001","('0168-S-2001', 1)":null,"('0168-S-2001', 2)":"18\/09\/2002"},"('Tramites', 'RESULTADO')":{"('0168-S-2001', 0)":"MEDIA SANCION","('0168-S-2001', 1)":null,"('0168-S-2001', 2)":"SANCIONADO"},"Sumario":{"('0168-S-2001', 0)":"ACEPTACION DE LA CESION DEL TERRITORIO EFECTUADA POR LA PROVINCIA DE SAN JUAN AL ESTADO NACIONAL; A PARTIR DE LA PROMULGACION DE LA PRESENTE LEY QUEDARA SOMETIDO AL REGIMEN DE LA LEY 22351, DE PARQUES NACIONALES.","('0168-S-2001', 1)":null,"('0168-S-2001', 2)":null},"Palabra Clave":{"('0168-S-2001', 0)":" ","('0168-S-2001', 1)":null,"('0168-S-2001', 2)":null}}