{"Tipo de Proyecto":{"('0169-S-2001', 0)":"PROYECTO DE DECLARACI\u00d3N"},"Iniciado en: ":{"('0169-S-2001', 0)":"Senado"},"Expediente Senado: ":{"('0169-S-2001', 0)":"0169-S-2001"},"Publicado en: ":{"('0169-S-2001', 0)":"Diario de Asuntos Entrados N\u00b0 10"},"Fecha: ":{"('0169-S-2001', 0)":"16\/03\/2001"},"T\u00edtulo":{"('0169-S-2001', 0)":"I CONGRESO LATINOAMERICANO DE DISCAPACIDAD EN PEDIATRIA Y EL I CONGRESO ARGENTINO DE DISCAPACIDAD EN PEDIATRIA ORGANIZADO POR LA ASOCIACION LATINOAMERICANA DE PEDIATRIA (ALAPE) Y LA SOCIEDAD ARGENTINA DE PEDIATRIA, A REALIZARSE DEL 13 AL 16\/06\/2001 EN LA CIUDAD DE BUENOS AIRES."},"('Firmantes', 'FIRMANTE')":{"('0169-S-2001', 0)":"PRUYAS, TOMAS RUBEN"},"('Firmantes', 'DISTRITO')":{"('0169-S-2001', 0)":"CORRIENTES"},"('Firmantes', 'BLOQUE')":{"('0169-S-2001', 0)":"JUSTICIALISTA"},"('Tramites', 'C\u00c1MARA')":{"('0169-S-2001', 0)":"Senado"},"('Tramites', 'MOVIMIENTO')":{"('0169-S-2001', 0)":"CONSIDERACION Y APROBACION"},"('Tramites', 'FECHA')":{"('0169-S-2001', 0)":"13\/06\/2001"},"('Tramites', 'RESULTADO')":{"('0169-S-2001', 0)":"APROBADO"},"Sumario":{"('0169-S-2001', 0)":"DECLARACION DE INTERES PARLAMENTARIO."},"Palabra Clave":{"('0169-S-2001', 0)":" "}}