{"Tipo de Proyecto":{"('0170-S-2001', 0)":"PROYECTO DE DECLARACI\u00d3N"},"Iniciado en: ":{"('0170-S-2001', 0)":"Senado"},"Expediente Senado: ":{"('0170-S-2001', 0)":"0170-S-2001"},"Publicado en: ":{"('0170-S-2001', 0)":"Diario de Asuntos Entrados N\u00b0 10"},"Fecha: ":{"('0170-S-2001', 0)":"16\/03\/2001"},"T\u00edtulo":{"('0170-S-2001', 0)":"25 ANIVERSARIO DEL GOLPE MILITAR DEL 24 DE MARZO DE 1976."},"('Firmantes', 'FIRMANTE')":{"('0170-S-2001', 0)":"PRUYAS, TOMAS RUBEN"},"('Firmantes', 'DISTRITO')":{"('0170-S-2001', 0)":"CORRIENTES"},"('Firmantes', 'BLOQUE')":{"('0170-S-2001', 0)":"JUSTICIALISTA"},"Sumario":{"('0170-S-2001', 0)":"EXPRESION DE REPUDIO."},"Palabra Clave":{"('0170-S-2001', 0)":" "}}