{"Tipo de Proyecto":{"('0172-S-2001', 0)":"COMUNICACION","('0172-S-2001', 1)":null},"Iniciado en: ":{"('0172-S-2001', 0)":"Senado","('0172-S-2001', 1)":null},"Expediente Senado: ":{"('0172-S-2001', 0)":"0172-S-2001","('0172-S-2001', 1)":null},"Publicado en: ":{"('0172-S-2001', 0)":"Diario de Asuntos Entrados N\u00b0 10","('0172-S-2001', 1)":null},"Fecha: ":{"('0172-S-2001', 0)":"16\/03\/2001","('0172-S-2001', 1)":null},"T\u00edtulo":{"('0172-S-2001', 0)":"PEDIDO DE INFORMES: SOBRE LA DEMORA EN LA ENTREGA DE LAS DOSIS DE VACUNA ANTITETANICA 'DTP' PARA LA PROVINCIA DE MISIONES ","('0172-S-2001', 1)":null},"('Firmantes', 'FIRMANTE')":{"('0172-S-2001', 0)":"OUDIN, ERNESTO RENE","('0172-S-2001', 1)":null},"('Firmantes', 'DISTRITO')":{"('0172-S-2001', 0)":"MISIONES","('0172-S-2001', 1)":null},"('Firmantes', 'BLOQUE')":{"('0172-S-2001', 0)":"JUSTICIALISTA","('0172-S-2001', 1)":null},"('Tramites', 'C\u00c1MARA')":{"('0172-S-2001', 0)":"Senado","('0172-S-2001', 1)":"Senado"},"('Tramites', 'MOVIMIENTO')":{"('0172-S-2001', 0)":"CONSIDERACION Y APROBACION","('0172-S-2001', 1)":"CONTESTACION DEL PODER EJECUTIVO NACIONAL - (0741-PE-01); GIRADA A LA COMISION RESPECTIVA"},"('Tramites', 'FECHA')":{"('0172-S-2001', 0)":"23\/05\/2001","('0172-S-2001', 1)":null},"('Tramites', 'RESULTADO')":{"('0172-S-2001', 0)":"APROBADO","('0172-S-2001', 1)":null},"Sumario":{"('0172-S-2001', 0)":"SOLICITUD AL PODER EJECUTIVO NACIONAL.","('0172-S-2001', 1)":null},"Palabra Clave":{"('0172-S-2001', 0)":" ","('0172-S-2001', 1)":null}}