{"Tipo de Proyecto":{"('0173-PE-2001', 0)":"MENSAJE NRO: 0748\/01","('0173-PE-2001', 1)":null},"Iniciado en: ":{"('0173-PE-2001', 0)":"Senado","('0173-PE-2001', 1)":null},"Expediente Senado: ":{"('0173-PE-2001', 0)":"0173-PE-2001","('0173-PE-2001', 1)":null},"Publicado en: ":{"('0173-PE-2001', 0)":"DAE S.A. N\u00b0 11","('0173-PE-2001', 1)":null},"Fecha: ":{"('0173-PE-2001', 0)":"06\/06\/2001","('0173-PE-2001', 1)":null},"T\u00edtulo":{"('0173-PE-2001', 0)":"SOLICITAR ACUERDO PARA DESIGNAR JUEZ NACIONAL DE PRIMERA INSTANCIA EN LO COMERCIAL NUMERO 16 DE LA CAPITAL FEDERAL.","('0173-PE-2001', 1)":null},"('Firmantes', 'FIRMANTE')":{"('0173-PE-2001', 0)":"DE LA RUA, FERNANDO","('0173-PE-2001', 1)":"DELICH, ANDRES G"},"('Firmantes', 'DISTRITO')":{"('0173-PE-2001', 0)":null,"('0173-PE-2001', 1)":null},"('Firmantes', 'BLOQUE')":{"('0173-PE-2001', 0)":"PODER EJECUTIVO","('0173-PE-2001', 1)":"PODER EJECUTIVO"},"('Tramites', 'C\u00c1MARA')":{"('0173-PE-2001', 0)":"Senado","('0173-PE-2001', 1)":"Senado"},"('Tramites', 'MOVIMIENTO')":{"('0173-PE-2001', 0)":"MENSAJE 0785\/01 (EXPEDIENTE 0181-PE-01) ACLARANDO QUE EL JUZGADO CORRESPONDE A LA CAPITAL FEDERAL (DAE SUPLEMENTO ACUERDOS 12) (A SUS ANTECEDENTES)","('0173-PE-2001', 1)":"CONSIDERACION Y APROBACION"},"('Tramites', 'FECHA')":{"('0173-PE-2001', 0)":null,"('0173-PE-2001', 1)":"18\/07\/2001"},"('Tramites', 'RESULTADO')":{"('0173-PE-2001', 0)":null,"('0173-PE-2001', 1)":"APROBADO"},"Sumario":{"('0173-PE-2001', 0)":"AL DOCTOR ALFREDO ARTURO KOLLIKER FRERS.","('0173-PE-2001', 1)":null},"Palabra Clave":{"('0173-PE-2001', 0)":" ","('0173-PE-2001', 1)":null}}