{"Tipo de Proyecto":{"('0173-S-2001', 0)":"COMUNICACION"},"Iniciado en: ":{"('0173-S-2001', 0)":"Senado"},"Expediente Senado: ":{"('0173-S-2001', 0)":"0173-S-2001"},"Publicado en: ":{"('0173-S-2001', 0)":"Diario de Asuntos Entrados N\u00b0 10"},"Fecha: ":{"('0173-S-2001', 0)":"16\/03\/2001"},"T\u00edtulo":{"('0173-S-2001', 0)":"INSTAURACION DE LA BARRERA SANITARIA AL SUR DEL RIO COLORADO A IN DE GARANTIZAR QUE LA REGION DE LA PATAGONIA PERMANEZCA LIBRE DE AFTOSA."},"('Firmantes', 'FIRMANTE')":{"('0173-S-2001', 0)":"SAPAG, FELIPE RODOLFO"},"('Firmantes', 'DISTRITO')":{"('0173-S-2001', 0)":"NEUQUEN"},"('Firmantes', 'BLOQUE')":{"('0173-S-2001', 0)":"MOV POP NEUQUINO"},"Sumario":{"('0173-S-2001', 0)":"SOLICITUD AL PODER EJECUTIVO NACIONAL."},"Palabra Clave":{"('0173-S-2001', 0)":" "}}