{"Tipo de Proyecto":{"('0175-S-2001', 0)":"PROYECTO DE DECLARACI\u00d3N"},"Iniciado en: ":{"('0175-S-2001', 0)":"Senado"},"Expediente Senado: ":{"('0175-S-2001', 0)":"0175-S-2001"},"Publicado en: ":{"('0175-S-2001', 0)":"Diario de Asuntos Entrados N\u00b0 10"},"Fecha: ":{"('0175-S-2001', 0)":"16\/03\/2001"},"T\u00edtulo":{"('0175-S-2001', 0)":"DESARROLLO DE UN SISTEMA PARA PRODUCIR URANIO ENRIQUECIDO LLEVADO A CABO EN EL CENTRO ATOMICO BARILOCHE."},"('Firmantes', 'FIRMANTE')":{"('0175-S-2001', 0)":"MAGLIETTI, ALBERTO RAMON"},"('Firmantes', 'DISTRITO')":{"('0175-S-2001', 0)":"FORMOSA"},"('Firmantes', 'BLOQUE')":{"('0175-S-2001', 0)":"UCR"},"('Tramites', 'C\u00c1MARA')":{"('0175-S-2001', 0)":"Senado"},"('Tramites', 'MOVIMIENTO')":{"('0175-S-2001', 0)":"CONSIDERACION Y APROBACION CONJUNTAMENTE PARA LOS EXPEDIENTES 0064-S-2001, 0055-S-2001 y 0175-S-2001"},"('Tramites', 'FECHA')":{"('0175-S-2001', 0)":"16\/05\/2001"},"('Tramites', 'RESULTADO')":{"('0175-S-2001', 0)":"APROBADO"},"Sumario":{"('0175-S-2001', 0)":"EXPRESION DE BENEPLACITO."},"Palabra Clave":{"('0175-S-2001', 0)":" "}}