{"Tipo de Proyecto":{"('0176-S-2001', 0)":"PROYECTO DE DECLARACI\u00d3N"},"Iniciado en: ":{"('0176-S-2001', 0)":"Senado"},"Expediente Senado: ":{"('0176-S-2001', 0)":"0176-S-2001"},"Publicado en: ":{"('0176-S-2001', 0)":"Diario de Asuntos Entrados N\u00b0 10"},"Fecha: ":{"('0176-S-2001', 0)":"16\/03\/2001"},"T\u00edtulo":{"('0176-S-2001', 0)":"NEGATIVA DEL GOBIERNO DE CUBA DE OTORGARLE LA VISA AL PERIODISTA NELSON CASTRO."},"('Firmantes', 'FIRMANTE')":{"('0176-S-2001', 0)":"ROMERO FERIS, JOSE ANTONIO"},"('Firmantes', 'DISTRITO')":{"('0176-S-2001', 0)":"CORRIENTES"},"('Firmantes', 'BLOQUE')":{"('0176-S-2001', 0)":"AUTONOMISTA"},"Sumario":{"('0176-S-2001', 0)":"EXPRESION DE PREOCUPACION."},"Palabra Clave":{"('0176-S-2001', 0)":" "}}