{"Tipo de Proyecto":{"('0178-S-2001', 0)":"PROYECTO DE DECLARACI\u00d3N"},"Iniciado en: ":{"('0178-S-2001', 0)":"Senado"},"Expediente Senado: ":{"('0178-S-2001', 0)":"0178-S-2001"},"Publicado en: ":{"('0178-S-2001', 0)":"Diario de Asuntos Entrados N\u00b0 10"},"Fecha: ":{"('0178-S-2001', 0)":"16\/03\/2001"},"T\u00edtulo":{"('0178-S-2001', 0)":"PROYECTO DE HISTORIA ORAL SOBRE EL PRESIDENTE ARTURO ILLIA."},"('Firmantes', 'FIRMANTE')":{"('0178-S-2001', 0)":"ANGELOZ, EDUARDO CESAR"},"('Firmantes', 'DISTRITO')":{"('0178-S-2001', 0)":"CORDOBA"},"('Firmantes', 'BLOQUE')":{"('0178-S-2001', 0)":"UCR"},"('Tramites', 'C\u00c1MARA')":{"('0178-S-2001', 0)":"Senado"},"('Tramites', 'MOVIMIENTO')":{"('0178-S-2001', 0)":"CONSIDERACION Y APROBACION"},"('Tramites', 'FECHA')":{"('0178-S-2001', 0)":"03\/05\/2001"},"('Tramites', 'RESULTADO')":{"('0178-S-2001', 0)":"APROBADO"},"Sumario":{"('0178-S-2001', 0)":"DECLARACION DE INTERES PARLAMENTARIO."},"Palabra Clave":{"('0178-S-2001', 0)":" "}}