{"Tipo de Proyecto":{"('0179-S-2001', 0)":"COMUNICACION"},"Iniciado en: ":{"('0179-S-2001', 0)":"Senado"},"Expediente Senado: ":{"('0179-S-2001', 0)":"0179-S-2001"},"Publicado en: ":{"('0179-S-2001', 0)":"Diario de Asuntos Entrados N\u00b0 10"},"Fecha: ":{"('0179-S-2001', 0)":"16\/03\/2001"},"T\u00edtulo":{"('0179-S-2001', 0)":"TOMAR CONOCIMIENTO DE LA PREOCUPANTE SITUACION INSTITUCIONAL POR QUE ATRAVIESA EL HOSPITAL 'LUIS PASTEUR' DE LA CIUDAD DE CHEPES, DEPARTAMENTO ROSARIO VERA PE\u00d1ALOZA, PROVINCIA DE LA RIOJA, SOLICITANDO INFORMES A LOS REPRESENTANTES DE LA PROVINCIA EN EL CONSEJO FEDERAL DE SALUD."},"('Firmantes', 'FIRMANTE')":{"('0179-S-2001', 0)":"GALVAN, RAUL ALFREDO"},"('Firmantes', 'DISTRITO')":{"('0179-S-2001', 0)":"LA RIOJA"},"('Firmantes', 'BLOQUE')":{"('0179-S-2001', 0)":"UCR"},"Sumario":{"('0179-S-2001', 0)":"SOLICITUD AL PODER EJECUTIVO NACIONAL."},"Palabra Clave":{"('0179-S-2001', 0)":" "}}