{"Tipo de Proyecto":{"('0182-S-2001', 0)":"PROYECTO DE RESOLUCI\u00d3N","('0182-S-2001', 1)":null,"('0182-S-2001', 2)":null},"Iniciado en: ":{"('0182-S-2001', 0)":"Senado","('0182-S-2001', 1)":null,"('0182-S-2001', 2)":null},"Expediente Diputados: ":{"('0182-S-2001', 0)":"0182-S-2001","('0182-S-2001', 1)":null,"('0182-S-2001', 2)":null},"Expediente Senado: ":{"('0182-S-2001', 0)":"0182-OV-2000","('0182-S-2001', 1)":null,"('0182-S-2001', 2)":null},"Fecha: ":{"('0182-S-2001', 0)":"15\/08\/2001","('0182-S-2001', 1)":null,"('0182-S-2001', 2)":null},"T\u00edtulo":{"('0182-S-2001', 0)":"DICTAMEN EN LA RESOLUCION REMITIDA POR LA AUDITORIA GENERAL DE LA NACION SOBRE LOS ESTADOS FINANCIEROS DEL PROYECTO DE REFORMA DE LA EDUCACION SUPERIOR, CONVENIO DE PRESTAMO 3921-AR BIRF.","('0182-S-2001', 1)":null,"('0182-S-2001', 2)":null},"('Firmantes', 'FIRMANTE')":{"('0182-S-2001', 0)":"PARLAMENTARIA MIXTA REVISORA DE CUENTAS","('0182-S-2001', 1)":null,"('0182-S-2001', 2)":null},"('Firmantes', 'DISTRITO')":{"('0182-S-2001', 0)":null,"('0182-S-2001', 1)":null,"('0182-S-2001', 2)":null},"('Firmantes', 'BLOQUE')":{"('0182-S-2001', 0)":null,"('0182-S-2001', 1)":null,"('0182-S-2001', 2)":null},"('Giros', 'COMISI\u00d3N')":{"('0182-S-2001', 0)":"PARLAMENTARIA MIXTA REVISORA DE CUENTAS","('0182-S-2001', 1)":null,"('0182-S-2001', 2)":null},"('Tramites', 'C\u00c1MARA')":{"('0182-S-2001', 0)":"Senado","('0182-S-2001', 1)":"Diputados","('0182-S-2001', 2)":"Diputados"},"('Tramites', 'MOVIMIENTO')":{"('0182-S-2001', 0)":"CONSIDERACION Y APROBACION","('0182-S-2001', 1)":"PASA A DIPUTADOS -","('0182-S-2001', 2)":"CONSIDERACION Y APROBACION"},"('Tramites', 'FECHA')":{"('0182-S-2001', 0)":"04\/09\/2001","('0182-S-2001', 1)":null,"('0182-S-2001', 2)":"24\/10\/2001"},"('Tramites', 'RESULTADO')":{"('0182-S-2001', 0)":"APROBADO","('0182-S-2001', 1)":null,"('0182-S-2001', 2)":"APROBADO"},"Sumario":{"('0182-S-2001', 0)":"SOLICITUD AL PODER EJECUTIVO NACIONAL PARA QUE INFORME SOBRE LAS MEDIDAS ADOPTADAS A LOS EFECTOS DE SUPERAR LAS OBSERVACIONES EFECTUADAS.","('0182-S-2001', 1)":null,"('0182-S-2001', 2)":null},"Palabra Clave":{"('0182-S-2001', 0)":" ","('0182-S-2001', 1)":null,"('0182-S-2001', 2)":null}}