{"Tipo de Proyecto":{"('0183-S-2001', 0)":"PROYECTO DE RESOLUCI\u00d3N","('0183-S-2001', 1)":null,"('0183-S-2001', 2)":null,"('0183-S-2001', 3)":null},"Iniciado en: ":{"('0183-S-2001', 0)":"Senado","('0183-S-2001', 1)":null,"('0183-S-2001', 2)":null,"('0183-S-2001', 3)":null},"Expediente Diputados: ":{"('0183-S-2001', 0)":"0183-S-2001","('0183-S-2001', 1)":null,"('0183-S-2001', 2)":null,"('0183-S-2001', 3)":null},"Expediente Senado: ":{"('0183-S-2001', 0)":"0005-OV-2000","('0183-S-2001', 1)":null,"('0183-S-2001', 2)":null,"('0183-S-2001', 3)":null},"Fecha: ":{"('0183-S-2001', 0)":"21\/08\/2001","('0183-S-2001', 1)":null,"('0183-S-2001', 2)":null,"('0183-S-2001', 3)":null},"T\u00edtulo":{"('0183-S-2001', 0)":"DICTAMEN EN LA RESOLUCION REMITIDA POR LA AUDITORIA GENERAL DE LA NACION SOBRE MEMORANDUM DE CONTROL INTERNO CONTABLE EJERCICIO 1998, EN EL AMBITO DEL BANCO DE INVERSION Y COMERCIO EXTERIOR SA.","('0183-S-2001', 1)":null,"('0183-S-2001', 2)":null,"('0183-S-2001', 3)":null},"('Firmantes', 'FIRMANTE')":{"('0183-S-2001', 0)":"PARLAMENTARIA MIXTA REVISORA DE CUENTAS","('0183-S-2001', 1)":null,"('0183-S-2001', 2)":null,"('0183-S-2001', 3)":null},"('Firmantes', 'DISTRITO')":{"('0183-S-2001', 0)":null,"('0183-S-2001', 1)":null,"('0183-S-2001', 2)":null,"('0183-S-2001', 3)":null},"('Firmantes', 'BLOQUE')":{"('0183-S-2001', 0)":null,"('0183-S-2001', 1)":null,"('0183-S-2001', 2)":null,"('0183-S-2001', 3)":null},"('Giros', 'COMISI\u00d3N')":{"('0183-S-2001', 0)":"PARLAMENTARIA MIXTA REVISORA DE CUENTAS","('0183-S-2001', 1)":null,"('0183-S-2001', 2)":null,"('0183-S-2001', 3)":null},"('Tramites', 'C\u00c1MARA')":{"('0183-S-2001', 0)":"Senado","('0183-S-2001', 1)":"Diputados","('0183-S-2001', 2)":"Diputados","('0183-S-2001', 3)":"Diputados"},"('Tramites', 'MOVIMIENTO')":{"('0183-S-2001', 0)":"CONSIDERACION Y APROBACION","('0183-S-2001', 1)":"PASA A DIPUTADOS -","('0183-S-2001', 2)":"CONSIDERACION Y APROBACION","('0183-S-2001', 3)":"CONTESTACION DEL PODER EJECUTIVO NACIONAL - JEFE DE GABINETE DE MINISTROS - (0168-OV-02); GIRADA A LA COMISION RESPECTIVA (BAE 5\/02)"},"('Tramites', 'FECHA')":{"('0183-S-2001', 0)":"04\/09\/2001","('0183-S-2001', 1)":null,"('0183-S-2001', 2)":"24\/10\/2001","('0183-S-2001', 3)":null},"('Tramites', 'RESULTADO')":{"('0183-S-2001', 0)":"APROBADO","('0183-S-2001', 1)":null,"('0183-S-2001', 2)":"APROBADO","('0183-S-2001', 3)":null},"Sumario":{"('0183-S-2001', 0)":"SOLICITUD AL PODER EJECUTIVO NACIONAL PARA QUE INFORME SOBRE LAS MEDIDAS ADOPTADAS PARA REGULARIZAR LAS SITUACIONES PUESTAS DE MANIFIESTO POR EL CONTROL EXTERNO.","('0183-S-2001', 1)":null,"('0183-S-2001', 2)":null,"('0183-S-2001', 3)":null},"Palabra Clave":{"('0183-S-2001', 0)":" ","('0183-S-2001', 1)":null,"('0183-S-2001', 2)":null,"('0183-S-2001', 3)":null}}