{"Tipo de Proyecto":{"('0186-S-2001', 0)":"PROYECTO DE RESOLUCI\u00d3N","('0186-S-2001', 1)":null,"('0186-S-2001', 2)":null,"('0186-S-2001', 3)":null},"Iniciado en: ":{"('0186-S-2001', 0)":"Senado","('0186-S-2001', 1)":null,"('0186-S-2001', 2)":null,"('0186-S-2001', 3)":null},"Expediente Diputados: ":{"('0186-S-2001', 0)":"0186-S-2001","('0186-S-2001', 1)":null,"('0186-S-2001', 2)":null,"('0186-S-2001', 3)":null},"Expediente Senado: ":{"('0186-S-2001', 0)":"0180-OV-2000","('0186-S-2001', 1)":null,"('0186-S-2001', 2)":null,"('0186-S-2001', 3)":null},"Fecha: ":{"('0186-S-2001', 0)":"21\/08\/2001","('0186-S-2001', 1)":null,"('0186-S-2001', 2)":null,"('0186-S-2001', 3)":null},"T\u00edtulo":{"('0186-S-2001', 0)":"DICTAMEN EN LA RESOLUCION REMITIDA POR LA AUDITORIA GENERAL DE LA NACION SOBRE LOS ESTADOS FINANCIEROS AL 31 DE DICIEMBRE DE 1998 DEL PROGRAMA DE CORREDORES VIALES NACIONALES, CONVENIO DE PRESTAMO 795\/OC-AR - BANCO INTERAMERICANO DE DESARROLLO.","('0186-S-2001', 1)":null,"('0186-S-2001', 2)":null,"('0186-S-2001', 3)":null},"('Firmantes', 'FIRMANTE')":{"('0186-S-2001', 0)":"PARLAMENTARIA MIXTA REVISORA DE CUENTAS","('0186-S-2001', 1)":null,"('0186-S-2001', 2)":null,"('0186-S-2001', 3)":null},"('Firmantes', 'DISTRITO')":{"('0186-S-2001', 0)":null,"('0186-S-2001', 1)":null,"('0186-S-2001', 2)":null,"('0186-S-2001', 3)":null},"('Firmantes', 'BLOQUE')":{"('0186-S-2001', 0)":null,"('0186-S-2001', 1)":null,"('0186-S-2001', 2)":null,"('0186-S-2001', 3)":null},"('Giros', 'COMISI\u00d3N')":{"('0186-S-2001', 0)":"PARLAMENTARIA MIXTA REVISORA DE CUENTAS","('0186-S-2001', 1)":null,"('0186-S-2001', 2)":null,"('0186-S-2001', 3)":null},"('Tramites', 'C\u00c1MARA')":{"('0186-S-2001', 0)":"Senado","('0186-S-2001', 1)":"Diputados","('0186-S-2001', 2)":"Diputados","('0186-S-2001', 3)":"Diputados"},"('Tramites', 'MOVIMIENTO')":{"('0186-S-2001', 0)":"CONSIDERACION Y APROBACION","('0186-S-2001', 1)":"PASA A DIPUTADOS -","('0186-S-2001', 2)":"CONSIDERACION Y APROBACION","('0186-S-2001', 3)":"CONTESTACION DEL PODER EJECUTIVO NACIONAL - JEFE DE GABINETE DE MINISTROS - (0169-OV-02); GIRADA A LA COMISION RESPECTIVA (BAE 5\/02)"},"('Tramites', 'FECHA')":{"('0186-S-2001', 0)":"04\/09\/2001","('0186-S-2001', 1)":null,"('0186-S-2001', 2)":"24\/10\/2001","('0186-S-2001', 3)":"10\/04\/2002"},"('Tramites', 'RESULTADO')":{"('0186-S-2001', 0)":"APROBADO","('0186-S-2001', 1)":null,"('0186-S-2001', 2)":"APROBADO","('0186-S-2001', 3)":null},"Sumario":{"('0186-S-2001', 0)":"SOLICITUD AL PODER EJECUTIVO NACIONAL PARA QUE INFORME SOBRE LAS MEDIDAS ADOPTADAS A LOS EFECTOS DE SUPERAR LO OBSERVADO.","('0186-S-2001', 1)":null,"('0186-S-2001', 2)":null,"('0186-S-2001', 3)":null},"Palabra Clave":{"('0186-S-2001', 0)":" ","('0186-S-2001', 1)":null,"('0186-S-2001', 2)":null,"('0186-S-2001', 3)":null}}