{"Tipo de Proyecto":{"('0187-S-2001', 0)":"MENSAJE NRO: 0971\/00 Y PROYECTO DE LEY","('0187-S-2001', 1)":null,"('0187-S-2001', 2)":null,"('0187-S-2001', 3)":null,"('0187-S-2001', 4)":null,"('0187-S-2001', 5)":null,"('0187-S-2001', 6)":null,"('0187-S-2001', 7)":null,"('0187-S-2001', 8)":null,"('0187-S-2001', 9)":null,"('0187-S-2001', 10)":null,"('0187-S-2001', 11)":null,"('0187-S-2001', 12)":null,"('0187-S-2001', 13)":null,"('0187-S-2001', 14)":null,"('0187-S-2001', 15)":null,"('0187-S-2001', 16)":null,"('0187-S-2001', 17)":null,"('0187-S-2001', 18)":null,"('0187-S-2001', 19)":null,"('0187-S-2001', 20)":null,"('0187-S-2001', 21)":null},"Iniciado en: ":{"('0187-S-2001', 0)":"Senado","('0187-S-2001', 1)":null,"('0187-S-2001', 2)":null,"('0187-S-2001', 3)":null,"('0187-S-2001', 4)":null,"('0187-S-2001', 5)":null,"('0187-S-2001', 6)":null,"('0187-S-2001', 7)":null,"('0187-S-2001', 8)":null,"('0187-S-2001', 9)":null,"('0187-S-2001', 10)":null,"('0187-S-2001', 11)":null,"('0187-S-2001', 12)":null,"('0187-S-2001', 13)":null,"('0187-S-2001', 14)":null,"('0187-S-2001', 15)":null,"('0187-S-2001', 16)":null,"('0187-S-2001', 17)":null,"('0187-S-2001', 18)":null,"('0187-S-2001', 19)":null,"('0187-S-2001', 20)":null,"('0187-S-2001', 21)":null},"Expediente Diputados: ":{"('0187-S-2001', 0)":"0187-S-2001","('0187-S-2001', 1)":null,"('0187-S-2001', 2)":null,"('0187-S-2001', 3)":null,"('0187-S-2001', 4)":null,"('0187-S-2001', 5)":null,"('0187-S-2001', 6)":null,"('0187-S-2001', 7)":null,"('0187-S-2001', 8)":null,"('0187-S-2001', 9)":null,"('0187-S-2001', 10)":null,"('0187-S-2001', 11)":null,"('0187-S-2001', 12)":null,"('0187-S-2001', 13)":null,"('0187-S-2001', 14)":null,"('0187-S-2001', 15)":null,"('0187-S-2001', 16)":null,"('0187-S-2001', 17)":null,"('0187-S-2001', 18)":null,"('0187-S-2001', 19)":null,"('0187-S-2001', 20)":null,"('0187-S-2001', 21)":null},"Expediente Senado: ":{"('0187-S-2001', 0)":"0391-PE-2000","('0187-S-2001', 1)":null,"('0187-S-2001', 2)":null,"('0187-S-2001', 3)":null,"('0187-S-2001', 4)":null,"('0187-S-2001', 5)":null,"('0187-S-2001', 6)":null,"('0187-S-2001', 7)":null,"('0187-S-2001', 8)":null,"('0187-S-2001', 9)":null,"('0187-S-2001', 10)":null,"('0187-S-2001', 11)":null,"('0187-S-2001', 12)":null,"('0187-S-2001', 13)":null,"('0187-S-2001', 14)":null,"('0187-S-2001', 15)":null,"('0187-S-2001', 16)":null,"('0187-S-2001', 17)":null,"('0187-S-2001', 18)":null,"('0187-S-2001', 19)":null,"('0187-S-2001', 20)":null,"('0187-S-2001', 21)":null},"Publicado en: ":{"('0187-S-2001', 0)":"Diario de Asuntos Entrados N\u00b0 130","('0187-S-2001', 1)":null,"('0187-S-2001', 2)":null,"('0187-S-2001', 3)":null,"('0187-S-2001', 4)":null,"('0187-S-2001', 5)":null,"('0187-S-2001', 6)":null,"('0187-S-2001', 7)":null,"('0187-S-2001', 8)":null,"('0187-S-2001', 9)":null,"('0187-S-2001', 10)":null,"('0187-S-2001', 11)":null,"('0187-S-2001', 12)":null,"('0187-S-2001', 13)":null,"('0187-S-2001', 14)":null,"('0187-S-2001', 15)":null,"('0187-S-2001', 16)":null,"('0187-S-2001', 17)":null,"('0187-S-2001', 18)":null,"('0187-S-2001', 19)":null,"('0187-S-2001', 20)":null,"('0187-S-2001', 21)":null},"Fecha: ":{"('0187-S-2001', 0)":"27\/10\/2000","('0187-S-2001', 1)":null,"('0187-S-2001', 2)":null,"('0187-S-2001', 3)":null,"('0187-S-2001', 4)":null,"('0187-S-2001', 5)":null,"('0187-S-2001', 6)":null,"('0187-S-2001', 7)":null,"('0187-S-2001', 8)":null,"('0187-S-2001', 9)":null,"('0187-S-2001', 10)":null,"('0187-S-2001', 11)":null,"('0187-S-2001', 12)":null,"('0187-S-2001', 13)":null,"('0187-S-2001', 14)":null,"('0187-S-2001', 15)":null,"('0187-S-2001', 16)":null,"('0187-S-2001', 17)":null,"('0187-S-2001', 18)":null,"('0187-S-2001', 19)":null,"('0187-S-2001', 20)":null,"('0187-S-2001', 21)":null},"T\u00edtulo":{"('0187-S-2001', 0)":"MODIFICACION A LA LEY 23298 (LEY ORGANICA DE LOS PARTIDOS POLITICOS).","('0187-S-2001', 1)":null,"('0187-S-2001', 2)":null,"('0187-S-2001', 3)":null,"('0187-S-2001', 4)":null,"('0187-S-2001', 5)":null,"('0187-S-2001', 6)":null,"('0187-S-2001', 7)":null,"('0187-S-2001', 8)":null,"('0187-S-2001', 9)":null,"('0187-S-2001', 10)":null,"('0187-S-2001', 11)":null,"('0187-S-2001', 12)":null,"('0187-S-2001', 13)":null,"('0187-S-2001', 14)":null,"('0187-S-2001', 15)":null,"('0187-S-2001', 16)":null,"('0187-S-2001', 17)":null,"('0187-S-2001', 18)":null,"('0187-S-2001', 19)":null,"('0187-S-2001', 20)":null,"('0187-S-2001', 21)":null},"('Firmantes', 'FIRMANTE')":{"('0187-S-2001', 0)":"DE LA RUA, FERNANDO","('0187-S-2001', 1)":"COLOMBO, CHRYSTIAN","('0187-S-2001', 2)":"STORANI, FEDERICO TEOBALDO MANUEL","('0187-S-2001', 3)":"MACHINEA, JOSE LUIS","('0187-S-2001', 4)":"DE LA RUA, JORGE","('0187-S-2001', 5)":null,"('0187-S-2001', 6)":null,"('0187-S-2001', 7)":null,"('0187-S-2001', 8)":null,"('0187-S-2001', 9)":null,"('0187-S-2001', 10)":null,"('0187-S-2001', 11)":null,"('0187-S-2001', 12)":null,"('0187-S-2001', 13)":null,"('0187-S-2001', 14)":null,"('0187-S-2001', 15)":null,"('0187-S-2001', 16)":null,"('0187-S-2001', 17)":null,"('0187-S-2001', 18)":null,"('0187-S-2001', 19)":null,"('0187-S-2001', 20)":null,"('0187-S-2001', 21)":null},"('Firmantes', 'DISTRITO')":{"('0187-S-2001', 0)":null,"('0187-S-2001', 1)":null,"('0187-S-2001', 2)":null,"('0187-S-2001', 3)":null,"('0187-S-2001', 4)":null,"('0187-S-2001', 5)":null,"('0187-S-2001', 6)":null,"('0187-S-2001', 7)":null,"('0187-S-2001', 8)":null,"('0187-S-2001', 9)":null,"('0187-S-2001', 10)":null,"('0187-S-2001', 11)":null,"('0187-S-2001', 12)":null,"('0187-S-2001', 13)":null,"('0187-S-2001', 14)":null,"('0187-S-2001', 15)":null,"('0187-S-2001', 16)":null,"('0187-S-2001', 17)":null,"('0187-S-2001', 18)":null,"('0187-S-2001', 19)":null,"('0187-S-2001', 20)":null,"('0187-S-2001', 21)":null},"('Firmantes', 'BLOQUE')":{"('0187-S-2001', 0)":"PODER EJECUTIVO","('0187-S-2001', 1)":"PODER EJECUTIVO","('0187-S-2001', 2)":"PODER EJECUTIVO","('0187-S-2001', 3)":"PODER EJECUTIVO","('0187-S-2001', 4)":"PODER EJECUTIVO","('0187-S-2001', 5)":null,"('0187-S-2001', 6)":null,"('0187-S-2001', 7)":null,"('0187-S-2001', 8)":null,"('0187-S-2001', 9)":null,"('0187-S-2001', 10)":null,"('0187-S-2001', 11)":null,"('0187-S-2001', 12)":null,"('0187-S-2001', 13)":null,"('0187-S-2001', 14)":null,"('0187-S-2001', 15)":null,"('0187-S-2001', 16)":null,"('0187-S-2001', 17)":null,"('0187-S-2001', 18)":null,"('0187-S-2001', 19)":null,"('0187-S-2001', 20)":null,"('0187-S-2001', 21)":null},"('Giros', 'COMISI\u00d3N')":{"('0187-S-2001', 0)":"ASUNTOS CONSTITUCIONALES","('0187-S-2001', 1)":"PRESUPUESTO Y HACIENDA","('0187-S-2001', 2)":null,"('0187-S-2001', 3)":null,"('0187-S-2001', 4)":null,"('0187-S-2001', 5)":null,"('0187-S-2001', 6)":null,"('0187-S-2001', 7)":null,"('0187-S-2001', 8)":null,"('0187-S-2001', 9)":null,"('0187-S-2001', 10)":null,"('0187-S-2001', 11)":null,"('0187-S-2001', 12)":null,"('0187-S-2001', 13)":null,"('0187-S-2001', 14)":null,"('0187-S-2001', 15)":null,"('0187-S-2001', 16)":null,"('0187-S-2001', 17)":null,"('0187-S-2001', 18)":null,"('0187-S-2001', 19)":null,"('0187-S-2001', 20)":null,"('0187-S-2001', 21)":null},"('Tramites', 'C\u00c1MARA')":{"('0187-S-2001', 0)":"Senado","('0187-S-2001', 1)":"Senado","('0187-S-2001', 2)":"Senado","('0187-S-2001', 3)":"Senado","('0187-S-2001', 4)":"Senado","('0187-S-2001', 5)":"Senado","('0187-S-2001', 6)":"Senado","('0187-S-2001', 7)":"Senado","('0187-S-2001', 8)":"Senado","('0187-S-2001', 9)":"Senado","('0187-S-2001', 10)":"Senado","('0187-S-2001', 11)":"Diputados","('0187-S-2001', 12)":"Diputados","('0187-S-2001', 13)":"Diputados","('0187-S-2001', 14)":"Diputados","('0187-S-2001', 15)":"Diputados","('0187-S-2001', 16)":"Diputados","('0187-S-2001', 17)":"Diputados","('0187-S-2001', 18)":"Senado","('0187-S-2001', 19)":"Senado","('0187-S-2001', 20)":"Senado","('0187-S-2001', 21)":"Senado"},"('Tramites', 'MOVIMIENTO')":{"('0187-S-2001', 0)":"MOCION DE PREFERENCIA (AFIRMATIVA)","('0187-S-2001', 1)":"MOCION DE PREFERENCIA PARA LA SESION DEL 21\/03\/2001 CON O SIN DICTAMEN (AFIRMATIVA)","('0187-S-2001', 2)":"MOCION DE PREFERENCIA PARA LA SESION DEL 16\/05\/2001 CON O SIN DICTAMEN (AFIRMATIVA)","('0187-S-2001', 3)":"CONSIDERACION","('0187-S-2001', 4)":"CONTINUA CONSIDERACION Y APROBACION EN GENERAL","('0187-S-2001', 5)":"CONSIDERACION","('0187-S-2001', 6)":"MOCION DE PREFERENCIA PARA LA PROXIMA SESION (AFIRMATIVA)","('0187-S-2001', 7)":"MOCION DE PREFERENCIA PARA LA PROXIMA SESION CON O SIN DICTAMEN (AFIRMATIVA)","('0187-S-2001', 8)":"MOCION DE PREFERENCIA PARA LA PROXIMA SESION CON O SIN DICTAMEN (AFIRMATIVA)","('0187-S-2001', 9)":"CONSIDERACION Y APROBACION CON MODIFICACIONES","('0187-S-2001', 10)":"INSERCIONES","('0187-S-2001', 11)":"PASA A DIPUTADOS - (TP 133)","('0187-S-2001', 12)":"MOCION APARTAMIENTO DEL REGLAMENTO (AFIRMATIVA)","('0187-S-2001', 13)":"MOCION SOBRE TABLAS (AFIRMATIVA)","('0187-S-2001', 14)":"MOCION APARTAMIENTO DEL REGLAMENTO (AFIRMATIVA)","('0187-S-2001', 15)":"MOCION SOBRE TABLAS (AFIRMATIVA)","('0187-S-2001', 16)":"CONSIDERACION Y APROBACION CON MODIFICACIONES (DE CONFORMIDAD CON EL ARTICULO 77, SEGUNDA PARTE DE LA CONSTITUCION NACIONAL, Y CON LOS DOS TERCIOS DE LOS DIPUTADOS PRESENTES)","('0187-S-2001', 17)":"INSERCIONES","('0187-S-2001', 18)":"VUELVE A SENADO - (DAE 69)","('0187-S-2001', 19)":"MOCION SOBRE TABLAS (AFIRMATIVA)","('0187-S-2001', 20)":"MANIFESTACIONES SOBRE LAS MAYORIAS NECESARIAS DE CONFORMIDAD CON EL ARTICULO 77, SEGUNDA PARTE Y ARTICULO 81 DE LA CONSTITUCION NACIONAL","('0187-S-2001', 21)":"CONSIDERACION Y SANCION (ACEPTACION PARCIAL DE LAS MODIFICACIONES INTRODUCIDAS POR LA H CAMARA DE DIPUTADOS, INSISTE ARTICULO 31, ARTICULO 30 DE LA SANCION ORIGINAL)"},"('Tramites', 'FECHA')":{"('0187-S-2001', 0)":"15\/11\/2000","('0187-S-2001', 1)":"07\/03\/2001","('0187-S-2001', 2)":"03\/05\/2001","('0187-S-2001', 3)":"16\/05\/2001","('0187-S-2001', 4)":"23\/05\/2001","('0187-S-2001', 5)":"27\/06\/2001","('0187-S-2001', 6)":"27\/06\/2001","('0187-S-2001', 7)":"08\/08\/2001","('0187-S-2001', 8)":"29\/08\/2001","('0187-S-2001', 9)":"04\/09\/2001","('0187-S-2001', 10)":"04\/09\/2001","('0187-S-2001', 11)":null,"('0187-S-2001', 12)":"12\/09\/2001","('0187-S-2001', 13)":"12\/09\/2001","('0187-S-2001', 14)":"17\/04\/2002","('0187-S-2001', 15)":"17\/04\/2002","('0187-S-2001', 16)":"17\/04\/2002","('0187-S-2001', 17)":"17\/04\/2002","('0187-S-2001', 18)":null,"('0187-S-2001', 19)":"23\/05\/2002","('0187-S-2001', 20)":"23\/05\/2002","('0187-S-2001', 21)":"23\/05\/2002"},"('Tramites', 'RESULTADO')":{"('0187-S-2001', 0)":null,"('0187-S-2001', 1)":null,"('0187-S-2001', 2)":null,"('0187-S-2001', 3)":null,"('0187-S-2001', 4)":null,"('0187-S-2001', 5)":null,"('0187-S-2001', 6)":null,"('0187-S-2001', 7)":null,"('0187-S-2001', 8)":null,"('0187-S-2001', 9)":"MEDIA SANCION","('0187-S-2001', 10)":null,"('0187-S-2001', 11)":null,"('0187-S-2001', 12)":null,"('0187-S-2001', 13)":null,"('0187-S-2001', 14)":null,"('0187-S-2001', 15)":null,"('0187-S-2001', 16)":"MEDIA SANCION","('0187-S-2001', 17)":null,"('0187-S-2001', 18)":null,"('0187-S-2001', 19)":null,"('0187-S-2001', 20)":null,"('0187-S-2001', 21)":"SANCIONADO"},"Sumario":{"('0187-S-2001', 0)":"INCORPORACION DEL LIBRO PRIMERO, EL QUE ESTARA COMPUESTO POR LOS TITULOS I A IV Y VI A VIII DE LA MISMA; DEROGACION DE LOS TITULOS V Y IX DE LA LEY 23298; AGREGASE EL LIBRO SEGUNDO (ARTICULOS 77 A 166): RECURSOS ECONOMICOS DE LOS PARTIDOS, REGIMEN DE FINANCIAMIENTO PUBLICO, FONDO PARTIDARIO PERMANENTE ADMINISTRADO POR EL MINISTERIO DEL INTERIOR, APORTES PARA EL DESENVOLVIMIENTO INSTITUCIONAL Y LA CAPACITACION Y FORMACION, APORTES EXTRAORDINARIOS PARA CAMPA\u00d1AS ELECTORALES, FINANCIAMIENTO PRIVADO, CAMPA\u00d1AS ELECTORALES, CONTROL DEL FINANCIAMIENTO DE LOS PARTIDOS POLITICOS: CONTROL INTERNO Y EXTERNO A CARGO DE LA AUDITORIA GENERAL DE LA NACION, PAUTAS GENERALES PARA EL CONTROL DE GASTOS, PENAS Y SANCIONES, LOS PARTIDOS POLITICOS DEBERAN REFORMAR SUS CARTAS ORGANICAS PARA ADECUAR LAS DISPOSICIONES PREVISTAS EN LA PRESENTE LEY EN UN PLAZO PREVISTO DE 90 DIAS A PARTIR DE SU PROMULGACION.","('0187-S-2001', 1)":null,"('0187-S-2001', 2)":null,"('0187-S-2001', 3)":null,"('0187-S-2001', 4)":null,"('0187-S-2001', 5)":null,"('0187-S-2001', 6)":null,"('0187-S-2001', 7)":null,"('0187-S-2001', 8)":null,"('0187-S-2001', 9)":null,"('0187-S-2001', 10)":null,"('0187-S-2001', 11)":null,"('0187-S-2001', 12)":null,"('0187-S-2001', 13)":null,"('0187-S-2001', 14)":null,"('0187-S-2001', 15)":null,"('0187-S-2001', 16)":null,"('0187-S-2001', 17)":null,"('0187-S-2001', 18)":null,"('0187-S-2001', 19)":null,"('0187-S-2001', 20)":null,"('0187-S-2001', 21)":null},"Palabra Clave":{"('0187-S-2001', 0)":" ","('0187-S-2001', 1)":null,"('0187-S-2001', 2)":null,"('0187-S-2001', 3)":null,"('0187-S-2001', 4)":null,"('0187-S-2001', 5)":null,"('0187-S-2001', 6)":null,"('0187-S-2001', 7)":null,"('0187-S-2001', 8)":null,"('0187-S-2001', 9)":null,"('0187-S-2001', 10)":null,"('0187-S-2001', 11)":null,"('0187-S-2001', 12)":null,"('0187-S-2001', 13)":null,"('0187-S-2001', 14)":null,"('0187-S-2001', 15)":null,"('0187-S-2001', 16)":null,"('0187-S-2001', 17)":null,"('0187-S-2001', 18)":null,"('0187-S-2001', 19)":null,"('0187-S-2001', 20)":null,"('0187-S-2001', 21)":null}}