{"Tipo de Proyecto":{"('0188-D-2001', 0)":"PROYECTO DE DECLARACI\u00d3N","('0188-D-2001', 1)":null,"('0188-D-2001', 2)":null,"('0188-D-2001', 3)":null,"('0188-D-2001', 4)":null,"('0188-D-2001', 5)":null},"Iniciado en: ":{"('0188-D-2001', 0)":"Diputados","('0188-D-2001', 1)":null,"('0188-D-2001', 2)":null,"('0188-D-2001', 3)":null,"('0188-D-2001', 4)":null,"('0188-D-2001', 5)":null},"Expediente Diputados: ":{"('0188-D-2001', 0)":"0188-D-2001","('0188-D-2001', 1)":null,"('0188-D-2001', 2)":null,"('0188-D-2001', 3)":null,"('0188-D-2001', 4)":null,"('0188-D-2001', 5)":null},"Publicado en: ":{"('0188-D-2001', 0)":"Tr\u00e1mite Parlamentario N\u00b0 2","('0188-D-2001', 1)":null,"('0188-D-2001', 2)":null,"('0188-D-2001', 3)":null,"('0188-D-2001', 4)":null,"('0188-D-2001', 5)":null},"Fecha: ":{"('0188-D-2001', 0)":"02\/03\/2001","('0188-D-2001', 1)":null,"('0188-D-2001', 2)":null,"('0188-D-2001', 3)":null,"('0188-D-2001', 4)":null,"('0188-D-2001', 5)":null},"T\u00edtulo":{"('0188-D-2001', 0)":"DOCUMENTO PRESENTADO POR EL CONSEJO INTERNACIONAL DE MONUMENTOS Y SITIOS (ICOMOS) DONDE SE DENUNCIA EL DETERIORO DEL PATRIMONIO ARQUITECTONICO Y CULTURAL DE NUESTRO PAIS.","('0188-D-2001', 1)":null,"('0188-D-2001', 2)":null,"('0188-D-2001', 3)":null,"('0188-D-2001', 4)":null,"('0188-D-2001', 5)":null},"('Firmantes', 'FIRMANTE')":{"('0188-D-2001', 0)":"SAVRON, HAYDE TERESA","('0188-D-2001', 1)":"LAMISOVSKY, ARNOLDO","('0188-D-2001', 2)":"MENDEZ DE MEDINA LAREU, CATALINA","('0188-D-2001', 3)":"FERRERO, FERNANDA","('0188-D-2001', 4)":"DAS NEVES, MARIO","('0188-D-2001', 5)":"POLINO, HECTOR TEODORO"},"('Firmantes', 'DISTRITO')":{"('0188-D-2001', 0)":"NEUQUEN","('0188-D-2001', 1)":"CORDOBA","('0188-D-2001', 2)":"CORRIENTES","('0188-D-2001', 3)":"CIUDAD de BUENOS AIRES","('0188-D-2001', 4)":"CHUBUT","('0188-D-2001', 5)":"CIUDAD de BUENOS AIRES"},"('Firmantes', 'BLOQUE')":{"('0188-D-2001', 0)":"MOV POP NEUQUINO","('0188-D-2001', 1)":"ACCION REPUBLICA","('0188-D-2001', 2)":"FREPANU","('0188-D-2001', 3)":"ACCION REPUBLICA","('0188-D-2001', 4)":"JUSTICIALISTA","('0188-D-2001', 5)":"FREPASO"},"('Giros', 'COMISI\u00d3N')":{"('0188-D-2001', 0)":"CULTURA","('0188-D-2001', 1)":null,"('0188-D-2001', 2)":null,"('0188-D-2001', 3)":null,"('0188-D-2001', 4)":null,"('0188-D-2001', 5)":null},"('Tramites', 'C\u00c1MARA')":{"('0188-D-2001', 0)":"Diputados","('0188-D-2001', 1)":null,"('0188-D-2001', 2)":null,"('0188-D-2001', 3)":null,"('0188-D-2001', 4)":null,"('0188-D-2001', 5)":null},"('Tramites', 'MOVIMIENTO')":{"('0188-D-2001', 0)":"CONSIDERACION Y APROBACION","('0188-D-2001', 1)":null,"('0188-D-2001', 2)":null,"('0188-D-2001', 3)":null,"('0188-D-2001', 4)":null,"('0188-D-2001', 5)":null},"('Tramites', 'FECHA')":{"('0188-D-2001', 0)":"02\/05\/2001","('0188-D-2001', 1)":null,"('0188-D-2001', 2)":null,"('0188-D-2001', 3)":null,"('0188-D-2001', 4)":null,"('0188-D-2001', 5)":null},"('Tramites', 'RESULTADO')":{"('0188-D-2001', 0)":"APROBADO","('0188-D-2001', 1)":null,"('0188-D-2001', 2)":null,"('0188-D-2001', 3)":null,"('0188-D-2001', 4)":null,"('0188-D-2001', 5)":null},"Sumario":{"('0188-D-2001', 0)":"EXPRESION DE PREOCUPACION.","('0188-D-2001', 1)":null,"('0188-D-2001', 2)":null,"('0188-D-2001', 3)":null,"('0188-D-2001', 4)":null,"('0188-D-2001', 5)":null},"Palabra Clave":{"('0188-D-2001', 0)":" ","('0188-D-2001', 1)":null,"('0188-D-2001', 2)":null,"('0188-D-2001', 3)":null,"('0188-D-2001', 4)":null,"('0188-D-2001', 5)":null}}