{"Tipo de Proyecto":{"('0189-D-2001', 0)":"PROYECTO DE RESOLUCI\u00d3N","('0189-D-2001', 1)":null,"('0189-D-2001', 2)":null,"('0189-D-2001', 3)":null,"('0189-D-2001', 4)":null},"Iniciado en: ":{"('0189-D-2001', 0)":"Diputados","('0189-D-2001', 1)":null,"('0189-D-2001', 2)":null,"('0189-D-2001', 3)":null,"('0189-D-2001', 4)":null},"Expediente Diputados: ":{"('0189-D-2001', 0)":"0189-D-2001","('0189-D-2001', 1)":null,"('0189-D-2001', 2)":null,"('0189-D-2001', 3)":null,"('0189-D-2001', 4)":null},"Publicado en: ":{"('0189-D-2001', 0)":"Tr\u00e1mite Parlamentario N\u00b0 2","('0189-D-2001', 1)":null,"('0189-D-2001', 2)":null,"('0189-D-2001', 3)":null,"('0189-D-2001', 4)":null},"Fecha: ":{"('0189-D-2001', 0)":"02\/03\/2001","('0189-D-2001', 1)":null,"('0189-D-2001', 2)":null,"('0189-D-2001', 3)":null,"('0189-D-2001', 4)":null},"T\u00edtulo":{"('0189-D-2001', 0)":"PEDIDO DE INFORMES: SOBRE LA REALIZACION DE LOS PROGRAMAS DESTINADOS A LA PRESERVACION Y MANTENIMIENTO SANITARIO DE ARBOLES Y ESPACIOS VERDES EN EL AMBITO DE LA CIUDAD AUTONOMA DE BUENOS AIRES.","('0189-D-2001', 1)":null,"('0189-D-2001', 2)":null,"('0189-D-2001', 3)":null,"('0189-D-2001', 4)":null},"('Firmantes', 'FIRMANTE')":{"('0189-D-2001', 0)":"SAVRON, HAYDE TERESA","('0189-D-2001', 1)":"LAMISOVSKY, ARNOLDO","('0189-D-2001', 2)":"FERRERO, FERNANDA","('0189-D-2001', 3)":"DAS NEVES, MARIO","('0189-D-2001', 4)":"POLINO, HECTOR TEODORO"},"('Firmantes', 'DISTRITO')":{"('0189-D-2001', 0)":"NEUQUEN","('0189-D-2001', 1)":"CORDOBA","('0189-D-2001', 2)":"CIUDAD de BUENOS AIRES","('0189-D-2001', 3)":"CHUBUT","('0189-D-2001', 4)":"CIUDAD de BUENOS AIRES"},"('Firmantes', 'BLOQUE')":{"('0189-D-2001', 0)":"MOV POP NEUQUINO","('0189-D-2001', 1)":"ACCION REPUBLICA","('0189-D-2001', 2)":"ACCION REPUBLICA","('0189-D-2001', 3)":"JUSTICIALISTA","('0189-D-2001', 4)":"FREPASO"},"('Giros', 'COMISI\u00d3N')":{"('0189-D-2001', 0)":"ASUNTOS MUNICIPALES","('0189-D-2001', 1)":null,"('0189-D-2001', 2)":null,"('0189-D-2001', 3)":null,"('0189-D-2001', 4)":null},"('Tramites', 'C\u00c1MARA')":{"('0189-D-2001', 0)":"Diputados","('0189-D-2001', 1)":null,"('0189-D-2001', 2)":null,"('0189-D-2001', 3)":null,"('0189-D-2001', 4)":null},"('Tramites', 'MOVIMIENTO')":{"('0189-D-2001', 0)":"CONSIDERACION Y APROBACION","('0189-D-2001', 1)":null,"('0189-D-2001', 2)":null,"('0189-D-2001', 3)":null,"('0189-D-2001', 4)":null},"('Tramites', 'FECHA')":{"('0189-D-2001', 0)":"20\/06\/2001","('0189-D-2001', 1)":null,"('0189-D-2001', 2)":null,"('0189-D-2001', 3)":null,"('0189-D-2001', 4)":null},"('Tramites', 'RESULTADO')":{"('0189-D-2001', 0)":"APROBADO","('0189-D-2001', 1)":null,"('0189-D-2001', 2)":null,"('0189-D-2001', 3)":null,"('0189-D-2001', 4)":null},"Sumario":{"('0189-D-2001', 0)":"SOLICITUD AL PODER EJECUTIVO NACIONAL.","('0189-D-2001', 1)":null,"('0189-D-2001', 2)":null,"('0189-D-2001', 3)":null,"('0189-D-2001', 4)":null},"Palabra Clave":{"('0189-D-2001', 0)":" ","('0189-D-2001', 1)":null,"('0189-D-2001', 2)":null,"('0189-D-2001', 3)":null,"('0189-D-2001', 4)":null}}