{"Tipo de Proyecto":{"('0190-S-2001', 0)":"PROYECTO DE LEY","('0190-S-2001', 1)":null,"('0190-S-2001', 2)":null,"('0190-S-2001', 3)":null,"('0190-S-2001', 4)":null,"('0190-S-2001', 5)":null,"('0190-S-2001', 6)":null,"('0190-S-2001', 7)":null,"('0190-S-2001', 8)":null,"('0190-S-2001', 9)":null,"('0190-S-2001', 10)":null,"('0190-S-2001', 11)":null,"('0190-S-2001', 12)":null,"('0190-S-2001', 13)":null,"('0190-S-2001', 14)":null,"('0190-S-2001', 15)":null,"('0190-S-2001', 16)":null,"('0190-S-2001', 17)":null,"('0190-S-2001', 18)":null,"('0190-S-2001', 19)":null,"('0190-S-2001', 20)":null,"('0190-S-2001', 21)":null},"Iniciado en: ":{"('0190-S-2001', 0)":"Senado","('0190-S-2001', 1)":null,"('0190-S-2001', 2)":null,"('0190-S-2001', 3)":null,"('0190-S-2001', 4)":null,"('0190-S-2001', 5)":null,"('0190-S-2001', 6)":null,"('0190-S-2001', 7)":null,"('0190-S-2001', 8)":null,"('0190-S-2001', 9)":null,"('0190-S-2001', 10)":null,"('0190-S-2001', 11)":null,"('0190-S-2001', 12)":null,"('0190-S-2001', 13)":null,"('0190-S-2001', 14)":null,"('0190-S-2001', 15)":null,"('0190-S-2001', 16)":null,"('0190-S-2001', 17)":null,"('0190-S-2001', 18)":null,"('0190-S-2001', 19)":null,"('0190-S-2001', 20)":null,"('0190-S-2001', 21)":null},"Expediente Diputados: ":{"('0190-S-2001', 0)":"0190-S-2001","('0190-S-2001', 1)":null,"('0190-S-2001', 2)":null,"('0190-S-2001', 3)":null,"('0190-S-2001', 4)":null,"('0190-S-2001', 5)":null,"('0190-S-2001', 6)":null,"('0190-S-2001', 7)":null,"('0190-S-2001', 8)":null,"('0190-S-2001', 9)":null,"('0190-S-2001', 10)":null,"('0190-S-2001', 11)":null,"('0190-S-2001', 12)":null,"('0190-S-2001', 13)":null,"('0190-S-2001', 14)":null,"('0190-S-2001', 15)":null,"('0190-S-2001', 16)":null,"('0190-S-2001', 17)":null,"('0190-S-2001', 18)":null,"('0190-S-2001', 19)":null,"('0190-S-2001', 20)":null,"('0190-S-2001', 21)":null},"Expediente Senado: ":{"('0190-S-2001', 0)":"0959-S-2001","('0190-S-2001', 1)":null,"('0190-S-2001', 2)":null,"('0190-S-2001', 3)":null,"('0190-S-2001', 4)":null,"('0190-S-2001', 5)":null,"('0190-S-2001', 6)":null,"('0190-S-2001', 7)":null,"('0190-S-2001', 8)":null,"('0190-S-2001', 9)":null,"('0190-S-2001', 10)":null,"('0190-S-2001', 11)":null,"('0190-S-2001', 12)":null,"('0190-S-2001', 13)":null,"('0190-S-2001', 14)":null,"('0190-S-2001', 15)":null,"('0190-S-2001', 16)":null,"('0190-S-2001', 17)":null,"('0190-S-2001', 18)":null,"('0190-S-2001', 19)":null,"('0190-S-2001', 20)":null,"('0190-S-2001', 21)":null},"Publicado en: ":{"('0190-S-2001', 0)":"Diario de Asuntos Entrados N\u00b0 62","('0190-S-2001', 1)":null,"('0190-S-2001', 2)":null,"('0190-S-2001', 3)":null,"('0190-S-2001', 4)":null,"('0190-S-2001', 5)":null,"('0190-S-2001', 6)":null,"('0190-S-2001', 7)":null,"('0190-S-2001', 8)":null,"('0190-S-2001', 9)":null,"('0190-S-2001', 10)":null,"('0190-S-2001', 11)":null,"('0190-S-2001', 12)":null,"('0190-S-2001', 13)":null,"('0190-S-2001', 14)":null,"('0190-S-2001', 15)":null,"('0190-S-2001', 16)":null,"('0190-S-2001', 17)":null,"('0190-S-2001', 18)":null,"('0190-S-2001', 19)":null,"('0190-S-2001', 20)":null,"('0190-S-2001', 21)":null},"Fecha: ":{"('0190-S-2001', 0)":"04\/07\/2001","('0190-S-2001', 1)":null,"('0190-S-2001', 2)":null,"('0190-S-2001', 3)":null,"('0190-S-2001', 4)":null,"('0190-S-2001', 5)":null,"('0190-S-2001', 6)":null,"('0190-S-2001', 7)":null,"('0190-S-2001', 8)":null,"('0190-S-2001', 9)":null,"('0190-S-2001', 10)":null,"('0190-S-2001', 11)":null,"('0190-S-2001', 12)":null,"('0190-S-2001', 13)":null,"('0190-S-2001', 14)":null,"('0190-S-2001', 15)":null,"('0190-S-2001', 16)":null,"('0190-S-2001', 17)":null,"('0190-S-2001', 18)":null,"('0190-S-2001', 19)":null,"('0190-S-2001', 20)":null,"('0190-S-2001', 21)":null},"T\u00edtulo":{"('0190-S-2001', 0)":"MODIFICACION DE LA LEY 25413 (DE COMPETITIVIDAD).","('0190-S-2001', 1)":null,"('0190-S-2001', 2)":null,"('0190-S-2001', 3)":null,"('0190-S-2001', 4)":null,"('0190-S-2001', 5)":null,"('0190-S-2001', 6)":null,"('0190-S-2001', 7)":null,"('0190-S-2001', 8)":null,"('0190-S-2001', 9)":null,"('0190-S-2001', 10)":null,"('0190-S-2001', 11)":null,"('0190-S-2001', 12)":null,"('0190-S-2001', 13)":null,"('0190-S-2001', 14)":null,"('0190-S-2001', 15)":null,"('0190-S-2001', 16)":null,"('0190-S-2001', 17)":null,"('0190-S-2001', 18)":null,"('0190-S-2001', 19)":null,"('0190-S-2001', 20)":null,"('0190-S-2001', 21)":null},"('Firmantes', 'FIRMANTE')":{"('0190-S-2001', 0)":"GIOJA, JOSE LUIS","('0190-S-2001', 1)":"SAN MILLAN, JULIO A.","('0190-S-2001', 2)":"MASSAT, JORGE J.","('0190-S-2001', 3)":"BAUZA, EDUARDO","('0190-S-2001', 4)":"MIKKELSEN LOTH, JORGE FEDERICO","('0190-S-2001', 5)":"RAIJER, BEATRIZ IRMA","('0190-S-2001', 6)":"DE LA ROSA, CARLOS LEONARDO","('0190-S-2001', 7)":"SAGER, HUGO ABEL","('0190-S-2001', 8)":"VERNA, CARLOS ALBERTO","('0190-S-2001', 9)":"PALACIOS, GERARDO LUIS","('0190-S-2001', 10)":"ARNOLD, EDUARDO ARIEL","('0190-S-2001', 11)":"BRANDA, RICARDO A.","('0190-S-2001', 12)":"ORTEGA, RAMON BAUTISTA","('0190-S-2001', 13)":"BAUM, DANIEL","('0190-S-2001', 14)":"CANTARERO, EMILIO MARCELO","('0190-S-2001', 15)":"CARBONELL, JOSE FERNANDO","('0190-S-2001', 16)":"COSTANZO, REMO J.","('0190-S-2001', 17)":"OUDIN, ERNESTO RENE","('0190-S-2001', 18)":"MARTINEZ ALMUDEVAR, ENRIQUE","('0190-S-2001', 19)":"VAQUIR, OMAR M.","('0190-S-2001', 20)":"PRUYAS, TOMAS RUBEN","('0190-S-2001', 21)":"RODRIGUEZ, MANUEL AUGUSTO"},"('Firmantes', 'DISTRITO')":{"('0190-S-2001', 0)":"SAN JUAN","('0190-S-2001', 1)":"SALTA","('0190-S-2001', 2)":"SANTA FE","('0190-S-2001', 3)":"MENDOZA","('0190-S-2001', 4)":"SANTIAGO DEL ESTERO","('0190-S-2001', 5)":"CORDOBA","('0190-S-2001', 6)":"MENDOZA","('0190-S-2001', 7)":"CHACO","('0190-S-2001', 8)":"LA PAMPA","('0190-S-2001', 9)":"TIERRA DEL FUEGO","('0190-S-2001', 10)":"SANTA CRUZ","('0190-S-2001', 11)":"FORMOSA","('0190-S-2001', 12)":"TUCUMAN","('0190-S-2001', 13)":"NEUQUEN","('0190-S-2001', 14)":"SALTA","('0190-S-2001', 15)":"TIERRA DEL FUEGO","('0190-S-2001', 16)":"RIO NEGRO","('0190-S-2001', 17)":"MISIONES","('0190-S-2001', 18)":"LA PAMPA","('0190-S-2001', 19)":"SANTIAGO DEL ESTERO","('0190-S-2001', 20)":"CORRIENTES","('0190-S-2001', 21)":"FORMOSA"},"('Firmantes', 'BLOQUE')":{"('0190-S-2001', 0)":"JUSTICIALISTA","('0190-S-2001', 1)":"JUSTICIALISTA","('0190-S-2001', 2)":"JUSTICIALISTA","('0190-S-2001', 3)":"JUSTICIALISTA","('0190-S-2001', 4)":"JUSTICIALISTA","('0190-S-2001', 5)":"JUSTICIALISTA","('0190-S-2001', 6)":"JUSTICIALISTA","('0190-S-2001', 7)":"JUSTICIALISTA","('0190-S-2001', 8)":"JUSTICIALISTA","('0190-S-2001', 9)":"JUSTICIALISTA","('0190-S-2001', 10)":"JUSTICIALISTA","('0190-S-2001', 11)":"JUSTICIALISTA","('0190-S-2001', 12)":"JUSTICIALISTA","('0190-S-2001', 13)":"JUSTICIALISTA","('0190-S-2001', 14)":"JUSTICIALISTA","('0190-S-2001', 15)":"JUSTICIALISTA","('0190-S-2001', 16)":"JUSTICIALISTA","('0190-S-2001', 17)":"JUSTICIALISTA","('0190-S-2001', 18)":"JUSTICIALISTA","('0190-S-2001', 19)":"JUSTICIALISTA","('0190-S-2001', 20)":"JUSTICIALISTA","('0190-S-2001', 21)":"JUSTICIALISTA"},"('Giros', 'COMISI\u00d3N')":{"('0190-S-2001', 0)":"PRESUPUESTO Y HACIENDA","('0190-S-2001', 1)":null,"('0190-S-2001', 2)":null,"('0190-S-2001', 3)":null,"('0190-S-2001', 4)":null,"('0190-S-2001', 5)":null,"('0190-S-2001', 6)":null,"('0190-S-2001', 7)":null,"('0190-S-2001', 8)":null,"('0190-S-2001', 9)":null,"('0190-S-2001', 10)":null,"('0190-S-2001', 11)":null,"('0190-S-2001', 12)":null,"('0190-S-2001', 13)":null,"('0190-S-2001', 14)":null,"('0190-S-2001', 15)":null,"('0190-S-2001', 16)":null,"('0190-S-2001', 17)":null,"('0190-S-2001', 18)":null,"('0190-S-2001', 19)":null,"('0190-S-2001', 20)":null,"('0190-S-2001', 21)":null},"('Tramites', 'C\u00c1MARA')":{"('0190-S-2001', 0)":"Senado","('0190-S-2001', 1)":"Senado","('0190-S-2001', 2)":"Senado","('0190-S-2001', 3)":"Diputados","('0190-S-2001', 4)":null,"('0190-S-2001', 5)":null,"('0190-S-2001', 6)":null,"('0190-S-2001', 7)":null,"('0190-S-2001', 8)":null,"('0190-S-2001', 9)":null,"('0190-S-2001', 10)":null,"('0190-S-2001', 11)":null,"('0190-S-2001', 12)":null,"('0190-S-2001', 13)":null,"('0190-S-2001', 14)":null,"('0190-S-2001', 15)":null,"('0190-S-2001', 16)":null,"('0190-S-2001', 17)":null,"('0190-S-2001', 18)":null,"('0190-S-2001', 19)":null,"('0190-S-2001', 20)":null,"('0190-S-2001', 21)":null},"('Tramites', 'MOVIMIENTO')":{"('0190-S-2001', 0)":"SOLICITUD DE SER COFIRMANTE DEL SENADOR PRUYAS (0966-S-01) (A SUS ANTECEDENTES)","('0190-S-2001', 1)":"SOLICITUD DE SER COFIRMANTE DEL SENADOR RODRIGUEZ (0976-S-01) (A SUS ANTECEDENTES)","('0190-S-2001', 2)":"CONSIDERACION Y APROBACION CON MODIFICACIONES","('0190-S-2001', 3)":"PASA A DIPUTADOS - (TP 144)","('0190-S-2001', 4)":null,"('0190-S-2001', 5)":null,"('0190-S-2001', 6)":null,"('0190-S-2001', 7)":null,"('0190-S-2001', 8)":null,"('0190-S-2001', 9)":null,"('0190-S-2001', 10)":null,"('0190-S-2001', 11)":null,"('0190-S-2001', 12)":null,"('0190-S-2001', 13)":null,"('0190-S-2001', 14)":null,"('0190-S-2001', 15)":null,"('0190-S-2001', 16)":null,"('0190-S-2001', 17)":null,"('0190-S-2001', 18)":null,"('0190-S-2001', 19)":null,"('0190-S-2001', 20)":null,"('0190-S-2001', 21)":null},"('Tramites', 'FECHA')":{"('0190-S-2001', 0)":null,"('0190-S-2001', 1)":null,"('0190-S-2001', 2)":"18\/09\/2001","('0190-S-2001', 3)":null,"('0190-S-2001', 4)":null,"('0190-S-2001', 5)":null,"('0190-S-2001', 6)":null,"('0190-S-2001', 7)":null,"('0190-S-2001', 8)":null,"('0190-S-2001', 9)":null,"('0190-S-2001', 10)":null,"('0190-S-2001', 11)":null,"('0190-S-2001', 12)":null,"('0190-S-2001', 13)":null,"('0190-S-2001', 14)":null,"('0190-S-2001', 15)":null,"('0190-S-2001', 16)":null,"('0190-S-2001', 17)":null,"('0190-S-2001', 18)":null,"('0190-S-2001', 19)":null,"('0190-S-2001', 20)":null,"('0190-S-2001', 21)":null},"('Tramites', 'RESULTADO')":{"('0190-S-2001', 0)":null,"('0190-S-2001', 1)":null,"('0190-S-2001', 2)":"MEDIA SANCION","('0190-S-2001', 3)":null,"('0190-S-2001', 4)":null,"('0190-S-2001', 5)":null,"('0190-S-2001', 6)":null,"('0190-S-2001', 7)":null,"('0190-S-2001', 8)":null,"('0190-S-2001', 9)":null,"('0190-S-2001', 10)":null,"('0190-S-2001', 11)":null,"('0190-S-2001', 12)":null,"('0190-S-2001', 13)":null,"('0190-S-2001', 14)":null,"('0190-S-2001', 15)":null,"('0190-S-2001', 16)":null,"('0190-S-2001', 17)":null,"('0190-S-2001', 18)":null,"('0190-S-2001', 19)":null,"('0190-S-2001', 20)":null,"('0190-S-2001', 21)":null},"Sumario":{"('0190-S-2001', 0)":"SUSTITUCION DEL ARTICULO 3 (COPARTICIPACION DEL FONDO DE EMERGENCIA PUBLICA).","('0190-S-2001', 1)":null,"('0190-S-2001', 2)":null,"('0190-S-2001', 3)":null,"('0190-S-2001', 4)":null,"('0190-S-2001', 5)":null,"('0190-S-2001', 6)":null,"('0190-S-2001', 7)":null,"('0190-S-2001', 8)":null,"('0190-S-2001', 9)":null,"('0190-S-2001', 10)":null,"('0190-S-2001', 11)":null,"('0190-S-2001', 12)":null,"('0190-S-2001', 13)":null,"('0190-S-2001', 14)":null,"('0190-S-2001', 15)":null,"('0190-S-2001', 16)":null,"('0190-S-2001', 17)":null,"('0190-S-2001', 18)":null,"('0190-S-2001', 19)":null,"('0190-S-2001', 20)":null,"('0190-S-2001', 21)":null},"Palabra Clave":{"('0190-S-2001', 0)":" ","('0190-S-2001', 1)":null,"('0190-S-2001', 2)":null,"('0190-S-2001', 3)":null,"('0190-S-2001', 4)":null,"('0190-S-2001', 5)":null,"('0190-S-2001', 6)":null,"('0190-S-2001', 7)":null,"('0190-S-2001', 8)":null,"('0190-S-2001', 9)":null,"('0190-S-2001', 10)":null,"('0190-S-2001', 11)":null,"('0190-S-2001', 12)":null,"('0190-S-2001', 13)":null,"('0190-S-2001', 14)":null,"('0190-S-2001', 15)":null,"('0190-S-2001', 16)":null,"('0190-S-2001', 17)":null,"('0190-S-2001', 18)":null,"('0190-S-2001', 19)":null,"('0190-S-2001', 20)":null,"('0190-S-2001', 21)":null}}