{"Tipo de Proyecto":{"('0190-D-2001', 0)":"PROYECTO DE DECLARACI\u00d3N","('0190-D-2001', 1)":null,"('0190-D-2001', 2)":null,"('0190-D-2001', 3)":null,"('0190-D-2001', 4)":null,"('0190-D-2001', 5)":null},"Iniciado en: ":{"('0190-D-2001', 0)":"Diputados","('0190-D-2001', 1)":null,"('0190-D-2001', 2)":null,"('0190-D-2001', 3)":null,"('0190-D-2001', 4)":null,"('0190-D-2001', 5)":null},"Expediente Diputados: ":{"('0190-D-2001', 0)":"0190-D-2001","('0190-D-2001', 1)":null,"('0190-D-2001', 2)":null,"('0190-D-2001', 3)":null,"('0190-D-2001', 4)":null,"('0190-D-2001', 5)":null},"Publicado en: ":{"('0190-D-2001', 0)":"Tr\u00e1mite Parlamentario N\u00b0 2","('0190-D-2001', 1)":null,"('0190-D-2001', 2)":null,"('0190-D-2001', 3)":null,"('0190-D-2001', 4)":null,"('0190-D-2001', 5)":null},"Fecha: ":{"('0190-D-2001', 0)":"02\/03\/2001","('0190-D-2001', 1)":null,"('0190-D-2001', 2)":null,"('0190-D-2001', 3)":null,"('0190-D-2001', 4)":null,"('0190-D-2001', 5)":null},"T\u00edtulo":{"('0190-D-2001', 0)":"PUBLICACION DEL LIBRO \"FLORA DEL NEUQUEN, PLANTAS DE USO MEDICINAL\" DE LA LICENCIADA NORA DUSEVICH.","('0190-D-2001', 1)":null,"('0190-D-2001', 2)":null,"('0190-D-2001', 3)":null,"('0190-D-2001', 4)":null,"('0190-D-2001', 5)":null},"('Firmantes', 'FIRMANTE')":{"('0190-D-2001', 0)":"SAVRON, HAYDE TERESA","('0190-D-2001', 1)":"LOFFLER, ERNESTO","('0190-D-2001', 2)":"LAMISOVSKY, ARNOLDO","('0190-D-2001', 3)":"FERRERO, FERNANDA","('0190-D-2001', 4)":"DAS NEVES, MARIO","('0190-D-2001', 5)":"POLINO, HECTOR TEODORO"},"('Firmantes', 'DISTRITO')":{"('0190-D-2001', 0)":"NEUQUEN","('0190-D-2001', 1)":"TIERRA DEL FUEGO","('0190-D-2001', 2)":"CORDOBA","('0190-D-2001', 3)":"CIUDAD de BUENOS AIRES","('0190-D-2001', 4)":"CHUBUT","('0190-D-2001', 5)":"CIUDAD de BUENOS AIRES"},"('Firmantes', 'BLOQUE')":{"('0190-D-2001', 0)":"MOV POP NEUQUINO","('0190-D-2001', 1)":"LIBERAL","('0190-D-2001', 2)":"ACCION REPUBLICA","('0190-D-2001', 3)":"ACCION REPUBLICA","('0190-D-2001', 4)":"JUSTICIALISTA","('0190-D-2001', 5)":"FREPASO"},"('Giros', 'COMISI\u00d3N')":{"('0190-D-2001', 0)":"ACCION SOCIAL Y SALUD PUBLICA","('0190-D-2001', 1)":null,"('0190-D-2001', 2)":null,"('0190-D-2001', 3)":null,"('0190-D-2001', 4)":null,"('0190-D-2001', 5)":null},"Sumario":{"('0190-D-2001', 0)":"DECLARACION DE INTERES PARLAMENTARIO.","('0190-D-2001', 1)":null,"('0190-D-2001', 2)":null,"('0190-D-2001', 3)":null,"('0190-D-2001', 4)":null,"('0190-D-2001', 5)":null},"Palabra Clave":{"('0190-D-2001', 0)":" ","('0190-D-2001', 1)":null,"('0190-D-2001', 2)":null,"('0190-D-2001', 3)":null,"('0190-D-2001', 4)":null,"('0190-D-2001', 5)":null}}