{"Tipo de Proyecto":{"('0191-S-2001', 0)":"COMUNICACION"},"Iniciado en: ":{"('0191-S-2001', 0)":"Senado"},"Expediente Senado: ":{"('0191-S-2001', 0)":"0191-S-2001"},"Publicado en: ":{"('0191-S-2001', 0)":"Diario de Asuntos Entrados N\u00b0 11"},"Fecha: ":{"('0191-S-2001', 0)":"21\/03\/2001"},"T\u00edtulo":{"('0191-S-2001', 0)":"SUBSIDIO PARA LA COMISION 25 DE MAYO DEL CRISTO PEREGRINO, SITA EN RUTA 147 -LA BOLSA- LOCALIDAD 25 DE MAYO, PROVINCIA DE SAN JUAN."},"('Firmantes', 'FIRMANTE')":{"('0191-S-2001', 0)":"GIOJA, JOSE LUIS"},"('Firmantes', 'DISTRITO')":{"('0191-S-2001', 0)":"SAN JUAN"},"('Firmantes', 'BLOQUE')":{"('0191-S-2001', 0)":"JUSTICIALISTA"},"('Tramites', 'C\u00c1MARA')":{"('0191-S-2001', 0)":"Senado"},"('Tramites', 'MOVIMIENTO')":{"('0191-S-2001', 0)":"CONSIDERACION Y APROBACION"},"('Tramites', 'FECHA')":{"('0191-S-2001', 0)":"23\/10\/2001"},"('Tramites', 'RESULTADO')":{"('0191-S-2001', 0)":"APROBADO"},"Sumario":{"('0191-S-2001', 0)":"SOLICITUD AL PODER EJECUTIVO NACIONAL."},"Palabra Clave":{"('0191-S-2001', 0)":" "}}