{"Tipo de Proyecto":{"('0192-S-2001', 0)":"PROYECTO DE LEY","('0192-S-2001', 1)":null},"Iniciado en: ":{"('0192-S-2001', 0)":"Senado","('0192-S-2001', 1)":null},"Expediente Diputados: ":{"('0192-S-2001', 0)":"0192-S-2001","('0192-S-2001', 1)":null},"Expediente Senado: ":{"('0192-S-2001', 0)":"1187-S-2001","('0192-S-2001', 1)":null},"Publicado en: ":{"('0192-S-2001', 0)":"Diario de Asuntos Entrados N\u00b0 79","('0192-S-2001', 1)":null},"Fecha: ":{"('0192-S-2001', 0)":"22\/08\/2001","('0192-S-2001', 1)":null},"T\u00edtulo":{"('0192-S-2001', 0)":"DECLARAR ZONA DE DESASTRE LOS DEPARTAMENTOS DE GAIMAN Y RAWSON Y A LOS MUNICIPIOS UBICADOS SOBRE LA RIBERA DEL RIO CHUBUT, A RAIZ  DE LA DESTRUCCION Y DA\u00d1OS OCASIONADOS  EN LA REGION POR LOS DESBORDES DEL RIO EN TODA LA RIBERA VALLETANA.","('0192-S-2001', 1)":null},"('Firmantes', 'FIRMANTE')":{"('0192-S-2001', 0)":"SALA, OSVALDO RUBEN","('0192-S-2001', 1)":"SAEZ, JOSE MARIA"},"('Firmantes', 'DISTRITO')":{"('0192-S-2001', 0)":"CHUBUT","('0192-S-2001', 1)":"CHUBUT"},"('Firmantes', 'BLOQUE')":{"('0192-S-2001', 0)":"JUSTICIALISTA","('0192-S-2001', 1)":"UCR"},"('Giros', 'COMISI\u00d3N')":{"('0192-S-2001', 0)":"PRESUPUESTO Y HACIENDA","('0192-S-2001', 1)":"ECONOMIAS Y DESARROLLO REGIONAL"},"('Tramites', 'C\u00c1MARA')":{"('0192-S-2001', 0)":"Senado","('0192-S-2001', 1)":"Diputados"},"('Tramites', 'MOVIMIENTO')":{"('0192-S-2001', 0)":"CONSIDERACION Y APROBACION","('0192-S-2001', 1)":"PASA A DIPUTADOS - (EXPEDIENTE 0242-CD-01 TP 145)"},"('Tramites', 'FECHA')":{"('0192-S-2001', 0)":"18\/09\/2001","('0192-S-2001', 1)":null},"('Tramites', 'RESULTADO')":{"('0192-S-2001', 0)":"MEDIA SANCION","('0192-S-2001', 1)":null},"Sumario":{"('0192-S-2001', 0)":"PARTIDA PRESUPUESTARIA; DISTRIBUCION DE FONDOS.","('0192-S-2001', 1)":null},"Palabra Clave":{"('0192-S-2001', 0)":" ","('0192-S-2001', 1)":null}}