{"Tipo de Proyecto":{"('0193-D-2001', 0)":"PROYECTO DE DECLARACI\u00d3N","('0193-D-2001', 1)":null,"('0193-D-2001', 2)":null,"('0193-D-2001', 3)":null,"('0193-D-2001', 4)":null,"('0193-D-2001', 5)":null},"Iniciado en: ":{"('0193-D-2001', 0)":"Diputados","('0193-D-2001', 1)":null,"('0193-D-2001', 2)":null,"('0193-D-2001', 3)":null,"('0193-D-2001', 4)":null,"('0193-D-2001', 5)":null},"Expediente Diputados: ":{"('0193-D-2001', 0)":"0193-D-2001","('0193-D-2001', 1)":null,"('0193-D-2001', 2)":null,"('0193-D-2001', 3)":null,"('0193-D-2001', 4)":null,"('0193-D-2001', 5)":null},"Publicado en: ":{"('0193-D-2001', 0)":"Tr\u00e1mite Parlamentario N\u00b0 2","('0193-D-2001', 1)":null,"('0193-D-2001', 2)":null,"('0193-D-2001', 3)":null,"('0193-D-2001', 4)":null,"('0193-D-2001', 5)":null},"Fecha: ":{"('0193-D-2001', 0)":"02\/03\/2001","('0193-D-2001', 1)":null,"('0193-D-2001', 2)":null,"('0193-D-2001', 3)":null,"('0193-D-2001', 4)":null,"('0193-D-2001', 5)":null},"T\u00edtulo":{"('0193-D-2001', 0)":"DISPONER LAS MEDIDAS NECESARIAS PARA FOMENTAR LA INVESTIGACION Y DESARROLLO DE LOS POLIMEROS PARA AUMENTAR LA EFICIENCIA EN EL MANEJO DEL AGUA PARA RIEGO, EN EL AMBITO DEL INSTITUTO DE SUELOS INTA-CASTELAR, PROVINCIA DE BUENOS AIRES.","('0193-D-2001', 1)":null,"('0193-D-2001', 2)":null,"('0193-D-2001', 3)":null,"('0193-D-2001', 4)":null,"('0193-D-2001', 5)":null},"('Firmantes', 'FIRMANTE')":{"('0193-D-2001', 0)":"SAVRON, HAYDE TERESA","('0193-D-2001', 1)":"LOFFLER, ERNESTO","('0193-D-2001', 2)":"DAS NEVES, MARIO","('0193-D-2001', 3)":"FERRERO, FERNANDA","('0193-D-2001', 4)":"LAMISOVSKY, ARNOLDO","('0193-D-2001', 5)":"POLINO, HECTOR TEODORO"},"('Firmantes', 'DISTRITO')":{"('0193-D-2001', 0)":"NEUQUEN","('0193-D-2001', 1)":"TIERRA DEL FUEGO","('0193-D-2001', 2)":"CHUBUT","('0193-D-2001', 3)":"CIUDAD de BUENOS AIRES","('0193-D-2001', 4)":"CORDOBA","('0193-D-2001', 5)":"CIUDAD de BUENOS AIRES"},"('Firmantes', 'BLOQUE')":{"('0193-D-2001', 0)":"MOV POP NEUQUINO","('0193-D-2001', 1)":"LIBERAL","('0193-D-2001', 2)":"JUSTICIALISTA","('0193-D-2001', 3)":"ACCION REPUBLICA","('0193-D-2001', 4)":"ACCION REPUBLICA","('0193-D-2001', 5)":"FREPASO"},"('Giros', 'COMISI\u00d3N')":{"('0193-D-2001', 0)":"CIENCIA Y TECNOLOGIA","('0193-D-2001', 1)":null,"('0193-D-2001', 2)":null,"('0193-D-2001', 3)":null,"('0193-D-2001', 4)":null,"('0193-D-2001', 5)":null},"Sumario":{"('0193-D-2001', 0)":"SOLICITUD AL PODER EJECUTIVO NACIONAL.","('0193-D-2001', 1)":null,"('0193-D-2001', 2)":null,"('0193-D-2001', 3)":null,"('0193-D-2001', 4)":null,"('0193-D-2001', 5)":null},"Palabra Clave":{"('0193-D-2001', 0)":" ","('0193-D-2001', 1)":null,"('0193-D-2001', 2)":null,"('0193-D-2001', 3)":null,"('0193-D-2001', 4)":null,"('0193-D-2001', 5)":null}}