{"Tipo de Proyecto":{"('0194-S-2001', 0)":"PROYECTO DE RESOLUCI\u00d3N","('0194-S-2001', 1)":null},"Iniciado en: ":{"('0194-S-2001', 0)":"Senado","('0194-S-2001', 1)":null},"Expediente Senado: ":{"('0194-S-2001', 0)":"0194-S-2001","('0194-S-2001', 1)":null},"Publicado en: ":{"('0194-S-2001', 0)":"Diario de Asuntos Entrados N\u00b0 11","('0194-S-2001', 1)":null},"Fecha: ":{"('0194-S-2001', 0)":"21\/03\/2001","('0194-S-2001', 1)":null},"T\u00edtulo":{"('0194-S-2001', 0)":"RATIFICAR LA PLENA VIGENCIA DE LAS LEYES 23966 Y 24181 QUE ESTABLECEN DESGRAVACIONES IMPOSITIVAS AL CONSUMO DE COMBUSTIBLES EN LA REGION PATAGONICA, RECHAZANDO TODA INICIATIVA TENDIENTE A MODIFICAR EN TODO O EN PARTE SU OPERATIVIDAD.","('0194-S-2001', 1)":null},"('Firmantes', 'FIRMANTE')":{"('0194-S-2001', 0)":"ROMERO, MARCELO","('0194-S-2001', 1)":"SALA, OSVALDO RUBEN"},"('Firmantes', 'DISTRITO')":{"('0194-S-2001', 0)":"TIERRA DEL FUEGO","('0194-S-2001', 1)":"CHUBUT"},"('Firmantes', 'BLOQUE')":{"('0194-S-2001', 0)":"MOV POP FUEGUINO","('0194-S-2001', 1)":"JUSTICIALISTA"},"Sumario":{"('0194-S-2001', 0)":"RATIFICAR LA VIGENCIA DE LA LEY 25401 DE PRESUPUESTO GENERAL DE GASTOS DE LA ADMINISTRACION NACIONAL PARA EL EJERCICIO 2001, RECHAZANDO TODA INICIATIVA TENDIENTE A MODIFICAR EN TODO O EN PARTE SU OPERATIVIDAD.","('0194-S-2001', 1)":null},"Palabra Clave":{"('0194-S-2001', 0)":" ","('0194-S-2001', 1)":null}}