{"Tipo de Proyecto":{"('0195-S-2001', 0)":"PROYECTO DE LEY","('0195-S-2001', 1)":null,"('0195-S-2001', 2)":null,"('0195-S-2001', 3)":null},"Iniciado en: ":{"('0195-S-2001', 0)":"Senado","('0195-S-2001', 1)":null,"('0195-S-2001', 2)":null,"('0195-S-2001', 3)":null},"Expediente Diputados: ":{"('0195-S-2001', 0)":"0195-S-2001","('0195-S-2001', 1)":null,"('0195-S-2001', 2)":null,"('0195-S-2001', 3)":null},"Expediente Senado: ":{"('0195-S-2001', 0)":"1285-S-2001","('0195-S-2001', 1)":null,"('0195-S-2001', 2)":null,"('0195-S-2001', 3)":null},"Publicado en: ":{"('0195-S-2001', 0)":"Diario de Asuntos Entrados N\u00b0 86","('0195-S-2001', 1)":null,"('0195-S-2001', 2)":null,"('0195-S-2001', 3)":null},"Fecha: ":{"('0195-S-2001', 0)":"04\/09\/2001","('0195-S-2001', 1)":null,"('0195-S-2001', 2)":null,"('0195-S-2001', 3)":null},"T\u00edtulo":{"('0195-S-2001', 0)":"AUTORIZACION A LAS PROVINCIAS DE ENTRE RIOS, CORRIENTES Y MISIONES A COMPROMETER COMO GARANTIA A SUS ACREEDORES RECURSOS PROVENIENTES DE LA LEY SOBRE FONDO DE SALTO GRANDE.","('0195-S-2001', 1)":null,"('0195-S-2001', 2)":null,"('0195-S-2001', 3)":null},"('Firmantes', 'FIRMANTE')":{"('0195-S-2001', 0)":"MAYA, HECTOR MARIA","('0195-S-2001', 1)":"LOPEZ, ALCIDES HUMBERTO","('0195-S-2001', 2)":null,"('0195-S-2001', 3)":null},"('Firmantes', 'DISTRITO')":{"('0195-S-2001', 0)":"ENTRE RIOS","('0195-S-2001', 1)":"ENTRE RIOS","('0195-S-2001', 2)":null,"('0195-S-2001', 3)":null},"('Firmantes', 'BLOQUE')":{"('0195-S-2001', 0)":"17 DE OCTUBRE","('0195-S-2001', 1)":"UCR","('0195-S-2001', 2)":null,"('0195-S-2001', 3)":null},"('Giros', 'COMISI\u00d3N')":{"('0195-S-2001', 0)":"PRESUPUESTO Y HACIENDA","('0195-S-2001', 1)":null,"('0195-S-2001', 2)":null,"('0195-S-2001', 3)":null},"('Tramites', 'C\u00c1MARA')":{"('0195-S-2001', 0)":"Senado","('0195-S-2001', 1)":"Senado","('0195-S-2001', 2)":"Senado","('0195-S-2001', 3)":"Diputados"},"('Tramites', 'MOVIMIENTO')":{"('0195-S-2001', 0)":"SOLICITUD DE SER COFIRMANTE DEL SENADOR LOPEZ (1323-S-01) (A SUS ANTECEDENTES)","('0195-S-2001', 1)":"MOCION SOBRE TABLAS (AFIRMATIVA)","('0195-S-2001', 2)":"CONSIDERACION Y APROBACION","('0195-S-2001', 3)":"PASA A DIPUTADOS - (EXPEDIENTE 0245-CD-01 TP 145)"},"('Tramites', 'FECHA')":{"('0195-S-2001', 0)":"18\/09\/2001","('0195-S-2001', 1)":"18\/09\/2001","('0195-S-2001', 2)":"18\/09\/2001","('0195-S-2001', 3)":null},"('Tramites', 'RESULTADO')":{"('0195-S-2001', 0)":null,"('0195-S-2001', 1)":null,"('0195-S-2001', 2)":"MEDIA SANCION","('0195-S-2001', 3)":null},"Sumario":{"('0195-S-2001', 0)":"CARACTER DE LA PRESENTE LEY: CONCORDANTE, RATIFICATORIA Y COMPLEMENTARIA DE LA LEY 24954.","('0195-S-2001', 1)":null,"('0195-S-2001', 2)":null,"('0195-S-2001', 3)":null},"Palabra Clave":{"('0195-S-2001', 0)":" ","('0195-S-2001', 1)":null,"('0195-S-2001', 2)":null,"('0195-S-2001', 3)":null}}