{"Tipo de Proyecto":{"('0196-D-2001', 0)":"PROYECTO DE LEY","('0196-D-2001', 1)":null},"Iniciado en: ":{"('0196-D-2001', 0)":"Diputados","('0196-D-2001', 1)":null},"Expediente Diputados: ":{"('0196-D-2001', 0)":"0196-D-2001","('0196-D-2001', 1)":null},"Publicado en: ":{"('0196-D-2001', 0)":"Tr\u00e1mite Parlamentario N\u00b0 3","('0196-D-2001', 1)":null},"Fecha: ":{"('0196-D-2001', 0)":"05\/03\/2001","('0196-D-2001', 1)":null},"T\u00edtulo":{"('0196-D-2001', 0)":"CODIGO CIVIL: MODIFICACIONES (REPRODUCCION DEL EXPEDIENTE 5896-D-99).","('0196-D-2001', 1)":null},"('Firmantes', 'FIRMANTE')":{"('0196-D-2001', 0)":"CAMA\u00d1O, GRACIELA","('0196-D-2001', 1)":null},"('Firmantes', 'DISTRITO')":{"('0196-D-2001', 0)":"BUENOS AIRES","('0196-D-2001', 1)":null},"('Firmantes', 'BLOQUE')":{"('0196-D-2001', 0)":"JUSTICIALISTA","('0196-D-2001', 1)":null},"('Giros', 'COMISI\u00d3N')":{"('0196-D-2001', 0)":"LEGISLACION GENERAL","('0196-D-2001', 1)":"ASUNTOS MUNICIPALES"},"Sumario":{"('0196-D-2001', 0)":"INCORPORACION DE ARTICULO 1131 BIS (RESPONSABILIDAD DEL ESTADO POR AQUELLOS DA\u00d1OS CAUSADOS POR ANIMALES A LOS QUE NO SE LES CONOCIEREN PROPIETARIOS).","('0196-D-2001', 1)":null},"Palabra Clave":{"('0196-D-2001', 0)":" ","('0196-D-2001', 1)":null}}