{"Tipo de Proyecto":{"('0197-S-2001', 0)":"PROYECTO DE RESOLUCI\u00d3N","('0197-S-2001', 1)":null,"('0197-S-2001', 2)":null,"('0197-S-2001', 3)":null},"Iniciado en: ":{"('0197-S-2001', 0)":"Senado","('0197-S-2001', 1)":null,"('0197-S-2001', 2)":null,"('0197-S-2001', 3)":null},"Expediente Senado: ":{"('0197-S-2001', 0)":"0197-S-2001","('0197-S-2001', 1)":null,"('0197-S-2001', 2)":null,"('0197-S-2001', 3)":null},"Publicado en: ":{"('0197-S-2001', 0)":"Diario de Asuntos Entrados N\u00b0 11","('0197-S-2001', 1)":null,"('0197-S-2001', 2)":null,"('0197-S-2001', 3)":null},"Fecha: ":{"('0197-S-2001', 0)":"21\/03\/2001","('0197-S-2001', 1)":null,"('0197-S-2001', 2)":null,"('0197-S-2001', 3)":null},"T\u00edtulo":{"('0197-S-2001', 0)":"INSTRUIR A LA AFIP-DGI, PARA QUE SE ABSTENGA DE REPOTENCIAR LAS DEUDAS DE AUTONOMOS Y ESTABLECER CON LA MAYOR URGENCIA UN TOPE ANUAL PARA EL CALCULO DE LOS INTERESES RESARCITORIOS SOBRE LA DEUDA DE AUTONOMOS.","('0197-S-2001', 1)":null,"('0197-S-2001', 2)":null,"('0197-S-2001', 3)":null},"('Firmantes', 'FIRMANTE')":{"('0197-S-2001', 0)":"MAYA, HECTOR MARIA","('0197-S-2001', 1)":"VARIZAT, DANIEL","('0197-S-2001', 2)":"VILLAVERDE, JORGE ANTONIO","('0197-S-2001', 3)":"CAFIERO, ANTONIO FRANCISCO"},"('Firmantes', 'DISTRITO')":{"('0197-S-2001', 0)":"ENTRE RIOS","('0197-S-2001', 1)":"SANTA CRUZ","('0197-S-2001', 2)":"BUENOS AIRES","('0197-S-2001', 3)":"BUENOS AIRES"},"('Firmantes', 'BLOQUE')":{"('0197-S-2001', 0)":"JUSTICIALISTA FEDERAL","('0197-S-2001', 1)":"JUSTICIALISTA FEDERAL","('0197-S-2001', 2)":"JUSTICIALISTA","('0197-S-2001', 3)":"JUSTICIALISTA"},"Sumario":{"('0197-S-2001', 0)":"SOLICITUD AL PODER EJECUTIVO NACIONAL.","('0197-S-2001', 1)":null,"('0197-S-2001', 2)":null,"('0197-S-2001', 3)":null},"Palabra Clave":{"('0197-S-2001', 0)":" ","('0197-S-2001', 1)":null,"('0197-S-2001', 2)":null,"('0197-S-2001', 3)":null}}