{"Tipo de Proyecto":{"('0197-D-2001', 0)":"PROYECTO DE LEY"},"Iniciado en: ":{"('0197-D-2001', 0)":"Diputados"},"Expediente Diputados: ":{"('0197-D-2001', 0)":"0197-D-2001"},"Publicado en: ":{"('0197-D-2001', 0)":"Tr\u00e1mite Parlamentario N\u00b0 3"},"Fecha: ":{"('0197-D-2001', 0)":"05\/03\/2001"},"T\u00edtulo":{"('0197-D-2001', 0)":"LEY 19945 (CODIGO NACIONAL ELECTORAL): MODIFICACIONES (REPRODUCCION DEL EXPEDIENTE 5788-D-99)."},"('Firmantes', 'FIRMANTE')":{"('0197-D-2001', 0)":"CAMA\u00d1O, GRACIELA"},"('Firmantes', 'DISTRITO')":{"('0197-D-2001', 0)":"BUENOS AIRES"},"('Firmantes', 'BLOQUE')":{"('0197-D-2001', 0)":"JUSTICIALISTA"},"('Giros', 'COMISI\u00d3N')":{"('0197-D-2001', 0)":"ASUNTOS CONSTITUCIONALES"},"Sumario":{"('0197-D-2001', 0)":"INCORPORACION DE LOS ARTICULOS 139 BIS (SANCIONES PARA LOS CANDIDATOS QUE OFREZCAN REGALOS, BIENES, PUESTOS PUBLICOS U OTRAS VENTAJAS, CON EL OBJETO DE OBTENER VOTOS), 139 TER (SANCIONES PARA QUIENES RECIBAN LAS VENTAJAS PREVISTAS EN EL ARTICULO ANTERIOR) Y 139 QUATER (DELITOS TIPIFICADOS EN LOS DOS ARTICULOS ANTERIORES EN GRADO DE TENTATIVA: APLICACION DE LAS APLICACIONES PREVISTAS POR EL CODIGO PENAL)."},"Palabra Clave":{"('0197-D-2001', 0)":" "}}