{"Tipo de Proyecto":{"('0198-D-2001', 0)":"PROYECTO DE LEY"},"Iniciado en: ":{"('0198-D-2001', 0)":"Diputados"},"Expediente Diputados: ":{"('0198-D-2001', 0)":"0198-D-2001"},"Publicado en: ":{"('0198-D-2001', 0)":"Tr\u00e1mite Parlamentario N\u00b0 3"},"Fecha: ":{"('0198-D-2001', 0)":"05\/03\/2001"},"T\u00edtulo":{"('0198-D-2001', 0)":"LEY 20094 DE NAVEGACION: MODIFICACIONES (REPRODUCCION DEL EXPEDIENTE 5696-D-99)."},"('Firmantes', 'FIRMANTE')":{"('0198-D-2001', 0)":"CAMA\u00d1O, GRACIELA"},"('Firmantes', 'DISTRITO')":{"('0198-D-2001', 0)":"BUENOS AIRES"},"('Firmantes', 'BLOQUE')":{"('0198-D-2001', 0)":"JUSTICIALISTA"},"('Giros', 'COMISI\u00d3N')":{"('0198-D-2001', 0)":"LEGISLACION GENERAL"},"Sumario":{"('0198-D-2001', 0)":"MODIFICACION DE LOS ARTICULOS 330 (RESPONSABILIDAD POR MUERTE O LESIONES DEL PASAJERO), 331 (EXTENSION DEL RESARCIMIENTO), 342 (PROPIETARIO O ARMADOR DISTINTOS DEL TRANSPORTADOR) Y 473 INCISO D) (PRIVILEGIOS SOBRE EL BUQUE)."},"Palabra Clave":{"('0198-D-2001', 0)":" "}}