{"Tipo de Proyecto":{"('0199-D-2001', 0)":"PROYECTO DE LEY","('0199-D-2001', 1)":null,"('0199-D-2001', 2)":null,"('0199-D-2001', 3)":null,"('0199-D-2001', 4)":null},"Iniciado en: ":{"('0199-D-2001', 0)":"Diputados","('0199-D-2001', 1)":null,"('0199-D-2001', 2)":null,"('0199-D-2001', 3)":null,"('0199-D-2001', 4)":null},"Expediente Diputados: ":{"('0199-D-2001', 0)":"0199-D-2001","('0199-D-2001', 1)":null,"('0199-D-2001', 2)":null,"('0199-D-2001', 3)":null,"('0199-D-2001', 4)":null},"Publicado en: ":{"('0199-D-2001', 0)":"Tr\u00e1mite Parlamentario N\u00b0 3","('0199-D-2001', 1)":null,"('0199-D-2001', 2)":null,"('0199-D-2001', 3)":null,"('0199-D-2001', 4)":null},"Fecha: ":{"('0199-D-2001', 0)":"05\/03\/2001","('0199-D-2001', 1)":null,"('0199-D-2001', 2)":null,"('0199-D-2001', 3)":null,"('0199-D-2001', 4)":null},"T\u00edtulo":{"('0199-D-2001', 0)":"MODIFICACION A LA LEY 17285, DE CODIGO AERONAUTICO (MODIFICADA POR LAS LEYES 20509 Y 22390) (REPRODUCCION DEL EXPEDIENTE 4985-D-99).","('0199-D-2001', 1)":null,"('0199-D-2001', 2)":null,"('0199-D-2001', 3)":null,"('0199-D-2001', 4)":null},"('Firmantes', 'FIRMANTE')":{"('0199-D-2001', 0)":"CAMA\u00d1O, GRACIELA","('0199-D-2001', 1)":null,"('0199-D-2001', 2)":null,"('0199-D-2001', 3)":null,"('0199-D-2001', 4)":null},"('Firmantes', 'DISTRITO')":{"('0199-D-2001', 0)":"BUENOS AIRES","('0199-D-2001', 1)":null,"('0199-D-2001', 2)":null,"('0199-D-2001', 3)":null,"('0199-D-2001', 4)":null},"('Firmantes', 'BLOQUE')":{"('0199-D-2001', 0)":"JUSTICIALISTA","('0199-D-2001', 1)":null,"('0199-D-2001', 2)":null,"('0199-D-2001', 3)":null,"('0199-D-2001', 4)":null},"('Giros', 'COMISI\u00d3N')":{"('0199-D-2001', 0)":"TRANSPORTES","('0199-D-2001', 1)":"LEGISLACION GENERAL","('0199-D-2001', 2)":"DEFENSA NACIONAL","('0199-D-2001', 3)":"ECONOMIA","('0199-D-2001', 4)":"DEFENSA DEL CONSUMIDOR"},"Sumario":{"('0199-D-2001', 0)":"INCORPORACION DEL ARTICULO 174 BIS COMO CAPITULO V DEL TITULO VII (EXTENSION DEL RESARCIMIENTO POR DA\u00d1OS); DEROGACION DE LOS ARTICULOS 144, 145, 146, 147, 160, 161, 162, 163 SEGUNDO PARRAFO, 166 ULTIMO PARRAFO, 169 Y 174.","('0199-D-2001', 1)":null,"('0199-D-2001', 2)":null,"('0199-D-2001', 3)":null,"('0199-D-2001', 4)":null},"Palabra Clave":{"('0199-D-2001', 0)":" ","('0199-D-2001', 1)":null,"('0199-D-2001', 2)":null,"('0199-D-2001', 3)":null,"('0199-D-2001', 4)":null}}