{"Tipo de Proyecto":{"('0201-S-2001', 0)":"PROYECTO DE LEY","('0201-S-2001', 1)":null,"('0201-S-2001', 2)":null},"Iniciado en: ":{"('0201-S-2001', 0)":"Senado","('0201-S-2001', 1)":null,"('0201-S-2001', 2)":null},"Expediente Diputados: ":{"('0201-S-2001', 0)":"0201-S-2001","('0201-S-2001', 1)":null,"('0201-S-2001', 2)":null},"Expediente Senado: ":{"('0201-S-2001', 0)":"2692-S-2000","('0201-S-2001', 1)":null,"('0201-S-2001', 2)":null},"Publicado en: ":{"('0201-S-2001', 0)":"Diario de Asuntos Entrados N\u00b0 165","('0201-S-2001', 1)":null,"('0201-S-2001', 2)":null},"Fecha: ":{"('0201-S-2001', 0)":"16\/02\/2001","('0201-S-2001', 1)":null,"('0201-S-2001', 2)":null},"T\u00edtulo":{"('0201-S-2001', 0)":"DECLARAR 'CAPITAL NACIONAL DE LA ESCULTURA', A LA CIUDAD DE RESISTENCIA, PROVINCIA DEL CHACO. ","('0201-S-2001', 1)":null,"('0201-S-2001', 2)":null},"('Firmantes', 'FIRMANTE')":{"('0201-S-2001', 0)":"SAGER, HUGO ABEL","('0201-S-2001', 1)":null,"('0201-S-2001', 2)":null},"('Firmantes', 'DISTRITO')":{"('0201-S-2001', 0)":"CHACO","('0201-S-2001', 1)":null,"('0201-S-2001', 2)":null},"('Firmantes', 'BLOQUE')":{"('0201-S-2001', 0)":"JUSTICIALISTA","('0201-S-2001', 1)":null,"('0201-S-2001', 2)":null},"('Giros', 'COMISI\u00d3N')":{"('0201-S-2001', 0)":"CULTURA","('0201-S-2001', 1)":null,"('0201-S-2001', 2)":null},"('Tramites', 'C\u00c1MARA')":{"('0201-S-2001', 0)":"Senado","('0201-S-2001', 1)":"Senado","('0201-S-2001', 2)":"Diputados"},"('Tramites', 'MOVIMIENTO')":{"('0201-S-2001', 0)":"CONSIDERACION Y APROBACION","('0201-S-2001', 1)":"INSERCION","('0201-S-2001', 2)":"PASA A DIPUTADOS - (TP 164)"},"('Tramites', 'FECHA')":{"('0201-S-2001', 0)":"23\/10\/2001","('0201-S-2001', 1)":"23\/10\/2001","('0201-S-2001', 2)":null},"('Tramites', 'RESULTADO')":{"('0201-S-2001', 0)":"MEDIA SANCION","('0201-S-2001', 1)":null,"('0201-S-2001', 2)":null},"Link":{"('0201-S-2001', 0)":"http:\/\/www.senado.gov.ar\/parlamentario\/comisiones\/verExp\/2692.00\/S\/PL","('0201-S-2001', 1)":null,"('0201-S-2001', 2)":null},"Palabra Clave":{"('0201-S-2001', 0)":" ","('0201-S-2001', 1)":null,"('0201-S-2001', 2)":null}}