{"Tipo de Proyecto":{"('0203-D-2001', 0)":"PROYECTO DE LEY","('0203-D-2001', 1)":null,"('0203-D-2001', 2)":null,"('0203-D-2001', 3)":null},"Iniciado en: ":{"('0203-D-2001', 0)":"Diputados","('0203-D-2001', 1)":null,"('0203-D-2001', 2)":null,"('0203-D-2001', 3)":null},"Expediente Diputados: ":{"('0203-D-2001', 0)":"0203-D-2001","('0203-D-2001', 1)":null,"('0203-D-2001', 2)":null,"('0203-D-2001', 3)":null},"Publicado en: ":{"('0203-D-2001', 0)":"Tr\u00e1mite Parlamentario N\u00b0 3","('0203-D-2001', 1)":null,"('0203-D-2001', 2)":null,"('0203-D-2001', 3)":null},"Fecha: ":{"('0203-D-2001', 0)":"05\/03\/2001","('0203-D-2001', 1)":null,"('0203-D-2001', 2)":null,"('0203-D-2001', 3)":null},"T\u00edtulo":{"('0203-D-2001', 0)":"REGIMEN PARA LA CALIDAD DE VIDA Y LA DIGNIDAD DE LOS ENFERMOS TERMINALES. (REPRODUCCION DEL EXPEDIENTE 0607-D-99).","('0203-D-2001', 1)":null,"('0203-D-2001', 2)":null,"('0203-D-2001', 3)":null},"('Firmantes', 'FIRMANTE')":{"('0203-D-2001', 0)":"CAMA\u00d1O, EDUARDO OSCAR","('0203-D-2001', 1)":null,"('0203-D-2001', 2)":null,"('0203-D-2001', 3)":null},"('Firmantes', 'DISTRITO')":{"('0203-D-2001', 0)":"BUENOS AIRES","('0203-D-2001', 1)":null,"('0203-D-2001', 2)":null,"('0203-D-2001', 3)":null},"('Firmantes', 'BLOQUE')":{"('0203-D-2001', 0)":"JUSTICIALISTA","('0203-D-2001', 1)":null,"('0203-D-2001', 2)":null,"('0203-D-2001', 3)":null},"('Giros', 'COMISI\u00d3N')":{"('0203-D-2001', 0)":"ACCION SOCIAL Y SALUD PUBLICA","('0203-D-2001', 1)":"LEGISLACION GENERAL","('0203-D-2001', 2)":"JUSTICIA","('0203-D-2001', 3)":"DERECHOS HUMANOS Y GARANTIAS"},"Sumario":{"('0203-D-2001', 0)":"OBJETO; ESTADIO TERMINAL; CONSENTIMIENTO INFORMADO; INCAPACES; JUNTA MEDICA; OPOSICION DEL PACIENTE A TRATAMIENTOS EXTRAORDINARIOS; ARCHIVO DE LA DOCUMENTACION; REVOCACION Y SUS CONSECUENCIAS; RESPONSABILIDAD MEDICA; PROHIBICION DE LA EUTANASIA; UNIDADES DE CUIDADOS PALIATIVOS.","('0203-D-2001', 1)":null,"('0203-D-2001', 2)":null,"('0203-D-2001', 3)":null},"Palabra Clave":{"('0203-D-2001', 0)":" ","('0203-D-2001', 1)":null,"('0203-D-2001', 2)":null,"('0203-D-2001', 3)":null}}