{"Tipo de Proyecto":{"('0205-S-2001', 0)":"PROYECTO DE RESOLUCI\u00d3N"},"Iniciado en: ":{"('0205-S-2001', 0)":"Senado"},"Expediente Senado: ":{"('0205-S-2001', 0)":"0205-S-2001"},"Publicado en: ":{"('0205-S-2001', 0)":"Diario de Asuntos Entrados N\u00b0 12"},"Fecha: ":{"('0205-S-2001', 0)":"23\/03\/2001"},"T\u00edtulo":{"('0205-S-2001', 0)":"SIMPOSIO INTERNACIONAL \"AVANCES EN UROLOGIA 2001\", A LLEVARSE A CABO EN LA CIUDAD DE BUENOS AIRES DEL 06 AL 08\/05\/2001."},"('Firmantes', 'FIRMANTE')":{"('0205-S-2001', 0)":"SAGER, HUGO ABEL"},"('Firmantes', 'DISTRITO')":{"('0205-S-2001', 0)":"CHACO"},"('Firmantes', 'BLOQUE')":{"('0205-S-2001', 0)":"JUSTICIALISTA"},"Sumario":{"('0205-S-2001', 0)":"DECLARACION DE INTERES PARLAMENTARIO."},"Palabra Clave":{"('0205-S-2001', 0)":" "}}