{"Tipo de Proyecto":{"('0206-D-2001', 0)":"PROYECTO DE LEY","('0206-D-2001', 1)":null},"Iniciado en: ":{"('0206-D-2001', 0)":"Diputados","('0206-D-2001', 1)":null},"Expediente Diputados: ":{"('0206-D-2001', 0)":"0206-D-2001","('0206-D-2001', 1)":null},"Publicado en: ":{"('0206-D-2001', 0)":"Tr\u00e1mite Parlamentario N\u00b0 3","('0206-D-2001', 1)":null},"Fecha: ":{"('0206-D-2001', 0)":"05\/03\/2001","('0206-D-2001', 1)":null},"T\u00edtulo":{"('0206-D-2001', 0)":"CREACION DE UN JUZGADO FEDERAL DE PRIMERA INSTANCIA CON ASIENTO EN LA CIUDAD DE SAN MIGUEL DE TUCUMAN (REPRODUCCION DEL EXPEDIENTE 6714-D-99).","('0206-D-2001', 1)":null},"('Firmantes', 'FIRMANTE')":{"('0206-D-2001', 0)":"RIVAS, OLIJELA DEL VALLE","('0206-D-2001', 1)":null},"('Firmantes', 'DISTRITO')":{"('0206-D-2001', 0)":"TUCUMAN","('0206-D-2001', 1)":null},"('Firmantes', 'BLOQUE')":{"('0206-D-2001', 0)":"JUSTICIALISTA","('0206-D-2001', 1)":null},"('Giros', 'COMISI\u00d3N')":{"('0206-D-2001', 0)":"JUSTICIA","('0206-D-2001', 1)":"PRESUPUESTO Y HACIENDA"},"Sumario":{"('0206-D-2001', 0)":"DENOMINACION: JUZGADO FEDERAL NUMERO 3 DE TUCUMAN; COMPETENCIA; CREACION DEL CARGO DE MAGISTRADO PARA LA TITULARIDAD DEL JUZGADO; GASTOS.","('0206-D-2001', 1)":null},"Palabra Clave":{"('0206-D-2001', 0)":" ","('0206-D-2001', 1)":null}}