{"Tipo de Proyecto":{"('0207-D-2001', 0)":"PROYECTO DE LEY","('0207-D-2001', 1)":null,"('0207-D-2001', 2)":null,"('0207-D-2001', 3)":null},"Iniciado en: ":{"('0207-D-2001', 0)":"Diputados","('0207-D-2001', 1)":null,"('0207-D-2001', 2)":null,"('0207-D-2001', 3)":null},"Expediente Diputados: ":{"('0207-D-2001', 0)":"0207-D-2001","('0207-D-2001', 1)":null,"('0207-D-2001', 2)":null,"('0207-D-2001', 3)":null},"Publicado en: ":{"('0207-D-2001', 0)":"Tr\u00e1mite Parlamentario N\u00b0 3","('0207-D-2001', 1)":null,"('0207-D-2001', 2)":null,"('0207-D-2001', 3)":null},"Fecha: ":{"('0207-D-2001', 0)":"05\/03\/2001","('0207-D-2001', 1)":null,"('0207-D-2001', 2)":null,"('0207-D-2001', 3)":null},"T\u00edtulo":{"('0207-D-2001', 0)":"CREACION DEL SISTEMA NACIONAL DE APOYO A LOS PROCESOS DE REGIONALIZACION Y MICRORREGIONALIZACION QUE DETERMINEN LOS GOBIERNOS DE PROVINCIAS Y MUNICIPIOS (REPRODUCCION DEL EXPEDIENTE 6717-D-99).","('0207-D-2001', 1)":null,"('0207-D-2001', 2)":null,"('0207-D-2001', 3)":null},"('Firmantes', 'FIRMANTE')":{"('0207-D-2001', 0)":"RIVAS, OLIJELA DEL VALLE","('0207-D-2001', 1)":null,"('0207-D-2001', 2)":null,"('0207-D-2001', 3)":null},"('Firmantes', 'DISTRITO')":{"('0207-D-2001', 0)":"TUCUMAN","('0207-D-2001', 1)":null,"('0207-D-2001', 2)":null,"('0207-D-2001', 3)":null},"('Firmantes', 'BLOQUE')":{"('0207-D-2001', 0)":"JUSTICIALISTA","('0207-D-2001', 1)":null,"('0207-D-2001', 2)":null,"('0207-D-2001', 3)":null},"('Giros', 'COMISI\u00d3N')":{"('0207-D-2001', 0)":"ECONOMIAS Y DESARROLLO REGIONAL","('0207-D-2001', 1)":"POBLACION Y RECURSOS HUMANOS","('0207-D-2001', 2)":"ECONOMIA","('0207-D-2001', 3)":"PRESUPUESTO Y HACIENDA"},"Sumario":{"('0207-D-2001', 0)":"OBJETIVO: DINAMIZAR LAS ECONOMIAS REGIONALES PARA FOMENTAR EL CRECIMIENTO DE LA PRODUCCION Y LA GENERACION DE EMPLEOS A NIVEL DESCENTRALIZADO; NECESIDADES; COORDINACION GENERAL DEL SISTEMA A CARGO DE LA JEFATURA DE GABINETE DE LA PRESIDENCIA DE LA NACION; REGLAMENTO INTERNO; RESPONSABILIDAD DE LAS PROVINCIAS POR LA EJECUCION DIRECTA DE LAS ACTIVIDADES PREVISTAS; INFORME AL CONGRESO DE LA FORMACION DE UNA REGION POR PARTE DE DOS O MAS JURISDICCIONES PROVINCIALES, EN CONFORMIDAD CON LOS ARTICULOS 121, 122, 123 Y 124 DE LA CONSTITUCION NACIONAL; MICRORREGIONES POR PROVINCIA; SISTEMAS INTEGRADOS DE ADMINISTRACION MUNICIPAL (SIAMS); ESTRUCTURACION DE LOS 'SIAMS' EN LAS MICRORREGIONES DE CADA PROVINCIA; PROGRAMAS Y PROYECTOS; RECURSOS FINANCIEROS; VIGENCIA DE 10 A\u00d1OS.","('0207-D-2001', 1)":null,"('0207-D-2001', 2)":null,"('0207-D-2001', 3)":null},"Palabra Clave":{"('0207-D-2001', 0)":" ","('0207-D-2001', 1)":null,"('0207-D-2001', 2)":null,"('0207-D-2001', 3)":null}}