{"Tipo de Proyecto":{"('0207-S-2001', 0)":"MENSAJE NRO: 0812\/01 Y PROYECTO DE LEY","('0207-S-2001', 1)":null,"('0207-S-2001', 2)":null,"('0207-S-2001', 3)":null,"('0207-S-2001', 4)":null},"Iniciado en: ":{"('0207-S-2001', 0)":"Senado","('0207-S-2001', 1)":null,"('0207-S-2001', 2)":null,"('0207-S-2001', 3)":null,"('0207-S-2001', 4)":null},"Expediente Diputados: ":{"('0207-S-2001', 0)":"0207-S-2001","('0207-S-2001', 1)":null,"('0207-S-2001', 2)":null,"('0207-S-2001', 3)":null,"('0207-S-2001', 4)":null},"Expediente Senado: ":{"('0207-S-2001', 0)":"0188-PE-2001","('0207-S-2001', 1)":null,"('0207-S-2001', 2)":null,"('0207-S-2001', 3)":null,"('0207-S-2001', 4)":null},"Publicado en: ":{"('0207-S-2001', 0)":"Diario de Asuntos Entrados N\u00b0 57","('0207-S-2001', 1)":null,"('0207-S-2001', 2)":null,"('0207-S-2001', 3)":null,"('0207-S-2001', 4)":null},"Fecha: ":{"('0207-S-2001', 0)":"22\/06\/2001","('0207-S-2001', 1)":null,"('0207-S-2001', 2)":null,"('0207-S-2001', 3)":null,"('0207-S-2001', 4)":null},"T\u00edtulo":{"('0207-S-2001', 0)":"APROBACION DEL PROTOCOLO ADICIONAL AL CONVENIO DE MIGRACION ENTRE LA REPUBLICA ARGENTINA Y LA REPUBLICA DE BOLIVIA, SUSCRIPTO EN LA PAZ, REPUBLICA DE BOLIVIA, EL 6 DE NOVIEMBRE DE 2000.","('0207-S-2001', 1)":null,"('0207-S-2001', 2)":null,"('0207-S-2001', 3)":null,"('0207-S-2001', 4)":null},"('Firmantes', 'FIRMANTE')":{"('0207-S-2001', 0)":"DE LA RUA, FERNANDO","('0207-S-2001', 1)":"COLOMBO, CHRYSTIAN","('0207-S-2001', 2)":"MESTRE, RAMON","('0207-S-2001', 3)":"RODRIGUEZ GIAVARINI, ADALBERTO","('0207-S-2001', 4)":"BULLRICH, PATRICIA"},"('Firmantes', 'DISTRITO')":{"('0207-S-2001', 0)":null,"('0207-S-2001', 1)":null,"('0207-S-2001', 2)":null,"('0207-S-2001', 3)":null,"('0207-S-2001', 4)":null},"('Firmantes', 'BLOQUE')":{"('0207-S-2001', 0)":"PODER EJECUTIVO","('0207-S-2001', 1)":"PODER EJECUTIVO","('0207-S-2001', 2)":"PODER EJECUTIVO","('0207-S-2001', 3)":"PODER EJECUTIVO","('0207-S-2001', 4)":"PODER EJECUTIVO"},"('Giros', 'COMISI\u00d3N')":{"('0207-S-2001', 0)":"RELACIONES EXTERIORES Y CULTO","('0207-S-2001', 1)":"POBLACION Y RECURSOS HUMANOS","('0207-S-2001', 2)":null,"('0207-S-2001', 3)":null,"('0207-S-2001', 4)":null},"('Tramites', 'C\u00c1MARA')":{"('0207-S-2001', 0)":"Senado","('0207-S-2001', 1)":"Diputados","('0207-S-2001', 2)":"Diputados","('0207-S-2001', 3)":null,"('0207-S-2001', 4)":null},"('Tramites', 'MOVIMIENTO')":{"('0207-S-2001', 0)":"CONSIDERACION Y APROBACION","('0207-S-2001', 1)":"PASA A DIPUTADOS - (TP 164)","('0207-S-2001', 2)":"CONSIDERACION Y SANCION","('0207-S-2001', 3)":null,"('0207-S-2001', 4)":null},"('Tramites', 'FECHA')":{"('0207-S-2001', 0)":"23\/10\/2001","('0207-S-2001', 1)":null,"('0207-S-2001', 2)":"27\/11\/2001","('0207-S-2001', 3)":null,"('0207-S-2001', 4)":null},"('Tramites', 'RESULTADO')":{"('0207-S-2001', 0)":"MEDIA SANCION","('0207-S-2001', 1)":null,"('0207-S-2001', 2)":"SANCIONADO","('0207-S-2001', 3)":null,"('0207-S-2001', 4)":null},"Sumario":{"('0207-S-2001', 0)":"ACOMPA\u00d1A COPIA AUTENTICADA DEL MISMO.","('0207-S-2001', 1)":null,"('0207-S-2001', 2)":null,"('0207-S-2001', 3)":null,"('0207-S-2001', 4)":null},"Palabra Clave":{"('0207-S-2001', 0)":" ","('0207-S-2001', 1)":null,"('0207-S-2001', 2)":null,"('0207-S-2001', 3)":null,"('0207-S-2001', 4)":null}}