{"Tipo de Proyecto":{"('0208-S-2001', 0)":"MENSAJE NRO: 0423\/01 Y PROYECTO DE LEY","('0208-S-2001', 1)":null,"('0208-S-2001', 2)":null},"Iniciado en: ":{"('0208-S-2001', 0)":"Senado","('0208-S-2001', 1)":null,"('0208-S-2001', 2)":null},"Expediente Diputados: ":{"('0208-S-2001', 0)":"0208-S-2001","('0208-S-2001', 1)":null,"('0208-S-2001', 2)":null},"Expediente Senado: ":{"('0208-S-2001', 0)":"0027-PE-2001","('0208-S-2001', 1)":null,"('0208-S-2001', 2)":null},"Publicado en: ":{"('0208-S-2001', 0)":"Diario de Asuntos Entrados N\u00b0 21","('0208-S-2001', 1)":null,"('0208-S-2001', 2)":null},"Fecha: ":{"('0208-S-2001', 0)":"16\/04\/2001","('0208-S-2001', 1)":null,"('0208-S-2001', 2)":null},"T\u00edtulo":{"('0208-S-2001', 0)":"APROBACION DEL ACUERDO SOBRE TRANSPORTE FLUVIAL TRANSVERSAL FRONTERIZO DE PASAJEROS, VEHICULOS Y CARGAS ENTRE LA REPUBLICA ARGENTINA Y LA REPUBLICA FEDERATIVA DEL BRASIL, SUSCRITO EN RIO DE JANEIRO, REPUBLICA FEDERATIVA DEL BRASIL, EL 27 DE ABRIL DE 1997.","('0208-S-2001', 1)":null,"('0208-S-2001', 2)":null},"('Firmantes', 'FIRMANTE')":{"('0208-S-2001', 0)":"DE LA RUA, FERNANDO","('0208-S-2001', 1)":"COLOMBO, CHRYSTIAN","('0208-S-2001', 2)":"RODRIGUEZ GIAVARINI, ADALBERTO"},"('Firmantes', 'DISTRITO')":{"('0208-S-2001', 0)":null,"('0208-S-2001', 1)":null,"('0208-S-2001', 2)":null},"('Firmantes', 'BLOQUE')":{"('0208-S-2001', 0)":"PODER EJECUTIVO","('0208-S-2001', 1)":"PODER EJECUTIVO","('0208-S-2001', 2)":"PODER EJECUTIVO"},"('Giros', 'COMISI\u00d3N')":{"('0208-S-2001', 0)":"RELACIONES EXTERIORES Y CULTO","('0208-S-2001', 1)":"INTERESES MARITIMOS, FLUVIALES, PESQUEROS Y PORTUARIOS","('0208-S-2001', 2)":null},"('Tramites', 'C\u00c1MARA')":{"('0208-S-2001', 0)":"Senado","('0208-S-2001', 1)":"Diputados","('0208-S-2001', 2)":"Diputados"},"('Tramites', 'MOVIMIENTO')":{"('0208-S-2001', 0)":"CONSIDERACION Y APROBACION","('0208-S-2001', 1)":"PASA A DIPUTADOS - (TP 164)","('0208-S-2001', 2)":"CONSIDERACION Y SANCION"},"('Tramites', 'FECHA')":{"('0208-S-2001', 0)":"23\/10\/2001","('0208-S-2001', 1)":null,"('0208-S-2001', 2)":"22\/05\/2002"},"('Tramites', 'RESULTADO')":{"('0208-S-2001', 0)":"MEDIA SANCION","('0208-S-2001', 1)":null,"('0208-S-2001', 2)":"SANCIONADO"},"Sumario":{"('0208-S-2001', 0)":"ACOMPA\u00d1A COPIA AUTENTICADA DEL MISMO.","('0208-S-2001', 1)":null,"('0208-S-2001', 2)":null},"Palabra Clave":{"('0208-S-2001', 0)":" ","('0208-S-2001', 1)":null,"('0208-S-2001', 2)":null}}