{"Tipo de Proyecto":{"('0209-D-2001', 0)":"PROYECTO DE LEY","('0209-D-2001', 1)":null,"('0209-D-2001', 2)":null},"Iniciado en: ":{"('0209-D-2001', 0)":"Diputados","('0209-D-2001', 1)":null,"('0209-D-2001', 2)":null},"Expediente Diputados: ":{"('0209-D-2001', 0)":"0209-D-2001","('0209-D-2001', 1)":null,"('0209-D-2001', 2)":null},"Expediente Senado: ":{"('0209-D-2001', 0)":"0074-CD-2001","('0209-D-2001', 1)":null,"('0209-D-2001', 2)":null},"Publicado en: ":{"('0209-D-2001', 0)":"Tr\u00e1mite Parlamentario N\u00b0 3","('0209-D-2001', 1)":null,"('0209-D-2001', 2)":null},"Fecha: ":{"('0209-D-2001', 0)":"05\/03\/2001","('0209-D-2001', 1)":null,"('0209-D-2001', 2)":null},"T\u00edtulo":{"('0209-D-2001', 0)":"RESTITUCION DE LOS RESTOS MORTALES DE ABORIGENES QUE INTEGREN COLECCIONES PUBLICAS O PRIVADAS DE OBJETOS ANTROPOLOGICOS ANTE EL RECLAMO DE LAS COMUNIDADES DE PERTENENCIA (REPRODUCCION DEL EXPEDIENTE 6968-D-99).","('0209-D-2001', 1)":null,"('0209-D-2001', 2)":null},"('Firmantes', 'FIRMANTE')":{"('0209-D-2001', 0)":"RIVAS, OLIJELA DEL VALLE","('0209-D-2001', 1)":null,"('0209-D-2001', 2)":null},"('Firmantes', 'DISTRITO')":{"('0209-D-2001', 0)":"TUCUMAN","('0209-D-2001', 1)":null,"('0209-D-2001', 2)":null},"('Firmantes', 'BLOQUE')":{"('0209-D-2001', 0)":"JUSTICIALISTA","('0209-D-2001', 1)":null,"('0209-D-2001', 2)":null},"('Giros', 'COMISI\u00d3N')":{"('0209-D-2001', 0)":"POBLACION Y RECURSOS HUMANOS","('0209-D-2001', 1)":"CULTURA","('0209-D-2001', 2)":null},"('Tramites', 'C\u00c1MARA')":{"('0209-D-2001', 0)":"Diputados","('0209-D-2001', 1)":"Senado","('0209-D-2001', 2)":"Senado"},"('Tramites', 'MOVIMIENTO')":{"('0209-D-2001', 0)":"CONSIDERACION Y APROBACION","('0209-D-2001', 1)":"PASA A SENADO - (DAE 81)","('0209-D-2001', 2)":"CONSIDERACION Y SANCION"},"('Tramites', 'FECHA')":{"('0209-D-2001', 0)":"15\/08\/2001","('0209-D-2001', 1)":null,"('0209-D-2001', 2)":"21\/11\/2001"},"('Tramites', 'RESULTADO')":{"('0209-D-2001', 0)":"MEDIA SANCION","('0209-D-2001', 1)":null,"('0209-D-2001', 2)":"SANCIONADO"},"Sumario":{"('0209-D-2001', 0)":"LOS RESTOS QUE NO SEAN RECLAMADOS PODRAN SEGUIR A DISPOSICION DE QUIENES LOS ALBERGUEN; INVITACION A LAS PROVINCIAS Y A LA CIUDAD DE BUENOS AIRES A ADHERIR.","('0209-D-2001', 1)":null,"('0209-D-2001', 2)":null},"Palabra Clave":{"('0209-D-2001', 0)":" ","('0209-D-2001', 1)":null,"('0209-D-2001', 2)":null}}