{"Tipo de Proyecto":{"('0211-S-2001', 0)":"MENSAJE NRO: 0480\/01 Y PROYECTO DE LEY","('0211-S-2001', 1)":null,"('0211-S-2001', 2)":null},"Iniciado en: ":{"('0211-S-2001', 0)":"Senado","('0211-S-2001', 1)":null,"('0211-S-2001', 2)":null},"Expediente Diputados: ":{"('0211-S-2001', 0)":"0211-S-2001","('0211-S-2001', 1)":null,"('0211-S-2001', 2)":null},"Expediente Senado: ":{"('0211-S-2001', 0)":"0042-PE-2001","('0211-S-2001', 1)":null,"('0211-S-2001', 2)":null},"Publicado en: ":{"('0211-S-2001', 0)":"Diario de Asuntos Entrados N\u00b0 29","('0211-S-2001', 1)":null,"('0211-S-2001', 2)":null},"Fecha: ":{"('0211-S-2001', 0)":"27\/04\/2001","('0211-S-2001', 1)":null,"('0211-S-2001', 2)":null},"T\u00edtulo":{"('0211-S-2001', 0)":"APROBACION DEL TRATADO DE COOPERACION Y ASISTENCIA JURISDICCIONAL EN MATERIA CIVIL, COMERCIAL, LABORAL Y ADMINISTRATIVA ENTRE LA REPUBLICA ARGENTINA Y LA FEDERACION DE RUSIA, SUSCRIPTO EN MOSCU, FEDERACION DE RUSIA, EL 20 DE NOVIEMBRE DE 2000.","('0211-S-2001', 1)":null,"('0211-S-2001', 2)":null},"('Firmantes', 'FIRMANTE')":{"('0211-S-2001', 0)":"DE LA RUA, FERNANDO","('0211-S-2001', 1)":"COLOMBO, CHRYSTIAN","('0211-S-2001', 2)":"RODRIGUEZ GIAVARINI, ADALBERTO"},"('Firmantes', 'DISTRITO')":{"('0211-S-2001', 0)":null,"('0211-S-2001', 1)":null,"('0211-S-2001', 2)":null},"('Firmantes', 'BLOQUE')":{"('0211-S-2001', 0)":"PODER EJECUTIVO","('0211-S-2001', 1)":"PODER EJECUTIVO","('0211-S-2001', 2)":"PODER EJECUTIVO"},"('Giros', 'COMISI\u00d3N')":{"('0211-S-2001', 0)":"RELACIONES EXTERIORES Y CULTO","('0211-S-2001', 1)":"LEGISLACION GENERAL","('0211-S-2001', 2)":"LEGISLACION DEL TRABAJO"},"('Tramites', 'C\u00c1MARA')":{"('0211-S-2001', 0)":"Senado","('0211-S-2001', 1)":"Diputados","('0211-S-2001', 2)":"Diputados"},"('Tramites', 'MOVIMIENTO')":{"('0211-S-2001', 0)":"CONSIDERACION Y APROBACION","('0211-S-2001', 1)":"PASA A DIPUTADOS - (TP 164)","('0211-S-2001', 2)":"CONSIDERACION Y SANCION"},"('Tramites', 'FECHA')":{"('0211-S-2001', 0)":"23\/10\/2001","('0211-S-2001', 1)":null,"('0211-S-2001', 2)":"22\/05\/2002"},"('Tramites', 'RESULTADO')":{"('0211-S-2001', 0)":"MEDIA SANCION","('0211-S-2001', 1)":null,"('0211-S-2001', 2)":"SANCIONADO"},"Sumario":{"('0211-S-2001', 0)":"ACOMPA\u00d1A COPIA AUTENTICADA.","('0211-S-2001', 1)":null,"('0211-S-2001', 2)":null},"Palabra Clave":{"('0211-S-2001', 0)":" ","('0211-S-2001', 1)":null,"('0211-S-2001', 2)":null}}