{"Tipo de Proyecto":{"('0211-D-2001', 0)":"PROYECTO DE LEY","('0211-D-2001', 1)":null,"('0211-D-2001', 2)":null,"('0211-D-2001', 3)":null,"('0211-D-2001', 4)":null},"Iniciado en: ":{"('0211-D-2001', 0)":"Diputados","('0211-D-2001', 1)":null,"('0211-D-2001', 2)":null,"('0211-D-2001', 3)":null,"('0211-D-2001', 4)":null},"Expediente Diputados: ":{"('0211-D-2001', 0)":"0211-D-2001","('0211-D-2001', 1)":null,"('0211-D-2001', 2)":null,"('0211-D-2001', 3)":null,"('0211-D-2001', 4)":null},"Publicado en: ":{"('0211-D-2001', 0)":"Tr\u00e1mite Parlamentario N\u00b0 3","('0211-D-2001', 1)":null,"('0211-D-2001', 2)":null,"('0211-D-2001', 3)":null,"('0211-D-2001', 4)":null},"Fecha: ":{"('0211-D-2001', 0)":"05\/03\/2001","('0211-D-2001', 1)":null,"('0211-D-2001', 2)":null,"('0211-D-2001', 3)":null,"('0211-D-2001', 4)":null},"T\u00edtulo":{"('0211-D-2001', 0)":"REGIMEN DE RADIODIFUSION (REPRODUCCION DEL EXPEDIENTE 1014-D-99).","('0211-D-2001', 1)":null,"('0211-D-2001', 2)":null,"('0211-D-2001', 3)":null,"('0211-D-2001', 4)":null},"('Firmantes', 'FIRMANTE')":{"('0211-D-2001', 0)":"FLORES, RAFAEL HORACIO","('0211-D-2001', 1)":null,"('0211-D-2001', 2)":null,"('0211-D-2001', 3)":null,"('0211-D-2001', 4)":null},"('Firmantes', 'DISTRITO')":{"('0211-D-2001', 0)":"SANTA CRUZ","('0211-D-2001', 1)":null,"('0211-D-2001', 2)":null,"('0211-D-2001', 3)":null,"('0211-D-2001', 4)":null},"('Firmantes', 'BLOQUE')":{"('0211-D-2001', 0)":"FREPASO","('0211-D-2001', 1)":null,"('0211-D-2001', 2)":null,"('0211-D-2001', 3)":null,"('0211-D-2001', 4)":null},"('Giros', 'COMISI\u00d3N')":{"('0211-D-2001', 0)":"COMUNICACIONES E INFORMATICA","('0211-D-2001', 1)":"COMERCIO","('0211-D-2001', 2)":"DEFENSA DEL CONSUMIDOR","('0211-D-2001', 3)":"LIBERTAD DE EXPRESION","('0211-D-2001', 4)":"PRESUPUESTO Y HACIENDA"},"('Tramites', 'C\u00c1MARA')":{"('0211-D-2001', 0)":"Diputados","('0211-D-2001', 1)":null,"('0211-D-2001', 2)":null,"('0211-D-2001', 3)":null,"('0211-D-2001', 4)":null},"('Tramites', 'MOVIMIENTO')":{"('0211-D-2001', 0)":"RESOLUCION PRESIDENCIA AMPLIACION DE GIRO A LA COMISION DE LIBERTAD DE EXPRESION (BAE 9\/01)","('0211-D-2001', 1)":null,"('0211-D-2001', 2)":null,"('0211-D-2001', 3)":null,"('0211-D-2001', 4)":null},"('Tramites', 'FECHA')":{"('0211-D-2001', 0)":"16\/05\/2001","('0211-D-2001', 1)":null,"('0211-D-2001', 2)":null,"('0211-D-2001', 3)":null,"('0211-D-2001', 4)":null},"('Tramites', 'RESULTADO')":{"('0211-D-2001', 0)":null,"('0211-D-2001', 1)":null,"('0211-D-2001', 2)":null,"('0211-D-2001', 3)":null,"('0211-D-2001', 4)":null},"Sumario":{"('0211-D-2001', 0)":"DEFINICIONES; REGIMEN DE LOS TITULARES DE LOS SERVICIOS, LICENCIAS, ABONOS, REPETICION DE SE\u00d1ALES; CONSTITUCION DE REDES; TRANSPORTE Y DIFUSION DE SE\u00d1ALES; PROGRAMACION Y PUBLICIDAD; AUTORIDAD DE APLICACION: ENTE FEDERAL DE RADIODIFUSION (EFR) ; AUTORIDADES CONCEDENTES; CREACION DE LA COMISION PARLAMENTARIA DE RADIODIFUSION; PLAN TECNICO; RADIOS ESTATALES; DERECHOS DEL PUBLICO; SANCIONES;GRAVAMENES; DEROGACION DE LA LEY 22285 Y DE LOS DECRETOS 286\/81, 462\/81, 1151\/84, 1357\/89 Y 859\/91.","('0211-D-2001', 1)":null,"('0211-D-2001', 2)":null,"('0211-D-2001', 3)":null,"('0211-D-2001', 4)":null},"Palabra Clave":{"('0211-D-2001', 0)":" ","('0211-D-2001', 1)":null,"('0211-D-2001', 2)":null,"('0211-D-2001', 3)":null,"('0211-D-2001', 4)":null}}