{"Tipo de Proyecto":{"('0215-S-2001', 0)":"MENSAJE NRO: 0660\/01 Y PROYECTO DE LEY","('0215-S-2001', 1)":null,"('0215-S-2001', 2)":null},"Iniciado en: ":{"('0215-S-2001', 0)":"Senado","('0215-S-2001', 1)":null,"('0215-S-2001', 2)":null},"Expediente Diputados: ":{"('0215-S-2001', 0)":"0215-S-2001","('0215-S-2001', 1)":null,"('0215-S-2001', 2)":null},"Expediente Senado: ":{"('0215-S-2001', 0)":"0131-PE-2001","('0215-S-2001', 1)":null,"('0215-S-2001', 2)":null},"Publicado en: ":{"('0215-S-2001', 0)":"Diario de Asuntos Entrados N\u00b0 39","('0215-S-2001', 1)":null,"('0215-S-2001', 2)":null},"Fecha: ":{"('0215-S-2001', 0)":"22\/05\/2001","('0215-S-2001', 1)":null,"('0215-S-2001', 2)":null},"T\u00edtulo":{"('0215-S-2001', 0)":"ACUERDO DE COOPERACION EN MATERIA DEPORTIVA ENTRE LA REPUBLICA ARGENTINA Y EL REINO DE ARABIA SAUDITA, SUSCRITO EN BUENOS AIRES EL 25\/09\/2000.","('0215-S-2001', 1)":null,"('0215-S-2001', 2)":null},"('Firmantes', 'FIRMANTE')":{"('0215-S-2001', 0)":"DE LA RUA, FERNANDO","('0215-S-2001', 1)":"COLOMBO, CHRYSTIAN","('0215-S-2001', 2)":"RODRIGUEZ GIAVARINI, ADALBERTO"},"('Firmantes', 'DISTRITO')":{"('0215-S-2001', 0)":null,"('0215-S-2001', 1)":null,"('0215-S-2001', 2)":null},"('Firmantes', 'BLOQUE')":{"('0215-S-2001', 0)":"PODER EJECUTIVO","('0215-S-2001', 1)":"PODER EJECUTIVO","('0215-S-2001', 2)":"PODER EJECUTIVO"},"('Giros', 'COMISI\u00d3N')":{"('0215-S-2001', 0)":"RELACIONES EXTERIORES Y CULTO","('0215-S-2001', 1)":"DEPORTES","('0215-S-2001', 2)":null},"('Tramites', 'C\u00c1MARA')":{"('0215-S-2001', 0)":"Senado","('0215-S-2001', 1)":"Diputados","('0215-S-2001', 2)":"Diputados"},"('Tramites', 'MOVIMIENTO')":{"('0215-S-2001', 0)":"CONSIDERACION Y APROBACION","('0215-S-2001', 1)":"PASA A DIPUTADOS - (TP 164)","('0215-S-2001', 2)":"CONSIDERACION Y SANCION"},"('Tramites', 'FECHA')":{"('0215-S-2001', 0)":"23\/10\/2001","('0215-S-2001', 1)":null,"('0215-S-2001', 2)":"10\/04\/2002"},"('Tramites', 'RESULTADO')":{"('0215-S-2001', 0)":"MEDIA SANCION","('0215-S-2001', 1)":null,"('0215-S-2001', 2)":"SANCIONADO"},"Sumario":{"('0215-S-2001', 0)":"APROBACION.","('0215-S-2001', 1)":null,"('0215-S-2001', 2)":null},"Palabra Clave":{"('0215-S-2001', 0)":" ","('0215-S-2001', 1)":null,"('0215-S-2001', 2)":null}}