{"Tipo de Proyecto":{"('0216-S-2001', 0)":"MENSAJE NRO: 0695\/01 Y PROYECTO DE LEY","('0216-S-2001', 1)":null,"('0216-S-2001', 2)":null},"Iniciado en: ":{"('0216-S-2001', 0)":"Senado","('0216-S-2001', 1)":null,"('0216-S-2001', 2)":null},"Expediente Diputados: ":{"('0216-S-2001', 0)":"0216-S-2001","('0216-S-2001', 1)":null,"('0216-S-2001', 2)":null},"Expediente Senado: ":{"('0216-S-2001', 0)":"0151-PE-2001","('0216-S-2001', 1)":null,"('0216-S-2001', 2)":null},"Publicado en: ":{"('0216-S-2001', 0)":"Diario de Asuntos Entrados N\u00b0 42","('0216-S-2001', 1)":null,"('0216-S-2001', 2)":null},"Fecha: ":{"('0216-S-2001', 0)":"28\/05\/2001","('0216-S-2001', 1)":null,"('0216-S-2001', 2)":null},"T\u00edtulo":{"('0216-S-2001', 0)":"ACTA DE FUNDACION DE LA ORGANIZACION IBEROAMERICANA DE JUVENTUD (OIJ), SUSCRITA EN BUENOS AIRES EL 01\/08\/1996.","('0216-S-2001', 1)":null,"('0216-S-2001', 2)":null},"('Firmantes', 'FIRMANTE')":{"('0216-S-2001', 0)":"DE LA RUA, FERNANDO","('0216-S-2001', 1)":"COLOMBO, CHRYSTIAN","('0216-S-2001', 2)":"RODRIGUEZ GIAVARINI, ADALBERTO"},"('Firmantes', 'DISTRITO')":{"('0216-S-2001', 0)":null,"('0216-S-2001', 1)":null,"('0216-S-2001', 2)":null},"('Firmantes', 'BLOQUE')":{"('0216-S-2001', 0)":"PODER EJECUTIVO","('0216-S-2001', 1)":"PODER EJECUTIVO","('0216-S-2001', 2)":"PODER EJECUTIVO"},"('Giros', 'COMISI\u00d3N')":{"('0216-S-2001', 0)":"RELACIONES EXTERIORES Y CULTO","('0216-S-2001', 1)":"FAMILIA, MUJER Y MINORIDAD","('0216-S-2001', 2)":null},"('Tramites', 'C\u00c1MARA')":{"('0216-S-2001', 0)":"Senado","('0216-S-2001', 1)":"Diputados","('0216-S-2001', 2)":"Diputados"},"('Tramites', 'MOVIMIENTO')":{"('0216-S-2001', 0)":"CONSIDERACION Y APROBACION","('0216-S-2001', 1)":"PASA A DIPUTADOS - (TP 164)","('0216-S-2001', 2)":"CONSIDERACION Y SANCION"},"('Tramites', 'FECHA')":{"('0216-S-2001', 0)":"23\/10\/2001","('0216-S-2001', 1)":null,"('0216-S-2001', 2)":"27\/11\/2001"},"('Tramites', 'RESULTADO')":{"('0216-S-2001', 0)":"MEDIA SANCION","('0216-S-2001', 1)":null,"('0216-S-2001', 2)":"SANCIONADO"},"Sumario":{"('0216-S-2001', 0)":"APROBACION.","('0216-S-2001', 1)":null,"('0216-S-2001', 2)":null},"Palabra Clave":{"('0216-S-2001', 0)":" ","('0216-S-2001', 1)":null,"('0216-S-2001', 2)":null}}