{"Tipo de Proyecto":{"('0218-D-2001', 0)":"PROYECTO DE LEY","('0218-D-2001', 1)":null,"('0218-D-2001', 2)":null},"Iniciado en: ":{"('0218-D-2001', 0)":"Diputados","('0218-D-2001', 1)":null,"('0218-D-2001', 2)":null},"Expediente Diputados: ":{"('0218-D-2001', 0)":"0218-D-2001","('0218-D-2001', 1)":null,"('0218-D-2001', 2)":null},"Publicado en: ":{"('0218-D-2001', 0)":"Tr\u00e1mite Parlamentario N\u00b0 3","('0218-D-2001', 1)":null,"('0218-D-2001', 2)":null},"Fecha: ":{"('0218-D-2001', 0)":"05\/03\/2001","('0218-D-2001', 1)":null,"('0218-D-2001', 2)":null},"T\u00edtulo":{"('0218-D-2001', 0)":"LEY DE SERVIDUMBRES DE CONSERVACION AMBIENTAL (REPRODUCCION DEL EXPEDIENTE 1308-D-99).","('0218-D-2001', 1)":null,"('0218-D-2001', 2)":null},"('Firmantes', 'FIRMANTE')":{"('0218-D-2001', 0)":"FLORES, RAFAEL HORACIO","('0218-D-2001', 1)":null,"('0218-D-2001', 2)":null},"('Firmantes', 'DISTRITO')":{"('0218-D-2001', 0)":"SANTA CRUZ","('0218-D-2001', 1)":null,"('0218-D-2001', 2)":null},"('Firmantes', 'BLOQUE')":{"('0218-D-2001', 0)":"FREPASO","('0218-D-2001', 1)":null,"('0218-D-2001', 2)":null},"('Giros', 'COMISI\u00d3N')":{"('0218-D-2001', 0)":"LEGISLACION GENERAL","('0218-D-2001', 1)":"RECURSOS NATURALES Y CONSERVACION DEL AMBIENTE HUMANO","('0218-D-2001', 2)":"INTERESES MARITIMOS, FLUVIALES, PESQUEROS Y PORTUARIOS"},"Sumario":{"('0218-D-2001', 0)":"DEFINICION; CONSTITUCION.","('0218-D-2001', 1)":null,"('0218-D-2001', 2)":null},"Palabra Clave":{"('0218-D-2001', 0)":" ","('0218-D-2001', 1)":null,"('0218-D-2001', 2)":null}}