{"Tipo de Proyecto":{"('0219-D-2001', 0)":"PROYECTO DE LEY","('0219-D-2001', 1)":null,"('0219-D-2001', 2)":null,"('0219-D-2001', 3)":null},"Iniciado en: ":{"('0219-D-2001', 0)":"Diputados","('0219-D-2001', 1)":null,"('0219-D-2001', 2)":null,"('0219-D-2001', 3)":null},"Expediente Diputados: ":{"('0219-D-2001', 0)":"0219-D-2001","('0219-D-2001', 1)":null,"('0219-D-2001', 2)":null,"('0219-D-2001', 3)":null},"Publicado en: ":{"('0219-D-2001', 0)":"Tr\u00e1mite Parlamentario N\u00b0 3","('0219-D-2001', 1)":null,"('0219-D-2001', 2)":null,"('0219-D-2001', 3)":null},"Fecha: ":{"('0219-D-2001', 0)":"05\/03\/2001","('0219-D-2001', 1)":null,"('0219-D-2001', 2)":null,"('0219-D-2001', 3)":null},"T\u00edtulo":{"('0219-D-2001', 0)":"REGIMEN DE PROMOCION DEL PEQUE\u00d1O Y MEDIANO PRODUCTOR FRUTICOLA. (REPRODUCCION DEL EXPEDIENTE 0529-D-99).","('0219-D-2001', 1)":null,"('0219-D-2001', 2)":null,"('0219-D-2001', 3)":null},"('Firmantes', 'FIRMANTE')":{"('0219-D-2001', 0)":"DE BARIAZARRA, ROBERTO RODOLFO","('0219-D-2001', 1)":null,"('0219-D-2001', 2)":null,"('0219-D-2001', 3)":null},"('Firmantes', 'DISTRITO')":{"('0219-D-2001', 0)":"RIO NEGRO","('0219-D-2001', 1)":null,"('0219-D-2001', 2)":null,"('0219-D-2001', 3)":null},"('Firmantes', 'BLOQUE')":{"('0219-D-2001', 0)":"UCR","('0219-D-2001', 1)":null,"('0219-D-2001', 2)":null,"('0219-D-2001', 3)":null},"('Giros', 'COMISI\u00d3N')":{"('0219-D-2001', 0)":"AGRICULTURA Y GANADERIA","('0219-D-2001', 1)":"PEQUE\u00d1AS Y MEDIANAS EMPRESAS","('0219-D-2001', 2)":"ECONOMIAS Y DESARROLLO REGIONAL","('0219-D-2001', 3)":"PRESUPUESTO Y HACIENDA"},"Sumario":{"('0219-D-2001', 0)":"BENEFICIARIOS; CREACION DEL FONDO FRUTICOLA; DIFERIMIENTO IMPOSITIVO DEL IVA EN LAS PROVINCIAS DE RIO NEGRO Y NEUQUEN.","('0219-D-2001', 1)":null,"('0219-D-2001', 2)":null,"('0219-D-2001', 3)":null},"Palabra Clave":{"('0219-D-2001', 0)":" ","('0219-D-2001', 1)":null,"('0219-D-2001', 2)":null,"('0219-D-2001', 3)":null}}