{"Tipo de Proyecto":{"('0220-S-2001', 0)":"PROYECTO DE LEY","('0220-S-2001', 1)":null,"('0220-S-2001', 2)":null,"('0220-S-2001', 3)":null,"('0220-S-2001', 4)":null,"('0220-S-2001', 5)":null,"('0220-S-2001', 6)":null,"('0220-S-2001', 7)":null,"('0220-S-2001', 8)":null,"('0220-S-2001', 9)":null},"Iniciado en: ":{"('0220-S-2001', 0)":"Senado","('0220-S-2001', 1)":null,"('0220-S-2001', 2)":null,"('0220-S-2001', 3)":null,"('0220-S-2001', 4)":null,"('0220-S-2001', 5)":null,"('0220-S-2001', 6)":null,"('0220-S-2001', 7)":null,"('0220-S-2001', 8)":null,"('0220-S-2001', 9)":null},"Expediente Diputados: ":{"('0220-S-2001', 0)":"0220-S-2001","('0220-S-2001', 1)":null,"('0220-S-2001', 2)":null,"('0220-S-2001', 3)":null,"('0220-S-2001', 4)":null,"('0220-S-2001', 5)":null,"('0220-S-2001', 6)":null,"('0220-S-2001', 7)":null,"('0220-S-2001', 8)":null,"('0220-S-2001', 9)":null},"Expediente Senado: ":{"('0220-S-2001', 0)":"1775-S-2000","('0220-S-2001', 1)":null,"('0220-S-2001', 2)":null,"('0220-S-2001', 3)":null,"('0220-S-2001', 4)":null,"('0220-S-2001', 5)":null,"('0220-S-2001', 6)":null,"('0220-S-2001', 7)":null,"('0220-S-2001', 8)":null,"('0220-S-2001', 9)":null},"Publicado en: ":{"('0220-S-2001', 0)":"Diario de Asuntos Entrados N\u00b0 92","('0220-S-2001', 1)":null,"('0220-S-2001', 2)":null,"('0220-S-2001', 3)":null,"('0220-S-2001', 4)":null,"('0220-S-2001', 5)":null,"('0220-S-2001', 6)":null,"('0220-S-2001', 7)":null,"('0220-S-2001', 8)":null,"('0220-S-2001', 9)":null},"Fecha: ":{"('0220-S-2001', 0)":"17\/08\/2000","('0220-S-2001', 1)":null,"('0220-S-2001', 2)":null,"('0220-S-2001', 3)":null,"('0220-S-2001', 4)":null,"('0220-S-2001', 5)":null,"('0220-S-2001', 6)":null,"('0220-S-2001', 7)":null,"('0220-S-2001', 8)":null,"('0220-S-2001', 9)":null},"T\u00edtulo":{"('0220-S-2001', 0)":"ESTABLECER EL 18 DE DICIEMBRE DE CADA A\u00d1O COMO EL \"DIA DEL CONDOR: EL ESPIRITU DE LOS ANDES\".","('0220-S-2001', 1)":null,"('0220-S-2001', 2)":null,"('0220-S-2001', 3)":null,"('0220-S-2001', 4)":null,"('0220-S-2001', 5)":null,"('0220-S-2001', 6)":null,"('0220-S-2001', 7)":null,"('0220-S-2001', 8)":null,"('0220-S-2001', 9)":null},"('Firmantes', 'FIRMANTE')":{"('0220-S-2001', 0)":"SAPAG, SILVIA","('0220-S-2001', 1)":"GAGLIARDI, EDGARDO JOSE","('0220-S-2001', 2)":"RODRIGUEZ SAA, ALBERTO JOSE","('0220-S-2001', 3)":"LOSADA, MARIO A.","('0220-S-2001', 4)":"CAFIERO, ANTONIO FRANCISCO","('0220-S-2001', 5)":"ZALAZAR, HORACIO ANIBAL","('0220-S-2001', 6)":"GIOJA, JOSE LUIS","('0220-S-2001', 7)":"ROSTAN, NESTOR DANIEL","('0220-S-2001', 8)":"MELGAREJO, JUAN IGNACIO","('0220-S-2001', 9)":"DE LA ROSA, CARLOS LEONARDO"},"('Firmantes', 'DISTRITO')":{"('0220-S-2001', 0)":"NEUQUEN","('0220-S-2001', 1)":"RIO NEGRO","('0220-S-2001', 2)":"SAN LUIS","('0220-S-2001', 3)":"MISIONES","('0220-S-2001', 4)":"BUENOS AIRES","('0220-S-2001', 5)":"CHACO","('0220-S-2001', 6)":"SAN JUAN","('0220-S-2001', 7)":"LA PAMPA","('0220-S-2001', 8)":"SANTA CRUZ","('0220-S-2001', 9)":"MENDOZA"},"('Firmantes', 'BLOQUE')":{"('0220-S-2001', 0)":"MOV POP NEUQUINO","('0220-S-2001', 1)":"UCR","('0220-S-2001', 2)":"JUSTICIALISTA FEDERAL","('0220-S-2001', 3)":"UCR","('0220-S-2001', 4)":"JUSTICIALISTA","('0220-S-2001', 5)":"JUSTICIALISTA","('0220-S-2001', 6)":"JUSTICIALISTA","('0220-S-2001', 7)":"UCR","('0220-S-2001', 8)":"UCR","('0220-S-2001', 9)":"JUSTICIALISTA"},"('Giros', 'COMISI\u00d3N')":{"('0220-S-2001', 0)":"RECURSOS NATURALES Y CONSERVACION DEL AMBIENTE HUMANO","('0220-S-2001', 1)":"LEGISLACION GENERAL","('0220-S-2001', 2)":null,"('0220-S-2001', 3)":null,"('0220-S-2001', 4)":null,"('0220-S-2001', 5)":null,"('0220-S-2001', 6)":null,"('0220-S-2001', 7)":null,"('0220-S-2001', 8)":null,"('0220-S-2001', 9)":null},"('Tramites', 'C\u00c1MARA')":{"('0220-S-2001', 0)":"Senado","('0220-S-2001', 1)":"Diputados","('0220-S-2001', 2)":null,"('0220-S-2001', 3)":null,"('0220-S-2001', 4)":null,"('0220-S-2001', 5)":null,"('0220-S-2001', 6)":null,"('0220-S-2001', 7)":null,"('0220-S-2001', 8)":null,"('0220-S-2001', 9)":null},"('Tramites', 'MOVIMIENTO')":{"('0220-S-2001', 0)":"CONSIDERACION Y APROBACION","('0220-S-2001', 1)":"PASA A DIPUTADOS - (TP 164)","('0220-S-2001', 2)":null,"('0220-S-2001', 3)":null,"('0220-S-2001', 4)":null,"('0220-S-2001', 5)":null,"('0220-S-2001', 6)":null,"('0220-S-2001', 7)":null,"('0220-S-2001', 8)":null,"('0220-S-2001', 9)":null},"('Tramites', 'FECHA')":{"('0220-S-2001', 0)":"23\/10\/2001","('0220-S-2001', 1)":null,"('0220-S-2001', 2)":null,"('0220-S-2001', 3)":null,"('0220-S-2001', 4)":null,"('0220-S-2001', 5)":null,"('0220-S-2001', 6)":null,"('0220-S-2001', 7)":null,"('0220-S-2001', 8)":null,"('0220-S-2001', 9)":null},"('Tramites', 'RESULTADO')":{"('0220-S-2001', 0)":"MEDIA SANCION","('0220-S-2001', 1)":null,"('0220-S-2001', 2)":null,"('0220-S-2001', 3)":null,"('0220-S-2001', 4)":null,"('0220-S-2001', 5)":null,"('0220-S-2001', 6)":null,"('0220-S-2001', 7)":null,"('0220-S-2001', 8)":null,"('0220-S-2001', 9)":null},"Sumario":{"('0220-S-2001', 0)":"INVITACION A LAS PROVINCIAS Y AL GOBIERNO DE LA CIUDAD AUTONOMA DE BUENOS AIRES A ADHERIR A LO DISPUESTO; DECLARAR DE INTERES NACIONAL, POR EL TERMINO DE 10 A\u00d1OS, AL PROYECTO DE CONSERVACION DEL CONDOR ANDINO.","('0220-S-2001', 1)":null,"('0220-S-2001', 2)":null,"('0220-S-2001', 3)":null,"('0220-S-2001', 4)":null,"('0220-S-2001', 5)":null,"('0220-S-2001', 6)":null,"('0220-S-2001', 7)":null,"('0220-S-2001', 8)":null,"('0220-S-2001', 9)":null},"Palabra Clave":{"('0220-S-2001', 0)":" ","('0220-S-2001', 1)":null,"('0220-S-2001', 2)":null,"('0220-S-2001', 3)":null,"('0220-S-2001', 4)":null,"('0220-S-2001', 5)":null,"('0220-S-2001', 6)":null,"('0220-S-2001', 7)":null,"('0220-S-2001', 8)":null,"('0220-S-2001', 9)":null}}