{"Tipo de Proyecto":{"('0222-S-2001', 0)":"PROYECTO DE LEY","('0222-S-2001', 1)":null,"('0222-S-2001', 2)":null,"('0222-S-2001', 3)":null},"Iniciado en: ":{"('0222-S-2001', 0)":"Senado","('0222-S-2001', 1)":null,"('0222-S-2001', 2)":null,"('0222-S-2001', 3)":null},"Expediente Diputados: ":{"('0222-S-2001', 0)":"0222-S-2001","('0222-S-2001', 1)":null,"('0222-S-2001', 2)":null,"('0222-S-2001', 3)":null},"Expediente Senado: ":{"('0222-S-2001', 0)":"0638-S-2001","('0222-S-2001', 1)":null,"('0222-S-2001', 2)":null,"('0222-S-2001', 3)":null},"Publicado en: ":{"('0222-S-2001', 0)":"Diario de Asuntos Entrados N\u00b0 41","('0222-S-2001', 1)":null,"('0222-S-2001', 2)":null,"('0222-S-2001', 3)":null},"Fecha: ":{"('0222-S-2001', 0)":"24\/05\/2001","('0222-S-2001', 1)":null,"('0222-S-2001', 2)":null,"('0222-S-2001', 3)":null},"T\u00edtulo":{"('0222-S-2001', 0)":"CREACION DEL \"LIBRO BLANCO SOBRE LA INFANCIA Y LA JUVENTUD ARGENTINA\".","('0222-S-2001', 1)":null,"('0222-S-2001', 2)":null,"('0222-S-2001', 3)":null},"('Firmantes', 'FIRMANTE')":{"('0222-S-2001', 0)":"SALUM, HUMBERTO ELIAS","('0222-S-2001', 1)":null,"('0222-S-2001', 2)":null,"('0222-S-2001', 3)":null},"('Firmantes', 'DISTRITO')":{"('0222-S-2001', 0)":"JUJUY","('0222-S-2001', 1)":null,"('0222-S-2001', 2)":null,"('0222-S-2001', 3)":null},"('Firmantes', 'BLOQUE')":{"('0222-S-2001', 0)":"UCR","('0222-S-2001', 1)":null,"('0222-S-2001', 2)":null,"('0222-S-2001', 3)":null},"('Giros', 'COMISI\u00d3N')":{"('0222-S-2001', 0)":"FAMILIA, MUJER Y MINORIDAD","('0222-S-2001', 1)":"ACCION SOCIAL Y SALUD PUBLICA","('0222-S-2001', 2)":"PRESUPUESTO Y HACIENDA","('0222-S-2001', 3)":null},"('Tramites', 'C\u00c1MARA')":{"('0222-S-2001', 0)":"Senado","('0222-S-2001', 1)":"Senado","('0222-S-2001', 2)":"Diputados","('0222-S-2001', 3)":"Diputados"},"('Tramites', 'MOVIMIENTO')":{"('0222-S-2001', 0)":"CONSIDERACION Y APROBACION","('0222-S-2001', 1)":"INSERCIONES","('0222-S-2001', 2)":"PASA A DIPUTADOS - (TP 164)","('0222-S-2001', 3)":"RESOLUCION DE PRESIDENCIA CAMBIO DE ORDEN DE LAS COMISIONES (BAE 36\/01)"},"('Tramites', 'FECHA')":{"('0222-S-2001', 0)":"23\/10\/2001","('0222-S-2001', 1)":"23\/10\/2001","('0222-S-2001', 2)":null,"('0222-S-2001', 3)":"28\/02\/2002"},"('Tramites', 'RESULTADO')":{"('0222-S-2001', 0)":"MEDIA SANCION","('0222-S-2001', 1)":null,"('0222-S-2001', 2)":null,"('0222-S-2001', 3)":null},"Sumario":{"('0222-S-2001', 0)":"PRESENTACION (INFORME, PLAN); PLAZO; REDACCION POR SEPARADO (INFANCIA, JUVENTUD); RESPONSABILIDAD; ESQUEMA DE LOS PLANES; PRESENTACION SIMULTANEA EN AMBAS CAMARAS; CREASE LA UNIDAD COORDINADORA DE INFANCIA Y JUVENTUD; INTEGRACION; FUNCIONES.","('0222-S-2001', 1)":null,"('0222-S-2001', 2)":null,"('0222-S-2001', 3)":null},"Palabra Clave":{"('0222-S-2001', 0)":" ","('0222-S-2001', 1)":null,"('0222-S-2001', 2)":null,"('0222-S-2001', 3)":null}}