{"Tipo de Proyecto":{"('0223-S-2001', 0)":"PROYECTO DE LEY","('0223-S-2001', 1)":null},"Iniciado en: ":{"('0223-S-2001', 0)":"Senado","('0223-S-2001', 1)":null},"Expediente Diputados: ":{"('0223-S-2001', 0)":"0223-S-2001","('0223-S-2001', 1)":null},"Expediente Senado: ":{"('0223-S-2001', 0)":"1083-S-2001","('0223-S-2001', 1)":null},"Publicado en: ":{"('0223-S-2001', 0)":"Diario de Asuntos Entrados N\u00b0 70","('0223-S-2001', 1)":null},"Fecha: ":{"('0223-S-2001', 0)":"31\/07\/2001","('0223-S-2001', 1)":null},"T\u00edtulo":{"('0223-S-2001', 0)":"LEY 25197 (REGIMEN DEL REGISTRO DEL PATRIMONIO CULTURAL): MODIFICACION.","('0223-S-2001', 1)":null},"('Firmantes', 'FIRMANTE')":{"('0223-S-2001', 0)":"MOREAU, LEOPOLDO RAUL G.","('0223-S-2001', 1)":null},"('Firmantes', 'DISTRITO')":{"('0223-S-2001', 0)":"BUENOS AIRES","('0223-S-2001', 1)":null},"('Firmantes', 'BLOQUE')":{"('0223-S-2001', 0)":"UCR","('0223-S-2001', 1)":null},"('Giros', 'COMISI\u00d3N')":{"('0223-S-2001', 0)":"CULTURA","('0223-S-2001', 1)":"COMUNICACIONES E INFORMATICA"},"('Tramites', 'C\u00c1MARA')":{"('0223-S-2001', 0)":"Senado","('0223-S-2001', 1)":"Diputados"},"('Tramites', 'MOVIMIENTO')":{"('0223-S-2001', 0)":"CONSIDERACION Y APROBACION","('0223-S-2001', 1)":"PASA A DIPUTADOS - (TP 164)"},"('Tramites', 'FECHA')":{"('0223-S-2001', 0)":"23\/10\/2001","('0223-S-2001', 1)":null},"('Tramites', 'RESULTADO')":{"('0223-S-2001', 0)":"MEDIA SANCION","('0223-S-2001', 1)":null},"Sumario":{"('0223-S-2001', 0)":"MODIFICACION DEL ARTICULO 6 (CONSIGNACION DE DATOS).","('0223-S-2001', 1)":null},"Palabra Clave":{"('0223-S-2001', 0)":" ","('0223-S-2001', 1)":null}}