{"Tipo de Proyecto":{"('0224-D-2001', 0)":"PROYECTO DE LEY","('0224-D-2001', 1)":null,"('0224-D-2001', 2)":null},"Iniciado en: ":{"('0224-D-2001', 0)":"Diputados","('0224-D-2001', 1)":null,"('0224-D-2001', 2)":null},"Expediente Diputados: ":{"('0224-D-2001', 0)":"0224-D-2001","('0224-D-2001', 1)":null,"('0224-D-2001', 2)":null},"Publicado en: ":{"('0224-D-2001', 0)":"Tr\u00e1mite Parlamentario N\u00b0 3","('0224-D-2001', 1)":null,"('0224-D-2001', 2)":null},"Fecha: ":{"('0224-D-2001', 0)":"05\/03\/2001","('0224-D-2001', 1)":null,"('0224-D-2001', 2)":null},"T\u00edtulo":{"('0224-D-2001', 0)":"EXPENDIO DE MEDICAMENTOS DE VENTA LIBRE. (REPRODUCCION DEL EXPEDIENTE 0763-D-99).","('0224-D-2001', 1)":null,"('0224-D-2001', 2)":null},"('Firmantes', 'FIRMANTE')":{"('0224-D-2001', 0)":"SO\u00d1EZ, FEDERICO ROMAN","('0224-D-2001', 1)":null,"('0224-D-2001', 2)":null},"('Firmantes', 'DISTRITO')":{"('0224-D-2001', 0)":"ENTRE RIOS","('0224-D-2001', 1)":null,"('0224-D-2001', 2)":null},"('Firmantes', 'BLOQUE')":{"('0224-D-2001', 0)":"FREPASO","('0224-D-2001', 1)":null,"('0224-D-2001', 2)":null},"('Giros', 'COMISI\u00d3N')":{"('0224-D-2001', 0)":"ACCION SOCIAL Y SALUD PUBLICA","('0224-D-2001', 1)":"COMERCIO","('0224-D-2001', 2)":"DEFENSA DEL CONSUMIDOR"},"Sumario":{"('0224-D-2001', 0)":"VENTA UNICAMENTE EN FARMACIAS BAJO LA SUPERVISION DE UN FARMACEUTICO Y DE ACUERDO A LAS PRESCRIPCIONES DE LA LEY 17565 (DE ACTIVIDAD FARMACEUTICA); DEROGACION EN FORMA TOTAL O PARCIAL DE TODA NORMA QUE SE OPONGA A LA PRESENTE LEY.","('0224-D-2001', 1)":null,"('0224-D-2001', 2)":null},"Palabra Clave":{"('0224-D-2001', 0)":" ","('0224-D-2001', 1)":null,"('0224-D-2001', 2)":null}}