{"Tipo de Proyecto":{"('0226-D-2001', 0)":"PROYECTO DE LEY","('0226-D-2001', 1)":null},"Iniciado en: ":{"('0226-D-2001', 0)":"Diputados","('0226-D-2001', 1)":null},"Expediente Diputados: ":{"('0226-D-2001', 0)":"0226-D-2001","('0226-D-2001', 1)":null},"Publicado en: ":{"('0226-D-2001', 0)":"Tr\u00e1mite Parlamentario N\u00b0 3","('0226-D-2001', 1)":null},"Fecha: ":{"('0226-D-2001', 0)":"05\/03\/2001","('0226-D-2001', 1)":null},"T\u00edtulo":{"('0226-D-2001', 0)":"REGIMEN REGULATORIO DEL EJERCICIO DE LOS AGENTES DE INFORMACION FARMACOLOGICA (REPRODUCCION DEL EXPEDIENTE 4311-D-99).","('0226-D-2001', 1)":null},"('Firmantes', 'FIRMANTE')":{"('0226-D-2001', 0)":"SO\u00d1EZ, FEDERICO ROMAN","('0226-D-2001', 1)":null},"('Firmantes', 'DISTRITO')":{"('0226-D-2001', 0)":"ENTRE RIOS","('0226-D-2001', 1)":null},"('Firmantes', 'BLOQUE')":{"('0226-D-2001', 0)":"FREPASO","('0226-D-2001', 1)":null},"('Giros', 'COMISI\u00d3N')":{"('0226-D-2001', 0)":"ACCION SOCIAL Y SALUD PUBLICA","('0226-D-2001', 1)":"LEGISLACION DEL TRABAJO"},"Sumario":{"('0226-D-2001', 0)":"DEFINICION Y FUNCIONES; MATRICULA Y REQUISITOS: CREACION DEL REGISTRO NACIONAL DE AGENTES DE INFORMACION FARMACOLOGICA; HABILITACION Y SUSPENSIONES; DESEMPE\u00d1O: OBLIGACIONES Y PROHIBICIONES; EMPLEADORES; DISPOSICIONES TRANSITORIAS.","('0226-D-2001', 1)":null},"Palabra Clave":{"('0226-D-2001', 0)":" ","('0226-D-2001', 1)":null}}