{"Tipo de Proyecto":{"('0228-D-2001', 0)":"PROYECTO DE LEY","('0228-D-2001', 1)":null,"('0228-D-2001', 2)":null},"Iniciado en: ":{"('0228-D-2001', 0)":"Diputados","('0228-D-2001', 1)":null,"('0228-D-2001', 2)":null},"Expediente Diputados: ":{"('0228-D-2001', 0)":"0228-D-2001","('0228-D-2001', 1)":null,"('0228-D-2001', 2)":null},"Publicado en: ":{"('0228-D-2001', 0)":"Tr\u00e1mite Parlamentario N\u00b0 3","('0228-D-2001', 1)":null,"('0228-D-2001', 2)":null},"Fecha: ":{"('0228-D-2001', 0)":"05\/03\/2001","('0228-D-2001', 1)":null,"('0228-D-2001', 2)":null},"T\u00edtulo":{"('0228-D-2001', 0)":"CODIGO PENAL: MODIFICACIONES (REPRODUCCION DEL EXPEDIENTE 4926-D-99).","('0228-D-2001', 1)":null,"('0228-D-2001', 2)":null},"('Firmantes', 'FIRMANTE')":{"('0228-D-2001', 0)":"SO\u00d1EZ, FEDERICO ROMAN","('0228-D-2001', 1)":null,"('0228-D-2001', 2)":null},"('Firmantes', 'DISTRITO')":{"('0228-D-2001', 0)":"ENTRE RIOS","('0228-D-2001', 1)":null,"('0228-D-2001', 2)":null},"('Firmantes', 'BLOQUE')":{"('0228-D-2001', 0)":"FREPASO","('0228-D-2001', 1)":null,"('0228-D-2001', 2)":null},"('Giros', 'COMISI\u00d3N')":{"('0228-D-2001', 0)":"LEGISLACION PENAL","('0228-D-2001', 1)":"ACCION SOCIAL Y SALUD PUBLICA","('0228-D-2001', 2)":"DEFENSA DEL CONSUMIDOR"},"('Tramites', 'C\u00c1MARA')":{"('0228-D-2001', 0)":"Diputados","('0228-D-2001', 1)":"Diputados","('0228-D-2001', 2)":null},"('Tramites', 'MOVIMIENTO')":{"('0228-D-2001', 0)":"RESOLUCION PRESIDENCIA SE SUPRIME EL GIRO A LA COMISION DE COMERCIO, AMPLIACION DE GIRO A LA COMISION DE LEGISLACION PENAL, Y CAMBIO DE ORDEN DE LAS COMISIONES (BAE 9\/01)","('0228-D-2001', 1)":"VER TRAMITE EN EXPEDIENTE 0038-D-01","('0228-D-2001', 2)":null},"('Tramites', 'FECHA')":{"('0228-D-2001', 0)":"16\/05\/2001","('0228-D-2001', 1)":null,"('0228-D-2001', 2)":null},"('Tramites', 'RESULTADO')":{"('0228-D-2001', 0)":null,"('0228-D-2001', 1)":null,"('0228-D-2001', 2)":null},"Sumario":{"('0228-D-2001', 0)":"SUSTITUCION DE LOS ARTICULOS 200 (REPRESION DE LA ADULTERACION O FALSIFICACION DE SUSTANCIAS O PRODUCTOS ALIMENTICIOS O MEDICINALES); ARTICULO 201 (APLICACION DE PENAS DEL ARTICULO 200 A QUIENES VENDIEREN, ALMACENAREN, ENTREGAREN O DISTRIBUYEREN A TERCEROS DICHAS SUSTANCIAS); ARTICULO 203 (MULTA CUANDO EL TIPO PENAL SEA CULPOSO); INCORPORACION DE LOS SIGUIENTES ARTICULOS: 203 BIS (SANCION A QUIENES FABRICAREN O FACILITAREN A TERCEROS OBJETOS CON EL FIN DE COMETER ALGUNA DE LAS ACCIONES REPRIMIDAS POR LOS ARTICULOS ANTERIORES); ARTICULO 203 TER (IMPOSICION DE PENA A QUIEN MODIFIQUE O ALTERE EL NUMERO DE LOTE O FECHA DE VENCIMIENTO DE DICHAS SUSTANCIAS).","('0228-D-2001', 1)":null,"('0228-D-2001', 2)":null},"Palabra Clave":{"('0228-D-2001', 0)":" ","('0228-D-2001', 1)":null,"('0228-D-2001', 2)":null}}