{"Tipo de Proyecto":{"('0229-D-2001', 0)":"PROYECTO DE LEY","('0229-D-2001', 1)":null,"('0229-D-2001', 2)":null,"('0229-D-2001', 3)":null,"('0229-D-2001', 4)":null},"Iniciado en: ":{"('0229-D-2001', 0)":"Diputados","('0229-D-2001', 1)":null,"('0229-D-2001', 2)":null,"('0229-D-2001', 3)":null,"('0229-D-2001', 4)":null},"Expediente Diputados: ":{"('0229-D-2001', 0)":"0229-D-2001","('0229-D-2001', 1)":null,"('0229-D-2001', 2)":null,"('0229-D-2001', 3)":null,"('0229-D-2001', 4)":null},"Publicado en: ":{"('0229-D-2001', 0)":"Tr\u00e1mite Parlamentario N\u00b0 3","('0229-D-2001', 1)":null,"('0229-D-2001', 2)":null,"('0229-D-2001', 3)":null,"('0229-D-2001', 4)":null},"Fecha: ":{"('0229-D-2001', 0)":"05\/03\/2001","('0229-D-2001', 1)":null,"('0229-D-2001', 2)":null,"('0229-D-2001', 3)":null,"('0229-D-2001', 4)":null},"T\u00edtulo":{"('0229-D-2001', 0)":"REGIMEN ESPECIAL PARA ZONAS FRANCAS MEDITERRANEAS (REPRODUCCION DEL EXPEDIENTE 2660-D-99).","('0229-D-2001', 1)":null,"('0229-D-2001', 2)":null,"('0229-D-2001', 3)":null,"('0229-D-2001', 4)":null},"('Firmantes', 'FIRMANTE')":{"('0229-D-2001', 0)":"FERNANDEZ, PABLO DAMIAN","('0229-D-2001', 1)":null,"('0229-D-2001', 2)":null,"('0229-D-2001', 3)":null,"('0229-D-2001', 4)":null},"('Firmantes', 'DISTRITO')":{"('0229-D-2001', 0)":"LA PAMPA","('0229-D-2001', 1)":null,"('0229-D-2001', 2)":null,"('0229-D-2001', 3)":null,"('0229-D-2001', 4)":null},"('Firmantes', 'BLOQUE')":{"('0229-D-2001', 0)":"FREPASO","('0229-D-2001', 1)":null,"('0229-D-2001', 2)":null,"('0229-D-2001', 3)":null,"('0229-D-2001', 4)":null},"('Giros', 'COMISI\u00d3N')":{"('0229-D-2001', 0)":"ECONOMIA","('0229-D-2001', 1)":"INDUSTRIA","('0229-D-2001', 2)":"PRESUPUESTO Y HACIENDA","('0229-D-2001', 3)":"ECONOMIAS Y DESARROLLO REGIONAL","('0229-D-2001', 4)":"MERCOSUR"},"Sumario":{"('0229-D-2001', 0)":"ZONAS BENEFICIADAS; EXCEPCIONES; ACTIVIDADES; EXTRACCION DE MERCADERIAS A TERCEROS PAISES; REGIMEN APLICABLE EN MATERIA DE DESTINACIONES SUSPENSIVAS DE IMPORTACIONES Y EXPORTACIONES TEMPORARIAS; LEGISLACION LABORAL; EMISION DE WARRANTS, CERTIFICADOS DE DEPOSITOS DE MERCADERIAS, MATERIA PRIMA Y PRODUCTOS DEPOSITADOS; DISMINUCION EN LA ALICUOTA DEL IMPUESTO A LAS GANANCIAS; EXIMICION DE IMPUESTOS.","('0229-D-2001', 1)":null,"('0229-D-2001', 2)":null,"('0229-D-2001', 3)":null,"('0229-D-2001', 4)":null},"Palabra Clave":{"('0229-D-2001', 0)":" ","('0229-D-2001', 1)":null,"('0229-D-2001', 2)":null,"('0229-D-2001', 3)":null,"('0229-D-2001', 4)":null}}