{"Tipo de Proyecto":{"('0230-D-2001', 0)":"PROYECTO DE LEY"},"Iniciado en: ":{"('0230-D-2001', 0)":"Diputados"},"Expediente Diputados: ":{"('0230-D-2001', 0)":"0230-D-2001"},"Publicado en: ":{"('0230-D-2001', 0)":"Tr\u00e1mite Parlamentario N\u00b0 3"},"Fecha: ":{"('0230-D-2001', 0)":"05\/03\/2001"},"T\u00edtulo":{"('0230-D-2001', 0)":"LEY 20957 DE SERVICIO EXTERIOR DE LA NACION: MODIFICACIONES (REPRODUCCION DEL EXPEDIENTE 3972-D-99)."},"('Firmantes', 'FIRMANTE')":{"('0230-D-2001', 0)":"FERNANDEZ, PABLO DAMIAN"},"('Firmantes', 'DISTRITO')":{"('0230-D-2001', 0)":"LA PAMPA"},"('Firmantes', 'BLOQUE')":{"('0230-D-2001', 0)":"FREPASO"},"('Giros', 'COMISI\u00d3N')":{"('0230-D-2001', 0)":"RELACIONES EXTERIORES Y CULTO"},"Sumario":{"('0230-D-2001', 0)":"MODIFICACION DE LOS INCISOS A) Y F) DEL ARTICULO 11 (CIUDADANIA)."},"Palabra Clave":{"('0230-D-2001', 0)":" "}}