{"Tipo de Proyecto":{"('0231-D-2001', 0)":"PROYECTO DE LEY","('0231-D-2001', 1)":null,"('0231-D-2001', 2)":null,"('0231-D-2001', 3)":null,"('0231-D-2001', 4)":null},"Iniciado en: ":{"('0231-D-2001', 0)":"Diputados","('0231-D-2001', 1)":null,"('0231-D-2001', 2)":null,"('0231-D-2001', 3)":null,"('0231-D-2001', 4)":null},"Expediente Diputados: ":{"('0231-D-2001', 0)":"0231-D-2001","('0231-D-2001', 1)":null,"('0231-D-2001', 2)":null,"('0231-D-2001', 3)":null,"('0231-D-2001', 4)":null},"Publicado en: ":{"('0231-D-2001', 0)":"Tr\u00e1mite Parlamentario N\u00b0 3","('0231-D-2001', 1)":null,"('0231-D-2001', 2)":null,"('0231-D-2001', 3)":null,"('0231-D-2001', 4)":null},"Fecha: ":{"('0231-D-2001', 0)":"05\/03\/2001","('0231-D-2001', 1)":null,"('0231-D-2001', 2)":null,"('0231-D-2001', 3)":null,"('0231-D-2001', 4)":null},"T\u00edtulo":{"('0231-D-2001', 0)":"LEY DE VOLUNTARIADO SOCIAL (REPRODUCCION DEL EXPEDIENTE 4109-D-99).","('0231-D-2001', 1)":null,"('0231-D-2001', 2)":null,"('0231-D-2001', 3)":null,"('0231-D-2001', 4)":null},"('Firmantes', 'FIRMANTE')":{"('0231-D-2001', 0)":"FERNANDEZ, PABLO DAMIAN","('0231-D-2001', 1)":null,"('0231-D-2001', 2)":null,"('0231-D-2001', 3)":null,"('0231-D-2001', 4)":null},"('Firmantes', 'DISTRITO')":{"('0231-D-2001', 0)":"LA PAMPA","('0231-D-2001', 1)":null,"('0231-D-2001', 2)":null,"('0231-D-2001', 3)":null,"('0231-D-2001', 4)":null},"('Firmantes', 'BLOQUE')":{"('0231-D-2001', 0)":"FREPASO","('0231-D-2001', 1)":null,"('0231-D-2001', 2)":null,"('0231-D-2001', 3)":null,"('0231-D-2001', 4)":null},"('Giros', 'COMISI\u00d3N')":{"('0231-D-2001', 0)":"ASUNTOS COOPERATIVOS, MUTUALES Y DE ORG.NO GUBERNAMENTALES","('0231-D-2001', 1)":"LEGISLACION GENERAL","('0231-D-2001', 2)":"ACCION SOCIAL Y SALUD PUBLICA","('0231-D-2001', 3)":"LEGISLACION DEL TRABAJO","('0231-D-2001', 4)":"PRESUPUESTO Y HACIENDA"},"('Tramites', 'C\u00c1MARA')":{"('0231-D-2001', 0)":"Diputados","('0231-D-2001', 1)":"Diputados","('0231-D-2001', 2)":null,"('0231-D-2001', 3)":null,"('0231-D-2001', 4)":null},"('Tramites', 'MOVIMIENTO')":{"('0231-D-2001', 0)":"RESOLUCION PRESIDENCIA AMPLIACION DE GIRO A LA COMISION DE LEGISLACION LEGISLACION DEL TRABAJO Y PRESUPUESTO Y HACIENDA, Y CAMBIO DE ORDEN DE LAS COMISIONES (BAE 4\/01)","('0231-D-2001', 1)":"VER TRAMITE EN EXPEDIENTE 6737-D-01","('0231-D-2001', 2)":null,"('0231-D-2001', 3)":null,"('0231-D-2001', 4)":null},"('Tramites', 'FECHA')":{"('0231-D-2001', 0)":"18\/04\/2001","('0231-D-2001', 1)":null,"('0231-D-2001', 2)":null,"('0231-D-2001', 3)":null,"('0231-D-2001', 4)":null},"('Tramites', 'RESULTADO')":{"('0231-D-2001', 0)":null,"('0231-D-2001', 1)":null,"('0231-D-2001', 2)":null,"('0231-D-2001', 3)":null,"('0231-D-2001', 4)":null},"Sumario":{"('0231-D-2001', 0)":"OBJETO; CONCEPTO; AMBITO DE APLICACION; ORGANIZACION Y FUNCIONAMIENTO INTERNO; INCORPORACION, REGISTRO Y FORMACION DE LOS VOLUNTARIOS; DERECHOS Y OBLIGACIONES DE LOS VOLUNTARIOS; FOMENTO DEL VOLUNTARIADO SOCIAL.","('0231-D-2001', 1)":null,"('0231-D-2001', 2)":null,"('0231-D-2001', 3)":null,"('0231-D-2001', 4)":null},"Palabra Clave":{"('0231-D-2001', 0)":" ","('0231-D-2001', 1)":null,"('0231-D-2001', 2)":null,"('0231-D-2001', 3)":null,"('0231-D-2001', 4)":null}}