{"Tipo de Proyecto":{"('0232-D-2001', 0)":"PROYECTO DE LEY","('0232-D-2001', 1)":null,"('0232-D-2001', 2)":null,"('0232-D-2001', 3)":null,"('0232-D-2001', 4)":null},"Iniciado en: ":{"('0232-D-2001', 0)":"Diputados","('0232-D-2001', 1)":null,"('0232-D-2001', 2)":null,"('0232-D-2001', 3)":null,"('0232-D-2001', 4)":null},"Expediente Diputados: ":{"('0232-D-2001', 0)":"0232-D-2001","('0232-D-2001', 1)":null,"('0232-D-2001', 2)":null,"('0232-D-2001', 3)":null,"('0232-D-2001', 4)":null},"Publicado en: ":{"('0232-D-2001', 0)":"Tr\u00e1mite Parlamentario N\u00b0 3","('0232-D-2001', 1)":null,"('0232-D-2001', 2)":null,"('0232-D-2001', 3)":null,"('0232-D-2001', 4)":null},"Fecha: ":{"('0232-D-2001', 0)":"05\/03\/2001","('0232-D-2001', 1)":null,"('0232-D-2001', 2)":null,"('0232-D-2001', 3)":null,"('0232-D-2001', 4)":null},"T\u00edtulo":{"('0232-D-2001', 0)":"MARCO REGULATORIO DE LA INDUSTRIA DEL GAS LICUADO DE PETROLEO (GLP) (REPRODUCCION DEL EXPEDIENTE 6302-D-99).","('0232-D-2001', 1)":null,"('0232-D-2001', 2)":null,"('0232-D-2001', 3)":null,"('0232-D-2001', 4)":null},"('Firmantes', 'FIRMANTE')":{"('0232-D-2001', 0)":"FERNANDEZ, PABLO DAMIAN","('0232-D-2001', 1)":null,"('0232-D-2001', 2)":null,"('0232-D-2001', 3)":null,"('0232-D-2001', 4)":null},"('Firmantes', 'DISTRITO')":{"('0232-D-2001', 0)":"LA PAMPA","('0232-D-2001', 1)":null,"('0232-D-2001', 2)":null,"('0232-D-2001', 3)":null,"('0232-D-2001', 4)":null},"('Firmantes', 'BLOQUE')":{"('0232-D-2001', 0)":"FREPASO","('0232-D-2001', 1)":null,"('0232-D-2001', 2)":null,"('0232-D-2001', 3)":null,"('0232-D-2001', 4)":null},"('Giros', 'COMISI\u00d3N')":{"('0232-D-2001', 0)":"ENERGIA Y COMBUSTIBLES","('0232-D-2001', 1)":"COMERCIO","('0232-D-2001', 2)":"DEFENSA DEL CONSUMIDOR","('0232-D-2001', 3)":"TRANSPORTES","('0232-D-2001', 4)":"INTERESES MARITIMOS, FLUVIALES, PESQUEROS Y PORTUARIOS"},"Sumario":{"('0232-D-2001', 0)":"OBJETO; POLITICA GENERAL; EXPORTACION E IMPORTACION DE GLP; SUJETOS; SERVICIOS DE PUERTO; ALMACENAJES; COMERCIALIZADORES; TRANSPORTE; FRACCIONAMIENTO; DISTRIBUCION; GRANDES CONSUMIDORES; CONDICIONES DE PRESTACION DE LOS SERVICIOS; ENVASES PARA LA COMERCIALIZACION DE GLP; LIMITACIONES; TARIFAS Y MARGENES; PRECIOS; AUTORIDAD DE APLICACION: ENTE NACIONAL REGULADOR DEL GAS (ENARGAS) CREADO POR LEY 24076; REGIMEN SANCIONATORIO.","('0232-D-2001', 1)":null,"('0232-D-2001', 2)":null,"('0232-D-2001', 3)":null,"('0232-D-2001', 4)":null},"Palabra Clave":{"('0232-D-2001', 0)":" ","('0232-D-2001', 1)":null,"('0232-D-2001', 2)":null,"('0232-D-2001', 3)":null,"('0232-D-2001', 4)":null}}