{"Tipo de Proyecto":{"('0232-S-2001', 0)":"PROYECTO DE RESOLUCI\u00d3N","('0232-S-2001', 1)":null,"('0232-S-2001', 2)":null},"Iniciado en: ":{"('0232-S-2001', 0)":"Senado","('0232-S-2001', 1)":null,"('0232-S-2001', 2)":null},"Expediente Diputados: ":{"('0232-S-2001', 0)":"0232-S-2001","('0232-S-2001', 1)":null,"('0232-S-2001', 2)":null},"Expediente Senado: ":{"('0232-S-2001', 0)":"0093-OV-2000","('0232-S-2001', 1)":null,"('0232-S-2001', 2)":null},"Fecha: ":{"('0232-S-2001', 0)":"18\/09\/2001","('0232-S-2001', 1)":null,"('0232-S-2001', 2)":null},"T\u00edtulo":{"('0232-S-2001', 0)":"DICTAMEN EN LA RESOLUCION REMITIDA POR LA AUDITORIA GENERAL DE LA NACION SOBRE LA VERIFICACION DEL CUMPLIMIENTO POR PARTE DE LA EMPRESA CONCESIONARIA DE LAS OBLIGACIONES EMERGENTES DEL CONTRATO DE CONCESION EN EL CORREDOR VIAL 20 Y EVALUACION DE LA GESTION DEL ORGANO DE CONTROL DE CONCESIONES VIALES.","('0232-S-2001', 1)":null,"('0232-S-2001', 2)":null},"('Firmantes', 'FIRMANTE')":{"('0232-S-2001', 0)":"PARLAMENTARIA MIXTA REVISORA DE CUENTAS","('0232-S-2001', 1)":null,"('0232-S-2001', 2)":null},"('Firmantes', 'DISTRITO')":{"('0232-S-2001', 0)":null,"('0232-S-2001', 1)":null,"('0232-S-2001', 2)":null},"('Firmantes', 'BLOQUE')":{"('0232-S-2001', 0)":null,"('0232-S-2001', 1)":null,"('0232-S-2001', 2)":null},"('Giros', 'COMISI\u00d3N')":{"('0232-S-2001', 0)":"PARLAMENTARIA MIXTA REVISORA DE CUENTAS","('0232-S-2001', 1)":null,"('0232-S-2001', 2)":null},"('Tramites', 'C\u00c1MARA')":{"('0232-S-2001', 0)":"Senado","('0232-S-2001', 1)":"Diputados","('0232-S-2001', 2)":"Diputados"},"('Tramites', 'MOVIMIENTO')":{"('0232-S-2001', 0)":"CONSIDERACION Y APROBACION","('0232-S-2001', 1)":"PASA A DIPUTADOS -","('0232-S-2001', 2)":"CONSIDERACION Y APROBACION"},"('Tramites', 'FECHA')":{"('0232-S-2001', 0)":"23\/10\/2001","('0232-S-2001', 1)":null,"('0232-S-2001', 2)":"27\/11\/2001"},"('Tramites', 'RESULTADO')":{"('0232-S-2001', 0)":"APROBADO","('0232-S-2001', 1)":null,"('0232-S-2001', 2)":"APROBADO"},"Sumario":{"('0232-S-2001', 0)":"SOLICITUD AL PODER EJECUTIVO NACIONAL A FIN DE QUE ADOPTE MEDIDAS INMEDIATAS NECESARIAS PARA CORREGIR LAS INEFICIENCIAS OBSERVADAS.","('0232-S-2001', 1)":null,"('0232-S-2001', 2)":null},"Palabra Clave":{"('0232-S-2001', 0)":" ","('0232-S-2001', 1)":null,"('0232-S-2001', 2)":null}}