{"Tipo de Proyecto":{"('0233-S-2001', 0)":"PROYECTO DE RESOLUCI\u00d3N","('0233-S-2001', 1)":null,"('0233-S-2001', 2)":null,"('0233-S-2001', 3)":null,"('0233-S-2001', 4)":null,"('0233-S-2001', 5)":null},"Iniciado en: ":{"('0233-S-2001', 0)":"Senado","('0233-S-2001', 1)":null,"('0233-S-2001', 2)":null,"('0233-S-2001', 3)":null,"('0233-S-2001', 4)":null,"('0233-S-2001', 5)":null},"Expediente Diputados: ":{"('0233-S-2001', 0)":"0233-S-2001","('0233-S-2001', 1)":null,"('0233-S-2001', 2)":null,"('0233-S-2001', 3)":null,"('0233-S-2001', 4)":null,"('0233-S-2001', 5)":null},"Expediente Senado: ":{"('0233-S-2001', 0)":"0023-OV-2000","('0233-S-2001', 1)":null,"('0233-S-2001', 2)":null,"('0233-S-2001', 3)":null,"('0233-S-2001', 4)":null,"('0233-S-2001', 5)":null},"Fecha: ":{"('0233-S-2001', 0)":"18\/09\/2001","('0233-S-2001', 1)":null,"('0233-S-2001', 2)":null,"('0233-S-2001', 3)":null,"('0233-S-2001', 4)":null,"('0233-S-2001', 5)":null},"T\u00edtulo":{"('0233-S-2001', 0)":"DICTAMEN EN LA RESOLUCION REMITIDA POR LA AUDITORIA GENERAL DE LA NACION SOBRE LOS ESTADOS FINANCIEROS DEL PROYECTO DE REFORMA DEL SECTOR DE SALUD (PRESSAL), CONVENIO DE PRESTAMO 3931-AR-BIRF.","('0233-S-2001', 1)":null,"('0233-S-2001', 2)":null,"('0233-S-2001', 3)":null,"('0233-S-2001', 4)":null,"('0233-S-2001', 5)":null},"('Firmantes', 'FIRMANTE')":{"('0233-S-2001', 0)":"PARLAMENTARIA MIXTA REVISORA DE CUENTAS","('0233-S-2001', 1)":null,"('0233-S-2001', 2)":null,"('0233-S-2001', 3)":null,"('0233-S-2001', 4)":null,"('0233-S-2001', 5)":null},"('Firmantes', 'DISTRITO')":{"('0233-S-2001', 0)":null,"('0233-S-2001', 1)":null,"('0233-S-2001', 2)":null,"('0233-S-2001', 3)":null,"('0233-S-2001', 4)":null,"('0233-S-2001', 5)":null},"('Firmantes', 'BLOQUE')":{"('0233-S-2001', 0)":null,"('0233-S-2001', 1)":null,"('0233-S-2001', 2)":null,"('0233-S-2001', 3)":null,"('0233-S-2001', 4)":null,"('0233-S-2001', 5)":null},"('Giros', 'COMISI\u00d3N')":{"('0233-S-2001', 0)":"PARLAMENTARIA MIXTA REVISORA DE CUENTAS","('0233-S-2001', 1)":null,"('0233-S-2001', 2)":null,"('0233-S-2001', 3)":null,"('0233-S-2001', 4)":null,"('0233-S-2001', 5)":null},"('Tramites', 'C\u00c1MARA')":{"('0233-S-2001', 0)":"Senado","('0233-S-2001', 1)":"Diputados","('0233-S-2001', 2)":"Diputados","('0233-S-2001', 3)":"Diputados","('0233-S-2001', 4)":"Diputados","('0233-S-2001', 5)":"Diputados"},"('Tramites', 'MOVIMIENTO')":{"('0233-S-2001', 0)":"CONSIDERACION Y APROBACION","('0233-S-2001', 1)":"PASA A DIPUTADOS -","('0233-S-2001', 2)":"CONSIDERACION Y APROBACION","('0233-S-2001', 3)":"CONTESTACION DEL PODER EJECUTIVO NACIONAL - JEFE DE GABINETE DE MINISTROS - (0398-OV-02); GIRADA A LA COMISION RESPECTIVA (BAE 23\/02)","('0233-S-2001', 4)":"CONTESTACION DEL PODER EJECUTIVO NACIONAL - JEFE DE GABINETE DE MINISTROS - GIRADO A LA COMISION RESPECTIVA","('0233-S-2001', 5)":"CONTESTACION DEL PODER EJECUTIVO NACIONAL - JEFE DE GABINETE DE MINISTROS - GIRADO A LA COMISION RESPECTIVA"},"('Tramites', 'FECHA')":{"('0233-S-2001', 0)":"23\/10\/2001","('0233-S-2001', 1)":null,"('0233-S-2001', 2)":"27\/11\/2001","('0233-S-2001', 3)":"28\/08\/2002","('0233-S-2001', 4)":"22\/09\/2004","('0233-S-2001', 5)":"09\/02\/2005"},"('Tramites', 'RESULTADO')":{"('0233-S-2001', 0)":"APROBADO","('0233-S-2001', 1)":null,"('0233-S-2001', 2)":"APROBADO","('0233-S-2001', 3)":null,"('0233-S-2001', 4)":null,"('0233-S-2001', 5)":null},"Sumario":{"('0233-S-2001', 0)":"SOLICITUD AL PODER EJECUTIVO NACIONAL PARA QUE INFORME SOBRE LAS MEDIDAS ADOPTADAS PARA REGULARIZAR LAS SERIAS SITUACIONES OBSERVADAS.","('0233-S-2001', 1)":null,"('0233-S-2001', 2)":null,"('0233-S-2001', 3)":null,"('0233-S-2001', 4)":null,"('0233-S-2001', 5)":null},"Palabra Clave":{"('0233-S-2001', 0)":" ","('0233-S-2001', 1)":null,"('0233-S-2001', 2)":null,"('0233-S-2001', 3)":null,"('0233-S-2001', 4)":null,"('0233-S-2001', 5)":null}}