{"Tipo de Proyecto":{"('0235-D-2001', 0)":"PROYECTO DE LEY","('0235-D-2001', 1)":null,"('0235-D-2001', 2)":null},"Iniciado en: ":{"('0235-D-2001', 0)":"Diputados","('0235-D-2001', 1)":null,"('0235-D-2001', 2)":null},"Expediente Diputados: ":{"('0235-D-2001', 0)":"0235-D-2001","('0235-D-2001', 1)":null,"('0235-D-2001', 2)":null},"Publicado en: ":{"('0235-D-2001', 0)":"Tr\u00e1mite Parlamentario N\u00b0 3","('0235-D-2001', 1)":null,"('0235-D-2001', 2)":null},"Fecha: ":{"('0235-D-2001', 0)":"05\/03\/2001","('0235-D-2001', 1)":null,"('0235-D-2001', 2)":null},"T\u00edtulo":{"('0235-D-2001', 0)":"OBLIGATORIEDAD PARA LOS BANCOS Y\/O ENTIDADES FINANCIERAS, QUE COMERCIALICEN CONTRATOS DE SEGURO EN SUS DEPENDENCIAS, DE CONTAR CON UN ASESOR PRODUCTOR DE SEGUROS (REPRODUCCION DEL EXPEDIENTE 1685-D-99).","('0235-D-2001', 1)":null,"('0235-D-2001', 2)":null},"('Firmantes', 'FIRMANTE')":{"('0235-D-2001', 0)":"GALLAND, GUSTAVO CARLOS","('0235-D-2001', 1)":null,"('0235-D-2001', 2)":null},"('Firmantes', 'DISTRITO')":{"('0235-D-2001', 0)":"BUENOS AIRES","('0235-D-2001', 1)":null,"('0235-D-2001', 2)":null},"('Firmantes', 'BLOQUE')":{"('0235-D-2001', 0)":"FREPASO","('0235-D-2001', 1)":null,"('0235-D-2001', 2)":null},"('Giros', 'COMISI\u00d3N')":{"('0235-D-2001', 0)":"FINANZAS","('0235-D-2001', 1)":"ECONOMIA","('0235-D-2001', 2)":"DEFENSA DEL CONSUMIDOR"},"Sumario":{"('0235-D-2001', 0)":"INCLUSION DE LEYENDA EN LA PROMOCION, PUBLICIDAD Y OFERTA DE LOS DIVERSOS TIPOS DE CREDITOS QUE OFREZCAN LAS ENTIDADES.","('0235-D-2001', 1)":null,"('0235-D-2001', 2)":null},"Palabra Clave":{"('0235-D-2001', 0)":" ","('0235-D-2001', 1)":null,"('0235-D-2001', 2)":null}}