{"Tipo de Proyecto":{"('0235-S-2001', 0)":"PROYECTO DE RESOLUCI\u00d3N","('0235-S-2001', 1)":null,"('0235-S-2001', 2)":null,"('0235-S-2001', 3)":null},"Iniciado en: ":{"('0235-S-2001', 0)":"Senado","('0235-S-2001', 1)":null,"('0235-S-2001', 2)":null,"('0235-S-2001', 3)":null},"Expediente Diputados: ":{"('0235-S-2001', 0)":"0235-S-2001","('0235-S-2001', 1)":null,"('0235-S-2001', 2)":null,"('0235-S-2001', 3)":null},"Expediente Senado: ":{"('0235-S-2001', 0)":"0107-OV-2000","('0235-S-2001', 1)":null,"('0235-S-2001', 2)":null,"('0235-S-2001', 3)":null},"Fecha: ":{"('0235-S-2001', 0)":"18\/09\/2001","('0235-S-2001', 1)":null,"('0235-S-2001', 2)":null,"('0235-S-2001', 3)":null},"T\u00edtulo":{"('0235-S-2001', 0)":"DICTAMEN EN LA RESOLUCION REMITIDA POR LA AUDITORIA GENERAL DE LA NACION SOBRE UN INFORME DE AUDITORIA REFERENTE A RELEVAMIENTO DEL CIRCUITO SECTOR RECLAMOS Y REGIMEN SANCIONATORIO DEL ENTE NACIONAL REGULADOR DE LA ELECTRICIDAD (ENRE) CORRESPONDIENTE AL PERIODO NOVIEMBRE - DICIEMBRE DE 1997 Y ENERO DE 1998.","('0235-S-2001', 1)":null,"('0235-S-2001', 2)":null,"('0235-S-2001', 3)":null},"('Firmantes', 'FIRMANTE')":{"('0235-S-2001', 0)":"PARLAMENTARIA MIXTA REVISORA DE CUENTAS","('0235-S-2001', 1)":null,"('0235-S-2001', 2)":null,"('0235-S-2001', 3)":null},"('Firmantes', 'DISTRITO')":{"('0235-S-2001', 0)":null,"('0235-S-2001', 1)":null,"('0235-S-2001', 2)":null,"('0235-S-2001', 3)":null},"('Firmantes', 'BLOQUE')":{"('0235-S-2001', 0)":null,"('0235-S-2001', 1)":null,"('0235-S-2001', 2)":null,"('0235-S-2001', 3)":null},"('Giros', 'COMISI\u00d3N')":{"('0235-S-2001', 0)":"PARLAMENTARIA MIXTA REVISORA DE CUENTAS","('0235-S-2001', 1)":null,"('0235-S-2001', 2)":null,"('0235-S-2001', 3)":null},"('Tramites', 'C\u00c1MARA')":{"('0235-S-2001', 0)":"Senado","('0235-S-2001', 1)":"Diputados","('0235-S-2001', 2)":"Diputados","('0235-S-2001', 3)":"Diputados"},"('Tramites', 'MOVIMIENTO')":{"('0235-S-2001', 0)":"CONSIDERACION Y APROBACION","('0235-S-2001', 1)":"PASA A DIPUTADOS -","('0235-S-2001', 2)":"CONSIDERACION Y APROBACION","('0235-S-2001', 3)":"CONTESTACION DEL PODER EJECUTIVO NACIONAL - JEFE DE GABINETE DE MINISTROS - (1133-OV-02) - GIRADA A LA COMISION RESPECTIVA (BAE 46\/02)"},"('Tramites', 'FECHA')":{"('0235-S-2001', 0)":"23\/10\/2001","('0235-S-2001', 1)":null,"('0235-S-2001', 2)":"27\/11\/2001","('0235-S-2001', 3)":"26\/02\/2003"},"('Tramites', 'RESULTADO')":{"('0235-S-2001', 0)":"APROBADO","('0235-S-2001', 1)":null,"('0235-S-2001', 2)":"APROBADO","('0235-S-2001', 3)":null},"Sumario":{"('0235-S-2001', 0)":"SOLICITUD AL PODER EJECUTIVO NACIONAL PARA QUE INFORME SOBRE LAS MEDIDAS ADOPTADAS A LOS FINES DE ADECUAR LOS ASPECTOS OBSERVADOS.","('0235-S-2001', 1)":null,"('0235-S-2001', 2)":null,"('0235-S-2001', 3)":null},"Palabra Clave":{"('0235-S-2001', 0)":" ","('0235-S-2001', 1)":null,"('0235-S-2001', 2)":null,"('0235-S-2001', 3)":null}}