{"Tipo de Proyecto":{"('0001-JGM-2020', 0)":"MENSAJE NRO: 0004\/20","('0001-JGM-2020', 1)":null},"Iniciado en: ":{"('0001-JGM-2020', 0)":"Diputados","('0001-JGM-2020', 1)":null},"Expediente Diputados: ":{"('0001-JGM-2020', 0)":"0001-JGM-2020","('0001-JGM-2020', 1)":null},"Publicado en: ":{"('0001-JGM-2020', 0)":"Tr\u00e1mite Parlamentario N\u00b0 1","('0001-JGM-2020', 1)":null},"Fecha: ":{"('0001-JGM-2020', 0)":"02\/03\/2020","('0001-JGM-2020', 1)":null},"T\u00edtulo":{"('0001-JGM-2020', 0)":"COMUNICACION DEL DECRETO DE NECESIDAD Y URGENCIA 193 POR EL CUAL SE ESTABLECE LA VIGENCIA DE LA AMPLIACION DE CREDITOS PARA TODO EL EJERCICIO FISCAL 2020.","('0001-JGM-2020', 1)":null},"('Firmantes', 'FIRMANTE')":{"('0001-JGM-2020', 0)":"CAFIERO, SANTIAGO ANDRES","('0001-JGM-2020', 1)":"GUZMAN, MARTIN MAXIMILIANO"},"('Firmantes', 'DISTRITO')":{"('0001-JGM-2020', 0)":null,"('0001-JGM-2020', 1)":null},"('Firmantes', 'BLOQUE')":{"('0001-JGM-2020', 0)":"PODER EJECUTIVO","('0001-JGM-2020', 1)":"PODER EJECUTIVO"},"('Giros', 'COMISI\u00d3N')":{"('0001-JGM-2020', 0)":"BICAMERAL PERMANENTE DE TRAMITE LEGISLATIVO - LEY 26122","('0001-JGM-2020', 1)":null},"Palabra Clave":{"('0001-JGM-2020', 0)":" ","('0001-JGM-2020', 1)":null}}