{"Tipo de Proyecto":{"('0002-PE-2020', 0)":"MENSAJE NRO: 0043\/20 Y PROYECTO DE LEY","('0002-PE-2020', 1)":null,"('0002-PE-2020', 2)":null,"('0002-PE-2020', 3)":null,"('0002-PE-2020', 4)":null,"('0002-PE-2020', 5)":null,"('0002-PE-2020', 6)":null},"Iniciado en: ":{"('0002-PE-2020', 0)":"Diputados","('0002-PE-2020', 1)":null,"('0002-PE-2020', 2)":null,"('0002-PE-2020', 3)":null,"('0002-PE-2020', 4)":null,"('0002-PE-2020', 5)":null,"('0002-PE-2020', 6)":null},"Expediente Diputados: ":{"('0002-PE-2020', 0)":"0002-PE-2020","('0002-PE-2020', 1)":null,"('0002-PE-2020', 2)":null,"('0002-PE-2020', 3)":null,"('0002-PE-2020', 4)":null,"('0002-PE-2020', 5)":null,"('0002-PE-2020', 6)":null},"Expediente Senado: ":{"('0002-PE-2020', 0)":"0022-CD-2020","('0002-PE-2020', 1)":null,"('0002-PE-2020', 2)":null,"('0002-PE-2020', 3)":null,"('0002-PE-2020', 4)":null,"('0002-PE-2020', 5)":null,"('0002-PE-2020', 6)":null},"Publicado en: ":{"('0002-PE-2020', 0)":"Tr\u00e1mite Parlamentario N\u00b0 80","('0002-PE-2020', 1)":null,"('0002-PE-2020', 2)":null,"('0002-PE-2020', 3)":null,"('0002-PE-2020', 4)":null,"('0002-PE-2020', 5)":null,"('0002-PE-2020', 6)":null},"Fecha: ":{"('0002-PE-2020', 0)":"07\/07\/2020","('0002-PE-2020', 1)":null,"('0002-PE-2020', 2)":null,"('0002-PE-2020', 3)":null,"('0002-PE-2020', 4)":null,"('0002-PE-2020', 5)":null,"('0002-PE-2020', 6)":null},"T\u00edtulo":{"('0002-PE-2020', 0)":"AMPLIACION DE LA MORATORIA ESTABLECIDA EN EL CAPITULO 1 DEL TITULO IV DE LA LEY 27541, DE SOLIDARIDAD SOCIAL Y REACTIVACION PRODUCTIVA EN EL MARCO DE LA EMERGENCIA PUBLICA. ","('0002-PE-2020', 1)":null,"('0002-PE-2020', 2)":null,"('0002-PE-2020', 3)":null,"('0002-PE-2020', 4)":null,"('0002-PE-2020', 5)":null,"('0002-PE-2020', 6)":null},"('Firmantes', 'FIRMANTE')":{"('0002-PE-2020', 0)":"FERNANDEZ, ALBERTO","('0002-PE-2020', 1)":"CAFIERO, SANTIAGO ANDRES","('0002-PE-2020', 2)":"GUZMAN, MARTIN MAXIMILIANO","('0002-PE-2020', 3)":null,"('0002-PE-2020', 4)":null,"('0002-PE-2020', 5)":null,"('0002-PE-2020', 6)":null},"('Firmantes', 'DISTRITO')":{"('0002-PE-2020', 0)":null,"('0002-PE-2020', 1)":null,"('0002-PE-2020', 2)":null,"('0002-PE-2020', 3)":null,"('0002-PE-2020', 4)":null,"('0002-PE-2020', 5)":null,"('0002-PE-2020', 6)":null},"('Firmantes', 'BLOQUE')":{"('0002-PE-2020', 0)":"PODER EJECUTIVO","('0002-PE-2020', 1)":"PODER EJECUTIVO","('0002-PE-2020', 2)":"PODER EJECUTIVO","('0002-PE-2020', 3)":null,"('0002-PE-2020', 4)":null,"('0002-PE-2020', 5)":null,"('0002-PE-2020', 6)":null},"('Giros', 'COMISI\u00d3N')":{"('0002-PE-2020', 0)":"PRESUPUESTO Y HACIENDA","('0002-PE-2020', 1)":null,"('0002-PE-2020', 2)":null,"('0002-PE-2020', 3)":null,"('0002-PE-2020', 4)":null,"('0002-PE-2020', 5)":null,"('0002-PE-2020', 6)":null},"('Tramites', 'C\u00c1MARA')":{"('0002-PE-2020', 0)":"Diputados","('0002-PE-2020', 1)":"Diputados","('0002-PE-2020', 2)":"Senado","('0002-PE-2020', 3)":"Senado","('0002-PE-2020', 4)":"Senado","('0002-PE-2020', 5)":"Senado","('0002-PE-2020', 6)":"Senado"},"('Tramites', 'MOVIMIENTO')":{"('0002-PE-2020', 0)":"CITACION SESION ESPECIAL","('0002-PE-2020', 1)":"CONSIDERACION Y APROBACION CON MODIFICACIONES (SESION POR VIDEOCONFERENCIA)","('0002-PE-2020', 2)":"PASA A SENADO -","('0002-PE-2020', 3)":"COMUNICACION DE LA SECRETARIA PARLAMENTARIA DE LA H. CAMARA DE DIPUTADOS DE UNA FE DE ERRATAS","('0002-PE-2020', 4)":"CITACION SESION ESPECIAL","('0002-PE-2020', 5)":"CONSIDERACION Y SANCION (SESION POR VIDEOCONFERENCIA)","('0002-PE-2020', 6)":"INSERCIONES"},"('Tramites', 'FECHA')":{"('0002-PE-2020', 0)":"31\/07\/2020","('0002-PE-2020', 1)":"31\/07\/2020","('0002-PE-2020', 2)":null,"('0002-PE-2020', 3)":null,"('0002-PE-2020', 4)":"13\/08\/2020","('0002-PE-2020', 5)":"13\/08\/2020","('0002-PE-2020', 6)":"13\/08\/2020"},"('Tramites', 'RESULTADO')":{"('0002-PE-2020', 0)":null,"('0002-PE-2020', 1)":"MEDIA SANCION","('0002-PE-2020', 2)":null,"('0002-PE-2020', 3)":null,"('0002-PE-2020', 4)":null,"('0002-PE-2020', 5)":"SANCIONADO","('0002-PE-2020', 6)":null},"Sumario":{"('0002-PE-2020', 0)":"AMPLIACION DE LA MORATORIA PARA PALIAR LOS EFECTOS DE LA PANDEMIA GENERADA POR EL COVID-19; SUSTITUCION DE LA DENOMINACION DEL CAPITULO 1 DEL TITULO IV  POR \"REGULARIZACION DE OBLIGACIONES TRIBUTARIAS, DE LA SEGURIDAD SOCIAL Y ADUANERAS\";  SUSTITUCION DEL ARTICULO 8 (OBLIGACIONES VENCIDAS AL 30\/06\/2020);  DEL PRIMER PARRAFO DEL ARTICULO 9, DEL PUNTO 1. DEL INCISO C) DEL ARTICULO 11, ULTIMO PARRAFO DEL ARTICULO 11, PARRAFOS PRIMERO Y SEGUNDO DEL ARTICULO 12, SUSTITUCION DEL ARTICULO 13, PRIMER PARRAFO DEL ARTICULO 14, ARTICULO 15, 16 Y 17; FACULTAR AL PODER EJECUTIVO A PRORROGAR LAS DISPOSICIONES DEL CAPITULO 1.","('0002-PE-2020', 1)":null,"('0002-PE-2020', 2)":null,"('0002-PE-2020', 3)":null,"('0002-PE-2020', 4)":null,"('0002-PE-2020', 5)":null,"('0002-PE-2020', 6)":null},"Palabra Clave":{"('0002-PE-2020', 0)":" ","('0002-PE-2020', 1)":null,"('0002-PE-2020', 2)":null,"('0002-PE-2020', 3)":null,"('0002-PE-2020', 4)":null,"('0002-PE-2020', 5)":null,"('0002-PE-2020', 6)":null}}