{"Tipo de Proyecto":{"('0002-S-2020', 0)":"PROYECTO DE LEY"},"Iniciado en: ":{"('0002-S-2020', 0)":"Senado"},"Expediente Senado: ":{"('0002-S-2020', 0)":"0002-S-2020"},"Publicado en: ":{"('0002-S-2020', 0)":"Diario de Asuntos Entrados N\u00b0 1"},"Fecha: ":{"('0002-S-2020', 0)":"02\/03\/2020"},"T\u00edtulo":{"('0002-S-2020', 0)":"PRESUPUESTOS MINIMOS PARA LA GESTION INTEGRAL DE ENVASES Y ENVASES POS CONSUMO."},"('Firmantes', 'FIRMANTE')":{"('0002-S-2020', 0)":"GONZALEZ, GLADYS ESTHER"},"('Firmantes', 'DISTRITO')":{"('0002-S-2020', 0)":"BUENOS AIRES"},"('Firmantes', 'BLOQUE')":{"('0002-S-2020', 0)":"FRENTE PRO"},"('Tramites', 'C\u00c1MARA')":{"('0002-S-2020', 0)":"Senado"},"('Tramites', 'MOVIMIENTO')":{"('0002-S-2020', 0)":"COMUNICACION DE LA AUTORA DE FE DE ERRATAS (A SUS ANTECEDENTES)"},"('Tramites', 'FECHA')":{"('0002-S-2020', 0)":null},"('Tramites', 'RESULTADO')":{"('0002-S-2020', 0)":null},"Sumario":{"('0002-S-2020', 0)":"CONCEPTOS PRELIMINARES: OBJETO (REGULACION DE LOS PRESUPUESTOS MINIMOS PARA LA GESTION INTEGRAL DE ENVASES Y ENVASES POS CONSUMO); OBJETIVOS; PRINCIPIOS BASICOS (RESPONSABILIDAD EXTENDIDA DEL PRODUCTOR, PREVENCION, JERARQUIA EN EL MANEJO DE RESIDUOS, ECONOMIA CIRCULAR, GRADUALISMO); DEFINICIONES (\"ENVASE\", \"RESIDUOS DE ENVASE\", \"VALORIZACION\", \"GESTION DE RESIDUOS DE ENVASES\", \"PRODUCTOR\", \"FABRICANTES DE ENVASES\", \"ENVASADOR\", \"DISTRIBUIDOR O COMERCIANTE\", \"RECUPERADOR DE RESIDUOS DE ENVASES\", \"VALORIZADOR Y RECICLADOR\", \"MEJOR PRACTICA DE GESTION DISPONIBLE - MPGD -\", \"REUTILIZACION\", \"RECICLADO\"); AMBITO DE APLICACION (ALCANCE A TODOS LOS ENVASES PUESTOS POR PRIMERA VEZ EN EL MERCADO NACIONAL, YA SEAN FABRICADOS EN EL PAIS O IMPORTADOS, Y RESIDUOS DE ENVASES POS CONSUMO, YA SEAN DE ORIGEN RESIDENCIAL, URBANO, COMERCIAL, ASISTENCIAL, SANITARIO O INSTITUCIONAL, SALVO AQUELLOS ENVASES O RESIDUOS DE ENVASES QUE SE ENCUENTREN REGULADOS POR UNA LEY ESPECIAL); SISTEMAS DE GESTION: (OBLIGACION PARA LOS ENVASADORES O LOS RESPONSABLES DE LA PRIMERA PUESTA EN EL MERCADO, DE LOS PRODUCTOS ENVASADOS E IMPORTADORES, DE ESTABLECER Y ORGANIZAR SISTEMAS DE GESTION AMBIENTAL DE ENVASES Y RESIDUOS DE ENVASES POS CONSUMO, Y FINANCIAR UNICAMENTE LOS COSTOS INHERENTES A DICHA GESTION, PRESENTACION DE PLAN); DEBER DE INFORMACION (INFORME ANUAL, CONTENIDO); CONDICIONES DE ENTREGA DE LOS ENVASES POS CONSUMO Y RESIDUOS DE ENVASES; IDENTIFICACION (ROTULADO QUE INFORME EL SISTEMA DE GESTION ADOPTADO); METAS DE REDUCCION (DETERMINADAS POR EL CONSEJO FEDERAL DE MEDIO AMBIENTE - COFEMA -); OPCION DE LOS SUJETOS OBLIGADOS (\"SISTEMA DE DEPOSITO, DEVOLUCION Y RETORNO - DDR -\" O \"SISTEMA INTEGRADO DE GESTION DE RESIDUOS\"); SISTEMA DE DEPOSITO, DEVOLUCION Y RETORNO (PROCEDIMIENTO PARA GARANTIZAR LA RECUPERACION DE LOS ENVASES POS CONSUMO PUESTOS EN EL MERCADO); SISTEMA INTEGRADO DE GESTION DE RESIDUOS DE ENVASES - SIG - (PROCEDIMIENTO PARA GARANTIZAR LA RECOGIDA PERIODICA DE ENVASES Y RESIDUOS DE ENVASES EN ORIGEN DOMICILIARIO, MODO DE ORGANIZARSE, IDENTIFICACION DE LOS ENVASES MEDIANTE UN SIMBOLO ACREDITATIVO, AUTORIZACION DE SU DISE\u00d1O Y USO); AUTORIZACION DE LA ACTUACION DE LOS SIG (DETERMINACIONES A OFRECER POR PARTE DE LOS PRODUCTORES, AL MOMENTO DE SOLICITAR LA AUTORIZACION, DURACION, RENOVACION, INTRANSFERIBILIDAD); ENTE NACIONAL ADMINISTRADOR (CREACION DEL ENTE NACIONAL ADMINISTRADOR DEL SISTEMA INTEGRADO DE GESTION DE RESIDUOS DE ENVASES - SIG -, CARACTER JURIDICO, PROPOSITO); INTEGRACION (ASAMBLEA, CONSEJO DIRECTIVO); FUNCIONES; FIRMA DE CONVENIOS (FORMALIZACION DE LA PARTICIPACION DE LOS ORGANISMOS GUBERNAMENTALES NACIONALES, PROVINCIALES Y DE LA CIUDAD AUTONOMA DE BUENOS AIRES, EN EL SISTEMA INTEGRADO DE GESTION DE RESIDUOS DE ENVASES - SIG - MEDIANTE LA FIRMA DE CONVENIOS); FINANCIACION (LINEAMIENTOS); ROL DEL ESTADO: AUTORIDAD DE APLICACION (EJERCIDA CONJUNTAMENTE POR LA MAXIMA AUTORIDAD CON COMPETENCIA EN MATERIA AMBIENTAL E INDUSTRIAL Y PRODUCTIVA EN LA ORBITA DEL PODER EJECUTIVO NACIONAL); AUTORIDADES COMPETENTES; COMISION ASESORA (CREACION, CARACTER HONORARIO, FUNCION, INTEGRACION), FUNCIONES DE LA AUTORIDAD DE APLICACION; FUNCIONES DE LAS AUTORIDADES COMPETENTES; DE LOS CONSUMIDORES: CONSUMIDORES Y USUARIOS (COLABORACION CON LOS PRODUCTORES EN LA IMPLEMENTACION DE LOS SISTEMAS DE GESTION); DE LOS TRABAJADORES RECUPERADORES: PARTICIPACION DE TRABAJADORES RECUPERADORES (DISE\u00d1O DE POLITICAS ESPECIFICAS PARA ESTIMULAR LA ORGANIZACION DE LOS TRABAJADORES EN COOPERATIVAS, CONTRIBUIR A LA LOGISTICA, ALMACENAMIENTO Y COMERCIALIZACION DE LOS ENVASES RECUPERADOS, CAPACITAR, GARANTIZAR CONDICIONES DIGNAS DE TRABAJO); REGISTRO; SANCIONES: SANCIONES; REINCIDENCIA; SOLIDARIDAD; DESTINO DE LOS FONDOS; EXTINCION DE LA ACCION; EXTINCION DE LA PENA; DISPOSICIONES FINALES: VIGENCIA (PLAZOS)."},"Palabra Clave":{"('0002-S-2020', 0)":" "}}