{"Tipo de Proyecto":{"('0003-S-2020', 0)":"PROYECTO DE LEY"},"Iniciado en: ":{"('0003-S-2020', 0)":"Senado"},"Expediente Senado: ":{"('0003-S-2020', 0)":"0003-S-2020"},"Publicado en: ":{"('0003-S-2020', 0)":"Diario de Asuntos Entrados N\u00b0 1"},"Fecha: ":{"('0003-S-2020', 0)":"02\/03\/2020"},"T\u00edtulo":{"('0003-S-2020', 0)":"PLASTICOS DE UN SOLO USO."},"('Firmantes', 'FIRMANTE')":{"('0003-S-2020', 0)":"GONZALEZ, GLADYS ESTHER"},"('Firmantes', 'DISTRITO')":{"('0003-S-2020', 0)":"BUENOS AIRES"},"('Firmantes', 'BLOQUE')":{"('0003-S-2020', 0)":"FRENTE PRO"},"Sumario":{"('0003-S-2020', 0)":"DISPOSICIONES GENERALES: OBJETO (PROTECCION DEL AMBIENTE Y LA SALUD, A PARTIR DE LA REDUCCION Y ELIMINACION PROGRESIVA DE DETERMINADOS PLASTICOS DE UN SOLO USO E IMPULSO A LA GENERACION DE ALTERNATIVAS, EN UN MARCO DE SOSTENIBILIDAD AMBIENTAL, SOCIAL Y ECONOMICA); OBJETIVOS ESPECIFICOS (REDUCCION DE EMISIONES DE GASES DE EFECTO INVERNADERO CON ORIGEN EN LA EXPLOTACION DE HIDROCARBUROS FOSILES; PROMOCION DE UN MODELO DE DESARROLLO SINERGICO ENTRE LA PROSPERIDAD ECONOMICA, LA PROTECCION AMBIENTAL Y LA INCLUSION SOCIAL; REDUCCION DE LOS RIESGOS SANITARIOS PROVOCADOS POR OBSTRUCCION Y CONTAMINACION DE FLUJOS DE AGUA, POR PLASTICOS DE UN SOLO USO; RESTABLECIMIENTO DE LA CAPACIDAD DE RESPUESTA DE LA INFRAESTRUCTURA, A LOS DIFERENTES EVENTOS CLIMATICOS ORIGEN DE ANEGACIONES E INUNDACIONES; PRESERVACION DE LA SALUBRIDAD DE LOS ALIMENTOS PRODUCIDOS EN EL PAIS PREVINIENDO LA INTRUSION DE PLASTICOS EN LA CADENA ALIMENTICIA; PROTECCION DE LA ACTIVIDAD ECONOMICA TURISTICA AFECTADA POR LA PRESENCIA DE PLASTICOS DE UN SOLO USO EN PLAYAS Y ECOSISTEMAS COSTEROS; GENERACION Y DESARROLLO DE UN ECOSISTEMA DE EMRENDEDORES, EMPRENDIMIENTOS Y PRODUCTOS SOSTENIBLES; DISMINUCION DE EXTERNALIDADES ECONOMICAS DERIVADAS DE LA INDUSTRIA PLASTICA; PRESERVACION DE LAS ESPECIES, LOS ECOSISTEMAS Y EL AMBIENTE; POSICIONAMIENTO DEL ESTADO COMO LIDER EN LA PROTECCION AMBIENTAL; TRANSFORMACION SOCIO CULTURAL Y CONCIENTIZACION); DEFINICIONES (\"ALTERNATIVAS A LOS PLASTICOS DE UN SOLO USO\", \"BIODEGRADABILIDAD\", \"CICLO DE LA VIDA\", \"ECOIMPUESTO\", \"ESTABILIDAD FISCAL\", \"ETIQUETADO DE ADVERTENCIA\", \"IMPACTO AMBIENTAL\", \"PLASTICO\", \"PLASTICO DE UN SOLO USO\", \"POLIESTIRENO\", \"POLIESTIRENO EXPANDIDO\", \"POLIETILENO\", \"POLIMERO\", \"RECICLABILIDAD\", \"TERMOPLASTICO\", \"VECTORES\"); AMBITO DE APLICACION (PLASTICOS DE UN SOLO USO ENUMERADOS EN EL ANEXO I); EXCEPCIONES; PRINCIPIOS (ARTICULO 4 DE LA LEY 25675, GENERAL DEL AMBIENTE); PROMOCION DE LAS ALTERNATIVAS: REGIMEN DE PROMOCION (DE ACTIVIDADES ECONOMICAS Y CIENTIFICAS PARA CREACION, DISE\u00d1O, DESARROLLO Y PRODUCCION DE ALTERNATIVAS A LOS PLASTICOS DE UN SOLO USO); REGISTRO (CREACION, A FIN DE INSCRIBIR A QUIENES DESEEN ACCEDER AL REGIMEN); REQUISITOS PARA ACCEDER AL REGIMEN; VERIFICACION Y PERIODICIDAD (CONTROL ANUAL POR PARTE DE LA AUTORIDAD DE APLICACION); BENEFICIOS; FONDO PARA LA TRANSICION (INSTITUCION DEL FONDO FIDUCIARIO PUBLICO, OBJETIVO, SUSTENTO); INFORMACION AMBIENTAL (ESTABLECIMIENTO DE UN SISTEMA DE ETIQUETADO DE ADVERTENCIA DE IMPACTO AMBIENTAL); CONCIENTIZACION (IMPLEMENTACION DE CAMPA\u00d1AS); ECOIMPUESTO; ALICUOTAS (DETERMINACION DEL VALOR DEL IMPUESTO); MODIFICACION DE LAS ALICUOTAS (POSIBILIDAD DE SER ELEVADAS POR EL PODER EJECUTIVO, CIRCUNSTANCIAS); AGENTES DE PERCEPCION; OPORTUNIDAD DE GRAVAMEN; DESTINO DE LOS FONDOS; PROHIBICIONES: INMEDIATAS; PROHIBICION DE LOS PLASTICOS DE UN SOLO USO (A PARTIR DEL QUINTO PERIODO FISCAL POSTERIOR A LA ENTRADA EN VIGENCIA DE LA PRESENTE LEY); SANCIONES: REGIMEN SANCIONATORIO; DESTINO; DISPOSICIONES FINALES: INFORMACION PUBLICA; REGISTRO DE PLASTICOS DE UN SOLO USO; AUTORIDAD DE APLICACION (DETERMINACION POR PARTE DEL PODER EJECUTIVO); FUNCIONES DE LA AUTORIDAD DE APLICACION; ENTRADA EN VIGENCIA; ANEXO I."},"Palabra Clave":{"('0003-S-2020', 0)":" "}}