{"Tipo de Proyecto":{"('0003-D-2020', 0)":"PROYECTO DE LEY","('0003-D-2020', 1)":null,"('0003-D-2020', 2)":null,"('0003-D-2020', 3)":null,"('0003-D-2020', 4)":null,"('0003-D-2020', 5)":null,"('0003-D-2020', 6)":null},"Iniciado en: ":{"('0003-D-2020', 0)":"Diputados","('0003-D-2020', 1)":null,"('0003-D-2020', 2)":null,"('0003-D-2020', 3)":null,"('0003-D-2020', 4)":null,"('0003-D-2020', 5)":null,"('0003-D-2020', 6)":null},"Expediente Diputados: ":{"('0003-D-2020', 0)":"0003-D-2020","('0003-D-2020', 1)":null,"('0003-D-2020', 2)":null,"('0003-D-2020', 3)":null,"('0003-D-2020', 4)":null,"('0003-D-2020', 5)":null,"('0003-D-2020', 6)":null},"Publicado en: ":{"('0003-D-2020', 0)":"Tr\u00e1mite Parlamentario N\u00b0 1","('0003-D-2020', 1)":null,"('0003-D-2020', 2)":null,"('0003-D-2020', 3)":null,"('0003-D-2020', 4)":null,"('0003-D-2020', 5)":null,"('0003-D-2020', 6)":null},"Fecha: ":{"('0003-D-2020', 0)":"02\/03\/2020","('0003-D-2020', 1)":null,"('0003-D-2020', 2)":null,"('0003-D-2020', 3)":null,"('0003-D-2020', 4)":null,"('0003-D-2020', 5)":null,"('0003-D-2020', 6)":null},"T\u00edtulo":{"('0003-D-2020', 0)":"EMPLEO JOVEN. REGIMEN.","('0003-D-2020', 1)":null,"('0003-D-2020', 2)":null,"('0003-D-2020', 3)":null,"('0003-D-2020', 4)":null,"('0003-D-2020', 5)":null,"('0003-D-2020', 6)":null},"('Firmantes', 'FIRMANTE')":{"('0003-D-2020', 0)":"RICCARDO, JOSE LUIS","('0003-D-2020', 1)":"TORRES, IGNACIO AGUSTIN","('0003-D-2020', 2)":"NAJUL, CLAUDIA","('0003-D-2020', 3)":"LENA, GABRIELA","('0003-D-2020', 4)":"DEL CERRO, GONZALO PEDRO ANTONIO","('0003-D-2020', 5)":"ASSEFF, ALBERTO","('0003-D-2020', 6)":"SALVADOR, SEBASTIAN NICOLAS"},"('Firmantes', 'DISTRITO')":{"('0003-D-2020', 0)":"SAN LUIS","('0003-D-2020', 1)":"CHUBUT","('0003-D-2020', 2)":"MENDOZA","('0003-D-2020', 3)":"ENTRE RIOS","('0003-D-2020', 4)":"SANTA FE","('0003-D-2020', 5)":"BUENOS AIRES","('0003-D-2020', 6)":"BUENOS AIRES"},"('Firmantes', 'BLOQUE')":{"('0003-D-2020', 0)":"UCR","('0003-D-2020', 1)":"PRO","('0003-D-2020', 2)":"UCR","('0003-D-2020', 3)":"UCR","('0003-D-2020', 4)":"UCR","('0003-D-2020', 5)":"PRO","('0003-D-2020', 6)":"UCR"},"('Giros', 'COMISI\u00d3N')":{"('0003-D-2020', 0)":"LEGISLACION DEL TRABAJO","('0003-D-2020', 1)":"PRESUPUESTO Y HACIENDA","('0003-D-2020', 2)":null,"('0003-D-2020', 3)":null,"('0003-D-2020', 4)":null,"('0003-D-2020', 5)":null,"('0003-D-2020', 6)":null},"Sumario":{"('0003-D-2020', 0)":"OBJETO; DESTINATARIOS; REGIMEN ESPECIFICO DE INCENTIVO; REQUISITOS; CREACION DEL PORTAL UNICO DE EMPLEO; AUTORIDAD DE APLICACION: MINISTERIO DE TRABAJO, EMPLEO Y SEGURIDAD SOCIAL DE LA NACION;  CAMPA\u00d1A CONTRA EL TRABAJO NO REGISTRADO; ARTICULACION; INDICADORES DE SEGUIMIENTO; SELLO DISTINTIVO DE ADHESION A LA LEY; DIFUSION.","('0003-D-2020', 1)":null,"('0003-D-2020', 2)":null,"('0003-D-2020', 3)":null,"('0003-D-2020', 4)":null,"('0003-D-2020', 5)":null,"('0003-D-2020', 6)":null},"Palabra Clave":{"('0003-D-2020', 0)":" ","('0003-D-2020', 1)":null,"('0003-D-2020', 2)":null,"('0003-D-2020', 3)":null,"('0003-D-2020', 4)":null,"('0003-D-2020', 5)":null,"('0003-D-2020', 6)":null}}