{"Tipo de Proyecto":{"('0004-JGM-2020', 0)":"MENSAJE NRO: 0006\/20","('0004-JGM-2020', 1)":null},"Iniciado en: ":{"('0004-JGM-2020', 0)":"Diputados","('0004-JGM-2020', 1)":null},"Expediente Diputados: ":{"('0004-JGM-2020', 0)":"0004-JGM-2020","('0004-JGM-2020', 1)":null},"Publicado en: ":{"('0004-JGM-2020', 0)":"Tr\u00e1mite Parlamentario N\u00b0 2","('0004-JGM-2020', 1)":null},"Fecha: ":{"('0004-JGM-2020', 0)":"03\/03\/2020","('0004-JGM-2020', 1)":null},"T\u00edtulo":{"('0004-JGM-2020', 0)":"COMUNICACION DEL DICTADO DEL DECRETO DE NECESIDAD Y URGENCIA 157 DEL 14 DE FEBRERO DE 2020 POR EL CUAL SE CREA LA AGENCIA NACIONAL DE PROMOCION DE LA INVESTIGACION, EL DESARROLLO TECNOLOGICO Y LA INNOVACION, DEPENDIENTE DEL MINISTERIO DE CIENCIA, TECNOLOGIA E INNOVACION.","('0004-JGM-2020', 1)":null},"('Firmantes', 'FIRMANTE')":{"('0004-JGM-2020', 0)":"CAFIERO, SANTIAGO ANDRES","('0004-JGM-2020', 1)":"DE PEDRO, EDUARDO ENRIQUE"},"('Firmantes', 'DISTRITO')":{"('0004-JGM-2020', 0)":null,"('0004-JGM-2020', 1)":null},"('Firmantes', 'BLOQUE')":{"('0004-JGM-2020', 0)":"PODER EJECUTIVO","('0004-JGM-2020', 1)":"PODER EJECUTIVO"},"('Giros', 'COMISI\u00d3N')":{"('0004-JGM-2020', 0)":"BICAMERAL PERMANENTE DE TRAMITE LEGISLATIVO - LEY 26122","('0004-JGM-2020', 1)":null},"Palabra Clave":{"('0004-JGM-2020', 0)":" ","('0004-JGM-2020', 1)":null}}