{"Tipo de Proyecto":{"('0004-D-2020', 0)":"PROYECTO DE LEY","('0004-D-2020', 1)":null,"('0004-D-2020', 2)":null,"('0004-D-2020', 3)":null,"('0004-D-2020', 4)":null,"('0004-D-2020', 5)":null,"('0004-D-2020', 6)":null,"('0004-D-2020', 7)":null,"('0004-D-2020', 8)":null,"('0004-D-2020', 9)":null,"('0004-D-2020', 10)":null,"('0004-D-2020', 11)":null},"Iniciado en: ":{"('0004-D-2020', 0)":"Diputados","('0004-D-2020', 1)":null,"('0004-D-2020', 2)":null,"('0004-D-2020', 3)":null,"('0004-D-2020', 4)":null,"('0004-D-2020', 5)":null,"('0004-D-2020', 6)":null,"('0004-D-2020', 7)":null,"('0004-D-2020', 8)":null,"('0004-D-2020', 9)":null,"('0004-D-2020', 10)":null,"('0004-D-2020', 11)":null},"Expediente Diputados: ":{"('0004-D-2020', 0)":"0004-D-2020","('0004-D-2020', 1)":null,"('0004-D-2020', 2)":null,"('0004-D-2020', 3)":null,"('0004-D-2020', 4)":null,"('0004-D-2020', 5)":null,"('0004-D-2020', 6)":null,"('0004-D-2020', 7)":null,"('0004-D-2020', 8)":null,"('0004-D-2020', 9)":null,"('0004-D-2020', 10)":null,"('0004-D-2020', 11)":null},"Publicado en: ":{"('0004-D-2020', 0)":"Tr\u00e1mite Parlamentario N\u00b0 1","('0004-D-2020', 1)":null,"('0004-D-2020', 2)":null,"('0004-D-2020', 3)":null,"('0004-D-2020', 4)":null,"('0004-D-2020', 5)":null,"('0004-D-2020', 6)":null,"('0004-D-2020', 7)":null,"('0004-D-2020', 8)":null,"('0004-D-2020', 9)":null,"('0004-D-2020', 10)":null,"('0004-D-2020', 11)":null},"Fecha: ":{"('0004-D-2020', 0)":"02\/03\/2020","('0004-D-2020', 1)":null,"('0004-D-2020', 2)":null,"('0004-D-2020', 3)":null,"('0004-D-2020', 4)":null,"('0004-D-2020', 5)":null,"('0004-D-2020', 6)":null,"('0004-D-2020', 7)":null,"('0004-D-2020', 8)":null,"('0004-D-2020', 9)":null,"('0004-D-2020', 10)":null,"('0004-D-2020', 11)":null},"T\u00edtulo":{"('0004-D-2020', 0)":"REGISTRO NACIONAL DE PERSONAS DESAPARECIDAS EN DEMOCRACIA. CREACION. ","('0004-D-2020', 1)":null,"('0004-D-2020', 2)":null,"('0004-D-2020', 3)":null,"('0004-D-2020', 4)":null,"('0004-D-2020', 5)":null,"('0004-D-2020', 6)":null,"('0004-D-2020', 7)":null,"('0004-D-2020', 8)":null,"('0004-D-2020', 9)":null,"('0004-D-2020', 10)":null,"('0004-D-2020', 11)":null},"('Firmantes', 'FIRMANTE')":{"('0004-D-2020', 0)":"RICCARDO, JOSE LUIS","('0004-D-2020', 1)":"TORRES, IGNACIO AGUSTIN","('0004-D-2020', 2)":"NAJUL, CLAUDIA","('0004-D-2020', 3)":"SALVADOR, SEBASTIAN NICOLAS","('0004-D-2020', 4)":"LENA, GABRIELA","('0004-D-2020', 5)":"DEL CERRO, GONZALO PEDRO ANTONIO","('0004-D-2020', 6)":"CARRIZO, ANA CARLA","('0004-D-2020', 7)":"MENDOZA, JOSEFINA","('0004-D-2020', 8)":"CIPOLINI, GERARDO","('0004-D-2020', 9)":"FRADE, MONICA EDITH","('0004-D-2020', 10)":"REY, MARIA LUJAN","('0004-D-2020', 11)":"NAJUL, CLAUDIA"},"('Firmantes', 'DISTRITO')":{"('0004-D-2020', 0)":"SAN LUIS","('0004-D-2020', 1)":"CHUBUT","('0004-D-2020', 2)":"MENDOZA","('0004-D-2020', 3)":"BUENOS AIRES","('0004-D-2020', 4)":"ENTRE RIOS","('0004-D-2020', 5)":"SANTA FE","('0004-D-2020', 6)":"CIUDAD de BUENOS AIRES","('0004-D-2020', 7)":"BUENOS AIRES","('0004-D-2020', 8)":"CHACO","('0004-D-2020', 9)":"BUENOS AIRES","('0004-D-2020', 10)":"BUENOS AIRES","('0004-D-2020', 11)":"MENDOZA"},"('Firmantes', 'BLOQUE')":{"('0004-D-2020', 0)":"UCR","('0004-D-2020', 1)":"PRO","('0004-D-2020', 2)":"UCR","('0004-D-2020', 3)":"UCR","('0004-D-2020', 4)":"UCR","('0004-D-2020', 5)":"UCR","('0004-D-2020', 6)":"UCR","('0004-D-2020', 7)":"UCR","('0004-D-2020', 8)":"UCR","('0004-D-2020', 9)":"COALICION CIVICA","('0004-D-2020', 10)":"PRO","('0004-D-2020', 11)":"UCR"},"('Giros', 'COMISI\u00d3N')":{"('0004-D-2020', 0)":"DERECHOS HUMANOS Y GARANTIAS","('0004-D-2020', 1)":"PRESUPUESTO Y HACIENDA","('0004-D-2020', 2)":null,"('0004-D-2020', 3)":null,"('0004-D-2020', 4)":null,"('0004-D-2020', 5)":null,"('0004-D-2020', 6)":null,"('0004-D-2020', 7)":null,"('0004-D-2020', 8)":null,"('0004-D-2020', 9)":null,"('0004-D-2020', 10)":null,"('0004-D-2020', 11)":null},"('Tramites', 'C\u00c1MARA')":{"('0004-D-2020', 0)":"Diputados","('0004-D-2020', 1)":null,"('0004-D-2020', 2)":null,"('0004-D-2020', 3)":null,"('0004-D-2020', 4)":null,"('0004-D-2020', 5)":null,"('0004-D-2020', 6)":null,"('0004-D-2020', 7)":null,"('0004-D-2020', 8)":null,"('0004-D-2020', 9)":null,"('0004-D-2020', 10)":null,"('0004-D-2020', 11)":null},"('Tramites', 'MOVIMIENTO')":{"('0004-D-2020', 0)":"SOLICITUD DE SER COFIRMANTE DE LAS DIPUTADAS: ANA CARLA CARRIZO, MENDOZA, FRADE, REY Y NAJUL, Y EL DIPUTADO CIPOLINI (A SUS ANTECEDENTES)","('0004-D-2020', 1)":null,"('0004-D-2020', 2)":null,"('0004-D-2020', 3)":null,"('0004-D-2020', 4)":null,"('0004-D-2020', 5)":null,"('0004-D-2020', 6)":null,"('0004-D-2020', 7)":null,"('0004-D-2020', 8)":null,"('0004-D-2020', 9)":null,"('0004-D-2020', 10)":null,"('0004-D-2020', 11)":null},"('Tramites', 'FECHA')":{"('0004-D-2020', 0)":null,"('0004-D-2020', 1)":null,"('0004-D-2020', 2)":null,"('0004-D-2020', 3)":null,"('0004-D-2020', 4)":null,"('0004-D-2020', 5)":null,"('0004-D-2020', 6)":null,"('0004-D-2020', 7)":null,"('0004-D-2020', 8)":null,"('0004-D-2020', 9)":null,"('0004-D-2020', 10)":null,"('0004-D-2020', 11)":null},"('Tramites', 'RESULTADO')":{"('0004-D-2020', 0)":null,"('0004-D-2020', 1)":null,"('0004-D-2020', 2)":null,"('0004-D-2020', 3)":null,"('0004-D-2020', 4)":null,"('0004-D-2020', 5)":null,"('0004-D-2020', 6)":null,"('0004-D-2020', 7)":null,"('0004-D-2020', 8)":null,"('0004-D-2020', 9)":null,"('0004-D-2020', 10)":null,"('0004-D-2020', 11)":null},"Sumario":{"('0004-D-2020', 0)":"ESPACIOS DIARIOS EN LOS MEDIOS DE COMUNICACION PARA DAR A CONOCER LOS DATOS DE LAS PERSONAS DESAPARECIDAS; PROTOCOLO PARA SU BUSQUEDA.","('0004-D-2020', 1)":null,"('0004-D-2020', 2)":null,"('0004-D-2020', 3)":null,"('0004-D-2020', 4)":null,"('0004-D-2020', 5)":null,"('0004-D-2020', 6)":null,"('0004-D-2020', 7)":null,"('0004-D-2020', 8)":null,"('0004-D-2020', 9)":null,"('0004-D-2020', 10)":null,"('0004-D-2020', 11)":null},"Palabra Clave":{"('0004-D-2020', 0)":" ","('0004-D-2020', 1)":null,"('0004-D-2020', 2)":null,"('0004-D-2020', 3)":null,"('0004-D-2020', 4)":null,"('0004-D-2020', 5)":null,"('0004-D-2020', 6)":null,"('0004-D-2020', 7)":null,"('0004-D-2020', 8)":null,"('0004-D-2020', 9)":null,"('0004-D-2020', 10)":null,"('0004-D-2020', 11)":null}}