{"Tipo de Proyecto":{"('0005-PE-2020', 0)":"MENSAJE NRO: 0050\/20 Y PROYECTO DE LEY","('0005-PE-2020', 1)":null,"('0005-PE-2020', 2)":null},"Iniciado en: ":{"('0005-PE-2020', 0)":"Diputados","('0005-PE-2020', 1)":null,"('0005-PE-2020', 2)":null},"Expediente Diputados: ":{"('0005-PE-2020', 0)":"0005-PE-2020","('0005-PE-2020', 1)":null,"('0005-PE-2020', 2)":null},"Publicado en: ":{"('0005-PE-2020', 0)":"Tr\u00e1mite Parlamentario N\u00b0 95","('0005-PE-2020', 1)":null,"('0005-PE-2020', 2)":null},"Fecha: ":{"('0005-PE-2020', 0)":"30\/07\/2020","('0005-PE-2020', 1)":null,"('0005-PE-2020', 2)":null},"T\u00edtulo":{"('0005-PE-2020', 0)":"APROBACION DEL ACUERDO PARA LA ELIMINACION DEL COBRO DE CARGOS DE ROAMING INTERNACIONAL A LOS USUARIOS FINALES DEL MERCOSUR, CELEBRADO EL 17 DE JULIO DE 2019 EN LA CIUDAD CAPITAL DE LA PROVINCIA DE SANTA FE, REPUBLICA ARGENTINA.","('0005-PE-2020', 1)":null,"('0005-PE-2020', 2)":null},"('Firmantes', 'FIRMANTE')":{"('0005-PE-2020', 0)":"FERNANDEZ, ALBERTO","('0005-PE-2020', 1)":"CAFIERO, SANTIAGO ANDRES","('0005-PE-2020', 2)":"SOLA, FELIPE CARLOS"},"('Firmantes', 'DISTRITO')":{"('0005-PE-2020', 0)":null,"('0005-PE-2020', 1)":null,"('0005-PE-2020', 2)":null},"('Firmantes', 'BLOQUE')":{"('0005-PE-2020', 0)":"PODER EJECUTIVO","('0005-PE-2020', 1)":"PODER EJECUTIVO","('0005-PE-2020', 2)":"PODER EJECUTIVO"},"('Giros', 'COMISI\u00d3N')":{"('0005-PE-2020', 0)":"RELACIONES EXTERIORES Y CULTO","('0005-PE-2020', 1)":"MERCOSUR","('0005-PE-2020', 2)":null},"Palabra Clave":{"('0005-PE-2020', 0)":" ","('0005-PE-2020', 1)":null,"('0005-PE-2020', 2)":null}}