{"Tipo de Proyecto":{"('0005-S-2020', 0)":"PROYECTO DE LEY"},"Iniciado en: ":{"('0005-S-2020', 0)":"Senado"},"Expediente Senado: ":{"('0005-S-2020', 0)":"0005-S-2020"},"Publicado en: ":{"('0005-S-2020', 0)":"Diario de Asuntos Entrados N\u00b0 1"},"Fecha: ":{"('0005-S-2020', 0)":"02\/03\/2020"},"T\u00edtulo":{"('0005-S-2020', 0)":"MODIFICACIONES A LA LEY 24464, SISTEMA FEDERAL DE VIVIENDA, ACERCA DE LA SOSTENIBILIDAD EN LA CONSTRUCCION Y EL USO DE LAS VIVIENDAS."},"('Firmantes', 'FIRMANTE')":{"('0005-S-2020', 0)":"GONZALEZ, GLADYS ESTHER"},"('Firmantes', 'DISTRITO')":{"('0005-S-2020', 0)":"BUENOS AIRES"},"('Firmantes', 'BLOQUE')":{"('0005-S-2020', 0)":"FRENTE PRO"},"Sumario":{"('0005-S-2020', 0)":"MODIFICACION DE LA LEY 24464, SISTEMA FEDERAL DE LA VIVIENDA: ARTICULO 6 (INCORPORACION DE UN ULTIMO PARRAFO SE\u00d1ALANDO LAS CARACTERISTICAS QUE DEBE TENER TODA VIVIENDA FINANCIADA POR LA PRESENTE LEY: DISE\u00d1O BIOCLIMATICO Y UTILIZACION DE SISTEMAS DE CONSTRUCCION QUE PERMITAN CONFORT Y REDUCCION EN LA DEMANDA DE ENERGIA; UTILIZACION DE FUENTES DE ENERGIA RENOVABLE PARA PROPENDER A LA EFICIENCIA ENERGETICA; INCORPORACION DE ELEMENTOS Y MEDIDAS QUE PERMITAN EFICIENCIA EN EL CONSUMO DE AGUA)."},"Palabra Clave":{"('0005-S-2020', 0)":" "}}