{"Tipo de Proyecto":{"('0006-JGM-2020', 0)":"MENSAJE NRO: 0007\/20","('0006-JGM-2020', 1)":null},"Iniciado en: ":{"('0006-JGM-2020', 0)":"Diputados","('0006-JGM-2020', 1)":null},"Expediente Diputados: ":{"('0006-JGM-2020', 0)":"0006-JGM-2020","('0006-JGM-2020', 1)":null},"Publicado en: ":{"('0006-JGM-2020', 0)":"Tr\u00e1mite Parlamentario N\u00b0 2","('0006-JGM-2020', 1)":null},"Fecha: ":{"('0006-JGM-2020', 0)":"03\/03\/2020","('0006-JGM-2020', 1)":null},"T\u00edtulo":{"('0006-JGM-2020', 0)":"COMUNICACION DEL DICTADO DEL DECRETO 163 POR EL CUAL DETERMINAN DISTINTOS AUMENTOS EN DIVERSAS PRESTACIONES PREVISIONALES.","('0006-JGM-2020', 1)":null},"('Firmantes', 'FIRMANTE')":{"('0006-JGM-2020', 0)":"CAFIERO, SANTIAGO ANDRES","('0006-JGM-2020', 1)":"MORONI, CLAUDIO OMAR"},"('Firmantes', 'DISTRITO')":{"('0006-JGM-2020', 0)":null,"('0006-JGM-2020', 1)":null},"('Firmantes', 'BLOQUE')":{"('0006-JGM-2020', 0)":"PODER EJECUTIVO","('0006-JGM-2020', 1)":"PODER EJECUTIVO"},"('Giros', 'COMISI\u00d3N')":{"('0006-JGM-2020', 0)":"BICAMERAL PERMANENTE DE TRAMITE LEGISLATIVO - LEY 26122","('0006-JGM-2020', 1)":null},"Palabra Clave":{"('0006-JGM-2020', 0)":" ","('0006-JGM-2020', 1)":null}}