{"Tipo de Proyecto":{"('0008-PE-2020', 0)":"MENSAJE NRO: 0030\/20","('0008-PE-2020', 1)":null,"('0008-PE-2020', 2)":null},"Iniciado en: ":{"('0008-PE-2020', 0)":"Senado","('0008-PE-2020', 1)":null,"('0008-PE-2020', 2)":null},"Expediente Senado: ":{"('0008-PE-2020', 0)":"0008-PE-2020","('0008-PE-2020', 1)":null,"('0008-PE-2020', 2)":null},"Publicado en: ":{"('0008-PE-2020', 0)":"DAE S.A. N\u00b0 1","('0008-PE-2020', 1)":null,"('0008-PE-2020', 2)":null},"Fecha: ":{"('0008-PE-2020', 0)":"12\/03\/2020","('0008-PE-2020', 1)":null,"('0008-PE-2020', 2)":null},"T\u00edtulo":{"('0008-PE-2020', 0)":"SOLICITA ACUERDO PARA DESIGNAR PROCURADOR GENERAL DE LA NACION AL DOCTOR DANIEL EDUARDO RAFECAS.","('0008-PE-2020', 1)":null,"('0008-PE-2020', 2)":null},"('Firmantes', 'FIRMANTE')":{"('0008-PE-2020', 0)":"FERNANDEZ, ALBERTO","('0008-PE-2020', 1)":"CAFIERO, SANTIAGO ANDRES","('0008-PE-2020', 2)":"LOSARDO, MARCELA MIRIAM"},"('Firmantes', 'DISTRITO')":{"('0008-PE-2020', 0)":null,"('0008-PE-2020', 1)":null,"('0008-PE-2020', 2)":null},"('Firmantes', 'BLOQUE')":{"('0008-PE-2020', 0)":"PODER EJECUTIVO","('0008-PE-2020', 1)":"PODER EJECUTIVO","('0008-PE-2020', 2)":"PODER EJECUTIVO"},"Palabra Clave":{"('0008-PE-2020', 0)":" ","('0008-PE-2020', 1)":null,"('0008-PE-2020', 2)":null}}