{"Tipo de Proyecto":{"('0009-S-2020', 0)":"PROYECTO DE LEY"},"Iniciado en: ":{"('0009-S-2020', 0)":"Senado"},"Expediente Senado: ":{"('0009-S-2020', 0)":"0009-S-2020"},"Publicado en: ":{"('0009-S-2020', 0)":"Diario de Asuntos Entrados N\u00b0 1"},"Fecha: ":{"('0009-S-2020', 0)":"02\/03\/2020"},"T\u00edtulo":{"('0009-S-2020', 0)":"MATERNIDAD SEGURA CENTRADA EN LA FAMILIA, EN EL MARCO DE LA REGIONALIZACION PERINATAL."},"('Firmantes', 'FIRMANTE')":{"('0009-S-2020', 0)":"FIAD, MARIO RAYMUNDO"},"('Firmantes', 'DISTRITO')":{"('0009-S-2020', 0)":"JUJUY"},"('Firmantes', 'BLOQUE')":{"('0009-S-2020', 0)":"UCR"},"Sumario":{"('0009-S-2020', 0)":"DISPOSICIONES GENERALES: OBJETO (REGULACION DE LAS CONDICIONES OBSTETRICAS Y NEONATALES ESENCIALES - CONE -, QUE PROMUEVAN LA HUMANIZACION DEL PARTO Y REDUZCAN LA MORBILIDAD Y MORTALIDAD NEONATAL); PRINCIPIOS (GRATUIDAD; ACCESIBILIDAD GEOGRAFICA Y CULTURAL; EQUIDAD PRIORIZANDO LA ATENCION DE ADOLESCENTES Y DE PERSONAS EN SITUACION DE VULNERABILIDAD SOCIOECONOMICA; RESPETO A LA INTERCULTURALIDAD; SOSTENIBILIDAD); DEFINICIONES (\"MATERNIDAD SEGURA CENTRADA EN LA FAMILIA\", \"CONDICIONES OBSTETRICAS Y NEONATALES ESENCIALES - CONE -\", \"EMERGENCIA OBSTETRICA\"; \"REGIONALIZACION PERINATAL\"; \"CASAS DE MADRES\"); OBJETIVOS (HUMANIZACION DEL PARTO; DISMINUCION DE LA MORBIMORTALIDAD MATERNO INFANTIL; ACCESIBILIDAD UNIVERSAL, OPORTUNA Y DE CALIDAD A SERVICIOS NEO NATALES; COORDINACION, COOPERACION Y EJECUCION DE LAS INSTITUCIONES INTEGRANTES DEL SISTEMA DE SALUD, EN EL MARCO DE LA REGIONALIZACION DEL SISTEMA DE ATENCION PERINATAL; ESTANDARIZACION DEL MANEJO DE EMERGENCIAS OBSTETRICAS - EO - Y TRASLADO PERINATAL); AUTORIDAD DE APLICACION (MINISTERIO DE SALUD); FUNCIONES; REGIONALIZACION DEL SISTEMA DE ATENCION PERINATAL. NIVELES DE ATENCION: REGIONALIZACION; NIVELES DE ATENCION; CASAS DE MADRES; INTERVENCIONES; SISTEMA NORMATIZADO (DE REFERENCIA Y CONTRARREFERENCIA); ATENCION OBLIGATORIA DURANTE EL EMBARAZO; ATENCION OBLIGATORIA DURANTE EL PARTO; ATENCION DE LAS EMERGENCIAS OBSTETRICAS; CAPACITACION Y SENSIBILIZACION DE LOS EQUIPOS DE SALUD: CARACTERISTICAS (EN RELACION A LA CAPACITACION DE LOS RECURSOS HUMANOS); SUJETOS (DESTINATARIOS DE LA CAPACITACION); CERTIFICACION; ASISTENCIA A LAS JURISDICCIONES; COMITES (INSTANCIA DE ANALISIS DE INFORMACION, PARA ESTABLECER LOS FACTORES DETERMINANTES EN TORNO A CADA MORTALIDAD MATERNA O NEONATAL, PARA FORMULAR ACCIONES CORRECTIVAS); OBJETIVOS DE LOS COMITES DE MORBI MORTALIDAD MATERNO INFANTIL; REUNIONES (CONDICIONES); DISPOSICIONES TRANSITORIAS: FINANCIAMIENTO (PARTIDAS DESTINADAS AL MINISTERIO DE SALUD); ADHESION (INVITACION A LAS PROVINCIAS Y A LA CIUDAD AUTONOMA DE BUENOS AIRES, A ADHERIR A LA PRESENTE LEY); REGLAMENTACION (PLAZOS)."},"Palabra Clave":{"('0009-S-2020', 0)":" "}}