{"Tipo de Proyecto":{"('0010-JGM-2020', 0)":"MENSAJE NRO: 0012\/20"},"Iniciado en: ":{"('0010-JGM-2020', 0)":"Diputados"},"Expediente Diputados: ":{"('0010-JGM-2020', 0)":"0010-JGM-2020"},"Publicado en: ":{"('0010-JGM-2020', 0)":"Tr\u00e1mite Parlamentario N\u00b0 12"},"Fecha: ":{"('0010-JGM-2020', 0)":"17\/03\/2020"},"T\u00edtulo":{"('0010-JGM-2020', 0)":"COMUNICACION DEL DICTADO DEL DECRETO DE NECESIDAD Y URGENCIA 260 DEL 12 DE MARZO DE 2020 SOBRE AMPLIACION DE LA EMERGENCIA PUBLICA EN MATERIA SANITARIA ESTABLECIDA POR LA LEY 27541, EN VIRTUD DE LA PANDEMIA DECLARADA POR LA ORGANIZACION MUNDIAL DE LA SALUD (OMS) EN RELACION AL CORONAVIRUS COVID-19 POR EL PLAZO DE UN A\u00d1O."},"('Firmantes', 'FIRMANTE')":{"('0010-JGM-2020', 0)":"CAFIERO, SANTIAGO ANDRES"},"('Firmantes', 'DISTRITO')":{"('0010-JGM-2020', 0)":null},"('Firmantes', 'BLOQUE')":{"('0010-JGM-2020', 0)":"PODER EJECUTIVO"},"('Giros', 'COMISI\u00d3N')":{"('0010-JGM-2020', 0)":"BICAMERAL PERMANENTE DE TRAMITE LEGISLATIVO - LEY 26122"},"('Tramites', 'C\u00c1MARA')":{"('0010-JGM-2020', 0)":"Diputados"},"('Tramites', 'MOVIMIENTO')":{"('0010-JGM-2020', 0)":"VER TRAMITE DEL DECRETO EN SENADO EN EXPEDIENTE 0802-S-2020"},"('Tramites', 'FECHA')":{"('0010-JGM-2020', 0)":null},"('Tramites', 'RESULTADO')":{"('0010-JGM-2020', 0)":null},"Palabra Clave":{"('0010-JGM-2020', 0)":" "}}