{"Tipo de Proyecto":{"('0011-D-2020', 0)":"PROYECTO DE DECLARACI\u00d3N","('0011-D-2020', 1)":null,"('0011-D-2020', 2)":null,"('0011-D-2020', 3)":null,"('0011-D-2020', 4)":null,"('0011-D-2020', 5)":null,"('0011-D-2020', 6)":null},"Iniciado en: ":{"('0011-D-2020', 0)":"Diputados","('0011-D-2020', 1)":null,"('0011-D-2020', 2)":null,"('0011-D-2020', 3)":null,"('0011-D-2020', 4)":null,"('0011-D-2020', 5)":null,"('0011-D-2020', 6)":null},"Expediente Diputados: ":{"('0011-D-2020', 0)":"0011-D-2020","('0011-D-2020', 1)":null,"('0011-D-2020', 2)":null,"('0011-D-2020', 3)":null,"('0011-D-2020', 4)":null,"('0011-D-2020', 5)":null,"('0011-D-2020', 6)":null},"Publicado en: ":{"('0011-D-2020', 0)":"Tr\u00e1mite Parlamentario N\u00b0 1","('0011-D-2020', 1)":null,"('0011-D-2020', 2)":null,"('0011-D-2020', 3)":null,"('0011-D-2020', 4)":null,"('0011-D-2020', 5)":null,"('0011-D-2020', 6)":null},"Fecha: ":{"('0011-D-2020', 0)":"02\/03\/2020","('0011-D-2020', 1)":null,"('0011-D-2020', 2)":null,"('0011-D-2020', 3)":null,"('0011-D-2020', 4)":null,"('0011-D-2020', 5)":null,"('0011-D-2020', 6)":null},"T\u00edtulo":{"('0011-D-2020', 0)":"DECLARAR DE INTERES DE LA H. CAMARA EL 1\u00ba CONGRESO NACIONAL DE LAS AUTONOMIAS PROVINCIALES Y 5\u00ba JORNADAS DE HISTORIA DE SANTIAGO DEL ESTERO Y DEL NOA, A REALIZARSE EL 3 Y 4 DE ABRIL DE 2020 EN LA CIUDAD CAPITAL DE LA PROVINCIA DE SANTIAGO DEL ESTERO. ","('0011-D-2020', 1)":null,"('0011-D-2020', 2)":null,"('0011-D-2020', 3)":null,"('0011-D-2020', 4)":null,"('0011-D-2020', 5)":null,"('0011-D-2020', 6)":null},"('Firmantes', 'FIRMANTE')":{"('0011-D-2020', 0)":"BRUE, DANIEL AGUSTIN","('0011-D-2020', 1)":"MONTOTO, MARIA LUISA","('0011-D-2020', 2)":"NEDER, ESTELA MARY","('0011-D-2020', 3)":"NAVARRO, GRACIELA","('0011-D-2020', 4)":"ABDALA DE MATARAZZO, NORMA AMANDA","('0011-D-2020', 5)":"DAIVES, RICARDO DANIEL","('0011-D-2020', 6)":"HERRERA, BERNARDO JOSE"},"('Firmantes', 'DISTRITO')":{"('0011-D-2020', 0)":"SANTIAGO DEL ESTERO","('0011-D-2020', 1)":"SANTIAGO DEL ESTERO","('0011-D-2020', 2)":"SANTIAGO DEL ESTERO","('0011-D-2020', 3)":"SANTIAGO DEL ESTERO","('0011-D-2020', 4)":"SANTIAGO DEL ESTERO","('0011-D-2020', 5)":"SANTIAGO DEL ESTERO","('0011-D-2020', 6)":"SANTIAGO DEL ESTERO"},"('Firmantes', 'BLOQUE')":{"('0011-D-2020', 0)":"FRENTE DE TODOS","('0011-D-2020', 1)":"FRENTE DE TODOS","('0011-D-2020', 2)":"FRENTE DE TODOS","('0011-D-2020', 3)":"FRENTE DE TODOS","('0011-D-2020', 4)":"FRENTE DE TODOS","('0011-D-2020', 5)":"FRENTE DE TODOS","('0011-D-2020', 6)":"FRENTE DE TODOS"},"('Giros', 'COMISI\u00d3N')":{"('0011-D-2020', 0)":"CULTURA","('0011-D-2020', 1)":null,"('0011-D-2020', 2)":null,"('0011-D-2020', 3)":null,"('0011-D-2020', 4)":null,"('0011-D-2020', 5)":null,"('0011-D-2020', 6)":null},"Link":{"('0011-D-2020', 0)":"https:\/\/www.hcdn.gob.ar\/proyectos\/textoCompleto.jsp?exp=0011-D-2020&tipo=DECLARACION","('0011-D-2020', 1)":null,"('0011-D-2020', 2)":null,"('0011-D-2020', 3)":null,"('0011-D-2020', 4)":null,"('0011-D-2020', 5)":null,"('0011-D-2020', 6)":null},"Palabra Clave":{"('0011-D-2020', 0)":" ","('0011-D-2020', 1)":null,"('0011-D-2020', 2)":null,"('0011-D-2020', 3)":null,"('0011-D-2020', 4)":null,"('0011-D-2020', 5)":null,"('0011-D-2020', 6)":null}}