{"Tipo de Proyecto":{"('0012-S-2020', 0)":"PROYECTO DE LEY"},"Iniciado en: ":{"('0012-S-2020', 0)":"Senado"},"Expediente Senado: ":{"('0012-S-2020', 0)":"0012-S-2020"},"Publicado en: ":{"('0012-S-2020', 0)":"Diario de Asuntos Entrados N\u00b0 1"},"Fecha: ":{"('0012-S-2020', 0)":"02\/03\/2020"},"T\u00edtulo":{"('0012-S-2020', 0)":"LEY DE ASOCIACIONES SINDICALES - MODIFICACION (REPRODUCCION DEL EXPEDIENTE 1689-S-18)."},"('Firmantes', 'FIRMANTE')":{"('0012-S-2020', 0)":"BLAS, INES IMELDA"},"('Firmantes', 'DISTRITO')":{"('0012-S-2020', 0)":"CATAMARCA"},"('Firmantes', 'BLOQUE')":{"('0012-S-2020', 0)":"FRENTE DE TODOS"},"Sumario":{"('0012-S-2020', 0)":"LEY 23551: MODIFICACION DEL ARTICULO 17; DETERMINACION DEL CUPO FEMENINO PARA LA OCUPACION DE SUS CARGOS DIRECTIVOS Y REPRESENTATIVOS."},"Palabra Clave":{"('0012-S-2020', 0)":" "}}