{"Tipo de Proyecto":{"('0012-D-2020', 0)":"PROYECTO DE DECLARACI\u00d3N","('0012-D-2020', 1)":null,"('0012-D-2020', 2)":null,"('0012-D-2020', 3)":null,"('0012-D-2020', 4)":null,"('0012-D-2020', 5)":null,"('0012-D-2020', 6)":null},"Iniciado en: ":{"('0012-D-2020', 0)":"Diputados","('0012-D-2020', 1)":null,"('0012-D-2020', 2)":null,"('0012-D-2020', 3)":null,"('0012-D-2020', 4)":null,"('0012-D-2020', 5)":null,"('0012-D-2020', 6)":null},"Expediente Diputados: ":{"('0012-D-2020', 0)":"0012-D-2020","('0012-D-2020', 1)":null,"('0012-D-2020', 2)":null,"('0012-D-2020', 3)":null,"('0012-D-2020', 4)":null,"('0012-D-2020', 5)":null,"('0012-D-2020', 6)":null},"Publicado en: ":{"('0012-D-2020', 0)":"Tr\u00e1mite Parlamentario N\u00b0 1","('0012-D-2020', 1)":null,"('0012-D-2020', 2)":null,"('0012-D-2020', 3)":null,"('0012-D-2020', 4)":null,"('0012-D-2020', 5)":null,"('0012-D-2020', 6)":null},"Fecha: ":{"('0012-D-2020', 0)":"02\/03\/2020","('0012-D-2020', 1)":null,"('0012-D-2020', 2)":null,"('0012-D-2020', 3)":null,"('0012-D-2020', 4)":null,"('0012-D-2020', 5)":null,"('0012-D-2020', 6)":null},"T\u00edtulo":{"('0012-D-2020', 0)":"DECLARAR DE INTERES DE LA H. CAMARA LA PEREGRINACION ANUAL DE LA IMAGEN DEL SANTO DE MAILIN, A REALIZARSE  EN LA PROVINCIA DE SANTIAGO DEL ESTERO. ","('0012-D-2020', 1)":null,"('0012-D-2020', 2)":null,"('0012-D-2020', 3)":null,"('0012-D-2020', 4)":null,"('0012-D-2020', 5)":null,"('0012-D-2020', 6)":null},"('Firmantes', 'FIRMANTE')":{"('0012-D-2020', 0)":"BRUE, DANIEL AGUSTIN","('0012-D-2020', 1)":"NAVARRO, GRACIELA","('0012-D-2020', 2)":"DAIVES, RICARDO DANIEL","('0012-D-2020', 3)":"MONTOTO, MARIA LUISA","('0012-D-2020', 4)":"NEDER, ESTELA MARY","('0012-D-2020', 5)":"ABDALA DE MATARAZZO, NORMA AMANDA","('0012-D-2020', 6)":"HERRERA, BERNARDO JOSE"},"('Firmantes', 'DISTRITO')":{"('0012-D-2020', 0)":"SANTIAGO DEL ESTERO","('0012-D-2020', 1)":"SANTIAGO DEL ESTERO","('0012-D-2020', 2)":"SANTIAGO DEL ESTERO","('0012-D-2020', 3)":"SANTIAGO DEL ESTERO","('0012-D-2020', 4)":"SANTIAGO DEL ESTERO","('0012-D-2020', 5)":"SANTIAGO DEL ESTERO","('0012-D-2020', 6)":"SANTIAGO DEL ESTERO"},"('Firmantes', 'BLOQUE')":{"('0012-D-2020', 0)":"FRENTE DE TODOS","('0012-D-2020', 1)":"FRENTE DE TODOS","('0012-D-2020', 2)":"FRENTE DE TODOS","('0012-D-2020', 3)":"FRENTE DE TODOS","('0012-D-2020', 4)":"FRENTE DE TODOS","('0012-D-2020', 5)":"FRENTE DE TODOS","('0012-D-2020', 6)":"FRENTE DE TODOS"},"('Giros', 'COMISI\u00d3N')":{"('0012-D-2020', 0)":"RELACIONES EXTERIORES Y CULTO","('0012-D-2020', 1)":null,"('0012-D-2020', 2)":null,"('0012-D-2020', 3)":null,"('0012-D-2020', 4)":null,"('0012-D-2020', 5)":null,"('0012-D-2020', 6)":null},"Link":{"('0012-D-2020', 0)":"https:\/\/www.hcdn.gob.ar\/proyectos\/textoCompleto.jsp?exp=0012-D-2020&tipo=DECLARACION","('0012-D-2020', 1)":null,"('0012-D-2020', 2)":null,"('0012-D-2020', 3)":null,"('0012-D-2020', 4)":null,"('0012-D-2020', 5)":null,"('0012-D-2020', 6)":null},"Palabra Clave":{"('0012-D-2020', 0)":" ","('0012-D-2020', 1)":null,"('0012-D-2020', 2)":null,"('0012-D-2020', 3)":null,"('0012-D-2020', 4)":null,"('0012-D-2020', 5)":null,"('0012-D-2020', 6)":null}}