{"Tipo de Proyecto":{"('0013-D-2020', 0)":"PROYECTO DE RESOLUCI\u00d3N"},"Iniciado en: ":{"('0013-D-2020', 0)":"Diputados"},"Expediente Diputados: ":{"('0013-D-2020', 0)":"0013-D-2020"},"Publicado en: ":{"('0013-D-2020', 0)":"Tr\u00e1mite Parlamentario N\u00b0 1"},"Fecha: ":{"('0013-D-2020', 0)":"02\/03\/2020"},"T\u00edtulo":{"('0013-D-2020', 0)":"EXPRESAR BENEPLACITO POR EL 50\u00ba ANIVERSARIO DE LA CREACION DE LA FUNDACION UNIVERSITARIA DEL RIO DE LA PLATA, DESTINADA A LA FORMACION DE JOVENES DIRIGENTES."},"('Firmantes', 'FIRMANTE')":{"('0013-D-2020', 0)":"SCIOLI, DANIEL"},"('Firmantes', 'DISTRITO')":{"('0013-D-2020', 0)":"BUENOS AIRES"},"('Firmantes', 'BLOQUE')":{"('0013-D-2020', 0)":"FRENTE DE TODOS"},"('Giros', 'COMISI\u00d3N')":{"('0013-D-2020', 0)":"LEGISLACION GENERAL"},"Link":{"('0013-D-2020', 0)":"https:\/\/www.hcdn.gob.ar\/proyectos\/textoCompleto.jsp?exp=0013-D-2020&tipo=RESOLUCION"},"Palabra Clave":{"('0013-D-2020', 0)":" "}}