{"Tipo de Proyecto":{"('0013-S-2020', 0)":"PROYECTO DE LEY"},"Iniciado en: ":{"('0013-S-2020', 0)":"Senado"},"Expediente Senado: ":{"('0013-S-2020', 0)":"0013-S-2020"},"Publicado en: ":{"('0013-S-2020', 0)":"Diario de Asuntos Entrados N\u00b0 1"},"Fecha: ":{"('0013-S-2020', 0)":"02\/03\/2020"},"T\u00edtulo":{"('0013-S-2020', 0)":"DECLARAR DE INTERES NACIONAL EL MEMORANDUM DE ENTENDIMIENTO DEL PROYECTO DEL CORREDOR BIOCEANICO FERROVIARIO NOA - CENTRO, SUSCRITO POR DIVERSAS PROVINCIAS, LA TERCERA REGION DE LA REPUBLICA DE CHILE Y LA PROVINCIA DE HUNAN DE LA REPUBLICA DE CHINA (REPRODUCCION DEL EXPEDIENTE 2436-S-18)."},"('Firmantes', 'FIRMANTE')":{"('0013-S-2020', 0)":"BLAS, INES IMELDA"},"('Firmantes', 'DISTRITO')":{"('0013-S-2020', 0)":"CATAMARCA"},"('Firmantes', 'BLOQUE')":{"('0013-S-2020', 0)":"FRENTE DE TODOS"},"Sumario":{"('0013-S-2020', 0)":"INVITACION A ADHERIR."},"Palabra Clave":{"('0013-S-2020', 0)":" "}}