{"Tipo de Proyecto":{"('0013-JGM-2020', 0)":"MENSAJE NRO: 0015\/20","('0013-JGM-2020', 1)":null},"Iniciado en: ":{"('0013-JGM-2020', 0)":"Diputados","('0013-JGM-2020', 1)":null},"Expediente Diputados: ":{"('0013-JGM-2020', 0)":"0013-JGM-2020","('0013-JGM-2020', 1)":null},"Publicado en: ":{"('0013-JGM-2020', 0)":"Tr\u00e1mite Parlamentario N\u00b0 13","('0013-JGM-2020', 1)":null},"Fecha: ":{"('0013-JGM-2020', 0)":"18\/03\/2020","('0013-JGM-2020', 1)":null},"T\u00edtulo":{"('0013-JGM-2020', 0)":"COMUNICACION DEL DICTADO DEL DECRETO 277 DEL 16 DE MARZO DE 2020 POR EL CUAL SE DISPONE LA INTERVENCION DEL ENTE NACIONAL REGULADOR DE LA ELECTRICIDAD (ENRE) HASTA EL 31 DE DICIEMBRE DE 2020.","('0013-JGM-2020', 1)":null},"('Firmantes', 'FIRMANTE')":{"('0013-JGM-2020', 0)":"CAFIERO, SANTIAGO ANDRES","('0013-JGM-2020', 1)":"KULFAS, MATIAS SEBASTIAN"},"('Firmantes', 'DISTRITO')":{"('0013-JGM-2020', 0)":null,"('0013-JGM-2020', 1)":null},"('Firmantes', 'BLOQUE')":{"('0013-JGM-2020', 0)":"PODER EJECUTIVO","('0013-JGM-2020', 1)":"PODER EJECUTIVO"},"('Giros', 'COMISI\u00d3N')":{"('0013-JGM-2020', 0)":"BICAMERAL PERMANENTE DE TRAMITE LEGISLATIVO - LEY 26122","('0013-JGM-2020', 1)":null},"('Tramites', 'C\u00c1MARA')":{"('0013-JGM-2020', 0)":"Diputados","('0013-JGM-2020', 1)":null},"('Tramites', 'MOVIMIENTO')":{"('0013-JGM-2020', 0)":"VER TRAMITE DEL DECRETO EN SENADO EN EXPEDIENTE 1505-S-2020","('0013-JGM-2020', 1)":null},"('Tramites', 'FECHA')":{"('0013-JGM-2020', 0)":null,"('0013-JGM-2020', 1)":null},"('Tramites', 'RESULTADO')":{"('0013-JGM-2020', 0)":null,"('0013-JGM-2020', 1)":null},"Palabra Clave":{"('0013-JGM-2020', 0)":" ","('0013-JGM-2020', 1)":null}}