{"Tipo de Proyecto":{"('0014-D-2020', 0)":"PROYECTO DE RESOLUCI\u00d3N","('0014-D-2020', 1)":null,"('0014-D-2020', 2)":null},"Iniciado en: ":{"('0014-D-2020', 0)":"Diputados","('0014-D-2020', 1)":null,"('0014-D-2020', 2)":null},"Expediente Diputados: ":{"('0014-D-2020', 0)":"0014-D-2020","('0014-D-2020', 1)":null,"('0014-D-2020', 2)":null},"Publicado en: ":{"('0014-D-2020', 0)":"Tr\u00e1mite Parlamentario N\u00b0 1","('0014-D-2020', 1)":null,"('0014-D-2020', 2)":null},"Fecha: ":{"('0014-D-2020', 0)":"02\/03\/2020","('0014-D-2020', 1)":null,"('0014-D-2020', 2)":null},"T\u00edtulo":{"('0014-D-2020', 0)":"EXPRESAR BENEPLACITO POR EL BICENTENARIO DE LA CONSTITUCION DE BUENOS AIRES COMO ENTIDAD AUTONOMA PROVINCIAL, CELEBRADO EN EL MES DE FEBRERO DE 2020. ","('0014-D-2020', 1)":null,"('0014-D-2020', 2)":null},"('Firmantes', 'FIRMANTE')":{"('0014-D-2020', 0)":"BERISSO, HERNAN","('0014-D-2020', 1)":"JOURY, MARIA DE LAS MERCEDES","('0014-D-2020', 2)":"SALVADOR, SEBASTIAN NICOLAS"},"('Firmantes', 'DISTRITO')":{"('0014-D-2020', 0)":"BUENOS AIRES","('0014-D-2020', 1)":"BUENOS AIRES","('0014-D-2020', 2)":"BUENOS AIRES"},"('Firmantes', 'BLOQUE')":{"('0014-D-2020', 0)":"PRO","('0014-D-2020', 1)":"PRO","('0014-D-2020', 2)":"UCR"},"('Giros', 'COMISI\u00d3N')":{"('0014-D-2020', 0)":"ASUNTOS CONSTITUCIONALES","('0014-D-2020', 1)":null,"('0014-D-2020', 2)":null},"('Tramites', 'C\u00c1MARA')":{"('0014-D-2020', 0)":"Diputados","('0014-D-2020', 1)":null,"('0014-D-2020', 2)":null},"('Tramites', 'MOVIMIENTO')":{"('0014-D-2020', 0)":"SOLICITUD DE SER COFIRMANTE DE LA DIPUTADA JOURY Y DEL DIPUTADO SALVADOR (A SUS ANTECEDENTES)","('0014-D-2020', 1)":null,"('0014-D-2020', 2)":null},"('Tramites', 'FECHA')":{"('0014-D-2020', 0)":null,"('0014-D-2020', 1)":null,"('0014-D-2020', 2)":null},"('Tramites', 'RESULTADO')":{"('0014-D-2020', 0)":null,"('0014-D-2020', 1)":null,"('0014-D-2020', 2)":null},"Link":{"('0014-D-2020', 0)":"https:\/\/www.hcdn.gob.ar\/proyectos\/textoCompleto.jsp?exp=0014-D-2020&tipo=RESOLUCION","('0014-D-2020', 1)":null,"('0014-D-2020', 2)":null},"Palabra Clave":{"('0014-D-2020', 0)":" ","('0014-D-2020', 1)":null,"('0014-D-2020', 2)":null}}