{"Tipo de Proyecto":{"('0014-S-2020', 0)":"PROYECTO DE LEY"},"Iniciado en: ":{"('0014-S-2020', 0)":"Senado"},"Expediente Senado: ":{"('0014-S-2020', 0)":"0014-S-2020"},"Publicado en: ":{"('0014-S-2020', 0)":"Diario de Asuntos Entrados N\u00b0 1"},"Fecha: ":{"('0014-S-2020', 0)":"02\/03\/2020"},"T\u00edtulo":{"('0014-S-2020', 0)":"DECLARAR DE INTERES NACIONAL LA CARTA INTENCION - ACUERDO DE INTERES REGIONAL PROYECTO CORREDOR BIOCEANICO FERROVIARIO DEL NOA, CORDOBA, LA RIOJA, CATAMARCA, ATACAMA. (REPRODUCCION DEL EXPEDIENTE 0241-S-18)."},"('Firmantes', 'FIRMANTE')":{"('0014-S-2020', 0)":"BLAS, INES IMELDA"},"('Firmantes', 'DISTRITO')":{"('0014-S-2020', 0)":"CATAMARCA"},"('Firmantes', 'BLOQUE')":{"('0014-S-2020', 0)":"FRENTE DE TODOS"},"Link":{"('0014-S-2020', 0)":"http:\/\/www.senado.gov.ar\/parlamentario\/comisiones\/verExp\/14.20\/S\/PL"},"Palabra Clave":{"('0014-S-2020', 0)":" "}}