{"Tipo de Proyecto":{"('0015-S-2020', 0)":"PROYECTO DE LEY"},"Iniciado en: ":{"('0015-S-2020', 0)":"Senado"},"Expediente Senado: ":{"('0015-S-2020', 0)":"0015-S-2020"},"Publicado en: ":{"('0015-S-2020', 0)":"Diario de Asuntos Entrados N\u00b0 1"},"Fecha: ":{"('0015-S-2020', 0)":"02\/03\/2020"},"T\u00edtulo":{"('0015-S-2020', 0)":"TRANSFERIR A TITULO GRATUITO, A LA PROVINCIA DE CATAMARCA, LOS DERECHOS Y ACCIONES POSESORIOS SOBRE LOS INMUEBLES QUE DETENTA EL ESTADO NACIONAL, FERROCARRILES ARGENTINOS, RAMAL CC. 10, TRAMO RECREO- CHUMBICHA, UBICADOS A LA ALTURA DE LA RUTA NACIONAL N\u00ba 157, KILOMETRO 970, EN LA CIUDAD DE RECREO, DE LA PROVINCIA HOMONIMA.  (REPRODUCCION DEL EXPEDIENTE 0244-S-18)."},"('Firmantes', 'FIRMANTE')":{"('0015-S-2020', 0)":"BLAS, INES IMELDA"},"('Firmantes', 'DISTRITO')":{"('0015-S-2020', 0)":"CATAMARCA"},"('Firmantes', 'BLOQUE')":{"('0015-S-2020', 0)":"FRENTE DE TODOS"},"Sumario":{"('0015-S-2020', 0)":"OBLIGACION DE QUE LA BENEFICIARIA DESTINE LOS TERRENOS A OBRAS DE PARQUIZACION, ESPACIOS VERDES, A PROMOVER ACTIVIDADES PRODUCTIVAS Y\/O INDUSTRIALES; PLAZO PARA EL CUMPLIMIENTO DEL CARGO IMPUESTO; GASTOS DEMANDADOS POR LA PRESENTE LEY, A CARGO DE LA BENEFICIARIA; PLAZO DE LAS TRANSFERENCIAS."},"Palabra Clave":{"('0015-S-2020', 0)":" "}}