{"Tipo de Proyecto":{"('0015-D-2020', 0)":"PROYECTO DE RESOLUCI\u00d3N","('0015-D-2020', 1)":null,"('0015-D-2020', 2)":null,"('0015-D-2020', 3)":null,"('0015-D-2020', 4)":null,"('0015-D-2020', 5)":null,"('0015-D-2020', 6)":null},"Iniciado en: ":{"('0015-D-2020', 0)":"Diputados","('0015-D-2020', 1)":null,"('0015-D-2020', 2)":null,"('0015-D-2020', 3)":null,"('0015-D-2020', 4)":null,"('0015-D-2020', 5)":null,"('0015-D-2020', 6)":null},"Expediente Diputados: ":{"('0015-D-2020', 0)":"0015-D-2020","('0015-D-2020', 1)":null,"('0015-D-2020', 2)":null,"('0015-D-2020', 3)":null,"('0015-D-2020', 4)":null,"('0015-D-2020', 5)":null,"('0015-D-2020', 6)":null},"Publicado en: ":{"('0015-D-2020', 0)":"Tr\u00e1mite Parlamentario N\u00b0 1","('0015-D-2020', 1)":null,"('0015-D-2020', 2)":null,"('0015-D-2020', 3)":null,"('0015-D-2020', 4)":null,"('0015-D-2020', 5)":null,"('0015-D-2020', 6)":null},"Fecha: ":{"('0015-D-2020', 0)":"02\/03\/2020","('0015-D-2020', 1)":null,"('0015-D-2020', 2)":null,"('0015-D-2020', 3)":null,"('0015-D-2020', 4)":null,"('0015-D-2020', 5)":null,"('0015-D-2020', 6)":null},"T\u00edtulo":{"('0015-D-2020', 0)":"EXPRESAR PESAR POR EL FALLECIMIENTO DEL EX PRESIDENTE DEL SENASA, DR. EMILIO JUAN GIMENO.","('0015-D-2020', 1)":null,"('0015-D-2020', 2)":null,"('0015-D-2020', 3)":null,"('0015-D-2020', 4)":null,"('0015-D-2020', 5)":null,"('0015-D-2020', 6)":null},"('Firmantes', 'FIRMANTE')":{"('0015-D-2020', 0)":"BERISSO, HERNAN","('0015-D-2020', 1)":"WOLFF, WALDO EZEQUIEL","('0015-D-2020', 2)":"SAHAD, JULIO ENRIQUE","('0015-D-2020', 3)":"TORELLO, PABLO","('0015-D-2020', 4)":"FREGONESE, ALICIA","('0015-D-2020', 5)":"HEIN, GUSTAVO RENE","('0015-D-2020', 6)":"MORALES, FLAVIA"},"('Firmantes', 'DISTRITO')":{"('0015-D-2020', 0)":"BUENOS AIRES","('0015-D-2020', 1)":"BUENOS AIRES","('0015-D-2020', 2)":"LA RIOJA","('0015-D-2020', 3)":"BUENOS AIRES","('0015-D-2020', 4)":"ENTRE RIOS","('0015-D-2020', 5)":"ENTRE RIOS","('0015-D-2020', 6)":"MISIONES"},"('Firmantes', 'BLOQUE')":{"('0015-D-2020', 0)":"PRO","('0015-D-2020', 1)":"PRO","('0015-D-2020', 2)":"PRO","('0015-D-2020', 3)":"PRO","('0015-D-2020', 4)":"PRO","('0015-D-2020', 5)":"PRO","('0015-D-2020', 6)":"FRENTE DE LA CONCORDIA MISIONERO"},"('Giros', 'COMISI\u00d3N')":{"('0015-D-2020', 0)":"AGRICULTURA Y GANADERIA","('0015-D-2020', 1)":null,"('0015-D-2020', 2)":null,"('0015-D-2020', 3)":null,"('0015-D-2020', 4)":null,"('0015-D-2020', 5)":null,"('0015-D-2020', 6)":null},"Link":{"('0015-D-2020', 0)":"https:\/\/www.hcdn.gob.ar\/proyectos\/textoCompleto.jsp?exp=0015-D-2020&tipo=RESOLUCION","('0015-D-2020', 1)":null,"('0015-D-2020', 2)":null,"('0015-D-2020', 3)":null,"('0015-D-2020', 4)":null,"('0015-D-2020', 5)":null,"('0015-D-2020', 6)":null},"Palabra Clave":{"('0015-D-2020', 0)":" ","('0015-D-2020', 1)":null,"('0015-D-2020', 2)":null,"('0015-D-2020', 3)":null,"('0015-D-2020', 4)":null,"('0015-D-2020', 5)":null,"('0015-D-2020', 6)":null}}