{"Tipo de Proyecto":{"('0016-JGM-2020', 0)":"MENSAJE NRO \/ A\u00d1O"},"Iniciado en: ":{"('0016-JGM-2020', 0)":"Diputados"},"Expediente Diputados: ":{"('0016-JGM-2020', 0)":"0016-JGM-2020"},"Publicado en: ":{"('0016-JGM-2020', 0)":"Tr\u00e1mite Parlamentario N\u00b0 14"},"Fecha: ":{"('0016-JGM-2020', 0)":"27\/03\/2020"},"T\u00edtulo":{"('0016-JGM-2020', 0)":"REMITE COPIA DE LA  DECISION ADMINISTRATIVA 403\/2020 DE FECHA 26 DE MARZO DE 2020, POR LA QUE SE MODIFICA EL PRESUPUESTO DE LA ADMINISTRACION NACIONAL PARA EL EJERCICIO 2020."},"('Firmantes', 'FIRMANTE')":{"('0016-JGM-2020', 0)":"CAFIERO, SANTIAGO ANDRES"},"('Firmantes', 'DISTRITO')":{"('0016-JGM-2020', 0)":null},"('Firmantes', 'BLOQUE')":{"('0016-JGM-2020', 0)":"PODER EJECUTIVO"},"('Giros', 'COMISI\u00d3N')":{"('0016-JGM-2020', 0)":"PRESUPUESTO Y HACIENDA"},"Palabra Clave":{"('0016-JGM-2020', 0)":" "}}