{"Tipo de Proyecto":{"('0016-S-2020', 0)":"PROYECTO DE LEY"},"Iniciado en: ":{"('0016-S-2020', 0)":"Senado"},"Expediente Senado: ":{"('0016-S-2020', 0)":"0016-S-2020"},"Publicado en: ":{"('0016-S-2020', 0)":"Diario de Asuntos Entrados N\u00b0 1"},"Fecha: ":{"('0016-S-2020', 0)":"02\/03\/2020"},"T\u00edtulo":{"('0016-S-2020', 0)":"DIA NACIONAL DE CONCIENTIZACION SOBRE EL CANCER DE TIROIDES (REPRODUCCION DEL EXPEDIENTE 2935-S-18)."},"('Firmantes', 'FIRMANTE')":{"('0016-S-2020', 0)":"BLAS, INES IMELDA"},"('Firmantes', 'DISTRITO')":{"('0016-S-2020', 0)":"CATAMARCA"},"('Firmantes', 'BLOQUE')":{"('0016-S-2020', 0)":"FRENTE DE TODOS"},"Sumario":{"('0016-S-2020', 0)":"INSTITUCION DEL 24 DE SEPTIEMBRE DE CADA A\u00d1O COMO DIA NACIONAL DE CONCIENTIZACION SOBRE EL CANCER DE TIROIDES."},"Palabra Clave":{"('0016-S-2020', 0)":" "}}