{"Tipo de Proyecto":{"('0016-D-2020', 0)":"PROYECTO DE DECLARACI\u00d3N"},"Iniciado en: ":{"('0016-D-2020', 0)":"Diputados"},"Expediente Diputados: ":{"('0016-D-2020', 0)":"0016-D-2020"},"Publicado en: ":{"('0016-D-2020', 0)":"Tr\u00e1mite Parlamentario N\u00b0 1"},"Fecha: ":{"('0016-D-2020', 0)":"02\/03\/2020"},"T\u00edtulo":{"('0016-D-2020', 0)":"EXPRESAR ADHESION POR LA CELEBRACION DEL BICENTENARIO DE LA AUTONOMIA PROVINCIAL DE LA RIOJA. "},"('Firmantes', 'FIRMANTE')":{"('0016-D-2020', 0)":"AGUIRRE, HILDA CLELIA"},"('Firmantes', 'DISTRITO')":{"('0016-D-2020', 0)":"LA RIOJA"},"('Firmantes', 'BLOQUE')":{"('0016-D-2020', 0)":"FRENTE DE TODOS"},"('Giros', 'COMISI\u00d3N')":{"('0016-D-2020', 0)":"CULTURA"},"Link":{"('0016-D-2020', 0)":"https:\/\/www.hcdn.gob.ar\/proyectos\/textoCompleto.jsp?exp=0016-D-2020&tipo=DECLARACION"},"Palabra Clave":{"('0016-D-2020', 0)":" "}}