{"Tipo de Proyecto":{"('0017-D-2020', 0)":"PROYECTO DE RESOLUCI\u00d3N"},"Iniciado en: ":{"('0017-D-2020', 0)":"Diputados"},"Expediente Diputados: ":{"('0017-D-2020', 0)":"0017-D-2020"},"Publicado en: ":{"('0017-D-2020', 0)":"Tr\u00e1mite Parlamentario N\u00b0 1"},"Fecha: ":{"('0017-D-2020', 0)":"02\/03\/2020"},"T\u00edtulo":{"('0017-D-2020', 0)":"DECLARAR DE INTERES DE LA H. CAMARA LAS ACTIVIDADES REALIZADAS POR LA ASOCIACION CIVIL \"CAMBIO DE PASO\" PARA PROMOVER LA INCLUSION Y REINSERCION SOCIAL A TRAVES DE LOS VALORES Y LA PRACTICA DEL RUGBY"},"('Firmantes', 'FIRMANTE')":{"('0017-D-2020', 0)":"AICEGA, JUAN"},"('Firmantes', 'DISTRITO')":{"('0017-D-2020', 0)":"BUENOS AIRES"},"('Firmantes', 'BLOQUE')":{"('0017-D-2020', 0)":"PRO"},"('Giros', 'COMISI\u00d3N')":{"('0017-D-2020', 0)":"ASUNTOS COOPERATIVOS, MUTUALES Y DE ORG.NO GUBERNAMENTALES"},"Link":{"('0017-D-2020', 0)":"https:\/\/www.hcdn.gob.ar\/proyectos\/textoCompleto.jsp?exp=0017-D-2020&tipo=RESOLUCION"},"Palabra Clave":{"('0017-D-2020', 0)":" "}}