{"Tipo de Proyecto":{"('0018-JGM-2020', 0)":"MENSAJE NRO \/ A\u00d1O","('0018-JGM-2020', 1)":null},"Iniciado en: ":{"('0018-JGM-2020', 0)":"Diputados","('0018-JGM-2020', 1)":null},"Expediente Diputados: ":{"('0018-JGM-2020', 0)":"0018-JGM-2020","('0018-JGM-2020', 1)":null},"Publicado en: ":{"('0018-JGM-2020', 0)":"Tr\u00e1mite Parlamentario N\u00b0 19","('0018-JGM-2020', 1)":null},"Fecha: ":{"('0018-JGM-2020', 0)":"04\/04\/2020","('0018-JGM-2020', 1)":null},"T\u00edtulo":{"('0018-JGM-2020', 0)":"REMITE LA DECISION ADMINISTRATIVA N\u00b0 452\/2020, COMUNICANDO EL DICTADO DEL DECRETO DE NECESIDAD Y URGENCIA 320 DEL 29 DE MARZO DE 2020 SOBRE CONGELAMIENTO DE ALQUILERES, SUSPENSION DE DESALOJOS Y PRORROGA DE LOS CONTRATOS DE LOCACION DE INMUEBLES HASTA EL 30 DE SEPTIEMBRE DE 2020. ","('0018-JGM-2020', 1)":null},"('Firmantes', 'FIRMANTE')":{"('0018-JGM-2020', 0)":"CAFIERO, SANTIAGO ANDRES","('0018-JGM-2020', 1)":"BIELSA, MARIA EUGENIA"},"('Firmantes', 'DISTRITO')":{"('0018-JGM-2020', 0)":null,"('0018-JGM-2020', 1)":null},"('Firmantes', 'BLOQUE')":{"('0018-JGM-2020', 0)":"PODER EJECUTIVO","('0018-JGM-2020', 1)":"PODER EJECUTIVO"},"('Giros', 'COMISI\u00d3N')":{"('0018-JGM-2020', 0)":"BICAMERAL PERMANENTE DE TRAMITE LEGISLATIVO - LEY 26122","('0018-JGM-2020', 1)":null},"('Tramites', 'C\u00c1MARA')":{"('0018-JGM-2020', 0)":"Diputados","('0018-JGM-2020', 1)":null},"('Tramites', 'MOVIMIENTO')":{"('0018-JGM-2020', 0)":"VER TRAMITE DEL DECRETO EN SENADO EN EXPEDIENTE 0811-S-2020","('0018-JGM-2020', 1)":null},"('Tramites', 'FECHA')":{"('0018-JGM-2020', 0)":null,"('0018-JGM-2020', 1)":null},"('Tramites', 'RESULTADO')":{"('0018-JGM-2020', 0)":null,"('0018-JGM-2020', 1)":null},"Palabra Clave":{"('0018-JGM-2020', 0)":" ","('0018-JGM-2020', 1)":null}}