{"Tipo de Proyecto":{"('0018-S-2020', 0)":"PROYECTO DE LEY"},"Iniciado en: ":{"('0018-S-2020', 0)":"Senado"},"Expediente Senado: ":{"('0018-S-2020', 0)":"0018-S-2020"},"Publicado en: ":{"('0018-S-2020', 0)":"Diario de Asuntos Entrados N\u00b0 1"},"Fecha: ":{"('0018-S-2020', 0)":"02\/03\/2020"},"T\u00edtulo":{"('0018-S-2020', 0)":"DECLARAR LUGAR HISTORICO NACIONAL EN LOS TERMINOS DE LA LEY 12665, EL PREDIO O FRACCION DE TERRENO DONDE SE EMPLAZA LA GRUTA EN QUE FUERA ENCONTRADA LA IMAGEN DE LA VIRGEN DEL VALLE, EN LA ESTANCIA DE CHOYA, DEPARTAMENTO DE LA CAPITAL, PROVINCIA DE CATAMARCA (REPRODUCCION DEL EXPEDIENTE 0541-S-17)."},"('Firmantes', 'FIRMANTE')":{"('0018-S-2020', 0)":"BLAS, INES IMELDA"},"('Firmantes', 'DISTRITO')":{"('0018-S-2020', 0)":"CATAMARCA"},"('Firmantes', 'BLOQUE')":{"('0018-S-2020', 0)":"FRENTE DE TODOS"},"Link":{"('0018-S-2020', 0)":"http:\/\/www.senado.gov.ar\/parlamentario\/comisiones\/verExp\/18.20\/S\/PL"},"Palabra Clave":{"('0018-S-2020', 0)":" "}}