{"Tipo de Proyecto":{"('0019-S-2020', 0)":"PROYECTO DE LEY"},"Iniciado en: ":{"('0019-S-2020', 0)":"Senado"},"Expediente Senado: ":{"('0019-S-2020', 0)":"0019-S-2020"},"Publicado en: ":{"('0019-S-2020', 0)":"Diario de Asuntos Entrados N\u00b0 1"},"Fecha: ":{"('0019-S-2020', 0)":"02\/03\/2020"},"T\u00edtulo":{"('0019-S-2020', 0)":"CREACION DE LA RED NACIONAL DE CONTENCION Y PROTECCION A TODAS LAS MUJERES EMBARAZADAS Y PERSONAS POR NACER (REPRODUCCION DEL EXPEDIENTE 3244-S-18)."},"('Firmantes', 'FIRMANTE')":{"('0019-S-2020', 0)":"BLAS, INES IMELDA"},"('Firmantes', 'DISTRITO')":{"('0019-S-2020', 0)":"CATAMARCA"},"('Firmantes', 'BLOQUE')":{"('0019-S-2020', 0)":"FRENTE DE TODOS"},"Sumario":{"('0019-S-2020', 0)":"OBJETO; DERECHO A LA VIDA; CREACION RED NACIONAL DE CONTENCION Y PROTECCION A TODAS LAS MUJERES EMBARAZADAS Y PERSONAS POR NACER: FUNCIONES; DERECHOS; CENTROS ASISTENCIALES Y CONSEJERIAS PARA LA MUJER EMBARAZADA; GASTOS."},"Palabra Clave":{"('0019-S-2020', 0)":" "}}