{"Tipo de Proyecto":{"('0020-JGM-2020', 0)":"MENSAJE NRO: 0018\/20","('0020-JGM-2020', 1)":null},"Iniciado en: ":{"('0020-JGM-2020', 0)":"Diputados","('0020-JGM-2020', 1)":null},"Expediente Diputados: ":{"('0020-JGM-2020', 0)":"0020-JGM-2020","('0020-JGM-2020', 1)":null},"Publicado en: ":{"('0020-JGM-2020', 0)":"Tr\u00e1mite Parlamentario N\u00b0 19","('0020-JGM-2020', 1)":null},"Fecha: ":{"('0020-JGM-2020', 0)":"06\/04\/2020","('0020-JGM-2020', 1)":null},"T\u00edtulo":{"('0020-JGM-2020', 0)":"COMUNICACION DEL DICTADO DEL DECRETO DE NECESIDAD Y URGENCIA N\u00b0 325 DEL 31 DE MARZO DE 2020 SOBRE PRORROGAR EL \"AISLAMIENTO SOCIAL, PREVENTIVO Y OBLIGATORIO\", DICTADO EN EL DECRETO  297\/20, HASTA EL 12 DE ABRIL DE 2020 INCLUSIVE. ","('0020-JGM-2020', 1)":null},"('Firmantes', 'FIRMANTE')":{"('0020-JGM-2020', 0)":"CAFIERO, SANTIAGO ANDRES","('0020-JGM-2020', 1)":"DE PEDRO, EDUARDO ENRIQUE"},"('Firmantes', 'DISTRITO')":{"('0020-JGM-2020', 0)":null,"('0020-JGM-2020', 1)":null},"('Firmantes', 'BLOQUE')":{"('0020-JGM-2020', 0)":"PODER EJECUTIVO","('0020-JGM-2020', 1)":"PODER EJECUTIVO"},"('Giros', 'COMISI\u00d3N')":{"('0020-JGM-2020', 0)":"BICAMERAL PERMANENTE DE TRAMITE LEGISLATIVO - LEY 26122","('0020-JGM-2020', 1)":null},"('Tramites', 'C\u00c1MARA')":{"('0020-JGM-2020', 0)":"Diputados","('0020-JGM-2020', 1)":null},"('Tramites', 'MOVIMIENTO')":{"('0020-JGM-2020', 0)":"VER TRAMITE DEL DECRETO EN SENADO EN EXPEDIENTE 0812-S-2020","('0020-JGM-2020', 1)":null},"('Tramites', 'FECHA')":{"('0020-JGM-2020', 0)":null,"('0020-JGM-2020', 1)":null},"('Tramites', 'RESULTADO')":{"('0020-JGM-2020', 0)":null,"('0020-JGM-2020', 1)":null},"Palabra Clave":{"('0020-JGM-2020', 0)":" ","('0020-JGM-2020', 1)":null}}