{"Tipo de Proyecto":{"('0022-D-2020', 0)":"PROYECTO DE LEY"},"Iniciado en: ":{"('0022-D-2020', 0)":"Diputados"},"Expediente Diputados: ":{"('0022-D-2020', 0)":"0022-D-2020"},"Publicado en: ":{"('0022-D-2020', 0)":"Tr\u00e1mite Parlamentario N\u00b0 1"},"Fecha: ":{"('0022-D-2020', 0)":"02\/03\/2020"},"T\u00edtulo":{"('0022-D-2020', 0)":"PROCEDIMIENTO FISCAL - LEY 11683 - MODIFICACION DEL ARTICULO 35, SOBRE FACULTADES DE LA ADMINISTRACION FEDERAL DE INGRESOS PUBLICOS PARA VERIFICAR EL CUMPLIMIENTO DE LAS OBLIGACIONES TRIBUTARIAS"},"('Firmantes', 'FIRMANTE')":{"('0022-D-2020', 0)":"MOISES, MARIA CAROLINA"},"('Firmantes', 'DISTRITO')":{"('0022-D-2020', 0)":"JUJUY"},"('Firmantes', 'BLOQUE')":{"('0022-D-2020', 0)":"FRENTE DE TODOS"},"('Giros', 'COMISI\u00d3N')":{"('0022-D-2020', 0)":"PRESUPUESTO Y HACIENDA"},"Sumario":{"('0022-D-2020', 0)":"SUSTITUCION DEL INCISO H) DEL ARTICULO 35."},"Palabra Clave":{"('0022-D-2020', 0)":" "}}