{"Tipo de Proyecto":{"('0022-JGM-2020', 0)":"MENSAJE NRO: 0021\/20","('0022-JGM-2020', 1)":null},"Iniciado en: ":{"('0022-JGM-2020', 0)":"Diputados","('0022-JGM-2020', 1)":null},"Expediente Diputados: ":{"('0022-JGM-2020', 0)":"0022-JGM-2020","('0022-JGM-2020', 1)":null},"Publicado en: ":{"('0022-JGM-2020', 0)":"Tr\u00e1mite Parlamentario N\u00b0 19","('0022-JGM-2020', 1)":null},"Fecha: ":{"('0022-JGM-2020', 0)":"06\/04\/2020","('0022-JGM-2020', 1)":null},"T\u00edtulo":{"('0022-JGM-2020', 0)":"COMUNICACION DEL DICTADO DEL DECRETO DE NECESIDAD Y URGENCIA N\u00b0 319 DEL 29 DE MARZO DEL 2020 SOBRE CONGELAMIENTO DEL VALOR DE LAS CUOTAS DE CREDITOS HIPOTECARIOS HASTA EL DIA 30 DE SEPTIEMBRE DEL A\u00d1O EN CURSO.","('0022-JGM-2020', 1)":null},"('Firmantes', 'FIRMANTE')":{"('0022-JGM-2020', 0)":"CAFIERO, SANTIAGO ANDRES","('0022-JGM-2020', 1)":"MEONI, MARIO ANDRES"},"('Firmantes', 'DISTRITO')":{"('0022-JGM-2020', 0)":null,"('0022-JGM-2020', 1)":null},"('Firmantes', 'BLOQUE')":{"('0022-JGM-2020', 0)":"PODER EJECUTIVO","('0022-JGM-2020', 1)":"PODER EJECUTIVO"},"('Giros', 'COMISI\u00d3N')":{"('0022-JGM-2020', 0)":"BICAMERAL PERMANENTE DE TRAMITE LEGISLATIVO - LEY 26122","('0022-JGM-2020', 1)":null},"('Tramites', 'C\u00c1MARA')":{"('0022-JGM-2020', 0)":"Diputados","('0022-JGM-2020', 1)":null},"('Tramites', 'MOVIMIENTO')":{"('0022-JGM-2020', 0)":"VER TRAMITE DEL DECRETO EN SENADO EN EXPEDIENTE 0810-S-2020","('0022-JGM-2020', 1)":null},"('Tramites', 'FECHA')":{"('0022-JGM-2020', 0)":null,"('0022-JGM-2020', 1)":null},"('Tramites', 'RESULTADO')":{"('0022-JGM-2020', 0)":null,"('0022-JGM-2020', 1)":null},"Palabra Clave":{"('0022-JGM-2020', 0)":" ","('0022-JGM-2020', 1)":null}}