{"Tipo de Proyecto":{"('0024-S-2020', 0)":"PROYECTO DE LEY"},"Iniciado en: ":{"('0024-S-2020', 0)":"Senado"},"Expediente Senado: ":{"('0024-S-2020', 0)":"0024-S-2020"},"Publicado en: ":{"('0024-S-2020', 0)":"Diario de Asuntos Entrados N\u00b0 2"},"Fecha: ":{"('0024-S-2020', 0)":"02\/03\/2020"},"T\u00edtulo":{"('0024-S-2020', 0)":"CREACION DEL REGISTRO NACIONAL DE REGANTES OLIVICOLAS ELECTROINTENSIVOS (REPRODUCCION DEL EXPEDIENTE 0665-S-18)."},"('Firmantes', 'FIRMANTE')":{"('0024-S-2020', 0)":"BLAS, INES IMELDA"},"('Firmantes', 'DISTRITO')":{"('0024-S-2020', 0)":"CATAMARCA"},"('Firmantes', 'BLOQUE')":{"('0024-S-2020', 0)":"FRENTE DE TODOS"},"Sumario":{"('0024-S-2020', 0)":"OBJETIVO; REQUISITOS PARA ACOGERSE AL REGIMEN; INCORPORACION DEL INCISO M) AL ARTICULO 28 DE LA LEY DE IMPUESTO AL VALOR AGREGADO; RECONVENCION HACIA ENERGIAS RENOVABLES; VIGENCIA BENEFICIOS; NOTIFICACION A CAMMESA, ENRE Y ENTES REGULADORES PROVINCIALES Y EMPRESAS PRESTATARIAS DEL SERVICIO PUBLICO DE DISTRIBUCION DE ELECTRICIDAD."},"Palabra Clave":{"('0024-S-2020', 0)":" "}}