{"Tipo de Proyecto":{"('0024-D-2020', 0)":"PROYECTO DE RESOLUCI\u00d3N","('0024-D-2020', 1)":null,"('0024-D-2020', 2)":null,"('0024-D-2020', 3)":null,"('0024-D-2020', 4)":null,"('0024-D-2020', 5)":null,"('0024-D-2020', 6)":null,"('0024-D-2020', 7)":null,"('0024-D-2020', 8)":null,"('0024-D-2020', 9)":null,"('0024-D-2020', 10)":null},"Iniciado en: ":{"('0024-D-2020', 0)":"Diputados","('0024-D-2020', 1)":null,"('0024-D-2020', 2)":null,"('0024-D-2020', 3)":null,"('0024-D-2020', 4)":null,"('0024-D-2020', 5)":null,"('0024-D-2020', 6)":null,"('0024-D-2020', 7)":null,"('0024-D-2020', 8)":null,"('0024-D-2020', 9)":null,"('0024-D-2020', 10)":null},"Expediente Diputados: ":{"('0024-D-2020', 0)":"0024-D-2020","('0024-D-2020', 1)":null,"('0024-D-2020', 2)":null,"('0024-D-2020', 3)":null,"('0024-D-2020', 4)":null,"('0024-D-2020', 5)":null,"('0024-D-2020', 6)":null,"('0024-D-2020', 7)":null,"('0024-D-2020', 8)":null,"('0024-D-2020', 9)":null,"('0024-D-2020', 10)":null},"Publicado en: ":{"('0024-D-2020', 0)":"Tr\u00e1mite Parlamentario N\u00b0 1","('0024-D-2020', 1)":null,"('0024-D-2020', 2)":null,"('0024-D-2020', 3)":null,"('0024-D-2020', 4)":null,"('0024-D-2020', 5)":null,"('0024-D-2020', 6)":null,"('0024-D-2020', 7)":null,"('0024-D-2020', 8)":null,"('0024-D-2020', 9)":null,"('0024-D-2020', 10)":null},"Fecha: ":{"('0024-D-2020', 0)":"02\/03\/2020","('0024-D-2020', 1)":null,"('0024-D-2020', 2)":null,"('0024-D-2020', 3)":null,"('0024-D-2020', 4)":null,"('0024-D-2020', 5)":null,"('0024-D-2020', 6)":null,"('0024-D-2020', 7)":null,"('0024-D-2020', 8)":null,"('0024-D-2020', 9)":null,"('0024-D-2020', 10)":null},"T\u00edtulo":{"('0024-D-2020', 0)":"SOLICITAR AL PODER EJECUTIVO DISPONGA INCLUIR EN EL PRESUPUESTO PARA EL EJERCICIO 2020, EL LLAMADO A LICITACION DE LA OBRA DEL SEGUNDO PUENTE CONEXION ENTRE LAS CIUDADES DE RESISTENCIA, PROVINCIA DEL CHACO, CON LA CIUDAD CAPITAL DE LA PROVINCIA DE CORRIENTES.","('0024-D-2020', 1)":null,"('0024-D-2020', 2)":null,"('0024-D-2020', 3)":null,"('0024-D-2020', 4)":null,"('0024-D-2020', 5)":null,"('0024-D-2020', 6)":null,"('0024-D-2020', 7)":null,"('0024-D-2020', 8)":null,"('0024-D-2020', 9)":null,"('0024-D-2020', 10)":null},"('Firmantes', 'FIRMANTE')":{"('0024-D-2020', 0)":"JETTER, INGRID","('0024-D-2020', 1)":"CIPOLINI, GERARDO","('0024-D-2020', 2)":"REGIDOR BELLEDONE, ESTELA MERCEDES","('0024-D-2020', 3)":"SCHIAVONI, ALFREDO OSCAR","('0024-D-2020', 4)":"EL SUKARIA, SOHER","('0024-D-2020', 5)":"CRESCIMBENI, CAMILA","('0024-D-2020', 6)":"REZINOVSKY, DINA","('0024-D-2020', 7)":"VARA, JORGE","('0024-D-2020', 8)":"AYALA, AIDA BEATRIZ MAXIMA","('0024-D-2020', 9)":"CORNEJO, VIRGINIA","('0024-D-2020', 10)":"TERADA, ALICIA"},"('Firmantes', 'DISTRITO')":{"('0024-D-2020', 0)":"CORRIENTES","('0024-D-2020', 1)":"CHACO","('0024-D-2020', 2)":"CORRIENTES","('0024-D-2020', 3)":"MISIONES","('0024-D-2020', 4)":"CORDOBA","('0024-D-2020', 5)":"BUENOS AIRES","('0024-D-2020', 6)":"CIUDAD de BUENOS AIRES","('0024-D-2020', 7)":"CORRIENTES","('0024-D-2020', 8)":"CHACO","('0024-D-2020', 9)":"SALTA","('0024-D-2020', 10)":"CHACO"},"('Firmantes', 'BLOQUE')":{"('0024-D-2020', 0)":"PRO","('0024-D-2020', 1)":"UCR","('0024-D-2020', 2)":"UCR","('0024-D-2020', 3)":"PRO","('0024-D-2020', 4)":"PRO","('0024-D-2020', 5)":"PRO","('0024-D-2020', 6)":"PRO","('0024-D-2020', 7)":"UCR","('0024-D-2020', 8)":"UCR","('0024-D-2020', 9)":"PARTIDO PROPUESTA SALTE\u00d1A","('0024-D-2020', 10)":"COALICION CIVICA"},"('Giros', 'COMISI\u00d3N')":{"('0024-D-2020', 0)":"PRESUPUESTO Y HACIENDA","('0024-D-2020', 1)":null,"('0024-D-2020', 2)":null,"('0024-D-2020', 3)":null,"('0024-D-2020', 4)":null,"('0024-D-2020', 5)":null,"('0024-D-2020', 6)":null,"('0024-D-2020', 7)":null,"('0024-D-2020', 8)":null,"('0024-D-2020', 9)":null,"('0024-D-2020', 10)":null},"Link":{"('0024-D-2020', 0)":"https:\/\/www.hcdn.gob.ar\/proyectos\/textoCompleto.jsp?exp=0024-D-2020&tipo=RESOLUCION","('0024-D-2020', 1)":null,"('0024-D-2020', 2)":null,"('0024-D-2020', 3)":null,"('0024-D-2020', 4)":null,"('0024-D-2020', 5)":null,"('0024-D-2020', 6)":null,"('0024-D-2020', 7)":null,"('0024-D-2020', 8)":null,"('0024-D-2020', 9)":null,"('0024-D-2020', 10)":null},"Palabra Clave":{"('0024-D-2020', 0)":" ","('0024-D-2020', 1)":null,"('0024-D-2020', 2)":null,"('0024-D-2020', 3)":null,"('0024-D-2020', 4)":null,"('0024-D-2020', 5)":null,"('0024-D-2020', 6)":null,"('0024-D-2020', 7)":null,"('0024-D-2020', 8)":null,"('0024-D-2020', 9)":null,"('0024-D-2020', 10)":null}}