{"Tipo de Proyecto":{"('0026-D-2020', 0)":"PROYECTO DE DECLARACI\u00d3N","('0026-D-2020', 1)":null,"('0026-D-2020', 2)":null,"('0026-D-2020', 3)":null,"('0026-D-2020', 4)":null},"Iniciado en: ":{"('0026-D-2020', 0)":"Diputados","('0026-D-2020', 1)":null,"('0026-D-2020', 2)":null,"('0026-D-2020', 3)":null,"('0026-D-2020', 4)":null},"Expediente Diputados: ":{"('0026-D-2020', 0)":"0026-D-2020","('0026-D-2020', 1)":null,"('0026-D-2020', 2)":null,"('0026-D-2020', 3)":null,"('0026-D-2020', 4)":null},"Publicado en: ":{"('0026-D-2020', 0)":"Tr\u00e1mite Parlamentario N\u00b0 1","('0026-D-2020', 1)":null,"('0026-D-2020', 2)":null,"('0026-D-2020', 3)":null,"('0026-D-2020', 4)":null},"Fecha: ":{"('0026-D-2020', 0)":"02\/03\/2020","('0026-D-2020', 1)":null,"('0026-D-2020', 2)":null,"('0026-D-2020', 3)":null,"('0026-D-2020', 4)":null},"T\u00edtulo":{"('0026-D-2020', 0)":"DECLARAR DE INTERES DE LA H. CAMARA EL \"PARQUE EOLICO CA\u00d1ADON LEON DE YPF LUZ\", UBICADO EN LA PROVINCIA DE SANTA CRUZ.","('0026-D-2020', 1)":null,"('0026-D-2020', 2)":null,"('0026-D-2020', 3)":null,"('0026-D-2020', 4)":null},"('Firmantes', 'FIRMANTE')":{"('0026-D-2020', 0)":"CARAMBIA, ANTONIO JOSE","('0026-D-2020', 1)":"DI GIACOMO, LUIS","('0026-D-2020', 2)":"AVILA, BEATRIZ LUISA","('0026-D-2020', 3)":"RAMON, JOSE LUIS","('0026-D-2020', 4)":"ANSALONI, PABLO MIGUEL"},"('Firmantes', 'DISTRITO')":{"('0026-D-2020', 0)":"SANTA CRUZ","('0026-D-2020', 1)":"RIO NEGRO","('0026-D-2020', 2)":"TUCUMAN","('0026-D-2020', 3)":"MENDOZA","('0026-D-2020', 4)":"BUENOS AIRES"},"('Firmantes', 'BLOQUE')":{"('0026-D-2020', 0)":"UNIDAD Y EQUIDAD FEDERAL","('0026-D-2020', 1)":"JUNTOS SOMOS RIO NEGRO","('0026-D-2020', 2)":"PARTIDO POR LA JUSTICIA SOCIAL","('0026-D-2020', 3)":"UNIDAD Y EQUIDAD FEDERAL","('0026-D-2020', 4)":"UNIDAD Y EQUIDAD FEDERAL"},"('Giros', 'COMISI\u00d3N')":{"('0026-D-2020', 0)":"ENERGIA Y COMBUSTIBLES","('0026-D-2020', 1)":null,"('0026-D-2020', 2)":null,"('0026-D-2020', 3)":null,"('0026-D-2020', 4)":null},"Link":{"('0026-D-2020', 0)":"https:\/\/www.hcdn.gob.ar\/proyectos\/textoCompleto.jsp?exp=0026-D-2020&tipo=DECLARACION","('0026-D-2020', 1)":null,"('0026-D-2020', 2)":null,"('0026-D-2020', 3)":null,"('0026-D-2020', 4)":null},"Palabra Clave":{"('0026-D-2020', 0)":" ","('0026-D-2020', 1)":null,"('0026-D-2020', 2)":null,"('0026-D-2020', 3)":null,"('0026-D-2020', 4)":null}}