{"Tipo de Proyecto":{"('0028-D-2020', 0)":"PROYECTO DE LEY","('0028-D-2020', 1)":null,"('0028-D-2020', 2)":null,"('0028-D-2020', 3)":null,"('0028-D-2020', 4)":null},"Iniciado en: ":{"('0028-D-2020', 0)":"Diputados","('0028-D-2020', 1)":null,"('0028-D-2020', 2)":null,"('0028-D-2020', 3)":null,"('0028-D-2020', 4)":null},"Expediente Diputados: ":{"('0028-D-2020', 0)":"0028-D-2020","('0028-D-2020', 1)":null,"('0028-D-2020', 2)":null,"('0028-D-2020', 3)":null,"('0028-D-2020', 4)":null},"Publicado en: ":{"('0028-D-2020', 0)":"Tr\u00e1mite Parlamentario N\u00b0 1","('0028-D-2020', 1)":null,"('0028-D-2020', 2)":null,"('0028-D-2020', 3)":null,"('0028-D-2020', 4)":null},"Fecha: ":{"('0028-D-2020', 0)":"02\/03\/2020","('0028-D-2020', 1)":null,"('0028-D-2020', 2)":null,"('0028-D-2020', 3)":null,"('0028-D-2020', 4)":null},"T\u00edtulo":{"('0028-D-2020', 0)":"USO DE SORBETES PLASTICOS. REGIMEN PARA LA REDUCCION  DEL DA\u00d1O AMBIENTAL.","('0028-D-2020', 1)":null,"('0028-D-2020', 2)":null,"('0028-D-2020', 3)":null,"('0028-D-2020', 4)":null},"('Firmantes', 'FIRMANTE')":{"('0028-D-2020', 0)":"CARAMBIA, ANTONIO JOSE","('0028-D-2020', 1)":"RAMON, JOSE LUIS","('0028-D-2020', 2)":"DI GIACOMO, LUIS","('0028-D-2020', 3)":"AVILA, BEATRIZ LUISA","('0028-D-2020', 4)":"ANSALONI, PABLO MIGUEL"},"('Firmantes', 'DISTRITO')":{"('0028-D-2020', 0)":"SANTA CRUZ","('0028-D-2020', 1)":"MENDOZA","('0028-D-2020', 2)":"RIO NEGRO","('0028-D-2020', 3)":"TUCUMAN","('0028-D-2020', 4)":"BUENOS AIRES"},"('Firmantes', 'BLOQUE')":{"('0028-D-2020', 0)":"UNIDAD Y EQUIDAD FEDERAL","('0028-D-2020', 1)":"UNIDAD Y EQUIDAD FEDERAL","('0028-D-2020', 2)":"JUNTOS SOMOS RIO NEGRO","('0028-D-2020', 3)":"PARTIDO POR LA JUSTICIA SOCIAL","('0028-D-2020', 4)":"UNIDAD Y EQUIDAD FEDERAL"},"('Giros', 'COMISI\u00d3N')":{"('0028-D-2020', 0)":"RECURSOS NATURALES Y CONSERVACION DEL AMBIENTE HUMANO","('0028-D-2020', 1)":"COMERCIO","('0028-D-2020', 2)":"PRESUPUESTO Y HACIENDA","('0028-D-2020', 3)":null,"('0028-D-2020', 4)":null},"Sumario":{"('0028-D-2020', 0)":"OBJETO; AMBITO DE APLICACION; DERECHOS PROTEGIDOS; DEFINICION; AUTORIDAD DE APLICACION: SECRETARIA DE AMBIENTE Y DESARROLLO SUSTENTABLE; SANCIONES; DESTINO DE LA RECAUDACION EN CONCEPTO DE SANCIONES: FONDO DE COMPENSACION AMBIENTAL DE LA LEY NACIONAL 25675; PROHIBICION DEL USO DE SORBETES PLASTICOS; INVITACION A ADHERIR.","('0028-D-2020', 1)":null,"('0028-D-2020', 2)":null,"('0028-D-2020', 3)":null,"('0028-D-2020', 4)":null},"Palabra Clave":{"('0028-D-2020', 0)":" ","('0028-D-2020', 1)":null,"('0028-D-2020', 2)":null,"('0028-D-2020', 3)":null,"('0028-D-2020', 4)":null}}