{"Tipo de Proyecto":{"('0029-JGM-2020', 0)":"MENSAJE NRO: 0027\/20"},"Iniciado en: ":{"('0029-JGM-2020', 0)":"Diputados"},"Expediente Diputados: ":{"('0029-JGM-2020', 0)":"0029-JGM-2020"},"Publicado en: ":{"('0029-JGM-2020', 0)":"Tr\u00e1mite Parlamentario N\u00b0 21"},"Fecha: ":{"('0029-JGM-2020', 0)":"08\/04\/2020"},"T\u00edtulo":{"('0029-JGM-2020', 0)":"COMUNICACION DEL DICTADO DEL DECRETO DE NECESIDAD Y URGENCIA N\u00b0 346  DEL 05 DE ABRIL DEL 2020 POR CUAL DISPONE EL DIFERIMIENTO DE LOS PAGOS DE LOS SERVICIOS DE INTERESES Y AMORTIZACIONES DE CAPITAL DE LA DEUDA PUBLICA NACIONAL INSTRUMENTADA MEDIANTE TITULOS DENOMINADOS EN DOLARES ESTADOUNIDENSES EMITIDOS BAJO LEY DE LA REPUBLICA ARGENTINA HASTA EL 31 DE DICIEMBRE DE 2020, O HASTA LA FECHA ANTERIOR QUE EL MINISTERIO DE  ECONOMIA  DETERMINE, CONSIDERANDO EL GRADO  DE  AVANCE Y EJECUCION DEL PROCESO DE RESTAURACION  DE  LA  SOSTENIBILIDAD DE LA DEUDA PUBLICA. "},"('Firmantes', 'FIRMANTE')":{"('0029-JGM-2020', 0)":"CAFIERO, SANTIAGO ANDRES"},"('Firmantes', 'DISTRITO')":{"('0029-JGM-2020', 0)":null},"('Firmantes', 'BLOQUE')":{"('0029-JGM-2020', 0)":"PODER EJECUTIVO"},"('Giros', 'COMISI\u00d3N')":{"('0029-JGM-2020', 0)":"BICAMERAL PERMANENTE DE TRAMITE LEGISLATIVO - LEY 26122"},"Palabra Clave":{"('0029-JGM-2020', 0)":" "}}