{"Tipo de Proyecto":{"('0030-S-2020', 0)":"PROYECTO DE DECLARACI\u00d3N","('0030-S-2020', 1)":null},"Iniciado en: ":{"('0030-S-2020', 0)":"Senado","('0030-S-2020', 1)":null},"Expediente Senado: ":{"('0030-S-2020', 0)":"0030-S-2020","('0030-S-2020', 1)":null},"Publicado en: ":{"('0030-S-2020', 0)":"Diario de Asuntos Entrados N\u00b0 2","('0030-S-2020', 1)":null},"Fecha: ":{"('0030-S-2020', 0)":"02\/03\/2020","('0030-S-2020', 1)":null},"T\u00edtulo":{"('0030-S-2020', 0)":"EXPRESAR BENEPLACITO POR EL DESARROLLO DE UN TEST DE DIAGNOSTICO RAPIDO DEL VIRUS DEL DENGUE, POR PARTE DE UN EQUIPO INTERDICIPLINARIO DEL CONICET Y LA UNIVERSIDAD NACIONAL DE SAN MARTIN - UNSAM.","('0030-S-2020', 1)":null},"('Firmantes', 'FIRMANTE')":{"('0030-S-2020', 0)":"MONTENEGRO, GERARDO ANTENOR","('0030-S-2020', 1)":null},"('Firmantes', 'DISTRITO')":{"('0030-S-2020', 0)":"SANTIAGO DEL ESTERO","('0030-S-2020', 1)":null},"('Firmantes', 'BLOQUE')":{"('0030-S-2020', 0)":"FRENTE DE TODOS","('0030-S-2020', 1)":null},"('Tramites', 'C\u00c1MARA')":{"('0030-S-2020', 0)":"Senado","('0030-S-2020', 1)":"Senado"},"('Tramites', 'MOVIMIENTO')":{"('0030-S-2020', 0)":"CITACION SESION ESPECIAL","('0030-S-2020', 1)":"CONSIDERACION Y APROBACION (SESION POR VIDEOCONFERENCIA)"},"('Tramites', 'FECHA')":{"('0030-S-2020', 0)":"03\/09\/2020","('0030-S-2020', 1)":"03\/09\/2020"},"('Tramites', 'RESULTADO')":{"('0030-S-2020', 0)":null,"('0030-S-2020', 1)":"APROBADO"},"Link":{"('0030-S-2020', 0)":"http:\/\/www.senado.gov.ar\/parlamentario\/comisiones\/verExp\/30.20\/S\/PD","('0030-S-2020', 1)":null},"Palabra Clave":{"('0030-S-2020', 0)":" ","('0030-S-2020', 1)":null}}