{"Tipo de Proyecto":{"('0031-D-2020', 0)":"PROYECTO DE DECLARACI\u00d3N","('0031-D-2020', 1)":null,"('0031-D-2020', 2)":null},"Iniciado en: ":{"('0031-D-2020', 0)":"Diputados","('0031-D-2020', 1)":null,"('0031-D-2020', 2)":null},"Expediente Diputados: ":{"('0031-D-2020', 0)":"0031-D-2020","('0031-D-2020', 1)":null,"('0031-D-2020', 2)":null},"Publicado en: ":{"('0031-D-2020', 0)":"Tr\u00e1mite Parlamentario N\u00b0 1","('0031-D-2020', 1)":null,"('0031-D-2020', 2)":null},"Fecha: ":{"('0031-D-2020', 0)":"02\/03\/2020","('0031-D-2020', 1)":null,"('0031-D-2020', 2)":null},"T\u00edtulo":{"('0031-D-2020', 0)":"EXPRESAR REPUDIO POR EL ATENTADO CONTRA EL PRESIDENTE DE LA ASAMBLEA DE LA REPUBLICA BOLIVARIANA DE VENEZUELA, JUAN GUAIDO.","('0031-D-2020', 1)":null,"('0031-D-2020', 2)":null},"('Firmantes', 'FIRMANTE')":{"('0031-D-2020', 0)":"ASSEFF, ALBERTO","('0031-D-2020', 1)":"DEL CERRO, GONZALO PEDRO ANTONIO","('0031-D-2020', 2)":"MARTINEZ VILLADA, LEONOR MARIA"},"('Firmantes', 'DISTRITO')":{"('0031-D-2020', 0)":"BUENOS AIRES","('0031-D-2020', 1)":"SANTA FE","('0031-D-2020', 2)":"CORDOBA"},"('Firmantes', 'BLOQUE')":{"('0031-D-2020', 0)":"PRO","('0031-D-2020', 1)":"UCR","('0031-D-2020', 2)":"COALICION CIVICA"},"('Giros', 'COMISI\u00d3N')":{"('0031-D-2020', 0)":"RELACIONES EXTERIORES Y CULTO","('0031-D-2020', 1)":null,"('0031-D-2020', 2)":null},"('Tramites', 'C\u00c1MARA')":{"('0031-D-2020', 0)":"Diputados","('0031-D-2020', 1)":"Diputados","('0031-D-2020', 2)":"Diputados"},"('Tramites', 'MOVIMIENTO')":{"('0031-D-2020', 0)":"SOLICITUD DE SER COFIRMANTE DEL DIPUTADO DEL CERRO (A SUS ANTECEDENTES)","('0031-D-2020', 1)":"SOLICITUD DE SER COFIRMANTE DEL DIPUTADO ENRIQUEZ (A SUS ANTECEDENTES)","('0031-D-2020', 2)":"SOLICITUD DE SER COFIRMANTE DE LA DIPUTADA MARTINEZ VILLADA (A SUS ANTECEDENTES)"},"('Tramites', 'FECHA')":{"('0031-D-2020', 0)":null,"('0031-D-2020', 1)":null,"('0031-D-2020', 2)":null},"('Tramites', 'RESULTADO')":{"('0031-D-2020', 0)":null,"('0031-D-2020', 1)":null,"('0031-D-2020', 2)":null},"Link":{"('0031-D-2020', 0)":"https:\/\/www.hcdn.gob.ar\/proyectos\/textoCompleto.jsp?exp=0031-D-2020&tipo=DECLARACION","('0031-D-2020', 1)":null,"('0031-D-2020', 2)":null},"Palabra Clave":{"('0031-D-2020', 0)":" ","('0031-D-2020', 1)":null,"('0031-D-2020', 2)":null}}