{"Tipo de Proyecto":{"('0031-S-2020', 0)":"PROYECTO DE DECLARACI\u00d3N"},"Iniciado en: ":{"('0031-S-2020', 0)":"Senado"},"Expediente Senado: ":{"('0031-S-2020', 0)":"0031-S-2020"},"Publicado en: ":{"('0031-S-2020', 0)":"Diario de Asuntos Entrados N\u00b0 2"},"Fecha: ":{"('0031-S-2020', 0)":"02\/03\/2020"},"T\u00edtulo":{"('0031-S-2020', 0)":"EXPRESAR BENEPLACITO POR LA PARTICIPACION DE LA PROVINCIA DE SANTIAGO DEL ESTERO EN EL 60 FESTIVAL NACIONAL DE COSQUIN 2020."},"('Firmantes', 'FIRMANTE')":{"('0031-S-2020', 0)":"MONTENEGRO, GERARDO ANTENOR"},"('Firmantes', 'DISTRITO')":{"('0031-S-2020', 0)":"SANTIAGO DEL ESTERO"},"('Firmantes', 'BLOQUE')":{"('0031-S-2020', 0)":"FRENTE DE TODOS"},"Link":{"('0031-S-2020', 0)":"http:\/\/www.senado.gov.ar\/parlamentario\/comisiones\/verExp\/31.20\/S\/PD"},"Palabra Clave":{"('0031-S-2020', 0)":" "}}