{"Tipo de Proyecto":{"('0032-JGM-2020', 0)":"MENSAJE NRO: 0029\/20","('0032-JGM-2020', 1)":null},"Iniciado en: ":{"('0032-JGM-2020', 0)":"Diputados","('0032-JGM-2020', 1)":null},"Expediente Diputados: ":{"('0032-JGM-2020', 0)":"0032-JGM-2020","('0032-JGM-2020', 1)":null},"Publicado en: ":{"('0032-JGM-2020', 0)":"Tr\u00e1mite Parlamentario N\u00b0 21","('0032-JGM-2020', 1)":null},"Fecha: ":{"('0032-JGM-2020', 0)":"08\/04\/2020","('0032-JGM-2020', 1)":null},"T\u00edtulo":{"('0032-JGM-2020', 0)":"COMUNICACION DEL DICTADO DEL DECRETO DE NECESIDAD Y URGENCIA N\u00b0 312 DEL 24 DE MARZO DE 2020 POR EL QUE SE SUSPENDE HASTA EL 30 DE ABRIL DE 2020 INCLUSIVE, LA OBLIGACION DE PROCEDER AL CIERRE DE CUENTAS BANCARIAS Y LA INHABILITACION ESTABLECIDAS EN EL ARTICULO 1\u00b0 DE LA LEY N\u00b0 25730, COMO ASI TAMBIEN LA APLICACION DE LAS MULTAS PREVISTAS EN DICHA NORMA Y LA OBLIGACION ESTABLECIDA EN EL ARTICULO 12 DE LA LEY 14449 SOBRE DOCUMENTACION REQUERIDA A EMPLEADORES PARA EL OTORGAMIENTO DE CREDITOS.","('0032-JGM-2020', 1)":null},"('Firmantes', 'FIRMANTE')":{"('0032-JGM-2020', 0)":"CAFIERO, SANTIAGO ANDRES","('0032-JGM-2020', 1)":"GUZMAN, MARTIN MAXIMILIANO"},"('Firmantes', 'DISTRITO')":{"('0032-JGM-2020', 0)":null,"('0032-JGM-2020', 1)":null},"('Firmantes', 'BLOQUE')":{"('0032-JGM-2020', 0)":"PODER EJECUTIVO","('0032-JGM-2020', 1)":"PODER EJECUTIVO"},"('Giros', 'COMISI\u00d3N')":{"('0032-JGM-2020', 0)":"BICAMERAL PERMANENTE DE TRAMITE LEGISLATIVO - LEY 26122","('0032-JGM-2020', 1)":null},"('Tramites', 'C\u00c1MARA')":{"('0032-JGM-2020', 0)":"Diputados","('0032-JGM-2020', 1)":null},"('Tramites', 'MOVIMIENTO')":{"('0032-JGM-2020', 0)":"VER TRAMITE DEL DECRETO EN SENADO EN EXPEDIENTE 0807-S-2020","('0032-JGM-2020', 1)":null},"('Tramites', 'FECHA')":{"('0032-JGM-2020', 0)":null,"('0032-JGM-2020', 1)":null},"('Tramites', 'RESULTADO')":{"('0032-JGM-2020', 0)":null,"('0032-JGM-2020', 1)":null},"Palabra Clave":{"('0032-JGM-2020', 0)":" ","('0032-JGM-2020', 1)":null}}