{"Tipo de Proyecto":{"('0033-S-2020', 0)":"PROYECTO DE DECLARACI\u00d3N"},"Iniciado en: ":{"('0033-S-2020', 0)":"Senado"},"Expediente Senado: ":{"('0033-S-2020', 0)":"0033-S-2020"},"Publicado en: ":{"('0033-S-2020', 0)":"Diario de Asuntos Entrados N\u00b0 2"},"Fecha: ":{"('0033-S-2020', 0)":"02\/03\/2020"},"T\u00edtulo":{"('0033-S-2020', 0)":"ADHERIR A LA CONMEMORACION DEL \"DIA DE LA ANTARTIDA ARGENTINA\", EL 22 DE FEBRERO DE CADA A\u00d1O."},"('Firmantes', 'FIRMANTE')":{"('0033-S-2020', 0)":"MARTINEZ, ERNESTO FELIX"},"('Firmantes', 'DISTRITO')":{"('0033-S-2020', 0)":"LA RIOJA"},"('Firmantes', 'BLOQUE')":{"('0033-S-2020', 0)":"UCR"},"Link":{"('0033-S-2020', 0)":"http:\/\/www.senado.gov.ar\/parlamentario\/comisiones\/verExp\/33.20\/S\/PD"},"Palabra Clave":{"('0033-S-2020', 0)":" "}}