{"Tipo de Proyecto":{"('0034-JGM-2020', 0)":"MENSAJE NRO \/ A\u00d1O"},"Iniciado en: ":{"('0034-JGM-2020', 0)":"Diputados"},"Expediente Diputados: ":{"('0034-JGM-2020', 0)":"0034-JGM-2020"},"Publicado en: ":{"('0034-JGM-2020', 0)":"Tr\u00e1mite Parlamentario N\u00b0 22"},"Fecha: ":{"('0034-JGM-2020', 0)":"13\/04\/2020"},"T\u00edtulo":{"('0034-JGM-2020', 0)":"REMITE COPIA DE LA DECISION ADMINISTRATIVA N\u00b0 458 DEL 4 DE ABRIL DE 2020 POR EL CUAL SE MODIFICA EL PRESUPUESTO GENERAL DE LA ADMINISTRACION NACIONAL PARA EL EJERCICIO 2020. "},"('Firmantes', 'FIRMANTE')":{"('0034-JGM-2020', 0)":"CAFIERO, SANTIAGO ANDRES"},"('Firmantes', 'DISTRITO')":{"('0034-JGM-2020', 0)":null},"('Firmantes', 'BLOQUE')":{"('0034-JGM-2020', 0)":"PODER EJECUTIVO"},"('Giros', 'COMISI\u00d3N')":{"('0034-JGM-2020', 0)":"PRESUPUESTO Y HACIENDA"},"Palabra Clave":{"('0034-JGM-2020', 0)":" "}}