{"Tipo de Proyecto":{"('0035-JGM-2020', 0)":"MENSAJE NRO: 0031\/20"},"Iniciado en: ":{"('0035-JGM-2020', 0)":"Diputados"},"Expediente Diputados: ":{"('0035-JGM-2020', 0)":"0035-JGM-2020"},"Publicado en: ":{"('0035-JGM-2020', 0)":"Tr\u00e1mite Parlamentario N\u00b0 28"},"Fecha: ":{"('0035-JGM-2020', 0)":"21\/04\/2020"},"T\u00edtulo":{"('0035-JGM-2020', 0)":"COMUNICACION DEL DICTADO DEL DECRETO DE NECESIDAD Y URGENCIA N\u00b0 355 DEL 11 DE ABRIL DEL 2020, POR EL CUAL SE PRORROGA LA VIGENCIA DEL DECRETO N\u00b0 297\/20, PRORROGADO A SU VEZ POR EL DECRETO N\u00b0 325\/20 SOBRE AISLAMIENTO SOCIAL PREVENTIVO Y OBLIGATORIO - ASPO - HASTA EL DIA 26 DE ABRIL DE 2020 INCLUSIVE. "},"('Firmantes', 'FIRMANTE')":{"('0035-JGM-2020', 0)":"CAFIERO, SANTIAGO ANDRES"},"('Firmantes', 'DISTRITO')":{"('0035-JGM-2020', 0)":null},"('Firmantes', 'BLOQUE')":{"('0035-JGM-2020', 0)":"PODER EJECUTIVO"},"('Giros', 'COMISI\u00d3N')":{"('0035-JGM-2020', 0)":"BICAMERAL PERMANENTE DE TRAMITE LEGISLATIVO - LEY 26122"},"('Tramites', 'C\u00c1MARA')":{"('0035-JGM-2020', 0)":"Diputados"},"('Tramites', 'MOVIMIENTO')":{"('0035-JGM-2020', 0)":"VER TRAMITE DEL DECRETO EN SENADO EN EXPEDIENTE 0818-S-2020"},"('Tramites', 'FECHA')":{"('0035-JGM-2020', 0)":null},"('Tramites', 'RESULTADO')":{"('0035-JGM-2020', 0)":null},"Palabra Clave":{"('0035-JGM-2020', 0)":" "}}