{"Tipo de Proyecto":{"('0035-D-2020', 0)":"PROYECTO DE LEY","('0035-D-2020', 1)":null},"Iniciado en: ":{"('0035-D-2020', 0)":"Diputados","('0035-D-2020', 1)":null},"Expediente Diputados: ":{"('0035-D-2020', 0)":"0035-D-2020","('0035-D-2020', 1)":null},"Publicado en: ":{"('0035-D-2020', 0)":"Tr\u00e1mite Parlamentario N\u00b0 1","('0035-D-2020', 1)":null},"Fecha: ":{"('0035-D-2020', 0)":"02\/03\/2020","('0035-D-2020', 1)":null},"T\u00edtulo":{"('0035-D-2020', 0)":"NACIONAL DE TRANSITO - LEY 24449 -. MODIFICACION DE LOS ARTICULOS 5\u00b0, 40 Y 48, SOBRE ELEMENTOS Y MEDIDAS DE SEGURIDAD.","('0035-D-2020', 1)":null},"('Firmantes', 'FIRMANTE')":{"('0035-D-2020', 0)":"SAPAG, ALMA LILIANA","('0035-D-2020', 1)":null},"('Firmantes', 'DISTRITO')":{"('0035-D-2020', 0)":"NEUQUEN","('0035-D-2020', 1)":null},"('Firmantes', 'BLOQUE')":{"('0035-D-2020', 0)":"MOV POP NEUQUINO","('0035-D-2020', 1)":null},"('Giros', 'COMISI\u00d3N')":{"('0035-D-2020', 0)":"TRANSPORTES","('0035-D-2020', 1)":"SEGURIDAD INTERIOR"},"Sumario":{"('0035-D-2020', 0)":"INCORPORACION DEL INCISO 1) AL ARTICULO 5; MODIFICACION DEL INCISO F) AL ARTICULO 40; MODIFICACION DEL INCISO R) AL ARTICULO 48.","('0035-D-2020', 1)":null},"Palabra Clave":{"('0035-D-2020', 0)":" ","('0035-D-2020', 1)":null}}