{"Tipo de Proyecto":{"('0035-S-2020', 0)":"PROYECTO DE LEY","('0035-S-2020', 1)":null,"('0035-S-2020', 2)":null},"Iniciado en: ":{"('0035-S-2020', 0)":"Senado","('0035-S-2020', 1)":null,"('0035-S-2020', 2)":null},"Expediente Senado: ":{"('0035-S-2020', 0)":"0035-S-2020","('0035-S-2020', 1)":null,"('0035-S-2020', 2)":null},"Publicado en: ":{"('0035-S-2020', 0)":"Diario de Asuntos Entrados N\u00b0 2","('0035-S-2020', 1)":null,"('0035-S-2020', 2)":null},"Fecha: ":{"('0035-S-2020', 0)":"02\/03\/2020","('0035-S-2020', 1)":null,"('0035-S-2020', 2)":null},"T\u00edtulo":{"('0035-S-2020', 0)":"CREACION DE UN JUZGADO FEDERAL DE PRIMERA INSTANCIA CON ASIENTO EN LA CIUDAD DE CHILECITO PROVINCIA DE LA RIOJA.","('0035-S-2020', 1)":null,"('0035-S-2020', 2)":null},"('Firmantes', 'FIRMANTE')":{"('0035-S-2020', 0)":"MARTINEZ, ERNESTO FELIX","('0035-S-2020', 1)":"VEGA, MARIA CLARA DEL VALLE","('0035-S-2020', 2)":"MENEM, CARLOS SAUL"},"('Firmantes', 'DISTRITO')":{"('0035-S-2020', 0)":"LA RIOJA","('0035-S-2020', 1)":"LA RIOJA","('0035-S-2020', 2)":"LA RIOJA"},"('Firmantes', 'BLOQUE')":{"('0035-S-2020', 0)":"UCR","('0035-S-2020', 1)":"MEDIAR ARGENTINA","('0035-S-2020', 2)":"FRENTE DE TODOS"},"Link":{"('0035-S-2020', 0)":"http:\/\/www.senado.gov.ar\/parlamentario\/comisiones\/verExp\/35.20\/S\/PL","('0035-S-2020', 1)":null,"('0035-S-2020', 2)":null},"Palabra Clave":{"('0035-S-2020', 0)":" ","('0035-S-2020', 1)":null,"('0035-S-2020', 2)":null}}