{"Tipo de Proyecto":{"('0036-D-2020', 0)":"PROYECTO DE LEY","('0036-D-2020', 1)":null,"('0036-D-2020', 2)":null},"Iniciado en: ":{"('0036-D-2020', 0)":"Diputados","('0036-D-2020', 1)":null,"('0036-D-2020', 2)":null},"Expediente Diputados: ":{"('0036-D-2020', 0)":"0036-D-2020","('0036-D-2020', 1)":null,"('0036-D-2020', 2)":null},"Publicado en: ":{"('0036-D-2020', 0)":"Tr\u00e1mite Parlamentario N\u00b0 1","('0036-D-2020', 1)":null,"('0036-D-2020', 2)":null},"Fecha: ":{"('0036-D-2020', 0)":"02\/03\/2020","('0036-D-2020', 1)":null,"('0036-D-2020', 2)":null},"T\u00edtulo":{"('0036-D-2020', 0)":"ESTABLECESE CON CARACTER DE \"FIESTA NACIONAL DEL VERANADOR\" A LA FESTIVIDAD QUE SE REALIZA ANUALMENTE EN EL MES DE MARZO EN LA LOCALIDAD DE ANDACOLLO, PROVINCIA DEL NEUQUEN. ","('0036-D-2020', 1)":null,"('0036-D-2020', 2)":null},"('Firmantes', 'FIRMANTE')":{"('0036-D-2020', 0)":"SAPAG, ALMA LILIANA","('0036-D-2020', 1)":null,"('0036-D-2020', 2)":null},"('Firmantes', 'DISTRITO')":{"('0036-D-2020', 0)":"NEUQUEN","('0036-D-2020', 1)":null,"('0036-D-2020', 2)":null},"('Firmantes', 'BLOQUE')":{"('0036-D-2020', 0)":"MOV POP NEUQUINO","('0036-D-2020', 1)":null,"('0036-D-2020', 2)":null},"('Giros', 'COMISI\u00d3N')":{"('0036-D-2020', 0)":"CULTURA","('0036-D-2020', 1)":"TURISMO","('0036-D-2020', 2)":"LEGISLACION GENERAL"},"Link":{"('0036-D-2020', 0)":"https:\/\/www.hcdn.gob.ar\/proyectos\/textoCompleto.jsp?exp=0036-D-2020&tipo=LEY","('0036-D-2020', 1)":null,"('0036-D-2020', 2)":null},"Palabra Clave":{"('0036-D-2020', 0)":" ","('0036-D-2020', 1)":null,"('0036-D-2020', 2)":null}}