{"Tipo de Proyecto":{"('0037-JGM-2020', 0)":"MENSAJE NRO: 0033\/20"},"Iniciado en: ":{"('0037-JGM-2020', 0)":"Diputados"},"Expediente Diputados: ":{"('0037-JGM-2020', 0)":"0037-JGM-2020"},"Publicado en: ":{"('0037-JGM-2020', 0)":"Tr\u00e1mite Parlamentario N\u00b0 29"},"Fecha: ":{"('0037-JGM-2020', 0)":"22\/04\/2020"},"T\u00edtulo":{"('0037-JGM-2020', 0)":"COMUNICACION DEL DICTADO DEL DECRETO DE NECESIDAD Y URGENCIA N\u00b0 376 DEL 19 DE ABRIL DEL 2020 SOBRE LA AMPLIACION DEL  DECRETO N\u00b0 332\/20 - PROGRAMA DE ASISTENCIA DE EMERGENCIA AL TRABAJO Y LA PRODUCCION."},"('Firmantes', 'FIRMANTE')":{"('0037-JGM-2020', 0)":"CAFIERO, SANTIAGO ANDRES"},"('Firmantes', 'DISTRITO')":{"('0037-JGM-2020', 0)":null},"('Firmantes', 'BLOQUE')":{"('0037-JGM-2020', 0)":"PODER EJECUTIVO"},"('Giros', 'COMISI\u00d3N')":{"('0037-JGM-2020', 0)":"BICAMERAL PERMANENTE DE TRAMITE LEGISLATIVO - LEY 26122"},"('Tramites', 'C\u00c1MARA')":{"('0037-JGM-2020', 0)":"Diputados"},"('Tramites', 'MOVIMIENTO')":{"('0037-JGM-2020', 0)":"VER TRAMITE DEL DECRETO EN SENADO EN EXPEDIENTE 0821-S-2020"},"('Tramites', 'FECHA')":{"('0037-JGM-2020', 0)":null},"('Tramites', 'RESULTADO')":{"('0037-JGM-2020', 0)":null},"Palabra Clave":{"('0037-JGM-2020', 0)":" "}}