{"Tipo de Proyecto":{"('0037-S-2020', 0)":"PROYECTO DE DECLARACI\u00d3N"},"Iniciado en: ":{"('0037-S-2020', 0)":"Senado"},"Expediente Senado: ":{"('0037-S-2020', 0)":"0037-S-2020"},"Publicado en: ":{"('0037-S-2020', 0)":"Diario de Asuntos Entrados N\u00b0 2"},"Fecha: ":{"('0037-S-2020', 0)":"02\/03\/2020"},"T\u00edtulo":{"('0037-S-2020', 0)":"EXPRESAR BENEPLACITO POR LA CELEBRACION DEL ANIVERSARIO DE LA INAUGURACION DEL CENTRO CIVICO DE LA CIUDAD DE BARILOCHE PROVINCIA DE RIO NEGRO EL 17 DE MARZO DE 2020."},"('Firmantes', 'FIRMANTE')":{"('0037-S-2020', 0)":"GARCIA LARRABURU, SILVINA MARCELA"},"('Firmantes', 'DISTRITO')":{"('0037-S-2020', 0)":"RIO NEGRO"},"('Firmantes', 'BLOQUE')":{"('0037-S-2020', 0)":"FRENTE DE TODOS"},"Link":{"('0037-S-2020', 0)":"http:\/\/www.senado.gov.ar\/parlamentario\/comisiones\/verExp\/37.20\/S\/PD"},"Palabra Clave":{"('0037-S-2020', 0)":" "}}