{"Tipo de Proyecto":{"('0038-S-2020', 0)":"PROYECTO DE LEY","('0038-S-2020', 1)":null,"('0038-S-2020', 2)":null},"Iniciado en: ":{"('0038-S-2020', 0)":"Senado","('0038-S-2020', 1)":null,"('0038-S-2020', 2)":null},"Expediente Senado: ":{"('0038-S-2020', 0)":"0038-S-2020","('0038-S-2020', 1)":null,"('0038-S-2020', 2)":null},"Publicado en: ":{"('0038-S-2020', 0)":"Diario de Asuntos Entrados N\u00b0 2","('0038-S-2020', 1)":null,"('0038-S-2020', 2)":null},"Fecha: ":{"('0038-S-2020', 0)":"02\/03\/2020","('0038-S-2020', 1)":null,"('0038-S-2020', 2)":null},"T\u00edtulo":{"('0038-S-2020', 0)":"PROHIBIR LA VENTA LIBRE DE LOS SUPLEMENTOS DIETARIOS ENMARCADOS EN EL ARTICULO 1381, CAPITULO XVII DEL CODIGO ALIMENTARIO ARGENTINO.","('0038-S-2020', 1)":null,"('0038-S-2020', 2)":null},"('Firmantes', 'FIRMANTE')":{"('0038-S-2020', 0)":"LEDESMA ABDALA DE ZAMORA, CLAUDIA","('0038-S-2020', 1)":"NEDER, JOSE EMILIO","('0038-S-2020', 2)":"MONTENEGRO, GERARDO ANTENOR"},"('Firmantes', 'DISTRITO')":{"('0038-S-2020', 0)":"SANTIAGO DEL ESTERO","('0038-S-2020', 1)":"SANTIAGO DEL ESTERO","('0038-S-2020', 2)":"SANTIAGO DEL ESTERO"},"('Firmantes', 'BLOQUE')":{"('0038-S-2020', 0)":"FRENTE DE TODOS","('0038-S-2020', 1)":"FRENTE DE TODOS","('0038-S-2020', 2)":"FRENTE DE TODOS"},"Link":{"('0038-S-2020', 0)":"http:\/\/www.senado.gov.ar\/parlamentario\/comisiones\/verExp\/38.20\/S\/PL","('0038-S-2020', 1)":null,"('0038-S-2020', 2)":null},"Palabra Clave":{"('0038-S-2020', 0)":" ","('0038-S-2020', 1)":null,"('0038-S-2020', 2)":null}}