{"Tipo de Proyecto":{"('0039-S-2020', 0)":"PROYECTO DE LEY","('0039-S-2020', 1)":null,"('0039-S-2020', 2)":null},"Iniciado en: ":{"('0039-S-2020', 0)":"Senado","('0039-S-2020', 1)":null,"('0039-S-2020', 2)":null},"Expediente Senado: ":{"('0039-S-2020', 0)":"0039-S-2020","('0039-S-2020', 1)":null,"('0039-S-2020', 2)":null},"Publicado en: ":{"('0039-S-2020', 0)":"Diario de Asuntos Entrados N\u00b0 2","('0039-S-2020', 1)":null,"('0039-S-2020', 2)":null},"Fecha: ":{"('0039-S-2020', 0)":"02\/03\/2020","('0039-S-2020', 1)":null,"('0039-S-2020', 2)":null},"T\u00edtulo":{"('0039-S-2020', 0)":"CREACION DEL REGISTRO NACIONAL DE BANCOS DE LECHE MATERNA HUMANA.","('0039-S-2020', 1)":null,"('0039-S-2020', 2)":null},"('Firmantes', 'FIRMANTE')":{"('0039-S-2020', 0)":"LEDESMA ABDALA DE ZAMORA, CLAUDIA","('0039-S-2020', 1)":"NEDER, JOSE EMILIO","('0039-S-2020', 2)":"MONTENEGRO, GERARDO ANTENOR"},"('Firmantes', 'DISTRITO')":{"('0039-S-2020', 0)":"SANTIAGO DEL ESTERO","('0039-S-2020', 1)":"SANTIAGO DEL ESTERO","('0039-S-2020', 2)":"SANTIAGO DEL ESTERO"},"('Firmantes', 'BLOQUE')":{"('0039-S-2020', 0)":"FRENTE DE TODOS","('0039-S-2020', 1)":"FRENTE DE TODOS","('0039-S-2020', 2)":"FRENTE DE TODOS"},"Link":{"('0039-S-2020', 0)":"http:\/\/www.senado.gov.ar\/parlamentario\/comisiones\/verExp\/39.20\/S\/PL","('0039-S-2020', 1)":null,"('0039-S-2020', 2)":null},"Palabra Clave":{"('0039-S-2020', 0)":" ","('0039-S-2020', 1)":null,"('0039-S-2020', 2)":null}}