{"Tipo de Proyecto":{"('0039-JGM-2020', 0)":"MENSAJE NRO: 0034\/20","('0039-JGM-2020', 1)":null},"Iniciado en: ":{"('0039-JGM-2020', 0)":"Diputados","('0039-JGM-2020', 1)":null},"Expediente Diputados: ":{"('0039-JGM-2020', 0)":"0039-JGM-2020","('0039-JGM-2020', 1)":null},"Publicado en: ":{"('0039-JGM-2020', 0)":"Tr\u00e1mite Parlamentario N\u00b0 36","('0039-JGM-2020', 1)":null},"Fecha: ":{"('0039-JGM-2020', 0)":"04\/05\/2020","('0039-JGM-2020', 1)":null},"T\u00edtulo":{"('0039-JGM-2020', 0)":"COMUNICACION DE LOS DECRETOS DE FACULTADES DELEGADAS 391 DEL 21 DE ABRIL DE 2020 Y 404 DEL 23 DE ABRIL DE 2020, SOBRE REESTRUCTURACION DE TITULOS PUBLICOS DE LA REPUBLICA ARGENTINA EMITIDOS BAJO LEY EXTRANJERA Y SU RECTIFICACION, RESPECTIVAMENTE","('0039-JGM-2020', 1)":null},"('Firmantes', 'FIRMANTE')":{"('0039-JGM-2020', 0)":"CAFIERO, SANTIAGO ANDRES","('0039-JGM-2020', 1)":"GUZMAN, MARTIN MAXIMILIANO"},"('Firmantes', 'DISTRITO')":{"('0039-JGM-2020', 0)":null,"('0039-JGM-2020', 1)":null},"('Firmantes', 'BLOQUE')":{"('0039-JGM-2020', 0)":"PODER EJECUTIVO","('0039-JGM-2020', 1)":"PODER EJECUTIVO"},"('Giros', 'COMISI\u00d3N')":{"('0039-JGM-2020', 0)":"BICAMERAL PERMANENTE DE TRAMITE LEGISLATIVO - LEY 26122","('0039-JGM-2020', 1)":null},"('Tramites', 'C\u00c1MARA')":{"('0039-JGM-2020', 0)":"Diputados","('0039-JGM-2020', 1)":null},"('Tramites', 'MOVIMIENTO')":{"('0039-JGM-2020', 0)":"VER TRAMITE DEL DECRETO EN SENADO EN EXPEDIENTE 1034-S-2020","('0039-JGM-2020', 1)":null},"('Tramites', 'FECHA')":{"('0039-JGM-2020', 0)":null,"('0039-JGM-2020', 1)":null},"('Tramites', 'RESULTADO')":{"('0039-JGM-2020', 0)":null,"('0039-JGM-2020', 1)":null},"Palabra Clave":{"('0039-JGM-2020', 0)":" ","('0039-JGM-2020', 1)":null}}