{"Tipo de Proyecto":{"('0040-S-2020', 0)":"PROYECTO DE LEY","('0040-S-2020', 1)":null,"('0040-S-2020', 2)":null},"Iniciado en: ":{"('0040-S-2020', 0)":"Senado","('0040-S-2020', 1)":null,"('0040-S-2020', 2)":null},"Expediente Senado: ":{"('0040-S-2020', 0)":"0040-S-2020","('0040-S-2020', 1)":null,"('0040-S-2020', 2)":null},"Publicado en: ":{"('0040-S-2020', 0)":"Diario de Asuntos Entrados N\u00b0 2","('0040-S-2020', 1)":null,"('0040-S-2020', 2)":null},"Fecha: ":{"('0040-S-2020', 0)":"02\/03\/2020","('0040-S-2020', 1)":null,"('0040-S-2020', 2)":null},"T\u00edtulo":{"('0040-S-2020', 0)":"INSTITUIR EL 17 DE NOVIEMBRE DE CADA A\u00d1O COMO \"DIA NACIONAL DEL PREMATURO\".","('0040-S-2020', 1)":null,"('0040-S-2020', 2)":null},"('Firmantes', 'FIRMANTE')":{"('0040-S-2020', 0)":"LEDESMA ABDALA DE ZAMORA, CLAUDIA","('0040-S-2020', 1)":"NEDER, JOSE EMILIO","('0040-S-2020', 2)":"MONTENEGRO, GERARDO ANTENOR"},"('Firmantes', 'DISTRITO')":{"('0040-S-2020', 0)":"SANTIAGO DEL ESTERO","('0040-S-2020', 1)":"SANTIAGO DEL ESTERO","('0040-S-2020', 2)":"SANTIAGO DEL ESTERO"},"('Firmantes', 'BLOQUE')":{"('0040-S-2020', 0)":"FRENTE DE TODOS","('0040-S-2020', 1)":"FRENTE DE TODOS","('0040-S-2020', 2)":"FRENTE DE TODOS"},"Link":{"('0040-S-2020', 0)":"http:\/\/www.senado.gov.ar\/parlamentario\/comisiones\/verExp\/40.20\/S\/PL","('0040-S-2020', 1)":null,"('0040-S-2020', 2)":null},"Palabra Clave":{"('0040-S-2020', 0)":" ","('0040-S-2020', 1)":null,"('0040-S-2020', 2)":null}}