{"Tipo de Proyecto":{"('0040-JGM-2020', 0)":"MENSAJE NRO: 0035\/20"},"Iniciado en: ":{"('0040-JGM-2020', 0)":"Diputados"},"Expediente Diputados: ":{"('0040-JGM-2020', 0)":"0040-JGM-2020"},"Publicado en: ":{"('0040-JGM-2020', 0)":"Tr\u00e1mite Parlamentario N\u00b0 38"},"Fecha: ":{"('0040-JGM-2020', 0)":"06\/05\/2020"},"T\u00edtulo":{"('0040-JGM-2020', 0)":"COMUNICACION DEL DICTADO DEL DECRETO DE NECESIDAD Y URGENCIA N\u00b0 409 DEL 26 DE ABRIL DEL 2020 POR EL CUAL SE PRORROGA EL CIERRE DE FRONTERAS HASTA EL DIA 10 DE MAYO DE 2020 INCLUSIVE."},"('Firmantes', 'FIRMANTE')":{"('0040-JGM-2020', 0)":"CAFIERO, SANTIAGO ANDRES"},"('Firmantes', 'DISTRITO')":{"('0040-JGM-2020', 0)":null},"('Firmantes', 'BLOQUE')":{"('0040-JGM-2020', 0)":"PODER EJECUTIVO"},"('Giros', 'COMISI\u00d3N')":{"('0040-JGM-2020', 0)":"BICAMERAL PERMANENTE DE TRAMITE LEGISLATIVO - LEY 26122"},"('Tramites', 'C\u00c1MARA')":{"('0040-JGM-2020', 0)":"Diputados"},"('Tramites', 'MOVIMIENTO')":{"('0040-JGM-2020', 0)":"VER TRAMITE DEL DECRETO EN SENADO EN EXPEDIENTE 0972-S-2020"},"('Tramites', 'FECHA')":{"('0040-JGM-2020', 0)":null},"('Tramites', 'RESULTADO')":{"('0040-JGM-2020', 0)":null},"Palabra Clave":{"('0040-JGM-2020', 0)":" "}}