{"Tipo de Proyecto":{"('0040-D-2020', 0)":"PROYECTO DE LEY","('0040-D-2020', 1)":null},"Iniciado en: ":{"('0040-D-2020', 0)":"Diputados","('0040-D-2020', 1)":null},"Expediente Diputados: ":{"('0040-D-2020', 0)":"0040-D-2020","('0040-D-2020', 1)":null},"Publicado en: ":{"('0040-D-2020', 0)":"Tr\u00e1mite Parlamentario N\u00b0 1","('0040-D-2020', 1)":null},"Fecha: ":{"('0040-D-2020', 0)":"02\/03\/2020","('0040-D-2020', 1)":null},"T\u00edtulo":{"('0040-D-2020', 0)":"DESPERSONALIZACION DE LA PUBLICIDAD GUBERNAMENTAL.  ","('0040-D-2020', 1)":null},"('Firmantes', 'FIRMANTE')":{"('0040-D-2020', 0)":"SAPAG, ALMA LILIANA","('0040-D-2020', 1)":null},"('Firmantes', 'DISTRITO')":{"('0040-D-2020', 0)":"NEUQUEN","('0040-D-2020', 1)":null},"('Firmantes', 'BLOQUE')":{"('0040-D-2020', 0)":"MOV POP NEUQUINO","('0040-D-2020', 1)":null},"('Giros', 'COMISI\u00d3N')":{"('0040-D-2020', 0)":"COMUNICACIONES E INFORMATICA","('0040-D-2020', 1)":"LEGISLACION GENERAL"},"Sumario":{"('0040-D-2020', 0)":"PROHIBICION DE LA COLOCACION DE NOMBRES, SIMBOLOS, AUDIOS O IMAGENES QUE SUPONGAN LA PROMOCION PERSONAL DE AUTORIDADES O FUNCIONARIOS PUBLICOS O IDENTIFIQUEN LA GESTION; INVITACION A ADHERIR.","('0040-D-2020', 1)":null},"Palabra Clave":{"('0040-D-2020', 0)":" ","('0040-D-2020', 1)":null}}