{"Tipo de Proyecto":{"('0041-D-2020', 0)":"PROYECTO DE LEY","('0041-D-2020', 1)":null},"Iniciado en: ":{"('0041-D-2020', 0)":"Diputados","('0041-D-2020', 1)":null},"Expediente Diputados: ":{"('0041-D-2020', 0)":"0041-D-2020","('0041-D-2020', 1)":null},"Publicado en: ":{"('0041-D-2020', 0)":"Tr\u00e1mite Parlamentario N\u00b0 1","('0041-D-2020', 1)":null},"Fecha: ":{"('0041-D-2020', 0)":"02\/03\/2020","('0041-D-2020', 1)":null},"T\u00edtulo":{"('0041-D-2020', 0)":"DECLARESE DE INTERES NACIONAL LA REALIZACION INTEGRAL DE LOS APROVECHAMIENTOS MULTIPROPOSITOS DE LA INVERNADA, CERRO RAYOSO, CHIHUIDO II Y DEL PROYECTO CHIHUIDO I, UBICADOS EN LA PROVINCIA DEL NEUQUEN. ","('0041-D-2020', 1)":null},"('Firmantes', 'FIRMANTE')":{"('0041-D-2020', 0)":"SAPAG, ALMA LILIANA","('0041-D-2020', 1)":null},"('Firmantes', 'DISTRITO')":{"('0041-D-2020', 0)":"NEUQUEN","('0041-D-2020', 1)":null},"('Firmantes', 'BLOQUE')":{"('0041-D-2020', 0)":"MOV POP NEUQUINO","('0041-D-2020', 1)":null},"('Giros', 'COMISI\u00d3N')":{"('0041-D-2020', 0)":"ENERGIA Y COMBUSTIBLES","('0041-D-2020', 1)":"PRESUPUESTO Y HACIENDA"},"Link":{"('0041-D-2020', 0)":"https:\/\/www.hcdn.gob.ar\/proyectos\/textoCompleto.jsp?exp=0041-D-2020&tipo=LEY","('0041-D-2020', 1)":null},"Palabra Clave":{"('0041-D-2020', 0)":" ","('0041-D-2020', 1)":null}}