{"Tipo de Proyecto":{"('0042-D-2020', 0)":"PROYECTO DE LEY","('0042-D-2020', 1)":null},"Iniciado en: ":{"('0042-D-2020', 0)":"Diputados","('0042-D-2020', 1)":null},"Expediente Diputados: ":{"('0042-D-2020', 0)":"0042-D-2020","('0042-D-2020', 1)":null},"Publicado en: ":{"('0042-D-2020', 0)":"Tr\u00e1mite Parlamentario N\u00b0 1","('0042-D-2020', 1)":null},"Fecha: ":{"('0042-D-2020', 0)":"02\/03\/2020","('0042-D-2020', 1)":null},"T\u00edtulo":{"('0042-D-2020', 0)":"DECLARESE PATRIMONIO CULTURAL INMATERIAL DE LA NACION A LAS PRACTICAS DE LAS CANTORAS CAMPESINAS DE LOS PUEBLOS DEL NORTE DE LA PROVINCIA DEL NEUQUEN. ","('0042-D-2020', 1)":null},"('Firmantes', 'FIRMANTE')":{"('0042-D-2020', 0)":"SAPAG, ALMA LILIANA","('0042-D-2020', 1)":null},"('Firmantes', 'DISTRITO')":{"('0042-D-2020', 0)":"NEUQUEN","('0042-D-2020', 1)":null},"('Firmantes', 'BLOQUE')":{"('0042-D-2020', 0)":"MOV POP NEUQUINO","('0042-D-2020', 1)":null},"('Giros', 'COMISI\u00d3N')":{"('0042-D-2020', 0)":"CULTURA","('0042-D-2020', 1)":"PRESUPUESTO Y HACIENDA"},"Link":{"('0042-D-2020', 0)":"https:\/\/www.hcdn.gob.ar\/proyectos\/textoCompleto.jsp?exp=0042-D-2020&tipo=LEY","('0042-D-2020', 1)":null},"Palabra Clave":{"('0042-D-2020', 0)":" ","('0042-D-2020', 1)":null}}