{"Tipo de Proyecto":{"('0043-JGM-2020', 0)":"MENSAJE NRO: 0037\/20"},"Iniciado en: ":{"('0043-JGM-2020', 0)":"Diputados"},"Expediente Diputados: ":{"('0043-JGM-2020', 0)":"0043-JGM-2020"},"Publicado en: ":{"('0043-JGM-2020', 0)":"Tr\u00e1mite Parlamentario N\u00b0 39"},"Fecha: ":{"('0043-JGM-2020', 0)":"07\/05\/2020"},"T\u00edtulo":{"('0043-JGM-2020', 0)":"COMUNICACION DEL DICTADO DEL DECRETO DE NECESIDAD Y URGENCIA N\u00b0 426, DEL 26 DE ABRIL DE 2020, POR EL CUAL SE PRORROGA HASTA EL 31 DE MAYO DE 2020 LA VIGENCIA DE LA OBLIGACION ESTABLECIDA EN EL SEGUNDO PARRAFO DEL ARTICULO 2\u00b0 DEL DECRETO 311, SOBRE OBLIGACION DE LAS EMPRESAS DE TELEFONIA MOVIL O INTERNET DE MANTENER UN SERVICIO REDUCIDO PARA USUARIOS DEL SISTEMA PREPAGO AUNQUE NO HAYAN REALIZADO LA RECARGA CORRESPONDIENTE."},"('Firmantes', 'FIRMANTE')":{"('0043-JGM-2020', 0)":"CAFIERO, SANTIAGO ANDRES"},"('Firmantes', 'DISTRITO')":{"('0043-JGM-2020', 0)":null},"('Firmantes', 'BLOQUE')":{"('0043-JGM-2020', 0)":"PODER EJECUTIVO"},"('Giros', 'COMISI\u00d3N')":{"('0043-JGM-2020', 0)":"BICAMERAL PERMANENTE DE TRAMITE LEGISLATIVO - LEY 26122"},"('Tramites', 'C\u00c1MARA')":{"('0043-JGM-2020', 0)":"Diputados"},"('Tramites', 'MOVIMIENTO')":{"('0043-JGM-2020', 0)":"VER TRAMITE DEL DECRETO EN SENADO EN EXPEDIENTE 0973-S-2020"},"('Tramites', 'FECHA')":{"('0043-JGM-2020', 0)":null},"('Tramites', 'RESULTADO')":{"('0043-JGM-2020', 0)":null},"Palabra Clave":{"('0043-JGM-2020', 0)":" "}}