{"Tipo de Proyecto":{"('0043-D-2020', 0)":"PROYECTO DE RESOLUCI\u00d3N","('0043-D-2020', 1)":null,"('0043-D-2020', 2)":null,"('0043-D-2020', 3)":null,"('0043-D-2020', 4)":null,"('0043-D-2020', 5)":null,"('0043-D-2020', 6)":null},"Iniciado en: ":{"('0043-D-2020', 0)":"Diputados","('0043-D-2020', 1)":null,"('0043-D-2020', 2)":null,"('0043-D-2020', 3)":null,"('0043-D-2020', 4)":null,"('0043-D-2020', 5)":null,"('0043-D-2020', 6)":null},"Expediente Diputados: ":{"('0043-D-2020', 0)":"0043-D-2020","('0043-D-2020', 1)":null,"('0043-D-2020', 2)":null,"('0043-D-2020', 3)":null,"('0043-D-2020', 4)":null,"('0043-D-2020', 5)":null,"('0043-D-2020', 6)":null},"Publicado en: ":{"('0043-D-2020', 0)":"Tr\u00e1mite Parlamentario N\u00b0 1","('0043-D-2020', 1)":null,"('0043-D-2020', 2)":null,"('0043-D-2020', 3)":null,"('0043-D-2020', 4)":null,"('0043-D-2020', 5)":null,"('0043-D-2020', 6)":null},"Fecha: ":{"('0043-D-2020', 0)":"02\/03\/2020","('0043-D-2020', 1)":null,"('0043-D-2020', 2)":null,"('0043-D-2020', 3)":null,"('0043-D-2020', 4)":null,"('0043-D-2020', 5)":null,"('0043-D-2020', 6)":null},"T\u00edtulo":{"('0043-D-2020', 0)":"DECLARAR DE INTERES DE LA H. CAMARA EL \"1\u00b0 ENCUENTRO INTERNACIONAL DE MICOSIS ENDEMICAS DE LAS AMERICAS -IMEMA 2020\",  A REALIZARSE DEL 11 AL 13 DE JUNIO DE 2020, EN LA CIUDAD CAPITAL DE SANTIAGO DEL ESTERO.","('0043-D-2020', 1)":null,"('0043-D-2020', 2)":null,"('0043-D-2020', 3)":null,"('0043-D-2020', 4)":null,"('0043-D-2020', 5)":null,"('0043-D-2020', 6)":null},"('Firmantes', 'FIRMANTE')":{"('0043-D-2020', 0)":"NEDER, ESTELA MARY","('0043-D-2020', 1)":"MONTOTO, MARIA LUISA","('0043-D-2020', 2)":"ABDALA DE MATARAZZO, NORMA AMANDA","('0043-D-2020', 3)":"BRUE, DANIEL AGUSTIN","('0043-D-2020', 4)":"DAIVES, RICARDO DANIEL","('0043-D-2020', 5)":"HERRERA, BERNARDO JOSE","('0043-D-2020', 6)":"NAVARRO, GRACIELA"},"('Firmantes', 'DISTRITO')":{"('0043-D-2020', 0)":"SANTIAGO DEL ESTERO","('0043-D-2020', 1)":"SANTIAGO DEL ESTERO","('0043-D-2020', 2)":"SANTIAGO DEL ESTERO","('0043-D-2020', 3)":"SANTIAGO DEL ESTERO","('0043-D-2020', 4)":"SANTIAGO DEL ESTERO","('0043-D-2020', 5)":"SANTIAGO DEL ESTERO","('0043-D-2020', 6)":"SANTIAGO DEL ESTERO"},"('Firmantes', 'BLOQUE')":{"('0043-D-2020', 0)":"FRENTE DE TODOS","('0043-D-2020', 1)":"FRENTE DE TODOS","('0043-D-2020', 2)":"FRENTE DE TODOS","('0043-D-2020', 3)":"FRENTE DE TODOS","('0043-D-2020', 4)":"FRENTE DE TODOS","('0043-D-2020', 5)":"FRENTE DE TODOS","('0043-D-2020', 6)":"FRENTE DE TODOS"},"('Giros', 'COMISI\u00d3N')":{"('0043-D-2020', 0)":"ACCION SOCIAL Y SALUD PUBLICA","('0043-D-2020', 1)":null,"('0043-D-2020', 2)":null,"('0043-D-2020', 3)":null,"('0043-D-2020', 4)":null,"('0043-D-2020', 5)":null,"('0043-D-2020', 6)":null},"Link":{"('0043-D-2020', 0)":"https:\/\/www.hcdn.gob.ar\/proyectos\/textoCompleto.jsp?exp=0043-D-2020&tipo=RESOLUCION","('0043-D-2020', 1)":null,"('0043-D-2020', 2)":null,"('0043-D-2020', 3)":null,"('0043-D-2020', 4)":null,"('0043-D-2020', 5)":null,"('0043-D-2020', 6)":null},"Palabra Clave":{"('0043-D-2020', 0)":" ","('0043-D-2020', 1)":null,"('0043-D-2020', 2)":null,"('0043-D-2020', 3)":null,"('0043-D-2020', 4)":null,"('0043-D-2020', 5)":null,"('0043-D-2020', 6)":null}}