{"Tipo de Proyecto":{"('0044-S-2020', 0)":"PROYECTO DE LEY","('0044-S-2020', 1)":null,"('0044-S-2020', 2)":null},"Iniciado en: ":{"('0044-S-2020', 0)":"Senado","('0044-S-2020', 1)":null,"('0044-S-2020', 2)":null},"Expediente Senado: ":{"('0044-S-2020', 0)":"0044-S-2020","('0044-S-2020', 1)":null,"('0044-S-2020', 2)":null},"Publicado en: ":{"('0044-S-2020', 0)":"Diario de Asuntos Entrados N\u00b0 3","('0044-S-2020', 1)":null,"('0044-S-2020', 2)":null},"Fecha: ":{"('0044-S-2020', 0)":"02\/03\/2020","('0044-S-2020', 1)":null,"('0044-S-2020', 2)":null},"T\u00edtulo":{"('0044-S-2020', 0)":"MODIFICACION DEL ARTICULO 310 DEL CODIGO PROCESAL CIVIL Y COMERCIAL DE LA NACION, RESPECTO DEL PLAZO DE CADUCIDAD DE INSTANCIA.","('0044-S-2020', 1)":null,"('0044-S-2020', 2)":null},"('Firmantes', 'FIRMANTE')":{"('0044-S-2020', 0)":"LEDESMA ABDALA DE ZAMORA, CLAUDIA","('0044-S-2020', 1)":"NEDER, JOSE EMILIO","('0044-S-2020', 2)":"MONTENEGRO, GERARDO ANTENOR"},"('Firmantes', 'DISTRITO')":{"('0044-S-2020', 0)":"SANTIAGO DEL ESTERO","('0044-S-2020', 1)":"SANTIAGO DEL ESTERO","('0044-S-2020', 2)":"SANTIAGO DEL ESTERO"},"('Firmantes', 'BLOQUE')":{"('0044-S-2020', 0)":"FRENTE DE TODOS","('0044-S-2020', 1)":"FRENTE DE TODOS","('0044-S-2020', 2)":"FRENTE DE TODOS"},"Link":{"('0044-S-2020', 0)":"http:\/\/www.senado.gov.ar\/parlamentario\/comisiones\/verExp\/44.20\/S\/PL","('0044-S-2020', 1)":null,"('0044-S-2020', 2)":null},"Palabra Clave":{"('0044-S-2020', 0)":" ","('0044-S-2020', 1)":null,"('0044-S-2020', 2)":null}}