{"Tipo de Proyecto":{"('0044-JGM-2020', 0)":"MENSAJE NRO: 0038\/20"},"Iniciado en: ":{"('0044-JGM-2020', 0)":"Diputados"},"Expediente Diputados: ":{"('0044-JGM-2020', 0)":"0044-JGM-2020"},"Publicado en: ":{"('0044-JGM-2020', 0)":"Tr\u00e1mite Parlamentario N\u00b0 42"},"Fecha: ":{"('0044-JGM-2020', 0)":"12\/05\/2020"},"T\u00edtulo":{"('0044-JGM-2020', 0)":"COMUNICACION DEL DICTADO DEL DECRETO DE NECESIDAD Y URGENCIA N\u00b0 459 DEL 10 DE MAYO DEL 2020, POR EL CUAL SE PRORROGA EL AISLAMIENTO SOCIAL PREVENTIVO Y OBLIGATORIO - ASPO - HASTA EL DIA 24 DE MAYO DE 2020, INCLUSIVE"},"('Firmantes', 'FIRMANTE')":{"('0044-JGM-2020', 0)":"CAFIERO, SANTIAGO ANDRES"},"('Firmantes', 'DISTRITO')":{"('0044-JGM-2020', 0)":null},"('Firmantes', 'BLOQUE')":{"('0044-JGM-2020', 0)":"PODER EJECUTIVO"},"('Giros', 'COMISI\u00d3N')":{"('0044-JGM-2020', 0)":"BICAMERAL PERMANENTE DE TRAMITE LEGISLATIVO - LEY 26122"},"('Tramites', 'C\u00c1MARA')":{"('0044-JGM-2020', 0)":"Diputados"},"('Tramites', 'MOVIMIENTO')":{"('0044-JGM-2020', 0)":"VER TRAMITE DEL DECRETO EN SENADO EN EXPEDIENTE 0976-S-2020"},"('Tramites', 'FECHA')":{"('0044-JGM-2020', 0)":null},"('Tramites', 'RESULTADO')":{"('0044-JGM-2020', 0)":null},"Palabra Clave":{"('0044-JGM-2020', 0)":" "}}