{"Tipo de Proyecto":{"('0045-D-2020', 0)":"PROYECTO DE RESOLUCI\u00d3N"},"Iniciado en: ":{"('0045-D-2020', 0)":"Diputados"},"Expediente Diputados: ":{"('0045-D-2020', 0)":"0045-D-2020"},"Publicado en: ":{"('0045-D-2020', 0)":"Tr\u00e1mite Parlamentario N\u00b0 1"},"Fecha: ":{"('0045-D-2020', 0)":"02\/03\/2020"},"T\u00edtulo":{"('0045-D-2020', 0)":"SOLICITAR AL PODER EJECUTIVO DISPONGA QUE SE REALICEN LOS ESTUDIOS RESPECTIVOS A FIN DE DETERMINAR SI SE DEBERA CONSTRUIR LA TERCERA TROCHA EN LOS LUGARES EN LOS QUE EL TRAZADO REPRESENTE RIESGO EN LOS TRAMOS DE LA RUTA NACIONAL 14, ENTRE LAS LOCALIDADES DE OBERA Y SAN VICENTE, PROVINCIA DE MISIONES."},"('Firmantes', 'FIRMANTE')":{"('0045-D-2020', 0)":"BARBARO, HECTOR \"CACHO\""},"('Firmantes', 'DISTRITO')":{"('0045-D-2020', 0)":"MISIONES"},"('Firmantes', 'BLOQUE')":{"('0045-D-2020', 0)":"FRENTE DE TODOS"},"('Giros', 'COMISI\u00d3N')":{"('0045-D-2020', 0)":"TRANSPORTES"},"Link":{"('0045-D-2020', 0)":"https:\/\/www.hcdn.gob.ar\/proyectos\/textoCompleto.jsp?exp=0045-D-2020&tipo=RESOLUCION"},"Palabra Clave":{"('0045-D-2020', 0)":" "}}