{"Tipo de Proyecto":{"('0047-JGM-2020', 0)":"MENSAJE NRO: 0041\/20"},"Iniciado en: ":{"('0047-JGM-2020', 0)":"Diputados"},"Expediente Diputados: ":{"('0047-JGM-2020', 0)":"0047-JGM-2020"},"Publicado en: ":{"('0047-JGM-2020', 0)":"Tr\u00e1mite Parlamentario N\u00b0 48"},"Fecha: ":{"('0047-JGM-2020', 0)":"20\/05\/2020"},"T\u00edtulo":{"('0047-JGM-2020', 0)":"COMUNICACION DEL DICTADO DEL DECRETO DE NECESIDAD Y URGENCIA N\u00b0 487 DEL 18 DE MAYO DE 2020, POR EL CUAL SE PRORROGA LA PROHIBICION DE EFECTUAR DESPIDOS SIN JUSTA CAUSA Y POR LAS CAUSALES DE FALTA O DISMINUCION DE TRABAJO Y FUERZA MAYOR POR EL PLAZO DE SESENTA (60) DIAS CONTADOS A PARTIR DEL VENCIMIENTO DEL PLAZO ESTABLECIDO POR EL DECRETO N\u00b0 329\/20."},"('Firmantes', 'FIRMANTE')":{"('0047-JGM-2020', 0)":"CAFIERO, SANTIAGO ANDRES"},"('Firmantes', 'DISTRITO')":{"('0047-JGM-2020', 0)":null},"('Firmantes', 'BLOQUE')":{"('0047-JGM-2020', 0)":"PODER EJECUTIVO"},"('Giros', 'COMISI\u00d3N')":{"('0047-JGM-2020', 0)":"BICAMERAL PERMANENTE DE TRAMITE LEGISLATIVO - LEY 26122"},"('Tramites', 'C\u00c1MARA')":{"('0047-JGM-2020', 0)":"Diputados"},"('Tramites', 'MOVIMIENTO')":{"('0047-JGM-2020', 0)":"VER TRAMITE DEL DECRETO EN SENADO EN EXPEDIENTE 1036-S-2020"},"('Tramites', 'FECHA')":{"('0047-JGM-2020', 0)":null},"('Tramites', 'RESULTADO')":{"('0047-JGM-2020', 0)":null},"Palabra Clave":{"('0047-JGM-2020', 0)":" "}}