{"Tipo de Proyecto":{"('0048-JGM-2020', 0)":"MENSAJE NRO: 0042\/20","('0048-JGM-2020', 1)":null},"Iniciado en: ":{"('0048-JGM-2020', 0)":"Diputados","('0048-JGM-2020', 1)":null},"Expediente Diputados: ":{"('0048-JGM-2020', 0)":"0048-JGM-2020","('0048-JGM-2020', 1)":null},"Publicado en: ":{"('0048-JGM-2020', 0)":"Tr\u00e1mite Parlamentario N\u00b0 49","('0048-JGM-2020', 1)":null},"Fecha: ":{"('0048-JGM-2020', 0)":"21\/05\/2020","('0048-JGM-2020', 1)":null},"T\u00edtulo":{"('0048-JGM-2020', 0)":"COMUNICACION DEL DECRETO DE FACULTADES DELEGADAS 488\/2020 DEL 18 DE MAYO DE 2020 POR EL CUAL ESTABLECE QUE HASTA EL 31 DE DICIEMBRE DE 2020, LAS ENTREGAS DE PETROLEO CRUDO QUE SE EFECTUEN EN EL MERCADO LOCAL DEBERAN SER FACTURADAS POR LAS EMPRESAS PRODUCTORAS Y PAGADAS POR LAS EMPRESAS REFINADORAS Y SUJETOS COMERCIALIZADORES, TOMANDO COMO REFERENCIA PARA EL CRUDO TIPO MEDANITO EL PRECIO DE DOLARES ESTADOUNIDENSES CUARENTA Y CINCO POR BARRIL - USD 45\/BBL -, EL CUAL SERA AJUSTADO PARA CADA TIPO DE CRUDO POR CALIDAD Y POR PUERTO DE CARGA.","('0048-JGM-2020', 1)":null},"('Firmantes', 'FIRMANTE')":{"('0048-JGM-2020', 0)":"CAFIERO, SANTIAGO ANDRES","('0048-JGM-2020', 1)":"KULFAS, MATIAS SEBASTIAN"},"('Firmantes', 'DISTRITO')":{"('0048-JGM-2020', 0)":null,"('0048-JGM-2020', 1)":null},"('Firmantes', 'BLOQUE')":{"('0048-JGM-2020', 0)":"PODER EJECUTIVO","('0048-JGM-2020', 1)":"PODER EJECUTIVO"},"('Giros', 'COMISI\u00d3N')":{"('0048-JGM-2020', 0)":"BICAMERAL PERMANENTE DE TRAMITE LEGISLATIVO - LEY 26122","('0048-JGM-2020', 1)":null},"('Tramites', 'C\u00c1MARA')":{"('0048-JGM-2020', 0)":"Diputados","('0048-JGM-2020', 1)":null},"('Tramites', 'MOVIMIENTO')":{"('0048-JGM-2020', 0)":"VER TRAMITE DEL DECRETO EN SENADO EN EXPEDIENTE 1037-S-2020","('0048-JGM-2020', 1)":null},"('Tramites', 'FECHA')":{"('0048-JGM-2020', 0)":null,"('0048-JGM-2020', 1)":null},"('Tramites', 'RESULTADO')":{"('0048-JGM-2020', 0)":null,"('0048-JGM-2020', 1)":null},"Palabra Clave":{"('0048-JGM-2020', 0)":" ","('0048-JGM-2020', 1)":null}}