{"Tipo de Proyecto":{"('0049-S-2020', 0)":"PROYECTO DE DECLARACI\u00d3N","('0049-S-2020', 1)":null,"('0049-S-2020', 2)":null},"Iniciado en: ":{"('0049-S-2020', 0)":"Senado","('0049-S-2020', 1)":null,"('0049-S-2020', 2)":null},"Expediente Senado: ":{"('0049-S-2020', 0)":"0049-S-2020","('0049-S-2020', 1)":null,"('0049-S-2020', 2)":null},"Publicado en: ":{"('0049-S-2020', 0)":"Diario de Asuntos Entrados N\u00b0 3","('0049-S-2020', 1)":null,"('0049-S-2020', 2)":null},"Fecha: ":{"('0049-S-2020', 0)":"02\/03\/2020","('0049-S-2020', 1)":null,"('0049-S-2020', 2)":null},"T\u00edtulo":{"('0049-S-2020', 0)":"DECLARAR DE INTERES EL ROUND 1 Y 2 DEL CAMPEONATO ARGENTINO Y OPEN DE BMX EN 2020, A REALIZARSE EN LA PISTA INTERNACIONAL DE BMX DE SANTIAGO DEL ESTERO EL 22 Y 23 DE FEBRERO DE 2020.","('0049-S-2020', 1)":null,"('0049-S-2020', 2)":null},"('Firmantes', 'FIRMANTE')":{"('0049-S-2020', 0)":"LEDESMA ABDALA DE ZAMORA, CLAUDIA","('0049-S-2020', 1)":"NEDER, JOSE EMILIO","('0049-S-2020', 2)":"MONTENEGRO, GERARDO ANTENOR"},"('Firmantes', 'DISTRITO')":{"('0049-S-2020', 0)":"SANTIAGO DEL ESTERO","('0049-S-2020', 1)":"SANTIAGO DEL ESTERO","('0049-S-2020', 2)":"SANTIAGO DEL ESTERO"},"('Firmantes', 'BLOQUE')":{"('0049-S-2020', 0)":"FRENTE DE TODOS","('0049-S-2020', 1)":"FRENTE DE TODOS","('0049-S-2020', 2)":"FRENTE DE TODOS"},"Link":{"('0049-S-2020', 0)":"http:\/\/www.senado.gov.ar\/parlamentario\/comisiones\/verExp\/49.20\/S\/PD","('0049-S-2020', 1)":null,"('0049-S-2020', 2)":null},"Palabra Clave":{"('0049-S-2020', 0)":" ","('0049-S-2020', 1)":null,"('0049-S-2020', 2)":null}}