{"Tipo de Proyecto":{"('0049-D-2020', 0)":"PROYECTO DE LEY","('0049-D-2020', 1)":null,"('0049-D-2020', 2)":null,"('0049-D-2020', 3)":null,"('0049-D-2020', 4)":null,"('0049-D-2020', 5)":null,"('0049-D-2020', 6)":null,"('0049-D-2020', 7)":null,"('0049-D-2020', 8)":null},"Iniciado en: ":{"('0049-D-2020', 0)":"Diputados","('0049-D-2020', 1)":null,"('0049-D-2020', 2)":null,"('0049-D-2020', 3)":null,"('0049-D-2020', 4)":null,"('0049-D-2020', 5)":null,"('0049-D-2020', 6)":null,"('0049-D-2020', 7)":null,"('0049-D-2020', 8)":null},"Expediente Diputados: ":{"('0049-D-2020', 0)":"0049-D-2020","('0049-D-2020', 1)":null,"('0049-D-2020', 2)":null,"('0049-D-2020', 3)":null,"('0049-D-2020', 4)":null,"('0049-D-2020', 5)":null,"('0049-D-2020', 6)":null,"('0049-D-2020', 7)":null,"('0049-D-2020', 8)":null},"Publicado en: ":{"('0049-D-2020', 0)":"Tr\u00e1mite Parlamentario N\u00b0 1","('0049-D-2020', 1)":null,"('0049-D-2020', 2)":null,"('0049-D-2020', 3)":null,"('0049-D-2020', 4)":null,"('0049-D-2020', 5)":null,"('0049-D-2020', 6)":null,"('0049-D-2020', 7)":null,"('0049-D-2020', 8)":null},"Fecha: ":{"('0049-D-2020', 0)":"02\/03\/2020","('0049-D-2020', 1)":null,"('0049-D-2020', 2)":null,"('0049-D-2020', 3)":null,"('0049-D-2020', 4)":null,"('0049-D-2020', 5)":null,"('0049-D-2020', 6)":null,"('0049-D-2020', 7)":null,"('0049-D-2020', 8)":null},"T\u00edtulo":{"('0049-D-2020', 0)":"SALUD PUBLICA - LEY 15465 -. MODIFICACIONES, SOBRE ENFERMEDADES INFECCIOSAS. INCORPORACION DEL NUEVO \"CORONAVIRUS 2019 - NCOV-.\"","('0049-D-2020', 1)":null,"('0049-D-2020', 2)":null,"('0049-D-2020', 3)":null,"('0049-D-2020', 4)":null,"('0049-D-2020', 5)":null,"('0049-D-2020', 6)":null,"('0049-D-2020', 7)":null,"('0049-D-2020', 8)":null},"('Firmantes', 'FIRMANTE')":{"('0049-D-2020', 0)":"SANCHEZ, FRANCISCO","('0049-D-2020', 1)":"ARCE, MARIO HORACIO","('0049-D-2020', 2)":"FRIZZA, GABRIEL ALBERTO","('0049-D-2020', 3)":"LENA, GABRIELA","('0049-D-2020', 4)":"MATZEN, LORENA","('0049-D-2020', 5)":"CRESCIMBENI, CAMILA","('0049-D-2020', 6)":"TORRES, IGNACIO AGUSTIN","('0049-D-2020', 7)":"HEIN, GUSTAVO RENE","('0049-D-2020', 8)":"SCHLERETH, DAVID PABLO"},"('Firmantes', 'DISTRITO')":{"('0049-D-2020', 0)":"NEUQUEN","('0049-D-2020', 1)":"FORMOSA","('0049-D-2020', 2)":"CORDOBA","('0049-D-2020', 3)":"ENTRE RIOS","('0049-D-2020', 4)":"RIO NEGRO","('0049-D-2020', 5)":"BUENOS AIRES","('0049-D-2020', 6)":"CHUBUT","('0049-D-2020', 7)":"ENTRE RIOS","('0049-D-2020', 8)":"NEUQUEN"},"('Firmantes', 'BLOQUE')":{"('0049-D-2020', 0)":"PRO","('0049-D-2020', 1)":"UCR","('0049-D-2020', 2)":"PRO","('0049-D-2020', 3)":"UCR","('0049-D-2020', 4)":"UCR","('0049-D-2020', 5)":"PRO","('0049-D-2020', 6)":"PRO","('0049-D-2020', 7)":"PRO","('0049-D-2020', 8)":"PRO"},"('Giros', 'COMISI\u00d3N')":{"('0049-D-2020', 0)":"ACCION SOCIAL Y SALUD PUBLICA","('0049-D-2020', 1)":"PRESUPUESTO Y HACIENDA","('0049-D-2020', 2)":null,"('0049-D-2020', 3)":null,"('0049-D-2020', 4)":null,"('0049-D-2020', 5)":null,"('0049-D-2020', 6)":null,"('0049-D-2020', 7)":null,"('0049-D-2020', 8)":null},"Sumario":{"('0049-D-2020', 0)":"MODIFICACION DE LOS ARTICULOS 14, 16 Y 17 E INCORPORACION DEL ARTICULO 14 BIS.","('0049-D-2020', 1)":null,"('0049-D-2020', 2)":null,"('0049-D-2020', 3)":null,"('0049-D-2020', 4)":null,"('0049-D-2020', 5)":null,"('0049-D-2020', 6)":null,"('0049-D-2020', 7)":null,"('0049-D-2020', 8)":null},"Palabra Clave":{"('0049-D-2020', 0)":" ","('0049-D-2020', 1)":null,"('0049-D-2020', 2)":null,"('0049-D-2020', 3)":null,"('0049-D-2020', 4)":null,"('0049-D-2020', 5)":null,"('0049-D-2020', 6)":null,"('0049-D-2020', 7)":null,"('0049-D-2020', 8)":null}}