{"Tipo de Proyecto":{"('0051-JGM-2020', 0)":"MENSAJE NRO \/ A\u00d1O"},"Iniciado en: ":{"('0051-JGM-2020', 0)":"Diputados"},"Expediente Diputados: ":{"('0051-JGM-2020', 0)":"0051-JGM-2020"},"Publicado en: ":{"('0051-JGM-2020', 0)":"Tr\u00e1mite Parlamentario N\u00b0 54"},"Fecha: ":{"('0051-JGM-2020', 0)":"29\/05\/2020"},"T\u00edtulo":{"('0051-JGM-2020', 0)":"REMITE LA DECISION ADMINISTRATIVA N\u00b0 885 DE FECHA 22 DE MAYO DE 2020, POR LA CUAL SE MODIFICO EL PRESUPUESTO DE LA ADMINISTRACION PUBLICA NACIONAL PARA EL EJERCICIO 2020. "},"('Firmantes', 'FIRMANTE')":{"('0051-JGM-2020', 0)":"CAFIERO, SANTIAGO ANDRES"},"('Firmantes', 'DISTRITO')":{"('0051-JGM-2020', 0)":null},"('Firmantes', 'BLOQUE')":{"('0051-JGM-2020', 0)":"PODER EJECUTIVO"},"('Giros', 'COMISI\u00d3N')":{"('0051-JGM-2020', 0)":"PRESUPUESTO Y HACIENDA"},"Palabra Clave":{"('0051-JGM-2020', 0)":" "}}