{"Tipo de Proyecto":{"('0051-S-2020', 0)":"PROYECTO DE LEY","('0051-S-2020', 1)":null,"('0051-S-2020', 2)":null,"('0051-S-2020', 3)":null,"('0051-S-2020', 4)":null,"('0051-S-2020', 5)":null,"('0051-S-2020', 6)":null,"('0051-S-2020', 7)":null,"('0051-S-2020', 8)":null,"('0051-S-2020', 9)":null,"('0051-S-2020', 10)":null,"('0051-S-2020', 11)":null,"('0051-S-2020', 12)":null},"Iniciado en: ":{"('0051-S-2020', 0)":"Senado","('0051-S-2020', 1)":null,"('0051-S-2020', 2)":null,"('0051-S-2020', 3)":null,"('0051-S-2020', 4)":null,"('0051-S-2020', 5)":null,"('0051-S-2020', 6)":null,"('0051-S-2020', 7)":null,"('0051-S-2020', 8)":null,"('0051-S-2020', 9)":null,"('0051-S-2020', 10)":null,"('0051-S-2020', 11)":null,"('0051-S-2020', 12)":null},"Expediente Diputados: ":{"('0051-S-2020', 0)":"0051-S-2020","('0051-S-2020', 1)":null,"('0051-S-2020', 2)":null,"('0051-S-2020', 3)":null,"('0051-S-2020', 4)":null,"('0051-S-2020', 5)":null,"('0051-S-2020', 6)":null,"('0051-S-2020', 7)":null,"('0051-S-2020', 8)":null,"('0051-S-2020', 9)":null,"('0051-S-2020', 10)":null,"('0051-S-2020', 11)":null,"('0051-S-2020', 12)":null},"Expediente Senado: ":{"('0051-S-2020', 0)":"0755-S-2020","('0051-S-2020', 1)":null,"('0051-S-2020', 2)":null,"('0051-S-2020', 3)":null,"('0051-S-2020', 4)":null,"('0051-S-2020', 5)":null,"('0051-S-2020', 6)":null,"('0051-S-2020', 7)":null,"('0051-S-2020', 8)":null,"('0051-S-2020', 9)":null,"('0051-S-2020', 10)":null,"('0051-S-2020', 11)":null,"('0051-S-2020', 12)":null},"Publicado en: ":{"('0051-S-2020', 0)":"Diario de Asuntos Entrados N\u00b0 37","('0051-S-2020', 1)":null,"('0051-S-2020', 2)":null,"('0051-S-2020', 3)":null,"('0051-S-2020', 4)":null,"('0051-S-2020', 5)":null,"('0051-S-2020', 6)":null,"('0051-S-2020', 7)":null,"('0051-S-2020', 8)":null,"('0051-S-2020', 9)":null,"('0051-S-2020', 10)":null,"('0051-S-2020', 11)":null,"('0051-S-2020', 12)":null},"Fecha: ":{"('0051-S-2020', 0)":"27\/04\/2020","('0051-S-2020', 1)":null,"('0051-S-2020', 2)":null,"('0051-S-2020', 3)":null,"('0051-S-2020', 4)":null,"('0051-S-2020', 5)":null,"('0051-S-2020', 6)":null,"('0051-S-2020', 7)":null,"('0051-S-2020', 8)":null,"('0051-S-2020', 9)":null,"('0051-S-2020', 10)":null,"('0051-S-2020', 11)":null,"('0051-S-2020', 12)":null},"T\u00edtulo":{"('0051-S-2020', 0)":"CREACION DE LA COMISION BICAMERAL INVESTIGADORA DE LAS RELACIONES CREDITICIA ENTRE EL BANCO DE LA NACION ARGENTINA Y LA EMPRESA VICENTIN S.A.I.C.","('0051-S-2020', 1)":null,"('0051-S-2020', 2)":null,"('0051-S-2020', 3)":null,"('0051-S-2020', 4)":null,"('0051-S-2020', 5)":null,"('0051-S-2020', 6)":null,"('0051-S-2020', 7)":null,"('0051-S-2020', 8)":null,"('0051-S-2020', 9)":null,"('0051-S-2020', 10)":null,"('0051-S-2020', 11)":null,"('0051-S-2020', 12)":null},"('Firmantes', 'FIRMANTE')":{"('0051-S-2020', 0)":"PARRILLI, OSCAR ISIDRO","('0051-S-2020', 1)":"FERNANDEZ SAGASTI, ANABEL","('0051-S-2020', 2)":"DO\u00d1ATE, CLAUDIO MARTIN","('0051-S-2020', 3)":"GONZALEZ, NANCY SUSANA","('0051-S-2020', 4)":"TAIANA, JORGE ENRIQUE","('0051-S-2020', 5)":"LUENZO, ALFREDO HECTOR","('0051-S-2020', 6)":"LEAVY, SERGIO NAPOLEON","('0051-S-2020', 7)":"IANNI, ANA MARIA","('0051-S-2020', 8)":"SAPAG, SILVIA","('0051-S-2020', 9)":"MIRKIN, BEATRIZ GRACIELA","('0051-S-2020', 10)":"SACNUN, MARIA DE LOS ANGELES","('0051-S-2020', 11)":"SOLARI QUINTANA, MAGDALENA","('0051-S-2020', 12)":"NEDER, JOSE EMILIO"},"('Firmantes', 'DISTRITO')":{"('0051-S-2020', 0)":"NEUQUEN","('0051-S-2020', 1)":"MENDOZA","('0051-S-2020', 2)":"RIO NEGRO","('0051-S-2020', 3)":"CHUBUT","('0051-S-2020', 4)":"BUENOS AIRES","('0051-S-2020', 5)":"CHUBUT","('0051-S-2020', 6)":"SALTA","('0051-S-2020', 7)":"SANTA CRUZ","('0051-S-2020', 8)":"NEUQUEN","('0051-S-2020', 9)":"TUCUMAN","('0051-S-2020', 10)":"SANTA FE","('0051-S-2020', 11)":"MISIONES","('0051-S-2020', 12)":"SANTIAGO DEL ESTERO"},"('Firmantes', 'BLOQUE')":{"('0051-S-2020', 0)":"FRENTE DE TODOS","('0051-S-2020', 1)":"FRENTE DE TODOS","('0051-S-2020', 2)":"FRENTE DE TODOS","('0051-S-2020', 3)":"FRENTE DE TODOS","('0051-S-2020', 4)":"FRENTE DE TODOS","('0051-S-2020', 5)":"FRENTE DE TODOS","('0051-S-2020', 6)":"FRENTE DE TODOS","('0051-S-2020', 7)":"FRENTE DE TODOS","('0051-S-2020', 8)":"FRENTE DE TODOS","('0051-S-2020', 9)":"FRENTE DE TODOS","('0051-S-2020', 10)":"FRENTE DE TODOS","('0051-S-2020', 11)":"MISIONES","('0051-S-2020', 12)":"FRENTE DE TODOS"},"('Giros', 'COMISI\u00d3N')":{"('0051-S-2020', 0)":"PETICIONES, PODERES Y REGLAMENTO","('0051-S-2020', 1)":"LEGISLACION GENERAL","('0051-S-2020', 2)":"PRESUPUESTO Y HACIENDA","('0051-S-2020', 3)":null,"('0051-S-2020', 4)":null,"('0051-S-2020', 5)":null,"('0051-S-2020', 6)":null,"('0051-S-2020', 7)":null,"('0051-S-2020', 8)":null,"('0051-S-2020', 9)":null,"('0051-S-2020', 10)":null,"('0051-S-2020', 11)":null,"('0051-S-2020', 12)":null},"('Tramites', 'C\u00c1MARA')":{"('0051-S-2020', 0)":"Senado","('0051-S-2020', 1)":"Senado","('0051-S-2020', 2)":"Senado","('0051-S-2020', 3)":"Senado","('0051-S-2020', 4)":"Diputados","('0051-S-2020', 5)":null,"('0051-S-2020', 6)":null,"('0051-S-2020', 7)":null,"('0051-S-2020', 8)":null,"('0051-S-2020', 9)":null,"('0051-S-2020', 10)":null,"('0051-S-2020', 11)":null,"('0051-S-2020', 12)":null},"('Tramites', 'MOVIMIENTO')":{"('0051-S-2020', 0)":"SOLICITUD DE SER COFIRMANTES DE LOS SENADORES FERNANDEZ SAGASTI, DO\u00d1ATE, NANCY GONZALEZ, TAINA, LUENZO, LEAVY, IANNI, MIRKIN, SACNUN, SOLARI QUINTANA Y NEDER (A SUS ANTECEDENTES)","('0051-S-2020', 1)":"CITACION SESION ESPECIAL","('0051-S-2020', 2)":"CONSIDERACION Y APROBACION (SESION POR VIDEOCONFERENCIA)","('0051-S-2020', 3)":"INSERCIONES","('0051-S-2020', 4)":"PASA A DIPUTADOS -","('0051-S-2020', 5)":null,"('0051-S-2020', 6)":null,"('0051-S-2020', 7)":null,"('0051-S-2020', 8)":null,"('0051-S-2020', 9)":null,"('0051-S-2020', 10)":null,"('0051-S-2020', 11)":null,"('0051-S-2020', 12)":null},"('Tramites', 'FECHA')":{"('0051-S-2020', 0)":null,"('0051-S-2020', 1)":"24\/06\/2020","('0051-S-2020', 2)":"24\/06\/2020","('0051-S-2020', 3)":"24\/06\/2020","('0051-S-2020', 4)":null,"('0051-S-2020', 5)":null,"('0051-S-2020', 6)":null,"('0051-S-2020', 7)":null,"('0051-S-2020', 8)":null,"('0051-S-2020', 9)":null,"('0051-S-2020', 10)":null,"('0051-S-2020', 11)":null,"('0051-S-2020', 12)":null},"('Tramites', 'RESULTADO')":{"('0051-S-2020', 0)":null,"('0051-S-2020', 1)":null,"('0051-S-2020', 2)":"MEDIA SANCION","('0051-S-2020', 3)":null,"('0051-S-2020', 4)":null,"('0051-S-2020', 5)":null,"('0051-S-2020', 6)":null,"('0051-S-2020', 7)":null,"('0051-S-2020', 8)":null,"('0051-S-2020', 9)":null,"('0051-S-2020', 10)":null,"('0051-S-2020', 11)":null,"('0051-S-2020', 12)":null},"Link":{"('0051-S-2020', 0)":"http:\/\/www.senado.gov.ar\/parlamentario\/comisiones\/verExp\/755.20\/S\/PL","('0051-S-2020', 1)":null,"('0051-S-2020', 2)":null,"('0051-S-2020', 3)":null,"('0051-S-2020', 4)":null,"('0051-S-2020', 5)":null,"('0051-S-2020', 6)":null,"('0051-S-2020', 7)":null,"('0051-S-2020', 8)":null,"('0051-S-2020', 9)":null,"('0051-S-2020', 10)":null,"('0051-S-2020', 11)":null,"('0051-S-2020', 12)":null},"Palabra Clave":{"('0051-S-2020', 0)":" ","('0051-S-2020', 1)":null,"('0051-S-2020', 2)":null,"('0051-S-2020', 3)":null,"('0051-S-2020', 4)":null,"('0051-S-2020', 5)":null,"('0051-S-2020', 6)":null,"('0051-S-2020', 7)":null,"('0051-S-2020', 8)":null,"('0051-S-2020', 9)":null,"('0051-S-2020', 10)":null,"('0051-S-2020', 11)":null,"('0051-S-2020', 12)":null}}