{"Tipo de Proyecto":{"('0051-D-2020', 0)":"PROYECTO DE RESOLUCI\u00d3N"},"Iniciado en: ":{"('0051-D-2020', 0)":"Diputados"},"Expediente Diputados: ":{"('0051-D-2020', 0)":"0051-D-2020"},"Publicado en: ":{"('0051-D-2020', 0)":"Tr\u00e1mite Parlamentario N\u00b0 1"},"Fecha: ":{"('0051-D-2020', 0)":"02\/03\/2020"},"T\u00edtulo":{"('0051-D-2020', 0)":"EXPRESAR PESAR POR EL FALLECIMIENTO DEL ATLETA OLIMPICO BRAIAN TOLEDO, OCURRIDO EL 27 DE FEBRERO DE 2020."},"('Firmantes', 'FIRMANTE')":{"('0051-D-2020', 0)":"CASELLES, GRACIELA MARIA"},"('Firmantes', 'DISTRITO')":{"('0051-D-2020', 0)":"SAN JUAN"},"('Firmantes', 'BLOQUE')":{"('0051-D-2020', 0)":"FRENTE DE TODOS"},"('Giros', 'COMISI\u00d3N')":{"('0051-D-2020', 0)":"DEPORTES"},"Link":{"('0051-D-2020', 0)":"https:\/\/www.hcdn.gob.ar\/proyectos\/textoCompleto.jsp?exp=0051-D-2020&tipo=RESOLUCION"},"Palabra Clave":{"('0051-D-2020', 0)":" "}}