{"Tipo de Proyecto":{"('0052-D-2020', 0)":"PROYECTO DE RESOLUCI\u00d3N","('0052-D-2020', 1)":null,"('0052-D-2020', 2)":null,"('0052-D-2020', 3)":null,"('0052-D-2020', 4)":null,"('0052-D-2020', 5)":null,"('0052-D-2020', 6)":null},"Iniciado en: ":{"('0052-D-2020', 0)":"Diputados","('0052-D-2020', 1)":null,"('0052-D-2020', 2)":null,"('0052-D-2020', 3)":null,"('0052-D-2020', 4)":null,"('0052-D-2020', 5)":null,"('0052-D-2020', 6)":null},"Expediente Diputados: ":{"('0052-D-2020', 0)":"0052-D-2020","('0052-D-2020', 1)":null,"('0052-D-2020', 2)":null,"('0052-D-2020', 3)":null,"('0052-D-2020', 4)":null,"('0052-D-2020', 5)":null,"('0052-D-2020', 6)":null},"Publicado en: ":{"('0052-D-2020', 0)":"Tr\u00e1mite Parlamentario N\u00b0 1","('0052-D-2020', 1)":null,"('0052-D-2020', 2)":null,"('0052-D-2020', 3)":null,"('0052-D-2020', 4)":null,"('0052-D-2020', 5)":null,"('0052-D-2020', 6)":null},"Fecha: ":{"('0052-D-2020', 0)":"02\/03\/2020","('0052-D-2020', 1)":null,"('0052-D-2020', 2)":null,"('0052-D-2020', 3)":null,"('0052-D-2020', 4)":null,"('0052-D-2020', 5)":null,"('0052-D-2020', 6)":null},"T\u00edtulo":{"('0052-D-2020', 0)":"DECLARAR DE INTERES DE LA H. CAMARA EL 130\u00b0 ANIVERSARIO DE LA FUNDACION DE LA CIUDAD DE FERNANDEZ, DEPARTAMENTO ROBLES, PROVINCIA DE SANTIAGO DEL ESTERO, A CELEBRARSE EL 26 DE JULIO DE 2020.","('0052-D-2020', 1)":null,"('0052-D-2020', 2)":null,"('0052-D-2020', 3)":null,"('0052-D-2020', 4)":null,"('0052-D-2020', 5)":null,"('0052-D-2020', 6)":null},"('Firmantes', 'FIRMANTE')":{"('0052-D-2020', 0)":"ABDALA DE MATARAZZO, NORMA AMANDA","('0052-D-2020', 1)":"MONTOTO, MARIA LUISA","('0052-D-2020', 2)":"DAIVES, RICARDO DANIEL","('0052-D-2020', 3)":"NAVARRO, GRACIELA","('0052-D-2020', 4)":"NEDER, ESTELA MARY","('0052-D-2020', 5)":"BRUE, DANIEL AGUSTIN","('0052-D-2020', 6)":"HERRERA, BERNARDO JOSE"},"('Firmantes', 'DISTRITO')":{"('0052-D-2020', 0)":"SANTIAGO DEL ESTERO","('0052-D-2020', 1)":"SANTIAGO DEL ESTERO","('0052-D-2020', 2)":"SANTIAGO DEL ESTERO","('0052-D-2020', 3)":"SANTIAGO DEL ESTERO","('0052-D-2020', 4)":"SANTIAGO DEL ESTERO","('0052-D-2020', 5)":"SANTIAGO DEL ESTERO","('0052-D-2020', 6)":"SANTIAGO DEL ESTERO"},"('Firmantes', 'BLOQUE')":{"('0052-D-2020', 0)":"FRENTE DE TODOS","('0052-D-2020', 1)":"FRENTE DE TODOS","('0052-D-2020', 2)":"FRENTE DE TODOS","('0052-D-2020', 3)":"FRENTE DE TODOS","('0052-D-2020', 4)":"FRENTE DE TODOS","('0052-D-2020', 5)":"FRENTE DE TODOS","('0052-D-2020', 6)":"FRENTE DE TODOS"},"('Giros', 'COMISI\u00d3N')":{"('0052-D-2020', 0)":"POBLACION Y DESARROLLO HUMANO","('0052-D-2020', 1)":null,"('0052-D-2020', 2)":null,"('0052-D-2020', 3)":null,"('0052-D-2020', 4)":null,"('0052-D-2020', 5)":null,"('0052-D-2020', 6)":null},"Link":{"('0052-D-2020', 0)":"https:\/\/www.hcdn.gob.ar\/proyectos\/textoCompleto.jsp?exp=0052-D-2020&tipo=RESOLUCION","('0052-D-2020', 1)":null,"('0052-D-2020', 2)":null,"('0052-D-2020', 3)":null,"('0052-D-2020', 4)":null,"('0052-D-2020', 5)":null,"('0052-D-2020', 6)":null},"Palabra Clave":{"('0052-D-2020', 0)":" ","('0052-D-2020', 1)":null,"('0052-D-2020', 2)":null,"('0052-D-2020', 3)":null,"('0052-D-2020', 4)":null,"('0052-D-2020', 5)":null,"('0052-D-2020', 6)":null}}