{"Tipo de Proyecto":{"('0053-D-2020', 0)":"PROYECTO DE DECLARACI\u00d3N","('0053-D-2020', 1)":null,"('0053-D-2020', 2)":null,"('0053-D-2020', 3)":null,"('0053-D-2020', 4)":null,"('0053-D-2020', 5)":null,"('0053-D-2020', 6)":null},"Iniciado en: ":{"('0053-D-2020', 0)":"Diputados","('0053-D-2020', 1)":null,"('0053-D-2020', 2)":null,"('0053-D-2020', 3)":null,"('0053-D-2020', 4)":null,"('0053-D-2020', 5)":null,"('0053-D-2020', 6)":null},"Expediente Diputados: ":{"('0053-D-2020', 0)":"0053-D-2020","('0053-D-2020', 1)":null,"('0053-D-2020', 2)":null,"('0053-D-2020', 3)":null,"('0053-D-2020', 4)":null,"('0053-D-2020', 5)":null,"('0053-D-2020', 6)":null},"Publicado en: ":{"('0053-D-2020', 0)":"Tr\u00e1mite Parlamentario N\u00b0 1","('0053-D-2020', 1)":null,"('0053-D-2020', 2)":null,"('0053-D-2020', 3)":null,"('0053-D-2020', 4)":null,"('0053-D-2020', 5)":null,"('0053-D-2020', 6)":null},"Fecha: ":{"('0053-D-2020', 0)":"02\/03\/2020","('0053-D-2020', 1)":null,"('0053-D-2020', 2)":null,"('0053-D-2020', 3)":null,"('0053-D-2020', 4)":null,"('0053-D-2020', 5)":null,"('0053-D-2020', 6)":null},"T\u00edtulo":{"('0053-D-2020', 0)":"SOLICITAR AL PODER EJECUTIVO DISPONGA EL EMPLAZAMIENTO DE UNA DELEGACION DEL INSTITUTO NACIONAL DE VITIVINICULTURA EN LA PROVINCIA DE SANTIAGO DEL ESTERO.","('0053-D-2020', 1)":null,"('0053-D-2020', 2)":null,"('0053-D-2020', 3)":null,"('0053-D-2020', 4)":null,"('0053-D-2020', 5)":null,"('0053-D-2020', 6)":null},"('Firmantes', 'FIRMANTE')":{"('0053-D-2020', 0)":"ABDALA DE MATARAZZO, NORMA AMANDA","('0053-D-2020', 1)":"NEDER, ESTELA MARY","('0053-D-2020', 2)":"BRUE, DANIEL AGUSTIN","('0053-D-2020', 3)":"HERRERA, BERNARDO JOSE","('0053-D-2020', 4)":"NAVARRO, GRACIELA","('0053-D-2020', 5)":"MONTOTO, MARIA LUISA","('0053-D-2020', 6)":"DAIVES, RICARDO DANIEL"},"('Firmantes', 'DISTRITO')":{"('0053-D-2020', 0)":"SANTIAGO DEL ESTERO","('0053-D-2020', 1)":"SANTIAGO DEL ESTERO","('0053-D-2020', 2)":"SANTIAGO DEL ESTERO","('0053-D-2020', 3)":"SANTIAGO DEL ESTERO","('0053-D-2020', 4)":"SANTIAGO DEL ESTERO","('0053-D-2020', 5)":"SANTIAGO DEL ESTERO","('0053-D-2020', 6)":"SANTIAGO DEL ESTERO"},"('Firmantes', 'BLOQUE')":{"('0053-D-2020', 0)":"FRENTE DE TODOS","('0053-D-2020', 1)":"FRENTE DE TODOS","('0053-D-2020', 2)":"FRENTE DE TODOS","('0053-D-2020', 3)":"FRENTE DE TODOS","('0053-D-2020', 4)":"FRENTE DE TODOS","('0053-D-2020', 5)":"FRENTE DE TODOS","('0053-D-2020', 6)":"FRENTE DE TODOS"},"('Giros', 'COMISI\u00d3N')":{"('0053-D-2020', 0)":"AGRICULTURA Y GANADERIA","('0053-D-2020', 1)":null,"('0053-D-2020', 2)":null,"('0053-D-2020', 3)":null,"('0053-D-2020', 4)":null,"('0053-D-2020', 5)":null,"('0053-D-2020', 6)":null},"Link":{"('0053-D-2020', 0)":"https:\/\/www.hcdn.gob.ar\/proyectos\/textoCompleto.jsp?exp=0053-D-2020&tipo=DECLARACION","('0053-D-2020', 1)":null,"('0053-D-2020', 2)":null,"('0053-D-2020', 3)":null,"('0053-D-2020', 4)":null,"('0053-D-2020', 5)":null,"('0053-D-2020', 6)":null},"Palabra Clave":{"('0053-D-2020', 0)":" ","('0053-D-2020', 1)":null,"('0053-D-2020', 2)":null,"('0053-D-2020', 3)":null,"('0053-D-2020', 4)":null,"('0053-D-2020', 5)":null,"('0053-D-2020', 6)":null}}