{"Tipo de Proyecto":{"('0053-JGM-2020', 0)":"MENSAJE NRO: 0048\/20"},"Iniciado en: ":{"('0053-JGM-2020', 0)":"Diputados"},"Expediente Diputados: ":{"('0053-JGM-2020', 0)":"0053-JGM-2020"},"Publicado en: ":{"('0053-JGM-2020', 0)":"Tr\u00e1mite Parlamentario N\u00b0 64"},"Fecha: ":{"('0053-JGM-2020', 0)":"12\/06\/2020"},"T\u00edtulo":{"('0053-JGM-2020', 0)":"COMUNICACION DEL DICTADO DEL DECRETO DE NECESIDAD Y URGENCIA 522\/2020 POR EL CUAL SE DISPONE LA INTERVENCION TRANSITORIA DE LA SOCIEDAD VICENTIN S.A.I.C. POR UN PLAZO DE 60 DIAS."},"('Firmantes', 'FIRMANTE')":{"('0053-JGM-2020', 0)":"CAFIERO, SANTIAGO ANDRES"},"('Firmantes', 'DISTRITO')":{"('0053-JGM-2020', 0)":null},"('Firmantes', 'BLOQUE')":{"('0053-JGM-2020', 0)":"PODER EJECUTIVO"},"('Giros', 'COMISI\u00d3N')":{"('0053-JGM-2020', 0)":"BICAMERAL PERMANENTE DE TRAMITE LEGISLATIVO - LEY 26122"},"Palabra Clave":{"('0053-JGM-2020', 0)":" "}}