{"Tipo de Proyecto":{"('0054-D-2020', 0)":"PROYECTO DE RESOLUCI\u00d3N","('0054-D-2020', 1)":null,"('0054-D-2020', 2)":null,"('0054-D-2020', 3)":null,"('0054-D-2020', 4)":null,"('0054-D-2020', 5)":null},"Iniciado en: ":{"('0054-D-2020', 0)":"Diputados","('0054-D-2020', 1)":null,"('0054-D-2020', 2)":null,"('0054-D-2020', 3)":null,"('0054-D-2020', 4)":null,"('0054-D-2020', 5)":null},"Expediente Diputados: ":{"('0054-D-2020', 0)":"0054-D-2020","('0054-D-2020', 1)":null,"('0054-D-2020', 2)":null,"('0054-D-2020', 3)":null,"('0054-D-2020', 4)":null,"('0054-D-2020', 5)":null},"Publicado en: ":{"('0054-D-2020', 0)":"Tr\u00e1mite Parlamentario N\u00b0 1","('0054-D-2020', 1)":null,"('0054-D-2020', 2)":null,"('0054-D-2020', 3)":null,"('0054-D-2020', 4)":null,"('0054-D-2020', 5)":null},"Fecha: ":{"('0054-D-2020', 0)":"02\/03\/2020","('0054-D-2020', 1)":null,"('0054-D-2020', 2)":null,"('0054-D-2020', 3)":null,"('0054-D-2020', 4)":null,"('0054-D-2020', 5)":null},"T\u00edtulo":{"('0054-D-2020', 0)":"DECLARAR DE INTERES DE LA H. CAMARA EL LIBRO \"EL MISTERIO DEL VADO\".","('0054-D-2020', 1)":null,"('0054-D-2020', 2)":null,"('0054-D-2020', 3)":null,"('0054-D-2020', 4)":null,"('0054-D-2020', 5)":null},"('Firmantes', 'FIRMANTE')":{"('0054-D-2020', 0)":"ABDALA DE MATARAZZO, NORMA AMANDA","('0054-D-2020', 1)":"NAVARRO, GRACIELA","('0054-D-2020', 2)":"BRUE, DANIEL AGUSTIN","('0054-D-2020', 3)":"MONTOTO, MARIA LUISA","('0054-D-2020', 4)":"DAIVES, RICARDO DANIEL","('0054-D-2020', 5)":"HERRERA, BERNARDO JOSE"},"('Firmantes', 'DISTRITO')":{"('0054-D-2020', 0)":"SANTIAGO DEL ESTERO","('0054-D-2020', 1)":"SANTIAGO DEL ESTERO","('0054-D-2020', 2)":"SANTIAGO DEL ESTERO","('0054-D-2020', 3)":"SANTIAGO DEL ESTERO","('0054-D-2020', 4)":"SANTIAGO DEL ESTERO","('0054-D-2020', 5)":"SANTIAGO DEL ESTERO"},"('Firmantes', 'BLOQUE')":{"('0054-D-2020', 0)":"FRENTE DE TODOS","('0054-D-2020', 1)":"FRENTE DE TODOS","('0054-D-2020', 2)":"FRENTE DE TODOS","('0054-D-2020', 3)":"FRENTE DE TODOS","('0054-D-2020', 4)":"FRENTE DE TODOS","('0054-D-2020', 5)":"FRENTE DE TODOS"},"('Giros', 'COMISI\u00d3N')":{"('0054-D-2020', 0)":"CULTURA","('0054-D-2020', 1)":null,"('0054-D-2020', 2)":null,"('0054-D-2020', 3)":null,"('0054-D-2020', 4)":null,"('0054-D-2020', 5)":null},"Link":{"('0054-D-2020', 0)":"https:\/\/www.hcdn.gob.ar\/proyectos\/textoCompleto.jsp?exp=0054-D-2020&tipo=RESOLUCION","('0054-D-2020', 1)":null,"('0054-D-2020', 2)":null,"('0054-D-2020', 3)":null,"('0054-D-2020', 4)":null,"('0054-D-2020', 5)":null},"Palabra Clave":{"('0054-D-2020', 0)":" ","('0054-D-2020', 1)":null,"('0054-D-2020', 2)":null,"('0054-D-2020', 3)":null,"('0054-D-2020', 4)":null,"('0054-D-2020', 5)":null}}