{"Tipo de Proyecto":{"('0055-S-2020', 0)":"COMUNICACION"},"Iniciado en: ":{"('0055-S-2020', 0)":"Senado"},"Expediente Senado: ":{"('0055-S-2020', 0)":"0055-S-2020"},"Publicado en: ":{"('0055-S-2020', 0)":"Diario de Asuntos Entrados N\u00b0 3"},"Fecha: ":{"('0055-S-2020', 0)":"02\/03\/2020"},"T\u00edtulo":{"('0055-S-2020', 0)":"SOLICITAR AL PODER EJECUTIVO DESIGNE PROFESIONAL MEDICO QUE PERMITA RESTABLECER EL CONTROL SANITARIO PORTUARIO DE LA LOCALIDAD DE PUERTO DESEADO, SANTA CRUZ (REPRODUCCION DEL EXPEDIENTE 3170-S-18)."},"('Firmantes', 'FIRMANTE')":{"('0055-S-2020', 0)":"IANNI, ANA MARIA"},"('Firmantes', 'DISTRITO')":{"('0055-S-2020', 0)":"SANTA CRUZ"},"('Firmantes', 'BLOQUE')":{"('0055-S-2020', 0)":"FRENTE DE TODOS"},"Link":{"('0055-S-2020', 0)":"http:\/\/www.senado.gov.ar\/parlamentario\/comisiones\/verExp\/55.20\/S\/PC"},"Palabra Clave":{"('0055-S-2020', 0)":" "}}