{"Tipo de Proyecto":{"('0056-JGM-2020', 0)":"MENSAJE NRO: 0997\/20"},"Iniciado en: ":{"('0056-JGM-2020', 0)":"Diputados"},"Expediente Diputados: ":{"('0056-JGM-2020', 0)":"0056-JGM-2020"},"Publicado en: ":{"('0056-JGM-2020', 0)":"Tr\u00e1mite Parlamentario N\u00b0 66"},"Fecha: ":{"('0056-JGM-2020', 0)":"17\/06\/2020"},"T\u00edtulo":{"('0056-JGM-2020', 0)":"REMITE COPIA DE LA DECISION ADMINISTRATIVA 997\/2020 DE FECHA 16 DE JUNIO DE 2020, POR LA QUE SE MODIFICA EL PRESUPUESTO DE LA ADMINISTRACION NACIONAL PARA EL EJERCICIO 2020."},"('Firmantes', 'FIRMANTE')":{"('0056-JGM-2020', 0)":"CAFIERO, SANTIAGO ANDRES"},"('Firmantes', 'DISTRITO')":{"('0056-JGM-2020', 0)":null},"('Firmantes', 'BLOQUE')":{"('0056-JGM-2020', 0)":"PODER EJECUTIVO"},"('Giros', 'COMISI\u00d3N')":{"('0056-JGM-2020', 0)":"PRESUPUESTO Y HACIENDA"},"Palabra Clave":{"('0056-JGM-2020', 0)":" "}}