{"Tipo de Proyecto":{"('0058-D-2020', 0)":"PROYECTO DE RESOLUCI\u00d3N","('0058-D-2020', 1)":null,"('0058-D-2020', 2)":null,"('0058-D-2020', 3)":null,"('0058-D-2020', 4)":null,"('0058-D-2020', 5)":null,"('0058-D-2020', 6)":null,"('0058-D-2020', 7)":null,"('0058-D-2020', 8)":null,"('0058-D-2020', 9)":null,"('0058-D-2020', 10)":null},"Iniciado en: ":{"('0058-D-2020', 0)":"Diputados","('0058-D-2020', 1)":null,"('0058-D-2020', 2)":null,"('0058-D-2020', 3)":null,"('0058-D-2020', 4)":null,"('0058-D-2020', 5)":null,"('0058-D-2020', 6)":null,"('0058-D-2020', 7)":null,"('0058-D-2020', 8)":null,"('0058-D-2020', 9)":null,"('0058-D-2020', 10)":null},"Expediente Diputados: ":{"('0058-D-2020', 0)":"0058-D-2020","('0058-D-2020', 1)":null,"('0058-D-2020', 2)":null,"('0058-D-2020', 3)":null,"('0058-D-2020', 4)":null,"('0058-D-2020', 5)":null,"('0058-D-2020', 6)":null,"('0058-D-2020', 7)":null,"('0058-D-2020', 8)":null,"('0058-D-2020', 9)":null,"('0058-D-2020', 10)":null},"Publicado en: ":{"('0058-D-2020', 0)":"Tr\u00e1mite Parlamentario N\u00b0 1","('0058-D-2020', 1)":null,"('0058-D-2020', 2)":null,"('0058-D-2020', 3)":null,"('0058-D-2020', 4)":null,"('0058-D-2020', 5)":null,"('0058-D-2020', 6)":null,"('0058-D-2020', 7)":null,"('0058-D-2020', 8)":null,"('0058-D-2020', 9)":null,"('0058-D-2020', 10)":null},"Fecha: ":{"('0058-D-2020', 0)":"02\/03\/2020","('0058-D-2020', 1)":null,"('0058-D-2020', 2)":null,"('0058-D-2020', 3)":null,"('0058-D-2020', 4)":null,"('0058-D-2020', 5)":null,"('0058-D-2020', 6)":null,"('0058-D-2020', 7)":null,"('0058-D-2020', 8)":null,"('0058-D-2020', 9)":null,"('0058-D-2020', 10)":null},"T\u00edtulo":{"('0058-D-2020', 0)":"EXPRESAR PREOCUPACION POR LA DECISION DEL PODER EJECUTIVO DE ELIMINAR LA SUBSECRETARIA DE ENERGIAS RENOVABLES.","('0058-D-2020', 1)":null,"('0058-D-2020', 2)":null,"('0058-D-2020', 3)":null,"('0058-D-2020', 4)":null,"('0058-D-2020', 5)":null,"('0058-D-2020', 6)":null,"('0058-D-2020', 7)":null,"('0058-D-2020', 8)":null,"('0058-D-2020', 9)":null,"('0058-D-2020', 10)":null},"('Firmantes', 'FIRMANTE')":{"('0058-D-2020', 0)":"TORRES, IGNACIO AGUSTIN","('0058-D-2020', 1)":"STEFANI, HECTOR ANTONIO","('0058-D-2020', 2)":"DE LAMADRID, ALVARO","('0058-D-2020', 3)":"REZINOVSKY, DINA","('0058-D-2020', 4)":"SCHIAVONI, ALFREDO OSCAR","('0058-D-2020', 5)":"CARAMBIA, ANTONIO JOSE","('0058-D-2020', 6)":"SCHLERETH, DAVID PABLO","('0058-D-2020', 7)":"BERISSO, HERNAN","('0058-D-2020', 8)":"SANCHEZ, FRANCISCO","('0058-D-2020', 9)":"GONZALEZ, ALVARO GUSTAVO","('0058-D-2020', 10)":"REYES, ROXANA NAHIR"},"('Firmantes', 'DISTRITO')":{"('0058-D-2020', 0)":"CHUBUT","('0058-D-2020', 1)":"TIERRA DEL FUEGO","('0058-D-2020', 2)":"CIUDAD de BUENOS AIRES","('0058-D-2020', 3)":"CIUDAD de BUENOS AIRES","('0058-D-2020', 4)":"MISIONES","('0058-D-2020', 5)":"SANTA CRUZ","('0058-D-2020', 6)":"NEUQUEN","('0058-D-2020', 7)":"BUENOS AIRES","('0058-D-2020', 8)":"NEUQUEN","('0058-D-2020', 9)":"CIUDAD de BUENOS AIRES","('0058-D-2020', 10)":"SANTA CRUZ"},"('Firmantes', 'BLOQUE')":{"('0058-D-2020', 0)":"PRO","('0058-D-2020', 1)":"PRO","('0058-D-2020', 2)":"UCR","('0058-D-2020', 3)":"PRO","('0058-D-2020', 4)":"PRO","('0058-D-2020', 5)":"UNIDAD Y EQUIDAD FEDERAL","('0058-D-2020', 6)":"PRO","('0058-D-2020', 7)":"PRO","('0058-D-2020', 8)":"PRO","('0058-D-2020', 9)":"PRO","('0058-D-2020', 10)":"UCR"},"('Giros', 'COMISI\u00d3N')":{"('0058-D-2020', 0)":"RECURSOS NATURALES Y CONSERVACION DEL AMBIENTE HUMANO","('0058-D-2020', 1)":"ENERGIA Y COMBUSTIBLES","('0058-D-2020', 2)":null,"('0058-D-2020', 3)":null,"('0058-D-2020', 4)":null,"('0058-D-2020', 5)":null,"('0058-D-2020', 6)":null,"('0058-D-2020', 7)":null,"('0058-D-2020', 8)":null,"('0058-D-2020', 9)":null,"('0058-D-2020', 10)":null},"Link":{"('0058-D-2020', 0)":"https:\/\/www.hcdn.gob.ar\/proyectos\/textoCompleto.jsp?exp=0058-D-2020&tipo=RESOLUCION","('0058-D-2020', 1)":null,"('0058-D-2020', 2)":null,"('0058-D-2020', 3)":null,"('0058-D-2020', 4)":null,"('0058-D-2020', 5)":null,"('0058-D-2020', 6)":null,"('0058-D-2020', 7)":null,"('0058-D-2020', 8)":null,"('0058-D-2020', 9)":null,"('0058-D-2020', 10)":null},"Palabra Clave":{"('0058-D-2020', 0)":" ","('0058-D-2020', 1)":null,"('0058-D-2020', 2)":null,"('0058-D-2020', 3)":null,"('0058-D-2020', 4)":null,"('0058-D-2020', 5)":null,"('0058-D-2020', 6)":null,"('0058-D-2020', 7)":null,"('0058-D-2020', 8)":null,"('0058-D-2020', 9)":null,"('0058-D-2020', 10)":null}}