{"Tipo de Proyecto":{"('0059-JGM-2020', 0)":"MENSAJE NRO \/ A\u00d1O"},"Iniciado en: ":{"('0059-JGM-2020', 0)":"Diputados"},"Expediente Diputados: ":{"('0059-JGM-2020', 0)":"0059-JGM-2020"},"Publicado en: ":{"('0059-JGM-2020', 0)":"Tr\u00e1mite Parlamentario N\u00b0 69"},"Fecha: ":{"('0059-JGM-2020', 0)":"22\/06\/2020"},"T\u00edtulo":{"('0059-JGM-2020', 0)":"COMUNICACION DEL DECRETO DE NECESIDAD Y URGENCIA 543\/2020 DEL 18 DE JUNIO DE 2020 POR EL CUAL SE PRORROGA POR 180 DIAS LA RENEGOCIACION TARIFARIA PREVISTA EN LA LEY 27541, DE EMERGENCIA PUBLICA, Y HASTA EL 28 DE JUNIO DE 2020 LA PROHIBICION DE CORTAR EL SUMINISTRO DE LOS SERVICIOS PUBLICOS POR MORA."},"('Firmantes', 'FIRMANTE')":{"('0059-JGM-2020', 0)":"CAFIERO, SANTIAGO ANDRES"},"('Firmantes', 'DISTRITO')":{"('0059-JGM-2020', 0)":null},"('Firmantes', 'BLOQUE')":{"('0059-JGM-2020', 0)":"PODER EJECUTIVO"},"('Giros', 'COMISI\u00d3N')":{"('0059-JGM-2020', 0)":"BICAMERAL PERMANENTE DE TRAMITE LEGISLATIVO - LEY 26122"},"Palabra Clave":{"('0059-JGM-2020', 0)":" "}}