{"Tipo de Proyecto":{"('0060-S-2020', 0)":"PROYECTO DE LEY","('0060-S-2020', 1)":null,"('0060-S-2020', 2)":null,"('0060-S-2020', 3)":null},"Iniciado en: ":{"('0060-S-2020', 0)":"Senado","('0060-S-2020', 1)":null,"('0060-S-2020', 2)":null,"('0060-S-2020', 3)":null},"Expediente Diputados: ":{"('0060-S-2020', 0)":"0060-S-2020","('0060-S-2020', 1)":null,"('0060-S-2020', 2)":null,"('0060-S-2020', 3)":null},"Expediente Senado: ":{"('0060-S-2020', 0)":"0043-S-2020","('0060-S-2020', 1)":null,"('0060-S-2020', 2)":null,"('0060-S-2020', 3)":null},"Publicado en: ":{"('0060-S-2020', 0)":"Diario de Asuntos Entrados N\u00b0 3","('0060-S-2020', 1)":null,"('0060-S-2020', 2)":null,"('0060-S-2020', 3)":null},"Fecha: ":{"('0060-S-2020', 0)":"02\/03\/2020","('0060-S-2020', 1)":null,"('0060-S-2020', 2)":null,"('0060-S-2020', 3)":null},"T\u00edtulo":{"('0060-S-2020', 0)":"MODIFICACION DEL ARTICULO 155 Y 169 DEL CODIGO PENAL ARGENTINO, PENANDO LA DIFUSION Y\/O PUBLICACION DE IMAGENES NO CONSENTIDAS DE CONTENIDOS DE DESNUDEZ, SEXUAL O EROTICO DE PERSONAS.","('0060-S-2020', 1)":null,"('0060-S-2020', 2)":null,"('0060-S-2020', 3)":null},"('Firmantes', 'FIRMANTE')":{"('0060-S-2020', 0)":"LEDESMA ABDALA DE ZAMORA, CLAUDIA","('0060-S-2020', 1)":"NEDER, JOSE EMILIO","('0060-S-2020', 2)":"MONTENEGRO, GERARDO ANTENOR","('0060-S-2020', 3)":null},"('Firmantes', 'DISTRITO')":{"('0060-S-2020', 0)":"SANTIAGO DEL ESTERO","('0060-S-2020', 1)":"SANTIAGO DEL ESTERO","('0060-S-2020', 2)":"SANTIAGO DEL ESTERO","('0060-S-2020', 3)":null},"('Firmantes', 'BLOQUE')":{"('0060-S-2020', 0)":"FRENTE DE TODOS","('0060-S-2020', 1)":"FRENTE DE TODOS","('0060-S-2020', 2)":"FRENTE DE TODOS","('0060-S-2020', 3)":null},"('Giros', 'COMISI\u00d3N')":{"('0060-S-2020', 0)":"LEGISLACION PENAL","('0060-S-2020', 1)":null,"('0060-S-2020', 2)":null,"('0060-S-2020', 3)":null},"('Tramites', 'C\u00c1MARA')":{"('0060-S-2020', 0)":"Senado","('0060-S-2020', 1)":"Senado","('0060-S-2020', 2)":"Senado","('0060-S-2020', 3)":"Diputados"},"('Tramites', 'MOVIMIENTO')":{"('0060-S-2020', 0)":"CITACION SESION ESPECIAL","('0060-S-2020', 1)":"CONSIDERACION Y APROBACION CON MODIFICACIONES (SESION POR VIDEOCONFERENCIA)","('0060-S-2020', 2)":"INSERCIONES","('0060-S-2020', 3)":"PASA A DIPUTADOS -"},"('Tramites', 'FECHA')":{"('0060-S-2020', 0)":"23\/07\/2020","('0060-S-2020', 1)":"23\/07\/2020","('0060-S-2020', 2)":"23\/07\/2020","('0060-S-2020', 3)":null},"('Tramites', 'RESULTADO')":{"('0060-S-2020', 0)":null,"('0060-S-2020', 1)":"MEDIA SANCION","('0060-S-2020', 2)":null,"('0060-S-2020', 3)":null},"Link":{"('0060-S-2020', 0)":"http:\/\/www.senado.gov.ar\/parlamentario\/comisiones\/verExp\/43.20\/S\/PL","('0060-S-2020', 1)":null,"('0060-S-2020', 2)":null,"('0060-S-2020', 3)":null},"Palabra Clave":{"('0060-S-2020', 0)":" ","('0060-S-2020', 1)":null,"('0060-S-2020', 2)":null,"('0060-S-2020', 3)":null}}