{"Tipo de Proyecto":{"('0060-JGM-2020', 0)":"MENSAJE NRO: 0052\/20"},"Iniciado en: ":{"('0060-JGM-2020', 0)":"Diputados"},"Expediente Diputados: ":{"('0060-JGM-2020', 0)":"0060-JGM-2020"},"Publicado en: ":{"('0060-JGM-2020', 0)":"Tr\u00e1mite Parlamentario N\u00b0 70"},"Fecha: ":{"('0060-JGM-2020', 0)":"23\/06\/2020"},"T\u00edtulo":{"('0060-JGM-2020', 0)":"COMUNICACION DEL DECRETO DE FACULTADES DELEGADAS 545\/2020 DEL 18 DE JUNIO DE 2020 POR EL CUAL SE PRORROGA POR UN PLAZO DE 60 DIAS, EL TRATAMIENTO DIFERENCIAL OTORGADO A LOS EMPLEADORES CORRESPONDIENTES A LAS ACTIVIDADES RELACIONADAS CON LA SALUD, EN LO QUE RESPECTA A LAS CONTRIBUCIONES PATRONALES CON DESTINO AL SISTEMA INTEGRADO PREVISIONAL ARGENTINO - SIPA - Y AL IMPUESTO SOBRE LOS CREDITOS Y DEBITOS EN CUENTAS BANCARIAS Y OTRAS OPERATORIAS, PREVISTO EN EL DECRETO 300\/2020."},"('Firmantes', 'FIRMANTE')":{"('0060-JGM-2020', 0)":"CAFIERO, SANTIAGO ANDRES"},"('Firmantes', 'DISTRITO')":{"('0060-JGM-2020', 0)":null},"('Firmantes', 'BLOQUE')":{"('0060-JGM-2020', 0)":"PODER EJECUTIVO"},"('Giros', 'COMISI\u00d3N')":{"('0060-JGM-2020', 0)":"BICAMERAL PERMANENTE DE TRAMITE LEGISLATIVO - LEY 26122"},"Palabra Clave":{"('0060-JGM-2020', 0)":" "}}