{"Tipo de Proyecto":{"('0061-D-2020', 0)":"PROYECTO DE RESOLUCI\u00d3N","('0061-D-2020', 1)":null},"Iniciado en: ":{"('0061-D-2020', 0)":"Diputados","('0061-D-2020', 1)":null},"Expediente Diputados: ":{"('0061-D-2020', 0)":"0061-D-2020","('0061-D-2020', 1)":null},"Publicado en: ":{"('0061-D-2020', 0)":"Tr\u00e1mite Parlamentario N\u00b0 1","('0061-D-2020', 1)":null},"Fecha: ":{"('0061-D-2020', 0)":"02\/03\/2020","('0061-D-2020', 1)":null},"T\u00edtulo":{"('0061-D-2020', 0)":"EXPRESAR REPUDIO POR LOS HECHOS DE VIOLENCIA CONTRA LA PLATAFORMA DE COMUNICACION MULTIMEDIA \"REC\", OCURRIDOS EL 24 DE FEBRERO DE 2020, EN LA PROVINCIA DE SANTA FE.","('0061-D-2020', 1)":null},"('Firmantes', 'FIRMANTE')":{"('0061-D-2020', 0)":"ESTEVEZ, ENRIQUE","('0061-D-2020', 1)":null},"('Firmantes', 'DISTRITO')":{"('0061-D-2020', 0)":"SANTA FE","('0061-D-2020', 1)":null},"('Firmantes', 'BLOQUE')":{"('0061-D-2020', 0)":"SOCIALISTA","('0061-D-2020', 1)":null},"('Giros', 'COMISI\u00d3N')":{"('0061-D-2020', 0)":"COMUNICACIONES E INFORMATICA","('0061-D-2020', 1)":"LIBERTAD DE EXPRESION"},"Link":{"('0061-D-2020', 0)":"https:\/\/www.hcdn.gob.ar\/proyectos\/textoCompleto.jsp?exp=0061-D-2020&tipo=RESOLUCION","('0061-D-2020', 1)":null},"Palabra Clave":{"('0061-D-2020', 0)":" ","('0061-D-2020', 1)":null}}