{"Tipo de Proyecto":{"('0062-D-2020', 0)":"PROYECTO DE LEY","('0062-D-2020', 1)":null},"Iniciado en: ":{"('0062-D-2020', 0)":"Diputados","('0062-D-2020', 1)":null},"Expediente Diputados: ":{"('0062-D-2020', 0)":"0062-D-2020","('0062-D-2020', 1)":null},"Publicado en: ":{"('0062-D-2020', 0)":"Tr\u00e1mite Parlamentario N\u00b0 1","('0062-D-2020', 1)":null},"Fecha: ":{"('0062-D-2020', 0)":"02\/03\/2020","('0062-D-2020', 1)":null},"T\u00edtulo":{"('0062-D-2020', 0)":"\"CONVENCION INTERAMERICANA CONTRA TODA FORMA DE DISCRIMINACION E INTOLERANCIA, ADOPTADA POR LA ANTIGUA, GUATEMALA \"EL 5 DE JUNIO DE 2013. APROBACION.","('0062-D-2020', 1)":null},"('Firmantes', 'FIRMANTE')":{"('0062-D-2020', 0)":"ESTEVEZ, ENRIQUE","('0062-D-2020', 1)":null},"('Firmantes', 'DISTRITO')":{"('0062-D-2020', 0)":"SANTA FE","('0062-D-2020', 1)":null},"('Firmantes', 'BLOQUE')":{"('0062-D-2020', 0)":"SOCIALISTA","('0062-D-2020', 1)":null},"('Giros', 'COMISI\u00d3N')":{"('0062-D-2020', 0)":"RELACIONES EXTERIORES Y CULTO","('0062-D-2020', 1)":"DERECHOS HUMANOS Y GARANTIAS"},"Link":{"('0062-D-2020', 0)":"https:\/\/www.hcdn.gob.ar\/proyectos\/textoCompleto.jsp?exp=0062-D-2020&tipo=LEY","('0062-D-2020', 1)":null},"Palabra Clave":{"('0062-D-2020', 0)":" ","('0062-D-2020', 1)":null}}