{"Tipo de Proyecto":{"('0062-S-2020', 0)":"PROYECTO DE DECLARACI\u00d3N"},"Iniciado en: ":{"('0062-S-2020', 0)":"Senado"},"Expediente Senado: ":{"('0062-S-2020', 0)":"0062-S-2020"},"Publicado en: ":{"('0062-S-2020', 0)":"Diario de Asuntos Entrados N\u00b0 4"},"Fecha: ":{"('0062-S-2020', 0)":"02\/03\/2020"},"T\u00edtulo":{"('0062-S-2020', 0)":"DECLARAR DE INTERES PARLAMENTARIO Y CULTURAL EL LIBRO \" DANZANDO EL MANDALA DE TUS LUNAS \", DE LA LICENCIADA MONICA GOBBIN (REPRODUCCION DEL EXPEDIENTE 2196-S-18)."},"('Firmantes', 'FIRMANTE')":{"('0062-S-2020', 0)":"SACNUN, MARIA DE LOS ANGELES"},"('Firmantes', 'DISTRITO')":{"('0062-S-2020', 0)":"SANTA FE"},"('Firmantes', 'BLOQUE')":{"('0062-S-2020', 0)":"FRENTE DE TODOS"},"Link":{"('0062-S-2020', 0)":"http:\/\/www.senado.gov.ar\/parlamentario\/comisiones\/verExp\/62.20\/S\/PD"},"Palabra Clave":{"('0062-S-2020', 0)":" "}}