{"Tipo de Proyecto":{"('0062-JGM-2020', 0)":"MENSAJE NRO: 0054\/20"},"Iniciado en: ":{"('0062-JGM-2020', 0)":"Diputados"},"Expediente Diputados: ":{"('0062-JGM-2020', 0)":"0062-JGM-2020"},"Publicado en: ":{"('0062-JGM-2020', 0)":"Tr\u00e1mite Parlamentario N\u00b0 73"},"Fecha: ":{"('0062-JGM-2020', 0)":"26\/06\/2020"},"T\u00edtulo":{"('0062-JGM-2020', 0)":"COMUNICACION DEL DECRETO DE FACULTADES DELEGADAS 544\/2020 DE FECHA 18 DE JUNIO DE 2020 POR EL CUAL SE PRORROGA HASTA EL 31 DE DICIEMBRE DE 2020, INCLUSIVE, LO DISPUESTO EN LOS ARTICULOS 1 Y 2 DEL DECRETO 312\/20 SOBRE SUSPENSION DE CUENTAS BANCARIAS."},"('Firmantes', 'FIRMANTE')":{"('0062-JGM-2020', 0)":"CAFIERO, SANTIAGO ANDRES"},"('Firmantes', 'DISTRITO')":{"('0062-JGM-2020', 0)":null},"('Firmantes', 'BLOQUE')":{"('0062-JGM-2020', 0)":"PODER EJECUTIVO"},"('Giros', 'COMISI\u00d3N')":{"('0062-JGM-2020', 0)":"BICAMERAL PERMANENTE DE TRAMITE LEGISLATIVO - LEY 26122"},"Palabra Clave":{"('0062-JGM-2020', 0)":" "}}