{"Tipo de Proyecto":{"('0063-JGM-2020', 0)":"MENSAJE NRO: 0055\/20"},"Iniciado en: ":{"('0063-JGM-2020', 0)":"Diputados"},"Expediente Diputados: ":{"('0063-JGM-2020', 0)":"0063-JGM-2020"},"Publicado en: ":{"('0063-JGM-2020', 0)":"Tr\u00e1mite Parlamentario N\u00b0 75"},"Fecha: ":{"('0063-JGM-2020', 0)":"30\/06\/2020"},"T\u00edtulo":{"('0063-JGM-2020', 0)":"COMUNICACION DEL DICTADO DEL DECRETO DE NECESIDAD Y URGENCIA 576 DEL 29 DE JUNIO DE 2020 POR EL CUAL SE PRORROGA ASPO Y DISTANCIAMIENTO SOCIAL, PREVENTIVO Y OBLIGATORIO - REGIMEN APLICABLE DESDE EL 1\u00b0 HASTA EL 17 DE JULIO DE 2020 INCLUSIVE."},"('Firmantes', 'FIRMANTE')":{"('0063-JGM-2020', 0)":"CAFIERO, SANTIAGO ANDRES"},"('Firmantes', 'DISTRITO')":{"('0063-JGM-2020', 0)":null},"('Firmantes', 'BLOQUE')":{"('0063-JGM-2020', 0)":"PODER EJECUTIVO"},"('Giros', 'COMISI\u00d3N')":{"('0063-JGM-2020', 0)":"BICAMERAL PERMANENTE DE TRAMITE LEGISLATIVO - LEY 26122"},"('Tramites', 'C\u00c1MARA')":{"('0063-JGM-2020', 0)":"Diputados"},"('Tramites', 'MOVIMIENTO')":{"('0063-JGM-2020', 0)":"VER TRAMITE DEL DECRETO EN SENADO EN EXPEDIENTE 1509-S-2020"},"('Tramites', 'FECHA')":{"('0063-JGM-2020', 0)":null},"('Tramites', 'RESULTADO')":{"('0063-JGM-2020', 0)":null},"Palabra Clave":{"('0063-JGM-2020', 0)":" "}}