{"Tipo de Proyecto":{"('0063-S-2020', 0)":"PROYECTO DE LEY"},"Iniciado en: ":{"('0063-S-2020', 0)":"Senado"},"Expediente Senado: ":{"('0063-S-2020', 0)":"0063-S-2020"},"Publicado en: ":{"('0063-S-2020', 0)":"Diario de Asuntos Entrados N\u00b0 4"},"Fecha: ":{"('0063-S-2020', 0)":"02\/03\/2020"},"T\u00edtulo":{"('0063-S-2020', 0)":"MODIFICACIONES A LA LEY 20785 -BIENES DECOMISADOS EN CAUSAS PENALES- SOBRE EL TRATAMIENTO DE FALSIFICACIONES DE OBRAS DE ARTE (REPRODUCCION DEL EXPEDIENTE 0188-S-18)."},"('Firmantes', 'FIRMANTE')":{"('0063-S-2020', 0)":"BULLRICH, ESTEBAN JOSE"},"('Firmantes', 'DISTRITO')":{"('0063-S-2020', 0)":"BUENOS AIRES"},"('Firmantes', 'BLOQUE')":{"('0063-S-2020', 0)":"FRENTE PRO"},"Sumario":{"('0063-S-2020', 0)":"MODIFICACION DE LOS ARTICULOS 3 INCISO B) Y 7; INVITACION A DICTAR NORMAS NECESARIAS A FIN DE ARMONIZAR SU LEGISLACION CON LO ESTABLECIDO POR ESTA LEY."},"Palabra Clave":{"('0063-S-2020', 0)":" "}}