{"Tipo de Proyecto":{"('0063-D-2020', 0)":"PROYECTO DE RESOLUCI\u00d3N","('0063-D-2020', 1)":null},"Iniciado en: ":{"('0063-D-2020', 0)":"Diputados","('0063-D-2020', 1)":null},"Expediente Diputados: ":{"('0063-D-2020', 0)":"0063-D-2020","('0063-D-2020', 1)":null},"Publicado en: ":{"('0063-D-2020', 0)":"Tr\u00e1mite Parlamentario N\u00b0 1","('0063-D-2020', 1)":null},"Fecha: ":{"('0063-D-2020', 0)":"02\/03\/2020","('0063-D-2020', 1)":null},"T\u00edtulo":{"('0063-D-2020', 0)":"DECLARAR DE INTERES DE LA H. CAMARA EL CONGRESO ARGENTINO DE \"EDUCADORES MUSICALES -FLADEM 2020-\", A REALIZARSE DEL 17 AL 19 DE ABRIL DE 2020, EN LA CIUDAD CAPITAL DE LA PROVINCIA DE CORDOBA.","('0063-D-2020', 1)":null},"('Firmantes', 'FIRMANTE')":{"('0063-D-2020', 0)":"AUSTIN, BRENDA LIS","('0063-D-2020', 1)":"ESTEVEZ, GABRIELA BEATRIZ"},"('Firmantes', 'DISTRITO')":{"('0063-D-2020', 0)":"CORDOBA","('0063-D-2020', 1)":"CORDOBA"},"('Firmantes', 'BLOQUE')":{"('0063-D-2020', 0)":"UCR","('0063-D-2020', 1)":"FRENTE DE TODOS"},"('Giros', 'COMISI\u00d3N')":{"('0063-D-2020', 0)":"CULTURA","('0063-D-2020', 1)":null},"('Tramites', 'C\u00c1MARA')":{"('0063-D-2020', 0)":"Diputados","('0063-D-2020', 1)":null},"('Tramites', 'MOVIMIENTO')":{"('0063-D-2020', 0)":"SOLICITUD DE SER COFIRMANTE DE LA DIPUTADA GABRIELA ESTEVEZ (A SUS ANTECEDENTES)","('0063-D-2020', 1)":null},"('Tramites', 'FECHA')":{"('0063-D-2020', 0)":null,"('0063-D-2020', 1)":null},"('Tramites', 'RESULTADO')":{"('0063-D-2020', 0)":null,"('0063-D-2020', 1)":null},"Palabra Clave":{"('0063-D-2020', 0)":" ","('0063-D-2020', 1)":null}}