{"Tipo de Proyecto":{"('0064-D-2020', 0)":"PROYECTO DE LEY","('0064-D-2020', 1)":null,"('0064-D-2020', 2)":null,"('0064-D-2020', 3)":null,"('0064-D-2020', 4)":null,"('0064-D-2020', 5)":null,"('0064-D-2020', 6)":null,"('0064-D-2020', 7)":null,"('0064-D-2020', 8)":null,"('0064-D-2020', 9)":null},"Iniciado en: ":{"('0064-D-2020', 0)":"Diputados","('0064-D-2020', 1)":null,"('0064-D-2020', 2)":null,"('0064-D-2020', 3)":null,"('0064-D-2020', 4)":null,"('0064-D-2020', 5)":null,"('0064-D-2020', 6)":null,"('0064-D-2020', 7)":null,"('0064-D-2020', 8)":null,"('0064-D-2020', 9)":null},"Expediente Diputados: ":{"('0064-D-2020', 0)":"0064-D-2020","('0064-D-2020', 1)":null,"('0064-D-2020', 2)":null,"('0064-D-2020', 3)":null,"('0064-D-2020', 4)":null,"('0064-D-2020', 5)":null,"('0064-D-2020', 6)":null,"('0064-D-2020', 7)":null,"('0064-D-2020', 8)":null,"('0064-D-2020', 9)":null},"Publicado en: ":{"('0064-D-2020', 0)":"Tr\u00e1mite Parlamentario N\u00b0 1","('0064-D-2020', 1)":null,"('0064-D-2020', 2)":null,"('0064-D-2020', 3)":null,"('0064-D-2020', 4)":null,"('0064-D-2020', 5)":null,"('0064-D-2020', 6)":null,"('0064-D-2020', 7)":null,"('0064-D-2020', 8)":null,"('0064-D-2020', 9)":null},"Fecha: ":{"('0064-D-2020', 0)":"02\/03\/2020","('0064-D-2020', 1)":null,"('0064-D-2020', 2)":null,"('0064-D-2020', 3)":null,"('0064-D-2020', 4)":null,"('0064-D-2020', 5)":null,"('0064-D-2020', 6)":null,"('0064-D-2020', 7)":null,"('0064-D-2020', 8)":null,"('0064-D-2020', 9)":null},"T\u00edtulo":{"('0064-D-2020', 0)":"CONVENCION INTERAMERICANA CONTRA TODA FORMA DE DISCRIMINACION E INTOLERANCIA, ADOPTADA POR LA ORGANIZACION DE LOS ESTADOS AMERICANOS - OEA -, EL 5 DE JUNIO DE 2013. APROBACION. ","('0064-D-2020', 1)":null,"('0064-D-2020', 2)":null,"('0064-D-2020', 3)":null,"('0064-D-2020', 4)":null,"('0064-D-2020', 5)":null,"('0064-D-2020', 6)":null,"('0064-D-2020', 7)":null,"('0064-D-2020', 8)":null,"('0064-D-2020', 9)":null},"('Firmantes', 'FIRMANTE')":{"('0064-D-2020', 0)":"AUSTIN, BRENDA LIS","('0064-D-2020', 1)":"NAJUL, CLAUDIA","('0064-D-2020', 2)":"AYALA, AIDA BEATRIZ MAXIMA","('0064-D-2020', 3)":"REYES, ROXANA NAHIR","('0064-D-2020', 4)":"ZAMARBIDE, FEDERICO RAUL","('0064-D-2020', 5)":"LENA, GABRIELA","('0064-D-2020', 6)":"ASCARATE, LIDIA INES","('0064-D-2020', 7)":"STEFANI, HECTOR ANTONIO","('0064-D-2020', 8)":"OCA\u00d1A, MARIA GRACIELA","('0064-D-2020', 9)":"SAHAD, JULIO ENRIQUE"},"('Firmantes', 'DISTRITO')":{"('0064-D-2020', 0)":"CORDOBA","('0064-D-2020', 1)":"MENDOZA","('0064-D-2020', 2)":"CHACO","('0064-D-2020', 3)":"SANTA CRUZ","('0064-D-2020', 4)":"MENDOZA","('0064-D-2020', 5)":"ENTRE RIOS","('0064-D-2020', 6)":"TUCUMAN","('0064-D-2020', 7)":"TIERRA DEL FUEGO","('0064-D-2020', 8)":"BUENOS AIRES","('0064-D-2020', 9)":"LA RIOJA"},"('Firmantes', 'BLOQUE')":{"('0064-D-2020', 0)":"UCR","('0064-D-2020', 1)":"UCR","('0064-D-2020', 2)":"UCR","('0064-D-2020', 3)":"UCR","('0064-D-2020', 4)":"UCR","('0064-D-2020', 5)":"UCR","('0064-D-2020', 6)":"UCR","('0064-D-2020', 7)":"PRO","('0064-D-2020', 8)":"PRO","('0064-D-2020', 9)":"PRO"},"('Giros', 'COMISI\u00d3N')":{"('0064-D-2020', 0)":"RELACIONES EXTERIORES Y CULTO","('0064-D-2020', 1)":"DERECHOS HUMANOS Y GARANTIAS","('0064-D-2020', 2)":null,"('0064-D-2020', 3)":null,"('0064-D-2020', 4)":null,"('0064-D-2020', 5)":null,"('0064-D-2020', 6)":null,"('0064-D-2020', 7)":null,"('0064-D-2020', 8)":null,"('0064-D-2020', 9)":null},"('Tramites', 'C\u00c1MARA')":{"('0064-D-2020', 0)":"Diputados","('0064-D-2020', 1)":null,"('0064-D-2020', 2)":null,"('0064-D-2020', 3)":null,"('0064-D-2020', 4)":null,"('0064-D-2020', 5)":null,"('0064-D-2020', 6)":null,"('0064-D-2020', 7)":null,"('0064-D-2020', 8)":null,"('0064-D-2020', 9)":null},"('Tramites', 'MOVIMIENTO')":{"('0064-D-2020', 0)":"SOLICITUD DE SER COFIRMANTE DE LOS DIPUTADOS Y LAS DIPUTADAS: NAJUL, AYALA, REYES, ZAMARBIDE, LENA, ASCARATE, STEFANI, OCA\u00d1A Y SAHAD (A SUS ANTECEDENTES)","('0064-D-2020', 1)":null,"('0064-D-2020', 2)":null,"('0064-D-2020', 3)":null,"('0064-D-2020', 4)":null,"('0064-D-2020', 5)":null,"('0064-D-2020', 6)":null,"('0064-D-2020', 7)":null,"('0064-D-2020', 8)":null,"('0064-D-2020', 9)":null},"('Tramites', 'FECHA')":{"('0064-D-2020', 0)":null,"('0064-D-2020', 1)":null,"('0064-D-2020', 2)":null,"('0064-D-2020', 3)":null,"('0064-D-2020', 4)":null,"('0064-D-2020', 5)":null,"('0064-D-2020', 6)":null,"('0064-D-2020', 7)":null,"('0064-D-2020', 8)":null,"('0064-D-2020', 9)":null},"('Tramites', 'RESULTADO')":{"('0064-D-2020', 0)":null,"('0064-D-2020', 1)":null,"('0064-D-2020', 2)":null,"('0064-D-2020', 3)":null,"('0064-D-2020', 4)":null,"('0064-D-2020', 5)":null,"('0064-D-2020', 6)":null,"('0064-D-2020', 7)":null,"('0064-D-2020', 8)":null,"('0064-D-2020', 9)":null},"Link":{"('0064-D-2020', 0)":"https:\/\/www.hcdn.gob.ar\/proyectos\/textoCompleto.jsp?exp=0064-D-2020&tipo=LEY","('0064-D-2020', 1)":null,"('0064-D-2020', 2)":null,"('0064-D-2020', 3)":null,"('0064-D-2020', 4)":null,"('0064-D-2020', 5)":null,"('0064-D-2020', 6)":null,"('0064-D-2020', 7)":null,"('0064-D-2020', 8)":null,"('0064-D-2020', 9)":null},"Palabra Clave":{"('0064-D-2020', 0)":" ","('0064-D-2020', 1)":null,"('0064-D-2020', 2)":null,"('0064-D-2020', 3)":null,"('0064-D-2020', 4)":null,"('0064-D-2020', 5)":null,"('0064-D-2020', 6)":null,"('0064-D-2020', 7)":null,"('0064-D-2020', 8)":null,"('0064-D-2020', 9)":null}}