{"Tipo de Proyecto":{"('0065-JGM-2020', 0)":"MENSAJE NRO: 0057\/20","('0065-JGM-2020', 1)":null},"Iniciado en: ":{"('0065-JGM-2020', 0)":"Diputados","('0065-JGM-2020', 1)":null},"Expediente Diputados: ":{"('0065-JGM-2020', 0)":"0065-JGM-2020","('0065-JGM-2020', 1)":null},"Publicado en: ":{"('0065-JGM-2020', 0)":"Tr\u00e1mite Parlamentario N\u00b0 76","('0065-JGM-2020', 1)":null},"Fecha: ":{"('0065-JGM-2020', 0)":"01\/07\/2020","('0065-JGM-2020', 1)":null},"T\u00edtulo":{"('0065-JGM-2020', 0)":"REMISION DE LA CUENTA DE INVERSION CORRESPONDIENTE AL EJERCICIO FISCAL 2019 CONFORME A LOS TERMINOS DEL ARTICULO 75, INCISOS 8 DE LA CONSTITUCION NACIONAL.","('0065-JGM-2020', 1)":null},"('Firmantes', 'FIRMANTE')":{"('0065-JGM-2020', 0)":"CAFIERO, SANTIAGO ANDRES","('0065-JGM-2020', 1)":"GUZMAN, MARTIN MAXIMILIANO"},"('Firmantes', 'DISTRITO')":{"('0065-JGM-2020', 0)":null,"('0065-JGM-2020', 1)":null},"('Firmantes', 'BLOQUE')":{"('0065-JGM-2020', 0)":"PODER EJECUTIVO","('0065-JGM-2020', 1)":"PODER EJECUTIVO"},"('Giros', 'COMISI\u00d3N')":{"('0065-JGM-2020', 0)":"PARLAMENTARIA MIXTA REVISORA DE CUENTAS","('0065-JGM-2020', 1)":null},"Palabra Clave":{"('0065-JGM-2020', 0)":" ","('0065-JGM-2020', 1)":null}}