{"Tipo de Proyecto":{"('0066-PE-2020', 0)":"MENSAJE NRO: 0037\/20 Y PROYECTO DE LEY","('0066-PE-2020', 1)":null,"('0066-PE-2020', 2)":null},"Iniciado en: ":{"('0066-PE-2020', 0)":"Senado","('0066-PE-2020', 1)":null,"('0066-PE-2020', 2)":null},"Expediente Senado: ":{"('0066-PE-2020', 0)":"0066-PE-2020","('0066-PE-2020', 1)":null,"('0066-PE-2020', 2)":null},"Publicado en: ":{"('0066-PE-2020', 0)":"Diario de Asuntos Entrados N\u00b0 58","('0066-PE-2020', 1)":null,"('0066-PE-2020', 2)":null},"Fecha: ":{"('0066-PE-2020', 0)":"12\/06\/2020","('0066-PE-2020', 1)":null,"('0066-PE-2020', 2)":null},"T\u00edtulo":{"('0066-PE-2020', 0)":"APROBACION DEL ACUERDO CON LA UNESCO SOBRE LA RENOVACION DEL CENTRO INTERNACIONAL PARA LA PROMOCION DE LOS DERECHOS HUMANOS COMO CENTRO DE CATEGORIA 2 EN BUENOS AIRES (REPUBLICA ARGENTINA).","('0066-PE-2020', 1)":null,"('0066-PE-2020', 2)":null},"('Firmantes', 'FIRMANTE')":{"('0066-PE-2020', 0)":"FERNANDEZ, ALBERTO","('0066-PE-2020', 1)":"CAFIERO, SANTIAGO ANDRES","('0066-PE-2020', 2)":"SOLA, FELIPE CARLOS"},"('Firmantes', 'DISTRITO')":{"('0066-PE-2020', 0)":null,"('0066-PE-2020', 1)":null,"('0066-PE-2020', 2)":null},"('Firmantes', 'BLOQUE')":{"('0066-PE-2020', 0)":"PODER EJECUTIVO","('0066-PE-2020', 1)":"PODER EJECUTIVO","('0066-PE-2020', 2)":"PODER EJECUTIVO"},"Sumario":{"('0066-PE-2020', 0)":"CELEBRADO EN LA CIUDAD DE PARIS, REPUBLICA FRANCESA, EL 16 DE OCTUBRE DE 2019.","('0066-PE-2020', 1)":null,"('0066-PE-2020', 2)":null},"Palabra Clave":{"('0066-PE-2020', 0)":" ","('0066-PE-2020', 1)":null,"('0066-PE-2020', 2)":null}}