{"Tipo de Proyecto":{"('0066-S-2020', 0)":"PROYECTO DE LEY"},"Iniciado en: ":{"('0066-S-2020', 0)":"Senado"},"Expediente Senado: ":{"('0066-S-2020', 0)":"0066-S-2020"},"Publicado en: ":{"('0066-S-2020', 0)":"Diario de Asuntos Entrados N\u00b0 4"},"Fecha: ":{"('0066-S-2020', 0)":"02\/03\/2020"},"T\u00edtulo":{"('0066-S-2020', 0)":"CREACION DEL PROTOCOLO DE ACTUACION ESCOLAR PARA LA ATENCION DE LA PROBLEMATICA DEL ALUMNO QUE PADECE DIABETES (REPRODUCCION DEL EXPEDIENTE 2258-S-18)."},"('Firmantes', 'FIRMANTE')":{"('0066-S-2020', 0)":"BULLRICH, ESTEBAN JOSE"},"('Firmantes', 'DISTRITO')":{"('0066-S-2020', 0)":"BUENOS AIRES"},"('Firmantes', 'BLOQUE')":{"('0066-S-2020', 0)":"FRENTE PRO"},"Sumario":{"('0066-S-2020', 0)":"OBJETO; AUTORIDAD DE APLICACION; LOS ESTABLECIMIENTOS EDUCATIVOS DEBERAN CONTAR CON UNA COBERTURA SANITARIA A TRAVES DE UN EFECTOR DE SALUD,PUBLICO O PRIVADO, PARA LA ATENCION DEL ALUMNO CON DIABETES EN LOS CASOS DE URGENCIA; CAPACITACION EN CONTROLES Y CUIDADOS RUTINARIOS; LA FAMILIA DEL ALUMNO CON DIABETES TIENE LA OBLIGACION DE INFORMAR AL ESTABLECIMIENTO EDUCATIVO LA CONDICION DE SALUD DEL MISMO; COMEDORES ESCOLARES CON MENU ALTERNATIVO SEGUN LAS INDICACIONES DE ALIMENTACION REQUERIDA POR EL ALUMNO CON DIABETES; DE APLICACION OBLIGATORIA EN TODO EL TERRITORIO DE LA REPUBLICA ARGENTINA."},"Palabra Clave":{"('0066-S-2020', 0)":" "}}