{"Tipo de Proyecto":{"('0066-D-2020', 0)":"PROYECTO DE LEY","('0066-D-2020', 1)":null,"('0066-D-2020', 2)":null,"('0066-D-2020', 3)":null},"Iniciado en: ":{"('0066-D-2020', 0)":"Diputados","('0066-D-2020', 1)":null,"('0066-D-2020', 2)":null,"('0066-D-2020', 3)":null},"Expediente Diputados: ":{"('0066-D-2020', 0)":"0066-D-2020","('0066-D-2020', 1)":null,"('0066-D-2020', 2)":null,"('0066-D-2020', 3)":null},"Publicado en: ":{"('0066-D-2020', 0)":"Tr\u00e1mite Parlamentario N\u00b0 1","('0066-D-2020', 1)":null,"('0066-D-2020', 2)":null,"('0066-D-2020', 3)":null},"Fecha: ":{"('0066-D-2020', 0)":"02\/03\/2020","('0066-D-2020', 1)":null,"('0066-D-2020', 2)":null,"('0066-D-2020', 3)":null},"T\u00edtulo":{"('0066-D-2020', 0)":"CONDICIONES DE IGUALDAD DE DERECHOS HUMANOS PARA LAS PERSONAS TRANS. REGIMEN. ","('0066-D-2020', 1)":null,"('0066-D-2020', 2)":null,"('0066-D-2020', 3)":null},"('Firmantes', 'FIRMANTE')":{"('0066-D-2020', 0)":"AUSTIN, BRENDA LIS","('0066-D-2020', 1)":"FERRARO, MAXIMILIANO","('0066-D-2020', 2)":null,"('0066-D-2020', 3)":null},"('Firmantes', 'DISTRITO')":{"('0066-D-2020', 0)":"CORDOBA","('0066-D-2020', 1)":"CIUDAD de BUENOS AIRES","('0066-D-2020', 2)":null,"('0066-D-2020', 3)":null},"('Firmantes', 'BLOQUE')":{"('0066-D-2020', 0)":"UCR","('0066-D-2020', 1)":"COALICION CIVICA","('0066-D-2020', 2)":null,"('0066-D-2020', 3)":null},"('Giros', 'COMISI\u00d3N')":{"('0066-D-2020', 0)":"MUJERES Y DIVERSIDAD","('0066-D-2020', 1)":"DERECHOS HUMANOS Y GARANTIAS","('0066-D-2020', 2)":"LEGISLACION GENERAL","('0066-D-2020', 3)":"PRESUPUESTO Y HACIENDA"},"('Tramites', 'C\u00c1MARA')":{"('0066-D-2020', 0)":"Diputados","('0066-D-2020', 1)":null,"('0066-D-2020', 2)":null,"('0066-D-2020', 3)":null},"('Tramites', 'MOVIMIENTO')":{"('0066-D-2020', 0)":"SOLICITUD DE SER COFIRMANTE DEL DIPUTADO FERRARO (A SUS ANTECEDENTES)","('0066-D-2020', 1)":null,"('0066-D-2020', 2)":null,"('0066-D-2020', 3)":null},"('Tramites', 'FECHA')":{"('0066-D-2020', 0)":null,"('0066-D-2020', 1)":null,"('0066-D-2020', 2)":null,"('0066-D-2020', 3)":null},"('Tramites', 'RESULTADO')":{"('0066-D-2020', 0)":null,"('0066-D-2020', 1)":null,"('0066-D-2020', 2)":null,"('0066-D-2020', 3)":null},"Sumario":{"('0066-D-2020', 0)":"OBJETO; DEFINICION; RECONOCIMIENTO; VISIBILIDAD; CUPO LABORAL; UNIVERSIDADES NACIONALES; DERECHO A LA EDUCACION Y ACCESO A BIENES CULTURALES; INCLUSION EDUCATIVA; BECAS DE APOYO ESTUDIANTIL; ACCESO A LA SALUD; ACCESO A LA VIVIENDA DIGNA; EJERCICIO DE DERECHOS; REGLAMENTACION.","('0066-D-2020', 1)":null,"('0066-D-2020', 2)":null,"('0066-D-2020', 3)":null},"Palabra Clave":{"('0066-D-2020', 0)":" ","('0066-D-2020', 1)":null,"('0066-D-2020', 2)":null,"('0066-D-2020', 3)":null}}