{"Tipo de Proyecto":{"('0067-D-2020', 0)":"PROYECTO DE DECLARACI\u00d3N","('0067-D-2020', 1)":null,"('0067-D-2020', 2)":null,"('0067-D-2020', 3)":null,"('0067-D-2020', 4)":null,"('0067-D-2020', 5)":null,"('0067-D-2020', 6)":null,"('0067-D-2020', 7)":null,"('0067-D-2020', 8)":null,"('0067-D-2020', 9)":null,"('0067-D-2020', 10)":null,"('0067-D-2020', 11)":null,"('0067-D-2020', 12)":null,"('0067-D-2020', 13)":null,"('0067-D-2020', 14)":null,"('0067-D-2020', 15)":null,"('0067-D-2020', 16)":null,"('0067-D-2020', 17)":null,"('0067-D-2020', 18)":null},"Iniciado en: ":{"('0067-D-2020', 0)":"Diputados","('0067-D-2020', 1)":null,"('0067-D-2020', 2)":null,"('0067-D-2020', 3)":null,"('0067-D-2020', 4)":null,"('0067-D-2020', 5)":null,"('0067-D-2020', 6)":null,"('0067-D-2020', 7)":null,"('0067-D-2020', 8)":null,"('0067-D-2020', 9)":null,"('0067-D-2020', 10)":null,"('0067-D-2020', 11)":null,"('0067-D-2020', 12)":null,"('0067-D-2020', 13)":null,"('0067-D-2020', 14)":null,"('0067-D-2020', 15)":null,"('0067-D-2020', 16)":null,"('0067-D-2020', 17)":null,"('0067-D-2020', 18)":null},"Expediente Diputados: ":{"('0067-D-2020', 0)":"0067-D-2020","('0067-D-2020', 1)":null,"('0067-D-2020', 2)":null,"('0067-D-2020', 3)":null,"('0067-D-2020', 4)":null,"('0067-D-2020', 5)":null,"('0067-D-2020', 6)":null,"('0067-D-2020', 7)":null,"('0067-D-2020', 8)":null,"('0067-D-2020', 9)":null,"('0067-D-2020', 10)":null,"('0067-D-2020', 11)":null,"('0067-D-2020', 12)":null,"('0067-D-2020', 13)":null,"('0067-D-2020', 14)":null,"('0067-D-2020', 15)":null,"('0067-D-2020', 16)":null,"('0067-D-2020', 17)":null,"('0067-D-2020', 18)":null},"Publicado en: ":{"('0067-D-2020', 0)":"Tr\u00e1mite Parlamentario N\u00b0 1","('0067-D-2020', 1)":null,"('0067-D-2020', 2)":null,"('0067-D-2020', 3)":null,"('0067-D-2020', 4)":null,"('0067-D-2020', 5)":null,"('0067-D-2020', 6)":null,"('0067-D-2020', 7)":null,"('0067-D-2020', 8)":null,"('0067-D-2020', 9)":null,"('0067-D-2020', 10)":null,"('0067-D-2020', 11)":null,"('0067-D-2020', 12)":null,"('0067-D-2020', 13)":null,"('0067-D-2020', 14)":null,"('0067-D-2020', 15)":null,"('0067-D-2020', 16)":null,"('0067-D-2020', 17)":null,"('0067-D-2020', 18)":null},"Fecha: ":{"('0067-D-2020', 0)":"02\/03\/2020","('0067-D-2020', 1)":null,"('0067-D-2020', 2)":null,"('0067-D-2020', 3)":null,"('0067-D-2020', 4)":null,"('0067-D-2020', 5)":null,"('0067-D-2020', 6)":null,"('0067-D-2020', 7)":null,"('0067-D-2020', 8)":null,"('0067-D-2020', 9)":null,"('0067-D-2020', 10)":null,"('0067-D-2020', 11)":null,"('0067-D-2020', 12)":null,"('0067-D-2020', 13)":null,"('0067-D-2020', 14)":null,"('0067-D-2020', 15)":null,"('0067-D-2020', 16)":null,"('0067-D-2020', 17)":null,"('0067-D-2020', 18)":null},"T\u00edtulo":{"('0067-D-2020', 0)":"EXPRESAR REPUDIO POR EL ATAQUE ARMADO POR GRUPOS PARAMILITARES, OCURRIDOS EL 29 DE FEBRERO DE 2020 EN LA REPUBLICA BOLIVARIANA DE VENEZUELA.","('0067-D-2020', 1)":null,"('0067-D-2020', 2)":null,"('0067-D-2020', 3)":null,"('0067-D-2020', 4)":null,"('0067-D-2020', 5)":null,"('0067-D-2020', 6)":null,"('0067-D-2020', 7)":null,"('0067-D-2020', 8)":null,"('0067-D-2020', 9)":null,"('0067-D-2020', 10)":null,"('0067-D-2020', 11)":null,"('0067-D-2020', 12)":null,"('0067-D-2020', 13)":null,"('0067-D-2020', 14)":null,"('0067-D-2020', 15)":null,"('0067-D-2020', 16)":null,"('0067-D-2020', 17)":null,"('0067-D-2020', 18)":null},"('Firmantes', 'FIRMANTE')":{"('0067-D-2020', 0)":"FERNANDEZ LANGAN, EZEQUIEL","('0067-D-2020', 1)":"CORNEJO, VIRGINIA","('0067-D-2020', 2)":"SAHAD, JULIO ENRIQUE","('0067-D-2020', 3)":"EL SUKARIA, SOHER","('0067-D-2020', 4)":"RITONDO, CRISTIAN ADRIAN","('0067-D-2020', 5)":"SUAREZ LASTRA, FACUNDO","('0067-D-2020', 6)":"CAMPOS, JAVIER","('0067-D-2020', 7)":"CAMPAGNOLI, MARCELA","('0067-D-2020', 8)":"TORELLO, PABLO","('0067-D-2020', 9)":"AICEGA, JUAN","('0067-D-2020', 10)":"LEHMANN, MARIA LUCILA","('0067-D-2020', 11)":"FRADE, MONICA EDITH","('0067-D-2020', 12)":"OCA\u00d1A, MARIA GRACIELA","('0067-D-2020', 13)":"POLLEDO, CARMEN","('0067-D-2020', 14)":"MENNA, GUSTAVO","('0067-D-2020', 15)":"FREGONESE, ALICIA","('0067-D-2020', 16)":"ENRIQUEZ, JORGE RICARDO","('0067-D-2020', 17)":"REGIDOR BELLEDONE, ESTELA MERCEDES","('0067-D-2020', 18)":"BURGOS, MARIA GABRIELA"},"('Firmantes', 'DISTRITO')":{"('0067-D-2020', 0)":"BUENOS AIRES","('0067-D-2020', 1)":"SALTA","('0067-D-2020', 2)":"LA RIOJA","('0067-D-2020', 3)":"CORDOBA","('0067-D-2020', 4)":"BUENOS AIRES","('0067-D-2020', 5)":"CIUDAD de BUENOS AIRES","('0067-D-2020', 6)":"BUENOS AIRES","('0067-D-2020', 7)":"BUENOS AIRES","('0067-D-2020', 8)":"BUENOS AIRES","('0067-D-2020', 9)":"BUENOS AIRES","('0067-D-2020', 10)":"SANTA FE","('0067-D-2020', 11)":"BUENOS AIRES","('0067-D-2020', 12)":"BUENOS AIRES","('0067-D-2020', 13)":"CIUDAD de BUENOS AIRES","('0067-D-2020', 14)":"CHUBUT","('0067-D-2020', 15)":"ENTRE RIOS","('0067-D-2020', 16)":"CIUDAD de BUENOS AIRES","('0067-D-2020', 17)":"CORRIENTES","('0067-D-2020', 18)":"JUJUY"},"('Firmantes', 'BLOQUE')":{"('0067-D-2020', 0)":"PRO","('0067-D-2020', 1)":"PARTIDO PROPUESTA SALTE\u00d1A","('0067-D-2020', 2)":"PRO","('0067-D-2020', 3)":"PRO","('0067-D-2020', 4)":"PRO","('0067-D-2020', 5)":"UCR","('0067-D-2020', 6)":"COALICION CIVICA","('0067-D-2020', 7)":"COALICION CIVICA","('0067-D-2020', 8)":"PRO","('0067-D-2020', 9)":"PRO","('0067-D-2020', 10)":"COALICION CIVICA","('0067-D-2020', 11)":"COALICION CIVICA","('0067-D-2020', 12)":"PRO","('0067-D-2020', 13)":"PRO","('0067-D-2020', 14)":"UCR","('0067-D-2020', 15)":"PRO","('0067-D-2020', 16)":"PRO","('0067-D-2020', 17)":"UCR","('0067-D-2020', 18)":"UCR"},"('Giros', 'COMISI\u00d3N')":{"('0067-D-2020', 0)":"RELACIONES EXTERIORES Y CULTO","('0067-D-2020', 1)":null,"('0067-D-2020', 2)":null,"('0067-D-2020', 3)":null,"('0067-D-2020', 4)":null,"('0067-D-2020', 5)":null,"('0067-D-2020', 6)":null,"('0067-D-2020', 7)":null,"('0067-D-2020', 8)":null,"('0067-D-2020', 9)":null,"('0067-D-2020', 10)":null,"('0067-D-2020', 11)":null,"('0067-D-2020', 12)":null,"('0067-D-2020', 13)":null,"('0067-D-2020', 14)":null,"('0067-D-2020', 15)":null,"('0067-D-2020', 16)":null,"('0067-D-2020', 17)":null,"('0067-D-2020', 18)":null},"('Tramites', 'C\u00c1MARA')":{"('0067-D-2020', 0)":"Diputados","('0067-D-2020', 1)":"Diputados","('0067-D-2020', 2)":"Diputados","('0067-D-2020', 3)":"Diputados","('0067-D-2020', 4)":"Diputados","('0067-D-2020', 5)":null,"('0067-D-2020', 6)":null,"('0067-D-2020', 7)":null,"('0067-D-2020', 8)":null,"('0067-D-2020', 9)":null,"('0067-D-2020', 10)":null,"('0067-D-2020', 11)":null,"('0067-D-2020', 12)":null,"('0067-D-2020', 13)":null,"('0067-D-2020', 14)":null,"('0067-D-2020', 15)":null,"('0067-D-2020', 16)":null,"('0067-D-2020', 17)":null,"('0067-D-2020', 18)":null},"('Tramites', 'MOVIMIENTO')":{"('0067-D-2020', 0)":"SOLICITUD DE SER COFIRMANTE DEL DIPUTADO MENNA (A SUS ANTECEDENTES)","('0067-D-2020', 1)":"SOLICITUD DE SER COFIRMANTE DEL DIPUTADO FREGONESE (A SUS ANTECEDENTES)","('0067-D-2020', 2)":"SOLICITUD DE SER COFIRMANTE DEL DIPUTADO ENRIQUEZ (A SUS ANTECEDENTES)","('0067-D-2020', 3)":"SOLICITUD DE SER COFIRMANTE DE LA DIPUTADA REGIDOR (A SUS ANTECEDENTES)","('0067-D-2020', 4)":"SOLICITUD DE SER COFIRMANTE DE LA DIPUTADA BURGOS (A SUS ANTECEDENTES)","('0067-D-2020', 5)":null,"('0067-D-2020', 6)":null,"('0067-D-2020', 7)":null,"('0067-D-2020', 8)":null,"('0067-D-2020', 9)":null,"('0067-D-2020', 10)":null,"('0067-D-2020', 11)":null,"('0067-D-2020', 12)":null,"('0067-D-2020', 13)":null,"('0067-D-2020', 14)":null,"('0067-D-2020', 15)":null,"('0067-D-2020', 16)":null,"('0067-D-2020', 17)":null,"('0067-D-2020', 18)":null},"('Tramites', 'FECHA')":{"('0067-D-2020', 0)":null,"('0067-D-2020', 1)":null,"('0067-D-2020', 2)":null,"('0067-D-2020', 3)":null,"('0067-D-2020', 4)":null,"('0067-D-2020', 5)":null,"('0067-D-2020', 6)":null,"('0067-D-2020', 7)":null,"('0067-D-2020', 8)":null,"('0067-D-2020', 9)":null,"('0067-D-2020', 10)":null,"('0067-D-2020', 11)":null,"('0067-D-2020', 12)":null,"('0067-D-2020', 13)":null,"('0067-D-2020', 14)":null,"('0067-D-2020', 15)":null,"('0067-D-2020', 16)":null,"('0067-D-2020', 17)":null,"('0067-D-2020', 18)":null},"('Tramites', 'RESULTADO')":{"('0067-D-2020', 0)":null,"('0067-D-2020', 1)":null,"('0067-D-2020', 2)":null,"('0067-D-2020', 3)":null,"('0067-D-2020', 4)":null,"('0067-D-2020', 5)":null,"('0067-D-2020', 6)":null,"('0067-D-2020', 7)":null,"('0067-D-2020', 8)":null,"('0067-D-2020', 9)":null,"('0067-D-2020', 10)":null,"('0067-D-2020', 11)":null,"('0067-D-2020', 12)":null,"('0067-D-2020', 13)":null,"('0067-D-2020', 14)":null,"('0067-D-2020', 15)":null,"('0067-D-2020', 16)":null,"('0067-D-2020', 17)":null,"('0067-D-2020', 18)":null},"Link":{"('0067-D-2020', 0)":"https:\/\/www.hcdn.gob.ar\/proyectos\/textoCompleto.jsp?exp=0067-D-2020&tipo=DECLARACION","('0067-D-2020', 1)":null,"('0067-D-2020', 2)":null,"('0067-D-2020', 3)":null,"('0067-D-2020', 4)":null,"('0067-D-2020', 5)":null,"('0067-D-2020', 6)":null,"('0067-D-2020', 7)":null,"('0067-D-2020', 8)":null,"('0067-D-2020', 9)":null,"('0067-D-2020', 10)":null,"('0067-D-2020', 11)":null,"('0067-D-2020', 12)":null,"('0067-D-2020', 13)":null,"('0067-D-2020', 14)":null,"('0067-D-2020', 15)":null,"('0067-D-2020', 16)":null,"('0067-D-2020', 17)":null,"('0067-D-2020', 18)":null},"Palabra Clave":{"('0067-D-2020', 0)":" ","('0067-D-2020', 1)":null,"('0067-D-2020', 2)":null,"('0067-D-2020', 3)":null,"('0067-D-2020', 4)":null,"('0067-D-2020', 5)":null,"('0067-D-2020', 6)":null,"('0067-D-2020', 7)":null,"('0067-D-2020', 8)":null,"('0067-D-2020', 9)":null,"('0067-D-2020', 10)":null,"('0067-D-2020', 11)":null,"('0067-D-2020', 12)":null,"('0067-D-2020', 13)":null,"('0067-D-2020', 14)":null,"('0067-D-2020', 15)":null,"('0067-D-2020', 16)":null,"('0067-D-2020', 17)":null,"('0067-D-2020', 18)":null}}