{"Tipo de Proyecto":{"('0067-S-2020', 0)":"PROYECTO DE LEY"},"Iniciado en: ":{"('0067-S-2020', 0)":"Senado"},"Expediente Senado: ":{"('0067-S-2020', 0)":"0067-S-2020"},"Publicado en: ":{"('0067-S-2020', 0)":"Diario de Asuntos Entrados N\u00b0 4"},"Fecha: ":{"('0067-S-2020', 0)":"02\/03\/2020"},"T\u00edtulo":{"('0067-S-2020', 0)":"LEY DE PARTO HUMANIZADO - MODIFICACION SOBRE EL DERECHO DE INFORMACION EN TODA ETAPA DEL EMBARAZO (REPRODUCCION DEL EXPEDIENTE 2908-S-18)."},"('Firmantes', 'FIRMANTE')":{"('0067-S-2020', 0)":"BULLRICH, ESTEBAN JOSE"},"('Firmantes', 'DISTRITO')":{"('0067-S-2020', 0)":"BUENOS AIRES"},"('Firmantes', 'BLOQUE')":{"('0067-S-2020', 0)":"FRENTE PRO"},"Sumario":{"('0067-S-2020', 0)":"MODIFICACION DEL ARTICULO 2."},"Palabra Clave":{"('0067-S-2020', 0)":" "}}