{"Tipo de Proyecto":{"('0068-D-2020', 0)":"PROYECTO DE RESOLUCI\u00d3N","('0068-D-2020', 1)":null,"('0068-D-2020', 2)":null,"('0068-D-2020', 3)":null,"('0068-D-2020', 4)":null},"Iniciado en: ":{"('0068-D-2020', 0)":"Diputados","('0068-D-2020', 1)":null,"('0068-D-2020', 2)":null,"('0068-D-2020', 3)":null,"('0068-D-2020', 4)":null},"Expediente Diputados: ":{"('0068-D-2020', 0)":"0068-D-2020","('0068-D-2020', 1)":null,"('0068-D-2020', 2)":null,"('0068-D-2020', 3)":null,"('0068-D-2020', 4)":null},"Publicado en: ":{"('0068-D-2020', 0)":"Tr\u00e1mite Parlamentario N\u00b0 1","('0068-D-2020', 1)":null,"('0068-D-2020', 2)":null,"('0068-D-2020', 3)":null,"('0068-D-2020', 4)":null},"Fecha: ":{"('0068-D-2020', 0)":"02\/03\/2020","('0068-D-2020', 1)":null,"('0068-D-2020', 2)":null,"('0068-D-2020', 3)":null,"('0068-D-2020', 4)":null},"T\u00edtulo":{"('0068-D-2020', 0)":"DECLARAR DE INTERES DE LA H. CAMARA EL \"5\u00b0 AVE ENCUENTRO\", A REALIZARSE DEL 27 AL 29 DE MARZO DE 2020, EN LA CIUDAD DE CHAJARI, PROVINCIA DE ENTRE RIOS.","('0068-D-2020', 1)":null,"('0068-D-2020', 2)":null,"('0068-D-2020', 3)":null,"('0068-D-2020', 4)":null},"('Firmantes', 'FIRMANTE')":{"('0068-D-2020', 0)":"LENA, GABRIELA","('0068-D-2020', 1)":"BENEDETTI, ATILIO FRANCISCO SALVADOR","('0068-D-2020', 2)":"HEIN, GUSTAVO RENE","('0068-D-2020', 3)":"LACOSTE, JORGE ENRIQUE","('0068-D-2020', 4)":"FREGONESE, ALICIA"},"('Firmantes', 'DISTRITO')":{"('0068-D-2020', 0)":"ENTRE RIOS","('0068-D-2020', 1)":"ENTRE RIOS","('0068-D-2020', 2)":"ENTRE RIOS","('0068-D-2020', 3)":"ENTRE RIOS","('0068-D-2020', 4)":"ENTRE RIOS"},"('Firmantes', 'BLOQUE')":{"('0068-D-2020', 0)":"UCR","('0068-D-2020', 1)":"UCR","('0068-D-2020', 2)":"PRO","('0068-D-2020', 3)":"UCR","('0068-D-2020', 4)":"PRO"},"('Giros', 'COMISI\u00d3N')":{"('0068-D-2020', 0)":"RECURSOS NATURALES Y CONSERVACION DEL AMBIENTE HUMANO","('0068-D-2020', 1)":null,"('0068-D-2020', 2)":null,"('0068-D-2020', 3)":null,"('0068-D-2020', 4)":null},"Link":{"('0068-D-2020', 0)":"https:\/\/www.hcdn.gob.ar\/proyectos\/textoCompleto.jsp?exp=0068-D-2020&tipo=RESOLUCION","('0068-D-2020', 1)":null,"('0068-D-2020', 2)":null,"('0068-D-2020', 3)":null,"('0068-D-2020', 4)":null},"Palabra Clave":{"('0068-D-2020', 0)":" ","('0068-D-2020', 1)":null,"('0068-D-2020', 2)":null,"('0068-D-2020', 3)":null,"('0068-D-2020', 4)":null}}