{"Tipo de Proyecto":{"('0068-S-2020', 0)":"PROYECTO DE LEY"},"Iniciado en: ":{"('0068-S-2020', 0)":"Senado"},"Expediente Senado: ":{"('0068-S-2020', 0)":"0068-S-2020"},"Publicado en: ":{"('0068-S-2020', 0)":"Diario de Asuntos Entrados N\u00b0 4"},"Fecha: ":{"('0068-S-2020', 0)":"02\/03\/2020"},"T\u00edtulo":{"('0068-S-2020', 0)":"DECLARAR BIEN Y LUGAR DE INTERES HISTORICO NACIONAL, EN LOS TERMINOS DE LA LEY 12665, AL PATRIMONIO POSTAL ARGENTINO DETALLADO EN ANEXO I Y II RESPECTIVAMENTE (REPRODUCCION DEL EXPEDIENTE 3450-S-18)."},"('Firmantes', 'FIRMANTE')":{"('0068-S-2020', 0)":"BULLRICH, ESTEBAN JOSE"},"('Firmantes', 'DISTRITO')":{"('0068-S-2020', 0)":"BUENOS AIRES"},"('Firmantes', 'BLOQUE')":{"('0068-S-2020', 0)":"FRENTE PRO"},"Sumario":{"('0068-S-2020', 0)":"DECLARACION DE LOS BIENES DE INTERES HISTORICO (ANEXO I: BUZONES DE PILAR, BUZONES DE AMURAR TIPO ESTAFETA DE ORIGEN ALEMAN, FRANCES, BUZON PARA AUTOMOVILISTAS, CASILLAS DE CORREO, FURGON POSTAL CONSTRUIDO POR EMPRESA HOLANDESA; INSTALACIONES Y ESCULTURAS VARIAS); DECLARACION DE LOS LUGARES HISTORICOS NACIONALES (ANEXO II: RUINAS DE LA \"CASA OMOND\", Y HANGAR SUBSISTENTE DE LA COMPA\u00d1IA AEROPOSTA ARGENTINA S. A.); DELIMITACION DEL ALCANCE CONTENIDO EN EL TERMINO \"PATRIMONIO POSTAL\"; DESIGNACION DE LA COMISION NACIONAL DE MONUMENTOS, DE LUGARES Y DE BIENES HISTORICOS, DEPENDIENTE DE LA SECRETARIA DE CULTURA DE LA NACION, PARA INSTRUMENTAR TODO LO QUE ATINENTE AL CUMPLIMIENTO DE ESTA LEY."},"Palabra Clave":{"('0068-S-2020', 0)":" "}}