{"Tipo de Proyecto":{"('0068-JGM-2020', 0)":"MENSAJE NRO: 0058\/20"},"Iniciado en: ":{"('0068-JGM-2020', 0)":"Diputados"},"Expediente Diputados: ":{"('0068-JGM-2020', 0)":"0068-JGM-2020"},"Publicado en: ":{"('0068-JGM-2020', 0)":"Tr\u00e1mite Parlamentario N\u00b0 78"},"Fecha: ":{"('0068-JGM-2020', 0)":"03\/07\/2020"},"T\u00edtulo":{"('0068-JGM-2020', 0)":"COMUNICACION DEL DICTADO DEL DECRETO DE NECESIDAD Y URGENCIA N\u00b0 569 POR EL CUAL SE PRORROGA HASTA EL 31 DE JULIO DE 2020 INCLUSIVE EL REGIMEN DE REGULARIZACION DE DEUDAS TRIBUTARIAS."},"('Firmantes', 'FIRMANTE')":{"('0068-JGM-2020', 0)":"CAFIERO, SANTIAGO ANDRES"},"('Firmantes', 'DISTRITO')":{"('0068-JGM-2020', 0)":null},"('Firmantes', 'BLOQUE')":{"('0068-JGM-2020', 0)":"PODER EJECUTIVO"},"('Giros', 'COMISI\u00d3N')":{"('0068-JGM-2020', 0)":"BICAMERAL PERMANENTE DE TRAMITE LEGISLATIVO - LEY 26122"},"('Tramites', 'C\u00c1MARA')":{"('0068-JGM-2020', 0)":"Diputados"},"('Tramites', 'MOVIMIENTO')":{"('0068-JGM-2020', 0)":"VER TRAMITE DEL DECRETO EN SENADO EN EXPEDIENTE 1511-S-2020"},"('Tramites', 'FECHA')":{"('0068-JGM-2020', 0)":null},"('Tramites', 'RESULTADO')":{"('0068-JGM-2020', 0)":null},"Palabra Clave":{"('0068-JGM-2020', 0)":" "}}