{"Tipo de Proyecto":{"('0069-D-2020', 0)":"PROYECTO DE DECLARACI\u00d3N","('0069-D-2020', 1)":null,"('0069-D-2020', 2)":null,"('0069-D-2020', 3)":null,"('0069-D-2020', 4)":null,"('0069-D-2020', 5)":null},"Iniciado en: ":{"('0069-D-2020', 0)":"Diputados","('0069-D-2020', 1)":null,"('0069-D-2020', 2)":null,"('0069-D-2020', 3)":null,"('0069-D-2020', 4)":null,"('0069-D-2020', 5)":null},"Expediente Diputados: ":{"('0069-D-2020', 0)":"0069-D-2020","('0069-D-2020', 1)":null,"('0069-D-2020', 2)":null,"('0069-D-2020', 3)":null,"('0069-D-2020', 4)":null,"('0069-D-2020', 5)":null},"Publicado en: ":{"('0069-D-2020', 0)":"Tr\u00e1mite Parlamentario N\u00b0 1","('0069-D-2020', 1)":null,"('0069-D-2020', 2)":null,"('0069-D-2020', 3)":null,"('0069-D-2020', 4)":null,"('0069-D-2020', 5)":null},"Fecha: ":{"('0069-D-2020', 0)":"02\/03\/2020","('0069-D-2020', 1)":null,"('0069-D-2020', 2)":null,"('0069-D-2020', 3)":null,"('0069-D-2020', 4)":null,"('0069-D-2020', 5)":null},"T\u00edtulo":{"('0069-D-2020', 0)":"DECLARAR DE INTERES DE LA H. CAMARA LA \"FIESTA PROVINCIAL DEL INMIGRANTE\", A REALIZARSE DEL 4 DE SEPTIEMBRE AL 13 DE OCTUBRE DE 2020 EN LA CIUDAD DE BERISSO, PROVINCIA DE BUENOS AIRES.","('0069-D-2020', 1)":null,"('0069-D-2020', 2)":null,"('0069-D-2020', 3)":null,"('0069-D-2020', 4)":null,"('0069-D-2020', 5)":null},"('Firmantes', 'FIRMANTE')":{"('0069-D-2020', 0)":"BERISSO, HERNAN","('0069-D-2020', 1)":"FERNANDEZ LANGAN, EZEQUIEL","('0069-D-2020', 2)":"MENDOZA, JOSEFINA","('0069-D-2020', 3)":"TORELLO, PABLO","('0069-D-2020', 4)":"PICCOLOMINI, MARIA CARLA","('0069-D-2020', 5)":"SALVADOR, SEBASTIAN NICOLAS"},"('Firmantes', 'DISTRITO')":{"('0069-D-2020', 0)":"BUENOS AIRES","('0069-D-2020', 1)":"BUENOS AIRES","('0069-D-2020', 2)":"BUENOS AIRES","('0069-D-2020', 3)":"BUENOS AIRES","('0069-D-2020', 4)":"BUENOS AIRES","('0069-D-2020', 5)":"BUENOS AIRES"},"('Firmantes', 'BLOQUE')":{"('0069-D-2020', 0)":"PRO","('0069-D-2020', 1)":"PRO","('0069-D-2020', 2)":"UCR","('0069-D-2020', 3)":"PRO","('0069-D-2020', 4)":"PRO","('0069-D-2020', 5)":"UCR"},"('Giros', 'COMISI\u00d3N')":{"('0069-D-2020', 0)":"POBLACION Y DESARROLLO HUMANO","('0069-D-2020', 1)":null,"('0069-D-2020', 2)":null,"('0069-D-2020', 3)":null,"('0069-D-2020', 4)":null,"('0069-D-2020', 5)":null},"Link":{"('0069-D-2020', 0)":"https:\/\/www.hcdn.gob.ar\/proyectos\/textoCompleto.jsp?exp=0069-D-2020&tipo=DECLARACION","('0069-D-2020', 1)":null,"('0069-D-2020', 2)":null,"('0069-D-2020', 3)":null,"('0069-D-2020', 4)":null,"('0069-D-2020', 5)":null},"Palabra Clave":{"('0069-D-2020', 0)":" ","('0069-D-2020', 1)":null,"('0069-D-2020', 2)":null,"('0069-D-2020', 3)":null,"('0069-D-2020', 4)":null,"('0069-D-2020', 5)":null}}