{"Tipo de Proyecto":{"('0069-S-2020', 0)":"PROYECTO DE LEY"},"Iniciado en: ":{"('0069-S-2020', 0)":"Senado"},"Expediente Senado: ":{"('0069-S-2020', 0)":"0069-S-2020"},"Publicado en: ":{"('0069-S-2020', 0)":"Diario de Asuntos Entrados N\u00b0 4"},"Fecha: ":{"('0069-S-2020', 0)":"02\/03\/2020"},"T\u00edtulo":{"('0069-S-2020', 0)":"PROGRAMA NACIONAL DE EDUCACION SOBRE EL USO RESPONSABLE DE LAS ENERGIAS RENOVABLES (REPRODUCCION DEL EXPEDIENTE 3540-S-18)."},"('Firmantes', 'FIRMANTE')":{"('0069-S-2020', 0)":"BULLRICH, ESTEBAN JOSE"},"('Firmantes', 'DISTRITO')":{"('0069-S-2020', 0)":"BUENOS AIRES"},"('Firmantes', 'BLOQUE')":{"('0069-S-2020', 0)":"FRENTE PRO"},"Sumario":{"('0069-S-2020', 0)":"CREACION; OBJETIVOS; ACCIONES; LINEAMIENTOS CURRICULARES; INCORPORACION DEL ARTICULO 11 A LA LEY 26206."},"Palabra Clave":{"('0069-S-2020', 0)":" "}}