{"Tipo de Proyecto":{"('0070-JGM-2020', 0)":"MENSAJE NRO: 0060\/20"},"Iniciado en: ":{"('0070-JGM-2020', 0)":"Diputados"},"Expediente Diputados: ":{"('0070-JGM-2020', 0)":"0070-JGM-2020"},"Publicado en: ":{"('0070-JGM-2020', 0)":"Tr\u00e1mite Parlamentario N\u00b0 88"},"Fecha: ":{"('0070-JGM-2020', 0)":"21\/07\/2020"},"T\u00edtulo":{"('0070-JGM-2020', 0)":"COMUNICACION DEL DECRETO DE NECESIDAD Y URGENCIA 605 DEL 18 DE JULIO DE 2020 POR EL CUAL SE PRORROGA EL AISLAMIENTO SOCIAL, PREVENTIVO Y OBLIGATORIO - ASPO - Y DISTANCIAMIENTO SOCIAL, PREVENTIVO Y OBLIGATORIO,  DESDE EL 18 DE JULIO AL 2 DE AGOSTO DE 2020, INCLUSIVE."},"('Firmantes', 'FIRMANTE')":{"('0070-JGM-2020', 0)":"CAFIERO, SANTIAGO ANDRES"},"('Firmantes', 'DISTRITO')":{"('0070-JGM-2020', 0)":null},"('Firmantes', 'BLOQUE')":{"('0070-JGM-2020', 0)":"PODER EJECUTIVO"},"('Giros', 'COMISI\u00d3N')":{"('0070-JGM-2020', 0)":"BICAMERAL PERMANENTE DE TRAMITE LEGISLATIVO - LEY 26122"},"Palabra Clave":{"('0070-JGM-2020', 0)":" "}}