{"Tipo de Proyecto":{"('0070-S-2020', 0)":"PROYECTO DE LEY"},"Iniciado en: ":{"('0070-S-2020', 0)":"Senado"},"Expediente Senado: ":{"('0070-S-2020', 0)":"0070-S-2020"},"Publicado en: ":{"('0070-S-2020', 0)":"Diario de Asuntos Entrados N\u00b0 4"},"Fecha: ":{"('0070-S-2020', 0)":"02\/03\/2020"},"T\u00edtulo":{"('0070-S-2020', 0)":"MODIFICACION DE LA LEY DE EDUCACION NACIONAL - LEY 26206 -, RESPECTO DE IMPLEMENTAR CURSOS Y\/O POSTITULO DOCENTE EN LA TEMATICA DE EDUCACION SEXUAL INTEGRAL (REPRODUCCION DEL EXPEDIENTE 3794-S-18)."},"('Firmantes', 'FIRMANTE')":{"('0070-S-2020', 0)":"BULLRICH, ESTEBAN JOSE"},"('Firmantes', 'DISTRITO')":{"('0070-S-2020', 0)":"BUENOS AIRES"},"('Firmantes', 'BLOQUE')":{"('0070-S-2020', 0)":"FRENTE PRO"},"Sumario":{"('0070-S-2020', 0)":"INCORPORACION DEL INCISO G) AL ARTICULO 92; ORGANIZACION E IMPLEMENTACION DE CURSOS Y\/O POSTITULOS DOCENTES EN LA TEMATICA DE EDUCACION SEXUAL INTEGRAL."},"Palabra Clave":{"('0070-S-2020', 0)":" "}}