{"Tipo de Proyecto":{"('0071-D-2020', 0)":"PROYECTO DE LEY","('0071-D-2020', 1)":null},"Iniciado en: ":{"('0071-D-2020', 0)":"Diputados","('0071-D-2020', 1)":null},"Expediente Diputados: ":{"('0071-D-2020', 0)":"0071-D-2020","('0071-D-2020', 1)":null},"Publicado en: ":{"('0071-D-2020', 0)":"Tr\u00e1mite Parlamentario N\u00b0 1","('0071-D-2020', 1)":null},"Fecha: ":{"('0071-D-2020', 0)":"02\/03\/2020","('0071-D-2020', 1)":null},"T\u00edtulo":{"('0071-D-2020', 0)":"FUNCIONARIOS PUBLICOS DE TODOS LOS PODERES DEL ESTADO NACIONAL. PROHIBICION PARA NOMBRAR Y CONTRATAR FAMILIARES.","('0071-D-2020', 1)":null},"('Firmantes', 'FIRMANTE')":{"('0071-D-2020', 0)":"CAMA\u00d1O, GRACIELA","('0071-D-2020', 1)":null},"('Firmantes', 'DISTRITO')":{"('0071-D-2020', 0)":"BUENOS AIRES","('0071-D-2020', 1)":null},"('Firmantes', 'BLOQUE')":{"('0071-D-2020', 0)":"CONSENSO FEDERAL","('0071-D-2020', 1)":null},"('Giros', 'COMISI\u00d3N')":{"('0071-D-2020', 0)":"ASUNTOS CONSTITUCIONALES","('0071-D-2020', 1)":"LEGISLACION GENERAL"},"Sumario":{"('0071-D-2020', 0)":"DEFINICION; PROHIBICIONES; MEDIDAS; PROCEDIMIENTO; INVITACION A ADHERIR.","('0071-D-2020', 1)":null},"Palabra Clave":{"('0071-D-2020', 0)":" ","('0071-D-2020', 1)":null}}