{"Tipo de Proyecto":{"('0071-S-2020', 0)":"MENSAJE NRO: 0046\/20 Y PROYECTO DE LEY","('0071-S-2020', 1)":null,"('0071-S-2020', 2)":null,"('0071-S-2020', 3)":null,"('0071-S-2020', 4)":null,"('0071-S-2020', 5)":null},"Iniciado en: ":{"('0071-S-2020', 0)":"Senado","('0071-S-2020', 1)":null,"('0071-S-2020', 2)":null,"('0071-S-2020', 3)":null,"('0071-S-2020', 4)":null,"('0071-S-2020', 5)":null},"Expediente Diputados: ":{"('0071-S-2020', 0)":"0071-S-2020","('0071-S-2020', 1)":null,"('0071-S-2020', 2)":null,"('0071-S-2020', 3)":null,"('0071-S-2020', 4)":null,"('0071-S-2020', 5)":null},"Expediente Senado: ":{"('0071-S-2020', 0)":"0091-PE-2020","('0071-S-2020', 1)":null,"('0071-S-2020', 2)":null,"('0071-S-2020', 3)":null,"('0071-S-2020', 4)":null,"('0071-S-2020', 5)":null},"Publicado en: ":{"('0071-S-2020', 0)":"Diario de Asuntos Entrados N\u00b0 75","('0071-S-2020', 1)":null,"('0071-S-2020', 2)":null,"('0071-S-2020', 3)":null,"('0071-S-2020', 4)":null,"('0071-S-2020', 5)":null},"Fecha: ":{"('0071-S-2020', 0)":"16\/07\/2020","('0071-S-2020', 1)":null,"('0071-S-2020', 2)":null,"('0071-S-2020', 3)":null,"('0071-S-2020', 4)":null,"('0071-S-2020', 5)":null},"T\u00edtulo":{"('0071-S-2020', 0)":"RESTAURACION DE LA SOSTENIBILIDAD DE LA DEUDA PUBLICA INSTRUMENTADA EN TITULOS EMITIDOS BAJO LEY DE LA REPUBLICA ARGENTINA","('0071-S-2020', 1)":null,"('0071-S-2020', 2)":null,"('0071-S-2020', 3)":null,"('0071-S-2020', 4)":null,"('0071-S-2020', 5)":null},"('Firmantes', 'FIRMANTE')":{"('0071-S-2020', 0)":"FERNANDEZ, ALBERTO","('0071-S-2020', 1)":"CAFIERO, SANTIAGO ANDRES","('0071-S-2020', 2)":"GUZMAN, MARTIN MAXIMILIANO","('0071-S-2020', 3)":null,"('0071-S-2020', 4)":null,"('0071-S-2020', 5)":null},"('Firmantes', 'DISTRITO')":{"('0071-S-2020', 0)":null,"('0071-S-2020', 1)":null,"('0071-S-2020', 2)":null,"('0071-S-2020', 3)":null,"('0071-S-2020', 4)":null,"('0071-S-2020', 5)":null},"('Firmantes', 'BLOQUE')":{"('0071-S-2020', 0)":"PODER EJECUTIVO","('0071-S-2020', 1)":"PODER EJECUTIVO","('0071-S-2020', 2)":"PODER EJECUTIVO","('0071-S-2020', 3)":null,"('0071-S-2020', 4)":null,"('0071-S-2020', 5)":null},"('Giros', 'COMISI\u00d3N')":{"('0071-S-2020', 0)":"PRESUPUESTO Y HACIENDA","('0071-S-2020', 1)":"FINANZAS","('0071-S-2020', 2)":null,"('0071-S-2020', 3)":null,"('0071-S-2020', 4)":null,"('0071-S-2020', 5)":null},"('Tramites', 'C\u00c1MARA')":{"('0071-S-2020', 0)":"Senado","('0071-S-2020', 1)":"Senado","('0071-S-2020', 2)":"Senado","('0071-S-2020', 3)":"Diputados","('0071-S-2020', 4)":"Diputados","('0071-S-2020', 5)":"Diputados"},"('Tramites', 'MOVIMIENTO')":{"('0071-S-2020', 0)":"CITACION SESION ESPECIAL","('0071-S-2020', 1)":"CONSIDERACION Y APROBACION CON MODIFICACIONES (SESION POR VIDEOCONFERENCIA)","('0071-S-2020', 2)":"INSERCIONES","('0071-S-2020', 3)":"PASA A DIPUTADOS -","('0071-S-2020', 4)":"CITACION SESION ESPECIAL","('0071-S-2020', 5)":"CONSIDERACION Y SANCION (SESION POR VIDEOCONFERENCIA)"},"('Tramites', 'FECHA')":{"('0071-S-2020', 0)":"30\/07\/2020","('0071-S-2020', 1)":"30\/07\/2020","('0071-S-2020', 2)":"30\/07\/2020","('0071-S-2020', 3)":null,"('0071-S-2020', 4)":"04\/08\/2020","('0071-S-2020', 5)":"04\/08\/2020"},"('Tramites', 'RESULTADO')":{"('0071-S-2020', 0)":null,"('0071-S-2020', 1)":"MEDIA SANCION","('0071-S-2020', 2)":null,"('0071-S-2020', 3)":null,"('0071-S-2020', 4)":null,"('0071-S-2020', 5)":"SANCIONADO"},"Sumario":{"('0071-S-2020', 0)":"REESTRUCTURACION DE LA DEUDA DEL ESTADO NACIONAL, CON BASE EN LA LEY DE SOLIDARIDAD SOCIAL Y REACTIVACION PRODUCTIVA EN EL MARCO DE LA EMERGENCIA PUBLICA 27541, MEDIANTE UNA OPERACION DE CANJE, ALCANCES Y CONDICIONES DETALLADOS EN EL ANEXO II; EMISION DE LOS BONOS DETALLADOS EN EL ANEXO III 'NUEVOS TITULOS'; PRESENTACION DE INFORME AL H CONGRESO NACIONAL.","('0071-S-2020', 1)":null,"('0071-S-2020', 2)":null,"('0071-S-2020', 3)":null,"('0071-S-2020', 4)":null,"('0071-S-2020', 5)":null},"Palabra Clave":{"('0071-S-2020', 0)":" ","('0071-S-2020', 1)":null,"('0071-S-2020', 2)":null,"('0071-S-2020', 3)":null,"('0071-S-2020', 4)":null,"('0071-S-2020', 5)":null}}