{"Tipo de Proyecto":{"('0072-S-2020', 0)":"PROYECTO DE RESOLUCI\u00d3N","('0072-S-2020', 1)":null,"('0072-S-2020', 2)":null},"Iniciado en: ":{"('0072-S-2020', 0)":"Senado","('0072-S-2020', 1)":null,"('0072-S-2020', 2)":null},"Expediente Senado: ":{"('0072-S-2020', 0)":"0072-S-2020","('0072-S-2020', 1)":null,"('0072-S-2020', 2)":null},"Publicado en: ":{"('0072-S-2020', 0)":"Diario de Asuntos Entrados N\u00b0 4","('0072-S-2020', 1)":null,"('0072-S-2020', 2)":null},"Fecha: ":{"('0072-S-2020', 0)":"02\/03\/2020","('0072-S-2020', 1)":null,"('0072-S-2020', 2)":null},"T\u00edtulo":{"('0072-S-2020', 0)":"DECLARAR DE INTERES AL OBSERVATORIO CONTRA LA TRATA DE PERSONAS \"MAMA ANTULA\", INSTITUIDO EN LA PROVINCIA DE SANTIAGO DEL ESTERO EN MARZO DE 2019.","('0072-S-2020', 1)":null,"('0072-S-2020', 2)":null},"('Firmantes', 'FIRMANTE')":{"('0072-S-2020', 0)":"LEDESMA ABDALA DE ZAMORA, CLAUDIA","('0072-S-2020', 1)":"NEDER, JOSE EMILIO","('0072-S-2020', 2)":"MONTENEGRO, GERARDO ANTENOR"},"('Firmantes', 'DISTRITO')":{"('0072-S-2020', 0)":"SANTIAGO DEL ESTERO","('0072-S-2020', 1)":"SANTIAGO DEL ESTERO","('0072-S-2020', 2)":"SANTIAGO DEL ESTERO"},"('Firmantes', 'BLOQUE')":{"('0072-S-2020', 0)":"FRENTE DE TODOS","('0072-S-2020', 1)":"FRENTE DE TODOS","('0072-S-2020', 2)":"FRENTE DE TODOS"},"Link":{"('0072-S-2020', 0)":"http:\/\/www.senado.gov.ar\/parlamentario\/comisiones\/verExp\/72.20\/S\/PR","('0072-S-2020', 1)":null,"('0072-S-2020', 2)":null},"Palabra Clave":{"('0072-S-2020', 0)":" ","('0072-S-2020', 1)":null,"('0072-S-2020', 2)":null}}