{"Tipo de Proyecto":{"('0073-S-2020', 0)":"PROYECTO DE LEY","('0073-S-2020', 1)":null,"('0073-S-2020', 2)":null,"('0073-S-2020', 3)":null,"('0073-S-2020', 4)":null,"('0073-S-2020', 5)":null,"('0073-S-2020', 6)":null,"('0073-S-2020', 7)":null,"('0073-S-2020', 8)":null},"Iniciado en: ":{"('0073-S-2020', 0)":"Senado","('0073-S-2020', 1)":null,"('0073-S-2020', 2)":null,"('0073-S-2020', 3)":null,"('0073-S-2020', 4)":null,"('0073-S-2020', 5)":null,"('0073-S-2020', 6)":null,"('0073-S-2020', 7)":null,"('0073-S-2020', 8)":null},"Expediente Diputados: ":{"('0073-S-2020', 0)":"0073-S-2020","('0073-S-2020', 1)":null,"('0073-S-2020', 2)":null,"('0073-S-2020', 3)":null,"('0073-S-2020', 4)":null,"('0073-S-2020', 5)":null,"('0073-S-2020', 6)":null,"('0073-S-2020', 7)":null,"('0073-S-2020', 8)":null},"Expediente Senado: ":{"('0073-S-2020', 0)":"0361-S-2020","('0073-S-2020', 1)":null,"('0073-S-2020', 2)":null,"('0073-S-2020', 3)":null,"('0073-S-2020', 4)":null,"('0073-S-2020', 5)":null,"('0073-S-2020', 6)":null,"('0073-S-2020', 7)":null,"('0073-S-2020', 8)":null},"Publicado en: ":{"('0073-S-2020', 0)":"Diario de Asuntos Entrados N\u00b0 18","('0073-S-2020', 1)":null,"('0073-S-2020', 2)":null,"('0073-S-2020', 3)":null,"('0073-S-2020', 4)":null,"('0073-S-2020', 5)":null,"('0073-S-2020', 6)":null,"('0073-S-2020', 7)":null,"('0073-S-2020', 8)":null},"Fecha: ":{"('0073-S-2020', 0)":"12\/03\/2020","('0073-S-2020', 1)":null,"('0073-S-2020', 2)":null,"('0073-S-2020', 3)":null,"('0073-S-2020', 4)":null,"('0073-S-2020', 5)":null,"('0073-S-2020', 6)":null,"('0073-S-2020', 7)":null,"('0073-S-2020', 8)":null},"T\u00edtulo":{"('0073-S-2020', 0)":"DECLARACION DE LA EMERGENCIA PARA LA ACTIVIDAD TURISTICA EN TODO EL TERRITORIO NACIONAL POR EL TERMINO DE 180 DIAS, PRORROGABLES POR IGUAL LAPSO.","('0073-S-2020', 1)":null,"('0073-S-2020', 2)":null,"('0073-S-2020', 3)":null,"('0073-S-2020', 4)":null,"('0073-S-2020', 5)":null,"('0073-S-2020', 6)":null,"('0073-S-2020', 7)":null,"('0073-S-2020', 8)":null},"('Firmantes', 'FIRMANTE')":{"('0073-S-2020', 0)":"CLOSS, MAURICE FABIAN","('0073-S-2020', 1)":null,"('0073-S-2020', 2)":null,"('0073-S-2020', 3)":null,"('0073-S-2020', 4)":null,"('0073-S-2020', 5)":null,"('0073-S-2020', 6)":null,"('0073-S-2020', 7)":null,"('0073-S-2020', 8)":null},"('Firmantes', 'DISTRITO')":{"('0073-S-2020', 0)":"MISIONES","('0073-S-2020', 1)":null,"('0073-S-2020', 2)":null,"('0073-S-2020', 3)":null,"('0073-S-2020', 4)":null,"('0073-S-2020', 5)":null,"('0073-S-2020', 6)":null,"('0073-S-2020', 7)":null,"('0073-S-2020', 8)":null},"('Firmantes', 'BLOQUE')":{"('0073-S-2020', 0)":"FRENTE DE TODOS","('0073-S-2020', 1)":null,"('0073-S-2020', 2)":null,"('0073-S-2020', 3)":null,"('0073-S-2020', 4)":null,"('0073-S-2020', 5)":null,"('0073-S-2020', 6)":null,"('0073-S-2020', 7)":null,"('0073-S-2020', 8)":null},"('Giros', 'COMISI\u00d3N')":{"('0073-S-2020', 0)":"PRESUPUESTO Y HACIENDA","('0073-S-2020', 1)":null,"('0073-S-2020', 2)":null,"('0073-S-2020', 3)":null,"('0073-S-2020', 4)":null,"('0073-S-2020', 5)":null,"('0073-S-2020', 6)":null,"('0073-S-2020', 7)":null,"('0073-S-2020', 8)":null},"('Tramites', 'C\u00c1MARA')":{"('0073-S-2020', 0)":"Senado","('0073-S-2020', 1)":"Senado","('0073-S-2020', 2)":"Senado","('0073-S-2020', 3)":"Diputados","('0073-S-2020', 4)":"Diputados","('0073-S-2020', 5)":"Diputados","('0073-S-2020', 6)":"Diputados","('0073-S-2020', 7)":"Diputados","('0073-S-2020', 8)":"Senado"},"('Tramites', 'MOVIMIENTO')":{"('0073-S-2020', 0)":"CITACION SESION ESPECIAL CONJUNTAMENTE PARA LOS EXPEDIENTES 0073-S-2020, 0361-S-2020, 0391-S-2020, 0392-S-2020, 0429-S-2020, 0431-S-2020, 0967-S-2020, 1317-S-2020, 1318-S-2020, 1337-S-2020, 1469-S-2020 y 1567-S-2020","('0073-S-2020', 1)":"CONSIDERACION Y APROBACION CON MODIFICACIONES (SESION POR VIDEOCONFERENCIA) CONJUNTAMENTE PARA LOS EXPEDIENTES 0073-S-2020, 0361-S-2020, 0391-S-2020, 0392-S-2020, 0429-S-2020, 0431-S-2020, 0967-S-2020, 1317-S-2020, 1318-S-2020, 1337-S-2020, 1469-S-2020 y 1567-S-2020","('0073-S-2020', 2)":"INSERCIONES CONJUNTAMENTE PARA LOS EXPEDIENTES 0073-S-2020, 0361-S-2020, 0391-S-2020, 0392-S-2020, 0429-S-2020, 0431-S-2020, 0967-S-2020, 1317-S-2020, 1318-S-2020, 1337-S-2020, 1469-S-2020 y 1567-S-2020","('0073-S-2020', 3)":"PASA A DIPUTADOS - CONJUNTAMENTE PARA LOS EXPEDIENTES 0073-S-2020, 0361-S-2020, 0391-S-2020, 0392-S-2020, 0429-S-2020, 0431-S-2020, 0967-S-2020, 1317-S-2020, 1318-S-2020, 1337-S-2020, 1469-S-2020 y 1567-S-2020","('0073-S-2020', 4)":"CITACION SESION ESPECIAL CONJUNTAMENTE PARA LOS EXPEDIENTES 0073-S-2020, 0361-S-2020, 0391-S-2020, 0392-S-2020, 0429-S-2020, 0431-S-2020, 0967-S-2020, 1317-S-2020, 1318-S-2020, 1337-S-2020, 1469-S-2020 y 1567-S-2020","('0073-S-2020', 5)":"MOCION SOBRE TABLAS (AFIRMATIVA) CONJUNTAMENTE PARA LOS EXPEDIENTES 0073-S-2020, 0361-S-2020, 0391-S-2020, 0392-S-2020, 0429-S-2020, 0431-S-2020, 0967-S-2020, 1317-S-2020, 1318-S-2020, 1337-S-2020, 1469-S-2020 y 1567-S-2020","('0073-S-2020', 6)":"MOCION CAMARA EN COMISION (AFIRMATIVA), CONFERENCIA CONJUNTAMENTE PARA LOS EXPEDIENTES 0073-S-2020, 0361-S-2020, 0391-S-2020, 0392-S-2020, 0429-S-2020, 0431-S-2020, 0967-S-2020, 1317-S-2020, 1318-S-2020, 1337-S-2020, 1469-S-2020 y 1567-S-2020","('0073-S-2020', 7)":"CONSIDERACION Y SANCION (SESION POR VIDEOCONFERENCIA) CONJUNTAMENTE PARA LOS EXPEDIENTES 0073-S-2020, 0361-S-2020, 0391-S-2020, 0392-S-2020, 0429-S-2020, 0431-S-2020, 0967-S-2020, 1317-S-2020, 1318-S-2020, 1337-S-2020, 1469-S-2020 y 1567-S-2020","('0073-S-2020', 8)":"COMUNICACION DEL DECRETO 756\/2020 del 18\/09\/2020 DE VETO PARCIAL Y PROMULGACION (OBSERVACION DE LOS ARTICULOS 13, 15, FRASE DEL ARTICULO 25 Y EL INCISO B) DEL ARTICULO 26) CONJUNTAMENTE PARA LOS EXPEDIENTES 0073-S-2020, 0361-S-2020, 0391-S-2020, 0392-S-2020, 0429-S-2020, 0431-S-2020, 0967-S-2020, 1317-S-2020, 1318-S-2020, 1337-S-2020, 1469-S-2020 y 1567-S-2020"},"('Tramites', 'FECHA')":{"('0073-S-2020', 0)":"13\/08\/2020","('0073-S-2020', 1)":"13\/08\/2020","('0073-S-2020', 2)":"13\/08\/2020","('0073-S-2020', 3)":null,"('0073-S-2020', 4)":"01\/09\/2020","('0073-S-2020', 5)":"01\/09\/2020","('0073-S-2020', 6)":"01\/09\/2020","('0073-S-2020', 7)":"01\/09\/2020","('0073-S-2020', 8)":null},"('Tramites', 'RESULTADO')":{"('0073-S-2020', 0)":null,"('0073-S-2020', 1)":"MEDIA SANCION","('0073-S-2020', 2)":null,"('0073-S-2020', 3)":null,"('0073-S-2020', 4)":null,"('0073-S-2020', 5)":null,"('0073-S-2020', 6)":null,"('0073-S-2020', 7)":"SANCIONADO","('0073-S-2020', 8)":null},"Sumario":{"('0073-S-2020', 0)":"PERSONAS FISICAS O JURIDICAS COMPRENDIDAS EN LOS BENEFICIOS ESTABLECIDOS POR LA PRESENTE LEY; BENEFICIOS; CONDICIONES Y SANCIONES; INCENTIVOS.","('0073-S-2020', 1)":null,"('0073-S-2020', 2)":null,"('0073-S-2020', 3)":null,"('0073-S-2020', 4)":null,"('0073-S-2020', 5)":null,"('0073-S-2020', 6)":null,"('0073-S-2020', 7)":null,"('0073-S-2020', 8)":null},"Palabra Clave":{"('0073-S-2020', 0)":" ","('0073-S-2020', 1)":null,"('0073-S-2020', 2)":null,"('0073-S-2020', 3)":null,"('0073-S-2020', 4)":null,"('0073-S-2020', 5)":null,"('0073-S-2020', 6)":null,"('0073-S-2020', 7)":null,"('0073-S-2020', 8)":null}}