{"Tipo de Proyecto":{"('0073-JGM-2020', 0)":"MENSAJE NRO: 0063\/20"},"Iniciado en: ":{"('0073-JGM-2020', 0)":"Diputados"},"Expediente Diputados: ":{"('0073-JGM-2020', 0)":"0073-JGM-2020"},"Publicado en: ":{"('0073-JGM-2020', 0)":"Tr\u00e1mite Parlamentario N\u00b0 94"},"Fecha: ":{"('0073-JGM-2020', 0)":"29\/07\/2020"},"T\u00edtulo":{"('0073-JGM-2020', 0)":"COMUNICACION DEL DECRETO DE NECESIDAD Y URGENCIA 621\/2020  POR EL CUAL SE MODIFICA EL DECRETO 332\/20 - PROGRAMA DE ASISTENCIA DE EMERGENCIA AL TRABAJO Y LA PRODUCCION PARA EMPLEADORES Y EMPLEADORAS Y TRABAJADORES Y TRABAJADORAS AFECTADAS POR LA EMERGENCIA SANITARIA."},"('Firmantes', 'FIRMANTE')":{"('0073-JGM-2020', 0)":"CAFIERO, SANTIAGO ANDRES"},"('Firmantes', 'DISTRITO')":{"('0073-JGM-2020', 0)":null},"('Firmantes', 'BLOQUE')":{"('0073-JGM-2020', 0)":"PODER EJECUTIVO"},"('Giros', 'COMISI\u00d3N')":{"('0073-JGM-2020', 0)":"BICAMERAL PERMANENTE DE TRAMITE LEGISLATIVO - LEY 26122"},"Palabra Clave":{"('0073-JGM-2020', 0)":" "}}