{"Tipo de Proyecto":{"('0074-PE-2020', 0)":"MENSAJE NRO: 0039\/20","('0074-PE-2020', 1)":null},"Iniciado en: ":{"('0074-PE-2020', 0)":"Senado","('0074-PE-2020', 1)":null},"Expediente Senado: ":{"('0074-PE-2020', 0)":"0074-PE-2020","('0074-PE-2020', 1)":null},"Publicado en: ":{"('0074-PE-2020', 0)":"DAE S.A. N\u00b0 1","('0074-PE-2020', 1)":null},"Fecha: ":{"('0074-PE-2020', 0)":"23\/06\/2020","('0074-PE-2020', 1)":null},"T\u00edtulo":{"('0074-PE-2020', 0)":"SOLICITAR ACUERDO PARA DESIGNAR DIRECTORA GENERAL DE LA AGENCIA FEDERAL DE INTELIGENCIA A LA DOCTORA CRISTINA LILIANA CAAMA\u00d1O IGLESIAS PAIZ.","('0074-PE-2020', 1)":null},"('Firmantes', 'FIRMANTE')":{"('0074-PE-2020', 0)":"FERNANDEZ, ALBERTO","('0074-PE-2020', 1)":"CAFIERO, SANTIAGO ANDRES"},"('Firmantes', 'DISTRITO')":{"('0074-PE-2020', 0)":null,"('0074-PE-2020', 1)":null},"('Firmantes', 'BLOQUE')":{"('0074-PE-2020', 0)":"PODER EJECUTIVO","('0074-PE-2020', 1)":"PODER EJECUTIVO"},"Palabra Clave":{"('0074-PE-2020', 0)":" ","('0074-PE-2020', 1)":null}}