{"Tipo de Proyecto":{"('0074-D-2020', 0)":"PROYECTO DE LEY","('0074-D-2020', 1)":null,"('0074-D-2020', 2)":null},"Iniciado en: ":{"('0074-D-2020', 0)":"Diputados","('0074-D-2020', 1)":null,"('0074-D-2020', 2)":null},"Expediente Diputados: ":{"('0074-D-2020', 0)":"0074-D-2020","('0074-D-2020', 1)":null,"('0074-D-2020', 2)":null},"Publicado en: ":{"('0074-D-2020', 0)":"Tr\u00e1mite Parlamentario N\u00b0 1","('0074-D-2020', 1)":null,"('0074-D-2020', 2)":null},"Fecha: ":{"('0074-D-2020', 0)":"02\/03\/2020","('0074-D-2020', 1)":null,"('0074-D-2020', 2)":null},"T\u00edtulo":{"('0074-D-2020', 0)":"GAS NATURAL - LEY 24076 -. MODIFICACION DEL ARTICULO 54 E INCORPORACION DE LOS ARTICULOS 54 BIS Y 54 TER, SOBRE CONFORMACION DEL DIRECTORIO DEL \"ENTE NACIONAL REGULADOR DEL GAS - ENARGAS -\".","('0074-D-2020', 1)":null,"('0074-D-2020', 2)":null},"('Firmantes', 'FIRMANTE')":{"('0074-D-2020', 0)":"CAMA\u00d1O, GRACIELA","('0074-D-2020', 1)":null,"('0074-D-2020', 2)":null},"('Firmantes', 'DISTRITO')":{"('0074-D-2020', 0)":"BUENOS AIRES","('0074-D-2020', 1)":null,"('0074-D-2020', 2)":null},"('Firmantes', 'BLOQUE')":{"('0074-D-2020', 0)":"CONSENSO FEDERAL","('0074-D-2020', 1)":null,"('0074-D-2020', 2)":null},"('Giros', 'COMISI\u00d3N')":{"('0074-D-2020', 0)":"ENERGIA Y COMBUSTIBLES","('0074-D-2020', 1)":"PETICIONES, PODERES Y REGLAMENTO","('0074-D-2020', 2)":"PRESUPUESTO Y HACIENDA"},"Link":{"('0074-D-2020', 0)":"https:\/\/www.hcdn.gob.ar\/proyectos\/textoCompleto.jsp?exp=0074-D-2020&tipo=LEY","('0074-D-2020', 1)":null,"('0074-D-2020', 2)":null},"Palabra Clave":{"('0074-D-2020', 0)":" ","('0074-D-2020', 1)":null,"('0074-D-2020', 2)":null}}