{"Tipo de Proyecto":{"('0075-JGM-2020', 0)":"MENSAJE NRO: 0064\/20"},"Iniciado en: ":{"('0075-JGM-2020', 0)":"Diputados"},"Expediente Diputados: ":{"('0075-JGM-2020', 0)":"0075-JGM-2020"},"Publicado en: ":{"('0075-JGM-2020', 0)":"Tr\u00e1mite Parlamentario N\u00b0 95"},"Fecha: ":{"('0075-JGM-2020', 0)":"30\/07\/2020"},"T\u00edtulo":{"('0075-JGM-2020', 0)":"COMUNICACION DEL DECRETO DE NECESIDAD Y URGENCIA 624 DEL 28 DE JULIO DE 2020 POR EL CUAL SE PRORROGA LA PROHIBICION DE EFECTUAR DESPIDOS SIN JUSTA CAUSA Y POR LAS CAUSALES DE FALTA O DISMINUCION DE TRABAJO Y FUERZA MAYOR POR EL PLAZO DE SESENTA (60) DIAS CONTADOS A PARTIR DEL VENCIMIENTO DEL PLAZO ESTABLECIDO POR EL DECRETO 487\/20."},"('Firmantes', 'FIRMANTE')":{"('0075-JGM-2020', 0)":"CAFIERO, SANTIAGO ANDRES"},"('Firmantes', 'DISTRITO')":{"('0075-JGM-2020', 0)":null},"('Firmantes', 'BLOQUE')":{"('0075-JGM-2020', 0)":"PODER EJECUTIVO"},"('Giros', 'COMISI\u00d3N')":{"('0075-JGM-2020', 0)":"BICAMERAL PERMANENTE DE TRAMITE LEGISLATIVO - LEY 26122"},"Palabra Clave":{"('0075-JGM-2020', 0)":" "}}