{"Tipo de Proyecto":{"('0076-D-2020', 0)":"PROYECTO DE LEY","('0076-D-2020', 1)":null,"('0076-D-2020', 2)":null},"Iniciado en: ":{"('0076-D-2020', 0)":"Diputados","('0076-D-2020', 1)":null,"('0076-D-2020', 2)":null},"Expediente Diputados: ":{"('0076-D-2020', 0)":"0076-D-2020","('0076-D-2020', 1)":null,"('0076-D-2020', 2)":null},"Publicado en: ":{"('0076-D-2020', 0)":"Tr\u00e1mite Parlamentario N\u00b0 1","('0076-D-2020', 1)":null,"('0076-D-2020', 2)":null},"Fecha: ":{"('0076-D-2020', 0)":"02\/03\/2020","('0076-D-2020', 1)":null,"('0076-D-2020', 2)":null},"T\u00edtulo":{"('0076-D-2020', 0)":"ENERGIA ELECTRICA - LEY 24065 -. MODIFICACION DEL ARTICULO 58 E INCORPORACION DE LOS ARTICULOS 58 BIS Y 58 TER, SOBRE CONFORMACION DEL DIRECTORIO DEL \"ENTE NACIONAL REGULADOR DE LA ENERGIA ELECTRICA - ENRE -\".","('0076-D-2020', 1)":null,"('0076-D-2020', 2)":null},"('Firmantes', 'FIRMANTE')":{"('0076-D-2020', 0)":"CAMA\u00d1O, GRACIELA","('0076-D-2020', 1)":null,"('0076-D-2020', 2)":null},"('Firmantes', 'DISTRITO')":{"('0076-D-2020', 0)":"BUENOS AIRES","('0076-D-2020', 1)":null,"('0076-D-2020', 2)":null},"('Firmantes', 'BLOQUE')":{"('0076-D-2020', 0)":"CONSENSO FEDERAL","('0076-D-2020', 1)":null,"('0076-D-2020', 2)":null},"('Giros', 'COMISI\u00d3N')":{"('0076-D-2020', 0)":"ENERGIA Y COMBUSTIBLES","('0076-D-2020', 1)":"PETICIONES, PODERES Y REGLAMENTO","('0076-D-2020', 2)":"PRESUPUESTO Y HACIENDA"},"Sumario":{"('0076-D-2020', 0)":"CONCURSO ABIERTO DE ANTECEDENTES; JURADO DEL CONCURSO;  PROCESO DE SELECCION.","('0076-D-2020', 1)":null,"('0076-D-2020', 2)":null},"Palabra Clave":{"('0076-D-2020', 0)":" ","('0076-D-2020', 1)":null,"('0076-D-2020', 2)":null}}