{"Tipo de Proyecto":{"('0078-S-2020', 0)":"COMUNICACION"},"Iniciado en: ":{"('0078-S-2020', 0)":"Senado"},"Expediente Senado: ":{"('0078-S-2020', 0)":"0078-S-2020"},"Publicado en: ":{"('0078-S-2020', 0)":"Diario de Asuntos Entrados N\u00b0 4"},"Fecha: ":{"('0078-S-2020', 0)":"02\/03\/2020"},"T\u00edtulo":{"('0078-S-2020', 0)":"PEDIDO DE INFORMES AL PODER EJECUTIVO SOBRE DIVERSOS ASPECTOS RELACIONADOS CON LA RUTA NACIONAL N\u00b0 22."},"('Firmantes', 'FIRMANTE')":{"('0078-S-2020', 0)":"WERETILNECK, ALBERTO EDGARDO"},"('Firmantes', 'DISTRITO')":{"('0078-S-2020', 0)":"RIO NEGRO"},"('Firmantes', 'BLOQUE')":{"('0078-S-2020', 0)":"JUNTOS SOMOS RIO NEGRO"},"Link":{"('0078-S-2020', 0)":"http:\/\/www.senado.gov.ar\/parlamentario\/comisiones\/verExp\/78.20\/S\/PC"},"Palabra Clave":{"('0078-S-2020', 0)":" "}}