{"Tipo de Proyecto":{"('0079-S-2020', 0)":"MENSAJE NRO: 0053\/20 Y PROYECTO DE LEY","('0079-S-2020', 1)":null,"('0079-S-2020', 2)":null,"('0079-S-2020', 3)":null},"Iniciado en: ":{"('0079-S-2020', 0)":"Senado","('0079-S-2020', 1)":null,"('0079-S-2020', 2)":null,"('0079-S-2020', 3)":null},"Expediente Diputados: ":{"('0079-S-2020', 0)":"0079-S-2020","('0079-S-2020', 1)":null,"('0079-S-2020', 2)":null,"('0079-S-2020', 3)":null},"Expediente Senado: ":{"('0079-S-2020', 0)":"0112-PE-2020","('0079-S-2020', 1)":null,"('0079-S-2020', 2)":null,"('0079-S-2020', 3)":null},"Publicado en: ":{"('0079-S-2020', 0)":"Diario de Asuntos Entrados N\u00b0 87","('0079-S-2020', 1)":null,"('0079-S-2020', 2)":null,"('0079-S-2020', 3)":null},"Fecha: ":{"('0079-S-2020', 0)":"10\/08\/2020","('0079-S-2020', 1)":null,"('0079-S-2020', 2)":null,"('0079-S-2020', 3)":null},"T\u00edtulo":{"('0079-S-2020', 0)":"AUTORIZAR LA ENTRADA DE TROPAS EXTRANJERAS AL TERRITORIO NACIONAL Y LA SALIDA FUERA DE EL DE FUERZAS NACIONALES, SEGUN CORRESPONDA, PARA PARTICIPAR EN LOS EJERCICIOS CONTEMPLADOS EN EL PROGRAMA DE EJERCITACIONES COMBINADAS A REALIZARSE DESDE EL 1\u00b0 DE SEPTIEMBRE DE 2020 HASTA EL 31 DE AGOSTO DE 2021.","('0079-S-2020', 1)":null,"('0079-S-2020', 2)":null,"('0079-S-2020', 3)":null},"('Firmantes', 'FIRMANTE')":{"('0079-S-2020', 0)":"FERNANDEZ, ALBERTO","('0079-S-2020', 1)":"CAFIERO, SANTIAGO ANDRES","('0079-S-2020', 2)":"SOLA, FELIPE CARLOS","('0079-S-2020', 3)":"ROSSI, AGUSTIN OSCAR"},"('Firmantes', 'DISTRITO')":{"('0079-S-2020', 0)":null,"('0079-S-2020', 1)":null,"('0079-S-2020', 2)":null,"('0079-S-2020', 3)":null},"('Firmantes', 'BLOQUE')":{"('0079-S-2020', 0)":"PODER EJECUTIVO","('0079-S-2020', 1)":"PODER EJECUTIVO","('0079-S-2020', 2)":"PODER EJECUTIVO","('0079-S-2020', 3)":"PODER EJECUTIVO"},"('Giros', 'COMISI\u00d3N')":{"('0079-S-2020', 0)":"DEFENSA NACIONAL","('0079-S-2020', 1)":null,"('0079-S-2020', 2)":null,"('0079-S-2020', 3)":null},"('Tramites', 'C\u00c1MARA')":{"('0079-S-2020', 0)":"Senado","('0079-S-2020', 1)":"Senado","('0079-S-2020', 2)":"Diputados","('0079-S-2020', 3)":null},"('Tramites', 'MOVIMIENTO')":{"('0079-S-2020', 0)":"CITACION SESION ESPECIAL","('0079-S-2020', 1)":"CONSIDERACION Y APROBACION (SESION POR VIDEOCONFERENCIA)","('0079-S-2020', 2)":"PASA A DIPUTADOS -","('0079-S-2020', 3)":null},"('Tramites', 'FECHA')":{"('0079-S-2020', 0)":"27\/08\/2020","('0079-S-2020', 1)":"27\/08\/2020","('0079-S-2020', 2)":null,"('0079-S-2020', 3)":null},"('Tramites', 'RESULTADO')":{"('0079-S-2020', 0)":null,"('0079-S-2020', 1)":"MEDIA SANCION","('0079-S-2020', 2)":null,"('0079-S-2020', 3)":null},"Sumario":{"('0079-S-2020', 0)":"ANEXOS: I: \"ACRUX X\", II: \"ATLASUR\", III: \"FRATERNO\", IV: \"IBSAMAR\", V: \"INALAF\", VI: \"INTEGRACION\", VII: \"PASSEX\", VIII: \"SAREX\", IX: \"UNITAS ANFIBIO\", X: \"UNITAS ATLANTICO\", XI: \"EXPONAVAL\", XII: \"VIEKAREN\", XIII: \"ARANDU\", XIV: \"TANQUE\", XV: \"RIO\", XVI: \"ARPA\" Y XVII: \"ARBOL\".","('0079-S-2020', 1)":null,"('0079-S-2020', 2)":null,"('0079-S-2020', 3)":null},"Palabra Clave":{"('0079-S-2020', 0)":" ","('0079-S-2020', 1)":null,"('0079-S-2020', 2)":null,"('0079-S-2020', 3)":null}}