{"Tipo de Proyecto":{"('0081-JGM-2020', 0)":"MENSAJE NRO: 0070\/20"},"Iniciado en: ":{"('0081-JGM-2020', 0)":"Diputados"},"Expediente Diputados: ":{"('0081-JGM-2020', 0)":"0081-JGM-2020"},"Publicado en: ":{"('0081-JGM-2020', 0)":"Tr\u00e1mite Parlamentario N\u00b0 108"},"Fecha: ":{"('0081-JGM-2020', 0)":"19\/08\/2020"},"T\u00edtulo":{"('0081-JGM-2020', 0)":"COMUNICACION DEL DECRETO DE NECESIDAD Y URGENCIA 677 DEL 16 DE AGOSTO DE 2020 SOBRE PRORROGA \"ASPO\" Y \"DISTANCIAMIENTO SOCIAL, PREVENTIVO Y OBLIGATORIO\" - REGIMEN APLICABLE DESDE DESDE EL 17 HASTA EL 30 DE AGOSTO DE 2020, INCLUSIVE "},"('Firmantes', 'FIRMANTE')":{"('0081-JGM-2020', 0)":"CAFIERO, SANTIAGO ANDRES"},"('Firmantes', 'DISTRITO')":{"('0081-JGM-2020', 0)":null},"('Firmantes', 'BLOQUE')":{"('0081-JGM-2020', 0)":"PODER EJECUTIVO"},"('Giros', 'COMISI\u00d3N')":{"('0081-JGM-2020', 0)":"BICAMERAL PERMANENTE DE TRAMITE LEGISLATIVO - LEY 26122"},"Palabra Clave":{"('0081-JGM-2020', 0)":" "}}