{"Tipo de Proyecto":{"('0082-D-2020', 0)":"PROYECTO DE LEY","('0082-D-2020', 1)":null,"('0082-D-2020', 2)":null},"Iniciado en: ":{"('0082-D-2020', 0)":"Diputados","('0082-D-2020', 1)":null,"('0082-D-2020', 2)":null},"Expediente Diputados: ":{"('0082-D-2020', 0)":"0082-D-2020","('0082-D-2020', 1)":null,"('0082-D-2020', 2)":null},"Publicado en: ":{"('0082-D-2020', 0)":"Tr\u00e1mite Parlamentario N\u00b0 1","('0082-D-2020', 1)":null,"('0082-D-2020', 2)":null},"Fecha: ":{"('0082-D-2020', 0)":"02\/03\/2020","('0082-D-2020', 1)":null,"('0082-D-2020', 2)":null},"T\u00edtulo":{"('0082-D-2020', 0)":"PERSONAS PORTADORAS DE ENFERMEDADES CRONICAS QUE SE ENCUENTREN BAJO LOS PROGRAMAS NACIONALES O PROVINCIALES: ESTABLECESE UN BENEFICIO CONSISTENTE EN EL OTORGAMIENTO DEL EQUIVALENTE A OCHO BOLETOS MINIMOS MENSUALES.","('0082-D-2020', 1)":null,"('0082-D-2020', 2)":null},"('Firmantes', 'FIRMANTE')":{"('0082-D-2020', 0)":"CAMA\u00d1O, GRACIELA","('0082-D-2020', 1)":null,"('0082-D-2020', 2)":null},"('Firmantes', 'DISTRITO')":{"('0082-D-2020', 0)":"BUENOS AIRES","('0082-D-2020', 1)":null,"('0082-D-2020', 2)":null},"('Firmantes', 'BLOQUE')":{"('0082-D-2020', 0)":"CONSENSO FEDERAL","('0082-D-2020', 1)":null,"('0082-D-2020', 2)":null},"('Giros', 'COMISI\u00d3N')":{"('0082-D-2020', 0)":"ACCION SOCIAL Y SALUD PUBLICA","('0082-D-2020', 1)":"TRANSPORTES","('0082-D-2020', 2)":"PRESUPUESTO Y HACIENDA"},"Link":{"('0082-D-2020', 0)":"https:\/\/www.hcdn.gob.ar\/proyectos\/textoCompleto.jsp?exp=0082-D-2020&tipo=LEY","('0082-D-2020', 1)":null,"('0082-D-2020', 2)":null},"Palabra Clave":{"('0082-D-2020', 0)":" ","('0082-D-2020', 1)":null,"('0082-D-2020', 2)":null}}