{"Tipo de Proyecto":{"('0083-D-2020', 0)":"PROYECTO DE LEY","('0083-D-2020', 1)":null,"('0083-D-2020', 2)":null},"Iniciado en: ":{"('0083-D-2020', 0)":"Diputados","('0083-D-2020', 1)":null,"('0083-D-2020', 2)":null},"Expediente Diputados: ":{"('0083-D-2020', 0)":"0083-D-2020","('0083-D-2020', 1)":null,"('0083-D-2020', 2)":null},"Publicado en: ":{"('0083-D-2020', 0)":"Tr\u00e1mite Parlamentario N\u00b0 1","('0083-D-2020', 1)":null,"('0083-D-2020', 2)":null},"Fecha: ":{"('0083-D-2020', 0)":"02\/03\/2020","('0083-D-2020', 1)":null,"('0083-D-2020', 2)":null},"T\u00edtulo":{"('0083-D-2020', 0)":"COOPERATIVAS DE TRABAJO. REGIMEN.","('0083-D-2020', 1)":null,"('0083-D-2020', 2)":null},"('Firmantes', 'FIRMANTE')":{"('0083-D-2020', 0)":"CAMA\u00d1O, GRACIELA","('0083-D-2020', 1)":null,"('0083-D-2020', 2)":null},"('Firmantes', 'DISTRITO')":{"('0083-D-2020', 0)":"BUENOS AIRES","('0083-D-2020', 1)":null,"('0083-D-2020', 2)":null},"('Firmantes', 'BLOQUE')":{"('0083-D-2020', 0)":"CONSENSO FEDERAL","('0083-D-2020', 1)":null,"('0083-D-2020', 2)":null},"('Giros', 'COMISI\u00d3N')":{"('0083-D-2020', 0)":"ASUNTOS COOPERATIVOS, MUTUALES Y DE ORG.NO GUBERNAMENTALES","('0083-D-2020', 1)":"LEGISLACION DEL TRABAJO","('0083-D-2020', 2)":"JUSTICIA"},"Sumario":{"('0083-D-2020', 0)":"OBJETO; RELACION; COMPOSICION; DOMICILIO LEGAL; REGLAMENTO; ADMINISTRACION; ASOCIADOS; TRABAJADORES EN RELACION DE DEPENDENCIA; EXCEDENTES; FISCALIZACION; SANCION; DISPOSICIONES TRANSITORIAS Y COMPLEMENTARIAS; LA AUTORIDAD DE APLICACION SERA EL INSTITUTO NACIONAL DE ASOCIATIVISMO Y ECONOMIA SOCIAL; DEROGACION DEL ARTICULO 4 DE LA LEY 24250; MODIFICACION DEL INCISO A) DEL ARTICULO 1 DE LA LEY 24714  (ASIGNACIONES FAMILIARES) Y DEL PRIMER PARRAFO DEL ARTICULO 112 DE LA LEY 24013 (LEY DE EMPLEO); INCORPORACION DEL INCISO E) AL ARTICULO 2 DE LA LEY 23660 (OBRAS SOCIALES) Y DEL INCISO E)  AL ARTICULO 2, APARTADO I DE LA LEY 24557 (RIESGOS DEL TRABAJO).","('0083-D-2020', 1)":null,"('0083-D-2020', 2)":null},"Palabra Clave":{"('0083-D-2020', 0)":" ","('0083-D-2020', 1)":null,"('0083-D-2020', 2)":null}}