{"Tipo de Proyecto":{"('0083-JGM-2020', 0)":"MENSAJE NRO: 0072\/20"},"Iniciado en: ":{"('0083-JGM-2020', 0)":"Diputados"},"Expediente Diputados: ":{"('0083-JGM-2020', 0)":"0083-JGM-2020"},"Publicado en: ":{"('0083-JGM-2020', 0)":"Tr\u00e1mite Parlamentario N\u00b0 111"},"Fecha: ":{"('0083-JGM-2020', 0)":"24\/08\/2020"},"T\u00edtulo":{"('0083-JGM-2020', 0)":"COMUNICACION DEL DICTADO DEL DECRETO DE NECESIDAD Y URGENCIA 690 DE FECHA 21 DE AGOSTO DE 2020, POR EL CUAL SE ESTABLECE QUE LOS SERVICIOS DE LAS TECNOLOGIAS DE LA INFORMACION Y LAS COMUNICACIONES (TIC) Y EL ACCESO A LAS REDES DE TELECOMUNICACIONES PARA Y ENTRE LICENCIATARIOS Y LICENCIATARIAS DE SERVICIOS TIC SON SERVICIOS PUBLICOS ESENCIALES Y ESTRATEGICOS EN COMPETENCIA. "},"('Firmantes', 'FIRMANTE')":{"('0083-JGM-2020', 0)":"CAFIERO, SANTIAGO ANDRES"},"('Firmantes', 'DISTRITO')":{"('0083-JGM-2020', 0)":null},"('Firmantes', 'BLOQUE')":{"('0083-JGM-2020', 0)":"PODER EJECUTIVO"},"('Giros', 'COMISI\u00d3N')":{"('0083-JGM-2020', 0)":"BICAMERAL PERMANENTE DE TRAMITE LEGISLATIVO - LEY 26122"},"('Tramites', 'C\u00c1MARA')":{"('0083-JGM-2020', 0)":"Diputados"},"('Tramites', 'MOVIMIENTO')":{"('0083-JGM-2020', 0)":"VER TRAMITE DEL DECRETO EN SENADO EN EXPEDIENTE 1913-S-2020"},"('Tramites', 'FECHA')":{"('0083-JGM-2020', 0)":null},"('Tramites', 'RESULTADO')":{"('0083-JGM-2020', 0)":null},"Palabra Clave":{"('0083-JGM-2020', 0)":" "}}