{"Tipo de Proyecto":{"('0084-D-2020', 0)":"PROYECTO DE LEY","('0084-D-2020', 1)":null},"Iniciado en: ":{"('0084-D-2020', 0)":"Diputados","('0084-D-2020', 1)":null},"Expediente Diputados: ":{"('0084-D-2020', 0)":"0084-D-2020","('0084-D-2020', 1)":null},"Publicado en: ":{"('0084-D-2020', 0)":"Tr\u00e1mite Parlamentario N\u00b0 1","('0084-D-2020', 1)":null},"Fecha: ":{"('0084-D-2020', 0)":"02\/03\/2020","('0084-D-2020', 1)":null},"T\u00edtulo":{"('0084-D-2020', 0)":"CODIGO CIVIL Y COMERCIAL DE LA NACION. MODIFICACION DEL ARTICULO 240, SOBRE ACCESO AL AGUA POTABLE PARA FINES VITALES.","('0084-D-2020', 1)":null},"('Firmantes', 'FIRMANTE')":{"('0084-D-2020', 0)":"CAMA\u00d1O, GRACIELA","('0084-D-2020', 1)":null},"('Firmantes', 'DISTRITO')":{"('0084-D-2020', 0)":"BUENOS AIRES","('0084-D-2020', 1)":null},"('Firmantes', 'BLOQUE')":{"('0084-D-2020', 0)":"CONSENSO FEDERAL","('0084-D-2020', 1)":null},"('Giros', 'COMISI\u00d3N')":{"('0084-D-2020', 0)":"LEGISLACION GENERAL","('0084-D-2020', 1)":"ACCION SOCIAL Y SALUD PUBLICA"},"Link":{"('0084-D-2020', 0)":"https:\/\/www.hcdn.gob.ar\/proyectos\/textoCompleto.jsp?exp=0084-D-2020&tipo=LEY","('0084-D-2020', 1)":null},"Palabra Clave":{"('0084-D-2020', 0)":" ","('0084-D-2020', 1)":null}}