{"Tipo de Proyecto":{"('0084-S-2020', 0)":"PROYECTO DE LEY","('0084-S-2020', 1)":null,"('0084-S-2020', 2)":null,"('0084-S-2020', 3)":null,"('0084-S-2020', 4)":null,"('0084-S-2020', 5)":null,"('0084-S-2020', 6)":null,"('0084-S-2020', 7)":null,"('0084-S-2020', 8)":null,"('0084-S-2020', 9)":null},"Iniciado en: ":{"('0084-S-2020', 0)":"Senado","('0084-S-2020', 1)":null,"('0084-S-2020', 2)":null,"('0084-S-2020', 3)":null,"('0084-S-2020', 4)":null,"('0084-S-2020', 5)":null,"('0084-S-2020', 6)":null,"('0084-S-2020', 7)":null,"('0084-S-2020', 8)":null,"('0084-S-2020', 9)":null},"Expediente Diputados: ":{"('0084-S-2020', 0)":"0084-S-2020","('0084-S-2020', 1)":null,"('0084-S-2020', 2)":null,"('0084-S-2020', 3)":null,"('0084-S-2020', 4)":null,"('0084-S-2020', 5)":null,"('0084-S-2020', 6)":null,"('0084-S-2020', 7)":null,"('0084-S-2020', 8)":null,"('0084-S-2020', 9)":null},"Expediente Senado: ":{"('0084-S-2020', 0)":"0398-S-2020","('0084-S-2020', 1)":null,"('0084-S-2020', 2)":null,"('0084-S-2020', 3)":null,"('0084-S-2020', 4)":null,"('0084-S-2020', 5)":null,"('0084-S-2020', 6)":null,"('0084-S-2020', 7)":null,"('0084-S-2020', 8)":null,"('0084-S-2020', 9)":null},"Publicado en: ":{"('0084-S-2020', 0)":"Diario de Asuntos Entrados N\u00b0 20","('0084-S-2020', 1)":null,"('0084-S-2020', 2)":null,"('0084-S-2020', 3)":null,"('0084-S-2020', 4)":null,"('0084-S-2020', 5)":null,"('0084-S-2020', 6)":null,"('0084-S-2020', 7)":null,"('0084-S-2020', 8)":null,"('0084-S-2020', 9)":null},"Fecha: ":{"('0084-S-2020', 0)":"13\/03\/2020","('0084-S-2020', 1)":null,"('0084-S-2020', 2)":null,"('0084-S-2020', 3)":null,"('0084-S-2020', 4)":null,"('0084-S-2020', 5)":null,"('0084-S-2020', 6)":null,"('0084-S-2020', 7)":null,"('0084-S-2020', 8)":null,"('0084-S-2020', 9)":null},"T\u00edtulo":{"('0084-S-2020', 0)":"CREACION DEL PROGRAMA \"NI\u00d1OS, NI\u00d1AS Y ADOLESCENTES PROTEGIDOS FRENTE AL GROOMING\".","('0084-S-2020', 1)":null,"('0084-S-2020', 2)":null,"('0084-S-2020', 3)":null,"('0084-S-2020', 4)":null,"('0084-S-2020', 5)":null,"('0084-S-2020', 6)":null,"('0084-S-2020', 7)":null,"('0084-S-2020', 8)":null,"('0084-S-2020', 9)":null},"('Firmantes', 'FIRMANTE')":{"('0084-S-2020', 0)":"LOPEZ VALVERDE, CRISTINA DEL CARMEN","('0084-S-2020', 1)":"GONZALEZ, MARIA TERESA MARGARITA","('0084-S-2020', 2)":"PILATTI VERGARA, MARIA INES","('0084-S-2020', 3)":"LEAVY, SERGIO NAPOLEON","('0084-S-2020', 4)":"CASERIO, CARLOS ALBERTO","('0084-S-2020', 5)":"LUENZO, ALFREDO HECTOR","('0084-S-2020', 6)":"BLAS, INES IMELDA","('0084-S-2020', 7)":"ALMIRON, ANA CLAUDIA","('0084-S-2020', 8)":"U\u00d1AC, JOSE RUBEN","('0084-S-2020', 9)":"RODAS, ANTONIO JOSE"},"('Firmantes', 'DISTRITO')":{"('0084-S-2020', 0)":"SAN JUAN","('0084-S-2020', 1)":"FORMOSA","('0084-S-2020', 2)":"CHACO","('0084-S-2020', 3)":"SALTA","('0084-S-2020', 4)":"CORDOBA","('0084-S-2020', 5)":"CHUBUT","('0084-S-2020', 6)":"CATAMARCA","('0084-S-2020', 7)":"CORRIENTES","('0084-S-2020', 8)":"SAN JUAN","('0084-S-2020', 9)":"CHACO"},"('Firmantes', 'BLOQUE')":{"('0084-S-2020', 0)":"FRENTE DE TODOS","('0084-S-2020', 1)":"FRENTE DE TODOS","('0084-S-2020', 2)":"FRENTE DE TODOS","('0084-S-2020', 3)":"FRENTE DE TODOS","('0084-S-2020', 4)":"FRENTE DE TODOS","('0084-S-2020', 5)":"FRENTE DE TODOS","('0084-S-2020', 6)":"FRENTE DE TODOS","('0084-S-2020', 7)":"FRENTE DE TODOS","('0084-S-2020', 8)":"FRENTE DE TODOS","('0084-S-2020', 9)":"FRENTE DE TODOS"},"('Giros', 'COMISI\u00d3N')":{"('0084-S-2020', 0)":"COMUNICACIONES E INFORMATICA","('0084-S-2020', 1)":"FAMILIAS, NI\u00d1EZ Y JUVENTUDES","('0084-S-2020', 2)":"PRESUPUESTO Y HACIENDA","('0084-S-2020', 3)":null,"('0084-S-2020', 4)":null,"('0084-S-2020', 5)":null,"('0084-S-2020', 6)":null,"('0084-S-2020', 7)":null,"('0084-S-2020', 8)":null,"('0084-S-2020', 9)":null},"('Tramites', 'C\u00c1MARA')":{"('0084-S-2020', 0)":"Senado","('0084-S-2020', 1)":"Senado","('0084-S-2020', 2)":"Senado","('0084-S-2020', 3)":"Diputados","('0084-S-2020', 4)":null,"('0084-S-2020', 5)":null,"('0084-S-2020', 6)":null,"('0084-S-2020', 7)":null,"('0084-S-2020', 8)":null,"('0084-S-2020', 9)":null},"('Tramites', 'MOVIMIENTO')":{"('0084-S-2020', 0)":"SE SUPRIMEN LOS GIROS A LA COMISION DE SISTEMAS, MEDIOS DE COMUNICACION Y LIBERTAD DE EXPRESION Y A LA COMISION DE PRESUPUESTO Y HACIENDA","('0084-S-2020', 1)":"CITACION SESION ESPECIAL CONJUNTAMENTE PARA LOS EXPEDIENTES 0084-S-2020, 0398-S-2020, 1046-S-2020 y 1394-S-2020","('0084-S-2020', 2)":"CONSIDERACION Y APROBACION (SESION POR VIDEOCONFERENCIA) CONJUNTAMENTE PARA LOS EXPEDIENTES 0084-S-2020, 0398-S-2020, 1046-S-2020 y 1394-S-2020","('0084-S-2020', 3)":"PASA A DIPUTADOS - CONJUNTAMENTE PARA LOS EXPEDIENTES 0084-S-2020, 0398-S-2020, 1046-S-2020 y 1394-S-2020","('0084-S-2020', 4)":null,"('0084-S-2020', 5)":null,"('0084-S-2020', 6)":null,"('0084-S-2020', 7)":null,"('0084-S-2020', 8)":null,"('0084-S-2020', 9)":null},"('Tramites', 'FECHA')":{"('0084-S-2020', 0)":"23\/07\/2020","('0084-S-2020', 1)":"03\/09\/2020","('0084-S-2020', 2)":"03\/09\/2020","('0084-S-2020', 3)":null,"('0084-S-2020', 4)":null,"('0084-S-2020', 5)":null,"('0084-S-2020', 6)":null,"('0084-S-2020', 7)":null,"('0084-S-2020', 8)":null,"('0084-S-2020', 9)":null},"('Tramites', 'RESULTADO')":{"('0084-S-2020', 0)":null,"('0084-S-2020', 1)":null,"('0084-S-2020', 2)":"MEDIA SANCION","('0084-S-2020', 3)":null,"('0084-S-2020', 4)":null,"('0084-S-2020', 5)":null,"('0084-S-2020', 6)":null,"('0084-S-2020', 7)":null,"('0084-S-2020', 8)":null,"('0084-S-2020', 9)":null},"Sumario":{"('0084-S-2020', 0)":"OBJETIVO: PREVENIR, SENSIBILIZAR Y GENERAR CONCIENCIA EN LA POBLACION SOBRE LA PROBLEMATICA DEL GROOMING, A TRAVES DEL USO RESPONSABLE DE LAS TECNOLOGIAS DE LA INFORMACION Y LA COMUNICACION (TICS) Y DE LA CAPACITACION DE LA COMUNIDAD EDUCATIVA EN SU CONJUNTO; DEFINICION DE GROOMING; AUTORIDAD DE APLICACION: A DESIGNAR POR EL PODER EJECUTIVO; OBJETIVOS DE LA AUTORIDAD DE APLICACION, MEDIANTE ACCIONES IMPLEMENTADAS EN LA PRESENTE LEY; CREACION DE UNA PAGINA WEB CON INFORMACION REFERIDA AL GROOMING Y AL USO RESPONSABLE DE LAS TICS.","('0084-S-2020', 1)":null,"('0084-S-2020', 2)":null,"('0084-S-2020', 3)":null,"('0084-S-2020', 4)":null,"('0084-S-2020', 5)":null,"('0084-S-2020', 6)":null,"('0084-S-2020', 7)":null,"('0084-S-2020', 8)":null,"('0084-S-2020', 9)":null},"Palabra Clave":{"('0084-S-2020', 0)":" ","('0084-S-2020', 1)":null,"('0084-S-2020', 2)":null,"('0084-S-2020', 3)":null,"('0084-S-2020', 4)":null,"('0084-S-2020', 5)":null,"('0084-S-2020', 6)":null,"('0084-S-2020', 7)":null,"('0084-S-2020', 8)":null,"('0084-S-2020', 9)":null}}