{"Tipo de Proyecto":{"('0084-PE-2020', 0)":"MENSAJE NRO: 0041\/20","('0084-PE-2020', 1)":null,"('0084-PE-2020', 2)":null},"Iniciado en: ":{"('0084-PE-2020', 0)":"Senado","('0084-PE-2020', 1)":null,"('0084-PE-2020', 2)":null},"Expediente Senado: ":{"('0084-PE-2020', 0)":"0084-PE-2020","('0084-PE-2020', 1)":null,"('0084-PE-2020', 2)":null},"Publicado en: ":{"('0084-PE-2020', 0)":"DAE S.A. N\u00b0 1","('0084-PE-2020', 1)":null,"('0084-PE-2020', 2)":null},"Fecha: ":{"('0084-PE-2020', 0)":"02\/07\/2020","('0084-PE-2020', 1)":null,"('0084-PE-2020', 2)":null},"T\u00edtulo":{"('0084-PE-2020', 0)":"SOLICITA ACUERDO PARA PROMOVER AL GRADO INMEDIATO SUPERIOR AL PERSONAL MILITAR SUPERIOR DE LA ARMADA ARGENTINA.","('0084-PE-2020', 1)":null,"('0084-PE-2020', 2)":null},"('Firmantes', 'FIRMANTE')":{"('0084-PE-2020', 0)":"FERNANDEZ, ALBERTO","('0084-PE-2020', 1)":"CAFIERO, SANTIAGO ANDRES","('0084-PE-2020', 2)":"ROSSI, AGUSTIN OSCAR"},"('Firmantes', 'DISTRITO')":{"('0084-PE-2020', 0)":null,"('0084-PE-2020', 1)":null,"('0084-PE-2020', 2)":null},"('Firmantes', 'BLOQUE')":{"('0084-PE-2020', 0)":"PODER EJECUTIVO","('0084-PE-2020', 1)":"PODER EJECUTIVO","('0084-PE-2020', 2)":"PODER EJECUTIVO"},"Sumario":{"('0084-PE-2020', 0)":"CONTRAALMIRANTE AL 22 DE FEBRERO DE 2020: JULIO HORACIO GUARDIA; CAPITANES DE NAVIO AL 31 DE DICIEMBRE DE 2019: CUERPO COMANDO ESCALAFON NAVAL: IGNACIO MARTIN ERRECABORDE, CARLOS MARIA ALLIEVI, GABRIEL RODOLFO REMOTTI, EDUARDO MIGUEL TOURNE, MARCELO CRISTIAN TARAPOW, GABRIEL GALEAZZI, WALTER ERNESTO DONA, JULIO ENRIQUE SANGUINETTI, MARCELO ALEJANDRO DALLE NOGARE, ESCALAFON INFANTERIA DE MARINA GUILLERMO PABLO RIOS, LUIS MARIANO GIORGI; ESCALAFON EJECUTIVO MARCELO RICARDO FLAMINI, RUBEN CARLOS STROPPIANA; ESCALAFON INTENDENCIA GUILLERMO SERGIO SANCHEZ, CAPITANES Y CAPITANAS DE FRAGATA AL 31 DE DICIEMBRE DE 2019: CUERPO COMANDO ; ESCALAFON NAVAL GONZALO HORACIO NIETO, FERNANDO GABRIEL SABADIN, PEDRO ROBERTO RACCA, CARLOS PEDRO SCHAVINSKY TRINCHERO, HORACIO JORGE CALAFELL, SEBASTIAN ANDRES MARCO, MARIANO HERNAN GARCIA BONINI, PEDRO MARIANO BRANDOLIN, DAMIAN GABRIEL ORGIAZZI, DIEGO MARTIN CARDOSO BOSCH, DANIEL MARCELO JARA, MARCELO OSVALDO CASO, DARDO DIEGO JORGE TROTTA, PABLO EZEQUIEL PUGLISI, DANIEL EDUARDO JUAREZ, DARIO ANDRES BUSCAROLO, GUSTAVO ENZO LANCELLOTTI, MARCELO JORGE BIANCHI, PABLO ADOLFO BUONANOTTE, CARLOS JULIAN MIGANNE, ENRIQUE MARCELO BALLERINI, DIEGO LEONARDO VIEITES, GUSTAVO FERNANDO MERLI, JUAN CARLOS MARRA, ROBERTO FACUNDO MORAN, GUSTAVO PABLO RUA, LEONARDO MAUGERE DI MARCO; ESCALAFON INFANTERIA DE MARINA MARIO ALFREDO BILESIO, EMMANUEL NICOLAS TSAQUIS, ENRIQUE OSCAR CASTRO, MARTIN GABRIEL CATARDI, HUA HUN HUALA SOTO MELLADO; ESCALAFON EJECUTIVO LEONARDO ALBERTO CASTRO, DANIEL JORGE RAJCEVIC, SERGIO IRLANDO DIMASI, CUERPO PROFESIONAL ; ESCALAFON INTENDENCIA JUAN JOSE NAPOLETANO, JUAN JOSE DEANDREA, GUILLERMO DAMIAN ARIAS, PABLO SEBASTIAN MENICUCCI, NESTOR JAVIER BORRA, SERGIO OMAR AVILA, DIEGO JOSE SALA, MARCELO ADRIAN BALLESTERO, EDGAR DANIEL ESCOBAR; ESCALAFON INGENIERIA HUMBERTO WALDEMAR ARAUJO, JORGE GABRIEL COSTANZO; ESCALAFON SANIDAD MEDICINA HUGO RODOLFO GONZALEZ; ESCALAFON SANIDAD ODONTOLOGIA MARIA LAURA IRAZABAL, GABRIELA ELISA BELLOZAS, MYRIAM GRACIELA ISABEL ; ; ESCALAFON SANIDAD FARMACIA Y BIOQUIMICA: DIEGO ANIBAL PEREZ; ESCALAFON TECNICO FRANCO DARIO PIRROTTA, HECTOR OSVALDO GUTIERREZ; ; ESCALAFON ESPECIAL: GERARDO ELADIO BOCCARDO, ADRIAN ADOLFO OLARIAGA,","('0084-PE-2020', 1)":null,"('0084-PE-2020', 2)":null},"Palabra Clave":{"('0084-PE-2020', 0)":" ","('0084-PE-2020', 1)":null,"('0084-PE-2020', 2)":null}}