{"Tipo de Proyecto":{"('0085-PE-2020', 0)":"MENSAJE NRO: 0042\/20","('0085-PE-2020', 1)":null,"('0085-PE-2020', 2)":null},"Iniciado en: ":{"('0085-PE-2020', 0)":"Senado","('0085-PE-2020', 1)":null,"('0085-PE-2020', 2)":null},"Expediente Senado: ":{"('0085-PE-2020', 0)":"0085-PE-2020","('0085-PE-2020', 1)":null,"('0085-PE-2020', 2)":null},"Publicado en: ":{"('0085-PE-2020', 0)":"DAE S.A. N\u00b0 1","('0085-PE-2020', 1)":null,"('0085-PE-2020', 2)":null},"Fecha: ":{"('0085-PE-2020', 0)":"02\/07\/2020","('0085-PE-2020', 1)":null,"('0085-PE-2020', 2)":null},"T\u00edtulo":{"('0085-PE-2020', 0)":"SOLICITA ACUERDO PARA PROMOVER AL GRADO INMEDIATO SUPERIOR AL PERSONAL MILITAR SUPERIOR DE LA FUERZA AEREA ARGENTINA, CON FECHA 31 DE DICIEMBRE DE 2019.","('0085-PE-2020', 1)":null,"('0085-PE-2020', 2)":null},"('Firmantes', 'FIRMANTE')":{"('0085-PE-2020', 0)":"FERNANDEZ, ALBERTO","('0085-PE-2020', 1)":"CAFIERO, SANTIAGO ANDRES","('0085-PE-2020', 2)":"ROSSI, AGUSTIN OSCAR"},"('Firmantes', 'DISTRITO')":{"('0085-PE-2020', 0)":null,"('0085-PE-2020', 1)":null,"('0085-PE-2020', 2)":null},"('Firmantes', 'BLOQUE')":{"('0085-PE-2020', 0)":"PODER EJECUTIVO","('0085-PE-2020', 1)":"PODER EJECUTIVO","('0085-PE-2020', 2)":"PODER EJECUTIVO"},"Sumario":{"('0085-PE-2020', 0)":"BRIGADIERES CUERPO DE COMANDO XAVIER JULIAN ISAAC, PEDRO ESTEBAN GIRARDI, HUGO EDUARDO SCHAUB, OSCAR EMILIO PALUMBO; COMODOROS CUERPO DE COMANDO ESCALAFON DEL AIRE: MARCELO GUERRERO, JOSE MARIA GREISSING, ANGEL ROJO, ALBERTO RAUL GADEA, FERNANDO FABIAN RUBIO, NESTOR ARNOLDO GUAJARDO, ALEJANDRO JOSE BISSO, GUSTAVO ALEJANDRO PEREZ ORTIZ, CARLOS LUIS YEDRO; ESCALAFON GENERAL JUAN ALBERTO LESCANO, CARLOS ALEJANDRO MASINO, RODOLFO GUILLAMONDEGUI; CUERPO DE LOS SERVICIOS PROFESIONALES ESCALAFON DE CONTABILIDAD: JORGE ALBERTO PERRONE; VICECOMODOROS CUERPO DE COMANDO ESCALAFON DEL AIRE: WALTER CESAR OLMEDO, GONZALO VILLEGAS CAMPOS, MARIANO GERMAN GYENGE, CLAUDIO MARCELO ORTIZ, ADRIAN RODOLFO FERRARI; ESCALAFON GENERAL JUAN PABLO DUVAL, WALTER OSCAR LUCERO, EDUARDO PAGANI, ROBERTO FRANCISCO SARAVIA, ALEJANDRO HECTOR BALLESPIN, HUGO SOLANO, JOSE ADOLFO GENGHAMMER, ANTONIO VISO, ESTEBAN DAMIAN PALACIOS, GUSTAVO MARTIN BRUSCHINI; ESCALAFON TECNICO SANTIAGO LUIS MARTIN, GUILLERMO FEDERICO BAZAN, JOSE NICOLAS GOMEZ; CUERPO DE LOS SERVICIOS PROFESIONALES: ESCALAFON DE BIOQUIMICA ANDREA FABIANA FERNANDEZ; ESCALAFON DE INFRAESTRUCTURA DANIEL OSCAR BOTTA; ESCALAFON DE INGENIEROS GUILLERMO ESTEBAN FERNANDEZ; ESCALAFON JURIDICO HORACIO RODOLFO DAUFI, MARCELO ALBERTO LOPEZ; ESCALAFON DE METEOROLOGIA EDUARDO URBANO GUTIERREZ; ESCALAFON DE ODONTOLOGIA DANTE AMADOR SARDON, PABLO ESTEBAN ACOSTA; ESCALAFON COMPLEMENTARIO ESTELA DEL VALLE PRATAVIERA, ROBERTO MANUEL MIGLIORINI.","('0085-PE-2020', 1)":null,"('0085-PE-2020', 2)":null},"Palabra Clave":{"('0085-PE-2020', 0)":" ","('0085-PE-2020', 1)":null,"('0085-PE-2020', 2)":null}}