{"Tipo de Proyecto":{"('0085-S-2020', 0)":"PROYECTO DE LEY"},"Iniciado en: ":{"('0085-S-2020', 0)":"Senado"},"Expediente Senado: ":{"('0085-S-2020', 0)":"0085-S-2020"},"Publicado en: ":{"('0085-S-2020', 0)":"Diario de Asuntos Entrados N\u00b0 5"},"Fecha: ":{"('0085-S-2020', 0)":"02\/03\/2020"},"T\u00edtulo":{"('0085-S-2020', 0)":"MODIFICACION AL ARTICULO 155 DE LA LEY 20744 - CONTRATO DE TRABAJO- RESPECTO DE LA FECHA DE PAGO Y EL DEVENGAMIENTO DEL SALARIO CORRESPONDIENTE A LAS VACACIONES."},"('Firmantes', 'FIRMANTE')":{"('0085-S-2020', 0)":"COBOS, JULIO CESAR CLETO"},"('Firmantes', 'DISTRITO')":{"('0085-S-2020', 0)":"MENDOZA"},"('Firmantes', 'BLOQUE')":{"('0085-S-2020', 0)":"UCR"},"Link":{"('0085-S-2020', 0)":"http:\/\/www.senado.gov.ar\/parlamentario\/comisiones\/verExp\/85.20\/S\/PL"},"Palabra Clave":{"('0085-S-2020', 0)":" "}}