{"Tipo de Proyecto":{"('0085-D-2020', 0)":"PROYECTO DE LEY","('0085-D-2020', 1)":null},"Iniciado en: ":{"('0085-D-2020', 0)":"Diputados","('0085-D-2020', 1)":null},"Expediente Diputados: ":{"('0085-D-2020', 0)":"0085-D-2020","('0085-D-2020', 1)":null},"Publicado en: ":{"('0085-D-2020', 0)":"Tr\u00e1mite Parlamentario N\u00b0 1","('0085-D-2020', 1)":null},"Fecha: ":{"('0085-D-2020', 0)":"02\/03\/2020","('0085-D-2020', 1)":null},"T\u00edtulo":{"('0085-D-2020', 0)":"DECLARAR NULO DE NULIDAD ABSOLUTA TODA DISPOSICION DE ACTOS CONSTITUTIVOS, ESTATUTOS, REGLAMENTOS, ACTAS O DISPOSICIONES DE ASAMBLEA O CUALQUIER OTRA RESOLUCION EMANADA DE PERSONAS JURIDICAS DE DERECHO PRIVADO CON O SIN FINES DE LUCRO QUE IMPIDAN A LAS MUJERES SU INSCRIPCION, INTERVENCION COMO AUTORIDAD O PARTICIPACION EN CUALQUIERA DE SUS ACTIVIDADES.","('0085-D-2020', 1)":null},"('Firmantes', 'FIRMANTE')":{"('0085-D-2020', 0)":"CAMA\u00d1O, GRACIELA","('0085-D-2020', 1)":null},"('Firmantes', 'DISTRITO')":{"('0085-D-2020', 0)":"BUENOS AIRES","('0085-D-2020', 1)":null},"('Firmantes', 'BLOQUE')":{"('0085-D-2020', 0)":"CONSENSO FEDERAL","('0085-D-2020', 1)":null},"('Giros', 'COMISI\u00d3N')":{"('0085-D-2020', 0)":"LEGISLACION GENERAL","('0085-D-2020', 1)":"MUJERES Y DIVERSIDAD"},"Link":{"('0085-D-2020', 0)":"https:\/\/www.hcdn.gob.ar\/proyectos\/textoCompleto.jsp?exp=0085-D-2020&tipo=LEY","('0085-D-2020', 1)":null},"Palabra Clave":{"('0085-D-2020', 0)":" ","('0085-D-2020', 1)":null}}