{"Tipo de Proyecto":{"('0086-S-2020', 0)":"PROYECTO DE LEY"},"Iniciado en: ":{"('0086-S-2020', 0)":"Senado"},"Expediente Senado: ":{"('0086-S-2020', 0)":"0086-S-2020"},"Publicado en: ":{"('0086-S-2020', 0)":"Diario de Asuntos Entrados N\u00b0 5"},"Fecha: ":{"('0086-S-2020', 0)":"02\/03\/2020"},"T\u00edtulo":{"('0086-S-2020', 0)":"CREACION DE UNA CAMARA FEDERAL DE APELACIONES DE ROSARIO, CON ASIENTO EN LA CIUDAD DE SANTA FE; UNA SECRETARIA DE NARCOTRAFICO EN EL AMBITO DE LA CAMARA FEDERAL DE ROSARIO; UN JUZGADO FEDERAL DE PRIMERA INSTANCIA EN LO CRIMINAL Y CORRECCIONAL EN LA CIUDAD DE SAN LORENZO; UNA FISCALIA Y UNA DEFENSORIA OFICIAL CON ASIENTO EN LA CIUDAD DE SAN LORENZO, PROVINCIA DE SANTA FE."},"('Firmantes', 'FIRMANTE')":{"('0086-S-2020', 0)":"SACNUN, MARIA DE LOS ANGELES"},"('Firmantes', 'DISTRITO')":{"('0086-S-2020', 0)":"SANTA FE"},"('Firmantes', 'BLOQUE')":{"('0086-S-2020', 0)":"FRENTE DE TODOS"},"Link":{"('0086-S-2020', 0)":"http:\/\/www.senado.gov.ar\/parlamentario\/comisiones\/verExp\/86.20\/S\/PL"},"Palabra Clave":{"('0086-S-2020', 0)":" "}}