{"Tipo de Proyecto":{"('0087-JGM-2020', 0)":"MENSAJE NRO \/ A\u00d1O"},"Iniciado en: ":{"('0087-JGM-2020', 0)":"Diputados"},"Expediente Diputados: ":{"('0087-JGM-2020', 0)":"0087-JGM-2020"},"Publicado en: ":{"('0087-JGM-2020', 0)":"Tr\u00e1mite Parlamentario N\u00b0 114"},"Fecha: ":{"('0087-JGM-2020', 0)":"27\/08\/2020"},"T\u00edtulo":{"('0087-JGM-2020', 0)":"REMITE LA DECISION ADMINISTRATIVA 1534 DEL 20 DE AGOSTO DE 2020 POR LA CUAL SE MODIFICA EL PRESUPUESTO GENERAL DE LA ADMINISTRACION NACIONAL PARA EL EJERCICIO 2020."},"('Firmantes', 'FIRMANTE')":{"('0087-JGM-2020', 0)":"CAFIERO, SANTIAGO ANDRES"},"('Firmantes', 'DISTRITO')":{"('0087-JGM-2020', 0)":null},"('Firmantes', 'BLOQUE')":{"('0087-JGM-2020', 0)":"PODER EJECUTIVO"},"('Giros', 'COMISI\u00d3N')":{"('0087-JGM-2020', 0)":"PRESUPUESTO Y HACIENDA"},"Palabra Clave":{"('0087-JGM-2020', 0)":" "}}