{"Tipo de Proyecto":{"('0088-S-2020', 0)":"PROYECTO DE LEY"},"Iniciado en: ":{"('0088-S-2020', 0)":"Senado"},"Expediente Senado: ":{"('0088-S-2020', 0)":"0088-S-2020"},"Publicado en: ":{"('0088-S-2020', 0)":"Diario de Asuntos Entrados N\u00b0 5"},"Fecha: ":{"('0088-S-2020', 0)":"02\/03\/2020"},"T\u00edtulo":{"('0088-S-2020', 0)":"MODIFICACION DE LA LEY 20744 - (TEXTO ORDENADO 1976) (CONTRATO DE TRABAJO) Y SUS MODIFICATORIAS, RESPECTO DEL DESCANSO SEMANAL EN DIAS SABADOS Y DOMINGOS (REPRODUCCION DEL EXPEDIENTE 2292-S-18)."},"('Firmantes', 'FIRMANTE')":{"('0088-S-2020', 0)":"LOVERA, DANIEL ANIBAL"},"('Firmantes', 'DISTRITO')":{"('0088-S-2020', 0)":"LA PAMPA"},"('Firmantes', 'BLOQUE')":{"('0088-S-2020', 0)":"FRENTE DE TODOS"},"Sumario":{"('0088-S-2020', 0)":"SUSTITUCION DE LOS ARTICULOS 204 Y 207."},"Palabra Clave":{"('0088-S-2020', 0)":" "}}