{"Tipo de Proyecto":{"('0088-JGM-2020', 0)":"MENSAJE NRO \/ A\u00d1O"},"Iniciado en: ":{"('0088-JGM-2020', 0)":"Diputados"},"Expediente Diputados: ":{"('0088-JGM-2020', 0)":"0088-JGM-2020"},"Publicado en: ":{"('0088-JGM-2020', 0)":"Tr\u00e1mite Parlamentario N\u00b0 116"},"Fecha: ":{"('0088-JGM-2020', 0)":"31\/08\/2020"},"T\u00edtulo":{"('0088-JGM-2020', 0)":"REMITE LA DECISION ADMINISTRATIVA 1552 DE FECHA 24 DE AGOSTO DE 2020, POR LA CUAL SE MODIFICO EL PRESUPUESTO DE LA ADMINISTRACION PUBLICA NACIONAL PARA EL EJERCICIO 2020."},"('Firmantes', 'FIRMANTE')":{"('0088-JGM-2020', 0)":"CAFIERO, SANTIAGO ANDRES"},"('Firmantes', 'DISTRITO')":{"('0088-JGM-2020', 0)":null},"('Firmantes', 'BLOQUE')":{"('0088-JGM-2020', 0)":"PODER EJECUTIVO"},"('Giros', 'COMISI\u00d3N')":{"('0088-JGM-2020', 0)":"PRESUPUESTO Y HACIENDA"},"Palabra Clave":{"('0088-JGM-2020', 0)":" "}}