{"Tipo de Proyecto":{"('0088-D-2020', 0)":"PROYECTO DE LEY","('0088-D-2020', 1)":null,"('0088-D-2020', 2)":null},"Iniciado en: ":{"('0088-D-2020', 0)":"Diputados","('0088-D-2020', 1)":null,"('0088-D-2020', 2)":null},"Expediente Diputados: ":{"('0088-D-2020', 0)":"0088-D-2020","('0088-D-2020', 1)":null,"('0088-D-2020', 2)":null},"Publicado en: ":{"('0088-D-2020', 0)":"Tr\u00e1mite Parlamentario N\u00b0 1","('0088-D-2020', 1)":null,"('0088-D-2020', 2)":null},"Fecha: ":{"('0088-D-2020', 0)":"02\/03\/2020","('0088-D-2020', 1)":null,"('0088-D-2020', 2)":null},"T\u00edtulo":{"('0088-D-2020', 0)":"TRANSPARENCIA DE LA LICITACION PUBLICA DE LA OBRA PUBLICA. REGIMEN. ","('0088-D-2020', 1)":null,"('0088-D-2020', 2)":null},"('Firmantes', 'FIRMANTE')":{"('0088-D-2020', 0)":"GAILLARD, ANA CAROLINA","('0088-D-2020', 1)":null,"('0088-D-2020', 2)":null},"('Firmantes', 'DISTRITO')":{"('0088-D-2020', 0)":"ENTRE RIOS","('0088-D-2020', 1)":null,"('0088-D-2020', 2)":null},"('Firmantes', 'BLOQUE')":{"('0088-D-2020', 0)":"FRENTE DE TODOS","('0088-D-2020', 1)":null,"('0088-D-2020', 2)":null},"('Giros', 'COMISI\u00d3N')":{"('0088-D-2020', 0)":"OBRAS PUBLICAS","('0088-D-2020', 1)":"LEGISLACION GENERAL","('0088-D-2020', 2)":"PRESUPUESTO Y HACIENDA"},"Sumario":{"('0088-D-2020', 0)":"OBJETIVO; PARTICIPACION A LOS SECTORES INTERESADOS Y A LA CIUDADANIA EN GENERAL; CONVOCATORIA A AUDIENCIAS PUBLICAS;  CREACION DEL PROGRAMA DE TRANSPARENCIA PARA LAS CONTRATACIONES DE OBRA PUBLICA EN EL AMBITO DE LA SECRETARIA DE OBRAS PUBLICAS;  PROCEDIMIENTO; MODIFICACION DEL ARTICULO 4 DE LA LEY 13064.","('0088-D-2020', 1)":null,"('0088-D-2020', 2)":null},"Palabra Clave":{"('0088-D-2020', 0)":" ","('0088-D-2020', 1)":null,"('0088-D-2020', 2)":null}}