{"Tipo de Proyecto":{"('0089-D-2020', 0)":"PROYECTO DE LEY","('0089-D-2020', 1)":null},"Iniciado en: ":{"('0089-D-2020', 0)":"Diputados","('0089-D-2020', 1)":null},"Expediente Diputados: ":{"('0089-D-2020', 0)":"0089-D-2020","('0089-D-2020', 1)":null},"Publicado en: ":{"('0089-D-2020', 0)":"Tr\u00e1mite Parlamentario N\u00b0 1","('0089-D-2020', 1)":null},"Fecha: ":{"('0089-D-2020', 0)":"02\/03\/2020","('0089-D-2020', 1)":null},"T\u00edtulo":{"('0089-D-2020', 0)":"EDUCACION NACIONAL - LEY 26206 -. MODIFICACION DEL ARTICULO 43 SOBRE LOS PROCEDIMIENTOS Y RECURSOS CORRESPONDIENTES PARA IDENTIFICAR TEMPRANAMENTE LAS NECESIDADES EDUCATIVAS DERIVADAS DE LA DISCAPACIDAD O DE TRASTORNOS EN EL DESARROLLO. ","('0089-D-2020', 1)":null},"('Firmantes', 'FIRMANTE')":{"('0089-D-2020', 0)":"GAILLARD, ANA CAROLINA","('0089-D-2020', 1)":null},"('Firmantes', 'DISTRITO')":{"('0089-D-2020', 0)":"ENTRE RIOS","('0089-D-2020', 1)":null},"('Firmantes', 'BLOQUE')":{"('0089-D-2020', 0)":"FRENTE DE TODOS","('0089-D-2020', 1)":null},"('Giros', 'COMISI\u00d3N')":{"('0089-D-2020', 0)":"EDUCACION","('0089-D-2020', 1)":"DISCAPACIDAD"},"Link":{"('0089-D-2020', 0)":"https:\/\/www.hcdn.gob.ar\/proyectos\/textoCompleto.jsp?exp=0089-D-2020&tipo=LEY","('0089-D-2020', 1)":null},"Palabra Clave":{"('0089-D-2020', 0)":" ","('0089-D-2020', 1)":null}}