{"Tipo de Proyecto":{"('0089-JGM-2020', 0)":"MENSAJE NRO: 0076\/20"},"Iniciado en: ":{"('0089-JGM-2020', 0)":"Diputados"},"Expediente Diputados: ":{"('0089-JGM-2020', 0)":"0089-JGM-2020"},"Publicado en: ":{"('0089-JGM-2020', 0)":"Tr\u00e1mite Parlamentario N\u00b0 117"},"Fecha: ":{"('0089-JGM-2020', 0)":"01\/09\/2020"},"T\u00edtulo":{"('0089-JGM-2020', 0)":"COMUNICACION DEL DICTADO DEL DECRETO DE NECESIDAD Y URGENCIA 706 DEL 28 DE AGOSTO DE 2020 POR EL QUE SE MODIFICA LA LEY DE MINISTERIOS - LEY 22520, TEXTO ORDENADO POR DECRETO 438\/92 Y SUS MODIFICATORIAS."},"('Firmantes', 'FIRMANTE')":{"('0089-JGM-2020', 0)":"CAFIERO, SANTIAGO ANDRES"},"('Firmantes', 'DISTRITO')":{"('0089-JGM-2020', 0)":null},"('Firmantes', 'BLOQUE')":{"('0089-JGM-2020', 0)":"PODER EJECUTIVO"},"('Giros', 'COMISI\u00d3N')":{"('0089-JGM-2020', 0)":"BICAMERAL PERMANENTE DE TRAMITE LEGISLATIVO - LEY 26122"},"Palabra Clave":{"('0089-JGM-2020', 0)":" "}}