{"Tipo de Proyecto":{"('0091-D-2020', 0)":"PROYECTO DE LEY","('0091-D-2020', 1)":null},"Iniciado en: ":{"('0091-D-2020', 0)":"Diputados","('0091-D-2020', 1)":null},"Expediente Diputados: ":{"('0091-D-2020', 0)":"0091-D-2020","('0091-D-2020', 1)":null},"Publicado en: ":{"('0091-D-2020', 0)":"Tr\u00e1mite Parlamentario N\u00b0 1","('0091-D-2020', 1)":null},"Fecha: ":{"('0091-D-2020', 0)":"02\/03\/2020","('0091-D-2020', 1)":null},"T\u00edtulo":{"('0091-D-2020', 0)":"REGIMEN DE FOMENTO PARA EL DESARROLLO DE LA ACTIVIDAD ARTESANAL. ","('0091-D-2020', 1)":null},"('Firmantes', 'FIRMANTE')":{"('0091-D-2020', 0)":"GAILLARD, ANA CAROLINA","('0091-D-2020', 1)":null},"('Firmantes', 'DISTRITO')":{"('0091-D-2020', 0)":"ENTRE RIOS","('0091-D-2020', 1)":null},"('Firmantes', 'BLOQUE')":{"('0091-D-2020', 0)":"FRENTE DE TODOS","('0091-D-2020', 1)":null},"('Giros', 'COMISI\u00d3N')":{"('0091-D-2020', 0)":"CULTURA","('0091-D-2020', 1)":"PRESUPUESTO Y HACIENDA"},"Sumario":{"('0091-D-2020', 0)":"DECLARACION COMO PATRIMONIO CULTURAL DE LA NACION; OBJETO; DEFINICIONES; DISTRIBUCION DE COMPETENCIAS Y AUTORIDAD DE APLICACION; INSTITUTO NACIONAL PARA EL DESARROLLO Y LA ACTIVIDAD ARTESANAL (I.N.D.A.ART.): CREACION EN EL AMBITO DEL MINISTERIO DE CULTURA DE LA NACION; OBJETO; ATRIBUCIONES Y FUNCIONES;  CONFORMACION DEL CONSEJO FEDERAL PARA EL DESARROLLO DE LA ACTIVIDAD ARTESANAL (CO.FE.ART.); FONDO NACIONAL DE INCENTIVO PARA EL SECTOR ARTESANAL. CREACION.","('0091-D-2020', 1)":null},"Palabra Clave":{"('0091-D-2020', 0)":" ","('0091-D-2020', 1)":null}}