{"Tipo de Proyecto":{"('0092-S-2020', 0)":"PROYECTO DE LEY"},"Iniciado en: ":{"('0092-S-2020', 0)":"Senado"},"Expediente Senado: ":{"('0092-S-2020', 0)":"0092-S-2020"},"Publicado en: ":{"('0092-S-2020', 0)":"Diario de Asuntos Entrados N\u00b0 5"},"Fecha: ":{"('0092-S-2020', 0)":"02\/03\/2020"},"T\u00edtulo":{"('0092-S-2020', 0)":"DIA DE LA HIGIENE Y SEGURIDAD EN EL TRABAJO (REPRODUCCION DEL EXPEDIENTE 1658-S-18)."},"('Firmantes', 'FIRMANTE')":{"('0092-S-2020', 0)":"LOVERA, DANIEL ANIBAL"},"('Firmantes', 'DISTRITO')":{"('0092-S-2020', 0)":"LA PAMPA"},"('Firmantes', 'BLOQUE')":{"('0092-S-2020', 0)":"FRENTE DE TODOS"},"Sumario":{"('0092-S-2020', 0)":"DECLARACION DEL 28 DE ABRIL DE CADA A\u00d1O COMO EL DIA DE LA HIGIENE Y SEGURIDAD EN EL TRABAJO; INCORPORACION AL CALENDARIO ESCOLAR, ADHESION A LA CAMPA\u00d1A MUNDIAL DE LA OIT SOBRE SALUD Y SEGURIDAD EN EL TRABAJO; DEROGACION DEL DECRETO 4159\/1973."},"Palabra Clave":{"('0092-S-2020', 0)":" "}}