{"Tipo de Proyecto":{"('0093-S-2020', 0)":"PROYECTO DE LEY"},"Iniciado en: ":{"('0093-S-2020', 0)":"Senado"},"Expediente Senado: ":{"('0093-S-2020', 0)":"0093-S-2020"},"Publicado en: ":{"('0093-S-2020', 0)":"Diario de Asuntos Entrados N\u00b0 5"},"Fecha: ":{"('0093-S-2020', 0)":"02\/03\/2020"},"T\u00edtulo":{"('0093-S-2020', 0)":"MODIFICACION DE LA LEY 20744 - DE CONTRATO DE TRABAJO RESPECTO AL PLAZO DE PRESCRIPCION DE CREDITOS PROVENIENTES DE LA EXTINCION DEL VINCULO LABORAL (REPRODUCCION DEL EXPEDIENTE 1135-S-18)."},"('Firmantes', 'FIRMANTE')":{"('0093-S-2020', 0)":"LOVERA, DANIEL ANIBAL"},"('Firmantes', 'DISTRITO')":{"('0093-S-2020', 0)":"LA PAMPA"},"('Firmantes', 'BLOQUE')":{"('0093-S-2020', 0)":"FRENTE DE TODOS"},"Sumario":{"('0093-S-2020', 0)":"MODIFICACION DEL ARTICULO 256 DE LA LEY 20744."},"Palabra Clave":{"('0093-S-2020', 0)":" "}}