{"Tipo de Proyecto":{"('0094-PE-2020', 0)":"MENSAJE NRO: 0047\/20","('0094-PE-2020', 1)":null,"('0094-PE-2020', 2)":null},"Iniciado en: ":{"('0094-PE-2020', 0)":"Senado","('0094-PE-2020', 1)":null,"('0094-PE-2020', 2)":null},"Expediente Senado: ":{"('0094-PE-2020', 0)":"0094-PE-2020","('0094-PE-2020', 1)":null,"('0094-PE-2020', 2)":null},"Publicado en: ":{"('0094-PE-2020', 0)":"DAE S.A. N\u00b0 2","('0094-PE-2020', 1)":null,"('0094-PE-2020', 2)":null},"Fecha: ":{"('0094-PE-2020', 0)":"22\/07\/2020","('0094-PE-2020', 1)":null,"('0094-PE-2020', 2)":null},"T\u00edtulo":{"('0094-PE-2020', 0)":"SOLICITA ACUERDO PARA PROMOVER AL GRADO INMEDIATO SUPERIOR, CON FECHA 1\u00b0 DE ENERO DE 2020, A LA CATEGORIA \"B\" EMBAJADOR EXTRAORDINARIO Y PLENIPOTENCIARIO DE PRIMERA CLASE A LAS FUNCIONARIAS Y FUNCIONARIOS DE LA CATEGORIA \"C\" MINISTRO PLENIPOTENCIARIO DE SEGUNDA CLASE DEL MINISTERIO DE RELACIONES EXTERIORES, COMERCIO INTERNACIONAL Y CULTO.","('0094-PE-2020', 1)":null,"('0094-PE-2020', 2)":null},"('Firmantes', 'FIRMANTE')":{"('0094-PE-2020', 0)":"FERNANDEZ, ALBERTO","('0094-PE-2020', 1)":"CAFIERO, SANTIAGO ANDRES","('0094-PE-2020', 2)":"SOLA, FELIPE CARLOS"},"('Firmantes', 'DISTRITO')":{"('0094-PE-2020', 0)":null,"('0094-PE-2020', 1)":null,"('0094-PE-2020', 2)":null},"('Firmantes', 'BLOQUE')":{"('0094-PE-2020', 0)":"PODER EJECUTIVO","('0094-PE-2020', 1)":"PODER EJECUTIVO","('0094-PE-2020', 2)":"PODER EJECUTIVO"},"Sumario":{"('0094-PE-2020', 0)":"VILLALBA DIAZ, SANTIAGO ADOLFO; COSTANTINO, LEONARDO DANIEL; BOGADO, MARIA BELEN; WAISELFISZ, EMILIANO GABRIEL; BIGLIERI, MARIA CLARA; SERVETTO, GABRIEL ALBERTO; PITTA, SANDRA ROSANA; PEREZ COLMAN, MARIA CAROLINA; CACHAZA, ANA LAURA; NU\u00d1EZ, JUAN JORGE MARTIN; VIGGIANO MARRA, ALESSANDRA MARCELA; ST\u00d6GER RODRIGUEZ, MARIA VICTORIA; CATELLA, CARLOS ENRIQUE; NORTON, RODOLFO; LEHMANN, CORINA BEATRIZ; COTTINI, DANIEL HORACIO; GIACOMINO, CLAUDIO ALBERTO; COPPA, GUSTAVO RICARDO; BASBUS, JOSE ANDRES; BINAGHI, JAVIER ENRIQUE.","('0094-PE-2020', 1)":null,"('0094-PE-2020', 2)":null},"Palabra Clave":{"('0094-PE-2020', 0)":" ","('0094-PE-2020', 1)":null,"('0094-PE-2020', 2)":null}}