{"Tipo de Proyecto":{"('0094-D-2020', 0)":"PROYECTO DE LEY","('0094-D-2020', 1)":null},"Iniciado en: ":{"('0094-D-2020', 0)":"Diputados","('0094-D-2020', 1)":null},"Expediente Diputados: ":{"('0094-D-2020', 0)":"0094-D-2020","('0094-D-2020', 1)":null},"Publicado en: ":{"('0094-D-2020', 0)":"Tr\u00e1mite Parlamentario N\u00b0 1","('0094-D-2020', 1)":null},"Fecha: ":{"('0094-D-2020', 0)":"02\/03\/2020","('0094-D-2020', 1)":null},"T\u00edtulo":{"('0094-D-2020', 0)":"INSTITUYESE EL 15 DE NOVIEMBRE DE CADA A\u00d1O COMO \"DIA NACIONAL DE LA INCLAUDICABLE REIVINDICACION Y DEFENSA DEL MAR ARGENTINO\", EN CONMEMORACION DEL NAUFRAGIO DEL SUBMARINO A.R.A. SAN JUAN","('0094-D-2020', 1)":null},"('Firmantes', 'FIRMANTE')":{"('0094-D-2020', 0)":"CAMA\u00d1O, GRACIELA","('0094-D-2020', 1)":null},"('Firmantes', 'DISTRITO')":{"('0094-D-2020', 0)":"BUENOS AIRES","('0094-D-2020', 1)":null},"('Firmantes', 'BLOQUE')":{"('0094-D-2020', 0)":"CONSENSO FEDERAL","('0094-D-2020', 1)":null},"('Giros', 'COMISI\u00d3N')":{"('0094-D-2020', 0)":"LEGISLACION GENERAL","('0094-D-2020', 1)":"DEFENSA NACIONAL"},"Link":{"('0094-D-2020', 0)":"https:\/\/www.hcdn.gob.ar\/proyectos\/textoCompleto.jsp?exp=0094-D-2020&tipo=LEY","('0094-D-2020', 1)":null},"Palabra Clave":{"('0094-D-2020', 0)":" ","('0094-D-2020', 1)":null}}