{"Tipo de Proyecto":{"('0095-D-2020', 0)":"PROYECTO DE LEY","('0095-D-2020', 1)":null},"Iniciado en: ":{"('0095-D-2020', 0)":"Diputados","('0095-D-2020', 1)":null},"Expediente Diputados: ":{"('0095-D-2020', 0)":"0095-D-2020","('0095-D-2020', 1)":null},"Publicado en: ":{"('0095-D-2020', 0)":"Tr\u00e1mite Parlamentario N\u00b0 1","('0095-D-2020', 1)":null},"Fecha: ":{"('0095-D-2020', 0)":"02\/03\/2020","('0095-D-2020', 1)":null},"T\u00edtulo":{"('0095-D-2020', 0)":"UNIDAD DE ANALISIS DEL COMPORTAMIENTO. CREACION EN EL AMBITO DE LAS FUERZAS DE SEGURIDAD DE LA NACION. ","('0095-D-2020', 1)":null},"('Firmantes', 'FIRMANTE')":{"('0095-D-2020', 0)":"CAMA\u00d1O, GRACIELA","('0095-D-2020', 1)":null},"('Firmantes', 'DISTRITO')":{"('0095-D-2020', 0)":"BUENOS AIRES","('0095-D-2020', 1)":null},"('Firmantes', 'BLOQUE')":{"('0095-D-2020', 0)":"CONSENSO FEDERAL","('0095-D-2020', 1)":null},"('Giros', 'COMISI\u00d3N')":{"('0095-D-2020', 0)":"SEGURIDAD INTERIOR","('0095-D-2020', 1)":"PRESUPUESTO Y HACIENDA"},"Sumario":{"('0095-D-2020', 0)":"DECRETO LEY 333\/58 (LEY ORGANICA DE LA POLICIA FEDERAL): MODIFICACION DEL ARTICULO 23 (SUPERINTENDENCIA DE INVESTIGACIONES CRIMINALES) E INCORPORACION DE ARTICULO 23 BIS; LEY 19349 (GENDARMERIA NACIONAL): SUSTITUCION DEL ARTICULO 7 E INCORPORACION DE ARTICULOS 8 BIS Y 8 TER; LEY 18398 (PREFECTURA NAVAL ARGENTINA): INCORPORACION DE ARTICULOS 9 BIS, 9 TER Y 9 QUATER; LEY 26102 (SEGURIDAD AEROPORTUARIA): INCORPORACION DE ARTICULOS 14 BIS, 14 TER Y 14 QUATER.","('0095-D-2020', 1)":null},"Palabra Clave":{"('0095-D-2020', 0)":" ","('0095-D-2020', 1)":null}}