{"Tipo de Proyecto":{"('0095-PE-2020', 0)":"MENSAJE NRO: 0083\/20"},"Iniciado en: ":{"('0095-PE-2020', 0)":"Diputados"},"Expediente Diputados: ":{"('0095-PE-2020', 0)":"0095-PE-2020"},"Publicado en: ":{"('0095-PE-2020', 0)":"Tr\u00e1mite Parlamentario N\u00b0 136"},"Fecha: ":{"('0095-PE-2020', 0)":"28\/09\/2020"},"T\u00edtulo":{"('0095-PE-2020', 0)":"COMUNICACION DEL DICTADO DEL DECRETO DE FACULTADES DELEGADAS 766 DEL 24 DE SEPTIEMBRE DE 2020 SOBRE PRORROGAR HASTA EL 31 DE ENERO DE 2021, DIVERSOS PLAZOS PREVISTOS EN EL DECRETO 320\/20 (SUSPENSION DE DESALOJOS - PRORROGA DE CONTRATOS - CONGELAMIENTO DE PRECIOS DE ALQUILERES)."},"('Firmantes', 'FIRMANTE')":{"('0095-PE-2020', 0)":"CAFIERO, SANTIAGO ANDRES"},"('Firmantes', 'DISTRITO')":{"('0095-PE-2020', 0)":null},"('Firmantes', 'BLOQUE')":{"('0095-PE-2020', 0)":"PODER EJECUTIVO"},"('Giros', 'COMISI\u00d3N')":{"('0095-PE-2020', 0)":"BICAMERAL PERMANENTE DE TRAMITE LEGISLATIVO - LEY 26122"},"Palabra Clave":{"('0095-PE-2020', 0)":" "}}