{"Tipo de Proyecto":{"('0096-S-2020', 0)":"PROYECTO DE LEY"},"Iniciado en: ":{"('0096-S-2020', 0)":"Senado"},"Expediente Senado: ":{"('0096-S-2020', 0)":"0096-S-2020"},"Publicado en: ":{"('0096-S-2020', 0)":"Diario de Asuntos Entrados N\u00b0 5"},"Fecha: ":{"('0096-S-2020', 0)":"02\/03\/2020"},"T\u00edtulo":{"('0096-S-2020', 0)":"MODIFICACIONES A LA LEY 24449 - DE TRANSITO - RESPECTO A LA TOLERANCIA CERO COMO PARAMETRO LEGAL SOBRE EL CONSUMO DE ALCOHOL A LA HORA DE CONDUCIR. "},"('Firmantes', 'FIRMANTE')":{"('0096-S-2020', 0)":"LOVERA, DANIEL ANIBAL"},"('Firmantes', 'DISTRITO')":{"('0096-S-2020', 0)":"LA PAMPA"},"('Firmantes', 'BLOQUE')":{"('0096-S-2020', 0)":"FRENTE DE TODOS"},"Sumario":{"('0096-S-2020', 0)":"MODIFICACION DE LOS ARTICULOS 48 INCISO A), 77 ONCISO M), 79 Y 86."},"Palabra Clave":{"('0096-S-2020', 0)":" "}}