{"Tipo de Proyecto":{"('0097-PE-2020', 0)":"MENSAJE NRO: 0049\/20","('0097-PE-2020', 1)":null,"('0097-PE-2020', 2)":null},"Iniciado en: ":{"('0097-PE-2020', 0)":"Senado","('0097-PE-2020', 1)":null,"('0097-PE-2020', 2)":null},"Expediente Senado: ":{"('0097-PE-2020', 0)":"0097-PE-2020","('0097-PE-2020', 1)":null,"('0097-PE-2020', 2)":null},"Publicado en: ":{"('0097-PE-2020', 0)":"DAE S.A. N\u00b0 2","('0097-PE-2020', 1)":null,"('0097-PE-2020', 2)":null},"Fecha: ":{"('0097-PE-2020', 0)":"24\/07\/2020","('0097-PE-2020', 1)":null,"('0097-PE-2020', 2)":null},"T\u00edtulo":{"('0097-PE-2020', 0)":"SOLICITA ACUERDO PARA PROMOVER AL GRADO INMEDIATO SUPERIOR, CON FECHA 1\u00b0 DE ENERO DE 2020, A LA CATEGORIA \"C\" MINISTRO PLENIPOTENCIARIO DE SEGUNDA CLASE A LAS FUNCIONARIAS Y A LOS FUNCIONARIOS DE LA CATEGORIA \"D\" CONSEJERO DE EMBAJADA Y CONSUL GENERAL DEL MINISTERIO DE RELACIONES EXTERIORES, COMERCIO INTERNACIONAL Y CULTO.","('0097-PE-2020', 1)":null,"('0097-PE-2020', 2)":null},"('Firmantes', 'FIRMANTE')":{"('0097-PE-2020', 0)":"FERNANDEZ, ALBERTO","('0097-PE-2020', 1)":"CAFIERO, SANTIAGO ANDRES","('0097-PE-2020', 2)":"SOLA, FELIPE CARLOS"},"('Firmantes', 'DISTRITO')":{"('0097-PE-2020', 0)":null,"('0097-PE-2020', 1)":null,"('0097-PE-2020', 2)":null},"('Firmantes', 'BLOQUE')":{"('0097-PE-2020', 0)":"PODER EJECUTIVO","('0097-PE-2020', 1)":"PODER EJECUTIVO","('0097-PE-2020', 2)":"PODER EJECUTIVO"},"Sumario":{"('0097-PE-2020', 0)":"CORTELLETTI, JUAN MANUEL; SILVA, IVANNA JAZMIN; BORIOSI, DIEGO HERNAN; ANDRES, EZEQUIEL; CAPRA, MARIA LORENA; POROLI, MARIA EMILIA PIA; LASCANO, RAMIRO IGNACIO; PATRIGNANI, RAFAEL ALBERTO; SARRABAYROUSE, ANA EMILIA; MONTENEGRO, SILVINA ISABEL; DEMARIA, LUCAS EZEQUIEL; MACHUCA, CHRISTIAN MATIAS; STRAKALAITIS, MELINA VANESA; VENTAFRIDDA, ANDRES; YANINO, VANINA; JORDAN, GONZALO MARTIN; DUCROS, PABLO; COSTA, MARIA SILVINA; CAMPITELLI MAYOR, MELISA LAURA; MINABERRIGARAY, JOAQUIN; VIYELA, MARIA FLORENCIA; LOPEZ GADANO, RODRIGO; SCHIAFFINO, MARIA JIMENA; MAINERO, MARTIN JUAN; LOS ARCOS, MARIA CECILIA; COSTA, FEDERICO EUGENIO; CIOTTI, PABLO ALEJANDRO; BELTRAMO, DANIEL RICARDO.","('0097-PE-2020', 1)":null,"('0097-PE-2020', 2)":null},"Palabra Clave":{"('0097-PE-2020', 0)":" ","('0097-PE-2020', 1)":null,"('0097-PE-2020', 2)":null}}