{"Tipo de Proyecto":{"('0099-S-2020', 0)":"PROYECTO DE LEY"},"Iniciado en: ":{"('0099-S-2020', 0)":"Senado"},"Expediente Senado: ":{"('0099-S-2020', 0)":"0099-S-2020"},"Publicado en: ":{"('0099-S-2020', 0)":"Diario de Asuntos Entrados N\u00b0 5"},"Fecha: ":{"('0099-S-2020', 0)":"02\/03\/2020"},"T\u00edtulo":{"('0099-S-2020', 0)":"OTORGAR JERARQUIA CONSTITUCIONAL A LA CONVENCION INTERAMERICANA PARA PREVENIR, SANCIONAR Y ERRADICAR LA VIOLENCIA CONTRA LA MUJER, \"CONVENCION DE BELEN DO PARA\" - ADOPTADA POR LA ASAMBLEA DE LOS ESTADOS AMERICANOS, EL 09\/06\/94 Y APROBADA POR LEY 24632 (REPRODUCCION DEL EXPEDIENTE 1487-S-16) (REPRODUCCION DEL EXPEDIENTE 0052-S-18)."},"('Firmantes', 'FIRMANTE')":{"('0099-S-2020', 0)":"DURANGO, NORMA HAYDEE"},"('Firmantes', 'DISTRITO')":{"('0099-S-2020', 0)":"LA PAMPA"},"('Firmantes', 'BLOQUE')":{"('0099-S-2020', 0)":"FRENTE DE TODOS"},"Sumario":{"('0099-S-2020', 0)":"EN LOS TERMINOS DEL ARTICULO 75, INCISO 22 DE LA CONSTITUCION NACIONAL"},"Palabra Clave":{"('0099-S-2020', 0)":" "}}