{"Tipo de Proyecto":{"('0100-S-2020', 0)":"PROYECTO DE LEY"},"Iniciado en: ":{"('0100-S-2020', 0)":"Senado"},"Expediente Senado: ":{"('0100-S-2020', 0)":"0100-S-2020"},"Publicado en: ":{"('0100-S-2020', 0)":"Diario de Asuntos Entrados N\u00b0 5"},"Fecha: ":{"('0100-S-2020', 0)":"02\/03\/2020"},"T\u00edtulo":{"('0100-S-2020', 0)":"MODIFICACION DEL ARTICULO 6\u00ba DE LA LEY 23968 (LINEAS DE BASE Y DELIMITACION DE ESPACIOS MARITIMOS), ESTABLECIENDO LA DEMARCACION CON CARACTER DEFINITIVO Y OBLIGATORIO DEL LIMITE EXTERIOR DE LA PLATAFORMA CONTINENTAL ARGENTINA TRAZADO DE ACUERDO A LA PRESENTACION ADOPTADA POR LA COMISION DE LIMITES DE LA PLATAFORMA CONTINENTAL DE LA CONVENCION DE LAS NACIONES UNIDAS SOBRE EL DERECHO DEL MAR (REPRODUCCION DEL EXPEDIENTE 0053-S-18)."},"('Firmantes', 'FIRMANTE')":{"('0100-S-2020', 0)":"DURANGO, NORMA HAYDEE"},"('Firmantes', 'DISTRITO')":{"('0100-S-2020', 0)":"LA PAMPA"},"('Firmantes', 'BLOQUE')":{"('0100-S-2020', 0)":"FRENTE DE TODOS"},"Link":{"('0100-S-2020', 0)":"http:\/\/www.senado.gov.ar\/parlamentario\/comisiones\/verExp\/100.20\/S\/PL"},"Palabra Clave":{"('0100-S-2020', 0)":" "}}