{"Tipo de Proyecto":{"('0101-D-2020', 0)":"PROYECTO DE LEY","('0101-D-2020', 1)":null},"Iniciado en: ":{"('0101-D-2020', 0)":"Diputados","('0101-D-2020', 1)":null},"Expediente Diputados: ":{"('0101-D-2020', 0)":"0101-D-2020","('0101-D-2020', 1)":null},"Publicado en: ":{"('0101-D-2020', 0)":"Tr\u00e1mite Parlamentario N\u00b0 1","('0101-D-2020', 1)":null},"Fecha: ":{"('0101-D-2020', 0)":"02\/03\/2020","('0101-D-2020', 1)":null},"T\u00edtulo":{"('0101-D-2020', 0)":"CONTRATO DE TRABAJO - LEY 20744 -. MODIFICACION DEL ARTICULO 252, SOBRE OBLIGACION DEL EMPLEADOR DE MANTENER LA RELACION LABORAL CON EL TRABAJADOR CUANDO NO HUBIESE OBTENIDO EL BENEFICIO JUBILATORIO POR CAUSAS NO IMPUTABLES A AQUEL. ","('0101-D-2020', 1)":null},"('Firmantes', 'FIRMANTE')":{"('0101-D-2020', 0)":"CAMA\u00d1O, GRACIELA","('0101-D-2020', 1)":null},"('Firmantes', 'DISTRITO')":{"('0101-D-2020', 0)":"BUENOS AIRES","('0101-D-2020', 1)":null},"('Firmantes', 'BLOQUE')":{"('0101-D-2020', 0)":"CONSENSO FEDERAL","('0101-D-2020', 1)":null},"('Giros', 'COMISI\u00d3N')":{"('0101-D-2020', 0)":"LEGISLACION DEL TRABAJO","('0101-D-2020', 1)":"PREVISION Y SEGURIDAD SOCIAL"},"Link":{"('0101-D-2020', 0)":"https:\/\/www.hcdn.gob.ar\/proyectos\/textoCompleto.jsp?exp=0101-D-2020&tipo=LEY","('0101-D-2020', 1)":null},"Palabra Clave":{"('0101-D-2020', 0)":" ","('0101-D-2020', 1)":null}}