{"Tipo de Proyecto":{"('0102-D-2020', 0)":"PROYECTO DE LEY","('0102-D-2020', 1)":null},"Iniciado en: ":{"('0102-D-2020', 0)":"Diputados","('0102-D-2020', 1)":null},"Expediente Diputados: ":{"('0102-D-2020', 0)":"0102-D-2020","('0102-D-2020', 1)":null},"Publicado en: ":{"('0102-D-2020', 0)":"Tr\u00e1mite Parlamentario N\u00b0 1","('0102-D-2020', 1)":null},"Fecha: ":{"('0102-D-2020', 0)":"02\/03\/2020","('0102-D-2020', 1)":null},"T\u00edtulo":{"('0102-D-2020', 0)":"CODIGO ADUANERO - LEY 22415 -. MODIFICACION DEL ARTICULO 866, SOBRE CONTRABANDO DE ESTUPEFACIENTES. ","('0102-D-2020', 1)":null},"('Firmantes', 'FIRMANTE')":{"('0102-D-2020', 0)":"CAMA\u00d1O, GRACIELA","('0102-D-2020', 1)":null},"('Firmantes', 'DISTRITO')":{"('0102-D-2020', 0)":"BUENOS AIRES","('0102-D-2020', 1)":null},"('Firmantes', 'BLOQUE')":{"('0102-D-2020', 0)":"CONSENSO FEDERAL","('0102-D-2020', 1)":null},"('Giros', 'COMISI\u00d3N')":{"('0102-D-2020', 0)":"LEGISLACION PENAL","('0102-D-2020', 1)":"ECONOMIA"},"Link":{"('0102-D-2020', 0)":"https:\/\/www.hcdn.gob.ar\/proyectos\/textoCompleto.jsp?exp=0102-D-2020&tipo=LEY","('0102-D-2020', 1)":null},"Palabra Clave":{"('0102-D-2020', 0)":" ","('0102-D-2020', 1)":null}}