{"Tipo de Proyecto":{"('0103-S-2020', 0)":"PROYECTO DE LEY"},"Iniciado en: ":{"('0103-S-2020', 0)":"Senado"},"Expediente Senado: ":{"('0103-S-2020', 0)":"0103-S-2020"},"Publicado en: ":{"('0103-S-2020', 0)":"Diario de Asuntos Entrados N\u00b0 6"},"Fecha: ":{"('0103-S-2020', 0)":"02\/03\/2020"},"T\u00edtulo":{"('0103-S-2020', 0)":"MODIFICACION DE LA LEY DE CONTRATO DE TRABAJO EN LA QUE SE INCORPORA LA LICENCIA POR VIOLENCIA DE GENERO CONTRA LA MUJER TRABAJADORA (REPRODUCCION DEL EXPEDIENTE 0068-S-18)."},"('Firmantes', 'FIRMANTE')":{"('0103-S-2020', 0)":"DURANGO, NORMA HAYDEE"},"('Firmantes', 'DISTRITO')":{"('0103-S-2020', 0)":"LA PAMPA"},"('Firmantes', 'BLOQUE')":{"('0103-S-2020', 0)":"FRENTE DE TODOS"},"Sumario":{"('0103-S-2020', 0)":"INCORPORACION INCISO F) AL ARTICULO 158 DE LA LEY 20744 (LEY DE CONTRATO DE TRABAJO); INCORPORACION INCISO G) DEL ARTICULO 38 DE LA LEY 26844 (REGIMEN ESPECIAL DE CONTRATO DE TRABAJO PARA EL PERSONAL DE CASAS PARTICULARES); MODIFICACION DEL ARTICULO 19 DEL ANEXO DE LA LEY 25164 (LEY MARCO DEL EMPLEO PUBLICO); INCORPORACION DEL ARTICULO 52 BIS A LA LEY 26727 (REGIMEN DE TRABAJO AGRARIO)."},"Palabra Clave":{"('0103-S-2020', 0)":" "}}