{"Tipo de Proyecto":{"('0105-D-2020', 0)":"PROYECTO DE LEY","('0105-D-2020', 1)":null},"Iniciado en: ":{"('0105-D-2020', 0)":"Diputados","('0105-D-2020', 1)":null},"Expediente Diputados: ":{"('0105-D-2020', 0)":"0105-D-2020","('0105-D-2020', 1)":null},"Publicado en: ":{"('0105-D-2020', 0)":"Tr\u00e1mite Parlamentario N\u00b0 2","('0105-D-2020', 1)":null},"Fecha: ":{"('0105-D-2020', 0)":"03\/03\/2020","('0105-D-2020', 1)":null},"T\u00edtulo":{"('0105-D-2020', 0)":"CREACION DE LA COMISION ESPECIAL BICAMERAL DE MONITOREO E IMPLEMENTACION DEL PROGRAMA NACIONAL DE EDUCACION SEXUAL INTEGRAL CREADO POR LA LEY 26150  EN EL AMBITO DEL HONORABLE CONGRESO DE LA NACION. ","('0105-D-2020', 1)":null},"('Firmantes', 'FIRMANTE')":{"('0105-D-2020', 0)":"NAJUL, CLAUDIA","('0105-D-2020', 1)":null},"('Firmantes', 'DISTRITO')":{"('0105-D-2020', 0)":"MENDOZA","('0105-D-2020', 1)":null},"('Firmantes', 'BLOQUE')":{"('0105-D-2020', 0)":"UCR","('0105-D-2020', 1)":null},"('Giros', 'COMISI\u00d3N')":{"('0105-D-2020', 0)":"PETICIONES, PODERES Y REGLAMENTO","('0105-D-2020', 1)":"PRESUPUESTO Y HACIENDA"},"Link":{"('0105-D-2020', 0)":"https:\/\/www.hcdn.gob.ar\/proyectos\/textoCompleto.jsp?exp=0105-D-2020&tipo=LEY","('0105-D-2020', 1)":null},"Palabra Clave":{"('0105-D-2020', 0)":" ","('0105-D-2020', 1)":null}}