{"Tipo de Proyecto":{"('0107-D-2020', 0)":"PROYECTO DE LEY","('0107-D-2020', 1)":null},"Iniciado en: ":{"('0107-D-2020', 0)":"Diputados","('0107-D-2020', 1)":null},"Expediente Diputados: ":{"('0107-D-2020', 0)":"0107-D-2020","('0107-D-2020', 1)":null},"Publicado en: ":{"('0107-D-2020', 0)":"Tr\u00e1mite Parlamentario N\u00b0 2","('0107-D-2020', 1)":null},"Fecha: ":{"('0107-D-2020', 0)":"03\/03\/2020","('0107-D-2020', 1)":null},"T\u00edtulo":{"('0107-D-2020', 0)":"CODIGO PENAL. MODIFICACION DEL ARTICULO 81, SOBRE FEMICIDIO. ","('0107-D-2020', 1)":null},"('Firmantes', 'FIRMANTE')":{"('0107-D-2020', 0)":"NAJUL, CLAUDIA","('0107-D-2020', 1)":"MATZEN, LORENA"},"('Firmantes', 'DISTRITO')":{"('0107-D-2020', 0)":"MENDOZA","('0107-D-2020', 1)":"RIO NEGRO"},"('Firmantes', 'BLOQUE')":{"('0107-D-2020', 0)":"UCR","('0107-D-2020', 1)":"UCR"},"('Giros', 'COMISI\u00d3N')":{"('0107-D-2020', 0)":"LEGISLACION PENAL","('0107-D-2020', 1)":null},"('Tramites', 'C\u00c1MARA')":{"('0107-D-2020', 0)":"Diputados","('0107-D-2020', 1)":null},"('Tramites', 'MOVIMIENTO')":{"('0107-D-2020', 0)":"SOLICITUD DE SER COFIRMANTE DE LA DIPUTADA MATZEN (A SUS ANTECEDENTES)","('0107-D-2020', 1)":null},"('Tramites', 'FECHA')":{"('0107-D-2020', 0)":null,"('0107-D-2020', 1)":null},"('Tramites', 'RESULTADO')":{"('0107-D-2020', 0)":null,"('0107-D-2020', 1)":null},"Sumario":{"('0107-D-2020', 0)":"NO APLICACION DE LA ATENUANTE PREVISTA EN EL ARTICULO 81 INCISO A) QUE PREVE LA EMOCION VIOLENTA.","('0107-D-2020', 1)":null},"Palabra Clave":{"('0107-D-2020', 0)":" ","('0107-D-2020', 1)":null}}