{"Tipo de Proyecto":{"('0108-D-2020', 0)":"PROYECTO DE RESOLUCI\u00d3N","('0108-D-2020', 1)":null,"('0108-D-2020', 2)":null,"('0108-D-2020', 3)":null,"('0108-D-2020', 4)":null,"('0108-D-2020', 5)":null,"('0108-D-2020', 6)":null,"('0108-D-2020', 7)":null,"('0108-D-2020', 8)":null},"Iniciado en: ":{"('0108-D-2020', 0)":"Diputados","('0108-D-2020', 1)":null,"('0108-D-2020', 2)":null,"('0108-D-2020', 3)":null,"('0108-D-2020', 4)":null,"('0108-D-2020', 5)":null,"('0108-D-2020', 6)":null,"('0108-D-2020', 7)":null,"('0108-D-2020', 8)":null},"Expediente Diputados: ":{"('0108-D-2020', 0)":"0108-D-2020","('0108-D-2020', 1)":null,"('0108-D-2020', 2)":null,"('0108-D-2020', 3)":null,"('0108-D-2020', 4)":null,"('0108-D-2020', 5)":null,"('0108-D-2020', 6)":null,"('0108-D-2020', 7)":null,"('0108-D-2020', 8)":null},"Publicado en: ":{"('0108-D-2020', 0)":"Tr\u00e1mite Parlamentario N\u00b0 2","('0108-D-2020', 1)":null,"('0108-D-2020', 2)":null,"('0108-D-2020', 3)":null,"('0108-D-2020', 4)":null,"('0108-D-2020', 5)":null,"('0108-D-2020', 6)":null,"('0108-D-2020', 7)":null,"('0108-D-2020', 8)":null},"Fecha: ":{"('0108-D-2020', 0)":"03\/03\/2020","('0108-D-2020', 1)":null,"('0108-D-2020', 2)":null,"('0108-D-2020', 3)":null,"('0108-D-2020', 4)":null,"('0108-D-2020', 5)":null,"('0108-D-2020', 6)":null,"('0108-D-2020', 7)":null,"('0108-D-2020', 8)":null},"T\u00edtulo":{"('0108-D-2020', 0)":"REGLAMENTO DE LA H. CAMARA DE DIPUTADOS. MODIFICACIONES DE LOS ARTICULOS 61 Y 95 SOBRE  CAMBIO DE DENOMINACION DE LA ACTUAL COMISION DE \"PREVENCION DE ADICCIONES Y CONTROL DEL NARCOTRAFICO\"  Y CREACION  DE LA COMISION DE \"DELITOS DE DROGAS Y LUCHA CONTRA EL NARCOTRAFICO\".","('0108-D-2020', 1)":null,"('0108-D-2020', 2)":null,"('0108-D-2020', 3)":null,"('0108-D-2020', 4)":null,"('0108-D-2020', 5)":null,"('0108-D-2020', 6)":null,"('0108-D-2020', 7)":null,"('0108-D-2020', 8)":null},"('Firmantes', 'FIRMANTE')":{"('0108-D-2020', 0)":"IGON, SANTIAGO NICOLAS","('0108-D-2020', 1)":"UCEDA, MARISA LOURDES","('0108-D-2020', 2)":"RUIZ ARAGON, JOSE ARNALDO","('0108-D-2020', 3)":"MASIN, MARIA LUCILA","('0108-D-2020', 4)":"ESTEVEZ, GABRIELA BEATRIZ","('0108-D-2020', 5)":"CARRIZO, NILDA MABEL","('0108-D-2020', 6)":"PENACCA, PAULA ANDREA","('0108-D-2020', 7)":"CLERI, MARCOS","('0108-D-2020', 8)":"VILAR, DANIELA MARINA"},"('Firmantes', 'DISTRITO')":{"('0108-D-2020', 0)":"CHUBUT","('0108-D-2020', 1)":"MENDOZA","('0108-D-2020', 2)":"CORRIENTES","('0108-D-2020', 3)":"CHACO","('0108-D-2020', 4)":"CORDOBA","('0108-D-2020', 5)":"TUCUMAN","('0108-D-2020', 6)":"CIUDAD de BUENOS AIRES","('0108-D-2020', 7)":"SANTA FE","('0108-D-2020', 8)":"BUENOS AIRES"},"('Firmantes', 'BLOQUE')":{"('0108-D-2020', 0)":"FRENTE DE TODOS","('0108-D-2020', 1)":"FRENTE DE TODOS","('0108-D-2020', 2)":"FRENTE DE TODOS","('0108-D-2020', 3)":"FRENTE DE TODOS","('0108-D-2020', 4)":"FRENTE DE TODOS","('0108-D-2020', 5)":"FRENTE DE TODOS","('0108-D-2020', 6)":"FRENTE DE TODOS","('0108-D-2020', 7)":"FRENTE DE TODOS","('0108-D-2020', 8)":"FRENTE DE TODOS"},"('Giros', 'COMISI\u00d3N')":{"('0108-D-2020', 0)":"PETICIONES, PODERES Y REGLAMENTO","('0108-D-2020', 1)":null,"('0108-D-2020', 2)":null,"('0108-D-2020', 3)":null,"('0108-D-2020', 4)":null,"('0108-D-2020', 5)":null,"('0108-D-2020', 6)":null,"('0108-D-2020', 7)":null,"('0108-D-2020', 8)":null},"Sumario":{"('0108-D-2020', 0)":"INCORPORACION DEL ARTICULO 101 OCTIES (COMPETENCIA DE LA COMISION DE DELITOS DE DROGAS Y LUCHA CONTRA EL NARCOTRAFICO.","('0108-D-2020', 1)":null,"('0108-D-2020', 2)":null,"('0108-D-2020', 3)":null,"('0108-D-2020', 4)":null,"('0108-D-2020', 5)":null,"('0108-D-2020', 6)":null,"('0108-D-2020', 7)":null,"('0108-D-2020', 8)":null},"Palabra Clave":{"('0108-D-2020', 0)":" ","('0108-D-2020', 1)":null,"('0108-D-2020', 2)":null,"('0108-D-2020', 3)":null,"('0108-D-2020', 4)":null,"('0108-D-2020', 5)":null,"('0108-D-2020', 6)":null,"('0108-D-2020', 7)":null,"('0108-D-2020', 8)":null}}