{"Tipo de Proyecto":{"('0111-D-2020', 0)":"PROYECTO DE LEY","('0111-D-2020', 1)":null,"('0111-D-2020', 2)":null,"('0111-D-2020', 3)":null,"('0111-D-2020', 4)":null,"('0111-D-2020', 5)":null,"('0111-D-2020', 6)":null,"('0111-D-2020', 7)":null},"Iniciado en: ":{"('0111-D-2020', 0)":"Diputados","('0111-D-2020', 1)":null,"('0111-D-2020', 2)":null,"('0111-D-2020', 3)":null,"('0111-D-2020', 4)":null,"('0111-D-2020', 5)":null,"('0111-D-2020', 6)":null,"('0111-D-2020', 7)":null},"Expediente Diputados: ":{"('0111-D-2020', 0)":"0111-D-2020","('0111-D-2020', 1)":null,"('0111-D-2020', 2)":null,"('0111-D-2020', 3)":null,"('0111-D-2020', 4)":null,"('0111-D-2020', 5)":null,"('0111-D-2020', 6)":null,"('0111-D-2020', 7)":null},"Publicado en: ":{"('0111-D-2020', 0)":"Tr\u00e1mite Parlamentario N\u00b0 2","('0111-D-2020', 1)":null,"('0111-D-2020', 2)":null,"('0111-D-2020', 3)":null,"('0111-D-2020', 4)":null,"('0111-D-2020', 5)":null,"('0111-D-2020', 6)":null,"('0111-D-2020', 7)":null},"Fecha: ":{"('0111-D-2020', 0)":"03\/03\/2020","('0111-D-2020', 1)":null,"('0111-D-2020', 2)":null,"('0111-D-2020', 3)":null,"('0111-D-2020', 4)":null,"('0111-D-2020', 5)":null,"('0111-D-2020', 6)":null,"('0111-D-2020', 7)":null},"T\u00edtulo":{"('0111-D-2020', 0)":"REGISTRO NACIONAL DE ACCESO PUBLICO A LAS RESOLUCIONES JUDICIALES DE TRIBUNALES FEDERALES O NACIONALES QUE DECRETEN LA EXTINCION DE LA ACCION PENAL PUBLICA POR PRESCRIPCION. CREACION EN EL AMBITO DEL MINISTERIO DE JUSTICIA Y DERECHOS HUMANOS DE LA NACION.  ","('0111-D-2020', 1)":null,"('0111-D-2020', 2)":null,"('0111-D-2020', 3)":null,"('0111-D-2020', 4)":null,"('0111-D-2020', 5)":null,"('0111-D-2020', 6)":null,"('0111-D-2020', 7)":null},"('Firmantes', 'FIRMANTE')":{"('0111-D-2020', 0)":"MENNA, GUSTAVO","('0111-D-2020', 1)":"AYALA, AIDA BEATRIZ MAXIMA","('0111-D-2020', 2)":"NAJUL, CLAUDIA","('0111-D-2020', 3)":"ARCE, MARIO HORACIO","('0111-D-2020', 4)":"SALVADOR, SEBASTIAN NICOLAS","('0111-D-2020', 5)":"DEL CERRO, GONZALO PEDRO ANTONIO","('0111-D-2020', 6)":"REYES, ROXANA NAHIR","('0111-D-2020', 7)":"PASTORI, LUIS MARIO"},"('Firmantes', 'DISTRITO')":{"('0111-D-2020', 0)":"CHUBUT","('0111-D-2020', 1)":"CHACO","('0111-D-2020', 2)":"MENDOZA","('0111-D-2020', 3)":"FORMOSA","('0111-D-2020', 4)":"BUENOS AIRES","('0111-D-2020', 5)":"SANTA FE","('0111-D-2020', 6)":"SANTA CRUZ","('0111-D-2020', 7)":"MISIONES"},"('Firmantes', 'BLOQUE')":{"('0111-D-2020', 0)":"UCR","('0111-D-2020', 1)":"UCR","('0111-D-2020', 2)":"UCR","('0111-D-2020', 3)":"UCR","('0111-D-2020', 4)":"UCR","('0111-D-2020', 5)":"UCR","('0111-D-2020', 6)":"UCR","('0111-D-2020', 7)":"UCR"},"('Giros', 'COMISI\u00d3N')":{"('0111-D-2020', 0)":"LEGISLACION PENAL","('0111-D-2020', 1)":"JUSTICIA","('0111-D-2020', 2)":null,"('0111-D-2020', 3)":null,"('0111-D-2020', 4)":null,"('0111-D-2020', 5)":null,"('0111-D-2020', 6)":null,"('0111-D-2020', 7)":null},"Link":{"('0111-D-2020', 0)":"https:\/\/www.hcdn.gob.ar\/proyectos\/textoCompleto.jsp?exp=0111-D-2020&tipo=LEY","('0111-D-2020', 1)":null,"('0111-D-2020', 2)":null,"('0111-D-2020', 3)":null,"('0111-D-2020', 4)":null,"('0111-D-2020', 5)":null,"('0111-D-2020', 6)":null,"('0111-D-2020', 7)":null},"Palabra Clave":{"('0111-D-2020', 0)":" ","('0111-D-2020', 1)":null,"('0111-D-2020', 2)":null,"('0111-D-2020', 3)":null,"('0111-D-2020', 4)":null,"('0111-D-2020', 5)":null,"('0111-D-2020', 6)":null,"('0111-D-2020', 7)":null}}