{"Tipo de Proyecto":{"('0111-S-2020', 0)":"PROYECTO DE LEY"},"Iniciado en: ":{"('0111-S-2020', 0)":"Senado"},"Expediente Senado: ":{"('0111-S-2020', 0)":"0111-S-2020"},"Publicado en: ":{"('0111-S-2020', 0)":"Diario de Asuntos Entrados N\u00b0 6"},"Fecha: ":{"('0111-S-2020', 0)":"02\/03\/2020"},"T\u00edtulo":{"('0111-S-2020', 0)":"DECLARAR CAPITAL NACIONAL DE LA SAL A LA LOCALIDAD DE GENERAL SAN MARTIN, DEPARTAMENTO DE HUCAL, LA PAMPA (REPRODUCCION DEL EXPEDIENTE 2906-S-18)."},"('Firmantes', 'FIRMANTE')":{"('0111-S-2020', 0)":"DURANGO, NORMA HAYDEE"},"('Firmantes', 'DISTRITO')":{"('0111-S-2020', 0)":"LA PAMPA"},"('Firmantes', 'BLOQUE')":{"('0111-S-2020', 0)":"FRENTE DE TODOS"},"Link":{"('0111-S-2020', 0)":"http:\/\/www.senado.gov.ar\/parlamentario\/comisiones\/verExp\/111.20\/S\/PL"},"Palabra Clave":{"('0111-S-2020', 0)":" "}}