{"Tipo de Proyecto":{"('0113-S-2020', 0)":"PROYECTO DE DECLARACI\u00d3N"},"Iniciado en: ":{"('0113-S-2020', 0)":"Senado"},"Expediente Senado: ":{"('0113-S-2020', 0)":"0113-S-2020"},"Publicado en: ":{"('0113-S-2020', 0)":"Diario de Asuntos Entrados N\u00b0 6"},"Fecha: ":{"('0113-S-2020', 0)":"02\/03\/2020"},"T\u00edtulo":{"('0113-S-2020', 0)":"EXPRESAR BENEPLACITO POR LA CONMEMORACION DEL 110\u00ba ANIVERSARIO DE LA FUNDACION DE LA LOCALIDAD DE CEBALLOS, PROVINCIA DE LA PAMPA, A CELEBRARSE EL 12 DE MARZO DE 2020. "},"('Firmantes', 'FIRMANTE')":{"('0113-S-2020', 0)":"DURANGO, NORMA HAYDEE"},"('Firmantes', 'DISTRITO')":{"('0113-S-2020', 0)":"LA PAMPA"},"('Firmantes', 'BLOQUE')":{"('0113-S-2020', 0)":"FRENTE DE TODOS"},"Link":{"('0113-S-2020', 0)":"http:\/\/www.senado.gov.ar\/parlamentario\/comisiones\/verExp\/113.20\/S\/PD"},"Palabra Clave":{"('0113-S-2020', 0)":" "}}