{"Tipo de Proyecto":{"('0115-D-2020', 0)":"PROYECTO DE LEY","('0115-D-2020', 1)":null,"('0115-D-2020', 2)":null,"('0115-D-2020', 3)":null,"('0115-D-2020', 4)":null,"('0115-D-2020', 5)":null,"('0115-D-2020', 6)":null,"('0115-D-2020', 7)":null},"Iniciado en: ":{"('0115-D-2020', 0)":"Diputados","('0115-D-2020', 1)":null,"('0115-D-2020', 2)":null,"('0115-D-2020', 3)":null,"('0115-D-2020', 4)":null,"('0115-D-2020', 5)":null,"('0115-D-2020', 6)":null,"('0115-D-2020', 7)":null},"Expediente Diputados: ":{"('0115-D-2020', 0)":"0115-D-2020","('0115-D-2020', 1)":null,"('0115-D-2020', 2)":null,"('0115-D-2020', 3)":null,"('0115-D-2020', 4)":null,"('0115-D-2020', 5)":null,"('0115-D-2020', 6)":null,"('0115-D-2020', 7)":null},"Publicado en: ":{"('0115-D-2020', 0)":"Tr\u00e1mite Parlamentario N\u00b0 2","('0115-D-2020', 1)":null,"('0115-D-2020', 2)":null,"('0115-D-2020', 3)":null,"('0115-D-2020', 4)":null,"('0115-D-2020', 5)":null,"('0115-D-2020', 6)":null,"('0115-D-2020', 7)":null},"Fecha: ":{"('0115-D-2020', 0)":"03\/03\/2020","('0115-D-2020', 1)":null,"('0115-D-2020', 2)":null,"('0115-D-2020', 3)":null,"('0115-D-2020', 4)":null,"('0115-D-2020', 5)":null,"('0115-D-2020', 6)":null,"('0115-D-2020', 7)":null},"T\u00edtulo":{"('0115-D-2020', 0)":"EJERCICIO DE LA ACCION DE CLASE PARA LA PROTECCION DE LOS DERECHOS DE INCIDENCIA COLECTIVA E INDIVIDUALES HOMOGENEOS. REGIMEN.","('0115-D-2020', 1)":null,"('0115-D-2020', 2)":null,"('0115-D-2020', 3)":null,"('0115-D-2020', 4)":null,"('0115-D-2020', 5)":null,"('0115-D-2020', 6)":null,"('0115-D-2020', 7)":null},"('Firmantes', 'FIRMANTE')":{"('0115-D-2020', 0)":"MENNA, GUSTAVO","('0115-D-2020', 1)":"DEL CERRO, GONZALO PEDRO ANTONIO","('0115-D-2020', 2)":"PASTORI, LUIS MARIO","('0115-D-2020', 3)":"AYALA, AIDA BEATRIZ MAXIMA","('0115-D-2020', 4)":"ARCE, MARIO HORACIO","('0115-D-2020', 5)":"NAJUL, CLAUDIA","('0115-D-2020', 6)":"REYES, ROXANA NAHIR","('0115-D-2020', 7)":"SALVADOR, SEBASTIAN NICOLAS"},"('Firmantes', 'DISTRITO')":{"('0115-D-2020', 0)":"CHUBUT","('0115-D-2020', 1)":"SANTA FE","('0115-D-2020', 2)":"MISIONES","('0115-D-2020', 3)":"CHACO","('0115-D-2020', 4)":"FORMOSA","('0115-D-2020', 5)":"MENDOZA","('0115-D-2020', 6)":"SANTA CRUZ","('0115-D-2020', 7)":"BUENOS AIRES"},"('Firmantes', 'BLOQUE')":{"('0115-D-2020', 0)":"UCR","('0115-D-2020', 1)":"UCR","('0115-D-2020', 2)":"UCR","('0115-D-2020', 3)":"UCR","('0115-D-2020', 4)":"UCR","('0115-D-2020', 5)":"UCR","('0115-D-2020', 6)":"UCR","('0115-D-2020', 7)":"UCR"},"('Giros', 'COMISI\u00d3N')":{"('0115-D-2020', 0)":"JUSTICIA","('0115-D-2020', 1)":"PRESUPUESTO Y HACIENDA","('0115-D-2020', 2)":null,"('0115-D-2020', 3)":null,"('0115-D-2020', 4)":null,"('0115-D-2020', 5)":null,"('0115-D-2020', 6)":null,"('0115-D-2020', 7)":null},"Sumario":{"('0115-D-2020', 0)":"PRINCIPIOS: DISPOSICIONES DE PROCEDIEMIENTO; DEMANDA; VINCULO ENTRA LAS ACCIONES INDIVIDUALES Y LAS ACCIONES DE CLASE; EFECTOS DE LA SENTENCIA; REGISTRO.","('0115-D-2020', 1)":null,"('0115-D-2020', 2)":null,"('0115-D-2020', 3)":null,"('0115-D-2020', 4)":null,"('0115-D-2020', 5)":null,"('0115-D-2020', 6)":null,"('0115-D-2020', 7)":null},"Palabra Clave":{"('0115-D-2020', 0)":" ","('0115-D-2020', 1)":null,"('0115-D-2020', 2)":null,"('0115-D-2020', 3)":null,"('0115-D-2020', 4)":null,"('0115-D-2020', 5)":null,"('0115-D-2020', 6)":null,"('0115-D-2020', 7)":null}}