{"Tipo de Proyecto":{"('0116-S-2020', 0)":"COMUNICACION"},"Iniciado en: ":{"('0116-S-2020', 0)":"Senado"},"Expediente Senado: ":{"('0116-S-2020', 0)":"0116-S-2020"},"Publicado en: ":{"('0116-S-2020', 0)":"Diario de Asuntos Entrados N\u00b0 6"},"Fecha: ":{"('0116-S-2020', 0)":"02\/03\/2020"},"T\u00edtulo":{"('0116-S-2020', 0)":"SOLICITAR AL PODER EJECUTIVO LA CONFECCION DE SELLOS POSTALES DEL CORREO OFICIAL DE LA REPUBLICA ARGENTINA ALUSIVOS A LA BIENAL INTERNACIONAL DE ESCULTURAS QUE SE REALIZA ANUALMENTE EN LA CIUDAD DE RESISTENCIA, PROVINCIA DEL CHACO. "},"('Firmantes', 'FIRMANTE')":{"('0116-S-2020', 0)":"RODAS, ANTONIO JOSE"},"('Firmantes', 'DISTRITO')":{"('0116-S-2020', 0)":"CHACO"},"('Firmantes', 'BLOQUE')":{"('0116-S-2020', 0)":"FRENTE DE TODOS"},"Link":{"('0116-S-2020', 0)":"http:\/\/www.senado.gov.ar\/parlamentario\/comisiones\/verExp\/116.20\/S\/PC"},"Palabra Clave":{"('0116-S-2020', 0)":" "}}