{"Tipo de Proyecto":{"('0116-D-2020', 0)":"PROYECTO DE LEY","('0116-D-2020', 1)":null,"('0116-D-2020', 2)":null,"('0116-D-2020', 3)":null,"('0116-D-2020', 4)":null,"('0116-D-2020', 5)":null,"('0116-D-2020', 6)":null,"('0116-D-2020', 7)":null},"Iniciado en: ":{"('0116-D-2020', 0)":"Diputados","('0116-D-2020', 1)":null,"('0116-D-2020', 2)":null,"('0116-D-2020', 3)":null,"('0116-D-2020', 4)":null,"('0116-D-2020', 5)":null,"('0116-D-2020', 6)":null,"('0116-D-2020', 7)":null},"Expediente Diputados: ":{"('0116-D-2020', 0)":"0116-D-2020","('0116-D-2020', 1)":null,"('0116-D-2020', 2)":null,"('0116-D-2020', 3)":null,"('0116-D-2020', 4)":null,"('0116-D-2020', 5)":null,"('0116-D-2020', 6)":null,"('0116-D-2020', 7)":null},"Publicado en: ":{"('0116-D-2020', 0)":"Tr\u00e1mite Parlamentario N\u00b0 2","('0116-D-2020', 1)":null,"('0116-D-2020', 2)":null,"('0116-D-2020', 3)":null,"('0116-D-2020', 4)":null,"('0116-D-2020', 5)":null,"('0116-D-2020', 6)":null,"('0116-D-2020', 7)":null},"Fecha: ":{"('0116-D-2020', 0)":"03\/03\/2020","('0116-D-2020', 1)":null,"('0116-D-2020', 2)":null,"('0116-D-2020', 3)":null,"('0116-D-2020', 4)":null,"('0116-D-2020', 5)":null,"('0116-D-2020', 6)":null,"('0116-D-2020', 7)":null},"T\u00edtulo":{"('0116-D-2020', 0)":"CODIGO PROCESAL CIVIL Y COMERCIAL DE LA NACION. MODIFICACION DEL ARTICULO 321, SOBRE APLICACION DEL PROCESO SUMARISIMO A LA ACCION PREVENTIVA ANTE LA PRODUCCION DE UN DA\u00d1O.","('0116-D-2020', 1)":null,"('0116-D-2020', 2)":null,"('0116-D-2020', 3)":null,"('0116-D-2020', 4)":null,"('0116-D-2020', 5)":null,"('0116-D-2020', 6)":null,"('0116-D-2020', 7)":null},"('Firmantes', 'FIRMANTE')":{"('0116-D-2020', 0)":"MENNA, GUSTAVO","('0116-D-2020', 1)":"SALVADOR, SEBASTIAN NICOLAS","('0116-D-2020', 2)":"AYALA, AIDA BEATRIZ MAXIMA","('0116-D-2020', 3)":"PASTORI, LUIS MARIO","('0116-D-2020', 4)":"REYES, ROXANA NAHIR","('0116-D-2020', 5)":"NAJUL, CLAUDIA","('0116-D-2020', 6)":"ARCE, MARIO HORACIO","('0116-D-2020', 7)":"DEL CERRO, GONZALO PEDRO ANTONIO"},"('Firmantes', 'DISTRITO')":{"('0116-D-2020', 0)":"CHUBUT","('0116-D-2020', 1)":"BUENOS AIRES","('0116-D-2020', 2)":"CHACO","('0116-D-2020', 3)":"MISIONES","('0116-D-2020', 4)":"SANTA CRUZ","('0116-D-2020', 5)":"MENDOZA","('0116-D-2020', 6)":"FORMOSA","('0116-D-2020', 7)":"SANTA FE"},"('Firmantes', 'BLOQUE')":{"('0116-D-2020', 0)":"UCR","('0116-D-2020', 1)":"UCR","('0116-D-2020', 2)":"UCR","('0116-D-2020', 3)":"UCR","('0116-D-2020', 4)":"UCR","('0116-D-2020', 5)":"UCR","('0116-D-2020', 6)":"UCR","('0116-D-2020', 7)":"UCR"},"('Giros', 'COMISI\u00d3N')":{"('0116-D-2020', 0)":"JUSTICIA","('0116-D-2020', 1)":null,"('0116-D-2020', 2)":null,"('0116-D-2020', 3)":null,"('0116-D-2020', 4)":null,"('0116-D-2020', 5)":null,"('0116-D-2020', 6)":null,"('0116-D-2020', 7)":null},"Link":{"('0116-D-2020', 0)":"https:\/\/www.hcdn.gob.ar\/proyectos\/textoCompleto.jsp?exp=0116-D-2020&tipo=LEY","('0116-D-2020', 1)":null,"('0116-D-2020', 2)":null,"('0116-D-2020', 3)":null,"('0116-D-2020', 4)":null,"('0116-D-2020', 5)":null,"('0116-D-2020', 6)":null,"('0116-D-2020', 7)":null},"Palabra Clave":{"('0116-D-2020', 0)":" ","('0116-D-2020', 1)":null,"('0116-D-2020', 2)":null,"('0116-D-2020', 3)":null,"('0116-D-2020', 4)":null,"('0116-D-2020', 5)":null,"('0116-D-2020', 6)":null,"('0116-D-2020', 7)":null}}