{"Tipo de Proyecto":{"('0117-S-2020', 0)":"PROYECTO DE DECLARACI\u00d3N"},"Iniciado en: ":{"('0117-S-2020', 0)":"Senado"},"Expediente Senado: ":{"('0117-S-2020', 0)":"0117-S-2020"},"Publicado en: ":{"('0117-S-2020', 0)":"Diario de Asuntos Entrados N\u00b0 6"},"Fecha: ":{"('0117-S-2020', 0)":"02\/03\/2020"},"T\u00edtulo":{"('0117-S-2020', 0)":"ADHERIR A LAS CELEBRACIONES POR EL \"DIA INTERNACIONAL DE LA MUJER\", EL 8 DE MARZO DE 2020."},"('Firmantes', 'FIRMANTE')":{"('0117-S-2020', 0)":"RODAS, ANTONIO JOSE"},"('Firmantes', 'DISTRITO')":{"('0117-S-2020', 0)":"CHACO"},"('Firmantes', 'BLOQUE')":{"('0117-S-2020', 0)":"FRENTE DE TODOS"},"Link":{"('0117-S-2020', 0)":"http:\/\/www.senado.gov.ar\/parlamentario\/comisiones\/verExp\/117.20\/S\/PD"},"Palabra Clave":{"('0117-S-2020', 0)":" "}}