{"Tipo de Proyecto":{"('0117-PE-2020', 0)":"MENSAJE NRO: 0058\/20","('0117-PE-2020', 1)":null,"('0117-PE-2020', 2)":null},"Iniciado en: ":{"('0117-PE-2020', 0)":"Senado","('0117-PE-2020', 1)":null,"('0117-PE-2020', 2)":null},"Expediente Senado: ":{"('0117-PE-2020', 0)":"0117-PE-2020","('0117-PE-2020', 1)":null,"('0117-PE-2020', 2)":null},"Publicado en: ":{"('0117-PE-2020', 0)":"DAE S.A. N\u00b0 4","('0117-PE-2020', 1)":null,"('0117-PE-2020', 2)":null},"Fecha: ":{"('0117-PE-2020', 0)":"11\/08\/2020","('0117-PE-2020', 1)":null,"('0117-PE-2020', 2)":null},"T\u00edtulo":{"('0117-PE-2020', 0)":"SOLICITA ACUERDO PARA EL TRASLADO DEL JUEZ DE CAMARA DEL TRIBUNAL ORAL EN LO CRIMINAL FEDERAL N\u00b0 4 DE LA CAPITAL FEDERAL A LA CAMARA NACIONAL DE APELACIONES EN LO CRIMINAL Y CORRECCIONAL FEDERAL, SALA I, DR. LEOPOLDO OSCAR BRUGLIA.","('0117-PE-2020', 1)":null,"('0117-PE-2020', 2)":null},"('Firmantes', 'FIRMANTE')":{"('0117-PE-2020', 0)":"FERNANDEZ, ALBERTO","('0117-PE-2020', 1)":"CAFIERO, SANTIAGO ANDRES","('0117-PE-2020', 2)":"LOSARDO, MARCELA MIRIAM"},"('Firmantes', 'DISTRITO')":{"('0117-PE-2020', 0)":null,"('0117-PE-2020', 1)":null,"('0117-PE-2020', 2)":null},"('Firmantes', 'BLOQUE')":{"('0117-PE-2020', 0)":"PODER EJECUTIVO","('0117-PE-2020', 1)":"PODER EJECUTIVO","('0117-PE-2020', 2)":"PODER EJECUTIVO"},"('Tramites', 'C\u00c1MARA')":{"('0117-PE-2020', 0)":"Senado","('0117-PE-2020', 1)":"Senado","('0117-PE-2020', 2)":"Senado"},"('Tramites', 'MOVIMIENTO')":{"('0117-PE-2020', 0)":"CITACION SESION ESPECIAL","('0117-PE-2020', 1)":"CONSIDERACION Y APROBACION CON MODIFICACIONES (DEL RECHAZO DEL TRASLADO) (SESION POR VIDEOCONFERENCIA)","('0117-PE-2020', 2)":"INSERCIONES"},"('Tramites', 'FECHA')":{"('0117-PE-2020', 0)":"16\/09\/2020","('0117-PE-2020', 1)":"16\/09\/2020","('0117-PE-2020', 2)":"16\/09\/2020"},"('Tramites', 'RESULTADO')":{"('0117-PE-2020', 0)":null,"('0117-PE-2020', 1)":"APROBADO","('0117-PE-2020', 2)":null},"Palabra Clave":{"('0117-PE-2020', 0)":" ","('0117-PE-2020', 1)":null,"('0117-PE-2020', 2)":null}}