{"Tipo de Proyecto":{"('0118-D-2020', 0)":"PROYECTO DE LEY","('0118-D-2020', 1)":null,"('0118-D-2020', 2)":null,"('0118-D-2020', 3)":null,"('0118-D-2020', 4)":null,"('0118-D-2020', 5)":null,"('0118-D-2020', 6)":null,"('0118-D-2020', 7)":null},"Iniciado en: ":{"('0118-D-2020', 0)":"Diputados","('0118-D-2020', 1)":null,"('0118-D-2020', 2)":null,"('0118-D-2020', 3)":null,"('0118-D-2020', 4)":null,"('0118-D-2020', 5)":null,"('0118-D-2020', 6)":null,"('0118-D-2020', 7)":null},"Expediente Diputados: ":{"('0118-D-2020', 0)":"0118-D-2020","('0118-D-2020', 1)":null,"('0118-D-2020', 2)":null,"('0118-D-2020', 3)":null,"('0118-D-2020', 4)":null,"('0118-D-2020', 5)":null,"('0118-D-2020', 6)":null,"('0118-D-2020', 7)":null},"Publicado en: ":{"('0118-D-2020', 0)":"Tr\u00e1mite Parlamentario N\u00b0 2","('0118-D-2020', 1)":null,"('0118-D-2020', 2)":null,"('0118-D-2020', 3)":null,"('0118-D-2020', 4)":null,"('0118-D-2020', 5)":null,"('0118-D-2020', 6)":null,"('0118-D-2020', 7)":null},"Fecha: ":{"('0118-D-2020', 0)":"03\/03\/2020","('0118-D-2020', 1)":null,"('0118-D-2020', 2)":null,"('0118-D-2020', 3)":null,"('0118-D-2020', 4)":null,"('0118-D-2020', 5)":null,"('0118-D-2020', 6)":null,"('0118-D-2020', 7)":null},"T\u00edtulo":{"('0118-D-2020', 0)":"OBRAS SOCIALES - LEY 23660 -. MODIFICACIONES, SOBRE TRANSPARENCIA Y CONTROL DEL SISTEMA.","('0118-D-2020', 1)":null,"('0118-D-2020', 2)":null,"('0118-D-2020', 3)":null,"('0118-D-2020', 4)":null,"('0118-D-2020', 5)":null,"('0118-D-2020', 6)":null,"('0118-D-2020', 7)":null},"('Firmantes', 'FIRMANTE')":{"('0118-D-2020', 0)":"MENNA, GUSTAVO","('0118-D-2020', 1)":"NAJUL, CLAUDIA","('0118-D-2020', 2)":"ARCE, MARIO HORACIO","('0118-D-2020', 3)":"AYALA, AIDA BEATRIZ MAXIMA","('0118-D-2020', 4)":"SALVADOR, SEBASTIAN NICOLAS","('0118-D-2020', 5)":"PASTORI, LUIS MARIO","('0118-D-2020', 6)":"REYES, ROXANA NAHIR","('0118-D-2020', 7)":"DEL CERRO, GONZALO PEDRO ANTONIO"},"('Firmantes', 'DISTRITO')":{"('0118-D-2020', 0)":"CHUBUT","('0118-D-2020', 1)":"MENDOZA","('0118-D-2020', 2)":"FORMOSA","('0118-D-2020', 3)":"CHACO","('0118-D-2020', 4)":"BUENOS AIRES","('0118-D-2020', 5)":"MISIONES","('0118-D-2020', 6)":"SANTA CRUZ","('0118-D-2020', 7)":"SANTA FE"},"('Firmantes', 'BLOQUE')":{"('0118-D-2020', 0)":"UCR","('0118-D-2020', 1)":"UCR","('0118-D-2020', 2)":"UCR","('0118-D-2020', 3)":"UCR","('0118-D-2020', 4)":"UCR","('0118-D-2020', 5)":"UCR","('0118-D-2020', 6)":"UCR","('0118-D-2020', 7)":"UCR"},"('Giros', 'COMISI\u00d3N')":{"('0118-D-2020', 0)":"LEGISLACION DEL TRABAJO","('0118-D-2020', 1)":null,"('0118-D-2020', 2)":null,"('0118-D-2020', 3)":null,"('0118-D-2020', 4)":null,"('0118-D-2020', 5)":null,"('0118-D-2020', 6)":null,"('0118-D-2020', 7)":null},"Sumario":{"('0118-D-2020', 0)":"MODIFICACION DEL INCISO A) DEL ARTICULO 12 (INCORPORACION DE LA INCOMPATIBILIDAD EN EL EJERCICIO DE UN CARGO EN LOS ORGANOS DE ADMINISTRACION DE LAS OBRAS SOCIALES SINDICALES CON EL EJERCICIO DE UN CARGO ELECTIVO EN LAS ASOCIACIONES SINDICALES DE CUALQUIER GRADO - INCLUYE CONYUGES, CONVIVIENTES, PARIENTES), 13 (REELECCION POR UNA UNICA VEZ DE MANERA CONSECUTIVA) Y 14; INCORPORACION ARTICULOS 15 BIS, 15 TER Y 15 QUATER (COMISION FISCALIZADORA DE CONTROL).","('0118-D-2020', 1)":null,"('0118-D-2020', 2)":null,"('0118-D-2020', 3)":null,"('0118-D-2020', 4)":null,"('0118-D-2020', 5)":null,"('0118-D-2020', 6)":null,"('0118-D-2020', 7)":null},"Palabra Clave":{"('0118-D-2020', 0)":" ","('0118-D-2020', 1)":null,"('0118-D-2020', 2)":null,"('0118-D-2020', 3)":null,"('0118-D-2020', 4)":null,"('0118-D-2020', 5)":null,"('0118-D-2020', 6)":null,"('0118-D-2020', 7)":null}}