{"Tipo de Proyecto":{"('0119-S-2020', 0)":"PROYECTO DE DECLARACI\u00d3N","('0119-S-2020', 1)":null},"Iniciado en: ":{"('0119-S-2020', 0)":"Senado","('0119-S-2020', 1)":null},"Expediente Senado: ":{"('0119-S-2020', 0)":"0119-S-2020","('0119-S-2020', 1)":null},"Publicado en: ":{"('0119-S-2020', 0)":"Diario de Asuntos Entrados N\u00b0 6","('0119-S-2020', 1)":null},"Fecha: ":{"('0119-S-2020', 0)":"03\/03\/2020","('0119-S-2020', 1)":null},"T\u00edtulo":{"('0119-S-2020', 0)":"EXPRESAR BENEPLACITO POR EL DESARROLLO DEL PROYECTO CASPR BIOTECH, CONSISTENTE EN UN KIT DE DETECCION MOLECULAR PORTATIL QUE DIAGNOSTICA DIVERSAS INFECCIONES. ","('0119-S-2020', 1)":null},"('Firmantes', 'FIRMANTE')":{"('0119-S-2020', 0)":"BLANCO, PABLO DANIEL","('0119-S-2020', 1)":null},"('Firmantes', 'DISTRITO')":{"('0119-S-2020', 0)":"TIERRA DEL FUEGO","('0119-S-2020', 1)":null},"('Firmantes', 'BLOQUE')":{"('0119-S-2020', 0)":"UCR","('0119-S-2020', 1)":null},"('Tramites', 'C\u00c1MARA')":{"('0119-S-2020', 0)":"Senado","('0119-S-2020', 1)":"Senado"},"('Tramites', 'MOVIMIENTO')":{"('0119-S-2020', 0)":"CITACION SESION ESPECIAL CONJUNTAMENTE PARA LOS EXPEDIENTES 3527-S-2019 y 0119-S-2020","('0119-S-2020', 1)":"CONSIDERACION Y APROBACION (SESION POR VIDEOCONFERENCIA) CONJUNTAMENTE PARA LOS EXPEDIENTES 3527-S-2019 y 0119-S-2020"},"('Tramites', 'FECHA')":{"('0119-S-2020', 0)":"03\/09\/2020","('0119-S-2020', 1)":"03\/09\/2020"},"('Tramites', 'RESULTADO')":{"('0119-S-2020', 0)":null,"('0119-S-2020', 1)":"APROBADO"},"Link":{"('0119-S-2020', 0)":"http:\/\/www.senado.gov.ar\/parlamentario\/comisiones\/verExp\/119.20\/S\/PD","('0119-S-2020', 1)":null},"Palabra Clave":{"('0119-S-2020', 0)":" ","('0119-S-2020', 1)":null}}