{"Tipo de Proyecto":{"('0119-D-2020', 0)":"PROYECTO DE LEY","('0119-D-2020', 1)":null},"Iniciado en: ":{"('0119-D-2020', 0)":"Diputados","('0119-D-2020', 1)":null},"Expediente Diputados: ":{"('0119-D-2020', 0)":"0119-D-2020","('0119-D-2020', 1)":null},"Publicado en: ":{"('0119-D-2020', 0)":"Tr\u00e1mite Parlamentario N\u00b0 2","('0119-D-2020', 1)":null},"Fecha: ":{"('0119-D-2020', 0)":"03\/03\/2020","('0119-D-2020', 1)":null},"T\u00edtulo":{"('0119-D-2020', 0)":"ASOCIACIONES SINDICALES - LEY 23551 -. MODIFICACION DE LOS ARTICULOS 17, 18 Y 37, SOBRE DIRECCION Y ADMINISTRACION; CUPO FEMENINO, Y PATRIMONIO.","('0119-D-2020', 1)":null},"('Firmantes', 'FIRMANTE')":{"('0119-D-2020', 0)":"VILLA, NATALIA SOLEDAD","('0119-D-2020', 1)":null},"('Firmantes', 'DISTRITO')":{"('0119-D-2020', 0)":"BUENOS AIRES","('0119-D-2020', 1)":null},"('Firmantes', 'BLOQUE')":{"('0119-D-2020', 0)":"PRO","('0119-D-2020', 1)":null},"('Giros', 'COMISI\u00d3N')":{"('0119-D-2020', 0)":"LEGISLACION DEL TRABAJO","('0119-D-2020', 1)":"MUJERES Y DIVERSIDAD"},"Sumario":{"('0119-D-2020', 0)":"MODIFICACION DE LOS ARTICULOS 17 (COMPOSICION DE LA DIRECCION Y ADMINISTRACION),18 (REQUISITOS PARA INTEGRAR LOS ORGANOS DIRECTIVOS) Y 37 (CONSTITUCION DEL PATRIMONIO DE LAS ASOCIACIONES SINDICALES DE TRABAJADORES); SUSTITUCION DEL ARTICULO 24 (INFORMACION QUE LAS ASOCIACIONES SINDICALES DEBEN REMITIR O COMUNICAR A LA AUTORIDAD ADMINISTRATIVA DEL TRABAJO).","('0119-D-2020', 1)":null},"Palabra Clave":{"('0119-D-2020', 0)":" ","('0119-D-2020', 1)":null}}