{"Tipo de Proyecto":{"('0120-PE-2020', 0)":"MENSAJE NRO: 0061\/20","('0120-PE-2020', 1)":null,"('0120-PE-2020', 2)":null},"Iniciado en: ":{"('0120-PE-2020', 0)":"Senado","('0120-PE-2020', 1)":null,"('0120-PE-2020', 2)":null},"Expediente Senado: ":{"('0120-PE-2020', 0)":"0120-PE-2020","('0120-PE-2020', 1)":null,"('0120-PE-2020', 2)":null},"Publicado en: ":{"('0120-PE-2020', 0)":"DAE S.A. N\u00b0 4","('0120-PE-2020', 1)":null,"('0120-PE-2020', 2)":null},"Fecha: ":{"('0120-PE-2020', 0)":"11\/08\/2020","('0120-PE-2020', 1)":null,"('0120-PE-2020', 2)":null},"T\u00edtulo":{"('0120-PE-2020', 0)":"SOLICITA ACUERDO PARA EL TRASLADO DEL JUEZ DEL JUZGADO FEDERAL DE PRIMERA INSTANCIA DE LIBERTADOR GENERAL SAN MARTIN, PROVINCIA DE JUJUY AL JUZGADO FEDERAL DE PRIMERA INSTANCIA N\u00b0 1 DE JUJUY, PROVINCIA DE JUJUY, DR. ESTEBAN EDUARDO HANSEN.","('0120-PE-2020', 1)":null,"('0120-PE-2020', 2)":null},"('Firmantes', 'FIRMANTE')":{"('0120-PE-2020', 0)":"FERNANDEZ, ALBERTO","('0120-PE-2020', 1)":"CAFIERO, SANTIAGO ANDRES","('0120-PE-2020', 2)":"LOSARDO, MARCELA MIRIAM"},"('Firmantes', 'DISTRITO')":{"('0120-PE-2020', 0)":null,"('0120-PE-2020', 1)":null,"('0120-PE-2020', 2)":null},"('Firmantes', 'BLOQUE')":{"('0120-PE-2020', 0)":"PODER EJECUTIVO","('0120-PE-2020', 1)":"PODER EJECUTIVO","('0120-PE-2020', 2)":"PODER EJECUTIVO"},"Palabra Clave":{"('0120-PE-2020', 0)":" ","('0120-PE-2020', 1)":null,"('0120-PE-2020', 2)":null}}