{"Tipo de Proyecto":{"('0120-S-2020', 0)":"PROYECTO DE LEY"},"Iniciado en: ":{"('0120-S-2020', 0)":"Senado"},"Expediente Senado: ":{"('0120-S-2020', 0)":"0120-S-2020"},"Publicado en: ":{"('0120-S-2020', 0)":"Diario de Asuntos Entrados N\u00b0 6"},"Fecha: ":{"('0120-S-2020', 0)":"03\/03\/2020"},"T\u00edtulo":{"('0120-S-2020', 0)":"DERECHOS DE LAS PERSONAS EN LAS INVESTIGACIONES EN SALUD."},"('Firmantes', 'FIRMANTE')":{"('0120-S-2020', 0)":"FIAD, MARIO RAYMUNDO"},"('Firmantes', 'DISTRITO')":{"('0120-S-2020', 0)":"JUJUY"},"('Firmantes', 'BLOQUE')":{"('0120-S-2020', 0)":"UCR"},"Sumario":{"('0120-S-2020', 0)":"OBJETO; DEFINICION; USO COMPASIVO; PROTECCION DE LAS PERSONAS PARTICIPANTES DE INVESTIGACION EN SALUD; DERECHOS DE LAS PERSONAS PARTICIPANTES DE INVESTIGACION EN SALUD; MECANISMOS PARA LA PROTECCION DE LOS PARTICIPANTES DE INVESTIGACIONES EN SALUD; CREACION DEL SISTEMA NACIONAL DE EVALUACION ETICA Y PROTECCION DE DERECHOS EN LAS INVESTIGACIONES EN SALUD; COMISION NACIONAL DE EVALUACION ETICA Y PROTECCION DE DERECHOS EN LAS INVESTIGACIONES EN SALUD; CREACION DE UN CONSEJO FEDERAL ASESOR DE LA COMISION NACIONAL DE EVALUACION ETICA Y PROTECCION DE DERECHOS EN LAS INVESTIGACIONES EN SALUD; COMISIONES PROVINCIALES DE EVALUACION DE ETICA Y PROTECCION DE DERECHOS EN LAS INVESTIGACIONES EN SALUD; COMITES DE ETICA DE LAS INVESTIGACIONES EN SALUD (CEIS); ACCESO A LOS BENEFICIOS DEL PROGRESO CIENTIFICO; PROTECCION DE LA VIDA; RESPETO DE LA IDENTIDAD Y SITUACION PERSONAL Y GRUPAL; PROTECCION DE LA INTEGRIDAD; RESPETO DE LA AUTONOMIA DE LA VOLUNTAD; ATENCION Y CUIDADO DE LA SALUD; ACCESO A LA INFORMACION Y A LA EDUCACION; AUTORIDAD DE APLICACION A DETERMINAR POR EL PODER EJECUTIVO; SANCIONES"},"Palabra Clave":{"('0120-S-2020', 0)":" "}}