{"Tipo de Proyecto":{"('0121-D-2020', 0)":"PROYECTO DE LEY"},"Iniciado en: ":{"('0121-D-2020', 0)":"Diputados"},"Expediente Diputados: ":{"('0121-D-2020', 0)":"0121-D-2020"},"Publicado en: ":{"('0121-D-2020', 0)":"Tr\u00e1mite Parlamentario N\u00b0 2"},"Fecha: ":{"('0121-D-2020', 0)":"03\/03\/2020"},"T\u00edtulo":{"('0121-D-2020', 0)":"CODIGO PENAL DE LA NACION. INCORPORACION DEL ARTICULO 139 TER, SOBRE DELITO DE SUPLANTACION O APODERAMIENTO DE IDENTIDAD. "},"('Firmantes', 'FIRMANTE')":{"('0121-D-2020', 0)":"VILLA, NATALIA SOLEDAD"},"('Firmantes', 'DISTRITO')":{"('0121-D-2020', 0)":"BUENOS AIRES"},"('Firmantes', 'BLOQUE')":{"('0121-D-2020', 0)":"PRO"},"('Giros', 'COMISI\u00d3N')":{"('0121-D-2020', 0)":"LEGISLACION PENAL"},"Sumario":{"('0121-D-2020', 0)":"UTILIZANDO PARA TAL FIN LAS TECNOLOGIAS DE LA INFORMACION Y LA COMUNICACION."},"Palabra Clave":{"('0121-D-2020', 0)":" "}}