{"Tipo de Proyecto":{"('0122-S-2020', 0)":"PROYECTO DE LEY"},"Iniciado en: ":{"('0122-S-2020', 0)":"Senado"},"Expediente Senado: ":{"('0122-S-2020', 0)":"0122-S-2020"},"Publicado en: ":{"('0122-S-2020', 0)":"Diario de Asuntos Entrados N\u00b0 7"},"Fecha: ":{"('0122-S-2020', 0)":"03\/03\/2020"},"T\u00edtulo":{"('0122-S-2020', 0)":"DECLARACION DEL 15 DE NOVIEMBRE DE CADA A\u00d1O \"DIA NACIONAL DEL VINO ESPUMANTE\"."},"('Firmantes', 'FIRMANTE')":{"('0122-S-2020', 0)":"VERASAY, PAMELA FERNANDA"},"('Firmantes', 'DISTRITO')":{"('0122-S-2020', 0)":"MENDOZA"},"('Firmantes', 'BLOQUE')":{"('0122-S-2020', 0)":"UCR"},"Sumario":{"('0122-S-2020', 0)":"DESIGNACION DEL DEPARTAMENTO DE GUAYMALLEN, PROVINCIA DE MENDOZA, COMO \"CAPITAL NACIONAL DEL VINO ESPUMANTE\"."},"Palabra Clave":{"('0122-S-2020', 0)":" "}}