{"Tipo de Proyecto":{"('0122-PE-2020', 0)":"MENSAJE NRO: 0063\/20","('0122-PE-2020', 1)":null,"('0122-PE-2020', 2)":null},"Iniciado en: ":{"('0122-PE-2020', 0)":"Senado","('0122-PE-2020', 1)":null,"('0122-PE-2020', 2)":null},"Expediente Senado: ":{"('0122-PE-2020', 0)":"0122-PE-2020","('0122-PE-2020', 1)":null,"('0122-PE-2020', 2)":null},"Publicado en: ":{"('0122-PE-2020', 0)":"DAE S.A. N\u00b0 4","('0122-PE-2020', 1)":null,"('0122-PE-2020', 2)":null},"Fecha: ":{"('0122-PE-2020', 0)":"11\/08\/2020","('0122-PE-2020', 1)":null,"('0122-PE-2020', 2)":null},"T\u00edtulo":{"('0122-PE-2020', 0)":"SOLICITA ACUERDO PARA EL TRASLADO DEL JUEZ DEL JUZGADO NACIONAL EN LO CRIMINAL Y CORRECCIONAL N\u00b0 36 DE LA CAPITAL FEDERAL AL JUZGADO NACIONAL DE MENORES N\u00b0 7 DE LA CAPITAL FEDERAL, DR. ENRIQUE GUSTAVO VELAZQUEZ.","('0122-PE-2020', 1)":null,"('0122-PE-2020', 2)":null},"('Firmantes', 'FIRMANTE')":{"('0122-PE-2020', 0)":"FERNANDEZ, ALBERTO","('0122-PE-2020', 1)":"CAFIERO, SANTIAGO ANDRES","('0122-PE-2020', 2)":"LOSARDO, MARCELA MIRIAM"},"('Firmantes', 'DISTRITO')":{"('0122-PE-2020', 0)":null,"('0122-PE-2020', 1)":null,"('0122-PE-2020', 2)":null},"('Firmantes', 'BLOQUE')":{"('0122-PE-2020', 0)":"PODER EJECUTIVO","('0122-PE-2020', 1)":"PODER EJECUTIVO","('0122-PE-2020', 2)":"PODER EJECUTIVO"},"Palabra Clave":{"('0122-PE-2020', 0)":" ","('0122-PE-2020', 1)":null,"('0122-PE-2020', 2)":null}}