{"Tipo de Proyecto":{"('0123-S-2020', 0)":"PROYECTO DE LEY"},"Iniciado en: ":{"('0123-S-2020', 0)":"Senado"},"Expediente Senado: ":{"('0123-S-2020', 0)":"0123-S-2020"},"Publicado en: ":{"('0123-S-2020', 0)":"Diario de Asuntos Entrados N\u00b0 7"},"Fecha: ":{"('0123-S-2020', 0)":"03\/03\/2020"},"T\u00edtulo":{"('0123-S-2020', 0)":"MODIFICACIONES A LA LEY 24284 - DEFENSORIA DEL PUEBLO -, RESPECTO DE LA CREACION DE UN DEFENSOR ADJUNTO DE LAS FUERZAS ARMADAS, SEGURIDAD Y POLICIALES."},"('Firmantes', 'FIRMANTE')":{"('0123-S-2020', 0)":"MARTINEZ, ERNESTO FELIX"},"('Firmantes', 'DISTRITO')":{"('0123-S-2020', 0)":"LA RIOJA"},"('Firmantes', 'BLOQUE')":{"('0123-S-2020', 0)":"UCR"},"Sumario":{"('0123-S-2020', 0)":"SUSTITUCION DE LOS ARTICULOS 13 BIS Y 16."},"Palabra Clave":{"('0123-S-2020', 0)":" "}}