{"Tipo de Proyecto":{"('0123-D-2020', 0)":"PROYECTO DE LEY","('0123-D-2020', 1)":null},"Iniciado en: ":{"('0123-D-2020', 0)":"Diputados","('0123-D-2020', 1)":null},"Expediente Diputados: ":{"('0123-D-2020', 0)":"0123-D-2020","('0123-D-2020', 1)":null},"Publicado en: ":{"('0123-D-2020', 0)":"Tr\u00e1mite Parlamentario N\u00b0 2","('0123-D-2020', 1)":null},"Fecha: ":{"('0123-D-2020', 0)":"03\/03\/2020","('0123-D-2020', 1)":null},"T\u00edtulo":{"('0123-D-2020', 0)":"TRANSITO - LEY 24449 - MODIFICACIONES SOBRE MEDIDAS DE PRUDENCIA EN EL TRANSPORTE DE ESCOLARES Y MENORES.","('0123-D-2020', 1)":null},"('Firmantes', 'FIRMANTE')":{"('0123-D-2020', 0)":"VILLA, NATALIA SOLEDAD","('0123-D-2020', 1)":null},"('Firmantes', 'DISTRITO')":{"('0123-D-2020', 0)":"BUENOS AIRES","('0123-D-2020', 1)":null},"('Firmantes', 'BLOQUE')":{"('0123-D-2020', 0)":"PRO","('0123-D-2020', 1)":null},"('Giros', 'COMISI\u00d3N')":{"('0123-D-2020', 0)":"TRANSPORTES","('0123-D-2020', 1)":"FAMILIAS, NI\u00d1EZ Y JUVENTUDES"},"Sumario":{"('0123-D-2020', 0)":"MODIFICACION DEL ARTICULO 55 (TRANSPORTES DE ESCOLARES Y MENORES) E INCORPORACION DE ARTICULO 55 BIS.","('0123-D-2020', 1)":null},"Palabra Clave":{"('0123-D-2020', 0)":" ","('0123-D-2020', 1)":null}}