{"Tipo de Proyecto":{"('0124-S-2020', 0)":"PROYECTO DE DECLARACI\u00d3N"},"Iniciado en: ":{"('0124-S-2020', 0)":"Senado"},"Expediente Senado: ":{"('0124-S-2020', 0)":"0124-S-2020"},"Publicado en: ":{"('0124-S-2020', 0)":"Diario de Asuntos Entrados N\u00b0 7"},"Fecha: ":{"('0124-S-2020', 0)":"03\/03\/2020"},"T\u00edtulo":{"('0124-S-2020', 0)":"DECLARAR DE INTERES LA CAMPA\u00d1A DE CONCIENTIZACION SOBRE LA PROBLEMATICA Y LA SINTOMATOLOGIA DE LA INCONTINENCIA \"RECUPERA EL CONTROL\", A CELEBRARSE EN TODO EL TERRITORIO NACIONAL, EN LA SEMANA DEL 14 DE MARZO DE 2020, \"DIA MUNDIAL DE LA INCONTINENCIA DE ORINA\". "},"('Firmantes', 'FIRMANTE')":{"('0124-S-2020', 0)":"SOLARI QUINTANA, MAGDALENA"},"('Firmantes', 'DISTRITO')":{"('0124-S-2020', 0)":"MISIONES"},"('Firmantes', 'BLOQUE')":{"('0124-S-2020', 0)":"MISIONES"},"Link":{"('0124-S-2020', 0)":"http:\/\/www.senado.gov.ar\/parlamentario\/comisiones\/verExp\/124.20\/S\/PD"},"Palabra Clave":{"('0124-S-2020', 0)":" "}}