{"Tipo de Proyecto":{"('0125-D-2020', 0)":"PROYECTO DE RESOLUCI\u00d3N","('0125-D-2020', 1)":null,"('0125-D-2020', 2)":null,"('0125-D-2020', 3)":null,"('0125-D-2020', 4)":null,"('0125-D-2020', 5)":null,"('0125-D-2020', 6)":null,"('0125-D-2020', 7)":null,"('0125-D-2020', 8)":null,"('0125-D-2020', 9)":null,"('0125-D-2020', 10)":null,"('0125-D-2020', 11)":null,"('0125-D-2020', 12)":null,"('0125-D-2020', 13)":null,"('0125-D-2020', 14)":null},"Iniciado en: ":{"('0125-D-2020', 0)":"Diputados","('0125-D-2020', 1)":null,"('0125-D-2020', 2)":null,"('0125-D-2020', 3)":null,"('0125-D-2020', 4)":null,"('0125-D-2020', 5)":null,"('0125-D-2020', 6)":null,"('0125-D-2020', 7)":null,"('0125-D-2020', 8)":null,"('0125-D-2020', 9)":null,"('0125-D-2020', 10)":null,"('0125-D-2020', 11)":null,"('0125-D-2020', 12)":null,"('0125-D-2020', 13)":null,"('0125-D-2020', 14)":null},"Expediente Diputados: ":{"('0125-D-2020', 0)":"0125-D-2020","('0125-D-2020', 1)":null,"('0125-D-2020', 2)":null,"('0125-D-2020', 3)":null,"('0125-D-2020', 4)":null,"('0125-D-2020', 5)":null,"('0125-D-2020', 6)":null,"('0125-D-2020', 7)":null,"('0125-D-2020', 8)":null,"('0125-D-2020', 9)":null,"('0125-D-2020', 10)":null,"('0125-D-2020', 11)":null,"('0125-D-2020', 12)":null,"('0125-D-2020', 13)":null,"('0125-D-2020', 14)":null},"Publicado en: ":{"('0125-D-2020', 0)":"Tr\u00e1mite Parlamentario N\u00b0 2","('0125-D-2020', 1)":null,"('0125-D-2020', 2)":null,"('0125-D-2020', 3)":null,"('0125-D-2020', 4)":null,"('0125-D-2020', 5)":null,"('0125-D-2020', 6)":null,"('0125-D-2020', 7)":null,"('0125-D-2020', 8)":null,"('0125-D-2020', 9)":null,"('0125-D-2020', 10)":null,"('0125-D-2020', 11)":null,"('0125-D-2020', 12)":null,"('0125-D-2020', 13)":null,"('0125-D-2020', 14)":null},"Fecha: ":{"('0125-D-2020', 0)":"03\/03\/2020","('0125-D-2020', 1)":null,"('0125-D-2020', 2)":null,"('0125-D-2020', 3)":null,"('0125-D-2020', 4)":null,"('0125-D-2020', 5)":null,"('0125-D-2020', 6)":null,"('0125-D-2020', 7)":null,"('0125-D-2020', 8)":null,"('0125-D-2020', 9)":null,"('0125-D-2020', 10)":null,"('0125-D-2020', 11)":null,"('0125-D-2020', 12)":null,"('0125-D-2020', 13)":null,"('0125-D-2020', 14)":null},"T\u00edtulo":{"('0125-D-2020', 0)":"PEDIDO DE INFORMES AL PODER EJECUTIVO SOBRE LOS LINEAMIENTOS DEL PROGRAMA ECONOMICO DEL GOBIERNO.","('0125-D-2020', 1)":null,"('0125-D-2020', 2)":null,"('0125-D-2020', 3)":null,"('0125-D-2020', 4)":null,"('0125-D-2020', 5)":null,"('0125-D-2020', 6)":null,"('0125-D-2020', 7)":null,"('0125-D-2020', 8)":null,"('0125-D-2020', 9)":null,"('0125-D-2020', 10)":null,"('0125-D-2020', 11)":null,"('0125-D-2020', 12)":null,"('0125-D-2020', 13)":null,"('0125-D-2020', 14)":null},"('Firmantes', 'FIRMANTE')":{"('0125-D-2020', 0)":"EL SUKARIA, SOHER","('0125-D-2020', 1)":"RUARTE, ADRIANA NOEMI","('0125-D-2020', 2)":"GRANDE, MARTIN","('0125-D-2020', 3)":"SCHLERETH, DAVID PABLO","('0125-D-2020', 4)":"FREGONESE, ALICIA","('0125-D-2020', 5)":"TORELLO, PABLO","('0125-D-2020', 6)":"IGLESIAS, FERNANDO ADOLFO","('0125-D-2020', 7)":"SAHAD, JULIO ENRIQUE","('0125-D-2020', 8)":"LEHMANN, MARIA LUCILA","('0125-D-2020', 9)":"CACERES, ADRIANA","('0125-D-2020', 10)":"REZINOVSKY, DINA","('0125-D-2020', 11)":"TORRES, IGNACIO AGUSTIN","('0125-D-2020', 12)":"SANCHEZ, FRANCISCO","('0125-D-2020', 13)":"PICCOLOMINI, MARIA CARLA","('0125-D-2020', 14)":"JUEZ, LUIS ALFREDO"},"('Firmantes', 'DISTRITO')":{"('0125-D-2020', 0)":"CORDOBA","('0125-D-2020', 1)":"CORDOBA","('0125-D-2020', 2)":"SALTA","('0125-D-2020', 3)":"NEUQUEN","('0125-D-2020', 4)":"ENTRE RIOS","('0125-D-2020', 5)":"BUENOS AIRES","('0125-D-2020', 6)":"CIUDAD de BUENOS AIRES","('0125-D-2020', 7)":"LA RIOJA","('0125-D-2020', 8)":"SANTA FE","('0125-D-2020', 9)":"BUENOS AIRES","('0125-D-2020', 10)":"CIUDAD de BUENOS AIRES","('0125-D-2020', 11)":"CHUBUT","('0125-D-2020', 12)":"NEUQUEN","('0125-D-2020', 13)":"BUENOS AIRES","('0125-D-2020', 14)":"CORDOBA"},"('Firmantes', 'BLOQUE')":{"('0125-D-2020', 0)":"PRO","('0125-D-2020', 1)":"PRO","('0125-D-2020', 2)":"PRO","('0125-D-2020', 3)":"PRO","('0125-D-2020', 4)":"PRO","('0125-D-2020', 5)":"PRO","('0125-D-2020', 6)":"PRO","('0125-D-2020', 7)":"PRO","('0125-D-2020', 8)":"COALICION CIVICA","('0125-D-2020', 9)":"PRO","('0125-D-2020', 10)":"PRO","('0125-D-2020', 11)":"PRO","('0125-D-2020', 12)":"PRO","('0125-D-2020', 13)":"PRO","('0125-D-2020', 14)":"PRO"},"('Giros', 'COMISI\u00d3N')":{"('0125-D-2020', 0)":"PRESUPUESTO Y HACIENDA","('0125-D-2020', 1)":"ECONOMIA","('0125-D-2020', 2)":null,"('0125-D-2020', 3)":null,"('0125-D-2020', 4)":null,"('0125-D-2020', 5)":null,"('0125-D-2020', 6)":null,"('0125-D-2020', 7)":null,"('0125-D-2020', 8)":null,"('0125-D-2020', 9)":null,"('0125-D-2020', 10)":null,"('0125-D-2020', 11)":null,"('0125-D-2020', 12)":null,"('0125-D-2020', 13)":null,"('0125-D-2020', 14)":null},"Link":{"('0125-D-2020', 0)":"https:\/\/www.hcdn.gob.ar\/proyectos\/textoCompleto.jsp?exp=0125-D-2020&tipo=RESOLUCION","('0125-D-2020', 1)":null,"('0125-D-2020', 2)":null,"('0125-D-2020', 3)":null,"('0125-D-2020', 4)":null,"('0125-D-2020', 5)":null,"('0125-D-2020', 6)":null,"('0125-D-2020', 7)":null,"('0125-D-2020', 8)":null,"('0125-D-2020', 9)":null,"('0125-D-2020', 10)":null,"('0125-D-2020', 11)":null,"('0125-D-2020', 12)":null,"('0125-D-2020', 13)":null,"('0125-D-2020', 14)":null},"Palabra Clave":{"('0125-D-2020', 0)":" ","('0125-D-2020', 1)":null,"('0125-D-2020', 2)":null,"('0125-D-2020', 3)":null,"('0125-D-2020', 4)":null,"('0125-D-2020', 5)":null,"('0125-D-2020', 6)":null,"('0125-D-2020', 7)":null,"('0125-D-2020', 8)":null,"('0125-D-2020', 9)":null,"('0125-D-2020', 10)":null,"('0125-D-2020', 11)":null,"('0125-D-2020', 12)":null,"('0125-D-2020', 13)":null,"('0125-D-2020', 14)":null}}