{"Tipo de Proyecto":{"('0127-D-2020', 0)":"PROYECTO DE LEY","('0127-D-2020', 1)":null},"Iniciado en: ":{"('0127-D-2020', 0)":"Diputados","('0127-D-2020', 1)":null},"Expediente Diputados: ":{"('0127-D-2020', 0)":"0127-D-2020","('0127-D-2020', 1)":null},"Publicado en: ":{"('0127-D-2020', 0)":"Tr\u00e1mite Parlamentario N\u00b0 2","('0127-D-2020', 1)":null},"Fecha: ":{"('0127-D-2020', 0)":"03\/03\/2020","('0127-D-2020', 1)":null},"T\u00edtulo":{"('0127-D-2020', 0)":"REGLAMENTACION DE LA INTERRUPCION DE SERVICIOS ESENCIALES . GARANTIA DE LOS DERECHOS DE LOS USUARIOS. REGIMEN. ","('0127-D-2020', 1)":null},"('Firmantes', 'FIRMANTE')":{"('0127-D-2020', 0)":"CANO, JOSE MANUEL","('0127-D-2020', 1)":null},"('Firmantes', 'DISTRITO')":{"('0127-D-2020', 0)":"TUCUMAN","('0127-D-2020', 1)":null},"('Firmantes', 'BLOQUE')":{"('0127-D-2020', 0)":"UCR","('0127-D-2020', 1)":null},"('Giros', 'COMISI\u00d3N')":{"('0127-D-2020', 0)":"LEGISLACION DEL TRABAJO","('0127-D-2020', 1)":"DEFENSA DEL CONSUMIDOR, DEL USUARIO Y DE LA COMPETENCIA"},"Sumario":{"('0127-D-2020', 0)":"SERVICIOS ESENCIALES: LOS SERVICIOS SANITARIOS Y HOSPITALARIOS, LA PRODUCCION Y DISTRIBUCION DE AGUA POTABLE Y ENERGIA ELECTRICA, EL CONTROL DE TRAFICO AEREO, TRANSPORTE PUBLICO DE PASAJEROS EN TODAS SUS FORMAS, RECOLECCION DE RESIDUOS, SERVICIO DE SEGURIDAD PUBLICA A CARGO DE LAS FUERZAS FEDERALES; CALIFICACION COMO SERVICIO ESENCIAL A UNA ACTIVIDAD NO INCLUIDA EN LA ENUMERACION PRECEDENTE.","('0127-D-2020', 1)":null},"Palabra Clave":{"('0127-D-2020', 0)":" ","('0127-D-2020', 1)":null}}