{"Tipo de Proyecto":{"('0128-S-2020', 0)":"COMUNICACION"},"Iniciado en: ":{"('0128-S-2020', 0)":"Senado"},"Expediente Senado: ":{"('0128-S-2020', 0)":"0128-S-2020"},"Publicado en: ":{"('0128-S-2020', 0)":"Diario de Asuntos Entrados N\u00b0 7"},"Fecha: ":{"('0128-S-2020', 0)":"03\/03\/2020"},"T\u00edtulo":{"('0128-S-2020', 0)":"PEDIDO DE INFORMES AL PODER EJECUTIVO SOBRE DIVERSAS CUESTIONES RELACIONADAS AL ARTICULO 179 DE LA LEY 20744 - CONTRATO DE TRABAJO-. "},"('Firmantes', 'FIRMANTE')":{"('0128-S-2020', 0)":"BASUALDO, ROBERTO GUSTAVO"},"('Firmantes', 'DISTRITO')":{"('0128-S-2020', 0)":"SAN JUAN"},"('Firmantes', 'BLOQUE')":{"('0128-S-2020', 0)":"PRODUCCION Y TRABAJO"},"Link":{"('0128-S-2020', 0)":"http:\/\/www.senado.gov.ar\/parlamentario\/comisiones\/verExp\/128.20\/S\/PC"},"Palabra Clave":{"('0128-S-2020', 0)":" "}}