{"Tipo de Proyecto":{"('0129-S-2020', 0)":"COMUNICACION"},"Iniciado en: ":{"('0129-S-2020', 0)":"Senado"},"Expediente Senado: ":{"('0129-S-2020', 0)":"0129-S-2020"},"Publicado en: ":{"('0129-S-2020', 0)":"Diario de Asuntos Entrados N\u00b0 7"},"Fecha: ":{"('0129-S-2020', 0)":"03\/03\/2020"},"T\u00edtulo":{"('0129-S-2020', 0)":"PEDIDO DE INFORMES AL PODER EJECUTIVO SOBRE EL CUMPLIMIENTO DE LA IGUALDAD EN LAS REMUNERACIONES LABORALES EN EL HOMBRE Y LA MUJER, SEGUN EL ARTICULO 1\u00b0 DE LA LEY 20392, DE TRABAJO DE MUJERES,\nDISCRIMINACION DE LA MUJER - DISCRIMINACION LABORAL - DISCRIMINACION SALARIAL."},"('Firmantes', 'FIRMANTE')":{"('0129-S-2020', 0)":"BASUALDO, ROBERTO GUSTAVO"},"('Firmantes', 'DISTRITO')":{"('0129-S-2020', 0)":"SAN JUAN"},"('Firmantes', 'BLOQUE')":{"('0129-S-2020', 0)":"PRODUCCION Y TRABAJO"},"Link":{"('0129-S-2020', 0)":"http:\/\/www.senado.gov.ar\/parlamentario\/comisiones\/verExp\/129.20\/S\/PC"},"Palabra Clave":{"('0129-S-2020', 0)":" "}}