{"Tipo de Proyecto":{"('0130-S-2020', 0)":"COMUNICACION"},"Iniciado en: ":{"('0130-S-2020', 0)":"Senado"},"Expediente Senado: ":{"('0130-S-2020', 0)":"0130-S-2020"},"Publicado en: ":{"('0130-S-2020', 0)":"Diario de Asuntos Entrados N\u00b0 7"},"Fecha: ":{"('0130-S-2020', 0)":"03\/03\/2020"},"T\u00edtulo":{"('0130-S-2020', 0)":"SOLICITAR AL PODER EJECUTIVO EL LIBRE ACCESO A LOS RESULTADOS DE LAS EVALUACIONES APRENDER. "},"('Firmantes', 'FIRMANTE')":{"('0130-S-2020', 0)":"BASUALDO, ROBERTO GUSTAVO"},"('Firmantes', 'DISTRITO')":{"('0130-S-2020', 0)":"SAN JUAN"},"('Firmantes', 'BLOQUE')":{"('0130-S-2020', 0)":"PRODUCCION Y TRABAJO"},"Link":{"('0130-S-2020', 0)":"http:\/\/www.senado.gov.ar\/parlamentario\/comisiones\/verExp\/130.20\/S\/PC"},"Palabra Clave":{"('0130-S-2020', 0)":" "}}