{"Tipo de Proyecto":{"('0131-D-2020', 0)":"PROYECTO DE LEY","('0131-D-2020', 1)":null},"Iniciado en: ":{"('0131-D-2020', 0)":"Diputados","('0131-D-2020', 1)":null},"Expediente Diputados: ":{"('0131-D-2020', 0)":"0131-D-2020","('0131-D-2020', 1)":null},"Publicado en: ":{"('0131-D-2020', 0)":"Tr\u00e1mite Parlamentario N\u00b0 2","('0131-D-2020', 1)":null},"Fecha: ":{"('0131-D-2020', 0)":"03\/03\/2020","('0131-D-2020', 1)":null},"T\u00edtulo":{"('0131-D-2020', 0)":"CONTRATO DE TRABAJO - LEY 20744:  MODIFICACION DEL ARTICULO 158 E INCORPORACION DEL 161 BIS,  SOBRE LICENCIA POR VIOLENCIA DE GENERO.","('0131-D-2020', 1)":null},"('Firmantes', 'FIRMANTE')":{"('0131-D-2020', 0)":"NAJUL, CLAUDIA","('0131-D-2020', 1)":null},"('Firmantes', 'DISTRITO')":{"('0131-D-2020', 0)":"MENDOZA","('0131-D-2020', 1)":null},"('Firmantes', 'BLOQUE')":{"('0131-D-2020', 0)":"UCR","('0131-D-2020', 1)":null},"('Giros', 'COMISI\u00d3N')":{"('0131-D-2020', 0)":"LEGISLACION DEL TRABAJO","('0131-D-2020', 1)":"MUJERES Y DIVERSIDAD"},"Sumario":{"('0131-D-2020', 0)":"INCORPORACION DE INCISO F) AL ARTICULO 158 E INCORPORACION DE ARTICULO 161 BIS, AMBOS SOBRE LICENCIA POR VIOLENCIA DE GENERO.","('0131-D-2020', 1)":null},"Palabra Clave":{"('0131-D-2020', 0)":" ","('0131-D-2020', 1)":null}}