{"Tipo de Proyecto":{"('0131-S-2020', 0)":"COMUNICACION"},"Iniciado en: ":{"('0131-S-2020', 0)":"Senado"},"Expediente Senado: ":{"('0131-S-2020', 0)":"0131-S-2020"},"Publicado en: ":{"('0131-S-2020', 0)":"Diario de Asuntos Entrados N\u00b0 7"},"Fecha: ":{"('0131-S-2020', 0)":"03\/03\/2020"},"T\u00edtulo":{"('0131-S-2020', 0)":"SOLICITAR AL PODER EJECUTIVO SE EVALUE Y SOLUCIONE LA SITUACION DE LOS ADULTOS MAYORES RESPECTO DEL USO OBLIGATORIO DE RECURSOS INFORMATICOS PARA REALIZAR CUALQUIER TIPO DE TRAMITE. "},"('Firmantes', 'FIRMANTE')":{"('0131-S-2020', 0)":"BASUALDO, ROBERTO GUSTAVO"},"('Firmantes', 'DISTRITO')":{"('0131-S-2020', 0)":"SAN JUAN"},"('Firmantes', 'BLOQUE')":{"('0131-S-2020', 0)":"PRODUCCION Y TRABAJO"},"Link":{"('0131-S-2020', 0)":"http:\/\/www.senado.gov.ar\/parlamentario\/comisiones\/verExp\/131.20\/S\/PC"},"Palabra Clave":{"('0131-S-2020', 0)":" "}}