{"Tipo de Proyecto":{"('0133-PE-2020', 0)":"MENSAJE NRO: 0066\/20","('0133-PE-2020', 1)":null,"('0133-PE-2020', 2)":null},"Iniciado en: ":{"('0133-PE-2020', 0)":"Senado","('0133-PE-2020', 1)":null,"('0133-PE-2020', 2)":null},"Expediente Senado: ":{"('0133-PE-2020', 0)":"0133-PE-2020","('0133-PE-2020', 1)":null,"('0133-PE-2020', 2)":null},"Publicado en: ":{"('0133-PE-2020', 0)":"DAE S.A. N\u00b0 5","('0133-PE-2020', 1)":null,"('0133-PE-2020', 2)":null},"Fecha: ":{"('0133-PE-2020', 0)":"27\/08\/2020","('0133-PE-2020', 1)":null,"('0133-PE-2020', 2)":null},"T\u00edtulo":{"('0133-PE-2020', 0)":"SOLICITA ACUERDO PARA DESIGNAR FISCAL ANTE EL JUZGADO FEDERAL DE PRIMERA INSTANCIA DE SANTA ROSA, PROVINCIA DE LA PAMPA, A LA DRA. IARA JESICA SILVESTRE.","('0133-PE-2020', 1)":null,"('0133-PE-2020', 2)":null},"('Firmantes', 'FIRMANTE')":{"('0133-PE-2020', 0)":"FERNANDEZ, ALBERTO","('0133-PE-2020', 1)":"CAFIERO, SANTIAGO ANDRES","('0133-PE-2020', 2)":"LOSARDO, MARCELA MIRIAM"},"('Firmantes', 'DISTRITO')":{"('0133-PE-2020', 0)":null,"('0133-PE-2020', 1)":null,"('0133-PE-2020', 2)":null},"('Firmantes', 'BLOQUE')":{"('0133-PE-2020', 0)":"PODER EJECUTIVO","('0133-PE-2020', 1)":"PODER EJECUTIVO","('0133-PE-2020', 2)":"PODER EJECUTIVO"},"Palabra Clave":{"('0133-PE-2020', 0)":" ","('0133-PE-2020', 1)":null,"('0133-PE-2020', 2)":null}}