{"Tipo de Proyecto":{"('0135-PE-2020', 0)":"MENSAJE NRO: 0068\/20","('0135-PE-2020', 1)":null,"('0135-PE-2020', 2)":null},"Iniciado en: ":{"('0135-PE-2020', 0)":"Senado","('0135-PE-2020', 1)":null,"('0135-PE-2020', 2)":null},"Expediente Senado: ":{"('0135-PE-2020', 0)":"0135-PE-2020","('0135-PE-2020', 1)":null,"('0135-PE-2020', 2)":null},"Publicado en: ":{"('0135-PE-2020', 0)":"DAE S.A. N\u00b0 5","('0135-PE-2020', 1)":null,"('0135-PE-2020', 2)":null},"Fecha: ":{"('0135-PE-2020', 0)":"27\/08\/2020","('0135-PE-2020', 1)":null,"('0135-PE-2020', 2)":null},"T\u00edtulo":{"('0135-PE-2020', 0)":"SOLICITA ACUERDO PARA DESIGNAR JUEZA DEL JUZGADO FEDERAL DE PRIMERA INSTANCIA N\u00ba 2 DE CONCEPCION DEL URUGUAY, PROVINCIA DE ENTRE RIOS, A LA DRA. MARIA ISABEL CACCIOPPOLI.","('0135-PE-2020', 1)":null,"('0135-PE-2020', 2)":null},"('Firmantes', 'FIRMANTE')":{"('0135-PE-2020', 0)":"FERNANDEZ, ALBERTO","('0135-PE-2020', 1)":"CAFIERO, SANTIAGO ANDRES","('0135-PE-2020', 2)":"LOSARDO, MARCELA MIRIAM"},"('Firmantes', 'DISTRITO')":{"('0135-PE-2020', 0)":null,"('0135-PE-2020', 1)":null,"('0135-PE-2020', 2)":null},"('Firmantes', 'BLOQUE')":{"('0135-PE-2020', 0)":"PODER EJECUTIVO","('0135-PE-2020', 1)":"PODER EJECUTIVO","('0135-PE-2020', 2)":"PODER EJECUTIVO"},"Palabra Clave":{"('0135-PE-2020', 0)":" ","('0135-PE-2020', 1)":null,"('0135-PE-2020', 2)":null}}