{"Tipo de Proyecto":{"('0135-S-2020', 0)":"PROYECTO DE LEY"},"Iniciado en: ":{"('0135-S-2020', 0)":"Senado"},"Expediente Senado: ":{"('0135-S-2020', 0)":"0135-S-2020"},"Publicado en: ":{"('0135-S-2020', 0)":"Diario de Asuntos Entrados N\u00b0 7"},"Fecha: ":{"('0135-S-2020', 0)":"03\/03\/2020"},"T\u00edtulo":{"('0135-S-2020', 0)":"DISPONER LA OBLIGATORIEDAD DE LOS ESTABLECIMIENTOS DE SALUD PUBLICOS O PRIVADOS, DE CONTAR CON SERVICIO DE INTERNET Y WIFI GRATUITO. "},"('Firmantes', 'FIRMANTE')":{"('0135-S-2020', 0)":"BASUALDO, ROBERTO GUSTAVO"},"('Firmantes', 'DISTRITO')":{"('0135-S-2020', 0)":"SAN JUAN"},"('Firmantes', 'BLOQUE')":{"('0135-S-2020', 0)":"PRODUCCION Y TRABAJO"},"Link":{"('0135-S-2020', 0)":"http:\/\/www.senado.gov.ar\/parlamentario\/comisiones\/verExp\/135.20\/S\/PL"},"Palabra Clave":{"('0135-S-2020', 0)":" "}}