{"Tipo de Proyecto":{"('0135-D-2020', 0)":"PROYECTO DE DECLARACI\u00d3N","('0135-D-2020', 1)":null,"('0135-D-2020', 2)":null,"('0135-D-2020', 3)":null,"('0135-D-2020', 4)":null,"('0135-D-2020', 5)":null,"('0135-D-2020', 6)":null,"('0135-D-2020', 7)":null,"('0135-D-2020', 8)":null},"Iniciado en: ":{"('0135-D-2020', 0)":"Diputados","('0135-D-2020', 1)":null,"('0135-D-2020', 2)":null,"('0135-D-2020', 3)":null,"('0135-D-2020', 4)":null,"('0135-D-2020', 5)":null,"('0135-D-2020', 6)":null,"('0135-D-2020', 7)":null,"('0135-D-2020', 8)":null},"Expediente Diputados: ":{"('0135-D-2020', 0)":"0135-D-2020","('0135-D-2020', 1)":null,"('0135-D-2020', 2)":null,"('0135-D-2020', 3)":null,"('0135-D-2020', 4)":null,"('0135-D-2020', 5)":null,"('0135-D-2020', 6)":null,"('0135-D-2020', 7)":null,"('0135-D-2020', 8)":null},"Publicado en: ":{"('0135-D-2020', 0)":"Tr\u00e1mite Parlamentario N\u00b0 2","('0135-D-2020', 1)":null,"('0135-D-2020', 2)":null,"('0135-D-2020', 3)":null,"('0135-D-2020', 4)":null,"('0135-D-2020', 5)":null,"('0135-D-2020', 6)":null,"('0135-D-2020', 7)":null,"('0135-D-2020', 8)":null},"Fecha: ":{"('0135-D-2020', 0)":"03\/03\/2020","('0135-D-2020', 1)":null,"('0135-D-2020', 2)":null,"('0135-D-2020', 3)":null,"('0135-D-2020', 4)":null,"('0135-D-2020', 5)":null,"('0135-D-2020', 6)":null,"('0135-D-2020', 7)":null,"('0135-D-2020', 8)":null},"T\u00edtulo":{"('0135-D-2020', 0)":"EXPRESAR REPUDIO POR LAS AMENAZAS QUE SUFRIO EL DIPUTADO NACIONAL FERNANDO IGLESIAS.","('0135-D-2020', 1)":null,"('0135-D-2020', 2)":null,"('0135-D-2020', 3)":null,"('0135-D-2020', 4)":null,"('0135-D-2020', 5)":null,"('0135-D-2020', 6)":null,"('0135-D-2020', 7)":null,"('0135-D-2020', 8)":null},"('Firmantes', 'FIRMANTE')":{"('0135-D-2020', 0)":"ENRIQUEZ, JORGE RICARDO","('0135-D-2020', 1)":"STEFANI, HECTOR ANTONIO","('0135-D-2020', 2)":"FRIZZA, GABRIEL ALBERTO","('0135-D-2020', 3)":"SAHAD, JULIO ENRIQUE","('0135-D-2020', 4)":"OCA\u00d1A, MARIA GRACIELA","('0135-D-2020', 5)":"CACERES, ADRIANA","('0135-D-2020', 6)":"ASSEFF, ALBERTO","('0135-D-2020', 7)":"CACERES, EDUARDO AUGUSTO","('0135-D-2020', 8)":"POLLEDO, CARMEN"},"('Firmantes', 'DISTRITO')":{"('0135-D-2020', 0)":"CIUDAD de BUENOS AIRES","('0135-D-2020', 1)":"TIERRA DEL FUEGO","('0135-D-2020', 2)":"CORDOBA","('0135-D-2020', 3)":"LA RIOJA","('0135-D-2020', 4)":"BUENOS AIRES","('0135-D-2020', 5)":"BUENOS AIRES","('0135-D-2020', 6)":"BUENOS AIRES","('0135-D-2020', 7)":"SAN JUAN","('0135-D-2020', 8)":"CIUDAD de BUENOS AIRES"},"('Firmantes', 'BLOQUE')":{"('0135-D-2020', 0)":"PRO","('0135-D-2020', 1)":"PRO","('0135-D-2020', 2)":"PRO","('0135-D-2020', 3)":"PRO","('0135-D-2020', 4)":"PRO","('0135-D-2020', 5)":"PRO","('0135-D-2020', 6)":"PRO","('0135-D-2020', 7)":"PRO","('0135-D-2020', 8)":"PRO"},"('Giros', 'COMISI\u00d3N')":{"('0135-D-2020', 0)":"ASUNTOS CONSTITUCIONALES","('0135-D-2020', 1)":null,"('0135-D-2020', 2)":null,"('0135-D-2020', 3)":null,"('0135-D-2020', 4)":null,"('0135-D-2020', 5)":null,"('0135-D-2020', 6)":null,"('0135-D-2020', 7)":null,"('0135-D-2020', 8)":null},"Link":{"('0135-D-2020', 0)":"https:\/\/www.hcdn.gob.ar\/proyectos\/textoCompleto.jsp?exp=0135-D-2020&tipo=DECLARACION","('0135-D-2020', 1)":null,"('0135-D-2020', 2)":null,"('0135-D-2020', 3)":null,"('0135-D-2020', 4)":null,"('0135-D-2020', 5)":null,"('0135-D-2020', 6)":null,"('0135-D-2020', 7)":null,"('0135-D-2020', 8)":null},"Palabra Clave":{"('0135-D-2020', 0)":" ","('0135-D-2020', 1)":null,"('0135-D-2020', 2)":null,"('0135-D-2020', 3)":null,"('0135-D-2020', 4)":null,"('0135-D-2020', 5)":null,"('0135-D-2020', 6)":null,"('0135-D-2020', 7)":null,"('0135-D-2020', 8)":null}}