{"Tipo de Proyecto":{"('0136-D-2020', 0)":"PROYECTO DE LEY","('0136-D-2020', 1)":null},"Iniciado en: ":{"('0136-D-2020', 0)":"Diputados","('0136-D-2020', 1)":null},"Expediente Diputados: ":{"('0136-D-2020', 0)":"0136-D-2020","('0136-D-2020', 1)":null},"Publicado en: ":{"('0136-D-2020', 0)":"Tr\u00e1mite Parlamentario N\u00b0 2","('0136-D-2020', 1)":null},"Fecha: ":{"('0136-D-2020', 0)":"03\/03\/2020","('0136-D-2020', 1)":null},"T\u00edtulo":{"('0136-D-2020', 0)":"CODIGO PENAL DE LA NACION. MODIFICACION DEL ARTICULO 80, INCORPORANDO EL DELITO DE HOMICIDIO CONTRA NI\u00d1A, NI\u00d1O O ADOLESCENTE COMETIDO POR PERSONA MAYOR.","('0136-D-2020', 1)":null},"('Firmantes', 'FIRMANTE')":{"('0136-D-2020', 0)":"NAJUL, CLAUDIA","('0136-D-2020', 1)":"ZAMARBIDE, FEDERICO RAUL"},"('Firmantes', 'DISTRITO')":{"('0136-D-2020', 0)":"MENDOZA","('0136-D-2020', 1)":"MENDOZA"},"('Firmantes', 'BLOQUE')":{"('0136-D-2020', 0)":"UCR","('0136-D-2020', 1)":"UCR"},"('Giros', 'COMISI\u00d3N')":{"('0136-D-2020', 0)":"LEGISLACION PENAL","('0136-D-2020', 1)":null},"('Tramites', 'C\u00c1MARA')":{"('0136-D-2020', 0)":"Diputados","('0136-D-2020', 1)":null},"('Tramites', 'MOVIMIENTO')":{"('0136-D-2020', 0)":"SOLICITUD DE SER COFIRMANTE DEL DIPUTADO ZAMARBIDE (A SUS ANTECEDENTES)","('0136-D-2020', 1)":null},"('Tramites', 'FECHA')":{"('0136-D-2020', 0)":null,"('0136-D-2020', 1)":null},"('Tramites', 'RESULTADO')":{"('0136-D-2020', 0)":null,"('0136-D-2020', 1)":null},"Sumario":{"('0136-D-2020', 0)":"INCORPORACION DE INCISO 13.","('0136-D-2020', 1)":null},"Palabra Clave":{"('0136-D-2020', 0)":" ","('0136-D-2020', 1)":null}}