{"Tipo de Proyecto":{"('0137-D-2020', 0)":"PROYECTO DE RESOLUCI\u00d3N","('0137-D-2020', 1)":null,"('0137-D-2020', 2)":null},"Iniciado en: ":{"('0137-D-2020', 0)":"Diputados","('0137-D-2020', 1)":null,"('0137-D-2020', 2)":null},"Expediente Diputados: ":{"('0137-D-2020', 0)":"0137-D-2020","('0137-D-2020', 1)":null,"('0137-D-2020', 2)":null},"Publicado en: ":{"('0137-D-2020', 0)":"Tr\u00e1mite Parlamentario N\u00b0 2","('0137-D-2020', 1)":null,"('0137-D-2020', 2)":null},"Fecha: ":{"('0137-D-2020', 0)":"03\/03\/2020","('0137-D-2020', 1)":null,"('0137-D-2020', 2)":null},"T\u00edtulo":{"('0137-D-2020', 0)":"EXPRESAR BENEPLACITO POR EL LANZAMIENTO OFICIAL DE LA BEBIDA A BASE DE MANI \"PITEY\", ELABORADA EN LA FACULTAD DE CIENCIAS AGROPECUARIAS DE LA UNIVERSIDAD DE CORDOBA.","('0137-D-2020', 1)":null,"('0137-D-2020', 2)":null},"('Firmantes', 'FIRMANTE')":{"('0137-D-2020', 0)":"EL SUKARIA, SOHER","('0137-D-2020', 1)":"RUARTE, ADRIANA NOEMI","('0137-D-2020', 2)":"JUEZ, LUIS ALFREDO"},"('Firmantes', 'DISTRITO')":{"('0137-D-2020', 0)":"CORDOBA","('0137-D-2020', 1)":"CORDOBA","('0137-D-2020', 2)":"CORDOBA"},"('Firmantes', 'BLOQUE')":{"('0137-D-2020', 0)":"PRO","('0137-D-2020', 1)":"PRO","('0137-D-2020', 2)":"PRO"},"('Giros', 'COMISI\u00d3N')":{"('0137-D-2020', 0)":"AGRICULTURA Y GANADERIA","('0137-D-2020', 1)":null,"('0137-D-2020', 2)":null},"('Tramites', 'C\u00c1MARA')":{"('0137-D-2020', 0)":"Diputados","('0137-D-2020', 1)":null,"('0137-D-2020', 2)":null},"('Tramites', 'MOVIMIENTO')":{"('0137-D-2020', 0)":"APROBACION ARTICULO 114 DEL REGLAMENTO DE LA H CAMARA DE DIPUTADOS; COMUNICADO EL 05\/08\/2020","('0137-D-2020', 1)":null,"('0137-D-2020', 2)":null},"('Tramites', 'FECHA')":{"('0137-D-2020', 0)":null,"('0137-D-2020', 1)":null,"('0137-D-2020', 2)":null},"('Tramites', 'RESULTADO')":{"('0137-D-2020', 0)":"APROBADO","('0137-D-2020', 1)":null,"('0137-D-2020', 2)":null},"Link":{"('0137-D-2020', 0)":"https:\/\/www.hcdn.gob.ar\/proyectos\/textoCompleto.jsp?exp=0137-D-2020&tipo=RESOLUCION","('0137-D-2020', 1)":null,"('0137-D-2020', 2)":null},"Palabra Clave":{"('0137-D-2020', 0)":" ","('0137-D-2020', 1)":null,"('0137-D-2020', 2)":null}}