{"Tipo de Proyecto":{"('0137-S-2020', 0)":"PROYECTO DE LEY"},"Iniciado en: ":{"('0137-S-2020', 0)":"Senado"},"Expediente Senado: ":{"('0137-S-2020', 0)":"0137-S-2020"},"Publicado en: ":{"('0137-S-2020', 0)":"Diario de Asuntos Entrados N\u00b0 7"},"Fecha: ":{"('0137-S-2020', 0)":"03\/03\/2020"},"T\u00edtulo":{"('0137-S-2020', 0)":"CREACION DE UNA PAGINA WEB CON DIFERENTES LINKS QUE CONTENGAN TODAS LAS LEYES, PROGRAMAS E INFORMACION REFERIDAS A LOS DERECHOS DE LA MUJER. "},"('Firmantes', 'FIRMANTE')":{"('0137-S-2020', 0)":"BASUALDO, ROBERTO GUSTAVO"},"('Firmantes', 'DISTRITO')":{"('0137-S-2020', 0)":"SAN JUAN"},"('Firmantes', 'BLOQUE')":{"('0137-S-2020', 0)":"PRODUCCION Y TRABAJO"},"Sumario":{"('0137-S-2020', 0)":"AUTORIDAD DE APLICACION A DETERMINAR POR EL PODER EJECUTIVO; INVITACION A ADHERIR."},"Palabra Clave":{"('0137-S-2020', 0)":" "}}