{"Tipo de Proyecto":{"('0138-PE-2020', 0)":"MENSAJE NRO: 0071\/20","('0138-PE-2020', 1)":null,"('0138-PE-2020', 2)":null},"Iniciado en: ":{"('0138-PE-2020', 0)":"Senado","('0138-PE-2020', 1)":null,"('0138-PE-2020', 2)":null},"Expediente Senado: ":{"('0138-PE-2020', 0)":"0138-PE-2020","('0138-PE-2020', 1)":null,"('0138-PE-2020', 2)":null},"Publicado en: ":{"('0138-PE-2020', 0)":"DAE S.A. N\u00b0 5","('0138-PE-2020', 1)":null,"('0138-PE-2020', 2)":null},"Fecha: ":{"('0138-PE-2020', 0)":"27\/08\/2020","('0138-PE-2020', 1)":null,"('0138-PE-2020', 2)":null},"T\u00edtulo":{"('0138-PE-2020', 0)":"SOLICITA ACUERDO PARA DESIGNAR VOCAL DE LA CAMARA FEDERAL DE APELACIONES DE ROSARIO, PROVINCIA DE SANTA FE, SALA A, AL DR. DANIEL EDGARDO ALONSO.","('0138-PE-2020', 1)":null,"('0138-PE-2020', 2)":null},"('Firmantes', 'FIRMANTE')":{"('0138-PE-2020', 0)":"FERNANDEZ, ALBERTO","('0138-PE-2020', 1)":"CAFIERO, SANTIAGO ANDRES","('0138-PE-2020', 2)":"LOSARDO, MARCELA MIRIAM"},"('Firmantes', 'DISTRITO')":{"('0138-PE-2020', 0)":null,"('0138-PE-2020', 1)":null,"('0138-PE-2020', 2)":null},"('Firmantes', 'BLOQUE')":{"('0138-PE-2020', 0)":"PODER EJECUTIVO","('0138-PE-2020', 1)":"PODER EJECUTIVO","('0138-PE-2020', 2)":"PODER EJECUTIVO"},"Palabra Clave":{"('0138-PE-2020', 0)":" ","('0138-PE-2020', 1)":null,"('0138-PE-2020', 2)":null}}