{"Tipo de Proyecto":{"('0140-D-2020', 0)":"PROYECTO DE RESOLUCI\u00d3N","('0140-D-2020', 1)":null,"('0140-D-2020', 2)":null,"('0140-D-2020', 3)":null,"('0140-D-2020', 4)":null,"('0140-D-2020', 5)":null,"('0140-D-2020', 6)":null},"Iniciado en: ":{"('0140-D-2020', 0)":"Diputados","('0140-D-2020', 1)":null,"('0140-D-2020', 2)":null,"('0140-D-2020', 3)":null,"('0140-D-2020', 4)":null,"('0140-D-2020', 5)":null,"('0140-D-2020', 6)":null},"Expediente Diputados: ":{"('0140-D-2020', 0)":"0140-D-2020","('0140-D-2020', 1)":null,"('0140-D-2020', 2)":null,"('0140-D-2020', 3)":null,"('0140-D-2020', 4)":null,"('0140-D-2020', 5)":null,"('0140-D-2020', 6)":null},"Publicado en: ":{"('0140-D-2020', 0)":"Tr\u00e1mite Parlamentario N\u00b0 2","('0140-D-2020', 1)":null,"('0140-D-2020', 2)":null,"('0140-D-2020', 3)":null,"('0140-D-2020', 4)":null,"('0140-D-2020', 5)":null,"('0140-D-2020', 6)":null},"Fecha: ":{"('0140-D-2020', 0)":"03\/03\/2020","('0140-D-2020', 1)":null,"('0140-D-2020', 2)":null,"('0140-D-2020', 3)":null,"('0140-D-2020', 4)":null,"('0140-D-2020', 5)":null,"('0140-D-2020', 6)":null},"T\u00edtulo":{"('0140-D-2020', 0)":"DECLARAR DE INTERES DE LA H. CAMARA EL BICENTENARIO DE LA AUTONOMIA DE LA PROVINCIA DE SANTIAGO DEL ESTERO, A CONMEMORARSE EL 27 DE ABRIL DE 2020.","('0140-D-2020', 1)":null,"('0140-D-2020', 2)":null,"('0140-D-2020', 3)":null,"('0140-D-2020', 4)":null,"('0140-D-2020', 5)":null,"('0140-D-2020', 6)":null},"('Firmantes', 'FIRMANTE')":{"('0140-D-2020', 0)":"MONTOTO, MARIA LUISA","('0140-D-2020', 1)":"BRUE, DANIEL AGUSTIN","('0140-D-2020', 2)":"NEDER, ESTELA MARY","('0140-D-2020', 3)":"NAVARRO, GRACIELA","('0140-D-2020', 4)":"HERRERA, BERNARDO JOSE","('0140-D-2020', 5)":"ABDALA DE MATARAZZO, NORMA AMANDA","('0140-D-2020', 6)":"DAIVES, RICARDO DANIEL"},"('Firmantes', 'DISTRITO')":{"('0140-D-2020', 0)":"SANTIAGO DEL ESTERO","('0140-D-2020', 1)":"SANTIAGO DEL ESTERO","('0140-D-2020', 2)":"SANTIAGO DEL ESTERO","('0140-D-2020', 3)":"SANTIAGO DEL ESTERO","('0140-D-2020', 4)":"SANTIAGO DEL ESTERO","('0140-D-2020', 5)":"SANTIAGO DEL ESTERO","('0140-D-2020', 6)":"SANTIAGO DEL ESTERO"},"('Firmantes', 'BLOQUE')":{"('0140-D-2020', 0)":"FRENTE DE TODOS","('0140-D-2020', 1)":"FRENTE DE TODOS","('0140-D-2020', 2)":"FRENTE DE TODOS","('0140-D-2020', 3)":"FRENTE DE TODOS","('0140-D-2020', 4)":"FRENTE DE TODOS","('0140-D-2020', 5)":"FRENTE DE TODOS","('0140-D-2020', 6)":"FRENTE DE TODOS"},"('Giros', 'COMISI\u00d3N')":{"('0140-D-2020', 0)":"CULTURA","('0140-D-2020', 1)":null,"('0140-D-2020', 2)":null,"('0140-D-2020', 3)":null,"('0140-D-2020', 4)":null,"('0140-D-2020', 5)":null,"('0140-D-2020', 6)":null},"Link":{"('0140-D-2020', 0)":"https:\/\/www.hcdn.gob.ar\/proyectos\/textoCompleto.jsp?exp=0140-D-2020&tipo=RESOLUCION","('0140-D-2020', 1)":null,"('0140-D-2020', 2)":null,"('0140-D-2020', 3)":null,"('0140-D-2020', 4)":null,"('0140-D-2020', 5)":null,"('0140-D-2020', 6)":null},"Palabra Clave":{"('0140-D-2020', 0)":" ","('0140-D-2020', 1)":null,"('0140-D-2020', 2)":null,"('0140-D-2020', 3)":null,"('0140-D-2020', 4)":null,"('0140-D-2020', 5)":null,"('0140-D-2020', 6)":null}}