{"Tipo de Proyecto":{"('0140-PE-2020', 0)":"MENSAJE NRO: 0073\/20","('0140-PE-2020', 1)":null,"('0140-PE-2020', 2)":null},"Iniciado en: ":{"('0140-PE-2020', 0)":"Senado","('0140-PE-2020', 1)":null,"('0140-PE-2020', 2)":null},"Expediente Senado: ":{"('0140-PE-2020', 0)":"0140-PE-2020","('0140-PE-2020', 1)":null,"('0140-PE-2020', 2)":null},"Publicado en: ":{"('0140-PE-2020', 0)":"DAE S.A. N\u00b0 5","('0140-PE-2020', 1)":null,"('0140-PE-2020', 2)":null},"Fecha: ":{"('0140-PE-2020', 0)":"27\/08\/2020","('0140-PE-2020', 1)":null,"('0140-PE-2020', 2)":null},"T\u00edtulo":{"('0140-PE-2020', 0)":"SOLICITA ACUERDO PARA DESIGNAR JUEZ DEL JUZGADO FEDERAL DE PRIMERA INSTANCIA N\u00b0 2 DE MENDOZA, PROVINCIA DE MENDOZA, AL DR. PABLO OSCAR QUIROS.","('0140-PE-2020', 1)":null,"('0140-PE-2020', 2)":null},"('Firmantes', 'FIRMANTE')":{"('0140-PE-2020', 0)":"FERNANDEZ, ALBERTO","('0140-PE-2020', 1)":"CAFIERO, SANTIAGO ANDRES","('0140-PE-2020', 2)":"LOSARDO, MARCELA MIRIAM"},"('Firmantes', 'DISTRITO')":{"('0140-PE-2020', 0)":null,"('0140-PE-2020', 1)":null,"('0140-PE-2020', 2)":null},"('Firmantes', 'BLOQUE')":{"('0140-PE-2020', 0)":"PODER EJECUTIVO","('0140-PE-2020', 1)":"PODER EJECUTIVO","('0140-PE-2020', 2)":"PODER EJECUTIVO"},"Palabra Clave":{"('0140-PE-2020', 0)":" ","('0140-PE-2020', 1)":null,"('0140-PE-2020', 2)":null}}