{"Tipo de Proyecto":{"('0141-D-2020', 0)":"PROYECTO DE DECLARACI\u00d3N","('0141-D-2020', 1)":null,"('0141-D-2020', 2)":null,"('0141-D-2020', 3)":null,"('0141-D-2020', 4)":null,"('0141-D-2020', 5)":null,"('0141-D-2020', 6)":null},"Iniciado en: ":{"('0141-D-2020', 0)":"Diputados","('0141-D-2020', 1)":null,"('0141-D-2020', 2)":null,"('0141-D-2020', 3)":null,"('0141-D-2020', 4)":null,"('0141-D-2020', 5)":null,"('0141-D-2020', 6)":null},"Expediente Diputados: ":{"('0141-D-2020', 0)":"0141-D-2020","('0141-D-2020', 1)":null,"('0141-D-2020', 2)":null,"('0141-D-2020', 3)":null,"('0141-D-2020', 4)":null,"('0141-D-2020', 5)":null,"('0141-D-2020', 6)":null},"Publicado en: ":{"('0141-D-2020', 0)":"Tr\u00e1mite Parlamentario N\u00b0 2","('0141-D-2020', 1)":null,"('0141-D-2020', 2)":null,"('0141-D-2020', 3)":null,"('0141-D-2020', 4)":null,"('0141-D-2020', 5)":null,"('0141-D-2020', 6)":null},"Fecha: ":{"('0141-D-2020', 0)":"03\/03\/2020","('0141-D-2020', 1)":null,"('0141-D-2020', 2)":null,"('0141-D-2020', 3)":null,"('0141-D-2020', 4)":null,"('0141-D-2020', 5)":null,"('0141-D-2020', 6)":null},"T\u00edtulo":{"('0141-D-2020', 0)":"EXPRESAR ADHESION POR LA CELEBRACION DEL \"DIA INTERNACIONAL DE LA MUJER\", EL 8 DE MARZO DE 2020.","('0141-D-2020', 1)":null,"('0141-D-2020', 2)":null,"('0141-D-2020', 3)":null,"('0141-D-2020', 4)":null,"('0141-D-2020', 5)":null,"('0141-D-2020', 6)":null},"('Firmantes', 'FIRMANTE')":{"('0141-D-2020', 0)":"MONTOTO, MARIA LUISA","('0141-D-2020', 1)":"NEDER, ESTELA MARY","('0141-D-2020', 2)":"ABDALA DE MATARAZZO, NORMA AMANDA","('0141-D-2020', 3)":"DAIVES, RICARDO DANIEL","('0141-D-2020', 4)":"NAVARRO, GRACIELA","('0141-D-2020', 5)":"HERRERA, BERNARDO JOSE","('0141-D-2020', 6)":"BRUE, DANIEL AGUSTIN"},"('Firmantes', 'DISTRITO')":{"('0141-D-2020', 0)":"SANTIAGO DEL ESTERO","('0141-D-2020', 1)":"SANTIAGO DEL ESTERO","('0141-D-2020', 2)":"SANTIAGO DEL ESTERO","('0141-D-2020', 3)":"SANTIAGO DEL ESTERO","('0141-D-2020', 4)":"SANTIAGO DEL ESTERO","('0141-D-2020', 5)":"SANTIAGO DEL ESTERO","('0141-D-2020', 6)":"SANTIAGO DEL ESTERO"},"('Firmantes', 'BLOQUE')":{"('0141-D-2020', 0)":"FRENTE DE TODOS","('0141-D-2020', 1)":"FRENTE DE TODOS","('0141-D-2020', 2)":"FRENTE DE TODOS","('0141-D-2020', 3)":"FRENTE DE TODOS","('0141-D-2020', 4)":"FRENTE DE TODOS","('0141-D-2020', 5)":"FRENTE DE TODOS","('0141-D-2020', 6)":"FRENTE DE TODOS"},"('Giros', 'COMISI\u00d3N')":{"('0141-D-2020', 0)":"MUJERES Y DIVERSIDAD","('0141-D-2020', 1)":null,"('0141-D-2020', 2)":null,"('0141-D-2020', 3)":null,"('0141-D-2020', 4)":null,"('0141-D-2020', 5)":null,"('0141-D-2020', 6)":null},"Link":{"('0141-D-2020', 0)":"https:\/\/www.hcdn.gob.ar\/proyectos\/textoCompleto.jsp?exp=0141-D-2020&tipo=DECLARACION","('0141-D-2020', 1)":null,"('0141-D-2020', 2)":null,"('0141-D-2020', 3)":null,"('0141-D-2020', 4)":null,"('0141-D-2020', 5)":null,"('0141-D-2020', 6)":null},"Palabra Clave":{"('0141-D-2020', 0)":" ","('0141-D-2020', 1)":null,"('0141-D-2020', 2)":null,"('0141-D-2020', 3)":null,"('0141-D-2020', 4)":null,"('0141-D-2020', 5)":null,"('0141-D-2020', 6)":null}}