{"Tipo de Proyecto":{"('0141-PE-2020', 0)":"MENSAJE NRO: 0074\/20","('0141-PE-2020', 1)":null,"('0141-PE-2020', 2)":null},"Iniciado en: ":{"('0141-PE-2020', 0)":"Senado","('0141-PE-2020', 1)":null,"('0141-PE-2020', 2)":null},"Expediente Senado: ":{"('0141-PE-2020', 0)":"0141-PE-2020","('0141-PE-2020', 1)":null,"('0141-PE-2020', 2)":null},"Publicado en: ":{"('0141-PE-2020', 0)":"DAE S.A. N\u00b0 5","('0141-PE-2020', 1)":null,"('0141-PE-2020', 2)":null},"Fecha: ":{"('0141-PE-2020', 0)":"27\/08\/2020","('0141-PE-2020', 1)":null,"('0141-PE-2020', 2)":null},"T\u00edtulo":{"('0141-PE-2020', 0)":"SOLICITA ACUERDO PARA DESIGNAR VOCAL DE LA CAMARA FEDERAL DE LA SEGURIDAD SOCIAL, SALA I, A LA DRA. VIVIANA PATRICIA PI\u00d1EIRO.","('0141-PE-2020', 1)":null,"('0141-PE-2020', 2)":null},"('Firmantes', 'FIRMANTE')":{"('0141-PE-2020', 0)":"FERNANDEZ, ALBERTO","('0141-PE-2020', 1)":"CAFIERO, SANTIAGO ANDRES","('0141-PE-2020', 2)":"LOSARDO, MARCELA MIRIAM"},"('Firmantes', 'DISTRITO')":{"('0141-PE-2020', 0)":null,"('0141-PE-2020', 1)":null,"('0141-PE-2020', 2)":null},"('Firmantes', 'BLOQUE')":{"('0141-PE-2020', 0)":"PODER EJECUTIVO","('0141-PE-2020', 1)":"PODER EJECUTIVO","('0141-PE-2020', 2)":"PODER EJECUTIVO"},"Palabra Clave":{"('0141-PE-2020', 0)":" ","('0141-PE-2020', 1)":null,"('0141-PE-2020', 2)":null}}