{"Tipo de Proyecto":{"('0141-S-2020', 0)":"PROYECTO DE LEY"},"Iniciado en: ":{"('0141-S-2020', 0)":"Senado"},"Expediente Senado: ":{"('0141-S-2020', 0)":"0141-S-2020"},"Publicado en: ":{"('0141-S-2020', 0)":"Diario de Asuntos Entrados N\u00b0 7"},"Fecha: ":{"('0141-S-2020', 0)":"03\/03\/2020"},"T\u00edtulo":{"('0141-S-2020', 0)":"MODIFICACION DE LA LEY 24522 DE CONCURSOS Y QUIEBRAS, RESPECTO AL REGIMEN DE PRIVILEGIOS PARTICULARMENTE APLICABLES A LA DISTRIBUCION DEL PRODUCIDO DE LA LIQUIDACION DE LAS QUIEBRAS (REPRODUCCION DEL EXPEDIENTE 0022-S-18)."},"('Firmantes', 'FIRMANTE')":{"('0141-S-2020', 0)":"CREXELL, CARMEN LUCILA"},"('Firmantes', 'DISTRITO')":{"('0141-S-2020', 0)":"NEUQUEN"},"('Firmantes', 'BLOQUE')":{"('0141-S-2020', 0)":"MOV POP NEUQUINO"},"Sumario":{"('0141-S-2020', 0)":"MODIFICACIONES DE LOS ARTICULOS 241 (CREDITOS CON PRIVILEGIO ESPECIAL) Y ARTICULO 247 (EXTENSION DE LOS CREDITOS CON PRIVILEGIO GENERAL)."},"Palabra Clave":{"('0141-S-2020', 0)":" "}}