{"Tipo de Proyecto":{"('0142-PE-2020', 0)":"MENSAJE NRO: 0075\/20","('0142-PE-2020', 1)":null,"('0142-PE-2020', 2)":null},"Iniciado en: ":{"('0142-PE-2020', 0)":"Senado","('0142-PE-2020', 1)":null,"('0142-PE-2020', 2)":null},"Expediente Senado: ":{"('0142-PE-2020', 0)":"0142-PE-2020","('0142-PE-2020', 1)":null,"('0142-PE-2020', 2)":null},"Publicado en: ":{"('0142-PE-2020', 0)":"DAE S.A. N\u00b0 5","('0142-PE-2020', 1)":null,"('0142-PE-2020', 2)":null},"Fecha: ":{"('0142-PE-2020', 0)":"27\/08\/2020","('0142-PE-2020', 1)":null,"('0142-PE-2020', 2)":null},"T\u00edtulo":{"('0142-PE-2020', 0)":"SOLICITA ACUERDO PARA DESIGNAR DEFENSORA AUXILIAR DE LA DEFENSORIA GENERAL DE LA NACION, A LA DRA. MARTINA GOMEZ ROMERO","('0142-PE-2020', 1)":null,"('0142-PE-2020', 2)":null},"('Firmantes', 'FIRMANTE')":{"('0142-PE-2020', 0)":"FERNANDEZ, ALBERTO","('0142-PE-2020', 1)":"CAFIERO, SANTIAGO ANDRES","('0142-PE-2020', 2)":"LOSARDO, MARCELA MIRIAM"},"('Firmantes', 'DISTRITO')":{"('0142-PE-2020', 0)":null,"('0142-PE-2020', 1)":null,"('0142-PE-2020', 2)":null},"('Firmantes', 'BLOQUE')":{"('0142-PE-2020', 0)":"PODER EJECUTIVO","('0142-PE-2020', 1)":"PODER EJECUTIVO","('0142-PE-2020', 2)":"PODER EJECUTIVO"},"Palabra Clave":{"('0142-PE-2020', 0)":" ","('0142-PE-2020', 1)":null,"('0142-PE-2020', 2)":null}}