{"Tipo de Proyecto":{"('0142-D-2020', 0)":"PROYECTO DE DECLARACI\u00d3N","('0142-D-2020', 1)":null,"('0142-D-2020', 2)":null,"('0142-D-2020', 3)":null,"('0142-D-2020', 4)":null,"('0142-D-2020', 5)":null,"('0142-D-2020', 6)":null,"('0142-D-2020', 7)":null,"('0142-D-2020', 8)":null,"('0142-D-2020', 9)":null},"Iniciado en: ":{"('0142-D-2020', 0)":"Diputados","('0142-D-2020', 1)":null,"('0142-D-2020', 2)":null,"('0142-D-2020', 3)":null,"('0142-D-2020', 4)":null,"('0142-D-2020', 5)":null,"('0142-D-2020', 6)":null,"('0142-D-2020', 7)":null,"('0142-D-2020', 8)":null,"('0142-D-2020', 9)":null},"Expediente Diputados: ":{"('0142-D-2020', 0)":"0142-D-2020","('0142-D-2020', 1)":null,"('0142-D-2020', 2)":null,"('0142-D-2020', 3)":null,"('0142-D-2020', 4)":null,"('0142-D-2020', 5)":null,"('0142-D-2020', 6)":null,"('0142-D-2020', 7)":null,"('0142-D-2020', 8)":null,"('0142-D-2020', 9)":null},"Publicado en: ":{"('0142-D-2020', 0)":"Tr\u00e1mite Parlamentario N\u00b0 2","('0142-D-2020', 1)":null,"('0142-D-2020', 2)":null,"('0142-D-2020', 3)":null,"('0142-D-2020', 4)":null,"('0142-D-2020', 5)":null,"('0142-D-2020', 6)":null,"('0142-D-2020', 7)":null,"('0142-D-2020', 8)":null,"('0142-D-2020', 9)":null},"Fecha: ":{"('0142-D-2020', 0)":"03\/03\/2020","('0142-D-2020', 1)":null,"('0142-D-2020', 2)":null,"('0142-D-2020', 3)":null,"('0142-D-2020', 4)":null,"('0142-D-2020', 5)":null,"('0142-D-2020', 6)":null,"('0142-D-2020', 7)":null,"('0142-D-2020', 8)":null,"('0142-D-2020', 9)":null},"T\u00edtulo":{"('0142-D-2020', 0)":"DECLARAR DE INTERES DE LA H. CAMARA EL PROYECTO \"MEMORIA ESCOLAR\", QUE TIENE COMO OBJETIVO FOTOGRAFIAR EN FORMA  GRATUITA A ALUMNOS Y DOCENTES DE ESCUELAS  PRIMARIAS RURALES.","('0142-D-2020', 1)":null,"('0142-D-2020', 2)":null,"('0142-D-2020', 3)":null,"('0142-D-2020', 4)":null,"('0142-D-2020', 5)":null,"('0142-D-2020', 6)":null,"('0142-D-2020', 7)":null,"('0142-D-2020', 8)":null,"('0142-D-2020', 9)":null},"('Firmantes', 'FIRMANTE')":{"('0142-D-2020', 0)":"HERNANDEZ, ESTELA","('0142-D-2020', 1)":"PENACCA, PAULA ANDREA","('0142-D-2020', 2)":"BRUE, DANIEL AGUSTIN","('0142-D-2020', 3)":"CALIVA, LIA VERONICA","('0142-D-2020', 4)":"ASSEFF, ALBERTO","('0142-D-2020', 5)":"VALLEJOS, FERNANDA","('0142-D-2020', 6)":"SELVA, CARLOS AMERICO","('0142-D-2020', 7)":"MASIN, MARIA LUCILA","('0142-D-2020', 8)":"MARZIOTTA, GISELA","('0142-D-2020', 9)":"GONZALEZ, PABLO GERARDO"},"('Firmantes', 'DISTRITO')":{"('0142-D-2020', 0)":"CHUBUT","('0142-D-2020', 1)":"CIUDAD de BUENOS AIRES","('0142-D-2020', 2)":"SANTIAGO DEL ESTERO","('0142-D-2020', 3)":"SALTA","('0142-D-2020', 4)":"BUENOS AIRES","('0142-D-2020', 5)":"BUENOS AIRES","('0142-D-2020', 6)":"BUENOS AIRES","('0142-D-2020', 7)":"CHACO","('0142-D-2020', 8)":"CIUDAD de BUENOS AIRES","('0142-D-2020', 9)":"SANTA CRUZ"},"('Firmantes', 'BLOQUE')":{"('0142-D-2020', 0)":"FRENTE DE TODOS","('0142-D-2020', 1)":"FRENTE DE TODOS","('0142-D-2020', 2)":"FRENTE DE TODOS","('0142-D-2020', 3)":"FRENTE DE TODOS","('0142-D-2020', 4)":"PRO","('0142-D-2020', 5)":"FRENTE DE TODOS","('0142-D-2020', 6)":"FRENTE DE TODOS","('0142-D-2020', 7)":"FRENTE DE TODOS","('0142-D-2020', 8)":"FRENTE DE TODOS","('0142-D-2020', 9)":"FRENTE DE TODOS"},"('Giros', 'COMISI\u00d3N')":{"('0142-D-2020', 0)":"CULTURA","('0142-D-2020', 1)":null,"('0142-D-2020', 2)":null,"('0142-D-2020', 3)":null,"('0142-D-2020', 4)":null,"('0142-D-2020', 5)":null,"('0142-D-2020', 6)":null,"('0142-D-2020', 7)":null,"('0142-D-2020', 8)":null,"('0142-D-2020', 9)":null},"('Tramites', 'C\u00c1MARA')":{"('0142-D-2020', 0)":"Diputados","('0142-D-2020', 1)":"Diputados","('0142-D-2020', 2)":null,"('0142-D-2020', 3)":null,"('0142-D-2020', 4)":null,"('0142-D-2020', 5)":null,"('0142-D-2020', 6)":null,"('0142-D-2020', 7)":null,"('0142-D-2020', 8)":null,"('0142-D-2020', 9)":null},"('Tramites', 'MOVIMIENTO')":{"('0142-D-2020', 0)":"SOLICITUD DE SER COFIRMANTE DE LA DIPUTADA MARZIOTTA (A SUS ANTECEDENTES)","('0142-D-2020', 1)":"SOLICITUD DE SER COFIRMANTE DEL DIPUTADO PABLO GONZALEZ (A SUS ANTECEDENTES)","('0142-D-2020', 2)":null,"('0142-D-2020', 3)":null,"('0142-D-2020', 4)":null,"('0142-D-2020', 5)":null,"('0142-D-2020', 6)":null,"('0142-D-2020', 7)":null,"('0142-D-2020', 8)":null,"('0142-D-2020', 9)":null},"('Tramites', 'FECHA')":{"('0142-D-2020', 0)":null,"('0142-D-2020', 1)":null,"('0142-D-2020', 2)":null,"('0142-D-2020', 3)":null,"('0142-D-2020', 4)":null,"('0142-D-2020', 5)":null,"('0142-D-2020', 6)":null,"('0142-D-2020', 7)":null,"('0142-D-2020', 8)":null,"('0142-D-2020', 9)":null},"('Tramites', 'RESULTADO')":{"('0142-D-2020', 0)":null,"('0142-D-2020', 1)":null,"('0142-D-2020', 2)":null,"('0142-D-2020', 3)":null,"('0142-D-2020', 4)":null,"('0142-D-2020', 5)":null,"('0142-D-2020', 6)":null,"('0142-D-2020', 7)":null,"('0142-D-2020', 8)":null,"('0142-D-2020', 9)":null},"Link":{"('0142-D-2020', 0)":"https:\/\/www.hcdn.gob.ar\/proyectos\/textoCompleto.jsp?exp=0142-D-2020&tipo=DECLARACION","('0142-D-2020', 1)":null,"('0142-D-2020', 2)":null,"('0142-D-2020', 3)":null,"('0142-D-2020', 4)":null,"('0142-D-2020', 5)":null,"('0142-D-2020', 6)":null,"('0142-D-2020', 7)":null,"('0142-D-2020', 8)":null,"('0142-D-2020', 9)":null},"Palabra Clave":{"('0142-D-2020', 0)":" ","('0142-D-2020', 1)":null,"('0142-D-2020', 2)":null,"('0142-D-2020', 3)":null,"('0142-D-2020', 4)":null,"('0142-D-2020', 5)":null,"('0142-D-2020', 6)":null,"('0142-D-2020', 7)":null,"('0142-D-2020', 8)":null,"('0142-D-2020', 9)":null}}