{"Tipo de Proyecto":{"('0143-PE-2020', 0)":"MENSAJE NRO: 0076\/20","('0143-PE-2020', 1)":null,"('0143-PE-2020', 2)":null},"Iniciado en: ":{"('0143-PE-2020', 0)":"Senado","('0143-PE-2020', 1)":null,"('0143-PE-2020', 2)":null},"Expediente Senado: ":{"('0143-PE-2020', 0)":"0143-PE-2020","('0143-PE-2020', 1)":null,"('0143-PE-2020', 2)":null},"Publicado en: ":{"('0143-PE-2020', 0)":"DAE S.A. N\u00b0 5","('0143-PE-2020', 1)":null,"('0143-PE-2020', 2)":null},"Fecha: ":{"('0143-PE-2020', 0)":"27\/08\/2020","('0143-PE-2020', 1)":null,"('0143-PE-2020', 2)":null},"T\u00edtulo":{"('0143-PE-2020', 0)":"SOLICITA ACUERDO PARA DESIGNAR VOCAL DE LA CAMARA FEDERAL DE LA SEGURIDAD SOCIAL, SALA II, AL DOCTOR JUAN ALBERTO FANTINI ALBARENQUE","('0143-PE-2020', 1)":null,"('0143-PE-2020', 2)":null},"('Firmantes', 'FIRMANTE')":{"('0143-PE-2020', 0)":"FERNANDEZ, ALBERTO","('0143-PE-2020', 1)":"CAFIERO, SANTIAGO ANDRES","('0143-PE-2020', 2)":"LOSARDO, MARCELA MIRIAM"},"('Firmantes', 'DISTRITO')":{"('0143-PE-2020', 0)":null,"('0143-PE-2020', 1)":null,"('0143-PE-2020', 2)":null},"('Firmantes', 'BLOQUE')":{"('0143-PE-2020', 0)":"PODER EJECUTIVO","('0143-PE-2020', 1)":"PODER EJECUTIVO","('0143-PE-2020', 2)":"PODER EJECUTIVO"},"Palabra Clave":{"('0143-PE-2020', 0)":" ","('0143-PE-2020', 1)":null,"('0143-PE-2020', 2)":null}}