{"Tipo de Proyecto":{"('0144-D-2020', 0)":"PROYECTO DE RESOLUCI\u00d3N","('0144-D-2020', 1)":null,"('0144-D-2020', 2)":null,"('0144-D-2020', 3)":null},"Iniciado en: ":{"('0144-D-2020', 0)":"Diputados","('0144-D-2020', 1)":null,"('0144-D-2020', 2)":null,"('0144-D-2020', 3)":null},"Expediente Diputados: ":{"('0144-D-2020', 0)":"0144-D-2020","('0144-D-2020', 1)":null,"('0144-D-2020', 2)":null,"('0144-D-2020', 3)":null},"Publicado en: ":{"('0144-D-2020', 0)":"Tr\u00e1mite Parlamentario N\u00b0 2","('0144-D-2020', 1)":null,"('0144-D-2020', 2)":null,"('0144-D-2020', 3)":null},"Fecha: ":{"('0144-D-2020', 0)":"03\/03\/2020","('0144-D-2020', 1)":null,"('0144-D-2020', 2)":null,"('0144-D-2020', 3)":null},"T\u00edtulo":{"('0144-D-2020', 0)":"PEDIDO DE INFORMES AL PODER EJECUTIVO SOBRE DIVERSAS CUESTIONES RELACIONADAS CON EL RETIRO DE LA GENDARMERIA NACIONAL DE LAS LOCALIDADES DE CUTRAL CO - PLAZA HUINCUL, PROVINCIA DEL NEUQUEN.","('0144-D-2020', 1)":null,"('0144-D-2020', 2)":null,"('0144-D-2020', 3)":null},"('Firmantes', 'FIRMANTE')":{"('0144-D-2020', 0)":"SANCHEZ, FRANCISCO","('0144-D-2020', 1)":"SCHLERETH, DAVID PABLO","('0144-D-2020', 2)":"RITONDO, CRISTIAN ADRIAN","('0144-D-2020', 3)":"WOLFF, WALDO EZEQUIEL"},"('Firmantes', 'DISTRITO')":{"('0144-D-2020', 0)":"NEUQUEN","('0144-D-2020', 1)":"NEUQUEN","('0144-D-2020', 2)":"BUENOS AIRES","('0144-D-2020', 3)":"BUENOS AIRES"},"('Firmantes', 'BLOQUE')":{"('0144-D-2020', 0)":"PRO","('0144-D-2020', 1)":"PRO","('0144-D-2020', 2)":"PRO","('0144-D-2020', 3)":"PRO"},"('Giros', 'COMISI\u00d3N')":{"('0144-D-2020', 0)":"SEGURIDAD INTERIOR","('0144-D-2020', 1)":null,"('0144-D-2020', 2)":null,"('0144-D-2020', 3)":null},"Link":{"('0144-D-2020', 0)":"https:\/\/www.hcdn.gob.ar\/proyectos\/textoCompleto.jsp?exp=0144-D-2020&tipo=RESOLUCION","('0144-D-2020', 1)":null,"('0144-D-2020', 2)":null,"('0144-D-2020', 3)":null},"Palabra Clave":{"('0144-D-2020', 0)":" ","('0144-D-2020', 1)":null,"('0144-D-2020', 2)":null,"('0144-D-2020', 3)":null}}