{"Tipo de Proyecto":{"('0144-PE-2020', 0)":"MENSAJE NRO: 0077\/20","('0144-PE-2020', 1)":null,"('0144-PE-2020', 2)":null},"Iniciado en: ":{"('0144-PE-2020', 0)":"Senado","('0144-PE-2020', 1)":null,"('0144-PE-2020', 2)":null},"Expediente Senado: ":{"('0144-PE-2020', 0)":"0144-PE-2020","('0144-PE-2020', 1)":null,"('0144-PE-2020', 2)":null},"Publicado en: ":{"('0144-PE-2020', 0)":"DAE S.A. N\u00b0 5","('0144-PE-2020', 1)":null,"('0144-PE-2020', 2)":null},"Fecha: ":{"('0144-PE-2020', 0)":"27\/08\/2020","('0144-PE-2020', 1)":null,"('0144-PE-2020', 2)":null},"T\u00edtulo":{"('0144-PE-2020', 0)":"SOLICITA ACUERDO PARA DESIGNAR JUEZA DEL JUZGADO FEDERAL DE PRIMERA INSTANCIA DE GENERAL PICO, PROVINCIA DE LA PAMPA, A LA DRA. IVANA SOLEDAD HERNANDEZ","('0144-PE-2020', 1)":null,"('0144-PE-2020', 2)":null},"('Firmantes', 'FIRMANTE')":{"('0144-PE-2020', 0)":"FERNANDEZ, ALBERTO","('0144-PE-2020', 1)":"CAFIERO, SANTIAGO ANDRES","('0144-PE-2020', 2)":"LOSARDO, MARCELA MIRIAM"},"('Firmantes', 'DISTRITO')":{"('0144-PE-2020', 0)":null,"('0144-PE-2020', 1)":null,"('0144-PE-2020', 2)":null},"('Firmantes', 'BLOQUE')":{"('0144-PE-2020', 0)":"PODER EJECUTIVO","('0144-PE-2020', 1)":"PODER EJECUTIVO","('0144-PE-2020', 2)":"PODER EJECUTIVO"},"Palabra Clave":{"('0144-PE-2020', 0)":" ","('0144-PE-2020', 1)":null,"('0144-PE-2020', 2)":null}}