{"Tipo de Proyecto":{"('0145-D-2020', 0)":"PROYECTO DE RESOLUCI\u00d3N","('0145-D-2020', 1)":null,"('0145-D-2020', 2)":null,"('0145-D-2020', 3)":null,"('0145-D-2020', 4)":null},"Iniciado en: ":{"('0145-D-2020', 0)":"Diputados","('0145-D-2020', 1)":null,"('0145-D-2020', 2)":null,"('0145-D-2020', 3)":null,"('0145-D-2020', 4)":null},"Expediente Diputados: ":{"('0145-D-2020', 0)":"0145-D-2020","('0145-D-2020', 1)":null,"('0145-D-2020', 2)":null,"('0145-D-2020', 3)":null,"('0145-D-2020', 4)":null},"Publicado en: ":{"('0145-D-2020', 0)":"Tr\u00e1mite Parlamentario N\u00b0 2","('0145-D-2020', 1)":null,"('0145-D-2020', 2)":null,"('0145-D-2020', 3)":null,"('0145-D-2020', 4)":null},"Fecha: ":{"('0145-D-2020', 0)":"03\/03\/2020","('0145-D-2020', 1)":null,"('0145-D-2020', 2)":null,"('0145-D-2020', 3)":null,"('0145-D-2020', 4)":null},"T\u00edtulo":{"('0145-D-2020', 0)":"EXPRESAR PREOCUPACION POR EL RETIRO DE LA GENDARMERIA NACIONAL DE LAS LOCALIDADES DE CUTRAL CO - PLAZA HUINCUL, PROVINCIA DEL NEUQUEN.","('0145-D-2020', 1)":null,"('0145-D-2020', 2)":null,"('0145-D-2020', 3)":null,"('0145-D-2020', 4)":null},"('Firmantes', 'FIRMANTE')":{"('0145-D-2020', 0)":"SANCHEZ, FRANCISCO","('0145-D-2020', 1)":"SCHLERETH, DAVID PABLO","('0145-D-2020', 2)":"WOLFF, WALDO EZEQUIEL","('0145-D-2020', 3)":"TORRES, IGNACIO AGUSTIN","('0145-D-2020', 4)":"RITONDO, CRISTIAN ADRIAN"},"('Firmantes', 'DISTRITO')":{"('0145-D-2020', 0)":"NEUQUEN","('0145-D-2020', 1)":"NEUQUEN","('0145-D-2020', 2)":"BUENOS AIRES","('0145-D-2020', 3)":"CHUBUT","('0145-D-2020', 4)":"BUENOS AIRES"},"('Firmantes', 'BLOQUE')":{"('0145-D-2020', 0)":"PRO","('0145-D-2020', 1)":"PRO","('0145-D-2020', 2)":"PRO","('0145-D-2020', 3)":"PRO","('0145-D-2020', 4)":"PRO"},"('Giros', 'COMISI\u00d3N')":{"('0145-D-2020', 0)":"SEGURIDAD INTERIOR","('0145-D-2020', 1)":null,"('0145-D-2020', 2)":null,"('0145-D-2020', 3)":null,"('0145-D-2020', 4)":null},"Link":{"('0145-D-2020', 0)":"https:\/\/www.hcdn.gob.ar\/proyectos\/textoCompleto.jsp?exp=0145-D-2020&tipo=RESOLUCION","('0145-D-2020', 1)":null,"('0145-D-2020', 2)":null,"('0145-D-2020', 3)":null,"('0145-D-2020', 4)":null},"Palabra Clave":{"('0145-D-2020', 0)":" ","('0145-D-2020', 1)":null,"('0145-D-2020', 2)":null,"('0145-D-2020', 3)":null,"('0145-D-2020', 4)":null}}