{"Tipo de Proyecto":{"('0145-S-2020', 0)":"PROYECTO DE LEY"},"Iniciado en: ":{"('0145-S-2020', 0)":"Senado"},"Expediente Senado: ":{"('0145-S-2020', 0)":"0145-S-2020"},"Publicado en: ":{"('0145-S-2020', 0)":"Diario de Asuntos Entrados N\u00b0 8"},"Fecha: ":{"('0145-S-2020', 0)":"03\/03\/2020"},"T\u00edtulo":{"('0145-S-2020', 0)":"MODIFICACION DEL REGIMEN QUE REGULA LAS PRESTACIONES DE SALUD, RESPECTO DE GARANTIZAR EL DERECHO DE OPCION Y LA LIBRE ELECCION DE LA OBRA SOCIAL DE SU CONVENIENCIA (REPRODUCCION DEL EXPEDIENTE 0044-S-18)."},"('Firmantes', 'FIRMANTE')":{"('0145-S-2020', 0)":"CREXELL, CARMEN LUCILA"},"('Firmantes', 'DISTRITO')":{"('0145-S-2020', 0)":"NEUQUEN"},"('Firmantes', 'BLOQUE')":{"('0145-S-2020', 0)":"MOV POP NEUQUINO"},"Sumario":{"('0145-S-2020', 0)":"LEYES 23660, 23661, 23980, 15414, 20382 Y OTRAS CREADAS POR LEY NACIONAL; DERECHO A OPCION; EJERCICIO; INVITACION A ADHERIR."},"Palabra Clave":{"('0145-S-2020', 0)":" "}}