{"Tipo de Proyecto":{"('0146-D-2020', 0)":"PROYECTO DE RESOLUCI\u00d3N","('0146-D-2020', 1)":null,"('0146-D-2020', 2)":null,"('0146-D-2020', 3)":null,"('0146-D-2020', 4)":null,"('0146-D-2020', 5)":null},"Iniciado en: ":{"('0146-D-2020', 0)":"Diputados","('0146-D-2020', 1)":null,"('0146-D-2020', 2)":null,"('0146-D-2020', 3)":null,"('0146-D-2020', 4)":null,"('0146-D-2020', 5)":null},"Expediente Diputados: ":{"('0146-D-2020', 0)":"0146-D-2020","('0146-D-2020', 1)":null,"('0146-D-2020', 2)":null,"('0146-D-2020', 3)":null,"('0146-D-2020', 4)":null,"('0146-D-2020', 5)":null},"Publicado en: ":{"('0146-D-2020', 0)":"Tr\u00e1mite Parlamentario N\u00b0 2","('0146-D-2020', 1)":null,"('0146-D-2020', 2)":null,"('0146-D-2020', 3)":null,"('0146-D-2020', 4)":null,"('0146-D-2020', 5)":null},"Fecha: ":{"('0146-D-2020', 0)":"03\/03\/2020","('0146-D-2020', 1)":null,"('0146-D-2020', 2)":null,"('0146-D-2020', 3)":null,"('0146-D-2020', 4)":null,"('0146-D-2020', 5)":null},"T\u00edtulo":{"('0146-D-2020', 0)":"PEDIDO DE INFORMES AL PODER EJECUTIVO SOBRE LA SUSPENSION DE LA PUBLICACION DE LAS SOLICITUDES DE AUTORIZACION DE EXPORTACIONES DE GAS NATURAL A PARTIR DEL 10 DE DICIEMBRE DE 2019, Y OTRAS CUESTIONES CONEXAS. ","('0146-D-2020', 1)":null,"('0146-D-2020', 2)":null,"('0146-D-2020', 3)":null,"('0146-D-2020', 4)":null,"('0146-D-2020', 5)":null},"('Firmantes', 'FIRMANTE')":{"('0146-D-2020', 0)":"SANCHEZ, FRANCISCO","('0146-D-2020', 1)":"SCHLERETH, DAVID PABLO","('0146-D-2020', 2)":"EL SUKARIA, SOHER","('0146-D-2020', 3)":"MENNA, GUSTAVO","('0146-D-2020', 4)":"ENRIQUEZ, JORGE RICARDO","('0146-D-2020', 5)":"NAJUL, CLAUDIA"},"('Firmantes', 'DISTRITO')":{"('0146-D-2020', 0)":"NEUQUEN","('0146-D-2020', 1)":"NEUQUEN","('0146-D-2020', 2)":"CORDOBA","('0146-D-2020', 3)":"CHUBUT","('0146-D-2020', 4)":"CIUDAD de BUENOS AIRES","('0146-D-2020', 5)":"MENDOZA"},"('Firmantes', 'BLOQUE')":{"('0146-D-2020', 0)":"PRO","('0146-D-2020', 1)":"PRO","('0146-D-2020', 2)":"PRO","('0146-D-2020', 3)":"UCR","('0146-D-2020', 4)":"PRO","('0146-D-2020', 5)":"UCR"},"('Giros', 'COMISI\u00d3N')":{"('0146-D-2020', 0)":"ENERGIA Y COMBUSTIBLES","('0146-D-2020', 1)":null,"('0146-D-2020', 2)":null,"('0146-D-2020', 3)":null,"('0146-D-2020', 4)":null,"('0146-D-2020', 5)":null},"Link":{"('0146-D-2020', 0)":"https:\/\/www.hcdn.gob.ar\/proyectos\/textoCompleto.jsp?exp=0146-D-2020&tipo=RESOLUCION","('0146-D-2020', 1)":null,"('0146-D-2020', 2)":null,"('0146-D-2020', 3)":null,"('0146-D-2020', 4)":null,"('0146-D-2020', 5)":null},"Palabra Clave":{"('0146-D-2020', 0)":" ","('0146-D-2020', 1)":null,"('0146-D-2020', 2)":null,"('0146-D-2020', 3)":null,"('0146-D-2020', 4)":null,"('0146-D-2020', 5)":null}}