{"Tipo de Proyecto":{"('0147-S-2020', 0)":"PROYECTO DE LEY"},"Iniciado en: ":{"('0147-S-2020', 0)":"Senado"},"Expediente Senado: ":{"('0147-S-2020', 0)":"0147-S-2020"},"Publicado en: ":{"('0147-S-2020', 0)":"Diario de Asuntos Entrados N\u00b0 8"},"Fecha: ":{"('0147-S-2020', 0)":"03\/03\/2020"},"T\u00edtulo":{"('0147-S-2020', 0)":"MODIFICACION DE LA LEY 24522 (CONCURSOS Y QUIEBRAS) RESPECTO DE LA SITUACION DE LOS DENOMINADOS \"ACREEDORES INVOLUNTARIOS O EXTRACONTRACTUALES\" (REPRODUCCION DEL EXPEDIENTE 0376-S-18)."},"('Firmantes', 'FIRMANTE')":{"('0147-S-2020', 0)":"CREXELL, CARMEN LUCILA"},"('Firmantes', 'DISTRITO')":{"('0147-S-2020', 0)":"NEUQUEN"},"('Firmantes', 'BLOQUE')":{"('0147-S-2020', 0)":"MOV POP NEUQUINO"},"Sumario":{"('0147-S-2020', 0)":"MODIFICACION DEL ARTICULO 16 ACTOS PROHIBIDOS; DEL ARTICULO 19 INTERESES; DEL ARTICULO 41 CLASIFICACION Y AGRUPAMIENTO DE ACREEDORES EN CATEGORIAS; DEL ARTICULO 183 FONDOS DEL CONCURSO; DEL ARTICULO 246 CREDITOS CON PRIVILEGIOS GENERALES; DEL ARTICULO 247 EXTENSION DE LOS CREDITOS CON PRIVILEGIO GENERAL."},"Palabra Clave":{"('0147-S-2020', 0)":" "}}