{"Tipo de Proyecto":{"('0147-PE-2020', 0)":"MENSAJE NRO: 0080\/20","('0147-PE-2020', 1)":null,"('0147-PE-2020', 2)":null},"Iniciado en: ":{"('0147-PE-2020', 0)":"Senado","('0147-PE-2020', 1)":null,"('0147-PE-2020', 2)":null},"Expediente Senado: ":{"('0147-PE-2020', 0)":"0147-PE-2020","('0147-PE-2020', 1)":null,"('0147-PE-2020', 2)":null},"Publicado en: ":{"('0147-PE-2020', 0)":"DAE S.A. N\u00b0 6","('0147-PE-2020', 1)":null,"('0147-PE-2020', 2)":null},"Fecha: ":{"('0147-PE-2020', 0)":"27\/08\/2020","('0147-PE-2020', 1)":null,"('0147-PE-2020', 2)":null},"T\u00edtulo":{"('0147-PE-2020', 0)":"SOLICITA ACUERDO PARA DESIGNAR DEFENSOR AUXILIAR DE LA DEFENSORIA GENERAL DE LA NACION, AL DR. RAMIRO JAVIER RUA.","('0147-PE-2020', 1)":null,"('0147-PE-2020', 2)":null},"('Firmantes', 'FIRMANTE')":{"('0147-PE-2020', 0)":"FERNANDEZ, ALBERTO","('0147-PE-2020', 1)":"CAFIERO, SANTIAGO ANDRES","('0147-PE-2020', 2)":"LOSARDO, MARCELA MIRIAM"},"('Firmantes', 'DISTRITO')":{"('0147-PE-2020', 0)":null,"('0147-PE-2020', 1)":null,"('0147-PE-2020', 2)":null},"('Firmantes', 'BLOQUE')":{"('0147-PE-2020', 0)":"PODER EJECUTIVO","('0147-PE-2020', 1)":"PODER EJECUTIVO","('0147-PE-2020', 2)":"PODER EJECUTIVO"},"Palabra Clave":{"('0147-PE-2020', 0)":" ","('0147-PE-2020', 1)":null,"('0147-PE-2020', 2)":null}}