{"Tipo de Proyecto":{"('0148-D-2020', 0)":"PROYECTO DE LEY","('0148-D-2020', 1)":null},"Iniciado en: ":{"('0148-D-2020', 0)":"Diputados","('0148-D-2020', 1)":null},"Expediente Diputados: ":{"('0148-D-2020', 0)":"0148-D-2020","('0148-D-2020', 1)":null},"Publicado en: ":{"('0148-D-2020', 0)":"Tr\u00e1mite Parlamentario N\u00b0 2","('0148-D-2020', 1)":null},"Fecha: ":{"('0148-D-2020', 0)":"03\/03\/2020","('0148-D-2020', 1)":null},"T\u00edtulo":{"('0148-D-2020', 0)":"MODIFICACION DEL ARTICULO 2 Y SUSTITUCION DEL ARTICULO 3 DE LA LEY 25649, UTILIZACION DE MEDICAMENTOS POR SU NOMBRE GENERICO.","('0148-D-2020', 1)":null},"('Firmantes', 'FIRMANTE')":{"('0148-D-2020', 0)":"GAILLARD, ANA CAROLINA","('0148-D-2020', 1)":null},"('Firmantes', 'DISTRITO')":{"('0148-D-2020', 0)":"ENTRE RIOS","('0148-D-2020', 1)":null},"('Firmantes', 'BLOQUE')":{"('0148-D-2020', 0)":"FRENTE DE TODOS","('0148-D-2020', 1)":null},"('Giros', 'COMISI\u00d3N')":{"('0148-D-2020', 0)":"ACCION SOCIAL Y SALUD PUBLICA","('0148-D-2020', 1)":"DEFENSA DEL CONSUMIDOR, DEL USUARIO Y DE LA COMPETENCIA"},"Link":{"('0148-D-2020', 0)":"https:\/\/www.hcdn.gob.ar\/proyectos\/textoCompleto.jsp?exp=0148-D-2020&tipo=LEY","('0148-D-2020', 1)":null},"Palabra Clave":{"('0148-D-2020', 0)":" ","('0148-D-2020', 1)":null}}