{"Tipo de Proyecto":{"('0149-D-2020', 0)":"PROYECTO DE LEY","('0149-D-2020', 1)":null},"Iniciado en: ":{"('0149-D-2020', 0)":"Diputados","('0149-D-2020', 1)":null},"Expediente Diputados: ":{"('0149-D-2020', 0)":"0149-D-2020","('0149-D-2020', 1)":null},"Publicado en: ":{"('0149-D-2020', 0)":"Tr\u00e1mite Parlamentario N\u00b0 2","('0149-D-2020', 1)":null},"Fecha: ":{"('0149-D-2020', 0)":"03\/03\/2020","('0149-D-2020', 1)":null},"T\u00edtulo":{"('0149-D-2020', 0)":"DECLARESE DE INTERES NACIONAL EL CONTROL DE LA FIBROMIALGIA, SINDROME DE FATIGA CRONICA Y LA SENSIBILIDAD QUIMICA MULTIPLE.","('0149-D-2020', 1)":null},"('Firmantes', 'FIRMANTE')":{"('0149-D-2020', 0)":"GAILLARD, ANA CAROLINA","('0149-D-2020', 1)":null},"('Firmantes', 'DISTRITO')":{"('0149-D-2020', 0)":"ENTRE RIOS","('0149-D-2020', 1)":null},"('Firmantes', 'BLOQUE')":{"('0149-D-2020', 0)":"FRENTE DE TODOS","('0149-D-2020', 1)":null},"('Giros', 'COMISI\u00d3N')":{"('0149-D-2020', 0)":"ACCION SOCIAL Y SALUD PUBLICA","('0149-D-2020', 1)":"PRESUPUESTO Y HACIENDA"},"Sumario":{"('0149-D-2020', 0)":"AUTORIDAD DE APLICACION: MINISTERIO DE SALUD; DIAGNOSTICO DE LAS PATOLOGIAS; INCORPORACION AL PROGRAMA MEDICO OBLIGATORIO (PMO); COBERTURA MEDICO ASISTENCIAL; INGRESO O CONTINUIDAD EN LA RELACION LABORAL.","('0149-D-2020', 1)":null},"Palabra Clave":{"('0149-D-2020', 0)":" ","('0149-D-2020', 1)":null}}