{"Tipo de Proyecto":{"('0149-S-2020', 0)":"PROYECTO DE LEY"},"Iniciado en: ":{"('0149-S-2020', 0)":"Senado"},"Expediente Senado: ":{"('0149-S-2020', 0)":"0149-S-2020"},"Publicado en: ":{"('0149-S-2020', 0)":"Diario de Asuntos Entrados N\u00b0 8"},"Fecha: ":{"('0149-S-2020', 0)":"03\/03\/2020"},"T\u00edtulo":{"('0149-S-2020', 0)":"PROMOCION Y USO DE VEHICULOS ELECTRICOS (REPRODUCCION DEL EXPEDIENTE 2122-S-18)."},"('Firmantes', 'FIRMANTE')":{"('0149-S-2020', 0)":"CREXELL, CARMEN LUCILA"},"('Firmantes', 'DISTRITO')":{"('0149-S-2020', 0)":"NEUQUEN"},"('Firmantes', 'BLOQUE')":{"('0149-S-2020', 0)":"MOV POP NEUQUINO"},"Sumario":{"('0149-S-2020', 0)":"OBJETO; INTERES NACIONAL; DEFINICIONES; PRINCIPIOS; AUTORIDAD DE APLICACION; FUNCIONES; EDUCACION SOBRE EL USO DE LA EFICIENCIA; OTRAS TECNOLOGIAS EFICIENTES; MATRIZ DE INCENTIVOS; REGLAMENTACION; INVITACION A ADHERIR."},"Palabra Clave":{"('0149-S-2020', 0)":" "}}