{"Tipo de Proyecto":{"('0150-S-2020', 0)":"PROYECTO DE LEY"},"Iniciado en: ":{"('0150-S-2020', 0)":"Senado"},"Expediente Senado: ":{"('0150-S-2020', 0)":"0150-S-2020"},"Publicado en: ":{"('0150-S-2020', 0)":"Diario de Asuntos Entrados N\u00b0 8"},"Fecha: ":{"('0150-S-2020', 0)":"03\/03\/2020"},"T\u00edtulo":{"('0150-S-2020', 0)":"PRESUPUESTOS MINIMOS DE PROTECCION AMBIENTAL (REPRODUCCION DEL EXPEDIENTE 2362-S-18)."},"('Firmantes', 'FIRMANTE')":{"('0150-S-2020', 0)":"CREXELL, CARMEN LUCILA"},"('Firmantes', 'DISTRITO')":{"('0150-S-2020', 0)":"NEUQUEN"},"('Firmantes', 'BLOQUE')":{"('0150-S-2020', 0)":"MOV POP NEUQUINO"},"Sumario":{"('0150-S-2020', 0)":"DISPOSICIONES GENERALES; PROCEDIMIENTO DE EVALUACION DE IMPACTO AMBIENTAL; AUTORIDAD DE APLICACION; SANCIONES; DISPOSICIONES FINALES: REGLAMENTACION Y ANEXO I."},"Palabra Clave":{"('0150-S-2020', 0)":" "}}