{"Tipo de Proyecto":{"('0151-S-2020', 0)":"PROYECTO DE LEY"},"Iniciado en: ":{"('0151-S-2020', 0)":"Senado"},"Expediente Senado: ":{"('0151-S-2020', 0)":"0151-S-2020"},"Publicado en: ":{"('0151-S-2020', 0)":"Diario de Asuntos Entrados N\u00b0 8"},"Fecha: ":{"('0151-S-2020', 0)":"03\/03\/2020"},"T\u00edtulo":{"('0151-S-2020', 0)":"CODIGO PENAL DE LA NACION - MODIFICACION RESPECTO A LA DESPENALIZACION PARA LOS CASOS DE ABORTO (REPRODUCCION DEL EXPEDIENTE 2658-S-18)."},"('Firmantes', 'FIRMANTE')":{"('0151-S-2020', 0)":"CREXELL, CARMEN LUCILA"},"('Firmantes', 'DISTRITO')":{"('0151-S-2020', 0)":"NEUQUEN"},"('Firmantes', 'BLOQUE')":{"('0151-S-2020', 0)":"MOV POP NEUQUINO"},"Sumario":{"('0151-S-2020', 0)":"MODIFICACION DE LOS ARTICULOS 85, 86 Y 88."},"Palabra Clave":{"('0151-S-2020', 0)":" "}}