{"Tipo de Proyecto":{"('0152-S-2020', 0)":"PROYECTO DE LEY"},"Iniciado en: ":{"('0152-S-2020', 0)":"Senado"},"Expediente Senado: ":{"('0152-S-2020', 0)":"0152-S-2020"},"Publicado en: ":{"('0152-S-2020', 0)":"Diario de Asuntos Entrados N\u00b0 8"},"Fecha: ":{"('0152-S-2020', 0)":"03\/03\/2020"},"T\u00edtulo":{"('0152-S-2020', 0)":"DECLARAR MONUMENTO HISTORICO NACIONAL A LA ESTRUCTURA EDILICIA DEL CUARTEL DEL COMANDO VI DE BRIGADA DE MONTA\u00d1A DE LA CIUDAD DE NEUQUEN, PROVINCIA DEL NEUQUEN (REPRODUCCION DEL EXPEDIENTE 3102-S-18)."},"('Firmantes', 'FIRMANTE')":{"('0152-S-2020', 0)":"CREXELL, CARMEN LUCILA"},"('Firmantes', 'DISTRITO')":{"('0152-S-2020', 0)":"NEUQUEN"},"('Firmantes', 'BLOQUE')":{"('0152-S-2020', 0)":"MOV POP NEUQUINO"},"Link":{"('0152-S-2020', 0)":"http:\/\/www.senado.gov.ar\/parlamentario\/comisiones\/verExp\/152.20\/S\/PL"},"Palabra Clave":{"('0152-S-2020', 0)":" "}}