{"Tipo de Proyecto":{"('0153-PE-2020', 0)":"MENSAJE NRO: 0086\/20","('0153-PE-2020', 1)":null,"('0153-PE-2020', 2)":null},"Iniciado en: ":{"('0153-PE-2020', 0)":"Senado","('0153-PE-2020', 1)":null,"('0153-PE-2020', 2)":null},"Expediente Senado: ":{"('0153-PE-2020', 0)":"0153-PE-2020","('0153-PE-2020', 1)":null,"('0153-PE-2020', 2)":null},"Publicado en: ":{"('0153-PE-2020', 0)":"DAE S.A. N\u00b0 6","('0153-PE-2020', 1)":null,"('0153-PE-2020', 2)":null},"Fecha: ":{"('0153-PE-2020', 0)":"27\/08\/2020","('0153-PE-2020', 1)":null,"('0153-PE-2020', 2)":null},"T\u00edtulo":{"('0153-PE-2020', 0)":"SOLICITA ACUERDO PARA DESIGNAR JUEZA DEL JUZGADO NACIONAL DE PRIMERA INSTANCIA EN LO CIVIL N\u00ba 30 DE LA CAPITAL FEDERAL, A LA DRA. MARIA CONSTANZA CAEIRO.","('0153-PE-2020', 1)":null,"('0153-PE-2020', 2)":null},"('Firmantes', 'FIRMANTE')":{"('0153-PE-2020', 0)":"FERNANDEZ, ALBERTO","('0153-PE-2020', 1)":"CAFIERO, SANTIAGO ANDRES","('0153-PE-2020', 2)":"LOSARDO, MARCELA MIRIAM"},"('Firmantes', 'DISTRITO')":{"('0153-PE-2020', 0)":null,"('0153-PE-2020', 1)":null,"('0153-PE-2020', 2)":null},"('Firmantes', 'BLOQUE')":{"('0153-PE-2020', 0)":"PODER EJECUTIVO","('0153-PE-2020', 1)":"PODER EJECUTIVO","('0153-PE-2020', 2)":"PODER EJECUTIVO"},"Palabra Clave":{"('0153-PE-2020', 0)":" ","('0153-PE-2020', 1)":null,"('0153-PE-2020', 2)":null}}