{"Tipo de Proyecto":{"('0153-S-2020', 0)":"PROYECTO DE LEY"},"Iniciado en: ":{"('0153-S-2020', 0)":"Senado"},"Expediente Senado: ":{"('0153-S-2020', 0)":"0153-S-2020"},"Publicado en: ":{"('0153-S-2020', 0)":"Diario de Asuntos Entrados N\u00b0 8"},"Fecha: ":{"('0153-S-2020', 0)":"03\/03\/2020"},"T\u00edtulo":{"('0153-S-2020', 0)":"CODIGO CIVIL Y COMERCIAL DE LA NACION - MODIFICACION (REPRODUCCION DEL EXPEDIENTE 3282-S-18)."},"('Firmantes', 'FIRMANTE')":{"('0153-S-2020', 0)":"CREXELL, CARMEN LUCILA"},"('Firmantes', 'DISTRITO')":{"('0153-S-2020', 0)":"NEUQUEN"},"('Firmantes', 'BLOQUE')":{"('0153-S-2020', 0)":"MOV POP NEUQUINO"},"Sumario":{"('0153-S-2020', 0)":"SUSTITUCION DEL ARTICULO 169 SOBRE LA FORMA DEL ACTO CONSTITUTIVO DE LA ASOCIACION CIVIL."},"Palabra Clave":{"('0153-S-2020', 0)":" "}}