{"Tipo de Proyecto":{"('0154-S-2020', 0)":"PROYECTO DE LEY"},"Iniciado en: ":{"('0154-S-2020', 0)":"Senado"},"Expediente Senado: ":{"('0154-S-2020', 0)":"0154-S-2020"},"Publicado en: ":{"('0154-S-2020', 0)":"Diario de Asuntos Entrados N\u00b0 8"},"Fecha: ":{"('0154-S-2020', 0)":"03\/03\/2020"},"T\u00edtulo":{"('0154-S-2020', 0)":"LEY 25326 -PROTECCION DE DATOS PERSONALES - : SUSTITUIR EL ARTICULO 2 RESPECTO DE INCLUIR COMO DATOS SENSIBLES A LOS DATOS GENETICOS, BIOMETRICOS Y RELATIVOS A LA ORIENTACION SEXUAL (REPRODUCCION DEL EXPEDIENTE 3500-S-18)."},"('Firmantes', 'FIRMANTE')":{"('0154-S-2020', 0)":"CREXELL, CARMEN LUCILA"},"('Firmantes', 'DISTRITO')":{"('0154-S-2020', 0)":"NEUQUEN"},"('Firmantes', 'BLOQUE')":{"('0154-S-2020', 0)":"MOV POP NEUQUINO"},"Link":{"('0154-S-2020', 0)":"http:\/\/www.senado.gov.ar\/parlamentario\/comisiones\/verExp\/154.20\/S\/PL"},"Palabra Clave":{"('0154-S-2020', 0)":" "}}