{"Tipo de Proyecto":{"('0154-PE-2020', 0)":"MENSAJE NRO: 0087\/20","('0154-PE-2020', 1)":null,"('0154-PE-2020', 2)":null},"Iniciado en: ":{"('0154-PE-2020', 0)":"Senado","('0154-PE-2020', 1)":null,"('0154-PE-2020', 2)":null},"Expediente Senado: ":{"('0154-PE-2020', 0)":"0154-PE-2020","('0154-PE-2020', 1)":null,"('0154-PE-2020', 2)":null},"Publicado en: ":{"('0154-PE-2020', 0)":"DAE S.A. N\u00b0 6","('0154-PE-2020', 1)":null,"('0154-PE-2020', 2)":null},"Fecha: ":{"('0154-PE-2020', 0)":"27\/08\/2020","('0154-PE-2020', 1)":null,"('0154-PE-2020', 2)":null},"T\u00edtulo":{"('0154-PE-2020', 0)":"SOLICITA ACUERDO PARA DESIGNAR VOCAL DE LA CAMARA FEDERAL DE APELACIONES DE SAN MARTIN, PROVINCIA DE BUENOS AIRES, SALA II, AL DR. NESTOR PABLO BARRAL.","('0154-PE-2020', 1)":null,"('0154-PE-2020', 2)":null},"('Firmantes', 'FIRMANTE')":{"('0154-PE-2020', 0)":"FERNANDEZ, ALBERTO","('0154-PE-2020', 1)":"CAFIERO, SANTIAGO ANDRES","('0154-PE-2020', 2)":"LOSARDO, MARCELA MIRIAM"},"('Firmantes', 'DISTRITO')":{"('0154-PE-2020', 0)":null,"('0154-PE-2020', 1)":null,"('0154-PE-2020', 2)":null},"('Firmantes', 'BLOQUE')":{"('0154-PE-2020', 0)":"PODER EJECUTIVO","('0154-PE-2020', 1)":"PODER EJECUTIVO","('0154-PE-2020', 2)":"PODER EJECUTIVO"},"Palabra Clave":{"('0154-PE-2020', 0)":" ","('0154-PE-2020', 1)":null,"('0154-PE-2020', 2)":null}}