{"Tipo de Proyecto":{"('0155-D-2020', 0)":"PROYECTO DE RESOLUCI\u00d3N","('0155-D-2020', 1)":null,"('0155-D-2020', 2)":null,"('0155-D-2020', 3)":null,"('0155-D-2020', 4)":null,"('0155-D-2020', 5)":null,"('0155-D-2020', 6)":null,"('0155-D-2020', 7)":null,"('0155-D-2020', 8)":null,"('0155-D-2020', 9)":null},"Iniciado en: ":{"('0155-D-2020', 0)":"Diputados","('0155-D-2020', 1)":null,"('0155-D-2020', 2)":null,"('0155-D-2020', 3)":null,"('0155-D-2020', 4)":null,"('0155-D-2020', 5)":null,"('0155-D-2020', 6)":null,"('0155-D-2020', 7)":null,"('0155-D-2020', 8)":null,"('0155-D-2020', 9)":null},"Expediente Diputados: ":{"('0155-D-2020', 0)":"0155-D-2020","('0155-D-2020', 1)":null,"('0155-D-2020', 2)":null,"('0155-D-2020', 3)":null,"('0155-D-2020', 4)":null,"('0155-D-2020', 5)":null,"('0155-D-2020', 6)":null,"('0155-D-2020', 7)":null,"('0155-D-2020', 8)":null,"('0155-D-2020', 9)":null},"Publicado en: ":{"('0155-D-2020', 0)":"Tr\u00e1mite Parlamentario N\u00b0 2","('0155-D-2020', 1)":null,"('0155-D-2020', 2)":null,"('0155-D-2020', 3)":null,"('0155-D-2020', 4)":null,"('0155-D-2020', 5)":null,"('0155-D-2020', 6)":null,"('0155-D-2020', 7)":null,"('0155-D-2020', 8)":null,"('0155-D-2020', 9)":null},"Fecha: ":{"('0155-D-2020', 0)":"03\/03\/2020","('0155-D-2020', 1)":null,"('0155-D-2020', 2)":null,"('0155-D-2020', 3)":null,"('0155-D-2020', 4)":null,"('0155-D-2020', 5)":null,"('0155-D-2020', 6)":null,"('0155-D-2020', 7)":null,"('0155-D-2020', 8)":null,"('0155-D-2020', 9)":null},"T\u00edtulo":{"('0155-D-2020', 0)":"PEDIDO DE INFORMES AL PODER EJECUTIVO SOBRE LOS PACIENTES QUE DEBEN SOMETERSE AL TRATAMIENTO DE DIALISIS, A REALIZARSE EN EL MARCO DEL \"PROGRAMA FEDERAL INCLUIR SALUD - EX PROFE -\", Y OTRAS CUESTIONES   CONEXAS.","('0155-D-2020', 1)":null,"('0155-D-2020', 2)":null,"('0155-D-2020', 3)":null,"('0155-D-2020', 4)":null,"('0155-D-2020', 5)":null,"('0155-D-2020', 6)":null,"('0155-D-2020', 7)":null,"('0155-D-2020', 8)":null,"('0155-D-2020', 9)":null},"('Firmantes', 'FIRMANTE')":{"('0155-D-2020', 0)":"OCA\u00d1A, MARIA GRACIELA","('0155-D-2020', 1)":"FERNANDEZ LANGAN, EZEQUIEL","('0155-D-2020', 2)":"WOLFF, WALDO EZEQUIEL","('0155-D-2020', 3)":"LOSPENNATO, SILVIA GABRIELA","('0155-D-2020', 4)":"BANFI, KARINA","('0155-D-2020', 5)":"FLORES, HECTOR","('0155-D-2020', 6)":"MENDOZA, JOSEFINA","('0155-D-2020', 7)":"REY, MARIA LUJAN","('0155-D-2020', 8)":"JUEZ, LUIS ALFREDO","('0155-D-2020', 9)":"IGLESIAS, FERNANDO ADOLFO"},"('Firmantes', 'DISTRITO')":{"('0155-D-2020', 0)":"BUENOS AIRES","('0155-D-2020', 1)":"BUENOS AIRES","('0155-D-2020', 2)":"BUENOS AIRES","('0155-D-2020', 3)":"BUENOS AIRES","('0155-D-2020', 4)":"BUENOS AIRES","('0155-D-2020', 5)":"BUENOS AIRES","('0155-D-2020', 6)":"BUENOS AIRES","('0155-D-2020', 7)":"BUENOS AIRES","('0155-D-2020', 8)":"CORDOBA","('0155-D-2020', 9)":"CIUDAD de BUENOS AIRES"},"('Firmantes', 'BLOQUE')":{"('0155-D-2020', 0)":"PRO","('0155-D-2020', 1)":"PRO","('0155-D-2020', 2)":"PRO","('0155-D-2020', 3)":"PRO","('0155-D-2020', 4)":"UCR","('0155-D-2020', 5)":"COALICION CIVICA","('0155-D-2020', 6)":"UCR","('0155-D-2020', 7)":"PRO","('0155-D-2020', 8)":"PRO","('0155-D-2020', 9)":"PRO"},"('Giros', 'COMISI\u00d3N')":{"('0155-D-2020', 0)":"ACCION SOCIAL Y SALUD PUBLICA","('0155-D-2020', 1)":null,"('0155-D-2020', 2)":null,"('0155-D-2020', 3)":null,"('0155-D-2020', 4)":null,"('0155-D-2020', 5)":null,"('0155-D-2020', 6)":null,"('0155-D-2020', 7)":null,"('0155-D-2020', 8)":null,"('0155-D-2020', 9)":null},"('Tramites', 'C\u00c1MARA')":{"('0155-D-2020', 0)":"Diputados","('0155-D-2020', 1)":null,"('0155-D-2020', 2)":null,"('0155-D-2020', 3)":null,"('0155-D-2020', 4)":null,"('0155-D-2020', 5)":null,"('0155-D-2020', 6)":null,"('0155-D-2020', 7)":null,"('0155-D-2020', 8)":null,"('0155-D-2020', 9)":null},"('Tramites', 'MOVIMIENTO')":{"('0155-D-2020', 0)":"SOLICITUD DE SER COFIRMANTE DEL DIPUTADO IGLESIAS (A SUS ANTECEDENTES)","('0155-D-2020', 1)":null,"('0155-D-2020', 2)":null,"('0155-D-2020', 3)":null,"('0155-D-2020', 4)":null,"('0155-D-2020', 5)":null,"('0155-D-2020', 6)":null,"('0155-D-2020', 7)":null,"('0155-D-2020', 8)":null,"('0155-D-2020', 9)":null},"('Tramites', 'FECHA')":{"('0155-D-2020', 0)":null,"('0155-D-2020', 1)":null,"('0155-D-2020', 2)":null,"('0155-D-2020', 3)":null,"('0155-D-2020', 4)":null,"('0155-D-2020', 5)":null,"('0155-D-2020', 6)":null,"('0155-D-2020', 7)":null,"('0155-D-2020', 8)":null,"('0155-D-2020', 9)":null},"('Tramites', 'RESULTADO')":{"('0155-D-2020', 0)":null,"('0155-D-2020', 1)":null,"('0155-D-2020', 2)":null,"('0155-D-2020', 3)":null,"('0155-D-2020', 4)":null,"('0155-D-2020', 5)":null,"('0155-D-2020', 6)":null,"('0155-D-2020', 7)":null,"('0155-D-2020', 8)":null,"('0155-D-2020', 9)":null},"Link":{"('0155-D-2020', 0)":"https:\/\/www.hcdn.gob.ar\/proyectos\/textoCompleto.jsp?exp=0155-D-2020&tipo=RESOLUCION","('0155-D-2020', 1)":null,"('0155-D-2020', 2)":null,"('0155-D-2020', 3)":null,"('0155-D-2020', 4)":null,"('0155-D-2020', 5)":null,"('0155-D-2020', 6)":null,"('0155-D-2020', 7)":null,"('0155-D-2020', 8)":null,"('0155-D-2020', 9)":null},"Palabra Clave":{"('0155-D-2020', 0)":" ","('0155-D-2020', 1)":null,"('0155-D-2020', 2)":null,"('0155-D-2020', 3)":null,"('0155-D-2020', 4)":null,"('0155-D-2020', 5)":null,"('0155-D-2020', 6)":null,"('0155-D-2020', 7)":null,"('0155-D-2020', 8)":null,"('0155-D-2020', 9)":null}}