{"Tipo de Proyecto":{"('0156-PE-2020', 0)":"MENSAJE NRO: 0089\/20","('0156-PE-2020', 1)":null,"('0156-PE-2020', 2)":null},"Iniciado en: ":{"('0156-PE-2020', 0)":"Senado","('0156-PE-2020', 1)":null,"('0156-PE-2020', 2)":null},"Expediente Senado: ":{"('0156-PE-2020', 0)":"0156-PE-2020","('0156-PE-2020', 1)":null,"('0156-PE-2020', 2)":null},"Publicado en: ":{"('0156-PE-2020', 0)":"DAE S.A. N\u00b0 6","('0156-PE-2020', 1)":null,"('0156-PE-2020', 2)":null},"Fecha: ":{"('0156-PE-2020', 0)":"27\/08\/2020","('0156-PE-2020', 1)":null,"('0156-PE-2020', 2)":null},"T\u00edtulo":{"('0156-PE-2020', 0)":"SOLICITA ACUERDO PARA DESIGNAR DEFENSORA PUBLICA OFICIAL ANTE LOS JUZGADOS FEDERALES DE PRIMERA INSTANCIA DE SAN JUAN, PROVINCIA DE SAN JUAN, A LA DRA. GEMA RAQUEL GUILLEN CORREA.","('0156-PE-2020', 1)":null,"('0156-PE-2020', 2)":null},"('Firmantes', 'FIRMANTE')":{"('0156-PE-2020', 0)":"FERNANDEZ, ALBERTO","('0156-PE-2020', 1)":"CAFIERO, SANTIAGO ANDRES","('0156-PE-2020', 2)":"LOSARDO, MARCELA MIRIAM"},"('Firmantes', 'DISTRITO')":{"('0156-PE-2020', 0)":null,"('0156-PE-2020', 1)":null,"('0156-PE-2020', 2)":null},"('Firmantes', 'BLOQUE')":{"('0156-PE-2020', 0)":"PODER EJECUTIVO","('0156-PE-2020', 1)":"PODER EJECUTIVO","('0156-PE-2020', 2)":"PODER EJECUTIVO"},"Palabra Clave":{"('0156-PE-2020', 0)":" ","('0156-PE-2020', 1)":null,"('0156-PE-2020', 2)":null}}