{"Tipo de Proyecto":{"('0157-PE-2020', 0)":"MENSAJE NRO: 0090\/20","('0157-PE-2020', 1)":null,"('0157-PE-2020', 2)":null},"Iniciado en: ":{"('0157-PE-2020', 0)":"Senado","('0157-PE-2020', 1)":null,"('0157-PE-2020', 2)":null},"Expediente Senado: ":{"('0157-PE-2020', 0)":"0157-PE-2020","('0157-PE-2020', 1)":null,"('0157-PE-2020', 2)":null},"Publicado en: ":{"('0157-PE-2020', 0)":"DAE S.A. N\u00b0 6","('0157-PE-2020', 1)":null,"('0157-PE-2020', 2)":null},"Fecha: ":{"('0157-PE-2020', 0)":"27\/08\/2020","('0157-PE-2020', 1)":null,"('0157-PE-2020', 2)":null},"T\u00edtulo":{"('0157-PE-2020', 0)":"SOLICITA ACUERDO PARA DESIGNAR JUEZA DE CAMARA DEL TRIBUNAL ORAL EN LO CRIMINAL FEDERAL DE SAN LUIS, PROVINCIA DE SAN LUIS, A LA DRA. MARIA CAROLINA PEREIRA.","('0157-PE-2020', 1)":null,"('0157-PE-2020', 2)":null},"('Firmantes', 'FIRMANTE')":{"('0157-PE-2020', 0)":"FERNANDEZ, ALBERTO","('0157-PE-2020', 1)":"CAFIERO, SANTIAGO ANDRES","('0157-PE-2020', 2)":"LOSARDO, MARCELA MIRIAM"},"('Firmantes', 'DISTRITO')":{"('0157-PE-2020', 0)":null,"('0157-PE-2020', 1)":null,"('0157-PE-2020', 2)":null},"('Firmantes', 'BLOQUE')":{"('0157-PE-2020', 0)":"PODER EJECUTIVO","('0157-PE-2020', 1)":"PODER EJECUTIVO","('0157-PE-2020', 2)":"PODER EJECUTIVO"},"Palabra Clave":{"('0157-PE-2020', 0)":" ","('0157-PE-2020', 1)":null,"('0157-PE-2020', 2)":null}}