{"Tipo de Proyecto":{"('0158-PE-2020', 0)":"MENSAJE NRO: 0091\/20","('0158-PE-2020', 1)":null,"('0158-PE-2020', 2)":null},"Iniciado en: ":{"('0158-PE-2020', 0)":"Senado","('0158-PE-2020', 1)":null,"('0158-PE-2020', 2)":null},"Expediente Senado: ":{"('0158-PE-2020', 0)":"0158-PE-2020","('0158-PE-2020', 1)":null,"('0158-PE-2020', 2)":null},"Publicado en: ":{"('0158-PE-2020', 0)":"DAE S.A. N\u00b0 6","('0158-PE-2020', 1)":null,"('0158-PE-2020', 2)":null},"Fecha: ":{"('0158-PE-2020', 0)":"27\/08\/2020","('0158-PE-2020', 1)":null,"('0158-PE-2020', 2)":null},"T\u00edtulo":{"('0158-PE-2020', 0)":"SOLICITA ACUERDO PARA DESIGNAR DEFENSOR PUBLICO OFICIAL ADJUNTO ANTE LA CAMARA FEDERAL DE CASACION PENAL, DEFENSORIA N\u00ba 2, AL DR. GUILLERMO ARIEL TODARELLO.","('0158-PE-2020', 1)":null,"('0158-PE-2020', 2)":null},"('Firmantes', 'FIRMANTE')":{"('0158-PE-2020', 0)":"FERNANDEZ, ALBERTO","('0158-PE-2020', 1)":"CAFIERO, SANTIAGO ANDRES","('0158-PE-2020', 2)":"LOSARDO, MARCELA MIRIAM"},"('Firmantes', 'DISTRITO')":{"('0158-PE-2020', 0)":null,"('0158-PE-2020', 1)":null,"('0158-PE-2020', 2)":null},"('Firmantes', 'BLOQUE')":{"('0158-PE-2020', 0)":"PODER EJECUTIVO","('0158-PE-2020', 1)":"PODER EJECUTIVO","('0158-PE-2020', 2)":"PODER EJECUTIVO"},"Palabra Clave":{"('0158-PE-2020', 0)":" ","('0158-PE-2020', 1)":null,"('0158-PE-2020', 2)":null}}