{"Tipo de Proyecto":{"('0159-S-2020', 0)":"PROYECTO DE DECLARACI\u00d3N"},"Iniciado en: ":{"('0159-S-2020', 0)":"Senado"},"Expediente Senado: ":{"('0159-S-2020', 0)":"0159-S-2020"},"Publicado en: ":{"('0159-S-2020', 0)":"Diario de Asuntos Entrados N\u00b0 8"},"Fecha: ":{"('0159-S-2020', 0)":"03\/03\/2020"},"T\u00edtulo":{"('0159-S-2020', 0)":"EXPRESAR BENEPLACITO POR LA CONMEMORACION DEL 32\u00b0 ANIVERSARIO DE LA COMISION DE FOMENTO DE VILLA CURI LEUVU, DEPARTAMENTO DE CHOS MALAL, PROVINCIA DEL NEUQUEN, A CELEBRARSE EL 11 DE MARZO DE 2020. "},"('Firmantes', 'FIRMANTE')":{"('0159-S-2020', 0)":"CREXELL, CARMEN LUCILA"},"('Firmantes', 'DISTRITO')":{"('0159-S-2020', 0)":"NEUQUEN"},"('Firmantes', 'BLOQUE')":{"('0159-S-2020', 0)":"MOV POP NEUQUINO"},"Link":{"('0159-S-2020', 0)":"http:\/\/www.senado.gov.ar\/parlamentario\/comisiones\/verExp\/159.20\/S\/PD"},"Palabra Clave":{"('0159-S-2020', 0)":" "}}