{"Tipo de Proyecto":{"('0160-PE-2020', 0)":"MENSAJE NRO: 0093\/20","('0160-PE-2020', 1)":null,"('0160-PE-2020', 2)":null},"Iniciado en: ":{"('0160-PE-2020', 0)":"Senado","('0160-PE-2020', 1)":null,"('0160-PE-2020', 2)":null},"Expediente Senado: ":{"('0160-PE-2020', 0)":"0160-PE-2020","('0160-PE-2020', 1)":null,"('0160-PE-2020', 2)":null},"Publicado en: ":{"('0160-PE-2020', 0)":"DAE S.A. N\u00b0 6","('0160-PE-2020', 1)":null,"('0160-PE-2020', 2)":null},"Fecha: ":{"('0160-PE-2020', 0)":"27\/08\/2020","('0160-PE-2020', 1)":null,"('0160-PE-2020', 2)":null},"T\u00edtulo":{"('0160-PE-2020', 0)":"SOLICITA ACUERDO PARA DESIGNAR JUEZA DEL JUZGADO FEDERAL DE PRIMERA INSTANCIA N\u00ba 4 DE MENDOZA, PROVINCIA DE MENDOZA, A LA DRA. SUSANA BEATRIZ PRAVATA.","('0160-PE-2020', 1)":null,"('0160-PE-2020', 2)":null},"('Firmantes', 'FIRMANTE')":{"('0160-PE-2020', 0)":"FERNANDEZ, ALBERTO","('0160-PE-2020', 1)":"CAFIERO, SANTIAGO ANDRES","('0160-PE-2020', 2)":"LOSARDO, MARCELA MIRIAM"},"('Firmantes', 'DISTRITO')":{"('0160-PE-2020', 0)":null,"('0160-PE-2020', 1)":null,"('0160-PE-2020', 2)":null},"('Firmantes', 'BLOQUE')":{"('0160-PE-2020', 0)":"PODER EJECUTIVO","('0160-PE-2020', 1)":"PODER EJECUTIVO","('0160-PE-2020', 2)":"PODER EJECUTIVO"},"Palabra Clave":{"('0160-PE-2020', 0)":" ","('0160-PE-2020', 1)":null,"('0160-PE-2020', 2)":null}}