{"Tipo de Proyecto":{"('0160-S-2020', 0)":"PROYECTO DE DECLARACI\u00d3N"},"Iniciado en: ":{"('0160-S-2020', 0)":"Senado"},"Expediente Senado: ":{"('0160-S-2020', 0)":"0160-S-2020"},"Publicado en: ":{"('0160-S-2020', 0)":"Diario de Asuntos Entrados N\u00b0 8"},"Fecha: ":{"('0160-S-2020', 0)":"03\/03\/2020"},"T\u00edtulo":{"('0160-S-2020', 0)":"EXPRESAR BENEPLACITO POR LA CONMEMORACION DEL 85\u00b0 ANIVERSARIO DE LA LOCALIDAD DE PLOTTIER, DEPARTAMENTO DE CONFLUENCIA, PROVINCIA DEL NEUQUEN, A CELEBRARSE EL 26 DE MARZO DE 2020. "},"('Firmantes', 'FIRMANTE')":{"('0160-S-2020', 0)":"CREXELL, CARMEN LUCILA"},"('Firmantes', 'DISTRITO')":{"('0160-S-2020', 0)":"NEUQUEN"},"('Firmantes', 'BLOQUE')":{"('0160-S-2020', 0)":"MOV POP NEUQUINO"},"Link":{"('0160-S-2020', 0)":"http:\/\/www.senado.gov.ar\/parlamentario\/comisiones\/verExp\/160.20\/S\/PD"},"Palabra Clave":{"('0160-S-2020', 0)":" "}}