{"Tipo de Proyecto":{"('0161-S-2020', 0)":"PROYECTO DE DECLARACI\u00d3N"},"Iniciado en: ":{"('0161-S-2020', 0)":"Senado"},"Expediente Senado: ":{"('0161-S-2020', 0)":"0161-S-2020"},"Publicado en: ":{"('0161-S-2020', 0)":"Diario de Asuntos Entrados N\u00b0 8"},"Fecha: ":{"('0161-S-2020', 0)":"03\/03\/2020"},"T\u00edtulo":{"('0161-S-2020', 0)":"EXPRESAR BENEPLACITO POR LA CONMEMORACION DEL 31\u00b0 ANIVERSARIO DE LA LOCALIDAD DE SAUZAL BONITO, DEPARTAMENTO DE CONFLUENCIA, PROVINCIA DEL NEUQUEN, A CELEBRARSE EL 1\u00b0 DE ABRIL DE 2020. "},"('Firmantes', 'FIRMANTE')":{"('0161-S-2020', 0)":"CREXELL, CARMEN LUCILA"},"('Firmantes', 'DISTRITO')":{"('0161-S-2020', 0)":"NEUQUEN"},"('Firmantes', 'BLOQUE')":{"('0161-S-2020', 0)":"MOV POP NEUQUINO"},"Link":{"('0161-S-2020', 0)":"http:\/\/www.senado.gov.ar\/parlamentario\/comisiones\/verExp\/161.20\/S\/PD"},"Palabra Clave":{"('0161-S-2020', 0)":" "}}