{"Tipo de Proyecto":{"('0162-D-2020', 0)":"PROYECTO DE LEY","('0162-D-2020', 1)":null,"('0162-D-2020', 2)":null,"('0162-D-2020', 3)":null,"('0162-D-2020', 4)":null,"('0162-D-2020', 5)":null,"('0162-D-2020', 6)":null,"('0162-D-2020', 7)":null},"Iniciado en: ":{"('0162-D-2020', 0)":"Diputados","('0162-D-2020', 1)":null,"('0162-D-2020', 2)":null,"('0162-D-2020', 3)":null,"('0162-D-2020', 4)":null,"('0162-D-2020', 5)":null,"('0162-D-2020', 6)":null,"('0162-D-2020', 7)":null},"Expediente Diputados: ":{"('0162-D-2020', 0)":"0162-D-2020","('0162-D-2020', 1)":null,"('0162-D-2020', 2)":null,"('0162-D-2020', 3)":null,"('0162-D-2020', 4)":null,"('0162-D-2020', 5)":null,"('0162-D-2020', 6)":null,"('0162-D-2020', 7)":null},"Publicado en: ":{"('0162-D-2020', 0)":"Tr\u00e1mite Parlamentario N\u00b0 2","('0162-D-2020', 1)":null,"('0162-D-2020', 2)":null,"('0162-D-2020', 3)":null,"('0162-D-2020', 4)":null,"('0162-D-2020', 5)":null,"('0162-D-2020', 6)":null,"('0162-D-2020', 7)":null},"Fecha: ":{"('0162-D-2020', 0)":"03\/03\/2020","('0162-D-2020', 1)":null,"('0162-D-2020', 2)":null,"('0162-D-2020', 3)":null,"('0162-D-2020', 4)":null,"('0162-D-2020', 5)":null,"('0162-D-2020', 6)":null,"('0162-D-2020', 7)":null},"T\u00edtulo":{"('0162-D-2020', 0)":"ESTABLECESE EL ULTIMO JUEVES DEL MES DE MARZO DE CADA A\u00d1O, COMO \"EL DIA DE REFLEXION CONTRA LA VIOLENCIA JUVENIL\".","('0162-D-2020', 1)":null,"('0162-D-2020', 2)":null,"('0162-D-2020', 3)":null,"('0162-D-2020', 4)":null,"('0162-D-2020', 5)":null,"('0162-D-2020', 6)":null,"('0162-D-2020', 7)":null},"('Firmantes', 'FIRMANTE')":{"('0162-D-2020', 0)":"AVILA, BEATRIZ LUISA","('0162-D-2020', 1)":"DI GIACOMO, LUIS","('0162-D-2020', 2)":"CARAMBIA, ANTONIO JOSE","('0162-D-2020', 3)":"BERISSO, HERNAN","('0162-D-2020', 4)":"RAMON, JOSE LUIS","('0162-D-2020', 5)":"SARTORI, DIEGO HORACIO","('0162-D-2020', 6)":"ANSALONI, PABLO MIGUEL","('0162-D-2020', 7)":"MEDINA, MARTIN NICOLAS"},"('Firmantes', 'DISTRITO')":{"('0162-D-2020', 0)":"TUCUMAN","('0162-D-2020', 1)":"RIO NEGRO","('0162-D-2020', 2)":"SANTA CRUZ","('0162-D-2020', 3)":"BUENOS AIRES","('0162-D-2020', 4)":"MENDOZA","('0162-D-2020', 5)":"MISIONES","('0162-D-2020', 6)":"BUENOS AIRES","('0162-D-2020', 7)":"BUENOS AIRES"},"('Firmantes', 'BLOQUE')":{"('0162-D-2020', 0)":"PARTIDO POR LA JUSTICIA SOCIAL","('0162-D-2020', 1)":"JUNTOS SOMOS RIO NEGRO","('0162-D-2020', 2)":"UNIDAD Y EQUIDAD FEDERAL","('0162-D-2020', 3)":"PRO","('0162-D-2020', 4)":"UNIDAD Y EQUIDAD FEDERAL","('0162-D-2020', 5)":"FRENTE DE LA CONCORDIA MISIONERO","('0162-D-2020', 6)":"UNIDAD Y EQUIDAD FEDERAL","('0162-D-2020', 7)":"PRO"},"('Giros', 'COMISI\u00d3N')":{"('0162-D-2020', 0)":"LEGISLACION GENERAL","('0162-D-2020', 1)":"FAMILIAS, NI\u00d1EZ Y JUVENTUDES","('0162-D-2020', 2)":null,"('0162-D-2020', 3)":null,"('0162-D-2020', 4)":null,"('0162-D-2020', 5)":null,"('0162-D-2020', 6)":null,"('0162-D-2020', 7)":null},"('Tramites', 'C\u00c1MARA')":{"('0162-D-2020', 0)":"Diputados","('0162-D-2020', 1)":null,"('0162-D-2020', 2)":null,"('0162-D-2020', 3)":null,"('0162-D-2020', 4)":null,"('0162-D-2020', 5)":null,"('0162-D-2020', 6)":null,"('0162-D-2020', 7)":null},"('Tramites', 'MOVIMIENTO')":{"('0162-D-2020', 0)":"SOLICITUD DE SER COFIRMANTE DEL DIPUTADO MARTIN MEDINA (A SUS ANTECEDENTES)","('0162-D-2020', 1)":null,"('0162-D-2020', 2)":null,"('0162-D-2020', 3)":null,"('0162-D-2020', 4)":null,"('0162-D-2020', 5)":null,"('0162-D-2020', 6)":null,"('0162-D-2020', 7)":null},"('Tramites', 'FECHA')":{"('0162-D-2020', 0)":null,"('0162-D-2020', 1)":null,"('0162-D-2020', 2)":null,"('0162-D-2020', 3)":null,"('0162-D-2020', 4)":null,"('0162-D-2020', 5)":null,"('0162-D-2020', 6)":null,"('0162-D-2020', 7)":null},"('Tramites', 'RESULTADO')":{"('0162-D-2020', 0)":null,"('0162-D-2020', 1)":null,"('0162-D-2020', 2)":null,"('0162-D-2020', 3)":null,"('0162-D-2020', 4)":null,"('0162-D-2020', 5)":null,"('0162-D-2020', 6)":null,"('0162-D-2020', 7)":null},"Sumario":{"('0162-D-2020', 0)":"ESTABLECIMIENTOS EDUCATIVOS, ASOCIACIONES CIVILES DEPORTIVAS Y CLUBES DEPORTIVOS: PROMOCION EN CADA UNO DE SUS CURSOS, DIVISIONES Y EQUIPOS UNA ACTIVIDAD DE REFLEXION; AUTORIDADES CONJUNTAS DE APLICACION: MINISTERIO DE EDUCACION Y MINISTERIO DE TURISMO Y DEPORTES; CAMPA\u00d1A DE CONCIENTIZACION Y EMPLAZAMIENTO SOCIAL DEL PROGRAMA DE REFLEXION.","('0162-D-2020', 1)":null,"('0162-D-2020', 2)":null,"('0162-D-2020', 3)":null,"('0162-D-2020', 4)":null,"('0162-D-2020', 5)":null,"('0162-D-2020', 6)":null,"('0162-D-2020', 7)":null},"Palabra Clave":{"('0162-D-2020', 0)":" ","('0162-D-2020', 1)":null,"('0162-D-2020', 2)":null,"('0162-D-2020', 3)":null,"('0162-D-2020', 4)":null,"('0162-D-2020', 5)":null,"('0162-D-2020', 6)":null,"('0162-D-2020', 7)":null}}