{"Tipo de Proyecto":{"('0163-D-2020', 0)":"PROYECTO DE LEY","('0163-D-2020', 1)":null,"('0163-D-2020', 2)":null,"('0163-D-2020', 3)":null,"('0163-D-2020', 4)":null,"('0163-D-2020', 5)":null,"('0163-D-2020', 6)":null,"('0163-D-2020', 7)":null,"('0163-D-2020', 8)":null},"Iniciado en: ":{"('0163-D-2020', 0)":"Diputados","('0163-D-2020', 1)":null,"('0163-D-2020', 2)":null,"('0163-D-2020', 3)":null,"('0163-D-2020', 4)":null,"('0163-D-2020', 5)":null,"('0163-D-2020', 6)":null,"('0163-D-2020', 7)":null,"('0163-D-2020', 8)":null},"Expediente Diputados: ":{"('0163-D-2020', 0)":"0163-D-2020","('0163-D-2020', 1)":null,"('0163-D-2020', 2)":null,"('0163-D-2020', 3)":null,"('0163-D-2020', 4)":null,"('0163-D-2020', 5)":null,"('0163-D-2020', 6)":null,"('0163-D-2020', 7)":null,"('0163-D-2020', 8)":null},"Publicado en: ":{"('0163-D-2020', 0)":"Tr\u00e1mite Parlamentario N\u00b0 2","('0163-D-2020', 1)":null,"('0163-D-2020', 2)":null,"('0163-D-2020', 3)":null,"('0163-D-2020', 4)":null,"('0163-D-2020', 5)":null,"('0163-D-2020', 6)":null,"('0163-D-2020', 7)":null,"('0163-D-2020', 8)":null},"Fecha: ":{"('0163-D-2020', 0)":"03\/03\/2020","('0163-D-2020', 1)":null,"('0163-D-2020', 2)":null,"('0163-D-2020', 3)":null,"('0163-D-2020', 4)":null,"('0163-D-2020', 5)":null,"('0163-D-2020', 6)":null,"('0163-D-2020', 7)":null,"('0163-D-2020', 8)":null},"T\u00edtulo":{"('0163-D-2020', 0)":"CONTRATO DE TRABAJO - LEY 20744 -. MODIFICACION DEL ARTICULO 158, SOBRE LICENCIAS ESPECIALES.","('0163-D-2020', 1)":null,"('0163-D-2020', 2)":null,"('0163-D-2020', 3)":null,"('0163-D-2020', 4)":null,"('0163-D-2020', 5)":null,"('0163-D-2020', 6)":null,"('0163-D-2020', 7)":null,"('0163-D-2020', 8)":null},"('Firmantes', 'FIRMANTE')":{"('0163-D-2020', 0)":"REYES, ROXANA NAHIR","('0163-D-2020', 1)":"ASCARATE, LIDIA INES","('0163-D-2020', 2)":"NAJUL, CLAUDIA","('0163-D-2020', 3)":"MENNA, GUSTAVO","('0163-D-2020', 4)":"LENA, GABRIELA","('0163-D-2020', 5)":"REY, MARIA LUJAN","('0163-D-2020', 6)":"RICCARDO, JOSE LUIS","('0163-D-2020', 7)":"CANTARD, ALBOR ANGEL","('0163-D-2020', 8)":"ARCE, MARIO HORACIO"},"('Firmantes', 'DISTRITO')":{"('0163-D-2020', 0)":"SANTA CRUZ","('0163-D-2020', 1)":"TUCUMAN","('0163-D-2020', 2)":"MENDOZA","('0163-D-2020', 3)":"CHUBUT","('0163-D-2020', 4)":"ENTRE RIOS","('0163-D-2020', 5)":"BUENOS AIRES","('0163-D-2020', 6)":"SAN LUIS","('0163-D-2020', 7)":"SANTA FE","('0163-D-2020', 8)":"FORMOSA"},"('Firmantes', 'BLOQUE')":{"('0163-D-2020', 0)":"UCR","('0163-D-2020', 1)":"UCR","('0163-D-2020', 2)":"UCR","('0163-D-2020', 3)":"UCR","('0163-D-2020', 4)":"UCR","('0163-D-2020', 5)":"PRO","('0163-D-2020', 6)":"UCR","('0163-D-2020', 7)":"UCR","('0163-D-2020', 8)":"UCR"},"('Giros', 'COMISI\u00d3N')":{"('0163-D-2020', 0)":"LEGISLACION DEL TRABAJO","('0163-D-2020', 1)":"FAMILIAS, NI\u00d1EZ Y JUVENTUDES","('0163-D-2020', 2)":null,"('0163-D-2020', 3)":null,"('0163-D-2020', 4)":null,"('0163-D-2020', 5)":null,"('0163-D-2020', 6)":null,"('0163-D-2020', 7)":null,"('0163-D-2020', 8)":null},"('Tramites', 'C\u00c1MARA')":{"('0163-D-2020', 0)":"Diputados","('0163-D-2020', 1)":null,"('0163-D-2020', 2)":null,"('0163-D-2020', 3)":null,"('0163-D-2020', 4)":null,"('0163-D-2020', 5)":null,"('0163-D-2020', 6)":null,"('0163-D-2020', 7)":null,"('0163-D-2020', 8)":null},"('Tramites', 'MOVIMIENTO')":{"('0163-D-2020', 0)":"SOLICITUD DE SER COFIRMANTE DEL DIPUTADO ARCE (A SUS ANTECEDENTES)","('0163-D-2020', 1)":null,"('0163-D-2020', 2)":null,"('0163-D-2020', 3)":null,"('0163-D-2020', 4)":null,"('0163-D-2020', 5)":null,"('0163-D-2020', 6)":null,"('0163-D-2020', 7)":null,"('0163-D-2020', 8)":null},"('Tramites', 'FECHA')":{"('0163-D-2020', 0)":null,"('0163-D-2020', 1)":null,"('0163-D-2020', 2)":null,"('0163-D-2020', 3)":null,"('0163-D-2020', 4)":null,"('0163-D-2020', 5)":null,"('0163-D-2020', 6)":null,"('0163-D-2020', 7)":null,"('0163-D-2020', 8)":null},"('Tramites', 'RESULTADO')":{"('0163-D-2020', 0)":null,"('0163-D-2020', 1)":null,"('0163-D-2020', 2)":null,"('0163-D-2020', 3)":null,"('0163-D-2020', 4)":null,"('0163-D-2020', 5)":null,"('0163-D-2020', 6)":null,"('0163-D-2020', 7)":null,"('0163-D-2020', 8)":null},"Sumario":{"('0163-D-2020', 0)":"INCORPORACION DE INCISO F) SOBRE LICENCIA PARA EFECTUARSE CHEQUEOS MEDICOS ANUALES.","('0163-D-2020', 1)":null,"('0163-D-2020', 2)":null,"('0163-D-2020', 3)":null,"('0163-D-2020', 4)":null,"('0163-D-2020', 5)":null,"('0163-D-2020', 6)":null,"('0163-D-2020', 7)":null,"('0163-D-2020', 8)":null},"Palabra Clave":{"('0163-D-2020', 0)":" ","('0163-D-2020', 1)":null,"('0163-D-2020', 2)":null,"('0163-D-2020', 3)":null,"('0163-D-2020', 4)":null,"('0163-D-2020', 5)":null,"('0163-D-2020', 6)":null,"('0163-D-2020', 7)":null,"('0163-D-2020', 8)":null}}