{"Tipo de Proyecto":{"('0163-S-2020', 0)":"PROYECTO DE DECLARACI\u00d3N"},"Iniciado en: ":{"('0163-S-2020', 0)":"Senado"},"Expediente Senado: ":{"('0163-S-2020', 0)":"0163-S-2020"},"Publicado en: ":{"('0163-S-2020', 0)":"Diario de Asuntos Entrados N\u00b0 9"},"Fecha: ":{"('0163-S-2020', 0)":"03\/03\/2020"},"T\u00edtulo":{"('0163-S-2020', 0)":"EXPRESAR BENEPLACITO POR LA CONMEMORACION DEL 123\u00b0 ANIVERSARIO DE LA LOCALIDAD DE PIEDRA DEL AGUILA, DEPARTAMENTO DE COLLON CURA, PROVINCIA DEL NEUQUEN, A CELEBRARSE EL 8 DE ABRIL DE 2020. "},"('Firmantes', 'FIRMANTE')":{"('0163-S-2020', 0)":"CREXELL, CARMEN LUCILA"},"('Firmantes', 'DISTRITO')":{"('0163-S-2020', 0)":"NEUQUEN"},"('Firmantes', 'BLOQUE')":{"('0163-S-2020', 0)":"MOV POP NEUQUINO"},"Link":{"('0163-S-2020', 0)":"http:\/\/www.senado.gov.ar\/parlamentario\/comisiones\/verExp\/163.20\/S\/PD"},"Palabra Clave":{"('0163-S-2020', 0)":" "}}