{"Tipo de Proyecto":{"('0164-D-2020', 0)":"PROYECTO DE RESOLUCI\u00d3N","('0164-D-2020', 1)":null,"('0164-D-2020', 2)":null,"('0164-D-2020', 3)":null,"('0164-D-2020', 4)":null,"('0164-D-2020', 5)":null},"Iniciado en: ":{"('0164-D-2020', 0)":"Diputados","('0164-D-2020', 1)":null,"('0164-D-2020', 2)":null,"('0164-D-2020', 3)":null,"('0164-D-2020', 4)":null,"('0164-D-2020', 5)":null},"Expediente Diputados: ":{"('0164-D-2020', 0)":"0164-D-2020","('0164-D-2020', 1)":null,"('0164-D-2020', 2)":null,"('0164-D-2020', 3)":null,"('0164-D-2020', 4)":null,"('0164-D-2020', 5)":null},"Publicado en: ":{"('0164-D-2020', 0)":"Tr\u00e1mite Parlamentario N\u00b0 2","('0164-D-2020', 1)":null,"('0164-D-2020', 2)":null,"('0164-D-2020', 3)":null,"('0164-D-2020', 4)":null,"('0164-D-2020', 5)":null},"Fecha: ":{"('0164-D-2020', 0)":"03\/03\/2020","('0164-D-2020', 1)":null,"('0164-D-2020', 2)":null,"('0164-D-2020', 3)":null,"('0164-D-2020', 4)":null,"('0164-D-2020', 5)":null},"T\u00edtulo":{"('0164-D-2020', 0)":"PEDIDO DE INFORMES AL PODER EJECUTIVO SOBRE DIVERSAS CUESTIONES RELACIONADAS CON LAS MEDIDAS DE PREVENCION  ANTE EL \"CORONAVIRUS - COVID-19\".","('0164-D-2020', 1)":null,"('0164-D-2020', 2)":null,"('0164-D-2020', 3)":null,"('0164-D-2020', 4)":null,"('0164-D-2020', 5)":null},"('Firmantes', 'FIRMANTE')":{"('0164-D-2020', 0)":"IGLESIAS, FERNANDO ADOLFO","('0164-D-2020', 1)":"WOLFF, WALDO EZEQUIEL","('0164-D-2020', 2)":"GARCIA, ALEJANDRO","('0164-D-2020', 3)":"EL SUKARIA, SOHER","('0164-D-2020', 4)":"RUARTE, ADRIANA NOEMI","('0164-D-2020', 5)":"TORRES, IGNACIO AGUSTIN"},"('Firmantes', 'DISTRITO')":{"('0164-D-2020', 0)":"CIUDAD de BUENOS AIRES","('0164-D-2020', 1)":"BUENOS AIRES","('0164-D-2020', 2)":"CIUDAD de BUENOS AIRES","('0164-D-2020', 3)":"CORDOBA","('0164-D-2020', 4)":"CORDOBA","('0164-D-2020', 5)":"CHUBUT"},"('Firmantes', 'BLOQUE')":{"('0164-D-2020', 0)":"PRO","('0164-D-2020', 1)":"PRO","('0164-D-2020', 2)":"PRO","('0164-D-2020', 3)":"PRO","('0164-D-2020', 4)":"PRO","('0164-D-2020', 5)":"PRO"},"('Giros', 'COMISI\u00d3N')":{"('0164-D-2020', 0)":"ACCION SOCIAL Y SALUD PUBLICA","('0164-D-2020', 1)":null,"('0164-D-2020', 2)":null,"('0164-D-2020', 3)":null,"('0164-D-2020', 4)":null,"('0164-D-2020', 5)":null},"('Tramites', 'C\u00c1MARA')":{"('0164-D-2020', 0)":"Diputados","('0164-D-2020', 1)":null,"('0164-D-2020', 2)":null,"('0164-D-2020', 3)":null,"('0164-D-2020', 4)":null,"('0164-D-2020', 5)":null},"('Tramites', 'MOVIMIENTO')":{"('0164-D-2020', 0)":"SOLICITUD DE SER COFIRMANTE DEL DIPUTADO TORRES (A SUS ANTECEDENTES)","('0164-D-2020', 1)":null,"('0164-D-2020', 2)":null,"('0164-D-2020', 3)":null,"('0164-D-2020', 4)":null,"('0164-D-2020', 5)":null},"('Tramites', 'FECHA')":{"('0164-D-2020', 0)":null,"('0164-D-2020', 1)":null,"('0164-D-2020', 2)":null,"('0164-D-2020', 3)":null,"('0164-D-2020', 4)":null,"('0164-D-2020', 5)":null},"('Tramites', 'RESULTADO')":{"('0164-D-2020', 0)":null,"('0164-D-2020', 1)":null,"('0164-D-2020', 2)":null,"('0164-D-2020', 3)":null,"('0164-D-2020', 4)":null,"('0164-D-2020', 5)":null},"Link":{"('0164-D-2020', 0)":"https:\/\/www.hcdn.gob.ar\/proyectos\/textoCompleto.jsp?exp=0164-D-2020&tipo=RESOLUCION","('0164-D-2020', 1)":null,"('0164-D-2020', 2)":null,"('0164-D-2020', 3)":null,"('0164-D-2020', 4)":null,"('0164-D-2020', 5)":null},"Palabra Clave":{"('0164-D-2020', 0)":" ","('0164-D-2020', 1)":null,"('0164-D-2020', 2)":null,"('0164-D-2020', 3)":null,"('0164-D-2020', 4)":null,"('0164-D-2020', 5)":null}}