{"Tipo de Proyecto":{"('0165-S-2020', 0)":"PROYECTO DE DECLARACI\u00d3N"},"Iniciado en: ":{"('0165-S-2020', 0)":"Senado"},"Expediente Senado: ":{"('0165-S-2020', 0)":"0165-S-2020"},"Publicado en: ":{"('0165-S-2020', 0)":"Diario de Asuntos Entrados N\u00b0 9"},"Fecha: ":{"('0165-S-2020', 0)":"03\/03\/2020"},"T\u00edtulo":{"('0165-S-2020', 0)":"EXPRESAR BENEPLACITO POR LA CONMEMORACION DEL 31\u00b0 ANIVERSARIO DE LA LOCALIDAD DE VILLA DEL NAHUEVE, DEPARTAMENTO DE MINAS, PROVINCIA DEL NEUQUEN, A CELEBRARSE EL 17 DE ABRIL DE 2020. "},"('Firmantes', 'FIRMANTE')":{"('0165-S-2020', 0)":"CREXELL, CARMEN LUCILA"},"('Firmantes', 'DISTRITO')":{"('0165-S-2020', 0)":"NEUQUEN"},"('Firmantes', 'BLOQUE')":{"('0165-S-2020', 0)":"MOV POP NEUQUINO"},"Link":{"('0165-S-2020', 0)":"http:\/\/www.senado.gov.ar\/parlamentario\/comisiones\/verExp\/165.20\/S\/PD"},"Palabra Clave":{"('0165-S-2020', 0)":" "}}