{"Tipo de Proyecto":{"('0167-D-2020', 0)":"PROYECTO DE RESOLUCI\u00d3N","('0167-D-2020', 1)":null,"('0167-D-2020', 2)":null,"('0167-D-2020', 3)":null,"('0167-D-2020', 4)":null,"('0167-D-2020', 5)":null,"('0167-D-2020', 6)":null,"('0167-D-2020', 7)":null,"('0167-D-2020', 8)":null,"('0167-D-2020', 9)":null,"('0167-D-2020', 10)":null,"('0167-D-2020', 11)":null,"('0167-D-2020', 12)":null,"('0167-D-2020', 13)":null,"('0167-D-2020', 14)":null},"Iniciado en: ":{"('0167-D-2020', 0)":"Diputados","('0167-D-2020', 1)":null,"('0167-D-2020', 2)":null,"('0167-D-2020', 3)":null,"('0167-D-2020', 4)":null,"('0167-D-2020', 5)":null,"('0167-D-2020', 6)":null,"('0167-D-2020', 7)":null,"('0167-D-2020', 8)":null,"('0167-D-2020', 9)":null,"('0167-D-2020', 10)":null,"('0167-D-2020', 11)":null,"('0167-D-2020', 12)":null,"('0167-D-2020', 13)":null,"('0167-D-2020', 14)":null},"Expediente Diputados: ":{"('0167-D-2020', 0)":"0167-D-2020","('0167-D-2020', 1)":null,"('0167-D-2020', 2)":null,"('0167-D-2020', 3)":null,"('0167-D-2020', 4)":null,"('0167-D-2020', 5)":null,"('0167-D-2020', 6)":null,"('0167-D-2020', 7)":null,"('0167-D-2020', 8)":null,"('0167-D-2020', 9)":null,"('0167-D-2020', 10)":null,"('0167-D-2020', 11)":null,"('0167-D-2020', 12)":null,"('0167-D-2020', 13)":null,"('0167-D-2020', 14)":null},"Publicado en: ":{"('0167-D-2020', 0)":"Tr\u00e1mite Parlamentario N\u00b0 2","('0167-D-2020', 1)":null,"('0167-D-2020', 2)":null,"('0167-D-2020', 3)":null,"('0167-D-2020', 4)":null,"('0167-D-2020', 5)":null,"('0167-D-2020', 6)":null,"('0167-D-2020', 7)":null,"('0167-D-2020', 8)":null,"('0167-D-2020', 9)":null,"('0167-D-2020', 10)":null,"('0167-D-2020', 11)":null,"('0167-D-2020', 12)":null,"('0167-D-2020', 13)":null,"('0167-D-2020', 14)":null},"Fecha: ":{"('0167-D-2020', 0)":"03\/03\/2020","('0167-D-2020', 1)":null,"('0167-D-2020', 2)":null,"('0167-D-2020', 3)":null,"('0167-D-2020', 4)":null,"('0167-D-2020', 5)":null,"('0167-D-2020', 6)":null,"('0167-D-2020', 7)":null,"('0167-D-2020', 8)":null,"('0167-D-2020', 9)":null,"('0167-D-2020', 10)":null,"('0167-D-2020', 11)":null,"('0167-D-2020', 12)":null,"('0167-D-2020', 13)":null,"('0167-D-2020', 14)":null},"T\u00edtulo":{"('0167-D-2020', 0)":"PEDIDO DE INFORMES VERBALES AL MINISTRO DE SALUD DE LA NACION, DR. GINES GONZALEZ GARCIA, SOBRE LAS MEDIDAS DE PREVENCION ADOPTADAS POR EL CORONAVIRUS - COVID-19, Y OTRAS CUESTIONES CONEXAS.","('0167-D-2020', 1)":null,"('0167-D-2020', 2)":null,"('0167-D-2020', 3)":null,"('0167-D-2020', 4)":null,"('0167-D-2020', 5)":null,"('0167-D-2020', 6)":null,"('0167-D-2020', 7)":null,"('0167-D-2020', 8)":null,"('0167-D-2020', 9)":null,"('0167-D-2020', 10)":null,"('0167-D-2020', 11)":null,"('0167-D-2020', 12)":null,"('0167-D-2020', 13)":null,"('0167-D-2020', 14)":null},"('Firmantes', 'FIRMANTE')":{"('0167-D-2020', 0)":"PETRI, LUIS ALFONSO","('0167-D-2020', 1)":"MESTRE, DIEGO MATIAS","('0167-D-2020', 2)":"NAJUL, CLAUDIA","('0167-D-2020', 3)":"MATZEN, LORENA","('0167-D-2020', 4)":"BURYAILE, RICARDO","('0167-D-2020', 5)":"LENA, GABRIELA","('0167-D-2020', 6)":"CARRIZO, MARIA SOLEDAD","('0167-D-2020', 7)":"POLLEDO, CARMEN","('0167-D-2020', 8)":"FREGONESE, ALICIA","('0167-D-2020', 9)":"REGIDOR BELLEDONE, ESTELA MERCEDES","('0167-D-2020', 10)":"TORELLO, PABLO","('0167-D-2020', 11)":"MENNA, GUSTAVO","('0167-D-2020', 12)":"AYALA, AIDA BEATRIZ MAXIMA","('0167-D-2020', 13)":"REY, MARIA LUJAN","('0167-D-2020', 14)":"MORALES GORLERI, VICTORIA"},"('Firmantes', 'DISTRITO')":{"('0167-D-2020', 0)":"MENDOZA","('0167-D-2020', 1)":"CORDOBA","('0167-D-2020', 2)":"MENDOZA","('0167-D-2020', 3)":"RIO NEGRO","('0167-D-2020', 4)":"FORMOSA","('0167-D-2020', 5)":"ENTRE RIOS","('0167-D-2020', 6)":"CORDOBA","('0167-D-2020', 7)":"CIUDAD de BUENOS AIRES","('0167-D-2020', 8)":"ENTRE RIOS","('0167-D-2020', 9)":"CORRIENTES","('0167-D-2020', 10)":"BUENOS AIRES","('0167-D-2020', 11)":"CHUBUT","('0167-D-2020', 12)":"CHACO","('0167-D-2020', 13)":"BUENOS AIRES","('0167-D-2020', 14)":"CIUDAD de BUENOS AIRES"},"('Firmantes', 'BLOQUE')":{"('0167-D-2020', 0)":"UCR","('0167-D-2020', 1)":"UCR","('0167-D-2020', 2)":"UCR","('0167-D-2020', 3)":"UCR","('0167-D-2020', 4)":"UCR","('0167-D-2020', 5)":"UCR","('0167-D-2020', 6)":"UCR","('0167-D-2020', 7)":"PRO","('0167-D-2020', 8)":"PRO","('0167-D-2020', 9)":"UCR","('0167-D-2020', 10)":"PRO","('0167-D-2020', 11)":"UCR","('0167-D-2020', 12)":"UCR","('0167-D-2020', 13)":"PRO","('0167-D-2020', 14)":"PRO"},"('Giros', 'COMISI\u00d3N')":{"('0167-D-2020', 0)":"ASUNTOS CONSTITUCIONALES","('0167-D-2020', 1)":"ACCION SOCIAL Y SALUD PUBLICA","('0167-D-2020', 2)":null,"('0167-D-2020', 3)":null,"('0167-D-2020', 4)":null,"('0167-D-2020', 5)":null,"('0167-D-2020', 6)":null,"('0167-D-2020', 7)":null,"('0167-D-2020', 8)":null,"('0167-D-2020', 9)":null,"('0167-D-2020', 10)":null,"('0167-D-2020', 11)":null,"('0167-D-2020', 12)":null,"('0167-D-2020', 13)":null,"('0167-D-2020', 14)":null},"('Tramites', 'C\u00c1MARA')":{"('0167-D-2020', 0)":"Diputados","('0167-D-2020', 1)":null,"('0167-D-2020', 2)":null,"('0167-D-2020', 3)":null,"('0167-D-2020', 4)":null,"('0167-D-2020', 5)":null,"('0167-D-2020', 6)":null,"('0167-D-2020', 7)":null,"('0167-D-2020', 8)":null,"('0167-D-2020', 9)":null,"('0167-D-2020', 10)":null,"('0167-D-2020', 11)":null,"('0167-D-2020', 12)":null,"('0167-D-2020', 13)":null,"('0167-D-2020', 14)":null},"('Tramites', 'MOVIMIENTO')":{"('0167-D-2020', 0)":"SOLICITUD DE SER ADHERENTE DEL DIPUTADO SANCHEZ (A SUS ANTECEDENTES)","('0167-D-2020', 1)":null,"('0167-D-2020', 2)":null,"('0167-D-2020', 3)":null,"('0167-D-2020', 4)":null,"('0167-D-2020', 5)":null,"('0167-D-2020', 6)":null,"('0167-D-2020', 7)":null,"('0167-D-2020', 8)":null,"('0167-D-2020', 9)":null,"('0167-D-2020', 10)":null,"('0167-D-2020', 11)":null,"('0167-D-2020', 12)":null,"('0167-D-2020', 13)":null,"('0167-D-2020', 14)":null},"('Tramites', 'FECHA')":{"('0167-D-2020', 0)":null,"('0167-D-2020', 1)":null,"('0167-D-2020', 2)":null,"('0167-D-2020', 3)":null,"('0167-D-2020', 4)":null,"('0167-D-2020', 5)":null,"('0167-D-2020', 6)":null,"('0167-D-2020', 7)":null,"('0167-D-2020', 8)":null,"('0167-D-2020', 9)":null,"('0167-D-2020', 10)":null,"('0167-D-2020', 11)":null,"('0167-D-2020', 12)":null,"('0167-D-2020', 13)":null,"('0167-D-2020', 14)":null},"('Tramites', 'RESULTADO')":{"('0167-D-2020', 0)":null,"('0167-D-2020', 1)":null,"('0167-D-2020', 2)":null,"('0167-D-2020', 3)":null,"('0167-D-2020', 4)":null,"('0167-D-2020', 5)":null,"('0167-D-2020', 6)":null,"('0167-D-2020', 7)":null,"('0167-D-2020', 8)":null,"('0167-D-2020', 9)":null,"('0167-D-2020', 10)":null,"('0167-D-2020', 11)":null,"('0167-D-2020', 12)":null,"('0167-D-2020', 13)":null,"('0167-D-2020', 14)":null},"Link":{"('0167-D-2020', 0)":"https:\/\/www.hcdn.gob.ar\/proyectos\/textoCompleto.jsp?exp=0167-D-2020&tipo=RESOLUCION","('0167-D-2020', 1)":null,"('0167-D-2020', 2)":null,"('0167-D-2020', 3)":null,"('0167-D-2020', 4)":null,"('0167-D-2020', 5)":null,"('0167-D-2020', 6)":null,"('0167-D-2020', 7)":null,"('0167-D-2020', 8)":null,"('0167-D-2020', 9)":null,"('0167-D-2020', 10)":null,"('0167-D-2020', 11)":null,"('0167-D-2020', 12)":null,"('0167-D-2020', 13)":null,"('0167-D-2020', 14)":null},"Palabra Clave":{"('0167-D-2020', 0)":" ","('0167-D-2020', 1)":null,"('0167-D-2020', 2)":null,"('0167-D-2020', 3)":null,"('0167-D-2020', 4)":null,"('0167-D-2020', 5)":null,"('0167-D-2020', 6)":null,"('0167-D-2020', 7)":null,"('0167-D-2020', 8)":null,"('0167-D-2020', 9)":null,"('0167-D-2020', 10)":null,"('0167-D-2020', 11)":null,"('0167-D-2020', 12)":null,"('0167-D-2020', 13)":null,"('0167-D-2020', 14)":null}}