{"Tipo de Proyecto":{"('0167-PE-2020', 0)":"MENSAJE NRO: 0095\/20 Y PROYECTO DE LEY","('0167-PE-2020', 1)":null,"('0167-PE-2020', 2)":null,"('0167-PE-2020', 3)":null,"('0167-PE-2020', 4)":null},"Iniciado en: ":{"('0167-PE-2020', 0)":"Senado","('0167-PE-2020', 1)":null,"('0167-PE-2020', 2)":null,"('0167-PE-2020', 3)":null,"('0167-PE-2020', 4)":null},"Expediente Senado: ":{"('0167-PE-2020', 0)":"0167-PE-2020","('0167-PE-2020', 1)":null,"('0167-PE-2020', 2)":null,"('0167-PE-2020', 3)":null,"('0167-PE-2020', 4)":null},"Publicado en: ":{"('0167-PE-2020', 0)":"DAE S.A. N\u00b0 0","('0167-PE-2020', 1)":null,"('0167-PE-2020', 2)":null,"('0167-PE-2020', 3)":null,"('0167-PE-2020', 4)":null},"Fecha: ":{"('0167-PE-2020', 0)":"16\/09\/2020","('0167-PE-2020', 1)":null,"('0167-PE-2020', 2)":null,"('0167-PE-2020', 3)":null,"('0167-PE-2020', 4)":null},"T\u00edtulo":{"('0167-PE-2020', 0)":"APROBACION DEL \"CONVENIO DE TRANSFERENCIA PROGRESIVA DE FACULTADES Y FUNCIONES DE SEGURIDAD EN TODAS LAS MATERIAS NO FEDERALES EJERCIDAS EN LA CIUDAD AUTONOMA DE BUENOS AIRES\", FIRMADO ENTRE EL ESTADO NACIONAL Y EL GOBIERNO DE LA CIUDAD AUTONOMA DE BUENOS AIRES EL 5 DE ENERO DE 2016.","('0167-PE-2020', 1)":null,"('0167-PE-2020', 2)":null,"('0167-PE-2020', 3)":null,"('0167-PE-2020', 4)":null},"('Firmantes', 'FIRMANTE')":{"('0167-PE-2020', 0)":"FERNANDEZ, ALBERTO","('0167-PE-2020', 1)":"CAFIERO, SANTIAGO ANDRES","('0167-PE-2020', 2)":"FREDERIC, SABINA ANDREA","('0167-PE-2020', 3)":"GUZMAN, MARTIN MAXIMILIANO","('0167-PE-2020', 4)":"DE PEDRO, EDUARDO ENRIQUE"},"('Firmantes', 'DISTRITO')":{"('0167-PE-2020', 0)":null,"('0167-PE-2020', 1)":null,"('0167-PE-2020', 2)":null,"('0167-PE-2020', 3)":null,"('0167-PE-2020', 4)":null},"('Firmantes', 'BLOQUE')":{"('0167-PE-2020', 0)":"PODER EJECUTIVO","('0167-PE-2020', 1)":"PODER EJECUTIVO","('0167-PE-2020', 2)":"PODER EJECUTIVO","('0167-PE-2020', 3)":"PODER EJECUTIVO","('0167-PE-2020', 4)":"PODER EJECUTIVO"},"Sumario":{"('0167-PE-2020', 0)":"FIJACION DEL GASTO ANUAL QUE DEMANDA DURANTE EL PRESENTE EJERCICIO DE LA TRANSFERENCIA REALIZADA, QUE SE DIVIDIRA EN CUOTAS MENSUALES QUE SE TRANSFERIRAN DESDE EL TESORO NACIONAL A LA CIUDAD AUTONOMA DE BUENOS AIRES Y SU ACTUALIZACION SE REALIZARA EN FORMA TRIMESTRAL; ADECUACION DEL PRESUPUESTO GENERAL DE LA ADMINISTRACION NACIONAL PARA EL EJERCICIO 2020; READECUACION DE LA PARTICIPACION QUE LE CORRESPONDE A LA CIUDAD AUTONOMA DE BUENOS AIRES POR APLICACION DEL ARTICULO 8 DE LA LEY 23548, DE COPARTICIPACION FEDERAL, Y SUS MODIFICACIONES, CONFORME A LO DISPUESTO POR EL ARTICULO 2 DEL DECRETO 735\/2020, FONDO PARA EL FORTALECIMIENTO FISCAL DE LA PROVINCIA DE BUENOS AIRES; ENTRADA EN VIGENCIA; SE FACULTA AL MINISTERIO DE ECONOMIA A DICTAR LAS NORMAS COMPLEMENTARIAS Y \/ O ACLARATORIAS NECESARIAS PARA DAR CUMPLIMIENTO A LA PRESENTE LEY.","('0167-PE-2020', 1)":null,"('0167-PE-2020', 2)":null,"('0167-PE-2020', 3)":null,"('0167-PE-2020', 4)":null},"Palabra Clave":{"('0167-PE-2020', 0)":" ","('0167-PE-2020', 1)":null,"('0167-PE-2020', 2)":null,"('0167-PE-2020', 3)":null,"('0167-PE-2020', 4)":null}}