{"Tipo de Proyecto":{"('0169-D-2020', 0)":"PROYECTO DE LEY","('0169-D-2020', 1)":null,"('0169-D-2020', 2)":null,"('0169-D-2020', 3)":null,"('0169-D-2020', 4)":null,"('0169-D-2020', 5)":null,"('0169-D-2020', 6)":null,"('0169-D-2020', 7)":null,"('0169-D-2020', 8)":null,"('0169-D-2020', 9)":null,"('0169-D-2020', 10)":null,"('0169-D-2020', 11)":null,"('0169-D-2020', 12)":null,"('0169-D-2020', 13)":null,"('0169-D-2020', 14)":null,"('0169-D-2020', 15)":null,"('0169-D-2020', 16)":null,"('0169-D-2020', 17)":null,"('0169-D-2020', 18)":null,"('0169-D-2020', 19)":null,"('0169-D-2020', 20)":null},"Iniciado en: ":{"('0169-D-2020', 0)":"Diputados","('0169-D-2020', 1)":null,"('0169-D-2020', 2)":null,"('0169-D-2020', 3)":null,"('0169-D-2020', 4)":null,"('0169-D-2020', 5)":null,"('0169-D-2020', 6)":null,"('0169-D-2020', 7)":null,"('0169-D-2020', 8)":null,"('0169-D-2020', 9)":null,"('0169-D-2020', 10)":null,"('0169-D-2020', 11)":null,"('0169-D-2020', 12)":null,"('0169-D-2020', 13)":null,"('0169-D-2020', 14)":null,"('0169-D-2020', 15)":null,"('0169-D-2020', 16)":null,"('0169-D-2020', 17)":null,"('0169-D-2020', 18)":null,"('0169-D-2020', 19)":null,"('0169-D-2020', 20)":null},"Expediente Diputados: ":{"('0169-D-2020', 0)":"0169-D-2020","('0169-D-2020', 1)":null,"('0169-D-2020', 2)":null,"('0169-D-2020', 3)":null,"('0169-D-2020', 4)":null,"('0169-D-2020', 5)":null,"('0169-D-2020', 6)":null,"('0169-D-2020', 7)":null,"('0169-D-2020', 8)":null,"('0169-D-2020', 9)":null,"('0169-D-2020', 10)":null,"('0169-D-2020', 11)":null,"('0169-D-2020', 12)":null,"('0169-D-2020', 13)":null,"('0169-D-2020', 14)":null,"('0169-D-2020', 15)":null,"('0169-D-2020', 16)":null,"('0169-D-2020', 17)":null,"('0169-D-2020', 18)":null,"('0169-D-2020', 19)":null,"('0169-D-2020', 20)":null},"Publicado en: ":{"('0169-D-2020', 0)":"Tr\u00e1mite Parlamentario N\u00b0 3","('0169-D-2020', 1)":null,"('0169-D-2020', 2)":null,"('0169-D-2020', 3)":null,"('0169-D-2020', 4)":null,"('0169-D-2020', 5)":null,"('0169-D-2020', 6)":null,"('0169-D-2020', 7)":null,"('0169-D-2020', 8)":null,"('0169-D-2020', 9)":null,"('0169-D-2020', 10)":null,"('0169-D-2020', 11)":null,"('0169-D-2020', 12)":null,"('0169-D-2020', 13)":null,"('0169-D-2020', 14)":null,"('0169-D-2020', 15)":null,"('0169-D-2020', 16)":null,"('0169-D-2020', 17)":null,"('0169-D-2020', 18)":null,"('0169-D-2020', 19)":null,"('0169-D-2020', 20)":null},"Fecha: ":{"('0169-D-2020', 0)":"04\/03\/2020","('0169-D-2020', 1)":null,"('0169-D-2020', 2)":null,"('0169-D-2020', 3)":null,"('0169-D-2020', 4)":null,"('0169-D-2020', 5)":null,"('0169-D-2020', 6)":null,"('0169-D-2020', 7)":null,"('0169-D-2020', 8)":null,"('0169-D-2020', 9)":null,"('0169-D-2020', 10)":null,"('0169-D-2020', 11)":null,"('0169-D-2020', 12)":null,"('0169-D-2020', 13)":null,"('0169-D-2020', 14)":null,"('0169-D-2020', 15)":null,"('0169-D-2020', 16)":null,"('0169-D-2020', 17)":null,"('0169-D-2020', 18)":null,"('0169-D-2020', 19)":null,"('0169-D-2020', 20)":null},"T\u00edtulo":{"('0169-D-2020', 0)":"PARIDAD DE GENERO EN EL ACCESO AL EMPLEO. REGIMEN. ","('0169-D-2020', 1)":null,"('0169-D-2020', 2)":null,"('0169-D-2020', 3)":null,"('0169-D-2020', 4)":null,"('0169-D-2020', 5)":null,"('0169-D-2020', 6)":null,"('0169-D-2020', 7)":null,"('0169-D-2020', 8)":null,"('0169-D-2020', 9)":null,"('0169-D-2020', 10)":null,"('0169-D-2020', 11)":null,"('0169-D-2020', 12)":null,"('0169-D-2020', 13)":null,"('0169-D-2020', 14)":null,"('0169-D-2020', 15)":null,"('0169-D-2020', 16)":null,"('0169-D-2020', 17)":null,"('0169-D-2020', 18)":null,"('0169-D-2020', 19)":null,"('0169-D-2020', 20)":null},"('Firmantes', 'FIRMANTE')":{"('0169-D-2020', 0)":"YASKY, HUGO","('0169-D-2020', 1)":"CORREA, WALTER","('0169-D-2020', 2)":"CARRO, PABLO","('0169-D-2020', 3)":"ALDERETE, JUAN CARLOS","('0169-D-2020', 4)":"ROMERO, JORGE ANTONIO","('0169-D-2020', 5)":"TUNDIS, MIRTA","('0169-D-2020', 6)":"GROSSO, LEONARDO","('0169-D-2020', 7)":"CISNEROS, CARLOS ANIBAL","('0169-D-2020', 8)":"OSUNA, BLANCA INES","('0169-D-2020', 9)":"UCEDA, MARISA LOURDES","('0169-D-2020', 10)":"GAILLARD, ANA CAROLINA","('0169-D-2020', 11)":"LANDRISCINI, SUSANA GRACIELA","('0169-D-2020', 12)":"CALIVA, LIA VERONICA","('0169-D-2020', 13)":"ALVAREZ RODRIGUEZ, MARIA CRISTINA","('0169-D-2020', 14)":"BRAWER, MARA","('0169-D-2020', 15)":"MACHA, MONICA","('0169-D-2020', 16)":"SELVA, CARLOS AMERICO","('0169-D-2020', 17)":"MOUNIER, PATRICIA","('0169-D-2020', 18)":"ROSSO, VICTORIA","('0169-D-2020', 19)":"VIVERO, CARLOS ALBERTO","('0169-D-2020', 20)":"ORMACHEA, CLAUDIA BEATRIZ"},"('Firmantes', 'DISTRITO')":{"('0169-D-2020', 0)":"BUENOS AIRES","('0169-D-2020', 1)":"BUENOS AIRES","('0169-D-2020', 2)":"CORDOBA","('0169-D-2020', 3)":"BUENOS AIRES","('0169-D-2020', 4)":"CORRIENTES","('0169-D-2020', 5)":"BUENOS AIRES","('0169-D-2020', 6)":"BUENOS AIRES","('0169-D-2020', 7)":"TUCUMAN","('0169-D-2020', 8)":"ENTRE RIOS","('0169-D-2020', 9)":"MENDOZA","('0169-D-2020', 10)":"ENTRE RIOS","('0169-D-2020', 11)":"RIO NEGRO","('0169-D-2020', 12)":"SALTA","('0169-D-2020', 13)":"BUENOS AIRES","('0169-D-2020', 14)":"CIUDAD de BUENOS AIRES","('0169-D-2020', 15)":"BUENOS AIRES","('0169-D-2020', 16)":"BUENOS AIRES","('0169-D-2020', 17)":"SANTA FE","('0169-D-2020', 18)":"SAN LUIS","('0169-D-2020', 19)":"NEUQUEN","('0169-D-2020', 20)":"BUENOS AIRES"},"('Firmantes', 'BLOQUE')":{"('0169-D-2020', 0)":"FRENTE DE TODOS","('0169-D-2020', 1)":"FRENTE DE TODOS","('0169-D-2020', 2)":"FRENTE DE TODOS","('0169-D-2020', 3)":"FRENTE DE TODOS","('0169-D-2020', 4)":"FRENTE DE TODOS","('0169-D-2020', 5)":"FRENTE DE TODOS","('0169-D-2020', 6)":"FRENTE DE TODOS","('0169-D-2020', 7)":"FRENTE DE TODOS","('0169-D-2020', 8)":"FRENTE DE TODOS","('0169-D-2020', 9)":"FRENTE DE TODOS","('0169-D-2020', 10)":"FRENTE DE TODOS","('0169-D-2020', 11)":"FRENTE DE TODOS","('0169-D-2020', 12)":"FRENTE DE TODOS","('0169-D-2020', 13)":"FRENTE DE TODOS","('0169-D-2020', 14)":"FRENTE DE TODOS","('0169-D-2020', 15)":"FRENTE DE TODOS","('0169-D-2020', 16)":"FRENTE DE TODOS","('0169-D-2020', 17)":"FRENTE DE TODOS","('0169-D-2020', 18)":"FRENTE DE TODOS","('0169-D-2020', 19)":"FRENTE DE TODOS","('0169-D-2020', 20)":"FRENTE DE TODOS"},"('Giros', 'COMISI\u00d3N')":{"('0169-D-2020', 0)":"MUJERES Y DIVERSIDAD","('0169-D-2020', 1)":"ASUNTOS CONSTITUCIONALES","('0169-D-2020', 2)":"LEGISLACION DEL TRABAJO","('0169-D-2020', 3)":null,"('0169-D-2020', 4)":null,"('0169-D-2020', 5)":null,"('0169-D-2020', 6)":null,"('0169-D-2020', 7)":null,"('0169-D-2020', 8)":null,"('0169-D-2020', 9)":null,"('0169-D-2020', 10)":null,"('0169-D-2020', 11)":null,"('0169-D-2020', 12)":null,"('0169-D-2020', 13)":null,"('0169-D-2020', 14)":null,"('0169-D-2020', 15)":null,"('0169-D-2020', 16)":null,"('0169-D-2020', 17)":null,"('0169-D-2020', 18)":null,"('0169-D-2020', 19)":null,"('0169-D-2020', 20)":null},"('Tramites', 'C\u00c1MARA')":{"('0169-D-2020', 0)":"Diputados","('0169-D-2020', 1)":null,"('0169-D-2020', 2)":null,"('0169-D-2020', 3)":null,"('0169-D-2020', 4)":null,"('0169-D-2020', 5)":null,"('0169-D-2020', 6)":null,"('0169-D-2020', 7)":null,"('0169-D-2020', 8)":null,"('0169-D-2020', 9)":null,"('0169-D-2020', 10)":null,"('0169-D-2020', 11)":null,"('0169-D-2020', 12)":null,"('0169-D-2020', 13)":null,"('0169-D-2020', 14)":null,"('0169-D-2020', 15)":null,"('0169-D-2020', 16)":null,"('0169-D-2020', 17)":null,"('0169-D-2020', 18)":null,"('0169-D-2020', 19)":null,"('0169-D-2020', 20)":null},"('Tramites', 'MOVIMIENTO')":{"('0169-D-2020', 0)":"SOLICITUD DE SER COFIRMANTE DE LOS DIPUTADOS Y LAS DIPUTADAS: MACHA, SELVA, MOUNIER, ROSSO, VIVERO Y ORMACHEA (A SUS ANTECEDENTES)","('0169-D-2020', 1)":null,"('0169-D-2020', 2)":null,"('0169-D-2020', 3)":null,"('0169-D-2020', 4)":null,"('0169-D-2020', 5)":null,"('0169-D-2020', 6)":null,"('0169-D-2020', 7)":null,"('0169-D-2020', 8)":null,"('0169-D-2020', 9)":null,"('0169-D-2020', 10)":null,"('0169-D-2020', 11)":null,"('0169-D-2020', 12)":null,"('0169-D-2020', 13)":null,"('0169-D-2020', 14)":null,"('0169-D-2020', 15)":null,"('0169-D-2020', 16)":null,"('0169-D-2020', 17)":null,"('0169-D-2020', 18)":null,"('0169-D-2020', 19)":null,"('0169-D-2020', 20)":null},"('Tramites', 'FECHA')":{"('0169-D-2020', 0)":null,"('0169-D-2020', 1)":null,"('0169-D-2020', 2)":null,"('0169-D-2020', 3)":null,"('0169-D-2020', 4)":null,"('0169-D-2020', 5)":null,"('0169-D-2020', 6)":null,"('0169-D-2020', 7)":null,"('0169-D-2020', 8)":null,"('0169-D-2020', 9)":null,"('0169-D-2020', 10)":null,"('0169-D-2020', 11)":null,"('0169-D-2020', 12)":null,"('0169-D-2020', 13)":null,"('0169-D-2020', 14)":null,"('0169-D-2020', 15)":null,"('0169-D-2020', 16)":null,"('0169-D-2020', 17)":null,"('0169-D-2020', 18)":null,"('0169-D-2020', 19)":null,"('0169-D-2020', 20)":null},"('Tramites', 'RESULTADO')":{"('0169-D-2020', 0)":null,"('0169-D-2020', 1)":null,"('0169-D-2020', 2)":null,"('0169-D-2020', 3)":null,"('0169-D-2020', 4)":null,"('0169-D-2020', 5)":null,"('0169-D-2020', 6)":null,"('0169-D-2020', 7)":null,"('0169-D-2020', 8)":null,"('0169-D-2020', 9)":null,"('0169-D-2020', 10)":null,"('0169-D-2020', 11)":null,"('0169-D-2020', 12)":null,"('0169-D-2020', 13)":null,"('0169-D-2020', 14)":null,"('0169-D-2020', 15)":null,"('0169-D-2020', 16)":null,"('0169-D-2020', 17)":null,"('0169-D-2020', 18)":null,"('0169-D-2020', 19)":null,"('0169-D-2020', 20)":null},"Sumario":{"('0169-D-2020', 0)":"LAS OFERTAS DE EMPLEO NO PODRAN CONTENER EXIGENCIAS QUE ALTEREN LA IGUALDAD DE OPORTUNIDADES ENTRE GENEROS; ORGANISMO DE CONTROL: DIRECCION DE IGUALDAD DE OPORTUNIDADES ENTRE VARONES Y MUJERES EN EL MUNDO LABORAL, PERTENECIENTE AL MINISTERIO DE TRABAJO, EMPLEO Y SEGURIDAD SOCIAL DE LA NACION; EXCEPCIONES; INFORMES; CERTIFICACION: SELLO DE PARIDAD DE GENERO.","('0169-D-2020', 1)":null,"('0169-D-2020', 2)":null,"('0169-D-2020', 3)":null,"('0169-D-2020', 4)":null,"('0169-D-2020', 5)":null,"('0169-D-2020', 6)":null,"('0169-D-2020', 7)":null,"('0169-D-2020', 8)":null,"('0169-D-2020', 9)":null,"('0169-D-2020', 10)":null,"('0169-D-2020', 11)":null,"('0169-D-2020', 12)":null,"('0169-D-2020', 13)":null,"('0169-D-2020', 14)":null,"('0169-D-2020', 15)":null,"('0169-D-2020', 16)":null,"('0169-D-2020', 17)":null,"('0169-D-2020', 18)":null,"('0169-D-2020', 19)":null,"('0169-D-2020', 20)":null},"Palabra Clave":{"('0169-D-2020', 0)":" ","('0169-D-2020', 1)":null,"('0169-D-2020', 2)":null,"('0169-D-2020', 3)":null,"('0169-D-2020', 4)":null,"('0169-D-2020', 5)":null,"('0169-D-2020', 6)":null,"('0169-D-2020', 7)":null,"('0169-D-2020', 8)":null,"('0169-D-2020', 9)":null,"('0169-D-2020', 10)":null,"('0169-D-2020', 11)":null,"('0169-D-2020', 12)":null,"('0169-D-2020', 13)":null,"('0169-D-2020', 14)":null,"('0169-D-2020', 15)":null,"('0169-D-2020', 16)":null,"('0169-D-2020', 17)":null,"('0169-D-2020', 18)":null,"('0169-D-2020', 19)":null,"('0169-D-2020', 20)":null}}