{"Tipo de Proyecto":{"('0170-D-2020', 0)":"PROYECTO DE RESOLUCI\u00d3N"},"Iniciado en: ":{"('0170-D-2020', 0)":"Diputados"},"Expediente Diputados: ":{"('0170-D-2020', 0)":"0170-D-2020"},"Publicado en: ":{"('0170-D-2020', 0)":"Tr\u00e1mite Parlamentario N\u00b0 3"},"Fecha: ":{"('0170-D-2020', 0)":"04\/03\/2020"},"T\u00edtulo":{"('0170-D-2020', 0)":"DECLARAR DE INTERES DE LA H. CAMARA LA OBRA DE TEATRO \"BORGES Y FONTANARROSA EN UN BAR DEL PARAISO\", A PRESENTARSE EN  LA \"FERIA INTERNACIONAL DEL LIBRO BUENOS AIRES 2020\""},"('Firmantes', 'FIRMANTE')":{"('0170-D-2020', 0)":"FERNANDEZ, HECTOR"},"('Firmantes', 'DISTRITO')":{"('0170-D-2020', 0)":"BUENOS AIRES"},"('Firmantes', 'BLOQUE')":{"('0170-D-2020', 0)":"FRENTE DE TODOS"},"('Giros', 'COMISI\u00d3N')":{"('0170-D-2020', 0)":"CULTURA"},"Link":{"('0170-D-2020', 0)":"https:\/\/www.hcdn.gob.ar\/proyectos\/textoCompleto.jsp?exp=0170-D-2020&tipo=RESOLUCION"},"Palabra Clave":{"('0170-D-2020', 0)":" "}}