{"Tipo de Proyecto":{"('0170-S-2020', 0)":"COMUNICACION"},"Iniciado en: ":{"('0170-S-2020', 0)":"Senado"},"Expediente Senado: ":{"('0170-S-2020', 0)":"0170-S-2020"},"Publicado en: ":{"('0170-S-2020', 0)":"Diario de Asuntos Entrados N\u00b0 9"},"Fecha: ":{"('0170-S-2020', 0)":"03\/03\/2020"},"T\u00edtulo":{"('0170-S-2020', 0)":"SOLICITAR AL PODER EJECUTIVO MEDIDAS DE CUIDADO RESPONSABLE DE LA \"RUTA DE LOS SIETE LAGOS\", PERTENECIENTE A LA RUTA NACIONAL N\u00b0 40. "},"('Firmantes', 'FIRMANTE')":{"('0170-S-2020', 0)":"CREXELL, CARMEN LUCILA"},"('Firmantes', 'DISTRITO')":{"('0170-S-2020', 0)":"NEUQUEN"},"('Firmantes', 'BLOQUE')":{"('0170-S-2020', 0)":"MOV POP NEUQUINO"},"Link":{"('0170-S-2020', 0)":"http:\/\/www.senado.gov.ar\/parlamentario\/comisiones\/verExp\/170.20\/S\/PC"},"Palabra Clave":{"('0170-S-2020', 0)":" "}}