{"Tipo de Proyecto":{"('0171-D-2020', 0)":"PROYECTO DE LEY","('0171-D-2020', 1)":null,"('0171-D-2020', 2)":null,"('0171-D-2020', 3)":null,"('0171-D-2020', 4)":null,"('0171-D-2020', 5)":null,"('0171-D-2020', 6)":null,"('0171-D-2020', 7)":null,"('0171-D-2020', 8)":null,"('0171-D-2020', 9)":null,"('0171-D-2020', 10)":null,"('0171-D-2020', 11)":null,"('0171-D-2020', 12)":null,"('0171-D-2020', 13)":null,"('0171-D-2020', 14)":null,"('0171-D-2020', 15)":null,"('0171-D-2020', 16)":null,"('0171-D-2020', 17)":null},"Iniciado en: ":{"('0171-D-2020', 0)":"Diputados","('0171-D-2020', 1)":null,"('0171-D-2020', 2)":null,"('0171-D-2020', 3)":null,"('0171-D-2020', 4)":null,"('0171-D-2020', 5)":null,"('0171-D-2020', 6)":null,"('0171-D-2020', 7)":null,"('0171-D-2020', 8)":null,"('0171-D-2020', 9)":null,"('0171-D-2020', 10)":null,"('0171-D-2020', 11)":null,"('0171-D-2020', 12)":null,"('0171-D-2020', 13)":null,"('0171-D-2020', 14)":null,"('0171-D-2020', 15)":null,"('0171-D-2020', 16)":null,"('0171-D-2020', 17)":null},"Expediente Diputados: ":{"('0171-D-2020', 0)":"0171-D-2020","('0171-D-2020', 1)":null,"('0171-D-2020', 2)":null,"('0171-D-2020', 3)":null,"('0171-D-2020', 4)":null,"('0171-D-2020', 5)":null,"('0171-D-2020', 6)":null,"('0171-D-2020', 7)":null,"('0171-D-2020', 8)":null,"('0171-D-2020', 9)":null,"('0171-D-2020', 10)":null,"('0171-D-2020', 11)":null,"('0171-D-2020', 12)":null,"('0171-D-2020', 13)":null,"('0171-D-2020', 14)":null,"('0171-D-2020', 15)":null,"('0171-D-2020', 16)":null,"('0171-D-2020', 17)":null},"Publicado en: ":{"('0171-D-2020', 0)":"Tr\u00e1mite Parlamentario N\u00b0 3","('0171-D-2020', 1)":null,"('0171-D-2020', 2)":null,"('0171-D-2020', 3)":null,"('0171-D-2020', 4)":null,"('0171-D-2020', 5)":null,"('0171-D-2020', 6)":null,"('0171-D-2020', 7)":null,"('0171-D-2020', 8)":null,"('0171-D-2020', 9)":null,"('0171-D-2020', 10)":null,"('0171-D-2020', 11)":null,"('0171-D-2020', 12)":null,"('0171-D-2020', 13)":null,"('0171-D-2020', 14)":null,"('0171-D-2020', 15)":null,"('0171-D-2020', 16)":null,"('0171-D-2020', 17)":null},"Fecha: ":{"('0171-D-2020', 0)":"04\/03\/2020","('0171-D-2020', 1)":null,"('0171-D-2020', 2)":null,"('0171-D-2020', 3)":null,"('0171-D-2020', 4)":null,"('0171-D-2020', 5)":null,"('0171-D-2020', 6)":null,"('0171-D-2020', 7)":null,"('0171-D-2020', 8)":null,"('0171-D-2020', 9)":null,"('0171-D-2020', 10)":null,"('0171-D-2020', 11)":null,"('0171-D-2020', 12)":null,"('0171-D-2020', 13)":null,"('0171-D-2020', 14)":null,"('0171-D-2020', 15)":null,"('0171-D-2020', 16)":null,"('0171-D-2020', 17)":null},"T\u00edtulo":{"('0171-D-2020', 0)":"PROTECCION INTEGRAL DE LAS PERSONAS GESTANTES. REGIMEN. ","('0171-D-2020', 1)":null,"('0171-D-2020', 2)":null,"('0171-D-2020', 3)":null,"('0171-D-2020', 4)":null,"('0171-D-2020', 5)":null,"('0171-D-2020', 6)":null,"('0171-D-2020', 7)":null,"('0171-D-2020', 8)":null,"('0171-D-2020', 9)":null,"('0171-D-2020', 10)":null,"('0171-D-2020', 11)":null,"('0171-D-2020', 12)":null,"('0171-D-2020', 13)":null,"('0171-D-2020', 14)":null,"('0171-D-2020', 15)":null,"('0171-D-2020', 16)":null,"('0171-D-2020', 17)":null},"('Firmantes', 'FIRMANTE')":{"('0171-D-2020', 0)":"FREGONESE, ALICIA","('0171-D-2020', 1)":"CAMPAGNOLI, MARCELA","('0171-D-2020', 2)":"ENRIQUEZ, JORGE RICARDO","('0171-D-2020', 3)":"MANZI, RUBEN","('0171-D-2020', 4)":"RITONDO, CRISTIAN ADRIAN","('0171-D-2020', 5)":"TERADA, ALICIA","('0171-D-2020', 6)":"MAQUIEYRA, MARTIN","('0171-D-2020', 7)":"BERISSO, HERNAN","('0171-D-2020', 8)":"FLORES, HECTOR","('0171-D-2020', 9)":"SCAGLIA, GISELA","('0171-D-2020', 10)":"ASSEFF, ALBERTO","('0171-D-2020', 11)":"SCHIAVONI, ALFREDO OSCAR","('0171-D-2020', 12)":"LASPINA, LUCIANO ANDRES","('0171-D-2020', 13)":"BRAMBILLA, SOFIA","('0171-D-2020', 14)":"POLLEDO, CARMEN","('0171-D-2020', 15)":"VARA, JORGE","('0171-D-2020', 16)":"LEHMANN, MARIA LUCILA","('0171-D-2020', 17)":"BURGOS, MARIA GABRIELA"},"('Firmantes', 'DISTRITO')":{"('0171-D-2020', 0)":"ENTRE RIOS","('0171-D-2020', 1)":"BUENOS AIRES","('0171-D-2020', 2)":"CIUDAD de BUENOS AIRES","('0171-D-2020', 3)":"CATAMARCA","('0171-D-2020', 4)":"BUENOS AIRES","('0171-D-2020', 5)":"CHACO","('0171-D-2020', 6)":"LA PAMPA","('0171-D-2020', 7)":"BUENOS AIRES","('0171-D-2020', 8)":"BUENOS AIRES","('0171-D-2020', 9)":"SANTA FE","('0171-D-2020', 10)":"BUENOS AIRES","('0171-D-2020', 11)":"MISIONES","('0171-D-2020', 12)":"SANTA FE","('0171-D-2020', 13)":"CORRIENTES","('0171-D-2020', 14)":"CIUDAD de BUENOS AIRES","('0171-D-2020', 15)":"CORRIENTES","('0171-D-2020', 16)":"SANTA FE","('0171-D-2020', 17)":"JUJUY"},"('Firmantes', 'BLOQUE')":{"('0171-D-2020', 0)":"PRO","('0171-D-2020', 1)":"COALICION CIVICA","('0171-D-2020', 2)":"PRO","('0171-D-2020', 3)":"COALICION CIVICA","('0171-D-2020', 4)":"PRO","('0171-D-2020', 5)":"COALICION CIVICA","('0171-D-2020', 6)":"PRO","('0171-D-2020', 7)":"PRO","('0171-D-2020', 8)":"COALICION CIVICA","('0171-D-2020', 9)":"PRO","('0171-D-2020', 10)":"PRO","('0171-D-2020', 11)":"PRO","('0171-D-2020', 12)":"PRO","('0171-D-2020', 13)":"PRO","('0171-D-2020', 14)":"PRO","('0171-D-2020', 15)":"UCR","('0171-D-2020', 16)":"COALICION CIVICA","('0171-D-2020', 17)":"UCR"},"('Giros', 'COMISI\u00d3N')":{"('0171-D-2020', 0)":"ACCION SOCIAL Y SALUD PUBLICA","('0171-D-2020', 1)":"FAMILIAS, NI\u00d1EZ Y JUVENTUDES","('0171-D-2020', 2)":"PRESUPUESTO Y HACIENDA","('0171-D-2020', 3)":null,"('0171-D-2020', 4)":null,"('0171-D-2020', 5)":null,"('0171-D-2020', 6)":null,"('0171-D-2020', 7)":null,"('0171-D-2020', 8)":null,"('0171-D-2020', 9)":null,"('0171-D-2020', 10)":null,"('0171-D-2020', 11)":null,"('0171-D-2020', 12)":null,"('0171-D-2020', 13)":null,"('0171-D-2020', 14)":null,"('0171-D-2020', 15)":null,"('0171-D-2020', 16)":null,"('0171-D-2020', 17)":null},"('Tramites', 'C\u00c1MARA')":{"('0171-D-2020', 0)":"Diputados","('0171-D-2020', 1)":"Diputados","('0171-D-2020', 2)":"Diputados","('0171-D-2020', 3)":null,"('0171-D-2020', 4)":null,"('0171-D-2020', 5)":null,"('0171-D-2020', 6)":null,"('0171-D-2020', 7)":null,"('0171-D-2020', 8)":null,"('0171-D-2020', 9)":null,"('0171-D-2020', 10)":null,"('0171-D-2020', 11)":null,"('0171-D-2020', 12)":null,"('0171-D-2020', 13)":null,"('0171-D-2020', 14)":null,"('0171-D-2020', 15)":null,"('0171-D-2020', 16)":null,"('0171-D-2020', 17)":null},"('Tramites', 'MOVIMIENTO')":{"('0171-D-2020', 0)":"SOLICITUD DE SER COFIRMANTE DEL DIPUTADO VARA (A SUS ANTECEDENTES)","('0171-D-2020', 1)":"SOLICITUD DE SER COFIRMANTE DE LA DIPUTADA LEHMAN (A SUS ANTECEDENTES)","('0171-D-2020', 2)":"SOLICITUD DE SER COFIRMANTE DE LA DIPUTADA BURGOS (A SUS ANTECEDENTES)","('0171-D-2020', 3)":null,"('0171-D-2020', 4)":null,"('0171-D-2020', 5)":null,"('0171-D-2020', 6)":null,"('0171-D-2020', 7)":null,"('0171-D-2020', 8)":null,"('0171-D-2020', 9)":null,"('0171-D-2020', 10)":null,"('0171-D-2020', 11)":null,"('0171-D-2020', 12)":null,"('0171-D-2020', 13)":null,"('0171-D-2020', 14)":null,"('0171-D-2020', 15)":null,"('0171-D-2020', 16)":null,"('0171-D-2020', 17)":null},"('Tramites', 'FECHA')":{"('0171-D-2020', 0)":null,"('0171-D-2020', 1)":null,"('0171-D-2020', 2)":null,"('0171-D-2020', 3)":null,"('0171-D-2020', 4)":null,"('0171-D-2020', 5)":null,"('0171-D-2020', 6)":null,"('0171-D-2020', 7)":null,"('0171-D-2020', 8)":null,"('0171-D-2020', 9)":null,"('0171-D-2020', 10)":null,"('0171-D-2020', 11)":null,"('0171-D-2020', 12)":null,"('0171-D-2020', 13)":null,"('0171-D-2020', 14)":null,"('0171-D-2020', 15)":null,"('0171-D-2020', 16)":null,"('0171-D-2020', 17)":null},"('Tramites', 'RESULTADO')":{"('0171-D-2020', 0)":null,"('0171-D-2020', 1)":null,"('0171-D-2020', 2)":null,"('0171-D-2020', 3)":null,"('0171-D-2020', 4)":null,"('0171-D-2020', 5)":null,"('0171-D-2020', 6)":null,"('0171-D-2020', 7)":null,"('0171-D-2020', 8)":null,"('0171-D-2020', 9)":null,"('0171-D-2020', 10)":null,"('0171-D-2020', 11)":null,"('0171-D-2020', 12)":null,"('0171-D-2020', 13)":null,"('0171-D-2020', 14)":null,"('0171-D-2020', 15)":null,"('0171-D-2020', 16)":null,"('0171-D-2020', 17)":null},"Sumario":{"('0171-D-2020', 0)":"ORDEN PUBLICO; AUTORIDAD DE APLICACION: MINISTERIO DE SALUD DE LA NACION; PERSONAS GESTANTES: ACCESO A LA INFORMACION INTEGRAL; SITUACION DE VULNERABILIDAD;  EQUIPO INTERDISCIPLINARIO; INFORMACION Y DIFUSION; CAPACITACION Y REGISTRO; COBERTURA; INFORME ANUAL DEL MINISTERIO DE SALUD A COMISIONES DEL CONGRESO DE LA NACION","('0171-D-2020', 1)":null,"('0171-D-2020', 2)":null,"('0171-D-2020', 3)":null,"('0171-D-2020', 4)":null,"('0171-D-2020', 5)":null,"('0171-D-2020', 6)":null,"('0171-D-2020', 7)":null,"('0171-D-2020', 8)":null,"('0171-D-2020', 9)":null,"('0171-D-2020', 10)":null,"('0171-D-2020', 11)":null,"('0171-D-2020', 12)":null,"('0171-D-2020', 13)":null,"('0171-D-2020', 14)":null,"('0171-D-2020', 15)":null,"('0171-D-2020', 16)":null,"('0171-D-2020', 17)":null},"Palabra Clave":{"('0171-D-2020', 0)":" ","('0171-D-2020', 1)":null,"('0171-D-2020', 2)":null,"('0171-D-2020', 3)":null,"('0171-D-2020', 4)":null,"('0171-D-2020', 5)":null,"('0171-D-2020', 6)":null,"('0171-D-2020', 7)":null,"('0171-D-2020', 8)":null,"('0171-D-2020', 9)":null,"('0171-D-2020', 10)":null,"('0171-D-2020', 11)":null,"('0171-D-2020', 12)":null,"('0171-D-2020', 13)":null,"('0171-D-2020', 14)":null,"('0171-D-2020', 15)":null,"('0171-D-2020', 16)":null,"('0171-D-2020', 17)":null}}