{"Tipo de Proyecto":{"('0173-S-2020', 0)":"PROYECTO DE LEY"},"Iniciado en: ":{"('0173-S-2020', 0)":"Senado"},"Expediente Senado: ":{"('0173-S-2020', 0)":"0173-S-2020"},"Publicado en: ":{"('0173-S-2020', 0)":"Diario de Asuntos Entrados N\u00b0 9"},"Fecha: ":{"('0173-S-2020', 0)":"03\/03\/2020"},"T\u00edtulo":{"('0173-S-2020', 0)":"MODIFICACION DE LAS LEYES 24417 Y 26485 -VIOLENCIA FAMILIAR Y DE PROTECCION INTEGRAL A LAS MUJERES- RESPECTO A LA DURACION DE LAS MEDIDAS DE PROTECCION PERSONAL CONTRA LA VIOLENCIA FAMILIAR (REPRODUCCION DEL EXPEDIENTE 0032-S-18)."},"('Firmantes', 'FIRMANTE')":{"('0173-S-2020', 0)":"GONZALEZ, GLADYS ESTHER"},"('Firmantes', 'DISTRITO')":{"('0173-S-2020', 0)":"BUENOS AIRES"},"('Firmantes', 'BLOQUE')":{"('0173-S-2020', 0)":"FRENTE PRO"},"Sumario":{"('0173-S-2020', 0)":"MODIFICACION DEL ARTICULO 4 DE LA LEY 24417 Y DEL ARTICULO 27 DE LA LEY 26485."},"Palabra Clave":{"('0173-S-2020', 0)":" "}}