{"Tipo de Proyecto":{"('0174-S-2020', 0)":"PROYECTO DE LEY"},"Iniciado en: ":{"('0174-S-2020', 0)":"Senado"},"Expediente Senado: ":{"('0174-S-2020', 0)":"0174-S-2020"},"Publicado en: ":{"('0174-S-2020', 0)":"Diario de Asuntos Entrados N\u00b0 9"},"Fecha: ":{"('0174-S-2020', 0)":"03\/03\/2020"},"T\u00edtulo":{"('0174-S-2020', 0)":"MODIFICACION DEL ARTICULO 150 DEL CODIGO PENAL DE LA NACION QUE ESTABLECE UN AGRAVANTE AL DELITO DE VIOLACION DE DOMICILIO, TRANSGREDIENDO UNA MEDIDA CAUTELAR DE EXCLUSION DEL HOGAR O DE PROHIBICION DE ACERCAMIENTO (REPRODUCCION DEL EXPEDIENTE 0031-S-18)."},"('Firmantes', 'FIRMANTE')":{"('0174-S-2020', 0)":"GONZALEZ, GLADYS ESTHER"},"('Firmantes', 'DISTRITO')":{"('0174-S-2020', 0)":"BUENOS AIRES"},"('Firmantes', 'BLOQUE')":{"('0174-S-2020', 0)":"FRENTE PRO"},"Link":{"('0174-S-2020', 0)":"http:\/\/www.senado.gov.ar\/parlamentario\/comisiones\/verExp\/174.20\/S\/PL"},"Palabra Clave":{"('0174-S-2020', 0)":" "}}