{"Tipo de Proyecto":{"('0175-D-2020', 0)":"PROYECTO DE RESOLUCI\u00d3N","('0175-D-2020', 1)":null,"('0175-D-2020', 2)":null,"('0175-D-2020', 3)":null,"('0175-D-2020', 4)":null},"Iniciado en: ":{"('0175-D-2020', 0)":"Diputados","('0175-D-2020', 1)":null,"('0175-D-2020', 2)":null,"('0175-D-2020', 3)":null,"('0175-D-2020', 4)":null},"Expediente Diputados: ":{"('0175-D-2020', 0)":"0175-D-2020","('0175-D-2020', 1)":null,"('0175-D-2020', 2)":null,"('0175-D-2020', 3)":null,"('0175-D-2020', 4)":null},"Publicado en: ":{"('0175-D-2020', 0)":"Tr\u00e1mite Parlamentario N\u00b0 3","('0175-D-2020', 1)":null,"('0175-D-2020', 2)":null,"('0175-D-2020', 3)":null,"('0175-D-2020', 4)":null},"Fecha: ":{"('0175-D-2020', 0)":"04\/03\/2020","('0175-D-2020', 1)":null,"('0175-D-2020', 2)":null,"('0175-D-2020', 3)":null,"('0175-D-2020', 4)":null},"T\u00edtulo":{"('0175-D-2020', 0)":"DECLARAR DE INTERES DE LA H. CAMARA EL \"41 FIESTA NACIONAL DE LA SAGRA DE LA UVA\", A CELEBRARSE EL 15 DE MARZO DE 2020 EN COLONIA CAROYA, PROVINCIA DE CORDOBA. ","('0175-D-2020', 1)":null,"('0175-D-2020', 2)":null,"('0175-D-2020', 3)":null,"('0175-D-2020', 4)":null},"('Firmantes', 'FIRMANTE')":{"('0175-D-2020', 0)":"EL SUKARIA, SOHER","('0175-D-2020', 1)":"BALDASSI, HECTOR","('0175-D-2020', 2)":"FRIZZA, GABRIEL ALBERTO","('0175-D-2020', 3)":"JUEZ, LUIS ALFREDO","('0175-D-2020', 4)":"RUARTE, ADRIANA NOEMI"},"('Firmantes', 'DISTRITO')":{"('0175-D-2020', 0)":"CORDOBA","('0175-D-2020', 1)":"CORDOBA","('0175-D-2020', 2)":"CORDOBA","('0175-D-2020', 3)":"CORDOBA","('0175-D-2020', 4)":"CORDOBA"},"('Firmantes', 'BLOQUE')":{"('0175-D-2020', 0)":"PRO","('0175-D-2020', 1)":"PRO","('0175-D-2020', 2)":"PRO","('0175-D-2020', 3)":"PRO","('0175-D-2020', 4)":"PRO"},"('Giros', 'COMISI\u00d3N')":{"('0175-D-2020', 0)":"AGRICULTURA Y GANADERIA","('0175-D-2020', 1)":null,"('0175-D-2020', 2)":null,"('0175-D-2020', 3)":null,"('0175-D-2020', 4)":null},"Link":{"('0175-D-2020', 0)":"https:\/\/www.hcdn.gob.ar\/proyectos\/textoCompleto.jsp?exp=0175-D-2020&tipo=RESOLUCION","('0175-D-2020', 1)":null,"('0175-D-2020', 2)":null,"('0175-D-2020', 3)":null,"('0175-D-2020', 4)":null},"Palabra Clave":{"('0175-D-2020', 0)":" ","('0175-D-2020', 1)":null,"('0175-D-2020', 2)":null,"('0175-D-2020', 3)":null,"('0175-D-2020', 4)":null}}