{"Tipo de Proyecto":{"('0175-PE-2020', 0)":"MENSAJE NRO: 0096\/20","('0175-PE-2020', 1)":null,"('0175-PE-2020', 2)":null},"Iniciado en: ":{"('0175-PE-2020', 0)":"Senado","('0175-PE-2020', 1)":null,"('0175-PE-2020', 2)":null},"Expediente Senado: ":{"('0175-PE-2020', 0)":"0175-PE-2020","('0175-PE-2020', 1)":null,"('0175-PE-2020', 2)":null},"Publicado en: ":{"('0175-PE-2020', 0)":"DAE S.A. N\u00b0 8","('0175-PE-2020', 1)":null,"('0175-PE-2020', 2)":null},"Fecha: ":{"('0175-PE-2020', 0)":"30\/09\/2020","('0175-PE-2020', 1)":null,"('0175-PE-2020', 2)":null},"T\u00edtulo":{"('0175-PE-2020', 0)":"SOLICITAR ACUERDO PARA DESIGNAR JUEZA DEL JUZGADO NACIONAL DE PRIMERA INSTANCIA DEL TRABAJO N\u00ba 21 DE LA CAPITAL FEDERAL, A LA DRA. VIVIANA MARIEL DOBARRO.","('0175-PE-2020', 1)":null,"('0175-PE-2020', 2)":null},"('Firmantes', 'FIRMANTE')":{"('0175-PE-2020', 0)":"FERNANDEZ, ALBERTO","('0175-PE-2020', 1)":"CAFIERO, SANTIAGO ANDRES","('0175-PE-2020', 2)":"LOSARDO, MARCELA MIRIAM"},"('Firmantes', 'DISTRITO')":{"('0175-PE-2020', 0)":null,"('0175-PE-2020', 1)":null,"('0175-PE-2020', 2)":null},"('Firmantes', 'BLOQUE')":{"('0175-PE-2020', 0)":"PODER EJECUTIVO","('0175-PE-2020', 1)":"PODER EJECUTIVO","('0175-PE-2020', 2)":"PODER EJECUTIVO"},"Palabra Clave":{"('0175-PE-2020', 0)":" ","('0175-PE-2020', 1)":null,"('0175-PE-2020', 2)":null}}