{"Tipo de Proyecto":{"('0176-D-2020', 0)":"PROYECTO DE DECLARACI\u00d3N","('0176-D-2020', 1)":null,"('0176-D-2020', 2)":null,"('0176-D-2020', 3)":null,"('0176-D-2020', 4)":null,"('0176-D-2020', 5)":null,"('0176-D-2020', 6)":null,"('0176-D-2020', 7)":null},"Iniciado en: ":{"('0176-D-2020', 0)":"Diputados","('0176-D-2020', 1)":null,"('0176-D-2020', 2)":null,"('0176-D-2020', 3)":null,"('0176-D-2020', 4)":null,"('0176-D-2020', 5)":null,"('0176-D-2020', 6)":null,"('0176-D-2020', 7)":null},"Expediente Diputados: ":{"('0176-D-2020', 0)":"0176-D-2020","('0176-D-2020', 1)":null,"('0176-D-2020', 2)":null,"('0176-D-2020', 3)":null,"('0176-D-2020', 4)":null,"('0176-D-2020', 5)":null,"('0176-D-2020', 6)":null,"('0176-D-2020', 7)":null},"Publicado en: ":{"('0176-D-2020', 0)":"Tr\u00e1mite Parlamentario N\u00b0 3","('0176-D-2020', 1)":null,"('0176-D-2020', 2)":null,"('0176-D-2020', 3)":null,"('0176-D-2020', 4)":null,"('0176-D-2020', 5)":null,"('0176-D-2020', 6)":null,"('0176-D-2020', 7)":null},"Fecha: ":{"('0176-D-2020', 0)":"04\/03\/2020","('0176-D-2020', 1)":null,"('0176-D-2020', 2)":null,"('0176-D-2020', 3)":null,"('0176-D-2020', 4)":null,"('0176-D-2020', 5)":null,"('0176-D-2020', 6)":null,"('0176-D-2020', 7)":null},"T\u00edtulo":{"('0176-D-2020', 0)":"SOLICITAR AL PODER EJECUTIVO DISPONGA EXCEPTUAR DEL IMPUESTO CREADO POR LA LEY 27541, EMERGENCIA PUBLICA, A LAS PERSONAS QUE REALIZAN ACTIVIDADES EDUCATIVAS Y DE CAPACITACION PROFESIONAL EN EL EXTERIOR.","('0176-D-2020', 1)":null,"('0176-D-2020', 2)":null,"('0176-D-2020', 3)":null,"('0176-D-2020', 4)":null,"('0176-D-2020', 5)":null,"('0176-D-2020', 6)":null,"('0176-D-2020', 7)":null},"('Firmantes', 'FIRMANTE')":{"('0176-D-2020', 0)":"GRANDE, MARTIN","('0176-D-2020', 1)":"ARCE, MARIO HORACIO","('0176-D-2020', 2)":"REZINOVSKY, DINA","('0176-D-2020', 3)":"NAJUL, CLAUDIA","('0176-D-2020', 4)":"REGIDOR BELLEDONE, ESTELA MERCEDES","('0176-D-2020', 5)":"STEFANI, HECTOR ANTONIO","('0176-D-2020', 6)":"ENRIQUEZ, JORGE RICARDO","('0176-D-2020', 7)":"MANZI, RUBEN"},"('Firmantes', 'DISTRITO')":{"('0176-D-2020', 0)":"SALTA","('0176-D-2020', 1)":"FORMOSA","('0176-D-2020', 2)":"CIUDAD de BUENOS AIRES","('0176-D-2020', 3)":"MENDOZA","('0176-D-2020', 4)":"CORRIENTES","('0176-D-2020', 5)":"TIERRA DEL FUEGO","('0176-D-2020', 6)":"CIUDAD de BUENOS AIRES","('0176-D-2020', 7)":"CATAMARCA"},"('Firmantes', 'BLOQUE')":{"('0176-D-2020', 0)":"PRO","('0176-D-2020', 1)":"UCR","('0176-D-2020', 2)":"PRO","('0176-D-2020', 3)":"UCR","('0176-D-2020', 4)":"UCR","('0176-D-2020', 5)":"PRO","('0176-D-2020', 6)":"PRO","('0176-D-2020', 7)":"COALICION CIVICA"},"('Giros', 'COMISI\u00d3N')":{"('0176-D-2020', 0)":"PRESUPUESTO Y HACIENDA","('0176-D-2020', 1)":"FINANZAS","('0176-D-2020', 2)":null,"('0176-D-2020', 3)":null,"('0176-D-2020', 4)":null,"('0176-D-2020', 5)":null,"('0176-D-2020', 6)":null,"('0176-D-2020', 7)":null},"Link":{"('0176-D-2020', 0)":"https:\/\/www.hcdn.gob.ar\/proyectos\/textoCompleto.jsp?exp=0176-D-2020&tipo=DECLARACION","('0176-D-2020', 1)":null,"('0176-D-2020', 2)":null,"('0176-D-2020', 3)":null,"('0176-D-2020', 4)":null,"('0176-D-2020', 5)":null,"('0176-D-2020', 6)":null,"('0176-D-2020', 7)":null},"Palabra Clave":{"('0176-D-2020', 0)":" ","('0176-D-2020', 1)":null,"('0176-D-2020', 2)":null,"('0176-D-2020', 3)":null,"('0176-D-2020', 4)":null,"('0176-D-2020', 5)":null,"('0176-D-2020', 6)":null,"('0176-D-2020', 7)":null}}