{"Tipo de Proyecto":{"('3568-S-2021', 0)":"PROYECTO DE DECLARACI\u00d3N"},"Iniciado en: ":{"('3568-S-2021', 0)":"Senado"},"Expediente Senado: ":{"('3568-S-2021', 0)":"3568-S-2021"},"Publicado en: ":{"('3568-S-2021', 0)":"Diario de Asuntos Entrados N\u00b0 0"},"Fecha: ":{"('3568-S-2021', 0)":"21\/02\/2020"},"T\u00edtulo":{"('3568-S-2021', 0)":"EXPRESAR BENEPLACITO POR LA CONMEMORACION DEL 114\u00b0 ANIVERSARIO DE LA FUNDACION DE LA CIUDAD DE ESQUEL, PROVINCIA DE CHUBUT, EL 25 DE FEBRERO DE 2020."},"('Firmantes', 'FIRMANTE')":{"('3568-S-2021', 0)":"LUENZO, ALFREDO HECTOR"},"('Firmantes', 'DISTRITO')":{"('3568-S-2021', 0)":"CHUBUT"},"('Firmantes', 'BLOQUE')":{"('3568-S-2021', 0)":"FRENTE DE TODOS"},"Link":{"('3568-S-2021', 0)":"http:\/\/www.senado.gov.ar\/parlamentario\/comisiones\/verExp\/3568.21\/S\/PD"},"Palabra Clave":{"('3568-S-2021', 0)":" "}}