{"Tipo de Proyecto":{"('0001-PE-1999', 0)":"MENSAJE NRO: 0158\/99 Y PROYECTO DE LEY","('0001-PE-1999', 1)":null,"('0001-PE-1999', 2)":null},"Iniciado en: ":{"('0001-PE-1999', 0)":"Diputados","('0001-PE-1999', 1)":null,"('0001-PE-1999', 2)":null},"Expediente Diputados: ":{"('0001-PE-1999', 0)":"0001-PE-1999","('0001-PE-1999', 1)":null,"('0001-PE-1999', 2)":null},"Publicado en: ":{"('0001-PE-1999', 0)":"Tr\u00e1mite Parlamentario N\u00b0 5","('0001-PE-1999', 1)":null,"('0001-PE-1999', 2)":null},"Fecha: ":{"('0001-PE-1999', 0)":"05\/03\/1999","('0001-PE-1999', 1)":null,"('0001-PE-1999', 2)":null},"T\u00edtulo":{"('0001-PE-1999', 0)":"EL TRIBUNAL ORAL EN LO CRIMINAL FEDERAL DE SANTA FE, PROVINCIA DE SANTA FE, ENTENDERA EN LA ETAPA DE JUICIO O PLENARIO DE LAS CAUSAS QUE TRAMITAN ANTE EL JUZGADO FEDERAL DE PRIMERA INSTANCIA CON ASIENTO EN LA CIUDAD DE RECONQUISTA, PROVINCIA DE SANTA FE.\n","('0001-PE-1999', 1)":null,"('0001-PE-1999', 2)":null},"('Firmantes', 'FIRMANTE')":{"('0001-PE-1999', 0)":"MENEM, CARLOS SAUL","('0001-PE-1999', 1)":"RODRIGUEZ, JORGE","('0001-PE-1999', 2)":"GRANILLO OCAMPO, RAUL"},"('Firmantes', 'DISTRITO')":{"('0001-PE-1999', 0)":null,"('0001-PE-1999', 1)":null,"('0001-PE-1999', 2)":null},"('Firmantes', 'BLOQUE')":{"('0001-PE-1999', 0)":"PODER EJECUTIVO","('0001-PE-1999', 1)":"PODER EJECUTIVO","('0001-PE-1999', 2)":"PODER EJECUTIVO"},"('Giros', 'COMISI\u00d3N')":{"('0001-PE-1999', 0)":"JUSTICIA","('0001-PE-1999', 1)":"LEGISLACION PENAL","('0001-PE-1999', 2)":null},"Palabra Clave":{"('0001-PE-1999', 0)":" ","('0001-PE-1999', 1)":null,"('0001-PE-1999', 2)":null}}