{"Tipo de Proyecto":{"('0002-PE-1999', 0)":"MENSAJE NRO: 0159\/99 Y PROYECTO DE LEY","('0002-PE-1999', 1)":null,"('0002-PE-1999', 2)":null,"('0002-PE-1999', 3)":null},"Iniciado en: ":{"('0002-PE-1999', 0)":"Diputados","('0002-PE-1999', 1)":null,"('0002-PE-1999', 2)":null,"('0002-PE-1999', 3)":null},"Expediente Diputados: ":{"('0002-PE-1999', 0)":"0002-PE-1999","('0002-PE-1999', 1)":null,"('0002-PE-1999', 2)":null,"('0002-PE-1999', 3)":null},"Publicado en: ":{"('0002-PE-1999', 0)":"Tr\u00e1mite Parlamentario N\u00b0 5","('0002-PE-1999', 1)":null,"('0002-PE-1999', 2)":null,"('0002-PE-1999', 3)":null},"Fecha: ":{"('0002-PE-1999', 0)":"05\/03\/1999","('0002-PE-1999', 1)":null,"('0002-PE-1999', 2)":null,"('0002-PE-1999', 3)":null},"T\u00edtulo":{"('0002-PE-1999', 0)":"LEY DE SOCIEDADES ANONIMAS DEPORTIVAS (SAD).\n","('0002-PE-1999', 1)":null,"('0002-PE-1999', 2)":null,"('0002-PE-1999', 3)":null},"('Firmantes', 'FIRMANTE')":{"('0002-PE-1999', 0)":"MENEM, CARLOS SAUL","('0002-PE-1999', 1)":"GRANILLO OCAMPO, RAUL","('0002-PE-1999', 2)":"CORACH, CARLOS","('0002-PE-1999', 3)":"RODRIGUEZ, JORGE"},"('Firmantes', 'DISTRITO')":{"('0002-PE-1999', 0)":null,"('0002-PE-1999', 1)":null,"('0002-PE-1999', 2)":null,"('0002-PE-1999', 3)":null},"('Firmantes', 'BLOQUE')":{"('0002-PE-1999', 0)":"PODER EJECUTIVO","('0002-PE-1999', 1)":"PODER EJECUTIVO","('0002-PE-1999', 2)":"PODER EJECUTIVO","('0002-PE-1999', 3)":"PODER EJECUTIVO"},"('Giros', 'COMISI\u00d3N')":{"('0002-PE-1999', 0)":"DEPORTES","('0002-PE-1999', 1)":"LEGISLACION GENERAL","('0002-PE-1999', 2)":"JUSTICIA","('0002-PE-1999', 3)":"PRESUPUESTO Y HACIENDA"},"Sumario":{"('0002-PE-1999', 0)":"NATURALEZA Y CONSTITUCION; CAPITAL SOCIAL; ADMINISTRACION Y GOBIERNO: INTEGRACION Y FUNCIONES DEL DIRECTORIO; CONTABILIDAD; DISOLUCION Y LIQUIDACION; FISCALIZACION EXTERNA; CREACION DE LA COMISION ESPECIAL DE LAS SOCIEDADES ANONIMAS DEPORTIVAS (CESAD) EN EL AMBITO DEL MINISTERIO DE JUSTICIA DE LA NACION; INTEGRACION Y COMPETENCIA DE LA CESAD; ASOCIACIONES O ENTIDADES CIVILES; OBLIGACIONES Y PROHIBICIONES; INVITACION A LAS PROVINCIAS Y AL GOBIERNO DE LA CIUDAD DE BUENOS AIRES A ADHERIR A LA PRESENTE LEY.","('0002-PE-1999', 1)":null,"('0002-PE-1999', 2)":null,"('0002-PE-1999', 3)":null},"Palabra Clave":{"('0002-PE-1999', 0)":" ","('0002-PE-1999', 1)":null,"('0002-PE-1999', 2)":null,"('0002-PE-1999', 3)":null}}