{"Tipo de Proyecto":{"('0004-PE-1999', 0)":"MENSAJE NRO: 0191\/99 Y PROYECTO DE LEY","('0004-PE-1999', 1)":null,"('0004-PE-1999', 2)":null},"Iniciado en: ":{"('0004-PE-1999', 0)":"Diputados","('0004-PE-1999', 1)":null,"('0004-PE-1999', 2)":null},"Expediente Diputados: ":{"('0004-PE-1999', 0)":"0004-PE-1999","('0004-PE-1999', 1)":null,"('0004-PE-1999', 2)":null},"Publicado en: ":{"('0004-PE-1999', 0)":"Tr\u00e1mite Parlamentario N\u00b0 10","('0004-PE-1999', 1)":null,"('0004-PE-1999', 2)":null},"Fecha: ":{"('0004-PE-1999', 0)":"12\/03\/1999","('0004-PE-1999', 1)":null,"('0004-PE-1999', 2)":null},"T\u00edtulo":{"('0004-PE-1999', 0)":"PRORROGA DE LA VIGENCIA DE LA LEY 20628 DE IMPUESTO A LAS GANANCIAS, TEXTO ORDENADO EN 1997, HASTA EL 31 DE DICIEMBRE DEL 2009.","('0004-PE-1999', 1)":null,"('0004-PE-1999', 2)":null},"('Firmantes', 'FIRMANTE')":{"('0004-PE-1999', 0)":"MENEM, CARLOS SAUL","('0004-PE-1999', 1)":"RODRIGUEZ, JORGE","('0004-PE-1999', 2)":"FERNANDEZ, ROQUE"},"('Firmantes', 'DISTRITO')":{"('0004-PE-1999', 0)":null,"('0004-PE-1999', 1)":null,"('0004-PE-1999', 2)":null},"('Firmantes', 'BLOQUE')":{"('0004-PE-1999', 0)":"PODER EJECUTIVO","('0004-PE-1999', 1)":"PODER EJECUTIVO","('0004-PE-1999', 2)":"PODER EJECUTIVO"},"('Giros', 'COMISI\u00d3N')":{"('0004-PE-1999', 0)":"PRESUPUESTO Y HACIENDA","('0004-PE-1999', 1)":null,"('0004-PE-1999', 2)":null},"Palabra Clave":{"('0004-PE-1999', 0)":" ","('0004-PE-1999', 1)":null,"('0004-PE-1999', 2)":null}}