{"Tipo de Proyecto":{"('0005-PE-1999', 0)":"MENSAJE NRO: 0189\/99 Y PROYECTO DE LEY","('0005-PE-1999', 1)":null,"('0005-PE-1999', 2)":null,"('0005-PE-1999', 3)":null,"('0005-PE-1999', 4)":null},"Iniciado en: ":{"('0005-PE-1999', 0)":"Diputados","('0005-PE-1999', 1)":null,"('0005-PE-1999', 2)":null,"('0005-PE-1999', 3)":null,"('0005-PE-1999', 4)":null},"Expediente Diputados: ":{"('0005-PE-1999', 0)":"0005-PE-1999","('0005-PE-1999', 1)":null,"('0005-PE-1999', 2)":null,"('0005-PE-1999', 3)":null,"('0005-PE-1999', 4)":null},"Publicado en: ":{"('0005-PE-1999', 0)":"Tr\u00e1mite Parlamentario N\u00b0 10","('0005-PE-1999', 1)":null,"('0005-PE-1999', 2)":null,"('0005-PE-1999', 3)":null,"('0005-PE-1999', 4)":null},"Fecha: ":{"('0005-PE-1999', 0)":"12\/03\/1999","('0005-PE-1999', 1)":null,"('0005-PE-1999', 2)":null,"('0005-PE-1999', 3)":null,"('0005-PE-1999', 4)":null},"T\u00edtulo":{"('0005-PE-1999', 0)":"CREACION DEL INSTITUTO UNIVERSITARIO DEL CUERPO DE ABOGADOS DEL ESTADO, CON EL CARACTER DE INSTITUTO UNIVERSITARIO DE POSGRADO, DE ACUERDO A LO PREVISTO EN LOS ARTICULOS 24 DE LA LEY 24195, Y 74 DE LA LEY 24521.","('0005-PE-1999', 1)":null,"('0005-PE-1999', 2)":null,"('0005-PE-1999', 3)":null,"('0005-PE-1999', 4)":null},"('Firmantes', 'FIRMANTE')":{"('0005-PE-1999', 0)":"MENEM, CARLOS SAUL","('0005-PE-1999', 1)":"FERNANDEZ, ROQUE","('0005-PE-1999', 2)":"RODRIGUEZ, JORGE","('0005-PE-1999', 3)":"GRANILLO OCAMPO, RAUL","('0005-PE-1999', 4)":"DECIBE, SUSANA"},"('Firmantes', 'DISTRITO')":{"('0005-PE-1999', 0)":null,"('0005-PE-1999', 1)":null,"('0005-PE-1999', 2)":null,"('0005-PE-1999', 3)":null,"('0005-PE-1999', 4)":null},"('Firmantes', 'BLOQUE')":{"('0005-PE-1999', 0)":"PODER EJECUTIVO","('0005-PE-1999', 1)":"PODER EJECUTIVO","('0005-PE-1999', 2)":"PODER EJECUTIVO","('0005-PE-1999', 3)":"PODER EJECUTIVO","('0005-PE-1999', 4)":"PODER EJECUTIVO"},"('Giros', 'COMISI\u00d3N')":{"('0005-PE-1999', 0)":"EDUCACION","('0005-PE-1999', 1)":"JUSTICIA","('0005-PE-1999', 2)":null,"('0005-PE-1999', 3)":null,"('0005-PE-1999', 4)":null},"Sumario":{"('0005-PE-1999', 0)":"MISION; ORGANO DE GOBIERNO: COMITE ACADEMICO PRESIDIDO POR EL PROCURADOR DEL TESORO DE LA NACION: INTEGRACION; FUNCIONES.","('0005-PE-1999', 1)":null,"('0005-PE-1999', 2)":null,"('0005-PE-1999', 3)":null,"('0005-PE-1999', 4)":null},"Palabra Clave":{"('0005-PE-1999', 0)":" ","('0005-PE-1999', 1)":null,"('0005-PE-1999', 2)":null,"('0005-PE-1999', 3)":null,"('0005-PE-1999', 4)":null}}