{"Tipo de Proyecto":{"('0008-S-1999', 0)":"PROYECTO DE LEY"},"Iniciado en: ":{"('0008-S-1999', 0)":"Senado"},"Expediente Senado: ":{"('0008-S-1999', 0)":"0008-S-1999"},"Publicado en: ":{"('0008-S-1999', 0)":"Diario de Asuntos Entrados N\u00b0 1"},"Fecha: ":{"('0008-S-1999', 0)":"02\/03\/1999"},"T\u00edtulo":{"('0008-S-1999', 0)":"MODIFICACION DE LA LEY DE FINANCIAMIENTO DEL REGIMEN NACIONAL DE PREVISION (REPRODUCCION DEL EXPEDIENTE 0134-S-97)."},"('Firmantes', 'FIRMANTE')":{"('0008-S-1999', 0)":"SALA, OSVALDO RUBEN"},"('Firmantes', 'DISTRITO')":{"('0008-S-1999', 0)":"CHUBUT"},"('Firmantes', 'BLOQUE')":{"('0008-S-1999', 0)":"JUSTICIALISTA"},"Sumario":{"('0008-S-1999', 0)":"INCORPORAR AL ARTICULO 21 DEL TITULO VI DE LA LEY 23966 Y SUS MODIFICATORIAS EL INCISO F)."},"Palabra Clave":{"('0008-S-1999', 0)":" "}}