{"Tipo de Proyecto":{"('0009-PE-1999', 0)":"MENSAJE NRO: 0268\/99 Y PROYECTO DE LEY","('0009-PE-1999', 1)":null,"('0009-PE-1999', 2)":null},"Iniciado en: ":{"('0009-PE-1999', 0)":"Diputados","('0009-PE-1999', 1)":null,"('0009-PE-1999', 2)":null},"Expediente Diputados: ":{"('0009-PE-1999', 0)":"0009-PE-1999","('0009-PE-1999', 1)":null,"('0009-PE-1999', 2)":null},"Expediente Senado: ":{"('0009-PE-1999', 0)":"0094-CD-1999","('0009-PE-1999', 1)":null,"('0009-PE-1999', 2)":null},"Publicado en: ":{"('0009-PE-1999', 0)":"Tr\u00e1mite Parlamentario N\u00b0 20","('0009-PE-1999', 1)":null,"('0009-PE-1999', 2)":null},"Fecha: ":{"('0009-PE-1999', 0)":"25\/03\/1999","('0009-PE-1999', 1)":null,"('0009-PE-1999', 2)":null},"T\u00edtulo":{"('0009-PE-1999', 0)":"BENEFICIO EXTRAORDINARIO, POR UNICA VEZ, PARA LOS CAUSAHABIENTES DE LAS PERSONAS FALLECIDAS ENTRE EL 9 Y 12 DE JUNIO DE 1956, CON MOTIVO DE LA REPRESION DEL LEVANTAMIENTO CIVICO MILITAR O DE SU DISIDENCIA POLITICA.","('0009-PE-1999', 1)":null,"('0009-PE-1999', 2)":null},"('Firmantes', 'FIRMANTE')":{"('0009-PE-1999', 0)":"MENEM, CARLOS SAUL","('0009-PE-1999', 1)":"RODRIGUEZ, JORGE","('0009-PE-1999', 2)":"CORACH, CARLOS"},"('Firmantes', 'DISTRITO')":{"('0009-PE-1999', 0)":null,"('0009-PE-1999', 1)":null,"('0009-PE-1999', 2)":null},"('Firmantes', 'BLOQUE')":{"('0009-PE-1999', 0)":"PODER EJECUTIVO","('0009-PE-1999', 1)":"PODER EJECUTIVO","('0009-PE-1999', 2)":"PODER EJECUTIVO"},"('Giros', 'COMISI\u00d3N')":{"('0009-PE-1999', 0)":"PREVISION Y SEGURIDAD SOCIAL","('0009-PE-1999', 1)":"PRESUPUESTO Y HACIENDA","('0009-PE-1999', 2)":null},"('Tramites', 'C\u00c1MARA')":{"('0009-PE-1999', 0)":"Diputados","('0009-PE-1999', 1)":"Senado","('0009-PE-1999', 2)":"Senado"},"('Tramites', 'MOVIMIENTO')":{"('0009-PE-1999', 0)":"CONSIDERACION Y APROBACION","('0009-PE-1999', 1)":"PASA A SENADO - (DAE 87)","('0009-PE-1999', 2)":"CONSIDERACION Y SANCION"},"('Tramites', 'FECHA')":{"('0009-PE-1999', 0)":"25\/08\/1999","('0009-PE-1999', 1)":null,"('0009-PE-1999', 2)":"03\/11\/1999"},"('Tramites', 'RESULTADO')":{"('0009-PE-1999', 0)":"MEDIA SANCION","('0009-PE-1999', 1)":null,"('0009-PE-1999', 2)":"SANCIONADO"},"Sumario":{"('0009-PE-1999', 0)":"EL BENEFICIO SERA EL EQUIVALENTE A LA REMUNERACION MENSUAL DE LOS AGENTES NIVEL 'A' DEL SISTEMA NACIONAL DE LA PROFESION ADMINISTRATIVA, DECRETO 993\/91 (TO 1995) POR EL COEFICIENTE CIEN (100);  ACREDITACION; SOLICITUD; EXENCION DE GRAVAMENES; INVITACION A LAS PROVINCIAS; EL IMPORTE SE HARA EFECTIVO EN LOS TERMINOS DE LA LEY 23982 POR LO QUE SE INCLUIRA A LA PRESENTE EN LO DISPUESTO POR EL ARTICULO 8 DE LA LEY 25064.","('0009-PE-1999', 1)":null,"('0009-PE-1999', 2)":null},"Palabra Clave":{"('0009-PE-1999', 0)":" ","('0009-PE-1999', 1)":null,"('0009-PE-1999', 2)":null}}