{"Tipo de Proyecto":{"('0010-S-1999', 0)":"PROYECTO DE LEY"},"Iniciado en: ":{"('0010-S-1999', 0)":"Senado"},"Expediente Senado: ":{"('0010-S-1999', 0)":"0010-S-1999"},"Publicado en: ":{"('0010-S-1999', 0)":"Diario de Asuntos Entrados N\u00b0 1"},"Fecha: ":{"('0010-S-1999', 0)":"02\/03\/1999"},"T\u00edtulo":{"('0010-S-1999', 0)":"REGIMEN DE PENALIDADES PARA EL EMPLEADOR QUE CONTRATE TRABAJADORES EXTRANJEROS ILEGALES (REPRODUCCION DEL EXPEDIENTE 1573-S-97)."},"('Firmantes', 'FIRMANTE')":{"('0010-S-1999', 0)":"SALA, OSVALDO RUBEN"},"('Firmantes', 'DISTRITO')":{"('0010-S-1999', 0)":"CHUBUT"},"('Firmantes', 'BLOQUE')":{"('0010-S-1999', 0)":"JUSTICIALISTA"},"Sumario":{"('0010-S-1999', 0)":"PENALIDADES; DEROGACION DE LOS INCISOS A) Y C) DEL ARTICULO 2 DE LA LEY 24393."},"Palabra Clave":{"('0010-S-1999', 0)":" "}}