{"Tipo de Proyecto":{"('0011-S-1999', 0)":"PROYECTO DE LEY"},"Iniciado en: ":{"('0011-S-1999', 0)":"Senado"},"Expediente Senado: ":{"('0011-S-1999', 0)":"0011-S-1999"},"Publicado en: ":{"('0011-S-1999', 0)":"Diario de Asuntos Entrados N\u00b0 1"},"Fecha: ":{"('0011-S-1999', 0)":"02\/03\/1999"},"T\u00edtulo":{"('0011-S-1999', 0)":"EXCLUSION DE LAS CLAUSULAS DE RESCISION ANTICIPADA EN LOS CONTRATOS DE TELEFONIA CELULAR MOVIL (REPRODUCCION DEL EXPEDIENTE 1626-S-97)."},"('Firmantes', 'FIRMANTE')":{"('0011-S-1999', 0)":"SALA, OSVALDO RUBEN"},"('Firmantes', 'DISTRITO')":{"('0011-S-1999', 0)":"CHUBUT"},"('Firmantes', 'BLOQUE')":{"('0011-S-1999', 0)":"JUSTICIALISTA"},"Sumario":{"('0011-S-1999', 0)":"MODIFICACION DEL ARTICULO 25 DEL TITULO III DEL REGLAMENTO GENERAL DE CLIENTES DE LOS SERVICIOS DE COMUNICACIONES MOVILES APROBADO POR RESOLUCION 490\/97 DE LA SECRETARIA DE COMUNICACIONES."},"Palabra Clave":{"('0011-S-1999', 0)":" "}}