{"Tipo de Proyecto":{"('0012-S-1999', 0)":"PROYECTO DE LEY"},"Iniciado en: ":{"('0012-S-1999', 0)":"Senado"},"Expediente Senado: ":{"('0012-S-1999', 0)":"0012-S-1999"},"Publicado en: ":{"('0012-S-1999', 0)":"Diario de Asuntos Entrados N\u00b0 1"},"Fecha: ":{"('0012-S-1999', 0)":"02\/03\/1999"},"T\u00edtulo":{"('0012-S-1999', 0)":"CREACION DE UN JUZGADO FEDERAL DE PRIMERA INSTANCIA EN COMODORO RIVADAVIA, PROVINCIA DE CHUBUT (REPRODUCCION DEL EXPEDIENTE 2288-S-97)."},"('Firmantes', 'FIRMANTE')":{"('0012-S-1999', 0)":"SALA, OSVALDO RUBEN"},"('Firmantes', 'DISTRITO')":{"('0012-S-1999', 0)":"CHUBUT"},"('Firmantes', 'BLOQUE')":{"('0012-S-1999', 0)":"JUSTICIALISTA"},"Sumario":{"('0012-S-1999', 0)":"COMPETENCIA CRIMINAL Y CORRECCIONAL; REDISTRIBUCION DE CAUSAS; CARGOS."},"Palabra Clave":{"('0012-S-1999', 0)":" "}}