{"Tipo de Proyecto":{"('0013-JGM-1999', 0)":"MENSAJE NRO: 0324\/99 Y PROYECTO DE LEY","('0013-JGM-1999', 1)":null,"('0013-JGM-1999', 2)":null},"Iniciado en: ":{"('0013-JGM-1999', 0)":"Diputados","('0013-JGM-1999', 1)":null,"('0013-JGM-1999', 2)":null},"Expediente Diputados: ":{"('0013-JGM-1999', 0)":"0013-JGM-1999","('0013-JGM-1999', 1)":null,"('0013-JGM-1999', 2)":null},"Publicado en: ":{"('0013-JGM-1999', 0)":"Tr\u00e1mite Parlamentario N\u00b0 140","('0013-JGM-1999', 1)":null,"('0013-JGM-1999', 2)":null},"Fecha: ":{"('0013-JGM-1999', 0)":"16\/09\/1999","('0013-JGM-1999', 1)":null,"('0013-JGM-1999', 2)":null},"T\u00edtulo":{"('0013-JGM-1999', 0)":"MODIFICACION DEL CAPITULO IX DEL PROYECTO DE LEY DE PRESUPUESTO CORRESPONDIENTE AL A\u00d1O 2000 (0012-JGM-99).","('0013-JGM-1999', 1)":null,"('0013-JGM-1999', 2)":null},"('Firmantes', 'FIRMANTE')":{"('0013-JGM-1999', 0)":"MENEM, CARLOS SAUL","('0013-JGM-1999', 1)":"CORACH, CARLOS","('0013-JGM-1999', 2)":"FERNANDEZ, ROQUE"},"('Firmantes', 'DISTRITO')":{"('0013-JGM-1999', 0)":null,"('0013-JGM-1999', 1)":null,"('0013-JGM-1999', 2)":null},"('Firmantes', 'BLOQUE')":{"('0013-JGM-1999', 0)":"PODER EJECUTIVO","('0013-JGM-1999', 1)":"PODER EJECUTIVO","('0013-JGM-1999', 2)":"PODER EJECUTIVO"},"('Giros', 'COMISI\u00d3N')":{"('0013-JGM-1999', 0)":"PRESUPUESTO Y HACIENDA","('0013-JGM-1999', 1)":null,"('0013-JGM-1999', 2)":null},"Sumario":{"('0013-JGM-1999', 0)":"MODIFICACION DEL ARTICULO 46 (INCORPORACION DEL REGIMEN DE PROMOCION NO INDUSTRIAL).","('0013-JGM-1999', 1)":null,"('0013-JGM-1999', 2)":null},"Palabra Clave":{"('0013-JGM-1999', 0)":" ","('0013-JGM-1999', 1)":null,"('0013-JGM-1999', 2)":null}}