{"Tipo de Proyecto":{"('0013-PE-1999', 0)":"MENSAJE NRO: 0297\/99 Y PROYECTO DE LEY","('0013-PE-1999', 1)":null,"('0013-PE-1999', 2)":null,"('0013-PE-1999', 3)":null},"Iniciado en: ":{"('0013-PE-1999', 0)":"Diputados","('0013-PE-1999', 1)":null,"('0013-PE-1999', 2)":null,"('0013-PE-1999', 3)":null},"Expediente Diputados: ":{"('0013-PE-1999', 0)":"0013-PE-1999","('0013-PE-1999', 1)":null,"('0013-PE-1999', 2)":null,"('0013-PE-1999', 3)":null},"Expediente Senado: ":{"('0013-PE-1999', 0)":"0044-CD-1999","('0013-PE-1999', 1)":null,"('0013-PE-1999', 2)":null,"('0013-PE-1999', 3)":null},"Publicado en: ":{"('0013-PE-1999', 0)":"Tr\u00e1mite Parlamentario N\u00b0 23","('0013-PE-1999', 1)":null,"('0013-PE-1999', 2)":null,"('0013-PE-1999', 3)":null},"Fecha: ":{"('0013-PE-1999', 0)":"30\/03\/1999","('0013-PE-1999', 1)":null,"('0013-PE-1999', 2)":null,"('0013-PE-1999', 3)":null},"T\u00edtulo":{"('0013-PE-1999', 0)":"MODIFICACION DEL CODIGO PENAL Y DEL CODIGO PROCESAL PENAL (USURPACION DE INMUEBLES).","('0013-PE-1999', 1)":null,"('0013-PE-1999', 2)":null,"('0013-PE-1999', 3)":null},"('Firmantes', 'FIRMANTE')":{"('0013-PE-1999', 0)":"MENEM, CARLOS SAUL","('0013-PE-1999', 1)":"RODRIGUEZ, JORGE","('0013-PE-1999', 2)":"GRANILLO OCAMPO, RAUL","('0013-PE-1999', 3)":null},"('Firmantes', 'DISTRITO')":{"('0013-PE-1999', 0)":null,"('0013-PE-1999', 1)":null,"('0013-PE-1999', 2)":null,"('0013-PE-1999', 3)":null},"('Firmantes', 'BLOQUE')":{"('0013-PE-1999', 0)":"PODER EJECUTIVO","('0013-PE-1999', 1)":"PODER EJECUTIVO","('0013-PE-1999', 2)":"PODER EJECUTIVO","('0013-PE-1999', 3)":null},"('Giros', 'COMISI\u00d3N')":{"('0013-PE-1999', 0)":"LEGISLACION PENAL","('0013-PE-1999', 1)":null,"('0013-PE-1999', 2)":null,"('0013-PE-1999', 3)":null},"('Tramites', 'C\u00c1MARA')":{"('0013-PE-1999', 0)":"Diputados","('0013-PE-1999', 1)":"Senado","('0013-PE-1999', 2)":"Senado","('0013-PE-1999', 3)":"Senado"},"('Tramites', 'MOVIMIENTO')":{"('0013-PE-1999', 0)":"CONSIDERACION Y APROBACION","('0013-PE-1999', 1)":"PASA A SENADO - (DAE 39)","('0013-PE-1999', 2)":"MOCION DE PREFERENCIA PARA LA PROXIMA SESION (AFIRMATIVA)","('0013-PE-1999', 3)":"CONSIDERACION Y SANCION CONJUNTAMENTE PARA LOS EXPEDIENTES 0173-S-1999, 0013-PE-1999 y 0044-CD-1999"},"('Tramites', 'FECHA')":{"('0013-PE-1999', 0)":"12\/05\/1999","('0013-PE-1999', 1)":null,"('0013-PE-1999', 2)":"23\/08\/2000","('0013-PE-1999', 3)":"13\/09\/2000"},"('Tramites', 'RESULTADO')":{"('0013-PE-1999', 0)":"MEDIA SANCION","('0013-PE-1999', 1)":null,"('0013-PE-1999', 2)":null,"('0013-PE-1999', 3)":"SANCIONADO"},"Sumario":{"('0013-PE-1999', 0)":"SUSTITUCION DEL ARTICULO 181 DEL CODIGO PENAL (PENAS); INCORPORACION DEL ARTICULO 311 TER AL CODIGO PROCESAL PENAL (REINTEGRO PROVISIONAL DE LA POSESION O TENENCIA DEL INMUEBLE).","('0013-PE-1999', 1)":null,"('0013-PE-1999', 2)":null,"('0013-PE-1999', 3)":null},"Palabra Clave":{"('0013-PE-1999', 0)":" ","('0013-PE-1999', 1)":null,"('0013-PE-1999', 2)":null,"('0013-PE-1999', 3)":null}}