{"Tipo de Proyecto":{"('0014-JGM-1999', 0)":"MENSAJE NRO: 0330\/99 Y PROYECTO DE LEY","('0014-JGM-1999', 1)":null,"('0014-JGM-1999', 2)":null},"Iniciado en: ":{"('0014-JGM-1999', 0)":"Diputados","('0014-JGM-1999', 1)":null,"('0014-JGM-1999', 2)":null},"Expediente Diputados: ":{"('0014-JGM-1999', 0)":"0014-JGM-1999","('0014-JGM-1999', 1)":null,"('0014-JGM-1999', 2)":null},"Publicado en: ":{"('0014-JGM-1999', 0)":"Tr\u00e1mite Parlamentario N\u00b0 143","('0014-JGM-1999', 1)":null,"('0014-JGM-1999', 2)":null},"Fecha: ":{"('0014-JGM-1999', 0)":"21\/09\/1999","('0014-JGM-1999', 1)":null,"('0014-JGM-1999', 2)":null},"T\u00edtulo":{"('0014-JGM-1999', 0)":"MODIFICACION DEL CAPITULO IX DEL PROYECTO DE LEY DE PRESUPUESTO CORRESPONDIENTE AL A\u00d1O 2000 CON EL FIN DE INTRODUCIR CAMBIOS EN EL REGIMEN DE PROMOCION NO INDUSTRIAL.","('0014-JGM-1999', 1)":null,"('0014-JGM-1999', 2)":null},"('Firmantes', 'FIRMANTE')":{"('0014-JGM-1999', 0)":"MENEM, CARLOS SAUL","('0014-JGM-1999', 1)":"RODRIGUEZ, JORGE","('0014-JGM-1999', 2)":"CORACH, CARLOS"},"('Firmantes', 'DISTRITO')":{"('0014-JGM-1999', 0)":null,"('0014-JGM-1999', 1)":null,"('0014-JGM-1999', 2)":null},"('Firmantes', 'BLOQUE')":{"('0014-JGM-1999', 0)":"PODER EJECUTIVO","('0014-JGM-1999', 1)":"PODER EJECUTIVO","('0014-JGM-1999', 2)":"PODER EJECUTIVO"},"('Giros', 'COMISI\u00d3N')":{"('0014-JGM-1999', 0)":"PRESUPUESTO Y HACIENDA","('0014-JGM-1999', 1)":null,"('0014-JGM-1999', 2)":null},"Sumario":{"('0014-JGM-1999', 0)":"MODIFICACION DE LOS ARTICULOS 46 (PRORROGA DE LOS REGIMENES ESTABLECIDOS EN LAS LEYES 22021, 22702 Y 22973 PARA APROBAR NUEVOS PROYECTOS NO INDUSTRIALES EN LAS PROVINCIAS DE LA RIOJA, CATAMARCA Y SAN JUAN, INCORPORACION DE LA PROVINCIA DE SAN LUIS PARA APROBAR PROYECTOS DESTINADOS A ACTIVIDADES TURISTICAS EXCLUSIVAMENTE), 47 (SUSPENSION DE LA APROBACION Y TRAMITE DE NUEVOS PROYECTOS INDUSTRIALES BAJO EL REGIMEN DE LA LEY 19640)Y 48.","('0014-JGM-1999', 1)":null,"('0014-JGM-1999', 2)":null},"Palabra Clave":{"('0014-JGM-1999', 0)":" ","('0014-JGM-1999', 1)":null,"('0014-JGM-1999', 2)":null}}