{"Tipo de Proyecto":{"('0015-PE-1999', 0)":"MENSAJE NRO: 0315\/99","('0015-PE-1999', 1)":null,"('0015-PE-1999', 2)":null,"('0015-PE-1999', 3)":null,"('0015-PE-1999', 4)":null,"('0015-PE-1999', 5)":null,"('0015-PE-1999', 6)":null,"('0015-PE-1999', 7)":null,"('0015-PE-1999', 8)":null,"('0015-PE-1999', 9)":null},"Iniciado en: ":{"('0015-PE-1999', 0)":"Diputados","('0015-PE-1999', 1)":null,"('0015-PE-1999', 2)":null,"('0015-PE-1999', 3)":null,"('0015-PE-1999', 4)":null,"('0015-PE-1999', 5)":null,"('0015-PE-1999', 6)":null,"('0015-PE-1999', 7)":null,"('0015-PE-1999', 8)":null,"('0015-PE-1999', 9)":null},"Expediente Diputados: ":{"('0015-PE-1999', 0)":"0015-PE-1999","('0015-PE-1999', 1)":null,"('0015-PE-1999', 2)":null,"('0015-PE-1999', 3)":null,"('0015-PE-1999', 4)":null,"('0015-PE-1999', 5)":null,"('0015-PE-1999', 6)":null,"('0015-PE-1999', 7)":null,"('0015-PE-1999', 8)":null,"('0015-PE-1999', 9)":null},"Publicado en: ":{"('0015-PE-1999', 0)":"Tr\u00e1mite Parlamentario N\u00b0 28","('0015-PE-1999', 1)":null,"('0015-PE-1999', 2)":null,"('0015-PE-1999', 3)":null,"('0015-PE-1999', 4)":null,"('0015-PE-1999', 5)":null,"('0015-PE-1999', 6)":null,"('0015-PE-1999', 7)":null,"('0015-PE-1999', 8)":null,"('0015-PE-1999', 9)":null},"Fecha: ":{"('0015-PE-1999', 0)":"08\/04\/1999","('0015-PE-1999', 1)":null,"('0015-PE-1999', 2)":null,"('0015-PE-1999', 3)":null,"('0015-PE-1999', 4)":null,"('0015-PE-1999', 5)":null,"('0015-PE-1999', 6)":null,"('0015-PE-1999', 7)":null,"('0015-PE-1999', 8)":null,"('0015-PE-1999', 9)":null},"T\u00edtulo":{"('0015-PE-1999', 0)":"DECRETO 314\/99 POR EL QUE SE MODIFICA EL PRESUPUESTO DE LA ADMINISTRACION NACIONAL PARA EL A\u00d1O 1999, ESTABLECIENDOSE DIVERSAS REASIGNACIONES PRESUPUESTARIAS.","('0015-PE-1999', 1)":null,"('0015-PE-1999', 2)":null,"('0015-PE-1999', 3)":null,"('0015-PE-1999', 4)":null,"('0015-PE-1999', 5)":null,"('0015-PE-1999', 6)":null,"('0015-PE-1999', 7)":null,"('0015-PE-1999', 8)":null,"('0015-PE-1999', 9)":null},"('Firmantes', 'FIRMANTE')":{"('0015-PE-1999', 0)":"MENEM, CARLOS SAUL","('0015-PE-1999', 1)":"FERNANDEZ, ROQUE","('0015-PE-1999', 2)":"DOMINGUEZ, JORGE","('0015-PE-1999', 3)":"CORACH, CARLOS","('0015-PE-1999', 4)":"DECIBE, SUSANA","('0015-PE-1999', 5)":"RODRIGUEZ, JORGE","('0015-PE-1999', 6)":"MAZZA, ALBERTO JOSE","('0015-PE-1999', 7)":"DI TELLA, GUIDO","('0015-PE-1999', 8)":"GONZALEZ, ANTONIO ERMAN","('0015-PE-1999', 9)":"GRANILLO OCAMPO, RAUL"},"('Firmantes', 'DISTRITO')":{"('0015-PE-1999', 0)":null,"('0015-PE-1999', 1)":null,"('0015-PE-1999', 2)":null,"('0015-PE-1999', 3)":null,"('0015-PE-1999', 4)":null,"('0015-PE-1999', 5)":null,"('0015-PE-1999', 6)":null,"('0015-PE-1999', 7)":null,"('0015-PE-1999', 8)":null,"('0015-PE-1999', 9)":null},"('Firmantes', 'BLOQUE')":{"('0015-PE-1999', 0)":"PODER EJECUTIVO","('0015-PE-1999', 1)":"PODER EJECUTIVO","('0015-PE-1999', 2)":"PODER EJECUTIVO","('0015-PE-1999', 3)":"PODER EJECUTIVO","('0015-PE-1999', 4)":"PODER EJECUTIVO","('0015-PE-1999', 5)":"PODER EJECUTIVO","('0015-PE-1999', 6)":"PODER EJECUTIVO","('0015-PE-1999', 7)":"PODER EJECUTIVO","('0015-PE-1999', 8)":"PODER EJECUTIVO","('0015-PE-1999', 9)":"PODER EJECUTIVO"},"('Giros', 'COMISI\u00d3N')":{"('0015-PE-1999', 0)":"BICAMERAL PERMANENTE DE TRAMITE LEGISLATIVO - LEY 26122","('0015-PE-1999', 1)":null,"('0015-PE-1999', 2)":null,"('0015-PE-1999', 3)":null,"('0015-PE-1999', 4)":null,"('0015-PE-1999', 5)":null,"('0015-PE-1999', 6)":null,"('0015-PE-1999', 7)":null,"('0015-PE-1999', 8)":null,"('0015-PE-1999', 9)":null},"('Tramites', 'C\u00c1MARA')":{"('0015-PE-1999', 0)":"Diputados","('0015-PE-1999', 1)":"Diputados","('0015-PE-1999', 2)":null,"('0015-PE-1999', 3)":null,"('0015-PE-1999', 4)":null,"('0015-PE-1999', 5)":null,"('0015-PE-1999', 6)":null,"('0015-PE-1999', 7)":null,"('0015-PE-1999', 8)":null,"('0015-PE-1999', 9)":null},"('Tramites', 'MOVIMIENTO')":{"('0015-PE-1999', 0)":"SOLICITUD DEL PRESIDENTE DE LA COMISION BICAMERAL PERMANENTE DE TRAMITE LEGISLATIVO (LEY 26122) DE REMISION DEL EXPEDIENTE PARA SU ANALISIS (A LA PRESIDENCIA)","('0015-PE-1999', 1)":"EXPEDIENTE ORIGINALMENTE GIRADO A LA COMISION DE PRESUPUESTO Y HACIENDA; SE LO REMITE A LA COMISION BICAMERAL PERMANENTE DE TRAMITE LEGISLATIVO (LEY 26122)","('0015-PE-1999', 2)":null,"('0015-PE-1999', 3)":null,"('0015-PE-1999', 4)":null,"('0015-PE-1999', 5)":null,"('0015-PE-1999', 6)":null,"('0015-PE-1999', 7)":null,"('0015-PE-1999', 8)":null,"('0015-PE-1999', 9)":null},"('Tramites', 'FECHA')":{"('0015-PE-1999', 0)":"18\/07\/2007","('0015-PE-1999', 1)":null,"('0015-PE-1999', 2)":null,"('0015-PE-1999', 3)":null,"('0015-PE-1999', 4)":null,"('0015-PE-1999', 5)":null,"('0015-PE-1999', 6)":null,"('0015-PE-1999', 7)":null,"('0015-PE-1999', 8)":null,"('0015-PE-1999', 9)":null},"('Tramites', 'RESULTADO')":{"('0015-PE-1999', 0)":null,"('0015-PE-1999', 1)":null,"('0015-PE-1999', 2)":null,"('0015-PE-1999', 3)":null,"('0015-PE-1999', 4)":null,"('0015-PE-1999', 5)":null,"('0015-PE-1999', 6)":null,"('0015-PE-1999', 7)":null,"('0015-PE-1999', 8)":null,"('0015-PE-1999', 9)":null},"Sumario":{"('0015-PE-1999', 0)":"COMUNICACION DEL DICTADO DEL MISMO.","('0015-PE-1999', 1)":null,"('0015-PE-1999', 2)":null,"('0015-PE-1999', 3)":null,"('0015-PE-1999', 4)":null,"('0015-PE-1999', 5)":null,"('0015-PE-1999', 6)":null,"('0015-PE-1999', 7)":null,"('0015-PE-1999', 8)":null,"('0015-PE-1999', 9)":null},"Palabra Clave":{"('0015-PE-1999', 0)":" ","('0015-PE-1999', 1)":null,"('0015-PE-1999', 2)":null,"('0015-PE-1999', 3)":null,"('0015-PE-1999', 4)":null,"('0015-PE-1999', 5)":null,"('0015-PE-1999', 6)":null,"('0015-PE-1999', 7)":null,"('0015-PE-1999', 8)":null,"('0015-PE-1999', 9)":null}}