{"Tipo de Proyecto":{"('0017-S-1999', 0)":"PROYECTO DE DECLARACI\u00d3N"},"Iniciado en: ":{"('0017-S-1999', 0)":"Senado"},"Expediente Senado: ":{"('0017-S-1999', 0)":"0017-S-1999"},"Publicado en: ":{"('0017-S-1999', 0)":"Diario de Asuntos Entrados N\u00b0 1"},"Fecha: ":{"('0017-S-1999', 0)":"02\/03\/1999"},"T\u00edtulo":{"('0017-S-1999', 0)":"DA\u00d1O ECOLOGICO PRODUCIDO EN EL PARQUE NACIONAL NAHUEL HUAPI COMO CONSECUENCIA DE LOS INCENDIOS FORESTALES.\n"},"('Firmantes', 'FIRMANTE')":{"('0017-S-1999', 0)":"ALMIRON, CARLOS HUMBERTO"},"('Firmantes', 'DISTRITO')":{"('0017-S-1999', 0)":"TUCUMAN"},"('Firmantes', 'BLOQUE')":{"('0017-S-1999', 0)":"FZA REPUBLICANA"},"('Tramites', 'C\u00c1MARA')":{"('0017-S-1999', 0)":"Senado"},"('Tramites', 'MOVIMIENTO')":{"('0017-S-1999', 0)":"CONSIDERACION Y APROBACION"},"('Tramites', 'FECHA')":{"('0017-S-1999', 0)":"21\/04\/1999"},"('Tramites', 'RESULTADO')":{"('0017-S-1999', 0)":"APROBADO"},"Sumario":{"('0017-S-1999', 0)":"EXPRESION DE PREOCUPACION."},"Palabra Clave":{"('0017-S-1999', 0)":" "}}