{"Tipo de Proyecto":{"('0018-S-1999', 0)":"PROYECTO DE DECLARACI\u00d3N"},"Iniciado en: ":{"('0018-S-1999', 0)":"Senado"},"Expediente Senado: ":{"('0018-S-1999', 0)":"0018-S-1999"},"Publicado en: ":{"('0018-S-1999', 0)":"Diario de Asuntos Entrados N\u00b0 1"},"Fecha: ":{"('0018-S-1999', 0)":"02\/03\/1999"},"T\u00edtulo":{"('0018-S-1999', 0)":"IMPACTO AMBIENTAL NEGATIVO ORIGINADO POR EL DERRAME DE PETROLEO OCURRIDO POR LA COLISION DE UN BARCO CON UN BUQUE PETROLERO DE LA EMPRESA SHELL, EL 15 DE ENERO DE 1999 EN LAS COSTAS DEL RIO DE LA PLATA."},"('Firmantes', 'FIRMANTE')":{"('0018-S-1999', 0)":"ALMIRON, CARLOS HUMBERTO"},"('Firmantes', 'DISTRITO')":{"('0018-S-1999', 0)":"TUCUMAN"},"('Firmantes', 'BLOQUE')":{"('0018-S-1999', 0)":"FZA REPUBLICANA"},"('Tramites', 'C\u00c1MARA')":{"('0018-S-1999', 0)":"Senado"},"('Tramites', 'MOVIMIENTO')":{"('0018-S-1999', 0)":"CONSIDERACION Y APROBACION"},"('Tramites', 'FECHA')":{"('0018-S-1999', 0)":"21\/04\/1999"},"('Tramites', 'RESULTADO')":{"('0018-S-1999', 0)":"APROBADO"},"Sumario":{"('0018-S-1999', 0)":"EXPRESION DE PREOCUPACION."},"Palabra Clave":{"('0018-S-1999', 0)":" "}}