{"Tipo de Proyecto":{"('0019-PE-1999', 0)":"MENSAJE NRO: 0376\/99 Y PROYECTO DE LEY","('0019-PE-1999', 1)":null,"('0019-PE-1999', 2)":null},"Iniciado en: ":{"('0019-PE-1999', 0)":"Diputados","('0019-PE-1999', 1)":null,"('0019-PE-1999', 2)":null},"Expediente Diputados: ":{"('0019-PE-1999', 0)":"0019-PE-1999","('0019-PE-1999', 1)":null,"('0019-PE-1999', 2)":null},"Publicado en: ":{"('0019-PE-1999', 0)":"Tr\u00e1mite Parlamentario N\u00b0 36","('0019-PE-1999', 1)":null,"('0019-PE-1999', 2)":null},"Fecha: ":{"('0019-PE-1999', 0)":"20\/04\/1999","('0019-PE-1999', 1)":null,"('0019-PE-1999', 2)":null},"T\u00edtulo":{"('0019-PE-1999', 0)":"CREACION DE UN JUZGADO FEDERAL DE PRIMERA INSTANCIA EN LA CIUDAD DE PILAR, PROVINCIA DE BUENOS AIRES.","('0019-PE-1999', 1)":null,"('0019-PE-1999', 2)":null},"('Firmantes', 'FIRMANTE')":{"('0019-PE-1999', 0)":"MENEM, CARLOS SAUL","('0019-PE-1999', 1)":"RODRIGUEZ, JORGE","('0019-PE-1999', 2)":"GRANILLO OCAMPO, RAUL"},"('Firmantes', 'DISTRITO')":{"('0019-PE-1999', 0)":null,"('0019-PE-1999', 1)":null,"('0019-PE-1999', 2)":null},"('Firmantes', 'BLOQUE')":{"('0019-PE-1999', 0)":"PODER EJECUTIVO","('0019-PE-1999', 1)":"PODER EJECUTIVO","('0019-PE-1999', 2)":"PODER EJECUTIVO"},"('Giros', 'COMISI\u00d3N')":{"('0019-PE-1999', 0)":"JUSTICIA","('0019-PE-1999', 1)":"PRESUPUESTO Y HACIENDA","('0019-PE-1999', 2)":null},"Sumario":{"('0019-PE-1999', 0)":"INTEGRACION, FISCALIAS.","('0019-PE-1999', 1)":null,"('0019-PE-1999', 2)":null},"Palabra Clave":{"('0019-PE-1999', 0)":" ","('0019-PE-1999', 1)":null,"('0019-PE-1999', 2)":null}}