{"Tipo de Proyecto":{"('0019-S-1999', 0)":"COMUNICACION"},"Iniciado en: ":{"('0019-S-1999', 0)":"Senado"},"Expediente Senado: ":{"('0019-S-1999', 0)":"0019-S-1999"},"Publicado en: ":{"('0019-S-1999', 0)":"Diario de Asuntos Entrados N\u00b0 1"},"Fecha: ":{"('0019-S-1999', 0)":"02\/03\/1999"},"T\u00edtulo":{"('0019-S-1999', 0)":"INTIMAR A LA EMPRESA CONCESIONARIA DE LA RUTA NACIONAL 16 A LA INMEDIATA CONSTRUCCION DE SENDAS ROTONDAS DE ACCESO A LAS LOCALIDADES DE PUERTO TIROL Y MAKALLE, PROVINCIA DEL CHACO."},"('Firmantes', 'FIRMANTE')":{"('0019-S-1999', 0)":"SAGER, HUGO ABEL"},"('Firmantes', 'DISTRITO')":{"('0019-S-1999', 0)":"CHACO"},"('Firmantes', 'BLOQUE')":{"('0019-S-1999', 0)":"JUSTICIALISTA"},"('Tramites', 'C\u00c1MARA')":{"('0019-S-1999', 0)":"Senado"},"('Tramites', 'MOVIMIENTO')":{"('0019-S-1999', 0)":"CONSIDERACION Y APROBACION"},"('Tramites', 'FECHA')":{"('0019-S-1999', 0)":"04\/08\/1999"},"('Tramites', 'RESULTADO')":{"('0019-S-1999', 0)":"APROBADO"},"Sumario":{"('0019-S-1999', 0)":"SOLICITUD AL PODER EJECUTIVO NACIONAL."},"Palabra Clave":{"('0019-S-1999', 0)":" "}}