{"Tipo de Proyecto":{"('0020-S-1999', 0)":"PROYECTO DE RESOLUCI\u00d3N"},"Iniciado en: ":{"('0020-S-1999', 0)":"Senado"},"Expediente Senado: ":{"('0020-S-1999', 0)":"0020-S-1999"},"Publicado en: ":{"('0020-S-1999', 0)":"Diario de Asuntos Entrados N\u00b0 1"},"Fecha: ":{"('0020-S-1999', 0)":"02\/03\/1999"},"T\u00edtulo":{"('0020-S-1999', 0)":"ATENTADO CONTRA EL VOCAL DEL SUPERIOR TRIBUNAL DE JUSTICIA DE LA PROVINCIA DE JUJUY, DOCTOR RAUL OCTAVIO NOCETI, EL DIA 9 DE FEBRERO DE 1999 EN LA CIUDAD DE SAN SALVADOR."},"('Firmantes', 'FIRMANTE')":{"('0020-S-1999', 0)":"SALUM, HUMBERTO ELIAS"},"('Firmantes', 'DISTRITO')":{"('0020-S-1999', 0)":"JUJUY"},"('Firmantes', 'BLOQUE')":{"('0020-S-1999', 0)":"UCR"},"('Tramites', 'C\u00c1MARA')":{"('0020-S-1999', 0)":"Senado"},"('Tramites', 'MOVIMIENTO')":{"('0020-S-1999', 0)":"CONSIDERACION Y APROBACION"},"('Tramites', 'FECHA')":{"('0020-S-1999', 0)":"21\/04\/1999"},"('Tramites', 'RESULTADO')":{"('0020-S-1999', 0)":"APROBADO"},"Sumario":{"('0020-S-1999', 0)":"EXPRESION DE REPUDIO."},"Palabra Clave":{"('0020-S-1999', 0)":" "}}