{"Tipo de Proyecto":{"('0022-PE-1999', 0)":"MENSAJE NRO: 0398\/99","('0022-PE-1999', 1)":null,"('0022-PE-1999', 2)":null},"Iniciado en: ":{"('0022-PE-1999', 0)":"Diputados","('0022-PE-1999', 1)":null,"('0022-PE-1999', 2)":null},"Expediente Diputados: ":{"('0022-PE-1999', 0)":"0022-PE-1999","('0022-PE-1999', 1)":null,"('0022-PE-1999', 2)":null},"Publicado en: ":{"('0022-PE-1999', 0)":"Tr\u00e1mite Parlamentario N\u00b0 39","('0022-PE-1999', 1)":null,"('0022-PE-1999', 2)":null},"Fecha: ":{"('0022-PE-1999', 0)":"23\/04\/1999","('0022-PE-1999', 1)":null,"('0022-PE-1999', 2)":null},"T\u00edtulo":{"('0022-PE-1999', 0)":"DECRETO 397\/99 (MODIFICATORIO DE LOS DECRETOS 35\/99 Y 208\/99 SOBRE REGIMEN DE RENOVACION DEL PARQUE AUTOMOTOR Y LOS ALCANCES DEL BENEFICIO FISCAL RESPECTIVAMENTE).","('0022-PE-1999', 1)":null,"('0022-PE-1999', 2)":null},"('Firmantes', 'FIRMANTE')":{"('0022-PE-1999', 0)":"MENEM, CARLOS SAUL","('0022-PE-1999', 1)":"RODRIGUEZ, JORGE","('0022-PE-1999', 2)":"FERNANDEZ, ROQUE"},"('Firmantes', 'DISTRITO')":{"('0022-PE-1999', 0)":null,"('0022-PE-1999', 1)":null,"('0022-PE-1999', 2)":null},"('Firmantes', 'BLOQUE')":{"('0022-PE-1999', 0)":"PODER EJECUTIVO","('0022-PE-1999', 1)":"PODER EJECUTIVO","('0022-PE-1999', 2)":"PODER EJECUTIVO"},"('Giros', 'COMISI\u00d3N')":{"('0022-PE-1999', 0)":"PRESUPUESTO Y HACIENDA","('0022-PE-1999', 1)":"INDUSTRIA","('0022-PE-1999', 2)":null},"Sumario":{"('0022-PE-1999', 0)":"COMUNICACION DEL DICTADO DEL MISMO.","('0022-PE-1999', 1)":null,"('0022-PE-1999', 2)":null},"Palabra Clave":{"('0022-PE-1999', 0)":" ","('0022-PE-1999', 1)":null,"('0022-PE-1999', 2)":null}}