{"Tipo de Proyecto":{"('0032-PE-1999', 0)":"MENSAJE NRO: 0480\/99","('0032-PE-1999', 1)":null,"('0032-PE-1999', 2)":null},"Iniciado en: ":{"('0032-PE-1999', 0)":"Diputados","('0032-PE-1999', 1)":null,"('0032-PE-1999', 2)":null},"Expediente Diputados: ":{"('0032-PE-1999', 0)":"0032-PE-1999","('0032-PE-1999', 1)":null,"('0032-PE-1999', 2)":null},"Publicado en: ":{"('0032-PE-1999', 0)":"Tr\u00e1mite Parlamentario N\u00b0 50","('0032-PE-1999', 1)":null,"('0032-PE-1999', 2)":null},"Fecha: ":{"('0032-PE-1999', 0)":"10\/05\/1999","('0032-PE-1999', 1)":null,"('0032-PE-1999', 2)":null},"T\u00edtulo":{"('0032-PE-1999', 0)":"DECRETO 476\/99 SOBRE FACILIDADES FINANCIERAS PARA EL INSTITUTO NACIONAL DE SERVICIOS SOCIALES PARA JUBILADOS Y PENSIONADOS (INSSJP)","('0032-PE-1999', 1)":null,"('0032-PE-1999', 2)":null},"('Firmantes', 'FIRMANTE')":{"('0032-PE-1999', 0)":"MENEM, CARLOS SAUL","('0032-PE-1999', 1)":"RODRIGUEZ, JORGE","('0032-PE-1999', 2)":"FERNANDEZ, ROQUE"},"('Firmantes', 'DISTRITO')":{"('0032-PE-1999', 0)":null,"('0032-PE-1999', 1)":null,"('0032-PE-1999', 2)":null},"('Firmantes', 'BLOQUE')":{"('0032-PE-1999', 0)":"PODER EJECUTIVO","('0032-PE-1999', 1)":"PODER EJECUTIVO","('0032-PE-1999', 2)":"PODER EJECUTIVO"},"('Giros', 'COMISI\u00d3N')":{"('0032-PE-1999', 0)":"BICAMERAL PERMANENTE DE TRAMITE LEGISLATIVO - LEY 26122","('0032-PE-1999', 1)":null,"('0032-PE-1999', 2)":null},"('Tramites', 'C\u00c1MARA')":{"('0032-PE-1999', 0)":"Diputados","('0032-PE-1999', 1)":"Diputados","('0032-PE-1999', 2)":null},"('Tramites', 'MOVIMIENTO')":{"('0032-PE-1999', 0)":"SOLICITUD DEL PRESIDENTE DE LA COMISION BICAMERAL PERMANENTE DE TRAMITE LEGISLATIVO (LEY 26122) DE REMISION DEL EXPEDIENTE PARA SU ANALISIS (A LA PRESIDENCIA)","('0032-PE-1999', 1)":"EXPEDIENTE ORIGINALMENTE GIRADO A LAS COMISIONES DE ACCION SOCIAL Y SALUD PUBLICA, TERCERA EDAD Y PRESUPUESTO; SE LO REMITE A LA COMISION BICAMERAL PERMANENTE DE TRAMITE LEGISLATIVO (LEY 26122)","('0032-PE-1999', 2)":null},"('Tramites', 'FECHA')":{"('0032-PE-1999', 0)":"06\/06\/2007","('0032-PE-1999', 1)":null,"('0032-PE-1999', 2)":null},"('Tramites', 'RESULTADO')":{"('0032-PE-1999', 0)":null,"('0032-PE-1999', 1)":null,"('0032-PE-1999', 2)":null},"Sumario":{"('0032-PE-1999', 0)":"COMUNICA EL DICTADO DEL MISMO.","('0032-PE-1999', 1)":null,"('0032-PE-1999', 2)":null},"Palabra Clave":{"('0032-PE-1999', 0)":" ","('0032-PE-1999', 1)":null,"('0032-PE-1999', 2)":null}}