{"Tipo de Proyecto":{"('0033-PE-1999', 0)":"MENSAJE NRO: 0497\/99","('0033-PE-1999', 1)":null,"('0033-PE-1999', 2)":null,"('0033-PE-1999', 3)":null},"Iniciado en: ":{"('0033-PE-1999', 0)":"Diputados","('0033-PE-1999', 1)":null,"('0033-PE-1999', 2)":null,"('0033-PE-1999', 3)":null},"Expediente Diputados: ":{"('0033-PE-1999', 0)":"0033-PE-1999","('0033-PE-1999', 1)":null,"('0033-PE-1999', 2)":null,"('0033-PE-1999', 3)":null},"Publicado en: ":{"('0033-PE-1999', 0)":"Tr\u00e1mite Parlamentario N\u00b0 52","('0033-PE-1999', 1)":null,"('0033-PE-1999', 2)":null,"('0033-PE-1999', 3)":null},"Fecha: ":{"('0033-PE-1999', 0)":"12\/05\/1999","('0033-PE-1999', 1)":null,"('0033-PE-1999', 2)":null,"('0033-PE-1999', 3)":null},"T\u00edtulo":{"('0033-PE-1999', 0)":"COMUNICACION DEL DECRETO 496\/99 POR EL QUE SE OBSERVA PARCIALMENTE LA LEY 25086 DE INCORPORACION DEL ARTICULO 46 BIS A LA LEY NACIONAL DE ARMAS Y EXPLOSIVOS.","('0033-PE-1999', 1)":null,"('0033-PE-1999', 2)":null,"('0033-PE-1999', 3)":null},"('Firmantes', 'FIRMANTE')":{"('0033-PE-1999', 0)":"MENEM, CARLOS SAUL","('0033-PE-1999', 1)":"RODRIGUEZ, JORGE","('0033-PE-1999', 2)":"GRANILLO OCAMPO, RAUL","('0033-PE-1999', 3)":null},"('Firmantes', 'DISTRITO')":{"('0033-PE-1999', 0)":null,"('0033-PE-1999', 1)":null,"('0033-PE-1999', 2)":null,"('0033-PE-1999', 3)":null},"('Firmantes', 'BLOQUE')":{"('0033-PE-1999', 0)":"PODER EJECUTIVO","('0033-PE-1999', 1)":"PODER EJECUTIVO","('0033-PE-1999', 2)":"PODER EJECUTIVO","('0033-PE-1999', 3)":null},"('Giros', 'COMISI\u00d3N')":{"('0033-PE-1999', 0)":"JUSTICIA","('0033-PE-1999', 1)":"LEGISLACION PENAL","('0033-PE-1999', 2)":"SEGURIDAD INTERIOR","('0033-PE-1999', 3)":"ASUNTOS CONSTITUCIONALES"},"Sumario":{"('0033-PE-1999', 0)":"COMUNICA EL DICTADO DEL MISMO.","('0033-PE-1999', 1)":null,"('0033-PE-1999', 2)":null,"('0033-PE-1999', 3)":null},"Palabra Clave":{"('0033-PE-1999', 0)":" ","('0033-PE-1999', 1)":null,"('0033-PE-1999', 2)":null,"('0033-PE-1999', 3)":null}}