{"Tipo de Proyecto":{"('0034-PE-1999', 0)":"MENSAJE NRO: 0498\/99 Y PROYECTO DE LEY","('0034-PE-1999', 1)":null,"('0034-PE-1999', 2)":null,"('0034-PE-1999', 3)":null},"Iniciado en: ":{"('0034-PE-1999', 0)":"Diputados","('0034-PE-1999', 1)":null,"('0034-PE-1999', 2)":null,"('0034-PE-1999', 3)":null},"Expediente Diputados: ":{"('0034-PE-1999', 0)":"0034-PE-1999","('0034-PE-1999', 1)":null,"('0034-PE-1999', 2)":null,"('0034-PE-1999', 3)":null},"Publicado en: ":{"('0034-PE-1999', 0)":"Tr\u00e1mite Parlamentario N\u00b0 52","('0034-PE-1999', 1)":null,"('0034-PE-1999', 2)":null,"('0034-PE-1999', 3)":null},"Fecha: ":{"('0034-PE-1999', 0)":"12\/05\/1999","('0034-PE-1999', 1)":null,"('0034-PE-1999', 2)":null,"('0034-PE-1999', 3)":null},"T\u00edtulo":{"('0034-PE-1999', 0)":"DEROGACION DEL ARTICULO 42 BIS DE LA LEY NACIONAL DE ARMAS 20429 MODIFICADA POR LEY 25086.","('0034-PE-1999', 1)":null,"('0034-PE-1999', 2)":null,"('0034-PE-1999', 3)":null},"('Firmantes', 'FIRMANTE')":{"('0034-PE-1999', 0)":"MENEM, CARLOS SAUL","('0034-PE-1999', 1)":"GRANILLO OCAMPO, RAUL","('0034-PE-1999', 2)":"DOMINGUEZ, JORGE","('0034-PE-1999', 3)":null},"('Firmantes', 'DISTRITO')":{"('0034-PE-1999', 0)":null,"('0034-PE-1999', 1)":null,"('0034-PE-1999', 2)":null,"('0034-PE-1999', 3)":null},"('Firmantes', 'BLOQUE')":{"('0034-PE-1999', 0)":"PODER EJECUTIVO","('0034-PE-1999', 1)":"PODER EJECUTIVO","('0034-PE-1999', 2)":"PODER EJECUTIVO","('0034-PE-1999', 3)":null},"('Giros', 'COMISI\u00d3N')":{"('0034-PE-1999', 0)":"JUSTICIA","('0034-PE-1999', 1)":"LEGISLACION PENAL","('0034-PE-1999', 2)":"SEGURIDAD INTERIOR","('0034-PE-1999', 3)":"ASUNTOS CONSTITUCIONALES"},"Palabra Clave":{"('0034-PE-1999', 0)":" ","('0034-PE-1999', 1)":null,"('0034-PE-1999', 2)":null,"('0034-PE-1999', 3)":null}}