{"Tipo de Proyecto":{"('0035-PE-1999', 0)":"MENSAJE NRO: 0500\/99","('0035-PE-1999', 1)":null,"('0035-PE-1999', 2)":null},"Iniciado en: ":{"('0035-PE-1999', 0)":"Diputados","('0035-PE-1999', 1)":null,"('0035-PE-1999', 2)":null},"Expediente Diputados: ":{"('0035-PE-1999', 0)":"0035-PE-1999","('0035-PE-1999', 1)":null,"('0035-PE-1999', 2)":null},"Publicado en: ":{"('0035-PE-1999', 0)":"Tr\u00e1mite Parlamentario N\u00b0 52","('0035-PE-1999', 1)":null,"('0035-PE-1999', 2)":null},"Fecha: ":{"('0035-PE-1999', 0)":"12\/05\/1999","('0035-PE-1999', 1)":null,"('0035-PE-1999', 2)":null},"T\u00edtulo":{"('0035-PE-1999', 0)":"COMUNICACION DEL DECRETO 499\/99 OR EL CUAL SE OBSERVA EL ULTIMO PARRAFO DEL ARTICULO 1 DE LA LEY 25089 DE GARANTIA A TRAVES DEL BANCO CENTRAL DE LA REPUBLICA ARGENTINA PARA LAS REMUNERACIONES DE LOS TRABAJADORES DE ENTIDADES FINANCIERAS.","('0035-PE-1999', 1)":null,"('0035-PE-1999', 2)":null},"('Firmantes', 'FIRMANTE')":{"('0035-PE-1999', 0)":"MENEM, CARLOS SAUL","('0035-PE-1999', 1)":"RODRIGUEZ, JORGE","('0035-PE-1999', 2)":"FERNANDEZ, ROQUE"},"('Firmantes', 'DISTRITO')":{"('0035-PE-1999', 0)":null,"('0035-PE-1999', 1)":null,"('0035-PE-1999', 2)":null},"('Firmantes', 'BLOQUE')":{"('0035-PE-1999', 0)":"PODER EJECUTIVO","('0035-PE-1999', 1)":"PODER EJECUTIVO","('0035-PE-1999', 2)":"PODER EJECUTIVO"},"('Giros', 'COMISI\u00d3N')":{"('0035-PE-1999', 0)":"FINANZAS","('0035-PE-1999', 1)":"LEGISLACION DEL TRABAJO","('0035-PE-1999', 2)":null},"Palabra Clave":{"('0035-PE-1999', 0)":" ","('0035-PE-1999', 1)":null,"('0035-PE-1999', 2)":null}}