{"Tipo de Proyecto":{"('0038-PE-1999', 0)":"MENSAJE NRO: 0511\/99","('0038-PE-1999', 1)":null,"('0038-PE-1999', 2)":null},"Iniciado en: ":{"('0038-PE-1999', 0)":"Diputados","('0038-PE-1999', 1)":null,"('0038-PE-1999', 2)":null},"Expediente Diputados: ":{"('0038-PE-1999', 0)":"0038-PE-1999","('0038-PE-1999', 1)":null,"('0038-PE-1999', 2)":null},"Publicado en: ":{"('0038-PE-1999', 0)":"Tr\u00e1mite Parlamentario N\u00b0 54","('0038-PE-1999', 1)":null,"('0038-PE-1999', 2)":null},"Fecha: ":{"('0038-PE-1999', 0)":"14\/05\/1999","('0038-PE-1999', 1)":null,"('0038-PE-1999', 2)":null},"T\u00edtulo":{"('0038-PE-1999', 0)":"DECRETO 510\/99 SOBRE ACREEDORES RECONOCIDOS POR EL INSTITUTO NACIONAL DE SERVICIOS SOCIALES PARA JUBILADOS Y PENSIONADOS.","('0038-PE-1999', 1)":null,"('0038-PE-1999', 2)":null},"('Firmantes', 'FIRMANTE')":{"('0038-PE-1999', 0)":"MENEM, CARLOS SAUL","('0038-PE-1999', 1)":"RODRIGUEZ, JORGE","('0038-PE-1999', 2)":"FERNANDEZ, ROQUE"},"('Firmantes', 'DISTRITO')":{"('0038-PE-1999', 0)":null,"('0038-PE-1999', 1)":null,"('0038-PE-1999', 2)":null},"('Firmantes', 'BLOQUE')":{"('0038-PE-1999', 0)":"PODER EJECUTIVO","('0038-PE-1999', 1)":"PODER EJECUTIVO","('0038-PE-1999', 2)":"PODER EJECUTIVO"},"('Giros', 'COMISI\u00d3N')":{"('0038-PE-1999', 0)":"ACCION SOCIAL Y SALUD PUBLICA","('0038-PE-1999', 1)":"TERCERA EDAD","('0038-PE-1999', 2)":null},"Sumario":{"('0038-PE-1999', 0)":"ACOMPA\u00d1A COPIA DEL MISMO.","('0038-PE-1999', 1)":null,"('0038-PE-1999', 2)":null},"Palabra Clave":{"('0038-PE-1999', 0)":" ","('0038-PE-1999', 1)":null,"('0038-PE-1999', 2)":null}}