{"Tipo de Proyecto":{"('0039-PE-1999', 0)":"MENSAJE NRO: 0514\/99 Y PROYECTO DE LEY","('0039-PE-1999', 1)":null,"('0039-PE-1999', 2)":null},"Iniciado en: ":{"('0039-PE-1999', 0)":"Diputados","('0039-PE-1999', 1)":null,"('0039-PE-1999', 2)":null},"Expediente Diputados: ":{"('0039-PE-1999', 0)":"0039-PE-1999","('0039-PE-1999', 1)":null,"('0039-PE-1999', 2)":null},"Publicado en: ":{"('0039-PE-1999', 0)":"Tr\u00e1mite Parlamentario N\u00b0 56","('0039-PE-1999', 1)":null,"('0039-PE-1999', 2)":null},"Fecha: ":{"('0039-PE-1999', 0)":"18\/05\/1999","('0039-PE-1999', 1)":null,"('0039-PE-1999', 2)":null},"T\u00edtulo":{"('0039-PE-1999', 0)":"MODIFICACION DE LA LEY 21965, PARA EL PERSONAL DE LA POLICIA FEDERAL ARGENTINA.","('0039-PE-1999', 1)":null,"('0039-PE-1999', 2)":null},"('Firmantes', 'FIRMANTE')":{"('0039-PE-1999', 0)":"MENEM, CARLOS SAUL","('0039-PE-1999', 1)":"CORACH, CARLOS","('0039-PE-1999', 2)":"RODRIGUEZ, JORGE"},"('Firmantes', 'DISTRITO')":{"('0039-PE-1999', 0)":null,"('0039-PE-1999', 1)":null,"('0039-PE-1999', 2)":null},"('Firmantes', 'BLOQUE')":{"('0039-PE-1999', 0)":"PODER EJECUTIVO","('0039-PE-1999', 1)":"PODER EJECUTIVO","('0039-PE-1999', 2)":"PODER EJECUTIVO"},"('Giros', 'COMISI\u00d3N')":{"('0039-PE-1999', 0)":"LEGISLACION PENAL","('0039-PE-1999', 1)":"PREVISION Y SEGURIDAD SOCIAL","('0039-PE-1999', 2)":"PRESUPUESTO Y HACIENDA"},"('Tramites', 'C\u00c1MARA')":{"('0039-PE-1999', 0)":"Diputados","('0039-PE-1999', 1)":"Diputados","('0039-PE-1999', 2)":null},"('Tramites', 'MOVIMIENTO')":{"('0039-PE-1999', 0)":"RESOLUCION PRESIDENCIA DE CAMBIO DE ORDEN DE LAS COMISIONES (BAE 14\/99)","('0039-PE-1999', 1)":"RESOLUCION PRESIDENCIA CAMBIO DE ORDEN DE LAS COMISIONES (BAE 29\/00)","('0039-PE-1999', 2)":null},"('Tramites', 'FECHA')":{"('0039-PE-1999', 0)":null,"('0039-PE-1999', 1)":null,"('0039-PE-1999', 2)":null},"('Tramites', 'RESULTADO')":{"('0039-PE-1999', 0)":null,"('0039-PE-1999', 1)":null,"('0039-PE-1999', 2)":null},"Sumario":{"('0039-PE-1999', 0)":"LEY 21965: SUSTITUCION DE LOS ARTICULOS 7 (CONSECUENCIAS DE LA PERDIDA DEL ESTADO POLICIAL), 19 (CAUSAS DE LA PERDIDA DEL ESTADO POLICIAL), 28 (ESCALAFONES), 31 (CAMBIO DE CATEGORIA), 33, 37 (PERSONAL SUPERIOR), 38 (INGRESO A LA ESCUELA FEDERAL DE POLICIA), 39 (CONCURSOS DE ADMISION), 40 (PERSONAL DE SUBOFICIALES Y AGENTES), 41 (INGRESO), 42 (RESERVA MILITAR), 49 (SERVICIO PASIVO), 52 (COMPUTO DEL TIEMPO PASADO EN SERVICIO PASIVO), 64 (GRADOS MAXIMOS), 65 (ASCENSOS ORDINARIOS), 72 (LICENCIA EXTRAORDINARIA), 75 (HABER MENSUAL), 84 (RETIRO VOLUNTARIO Y OBLIGATORIO), 85 (TRAMITE), 91 (REQUISITOS RETIRO VOLUNTARIO), 92 (CAUSAS RETIRO OBLIGATORIO), 94 (A\u00d1OS DE SERVICIO), 96 (CALCULO DEL HABER), 97 (DERECHO AL HABER DE RETIRO), 98 (RETIRO POR INCAPACIDAD O ACCIDENTE), 100 (ESCALA DE HABERES), 101 (ACTUALIZACION HABERES DE RETIRO), 102 (BENEFICIARIOS DE PENSION), 103 (CONCURRENCIA) , 104, 105 (ORDEN CAUSAHABIENTES), 106 (DISTRIBUCION), 108 (EXTINCION DEL DERECHO A PENSION), 109 (DESAPARECIDOS CON PRESUNCION DE FALLECIMIENTO), 110 (LIQUIDACION DE LA PENSION), 112 (MONTO), 115 (AMBITO DE APLICACION), 116 (RESOLUCIONES CONDENATORIAS), 118 (SANCIONES DISCIPLINARIAS) Y 120 (CESANTIA Y EXONERACION); INCORPORACION DE LOS ARTICULOS 19 BIS (BAJA CON INDEMNIZACION), 101 BIS (INDEMNIZACION), 101 TER (BAJAS SIN INDEMNIZACION), 124 BIS (SERVICIOS POLICIALES SIMPLES), 130 (ESCALAFON DE INTELIGENCIA); SUSTITUCION D LOS ANEXOS I, II Y III; DEROGACION DEL ARTICULO 130 Y DE LAS NORMAS DE REGULACION DE COMPUTOS DE A\u00d1OS DE SERVICIO, PERDIDA DE VIGENCIA DE LOS SUPLEMENTOS ESTABLECIDOS POR LOS DECRETOS 2133\/91, 713\/92 Y 2744\/93. DECRETO LEY  15943\/46, MODIFICADO POR LA LEY 21865 (CAJA DE RETIROS, JUBILACIONES Y PENSIONES DE LA POLICIA FEDERAL): SUSTITUCION DEL ARTICULO 3 INCISO A) (APORTE FORZOSO), DEL ARTICULO 11 BIS (APORTES TESORO NACIONAL), RETROACTIVIDADES, BENEFICIOS PREVISIONALES. DISPOSICIONES TRANSITORIAS; ANEXO I (ESCALA JERARQUICA DEL PERSONAL POLICIAL), ANEXO II Y ANEXO III (ESCALAFONES POLICIALES), ANEXO AL ARTICULO 11 (REGIMEN DE TRANSICION).","('0039-PE-1999', 1)":null,"('0039-PE-1999', 2)":null},"Palabra Clave":{"('0039-PE-1999', 0)":" ","('0039-PE-1999', 1)":null,"('0039-PE-1999', 2)":null}}