{"Tipo de Proyecto":{"('0040-PE-1999', 0)":"MENSAJE NRO: 0542\/99","('0040-PE-1999', 1)":null,"('0040-PE-1999', 2)":null},"Iniciado en: ":{"('0040-PE-1999', 0)":"Diputados","('0040-PE-1999', 1)":null,"('0040-PE-1999', 2)":null},"Expediente Diputados: ":{"('0040-PE-1999', 0)":"0040-PE-1999","('0040-PE-1999', 1)":null,"('0040-PE-1999', 2)":null},"Publicado en: ":{"('0040-PE-1999', 0)":"Tr\u00e1mite Parlamentario N\u00b0 61","('0040-PE-1999', 1)":null,"('0040-PE-1999', 2)":null},"Fecha: ":{"('0040-PE-1999', 0)":"26\/05\/1999","('0040-PE-1999', 1)":null,"('0040-PE-1999', 2)":null},"T\u00edtulo":{"('0040-PE-1999', 0)":"DICTADO DEL DECRETO 541\/99 SOBRE INCREMENTO DE LOS CREDITOS PARA GASTOS CORRIENTES Y DE CAPITAL DE LA JURISDICCION 70 - MINISTERIO DE CULTURA Y EDUCACION.","('0040-PE-1999', 1)":null,"('0040-PE-1999', 2)":null},"('Firmantes', 'FIRMANTE')":{"('0040-PE-1999', 0)":"MENEM, CARLOS SAUL","('0040-PE-1999', 1)":"RODRIGUEZ, JORGE","('0040-PE-1999', 2)":"GARCIA SOLA, MANUEL GUILLERMO"},"('Firmantes', 'DISTRITO')":{"('0040-PE-1999', 0)":null,"('0040-PE-1999', 1)":null,"('0040-PE-1999', 2)":null},"('Firmantes', 'BLOQUE')":{"('0040-PE-1999', 0)":"PODER EJECUTIVO","('0040-PE-1999', 1)":"PODER EJECUTIVO","('0040-PE-1999', 2)":"PODER EJECUTIVO"},"('Giros', 'COMISI\u00d3N')":{"('0040-PE-1999', 0)":"PRESUPUESTO Y HACIENDA","('0040-PE-1999', 1)":null,"('0040-PE-1999', 2)":null},"Sumario":{"('0040-PE-1999', 0)":"ACOMPA\u00d1A COPIA AUTENTICADA DEL MISMO.","('0040-PE-1999', 1)":null,"('0040-PE-1999', 2)":null},"Palabra Clave":{"('0040-PE-1999', 0)":" ","('0040-PE-1999', 1)":null,"('0040-PE-1999', 2)":null}}