{"Tipo de Proyecto":{"('0041-PE-1999', 0)":"MENSAJE NRO: 0554\/99","('0041-PE-1999', 1)":null,"('0041-PE-1999', 2)":null},"Iniciado en: ":{"('0041-PE-1999', 0)":"Diputados","('0041-PE-1999', 1)":null,"('0041-PE-1999', 2)":null},"Expediente Diputados: ":{"('0041-PE-1999', 0)":"0041-PE-1999","('0041-PE-1999', 1)":null,"('0041-PE-1999', 2)":null},"Publicado en: ":{"('0041-PE-1999', 0)":"Tr\u00e1mite Parlamentario N\u00b0 61","('0041-PE-1999', 1)":null,"('0041-PE-1999', 2)":null},"Fecha: ":{"('0041-PE-1999', 0)":"26\/05\/1999","('0041-PE-1999', 1)":null,"('0041-PE-1999', 2)":null},"T\u00edtulo":{"('0041-PE-1999', 0)":"DICTADO DEL DECRETO 553\/99 DE APROBACION DEL PLAN DE ACCION Y PRESUPUESTO DEL EJERCICIO 1999 DEL BANCO DE INVERSION Y COMERCIO EXTERIOR SOCIEDAD ANONIMA.","('0041-PE-1999', 1)":null,"('0041-PE-1999', 2)":null},"('Firmantes', 'FIRMANTE')":{"('0041-PE-1999', 0)":"MENEM, CARLOS SAUL","('0041-PE-1999', 1)":"RODRIGUEZ, JORGE","('0041-PE-1999', 2)":"FERNANDEZ, ROQUE"},"('Firmantes', 'DISTRITO')":{"('0041-PE-1999', 0)":null,"('0041-PE-1999', 1)":null,"('0041-PE-1999', 2)":null},"('Firmantes', 'BLOQUE')":{"('0041-PE-1999', 0)":"PODER EJECUTIVO","('0041-PE-1999', 1)":"PODER EJECUTIVO","('0041-PE-1999', 2)":"PODER EJECUTIVO"},"('Giros', 'COMISI\u00d3N')":{"('0041-PE-1999', 0)":"PRESUPUESTO Y HACIENDA","('0041-PE-1999', 1)":"FINANZAS","('0041-PE-1999', 2)":null},"Sumario":{"('0041-PE-1999', 0)":"ACOMPA\u00d1A COPIA AUTENTICADA DEL MISMO.","('0041-PE-1999', 1)":null,"('0041-PE-1999', 2)":null},"Palabra Clave":{"('0041-PE-1999', 0)":" ","('0041-PE-1999', 1)":null,"('0041-PE-1999', 2)":null}}