{"Tipo de Proyecto":{"('0042-PE-1999', 0)":"MENSAJE NRO: 0558\/99","('0042-PE-1999', 1)":null,"('0042-PE-1999', 2)":null},"Iniciado en: ":{"('0042-PE-1999', 0)":"Diputados","('0042-PE-1999', 1)":null,"('0042-PE-1999', 2)":null},"Expediente Diputados: ":{"('0042-PE-1999', 0)":"0042-PE-1999","('0042-PE-1999', 1)":null,"('0042-PE-1999', 2)":null},"Publicado en: ":{"('0042-PE-1999', 0)":"Tr\u00e1mite Parlamentario N\u00b0 61","('0042-PE-1999', 1)":null,"('0042-PE-1999', 2)":null},"Fecha: ":{"('0042-PE-1999', 0)":"26\/05\/1999","('0042-PE-1999', 1)":null,"('0042-PE-1999', 2)":null},"T\u00edtulo":{"('0042-PE-1999', 0)":"DICTADO DEL DECRETO 557\/99 DE APROBACION DEL PRESUPUESTO DE GASTOS Y EL PLAN DE ACCION PARA EL EJERCICIO 1999 CORRESPONDIENTES AL BANCO CENTRAL DE LA REPUBLICA ARGENTINA.","('0042-PE-1999', 1)":null,"('0042-PE-1999', 2)":null},"('Firmantes', 'FIRMANTE')":{"('0042-PE-1999', 0)":"MENEM, CARLOS SAUL","('0042-PE-1999', 1)":"RODRIGUEZ, JORGE","('0042-PE-1999', 2)":"FERNANDEZ, ROQUE"},"('Firmantes', 'DISTRITO')":{"('0042-PE-1999', 0)":null,"('0042-PE-1999', 1)":null,"('0042-PE-1999', 2)":null},"('Firmantes', 'BLOQUE')":{"('0042-PE-1999', 0)":"PODER EJECUTIVO","('0042-PE-1999', 1)":"PODER EJECUTIVO","('0042-PE-1999', 2)":"PODER EJECUTIVO"},"('Giros', 'COMISI\u00d3N')":{"('0042-PE-1999', 0)":"PRESUPUESTO Y HACIENDA","('0042-PE-1999', 1)":"FINANZAS","('0042-PE-1999', 2)":null},"Sumario":{"('0042-PE-1999', 0)":"ACOMPA\u00d1A COPIA AUTENTICADA DEL MISMO.","('0042-PE-1999', 1)":null,"('0042-PE-1999', 2)":null},"Palabra Clave":{"('0042-PE-1999', 0)":" ","('0042-PE-1999', 1)":null,"('0042-PE-1999', 2)":null}}