{"Tipo de Proyecto":{"('0049-S-1999', 0)":"COMUNICACION","('0049-S-1999', 1)":null},"Iniciado en: ":{"('0049-S-1999', 0)":"Senado","('0049-S-1999', 1)":null},"Expediente Senado: ":{"('0049-S-1999', 0)":"0049-S-1999","('0049-S-1999', 1)":null},"Publicado en: ":{"('0049-S-1999', 0)":"Diario de Asuntos Entrados N\u00b0 3","('0049-S-1999', 1)":null},"Fecha: ":{"('0049-S-1999', 0)":"04\/03\/1999","('0049-S-1999', 1)":null},"T\u00edtulo":{"('0049-S-1999', 0)":"PEDIDO DE INFORMES: SOBRE LOS RETRASOS EN EL REINTEGRO DE ADELANTOS EN EL SISTEMA DE ASIGNACIONES FAMILIARES, DISPUESTO POR LA LEY 24714, DADAS LAS DIFICULTADES FINANCIERAS DE LA TESORERIA PRODUCTO DE LA CRISIS FINANCIERA INTERNACIONAL","('0049-S-1999', 1)":null},"('Firmantes', 'FIRMANTE')":{"('0049-S-1999', 0)":"USANDIZAGA, HORACIO DANIEL","('0049-S-1999', 1)":null},"('Firmantes', 'DISTRITO')":{"('0049-S-1999', 0)":"SANTA FE","('0049-S-1999', 1)":null},"('Firmantes', 'BLOQUE')":{"('0049-S-1999', 0)":"UCR","('0049-S-1999', 1)":null},"('Tramites', 'C\u00c1MARA')":{"('0049-S-1999', 0)":"Senado","('0049-S-1999', 1)":"Senado"},"('Tramites', 'MOVIMIENTO')":{"('0049-S-1999', 0)":"CONSIDERACION Y APROBACION","('0049-S-1999', 1)":"CONTESTACION DEL PODER EJECUTIVO NACIONAL - (559-PE-00); GIRADA A LA COMISION RESPECTIVA"},"('Tramites', 'FECHA')":{"('0049-S-1999', 0)":"02\/08\/2000","('0049-S-1999', 1)":null},"('Tramites', 'RESULTADO')":{"('0049-S-1999', 0)":"APROBADO","('0049-S-1999', 1)":null},"Sumario":{"('0049-S-1999', 0)":"SOLICITUD AL PODER EJECUTIVO NACIONAL.","('0049-S-1999', 1)":null},"Palabra Clave":{"('0049-S-1999', 0)":" ","('0049-S-1999', 1)":null}}