{"Tipo de Proyecto":{"('0051-S-1999', 0)":"PROYECTO DE LEY"},"Iniciado en: ":{"('0051-S-1999', 0)":"Senado"},"Expediente Senado: ":{"('0051-S-1999', 0)":"0051-S-1999"},"Publicado en: ":{"('0051-S-1999', 0)":"Diario de Asuntos Entrados N\u00b0 3"},"Fecha: ":{"('0051-S-1999', 0)":"04\/03\/1999"},"T\u00edtulo":{"('0051-S-1999', 0)":"REGIMEN PENAL DEL USO INDEBIDO DE LA COMPUTACION (REPRODUCCION DEL EXPEDIENTE 1673-S-97). "},"('Firmantes', 'FIRMANTE')":{"('0051-S-1999', 0)":"BERHONGARAY, ANTONIO TOMAS"},"('Firmantes', 'DISTRITO')":{"('0051-S-1999', 0)":"LA PAMPA"},"('Firmantes', 'BLOQUE')":{"('0051-S-1999', 0)":"UCR"},"Sumario":{"('0051-S-1999', 0)":"GLOSARIO DE TERMINOS; ACCESO NO AUTORIZADO; DA\u00d1O A DATOS INFORMATICOS; VIOLACION A LA PROPIEDAD INTELECTUAL EN MATERIA DE PROGRAMAS DE COMPUTACION, NO COMPRENDIDAS EN LA LEGISLACION ESPECIFICA; FRAUDE POR MEDIOS INFORMATICOS; ESPIONAJE A TRAVES DE LA COMPUTACION; ENTREGA, DISTRIBUCION Y VENTA DE MEDIOS DESTINADOS A COMETER DELITOS PREVISTOS EN EL ARTICULO 15; NORMAS PROCESALES."},"Palabra Clave":{"('0051-S-1999', 0)":" "}}