{"Tipo de Proyecto":{"('0053-S-1999', 0)":"COMUNICACION","('0053-S-1999', 1)":null},"Iniciado en: ":{"('0053-S-1999', 0)":"Senado","('0053-S-1999', 1)":null},"Expediente Senado: ":{"('0053-S-1999', 0)":"0053-S-1999","('0053-S-1999', 1)":null},"Publicado en: ":{"('0053-S-1999', 0)":"Diario de Asuntos Entrados N\u00b0 3","('0053-S-1999', 1)":null},"Fecha: ":{"('0053-S-1999', 0)":"04\/03\/1999","('0053-S-1999', 1)":null},"T\u00edtulo":{"('0053-S-1999', 0)":"PEDIDO DE INFORMES: SOBRE LA COMPOSICION Y MANEJO DE LAS RESERVAS DE ORO Y DIVISAS CON QUE CUENTA LA NACION PARA EL RESPALDO DE SU MONEDA.","('0053-S-1999', 1)":null},"('Firmantes', 'FIRMANTE')":{"('0053-S-1999', 0)":"MENEGHINI, JAVIER REYNALDO","('0053-S-1999', 1)":null},"('Firmantes', 'DISTRITO')":{"('0053-S-1999', 0)":"SANTIAGO DEL ESTERO","('0053-S-1999', 1)":null},"('Firmantes', 'BLOQUE')":{"('0053-S-1999', 0)":"UCR","('0053-S-1999', 1)":null},"('Tramites', 'C\u00c1MARA')":{"('0053-S-1999', 0)":"Senado","('0053-S-1999', 1)":"Senado"},"('Tramites', 'MOVIMIENTO')":{"('0053-S-1999', 0)":"CONSIDERACION Y APROBACION","('0053-S-1999', 1)":"CONTESTACION DEL PODER EJECUTIVO NACIONAL - (843-PE-99); GIRADA A LA COMISION RESPECTIVA"},"('Tramites', 'FECHA')":{"('0053-S-1999', 0)":"22\/09\/1999","('0053-S-1999', 1)":null},"('Tramites', 'RESULTADO')":{"('0053-S-1999', 0)":"APROBADO","('0053-S-1999', 1)":null},"Sumario":{"('0053-S-1999', 0)":"SOLICITUD AL PODER EJECUTIVO NACIONAL.","('0053-S-1999', 1)":null},"Palabra Clave":{"('0053-S-1999', 0)":" ","('0053-S-1999', 1)":null}}