{"Tipo de Proyecto":{"('0054-S-1999', 0)":"PROYECTO DE DECLARACI\u00d3N"},"Iniciado en: ":{"('0054-S-1999', 0)":"Senado"},"Expediente Senado: ":{"('0054-S-1999', 0)":"0054-S-1999"},"Publicado en: ":{"('0054-S-1999', 0)":"Diario de Asuntos Entrados N\u00b0 3"},"Fecha: ":{"('0054-S-1999', 0)":"04\/03\/1999"},"T\u00edtulo":{"('0054-S-1999', 0)":"MUESTRA AGROPECUARIA \"EXPOCHACRA '99\", QUE SE DESARROLLARA EN ARROYO DULCE, PROVINCIA DE BUENOS AIRES, DEL 18 AL 21 DE MARZO DE 1999."},"('Firmantes', 'FIRMANTE')":{"('0054-S-1999', 0)":"CAFIERO, ANTONIO FRANCISCO"},"('Firmantes', 'DISTRITO')":{"('0054-S-1999', 0)":"BUENOS AIRES"},"('Firmantes', 'BLOQUE')":{"('0054-S-1999', 0)":"JUSTICIALISTA"},"('Tramites', 'C\u00c1MARA')":{"('0054-S-1999', 0)":"Senado"},"('Tramites', 'MOVIMIENTO')":{"('0054-S-1999', 0)":"CONSIDERACION Y APROBACION (AL ARCHIVO)"},"('Tramites', 'FECHA')":{"('0054-S-1999', 0)":"21\/04\/1999"},"('Tramites', 'RESULTADO')":{"('0054-S-1999', 0)":"ARCHIVADO"},"Sumario":{"('0054-S-1999', 0)":"DECLARARLA DE INTERES PARA EL HONORABLE SENADO."},"Palabra Clave":{"('0054-S-1999', 0)":" "}}