{"Tipo de Proyecto":{"('0055-PE-1999', 0)":"MENSAJE NRO: 0753\/99","('0055-PE-1999', 1)":null,"('0055-PE-1999', 2)":null},"Iniciado en: ":{"('0055-PE-1999', 0)":"Diputados","('0055-PE-1999', 1)":null,"('0055-PE-1999', 2)":null},"Expediente Diputados: ":{"('0055-PE-1999', 0)":"0055-PE-1999","('0055-PE-1999', 1)":null,"('0055-PE-1999', 2)":null},"Publicado en: ":{"('0055-PE-1999', 0)":"Tr\u00e1mite Parlamentario N\u00b0 96","('0055-PE-1999', 1)":null,"('0055-PE-1999', 2)":null},"Fecha: ":{"('0055-PE-1999', 0)":"16\/07\/1999","('0055-PE-1999', 1)":null,"('0055-PE-1999', 2)":null},"T\u00edtulo":{"('0055-PE-1999', 0)":"DECRETO 752\/99 POR EL CUAL SE OBSERVA EN SU TOTALIDAD EL PROYECTO DE LEY REGISTRADO BAJO EL NUMERO 25119 (CINEMATECA Y ARCHIVO DE LA IMAGEN NACIONAL).","('0055-PE-1999', 1)":null,"('0055-PE-1999', 2)":null},"('Firmantes', 'FIRMANTE')":{"('0055-PE-1999', 0)":"MENEM, CARLOS SAUL","('0055-PE-1999', 1)":"RODRIGUEZ, JORGE","('0055-PE-1999', 2)":"FERNANDEZ, ROQUE"},"('Firmantes', 'DISTRITO')":{"('0055-PE-1999', 0)":null,"('0055-PE-1999', 1)":null,"('0055-PE-1999', 2)":null},"('Firmantes', 'BLOQUE')":{"('0055-PE-1999', 0)":"PODER EJECUTIVO","('0055-PE-1999', 1)":"PODER EJECUTIVO","('0055-PE-1999', 2)":"PODER EJECUTIVO"},"('Giros', 'COMISI\u00d3N')":{"('0055-PE-1999', 0)":"CULTURA","('0055-PE-1999', 1)":"PRESUPUESTO Y HACIENDA","('0055-PE-1999', 2)":null},"Sumario":{"('0055-PE-1999', 0)":"COMUNICACION DEL DICTADO DEL MISMO.","('0055-PE-1999', 1)":null,"('0055-PE-1999', 2)":null},"Palabra Clave":{"('0055-PE-1999', 0)":" ","('0055-PE-1999', 1)":null,"('0055-PE-1999', 2)":null}}