{"Tipo de Proyecto":{"('0055-S-1999', 0)":"PROYECTO DE LEY","('0055-S-1999', 1)":null,"('0055-S-1999', 2)":null,"('0055-S-1999', 3)":null,"('0055-S-1999', 4)":null,"('0055-S-1999', 5)":null},"Iniciado en: ":{"('0055-S-1999', 0)":"Senado","('0055-S-1999', 1)":null,"('0055-S-1999', 2)":null,"('0055-S-1999', 3)":null,"('0055-S-1999', 4)":null,"('0055-S-1999', 5)":null},"Expediente Diputados: ":{"('0055-S-1999', 0)":"0055-S-1999","('0055-S-1999', 1)":null,"('0055-S-1999', 2)":null,"('0055-S-1999', 3)":null,"('0055-S-1999', 4)":null,"('0055-S-1999', 5)":null},"Expediente Senado: ":{"('0055-S-1999', 0)":"0271-S-1999","('0055-S-1999', 1)":null,"('0055-S-1999', 2)":null,"('0055-S-1999', 3)":null,"('0055-S-1999', 4)":null,"('0055-S-1999', 5)":null},"Publicado en: ":{"('0055-S-1999', 0)":"Diario de Asuntos Entrados N\u00b0 14","('0055-S-1999', 1)":null,"('0055-S-1999', 2)":null,"('0055-S-1999', 3)":null,"('0055-S-1999', 4)":null,"('0055-S-1999', 5)":null},"Fecha: ":{"('0055-S-1999', 0)":"24\/03\/1999","('0055-S-1999', 1)":null,"('0055-S-1999', 2)":null,"('0055-S-1999', 3)":null,"('0055-S-1999', 4)":null,"('0055-S-1999', 5)":null},"T\u00edtulo":{"('0055-S-1999', 0)":"RATIFICASE POR DOS A\u00d1OS LA TOTALIDAD DE LA LEGISLACION DELEGADA POR EL PODER LEGISLATIVO EN MATERIA ADMINISTRATIVA.\n","('0055-S-1999', 1)":null,"('0055-S-1999', 2)":null,"('0055-S-1999', 3)":null,"('0055-S-1999', 4)":null,"('0055-S-1999', 5)":null},"('Firmantes', 'FIRMANTE')":{"('0055-S-1999', 0)":"YOMA, JORGE RAUL","('0055-S-1999', 1)":null,"('0055-S-1999', 2)":null,"('0055-S-1999', 3)":null,"('0055-S-1999', 4)":null,"('0055-S-1999', 5)":null},"('Firmantes', 'DISTRITO')":{"('0055-S-1999', 0)":"LA RIOJA","('0055-S-1999', 1)":null,"('0055-S-1999', 2)":null,"('0055-S-1999', 3)":null,"('0055-S-1999', 4)":null,"('0055-S-1999', 5)":null},"('Firmantes', 'BLOQUE')":{"('0055-S-1999', 0)":"JUSTICIALISTA","('0055-S-1999', 1)":null,"('0055-S-1999', 2)":null,"('0055-S-1999', 3)":null,"('0055-S-1999', 4)":null,"('0055-S-1999', 5)":null},"('Giros', 'COMISI\u00d3N')":{"('0055-S-1999', 0)":"ASUNTOS CONSTITUCIONALES","('0055-S-1999', 1)":null,"('0055-S-1999', 2)":null,"('0055-S-1999', 3)":null,"('0055-S-1999', 4)":null,"('0055-S-1999', 5)":null},"('Tramites', 'C\u00c1MARA')":{"('0055-S-1999', 0)":"Senado","('0055-S-1999', 1)":"Diputados","('0055-S-1999', 2)":"Diputados","('0055-S-1999', 3)":"Diputados","('0055-S-1999', 4)":"Senado","('0055-S-1999', 5)":"Senado"},"('Tramites', 'MOVIMIENTO')":{"('0055-S-1999', 0)":"CONSIDERACION Y APROBACION CON MODIFICACIONES CONJUNTAMENTE PARA LOS EXPEDIENTES 0055-S-1999, 0271-S-1999, 0479-S-1999 y 0563-S-1999","('0055-S-1999', 1)":"PASA A DIPUTADOS - CONJUNTAMENTE PARA LOS EXPEDIENTES 0055-S-1999, 0271-S-1999, 0479-S-1999 y 0563-S-1999","('0055-S-1999', 2)":"CONSIDERACION Y APROBACION CON MODIFICACIONES CONJUNTAMENTE PARA LOS EXPEDIENTES 0055-S-1999, 0271-S-1999, 0479-S-1999 y 0563-S-1999","('0055-S-1999', 3)":"VUELVE A SENADO - (DAE 77) CONJUNTAMENTE PARA LOS EXPEDIENTES 0055-S-1999, 0271-S-1999, 0479-S-1999 y 0563-S-1999","('0055-S-1999', 4)":"MOCION SOBRE TABLAS (AFIRMATIVA) CONJUNTAMENTE PARA LOS EXPEDIENTES 0055-S-1999, 0271-S-1999, 0479-S-1999 y 0563-S-1999","('0055-S-1999', 5)":"CONSIDERACION Y SANCION CONJUNTAMENTE PARA LOS EXPEDIENTES 0055-S-1999, 0271-S-1999, 0479-S-1999 y 0563-S-1999"},"('Tramites', 'FECHA')":{"('0055-S-1999', 0)":"16\/06\/1999","('0055-S-1999', 1)":null,"('0055-S-1999', 2)":"11\/08\/1999","('0055-S-1999', 3)":null,"('0055-S-1999', 4)":"11\/08\/1999","('0055-S-1999', 5)":"11\/08\/1999"},"('Tramites', 'RESULTADO')":{"('0055-S-1999', 0)":"MEDIA SANCION","('0055-S-1999', 1)":null,"('0055-S-1999', 2)":"MEDIA SANCION","('0055-S-1999', 3)":null,"('0055-S-1999', 4)":null,"('0055-S-1999', 5)":"SANCIONADO"},"Sumario":{"('0055-S-1999', 0)":"ALCANCES; MATERIAS DETERMINADAS DE ADMINISTRACION; RATIFICACION DE LA TOTALIDAD DE LA LEGISLACION DELEGADA, DICTADA AL AMPARO DE LA LEGISLACION DELEGANTE PREEXISTENTE A LA REFORMA CONSTITUCIONAL DE 1994 RATIFICADA POR EL ARTICULO 1 DE LA PRESENTE LEY.","('0055-S-1999', 1)":null,"('0055-S-1999', 2)":null,"('0055-S-1999', 3)":null,"('0055-S-1999', 4)":null,"('0055-S-1999', 5)":null},"Palabra Clave":{"('0055-S-1999', 0)":" ","('0055-S-1999', 1)":null,"('0055-S-1999', 2)":null,"('0055-S-1999', 3)":null,"('0055-S-1999', 4)":null,"('0055-S-1999', 5)":null}}