{"Tipo de Proyecto":{"('0056-D-1999', 0)":"PROYECTO DE LEY","('0056-D-1999', 1)":null},"Iniciado en: ":{"('0056-D-1999', 0)":"Diputados","('0056-D-1999', 1)":null},"Expediente Diputados: ":{"('0056-D-1999', 0)":"0056-D-1999","('0056-D-1999', 1)":null},"Publicado en: ":{"('0056-D-1999', 0)":"Tr\u00e1mite Parlamentario N\u00b0 1","('0056-D-1999', 1)":null},"Fecha: ":{"('0056-D-1999', 0)":"01\/03\/1999","('0056-D-1999', 1)":null},"T\u00edtulo":{"('0056-D-1999', 0)":"LEY DE PROTECCION DEL TOMADOR DE CREDITOS PERSONALES; CODIGO DE COMERCIO: MODIFICACIONES (REPRODUCCION DEL EXPEDIENTE 2488-D-97).","('0056-D-1999', 1)":null},"('Firmantes', 'FIRMANTE')":{"('0056-D-1999', 0)":"MELOGNO, ELSA","('0056-D-1999', 1)":null},"('Firmantes', 'DISTRITO')":{"('0056-D-1999', 0)":"CHUBUT","('0056-D-1999', 1)":null},"('Firmantes', 'BLOQUE')":{"('0056-D-1999', 0)":"JUSTICIALISTA","('0056-D-1999', 1)":null},"('Giros', 'COMISI\u00d3N')":{"('0056-D-1999', 0)":"LEGISLACION GENERAL","('0056-D-1999', 1)":"FINANZAS"},"Sumario":{"('0056-D-1999', 0)":"INCORPORACION DE LOS ARTICULOS 105 Y 106 AL DECRETO LEY 5965\/63 (PRESUNCION DE QUE LAS OBLIGACIONES GARANTIZADAS CON VALES O DE VENCIMIENTO SUCESIVO, SON CADA 30 DIAS: CARACTERISTICAS).","('0056-D-1999', 1)":null},"Palabra Clave":{"('0056-D-1999', 0)":" ","('0056-D-1999', 1)":null}}