{"Tipo de Proyecto":{"('0057-PE-1999', 0)":"MENSAJE NRO: 0838\/99 Y PROYECTO DE LEY","('0057-PE-1999', 1)":null,"('0057-PE-1999', 2)":null},"Iniciado en: ":{"('0057-PE-1999', 0)":"Diputados","('0057-PE-1999', 1)":null,"('0057-PE-1999', 2)":null},"Expediente Diputados: ":{"('0057-PE-1999', 0)":"0057-PE-1999","('0057-PE-1999', 1)":null,"('0057-PE-1999', 2)":null},"Publicado en: ":{"('0057-PE-1999', 0)":"Tr\u00e1mite Parlamentario N\u00b0 108","('0057-PE-1999', 1)":null,"('0057-PE-1999', 2)":null},"Fecha: ":{"('0057-PE-1999', 0)":"03\/08\/1999","('0057-PE-1999', 1)":null,"('0057-PE-1999', 2)":null},"T\u00edtulo":{"('0057-PE-1999', 0)":"MODIFICACION A LA LEY 19550 DE SOCIEDADES COMERCIALES (TEXTO ORDENADO DECRETO 841\/84).","('0057-PE-1999', 1)":null,"('0057-PE-1999', 2)":null},"('Firmantes', 'FIRMANTE')":{"('0057-PE-1999', 0)":"MENEM, CARLOS SAUL","('0057-PE-1999', 1)":"RODRIGUEZ, JORGE","('0057-PE-1999', 2)":"GRANILLO OCAMPO, RAUL"},"('Firmantes', 'DISTRITO')":{"('0057-PE-1999', 0)":null,"('0057-PE-1999', 1)":null,"('0057-PE-1999', 2)":null},"('Firmantes', 'BLOQUE')":{"('0057-PE-1999', 0)":"PODER EJECUTIVO","('0057-PE-1999', 1)":"PODER EJECUTIVO","('0057-PE-1999', 2)":"PODER EJECUTIVO"},"('Giros', 'COMISI\u00d3N')":{"('0057-PE-1999', 0)":"LEGISLACION GENERAL","('0057-PE-1999', 1)":null,"('0057-PE-1999', 2)":null},"Sumario":{"('0057-PE-1999', 0)":"SUSTITUCION DEL ARTICULO 23 (RESPONSABILIDAD DE LOS SOCIOS, ACCION ENTRE LOS SOCIOS Y CONTRA TERCEROS).","('0057-PE-1999', 1)":null,"('0057-PE-1999', 2)":null},"Palabra Clave":{"('0057-PE-1999', 0)":" ","('0057-PE-1999', 1)":null,"('0057-PE-1999', 2)":null}}