{"Tipo de Proyecto":{"('0058-PE-1999', 0)":"MENSAJE NRO: 0856\/99 Y PROYECTO DE LEY","('0058-PE-1999', 1)":null,"('0058-PE-1999', 2)":null},"Iniciado en: ":{"('0058-PE-1999', 0)":"Diputados","('0058-PE-1999', 1)":null,"('0058-PE-1999', 2)":null},"Expediente Diputados: ":{"('0058-PE-1999', 0)":"0058-PE-1999","('0058-PE-1999', 1)":null,"('0058-PE-1999', 2)":null},"Publicado en: ":{"('0058-PE-1999', 0)":"Tr\u00e1mite Parlamentario N\u00b0 113","('0058-PE-1999', 1)":null,"('0058-PE-1999', 2)":null},"Fecha: ":{"('0058-PE-1999', 0)":"10\/08\/1999","('0058-PE-1999', 1)":null,"('0058-PE-1999', 2)":null},"T\u00edtulo":{"('0058-PE-1999', 0)":"REGIMEN PARA  CONTRATOS DE COLABORACION EMPRESARIA DE TIPO NO ASOCIATIVO.","('0058-PE-1999', 1)":null,"('0058-PE-1999', 2)":null},"('Firmantes', 'FIRMANTE')":{"('0058-PE-1999', 0)":"MENEM, CARLOS SAUL","('0058-PE-1999', 1)":"RODRIGUEZ, JORGE","('0058-PE-1999', 2)":"GRANILLO OCAMPO, RAUL"},"('Firmantes', 'DISTRITO')":{"('0058-PE-1999', 0)":null,"('0058-PE-1999', 1)":null,"('0058-PE-1999', 2)":null},"('Firmantes', 'BLOQUE')":{"('0058-PE-1999', 0)":"PODER EJECUTIVO","('0058-PE-1999', 1)":"PODER EJECUTIVO","('0058-PE-1999', 2)":"PODER EJECUTIVO"},"('Giros', 'COMISI\u00d3N')":{"('0058-PE-1999', 0)":"LEGISLACION GENERAL","('0058-PE-1999', 1)":null,"('0058-PE-1999', 2)":null},"Sumario":{"('0058-PE-1999', 0)":"AMBITO DE APLICACION; CONTRATO DE AGRUPACION DE COLABORACION: DEFINICION, FINALIDAD, CONTENIDO Y REGISTRACION; UNIONES TRANSITORIAS DE EMPRESAS: CARACTERIZACION, CONTENIDO, INSCRIPCION EN EL REGISTRO PUBLICO DE COMERCIO; DEROGACION DEL CAPITULO III \"DE LOS CONTRATOS DE COLABORACION EMPRESARIA\", ARTICULOS 367 A 383 DE LA LEY 19550 Y MODIFICATORIAS (TEXTO ORDENADO DECRETO 841\/84).","('0058-PE-1999', 1)":null,"('0058-PE-1999', 2)":null},"Palabra Clave":{"('0058-PE-1999', 0)":" ","('0058-PE-1999', 1)":null,"('0058-PE-1999', 2)":null}}