{"Tipo de Proyecto":{"('0059-D-1999', 0)":"PROYECTO DE LEY"},"Iniciado en: ":{"('0059-D-1999', 0)":"Diputados"},"Expediente Diputados: ":{"('0059-D-1999', 0)":"0059-D-1999"},"Publicado en: ":{"('0059-D-1999', 0)":"Tr\u00e1mite Parlamentario N\u00b0 1"},"Fecha: ":{"('0059-D-1999', 0)":"01\/03\/1999"},"T\u00edtulo":{"('0059-D-1999', 0)":"MODIFICACION AL CODIGO CIVIL REFERIDA A LA REDACCION CLARA DE LOS CONTRATOS (REPRODUCCION DEL EXPEDIENTE 4770-D-97)."},"('Firmantes', 'FIRMANTE')":{"('0059-D-1999', 0)":"MELOGNO, ELSA"},"('Firmantes', 'DISTRITO')":{"('0059-D-1999', 0)":"CHUBUT"},"('Firmantes', 'BLOQUE')":{"('0059-D-1999', 0)":"JUSTICIALISTA"},"('Giros', 'COMISI\u00d3N')":{"('0059-D-1999', 0)":"LEGISLACION GENERAL"},"Sumario":{"('0059-D-1999', 0)":"INCORPORACION DE LOS ARTICULOS 1139 BIS, 1140 BIS, 1140 TER, 1145 BIS, 1182 BIS Y DE UN PARRAFO AL ARTICULO 1180."},"Palabra Clave":{"('0059-D-1999', 0)":" "}}