{"Tipo de Proyecto":{"('0059-OV-1999', 0)":"PROYECTO DE RESOLUCI\u00d3N"},"Iniciado en: ":{"('0059-OV-1999', 0)":"Senado"},"Expediente Senado: ":{"('0059-OV-1999', 0)":"0059-OV-1999"},"Fecha: ":{"('0059-OV-1999', 0)":"01\/10\/2002"},"T\u00edtulo":{"('0059-OV-1999', 0)":"DICTAMEN EN LA RESOLUCION REMITIDA POR LA AUDITORIA GENERAL DE LA NACION SOBRE PODER EJECUTIVO NACIONAL - JEFATURA DE GABINETE DE MINISTROS, REFERENTE A REMISION DE RESPUESTA EN RELACION A LA RESOLUCION APROBADA POR AMBAS CAMARAS LEGISLATIVAS (0261-S-97), SOBRE LA NECESIDAD DE AJUSTAR LAS TAREAS DE CONTROL SOBRE LA EMPRESA AGUAS ARGENTINAS SOCIEDAD ANONIMA, DEL ENTE TRIPARTITO DE OBRAS Y SERVICIOS SANITARIOS, A LO PREVISTO POR LA CORRESPONDIENTE NORMATIVA DE APLICACION."},"('Firmantes', 'FIRMANTE')":{"('0059-OV-1999', 0)":"PARLAMENTARIA MIXTA REVISORA DE CUENTAS"},"('Firmantes', 'DISTRITO')":{"('0059-OV-1999', 0)":null},"('Firmantes', 'BLOQUE')":{"('0059-OV-1999', 0)":null},"('Tramites', 'C\u00c1MARA')":{"('0059-OV-1999', 0)":"Senado"},"('Tramites', 'MOVIMIENTO')":{"('0059-OV-1999', 0)":"CONSIDERACION Y APROBACION (AL ARCHIVO)"},"('Tramites', 'FECHA')":{"('0059-OV-1999', 0)":"23\/10\/2002"},"('Tramites', 'RESULTADO')":{"('0059-OV-1999', 0)":"ARCHIVADO"},"Sumario":{"('0059-OV-1999', 0)":"HABIENDO TOMADO CONOCIMIENTO DE LOS MISMOS SE ACONSEJA, PREVIA REMISION DE LOS ANTECEDENTES A LA CITADA AUDITORIA, SU REMISION AL ARCHIVO."},"Palabra Clave":{"('0059-OV-1999', 0)":" "}}