{"Tipo de Proyecto":{"('0059-PE-1999', 0)":"MENSAJE NRO: 0894\/99 Y PROYECTO DE LEY","('0059-PE-1999', 1)":null,"('0059-PE-1999', 2)":null,"('0059-PE-1999', 3)":null},"Iniciado en: ":{"('0059-PE-1999', 0)":"Diputados","('0059-PE-1999', 1)":null,"('0059-PE-1999', 2)":null,"('0059-PE-1999', 3)":null},"Expediente Diputados: ":{"('0059-PE-1999', 0)":"0059-PE-1999","('0059-PE-1999', 1)":null,"('0059-PE-1999', 2)":null,"('0059-PE-1999', 3)":null},"Publicado en: ":{"('0059-PE-1999', 0)":"Tr\u00e1mite Parlamentario N\u00b0 119","('0059-PE-1999', 1)":null,"('0059-PE-1999', 2)":null,"('0059-PE-1999', 3)":null},"Fecha: ":{"('0059-PE-1999', 0)":"19\/08\/1999","('0059-PE-1999', 1)":null,"('0059-PE-1999', 2)":null,"('0059-PE-1999', 3)":null},"T\u00edtulo":{"('0059-PE-1999', 0)":"EMPLEO DE LA FIRMA DIGITAL DENTRO DEL PRINCIPIO DE LIBERTAD DE LAS FORMAS.","('0059-PE-1999', 1)":null,"('0059-PE-1999', 2)":null,"('0059-PE-1999', 3)":null},"('Firmantes', 'FIRMANTE')":{"('0059-PE-1999', 0)":"MENEM, CARLOS SAUL","('0059-PE-1999', 1)":"GRANILLO OCAMPO, RAUL","('0059-PE-1999', 2)":"FERNANDEZ, ROQUE","('0059-PE-1999', 3)":"RODRIGUEZ, JORGE"},"('Firmantes', 'DISTRITO')":{"('0059-PE-1999', 0)":null,"('0059-PE-1999', 1)":null,"('0059-PE-1999', 2)":null,"('0059-PE-1999', 3)":null},"('Firmantes', 'BLOQUE')":{"('0059-PE-1999', 0)":"PODER EJECUTIVO","('0059-PE-1999', 1)":"PODER EJECUTIVO","('0059-PE-1999', 2)":"PODER EJECUTIVO","('0059-PE-1999', 3)":"PODER EJECUTIVO"},"('Giros', 'COMISI\u00d3N')":{"('0059-PE-1999', 0)":"LEGISLACION GENERAL","('0059-PE-1999', 1)":"COMUNICACIONES E INFORMATICA","('0059-PE-1999', 2)":"LEGISLACION PENAL","('0059-PE-1999', 3)":"PRESUPUESTO Y HACIENDA"},"Sumario":{"('0059-PE-1999', 0)":"OBJETO; CERTIFICADO DE CLAVE PUBLICA; CERTIFICADORES; TITULARES DE CERTIFICADOS; ENTE LICENCIANTE; AUDITORIAS; CREACION DE LA COMISION ASESORA PARA LA INFRAESTRUCTURA DE FIRMA DIGITAL: INTEGRACION Y FUNCIONES; SANCIONES; NORMAS DE DERECHO INTERNACIONAL PRIVADO; SUSTITUCION DEL ARTICULO 8 DE LA LEY 19549 DE PROCEDIMIENTOS ADMINISTRATIVOS; INCORPORACION DEL ARTICULO 78 BIS AL CODIGO PENAL.","('0059-PE-1999', 1)":null,"('0059-PE-1999', 2)":null,"('0059-PE-1999', 3)":null},"Palabra Clave":{"('0059-PE-1999', 0)":" ","('0059-PE-1999', 1)":null,"('0059-PE-1999', 2)":null,"('0059-PE-1999', 3)":null}}