{"Tipo de Proyecto":{"('0060-PE-1999', 0)":"MENSAJE NRO: 0903\/99 Y PROYECTO DE LEY","('0060-PE-1999', 1)":null,"('0060-PE-1999', 2)":null},"Iniciado en: ":{"('0060-PE-1999', 0)":"Diputados","('0060-PE-1999', 1)":null,"('0060-PE-1999', 2)":null},"Expediente Diputados: ":{"('0060-PE-1999', 0)":"0060-PE-1999","('0060-PE-1999', 1)":null,"('0060-PE-1999', 2)":null},"Publicado en: ":{"('0060-PE-1999', 0)":"Tr\u00e1mite Parlamentario N\u00b0 119","('0060-PE-1999', 1)":null,"('0060-PE-1999', 2)":null},"Fecha: ":{"('0060-PE-1999', 0)":"19\/08\/1999","('0060-PE-1999', 1)":null,"('0060-PE-1999', 2)":null},"T\u00edtulo":{"('0060-PE-1999', 0)":"MODIFICACION A LA LEY 23966 DE IMPUESTO A LOS COMBUSTIBLES LIQUIDOS Y GAS NATURAL.","('0060-PE-1999', 1)":null,"('0060-PE-1999', 2)":null},"('Firmantes', 'FIRMANTE')":{"('0060-PE-1999', 0)":"MENEM, CARLOS SAUL","('0060-PE-1999', 1)":"RODRIGUEZ, JORGE","('0060-PE-1999', 2)":"URIBURU, JOSE ALBERTO"},"('Firmantes', 'DISTRITO')":{"('0060-PE-1999', 0)":null,"('0060-PE-1999', 1)":null,"('0060-PE-1999', 2)":null},"('Firmantes', 'BLOQUE')":{"('0060-PE-1999', 0)":"PODER EJECUTIVO","('0060-PE-1999', 1)":"PODER EJECUTIVO","('0060-PE-1999', 2)":"PODER EJECUTIVO"},"('Giros', 'COMISI\u00d3N')":{"('0060-PE-1999', 0)":"PRESUPUESTO Y HACIENDA","('0060-PE-1999', 1)":"ENERGIA Y COMBUSTIBLES","('0060-PE-1999', 2)":null},"Sumario":{"('0060-PE-1999', 0)":"SUSTITUCION DEL MONTO DEL IMPUESTO DEL PRIMER Y DEL ULTIMO PARRAFOS DEL ARTICULO 4 Y DEL ARTICULO 15.","('0060-PE-1999', 1)":null,"('0060-PE-1999', 2)":null},"Palabra Clave":{"('0060-PE-1999', 0)":" ","('0060-PE-1999', 1)":null,"('0060-PE-1999', 2)":null}}