{"Tipo de Proyecto":{"('0060-D-1999', 0)":"PROYECTO DE LEY","('0060-D-1999', 1)":null},"Iniciado en: ":{"('0060-D-1999', 0)":"Diputados","('0060-D-1999', 1)":null},"Expediente Diputados: ":{"('0060-D-1999', 0)":"0060-D-1999","('0060-D-1999', 1)":null},"Publicado en: ":{"('0060-D-1999', 0)":"Tr\u00e1mite Parlamentario N\u00b0 1","('0060-D-1999', 1)":null},"Fecha: ":{"('0060-D-1999', 0)":"01\/03\/1999","('0060-D-1999', 1)":null},"T\u00edtulo":{"('0060-D-1999', 0)":"REQUISITO DE PRESENTACION DEL CERTIFICADO DE ANTECEDENTES PENALES PARA QUIENES ASPIREN A OCUPAR FUNCIONES EN LA ADMINISTRACION PUBLICA NACIONAL Y LOS CANDIDATOS A SER INCLUIDOS EN LAS LISTAS ELECTORALES (REPRODUCCION DEL EXPEDIENTE 4850-D-97).","('0060-D-1999', 1)":null},"('Firmantes', 'FIRMANTE')":{"('0060-D-1999', 0)":"MELOGNO, ELSA","('0060-D-1999', 1)":null},"('Firmantes', 'DISTRITO')":{"('0060-D-1999', 0)":"CHUBUT","('0060-D-1999', 1)":null},"('Firmantes', 'BLOQUE')":{"('0060-D-1999', 0)":"JUSTICIALISTA","('0060-D-1999', 1)":null},"('Giros', 'COMISI\u00d3N')":{"('0060-D-1999', 0)":"ASUNTOS CONSTITUCIONALES","('0060-D-1999', 1)":"LEGISLACION PENAL"},"Sumario":{"('0060-D-1999', 0)":"TRAMITACION ANTE EL REGISTRO NACIONAL DE REINCIDENCIA Y ESTADISTICA CRIMINAL; INVITACION A LAS PROVINCIAS A ADHERIR AL PRESENTE REGIMEN.","('0060-D-1999', 1)":null},"Palabra Clave":{"('0060-D-1999', 0)":" ","('0060-D-1999', 1)":null}}