{"Tipo de Proyecto":{"('0061-S-1999', 0)":"PROYECTO DE RESOLUCI\u00d3N","('0061-S-1999', 1)":null,"('0061-S-1999', 2)":null,"('0061-S-1999', 3)":null},"Iniciado en: ":{"('0061-S-1999', 0)":"Senado","('0061-S-1999', 1)":null,"('0061-S-1999', 2)":null,"('0061-S-1999', 3)":null},"Expediente Diputados: ":{"('0061-S-1999', 0)":"0061-S-1999","('0061-S-1999', 1)":null,"('0061-S-1999', 2)":null,"('0061-S-1999', 3)":null},"Expediente Senado: ":{"('0061-S-1999', 0)":"0815-OV-1997","('0061-S-1999', 1)":null,"('0061-S-1999', 2)":null,"('0061-S-1999', 3)":null},"Fecha: ":{"('0061-S-1999', 0)":"19\/05\/1999","('0061-S-1999', 1)":null,"('0061-S-1999', 2)":null,"('0061-S-1999', 3)":null},"T\u00edtulo":{"('0061-S-1999', 0)":"INFORMAR SOBRE LAS MEDIDAS ADOPTADAS ANTE  LAS OBSERVACIONES HECHAS POR LA AUDITORIA GENERAL DE LA NACION A LA ADMINISTRACION NACIONAL DEL SEGURO DE SALUD.","('0061-S-1999', 1)":null,"('0061-S-1999', 2)":null,"('0061-S-1999', 3)":null},"('Firmantes', 'FIRMANTE')":{"('0061-S-1999', 0)":"PARLAMENTARIA MIXTA REVISORA DE CUENTAS","('0061-S-1999', 1)":null,"('0061-S-1999', 2)":null,"('0061-S-1999', 3)":null},"('Firmantes', 'DISTRITO')":{"('0061-S-1999', 0)":null,"('0061-S-1999', 1)":null,"('0061-S-1999', 2)":null,"('0061-S-1999', 3)":null},"('Firmantes', 'BLOQUE')":{"('0061-S-1999', 0)":null,"('0061-S-1999', 1)":null,"('0061-S-1999', 2)":null,"('0061-S-1999', 3)":null},"('Giros', 'COMISI\u00d3N')":{"('0061-S-1999', 0)":"PARLAMENTARIA MIXTA REVISORA DE CUENTAS","('0061-S-1999', 1)":null,"('0061-S-1999', 2)":null,"('0061-S-1999', 3)":null},"('Tramites', 'C\u00c1MARA')":{"('0061-S-1999', 0)":"Senado","('0061-S-1999', 1)":"Diputados","('0061-S-1999', 2)":"Diputados","('0061-S-1999', 3)":"Diputados"},"('Tramites', 'MOVIMIENTO')":{"('0061-S-1999', 0)":"CONSIDERACION Y APROBACION","('0061-S-1999', 1)":"PASA A DIPUTADOS -","('0061-S-1999', 2)":"CONSIDERACION Y APROBACION","('0061-S-1999', 3)":"CONTESTACION DEL PODER EJECUTIVO NACIONAL - JEFATURA DE GABINETE DE MINISTROS - (036-OV-00); GIRADA A LA COMISION RESPECTIVA (BAE 6\/00)"},"('Tramites', 'FECHA')":{"('0061-S-1999', 0)":"16\/06\/1999","('0061-S-1999', 1)":null,"('0061-S-1999', 2)":"04\/08\/1999","('0061-S-1999', 3)":"13\/04\/2000"},"('Tramites', 'RESULTADO')":{"('0061-S-1999', 0)":"APROBADO","('0061-S-1999', 1)":null,"('0061-S-1999', 2)":"APROBADO","('0061-S-1999', 3)":null},"Sumario":{"('0061-S-1999', 0)":"SOLICITUD AL PODER EJECUTIVO NACIONAL.","('0061-S-1999', 1)":null,"('0061-S-1999', 2)":null,"('0061-S-1999', 3)":null},"Palabra Clave":{"('0061-S-1999', 0)":" ","('0061-S-1999', 1)":null,"('0061-S-1999', 2)":null,"('0061-S-1999', 3)":null}}