{"Tipo de Proyecto":{"('0062-S-1999', 0)":"PROYECTO DE RESOLUCI\u00d3N","('0062-S-1999', 1)":null,"('0062-S-1999', 2)":null,"('0062-S-1999', 3)":null},"Iniciado en: ":{"('0062-S-1999', 0)":"Senado","('0062-S-1999', 1)":null,"('0062-S-1999', 2)":null,"('0062-S-1999', 3)":null},"Expediente Diputados: ":{"('0062-S-1999', 0)":"0062-S-1999","('0062-S-1999', 1)":null,"('0062-S-1999', 2)":null,"('0062-S-1999', 3)":null},"Expediente Senado: ":{"('0062-S-1999', 0)":"0816-OV-1997","('0062-S-1999', 1)":null,"('0062-S-1999', 2)":null,"('0062-S-1999', 3)":null},"Fecha: ":{"('0062-S-1999', 0)":"19\/05\/1999","('0062-S-1999', 1)":null,"('0062-S-1999', 2)":null,"('0062-S-1999', 3)":null},"T\u00edtulo":{"('0062-S-1999', 0)":"INFORMAR SOBRE LAS MEDIDAS ADOPTADAS ANTE  LAS OBSERVACIONES HECHAS POR LA AUDITORIA GENERAL DE LA NACION A LA SECRETARIA DE ENERGIA DE LA NACION. ","('0062-S-1999', 1)":null,"('0062-S-1999', 2)":null,"('0062-S-1999', 3)":null},"('Firmantes', 'FIRMANTE')":{"('0062-S-1999', 0)":"PARLAMENTARIA MIXTA REVISORA DE CUENTAS","('0062-S-1999', 1)":null,"('0062-S-1999', 2)":null,"('0062-S-1999', 3)":null},"('Firmantes', 'DISTRITO')":{"('0062-S-1999', 0)":null,"('0062-S-1999', 1)":null,"('0062-S-1999', 2)":null,"('0062-S-1999', 3)":null},"('Firmantes', 'BLOQUE')":{"('0062-S-1999', 0)":null,"('0062-S-1999', 1)":null,"('0062-S-1999', 2)":null,"('0062-S-1999', 3)":null},"('Giros', 'COMISI\u00d3N')":{"('0062-S-1999', 0)":"PARLAMENTARIA MIXTA REVISORA DE CUENTAS","('0062-S-1999', 1)":null,"('0062-S-1999', 2)":null,"('0062-S-1999', 3)":null},"('Tramites', 'C\u00c1MARA')":{"('0062-S-1999', 0)":"Senado","('0062-S-1999', 1)":"Diputados","('0062-S-1999', 2)":"Diputados","('0062-S-1999', 3)":"Diputados"},"('Tramites', 'MOVIMIENTO')":{"('0062-S-1999', 0)":"CONSIDERACION Y APROBACION","('0062-S-1999', 1)":"PASA A DIPUTADOS -","('0062-S-1999', 2)":"CONSIDERACION Y APROBACION","('0062-S-1999', 3)":"CONTESTACION DEL PODER EJECUTIVO NACIONAL - JEFE DE GABINETE DE MINISTROS - (0826-OV-01); GIRADA A LA COMISION RESPECTIVA (BAE 49\/01)"},"('Tramites', 'FECHA')":{"('0062-S-1999', 0)":"16\/06\/1999","('0062-S-1999', 1)":null,"('0062-S-1999', 2)":"04\/08\/1999","('0062-S-1999', 3)":"28\/02\/2002"},"('Tramites', 'RESULTADO')":{"('0062-S-1999', 0)":"APROBADO","('0062-S-1999', 1)":null,"('0062-S-1999', 2)":"APROBADO","('0062-S-1999', 3)":null},"Sumario":{"('0062-S-1999', 0)":"SOLICITUD AL PODER EJECUTIVO NACIONAL.","('0062-S-1999', 1)":null,"('0062-S-1999', 2)":null,"('0062-S-1999', 3)":null},"Palabra Clave":{"('0062-S-1999', 0)":" ","('0062-S-1999', 1)":null,"('0062-S-1999', 2)":null,"('0062-S-1999', 3)":null}}