{"Tipo de Proyecto":{"('0063-S-1999', 0)":"PROYECTO DE RESOLUCI\u00d3N","('0063-S-1999', 1)":null,"('0063-S-1999', 2)":null,"('0063-S-1999', 3)":null},"Iniciado en: ":{"('0063-S-1999', 0)":"Senado","('0063-S-1999', 1)":null,"('0063-S-1999', 2)":null,"('0063-S-1999', 3)":null},"Expediente Diputados: ":{"('0063-S-1999', 0)":"0063-S-1999","('0063-S-1999', 1)":null,"('0063-S-1999', 2)":null,"('0063-S-1999', 3)":null},"Expediente Senado: ":{"('0063-S-1999', 0)":"0428-OV-1998","('0063-S-1999', 1)":null,"('0063-S-1999', 2)":null,"('0063-S-1999', 3)":null},"Fecha: ":{"('0063-S-1999', 0)":"19\/05\/1999","('0063-S-1999', 1)":null,"('0063-S-1999', 2)":null,"('0063-S-1999', 3)":null},"T\u00edtulo":{"('0063-S-1999', 0)":"INFORMAR SOBRE LAS MEDIDAS ADOPTADAS ANTE  LAS OBSERVACIONES HECHAS POR LA AUDITORIA GENERAL DE LA NACION A LA DIRECCION NACIONAL DE TRANSPORTE AEROCOMERCIAL.","('0063-S-1999', 1)":null,"('0063-S-1999', 2)":null,"('0063-S-1999', 3)":null},"('Firmantes', 'FIRMANTE')":{"('0063-S-1999', 0)":"PARLAMENTARIA MIXTA REVISORA DE CUENTAS","('0063-S-1999', 1)":null,"('0063-S-1999', 2)":null,"('0063-S-1999', 3)":null},"('Firmantes', 'DISTRITO')":{"('0063-S-1999', 0)":null,"('0063-S-1999', 1)":null,"('0063-S-1999', 2)":null,"('0063-S-1999', 3)":null},"('Firmantes', 'BLOQUE')":{"('0063-S-1999', 0)":null,"('0063-S-1999', 1)":null,"('0063-S-1999', 2)":null,"('0063-S-1999', 3)":null},"('Giros', 'COMISI\u00d3N')":{"('0063-S-1999', 0)":"PARLAMENTARIA MIXTA REVISORA DE CUENTAS","('0063-S-1999', 1)":null,"('0063-S-1999', 2)":null,"('0063-S-1999', 3)":null},"('Tramites', 'C\u00c1MARA')":{"('0063-S-1999', 0)":"Senado","('0063-S-1999', 1)":"Diputados","('0063-S-1999', 2)":"Diputados","('0063-S-1999', 3)":"Senado"},"('Tramites', 'MOVIMIENTO')":{"('0063-S-1999', 0)":"CONSIDERACION Y APROBACION","('0063-S-1999', 1)":"PASA A DIPUTADOS -","('0063-S-1999', 2)":"CONSIDERACION Y APROBACION","('0063-S-1999', 3)":"CONTESTACION DEL PODER EJECUTIVO NACIONAL - (925-PE-99); GIRADA A LA COMISION RESPECTIVA"},"('Tramites', 'FECHA')":{"('0063-S-1999', 0)":"16\/06\/1999","('0063-S-1999', 1)":null,"('0063-S-1999', 2)":"04\/08\/1999","('0063-S-1999', 3)":null},"('Tramites', 'RESULTADO')":{"('0063-S-1999', 0)":"APROBADO","('0063-S-1999', 1)":null,"('0063-S-1999', 2)":"APROBADO","('0063-S-1999', 3)":null},"Sumario":{"('0063-S-1999', 0)":"SOLICITUD AL PODER EJECUTIVO NACIONAL.","('0063-S-1999', 1)":null,"('0063-S-1999', 2)":null,"('0063-S-1999', 3)":null},"Palabra Clave":{"('0063-S-1999', 0)":" ","('0063-S-1999', 1)":null,"('0063-S-1999', 2)":null,"('0063-S-1999', 3)":null}}