{"Tipo de Proyecto":{"('0063-D-1999', 0)":"PROYECTO DE LEY","('0063-D-1999', 1)":null,"('0063-D-1999', 2)":null},"Iniciado en: ":{"('0063-D-1999', 0)":"Diputados","('0063-D-1999', 1)":null,"('0063-D-1999', 2)":null},"Expediente Diputados: ":{"('0063-D-1999', 0)":"0063-D-1999","('0063-D-1999', 1)":null,"('0063-D-1999', 2)":null},"Publicado en: ":{"('0063-D-1999', 0)":"Tr\u00e1mite Parlamentario N\u00b0 1","('0063-D-1999', 1)":null,"('0063-D-1999', 2)":null},"Fecha: ":{"('0063-D-1999', 0)":"01\/03\/1999","('0063-D-1999', 1)":null,"('0063-D-1999', 2)":null},"T\u00edtulo":{"('0063-D-1999', 0)":"LEY DE SEGURIDAD VIAL PARA LA PROTECCION DE LA VIDA DE LOS CONDUCTORES DE BICICLETAS Y CICLOMOTORES (REPRODUCCION DEL EXPEDIENTE 5157-D-97).","('0063-D-1999', 1)":null,"('0063-D-1999', 2)":null},"('Firmantes', 'FIRMANTE')":{"('0063-D-1999', 0)":"MELOGNO, ELSA","('0063-D-1999', 1)":null,"('0063-D-1999', 2)":null},"('Firmantes', 'DISTRITO')":{"('0063-D-1999', 0)":"CHUBUT","('0063-D-1999', 1)":null,"('0063-D-1999', 2)":null},"('Firmantes', 'BLOQUE')":{"('0063-D-1999', 0)":"JUSTICIALISTA","('0063-D-1999', 1)":null,"('0063-D-1999', 2)":null},"('Giros', 'COMISI\u00d3N')":{"('0063-D-1999', 0)":"TRANSPORTES","('0063-D-1999', 1)":"ECONOMIA","('0063-D-1999', 2)":"PRESUPUESTO Y HACIENDA"},"Sumario":{"('0063-D-1999', 0)":"USO OBLIGATORIO DE CHALECOS REFRACTARIOS; AUTORIDAD DE APLICACION; 'PROGRAMA DE CONFECCION DE CHALECOS REFRACTARIOS'; PRECIO DE VENTA; CARACTERISTICAS DE LOS CHALECOS; NUMERO IDENTIFICATORIO; RENOVACION; FINANCIAMIENTO DEL PROGRAMA.","('0063-D-1999', 1)":null,"('0063-D-1999', 2)":null},"Palabra Clave":{"('0063-D-1999', 0)":" ","('0063-D-1999', 1)":null,"('0063-D-1999', 2)":null}}