{"Tipo de Proyecto":{"('0064-D-1999', 0)":"PROYECTO DE LEY","('0064-D-1999', 1)":null},"Iniciado en: ":{"('0064-D-1999', 0)":"Diputados","('0064-D-1999', 1)":null},"Expediente Diputados: ":{"('0064-D-1999', 0)":"0064-D-1999","('0064-D-1999', 1)":null},"Publicado en: ":{"('0064-D-1999', 0)":"Tr\u00e1mite Parlamentario N\u00b0 1","('0064-D-1999', 1)":null},"Fecha: ":{"('0064-D-1999', 0)":"01\/03\/1999","('0064-D-1999', 1)":null},"T\u00edtulo":{"('0064-D-1999', 0)":"CODIGO PENAL: MODIFICACION (REPRODUCCION DEL EXPEDIENTE 5364-D-97).","('0064-D-1999', 1)":null},"('Firmantes', 'FIRMANTE')":{"('0064-D-1999', 0)":"MELOGNO, ELSA","('0064-D-1999', 1)":null},"('Firmantes', 'DISTRITO')":{"('0064-D-1999', 0)":"CHUBUT","('0064-D-1999', 1)":null},"('Firmantes', 'BLOQUE')":{"('0064-D-1999', 0)":"JUSTICIALISTA","('0064-D-1999', 1)":null},"('Giros', 'COMISI\u00d3N')":{"('0064-D-1999', 0)":"LEGISLACION PENAL","('0064-D-1999', 1)":"FAMILIA, MUJER Y MINORIDAD"},"Sumario":{"('0064-D-1999', 0)":"INCORPORACION DEL ARTICULO 138 BIS (VENTA Y TRAFICO DE NI\u00d1OS).","('0064-D-1999', 1)":null},"Palabra Clave":{"('0064-D-1999', 0)":" ","('0064-D-1999', 1)":null}}