{"Tipo de Proyecto":{"('0065-S-1999', 0)":"PROYECTO DE RESOLUCI\u00d3N","('0065-S-1999', 1)":null},"Iniciado en: ":{"('0065-S-1999', 0)":"Senado","('0065-S-1999', 1)":null},"Expediente Senado: ":{"('0065-S-1999', 0)":"0065-S-1999","('0065-S-1999', 1)":null},"Publicado en: ":{"('0065-S-1999', 0)":"Diario de Asuntos Entrados N\u00b0 4","('0065-S-1999', 1)":null},"Fecha: ":{"('0065-S-1999', 0)":"08\/03\/1999","('0065-S-1999', 1)":null},"T\u00edtulo":{"('0065-S-1999', 0)":"EXPRESAR SU PREOCUPACION ANTE EL CAMBIO DE HORARIOS Y FRECUENCIAS QUE LA EMPRESA AUSTRAL LINEAS AEREAS ESTA LLEVANDO ADELANTE EN LOS VUELOS BUENOS AIRES - POSADAS.","('0065-S-1999', 1)":null},"('Firmantes', 'FIRMANTE')":{"('0065-S-1999', 0)":"OUDIN, ERNESTO RENE","('0065-S-1999', 1)":null},"('Firmantes', 'DISTRITO')":{"('0065-S-1999', 0)":"MISIONES","('0065-S-1999', 1)":null},"('Firmantes', 'BLOQUE')":{"('0065-S-1999', 0)":"JUSTICIALISTA","('0065-S-1999', 1)":null},"('Tramites', 'C\u00c1MARA')":{"('0065-S-1999', 0)":"Senado","('0065-S-1999', 1)":"Senado"},"('Tramites', 'MOVIMIENTO')":{"('0065-S-1999', 0)":"CONSIDERACION Y APROBACION","('0065-S-1999', 1)":"CONTESTACION DEL PODER EJECUTIVO NACIONAL - (621-PE-99); GIRADA A LA COMISION RESPECTIVA"},"('Tramites', 'FECHA')":{"('0065-S-1999', 0)":"16\/06\/1999","('0065-S-1999', 1)":null},"('Tramites', 'RESULTADO')":{"('0065-S-1999', 0)":"APROBADO","('0065-S-1999', 1)":null},"Sumario":{"('0065-S-1999', 0)":"SOLICITUD AL PEN PARA QUE PETICIONE A DICHA EMPRESA EL MANTENIMIENTO DE LOS HORARIOS Y FRECUENCIAS EN LOS VUELOS MENCIONADOS.","('0065-S-1999', 1)":null},"Palabra Clave":{"('0065-S-1999', 0)":" ","('0065-S-1999', 1)":null}}