{"Tipo de Proyecto":{"('0065-D-1999', 0)":"PROYECTO DE LEY","('0065-D-1999', 1)":null},"Iniciado en: ":{"('0065-D-1999', 0)":"Diputados","('0065-D-1999', 1)":null},"Expediente Diputados: ":{"('0065-D-1999', 0)":"0065-D-1999","('0065-D-1999', 1)":null},"Publicado en: ":{"('0065-D-1999', 0)":"Tr\u00e1mite Parlamentario N\u00b0 1","('0065-D-1999', 1)":null},"Fecha: ":{"('0065-D-1999', 0)":"01\/03\/1999","('0065-D-1999', 1)":null},"T\u00edtulo":{"('0065-D-1999', 0)":"CODIGO PENAL: MODIFICACIONES TENDIENTES A LA MEJORA DE LA DIGNIDAD HUMANA DE LOS RECLUIDOS (REPRODUCCION DEL EXPEDIENTE 5468-D-97).","('0065-D-1999', 1)":null},"('Firmantes', 'FIRMANTE')":{"('0065-D-1999', 0)":"MELOGNO, ELSA","('0065-D-1999', 1)":null},"('Firmantes', 'DISTRITO')":{"('0065-D-1999', 0)":"CHUBUT","('0065-D-1999', 1)":null},"('Firmantes', 'BLOQUE')":{"('0065-D-1999', 0)":"JUSTICIALISTA","('0065-D-1999', 1)":null},"('Giros', 'COMISI\u00d3N')":{"('0065-D-1999', 0)":"LEGISLACION PENAL","('0065-D-1999', 1)":"DERECHOS HUMANOS Y GARANTIAS"},"Sumario":{"('0065-D-1999', 0)":"SUSTITUCION DE LOS ARTICULOS 6 (TRABAJO OBLIGATORIO), 7 (CONTRATACION PRIVADA DE LOS CONDENADOS), 8 (TRABAJO OBLIGATORIO DE LOS CONDENADO A PRISION), 9, 10 (DETENCION DOMICILIARIA), 11 (PRODUCTO DEL TRABAJO DE LOS CONDENADOS), 12 (INHABILITACION); INCORPORACION DE LOS ARTICULOS 6 BIS (TRABAJOS COMUNITARIOS), 7 BIS (PROTECCION LABORAL) 7 TER (IMPUTACION Y DEPOSITO DE LAS REMUNERACIONES DE LOS CONDENADOS), 8 BIS (ESTABLECIMIENTOS PARA MENORES DE EDAD), 8 TER (MUJERES CONDENADAS), 9 BIS (PELIGROSIDAD), 9 TER (ENFERMOS TERMINALES), 12 BIS (RESTRICCIONES) Y 12 TER (CURATELA).","('0065-D-1999', 1)":null},"Palabra Clave":{"('0065-D-1999', 0)":" ","('0065-D-1999', 1)":null}}