{"Tipo de Proyecto":{"('0066-PE-1999', 0)":"MENSAJE NRO: 1020\/99","('0066-PE-1999', 1)":null,"('0066-PE-1999', 2)":null,"('0066-PE-1999', 3)":null,"('0066-PE-1999', 4)":null},"Iniciado en: ":{"('0066-PE-1999', 0)":"Diputados","('0066-PE-1999', 1)":null,"('0066-PE-1999', 2)":null,"('0066-PE-1999', 3)":null,"('0066-PE-1999', 4)":null},"Expediente Diputados: ":{"('0066-PE-1999', 0)":"0066-PE-1999","('0066-PE-1999', 1)":null,"('0066-PE-1999', 2)":null,"('0066-PE-1999', 3)":null,"('0066-PE-1999', 4)":null},"Publicado en: ":{"('0066-PE-1999', 0)":"Tr\u00e1mite Parlamentario N\u00b0 141","('0066-PE-1999', 1)":null,"('0066-PE-1999', 2)":null,"('0066-PE-1999', 3)":null,"('0066-PE-1999', 4)":null},"Fecha: ":{"('0066-PE-1999', 0)":"17\/09\/1999","('0066-PE-1999', 1)":null,"('0066-PE-1999', 2)":null,"('0066-PE-1999', 3)":null,"('0066-PE-1999', 4)":null},"T\u00edtulo":{"('0066-PE-1999', 0)":"COMUNICACION DEL DECRETO 1019\/99, POR EL CUAL SE OBSERVA PARCIALMENTE LA LEY 25156 DE DEFENSA DE LA COMPETENCIA.","('0066-PE-1999', 1)":null,"('0066-PE-1999', 2)":null,"('0066-PE-1999', 3)":null,"('0066-PE-1999', 4)":null},"('Firmantes', 'FIRMANTE')":{"('0066-PE-1999', 0)":"MENEM, CARLOS SAUL","('0066-PE-1999', 1)":"RODRIGUEZ, JORGE","('0066-PE-1999', 2)":"FERNANDEZ, ROQUE","('0066-PE-1999', 3)":"CORACH, CARLOS","('0066-PE-1999', 4)":"DOMINGUEZ, JORGE"},"('Firmantes', 'DISTRITO')":{"('0066-PE-1999', 0)":null,"('0066-PE-1999', 1)":null,"('0066-PE-1999', 2)":null,"('0066-PE-1999', 3)":null,"('0066-PE-1999', 4)":null},"('Firmantes', 'BLOQUE')":{"('0066-PE-1999', 0)":"PODER EJECUTIVO","('0066-PE-1999', 1)":"PODER EJECUTIVO","('0066-PE-1999', 2)":"PODER EJECUTIVO","('0066-PE-1999', 3)":"PODER EJECUTIVO","('0066-PE-1999', 4)":"PODER EJECUTIVO"},"('Giros', 'COMISI\u00d3N')":{"('0066-PE-1999', 0)":"COMERCIO","('0066-PE-1999', 1)":"LEGISLACION GENERAL","('0066-PE-1999', 2)":"JUSTICIA","('0066-PE-1999', 3)":"PRESUPUESTO Y HACIENDA","('0066-PE-1999', 4)":null},"('Tramites', 'C\u00c1MARA')":{"('0066-PE-1999', 0)":"Diputados","('0066-PE-1999', 1)":null,"('0066-PE-1999', 2)":null,"('0066-PE-1999', 3)":null,"('0066-PE-1999', 4)":null},"('Tramites', 'MOVIMIENTO')":{"('0066-PE-1999', 0)":"VER TRAMITE DE LA INSISTENCIA EN EXPEDIENTE 0311-D-98","('0066-PE-1999', 1)":null,"('0066-PE-1999', 2)":null,"('0066-PE-1999', 3)":null,"('0066-PE-1999', 4)":null},"('Tramites', 'FECHA')":{"('0066-PE-1999', 0)":null,"('0066-PE-1999', 1)":null,"('0066-PE-1999', 2)":null,"('0066-PE-1999', 3)":null,"('0066-PE-1999', 4)":null},"('Tramites', 'RESULTADO')":{"('0066-PE-1999', 0)":null,"('0066-PE-1999', 1)":null,"('0066-PE-1999', 2)":null,"('0066-PE-1999', 3)":null,"('0066-PE-1999', 4)":null},"Palabra Clave":{"('0066-PE-1999', 0)":" ","('0066-PE-1999', 1)":null,"('0066-PE-1999', 2)":null,"('0066-PE-1999', 3)":null,"('0066-PE-1999', 4)":null}}