{"Tipo de Proyecto":{"('0066-S-1999', 0)":"PROYECTO DE LEY"},"Iniciado en: ":{"('0066-S-1999', 0)":"Senado"},"Expediente Senado: ":{"('0066-S-1999', 0)":"0066-S-1999"},"Publicado en: ":{"('0066-S-1999', 0)":"Diario de Asuntos Entrados N\u00b0 4"},"Fecha: ":{"('0066-S-1999', 0)":"08\/03\/1999"},"T\u00edtulo":{"('0066-S-1999', 0)":"LEY DE PROMOCION Y RECONVERSION DE LA FRUTICULTURA EN LAS PROVINCIAS DE NEUQUEN Y DE RIO NEGRO."},"('Firmantes', 'FIRMANTE')":{"('0066-S-1999', 0)":"SAPAG, FELIPE RODOLFO"},"('Firmantes', 'DISTRITO')":{"('0066-S-1999', 0)":"NEUQUEN"},"('Firmantes', 'BLOQUE')":{"('0066-S-1999', 0)":"MOV POP NEUQUINO"},"Sumario":{"('0066-S-1999', 0)":"OBJETO; AUTORIDAD DE APLICACION: SECRETARIA DE AGRICULTURA, GANADERIA, PESCA Y ALIMENTACION; REQUISITOS PARA EL OTORGAMIENTO DE LOS BENEFICIOS PROMOCIONALES; CREACION DEL FONDO DE PROMOCION FRUTICOLA QUE SE INCLUIRA EN LA LEY DE PRESUPUESTO NACIONAL; EXIMICION DEL PAGO DEL IVA COMPRAS, DURANTE 10 A\u00d1OS, A LAS INVERSIONES Y ADQUISICIONES EFECTUADAS POR PRODUCTORES FRUTICOLAS."},"Palabra Clave":{"('0066-S-1999', 0)":" "}}