{"Tipo de Proyecto":{"('0067-S-1999', 0)":"PROYECTO DE DECLARACI\u00d3N"},"Iniciado en: ":{"('0067-S-1999', 0)":"Senado"},"Expediente Senado: ":{"('0067-S-1999', 0)":"0067-S-1999"},"Publicado en: ":{"('0067-S-1999', 0)":"Diario de Asuntos Entrados N\u00b0 4"},"Fecha: ":{"('0067-S-1999', 0)":"08\/03\/1999"},"T\u00edtulo":{"('0067-S-1999', 0)":"ACCIDENTE OCURRIDO EN LOS RECITALES \"BUENOS AIRES VIVO III\" CAUSANDO LA MUERTE DE DOS PERSONAS, POR FALTA DE PREVISION EN SU ORGANIZACION."},"('Firmantes', 'FIRMANTE')":{"('0067-S-1999', 0)":"ALMIRON, CARLOS HUMBERTO"},"('Firmantes', 'DISTRITO')":{"('0067-S-1999', 0)":"TUCUMAN"},"('Firmantes', 'BLOQUE')":{"('0067-S-1999', 0)":"FZA REPUBLICANA"},"Sumario":{"('0067-S-1999', 0)":"EXPRESION DE PREOCUPACION."},"Palabra Clave":{"('0067-S-1999', 0)":" "}}