{"Tipo de Proyecto":{"('0067-PE-1999', 0)":"MENSAJE NRO: 1022\/99","('0067-PE-1999', 1)":null,"('0067-PE-1999', 2)":null,"('0067-PE-1999', 3)":null},"Iniciado en: ":{"('0067-PE-1999', 0)":"Diputados","('0067-PE-1999', 1)":null,"('0067-PE-1999', 2)":null,"('0067-PE-1999', 3)":null},"Expediente Diputados: ":{"('0067-PE-1999', 0)":"0067-PE-1999","('0067-PE-1999', 1)":null,"('0067-PE-1999', 2)":null,"('0067-PE-1999', 3)":null},"Publicado en: ":{"('0067-PE-1999', 0)":"Tr\u00e1mite Parlamentario N\u00b0 141","('0067-PE-1999', 1)":null,"('0067-PE-1999', 2)":null,"('0067-PE-1999', 3)":null},"Fecha: ":{"('0067-PE-1999', 0)":"17\/09\/1999","('0067-PE-1999', 1)":null,"('0067-PE-1999', 2)":null,"('0067-PE-1999', 3)":null},"T\u00edtulo":{"('0067-PE-1999', 0)":"COMUNICACION DEL DECRETO 1021\/99, POR EL CUAL SE OBSERVA PARCIALMENTE LA LEY 25157 (MODIFICACION Y DEROGACION DE ALGUNOS DE LOS ARTICULOS DEL DECRETO 455\/99 DE REAJUSTE PRESUPUESTARIO).","('0067-PE-1999', 1)":null,"('0067-PE-1999', 2)":null,"('0067-PE-1999', 3)":null},"('Firmantes', 'FIRMANTE')":{"('0067-PE-1999', 0)":"MENEM, CARLOS SAUL","('0067-PE-1999', 1)":"RODRIGUEZ, JORGE","('0067-PE-1999', 2)":"FERNANDEZ, ROQUE","('0067-PE-1999', 3)":"CORACH, CARLOS"},"('Firmantes', 'DISTRITO')":{"('0067-PE-1999', 0)":null,"('0067-PE-1999', 1)":null,"('0067-PE-1999', 2)":null,"('0067-PE-1999', 3)":null},"('Firmantes', 'BLOQUE')":{"('0067-PE-1999', 0)":"PODER EJECUTIVO","('0067-PE-1999', 1)":"PODER EJECUTIVO","('0067-PE-1999', 2)":"PODER EJECUTIVO","('0067-PE-1999', 3)":"PODER EJECUTIVO"},"('Giros', 'COMISI\u00d3N')":{"('0067-PE-1999', 0)":"ASUNTOS CONSTITUCIONALES","('0067-PE-1999', 1)":"PRESUPUESTO Y HACIENDA","('0067-PE-1999', 2)":"PREVISION Y SEGURIDAD SOCIAL","('0067-PE-1999', 3)":null},"('Tramites', 'C\u00c1MARA')":{"('0067-PE-1999', 0)":"Diputados","('0067-PE-1999', 1)":null,"('0067-PE-1999', 2)":null,"('0067-PE-1999', 3)":null},"('Tramites', 'MOVIMIENTO')":{"('0067-PE-1999', 0)":"VER TRAMITE DE LA INSISTENCIA EN EL EXPEDIENTE 2393-D-99","('0067-PE-1999', 1)":null,"('0067-PE-1999', 2)":null,"('0067-PE-1999', 3)":null},"('Tramites', 'FECHA')":{"('0067-PE-1999', 0)":null,"('0067-PE-1999', 1)":null,"('0067-PE-1999', 2)":null,"('0067-PE-1999', 3)":null},"('Tramites', 'RESULTADO')":{"('0067-PE-1999', 0)":null,"('0067-PE-1999', 1)":null,"('0067-PE-1999', 2)":null,"('0067-PE-1999', 3)":null},"Palabra Clave":{"('0067-PE-1999', 0)":" ","('0067-PE-1999', 1)":null,"('0067-PE-1999', 2)":null,"('0067-PE-1999', 3)":null}}