{"Tipo de Proyecto":{"('0068-S-1999', 0)":"COMUNICACION","('0068-S-1999', 1)":null},"Iniciado en: ":{"('0068-S-1999', 0)":"Senado","('0068-S-1999', 1)":null},"Expediente Senado: ":{"('0068-S-1999', 0)":"0068-S-1999","('0068-S-1999', 1)":null},"Publicado en: ":{"('0068-S-1999', 0)":"Diario de Asuntos Entrados N\u00b0 4","('0068-S-1999', 1)":null},"Fecha: ":{"('0068-S-1999', 0)":"08\/03\/1999","('0068-S-1999', 1)":null},"T\u00edtulo":{"('0068-S-1999', 0)":"OTORGAR UN SUBSIDIO AL OBISPADO DE A\u00d1ATUYA, PROVINCIA DE SANTIAGO DEL ESTERO, PARA FINANCIAR TAREAS DE INVESTIGACION EN EL MARCO DEL 'PLAN DE LUCHA CONTRA EL MAL DE CHAGAS'","('0068-S-1999', 1)":null},"('Firmantes', 'FIRMANTE')":{"('0068-S-1999', 0)":"VAQUIR, OMAR M.","('0068-S-1999', 1)":"MENEGHINI, JAVIER REYNALDO"},"('Firmantes', 'DISTRITO')":{"('0068-S-1999', 0)":"SANTIAGO DEL ESTERO","('0068-S-1999', 1)":"SANTIAGO DEL ESTERO"},"('Firmantes', 'BLOQUE')":{"('0068-S-1999', 0)":"JUSTICIALISTA","('0068-S-1999', 1)":"UCR"},"('Tramites', 'C\u00c1MARA')":{"('0068-S-1999', 0)":"Senado","('0068-S-1999', 1)":"Senado"},"('Tramites', 'MOVIMIENTO')":{"('0068-S-1999', 0)":"CONSIDERACION Y APROBACION","('0068-S-1999', 1)":"CONTESTACION DEL PODER EJECUTIVO NACIONAL - (357-PE-99); GIRADA A LA COMISION RESPECTIVA"},"('Tramites', 'FECHA')":{"('0068-S-1999', 0)":"05\/05\/1999","('0068-S-1999', 1)":null},"('Tramites', 'RESULTADO')":{"('0068-S-1999', 0)":"APROBADO","('0068-S-1999', 1)":null},"Sumario":{"('0068-S-1999', 0)":"SOLICITUD AL PODER EJECUTIVO NACIONAL.","('0068-S-1999', 1)":null},"Palabra Clave":{"('0068-S-1999', 0)":" ","('0068-S-1999', 1)":null}}