{"Tipo de Proyecto":{"('0068-D-1999', 0)":"PROYECTO DE LEY"},"Iniciado en: ":{"('0068-D-1999', 0)":"Diputados"},"Expediente Diputados: ":{"('0068-D-1999', 0)":"0068-D-1999"},"Publicado en: ":{"('0068-D-1999', 0)":"Tr\u00e1mite Parlamentario N\u00b0 1"},"Fecha: ":{"('0068-D-1999', 0)":"01\/03\/1999"},"T\u00edtulo":{"('0068-D-1999', 0)":"CODIGO PENAL: MODIFICACION (REPRODUCCION DEL EXPEDIENTE 5472-D-97)."},"('Firmantes', 'FIRMANTE')":{"('0068-D-1999', 0)":"MELOGNO, ELSA"},"('Firmantes', 'DISTRITO')":{"('0068-D-1999', 0)":"CHUBUT"},"('Firmantes', 'BLOQUE')":{"('0068-D-1999', 0)":"JUSTICIALISTA"},"('Giros', 'COMISI\u00d3N')":{"('0068-D-1999', 0)":"LEGISLACION PENAL"},"Sumario":{"('0068-D-1999', 0)":"SUSTITUCION DE LOS ARTICULOS 34 (INIMPUTABILIDAD), 35 (DEFENSA PERSONAL), 40 (MEDIDAS DIVISIBLES) Y 41 (ELEMENTOS A TENER EN CUENTA EN LA APLICACION DE MEDIDAS DIVISIBLES); INCORPORACION DE LOS ARTICULOS 34 BIS (ENAJENACION MENTAL), 34 TER, 34 QUATER (SALIDA DE LAS INSTITUCIONES DE CURACION), 34 QUINQUIES (MEDIO RACIONAL), 36 (PROHIBICION DE ARRESTO), 37 (OPORTUNIDAD DE LA PRISION PREVENTIVA), 38 (EXCESOS) Y 41 BIS (TOMA DE CONOCIMIENTO)."},"Palabra Clave":{"('0068-D-1999', 0)":" "}}