{"Tipo de Proyecto":{"('0070-S-1999', 0)":"PROYECTO DE LEY"},"Iniciado en: ":{"('0070-S-1999', 0)":"Senado"},"Expediente Senado: ":{"('0070-S-1999', 0)":"0070-S-1999"},"Publicado en: ":{"('0070-S-1999', 0)":"Diario de Asuntos Entrados N\u00b0 4"},"Fecha: ":{"('0070-S-1999', 0)":"08\/03\/1999"},"T\u00edtulo":{"('0070-S-1999', 0)":"MODIFICACION A LA LEY 23098, DE HABEAS CORPUS."},"('Firmantes', 'FIRMANTE')":{"('0070-S-1999', 0)":"LOSADA, MARIO A."},"('Firmantes', 'DISTRITO')":{"('0070-S-1999', 0)":"MISIONES"},"('Firmantes', 'BLOQUE')":{"('0070-S-1999', 0)":"UCR"},"Sumario":{"('0070-S-1999', 0)":"INCORPORACION DEL INCISO 3) AL ARTICULO 3 (DESAPARICION FORZADA DE PERSONAS)."},"Palabra Clave":{"('0070-S-1999', 0)":" "}}