{"Tipo de Proyecto":{"('0072-D-1999', 0)":"PROYECTO DE LEY"},"Iniciado en: ":{"('0072-D-1999', 0)":"Diputados"},"Expediente Diputados: ":{"('0072-D-1999', 0)":"0072-D-1999"},"Publicado en: ":{"('0072-D-1999', 0)":"Tr\u00e1mite Parlamentario N\u00b0 1"},"Fecha: ":{"('0072-D-1999', 0)":"01\/03\/1999"},"T\u00edtulo":{"('0072-D-1999', 0)":"HOMICIDIO SIMPLE, AGRAVADO Y EMOCION VIOLENTA: MODIFICACION DEL CODIGO PENAL (REPRODUCCION DEL EXPEDIENTE 5566-D-97)."},"('Firmantes', 'FIRMANTE')":{"('0072-D-1999', 0)":"MELOGNO, ELSA"},"('Firmantes', 'DISTRITO')":{"('0072-D-1999', 0)":"CHUBUT"},"('Firmantes', 'BLOQUE')":{"('0072-D-1999', 0)":"JUSTICIALISTA"},"('Giros', 'COMISI\u00d3N')":{"('0072-D-1999', 0)":"LEGISLACION PENAL"},"Sumario":{"('0072-D-1999', 0)":"SUSTITUCION DE LOS ARTICULOS 80, 81 Y 82; INCORPORACION DE LOS ARTICULOS 80 BIS Y 80 TER."},"Palabra Clave":{"('0072-D-1999', 0)":" "}}