{"Tipo de Proyecto":{"('0072-S-1999', 0)":"PROYECTO DE LEY"},"Iniciado en: ":{"('0072-S-1999', 0)":"Senado"},"Expediente Senado: ":{"('0072-S-1999', 0)":"0072-S-1999"},"Publicado en: ":{"('0072-S-1999', 0)":"Diario de Asuntos Entrados N\u00b0 4"},"Fecha: ":{"('0072-S-1999', 0)":"08\/03\/1999"},"T\u00edtulo":{"('0072-S-1999', 0)":"AMPLIACION DE LA JURISDICCION DE LA ACTUAL CAMARA FEDERAL DE APELACIONES EN LO PENAL DE LA RIOJA A LAS MATERIAS CIVIL, COMERCIAL Y CONTENCIOSO ADMINISTRATIVO."},"('Firmantes', 'FIRMANTE')":{"('0072-S-1999', 0)":"GALVAN, RAUL ALFREDO"},"('Firmantes', 'DISTRITO')":{"('0072-S-1999', 0)":"LA RIOJA"},"('Firmantes', 'BLOQUE')":{"('0072-S-1999', 0)":"UCR"},"Link":{"('0072-S-1999', 0)":"http:\/\/www.senado.gov.ar\/parlamentario\/comisiones\/verExp\/72.99\/S\/PL"},"Palabra Clave":{"('0072-S-1999', 0)":" "}}