{"Tipo de Proyecto":{"('0073-D-1999', 0)":"PROYECTO DE LEY","('0073-D-1999', 1)":null,"('0073-D-1999', 2)":null},"Iniciado en: ":{"('0073-D-1999', 0)":"Diputados","('0073-D-1999', 1)":null,"('0073-D-1999', 2)":null},"Expediente Diputados: ":{"('0073-D-1999', 0)":"0073-D-1999","('0073-D-1999', 1)":null,"('0073-D-1999', 2)":null},"Publicado en: ":{"('0073-D-1999', 0)":"Tr\u00e1mite Parlamentario N\u00b0 1","('0073-D-1999', 1)":null,"('0073-D-1999', 2)":null},"Fecha: ":{"('0073-D-1999', 0)":"01\/03\/1999","('0073-D-1999', 1)":null,"('0073-D-1999', 2)":null},"T\u00edtulo":{"('0073-D-1999', 0)":"PERJUICIOS DE LA INFORMACION SOBRE BENEFICIARIOS DE EXTENSIONES U OPCIONES DE TARJETAS DE CREDITO (REPRODUCCION DEL EXPEDIENTE 5567-D-97).","('0073-D-1999', 1)":null,"('0073-D-1999', 2)":null},"('Firmantes', 'FIRMANTE')":{"('0073-D-1999', 0)":"MELOGNO, ELSA","('0073-D-1999', 1)":null,"('0073-D-1999', 2)":null},"('Firmantes', 'DISTRITO')":{"('0073-D-1999', 0)":"CHUBUT","('0073-D-1999', 1)":null,"('0073-D-1999', 2)":null},"('Firmantes', 'BLOQUE')":{"('0073-D-1999', 0)":"JUSTICIALISTA","('0073-D-1999', 1)":null,"('0073-D-1999', 2)":null},"('Giros', 'COMISI\u00d3N')":{"('0073-D-1999', 0)":"FINANZAS","('0073-D-1999', 1)":"COMERCIO","('0073-D-1999', 2)":"DEFENSA DEL CONSUMIDOR"},"Sumario":{"('0073-D-1999', 0)":"PROHIBICION DE INFORMAR A LAS BASES DE DATOS SOBRE LOS BENEFICIARIOS DE EXTENSIONES DE TARJETAS DE CREDITO U OPCIONES CUANDO EL TITULAR NO HAYA CANCELADO SUS OBLIGACIONES O SE ENCUENTRE EN MORA; RESPONSABILIDAD SOLIDARIA E ILIMITADA RESPECTO POR LOS DA\u00d1OS Y PERJUICIOS OCASIONADOS POR LA INFORMACION PROPORCIONADA.","('0073-D-1999', 1)":null,"('0073-D-1999', 2)":null},"Palabra Clave":{"('0073-D-1999', 0)":" ","('0073-D-1999', 1)":null,"('0073-D-1999', 2)":null}}