{"Tipo de Proyecto":{"('0075-PE-1999', 0)":"MENSAJE NRO: 1224\/99","('0075-PE-1999', 1)":null,"('0075-PE-1999', 2)":null},"Iniciado en: ":{"('0075-PE-1999', 0)":"Diputados","('0075-PE-1999', 1)":null,"('0075-PE-1999', 2)":null},"Expediente Diputados: ":{"('0075-PE-1999', 0)":"0075-PE-1999","('0075-PE-1999', 1)":null,"('0075-PE-1999', 2)":null},"Publicado en: ":{"('0075-PE-1999', 0)":"Tr\u00e1mite Parlamentario N\u00b0 166","('0075-PE-1999', 1)":null,"('0075-PE-1999', 2)":null},"Fecha: ":{"('0075-PE-1999', 0)":"27\/10\/1999","('0075-PE-1999', 1)":null,"('0075-PE-1999', 2)":null},"T\u00edtulo":{"('0075-PE-1999', 0)":"COMUNICACION DEL DECRETO 1223 POR EL CUAL SE OBSERVA PARCIALMENTE EL PROYECTO DE LEY SANCIONADO Y REGISTRADO BAJO EL NUMERO 25190, DE REESTRUCTURACION DE PASIVOS BANCARIOS.","('0075-PE-1999', 1)":null,"('0075-PE-1999', 2)":null},"('Firmantes', 'FIRMANTE')":{"('0075-PE-1999', 0)":"MENEM, CARLOS SAUL","('0075-PE-1999', 1)":"RODRIGUEZ, JORGE","('0075-PE-1999', 2)":"GRANILLO OCAMPO, RAUL"},"('Firmantes', 'DISTRITO')":{"('0075-PE-1999', 0)":null,"('0075-PE-1999', 1)":null,"('0075-PE-1999', 2)":null},"('Firmantes', 'BLOQUE')":{"('0075-PE-1999', 0)":"PODER EJECUTIVO","('0075-PE-1999', 1)":"PODER EJECUTIVO","('0075-PE-1999', 2)":"PODER EJECUTIVO"},"('Giros', 'COMISI\u00d3N')":{"('0075-PE-1999', 0)":"FINANZAS","('0075-PE-1999', 1)":"PRESUPUESTO Y HACIENDA","('0075-PE-1999', 2)":null},"Sumario":{"('0075-PE-1999', 0)":"SE ACOMPA\u00d1A COPIA AUTENTICADA DEL MISMO.","('0075-PE-1999', 1)":null,"('0075-PE-1999', 2)":null},"Palabra Clave":{"('0075-PE-1999', 0)":" ","('0075-PE-1999', 1)":null,"('0075-PE-1999', 2)":null}}