{"Tipo de Proyecto":{"('0076-D-1999', 0)":"PROYECTO DE LEY","('0076-D-1999', 1)":null},"Iniciado en: ":{"('0076-D-1999', 0)":"Diputados","('0076-D-1999', 1)":null},"Expediente Diputados: ":{"('0076-D-1999', 0)":"0076-D-1999","('0076-D-1999', 1)":null},"Publicado en: ":{"('0076-D-1999', 0)":"Tr\u00e1mite Parlamentario N\u00b0 1","('0076-D-1999', 1)":null},"Fecha: ":{"('0076-D-1999', 0)":"01\/03\/1999","('0076-D-1999', 1)":null},"T\u00edtulo":{"('0076-D-1999', 0)":"CODIGO CIVIL: MODIFICACION (REPRODUCCION DEL EXPEDIENTE 5642-D-97).","('0076-D-1999', 1)":null},"('Firmantes', 'FIRMANTE')":{"('0076-D-1999', 0)":"MELOGNO, ELSA","('0076-D-1999', 1)":null},"('Firmantes', 'DISTRITO')":{"('0076-D-1999', 0)":"CHUBUT","('0076-D-1999', 1)":null},"('Firmantes', 'BLOQUE')":{"('0076-D-1999', 0)":"JUSTICIALISTA","('0076-D-1999', 1)":null},"('Giros', 'COMISI\u00d3N')":{"('0076-D-1999', 0)":"LEGISLACION GENERAL","('0076-D-1999', 1)":"DISCAPACIDAD"},"Sumario":{"('0076-D-1999', 0)":"SUSTITUCION DE LOS ARTICULOS 153, 154 Y 155; INCORPORACION DEL ARTICULO 155 BIS (DERECHOS DE LAS PERSONAS SORDOMUDAS).","('0076-D-1999', 1)":null},"Palabra Clave":{"('0076-D-1999', 0)":" ","('0076-D-1999', 1)":null}}