{"Tipo de Proyecto":{"('0077-PE-1999', 0)":"MENSAJE NRO: 1237\/99","('0077-PE-1999', 1)":null,"('0077-PE-1999', 2)":null},"Iniciado en: ":{"('0077-PE-1999', 0)":"Diputados","('0077-PE-1999', 1)":null,"('0077-PE-1999', 2)":null},"Expediente Diputados: ":{"('0077-PE-1999', 0)":"0077-PE-1999","('0077-PE-1999', 1)":null,"('0077-PE-1999', 2)":null},"Publicado en: ":{"('0077-PE-1999', 0)":"Tr\u00e1mite Parlamentario N\u00b0 167","('0077-PE-1999', 1)":null,"('0077-PE-1999', 2)":null},"Fecha: ":{"('0077-PE-1999', 0)":"28\/10\/1999","('0077-PE-1999', 1)":null,"('0077-PE-1999', 2)":null},"T\u00edtulo":{"('0077-PE-1999', 0)":"DECRETO 1215\/99, POR EL CUAL SE FACULTA A LA ADMINISTRACION DE PROGRAMAS ESPECIALES A ADMINISTRAR LOS RECURSOS CORRESPONDIENTES AL FONDO SOLIDARIO DE REDISTRIBUCION CREADO POR EL ARTICULO 22 DE LA LEY 23661 (SEGURO NACIONAL DE SALUD).","('0077-PE-1999', 1)":null,"('0077-PE-1999', 2)":null},"('Firmantes', 'FIRMANTE')":{"('0077-PE-1999', 0)":"MENEM, CARLOS SAUL","('0077-PE-1999', 1)":"RODRIGUEZ, JORGE","('0077-PE-1999', 2)":"MAZZA, ALBERTO JOSE"},"('Firmantes', 'DISTRITO')":{"('0077-PE-1999', 0)":null,"('0077-PE-1999', 1)":null,"('0077-PE-1999', 2)":null},"('Firmantes', 'BLOQUE')":{"('0077-PE-1999', 0)":"PODER EJECUTIVO","('0077-PE-1999', 1)":"PODER EJECUTIVO","('0077-PE-1999', 2)":"PODER EJECUTIVO"},"('Giros', 'COMISI\u00d3N')":{"('0077-PE-1999', 0)":"BICAMERAL PERMANENTE DE TRAMITE LEGISLATIVO - LEY 26122","('0077-PE-1999', 1)":null,"('0077-PE-1999', 2)":null},"('Tramites', 'C\u00c1MARA')":{"('0077-PE-1999', 0)":"Diputados","('0077-PE-1999', 1)":"Diputados","('0077-PE-1999', 2)":null},"('Tramites', 'MOVIMIENTO')":{"('0077-PE-1999', 0)":"SOLICITUD DEL PRESIDENTE DE LA COMISION BICAMERAL PERMANENTE DE TRAMITE LEGISLATIVO (LEY 26122) DE REMISION DEL EXPEDIENTE PARA SU ANALISIS (A LA PRESIDENCIA)","('0077-PE-1999', 1)":"EXPEDIENTE ORIGINALMENTE GIRADO A LAS COMISIONES DE ACCION SOCIAL Y SALUD PUBLICA, LEGISLACION DEL TRABAJO Y PRESUPUESTO Y HACIENDA; SE LO REMITE A LA COMISION BICAMERAL PERMANENTE DE TRAMITE LEGISLATIVO (LEY 26122)","('0077-PE-1999', 2)":null},"('Tramites', 'FECHA')":{"('0077-PE-1999', 0)":"18\/07\/2007","('0077-PE-1999', 1)":null,"('0077-PE-1999', 2)":null},"('Tramites', 'RESULTADO')":{"('0077-PE-1999', 0)":null,"('0077-PE-1999', 1)":null,"('0077-PE-1999', 2)":null},"Sumario":{"('0077-PE-1999', 0)":"COMUNICAR EL DICTADO DEL MISMO, QUE MODIFICA AL DECRETO 53\/98 (CREACION DE LA ADMINISTRACION DE PROGRAMAS ESPECIALES) EN: SUSTITUCION DE LOS ARTICULOS 2 (ADMINISTRACION DE LOS RECURSOS CORRESPONDIENTES AL FONDO SOLIDARIO DE REDISTRIBUCION), 3 (DIRECTORIO DE LA APE), 6 (ATRIBUCIONES DEL DIRECTORIO DE LA APE) Y DEROGACION DE LOS ARTICULOS 4, 5, 7 Y LOS ANEXOS DEL MENCIONADO DECRETO; FISCALIZACION Y CONTROL DE LA ADMINISTRACION DE PROGRAMAS ESPECIALES DE ACUERDO A LO PREVISTO EN LA LEY 24156 (ADMINISTRACION FINANCIERA Y DE LOS SISTEMAS DE CONTROL DEL SECTOR PUBLICO); FACULTAD DE LA ADMINISTRACION FEDERAL DE INGRESOS PUBLICOS (AFIP) PARA RECAUDAR LOS APORTES Y CONTRIBUCIONES ESTABLECIDOS EN EL ARTICULO 16 DE LA LEY 23660 (DE OBRAS SOCIALES) Y LOS RECURSOS DEL FONDO SOLIDARIO DE REDISTRIBUCION POR CUENTA Y ORDEN DE LA ADMINISTRACION DE PROGRAMAS ESPECIALES; FACULTADES DE LA SUPERINTENDENCIA DE SERVICIOS DE SALUD EN SU CARACTER DE AUTORIDAD DE FISCALIZACION Y CONTROL DEL SISTEMA NACIONAL DEL SEGURO DE SALUD; EXCLUSION DEL PRESUPUESTO DE LA ADMINISTRACION NACIONAL AL FONDO SOLIDARIO DE REDISTRIBUCION ESTABLECIDO POR EL ARTICULO 22 DE LA LEY 23661 (SISTEMA NACIONAL DE SEGURO DE SALUD); DESTINO DE LOS RECURSOS DEL FONDO SOLIDARIO DE REDISTRIBUCION Y DEROGACION DEL APARTADO 1 DEL INCISO B) DEL ARTICULO 24 DE LA LEY 23661.","('0077-PE-1999', 1)":null,"('0077-PE-1999', 2)":null},"Palabra Clave":{"('0077-PE-1999', 0)":" ","('0077-PE-1999', 1)":null,"('0077-PE-1999', 2)":null}}