{"Tipo de Proyecto":{"('0077-OV-1999', 0)":"PROYECTO DE RESOLUCI\u00d3N"},"Iniciado en: ":{"('0077-OV-1999', 0)":"Senado"},"Expediente Senado: ":{"('0077-OV-1999', 0)":"0077-OV-1999"},"Fecha: ":{"('0077-OV-1999', 0)":"22\/10\/2002"},"T\u00edtulo":{"('0077-OV-1999', 0)":"RESOLUCION REMITIDA POR LA AUDITORIA GENERAL DE LA NACION SOBRE ESTADOS CONTABLES AL 31\/12\/1997 DEL BANCO HIPOTECARIO SOCIEDAD ANONIMA."},"('Firmantes', 'FIRMANTE')":{"('0077-OV-1999', 0)":"PARLAMENTARIA MIXTA REVISORA DE CUENTAS"},"('Firmantes', 'DISTRITO')":{"('0077-OV-1999', 0)":null},"('Firmantes', 'BLOQUE')":{"('0077-OV-1999', 0)":null},"('Tramites', 'C\u00c1MARA')":{"('0077-OV-1999', 0)":"Senado"},"('Tramites', 'MOVIMIENTO')":{"('0077-OV-1999', 0)":"CONSIDERACION Y APROBACION (AL ARCHIVO)"},"('Tramites', 'FECHA')":{"('0077-OV-1999', 0)":"21\/11\/2002"},"('Tramites', 'RESULTADO')":{"('0077-OV-1999', 0)":"ARCHIVADO"},"Sumario":{"('0077-OV-1999', 0)":"HABIENDO TOMADO CONOCIMIENTO Y NO CONTENIENDO REQUERIMIENTOS DE ACCION SUBSISTENTES SE ACONSEJA SU REMISION AL ARCHIVO."},"Palabra Clave":{"('0077-OV-1999', 0)":" "}}