{"Tipo de Proyecto":{"('0078-PE-1999', 0)":"MENSAJE NRO: 1221\/99","('0078-PE-1999', 1)":null,"('0078-PE-1999', 2)":null},"Iniciado en: ":{"('0078-PE-1999', 0)":"Diputados","('0078-PE-1999', 1)":null,"('0078-PE-1999', 2)":null},"Expediente Diputados: ":{"('0078-PE-1999', 0)":"0078-PE-1999","('0078-PE-1999', 1)":null,"('0078-PE-1999', 2)":null},"Publicado en: ":{"('0078-PE-1999', 0)":"Tr\u00e1mite Parlamentario N\u00b0 169","('0078-PE-1999', 1)":null,"('0078-PE-1999', 2)":null},"Fecha: ":{"('0078-PE-1999', 0)":"01\/11\/1999","('0078-PE-1999', 1)":null,"('0078-PE-1999', 2)":null},"T\u00edtulo":{"('0078-PE-1999', 0)":"DICTADO DEL DECRETO 1220\/99, POR EL QUE SE INCORPORA EL VEHICULO DENOMINADO 'AUTO DE BAJA CONTAMINACION ABC' A LA OFERTA DE VEHICULOS SUSCEPTIBLES DE SER COMERCIALIZADOS POR LAS TERMINALES AUTOMOTRICES CON LOS BENEFICIOS DEL REGIMEN DE RENOVACION DEL PARQUE AUTOMOTRIZ (DECRETO 35\/99).","('0078-PE-1999', 1)":null,"('0078-PE-1999', 2)":null},"('Firmantes', 'FIRMANTE')":{"('0078-PE-1999', 0)":"MENEM, CARLOS SAUL","('0078-PE-1999', 1)":"RODRIGUEZ, JORGE","('0078-PE-1999', 2)":"FERNANDEZ, ROQUE"},"('Firmantes', 'DISTRITO')":{"('0078-PE-1999', 0)":null,"('0078-PE-1999', 1)":null,"('0078-PE-1999', 2)":null},"('Firmantes', 'BLOQUE')":{"('0078-PE-1999', 0)":"PODER EJECUTIVO","('0078-PE-1999', 1)":"PODER EJECUTIVO","('0078-PE-1999', 2)":"PODER EJECUTIVO"},"('Giros', 'COMISI\u00d3N')":{"('0078-PE-1999', 0)":"INDUSTRIA","('0078-PE-1999', 1)":"COMERCIO","('0078-PE-1999', 2)":null},"Sumario":{"('0078-PE-1999', 0)":"ACOMPA\u00d1ASE COPIA AUTENTICADA DEL MISMO.","('0078-PE-1999', 1)":null,"('0078-PE-1999', 2)":null},"Palabra Clave":{"('0078-PE-1999', 0)":" ","('0078-PE-1999', 1)":null,"('0078-PE-1999', 2)":null}}