{"Tipo de Proyecto":{"('0079-D-1999', 0)":"PROYECTO DE LEY"},"Iniciado en: ":{"('0079-D-1999', 0)":"Diputados"},"Expediente Diputados: ":{"('0079-D-1999', 0)":"0079-D-1999"},"Publicado en: ":{"('0079-D-1999', 0)":"Tr\u00e1mite Parlamentario N\u00b0 1"},"Fecha: ":{"('0079-D-1999', 0)":"01\/03\/1999"},"T\u00edtulo":{"('0079-D-1999', 0)":"INCLUIR LA EDUCACION VIAL COMO MATERIA OBLIGATORIA EN TODOS LOS ESTABLECIMIENTOS EDUCATIVOS DONDE SE IMPARTA LA ENSE\u00d1ANZA OBLIGATORIA (REPRODUCCION DEL EXPEDIENTE 5646-D-97)."},"('Firmantes', 'FIRMANTE')":{"('0079-D-1999', 0)":"MELOGNO, ELSA"},"('Firmantes', 'DISTRITO')":{"('0079-D-1999', 0)":"CHUBUT"},"('Firmantes', 'BLOQUE')":{"('0079-D-1999', 0)":"JUSTICIALISTA"},"('Giros', 'COMISI\u00d3N')":{"('0079-D-1999', 0)":"EDUCACION"},"Palabra Clave":{"('0079-D-1999', 0)":" "}}