{"Tipo de Proyecto":{"('0079-S-1999', 0)":"MENSAJE NRO: 0192\/99 Y PROYECTO DE LEY","('0079-S-1999', 1)":null,"('0079-S-1999', 2)":null},"Iniciado en: ":{"('0079-S-1999', 0)":"Senado","('0079-S-1999', 1)":null,"('0079-S-1999', 2)":null},"Expediente Diputados: ":{"('0079-S-1999', 0)":"0079-S-1999","('0079-S-1999', 1)":null,"('0079-S-1999', 2)":null},"Expediente Senado: ":{"('0079-S-1999', 0)":"0096-PE-1999","('0079-S-1999', 1)":null,"('0079-S-1999', 2)":null},"Publicado en: ":{"('0079-S-1999', 0)":"Diario de Asuntos Entrados N\u00b0 8","('0079-S-1999', 1)":null,"('0079-S-1999', 2)":null},"Fecha: ":{"('0079-S-1999', 0)":"15\/03\/1999","('0079-S-1999', 1)":null,"('0079-S-1999', 2)":null},"T\u00edtulo":{"('0079-S-1999', 0)":"CONVENIO ENTRE LA REPUBLICA ARGENTINA Y LA FEDERACION DE RUSIA SOBRE COOPERACION EN MATERIA DE CUARENTENA Y PROTECCION FITOSANITARIA.","('0079-S-1999', 1)":null,"('0079-S-1999', 2)":null},"('Firmantes', 'FIRMANTE')":{"('0079-S-1999', 0)":"MENEM, CARLOS SAUL","('0079-S-1999', 1)":"RODRIGUEZ, JORGE","('0079-S-1999', 2)":"DI TELLA, GUIDO"},"('Firmantes', 'DISTRITO')":{"('0079-S-1999', 0)":null,"('0079-S-1999', 1)":null,"('0079-S-1999', 2)":null},"('Firmantes', 'BLOQUE')":{"('0079-S-1999', 0)":"PODER EJECUTIVO","('0079-S-1999', 1)":"PODER EJECUTIVO","('0079-S-1999', 2)":"PODER EJECUTIVO"},"('Giros', 'COMISI\u00d3N')":{"('0079-S-1999', 0)":"RELACIONES EXTERIORES Y CULTO","('0079-S-1999', 1)":"AGRICULTURA Y GANADERIA","('0079-S-1999', 2)":null},"('Tramites', 'C\u00c1MARA')":{"('0079-S-1999', 0)":"Senado","('0079-S-1999', 1)":"Diputados","('0079-S-1999', 2)":"Diputados"},"('Tramites', 'MOVIMIENTO')":{"('0079-S-1999', 0)":"CONSIDERACION Y APROBACION","('0079-S-1999', 1)":"PASA A DIPUTADOS - (TP 83)","('0079-S-1999', 2)":"CONSIDERACION Y SANCION"},"('Tramites', 'FECHA')":{"('0079-S-1999', 0)":"23\/06\/1999","('0079-S-1999', 1)":null,"('0079-S-1999', 2)":"24\/11\/1999"},"('Tramites', 'RESULTADO')":{"('0079-S-1999', 0)":"MEDIA SANCION","('0079-S-1999', 1)":null,"('0079-S-1999', 2)":"SANCIONADO"},"Sumario":{"('0079-S-1999', 0)":"APROBACION DEL MISMO SUSCRIPTO EN MOSCU EL 26 DE JUNIO DE 1998.","('0079-S-1999', 1)":null,"('0079-S-1999', 2)":null},"Palabra Clave":{"('0079-S-1999', 0)":" ","('0079-S-1999', 1)":null,"('0079-S-1999', 2)":null}}