{"Tipo de Proyecto":{"('0081-S-1999', 0)":"PROYECTO DE LEY","('0081-S-1999', 1)":null,"('0081-S-1999', 2)":null,"('0081-S-1999', 3)":null,"('0081-S-1999', 4)":null,"('0081-S-1999', 5)":null,"('0081-S-1999', 6)":null,"('0081-S-1999', 7)":null,"('0081-S-1999', 8)":null},"Iniciado en: ":{"('0081-S-1999', 0)":"Senado","('0081-S-1999', 1)":null,"('0081-S-1999', 2)":null,"('0081-S-1999', 3)":null,"('0081-S-1999', 4)":null,"('0081-S-1999', 5)":null,"('0081-S-1999', 6)":null,"('0081-S-1999', 7)":null,"('0081-S-1999', 8)":null},"Expediente Diputados: ":{"('0081-S-1999', 0)":"0081-S-1999","('0081-S-1999', 1)":null,"('0081-S-1999', 2)":null,"('0081-S-1999', 3)":null,"('0081-S-1999', 4)":null,"('0081-S-1999', 5)":null,"('0081-S-1999', 6)":null,"('0081-S-1999', 7)":null,"('0081-S-1999', 8)":null},"Expediente Senado: ":{"('0081-S-1999', 0)":"0466-S-1999","('0081-S-1999', 1)":null,"('0081-S-1999', 2)":null,"('0081-S-1999', 3)":null,"('0081-S-1999', 4)":null,"('0081-S-1999', 5)":null,"('0081-S-1999', 6)":null,"('0081-S-1999', 7)":null,"('0081-S-1999', 8)":null},"Publicado en: ":{"('0081-S-1999', 0)":"Diario de Asuntos Entrados N\u00b0 24","('0081-S-1999', 1)":null,"('0081-S-1999', 2)":null,"('0081-S-1999', 3)":null,"('0081-S-1999', 4)":null,"('0081-S-1999', 5)":null,"('0081-S-1999', 6)":null,"('0081-S-1999', 7)":null,"('0081-S-1999', 8)":null},"Fecha: ":{"('0081-S-1999', 0)":"19\/04\/1999","('0081-S-1999', 1)":null,"('0081-S-1999', 2)":null,"('0081-S-1999', 3)":null,"('0081-S-1999', 4)":null,"('0081-S-1999', 5)":null,"('0081-S-1999', 6)":null,"('0081-S-1999', 7)":null,"('0081-S-1999', 8)":null},"T\u00edtulo":{"('0081-S-1999', 0)":"AUTORIZACION AL PODER EJECUTIVO A TRANSFERIR AL MUNICIPIO DE LA CIUDAD DE SAN CARLOS DE BARILOCHE LOS ISLOTES ADYACENTES A LA ISLA HUEMUL, ISLAS DE LAS GALLINAS Y DE LAS GAVIOTAS UBICADAS EN EL LAGO NAHUEL HUAPI.\n","('0081-S-1999', 1)":null,"('0081-S-1999', 2)":null,"('0081-S-1999', 3)":null,"('0081-S-1999', 4)":null,"('0081-S-1999', 5)":null,"('0081-S-1999', 6)":null,"('0081-S-1999', 7)":null,"('0081-S-1999', 8)":null},"('Firmantes', 'FIRMANTE')":{"('0081-S-1999', 0)":"GAGLIARDI, EDGARDO JOSE","('0081-S-1999', 1)":null,"('0081-S-1999', 2)":null,"('0081-S-1999', 3)":null,"('0081-S-1999', 4)":null,"('0081-S-1999', 5)":null,"('0081-S-1999', 6)":null,"('0081-S-1999', 7)":null,"('0081-S-1999', 8)":null},"('Firmantes', 'DISTRITO')":{"('0081-S-1999', 0)":"RIO NEGRO","('0081-S-1999', 1)":null,"('0081-S-1999', 2)":null,"('0081-S-1999', 3)":null,"('0081-S-1999', 4)":null,"('0081-S-1999', 5)":null,"('0081-S-1999', 6)":null,"('0081-S-1999', 7)":null,"('0081-S-1999', 8)":null},"('Firmantes', 'BLOQUE')":{"('0081-S-1999', 0)":"UCR","('0081-S-1999', 1)":null,"('0081-S-1999', 2)":null,"('0081-S-1999', 3)":null,"('0081-S-1999', 4)":null,"('0081-S-1999', 5)":null,"('0081-S-1999', 6)":null,"('0081-S-1999', 7)":null,"('0081-S-1999', 8)":null},"('Giros', 'COMISI\u00d3N')":{"('0081-S-1999', 0)":"LEGISLACION GENERAL","('0081-S-1999', 1)":"ENERGIA Y COMBUSTIBLES","('0081-S-1999', 2)":"ASUNTOS MUNICIPALES","('0081-S-1999', 3)":null,"('0081-S-1999', 4)":null,"('0081-S-1999', 5)":null,"('0081-S-1999', 6)":null,"('0081-S-1999', 7)":null,"('0081-S-1999', 8)":null},"('Tramites', 'C\u00c1MARA')":{"('0081-S-1999', 0)":"Senado","('0081-S-1999', 1)":"Diputados","('0081-S-1999', 2)":"Diputados","('0081-S-1999', 3)":"Diputados","('0081-S-1999', 4)":"Diputados","('0081-S-1999', 5)":"Diputados","('0081-S-1999', 6)":"Senado","('0081-S-1999', 7)":"Diputados","('0081-S-1999', 8)":"Diputados"},"('Tramites', 'MOVIMIENTO')":{"('0081-S-1999', 0)":"CONSIDERACION Y APROBACION","('0081-S-1999', 1)":"PASA A DIPUTADOS - (TP 85, 01\/07\/1999)","('0081-S-1999', 2)":"MOCION SOBRE TABLAS (AFIRMATIVA)","('0081-S-1999', 3)":"CONSIDERACION Y SANCION","('0081-S-1999', 4)":"COMUNICACION DEL DECRETO 616\/2000 DE VETO TOTAL","('0081-S-1999', 5)":"*** INSISTENCIA ***","('0081-S-1999', 6)":"CONSIDERACION Y APROBACION (SE ACONSEJA INSISTIR EN SU ANTERIOR SANCION)","('0081-S-1999', 7)":"PASA A DIPUTADOS - (0104-S-01, TP 78, 22\/06\/2001)","('0081-S-1999', 8)":"CONSIDERACION E INSISTENCIA"},"('Tramites', 'FECHA')":{"('0081-S-1999', 0)":"23\/06\/1999","('0081-S-1999', 1)":null,"('0081-S-1999', 2)":"29\/06\/2000","('0081-S-1999', 3)":"29\/06\/2000","('0081-S-1999', 4)":null,"('0081-S-1999', 5)":null,"('0081-S-1999', 6)":"20\/06\/2001","('0081-S-1999', 7)":null,"('0081-S-1999', 8)":"24\/10\/2001"},"('Tramites', 'RESULTADO')":{"('0081-S-1999', 0)":"MEDIA SANCION","('0081-S-1999', 1)":null,"('0081-S-1999', 2)":null,"('0081-S-1999', 3)":"SANCIONADO","('0081-S-1999', 4)":null,"('0081-S-1999', 5)":null,"('0081-S-1999', 6)":null,"('0081-S-1999', 7)":null,"('0081-S-1999', 8)":null},"Sumario":{"('0081-S-1999', 0)":"DICHA TRANSFERENCIA SERA SIN CARGO ALGUNO.","('0081-S-1999', 1)":null,"('0081-S-1999', 2)":null,"('0081-S-1999', 3)":null,"('0081-S-1999', 4)":null,"('0081-S-1999', 5)":null,"('0081-S-1999', 6)":null,"('0081-S-1999', 7)":null,"('0081-S-1999', 8)":null},"Palabra Clave":{"('0081-S-1999', 0)":" ","('0081-S-1999', 1)":null,"('0081-S-1999', 2)":null,"('0081-S-1999', 3)":null,"('0081-S-1999', 4)":null,"('0081-S-1999', 5)":null,"('0081-S-1999', 6)":null,"('0081-S-1999', 7)":null,"('0081-S-1999', 8)":null}}