{"Tipo de Proyecto":{"('0085-S-1999', 0)":"PROYECTO DE LEY","('0085-S-1999', 1)":null,"('0085-S-1999', 2)":null,"('0085-S-1999', 3)":null,"('0085-S-1999', 4)":null,"('0085-S-1999', 5)":null},"Iniciado en: ":{"('0085-S-1999', 0)":"Senado","('0085-S-1999', 1)":null,"('0085-S-1999', 2)":null,"('0085-S-1999', 3)":null,"('0085-S-1999', 4)":null,"('0085-S-1999', 5)":null},"Expediente Diputados: ":{"('0085-S-1999', 0)":"0085-S-1999","('0085-S-1999', 1)":null,"('0085-S-1999', 2)":null,"('0085-S-1999', 3)":null,"('0085-S-1999', 4)":null,"('0085-S-1999', 5)":null},"Expediente Senado: ":{"('0085-S-1999', 0)":"0381-S-1999","('0085-S-1999', 1)":null,"('0085-S-1999', 2)":null,"('0085-S-1999', 3)":null,"('0085-S-1999', 4)":null,"('0085-S-1999', 5)":null},"Publicado en: ":{"('0085-S-1999', 0)":"Diario de Asuntos Entrados N\u00b0 20","('0085-S-1999', 1)":null,"('0085-S-1999', 2)":null,"('0085-S-1999', 3)":null,"('0085-S-1999', 4)":null,"('0085-S-1999', 5)":null},"Fecha: ":{"('0085-S-1999', 0)":"08\/04\/1999","('0085-S-1999', 1)":null,"('0085-S-1999', 2)":null,"('0085-S-1999', 3)":null,"('0085-S-1999', 4)":null,"('0085-S-1999', 5)":null},"T\u00edtulo":{"('0085-S-1999', 0)":"DECLARAR AL 11 DE OCTUBRE DE CADA A\u00d1O COMO DIA NACIONAL DE LA PATAGONIA.","('0085-S-1999', 1)":null,"('0085-S-1999', 2)":null,"('0085-S-1999', 3)":null,"('0085-S-1999', 4)":null,"('0085-S-1999', 5)":null},"('Firmantes', 'FIRMANTE')":{"('0085-S-1999', 0)":"SALA, OSVALDO RUBEN","('0085-S-1999', 1)":"VERNA, CARLOS ALBERTO","('0085-S-1999', 2)":"MANFREDOTTI, CARLOS","('0085-S-1999', 3)":"ARNOLD, EDUARDO ARIEL","('0085-S-1999', 4)":"BAUM, DANIEL","('0085-S-1999', 5)":"COSTANZO, REMO J."},"('Firmantes', 'DISTRITO')":{"('0085-S-1999', 0)":"CHUBUT","('0085-S-1999', 1)":"LA PAMPA","('0085-S-1999', 2)":"TIERRA DEL FUEGO","('0085-S-1999', 3)":"SANTA CRUZ","('0085-S-1999', 4)":"NEUQUEN","('0085-S-1999', 5)":"RIO NEGRO"},"('Firmantes', 'BLOQUE')":{"('0085-S-1999', 0)":"JUSTICIALISTA","('0085-S-1999', 1)":"JUSTICIALISTA","('0085-S-1999', 2)":"JUSTICIALISTA","('0085-S-1999', 3)":"JUSTICIALISTA","('0085-S-1999', 4)":"JUSTICIALISTA","('0085-S-1999', 5)":"JUSTICIALISTA"},"('Giros', 'COMISI\u00d3N')":{"('0085-S-1999', 0)":"LEGISLACION GENERAL","('0085-S-1999', 1)":null,"('0085-S-1999', 2)":null,"('0085-S-1999', 3)":null,"('0085-S-1999', 4)":null,"('0085-S-1999', 5)":null},"('Tramites', 'C\u00c1MARA')":{"('0085-S-1999', 0)":"Senado","('0085-S-1999', 1)":"Diputados","('0085-S-1999', 2)":"Diputados","('0085-S-1999', 3)":null,"('0085-S-1999', 4)":null,"('0085-S-1999', 5)":null},"('Tramites', 'MOVIMIENTO')":{"('0085-S-1999', 0)":"CONSIDERACION Y APROBACION","('0085-S-1999', 1)":"PASA A DIPUTADOS -","('0085-S-1999', 2)":"CONSIDERACION Y SANCION","('0085-S-1999', 3)":null,"('0085-S-1999', 4)":null,"('0085-S-1999', 5)":null},"('Tramites', 'FECHA')":{"('0085-S-1999', 0)":"23\/06\/1999","('0085-S-1999', 1)":null,"('0085-S-1999', 2)":"30\/11\/2000","('0085-S-1999', 3)":null,"('0085-S-1999', 4)":null,"('0085-S-1999', 5)":null},"('Tramites', 'RESULTADO')":{"('0085-S-1999', 0)":"MEDIA SANCION","('0085-S-1999', 1)":null,"('0085-S-1999', 2)":"SANCIONADO","('0085-S-1999', 3)":null,"('0085-S-1999', 4)":null,"('0085-S-1999', 5)":null},"Sumario":{"('0085-S-1999', 0)":"TAMBIEN SE DECLARA DE INTERES LAS EVOCACIONES QUE SE REALICEN EN LAS PROVINCIAS PATAGONICAS EN EVOCACION DE ESA FECHA.","('0085-S-1999', 1)":null,"('0085-S-1999', 2)":null,"('0085-S-1999', 3)":null,"('0085-S-1999', 4)":null,"('0085-S-1999', 5)":null},"Palabra Clave":{"('0085-S-1999', 0)":" ","('0085-S-1999', 1)":null,"('0085-S-1999', 2)":null,"('0085-S-1999', 3)":null,"('0085-S-1999', 4)":null,"('0085-S-1999', 5)":null}}