{"Tipo de Proyecto":{"('0086-S-1999', 0)":"PROYECTO DE LEY","('0086-S-1999', 1)":null,"('0086-S-1999', 2)":null},"Iniciado en: ":{"('0086-S-1999', 0)":"Senado","('0086-S-1999', 1)":null,"('0086-S-1999', 2)":null},"Expediente Diputados: ":{"('0086-S-1999', 0)":"0086-S-1999","('0086-S-1999', 1)":null,"('0086-S-1999', 2)":null},"Expediente Senado: ":{"('0086-S-1999', 0)":"0398-S-1999","('0086-S-1999', 1)":null,"('0086-S-1999', 2)":null},"Publicado en: ":{"('0086-S-1999', 0)":"Diario de Asuntos Entrados N\u00b0 21","('0086-S-1999', 1)":null,"('0086-S-1999', 2)":null},"Fecha: ":{"('0086-S-1999', 0)":"12\/04\/1999","('0086-S-1999', 1)":null,"('0086-S-1999', 2)":null},"T\u00edtulo":{"('0086-S-1999', 0)":"MODIFICACION A LA LEY 24043 DE INDEMNIZACION A PERSONAS PUESTAS A DISPOSICION DEL PODER EJECUTIVO NACIONAL EN EL ULTIMO GOBIERNO DE FACTO.","('0086-S-1999', 1)":null,"('0086-S-1999', 2)":null},"('Firmantes', 'FIRMANTE')":{"('0086-S-1999', 0)":"LOSADA, MARIO A.","('0086-S-1999', 1)":null,"('0086-S-1999', 2)":null},"('Firmantes', 'DISTRITO')":{"('0086-S-1999', 0)":"MISIONES","('0086-S-1999', 1)":null,"('0086-S-1999', 2)":null},"('Firmantes', 'BLOQUE')":{"('0086-S-1999', 0)":"UCR","('0086-S-1999', 1)":null,"('0086-S-1999', 2)":null},"('Giros', 'COMISI\u00d3N')":{"('0086-S-1999', 0)":"LEGISLACION GENERAL","('0086-S-1999', 1)":"LEGISLACION PENAL","('0086-S-1999', 2)":"PRESUPUESTO Y HACIENDA"},"('Tramites', 'C\u00c1MARA')":{"('0086-S-1999', 0)":"Senado","('0086-S-1999', 1)":"Diputados","('0086-S-1999', 2)":"Diputados"},"('Tramites', 'MOVIMIENTO')":{"('0086-S-1999', 0)":"CONSIDERACION Y APROBACION","('0086-S-1999', 1)":"PASA A DIPUTADOS -","('0086-S-1999', 2)":"CONSIDERACION Y SANCION"},"('Tramites', 'FECHA')":{"('0086-S-1999', 0)":"23\/06\/1999","('0086-S-1999', 1)":null,"('0086-S-1999', 2)":"24\/10\/2001"},"('Tramites', 'RESULTADO')":{"('0086-S-1999', 0)":"MEDIA SANCION","('0086-S-1999', 1)":null,"('0086-S-1999', 2)":"SANCIONADO"},"Sumario":{"('0086-S-1999', 0)":"SUSTITUCION DEL ARTICULO 1 (PLAZOS).","('0086-S-1999', 1)":null,"('0086-S-1999', 2)":null},"Palabra Clave":{"('0086-S-1999', 0)":" ","('0086-S-1999', 1)":null,"('0086-S-1999', 2)":null}}