{"Tipo de Proyecto":{"('0087-PE-1999', 0)":"MENSAJE NRO: 1391\/99","('0087-PE-1999', 1)":null,"('0087-PE-1999', 2)":null,"('0087-PE-1999', 3)":null},"Iniciado en: ":{"('0087-PE-1999', 0)":"Diputados","('0087-PE-1999', 1)":null,"('0087-PE-1999', 2)":null,"('0087-PE-1999', 3)":null},"Expediente Diputados: ":{"('0087-PE-1999', 0)":"0087-PE-1999","('0087-PE-1999', 1)":null,"('0087-PE-1999', 2)":null,"('0087-PE-1999', 3)":null},"Publicado en: ":{"('0087-PE-1999', 0)":"Tr\u00e1mite Parlamentario N\u00b0 187","('0087-PE-1999', 1)":null,"('0087-PE-1999', 2)":null,"('0087-PE-1999', 3)":null},"Fecha: ":{"('0087-PE-1999', 0)":"26\/11\/1999","('0087-PE-1999', 1)":null,"('0087-PE-1999', 2)":null,"('0087-PE-1999', 3)":null},"T\u00edtulo":{"('0087-PE-1999', 0)":"DECRETO 1365\/99 POR EL CUAL, DE ACUERDO AL ULTIMO PARRAFO DEL ARTICULO 36 DE LA LEY 25064 (PRESUPUESTO GENERAL DE LA ADMINISTRACION NACIONAL PARA EL EJERCICIO FISCAL DEL A\u00d1O 1999), SE DESTINA UNA SUMA ADICIONAL PARA LA APROBACION DE PROYECTOS NO INDUSTRIALES DE LA PROVINCIA DE LA PAMPA.","('0087-PE-1999', 1)":null,"('0087-PE-1999', 2)":null,"('0087-PE-1999', 3)":null},"('Firmantes', 'FIRMANTE')":{"('0087-PE-1999', 0)":"MENEM, CARLOS SAUL","('0087-PE-1999', 1)":"RODRIGUEZ, JORGE","('0087-PE-1999', 2)":"FERNANDEZ, ROQUE","('0087-PE-1999', 3)":null},"('Firmantes', 'DISTRITO')":{"('0087-PE-1999', 0)":null,"('0087-PE-1999', 1)":null,"('0087-PE-1999', 2)":null,"('0087-PE-1999', 3)":null},"('Firmantes', 'BLOQUE')":{"('0087-PE-1999', 0)":"PODER EJECUTIVO","('0087-PE-1999', 1)":"PODER EJECUTIVO","('0087-PE-1999', 2)":"PODER EJECUTIVO","('0087-PE-1999', 3)":null},"('Giros', 'COMISI\u00d3N')":{"('0087-PE-1999', 0)":"INDUSTRIA","('0087-PE-1999', 1)":"ECONOMIAS Y DESARROLLO REGIONAL","('0087-PE-1999', 2)":"PRESUPUESTO Y HACIENDA","('0087-PE-1999', 3)":"BICAMERAL PERMANENTE DE TRAMITE LEGISLATIVO - LEY 26122"},"('Tramites', 'C\u00c1MARA')":{"('0087-PE-1999', 0)":"Diputados","('0087-PE-1999', 1)":"Diputados","('0087-PE-1999', 2)":null,"('0087-PE-1999', 3)":null},"('Tramites', 'MOVIMIENTO')":{"('0087-PE-1999', 0)":"SOLICITUD DEL PRESIDENTE DE LA COMISION BICAMERAL PERMANENTE DE TRAMITE LEGISLATIVO (LEY 26122) DE REMISION DEL EXPEDIENTE PARA SU ANALISIS (A LA PRESIDENCIA)","('0087-PE-1999', 1)":"EXPEDIENTE ORIGINALMENTE GIRADO A LAS COMISIONES DE INDUSTRIA, ECONOMIAS Y DESARROLLO REGIONAL Y PRESUPUESTO Y HACIENDA; SE LO REMITE A LA COMISION BICAMERAL PERMANENTE DE TRAMITE LEGISLATIVO (LEY 26122)","('0087-PE-1999', 2)":null,"('0087-PE-1999', 3)":null},"('Tramites', 'FECHA')":{"('0087-PE-1999', 0)":"18\/07\/2007","('0087-PE-1999', 1)":null,"('0087-PE-1999', 2)":null,"('0087-PE-1999', 3)":null},"('Tramites', 'RESULTADO')":{"('0087-PE-1999', 0)":null,"('0087-PE-1999', 1)":null,"('0087-PE-1999', 2)":null,"('0087-PE-1999', 3)":null},"Sumario":{"('0087-PE-1999', 0)":"COMUNICAR EL DICTADO DEL MISMO.","('0087-PE-1999', 1)":null,"('0087-PE-1999', 2)":null,"('0087-PE-1999', 3)":null},"Palabra Clave":{"('0087-PE-1999', 0)":" ","('0087-PE-1999', 1)":null,"('0087-PE-1999', 2)":null,"('0087-PE-1999', 3)":null}}