{"Tipo de Proyecto":{"('0091-S-1999', 0)":"PROYECTO DE LEY","('0091-S-1999', 1)":null,"('0091-S-1999', 2)":null},"Iniciado en: ":{"('0091-S-1999', 0)":"Senado","('0091-S-1999', 1)":null,"('0091-S-1999', 2)":null},"Expediente Diputados: ":{"('0091-S-1999', 0)":"0091-S-1999","('0091-S-1999', 1)":null,"('0091-S-1999', 2)":null},"Expediente Senado: ":{"('0091-S-1999', 0)":"0824-OV-1998","('0091-S-1999', 1)":null,"('0091-S-1999', 2)":null},"Fecha: ":{"('0091-S-1999', 0)":"31\/05\/1999","('0091-S-1999', 1)":null,"('0091-S-1999', 2)":null},"T\u00edtulo":{"('0091-S-1999', 0)":"CONCEDER AUTORIZACION PARA DESEMPE\u00d1AR SU CARGO DE CONSULES HONORARIOS, PROPUESTOS POR GOBIERNOS EXTRANJEROS (LETONIA Y MOZAMBIQUE) SEGUN LO ESTABLECIDO EN LA LEY 23732, A LOS CIUDADANOS MIRDZA RESTBERGS ZALTZ Y OMAR EVEQUOZ.","('0091-S-1999', 1)":null,"('0091-S-1999', 2)":null},"('Firmantes', 'FIRMANTE')":{"('0091-S-1999', 0)":"ASUNTOS CONSTITUCIONALES (S)","('0091-S-1999', 1)":null,"('0091-S-1999', 2)":null},"('Firmantes', 'DISTRITO')":{"('0091-S-1999', 0)":null,"('0091-S-1999', 1)":null,"('0091-S-1999', 2)":null},"('Firmantes', 'BLOQUE')":{"('0091-S-1999', 0)":null,"('0091-S-1999', 1)":null,"('0091-S-1999', 2)":null},"('Giros', 'COMISI\u00d3N')":{"('0091-S-1999', 0)":"RELACIONES EXTERIORES Y CULTO","('0091-S-1999', 1)":null,"('0091-S-1999', 2)":null},"('Tramites', 'C\u00c1MARA')":{"('0091-S-1999', 0)":"Senado","('0091-S-1999', 1)":"Diputados","('0091-S-1999', 2)":"Diputados"},"('Tramites', 'MOVIMIENTO')":{"('0091-S-1999', 0)":"CONSIDERACION Y APROBACION","('0091-S-1999', 1)":"PASA A DIPUTADOS -","('0091-S-1999', 2)":"CONSIDERACION Y SANCION"},"('Tramites', 'FECHA')":{"('0091-S-1999', 0)":"23\/06\/1999","('0091-S-1999', 1)":null,"('0091-S-1999', 2)":"05\/10\/2000"},"('Tramites', 'RESULTADO')":{"('0091-S-1999', 0)":"MEDIA SANCION","('0091-S-1999', 1)":null,"('0091-S-1999', 2)":"SANCIONADO"},"Link":{"('0091-S-1999', 0)":"http:\/\/www.senado.gov.ar\/parlamentario\/comisiones\/verExp\/824.98\/OV\/PL","('0091-S-1999', 1)":null,"('0091-S-1999', 2)":null},"Palabra Clave":{"('0091-S-1999', 0)":" ","('0091-S-1999', 1)":null,"('0091-S-1999', 2)":null}}