{"Tipo de Proyecto":{"('0092-PE-1999', 0)":"MENSAJE NRO: 1556\/99 Y PROYECTO DE LEY","('0092-PE-1999', 1)":null,"('0092-PE-1999', 2)":null},"Iniciado en: ":{"('0092-PE-1999', 0)":"Diputados","('0092-PE-1999', 1)":null,"('0092-PE-1999', 2)":null},"Expediente Diputados: ":{"('0092-PE-1999', 0)":"0092-PE-1999","('0092-PE-1999', 1)":null,"('0092-PE-1999', 2)":null},"Publicado en: ":{"('0092-PE-1999', 0)":"Tr\u00e1mite Parlamentario N\u00b0 196","('0092-PE-1999', 1)":null,"('0092-PE-1999', 2)":null},"Fecha: ":{"('0092-PE-1999', 0)":"10\/12\/1999","('0092-PE-1999', 1)":null,"('0092-PE-1999', 2)":null},"T\u00edtulo":{"('0092-PE-1999', 0)":"LEY 25053 (FONDO DE FINANCIAMIENTO DOCENTE): MODIFICACION.","('0092-PE-1999', 1)":null,"('0092-PE-1999', 2)":null},"('Firmantes', 'FIRMANTE')":{"('0092-PE-1999', 0)":"MENEM, CARLOS SAUL","('0092-PE-1999', 1)":"RODRIGUEZ, JORGE","('0092-PE-1999', 2)":"GARCIA SOLA, MANUEL GUILLERMO"},"('Firmantes', 'DISTRITO')":{"('0092-PE-1999', 0)":null,"('0092-PE-1999', 1)":null,"('0092-PE-1999', 2)":null},"('Firmantes', 'BLOQUE')":{"('0092-PE-1999', 0)":"PODER EJECUTIVO","('0092-PE-1999', 1)":"PODER EJECUTIVO","('0092-PE-1999', 2)":"PODER EJECUTIVO"},"('Giros', 'COMISI\u00d3N')":{"('0092-PE-1999', 0)":"PRESUPUESTO Y HACIENDA","('0092-PE-1999', 1)":"EDUCACION","('0092-PE-1999', 2)":null},"Sumario":{"('0092-PE-1999', 0)":"SUSTITUCION DEL ARTICULO 10 (AFECTACION ESPECIFICA DE LOS RECURSOS DEL FONDO PARA EL MEJORAMIENTO DE LA RETRIBUCION DE LOS DOCENTES DE ESCUELAS OFICIALES Y DE GESTION PRIVADA SUBVENCIONADA).","('0092-PE-1999', 1)":null,"('0092-PE-1999', 2)":null},"Palabra Clave":{"('0092-PE-1999', 0)":" ","('0092-PE-1999', 1)":null,"('0092-PE-1999', 2)":null}}