{"Tipo de Proyecto":{"('0094-PE-1999', 0)":"MENSAJE NRO: 1571\/99","('0094-PE-1999', 1)":null,"('0094-PE-1999', 2)":null},"Iniciado en: ":{"('0094-PE-1999', 0)":"Diputados","('0094-PE-1999', 1)":null,"('0094-PE-1999', 2)":null},"Expediente Diputados: ":{"('0094-PE-1999', 0)":"0094-PE-1999","('0094-PE-1999', 1)":null,"('0094-PE-1999', 2)":null},"Publicado en: ":{"('0094-PE-1999', 0)":"Tr\u00e1mite Parlamentario N\u00b0 196","('0094-PE-1999', 1)":null,"('0094-PE-1999', 2)":null},"Fecha: ":{"('0094-PE-1999', 0)":"10\/12\/1999","('0094-PE-1999', 1)":null,"('0094-PE-1999', 2)":null},"T\u00edtulo":{"('0094-PE-1999', 0)":"COMUNICACION DEL DICTADO DEL DECRETO 1419\/99, RELACIONADO CON EL PROCEDIMIENTO DE RENEGOCIACION DEL CONTRATO DE CONCESION PARA LA PRESTACION DEL SERVICIO DE TRANSPORTE FERROVIARIO DE PASAJEROS CORRESPONDIENTE AL GRUPO 7 (EX LINEA BELGRANO SUR), SUSCRIPTO ENTRE EL MINISTERIO DE ECONOMIA Y OBRAS Y SERVICIOS PUBLICOS Y EL CONCESIONARIO TRANSPORTES METROPOLITANOS BELGRANO SUR SOCIEDAD ANONIMA.","('0094-PE-1999', 1)":null,"('0094-PE-1999', 2)":null},"('Firmantes', 'FIRMANTE')":{"('0094-PE-1999', 0)":"MENEM, CARLOS SAUL","('0094-PE-1999', 1)":"RODRIGUEZ, JORGE","('0094-PE-1999', 2)":"FERNANDEZ, ROQUE"},"('Firmantes', 'DISTRITO')":{"('0094-PE-1999', 0)":null,"('0094-PE-1999', 1)":null,"('0094-PE-1999', 2)":null},"('Firmantes', 'BLOQUE')":{"('0094-PE-1999', 0)":"PODER EJECUTIVO","('0094-PE-1999', 1)":"PODER EJECUTIVO","('0094-PE-1999', 2)":"PODER EJECUTIVO"},"('Giros', 'COMISI\u00d3N')":{"('0094-PE-1999', 0)":"TRANSPORTES","('0094-PE-1999', 1)":"OBRAS PUBLICAS","('0094-PE-1999', 2)":"PRESUPUESTO Y HACIENDA"},"Sumario":{"('0094-PE-1999', 0)":"SE ACOMPA\u00d1A COPIA AUTENTICADA DEL MISMO.","('0094-PE-1999', 1)":null,"('0094-PE-1999', 2)":null},"Palabra Clave":{"('0094-PE-1999', 0)":" ","('0094-PE-1999', 1)":null,"('0094-PE-1999', 2)":null}}