{"Tipo de Proyecto":{"('0094-S-1999', 0)":"MENSAJE NRO: 0373\/99 Y PROYECTO DE LEY","('0094-S-1999', 1)":null,"('0094-S-1999', 2)":null},"Iniciado en: ":{"('0094-S-1999', 0)":"Senado","('0094-S-1999', 1)":null,"('0094-S-1999', 2)":null},"Expediente Diputados: ":{"('0094-S-1999', 0)":"0094-S-1999","('0094-S-1999', 1)":null,"('0094-S-1999', 2)":null},"Expediente Senado: ":{"('0094-S-1999', 0)":"0194-PE-1999","('0094-S-1999', 1)":null,"('0094-S-1999', 2)":null},"Publicado en: ":{"('0094-S-1999', 0)":"Diario de Asuntos Entrados N\u00b0 26","('0094-S-1999', 1)":null,"('0094-S-1999', 2)":null},"Fecha: ":{"('0094-S-1999', 0)":"21\/04\/1999","('0094-S-1999', 1)":null,"('0094-S-1999', 2)":null},"T\u00edtulo":{"('0094-S-1999', 0)":"TRANSFERENCIA A LA FUNDACION FELICES LOS NI\u00d1OS DE DOS INMUEBLES UNO CITO EN LA LOCALIDAD DE CASTELAR, PROVINCIA DE BUENOS AIRES Y OTRO EN LA CIUDAD DE BUENOS AIRES, CON DESTINO A LA  IMPLEMENTACION DEL 'PROYECTO HOGAR GRANJA ESCUELA TALLER PARA CHICOS DE Y EN LA CALLE ABANDONADOS, MALTRATADOS Y MADRES SOLAS CON NI\u00d1OS EN LA CALLE'.","('0094-S-1999', 1)":null,"('0094-S-1999', 2)":null},"('Firmantes', 'FIRMANTE')":{"('0094-S-1999', 0)":"MENEM, CARLOS SAUL","('0094-S-1999', 1)":"RODRIGUEZ, JORGE","('0094-S-1999', 2)":"FERNANDEZ, ROQUE"},"('Firmantes', 'DISTRITO')":{"('0094-S-1999', 0)":null,"('0094-S-1999', 1)":null,"('0094-S-1999', 2)":null},"('Firmantes', 'BLOQUE')":{"('0094-S-1999', 0)":"PODER EJECUTIVO","('0094-S-1999', 1)":"PODER EJECUTIVO","('0094-S-1999', 2)":"PODER EJECUTIVO"},"('Giros', 'COMISI\u00d3N')":{"('0094-S-1999', 0)":"LEGISLACION GENERAL","('0094-S-1999', 1)":"FAMILIA, MUJER Y MINORIDAD","('0094-S-1999', 2)":"OBRAS PUBLICAS"},"('Tramites', 'C\u00c1MARA')":{"('0094-S-1999', 0)":"Senado","('0094-S-1999', 1)":"Diputados","('0094-S-1999', 2)":null},"('Tramites', 'MOVIMIENTO')":{"('0094-S-1999', 0)":"CONSIDERACION Y APROBACION","('0094-S-1999', 1)":"PASA A DIPUTADOS -","('0094-S-1999', 2)":null},"('Tramites', 'FECHA')":{"('0094-S-1999', 0)":"23\/06\/1999","('0094-S-1999', 1)":null,"('0094-S-1999', 2)":null},"('Tramites', 'RESULTADO')":{"('0094-S-1999', 0)":"MEDIA SANCION","('0094-S-1999', 1)":null,"('0094-S-1999', 2)":null},"Link":{"('0094-S-1999', 0)":"http:\/\/www.senado.gov.ar\/web\/proyectos\/verExpe.php?origen=PE&nro_comision=&tipo=PL&numexp=194\/99&tConsulta=5","('0094-S-1999', 1)":null,"('0094-S-1999', 2)":null},"Palabra Clave":{"('0094-S-1999', 0)":" ","('0094-S-1999', 1)":null,"('0094-S-1999', 2)":null}}