{"Tipo de Proyecto":{"('0098-S-1999', 0)":"PROYECTO DE LEY","('0098-S-1999', 1)":null,"('0098-S-1999', 2)":null},"Iniciado en: ":{"('0098-S-1999', 0)":"Senado","('0098-S-1999', 1)":null,"('0098-S-1999', 2)":null},"Expediente Diputados: ":{"('0098-S-1999', 0)":"0098-S-1999","('0098-S-1999', 1)":null,"('0098-S-1999', 2)":null},"Expediente Senado: ":{"('0098-S-1999', 0)":"0076-S-1999","('0098-S-1999', 1)":null,"('0098-S-1999', 2)":null},"Publicado en: ":{"('0098-S-1999', 0)":"Diario de Asuntos Entrados N\u00b0 4","('0098-S-1999', 1)":null,"('0098-S-1999', 2)":null},"Fecha: ":{"('0098-S-1999', 0)":"08\/03\/1999","('0098-S-1999', 1)":null,"('0098-S-1999', 2)":null},"T\u00edtulo":{"('0098-S-1999', 0)":"MODIFICACION DEL CODIGO PROCESAL CIVIL Y COMERCIAL.","('0098-S-1999', 1)":null,"('0098-S-1999', 2)":null},"('Firmantes', 'FIRMANTE')":{"('0098-S-1999', 0)":"BRANDA, RICARDO A.","('0098-S-1999', 1)":null,"('0098-S-1999', 2)":null},"('Firmantes', 'DISTRITO')":{"('0098-S-1999', 0)":"FORMOSA","('0098-S-1999', 1)":null,"('0098-S-1999', 2)":null},"('Firmantes', 'BLOQUE')":{"('0098-S-1999', 0)":"JUSTICIALISTA","('0098-S-1999', 1)":null,"('0098-S-1999', 2)":null},"('Giros', 'COMISI\u00d3N')":{"('0098-S-1999', 0)":"JUSTICIA","('0098-S-1999', 1)":null,"('0098-S-1999', 2)":null},"('Tramites', 'C\u00c1MARA')":{"('0098-S-1999', 0)":"Senado","('0098-S-1999', 1)":"Diputados","('0098-S-1999', 2)":"Diputados"},"('Tramites', 'MOVIMIENTO')":{"('0098-S-1999', 0)":"CONSIDERACION Y APROBACION","('0098-S-1999', 1)":"PASA A DIPUTADOS -","('0098-S-1999', 2)":"CONSIDERACION Y SANCION"},"('Tramites', 'FECHA')":{"('0098-S-1999', 0)":"23\/06\/1999","('0098-S-1999', 1)":null,"('0098-S-1999', 2)":"24\/10\/2001"},"('Tramites', 'RESULTADO')":{"('0098-S-1999', 0)":"MEDIA SANCION","('0098-S-1999', 1)":null,"('0098-S-1999', 2)":"SANCIONADO"},"Sumario":{"('0098-S-1999', 0)":"INCORPORACION DE LOS ARTICULOS 38 BIS Y 38 TER (FUNCIONES DE LOS PROSECRETARIOS ADMINISTRATIVOS), 680 TER (RECONOCIMIENTO JUDICIAL) Y 684 BIS (DESALOJO); SUSTITUCION DE LOS ARTICULOS 5 (REGLAS GENERALES), 6 (REGLAS ESPECIALES), 12 (SUSTANCIACION), 14 (RECUSACION), 34 (DEBERES DE LOS JUECES), 35 (POTESTADES DISCIPLINARIAS), 36 (FACULTADES ORDENATORIAS E INSTRUCTORIAS), 38 (DEBERES DE LOS SECRETARIOS), 45 (TEMERIDAD O MALICIA), 79, 80, 81, 83 Y 84 (BENEFICIO DE LITIGAR SIN GASTOS), 96 (RECURSOS; ALCANCE DE LA SENTENCIA), 118 (REDACCION DE ESCRITOS), 125 (REGLAS GENERALES DE LAS AUDIENCIAS), 133, 134, 135, 136, 137, 138, 139, 140, 141, 142, 143, 144, 145, 146, 148 Y 149 (NOTIFICACIONES), 150 (PLAZO DE VISTAS Y TRASLADOS), 166 Y 167 (ACTUACION DEL JUEZ POSTERIOR A LA SENTENCIA, Y DEMORA EN SU PRONUNCIAMIENTO), 310 (PLAZO DE LA CADUCIDAD DE LA INSTANCIA), 319, 321 Y 322 (PROCESOS DE CONOCIMIENTO: CLASES), 324, 326 Y 328 (PROCESOS DE CONOCIMIENTO: DILIGENCIAS PRELIMINARES), 333, 334 Y 336 (PROCESOS DE CONOCIMIENTO: DEMANDA), 343 (DEMANDADO INCIERTO), 346 (EXCEPCIONES PREVIAS), 356 Y 359 (CONTESTACION A LA DEMANDA Y RECONVENCION), 360, 365, 367 Y 380 (PRUEBA), 398 (RECAUDOS Y PLAZOS PARA LA CONTESTACION), 404 (PROMESA DE DECIR VERDAD), 415 (INTERROGATORIO DE LAS PARTES), 431 (AUDIENCIA), 459 Y 460 (PRUEBA DE PERICIA), 465 (RECUSACION DEL PERITO), 481 Y 482 (ALTERNATIVA Y ALEGATOS), 484 (LLAMAMIENTO DE AUTOS) Y 498 (JUICIO SUMARISIMO); DEROGACION DE LOS ARTICULOS 125 BIS, 126, 320, 368, 399, 416, 486, 487, 488, 489, 490, 491, 492, 493, 494, 495, 496 Y 497; FACULTASE AL PODER EJECUTIVO PARA DICTAR EL TEXTO ORDENADO.","('0098-S-1999', 1)":null,"('0098-S-1999', 2)":null},"Palabra Clave":{"('0098-S-1999', 0)":" ","('0098-S-1999', 1)":null,"('0098-S-1999', 2)":null}}