{"Tipo de Proyecto":{"('0098-PE-1999', 0)":"MENSAJE NRO: 0017\/99 Y PROYECTO DE LEY","('0098-PE-1999', 1)":null,"('0098-PE-1999', 2)":null,"('0098-PE-1999', 3)":null,"('0098-PE-1999', 4)":null,"('0098-PE-1999', 5)":null,"('0098-PE-1999', 6)":null},"Iniciado en: ":{"('0098-PE-1999', 0)":"Diputados","('0098-PE-1999', 1)":null,"('0098-PE-1999', 2)":null,"('0098-PE-1999', 3)":null,"('0098-PE-1999', 4)":null,"('0098-PE-1999', 5)":null,"('0098-PE-1999', 6)":null},"Expediente Diputados: ":{"('0098-PE-1999', 0)":"0098-PE-1999","('0098-PE-1999', 1)":null,"('0098-PE-1999', 2)":null,"('0098-PE-1999', 3)":null,"('0098-PE-1999', 4)":null,"('0098-PE-1999', 5)":null,"('0098-PE-1999', 6)":null},"Expediente Senado: ":{"('0098-PE-1999', 0)":"0166-CD-1999","('0098-PE-1999', 1)":null,"('0098-PE-1999', 2)":null,"('0098-PE-1999', 3)":null,"('0098-PE-1999', 4)":null,"('0098-PE-1999', 5)":null,"('0098-PE-1999', 6)":null},"Publicado en: ":{"('0098-PE-1999', 0)":"Tr\u00e1mite Parlamentario N\u00b0 197","('0098-PE-1999', 1)":null,"('0098-PE-1999', 2)":null,"('0098-PE-1999', 3)":null,"('0098-PE-1999', 4)":null,"('0098-PE-1999', 5)":null,"('0098-PE-1999', 6)":null},"Fecha: ":{"('0098-PE-1999', 0)":"13\/12\/1999","('0098-PE-1999', 1)":null,"('0098-PE-1999', 2)":null,"('0098-PE-1999', 3)":null,"('0098-PE-1999', 4)":null,"('0098-PE-1999', 5)":null,"('0098-PE-1999', 6)":null},"T\u00edtulo":{"('0098-PE-1999', 0)":"AUTORIZACION AL SE\u00d1OR PRESIDENTE DE LA NACION PARA AUSENTARSE DEL PAIS DURANTE EL A\u00d1O 2000, CUANDO RAZONES DE GOBIERNO ASI LO REQUIERAN.","('0098-PE-1999', 1)":null,"('0098-PE-1999', 2)":null,"('0098-PE-1999', 3)":null,"('0098-PE-1999', 4)":null,"('0098-PE-1999', 5)":null,"('0098-PE-1999', 6)":null},"('Firmantes', 'FIRMANTE')":{"('0098-PE-1999', 0)":"DE LA RUA, FERNANDO","('0098-PE-1999', 1)":"TERRAGNO, RODOLFO HECTOR","('0098-PE-1999', 2)":"STORANI, FEDERICO TEOBALDO MANUEL","('0098-PE-1999', 3)":null,"('0098-PE-1999', 4)":null,"('0098-PE-1999', 5)":null,"('0098-PE-1999', 6)":null},"('Firmantes', 'DISTRITO')":{"('0098-PE-1999', 0)":null,"('0098-PE-1999', 1)":null,"('0098-PE-1999', 2)":null,"('0098-PE-1999', 3)":null,"('0098-PE-1999', 4)":null,"('0098-PE-1999', 5)":null,"('0098-PE-1999', 6)":null},"('Firmantes', 'BLOQUE')":{"('0098-PE-1999', 0)":"PODER EJECUTIVO","('0098-PE-1999', 1)":"PODER EJECUTIVO","('0098-PE-1999', 2)":"PODER EJECUTIVO","('0098-PE-1999', 3)":null,"('0098-PE-1999', 4)":null,"('0098-PE-1999', 5)":null,"('0098-PE-1999', 6)":null},"('Giros', 'COMISI\u00d3N')":{"('0098-PE-1999', 0)":"ASUNTOS CONSTITUCIONALES","('0098-PE-1999', 1)":null,"('0098-PE-1999', 2)":null,"('0098-PE-1999', 3)":null,"('0098-PE-1999', 4)":null,"('0098-PE-1999', 5)":null,"('0098-PE-1999', 6)":null},"('Tramites', 'C\u00c1MARA')":{"('0098-PE-1999', 0)":"Diputados","('0098-PE-1999', 1)":"Diputados","('0098-PE-1999', 2)":"Diputados","('0098-PE-1999', 3)":"Diputados","('0098-PE-1999', 4)":"Senado","('0098-PE-1999', 5)":"Senado","('0098-PE-1999', 6)":"Senado"},"('Tramites', 'MOVIMIENTO')":{"('0098-PE-1999', 0)":"CONVOCATORIA SESION ESPECIAL","('0098-PE-1999', 1)":"MOCION APARTAMIENTO DEL REGLAMENTO (AFIRMATIVA)","('0098-PE-1999', 2)":"MOCION SOBRE TABLAS (AFIRMATIVA)","('0098-PE-1999', 3)":"CONSIDERACION Y APROBACION","('0098-PE-1999', 4)":"PASA A SENADO - (DAE 140)","('0098-PE-1999', 5)":"MOCION SOBRE TABLAS (AFIRMATIVA)","('0098-PE-1999', 6)":"CONSIDERACION Y SANCION"},"('Tramites', 'FECHA')":{"('0098-PE-1999', 0)":"15\/12\/1999","('0098-PE-1999', 1)":"15\/12\/1999","('0098-PE-1999', 2)":"15\/12\/1999","('0098-PE-1999', 3)":"15\/12\/1999","('0098-PE-1999', 4)":null,"('0098-PE-1999', 5)":"15\/12\/1999","('0098-PE-1999', 6)":"15\/12\/1999"},"('Tramites', 'RESULTADO')":{"('0098-PE-1999', 0)":null,"('0098-PE-1999', 1)":null,"('0098-PE-1999', 2)":null,"('0098-PE-1999', 3)":"MEDIA SANCION","('0098-PE-1999', 4)":null,"('0098-PE-1999', 5)":null,"('0098-PE-1999', 6)":"SANCIONADO"},"Sumario":{"('0098-PE-1999', 0)":"ACORDAR LA MISMA.","('0098-PE-1999', 1)":null,"('0098-PE-1999', 2)":null,"('0098-PE-1999', 3)":null,"('0098-PE-1999', 4)":null,"('0098-PE-1999', 5)":null,"('0098-PE-1999', 6)":null},"Palabra Clave":{"('0098-PE-1999', 0)":" ","('0098-PE-1999', 1)":null,"('0098-PE-1999', 2)":null,"('0098-PE-1999', 3)":null,"('0098-PE-1999', 4)":null,"('0098-PE-1999', 5)":null,"('0098-PE-1999', 6)":null}}