{"Tipo de Proyecto":{"('0099-PE-1999', 0)":"MENSAJE NRO: 0019\/99","('0099-PE-1999', 1)":null,"('0099-PE-1999', 2)":null},"Iniciado en: ":{"('0099-PE-1999', 0)":"Diputados","('0099-PE-1999', 1)":null,"('0099-PE-1999', 2)":null},"Expediente Diputados: ":{"('0099-PE-1999', 0)":"0099-PE-1999","('0099-PE-1999', 1)":null,"('0099-PE-1999', 2)":null},"Publicado en: ":{"('0099-PE-1999', 0)":"Tr\u00e1mite Parlamentario N\u00b0 198","('0099-PE-1999', 1)":null,"('0099-PE-1999', 2)":null},"Fecha: ":{"('0099-PE-1999', 0)":"14\/12\/1999","('0099-PE-1999', 1)":null,"('0099-PE-1999', 2)":null},"T\u00edtulo":{"('0099-PE-1999', 0)":"DECRETO 18 DEL 13 DE DICIEMBRE DE 1999 POR EL CUAL OBSERVA EN SU TOTALIDAD LA LEY 25206, DE REDISTRIBUCION TRANSITORIA DE RECURSOS DEL FONDO FIDUCIARIO PARA LA GENERACION DE EMPLEO.","('0099-PE-1999', 1)":null,"('0099-PE-1999', 2)":null},"('Firmantes', 'FIRMANTE')":{"('0099-PE-1999', 0)":"DE LA RUA, FERNANDO","('0099-PE-1999', 1)":"TERRAGNO, RODOLFO HECTOR","('0099-PE-1999', 2)":"MACHINEA, JOSE LUIS"},"('Firmantes', 'DISTRITO')":{"('0099-PE-1999', 0)":null,"('0099-PE-1999', 1)":null,"('0099-PE-1999', 2)":null},"('Firmantes', 'BLOQUE')":{"('0099-PE-1999', 0)":"PODER EJECUTIVO","('0099-PE-1999', 1)":"PODER EJECUTIVO","('0099-PE-1999', 2)":"PODER EJECUTIVO"},"('Giros', 'COMISI\u00d3N')":{"('0099-PE-1999', 0)":"PRESUPUESTO Y HACIENDA","('0099-PE-1999', 1)":null,"('0099-PE-1999', 2)":null},"Sumario":{"('0099-PE-1999', 0)":"COMUNICACION DEL DICTADO DEL MISMO.","('0099-PE-1999', 1)":null,"('0099-PE-1999', 2)":null},"Palabra Clave":{"('0099-PE-1999', 0)":" ","('0099-PE-1999', 1)":null,"('0099-PE-1999', 2)":null}}