{"Tipo de Proyecto":{"('0101-PE-1999', 0)":"MENSAJE NRO: 0044\/99","('0101-PE-1999', 1)":null,"('0101-PE-1999', 2)":null},"Iniciado en: ":{"('0101-PE-1999', 0)":"Diputados","('0101-PE-1999', 1)":null,"('0101-PE-1999', 2)":null},"Expediente Diputados: ":{"('0101-PE-1999', 0)":"0101-PE-1999","('0101-PE-1999', 1)":null,"('0101-PE-1999', 2)":null},"Publicado en: ":{"('0101-PE-1999', 0)":"Tr\u00e1mite Parlamentario N\u00b0 199","('0101-PE-1999', 1)":null,"('0101-PE-1999', 2)":null},"Fecha: ":{"('0101-PE-1999', 0)":"15\/12\/1999","('0101-PE-1999', 1)":null,"('0101-PE-1999', 2)":null},"T\u00edtulo":{"('0101-PE-1999', 0)":"COMUNICACION DEL DECRETO 43 DEL 15 DE DICIEMBRE DE 1999, POR EL QUE SE OBSERVA EN SU TOTALIDAD EL PROYECTO DE LEY REGISTRADO BAJO EL NUMERO 25194, POR EL QUE SE ACUERDAN BENEFICIOS PREVISIONALES A TRABAJADORES CESANTES. ","('0101-PE-1999', 1)":null,"('0101-PE-1999', 2)":null},"('Firmantes', 'FIRMANTE')":{"('0101-PE-1999', 0)":"DE LA RUA, FERNANDO","('0101-PE-1999', 1)":"TERRAGNO, RODOLFO HECTOR","('0101-PE-1999', 2)":"MACHINEA, JOSE LUIS"},"('Firmantes', 'DISTRITO')":{"('0101-PE-1999', 0)":null,"('0101-PE-1999', 1)":null,"('0101-PE-1999', 2)":null},"('Firmantes', 'BLOQUE')":{"('0101-PE-1999', 0)":"PODER EJECUTIVO","('0101-PE-1999', 1)":"PODER EJECUTIVO","('0101-PE-1999', 2)":"PODER EJECUTIVO"},"('Giros', 'COMISI\u00d3N')":{"('0101-PE-1999', 0)":"PREVISION Y SEGURIDAD SOCIAL","('0101-PE-1999', 1)":"PRESUPUESTO Y HACIENDA","('0101-PE-1999', 2)":null},"('Tramites', 'C\u00c1MARA')":{"('0101-PE-1999', 0)":"Diputados","('0101-PE-1999', 1)":"Diputados","('0101-PE-1999', 2)":null},"('Tramites', 'MOVIMIENTO')":{"('0101-PE-1999', 0)":"MOCION APARTAMIENTO DEL REGLAMENTO (AFIRMATIVA)","('0101-PE-1999', 1)":"MOCION DE PREFERENCIA (AFIRMATIVA)","('0101-PE-1999', 2)":null},"('Tramites', 'FECHA')":{"('0101-PE-1999', 0)":"13\/07\/2000","('0101-PE-1999', 1)":"13\/07\/2000","('0101-PE-1999', 2)":null},"('Tramites', 'RESULTADO')":{"('0101-PE-1999', 0)":null,"('0101-PE-1999', 1)":null,"('0101-PE-1999', 2)":null},"Sumario":{"('0101-PE-1999', 0)":"REMISION DE LA COPIA AUTENTICADA.","('0101-PE-1999', 1)":null,"('0101-PE-1999', 2)":null},"Palabra Clave":{"('0101-PE-1999', 0)":" ","('0101-PE-1999', 1)":null,"('0101-PE-1999', 2)":null}}