{"Tipo de Proyecto":{"('0101-S-1999', 0)":"PROYECTO DE DECLARACI\u00d3N","('0101-S-1999', 1)":null},"Iniciado en: ":{"('0101-S-1999', 0)":"Senado","('0101-S-1999', 1)":null},"Expediente Senado: ":{"('0101-S-1999', 0)":"0101-S-1999","('0101-S-1999', 1)":null},"Publicado en: ":{"('0101-S-1999', 0)":"Diario de Asuntos Entrados N\u00b0 6","('0101-S-1999', 1)":null},"Fecha: ":{"('0101-S-1999', 0)":"11\/03\/1999","('0101-S-1999', 1)":null},"T\u00edtulo":{"('0101-S-1999', 0)":"FALLECIMIENTO DEL ESCRITOR ARGENTINO ADOLFO BIOY CASARES","('0101-S-1999', 1)":null},"('Firmantes', 'FIRMANTE')":{"('0101-S-1999', 0)":"GENOUD, JOSE","('0101-S-1999', 1)":null},"('Firmantes', 'DISTRITO')":{"('0101-S-1999', 0)":"MENDOZA","('0101-S-1999', 1)":null},"('Firmantes', 'BLOQUE')":{"('0101-S-1999', 0)":"JUSTICIALISTA","('0101-S-1999', 1)":null},"('Tramites', 'C\u00c1MARA')":{"('0101-S-1999', 0)":"Senado","('0101-S-1999', 1)":"Senado"},"('Tramites', 'MOVIMIENTO')":{"('0101-S-1999', 0)":"MOCION SOBRE TABLAS (AFIRMATIVA) CONJUNTAMENTE PARA LOS EXPEDIENTES 0092-S-1999, 0093-S-1999, 0101-S-1999 y 0111-S-1999","('0101-S-1999', 1)":"CONSIDERACION Y APROBACION (TEXTO UNIFICADO) CONJUNTAMENTE PARA LOS EXPEDIENTES 0092-S-1999, 0093-S-1999, 0101-S-1999 y 0111-S-1999"},"('Tramites', 'FECHA')":{"('0101-S-1999', 0)":"24\/03\/1999","('0101-S-1999', 1)":"24\/03\/1999"},"('Tramites', 'RESULTADO')":{"('0101-S-1999', 0)":null,"('0101-S-1999', 1)":"APROBADO"},"Sumario":{"('0101-S-1999', 0)":"EXPRESION DE PESAR","('0101-S-1999', 1)":null},"Palabra Clave":{"('0101-S-1999', 0)":" ","('0101-S-1999', 1)":null}}