{"Tipo de Proyecto":{"('0102-PE-1999', 0)":"MENSAJE NRO: 0051\/99","('0102-PE-1999', 1)":null,"('0102-PE-1999', 2)":null},"Iniciado en: ":{"('0102-PE-1999', 0)":"Diputados","('0102-PE-1999', 1)":null,"('0102-PE-1999', 2)":null},"Expediente Diputados: ":{"('0102-PE-1999', 0)":"0102-PE-1999","('0102-PE-1999', 1)":null,"('0102-PE-1999', 2)":null},"Publicado en: ":{"('0102-PE-1999', 0)":"Tr\u00e1mite Parlamentario N\u00b0 199","('0102-PE-1999', 1)":null,"('0102-PE-1999', 2)":null},"Fecha: ":{"('0102-PE-1999', 0)":"15\/12\/1999","('0102-PE-1999', 1)":null,"('0102-PE-1999', 2)":null},"T\u00edtulo":{"('0102-PE-1999', 0)":"COMUNICACION DEL DECRETO 50 DEL 15 DE DICIEMBRE DE 1999, POR EL CUAL SE AMPLIA EL TEMARIO DEL ACTUAL PERIODO DE SESIONES EXTRAORDINARIAS DEL HONORABLE CONGRESO DE LA NACION.","('0102-PE-1999', 1)":null,"('0102-PE-1999', 2)":null},"('Firmantes', 'FIRMANTE')":{"('0102-PE-1999', 0)":"DE LA RUA, FERNANDO","('0102-PE-1999', 1)":"TERRAGNO, RODOLFO HECTOR","('0102-PE-1999', 2)":"STORANI, FEDERICO TEOBALDO MANUEL"},"('Firmantes', 'DISTRITO')":{"('0102-PE-1999', 0)":null,"('0102-PE-1999', 1)":null,"('0102-PE-1999', 2)":null},"('Firmantes', 'BLOQUE')":{"('0102-PE-1999', 0)":"PODER EJECUTIVO","('0102-PE-1999', 1)":"PODER EJECUTIVO","('0102-PE-1999', 2)":"PODER EJECUTIVO"},"('Giros', 'COMISI\u00d3N')":{"('0102-PE-1999', 0)":"A LA PRESIDENCIA","('0102-PE-1999', 1)":null,"('0102-PE-1999', 2)":null},"Sumario":{"('0102-PE-1999', 0)":"TEMARIO: INTERVENCION FEDERAL A LA PROVINCIA DE CORRIENTES.","('0102-PE-1999', 1)":null,"('0102-PE-1999', 2)":null},"Palabra Clave":{"('0102-PE-1999', 0)":" ","('0102-PE-1999', 1)":null,"('0102-PE-1999', 2)":null}}