{"Tipo de Proyecto":{"('0102-S-1999', 0)":"PROYECTO DE DECLARACI\u00d3N"},"Iniciado en: ":{"('0102-S-1999', 0)":"Senado"},"Expediente Senado: ":{"('0102-S-1999', 0)":"0102-S-1999"},"Publicado en: ":{"('0102-S-1999', 0)":"Diario de Asuntos Entrados N\u00b0 6"},"Fecha: ":{"('0102-S-1999', 0)":"11\/03\/1999"},"T\u00edtulo":{"('0102-S-1999', 0)":"HABILITACION DEL PRESIDENTE DE LA NACION PARA PRESENTARSE NUEVAMENTE COMO CANDIDATO PRESIDENCIAL "},"('Firmantes', 'FIRMANTE')":{"('0102-S-1999', 0)":"ROMERO FERIS, JOSE ANTONIO"},"('Firmantes', 'DISTRITO')":{"('0102-S-1999', 0)":"CORRIENTES"},"('Firmantes', 'BLOQUE')":{"('0102-S-1999', 0)":"AUTONOMISTA"},"Sumario":{"('0102-S-1999', 0)":"EXPRESION DE REPUDIO"},"Palabra Clave":{"('0102-S-1999', 0)":" "}}