{"Tipo de Proyecto":{"('0103-PE-1999', 0)":"MENSAJE NRO: 0056\/99","('0103-PE-1999', 1)":null,"('0103-PE-1999', 2)":null},"Iniciado en: ":{"('0103-PE-1999', 0)":"Diputados","('0103-PE-1999', 1)":null,"('0103-PE-1999', 2)":null},"Expediente Diputados: ":{"('0103-PE-1999', 0)":"0103-PE-1999","('0103-PE-1999', 1)":null,"('0103-PE-1999', 2)":null},"Publicado en: ":{"('0103-PE-1999', 0)":"Tr\u00e1mite Parlamentario N\u00b0 200","('0103-PE-1999', 1)":null,"('0103-PE-1999', 2)":null},"Fecha: ":{"('0103-PE-1999', 0)":"16\/12\/1999","('0103-PE-1999', 1)":null,"('0103-PE-1999', 2)":null},"T\u00edtulo":{"('0103-PE-1999', 0)":"COMUNICACION DEL DECRETO 55 DE FECHA 15 DE DICIEMBRE DE 1999 POR EL CUAL SE OBSERVA EN SU TOTALIDAD EL PROYECTO DE LEY REGISTRADO BAJO EL NUMERO 25195, SOBRE EXTENSION DE EXENCIONES IMPOSITIVAS PARA ATENDER SITUACIONES CONTEMPLADAS EN LA LEY 22913 DE EMERGENCIA AGROPECUARIA.","('0103-PE-1999', 1)":null,"('0103-PE-1999', 2)":null},"('Firmantes', 'FIRMANTE')":{"('0103-PE-1999', 0)":"DE LA RUA, FERNANDO","('0103-PE-1999', 1)":"TERRAGNO, RODOLFO HECTOR","('0103-PE-1999', 2)":"MACHINEA, JOSE LUIS"},"('Firmantes', 'DISTRITO')":{"('0103-PE-1999', 0)":null,"('0103-PE-1999', 1)":null,"('0103-PE-1999', 2)":null},"('Firmantes', 'BLOQUE')":{"('0103-PE-1999', 0)":"PODER EJECUTIVO","('0103-PE-1999', 1)":"PODER EJECUTIVO","('0103-PE-1999', 2)":"PODER EJECUTIVO"},"('Giros', 'COMISI\u00d3N')":{"('0103-PE-1999', 0)":"PRESUPUESTO Y HACIENDA","('0103-PE-1999', 1)":null,"('0103-PE-1999', 2)":null},"Palabra Clave":{"('0103-PE-1999', 0)":" ","('0103-PE-1999', 1)":null,"('0103-PE-1999', 2)":null}}