{"Tipo de Proyecto":{"('0104-PE-1999', 0)":"MENSAJE NRO: 0065\/99","('0104-PE-1999', 1)":null,"('0104-PE-1999', 2)":null},"Iniciado en: ":{"('0104-PE-1999', 0)":"Diputados","('0104-PE-1999', 1)":null,"('0104-PE-1999', 2)":null},"Expediente Diputados: ":{"('0104-PE-1999', 0)":"0104-PE-1999","('0104-PE-1999', 1)":null,"('0104-PE-1999', 2)":null},"Publicado en: ":{"('0104-PE-1999', 0)":"Tr\u00e1mite Parlamentario N\u00b0 201","('0104-PE-1999', 1)":null,"('0104-PE-1999', 2)":null},"Fecha: ":{"('0104-PE-1999', 0)":"20\/12\/1999","('0104-PE-1999', 1)":null,"('0104-PE-1999', 2)":null},"T\u00edtulo":{"('0104-PE-1999', 0)":"DECRETO 64\/99 (OBSERVACION TOTAL Y DEVOLUCION DEL PROYECTO DE LEY SANCIONADO BAJO EL NUMERO 25207 - FONDO ESPECIAL PARA EL DESARROLLO ALTERNATIVO DE LAS ZONAS MINERAS).","('0104-PE-1999', 1)":null,"('0104-PE-1999', 2)":null},"('Firmantes', 'FIRMANTE')":{"('0104-PE-1999', 0)":"DE LA RUA, FERNANDO","('0104-PE-1999', 1)":"TERRAGNO, RODOLFO HECTOR","('0104-PE-1999', 2)":"MACHINEA, JOSE LUIS"},"('Firmantes', 'DISTRITO')":{"('0104-PE-1999', 0)":null,"('0104-PE-1999', 1)":null,"('0104-PE-1999', 2)":null},"('Firmantes', 'BLOQUE')":{"('0104-PE-1999', 0)":"PODER EJECUTIVO","('0104-PE-1999', 1)":"PODER EJECUTIVO","('0104-PE-1999', 2)":"PODER EJECUTIVO"},"('Giros', 'COMISI\u00d3N')":{"('0104-PE-1999', 0)":"MINERIA","('0104-PE-1999', 1)":"PRESUPUESTO Y HACIENDA","('0104-PE-1999', 2)":null},"Sumario":{"('0104-PE-1999', 0)":"COMUNICACION DEL DICTADO DEL MISMO.","('0104-PE-1999', 1)":null,"('0104-PE-1999', 2)":null},"Palabra Clave":{"('0104-PE-1999', 0)":" ","('0104-PE-1999', 1)":null,"('0104-PE-1999', 2)":null}}