{"Tipo de Proyecto":{"('0104-S-1999', 0)":"COMUNICACION"},"Iniciado en: ":{"('0104-S-1999', 0)":"Senado"},"Expediente Senado: ":{"('0104-S-1999', 0)":"0104-S-1999"},"Publicado en: ":{"('0104-S-1999', 0)":"Diario de Asuntos Entrados N\u00b0 6"},"Fecha: ":{"('0104-S-1999', 0)":"11\/03\/1999"},"T\u00edtulo":{"('0104-S-1999', 0)":"SUBSIDIO PARA LA ASOCIACION JACHALLERA DE DEPORTISTAS VETERANOS DE FUTBOL DEL DEPARTAMENTO JACHAL, DE LA PROVINCIA DE SAN JUAN."},"('Firmantes', 'FIRMANTE')":{"('0104-S-1999', 0)":"AVELIN, ALFREDO"},"('Firmantes', 'DISTRITO')":{"('0104-S-1999', 0)":"SAN JUAN"},"('Firmantes', 'BLOQUE')":{"('0104-S-1999', 0)":"CRUZADA RENOV"},"('Tramites', 'C\u00c1MARA')":{"('0104-S-1999', 0)":"Senado"},"('Tramites', 'MOVIMIENTO')":{"('0104-S-1999', 0)":"CONSIDERACION Y APROBACION"},"('Tramites', 'FECHA')":{"('0104-S-1999', 0)":"27\/10\/1999"},"('Tramites', 'RESULTADO')":{"('0104-S-1999', 0)":"APROBADO"},"Sumario":{"('0104-S-1999', 0)":"SOLICITUD AL PODER EJECUTIVO NACIONAL."},"Palabra Clave":{"('0104-S-1999', 0)":" "}}