{"Tipo de Proyecto":{"('0105-S-1999', 0)":"MENSAJE NRO: 0318\/99 Y PROYECTO DE LEY","('0105-S-1999', 1)":null,"('0105-S-1999', 2)":null,"('0105-S-1999', 3)":null},"Iniciado en: ":{"('0105-S-1999', 0)":"Senado","('0105-S-1999', 1)":null,"('0105-S-1999', 2)":null,"('0105-S-1999', 3)":null},"Expediente Diputados: ":{"('0105-S-1999', 0)":"0105-S-1999","('0105-S-1999', 1)":null,"('0105-S-1999', 2)":null,"('0105-S-1999', 3)":null},"Expediente Senado: ":{"('0105-S-1999', 0)":"0169-PE-1999","('0105-S-1999', 1)":null,"('0105-S-1999', 2)":null,"('0105-S-1999', 3)":null},"Publicado en: ":{"('0105-S-1999', 0)":"Diario de Asuntos Entrados N\u00b0 21","('0105-S-1999', 1)":null,"('0105-S-1999', 2)":null,"('0105-S-1999', 3)":null},"Fecha: ":{"('0105-S-1999', 0)":"12\/04\/1999","('0105-S-1999', 1)":null,"('0105-S-1999', 2)":null,"('0105-S-1999', 3)":null},"T\u00edtulo":{"('0105-S-1999', 0)":"ANEXO V AL TRATADO ANTARTICO SOBRE PROTECCION DEL MEDIO AMBIENTE (PROTECCION Y GESTION DE ZONAS).","('0105-S-1999', 1)":null,"('0105-S-1999', 2)":null,"('0105-S-1999', 3)":null},"('Firmantes', 'FIRMANTE')":{"('0105-S-1999', 0)":"MENEM, CARLOS SAUL","('0105-S-1999', 1)":"RODRIGUEZ, JORGE","('0105-S-1999', 2)":"DI TELLA, GUIDO","('0105-S-1999', 3)":"DOMINGUEZ, JORGE"},"('Firmantes', 'DISTRITO')":{"('0105-S-1999', 0)":null,"('0105-S-1999', 1)":null,"('0105-S-1999', 2)":null,"('0105-S-1999', 3)":null},"('Firmantes', 'BLOQUE')":{"('0105-S-1999', 0)":"PODER EJECUTIVO","('0105-S-1999', 1)":"PODER EJECUTIVO","('0105-S-1999', 2)":"PODER EJECUTIVO","('0105-S-1999', 3)":"PODER EJECUTIVO"},"('Giros', 'COMISI\u00d3N')":{"('0105-S-1999', 0)":"RELACIONES EXTERIORES Y CULTO","('0105-S-1999', 1)":"RECURSOS NATURALES Y CONSERVACION DEL AMBIENTE HUMANO","('0105-S-1999', 2)":null,"('0105-S-1999', 3)":null},"('Tramites', 'C\u00c1MARA')":{"('0105-S-1999', 0)":"Senado","('0105-S-1999', 1)":"Diputados","('0105-S-1999', 2)":"Diputados","('0105-S-1999', 3)":null},"('Tramites', 'MOVIMIENTO')":{"('0105-S-1999', 0)":"CONSIDERACION Y APROBACION","('0105-S-1999', 1)":"PASA A DIPUTADOS -","('0105-S-1999', 2)":"CONSIDERACION Y SANCION","('0105-S-1999', 3)":null},"('Tramites', 'FECHA')":{"('0105-S-1999', 0)":"04\/08\/1999","('0105-S-1999', 1)":null,"('0105-S-1999', 2)":"15\/06\/2000","('0105-S-1999', 3)":null},"('Tramites', 'RESULTADO')":{"('0105-S-1999', 0)":"MEDIA SANCION","('0105-S-1999', 1)":null,"('0105-S-1999', 2)":"SANCIONADO","('0105-S-1999', 3)":null},"Sumario":{"('0105-S-1999', 0)":"APROBACION DEL MISMO ADOPTADO EN BONN, REPUBLICA  FEDERAL DE ALEMANIA, EL 18 DE OCTUBRE DE 1991.","('0105-S-1999', 1)":null,"('0105-S-1999', 2)":null,"('0105-S-1999', 3)":null},"Palabra Clave":{"('0105-S-1999', 0)":" ","('0105-S-1999', 1)":null,"('0105-S-1999', 2)":null,"('0105-S-1999', 3)":null}}