{"Tipo de Proyecto":{"('0105-PE-1999', 0)":"MENSAJE NRO: 0153\/99","('0105-PE-1999', 1)":null,"('0105-PE-1999', 2)":null},"Iniciado en: ":{"('0105-PE-1999', 0)":"Diputados","('0105-PE-1999', 1)":null,"('0105-PE-1999', 2)":null},"Expediente Diputados: ":{"('0105-PE-1999', 0)":"0105-PE-1999","('0105-PE-1999', 1)":null,"('0105-PE-1999', 2)":null},"Publicado en: ":{"('0105-PE-1999', 0)":"Tr\u00e1mite Parlamentario N\u00b0 206","('0105-PE-1999', 1)":null,"('0105-PE-1999', 2)":null},"Fecha: ":{"('0105-PE-1999', 0)":"28\/12\/1999","('0105-PE-1999', 1)":null,"('0105-PE-1999', 2)":null},"T\u00edtulo":{"('0105-PE-1999', 0)":"DECRETO 152\/99 DEL 28\/12\/1999 (OBSERVACION TOTAL DEL PROYECTO DE LEY REGISTRADO BAJO EL NUMERO 25208 DE CREACION DE RADIO Y TELEVISION ARGENTINA, SOCIEDAD DEL ESTADO).","('0105-PE-1999', 1)":null,"('0105-PE-1999', 2)":null},"('Firmantes', 'FIRMANTE')":{"('0105-PE-1999', 0)":"DE LA RUA, FERNANDO","('0105-PE-1999', 1)":"TERRAGNO, RODOLFO HECTOR","('0105-PE-1999', 2)":"MACHINEA, JOSE LUIS"},"('Firmantes', 'DISTRITO')":{"('0105-PE-1999', 0)":null,"('0105-PE-1999', 1)":null,"('0105-PE-1999', 2)":null},"('Firmantes', 'BLOQUE')":{"('0105-PE-1999', 0)":"PODER EJECUTIVO","('0105-PE-1999', 1)":"PODER EJECUTIVO","('0105-PE-1999', 2)":"PODER EJECUTIVO"},"('Giros', 'COMISI\u00d3N')":{"('0105-PE-1999', 0)":"COMUNICACIONES E INFORMATICA","('0105-PE-1999', 1)":null,"('0105-PE-1999', 2)":null},"('Tramites', 'C\u00c1MARA')":{"('0105-PE-1999', 0)":"Diputados","('0105-PE-1999', 1)":null,"('0105-PE-1999', 2)":null},"('Tramites', 'MOVIMIENTO')":{"('0105-PE-1999', 0)":"MOCION DE PREFERENCIA PARA LA PROXIMA SESION CON DICTAMEN (AFIRMATIVA)","('0105-PE-1999', 1)":null,"('0105-PE-1999', 2)":null},"('Tramites', 'FECHA')":{"('0105-PE-1999', 0)":"23\/03\/2000","('0105-PE-1999', 1)":null,"('0105-PE-1999', 2)":null},"('Tramites', 'RESULTADO')":{"('0105-PE-1999', 0)":null,"('0105-PE-1999', 1)":null,"('0105-PE-1999', 2)":null},"Sumario":{"('0105-PE-1999', 0)":"COMUNICACION DEL DICTADO DEL MISMO.","('0105-PE-1999', 1)":null,"('0105-PE-1999', 2)":null},"Palabra Clave":{"('0105-PE-1999', 0)":" ","('0105-PE-1999', 1)":null,"('0105-PE-1999', 2)":null}}