{"Tipo de Proyecto":{"('0106-PE-1999', 0)":"MENSAJE NRO: 0161\/99","('0106-PE-1999', 1)":null,"('0106-PE-1999', 2)":null},"Iniciado en: ":{"('0106-PE-1999', 0)":"Diputados","('0106-PE-1999', 1)":null,"('0106-PE-1999', 2)":null},"Expediente Diputados: ":{"('0106-PE-1999', 0)":"0106-PE-1999","('0106-PE-1999', 1)":null,"('0106-PE-1999', 2)":null},"Publicado en: ":{"('0106-PE-1999', 0)":"Tr\u00e1mite Parlamentario N\u00b0 207","('0106-PE-1999', 1)":null,"('0106-PE-1999', 2)":null},"Fecha: ":{"('0106-PE-1999', 0)":"29\/12\/1999","('0106-PE-1999', 1)":null,"('0106-PE-1999', 2)":null},"T\u00edtulo":{"('0106-PE-1999', 0)":"DICTADO DEL DECRETO DE NECESIDAD Y URGENCIA 160\/99 DEL 28\/12\/1999 POR EL CUAL SE MODIFICA EL PRESUPUESTO DE LA ADMINISTRACION NACIONAL PARA 1999 PARA LA EFECTIVIZACION APORTES AL INSTITUTO NACIONAL DE SERVICIOS SOCIALES PARA JUBILADOS Y PENSIONADOS.","('0106-PE-1999', 1)":null,"('0106-PE-1999', 2)":null},"('Firmantes', 'FIRMANTE')":{"('0106-PE-1999', 0)":"DE LA RUA, FERNANDO","('0106-PE-1999', 1)":"TERRAGNO, RODOLFO HECTOR","('0106-PE-1999', 2)":"MACHINEA, JOSE LUIS"},"('Firmantes', 'DISTRITO')":{"('0106-PE-1999', 0)":null,"('0106-PE-1999', 1)":null,"('0106-PE-1999', 2)":null},"('Firmantes', 'BLOQUE')":{"('0106-PE-1999', 0)":"PODER EJECUTIVO","('0106-PE-1999', 1)":"PODER EJECUTIVO","('0106-PE-1999', 2)":"PODER EJECUTIVO"},"('Giros', 'COMISI\u00d3N')":{"('0106-PE-1999', 0)":"PRESUPUESTO Y HACIENDA","('0106-PE-1999', 1)":"BICAMERAL PERMANENTE DE TRAMITE LEGISLATIVO - LEY 26122","('0106-PE-1999', 2)":null},"('Tramites', 'C\u00c1MARA')":{"('0106-PE-1999', 0)":"Diputados","('0106-PE-1999', 1)":"Diputados","('0106-PE-1999', 2)":null},"('Tramites', 'MOVIMIENTO')":{"('0106-PE-1999', 0)":"SOLICITUD DEL PRESIDENTE DE LA COMISION BICAMERAL PERMANENTE DE TRAMITE LEGISLATIVO (LEY 26122) DE REMISION DEL EXPEDIENTE PARA SU ANALISIS (A LA PRESIDENCIA)","('0106-PE-1999', 1)":"EXPEDIENTE ORIGINALMENTE GIRADO A LA COMISION DE PRESUPUESTO Y HACIENDA; SE LO REMITE A LA COMISION BICAMERAL PERMANENTE DE TRAMITE LEGISLATIVO (LEY 26122)","('0106-PE-1999', 2)":null},"('Tramites', 'FECHA')":{"('0106-PE-1999', 0)":"18\/07\/2007","('0106-PE-1999', 1)":null,"('0106-PE-1999', 2)":null},"('Tramites', 'RESULTADO')":{"('0106-PE-1999', 0)":null,"('0106-PE-1999', 1)":null,"('0106-PE-1999', 2)":null},"Sumario":{"('0106-PE-1999', 0)":"COMUNICACION DEL DICTADO DEL MISMO.","('0106-PE-1999', 1)":null,"('0106-PE-1999', 2)":null},"Palabra Clave":{"('0106-PE-1999', 0)":" ","('0106-PE-1999', 1)":null,"('0106-PE-1999', 2)":null}}