{"Tipo de Proyecto":{"('0107-PE-1999', 0)":"MENSAJE NRO: 0163\/99","('0107-PE-1999', 1)":null,"('0107-PE-1999', 2)":null},"Iniciado en: ":{"('0107-PE-1999', 0)":"Diputados","('0107-PE-1999', 1)":null,"('0107-PE-1999', 2)":null},"Expediente Diputados: ":{"('0107-PE-1999', 0)":"0107-PE-1999","('0107-PE-1999', 1)":null,"('0107-PE-1999', 2)":null},"Publicado en: ":{"('0107-PE-1999', 0)":"Tr\u00e1mite Parlamentario N\u00b0 207","('0107-PE-1999', 1)":null,"('0107-PE-1999', 2)":null},"Fecha: ":{"('0107-PE-1999', 0)":"29\/12\/1999","('0107-PE-1999', 1)":null,"('0107-PE-1999', 2)":null},"T\u00edtulo":{"('0107-PE-1999', 0)":"DECRETO DE NECESIDAD Y URGENCIA 163\/99 DEL 28\/12\/1999 POR EL CUAL SE AMPLIA EL EJERCICIO FISCAL DEL A\u00d1O 1999 PARA EL OTORGAMIENTO DE ANTICIPOS A LA PROVINCIA DE CORRIENTES.","('0107-PE-1999', 1)":null,"('0107-PE-1999', 2)":null},"('Firmantes', 'FIRMANTE')":{"('0107-PE-1999', 0)":"DE LA RUA, FERNANDO","('0107-PE-1999', 1)":"TERRAGNO, RODOLFO HECTOR","('0107-PE-1999', 2)":"MACHINEA, JOSE LUIS"},"('Firmantes', 'DISTRITO')":{"('0107-PE-1999', 0)":null,"('0107-PE-1999', 1)":null,"('0107-PE-1999', 2)":null},"('Firmantes', 'BLOQUE')":{"('0107-PE-1999', 0)":"PODER EJECUTIVO","('0107-PE-1999', 1)":"PODER EJECUTIVO","('0107-PE-1999', 2)":"PODER EJECUTIVO"},"('Giros', 'COMISI\u00d3N')":{"('0107-PE-1999', 0)":"PRESUPUESTO Y HACIENDA","('0107-PE-1999', 1)":null,"('0107-PE-1999', 2)":null},"Sumario":{"('0107-PE-1999', 0)":"COMUNICACION DEL DICTADO DEL MISMO.","('0107-PE-1999', 1)":null,"('0107-PE-1999', 2)":null},"Palabra Clave":{"('0107-PE-1999', 0)":" ","('0107-PE-1999', 1)":null,"('0107-PE-1999', 2)":null}}