{"Tipo de Proyecto":{"('0107-S-1999', 0)":"PROYECTO DE RESOLUCI\u00d3N","('0107-S-1999', 1)":null,"('0107-S-1999', 2)":null,"('0107-S-1999', 3)":null},"Iniciado en: ":{"('0107-S-1999', 0)":"Senado","('0107-S-1999', 1)":null,"('0107-S-1999', 2)":null,"('0107-S-1999', 3)":null},"Expediente Diputados: ":{"('0107-S-1999', 0)":"0107-S-1999","('0107-S-1999', 1)":null,"('0107-S-1999', 2)":null,"('0107-S-1999', 3)":null},"Expediente Senado: ":{"('0107-S-1999', 0)":"0450-OV-1997","('0107-S-1999', 1)":null,"('0107-S-1999', 2)":null,"('0107-S-1999', 3)":null},"Fecha: ":{"('0107-S-1999', 0)":"14\/07\/1999","('0107-S-1999', 1)":null,"('0107-S-1999', 2)":null,"('0107-S-1999', 3)":null},"T\u00edtulo":{"('0107-S-1999', 0)":"RESOLUCION REMITIDA POR LA AUDITORIA GENERAL DE LA NACION SOBRE DEUDA PUBLICA INDIRECTA EJERCICIO 1995 EN EL AMBITO DEL MINISTERIO DE ECONOMIA Y OBRAS Y SERVICIOS PUBLICOS DE LA NACION.","('0107-S-1999', 1)":null,"('0107-S-1999', 2)":null,"('0107-S-1999', 3)":null},"('Firmantes', 'FIRMANTE')":{"('0107-S-1999', 0)":"PARLAMENTARIA MIXTA REVISORA DE CUENTAS","('0107-S-1999', 1)":null,"('0107-S-1999', 2)":null,"('0107-S-1999', 3)":null},"('Firmantes', 'DISTRITO')":{"('0107-S-1999', 0)":null,"('0107-S-1999', 1)":null,"('0107-S-1999', 2)":null,"('0107-S-1999', 3)":null},"('Firmantes', 'BLOQUE')":{"('0107-S-1999', 0)":null,"('0107-S-1999', 1)":null,"('0107-S-1999', 2)":null,"('0107-S-1999', 3)":null},"('Giros', 'COMISI\u00d3N')":{"('0107-S-1999', 0)":"PARLAMENTARIA MIXTA REVISORA DE CUENTAS","('0107-S-1999', 1)":null,"('0107-S-1999', 2)":null,"('0107-S-1999', 3)":null},"('Tramites', 'C\u00c1MARA')":{"('0107-S-1999', 0)":"Senado","('0107-S-1999', 1)":"Diputados","('0107-S-1999', 2)":"Diputados","('0107-S-1999', 3)":"Senado"},"('Tramites', 'MOVIMIENTO')":{"('0107-S-1999', 0)":"CONSIDERACION Y APROBACION","('0107-S-1999', 1)":"PASA A DIPUTADOS -","('0107-S-1999', 2)":"CONSIDERACION Y APROBACION","('0107-S-1999', 3)":"CONTESTACION DEL PODER EJECUTIVO NACIONAL - (918-PE-99); GIRADA A LA COMISION RESPECTIVA"},"('Tramites', 'FECHA')":{"('0107-S-1999', 0)":"04\/08\/1999","('0107-S-1999', 1)":null,"('0107-S-1999', 2)":"01\/09\/1999","('0107-S-1999', 3)":null},"('Tramites', 'RESULTADO')":{"('0107-S-1999', 0)":"APROBADO","('0107-S-1999', 1)":null,"('0107-S-1999', 2)":"APROBADO","('0107-S-1999', 3)":null},"Sumario":{"('0107-S-1999', 0)":"DIRIGIRSE AL PODER EJECUTIVO NACIONAL SOLICITANDOLE INFORME SOBRE LAS MEDIDAS ADOPTADAS A LOS FINES DE REGULARIZAR LOS ACTOS Y TRAMITES REFERENTES AL OTORGAMIENTO Y GESTION DE AVALES OTORGADOS POR EL TESORO NACIONAL, EN LOS ASPECTOS QUE FUERAN OBJETO DE OBSERVACION.","('0107-S-1999', 1)":null,"('0107-S-1999', 2)":null,"('0107-S-1999', 3)":null},"Palabra Clave":{"('0107-S-1999', 0)":" ","('0107-S-1999', 1)":null,"('0107-S-1999', 2)":null,"('0107-S-1999', 3)":null}}