{"Tipo de Proyecto":{"('0109-S-1999', 0)":"PROYECTO DE RESOLUCI\u00d3N","('0109-S-1999', 1)":null,"('0109-S-1999', 2)":null,"('0109-S-1999', 3)":null},"Iniciado en: ":{"('0109-S-1999', 0)":"Senado","('0109-S-1999', 1)":null,"('0109-S-1999', 2)":null,"('0109-S-1999', 3)":null},"Expediente Diputados: ":{"('0109-S-1999', 0)":"0109-S-1999","('0109-S-1999', 1)":null,"('0109-S-1999', 2)":null,"('0109-S-1999', 3)":null},"Expediente Senado: ":{"('0109-S-1999', 0)":"0796-OV-1997","('0109-S-1999', 1)":null,"('0109-S-1999', 2)":null,"('0109-S-1999', 3)":null},"Fecha: ":{"('0109-S-1999', 0)":"15\/07\/1999","('0109-S-1999', 1)":null,"('0109-S-1999', 2)":null,"('0109-S-1999', 3)":null},"T\u00edtulo":{"('0109-S-1999', 0)":"RESOLUCION 145\/93 - AGN REFERIDA A UNA AUDITORIA DE GENERACION DE RECURSOS PROPIOS EN EL AMBITO DE LA FACULTAD DE MEDICINA DE LA UNIVERSIDAD DE BUENOS AIRES.","('0109-S-1999', 1)":null,"('0109-S-1999', 2)":null,"('0109-S-1999', 3)":null},"('Firmantes', 'FIRMANTE')":{"('0109-S-1999', 0)":"PARLAMENTARIA MIXTA REVISORA DE CUENTAS","('0109-S-1999', 1)":null,"('0109-S-1999', 2)":null,"('0109-S-1999', 3)":null},"('Firmantes', 'DISTRITO')":{"('0109-S-1999', 0)":null,"('0109-S-1999', 1)":null,"('0109-S-1999', 2)":null,"('0109-S-1999', 3)":null},"('Firmantes', 'BLOQUE')":{"('0109-S-1999', 0)":null,"('0109-S-1999', 1)":null,"('0109-S-1999', 2)":null,"('0109-S-1999', 3)":null},"('Giros', 'COMISI\u00d3N')":{"('0109-S-1999', 0)":"PARLAMENTARIA MIXTA REVISORA DE CUENTAS","('0109-S-1999', 1)":null,"('0109-S-1999', 2)":null,"('0109-S-1999', 3)":null},"('Tramites', 'C\u00c1MARA')":{"('0109-S-1999', 0)":"Senado","('0109-S-1999', 1)":"Diputados","('0109-S-1999', 2)":"Diputados","('0109-S-1999', 3)":"Diputados"},"('Tramites', 'MOVIMIENTO')":{"('0109-S-1999', 0)":"CONSIDERACION Y APROBACION","('0109-S-1999', 1)":"PASA A DIPUTADOS -","('0109-S-1999', 2)":"CONSIDERACION Y APROBACION","('0109-S-1999', 3)":"CONTESTACION DEL PODER EJECUTIVO NACIONAL - JEFATURA DE GABINETE DE MINISTROS - (193-OV-00); GIRADA A LA COMISION RESPECTIVA (BAE 18\/00)"},"('Tramites', 'FECHA')":{"('0109-S-1999', 0)":"04\/08\/1999","('0109-S-1999', 1)":null,"('0109-S-1999', 2)":"01\/09\/1999","('0109-S-1999', 3)":"13\/07\/2000"},"('Tramites', 'RESULTADO')":{"('0109-S-1999', 0)":"APROBADO","('0109-S-1999', 1)":null,"('0109-S-1999', 2)":"APROBADO","('0109-S-1999', 3)":null},"Sumario":{"('0109-S-1999', 0)":"DIRIGIRSE A LA UBA PARA QUE INFORME SOBRE LAS MEDIDAS ADOPTADAS EN RELACION A LA MISMA; COMUNICACION AL PODER EJECUTIVO NACIONAL, AL RECTOR Y AL CONSEJO SUPERIOR DE LA UBA.","('0109-S-1999', 1)":null,"('0109-S-1999', 2)":null,"('0109-S-1999', 3)":null},"Palabra Clave":{"('0109-S-1999', 0)":" ","('0109-S-1999', 1)":null,"('0109-S-1999', 2)":null,"('0109-S-1999', 3)":null}}