{"Tipo de Proyecto":{"('0110-PE-1999', 0)":"MENSAJE NRO: 0196\/99","('0110-PE-1999', 1)":null,"('0110-PE-1999', 2)":null},"Iniciado en: ":{"('0110-PE-1999', 0)":"Diputados","('0110-PE-1999', 1)":null,"('0110-PE-1999', 2)":null},"Expediente Diputados: ":{"('0110-PE-1999', 0)":"0110-PE-1999","('0110-PE-1999', 1)":null,"('0110-PE-1999', 2)":null},"Publicado en: ":{"('0110-PE-1999', 0)":"Tr\u00e1mite Parlamentario N\u00b0 212","('0110-PE-1999', 1)":null,"('0110-PE-1999', 2)":null},"Fecha: ":{"('0110-PE-1999', 0)":"10\/01\/2000","('0110-PE-1999', 1)":null,"('0110-PE-1999', 2)":null},"T\u00edtulo":{"('0110-PE-1999', 0)":"COMUNICACION DEL DECRETO 195\/99 POR EL QUE SE SUSTITUYE LA PLANILLA 14, ANEXA AL ARTICULO 5 DE LA LEY 25064, DE PRESUPUESTO GENERAL PARA LA ADMINISTRACION NACIONAL PARA EL EJERCICIO 1999. ","('0110-PE-1999', 1)":null,"('0110-PE-1999', 2)":null},"('Firmantes', 'FIRMANTE')":{"('0110-PE-1999', 0)":"DE LA RUA, FERNANDO","('0110-PE-1999', 1)":"TERRAGNO, RODOLFO HECTOR","('0110-PE-1999', 2)":"MACHINEA, JOSE LUIS"},"('Firmantes', 'DISTRITO')":{"('0110-PE-1999', 0)":null,"('0110-PE-1999', 1)":null,"('0110-PE-1999', 2)":null},"('Firmantes', 'BLOQUE')":{"('0110-PE-1999', 0)":"PODER EJECUTIVO","('0110-PE-1999', 1)":"PODER EJECUTIVO","('0110-PE-1999', 2)":"PODER EJECUTIVO"},"('Giros', 'COMISI\u00d3N')":{"('0110-PE-1999', 0)":"BICAMERAL PERMANENTE DE TRAMITE LEGISLATIVO - LEY 26122","('0110-PE-1999', 1)":null,"('0110-PE-1999', 2)":null},"('Tramites', 'C\u00c1MARA')":{"('0110-PE-1999', 0)":"Diputados","('0110-PE-1999', 1)":"Diputados","('0110-PE-1999', 2)":null},"('Tramites', 'MOVIMIENTO')":{"('0110-PE-1999', 0)":"SOLICITUD DEL PRESIDENTE DE LA COMISION BICAMERAL PERMANENTE DE TRAMITE LEGISLATIVO (LEY 26122) DE REMISION DEL EXPEDIENTE PARA SU ANALISIS (A LA PRESIDENCIA)","('0110-PE-1999', 1)":"EXPEDIENTE ORIGINALMENTE GIRADO A LA COMISION DE PRESUPUESTO Y HACIENDA; SE LO REMITE A LA COMISION BICAMERAL PERMANENTE DE TRAMITE LEGISLATIVO (LEY 26122)","('0110-PE-1999', 2)":null},"('Tramites', 'FECHA')":{"('0110-PE-1999', 0)":"18\/07\/2007","('0110-PE-1999', 1)":null,"('0110-PE-1999', 2)":null},"('Tramites', 'RESULTADO')":{"('0110-PE-1999', 0)":null,"('0110-PE-1999', 1)":null,"('0110-PE-1999', 2)":null},"Sumario":{"('0110-PE-1999', 0)":"ACOMPA\u00d1A COPIA DEL MISMO.","('0110-PE-1999', 1)":null,"('0110-PE-1999', 2)":null},"Palabra Clave":{"('0110-PE-1999', 0)":" ","('0110-PE-1999', 1)":null,"('0110-PE-1999', 2)":null}}