{"Tipo de Proyecto":{"('0114-PE-1999', 0)":"MENSAJE NRO: 0042\/99 Y PROYECTO DE LEY","('0114-PE-1999', 1)":null,"('0114-PE-1999', 2)":null,"('0114-PE-1999', 3)":null,"('0114-PE-1999', 4)":null,"('0114-PE-1999', 5)":null,"('0114-PE-1999', 6)":null,"('0114-PE-1999', 7)":null,"('0114-PE-1999', 8)":null},"Iniciado en: ":{"('0114-PE-1999', 0)":"Diputados","('0114-PE-1999', 1)":null,"('0114-PE-1999', 2)":null,"('0114-PE-1999', 3)":null,"('0114-PE-1999', 4)":null,"('0114-PE-1999', 5)":null,"('0114-PE-1999', 6)":null,"('0114-PE-1999', 7)":null,"('0114-PE-1999', 8)":null},"Expediente Diputados: ":{"('0114-PE-1999', 0)":"0114-PE-1999","('0114-PE-1999', 1)":null,"('0114-PE-1999', 2)":null,"('0114-PE-1999', 3)":null,"('0114-PE-1999', 4)":null,"('0114-PE-1999', 5)":null,"('0114-PE-1999', 6)":null,"('0114-PE-1999', 7)":null,"('0114-PE-1999', 8)":null},"Expediente Senado: ":{"('0114-PE-1999', 0)":"0012-CD-2000","('0114-PE-1999', 1)":null,"('0114-PE-1999', 2)":null,"('0114-PE-1999', 3)":null,"('0114-PE-1999', 4)":null,"('0114-PE-1999', 5)":null,"('0114-PE-1999', 6)":null,"('0114-PE-1999', 7)":null,"('0114-PE-1999', 8)":null},"Publicado en: ":{"('0114-PE-1999', 0)":"Tr\u00e1mite Parlamentario N\u00b0 215","('0114-PE-1999', 1)":null,"('0114-PE-1999', 2)":null,"('0114-PE-1999', 3)":null,"('0114-PE-1999', 4)":null,"('0114-PE-1999', 5)":null,"('0114-PE-1999', 6)":null,"('0114-PE-1999', 7)":null,"('0114-PE-1999', 8)":null},"Fecha: ":{"('0114-PE-1999', 0)":"13\/01\/2000","('0114-PE-1999', 1)":null,"('0114-PE-1999', 2)":null,"('0114-PE-1999', 3)":null,"('0114-PE-1999', 4)":null,"('0114-PE-1999', 5)":null,"('0114-PE-1999', 6)":null,"('0114-PE-1999', 7)":null,"('0114-PE-1999', 8)":null},"T\u00edtulo":{"('0114-PE-1999', 0)":"DECLARAR EN EMERGENCIA LA SITUACION ECONOMICO - FINANCIERA DEL ESTADO NACIONAL, LA PRESTACION DE LOS SERVICIOS, Y LA EJECUCION DE LOS CONTRATOS A CARGO DEL SECTOR PUBLICO NACIONAL DEFINIDO EN EL ARTICULO 8 DE LA LEY 24156 (ADMINISTRACION FINANCIERA Y CONTROL DE GESTION DEL SECTOR PUBLICO).","('0114-PE-1999', 1)":null,"('0114-PE-1999', 2)":null,"('0114-PE-1999', 3)":null,"('0114-PE-1999', 4)":null,"('0114-PE-1999', 5)":null,"('0114-PE-1999', 6)":null,"('0114-PE-1999', 7)":null,"('0114-PE-1999', 8)":null},"('Firmantes', 'FIRMANTE')":{"('0114-PE-1999', 0)":"DE LA RUA, FERNANDO","('0114-PE-1999', 1)":"TERRAGNO, RODOLFO HECTOR","('0114-PE-1999', 2)":"MACHINEA, JOSE LUIS","('0114-PE-1999', 3)":null,"('0114-PE-1999', 4)":null,"('0114-PE-1999', 5)":null,"('0114-PE-1999', 6)":null,"('0114-PE-1999', 7)":null,"('0114-PE-1999', 8)":null},"('Firmantes', 'DISTRITO')":{"('0114-PE-1999', 0)":null,"('0114-PE-1999', 1)":null,"('0114-PE-1999', 2)":null,"('0114-PE-1999', 3)":null,"('0114-PE-1999', 4)":null,"('0114-PE-1999', 5)":null,"('0114-PE-1999', 6)":null,"('0114-PE-1999', 7)":null,"('0114-PE-1999', 8)":null},"('Firmantes', 'BLOQUE')":{"('0114-PE-1999', 0)":"PODER EJECUTIVO","('0114-PE-1999', 1)":"PODER EJECUTIVO","('0114-PE-1999', 2)":"PODER EJECUTIVO","('0114-PE-1999', 3)":null,"('0114-PE-1999', 4)":null,"('0114-PE-1999', 5)":null,"('0114-PE-1999', 6)":null,"('0114-PE-1999', 7)":null,"('0114-PE-1999', 8)":null},"('Giros', 'COMISI\u00d3N')":{"('0114-PE-1999', 0)":"PRESUPUESTO Y HACIENDA","('0114-PE-1999', 1)":"ASUNTOS CONSTITUCIONALES","('0114-PE-1999', 2)":null,"('0114-PE-1999', 3)":null,"('0114-PE-1999', 4)":null,"('0114-PE-1999', 5)":null,"('0114-PE-1999', 6)":null,"('0114-PE-1999', 7)":null,"('0114-PE-1999', 8)":null},"('Tramites', 'C\u00c1MARA')":{"('0114-PE-1999', 0)":"Diputados","('0114-PE-1999', 1)":"Diputados","('0114-PE-1999', 2)":"Senado","('0114-PE-1999', 3)":"Senado","('0114-PE-1999', 4)":"Senado","('0114-PE-1999', 5)":"Senado","('0114-PE-1999', 6)":"Senado","('0114-PE-1999', 7)":"Diputados","('0114-PE-1999', 8)":"Diputados"},"('Tramites', 'MOVIMIENTO')":{"('0114-PE-1999', 0)":"CONSIDERACION Y APROBACION CON MODIFICACIONES (VOTACIONES NOMINALES)","('0114-PE-1999', 1)":"INSERCIONES","('0114-PE-1999', 2)":"PASA A SENADO -","('0114-PE-1999', 3)":"MOCION SOBRE TABLAS (AFIRMATIVA)","('0114-PE-1999', 4)":"CONSIDERACION","('0114-PE-1999', 5)":"CONSIDERACION Y APROBACION CON MODIFICACIONES","('0114-PE-1999', 6)":"INSERCIONES","('0114-PE-1999', 7)":"VUELVE A DIPUTADOS -","('0114-PE-1999', 8)":"CONSIDERACION Y SANCION (ACEPTACION PARCIAL DE LAS MODIFICACIONES INTRODUCIDAS POR EL H SENADO)"},"('Tramites', 'FECHA')":{"('0114-PE-1999', 0)":"23\/03\/2000","('0114-PE-1999', 1)":"23\/03\/2000","('0114-PE-1999', 2)":null,"('0114-PE-1999', 3)":"06\/09\/2000","('0114-PE-1999', 4)":"06\/09\/2000","('0114-PE-1999', 5)":"07\/09\/2000","('0114-PE-1999', 6)":"07\/09\/2000","('0114-PE-1999', 7)":null,"('0114-PE-1999', 8)":"19\/10\/2000"},"('Tramites', 'RESULTADO')":{"('0114-PE-1999', 0)":"MEDIA SANCION","('0114-PE-1999', 1)":null,"('0114-PE-1999', 2)":null,"('0114-PE-1999', 3)":null,"('0114-PE-1999', 4)":null,"('0114-PE-1999', 5)":"MEDIA SANCION","('0114-PE-1999', 6)":null,"('0114-PE-1999', 7)":null,"('0114-PE-1999', 8)":"SANCIONADO"},"Sumario":{"('0114-PE-1999', 0)":"RESCISION O RENEGOCIACION DE LOS CONTRATOS DEL SECTOR PUBLICO NACIONAL; RELACION DE EMPLEO PUBLICO; JUICIOS CONTRA EL ESTADO NACIONAL; CONSOLIDACION DE DEUDAS: EMISION DE BONOS DE CONSOLIDACION; MODIFICACION A LA LEY 25237, DE PRESUPUESTO PARA EL A\u00d1O 2000, EN SU ARTICULO 8 (MONTO DE EMISION DE LOS BONOS).","('0114-PE-1999', 1)":null,"('0114-PE-1999', 2)":null,"('0114-PE-1999', 3)":null,"('0114-PE-1999', 4)":null,"('0114-PE-1999', 5)":null,"('0114-PE-1999', 6)":null,"('0114-PE-1999', 7)":null,"('0114-PE-1999', 8)":null},"Palabra Clave":{"('0114-PE-1999', 0)":" ","('0114-PE-1999', 1)":null,"('0114-PE-1999', 2)":null,"('0114-PE-1999', 3)":null,"('0114-PE-1999', 4)":null,"('0114-PE-1999', 5)":null,"('0114-PE-1999', 6)":null,"('0114-PE-1999', 7)":null,"('0114-PE-1999', 8)":null}}