{"Tipo de Proyecto":{"('0115-S-1999', 0)":"PROYECTO DE RESOLUCI\u00d3N","('0115-S-1999', 1)":null},"Iniciado en: ":{"('0115-S-1999', 0)":"Senado","('0115-S-1999', 1)":null},"Expediente Diputados: ":{"('0115-S-1999', 0)":"0115-S-1999","('0115-S-1999', 1)":null},"Expediente Senado: ":{"('0115-S-1999', 0)":"1017-S-1999","('0115-S-1999', 1)":null},"Publicado en: ":{"('0115-S-1999', 0)":"Diario de Asuntos Entrados N\u00b0 55","('0115-S-1999', 1)":null},"Fecha: ":{"('0115-S-1999', 0)":"24\/06\/1999","('0115-S-1999', 1)":null},"T\u00edtulo":{"('0115-S-1999', 0)":"APROBACION DEL REGLAMENTO DE LA COMISION PARLAMENTARIA CONJUNTA ARGENTINO-CHILENA.","('0115-S-1999', 1)":null},"('Firmantes', 'FIRMANTE')":{"('0115-S-1999', 0)":"DE LA ROSA, CARLOS LEONARDO","('0115-S-1999', 1)":null},"('Firmantes', 'DISTRITO')":{"('0115-S-1999', 0)":"MENDOZA","('0115-S-1999', 1)":null},"('Firmantes', 'BLOQUE')":{"('0115-S-1999', 0)":"JUSTICIALISTA","('0115-S-1999', 1)":null},"('Giros', 'COMISI\u00d3N')":{"('0115-S-1999', 0)":"RELACIONES EXTERIORES Y CULTO","('0115-S-1999', 1)":null},"('Tramites', 'C\u00c1MARA')":{"('0115-S-1999', 0)":"Senado","('0115-S-1999', 1)":"Diputados"},"('Tramites', 'MOVIMIENTO')":{"('0115-S-1999', 0)":"CONSIDERACION Y APROBACION","('0115-S-1999', 1)":"PASA A DIPUTADOS -"},"('Tramites', 'FECHA')":{"('0115-S-1999', 0)":"11\/08\/1999","('0115-S-1999', 1)":null},"('Tramites', 'RESULTADO')":{"('0115-S-1999', 0)":"APROBADO","('0115-S-1999', 1)":null},"Link":{"('0115-S-1999', 0)":"http:\/\/www.senado.gov.ar\/parlamentario\/comisiones\/verExp\/1017.99\/S\/PR","('0115-S-1999', 1)":null},"Palabra Clave":{"('0115-S-1999', 0)":" ","('0115-S-1999', 1)":null}}