{"Tipo de Proyecto":{"('0118-PE-1999', 0)":"MENSAJE NRO: 0071\/99 Y PROYECTO DE LEY","('0118-PE-1999', 1)":null,"('0118-PE-1999', 2)":null,"('0118-PE-1999', 3)":null,"('0118-PE-1999', 4)":null,"('0118-PE-1999', 5)":null,"('0118-PE-1999', 6)":null,"('0118-PE-1999', 7)":null,"('0118-PE-1999', 8)":null,"('0118-PE-1999', 9)":null,"('0118-PE-1999', 10)":null,"('0118-PE-1999', 11)":null},"Iniciado en: ":{"('0118-PE-1999', 0)":"Diputados","('0118-PE-1999', 1)":null,"('0118-PE-1999', 2)":null,"('0118-PE-1999', 3)":null,"('0118-PE-1999', 4)":null,"('0118-PE-1999', 5)":null,"('0118-PE-1999', 6)":null,"('0118-PE-1999', 7)":null,"('0118-PE-1999', 8)":null,"('0118-PE-1999', 9)":null,"('0118-PE-1999', 10)":null,"('0118-PE-1999', 11)":null},"Expediente Diputados: ":{"('0118-PE-1999', 0)":"0118-PE-1999","('0118-PE-1999', 1)":null,"('0118-PE-1999', 2)":null,"('0118-PE-1999', 3)":null,"('0118-PE-1999', 4)":null,"('0118-PE-1999', 5)":null,"('0118-PE-1999', 6)":null,"('0118-PE-1999', 7)":null,"('0118-PE-1999', 8)":null,"('0118-PE-1999', 9)":null,"('0118-PE-1999', 10)":null,"('0118-PE-1999', 11)":null},"Expediente Senado: ":{"('0118-PE-1999', 0)":"0179-CD-1999","('0118-PE-1999', 1)":null,"('0118-PE-1999', 2)":null,"('0118-PE-1999', 3)":null,"('0118-PE-1999', 4)":null,"('0118-PE-1999', 5)":null,"('0118-PE-1999', 6)":null,"('0118-PE-1999', 7)":null,"('0118-PE-1999', 8)":null,"('0118-PE-1999', 9)":null,"('0118-PE-1999', 10)":null,"('0118-PE-1999', 11)":null},"Publicado en: ":{"('0118-PE-1999', 0)":"Tr\u00e1mite Parlamentario N\u00b0 217","('0118-PE-1999', 1)":null,"('0118-PE-1999', 2)":null,"('0118-PE-1999', 3)":null,"('0118-PE-1999', 4)":null,"('0118-PE-1999', 5)":null,"('0118-PE-1999', 6)":null,"('0118-PE-1999', 7)":null,"('0118-PE-1999', 8)":null,"('0118-PE-1999', 9)":null,"('0118-PE-1999', 10)":null,"('0118-PE-1999', 11)":null},"Fecha: ":{"('0118-PE-1999', 0)":"19\/01\/2000","('0118-PE-1999', 1)":null,"('0118-PE-1999', 2)":null,"('0118-PE-1999', 3)":null,"('0118-PE-1999', 4)":null,"('0118-PE-1999', 5)":null,"('0118-PE-1999', 6)":null,"('0118-PE-1999', 7)":null,"('0118-PE-1999', 8)":null,"('0118-PE-1999', 9)":null,"('0118-PE-1999', 10)":null,"('0118-PE-1999', 11)":null},"T\u00edtulo":{"('0118-PE-1999', 0)":"REFORMA LABORAL: MODIFICACIONES A LAS LEYES 25013 (MODIFICATORIA DE LA LEY DE CONTRATO DE TRABAJO), 14250 (CONVENCIONES COLECTIVAS DE TRABAJO) Y 23546 (DE NEGOCIACIONES COLECTIVAS); DEROGACION DE LA LEY 16936 (PRORROGA POR LA LEY 20638).","('0118-PE-1999', 1)":null,"('0118-PE-1999', 2)":null,"('0118-PE-1999', 3)":null,"('0118-PE-1999', 4)":null,"('0118-PE-1999', 5)":null,"('0118-PE-1999', 6)":null,"('0118-PE-1999', 7)":null,"('0118-PE-1999', 8)":null,"('0118-PE-1999', 9)":null,"('0118-PE-1999', 10)":null,"('0118-PE-1999', 11)":null},"('Firmantes', 'FIRMANTE')":{"('0118-PE-1999', 0)":"DE LA RUA, FERNANDO","('0118-PE-1999', 1)":"TERRAGNO, RODOLFO HECTOR","('0118-PE-1999', 2)":"FLAMARIQUE, MARIO ALBERTO","('0118-PE-1999', 3)":"FERNANDEZ MEIJIDE, GRACIELA","('0118-PE-1999', 4)":"LLACH, JUAN JOSE","('0118-PE-1999', 5)":"RODRIGUEZ GIAVARINI, ADALBERTO","('0118-PE-1999', 6)":"MACHINEA, JOSE LUIS","('0118-PE-1999', 7)":"LOMBARDO, HECTOR JOSE","('0118-PE-1999', 8)":"LOPEZ MURPHY, RICARDO","('0118-PE-1999', 9)":"GIL LAVEDRA, RICARDO RODOLFO","('0118-PE-1999', 10)":"STORANI, FEDERICO TEOBALDO MANUEL","('0118-PE-1999', 11)":"GALLO, NICOLAS VICENTE"},"('Firmantes', 'DISTRITO')":{"('0118-PE-1999', 0)":null,"('0118-PE-1999', 1)":null,"('0118-PE-1999', 2)":null,"('0118-PE-1999', 3)":null,"('0118-PE-1999', 4)":null,"('0118-PE-1999', 5)":null,"('0118-PE-1999', 6)":null,"('0118-PE-1999', 7)":null,"('0118-PE-1999', 8)":null,"('0118-PE-1999', 9)":null,"('0118-PE-1999', 10)":null,"('0118-PE-1999', 11)":null},"('Firmantes', 'BLOQUE')":{"('0118-PE-1999', 0)":"PODER EJECUTIVO","('0118-PE-1999', 1)":"PODER EJECUTIVO","('0118-PE-1999', 2)":"PODER EJECUTIVO","('0118-PE-1999', 3)":"PODER EJECUTIVO","('0118-PE-1999', 4)":"PODER EJECUTIVO","('0118-PE-1999', 5)":"PODER EJECUTIVO","('0118-PE-1999', 6)":"PODER EJECUTIVO","('0118-PE-1999', 7)":"PODER EJECUTIVO","('0118-PE-1999', 8)":"PODER EJECUTIVO","('0118-PE-1999', 9)":"PODER EJECUTIVO","('0118-PE-1999', 10)":"PODER EJECUTIVO","('0118-PE-1999', 11)":"PODER EJECUTIVO"},"('Giros', 'COMISI\u00d3N')":{"('0118-PE-1999', 0)":"LEGISLACION DEL TRABAJO","('0118-PE-1999', 1)":null,"('0118-PE-1999', 2)":null,"('0118-PE-1999', 3)":null,"('0118-PE-1999', 4)":null,"('0118-PE-1999', 5)":null,"('0118-PE-1999', 6)":null,"('0118-PE-1999', 7)":null,"('0118-PE-1999', 8)":null,"('0118-PE-1999', 9)":null,"('0118-PE-1999', 10)":null,"('0118-PE-1999', 11)":null},"('Tramites', 'C\u00c1MARA')":{"('0118-PE-1999', 0)":"Diputados","('0118-PE-1999', 1)":"Diputados","('0118-PE-1999', 2)":"Diputados","('0118-PE-1999', 3)":"Diputados","('0118-PE-1999', 4)":"Diputados","('0118-PE-1999', 5)":"Senado","('0118-PE-1999', 6)":"Senado","('0118-PE-1999', 7)":"Senado","('0118-PE-1999', 8)":"Diputados","('0118-PE-1999', 9)":"Diputados","('0118-PE-1999', 10)":"Diputados","('0118-PE-1999', 11)":"Diputados"},"('Tramites', 'MOVIMIENTO')":{"('0118-PE-1999', 0)":"COMIENZA CONSIDERACION CONJUNTAMENTE PARA LOS EXPEDIENTES 0118-PE-1999, 0179-CD-1999 y 6757-D-1999","('0118-PE-1999', 1)":"SOLICITUD VOTACION NOMINAL (AFIRMATIVA) CONJUNTAMENTE PARA LOS EXPEDIENTES 0118-PE-1999, 0179-CD-1999 y 6757-D-1999","('0118-PE-1999', 2)":"CONSIDERACION Y APROBACION EN GENERAL CONJUNTAMENTE PARA LOS EXPEDIENTES 0118-PE-1999, 0179-CD-1999 y 6757-D-1999","('0118-PE-1999', 3)":"CONTINUA CONSIDERACION Y APROBACION (CON MODIFICACIONES) CONJUNTAMENTE PARA LOS EXPEDIENTES 0118-PE-1999, 0179-CD-1999 y 6757-D-1999","('0118-PE-1999', 4)":"INSERCIONES CONJUNTAMENTE PARA LOS EXPEDIENTES 0118-PE-1999, 0179-CD-1999 y 6757-D-1999","('0118-PE-1999', 5)":"PASA A SENADO - (DAE 160) CONJUNTAMENTE PARA LOS EXPEDIENTES 0118-PE-1999, 0179-CD-1999 y 6757-D-1999","('0118-PE-1999', 6)":"MOCION SOBRE TABLAS (AFIRMATIVA) CONJUNTAMENTE PARA LOS EXPEDIENTES 0118-PE-1999, 0179-CD-1999 y 6757-D-1999","('0118-PE-1999', 7)":"CONSIDERACION Y APROBACION CON MODIFICACIONES CONJUNTAMENTE PARA LOS EXPEDIENTES 0118-PE-1999, 0179-CD-1999 y 6757-D-1999","('0118-PE-1999', 8)":"VUELVE A DIPUTADOS - (0027-CD-00 TP 40 27\/04\/00) CONJUNTAMENTE PARA LOS EXPEDIENTES 0118-PE-1999, 0179-CD-1999 y 6757-D-1999","('0118-PE-1999', 9)":"MOCION DE PREFERENCIA (AFIRMATIVA) CONJUNTAMENTE PARA LOS EXPEDIENTES 0118-PE-1999, 0179-CD-1999 y 6757-D-1999","('0118-PE-1999', 10)":"CONSIDERACION Y SANCION (VOTACION NOMINAL) (ACEPTACION MODIFICACIONES INTRODUCIDAS POR EL H SENADO) CONJUNTAMENTE PARA LOS EXPEDIENTES 0118-PE-1999, 0179-CD-1999 y 6757-D-1999","('0118-PE-1999', 11)":"INSERCIONES CONJUNTAMENTE PARA LOS EXPEDIENTES 0118-PE-1999, 0179-CD-1999 y 6757-D-1999"},"('Tramites', 'FECHA')":{"('0118-PE-1999', 0)":"24\/02\/2000","('0118-PE-1999', 1)":"24\/02\/2000","('0118-PE-1999', 2)":"24\/02\/2000","('0118-PE-1999', 3)":"24\/02\/2000","('0118-PE-1999', 4)":"24\/02\/2000","('0118-PE-1999', 5)":null,"('0118-PE-1999', 6)":"26\/04\/2000","('0118-PE-1999', 7)":"26\/04\/2000","('0118-PE-1999', 8)":null,"('0118-PE-1999', 9)":"27\/04\/2000","('0118-PE-1999', 10)":"11\/05\/2000","('0118-PE-1999', 11)":"11\/05\/2000"},"('Tramites', 'RESULTADO')":{"('0118-PE-1999', 0)":null,"('0118-PE-1999', 1)":null,"('0118-PE-1999', 2)":null,"('0118-PE-1999', 3)":"MEDIA SANCION","('0118-PE-1999', 4)":null,"('0118-PE-1999', 5)":null,"('0118-PE-1999', 6)":null,"('0118-PE-1999', 7)":"MEDIA SANCION","('0118-PE-1999', 8)":null,"('0118-PE-1999', 9)":null,"('0118-PE-1999', 10)":"SANCIONADO","('0118-PE-1999', 11)":null},"Sumario":{"('0118-PE-1999', 0)":"ESTIMULO AL EMPLEO ESTABLE: PERIODO DE PRUEBA, SUSTITUCION DEL ARTICULO 3 DE LA LEY 25013 QUE MODIFICA EL ARTICULO 92 BIS DE LA LEY 20744 (TO 1976); CONVENCIONES COLECTIVAS: MODIFICACION DE ARTICULOS DE LA LEY 14250 (TO DECRETO 108\/88): 1, 2, 6, 7 Y 13, INCORPORACION DE TEXTOS A LOS ARTICULOS 3 Y 4 Y DE TRES NUEVOS CAPITULOS: AMBITOS DE NEGOCIACION COLECTIVA, COEXISTENCIA, ARTICULACION Y SUCESION DE CONVENIOS COLECTIVOS DE TRABAJO, NORMAS TRANSITORIAS (CONVENIOS COLECTIVOS ANTERIORES A LA LEY 23545, PRORROGA, ARBITRAJE, DEROGACION DE LOS ARTICULOS 11 Y 20 DE LA LEY 14250, ARTICULOS 12, 14 Y 15 DE LA LEY 25013 Y EL DECRETO 470\/93); LEY 23546: AGREGANSE APARTADOS A LOS ARTICULOS 3 Y 4, INCORPORACION DEL ARTICULO 3 BIS (CREACION DEL SERVICIO FEDERAL DE MEDIACION Y ARBITRAJE COMO UNA PERSONA DE DERECHO PUBLICO NO ESTATAL), MODIFICACION DE LOS ARTICULOS 5 Y 7, DEROGACION DEL PRIMER APARTADO DEL ARTICULO 6.","('0118-PE-1999', 1)":null,"('0118-PE-1999', 2)":null,"('0118-PE-1999', 3)":null,"('0118-PE-1999', 4)":null,"('0118-PE-1999', 5)":null,"('0118-PE-1999', 6)":null,"('0118-PE-1999', 7)":null,"('0118-PE-1999', 8)":null,"('0118-PE-1999', 9)":null,"('0118-PE-1999', 10)":null,"('0118-PE-1999', 11)":null},"Palabra Clave":{"('0118-PE-1999', 0)":" ","('0118-PE-1999', 1)":null,"('0118-PE-1999', 2)":null,"('0118-PE-1999', 3)":null,"('0118-PE-1999', 4)":null,"('0118-PE-1999', 5)":null,"('0118-PE-1999', 6)":null,"('0118-PE-1999', 7)":null,"('0118-PE-1999', 8)":null,"('0118-PE-1999', 9)":null,"('0118-PE-1999', 10)":null,"('0118-PE-1999', 11)":null}}