{"Tipo de Proyecto":{"('0119-PE-1999', 0)":"MENSAJE NRO: 0090\/99","('0119-PE-1999', 1)":null,"('0119-PE-1999', 2)":null},"Iniciado en: ":{"('0119-PE-1999', 0)":"Diputados","('0119-PE-1999', 1)":null,"('0119-PE-1999', 2)":null},"Expediente Diputados: ":{"('0119-PE-1999', 0)":"0119-PE-1999","('0119-PE-1999', 1)":null,"('0119-PE-1999', 2)":null},"Publicado en: ":{"('0119-PE-1999', 0)":"Tr\u00e1mite Parlamentario N\u00b0 218","('0119-PE-1999', 1)":null,"('0119-PE-1999', 2)":null},"Fecha: ":{"('0119-PE-1999', 0)":"20\/01\/2000","('0119-PE-1999', 1)":null,"('0119-PE-1999', 2)":null},"T\u00edtulo":{"('0119-PE-1999', 0)":"COMUNICACION DEL DICTADO DEL DECRETO 89\/2000 QUE AMPLIA EL TEMARIO A TRATAR POR EL HONORABLE CONGRESO DE LA NACION DURANTE EL PERIODO DE SESIONES EXTRAORDINARIAS DEL PERIODO 117.","('0119-PE-1999', 1)":null,"('0119-PE-1999', 2)":null},"('Firmantes', 'FIRMANTE')":{"('0119-PE-1999', 0)":"DE LA RUA, FERNANDO","('0119-PE-1999', 1)":"TERRAGNO, RODOLFO HECTOR","('0119-PE-1999', 2)":"STORANI, FEDERICO TEOBALDO MANUEL"},"('Firmantes', 'DISTRITO')":{"('0119-PE-1999', 0)":null,"('0119-PE-1999', 1)":null,"('0119-PE-1999', 2)":null},"('Firmantes', 'BLOQUE')":{"('0119-PE-1999', 0)":"PODER EJECUTIVO","('0119-PE-1999', 1)":"PODER EJECUTIVO","('0119-PE-1999', 2)":"PODER EJECUTIVO"},"('Giros', 'COMISI\u00d3N')":{"('0119-PE-1999', 0)":"A LA PRESIDENCIA","('0119-PE-1999', 1)":null,"('0119-PE-1999', 2)":null},"Sumario":{"('0119-PE-1999', 0)":"TEMARIO: 1) PROYECTO DE LEY POR EL QUE SE DECLARA EN EMERGENCIA LA SITUACION ECONOMICO FINANCIERA DEL ESTADO NACIONAL, 2) PROYECTO DE LEY POR EL QUE SE MODIFICA LA LEY 24050 A FIN DE INCLUIR EN NUESTRO SISTEMA JUDICIAL PENAL NACIONAL EL FUERO PENAL TRIBUTARIO, 3) PROYECTO DE LEY POR EL QUE SE ESTRUCTURA EL FUERO PENAL TRIBUTARIO EN LA CAPITAL FEDERAL, 4) PROYECTO DE LEY DE CREACION DE JUZGADOS Y SECRETARIAS CON COMPETENCIA ESPECIFICA EN MATERIA DE EJECUCIONES FISCALES TRIBUTARIAS, 5) PROYECTO DE LEY DE IMPLEMENTACION DEL PROGRAMA LABORAL, 6) PROYECTO DE LEY DE REFORMA A LOS CODIGOS CIVIL Y PENAL PARA ASEGURAR LA LIBERTAD DE EXPRESION.","('0119-PE-1999', 1)":null,"('0119-PE-1999', 2)":null},"Palabra Clave":{"('0119-PE-1999', 0)":" ","('0119-PE-1999', 1)":null,"('0119-PE-1999', 2)":null}}