{"Tipo de Proyecto":{"('0120-PE-1999', 0)":"MENSAJE NRO: 0127\/00 Y PROYECTO DE LEY","('0120-PE-1999', 1)":null,"('0120-PE-1999', 2)":null,"('0120-PE-1999', 3)":null},"Iniciado en: ":{"('0120-PE-1999', 0)":"Diputados","('0120-PE-1999', 1)":null,"('0120-PE-1999', 2)":null,"('0120-PE-1999', 3)":null},"Expediente Diputados: ":{"('0120-PE-1999', 0)":"0120-PE-1999","('0120-PE-1999', 1)":null,"('0120-PE-1999', 2)":null,"('0120-PE-1999', 3)":null},"Publicado en: ":{"('0120-PE-1999', 0)":"Tr\u00e1mite Parlamentario N\u00b0 228","('0120-PE-1999', 1)":null,"('0120-PE-1999', 2)":null,"('0120-PE-1999', 3)":null},"Fecha: ":{"('0120-PE-1999', 0)":"10\/02\/2000","('0120-PE-1999', 1)":null,"('0120-PE-1999', 2)":null,"('0120-PE-1999', 3)":null},"T\u00edtulo":{"('0120-PE-1999', 0)":"MEDIDAS TENDIENTES A AGILIZAR EL COBRO DE CREDITOS POR PARTE DEL FISCO.","('0120-PE-1999', 1)":null,"('0120-PE-1999', 2)":null,"('0120-PE-1999', 3)":null},"('Firmantes', 'FIRMANTE')":{"('0120-PE-1999', 0)":"DE LA RUA, FERNANDO","('0120-PE-1999', 1)":"TERRAGNO, RODOLFO HECTOR","('0120-PE-1999', 2)":"MACHINEA, JOSE LUIS","('0120-PE-1999', 3)":"GIL LAVEDRA, RICARDO RODOLFO"},"('Firmantes', 'DISTRITO')":{"('0120-PE-1999', 0)":null,"('0120-PE-1999', 1)":null,"('0120-PE-1999', 2)":null,"('0120-PE-1999', 3)":null},"('Firmantes', 'BLOQUE')":{"('0120-PE-1999', 0)":"PODER EJECUTIVO","('0120-PE-1999', 1)":"PODER EJECUTIVO","('0120-PE-1999', 2)":"PODER EJECUTIVO","('0120-PE-1999', 3)":"PODER EJECUTIVO"},"('Giros', 'COMISI\u00d3N')":{"('0120-PE-1999', 0)":"PRESUPUESTO Y HACIENDA","('0120-PE-1999', 1)":"JUSTICIA","('0120-PE-1999', 2)":null,"('0120-PE-1999', 3)":null},"Sumario":{"('0120-PE-1999', 0)":"LLAMADO A LICITACION PUBLICA NACIONAL E INTERNACIONAL POR PARTE DE LA AFIP PARA LA CESION ONEROSA DE LAS ACCIONES POR ELLA PROMOVIDAS: RECLAMO DEL PAGO DE TRIBUTOS, PAGOS A CUENTA DE ANTICIPOS;, ACTUALIZACIONES DE MULTAS EJECUTADAS; EL CESIONARIO SERA TITULAR DE LOS DERECHOS QUE LE COMPETAN AL FISCO SEGUN LAS PRESCRIPCIONES DEL ARTICULO 92 Y SIGUIENTES DE LA LEY 11683 (PROCEDIMIENTO TRIBUTARIO).","('0120-PE-1999', 1)":null,"('0120-PE-1999', 2)":null,"('0120-PE-1999', 3)":null},"Palabra Clave":{"('0120-PE-1999', 0)":" ","('0120-PE-1999', 1)":null,"('0120-PE-1999', 2)":null,"('0120-PE-1999', 3)":null}}