{"Tipo de Proyecto":{"('0123-PE-1999', 0)":"MENSAJE NRO: 0212\/99","('0123-PE-1999', 1)":null},"Iniciado en: ":{"('0123-PE-1999', 0)":"Senado","('0123-PE-1999', 1)":null},"Expediente Senado: ":{"('0123-PE-1999', 0)":"0123-PE-1999","('0123-PE-1999', 1)":null},"Publicado en: ":{"('0123-PE-1999', 0)":"DAE S.A. N\u00b0 1","('0123-PE-1999', 1)":null},"Fecha: ":{"('0123-PE-1999', 0)":"19\/03\/1999","('0123-PE-1999', 1)":null},"T\u00edtulo":{"('0123-PE-1999', 0)":"SOLICITA ACUERDO PARA PROMOVER AL GRADO INMEDIATO SUPERIOR AL PERSONAL SUPERIOR DEL EJERCITO ARGENTINO, GENERALES DE DIVISION (R), JORGE HUGO ARGUINDEGUI (FALLECIDO),  RICARDO GUSTAVO PIANTA Y HECTOR LUIS RIOS ERE\u00d1U, DE CONFORMIDAD CON LOS ARTICULOS 44 Y 49 DE LA LEY PARA EL PERSONAL MILITAR","('0123-PE-1999', 1)":null},"('Firmantes', 'FIRMANTE')":{"('0123-PE-1999', 0)":"MENEM, CARLOS SAUL","('0123-PE-1999', 1)":"DOMINGUEZ, JORGE"},"('Firmantes', 'DISTRITO')":{"('0123-PE-1999', 0)":null,"('0123-PE-1999', 1)":null},"('Firmantes', 'BLOQUE')":{"('0123-PE-1999', 0)":"PODER EJECUTIVO","('0123-PE-1999', 1)":"PODER EJECUTIVO"},"Palabra Clave":{"('0123-PE-1999', 0)":" ","('0123-PE-1999', 1)":null}}