{"Tipo de Proyecto":{"('0125-S-1999', 0)":"MENSAJE NRO: 0282\/99 Y PROYECTO DE LEY","('0125-S-1999', 1)":null,"('0125-S-1999', 2)":null,"('0125-S-1999', 3)":null},"Iniciado en: ":{"('0125-S-1999', 0)":"Senado","('0125-S-1999', 1)":null,"('0125-S-1999', 2)":null,"('0125-S-1999', 3)":null},"Expediente Diputados: ":{"('0125-S-1999', 0)":"0125-S-1999","('0125-S-1999', 1)":null,"('0125-S-1999', 2)":null,"('0125-S-1999', 3)":null},"Expediente Senado: ":{"('0125-S-1999', 0)":"0160-PE-1999","('0125-S-1999', 1)":null,"('0125-S-1999', 2)":null,"('0125-S-1999', 3)":null},"Publicado en: ":{"('0125-S-1999', 0)":"Diario de Asuntos Entrados N\u00b0 16","('0125-S-1999', 1)":null,"('0125-S-1999', 2)":null,"('0125-S-1999', 3)":null},"Fecha: ":{"('0125-S-1999', 0)":"30\/03\/1999","('0125-S-1999', 1)":null,"('0125-S-1999', 2)":null,"('0125-S-1999', 3)":null},"T\u00edtulo":{"('0125-S-1999', 0)":"ACUERDO ENTRE EL GOBIERNO DE LA REPUBLICA ARGENTINA Y EL GOBIERNO DE MALASIA PARA LA EXENCION RECIPROCA EN MATERIA DE IMPUESTOS SOBRE LA RENTA PROVENIENTE DE LA OPERACION DE BUQUES Y AERONAVES EN EL TRANSPORTE INTERNACIONAL.","('0125-S-1999', 1)":null,"('0125-S-1999', 2)":null,"('0125-S-1999', 3)":null},"('Firmantes', 'FIRMANTE')":{"('0125-S-1999', 0)":"MENEM, CARLOS SAUL","('0125-S-1999', 1)":"RODRIGUEZ, JORGE","('0125-S-1999', 2)":"DI TELLA, GUIDO","('0125-S-1999', 3)":null},"('Firmantes', 'DISTRITO')":{"('0125-S-1999', 0)":null,"('0125-S-1999', 1)":null,"('0125-S-1999', 2)":null,"('0125-S-1999', 3)":null},"('Firmantes', 'BLOQUE')":{"('0125-S-1999', 0)":"PODER EJECUTIVO","('0125-S-1999', 1)":"PODER EJECUTIVO","('0125-S-1999', 2)":"PODER EJECUTIVO","('0125-S-1999', 3)":null},"('Tramites', 'C\u00c1MARA')":{"('0125-S-1999', 0)":"Senado","('0125-S-1999', 1)":"Diputados","('0125-S-1999', 2)":"Diputados","('0125-S-1999', 3)":"Diputados"},"('Tramites', 'MOVIMIENTO')":{"('0125-S-1999', 0)":"CONSIDERACION Y APROBACION","('0125-S-1999', 1)":"PASA A DIPUTADOS -","('0125-S-1999', 2)":"MOCION SOBRE TABLAS (AFIRMATIVA)","('0125-S-1999', 3)":"CONSIDERACION Y SANCION"},"('Tramites', 'FECHA')":{"('0125-S-1999', 0)":"11\/08\/1999","('0125-S-1999', 1)":null,"('0125-S-1999', 2)":"07\/12\/2000","('0125-S-1999', 3)":"07\/12\/2000"},"('Tramites', 'RESULTADO')":{"('0125-S-1999', 0)":"MEDIA SANCION","('0125-S-1999', 1)":null,"('0125-S-1999', 2)":null,"('0125-S-1999', 3)":"SANCIONADO"},"Sumario":{"('0125-S-1999', 0)":"APROBACION DEL MISMO, SUSCRIPTO EN BUENOS AIRES, EL 3 DE OCTUBRE DE 1997.","('0125-S-1999', 1)":null,"('0125-S-1999', 2)":null,"('0125-S-1999', 3)":null},"Palabra Clave":{"('0125-S-1999', 0)":" ","('0125-S-1999', 1)":null,"('0125-S-1999', 2)":null,"('0125-S-1999', 3)":null}}