{"Tipo de Proyecto":{"('0127-S-1999', 0)":"MENSAJE NRO: 0321\/99 Y PROYECTO DE LEY","('0127-S-1999', 1)":null,"('0127-S-1999', 2)":null},"Iniciado en: ":{"('0127-S-1999', 0)":"Senado","('0127-S-1999', 1)":null,"('0127-S-1999', 2)":null},"Expediente Diputados: ":{"('0127-S-1999', 0)":"0127-S-1999","('0127-S-1999', 1)":null,"('0127-S-1999', 2)":null},"Expediente Senado: ":{"('0127-S-1999', 0)":"0172-PE-1999","('0127-S-1999', 1)":null,"('0127-S-1999', 2)":null},"Publicado en: ":{"('0127-S-1999', 0)":"Diario de Asuntos Entrados N\u00b0 21","('0127-S-1999', 1)":null,"('0127-S-1999', 2)":null},"Fecha: ":{"('0127-S-1999', 0)":"12\/04\/1999","('0127-S-1999', 1)":null,"('0127-S-1999', 2)":null},"T\u00edtulo":{"('0127-S-1999', 0)":"ACUERDO SOBRE COOPERACION EN LOS USOS PACIFICOS DE LA ENERGIA NUCLEAR ENTRE EL GOBIERNO DE LA REPUBLICA ARGENTINA Y EL GOBIERNO DE LA REPUBLICA DE ARMENIA.","('0127-S-1999', 1)":null,"('0127-S-1999', 2)":null},"('Firmantes', 'FIRMANTE')":{"('0127-S-1999', 0)":"MENEM, CARLOS SAUL","('0127-S-1999', 1)":"RODRIGUEZ, JORGE","('0127-S-1999', 2)":"DI TELLA, GUIDO"},"('Firmantes', 'DISTRITO')":{"('0127-S-1999', 0)":null,"('0127-S-1999', 1)":null,"('0127-S-1999', 2)":null},"('Firmantes', 'BLOQUE')":{"('0127-S-1999', 0)":"PODER EJECUTIVO","('0127-S-1999', 1)":"PODER EJECUTIVO","('0127-S-1999', 2)":"PODER EJECUTIVO"},"('Giros', 'COMISI\u00d3N')":{"('0127-S-1999', 0)":"RELACIONES EXTERIORES Y CULTO","('0127-S-1999', 1)":"ENERGIA Y COMBUSTIBLES","('0127-S-1999', 2)":null},"('Tramites', 'C\u00c1MARA')":{"('0127-S-1999', 0)":"Senado","('0127-S-1999', 1)":"Diputados","('0127-S-1999', 2)":"Diputados"},"('Tramites', 'MOVIMIENTO')":{"('0127-S-1999', 0)":"CONSIDERACION Y APROBACION","('0127-S-1999', 1)":"PASA A DIPUTADOS -","('0127-S-1999', 2)":"CONSIDERACION Y SANCION"},"('Tramites', 'FECHA')":{"('0127-S-1999', 0)":"11\/08\/1999","('0127-S-1999', 1)":null,"('0127-S-1999', 2)":"13\/07\/2000"},"('Tramites', 'RESULTADO')":{"('0127-S-1999', 0)":"MEDIA SANCION","('0127-S-1999', 1)":null,"('0127-S-1999', 2)":"SANCIONADO"},"Sumario":{"('0127-S-1999', 0)":"APROBACION DEL MISMO SUSCRIPTO EN EREVAN, REPUBLICA DE ARMENIA, EL 30 DE JUNIO DE 1998","('0127-S-1999', 1)":null,"('0127-S-1999', 2)":null},"Palabra Clave":{"('0127-S-1999', 0)":" ","('0127-S-1999', 1)":null,"('0127-S-1999', 2)":null}}