{"Tipo de Proyecto":{"('0129-S-1999', 0)":"MENSAJE NRO: 0270\/99 Y PROYECTO DE LEY","('0129-S-1999', 1)":null,"('0129-S-1999', 2)":null},"Iniciado en: ":{"('0129-S-1999', 0)":"Senado","('0129-S-1999', 1)":null,"('0129-S-1999', 2)":null},"Expediente Diputados: ":{"('0129-S-1999', 0)":"0129-S-1999","('0129-S-1999', 1)":null,"('0129-S-1999', 2)":null},"Expediente Senado: ":{"('0129-S-1999', 0)":"0149-PE-1999","('0129-S-1999', 1)":null,"('0129-S-1999', 2)":null},"Publicado en: ":{"('0129-S-1999', 0)":"Diario de Asuntos Entrados N\u00b0 15","('0129-S-1999', 1)":null,"('0129-S-1999', 2)":null},"Fecha: ":{"('0129-S-1999', 0)":"25\/03\/1999","('0129-S-1999', 1)":null,"('0129-S-1999', 2)":null},"T\u00edtulo":{"('0129-S-1999', 0)":"CONVENCION DEL UNIDROIT - INSTITUTO INTERNACIONAL PARA LA UNIFICACION DEL DERECHO PRIVADO - SOBRE OBJETOS CULTURALES ROBADOS O EXPORTADOS ILEGALMENTE, ADOPTADA EN ROMA, REPUBLICA DE ITALIA, EL 24\/06\/1995.","('0129-S-1999', 1)":null,"('0129-S-1999', 2)":null},"('Firmantes', 'FIRMANTE')":{"('0129-S-1999', 0)":"MENEM, CARLOS SAUL","('0129-S-1999', 1)":"RODRIGUEZ, JORGE","('0129-S-1999', 2)":"DI TELLA, GUIDO"},"('Firmantes', 'DISTRITO')":{"('0129-S-1999', 0)":null,"('0129-S-1999', 1)":null,"('0129-S-1999', 2)":null},"('Firmantes', 'BLOQUE')":{"('0129-S-1999', 0)":"PODER EJECUTIVO","('0129-S-1999', 1)":"PODER EJECUTIVO","('0129-S-1999', 2)":"PODER EJECUTIVO"},"('Giros', 'COMISI\u00d3N')":{"('0129-S-1999', 0)":"RELACIONES EXTERIORES Y CULTO","('0129-S-1999', 1)":"CULTURA","('0129-S-1999', 2)":null},"('Tramites', 'C\u00c1MARA')":{"('0129-S-1999', 0)":"Senado","('0129-S-1999', 1)":"Diputados","('0129-S-1999', 2)":"Diputados"},"('Tramites', 'MOVIMIENTO')":{"('0129-S-1999', 0)":"CONSIDERACION Y APROBACION","('0129-S-1999', 1)":"PASA A DIPUTADOS -","('0129-S-1999', 2)":"CONSIDERACION Y SANCION"},"('Tramites', 'FECHA')":{"('0129-S-1999', 0)":"11\/08\/1999","('0129-S-1999', 1)":null,"('0129-S-1999', 2)":"15\/06\/2000"},"('Tramites', 'RESULTADO')":{"('0129-S-1999', 0)":"MEDIA SANCION","('0129-S-1999', 1)":null,"('0129-S-1999', 2)":"SANCIONADO"},"Sumario":{"('0129-S-1999', 0)":"APROBACION DE LA MISMA.","('0129-S-1999', 1)":null,"('0129-S-1999', 2)":null},"Palabra Clave":{"('0129-S-1999', 0)":" ","('0129-S-1999', 1)":null,"('0129-S-1999', 2)":null}}