{"Tipo de Proyecto":{"('0130-S-1999', 0)":"MENSAJE NRO: 0245\/99 Y PROYECTO DE LEY","('0130-S-1999', 1)":null,"('0130-S-1999', 2)":null,"('0130-S-1999', 3)":null},"Iniciado en: ":{"('0130-S-1999', 0)":"Senado","('0130-S-1999', 1)":null,"('0130-S-1999', 2)":null,"('0130-S-1999', 3)":null},"Expediente Diputados: ":{"('0130-S-1999', 0)":"0130-S-1999","('0130-S-1999', 1)":null,"('0130-S-1999', 2)":null,"('0130-S-1999', 3)":null},"Expediente Senado: ":{"('0130-S-1999', 0)":"0124-PE-1999","('0130-S-1999', 1)":null,"('0130-S-1999', 2)":null,"('0130-S-1999', 3)":null},"Publicado en: ":{"('0130-S-1999', 0)":"Diario de Asuntos Entrados N\u00b0 12","('0130-S-1999', 1)":null,"('0130-S-1999', 2)":null,"('0130-S-1999', 3)":null},"Fecha: ":{"('0130-S-1999', 0)":"22\/03\/1999","('0130-S-1999', 1)":null,"('0130-S-1999', 2)":null,"('0130-S-1999', 3)":null},"T\u00edtulo":{"('0130-S-1999', 0)":"ACUERDO ENTRE EL GOBIERNO DE LA REPUBLICA ARGENTINA Y EL GOBIERNO DE LA REPUBLICA DEL PARAGUAY RELATIVO A COOPERACION NAVAL, SUSCRIPTO EN ASUNCION, EL 1 DE SEPTIEMBRE DE 1995.","('0130-S-1999', 1)":null,"('0130-S-1999', 2)":null,"('0130-S-1999', 3)":null},"('Firmantes', 'FIRMANTE')":{"('0130-S-1999', 0)":"MENEM, CARLOS SAUL","('0130-S-1999', 1)":"RODRIGUEZ, JORGE","('0130-S-1999', 2)":"DOMINGUEZ, JORGE","('0130-S-1999', 3)":"DI TELLA, GUIDO"},"('Firmantes', 'DISTRITO')":{"('0130-S-1999', 0)":null,"('0130-S-1999', 1)":null,"('0130-S-1999', 2)":null,"('0130-S-1999', 3)":null},"('Firmantes', 'BLOQUE')":{"('0130-S-1999', 0)":"PODER EJECUTIVO","('0130-S-1999', 1)":"PODER EJECUTIVO","('0130-S-1999', 2)":"PODER EJECUTIVO","('0130-S-1999', 3)":"PODER EJECUTIVO"},"('Giros', 'COMISI\u00d3N')":{"('0130-S-1999', 0)":"RELACIONES EXTERIORES Y CULTO","('0130-S-1999', 1)":"DEFENSA NACIONAL","('0130-S-1999', 2)":null,"('0130-S-1999', 3)":null},"('Tramites', 'C\u00c1MARA')":{"('0130-S-1999', 0)":"Senado","('0130-S-1999', 1)":"Diputados","('0130-S-1999', 2)":"Diputados","('0130-S-1999', 3)":null},"('Tramites', 'MOVIMIENTO')":{"('0130-S-1999', 0)":"CONSIDERACION Y APROBACION","('0130-S-1999', 1)":"PASA A DIPUTADOS -","('0130-S-1999', 2)":"CONSIDERACION Y SANCION","('0130-S-1999', 3)":null},"('Tramites', 'FECHA')":{"('0130-S-1999', 0)":"11\/08\/1999","('0130-S-1999', 1)":null,"('0130-S-1999', 2)":"01\/11\/2000","('0130-S-1999', 3)":null},"('Tramites', 'RESULTADO')":{"('0130-S-1999', 0)":"MEDIA SANCION","('0130-S-1999', 1)":null,"('0130-S-1999', 2)":"SANCIONADO","('0130-S-1999', 3)":null},"Sumario":{"('0130-S-1999', 0)":"APROBACION DEL MISMO.","('0130-S-1999', 1)":null,"('0130-S-1999', 2)":null,"('0130-S-1999', 3)":null},"Palabra Clave":{"('0130-S-1999', 0)":" ","('0130-S-1999', 1)":null,"('0130-S-1999', 2)":null,"('0130-S-1999', 3)":null}}