{"Tipo de Proyecto":{"('0136-S-1999', 0)":"PROYECTO DE LEY"},"Iniciado en: ":{"('0136-S-1999', 0)":"Senado"},"Expediente Senado: ":{"('0136-S-1999', 0)":"0136-S-1999"},"Publicado en: ":{"('0136-S-1999', 0)":"Diario de Asuntos Entrados N\u00b0 8"},"Fecha: ":{"('0136-S-1999', 0)":"15\/03\/1999"},"T\u00edtulo":{"('0136-S-1999', 0)":"OBLIGATORIEDAD PARA TODOS LOS FUNCIONARIOS Y MAGISTRADOS ELECTIVOS O   NO, DE PRESENTAR UNA DECLARACION JURADA PATRIMONIAL PUBLICA AL ASUMIR   Y CESAR EN SUS CARGOS Y EN LAS OPORTUNIDADES QUE LA PRESENTE LEY LO   ESTABLEZCA (REPRODUCCION DEL EXPEDIENTE 0206-S-96)."},"('Firmantes', 'FIRMANTE')":{"('0136-S-1999', 0)":"DE LA SOTA, JOSE MANUEL"},"('Firmantes', 'DISTRITO')":{"('0136-S-1999', 0)":"CORDOBA"},"('Firmantes', 'BLOQUE')":{"('0136-S-1999', 0)":"JUSTICIALISTA"},"Sumario":{"('0136-S-1999', 0)":"CONTENIDO DE LAS DECLARACIONES JURADAS; OMISIONES O FALSEDADES;   ARCHIVO."},"Palabra Clave":{"('0136-S-1999', 0)":" "}}