{"Tipo de Proyecto":{"('0137-S-1999', 0)":"PROYECTO DE LEY"},"Iniciado en: ":{"('0137-S-1999', 0)":"Senado"},"Expediente Senado: ":{"('0137-S-1999', 0)":"0137-S-1999"},"Publicado en: ":{"('0137-S-1999', 0)":"Diario de Asuntos Entrados N\u00b0 8"},"Fecha: ":{"('0137-S-1999', 0)":"15\/03\/1999"},"T\u00edtulo":{"('0137-S-1999', 0)":"MODIFICACION DE LA LEY 24819 DE PREVENCION Y SANCION DEL DOPING   DEPORTIVO (REPRODUCCION DEL EXPEDIENTE 1869-S-97)."},"('Firmantes', 'FIRMANTE')":{"('0137-S-1999', 0)":"DE LA SOTA, JOSE MANUEL"},"('Firmantes', 'DISTRITO')":{"('0137-S-1999', 0)":"CORDOBA"},"('Firmantes', 'BLOQUE')":{"('0137-S-1999', 0)":"JUSTICIALISTA"},"Sumario":{"('0137-S-1999', 0)":"MODIFICACION DEL ARTICULO 8 (SANCIONES DEPORTIVAS), E INCORPORACION   DEL ARTICULO 8 BIS."},"Palabra Clave":{"('0137-S-1999', 0)":" "}}