{"Tipo de Proyecto":{"('0138-S-1999', 0)":"PROYECTO DE RESOLUCI\u00d3N"},"Iniciado en: ":{"('0138-S-1999', 0)":"Senado"},"Expediente Senado: ":{"('0138-S-1999', 0)":"0138-S-1999"},"Publicado en: ":{"('0138-S-1999', 0)":"Diario de Asuntos Entrados N\u00b0 8"},"Fecha: ":{"('0138-S-1999', 0)":"15\/03\/1999"},"T\u00edtulo":{"('0138-S-1999', 0)":"MODIFICACION DEL REGLAMENTO DEL H SENADO DE LA NACION (REPRODUCCION DEL EXPEDIENTE 0228-S-97).\n"},"('Firmantes', 'FIRMANTE')":{"('0138-S-1999', 0)":"DE LA SOTA, JOSE MANUEL"},"('Firmantes', 'DISTRITO')":{"('0138-S-1999', 0)":"CORDOBA"},"('Firmantes', 'BLOQUE')":{"('0138-S-1999', 0)":"JUSTICIALISTA"},"Sumario":{"('0138-S-1999', 0)":"SUSTITUCION DEL ARTICULO 203 (FALTAS GRAVES DE LOS SENADORES)."},"Palabra Clave":{"('0138-S-1999', 0)":" "}}