{"Tipo de Proyecto":{"('0139-S-1999', 0)":"PROYECTO DE RESOLUCI\u00d3N","('0139-S-1999', 1)":null},"Iniciado en: ":{"('0139-S-1999', 0)":"Senado","('0139-S-1999', 1)":null},"Expediente Senado: ":{"('0139-S-1999', 0)":"0139-S-1999","('0139-S-1999', 1)":null},"Publicado en: ":{"('0139-S-1999', 0)":"Diario de Asuntos Entrados N\u00b0 8","('0139-S-1999', 1)":null},"Fecha: ":{"('0139-S-1999', 0)":"15\/03\/1999","('0139-S-1999', 1)":null},"T\u00edtulo":{"('0139-S-1999', 0)":"REGLAMENTO DEL HONORABLE SENADO DE LA NACION: MODIFICACIONES (REPRODUCCION DEL EXPEDIENTE 1961-S-96)","('0139-S-1999', 1)":null},"('Firmantes', 'FIRMANTE')":{"('0139-S-1999', 0)":"DE LA SOTA, JOSE MANUEL","('0139-S-1999', 1)":null},"('Firmantes', 'DISTRITO')":{"('0139-S-1999', 0)":"CORDOBA","('0139-S-1999', 1)":null},"('Firmantes', 'BLOQUE')":{"('0139-S-1999', 0)":"JUSTICIALISTA","('0139-S-1999', 1)":null},"('Tramites', 'C\u00c1MARA')":{"('0139-S-1999', 0)":"Senado","('0139-S-1999', 1)":"Senado"},"('Tramites', 'MOVIMIENTO')":{"('0139-S-1999', 0)":"MOCION SOBRE TABLAS (AFIRMATIVA) CONJUNTAMENTE PARA LOS EXPEDIENTES 0139-S-1999, 2426-S-1999 y 0263-S-2000","('0139-S-1999', 1)":"CONSIDERACION Y APROBACION CON MODIFICACIONES CONJUNTAMENTE PARA LOS EXPEDIENTES 0139-S-1999, 2426-S-1999 y 0263-S-2000"},"('Tramites', 'FECHA')":{"('0139-S-1999', 0)":"05\/04\/2000","('0139-S-1999', 1)":"05\/04\/2000"},"('Tramites', 'RESULTADO')":{"('0139-S-1999', 0)":null,"('0139-S-1999', 1)":"APROBADO"},"Sumario":{"('0139-S-1999', 0)":"SUSTITUCION DEL ARTICULO 213 (PROCEDIMIENTO PARA LA CONCURRENCIA DEL  JEFE DE GABINETE DE MINISTROS).","('0139-S-1999', 1)":null},"Palabra Clave":{"('0139-S-1999', 0)":" ","('0139-S-1999', 1)":null}}