{"Tipo de Proyecto":{"('0141-S-1999', 0)":"PROYECTO DE RESOLUCI\u00d3N","('0141-S-1999', 1)":null,"('0141-S-1999', 2)":null,"('0141-S-1999', 3)":null,"('0141-S-1999', 4)":null,"('0141-S-1999', 5)":null},"Iniciado en: ":{"('0141-S-1999', 0)":"Senado","('0141-S-1999', 1)":null,"('0141-S-1999', 2)":null,"('0141-S-1999', 3)":null,"('0141-S-1999', 4)":null,"('0141-S-1999', 5)":null},"Expediente Diputados: ":{"('0141-S-1999', 0)":"0141-S-1999","('0141-S-1999', 1)":null,"('0141-S-1999', 2)":null,"('0141-S-1999', 3)":null,"('0141-S-1999', 4)":null,"('0141-S-1999', 5)":null},"Expediente Senado: ":{"('0141-S-1999', 0)":"0741-OV-1998","('0141-S-1999', 1)":null,"('0141-S-1999', 2)":null,"('0141-S-1999', 3)":null,"('0141-S-1999', 4)":null,"('0141-S-1999', 5)":null},"Fecha: ":{"('0141-S-1999', 0)":"23\/08\/1999","('0141-S-1999', 1)":null,"('0141-S-1999', 2)":null,"('0141-S-1999', 3)":null,"('0141-S-1999', 4)":null,"('0141-S-1999', 5)":null},"T\u00edtulo":{"('0141-S-1999', 0)":"RESOLUCION REMITIDA POR LA AUDITORIA GENERAL DE LA NACION SOBRE LA COMISION NACIONAL DE COMUNICACIONES.","('0141-S-1999', 1)":null,"('0141-S-1999', 2)":null,"('0141-S-1999', 3)":null,"('0141-S-1999', 4)":null,"('0141-S-1999', 5)":null},"('Firmantes', 'FIRMANTE')":{"('0141-S-1999', 0)":"PARLAMENTARIA MIXTA REVISORA DE CUENTAS","('0141-S-1999', 1)":null,"('0141-S-1999', 2)":null,"('0141-S-1999', 3)":null,"('0141-S-1999', 4)":null,"('0141-S-1999', 5)":null},"('Firmantes', 'DISTRITO')":{"('0141-S-1999', 0)":null,"('0141-S-1999', 1)":null,"('0141-S-1999', 2)":null,"('0141-S-1999', 3)":null,"('0141-S-1999', 4)":null,"('0141-S-1999', 5)":null},"('Firmantes', 'BLOQUE')":{"('0141-S-1999', 0)":null,"('0141-S-1999', 1)":null,"('0141-S-1999', 2)":null,"('0141-S-1999', 3)":null,"('0141-S-1999', 4)":null,"('0141-S-1999', 5)":null},"('Giros', 'COMISI\u00d3N')":{"('0141-S-1999', 0)":"PARLAMENTARIA MIXTA REVISORA DE CUENTAS","('0141-S-1999', 1)":null,"('0141-S-1999', 2)":null,"('0141-S-1999', 3)":null,"('0141-S-1999', 4)":null,"('0141-S-1999', 5)":null},"('Tramites', 'C\u00c1MARA')":{"('0141-S-1999', 0)":"Senado","('0141-S-1999', 1)":"Diputados","('0141-S-1999', 2)":"Diputados","('0141-S-1999', 3)":"Diputados","('0141-S-1999', 4)":"Diputados","('0141-S-1999', 5)":"Diputados"},"('Tramites', 'MOVIMIENTO')":{"('0141-S-1999', 0)":"CONSIDERACION Y APROBACION","('0141-S-1999', 1)":"PASA A DIPUTADOS -","('0141-S-1999', 2)":"CONSIDERACION Y APROBACION","('0141-S-1999', 3)":"CONTESTACION DEL PODER EJECUTIVO NACIONAL - JEFE DE GABINETE DE MINISTROS - (0261-OV-00); GIRADA A LA COMISION RESPECTIVA (BAE 29\/00)","('0141-S-1999', 4)":"CONTESTACION DEL PODER EJECUTIVO NACIONAL - JEFE DE GABINETE DE MINISTROS - (0465-OV-01); GIRADA A LA COMISION RESPECTIVA (BAE 32\/01)","('0141-S-1999', 5)":"VER CONTINUACION DEL TRAMITE EN EXPEDIENTE 0729-OV-01 (ORDEN DEL DIA 177\/03 DEL H SENADO)"},"('Tramites', 'FECHA')":{"('0141-S-1999', 0)":"01\/09\/1999","('0141-S-1999', 1)":null,"('0141-S-1999', 2)":"29\/09\/1999","('0141-S-1999', 3)":"05\/10\/2000","('0141-S-1999', 4)":"24\/10\/2001","('0141-S-1999', 5)":null},"('Tramites', 'RESULTADO')":{"('0141-S-1999', 0)":"APROBADO","('0141-S-1999', 1)":null,"('0141-S-1999', 2)":"APROBADO","('0141-S-1999', 3)":null,"('0141-S-1999', 4)":null,"('0141-S-1999', 5)":null},"Sumario":{"('0141-S-1999', 0)":"DIRIGIRSE AL PODER EJECUTIVO NACIONAL MANIFESTANDO LA NECESIDAD DE QUE LA COMISION NACIONAL DE COMUNICACIONES CUMPLA Y HAGA CUMPLIR LAS NORMATIVAS LEGALES, REGLAMENTARIAS Y CONTRACTUALES CON RESPECTO A LAS LICENCIATARIAS DEL SERVICIO DE TELEFONIA PUBLICA Y AL MISMO TIEMPO SE DETERMINEN LAS RESPONSABILIDADES EMERGENTES EN RELACION A LOS ACTOS OBSERVADOS POR LA AGN EN EL MENCIONADO ORGANISMO.","('0141-S-1999', 1)":null,"('0141-S-1999', 2)":null,"('0141-S-1999', 3)":null,"('0141-S-1999', 4)":null,"('0141-S-1999', 5)":null},"Palabra Clave":{"('0141-S-1999', 0)":" ","('0141-S-1999', 1)":null,"('0141-S-1999', 2)":null,"('0141-S-1999', 3)":null,"('0141-S-1999', 4)":null,"('0141-S-1999', 5)":null}}