{"Tipo de Proyecto":{"('0143-S-1999', 0)":"MENSAJE NRO: 0605\/99 Y PROYECTO DE LEY","('0143-S-1999', 1)":null,"('0143-S-1999', 2)":null,"('0143-S-1999', 3)":null},"Iniciado en: ":{"('0143-S-1999', 0)":"Senado","('0143-S-1999', 1)":null,"('0143-S-1999', 2)":null,"('0143-S-1999', 3)":null},"Expediente Diputados: ":{"('0143-S-1999', 0)":"0143-S-1999","('0143-S-1999', 1)":null,"('0143-S-1999', 2)":null,"('0143-S-1999', 3)":null},"Expediente Senado: ":{"('0143-S-1999', 0)":"0302-PE-1999","('0143-S-1999', 1)":null,"('0143-S-1999', 2)":null,"('0143-S-1999', 3)":null},"Publicado en: ":{"('0143-S-1999', 0)":"Diario de Asuntos Entrados N\u00b0 48","('0143-S-1999', 1)":null,"('0143-S-1999', 2)":null,"('0143-S-1999', 3)":null},"Fecha: ":{"('0143-S-1999', 0)":"09\/06\/1999","('0143-S-1999', 1)":null,"('0143-S-1999', 2)":null,"('0143-S-1999', 3)":null},"T\u00edtulo":{"('0143-S-1999', 0)":"ACUERDO ENTRE LA REPUBLICA ARGENTINA Y REPUBLICA DE BOLIVIA, SOBRE CONTROLES INTEGRADOS DE FRONTERA, SUSCRIPTO EN BUENOS AIRES EL 16\/02\/1998.","('0143-S-1999', 1)":null,"('0143-S-1999', 2)":null,"('0143-S-1999', 3)":null},"('Firmantes', 'FIRMANTE')":{"('0143-S-1999', 0)":"MENEM, CARLOS SAUL","('0143-S-1999', 1)":"RODRIGUEZ, JORGE","('0143-S-1999', 2)":"CORACH, CARLOS","('0143-S-1999', 3)":"DI TELLA, GUIDO"},"('Firmantes', 'DISTRITO')":{"('0143-S-1999', 0)":null,"('0143-S-1999', 1)":null,"('0143-S-1999', 2)":null,"('0143-S-1999', 3)":null},"('Firmantes', 'BLOQUE')":{"('0143-S-1999', 0)":"PODER EJECUTIVO","('0143-S-1999', 1)":"PODER EJECUTIVO","('0143-S-1999', 2)":"PODER EJECUTIVO","('0143-S-1999', 3)":"PODER EJECUTIVO"},"('Giros', 'COMISI\u00d3N')":{"('0143-S-1999', 0)":"RELACIONES EXTERIORES Y CULTO","('0143-S-1999', 1)":"ECONOMIA","('0143-S-1999', 2)":"POBLACION Y RECURSOS HUMANOS","('0143-S-1999', 3)":null},"('Tramites', 'C\u00c1MARA')":{"('0143-S-1999', 0)":"Senado","('0143-S-1999', 1)":"Diputados","('0143-S-1999', 2)":"Diputados","('0143-S-1999', 3)":"Diputados"},"('Tramites', 'MOVIMIENTO')":{"('0143-S-1999', 0)":"CONSIDERACION Y APROBACION","('0143-S-1999', 1)":"PASA A DIPUTADOS -","('0143-S-1999', 2)":"MOCION SOBRE TABLAS (AFIRMATIVA)","('0143-S-1999', 3)":"CONSIDERACION Y SANCION"},"('Tramites', 'FECHA')":{"('0143-S-1999', 0)":"15\/09\/1999","('0143-S-1999', 1)":null,"('0143-S-1999', 2)":"18\/05\/2000","('0143-S-1999', 3)":"18\/05\/2000"},"('Tramites', 'RESULTADO')":{"('0143-S-1999', 0)":"MEDIA SANCION","('0143-S-1999', 1)":null,"('0143-S-1999', 2)":null,"('0143-S-1999', 3)":"SANCIONADO"},"Sumario":{"('0143-S-1999', 0)":"APROBACION.","('0143-S-1999', 1)":null,"('0143-S-1999', 2)":null,"('0143-S-1999', 3)":null},"Palabra Clave":{"('0143-S-1999', 0)":" ","('0143-S-1999', 1)":null,"('0143-S-1999', 2)":null,"('0143-S-1999', 3)":null}}