{"Tipo de Proyecto":{"('0143-PE-1999', 0)":"MENSAJE NRO: 0244\/99","('0143-PE-1999', 1)":null},"Iniciado en: ":{"('0143-PE-1999', 0)":"Senado","('0143-PE-1999', 1)":null},"Expediente Senado: ":{"('0143-PE-1999', 0)":"0143-PE-1999","('0143-PE-1999', 1)":null},"Publicado en: ":{"('0143-PE-1999', 0)":"DAE S.A. N\u00b0 1","('0143-PE-1999', 1)":null},"Fecha: ":{"('0143-PE-1999', 0)":"19\/03\/1999","('0143-PE-1999', 1)":null},"T\u00edtulo":{"('0143-PE-1999', 0)":"SOLICITA ACUERDO PARA NOMBRAR FISCAL DE LA PROCURACION GENERAL DE LA NACION, EN LOS TERMINOS DEL ARTICULO 13 DE LA LEY 24946, AL DOCTOR FERNANDO ENRIQUE TORRES.","('0143-PE-1999', 1)":null},"('Firmantes', 'FIRMANTE')":{"('0143-PE-1999', 0)":"MENEM, CARLOS SAUL","('0143-PE-1999', 1)":"GRANILLO OCAMPO, RAUL"},"('Firmantes', 'DISTRITO')":{"('0143-PE-1999', 0)":null,"('0143-PE-1999', 1)":null},"('Firmantes', 'BLOQUE')":{"('0143-PE-1999', 0)":"PODER EJECUTIVO","('0143-PE-1999', 1)":"PODER EJECUTIVO"},"('Tramites', 'C\u00c1MARA')":{"('0143-PE-1999', 0)":"Senado","('0143-PE-1999', 1)":null},"('Tramites', 'MOVIMIENTO')":{"('0143-PE-1999', 0)":"CONSIDERACION Y APROBACION","('0143-PE-1999', 1)":null},"('Tramites', 'FECHA')":{"('0143-PE-1999', 0)":"14\/07\/1999","('0143-PE-1999', 1)":null},"('Tramites', 'RESULTADO')":{"('0143-PE-1999', 0)":"APROBADO","('0143-PE-1999', 1)":null},"Palabra Clave":{"('0143-PE-1999', 0)":" ","('0143-PE-1999', 1)":null}}