{"Tipo de Proyecto":{"('0144-S-1999', 0)":"PROYECTO DE LEY"},"Iniciado en: ":{"('0144-S-1999', 0)":"Senado"},"Expediente Senado: ":{"('0144-S-1999', 0)":"0144-S-1999"},"Publicado en: ":{"('0144-S-1999', 0)":"Diario de Asuntos Entrados N\u00b0 8"},"Fecha: ":{"('0144-S-1999', 0)":"15\/03\/1999"},"T\u00edtulo":{"('0144-S-1999', 0)":"PUBLICACION DE LA DECLARACION JURADA DEL IMPUESTO A LAS GANANCIAS Y   DEL IMPUESTO SOBRE LOS BIENES PERSONALES CORRESPONDIENTE A   FUNCIONARIOS Y MAGISTRADOS ELECTIVOS O NO (REPRODUCCION DEL EXPEDIENTE 0581-S-96)."},"('Firmantes', 'FIRMANTE')":{"('0144-S-1999', 0)":"DE LA SOTA, JOSE MANUEL"},"('Firmantes', 'DISTRITO')":{"('0144-S-1999', 0)":"CORDOBA"},"('Firmantes', 'BLOQUE')":{"('0144-S-1999', 0)":"JUSTICIALISTA"},"Sumario":{"('0144-S-1999', 0)":"QUEDAN INCLUIDOS EN LA PRESENTE LEY LOS FUNCIONARIOS Y MAGISTRADOS   DEL PODER EJECUTIVO, PODER LEGISLATIVO, DEFENSOR DEL PUEBLO,   PRESIDENTE DE LA AUDITORIA GENERAL DE LA NACION Y PODER JUDICIAL;   MANTENIMIENTO DE LAS MISMAS DURANTE LA PERMANENCIA EN EL CARGO;   LEGALIZACION; PENALIDADES POR OMISION O FALSEDAD; ARCHIVO."},"Palabra Clave":{"('0144-S-1999', 0)":" "}}