{"Tipo de Proyecto":{"('0148-S-1999', 0)":"MENSAJE NRO: 0461\/99 Y PROYECTO DE LEY","('0148-S-1999', 1)":null,"('0148-S-1999', 2)":null,"('0148-S-1999', 3)":null},"Iniciado en: ":{"('0148-S-1999', 0)":"Senado","('0148-S-1999', 1)":null,"('0148-S-1999', 2)":null,"('0148-S-1999', 3)":null},"Expediente Diputados: ":{"('0148-S-1999', 0)":"0148-S-1999","('0148-S-1999', 1)":null,"('0148-S-1999', 2)":null,"('0148-S-1999', 3)":null},"Expediente Senado: ":{"('0148-S-1999', 0)":"0254-PE-1999","('0148-S-1999', 1)":null,"('0148-S-1999', 2)":null,"('0148-S-1999', 3)":null},"Publicado en: ":{"('0148-S-1999', 0)":"Diario de Asuntos Entrados N\u00b0 34","('0148-S-1999', 1)":null,"('0148-S-1999', 2)":null,"('0148-S-1999', 3)":null},"Fecha: ":{"('0148-S-1999', 0)":"10\/05\/1999","('0148-S-1999', 1)":null,"('0148-S-1999', 2)":null,"('0148-S-1999', 3)":null},"T\u00edtulo":{"('0148-S-1999', 0)":"CONVENIO DE COOPERACION CULTURAL ENTRE LA REPUBLICA ARGENTINA Y LA REPUBLICA ITALIANA.","('0148-S-1999', 1)":null,"('0148-S-1999', 2)":null,"('0148-S-1999', 3)":null},"('Firmantes', 'FIRMANTE')":{"('0148-S-1999', 0)":"MENEM, CARLOS SAUL","('0148-S-1999', 1)":"RODRIGUEZ, JORGE","('0148-S-1999', 2)":"DI TELLA, GUIDO","('0148-S-1999', 3)":null},"('Firmantes', 'DISTRITO')":{"('0148-S-1999', 0)":null,"('0148-S-1999', 1)":null,"('0148-S-1999', 2)":null,"('0148-S-1999', 3)":null},"('Firmantes', 'BLOQUE')":{"('0148-S-1999', 0)":"PODER EJECUTIVO","('0148-S-1999', 1)":"PODER EJECUTIVO","('0148-S-1999', 2)":"PODER EJECUTIVO","('0148-S-1999', 3)":null},"('Giros', 'COMISI\u00d3N')":{"('0148-S-1999', 0)":"RELACIONES EXTERIORES Y CULTO","('0148-S-1999', 1)":"CULTURA","('0148-S-1999', 2)":null,"('0148-S-1999', 3)":null},"('Tramites', 'C\u00c1MARA')":{"('0148-S-1999', 0)":"Senado","('0148-S-1999', 1)":"Diputados","('0148-S-1999', 2)":"Diputados","('0148-S-1999', 3)":"Diputados"},"('Tramites', 'MOVIMIENTO')":{"('0148-S-1999', 0)":"CONSIDERACION Y APROBACION","('0148-S-1999', 1)":"PASA A DIPUTADOS -","('0148-S-1999', 2)":"MOCION SOBRE TABLAS (AFIRMATIVA)","('0148-S-1999', 3)":"CONSIDERACION Y SANCION"},"('Tramites', 'FECHA')":{"('0148-S-1999', 0)":"15\/09\/1999","('0148-S-1999', 1)":null,"('0148-S-1999', 2)":"18\/05\/2000","('0148-S-1999', 3)":"18\/05\/2000"},"('Tramites', 'RESULTADO')":{"('0148-S-1999', 0)":"MEDIA SANCION","('0148-S-1999', 1)":null,"('0148-S-1999', 2)":null,"('0148-S-1999', 3)":"SANCIONADO"},"Sumario":{"('0148-S-1999', 0)":"APROBACION DEL MISMO SUSCRIPTO EN BUENOS AIRES EL 6 DE ABRIL DE 1998.","('0148-S-1999', 1)":null,"('0148-S-1999', 2)":null,"('0148-S-1999', 3)":null},"Palabra Clave":{"('0148-S-1999', 0)":" ","('0148-S-1999', 1)":null,"('0148-S-1999', 2)":null,"('0148-S-1999', 3)":null}}