{"Tipo de Proyecto":{"('0149-S-1999', 0)":"COMUNICACION"},"Iniciado en: ":{"('0149-S-1999', 0)":"Senado"},"Expediente Senado: ":{"('0149-S-1999', 0)":"0149-S-1999"},"Publicado en: ":{"('0149-S-1999', 0)":"Diario de Asuntos Entrados N\u00b0 9"},"Fecha: ":{"('0149-S-1999', 0)":"16\/03\/1999"},"T\u00edtulo":{"('0149-S-1999', 0)":"PEDIDO DE INFORMES: SOBRE EL LLAMADO A CONCURSO PARA LA ADJUDICACION DE SERVICIOS DE RADIODIFUSION EN FM."},"('Firmantes', 'FIRMANTE')":{"('0149-S-1999', 0)":"BERHONGARAY, ANTONIO TOMAS"},"('Firmantes', 'DISTRITO')":{"('0149-S-1999', 0)":"LA PAMPA"},"('Firmantes', 'BLOQUE')":{"('0149-S-1999', 0)":"UCR"},"('Tramites', 'C\u00c1MARA')":{"('0149-S-1999', 0)":"Senado"},"('Tramites', 'MOVIMIENTO')":{"('0149-S-1999', 0)":"CONSIDERACION Y APROBACION"},"('Tramites', 'FECHA')":{"('0149-S-1999', 0)":"12\/04\/2000"},"('Tramites', 'RESULTADO')":{"('0149-S-1999', 0)":"APROBADO"},"Sumario":{"('0149-S-1999', 0)":"SOLICITUD AL PODER EJECUTIVO NACIONAL."},"Palabra Clave":{"('0149-S-1999', 0)":" "}}