{"Tipo de Proyecto":{"('0150-S-1999', 0)":"MENSAJE NRO: 0837\/99 Y PROYECTO DE LEY","('0150-S-1999', 1)":null,"('0150-S-1999', 2)":null,"('0150-S-1999', 3)":null,"('0150-S-1999', 4)":null},"Iniciado en: ":{"('0150-S-1999', 0)":"Senado","('0150-S-1999', 1)":null,"('0150-S-1999', 2)":null,"('0150-S-1999', 3)":null,"('0150-S-1999', 4)":null},"Expediente Diputados: ":{"('0150-S-1999', 0)":"0150-S-1999","('0150-S-1999', 1)":null,"('0150-S-1999', 2)":null,"('0150-S-1999', 3)":null,"('0150-S-1999', 4)":null},"Expediente Senado: ":{"('0150-S-1999', 0)":"0405-PE-1999","('0150-S-1999', 1)":null,"('0150-S-1999', 2)":null,"('0150-S-1999', 3)":null,"('0150-S-1999', 4)":null},"Publicado en: ":{"('0150-S-1999', 0)":"Diario de Asuntos Entrados N\u00b0 71","('0150-S-1999', 1)":null,"('0150-S-1999', 2)":null,"('0150-S-1999', 3)":null,"('0150-S-1999', 4)":null},"Fecha: ":{"('0150-S-1999', 0)":"03\/08\/1999","('0150-S-1999', 1)":null,"('0150-S-1999', 2)":null,"('0150-S-1999', 3)":null,"('0150-S-1999', 4)":null},"T\u00edtulo":{"('0150-S-1999', 0)":"ACUERDO ENTRE LA REPUBLICA ARGENTINA Y LA REPUBLICA DE CHILE SOBRE COOPERACION EN MATERIA DE CATASTROFES.","('0150-S-1999', 1)":null,"('0150-S-1999', 2)":null,"('0150-S-1999', 3)":null,"('0150-S-1999', 4)":null},"('Firmantes', 'FIRMANTE')":{"('0150-S-1999', 0)":"MENEM, CARLOS SAUL","('0150-S-1999', 1)":"RODRIGUEZ, JORGE","('0150-S-1999', 2)":"CORACH, CARLOS","('0150-S-1999', 3)":"DI TELLA, GUIDO","('0150-S-1999', 4)":"DOMINGUEZ, JORGE"},"('Firmantes', 'DISTRITO')":{"('0150-S-1999', 0)":null,"('0150-S-1999', 1)":null,"('0150-S-1999', 2)":null,"('0150-S-1999', 3)":null,"('0150-S-1999', 4)":null},"('Firmantes', 'BLOQUE')":{"('0150-S-1999', 0)":"PODER EJECUTIVO","('0150-S-1999', 1)":"PODER EJECUTIVO","('0150-S-1999', 2)":"PODER EJECUTIVO","('0150-S-1999', 3)":"PODER EJECUTIVO","('0150-S-1999', 4)":"PODER EJECUTIVO"},"('Giros', 'COMISI\u00d3N')":{"('0150-S-1999', 0)":"RELACIONES EXTERIORES Y CULTO","('0150-S-1999', 1)":"ACCION SOCIAL Y SALUD PUBLICA","('0150-S-1999', 2)":"DEFENSA NACIONAL","('0150-S-1999', 3)":null,"('0150-S-1999', 4)":null},"('Tramites', 'C\u00c1MARA')":{"('0150-S-1999', 0)":"Senado","('0150-S-1999', 1)":"Diputados","('0150-S-1999', 2)":"Diputados","('0150-S-1999', 3)":"Diputados","('0150-S-1999', 4)":"Diputados"},"('Tramites', 'MOVIMIENTO')":{"('0150-S-1999', 0)":"CONSIDERACION Y APROBACION","('0150-S-1999', 1)":"PASA A DIPUTADOS -","('0150-S-1999', 2)":"MOCION APARTAMIENTO DEL REGLAMENTO (AFIRMATIVA)","('0150-S-1999', 3)":"MOCION SOBRE TABLAS (AFIRMATIVA)","('0150-S-1999', 4)":"CONSIDERACION Y SANCION"},"('Tramites', 'FECHA')":{"('0150-S-1999', 0)":"15\/09\/1999","('0150-S-1999', 1)":null,"('0150-S-1999', 2)":"29\/12\/1999","('0150-S-1999', 3)":"29\/12\/1999","('0150-S-1999', 4)":"29\/12\/1999"},"('Tramites', 'RESULTADO')":{"('0150-S-1999', 0)":"MEDIA SANCION","('0150-S-1999', 1)":null,"('0150-S-1999', 2)":null,"('0150-S-1999', 3)":null,"('0150-S-1999', 4)":"SANCIONADO"},"Sumario":{"('0150-S-1999', 0)":"APROBACION DEL MISMO SUSCRIPTO EN SANTIAGO DE CHILE EL 08 DE AGOSTO DE 1997.","('0150-S-1999', 1)":null,"('0150-S-1999', 2)":null,"('0150-S-1999', 3)":null,"('0150-S-1999', 4)":null},"Palabra Clave":{"('0150-S-1999', 0)":" ","('0150-S-1999', 1)":null,"('0150-S-1999', 2)":null,"('0150-S-1999', 3)":null,"('0150-S-1999', 4)":null}}