{"Tipo de Proyecto":{"('0153-S-1999', 0)":"MENSAJE NRO: 0715\/99 Y PROYECTO DE LEY","('0153-S-1999', 1)":null,"('0153-S-1999', 2)":null},"Iniciado en: ":{"('0153-S-1999', 0)":"Senado","('0153-S-1999', 1)":null,"('0153-S-1999', 2)":null},"Expediente Diputados: ":{"('0153-S-1999', 0)":"0153-S-1999","('0153-S-1999', 1)":null,"('0153-S-1999', 2)":null},"Expediente Senado: ":{"('0153-S-1999', 0)":"0360-PE-1999","('0153-S-1999', 1)":null,"('0153-S-1999', 2)":null},"Publicado en: ":{"('0153-S-1999', 0)":"Diario de Asuntos Entrados N\u00b0 63","('0153-S-1999', 1)":null,"('0153-S-1999', 2)":null},"Fecha: ":{"('0153-S-1999', 0)":"12\/07\/1999","('0153-S-1999', 1)":null,"('0153-S-1999', 2)":null},"T\u00edtulo":{"('0153-S-1999', 0)":"ACUERDO DE COOPERACION EN AGRICULTURA Y AGROINDUSTRIA ENTRE EL GOBIERNO DE LA REPUBLICA ARGENTINA Y EL GOBIERNO DE LA REPUBLICA SOCIALISTA DE VIETNAM.","('0153-S-1999', 1)":null,"('0153-S-1999', 2)":null},"('Firmantes', 'FIRMANTE')":{"('0153-S-1999', 0)":"MENEM, CARLOS SAUL","('0153-S-1999', 1)":"RODRIGUEZ, JORGE","('0153-S-1999', 2)":"DI TELLA, GUIDO"},"('Firmantes', 'DISTRITO')":{"('0153-S-1999', 0)":null,"('0153-S-1999', 1)":null,"('0153-S-1999', 2)":null},"('Firmantes', 'BLOQUE')":{"('0153-S-1999', 0)":"PODER EJECUTIVO","('0153-S-1999', 1)":"PODER EJECUTIVO","('0153-S-1999', 2)":"PODER EJECUTIVO"},"('Giros', 'COMISI\u00d3N')":{"('0153-S-1999', 0)":"RELACIONES EXTERIORES Y CULTO","('0153-S-1999', 1)":"AGRICULTURA Y GANADERIA","('0153-S-1999', 2)":null},"('Tramites', 'C\u00c1MARA')":{"('0153-S-1999', 0)":"Senado","('0153-S-1999', 1)":"Diputados","('0153-S-1999', 2)":"Diputados"},"('Tramites', 'MOVIMIENTO')":{"('0153-S-1999', 0)":"CONSIDERACION Y APROBACION","('0153-S-1999', 1)":"PASA A DIPUTADOS -","('0153-S-1999', 2)":"CONSIDERACION Y SANCION"},"('Tramites', 'FECHA')":{"('0153-S-1999', 0)":"15\/09\/1999","('0153-S-1999', 1)":null,"('0153-S-1999', 2)":"06\/07\/2000"},"('Tramites', 'RESULTADO')":{"('0153-S-1999', 0)":"MEDIA SANCION","('0153-S-1999', 1)":null,"('0153-S-1999', 2)":"SANCIONADO"},"Sumario":{"('0153-S-1999', 0)":"APROBACION DEL MISMO SUSCRIPTO EN HANOI EL DIA 17 DE FEBRERO DE 1999.","('0153-S-1999', 1)":null,"('0153-S-1999', 2)":null},"Palabra Clave":{"('0153-S-1999', 0)":" ","('0153-S-1999', 1)":null,"('0153-S-1999', 2)":null}}