{"Tipo de Proyecto":{"('0153-D-1999', 0)":"PROYECTO DE LEY","('0153-D-1999', 1)":null,"('0153-D-1999', 2)":null},"Iniciado en: ":{"('0153-D-1999', 0)":"Diputados","('0153-D-1999', 1)":null,"('0153-D-1999', 2)":null},"Expediente Diputados: ":{"('0153-D-1999', 0)":"0153-D-1999","('0153-D-1999', 1)":null,"('0153-D-1999', 2)":null},"Publicado en: ":{"('0153-D-1999', 0)":"Tr\u00e1mite Parlamentario N\u00b0 2","('0153-D-1999', 1)":null,"('0153-D-1999', 2)":null},"Fecha: ":{"('0153-D-1999', 0)":"02\/03\/1999","('0153-D-1999', 1)":null,"('0153-D-1999', 2)":null},"T\u00edtulo":{"('0153-D-1999', 0)":"DEROGACION DEL DECRETO 197\/97 (NORMALIZACION DEL PAMI) Y MODIFICACION DE LA LEY 19032.","('0153-D-1999', 1)":null,"('0153-D-1999', 2)":null},"('Firmantes', 'FIRMANTE')":{"('0153-D-1999', 0)":"VILLALBA, ALFREDO HORACIO","('0153-D-1999', 1)":null,"('0153-D-1999', 2)":null},"('Firmantes', 'DISTRITO')":{"('0153-D-1999', 0)":"BUENOS AIRES","('0153-D-1999', 1)":null,"('0153-D-1999', 2)":null},"('Firmantes', 'BLOQUE')":{"('0153-D-1999', 0)":"FREPASO","('0153-D-1999', 1)":null,"('0153-D-1999', 2)":null},"('Giros', 'COMISI\u00d3N')":{"('0153-D-1999', 0)":"ACCION SOCIAL Y SALUD PUBLICA","('0153-D-1999', 1)":"TERCERA EDAD","('0153-D-1999', 2)":"PRESUPUESTO Y HACIENDA"},"('Tramites', 'C\u00c1MARA')":{"('0153-D-1999', 0)":"Diputados","('0153-D-1999', 1)":null,"('0153-D-1999', 2)":null},"('Tramites', 'MOVIMIENTO')":{"('0153-D-1999', 0)":"RESOLUCION PRESIDENCIA AMPLIACION DE GIRO A LA COMISION DE PRESUPUESTO Y HACIENDA (BAE 8\/00)","('0153-D-1999', 1)":null,"('0153-D-1999', 2)":null},"('Tramites', 'FECHA')":{"('0153-D-1999', 0)":"27\/04\/2000","('0153-D-1999', 1)":null,"('0153-D-1999', 2)":null},"('Tramites', 'RESULTADO')":{"('0153-D-1999', 0)":null,"('0153-D-1999', 1)":null,"('0153-D-1999', 2)":null},"Sumario":{"('0153-D-1999', 0)":"DESIGNACION DE UN PRESIDENTE PROVISORIO DEL INSTITUTO NACIONAL DE SERVICIOS SOCIALES PARA JUBILADOS Y PENSIONADOS; MODIFICACION DE LOS ARTICULOS 5 (GOBIERNO Y ADMINISTRACION DEL INSSJP) Y 14 BIS (DEBERES Y OBLIGACIONES DEL PERSONAL); CONTRATACIONES POR LICITACION PUBLICA; TRANSFERENCIA DE CREDITOS Y DEUDAS A LA TESORERIA GENERAL DE LA NACION; GARANTIA DEL ESTADO NACIONAL DEL INGRESO ANUAL DEL INSTITUTO; SE DEJAN SIN EFECTO LAS DESIGNACIONES DE FUNCIONARIOS Y ASESORES DISPUESTOS POR PAMI DESDE EL 01\/01\/1995.","('0153-D-1999', 1)":null,"('0153-D-1999', 2)":null},"Palabra Clave":{"('0153-D-1999', 0)":" ","('0153-D-1999', 1)":null,"('0153-D-1999', 2)":null}}