{"Tipo de Proyecto":{"('0154-S-1999', 0)":"PROYECTO DE LEY","('0154-S-1999', 1)":null},"Iniciado en: ":{"('0154-S-1999', 0)":"Senado","('0154-S-1999', 1)":null},"Expediente Diputados: ":{"('0154-S-1999', 0)":"0154-S-1999","('0154-S-1999', 1)":null},"Expediente Senado: ":{"('0154-S-1999', 0)":"0869-S-1999","('0154-S-1999', 1)":null},"Publicado en: ":{"('0154-S-1999', 0)":"Diario de Asuntos Entrados N\u00b0 47","('0154-S-1999', 1)":null},"Fecha: ":{"('0154-S-1999', 0)":"08\/06\/1999","('0154-S-1999', 1)":null},"T\u00edtulo":{"('0154-S-1999', 0)":"DEROGACION DEL DECRETO 591\/99 DE EMERGENCIA PESQUERA.","('0154-S-1999', 1)":null},"('Firmantes', 'FIRMANTE')":{"('0154-S-1999', 0)":"SALA, OSVALDO RUBEN","('0154-S-1999', 1)":null},"('Firmantes', 'DISTRITO')":{"('0154-S-1999', 0)":"CHUBUT","('0154-S-1999', 1)":null},"('Firmantes', 'BLOQUE')":{"('0154-S-1999', 0)":"JUSTICIALISTA","('0154-S-1999', 1)":null},"('Giros', 'COMISI\u00d3N')":{"('0154-S-1999', 0)":"INTERESES MARITIMOS, FLUVIALES, PESQUEROS Y PORTUARIOS","('0154-S-1999', 1)":"ASUNTOS CONSTITUCIONALES"},"('Tramites', 'C\u00c1MARA')":{"('0154-S-1999', 0)":"Senado","('0154-S-1999', 1)":"Diputados"},"('Tramites', 'MOVIMIENTO')":{"('0154-S-1999', 0)":"CONSIDERACION Y APROBACION CONJUNTAMENTE PARA LOS EXPEDIENTES 0154-S-1999, 0869-S-1999 y 0907-S-1999","('0154-S-1999', 1)":"PASA A DIPUTADOS - CONJUNTAMENTE PARA LOS EXPEDIENTES 0154-S-1999, 0869-S-1999 y 0907-S-1999"},"('Tramites', 'FECHA')":{"('0154-S-1999', 0)":"15\/09\/1999","('0154-S-1999', 1)":null},"('Tramites', 'RESULTADO')":{"('0154-S-1999', 0)":"MEDIA SANCION","('0154-S-1999', 1)":null},"Link":{"('0154-S-1999', 0)":"http:\/\/www.senado.gov.ar\/parlamentario\/comisiones\/verExp\/869.99\/S\/PL","('0154-S-1999', 1)":null},"Palabra Clave":{"('0154-S-1999', 0)":" ","('0154-S-1999', 1)":null}}