{"Tipo de Proyecto":{"('0155-S-1999', 0)":"PROYECTO DE LEY"},"Iniciado en: ":{"('0155-S-1999', 0)":"Senado"},"Expediente Senado: ":{"('0155-S-1999', 0)":"0155-S-1999"},"Publicado en: ":{"('0155-S-1999', 0)":"Diario de Asuntos Entrados N\u00b0 9"},"Fecha: ":{"('0155-S-1999', 0)":"16\/03\/1999"},"T\u00edtulo":{"('0155-S-1999', 0)":"MODIFICACION A LA LEY 19373 DE ESTATUTO PARA EL PERSONAL CIVIL DE INTELIGENCIA DEL ESTADO Y DE LAS FUERZAS ARMADAS (REPRODUCCION DEL EXPEDIENTE 1184-S-97)."},"('Firmantes', 'FIRMANTE')":{"('0155-S-1999', 0)":"BERHONGARAY, ANTONIO TOMAS"},"('Firmantes', 'DISTRITO')":{"('0155-S-1999', 0)":"LA PAMPA"},"('Firmantes', 'BLOQUE')":{"('0155-S-1999', 0)":"UCR"},"Sumario":{"('0155-S-1999', 0)":"INCORPORACION DEL ARTICULO 10 BIS Y DE PARRAFOS A LOS ARTICULOS 9 Y 10"},"Palabra Clave":{"('0155-S-1999', 0)":" "}}