{"Tipo de Proyecto":{"('0159-S-1999', 0)":"PROYECTO DE LEY"},"Iniciado en: ":{"('0159-S-1999', 0)":"Senado"},"Expediente Senado: ":{"('0159-S-1999', 0)":"0159-S-1999"},"Publicado en: ":{"('0159-S-1999', 0)":"Diario de Asuntos Entrados N\u00b0 9"},"Fecha: ":{"('0159-S-1999', 0)":"16\/03\/1999"},"T\u00edtulo":{"('0159-S-1999', 0)":"MODIFICACION A LA LEY 19349 ORGANICA DE LA GENDARMERIA NACIONAL (REPRODUCCION DEL EXPEDIENTE 2130-S-97)."},"('Firmantes', 'FIRMANTE')":{"('0159-S-1999', 0)":"BERHONGARAY, ANTONIO TOMAS"},"('Firmantes', 'DISTRITO')":{"('0159-S-1999', 0)":"LA PAMPA"},"('Firmantes', 'BLOQUE')":{"('0159-S-1999', 0)":"UCR"},"Sumario":{"('0159-S-1999', 0)":"SUSTITUCION DE LOS ARTICULOS 3 Y 5 AUTORIZANDO AL PERSONAL DE ESTA FUERZA A SALIR DEL PAIS EN CUMPLIMIENTO DE MISIONES."},"Palabra Clave":{"('0159-S-1999', 0)":" "}}