{"Tipo de Proyecto":{"('0160-S-1999', 0)":"PROYECTO DE LEY"},"Iniciado en: ":{"('0160-S-1999', 0)":"Senado"},"Expediente Senado: ":{"('0160-S-1999', 0)":"0160-S-1999"},"Publicado en: ":{"('0160-S-1999', 0)":"Diario de Asuntos Entrados N\u00b0 9"},"Fecha: ":{"('0160-S-1999', 0)":"16\/03\/1999"},"T\u00edtulo":{"('0160-S-1999', 0)":"LEY DE POLICIA JUDICIAL FEDERAL (REPRODUCCION DEL EXPEDIENTE 2375-S-97)."},"('Firmantes', 'FIRMANTE')":{"('0160-S-1999', 0)":"BERHONGARAY, ANTONIO TOMAS"},"('Firmantes', 'DISTRITO')":{"('0160-S-1999', 0)":"LA PAMPA"},"('Firmantes', 'BLOQUE')":{"('0160-S-1999', 0)":"UCR"},"Sumario":{"('0160-S-1999', 0)":"FUNCION DE LA POLICIA JUDICIAL EN EL FUERO FEDERAL; UNIDADES DE POLICIA JUDICIAL FEDERAL; ACTUACION; FONDOS."},"Palabra Clave":{"('0160-S-1999', 0)":" "}}