{"Tipo de Proyecto":{"('0161-D-1999', 0)":"PROYECTO DE RESOLUCI\u00d3N","('0161-D-1999', 1)":null},"Iniciado en: ":{"('0161-D-1999', 0)":"Diputados","('0161-D-1999', 1)":null},"Expediente Diputados: ":{"('0161-D-1999', 0)":"0161-D-1999","('0161-D-1999', 1)":null},"Publicado en: ":{"('0161-D-1999', 0)":"Tr\u00e1mite Parlamentario N\u00b0 2","('0161-D-1999', 1)":null},"Fecha: ":{"('0161-D-1999', 0)":"02\/03\/1999","('0161-D-1999', 1)":null},"T\u00edtulo":{"('0161-D-1999', 0)":"EXIMIR DEL PAGO DE LAS TASAS ESTABLECIDAS EN LA LEY 17671 QUE PERCIBE EL REGISTRO NACIONAL DE LAS PERSONAS, POR TRAMITES REFERENTES AL DNI EN TODA LA JURISDICCION DE LA PROVINCIA DE CORRIENTES.","('0161-D-1999', 1)":null},"('Firmantes', 'FIRMANTE')":{"('0161-D-1999', 0)":"PANDO, ANA MARIA","('0161-D-1999', 1)":"DIAZ COLODRERO, LUIS MARIA"},"('Firmantes', 'DISTRITO')":{"('0161-D-1999', 0)":"CORRIENTES","('0161-D-1999', 1)":"CORRIENTES"},"('Firmantes', 'BLOQUE')":{"('0161-D-1999', 0)":"LIBERAL","('0161-D-1999', 1)":"LIBERAL"},"('Giros', 'COMISI\u00d3N')":{"('0161-D-1999', 0)":"POBLACION Y RECURSOS HUMANOS","('0161-D-1999', 1)":null},"Sumario":{"('0161-D-1999', 0)":"SOLICITUD AL PODER EJECUTIVO NACIONAL.","('0161-D-1999', 1)":null},"Palabra Clave":{"('0161-D-1999', 0)":" ","('0161-D-1999', 1)":null}}