{"Tipo de Proyecto":{"('0164-D-1999', 0)":"PROYECTO DE DECLARACI\u00d3N","('0164-D-1999', 1)":null},"Iniciado en: ":{"('0164-D-1999', 0)":"Diputados","('0164-D-1999', 1)":null},"Expediente Diputados: ":{"('0164-D-1999', 0)":"0164-D-1999","('0164-D-1999', 1)":null},"Publicado en: ":{"('0164-D-1999', 0)":"Tr\u00e1mite Parlamentario N\u00b0 2","('0164-D-1999', 1)":null},"Fecha: ":{"('0164-D-1999', 0)":"02\/03\/1999","('0164-D-1999', 1)":null},"T\u00edtulo":{"('0164-D-1999', 0)":"ALLANAMIENTO A LA REDACCION Y DEPENDENCIAS DEL DIARIO 'EL LIBERTADOR' DE LA PROVINCIA DE CORRIENTES.","('0164-D-1999', 1)":null},"('Firmantes', 'FIRMANTE')":{"('0164-D-1999', 0)":"PANDO, ANA MARIA","('0164-D-1999', 1)":"DIAZ COLODRERO, LUIS MARIA"},"('Firmantes', 'DISTRITO')":{"('0164-D-1999', 0)":"CORRIENTES","('0164-D-1999', 1)":"CORRIENTES"},"('Firmantes', 'BLOQUE')":{"('0164-D-1999', 0)":"LIBERAL","('0164-D-1999', 1)":"LIBERAL"},"('Giros', 'COMISI\u00d3N')":{"('0164-D-1999', 0)":"LIBERTAD DE EXPRESION","('0164-D-1999', 1)":null},"('Tramites', 'C\u00c1MARA')":{"('0164-D-1999', 0)":"Diputados","('0164-D-1999', 1)":null},"('Tramites', 'MOVIMIENTO')":{"('0164-D-1999', 0)":"CONSIDERACION Y APROBACION","('0164-D-1999', 1)":null},"('Tramites', 'FECHA')":{"('0164-D-1999', 0)":"16\/06\/1999","('0164-D-1999', 1)":null},"('Tramites', 'RESULTADO')":{"('0164-D-1999', 0)":"APROBADO","('0164-D-1999', 1)":null},"Sumario":{"('0164-D-1999', 0)":"EXPRESION DE REPUDIO.","('0164-D-1999', 1)":null},"Palabra Clave":{"('0164-D-1999', 0)":" ","('0164-D-1999', 1)":null}}