{"Tipo de Proyecto":{"('0166-S-1999', 0)":"PROYECTO DE LEY","('0166-S-1999', 1)":null,"('0166-S-1999', 2)":null},"Iniciado en: ":{"('0166-S-1999', 0)":"Senado","('0166-S-1999', 1)":null,"('0166-S-1999', 2)":null},"Expediente Diputados: ":{"('0166-S-1999', 0)":"0166-S-1999","('0166-S-1999', 1)":null,"('0166-S-1999', 2)":null},"Expediente Senado: ":{"('0166-S-1999', 0)":"0458-S-1999","('0166-S-1999', 1)":null,"('0166-S-1999', 2)":null},"Publicado en: ":{"('0166-S-1999', 0)":"Diario de Asuntos Entrados N\u00b0 23","('0166-S-1999', 1)":null,"('0166-S-1999', 2)":null},"Fecha: ":{"('0166-S-1999', 0)":"15\/04\/1999","('0166-S-1999', 1)":null,"('0166-S-1999', 2)":null},"T\u00edtulo":{"('0166-S-1999', 0)":"DECLARAR MONUMENTO HISTORICO NACIONAL AL CONJUNTO DE MOLINOS Y CONSTRUCCIONES ANEXAS CONOCIDOS CON LOS NOMBRES DE \"MOLINO DE LA FAMILIA REYES\", \"SANTA TERESA O DE SARDI\u00d1A\", \"MOLINO DEL ALTO O DE LOS GARCIA\", \"VIEJO MOLINO DE HUACO O DE LOS DOJORTI\", UBICADOS EN LOS DEPARTAMENTOS DE JACHAL Y EL \"ANTIGUO MOLINO ESCOBAR O DE LA IGLESIA\" Y \"VIEJO MOLINO BELLA VISTA\", EN EL DEPARTAMENTO DE  IGLESIA,  PROVINCIA DE SAN JUAN.","('0166-S-1999', 1)":null,"('0166-S-1999', 2)":null},"('Firmantes', 'FIRMANTE')":{"('0166-S-1999', 0)":"GIOJA, JOSE LUIS","('0166-S-1999', 1)":null,"('0166-S-1999', 2)":null},"('Firmantes', 'DISTRITO')":{"('0166-S-1999', 0)":"SAN JUAN","('0166-S-1999', 1)":null,"('0166-S-1999', 2)":null},"('Firmantes', 'BLOQUE')":{"('0166-S-1999', 0)":"JUSTICIALISTA","('0166-S-1999', 1)":null,"('0166-S-1999', 2)":null},"('Giros', 'COMISI\u00d3N')":{"('0166-S-1999', 0)":"CULTURA","('0166-S-1999', 1)":"TURISMO","('0166-S-1999', 2)":null},"('Tramites', 'C\u00c1MARA')":{"('0166-S-1999', 0)":"Senado","('0166-S-1999', 1)":"Diputados","('0166-S-1999', 2)":"Diputados"},"('Tramites', 'MOVIMIENTO')":{"('0166-S-1999', 0)":"CONSIDERACION Y APROBACION","('0166-S-1999', 1)":"PASA A DIPUTADOS -","('0166-S-1999', 2)":"CONSIDERACION Y SANCION"},"('Tramites', 'FECHA')":{"('0166-S-1999', 0)":"15\/09\/1999","('0166-S-1999', 1)":null,"('0166-S-1999', 2)":"13\/07\/2000"},"('Tramites', 'RESULTADO')":{"('0166-S-1999', 0)":"MEDIA SANCION","('0166-S-1999', 1)":null,"('0166-S-1999', 2)":"SANCIONADO"},"Sumario":{"('0166-S-1999', 0)":"LA SECRETARIA DE CULTURA DE LA NACION ADAPTARA LOS RECAUDOS PARA PRESERVAR EL ACERVO HISTORICO Y CULTURAL DE ESTE CONJUNTO, CONFORME A LO ESTABLECIDO POR LA LEY 12665; LA SECRETARIA DE TURISMO SE ENCARGARA DE DIFUNDIR Y PROMOCIONAR ESTE CIRCUITO TURISTICO.","('0166-S-1999', 1)":null,"('0166-S-1999', 2)":null},"Palabra Clave":{"('0166-S-1999', 0)":" ","('0166-S-1999', 1)":null,"('0166-S-1999', 2)":null}}