{"Tipo de Proyecto":{"('0166-D-1999', 0)":"PROYECTO DE LEY","('0166-D-1999', 1)":null,"('0166-D-1999', 2)":null},"Iniciado en: ":{"('0166-D-1999', 0)":"Diputados","('0166-D-1999', 1)":null,"('0166-D-1999', 2)":null},"Expediente Diputados: ":{"('0166-D-1999', 0)":"0166-D-1999","('0166-D-1999', 1)":null,"('0166-D-1999', 2)":null},"Publicado en: ":{"('0166-D-1999', 0)":"Tr\u00e1mite Parlamentario N\u00b0 2","('0166-D-1999', 1)":null,"('0166-D-1999', 2)":null},"Fecha: ":{"('0166-D-1999', 0)":"02\/03\/1999","('0166-D-1999', 1)":null,"('0166-D-1999', 2)":null},"T\u00edtulo":{"('0166-D-1999', 0)":"MODIFICACION A LA LEY 19032 Y SUS MODIFICATORIAS, LEY 22954 Y LEY 23660, DE CREACION DEL INSTITUTO NACIONAL DE SERVICIOS SOCIALES PARA JUBILADOS Y PENSIONADOS (PAMI) (REPRODUCCION DEL EXPEDIENTE 5412-D-97).","('0166-D-1999', 1)":null,"('0166-D-1999', 2)":null},"('Firmantes', 'FIRMANTE')":{"('0166-D-1999', 0)":"CORCHUELO BLASCO, JOSE MANUEL","('0166-D-1999', 1)":null,"('0166-D-1999', 2)":null},"('Firmantes', 'DISTRITO')":{"('0166-D-1999', 0)":"CHUBUT","('0166-D-1999', 1)":null,"('0166-D-1999', 2)":null},"('Firmantes', 'BLOQUE')":{"('0166-D-1999', 0)":"JUSTICIALISTA","('0166-D-1999', 1)":null,"('0166-D-1999', 2)":null},"('Giros', 'COMISI\u00d3N')":{"('0166-D-1999', 0)":"ACCION SOCIAL Y SALUD PUBLICA","('0166-D-1999', 1)":"TERCERA EDAD","('0166-D-1999', 2)":"PRESUPUESTO Y HACIENDA"},"('Tramites', 'C\u00c1MARA')":{"('0166-D-1999', 0)":"Diputados","('0166-D-1999', 1)":null,"('0166-D-1999', 2)":null},"('Tramites', 'MOVIMIENTO')":{"('0166-D-1999', 0)":"REPRODUCIDO POR EXPEDIENTE 1696-D-01 (TP 28)","('0166-D-1999', 1)":null,"('0166-D-1999', 2)":null},"('Tramites', 'FECHA')":{"('0166-D-1999', 0)":null,"('0166-D-1999', 1)":null,"('0166-D-1999', 2)":null},"('Tramites', 'RESULTADO')":{"('0166-D-1999', 0)":null,"('0166-D-1999', 1)":null,"('0166-D-1999', 2)":null},"Sumario":{"('0166-D-1999', 0)":"SUSTITUCION DE LOS ARTICULOS 5 (GOBIERNO Y ADMINISTRACION), 6 (DIRECTORIO) Y 15 (REGLAMENTO DE CONTRATACIONES); ELECCION DIRECTA DE AUTORIDADES.","('0166-D-1999', 1)":null,"('0166-D-1999', 2)":null},"Palabra Clave":{"('0166-D-1999', 0)":" ","('0166-D-1999', 1)":null,"('0166-D-1999', 2)":null}}