{"Tipo de Proyecto":{"('0167-PE-1999', 0)":"MENSAJE NRO: 0323\/99","('0167-PE-1999', 1)":null},"Iniciado en: ":{"('0167-PE-1999', 0)":"Senado","('0167-PE-1999', 1)":null},"Expediente Senado: ":{"('0167-PE-1999', 0)":"0167-PE-1999","('0167-PE-1999', 1)":null},"Publicado en: ":{"('0167-PE-1999', 0)":"DAE S.A. N\u00b0 2","('0167-PE-1999', 1)":null},"Fecha: ":{"('0167-PE-1999', 0)":"08\/04\/1999","('0167-PE-1999', 1)":null},"T\u00edtulo":{"('0167-PE-1999', 0)":"SOLICITA ACUERDO PARA DESIGNAR CONJUECES DE LA CORTE SUPREMA DE JUSTICIA DE LA NACION.","('0167-PE-1999', 1)":null},"('Firmantes', 'FIRMANTE')":{"('0167-PE-1999', 0)":"MENEM, CARLOS SAUL","('0167-PE-1999', 1)":"GRANILLO OCAMPO, RAUL"},"('Firmantes', 'DISTRITO')":{"('0167-PE-1999', 0)":null,"('0167-PE-1999', 1)":null},"('Firmantes', 'BLOQUE')":{"('0167-PE-1999', 0)":"PODER EJECUTIVO","('0167-PE-1999', 1)":"PODER EJECUTIVO"},"('Tramites', 'C\u00c1MARA')":{"('0167-PE-1999', 0)":"Senado","('0167-PE-1999', 1)":null},"('Tramites', 'MOVIMIENTO')":{"('0167-PE-1999', 0)":"CONSIDERACION Y APROBACION","('0167-PE-1999', 1)":null},"('Tramites', 'FECHA')":{"('0167-PE-1999', 0)":"30\/06\/1999","('0167-PE-1999', 1)":null},"('Tramites', 'RESULTADO')":{"('0167-PE-1999', 0)":"APROBADO","('0167-PE-1999', 1)":null},"Sumario":{"('0167-PE-1999', 0)":"A LOS DOCTORES JORGE EDUARDO ANZORREGUY, GUILLERMO ANTONIO BORDA, MARIANO AUGUSTO CAVAGNA MARTINEZ, CARLOS JOSE COLOMBO, JULIO CESAR CUETO RUA, JORGE ENRIQUE DE LA RUA, LUIS FRANCISCO LOZANO, MARIO ALBERTO MOLMENTI, HERMINIO MARIO MORASSO Y EDUARDO ANTONIO ZANNONI.","('0167-PE-1999', 1)":null},"Palabra Clave":{"('0167-PE-1999', 0)":" ","('0167-PE-1999', 1)":null}}