{"Tipo de Proyecto":{"('0167-D-1999', 0)":"PROYECTO DE RESOLUCI\u00d3N","('0167-D-1999', 1)":null,"('0167-D-1999', 2)":null},"Iniciado en: ":{"('0167-D-1999', 0)":"Diputados","('0167-D-1999', 1)":null,"('0167-D-1999', 2)":null},"Expediente Diputados: ":{"('0167-D-1999', 0)":"0167-D-1999","('0167-D-1999', 1)":null,"('0167-D-1999', 2)":null},"Publicado en: ":{"('0167-D-1999', 0)":"Tr\u00e1mite Parlamentario N\u00b0 2","('0167-D-1999', 1)":null,"('0167-D-1999', 2)":null},"Fecha: ":{"('0167-D-1999', 0)":"02\/03\/1999","('0167-D-1999', 1)":null,"('0167-D-1999', 2)":null},"T\u00edtulo":{"('0167-D-1999', 0)":"DECLARAR DE INTERES PARLAMENTARIO EL 'FESTIVAL PROVINCIAL DE TANGO Y FOLCLORE', A REALIZARSE ANUALMENTE EN CHACABUCO, PROVINCIA DE BUENOS AIRES.","('0167-D-1999', 1)":null,"('0167-D-1999', 2)":null},"('Firmantes', 'FIRMANTE')":{"('0167-D-1999', 0)":"CARDESA, ENRIQUE GUSTAVO","('0167-D-1999', 1)":"PARENTELLA, IRMA FIDELA","('0167-D-1999', 2)":"STOLBIZER, MARGARITA ROSA"},"('Firmantes', 'DISTRITO')":{"('0167-D-1999', 0)":"BUENOS AIRES","('0167-D-1999', 1)":"CIUDAD de BUENOS AIRES","('0167-D-1999', 2)":"BUENOS AIRES"},"('Firmantes', 'BLOQUE')":{"('0167-D-1999', 0)":"FREPASO","('0167-D-1999', 1)":"FREPASO","('0167-D-1999', 2)":"UCR"},"('Giros', 'COMISI\u00d3N')":{"('0167-D-1999', 0)":"CULTURA","('0167-D-1999', 1)":null,"('0167-D-1999', 2)":null},"('Tramites', 'C\u00c1MARA')":{"('0167-D-1999', 0)":"Diputados","('0167-D-1999', 1)":null,"('0167-D-1999', 2)":null},"('Tramites', 'MOVIMIENTO')":{"('0167-D-1999', 0)":"CONSIDERACION Y APROBACION","('0167-D-1999', 1)":null,"('0167-D-1999', 2)":null},"('Tramites', 'FECHA')":{"('0167-D-1999', 0)":"12\/05\/1999","('0167-D-1999', 1)":null,"('0167-D-1999', 2)":null},"('Tramites', 'RESULTADO')":{"('0167-D-1999', 0)":"APROBADO","('0167-D-1999', 1)":null,"('0167-D-1999', 2)":null},"Palabra Clave":{"('0167-D-1999', 0)":" ","('0167-D-1999', 1)":null,"('0167-D-1999', 2)":null}}