{"Tipo de Proyecto":{"('0168-D-1999', 0)":"PROYECTO DE DECLARACI\u00d3N","('0168-D-1999', 1)":null,"('0168-D-1999', 2)":null},"Iniciado en: ":{"('0168-D-1999', 0)":"Diputados","('0168-D-1999', 1)":null,"('0168-D-1999', 2)":null},"Expediente Diputados: ":{"('0168-D-1999', 0)":"0168-D-1999","('0168-D-1999', 1)":null,"('0168-D-1999', 2)":null},"Publicado en: ":{"('0168-D-1999', 0)":"Tr\u00e1mite Parlamentario N\u00b0 2","('0168-D-1999', 1)":null,"('0168-D-1999', 2)":null},"Fecha: ":{"('0168-D-1999', 0)":"02\/03\/1999","('0168-D-1999', 1)":null,"('0168-D-1999', 2)":null},"T\u00edtulo":{"('0168-D-1999', 0)":"DECLARAR DE INTERES NACIONAL EL 'FESTIVAL PROVINCIAL DE TANGO Y FOLCLORE', A REALIZARSE ANUALMENTE EN CHACABUCO, PROVINCIA DE BUENOS AIRES.","('0168-D-1999', 1)":null,"('0168-D-1999', 2)":null},"('Firmantes', 'FIRMANTE')":{"('0168-D-1999', 0)":"CARDESA, ENRIQUE GUSTAVO","('0168-D-1999', 1)":"PARENTELLA, IRMA FIDELA","('0168-D-1999', 2)":"STOLBIZER, MARGARITA ROSA"},"('Firmantes', 'DISTRITO')":{"('0168-D-1999', 0)":"BUENOS AIRES","('0168-D-1999', 1)":"CIUDAD de BUENOS AIRES","('0168-D-1999', 2)":"BUENOS AIRES"},"('Firmantes', 'BLOQUE')":{"('0168-D-1999', 0)":"FREPASO","('0168-D-1999', 1)":"FREPASO","('0168-D-1999', 2)":"UCR"},"('Giros', 'COMISI\u00d3N')":{"('0168-D-1999', 0)":"CULTURA","('0168-D-1999', 1)":null,"('0168-D-1999', 2)":null},"('Tramites', 'C\u00c1MARA')":{"('0168-D-1999', 0)":"Diputados","('0168-D-1999', 1)":"Diputados","('0168-D-1999', 2)":null},"('Tramites', 'MOVIMIENTO')":{"('0168-D-1999', 0)":"CONSIDERACION Y APROBACION","('0168-D-1999', 1)":"CONTESTACION DEL PODER EJECUTIVO NACIONAL - JEFE DE GABINETE DE MINISTROS - (0068-OV-00); GIRADA A LA COMISION RESPECTIVA (BAE 12\/00)","('0168-D-1999', 2)":null},"('Tramites', 'FECHA')":{"('0168-D-1999', 0)":"12\/05\/1999","('0168-D-1999', 1)":null,"('0168-D-1999', 2)":null},"('Tramites', 'RESULTADO')":{"('0168-D-1999', 0)":"APROBADO","('0168-D-1999', 1)":null,"('0168-D-1999', 2)":null},"Sumario":{"('0168-D-1999', 0)":"SOLICITUD AL PODER EJECUTIVO NACIONAL.","('0168-D-1999', 1)":null,"('0168-D-1999', 2)":null},"Palabra Clave":{"('0168-D-1999', 0)":" ","('0168-D-1999', 1)":null,"('0168-D-1999', 2)":null}}