{"Tipo de Proyecto":{"('0168-S-1999', 0)":"COMUNICACION","('0168-S-1999', 1)":null,"('0168-S-1999', 2)":null,"('0168-S-1999', 3)":null,"('0168-S-1999', 4)":null,"('0168-S-1999', 5)":null},"Iniciado en: ":{"('0168-S-1999', 0)":"Senado","('0168-S-1999', 1)":null,"('0168-S-1999', 2)":null,"('0168-S-1999', 3)":null,"('0168-S-1999', 4)":null,"('0168-S-1999', 5)":null},"Expediente Senado: ":{"('0168-S-1999', 0)":"0168-S-1999","('0168-S-1999', 1)":null,"('0168-S-1999', 2)":null,"('0168-S-1999', 3)":null,"('0168-S-1999', 4)":null,"('0168-S-1999', 5)":null},"Publicado en: ":{"('0168-S-1999', 0)":"Diario de Asuntos Entrados N\u00b0 9","('0168-S-1999', 1)":null,"('0168-S-1999', 2)":null,"('0168-S-1999', 3)":null,"('0168-S-1999', 4)":null,"('0168-S-1999', 5)":null},"Fecha: ":{"('0168-S-1999', 0)":"16\/03\/1999","('0168-S-1999', 1)":null,"('0168-S-1999', 2)":null,"('0168-S-1999', 3)":null,"('0168-S-1999', 4)":null,"('0168-S-1999', 5)":null},"T\u00edtulo":{"('0168-S-1999', 0)":"IMPULSAR LA EDICION DE UNA CARTILLA SOBRE LOS CIRCUITOS INTEGRADOS DE TURISMO Y PARQUES NACIONALES DEL MERCOSUR.","('0168-S-1999', 1)":null,"('0168-S-1999', 2)":null,"('0168-S-1999', 3)":null,"('0168-S-1999', 4)":null,"('0168-S-1999', 5)":null},"('Firmantes', 'FIRMANTE')":{"('0168-S-1999', 0)":"GIOJA, JOSE LUIS","('0168-S-1999', 1)":"BAUZA, EDUARDO","('0168-S-1999', 2)":"DE LA ROSA, CARLOS LEONARDO","('0168-S-1999', 3)":"USANDIZAGA, HORACIO DANIEL","('0168-S-1999', 4)":"ALASINO, AUGUSTO JOSE M.","('0168-S-1999', 5)":"OUDIN, ERNESTO RENE"},"('Firmantes', 'DISTRITO')":{"('0168-S-1999', 0)":"SAN JUAN","('0168-S-1999', 1)":"MENDOZA","('0168-S-1999', 2)":"MENDOZA","('0168-S-1999', 3)":"SANTA FE","('0168-S-1999', 4)":"ENTRE RIOS","('0168-S-1999', 5)":"MISIONES"},"('Firmantes', 'BLOQUE')":{"('0168-S-1999', 0)":"JUSTICIALISTA","('0168-S-1999', 1)":"JUSTICIALISTA","('0168-S-1999', 2)":"JUSTICIALISTA","('0168-S-1999', 3)":"UCR","('0168-S-1999', 4)":"JUSTICIALISTA","('0168-S-1999', 5)":"JUSTICIALISTA"},"('Tramites', 'C\u00c1MARA')":{"('0168-S-1999', 0)":"Senado","('0168-S-1999', 1)":"Senado","('0168-S-1999', 2)":"Senado","('0168-S-1999', 3)":null,"('0168-S-1999', 4)":null,"('0168-S-1999', 5)":null},"('Tramites', 'MOVIMIENTO')":{"('0168-S-1999', 0)":"CONSIDERACION Y APROBACION","('0168-S-1999', 1)":"CONTESTACION DEL PODER EJECUTIVO NACIONAL - (607-PE-99); GIRADA A LA COMISION RESPECTIVA","('0168-S-1999', 2)":"CONTESTACION DEL PODER EJECUTIVO NACIONAL - (864-PE-99); GIRADA A LA COMISION RESPECTIVA","('0168-S-1999', 3)":null,"('0168-S-1999', 4)":null,"('0168-S-1999', 5)":null},"('Tramites', 'FECHA')":{"('0168-S-1999', 0)":"25\/08\/1999","('0168-S-1999', 1)":null,"('0168-S-1999', 2)":null,"('0168-S-1999', 3)":null,"('0168-S-1999', 4)":null,"('0168-S-1999', 5)":null},"('Tramites', 'RESULTADO')":{"('0168-S-1999', 0)":"APROBADO","('0168-S-1999', 1)":null,"('0168-S-1999', 2)":null,"('0168-S-1999', 3)":null,"('0168-S-1999', 4)":null,"('0168-S-1999', 5)":null},"Sumario":{"('0168-S-1999', 0)":"SOLICITUD AL PODER EJECUTIVO NACIONAL.","('0168-S-1999', 1)":null,"('0168-S-1999', 2)":null,"('0168-S-1999', 3)":null,"('0168-S-1999', 4)":null,"('0168-S-1999', 5)":null},"Palabra Clave":{"('0168-S-1999', 0)":" ","('0168-S-1999', 1)":null,"('0168-S-1999', 2)":null,"('0168-S-1999', 3)":null,"('0168-S-1999', 4)":null,"('0168-S-1999', 5)":null}}