{"Tipo de Proyecto":{"('0169-S-1999', 0)":"PROYECTO DE LEY","('0169-S-1999', 1)":null},"Iniciado en: ":{"('0169-S-1999', 0)":"Senado","('0169-S-1999', 1)":null},"Expediente Diputados: ":{"('0169-S-1999', 0)":"0169-S-1999","('0169-S-1999', 1)":null},"Expediente Senado: ":{"('0169-S-1999', 0)":"0499-S-1999","('0169-S-1999', 1)":null},"Publicado en: ":{"('0169-S-1999', 0)":"Diario de Asuntos Entrados N\u00b0 26","('0169-S-1999', 1)":null},"Fecha: ":{"('0169-S-1999', 0)":"21\/04\/1999","('0169-S-1999', 1)":null},"T\u00edtulo":{"('0169-S-1999', 0)":"DECLARAR DE INTERES NACIONAL AL PUERTO DE GARRUCHOS, SANTO TOME, PROVINCIA DE CORRIENTES. \n\n","('0169-S-1999', 1)":null},"('Firmantes', 'FIRMANTE')":{"('0169-S-1999', 0)":"ROMERO FERIS, JOSE ANTONIO","('0169-S-1999', 1)":"LOSADA, MARIO A."},"('Firmantes', 'DISTRITO')":{"('0169-S-1999', 0)":"CORRIENTES","('0169-S-1999', 1)":"MISIONES"},"('Firmantes', 'BLOQUE')":{"('0169-S-1999', 0)":"AUTONOMISTA","('0169-S-1999', 1)":"UCR"},"('Giros', 'COMISI\u00d3N')":{"('0169-S-1999', 0)":"INTERESES MARITIMOS, FLUVIALES, PESQUEROS Y PORTUARIOS","('0169-S-1999', 1)":"OBRAS PUBLICAS"},"('Tramites', 'C\u00c1MARA')":{"('0169-S-1999', 0)":"Senado","('0169-S-1999', 1)":"Diputados"},"('Tramites', 'MOVIMIENTO')":{"('0169-S-1999', 0)":"CONSIDERACION Y APROBACION CON MODIFICACIONES","('0169-S-1999', 1)":"PASA A DIPUTADOS -"},"('Tramites', 'FECHA')":{"('0169-S-1999', 0)":"15\/09\/1999","('0169-S-1999', 1)":null},"('Tramites', 'RESULTADO')":{"('0169-S-1999', 0)":"MEDIA SANCION","('0169-S-1999', 1)":null},"Link":{"('0169-S-1999', 0)":"http:\/\/www.senado.gov.ar\/parlamentario\/comisiones\/verExp\/499.99\/S\/PL","('0169-S-1999', 1)":null},"Palabra Clave":{"('0169-S-1999', 0)":" ","('0169-S-1999', 1)":null}}