{"Tipo de Proyecto":{"('0170-D-1999', 0)":"PROYECTO DE LEY","('0170-D-1999', 1)":null,"('0170-D-1999', 2)":null,"('0170-D-1999', 3)":null},"Iniciado en: ":{"('0170-D-1999', 0)":"Diputados","('0170-D-1999', 1)":null,"('0170-D-1999', 2)":null,"('0170-D-1999', 3)":null},"Expediente Diputados: ":{"('0170-D-1999', 0)":"0170-D-1999","('0170-D-1999', 1)":null,"('0170-D-1999', 2)":null,"('0170-D-1999', 3)":null},"Publicado en: ":{"('0170-D-1999', 0)":"Tr\u00e1mite Parlamentario N\u00b0 2","('0170-D-1999', 1)":null,"('0170-D-1999', 2)":null,"('0170-D-1999', 3)":null},"Fecha: ":{"('0170-D-1999', 0)":"02\/03\/1999","('0170-D-1999', 1)":null,"('0170-D-1999', 2)":null,"('0170-D-1999', 3)":null},"T\u00edtulo":{"('0170-D-1999', 0)":"CREACION DEL FONDO FIDUCIARIO PARA LA REFINANCIACION DE LAS DEUDAS DE LOS PEQUE\u00d1OS Y MEDIANOS PRODUCTORES AGROPECUARIOS, INDUSTRIALES, Y\/O COMERCIANTES CON EL BANCO DE LA NACION ARGENTINA.","('0170-D-1999', 1)":null,"('0170-D-1999', 2)":null,"('0170-D-1999', 3)":null},"('Firmantes', 'FIRMANTE')":{"('0170-D-1999', 0)":"VICCHI, RAUL HORACIO","('0170-D-1999', 1)":"CURLETTI, MIRIAM BELEN","('0170-D-1999', 2)":null,"('0170-D-1999', 3)":null},"('Firmantes', 'DISTRITO')":{"('0170-D-1999', 0)":"MENDOZA","('0170-D-1999', 1)":"CHACO","('0170-D-1999', 2)":null,"('0170-D-1999', 3)":null},"('Firmantes', 'BLOQUE')":{"('0170-D-1999', 0)":"UCR","('0170-D-1999', 1)":"UCR","('0170-D-1999', 2)":null,"('0170-D-1999', 3)":null},"('Giros', 'COMISI\u00d3N')":{"('0170-D-1999', 0)":"PEQUE\u00d1AS Y MEDIANAS EMPRESAS","('0170-D-1999', 1)":"FINANZAS","('0170-D-1999', 2)":"PRESUPUESTO Y HACIENDA","('0170-D-1999', 3)":"LEGISLACION GENERAL"},"('Tramites', 'C\u00c1MARA')":{"('0170-D-1999', 0)":"Diputados","('0170-D-1999', 1)":null,"('0170-D-1999', 2)":null,"('0170-D-1999', 3)":null},"('Tramites', 'MOVIMIENTO')":{"('0170-D-1999', 0)":"RESOLUCION PRESIDENCIA DE AMPLIACION DE GIRO A LA COMISION DE LEGISLACION GENERAL (BAE 27\/99)","('0170-D-1999', 1)":null,"('0170-D-1999', 2)":null,"('0170-D-1999', 3)":null},"('Tramites', 'FECHA')":{"('0170-D-1999', 0)":null,"('0170-D-1999', 1)":null,"('0170-D-1999', 2)":null,"('0170-D-1999', 3)":null},"('Tramites', 'RESULTADO')":{"('0170-D-1999', 0)":null,"('0170-D-1999', 1)":null,"('0170-D-1999', 2)":null,"('0170-D-1999', 3)":null},"Sumario":{"('0170-D-1999', 0)":"RECURSOS DEL FONDO; DIRECCION; LIQUIDACION.","('0170-D-1999', 1)":null,"('0170-D-1999', 2)":null,"('0170-D-1999', 3)":null},"Palabra Clave":{"('0170-D-1999', 0)":" ","('0170-D-1999', 1)":null,"('0170-D-1999', 2)":null,"('0170-D-1999', 3)":null}}