{"Tipo de Proyecto":{"('0170-S-1999', 0)":"PROYECTO DE LEY"},"Iniciado en: ":{"('0170-S-1999', 0)":"Senado"},"Expediente Senado: ":{"('0170-S-1999', 0)":"0170-S-1999"},"Publicado en: ":{"('0170-S-1999', 0)":"Diario de Asuntos Entrados N\u00b0 9"},"Fecha: ":{"('0170-S-1999', 0)":"16\/03\/1999"},"T\u00edtulo":{"('0170-S-1999', 0)":"MODIFICACION AL CODIGO PENAL AUMENTANDO LAS PENAS POR EL DELITO DE ABIGEATO (REPRODUCCION DEL EXPEDIENTE 2069-S-97)."},"('Firmantes', 'FIRMANTE')":{"('0170-S-1999', 0)":"ROMERO FERIS, JOSE ANTONIO"},"('Firmantes', 'DISTRITO')":{"('0170-S-1999', 0)":"CORRIENTES"},"('Firmantes', 'BLOQUE')":{"('0170-S-1999', 0)":"AUTONOMISTA"},"('Tramites', 'C\u00c1MARA')":{"('0170-S-1999', 0)":"Senado"},"('Tramites', 'MOVIMIENTO')":{"('0170-S-1999', 0)":"REPRODUCIDO POR EXPEDIENTE 0609-S-01 (DAE 39)"},"('Tramites', 'FECHA')":{"('0170-S-1999', 0)":null},"('Tramites', 'RESULTADO')":{"('0170-S-1999', 0)":null},"Sumario":{"('0170-S-1999', 0)":"SUSTITUCION DEL INCISO 1 ARTICULO 163."},"Palabra Clave":{"('0170-S-1999', 0)":" "}}