{"Tipo de Proyecto":{"('0171-S-1999', 0)":"PROYECTO DE LEY","('0171-S-1999', 1)":null},"Iniciado en: ":{"('0171-S-1999', 0)":"Senado","('0171-S-1999', 1)":null},"Expediente Diputados: ":{"('0171-S-1999', 0)":"0171-S-1999","('0171-S-1999', 1)":null},"Expediente Senado: ":{"('0171-S-1999', 0)":"0769-S-1999","('0171-S-1999', 1)":null},"Publicado en: ":{"('0171-S-1999', 0)":"Diario de Asuntos Entrados N\u00b0 40","('0171-S-1999', 1)":null},"Fecha: ":{"('0171-S-1999', 0)":"20\/05\/1999","('0171-S-1999', 1)":null},"T\u00edtulo":{"('0171-S-1999', 0)":"MODIFICACION A LA LEY DEL IVA (LEY 23349, TEXTO ORDENADO 1998 Y MODIFICACIONES).","('0171-S-1999', 1)":null},"('Firmantes', 'FIRMANTE')":{"('0171-S-1999', 0)":"ALTUNA, JUAN CARLOS","('0171-S-1999', 1)":null},"('Firmantes', 'DISTRITO')":{"('0171-S-1999', 0)":"CHUBUT","('0171-S-1999', 1)":null},"('Firmantes', 'BLOQUE')":{"('0171-S-1999', 0)":"UCR","('0171-S-1999', 1)":null},"('Giros', 'COMISI\u00d3N')":{"('0171-S-1999', 0)":"PRESUPUESTO Y HACIENDA","('0171-S-1999', 1)":null},"('Tramites', 'C\u00c1MARA')":{"('0171-S-1999', 0)":"Senado","('0171-S-1999', 1)":"Diputados"},"('Tramites', 'MOVIMIENTO')":{"('0171-S-1999', 0)":"CONSIDERACION Y APROBACION","('0171-S-1999', 1)":"PASA A DIPUTADOS -"},"('Tramites', 'FECHA')":{"('0171-S-1999', 0)":"15\/09\/1999","('0171-S-1999', 1)":null},"('Tramites', 'RESULTADO')":{"('0171-S-1999', 0)":"MEDIA SANCION","('0171-S-1999', 1)":null},"Sumario":{"('0171-S-1999', 0)":"SUSTITUCION DE LOS PUNTOS 1 Y 2 DEL INCISO A) DEL ARTICULO 5 (HECHO IMPONIBLE SERVICIOS CLOACALES , AGUA, ENERGIA ELECTRICA).","('0171-S-1999', 1)":null},"Palabra Clave":{"('0171-S-1999', 0)":" ","('0171-S-1999', 1)":null}}