{"Tipo de Proyecto":{"('0172-S-1999', 0)":"PROYECTO DE LEY","('0172-S-1999', 1)":null,"('0172-S-1999', 2)":null,"('0172-S-1999', 3)":null,"('0172-S-1999', 4)":null,"('0172-S-1999', 5)":null},"Iniciado en: ":{"('0172-S-1999', 0)":"Senado","('0172-S-1999', 1)":null,"('0172-S-1999', 2)":null,"('0172-S-1999', 3)":null,"('0172-S-1999', 4)":null,"('0172-S-1999', 5)":null},"Expediente Diputados: ":{"('0172-S-1999', 0)":"0172-S-1999","('0172-S-1999', 1)":null,"('0172-S-1999', 2)":null,"('0172-S-1999', 3)":null,"('0172-S-1999', 4)":null,"('0172-S-1999', 5)":null},"Expediente Senado: ":{"('0172-S-1999', 0)":"1481-S-1999","('0172-S-1999', 1)":null,"('0172-S-1999', 2)":null,"('0172-S-1999', 3)":null,"('0172-S-1999', 4)":null,"('0172-S-1999', 5)":null},"Publicado en: ":{"('0172-S-1999', 0)":"Diario de Asuntos Entrados N\u00b0 88","('0172-S-1999', 1)":null,"('0172-S-1999', 2)":null,"('0172-S-1999', 3)":null,"('0172-S-1999', 4)":null,"('0172-S-1999', 5)":null},"Fecha: ":{"('0172-S-1999', 0)":"01\/09\/1999","('0172-S-1999', 1)":null,"('0172-S-1999', 2)":null,"('0172-S-1999', 3)":null,"('0172-S-1999', 4)":null,"('0172-S-1999', 5)":null},"T\u00edtulo":{"('0172-S-1999', 0)":"PROTECCION INTEGRAL A TODA PERSONA QUE PADECE DE EPILEPSIA.","('0172-S-1999', 1)":null,"('0172-S-1999', 2)":null,"('0172-S-1999', 3)":null,"('0172-S-1999', 4)":null,"('0172-S-1999', 5)":null},"('Firmantes', 'FIRMANTE')":{"('0172-S-1999', 0)":"VAQUIR, OMAR M.","('0172-S-1999', 1)":null,"('0172-S-1999', 2)":null,"('0172-S-1999', 3)":null,"('0172-S-1999', 4)":null,"('0172-S-1999', 5)":null},"('Firmantes', 'DISTRITO')":{"('0172-S-1999', 0)":"SANTIAGO DEL ESTERO","('0172-S-1999', 1)":null,"('0172-S-1999', 2)":null,"('0172-S-1999', 3)":null,"('0172-S-1999', 4)":null,"('0172-S-1999', 5)":null},"('Firmantes', 'BLOQUE')":{"('0172-S-1999', 0)":"JUSTICIALISTA","('0172-S-1999', 1)":null,"('0172-S-1999', 2)":null,"('0172-S-1999', 3)":null,"('0172-S-1999', 4)":null,"('0172-S-1999', 5)":null},"('Giros', 'COMISI\u00d3N')":{"('0172-S-1999', 0)":"ACCION SOCIAL Y SALUD PUBLICA","('0172-S-1999', 1)":"DERECHOS HUMANOS Y GARANTIAS","('0172-S-1999', 2)":null,"('0172-S-1999', 3)":null,"('0172-S-1999', 4)":null,"('0172-S-1999', 5)":null},"('Tramites', 'C\u00c1MARA')":{"('0172-S-1999', 0)":"Senado","('0172-S-1999', 1)":"Diputados","('0172-S-1999', 2)":"Diputados","('0172-S-1999', 3)":"Senado","('0172-S-1999', 4)":"Senado","('0172-S-1999', 5)":"Senado"},"('Tramites', 'MOVIMIENTO')":{"('0172-S-1999', 0)":"CONSIDERACION Y APROBACION","('0172-S-1999', 1)":"PASA A DIPUTADOS -","('0172-S-1999', 2)":"CONSIDERACION Y APROBACION","('0172-S-1999', 3)":"VUELVE A SENADO -","('0172-S-1999', 4)":"MOCION SOBRE TABLAS (AFIRMATIVA)","('0172-S-1999', 5)":"CONSIDERACION Y SANCION (ACEPTACION DE LAS MODIFICACIONES DE LA CAMARA DE DIPUTADOS)"},"('Tramites', 'FECHA')":{"('0172-S-1999', 0)":"22\/09\/1999","('0172-S-1999', 1)":null,"('0172-S-1999', 2)":"30\/11\/2000","('0172-S-1999', 3)":null,"('0172-S-1999', 4)":"07\/03\/2001","('0172-S-1999', 5)":"07\/03\/2001"},"('Tramites', 'RESULTADO')":{"('0172-S-1999', 0)":"MEDIA SANCION","('0172-S-1999', 1)":null,"('0172-S-1999', 2)":"MEDIA SANCION","('0172-S-1999', 3)":null,"('0172-S-1999', 4)":null,"('0172-S-1999', 5)":"SANCIONADO"},"Sumario":{"('0172-S-1999', 0)":"DESEMPE\u00d1O LABORAL; DERECHO A LA EDUCACION; ASISTENCIA MEDICA INTEGRAL; ARTICULOS 2, 3 Y 5 (ACTO DISCRIMINATORIO EN LOS TERMINOS DE LA LEY 23592).","('0172-S-1999', 1)":null,"('0172-S-1999', 2)":null,"('0172-S-1999', 3)":null,"('0172-S-1999', 4)":null,"('0172-S-1999', 5)":null},"Palabra Clave":{"('0172-S-1999', 0)":" ","('0172-S-1999', 1)":null,"('0172-S-1999', 2)":null,"('0172-S-1999', 3)":null,"('0172-S-1999', 4)":null,"('0172-S-1999', 5)":null}}