{"Tipo de Proyecto":{"('0176-S-1999', 0)":"PROYECTO DE RESOLUCI\u00d3N","('0176-S-1999', 1)":null,"('0176-S-1999', 2)":null},"Iniciado en: ":{"('0176-S-1999', 0)":"Senado","('0176-S-1999', 1)":null,"('0176-S-1999', 2)":null},"Expediente Diputados: ":{"('0176-S-1999', 0)":"0176-S-1999","('0176-S-1999', 1)":null,"('0176-S-1999', 2)":null},"Expediente Senado: ":{"('0176-S-1999', 0)":"0210-OV-1998","('0176-S-1999', 1)":null,"('0176-S-1999', 2)":null},"Fecha: ":{"('0176-S-1999', 0)":"28\/09\/1999","('0176-S-1999', 1)":null,"('0176-S-1999', 2)":null},"T\u00edtulo":{"('0176-S-1999', 0)":"PEDIDO DE INFORMES: SOBRE LAS MEDIDAS ADOPTADAS EN ORDEN A LA ADECUACION DE LOS ASPECTOS OBSERVADOS POR LA AUDITORIA GENERAL DE LA NACION EN EL AMBITO DE LA COMISION NACIONAL DE TELECOMUNICACIONES.","('0176-S-1999', 1)":null,"('0176-S-1999', 2)":null},"('Firmantes', 'FIRMANTE')":{"('0176-S-1999', 0)":"PARLAMENTARIA MIXTA REVISORA DE CUENTAS","('0176-S-1999', 1)":null,"('0176-S-1999', 2)":null},"('Firmantes', 'DISTRITO')":{"('0176-S-1999', 0)":null,"('0176-S-1999', 1)":null,"('0176-S-1999', 2)":null},"('Firmantes', 'BLOQUE')":{"('0176-S-1999', 0)":null,"('0176-S-1999', 1)":null,"('0176-S-1999', 2)":null},"('Giros', 'COMISI\u00d3N')":{"('0176-S-1999', 0)":"PARLAMENTARIA MIXTA REVISORA DE CUENTAS","('0176-S-1999', 1)":null,"('0176-S-1999', 2)":null},"('Tramites', 'C\u00c1MARA')":{"('0176-S-1999', 0)":"Senado","('0176-S-1999', 1)":"Diputados","('0176-S-1999', 2)":"Diputados"},"('Tramites', 'MOVIMIENTO')":{"('0176-S-1999', 0)":"CONSIDERACION Y APROBACION","('0176-S-1999', 1)":"PASA A DIPUTADOS -","('0176-S-1999', 2)":"CONSIDERACION Y APROBACION"},"('Tramites', 'FECHA')":{"('0176-S-1999', 0)":"27\/10\/1999","('0176-S-1999', 1)":null,"('0176-S-1999', 2)":"24\/11\/1999"},"('Tramites', 'RESULTADO')":{"('0176-S-1999', 0)":"APROBADO","('0176-S-1999', 1)":null,"('0176-S-1999', 2)":"APROBADO"},"Sumario":{"('0176-S-1999', 0)":"SOLICITUD AL PODER EJECUTIVO NACIONAL.","('0176-S-1999', 1)":null,"('0176-S-1999', 2)":null},"Palabra Clave":{"('0176-S-1999', 0)":" ","('0176-S-1999', 1)":null,"('0176-S-1999', 2)":null}}