{"Tipo de Proyecto":{"('0178-S-1999', 0)":"PROYECTO DE LEY"},"Iniciado en: ":{"('0178-S-1999', 0)":"Senado"},"Expediente Senado: ":{"('0178-S-1999', 0)":"0178-S-1999"},"Publicado en: ":{"('0178-S-1999', 0)":"Diario de Asuntos Entrados N\u00b0 10"},"Fecha: ":{"('0178-S-1999', 0)":"17\/03\/1999"},"T\u00edtulo":{"('0178-S-1999', 0)":"MODIFICACION AL CODIGO PROCESAL PENAL (LEY 23984).\n"},"('Firmantes', 'FIRMANTE')":{"('0178-S-1999', 0)":"ROMERO FERIS, JOSE ANTONIO"},"('Firmantes', 'DISTRITO')":{"('0178-S-1999', 0)":"CORRIENTES"},"('Firmantes', 'BLOQUE')":{"('0178-S-1999', 0)":"AUTONOMISTA"},"('Tramites', 'C\u00c1MARA')":{"('0178-S-1999', 0)":"Senado"},"('Tramites', 'MOVIMIENTO')":{"('0178-S-1999', 0)":"REPRODUCIDO POR EXPEDIENTE 0549-S-01 (DAE 37)"},"('Tramites', 'FECHA')":{"('0178-S-1999', 0)":null},"('Tramites', 'RESULTADO')":{"('0178-S-1999', 0)":null},"Sumario":{"('0178-S-1999', 0)":"SUSTITUCION DE LOS ARTICULOS 438, 451, 452, 453, 454, 455, 464 Y 465 (TRAMITACION DE LOS RECURSOS DE APELACION)."},"Palabra Clave":{"('0178-S-1999', 0)":" "}}