{"Tipo de Proyecto":{"('0181-S-1999', 0)":"PROYECTO DE RESOLUCI\u00d3N","('0181-S-1999', 1)":null,"('0181-S-1999', 2)":null,"('0181-S-1999', 3)":null,"('0181-S-1999', 4)":null},"Iniciado en: ":{"('0181-S-1999', 0)":"Senado","('0181-S-1999', 1)":null,"('0181-S-1999', 2)":null,"('0181-S-1999', 3)":null,"('0181-S-1999', 4)":null},"Expediente Diputados: ":{"('0181-S-1999', 0)":"0181-S-1999","('0181-S-1999', 1)":null,"('0181-S-1999', 2)":null,"('0181-S-1999', 3)":null,"('0181-S-1999', 4)":null},"Expediente Senado: ":{"('0181-S-1999', 0)":"0399-OV-1998","('0181-S-1999', 1)":null,"('0181-S-1999', 2)":null,"('0181-S-1999', 3)":null,"('0181-S-1999', 4)":null},"Fecha: ":{"('0181-S-1999', 0)":"04\/10\/1999","('0181-S-1999', 1)":null,"('0181-S-1999', 2)":null,"('0181-S-1999', 3)":null,"('0181-S-1999', 4)":null},"T\u00edtulo":{"('0181-S-1999', 0)":"RESOLUCIONES REMITIDAS POR LA AUDITORIA GENERAL DE LA NACION REFERIDAS A CONTROLES, ESTRUCTURAS Y NORMAS DE CALIDAD DE LAS EMPRESAS PRESTADORAS DE SERVICIOS.","('0181-S-1999', 1)":null,"('0181-S-1999', 2)":null,"('0181-S-1999', 3)":null,"('0181-S-1999', 4)":null},"('Firmantes', 'FIRMANTE')":{"('0181-S-1999', 0)":"PARLAMENTARIA MIXTA REVISORA DE CUENTAS","('0181-S-1999', 1)":null,"('0181-S-1999', 2)":null,"('0181-S-1999', 3)":null,"('0181-S-1999', 4)":null},"('Firmantes', 'DISTRITO')":{"('0181-S-1999', 0)":null,"('0181-S-1999', 1)":null,"('0181-S-1999', 2)":null,"('0181-S-1999', 3)":null,"('0181-S-1999', 4)":null},"('Firmantes', 'BLOQUE')":{"('0181-S-1999', 0)":null,"('0181-S-1999', 1)":null,"('0181-S-1999', 2)":null,"('0181-S-1999', 3)":null,"('0181-S-1999', 4)":null},"('Giros', 'COMISI\u00d3N')":{"('0181-S-1999', 0)":"PARLAMENTARIA MIXTA REVISORA DE CUENTAS","('0181-S-1999', 1)":null,"('0181-S-1999', 2)":null,"('0181-S-1999', 3)":null,"('0181-S-1999', 4)":null},"('Tramites', 'C\u00c1MARA')":{"('0181-S-1999', 0)":"Senado","('0181-S-1999', 1)":"Diputados","('0181-S-1999', 2)":"Diputados","('0181-S-1999', 3)":"Diputados","('0181-S-1999', 4)":"Diputados"},"('Tramites', 'MOVIMIENTO')":{"('0181-S-1999', 0)":"CONSIDERACION Y APROBACION","('0181-S-1999', 1)":"PASA A DIPUTADOS -","('0181-S-1999', 2)":"CONSIDERACION Y APROBACION","('0181-S-1999', 3)":"CONTESTACION DEL PODER EJECUTIVO NACIONAL - JEFATURA DE GABINETE DE MINISTROS - (0355-OV-00); GIRADA A LA COMISION RESPECTIVA (BAE 33\/00)","('0181-S-1999', 4)":"VER CONTINUACION DEL TRAMITE EN EXPEDIENTE 0004-OV-02 (ORDEN DEL DIA 161\/03 DEL H. SENADO)"},"('Tramites', 'FECHA')":{"('0181-S-1999', 0)":"27\/10\/1999","('0181-S-1999', 1)":null,"('0181-S-1999', 2)":"24\/11\/1999","('0181-S-1999', 3)":"07\/12\/2000","('0181-S-1999', 4)":null},"('Tramites', 'RESULTADO')":{"('0181-S-1999', 0)":"APROBADO","('0181-S-1999', 1)":null,"('0181-S-1999', 2)":"APROBADO","('0181-S-1999', 3)":null,"('0181-S-1999', 4)":null},"Sumario":{"('0181-S-1999', 0)":"DIRIGIRSE AL PODER EJECUTIVO NACIONAL MANIFESTANDO LA NECESIDAD DE QUE SE ADOPTEN LAS MEDIDAS ADECUADAS A ASEGURAR EL PLENO EJERCICIO DE LAS COMPETENCIAS QUE CORRESPONDEN AL ENTE NACIONAL REGULADOR DE LA ELECTRICIDAD.","('0181-S-1999', 1)":null,"('0181-S-1999', 2)":null,"('0181-S-1999', 3)":null,"('0181-S-1999', 4)":null},"Palabra Clave":{"('0181-S-1999', 0)":" ","('0181-S-1999', 1)":null,"('0181-S-1999', 2)":null,"('0181-S-1999', 3)":null,"('0181-S-1999', 4)":null}}