{"Tipo de Proyecto":{"('0182-S-1999', 0)":"PROYECTO DE RESOLUCI\u00d3N","('0182-S-1999', 1)":null,"('0182-S-1999', 2)":null},"Iniciado en: ":{"('0182-S-1999', 0)":"Senado","('0182-S-1999', 1)":null,"('0182-S-1999', 2)":null},"Expediente Diputados: ":{"('0182-S-1999', 0)":"0182-S-1999","('0182-S-1999', 1)":null,"('0182-S-1999', 2)":null},"Expediente Senado: ":{"('0182-S-1999', 0)":"0009-OV-1999","('0182-S-1999', 1)":null,"('0182-S-1999', 2)":null},"Fecha: ":{"('0182-S-1999', 0)":"04\/10\/1999","('0182-S-1999', 1)":null,"('0182-S-1999', 2)":null},"T\u00edtulo":{"('0182-S-1999', 0)":"RESOLUCION DE LA AUDITORIA GENERAL DE LA NACION REFERIDA AL CONTROL INTERNO DE INTERCARGO SOCIEDAD ANONIMA COMERCIAL.","('0182-S-1999', 1)":null,"('0182-S-1999', 2)":null},"('Firmantes', 'FIRMANTE')":{"('0182-S-1999', 0)":"PARLAMENTARIA MIXTA REVISORA DE CUENTAS","('0182-S-1999', 1)":null,"('0182-S-1999', 2)":null},"('Firmantes', 'DISTRITO')":{"('0182-S-1999', 0)":null,"('0182-S-1999', 1)":null,"('0182-S-1999', 2)":null},"('Firmantes', 'BLOQUE')":{"('0182-S-1999', 0)":null,"('0182-S-1999', 1)":null,"('0182-S-1999', 2)":null},"('Giros', 'COMISI\u00d3N')":{"('0182-S-1999', 0)":"PARLAMENTARIA MIXTA REVISORA DE CUENTAS","('0182-S-1999', 1)":null,"('0182-S-1999', 2)":null},"('Tramites', 'C\u00c1MARA')":{"('0182-S-1999', 0)":"Senado","('0182-S-1999', 1)":"Diputados","('0182-S-1999', 2)":"Diputados"},"('Tramites', 'MOVIMIENTO')":{"('0182-S-1999', 0)":"CONSIDERACION Y APROBACION","('0182-S-1999', 1)":"PASA A DIPUTADOS -","('0182-S-1999', 2)":"CONSIDERACION Y APROBACION"},"('Tramites', 'FECHA')":{"('0182-S-1999', 0)":"27\/10\/1999","('0182-S-1999', 1)":null,"('0182-S-1999', 2)":"24\/11\/1999"},"('Tramites', 'RESULTADO')":{"('0182-S-1999', 0)":"APROBADO","('0182-S-1999', 1)":null,"('0182-S-1999', 2)":"APROBADO"},"Sumario":{"('0182-S-1999', 0)":"DIRIGIRSE A LA AGN PARA QUE INFORME SOBRE LAS CONCLUSIONES DEL INFORME.","('0182-S-1999', 1)":null,"('0182-S-1999', 2)":null},"Palabra Clave":{"('0182-S-1999', 0)":" ","('0182-S-1999', 1)":null,"('0182-S-1999', 2)":null}}