{"Tipo de Proyecto":{"('0183-S-1999', 0)":"COMUNICACION","('0183-S-1999', 1)":null},"Iniciado en: ":{"('0183-S-1999', 0)":"Senado","('0183-S-1999', 1)":null},"Expediente Diputados: ":{"('0183-S-1999', 0)":"0183-S-1999","('0183-S-1999', 1)":null},"Expediente Senado: ":{"('0183-S-1999', 0)":"1520-S-1999","('0183-S-1999', 1)":null},"Publicado en: ":{"('0183-S-1999', 0)":"Diario de Asuntos Entrados N\u00b0 91","('0183-S-1999', 1)":null},"Fecha: ":{"('0183-S-1999', 0)":"07\/09\/1999","('0183-S-1999', 1)":null},"T\u00edtulo":{"('0183-S-1999', 0)":"REALIZAR UNA PREVISION EN EL PRESUPUESTO DEL A\u00d1O 2000 PARA LA INSTALACION DE UNA AGENCIA DEL ENTE NACIONAL REGULADOR DEL GAS (ENARGAS) EN LA PROVINCIA DE JUJUY.","('0183-S-1999', 1)":null},"('Firmantes', 'FIRMANTE')":{"('0183-S-1999', 0)":"SALUM, HUMBERTO ELIAS","('0183-S-1999', 1)":null},"('Firmantes', 'DISTRITO')":{"('0183-S-1999', 0)":"JUJUY","('0183-S-1999', 1)":null},"('Firmantes', 'BLOQUE')":{"('0183-S-1999', 0)":"UCR","('0183-S-1999', 1)":null},"('Giros', 'COMISI\u00d3N')":{"('0183-S-1999', 0)":"ENERGIA Y COMBUSTIBLES","('0183-S-1999', 1)":"PRESUPUESTO Y HACIENDA"},"('Tramites', 'C\u00c1MARA')":{"('0183-S-1999', 0)":"Senado","('0183-S-1999', 1)":"Diputados"},"('Tramites', 'MOVIMIENTO')":{"('0183-S-1999', 0)":"CONSIDERACION Y APROBACION","('0183-S-1999', 1)":"PASA A DIPUTADOS -"},"('Tramites', 'FECHA')":{"('0183-S-1999', 0)":"27\/10\/1999","('0183-S-1999', 1)":null},"('Tramites', 'RESULTADO')":{"('0183-S-1999', 0)":"APROBADO","('0183-S-1999', 1)":null},"Sumario":{"('0183-S-1999', 0)":"SOLICITUD AL PODER EJECUTIVO NACIONAL.","('0183-S-1999', 1)":null},"Palabra Clave":{"('0183-S-1999', 0)":" ","('0183-S-1999', 1)":null}}