{"Tipo de Proyecto":{"('0186-S-1999', 0)":"PROYECTO DE DECLARACI\u00d3N","('0186-S-1999', 1)":null},"Iniciado en: ":{"('0186-S-1999', 0)":"Senado","('0186-S-1999', 1)":null},"Expediente Senado: ":{"('0186-S-1999', 0)":"0186-S-1999","('0186-S-1999', 1)":null},"Publicado en: ":{"('0186-S-1999', 0)":"Diario de Asuntos Entrados N\u00b0 10","('0186-S-1999', 1)":null},"Fecha: ":{"('0186-S-1999', 0)":"17\/03\/1999","('0186-S-1999', 1)":null},"T\u00edtulo":{"('0186-S-1999', 0)":"FALLECIMIENTO EN UN ACCIDENTE AEREO DE GENDARMES ARGENTINOS EN HAITI.\n","('0186-S-1999', 1)":null},"('Firmantes', 'FIRMANTE')":{"('0186-S-1999', 0)":"BRAVO, LEOPOLDO","('0186-S-1999', 1)":"AVELIN, ALFREDO"},"('Firmantes', 'DISTRITO')":{"('0186-S-1999', 0)":"SAN JUAN","('0186-S-1999', 1)":"SAN JUAN"},"('Firmantes', 'BLOQUE')":{"('0186-S-1999', 0)":"BLOQ SJ","('0186-S-1999', 1)":"CRUZADA RENOV"},"('Tramites', 'C\u00c1MARA')":{"('0186-S-1999', 0)":"Senado","('0186-S-1999', 1)":null},"('Tramites', 'MOVIMIENTO')":{"('0186-S-1999', 0)":"VER TRAMITE EN EXPEDIENTE 0175-S-99","('0186-S-1999', 1)":null},"('Tramites', 'FECHA')":{"('0186-S-1999', 0)":null,"('0186-S-1999', 1)":null},"('Tramites', 'RESULTADO')":{"('0186-S-1999', 0)":null,"('0186-S-1999', 1)":null},"Sumario":{"('0186-S-1999', 0)":"EXPRESION DE PESAR.","('0186-S-1999', 1)":null},"Palabra Clave":{"('0186-S-1999', 0)":" ","('0186-S-1999', 1)":null}}