{"Tipo de Proyecto":{"('0189-D-1999', 0)":"PROYECTO DE RESOLUCI\u00d3N","('0189-D-1999', 1)":null,"('0189-D-1999', 2)":null},"Iniciado en: ":{"('0189-D-1999', 0)":"Diputados","('0189-D-1999', 1)":null,"('0189-D-1999', 2)":null},"Expediente Diputados: ":{"('0189-D-1999', 0)":"0189-D-1999","('0189-D-1999', 1)":null,"('0189-D-1999', 2)":null},"Publicado en: ":{"('0189-D-1999', 0)":"Tr\u00e1mite Parlamentario N\u00b0 3","('0189-D-1999', 1)":null,"('0189-D-1999', 2)":null},"Fecha: ":{"('0189-D-1999', 0)":"03\/03\/1999","('0189-D-1999', 1)":null,"('0189-D-1999', 2)":null},"T\u00edtulo":{"('0189-D-1999', 0)":"PEDIDO DE INFORMES: SOBRE DIVERSAS CUESTIONES RELACIONADAS CON LAS OBRAS COMPLEMENTARIAS DE LA REPRESA HIDROELECTRICA SALTO GRANDE Y LOS ESTUDIOS SOBRE LA NAVEGABILIDAD DEL RIO URUGUAY.","('0189-D-1999', 1)":null,"('0189-D-1999', 2)":null},"('Firmantes', 'FIRMANTE')":{"('0189-D-1999', 0)":"PANDO, ANA MARIA","('0189-D-1999', 1)":"DIAZ COLODRERO, LUIS MARIA","('0189-D-1999', 2)":null},"('Firmantes', 'DISTRITO')":{"('0189-D-1999', 0)":"CORRIENTES","('0189-D-1999', 1)":"CORRIENTES","('0189-D-1999', 2)":null},"('Firmantes', 'BLOQUE')":{"('0189-D-1999', 0)":"LIBERAL","('0189-D-1999', 1)":"LIBERAL","('0189-D-1999', 2)":null},"('Giros', 'COMISI\u00d3N')":{"('0189-D-1999', 0)":"ENERGIA Y COMBUSTIBLES","('0189-D-1999', 1)":"OBRAS PUBLICAS","('0189-D-1999', 2)":"INTERESES MARITIMOS, FLUVIALES, PESQUEROS Y PORTUARIOS"},"Sumario":{"('0189-D-1999', 0)":"SOLICITUD AL PODER EJECUTIVO NACIONAL.","('0189-D-1999', 1)":null,"('0189-D-1999', 2)":null},"Palabra Clave":{"('0189-D-1999', 0)":" ","('0189-D-1999', 1)":null,"('0189-D-1999', 2)":null}}