{"Tipo de Proyecto":{"('0189-S-1999', 0)":"MENSAJE NRO: 0596\/99 Y PROYECTO DE LEY","('0189-S-1999', 1)":null,"('0189-S-1999', 2)":null,"('0189-S-1999', 3)":null},"Iniciado en: ":{"('0189-S-1999', 0)":"Senado","('0189-S-1999', 1)":null,"('0189-S-1999', 2)":null,"('0189-S-1999', 3)":null},"Expediente Diputados: ":{"('0189-S-1999', 0)":"0189-S-1999","('0189-S-1999', 1)":null,"('0189-S-1999', 2)":null,"('0189-S-1999', 3)":null},"Expediente Senado: ":{"('0189-S-1999', 0)":"0288-PE-1999","('0189-S-1999', 1)":null,"('0189-S-1999', 2)":null,"('0189-S-1999', 3)":null},"Publicado en: ":{"('0189-S-1999', 0)":"Diario de Asuntos Entrados N\u00b0 45","('0189-S-1999', 1)":null,"('0189-S-1999', 2)":null,"('0189-S-1999', 3)":null},"Fecha: ":{"('0189-S-1999', 0)":"03\/06\/1999","('0189-S-1999', 1)":null,"('0189-S-1999', 2)":null,"('0189-S-1999', 3)":null},"T\u00edtulo":{"('0189-S-1999', 0)":"CUARTA ENMIENDA DEL CONVENIO CONSTITUTIVO DEL FONDO MONETARIO INTERNACIONAL, ADOPTADO POR RESOLUCION 52-4 APROBADA EL 23\/09\/1997, AUTORIZANDO AL ORGANISMO A EFECTUAR UNA ASIGNACION EXCEPCIONAL DE DERECHOS ESPECIALES DE GIRO. ","('0189-S-1999', 1)":null,"('0189-S-1999', 2)":null,"('0189-S-1999', 3)":null},"('Firmantes', 'FIRMANTE')":{"('0189-S-1999', 0)":"MENEM, CARLOS SAUL","('0189-S-1999', 1)":"RODRIGUEZ, JORGE","('0189-S-1999', 2)":"DI TELLA, GUIDO","('0189-S-1999', 3)":"FERNANDEZ, ROQUE"},"('Firmantes', 'DISTRITO')":{"('0189-S-1999', 0)":null,"('0189-S-1999', 1)":null,"('0189-S-1999', 2)":null,"('0189-S-1999', 3)":null},"('Firmantes', 'BLOQUE')":{"('0189-S-1999', 0)":"PODER EJECUTIVO","('0189-S-1999', 1)":"PODER EJECUTIVO","('0189-S-1999', 2)":"PODER EJECUTIVO","('0189-S-1999', 3)":"PODER EJECUTIVO"},"('Giros', 'COMISI\u00d3N')":{"('0189-S-1999', 0)":"RELACIONES EXTERIORES Y CULTO","('0189-S-1999', 1)":"FINANZAS","('0189-S-1999', 2)":"ECONOMIA","('0189-S-1999', 3)":"PRESUPUESTO Y HACIENDA"},"('Tramites', 'C\u00c1MARA')":{"('0189-S-1999', 0)":"Senado","('0189-S-1999', 1)":"Diputados","('0189-S-1999', 2)":"Diputados","('0189-S-1999', 3)":"Diputados"},"('Tramites', 'MOVIMIENTO')":{"('0189-S-1999', 0)":"CONSIDERACION Y APROBACION","('0189-S-1999', 1)":"PASA A DIPUTADOS -","('0189-S-1999', 2)":"MOCION SOBRE TABLAS (AFIRMATIVA)","('0189-S-1999', 3)":"CONSIDERACION Y SANCION"},"('Tramites', 'FECHA')":{"('0189-S-1999', 0)":"10\/11\/1999","('0189-S-1999', 1)":null,"('0189-S-1999', 2)":"07\/12\/2000","('0189-S-1999', 3)":"07\/12\/2000"},"('Tramites', 'RESULTADO')":{"('0189-S-1999', 0)":"MEDIA SANCION","('0189-S-1999', 1)":null,"('0189-S-1999', 2)":null,"('0189-S-1999', 3)":"SANCIONADO"},"Sumario":{"('0189-S-1999', 0)":"APROBACION; AUTORIZAR AL GOBERNADOR Y GOBERNADOR ALTERNO DE LA REPUBLICA ARGENTINA A LLEVAR A CABO LAS ACCIONES NECESARIAS PARA LA ACEPTACION DE ESTA ENMIENDA.","('0189-S-1999', 1)":null,"('0189-S-1999', 2)":null,"('0189-S-1999', 3)":null},"Palabra Clave":{"('0189-S-1999', 0)":" ","('0189-S-1999', 1)":null,"('0189-S-1999', 2)":null,"('0189-S-1999', 3)":null}}