{"Tipo de Proyecto":{"('0190-D-1999', 0)":"PROYECTO DE RESOLUCI\u00d3N","('0190-D-1999', 1)":null},"Iniciado en: ":{"('0190-D-1999', 0)":"Diputados","('0190-D-1999', 1)":null},"Expediente Diputados: ":{"('0190-D-1999', 0)":"0190-D-1999","('0190-D-1999', 1)":null},"Publicado en: ":{"('0190-D-1999', 0)":"Tr\u00e1mite Parlamentario N\u00b0 3","('0190-D-1999', 1)":null},"Fecha: ":{"('0190-D-1999', 0)":"03\/03\/1999","('0190-D-1999', 1)":null},"T\u00edtulo":{"('0190-D-1999', 0)":"CREACION DE UN CENTRO DE FRONTERAS CON ASIENTO EN EL DEPARTAMENTO DE LA CIUDAD DE ITUZAINGO, PROVINCIA DE CORRIENTES.","('0190-D-1999', 1)":null},"('Firmantes', 'FIRMANTE')":{"('0190-D-1999', 0)":"PANDO, ANA MARIA","('0190-D-1999', 1)":"DIAZ COLODRERO, LUIS MARIA"},"('Firmantes', 'DISTRITO')":{"('0190-D-1999', 0)":"CORRIENTES","('0190-D-1999', 1)":"CORRIENTES"},"('Firmantes', 'BLOQUE')":{"('0190-D-1999', 0)":"LIBERAL","('0190-D-1999', 1)":"LIBERAL"},"('Giros', 'COMISI\u00d3N')":{"('0190-D-1999', 0)":"POBLACION Y RECURSOS HUMANOS","('0190-D-1999', 1)":null},"Sumario":{"('0190-D-1999', 0)":"SOLICITUD AL PODER EJECUTIVO NACIONAL.","('0190-D-1999', 1)":null},"Palabra Clave":{"('0190-D-1999', 0)":" ","('0190-D-1999', 1)":null}}