{"Tipo de Proyecto":{"('0190-S-1999', 0)":"PROYECTO DE RESOLUCI\u00d3N"},"Iniciado en: ":{"('0190-S-1999', 0)":"Senado"},"Expediente Senado: ":{"('0190-S-1999', 0)":"0190-S-1999"},"Publicado en: ":{"('0190-S-1999', 0)":"Diario de Asuntos Entrados N\u00b0 10"},"Fecha: ":{"('0190-S-1999', 0)":"17\/03\/1999"},"T\u00edtulo":{"('0190-S-1999', 0)":"INVESTIGAR EL ACCIONAR DE UN GRUPO DE PERSONAS QUE PROMUEVEN LA REELECCION DEL PRESIDENTE MENEM.\n"},"('Firmantes', 'FIRMANTE')":{"('0190-S-1999', 0)":"MAGLIETTI, ALBERTO RAMON"},"('Firmantes', 'DISTRITO')":{"('0190-S-1999', 0)":"FORMOSA"},"('Firmantes', 'BLOQUE')":{"('0190-S-1999', 0)":"UCR"},"Sumario":{"('0190-S-1999', 0)":"SOLICITUD AL PROCURADOR GENERAL DE LA NACION."},"Palabra Clave":{"('0190-S-1999', 0)":" "}}