{"Tipo de Proyecto":{"('0191-S-1999', 0)":"MENSAJE NRO: 0797\/99 Y PROYECTO DE LEY","('0191-S-1999', 1)":null,"('0191-S-1999', 2)":null},"Iniciado en: ":{"('0191-S-1999', 0)":"Senado","('0191-S-1999', 1)":null,"('0191-S-1999', 2)":null},"Expediente Diputados: ":{"('0191-S-1999', 0)":"0191-S-1999","('0191-S-1999', 1)":null,"('0191-S-1999', 2)":null},"Expediente Senado: ":{"('0191-S-1999', 0)":"0373-PE-1999","('0191-S-1999', 1)":null,"('0191-S-1999', 2)":null},"Publicado en: ":{"('0191-S-1999', 0)":"Diario de Asuntos Entrados N\u00b0 69","('0191-S-1999', 1)":null,"('0191-S-1999', 2)":null},"Fecha: ":{"('0191-S-1999', 0)":"29\/07\/1999","('0191-S-1999', 1)":null,"('0191-S-1999', 2)":null},"T\u00edtulo":{"('0191-S-1999', 0)":"LEY 25012 (CREACION DE UN JUZGADO EN EL PARTIDO DE TRES DE FEBRERO, PROVINCIA DE BUENOS AIRES): MODIFICACION.","('0191-S-1999', 1)":null,"('0191-S-1999', 2)":null},"('Firmantes', 'FIRMANTE')":{"('0191-S-1999', 0)":"MENEM, CARLOS SAUL","('0191-S-1999', 1)":"RODRIGUEZ, JORGE","('0191-S-1999', 2)":"GRANILLO OCAMPO, RAUL"},"('Firmantes', 'DISTRITO')":{"('0191-S-1999', 0)":null,"('0191-S-1999', 1)":null,"('0191-S-1999', 2)":null},"('Firmantes', 'BLOQUE')":{"('0191-S-1999', 0)":"PODER EJECUTIVO","('0191-S-1999', 1)":"PODER EJECUTIVO","('0191-S-1999', 2)":"PODER EJECUTIVO"},"('Giros', 'COMISI\u00d3N')":{"('0191-S-1999', 0)":"JUSTICIA","('0191-S-1999', 1)":"PRESUPUESTO Y HACIENDA","('0191-S-1999', 2)":null},"('Tramites', 'C\u00c1MARA')":{"('0191-S-1999', 0)":"Senado","('0191-S-1999', 1)":"Diputados","('0191-S-1999', 2)":"Diputados"},"('Tramites', 'MOVIMIENTO')":{"('0191-S-1999', 0)":"CONSIDERACION Y APROBACION","('0191-S-1999', 1)":"PASA A DIPUTADOS -","('0191-S-1999', 2)":"CONSIDERACION Y SANCION"},"('Tramites', 'FECHA')":{"('0191-S-1999', 0)":"10\/11\/1999","('0191-S-1999', 1)":null,"('0191-S-1999', 2)":"05\/10\/2000"},"('Tramites', 'RESULTADO')":{"('0191-S-1999', 0)":"MEDIA SANCION","('0191-S-1999', 1)":null,"('0191-S-1999', 2)":"SANCIONADO"},"Sumario":{"('0191-S-1999', 0)":"SUSTITUCION DE LOS ARTICULOS 1, 3, 4, 5 Y 6; CREACION DE UNA FISCALIA Y UNA DEFENSORIA PUBLICA OFICIAL; CREACION DE UNA FISCALIA AUXILIAR Y UNA DEFENSORIA AUXILIAR; DEROGACION DEL ARTICULO 2; INCORPORACION DE LOS ARTICULOS 7 BIS Y 7 TER.","('0191-S-1999', 1)":null,"('0191-S-1999', 2)":null},"Palabra Clave":{"('0191-S-1999', 0)":" ","('0191-S-1999', 1)":null,"('0191-S-1999', 2)":null}}