{"Tipo de Proyecto":{"('0191-D-1999', 0)":"PROYECTO DE RESOLUCI\u00d3N","('0191-D-1999', 1)":null},"Iniciado en: ":{"('0191-D-1999', 0)":"Diputados","('0191-D-1999', 1)":null},"Expediente Diputados: ":{"('0191-D-1999', 0)":"0191-D-1999","('0191-D-1999', 1)":null},"Publicado en: ":{"('0191-D-1999', 0)":"Tr\u00e1mite Parlamentario N\u00b0 3","('0191-D-1999', 1)":null},"Fecha: ":{"('0191-D-1999', 0)":"03\/03\/1999","('0191-D-1999', 1)":null},"T\u00edtulo":{"('0191-D-1999', 0)":"DISPONER LAS MEDIDAS TENDIENTES A LOGRAR EL NORMAL FUNCIONAMIENTO DEL SISTEMA DE BALIZAMIENTO Y LLEVAR A CABO EL DRAGADO DEL TRAMO DEL RIO PARANA ENTRE LA CAPITAL DE LA PROVINCIA DE CORRIENTES Y LA CIUDAD DE ITUZAINGO.","('0191-D-1999', 1)":null},"('Firmantes', 'FIRMANTE')":{"('0191-D-1999', 0)":"PANDO, ANA MARIA","('0191-D-1999', 1)":"DIAZ COLODRERO, LUIS MARIA"},"('Firmantes', 'DISTRITO')":{"('0191-D-1999', 0)":"CORRIENTES","('0191-D-1999', 1)":"CORRIENTES"},"('Firmantes', 'BLOQUE')":{"('0191-D-1999', 0)":"LIBERAL","('0191-D-1999', 1)":"LIBERAL"},"('Giros', 'COMISI\u00d3N')":{"('0191-D-1999', 0)":"INTERESES MARITIMOS, FLUVIALES, PESQUEROS Y PORTUARIOS","('0191-D-1999', 1)":null},"('Tramites', 'C\u00c1MARA')":{"('0191-D-1999', 0)":"Diputados","('0191-D-1999', 1)":null},"('Tramites', 'MOVIMIENTO')":{"('0191-D-1999', 0)":"CONSIDERACION Y APROBACION","('0191-D-1999', 1)":null},"('Tramites', 'FECHA')":{"('0191-D-1999', 0)":"12\/05\/1999","('0191-D-1999', 1)":null},"('Tramites', 'RESULTADO')":{"('0191-D-1999', 0)":"APROBADO","('0191-D-1999', 1)":null},"Sumario":{"('0191-D-1999', 0)":"SOLICITUD AL PODER EJECUTIVO NACIONAL.","('0191-D-1999', 1)":null},"Palabra Clave":{"('0191-D-1999', 0)":" ","('0191-D-1999', 1)":null}}