{"Tipo de Proyecto":{"('0192-S-1999', 0)":"COMUNICACION"},"Iniciado en: ":{"('0192-S-1999', 0)":"Senado"},"Expediente Senado: ":{"('0192-S-1999', 0)":"0192-S-1999"},"Publicado en: ":{"('0192-S-1999', 0)":"Diario de Asuntos Entrados N\u00b0 10"},"Fecha: ":{"('0192-S-1999', 0)":"17\/03\/1999"},"T\u00edtulo":{"('0192-S-1999', 0)":"IMPLEMENTAR MEDIDAS SANITARIAS PARA CONTROLAR EL REBROTE DE HEPATITIS EN SANTIAGO DEL ESTERO.\n"},"('Firmantes', 'FIRMANTE')":{"('0192-S-1999', 0)":"MENEGHINI, JAVIER REYNALDO"},"('Firmantes', 'DISTRITO')":{"('0192-S-1999', 0)":"SANTIAGO DEL ESTERO"},"('Firmantes', 'BLOQUE')":{"('0192-S-1999', 0)":"UCR"},"Sumario":{"('0192-S-1999', 0)":"SOLICITUD AL PODER EJECUTIVO NACIONAL."},"Palabra Clave":{"('0192-S-1999', 0)":" "}}