{"Tipo de Proyecto":{"('0193-D-1999', 0)":"PROYECTO DE RESOLUCI\u00d3N","('0193-D-1999', 1)":null},"Iniciado en: ":{"('0193-D-1999', 0)":"Diputados","('0193-D-1999', 1)":null},"Expediente Diputados: ":{"('0193-D-1999', 0)":"0193-D-1999","('0193-D-1999', 1)":null},"Publicado en: ":{"('0193-D-1999', 0)":"Tr\u00e1mite Parlamentario N\u00b0 3","('0193-D-1999', 1)":null},"Fecha: ":{"('0193-D-1999', 0)":"03\/03\/1999","('0193-D-1999', 1)":null},"T\u00edtulo":{"('0193-D-1999', 0)":"CREACION DE UNA SUCURSAL DEL BANCO DE LA NACION ARGENTINA EN LA LOCALIDAD DE GOBERNADOR VIRASORO, PROVINCIA DE CORRIENTES.","('0193-D-1999', 1)":null},"('Firmantes', 'FIRMANTE')":{"('0193-D-1999', 0)":"PANDO, ANA MARIA","('0193-D-1999', 1)":"DIAZ COLODRERO, LUIS MARIA"},"('Firmantes', 'DISTRITO')":{"('0193-D-1999', 0)":"CORRIENTES","('0193-D-1999', 1)":"CORRIENTES"},"('Firmantes', 'BLOQUE')":{"('0193-D-1999', 0)":"LIBERAL","('0193-D-1999', 1)":"LIBERAL"},"('Giros', 'COMISI\u00d3N')":{"('0193-D-1999', 0)":"FINANZAS","('0193-D-1999', 1)":null},"Sumario":{"('0193-D-1999', 0)":"SOLICITUD AL PODER EJECUTIVO NACIONAL.","('0193-D-1999', 1)":null},"Palabra Clave":{"('0193-D-1999', 0)":" ","('0193-D-1999', 1)":null}}