{"Tipo de Proyecto":{"('0195-S-1999', 0)":"PROYECTO DE LEY","('0195-S-1999', 1)":null,"('0195-S-1999', 2)":null},"Iniciado en: ":{"('0195-S-1999', 0)":"Senado","('0195-S-1999', 1)":null,"('0195-S-1999', 2)":null},"Expediente Diputados: ":{"('0195-S-1999', 0)":"0195-S-1999","('0195-S-1999', 1)":null,"('0195-S-1999', 2)":null},"Expediente Senado: ":{"('0195-S-1999', 0)":"1397-S-1999","('0195-S-1999', 1)":null,"('0195-S-1999', 2)":null},"Publicado en: ":{"('0195-S-1999', 0)":"Diario de Asuntos Entrados N\u00b0 84","('0195-S-1999', 1)":null,"('0195-S-1999', 2)":null},"Fecha: ":{"('0195-S-1999', 0)":"25\/08\/1999","('0195-S-1999', 1)":null,"('0195-S-1999', 2)":null},"T\u00edtulo":{"('0195-S-1999', 0)":"RESTITUCION A LA PROVINCIA DE ENTRE RIOS DE UN INMUEBLE PROPIEDAD DE ESTADO NACIONAL UBICADO EN LA CIUDAD DE PARANA.","('0195-S-1999', 1)":null,"('0195-S-1999', 2)":null},"('Firmantes', 'FIRMANTE')":{"('0195-S-1999', 0)":"ALASINO, AUGUSTO JOSE M.","('0195-S-1999', 1)":null,"('0195-S-1999', 2)":null},"('Firmantes', 'DISTRITO')":{"('0195-S-1999', 0)":"ENTRE RIOS","('0195-S-1999', 1)":null,"('0195-S-1999', 2)":null},"('Firmantes', 'BLOQUE')":{"('0195-S-1999', 0)":"JUSTICIALISTA","('0195-S-1999', 1)":null,"('0195-S-1999', 2)":null},"('Giros', 'COMISI\u00d3N')":{"('0195-S-1999', 0)":"LEGISLACION GENERAL","('0195-S-1999', 1)":"DEFENSA NACIONAL","('0195-S-1999', 2)":"CULTURA"},"('Tramites', 'C\u00c1MARA')":{"('0195-S-1999', 0)":"Senado","('0195-S-1999', 1)":"Diputados","('0195-S-1999', 2)":null},"('Tramites', 'MOVIMIENTO')":{"('0195-S-1999', 0)":"CONSIDERACION Y APROBACION CON MODIFICACIONES","('0195-S-1999', 1)":"PASA A DIPUTADOS -","('0195-S-1999', 2)":null},"('Tramites', 'FECHA')":{"('0195-S-1999', 0)":"10\/11\/1999","('0195-S-1999', 1)":null,"('0195-S-1999', 2)":null},"('Tramites', 'RESULTADO')":{"('0195-S-1999', 0)":"MEDIA SANCION","('0195-S-1999', 1)":null,"('0195-S-1999', 2)":null},"Sumario":{"('0195-S-1999', 0)":"CARGO: ASENTAMIENTO DEFINITIVO DEL MUSEO DE CIENCIAS NATURALES Y ANTROPOLOGICAS 'PROFESOR ANTONIO SERRANO'.","('0195-S-1999', 1)":null,"('0195-S-1999', 2)":null},"Palabra Clave":{"('0195-S-1999', 0)":" ","('0195-S-1999', 1)":null,"('0195-S-1999', 2)":null}}