{"Tipo de Proyecto":{"('0197-S-1999', 0)":"COMUNICACION","('0197-S-1999', 1)":null,"('0197-S-1999', 2)":null},"Iniciado en: ":{"('0197-S-1999', 0)":"Senado","('0197-S-1999', 1)":null,"('0197-S-1999', 2)":null},"Expediente Senado: ":{"('0197-S-1999', 0)":"0197-S-1999","('0197-S-1999', 1)":null,"('0197-S-1999', 2)":null},"Publicado en: ":{"('0197-S-1999', 0)":"Diario de Asuntos Entrados N\u00b0 10","('0197-S-1999', 1)":null,"('0197-S-1999', 2)":null},"Fecha: ":{"('0197-S-1999', 0)":"17\/03\/1999","('0197-S-1999', 1)":null,"('0197-S-1999', 2)":null},"T\u00edtulo":{"('0197-S-1999', 0)":"RECONOCER EN SEDE ADMINISTRATIVA EL PAGO DE UN SUPLEMENTO A LOS RETIRADOS Y PENSIONADOS DE LA POLICIA DE TERRITORIOS NACIONALES.\n","('0197-S-1999', 1)":null,"('0197-S-1999', 2)":null},"('Firmantes', 'FIRMANTE')":{"('0197-S-1999', 0)":"ZALAZAR, HORACIO ANIBAL","('0197-S-1999', 1)":"MANFREDOTTI, CARLOS","('0197-S-1999', 2)":"ROMERO, MARCELO"},"('Firmantes', 'DISTRITO')":{"('0197-S-1999', 0)":"CHACO","('0197-S-1999', 1)":"TIERRA DEL FUEGO","('0197-S-1999', 2)":"TIERRA DEL FUEGO"},"('Firmantes', 'BLOQUE')":{"('0197-S-1999', 0)":"JUSTICIALISTA","('0197-S-1999', 1)":"JUSTICIALISTA","('0197-S-1999', 2)":"MOV POP FUEGUINO"},"('Tramites', 'C\u00c1MARA')":{"('0197-S-1999', 0)":"Senado","('0197-S-1999', 1)":"Senado","('0197-S-1999', 2)":"Senado"},"('Tramites', 'MOVIMIENTO')":{"('0197-S-1999', 0)":"SOLICITUD DE SER COFIRMANTE DEL SENADOR MANFREDOTTI (0373-S-99) (A SUS ANTECEDENTES)","('0197-S-1999', 1)":"SOLICITUD DE SER COFIRMANTE DEL SENADOR ROMERO (0544-S-99) (A SUS ANTECEDENTES)","('0197-S-1999', 2)":"CONSIDERACION Y APROBACION"},"('Tramites', 'FECHA')":{"('0197-S-1999', 0)":"14\/04\/1999","('0197-S-1999', 1)":"28\/04\/1999","('0197-S-1999', 2)":"16\/06\/1999"},"('Tramites', 'RESULTADO')":{"('0197-S-1999', 0)":null,"('0197-S-1999', 1)":null,"('0197-S-1999', 2)":"APROBADO"},"Sumario":{"('0197-S-1999', 0)":"SOLICITUD AL PODER EJECUTIVO NACIONAL.","('0197-S-1999', 1)":null,"('0197-S-1999', 2)":null},"Palabra Clave":{"('0197-S-1999', 0)":" ","('0197-S-1999', 1)":null,"('0197-S-1999', 2)":null}}