{"Tipo de Proyecto":{"('0198-D-1999', 0)":"PROYECTO DE RESOLUCI\u00d3N","('0198-D-1999', 1)":null},"Iniciado en: ":{"('0198-D-1999', 0)":"Diputados","('0198-D-1999', 1)":null},"Expediente Diputados: ":{"('0198-D-1999', 0)":"0198-D-1999","('0198-D-1999', 1)":null},"Publicado en: ":{"('0198-D-1999', 0)":"Tr\u00e1mite Parlamentario N\u00b0 3","('0198-D-1999', 1)":null},"Fecha: ":{"('0198-D-1999', 0)":"03\/03\/1999","('0198-D-1999', 1)":null},"T\u00edtulo":{"('0198-D-1999', 0)":"PEDIDO DE INFORMES: SOBRE EL CONVENIO AR 3960 CELEBRADO ENTRE LA MUNICIPALIDAD DE LA CIUDAD DE CORRIENTES Y EL BANCO INTERAMERICANO DE RECONSTRUCCION Y FOMENTO (BIRF)PARA LA REMODELACION Y RECONSTRUCCION DEL CENTRO RECREATIVO Y CULTURAL (EX HIPODROMO).","('0198-D-1999', 1)":null},"('Firmantes', 'FIRMANTE')":{"('0198-D-1999', 0)":"PANDO, ANA MARIA","('0198-D-1999', 1)":"DIAZ COLODRERO, LUIS MARIA"},"('Firmantes', 'DISTRITO')":{"('0198-D-1999', 0)":"CORRIENTES","('0198-D-1999', 1)":"CORRIENTES"},"('Firmantes', 'BLOQUE')":{"('0198-D-1999', 0)":"LIBERAL","('0198-D-1999', 1)":"LIBERAL"},"('Giros', 'COMISI\u00d3N')":{"('0198-D-1999', 0)":"ASUNTOS MUNICIPALES","('0198-D-1999', 1)":"FINANZAS"},"Sumario":{"('0198-D-1999', 0)":"SOLICITUD AL PODER EJECUTIVO NACIONAL.","('0198-D-1999', 1)":null},"Palabra Clave":{"('0198-D-1999', 0)":" ","('0198-D-1999', 1)":null}}