{"Tipo de Proyecto":{"('0199-D-1999', 0)":"PROYECTO DE RESOLUCI\u00d3N","('0199-D-1999', 1)":null},"Iniciado en: ":{"('0199-D-1999', 0)":"Diputados","('0199-D-1999', 1)":null},"Expediente Diputados: ":{"('0199-D-1999', 0)":"0199-D-1999","('0199-D-1999', 1)":null},"Publicado en: ":{"('0199-D-1999', 0)":"Tr\u00e1mite Parlamentario N\u00b0 3","('0199-D-1999', 1)":null},"Fecha: ":{"('0199-D-1999', 0)":"03\/03\/1999","('0199-D-1999', 1)":null},"T\u00edtulo":{"('0199-D-1999', 0)":"REALIZACION DE LAS INVERSIONES NECESARIAS TENDIENTES A LOGRAR LA EJECUCION DE LAS OBRAS DE DRAGADO, SE\u00d1ALIZACION Y MANTENIMIENTO DEL PROGRAMA 'HIDROVIA PARAGUAY - PARANA' EN DIVERSOS TRAMOS.","('0199-D-1999', 1)":null},"('Firmantes', 'FIRMANTE')":{"('0199-D-1999', 0)":"PANDO, ANA MARIA","('0199-D-1999', 1)":"DIAZ COLODRERO, LUIS MARIA"},"('Firmantes', 'DISTRITO')":{"('0199-D-1999', 0)":"CORRIENTES","('0199-D-1999', 1)":"CORRIENTES"},"('Firmantes', 'BLOQUE')":{"('0199-D-1999', 0)":"LIBERAL","('0199-D-1999', 1)":"LIBERAL"},"('Giros', 'COMISI\u00d3N')":{"('0199-D-1999', 0)":"INTERESES MARITIMOS, FLUVIALES, PESQUEROS Y PORTUARIOS","('0199-D-1999', 1)":null},"('Tramites', 'C\u00c1MARA')":{"('0199-D-1999', 0)":"Diputados","('0199-D-1999', 1)":null},"('Tramites', 'MOVIMIENTO')":{"('0199-D-1999', 0)":"CONSIDERACION Y APROBACION","('0199-D-1999', 1)":null},"('Tramites', 'FECHA')":{"('0199-D-1999', 0)":"12\/05\/1999","('0199-D-1999', 1)":null},"('Tramites', 'RESULTADO')":{"('0199-D-1999', 0)":"APROBADO","('0199-D-1999', 1)":null},"Sumario":{"('0199-D-1999', 0)":"SOLICITUD AL PODER EJECUTIVO NACIONAL.","('0199-D-1999', 1)":null},"Palabra Clave":{"('0199-D-1999', 0)":" ","('0199-D-1999', 1)":null}}