{"Tipo de Proyecto":{"('0200-D-1999', 0)":"PROYECTO DE RESOLUCI\u00d3N","('0200-D-1999', 1)":null},"Iniciado en: ":{"('0200-D-1999', 0)":"Diputados","('0200-D-1999', 1)":null},"Expediente Diputados: ":{"('0200-D-1999', 0)":"0200-D-1999","('0200-D-1999', 1)":null},"Publicado en: ":{"('0200-D-1999', 0)":"Tr\u00e1mite Parlamentario N\u00b0 3","('0200-D-1999', 1)":null},"Fecha: ":{"('0200-D-1999', 0)":"03\/03\/1999","('0200-D-1999', 1)":null},"T\u00edtulo":{"('0200-D-1999', 0)":"PEDIDO DE INFORMES: SOBRE LOS MONTOS GIRADOS MENSUALMENTE A LA PROVINCIA DE CORRIENTES, EN CONCEPTO DE COPARTICIPACION FEDERAL DE IMPUESTOS.","('0200-D-1999', 1)":null},"('Firmantes', 'FIRMANTE')":{"('0200-D-1999', 0)":"PANDO, ANA MARIA","('0200-D-1999', 1)":"DIAZ COLODRERO, LUIS MARIA"},"('Firmantes', 'DISTRITO')":{"('0200-D-1999', 0)":"CORRIENTES","('0200-D-1999', 1)":"CORRIENTES"},"('Firmantes', 'BLOQUE')":{"('0200-D-1999', 0)":"LIBERAL","('0200-D-1999', 1)":"LIBERAL"},"('Giros', 'COMISI\u00d3N')":{"('0200-D-1999', 0)":"PRESUPUESTO Y HACIENDA","('0200-D-1999', 1)":null},"Sumario":{"('0200-D-1999', 0)":"SOLICITUD AL PODER EJECUTIVO NACIONAL.","('0200-D-1999', 1)":null},"Palabra Clave":{"('0200-D-1999', 0)":" ","('0200-D-1999', 1)":null}}