{"Tipo de Proyecto":{"('0202-OV-1999', 0)":"PROYECTO DE RESOLUCI\u00d3N"},"Iniciado en: ":{"('0202-OV-1999', 0)":"Senado"},"Expediente Senado: ":{"('0202-OV-1999', 0)":"0202-OV-1999"},"Fecha: ":{"('0202-OV-1999', 0)":"27\/04\/2001"},"T\u00edtulo":{"('0202-OV-1999', 0)":"DICTAMEN EN LAS RESOLUCIONES REMITIDAS POR LA AUDITORIA GENERAL DE LA NACION SOBRE LOS ESTADOS CONTABLES DE COVIARA EMPRESA DEL ESTADO, EJERCICIOS 1996 Y 1997."},"('Firmantes', 'FIRMANTE')":{"('0202-OV-1999', 0)":"PARLAMENTARIA MIXTA REVISORA DE CUENTAS"},"('Firmantes', 'DISTRITO')":{"('0202-OV-1999', 0)":null},"('Firmantes', 'BLOQUE')":{"('0202-OV-1999', 0)":null},"('Tramites', 'C\u00c1MARA')":{"('0202-OV-1999', 0)":"Senado"},"('Tramites', 'MOVIMIENTO')":{"('0202-OV-1999', 0)":"CONSIDERACION Y APROBACION"},"('Tramites', 'FECHA')":{"('0202-OV-1999', 0)":"16\/05\/2001"},"('Tramites', 'RESULTADO')":{"('0202-OV-1999', 0)":"APROBADO"},"Sumario":{"('0202-OV-1999', 0)":"REMISION AL ARCHIVO."},"Palabra Clave":{"('0202-OV-1999', 0)":" "}}