{"Tipo de Proyecto":{"('0206-S-1999', 0)":"PROYECTO DE LEY"},"Iniciado en: ":{"('0206-S-1999', 0)":"Senado"},"Expediente Senado: ":{"('0206-S-1999', 0)":"0206-S-1999"},"Publicado en: ":{"('0206-S-1999', 0)":"Diario de Asuntos Entrados N\u00b0 10"},"Fecha: ":{"('0206-S-1999', 0)":"17\/03\/1999"},"T\u00edtulo":{"('0206-S-1999', 0)":"MODIFICACION DEL CODIGO PROCESAL CIVIL Y COMERCIAL, LEY 17454 (TEXTO ORDENADO POR DECRETO 1042\/81) (REPRODUCCION DEL EXPEDIENTE 2200-S-97).\n"},"('Firmantes', 'FIRMANTE')":{"('0206-S-1999', 0)":"ROMERO FERIS, JOSE ANTONIO"},"('Firmantes', 'DISTRITO')":{"('0206-S-1999', 0)":"CORRIENTES"},"('Firmantes', 'BLOQUE')":{"('0206-S-1999', 0)":"AUTONOMISTA"},"('Tramites', 'C\u00c1MARA')":{"('0206-S-1999', 0)":"Senado"},"('Tramites', 'MOVIMIENTO')":{"('0206-S-1999', 0)":"REPRODUCIDO POR EXPEDIENTE 0607-S-01 (DAE 39)"},"('Tramites', 'FECHA')":{"('0206-S-1999', 0)":null},"('Tramites', 'RESULTADO')":{"('0206-S-1999', 0)":null},"Sumario":{"('0206-S-1999', 0)":"AGREGASE EL ARTICULO 703 BIS (SUCESIONES AB INTESTATO, AMPLIACION DE LA DECLARATORIA)."},"Palabra Clave":{"('0206-S-1999', 0)":" "}}