{"Tipo de Proyecto":{"('0208-S-1999', 0)":"PROYECTO DE RESOLUCI\u00d3N","('0208-S-1999', 1)":null,"('0208-S-1999', 2)":null},"Iniciado en: ":{"('0208-S-1999', 0)":"Senado","('0208-S-1999', 1)":null,"('0208-S-1999', 2)":null},"Expediente Diputados: ":{"('0208-S-1999', 0)":"0208-S-1999","('0208-S-1999', 1)":null,"('0208-S-1999', 2)":null},"Expediente Senado: ":{"('0208-S-1999', 0)":"1869-S-1999","('0208-S-1999', 1)":null,"('0208-S-1999', 2)":null},"Publicado en: ":{"('0208-S-1999', 0)":"Diario de Asuntos Entrados N\u00b0 0","('0208-S-1999', 1)":null,"('0208-S-1999', 2)":null},"Fecha: ":{"('0208-S-1999', 0)":"05\/11\/1999","('0208-S-1999', 1)":null,"('0208-S-1999', 2)":null},"T\u00edtulo":{"('0208-S-1999', 0)":"INFORME TECNICO ELABORADO POR LA COMISION PARLAMENTARIA MIXTA REVISORA DE CUENTAS DE LA ADMINISTRACION CON RELACION A LA LICITACION PUBLICA NACIONAL E INTERNACIONAL 12\/97 - PLAN NACIONAL DE RADARIZACION - PRIMERA ETAPA.","('0208-S-1999', 1)":null,"('0208-S-1999', 2)":null},"('Firmantes', 'FIRMANTE')":{"('0208-S-1999', 0)":"PARLAMENTARIA MIXTA REVISORA DE CUENTAS","('0208-S-1999', 1)":null,"('0208-S-1999', 2)":null},"('Firmantes', 'DISTRITO')":{"('0208-S-1999', 0)":null,"('0208-S-1999', 1)":null,"('0208-S-1999', 2)":null},"('Firmantes', 'BLOQUE')":{"('0208-S-1999', 0)":null,"('0208-S-1999', 1)":null,"('0208-S-1999', 2)":null},"('Giros', 'COMISI\u00d3N')":{"('0208-S-1999', 0)":"PARLAMENTARIA MIXTA REVISORA DE CUENTAS","('0208-S-1999', 1)":null,"('0208-S-1999', 2)":null},"('Tramites', 'C\u00c1MARA')":{"('0208-S-1999', 0)":"Senado","('0208-S-1999', 1)":"Diputados","('0208-S-1999', 2)":"Diputados"},"('Tramites', 'MOVIMIENTO')":{"('0208-S-1999', 0)":"CONSIDERACION Y APROBACION CON MODIFICACIONES","('0208-S-1999', 1)":"PASA A DIPUTADOS -","('0208-S-1999', 2)":"CONSIDERACION Y APROBACION"},"('Tramites', 'FECHA')":{"('0208-S-1999', 0)":"17\/11\/1999","('0208-S-1999', 1)":null,"('0208-S-1999', 2)":"11\/05\/2000"},"('Tramites', 'RESULTADO')":{"('0208-S-1999', 0)":"APROBADO","('0208-S-1999', 1)":null,"('0208-S-1999', 2)":"APROBADO"},"Sumario":{"('0208-S-1999', 0)":"DIRIGIRSE AL PODER EJECUTIVO NACIONAL MANIFESTANDO DE QUE CORRESPONDE DEJAR SIN EFECTO POR RAZONES DE ILEGITIMIDAD EL ACTO ADMINISTRATIVO DE ADJUDICACION DE LA LICITACION, DISPONIENDO LA REALIZACION DE UN NUEVO LLAMADO A LICITACION.","('0208-S-1999', 1)":null,"('0208-S-1999', 2)":null},"Palabra Clave":{"('0208-S-1999', 0)":" ","('0208-S-1999', 1)":null,"('0208-S-1999', 2)":null}}