{"Tipo de Proyecto":{"('0208-OV-1999', 0)":"PROYECTO DE RESOLUCI\u00d3N"},"Iniciado en: ":{"('0208-OV-1999', 0)":"Senado"},"Expediente Senado: ":{"('0208-OV-1999', 0)":"0208-OV-1999"},"Fecha: ":{"('0208-OV-1999', 0)":"01\/03\/2001"},"T\u00edtulo":{"('0208-OV-1999', 0)":"DICTAMEN DE LA RESOLUCION REMITIDA POR LA AUDITORIA GENERAL DE LA NACION SOBRE SERVICIOS DE LA DEUDA DEL BOCON PREVISIONAL, SEGUNDA SERIE, AL 30\/10\/1998."},"('Firmantes', 'FIRMANTE')":{"('0208-OV-1999', 0)":"PARLAMENTARIA MIXTA REVISORA DE CUENTAS"},"('Firmantes', 'DISTRITO')":{"('0208-OV-1999', 0)":null},"('Firmantes', 'BLOQUE')":{"('0208-OV-1999', 0)":null},"('Tramites', 'C\u00c1MARA')":{"('0208-OV-1999', 0)":"Senado"},"('Tramites', 'MOVIMIENTO')":{"('0208-OV-1999', 0)":"CONSIDERACION Y APROBACION (AL ARCHIVO)"},"('Tramites', 'FECHA')":{"('0208-OV-1999', 0)":"07\/03\/2001"},"('Tramites', 'RESULTADO')":{"('0208-OV-1999', 0)":"ARCHIVADO"},"Link":{"('0208-OV-1999', 0)":"http:\/\/www.senado.gov.ar\/parlamentario\/comisiones\/verExp\/208.99\/OV\/PR"},"Palabra Clave":{"('0208-OV-1999', 0)":" "}}