{"Tipo de Proyecto":{"('0212-S-1999', 0)":"PROYECTO DE DECLARACI\u00d3N"},"Iniciado en: ":{"('0212-S-1999', 0)":"Senado"},"Expediente Senado: ":{"('0212-S-1999', 0)":"0212-S-1999"},"Publicado en: ":{"('0212-S-1999', 0)":"Diario de Asuntos Entrados N\u00b0 11"},"Fecha: ":{"('0212-S-1999', 0)":"19\/03\/1999"},"T\u00edtulo":{"('0212-S-1999', 0)":"CAIDA DE UN HELICOPTERO EN LA REPUBLICA HAITI, AFECTADO A LA ONU Y EN MISION DE PAZ, EN CUYA TRIPULACION SE ENCONTRABAN SEIS EFECTIVOS DE GENDARMERIA NACIONAL.\n\n\n\n\n"},"('Firmantes', 'FIRMANTE')":{"('0212-S-1999', 0)":"BERHONGARAY, ANTONIO TOMAS"},"('Firmantes', 'DISTRITO')":{"('0212-S-1999', 0)":"LA PAMPA"},"('Firmantes', 'BLOQUE')":{"('0212-S-1999', 0)":"UCR"},"('Tramites', 'C\u00c1MARA')":{"('0212-S-1999', 0)":"Senado"},"('Tramites', 'MOVIMIENTO')":{"('0212-S-1999', 0)":"VER TRAMITE EN EXPEDIENTE 0175-S-99"},"('Tramites', 'FECHA')":{"('0212-S-1999', 0)":null},"('Tramites', 'RESULTADO')":{"('0212-S-1999', 0)":null},"Sumario":{"('0212-S-1999', 0)":"EXPRESION DE PESAR."},"Palabra Clave":{"('0212-S-1999', 0)":" "}}