{"Tipo de Proyecto":{"('0215-S-1999', 0)":"PROYECTO DE LEY"},"Iniciado en: ":{"('0215-S-1999', 0)":"Senado"},"Expediente Senado: ":{"('0215-S-1999', 0)":"0215-S-1999"},"Publicado en: ":{"('0215-S-1999', 0)":"Diario de Asuntos Entrados N\u00b0 11"},"Fecha: ":{"('0215-S-1999', 0)":"19\/03\/1999"},"T\u00edtulo":{"('0215-S-1999', 0)":"MODIFICACION A LA LEY 24937 DE CREACION DEL CONSEJO DE LA MAGISTRATURA.\n\n\n\n\n"},"('Firmantes', 'FIRMANTE')":{"('0215-S-1999', 0)":"USANDIZAGA, HORACIO DANIEL"},"('Firmantes', 'DISTRITO')":{"('0215-S-1999', 0)":"SANTA FE"},"('Firmantes', 'BLOQUE')":{"('0215-S-1999', 0)":"UCR"},"('Tramites', 'C\u00c1MARA')":{"('0215-S-1999', 0)":"Senado"},"('Tramites', 'MOVIMIENTO')":{"('0215-S-1999', 0)":"REPRODUCIDO POR EXPEDIENTE 0006-S-01 (DAE 1)"},"('Tramites', 'FECHA')":{"('0215-S-1999', 0)":null},"('Tramites', 'RESULTADO')":{"('0215-S-1999', 0)":null},"Sumario":{"('0215-S-1999', 0)":"INCORPORACION DE LOS INCISOS 15) Y 16) AL ARTICULO 7 (ELABORACION Y OPINION SOBRE PROYECTOS EN TEMAS VINCULADOS A LA ORGANIZACION DEL PODER JUDICIAL)."},"Palabra Clave":{"('0215-S-1999', 0)":" "}}