{"Tipo de Proyecto":{"('0217-S-1999', 0)":"PROYECTO DE LEY","('0217-S-1999', 1)":null,"('0217-S-1999', 2)":null},"Iniciado en: ":{"('0217-S-1999', 0)":"Senado","('0217-S-1999', 1)":null,"('0217-S-1999', 2)":null},"Expediente Diputados: ":{"('0217-S-1999', 0)":"0217-S-1999","('0217-S-1999', 1)":null,"('0217-S-1999', 2)":null},"Expediente Senado: ":{"('0217-S-1999', 0)":"1600-S-1999","('0217-S-1999', 1)":null,"('0217-S-1999', 2)":null},"Publicado en: ":{"('0217-S-1999', 0)":"Diario de Asuntos Entrados N\u00b0 98","('0217-S-1999', 1)":null,"('0217-S-1999', 2)":null},"Fecha: ":{"('0217-S-1999', 0)":"17\/09\/1999","('0217-S-1999', 1)":null,"('0217-S-1999', 2)":null},"T\u00edtulo":{"('0217-S-1999', 0)":"DECLARAR MONUMENTO HISTORICO ARTISTICO NACIONAL AL EDIFICIO QUE OCUPA LA CASA DE MANSILLA EN LA CIUDAD DE BUENOS AIRES.","('0217-S-1999', 1)":null,"('0217-S-1999', 2)":null},"('Firmantes', 'FIRMANTE')":{"('0217-S-1999', 0)":"DE LA ROSA, CARLOS LEONARDO","('0217-S-1999', 1)":"DEL PIERO, PEDRO","('0217-S-1999', 2)":"GARCIA ARECHA, JOSE MARIA"},"('Firmantes', 'DISTRITO')":{"('0217-S-1999', 0)":"MENDOZA","('0217-S-1999', 1)":"CIUDAD de BUENOS AIRES","('0217-S-1999', 2)":"CIUDAD de BUENOS AIRES"},"('Firmantes', 'BLOQUE')":{"('0217-S-1999', 0)":"JUSTICIALISTA","('0217-S-1999', 1)":"FREPASO","('0217-S-1999', 2)":"UCR"},"('Giros', 'COMISI\u00d3N')":{"('0217-S-1999', 0)":"CULTURA","('0217-S-1999', 1)":null,"('0217-S-1999', 2)":null},"('Tramites', 'C\u00c1MARA')":{"('0217-S-1999', 0)":"Senado","('0217-S-1999', 1)":"Diputados","('0217-S-1999', 2)":"Diputados"},"('Tramites', 'MOVIMIENTO')":{"('0217-S-1999', 0)":"CONSIDERACION Y APROBACION","('0217-S-1999', 1)":"PASA A DIPUTADOS - (TP 193)","('0217-S-1999', 2)":"CONSIDERACION Y SANCION"},"('Tramites', 'FECHA')":{"('0217-S-1999', 0)":"01\/12\/1999","('0217-S-1999', 1)":null,"('0217-S-1999', 2)":"07\/09\/2000"},"('Tramites', 'RESULTADO')":{"('0217-S-1999', 0)":"MEDIA SANCION","('0217-S-1999', 1)":null,"('0217-S-1999', 2)":"SANCIONADO"},"Sumario":{"('0217-S-1999', 0)":"SOMETIMIENTO AL REGIMEN DE LA LEY 12665, MODIFICATORIAS Y DECRETOS REGLAMENTARIOS.","('0217-S-1999', 1)":null,"('0217-S-1999', 2)":null},"Palabra Clave":{"('0217-S-1999', 0)":" ","('0217-S-1999', 1)":null,"('0217-S-1999', 2)":null}}