{"Tipo de Proyecto":{"('0222-D-1999', 0)":"PROYECTO DE DECLARACI\u00d3N","('0222-D-1999', 1)":null,"('0222-D-1999', 2)":null},"Iniciado en: ":{"('0222-D-1999', 0)":"Diputados","('0222-D-1999', 1)":null,"('0222-D-1999', 2)":null},"Expediente Diputados: ":{"('0222-D-1999', 0)":"0222-D-1999","('0222-D-1999', 1)":null,"('0222-D-1999', 2)":null},"Publicado en: ":{"('0222-D-1999', 0)":"Tr\u00e1mite Parlamentario N\u00b0 3","('0222-D-1999', 1)":null,"('0222-D-1999', 2)":null},"Fecha: ":{"('0222-D-1999', 0)":"03\/03\/1999","('0222-D-1999', 1)":null,"('0222-D-1999', 2)":null},"T\u00edtulo":{"('0222-D-1999', 0)":"ARBITRAR LAS MEDIDAS CONDUCENTES A LOS EFECTOS DE CONVOCAR EN UN PLAZO PERENTORIO A UNA CUMBRE DE PRESIDENTES, A CELEBRARSE EN LA REPUBLICA ARGENTINA, DE LOS PAISES MIEMBROS Y ASOCIADOS DEL MERCOSUR, CON EL PROPOSITO DE ACORDAR POLITICAS MACROECONOMICAS Y SECTORIALES CONJUNTAS (REPRODUCIDO CONFORME RESOLUCION H CAMARA DE DIPUTADOS DEL 05\/06\/1996)","('0222-D-1999', 1)":null,"('0222-D-1999', 2)":null},"('Firmantes', 'FIRMANTE')":{"('0222-D-1999', 0)":"LEYBA DE MARTI, BEATRIZ","('0222-D-1999', 1)":"NEGRI, MARIO RAUL","('0222-D-1999', 2)":null},"('Firmantes', 'DISTRITO')":{"('0222-D-1999', 0)":"CORDOBA","('0222-D-1999', 1)":"CORDOBA","('0222-D-1999', 2)":null},"('Firmantes', 'BLOQUE')":{"('0222-D-1999', 0)":"UCR","('0222-D-1999', 1)":"UCR","('0222-D-1999', 2)":null},"('Giros', 'COMISI\u00d3N')":{"('0222-D-1999', 0)":"MERCOSUR","('0222-D-1999', 1)":null,"('0222-D-1999', 2)":null},"('Tramites', 'C\u00c1MARA')":{"('0222-D-1999', 0)":"Diputados","('0222-D-1999', 1)":"Diputados","('0222-D-1999', 2)":"Diputados"},"('Tramites', 'MOVIMIENTO')":{"('0222-D-1999', 0)":"SOLICITUD DE REPRODUCCION DEL PROYECTO PARA EL PERIODO 118 (2000), SEGUN LOS TERMINOS DEL ARTICULO 7 DE LA RESOLUCION DE LA HCD DEL 05\/06\/1996 (BAE 48 DEL 29\/02\/2000)","('0222-D-1999', 1)":"CONSIDERACION Y APROBACION","('0222-D-1999', 2)":"CONTESTACION DEL PODER EJECUTIVO NACIONAL - JEFE DE GABINETE DE MINISTROS - (0344-OV-00); GIRADA A LA COMISION RESPECTIVA (BAE 32\/00)"},"('Tramites', 'FECHA')":{"('0222-D-1999', 0)":null,"('0222-D-1999', 1)":"15\/06\/2000","('0222-D-1999', 2)":"07\/12\/2000"},"('Tramites', 'RESULTADO')":{"('0222-D-1999', 0)":null,"('0222-D-1999', 1)":"APROBADO","('0222-D-1999', 2)":null},"Sumario":{"('0222-D-1999', 0)":"SOLICITUD AL PODER EJECUTIVO NACIONAL  DEBIDO A LA GRAVE SITUACION ECONOMICA FINANCIERA POR LA QUE ATRAVIESA LA REPUBLICA FEDERATIVA DEL BRASIL.","('0222-D-1999', 1)":null,"('0222-D-1999', 2)":null},"Palabra Clave":{"('0222-D-1999', 0)":" ","('0222-D-1999', 1)":null,"('0222-D-1999', 2)":null}}