{"Tipo de Proyecto":{"('0222-S-1999', 0)":"PROYECTO DE DECLARACI\u00d3N"},"Iniciado en: ":{"('0222-S-1999', 0)":"Senado"},"Expediente Senado: ":{"('0222-S-1999', 0)":"0222-S-1999"},"Publicado en: ":{"('0222-S-1999', 0)":"Diario de Asuntos Entrados N\u00b0 11"},"Fecha: ":{"('0222-S-1999', 0)":"19\/03\/1999"},"T\u00edtulo":{"('0222-S-1999', 0)":"PRIMER CAMPEONATO DEPARTAMENTAL DE JOVENES EN CAMPA\u00d1A CONTRA EL SIDA 'LA FUERZA DEL CAMBIO' A REALIZARSE ENTRE EL 23 Y 25 DE ABRIL DE 1999 EN LA PROVINCIA DE SANTA FE.\n\n\n\n\n"},"('Firmantes', 'FIRMANTE')":{"('0222-S-1999', 0)":"REUTEMANN, CARLOS ALBERTO"},"('Firmantes', 'DISTRITO')":{"('0222-S-1999', 0)":"SANTA FE"},"('Firmantes', 'BLOQUE')":{"('0222-S-1999', 0)":"JUSTICIALISTA"},"('Tramites', 'C\u00c1MARA')":{"('0222-S-1999', 0)":"Senado"},"('Tramites', 'MOVIMIENTO')":{"('0222-S-1999', 0)":"CONSIDERACION Y PASE AL ARCHIVO (EVENTO VENCIDO)"},"('Tramites', 'FECHA')":{"('0222-S-1999', 0)":"05\/05\/1999"},"('Tramites', 'RESULTADO')":{"('0222-S-1999', 0)":"ARCHIVADO"},"Sumario":{"('0222-S-1999', 0)":"DECLARARLO DE INTERES PARA EL H SENADO."},"Palabra Clave":{"('0222-S-1999', 0)":" "}}