{"Tipo de Proyecto":{"('0223-S-1999', 0)":"PROYECTO DE LEY","('0223-S-1999', 1)":null,"('0223-S-1999', 2)":null},"Iniciado en: ":{"('0223-S-1999', 0)":"Senado","('0223-S-1999', 1)":null,"('0223-S-1999', 2)":null},"Expediente Diputados: ":{"('0223-S-1999', 0)":"0223-S-1999","('0223-S-1999', 1)":null,"('0223-S-1999', 2)":null},"Expediente Senado: ":{"('0223-S-1999', 0)":"1611-S-1999","('0223-S-1999', 1)":null,"('0223-S-1999', 2)":null},"Publicado en: ":{"('0223-S-1999', 0)":"Diario de Asuntos Entrados N\u00b0 99","('0223-S-1999', 1)":null,"('0223-S-1999', 2)":null},"Fecha: ":{"('0223-S-1999', 0)":"21\/09\/1999","('0223-S-1999', 1)":null,"('0223-S-1999', 2)":null},"T\u00edtulo":{"('0223-S-1999', 0)":"REGIMEN DE ESTABILIDAD FISCAL PARA EL SECTOR PESQUERO.","('0223-S-1999', 1)":null,"('0223-S-1999', 2)":null},"('Firmantes', 'FIRMANTE')":{"('0223-S-1999', 0)":"SALA, OSVALDO RUBEN","('0223-S-1999', 1)":null,"('0223-S-1999', 2)":null},"('Firmantes', 'DISTRITO')":{"('0223-S-1999', 0)":"CHUBUT","('0223-S-1999', 1)":null,"('0223-S-1999', 2)":null},"('Firmantes', 'BLOQUE')":{"('0223-S-1999', 0)":"JUSTICIALISTA","('0223-S-1999', 1)":null,"('0223-S-1999', 2)":null},"('Giros', 'COMISI\u00d3N')":{"('0223-S-1999', 0)":"PRESUPUESTO Y HACIENDA","('0223-S-1999', 1)":"INTERESES MARITIMOS, FLUVIALES, PESQUEROS Y PORTUARIOS","('0223-S-1999', 2)":"INDUSTRIA"},"('Tramites', 'C\u00c1MARA')":{"('0223-S-1999', 0)":"Senado","('0223-S-1999', 1)":"Diputados","('0223-S-1999', 2)":null},"('Tramites', 'MOVIMIENTO')":{"('0223-S-1999', 0)":"CONSIDERACION Y APROBACION","('0223-S-1999', 1)":"PASA A DIPUTADOS - (TP 193)","('0223-S-1999', 2)":null},"('Tramites', 'FECHA')":{"('0223-S-1999', 0)":"01\/12\/1999","('0223-S-1999', 1)":null,"('0223-S-1999', 2)":null},"('Tramites', 'RESULTADO')":{"('0223-S-1999', 0)":"MEDIA SANCION","('0223-S-1999', 1)":null,"('0223-S-1999', 2)":null},"Sumario":{"('0223-S-1999', 0)":"PLAZO; ALCANCE; BENEFICIARIOS; EXCLUSIONES; INCUMPLIMIENTOS; AUTORIDAD DE APLICACION: SECRETARIA DE AGRICULTURA, GANADERIA, PESCA Y ALIMENTACION.","('0223-S-1999', 1)":null,"('0223-S-1999', 2)":null},"Palabra Clave":{"('0223-S-1999', 0)":" ","('0223-S-1999', 1)":null,"('0223-S-1999', 2)":null}}