{"Tipo de Proyecto":{"('0223-D-1999', 0)":"PROYECTO DE DECLARACI\u00d3N","('0223-D-1999', 1)":null},"Iniciado en: ":{"('0223-D-1999', 0)":"Diputados","('0223-D-1999', 1)":null},"Expediente Diputados: ":{"('0223-D-1999', 0)":"0223-D-1999","('0223-D-1999', 1)":null},"Publicado en: ":{"('0223-D-1999', 0)":"Tr\u00e1mite Parlamentario N\u00b0 3","('0223-D-1999', 1)":null},"Fecha: ":{"('0223-D-1999', 0)":"03\/03\/1999","('0223-D-1999', 1)":null},"T\u00edtulo":{"('0223-D-1999', 0)":"AFIRMACIONES PUBLICAS DEL SE\u00d1OR CANCILLER, INGENIERO GUIDO DI TELLA, EN EL SENTIDO DE CONTEMPLAR EL CONCEPTO DE LA LEY 24012, PARA GARANTIZAR LA EFECTIVA PARTICIPACION DE MUJERES EN LOS ASCENSOS DE LA CARRERA DIPLOMATICA.","('0223-D-1999', 1)":null},"('Firmantes', 'FIRMANTE')":{"('0223-D-1999', 0)":"LEYBA DE MARTI, BEATRIZ","('0223-D-1999', 1)":null},"('Firmantes', 'DISTRITO')":{"('0223-D-1999', 0)":"CORDOBA","('0223-D-1999', 1)":null},"('Firmantes', 'BLOQUE')":{"('0223-D-1999', 0)":"UCR","('0223-D-1999', 1)":null},"('Giros', 'COMISI\u00d3N')":{"('0223-D-1999', 0)":"RELACIONES EXTERIORES Y CULTO","('0223-D-1999', 1)":"FAMILIA, MUJER Y MINORIDAD"},"Sumario":{"('0223-D-1999', 0)":"EXPRESION DE BENEPLACITO.","('0223-D-1999', 1)":null},"Palabra Clave":{"('0223-D-1999', 0)":" ","('0223-D-1999', 1)":null}}