{"Tipo de Proyecto":{"('0224-D-1999', 0)":"PROYECTO DE DECLARACI\u00d3N","('0224-D-1999', 1)":null},"Iniciado en: ":{"('0224-D-1999', 0)":"Diputados","('0224-D-1999', 1)":null},"Expediente Diputados: ":{"('0224-D-1999', 0)":"0224-D-1999","('0224-D-1999', 1)":null},"Publicado en: ":{"('0224-D-1999', 0)":"Tr\u00e1mite Parlamentario N\u00b0 3","('0224-D-1999', 1)":null},"Fecha: ":{"('0224-D-1999', 0)":"03\/03\/1999","('0224-D-1999', 1)":null},"T\u00edtulo":{"('0224-D-1999', 0)":"RESOLUCION  20\/98 ADOPTADA POR EL GRUPO MERCADO COMUN DEL MERCOSUR, EN SU REUNION CELEBRADA EL 22\/07\/1998, POR LA CREACION DE LA REUNION ESPECIALIZADA DE LA MUJER, CON LA FINALIDAD DE ANALIZAR LA LEGISLACION VIGENTE EN LOS ESTADOS PARTES.","('0224-D-1999', 1)":null},"('Firmantes', 'FIRMANTE')":{"('0224-D-1999', 0)":"LEYBA DE MARTI, BEATRIZ","('0224-D-1999', 1)":null},"('Firmantes', 'DISTRITO')":{"('0224-D-1999', 0)":"CORDOBA","('0224-D-1999', 1)":null},"('Firmantes', 'BLOQUE')":{"('0224-D-1999', 0)":"UCR","('0224-D-1999', 1)":null},"('Giros', 'COMISI\u00d3N')":{"('0224-D-1999', 0)":"FAMILIA, MUJER Y MINORIDAD","('0224-D-1999', 1)":"MERCOSUR"},"('Tramites', 'C\u00c1MARA')":{"('0224-D-1999', 0)":"Diputados","('0224-D-1999', 1)":null},"('Tramites', 'MOVIMIENTO')":{"('0224-D-1999', 0)":"CONSIDERACION Y APROBACION","('0224-D-1999', 1)":null},"('Tramites', 'FECHA')":{"('0224-D-1999', 0)":"04\/08\/1999","('0224-D-1999', 1)":null},"('Tramites', 'RESULTADO')":{"('0224-D-1999', 0)":"APROBADO","('0224-D-1999', 1)":null},"Sumario":{"('0224-D-1999', 0)":"EXPRESION DE BENEPLACITO.","('0224-D-1999', 1)":null},"Palabra Clave":{"('0224-D-1999', 0)":" ","('0224-D-1999', 1)":null}}