{"Tipo de Proyecto":{"('0226-D-1999', 0)":"PROYECTO DE RESOLUCI\u00d3N","('0226-D-1999', 1)":null,"('0226-D-1999', 2)":null,"('0226-D-1999', 3)":null,"('0226-D-1999', 4)":null},"Iniciado en: ":{"('0226-D-1999', 0)":"Diputados","('0226-D-1999', 1)":null,"('0226-D-1999', 2)":null,"('0226-D-1999', 3)":null,"('0226-D-1999', 4)":null},"Expediente Diputados: ":{"('0226-D-1999', 0)":"0226-D-1999","('0226-D-1999', 1)":null,"('0226-D-1999', 2)":null,"('0226-D-1999', 3)":null,"('0226-D-1999', 4)":null},"Publicado en: ":{"('0226-D-1999', 0)":"Tr\u00e1mite Parlamentario N\u00b0 3","('0226-D-1999', 1)":null,"('0226-D-1999', 2)":null,"('0226-D-1999', 3)":null,"('0226-D-1999', 4)":null},"Fecha: ":{"('0226-D-1999', 0)":"03\/03\/1999","('0226-D-1999', 1)":null,"('0226-D-1999', 2)":null,"('0226-D-1999', 3)":null,"('0226-D-1999', 4)":null},"T\u00edtulo":{"('0226-D-1999', 0)":"PEDIDO DE INFORMES: SOBRE EL ESTADO DEL EXPEDIENTE ADMINISTRATIVO 723-P-97 (LIQUIDACION DE AJUSTES SALARIALES PARA LOS AGENTES EN ACTIVIDAD Y JUBILADOS DE LA DIRECCION NACIONAL DE VIALIDAD DE LA PROVINCIA DE NEUQUEN) PRESENTADO ANTE EL CITADO ORGANISMO RESPECTO DE LA APLICACION DE LOS DECRETOS 165\/82 Y 3456\/84 (AUMENTOS SALARIALES) Y DEL CONVENIO COLECTIVO DE TRABAJO 1\/75 E.","('0226-D-1999', 1)":null,"('0226-D-1999', 2)":null,"('0226-D-1999', 3)":null,"('0226-D-1999', 4)":null},"('Firmantes', 'FIRMANTE')":{"('0226-D-1999', 0)":"SALVATORI, PEDRO","('0226-D-1999', 1)":"AUBIA, JORGE EDUARDO","('0226-D-1999', 2)":"OCAMPOS, JORGE ARMANDO","('0226-D-1999', 3)":"GONZALEZ CABA\u00d1AS, JOSE ARMANDO","('0226-D-1999', 4)":"FERNANDEZ, ALBERTO MANUEL"},"('Firmantes', 'DISTRITO')":{"('0226-D-1999', 0)":"NEUQUEN","('0226-D-1999', 1)":"CHUBUT","('0226-D-1999', 2)":"RIO NEGRO","('0226-D-1999', 3)":"CORRIENTES","('0226-D-1999', 4)":"NEUQUEN"},"('Firmantes', 'BLOQUE')":{"('0226-D-1999', 0)":"MOV POP NEUQUINO","('0226-D-1999', 1)":"UCR","('0226-D-1999', 2)":"UCR","('0226-D-1999', 3)":"FREPANU","('0226-D-1999', 4)":"MOV POP NEUQUINO"},"('Giros', 'COMISI\u00d3N')":{"('0226-D-1999', 0)":"LEGISLACION DEL TRABAJO","('0226-D-1999', 1)":null,"('0226-D-1999', 2)":null,"('0226-D-1999', 3)":null,"('0226-D-1999', 4)":null},"('Tramites', 'C\u00c1MARA')":{"('0226-D-1999', 0)":"Diputados","('0226-D-1999', 1)":"Diputados","('0226-D-1999', 2)":"Diputados","('0226-D-1999', 3)":null,"('0226-D-1999', 4)":null},"('Tramites', 'MOVIMIENTO')":{"('0226-D-1999', 0)":"MOCION SOBRE TABLAS (AFIRMATIVA)","('0226-D-1999', 1)":"CONSIDERACION Y APROBACION CON MODIFICACIONES","('0226-D-1999', 2)":"CONTESTACION DEL PODER EJECUTIVO NACIONAL - MINISTERIO DE ECONOMIA Y OBRAS Y SERVICIOS PUBLICOS - (0863-OV-99); GIRADA A LA COMISION RESPECTIVA (BAE 24\/99)","('0226-D-1999', 3)":null,"('0226-D-1999', 4)":null},"('Tramites', 'FECHA')":{"('0226-D-1999', 0)":"02\/06\/1999","('0226-D-1999', 1)":"02\/06\/1999","('0226-D-1999', 2)":"01\/09\/1999","('0226-D-1999', 3)":null,"('0226-D-1999', 4)":null},"('Tramites', 'RESULTADO')":{"('0226-D-1999', 0)":null,"('0226-D-1999', 1)":"APROBADO","('0226-D-1999', 2)":null,"('0226-D-1999', 3)":null,"('0226-D-1999', 4)":null},"Sumario":{"('0226-D-1999', 0)":"SOLICITUD AL PODER EJECUTIVO NACIONAL A TRAVES DEL MINISTERIO DE TRABAJO Y SEGURIDAD SOCIAL.","('0226-D-1999', 1)":null,"('0226-D-1999', 2)":null,"('0226-D-1999', 3)":null,"('0226-D-1999', 4)":null},"Palabra Clave":{"('0226-D-1999', 0)":" ","('0226-D-1999', 1)":null,"('0226-D-1999', 2)":null,"('0226-D-1999', 3)":null,"('0226-D-1999', 4)":null}}