{"Tipo de Proyecto":{"('0228-D-1999', 0)":"PROYECTO DE RESOLUCI\u00d3N","('0228-D-1999', 1)":null,"('0228-D-1999', 2)":null,"('0228-D-1999', 3)":null,"('0228-D-1999', 4)":null,"('0228-D-1999', 5)":null},"Iniciado en: ":{"('0228-D-1999', 0)":"Diputados","('0228-D-1999', 1)":null,"('0228-D-1999', 2)":null,"('0228-D-1999', 3)":null,"('0228-D-1999', 4)":null,"('0228-D-1999', 5)":null},"Expediente Diputados: ":{"('0228-D-1999', 0)":"0228-D-1999","('0228-D-1999', 1)":null,"('0228-D-1999', 2)":null,"('0228-D-1999', 3)":null,"('0228-D-1999', 4)":null,"('0228-D-1999', 5)":null},"Publicado en: ":{"('0228-D-1999', 0)":"Tr\u00e1mite Parlamentario N\u00b0 3","('0228-D-1999', 1)":null,"('0228-D-1999', 2)":null,"('0228-D-1999', 3)":null,"('0228-D-1999', 4)":null,"('0228-D-1999', 5)":null},"Fecha: ":{"('0228-D-1999', 0)":"03\/03\/1999","('0228-D-1999', 1)":null,"('0228-D-1999', 2)":null,"('0228-D-1999', 3)":null,"('0228-D-1999', 4)":null,"('0228-D-1999', 5)":null},"T\u00edtulo":{"('0228-D-1999', 0)":"PEDIDO DE INFORMES: SOBRE DIVERSAS CUESTIONES RELACIONADAS CON LOS INCENDIOS FORESTALES QUE AFECTARON A LAS PROVINCIAS DEL NEUQUEN, RIO NEGRO Y CHUBUT.","('0228-D-1999', 1)":null,"('0228-D-1999', 2)":null,"('0228-D-1999', 3)":null,"('0228-D-1999', 4)":null,"('0228-D-1999', 5)":null},"('Firmantes', 'FIRMANTE')":{"('0228-D-1999', 0)":"SALVATORI, PEDRO","('0228-D-1999', 1)":"AUBIA, JORGE EDUARDO","('0228-D-1999', 2)":"OCAMPOS, JORGE ARMANDO","('0228-D-1999', 3)":"HAQUIM, CARLOS GUILLERMO","('0228-D-1999', 4)":"GONZALEZ CABA\u00d1AS, JOSE ARMANDO","('0228-D-1999', 5)":"FERNANDEZ, ALBERTO MANUEL"},"('Firmantes', 'DISTRITO')":{"('0228-D-1999', 0)":"NEUQUEN","('0228-D-1999', 1)":"CHUBUT","('0228-D-1999', 2)":"RIO NEGRO","('0228-D-1999', 3)":"JUJUY","('0228-D-1999', 4)":"CORRIENTES","('0228-D-1999', 5)":"NEUQUEN"},"('Firmantes', 'BLOQUE')":{"('0228-D-1999', 0)":"MOV POP NEUQUINO","('0228-D-1999', 1)":"UCR","('0228-D-1999', 2)":"UCR","('0228-D-1999', 3)":"JUSTICIALISTA","('0228-D-1999', 4)":"FREPANU","('0228-D-1999', 5)":"MOV POP NEUQUINO"},"('Giros', 'COMISI\u00d3N')":{"('0228-D-1999', 0)":"RECURSOS NATURALES Y CONSERVACION DEL AMBIENTE HUMANO","('0228-D-1999', 1)":null,"('0228-D-1999', 2)":null,"('0228-D-1999', 3)":null,"('0228-D-1999', 4)":null,"('0228-D-1999', 5)":null},"('Tramites', 'C\u00c1MARA')":{"('0228-D-1999', 0)":"Diputados","('0228-D-1999', 1)":null,"('0228-D-1999', 2)":null,"('0228-D-1999', 3)":null,"('0228-D-1999', 4)":null,"('0228-D-1999', 5)":null},"('Tramites', 'MOVIMIENTO')":{"('0228-D-1999', 0)":"CONSIDERACION Y APROBACION CONJUNTAMENTE PARA LOS EXPEDIENTES 0049-D-1999, 0093-D-1999, 0228-D-1999 y 0753-D-1999","('0228-D-1999', 1)":null,"('0228-D-1999', 2)":null,"('0228-D-1999', 3)":null,"('0228-D-1999', 4)":null,"('0228-D-1999', 5)":null},"('Tramites', 'FECHA')":{"('0228-D-1999', 0)":"12\/05\/1999","('0228-D-1999', 1)":null,"('0228-D-1999', 2)":null,"('0228-D-1999', 3)":null,"('0228-D-1999', 4)":null,"('0228-D-1999', 5)":null},"('Tramites', 'RESULTADO')":{"('0228-D-1999', 0)":"APROBADO","('0228-D-1999', 1)":null,"('0228-D-1999', 2)":null,"('0228-D-1999', 3)":null,"('0228-D-1999', 4)":null,"('0228-D-1999', 5)":null},"Sumario":{"('0228-D-1999', 0)":"SOLICITUD AL PODER EJECUTIVO NACIONAL.","('0228-D-1999', 1)":null,"('0228-D-1999', 2)":null,"('0228-D-1999', 3)":null,"('0228-D-1999', 4)":null,"('0228-D-1999', 5)":null},"Palabra Clave":{"('0228-D-1999', 0)":" ","('0228-D-1999', 1)":null,"('0228-D-1999', 2)":null,"('0228-D-1999', 3)":null,"('0228-D-1999', 4)":null,"('0228-D-1999', 5)":null}}