{"Tipo de Proyecto":{"('0229-S-1999', 0)":"MENSAJE NRO: 1088\/99 Y PROYECTO DE LEY","('0229-S-1999', 1)":null,"('0229-S-1999', 2)":null},"Iniciado en: ":{"('0229-S-1999', 0)":"Senado","('0229-S-1999', 1)":null,"('0229-S-1999', 2)":null},"Expediente Diputados: ":{"('0229-S-1999', 0)":"0229-S-1999","('0229-S-1999', 1)":null,"('0229-S-1999', 2)":null},"Expediente Senado: ":{"('0229-S-1999', 0)":"0550-PE-1999","('0229-S-1999', 1)":null,"('0229-S-1999', 2)":null},"Publicado en: ":{"('0229-S-1999', 0)":"Diario de Asuntos Entrados N\u00b0 107","('0229-S-1999', 1)":null,"('0229-S-1999', 2)":null},"Fecha: ":{"('0229-S-1999', 0)":"06\/10\/1999","('0229-S-1999', 1)":null,"('0229-S-1999', 2)":null},"T\u00edtulo":{"('0229-S-1999', 0)":"CONVENIO DE ROTTERDAM SOBRE EL PROCEDIMIENTO DE CONSENTIMIENTO FUNDAMENTADO PREVIO APLICABLE A CIERTOS PLAGUICIDAS Y PRODUCTOS QUIMICOS PELIGROSOS OBJETO DE COMERCIO INTERNACIONAL, ADOPTADO EN ROTTERDAM - REINO DE LOS PAISES BAJOS - EL 10\/09\/1998.","('0229-S-1999', 1)":null,"('0229-S-1999', 2)":null},"('Firmantes', 'FIRMANTE')":{"('0229-S-1999', 0)":"MENEM, CARLOS SAUL","('0229-S-1999', 1)":"RODRIGUEZ, JORGE","('0229-S-1999', 2)":"DI TELLA, GUIDO"},"('Firmantes', 'DISTRITO')":{"('0229-S-1999', 0)":null,"('0229-S-1999', 1)":null,"('0229-S-1999', 2)":null},"('Firmantes', 'BLOQUE')":{"('0229-S-1999', 0)":"PODER EJECUTIVO","('0229-S-1999', 1)":"PODER EJECUTIVO","('0229-S-1999', 2)":"PODER EJECUTIVO"},"('Giros', 'COMISI\u00d3N')":{"('0229-S-1999', 0)":"RELACIONES EXTERIORES Y CULTO","('0229-S-1999', 1)":"AGRICULTURA Y GANADERIA","('0229-S-1999', 2)":"RECURSOS NATURALES Y CONSERVACION DEL AMBIENTE HUMANO"},"('Tramites', 'C\u00c1MARA')":{"('0229-S-1999', 0)":"Senado","('0229-S-1999', 1)":"Diputados","('0229-S-1999', 2)":"Diputados"},"('Tramites', 'MOVIMIENTO')":{"('0229-S-1999', 0)":"CONSIDERACION Y APROBACION","('0229-S-1999', 1)":"PASA A DIPUTADOS - (TP 193)","('0229-S-1999', 2)":"CONSIDERACION Y SANCION"},"('Tramites', 'FECHA')":{"('0229-S-1999', 0)":"01\/12\/1999","('0229-S-1999', 1)":null,"('0229-S-1999', 2)":"06\/07\/2000"},"('Tramites', 'RESULTADO')":{"('0229-S-1999', 0)":"MEDIA SANCION","('0229-S-1999', 1)":null,"('0229-S-1999', 2)":"SANCIONADO"},"Sumario":{"('0229-S-1999', 0)":"APROBACION DEL MISMO","('0229-S-1999', 1)":null,"('0229-S-1999', 2)":null},"Palabra Clave":{"('0229-S-1999', 0)":" ","('0229-S-1999', 1)":null,"('0229-S-1999', 2)":null}}