{"Tipo de Proyecto":{"('0230-D-1999', 0)":"PROYECTO DE RESOLUCI\u00d3N","('0230-D-1999', 1)":null,"('0230-D-1999', 2)":null,"('0230-D-1999', 3)":null,"('0230-D-1999', 4)":null,"('0230-D-1999', 5)":null},"Iniciado en: ":{"('0230-D-1999', 0)":"Diputados","('0230-D-1999', 1)":null,"('0230-D-1999', 2)":null,"('0230-D-1999', 3)":null,"('0230-D-1999', 4)":null,"('0230-D-1999', 5)":null},"Expediente Diputados: ":{"('0230-D-1999', 0)":"0230-D-1999","('0230-D-1999', 1)":null,"('0230-D-1999', 2)":null,"('0230-D-1999', 3)":null,"('0230-D-1999', 4)":null,"('0230-D-1999', 5)":null},"Publicado en: ":{"('0230-D-1999', 0)":"Tr\u00e1mite Parlamentario N\u00b0 3","('0230-D-1999', 1)":null,"('0230-D-1999', 2)":null,"('0230-D-1999', 3)":null,"('0230-D-1999', 4)":null,"('0230-D-1999', 5)":null},"Fecha: ":{"('0230-D-1999', 0)":"03\/03\/1999","('0230-D-1999', 1)":null,"('0230-D-1999', 2)":null,"('0230-D-1999', 3)":null,"('0230-D-1999', 4)":null,"('0230-D-1999', 5)":null},"T\u00edtulo":{"('0230-D-1999', 0)":"POSIBILITAR MEDIANTE LA INVERSION PRIVADA LA CONSTRUCCION DEL TRAMO ZAPALA (ARGENTINA) -  LONQUIMAY (CHILE) DEL FERROCARRIL TRANSPATAGONICO ENLACE CON EL FERROCARRIL TRASANDINO DEL SUR.","('0230-D-1999', 1)":null,"('0230-D-1999', 2)":null,"('0230-D-1999', 3)":null,"('0230-D-1999', 4)":null,"('0230-D-1999', 5)":null},"('Firmantes', 'FIRMANTE')":{"('0230-D-1999', 0)":"SALVATORI, PEDRO","('0230-D-1999', 1)":"AUBIA, JORGE EDUARDO","('0230-D-1999', 2)":"OCAMPOS, JORGE ARMANDO","('0230-D-1999', 3)":"HAQUIM, CARLOS GUILLERMO","('0230-D-1999', 4)":"GONZALEZ CABA\u00d1AS, JOSE ARMANDO","('0230-D-1999', 5)":"FERNANDEZ, ALBERTO MANUEL"},"('Firmantes', 'DISTRITO')":{"('0230-D-1999', 0)":"NEUQUEN","('0230-D-1999', 1)":"CHUBUT","('0230-D-1999', 2)":"RIO NEGRO","('0230-D-1999', 3)":"JUJUY","('0230-D-1999', 4)":"CORRIENTES","('0230-D-1999', 5)":"NEUQUEN"},"('Firmantes', 'BLOQUE')":{"('0230-D-1999', 0)":"MOV POP NEUQUINO","('0230-D-1999', 1)":"UCR","('0230-D-1999', 2)":"UCR","('0230-D-1999', 3)":"JUSTICIALISTA","('0230-D-1999', 4)":"FREPANU","('0230-D-1999', 5)":"MOV POP NEUQUINO"},"('Giros', 'COMISI\u00d3N')":{"('0230-D-1999', 0)":"TRANSPORTES","('0230-D-1999', 1)":"OBRAS PUBLICAS","('0230-D-1999', 2)":null,"('0230-D-1999', 3)":null,"('0230-D-1999', 4)":null,"('0230-D-1999', 5)":null},"('Tramites', 'C\u00c1MARA')":{"('0230-D-1999', 0)":"Diputados","('0230-D-1999', 1)":null,"('0230-D-1999', 2)":null,"('0230-D-1999', 3)":null,"('0230-D-1999', 4)":null,"('0230-D-1999', 5)":null},"('Tramites', 'MOVIMIENTO')":{"('0230-D-1999', 0)":"CONSIDERACION Y APROBACION","('0230-D-1999', 1)":null,"('0230-D-1999', 2)":null,"('0230-D-1999', 3)":null,"('0230-D-1999', 4)":null,"('0230-D-1999', 5)":null},"('Tramites', 'FECHA')":{"('0230-D-1999', 0)":"22\/09\/1999","('0230-D-1999', 1)":null,"('0230-D-1999', 2)":null,"('0230-D-1999', 3)":null,"('0230-D-1999', 4)":null,"('0230-D-1999', 5)":null},"('Tramites', 'RESULTADO')":{"('0230-D-1999', 0)":"APROBADO","('0230-D-1999', 1)":null,"('0230-D-1999', 2)":null,"('0230-D-1999', 3)":null,"('0230-D-1999', 4)":null,"('0230-D-1999', 5)":null},"Sumario":{"('0230-D-1999', 0)":"SOLICITUD AL PODER EJECUTIVO NACIONAL.","('0230-D-1999', 1)":null,"('0230-D-1999', 2)":null,"('0230-D-1999', 3)":null,"('0230-D-1999', 4)":null,"('0230-D-1999', 5)":null},"Palabra Clave":{"('0230-D-1999', 0)":" ","('0230-D-1999', 1)":null,"('0230-D-1999', 2)":null,"('0230-D-1999', 3)":null,"('0230-D-1999', 4)":null,"('0230-D-1999', 5)":null}}