{"Tipo de Proyecto":{"('0231-D-1999', 0)":"PROYECTO DE RESOLUCI\u00d3N","('0231-D-1999', 1)":null,"('0231-D-1999', 2)":null,"('0231-D-1999', 3)":null,"('0231-D-1999', 4)":null,"('0231-D-1999', 5)":null},"Iniciado en: ":{"('0231-D-1999', 0)":"Diputados","('0231-D-1999', 1)":null,"('0231-D-1999', 2)":null,"('0231-D-1999', 3)":null,"('0231-D-1999', 4)":null,"('0231-D-1999', 5)":null},"Expediente Diputados: ":{"('0231-D-1999', 0)":"0231-D-1999","('0231-D-1999', 1)":null,"('0231-D-1999', 2)":null,"('0231-D-1999', 3)":null,"('0231-D-1999', 4)":null,"('0231-D-1999', 5)":null},"Publicado en: ":{"('0231-D-1999', 0)":"Tr\u00e1mite Parlamentario N\u00b0 3","('0231-D-1999', 1)":null,"('0231-D-1999', 2)":null,"('0231-D-1999', 3)":null,"('0231-D-1999', 4)":null,"('0231-D-1999', 5)":null},"Fecha: ":{"('0231-D-1999', 0)":"03\/03\/1999","('0231-D-1999', 1)":null,"('0231-D-1999', 2)":null,"('0231-D-1999', 3)":null,"('0231-D-1999', 4)":null,"('0231-D-1999', 5)":null},"T\u00edtulo":{"('0231-D-1999', 0)":"DAR CUMPLIMIENTO AL PROGRAMA DE COMPLEMENTACION ECONOMICA ESTABLECIDO EN EL ARTICULO 6 DE LA LEY 19030, CON RELACION A LOS SUBSIDIOS PARA LOS TRANSPORTES AEREOS QUE DESARROLLEN INFRAESTRUCTURA AEROCOMERCIAL EN LA PATAGONIA.","('0231-D-1999', 1)":null,"('0231-D-1999', 2)":null,"('0231-D-1999', 3)":null,"('0231-D-1999', 4)":null,"('0231-D-1999', 5)":null},"('Firmantes', 'FIRMANTE')":{"('0231-D-1999', 0)":"SALVATORI, PEDRO","('0231-D-1999', 1)":"AUBIA, JORGE EDUARDO","('0231-D-1999', 2)":"OCAMPOS, JORGE ARMANDO","('0231-D-1999', 3)":"HAQUIM, CARLOS GUILLERMO","('0231-D-1999', 4)":"GONZALEZ CABA\u00d1AS, JOSE ARMANDO","('0231-D-1999', 5)":"FERNANDEZ, ALBERTO MANUEL"},"('Firmantes', 'DISTRITO')":{"('0231-D-1999', 0)":"NEUQUEN","('0231-D-1999', 1)":"CHUBUT","('0231-D-1999', 2)":"RIO NEGRO","('0231-D-1999', 3)":"JUJUY","('0231-D-1999', 4)":"CORRIENTES","('0231-D-1999', 5)":"NEUQUEN"},"('Firmantes', 'BLOQUE')":{"('0231-D-1999', 0)":"MOV POP NEUQUINO","('0231-D-1999', 1)":"UCR","('0231-D-1999', 2)":"UCR","('0231-D-1999', 3)":"JUSTICIALISTA","('0231-D-1999', 4)":"FREPANU","('0231-D-1999', 5)":"MOV POP NEUQUINO"},"('Giros', 'COMISI\u00d3N')":{"('0231-D-1999', 0)":"TRANSPORTES","('0231-D-1999', 1)":"ECONOMIAS Y DESARROLLO REGIONAL","('0231-D-1999', 2)":null,"('0231-D-1999', 3)":null,"('0231-D-1999', 4)":null,"('0231-D-1999', 5)":null},"('Tramites', 'C\u00c1MARA')":{"('0231-D-1999', 0)":"Diputados","('0231-D-1999', 1)":null,"('0231-D-1999', 2)":null,"('0231-D-1999', 3)":null,"('0231-D-1999', 4)":null,"('0231-D-1999', 5)":null},"('Tramites', 'MOVIMIENTO')":{"('0231-D-1999', 0)":"CONSIDERACION Y APROBACION","('0231-D-1999', 1)":null,"('0231-D-1999', 2)":null,"('0231-D-1999', 3)":null,"('0231-D-1999', 4)":null,"('0231-D-1999', 5)":null},"('Tramites', 'FECHA')":{"('0231-D-1999', 0)":"04\/08\/1999","('0231-D-1999', 1)":null,"('0231-D-1999', 2)":null,"('0231-D-1999', 3)":null,"('0231-D-1999', 4)":null,"('0231-D-1999', 5)":null},"('Tramites', 'RESULTADO')":{"('0231-D-1999', 0)":"APROBADO","('0231-D-1999', 1)":null,"('0231-D-1999', 2)":null,"('0231-D-1999', 3)":null,"('0231-D-1999', 4)":null,"('0231-D-1999', 5)":null},"Sumario":{"('0231-D-1999', 0)":"SOLICITUD AL PODER EJECUTIVO NACIONAL.","('0231-D-1999', 1)":null,"('0231-D-1999', 2)":null,"('0231-D-1999', 3)":null,"('0231-D-1999', 4)":null,"('0231-D-1999', 5)":null},"Palabra Clave":{"('0231-D-1999', 0)":" ","('0231-D-1999', 1)":null,"('0231-D-1999', 2)":null,"('0231-D-1999', 3)":null,"('0231-D-1999', 4)":null,"('0231-D-1999', 5)":null}}