{"Tipo de Proyecto":{"('0231-S-1999', 0)":"MENSAJE NRO: 0940\/99 Y PROYECTO DE LEY","('0231-S-1999', 1)":null,"('0231-S-1999', 2)":null,"('0231-S-1999', 3)":null},"Iniciado en: ":{"('0231-S-1999', 0)":"Senado","('0231-S-1999', 1)":null,"('0231-S-1999', 2)":null,"('0231-S-1999', 3)":null},"Expediente Diputados: ":{"('0231-S-1999', 0)":"0231-S-1999","('0231-S-1999', 1)":null,"('0231-S-1999', 2)":null,"('0231-S-1999', 3)":null},"Expediente Senado: ":{"('0231-S-1999', 0)":"0477-PE-1999","('0231-S-1999', 1)":null,"('0231-S-1999', 2)":null,"('0231-S-1999', 3)":null},"Publicado en: ":{"('0231-S-1999', 0)":"Diario de Asuntos Entrados N\u00b0 87","('0231-S-1999', 1)":null,"('0231-S-1999', 2)":null,"('0231-S-1999', 3)":null},"Fecha: ":{"('0231-S-1999', 0)":"31\/08\/1999","('0231-S-1999', 1)":null,"('0231-S-1999', 2)":null,"('0231-S-1999', 3)":null},"T\u00edtulo":{"('0231-S-1999', 0)":"ACUERDO ENTRE EL GOBIERNO DE LA REPUBLICA ARGENTINA Y EL GOBIERNO DE LA REPUBLICA FRANCESA RELATIVO A LA COOPERACION EN EL AMBITO DE DEFENSA.","('0231-S-1999', 1)":null,"('0231-S-1999', 2)":null,"('0231-S-1999', 3)":null},"('Firmantes', 'FIRMANTE')":{"('0231-S-1999', 0)":"MENEM, CARLOS SAUL","('0231-S-1999', 1)":"RODRIGUEZ, JORGE","('0231-S-1999', 2)":"DI TELLA, GUIDO","('0231-S-1999', 3)":"DOMINGUEZ, JORGE"},"('Firmantes', 'DISTRITO')":{"('0231-S-1999', 0)":null,"('0231-S-1999', 1)":null,"('0231-S-1999', 2)":null,"('0231-S-1999', 3)":null},"('Firmantes', 'BLOQUE')":{"('0231-S-1999', 0)":"PODER EJECUTIVO","('0231-S-1999', 1)":"PODER EJECUTIVO","('0231-S-1999', 2)":"PODER EJECUTIVO","('0231-S-1999', 3)":"PODER EJECUTIVO"},"('Giros', 'COMISI\u00d3N')":{"('0231-S-1999', 0)":"RELACIONES EXTERIORES Y CULTO","('0231-S-1999', 1)":"DEFENSA NACIONAL","('0231-S-1999', 2)":null,"('0231-S-1999', 3)":null},"('Tramites', 'C\u00c1MARA')":{"('0231-S-1999', 0)":"Senado","('0231-S-1999', 1)":"Diputados","('0231-S-1999', 2)":"Diputados","('0231-S-1999', 3)":"Diputados"},"('Tramites', 'MOVIMIENTO')":{"('0231-S-1999', 0)":"CONSIDERACION Y APROBACION","('0231-S-1999', 1)":"PASA A DIPUTADOS - (TP 193)","('0231-S-1999', 2)":"MOCION SOBRE TABLAS (AFIRMATIVA)","('0231-S-1999', 3)":"CONSIDERACION Y SANCION"},"('Tramites', 'FECHA')":{"('0231-S-1999', 0)":"01\/12\/1999","('0231-S-1999', 1)":null,"('0231-S-1999', 2)":"18\/05\/2000","('0231-S-1999', 3)":"18\/05\/2000"},"('Tramites', 'RESULTADO')":{"('0231-S-1999', 0)":"MEDIA SANCION","('0231-S-1999', 1)":null,"('0231-S-1999', 2)":null,"('0231-S-1999', 3)":"SANCIONADO"},"Sumario":{"('0231-S-1999', 0)":"RATIFICACION DEL MISMO SUSCRIPTO EN PARIS, FRANCIA, EL 14 DE OCTUBRE DE 1998.","('0231-S-1999', 1)":null,"('0231-S-1999', 2)":null,"('0231-S-1999', 3)":null},"Palabra Clave":{"('0231-S-1999', 0)":" ","('0231-S-1999', 1)":null,"('0231-S-1999', 2)":null,"('0231-S-1999', 3)":null}}