{"Tipo de Proyecto":{"('0232-S-1999', 0)":"PROYECTO DE LEY","('0232-S-1999', 1)":null},"Iniciado en: ":{"('0232-S-1999', 0)":"Senado","('0232-S-1999', 1)":null},"Expediente Diputados: ":{"('0232-S-1999', 0)":"0232-S-1999","('0232-S-1999', 1)":null},"Expediente Senado: ":{"('0232-S-1999', 0)":"1524-S-1999","('0232-S-1999', 1)":null},"Publicado en: ":{"('0232-S-1999', 0)":"Diario de Asuntos Entrados N\u00b0 92","('0232-S-1999', 1)":null},"Fecha: ":{"('0232-S-1999', 0)":"08\/09\/1999","('0232-S-1999', 1)":null},"T\u00edtulo":{"('0232-S-1999', 0)":"DECRETO LEY 6582\/58 (REGISTRO NACIONAL DE LA PROPIEDAD DEL AUTOMOTOR): MODIFICACIONES (REPRODUCCION DEL EXPEDIENTE 0260-S-95).","('0232-S-1999', 1)":null},"('Firmantes', 'FIRMANTE')":{"('0232-S-1999', 0)":"MARTINEZ ALMUDEVAR, ENRIQUE","('0232-S-1999', 1)":null},"('Firmantes', 'DISTRITO')":{"('0232-S-1999', 0)":"LA PAMPA","('0232-S-1999', 1)":null},"('Firmantes', 'BLOQUE')":{"('0232-S-1999', 0)":"JUSTICIALISTA","('0232-S-1999', 1)":null},"('Giros', 'COMISI\u00d3N')":{"('0232-S-1999', 0)":"LEGISLACION PENAL","('0232-S-1999', 1)":"LEGISLACION GENERAL"},"('Tramites', 'C\u00c1MARA')":{"('0232-S-1999', 0)":"Senado","('0232-S-1999', 1)":"Diputados"},"('Tramites', 'MOVIMIENTO')":{"('0232-S-1999', 0)":"CONSIDERACION Y APROBACION","('0232-S-1999', 1)":"PASA A DIPUTADOS - (TP 193)"},"('Tramites', 'FECHA')":{"('0232-S-1999', 0)":"01\/12\/1999","('0232-S-1999', 1)":null},"('Tramites', 'RESULTADO')":{"('0232-S-1999', 0)":"MEDIA SANCION","('0232-S-1999', 1)":null},"Sumario":{"('0232-S-1999', 0)":"INCORPORACION DE SEGUNDO PARRAFO AL ARTICULO 29 (OBLIGATORIEDAD A LOS PROPIETARIOS DE DESARMADEROS A LLEVAR UN REGISTRO).","('0232-S-1999', 1)":null},"Palabra Clave":{"('0232-S-1999', 0)":" ","('0232-S-1999', 1)":null}}