{"Tipo de Proyecto":{"('0232-D-1999', 0)":"PROYECTO DE RESOLUCI\u00d3N","('0232-D-1999', 1)":null,"('0232-D-1999', 2)":null,"('0232-D-1999', 3)":null,"('0232-D-1999', 4)":null},"Iniciado en: ":{"('0232-D-1999', 0)":"Diputados","('0232-D-1999', 1)":null,"('0232-D-1999', 2)":null,"('0232-D-1999', 3)":null,"('0232-D-1999', 4)":null},"Expediente Diputados: ":{"('0232-D-1999', 0)":"0232-D-1999","('0232-D-1999', 1)":null,"('0232-D-1999', 2)":null,"('0232-D-1999', 3)":null,"('0232-D-1999', 4)":null},"Publicado en: ":{"('0232-D-1999', 0)":"Tr\u00e1mite Parlamentario N\u00b0 3","('0232-D-1999', 1)":null,"('0232-D-1999', 2)":null,"('0232-D-1999', 3)":null,"('0232-D-1999', 4)":null},"Fecha: ":{"('0232-D-1999', 0)":"03\/03\/1999","('0232-D-1999', 1)":null,"('0232-D-1999', 2)":null,"('0232-D-1999', 3)":null,"('0232-D-1999', 4)":null},"T\u00edtulo":{"('0232-D-1999', 0)":"SANCIONAR UN DECRETO POR EL CUAL OTORGUE AL PROYECTO PLANTA DE METANOL A CONSTRUIR POR YACIMIENTOS PETROLIFEROS FISCALES SA EN CUTRAL - CO - PLAZA HUINCUL, PROVINCIA DEL NEUQUEN, BENEFICIOS PROMOCIONALES OTORGADOS A LA PROVINCIA DE TIERRA DEL FUEGO, ANTARTIDA E ISLAS DEL ATLANTICO SUR MEDIANTE LA LEY 19640 Y EL DECRETO 998\/98.","('0232-D-1999', 1)":null,"('0232-D-1999', 2)":null,"('0232-D-1999', 3)":null,"('0232-D-1999', 4)":null},"('Firmantes', 'FIRMANTE')":{"('0232-D-1999', 0)":"SALVATORI, PEDRO","('0232-D-1999', 1)":"AUBIA, JORGE EDUARDO","('0232-D-1999', 2)":"OCAMPOS, JORGE ARMANDO","('0232-D-1999', 3)":"GONZALEZ CABA\u00d1AS, JOSE ARMANDO","('0232-D-1999', 4)":"FERNANDEZ, ALBERTO MANUEL"},"('Firmantes', 'DISTRITO')":{"('0232-D-1999', 0)":"NEUQUEN","('0232-D-1999', 1)":"CHUBUT","('0232-D-1999', 2)":"RIO NEGRO","('0232-D-1999', 3)":"CORRIENTES","('0232-D-1999', 4)":"NEUQUEN"},"('Firmantes', 'BLOQUE')":{"('0232-D-1999', 0)":"MOV POP NEUQUINO","('0232-D-1999', 1)":"UCR","('0232-D-1999', 2)":"UCR","('0232-D-1999', 3)":"FREPANU","('0232-D-1999', 4)":"MOV POP NEUQUINO"},"('Giros', 'COMISI\u00d3N')":{"('0232-D-1999', 0)":"INDUSTRIA","('0232-D-1999', 1)":null,"('0232-D-1999', 2)":null,"('0232-D-1999', 3)":null,"('0232-D-1999', 4)":null},"('Tramites', 'C\u00c1MARA')":{"('0232-D-1999', 0)":"Diputados","('0232-D-1999', 1)":null,"('0232-D-1999', 2)":null,"('0232-D-1999', 3)":null,"('0232-D-1999', 4)":null},"('Tramites', 'MOVIMIENTO')":{"('0232-D-1999', 0)":"CONSIDERACION Y APROBACION","('0232-D-1999', 1)":null,"('0232-D-1999', 2)":null,"('0232-D-1999', 3)":null,"('0232-D-1999', 4)":null},"('Tramites', 'FECHA')":{"('0232-D-1999', 0)":"04\/08\/1999","('0232-D-1999', 1)":null,"('0232-D-1999', 2)":null,"('0232-D-1999', 3)":null,"('0232-D-1999', 4)":null},"('Tramites', 'RESULTADO')":{"('0232-D-1999', 0)":"APROBADO","('0232-D-1999', 1)":null,"('0232-D-1999', 2)":null,"('0232-D-1999', 3)":null,"('0232-D-1999', 4)":null},"Sumario":{"('0232-D-1999', 0)":"SOLICITUD AL PODER EJECUTIVO NACIONAL.","('0232-D-1999', 1)":null,"('0232-D-1999', 2)":null,"('0232-D-1999', 3)":null,"('0232-D-1999', 4)":null},"Palabra Clave":{"('0232-D-1999', 0)":" ","('0232-D-1999', 1)":null,"('0232-D-1999', 2)":null,"('0232-D-1999', 3)":null,"('0232-D-1999', 4)":null}}