{"Tipo de Proyecto":{"('0233-OV-1999', 0)":"PROYECTO DE RESOLUCI\u00d3N"},"Iniciado en: ":{"('0233-OV-1999', 0)":"Senado"},"Expediente Senado: ":{"('0233-OV-1999', 0)":"0233-OV-1999"},"Fecha: ":{"('0233-OV-1999', 0)":"12\/07\/2000"},"T\u00edtulo":{"('0233-OV-1999', 0)":"RESOLUCION REMITIDA POR LA AUDITORIA GENERAL DE LA NACION SOBRE ESTADOS CONTABLES - FINANCIEROS DEL EJERCICIO 1996 DE ESE ORGANISMO."},"('Firmantes', 'FIRMANTE')":{"('0233-OV-1999', 0)":"PARLAMENTARIA MIXTA REVISORA DE CUENTAS"},"('Firmantes', 'DISTRITO')":{"('0233-OV-1999', 0)":null},"('Firmantes', 'BLOQUE')":{"('0233-OV-1999', 0)":null},"('Tramites', 'C\u00c1MARA')":{"('0233-OV-1999', 0)":"Senado"},"('Tramites', 'MOVIMIENTO')":{"('0233-OV-1999', 0)":"CONSIDERACION Y APROBACION (AL ARCHIVO)"},"('Tramites', 'FECHA')":{"('0233-OV-1999', 0)":"02\/08\/2000"},"('Tramites', 'RESULTADO')":{"('0233-OV-1999', 0)":"ARCHIVADO"},"Sumario":{"('0233-OV-1999', 0)":"HABIENDO TOMADO CONOCIMIENTO Y NO CONTENIENDO REQUERIMIENTOS DE ACCION SUBSISTENTES SE ACONSEJA SU REMISION AL ARCHIVO."},"Palabra Clave":{"('0233-OV-1999', 0)":" "}}