{"Tipo de Proyecto":{"('0233-S-1999', 0)":"PROYECTO DE LEY","('0233-S-1999', 1)":null,"('0233-S-1999', 2)":null,"('0233-S-1999', 3)":null,"('0233-S-1999', 4)":null,"('0233-S-1999', 5)":null},"Iniciado en: ":{"('0233-S-1999', 0)":"Senado","('0233-S-1999', 1)":null,"('0233-S-1999', 2)":null,"('0233-S-1999', 3)":null,"('0233-S-1999', 4)":null,"('0233-S-1999', 5)":null},"Expediente Diputados: ":{"('0233-S-1999', 0)":"0233-S-1999","('0233-S-1999', 1)":null,"('0233-S-1999', 2)":null,"('0233-S-1999', 3)":null,"('0233-S-1999', 4)":null,"('0233-S-1999', 5)":null},"Expediente Senado: ":{"('0233-S-1999', 0)":"1928-S-1999","('0233-S-1999', 1)":null,"('0233-S-1999', 2)":null,"('0233-S-1999', 3)":null,"('0233-S-1999', 4)":null,"('0233-S-1999', 5)":null},"Publicado en: ":{"('0233-S-1999', 0)":"Diario de Asuntos Entrados N\u00b0 119","('0233-S-1999', 1)":null,"('0233-S-1999', 2)":null,"('0233-S-1999', 3)":null,"('0233-S-1999', 4)":null,"('0233-S-1999', 5)":null},"Fecha: ":{"('0233-S-1999', 0)":"08\/11\/1999","('0233-S-1999', 1)":null,"('0233-S-1999', 2)":null,"('0233-S-1999', 3)":null,"('0233-S-1999', 4)":null,"('0233-S-1999', 5)":null},"T\u00edtulo":{"('0233-S-1999', 0)":"DECLARAR 'DIA DEL VETERANO Y DE LOS CAIDOS EN LA GUERRA EN MALVINAS', EL 2 DE ABRIL, EL QUE TENDRA CARACTER DE FERIADO NACIONAL.","('0233-S-1999', 1)":null,"('0233-S-1999', 2)":null,"('0233-S-1999', 3)":null,"('0233-S-1999', 4)":null,"('0233-S-1999', 5)":null},"('Firmantes', 'FIRMANTE')":{"('0233-S-1999', 0)":"BRANDA, RICARDO A.","('0233-S-1999', 1)":"SAN MILLAN, JULIO A.","('0233-S-1999', 2)":null,"('0233-S-1999', 3)":null,"('0233-S-1999', 4)":null,"('0233-S-1999', 5)":null},"('Firmantes', 'DISTRITO')":{"('0233-S-1999', 0)":"FORMOSA","('0233-S-1999', 1)":"SALTA","('0233-S-1999', 2)":null,"('0233-S-1999', 3)":null,"('0233-S-1999', 4)":null,"('0233-S-1999', 5)":null},"('Firmantes', 'BLOQUE')":{"('0233-S-1999', 0)":"JUSTICIALISTA","('0233-S-1999', 1)":"JUSTICIALISTA","('0233-S-1999', 2)":null,"('0233-S-1999', 3)":null,"('0233-S-1999', 4)":null,"('0233-S-1999', 5)":null},"('Giros', 'COMISI\u00d3N')":{"('0233-S-1999', 0)":"LEGISLACION GENERAL","('0233-S-1999', 1)":"DEFENSA NACIONAL","('0233-S-1999', 2)":null,"('0233-S-1999', 3)":null,"('0233-S-1999', 4)":null,"('0233-S-1999', 5)":null},"('Tramites', 'C\u00c1MARA')":{"('0233-S-1999', 0)":"Senado","('0233-S-1999', 1)":"Diputados","('0233-S-1999', 2)":"Diputados","('0233-S-1999', 3)":"Senado","('0233-S-1999', 4)":"Senado","('0233-S-1999', 5)":"Senado"},"('Tramites', 'MOVIMIENTO')":{"('0233-S-1999', 0)":"CONSIDERACION Y APROBACION","('0233-S-1999', 1)":"PASA A DIPUTADOS - (TP 193)","('0233-S-1999', 2)":"CONSIDERACION Y APROBACION CON MODIFICACIONES","('0233-S-1999', 3)":"VUELVE A SENADO - (DAE 123 - 17\/10\/00)","('0233-S-1999', 4)":"MOCION SOBRE TABLAS (AFIRMATIVA)","('0233-S-1999', 5)":"CONSIDERACION Y SANCION"},"('Tramites', 'FECHA')":{"('0233-S-1999', 0)":"01\/12\/1999","('0233-S-1999', 1)":null,"('0233-S-1999', 2)":"05\/10\/2000","('0233-S-1999', 3)":null,"('0233-S-1999', 4)":"22\/11\/2000","('0233-S-1999', 5)":"22\/11\/2000"},"('Tramites', 'RESULTADO')":{"('0233-S-1999', 0)":"MEDIA SANCION","('0233-S-1999', 1)":null,"('0233-S-1999', 2)":"MEDIA SANCION","('0233-S-1999', 3)":null,"('0233-S-1999', 4)":null,"('0233-S-1999', 5)":"SANCIONADO"},"Sumario":{"('0233-S-1999', 0)":"DEROGACION DE LA LEY 22769 Y EL DECRETO 901\/84.","('0233-S-1999', 1)":null,"('0233-S-1999', 2)":null,"('0233-S-1999', 3)":null,"('0233-S-1999', 4)":null,"('0233-S-1999', 5)":null},"Palabra Clave":{"('0233-S-1999', 0)":" ","('0233-S-1999', 1)":null,"('0233-S-1999', 2)":null,"('0233-S-1999', 3)":null,"('0233-S-1999', 4)":null,"('0233-S-1999', 5)":null}}