{"Tipo de Proyecto":{"('0233-D-1999', 0)":"PROYECTO DE DECLARACI\u00d3N","('0233-D-1999', 1)":null,"('0233-D-1999', 2)":null,"('0233-D-1999', 3)":null,"('0233-D-1999', 4)":null,"('0233-D-1999', 5)":null},"Iniciado en: ":{"('0233-D-1999', 0)":"Diputados","('0233-D-1999', 1)":null,"('0233-D-1999', 2)":null,"('0233-D-1999', 3)":null,"('0233-D-1999', 4)":null,"('0233-D-1999', 5)":null},"Expediente Diputados: ":{"('0233-D-1999', 0)":"0233-D-1999","('0233-D-1999', 1)":null,"('0233-D-1999', 2)":null,"('0233-D-1999', 3)":null,"('0233-D-1999', 4)":null,"('0233-D-1999', 5)":null},"Publicado en: ":{"('0233-D-1999', 0)":"Tr\u00e1mite Parlamentario N\u00b0 3","('0233-D-1999', 1)":null,"('0233-D-1999', 2)":null,"('0233-D-1999', 3)":null,"('0233-D-1999', 4)":null,"('0233-D-1999', 5)":null},"Fecha: ":{"('0233-D-1999', 0)":"03\/03\/1999","('0233-D-1999', 1)":null,"('0233-D-1999', 2)":null,"('0233-D-1999', 3)":null,"('0233-D-1999', 4)":null,"('0233-D-1999', 5)":null},"T\u00edtulo":{"('0233-D-1999', 0)":"IMPLEMENTAR MEDIDAS NECESARIAS PARA CONSERVAR LAS ESPECIES ARGENTINAS DE LA FAUNA Y FLORA AMENAZADAS DE EXTINCION (CIERVO DE LAS PAMPAS, JAGUAR, OSO HORMIGUERO, BALLENA FRANCA AUSTRAL, LOBO GARGANTILLA, AGUARA GUAZU, HUEMUL, VICU\u00d1A, CIERVO DE LOS PANTANOS, TATU CARRETA, PERRO VINAGRE, GATO ANDINO, TONINA OVERA, MACA TOBIANO, PATO SERRUCHO, CAUQUEN COLORADO, AGUILA HARPIA, CHORLO POLAR, TORDO AMARILLO, GUACAMAYO AZUL, YACARE OVERO, TORTUGA FALSA CAREY, TORTUGA DE TIERRA, LAMPALAGUA, MOJARRITA, PALO ROSA, PALMITO, PINO PARANA, RAULI Y CIPRES DE LAS GUAITECAS).","('0233-D-1999', 1)":null,"('0233-D-1999', 2)":null,"('0233-D-1999', 3)":null,"('0233-D-1999', 4)":null,"('0233-D-1999', 5)":null},"('Firmantes', 'FIRMANTE')":{"('0233-D-1999', 0)":"SALVATORI, PEDRO","('0233-D-1999', 1)":"AUBIA, JORGE EDUARDO","('0233-D-1999', 2)":"OCAMPOS, JORGE ARMANDO","('0233-D-1999', 3)":"HAQUIM, CARLOS GUILLERMO","('0233-D-1999', 4)":"GONZALEZ CABA\u00d1AS, JOSE ARMANDO","('0233-D-1999', 5)":"FERNANDEZ, ALBERTO MANUEL"},"('Firmantes', 'DISTRITO')":{"('0233-D-1999', 0)":"NEUQUEN","('0233-D-1999', 1)":"CHUBUT","('0233-D-1999', 2)":"RIO NEGRO","('0233-D-1999', 3)":"JUJUY","('0233-D-1999', 4)":"CORRIENTES","('0233-D-1999', 5)":"NEUQUEN"},"('Firmantes', 'BLOQUE')":{"('0233-D-1999', 0)":"MOV POP NEUQUINO","('0233-D-1999', 1)":"UCR","('0233-D-1999', 2)":"UCR","('0233-D-1999', 3)":"JUSTICIALISTA","('0233-D-1999', 4)":"FREPANU","('0233-D-1999', 5)":"MOV POP NEUQUINO"},"('Giros', 'COMISI\u00d3N')":{"('0233-D-1999', 0)":"RECURSOS NATURALES Y CONSERVACION DEL AMBIENTE HUMANO","('0233-D-1999', 1)":null,"('0233-D-1999', 2)":null,"('0233-D-1999', 3)":null,"('0233-D-1999', 4)":null,"('0233-D-1999', 5)":null},"Sumario":{"('0233-D-1999', 0)":"SOLICITUD AL PODER EJECUTIVO NACIONAL.","('0233-D-1999', 1)":null,"('0233-D-1999', 2)":null,"('0233-D-1999', 3)":null,"('0233-D-1999', 4)":null,"('0233-D-1999', 5)":null},"Palabra Clave":{"('0233-D-1999', 0)":" ","('0233-D-1999', 1)":null,"('0233-D-1999', 2)":null,"('0233-D-1999', 3)":null,"('0233-D-1999', 4)":null,"('0233-D-1999', 5)":null}}