{"Tipo de Proyecto":{"('0235-S-1999', 0)":"PROYECTO DE LEY","('0235-S-1999', 1)":null,"('0235-S-1999', 2)":null},"Iniciado en: ":{"('0235-S-1999', 0)":"Senado","('0235-S-1999', 1)":null,"('0235-S-1999', 2)":null},"Expediente Diputados: ":{"('0235-S-1999', 0)":"0235-S-1999","('0235-S-1999', 1)":null,"('0235-S-1999', 2)":null},"Expediente Senado: ":{"('0235-S-1999', 0)":"1927-S-1999","('0235-S-1999', 1)":null,"('0235-S-1999', 2)":null},"Publicado en: ":{"('0235-S-1999', 0)":"Diario de Asuntos Entrados N\u00b0 119","('0235-S-1999', 1)":null,"('0235-S-1999', 2)":null},"Fecha: ":{"('0235-S-1999', 0)":"08\/11\/1999","('0235-S-1999', 1)":null,"('0235-S-1999', 2)":null},"T\u00edtulo":{"('0235-S-1999', 0)":"SUSTITUCION DEL SEGUNDO PARRAFO DEL ARTICULO 34 DE LA LEY 11723 (PROPIEDAD INTELECTUAL).","('0235-S-1999', 1)":null,"('0235-S-1999', 2)":null},"('Firmantes', 'FIRMANTE')":{"('0235-S-1999', 0)":"BRANDA, RICARDO A.","('0235-S-1999', 1)":null,"('0235-S-1999', 2)":null},"('Firmantes', 'DISTRITO')":{"('0235-S-1999', 0)":"FORMOSA","('0235-S-1999', 1)":null,"('0235-S-1999', 2)":null},"('Firmantes', 'BLOQUE')":{"('0235-S-1999', 0)":"JUSTICIALISTA","('0235-S-1999', 1)":null,"('0235-S-1999', 2)":null},"('Giros', 'COMISI\u00d3N')":{"('0235-S-1999', 0)":"LEGISLACION GENERAL","('0235-S-1999', 1)":"CULTURA","('0235-S-1999', 2)":"INDUSTRIA"},"('Tramites', 'C\u00c1MARA')":{"('0235-S-1999', 0)":"Senado","('0235-S-1999', 1)":"Diputados","('0235-S-1999', 2)":null},"('Tramites', 'MOVIMIENTO')":{"('0235-S-1999', 0)":"CONSIDERACION Y APROBACION","('0235-S-1999', 1)":"PASA A DIPUTADOS - (TP 193)","('0235-S-1999', 2)":null},"('Tramites', 'FECHA')":{"('0235-S-1999', 0)":"01\/12\/1999","('0235-S-1999', 1)":null,"('0235-S-1999', 2)":null},"('Tramites', 'RESULTADO')":{"('0235-S-1999', 0)":"MEDIA SANCION","('0235-S-1999', 1)":null,"('0235-S-1999', 2)":null},"Sumario":{"('0235-S-1999', 0)":"AMPLIACION DEL PLAZO DE PROTECCION DE DERECHOS INTELECTUALES.","('0235-S-1999', 1)":null,"('0235-S-1999', 2)":null},"Palabra Clave":{"('0235-S-1999', 0)":" ","('0235-S-1999', 1)":null,"('0235-S-1999', 2)":null}}