{"Tipo de Proyecto":{"('0235-D-1999', 0)":"PROYECTO DE DECLARACI\u00d3N","('0235-D-1999', 1)":null,"('0235-D-1999', 2)":null,"('0235-D-1999', 3)":null,"('0235-D-1999', 4)":null,"('0235-D-1999', 5)":null},"Iniciado en: ":{"('0235-D-1999', 0)":"Diputados","('0235-D-1999', 1)":null,"('0235-D-1999', 2)":null,"('0235-D-1999', 3)":null,"('0235-D-1999', 4)":null,"('0235-D-1999', 5)":null},"Expediente Diputados: ":{"('0235-D-1999', 0)":"0235-D-1999","('0235-D-1999', 1)":null,"('0235-D-1999', 2)":null,"('0235-D-1999', 3)":null,"('0235-D-1999', 4)":null,"('0235-D-1999', 5)":null},"Publicado en: ":{"('0235-D-1999', 0)":"Tr\u00e1mite Parlamentario N\u00b0 3","('0235-D-1999', 1)":null,"('0235-D-1999', 2)":null,"('0235-D-1999', 3)":null,"('0235-D-1999', 4)":null,"('0235-D-1999', 5)":null},"Fecha: ":{"('0235-D-1999', 0)":"03\/03\/1999","('0235-D-1999', 1)":null,"('0235-D-1999', 2)":null,"('0235-D-1999', 3)":null,"('0235-D-1999', 4)":null,"('0235-D-1999', 5)":null},"T\u00edtulo":{"('0235-D-1999', 0)":"REFORZAR LA PARTIDA PRESUPUESTARIA CORRESPONDIENTE PARA PERMITIR QUE EL PROGRAMA DE AYUDA SOCIAL DENOMINADO 'SERVICIOS COMUNITARIOS' NO PIERDA CONTINUIDAD, DADA SU VIGENCIA EN LA PROVINCIA DE NEUQUEN.","('0235-D-1999', 1)":null,"('0235-D-1999', 2)":null,"('0235-D-1999', 3)":null,"('0235-D-1999', 4)":null,"('0235-D-1999', 5)":null},"('Firmantes', 'FIRMANTE')":{"('0235-D-1999', 0)":"SALVATORI, PEDRO","('0235-D-1999', 1)":"AUBIA, JORGE EDUARDO","('0235-D-1999', 2)":"OCAMPOS, JORGE ARMANDO","('0235-D-1999', 3)":"HAQUIM, CARLOS GUILLERMO","('0235-D-1999', 4)":"GONZALEZ CABA\u00d1AS, JOSE ARMANDO","('0235-D-1999', 5)":"FERNANDEZ, ALBERTO MANUEL"},"('Firmantes', 'DISTRITO')":{"('0235-D-1999', 0)":"NEUQUEN","('0235-D-1999', 1)":"CHUBUT","('0235-D-1999', 2)":"RIO NEGRO","('0235-D-1999', 3)":"JUJUY","('0235-D-1999', 4)":"CORRIENTES","('0235-D-1999', 5)":"NEUQUEN"},"('Firmantes', 'BLOQUE')":{"('0235-D-1999', 0)":"MOV POP NEUQUINO","('0235-D-1999', 1)":"UCR","('0235-D-1999', 2)":"UCR","('0235-D-1999', 3)":"JUSTICIALISTA","('0235-D-1999', 4)":"FREPANU","('0235-D-1999', 5)":"MOV POP NEUQUINO"},"('Giros', 'COMISI\u00d3N')":{"('0235-D-1999', 0)":"ACCION SOCIAL Y SALUD PUBLICA","('0235-D-1999', 1)":null,"('0235-D-1999', 2)":null,"('0235-D-1999', 3)":null,"('0235-D-1999', 4)":null,"('0235-D-1999', 5)":null},"Sumario":{"('0235-D-1999', 0)":"SOLICITUD AL PODER EJECUTIVO NACIONAL.","('0235-D-1999', 1)":null,"('0235-D-1999', 2)":null,"('0235-D-1999', 3)":null,"('0235-D-1999', 4)":null,"('0235-D-1999', 5)":null},"Palabra Clave":{"('0235-D-1999', 0)":" ","('0235-D-1999', 1)":null,"('0235-D-1999', 2)":null,"('0235-D-1999', 3)":null,"('0235-D-1999', 4)":null,"('0235-D-1999', 5)":null}}