{"Tipo de Proyecto":{"('0238-D-1999', 0)":"PROYECTO DE RESOLUCI\u00d3N","('0238-D-1999', 1)":null,"('0238-D-1999', 2)":null,"('0238-D-1999', 3)":null,"('0238-D-1999', 4)":null},"Iniciado en: ":{"('0238-D-1999', 0)":"Diputados","('0238-D-1999', 1)":null,"('0238-D-1999', 2)":null,"('0238-D-1999', 3)":null,"('0238-D-1999', 4)":null},"Expediente Diputados: ":{"('0238-D-1999', 0)":"0238-D-1999","('0238-D-1999', 1)":null,"('0238-D-1999', 2)":null,"('0238-D-1999', 3)":null,"('0238-D-1999', 4)":null},"Publicado en: ":{"('0238-D-1999', 0)":"Tr\u00e1mite Parlamentario N\u00b0 3","('0238-D-1999', 1)":null,"('0238-D-1999', 2)":null,"('0238-D-1999', 3)":null,"('0238-D-1999', 4)":null},"Fecha: ":{"('0238-D-1999', 0)":"03\/03\/1999","('0238-D-1999', 1)":null,"('0238-D-1999', 2)":null,"('0238-D-1999', 3)":null,"('0238-D-1999', 4)":null},"T\u00edtulo":{"('0238-D-1999', 0)":"PEDIDO DE INFORMES: SOBRE EL CUMPLIMIENTO DEL PLAN DE MANEJO Y CONSERVACION DEL HUEMUL ENCOMENDADO A LA ADMINISTRACION DE PARQUES NACIONALES.","('0238-D-1999', 1)":null,"('0238-D-1999', 2)":null,"('0238-D-1999', 3)":null,"('0238-D-1999', 4)":null},"('Firmantes', 'FIRMANTE')":{"('0238-D-1999', 0)":"SALVATORI, PEDRO","('0238-D-1999', 1)":"AUBIA, JORGE EDUARDO","('0238-D-1999', 2)":"OCAMPOS, JORGE ARMANDO","('0238-D-1999', 3)":"HAQUIM, CARLOS GUILLERMO","('0238-D-1999', 4)":"GONZALEZ CABA\u00d1AS, JOSE ARMANDO"},"('Firmantes', 'DISTRITO')":{"('0238-D-1999', 0)":"NEUQUEN","('0238-D-1999', 1)":"CHUBUT","('0238-D-1999', 2)":"RIO NEGRO","('0238-D-1999', 3)":"JUJUY","('0238-D-1999', 4)":"CORRIENTES"},"('Firmantes', 'BLOQUE')":{"('0238-D-1999', 0)":"MOV POP NEUQUINO","('0238-D-1999', 1)":"UCR","('0238-D-1999', 2)":"UCR","('0238-D-1999', 3)":"JUSTICIALISTA","('0238-D-1999', 4)":"FREPANU"},"('Giros', 'COMISI\u00d3N')":{"('0238-D-1999', 0)":"RECURSOS NATURALES Y CONSERVACION DEL AMBIENTE HUMANO","('0238-D-1999', 1)":null,"('0238-D-1999', 2)":null,"('0238-D-1999', 3)":null,"('0238-D-1999', 4)":null},"('Tramites', 'C\u00c1MARA')":{"('0238-D-1999', 0)":"Diputados","('0238-D-1999', 1)":null,"('0238-D-1999', 2)":null,"('0238-D-1999', 3)":null,"('0238-D-1999', 4)":null},"('Tramites', 'MOVIMIENTO')":{"('0238-D-1999', 0)":"CONSIDERACION Y APROBACION","('0238-D-1999', 1)":null,"('0238-D-1999', 2)":null,"('0238-D-1999', 3)":null,"('0238-D-1999', 4)":null},"('Tramites', 'FECHA')":{"('0238-D-1999', 0)":"16\/06\/1999","('0238-D-1999', 1)":null,"('0238-D-1999', 2)":null,"('0238-D-1999', 3)":null,"('0238-D-1999', 4)":null},"('Tramites', 'RESULTADO')":{"('0238-D-1999', 0)":"APROBADO","('0238-D-1999', 1)":null,"('0238-D-1999', 2)":null,"('0238-D-1999', 3)":null,"('0238-D-1999', 4)":null},"Sumario":{"('0238-D-1999', 0)":"SOLICITUD AL PODER EJECUTIVO NACIONAL.","('0238-D-1999', 1)":null,"('0238-D-1999', 2)":null,"('0238-D-1999', 3)":null,"('0238-D-1999', 4)":null},"Palabra Clave":{"('0238-D-1999', 0)":" ","('0238-D-1999', 1)":null,"('0238-D-1999', 2)":null,"('0238-D-1999', 3)":null,"('0238-D-1999', 4)":null}}