{"Tipo de Proyecto":{"('0239-D-1999', 0)":"PROYECTO DE RESOLUCI\u00d3N","('0239-D-1999', 1)":null},"Iniciado en: ":{"('0239-D-1999', 0)":"Diputados","('0239-D-1999', 1)":null},"Expediente Diputados: ":{"('0239-D-1999', 0)":"0239-D-1999","('0239-D-1999', 1)":null},"Publicado en: ":{"('0239-D-1999', 0)":"Tr\u00e1mite Parlamentario N\u00b0 3","('0239-D-1999', 1)":null},"Fecha: ":{"('0239-D-1999', 0)":"03\/03\/1999","('0239-D-1999', 1)":null},"T\u00edtulo":{"('0239-D-1999', 0)":"PEDIDO DE INFORMES: SOBRE EL OFRECIMIENTO DE LOS PADRONES ELECTORALES DE NUESTRO PAIS A TRAVES DE MEDIOS ELECTRONICOS COMO INTERNET.","('0239-D-1999', 1)":null},"('Firmantes', 'FIRMANTE')":{"('0239-D-1999', 0)":"ATANASOF, ALFREDO NESTOR","('0239-D-1999', 1)":null},"('Firmantes', 'DISTRITO')":{"('0239-D-1999', 0)":"BUENOS AIRES","('0239-D-1999', 1)":null},"('Firmantes', 'BLOQUE')":{"('0239-D-1999', 0)":"JUSTICIALISTA","('0239-D-1999', 1)":null},"('Giros', 'COMISI\u00d3N')":{"('0239-D-1999', 0)":"COMUNICACIONES E INFORMATICA","('0239-D-1999', 1)":"ASUNTOS CONSTITUCIONALES"},"Sumario":{"('0239-D-1999', 0)":"SOLICITUD AL PODER EJECUTIVO NACIONAL.","('0239-D-1999', 1)":null},"Palabra Clave":{"('0239-D-1999', 0)":" ","('0239-D-1999', 1)":null}}