{"Tipo de Proyecto":{"('0239-S-1999', 0)":"MENSAJE NRO: 0054\/99 Y PROYECTO DE LEY","('0239-S-1999', 1)":null,"('0239-S-1999', 2)":null,"('0239-S-1999', 3)":null,"('0239-S-1999', 4)":null,"('0239-S-1999', 5)":null,"('0239-S-1999', 6)":null,"('0239-S-1999', 7)":null,"('0239-S-1999', 8)":null},"Iniciado en: ":{"('0239-S-1999', 0)":"Senado","('0239-S-1999', 1)":null,"('0239-S-1999', 2)":null,"('0239-S-1999', 3)":null,"('0239-S-1999', 4)":null,"('0239-S-1999', 5)":null,"('0239-S-1999', 6)":null,"('0239-S-1999', 7)":null,"('0239-S-1999', 8)":null},"Expediente Diputados: ":{"('0239-S-1999', 0)":"0239-S-1999","('0239-S-1999', 1)":null,"('0239-S-1999', 2)":null,"('0239-S-1999', 3)":null,"('0239-S-1999', 4)":null,"('0239-S-1999', 5)":null,"('0239-S-1999', 6)":null,"('0239-S-1999', 7)":null,"('0239-S-1999', 8)":null},"Expediente Senado: ":{"('0239-S-1999', 0)":"0870-PE-1999","('0239-S-1999', 1)":null,"('0239-S-1999', 2)":null,"('0239-S-1999', 3)":null,"('0239-S-1999', 4)":null,"('0239-S-1999', 5)":null,"('0239-S-1999', 6)":null,"('0239-S-1999', 7)":null,"('0239-S-1999', 8)":null},"Publicado en: ":{"('0239-S-1999', 0)":"Diario de Asuntos Entrados N\u00b0 140","('0239-S-1999', 1)":null,"('0239-S-1999', 2)":null,"('0239-S-1999', 3)":null,"('0239-S-1999', 4)":null,"('0239-S-1999', 5)":null,"('0239-S-1999', 6)":null,"('0239-S-1999', 7)":null,"('0239-S-1999', 8)":null},"Fecha: ":{"('0239-S-1999', 0)":"15\/12\/1999","('0239-S-1999', 1)":null,"('0239-S-1999', 2)":null,"('0239-S-1999', 3)":null,"('0239-S-1999', 4)":null,"('0239-S-1999', 5)":null,"('0239-S-1999', 6)":null,"('0239-S-1999', 7)":null,"('0239-S-1999', 8)":null},"T\u00edtulo":{"('0239-S-1999', 0)":"INTERVENCION FEDERAL A LA PROVINCIA DE CORRIENTES.","('0239-S-1999', 1)":null,"('0239-S-1999', 2)":null,"('0239-S-1999', 3)":null,"('0239-S-1999', 4)":null,"('0239-S-1999', 5)":null,"('0239-S-1999', 6)":null,"('0239-S-1999', 7)":null,"('0239-S-1999', 8)":null},"('Firmantes', 'FIRMANTE')":{"('0239-S-1999', 0)":"DE LA RUA, FERNANDO","('0239-S-1999', 1)":"TERRAGNO, RODOLFO HECTOR","('0239-S-1999', 2)":"STORANI, FEDERICO TEOBALDO MANUEL","('0239-S-1999', 3)":null,"('0239-S-1999', 4)":null,"('0239-S-1999', 5)":null,"('0239-S-1999', 6)":null,"('0239-S-1999', 7)":null,"('0239-S-1999', 8)":null},"('Firmantes', 'DISTRITO')":{"('0239-S-1999', 0)":null,"('0239-S-1999', 1)":null,"('0239-S-1999', 2)":null,"('0239-S-1999', 3)":null,"('0239-S-1999', 4)":null,"('0239-S-1999', 5)":null,"('0239-S-1999', 6)":null,"('0239-S-1999', 7)":null,"('0239-S-1999', 8)":null},"('Firmantes', 'BLOQUE')":{"('0239-S-1999', 0)":"PODER EJECUTIVO","('0239-S-1999', 1)":"PODER EJECUTIVO","('0239-S-1999', 2)":"PODER EJECUTIVO","('0239-S-1999', 3)":null,"('0239-S-1999', 4)":null,"('0239-S-1999', 5)":null,"('0239-S-1999', 6)":null,"('0239-S-1999', 7)":null,"('0239-S-1999', 8)":null},"('Giros', 'COMISI\u00d3N')":{"('0239-S-1999', 0)":"ASUNTOS CONSTITUCIONALES","('0239-S-1999', 1)":null,"('0239-S-1999', 2)":null,"('0239-S-1999', 3)":null,"('0239-S-1999', 4)":null,"('0239-S-1999', 5)":null,"('0239-S-1999', 6)":null,"('0239-S-1999', 7)":null,"('0239-S-1999', 8)":null},"('Tramites', 'C\u00c1MARA')":{"('0239-S-1999', 0)":"Senado","('0239-S-1999', 1)":"Senado","('0239-S-1999', 2)":"Senado","('0239-S-1999', 3)":"Senado","('0239-S-1999', 4)":"Diputados","('0239-S-1999', 5)":"Diputados","('0239-S-1999', 6)":"Diputados","('0239-S-1999', 7)":"Diputados","('0239-S-1999', 8)":"Diputados"},"('Tramites', 'MOVIMIENTO')":{"('0239-S-1999', 0)":"MOCION SOBRE TABLAS (AFIRMATIVA)","('0239-S-1999', 1)":"MOCION CAMARA EN COMISION (AFIRMATIVA)","('0239-S-1999', 2)":"CONFERENCIA","('0239-S-1999', 3)":"CONSIDERACION Y APROBACION","('0239-S-1999', 4)":"PASA A DIPUTADOS - TP 200","('0239-S-1999', 5)":"CONVOCATORIA SESION ESPECIAL","('0239-S-1999', 6)":"MOCION APARTAMIENTO DEL REGLAMENTO (AFIRMATIVA)","('0239-S-1999', 7)":"MOCION SOBRE TABLAS (AFIRMATIVA)","('0239-S-1999', 8)":"CONSIDERACION Y SANCION"},"('Tramites', 'FECHA')":{"('0239-S-1999', 0)":"15\/12\/1999","('0239-S-1999', 1)":"15\/12\/1999","('0239-S-1999', 2)":"15\/12\/1999","('0239-S-1999', 3)":"15\/12\/1999","('0239-S-1999', 4)":null,"('0239-S-1999', 5)":"15\/12\/1999","('0239-S-1999', 6)":"15\/12\/1999","('0239-S-1999', 7)":"15\/12\/1999","('0239-S-1999', 8)":"15\/12\/1999"},"('Tramites', 'RESULTADO')":{"('0239-S-1999', 0)":null,"('0239-S-1999', 1)":null,"('0239-S-1999', 2)":null,"('0239-S-1999', 3)":"MEDIA SANCION","('0239-S-1999', 4)":null,"('0239-S-1999', 5)":null,"('0239-S-1999', 6)":null,"('0239-S-1999', 7)":null,"('0239-S-1999', 8)":"SANCIONADO"},"Sumario":{"('0239-S-1999', 0)":"DECLARASE LA MISMA PARA GARANTIZAR LA FORMA REPUBLICANA DE GOBIERNO.","('0239-S-1999', 1)":null,"('0239-S-1999', 2)":null,"('0239-S-1999', 3)":null,"('0239-S-1999', 4)":null,"('0239-S-1999', 5)":null,"('0239-S-1999', 6)":null,"('0239-S-1999', 7)":null,"('0239-S-1999', 8)":null},"Palabra Clave":{"('0239-S-1999', 0)":" ","('0239-S-1999', 1)":null,"('0239-S-1999', 2)":null,"('0239-S-1999', 3)":null,"('0239-S-1999', 4)":null,"('0239-S-1999', 5)":null,"('0239-S-1999', 6)":null,"('0239-S-1999', 7)":null,"('0239-S-1999', 8)":null}}