{"Tipo de Proyecto":{"('0240-D-1999', 0)":"PROYECTO DE RESOLUCI\u00d3N","('0240-D-1999', 1)":null},"Iniciado en: ":{"('0240-D-1999', 0)":"Diputados","('0240-D-1999', 1)":null},"Expediente Diputados: ":{"('0240-D-1999', 0)":"0240-D-1999","('0240-D-1999', 1)":null},"Publicado en: ":{"('0240-D-1999', 0)":"Tr\u00e1mite Parlamentario N\u00b0 3","('0240-D-1999', 1)":null},"Fecha: ":{"('0240-D-1999', 0)":"03\/03\/1999","('0240-D-1999', 1)":null},"T\u00edtulo":{"('0240-D-1999', 0)":"PEDIDO DE INFORMES: SOBRE LA DEMORA SUFRIDA POR LOS USUARIOS COMO CONSECUENCIA DEL INCUMPLIMIENTO DE LAS EMPRESAS CON LAS CUALES CONTRATARON DIVERSOS PAQUETES TURISTICOS.","('0240-D-1999', 1)":null},"('Firmantes', 'FIRMANTE')":{"('0240-D-1999', 0)":"ATANASOF, ALFREDO NESTOR","('0240-D-1999', 1)":null},"('Firmantes', 'DISTRITO')":{"('0240-D-1999', 0)":"BUENOS AIRES","('0240-D-1999', 1)":null},"('Firmantes', 'BLOQUE')":{"('0240-D-1999', 0)":"JUSTICIALISTA","('0240-D-1999', 1)":null},"('Giros', 'COMISI\u00d3N')":{"('0240-D-1999', 0)":"TURISMO","('0240-D-1999', 1)":"DEFENSA DEL CONSUMIDOR"},"('Tramites', 'C\u00c1MARA')":{"('0240-D-1999', 0)":"Diputados","('0240-D-1999', 1)":null},"('Tramites', 'MOVIMIENTO')":{"('0240-D-1999', 0)":"CONSIDERACION Y APROBACION","('0240-D-1999', 1)":null},"('Tramites', 'FECHA')":{"('0240-D-1999', 0)":"16\/06\/1999","('0240-D-1999', 1)":null},"('Tramites', 'RESULTADO')":{"('0240-D-1999', 0)":"APROBADO","('0240-D-1999', 1)":null},"Sumario":{"('0240-D-1999', 0)":"SOLICITUD AL PODER EJECUTIVO NACIONAL.","('0240-D-1999', 1)":null},"Palabra Clave":{"('0240-D-1999', 0)":" ","('0240-D-1999', 1)":null}}