{"Tipo de Proyecto":{"('0242-S-1999', 0)":"COMUNICACION"},"Iniciado en: ":{"('0242-S-1999', 0)":"Senado"},"Expediente Senado: ":{"('0242-S-1999', 0)":"0242-S-1999"},"Publicado en: ":{"('0242-S-1999', 0)":"Diario de Asuntos Entrados N\u00b0 13"},"Fecha: ":{"('0242-S-1999', 0)":"23\/03\/1999"},"T\u00edtulo":{"('0242-S-1999', 0)":"PEDIDO DE INFORMES: SOBRE LA SITUACION DE LA ESCUELA NACIONAL DE GOBIERNO.\n\n"},"('Firmantes', 'FIRMANTE')":{"('0242-S-1999', 0)":"BERHONGARAY, ANTONIO TOMAS"},"('Firmantes', 'DISTRITO')":{"('0242-S-1999', 0)":"LA PAMPA"},"('Firmantes', 'BLOQUE')":{"('0242-S-1999', 0)":"UCR"},"Sumario":{"('0242-S-1999', 0)":"SOLICITUD AL PODER EJECUTIVO NACIONAL."},"Palabra Clave":{"('0242-S-1999', 0)":" "}}