{"Tipo de Proyecto":{"('0244-D-1999', 0)":"PROYECTO DE RESOLUCI\u00d3N"},"Iniciado en: ":{"('0244-D-1999', 0)":"Diputados"},"Expediente Diputados: ":{"('0244-D-1999', 0)":"0244-D-1999"},"Publicado en: ":{"('0244-D-1999', 0)":"Tr\u00e1mite Parlamentario N\u00b0 3"},"Fecha: ":{"('0244-D-1999', 0)":"03\/03\/1999"},"T\u00edtulo":{"('0244-D-1999', 0)":"PEDIDO DE INFORMES: SOBRE LAS INVESTIGACIONES REALIZADAS PARA DETERMINAR LAS CAUSAS DE UN NUEVO INCENDIO DESATADO EN LA ULTIMA SEMANA DEL MES DE FEBRERO DE 1999 EN EL BOSQUE NAHUEL HUAPI, SAN CARLOS DE BARILOCHE, PROVINCIA DE RIO NEGRO."},"('Firmantes', 'FIRMANTE')":{"('0244-D-1999', 0)":"ATANASOF, ALFREDO NESTOR"},"('Firmantes', 'DISTRITO')":{"('0244-D-1999', 0)":"BUENOS AIRES"},"('Firmantes', 'BLOQUE')":{"('0244-D-1999', 0)":"JUSTICIALISTA"},"('Giros', 'COMISI\u00d3N')":{"('0244-D-1999', 0)":"RECURSOS NATURALES Y CONSERVACION DEL AMBIENTE HUMANO"},"Sumario":{"('0244-D-1999', 0)":"SOLICITUD AL PODER EJECUTIVO NACIONAL."},"Palabra Clave":{"('0244-D-1999', 0)":" "}}