{"Tipo de Proyecto":{"('0245-S-1999', 0)":"PROYECTO DE RESOLUCI\u00d3N"},"Iniciado en: ":{"('0245-S-1999', 0)":"Senado"},"Expediente Senado: ":{"('0245-S-1999', 0)":"0245-S-1999"},"Publicado en: ":{"('0245-S-1999', 0)":"Diario de Asuntos Entrados N\u00b0 13"},"Fecha: ":{"('0245-S-1999', 0)":"23\/03\/1999"},"T\u00edtulo":{"('0245-S-1999', 0)":"DISPONER LA PUBLICACION DE LA NOVELA \"MEMORIAS POSIBLES DE LUIS PIEDRABUENA\", DEL ARQUITECTO HERNAN ALVAREZ FORN (REPRODUCCION DEL EXPEDIENTE 1737-S-97).\n\n"},"('Firmantes', 'FIRMANTE')":{"('0245-S-1999', 0)":"ULLOA, ROBERTO AUGUSTO"},"('Firmantes', 'DISTRITO')":{"('0245-S-1999', 0)":"SALTA"},"('Firmantes', 'BLOQUE')":{"('0245-S-1999', 0)":"RENOVADOR"},"('Tramites', 'C\u00c1MARA')":{"('0245-S-1999', 0)":"Senado"},"('Tramites', 'MOVIMIENTO')":{"('0245-S-1999', 0)":"CONSIDERACION Y APROBACION"},"('Tramites', 'FECHA')":{"('0245-S-1999', 0)":"04\/08\/1999"},"('Tramites', 'RESULTADO')":{"('0245-S-1999', 0)":"APROBADO"},"Sumario":{"('0245-S-1999', 0)":"PREPARACION E IMPRESION DE LA EDICION A CARGO DE LA SECRETARIA PARLAMENTARIA, POR INTERMEDIO DE LA DIRECCION PUBLICACIONES DEL H CONGRESO DE LA NACION."},"Palabra Clave":{"('0245-S-1999', 0)":" "}}