{"Tipo de Proyecto":{"('0246-D-1999', 0)":"PROYECTO DE RESOLUCI\u00d3N","('0246-D-1999', 1)":null,"('0246-D-1999', 2)":null,"('0246-D-1999', 3)":null},"Iniciado en: ":{"('0246-D-1999', 0)":"Diputados","('0246-D-1999', 1)":null,"('0246-D-1999', 2)":null,"('0246-D-1999', 3)":null},"Expediente Diputados: ":{"('0246-D-1999', 0)":"0246-D-1999","('0246-D-1999', 1)":null,"('0246-D-1999', 2)":null,"('0246-D-1999', 3)":null},"Publicado en: ":{"('0246-D-1999', 0)":"Tr\u00e1mite Parlamentario N\u00b0 3","('0246-D-1999', 1)":null,"('0246-D-1999', 2)":null,"('0246-D-1999', 3)":null},"Fecha: ":{"('0246-D-1999', 0)":"03\/03\/1999","('0246-D-1999', 1)":null,"('0246-D-1999', 2)":null,"('0246-D-1999', 3)":null},"T\u00edtulo":{"('0246-D-1999', 0)":"PEDIDO DE INFORMES: SOBRE LA FIRMA DE UN CONVENIO ENTRE LA DIRECCION DE VIALIDAD DE LA PROVINCIA DE ENTRE RIOS Y LA DIRECCION NACIONAL DE VIALIDAD PARA LA CONSTRUCCION Y DESARROLLO DEL PROYECTO DENOMINADO 'CAMINOS DE LA PRODUCCION'.","('0246-D-1999', 1)":null,"('0246-D-1999', 2)":null,"('0246-D-1999', 3)":null},"('Firmantes', 'FIRMANTE')":{"('0246-D-1999', 0)":"ETCHEVEHERE, ARTURO ROOSEVELT","('0246-D-1999', 1)":"PI\u00d1ON AVILA, CELIA","('0246-D-1999', 2)":"ZACARIAS, JUAN DOMINGO","('0246-D-1999', 3)":"GARCIA DE CANO, MARIA ISABEL"},"('Firmantes', 'DISTRITO')":{"('0246-D-1999', 0)":"ENTRE RIOS","('0246-D-1999', 1)":"ENTRE RIOS","('0246-D-1999', 2)":"ENTRE RIOS","('0246-D-1999', 3)":"ENTRE RIOS"},"('Firmantes', 'BLOQUE')":{"('0246-D-1999', 0)":"UCR","('0246-D-1999', 1)":"UCR","('0246-D-1999', 2)":"JUSTICIALISTA","('0246-D-1999', 3)":"UCR"},"('Giros', 'COMISI\u00d3N')":{"('0246-D-1999', 0)":"TRANSPORTES","('0246-D-1999', 1)":"OBRAS PUBLICAS","('0246-D-1999', 2)":null,"('0246-D-1999', 3)":null},"Sumario":{"('0246-D-1999', 0)":"SOLICITUD AL PODER EJECUTIVO NACIONAL.","('0246-D-1999', 1)":null,"('0246-D-1999', 2)":null,"('0246-D-1999', 3)":null},"Palabra Clave":{"('0246-D-1999', 0)":" ","('0246-D-1999', 1)":null,"('0246-D-1999', 2)":null,"('0246-D-1999', 3)":null}}