{"Tipo de Proyecto":{"('0249-S-1999', 0)":"MENSAJE NRO: 1277\/99 Y PROYECTO DE LEY","('0249-S-1999', 1)":null,"('0249-S-1999', 2)":null,"('0249-S-1999', 3)":null},"Iniciado en: ":{"('0249-S-1999', 0)":"Senado","('0249-S-1999', 1)":null,"('0249-S-1999', 2)":null,"('0249-S-1999', 3)":null},"Expediente Diputados: ":{"('0249-S-1999', 0)":"0249-S-1999","('0249-S-1999', 1)":null,"('0249-S-1999', 2)":null,"('0249-S-1999', 3)":null},"Expediente Senado: ":{"('0249-S-1999', 0)":"0661-PE-1999","('0249-S-1999', 1)":null,"('0249-S-1999', 2)":null,"('0249-S-1999', 3)":null},"Publicado en: ":{"('0249-S-1999', 0)":"Diario de Asuntos Entrados N\u00b0 120","('0249-S-1999', 1)":null,"('0249-S-1999', 2)":null,"('0249-S-1999', 3)":null},"Fecha: ":{"('0249-S-1999', 0)":"09\/11\/1999","('0249-S-1999', 1)":null,"('0249-S-1999', 2)":null,"('0249-S-1999', 3)":null},"T\u00edtulo":{"('0249-S-1999', 0)":"APROBACION DEL ACUERDO ENTRE EL GOBIERNO DE LA REPUBLICA ARGENTINA Y EL GOBIERNO DE AUSTRALIA PARA EVITAR LA DOBLE IMPOSICION Y PREVENIR LA EVASION FISCAL CON RESPECTO A LOS IMPUESTOS SOBRE LA RENTA, SUSCRITO EN BUENOS AIRES EL 27 DE AGOSTO DE 1999.","('0249-S-1999', 1)":null,"('0249-S-1999', 2)":null,"('0249-S-1999', 3)":null},"('Firmantes', 'FIRMANTE')":{"('0249-S-1999', 0)":"MENEM, CARLOS SAUL","('0249-S-1999', 1)":"RODRIGUEZ, JORGE","('0249-S-1999', 2)":"CORACH, CARLOS","('0249-S-1999', 3)":"DI TELLA, GUIDO"},"('Firmantes', 'DISTRITO')":{"('0249-S-1999', 0)":null,"('0249-S-1999', 1)":null,"('0249-S-1999', 2)":null,"('0249-S-1999', 3)":null},"('Firmantes', 'BLOQUE')":{"('0249-S-1999', 0)":"PODER EJECUTIVO","('0249-S-1999', 1)":"PODER EJECUTIVO","('0249-S-1999', 2)":"PODER EJECUTIVO","('0249-S-1999', 3)":"PODER EJECUTIVO"},"('Tramites', 'C\u00c1MARA')":{"('0249-S-1999', 0)":"Senado","('0249-S-1999', 1)":"Diputados","('0249-S-1999', 2)":"Diputados","('0249-S-1999', 3)":"Diputados"},"('Tramites', 'MOVIMIENTO')":{"('0249-S-1999', 0)":"CONSIDERACION Y APROBACION","('0249-S-1999', 1)":"PASA A DIPUTADOS -","('0249-S-1999', 2)":"MOCION SOBRE TABLAS (AFIRMATIVA)","('0249-S-1999', 3)":"CONSIDERACION Y SANCION"},"('Tramites', 'FECHA')":{"('0249-S-1999', 0)":"22\/12\/1999","('0249-S-1999', 1)":null,"('0249-S-1999', 2)":"29\/12\/1999","('0249-S-1999', 3)":"29\/12\/1999"},"('Tramites', 'RESULTADO')":{"('0249-S-1999', 0)":"MEDIA SANCION","('0249-S-1999', 1)":null,"('0249-S-1999', 2)":null,"('0249-S-1999', 3)":"SANCIONADO"},"Sumario":{"('0249-S-1999', 0)":"ACOMPA\u00d1A COPIA AUTENTICADA DEL MISMO.","('0249-S-1999', 1)":null,"('0249-S-1999', 2)":null,"('0249-S-1999', 3)":null},"Palabra Clave":{"('0249-S-1999', 0)":" ","('0249-S-1999', 1)":null,"('0249-S-1999', 2)":null,"('0249-S-1999', 3)":null}}