{"Tipo de Proyecto":{"('0251-S-1999', 0)":"PROYECTO DE DECLARACI\u00d3N"},"Iniciado en: ":{"('0251-S-1999', 0)":"Senado"},"Expediente Senado: ":{"('0251-S-1999', 0)":"0251-S-1999"},"Publicado en: ":{"('0251-S-1999', 0)":"Diario de Asuntos Entrados N\u00b0 13"},"Fecha: ":{"('0251-S-1999', 0)":"23\/03\/1999"},"T\u00edtulo":{"('0251-S-1999', 0)":"SEMINARIO INTERNACIONAL 'EL MUNICIPIO COMO MOTOR DEL DESARROLLO ECONOMICO LOCAL' A REALIZARSE EN BUENOS AIRES EL 25 Y 26 DE MARZO DE 1999.\n"},"('Firmantes', 'FIRMANTE')":{"('0251-S-1999', 0)":"GIOJA, JOSE LUIS"},"('Firmantes', 'DISTRITO')":{"('0251-S-1999', 0)":"SAN JUAN"},"('Firmantes', 'BLOQUE')":{"('0251-S-1999', 0)":"JUSTICIALISTA"},"Sumario":{"('0251-S-1999', 0)":"DECLARARLO DE INTERES PARLAMENTARIO."},"Palabra Clave":{"('0251-S-1999', 0)":" "}}