{"Tipo de Proyecto":{"('0255-S-1999', 0)":"PROYECTO DE RESOLUCI\u00d3N","('0255-S-1999', 1)":null,"('0255-S-1999', 2)":null},"Iniciado en: ":{"('0255-S-1999', 0)":"Senado","('0255-S-1999', 1)":null,"('0255-S-1999', 2)":null},"Expediente Senado: ":{"('0255-S-1999', 0)":"0255-S-1999","('0255-S-1999', 1)":null,"('0255-S-1999', 2)":null},"Publicado en: ":{"('0255-S-1999', 0)":"Diario de Asuntos Entrados N\u00b0 13","('0255-S-1999', 1)":null,"('0255-S-1999', 2)":null},"Fecha: ":{"('0255-S-1999', 0)":"23\/03\/1999","('0255-S-1999', 1)":null,"('0255-S-1999', 2)":null},"T\u00edtulo":{"('0255-S-1999', 0)":"INTERPELACION AL MINISTRO DEL INTERIOR CARLOS CORACH.\n\n","('0255-S-1999', 1)":null,"('0255-S-1999', 2)":null},"('Firmantes', 'FIRMANTE')":{"('0255-S-1999', 0)":"LOPEZ, ALCIDES HUMBERTO","('0255-S-1999', 1)":"DEL PIERO, PEDRO","('0255-S-1999', 2)":"GALVAN, RAUL ALFREDO"},"('Firmantes', 'DISTRITO')":{"('0255-S-1999', 0)":"ENTRE RIOS","('0255-S-1999', 1)":"CIUDAD de BUENOS AIRES","('0255-S-1999', 2)":"LA RIOJA"},"('Firmantes', 'BLOQUE')":{"('0255-S-1999', 0)":"UCR","('0255-S-1999', 1)":"FREPASO","('0255-S-1999', 2)":"UCR"},"Sumario":{"('0255-S-1999', 0)":"INVITARLO PARA QUE INFORME SOBRE LA ASIGNACION Y DISTRIBUCION DE LOS APORTES DEL TESORO NACIONAL.","('0255-S-1999', 1)":null,"('0255-S-1999', 2)":null},"Palabra Clave":{"('0255-S-1999', 0)":" ","('0255-S-1999', 1)":null,"('0255-S-1999', 2)":null}}