{"Tipo de Proyecto":{"('0257-S-1999', 0)":"PROYECTO DE RESOLUCI\u00d3N","('0257-S-1999', 1)":null,"('0257-S-1999', 2)":null,"('0257-S-1999', 3)":null},"Iniciado en: ":{"('0257-S-1999', 0)":"Senado","('0257-S-1999', 1)":null,"('0257-S-1999', 2)":null,"('0257-S-1999', 3)":null},"Expediente Senado: ":{"('0257-S-1999', 0)":"0257-S-1999","('0257-S-1999', 1)":null,"('0257-S-1999', 2)":null,"('0257-S-1999', 3)":null},"Publicado en: ":{"('0257-S-1999', 0)":"Diario de Asuntos Entrados N\u00b0 13","('0257-S-1999', 1)":null,"('0257-S-1999', 2)":null,"('0257-S-1999', 3)":null},"Fecha: ":{"('0257-S-1999', 0)":"23\/03\/1999","('0257-S-1999', 1)":null,"('0257-S-1999', 2)":null,"('0257-S-1999', 3)":null},"T\u00edtulo":{"('0257-S-1999', 0)":"REALIZAR EL 'ENCUENTRO 'CONSTRUYENDO CONSENSOS EDUCATIVOS, RECOMENDACIONES LEGISLATIVAS' ENTRE EL 5 Y 7 DE JULIO DE 1999.\n","('0257-S-1999', 1)":null,"('0257-S-1999', 2)":null,"('0257-S-1999', 3)":null},"('Firmantes', 'FIRMANTE')":{"('0257-S-1999', 0)":"DEL PIERO, PEDRO","('0257-S-1999', 1)":"MIKKELSEN LOTH, JORGE FEDERICO","('0257-S-1999', 2)":"MOLINARI ROMERO, LUIS","('0257-S-1999', 3)":"ULLOA, ROBERTO AUGUSTO"},"('Firmantes', 'DISTRITO')":{"('0257-S-1999', 0)":"CIUDAD de BUENOS AIRES","('0257-S-1999', 1)":"SANTIAGO DEL ESTERO","('0257-S-1999', 2)":"CORDOBA","('0257-S-1999', 3)":"SALTA"},"('Firmantes', 'BLOQUE')":{"('0257-S-1999', 0)":"FREPASO","('0257-S-1999', 1)":"JUSTICIALISTA","('0257-S-1999', 2)":"UCR","('0257-S-1999', 3)":"RENOVADOR"},"('Tramites', 'C\u00c1MARA')":{"('0257-S-1999', 0)":"Senado","('0257-S-1999', 1)":null,"('0257-S-1999', 2)":null,"('0257-S-1999', 3)":null},"('Tramites', 'MOVIMIENTO')":{"('0257-S-1999', 0)":"CONSIDERACION Y APROBACION","('0257-S-1999', 1)":null,"('0257-S-1999', 2)":null,"('0257-S-1999', 3)":null},"('Tramites', 'FECHA')":{"('0257-S-1999', 0)":"04\/08\/1999","('0257-S-1999', 1)":null,"('0257-S-1999', 2)":null,"('0257-S-1999', 3)":null},"('Tramites', 'RESULTADO')":{"('0257-S-1999', 0)":"APROBADO","('0257-S-1999', 1)":null,"('0257-S-1999', 2)":null,"('0257-S-1999', 3)":null},"Link":{"('0257-S-1999', 0)":"http:\/\/www.senado.gov.ar\/parlamentario\/comisiones\/verExp\/257.99\/S\/PR","('0257-S-1999', 1)":null,"('0257-S-1999', 2)":null,"('0257-S-1999', 3)":null},"Palabra Clave":{"('0257-S-1999', 0)":" ","('0257-S-1999', 1)":null,"('0257-S-1999', 2)":null,"('0257-S-1999', 3)":null}}