{"Tipo de Proyecto":{"('0258-S-1999', 0)":"COMUNICACION","('0258-S-1999', 1)":null},"Iniciado en: ":{"('0258-S-1999', 0)":"Senado","('0258-S-1999', 1)":null},"Expediente Senado: ":{"('0258-S-1999', 0)":"0258-S-1999","('0258-S-1999', 1)":null},"Publicado en: ":{"('0258-S-1999', 0)":"Diario de Asuntos Entrados N\u00b0 13","('0258-S-1999', 1)":null},"Fecha: ":{"('0258-S-1999', 0)":"23\/03\/1999","('0258-S-1999', 1)":null},"T\u00edtulo":{"('0258-S-1999', 0)":"PEDIDO DE INFORMES: SOBRE EL IMPORTANTE INCREMENTO DE LA INCIDENCIA DEL SINDROME UREMICO HEMOLITICO A PARTIR DE UN INFORME DE LA SOCIEDAD ARGENTINA DE PEDIATRIA.\n\n","('0258-S-1999', 1)":null},"('Firmantes', 'FIRMANTE')":{"('0258-S-1999', 0)":"BRANDA, RICARDO A.","('0258-S-1999', 1)":null},"('Firmantes', 'DISTRITO')":{"('0258-S-1999', 0)":"FORMOSA","('0258-S-1999', 1)":null},"('Firmantes', 'BLOQUE')":{"('0258-S-1999', 0)":"JUSTICIALISTA","('0258-S-1999', 1)":null},"('Tramites', 'C\u00c1MARA')":{"('0258-S-1999', 0)":"Senado","('0258-S-1999', 1)":"Senado"},"('Tramites', 'MOVIMIENTO')":{"('0258-S-1999', 0)":"CONSIDERACION Y APROBACION","('0258-S-1999', 1)":"CONTESTACION DEL PODER EJECUTIVO NACIONAL - (520-PE-99); GIRADA A LA COMISION RESPECTIVA"},"('Tramites', 'FECHA')":{"('0258-S-1999', 0)":"16\/06\/1999","('0258-S-1999', 1)":null},"('Tramites', 'RESULTADO')":{"('0258-S-1999', 0)":"APROBADO","('0258-S-1999', 1)":null},"Sumario":{"('0258-S-1999', 0)":"SOLICITUD AL PODER EJECUTIVO NACIONAL.","('0258-S-1999', 1)":null},"Palabra Clave":{"('0258-S-1999', 0)":" ","('0258-S-1999', 1)":null}}