{"Tipo de Proyecto":{"('0259-S-1999', 0)":"PROYECTO DE DECLARACI\u00d3N"},"Iniciado en: ":{"('0259-S-1999', 0)":"Senado"},"Expediente Senado: ":{"('0259-S-1999', 0)":"0259-S-1999"},"Publicado en: ":{"('0259-S-1999', 0)":"Diario de Asuntos Entrados N\u00b0 13"},"Fecha: ":{"('0259-S-1999', 0)":"23\/03\/1999"},"T\u00edtulo":{"('0259-S-1999', 0)":"MODIFICACION AL CODIGO CIVIL."},"('Firmantes', 'FIRMANTE')":{"('0259-S-1999', 0)":"BRANDA, RICARDO A."},"('Firmantes', 'DISTRITO')":{"('0259-S-1999', 0)":"FORMOSA"},"('Firmantes', 'BLOQUE')":{"('0259-S-1999', 0)":"JUSTICIALISTA"},"Sumario":{"('0259-S-1999', 0)":"SUSTITUCION DE LOS ARTICULOS 3593, 3594 Y 3595 (PORCENTAJE DE LA PORCION LEGITIMA DE DESCENDIENTES, ASCENDIENTES Y CONYUGES)."},"Palabra Clave":{"('0259-S-1999', 0)":" "}}