{"Tipo de Proyecto":{"('0260-S-1999', 0)":"PROYECTO DE LEY","('0260-S-1999', 1)":null},"Iniciado en: ":{"('0260-S-1999', 0)":"Senado","('0260-S-1999', 1)":null},"Expediente Senado: ":{"('0260-S-1999', 0)":"0260-S-1999","('0260-S-1999', 1)":null},"Publicado en: ":{"('0260-S-1999', 0)":"Diario de Asuntos Entrados N\u00b0 13","('0260-S-1999', 1)":null},"Fecha: ":{"('0260-S-1999', 0)":"23\/03\/1999","('0260-S-1999', 1)":null},"T\u00edtulo":{"('0260-S-1999', 0)":"CODIGO CIVIL: MODIFICACIONES.","('0260-S-1999', 1)":null},"('Firmantes', 'FIRMANTE')":{"('0260-S-1999', 0)":"BRANDA, RICARDO A.","('0260-S-1999', 1)":"MIKKELSEN LOTH, JORGE FEDERICO"},"('Firmantes', 'DISTRITO')":{"('0260-S-1999', 0)":"FORMOSA","('0260-S-1999', 1)":"SANTIAGO DEL ESTERO"},"('Firmantes', 'BLOQUE')":{"('0260-S-1999', 0)":"JUSTICIALISTA","('0260-S-1999', 1)":"JUSTICIALISTA"},"('Tramites', 'C\u00c1MARA')":{"('0260-S-1999', 0)":"Senado","('0260-S-1999', 1)":"Senado"},"('Tramites', 'MOVIMIENTO')":{"('0260-S-1999', 0)":"MOCION POSTERGACION TRATAMIENTO (AFIRMATIVA)","('0260-S-1999', 1)":"REPRODUCIDO POR EXPEDIENTE 0153-S-01 (DAE 9)"},"('Tramites', 'FECHA')":{"('0260-S-1999', 0)":"30\/11\/2000","('0260-S-1999', 1)":null},"('Tramites', 'RESULTADO')":{"('0260-S-1999', 0)":null,"('0260-S-1999', 1)":null},"Sumario":{"('0260-S-1999', 0)":"SUSTITUCION DE LOS ARTICULOS 3593 (PORCION LEGITIMA DE LOS DESCENDIENTES DEL 50% DE TODOS LOS BIENES EXISTENTES A LA MUERTE DEL TESTADOR), 3594 (PORCION LEGITIMA DE LOS ASCENDIENTES DE UN TERCIO DE LOS BIENES DONADOS) Y 3595 (PORCION LEGITIMA DE LOS CONYUGES CUANDO NO EXISTIERAN DESCENDIENTES O ASCENDIENTES, DE LA CUARTA PARTE DE LOS BIENES GANANCIALES Y DEL 50% DE LOS BIENES PROPIOS DE LA SUCESION DEL CONYUGE MUERTO)","('0260-S-1999', 1)":null},"Palabra Clave":{"('0260-S-1999', 0)":" ","('0260-S-1999', 1)":null}}