{"Tipo de Proyecto":{"('0262-S-1999', 0)":"PROYECTO DE DECLARACI\u00d3N"},"Iniciado en: ":{"('0262-S-1999', 0)":"Senado"},"Expediente Senado: ":{"('0262-S-1999', 0)":"0262-S-1999"},"Publicado en: ":{"('0262-S-1999', 0)":"Diario de Asuntos Entrados N\u00b0 13"},"Fecha: ":{"('0262-S-1999', 0)":"23\/03\/1999"},"T\u00edtulo":{"('0262-S-1999', 0)":"ASESINATO DEL VICEPRESIDENTE DE LA REPUBLICA DE PARAGUAY, LUIS MARIA ARGA\u00d1A."},"('Firmantes', 'FIRMANTE')":{"('0262-S-1999', 0)":"MENEGHINI, JAVIER REYNALDO"},"('Firmantes', 'DISTRITO')":{"('0262-S-1999', 0)":"SANTIAGO DEL ESTERO"},"('Firmantes', 'BLOQUE')":{"('0262-S-1999', 0)":"UCR"},"('Tramites', 'C\u00c1MARA')":{"('0262-S-1999', 0)":"Senado"},"('Tramites', 'MOVIMIENTO')":{"('0262-S-1999', 0)":"VER TRAMITE EN EXPEDIENTE 0248-S-99"},"('Tramites', 'FECHA')":{"('0262-S-1999', 0)":null},"('Tramites', 'RESULTADO')":{"('0262-S-1999', 0)":null},"Sumario":{"('0262-S-1999', 0)":"EXPRESION DE REPUDIO Y DE SOLIDARIDAD CON LOS FAMILIARIAS Y EL PUEBLO PARAGUAYO."},"Palabra Clave":{"('0262-S-1999', 0)":" "}}