{"Tipo de Proyecto":{"('0263-S-1999', 0)":"PROYECTO DE RESOLUCI\u00d3N"},"Iniciado en: ":{"('0263-S-1999', 0)":"Senado"},"Expediente Senado: ":{"('0263-S-1999', 0)":"0263-S-1999"},"Publicado en: ":{"('0263-S-1999', 0)":"Diario de Asuntos Entrados N\u00b0 13"},"Fecha: ":{"('0263-S-1999', 0)":"23\/03\/1999"},"T\u00edtulo":{"('0263-S-1999', 0)":"INTERPELACION AL MINISTRO DEL INTERIOR, DOCTOR CARLOS CORACH."},"('Firmantes', 'FIRMANTE')":{"('0263-S-1999', 0)":"ROMERO FERIS, JOSE ANTONIO"},"('Firmantes', 'DISTRITO')":{"('0263-S-1999', 0)":"CORRIENTES"},"('Firmantes', 'BLOQUE')":{"('0263-S-1999', 0)":"AUTONOMISTA"},"Sumario":{"('0263-S-1999', 0)":"PARA QUE INFORME SOBRE LA UTILIZACION DE LOS FONDOS QUE LE HAN SIDO ASIGNADOS EN CONCEPTO DE 'FONDO DE APORTES DEL TESORO NACIONAL A LAS PROVINCIAS' EN RAZON DE LO DISPUESTO POR EL ARTICULO 3 DE LA LEY 23548 DE COPARTICIPACION FEDERAL DE IMPUESTOS."},"Palabra Clave":{"('0263-S-1999', 0)":" "}}