{"Tipo de Proyecto":{"('0264-D-1999', 0)":"PROYECTO DE RESOLUCI\u00d3N","('0264-D-1999', 1)":null,"('0264-D-1999', 2)":null},"Iniciado en: ":{"('0264-D-1999', 0)":"Diputados","('0264-D-1999', 1)":null,"('0264-D-1999', 2)":null},"Expediente Diputados: ":{"('0264-D-1999', 0)":"0264-D-1999","('0264-D-1999', 1)":null,"('0264-D-1999', 2)":null},"Publicado en: ":{"('0264-D-1999', 0)":"Tr\u00e1mite Parlamentario N\u00b0 4","('0264-D-1999', 1)":null,"('0264-D-1999', 2)":null},"Fecha: ":{"('0264-D-1999', 0)":"04\/03\/1999","('0264-D-1999', 1)":null,"('0264-D-1999', 2)":null},"T\u00edtulo":{"('0264-D-1999', 0)":"PEDIDO DE INFORMES: SOBRE LA MORA EN EL CUMPLIMIENTO DE LAS OBLIGACIONES DE LA EMPRESA 'CLEONA SA' CONCESIONARIA DEL SERVICIO TURISTICO DE RECORRIDO LACUSTRE PARA PASAJEROS QUE BRINDA EN EL PARQUE NACIONAL LOS ALERCES UBICADO EN LA PROVINCIA DE CHUBUT.","('0264-D-1999', 1)":null,"('0264-D-1999', 2)":null},"('Firmantes', 'FIRMANTE')":{"('0264-D-1999', 0)":"AUBIA, JORGE EDUARDO","('0264-D-1999', 1)":"CAMBARERI, FORTUNATO RAFAEL","('0264-D-1999', 2)":"OCAMPOS, JORGE ARMANDO"},"('Firmantes', 'DISTRITO')":{"('0264-D-1999', 0)":"CHUBUT","('0264-D-1999', 1)":"CHUBUT","('0264-D-1999', 2)":"RIO NEGRO"},"('Firmantes', 'BLOQUE')":{"('0264-D-1999', 0)":"UCR","('0264-D-1999', 1)":"UCR","('0264-D-1999', 2)":"UCR"},"('Giros', 'COMISI\u00d3N')":{"('0264-D-1999', 0)":"TURISMO","('0264-D-1999', 1)":"RECURSOS NATURALES Y CONSERVACION DEL AMBIENTE HUMANO","('0264-D-1999', 2)":null},"('Tramites', 'C\u00c1MARA')":{"('0264-D-1999', 0)":"Diputados","('0264-D-1999', 1)":null,"('0264-D-1999', 2)":null},"('Tramites', 'MOVIMIENTO')":{"('0264-D-1999', 0)":"CONSIDERACION Y APROBACION","('0264-D-1999', 1)":null,"('0264-D-1999', 2)":null},"('Tramites', 'FECHA')":{"('0264-D-1999', 0)":"04\/08\/1999","('0264-D-1999', 1)":null,"('0264-D-1999', 2)":null},"('Tramites', 'RESULTADO')":{"('0264-D-1999', 0)":"APROBADO","('0264-D-1999', 1)":null,"('0264-D-1999', 2)":null},"Sumario":{"('0264-D-1999', 0)":"SOLICITUD AL PODER EJECUTIVO NACIONAL A TRAVES DE LA SECRETARIA DE RECURSOS NATURALES Y DESARROLLO SUSTENTABLE.","('0264-D-1999', 1)":null,"('0264-D-1999', 2)":null},"Palabra Clave":{"('0264-D-1999', 0)":" ","('0264-D-1999', 1)":null,"('0264-D-1999', 2)":null}}