{"Tipo de Proyecto":{"('0265-S-1999', 0)":"PROYECTO DE DECLARACI\u00d3N","('0265-S-1999', 1)":null,"('0265-S-1999', 2)":null},"Iniciado en: ":{"('0265-S-1999', 0)":"Senado","('0265-S-1999', 1)":null,"('0265-S-1999', 2)":null},"Expediente Senado: ":{"('0265-S-1999', 0)":"0265-S-1999","('0265-S-1999', 1)":null,"('0265-S-1999', 2)":null},"Publicado en: ":{"('0265-S-1999', 0)":"Diario de Asuntos Entrados N\u00b0 14","('0265-S-1999', 1)":null,"('0265-S-1999', 2)":null},"Fecha: ":{"('0265-S-1999', 0)":"24\/03\/1999","('0265-S-1999', 1)":null,"('0265-S-1999', 2)":null},"T\u00edtulo":{"('0265-S-1999', 0)":"ASESINATO DEL VICEPRESIDENTE DE PARAGUAY LUIS MARIA ARGA\u00d1A.\n","('0265-S-1999', 1)":null,"('0265-S-1999', 2)":null},"('Firmantes', 'FIRMANTE')":{"('0265-S-1999', 0)":"LOPEZ, ALCIDES HUMBERTO","('0265-S-1999', 1)":"DEL PIERO, PEDRO","('0265-S-1999', 2)":"ULLOA, ROBERTO AUGUSTO"},"('Firmantes', 'DISTRITO')":{"('0265-S-1999', 0)":"ENTRE RIOS","('0265-S-1999', 1)":"CIUDAD de BUENOS AIRES","('0265-S-1999', 2)":"SALTA"},"('Firmantes', 'BLOQUE')":{"('0265-S-1999', 0)":"UCR","('0265-S-1999', 1)":"FREPASO","('0265-S-1999', 2)":"RENOVADOR"},"('Tramites', 'C\u00c1MARA')":{"('0265-S-1999', 0)":"Senado","('0265-S-1999', 1)":null,"('0265-S-1999', 2)":null},"('Tramites', 'MOVIMIENTO')":{"('0265-S-1999', 0)":"VER TRAMITE EN EXPEDIENTE 0248-S-99","('0265-S-1999', 1)":null,"('0265-S-1999', 2)":null},"('Tramites', 'FECHA')":{"('0265-S-1999', 0)":"24\/03\/1999","('0265-S-1999', 1)":null,"('0265-S-1999', 2)":null},"('Tramites', 'RESULTADO')":{"('0265-S-1999', 0)":null,"('0265-S-1999', 1)":null,"('0265-S-1999', 2)":null},"Sumario":{"('0265-S-1999', 0)":"EXPRESION DE REPUDIO.","('0265-S-1999', 1)":null,"('0265-S-1999', 2)":null},"Palabra Clave":{"('0265-S-1999', 0)":" ","('0265-S-1999', 1)":null,"('0265-S-1999', 2)":null}}