{"Tipo de Proyecto":{"('0265-OV-1999', 0)":"PROYECTO DE RESOLUCI\u00d3N"},"Iniciado en: ":{"('0265-OV-1999', 0)":"Senado"},"Expediente Senado: ":{"('0265-OV-1999', 0)":"0265-OV-1999"},"Fecha: ":{"('0265-OV-1999', 0)":"03\/06\/1999"},"T\u00edtulo":{"('0265-OV-1999', 0)":"JUICIO POLITICO AL SE\u00d1OR MINISTRO DE RELACIONES EXTERIORES, COMERCIO  INTERNACIONAL Y CULTO, INGENIERO GUIDO DI TELLA."},"('Firmantes', 'FIRMANTE')":{"('0265-OV-1999', 0)":"JUICIO POLITICO (S)"},"('Firmantes', 'DISTRITO')":{"('0265-OV-1999', 0)":null},"('Firmantes', 'BLOQUE')":{"('0265-OV-1999', 0)":null},"Sumario":{"('0265-OV-1999', 0)":"DESESTIMACION DEL MISMO."},"Palabra Clave":{"('0265-OV-1999', 0)":" "}}