{"Tipo de Proyecto":{"('0265-D-1999', 0)":"PROYECTO DE DECLARACI\u00d3N","('0265-D-1999', 1)":null,"('0265-D-1999', 2)":null},"Iniciado en: ":{"('0265-D-1999', 0)":"Diputados","('0265-D-1999', 1)":null,"('0265-D-1999', 2)":null},"Expediente Diputados: ":{"('0265-D-1999', 0)":"0265-D-1999","('0265-D-1999', 1)":null,"('0265-D-1999', 2)":null},"Publicado en: ":{"('0265-D-1999', 0)":"Tr\u00e1mite Parlamentario N\u00b0 4","('0265-D-1999', 1)":null,"('0265-D-1999', 2)":null},"Fecha: ":{"('0265-D-1999', 0)":"04\/03\/1999","('0265-D-1999', 1)":null,"('0265-D-1999', 2)":null},"T\u00edtulo":{"('0265-D-1999', 0)":"DISPONER LAS MEDIDAS NECESARIAS PARA QUE LA DIRECCION GENERAL DEL AUTOMOTOR Y CREDITOS PRENDARIOS CESE DE EXIGIR EL PAGO DEL IMPUESTO CREADO POR LA LEY 25053 PARA EL FONDO NACIONAL DE INCENTIVO DOCENTE, AL MOMENTO DE EFECTUARSE LA PRIMERA INSCRIPCION O LA TRANSFERENCIA DE REMOLQUES Y SEMIRREMOLQUES.","('0265-D-1999', 1)":null,"('0265-D-1999', 2)":null},"('Firmantes', 'FIRMANTE')":{"('0265-D-1999', 0)":"GUTIERREZ, GUSTAVO EDUARDO","('0265-D-1999', 1)":"GARCIA, FRANCISCO ALBERTO","('0265-D-1999', 2)":"BALTER, CARLOS MARIO"},"('Firmantes', 'DISTRITO')":{"('0265-D-1999', 0)":"MENDOZA","('0265-D-1999', 1)":"MENDOZA","('0265-D-1999', 2)":"MENDOZA"},"('Firmantes', 'BLOQUE')":{"('0265-D-1999', 0)":"DEMOCRATA","('0265-D-1999', 1)":"JUSTICIALISTA","('0265-D-1999', 2)":"DEMOCRATA"},"('Giros', 'COMISI\u00d3N')":{"('0265-D-1999', 0)":"LEGISLACION GENERAL","('0265-D-1999', 1)":"EDUCACION","('0265-D-1999', 2)":"PRESUPUESTO Y HACIENDA"},"Sumario":{"('0265-D-1999', 0)":"SOLICITUD AL PODER EJECUTIVO NACIONAL.","('0265-D-1999', 1)":null,"('0265-D-1999', 2)":null},"Palabra Clave":{"('0265-D-1999', 0)":" ","('0265-D-1999', 1)":null,"('0265-D-1999', 2)":null}}