{"Tipo de Proyecto":{"('0268-S-1999', 0)":"PROYECTO DE DECLARACI\u00d3N"},"Iniciado en: ":{"('0268-S-1999', 0)":"Senado"},"Expediente Senado: ":{"('0268-S-1999', 0)":"0268-S-1999"},"Publicado en: ":{"('0268-S-1999', 0)":"Diario de Asuntos Entrados N\u00b0 14"},"Fecha: ":{"('0268-S-1999', 0)":"24\/03\/1999"},"T\u00edtulo":{"('0268-S-1999', 0)":"ASESINATO DEL VICEPRESIDENTE DE PARAGUAY LUIS MARIA ARGA\u00d1A.\n"},"('Firmantes', 'FIRMANTE')":{"('0268-S-1999', 0)":"CAFIERO, ANTONIO FRANCISCO"},"('Firmantes', 'DISTRITO')":{"('0268-S-1999', 0)":"BUENOS AIRES"},"('Firmantes', 'BLOQUE')":{"('0268-S-1999', 0)":"JUSTICIALISTA"},"('Tramites', 'C\u00c1MARA')":{"('0268-S-1999', 0)":"Senado"},"('Tramites', 'MOVIMIENTO')":{"('0268-S-1999', 0)":"VER TRAMITE EN EXPEDIENTE 0248-S-99"},"('Tramites', 'FECHA')":{"('0268-S-1999', 0)":null},"('Tramites', 'RESULTADO')":{"('0268-S-1999', 0)":null},"Sumario":{"('0268-S-1999', 0)":"EXPRESION DE REPUDIO."},"Palabra Clave":{"('0268-S-1999', 0)":" "}}