{"Tipo de Proyecto":{"('0269-D-1999', 0)":"PROYECTO DE DECLARACI\u00d3N"},"Iniciado en: ":{"('0269-D-1999', 0)":"Diputados"},"Expediente Diputados: ":{"('0269-D-1999', 0)":"0269-D-1999"},"Publicado en: ":{"('0269-D-1999', 0)":"Tr\u00e1mite Parlamentario N\u00b0 4"},"Fecha: ":{"('0269-D-1999', 0)":"04\/03\/1999"},"T\u00edtulo":{"('0269-D-1999', 0)":"ACUERDOS A LOS QUE SE ARRIBARON EN LA CUMBRE BRASIL - ARGENTINA, QUE TIENE COMO CAUSA LA CRISIS ECONOMICO - FINANCIERA DEL PAIS VECINO.\n"},"('Firmantes', 'FIRMANTE')":{"('0269-D-1999', 0)":"CARRARA, EMILIO EDUARDO"},"('Firmantes', 'DISTRITO')":{"('0269-D-1999', 0)":"CHACO"},"('Firmantes', 'BLOQUE')":{"('0269-D-1999', 0)":"JUSTICIALISTA"},"('Giros', 'COMISI\u00d3N')":{"('0269-D-1999', 0)":"MERCOSUR"},"Sumario":{"('0269-D-1999', 0)":"APOYO Y RATIFICACION DE LOS ALCANCES DEL ACUERDO DEL MERCADO COMUN DEL SUR."},"Palabra Clave":{"('0269-D-1999', 0)":" "}}