{"Tipo de Proyecto":{"('0270-S-1999', 0)":"PROYECTO DE DECLARACI\u00d3N"},"Iniciado en: ":{"('0270-S-1999', 0)":"Senado"},"Expediente Senado: ":{"('0270-S-1999', 0)":"0270-S-1999"},"Publicado en: ":{"('0270-S-1999', 0)":"Diario de Asuntos Entrados N\u00b0 14"},"Fecha: ":{"('0270-S-1999', 0)":"24\/03\/1999"},"T\u00edtulo":{"('0270-S-1999', 0)":"FALLECIMIENTO DE GENDARMES ARGENTINOS EN HAITI AL ESTRELLARSE EL HELICOPTERO EN EL QUE VIAJABAN.\n"},"('Firmantes', 'FIRMANTE')":{"('0270-S-1999', 0)":"GARCIA ARECHA, JOSE MARIA"},"('Firmantes', 'DISTRITO')":{"('0270-S-1999', 0)":"CIUDAD de BUENOS AIRES"},"('Firmantes', 'BLOQUE')":{"('0270-S-1999', 0)":"UCR"},"('Tramites', 'C\u00c1MARA')":{"('0270-S-1999', 0)":"Senado"},"('Tramites', 'MOVIMIENTO')":{"('0270-S-1999', 0)":"VER TRAMITE EN EXPEDIENTE 0175-S-99"},"('Tramites', 'FECHA')":{"('0270-S-1999', 0)":null},"('Tramites', 'RESULTADO')":{"('0270-S-1999', 0)":null},"Sumario":{"('0270-S-1999', 0)":"EXPRESION DE PESAR."},"Palabra Clave":{"('0270-S-1999', 0)":" "}}