{"Tipo de Proyecto":{"('0271-D-1999', 0)":"PROYECTO DE DECLARACI\u00d3N"},"Iniciado en: ":{"('0271-D-1999', 0)":"Diputados"},"Expediente Diputados: ":{"('0271-D-1999', 0)":"0271-D-1999"},"Publicado en: ":{"('0271-D-1999', 0)":"Tr\u00e1mite Parlamentario N\u00b0 4"},"Fecha: ":{"('0271-D-1999', 0)":"04\/03\/1999"},"T\u00edtulo":{"('0271-D-1999', 0)":"CREACION DEL COMITE NACIONAL DE PREVENCION DE ACCIDENTES EN EL AMBITO DE LA JEFATURA DE GABINETE DE MINISTROS."},"('Firmantes', 'FIRMANTE')":{"('0271-D-1999', 0)":"DOMINGUEZ, LORENZO SEBASTIAN"},"('Firmantes', 'DISTRITO')":{"('0271-D-1999', 0)":"SANTA FE"},"('Firmantes', 'BLOQUE')":{"('0271-D-1999', 0)":"PAIS"},"('Giros', 'COMISI\u00d3N')":{"('0271-D-1999', 0)":"ACCION SOCIAL Y SALUD PUBLICA"},"('Tramites', 'C\u00c1MARA')":{"('0271-D-1999', 0)":"Diputados"},"('Tramites', 'MOVIMIENTO')":{"('0271-D-1999', 0)":"CONSIDERACION Y APROBACION"},"('Tramites', 'FECHA')":{"('0271-D-1999', 0)":"12\/05\/1999"},"('Tramites', 'RESULTADO')":{"('0271-D-1999', 0)":"APROBADO"},"Sumario":{"('0271-D-1999', 0)":"SOLICITUD AL PODER EJECUTIVO NACIONAL."},"Palabra Clave":{"('0271-D-1999', 0)":" "}}