{"Tipo de Proyecto":{"('0272-S-1999', 0)":"PROYECTO DE RESOLUCI\u00d3N"},"Iniciado en: ":{"('0272-S-1999', 0)":"Senado"},"Expediente Senado: ":{"('0272-S-1999', 0)":"0272-S-1999"},"Publicado en: ":{"('0272-S-1999', 0)":"Diario de Asuntos Entrados N\u00b0 14"},"Fecha: ":{"('0272-S-1999', 0)":"24\/03\/1999"},"T\u00edtulo":{"('0272-S-1999', 0)":"PEDIDO DE INFORMES: SOBRE EL SERVICIO DEL FERROCARRIL GENERAL URQUIZA.\n\n"},"('Firmantes', 'FIRMANTE')":{"('0272-S-1999', 0)":"BERHONGARAY, ANTONIO TOMAS"},"('Firmantes', 'DISTRITO')":{"('0272-S-1999', 0)":"LA PAMPA"},"('Firmantes', 'BLOQUE')":{"('0272-S-1999', 0)":"UCR"},"Sumario":{"('0272-S-1999', 0)":"SOLICITUD AL PODER EJECUTIVO NACIONAL."},"Palabra Clave":{"('0272-S-1999', 0)":" "}}