{"Tipo de Proyecto":{"('0275-S-1999', 0)":"PROYECTO DE DECLARACI\u00d3N"},"Iniciado en: ":{"('0275-S-1999', 0)":"Senado"},"Expediente Senado: ":{"('0275-S-1999', 0)":"0275-S-1999"},"Publicado en: ":{"('0275-S-1999', 0)":"Diario de Asuntos Entrados N\u00b0 14"},"Fecha: ":{"('0275-S-1999', 0)":"24\/03\/1999"},"T\u00edtulo":{"('0275-S-1999', 0)":"ASESINATO DEL VICEPRESIDENTE DE PARAGUAY LUIS MARIA ARGA\u00d1A.\n"},"('Firmantes', 'FIRMANTE')":{"('0275-S-1999', 0)":"ALASINO, AUGUSTO JOSE M."},"('Firmantes', 'DISTRITO')":{"('0275-S-1999', 0)":"ENTRE RIOS"},"('Firmantes', 'BLOQUE')":{"('0275-S-1999', 0)":"JUSTICIALISTA"},"('Tramites', 'C\u00c1MARA')":{"('0275-S-1999', 0)":"Senado"},"('Tramites', 'MOVIMIENTO')":{"('0275-S-1999', 0)":"VER TRAMITE EN EXPEDIENTE 0248-S-99"},"('Tramites', 'FECHA')":{"('0275-S-1999', 0)":null},"('Tramites', 'RESULTADO')":{"('0275-S-1999', 0)":null},"Sumario":{"('0275-S-1999', 0)":"EXPRESION DE REPUDIO."},"Palabra Clave":{"('0275-S-1999', 0)":" "}}