{"Tipo de Proyecto":{"('0276-S-1999', 0)":"COMUNICACION","('0276-S-1999', 1)":null,"('0276-S-1999', 2)":null},"Iniciado en: ":{"('0276-S-1999', 0)":"Senado","('0276-S-1999', 1)":null,"('0276-S-1999', 2)":null},"Expediente Senado: ":{"('0276-S-1999', 0)":"0276-S-1999","('0276-S-1999', 1)":null,"('0276-S-1999', 2)":null},"Publicado en: ":{"('0276-S-1999', 0)":"Diario de Asuntos Entrados N\u00b0 14","('0276-S-1999', 1)":null,"('0276-S-1999', 2)":null},"Fecha: ":{"('0276-S-1999', 0)":"24\/03\/1999","('0276-S-1999', 1)":null,"('0276-S-1999', 2)":null},"T\u00edtulo":{"('0276-S-1999', 0)":"SUBSIDIO PARA LA ESCUELA 9 DE JULIO DE CONCEPCION, PROVINCIA DE SAN JUAN.\n","('0276-S-1999', 1)":null,"('0276-S-1999', 2)":null},"('Firmantes', 'FIRMANTE')":{"('0276-S-1999', 0)":"GIOJA, JOSE LUIS","('0276-S-1999', 1)":null,"('0276-S-1999', 2)":null},"('Firmantes', 'DISTRITO')":{"('0276-S-1999', 0)":"SAN JUAN","('0276-S-1999', 1)":null,"('0276-S-1999', 2)":null},"('Firmantes', 'BLOQUE')":{"('0276-S-1999', 0)":"JUSTICIALISTA","('0276-S-1999', 1)":null,"('0276-S-1999', 2)":null},"('Tramites', 'C\u00c1MARA')":{"('0276-S-1999', 0)":"Senado","('0276-S-1999', 1)":"Senado","('0276-S-1999', 2)":"Senado"},"('Tramites', 'MOVIMIENTO')":{"('0276-S-1999', 0)":"CONSIDERACION Y APROBACION","('0276-S-1999', 1)":"CONTESTACION DEL PODER EJECUTIVO NACIONAL - (039-PE-99); GIRADA A LA COMISION RESPECTIVA","('0276-S-1999', 2)":"CONTESTACION DEL PODER EJECUTIVO NACIONAL - GIRADO A LA COMISION RESPECTIVA"},"('Tramites', 'FECHA')":{"('0276-S-1999', 0)":"01\/09\/1999","('0276-S-1999', 1)":null,"('0276-S-1999', 2)":null},"('Tramites', 'RESULTADO')":{"('0276-S-1999', 0)":"APROBADO","('0276-S-1999', 1)":null,"('0276-S-1999', 2)":null},"Sumario":{"('0276-S-1999', 0)":"SOLICITUD AL PODER EJECUTIVO NACIONAL.","('0276-S-1999', 1)":null,"('0276-S-1999', 2)":null},"Palabra Clave":{"('0276-S-1999', 0)":" ","('0276-S-1999', 1)":null,"('0276-S-1999', 2)":null}}