{"Tipo de Proyecto":{"('0276-D-1999', 0)":"PROYECTO DE RESOLUCI\u00d3N"},"Iniciado en: ":{"('0276-D-1999', 0)":"Diputados"},"Expediente Diputados: ":{"('0276-D-1999', 0)":"0276-D-1999"},"Publicado en: ":{"('0276-D-1999', 0)":"Tr\u00e1mite Parlamentario N\u00b0 4"},"Fecha: ":{"('0276-D-1999', 0)":"04\/03\/1999"},"T\u00edtulo":{"('0276-D-1999', 0)":"HOMENAJE A LA SE\u00d1ORA MATAJI INDRA DEVI A CELEBRARSE EL 08\/03\/1999."},"('Firmantes', 'FIRMANTE')":{"('0276-D-1999', 0)":"GRANADOS, DULCE"},"('Firmantes', 'DISTRITO')":{"('0276-D-1999', 0)":"BUENOS AIRES"},"('Firmantes', 'BLOQUE')":{"('0276-D-1999', 0)":"JUSTICIALISTA"},"('Giros', 'COMISI\u00d3N')":{"('0276-D-1999', 0)":"FAMILIA, MUJER Y MINORIDAD"},"Sumario":{"('0276-D-1999', 0)":"DECLARACION DE INTERES DE LA HONORABLE CAMARA DE DIPUTADOS."},"Palabra Clave":{"('0276-D-1999', 0)":" "}}