{"Tipo de Proyecto":{"('0277-PE-1999', 0)":"MENSAJE NRO: 0559\/99 Y PROYECTO DE LEY","('0277-PE-1999', 1)":null,"('0277-PE-1999', 2)":null},"Iniciado en: ":{"('0277-PE-1999', 0)":"Senado","('0277-PE-1999', 1)":null,"('0277-PE-1999', 2)":null},"Expediente Senado: ":{"('0277-PE-1999', 0)":"0277-PE-1999","('0277-PE-1999', 1)":null,"('0277-PE-1999', 2)":null},"Publicado en: ":{"('0277-PE-1999', 0)":"Diario de Asuntos Entrados N\u00b0 42","('0277-PE-1999', 1)":null,"('0277-PE-1999', 2)":null},"Fecha: ":{"('0277-PE-1999', 0)":"31\/05\/1999","('0277-PE-1999', 1)":null,"('0277-PE-1999', 2)":null},"T\u00edtulo":{"('0277-PE-1999', 0)":"LEY 22172 (CONVENIO DE COMUNICACIONES ENTRE TRIBUNALES DE DISTINTA JURISDICCION TERRITORIAL): MODIFICACIONES.","('0277-PE-1999', 1)":null,"('0277-PE-1999', 2)":null},"('Firmantes', 'FIRMANTE')":{"('0277-PE-1999', 0)":"MENEM, CARLOS SAUL","('0277-PE-1999', 1)":"RODRIGUEZ, JORGE","('0277-PE-1999', 2)":"GRANILLO OCAMPO, RAUL"},"('Firmantes', 'DISTRITO')":{"('0277-PE-1999', 0)":null,"('0277-PE-1999', 1)":null,"('0277-PE-1999', 2)":null},"('Firmantes', 'BLOQUE')":{"('0277-PE-1999', 0)":"PODER EJECUTIVO","('0277-PE-1999', 1)":"PODER EJECUTIVO","('0277-PE-1999', 2)":"PODER EJECUTIVO"},"Sumario":{"('0277-PE-1999', 0)":"SUSTITUCION DE LOS ARTICULOS 3 (RECAUDOS) Y 12 (REGULACION DE HONORARIOS); INCORPORACION DE LOS ARTICULOS 12 BIS (PAGO PARCIAL DE HONORARIOS) Y 12 TER (PAGO TOTAL DE LOS HONORARIOS); INVITACION A LAS PROVINCIAS A ADHERIR.","('0277-PE-1999', 1)":null,"('0277-PE-1999', 2)":null},"Palabra Clave":{"('0277-PE-1999', 0)":" ","('0277-PE-1999', 1)":null,"('0277-PE-1999', 2)":null}}