{"Tipo de Proyecto":{"('0277-S-1999', 0)":"COMUNICACION","('0277-S-1999', 1)":null},"Iniciado en: ":{"('0277-S-1999', 0)":"Senado","('0277-S-1999', 1)":null},"Expediente Senado: ":{"('0277-S-1999', 0)":"0277-S-1999","('0277-S-1999', 1)":null},"Publicado en: ":{"('0277-S-1999', 0)":"Diario de Asuntos Entrados N\u00b0 14","('0277-S-1999', 1)":null},"Fecha: ":{"('0277-S-1999', 0)":"24\/03\/1999","('0277-S-1999', 1)":null},"T\u00edtulo":{"('0277-S-1999', 0)":"SUBSIDIO PARA LA COMISION PRO CAPILLA DEL BARRIO 20 DE CAUCETE, PROVINCIA DE SAN JUAN.\n","('0277-S-1999', 1)":null},"('Firmantes', 'FIRMANTE')":{"('0277-S-1999', 0)":"GIOJA, JOSE LUIS","('0277-S-1999', 1)":null},"('Firmantes', 'DISTRITO')":{"('0277-S-1999', 0)":"SAN JUAN","('0277-S-1999', 1)":null},"('Firmantes', 'BLOQUE')":{"('0277-S-1999', 0)":"JUSTICIALISTA","('0277-S-1999', 1)":null},"('Tramites', 'C\u00c1MARA')":{"('0277-S-1999', 0)":"Senado","('0277-S-1999', 1)":"Senado"},"('Tramites', 'MOVIMIENTO')":{"('0277-S-1999', 0)":"CONSIDERACION Y APROBACION","('0277-S-1999', 1)":"CONTESTACION DEL PODER EJECUTIVO NACIONAL - (595-PE-99); GIRADA A LA COMISION RESPECTIVA"},"('Tramites', 'FECHA')":{"('0277-S-1999', 0)":"04\/08\/1999","('0277-S-1999', 1)":null},"('Tramites', 'RESULTADO')":{"('0277-S-1999', 0)":"APROBADO","('0277-S-1999', 1)":null},"Sumario":{"('0277-S-1999', 0)":"SOLICITUD AL PODER EJECUTIVO NACIONAL.","('0277-S-1999', 1)":null},"Palabra Clave":{"('0277-S-1999', 0)":" ","('0277-S-1999', 1)":null}}