{"Tipo de Proyecto":{"('0279-D-1999', 0)":"PROYECTO DE RESOLUCI\u00d3N","('0279-D-1999', 1)":null,"('0279-D-1999', 2)":null},"Iniciado en: ":{"('0279-D-1999', 0)":"Diputados","('0279-D-1999', 1)":null,"('0279-D-1999', 2)":null},"Expediente Diputados: ":{"('0279-D-1999', 0)":"0279-D-1999","('0279-D-1999', 1)":null,"('0279-D-1999', 2)":null},"Publicado en: ":{"('0279-D-1999', 0)":"Tr\u00e1mite Parlamentario N\u00b0 4","('0279-D-1999', 1)":null,"('0279-D-1999', 2)":null},"Fecha: ":{"('0279-D-1999', 0)":"04\/03\/1999","('0279-D-1999', 1)":null,"('0279-D-1999', 2)":null},"T\u00edtulo":{"('0279-D-1999', 0)":"PROGRAMA 'AULAS SIN FRONTERAS' ORGANIZADO POR LA FUNDACION PODER CIUDADANO.","('0279-D-1999', 1)":null,"('0279-D-1999', 2)":null},"('Firmantes', 'FIRMANTE')":{"('0279-D-1999', 0)":"PARENTELLA, IRMA FIDELA","('0279-D-1999', 1)":"MARELLI, MABEL","('0279-D-1999', 2)":"SANCHEZ, MARY"},"('Firmantes', 'DISTRITO')":{"('0279-D-1999', 0)":"CIUDAD de BUENOS AIRES","('0279-D-1999', 1)":"MISIONES","('0279-D-1999', 2)":"BUENOS AIRES"},"('Firmantes', 'BLOQUE')":{"('0279-D-1999', 0)":"FREPASO","('0279-D-1999', 1)":"UCR","('0279-D-1999', 2)":"FREPASO"},"('Giros', 'COMISI\u00d3N')":{"('0279-D-1999', 0)":"EDUCACION","('0279-D-1999', 1)":null,"('0279-D-1999', 2)":null},"('Tramites', 'C\u00c1MARA')":{"('0279-D-1999', 0)":"Diputados","('0279-D-1999', 1)":null,"('0279-D-1999', 2)":null},"('Tramites', 'MOVIMIENTO')":{"('0279-D-1999', 0)":"CONSIDERACION Y APROBACION","('0279-D-1999', 1)":null,"('0279-D-1999', 2)":null},"('Tramites', 'FECHA')":{"('0279-D-1999', 0)":"21\/04\/1999","('0279-D-1999', 1)":null,"('0279-D-1999', 2)":null},"('Tramites', 'RESULTADO')":{"('0279-D-1999', 0)":"APROBADO","('0279-D-1999', 1)":null,"('0279-D-1999', 2)":null},"Sumario":{"('0279-D-1999', 0)":"DECLARACION DE INTERES LEGISLATIVO.","('0279-D-1999', 1)":null,"('0279-D-1999', 2)":null},"Palabra Clave":{"('0279-D-1999', 0)":" ","('0279-D-1999', 1)":null,"('0279-D-1999', 2)":null}}