{"Tipo de Proyecto":{"('0282-D-1999', 0)":"PROYECTO DE LEY","('0282-D-1999', 1)":null,"('0282-D-1999', 2)":null},"Iniciado en: ":{"('0282-D-1999', 0)":"Diputados","('0282-D-1999', 1)":null,"('0282-D-1999', 2)":null},"Expediente Diputados: ":{"('0282-D-1999', 0)":"0282-D-1999","('0282-D-1999', 1)":null,"('0282-D-1999', 2)":null},"Publicado en: ":{"('0282-D-1999', 0)":"Tr\u00e1mite Parlamentario N\u00b0 4","('0282-D-1999', 1)":null,"('0282-D-1999', 2)":null},"Fecha: ":{"('0282-D-1999', 0)":"04\/03\/1999","('0282-D-1999', 1)":null,"('0282-D-1999', 2)":null},"T\u00edtulo":{"('0282-D-1999', 0)":"DECLARAR NULO DE NULIDAD ABSOLUTA EL DECRETO 628\/97 (PROCEDIMIENTO DE CANCELACION DEL SALDO DEL PRECIO DE VENTA DE LAS ACCIONES CLASE 'C' DE YACIMIENTOS PETROLIFEROS FISCALES SA).","('0282-D-1999', 1)":null,"('0282-D-1999', 2)":null},"('Firmantes', 'FIRMANTE')":{"('0282-D-1999', 0)":"VILLALBA, ALFREDO HORACIO","('0282-D-1999', 1)":null,"('0282-D-1999', 2)":null},"('Firmantes', 'DISTRITO')":{"('0282-D-1999', 0)":"BUENOS AIRES","('0282-D-1999', 1)":null,"('0282-D-1999', 2)":null},"('Firmantes', 'BLOQUE')":{"('0282-D-1999', 0)":"FREPASO","('0282-D-1999', 1)":null,"('0282-D-1999', 2)":null},"('Giros', 'COMISI\u00d3N')":{"('0282-D-1999', 0)":"ASUNTOS CONSTITUCIONALES","('0282-D-1999', 1)":"ENERGIA Y COMBUSTIBLES","('0282-D-1999', 2)":"JUSTICIA"},"Sumario":{"('0282-D-1999', 0)":"ASEGURAR LA PLENA VIGENCIA DE LAS ACCIONES CLASE 'C' DE YPF SA DEL PROGRAMA DE PROPIEDAD PARTICIPADA POR PARTE DEL MINISTERIO DE ECONOMIA; CANCELACION DE LAS DEMANDAS JUDICIALES INICIADAS POR EX EMPLEADOS DE LA EMPRESA EN EL PLAZO DE 30 DIAS.","('0282-D-1999', 1)":null,"('0282-D-1999', 2)":null},"Palabra Clave":{"('0282-D-1999', 0)":" ","('0282-D-1999', 1)":null,"('0282-D-1999', 2)":null}}