{"Tipo de Proyecto":{"('0283-S-1999', 0)":"PROYECTO DE DECLARACI\u00d3N","('0283-S-1999', 1)":null,"('0283-S-1999', 2)":null,"('0283-S-1999', 3)":null},"Iniciado en: ":{"('0283-S-1999', 0)":"Senado","('0283-S-1999', 1)":null,"('0283-S-1999', 2)":null,"('0283-S-1999', 3)":null},"Expediente Senado: ":{"('0283-S-1999', 0)":"0283-S-1999","('0283-S-1999', 1)":null,"('0283-S-1999', 2)":null,"('0283-S-1999', 3)":null},"Publicado en: ":{"('0283-S-1999', 0)":"Diario de Asuntos Entrados N\u00b0 14","('0283-S-1999', 1)":null,"('0283-S-1999', 2)":null,"('0283-S-1999', 3)":null},"Fecha: ":{"('0283-S-1999', 0)":"24\/03\/1999","('0283-S-1999', 1)":null,"('0283-S-1999', 2)":null,"('0283-S-1999', 3)":null},"T\u00edtulo":{"('0283-S-1999', 0)":"ASESINATO DEL VICEPRESIDENTE DE PARAGUAY LUIS MARIA ARGA\u00d1A.\n","('0283-S-1999', 1)":null,"('0283-S-1999', 2)":null,"('0283-S-1999', 3)":null},"('Firmantes', 'FIRMANTE')":{"('0283-S-1999', 0)":"BAUZA, EDUARDO","('0283-S-1999', 1)":"USANDIZAGA, HORACIO DANIEL","('0283-S-1999', 2)":"LOSADA, MARIO A.","('0283-S-1999', 3)":"DE LA ROSA, CARLOS LEONARDO"},"('Firmantes', 'DISTRITO')":{"('0283-S-1999', 0)":"MENDOZA","('0283-S-1999', 1)":"SANTA FE","('0283-S-1999', 2)":"MISIONES","('0283-S-1999', 3)":"MENDOZA"},"('Firmantes', 'BLOQUE')":{"('0283-S-1999', 0)":"JUSTICIALISTA","('0283-S-1999', 1)":"UCR","('0283-S-1999', 2)":"UCR","('0283-S-1999', 3)":"JUSTICIALISTA"},"('Tramites', 'C\u00c1MARA')":{"('0283-S-1999', 0)":"Senado","('0283-S-1999', 1)":null,"('0283-S-1999', 2)":null,"('0283-S-1999', 3)":null},"('Tramites', 'MOVIMIENTO')":{"('0283-S-1999', 0)":"VER TRAMITE EN EXPEDIENTE 0248-S-99","('0283-S-1999', 1)":null,"('0283-S-1999', 2)":null,"('0283-S-1999', 3)":null},"('Tramites', 'FECHA')":{"('0283-S-1999', 0)":null,"('0283-S-1999', 1)":null,"('0283-S-1999', 2)":null,"('0283-S-1999', 3)":null},"('Tramites', 'RESULTADO')":{"('0283-S-1999', 0)":null,"('0283-S-1999', 1)":null,"('0283-S-1999', 2)":null,"('0283-S-1999', 3)":null},"Sumario":{"('0283-S-1999', 0)":"SOLICITUD AL PODER EJECUTIVO NACIONAL.","('0283-S-1999', 1)":null,"('0283-S-1999', 2)":null,"('0283-S-1999', 3)":null},"Palabra Clave":{"('0283-S-1999', 0)":" ","('0283-S-1999', 1)":null,"('0283-S-1999', 2)":null,"('0283-S-1999', 3)":null}}