{"Tipo de Proyecto":{"('0283-D-1999', 0)":"PROYECTO DE LEY","('0283-D-1999', 1)":null,"('0283-D-1999', 2)":null},"Iniciado en: ":{"('0283-D-1999', 0)":"Diputados","('0283-D-1999', 1)":null,"('0283-D-1999', 2)":null},"Expediente Diputados: ":{"('0283-D-1999', 0)":"0283-D-1999","('0283-D-1999', 1)":null,"('0283-D-1999', 2)":null},"Publicado en: ":{"('0283-D-1999', 0)":"Tr\u00e1mite Parlamentario N\u00b0 4","('0283-D-1999', 1)":null,"('0283-D-1999', 2)":null},"Fecha: ":{"('0283-D-1999', 0)":"04\/03\/1999","('0283-D-1999', 1)":null,"('0283-D-1999', 2)":null},"T\u00edtulo":{"('0283-D-1999', 0)":"LEY 20160 (ESTATUTO DE LOS JUGADORES PROFESIONALES DE FUTBOL): MODIFICACION.","('0283-D-1999', 1)":null,"('0283-D-1999', 2)":null},"('Firmantes', 'FIRMANTE')":{"('0283-D-1999', 0)":"VILLALBA, ALFREDO HORACIO","('0283-D-1999', 1)":null,"('0283-D-1999', 2)":null},"('Firmantes', 'DISTRITO')":{"('0283-D-1999', 0)":"BUENOS AIRES","('0283-D-1999', 1)":null,"('0283-D-1999', 2)":null},"('Firmantes', 'BLOQUE')":{"('0283-D-1999', 0)":"FREPASO","('0283-D-1999', 1)":null,"('0283-D-1999', 2)":null},"('Giros', 'COMISI\u00d3N')":{"('0283-D-1999', 0)":"LEGISLACION DEL TRABAJO","('0283-D-1999', 1)":"LEGISLACION GENERAL","('0283-D-1999', 2)":"DEPORTES"},"Sumario":{"('0283-D-1999', 0)":"MODIFICACION DE LOS ARTICULOS 16, 17, 29 Y 30 (SITUACION DEL JUGADOR DE FUTBOL PROFESIONAL ANTE LA CONVOCATORIA Y\/O LIQUIDACION Y\/O QUIEBRA DE LA ENTIDAD EN LA QUE TRABAJA, LIBERTAD DE CONTRATACION, EXCLUSION COMO PARTE DEL ACTIVO PATRIMONIAL DEL CLUB).","('0283-D-1999', 1)":null,"('0283-D-1999', 2)":null},"Palabra Clave":{"('0283-D-1999', 0)":" ","('0283-D-1999', 1)":null,"('0283-D-1999', 2)":null}}