{"Tipo de Proyecto":{"('0289-S-1999', 0)":"COMUNICACION","('0289-S-1999', 1)":null},"Iniciado en: ":{"('0289-S-1999', 0)":"Senado","('0289-S-1999', 1)":null},"Expediente Senado: ":{"('0289-S-1999', 0)":"0289-S-1999","('0289-S-1999', 1)":null},"Publicado en: ":{"('0289-S-1999', 0)":"Diario de Asuntos Entrados N\u00b0 14","('0289-S-1999', 1)":null},"Fecha: ":{"('0289-S-1999', 0)":"24\/03\/1999","('0289-S-1999', 1)":null},"T\u00edtulo":{"('0289-S-1999', 0)":"PEDIDO DE INFORMES: SOBRE LAS TURBINAS DE LA REPRESA DE YACYRETA.\n","('0289-S-1999', 1)":null},"('Firmantes', 'FIRMANTE')":{"('0289-S-1999', 0)":"ROMERO FERIS, JOSE ANTONIO","('0289-S-1999', 1)":null},"('Firmantes', 'DISTRITO')":{"('0289-S-1999', 0)":"CORRIENTES","('0289-S-1999', 1)":null},"('Firmantes', 'BLOQUE')":{"('0289-S-1999', 0)":"AUTONOMISTA","('0289-S-1999', 1)":null},"('Tramites', 'C\u00c1MARA')":{"('0289-S-1999', 0)":"Senado","('0289-S-1999', 1)":"Senado"},"('Tramites', 'MOVIMIENTO')":{"('0289-S-1999', 0)":"CONSIDERACION Y APROBACION CONJUNTAMENTE PARA LOS EXPEDIENTES 0289-S-1999 y 0565-S-1999","('0289-S-1999', 1)":"CONTESTACION DEL PODER EJECUTIVO NACIONAL - (347-PE-00); GIRADA A LA COMISION RESPECTIVA CONJUNTAMENTE PARA LOS EXPEDIENTES 0289-S-1999 y 0565-S-1999"},"('Tramites', 'FECHA')":{"('0289-S-1999', 0)":"23\/02\/2000","('0289-S-1999', 1)":null},"('Tramites', 'RESULTADO')":{"('0289-S-1999', 0)":"APROBADO","('0289-S-1999', 1)":null},"Sumario":{"('0289-S-1999', 0)":"SOLICITUD AL PODER EJECUTIVO NACIONAL.","('0289-S-1999', 1)":null},"Palabra Clave":{"('0289-S-1999', 0)":" ","('0289-S-1999', 1)":null}}