{"Tipo de Proyecto":{"('0292-S-1999', 0)":"COMUNICACION","('0292-S-1999', 1)":null},"Iniciado en: ":{"('0292-S-1999', 0)":"Senado","('0292-S-1999', 1)":null},"Expediente Senado: ":{"('0292-S-1999', 0)":"0292-S-1999","('0292-S-1999', 1)":null},"Publicado en: ":{"('0292-S-1999', 0)":"Diario de Asuntos Entrados N\u00b0 15","('0292-S-1999', 1)":null},"Fecha: ":{"('0292-S-1999', 0)":"25\/03\/1999","('0292-S-1999', 1)":null},"T\u00edtulo":{"('0292-S-1999', 0)":"PEDIDO DE INFORMES: SOBRE LOS CONTROLES DE LOS BANCOS DE SANGRE.\n","('0292-S-1999', 1)":null},"('Firmantes', 'FIRMANTE')":{"('0292-S-1999', 0)":"BRAVO, LEOPOLDO","('0292-S-1999', 1)":null},"('Firmantes', 'DISTRITO')":{"('0292-S-1999', 0)":"SAN JUAN","('0292-S-1999', 1)":null},"('Firmantes', 'BLOQUE')":{"('0292-S-1999', 0)":"BLOQ SJ","('0292-S-1999', 1)":null},"('Tramites', 'C\u00c1MARA')":{"('0292-S-1999', 0)":"Senado","('0292-S-1999', 1)":"Senado"},"('Tramites', 'MOVIMIENTO')":{"('0292-S-1999', 0)":"CONSIDERACION Y APROBACION","('0292-S-1999', 1)":"CONTESTACION DEL PODER EJECUTIVO NACIONAL - (637-PE-99); GIRADA A LA COMISION RESPECTIVA"},"('Tramites', 'FECHA')":{"('0292-S-1999', 0)":"04\/08\/1999","('0292-S-1999', 1)":null},"('Tramites', 'RESULTADO')":{"('0292-S-1999', 0)":"APROBADO","('0292-S-1999', 1)":null},"Sumario":{"('0292-S-1999', 0)":"SOLICITUD AL PODER EJECUTIVO NACIONAL.","('0292-S-1999', 1)":null},"Palabra Clave":{"('0292-S-1999', 0)":" ","('0292-S-1999', 1)":null}}