{"Tipo de Proyecto":{"('0294-S-1999', 0)":"PROYECTO DE RESOLUCI\u00d3N"},"Iniciado en: ":{"('0294-S-1999', 0)":"Senado"},"Expediente Senado: ":{"('0294-S-1999', 0)":"0294-S-1999"},"Publicado en: ":{"('0294-S-1999', 0)":"Diario de Asuntos Entrados N\u00b0 15"},"Fecha: ":{"('0294-S-1999', 0)":"25\/03\/1999"},"T\u00edtulo":{"('0294-S-1999', 0)":"I EXPOSICION DEL MERCOSUR E INTERNACIONAL DE TURISMO, HOTELERIA Y GASTRONOMIA."},"('Firmantes', 'FIRMANTE')":{"('0294-S-1999', 0)":"OUDIN, ERNESTO RENE"},"('Firmantes', 'DISTRITO')":{"('0294-S-1999', 0)":"MISIONES"},"('Firmantes', 'BLOQUE')":{"('0294-S-1999', 0)":"JUSTICIALISTA"},"('Tramites', 'C\u00c1MARA')":{"('0294-S-1999', 0)":"Senado"},"('Tramites', 'MOVIMIENTO')":{"('0294-S-1999', 0)":"CONSIDERACION Y APROBACION"},"('Tramites', 'FECHA')":{"('0294-S-1999', 0)":"16\/06\/1999"},"('Tramites', 'RESULTADO')":{"('0294-S-1999', 0)":"APROBADO"},"Sumario":{"('0294-S-1999', 0)":"DECLARARLA DE INTERES PARA EL H SENADO."},"Palabra Clave":{"('0294-S-1999', 0)":" "}}