{"Tipo de Proyecto":{"('0297-S-1999', 0)":"COMUNICACION"},"Iniciado en: ":{"('0297-S-1999', 0)":"Senado"},"Expediente Senado: ":{"('0297-S-1999', 0)":"0297-S-1999"},"Publicado en: ":{"('0297-S-1999', 0)":"Diario de Asuntos Entrados N\u00b0 15"},"Fecha: ":{"('0297-S-1999', 0)":"25\/03\/1999"},"T\u00edtulo":{"('0297-S-1999', 0)":"PROVEER DE LAS MAQUINARIAS NECESARIAS AL CONSORCIO DE USUARIOS DE AGUA DE CHILECITO."},"('Firmantes', 'FIRMANTE')":{"('0297-S-1999', 0)":"GALVAN, RAUL ALFREDO"},"('Firmantes', 'DISTRITO')":{"('0297-S-1999', 0)":"LA RIOJA"},"('Firmantes', 'BLOQUE')":{"('0297-S-1999', 0)":"UCR"},"('Tramites', 'C\u00c1MARA')":{"('0297-S-1999', 0)":"Senado"},"('Tramites', 'MOVIMIENTO')":{"('0297-S-1999', 0)":"CONSIDERACION Y APROBACION"},"('Tramites', 'FECHA')":{"('0297-S-1999', 0)":"10\/05\/2000"},"('Tramites', 'RESULTADO')":{"('0297-S-1999', 0)":"APROBADO"},"Sumario":{"('0297-S-1999', 0)":"SOLICITUD AL PODER EJECUTIVO NACIONAL."},"Palabra Clave":{"('0297-S-1999', 0)":" "}}