{"Tipo de Proyecto":{"('0298-S-1999', 0)":"PROYECTO DE RESOLUCI\u00d3N"},"Iniciado en: ":{"('0298-S-1999', 0)":"Senado"},"Expediente Senado: ":{"('0298-S-1999', 0)":"0298-S-1999"},"Publicado en: ":{"('0298-S-1999', 0)":"Diario de Asuntos Entrados N\u00b0 15"},"Fecha: ":{"('0298-S-1999', 0)":"25\/03\/1999"},"T\u00edtulo":{"('0298-S-1999', 0)":"COLOCAR ALAMBRADOS LINDEROS EN LA RUTA NACIONAL 150 EN LA PROVINCIA DE LA RIOJA.\n"},"('Firmantes', 'FIRMANTE')":{"('0298-S-1999', 0)":"GALVAN, RAUL ALFREDO"},"('Firmantes', 'DISTRITO')":{"('0298-S-1999', 0)":"LA RIOJA"},"('Firmantes', 'BLOQUE')":{"('0298-S-1999', 0)":"UCR"},"('Tramites', 'C\u00c1MARA')":{"('0298-S-1999', 0)":"Senado"},"('Tramites', 'MOVIMIENTO')":{"('0298-S-1999', 0)":"CONSIDERACION Y APROBACION CON MODIFICACIONES"},"('Tramites', 'FECHA')":{"('0298-S-1999', 0)":"04\/08\/1999"},"('Tramites', 'RESULTADO')":{"('0298-S-1999', 0)":"APROBADO"},"Sumario":{"('0298-S-1999', 0)":"SOLICITUD AL PODER EJECUTIVO NACIONAL."},"Palabra Clave":{"('0298-S-1999', 0)":" "}}