{"Tipo de Proyecto":{"('0303-S-1999', 0)":"COMUNICACION","('0303-S-1999', 1)":null,"('0303-S-1999', 2)":null,"('0303-S-1999', 3)":null},"Iniciado en: ":{"('0303-S-1999', 0)":"Senado","('0303-S-1999', 1)":null,"('0303-S-1999', 2)":null,"('0303-S-1999', 3)":null},"Expediente Senado: ":{"('0303-S-1999', 0)":"0303-S-1999","('0303-S-1999', 1)":null,"('0303-S-1999', 2)":null,"('0303-S-1999', 3)":null},"Publicado en: ":{"('0303-S-1999', 0)":"Diario de Asuntos Entrados N\u00b0 15","('0303-S-1999', 1)":null,"('0303-S-1999', 2)":null,"('0303-S-1999', 3)":null},"Fecha: ":{"('0303-S-1999', 0)":"25\/03\/1999","('0303-S-1999', 1)":null,"('0303-S-1999', 2)":null,"('0303-S-1999', 3)":null},"T\u00edtulo":{"('0303-S-1999', 0)":"REGLAMENTAR LA LEY DE CONFIDENCIALIDAD DE LA INFORMACION TECNICA SOBRE ESPECIALIDADES MEDICINALES.\n","('0303-S-1999', 1)":null,"('0303-S-1999', 2)":null,"('0303-S-1999', 3)":null},"('Firmantes', 'FIRMANTE')":{"('0303-S-1999', 0)":"GIOJA, JOSE LUIS","('0303-S-1999', 1)":null,"('0303-S-1999', 2)":null,"('0303-S-1999', 3)":null},"('Firmantes', 'DISTRITO')":{"('0303-S-1999', 0)":"SAN JUAN","('0303-S-1999', 1)":null,"('0303-S-1999', 2)":null,"('0303-S-1999', 3)":null},"('Firmantes', 'BLOQUE')":{"('0303-S-1999', 0)":"JUSTICIALISTA","('0303-S-1999', 1)":null,"('0303-S-1999', 2)":null,"('0303-S-1999', 3)":null},"('Tramites', 'C\u00c1MARA')":{"('0303-S-1999', 0)":"Senado","('0303-S-1999', 1)":"Senado","('0303-S-1999', 2)":"Senado","('0303-S-1999', 3)":"Senado"},"('Tramites', 'MOVIMIENTO')":{"('0303-S-1999', 0)":"CONSIDERACION Y APROBACION","('0303-S-1999', 1)":"CONTESTACION DEL PODER EJECUTIVO NACIONAL - (193-PE-00); GIRADA A LA COMISION RESPECTIVA","('0303-S-1999', 2)":"CONTESTACION DEL PODER EJECUTIVO NACIONAL - (292-PE-00); GIRADA A LA COMISION RESPECTIVA","('0303-S-1999', 3)":"CONTESTACION DEL PODER EJECUTIVO NACIONAL - (469-PE-00); GIRADA A LA COMISION RESPECTIVA"},"('Tramites', 'FECHA')":{"('0303-S-1999', 0)":"10\/11\/1999","('0303-S-1999', 1)":null,"('0303-S-1999', 2)":null,"('0303-S-1999', 3)":null},"('Tramites', 'RESULTADO')":{"('0303-S-1999', 0)":"APROBADO","('0303-S-1999', 1)":null,"('0303-S-1999', 2)":null,"('0303-S-1999', 3)":null},"Sumario":{"('0303-S-1999', 0)":"SOLICITUD AL PODER EJECUTIVO NACIONAL.","('0303-S-1999', 1)":null,"('0303-S-1999', 2)":null,"('0303-S-1999', 3)":null},"Palabra Clave":{"('0303-S-1999', 0)":" ","('0303-S-1999', 1)":null,"('0303-S-1999', 2)":null,"('0303-S-1999', 3)":null}}