{"Tipo de Proyecto":{"('0304-S-1999', 0)":"COMUNICACION","('0304-S-1999', 1)":null,"('0304-S-1999', 2)":null},"Iniciado en: ":{"('0304-S-1999', 0)":"Senado","('0304-S-1999', 1)":null,"('0304-S-1999', 2)":null},"Expediente Senado: ":{"('0304-S-1999', 0)":"0304-S-1999","('0304-S-1999', 1)":null,"('0304-S-1999', 2)":null},"Publicado en: ":{"('0304-S-1999', 0)":"Diario de Asuntos Entrados N\u00b0 15","('0304-S-1999', 1)":null,"('0304-S-1999', 2)":null},"Fecha: ":{"('0304-S-1999', 0)":"25\/03\/1999","('0304-S-1999', 1)":null,"('0304-S-1999', 2)":null},"T\u00edtulo":{"('0304-S-1999', 0)":"PEDIDO DE INFORMES: SOBRE LA POSTURA ADOPTADA ANTE NUEVOS TRATAMIENTOS DE LA ENFERMEDAD DE CHAGAS.\n\n","('0304-S-1999', 1)":null,"('0304-S-1999', 2)":null},"('Firmantes', 'FIRMANTE')":{"('0304-S-1999', 0)":"BRANDA, RICARDO A.","('0304-S-1999', 1)":null,"('0304-S-1999', 2)":null},"('Firmantes', 'DISTRITO')":{"('0304-S-1999', 0)":"FORMOSA","('0304-S-1999', 1)":null,"('0304-S-1999', 2)":null},"('Firmantes', 'BLOQUE')":{"('0304-S-1999', 0)":"JUSTICIALISTA","('0304-S-1999', 1)":null,"('0304-S-1999', 2)":null},"('Tramites', 'C\u00c1MARA')":{"('0304-S-1999', 0)":"Senado","('0304-S-1999', 1)":"Senado","('0304-S-1999', 2)":"Senado"},"('Tramites', 'MOVIMIENTO')":{"('0304-S-1999', 0)":"CONSIDERACION Y APROBACION CONJUNTAMENTE PARA LOS EXPEDIENTES 0301-S-1999 y 0304-S-1999","('0304-S-1999', 1)":"CONTESTACION DEL PODER EJECUTIVO NACIONAL - (676-PE-99); GIRADA A LA COMISION RESPECTIVA CONJUNTAMENTE PARA LOS EXPEDIENTES 0301-S-1999 y 0304-S-1999","('0304-S-1999', 2)":"CONTESTACION DEL PODER EJECUTIVO NACIONAL - (094-PE-00); GIRADA A LA COMISION RESPECTIVA CONJUNTAMENTE PARA LOS EXPEDIENTES 0301-S-1999 y 0304-S-1999"},"('Tramites', 'FECHA')":{"('0304-S-1999', 0)":"16\/06\/1999","('0304-S-1999', 1)":null,"('0304-S-1999', 2)":null},"('Tramites', 'RESULTADO')":{"('0304-S-1999', 0)":"APROBADO","('0304-S-1999', 1)":null,"('0304-S-1999', 2)":null},"Sumario":{"('0304-S-1999', 0)":"SOLICITUD AL PODER EJECUTIVO NACIONAL.","('0304-S-1999', 1)":null,"('0304-S-1999', 2)":null},"Palabra Clave":{"('0304-S-1999', 0)":" ","('0304-S-1999', 1)":null,"('0304-S-1999', 2)":null}}