{"Tipo de Proyecto":{"('0306-S-1999', 0)":"COMUNICACION","('0306-S-1999', 1)":null},"Iniciado en: ":{"('0306-S-1999', 0)":"Senado","('0306-S-1999', 1)":null},"Expediente Senado: ":{"('0306-S-1999', 0)":"0306-S-1999","('0306-S-1999', 1)":null},"Publicado en: ":{"('0306-S-1999', 0)":"Diario de Asuntos Entrados N\u00b0 15","('0306-S-1999', 1)":null},"Fecha: ":{"('0306-S-1999', 0)":"25\/03\/1999","('0306-S-1999', 1)":null},"T\u00edtulo":{"('0306-S-1999', 0)":"PEDIDO DE INFORMES: SOBRE LOS EFECTOS NOCIVOS PROVOCADOS POR EL EDULCORANTE NUTRASWEET.\n","('0306-S-1999', 1)":null},"('Firmantes', 'FIRMANTE')":{"('0306-S-1999', 0)":"ALASINO, AUGUSTO JOSE M.","('0306-S-1999', 1)":null},"('Firmantes', 'DISTRITO')":{"('0306-S-1999', 0)":"ENTRE RIOS","('0306-S-1999', 1)":null},"('Firmantes', 'BLOQUE')":{"('0306-S-1999', 0)":"JUSTICIALISTA","('0306-S-1999', 1)":null},"('Tramites', 'C\u00c1MARA')":{"('0306-S-1999', 0)":"Senado","('0306-S-1999', 1)":"Senado"},"('Tramites', 'MOVIMIENTO')":{"('0306-S-1999', 0)":"CONSIDERACION Y APROBACION","('0306-S-1999', 1)":"CONTESTACION DEL PODER EJECUTIVO NACIONAL - (705-PE-99); GIRADA A LA COMISION RESPECTIVA"},"('Tramites', 'FECHA')":{"('0306-S-1999', 0)":"04\/08\/1999","('0306-S-1999', 1)":null},"('Tramites', 'RESULTADO')":{"('0306-S-1999', 0)":"APROBADO","('0306-S-1999', 1)":null},"Sumario":{"('0306-S-1999', 0)":"SOLICITUD AL PODER EJECUTIVO NACIONAL.","('0306-S-1999', 1)":null},"Palabra Clave":{"('0306-S-1999', 0)":" ","('0306-S-1999', 1)":null}}