{"Tipo de Proyecto":{"('0307-D-1999', 0)":"PROYECTO DE RESOLUCI\u00d3N","('0307-D-1999', 1)":null,"('0307-D-1999', 2)":null,"('0307-D-1999', 3)":null,"('0307-D-1999', 4)":null},"Iniciado en: ":{"('0307-D-1999', 0)":"Diputados","('0307-D-1999', 1)":null,"('0307-D-1999', 2)":null,"('0307-D-1999', 3)":null,"('0307-D-1999', 4)":null},"Expediente Diputados: ":{"('0307-D-1999', 0)":"0307-D-1999","('0307-D-1999', 1)":null,"('0307-D-1999', 2)":null,"('0307-D-1999', 3)":null,"('0307-D-1999', 4)":null},"Publicado en: ":{"('0307-D-1999', 0)":"Tr\u00e1mite Parlamentario N\u00b0 4","('0307-D-1999', 1)":null,"('0307-D-1999', 2)":null,"('0307-D-1999', 3)":null,"('0307-D-1999', 4)":null},"Fecha: ":{"('0307-D-1999', 0)":"04\/03\/1999","('0307-D-1999', 1)":null,"('0307-D-1999', 2)":null,"('0307-D-1999', 3)":null,"('0307-D-1999', 4)":null},"T\u00edtulo":{"('0307-D-1999', 0)":"DECLARAR DE INTERES NACIONAL LA CONSTRUCCION DEL PUENTE CARRETERO INTERNACIONAL ITAQUI - ALVEAR, QUE UNIRA AL ESTADO DE RIO GRANDE DO SUL (BRASIL) CON LA PROVINCIA DE CORRIENTES (ARGENTINA).","('0307-D-1999', 1)":null,"('0307-D-1999', 2)":null,"('0307-D-1999', 3)":null,"('0307-D-1999', 4)":null},"('Firmantes', 'FIRMANTE')":{"('0307-D-1999', 0)":"MENDEZ DE MEDINA LAREU, CATALINA","('0307-D-1999', 1)":null,"('0307-D-1999', 2)":null,"('0307-D-1999', 3)":null,"('0307-D-1999', 4)":null},"('Firmantes', 'DISTRITO')":{"('0307-D-1999', 0)":"CORRIENTES","('0307-D-1999', 1)":null,"('0307-D-1999', 2)":null,"('0307-D-1999', 3)":null,"('0307-D-1999', 4)":null},"('Firmantes', 'BLOQUE')":{"('0307-D-1999', 0)":"FREPANU","('0307-D-1999', 1)":null,"('0307-D-1999', 2)":null,"('0307-D-1999', 3)":null,"('0307-D-1999', 4)":null},"('Giros', 'COMISI\u00d3N')":{"('0307-D-1999', 0)":"RELACIONES EXTERIORES Y CULTO","('0307-D-1999', 1)":"INTERESES MARITIMOS, FLUVIALES, PESQUEROS Y PORTUARIOS","('0307-D-1999', 2)":"TRANSPORTES","('0307-D-1999', 3)":"OBRAS PUBLICAS","('0307-D-1999', 4)":"MERCOSUR"},"Sumario":{"('0307-D-1999', 0)":"SOLICITUD AL PODER EJECUTIVO NACIONAL.","('0307-D-1999', 1)":null,"('0307-D-1999', 2)":null,"('0307-D-1999', 3)":null,"('0307-D-1999', 4)":null},"Palabra Clave":{"('0307-D-1999', 0)":" ","('0307-D-1999', 1)":null,"('0307-D-1999', 2)":null,"('0307-D-1999', 3)":null,"('0307-D-1999', 4)":null}}