{"Tipo de Proyecto":{"('0312-D-1999', 0)":"PROYECTO DE LEY","('0312-D-1999', 1)":null,"('0312-D-1999', 2)":null,"('0312-D-1999', 3)":null,"('0312-D-1999', 4)":null},"Iniciado en: ":{"('0312-D-1999', 0)":"Diputados","('0312-D-1999', 1)":null,"('0312-D-1999', 2)":null,"('0312-D-1999', 3)":null,"('0312-D-1999', 4)":null},"Expediente Diputados: ":{"('0312-D-1999', 0)":"0312-D-1999","('0312-D-1999', 1)":null,"('0312-D-1999', 2)":null,"('0312-D-1999', 3)":null,"('0312-D-1999', 4)":null},"Publicado en: ":{"('0312-D-1999', 0)":"Tr\u00e1mite Parlamentario N\u00b0 5","('0312-D-1999', 1)":null,"('0312-D-1999', 2)":null,"('0312-D-1999', 3)":null,"('0312-D-1999', 4)":null},"Fecha: ":{"('0312-D-1999', 0)":"05\/03\/1999","('0312-D-1999', 1)":null,"('0312-D-1999', 2)":null,"('0312-D-1999', 3)":null,"('0312-D-1999', 4)":null},"T\u00edtulo":{"('0312-D-1999', 0)":"PROTECCION DE LOS DATOS PERSONALES, HABEAS DATA, COMISIONADO DE DATOS, PROTECCION DE LOS DERECHOS PERSONALISIMOS, TUTELA JUDICIAL: DERECHO AL HONOR, DERECHO A LA INTIMIDAD, DERECHO A LA PROPIA IMAGEN.","('0312-D-1999', 1)":null,"('0312-D-1999', 2)":null,"('0312-D-1999', 3)":null,"('0312-D-1999', 4)":null},"('Firmantes', 'FIRMANTE')":{"('0312-D-1999', 0)":"MAQUEDA, JUAN CARLOS","('0312-D-1999', 1)":null,"('0312-D-1999', 2)":null,"('0312-D-1999', 3)":null,"('0312-D-1999', 4)":null},"('Firmantes', 'DISTRITO')":{"('0312-D-1999', 0)":"CORDOBA","('0312-D-1999', 1)":null,"('0312-D-1999', 2)":null,"('0312-D-1999', 3)":null,"('0312-D-1999', 4)":null},"('Firmantes', 'BLOQUE')":{"('0312-D-1999', 0)":"JUSTICIALISTA","('0312-D-1999', 1)":null,"('0312-D-1999', 2)":null,"('0312-D-1999', 3)":null,"('0312-D-1999', 4)":null},"('Giros', 'COMISI\u00d3N')":{"('0312-D-1999', 0)":"ASUNTOS CONSTITUCIONALES","('0312-D-1999', 1)":"JUSTICIA","('0312-D-1999', 2)":"LEGISLACION GENERAL","('0312-D-1999', 3)":"LEGISLACION PENAL","('0312-D-1999', 4)":"PRESUPUESTO Y HACIENDA"},"('Tramites', 'C\u00c1MARA')":{"('0312-D-1999', 0)":"Diputados","('0312-D-1999', 1)":null,"('0312-D-1999', 2)":null,"('0312-D-1999', 3)":null,"('0312-D-1999', 4)":null},"('Tramites', 'MOVIMIENTO')":{"('0312-D-1999', 0)":"VER TRAMITE EN EXPEDIENTE 0577-S-98","('0312-D-1999', 1)":null,"('0312-D-1999', 2)":null,"('0312-D-1999', 3)":null,"('0312-D-1999', 4)":null},"('Tramites', 'FECHA')":{"('0312-D-1999', 0)":null,"('0312-D-1999', 1)":null,"('0312-D-1999', 2)":null,"('0312-D-1999', 3)":null,"('0312-D-1999', 4)":null},"('Tramites', 'RESULTADO')":{"('0312-D-1999', 0)":null,"('0312-D-1999', 1)":null,"('0312-D-1999', 2)":null,"('0312-D-1999', 3)":null,"('0312-D-1999', 4)":null},"Sumario":{"('0312-D-1999', 0)":"OBJETO; AMBITO DE APLICACION; DERECHO AL HONOR; DERECHO A LA INTIMIDAD PERSONAL, FAMILIAR Y DE LOS DATOS PERSONALES; CREACION EN EL AMBITO DE LA NACION DEL COMISIONADO DE DATOS: FUNCIONES, ATRIBUCIONES; SANCIONES ADMINISTRATIVAS; INCORPORACION DE ARTICULOS AL CODIGO PENAL: 117 BIS Y 157 BIS(SANCIONES PENALES); INVITACION A LAS PROVINCIAS A CREAR SUS REGISTROS DE BANCOS DE DATOS Y A ESTABLECER SUS ORGANOS DE APLICACION; DERECHO A LA PROPIA IMAGEN; PRINCIPIOS GENERALES; DISPOSICION RELATIVA; LEGITIMACION ACTIVA; TUTELA JUDICIAL; RESPONSABILIDAD CIVIL; DEROGACION DEL ARTICULO 1071 BIS DEL CODIGO CIVIL (OBLIGACION DE CESAR ACTIVIDADES Y PAGAR INDEMNIZACION AL QUE SE ENTROMETIERE ARBITRARIAMENTE EN LA VIDA AJENA), DEL ARTICULO 33 Y EL PARRAFO 1 DE LA LEY 11723 (PROPIEDAD INTELECTUAL); SUSTITUCION DEL TEXTO DEL ARTICULO 32 (DERECHO DE PUBLICAR CARTAS) DE LA LEY 11723, Y DEL TEXTO DEL PARRAFO 2 DEL ARTICULO 21 DE LA LEY 18248 (NOMBRE).","('0312-D-1999', 1)":null,"('0312-D-1999', 2)":null,"('0312-D-1999', 3)":null,"('0312-D-1999', 4)":null},"Palabra Clave":{"('0312-D-1999', 0)":" ","('0312-D-1999', 1)":null,"('0312-D-1999', 2)":null,"('0312-D-1999', 3)":null,"('0312-D-1999', 4)":null}}