{"Tipo de Proyecto":{"('0313-D-1999', 0)":"PROYECTO DE RESOLUCI\u00d3N","('0313-D-1999', 1)":null,"('0313-D-1999', 2)":null,"('0313-D-1999', 3)":null,"('0313-D-1999', 4)":null,"('0313-D-1999', 5)":null,"('0313-D-1999', 6)":null,"('0313-D-1999', 7)":null,"('0313-D-1999', 8)":null,"('0313-D-1999', 9)":null},"Iniciado en: ":{"('0313-D-1999', 0)":"Diputados","('0313-D-1999', 1)":null,"('0313-D-1999', 2)":null,"('0313-D-1999', 3)":null,"('0313-D-1999', 4)":null,"('0313-D-1999', 5)":null,"('0313-D-1999', 6)":null,"('0313-D-1999', 7)":null,"('0313-D-1999', 8)":null,"('0313-D-1999', 9)":null},"Expediente Diputados: ":{"('0313-D-1999', 0)":"0313-D-1999","('0313-D-1999', 1)":null,"('0313-D-1999', 2)":null,"('0313-D-1999', 3)":null,"('0313-D-1999', 4)":null,"('0313-D-1999', 5)":null,"('0313-D-1999', 6)":null,"('0313-D-1999', 7)":null,"('0313-D-1999', 8)":null,"('0313-D-1999', 9)":null},"Publicado en: ":{"('0313-D-1999', 0)":"Tr\u00e1mite Parlamentario N\u00b0 5","('0313-D-1999', 1)":null,"('0313-D-1999', 2)":null,"('0313-D-1999', 3)":null,"('0313-D-1999', 4)":null,"('0313-D-1999', 5)":null,"('0313-D-1999', 6)":null,"('0313-D-1999', 7)":null,"('0313-D-1999', 8)":null,"('0313-D-1999', 9)":null},"Fecha: ":{"('0313-D-1999', 0)":"05\/03\/1999","('0313-D-1999', 1)":null,"('0313-D-1999', 2)":null,"('0313-D-1999', 3)":null,"('0313-D-1999', 4)":null,"('0313-D-1999', 5)":null,"('0313-D-1999', 6)":null,"('0313-D-1999', 7)":null,"('0313-D-1999', 8)":null,"('0313-D-1999', 9)":null},"T\u00edtulo":{"('0313-D-1999', 0)":"PEDIDO DE INFORMES: SOBRE LOS TRABAJOS PREVENTIVOS PARA EVITAR LOS INCENDIOS EN LOS BOSQUES DEL SUR DEL PAIS, POR QUE FRACASARON LOS MISMOS, QUE RECURSOS ECONOMICOS SE UTILIZARON, EVALUACION DE PERDIDAS, PLANES FUTUROS Y EL RECHAZO DE LA COLABORACION DE CUERPOS DE BOMBEROS DE OTROS LUGARES DEL PAIS.","('0313-D-1999', 1)":null,"('0313-D-1999', 2)":null,"('0313-D-1999', 3)":null,"('0313-D-1999', 4)":null,"('0313-D-1999', 5)":null,"('0313-D-1999', 6)":null,"('0313-D-1999', 7)":null,"('0313-D-1999', 8)":null,"('0313-D-1999', 9)":null},"('Firmantes', 'FIRMANTE')":{"('0313-D-1999', 0)":"LISSI, LILIANA","('0313-D-1999', 1)":"GIANNI, GLORIA MARIA CRISTINA","('0313-D-1999', 2)":"DE BARIAZARRA, ROBERTO RODOLFO","('0313-D-1999', 3)":"BRANDONI, LUIS","('0313-D-1999', 4)":"STORANI, FEDERICO TEOBALDO MANUEL","('0313-D-1999', 5)":"OCAMPOS, JORGE ARMANDO","('0313-D-1999', 6)":"PEREYRA DE MONTENEGRO, MARIA G.","('0313-D-1999', 7)":"LEYBA DE MARTI, BEATRIZ","('0313-D-1999', 8)":"CRUCHAGA, MELCHOR RENE","('0313-D-1999', 9)":"FERNANDEZ DE COMBES, ELSA AMALIA"},"('Firmantes', 'DISTRITO')":{"('0313-D-1999', 0)":"SANTA FE","('0313-D-1999', 1)":"CORDOBA","('0313-D-1999', 2)":"RIO NEGRO","('0313-D-1999', 3)":"BUENOS AIRES","('0313-D-1999', 4)":"BUENOS AIRES","('0313-D-1999', 5)":"RIO NEGRO","('0313-D-1999', 6)":"MISIONES","('0313-D-1999', 7)":"CORDOBA","('0313-D-1999', 8)":"BUENOS AIRES","('0313-D-1999', 9)":"SANTA FE"},"('Firmantes', 'BLOQUE')":{"('0313-D-1999', 0)":"UCR","('0313-D-1999', 1)":"UCR","('0313-D-1999', 2)":"UCR","('0313-D-1999', 3)":"UCR","('0313-D-1999', 4)":"UCR","('0313-D-1999', 5)":"UCR","('0313-D-1999', 6)":"UCR","('0313-D-1999', 7)":"UCR","('0313-D-1999', 8)":"UCR","('0313-D-1999', 9)":"FREPASO"},"('Giros', 'COMISI\u00d3N')":{"('0313-D-1999', 0)":"RECURSOS NATURALES Y CONSERVACION DEL AMBIENTE HUMANO","('0313-D-1999', 1)":null,"('0313-D-1999', 2)":null,"('0313-D-1999', 3)":null,"('0313-D-1999', 4)":null,"('0313-D-1999', 5)":null,"('0313-D-1999', 6)":null,"('0313-D-1999', 7)":null,"('0313-D-1999', 8)":null,"('0313-D-1999', 9)":null},"Sumario":{"('0313-D-1999', 0)":"SOLICITUD AL PODER EJECUTIVO NACIONAL A TRAVES DE LA SECRETARIA DE RECURSOS NATURALES Y DESARROLLO SUSTENTABLE.","('0313-D-1999', 1)":null,"('0313-D-1999', 2)":null,"('0313-D-1999', 3)":null,"('0313-D-1999', 4)":null,"('0313-D-1999', 5)":null,"('0313-D-1999', 6)":null,"('0313-D-1999', 7)":null,"('0313-D-1999', 8)":null,"('0313-D-1999', 9)":null},"Palabra Clave":{"('0313-D-1999', 0)":" ","('0313-D-1999', 1)":null,"('0313-D-1999', 2)":null,"('0313-D-1999', 3)":null,"('0313-D-1999', 4)":null,"('0313-D-1999', 5)":null,"('0313-D-1999', 6)":null,"('0313-D-1999', 7)":null,"('0313-D-1999', 8)":null,"('0313-D-1999', 9)":null}}