{"Tipo de Proyecto":{"('0314-S-1999', 0)":"PROYECTO DE DECLARACI\u00d3N"},"Iniciado en: ":{"('0314-S-1999', 0)":"Senado"},"Expediente Senado: ":{"('0314-S-1999', 0)":"0314-S-1999"},"Publicado en: ":{"('0314-S-1999', 0)":"Diario de Asuntos Entrados N\u00b0 16"},"Fecha: ":{"('0314-S-1999', 0)":"30\/03\/1999"},"T\u00edtulo":{"('0314-S-1999', 0)":"PROYECTO TELEVISIVO \"PASAJERO\" QUE SE EMITIRA POR TV QUALITY.\n"},"('Firmantes', 'FIRMANTE')":{"('0314-S-1999', 0)":"DE LA ROSA, CARLOS LEONARDO"},"('Firmantes', 'DISTRITO')":{"('0314-S-1999', 0)":"MENDOZA"},"('Firmantes', 'BLOQUE')":{"('0314-S-1999', 0)":"JUSTICIALISTA"},"('Tramites', 'C\u00c1MARA')":{"('0314-S-1999', 0)":"Senado"},"('Tramites', 'MOVIMIENTO')":{"('0314-S-1999', 0)":"CONSIDERACION Y APROBACION CON MODIFICACIONES"},"('Tramites', 'FECHA')":{"('0314-S-1999', 0)":"16\/06\/1999"},"('Tramites', 'RESULTADO')":{"('0314-S-1999', 0)":"APROBADO"},"Sumario":{"('0314-S-1999', 0)":"DECLARARLO DE INTERES PARA EL H SENADO."},"Palabra Clave":{"('0314-S-1999', 0)":" "}}