{"Tipo de Proyecto":{"('0316-D-1999', 0)":"PROYECTO DE RESOLUCI\u00d3N","('0316-D-1999', 1)":null,"('0316-D-1999', 2)":null,"('0316-D-1999', 3)":null},"Iniciado en: ":{"('0316-D-1999', 0)":"Diputados","('0316-D-1999', 1)":null,"('0316-D-1999', 2)":null,"('0316-D-1999', 3)":null},"Expediente Diputados: ":{"('0316-D-1999', 0)":"0316-D-1999","('0316-D-1999', 1)":null,"('0316-D-1999', 2)":null,"('0316-D-1999', 3)":null},"Publicado en: ":{"('0316-D-1999', 0)":"Tr\u00e1mite Parlamentario N\u00b0 5","('0316-D-1999', 1)":null,"('0316-D-1999', 2)":null,"('0316-D-1999', 3)":null},"Fecha: ":{"('0316-D-1999', 0)":"05\/03\/1999","('0316-D-1999', 1)":null,"('0316-D-1999', 2)":null,"('0316-D-1999', 3)":null},"T\u00edtulo":{"('0316-D-1999', 0)":"JORNADAS NACIONALES DE LITERATURA FRANCESA Y FRANCOFONA, ORGANIZADAS POR LA UNIVERSIDAD DEL SALVADOR Y LA ASOCIACION ARGENTINA DE PROFESORES DE LITERATURA FRANCESA Y FRANCOFONA, QUE SE DESARROLLARAN EN LA FACULTAD DE HISTORIA Y LETRAS DE LA UNIVERSIDAD DEL SALVADOR, ENTRE EL 12 Y EL 15\/05\/1999.","('0316-D-1999', 1)":null,"('0316-D-1999', 2)":null,"('0316-D-1999', 3)":null},"('Firmantes', 'FIRMANTE')":{"('0316-D-1999', 0)":"ISEQUILLA, AMALIA","('0316-D-1999', 1)":"MENDEZ DE MEDINA LAREU, CATALINA","('0316-D-1999', 2)":"BUSSI, RICARDO ARGENTINO","('0316-D-1999', 3)":"VIA\u00d1A, MARIANO ROBERTO"},"('Firmantes', 'DISTRITO')":{"('0316-D-1999', 0)":"SAN LUIS","('0316-D-1999', 1)":"CORRIENTES","('0316-D-1999', 2)":"TUCUMAN","('0316-D-1999', 3)":"TIERRA DEL FUEGO"},"('Firmantes', 'BLOQUE')":{"('0316-D-1999', 0)":"MOV POP PROV SL","('0316-D-1999', 1)":"FREPANU","('0316-D-1999', 2)":"FZA REPUBLICANA","('0316-D-1999', 3)":"LIBERAL"},"('Giros', 'COMISI\u00d3N')":{"('0316-D-1999', 0)":"CULTURA","('0316-D-1999', 1)":null,"('0316-D-1999', 2)":null,"('0316-D-1999', 3)":null},"('Tramites', 'C\u00c1MARA')":{"('0316-D-1999', 0)":"Diputados","('0316-D-1999', 1)":null,"('0316-D-1999', 2)":null,"('0316-D-1999', 3)":null},"('Tramites', 'MOVIMIENTO')":{"('0316-D-1999', 0)":"CONSIDERACION Y APROBACION","('0316-D-1999', 1)":null,"('0316-D-1999', 2)":null,"('0316-D-1999', 3)":null},"('Tramites', 'FECHA')":{"('0316-D-1999', 0)":"12\/05\/1999","('0316-D-1999', 1)":null,"('0316-D-1999', 2)":null,"('0316-D-1999', 3)":null},"('Tramites', 'RESULTADO')":{"('0316-D-1999', 0)":"APROBADO","('0316-D-1999', 1)":null,"('0316-D-1999', 2)":null,"('0316-D-1999', 3)":null},"Sumario":{"('0316-D-1999', 0)":"DECLARARLAS DE INTERES LEGISLATIVO.","('0316-D-1999', 1)":null,"('0316-D-1999', 2)":null,"('0316-D-1999', 3)":null},"Palabra Clave":{"('0316-D-1999', 0)":" ","('0316-D-1999', 1)":null,"('0316-D-1999', 2)":null,"('0316-D-1999', 3)":null}}