{"Tipo de Proyecto":{"('0316-S-1999', 0)":"PROYECTO DE DECLARACI\u00d3N"},"Iniciado en: ":{"('0316-S-1999', 0)":"Senado"},"Expediente Senado: ":{"('0316-S-1999', 0)":"0316-S-1999"},"Publicado en: ":{"('0316-S-1999', 0)":"Diario de Asuntos Entrados N\u00b0 16"},"Fecha: ":{"('0316-S-1999', 0)":"30\/03\/1999"},"T\u00edtulo":{"('0316-S-1999', 0)":"ENCUENTRO INTERNACIONAL DE COROS \"CANTAPUEBLO - LA FIESTA CORAL DE AMERICA\"."},"('Firmantes', 'FIRMANTE')":{"('0316-S-1999', 0)":"DE LA ROSA, CARLOS LEONARDO"},"('Firmantes', 'DISTRITO')":{"('0316-S-1999', 0)":"MENDOZA"},"('Firmantes', 'BLOQUE')":{"('0316-S-1999', 0)":"JUSTICIALISTA"},"('Tramites', 'C\u00c1MARA')":{"('0316-S-1999', 0)":"Senado"},"('Tramites', 'MOVIMIENTO')":{"('0316-S-1999', 0)":"CONSIDERACION Y APROBACION"},"('Tramites', 'FECHA')":{"('0316-S-1999', 0)":"16\/06\/1999"},"('Tramites', 'RESULTADO')":{"('0316-S-1999', 0)":"APROBADO"},"Sumario":{"('0316-S-1999', 0)":"DECLARARLO DE INTERES CULTURAL PARA EL H SENADO."},"Palabra Clave":{"('0316-S-1999', 0)":" "}}