{"Tipo de Proyecto":{"('0317-D-1999', 0)":"PROYECTO DE LEY","('0317-D-1999', 1)":null},"Iniciado en: ":{"('0317-D-1999', 0)":"Diputados","('0317-D-1999', 1)":null},"Expediente Diputados: ":{"('0317-D-1999', 0)":"0317-D-1999","('0317-D-1999', 1)":null},"Publicado en: ":{"('0317-D-1999', 0)":"Tr\u00e1mite Parlamentario N\u00b0 5","('0317-D-1999', 1)":null},"Fecha: ":{"('0317-D-1999', 0)":"05\/03\/1999","('0317-D-1999', 1)":null},"T\u00edtulo":{"('0317-D-1999', 0)":"LEY 19945 (CODIGO ELECTORAL): MODIFICACION.","('0317-D-1999', 1)":null},"('Firmantes', 'FIRMANTE')":{"('0317-D-1999', 0)":"ISEQUILLA, AMALIA","('0317-D-1999', 1)":"GONZALEZ, MARIA LUISA"},"('Firmantes', 'DISTRITO')":{"('0317-D-1999', 0)":"SAN LUIS","('0317-D-1999', 1)":"CHACO"},"('Firmantes', 'BLOQUE')":{"('0317-D-1999', 0)":"MOV POP PROV SL","('0317-D-1999', 1)":"JUSTICIALISTA"},"('Giros', 'COMISI\u00d3N')":{"('0317-D-1999', 0)":"ASUNTOS CONSTITUCIONALES","('0317-D-1999', 1)":null},"Sumario":{"('0317-D-1999', 0)":"SUSTITUCION DEL ARTICULO 60 (REGISTRO DE LOS CANDIDATOS, PEDIDO DE OFICIALIZACION DE LAS LISTAS).","('0317-D-1999', 1)":null},"Palabra Clave":{"('0317-D-1999', 0)":" ","('0317-D-1999', 1)":null}}