{"Tipo de Proyecto":{"('0317-S-1999', 0)":"PROYECTO DE LEY"},"Iniciado en: ":{"('0317-S-1999', 0)":"Senado"},"Expediente Senado: ":{"('0317-S-1999', 0)":"0317-S-1999"},"Publicado en: ":{"('0317-S-1999', 0)":"Diario de Asuntos Entrados N\u00b0 16"},"Fecha: ":{"('0317-S-1999', 0)":"30\/03\/1999"},"T\u00edtulo":{"('0317-S-1999', 0)":"MODIFICACION A LA LEY 23696.\n"},"('Firmantes', 'FIRMANTE')":{"('0317-S-1999', 0)":"DEL PIERO, PEDRO"},"('Firmantes', 'DISTRITO')":{"('0317-S-1999', 0)":"CIUDAD de BUENOS AIRES"},"('Firmantes', 'BLOQUE')":{"('0317-S-1999', 0)":"FREPASO"},"('Tramites', 'C\u00c1MARA')":{"('0317-S-1999', 0)":"Senado"},"('Tramites', 'MOVIMIENTO')":{"('0317-S-1999', 0)":"GIRO A LA COMISION DE ASUNTOS CONSTITUCIONALES"},"('Tramites', 'FECHA')":{"('0317-S-1999', 0)":"07\/04\/1999"},"('Tramites', 'RESULTADO')":{"('0317-S-1999', 0)":null},"Sumario":{"('0317-S-1999', 0)":"SUSTITUCION DEL ARTICULO 14 (COMISION BICAMERAL)."},"Palabra Clave":{"('0317-S-1999', 0)":" "}}