{"Tipo de Proyecto":{"('0318-D-1999', 0)":"PROYECTO DE LEY","('0318-D-1999', 1)":null,"('0318-D-1999', 2)":null},"Iniciado en: ":{"('0318-D-1999', 0)":"Diputados","('0318-D-1999', 1)":null,"('0318-D-1999', 2)":null},"Expediente Diputados: ":{"('0318-D-1999', 0)":"0318-D-1999","('0318-D-1999', 1)":null,"('0318-D-1999', 2)":null},"Publicado en: ":{"('0318-D-1999', 0)":"Tr\u00e1mite Parlamentario N\u00b0 5","('0318-D-1999', 1)":null,"('0318-D-1999', 2)":null},"Fecha: ":{"('0318-D-1999', 0)":"05\/03\/1999","('0318-D-1999', 1)":null,"('0318-D-1999', 2)":null},"T\u00edtulo":{"('0318-D-1999', 0)":"PROTOCOLO ADICIONAL A LA CONVENCION AMERICANA SOBRE DERECHOS HUMANOS EN MATERIA DE DERECHOS ECONOMICOS, SOCIALES Y CULTURALES 'PROTOCOLO DE SAN SALVADOR' DEL 17\/11\/1988.\n","('0318-D-1999', 1)":null,"('0318-D-1999', 2)":null},"('Firmantes', 'FIRMANTE')":{"('0318-D-1999', 0)":"VILLALBA, ALFREDO HORACIO","('0318-D-1999', 1)":null,"('0318-D-1999', 2)":null},"('Firmantes', 'DISTRITO')":{"('0318-D-1999', 0)":"BUENOS AIRES","('0318-D-1999', 1)":null,"('0318-D-1999', 2)":null},"('Firmantes', 'BLOQUE')":{"('0318-D-1999', 0)":"FREPASO","('0318-D-1999', 1)":null,"('0318-D-1999', 2)":null},"('Giros', 'COMISI\u00d3N')":{"('0318-D-1999', 0)":"ASUNTOS CONSTITUCIONALES","('0318-D-1999', 1)":"RELACIONES EXTERIORES Y CULTO","('0318-D-1999', 2)":"DERECHOS HUMANOS Y GARANTIAS"},"Sumario":{"('0318-D-1999', 0)":"OTORGARLE JERARQUIA CONSTITUCIONAL.","('0318-D-1999', 1)":null,"('0318-D-1999', 2)":null},"Palabra Clave":{"('0318-D-1999', 0)":" ","('0318-D-1999', 1)":null,"('0318-D-1999', 2)":null}}