{"Tipo de Proyecto":{"('0319-S-1999', 0)":"PROYECTO DE RESOLUCI\u00d3N"},"Iniciado en: ":{"('0319-S-1999', 0)":"Senado"},"Expediente Senado: ":{"('0319-S-1999', 0)":"0319-S-1999"},"Publicado en: ":{"('0319-S-1999', 0)":"Diario de Asuntos Entrados N\u00b0 16"},"Fecha: ":{"('0319-S-1999', 0)":"30\/03\/1999"},"T\u00edtulo":{"('0319-S-1999', 0)":"NEGAR EL ASILO POLITICO AL GENERAL LINO OVIEDO.\n"},"('Firmantes', 'FIRMANTE')":{"('0319-S-1999', 0)":"GALVAN, RAUL ALFREDO"},"('Firmantes', 'DISTRITO')":{"('0319-S-1999', 0)":"LA RIOJA"},"('Firmantes', 'BLOQUE')":{"('0319-S-1999', 0)":"UCR"},"Sumario":{"('0319-S-1999', 0)":"SOLICITUD AL PODER EJECUTIVO NACIONAL."},"Palabra Clave":{"('0319-S-1999', 0)":" "}}