{"Tipo de Proyecto":{"('0320-S-1999', 0)":"PROYECTO DE RESOLUCI\u00d3N"},"Iniciado en: ":{"('0320-S-1999', 0)":"Senado"},"Expediente Senado: ":{"('0320-S-1999', 0)":"0320-S-1999"},"Publicado en: ":{"('0320-S-1999', 0)":"Diario de Asuntos Entrados N\u00b0 16"},"Fecha: ":{"('0320-S-1999', 0)":"30\/03\/1999"},"T\u00edtulo":{"('0320-S-1999', 0)":"DECLARAR PERSONA NO GRATA AL GENERAL LINO OVIEDO. \n"},"('Firmantes', 'FIRMANTE')":{"('0320-S-1999', 0)":"GALVAN, RAUL ALFREDO"},"('Firmantes', 'DISTRITO')":{"('0320-S-1999', 0)":"LA RIOJA"},"('Firmantes', 'BLOQUE')":{"('0320-S-1999', 0)":"UCR"},"Link":{"('0320-S-1999', 0)":"http:\/\/www.senado.gov.ar\/parlamentario\/comisiones\/verExp\/320.99\/S\/PR"},"Palabra Clave":{"('0320-S-1999', 0)":" "}}