{"Tipo de Proyecto":{"('0321-D-1999', 0)":"PROYECTO DE RESOLUCI\u00d3N","('0321-D-1999', 1)":null,"('0321-D-1999', 2)":null,"('0321-D-1999', 3)":null,"('0321-D-1999', 4)":null,"('0321-D-1999', 5)":null},"Iniciado en: ":{"('0321-D-1999', 0)":"Diputados","('0321-D-1999', 1)":null,"('0321-D-1999', 2)":null,"('0321-D-1999', 3)":null,"('0321-D-1999', 4)":null,"('0321-D-1999', 5)":null},"Expediente Diputados: ":{"('0321-D-1999', 0)":"0321-D-1999","('0321-D-1999', 1)":null,"('0321-D-1999', 2)":null,"('0321-D-1999', 3)":null,"('0321-D-1999', 4)":null,"('0321-D-1999', 5)":null},"Publicado en: ":{"('0321-D-1999', 0)":"Tr\u00e1mite Parlamentario N\u00b0 5","('0321-D-1999', 1)":null,"('0321-D-1999', 2)":null,"('0321-D-1999', 3)":null,"('0321-D-1999', 4)":null,"('0321-D-1999', 5)":null},"Fecha: ":{"('0321-D-1999', 0)":"05\/03\/1999","('0321-D-1999', 1)":null,"('0321-D-1999', 2)":null,"('0321-D-1999', 3)":null,"('0321-D-1999', 4)":null,"('0321-D-1999', 5)":null},"T\u00edtulo":{"('0321-D-1999', 0)":"PEDIDO DE INFORMES: SOBRE LAS RAZONES QUE MOTIVARON LA SANCION DEL DECRETO 100\/99 POR EL CUAL SE CONVIRTIERON EN CREDITO FISCAL LAS MULTAS ABONADAS POR LAS EMPRESAS AUTOMOTRICES CON MOTIVO DEL REGIMEN DE IMPORTACION Y EXPORTACION DEL SECTOR.","('0321-D-1999', 1)":null,"('0321-D-1999', 2)":null,"('0321-D-1999', 3)":null,"('0321-D-1999', 4)":null,"('0321-D-1999', 5)":null},"('Firmantes', 'FIRMANTE')":{"('0321-D-1999', 0)":"SALVATORI, PEDRO","('0321-D-1999', 1)":"DE BARIAZARRA, ROBERTO RODOLFO","('0321-D-1999', 2)":"OCAMPOS, JORGE ARMANDO","('0321-D-1999', 3)":"MASSEI, OSCAR","('0321-D-1999', 4)":"CORCHUELO BLASCO, JOSE MANUEL","('0321-D-1999', 5)":"GONZALEZ CABA\u00d1AS, JOSE ARMANDO"},"('Firmantes', 'DISTRITO')":{"('0321-D-1999', 0)":"NEUQUEN","('0321-D-1999', 1)":"RIO NEGRO","('0321-D-1999', 2)":"RIO NEGRO","('0321-D-1999', 3)":"NEUQUEN","('0321-D-1999', 4)":"CHUBUT","('0321-D-1999', 5)":"CORRIENTES"},"('Firmantes', 'BLOQUE')":{"('0321-D-1999', 0)":"MOV POP NEUQUINO","('0321-D-1999', 1)":"UCR","('0321-D-1999', 2)":"UCR","('0321-D-1999', 3)":"FREPASO","('0321-D-1999', 4)":"JUSTICIALISTA","('0321-D-1999', 5)":"FREPANU"},"('Giros', 'COMISI\u00d3N')":{"('0321-D-1999', 0)":"PRESUPUESTO Y HACIENDA","('0321-D-1999', 1)":"INDUSTRIA","('0321-D-1999', 2)":null,"('0321-D-1999', 3)":null,"('0321-D-1999', 4)":null,"('0321-D-1999', 5)":null},"Sumario":{"('0321-D-1999', 0)":"SOLICITUD AL PODER EJECUTIVO NACIONAL.","('0321-D-1999', 1)":null,"('0321-D-1999', 2)":null,"('0321-D-1999', 3)":null,"('0321-D-1999', 4)":null,"('0321-D-1999', 5)":null},"Palabra Clave":{"('0321-D-1999', 0)":" ","('0321-D-1999', 1)":null,"('0321-D-1999', 2)":null,"('0321-D-1999', 3)":null,"('0321-D-1999', 4)":null,"('0321-D-1999', 5)":null}}