{"Tipo de Proyecto":{"('0322-D-1999', 0)":"PROYECTO DE LEY","('0322-D-1999', 1)":null,"('0322-D-1999', 2)":null},"Iniciado en: ":{"('0322-D-1999', 0)":"Diputados","('0322-D-1999', 1)":null,"('0322-D-1999', 2)":null},"Expediente Diputados: ":{"('0322-D-1999', 0)":"0322-D-1999","('0322-D-1999', 1)":null,"('0322-D-1999', 2)":null},"Publicado en: ":{"('0322-D-1999', 0)":"Tr\u00e1mite Parlamentario N\u00b0 5","('0322-D-1999', 1)":null,"('0322-D-1999', 2)":null},"Fecha: ":{"('0322-D-1999', 0)":"05\/03\/1999","('0322-D-1999', 1)":null,"('0322-D-1999', 2)":null},"T\u00edtulo":{"('0322-D-1999', 0)":"MARCO REGULATORIO PARA LA APLICACION DEL CONVENIO DE DIVERSIDAD BIOLOGICA.\n","('0322-D-1999', 1)":null,"('0322-D-1999', 2)":null},"('Firmantes', 'FIRMANTE')":{"('0322-D-1999', 0)":"VILLALBA, ALFREDO HORACIO","('0322-D-1999', 1)":null,"('0322-D-1999', 2)":null},"('Firmantes', 'DISTRITO')":{"('0322-D-1999', 0)":"BUENOS AIRES","('0322-D-1999', 1)":null,"('0322-D-1999', 2)":null},"('Firmantes', 'BLOQUE')":{"('0322-D-1999', 0)":"FREPASO","('0322-D-1999', 1)":null,"('0322-D-1999', 2)":null},"('Giros', 'COMISI\u00d3N')":{"('0322-D-1999', 0)":"RECURSOS NATURALES Y CONSERVACION DEL AMBIENTE HUMANO","('0322-D-1999', 1)":"INTERESES MARITIMOS, FLUVIALES, PESQUEROS Y PORTUARIOS","('0322-D-1999', 2)":"CIENCIA Y TECNOLOGIA"},"Sumario":{"('0322-D-1999', 0)":"DESIGNACION DE LA SECRETARIA DE RECURSOS NATURALES Y DESARROLLO SUSTENTABLE DE LA PRESIDENCIA DE LA NACION COMO AUTORIDAD DE APLICACION DE LA LEY 24375 QUE APRUEBA EL CONVENIO SOBRE DIVERSIDAD BIOLOGICA; CREACION DE LA COMISION NACIONAL SOBRE DIVERSIDAD BIOLOGICA (CNDB): DEPENDENCIA, OBJETIVOS, INTEGRACION, LUGAR FISICO, PERSONAL, RECURSOS PARA SU FINANCIAMIENTO.","('0322-D-1999', 1)":null,"('0322-D-1999', 2)":null},"Palabra Clave":{"('0322-D-1999', 0)":" ","('0322-D-1999', 1)":null,"('0322-D-1999', 2)":null}}