{"Tipo de Proyecto":{"('0334-OV-1999', 0)":"PROYECTO DE RESOLUCI\u00d3N"},"Iniciado en: ":{"('0334-OV-1999', 0)":"Senado"},"Expediente Senado: ":{"('0334-OV-1999', 0)":"0334-OV-1999"},"Publicado en: ":{"('0334-OV-1999', 0)":"Diario de Asuntos Entrados N\u00b0 0"},"Fecha: ":{"('0334-OV-1999', 0)":"22\/08\/2000"},"T\u00edtulo":{"('0334-OV-1999', 0)":"RESOLUCION REMITIDA POR LA AUDITORIA GENERAL DE LA NACION SOBRE EL INFORME 'EFECTOS DE INTEGRACION ECONOMIA EN LOS SISTEMAS URBANOS Y DE TRANSPORTE DE LAS PROVINCIAS DEL LITORAL Y CHACO ARGENTINOS, REGION DE LA CUENCA DEL PLATA', CONTRATO DE PRESTAMO ARG - 4\/93 FONPLATA."},"('Firmantes', 'FIRMANTE')":{"('0334-OV-1999', 0)":"PARLAMENTARIA MIXTA REVISORA DE CUENTAS"},"('Firmantes', 'DISTRITO')":{"('0334-OV-1999', 0)":null},"('Firmantes', 'BLOQUE')":{"('0334-OV-1999', 0)":null},"('Tramites', 'C\u00c1MARA')":{"('0334-OV-1999', 0)":"Senado"},"('Tramites', 'MOVIMIENTO')":{"('0334-OV-1999', 0)":"CONSIDERACION Y APROBACION (AL ARCHIVO)"},"('Tramites', 'FECHA')":{"('0334-OV-1999', 0)":"06\/09\/2000"},"('Tramites', 'RESULTADO')":{"('0334-OV-1999', 0)":"ARCHIVADO"},"Sumario":{"('0334-OV-1999', 0)":"NO CONTENIENDO REQUERIMIENTOS DE ACCION SUBSISTENTES,  SE ACONSEJA SU REMISION AL ARCHIVO."},"Palabra Clave":{"('0334-OV-1999', 0)":" "}}