{"Tipo de Proyecto":{"('0336-PE-1999', 0)":"MENSAJE NRO: 0708\/99","('0336-PE-1999', 1)":null},"Iniciado en: ":{"('0336-PE-1999', 0)":"Senado","('0336-PE-1999', 1)":null},"Expediente Senado: ":{"('0336-PE-1999', 0)":"0336-PE-1999","('0336-PE-1999', 1)":null},"Publicado en: ":{"('0336-PE-1999', 0)":"DAE S.A. N\u00b0 3","('0336-PE-1999', 1)":null},"Fecha: ":{"('0336-PE-1999', 0)":"06\/07\/1999","('0336-PE-1999', 1)":null},"T\u00edtulo":{"('0336-PE-1999', 0)":"SOLICITA ACUERDO PARA PROMOVER AL GRADO INMEDIATO SUPERIOR EN LA FUERZA AEREA, AL VICECOMODORO JUAN DOMINGO ENGROBA","('0336-PE-1999', 1)":null},"('Firmantes', 'FIRMANTE')":{"('0336-PE-1999', 0)":"MENEM, CARLOS SAUL","('0336-PE-1999', 1)":"DOMINGUEZ, JORGE"},"('Firmantes', 'DISTRITO')":{"('0336-PE-1999', 0)":null,"('0336-PE-1999', 1)":null},"('Firmantes', 'BLOQUE')":{"('0336-PE-1999', 0)":"PODER EJECUTIVO","('0336-PE-1999', 1)":"PODER EJECUTIVO"},"('Tramites', 'C\u00c1MARA')":{"('0336-PE-1999', 0)":"Senado","('0336-PE-1999', 1)":null},"('Tramites', 'MOVIMIENTO')":{"('0336-PE-1999', 0)":"CONSIDERACION Y APROBACION","('0336-PE-1999', 1)":null},"('Tramites', 'FECHA')":{"('0336-PE-1999', 0)":"15\/09\/1999","('0336-PE-1999', 1)":null},"('Tramites', 'RESULTADO')":{"('0336-PE-1999', 0)":"APROBADO","('0336-PE-1999', 1)":null},"Palabra Clave":{"('0336-PE-1999', 0)":" ","('0336-PE-1999', 1)":null}}