{"Tipo de Proyecto":{"('0001-JGM-2013', 0)":"MENSAJE NRO: 0036\/13","('0001-JGM-2013', 1)":null,"('0001-JGM-2013', 2)":null},"Iniciado en: ":{"('0001-JGM-2013', 0)":"Diputados","('0001-JGM-2013', 1)":null,"('0001-JGM-2013', 2)":null},"Expediente Diputados: ":{"('0001-JGM-2013', 0)":"0001-JGM-2013","('0001-JGM-2013', 1)":null,"('0001-JGM-2013', 2)":null},"Publicado en: ":{"('0001-JGM-2013', 0)":"Tr\u00e1mite Parlamentario N\u00b0 11","('0001-JGM-2013', 1)":null,"('0001-JGM-2013', 2)":null},"Fecha: ":{"('0001-JGM-2013', 0)":"15\/03\/2013","('0001-JGM-2013', 1)":null,"('0001-JGM-2013', 2)":null},"T\u00edtulo":{"('0001-JGM-2013', 0)":"COMUNICACION DEL DECRETO DE NECESIDAD Y URGENCIA 249\/13 POR EL CUAL SE SUSPENDE DESDE EL 1 DE ENERO DE 2013 HASTA EL 31 DE DICIEMBRE DE 2013 INCLUSIVE, LA APLICACION DE LAS DISPOSICIONES DEL DECRETO 814\/01 Y MODIFICATORIOS, RESPECTO DE EMPLEADORES TITULARES DE ESTABLECIMIENTOS EDUCATIVOS DE GESTION PRIVADA INCORPORADOS A LA ENSE\u00d1ANZA OFICIAL. ","('0001-JGM-2013', 1)":null,"('0001-JGM-2013', 2)":null},"('Firmantes', 'FIRMANTE')":{"('0001-JGM-2013', 0)":"ABAL MEDINA, JUAN MANUEL","('0001-JGM-2013', 1)":"TOMADA, CARLOS","('0001-JGM-2013', 2)":"SILEONI, ALBERTO"},"('Firmantes', 'DISTRITO')":{"('0001-JGM-2013', 0)":null,"('0001-JGM-2013', 1)":null,"('0001-JGM-2013', 2)":null},"('Firmantes', 'BLOQUE')":{"('0001-JGM-2013', 0)":"PODER EJECUTIVO","('0001-JGM-2013', 1)":"PODER EJECUTIVO","('0001-JGM-2013', 2)":"PODER EJECUTIVO"},"('Giros', 'COMISI\u00d3N')":{"('0001-JGM-2013', 0)":"BICAMERAL PERMANENTE DE TRAMITE LEGISLATIVO - LEY 26122","('0001-JGM-2013', 1)":null,"('0001-JGM-2013', 2)":null},"('Tramites', 'C\u00c1MARA')":{"('0001-JGM-2013', 0)":"Diputados","('0001-JGM-2013', 1)":"Diputados","('0001-JGM-2013', 2)":"Diputados"},"('Tramites', 'MOVIMIENTO')":{"('0001-JGM-2013', 0)":"CONSIDERACION Y APROBACION","('0001-JGM-2013', 1)":"INSERCION DEL DIPUTADO LANDAU","('0001-JGM-2013', 2)":"VER TRAMITE DEL DECRETO EN SENADO EN EXPEDIENTE 1431-S-2013."},"('Tramites', 'FECHA')":{"('0001-JGM-2013', 0)":"05\/06\/2013","('0001-JGM-2013', 1)":"05\/06\/2013","('0001-JGM-2013', 2)":null},"('Tramites', 'RESULTADO')":{"('0001-JGM-2013', 0)":"APROBADO","('0001-JGM-2013', 1)":null,"('0001-JGM-2013', 2)":null},"Palabra Clave":{"('0001-JGM-2013', 0)":" ","('0001-JGM-2013', 1)":null,"('0001-JGM-2013', 2)":null}}