{"Tipo de Proyecto":{"('0002-PE-2013', 0)":"MENSAJE NRO: 0373\/13 Y PROYECTO DE LEY","('0002-PE-2013', 1)":null,"('0002-PE-2013', 2)":null,"('0002-PE-2013', 3)":null,"('0002-PE-2013', 4)":null,"('0002-PE-2013', 5)":null,"('0002-PE-2013', 6)":null},"Iniciado en: ":{"('0002-PE-2013', 0)":"Diputados","('0002-PE-2013', 1)":null,"('0002-PE-2013', 2)":null,"('0002-PE-2013', 3)":null,"('0002-PE-2013', 4)":null,"('0002-PE-2013', 5)":null,"('0002-PE-2013', 6)":null},"Expediente Diputados: ":{"('0002-PE-2013', 0)":"0002-PE-2013","('0002-PE-2013', 1)":null,"('0002-PE-2013', 2)":null,"('0002-PE-2013', 3)":null,"('0002-PE-2013', 4)":null,"('0002-PE-2013', 5)":null,"('0002-PE-2013', 6)":null},"Expediente Senado: ":{"('0002-PE-2013', 0)":"0004-CD-2013","('0002-PE-2013', 1)":null,"('0002-PE-2013', 2)":null,"('0002-PE-2013', 3)":null,"('0002-PE-2013', 4)":null,"('0002-PE-2013', 5)":null,"('0002-PE-2013', 6)":null},"Publicado en: ":{"('0002-PE-2013', 0)":"Tr\u00e1mite Parlamentario N\u00b0 23","('0002-PE-2013', 1)":null,"('0002-PE-2013', 2)":null,"('0002-PE-2013', 3)":null,"('0002-PE-2013', 4)":null,"('0002-PE-2013', 5)":null,"('0002-PE-2013', 6)":null},"Fecha: ":{"('0002-PE-2013', 0)":"08\/04\/2013","('0002-PE-2013', 1)":null,"('0002-PE-2013', 2)":null,"('0002-PE-2013', 3)":null,"('0002-PE-2013', 4)":null,"('0002-PE-2013', 5)":null,"('0002-PE-2013', 6)":null},"T\u00edtulo":{"('0002-PE-2013', 0)":"CARACTER PUBLICO Y DE LIBRE ACCESIBILIDAD POR INTERNET DE LAS DECLARACIONES JURADAS PATRIMONIALES INTEGRALES DE LOS FUNCIONARIOS PUBLICOS.","('0002-PE-2013', 1)":null,"('0002-PE-2013', 2)":null,"('0002-PE-2013', 3)":null,"('0002-PE-2013', 4)":null,"('0002-PE-2013', 5)":null,"('0002-PE-2013', 6)":null},"('Firmantes', 'FIRMANTE')":{"('0002-PE-2013', 0)":"FERNANDEZ DE KIRCHNER, CRISTINA","('0002-PE-2013', 1)":"ABAL MEDINA, JUAN MANUEL","('0002-PE-2013', 2)":"ALAK, JULIO","('0002-PE-2013', 3)":null,"('0002-PE-2013', 4)":null,"('0002-PE-2013', 5)":null,"('0002-PE-2013', 6)":null},"('Firmantes', 'DISTRITO')":{"('0002-PE-2013', 0)":null,"('0002-PE-2013', 1)":null,"('0002-PE-2013', 2)":null,"('0002-PE-2013', 3)":null,"('0002-PE-2013', 4)":null,"('0002-PE-2013', 5)":null,"('0002-PE-2013', 6)":null},"('Firmantes', 'BLOQUE')":{"('0002-PE-2013', 0)":"PODER EJECUTIVO","('0002-PE-2013', 1)":"PODER EJECUTIVO","('0002-PE-2013', 2)":"PODER EJECUTIVO","('0002-PE-2013', 3)":null,"('0002-PE-2013', 4)":null,"('0002-PE-2013', 5)":null,"('0002-PE-2013', 6)":null},"('Giros', 'COMISI\u00d3N')":{"('0002-PE-2013', 0)":"ASUNTOS CONSTITUCIONALES","('0002-PE-2013', 1)":null,"('0002-PE-2013', 2)":null,"('0002-PE-2013', 3)":null,"('0002-PE-2013', 4)":null,"('0002-PE-2013', 5)":null,"('0002-PE-2013', 6)":null},"('Tramites', 'C\u00c1MARA')":{"('0002-PE-2013', 0)":"Diputados","('0002-PE-2013', 1)":"Diputados","('0002-PE-2013', 2)":"Diputados","('0002-PE-2013', 3)":"Senado","('0002-PE-2013', 4)":"Senado","('0002-PE-2013', 5)":"Senado","('0002-PE-2013', 6)":"Senado"},"('Tramites', 'MOVIMIENTO')":{"('0002-PE-2013', 0)":"CITACION SESION ESPECIAL","('0002-PE-2013', 1)":"CONSIDERACION Y APROBACION","('0002-PE-2013', 2)":"INSERCIONES DE LOS DIPUTADOS AGUAD, BERTOL, BIANCHI, BIELLA CALVET, BURYAILE, CARRANZA, DIAZ BANCALARI, GALLARDO, GARCIA LARRABURU, GARRIDO, PARADA, PUIGGROS, SCHMIDT LIERMANN, SIMONCINI, VILARI\u00d1O Y VILLA","('0002-PE-2013', 3)":"PASA A SENADO -","('0002-PE-2013', 4)":"CITACION SESION ESPECIAL","('0002-PE-2013', 5)":"CONSIDERACION Y SANCION","('0002-PE-2013', 6)":"INSERCION"},"('Tramites', 'FECHA')":{"('0002-PE-2013', 0)":"17\/04\/2013","('0002-PE-2013', 1)":"17\/04\/2013","('0002-PE-2013', 2)":"17\/04\/2013","('0002-PE-2013', 3)":null,"('0002-PE-2013', 4)":"08\/05\/2013","('0002-PE-2013', 5)":"08\/05\/2013","('0002-PE-2013', 6)":"08\/05\/2013"},"('Tramites', 'RESULTADO')":{"('0002-PE-2013', 0)":null,"('0002-PE-2013', 1)":"MEDIA SANCION","('0002-PE-2013', 2)":null,"('0002-PE-2013', 3)":null,"('0002-PE-2013', 4)":null,"('0002-PE-2013', 5)":"SANCIONADO","('0002-PE-2013', 6)":null},"Sumario":{"('0002-PE-2013', 0)":"FUNCIONARIOS COMPRENDIDOS; ANEXO RESERVADO; PUBLICACION EN EL SITIO DE INTERNET DE LA OFICINA ANTICORRUPCION DEL MINISTERIO DE JUSTICIA Y DERECHOS HUMANOS; DEROGACION DEL CAPITULO VIII (COMISION NACIONAL DE ETICA PUBLICA) DE LA LEY 25188.","('0002-PE-2013', 1)":null,"('0002-PE-2013', 2)":null,"('0002-PE-2013', 3)":null,"('0002-PE-2013', 4)":null,"('0002-PE-2013', 5)":null,"('0002-PE-2013', 6)":null},"Palabra Clave":{"('0002-PE-2013', 0)":" ","('0002-PE-2013', 1)":null,"('0002-PE-2013', 2)":null,"('0002-PE-2013', 3)":null,"('0002-PE-2013', 4)":null,"('0002-PE-2013', 5)":null,"('0002-PE-2013', 6)":null}}