{"Tipo de Proyecto":{"('0003-D-2013', 0)":"PROYECTO DE LEY","('0003-D-2013', 1)":null,"('0003-D-2013', 2)":null},"Iniciado en: ":{"('0003-D-2013', 0)":"Diputados","('0003-D-2013', 1)":null,"('0003-D-2013', 2)":null},"Expediente Diputados: ":{"('0003-D-2013', 0)":"0003-D-2013","('0003-D-2013', 1)":null,"('0003-D-2013', 2)":null},"Publicado en: ":{"('0003-D-2013', 0)":"Tr\u00e1mite Parlamentario N\u00b0 1","('0003-D-2013', 1)":null,"('0003-D-2013', 2)":null},"Fecha: ":{"('0003-D-2013', 0)":"04\/03\/2013","('0003-D-2013', 1)":null,"('0003-D-2013', 2)":null},"T\u00edtulo":{"('0003-D-2013', 0)":"JUICIO POR JURADOS.","('0003-D-2013', 1)":null,"('0003-D-2013', 2)":null},"('Firmantes', 'FIRMANTE')":{"('0003-D-2013', 0)":"BERTOL, PAULA MARIA","('0003-D-2013', 1)":null,"('0003-D-2013', 2)":null},"('Firmantes', 'DISTRITO')":{"('0003-D-2013', 0)":"CIUDAD de BUENOS AIRES","('0003-D-2013', 1)":null,"('0003-D-2013', 2)":null},"('Firmantes', 'BLOQUE')":{"('0003-D-2013', 0)":"PRO","('0003-D-2013', 1)":null,"('0003-D-2013', 2)":null},"('Giros', 'COMISI\u00d3N')":{"('0003-D-2013', 0)":"LEGISLACION PENAL","('0003-D-2013', 1)":"JUSTICIA","('0003-D-2013', 2)":"PRESUPUESTO Y HACIENDA"},"Sumario":{"('0003-D-2013', 0)":"GENERALIDADES; COMPETENCIA; OPCION; JURADO: COMPOSICION, REQUISITOS, INCOMPATIBILIDADES, PROHIBICIONES; JURADOS; CONVOCATORIA, CITACION, AUDIENCIA PRELIMINAR, EXCUSACIONES Y RECUSACIONES; INSTRUCCIONES DEL JUEZ, SANCIONES, DEBATE, OBLIGACIONES DE LOS JURADOS, OFRECIMIENTO DE PRUEBA, GRABACION DEL DEBATE; ALEGATOS, PROHIBICIONES, VEREDICTO, NORMAS PROCESALES, VOTACION, SENTENCIA, APELACIONES.","('0003-D-2013', 1)":null,"('0003-D-2013', 2)":null},"Palabra Clave":{"('0003-D-2013', 0)":" ","('0003-D-2013', 1)":null,"('0003-D-2013', 2)":null}}