{"Tipo de Proyecto":{"('0003-S-2013', 0)":"PROYECTO DE LEY"},"Iniciado en: ":{"('0003-S-2013', 0)":"Senado"},"Expediente Senado: ":{"('0003-S-2013', 0)":"0003-S-2013"},"Publicado en: ":{"('0003-S-2013', 0)":"Diario de Asuntos Entrados N\u00b0 1"},"Fecha: ":{"('0003-S-2013', 0)":"04\/03\/2013"},"T\u00edtulo":{"('0003-S-2013', 0)":"RESTRINGIR LA CIRCULACION DE TRANSPORTE AUTOMOTOR DE CARGAS GENERALES Y DE MERCADERIA Y RESIDUOS PELIGROSOS EN LAS RUTAS NACIONALES Y PASOS INTERNACIONALES."},"('Firmantes', 'FIRMANTE')":{"('0003-S-2013', 0)":"BERMEJO, ROLANDO ADOLFO"},"('Firmantes', 'DISTRITO')":{"('0003-S-2013', 0)":"MENDOZA"},"('Firmantes', 'BLOQUE')":{"('0003-S-2013', 0)":"FRENTE PARA LA VICTORIA - PJ"},"('Tramites', 'C\u00c1MARA')":{"('0003-S-2013', 0)":"Senado"},"('Tramites', 'MOVIMIENTO')":{"('0003-S-2013', 0)":"REPRODUCIDO POR EXPEDIENTE 0439-S-15"},"('Tramites', 'FECHA')":{"('0003-S-2013', 0)":null},"('Tramites', 'RESULTADO')":{"('0003-S-2013', 0)":null},"Link":{"('0003-S-2013', 0)":"http:\/\/www.senado.gov.ar\/parlamentario\/comisiones\/verExp\/3.13\/S\/PL"},"Palabra Clave":{"('0003-S-2013', 0)":" "}}