{"Tipo de Proyecto":{"('0003-JGM-2013', 0)":"MENSAJE NRO: 0243\/13","('0003-JGM-2013', 1)":null,"('0003-JGM-2013', 2)":null},"Iniciado en: ":{"('0003-JGM-2013', 0)":"Diputados","('0003-JGM-2013', 1)":null,"('0003-JGM-2013', 2)":null},"Expediente Diputados: ":{"('0003-JGM-2013', 0)":"0003-JGM-2013","('0003-JGM-2013', 1)":null,"('0003-JGM-2013', 2)":null},"Publicado en: ":{"('0003-JGM-2013', 0)":"Tr\u00e1mite Parlamentario N\u00b0 52","('0003-JGM-2013', 1)":null,"('0003-JGM-2013', 2)":null},"Fecha: ":{"('0003-JGM-2013', 0)":"20\/05\/2013","('0003-JGM-2013', 1)":null,"('0003-JGM-2013', 2)":null},"T\u00edtulo":{"('0003-JGM-2013', 0)":"COMUNICACION DEL DECRETO DE NECESIDAD Y URGENCIA 516\/13 POR EL CUAL SE CREA EL FIDEICOMISO PARA TRANSFERIR A LOS PRODUCTORES LOS RECURSOS OBTENIDOS COMO CONSECUENCIA DE LOS DERECHOS DE EXPORTACION DE TRIGO Y SUS DERIVADOS.","('0003-JGM-2013', 1)":null,"('0003-JGM-2013', 2)":null},"('Firmantes', 'FIRMANTE')":{"('0003-JGM-2013', 0)":"ABAL MEDINA, JUAN MANUEL","('0003-JGM-2013', 1)":"LORENZINO, HERNAN","('0003-JGM-2013', 2)":null},"('Firmantes', 'DISTRITO')":{"('0003-JGM-2013', 0)":null,"('0003-JGM-2013', 1)":null,"('0003-JGM-2013', 2)":null},"('Firmantes', 'BLOQUE')":{"('0003-JGM-2013', 0)":"PODER EJECUTIVO","('0003-JGM-2013', 1)":"PODER EJECUTIVO","('0003-JGM-2013', 2)":null},"('Giros', 'COMISI\u00d3N')":{"('0003-JGM-2013', 0)":"BICAMERAL PERMANENTE DE TRAMITE LEGISLATIVO - LEY 26122","('0003-JGM-2013', 1)":null,"('0003-JGM-2013', 2)":null},"('Tramites', 'C\u00c1MARA')":{"('0003-JGM-2013', 0)":"Diputados","('0003-JGM-2013', 1)":"Diputados","('0003-JGM-2013', 2)":"Diputados"},"('Tramites', 'MOVIMIENTO')":{"('0003-JGM-2013', 0)":"CONSIDERACION Y APROBACION (VOTACION NOMINAL)","('0003-JGM-2013', 1)":"INSERCIONES DE LOS DIPUTADOS BULLRICH Y RE","('0003-JGM-2013', 2)":"VER TRAMITE DEL DECRETO EN SENADO EN EXPEDIENTE 2358-S-2013."},"('Tramites', 'FECHA')":{"('0003-JGM-2013', 0)":"03\/07\/2013","('0003-JGM-2013', 1)":"03\/07\/2013","('0003-JGM-2013', 2)":null},"('Tramites', 'RESULTADO')":{"('0003-JGM-2013', 0)":"APROBADO","('0003-JGM-2013', 1)":null,"('0003-JGM-2013', 2)":null},"Palabra Clave":{"('0003-JGM-2013', 0)":" ","('0003-JGM-2013', 1)":null,"('0003-JGM-2013', 2)":null}}