{"Tipo de Proyecto":{"('0003-PE-2013', 0)":"MENSAJE NRO: 0374\/13 Y PROYECTO DE LEY","('0003-PE-2013', 1)":null,"('0003-PE-2013', 2)":null,"('0003-PE-2013', 3)":null,"('0003-PE-2013', 4)":null,"('0003-PE-2013', 5)":null,"('0003-PE-2013', 6)":null},"Iniciado en: ":{"('0003-PE-2013', 0)":"Diputados","('0003-PE-2013', 1)":null,"('0003-PE-2013', 2)":null,"('0003-PE-2013', 3)":null,"('0003-PE-2013', 4)":null,"('0003-PE-2013', 5)":null,"('0003-PE-2013', 6)":null},"Expediente Diputados: ":{"('0003-PE-2013', 0)":"0003-PE-2013","('0003-PE-2013', 1)":null,"('0003-PE-2013', 2)":null,"('0003-PE-2013', 3)":null,"('0003-PE-2013', 4)":null,"('0003-PE-2013', 5)":null,"('0003-PE-2013', 6)":null},"Expediente Senado: ":{"('0003-PE-2013', 0)":"0005-CD-2013","('0003-PE-2013', 1)":null,"('0003-PE-2013', 2)":null,"('0003-PE-2013', 3)":null,"('0003-PE-2013', 4)":null,"('0003-PE-2013', 5)":null,"('0003-PE-2013', 6)":null},"Publicado en: ":{"('0003-PE-2013', 0)":"Tr\u00e1mite Parlamentario N\u00b0 23","('0003-PE-2013', 1)":null,"('0003-PE-2013', 2)":null,"('0003-PE-2013', 3)":null,"('0003-PE-2013', 4)":null,"('0003-PE-2013', 5)":null,"('0003-PE-2013', 6)":null},"Fecha: ":{"('0003-PE-2013', 0)":"08\/04\/2013","('0003-PE-2013', 1)":null,"('0003-PE-2013', 2)":null,"('0003-PE-2013', 3)":null,"('0003-PE-2013', 4)":null,"('0003-PE-2013', 5)":null,"('0003-PE-2013', 6)":null},"T\u00edtulo":{"('0003-PE-2013', 0)":"DISPONER LA OBLIGATORIEDAD DE PUBLICAR POR INTERNET TODAS LAS DECISIONES EMANADAS DE LA CORTE SUPREMA DE JUSTICIA DE LA NACION, LOS TRIBUNALES DE SEGUNDA INSTANCIA EN LO FEDERAL DE TODO EL PAIS, INCLUIDA LA CAPITAL FEDERAL Y LA CAMARA NACIONAL DE APELACIONES DE ESTA ULTIMA JURISDICCION.","('0003-PE-2013', 1)":null,"('0003-PE-2013', 2)":null,"('0003-PE-2013', 3)":null,"('0003-PE-2013', 4)":null,"('0003-PE-2013', 5)":null,"('0003-PE-2013', 6)":null},"('Firmantes', 'FIRMANTE')":{"('0003-PE-2013', 0)":"FERNANDEZ DE KIRCHNER, CRISTINA","('0003-PE-2013', 1)":"ABAL MEDINA, JUAN MANUEL","('0003-PE-2013', 2)":"ALAK, JULIO","('0003-PE-2013', 3)":null,"('0003-PE-2013', 4)":null,"('0003-PE-2013', 5)":null,"('0003-PE-2013', 6)":null},"('Firmantes', 'DISTRITO')":{"('0003-PE-2013', 0)":null,"('0003-PE-2013', 1)":null,"('0003-PE-2013', 2)":null,"('0003-PE-2013', 3)":null,"('0003-PE-2013', 4)":null,"('0003-PE-2013', 5)":null,"('0003-PE-2013', 6)":null},"('Firmantes', 'BLOQUE')":{"('0003-PE-2013', 0)":"PODER EJECUTIVO","('0003-PE-2013', 1)":"PODER EJECUTIVO","('0003-PE-2013', 2)":"PODER EJECUTIVO","('0003-PE-2013', 3)":null,"('0003-PE-2013', 4)":null,"('0003-PE-2013', 5)":null,"('0003-PE-2013', 6)":null},"('Giros', 'COMISI\u00d3N')":{"('0003-PE-2013', 0)":"ASUNTOS CONSTITUCIONALES","('0003-PE-2013', 1)":"JUSTICIA","('0003-PE-2013', 2)":null,"('0003-PE-2013', 3)":null,"('0003-PE-2013', 4)":null,"('0003-PE-2013', 5)":null,"('0003-PE-2013', 6)":null},"('Tramites', 'C\u00c1MARA')":{"('0003-PE-2013', 0)":"Diputados","('0003-PE-2013', 1)":"Diputados","('0003-PE-2013', 2)":"Diputados","('0003-PE-2013', 3)":"Senado","('0003-PE-2013', 4)":"Senado","('0003-PE-2013', 5)":"Senado","('0003-PE-2013', 6)":"Senado"},"('Tramites', 'MOVIMIENTO')":{"('0003-PE-2013', 0)":"CITACION SESION ESPECIAL","('0003-PE-2013', 1)":"CONSIDERACION Y APROBACION","('0003-PE-2013', 2)":"INSERCIONES DE LOS DIPUTADOS AGUAD, BIANCHI, BIELLA CALVET, BURYAILE, CARRANZA, DIAZ BANCALARI, GALLARDO, GARCIA LARRABURU, GARRIDO, PARADA, PUIGGROS, SCHMIDT LIERMANN, SIMONCINI, VILARI\u00d1O Y VILLA","('0003-PE-2013', 3)":"PASA A SENADO -","('0003-PE-2013', 4)":"CITACION SESION ESPECIAL","('0003-PE-2013', 5)":"CONSIDERACION Y SANCION","('0003-PE-2013', 6)":"INSERCIONES"},"('Tramites', 'FECHA')":{"('0003-PE-2013', 0)":"17\/04\/2013","('0003-PE-2013', 1)":"17\/04\/2013","('0003-PE-2013', 2)":"17\/04\/2013","('0003-PE-2013', 3)":null,"('0003-PE-2013', 4)":"08\/05\/2013","('0003-PE-2013', 5)":"08\/05\/2013","('0003-PE-2013', 6)":"08\/05\/2013"},"('Tramites', 'RESULTADO')":{"('0003-PE-2013', 0)":null,"('0003-PE-2013', 1)":"MEDIA SANCION","('0003-PE-2013', 2)":null,"('0003-PE-2013', 3)":null,"('0003-PE-2013', 4)":null,"('0003-PE-2013', 5)":"SANCIONADO","('0003-PE-2013', 6)":null},"Sumario":{"('0003-PE-2013', 0)":"PUBLICACION DE UNA LISTA CON LA TOTALIDAD DE LAS CAUSAS QUE SE ENCUENTRAN EN TRAMITE; PUBLICACION A TRAVES DE UN DIARIO JUDICIAL EN FORMATO DIGITAL DE ACCESO AL PUBLICO EN FORMA GRATUITA.","('0003-PE-2013', 1)":null,"('0003-PE-2013', 2)":null,"('0003-PE-2013', 3)":null,"('0003-PE-2013', 4)":null,"('0003-PE-2013', 5)":null,"('0003-PE-2013', 6)":null},"Palabra Clave":{"('0003-PE-2013', 0)":" ","('0003-PE-2013', 1)":null,"('0003-PE-2013', 2)":null,"('0003-PE-2013', 3)":null,"('0003-PE-2013', 4)":null,"('0003-PE-2013', 5)":null,"('0003-PE-2013', 6)":null}}