{"Tipo de Proyecto":{"('0004-D-2013', 0)":"PROYECTO DE LEY","('0004-D-2013', 1)":null},"Iniciado en: ":{"('0004-D-2013', 0)":"Diputados","('0004-D-2013', 1)":null},"Expediente Diputados: ":{"('0004-D-2013', 0)":"0004-D-2013","('0004-D-2013', 1)":null},"Publicado en: ":{"('0004-D-2013', 0)":"Tr\u00e1mite Parlamentario N\u00b0 1","('0004-D-2013', 1)":null},"Fecha: ":{"('0004-D-2013', 0)":"04\/03\/2013","('0004-D-2013', 1)":null},"T\u00edtulo":{"('0004-D-2013', 0)":"RESPONSABILIDAD CIVIL POR EXPENDIO DE BEBIDAS ALCOHOLICAS EN LOCALES DE DIVERSION Y ESPECTACULOS CON ACCESO PUBLICO.","('0004-D-2013', 1)":null},"('Firmantes', 'FIRMANTE')":{"('0004-D-2013', 0)":"BERTOL, PAULA MARIA","('0004-D-2013', 1)":null},"('Firmantes', 'DISTRITO')":{"('0004-D-2013', 0)":"CIUDAD de BUENOS AIRES","('0004-D-2013', 1)":null},"('Firmantes', 'BLOQUE')":{"('0004-D-2013', 0)":"PRO","('0004-D-2013', 1)":null},"('Giros', 'COMISI\u00d3N')":{"('0004-D-2013', 0)":"LEGISLACION GENERAL","('0004-D-2013', 1)":"COMERCIO"},"Link":{"('0004-D-2013', 0)":"https:\/\/www.hcdn.gob.ar\/proyectos\/textoCompleto.jsp?exp=0004-D-2013&tipo=LEY","('0004-D-2013', 1)":null},"Palabra Clave":{"('0004-D-2013', 0)":" ","('0004-D-2013', 1)":null}}