{"Tipo de Proyecto":{"('0004-PE-2013', 0)":"MENSAJE NRO: 0932\/13 Y PROYECTO DE LEY","('0004-PE-2013', 1)":null,"('0004-PE-2013', 2)":null,"('0004-PE-2013', 3)":null},"Iniciado en: ":{"('0004-PE-2013', 0)":"Diputados","('0004-PE-2013', 1)":null,"('0004-PE-2013', 2)":null,"('0004-PE-2013', 3)":null},"Expediente Diputados: ":{"('0004-PE-2013', 0)":"0004-PE-2013","('0004-PE-2013', 1)":null,"('0004-PE-2013', 2)":null,"('0004-PE-2013', 3)":null},"Expediente Senado: ":{"('0004-PE-2013', 0)":"0069-CD-2013","('0004-PE-2013', 1)":null,"('0004-PE-2013', 2)":null,"('0004-PE-2013', 3)":null},"Publicado en: ":{"('0004-PE-2013', 0)":"Tr\u00e1mite Parlamentario N\u00b0 90","('0004-PE-2013', 1)":null,"('0004-PE-2013', 2)":null,"('0004-PE-2013', 3)":null},"Fecha: ":{"('0004-PE-2013', 0)":"16\/07\/2013","('0004-PE-2013', 1)":null,"('0004-PE-2013', 2)":null,"('0004-PE-2013', 3)":null},"T\u00edtulo":{"('0004-PE-2013', 0)":"ESTABLECER QUE LAS TRADUCCIONES Y ADAPTACIONES DE OBRAS TEATRALES DE AUTOR EXTRANJERO REALIZADAS POR TRADUCTORES Y\/O ADAPTADORES ARGENTINOS O EXTRANJEROS, CON NO MENOS DE CINCO A\u00d1OS DE RESIDENCIA EN EL PAIS, DEBERAN ENTENDERSE COMO OBRAS TEATRALES DE AUTOR NACIONAL. ","('0004-PE-2013', 1)":null,"('0004-PE-2013', 2)":null,"('0004-PE-2013', 3)":null},"('Firmantes', 'FIRMANTE')":{"('0004-PE-2013', 0)":"FERNANDEZ DE KIRCHNER, CRISTINA","('0004-PE-2013', 1)":"ABAL MEDINA, JUAN MANUEL","('0004-PE-2013', 2)":"LORENZINO, HERNAN","('0004-PE-2013', 3)":null},"('Firmantes', 'DISTRITO')":{"('0004-PE-2013', 0)":null,"('0004-PE-2013', 1)":null,"('0004-PE-2013', 2)":null,"('0004-PE-2013', 3)":null},"('Firmantes', 'BLOQUE')":{"('0004-PE-2013', 0)":"PODER EJECUTIVO","('0004-PE-2013', 1)":"PODER EJECUTIVO","('0004-PE-2013', 2)":"PODER EJECUTIVO","('0004-PE-2013', 3)":null},"('Giros', 'COMISI\u00d3N')":{"('0004-PE-2013', 0)":"CULTURA","('0004-PE-2013', 1)":"PRESUPUESTO Y HACIENDA","('0004-PE-2013', 2)":null,"('0004-PE-2013', 3)":null},"('Tramites', 'C\u00c1MARA')":{"('0004-PE-2013', 0)":"Diputados","('0004-PE-2013', 1)":"Senado","('0004-PE-2013', 2)":"Senado","('0004-PE-2013', 3)":"Senado"},"('Tramites', 'MOVIMIENTO')":{"('0004-PE-2013', 0)":"CONSIDERACION Y APROBACION","('0004-PE-2013', 1)":"PASA A SENADO -","('0004-PE-2013', 2)":"VUELVE A COMISION","('0004-PE-2013', 3)":"CONSIDERACION Y SANCION"},"('Tramites', 'FECHA')":{"('0004-PE-2013', 0)":"27\/11\/2013","('0004-PE-2013', 1)":null,"('0004-PE-2013', 2)":"02\/07\/2014","('0004-PE-2013', 3)":"10\/12\/2014"},"('Tramites', 'RESULTADO')":{"('0004-PE-2013', 0)":"MEDIA SANCION","('0004-PE-2013', 1)":null,"('0004-PE-2013', 2)":null,"('0004-PE-2013', 3)":"SANCIONADO"},"Sumario":{"('0004-PE-2013', 0)":"A LOS FINES DEL ALCANCE DEL DECRETO LEY 1251\/1958, MODIFICADO POR DECRETO LEY 6066\/1958 Y RATIFICADOS POR LEY 14467.","('0004-PE-2013', 1)":null,"('0004-PE-2013', 2)":null,"('0004-PE-2013', 3)":null},"Palabra Clave":{"('0004-PE-2013', 0)":" ","('0004-PE-2013', 1)":null,"('0004-PE-2013', 2)":null,"('0004-PE-2013', 3)":null}}