{"Tipo de Proyecto":{"('0006-PE-2013', 0)":"MENSAJE NRO: 1339\/13 Y PROYECTO DE LEY","('0006-PE-2013', 1)":null,"('0006-PE-2013', 2)":null,"('0006-PE-2013', 3)":null,"('0006-PE-2013', 4)":null},"Iniciado en: ":{"('0006-PE-2013', 0)":"Diputados","('0006-PE-2013', 1)":null,"('0006-PE-2013', 2)":null,"('0006-PE-2013', 3)":null,"('0006-PE-2013', 4)":null},"Expediente Diputados: ":{"('0006-PE-2013', 0)":"0006-PE-2013","('0006-PE-2013', 1)":null,"('0006-PE-2013', 2)":null,"('0006-PE-2013', 3)":null,"('0006-PE-2013', 4)":null},"Expediente Senado: ":{"('0006-PE-2013', 0)":"0059-CD-2013","('0006-PE-2013', 1)":null,"('0006-PE-2013', 2)":null,"('0006-PE-2013', 3)":null,"('0006-PE-2013', 4)":null},"Publicado en: ":{"('0006-PE-2013', 0)":"Tr\u00e1mite Parlamentario N\u00b0 132","('0006-PE-2013', 1)":null,"('0006-PE-2013', 2)":null,"('0006-PE-2013', 3)":null,"('0006-PE-2013', 4)":null},"Fecha: ":{"('0006-PE-2013', 0)":"12\/09\/2013","('0006-PE-2013', 1)":null,"('0006-PE-2013', 2)":null,"('0006-PE-2013', 3)":null,"('0006-PE-2013', 4)":null},"T\u00edtulo":{"('0006-PE-2013', 0)":"AUTORIZAR A LA SE\u00d1ORA PRESIDENTA DE LA NACION, DOCTORA CRISTINA FERNANDEZ DE KIRCHNER, PARA AUSENTARSE DEL PAIS DURANTE EL A\u00d1O 2014.","('0006-PE-2013', 1)":null,"('0006-PE-2013', 2)":null,"('0006-PE-2013', 3)":null,"('0006-PE-2013', 4)":null},"('Firmantes', 'FIRMANTE')":{"('0006-PE-2013', 0)":"FERNANDEZ DE KIRCHNER, CRISTINA","('0006-PE-2013', 1)":"ABAL MEDINA, JUAN MANUEL","('0006-PE-2013', 2)":"RANDAZZO, FLORENCIO","('0006-PE-2013', 3)":null,"('0006-PE-2013', 4)":null},"('Firmantes', 'DISTRITO')":{"('0006-PE-2013', 0)":null,"('0006-PE-2013', 1)":null,"('0006-PE-2013', 2)":null,"('0006-PE-2013', 3)":null,"('0006-PE-2013', 4)":null},"('Firmantes', 'BLOQUE')":{"('0006-PE-2013', 0)":"PODER EJECUTIVO","('0006-PE-2013', 1)":"PODER EJECUTIVO","('0006-PE-2013', 2)":"PODER EJECUTIVO","('0006-PE-2013', 3)":null,"('0006-PE-2013', 4)":null},"('Giros', 'COMISI\u00d3N')":{"('0006-PE-2013', 0)":"ASUNTOS CONSTITUCIONALES","('0006-PE-2013', 1)":null,"('0006-PE-2013', 2)":null,"('0006-PE-2013', 3)":null,"('0006-PE-2013', 4)":null},"('Tramites', 'C\u00c1MARA')":{"('0006-PE-2013', 0)":"Diputados","('0006-PE-2013', 1)":"Diputados","('0006-PE-2013', 2)":"Senado","('0006-PE-2013', 3)":"Senado","('0006-PE-2013', 4)":"Senado"},"('Tramites', 'MOVIMIENTO')":{"('0006-PE-2013', 0)":"CITACION SESION ESPECIAL","('0006-PE-2013', 1)":"CONSIDERACION Y APROBACION","('0006-PE-2013', 2)":"PASA A SENADO -","('0006-PE-2013', 3)":"CITACION SESION ESPECIAL","('0006-PE-2013', 4)":"CONSIDERACION Y SANCION"},"('Tramites', 'FECHA')":{"('0006-PE-2013', 0)":"25\/09\/2013","('0006-PE-2013', 1)":"25\/09\/2013","('0006-PE-2013', 2)":null,"('0006-PE-2013', 3)":"09\/10\/2013","('0006-PE-2013', 4)":"09\/10\/2013"},"('Tramites', 'RESULTADO')":{"('0006-PE-2013', 0)":null,"('0006-PE-2013', 1)":"MEDIA SANCION","('0006-PE-2013', 2)":null,"('0006-PE-2013', 3)":null,"('0006-PE-2013', 4)":"SANCIONADO"},"Link":{"('0006-PE-2013', 0)":"http:\/\/www.senado.gov.ar\/web\/proyectos\/verExpe.php?origen=CD&nro_comision=&tipo=PL&numexp=59\/13&tConsulta=4","('0006-PE-2013', 1)":null,"('0006-PE-2013', 2)":null,"('0006-PE-2013', 3)":null,"('0006-PE-2013', 4)":null},"Palabra Clave":{"('0006-PE-2013', 0)":" ","('0006-PE-2013', 1)":null,"('0006-PE-2013', 2)":null,"('0006-PE-2013', 3)":null,"('0006-PE-2013', 4)":null}}