{"Tipo de Proyecto":{"('0006-D-2013', 0)":"PROYECTO DE LEY","('0006-D-2013', 1)":null},"Iniciado en: ":{"('0006-D-2013', 0)":"Diputados","('0006-D-2013', 1)":null},"Expediente Diputados: ":{"('0006-D-2013', 0)":"0006-D-2013","('0006-D-2013', 1)":null},"Publicado en: ":{"('0006-D-2013', 0)":"Tr\u00e1mite Parlamentario N\u00b0 1","('0006-D-2013', 1)":null},"Fecha: ":{"('0006-D-2013', 0)":"04\/03\/2013","('0006-D-2013', 1)":null},"T\u00edtulo":{"('0006-D-2013', 0)":"TRANSITO (LEY 24449): MODIFICACION DEL ARTICULO 48, SOBRE PROHIBICION DE CONDUCIR CON ALCOHOL EN SANGRE.","('0006-D-2013', 1)":null},"('Firmantes', 'FIRMANTE')":{"('0006-D-2013', 0)":"BERTOL, PAULA MARIA","('0006-D-2013', 1)":"GONZALEZ, GLADYS ESTHER"},"('Firmantes', 'DISTRITO')":{"('0006-D-2013', 0)":"CIUDAD de BUENOS AIRES","('0006-D-2013', 1)":"BUENOS AIRES"},"('Firmantes', 'BLOQUE')":{"('0006-D-2013', 0)":"PRO","('0006-D-2013', 1)":"PRO"},"('Giros', 'COMISI\u00d3N')":{"('0006-D-2013', 0)":"TRANSPORTES","('0006-D-2013', 1)":"PREVENCION DE ADICCIONES Y CONTROL DEL NARCOTRAFICO"},"('Tramites', 'C\u00c1MARA')":{"('0006-D-2013', 0)":"Diputados","('0006-D-2013', 1)":null},"('Tramites', 'MOVIMIENTO')":{"('0006-D-2013', 0)":"SOLICITUD DE SER COFIRMANTE DE AL DIPUTADA GONZALEZ GLADYS (A SUS ANTECEDENTES)","('0006-D-2013', 1)":null},"('Tramites', 'FECHA')":{"('0006-D-2013', 0)":null,"('0006-D-2013', 1)":null},"('Tramites', 'RESULTADO')":{"('0006-D-2013', 0)":null,"('0006-D-2013', 1)":null},"Link":{"('0006-D-2013', 0)":"https:\/\/www.hcdn.gob.ar\/proyectos\/textoCompleto.jsp?exp=0006-D-2013&tipo=LEY","('0006-D-2013', 1)":null},"Palabra Clave":{"('0006-D-2013', 0)":" ","('0006-D-2013', 1)":null}}