{"Tipo de Proyecto":{"('0006-S-2013', 0)":"PROYECTO DE DECLARACI\u00d3N"},"Iniciado en: ":{"('0006-S-2013', 0)":"Senado"},"Expediente Senado: ":{"('0006-S-2013', 0)":"0006-S-2013"},"Publicado en: ":{"('0006-S-2013', 0)":"Diario de Asuntos Entrados N\u00b0 1"},"Fecha: ":{"('0006-S-2013', 0)":"04\/03\/2013"},"T\u00edtulo":{"('0006-S-2013', 0)":"DECLARAR DE INTERES LA FERIA CREATIVA \"DEJAVU\" A REALIZARSE LOS DIAS 9 Y 10 DE MARZO DE 2013, EN LA PLAZA DEPARTAMENTAL 12 DE FEBRERO DE MAIPU, PROVINCIA DE MENDOZA. "},"('Firmantes', 'FIRMANTE')":{"('0006-S-2013', 0)":"BERMEJO, ROLANDO ADOLFO"},"('Firmantes', 'DISTRITO')":{"('0006-S-2013', 0)":"MENDOZA"},"('Firmantes', 'BLOQUE')":{"('0006-S-2013', 0)":"FRENTE PARA LA VICTORIA - PJ"},"('Tramites', 'C\u00c1MARA')":{"('0006-S-2013', 0)":"Senado"},"('Tramites', 'MOVIMIENTO')":{"('0006-S-2013', 0)":"CONSIDERACION Y APROBACION"},"('Tramites', 'FECHA')":{"('0006-S-2013', 0)":"05\/06\/2013"},"('Tramites', 'RESULTADO')":{"('0006-S-2013', 0)":"APROBADO"},"Link":{"('0006-S-2013', 0)":"http:\/\/www.senado.gov.ar\/parlamentario\/comisiones\/verExp\/6.13\/S\/PD"},"Palabra Clave":{"('0006-S-2013', 0)":" "}}