{"Tipo de Proyecto":{"('0007-PE-2013', 0)":"MENSAJE NRO: 1366\/13 Y PROYECTO DE LEY","('0007-PE-2013', 1)":null,"('0007-PE-2013', 2)":null,"('0007-PE-2013', 3)":null,"('0007-PE-2013', 4)":null,"('0007-PE-2013', 5)":null,"('0007-PE-2013', 6)":null},"Iniciado en: ":{"('0007-PE-2013', 0)":"Diputados","('0007-PE-2013', 1)":null,"('0007-PE-2013', 2)":null,"('0007-PE-2013', 3)":null,"('0007-PE-2013', 4)":null,"('0007-PE-2013', 5)":null,"('0007-PE-2013', 6)":null},"Expediente Diputados: ":{"('0007-PE-2013', 0)":"0007-PE-2013","('0007-PE-2013', 1)":null,"('0007-PE-2013', 2)":null,"('0007-PE-2013', 3)":null,"('0007-PE-2013', 4)":null,"('0007-PE-2013', 5)":null,"('0007-PE-2013', 6)":null},"Expediente Senado: ":{"('0007-PE-2013', 0)":"0057-CD-2013","('0007-PE-2013', 1)":null,"('0007-PE-2013', 2)":null,"('0007-PE-2013', 3)":null,"('0007-PE-2013', 4)":null,"('0007-PE-2013', 5)":null,"('0007-PE-2013', 6)":null},"Publicado en: ":{"('0007-PE-2013', 0)":"Tr\u00e1mite Parlamentario N\u00b0 132","('0007-PE-2013', 1)":null,"('0007-PE-2013', 2)":null,"('0007-PE-2013', 3)":null,"('0007-PE-2013', 4)":null,"('0007-PE-2013', 5)":null,"('0007-PE-2013', 6)":null},"Fecha: ":{"('0007-PE-2013', 0)":"12\/09\/2013","('0007-PE-2013', 1)":null,"('0007-PE-2013', 2)":null,"('0007-PE-2013', 3)":null,"('0007-PE-2013', 4)":null,"('0007-PE-2013', 5)":null,"('0007-PE-2013', 6)":null},"T\u00edtulo":{"('0007-PE-2013', 0)":"PRORROGAR A HASTA EL 31 DE DICIEMBRE DE 2015 LA VIGENCIA DE LA LEY 26204, PRORROGADA POR SUS SIMILARES 26339, 26456, 26563 Y 26729. ","('0007-PE-2013', 1)":null,"('0007-PE-2013', 2)":null,"('0007-PE-2013', 3)":null,"('0007-PE-2013', 4)":null,"('0007-PE-2013', 5)":null,"('0007-PE-2013', 6)":null},"('Firmantes', 'FIRMANTE')":{"('0007-PE-2013', 0)":"FERNANDEZ DE KIRCHNER, CRISTINA","('0007-PE-2013', 1)":"ABAL MEDINA, JUAN MANUEL","('0007-PE-2013', 2)":"LORENZINO, HERNAN","('0007-PE-2013', 3)":null,"('0007-PE-2013', 4)":null,"('0007-PE-2013', 5)":null,"('0007-PE-2013', 6)":null},"('Firmantes', 'DISTRITO')":{"('0007-PE-2013', 0)":null,"('0007-PE-2013', 1)":null,"('0007-PE-2013', 2)":null,"('0007-PE-2013', 3)":null,"('0007-PE-2013', 4)":null,"('0007-PE-2013', 5)":null,"('0007-PE-2013', 6)":null},"('Firmantes', 'BLOQUE')":{"('0007-PE-2013', 0)":"PODER EJECUTIVO","('0007-PE-2013', 1)":"PODER EJECUTIVO","('0007-PE-2013', 2)":"PODER EJECUTIVO","('0007-PE-2013', 3)":null,"('0007-PE-2013', 4)":null,"('0007-PE-2013', 5)":null,"('0007-PE-2013', 6)":null},"('Giros', 'COMISI\u00d3N')":{"('0007-PE-2013', 0)":"PRESUPUESTO Y HACIENDA","('0007-PE-2013', 1)":null,"('0007-PE-2013', 2)":null,"('0007-PE-2013', 3)":null,"('0007-PE-2013', 4)":null,"('0007-PE-2013', 5)":null,"('0007-PE-2013', 6)":null},"('Tramites', 'C\u00c1MARA')":{"('0007-PE-2013', 0)":"Diputados","('0007-PE-2013', 1)":"Diputados","('0007-PE-2013', 2)":"Diputados","('0007-PE-2013', 3)":"Senado","('0007-PE-2013', 4)":"Senado","('0007-PE-2013', 5)":"Senado","('0007-PE-2013', 6)":"Senado"},"('Tramites', 'MOVIMIENTO')":{"('0007-PE-2013', 0)":"CITACION SESION ESPECIAL","('0007-PE-2013', 1)":"CONSIDERACION Y APROBACION","('0007-PE-2013', 2)":"INSERCIONES","('0007-PE-2013', 3)":"PASA A SENADO -","('0007-PE-2013', 4)":"CITACION SESION ESPECIAL","('0007-PE-2013', 5)":"CONSIDERACION Y SANCION","('0007-PE-2013', 6)":"INSERCIONES"},"('Tramites', 'FECHA')":{"('0007-PE-2013', 0)":"25\/09\/2013","('0007-PE-2013', 1)":"25\/09\/2013","('0007-PE-2013', 2)":"25\/09\/2013","('0007-PE-2013', 3)":null,"('0007-PE-2013', 4)":"09\/10\/2013","('0007-PE-2013', 5)":"09\/10\/2013","('0007-PE-2013', 6)":"09\/10\/2013"},"('Tramites', 'RESULTADO')":{"('0007-PE-2013', 0)":null,"('0007-PE-2013', 1)":"MEDIA SANCION","('0007-PE-2013', 2)":null,"('0007-PE-2013', 3)":null,"('0007-PE-2013', 4)":null,"('0007-PE-2013', 5)":"SANCIONADO","('0007-PE-2013', 6)":null},"Sumario":{"('0007-PE-2013', 0)":"VIGENCIA: A PARTIR DEL 1 DE ENERO DE 2014.","('0007-PE-2013', 1)":null,"('0007-PE-2013', 2)":null,"('0007-PE-2013', 3)":null,"('0007-PE-2013', 4)":null,"('0007-PE-2013', 5)":null,"('0007-PE-2013', 6)":null},"Palabra Clave":{"('0007-PE-2013', 0)":" ","('0007-PE-2013', 1)":null,"('0007-PE-2013', 2)":null,"('0007-PE-2013', 3)":null,"('0007-PE-2013', 4)":null,"('0007-PE-2013', 5)":null,"('0007-PE-2013', 6)":null}}