{"Tipo de Proyecto":{"('0008-PE-2013', 0)":"MENSAJE NRO: 1367\/13 Y PROYECTO DE LEY","('0008-PE-2013', 1)":null,"('0008-PE-2013', 2)":null,"('0008-PE-2013', 3)":null,"('0008-PE-2013', 4)":null,"('0008-PE-2013', 5)":null,"('0008-PE-2013', 6)":null},"Iniciado en: ":{"('0008-PE-2013', 0)":"Diputados","('0008-PE-2013', 1)":null,"('0008-PE-2013', 2)":null,"('0008-PE-2013', 3)":null,"('0008-PE-2013', 4)":null,"('0008-PE-2013', 5)":null,"('0008-PE-2013', 6)":null},"Expediente Diputados: ":{"('0008-PE-2013', 0)":"0008-PE-2013","('0008-PE-2013', 1)":null,"('0008-PE-2013', 2)":null,"('0008-PE-2013', 3)":null,"('0008-PE-2013', 4)":null,"('0008-PE-2013', 5)":null,"('0008-PE-2013', 6)":null},"Expediente Senado: ":{"('0008-PE-2013', 0)":"0058-CD-2013","('0008-PE-2013', 1)":null,"('0008-PE-2013', 2)":null,"('0008-PE-2013', 3)":null,"('0008-PE-2013', 4)":null,"('0008-PE-2013', 5)":null,"('0008-PE-2013', 6)":null},"Publicado en: ":{"('0008-PE-2013', 0)":"Tr\u00e1mite Parlamentario N\u00b0 132","('0008-PE-2013', 1)":null,"('0008-PE-2013', 2)":null,"('0008-PE-2013', 3)":null,"('0008-PE-2013', 4)":null,"('0008-PE-2013', 5)":null,"('0008-PE-2013', 6)":null},"Fecha: ":{"('0008-PE-2013', 0)":"12\/09\/2013","('0008-PE-2013', 1)":null,"('0008-PE-2013', 2)":null,"('0008-PE-2013', 3)":null,"('0008-PE-2013', 4)":null,"('0008-PE-2013', 5)":null,"('0008-PE-2013', 6)":null},"T\u00edtulo":{"('0008-PE-2013', 0)":"PRORROGAR HASTA EL 31 DE DICIEMBRE DE 2015 LA VIGENCIA Y LA DISTRIBUCION DEL IMPUESTO SOBRE LOS CREDITOS Y DEBITOS EN CUENTAS BANCARIAS Y OTRAS OPERATORIAS, ESTABLECIDO EN LOS ARTICULOS 1, 2, 3, 4, 5 Y 6 DE LA LEY 25413 Y SUS MODIFICACIONES, DEL REGIMEN SIMPLIFICADO PARA PEQUE\u00d1OS CONTRIBUYENTES ESTABLECIDO EN EL ANEXO DE LA LEY 24977 Y SUS MODIFICACIONES, DEL IMPUESTO ADICIONAL DE EMERGENCIA SOBRE EL PRECIO FINAL DE VENTA DE CIGARRILLOS, DISPUESTO POR LA LEY 24625 Y SUS MODIFICACIONES, Y DE LA CONTRIBUCION ESPECIAL SOBRE EL CAPITAL DE LAS COOPERATIVAS PREVISTO EN EL ARTICULO 6 DE LA LEY 23427 Y SUS MODIFICACIONES.","('0008-PE-2013', 1)":null,"('0008-PE-2013', 2)":null,"('0008-PE-2013', 3)":null,"('0008-PE-2013', 4)":null,"('0008-PE-2013', 5)":null,"('0008-PE-2013', 6)":null},"('Firmantes', 'FIRMANTE')":{"('0008-PE-2013', 0)":"FERNANDEZ DE KIRCHNER, CRISTINA","('0008-PE-2013', 1)":"ABAL MEDINA, JUAN MANUEL","('0008-PE-2013', 2)":"LORENZINO, HERNAN","('0008-PE-2013', 3)":null,"('0008-PE-2013', 4)":null,"('0008-PE-2013', 5)":null,"('0008-PE-2013', 6)":null},"('Firmantes', 'DISTRITO')":{"('0008-PE-2013', 0)":null,"('0008-PE-2013', 1)":null,"('0008-PE-2013', 2)":null,"('0008-PE-2013', 3)":null,"('0008-PE-2013', 4)":null,"('0008-PE-2013', 5)":null,"('0008-PE-2013', 6)":null},"('Firmantes', 'BLOQUE')":{"('0008-PE-2013', 0)":"PODER EJECUTIVO","('0008-PE-2013', 1)":"PODER EJECUTIVO","('0008-PE-2013', 2)":"PODER EJECUTIVO","('0008-PE-2013', 3)":null,"('0008-PE-2013', 4)":null,"('0008-PE-2013', 5)":null,"('0008-PE-2013', 6)":null},"('Giros', 'COMISI\u00d3N')":{"('0008-PE-2013', 0)":"PRESUPUESTO Y HACIENDA","('0008-PE-2013', 1)":null,"('0008-PE-2013', 2)":null,"('0008-PE-2013', 3)":null,"('0008-PE-2013', 4)":null,"('0008-PE-2013', 5)":null,"('0008-PE-2013', 6)":null},"('Tramites', 'C\u00c1MARA')":{"('0008-PE-2013', 0)":"Diputados","('0008-PE-2013', 1)":"Diputados","('0008-PE-2013', 2)":"Diputados","('0008-PE-2013', 3)":"Senado","('0008-PE-2013', 4)":"Senado","('0008-PE-2013', 5)":"Senado","('0008-PE-2013', 6)":"Senado"},"('Tramites', 'MOVIMIENTO')":{"('0008-PE-2013', 0)":"CITACION SESION ESPECIAL","('0008-PE-2013', 1)":"CONSIDERACION Y APROBACION","('0008-PE-2013', 2)":"INSERCIONES","('0008-PE-2013', 3)":"PASA A SENADO -","('0008-PE-2013', 4)":"CITACION SESION ESPECIAL","('0008-PE-2013', 5)":"CONSIDERACION Y SANCION","('0008-PE-2013', 6)":"INSERCIONES"},"('Tramites', 'FECHA')":{"('0008-PE-2013', 0)":"25\/09\/2013","('0008-PE-2013', 1)":"25\/09\/2013","('0008-PE-2013', 2)":"25\/09\/2013","('0008-PE-2013', 3)":null,"('0008-PE-2013', 4)":"09\/10\/2013","('0008-PE-2013', 5)":"09\/10\/2013","('0008-PE-2013', 6)":"09\/10\/2013"},"('Tramites', 'RESULTADO')":{"('0008-PE-2013', 0)":null,"('0008-PE-2013', 1)":"MEDIA SANCION","('0008-PE-2013', 2)":null,"('0008-PE-2013', 3)":null,"('0008-PE-2013', 4)":null,"('0008-PE-2013', 5)":"SANCIONADO","('0008-PE-2013', 6)":null},"Sumario":{"('0008-PE-2013', 0)":"MODIFICACION DEL ARTICULO 6 DE LA LEY 23427 (FONDO PARA EDUCACION Y PROMOCION COOPERATIVA).","('0008-PE-2013', 1)":null,"('0008-PE-2013', 2)":null,"('0008-PE-2013', 3)":null,"('0008-PE-2013', 4)":null,"('0008-PE-2013', 5)":null,"('0008-PE-2013', 6)":null},"Palabra Clave":{"('0008-PE-2013', 0)":" ","('0008-PE-2013', 1)":null,"('0008-PE-2013', 2)":null,"('0008-PE-2013', 3)":null,"('0008-PE-2013', 4)":null,"('0008-PE-2013', 5)":null,"('0008-PE-2013', 6)":null}}