{"Tipo de Proyecto":{"('0009-PE-2013', 0)":"MENSAJE NRO: 1780\/13 Y PROYECTO DE LEY","('0009-PE-2013', 1)":null,"('0009-PE-2013', 2)":null,"('0009-PE-2013', 3)":null,"('0009-PE-2013', 4)":null},"Iniciado en: ":{"('0009-PE-2013', 0)":"Diputados","('0009-PE-2013', 1)":null,"('0009-PE-2013', 2)":null,"('0009-PE-2013', 3)":null,"('0009-PE-2013', 4)":null},"Expediente Diputados: ":{"('0009-PE-2013', 0)":"0009-PE-2013","('0009-PE-2013', 1)":null,"('0009-PE-2013', 2)":null,"('0009-PE-2013', 3)":null,"('0009-PE-2013', 4)":null},"Expediente Senado: ":{"('0009-PE-2013', 0)":"0062-CD-2013","('0009-PE-2013', 1)":null,"('0009-PE-2013', 2)":null,"('0009-PE-2013', 3)":null,"('0009-PE-2013', 4)":null},"Publicado en: ":{"('0009-PE-2013', 0)":"Tr\u00e1mite Parlamentario N\u00b0 172","('0009-PE-2013', 1)":null,"('0009-PE-2013', 2)":null,"('0009-PE-2013', 3)":null,"('0009-PE-2013', 4)":null},"Fecha: ":{"('0009-PE-2013', 0)":"12\/11\/2013","('0009-PE-2013', 1)":null,"('0009-PE-2013', 2)":null,"('0009-PE-2013', 3)":null,"('0009-PE-2013', 4)":null},"T\u00edtulo":{"('0009-PE-2013', 0)":"REGIMEN DE RESPONSABILIDAD DEL ESTADO.","('0009-PE-2013', 1)":null,"('0009-PE-2013', 2)":null,"('0009-PE-2013', 3)":null,"('0009-PE-2013', 4)":null},"('Firmantes', 'FIRMANTE')":{"('0009-PE-2013', 0)":"BOUDOU, AMADO","('0009-PE-2013', 1)":"ABAL MEDINA, JUAN MANUEL","('0009-PE-2013', 2)":"ALAK, JULIO","('0009-PE-2013', 3)":null,"('0009-PE-2013', 4)":null},"('Firmantes', 'DISTRITO')":{"('0009-PE-2013', 0)":null,"('0009-PE-2013', 1)":null,"('0009-PE-2013', 2)":null,"('0009-PE-2013', 3)":null,"('0009-PE-2013', 4)":null},"('Firmantes', 'BLOQUE')":{"('0009-PE-2013', 0)":"PODER EJECUTIVO","('0009-PE-2013', 1)":"PODER EJECUTIVO","('0009-PE-2013', 2)":"PODER EJECUTIVO","('0009-PE-2013', 3)":null,"('0009-PE-2013', 4)":null},"('Giros', 'COMISI\u00d3N')":{"('0009-PE-2013', 0)":"ASUNTOS CONSTITUCIONALES","('0009-PE-2013', 1)":"LEGISLACION DEL TRABAJO","('0009-PE-2013', 2)":null,"('0009-PE-2013', 3)":null,"('0009-PE-2013', 4)":null},"('Tramites', 'C\u00c1MARA')":{"('0009-PE-2013', 0)":"Diputados","('0009-PE-2013', 1)":"Diputados","('0009-PE-2013', 2)":"Senado","('0009-PE-2013', 3)":"Senado","('0009-PE-2013', 4)":"Senado"},"('Tramites', 'MOVIMIENTO')":{"('0009-PE-2013', 0)":"CONSIDERACION Y APROBACION CON MODIFICACIONES","('0009-PE-2013', 1)":"INSERCIONES DE LOS DIPUTADOS CARRANZA, CARRILLO, CLERI, CONTI, DIAZ BANCALARI, GARRIDO, ORTIZ, PUIGGROS, RE, SANTILLAN, VILARI\u00d1O Y YAG\u00dcE","('0009-PE-2013', 2)":"PASA A SENADO -","('0009-PE-2013', 3)":"CONSIDERACION Y SANCION","('0009-PE-2013', 4)":"INSERCIONES DE LOS SENADORES MONLLAU, BORELLO, BASUALDO Y GUINLE"},"('Tramites', 'FECHA')":{"('0009-PE-2013', 0)":"27\/11\/2013","('0009-PE-2013', 1)":"27\/11\/2013","('0009-PE-2013', 2)":null,"('0009-PE-2013', 3)":"02\/07\/2014","('0009-PE-2013', 4)":"02\/07\/2014"},"('Tramites', 'RESULTADO')":{"('0009-PE-2013', 0)":"MEDIA SANCION","('0009-PE-2013', 1)":null,"('0009-PE-2013', 2)":null,"('0009-PE-2013', 3)":"SANCIONADO","('0009-PE-2013', 4)":null},"Sumario":{"('0009-PE-2013', 0)":"EXCEPCIONES; REQUISITOS DE LA RESPONSABILIDAD DEL ESTADO POR ACTIVIDAD E INACTIVIDAD ILEGITIMA Y LEGITIMA; PLAZOS; INVITACION A ADHERIR.","('0009-PE-2013', 1)":null,"('0009-PE-2013', 2)":null,"('0009-PE-2013', 3)":null,"('0009-PE-2013', 4)":null},"Palabra Clave":{"('0009-PE-2013', 0)":" ","('0009-PE-2013', 1)":null,"('0009-PE-2013', 2)":null,"('0009-PE-2013', 3)":null,"('0009-PE-2013', 4)":null}}