{"Tipo de Proyecto":{"('0010-S-2013', 0)":"MENSAJE NRO: 0375\/13 Y PROYECTO DE LEY","('0010-S-2013', 1)":null,"('0010-S-2013', 2)":null,"('0010-S-2013', 3)":null,"('0010-S-2013', 4)":null,"('0010-S-2013', 5)":null,"('0010-S-2013', 6)":null,"('0010-S-2013', 7)":null,"('0010-S-2013', 8)":null,"('0010-S-2013', 9)":null,"('0010-S-2013', 10)":null},"Iniciado en: ":{"('0010-S-2013', 0)":"Senado","('0010-S-2013', 1)":null,"('0010-S-2013', 2)":null,"('0010-S-2013', 3)":null,"('0010-S-2013', 4)":null,"('0010-S-2013', 5)":null,"('0010-S-2013', 6)":null,"('0010-S-2013', 7)":null,"('0010-S-2013', 8)":null,"('0010-S-2013', 9)":null,"('0010-S-2013', 10)":null},"Expediente Diputados: ":{"('0010-S-2013', 0)":"0010-S-2013","('0010-S-2013', 1)":null,"('0010-S-2013', 2)":null,"('0010-S-2013', 3)":null,"('0010-S-2013', 4)":null,"('0010-S-2013', 5)":null,"('0010-S-2013', 6)":null,"('0010-S-2013', 7)":null,"('0010-S-2013', 8)":null,"('0010-S-2013', 9)":null,"('0010-S-2013', 10)":null},"Expediente Senado: ":{"('0010-S-2013', 0)":"0005-PE-2013","('0010-S-2013', 1)":null,"('0010-S-2013', 2)":null,"('0010-S-2013', 3)":null,"('0010-S-2013', 4)":null,"('0010-S-2013', 5)":null,"('0010-S-2013', 6)":null,"('0010-S-2013', 7)":null,"('0010-S-2013', 8)":null,"('0010-S-2013', 9)":null,"('0010-S-2013', 10)":null},"Publicado en: ":{"('0010-S-2013', 0)":"Diario de Asuntos Entrados N\u00b0 39","('0010-S-2013', 1)":null,"('0010-S-2013', 2)":null,"('0010-S-2013', 3)":null,"('0010-S-2013', 4)":null,"('0010-S-2013', 5)":null,"('0010-S-2013', 6)":null,"('0010-S-2013', 7)":null,"('0010-S-2013', 8)":null,"('0010-S-2013', 9)":null,"('0010-S-2013', 10)":null},"Fecha: ":{"('0010-S-2013', 0)":"08\/04\/2013","('0010-S-2013', 1)":null,"('0010-S-2013', 2)":null,"('0010-S-2013', 3)":null,"('0010-S-2013', 4)":null,"('0010-S-2013', 5)":null,"('0010-S-2013', 6)":null,"('0010-S-2013', 7)":null,"('0010-S-2013', 8)":null,"('0010-S-2013', 9)":null,"('0010-S-2013', 10)":null},"T\u00edtulo":{"('0010-S-2013', 0)":"MODIFICACION DE LA LEY 24937 DE CREACION DEL CONSEJO DE LA MAGISTRATURA (TEXTO ORDENADO 1999) Y SUS MODIFICATORIAS.","('0010-S-2013', 1)":null,"('0010-S-2013', 2)":null,"('0010-S-2013', 3)":null,"('0010-S-2013', 4)":null,"('0010-S-2013', 5)":null,"('0010-S-2013', 6)":null,"('0010-S-2013', 7)":null,"('0010-S-2013', 8)":null,"('0010-S-2013', 9)":null,"('0010-S-2013', 10)":null},"('Firmantes', 'FIRMANTE')":{"('0010-S-2013', 0)":"FERNANDEZ DE KIRCHNER, CRISTINA","('0010-S-2013', 1)":"ABAL MEDINA, JUAN MANUEL","('0010-S-2013', 2)":"ALAK, JULIO","('0010-S-2013', 3)":null,"('0010-S-2013', 4)":null,"('0010-S-2013', 5)":null,"('0010-S-2013', 6)":null,"('0010-S-2013', 7)":null,"('0010-S-2013', 8)":null,"('0010-S-2013', 9)":null,"('0010-S-2013', 10)":null},"('Firmantes', 'DISTRITO')":{"('0010-S-2013', 0)":null,"('0010-S-2013', 1)":null,"('0010-S-2013', 2)":null,"('0010-S-2013', 3)":null,"('0010-S-2013', 4)":null,"('0010-S-2013', 5)":null,"('0010-S-2013', 6)":null,"('0010-S-2013', 7)":null,"('0010-S-2013', 8)":null,"('0010-S-2013', 9)":null,"('0010-S-2013', 10)":null},"('Firmantes', 'BLOQUE')":{"('0010-S-2013', 0)":"PODER EJECUTIVO","('0010-S-2013', 1)":"PODER EJECUTIVO","('0010-S-2013', 2)":"PODER EJECUTIVO","('0010-S-2013', 3)":null,"('0010-S-2013', 4)":null,"('0010-S-2013', 5)":null,"('0010-S-2013', 6)":null,"('0010-S-2013', 7)":null,"('0010-S-2013', 8)":null,"('0010-S-2013', 9)":null,"('0010-S-2013', 10)":null},"('Giros', 'COMISI\u00d3N')":{"('0010-S-2013', 0)":"ASUNTOS CONSTITUCIONALES","('0010-S-2013', 1)":"JUSTICIA","('0010-S-2013', 2)":"PRESUPUESTO Y HACIENDA","('0010-S-2013', 3)":null,"('0010-S-2013', 4)":null,"('0010-S-2013', 5)":null,"('0010-S-2013', 6)":null,"('0010-S-2013', 7)":null,"('0010-S-2013', 8)":null,"('0010-S-2013', 9)":null,"('0010-S-2013', 10)":null},"('Tramites', 'C\u00c1MARA')":{"('0010-S-2013', 0)":"Senado","('0010-S-2013', 1)":"Senado","('0010-S-2013', 2)":"Senado","('0010-S-2013', 3)":"Diputados","('0010-S-2013', 4)":"Diputados","('0010-S-2013', 5)":"Diputados","('0010-S-2013', 6)":"Diputados","('0010-S-2013', 7)":"Senado","('0010-S-2013', 8)":"Senado","('0010-S-2013', 9)":"Senado","('0010-S-2013', 10)":"Senado"},"('Tramites', 'MOVIMIENTO')":{"('0010-S-2013', 0)":"CITACION SESION ESPECIAL","('0010-S-2013', 1)":"CONSIDERACION Y APROBACION","('0010-S-2013', 2)":"INSERCIONES","('0010-S-2013', 3)":"PASA A DIPUTADOS -","('0010-S-2013', 4)":"CITACION SESION ESPECIAL","('0010-S-2013', 5)":"CONSIDERACION Y APROBACION CON MODIFICACIONES (VOTACION NOMINAL EN PARTICULAR - MAYORIA ARTICULO 114 CONSTITUCION NACIONAL, VOTO PRESIDENTE DE LA CAMARA ARTICULO 41 REGLAMENTO H CAMARA DE DIPUTADOS)","('0010-S-2013', 6)":"INSERCIONES DE LOS DIPUTADOS AGUAD, ALONSO, ASSEFF, AVOSCAN, BERTOL, BIANCHI, BIELLA CALVET, CAMA\u00d1O, CARRANZA, CONTRERA, DIAZ BANCALARI, FERRARI, GALLARDO, GARCIA LARRABURU, GARRIDO, IANNI, MENDOZA, MOYANO, NEBREDA, PEROTTI, PIETRAGALLA CORTI, RUCCI, SANTILLAN, SCHMIDT LIERMANN, VAQUIE, VIDELA, VILARI\u00d1O, VILLA Y YAG\u00dcE","('0010-S-2013', 7)":"VUELVE A SENADO -","('0010-S-2013', 8)":"CITACION SESION ESPECIAL","('0010-S-2013', 9)":"CONSIDERACION Y SANCION (ACEPTACION DE LAS MODIFICACIONES INTRODUCIDAS POR LA H CAMARA DE DIPUTADOS)","('0010-S-2013', 10)":"INSERCIONES"},"('Tramites', 'FECHA')":{"('0010-S-2013', 0)":"17\/04\/2013","('0010-S-2013', 1)":"17\/04\/2013","('0010-S-2013', 2)":"17\/04\/2013","('0010-S-2013', 3)":null,"('0010-S-2013', 4)":"24\/04\/2013","('0010-S-2013', 5)":"24\/04\/2013","('0010-S-2013', 6)":"24\/04\/2013","('0010-S-2013', 7)":null,"('0010-S-2013', 8)":"08\/05\/2013","('0010-S-2013', 9)":"08\/05\/2013","('0010-S-2013', 10)":"08\/05\/2013"},"('Tramites', 'RESULTADO')":{"('0010-S-2013', 0)":null,"('0010-S-2013', 1)":"MEDIA SANCION","('0010-S-2013', 2)":null,"('0010-S-2013', 3)":null,"('0010-S-2013', 4)":null,"('0010-S-2013', 5)":"MEDIA SANCION","('0010-S-2013', 6)":null,"('0010-S-2013', 7)":null,"('0010-S-2013', 8)":null,"('0010-S-2013', 9)":"SANCIONADO","('0010-S-2013', 10)":null},"Sumario":{"('0010-S-2013', 0)":"MODIFICACION DE LOS ARTICULOS 1 (COMPETENCIA), 2 (COMPOSICION: AMPLIACION DEL NUMERO DE MIEMBROS A 19), 3 (DURACION), INCORPORACION DEL ARTICULO 3 BIS (PROCEDIMIENTO PARA LA ELECCION DE LOS MIEMBROS SIMULTANEAMENTE A LA ELECCIONES GENERALES NACIONALES EN LAS CUALES SE ELIJA PRESIDENTE); MODIFICACION DE LOS ARTICULOS 4 (REQUISITOS), 7 (ATRIBUCIONES DEL PLENARIO), 9 (QUORUM Y DECISIONES), 12 (COMISIONES, AUTORIDADES, REUNIONES), 13 (COMISION DE SELECCION DE MAGISTRADOS Y ESCUELA JUDICIAL), 14 (COMISION DE DISCIPLINA Y ACUSACION), 15 (COMISION DE REGLAMENTACION), 16 (COMISION DE ADMINISTRACION Y FINANCIERA), 17 (ADMINISTRADOR GENERAL DEL PODER JUDICIAL), 18 (FUNCIONES), 21 (COMPETENCIA), 24 (REMOCION), 30 (VIGENCIA DE NORMAS), 33 (ELECCIONES DE LOS INTEGRANTES DEL CONSEJO DE LA MAGISTRATURA); MODIFICACION DEL ARTICULO 5 DE LA LEY 11672 (COMPLEMENTARIA PERMANENTE DEL PRESUPUESTO); MODIFICACION DEL ARTICULO 23 DE LA LEY 17928, COBERTURA DE CARGOS; MODIFICACION DEL ARTICULO 3 DE LA LEY 19362 (CATEGORIAS ESCALAFONARIAS DEL PODER JUDICIAL); MODIFICACION DE LOS ARTICULOS 1, 2, 4, 5, 7, 8, 9 Y 10 DE LA LEY 23853 (AUTARQUIA JUDICIAL; PRESUPUESTO); MODIFICACION DEL ARTICULO 117 DE LA LEY 24156 (ADMINISTRACION FINANCIERA Y CONTROL DE GESTION), DEL ARTICULO 1 DE LA LEY 26376 (DESIGNACION DE JUECES SUBROGANTES), DEL ARTICULO 21  (PRECANDIDATOS) DE LA LEY 26571 (PARTIDOS POLITICOS); CONVOCATORIA A ELECCIONES Y VIGENCIA.","('0010-S-2013', 1)":null,"('0010-S-2013', 2)":null,"('0010-S-2013', 3)":null,"('0010-S-2013', 4)":null,"('0010-S-2013', 5)":null,"('0010-S-2013', 6)":null,"('0010-S-2013', 7)":null,"('0010-S-2013', 8)":null,"('0010-S-2013', 9)":null,"('0010-S-2013', 10)":null},"Palabra Clave":{"('0010-S-2013', 0)":" ","('0010-S-2013', 1)":null,"('0010-S-2013', 2)":null,"('0010-S-2013', 3)":null,"('0010-S-2013', 4)":null,"('0010-S-2013', 5)":null,"('0010-S-2013', 6)":null,"('0010-S-2013', 7)":null,"('0010-S-2013', 8)":null,"('0010-S-2013', 9)":null,"('0010-S-2013', 10)":null}}