{"Tipo de Proyecto":{"('0010-JGM-2013', 0)":"MENSAJE NRO: 0541\/13","('0010-JGM-2013', 1)":null},"Iniciado en: ":{"('0010-JGM-2013', 0)":"Diputados","('0010-JGM-2013', 1)":null},"Expediente Diputados: ":{"('0010-JGM-2013', 0)":"0010-JGM-2013","('0010-JGM-2013', 1)":null},"Publicado en: ":{"('0010-JGM-2013', 0)":"Tr\u00e1mite Parlamentario N\u00b0 104","('0010-JGM-2013', 1)":null},"Fecha: ":{"('0010-JGM-2013', 0)":"05\/08\/2013","('0010-JGM-2013', 1)":null},"T\u00edtulo":{"('0010-JGM-2013', 0)":"COMUNICACION DEL DECRETO DE NECESIDAD Y URGENCIA 853\/13 POR EL CUAL SE MODIFICAN LAS LEYES 18398 Y 19349 DE LA PREFECTURA NAVAL Y DE LA GENDARMERIA NACIONAL RESPECTIVAMENTE, SOBRE HABERES DEL PERSONAL.","('0010-JGM-2013', 1)":null},"('Firmantes', 'FIRMANTE')":{"('0010-JGM-2013', 0)":"ABAL MEDINA, JUAN MANUEL","('0010-JGM-2013', 1)":"PURICELLI, ANTONIO ARTURO"},"('Firmantes', 'DISTRITO')":{"('0010-JGM-2013', 0)":null,"('0010-JGM-2013', 1)":null},"('Firmantes', 'BLOQUE')":{"('0010-JGM-2013', 0)":"PODER EJECUTIVO","('0010-JGM-2013', 1)":"PODER EJECUTIVO"},"('Giros', 'COMISI\u00d3N')":{"('0010-JGM-2013', 0)":"BICAMERAL PERMANENTE DE TRAMITE LEGISLATIVO - LEY 26122","('0010-JGM-2013', 1)":null},"('Tramites', 'C\u00c1MARA')":{"('0010-JGM-2013', 0)":"Diputados","('0010-JGM-2013', 1)":"Diputados"},"('Tramites', 'MOVIMIENTO')":{"('0010-JGM-2013', 0)":"CONSIDERACION Y APROBACION","('0010-JGM-2013', 1)":"VER TRAMITE DEL DECRETO EN SENADO EN EXPEDIENTE 3283-S-2013."},"('Tramites', 'FECHA')":{"('0010-JGM-2013', 0)":"11\/09\/2013","('0010-JGM-2013', 1)":null},"('Tramites', 'RESULTADO')":{"('0010-JGM-2013', 0)":"APROBADO","('0010-JGM-2013', 1)":null},"Palabra Clave":{"('0010-JGM-2013', 0)":" ","('0010-JGM-2013', 1)":null}}