{"Tipo de Proyecto":{"('0010-D-2013', 0)":"PROYECTO DE RESOLUCI\u00d3N","('0010-D-2013', 1)":null},"Iniciado en: ":{"('0010-D-2013', 0)":"Diputados","('0010-D-2013', 1)":null},"Expediente Diputados: ":{"('0010-D-2013', 0)":"0010-D-2013","('0010-D-2013', 1)":null},"Publicado en: ":{"('0010-D-2013', 0)":"Tr\u00e1mite Parlamentario N\u00b0 1","('0010-D-2013', 1)":null},"Fecha: ":{"('0010-D-2013', 0)":"04\/03\/2013","('0010-D-2013', 1)":null},"T\u00edtulo":{"('0010-D-2013', 0)":"PEDIDO DE INFORMES AL PODER EJECUTIVO SOBRE DIVERSAS CUESTIONES REFERIDAS A LA LEY DE PROTECCION INTEGRAL PARA PREVENIR, SANCIONAR Y ERRADICAR LA VIOLENCIA CONTRA LAS MUJERES (LEY 26485).","('0010-D-2013', 1)":null},"('Firmantes', 'FIRMANTE')":{"('0010-D-2013', 0)":"BERTOL, PAULA MARIA","('0010-D-2013', 1)":"BULLRICH, PATRICIA"},"('Firmantes', 'DISTRITO')":{"('0010-D-2013', 0)":"CIUDAD de BUENOS AIRES","('0010-D-2013', 1)":"CIUDAD de BUENOS AIRES"},"('Firmantes', 'BLOQUE')":{"('0010-D-2013', 0)":"PRO","('0010-D-2013', 1)":"UNION POR TODOS"},"('Giros', 'COMISI\u00d3N')":{"('0010-D-2013', 0)":"FAMILIA, MUJER, NI\u00d1EZ Y ADOLESCENCIA","('0010-D-2013', 1)":null},"Link":{"('0010-D-2013', 0)":"https:\/\/www.hcdn.gob.ar\/proyectos\/textoCompleto.jsp?exp=0010-D-2013&tipo=RESOLUCION","('0010-D-2013', 1)":null},"Palabra Clave":{"('0010-D-2013', 0)":" ","('0010-D-2013', 1)":null}}