{"Tipo de Proyecto":{"('0011-JGM-2013', 0)":"MENSAJE NRO: 0659\/13","('0011-JGM-2013', 1)":null,"('0011-JGM-2013', 2)":null},"Iniciado en: ":{"('0011-JGM-2013', 0)":"Diputados","('0011-JGM-2013', 1)":null,"('0011-JGM-2013', 2)":null},"Expediente Diputados: ":{"('0011-JGM-2013', 0)":"0011-JGM-2013","('0011-JGM-2013', 1)":null,"('0011-JGM-2013', 2)":null},"Publicado en: ":{"('0011-JGM-2013', 0)":"Tr\u00e1mite Parlamentario N\u00b0 122","('0011-JGM-2013', 1)":null,"('0011-JGM-2013', 2)":null},"Fecha: ":{"('0011-JGM-2013', 0)":"30\/08\/2013","('0011-JGM-2013', 1)":null,"('0011-JGM-2013', 2)":null},"T\u00edtulo":{"('0011-JGM-2013', 0)":"COMUNICACION DEL DECRETO DE NECESIDAD Y URGENCIA 1170\/13 POR EL CUAL SE MODIFICA EL PRESUPUESTO GENERAL DE LA ADMINISTRACION NACIONAL PARA EL EJERCICIO 2013.","('0011-JGM-2013', 1)":null,"('0011-JGM-2013', 2)":null},"('Firmantes', 'FIRMANTE')":{"('0011-JGM-2013', 0)":"ABAL MEDINA, JUAN MANUEL","('0011-JGM-2013', 1)":"LORENZINO, HERNAN","('0011-JGM-2013', 2)":null},"('Firmantes', 'DISTRITO')":{"('0011-JGM-2013', 0)":null,"('0011-JGM-2013', 1)":null,"('0011-JGM-2013', 2)":null},"('Firmantes', 'BLOQUE')":{"('0011-JGM-2013', 0)":"PODER EJECUTIVO","('0011-JGM-2013', 1)":"PODER EJECUTIVO","('0011-JGM-2013', 2)":null},"('Giros', 'COMISI\u00d3N')":{"('0011-JGM-2013', 0)":"BICAMERAL PERMANENTE DE TRAMITE LEGISLATIVO - LEY 26122","('0011-JGM-2013', 1)":null,"('0011-JGM-2013', 2)":null},"('Tramites', 'C\u00c1MARA')":{"('0011-JGM-2013', 0)":"Diputados","('0011-JGM-2013', 1)":"Diputados","('0011-JGM-2013', 2)":"Diputados"},"('Tramites', 'MOVIMIENTO')":{"('0011-JGM-2013', 0)":"CITACION SESION ESPECIAL","('0011-JGM-2013', 1)":"CONSIDERACION Y APROBACION","('0011-JGM-2013', 2)":"VER TRAMITE DEL DECRETO EN SENADO EN EXPEDIENTE 3451-S-2013."},"('Tramites', 'FECHA')":{"('0011-JGM-2013', 0)":"12\/11\/2014","('0011-JGM-2013', 1)":"12\/11\/2014","('0011-JGM-2013', 2)":null},"('Tramites', 'RESULTADO')":{"('0011-JGM-2013', 0)":null,"('0011-JGM-2013', 1)":"APROBADO","('0011-JGM-2013', 2)":null},"Palabra Clave":{"('0011-JGM-2013', 0)":" ","('0011-JGM-2013', 1)":null,"('0011-JGM-2013', 2)":null}}