{"Tipo de Proyecto":{"('0011-PE-2013', 0)":"MENSAJE NRO: 2090\/13","('0011-PE-2013', 1)":null},"Iniciado en: ":{"('0011-PE-2013', 0)":"Diputados","('0011-PE-2013', 1)":null},"Expediente Diputados: ":{"('0011-PE-2013', 0)":"0011-PE-2013","('0011-PE-2013', 1)":null},"Publicado en: ":{"('0011-PE-2013', 0)":"Tr\u00e1mite Parlamentario N\u00b0 186","('0011-PE-2013', 1)":null},"Fecha: ":{"('0011-PE-2013', 0)":"09\/12\/2013","('0011-PE-2013', 1)":null},"T\u00edtulo":{"('0011-PE-2013', 0)":"COMUNICACION DEL DECRETO 2089\/13 POR EL CUAL SE CONVOCA A SESIONES EXTRAORDINARIAS DESDE EL 11 AL 31 DE DICIEMBRE DE 2013.","('0011-PE-2013', 1)":null},"('Firmantes', 'FIRMANTE')":{"('0011-PE-2013', 0)":"FERNANDEZ DE KIRCHNER, CRISTINA","('0011-PE-2013', 1)":"CAPITANICH, JORGE"},"('Firmantes', 'DISTRITO')":{"('0011-PE-2013', 0)":null,"('0011-PE-2013', 1)":null},"('Firmantes', 'BLOQUE')":{"('0011-PE-2013', 0)":"PODER EJECUTIVO","('0011-PE-2013', 1)":"PODER EJECUTIVO"},"('Giros', 'COMISI\u00d3N')":{"('0011-PE-2013', 0)":"A LA PRESIDENCIA","('0011-PE-2013', 1)":null},"Sumario":{"('0011-PE-2013', 0)":"TEMARIO: CONSIDERACION DE ACUERDOS PARA DESIGNACIONES Y PROMOCIONES; CONSIDERACION DE TRATADOS, CONVENIOS Y ACUERDOS INTERNACIONALES, PROYECTO DE LEY POR EL CUAL SE SUSTITUYEN LOS ARTICULOS 28 Y 29 DE LA LEY 24674 DE IMPUESTOS INTERNOS (EXPEDIENTE 0010-PE-13, MENSAJE 1913\/13)","('0011-PE-2013', 1)":null},"Palabra Clave":{"('0011-PE-2013', 0)":" ","('0011-PE-2013', 1)":null}}