{"Tipo de Proyecto":{"('0013-S-2013', 0)":"COMUNICACION"},"Iniciado en: ":{"('0013-S-2013', 0)":"Senado"},"Expediente Senado: ":{"('0013-S-2013', 0)":"0013-S-2013"},"Publicado en: ":{"('0013-S-2013', 0)":"Diario de Asuntos Entrados N\u00b0 1"},"Fecha: ":{"('0013-S-2013', 0)":"04\/03\/2013"},"T\u00edtulo":{"('0013-S-2013', 0)":"SOLICITAR AL PODER EJECUTIVO DECLARE DE INTERES NACIONAL EL 50 ANIVERSARIO DEL MOVIMIENTO LITERARIO - MUSICAL \"NUEVO CANCIONERO CUYANO\". "},"('Firmantes', 'FIRMANTE')":{"('0013-S-2013', 0)":"BERMEJO, ROLANDO ADOLFO"},"('Firmantes', 'DISTRITO')":{"('0013-S-2013', 0)":"MENDOZA"},"('Firmantes', 'BLOQUE')":{"('0013-S-2013', 0)":"FRENTE PARA LA VICTORIA - PJ"},"('Tramites', 'C\u00c1MARA')":{"('0013-S-2013', 0)":"Senado"},"('Tramites', 'MOVIMIENTO')":{"('0013-S-2013', 0)":"CONSIDERACION Y APROBACION"},"('Tramites', 'FECHA')":{"('0013-S-2013', 0)":"13\/11\/2013"},"('Tramites', 'RESULTADO')":{"('0013-S-2013', 0)":"APROBADO"},"Link":{"('0013-S-2013', 0)":"http:\/\/www.senado.gov.ar\/parlamentario\/comisiones\/verExp\/13.13\/S\/PC"},"Palabra Clave":{"('0013-S-2013', 0)":" "}}