{"Tipo de Proyecto":{"('0014-PE-2013', 0)":"MENSAJE NRO: 0173\/14","('0014-PE-2013', 1)":null,"('0014-PE-2013', 2)":null},"Iniciado en: ":{"('0014-PE-2013', 0)":"Diputados","('0014-PE-2013', 1)":null,"('0014-PE-2013', 2)":null},"Expediente Diputados: ":{"('0014-PE-2013', 0)":"0014-PE-2013","('0014-PE-2013', 1)":null,"('0014-PE-2013', 2)":null},"Publicado en: ":{"('0014-PE-2013', 0)":"Tr\u00e1mite Parlamentario N\u00b0 194","('0014-PE-2013', 1)":null,"('0014-PE-2013', 2)":null},"Fecha: ":{"('0014-PE-2013', 0)":"13\/02\/2014","('0014-PE-2013', 1)":null,"('0014-PE-2013', 2)":null},"T\u00edtulo":{"('0014-PE-2013', 0)":"COMUNICACION DEL DECRETO 2337\/2013, POR EL CUAL SE APRUEBA EL PLAN DE ACCION Y EL PRESUPUESTO DE GASTOS PARA EL EJERCICIO 2013 CORRESPONDIENTES AL BANCO CENTRAL DE LA REPUBLICA ARGENTINA.","('0014-PE-2013', 1)":null,"('0014-PE-2013', 2)":null},"('Firmantes', 'FIRMANTE')":{"('0014-PE-2013', 0)":"FERNANDEZ DE KIRCHNER, CRISTINA","('0014-PE-2013', 1)":"CAPITANICH, JORGE","('0014-PE-2013', 2)":"KICILLOF, AXEL"},"('Firmantes', 'DISTRITO')":{"('0014-PE-2013', 0)":null,"('0014-PE-2013', 1)":null,"('0014-PE-2013', 2)":null},"('Firmantes', 'BLOQUE')":{"('0014-PE-2013', 0)":"PODER EJECUTIVO","('0014-PE-2013', 1)":"PODER EJECUTIVO","('0014-PE-2013', 2)":"PODER EJECUTIVO"},"('Giros', 'COMISI\u00d3N')":{"('0014-PE-2013', 0)":"PRESUPUESTO Y HACIENDA","('0014-PE-2013', 1)":null,"('0014-PE-2013', 2)":null},"Sumario":{"('0014-PE-2013', 0)":"ANEXO.","('0014-PE-2013', 1)":null,"('0014-PE-2013', 2)":null},"Palabra Clave":{"('0014-PE-2013', 0)":" ","('0014-PE-2013', 1)":null,"('0014-PE-2013', 2)":null}}