{"Tipo de Proyecto":{"('0014-S-2013', 0)":"PROYECTO DE DECLARACI\u00d3N"},"Iniciado en: ":{"('0014-S-2013', 0)":"Senado"},"Expediente Senado: ":{"('0014-S-2013', 0)":"0014-S-2013"},"Publicado en: ":{"('0014-S-2013', 0)":"Diario de Asuntos Entrados N\u00b0 1"},"Fecha: ":{"('0014-S-2013', 0)":"04\/03\/2013"},"T\u00edtulo":{"('0014-S-2013', 0)":"DECLARAR DE INTERES CULTURAL LOS FESTEJOS POR EL DIA DEL SANTO PATRONO SANTIAGO EN LA PROVINCIA DE MENDOZA, EL 25 DE JULIO DE 2013."},"('Firmantes', 'FIRMANTE')":{"('0014-S-2013', 0)":"BERMEJO, ROLANDO ADOLFO"},"('Firmantes', 'DISTRITO')":{"('0014-S-2013', 0)":"MENDOZA"},"('Firmantes', 'BLOQUE')":{"('0014-S-2013', 0)":"FRENTE PARA LA VICTORIA - PJ"},"('Tramites', 'C\u00c1MARA')":{"('0014-S-2013', 0)":"Senado"},"('Tramites', 'MOVIMIENTO')":{"('0014-S-2013', 0)":"CONSIDERACION Y APROBACION"},"('Tramites', 'FECHA')":{"('0014-S-2013', 0)":"05\/06\/2013"},"('Tramites', 'RESULTADO')":{"('0014-S-2013', 0)":"APROBADO"},"Link":{"('0014-S-2013', 0)":"http:\/\/www.senado.gov.ar\/parlamentario\/comisiones\/verExp\/14.13\/S\/PD"},"Palabra Clave":{"('0014-S-2013', 0)":" "}}