{"Tipo de Proyecto":{"('0014-OV-2013', 0)":"PROYECTO DE RESOLUCI\u00d3N"},"Iniciado en: ":{"('0014-OV-2013', 0)":"Senado"},"Expediente Senado: ":{"('0014-OV-2013', 0)":"0014-OV-2013"},"Publicado en: ":{"('0014-OV-2013', 0)":"Diario de Asuntos Entrados N\u00b0 0"},"Fecha: ":{"('0014-OV-2013', 0)":"31\/10\/2013"},"T\u00edtulo":{"('0014-OV-2013', 0)":"DICTAMEN EN LA RESOLUCION REMITIDA POR LA AUDITORIA GENERAL DE LA NACION (AGN 33\/13); CON MOTIVO DEL ESTUDIO ESPECIAL SOBRE LAS TRANSFERENCIAS DE FONDOS NACIONALES REALIZADAS A LA PROVINCIA DE SANTA FE EN EL EJERCICIO 2010."},"('Firmantes', 'FIRMANTE')":{"('0014-OV-2013', 0)":"PARLAMENTARIA MIXTA REVISORA DE CUENTAS"},"('Firmantes', 'DISTRITO')":{"('0014-OV-2013', 0)":null},"('Firmantes', 'BLOQUE')":{"('0014-OV-2013', 0)":null},"('Tramites', 'C\u00c1MARA')":{"('0014-OV-2013', 0)":"Senado"},"('Tramites', 'MOVIMIENTO')":{"('0014-OV-2013', 0)":"CONSIDERACION Y APROBACION (AL ARCHIVO)"},"('Tramites', 'FECHA')":{"('0014-OV-2013', 0)":"10\/12\/2014"},"('Tramites', 'RESULTADO')":{"('0014-OV-2013', 0)":"APROBADO"},"Sumario":{"('0014-OV-2013', 0)":"HABIENDO TOMADO CONOCIMIENTO, Y SIN PERJUICIO DE ULTERIORES MEDIDAS QUE PUEDAN ADOPTARSE, SE ACONSEJA SU REMISION AL ARCHIVO, PREVIA REMISION DE COPIA DE ANTECEDENTES AL ORGANO DE CONTROL."},"Palabra Clave":{"('0014-OV-2013', 0)":" "}}