{"Tipo de Proyecto":{"('0015-JGM-2013', 0)":"MENSAJE NRO: 0002\/14","('0015-JGM-2013', 1)":null,"('0015-JGM-2013', 2)":null},"Iniciado en: ":{"('0015-JGM-2013', 0)":"Diputados","('0015-JGM-2013', 1)":null,"('0015-JGM-2013', 2)":null},"Expediente Diputados: ":{"('0015-JGM-2013', 0)":"0015-JGM-2013","('0015-JGM-2013', 1)":null,"('0015-JGM-2013', 2)":null},"Publicado en: ":{"('0015-JGM-2013', 0)":"Tr\u00e1mite Parlamentario N\u00b0 191","('0015-JGM-2013', 1)":null,"('0015-JGM-2013', 2)":null},"Fecha: ":{"('0015-JGM-2013', 0)":"08\/01\/2014","('0015-JGM-2013', 1)":null,"('0015-JGM-2013', 2)":null},"T\u00edtulo":{"('0015-JGM-2013', 0)":"COMUNICACION DEL DICTADO DEL DECRETO DE NECESIDAD Y URGENCIA 2103\/2013, POR EL CUAL SE MODIFICA LA LEY 26168, CREACION DE LA AUTORIDAD CUENCA MATANZA - RIACHUELO.","('0015-JGM-2013', 1)":null,"('0015-JGM-2013', 2)":null},"('Firmantes', 'FIRMANTE')":{"('0015-JGM-2013', 0)":"CAPITANICH, JORGE","('0015-JGM-2013', 1)":"RANDAZZO, FLORENCIO","('0015-JGM-2013', 2)":null},"('Firmantes', 'DISTRITO')":{"('0015-JGM-2013', 0)":null,"('0015-JGM-2013', 1)":null,"('0015-JGM-2013', 2)":null},"('Firmantes', 'BLOQUE')":{"('0015-JGM-2013', 0)":"PODER EJECUTIVO","('0015-JGM-2013', 1)":"PODER EJECUTIVO","('0015-JGM-2013', 2)":null},"('Giros', 'COMISI\u00d3N')":{"('0015-JGM-2013', 0)":"BICAMERAL PERMANENTE DE TRAMITE LEGISLATIVO - LEY 26122","('0015-JGM-2013', 1)":null,"('0015-JGM-2013', 2)":null},"('Tramites', 'C\u00c1MARA')":{"('0015-JGM-2013', 0)":"Diputados","('0015-JGM-2013', 1)":"Diputados","('0015-JGM-2013', 2)":"Diputados"},"('Tramites', 'MOVIMIENTO')":{"('0015-JGM-2013', 0)":"CONSIDERACION Y APROBACION","('0015-JGM-2013', 1)":"INSERCIONES","('0015-JGM-2013', 2)":"VER TRAMITE DEL DECRETO EN SENADO EN EXPEDIENTE 0772-S-2014."},"('Tramites', 'FECHA')":{"('0015-JGM-2013', 0)":"02\/07\/2014","('0015-JGM-2013', 1)":"02\/07\/2014","('0015-JGM-2013', 2)":null},"('Tramites', 'RESULTADO')":{"('0015-JGM-2013', 0)":"APROBADO","('0015-JGM-2013', 1)":null,"('0015-JGM-2013', 2)":null},"Palabra Clave":{"('0015-JGM-2013', 0)":" ","('0015-JGM-2013', 1)":null,"('0015-JGM-2013', 2)":null}}