{"Tipo de Proyecto":{"('0015-D-2013', 0)":"PROYECTO DE RESOLUCI\u00d3N","('0015-D-2013', 1)":null},"Iniciado en: ":{"('0015-D-2013', 0)":"Diputados","('0015-D-2013', 1)":null},"Expediente Diputados: ":{"('0015-D-2013', 0)":"0015-D-2013","('0015-D-2013', 1)":null},"Publicado en: ":{"('0015-D-2013', 0)":"Tr\u00e1mite Parlamentario N\u00b0 1","('0015-D-2013', 1)":null},"Fecha: ":{"('0015-D-2013', 0)":"04\/03\/2013","('0015-D-2013', 1)":null},"T\u00edtulo":{"('0015-D-2013', 0)":"CITAR AL SECRETARIO DE COMERCIO INTERIOR DE LA NACION GUILLERMO MORENO EN VIRTUD DEL ARTICULO 204 DEL REGLAMENTO DE LA H. CAMARA Y EL ARTICULO 71 DE LA CONSTITUCION NACIONAL, A FIN DE INFORMAR SOBRE LOS DATOS VERTIDOS POR EL INSTITUTO NACIONAL DE ESTADISTICA Y CENSOS (INDEC) CON RESPECTO A LA INFLACION.","('0015-D-2013', 1)":null},"('Firmantes', 'FIRMANTE')":{"('0015-D-2013', 0)":"BERTOL, PAULA MARIA","('0015-D-2013', 1)":"BULLRICH, PATRICIA"},"('Firmantes', 'DISTRITO')":{"('0015-D-2013', 0)":"CIUDAD de BUENOS AIRES","('0015-D-2013', 1)":"CIUDAD de BUENOS AIRES"},"('Firmantes', 'BLOQUE')":{"('0015-D-2013', 0)":"PRO","('0015-D-2013', 1)":"UNION POR TODOS"},"('Giros', 'COMISI\u00d3N')":{"('0015-D-2013', 0)":"ASUNTOS CONSTITUCIONALES","('0015-D-2013', 1)":"COMERCIO"},"Palabra Clave":{"('0015-D-2013', 0)":" ","('0015-D-2013', 1)":null}}