{"Tipo de Proyecto":{"('0015-OV-2013', 0)":"PROYECTO DE RESOLUCI\u00d3N"},"Iniciado en: ":{"('0015-OV-2013', 0)":"Senado"},"Expediente Senado: ":{"('0015-OV-2013', 0)":"0015-OV-2013"},"Fecha: ":{"('0015-OV-2013', 0)":"26\/09\/2014"},"T\u00edtulo":{"('0015-OV-2013', 0)":"RESOLUCIONES REMITIDAS POR LA AUDITORIA GENERAL DE LA NACION 34\/13, TOMANDO CONOCIMIENTO DEL INFORME DE REVISION LIMITADA CORRESPONDIENTE A LOS ESTADOS CONTABLES AL 30 DE SEPTIEMBRE DE 2012, INFORME ESPECIAL SOBTRE EL ESTADO DE CAPITALES MINIMOS DE NACION SEGUROS DE RETIROS S.A. (0015-OV-13); 120\/13, TOMANDO CONOCIMIENTO DEL INFORME DE REVISION LIMITADA CORRESPONDIENTE A LOS ESTADOS COSTABLES AL 31 DE DICIEMBRE DE 2012 E INFORME ESPECIAL SOBRE EL ESTADO DE CAPITALES MINIMOS DE NACION SEGUROS DE RETIRO S.A. (0208-OV-13); 121\/13, TOMANDO CONOCIMIENTO DEL INFORME DE REVISION LIMITADA CORRESPONDIENTE A LOS ESTADOS CONTABLES AL 31 DE MARZO DE 2013 E INFORME ESPECIAL SOBRE EL ESTADO DE CAPITALES MINIMOS DE NACION SEGUROS DE RETIRO S.A. (0209-OV-13); Y 204\/13, APROBANDO EL INFORME DEL AUDITOR Y EL INFORME ESPECIAL  SOBRE EL ESTADO DE CAPITALES MINIMOS REFERIDOS A NACION SEGUROS DE RETIRO S.A. (0400-OV-13)."},"('Firmantes', 'FIRMANTE')":{"('0015-OV-2013', 0)":"PARLAMENTARIA MIXTA REVISORA DE CUENTAS"},"('Firmantes', 'DISTRITO')":{"('0015-OV-2013', 0)":null},"('Firmantes', 'BLOQUE')":{"('0015-OV-2013', 0)":null},"('Tramites', 'C\u00c1MARA')":{"('0015-OV-2013', 0)":"Senado"},"('Tramites', 'MOVIMIENTO')":{"('0015-OV-2013', 0)":"CONSIDERACION Y APROBACION (AL ARCHIVO)"},"('Tramites', 'FECHA')":{"('0015-OV-2013', 0)":"10\/12\/2014"},"('Tramites', 'RESULTADO')":{"('0015-OV-2013', 0)":"APROBADO"},"Sumario":{"('0015-OV-2013', 0)":"HABIENDO TOMADO CONOCIMIENTO Y SIN PERJUICIO DE ULTERIORES MEDIDAS QUE PUEDAN ADOPTARSE, SE ACONSEJA SU REMISION AL ARCHIVO."},"Palabra Clave":{"('0015-OV-2013', 0)":" "}}