{"Tipo de Proyecto":{"('0016-OV-2013', 0)":"PROYECTO DE RESOLUCI\u00d3N"},"Iniciado en: ":{"('0016-OV-2013', 0)":"Senado"},"Expediente Senado: ":{"('0016-OV-2013', 0)":"0016-OV-2013"},"Fecha: ":{"('0016-OV-2013', 0)":"26\/09\/2014"},"T\u00edtulo":{"('0016-OV-2013', 0)":"RESOLUCIONES REMITIDAS POR LA AUDITORIA GENERAL DE LA NACION 35\/13, TOMANDO CONOCIMIENTO DEL INFORME DE REVISION LIMITADA CORRESPONDIENTE A LOS ESTADOS CONTABLES AL 30 DE SEPTIEMBRE DE 2012, E INFORME ESPECIAL SOBRE EL ESTADO DE CAPITALES MINIMOS DE NACION SEGUROS S.A. (0016-OV-13); 118\/13, TOMANDO CONOCIMIENTO DEL INFORME DE REVISION LIMITADA CORRESPONDIENTE A LOS ESTADOS CONTABLES AL 31 DE DICIEMBRE DE 2012, E INFORME ESPECIAL SOBRE LOS ESTADOS DE CAPITALES MINIMOS DE NACION SEGUROS S.A. (0206-OV-13); TOMANDO CONOCIMIENTO DEL INFORME DE REVISION LIMITADA CORRESPONDIENTE A LOS ESTADOS CONTABLES AL 31 DE MARZO DE 2013, E INFORME ESPECIAL SOBRE LOS ESTADOS DE CAPITALES MINIMOS DE NACION SEGUROS S.A. (0207-OV-13); Y 207\/13 TOMANDO CONOCIMIENTO DEL INFORME DEL AUDITOR Y EL INFORME ESPECIAL SOBRE EL ESTADOS ESTADO DE CAPITALES MINIMOS REFERIDOS A NACION SEGUROS S.A., ESTADOS CONTABLES AL 30 DE JUNIO DE 2013 (0402-OV-13)."},"('Firmantes', 'FIRMANTE')":{"('0016-OV-2013', 0)":"PARLAMENTARIA MIXTA REVISORA DE CUENTAS"},"('Firmantes', 'DISTRITO')":{"('0016-OV-2013', 0)":null},"('Firmantes', 'BLOQUE')":{"('0016-OV-2013', 0)":null},"('Tramites', 'C\u00c1MARA')":{"('0016-OV-2013', 0)":"Senado"},"('Tramites', 'MOVIMIENTO')":{"('0016-OV-2013', 0)":"CONSIDERACION Y APROBACION (AL ARCHIVO)"},"('Tramites', 'FECHA')":{"('0016-OV-2013', 0)":"10\/12\/2014"},"('Tramites', 'RESULTADO')":{"('0016-OV-2013', 0)":"APROBADO"},"Sumario":{"('0016-OV-2013', 0)":"HABIENDO TOMADO CONOCIMIENTO Y SIN PERJUICIO DE ULTERIORES MEDIDAS QUE PUEDAN ADOPTARSE, SE ACONSEJA SU REMISION AL ARCHIVO."},"Palabra Clave":{"('0016-OV-2013', 0)":" "}}