{"Tipo de Proyecto":{"('0017-JGM-2013', 0)":"MENSAJE NRO: 0015\/14","('0017-JGM-2013', 1)":null,"('0017-JGM-2013', 2)":null},"Iniciado en: ":{"('0017-JGM-2013', 0)":"Diputados","('0017-JGM-2013', 1)":null,"('0017-JGM-2013', 2)":null},"Expediente Diputados: ":{"('0017-JGM-2013', 0)":"0017-JGM-2013","('0017-JGM-2013', 1)":null,"('0017-JGM-2013', 2)":null},"Publicado en: ":{"('0017-JGM-2013', 0)":"Tr\u00e1mite Parlamentario N\u00b0 191","('0017-JGM-2013', 1)":null,"('0017-JGM-2013', 2)":null},"Fecha: ":{"('0017-JGM-2013', 0)":"17\/01\/2014","('0017-JGM-2013', 1)":null,"('0017-JGM-2013', 2)":null},"T\u00edtulo":{"('0017-JGM-2013', 0)":"COMUNICACION DEL DECRETO 2\/2014, POR EL CUAL SE MODIFICA LA LEY 24674 Y SUS MODIFICATORIAS, DE IMPUESTOS INTERNOS.","('0017-JGM-2013', 1)":null,"('0017-JGM-2013', 2)":null},"('Firmantes', 'FIRMANTE')":{"('0017-JGM-2013', 0)":"CAPITANICH, JORGE","('0017-JGM-2013', 1)":"KICILLOF, AXEL","('0017-JGM-2013', 2)":"GIORGI, DEBORA"},"('Firmantes', 'DISTRITO')":{"('0017-JGM-2013', 0)":null,"('0017-JGM-2013', 1)":null,"('0017-JGM-2013', 2)":null},"('Firmantes', 'BLOQUE')":{"('0017-JGM-2013', 0)":"PODER EJECUTIVO","('0017-JGM-2013', 1)":"PODER EJECUTIVO","('0017-JGM-2013', 2)":"PODER EJECUTIVO"},"('Giros', 'COMISI\u00d3N')":{"('0017-JGM-2013', 0)":"BICAMERAL PERMANENTE DE TRAMITE LEGISLATIVO - LEY 26122","('0017-JGM-2013', 1)":null,"('0017-JGM-2013', 2)":null},"('Tramites', 'C\u00c1MARA')":{"('0017-JGM-2013', 0)":"Diputados","('0017-JGM-2013', 1)":"Diputados","('0017-JGM-2013', 2)":null},"('Tramites', 'MOVIMIENTO')":{"('0017-JGM-2013', 0)":"CONSIDERACION Y APROBACION","('0017-JGM-2013', 1)":"INSERCIONES","('0017-JGM-2013', 2)":null},"('Tramites', 'FECHA')":{"('0017-JGM-2013', 0)":"02\/07\/2014","('0017-JGM-2013', 1)":"02\/07\/2014","('0017-JGM-2013', 2)":null},"('Tramites', 'RESULTADO')":{"('0017-JGM-2013', 0)":"APROBADO","('0017-JGM-2013', 1)":null,"('0017-JGM-2013', 2)":null},"Palabra Clave":{"('0017-JGM-2013', 0)":" ","('0017-JGM-2013', 1)":null,"('0017-JGM-2013', 2)":null}}