{"Tipo de Proyecto":{"('0017-S-2013', 0)":"MENSAJE NRO: 0391\/13 Y PROYECTO DE LEY","('0017-S-2013', 1)":null,"('0017-S-2013', 2)":null,"('0017-S-2013', 3)":null},"Iniciado en: ":{"('0017-S-2013', 0)":"Senado","('0017-S-2013', 1)":null,"('0017-S-2013', 2)":null,"('0017-S-2013', 3)":null},"Expediente Diputados: ":{"('0017-S-2013', 0)":"0017-S-2013","('0017-S-2013', 1)":null,"('0017-S-2013', 2)":null,"('0017-S-2013', 3)":null},"Expediente Senado: ":{"('0017-S-2013', 0)":"0013-PE-2013","('0017-S-2013', 1)":null,"('0017-S-2013', 2)":null,"('0017-S-2013', 3)":null},"Publicado en: ":{"('0017-S-2013', 0)":"Diario de Asuntos Entrados N\u00b0 46","('0017-S-2013', 1)":null,"('0017-S-2013', 2)":null,"('0017-S-2013', 3)":null},"Fecha: ":{"('0017-S-2013', 0)":"11\/04\/2013","('0017-S-2013', 1)":null,"('0017-S-2013', 2)":null,"('0017-S-2013', 3)":null},"T\u00edtulo":{"('0017-S-2013', 0)":"APROBACION DEL CONVENIO DE RECONOCIMIENTO DE TITULOS Y CERTIFICADOS DE ESTUDIOS DE EDUCACION PRIMARIA, EDUCACION GENERAL BASICA Y SECUNDARIA O SUS DENOMINACIONES EQUIVALENTES CON LA REPUBLICA DE EL SALVADOR, CELEBRADO EN LA CIUDAD AUTONOMA DE BUENOS AIRES EL 6 DE NOVIEMBRE DE 2012. ","('0017-S-2013', 1)":null,"('0017-S-2013', 2)":null,"('0017-S-2013', 3)":null},"('Firmantes', 'FIRMANTE')":{"('0017-S-2013', 0)":"FERNANDEZ DE KIRCHNER, CRISTINA","('0017-S-2013', 1)":"ABAL MEDINA, JUAN MANUEL","('0017-S-2013', 2)":"TIMERMAN, HECTOR MARCOS","('0017-S-2013', 3)":null},"('Firmantes', 'DISTRITO')":{"('0017-S-2013', 0)":null,"('0017-S-2013', 1)":null,"('0017-S-2013', 2)":null,"('0017-S-2013', 3)":null},"('Firmantes', 'BLOQUE')":{"('0017-S-2013', 0)":"PODER EJECUTIVO","('0017-S-2013', 1)":"PODER EJECUTIVO","('0017-S-2013', 2)":"PODER EJECUTIVO","('0017-S-2013', 3)":null},"('Giros', 'COMISI\u00d3N')":{"('0017-S-2013', 0)":"RELACIONES EXTERIORES Y CULTO","('0017-S-2013', 1)":"EDUCACION","('0017-S-2013', 2)":null,"('0017-S-2013', 3)":null},"('Tramites', 'C\u00c1MARA')":{"('0017-S-2013', 0)":"Senado","('0017-S-2013', 1)":"Senado","('0017-S-2013', 2)":"Diputados","('0017-S-2013', 3)":"Diputados"},"('Tramites', 'MOVIMIENTO')":{"('0017-S-2013', 0)":"MOCION SOBRE TABLAS CON DICTAMEN (AFIRMATIVA)","('0017-S-2013', 1)":"CONSIDERACION Y APROBACION","('0017-S-2013', 2)":"PASA A DIPUTADOS -","('0017-S-2013', 3)":"CONSIDERACION Y SANCION"},"('Tramites', 'FECHA')":{"('0017-S-2013', 0)":"24\/04\/2013","('0017-S-2013', 1)":"24\/04\/2013","('0017-S-2013', 2)":null,"('0017-S-2013', 3)":"11\/09\/2013"},"('Tramites', 'RESULTADO')":{"('0017-S-2013', 0)":null,"('0017-S-2013', 1)":"MEDIA SANCION","('0017-S-2013', 2)":null,"('0017-S-2013', 3)":"SANCIONADO"},"Link":{"('0017-S-2013', 0)":"http:\/\/www.senado.gov.ar\/web\/proyectos\/verExpe.php?origen=PE&nro_comision=&tipo=PL&numexp=13\/13&tConsulta=5","('0017-S-2013', 1)":null,"('0017-S-2013', 2)":null,"('0017-S-2013', 3)":null},"Palabra Clave":{"('0017-S-2013', 0)":" ","('0017-S-2013', 1)":null,"('0017-S-2013', 2)":null,"('0017-S-2013', 3)":null}}