{"Tipo de Proyecto":{"('0019-S-2013', 0)":"PROYECTO DE LEY","('0019-S-2013', 1)":null},"Iniciado en: ":{"('0019-S-2013', 0)":"Senado","('0019-S-2013', 1)":null},"Expediente Senado: ":{"('0019-S-2013', 0)":"0019-S-2013","('0019-S-2013', 1)":null},"Publicado en: ":{"('0019-S-2013', 0)":"Diario de Asuntos Entrados N\u00b0 1","('0019-S-2013', 1)":null},"Fecha: ":{"('0019-S-2013', 0)":"04\/03\/2013","('0019-S-2013', 1)":null},"T\u00edtulo":{"('0019-S-2013', 0)":"CREACION DEL REGISTRO NACIONAL DE DEUDORES ALIMENTARIOS MOROSOS. ","('0019-S-2013', 1)":null},"('Firmantes', 'FIRMANTE')":{"('0019-S-2013', 0)":"FELLNER, LILIANA BEATRIZ","('0019-S-2013', 1)":null},"('Firmantes', 'DISTRITO')":{"('0019-S-2013', 0)":"JUJUY","('0019-S-2013', 1)":null},"('Firmantes', 'BLOQUE')":{"('0019-S-2013', 0)":"FRENTE PARA LA VICTORIA - PJ","('0019-S-2013', 1)":null},"('Tramites', 'C\u00c1MARA')":{"('0019-S-2013', 0)":"Senado","('0019-S-2013', 1)":"Diputados"},"('Tramites', 'MOVIMIENTO')":{"('0019-S-2013', 0)":"CONSIDERACION Y APROBACION CONJUNTAMENTE PARA LOS EXPEDIENTES 0050-S-2013, 2862-S-2012, 0019-S-2013 y 0048-S-2013","('0019-S-2013', 1)":"PASA A DIPUTADOS - CONJUNTAMENTE PARA LOS EXPEDIENTES 0050-S-2013, 2862-S-2012, 0019-S-2013 y 0048-S-2013"},"('Tramites', 'FECHA')":{"('0019-S-2013', 0)":"12\/09\/2013","('0019-S-2013', 1)":null},"('Tramites', 'RESULTADO')":{"('0019-S-2013', 0)":"MEDIA SANCION","('0019-S-2013', 1)":null},"Link":{"('0019-S-2013', 0)":"http:\/\/www.senado.gov.ar\/parlamentario\/comisiones\/verExp\/19.13\/S\/PL","('0019-S-2013', 1)":null},"Palabra Clave":{"('0019-S-2013', 0)":" ","('0019-S-2013', 1)":null}}