{"Tipo de Proyecto":{"('0019-JGM-2013', 0)":"MENSAJE NRO: 0072\/14","('0019-JGM-2013', 1)":null},"Iniciado en: ":{"('0019-JGM-2013', 0)":"Diputados","('0019-JGM-2013', 1)":null},"Expediente Diputados: ":{"('0019-JGM-2013', 0)":"0019-JGM-2013","('0019-JGM-2013', 1)":null},"Publicado en: ":{"('0019-JGM-2013', 0)":"Tr\u00e1mite Parlamentario N\u00b0 194","('0019-JGM-2013', 1)":null},"Fecha: ":{"('0019-JGM-2013', 0)":"13\/02\/2014","('0019-JGM-2013', 1)":null},"T\u00edtulo":{"('0019-JGM-2013', 0)":"COMUNICACION DEL DECRETO 111\/2014, POR EL CUAL SE DISMINUYE LA ALICUOTA DEL VEINTIUNO POR CIENTO (21%) ESTABLECIDA EN LA LEY 24625, DE IMPUESTO ADICIONAL DE EMERGENCIA SOBRE EL PRECIO FINAL DE LA VENTA DE CIGARRILLOS Y SUS MODIFICACIONES, ESTABLECIENDOSE LA MISMA EN EL SIETE POR CIENTO (7%).","('0019-JGM-2013', 1)":null},"('Firmantes', 'FIRMANTE')":{"('0019-JGM-2013', 0)":"CAPITANICH, JORGE","('0019-JGM-2013', 1)":"KICILLOF, AXEL"},"('Firmantes', 'DISTRITO')":{"('0019-JGM-2013', 0)":null,"('0019-JGM-2013', 1)":null},"('Firmantes', 'BLOQUE')":{"('0019-JGM-2013', 0)":"PODER EJECUTIVO","('0019-JGM-2013', 1)":"PODER EJECUTIVO"},"('Giros', 'COMISI\u00d3N')":{"('0019-JGM-2013', 0)":"BICAMERAL PERMANENTE DE TRAMITE LEGISLATIVO - LEY 26122","('0019-JGM-2013', 1)":null},"('Tramites', 'C\u00c1MARA')":{"('0019-JGM-2013', 0)":"Diputados","('0019-JGM-2013', 1)":"Diputados"},"('Tramites', 'MOVIMIENTO')":{"('0019-JGM-2013', 0)":"CONSIDERACION Y APROBACION","('0019-JGM-2013', 1)":"INSERCIONES"},"('Tramites', 'FECHA')":{"('0019-JGM-2013', 0)":"02\/07\/2014","('0019-JGM-2013', 1)":"02\/07\/2014"},"('Tramites', 'RESULTADO')":{"('0019-JGM-2013', 0)":"APROBADO","('0019-JGM-2013', 1)":null},"Palabra Clave":{"('0019-JGM-2013', 0)":" ","('0019-JGM-2013', 1)":null}}