{"Tipo de Proyecto":{"('0020-JGM-2013', 0)":"MENSAJE NRO: 0120\/14"},"Iniciado en: ":{"('0020-JGM-2013', 0)":"Diputados"},"Expediente Diputados: ":{"('0020-JGM-2013', 0)":"0020-JGM-2013"},"Publicado en: ":{"('0020-JGM-2013', 0)":"Tr\u00e1mite Parlamentario N\u00b0 196"},"Fecha: ":{"('0020-JGM-2013', 0)":"20\/02\/2014"},"T\u00edtulo":{"('0020-JGM-2013', 0)":"REMITE INFORME DEL PRESUPUESTO PLURIANUAL PARA EL PERIODO 2014 - 2016, DE ACUERDO A LO ESTABLECIDO POR LA LEY 25152, DE SOLVENCIA FISCAL Y LA LEY 25917 DE RESPONSABILIDAD FISCAL FEDERAL."},"('Firmantes', 'FIRMANTE')":{"('0020-JGM-2013', 0)":"CAPITANICH, JORGE"},"('Firmantes', 'DISTRITO')":{"('0020-JGM-2013', 0)":null},"('Firmantes', 'BLOQUE')":{"('0020-JGM-2013', 0)":"PODER EJECUTIVO"},"('Giros', 'COMISI\u00d3N')":{"('0020-JGM-2013', 0)":"PRESUPUESTO Y HACIENDA"},"Palabra Clave":{"('0020-JGM-2013', 0)":" "}}