{"Tipo de Proyecto":{"('0020-D-2013', 0)":"PROYECTO DE RESOLUCI\u00d3N"},"Iniciado en: ":{"('0020-D-2013', 0)":"Diputados"},"Expediente Diputados: ":{"('0020-D-2013', 0)":"0020-D-2013"},"Publicado en: ":{"('0020-D-2013', 0)":"Tr\u00e1mite Parlamentario N\u00b0 1"},"Fecha: ":{"('0020-D-2013', 0)":"04\/03\/2013"},"T\u00edtulo":{"('0020-D-2013', 0)":"PEDIDO DE INFORMES AL PODER EJECUTIVO SOBRE DIVERSAS CUESTIONES RELACIONADAS CON LAS POLITICAS Y OBJETIVOS A DESARROLLAR EN MATERIA DE TRANSITO Y SEGURIDAD VIAL PARA EL A\u00d1O 2013."},"('Firmantes', 'FIRMANTE')":{"('0020-D-2013', 0)":"BERTOL, PAULA MARIA"},"('Firmantes', 'DISTRITO')":{"('0020-D-2013', 0)":"CIUDAD de BUENOS AIRES"},"('Firmantes', 'BLOQUE')":{"('0020-D-2013', 0)":"PRO"},"('Giros', 'COMISI\u00d3N')":{"('0020-D-2013', 0)":"TRANSPORTES"},"Link":{"('0020-D-2013', 0)":"https:\/\/www.hcdn.gob.ar\/proyectos\/textoCompleto.jsp?exp=0020-D-2013&tipo=RESOLUCION"},"Palabra Clave":{"('0020-D-2013', 0)":" "}}