{"Tipo de Proyecto":{"('0021-S-2013', 0)":"PROYECTO DE LEY","('0021-S-2013', 1)":null,"('0021-S-2013', 2)":null},"Iniciado en: ":{"('0021-S-2013', 0)":"Senado","('0021-S-2013', 1)":null,"('0021-S-2013', 2)":null},"Expediente Diputados: ":{"('0021-S-2013', 0)":"0021-S-2013","('0021-S-2013', 1)":null,"('0021-S-2013', 2)":null},"Expediente Senado: ":{"('0021-S-2013', 0)":"1447-S-2013","('0021-S-2013', 1)":null,"('0021-S-2013', 2)":null},"Publicado en: ":{"('0021-S-2013', 0)":"Diario de Asuntos Entrados N\u00b0 44","('0021-S-2013', 1)":null,"('0021-S-2013', 2)":null},"Fecha: ":{"('0021-S-2013', 0)":"10\/04\/2013","('0021-S-2013', 1)":null,"('0021-S-2013', 2)":null},"T\u00edtulo":{"('0021-S-2013', 0)":"ESTABLECER EL 6 DE DICIEMBRE DE CADA A\u00d1O COMO EL \"DIA DE LAS PEQUE\u00d1AS Y MEDIANAS EMPRESAS (PYMES).","('0021-S-2013', 1)":null,"('0021-S-2013', 2)":null},"('Firmantes', 'FIRMANTE')":{"('0021-S-2013', 0)":"BASUALDO, ROBERTO GUSTAVO","('0021-S-2013', 1)":null,"('0021-S-2013', 2)":null},"('Firmantes', 'DISTRITO')":{"('0021-S-2013', 0)":"SAN JUAN","('0021-S-2013', 1)":null,"('0021-S-2013', 2)":null},"('Firmantes', 'BLOQUE')":{"('0021-S-2013', 0)":"PRODUCCION Y TRABAJO","('0021-S-2013', 1)":null,"('0021-S-2013', 2)":null},"('Giros', 'COMISI\u00d3N')":{"('0021-S-2013', 0)":"PEQUE\u00d1AS Y MEDIANAS EMPRESAS","('0021-S-2013', 1)":"EDUCACION","('0021-S-2013', 2)":"LEGISLACION GENERAL"},"('Tramites', 'C\u00c1MARA')":{"('0021-S-2013', 0)":"Senado","('0021-S-2013', 1)":"Diputados","('0021-S-2013', 2)":null},"('Tramites', 'MOVIMIENTO')":{"('0021-S-2013', 0)":"CONSIDERACION Y APROBACION","('0021-S-2013', 1)":"PASA A DIPUTADOS -","('0021-S-2013', 2)":null},"('Tramites', 'FECHA')":{"('0021-S-2013', 0)":"22\/05\/2013","('0021-S-2013', 1)":null,"('0021-S-2013', 2)":null},"('Tramites', 'RESULTADO')":{"('0021-S-2013', 0)":"MEDIA SANCION","('0021-S-2013', 1)":null,"('0021-S-2013', 2)":null},"Link":{"('0021-S-2013', 0)":"http:\/\/www.senado.gov.ar\/parlamentario\/comisiones\/verExp\/1447.13\/S\/PL","('0021-S-2013', 1)":null,"('0021-S-2013', 2)":null},"Palabra Clave":{"('0021-S-2013', 0)":" ","('0021-S-2013', 1)":null,"('0021-S-2013', 2)":null}}