{"Tipo de Proyecto":{"('0023-S-2013', 0)":"PROYECTO DE LEY","('0023-S-2013', 1)":null,"('0023-S-2013', 2)":null,"('0023-S-2013', 3)":null},"Iniciado en: ":{"('0023-S-2013', 0)":"Senado","('0023-S-2013', 1)":null,"('0023-S-2013', 2)":null,"('0023-S-2013', 3)":null},"Expediente Senado: ":{"('0023-S-2013', 0)":"0023-S-2013","('0023-S-2013', 1)":null,"('0023-S-2013', 2)":null,"('0023-S-2013', 3)":null},"Publicado en: ":{"('0023-S-2013', 0)":"Diario de Asuntos Entrados N\u00b0 2","('0023-S-2013', 1)":null,"('0023-S-2013', 2)":null,"('0023-S-2013', 3)":null},"Fecha: ":{"('0023-S-2013', 0)":"04\/03\/2013","('0023-S-2013', 1)":null,"('0023-S-2013', 2)":null,"('0023-S-2013', 3)":null},"T\u00edtulo":{"('0023-S-2013', 0)":"MODIFICACION DE LA LEY 20744, CONTRATO DE TRABAJO, ESTABLECIENDO UN REGIMEN INTEGRAL DE \"PROTECCION DE LA FAMILIA TRABAJADORA\". ","('0023-S-2013', 1)":null,"('0023-S-2013', 2)":null,"('0023-S-2013', 3)":null},"('Firmantes', 'FIRMANTE')":{"('0023-S-2013', 0)":"LOPEZ, OSVALDO RAMON","('0023-S-2013', 1)":"LABADO, MARIA ESTER","('0023-S-2013', 2)":"ESCUDERO, SONIA MARGARITA","('0023-S-2013', 3)":"DIAZ, MARIA ROSA"},"('Firmantes', 'DISTRITO')":{"('0023-S-2013', 0)":"TIERRA DEL FUEGO","('0023-S-2013', 1)":"SANTA CRUZ","('0023-S-2013', 2)":"SALTA","('0023-S-2013', 3)":"TIERRA DEL FUEGO"},"('Firmantes', 'BLOQUE')":{"('0023-S-2013', 0)":"NUEVO ENCUENTRO","('0023-S-2013', 1)":"FRENTE PARA LA VICTORIA - PJ","('0023-S-2013', 2)":"JUSTICIALISTA 8 DE OCTUBRE","('0023-S-2013', 3)":"NUEVO ENCUENTRO"},"('Tramites', 'C\u00c1MARA')":{"('0023-S-2013', 0)":"Senado","('0023-S-2013', 1)":null,"('0023-S-2013', 2)":null,"('0023-S-2013', 3)":null},"('Tramites', 'MOVIMIENTO')":{"('0023-S-2013', 0)":"SOLICITUD DE SER COFIRMANTE DE LAS SENADORAS LABADO, ESCUDERO Y DIAZ (A SUS ANTECEDENTES)","('0023-S-2013', 1)":null,"('0023-S-2013', 2)":null,"('0023-S-2013', 3)":null},"('Tramites', 'FECHA')":{"('0023-S-2013', 0)":"24\/04\/2013","('0023-S-2013', 1)":null,"('0023-S-2013', 2)":null,"('0023-S-2013', 3)":null},"('Tramites', 'RESULTADO')":{"('0023-S-2013', 0)":null,"('0023-S-2013', 1)":null,"('0023-S-2013', 2)":null,"('0023-S-2013', 3)":null},"Sumario":{"('0023-S-2013', 0)":"SUSTITUCION DE LA DENOMINACION DEL TITULO VII POR \"IGUALDAD DE DERECHOS\"; SUSTITUCION DE LA DENOMINACION DEL CAPITULO II POR \"DE LA PROTECCION DE LA FAMILIA TRABAJADORA\"; SUSTITUCION DEL ARTICULO 177 (LICENCIA PRENATAL POR MATERNIDAD PROPIA O DE LA COMPA\u00d1ERA); INCORPORACION DE LOS ARTICULOS 177 BIS (EMBARAZO DE ALTO RIESGO), 177 TER (ABORTO; INTERRUPCION DE EMBARAZO), 177 QUATER (DESPIDO POR CAUSA DE LA FAMILIA) Y 177 QUINQUIES (DESCANSOS DIARIOS POR LACTANCIA); SUSTITUCION DE LOS ARTICULOS 178 Y 179; INCORPORACION DEL ARTICULO 179 BIS (CUIDADO DEL HIJO EN CASO DE ADOPCION); SUSTITUCION DE LOS ARTICULOS 183, 184, 185 Y 186.","('0023-S-2013', 1)":null,"('0023-S-2013', 2)":null,"('0023-S-2013', 3)":null},"Palabra Clave":{"('0023-S-2013', 0)":" ","('0023-S-2013', 1)":null,"('0023-S-2013', 2)":null,"('0023-S-2013', 3)":null}}