{"Tipo de Proyecto":{"('0023-D-2013', 0)":"PROYECTO DE DECLARACI\u00d3N"},"Iniciado en: ":{"('0023-D-2013', 0)":"Diputados"},"Expediente Diputados: ":{"('0023-D-2013', 0)":"0023-D-2013"},"Publicado en: ":{"('0023-D-2013', 0)":"Tr\u00e1mite Parlamentario N\u00b0 1"},"Fecha: ":{"('0023-D-2013', 0)":"04\/03\/2013"},"T\u00edtulo":{"('0023-D-2013', 0)":"EXPRESAR REPUDIO POR LA AGRESION SUFRIDA POR EL SE\u00d1OR SANTIAGO KALINSKY, PERIODISTA DE FM LA CIGARRA, EL 19 DE FEBRERO DE 2013 EN LA CIUDAD DE SALTA."},"('Firmantes', 'FIRMANTE')":{"('0023-D-2013', 0)":"BERTOL, PAULA MARIA"},"('Firmantes', 'DISTRITO')":{"('0023-D-2013', 0)":"CIUDAD de BUENOS AIRES"},"('Firmantes', 'BLOQUE')":{"('0023-D-2013', 0)":"PRO"},"('Giros', 'COMISI\u00d3N')":{"('0023-D-2013', 0)":"LIBERTAD DE EXPRESION"},"('Tramites', 'C\u00c1MARA')":{"('0023-D-2013', 0)":"Diputados"},"('Tramites', 'MOVIMIENTO')":{"('0023-D-2013', 0)":"APROBACION ARTICULO 114 DEL REGLAMENTO DE LA H CAMARA DE DIPUTADOS; COMUNICADO EL 22\/07\/2013"},"('Tramites', 'FECHA')":{"('0023-D-2013', 0)":null},"('Tramites', 'RESULTADO')":{"('0023-D-2013', 0)":"APROBADO"},"Link":{"('0023-D-2013', 0)":"https:\/\/www.hcdn.gob.ar\/proyectos\/textoCompleto.jsp?exp=0023-D-2013&tipo=DECLARACION"},"Palabra Clave":{"('0023-D-2013', 0)":" "}}