{"Tipo de Proyecto":{"('0024-PE-2013', 0)":"MENSAJE NRO: ____\/__"},"Iniciado en: ":{"('0024-PE-2013', 0)":"Senado"},"Expediente Senado: ":{"('0024-PE-2013', 0)":"0024-PE-2013"},"Publicado en: ":{"('0024-PE-2013', 0)":"Diario de Asuntos Entrados N\u00b0 0"},"Fecha: ":{"('0024-PE-2013', 0)":"14\/05\/2014"},"T\u00edtulo":{"('0024-PE-2013', 0)":"DICTAMEN EN LA RESOLUCION REMITIDA POR LA JEFATURA DE GABINETE DE MINISTROS; RESPECTO DEL INFORME SOBRE LOS ESTADOS FINANCIEROS POR EL EJERCICIO FINALIZADO EL 31\/12\/10 DEL PROYECTO DE SERVICIOS BASICOS MUNICIPALES, CONVENIO DE PRESTAMOS 7385-AR BIRF."},"('Firmantes', 'FIRMANTE')":{"('0024-PE-2013', 0)":"PARLAMENTARIA MIXTA REVISORA DE CUENTAS"},"('Firmantes', 'DISTRITO')":{"('0024-PE-2013', 0)":null},"('Firmantes', 'BLOQUE')":{"('0024-PE-2013', 0)":null},"('Tramites', 'C\u00c1MARA')":{"('0024-PE-2013', 0)":"Senado"},"('Tramites', 'MOVIMIENTO')":{"('0024-PE-2013', 0)":"CONSIDERACION Y APROBACION (AL ARCHIVO)"},"('Tramites', 'FECHA')":{"('0024-PE-2013', 0)":"10\/12\/2014"},"('Tramites', 'RESULTADO')":{"('0024-PE-2013', 0)":"APROBADO"},"Sumario":{"('0024-PE-2013', 0)":"HABIENDO TOMADO CONOCIMIENTO, Y SIN PERJUICIO DE ULTERIORES MEDIDAS QUE PUEDAN ADOPTARSE, SE ACONSEJA SU REMISION AL ARCHIVO, PREVIA REMISION DE COPIA DE ANTECEDENTES AL ORGANO DE CONTROL."},"Palabra Clave":{"('0024-PE-2013', 0)":" "}}