{"Tipo de Proyecto":{"('0024-D-2013', 0)":"PROYECTO DE LEY","('0024-D-2013', 1)":null},"Iniciado en: ":{"('0024-D-2013', 0)":"Diputados","('0024-D-2013', 1)":null},"Expediente Diputados: ":{"('0024-D-2013', 0)":"0024-D-2013","('0024-D-2013', 1)":null},"Publicado en: ":{"('0024-D-2013', 0)":"Tr\u00e1mite Parlamentario N\u00b0 1","('0024-D-2013', 1)":null},"Fecha: ":{"('0024-D-2013', 0)":"04\/03\/2013","('0024-D-2013', 1)":null},"T\u00edtulo":{"('0024-D-2013', 0)":"PROHIBICION DE CONTENIDOS GENERADORES O REPRODUCTORES DE VIOLENCIA CONTRA LA MUJER EN MEDIOS DE COMUNICACION.","('0024-D-2013', 1)":null},"('Firmantes', 'FIRMANTE')":{"('0024-D-2013', 0)":"GUZMAN, OLGA ELIZABETH","('0024-D-2013', 1)":null},"('Firmantes', 'DISTRITO')":{"('0024-D-2013', 0)":"NEUQUEN","('0024-D-2013', 1)":null},"('Firmantes', 'BLOQUE')":{"('0024-D-2013', 0)":"MOV POP NEUQUINO","('0024-D-2013', 1)":null},"('Giros', 'COMISI\u00d3N')":{"('0024-D-2013', 0)":"FAMILIA, MUJER, NI\u00d1EZ Y ADOLESCENCIA","('0024-D-2013', 1)":"COMUNICACIONES E INFORMATICA"},"Sumario":{"('0024-D-2013', 0)":"PROHIBICION; AUTORIDAD DE APLICACION: CONSEJO NACIONAL DE LA MUJER; SANCIONES; LA PRESENTE LEY ES DE ORDEN PUBLICO Y DEBERA SER REGLAMENTADA EN EL PLAZO DE NOVENTA (90) DIAS HABILES.","('0024-D-2013', 1)":null},"Palabra Clave":{"('0024-D-2013', 0)":" ","('0024-D-2013', 1)":null}}