{"Tipo de Proyecto":{"('0025-OV-2013', 0)":"PROYECTO DE RESOLUCI\u00d3N"},"Iniciado en: ":{"('0025-OV-2013', 0)":"Diputados"},"Expediente Diputados: ":{"('0025-OV-2013', 0)":"0025-OV-2013"},"Fecha: ":{"('0025-OV-2013', 0)":"17\/05\/2013"},"T\u00edtulo":{"('0025-OV-2013', 0)":"PRESENTACION DEL JUZGADO FEDERAL CON COMPETENCIA ELECTORAL EN EL DISTRITO DE LA PROVINCIA DE BUENOS AIRES, REMITIENDO UN OFICIO DE LOS AUTOS CARATULADOS \"CGT S\/INICIATIVA POPULAR S\/UNIVERSALIDAD DE ASIGNACIONES FAMILIARES\" - VERIFICACION DE FIRMAS DE ADHESION. DISTRITO BUENOS AIRES."},"('Firmantes', 'FIRMANTE')":{"('0025-OV-2013', 0)":"ASUNTOS CONSTITUCIONALES"},"('Firmantes', 'DISTRITO')":{"('0025-OV-2013', 0)":null},"('Firmantes', 'BLOQUE')":{"('0025-OV-2013', 0)":null},"('Giros', 'COMISI\u00d3N')":{"('0025-OV-2013', 0)":"ASUNTOS CONSTITUCIONALES"},"Palabra Clave":{"('0025-OV-2013', 0)":" "}}