{"Tipo de Proyecto":{"('0025-D-2013', 0)":"PROYECTO DE LEY","('0025-D-2013', 1)":null},"Iniciado en: ":{"('0025-D-2013', 0)":"Diputados","('0025-D-2013', 1)":null},"Expediente Diputados: ":{"('0025-D-2013', 0)":"0025-D-2013","('0025-D-2013', 1)":null},"Publicado en: ":{"('0025-D-2013', 0)":"Tr\u00e1mite Parlamentario N\u00b0 1","('0025-D-2013', 1)":null},"Fecha: ":{"('0025-D-2013', 0)":"04\/03\/2013","('0025-D-2013', 1)":null},"T\u00edtulo":{"('0025-D-2013', 0)":"PROHIBICION DE EXPENDIO DE BOLSAS DE POLIETILENO Y OTROS POLIMEROS NO DEGRADABLES.","('0025-D-2013', 1)":null},"('Firmantes', 'FIRMANTE')":{"('0025-D-2013', 0)":"GUZMAN, OLGA ELIZABETH","('0025-D-2013', 1)":null},"('Firmantes', 'DISTRITO')":{"('0025-D-2013', 0)":"NEUQUEN","('0025-D-2013', 1)":null},"('Firmantes', 'BLOQUE')":{"('0025-D-2013', 0)":"MOV POP NEUQUINO","('0025-D-2013', 1)":null},"('Giros', 'COMISI\u00d3N')":{"('0025-D-2013', 0)":"COMERCIO","('0025-D-2013', 1)":"RECURSOS NATURALES Y CONSERVACION DEL AMBIENTE HUMANO"},"Sumario":{"('0025-D-2013', 0)":"AUTORIDAD DE APLICACION: SECRETARIA DE AMBIENTE Y DESARROLLO SUSTENTABLE DE LA NACION; SANCIONES; INVITACION A ADHERIR.","('0025-D-2013', 1)":null},"Palabra Clave":{"('0025-D-2013', 0)":" ","('0025-D-2013', 1)":null}}