{"Tipo de Proyecto":{"('0026-OV-2013', 0)":"PROYECTO DE RESOLUCI\u00d3N"},"Iniciado en: ":{"('0026-OV-2013', 0)":"Senado"},"Expediente Senado: ":{"('0026-OV-2013', 0)":"0026-OV-2013"},"Publicado en: ":{"('0026-OV-2013', 0)":"Diario de Asuntos Entrados N\u00b0 0"},"Fecha: ":{"('0026-OV-2013', 0)":"31\/10\/2013"},"T\u00edtulo":{"('0026-OV-2013', 0)":"DICTAMEN EN LA RESOLUCION REMITIDA POR LA AUDITORIA GENERAL DE LA NACION (AGN 36\/13); REFERIDA AL ESTUDIO ESPECIAL REALIZADO EN EL AMBITO DE LAS UNIVERSIDADES NACIONALES, SOBRE EL MARCO NORMATIVO LEGAL APLICABLE A LAS MISMAS IDENTIFICANDO LAS PRINCIPALES OBSERVACIONES POR INCUMPLIMIENTOS NORMATIVOS QUE HAN SIDO DETECTADAS EN DIFERENTES AUDITORIAS DESARROLLADAS POR LA AGN E INDICANDO SINTETICAMENTE LAS CORRESPONDIENTES RESPUESTAS DE LOS ORGANISMOS AUDITADOS A CADA OBSERVACION."},"('Firmantes', 'FIRMANTE')":{"('0026-OV-2013', 0)":"PARLAMENTARIA MIXTA REVISORA DE CUENTAS"},"('Firmantes', 'DISTRITO')":{"('0026-OV-2013', 0)":null},"('Firmantes', 'BLOQUE')":{"('0026-OV-2013', 0)":null},"('Tramites', 'C\u00c1MARA')":{"('0026-OV-2013', 0)":"Senado"},"('Tramites', 'MOVIMIENTO')":{"('0026-OV-2013', 0)":"CONSIDERACION Y APROBACION (AL ARCHIVO)"},"('Tramites', 'FECHA')":{"('0026-OV-2013', 0)":"10\/12\/2014"},"('Tramites', 'RESULTADO')":{"('0026-OV-2013', 0)":"APROBADO"},"Sumario":{"('0026-OV-2013', 0)":"HABIENDO TOMADO CONOCIMIENTO, Y SIN PERJUICIO DE ULTERIORES MEDIDAS QUE PUEDAN ADOPTARSE, SE ACONSEJA SU REMISION AL ARCHIVO, PREVIA REMISION DE COPIA DE ANTECEDENTES AL ORGANO DE CONTROL."},"Palabra Clave":{"('0026-OV-2013', 0)":" "}}