{"Tipo de Proyecto":{"('0028-S-2013', 0)":"PROYECTO DE RESOLUCI\u00d3N","('0028-S-2013', 1)":null},"Iniciado en: ":{"('0028-S-2013', 0)":"Senado","('0028-S-2013', 1)":null},"Expediente Senado: ":{"('0028-S-2013', 0)":"0028-S-2013","('0028-S-2013', 1)":null},"Publicado en: ":{"('0028-S-2013', 0)":"Diario de Asuntos Entrados N\u00b0 2","('0028-S-2013', 1)":null},"Fecha: ":{"('0028-S-2013', 0)":"04\/03\/2013","('0028-S-2013', 1)":null},"T\u00edtulo":{"('0028-S-2013', 0)":"DECLARAR DE INTERES CULTURAL EL LIBRO \"DETRAS DE LA LUZ\" DE LA POETISA ROSELVIRA SODA, ORIUNDA DE VILLA MERCEDES, SAN LUIS.","('0028-S-2013', 1)":null},"('Firmantes', 'FIRMANTE')":{"('0028-S-2013', 0)":"NEGRE DE ALONSO, LILIANA T.","('0028-S-2013', 1)":"RODRIGUEZ SAA, ADOLFO"},"('Firmantes', 'DISTRITO')":{"('0028-S-2013', 0)":"SAN LUIS","('0028-S-2013', 1)":"SAN LUIS"},"('Firmantes', 'BLOQUE')":{"('0028-S-2013', 0)":"JUSTICIALISTA SAN LUIS","('0028-S-2013', 1)":"JUSTICIALISTA SAN LUIS"},"('Tramites', 'C\u00c1MARA')":{"('0028-S-2013', 0)":"Senado","('0028-S-2013', 1)":"Senado"},"('Tramites', 'MOVIMIENTO')":{"('0028-S-2013', 0)":"MOCION SOBRE TABLAS (AFIRMATIVA)","('0028-S-2013', 1)":"CONSIDERACION Y APROBACION"},"('Tramites', 'FECHA')":{"('0028-S-2013', 0)":"12\/09\/2013","('0028-S-2013', 1)":"12\/09\/2013"},"('Tramites', 'RESULTADO')":{"('0028-S-2013', 0)":null,"('0028-S-2013', 1)":"APROBADO"},"Link":{"('0028-S-2013', 0)":"http:\/\/www.senado.gov.ar\/parlamentario\/comisiones\/verExp\/28.13\/S\/PR","('0028-S-2013', 1)":null},"Palabra Clave":{"('0028-S-2013', 0)":" ","('0028-S-2013', 1)":null}}