{"Tipo de Proyecto":{"('0029-D-2013', 0)":"PROYECTO DE LEY","('0029-D-2013', 1)":null},"Iniciado en: ":{"('0029-D-2013', 0)":"Diputados","('0029-D-2013', 1)":null},"Expediente Diputados: ":{"('0029-D-2013', 0)":"0029-D-2013","('0029-D-2013', 1)":null},"Publicado en: ":{"('0029-D-2013', 0)":"Tr\u00e1mite Parlamentario N\u00b0 1","('0029-D-2013', 1)":null},"Fecha: ":{"('0029-D-2013', 0)":"04\/03\/2013","('0029-D-2013', 1)":null},"T\u00edtulo":{"('0029-D-2013', 0)":"ENCUESTAS DE OPINION EN EL AMBITO DE LA H CAMARA DE DIPUTADOS DE LA NACION. REGIMEN.","('0029-D-2013', 1)":null},"('Firmantes', 'FIRMANTE')":{"('0029-D-2013', 0)":"GUZMAN, OLGA ELIZABETH","('0029-D-2013', 1)":null},"('Firmantes', 'DISTRITO')":{"('0029-D-2013', 0)":"NEUQUEN","('0029-D-2013', 1)":null},"('Firmantes', 'BLOQUE')":{"('0029-D-2013', 0)":"MOV POP NEUQUINO","('0029-D-2013', 1)":null},"('Giros', 'COMISI\u00d3N')":{"('0029-D-2013', 0)":"PETICIONES, PODERES Y REGLAMENTO","('0029-D-2013', 1)":"ASUNTOS CONSTITUCIONALES"},"Sumario":{"('0029-D-2013', 0)":"REALIZACION; APROBACION POR LA H CAMARA DE DIPUTADOS DE PROYECTO DE LEY DE 'ENCUESTA DE OPINION'; OBJETIVOS GENERALES; PUBLICIDAD; PARTICIPANTES.","('0029-D-2013', 1)":null},"Palabra Clave":{"('0029-D-2013', 0)":" ","('0029-D-2013', 1)":null}}