{"Tipo de Proyecto":{"('0031-S-2013', 0)":"COMUNICACION"},"Iniciado en: ":{"('0031-S-2013', 0)":"Senado"},"Expediente Senado: ":{"('0031-S-2013', 0)":"0031-S-2013"},"Publicado en: ":{"('0031-S-2013', 0)":"Diario de Asuntos Entrados N\u00b0 2"},"Fecha: ":{"('0031-S-2013', 0)":"04\/03\/2013"},"T\u00edtulo":{"('0031-S-2013', 0)":"PEDIDO DE INFORMES AL PODER EJECUTIVO SOBRE DIVERSOS ASPECTOS RELACIONADOS CON EL PAGO DE SENTENCIAS JUDICIALES POR PARTES DE LA ANSES."},"('Firmantes', 'FIRMANTE')":{"('0031-S-2013', 0)":"PERSICO, DANIEL RAUL"},"('Firmantes', 'DISTRITO')":{"('0031-S-2013', 0)":"SAN LUIS"},"('Firmantes', 'BLOQUE')":{"('0031-S-2013', 0)":"FRENTE PARA LA VICTORIA - PJ"},"Link":{"('0031-S-2013', 0)":"http:\/\/www.senado.gov.ar\/parlamentario\/comisiones\/verExp\/31.13\/S\/PC"},"Palabra Clave":{"('0031-S-2013', 0)":" "}}