{"Tipo de Proyecto":{"('0033-D-2013', 0)":"PROYECTO DE LEY","('0033-D-2013', 1)":null,"('0033-D-2013', 2)":null},"Iniciado en: ":{"('0033-D-2013', 0)":"Diputados","('0033-D-2013', 1)":null,"('0033-D-2013', 2)":null},"Expediente Diputados: ":{"('0033-D-2013', 0)":"0033-D-2013","('0033-D-2013', 1)":null,"('0033-D-2013', 2)":null},"Publicado en: ":{"('0033-D-2013', 0)":"Tr\u00e1mite Parlamentario N\u00b0 1","('0033-D-2013', 1)":null,"('0033-D-2013', 2)":null},"Fecha: ":{"('0033-D-2013', 0)":"04\/03\/2013","('0033-D-2013', 1)":null,"('0033-D-2013', 2)":null},"T\u00edtulo":{"('0033-D-2013', 0)":"BUSQUEDA DE NI\u00d1AS, NI\u00d1OS Y ADOLESCENTES EXTRAVIADOS A TRAVES DE GIGANTOGRAFIAS EN MEDIOS DE TRANSPORTE. ","('0033-D-2013', 1)":null,"('0033-D-2013', 2)":null},"('Firmantes', 'FIRMANTE')":{"('0033-D-2013', 0)":"GUZMAN, OLGA ELIZABETH","('0033-D-2013', 1)":null,"('0033-D-2013', 2)":null},"('Firmantes', 'DISTRITO')":{"('0033-D-2013', 0)":"NEUQUEN","('0033-D-2013', 1)":null,"('0033-D-2013', 2)":null},"('Firmantes', 'BLOQUE')":{"('0033-D-2013', 0)":"MOV POP NEUQUINO","('0033-D-2013', 1)":null,"('0033-D-2013', 2)":null},"('Giros', 'COMISI\u00d3N')":{"('0033-D-2013', 0)":"TRANSPORTES","('0033-D-2013', 1)":"LEGISLACION PENAL","('0033-D-2013', 2)":"PRESUPUESTO Y HACIENDA"},"Sumario":{"('0033-D-2013', 0)":"INVITACION A ADHERIR.","('0033-D-2013', 1)":null,"('0033-D-2013', 2)":null},"Palabra Clave":{"('0033-D-2013', 0)":" ","('0033-D-2013', 1)":null,"('0033-D-2013', 2)":null}}