{"Tipo de Proyecto":{"('0033-S-2013', 0)":"PROYECTO DE LEY","('0033-S-2013', 1)":null,"('0033-S-2013', 2)":null},"Iniciado en: ":{"('0033-S-2013', 0)":"Senado","('0033-S-2013', 1)":null,"('0033-S-2013', 2)":null},"Expediente Diputados: ":{"('0033-S-2013', 0)":"0033-S-2013","('0033-S-2013', 1)":null,"('0033-S-2013', 2)":null},"Expediente Senado: ":{"('0033-S-2013', 0)":"2453-S-2013","('0033-S-2013', 1)":null,"('0033-S-2013', 2)":null},"Publicado en: ":{"('0033-S-2013', 0)":"Diario de Asuntos Entrados N\u00b0 94","('0033-S-2013', 1)":null,"('0033-S-2013', 2)":null},"Fecha: ":{"('0033-S-2013', 0)":"13\/06\/2013","('0033-S-2013', 1)":null,"('0033-S-2013', 2)":null},"T\u00edtulo":{"('0033-S-2013', 0)":"ESTABLECER UN REGIMEN PREVISIONAL PREFERENCIAL PARA LOS TRABAJADORES DE CAMARAS FRIGORIFICAS Y TUNELES DE PREENFRIAMIENTO, PUDIENDO ACCEDER A LA JUBILACION CUANDO ALCANCEN LA EDAD DE CINCUENTA Y CINCO (55) A\u00d1OS, SIN DISTINCION DE SEXO.","('0033-S-2013', 1)":null,"('0033-S-2013', 2)":null},"('Firmantes', 'FIRMANTE')":{"('0033-S-2013', 0)":"PICHETTO, MIGUEL ANGEL","('0033-S-2013', 1)":null,"('0033-S-2013', 2)":null},"('Firmantes', 'DISTRITO')":{"('0033-S-2013', 0)":"RIO NEGRO","('0033-S-2013', 1)":null,"('0033-S-2013', 2)":null},"('Firmantes', 'BLOQUE')":{"('0033-S-2013', 0)":"FRENTE PARA LA VICTORIA - PJ","('0033-S-2013', 1)":null,"('0033-S-2013', 2)":null},"('Giros', 'COMISI\u00d3N')":{"('0033-S-2013', 0)":"PREVISION Y SEGURIDAD SOCIAL","('0033-S-2013', 1)":"LEGISLACION DEL TRABAJO","('0033-S-2013', 2)":"PRESUPUESTO Y HACIENDA"},"('Tramites', 'C\u00c1MARA')":{"('0033-S-2013', 0)":"Senado","('0033-S-2013', 1)":"Diputados","('0033-S-2013', 2)":null},"('Tramites', 'MOVIMIENTO')":{"('0033-S-2013', 0)":"CONSIDERACION Y APROBACION","('0033-S-2013', 1)":"PASA A DIPUTADOS -","('0033-S-2013', 2)":null},"('Tramites', 'FECHA')":{"('0033-S-2013', 0)":"04\/09\/2013","('0033-S-2013', 1)":null,"('0033-S-2013', 2)":null},"('Tramites', 'RESULTADO')":{"('0033-S-2013', 0)":"MEDIA SANCION","('0033-S-2013', 1)":null,"('0033-S-2013', 2)":null},"Link":{"('0033-S-2013', 0)":"http:\/\/www.senado.gov.ar\/parlamentario\/comisiones\/verExp\/2453.13\/S\/PL","('0033-S-2013', 1)":null,"('0033-S-2013', 2)":null},"Palabra Clave":{"('0033-S-2013', 0)":" ","('0033-S-2013', 1)":null,"('0033-S-2013', 2)":null}}