{"Tipo de Proyecto":{"('0035-PE-2013', 0)":"MENSAJE NRO: 0657\/13","('0035-PE-2013', 1)":null},"Iniciado en: ":{"('0035-PE-2013', 0)":"Senado","('0035-PE-2013', 1)":null},"Expediente Senado: ":{"('0035-PE-2013', 0)":"0035-PE-2013","('0035-PE-2013', 1)":null},"Publicado en: ":{"('0035-PE-2013', 0)":"DAE S.A. N\u00b0 3","('0035-PE-2013', 1)":null},"Fecha: ":{"('0035-PE-2013', 0)":"04\/06\/2013","('0035-PE-2013', 1)":null},"T\u00edtulo":{"('0035-PE-2013', 0)":"SOLICITAR ACUERDO PARA DESIGNAR DEFENSOR PUBLICO OFICIAL ANTE LOS JUZGADOS NACIONALES Y CAMARA NACIONAL DE APELACIONES EN LO CIVIL, COMERCIAL Y DEL TRABAJO, DEFENSORIA N\u00ba 2 AL DOCTOR MARCELO FLAVIO GAETA.","('0035-PE-2013', 1)":null},"('Firmantes', 'FIRMANTE')":{"('0035-PE-2013', 0)":"FERNANDEZ DE KIRCHNER, CRISTINA","('0035-PE-2013', 1)":"ALAK, JULIO"},"('Firmantes', 'DISTRITO')":{"('0035-PE-2013', 0)":null,"('0035-PE-2013', 1)":null},"('Firmantes', 'BLOQUE')":{"('0035-PE-2013', 0)":"PODER EJECUTIVO","('0035-PE-2013', 1)":"PODER EJECUTIVO"},"('Tramites', 'C\u00c1MARA')":{"('0035-PE-2013', 0)":"Senado","('0035-PE-2013', 1)":null},"('Tramites', 'MOVIMIENTO')":{"('0035-PE-2013', 0)":"CONSIDERACION Y APROBACION","('0035-PE-2013', 1)":null},"('Tramites', 'FECHA')":{"('0035-PE-2013', 0)":"31\/07\/2013","('0035-PE-2013', 1)":null},"('Tramites', 'RESULTADO')":{"('0035-PE-2013', 0)":"APROBADO","('0035-PE-2013', 1)":null},"Palabra Clave":{"('0035-PE-2013', 0)":" ","('0035-PE-2013', 1)":null}}