{"Tipo de Proyecto":{"('0035-D-2013', 0)":"PROYECTO DE LEY","('0035-D-2013', 1)":null,"('0035-D-2013', 2)":null},"Iniciado en: ":{"('0035-D-2013', 0)":"Diputados","('0035-D-2013', 1)":null,"('0035-D-2013', 2)":null},"Expediente Diputados: ":{"('0035-D-2013', 0)":"0035-D-2013","('0035-D-2013', 1)":null,"('0035-D-2013', 2)":null},"Publicado en: ":{"('0035-D-2013', 0)":"Tr\u00e1mite Parlamentario N\u00b0 1","('0035-D-2013', 1)":null,"('0035-D-2013', 2)":null},"Fecha: ":{"('0035-D-2013', 0)":"04\/03\/2013","('0035-D-2013', 1)":null,"('0035-D-2013', 2)":null},"T\u00edtulo":{"('0035-D-2013', 0)":"PROGRAMA FEDERAL DE EQUINOTERAPIA: CREACION EN EL AMBITO DEL MINISTERIO DE SALUD DE LA NACION.","('0035-D-2013', 1)":null,"('0035-D-2013', 2)":null},"('Firmantes', 'FIRMANTE')":{"('0035-D-2013', 0)":"GUZMAN, OLGA ELIZABETH","('0035-D-2013', 1)":null,"('0035-D-2013', 2)":null},"('Firmantes', 'DISTRITO')":{"('0035-D-2013', 0)":"NEUQUEN","('0035-D-2013', 1)":null,"('0035-D-2013', 2)":null},"('Firmantes', 'BLOQUE')":{"('0035-D-2013', 0)":"MOV POP NEUQUINO","('0035-D-2013', 1)":null,"('0035-D-2013', 2)":null},"('Giros', 'COMISI\u00d3N')":{"('0035-D-2013', 0)":"ACCION SOCIAL Y SALUD PUBLICA","('0035-D-2013', 1)":"DISCAPACIDAD","('0035-D-2013', 2)":"PRESUPUESTO Y HACIENDA"},"Sumario":{"('0035-D-2013', 0)":"OBJETIVOS DEL PROGRAMA; INCORPORACION A LAS PRESTACIONES DE OBRAS SOCIALES Y EMPRESAS DE MEDICINA PREPAGA.","('0035-D-2013', 1)":null,"('0035-D-2013', 2)":null},"Palabra Clave":{"('0035-D-2013', 0)":" ","('0035-D-2013', 1)":null,"('0035-D-2013', 2)":null}}