{"Tipo de Proyecto":{"('0035-S-2013', 0)":"PROYECTO DE DECLARACI\u00d3N"},"Iniciado en: ":{"('0035-S-2013', 0)":"Senado"},"Expediente Senado: ":{"('0035-S-2013', 0)":"0035-S-2013"},"Publicado en: ":{"('0035-S-2013', 0)":"Diario de Asuntos Entrados N\u00b0 2"},"Fecha: ":{"('0035-S-2013', 0)":"04\/03\/2013"},"T\u00edtulo":{"('0035-S-2013', 0)":"ADHERIR A UN NUEVO ANIVERSARIO DEL FALLECIMIENTO DEL DR. GUILLERMO RAWSON. EL 2 DE FEBRERO DEL 2013. "},"('Firmantes', 'FIRMANTE')":{"('0035-S-2013', 0)":"ITURREZ DE CAPPELLINI, ADA ROSA DEL VALLE"},"('Firmantes', 'DISTRITO')":{"('0035-S-2013', 0)":"SANTIAGO DEL ESTERO"},"('Firmantes', 'BLOQUE')":{"('0035-S-2013', 0)":"FRENTE CIVICO POR SANTIAGO"},"('Tramites', 'C\u00c1MARA')":{"('0035-S-2013', 0)":"Senado"},"('Tramites', 'MOVIMIENTO')":{"('0035-S-2013', 0)":"CONSIDERACION Y APROBACION"},"('Tramites', 'FECHA')":{"('0035-S-2013', 0)":"05\/06\/2013"},"('Tramites', 'RESULTADO')":{"('0035-S-2013', 0)":"APROBADO"},"Link":{"('0035-S-2013', 0)":"http:\/\/www.senado.gov.ar\/parlamentario\/comisiones\/verExp\/35.13\/S\/PD"},"Palabra Clave":{"('0035-S-2013', 0)":" "}}