{"Tipo de Proyecto":{"('0036-OV-2013', 0)":"PROYECTO DE RESOLUCI\u00d3N"},"Iniciado en: ":{"('0036-OV-2013', 0)":"Senado"},"Expediente Senado: ":{"('0036-OV-2013', 0)":"0036-OV-2013"},"Publicado en: ":{"('0036-OV-2013', 0)":"Diario de Asuntos Entrados N\u00b0 0"},"Fecha: ":{"('0036-OV-2013', 0)":"25\/10\/2013"},"T\u00edtulo":{"('0036-OV-2013', 0)":"DICTAMEN EN LA RESOLUCION REMITIDA POR LA AUDITORIA GENERAL DE LA NACION 39\/13; EN LOS TERMINOS DEL ARTICULO 19 DE LAS NORMAS BASICAS PARA EL FUNCIONAMIENTO DE LA AGN Y DEL ARTICULO 1 DE LA DISPOSICION 238\/09-AGN, SOBRE CUESTIONES EMERGENTES DEL EJERCICIO DEL CONTROL EXTERNO DE LA AGN, REFERIDO AL INCUMPLIMIENTO DE BRINDAR INFORMACION VINCULADA A LA UNIDAD DE GESTION LOCAL XIII - CHACO."},"('Firmantes', 'FIRMANTE')":{"('0036-OV-2013', 0)":"PARLAMENTARIA MIXTA REVISORA DE CUENTAS"},"('Firmantes', 'DISTRITO')":{"('0036-OV-2013', 0)":null},"('Firmantes', 'BLOQUE')":{"('0036-OV-2013', 0)":null},"('Tramites', 'C\u00c1MARA')":{"('0036-OV-2013', 0)":"Senado"},"('Tramites', 'MOVIMIENTO')":{"('0036-OV-2013', 0)":"CONSIDERACION Y APROBACION (AL ARCHIVO)"},"('Tramites', 'FECHA')":{"('0036-OV-2013', 0)":"10\/12\/2014"},"('Tramites', 'RESULTADO')":{"('0036-OV-2013', 0)":"APROBADO"},"Sumario":{"('0036-OV-2013', 0)":"HABIENDO TOMADO CONOCIMIENTO, Y SIN PERJUICIO DE ULTERIORES MEDIDAS QUE PUEDAN ADOPTARSE, SE ACONSEJA SU REMISION AL ARCHIVO."},"Palabra Clave":{"('0036-OV-2013', 0)":" "}}