{"Tipo de Proyecto":{"('0037-S-2013', 0)":"MENSAJE NRO: 0404\/13 Y PROYECTO DE LEY","('0037-S-2013', 1)":null,"('0037-S-2013', 2)":null},"Iniciado en: ":{"('0037-S-2013', 0)":"Senado","('0037-S-2013', 1)":null,"('0037-S-2013', 2)":null},"Expediente Diputados: ":{"('0037-S-2013', 0)":"0037-S-2013","('0037-S-2013', 1)":null,"('0037-S-2013', 2)":null},"Expediente Senado: ":{"('0037-S-2013', 0)":"0015-PE-2013","('0037-S-2013', 1)":null,"('0037-S-2013', 2)":null},"Publicado en: ":{"('0037-S-2013', 0)":"Diario de Asuntos Entrados N\u00b0 59","('0037-S-2013', 1)":null,"('0037-S-2013', 2)":null},"Fecha: ":{"('0037-S-2013', 0)":"16\/04\/2013","('0037-S-2013', 1)":null,"('0037-S-2013', 2)":null},"T\u00edtulo":{"('0037-S-2013', 0)":"APROBACION DEL ACUERDO DE COOPERACION TECNICA CON LA REPUBLICA DE FILIPINAS, CELEBRADO EN BUENOS AIRES EL 24 DE AGOSTO DE 2011. ","('0037-S-2013', 1)":null,"('0037-S-2013', 2)":null},"('Firmantes', 'FIRMANTE')":{"('0037-S-2013', 0)":"FERNANDEZ DE KIRCHNER, CRISTINA","('0037-S-2013', 1)":"ABAL MEDINA, JUAN MANUEL","('0037-S-2013', 2)":"TIMERMAN, HECTOR MARCOS"},"('Firmantes', 'DISTRITO')":{"('0037-S-2013', 0)":null,"('0037-S-2013', 1)":null,"('0037-S-2013', 2)":null},"('Firmantes', 'BLOQUE')":{"('0037-S-2013', 0)":"PODER EJECUTIVO","('0037-S-2013', 1)":"PODER EJECUTIVO","('0037-S-2013', 2)":"PODER EJECUTIVO"},"('Giros', 'COMISI\u00d3N')":{"('0037-S-2013', 0)":"RELACIONES EXTERIORES Y CULTO","('0037-S-2013', 1)":"CIENCIA, TECNOLOGIA E INNOVACION PRODUCTIVA","('0037-S-2013', 2)":null},"('Tramites', 'C\u00c1MARA')":{"('0037-S-2013', 0)":"Senado","('0037-S-2013', 1)":"Diputados","('0037-S-2013', 2)":"Diputados"},"('Tramites', 'MOVIMIENTO')":{"('0037-S-2013', 0)":"CONSIDERACION Y APROBACION","('0037-S-2013', 1)":"PASA A DIPUTADOS -","('0037-S-2013', 2)":"MODIFICACION DE LOS ARTICULOS 61 Y 67 DEL REGLAMENTO DE LA H CAMARA DE DIPUTADOS, (EXPEDIENTE 1316-D-14, APROBADO EL 02\/07\/2014), CAMBIO DE GIRO DE LA COMISION DE CIENCIA Y TECNOLOGIA A LA DE CIENCIA, TECNOLOGIA E INNOVACION PRODUCTIVA"},"('Tramites', 'FECHA')":{"('0037-S-2013', 0)":"04\/09\/2013","('0037-S-2013', 1)":null,"('0037-S-2013', 2)":null},"('Tramites', 'RESULTADO')":{"('0037-S-2013', 0)":"MEDIA SANCION","('0037-S-2013', 1)":null,"('0037-S-2013', 2)":null},"Link":{"('0037-S-2013', 0)":"http:\/\/www.senado.gov.ar\/web\/proyectos\/verExpe.php?origen=PE&nro_comision=&tipo=PL&numexp=15\/13&tConsulta=5","('0037-S-2013', 1)":null,"('0037-S-2013', 2)":null},"Palabra Clave":{"('0037-S-2013', 0)":" ","('0037-S-2013', 1)":null,"('0037-S-2013', 2)":null}}