{"Tipo de Proyecto":{"('0038-S-2013', 0)":"MENSAJE NRO: 0544\/13 Y PROYECTO DE LEY","('0038-S-2013', 1)":null,"('0038-S-2013', 2)":null},"Iniciado en: ":{"('0038-S-2013', 0)":"Senado","('0038-S-2013', 1)":null,"('0038-S-2013', 2)":null},"Expediente Diputados: ":{"('0038-S-2013', 0)":"0038-S-2013","('0038-S-2013', 1)":null,"('0038-S-2013', 2)":null},"Expediente Senado: ":{"('0038-S-2013', 0)":"0029-PE-2013","('0038-S-2013', 1)":null,"('0038-S-2013', 2)":null},"Publicado en: ":{"('0038-S-2013', 0)":"Diario de Asuntos Entrados N\u00b0 82","('0038-S-2013', 1)":null,"('0038-S-2013', 2)":null},"Fecha: ":{"('0038-S-2013', 0)":"31\/05\/2013","('0038-S-2013', 1)":null,"('0038-S-2013', 2)":null},"T\u00edtulo":{"('0038-S-2013', 0)":"APROBACION DEL ACUERDO COMERCIAL CON EL GOBIERNO DEL ESTADO DE KUWAIT, CELEBRADO EN LA CIUDAD DE KUWAIT, ESTADO DE KUWAIT, EL 16 DE ENERO DE 2011. ","('0038-S-2013', 1)":null,"('0038-S-2013', 2)":null},"('Firmantes', 'FIRMANTE')":{"('0038-S-2013', 0)":"FERNANDEZ DE KIRCHNER, CRISTINA","('0038-S-2013', 1)":"ABAL MEDINA, JUAN MANUEL","('0038-S-2013', 2)":"TIMERMAN, HECTOR MARCOS"},"('Firmantes', 'DISTRITO')":{"('0038-S-2013', 0)":null,"('0038-S-2013', 1)":null,"('0038-S-2013', 2)":null},"('Firmantes', 'BLOQUE')":{"('0038-S-2013', 0)":"PODER EJECUTIVO","('0038-S-2013', 1)":"PODER EJECUTIVO","('0038-S-2013', 2)":"PODER EJECUTIVO"},"('Giros', 'COMISI\u00d3N')":{"('0038-S-2013', 0)":"RELACIONES EXTERIORES Y CULTO","('0038-S-2013', 1)":"COMERCIO","('0038-S-2013', 2)":null},"('Tramites', 'C\u00c1MARA')":{"('0038-S-2013', 0)":"Senado","('0038-S-2013', 1)":"Diputados","('0038-S-2013', 2)":"Diputados"},"('Tramites', 'MOVIMIENTO')":{"('0038-S-2013', 0)":"CONSIDERACION Y APROBACION","('0038-S-2013', 1)":"PASA A DIPUTADOS -","('0038-S-2013', 2)":"CONSIDERACION Y SANCION"},"('Tramites', 'FECHA')":{"('0038-S-2013', 0)":"04\/09\/2013","('0038-S-2013', 1)":null,"('0038-S-2013', 2)":"19\/11\/2014"},"('Tramites', 'RESULTADO')":{"('0038-S-2013', 0)":"MEDIA SANCION","('0038-S-2013', 1)":null,"('0038-S-2013', 2)":"SANCIONADO"},"Link":{"('0038-S-2013', 0)":"http:\/\/www.senado.gov.ar\/web\/proyectos\/verExpe.php?origen=PE&nro_comision=&tipo=PL&numexp=29\/13&tConsulta=5","('0038-S-2013', 1)":null,"('0038-S-2013', 2)":null},"Palabra Clave":{"('0038-S-2013', 0)":" ","('0038-S-2013', 1)":null,"('0038-S-2013', 2)":null}}