{"Tipo de Proyecto":{"('0038-PE-2013', 0)":"MENSAJE NRO: 0660\/13","('0038-PE-2013', 1)":null},"Iniciado en: ":{"('0038-PE-2013', 0)":"Senado","('0038-PE-2013', 1)":null},"Expediente Senado: ":{"('0038-PE-2013', 0)":"0038-PE-2013","('0038-PE-2013', 1)":null},"Publicado en: ":{"('0038-PE-2013', 0)":"DAE S.A. N\u00b0 3","('0038-PE-2013', 1)":null},"Fecha: ":{"('0038-PE-2013', 0)":"04\/06\/2013","('0038-PE-2013', 1)":null},"T\u00edtulo":{"('0038-PE-2013', 0)":"SOLICITAR ACUERDO PARA DESIGNAR DEFENSORA PUBLICA OFICIAL ADJUNTA DE LA DEFENSORIA GENERAL DE LA NACION, A LA DOCTORA JULIETA BEATRIZ DI CORLETO.","('0038-PE-2013', 1)":null},"('Firmantes', 'FIRMANTE')":{"('0038-PE-2013', 0)":"FERNANDEZ DE KIRCHNER, CRISTINA","('0038-PE-2013', 1)":"ALAK, JULIO"},"('Firmantes', 'DISTRITO')":{"('0038-PE-2013', 0)":null,"('0038-PE-2013', 1)":null},"('Firmantes', 'BLOQUE')":{"('0038-PE-2013', 0)":"PODER EJECUTIVO","('0038-PE-2013', 1)":"PODER EJECUTIVO"},"('Tramites', 'C\u00c1MARA')":{"('0038-PE-2013', 0)":"Senado","('0038-PE-2013', 1)":null},"('Tramites', 'MOVIMIENTO')":{"('0038-PE-2013', 0)":"CONSIDERACION Y APROBACION","('0038-PE-2013', 1)":null},"('Tramites', 'FECHA')":{"('0038-PE-2013', 0)":"31\/07\/2013","('0038-PE-2013', 1)":null},"('Tramites', 'RESULTADO')":{"('0038-PE-2013', 0)":"APROBADO","('0038-PE-2013', 1)":null},"Palabra Clave":{"('0038-PE-2013', 0)":" ","('0038-PE-2013', 1)":null}}