{"Tipo de Proyecto":{"('0039-PE-2013', 0)":"MENSAJE NRO: 0669\/13","('0039-PE-2013', 1)":null},"Iniciado en: ":{"('0039-PE-2013', 0)":"Senado","('0039-PE-2013', 1)":null},"Expediente Senado: ":{"('0039-PE-2013', 0)":"0039-PE-2013","('0039-PE-2013', 1)":null},"Publicado en: ":{"('0039-PE-2013', 0)":"DAE S.A. N\u00b0 3","('0039-PE-2013', 1)":null},"Fecha: ":{"('0039-PE-2013', 0)":"04\/06\/2013","('0039-PE-2013', 1)":null},"T\u00edtulo":{"('0039-PE-2013', 0)":"SOLICITAR ACUERDO PARA DESIGNAR DEFENSORA PUBLICA OFICIAL ANTE EL TRIBUNAL ORAL EN LO CRIMINAL FEDERAL DE CONCEPCION DEL URUGUAY, PROVINCIA DE ENTRE RIOS, A LA DOCTORA JULIETA ELIZALDE","('0039-PE-2013', 1)":null},"('Firmantes', 'FIRMANTE')":{"('0039-PE-2013', 0)":"FERNANDEZ DE KIRCHNER, CRISTINA","('0039-PE-2013', 1)":"ALAK, JULIO"},"('Firmantes', 'DISTRITO')":{"('0039-PE-2013', 0)":null,"('0039-PE-2013', 1)":null},"('Firmantes', 'BLOQUE')":{"('0039-PE-2013', 0)":"PODER EJECUTIVO","('0039-PE-2013', 1)":"PODER EJECUTIVO"},"('Tramites', 'C\u00c1MARA')":{"('0039-PE-2013', 0)":"Senado","('0039-PE-2013', 1)":null},"('Tramites', 'MOVIMIENTO')":{"('0039-PE-2013', 0)":"CONSIDERACION Y APROBACION","('0039-PE-2013', 1)":null},"('Tramites', 'FECHA')":{"('0039-PE-2013', 0)":"31\/07\/2013","('0039-PE-2013', 1)":null},"('Tramites', 'RESULTADO')":{"('0039-PE-2013', 0)":"APROBADO","('0039-PE-2013', 1)":null},"Palabra Clave":{"('0039-PE-2013', 0)":" ","('0039-PE-2013', 1)":null}}