{"Tipo de Proyecto":{"('0040-S-2013', 0)":"PROYECTO DE LEY","('0040-S-2013', 1)":null,"('0040-S-2013', 2)":null},"Iniciado en: ":{"('0040-S-2013', 0)":"Senado","('0040-S-2013', 1)":null,"('0040-S-2013', 2)":null},"Expediente Diputados: ":{"('0040-S-2013', 0)":"0040-S-2013","('0040-S-2013', 1)":null,"('0040-S-2013', 2)":null},"Expediente Senado: ":{"('0040-S-2013', 0)":"1720-S-2013","('0040-S-2013', 1)":null,"('0040-S-2013', 2)":null},"Publicado en: ":{"('0040-S-2013', 0)":"Diario de Asuntos Entrados N\u00b0 59","('0040-S-2013', 1)":null,"('0040-S-2013', 2)":null},"Fecha: ":{"('0040-S-2013', 0)":"25\/04\/2013","('0040-S-2013', 1)":null,"('0040-S-2013', 2)":null},"T\u00edtulo":{"('0040-S-2013', 0)":"REGIMEN PREVISIONAL DIFERENCIAL PARA LOS TRABAJADORES QUE SE DESEMPE\u00d1EN EN LOS ESTABLECIMIENTOS DE INDUSTRIALIZACION DEL QUEBRACHO PARA LA OBTENCION DEL TANINO, QUE SE ENCUENTREN COMPRENDIDOS EN EL CONVENIO COLECTIVO DE TRABAJO 167\/75.","('0040-S-2013', 1)":null,"('0040-S-2013', 2)":null},"('Firmantes', 'FIRMANTE')":{"('0040-S-2013', 0)":"CORREGIDO, ELENA MERCEDES","('0040-S-2013', 1)":null,"('0040-S-2013', 2)":null},"('Firmantes', 'DISTRITO')":{"('0040-S-2013', 0)":"CHACO","('0040-S-2013', 1)":null,"('0040-S-2013', 2)":null},"('Firmantes', 'BLOQUE')":{"('0040-S-2013', 0)":"FRENTE PARA LA VICTORIA - PJ","('0040-S-2013', 1)":null,"('0040-S-2013', 2)":null},"('Giros', 'COMISI\u00d3N')":{"('0040-S-2013', 0)":"PREVISION Y SEGURIDAD SOCIAL","('0040-S-2013', 1)":"LEGISLACION DEL TRABAJO","('0040-S-2013', 2)":"PRESUPUESTO Y HACIENDA"},"('Tramites', 'C\u00c1MARA')":{"('0040-S-2013', 0)":"Senado","('0040-S-2013', 1)":"Diputados","('0040-S-2013', 2)":null},"('Tramites', 'MOVIMIENTO')":{"('0040-S-2013', 0)":"CONSIDERACION Y APROBACION","('0040-S-2013', 1)":"PASA A DIPUTADOS -","('0040-S-2013', 2)":null},"('Tramites', 'FECHA')":{"('0040-S-2013', 0)":"04\/09\/2013","('0040-S-2013', 1)":null,"('0040-S-2013', 2)":null},"('Tramites', 'RESULTADO')":{"('0040-S-2013', 0)":"MEDIA SANCION","('0040-S-2013', 1)":null,"('0040-S-2013', 2)":null},"Sumario":{"('0040-S-2013', 0)":"ACCESO A LA JUBILACION A LA EDAD DE CINCUENTA Y CINCO (55) A\u00d1OS; REQUISITOS; CONTRIBUCION PATRONAL ADICIONAL A LA ESTABLECIDA EN EL SISTEMA INTEGRADO PREVISIONAL ARGENTINO (SIPA), A APLICARSE SOBRE LA REMUNERACION IMPONIBLE DE LOS TRABAJADORES COMPRENDIDOS EN EL PRESENTE REGIMEN; INGRESO A OTRAS TAREAS O ACTIVIDADES: SUJETO A LO ESTABLECIDO EN EL ARTICULO 66 DE LA LEY 18037 (REGIMEN DE JUBILACIONES Y PENSIONES PARA TRABAJADORES EN RELACION DE DEPENDENCIA) Y EN EL ARTICULO 44 DE LA LEY 18038 (REGIMEN DE JUBILACIONES Y PENSIONES PARA TRABAJADORES AUTONOMOS).","('0040-S-2013', 1)":null,"('0040-S-2013', 2)":null},"Palabra Clave":{"('0040-S-2013', 0)":" ","('0040-S-2013', 1)":null,"('0040-S-2013', 2)":null}}