{"Tipo de Proyecto":{"('0041-S-2013', 0)":"PROYECTO DE LEY","('0041-S-2013', 1)":null,"('0041-S-2013', 2)":null,"('0041-S-2013', 3)":null,"('0041-S-2013', 4)":null,"('0041-S-2013', 5)":null,"('0041-S-2013', 6)":null,"('0041-S-2013', 7)":null,"('0041-S-2013', 8)":null},"Iniciado en: ":{"('0041-S-2013', 0)":"Senado","('0041-S-2013', 1)":null,"('0041-S-2013', 2)":null,"('0041-S-2013', 3)":null,"('0041-S-2013', 4)":null,"('0041-S-2013', 5)":null,"('0041-S-2013', 6)":null,"('0041-S-2013', 7)":null,"('0041-S-2013', 8)":null},"Expediente Diputados: ":{"('0041-S-2013', 0)":"0041-S-2013","('0041-S-2013', 1)":null,"('0041-S-2013', 2)":null,"('0041-S-2013', 3)":null,"('0041-S-2013', 4)":null,"('0041-S-2013', 5)":null,"('0041-S-2013', 6)":null,"('0041-S-2013', 7)":null,"('0041-S-2013', 8)":null},"Expediente Senado: ":{"('0041-S-2013', 0)":"3050-S-2013","('0041-S-2013', 1)":null,"('0041-S-2013', 2)":null,"('0041-S-2013', 3)":null,"('0041-S-2013', 4)":null,"('0041-S-2013', 5)":null,"('0041-S-2013', 6)":null,"('0041-S-2013', 7)":null,"('0041-S-2013', 8)":null},"Publicado en: ":{"('0041-S-2013', 0)":"Diario de Asuntos Entrados N\u00b0 124","('0041-S-2013', 1)":null,"('0041-S-2013', 2)":null,"('0041-S-2013', 3)":null,"('0041-S-2013', 4)":null,"('0041-S-2013', 5)":null,"('0041-S-2013', 6)":null,"('0041-S-2013', 7)":null,"('0041-S-2013', 8)":null},"Fecha: ":{"('0041-S-2013', 0)":"07\/08\/2013","('0041-S-2013', 1)":null,"('0041-S-2013', 2)":null,"('0041-S-2013', 3)":null,"('0041-S-2013', 4)":null,"('0041-S-2013', 5)":null,"('0041-S-2013', 6)":null,"('0041-S-2013', 7)":null,"('0041-S-2013', 8)":null},"T\u00edtulo":{"('0041-S-2013', 0)":"REGIMEN DE REPARACION Y ASISTENCIA EN FAVOR DE LOS DAMNIFICADOS POR LA EXPLOSION OCURRIDA EN LA CIUDAD DE ROSARIO, EL 6 DE AGOSTO DE 2013.","('0041-S-2013', 1)":null,"('0041-S-2013', 2)":null,"('0041-S-2013', 3)":null,"('0041-S-2013', 4)":null,"('0041-S-2013', 5)":null,"('0041-S-2013', 6)":null,"('0041-S-2013', 7)":null,"('0041-S-2013', 8)":null},"('Firmantes', 'FIRMANTE')":{"('0041-S-2013', 0)":"GIUSTINIANI, RUBEN HECTOR","('0041-S-2013', 1)":"LATORRE, ROXANA","('0041-S-2013', 2)":"ESTENSSORO, MARIA EUGENIA","('0041-S-2013', 3)":"VERA, ARTURO","('0041-S-2013', 4)":"NEGRE DE ALONSO, LILIANA T.","('0041-S-2013', 5)":"MORALES, GERARDO RUBEN","('0041-S-2013', 6)":"SANZ, ERNESTO RICARDO","('0041-S-2013', 7)":"LINARES, JAIME","('0041-S-2013', 8)":"REUTEMANN, CARLOS ALBERTO"},"('Firmantes', 'DISTRITO')":{"('0041-S-2013', 0)":"SANTA FE","('0041-S-2013', 1)":"SANTA FE","('0041-S-2013', 2)":"CIUDAD de BUENOS AIRES","('0041-S-2013', 3)":"ENTRE RIOS","('0041-S-2013', 4)":"SAN LUIS","('0041-S-2013', 5)":"JUJUY","('0041-S-2013', 6)":"MENDOZA","('0041-S-2013', 7)":"BUENOS AIRES","('0041-S-2013', 8)":"SANTA FE"},"('Firmantes', 'BLOQUE')":{"('0041-S-2013', 0)":"PARTIDO SOCIALISTA","('0041-S-2013', 1)":"FEDERALISMO SANTAFESINO","('0041-S-2013', 2)":"COALICION CIVICA","('0041-S-2013', 3)":"UCR","('0041-S-2013', 4)":"JUSTICIALISTA SAN LUIS","('0041-S-2013', 5)":"UCR","('0041-S-2013', 6)":"UCR","('0041-S-2013', 7)":"GEN","('0041-S-2013', 8)":"SANTA FE FEDERAL"},"('Giros', 'COMISI\u00d3N')":{"('0041-S-2013', 0)":"ACCION SOCIAL Y SALUD PUBLICA","('0041-S-2013', 1)":"PRESUPUESTO Y HACIENDA","('0041-S-2013', 2)":null,"('0041-S-2013', 3)":null,"('0041-S-2013', 4)":null,"('0041-S-2013', 5)":null,"('0041-S-2013', 6)":null,"('0041-S-2013', 7)":null,"('0041-S-2013', 8)":null},"('Tramites', 'C\u00c1MARA')":{"('0041-S-2013', 0)":"Senado","('0041-S-2013', 1)":"Senado","('0041-S-2013', 2)":"Diputados","('0041-S-2013', 3)":null,"('0041-S-2013', 4)":null,"('0041-S-2013', 5)":null,"('0041-S-2013', 6)":null,"('0041-S-2013', 7)":null,"('0041-S-2013', 8)":null},"('Tramites', 'MOVIMIENTO')":{"('0041-S-2013', 0)":"MOCION SOBRE TABLAS (AFIRMATIVA)","('0041-S-2013', 1)":"CONSIDERACION Y APROBACION CON MODIFICACIONES","('0041-S-2013', 2)":"PASA A DIPUTADOS -","('0041-S-2013', 3)":null,"('0041-S-2013', 4)":null,"('0041-S-2013', 5)":null,"('0041-S-2013', 6)":null,"('0041-S-2013', 7)":null,"('0041-S-2013', 8)":null},"('Tramites', 'FECHA')":{"('0041-S-2013', 0)":"04\/09\/2013","('0041-S-2013', 1)":"04\/09\/2013","('0041-S-2013', 2)":null,"('0041-S-2013', 3)":null,"('0041-S-2013', 4)":null,"('0041-S-2013', 5)":null,"('0041-S-2013', 6)":null,"('0041-S-2013', 7)":null,"('0041-S-2013', 8)":null},"('Tramites', 'RESULTADO')":{"('0041-S-2013', 0)":null,"('0041-S-2013', 1)":"MEDIA SANCION","('0041-S-2013', 2)":null,"('0041-S-2013', 3)":null,"('0041-S-2013', 4)":null,"('0041-S-2013', 5)":null,"('0041-S-2013', 6)":null,"('0041-S-2013', 7)":null,"('0041-S-2013', 8)":null},"Sumario":{"('0041-S-2013', 0)":"CREACION EN EL AMBITO DEL MINISTERIO DEL INTERIOR Y TRANSPORTE DE LA NACION DEL FONDO ESPECIAL PARA LA REPARACION Y ASISTENCIA A LOS DAMNIFICADOS POR LAS PERDIDAS GENERADAS POR LA EXPLOSION OCURRIDA EN EL EDIFICIO SITO EN LA CALLE SALTA 2141 DE LA CIUDAD DE ROSARIO, PROVINCIA DE SANTA FE, EL DIA 6 DE AGOSTO DE 2013; AFECTACION DE PARTIDA PRESUPUESTARIA.","('0041-S-2013', 1)":null,"('0041-S-2013', 2)":null,"('0041-S-2013', 3)":null,"('0041-S-2013', 4)":null,"('0041-S-2013', 5)":null,"('0041-S-2013', 6)":null,"('0041-S-2013', 7)":null,"('0041-S-2013', 8)":null},"Palabra Clave":{"('0041-S-2013', 0)":" ","('0041-S-2013', 1)":null,"('0041-S-2013', 2)":null,"('0041-S-2013', 3)":null,"('0041-S-2013', 4)":null,"('0041-S-2013', 5)":null,"('0041-S-2013', 6)":null,"('0041-S-2013', 7)":null,"('0041-S-2013', 8)":null}}