{"Tipo de Proyecto":{"('0042-PE-2013', 0)":"MENSAJE NRO: 0664\/13","('0042-PE-2013', 1)":null},"Iniciado en: ":{"('0042-PE-2013', 0)":"Senado","('0042-PE-2013', 1)":null},"Expediente Senado: ":{"('0042-PE-2013', 0)":"0042-PE-2013","('0042-PE-2013', 1)":null},"Publicado en: ":{"('0042-PE-2013', 0)":"DAE S.A. N\u00b0 3","('0042-PE-2013', 1)":null},"Fecha: ":{"('0042-PE-2013', 0)":"04\/06\/2013","('0042-PE-2013', 1)":null},"T\u00edtulo":{"('0042-PE-2013', 0)":"SOLICITAR ACUERDO PARA DESIGNAR DEFENSOR PUBLICO OFICIAL ANTE LOS TRIBUNALES ORALES EN LO CRIMINAL DE LA CAPITAL FEDERAL, DEFENSORIA N\u00ba 7, AL DOCTOR GABRIEL IGNACIO JOSE ANITUA.","('0042-PE-2013', 1)":null},"('Firmantes', 'FIRMANTE')":{"('0042-PE-2013', 0)":"FERNANDEZ DE KIRCHNER, CRISTINA","('0042-PE-2013', 1)":"ALAK, JULIO"},"('Firmantes', 'DISTRITO')":{"('0042-PE-2013', 0)":null,"('0042-PE-2013', 1)":null},"('Firmantes', 'BLOQUE')":{"('0042-PE-2013', 0)":"PODER EJECUTIVO","('0042-PE-2013', 1)":"PODER EJECUTIVO"},"('Tramites', 'C\u00c1MARA')":{"('0042-PE-2013', 0)":"Senado","('0042-PE-2013', 1)":null},"('Tramites', 'MOVIMIENTO')":{"('0042-PE-2013', 0)":"CONSIDERACION Y APROBACION","('0042-PE-2013', 1)":null},"('Tramites', 'FECHA')":{"('0042-PE-2013', 0)":"31\/07\/2013","('0042-PE-2013', 1)":null},"('Tramites', 'RESULTADO')":{"('0042-PE-2013', 0)":"APROBADO","('0042-PE-2013', 1)":null},"Palabra Clave":{"('0042-PE-2013', 0)":" ","('0042-PE-2013', 1)":null}}