{"Tipo de Proyecto":{"('0044-PE-2013', 0)":"MENSAJE NRO: 0666\/13","('0044-PE-2013', 1)":null},"Iniciado en: ":{"('0044-PE-2013', 0)":"Senado","('0044-PE-2013', 1)":null},"Expediente Senado: ":{"('0044-PE-2013', 0)":"0044-PE-2013","('0044-PE-2013', 1)":null},"Publicado en: ":{"('0044-PE-2013', 0)":"DAE S.A. N\u00b0 3","('0044-PE-2013', 1)":null},"Fecha: ":{"('0044-PE-2013', 0)":"04\/06\/2013","('0044-PE-2013', 1)":null},"T\u00edtulo":{"('0044-PE-2013', 0)":"SOLICITAR ACUERDO PARA DESIGNAR DEFENSORA PUBLICO OFICIAL ANTE LOS TRIBUNALES ORALES EN LO CRIMINAL DE LA CAPITAL FEDERAL - DEFENSORIA N\u00b0 1, A LA DOCTORA MARCELA ALEJANDRA PI\u00d1ERO.","('0044-PE-2013', 1)":null},"('Firmantes', 'FIRMANTE')":{"('0044-PE-2013', 0)":"FERNANDEZ DE KIRCHNER, CRISTINA","('0044-PE-2013', 1)":"ALAK, JULIO"},"('Firmantes', 'DISTRITO')":{"('0044-PE-2013', 0)":null,"('0044-PE-2013', 1)":null},"('Firmantes', 'BLOQUE')":{"('0044-PE-2013', 0)":"PODER EJECUTIVO","('0044-PE-2013', 1)":"PODER EJECUTIVO"},"('Tramites', 'C\u00c1MARA')":{"('0044-PE-2013', 0)":"Senado","('0044-PE-2013', 1)":null},"('Tramites', 'MOVIMIENTO')":{"('0044-PE-2013', 0)":"CONSIDERACION Y APROBACION","('0044-PE-2013', 1)":null},"('Tramites', 'FECHA')":{"('0044-PE-2013', 0)":"31\/07\/2013","('0044-PE-2013', 1)":null},"('Tramites', 'RESULTADO')":{"('0044-PE-2013', 0)":"APROBADO","('0044-PE-2013', 1)":null},"Palabra Clave":{"('0044-PE-2013', 0)":" ","('0044-PE-2013', 1)":null}}