{"Tipo de Proyecto":{"('0046-OVD-2013', 0)":"PROYECTO DE RESOLUCI\u00d3N"},"Iniciado en: ":{"('0046-OVD-2013', 0)":"Senado"},"Expediente Senado: ":{"('0046-OVD-2013', 0)":"0046-OVD-2013"},"Fecha: ":{"('0046-OVD-2013', 0)":"25\/10\/2013"},"T\u00edtulo":{"('0046-OVD-2013', 0)":"DICTAMEN EN LA RESPUESTA REMITIDA POR LA JEFATURA DE GABINETE DE MINISTROS EN RELACION CON LA RESOLUCION APROBADA POR EL HCN (RC-81\/12); SOBRE EL INFORME REFERIDO A EVALUAR LA GESTION DESARROLLADA POR LA DIRECCION NACIONAL DE ARQUITECTURA  CON RELACION AL PROGRAMA 25, EJECUCION DE OBRAS DE ARQUITECTURA, PARA LOS EJERCICIOS 2007 Y 2008."},"('Firmantes', 'FIRMANTE')":{"('0046-OVD-2013', 0)":"PARLAMENTARIA MIXTA REVISORA DE CUENTAS"},"('Firmantes', 'DISTRITO')":{"('0046-OVD-2013', 0)":null},"('Firmantes', 'BLOQUE')":{"('0046-OVD-2013', 0)":null},"('Tramites', 'C\u00c1MARA')":{"('0046-OVD-2013', 0)":"Senado"},"('Tramites', 'MOVIMIENTO')":{"('0046-OVD-2013', 0)":"CONSIDERACION Y APROBACION (AL ARCHIVO)"},"('Tramites', 'FECHA')":{"('0046-OVD-2013', 0)":"10\/12\/2014"},"('Tramites', 'RESULTADO')":{"('0046-OVD-2013', 0)":"APROBADO"},"Sumario":{"('0046-OVD-2013', 0)":"HABIENDO TOMADO CONOCIMIENTO, Y SIN PERJUICIO DE ULTERIORES MEDIDAS QUE PUEDAN ADOPTARSE, SE ACONSEJA SU REMISION AL ARCHIVO."},"Palabra Clave":{"('0046-OVD-2013', 0)":" "}}