{"Tipo de Proyecto":{"('0047-S-2013', 0)":"PROYECTO DE LEY","('0047-S-2013', 1)":null},"Iniciado en: ":{"('0047-S-2013', 0)":"Senado","('0047-S-2013', 1)":null},"Expediente Diputados: ":{"('0047-S-2013', 0)":"0047-S-2013","('0047-S-2013', 1)":null},"Expediente Senado: ":{"('0047-S-2013', 0)":"1492-S-2013","('0047-S-2013', 1)":null},"Publicado en: ":{"('0047-S-2013', 0)":"Diario de Asuntos Entrados N\u00b0 47","('0047-S-2013', 1)":null},"Fecha: ":{"('0047-S-2013', 0)":"11\/04\/2013","('0047-S-2013', 1)":null},"T\u00edtulo":{"('0047-S-2013', 0)":"INSTITUIR EL 7 DE MARZO DE CADA A\u00d1O COMO EL DIA NACIONAL DE LA SALUD PUBLICA, EN CONMEMORACION DEL NATALICIO DEL DOCTOR RAMON CARRILLO.","('0047-S-2013', 1)":null},"('Firmantes', 'FIRMANTE')":{"('0047-S-2013', 0)":"FILMUS, DANIEL","('0047-S-2013', 1)":null},"('Firmantes', 'DISTRITO')":{"('0047-S-2013', 0)":"CIUDAD de BUENOS AIRES","('0047-S-2013', 1)":null},"('Firmantes', 'BLOQUE')":{"('0047-S-2013', 0)":"FRENTE PARA LA VICTORIA - PJ","('0047-S-2013', 1)":null},"('Giros', 'COMISI\u00d3N')":{"('0047-S-2013', 0)":"ACCION SOCIAL Y SALUD PUBLICA","('0047-S-2013', 1)":"LEGISLACION GENERAL"},"('Tramites', 'C\u00c1MARA')":{"('0047-S-2013', 0)":"Senado","('0047-S-2013', 1)":"Diputados"},"('Tramites', 'MOVIMIENTO')":{"('0047-S-2013', 0)":"CONSIDERACION Y APROBACION","('0047-S-2013', 1)":"PASA A DIPUTADOS -"},"('Tramites', 'FECHA')":{"('0047-S-2013', 0)":"12\/09\/2013","('0047-S-2013', 1)":null},"('Tramites', 'RESULTADO')":{"('0047-S-2013', 0)":"MEDIA SANCION","('0047-S-2013', 1)":null},"Link":{"('0047-S-2013', 0)":"http:\/\/www.senado.gov.ar\/parlamentario\/comisiones\/verExp\/1492.13\/S\/PL","('0047-S-2013', 1)":null},"Palabra Clave":{"('0047-S-2013', 0)":" ","('0047-S-2013', 1)":null}}