{"Tipo de Proyecto":{"('0047-PE-2013', 0)":"MENSAJE NRO: 0669\/13","('0047-PE-2013', 1)":null},"Iniciado en: ":{"('0047-PE-2013', 0)":"Senado","('0047-PE-2013', 1)":null},"Expediente Senado: ":{"('0047-PE-2013', 0)":"0047-PE-2013","('0047-PE-2013', 1)":null},"Publicado en: ":{"('0047-PE-2013', 0)":"DAE S.A. N\u00b0 3","('0047-PE-2013', 1)":null},"Fecha: ":{"('0047-PE-2013', 0)":"04\/06\/2013","('0047-PE-2013', 1)":null},"T\u00edtulo":{"('0047-PE-2013', 0)":"SOLICITAR ACUERDO PARA DESIGNAR DEFENSORA PUBLICA DE MENORES E INCAPACES DE PRIMERA INSTANCIA EN LO CIVIL, COMERCIAL Y DEL TRABAJO DE LA CAPITAL FEDERAL, DEFENSORIA NUMERO 1, A LA DOCTORA ANA MARIA GONZALEZ.","('0047-PE-2013', 1)":null},"('Firmantes', 'FIRMANTE')":{"('0047-PE-2013', 0)":"FERNANDEZ DE KIRCHNER, CRISTINA","('0047-PE-2013', 1)":"ALAK, JULIO"},"('Firmantes', 'DISTRITO')":{"('0047-PE-2013', 0)":null,"('0047-PE-2013', 1)":null},"('Firmantes', 'BLOQUE')":{"('0047-PE-2013', 0)":"PODER EJECUTIVO","('0047-PE-2013', 1)":"PODER EJECUTIVO"},"('Tramites', 'C\u00c1MARA')":{"('0047-PE-2013', 0)":"Senado","('0047-PE-2013', 1)":null},"('Tramites', 'MOVIMIENTO')":{"('0047-PE-2013', 0)":"CONSIDERACION Y APROBACION","('0047-PE-2013', 1)":null},"('Tramites', 'FECHA')":{"('0047-PE-2013', 0)":"31\/07\/2013","('0047-PE-2013', 1)":null},"('Tramites', 'RESULTADO')":{"('0047-PE-2013', 0)":"APROBADO","('0047-PE-2013', 1)":null},"Palabra Clave":{"('0047-PE-2013', 0)":" ","('0047-PE-2013', 1)":null}}