{"Tipo de Proyecto":{"('0049-S-2013', 0)":"PROYECTO DE LEY"},"Iniciado en: ":{"('0049-S-2013', 0)":"Senado"},"Expediente Senado: ":{"('0049-S-2013', 0)":"0049-S-2013"},"Publicado en: ":{"('0049-S-2013', 0)":"Diario de Asuntos Entrados N\u00b0 3"},"Fecha: ":{"('0049-S-2013', 0)":"04\/03\/2013"},"T\u00edtulo":{"('0049-S-2013', 0)":"CREACION DE LA \"CAMPA\u00d1A NACIONAL DE CONCIENTIZACION PARA LA PREVENCION Y LA ERRADICACION DEL CONSUMO DE MARIHUANA\". "},"('Firmantes', 'FIRMANTE')":{"('0049-S-2013', 0)":"ITURREZ DE CAPPELLINI, ADA ROSA DEL VALLE"},"('Firmantes', 'DISTRITO')":{"('0049-S-2013', 0)":"SANTIAGO DEL ESTERO"},"('Firmantes', 'BLOQUE')":{"('0049-S-2013', 0)":"FRENTE CIVICO POR SANTIAGO"},"('Tramites', 'C\u00c1MARA')":{"('0049-S-2013', 0)":"Senado"},"('Tramites', 'MOVIMIENTO')":{"('0049-S-2013', 0)":"MODIFICACION DE LOS ARTICULOS 60 Y 77 DEL REGLAMENTO DEL H SENADO (EXPEDIENTE 0337-S-14, APROBADO EL 10\/12\/2014), CAMBIO DE GIRO DE LA COMISION DE SALUD Y DEPORTE A LA COMISION DE SALUD"},"('Tramites', 'FECHA')":{"('0049-S-2013', 0)":"27\/05\/2015"},"('Tramites', 'RESULTADO')":{"('0049-S-2013', 0)":null},"Sumario":{"('0049-S-2013', 0)":"EL MINISTERIO DE EDUCACION Y EL MINISTERIO DE SALUD DE LA NACION DEBERAN FORMULAR PROGRAMAS DE PREVENCION Y ABANDONO DE CONSUMO DE MARIHUANA; INVITACION A ADHERIR A LAS PROVINCIAS Y LOS MUNICIPIOS."},"Palabra Clave":{"('0049-S-2013', 0)":" "}}