{"Tipo de Proyecto":{"('0050-PE-2013', 0)":"MENSAJE NRO: 0672\/13","('0050-PE-2013', 1)":null},"Iniciado en: ":{"('0050-PE-2013', 0)":"Senado","('0050-PE-2013', 1)":null},"Expediente Senado: ":{"('0050-PE-2013', 0)":"0050-PE-2013","('0050-PE-2013', 1)":null},"Publicado en: ":{"('0050-PE-2013', 0)":"DAE S.A. N\u00b0 3","('0050-PE-2013', 1)":null},"Fecha: ":{"('0050-PE-2013', 0)":"04\/06\/2013","('0050-PE-2013', 1)":null},"T\u00edtulo":{"('0050-PE-2013', 0)":"SOLICITA ACUERDO PARA DESIGNAR DEFENSOR PUBLICO OFICIAL ANTE EL JUZGADO FEDERAL DE PRIMERA INSTANCIA DE RAFAELA, PROVINCIA DE SANTA FE, AL DOCTOR LISANDRO JAVIER SEVILLANO MONCUNILL.","('0050-PE-2013', 1)":null},"('Firmantes', 'FIRMANTE')":{"('0050-PE-2013', 0)":"FERNANDEZ DE KIRCHNER, CRISTINA","('0050-PE-2013', 1)":"ALAK, JULIO"},"('Firmantes', 'DISTRITO')":{"('0050-PE-2013', 0)":null,"('0050-PE-2013', 1)":null},"('Firmantes', 'BLOQUE')":{"('0050-PE-2013', 0)":"PODER EJECUTIVO","('0050-PE-2013', 1)":"PODER EJECUTIVO"},"('Tramites', 'C\u00c1MARA')":{"('0050-PE-2013', 0)":"Senado","('0050-PE-2013', 1)":null},"('Tramites', 'MOVIMIENTO')":{"('0050-PE-2013', 0)":"CONSIDERACION Y APROBACION","('0050-PE-2013', 1)":null},"('Tramites', 'FECHA')":{"('0050-PE-2013', 0)":"31\/07\/2013","('0050-PE-2013', 1)":null},"('Tramites', 'RESULTADO')":{"('0050-PE-2013', 0)":"APROBADO","('0050-PE-2013', 1)":null},"Palabra Clave":{"('0050-PE-2013', 0)":" ","('0050-PE-2013', 1)":null}}