{"Tipo de Proyecto":{"('0051-D-2013', 0)":"PROYECTO DE RESOLUCI\u00d3N"},"Iniciado en: ":{"('0051-D-2013', 0)":"Diputados"},"Expediente Diputados: ":{"('0051-D-2013', 0)":"0051-D-2013"},"Publicado en: ":{"('0051-D-2013', 0)":"Tr\u00e1mite Parlamentario N\u00b0 1"},"Fecha: ":{"('0051-D-2013', 0)":"04\/03\/2013"},"T\u00edtulo":{"('0051-D-2013', 0)":"EXPRESAR BENEPLACITO POR LA ORGANIZACION DEL CAMPEONATO DE MOUNTAIN BIKE OPEN SIHMANO 2013, REALIZADO LOS DIAS 8 Y 9 DE FEBRERO DE 2013. EN LA LOCALIDAD DE SAN MARTIN DE LOS ANDES, PROVINCIA DEL NEUQUEN."},"('Firmantes', 'FIRMANTE')":{"('0051-D-2013', 0)":"GUZMAN, OLGA ELIZABETH"},"('Firmantes', 'DISTRITO')":{"('0051-D-2013', 0)":"NEUQUEN"},"('Firmantes', 'BLOQUE')":{"('0051-D-2013', 0)":"MOV POP NEUQUINO"},"('Giros', 'COMISI\u00d3N')":{"('0051-D-2013', 0)":"DEPORTES"},"('Tramites', 'C\u00c1MARA')":{"('0051-D-2013', 0)":"Diputados"},"('Tramites', 'MOVIMIENTO')":{"('0051-D-2013', 0)":"APROBACION ARTICULO 114 DEL REGLAMENTO DE LA H CAMARA DE DIPUTADOS; COMUNICADO EL 08\/05\/2013"},"('Tramites', 'FECHA')":{"('0051-D-2013', 0)":null},"('Tramites', 'RESULTADO')":{"('0051-D-2013', 0)":"APROBADO"},"Link":{"('0051-D-2013', 0)":"https:\/\/www.hcdn.gob.ar\/proyectos\/textoCompleto.jsp?exp=0051-D-2013&tipo=RESOLUCION"},"Palabra Clave":{"('0051-D-2013', 0)":" "}}