{"Tipo de Proyecto":{"('0051-S-2013', 0)":"PROYECTO DE DECLARACI\u00d3N"},"Iniciado en: ":{"('0051-S-2013', 0)":"Senado"},"Expediente Senado: ":{"('0051-S-2013', 0)":"0051-S-2013"},"Publicado en: ":{"('0051-S-2013', 0)":"Diario de Asuntos Entrados N\u00b0 3"},"Fecha: ":{"('0051-S-2013', 0)":"04\/03\/2013"},"T\u00edtulo":{"('0051-S-2013', 0)":"EXPRESAR SATISFACCION POR LOS RESULTADOS OBTENIDOS EN 10 A\u00d1OS DE TRABAJO DENTRO DEL PROGRAMA NACIONAL REMEDIAR + REDES, RESPECTO DE LA ENTREGA DE BOTIQUINES EN TODO EL PAIS. "},"('Firmantes', 'FIRMANTE')":{"('0051-S-2013', 0)":"LORES, HORACIO"},"('Firmantes', 'DISTRITO')":{"('0051-S-2013', 0)":"NEUQUEN"},"('Firmantes', 'BLOQUE')":{"('0051-S-2013', 0)":"MOV POP NEUQUINO"},"('Tramites', 'C\u00c1MARA')":{"('0051-S-2013', 0)":"Senado"},"('Tramites', 'MOVIMIENTO')":{"('0051-S-2013', 0)":"CONSIDERACION Y APROBACION"},"('Tramites', 'FECHA')":{"('0051-S-2013', 0)":"04\/09\/2013"},"('Tramites', 'RESULTADO')":{"('0051-S-2013', 0)":"APROBADO"},"Link":{"('0051-S-2013', 0)":"http:\/\/www.senado.gov.ar\/parlamentario\/comisiones\/verExp\/51.13\/S\/PD"},"Palabra Clave":{"('0051-S-2013', 0)":" "}}