{"Tipo de Proyecto":{"('0052-OV-2013', 0)":"PROYECTO DE RESOLUCI\u00d3N"},"Iniciado en: ":{"('0052-OV-2013', 0)":"Senado"},"Expediente Senado: ":{"('0052-OV-2013', 0)":"0052-OV-2013"},"Publicado en: ":{"('0052-OV-2013', 0)":"Diario de Asuntos Entrados N\u00b0 0"},"Fecha: ":{"('0052-OV-2013', 0)":"25\/10\/2013"},"T\u00edtulo":{"('0052-OV-2013', 0)":"DICTAMEN EN LA RESOLUCION REMITIDA POR LA AUDITORIA GENERAL DE LA NACION (AGN 42\/13); SOBRE EL INFORME REFERIDO AL ANALISIS DEL BALANCE CAMBIARIO, BALANCE DE PAGOS, BALANCE GENERAL Y RESERVAS INTERNACIONALES DEL BANCO CENTRAL DE LA REPUBLICA ARGENTINA (BCRA): GENERACION DEL EXCEDENTE CAMBIARIO VARIACION DE LAS RESERVAS INTERNACIONALES DEL BCRA; OPERACIONES DE MERCADO ABIERTO; RESULTADO CUASIFISCAL; ANALISIS DE CONTINGENCIA."},"('Firmantes', 'FIRMANTE')":{"('0052-OV-2013', 0)":"PARLAMENTARIA MIXTA REVISORA DE CUENTAS"},"('Firmantes', 'DISTRITO')":{"('0052-OV-2013', 0)":null},"('Firmantes', 'BLOQUE')":{"('0052-OV-2013', 0)":null},"('Tramites', 'C\u00c1MARA')":{"('0052-OV-2013', 0)":"Senado"},"('Tramites', 'MOVIMIENTO')":{"('0052-OV-2013', 0)":"CONSIDERACION Y APROBACION (AL ARCHIVO)"},"('Tramites', 'FECHA')":{"('0052-OV-2013', 0)":"10\/12\/2014"},"('Tramites', 'RESULTADO')":{"('0052-OV-2013', 0)":"APROBADO"},"Sumario":{"('0052-OV-2013', 0)":"HABIENDO TOMADO CONOCIMIENTO, Y SIN PERJUICIO DE ULTERIORES MEDIDAS QUE PUEDAN ADOPTARSE, SE ACONSEJA SU REMISION AL ARCHIVO."},"Palabra Clave":{"('0052-OV-2013', 0)":" "}}