{"Tipo de Proyecto":{"('0053-OV-2013', 0)":"PROYECTO DE RESOLUCI\u00d3N"},"Iniciado en: ":{"('0053-OV-2013', 0)":"Senado"},"Expediente Senado: ":{"('0053-OV-2013', 0)":"0053-OV-2013"},"Publicado en: ":{"('0053-OV-2013', 0)":"Diario de Asuntos Entrados N\u00b0 0"},"Fecha: ":{"('0053-OV-2013', 0)":"28\/10\/2013"},"T\u00edtulo":{"('0053-OV-2013', 0)":"DICTAMEN EN LA RESOLUCION REMITIDA POR LA AUDITORIA GENERAL DE LA NACION (RESOLUCION AGN 44\/13); RESPECTO DEL INFORME ESPECIAL REFERIDO A LA ADMINISTRACION NACIONAL DE LA SEGURIDAD SOCIAL (ANSES) - PROYECTO DE REPOTENCIACION DE LA CENTRAL TERMICA PILAR (PROVINCIA DE CORDOBA)."},"('Firmantes', 'FIRMANTE')":{"('0053-OV-2013', 0)":"PARLAMENTARIA MIXTA REVISORA DE CUENTAS"},"('Firmantes', 'DISTRITO')":{"('0053-OV-2013', 0)":null},"('Firmantes', 'BLOQUE')":{"('0053-OV-2013', 0)":null},"('Tramites', 'C\u00c1MARA')":{"('0053-OV-2013', 0)":"Senado"},"('Tramites', 'MOVIMIENTO')":{"('0053-OV-2013', 0)":"CONSIDERACION Y APROBACION (AL ARCHIVO)"},"('Tramites', 'FECHA')":{"('0053-OV-2013', 0)":"10\/12\/2014"},"('Tramites', 'RESULTADO')":{"('0053-OV-2013', 0)":"APROBADO"},"Sumario":{"('0053-OV-2013', 0)":"HABIENDO TOMADO CONOCIMIENTO, Y SIN PERJUICIO DE ULTERIORES MEDIDAS QUE PUEDAN ADOPTARSE, SE ACONSEJA SU REMISION AL ARCHIVO."},"Palabra Clave":{"('0053-OV-2013', 0)":" "}}