{"Tipo de Proyecto":{"('0054-PE-2013', 0)":"MENSAJE NRO: ____\/__"},"Iniciado en: ":{"('0054-PE-2013', 0)":"Senado"},"Expediente Senado: ":{"('0054-PE-2013', 0)":"0054-PE-2013"},"Publicado en: ":{"('0054-PE-2013', 0)":"Diario de Asuntos Entrados N\u00b0 0"},"Fecha: ":{"('0054-PE-2013', 0)":"14\/05\/2014"},"T\u00edtulo":{"('0054-PE-2013', 0)":"DICTAMEN EN LA RESOLUCION REMITIDA POR LA JEFATURA DE GABINETE DE MINISTROS; RELACIONADA CON EL INFORME EMITIDO POR LA AGN SOBRE LOS ESTADOS FINANCIEROS AL 31\/12\/10 DEL PROGRAMA MULTISECTORIAL DE PREINVERSION III (PMP III) CONTRATO DE PRESTAMO 1896\/OC-AR BID."},"('Firmantes', 'FIRMANTE')":{"('0054-PE-2013', 0)":"PARLAMENTARIA MIXTA REVISORA DE CUENTAS"},"('Firmantes', 'DISTRITO')":{"('0054-PE-2013', 0)":null},"('Firmantes', 'BLOQUE')":{"('0054-PE-2013', 0)":null},"('Tramites', 'C\u00c1MARA')":{"('0054-PE-2013', 0)":"Senado"},"('Tramites', 'MOVIMIENTO')":{"('0054-PE-2013', 0)":"CONSIDERACION Y APROBACION (AL ARCHIVO)"},"('Tramites', 'FECHA')":{"('0054-PE-2013', 0)":"10\/12\/2014"},"('Tramites', 'RESULTADO')":{"('0054-PE-2013', 0)":"APROBADO"},"Sumario":{"('0054-PE-2013', 0)":"HABIENDO TOMADO CONOCIMIENTO, Y SIN PERJUICIO DE ULTERIORES MEDIDAS QUE PUEDAN ADOPTARSE, SE ACONSEJA SU REMISION AL ARCHIVO, PREVIA REMISION DE COPIA DE ANTECEDENTES AL ORGANO DE CONTROL."},"Palabra Clave":{"('0054-PE-2013', 0)":" "}}