{"Tipo de Proyecto":{"('0054-S-2013', 0)":"PROYECTO DE DECLARACI\u00d3N"},"Iniciado en: ":{"('0054-S-2013', 0)":"Senado"},"Expediente Senado: ":{"('0054-S-2013', 0)":"0054-S-2013"},"Publicado en: ":{"('0054-S-2013', 0)":"Diario de Asuntos Entrados N\u00b0 3"},"Fecha: ":{"('0054-S-2013', 0)":"04\/03\/2013"},"T\u00edtulo":{"('0054-S-2013', 0)":"EXPRESAR RECONOCIMIENTO A LA ONG LUNCEC (LUCHA NEUQUINA CONTRA EL CANCER), POR LA LABOR DESARROLLADA EN ESA PROVINCIA. "},"('Firmantes', 'FIRMANTE')":{"('0054-S-2013', 0)":"LORES, HORACIO"},"('Firmantes', 'DISTRITO')":{"('0054-S-2013', 0)":"NEUQUEN"},"('Firmantes', 'BLOQUE')":{"('0054-S-2013', 0)":"MOV POP NEUQUINO"},"('Tramites', 'C\u00c1MARA')":{"('0054-S-2013', 0)":"Senado"},"('Tramites', 'MOVIMIENTO')":{"('0054-S-2013', 0)":"CONSIDERACION Y APROBACION"},"('Tramites', 'FECHA')":{"('0054-S-2013', 0)":"05\/06\/2013"},"('Tramites', 'RESULTADO')":{"('0054-S-2013', 0)":"APROBADO"},"Link":{"('0054-S-2013', 0)":"http:\/\/www.senado.gov.ar\/parlamentario\/comisiones\/verExp\/54.13\/S\/PD"},"Palabra Clave":{"('0054-S-2013', 0)":" "}}