{"Tipo de Proyecto":{"('0055-S-2013', 0)":"PROYECTO DE DECLARACI\u00d3N"},"Iniciado en: ":{"('0055-S-2013', 0)":"Senado"},"Expediente Senado: ":{"('0055-S-2013', 0)":"0055-S-2013"},"Publicado en: ":{"('0055-S-2013', 0)":"Diario de Asuntos Entrados N\u00b0 3"},"Fecha: ":{"('0055-S-2013', 0)":"04\/03\/2013"},"T\u00edtulo":{"('0055-S-2013', 0)":"DECLARAR  DE INTERES CULTURAL LA PELICULA \"LAS LLAVES DEL CIELO\", EN EL A\u00d1O DEL CENTENARIO DE LA AVIACION MILITAR ARGENTINA Y A 30 A\u00d1OS DE SU BAUTISMO DE FUEGO EN EL CONFLICTO DEL ATLANTICO SUR. "},"('Firmantes', 'FIRMANTE')":{"('0055-S-2013', 0)":"LORES, HORACIO"},"('Firmantes', 'DISTRITO')":{"('0055-S-2013', 0)":"NEUQUEN"},"('Firmantes', 'BLOQUE')":{"('0055-S-2013', 0)":"MOV POP NEUQUINO"},"Link":{"('0055-S-2013', 0)":"http:\/\/www.senado.gov.ar\/parlamentario\/comisiones\/verExp\/55.13\/S\/PD"},"Palabra Clave":{"('0055-S-2013', 0)":" "}}