{"Tipo de Proyecto":{"('0055-D-2013', 0)":"PROYECTO DE DECLARACI\u00d3N"},"Iniciado en: ":{"('0055-D-2013', 0)":"Diputados"},"Expediente Diputados: ":{"('0055-D-2013', 0)":"0055-D-2013"},"Publicado en: ":{"('0055-D-2013', 0)":"Tr\u00e1mite Parlamentario N\u00b0 1"},"Fecha: ":{"('0055-D-2013', 0)":"04\/03\/2013"},"T\u00edtulo":{"('0055-D-2013', 0)":"EXPRESAR BENEPLACITO ANTE LA DESTACADA PARTICIPACION DE LOS ATLETAS DE TIERRA DEL FUEGO, EN LAS \"OLIMPIADAS ESPECIALES DE PYEONGCHANG\", REALIZADO ENTRE LOS DIAS 26 DE ENERO Y 6 DE FEBRERO DE 2013, EN COREA DEL SUR."},"('Firmantes', 'FIRMANTE')":{"('0055-D-2013', 0)":"CATALAN MAGNI, JULIO CESAR"},"('Firmantes', 'DISTRITO')":{"('0055-D-2013', 0)":"TIERRA DEL FUEGO"},"('Firmantes', 'BLOQUE')":{"('0055-D-2013', 0)":"FRENTE PARA LA VICTORIA - PJ"},"('Giros', 'COMISI\u00d3N')":{"('0055-D-2013', 0)":"DISCAPACIDAD"},"('Tramites', 'C\u00c1MARA')":{"('0055-D-2013', 0)":"Diputados"},"('Tramites', 'MOVIMIENTO')":{"('0055-D-2013', 0)":"APROBACION ARTICULO 114 DEL REGLAMENTO DE LA H CAMARA DE DIPUTADOS; COMUNICADO EL 28\/06\/2013 CONJUNTAMENTE PARA LOS EXPEDIENTES 0087-D-2013 y 0055-D-2013"},"('Tramites', 'FECHA')":{"('0055-D-2013', 0)":null},"('Tramites', 'RESULTADO')":{"('0055-D-2013', 0)":"APROBADO"},"Link":{"('0055-D-2013', 0)":"https:\/\/www.hcdn.gob.ar\/proyectos\/textoCompleto.jsp?exp=0055-D-2013&tipo=DECLARACION"},"Palabra Clave":{"('0055-D-2013', 0)":" "}}