{"Tipo de Proyecto":{"('0056-S-2013', 0)":"PROYECTO DE LEY","('0056-S-2013', 1)":null,"('0056-S-2013', 2)":null,"('0056-S-2013', 3)":null,"('0056-S-2013', 4)":null,"('0056-S-2013', 5)":null,"('0056-S-2013', 6)":null},"Iniciado en: ":{"('0056-S-2013', 0)":"Senado","('0056-S-2013', 1)":null,"('0056-S-2013', 2)":null,"('0056-S-2013', 3)":null,"('0056-S-2013', 4)":null,"('0056-S-2013', 5)":null,"('0056-S-2013', 6)":null},"Expediente Diputados: ":{"('0056-S-2013', 0)":"0056-S-2013","('0056-S-2013', 1)":null,"('0056-S-2013', 2)":null,"('0056-S-2013', 3)":null,"('0056-S-2013', 4)":null,"('0056-S-2013', 5)":null,"('0056-S-2013', 6)":null},"Expediente Senado: ":{"('0056-S-2013', 0)":"3438-S-2013","('0056-S-2013', 1)":null,"('0056-S-2013', 2)":null,"('0056-S-2013', 3)":null,"('0056-S-2013', 4)":null,"('0056-S-2013', 5)":null,"('0056-S-2013', 6)":null},"Publicado en: ":{"('0056-S-2013', 0)":"Diario de Asuntos Entrados N\u00b0 143","('0056-S-2013', 1)":null,"('0056-S-2013', 2)":null,"('0056-S-2013', 3)":null,"('0056-S-2013', 4)":null,"('0056-S-2013', 5)":null,"('0056-S-2013', 6)":null},"Fecha: ":{"('0056-S-2013', 0)":"10\/09\/2013","('0056-S-2013', 1)":null,"('0056-S-2013', 2)":null,"('0056-S-2013', 3)":null,"('0056-S-2013', 4)":null,"('0056-S-2013', 5)":null,"('0056-S-2013', 6)":null},"T\u00edtulo":{"('0056-S-2013', 0)":"DECLARAR MONUMENTO HISTORICO NACIONAL AL ANTIGUO PUENTE CARRETERO SITUADO EN EL SITIO LA RINCONADA, DE JUNIN DE LOS ANDES, PROVINCIA DEL NEUQUEN. ","('0056-S-2013', 1)":null,"('0056-S-2013', 2)":null,"('0056-S-2013', 3)":null,"('0056-S-2013', 4)":null,"('0056-S-2013', 5)":null,"('0056-S-2013', 6)":null},"('Firmantes', 'FIRMANTE')":{"('0056-S-2013', 0)":"PARRILLI, NANCI MARIA AGUSTINA","('0056-S-2013', 1)":"FUENTES, MARCELO JORGE","('0056-S-2013', 2)":null,"('0056-S-2013', 3)":null,"('0056-S-2013', 4)":null,"('0056-S-2013', 5)":null,"('0056-S-2013', 6)":null},"('Firmantes', 'DISTRITO')":{"('0056-S-2013', 0)":"NEUQUEN","('0056-S-2013', 1)":"NEUQUEN","('0056-S-2013', 2)":null,"('0056-S-2013', 3)":null,"('0056-S-2013', 4)":null,"('0056-S-2013', 5)":null,"('0056-S-2013', 6)":null},"('Firmantes', 'BLOQUE')":{"('0056-S-2013', 0)":"FRENTE PARA LA VICTORIA - PJ","('0056-S-2013', 1)":"FRENTE PARA LA VICTORIA - PJ","('0056-S-2013', 2)":null,"('0056-S-2013', 3)":null,"('0056-S-2013', 4)":null,"('0056-S-2013', 5)":null,"('0056-S-2013', 6)":null},"('Giros', 'COMISI\u00d3N')":{"('0056-S-2013', 0)":"CULTURA","('0056-S-2013', 1)":"TRANSPORTES","('0056-S-2013', 2)":"PRESUPUESTO Y HACIENDA","('0056-S-2013', 3)":null,"('0056-S-2013', 4)":null,"('0056-S-2013', 5)":null,"('0056-S-2013', 6)":null},"('Tramites', 'C\u00c1MARA')":{"('0056-S-2013', 0)":"Senado","('0056-S-2013', 1)":"Senado","('0056-S-2013', 2)":"Senado","('0056-S-2013', 3)":"Diputados","('0056-S-2013', 4)":"Diputados","('0056-S-2013', 5)":"Diputados","('0056-S-2013', 6)":"Diputados"},"('Tramites', 'MOVIMIENTO')":{"('0056-S-2013', 0)":"SOLICITUD DE SER COFIRMANTE DEL SENADO FUENTES (A SUS ANTECEDENTES)","('0056-S-2013', 1)":"MOCION SOBRE TABLAS (AFIRMATIVA)","('0056-S-2013', 2)":"CONSIDERACION Y APROBACION","('0056-S-2013', 3)":"PASA A DIPUTADOS -","('0056-S-2013', 4)":"CITACION SESION ESPECIAL","('0056-S-2013', 5)":"CONSIDERACION Y SANCION","('0056-S-2013', 6)":"INSERCIONES"},"('Tramites', 'FECHA')":{"('0056-S-2013', 0)":null,"('0056-S-2013', 1)":"12\/09\/2013","('0056-S-2013', 2)":"12\/09\/2013","('0056-S-2013', 3)":null,"('0056-S-2013', 4)":"16\/12\/2014","('0056-S-2013', 5)":"16\/12\/2014","('0056-S-2013', 6)":"16\/12\/2014"},"('Tramites', 'RESULTADO')":{"('0056-S-2013', 0)":null,"('0056-S-2013', 1)":null,"('0056-S-2013', 2)":"MEDIA SANCION","('0056-S-2013', 3)":null,"('0056-S-2013', 4)":null,"('0056-S-2013', 5)":"SANCIONADO","('0056-S-2013', 6)":null},"Link":{"('0056-S-2013', 0)":"http:\/\/www.senado.gov.ar\/parlamentario\/comisiones\/verExp\/3438.13\/S\/PL","('0056-S-2013', 1)":null,"('0056-S-2013', 2)":null,"('0056-S-2013', 3)":null,"('0056-S-2013', 4)":null,"('0056-S-2013', 5)":null,"('0056-S-2013', 6)":null},"Palabra Clave":{"('0056-S-2013', 0)":" ","('0056-S-2013', 1)":null,"('0056-S-2013', 2)":null,"('0056-S-2013', 3)":null,"('0056-S-2013', 4)":null,"('0056-S-2013', 5)":null,"('0056-S-2013', 6)":null}}