{"Tipo de Proyecto":{"('0059-D-2013', 0)":"PROYECTO DE RESOLUCI\u00d3N"},"Iniciado en: ":{"('0059-D-2013', 0)":"Diputados"},"Expediente Diputados: ":{"('0059-D-2013', 0)":"0059-D-2013"},"Publicado en: ":{"('0059-D-2013', 0)":"Tr\u00e1mite Parlamentario N\u00b0 1"},"Fecha: ":{"('0059-D-2013', 0)":"04\/03\/2013"},"T\u00edtulo":{"('0059-D-2013', 0)":"DECLARAR DE INTERES DE LA H. CAMARA LA COMPETENCIA MOTOCICLISTICA DENOMINADA \"XXX VUELTA A LA TIERRA DEL FUEGO\" ORGANIZADA POR EL MOTO CLUB RIO GRANDE, A REALIZARSE DEL 27 AL 30 DE MARZO DE 2013."},"('Firmantes', 'FIRMANTE')":{"('0059-D-2013', 0)":"CATALAN MAGNI, JULIO CESAR"},"('Firmantes', 'DISTRITO')":{"('0059-D-2013', 0)":"TIERRA DEL FUEGO"},"('Firmantes', 'BLOQUE')":{"('0059-D-2013', 0)":"FRENTE PARA LA VICTORIA - PJ"},"('Giros', 'COMISI\u00d3N')":{"('0059-D-2013', 0)":"DEPORTES"},"('Tramites', 'C\u00c1MARA')":{"('0059-D-2013', 0)":"Diputados"},"('Tramites', 'MOVIMIENTO')":{"('0059-D-2013', 0)":"APROBACION ARTICULO 114 DEL REGLAMENTO DE LA H CAMARA DE DIPUTADOS; COMUNICADO EL 08\/05\/2013"},"('Tramites', 'FECHA')":{"('0059-D-2013', 0)":null},"('Tramites', 'RESULTADO')":{"('0059-D-2013', 0)":"APROBADO"},"Link":{"('0059-D-2013', 0)":"https:\/\/www.hcdn.gob.ar\/proyectos\/textoCompleto.jsp?exp=0059-D-2013&tipo=RESOLUCION"},"Palabra Clave":{"('0059-D-2013', 0)":" "}}