{"Tipo de Proyecto":{"('0060-D-2013', 0)":"PROYECTO DE RESOLUCI\u00d3N","('0060-D-2013', 1)":null},"Iniciado en: ":{"('0060-D-2013', 0)":"Diputados","('0060-D-2013', 1)":null},"Expediente Diputados: ":{"('0060-D-2013', 0)":"0060-D-2013","('0060-D-2013', 1)":null},"Publicado en: ":{"('0060-D-2013', 0)":"Tr\u00e1mite Parlamentario N\u00b0 1","('0060-D-2013', 1)":null},"Fecha: ":{"('0060-D-2013', 0)":"04\/03\/2013","('0060-D-2013', 1)":null},"T\u00edtulo":{"('0060-D-2013', 0)":"SOLICITAR AL PODER EJECUTIVO DISPONGA LAS MEDIDAS NECESARIAS PARA QUE DENTRO DEL SISTEMA TRANSVERSAL DE RUTAS DE LA PROVINCIA DE SANTA CRUZ, COMO COMUNICACION BIOCEANICA, SE INICIE UN PROCESO DE MANTENIMIENTO, REPARACION Y PAVIMENTACION DE LA RUTA PROVINCIAL 25, OBRA INCLUIDA EN EL PLAN NACIONAL DE RECUPERACION VIAL.","('0060-D-2013', 1)":null},"('Firmantes', 'FIRMANTE')":{"('0060-D-2013', 0)":"ALVAREZ, ELSA MARIA","('0060-D-2013', 1)":"COSTA, EDUARDO RAUL"},"('Firmantes', 'DISTRITO')":{"('0060-D-2013', 0)":"SANTA CRUZ","('0060-D-2013', 1)":"SANTA CRUZ"},"('Firmantes', 'BLOQUE')":{"('0060-D-2013', 0)":"UCR","('0060-D-2013', 1)":"UCR"},"('Giros', 'COMISI\u00d3N')":{"('0060-D-2013', 0)":"TRANSPORTES","('0060-D-2013', 1)":null},"Link":{"('0060-D-2013', 0)":"https:\/\/www.hcdn.gob.ar\/proyectos\/textoCompleto.jsp?exp=0060-D-2013&tipo=RESOLUCION","('0060-D-2013', 1)":null},"Palabra Clave":{"('0060-D-2013', 0)":" ","('0060-D-2013', 1)":null}}