{"Tipo de Proyecto":{"('0061-S-2013', 0)":"PROYECTO DE DECLARACI\u00d3N","('0061-S-2013', 1)":null},"Iniciado en: ":{"('0061-S-2013', 0)":"Senado","('0061-S-2013', 1)":null},"Expediente Senado: ":{"('0061-S-2013', 0)":"0061-S-2013","('0061-S-2013', 1)":null},"Publicado en: ":{"('0061-S-2013', 0)":"Diario de Asuntos Entrados N\u00b0 3","('0061-S-2013', 1)":null},"Fecha: ":{"('0061-S-2013', 0)":"04\/03\/2013","('0061-S-2013', 1)":null},"T\u00edtulo":{"('0061-S-2013', 0)":"DECLARAR DE INTERES LA CELEBRACION DEL DIA MUNDIAL DE LA JUSTICIA SOCIAL, EL 20 DE FEBRERO. ","('0061-S-2013', 1)":null},"('Firmantes', 'FIRMANTE')":{"('0061-S-2013', 0)":"HIGONET, MARIA DE LOS ANGELES","('0061-S-2013', 1)":null},"('Firmantes', 'DISTRITO')":{"('0061-S-2013', 0)":"LA PAMPA","('0061-S-2013', 1)":null},"('Firmantes', 'BLOQUE')":{"('0061-S-2013', 0)":"PARTIDO JUSTICIALISTA LA PAMPA","('0061-S-2013', 1)":null},"('Tramites', 'C\u00c1MARA')":{"('0061-S-2013', 0)":"Senado","('0061-S-2013', 1)":"Senado"},"('Tramites', 'MOVIMIENTO')":{"('0061-S-2013', 0)":"MOCION SOBRE TABLAS (AFIRMATIVA)","('0061-S-2013', 1)":"CONSIDERACION Y APROBACION"},"('Tramites', 'FECHA')":{"('0061-S-2013', 0)":"24\/04\/2013","('0061-S-2013', 1)":"24\/04\/2013"},"('Tramites', 'RESULTADO')":{"('0061-S-2013', 0)":null,"('0061-S-2013', 1)":"APROBADO"},"Link":{"('0061-S-2013', 0)":"http:\/\/www.senado.gov.ar\/parlamentario\/comisiones\/verExp\/61.13\/S\/PD","('0061-S-2013', 1)":null},"Palabra Clave":{"('0061-S-2013', 0)":" ","('0061-S-2013', 1)":null}}