{"Tipo de Proyecto":{"('0061-D-2013', 0)":"PROYECTO DE RESOLUCI\u00d3N"},"Iniciado en: ":{"('0061-D-2013', 0)":"Diputados"},"Expediente Diputados: ":{"('0061-D-2013', 0)":"0061-D-2013"},"Publicado en: ":{"('0061-D-2013', 0)":"Tr\u00e1mite Parlamentario N\u00b0 1"},"Fecha: ":{"('0061-D-2013', 0)":"04\/03\/2013"},"T\u00edtulo":{"('0061-D-2013', 0)":"SOLICITAR AL PODER EJECUTIVO DISPONGA INSTRUMENTAR LAS MEDIDAS NECESARIAS, DISPUESTAS POR EL ARTICULO VII DE LA LEY 24759 DE CONVENCION INTERAMERICANA CONTRA LA CORRUPCION Y EL ARTICULO 2 DE LA CONVENCION AMERICANA, PARA EXIGIR COMO REQUISITO PREVIO A LA HABILITACION DE CANDIDATURAS ELECTIVAS FEDERALES, LA DECLARACION JURADA DEL CANDIDATO SOBRE LA EVOLUCION PATRIMONIAL Y LA DE SUS PARIENTES MAS PROXIMOS."},"('Firmantes', 'FIRMANTE')":{"('0061-D-2013', 0)":"GARNERO, ESTELA RAMONA"},"('Firmantes', 'DISTRITO')":{"('0061-D-2013', 0)":"CORDOBA"},"('Firmantes', 'BLOQUE')":{"('0061-D-2013', 0)":"CORDOBA FEDERAL"},"('Giros', 'COMISI\u00d3N')":{"('0061-D-2013', 0)":"ASUNTOS CONSTITUCIONALES"},"Link":{"('0061-D-2013', 0)":"https:\/\/www.hcdn.gob.ar\/proyectos\/textoCompleto.jsp?exp=0061-D-2013&tipo=RESOLUCION"},"Palabra Clave":{"('0061-D-2013', 0)":" "}}