{"Tipo de Proyecto":{"('0062-D-2013', 0)":"PROYECTO DE RESOLUCI\u00d3N","('0062-D-2013', 1)":null},"Iniciado en: ":{"('0062-D-2013', 0)":"Diputados","('0062-D-2013', 1)":null},"Expediente Diputados: ":{"('0062-D-2013', 0)":"0062-D-2013","('0062-D-2013', 1)":null},"Publicado en: ":{"('0062-D-2013', 0)":"Tr\u00e1mite Parlamentario N\u00b0 1","('0062-D-2013', 1)":null},"Fecha: ":{"('0062-D-2013', 0)":"04\/03\/2013","('0062-D-2013', 1)":null},"T\u00edtulo":{"('0062-D-2013', 0)":"DECLARAR A LOS CANDIDATOS A CARGOS ELECTIVOS COMO PERSONAS POLITICAMENTE EXPUESTAS EN LOS TERMINOS DE LA RESOLUCION 11\/2011 DE LA \"UNION DE INFORMACION FINANCIERA - UIF -\", SOBRE DECLARACION DE BIENES PATRIMONIALES. ","('0062-D-2013', 1)":null},"('Firmantes', 'FIRMANTE')":{"('0062-D-2013', 0)":"GARNERO, ESTELA RAMONA","('0062-D-2013', 1)":null},"('Firmantes', 'DISTRITO')":{"('0062-D-2013', 0)":"CORDOBA","('0062-D-2013', 1)":null},"('Firmantes', 'BLOQUE')":{"('0062-D-2013', 0)":"CORDOBA FEDERAL","('0062-D-2013', 1)":null},"('Giros', 'COMISI\u00d3N')":{"('0062-D-2013', 0)":"ASUNTOS CONSTITUCIONALES","('0062-D-2013', 1)":"JUSTICIA"},"Link":{"('0062-D-2013', 0)":"https:\/\/www.hcdn.gob.ar\/proyectos\/textoCompleto.jsp?exp=0062-D-2013&tipo=RESOLUCION","('0062-D-2013', 1)":null},"Palabra Clave":{"('0062-D-2013', 0)":" ","('0062-D-2013', 1)":null}}