{"Tipo de Proyecto":{"('0063-D-2013', 0)":"PROYECTO DE RESOLUCI\u00d3N"},"Iniciado en: ":{"('0063-D-2013', 0)":"Diputados"},"Expediente Diputados: ":{"('0063-D-2013', 0)":"0063-D-2013"},"Publicado en: ":{"('0063-D-2013', 0)":"Tr\u00e1mite Parlamentario N\u00b0 1"},"Fecha: ":{"('0063-D-2013', 0)":"04\/03\/2013"},"T\u00edtulo":{"('0063-D-2013', 0)":"PEDIDO DE INFORMES AL PODER EJECUTIVO SOBRE LA NO REALIZACION DE LA OBRA DE SANEAMIENTO DEL SISTEMA \"CANAL SAN ANTONIO - ARROYO LAS TORTUGAS\", TRAMO SAN FRANCISCO Y EL RIO CARCARA\u00d1A DE LAS PROVINCIAS DE SANTA FE Y CORDOBA."},"('Firmantes', 'FIRMANTE')":{"('0063-D-2013', 0)":"GARNERO, ESTELA RAMONA"},"('Firmantes', 'DISTRITO')":{"('0063-D-2013', 0)":"CORDOBA"},"('Firmantes', 'BLOQUE')":{"('0063-D-2013', 0)":"CORDOBA FEDERAL"},"('Giros', 'COMISI\u00d3N')":{"('0063-D-2013', 0)":"INTERESES MARITIMOS, FLUVIALES, PESQUEROS Y PORTUARIOS"},"Link":{"('0063-D-2013', 0)":"https:\/\/www.hcdn.gob.ar\/proyectos\/textoCompleto.jsp?exp=0063-D-2013&tipo=RESOLUCION"},"Palabra Clave":{"('0063-D-2013', 0)":" "}}