{"Tipo de Proyecto":{"('0063-S-2013', 0)":"MENSAJE NRO: 1547\/13 Y PROYECTO DE LEY","('0063-S-2013', 1)":null,"('0063-S-2013', 2)":null,"('0063-S-2013', 3)":null,"('0063-S-2013', 4)":null,"('0063-S-2013', 5)":null},"Iniciado en: ":{"('0063-S-2013', 0)":"Senado","('0063-S-2013', 1)":null,"('0063-S-2013', 2)":null,"('0063-S-2013', 3)":null,"('0063-S-2013', 4)":null,"('0063-S-2013', 5)":null},"Expediente Diputados: ":{"('0063-S-2013', 0)":"0063-S-2013","('0063-S-2013', 1)":null,"('0063-S-2013', 2)":null,"('0063-S-2013', 3)":null,"('0063-S-2013', 4)":null,"('0063-S-2013', 5)":null},"Expediente Senado: ":{"('0063-S-2013', 0)":"0125-PE-2013","('0063-S-2013', 1)":null,"('0063-S-2013', 2)":null,"('0063-S-2013', 3)":null,"('0063-S-2013', 4)":null,"('0063-S-2013', 5)":null},"Publicado en: ":{"('0063-S-2013', 0)":"Diario de Asuntos Entrados N\u00b0 162","('0063-S-2013', 1)":null,"('0063-S-2013', 2)":null,"('0063-S-2013', 3)":null,"('0063-S-2013', 4)":null,"('0063-S-2013', 5)":null},"Fecha: ":{"('0063-S-2013', 0)":"10\/10\/2013","('0063-S-2013', 1)":null,"('0063-S-2013', 2)":null,"('0063-S-2013', 3)":null,"('0063-S-2013', 4)":null,"('0063-S-2013', 5)":null},"T\u00edtulo":{"('0063-S-2013', 0)":"AUTORIZAR LA ENTRADA DE TROPAS EXTRANJERAS AL TERRITORIO NACIONAL Y LA SALIDA FUERA DE EL, DE FUERZAS NACIONALES, SEGUN CORRESPONDA, PARA QUE PARTICIPEN DEL PROGRAMA DE EJERCITACIONES COMBINADAS DESDE EL 1 DE SEPTIEMBRE DE 2013 HASTA EL 31 DE AGOSTO DE 2014. ","('0063-S-2013', 1)":null,"('0063-S-2013', 2)":null,"('0063-S-2013', 3)":null,"('0063-S-2013', 4)":null,"('0063-S-2013', 5)":null},"('Firmantes', 'FIRMANTE')":{"('0063-S-2013', 0)":"FERNANDEZ DE KIRCHNER, CRISTINA","('0063-S-2013', 1)":"TIMERMAN, HECTOR MARCOS","('0063-S-2013', 2)":"ROSSI, AGUSTIN OSCAR","('0063-S-2013', 3)":null,"('0063-S-2013', 4)":null,"('0063-S-2013', 5)":null},"('Firmantes', 'DISTRITO')":{"('0063-S-2013', 0)":null,"('0063-S-2013', 1)":null,"('0063-S-2013', 2)":null,"('0063-S-2013', 3)":null,"('0063-S-2013', 4)":null,"('0063-S-2013', 5)":null},"('Firmantes', 'BLOQUE')":{"('0063-S-2013', 0)":"PODER EJECUTIVO","('0063-S-2013', 1)":"PODER EJECUTIVO","('0063-S-2013', 2)":"PODER EJECUTIVO","('0063-S-2013', 3)":null,"('0063-S-2013', 4)":null,"('0063-S-2013', 5)":null},"('Giros', 'COMISI\u00d3N')":{"('0063-S-2013', 0)":"DEFENSA NACIONAL","('0063-S-2013', 1)":"RELACIONES EXTERIORES Y CULTO","('0063-S-2013', 2)":null,"('0063-S-2013', 3)":null,"('0063-S-2013', 4)":null,"('0063-S-2013', 5)":null},"('Tramites', 'C\u00c1MARA')":{"('0063-S-2013', 0)":"Senado","('0063-S-2013', 1)":"Senado","('0063-S-2013', 2)":"Senado","('0063-S-2013', 3)":"Diputados","('0063-S-2013', 4)":"Diputados","('0063-S-2013', 5)":"Diputados"},"('Tramites', 'MOVIMIENTO')":{"('0063-S-2013', 0)":"MOCION SOBRE TABLAS (AFIRMATIVA)","('0063-S-2013', 1)":"CONSIDERACION Y APROBACION","('0063-S-2013', 2)":"INSERCION DE LA SENADORA BASUALDO","('0063-S-2013', 3)":"PASA A DIPUTADOS -","('0063-S-2013', 4)":"CONSIDERACION Y SANCION","('0063-S-2013', 5)":"INSERCION DEL DIPUTADO DATO"},"('Tramites', 'FECHA')":{"('0063-S-2013', 0)":"13\/11\/2013","('0063-S-2013', 1)":"13\/11\/2013","('0063-S-2013', 2)":"13\/11\/2013","('0063-S-2013', 3)":null,"('0063-S-2013', 4)":"27\/11\/2013","('0063-S-2013', 5)":"27\/11\/2013"},"('Tramites', 'RESULTADO')":{"('0063-S-2013', 0)":null,"('0063-S-2013', 1)":"MEDIA SANCION","('0063-S-2013', 2)":null,"('0063-S-2013', 3)":null,"('0063-S-2013', 4)":"SANCIONADO","('0063-S-2013', 5)":null},"Link":{"('0063-S-2013', 0)":"http:\/\/www.senado.gov.ar\/web\/proyectos\/verExpe.php?origen=PE&nro_comision=&tipo=PL&numexp=125\/13&tConsulta=5","('0063-S-2013', 1)":null,"('0063-S-2013', 2)":null,"('0063-S-2013', 3)":null,"('0063-S-2013', 4)":null,"('0063-S-2013', 5)":null},"Palabra Clave":{"('0063-S-2013', 0)":" ","('0063-S-2013', 1)":null,"('0063-S-2013', 2)":null,"('0063-S-2013', 3)":null,"('0063-S-2013', 4)":null,"('0063-S-2013', 5)":null}}