{"Tipo de Proyecto":{"('0064-D-2013', 0)":"PROYECTO DE RESOLUCI\u00d3N"},"Iniciado en: ":{"('0064-D-2013', 0)":"Diputados"},"Expediente Diputados: ":{"('0064-D-2013', 0)":"0064-D-2013"},"Publicado en: ":{"('0064-D-2013', 0)":"Tr\u00e1mite Parlamentario N\u00b0 1"},"Fecha: ":{"('0064-D-2013', 0)":"04\/03\/2013"},"T\u00edtulo":{"('0064-D-2013', 0)":"PEDIDO DE INFORMES AL PODER EJECUTIVO SOBRE DIVERSAS CUESTIONES RELACIONADAS CON LAS OBRAS PARALIZADAS SOBRE LA RUTA NACIONAL 19, EN EL TRAMO SAN FRANCISCO - CORDOBA, PROVINCIA DE CORDOBA."},"('Firmantes', 'FIRMANTE')":{"('0064-D-2013', 0)":"GARNERO, ESTELA RAMONA"},"('Firmantes', 'DISTRITO')":{"('0064-D-2013', 0)":"CORDOBA"},"('Firmantes', 'BLOQUE')":{"('0064-D-2013', 0)":"CORDOBA FEDERAL"},"('Giros', 'COMISI\u00d3N')":{"('0064-D-2013', 0)":"TRANSPORTES"},"Link":{"('0064-D-2013', 0)":"https:\/\/www.hcdn.gob.ar\/proyectos\/textoCompleto.jsp?exp=0064-D-2013&tipo=RESOLUCION"},"Palabra Clave":{"('0064-D-2013', 0)":" "}}