{"Tipo de Proyecto":{"('0064-S-2013', 0)":"PROYECTO DE LEY"},"Iniciado en: ":{"('0064-S-2013', 0)":"Senado"},"Expediente Senado: ":{"('0064-S-2013', 0)":"0064-S-2013"},"Publicado en: ":{"('0064-S-2013', 0)":"Diario de Asuntos Entrados N\u00b0 4"},"Fecha: ":{"('0064-S-2013', 0)":"04\/03\/2013"},"T\u00edtulo":{"('0064-S-2013', 0)":"PRESUPUESTOS MINIMOS DE VALORIZACION DE RESIDUOS: AUTORIDADES, RESPONSABILIDAD, DERECHOS Y OBLIGACIONES, RESPONSABILIDAD DEL PRODUCTOR O IMPORTADOR, TECNOLOGIAS, SANCIONES (REPRODUCCION DEL EXPEDIENTE 1688-S-09)."},"('Firmantes', 'FIRMANTE')":{"('0064-S-2013', 0)":"LORES, HORACIO"},"('Firmantes', 'DISTRITO')":{"('0064-S-2013', 0)":"NEUQUEN"},"('Firmantes', 'BLOQUE')":{"('0064-S-2013', 0)":"MOV POP NEUQUINO"},"Link":{"('0064-S-2013', 0)":"http:\/\/www.senado.gov.ar\/parlamentario\/comisiones\/verExp\/64.13\/S\/PL"},"Palabra Clave":{"('0064-S-2013', 0)":" "}}