{"Tipo de Proyecto":{"('0065-D-2013', 0)":"PROYECTO DE RESOLUCI\u00d3N"},"Iniciado en: ":{"('0065-D-2013', 0)":"Diputados"},"Expediente Diputados: ":{"('0065-D-2013', 0)":"0065-D-2013"},"Publicado en: ":{"('0065-D-2013', 0)":"Tr\u00e1mite Parlamentario N\u00b0 1"},"Fecha: ":{"('0065-D-2013', 0)":"04\/03\/2013"},"T\u00edtulo":{"('0065-D-2013', 0)":"SOLICITAR AL PODER EJECUTIVO DISPONGA LAS MEDIDAS NECESARIAS PARA QUE SE CUENTE CON UNA LINEA AEREA QUE UNA LA CIUDAD AUTONOMA DE BUENOS AIRES Y LA CIUDAD DE RIO CUARTO, PROVINCIA DE CORDOBA."},"('Firmantes', 'FIRMANTE')":{"('0065-D-2013', 0)":"GARNERO, ESTELA RAMONA"},"('Firmantes', 'DISTRITO')":{"('0065-D-2013', 0)":"CORDOBA"},"('Firmantes', 'BLOQUE')":{"('0065-D-2013', 0)":"CORDOBA FEDERAL"},"('Giros', 'COMISI\u00d3N')":{"('0065-D-2013', 0)":"TRANSPORTES"},"Link":{"('0065-D-2013', 0)":"https:\/\/www.hcdn.gob.ar\/proyectos\/textoCompleto.jsp?exp=0065-D-2013&tipo=RESOLUCION"},"Palabra Clave":{"('0065-D-2013', 0)":" "}}