{"Tipo de Proyecto":{"('0065-PE-2013', 0)":"MENSAJE NRO: 0801\/13","('0065-PE-2013', 1)":null},"Iniciado en: ":{"('0065-PE-2013', 0)":"Senado","('0065-PE-2013', 1)":null},"Expediente Senado: ":{"('0065-PE-2013', 0)":"0065-PE-2013","('0065-PE-2013', 1)":null},"Publicado en: ":{"('0065-PE-2013', 0)":"DAE S.A. N\u00b0 4","('0065-PE-2013', 1)":null},"Fecha: ":{"('0065-PE-2013', 0)":"25\/06\/2013","('0065-PE-2013', 1)":null},"T\u00edtulo":{"('0065-PE-2013', 0)":"SOLICITAR ACUERDO PARA DESIGNAR VOCAL DE LA CAMARA NACIONAL DE CASACION EN LO CRIMINAL Y CORRECCIONAL DE LA CAPITAL FEDERAL, SALA III, AL DOCTOR CARLOS ALBERTO MAHIQUES.","('0065-PE-2013', 1)":null},"('Firmantes', 'FIRMANTE')":{"('0065-PE-2013', 0)":"FERNANDEZ DE KIRCHNER, CRISTINA","('0065-PE-2013', 1)":"ALAK, JULIO"},"('Firmantes', 'DISTRITO')":{"('0065-PE-2013', 0)":null,"('0065-PE-2013', 1)":null},"('Firmantes', 'BLOQUE')":{"('0065-PE-2013', 0)":"PODER EJECUTIVO","('0065-PE-2013', 1)":"PODER EJECUTIVO"},"('Tramites', 'C\u00c1MARA')":{"('0065-PE-2013', 0)":"Senado","('0065-PE-2013', 1)":null},"('Tramites', 'MOVIMIENTO')":{"('0065-PE-2013', 0)":"CONSIDERACION Y APROBACION","('0065-PE-2013', 1)":null},"('Tramites', 'FECHA')":{"('0065-PE-2013', 0)":"31\/07\/2013","('0065-PE-2013', 1)":null},"('Tramites', 'RESULTADO')":{"('0065-PE-2013', 0)":"APROBADO","('0065-PE-2013', 1)":null},"Palabra Clave":{"('0065-PE-2013', 0)":" ","('0065-PE-2013', 1)":null}}