{"Tipo de Proyecto":{"('0066-PE-2013', 0)":"MENSAJE NRO: 0802\/13","('0066-PE-2013', 1)":null},"Iniciado en: ":{"('0066-PE-2013', 0)":"Senado","('0066-PE-2013', 1)":null},"Expediente Senado: ":{"('0066-PE-2013', 0)":"0066-PE-2013","('0066-PE-2013', 1)":null},"Publicado en: ":{"('0066-PE-2013', 0)":"DAE S.A. N\u00b0 4","('0066-PE-2013', 1)":null},"Fecha: ":{"('0066-PE-2013', 0)":"25\/06\/2013","('0066-PE-2013', 1)":null},"T\u00edtulo":{"('0066-PE-2013', 0)":"SOLICITAR ACUERDO PARA DESIGNAR VOCAL DE LA CAMARA NACIONAL DE CASACION EN LO CRIMINAL Y CORRECCIONAL DE LA CAPITAL FEDERAL, SALA I, AL DOCTOR LUIS MARIO GARCIA.","('0066-PE-2013', 1)":null},"('Firmantes', 'FIRMANTE')":{"('0066-PE-2013', 0)":"FERNANDEZ DE KIRCHNER, CRISTINA","('0066-PE-2013', 1)":"ALAK, JULIO"},"('Firmantes', 'DISTRITO')":{"('0066-PE-2013', 0)":null,"('0066-PE-2013', 1)":null},"('Firmantes', 'BLOQUE')":{"('0066-PE-2013', 0)":"PODER EJECUTIVO","('0066-PE-2013', 1)":"PODER EJECUTIVO"},"('Tramites', 'C\u00c1MARA')":{"('0066-PE-2013', 0)":"Senado","('0066-PE-2013', 1)":null},"('Tramites', 'MOVIMIENTO')":{"('0066-PE-2013', 0)":"CONSIDERACION Y APROBACION","('0066-PE-2013', 1)":null},"('Tramites', 'FECHA')":{"('0066-PE-2013', 0)":"31\/07\/2013","('0066-PE-2013', 1)":null},"('Tramites', 'RESULTADO')":{"('0066-PE-2013', 0)":"APROBADO","('0066-PE-2013', 1)":null},"Palabra Clave":{"('0066-PE-2013', 0)":" ","('0066-PE-2013', 1)":null}}