{"Tipo de Proyecto":{"('0070-S-2013', 0)":"PROYECTO DE LEY","('0070-S-2013', 1)":null,"('0070-S-2013', 2)":null},"Iniciado en: ":{"('0070-S-2013', 0)":"Senado","('0070-S-2013', 1)":null,"('0070-S-2013', 2)":null},"Expediente Diputados: ":{"('0070-S-2013', 0)":"0070-S-2013","('0070-S-2013', 1)":null,"('0070-S-2013', 2)":null},"Expediente Senado: ":{"('0070-S-2013', 0)":"1286-S-2013","('0070-S-2013', 1)":null,"('0070-S-2013', 2)":null},"Publicado en: ":{"('0070-S-2013', 0)":"Diario de Asuntos Entrados N\u00b0 37","('0070-S-2013', 1)":null,"('0070-S-2013', 2)":null},"Fecha: ":{"('0070-S-2013', 0)":"27\/03\/2013","('0070-S-2013', 1)":null,"('0070-S-2013', 2)":null},"T\u00edtulo":{"('0070-S-2013', 0)":"MODIFICACION DEL ARTICULO 315 DEL CODIGO ADUANERO, ACERCA DE LA RESPONSABILIDAD TRIBUTARIA DE LOS IMPORTADORES Y TRANSPORTISTAS EN LOS CASOS DE ROBO O HURTO DE MERCADERIA BAJO EL REGIMEN DE TRANSITO DE IMPORTACION.","('0070-S-2013', 1)":null,"('0070-S-2013', 2)":null},"('Firmantes', 'FIRMANTE')":{"('0070-S-2013', 0)":"FERNANDEZ, ANIBAL","('0070-S-2013', 1)":null,"('0070-S-2013', 2)":null},"('Firmantes', 'DISTRITO')":{"('0070-S-2013', 0)":"BUENOS AIRES","('0070-S-2013', 1)":null,"('0070-S-2013', 2)":null},"('Firmantes', 'BLOQUE')":{"('0070-S-2013', 0)":"FRENTE PARA LA VICTORIA - PJ","('0070-S-2013', 1)":null,"('0070-S-2013', 2)":null},"('Giros', 'COMISI\u00d3N')":{"('0070-S-2013', 0)":"COMERCIO","('0070-S-2013', 1)":"ECONOMIA","('0070-S-2013', 2)":null},"('Tramites', 'C\u00c1MARA')":{"('0070-S-2013', 0)":"Senado","('0070-S-2013', 1)":"Senado","('0070-S-2013', 2)":"Diputados"},"('Tramites', 'MOVIMIENTO')":{"('0070-S-2013', 0)":"MOCION SOBRE TABLAS (AFIRMATIVA)","('0070-S-2013', 1)":"CONSIDERACION Y APROBACION","('0070-S-2013', 2)":"PASA A DIPUTADOS -"},"('Tramites', 'FECHA')":{"('0070-S-2013', 0)":"13\/11\/2013","('0070-S-2013', 1)":"13\/11\/2013","('0070-S-2013', 2)":null},"('Tramites', 'RESULTADO')":{"('0070-S-2013', 0)":null,"('0070-S-2013', 1)":"MEDIA SANCION","('0070-S-2013', 2)":null},"Link":{"('0070-S-2013', 0)":"http:\/\/www.senado.gov.ar\/parlamentario\/comisiones\/verExp\/1286.13\/S\/PL","('0070-S-2013', 1)":null,"('0070-S-2013', 2)":null},"Palabra Clave":{"('0070-S-2013', 0)":" ","('0070-S-2013', 1)":null,"('0070-S-2013', 2)":null}}