{"Tipo de Proyecto":{"('0070-D-2013', 0)":"PROYECTO DE DECLARACI\u00d3N"},"Iniciado en: ":{"('0070-D-2013', 0)":"Diputados"},"Expediente Diputados: ":{"('0070-D-2013', 0)":"0070-D-2013"},"Publicado en: ":{"('0070-D-2013', 0)":"Tr\u00e1mite Parlamentario N\u00b0 1"},"Fecha: ":{"('0070-D-2013', 0)":"04\/03\/2013"},"T\u00edtulo":{"('0070-D-2013', 0)":"DECLARAR DE INTERES DE LA H. CAMARA LA CONMEMORACION DEL \"DIA NACIONAL DE LA CONSERVACION DEL SUELO\", A CELEBRARSE EL 7 DE JULIO DE CADA A\u00d1O."},"('Firmantes', 'FIRMANTE')":{"('0070-D-2013', 0)":"GARNERO, ESTELA RAMONA"},"('Firmantes', 'DISTRITO')":{"('0070-D-2013', 0)":"CORDOBA"},"('Firmantes', 'BLOQUE')":{"('0070-D-2013', 0)":"CORDOBA FEDERAL"},"('Giros', 'COMISI\u00d3N')":{"('0070-D-2013', 0)":"RECURSOS NATURALES Y CONSERVACION DEL AMBIENTE HUMANO"},"Link":{"('0070-D-2013', 0)":"https:\/\/www.hcdn.gob.ar\/proyectos\/textoCompleto.jsp?exp=0070-D-2013&tipo=DECLARACION"},"Palabra Clave":{"('0070-D-2013', 0)":" "}}