{"Tipo de Proyecto":{"('0071-S-2013', 0)":"MENSAJE NRO: 0997\/13 Y PROYECTO DE LEY","('0071-S-2013', 1)":null,"('0071-S-2013', 2)":null,"('0071-S-2013', 3)":null},"Iniciado en: ":{"('0071-S-2013', 0)":"Senado","('0071-S-2013', 1)":null,"('0071-S-2013', 2)":null,"('0071-S-2013', 3)":null},"Expediente Diputados: ":{"('0071-S-2013', 0)":"0071-S-2013","('0071-S-2013', 1)":null,"('0071-S-2013', 2)":null,"('0071-S-2013', 3)":null},"Expediente Senado: ":{"('0071-S-2013', 0)":"0108-PE-2013","('0071-S-2013', 1)":null,"('0071-S-2013', 2)":null,"('0071-S-2013', 3)":null},"Publicado en: ":{"('0071-S-2013', 0)":"Diario de Asuntos Entrados N\u00b0 126","('0071-S-2013', 1)":null,"('0071-S-2013', 2)":null,"('0071-S-2013', 3)":null},"Fecha: ":{"('0071-S-2013', 0)":"13\/08\/2013","('0071-S-2013', 1)":null,"('0071-S-2013', 2)":null,"('0071-S-2013', 3)":null},"T\u00edtulo":{"('0071-S-2013', 0)":"APROBACION DEL ACUERDO DE COOPERACION CON EL GOBIERNO DE LA REPUBLICA BOLIVARIANA DE VENEZUELA EN MATERIA DE BECAS DE ESTUDIO, CELEBRADO EN CARACAS, REPUBLICA BOLIVARIANA DE VENEZUELA, EL 1 DE DICIEMBRE DE 2011. ","('0071-S-2013', 1)":null,"('0071-S-2013', 2)":null,"('0071-S-2013', 3)":null},"('Firmantes', 'FIRMANTE')":{"('0071-S-2013', 0)":"FERNANDEZ DE KIRCHNER, CRISTINA","('0071-S-2013', 1)":"ABAL MEDINA, JUAN MANUEL","('0071-S-2013', 2)":"TIMERMAN, HECTOR MARCOS","('0071-S-2013', 3)":"SILEONI, ALBERTO"},"('Firmantes', 'DISTRITO')":{"('0071-S-2013', 0)":null,"('0071-S-2013', 1)":null,"('0071-S-2013', 2)":null,"('0071-S-2013', 3)":null},"('Firmantes', 'BLOQUE')":{"('0071-S-2013', 0)":"PODER EJECUTIVO","('0071-S-2013', 1)":"PODER EJECUTIVO","('0071-S-2013', 2)":"PODER EJECUTIVO","('0071-S-2013', 3)":"PODER EJECUTIVO"},"('Giros', 'COMISI\u00d3N')":{"('0071-S-2013', 0)":"RELACIONES EXTERIORES Y CULTO","('0071-S-2013', 1)":"EDUCACION","('0071-S-2013', 2)":null,"('0071-S-2013', 3)":null},"('Tramites', 'C\u00c1MARA')":{"('0071-S-2013', 0)":"Senado","('0071-S-2013', 1)":"Senado","('0071-S-2013', 2)":"Diputados","('0071-S-2013', 3)":"Diputados"},"('Tramites', 'MOVIMIENTO')":{"('0071-S-2013', 0)":"MOCION SOBRE TABLAS (AFIRMATIVA)","('0071-S-2013', 1)":"CONSIDERACION Y APROBACION","('0071-S-2013', 2)":"PASA A DIPUTADOS -","('0071-S-2013', 3)":"CONSIDERACION Y SANCION"},"('Tramites', 'FECHA')":{"('0071-S-2013', 0)":"13\/11\/2013","('0071-S-2013', 1)":"13\/11\/2013","('0071-S-2013', 2)":null,"('0071-S-2013', 3)":"19\/11\/2014"},"('Tramites', 'RESULTADO')":{"('0071-S-2013', 0)":null,"('0071-S-2013', 1)":"MEDIA SANCION","('0071-S-2013', 2)":null,"('0071-S-2013', 3)":"SANCIONADO"},"Link":{"('0071-S-2013', 0)":"http:\/\/www.senado.gov.ar\/web\/proyectos\/verExpe.php?origen=PE&nro_comision=&tipo=PL&numexp=108\/13&tConsulta=5","('0071-S-2013', 1)":null,"('0071-S-2013', 2)":null,"('0071-S-2013', 3)":null},"Palabra Clave":{"('0071-S-2013', 0)":" ","('0071-S-2013', 1)":null,"('0071-S-2013', 2)":null,"('0071-S-2013', 3)":null}}