{"Tipo de Proyecto":{"('0072-S-2013', 0)":"MENSAJE NRO: 1156\/13 Y PROYECTO DE LEY","('0072-S-2013', 1)":null,"('0072-S-2013', 2)":null,"('0072-S-2013', 3)":null},"Iniciado en: ":{"('0072-S-2013', 0)":"Senado","('0072-S-2013', 1)":null,"('0072-S-2013', 2)":null,"('0072-S-2013', 3)":null},"Expediente Diputados: ":{"('0072-S-2013', 0)":"0072-S-2013","('0072-S-2013', 1)":null,"('0072-S-2013', 2)":null,"('0072-S-2013', 3)":null},"Expediente Senado: ":{"('0072-S-2013', 0)":"0111-PE-2013","('0072-S-2013', 1)":null,"('0072-S-2013', 2)":null,"('0072-S-2013', 3)":null},"Publicado en: ":{"('0072-S-2013', 0)":"Diario de Asuntos Entrados N\u00b0 129","('0072-S-2013', 1)":null,"('0072-S-2013', 2)":null,"('0072-S-2013', 3)":null},"Fecha: ":{"('0072-S-2013', 0)":"14\/08\/2013","('0072-S-2013', 1)":null,"('0072-S-2013', 2)":null,"('0072-S-2013', 3)":null},"T\u00edtulo":{"('0072-S-2013', 0)":"APROBACION DEL PROTOCOLO DE ADHESION DEL ESTADO PLURINACIONAL DE BOLIVIA AL MERCOSUR, CELEBRADO EN BRASILIA, REPUBLICA FEDERATIVA DEL BRASIL, EL 7 DE DICIEMBRE DE 2012. ","('0072-S-2013', 1)":null,"('0072-S-2013', 2)":null,"('0072-S-2013', 3)":null},"('Firmantes', 'FIRMANTE')":{"('0072-S-2013', 0)":"FERNANDEZ DE KIRCHNER, CRISTINA","('0072-S-2013', 1)":"ABAL MEDINA, JUAN MANUEL","('0072-S-2013', 2)":"TIMERMAN, HECTOR MARCOS","('0072-S-2013', 3)":null},"('Firmantes', 'DISTRITO')":{"('0072-S-2013', 0)":null,"('0072-S-2013', 1)":null,"('0072-S-2013', 2)":null,"('0072-S-2013', 3)":null},"('Firmantes', 'BLOQUE')":{"('0072-S-2013', 0)":"PODER EJECUTIVO","('0072-S-2013', 1)":"PODER EJECUTIVO","('0072-S-2013', 2)":"PODER EJECUTIVO","('0072-S-2013', 3)":null},"('Giros', 'COMISI\u00d3N')":{"('0072-S-2013', 0)":"RELACIONES EXTERIORES Y CULTO","('0072-S-2013', 1)":"MERCOSUR","('0072-S-2013', 2)":null,"('0072-S-2013', 3)":null},"('Tramites', 'C\u00c1MARA')":{"('0072-S-2013', 0)":"Senado","('0072-S-2013', 1)":"Senado","('0072-S-2013', 2)":"Diputados","('0072-S-2013', 3)":"Diputados"},"('Tramites', 'MOVIMIENTO')":{"('0072-S-2013', 0)":"MOCION SOBRE TABLAS (AFIRMATIVA)","('0072-S-2013', 1)":"CONSIDERACION Y APROBACION","('0072-S-2013', 2)":"PASA A DIPUTADOS -","('0072-S-2013', 3)":"CONSIDERACION Y SANCION"},"('Tramites', 'FECHA')":{"('0072-S-2013', 0)":"13\/11\/2013","('0072-S-2013', 1)":"13\/11\/2013","('0072-S-2013', 2)":null,"('0072-S-2013', 3)":"02\/07\/2014"},"('Tramites', 'RESULTADO')":{"('0072-S-2013', 0)":null,"('0072-S-2013', 1)":"MEDIA SANCION","('0072-S-2013', 2)":null,"('0072-S-2013', 3)":"SANCIONADO"},"Link":{"('0072-S-2013', 0)":"http:\/\/www.senado.gov.ar\/web\/proyectos\/verExpe.php?origen=PE&nro_comision=&tipo=PL&numexp=111\/13&tConsulta=5","('0072-S-2013', 1)":null,"('0072-S-2013', 2)":null,"('0072-S-2013', 3)":null},"Palabra Clave":{"('0072-S-2013', 0)":" ","('0072-S-2013', 1)":null,"('0072-S-2013', 2)":null,"('0072-S-2013', 3)":null}}