{"Tipo de Proyecto":{"('0074-S-2013', 0)":"PROYECTO DE LEY"},"Iniciado en: ":{"('0074-S-2013', 0)":"Senado"},"Expediente Senado: ":{"('0074-S-2013', 0)":"0074-S-2013"},"Publicado en: ":{"('0074-S-2013', 0)":"Diario de Asuntos Entrados N\u00b0 4"},"Fecha: ":{"('0074-S-2013', 0)":"04\/03\/2013"},"T\u00edtulo":{"('0074-S-2013', 0)":"MODIFICACION DEL ARTICULO 2 DE LA LEY 26680 DE GANADERIA OVINA;  SOBRE ELEVAR EL MONTO MINIMO A INTEGRAR EL FONDO EN LA SUMA DE OCHENTA MILLONES (REPRODUCCION DEL EXPEDIENTE 1527-S-11)."},"('Firmantes', 'FIRMANTE')":{"('0074-S-2013', 0)":"LORES, HORACIO"},"('Firmantes', 'DISTRITO')":{"('0074-S-2013', 0)":"NEUQUEN"},"('Firmantes', 'BLOQUE')":{"('0074-S-2013', 0)":"MOV POP NEUQUINO"},"Link":{"('0074-S-2013', 0)":"http:\/\/www.senado.gov.ar\/parlamentario\/comisiones\/verExp\/74.13\/S\/PL"},"Palabra Clave":{"('0074-S-2013', 0)":" "}}