{"Tipo de Proyecto":{"('0077-S-2013', 0)":"PROYECTO DE LEY"},"Iniciado en: ":{"('0077-S-2013', 0)":"Senado"},"Expediente Senado: ":{"('0077-S-2013', 0)":"0077-S-2013"},"Publicado en: ":{"('0077-S-2013', 0)":"Diario de Asuntos Entrados N\u00b0 4"},"Fecha: ":{"('0077-S-2013', 0)":"04\/03\/2013"},"T\u00edtulo":{"('0077-S-2013', 0)":"MODIFICACION DE LA LEY 24193 -TRASPLANTES DE ORGANOS Y MATERIALES ANATOMICOS-, RESPECTO DE LA OBTENCION Y PRESERVACION DE LAS CELULAS MADRE Y LAS FUNCIONES DEL INCUCAI (REPRODUCCION DEL EXPEDIENTE 2252-S-11)."},"('Firmantes', 'FIRMANTE')":{"('0077-S-2013', 0)":"LORES, HORACIO"},"('Firmantes', 'DISTRITO')":{"('0077-S-2013', 0)":"NEUQUEN"},"('Firmantes', 'BLOQUE')":{"('0077-S-2013', 0)":"MOV POP NEUQUINO"},"('Tramites', 'C\u00c1MARA')":{"('0077-S-2013', 0)":"Senado"},"('Tramites', 'MOVIMIENTO')":{"('0077-S-2013', 0)":"MODIFICACION DE LOS ARTICULOS 60 Y 77 DEL REGLAMENTO DEL H SENADO (EXPEDIENTE 0337-S-14, APROBADO EL 10\/12\/2014), CAMBIO DE GIRO DE LA COMISION DE SALUD Y DEPORTE A LA COMISION DE SALUD"},"('Tramites', 'FECHA')":{"('0077-S-2013', 0)":"27\/05\/2015"},"('Tramites', 'RESULTADO')":{"('0077-S-2013', 0)":null},"Sumario":{"('0077-S-2013', 0)":"SUSTITUCION DEL ARTICULO 1 Y DE LOS INCISOS A), B) E Y) DEL ARTICULO 44."},"Palabra Clave":{"('0077-S-2013', 0)":" "}}