{"Tipo de Proyecto":{"('0077-PE-2013', 0)":"MENSAJE NRO: 0813\/13","('0077-PE-2013', 1)":null},"Iniciado en: ":{"('0077-PE-2013', 0)":"Senado","('0077-PE-2013', 1)":null},"Expediente Senado: ":{"('0077-PE-2013', 0)":"0077-PE-2013","('0077-PE-2013', 1)":null},"Publicado en: ":{"('0077-PE-2013', 0)":"DAE S.A. N\u00b0 4","('0077-PE-2013', 1)":null},"Fecha: ":{"('0077-PE-2013', 0)":"25\/06\/2013","('0077-PE-2013', 1)":null},"T\u00edtulo":{"('0077-PE-2013', 0)":"SOLICITAR ACUERDO PARA DESIGNAR FISCAL GENERAL ANTE LOS TRIBUNALES ORALES DE MENORES DE LA CAPITAL FEDERAL, FISCALIA NUMERO 3, A LA DOCTORA PATRICIA QUIRNO COSTA.","('0077-PE-2013', 1)":null},"('Firmantes', 'FIRMANTE')":{"('0077-PE-2013', 0)":"FERNANDEZ DE KIRCHNER, CRISTINA","('0077-PE-2013', 1)":"ALAK, JULIO"},"('Firmantes', 'DISTRITO')":{"('0077-PE-2013', 0)":null,"('0077-PE-2013', 1)":null},"('Firmantes', 'BLOQUE')":{"('0077-PE-2013', 0)":"PODER EJECUTIVO","('0077-PE-2013', 1)":"PODER EJECUTIVO"},"('Tramites', 'C\u00c1MARA')":{"('0077-PE-2013', 0)":"Senado","('0077-PE-2013', 1)":null},"('Tramites', 'MOVIMIENTO')":{"('0077-PE-2013', 0)":"CONSIDERACION Y APROBACION","('0077-PE-2013', 1)":null},"('Tramites', 'FECHA')":{"('0077-PE-2013', 0)":"31\/07\/2013","('0077-PE-2013', 1)":null},"('Tramites', 'RESULTADO')":{"('0077-PE-2013', 0)":"APROBADO","('0077-PE-2013', 1)":null},"Palabra Clave":{"('0077-PE-2013', 0)":" ","('0077-PE-2013', 1)":null}}