{"Tipo de Proyecto":{"('0078-S-2013', 0)":"PROYECTO DE LEY"},"Iniciado en: ":{"('0078-S-2013', 0)":"Senado"},"Expediente Senado: ":{"('0078-S-2013', 0)":"0078-S-2013"},"Publicado en: ":{"('0078-S-2013', 0)":"Diario de Asuntos Entrados N\u00b0 4"},"Fecha: ":{"('0078-S-2013', 0)":"04\/03\/2013"},"T\u00edtulo":{"('0078-S-2013', 0)":"CREACION DEL PROGRAMA NACIONAL DE DONANTES DE CORDON UMBILICAL. AUTORIDAD DE APLICACION: MINISTERIO DE SALUD (REPRODUCCION DEL EXPEDIENTE 2253-S-11)."},"('Firmantes', 'FIRMANTE')":{"('0078-S-2013', 0)":"LORES, HORACIO"},"('Firmantes', 'DISTRITO')":{"('0078-S-2013', 0)":"NEUQUEN"},"('Firmantes', 'BLOQUE')":{"('0078-S-2013', 0)":"MOV POP NEUQUINO"},"('Tramites', 'C\u00c1MARA')":{"('0078-S-2013', 0)":"Senado"},"('Tramites', 'MOVIMIENTO')":{"('0078-S-2013', 0)":"MODIFICACION DE LOS ARTICULOS 60 Y 77 DEL REGLAMENTO DEL H SENADO (EXPEDIENTE 0337-S-14, APROBADO EL 10\/12\/2014), CAMBIO DE GIRO DE LA COMISION DE SALUD Y DEPORTE A LA COMISION DE SALUD"},"('Tramites', 'FECHA')":{"('0078-S-2013', 0)":"27\/05\/2015"},"('Tramites', 'RESULTADO')":{"('0078-S-2013', 0)":null},"Sumario":{"('0078-S-2013', 0)":"OBJETIVOS; PROCEDIMIENTOS; CONDICIONES DEL CONSENTIMIENTO DE COLECTA; CAPACITACION; PRESUPUESTO DEL PROGRAMA"},"Palabra Clave":{"('0078-S-2013', 0)":" "}}