{"Tipo de Proyecto":{"('0078-PE-2013', 0)":"MENSAJE NRO: 0814\/13","('0078-PE-2013', 1)":null},"Iniciado en: ":{"('0078-PE-2013', 0)":"Senado","('0078-PE-2013', 1)":null},"Expediente Senado: ":{"('0078-PE-2013', 0)":"0078-PE-2013","('0078-PE-2013', 1)":null},"Publicado en: ":{"('0078-PE-2013', 0)":"DAE S.A. N\u00b0 4","('0078-PE-2013', 1)":null},"Fecha: ":{"('0078-PE-2013', 0)":"25\/06\/2013","('0078-PE-2013', 1)":null},"T\u00edtulo":{"('0078-PE-2013', 0)":"SOLICITAR ACUERDO PARA DESIGNAR FISCAL ANTE LOS JUZGADOS NACIONALES DE EJECUCION PENAL DE LA CAPITAL FEDERAL, FISCALIA NUMERO 2, AL DOCTOR DIEGO GARCIA YOMHA.","('0078-PE-2013', 1)":null},"('Firmantes', 'FIRMANTE')":{"('0078-PE-2013', 0)":"FERNANDEZ DE KIRCHNER, CRISTINA","('0078-PE-2013', 1)":"ALAK, JULIO"},"('Firmantes', 'DISTRITO')":{"('0078-PE-2013', 0)":null,"('0078-PE-2013', 1)":null},"('Firmantes', 'BLOQUE')":{"('0078-PE-2013', 0)":"PODER EJECUTIVO","('0078-PE-2013', 1)":"PODER EJECUTIVO"},"('Tramites', 'C\u00c1MARA')":{"('0078-PE-2013', 0)":"Senado","('0078-PE-2013', 1)":null},"('Tramites', 'MOVIMIENTO')":{"('0078-PE-2013', 0)":"CONSIDERACION Y APROBACION","('0078-PE-2013', 1)":null},"('Tramites', 'FECHA')":{"('0078-PE-2013', 0)":"31\/07\/2013","('0078-PE-2013', 1)":null},"('Tramites', 'RESULTADO')":{"('0078-PE-2013', 0)":"APROBADO","('0078-PE-2013', 1)":null},"Palabra Clave":{"('0078-PE-2013', 0)":" ","('0078-PE-2013', 1)":null}}