{"Tipo de Proyecto":{"('0079-OV-2013', 0)":"PROYECTO DE RESOLUCI\u00d3N"},"Iniciado en: ":{"('0079-OV-2013', 0)":"Senado"},"Expediente Senado: ":{"('0079-OV-2013', 0)":"0079-OV-2013"},"Publicado en: ":{"('0079-OV-2013', 0)":"Diario de Asuntos Entrados N\u00b0 0"},"Fecha: ":{"('0079-OV-2013', 0)":"28\/10\/2013"},"T\u00edtulo":{"('0079-OV-2013', 0)":"DICTAMEN EN LA RESOLUCION REMITIDA POR LA AUDITORIA GENERAL DE LA NACION (RESOLUCION AGN 58\/13); CORRESPONDIENTE AL PROYECTO DE INTEGRACION DE PEQUE\u00d1OS PRODUCTORES A LA CADENA VITIVINICOLA, CONVENIO DE PRESTAMO 2086\/OC-AR, EJERCICIO 3 FINALIZADO EL 31\/12\/12."},"('Firmantes', 'FIRMANTE')":{"('0079-OV-2013', 0)":"PARLAMENTARIA MIXTA REVISORA DE CUENTAS"},"('Firmantes', 'DISTRITO')":{"('0079-OV-2013', 0)":null},"('Firmantes', 'BLOQUE')":{"('0079-OV-2013', 0)":null},"('Tramites', 'C\u00c1MARA')":{"('0079-OV-2013', 0)":"Senado"},"('Tramites', 'MOVIMIENTO')":{"('0079-OV-2013', 0)":"CONSIDERACION Y APROBACION (AL ARCHIVO)"},"('Tramites', 'FECHA')":{"('0079-OV-2013', 0)":"10\/12\/2014"},"('Tramites', 'RESULTADO')":{"('0079-OV-2013', 0)":"APROBADO"},"Sumario":{"('0079-OV-2013', 0)":"HABIENDO TOMADO CONOCIMIENTO, Y SIN PERJUICIO DE ULTERIORES MEDIDAS QUE PUEDAN ADOPTARSE, SE ACONSEJA SU REMISION AL ARCHIVO."},"Palabra Clave":{"('0079-OV-2013', 0)":" "}}