{"Tipo de Proyecto":{"('0079-OVD-2013', 0)":"PROYECTO DE RESOLUCI\u00d3N"},"Iniciado en: ":{"('0079-OVD-2013', 0)":"Senado"},"Expediente Senado: ":{"('0079-OVD-2013', 0)":"0079-OVD-2013"},"Publicado en: ":{"('0079-OVD-2013', 0)":"Diario de Asuntos Entrados N\u00b0 0"},"Fecha: ":{"('0079-OVD-2013', 0)":"28\/10\/2013"},"T\u00edtulo":{"('0079-OVD-2013', 0)":"DICTAMEN EN LA RESPUESTA REMITIDA POR LA JEFATURA DE GABINETE DE MINISTROS EN RELACION A LA RESOLUCION 4910-D-11, APROBADA POR EL H. CONGRESO DE LA NACION; EN REFERENCIA A LOS ESTADOS FINANCIEROS DEL EJERCICIO FINALIZADO 31\/12\/08, CORRESPONDIENTES AL PROYECTO DE EFICIENCIA ENERGETICA - CONVENIO DE DONACION DEL FONDO FIDUCIARIO MUNDIAL PARA EL MEDIO AMBIENTE."},"('Firmantes', 'FIRMANTE')":{"('0079-OVD-2013', 0)":"PARLAMENTARIA MIXTA REVISORA DE CUENTAS"},"('Firmantes', 'DISTRITO')":{"('0079-OVD-2013', 0)":null},"('Firmantes', 'BLOQUE')":{"('0079-OVD-2013', 0)":null},"('Tramites', 'C\u00c1MARA')":{"('0079-OVD-2013', 0)":"Senado"},"('Tramites', 'MOVIMIENTO')":{"('0079-OVD-2013', 0)":"CONSIDERACION Y APROBACION (AL ARCHIVO)"},"('Tramites', 'FECHA')":{"('0079-OVD-2013', 0)":"10\/12\/2014"},"('Tramites', 'RESULTADO')":{"('0079-OVD-2013', 0)":"APROBADO"},"Sumario":{"('0079-OVD-2013', 0)":"HABIENDO TOMADO CONOCIMIENTO, Y SIN PERJUICIO DE ULTERIORES MEDIDAS QUE PUEDAN ADOPTARSE, SE ACONSEJA SU REMISION AL ARCHIVO."},"Palabra Clave":{"('0079-OVD-2013', 0)":" "}}