{"Tipo de Proyecto":{"('0079-D-2013', 0)":"PROYECTO DE RESOLUCI\u00d3N","('0079-D-2013', 1)":null,"('0079-D-2013', 2)":null,"('0079-D-2013', 3)":null,"('0079-D-2013', 4)":null,"('0079-D-2013', 5)":null,"('0079-D-2013', 6)":null},"Iniciado en: ":{"('0079-D-2013', 0)":"Diputados","('0079-D-2013', 1)":null,"('0079-D-2013', 2)":null,"('0079-D-2013', 3)":null,"('0079-D-2013', 4)":null,"('0079-D-2013', 5)":null,"('0079-D-2013', 6)":null},"Expediente Diputados: ":{"('0079-D-2013', 0)":"0079-D-2013","('0079-D-2013', 1)":null,"('0079-D-2013', 2)":null,"('0079-D-2013', 3)":null,"('0079-D-2013', 4)":null,"('0079-D-2013', 5)":null,"('0079-D-2013', 6)":null},"Publicado en: ":{"('0079-D-2013', 0)":"Tr\u00e1mite Parlamentario N\u00b0 1","('0079-D-2013', 1)":null,"('0079-D-2013', 2)":null,"('0079-D-2013', 3)":null,"('0079-D-2013', 4)":null,"('0079-D-2013', 5)":null,"('0079-D-2013', 6)":null},"Fecha: ":{"('0079-D-2013', 0)":"04\/03\/2013","('0079-D-2013', 1)":null,"('0079-D-2013', 2)":null,"('0079-D-2013', 3)":null,"('0079-D-2013', 4)":null,"('0079-D-2013', 5)":null,"('0079-D-2013', 6)":null},"T\u00edtulo":{"('0079-D-2013', 0)":"DECLARAR DE INTERES DE LA H. CAMARA EL 40 ANIVERSARIO DE LA FUNDACION DE LA CONFEDERACION DE TRABAJADORES DE LA EDUCACION DE LA REPUBLICA ARGENTINA -CTERA-, A CONMEMORARSE EL 11 DE SEPTIEMBRE DE 2013.","('0079-D-2013', 1)":null,"('0079-D-2013', 2)":null,"('0079-D-2013', 3)":null,"('0079-D-2013', 4)":null,"('0079-D-2013', 5)":null,"('0079-D-2013', 6)":null},"('Firmantes', 'FIRMANTE')":{"('0079-D-2013', 0)":"LEVERBERG, STELLA MARIS","('0079-D-2013', 1)":"REDCZUK, OSCAR FELIPE","('0079-D-2013', 2)":"ZIEGLER, ALEX ROBERTO","('0079-D-2013', 3)":"ORTIZ, MARIELA","('0079-D-2013', 4)":"GUCCIONE, JOSE DANIEL","('0079-D-2013', 5)":"IANNI, ANA MARIA","('0079-D-2013', 6)":"METAZA, MARIO ALFREDO"},"('Firmantes', 'DISTRITO')":{"('0079-D-2013', 0)":"MISIONES","('0079-D-2013', 1)":"MISIONES","('0079-D-2013', 2)":"MISIONES","('0079-D-2013', 3)":"JUJUY","('0079-D-2013', 4)":"MISIONES","('0079-D-2013', 5)":"SANTA CRUZ","('0079-D-2013', 6)":"SANTA CRUZ"},"('Firmantes', 'BLOQUE')":{"('0079-D-2013', 0)":"FRENTE PARA LA VICTORIA - PJ","('0079-D-2013', 1)":"FRENTE PARA LA VICTORIA - PJ","('0079-D-2013', 2)":"FRENTE PARA LA VICTORIA - PJ","('0079-D-2013', 3)":"FRENTE PARA LA VICTORIA - PJ","('0079-D-2013', 4)":"FRENTE PARA LA VICTORIA - PJ","('0079-D-2013', 5)":"FRENTE PARA LA VICTORIA - PJ","('0079-D-2013', 6)":"FRENTE PARA LA VICTORIA - PJ"},"('Giros', 'COMISI\u00d3N')":{"('0079-D-2013', 0)":"LEGISLACION DEL TRABAJO","('0079-D-2013', 1)":null,"('0079-D-2013', 2)":null,"('0079-D-2013', 3)":null,"('0079-D-2013', 4)":null,"('0079-D-2013', 5)":null,"('0079-D-2013', 6)":null},"Link":{"('0079-D-2013', 0)":"https:\/\/www.hcdn.gob.ar\/proyectos\/textoCompleto.jsp?exp=0079-D-2013&tipo=RESOLUCION","('0079-D-2013', 1)":null,"('0079-D-2013', 2)":null,"('0079-D-2013', 3)":null,"('0079-D-2013', 4)":null,"('0079-D-2013', 5)":null,"('0079-D-2013', 6)":null},"Palabra Clave":{"('0079-D-2013', 0)":" ","('0079-D-2013', 1)":null,"('0079-D-2013', 2)":null,"('0079-D-2013', 3)":null,"('0079-D-2013', 4)":null,"('0079-D-2013', 5)":null,"('0079-D-2013', 6)":null}}