{"Tipo de Proyecto":{"('0080-S-2013', 0)":"PROYECTO DE LEY","('0080-S-2013', 1)":null,"('0080-S-2013', 2)":null,"('0080-S-2013', 3)":null},"Iniciado en: ":{"('0080-S-2013', 0)":"Senado","('0080-S-2013', 1)":null,"('0080-S-2013', 2)":null,"('0080-S-2013', 3)":null},"Expediente Diputados: ":{"('0080-S-2013', 0)":"0080-S-2013","('0080-S-2013', 1)":null,"('0080-S-2013', 2)":null,"('0080-S-2013', 3)":null},"Expediente Senado: ":{"('0080-S-2013', 0)":"0830-S-2013","('0080-S-2013', 1)":null,"('0080-S-2013', 2)":null,"('0080-S-2013', 3)":null},"Publicado en: ":{"('0080-S-2013', 0)":"Diario de Asuntos Entrados N\u00b0 22","('0080-S-2013', 1)":null,"('0080-S-2013', 2)":null,"('0080-S-2013', 3)":null},"Fecha: ":{"('0080-S-2013', 0)":"14\/03\/2013","('0080-S-2013', 1)":null,"('0080-S-2013', 2)":null,"('0080-S-2013', 3)":null},"T\u00edtulo":{"('0080-S-2013', 0)":"INSTITUIR EL DIA MUNDIAL EN RECUERDO DE LAS VICTIMAS DE ACCIDENTES DE TRANSITO EL TERCER DOMINGO DE NOVIEMBRE (REPRODUCCION DEL EXPEDIENTE 2809-S-11).","('0080-S-2013', 1)":null,"('0080-S-2013', 2)":null,"('0080-S-2013', 3)":null},"('Firmantes', 'FIRMANTE')":{"('0080-S-2013', 0)":"GIUSTINIANI, RUBEN HECTOR","('0080-S-2013', 1)":null,"('0080-S-2013', 2)":null,"('0080-S-2013', 3)":null},"('Firmantes', 'DISTRITO')":{"('0080-S-2013', 0)":"SANTA FE","('0080-S-2013', 1)":null,"('0080-S-2013', 2)":null,"('0080-S-2013', 3)":null},"('Firmantes', 'BLOQUE')":{"('0080-S-2013', 0)":"PARTIDO SOCIALISTA","('0080-S-2013', 1)":null,"('0080-S-2013', 2)":null,"('0080-S-2013', 3)":null},"('Giros', 'COMISI\u00d3N')":{"('0080-S-2013', 0)":"TRANSPORTES","('0080-S-2013', 1)":null,"('0080-S-2013', 2)":null,"('0080-S-2013', 3)":null},"('Tramites', 'C\u00c1MARA')":{"('0080-S-2013', 0)":"Senado","('0080-S-2013', 1)":"Senado","('0080-S-2013', 2)":"Diputados","('0080-S-2013', 3)":"Diputados"},"('Tramites', 'MOVIMIENTO')":{"('0080-S-2013', 0)":"MOCION SOBRE TABLAS (AFIRMATIVA)","('0080-S-2013', 1)":"CONSIDERACION Y APROBACION CON MODIFICACIONES","('0080-S-2013', 2)":"PASA A DIPUTADOS -","('0080-S-2013', 3)":"CONSIDERACION Y SANCION"},"('Tramites', 'FECHA')":{"('0080-S-2013', 0)":"13\/11\/2013","('0080-S-2013', 1)":"13\/11\/2013","('0080-S-2013', 2)":null,"('0080-S-2013', 3)":"02\/07\/2014"},"('Tramites', 'RESULTADO')":{"('0080-S-2013', 0)":null,"('0080-S-2013', 1)":"MEDIA SANCION","('0080-S-2013', 2)":null,"('0080-S-2013', 3)":"SANCIONADO"},"Link":{"('0080-S-2013', 0)":"http:\/\/www.senado.gov.ar\/parlamentario\/comisiones\/verExp\/830.13\/S\/PL","('0080-S-2013', 1)":null,"('0080-S-2013', 2)":null,"('0080-S-2013', 3)":null},"Palabra Clave":{"('0080-S-2013', 0)":" ","('0080-S-2013', 1)":null,"('0080-S-2013', 2)":null,"('0080-S-2013', 3)":null}}