{"Tipo de Proyecto":{"('0080-D-2013', 0)":"PROYECTO DE RESOLUCI\u00d3N","('0080-D-2013', 1)":null,"('0080-D-2013', 2)":null,"('0080-D-2013', 3)":null,"('0080-D-2013', 4)":null,"('0080-D-2013', 5)":null,"('0080-D-2013', 6)":null},"Iniciado en: ":{"('0080-D-2013', 0)":"Diputados","('0080-D-2013', 1)":null,"('0080-D-2013', 2)":null,"('0080-D-2013', 3)":null,"('0080-D-2013', 4)":null,"('0080-D-2013', 5)":null,"('0080-D-2013', 6)":null},"Expediente Diputados: ":{"('0080-D-2013', 0)":"0080-D-2013","('0080-D-2013', 1)":null,"('0080-D-2013', 2)":null,"('0080-D-2013', 3)":null,"('0080-D-2013', 4)":null,"('0080-D-2013', 5)":null,"('0080-D-2013', 6)":null},"Publicado en: ":{"('0080-D-2013', 0)":"Tr\u00e1mite Parlamentario N\u00b0 1","('0080-D-2013', 1)":null,"('0080-D-2013', 2)":null,"('0080-D-2013', 3)":null,"('0080-D-2013', 4)":null,"('0080-D-2013', 5)":null,"('0080-D-2013', 6)":null},"Fecha: ":{"('0080-D-2013', 0)":"04\/03\/2013","('0080-D-2013', 1)":null,"('0080-D-2013', 2)":null,"('0080-D-2013', 3)":null,"('0080-D-2013', 4)":null,"('0080-D-2013', 5)":null,"('0080-D-2013', 6)":null},"T\u00edtulo":{"('0080-D-2013', 0)":"DECLARAR DE INTERES DE LA H. CAMARA EL \"PRIMER ENCUENTRO REGIONAL DE MAGISTRADOS\" Y EL \"XX ENCUENTRO DE ASOCIACION DE MUJERES JUEZAS DE LA ARGENTINA\" DENOMINADO \"JUSTICIA Y GENERO\", A REALIZARSE LOS DIAS 14 Y 15 DE MARZO DE 2013 EN LA CIUDAD DE IGUAZU, PROVINCIA DE MISIONES. ","('0080-D-2013', 1)":null,"('0080-D-2013', 2)":null,"('0080-D-2013', 3)":null,"('0080-D-2013', 4)":null,"('0080-D-2013', 5)":null,"('0080-D-2013', 6)":null},"('Firmantes', 'FIRMANTE')":{"('0080-D-2013', 0)":"LEVERBERG, STELLA MARIS","('0080-D-2013', 1)":"REDCZUK, OSCAR FELIPE","('0080-D-2013', 2)":"ZIEGLER, ALEX ROBERTO","('0080-D-2013', 3)":"ORTIZ, MARIELA","('0080-D-2013', 4)":"GUCCIONE, JOSE DANIEL","('0080-D-2013', 5)":"IANNI, ANA MARIA","('0080-D-2013', 6)":"METAZA, MARIO ALFREDO"},"('Firmantes', 'DISTRITO')":{"('0080-D-2013', 0)":"MISIONES","('0080-D-2013', 1)":"MISIONES","('0080-D-2013', 2)":"MISIONES","('0080-D-2013', 3)":"JUJUY","('0080-D-2013', 4)":"MISIONES","('0080-D-2013', 5)":"SANTA CRUZ","('0080-D-2013', 6)":"SANTA CRUZ"},"('Firmantes', 'BLOQUE')":{"('0080-D-2013', 0)":"FRENTE PARA LA VICTORIA - PJ","('0080-D-2013', 1)":"FRENTE PARA LA VICTORIA - PJ","('0080-D-2013', 2)":"FRENTE PARA LA VICTORIA - PJ","('0080-D-2013', 3)":"FRENTE PARA LA VICTORIA - PJ","('0080-D-2013', 4)":"FRENTE PARA LA VICTORIA - PJ","('0080-D-2013', 5)":"FRENTE PARA LA VICTORIA - PJ","('0080-D-2013', 6)":"FRENTE PARA LA VICTORIA - PJ"},"('Giros', 'COMISI\u00d3N')":{"('0080-D-2013', 0)":"JUSTICIA","('0080-D-2013', 1)":null,"('0080-D-2013', 2)":null,"('0080-D-2013', 3)":null,"('0080-D-2013', 4)":null,"('0080-D-2013', 5)":null,"('0080-D-2013', 6)":null},"Link":{"('0080-D-2013', 0)":"https:\/\/www.hcdn.gob.ar\/proyectos\/textoCompleto.jsp?exp=0080-D-2013&tipo=RESOLUCION","('0080-D-2013', 1)":null,"('0080-D-2013', 2)":null,"('0080-D-2013', 3)":null,"('0080-D-2013', 4)":null,"('0080-D-2013', 5)":null,"('0080-D-2013', 6)":null},"Palabra Clave":{"('0080-D-2013', 0)":" ","('0080-D-2013', 1)":null,"('0080-D-2013', 2)":null,"('0080-D-2013', 3)":null,"('0080-D-2013', 4)":null,"('0080-D-2013', 5)":null,"('0080-D-2013', 6)":null}}