{"Tipo de Proyecto":{"('0081-S-2013', 0)":"PROYECTO DE LEY","('0081-S-2013', 1)":null,"('0081-S-2013', 2)":null,"('0081-S-2013', 3)":null,"('0081-S-2013', 4)":null,"('0081-S-2013', 5)":null,"('0081-S-2013', 6)":null,"('0081-S-2013', 7)":null,"('0081-S-2013', 8)":null,"('0081-S-2013', 9)":null},"Iniciado en: ":{"('0081-S-2013', 0)":"Senado","('0081-S-2013', 1)":null,"('0081-S-2013', 2)":null,"('0081-S-2013', 3)":null,"('0081-S-2013', 4)":null,"('0081-S-2013', 5)":null,"('0081-S-2013', 6)":null,"('0081-S-2013', 7)":null,"('0081-S-2013', 8)":null,"('0081-S-2013', 9)":null},"Expediente Diputados: ":{"('0081-S-2013', 0)":"0081-S-2013","('0081-S-2013', 1)":null,"('0081-S-2013', 2)":null,"('0081-S-2013', 3)":null,"('0081-S-2013', 4)":null,"('0081-S-2013', 5)":null,"('0081-S-2013', 6)":null,"('0081-S-2013', 7)":null,"('0081-S-2013', 8)":null,"('0081-S-2013', 9)":null},"Expediente Senado: ":{"('0081-S-2013', 0)":"2932-S-2013","('0081-S-2013', 1)":null,"('0081-S-2013', 2)":null,"('0081-S-2013', 3)":null,"('0081-S-2013', 4)":null,"('0081-S-2013', 5)":null,"('0081-S-2013', 6)":null,"('0081-S-2013', 7)":null,"('0081-S-2013', 8)":null,"('0081-S-2013', 9)":null},"Publicado en: ":{"('0081-S-2013', 0)":"Diario de Asuntos Entrados N\u00b0 119","('0081-S-2013', 1)":null,"('0081-S-2013', 2)":null,"('0081-S-2013', 3)":null,"('0081-S-2013', 4)":null,"('0081-S-2013', 5)":null,"('0081-S-2013', 6)":null,"('0081-S-2013', 7)":null,"('0081-S-2013', 8)":null,"('0081-S-2013', 9)":null},"Fecha: ":{"('0081-S-2013', 0)":"24\/07\/2013","('0081-S-2013', 1)":null,"('0081-S-2013', 2)":null,"('0081-S-2013', 3)":null,"('0081-S-2013', 4)":null,"('0081-S-2013', 5)":null,"('0081-S-2013', 6)":null,"('0081-S-2013', 7)":null,"('0081-S-2013', 8)":null,"('0081-S-2013', 9)":null},"T\u00edtulo":{"('0081-S-2013', 0)":"MODIFICACION DE LA LEY 23753 (PREVENCION DE LA DIABETES) (REPRODUCCION DEL EXPEDIENTE 2782-S-11).","('0081-S-2013', 1)":null,"('0081-S-2013', 2)":null,"('0081-S-2013', 3)":null,"('0081-S-2013', 4)":null,"('0081-S-2013', 5)":null,"('0081-S-2013', 6)":null,"('0081-S-2013', 7)":null,"('0081-S-2013', 8)":null,"('0081-S-2013', 9)":null},"('Firmantes', 'FIRMANTE')":{"('0081-S-2013', 0)":"SANZ, ERNESTO RICARDO","('0081-S-2013', 1)":"MARTINEZ, ALFREDO ANSELMO","('0081-S-2013', 2)":"CANO, JOSE MANUEL","('0081-S-2013', 3)":"MONTERO, LAURA GISELA","('0081-S-2013', 4)":null,"('0081-S-2013', 5)":null,"('0081-S-2013', 6)":null,"('0081-S-2013', 7)":null,"('0081-S-2013', 8)":null,"('0081-S-2013', 9)":null},"('Firmantes', 'DISTRITO')":{"('0081-S-2013', 0)":"MENDOZA","('0081-S-2013', 1)":"SANTA CRUZ","('0081-S-2013', 2)":"TUCUMAN","('0081-S-2013', 3)":"MENDOZA","('0081-S-2013', 4)":null,"('0081-S-2013', 5)":null,"('0081-S-2013', 6)":null,"('0081-S-2013', 7)":null,"('0081-S-2013', 8)":null,"('0081-S-2013', 9)":null},"('Firmantes', 'BLOQUE')":{"('0081-S-2013', 0)":"UCR","('0081-S-2013', 1)":"UCR","('0081-S-2013', 2)":"UCR","('0081-S-2013', 3)":"UCR","('0081-S-2013', 4)":null,"('0081-S-2013', 5)":null,"('0081-S-2013', 6)":null,"('0081-S-2013', 7)":null,"('0081-S-2013', 8)":null,"('0081-S-2013', 9)":null},"('Giros', 'COMISI\u00d3N')":{"('0081-S-2013', 0)":"ACCION SOCIAL Y SALUD PUBLICA","('0081-S-2013', 1)":"PRESUPUESTO Y HACIENDA","('0081-S-2013', 2)":null,"('0081-S-2013', 3)":null,"('0081-S-2013', 4)":null,"('0081-S-2013', 5)":null,"('0081-S-2013', 6)":null,"('0081-S-2013', 7)":null,"('0081-S-2013', 8)":null,"('0081-S-2013', 9)":null},"('Tramites', 'C\u00c1MARA')":{"('0081-S-2013', 0)":"Senado","('0081-S-2013', 1)":"Senado","('0081-S-2013', 2)":"Senado","('0081-S-2013', 3)":"Senado","('0081-S-2013', 4)":"Senado","('0081-S-2013', 5)":"Diputados","('0081-S-2013', 6)":"Diputados","('0081-S-2013', 7)":"Diputados","('0081-S-2013', 8)":"Diputados","('0081-S-2013', 9)":"Diputados"},"('Tramites', 'MOVIMIENTO')":{"('0081-S-2013', 0)":"SOLICITUD DE SER COFIRMANTE DE LA SENADORA MONTERO (A SUS ANTECEDENTES)","('0081-S-2013', 1)":"MOCION SOBRE TABLAS CON DICTAMEN (AFIRMATIVA) CONJUNTAMENTE PARA LOS EXPEDIENTES 0081-S-2013, 2932-S-2013 y 3352-S-2013","('0081-S-2013', 2)":"CONSIDERACION Y APROBACION CONJUNTAMENTE PARA LOS EXPEDIENTES 0081-S-2013, 2932-S-2013 y 3352-S-2013","('0081-S-2013', 3)":"INSERCION DE LA SENADORA BLAS CONJUNTAMENTE PARA LOS EXPEDIENTES 0081-S-2013, 2932-S-2013 y 3352-S-2013","('0081-S-2013', 4)":"INSERCION DE LA SENADORA GIMENEZ CONJUNTAMENTE PARA LOS EXPEDIENTES 0081-S-2013, 2932-S-2013 y 3352-S-2013","('0081-S-2013', 5)":"PASA A DIPUTADOS - CONJUNTAMENTE PARA LOS EXPEDIENTES 0081-S-2013, 2932-S-2013 y 3352-S-2013","('0081-S-2013', 6)":"CONSTITUCION CAMARA EN COMISION (AFIRMATIVA)","('0081-S-2013', 7)":"CONFERENCIA","('0081-S-2013', 8)":"CONSIDERACION Y SANCION","('0081-S-2013', 9)":"INSERCIONES DE LOS DIPUTADOS BIELLA CALVET Y SCHMIDT LIERMANN"},"('Tramites', 'FECHA')":{"('0081-S-2013', 0)":"12\/09\/2013","('0081-S-2013', 1)":"13\/11\/2013","('0081-S-2013', 2)":"13\/11\/2013","('0081-S-2013', 3)":"13\/11\/2013","('0081-S-2013', 4)":"13\/11\/2013","('0081-S-2013', 5)":null,"('0081-S-2013', 6)":"27\/11\/2013","('0081-S-2013', 7)":"27\/11\/2013","('0081-S-2013', 8)":"27\/11\/2013","('0081-S-2013', 9)":"27\/11\/2013"},"('Tramites', 'RESULTADO')":{"('0081-S-2013', 0)":null,"('0081-S-2013', 1)":null,"('0081-S-2013', 2)":"MEDIA SANCION","('0081-S-2013', 3)":null,"('0081-S-2013', 4)":null,"('0081-S-2013', 5)":null,"('0081-S-2013', 6)":null,"('0081-S-2013', 7)":null,"('0081-S-2013', 8)":"SANCIONADO","('0081-S-2013', 9)":null},"Link":{"('0081-S-2013', 0)":"http:\/\/www.senado.gov.ar\/parlamentario\/comisiones\/verExp\/2932.13\/S\/PL","('0081-S-2013', 1)":null,"('0081-S-2013', 2)":null,"('0081-S-2013', 3)":null,"('0081-S-2013', 4)":null,"('0081-S-2013', 5)":null,"('0081-S-2013', 6)":null,"('0081-S-2013', 7)":null,"('0081-S-2013', 8)":null,"('0081-S-2013', 9)":null},"Palabra Clave":{"('0081-S-2013', 0)":" ","('0081-S-2013', 1)":null,"('0081-S-2013', 2)":null,"('0081-S-2013', 3)":null,"('0081-S-2013', 4)":null,"('0081-S-2013', 5)":null,"('0081-S-2013', 6)":null,"('0081-S-2013', 7)":null,"('0081-S-2013', 8)":null,"('0081-S-2013', 9)":null}}