{"Tipo de Proyecto":{"('0081-PE-2013', 0)":"MENSAJE NRO: 0817\/13","('0081-PE-2013', 1)":null},"Iniciado en: ":{"('0081-PE-2013', 0)":"Senado","('0081-PE-2013', 1)":null},"Expediente Senado: ":{"('0081-PE-2013', 0)":"0081-PE-2013","('0081-PE-2013', 1)":null},"Publicado en: ":{"('0081-PE-2013', 0)":"DAE S.A. N\u00b0 4","('0081-PE-2013', 1)":null},"Fecha: ":{"('0081-PE-2013', 0)":"25\/06\/2013","('0081-PE-2013', 1)":null},"T\u00edtulo":{"('0081-PE-2013', 0)":"SOLICITAR ACUERDO PARA DESIGNAR FISCAL ANTE LOS JUZGADOS NACIONALES EN LO CORRECCIONAL DE LA CAPITAL FEDERAL, FISCALIA NUMERO 6, AL DOCTOR SANTIAGO VISMARA.","('0081-PE-2013', 1)":null},"('Firmantes', 'FIRMANTE')":{"('0081-PE-2013', 0)":"FERNANDEZ DE KIRCHNER, CRISTINA","('0081-PE-2013', 1)":"ALAK, JULIO"},"('Firmantes', 'DISTRITO')":{"('0081-PE-2013', 0)":null,"('0081-PE-2013', 1)":null},"('Firmantes', 'BLOQUE')":{"('0081-PE-2013', 0)":"PODER EJECUTIVO","('0081-PE-2013', 1)":"PODER EJECUTIVO"},"('Tramites', 'C\u00c1MARA')":{"('0081-PE-2013', 0)":"Senado","('0081-PE-2013', 1)":null},"('Tramites', 'MOVIMIENTO')":{"('0081-PE-2013', 0)":"CONSIDERACION Y APROBACION","('0081-PE-2013', 1)":null},"('Tramites', 'FECHA')":{"('0081-PE-2013', 0)":"31\/07\/2013","('0081-PE-2013', 1)":null},"('Tramites', 'RESULTADO')":{"('0081-PE-2013', 0)":"APROBADO","('0081-PE-2013', 1)":null},"Palabra Clave":{"('0081-PE-2013', 0)":" ","('0081-PE-2013', 1)":null}}