{"Tipo de Proyecto":{"('0081-D-2013', 0)":"PROYECTO DE LEY","('0081-D-2013', 1)":null,"('0081-D-2013', 2)":null,"('0081-D-2013', 3)":null,"('0081-D-2013', 4)":null,"('0081-D-2013', 5)":null},"Iniciado en: ":{"('0081-D-2013', 0)":"Diputados","('0081-D-2013', 1)":null,"('0081-D-2013', 2)":null,"('0081-D-2013', 3)":null,"('0081-D-2013', 4)":null,"('0081-D-2013', 5)":null},"Expediente Diputados: ":{"('0081-D-2013', 0)":"0081-D-2013","('0081-D-2013', 1)":null,"('0081-D-2013', 2)":null,"('0081-D-2013', 3)":null,"('0081-D-2013', 4)":null,"('0081-D-2013', 5)":null},"Publicado en: ":{"('0081-D-2013', 0)":"Tr\u00e1mite Parlamentario N\u00b0 1","('0081-D-2013', 1)":null,"('0081-D-2013', 2)":null,"('0081-D-2013', 3)":null,"('0081-D-2013', 4)":null,"('0081-D-2013', 5)":null},"Fecha: ":{"('0081-D-2013', 0)":"04\/03\/2013","('0081-D-2013', 1)":null,"('0081-D-2013', 2)":null,"('0081-D-2013', 3)":null,"('0081-D-2013', 4)":null,"('0081-D-2013', 5)":null},"T\u00edtulo":{"('0081-D-2013', 0)":"CREACION DEL BOLETO DOCENTE PARA EL TRANSPORTE PUBLICO AUTOMOTOR Y FERROVIARIO.","('0081-D-2013', 1)":null,"('0081-D-2013', 2)":null,"('0081-D-2013', 3)":null,"('0081-D-2013', 4)":null,"('0081-D-2013', 5)":null},"('Firmantes', 'FIRMANTE')":{"('0081-D-2013', 0)":"LEVERBERG, STELLA MARIS","('0081-D-2013', 1)":"REDCZUK, OSCAR FELIPE","('0081-D-2013', 2)":"ZIEGLER, ALEX ROBERTO","('0081-D-2013', 3)":"IANNI, ANA MARIA","('0081-D-2013', 4)":"GUCCIONE, JOSE DANIEL","('0081-D-2013', 5)":"METAZA, MARIO ALFREDO"},"('Firmantes', 'DISTRITO')":{"('0081-D-2013', 0)":"MISIONES","('0081-D-2013', 1)":"MISIONES","('0081-D-2013', 2)":"MISIONES","('0081-D-2013', 3)":"SANTA CRUZ","('0081-D-2013', 4)":"MISIONES","('0081-D-2013', 5)":"SANTA CRUZ"},"('Firmantes', 'BLOQUE')":{"('0081-D-2013', 0)":"FRENTE PARA LA VICTORIA - PJ","('0081-D-2013', 1)":"FRENTE PARA LA VICTORIA - PJ","('0081-D-2013', 2)":"FRENTE PARA LA VICTORIA - PJ","('0081-D-2013', 3)":"FRENTE PARA LA VICTORIA - PJ","('0081-D-2013', 4)":"FRENTE PARA LA VICTORIA - PJ","('0081-D-2013', 5)":"FRENTE PARA LA VICTORIA - PJ"},"('Giros', 'COMISI\u00d3N')":{"('0081-D-2013', 0)":"TRANSPORTES","('0081-D-2013', 1)":"EDUCACION","('0081-D-2013', 2)":"PRESUPUESTO Y HACIENDA","('0081-D-2013', 3)":null,"('0081-D-2013', 4)":null,"('0081-D-2013', 5)":null},"Sumario":{"('0081-D-2013', 0)":"DESCUENTO DEL CINCUENTA POR CIENTO (50%) SOBRE EL VALOR VIGENTE DEL BOLETO DEL TRANSPORTE PUBLICO AUTOMOTOR Y FERROVIARIO DE PASAJEROS, EN SUS MODALIDADES URBANAS Y SUBURBANAS, INTERURBANAS Y DE LARGA DISTANCIA DE JURISDICCION NACIONAL, PARA EL PERSONAL DOCENTE DE TODOS LOS NIVELES EDUCATIVOS; REQUISITOS; CREDENCIAL IDENTIFICATORIA; AUTORIDAD DE APLICACION: SECRETARIA DE TRANSPORTE; AUTORIDAD DE FISCALIZACION: COMISION NACIONAL DE REGULACION DEL TRANSPORTE (CNRT); FINANCIAMIENTO.","('0081-D-2013', 1)":null,"('0081-D-2013', 2)":null,"('0081-D-2013', 3)":null,"('0081-D-2013', 4)":null,"('0081-D-2013', 5)":null},"Palabra Clave":{"('0081-D-2013', 0)":" ","('0081-D-2013', 1)":null,"('0081-D-2013', 2)":null,"('0081-D-2013', 3)":null,"('0081-D-2013', 4)":null,"('0081-D-2013', 5)":null}}