{"Tipo de Proyecto":{"('0082-S-2013', 0)":"PROYECTO DE LEY","('0082-S-2013', 1)":null,"('0082-S-2013', 2)":null},"Iniciado en: ":{"('0082-S-2013', 0)":"Senado","('0082-S-2013', 1)":null,"('0082-S-2013', 2)":null},"Expediente Diputados: ":{"('0082-S-2013', 0)":"0082-S-2013","('0082-S-2013', 1)":null,"('0082-S-2013', 2)":null},"Expediente Senado: ":{"('0082-S-2013', 0)":"3546-S-2013","('0082-S-2013', 1)":null,"('0082-S-2013', 2)":null},"Publicado en: ":{"('0082-S-2013', 0)":"Diario de Asuntos Entrados N\u00b0 149","('0082-S-2013', 1)":null,"('0082-S-2013', 2)":null},"Fecha: ":{"('0082-S-2013', 0)":"23\/09\/2013","('0082-S-2013', 1)":null,"('0082-S-2013', 2)":null},"T\u00edtulo":{"('0082-S-2013', 0)":"CREACION DEL JUZGADO FEDERAL DE PRIMERA INSTANCIA CON ASIENTO EN LA CIUDAD DE POSADAS, PROVINCIA DE MISIONES.","('0082-S-2013', 1)":null,"('0082-S-2013', 2)":null},"('Firmantes', 'FIRMANTE')":{"('0082-S-2013', 0)":"GIMENEZ, SANDRA DANIELA","('0082-S-2013', 1)":null,"('0082-S-2013', 2)":null},"('Firmantes', 'DISTRITO')":{"('0082-S-2013', 0)":"MISIONES","('0082-S-2013', 1)":null,"('0082-S-2013', 2)":null},"('Firmantes', 'BLOQUE')":{"('0082-S-2013', 0)":"FRENTE PARA LA VICTORIA - PJ","('0082-S-2013', 1)":null,"('0082-S-2013', 2)":null},"('Giros', 'COMISI\u00d3N')":{"('0082-S-2013', 0)":"JUSTICIA","('0082-S-2013', 1)":"PRESUPUESTO Y HACIENDA","('0082-S-2013', 2)":null},"('Tramites', 'C\u00c1MARA')":{"('0082-S-2013', 0)":"Senado","('0082-S-2013', 1)":"Senado","('0082-S-2013', 2)":"Diputados"},"('Tramites', 'MOVIMIENTO')":{"('0082-S-2013', 0)":"MOCION SOBRE TABLAS CON DICTAMEN (AFIRMATIVA)","('0082-S-2013', 1)":"CONSIDERACION Y APROBACION","('0082-S-2013', 2)":"PASA A DIPUTADOS -"},"('Tramites', 'FECHA')":{"('0082-S-2013', 0)":"13\/11\/2013","('0082-S-2013', 1)":"13\/11\/2013","('0082-S-2013', 2)":null},"('Tramites', 'RESULTADO')":{"('0082-S-2013', 0)":null,"('0082-S-2013', 1)":"MEDIA SANCION","('0082-S-2013', 2)":null},"Sumario":{"('0082-S-2013', 0)":"JURISDICCION TERRITORIAL; SECRETARIAS; CREACION DE UNA FISCALIA Y DE UNA DEFENSORIA PUBLICA DE MENORES E INCAPACES DE PRIMERA INSTANCIA; CREACION DE LOS CARGOS DE MAGISTRADOS, FUNCIONARIOS Y EMPLEADOS (ANEXOS I, II Y III): TRIBUNAL DE ALZADA: CAMARA FEDERAL DE APELACIONES DE POSADAS.","('0082-S-2013', 1)":null,"('0082-S-2013', 2)":null},"Palabra Clave":{"('0082-S-2013', 0)":" ","('0082-S-2013', 1)":null,"('0082-S-2013', 2)":null}}