{"Tipo de Proyecto":{"('0083-S-2013', 0)":"PROYECTO DE LEY","('0083-S-2013', 1)":null,"('0083-S-2013', 2)":null,"('0083-S-2013', 3)":null},"Iniciado en: ":{"('0083-S-2013', 0)":"Senado","('0083-S-2013', 1)":null,"('0083-S-2013', 2)":null,"('0083-S-2013', 3)":null},"Expediente Diputados: ":{"('0083-S-2013', 0)":"0083-S-2013","('0083-S-2013', 1)":null,"('0083-S-2013', 2)":null,"('0083-S-2013', 3)":null},"Expediente Senado: ":{"('0083-S-2013', 0)":"1514-S-2013","('0083-S-2013', 1)":null,"('0083-S-2013', 2)":null,"('0083-S-2013', 3)":null},"Publicado en: ":{"('0083-S-2013', 0)":"Diario de Asuntos Entrados N\u00b0 48","('0083-S-2013', 1)":null,"('0083-S-2013', 2)":null,"('0083-S-2013', 3)":null},"Fecha: ":{"('0083-S-2013', 0)":"11\/04\/2013","('0083-S-2013', 1)":null,"('0083-S-2013', 2)":null,"('0083-S-2013', 3)":null},"T\u00edtulo":{"('0083-S-2013', 0)":"CREACION DEL JUZGADO FEDERAL DE PRIMERA INSTANCIA NUMERO 3 CON ASIENTO EN LA CIUDAD DE CLORINDA, PROVINCIA DE FORMOSA.","('0083-S-2013', 1)":null,"('0083-S-2013', 2)":null,"('0083-S-2013', 3)":null},"('Firmantes', 'FIRMANTE')":{"('0083-S-2013', 0)":"MAYANS, JOSE MIGUEL ANGEL","('0083-S-2013', 1)":null,"('0083-S-2013', 2)":null,"('0083-S-2013', 3)":null},"('Firmantes', 'DISTRITO')":{"('0083-S-2013', 0)":"FORMOSA","('0083-S-2013', 1)":null,"('0083-S-2013', 2)":null,"('0083-S-2013', 3)":null},"('Firmantes', 'BLOQUE')":{"('0083-S-2013', 0)":"FRENTE PARA LA VICTORIA - PJ","('0083-S-2013', 1)":null,"('0083-S-2013', 2)":null,"('0083-S-2013', 3)":null},"('Giros', 'COMISI\u00d3N')":{"('0083-S-2013', 0)":"JUSTICIA","('0083-S-2013', 1)":"PRESUPUESTO Y HACIENDA","('0083-S-2013', 2)":null,"('0083-S-2013', 3)":null},"('Tramites', 'C\u00c1MARA')":{"('0083-S-2013', 0)":"Senado","('0083-S-2013', 1)":"Senado","('0083-S-2013', 2)":"Diputados","('0083-S-2013', 3)":"Diputados"},"('Tramites', 'MOVIMIENTO')":{"('0083-S-2013', 0)":"MOCION SOBRE TABLAS (AFIRMATIVA)","('0083-S-2013', 1)":"CONSIDERACION Y APROBACION","('0083-S-2013', 2)":"PASA A DIPUTADOS -","('0083-S-2013', 3)":"CONSIDERACION Y SANCION"},"('Tramites', 'FECHA')":{"('0083-S-2013', 0)":"13\/11\/2013","('0083-S-2013', 1)":"13\/11\/2013","('0083-S-2013', 2)":null,"('0083-S-2013', 3)":"19\/11\/2014"},"('Tramites', 'RESULTADO')":{"('0083-S-2013', 0)":null,"('0083-S-2013', 1)":"MEDIA SANCION","('0083-S-2013', 2)":null,"('0083-S-2013', 3)":"SANCIONADO"},"Sumario":{"('0083-S-2013', 0)":"COMPETENCIA EN MATERIA CRIMINAL Y CORRECCIONAL, CIVIL, COMERCIAL, LABORAL, CONTENCIOSO ADMINISTRATIVA, EJECUCION FISCAL, TRIBUTARIA Y PREVISIONAL; COMPETENCIA TERRITORIAL EN LOS DEPARTAMENTOS DE PILCOMAYO Y PILAGAS; TRIBUNAL DE ALZADA: CAMARA FEDERAL DE APELACIONES DE RESISTENCIA; FUNCIONAMIENTO; FISCALIA; JUECES.","('0083-S-2013', 1)":null,"('0083-S-2013', 2)":null,"('0083-S-2013', 3)":null},"Palabra Clave":{"('0083-S-2013', 0)":" ","('0083-S-2013', 1)":null,"('0083-S-2013', 2)":null,"('0083-S-2013', 3)":null}}