{"Tipo de Proyecto":{"('0084-OV-2013', 0)":"PROYECTO DE RESOLUCI\u00d3N"},"Iniciado en: ":{"('0084-OV-2013', 0)":"Senado"},"Expediente Senado: ":{"('0084-OV-2013', 0)":"0084-OV-2013"},"Fecha: ":{"('0084-OV-2013', 0)":"06\/07\/2015"},"T\u00edtulo":{"('0084-OV-2013', 0)":"PEDIDO DE INFORMES AL PODER EJECUTIVO SOBRE RESOLUCION REMITIDA POR LA AUDITORIA GENERAL DE LA NACION 64\/13, SOBRE LOS ESTADOS FINANCIEROS DEL PROGRAMA DE GESTION DE SANIDAD Y CALIDAD AGROALIMENTARIA, CONTRATO DE PRESTAMO 1950\/OC-AR BID, EJERCICIO 4 FINALIZADO EL 31 DE DICIEMBRE DE 2012."},"('Firmantes', 'FIRMANTE')":{"('0084-OV-2013', 0)":"PARLAMENTARIA MIXTA REVISORA DE CUENTAS"},"('Firmantes', 'DISTRITO')":{"('0084-OV-2013', 0)":null},"('Firmantes', 'BLOQUE')":{"('0084-OV-2013', 0)":null},"Link":{"('0084-OV-2013', 0)":"http:\/\/www.senado.gov.ar\/parlamentario\/comisiones\/verExp\/84.13\/OV\/PR"},"Palabra Clave":{"('0084-OV-2013', 0)":" "}}