{"Tipo de Proyecto":{"('0084-PE-2013', 0)":"MENSAJE NRO: 0820\/13","('0084-PE-2013', 1)":null},"Iniciado en: ":{"('0084-PE-2013', 0)":"Senado","('0084-PE-2013', 1)":null},"Expediente Senado: ":{"('0084-PE-2013', 0)":"0084-PE-2013","('0084-PE-2013', 1)":null},"Publicado en: ":{"('0084-PE-2013', 0)":"DAE S.A. N\u00b0 4","('0084-PE-2013', 1)":null},"Fecha: ":{"('0084-PE-2013', 0)":"25\/06\/2013","('0084-PE-2013', 1)":null},"T\u00edtulo":{"('0084-PE-2013', 0)":"SOLICITAR ACUERDO PARA DESIGNAR FISCAL ANTE LOS JUZGADOS FEDERALES DE PRIMERA INSTANCIA DE LA SEGURIDAD SOCIAL, FISCALIA NUMERO 1, AL DOCTOR GABRIEL DE VEDIA.","('0084-PE-2013', 1)":null},"('Firmantes', 'FIRMANTE')":{"('0084-PE-2013', 0)":"FERNANDEZ DE KIRCHNER, CRISTINA","('0084-PE-2013', 1)":"ALAK, JULIO"},"('Firmantes', 'DISTRITO')":{"('0084-PE-2013', 0)":null,"('0084-PE-2013', 1)":null},"('Firmantes', 'BLOQUE')":{"('0084-PE-2013', 0)":"PODER EJECUTIVO","('0084-PE-2013', 1)":"PODER EJECUTIVO"},"('Tramites', 'C\u00c1MARA')":{"('0084-PE-2013', 0)":"Senado","('0084-PE-2013', 1)":null},"('Tramites', 'MOVIMIENTO')":{"('0084-PE-2013', 0)":"CONSIDERACION Y APROBACION","('0084-PE-2013', 1)":null},"('Tramites', 'FECHA')":{"('0084-PE-2013', 0)":"31\/07\/2013","('0084-PE-2013', 1)":null},"('Tramites', 'RESULTADO')":{"('0084-PE-2013', 0)":"APROBADO","('0084-PE-2013', 1)":null},"Palabra Clave":{"('0084-PE-2013', 0)":" ","('0084-PE-2013', 1)":null}}