{"Tipo de Proyecto":{"('0085-D-2013', 0)":"PROYECTO DE DECLARACI\u00d3N"},"Iniciado en: ":{"('0085-D-2013', 0)":"Diputados"},"Expediente Diputados: ":{"('0085-D-2013', 0)":"0085-D-2013"},"Publicado en: ":{"('0085-D-2013', 0)":"Tr\u00e1mite Parlamentario N\u00b0 1"},"Fecha: ":{"('0085-D-2013', 0)":"04\/03\/2013"},"T\u00edtulo":{"('0085-D-2013', 0)":"EXPRESAR ADHESION AL DIA DE LA ANTARTIDA ARGENTINA, CELEBRADO EL 22 DE FEBRERO DE 2013."},"('Firmantes', 'FIRMANTE')":{"('0085-D-2013', 0)":"FADUL, LILIANA"},"('Firmantes', 'DISTRITO')":{"('0085-D-2013', 0)":"TIERRA DEL FUEGO"},"('Firmantes', 'BLOQUE')":{"('0085-D-2013', 0)":"PARTIDO FEDERAL FUEGUINO"},"('Giros', 'COMISI\u00d3N')":{"('0085-D-2013', 0)":"DEFENSA NACIONAL"},"('Tramites', 'C\u00c1MARA')":{"('0085-D-2013', 0)":"Diputados"},"('Tramites', 'MOVIMIENTO')":{"('0085-D-2013', 0)":"APROBACION ARTICULO 114 DEL REGLAMENTO DE LA H CAMARA DE DIPUTADOS; COMUNICADO EL 28\/06\/2013"},"('Tramites', 'FECHA')":{"('0085-D-2013', 0)":null},"('Tramites', 'RESULTADO')":{"('0085-D-2013', 0)":"APROBADO"},"Link":{"('0085-D-2013', 0)":"https:\/\/www.hcdn.gob.ar\/proyectos\/textoCompleto.jsp?exp=0085-D-2013&tipo=DECLARACION"},"Palabra Clave":{"('0085-D-2013', 0)":" "}}