{"Tipo de Proyecto":{"('0085-S-2013', 0)":"PROYECTO DE LEY","('0085-S-2013', 1)":null,"('0085-S-2013', 2)":null,"('0085-S-2013', 3)":null,"('0085-S-2013', 4)":null,"('0085-S-2013', 5)":null,"('0085-S-2013', 6)":null,"('0085-S-2013', 7)":null,"('0085-S-2013', 8)":null,"('0085-S-2013', 9)":null,"('0085-S-2013', 10)":null,"('0085-S-2013', 11)":null,"('0085-S-2013', 12)":null,"('0085-S-2013', 13)":null,"('0085-S-2013', 14)":null,"('0085-S-2013', 15)":null,"('0085-S-2013', 16)":null,"('0085-S-2013', 17)":null,"('0085-S-2013', 18)":null,"('0085-S-2013', 19)":null,"('0085-S-2013', 20)":null,"('0085-S-2013', 21)":null,"('0085-S-2013', 22)":null,"('0085-S-2013', 23)":null,"('0085-S-2013', 24)":null,"('0085-S-2013', 25)":null,"('0085-S-2013', 26)":null},"Iniciado en: ":{"('0085-S-2013', 0)":"Senado","('0085-S-2013', 1)":null,"('0085-S-2013', 2)":null,"('0085-S-2013', 3)":null,"('0085-S-2013', 4)":null,"('0085-S-2013', 5)":null,"('0085-S-2013', 6)":null,"('0085-S-2013', 7)":null,"('0085-S-2013', 8)":null,"('0085-S-2013', 9)":null,"('0085-S-2013', 10)":null,"('0085-S-2013', 11)":null,"('0085-S-2013', 12)":null,"('0085-S-2013', 13)":null,"('0085-S-2013', 14)":null,"('0085-S-2013', 15)":null,"('0085-S-2013', 16)":null,"('0085-S-2013', 17)":null,"('0085-S-2013', 18)":null,"('0085-S-2013', 19)":null,"('0085-S-2013', 20)":null,"('0085-S-2013', 21)":null,"('0085-S-2013', 22)":null,"('0085-S-2013', 23)":null,"('0085-S-2013', 24)":null,"('0085-S-2013', 25)":null,"('0085-S-2013', 26)":null},"Expediente Diputados: ":{"('0085-S-2013', 0)":"0085-S-2013","('0085-S-2013', 1)":null,"('0085-S-2013', 2)":null,"('0085-S-2013', 3)":null,"('0085-S-2013', 4)":null,"('0085-S-2013', 5)":null,"('0085-S-2013', 6)":null,"('0085-S-2013', 7)":null,"('0085-S-2013', 8)":null,"('0085-S-2013', 9)":null,"('0085-S-2013', 10)":null,"('0085-S-2013', 11)":null,"('0085-S-2013', 12)":null,"('0085-S-2013', 13)":null,"('0085-S-2013', 14)":null,"('0085-S-2013', 15)":null,"('0085-S-2013', 16)":null,"('0085-S-2013', 17)":null,"('0085-S-2013', 18)":null,"('0085-S-2013', 19)":null,"('0085-S-2013', 20)":null,"('0085-S-2013', 21)":null,"('0085-S-2013', 22)":null,"('0085-S-2013', 23)":null,"('0085-S-2013', 24)":null,"('0085-S-2013', 25)":null,"('0085-S-2013', 26)":null},"Expediente Senado: ":{"('0085-S-2013', 0)":"1877-S-2013","('0085-S-2013', 1)":null,"('0085-S-2013', 2)":null,"('0085-S-2013', 3)":null,"('0085-S-2013', 4)":null,"('0085-S-2013', 5)":null,"('0085-S-2013', 6)":null,"('0085-S-2013', 7)":null,"('0085-S-2013', 8)":null,"('0085-S-2013', 9)":null,"('0085-S-2013', 10)":null,"('0085-S-2013', 11)":null,"('0085-S-2013', 12)":null,"('0085-S-2013', 13)":null,"('0085-S-2013', 14)":null,"('0085-S-2013', 15)":null,"('0085-S-2013', 16)":null,"('0085-S-2013', 17)":null,"('0085-S-2013', 18)":null,"('0085-S-2013', 19)":null,"('0085-S-2013', 20)":null,"('0085-S-2013', 21)":null,"('0085-S-2013', 22)":null,"('0085-S-2013', 23)":null,"('0085-S-2013', 24)":null,"('0085-S-2013', 25)":null,"('0085-S-2013', 26)":null},"Publicado en: ":{"('0085-S-2013', 0)":"Diario de Asuntos Entrados N\u00b0 67","('0085-S-2013', 1)":null,"('0085-S-2013', 2)":null,"('0085-S-2013', 3)":null,"('0085-S-2013', 4)":null,"('0085-S-2013', 5)":null,"('0085-S-2013', 6)":null,"('0085-S-2013', 7)":null,"('0085-S-2013', 8)":null,"('0085-S-2013', 9)":null,"('0085-S-2013', 10)":null,"('0085-S-2013', 11)":null,"('0085-S-2013', 12)":null,"('0085-S-2013', 13)":null,"('0085-S-2013', 14)":null,"('0085-S-2013', 15)":null,"('0085-S-2013', 16)":null,"('0085-S-2013', 17)":null,"('0085-S-2013', 18)":null,"('0085-S-2013', 19)":null,"('0085-S-2013', 20)":null,"('0085-S-2013', 21)":null,"('0085-S-2013', 22)":null,"('0085-S-2013', 23)":null,"('0085-S-2013', 24)":null,"('0085-S-2013', 25)":null,"('0085-S-2013', 26)":null},"Fecha: ":{"('0085-S-2013', 0)":"08\/05\/2013","('0085-S-2013', 1)":null,"('0085-S-2013', 2)":null,"('0085-S-2013', 3)":null,"('0085-S-2013', 4)":null,"('0085-S-2013', 5)":null,"('0085-S-2013', 6)":null,"('0085-S-2013', 7)":null,"('0085-S-2013', 8)":null,"('0085-S-2013', 9)":null,"('0085-S-2013', 10)":null,"('0085-S-2013', 11)":null,"('0085-S-2013', 12)":null,"('0085-S-2013', 13)":null,"('0085-S-2013', 14)":null,"('0085-S-2013', 15)":null,"('0085-S-2013', 16)":null,"('0085-S-2013', 17)":null,"('0085-S-2013', 18)":null,"('0085-S-2013', 19)":null,"('0085-S-2013', 20)":null,"('0085-S-2013', 21)":null,"('0085-S-2013', 22)":null,"('0085-S-2013', 23)":null,"('0085-S-2013', 24)":null,"('0085-S-2013', 25)":null,"('0085-S-2013', 26)":null},"T\u00edtulo":{"('0085-S-2013', 0)":"MODIFICACION DEL ARTICULO 122 DE LA LEY 20744, DE CONTRATO DE TRABAJO - RESPECTO DE ADECUAR LA FECHA DE PAGO DEL SUELDO ANUAL COMPLEMENTARIO. ","('0085-S-2013', 1)":null,"('0085-S-2013', 2)":null,"('0085-S-2013', 3)":null,"('0085-S-2013', 4)":null,"('0085-S-2013', 5)":null,"('0085-S-2013', 6)":null,"('0085-S-2013', 7)":null,"('0085-S-2013', 8)":null,"('0085-S-2013', 9)":null,"('0085-S-2013', 10)":null,"('0085-S-2013', 11)":null,"('0085-S-2013', 12)":null,"('0085-S-2013', 13)":null,"('0085-S-2013', 14)":null,"('0085-S-2013', 15)":null,"('0085-S-2013', 16)":null,"('0085-S-2013', 17)":null,"('0085-S-2013', 18)":null,"('0085-S-2013', 19)":null,"('0085-S-2013', 20)":null,"('0085-S-2013', 21)":null,"('0085-S-2013', 22)":null,"('0085-S-2013', 23)":null,"('0085-S-2013', 24)":null,"('0085-S-2013', 25)":null,"('0085-S-2013', 26)":null},"('Firmantes', 'FIRMANTE')":{"('0085-S-2013', 0)":"ARTAZA, EUGENIO JUSTINIANO","('0085-S-2013', 1)":"REUTEMANN, CARLOS ALBERTO","('0085-S-2013', 2)":"ROMERO, JUAN CARLOS","('0085-S-2013', 3)":"CANO, JOSE MANUEL","('0085-S-2013', 4)":"MARINO, JUAN CARLOS","('0085-S-2013', 5)":"VERNA, CARLOS ALBERTO","('0085-S-2013', 6)":"PETCOFF NAIDENOFF, LUIS CARLOS","('0085-S-2013', 7)":"BORELLO, MARTA","('0085-S-2013', 8)":"MARTINEZ, ALFREDO ANSELMO","('0085-S-2013', 9)":"RACHED, EMILIO ALBERTO","('0085-S-2013', 10)":"MONTERO, LAURA GISELA","('0085-S-2013', 11)":"GIUSTINIANI, RUBEN HECTOR","('0085-S-2013', 12)":"VERANI, PABLO","('0085-S-2013', 13)":"NIKISCH, ROY ABELARDO","('0085-S-2013', 14)":"CIMADEVILLA, MARIO JORGE","('0085-S-2013', 15)":"VERA, ARTURO","('0085-S-2013', 16)":"ESTENSSORO, MARIA EUGENIA","('0085-S-2013', 17)":"ESCUDERO, SONIA MARGARITA","('0085-S-2013', 18)":"SANZ, ERNESTO RICARDO","('0085-S-2013', 19)":"NEGRE DE ALONSO, LILIANA T.","('0085-S-2013', 20)":"LINARES, JAIME","('0085-S-2013', 21)":"MONLLAU, BLANCA MARIA DEL VALLE","('0085-S-2013', 22)":"MORANDINI, NORMA ELENA","('0085-S-2013', 23)":"JUEZ, LUIS ALFREDO","('0085-S-2013', 24)":"LOPEZ, OSVALDO RAMON","('0085-S-2013', 25)":"CABANCHIK, SAMUEL MANUEL","('0085-S-2013', 26)":"SOSA, MARIA NOEMI"},"('Firmantes', 'DISTRITO')":{"('0085-S-2013', 0)":"CORRIENTES","('0085-S-2013', 1)":"SANTA FE","('0085-S-2013', 2)":"SALTA","('0085-S-2013', 3)":"TUCUMAN","('0085-S-2013', 4)":"LA PAMPA","('0085-S-2013', 5)":"LA PAMPA","('0085-S-2013', 6)":"FORMOSA","('0085-S-2013', 7)":"CORDOBA","('0085-S-2013', 8)":"SANTA CRUZ","('0085-S-2013', 9)":"SANTIAGO DEL ESTERO","('0085-S-2013', 10)":"MENDOZA","('0085-S-2013', 11)":"SANTA FE","('0085-S-2013', 12)":"RIO NEGRO","('0085-S-2013', 13)":"CHACO","('0085-S-2013', 14)":"CHUBUT","('0085-S-2013', 15)":"ENTRE RIOS","('0085-S-2013', 16)":"CIUDAD de BUENOS AIRES","('0085-S-2013', 17)":"SALTA","('0085-S-2013', 18)":"MENDOZA","('0085-S-2013', 19)":"SAN LUIS","('0085-S-2013', 20)":"BUENOS AIRES","('0085-S-2013', 21)":"CATAMARCA","('0085-S-2013', 22)":"CORDOBA","('0085-S-2013', 23)":"CORDOBA","('0085-S-2013', 24)":"TIERRA DEL FUEGO","('0085-S-2013', 25)":"CIUDAD de BUENOS AIRES","('0085-S-2013', 26)":"RIO NEGRO"},"('Firmantes', 'BLOQUE')":{"('0085-S-2013', 0)":"UCR","('0085-S-2013', 1)":"SANTA FE FEDERAL","('0085-S-2013', 2)":"JUSTICIALISTA 8 DE OCTUBRE","('0085-S-2013', 3)":"UCR","('0085-S-2013', 4)":"UCR","('0085-S-2013', 5)":"PARTIDO JUSTICIALISTA LA PAMPA","('0085-S-2013', 6)":"UCR","('0085-S-2013', 7)":"UCR","('0085-S-2013', 8)":"UCR","('0085-S-2013', 9)":"UCR","('0085-S-2013', 10)":"UCR","('0085-S-2013', 11)":"PARTIDO SOCIALISTA","('0085-S-2013', 12)":"UCR","('0085-S-2013', 13)":"UCR","('0085-S-2013', 14)":"UCR","('0085-S-2013', 15)":"UCR","('0085-S-2013', 16)":"COALICION CIVICA","('0085-S-2013', 17)":"JUSTICIALISTA 8 DE OCTUBRE","('0085-S-2013', 18)":"UCR","('0085-S-2013', 19)":"JUSTICIALISTA SAN LUIS","('0085-S-2013', 20)":"GEN","('0085-S-2013', 21)":"FRENTE CIVICO Y SOCIAL DE CATAMARCA","('0085-S-2013', 22)":"FRENTE CIVICO DE LA PROVINCIA DE CORDOBA","('0085-S-2013', 23)":"FRENTE CIVICO DE LA PROVINCIA DE CORDOBA","('0085-S-2013', 24)":"NUEVO ENCUENTRO","('0085-S-2013', 25)":"PROYECTO BUENOS AIRES FEDERAL","('0085-S-2013', 26)":"UCR"},"('Giros', 'COMISI\u00d3N')":{"('0085-S-2013', 0)":"LEGISLACION DEL TRABAJO","('0085-S-2013', 1)":null,"('0085-S-2013', 2)":null,"('0085-S-2013', 3)":null,"('0085-S-2013', 4)":null,"('0085-S-2013', 5)":null,"('0085-S-2013', 6)":null,"('0085-S-2013', 7)":null,"('0085-S-2013', 8)":null,"('0085-S-2013', 9)":null,"('0085-S-2013', 10)":null,"('0085-S-2013', 11)":null,"('0085-S-2013', 12)":null,"('0085-S-2013', 13)":null,"('0085-S-2013', 14)":null,"('0085-S-2013', 15)":null,"('0085-S-2013', 16)":null,"('0085-S-2013', 17)":null,"('0085-S-2013', 18)":null,"('0085-S-2013', 19)":null,"('0085-S-2013', 20)":null,"('0085-S-2013', 21)":null,"('0085-S-2013', 22)":null,"('0085-S-2013', 23)":null,"('0085-S-2013', 24)":null,"('0085-S-2013', 25)":null,"('0085-S-2013', 26)":null},"('Tramites', 'C\u00c1MARA')":{"('0085-S-2013', 0)":"Senado","('0085-S-2013', 1)":"Senado","('0085-S-2013', 2)":"Senado","('0085-S-2013', 3)":"Senado","('0085-S-2013', 4)":"Diputados","('0085-S-2013', 5)":"Diputados","('0085-S-2013', 6)":"Diputados","('0085-S-2013', 7)":"Senado","('0085-S-2013', 8)":"Senado","('0085-S-2013', 9)":"Senado","('0085-S-2013', 10)":null,"('0085-S-2013', 11)":null,"('0085-S-2013', 12)":null,"('0085-S-2013', 13)":null,"('0085-S-2013', 14)":null,"('0085-S-2013', 15)":null,"('0085-S-2013', 16)":null,"('0085-S-2013', 17)":null,"('0085-S-2013', 18)":null,"('0085-S-2013', 19)":null,"('0085-S-2013', 20)":null,"('0085-S-2013', 21)":null,"('0085-S-2013', 22)":null,"('0085-S-2013', 23)":null,"('0085-S-2013', 24)":null,"('0085-S-2013', 25)":null,"('0085-S-2013', 26)":null},"('Tramites', 'MOVIMIENTO')":{"('0085-S-2013', 0)":"MOCION DE PREFERENCIA PARA LA PROXIMA SESION CON DICTAMEN (AFIRMATIVA)","('0085-S-2013', 1)":"SOLICITUD DE SER COFIRMANTE DE LA SENADORA SOSA (A SUS ANTECEDENTES)","('0085-S-2013', 2)":"MOCION SOBRE TABLAS CON DICTAMEN (AFIRMATIVA)","('0085-S-2013', 3)":"CONSIDERACION Y APROBACION","('0085-S-2013', 4)":"PASA A DIPUTADOS -","('0085-S-2013', 5)":"CITACION SESION ESPECIAL","('0085-S-2013', 6)":"CONSIDERACION Y APROBACION CON MODIFICACIONES","('0085-S-2013', 7)":"VUELVE A SENADO -","('0085-S-2013', 8)":"MOCION DE PREFERENCIA CON DICTAMEN (AFIRMATIVA)","('0085-S-2013', 9)":"CONSIDERACION Y SANCION","('0085-S-2013', 10)":null,"('0085-S-2013', 11)":null,"('0085-S-2013', 12)":null,"('0085-S-2013', 13)":null,"('0085-S-2013', 14)":null,"('0085-S-2013', 15)":null,"('0085-S-2013', 16)":null,"('0085-S-2013', 17)":null,"('0085-S-2013', 18)":null,"('0085-S-2013', 19)":null,"('0085-S-2013', 20)":null,"('0085-S-2013', 21)":null,"('0085-S-2013', 22)":null,"('0085-S-2013', 23)":null,"('0085-S-2013', 24)":null,"('0085-S-2013', 25)":null,"('0085-S-2013', 26)":null},"('Tramites', 'FECHA')":{"('0085-S-2013', 0)":"22\/05\/2013","('0085-S-2013', 1)":"13\/11\/2013","('0085-S-2013', 2)":"13\/11\/2013","('0085-S-2013', 3)":"13\/11\/2013","('0085-S-2013', 4)":null,"('0085-S-2013', 5)":"12\/11\/2014","('0085-S-2013', 6)":"12\/11\/2014","('0085-S-2013', 7)":null,"('0085-S-2013', 8)":"03\/12\/2014","('0085-S-2013', 9)":"10\/12\/2014","('0085-S-2013', 10)":null,"('0085-S-2013', 11)":null,"('0085-S-2013', 12)":null,"('0085-S-2013', 13)":null,"('0085-S-2013', 14)":null,"('0085-S-2013', 15)":null,"('0085-S-2013', 16)":null,"('0085-S-2013', 17)":null,"('0085-S-2013', 18)":null,"('0085-S-2013', 19)":null,"('0085-S-2013', 20)":null,"('0085-S-2013', 21)":null,"('0085-S-2013', 22)":null,"('0085-S-2013', 23)":null,"('0085-S-2013', 24)":null,"('0085-S-2013', 25)":null,"('0085-S-2013', 26)":null},"('Tramites', 'RESULTADO')":{"('0085-S-2013', 0)":null,"('0085-S-2013', 1)":null,"('0085-S-2013', 2)":null,"('0085-S-2013', 3)":"MEDIA SANCION","('0085-S-2013', 4)":null,"('0085-S-2013', 5)":null,"('0085-S-2013', 6)":"MEDIA SANCION","('0085-S-2013', 7)":null,"('0085-S-2013', 8)":null,"('0085-S-2013', 9)":"SANCIONADO","('0085-S-2013', 10)":null,"('0085-S-2013', 11)":null,"('0085-S-2013', 12)":null,"('0085-S-2013', 13)":null,"('0085-S-2013', 14)":null,"('0085-S-2013', 15)":null,"('0085-S-2013', 16)":null,"('0085-S-2013', 17)":null,"('0085-S-2013', 18)":null,"('0085-S-2013', 19)":null,"('0085-S-2013', 20)":null,"('0085-S-2013', 21)":null,"('0085-S-2013', 22)":null,"('0085-S-2013', 23)":null,"('0085-S-2013', 24)":null,"('0085-S-2013', 25)":null,"('0085-S-2013', 26)":null},"Link":{"('0085-S-2013', 0)":"http:\/\/www.senado.gov.ar\/parlamentario\/comisiones\/verExp\/1877.13\/S\/PL","('0085-S-2013', 1)":null,"('0085-S-2013', 2)":null,"('0085-S-2013', 3)":null,"('0085-S-2013', 4)":null,"('0085-S-2013', 5)":null,"('0085-S-2013', 6)":null,"('0085-S-2013', 7)":null,"('0085-S-2013', 8)":null,"('0085-S-2013', 9)":null,"('0085-S-2013', 10)":null,"('0085-S-2013', 11)":null,"('0085-S-2013', 12)":null,"('0085-S-2013', 13)":null,"('0085-S-2013', 14)":null,"('0085-S-2013', 15)":null,"('0085-S-2013', 16)":null,"('0085-S-2013', 17)":null,"('0085-S-2013', 18)":null,"('0085-S-2013', 19)":null,"('0085-S-2013', 20)":null,"('0085-S-2013', 21)":null,"('0085-S-2013', 22)":null,"('0085-S-2013', 23)":null,"('0085-S-2013', 24)":null,"('0085-S-2013', 25)":null,"('0085-S-2013', 26)":null},"Palabra Clave":{"('0085-S-2013', 0)":" ","('0085-S-2013', 1)":null,"('0085-S-2013', 2)":null,"('0085-S-2013', 3)":null,"('0085-S-2013', 4)":null,"('0085-S-2013', 5)":null,"('0085-S-2013', 6)":null,"('0085-S-2013', 7)":null,"('0085-S-2013', 8)":null,"('0085-S-2013', 9)":null,"('0085-S-2013', 10)":null,"('0085-S-2013', 11)":null,"('0085-S-2013', 12)":null,"('0085-S-2013', 13)":null,"('0085-S-2013', 14)":null,"('0085-S-2013', 15)":null,"('0085-S-2013', 16)":null,"('0085-S-2013', 17)":null,"('0085-S-2013', 18)":null,"('0085-S-2013', 19)":null,"('0085-S-2013', 20)":null,"('0085-S-2013', 21)":null,"('0085-S-2013', 22)":null,"('0085-S-2013', 23)":null,"('0085-S-2013', 24)":null,"('0085-S-2013', 25)":null,"('0085-S-2013', 26)":null}}