{"Tipo de Proyecto":{"('0085-PE-2013', 0)":"MENSAJE NRO: 0821\/13","('0085-PE-2013', 1)":null},"Iniciado en: ":{"('0085-PE-2013', 0)":"Senado","('0085-PE-2013', 1)":null},"Expediente Senado: ":{"('0085-PE-2013', 0)":"0085-PE-2013","('0085-PE-2013', 1)":null},"Publicado en: ":{"('0085-PE-2013', 0)":"DAE S.A. N\u00b0 4","('0085-PE-2013', 1)":null},"Fecha: ":{"('0085-PE-2013', 0)":"25\/06\/2013","('0085-PE-2013', 1)":null},"T\u00edtulo":{"('0085-PE-2013', 0)":"SOLICITAR ACUERDO PARA DESIGNAR FISCAL ANTE LOS JUZGADOS FEDERALES DE PRIMERA INSTANCIA DE ROSARIO, PROVINCIA DE SANTA FE, FISCALIA NUMERO 2, AL DOCTOR MARIO JORGE GAMBACORTA.","('0085-PE-2013', 1)":null},"('Firmantes', 'FIRMANTE')":{"('0085-PE-2013', 0)":"FERNANDEZ DE KIRCHNER, CRISTINA","('0085-PE-2013', 1)":"ALAK, JULIO"},"('Firmantes', 'DISTRITO')":{"('0085-PE-2013', 0)":null,"('0085-PE-2013', 1)":null},"('Firmantes', 'BLOQUE')":{"('0085-PE-2013', 0)":"PODER EJECUTIVO","('0085-PE-2013', 1)":"PODER EJECUTIVO"},"('Tramites', 'C\u00c1MARA')":{"('0085-PE-2013', 0)":"Senado","('0085-PE-2013', 1)":null},"('Tramites', 'MOVIMIENTO')":{"('0085-PE-2013', 0)":"CONSIDERACION Y APROBACION","('0085-PE-2013', 1)":null},"('Tramites', 'FECHA')":{"('0085-PE-2013', 0)":"31\/07\/2013","('0085-PE-2013', 1)":null},"('Tramites', 'RESULTADO')":{"('0085-PE-2013', 0)":"APROBADO","('0085-PE-2013', 1)":null},"Palabra Clave":{"('0085-PE-2013', 0)":" ","('0085-PE-2013', 1)":null}}