{"Tipo de Proyecto":{"('0086-PE-2013', 0)":"MENSAJE NRO: 0822\/13","('0086-PE-2013', 1)":null},"Iniciado en: ":{"('0086-PE-2013', 0)":"Senado","('0086-PE-2013', 1)":null},"Expediente Senado: ":{"('0086-PE-2013', 0)":"0086-PE-2013","('0086-PE-2013', 1)":null},"Publicado en: ":{"('0086-PE-2013', 0)":"DAE S.A. N\u00b0 4","('0086-PE-2013', 1)":null},"Fecha: ":{"('0086-PE-2013', 0)":"25\/06\/2013","('0086-PE-2013', 1)":null},"T\u00edtulo":{"('0086-PE-2013', 0)":"SOLICITAR ACUERDO PARA DESIGNAR FISCAL GENERAL ANTE EL TRIBUNAL ORAL EN LO CRIMINAL FEDERAL DE CORRIENTES, PROVINCIA DE CORRIENTES, AL DOCTOR CARLOS ADOLFO SCHAEFER.","('0086-PE-2013', 1)":null},"('Firmantes', 'FIRMANTE')":{"('0086-PE-2013', 0)":"FERNANDEZ DE KIRCHNER, CRISTINA","('0086-PE-2013', 1)":"ALAK, JULIO"},"('Firmantes', 'DISTRITO')":{"('0086-PE-2013', 0)":null,"('0086-PE-2013', 1)":null},"('Firmantes', 'BLOQUE')":{"('0086-PE-2013', 0)":"PODER EJECUTIVO","('0086-PE-2013', 1)":"PODER EJECUTIVO"},"('Tramites', 'C\u00c1MARA')":{"('0086-PE-2013', 0)":"Senado","('0086-PE-2013', 1)":null},"('Tramites', 'MOVIMIENTO')":{"('0086-PE-2013', 0)":"CONSIDERACION Y APROBACION","('0086-PE-2013', 1)":null},"('Tramites', 'FECHA')":{"('0086-PE-2013', 0)":"31\/07\/2013","('0086-PE-2013', 1)":null},"('Tramites', 'RESULTADO')":{"('0086-PE-2013', 0)":"APROBADO","('0086-PE-2013', 1)":null},"Palabra Clave":{"('0086-PE-2013', 0)":" ","('0086-PE-2013', 1)":null}}