{"Tipo de Proyecto":{"('0086-D-2013', 0)":"PROYECTO DE DECLARACI\u00d3N"},"Iniciado en: ":{"('0086-D-2013', 0)":"Diputados"},"Expediente Diputados: ":{"('0086-D-2013', 0)":"0086-D-2013"},"Publicado en: ":{"('0086-D-2013', 0)":"Tr\u00e1mite Parlamentario N\u00b0 1"},"Fecha: ":{"('0086-D-2013', 0)":"04\/03\/2013"},"T\u00edtulo":{"('0086-D-2013', 0)":"EXPRESAR BENEPLACITO POR LAS MANIFESTACIONES DEL CANCILLER DE LA INDIA, SALMAN KHURSHID, APOYANDO A LAS RESOLUCIONES DE LA ONU SOBRE LA \"CAUSA MALVINAS\"."},"('Firmantes', 'FIRMANTE')":{"('0086-D-2013', 0)":"FADUL, LILIANA"},"('Firmantes', 'DISTRITO')":{"('0086-D-2013', 0)":"TIERRA DEL FUEGO"},"('Firmantes', 'BLOQUE')":{"('0086-D-2013', 0)":"PARTIDO FEDERAL FUEGUINO"},"('Giros', 'COMISI\u00d3N')":{"('0086-D-2013', 0)":"RELACIONES EXTERIORES Y CULTO"},"('Tramites', 'C\u00c1MARA')":{"('0086-D-2013', 0)":"Diputados"},"('Tramites', 'MOVIMIENTO')":{"('0086-D-2013', 0)":"APROBACION ARTICULO 114 DEL REGLAMENTO DE LA H CAMARA DE DIPUTADOS; COMUNICADO EL 28\/06\/2013"},"('Tramites', 'FECHA')":{"('0086-D-2013', 0)":null},"('Tramites', 'RESULTADO')":{"('0086-D-2013', 0)":"APROBADO"},"Link":{"('0086-D-2013', 0)":"https:\/\/www.hcdn.gob.ar\/proyectos\/textoCompleto.jsp?exp=0086-D-2013&tipo=DECLARACION"},"Palabra Clave":{"('0086-D-2013', 0)":" "}}