{"Tipo de Proyecto":{"('0086-S-2013', 0)":"PROYECTO DE LEY","('0086-S-2013', 1)":null,"('0086-S-2013', 2)":null,"('0086-S-2013', 3)":null},"Iniciado en: ":{"('0086-S-2013', 0)":"Senado","('0086-S-2013', 1)":null,"('0086-S-2013', 2)":null,"('0086-S-2013', 3)":null},"Expediente Diputados: ":{"('0086-S-2013', 0)":"0086-S-2013","('0086-S-2013', 1)":null,"('0086-S-2013', 2)":null,"('0086-S-2013', 3)":null},"Expediente Senado: ":{"('0086-S-2013', 0)":"3912-S-2013","('0086-S-2013', 1)":null,"('0086-S-2013', 2)":null,"('0086-S-2013', 3)":null},"Publicado en: ":{"('0086-S-2013', 0)":"Diario de Asuntos Entrados N\u00b0 169","('0086-S-2013', 1)":null,"('0086-S-2013', 2)":null,"('0086-S-2013', 3)":null},"Fecha: ":{"('0086-S-2013', 0)":"05\/11\/2013","('0086-S-2013', 1)":null,"('0086-S-2013', 2)":null,"('0086-S-2013', 3)":null},"T\u00edtulo":{"('0086-S-2013', 0)":"INSTITUIR EL MES DE MAYO DE CADA A\u00d1O COMO \"MES NACIONAL DE CONCIENTIZACION SOBRE LA ENFERMEDAD CELIACA\". ","('0086-S-2013', 1)":null,"('0086-S-2013', 2)":null,"('0086-S-2013', 3)":null},"('Firmantes', 'FIRMANTE')":{"('0086-S-2013', 0)":"LEGUIZAMON, MARIA LAURA","('0086-S-2013', 1)":null,"('0086-S-2013', 2)":null,"('0086-S-2013', 3)":null},"('Firmantes', 'DISTRITO')":{"('0086-S-2013', 0)":"BUENOS AIRES","('0086-S-2013', 1)":null,"('0086-S-2013', 2)":null,"('0086-S-2013', 3)":null},"('Firmantes', 'BLOQUE')":{"('0086-S-2013', 0)":"FRENTE PARA LA VICTORIA - PJ","('0086-S-2013', 1)":null,"('0086-S-2013', 2)":null,"('0086-S-2013', 3)":null},"('Giros', 'COMISI\u00d3N')":{"('0086-S-2013', 0)":"ACCION SOCIAL Y SALUD PUBLICA","('0086-S-2013', 1)":null,"('0086-S-2013', 2)":null,"('0086-S-2013', 3)":null},"('Tramites', 'C\u00c1MARA')":{"('0086-S-2013', 0)":"Senado","('0086-S-2013', 1)":"Senado","('0086-S-2013', 2)":"Diputados","('0086-S-2013', 3)":"Diputados"},"('Tramites', 'MOVIMIENTO')":{"('0086-S-2013', 0)":"MOCION SOBRE TABLAS (AFIRMATIVA) CONJUNTAMENTE PARA LOS EXPEDIENTES 0086-S-2013, 3912-S-2013 y 3913-S-2013","('0086-S-2013', 1)":"CONSIDERACION Y APROBACION CON MODIFICACIONES CONJUNTAMENTE PARA LOS EXPEDIENTES 0086-S-2013, 3912-S-2013 y 3913-S-2013","('0086-S-2013', 2)":"PASA A DIPUTADOS - CONJUNTAMENTE PARA LOS EXPEDIENTES 0086-S-2013, 3912-S-2013 y 3913-S-2013","('0086-S-2013', 3)":"CONSIDERACION Y SANCION CONJUNTAMENTE PARA LOS EXPEDIENTES 0086-S-2013, 3912-S-2013 y 3913-S-2013"},"('Tramites', 'FECHA')":{"('0086-S-2013', 0)":"13\/11\/2013","('0086-S-2013', 1)":"13\/11\/2013","('0086-S-2013', 2)":null,"('0086-S-2013', 3)":"02\/07\/2014"},"('Tramites', 'RESULTADO')":{"('0086-S-2013', 0)":null,"('0086-S-2013', 1)":"MEDIA SANCION","('0086-S-2013', 2)":null,"('0086-S-2013', 3)":"SANCIONADO"},"Link":{"('0086-S-2013', 0)":"http:\/\/www.senado.gov.ar\/parlamentario\/comisiones\/verExp\/3912.13\/S\/PL","('0086-S-2013', 1)":null,"('0086-S-2013', 2)":null,"('0086-S-2013', 3)":null},"Palabra Clave":{"('0086-S-2013', 0)":" ","('0086-S-2013', 1)":null,"('0086-S-2013', 2)":null,"('0086-S-2013', 3)":null}}