{"Tipo de Proyecto":{"('0087-S-2013', 0)":"MENSAJE NRO: 1504\/13 Y PROYECTO DE LEY","('0087-S-2013', 1)":null,"('0087-S-2013', 2)":null},"Iniciado en: ":{"('0087-S-2013', 0)":"Senado","('0087-S-2013', 1)":null,"('0087-S-2013', 2)":null},"Expediente Diputados: ":{"('0087-S-2013', 0)":"0087-S-2013","('0087-S-2013', 1)":null,"('0087-S-2013', 2)":null},"Expediente Senado: ":{"('0087-S-2013', 0)":"0123-PE-2013","('0087-S-2013', 1)":null,"('0087-S-2013', 2)":null},"Publicado en: ":{"('0087-S-2013', 0)":"Diario de Asuntos Entrados N\u00b0 153","('0087-S-2013', 1)":null,"('0087-S-2013', 2)":null},"Fecha: ":{"('0087-S-2013', 0)":"01\/10\/2013","('0087-S-2013', 1)":null,"('0087-S-2013', 2)":null},"T\u00edtulo":{"('0087-S-2013', 0)":"TRATADO DE EXTRADICION CON LA REPUBLICA DE COLOMBIA, SUSCRIPTO EN LA CIUDAD DE BOGOTA, REPUBLICA DE COLOMBIA, EL 18 DE JULIO DE 2013. APROBACION.","('0087-S-2013', 1)":null,"('0087-S-2013', 2)":null},"('Firmantes', 'FIRMANTE')":{"('0087-S-2013', 0)":"FERNANDEZ DE KIRCHNER, CRISTINA","('0087-S-2013', 1)":"TIMERMAN, HECTOR MARCOS","('0087-S-2013', 2)":"ABAL MEDINA, JUAN MANUEL"},"('Firmantes', 'DISTRITO')":{"('0087-S-2013', 0)":null,"('0087-S-2013', 1)":null,"('0087-S-2013', 2)":null},"('Firmantes', 'BLOQUE')":{"('0087-S-2013', 0)":"PODER EJECUTIVO","('0087-S-2013', 1)":"PODER EJECUTIVO","('0087-S-2013', 2)":"PODER EJECUTIVO"},"('Giros', 'COMISI\u00d3N')":{"('0087-S-2013', 0)":"RELACIONES EXTERIORES Y CULTO","('0087-S-2013', 1)":"LEGISLACION PENAL","('0087-S-2013', 2)":null},"('Tramites', 'C\u00c1MARA')":{"('0087-S-2013', 0)":"Senado","('0087-S-2013', 1)":"Diputados","('0087-S-2013', 2)":"Diputados"},"('Tramites', 'MOVIMIENTO')":{"('0087-S-2013', 0)":"CONSIDERACION Y APROBACION","('0087-S-2013', 1)":"PASA A DIPUTADOS -","('0087-S-2013', 2)":"CONSIDERACION Y SANCION"},"('Tramites', 'FECHA')":{"('0087-S-2013', 0)":"13\/11\/2013","('0087-S-2013', 1)":null,"('0087-S-2013', 2)":"19\/11\/2014"},"('Tramites', 'RESULTADO')":{"('0087-S-2013', 0)":"MEDIA SANCION","('0087-S-2013', 1)":null,"('0087-S-2013', 2)":"SANCIONADO"},"Link":{"('0087-S-2013', 0)":"http:\/\/www.senado.gov.ar\/web\/proyectos\/verExpe.php?origen=PE&nro_comision=&tipo=PL&numexp=123\/13&tConsulta=5","('0087-S-2013', 1)":null,"('0087-S-2013', 2)":null},"Palabra Clave":{"('0087-S-2013', 0)":" ","('0087-S-2013', 1)":null,"('0087-S-2013', 2)":null}}