{"Tipo de Proyecto":{"('0088-PE-2013', 0)":"MENSAJE NRO: 0824\/13","('0088-PE-2013', 1)":null},"Iniciado en: ":{"('0088-PE-2013', 0)":"Senado","('0088-PE-2013', 1)":null},"Expediente Senado: ":{"('0088-PE-2013', 0)":"0088-PE-2013","('0088-PE-2013', 1)":null},"Publicado en: ":{"('0088-PE-2013', 0)":"DAE S.A. N\u00b0 4","('0088-PE-2013', 1)":null},"Fecha: ":{"('0088-PE-2013', 0)":"25\/06\/2013","('0088-PE-2013', 1)":null},"T\u00edtulo":{"('0088-PE-2013', 0)":"SOLICITAR ACUERDO PARA DESIGNAR FISCAL GENERAL ANTE EL TRIBUNAL ORAL EN LO CRIMINAL FEDERAL DE SAN JUAN, PROVINCIA DE SAN JUAN, AL DOCTOR FRANCISCO JOSE MALDONADO.","('0088-PE-2013', 1)":null},"('Firmantes', 'FIRMANTE')":{"('0088-PE-2013', 0)":"FERNANDEZ DE KIRCHNER, CRISTINA","('0088-PE-2013', 1)":"ALAK, JULIO"},"('Firmantes', 'DISTRITO')":{"('0088-PE-2013', 0)":null,"('0088-PE-2013', 1)":null},"('Firmantes', 'BLOQUE')":{"('0088-PE-2013', 0)":"PODER EJECUTIVO","('0088-PE-2013', 1)":"PODER EJECUTIVO"},"('Tramites', 'C\u00c1MARA')":{"('0088-PE-2013', 0)":"Senado","('0088-PE-2013', 1)":null},"('Tramites', 'MOVIMIENTO')":{"('0088-PE-2013', 0)":"CONSIDERACION Y APROBACION","('0088-PE-2013', 1)":null},"('Tramites', 'FECHA')":{"('0088-PE-2013', 0)":"31\/07\/2013","('0088-PE-2013', 1)":null},"('Tramites', 'RESULTADO')":{"('0088-PE-2013', 0)":"APROBADO","('0088-PE-2013', 1)":null},"Palabra Clave":{"('0088-PE-2013', 0)":" ","('0088-PE-2013', 1)":null}}