{"Tipo de Proyecto":{"('0089-S-2013', 0)":"PROYECTO DE LEY"},"Iniciado en: ":{"('0089-S-2013', 0)":"Senado"},"Expediente Senado: ":{"('0089-S-2013', 0)":"0089-S-2013"},"Publicado en: ":{"('0089-S-2013', 0)":"Diario de Asuntos Entrados N\u00b0 5"},"Fecha: ":{"('0089-S-2013', 0)":"04\/03\/2013"},"T\u00edtulo":{"('0089-S-2013', 0)":"REGULACION DEL PROCESO CONTENCIOSO ADMINISTRATIVO. "},"('Firmantes', 'FIRMANTE')":{"('0089-S-2013', 0)":"GUINLE, MARCELO ALEJANDRO"},"('Firmantes', 'DISTRITO')":{"('0089-S-2013', 0)":"CHUBUT"},"('Firmantes', 'BLOQUE')":{"('0089-S-2013', 0)":"FRENTE PARA LA VICTORIA - PJ"},"Sumario":{"('0089-S-2013', 0)":"COMPETENCIA CONTENCIOSA ADMINISTRATIVA; LEGITIMACION; AGOTAMIENTO DE LA INSTANCIA ADMINISTRATIVA; IMPUGNACION JUDICIAL DE ACTOS ADMINISTRATIVOS; CADUCIDAD; REGLAS PROCESALES; RECURSOS DIRECTOS Y ACCIONES ESPECIALES; AMPARO POR MORA; DEROGACION DE LA LEY 3952, DEL TITULO IV DE LA LEY 19549, EL ARTICULO 195, TERCER PARRAFO DEL CODIGO PROCESAL CIVIL Y COMERCIAL, LOS ARTICULOS 8, 9, 10 Y 11 DE LA LEY 25344, LA LEY 25587; MODIFICACION DE LOS ARTICULOS 338 Y 339 DEL CODIGO PROCESAL CIVIL Y COMERCIAL; SUSTITUCION DEL ARTICULO 68 DE LA LEY 18345 Y DEL ARTICULO 15 DE LA LEY 24463."},"Palabra Clave":{"('0089-S-2013', 0)":" "}}