{"Tipo de Proyecto":{"('0089-PE-2013', 0)":"MENSAJE NRO: 0825\/13","('0089-PE-2013', 1)":null},"Iniciado en: ":{"('0089-PE-2013', 0)":"Senado","('0089-PE-2013', 1)":null},"Expediente Senado: ":{"('0089-PE-2013', 0)":"0089-PE-2013","('0089-PE-2013', 1)":null},"Publicado en: ":{"('0089-PE-2013', 0)":"DAE S.A. N\u00b0 4","('0089-PE-2013', 1)":null},"Fecha: ":{"('0089-PE-2013', 0)":"25\/06\/2013","('0089-PE-2013', 1)":null},"T\u00edtulo":{"('0089-PE-2013', 0)":"SOLICITAR ACUERDO PARA DESIGNAR FISCAL GENERAL ANTE EL TRIBUNAL ORAL EN LO CRIMINAL FEDERAL DE RESISTENCIA, PROVINCIA DEL CHACO, AL DOCTOR FEDERICO MARTIN CARNIEL.","('0089-PE-2013', 1)":null},"('Firmantes', 'FIRMANTE')":{"('0089-PE-2013', 0)":"FERNANDEZ DE KIRCHNER, CRISTINA","('0089-PE-2013', 1)":"ALAK, JULIO"},"('Firmantes', 'DISTRITO')":{"('0089-PE-2013', 0)":null,"('0089-PE-2013', 1)":null},"('Firmantes', 'BLOQUE')":{"('0089-PE-2013', 0)":"PODER EJECUTIVO","('0089-PE-2013', 1)":"PODER EJECUTIVO"},"('Tramites', 'C\u00c1MARA')":{"('0089-PE-2013', 0)":"Senado","('0089-PE-2013', 1)":null},"('Tramites', 'MOVIMIENTO')":{"('0089-PE-2013', 0)":"CONSIDERACION Y APROBACION","('0089-PE-2013', 1)":null},"('Tramites', 'FECHA')":{"('0089-PE-2013', 0)":"31\/07\/2013","('0089-PE-2013', 1)":null},"('Tramites', 'RESULTADO')":{"('0089-PE-2013', 0)":"APROBADO","('0089-PE-2013', 1)":null},"Palabra Clave":{"('0089-PE-2013', 0)":" ","('0089-PE-2013', 1)":null}}