{"Tipo de Proyecto":{"('0090-PE-2013', 0)":"MENSAJE NRO: 0826\/13","('0090-PE-2013', 1)":null},"Iniciado en: ":{"('0090-PE-2013', 0)":"Senado","('0090-PE-2013', 1)":null},"Expediente Senado: ":{"('0090-PE-2013', 0)":"0090-PE-2013","('0090-PE-2013', 1)":null},"Publicado en: ":{"('0090-PE-2013', 0)":"DAE S.A. N\u00b0 4","('0090-PE-2013', 1)":null},"Fecha: ":{"('0090-PE-2013', 0)":"25\/06\/2013","('0090-PE-2013', 1)":null},"T\u00edtulo":{"('0090-PE-2013', 0)":"SOLICITAR ACUERDO PARA DESIGNAR FISCAL GENERAL ANTE EL TRIBUNAL ORAL EN LO CRIMINAL FEDERAL DE SALTA, PROVINCIA DE SALTA, FISCALIA NUMERO 1, A LA DOCTORA VIVIAN ANDREA BARBOSA.","('0090-PE-2013', 1)":null},"('Firmantes', 'FIRMANTE')":{"('0090-PE-2013', 0)":"FERNANDEZ DE KIRCHNER, CRISTINA","('0090-PE-2013', 1)":"ALAK, JULIO"},"('Firmantes', 'DISTRITO')":{"('0090-PE-2013', 0)":null,"('0090-PE-2013', 1)":null},"('Firmantes', 'BLOQUE')":{"('0090-PE-2013', 0)":"PODER EJECUTIVO","('0090-PE-2013', 1)":"PODER EJECUTIVO"},"('Tramites', 'C\u00c1MARA')":{"('0090-PE-2013', 0)":"Senado","('0090-PE-2013', 1)":null},"('Tramites', 'MOVIMIENTO')":{"('0090-PE-2013', 0)":"CONSIDERACION Y APROBACION","('0090-PE-2013', 1)":null},"('Tramites', 'FECHA')":{"('0090-PE-2013', 0)":"31\/07\/2013","('0090-PE-2013', 1)":null},"('Tramites', 'RESULTADO')":{"('0090-PE-2013', 0)":"APROBADO","('0090-PE-2013', 1)":null},"Palabra Clave":{"('0090-PE-2013', 0)":" ","('0090-PE-2013', 1)":null}}