{"Tipo de Proyecto":{"('0091-PE-2013', 0)":"MENSAJE NRO: 0827\/13","('0091-PE-2013', 1)":null},"Iniciado en: ":{"('0091-PE-2013', 0)":"Senado","('0091-PE-2013', 1)":null},"Expediente Senado: ":{"('0091-PE-2013', 0)":"0091-PE-2013","('0091-PE-2013', 1)":null},"Publicado en: ":{"('0091-PE-2013', 0)":"DAE S.A. N\u00b0 4","('0091-PE-2013', 1)":null},"Fecha: ":{"('0091-PE-2013', 0)":"25\/06\/2013","('0091-PE-2013', 1)":null},"T\u00edtulo":{"('0091-PE-2013', 0)":"SOLICITAR ACUERDO PARA DESIGNAR FISCAL GENERAL ANTE EL TRIBUNAL ORAL EN LO CRIMINAL FEDERAL DE SALTA, PROVINCIA DE SALTA, FISCALIA NUMERO 2, AL DOCTOR FRANCISCO SANTIAGO SNOPEK.","('0091-PE-2013', 1)":null},"('Firmantes', 'FIRMANTE')":{"('0091-PE-2013', 0)":"FERNANDEZ DE KIRCHNER, CRISTINA","('0091-PE-2013', 1)":"ALAK, JULIO"},"('Firmantes', 'DISTRITO')":{"('0091-PE-2013', 0)":null,"('0091-PE-2013', 1)":null},"('Firmantes', 'BLOQUE')":{"('0091-PE-2013', 0)":"PODER EJECUTIVO","('0091-PE-2013', 1)":"PODER EJECUTIVO"},"('Tramites', 'C\u00c1MARA')":{"('0091-PE-2013', 0)":"Senado","('0091-PE-2013', 1)":null},"('Tramites', 'MOVIMIENTO')":{"('0091-PE-2013', 0)":"CONSIDERACION Y APROBACION","('0091-PE-2013', 1)":null},"('Tramites', 'FECHA')":{"('0091-PE-2013', 0)":"31\/07\/2013","('0091-PE-2013', 1)":null},"('Tramites', 'RESULTADO')":{"('0091-PE-2013', 0)":"APROBADO","('0091-PE-2013', 1)":null},"Palabra Clave":{"('0091-PE-2013', 0)":" ","('0091-PE-2013', 1)":null}}