{"Tipo de Proyecto":{"('0092-PE-2013', 0)":"MENSAJE NRO: 0828\/13","('0092-PE-2013', 1)":null},"Iniciado en: ":{"('0092-PE-2013', 0)":"Senado","('0092-PE-2013', 1)":null},"Expediente Senado: ":{"('0092-PE-2013', 0)":"0092-PE-2013","('0092-PE-2013', 1)":null},"Publicado en: ":{"('0092-PE-2013', 0)":"DAE S.A. N\u00b0 4","('0092-PE-2013', 1)":null},"Fecha: ":{"('0092-PE-2013', 0)":"25\/06\/2013","('0092-PE-2013', 1)":null},"T\u00edtulo":{"('0092-PE-2013', 0)":"SOLICITAR ACUERDO PARA DESIGNAR FISCAL GENERAL ANTE LA CAMARA NACIONAL DE APELACIONES EN LO CRIMINAL Y CORRECCIONAL DE LA CAPITAL FEDERAL, FISCALIA NUMERO 3, AL DOCTOR MAURICIO AGUSTIN VIERA.","('0092-PE-2013', 1)":null},"('Firmantes', 'FIRMANTE')":{"('0092-PE-2013', 0)":"FERNANDEZ DE KIRCHNER, CRISTINA","('0092-PE-2013', 1)":"ALAK, JULIO"},"('Firmantes', 'DISTRITO')":{"('0092-PE-2013', 0)":null,"('0092-PE-2013', 1)":null},"('Firmantes', 'BLOQUE')":{"('0092-PE-2013', 0)":"PODER EJECUTIVO","('0092-PE-2013', 1)":"PODER EJECUTIVO"},"('Tramites', 'C\u00c1MARA')":{"('0092-PE-2013', 0)":"Senado","('0092-PE-2013', 1)":null},"('Tramites', 'MOVIMIENTO')":{"('0092-PE-2013', 0)":"CONSIDERACION Y APROBACION","('0092-PE-2013', 1)":null},"('Tramites', 'FECHA')":{"('0092-PE-2013', 0)":"31\/07\/2013","('0092-PE-2013', 1)":null},"('Tramites', 'RESULTADO')":{"('0092-PE-2013', 0)":"APROBADO","('0092-PE-2013', 1)":null},"Palabra Clave":{"('0092-PE-2013', 0)":" ","('0092-PE-2013', 1)":null}}