{"Tipo de Proyecto":{"('0092-S-2013', 0)":"PROYECTO DE LEY"},"Iniciado en: ":{"('0092-S-2013', 0)":"Senado"},"Expediente Senado: ":{"('0092-S-2013', 0)":"0092-S-2013"},"Publicado en: ":{"('0092-S-2013', 0)":"Diario de Asuntos Entrados N\u00b0 5"},"Fecha: ":{"('0092-S-2013', 0)":"04\/03\/2013"},"T\u00edtulo":{"('0092-S-2013', 0)":"MODIFICACION DEL ARTICULO 1 DEL DECRETO LEY 19485 - BONIFICACION EN LAS JUBILACIONES Y PENSIONES DE BENEFICIARIOS RADICADOS EN EL INTERIOR DEL PAIS (REPRODUCCION DEL EXPEDIENTE 0729-S-09) (REPRODUCCION DEL EXPEDIENTE 0037-S-11)."},"('Firmantes', 'FIRMANTE')":{"('0092-S-2013', 0)":"GUINLE, MARCELO ALEJANDRO"},"('Firmantes', 'DISTRITO')":{"('0092-S-2013', 0)":"CHUBUT"},"('Firmantes', 'BLOQUE')":{"('0092-S-2013', 0)":"FRENTE PARA LA VICTORIA - PJ"},"('Tramites', 'C\u00c1MARA')":{"('0092-S-2013', 0)":"Senado"},"('Tramites', 'MOVIMIENTO')":{"('0092-S-2013', 0)":"REPRODUCIDO POR EXPEDIENTE 0316-S-15"},"('Tramites', 'FECHA')":{"('0092-S-2013', 0)":null},"('Tramites', 'RESULTADO')":{"('0092-S-2013', 0)":null},"Link":{"('0092-S-2013', 0)":"http:\/\/www.senado.gov.ar\/parlamentario\/comisiones\/verExp\/92.13\/S\/PL"},"Palabra Clave":{"('0092-S-2013', 0)":" "}}