{"Tipo de Proyecto":{"('0092-D-2013', 0)":"PROYECTO DE DECLARACI\u00d3N"},"Iniciado en: ":{"('0092-D-2013', 0)":"Diputados"},"Expediente Diputados: ":{"('0092-D-2013', 0)":"0092-D-2013"},"Publicado en: ":{"('0092-D-2013', 0)":"Tr\u00e1mite Parlamentario N\u00b0 1"},"Fecha: ":{"('0092-D-2013', 0)":"04\/03\/2013"},"T\u00edtulo":{"('0092-D-2013', 0)":"EXPRESAR ADHESION POR LAS DECLARACIONES DEL PRESIDENTE DE LA REPUBLICA BOLIVARIANA DE VENEZUELA, HUGO CHAVEZ, REFERIDAS A LA CONDENA A RAIZ DE LA MILITARIZACION PROGRESIVA DE LAS ISLAS MALVINAS. "},"('Firmantes', 'FIRMANTE')":{"('0092-D-2013', 0)":"FADUL, LILIANA"},"('Firmantes', 'DISTRITO')":{"('0092-D-2013', 0)":"TIERRA DEL FUEGO"},"('Firmantes', 'BLOQUE')":{"('0092-D-2013', 0)":"PARTIDO FEDERAL FUEGUINO"},"('Giros', 'COMISI\u00d3N')":{"('0092-D-2013', 0)":"RELACIONES EXTERIORES Y CULTO"},"Link":{"('0092-D-2013', 0)":"https:\/\/www.hcdn.gob.ar\/proyectos\/textoCompleto.jsp?exp=0092-D-2013&tipo=DECLARACION"},"Palabra Clave":{"('0092-D-2013', 0)":" "}}