{"Tipo de Proyecto":{"('0093-S-2013', 0)":"PROYECTO DE LEY"},"Iniciado en: ":{"('0093-S-2013', 0)":"Senado"},"Expediente Senado: ":{"('0093-S-2013', 0)":"0093-S-2013"},"Publicado en: ":{"('0093-S-2013', 0)":"Diario de Asuntos Entrados N\u00b0 5"},"Fecha: ":{"('0093-S-2013', 0)":"04\/03\/2013"},"T\u00edtulo":{"('0093-S-2013', 0)":"MODIFICACION DE LAS LEYES 25877 (ORDENAMIENTO LABORAL) Y 23551 (NEGOCIACIONES SINDICALES DE TRABAJADORES), CON RESPECTO AL BALANCE DE LA GESTION SOCIAL DE UNA EMPRESA (REPRODUCCION DEL EXPEDIENTE 0039-S-11)."},"('Firmantes', 'FIRMANTE')":{"('0093-S-2013', 0)":"GUINLE, MARCELO ALEJANDRO"},"('Firmantes', 'DISTRITO')":{"('0093-S-2013', 0)":"CHUBUT"},"('Firmantes', 'BLOQUE')":{"('0093-S-2013', 0)":"FRENTE PARA LA VICTORIA - PJ"},"Sumario":{"('0093-S-2013', 0)":"SUSTITUCION DE LOS ARTICULOS 25, 26 Y 27 DE LA LEY 25877 (ALCANCES, EPOCA DE PRESENTACION, SANCIONES); INCORPORACION DE INCISO L) AL ARTICULO 53 DE LA LEY 23551."},"Palabra Clave":{"('0093-S-2013', 0)":" "}}