{"Tipo de Proyecto":{"('0093-D-2013', 0)":"PROYECTO DE DECLARACI\u00d3N"},"Iniciado en: ":{"('0093-D-2013', 0)":"Diputados"},"Expediente Diputados: ":{"('0093-D-2013', 0)":"0093-D-2013"},"Publicado en: ":{"('0093-D-2013', 0)":"Tr\u00e1mite Parlamentario N\u00b0 1"},"Fecha: ":{"('0093-D-2013', 0)":"04\/03\/2013"},"T\u00edtulo":{"('0093-D-2013', 0)":"SOLICITAR AL PODER EJECUTIVO DISPONGA DAR CUMPLIMIENTO A LO ESTABLECIDO EN LOS ARTICULOS 17 Y 33 DE LA LEY 25156 DE DEFENSA DE LA COMPETENCIA, SOBRE LA CREACION DEL TRIBUNAL NACIONAL DE DEFENSA DE LA COMPETENCIA Y EL REGISTRO NACIONAL DE DEFENSA DE LA COMPETENCIA, EN EL AMBITO DEL MINISTERIO DE ECONOMIA Y OBRAS Y SERVICIOS PUBLICOS."},"('Firmantes', 'FIRMANTE')":{"('0093-D-2013', 0)":"VIDELA, NORA ESTHER"},"('Firmantes', 'DISTRITO')":{"('0093-D-2013', 0)":"SAN LUIS"},"('Firmantes', 'BLOQUE')":{"('0093-D-2013', 0)":"FRENTE PERONISTA"},"('Giros', 'COMISI\u00d3N')":{"('0093-D-2013', 0)":"DEFENSA DEL CONSUMIDOR, DEL USUARIO Y DE LA COMPETENCIA"},"Link":{"('0093-D-2013', 0)":"https:\/\/www.hcdn.gob.ar\/proyectos\/textoCompleto.jsp?exp=0093-D-2013&tipo=DECLARACION"},"Palabra Clave":{"('0093-D-2013', 0)":" "}}