{"Tipo de Proyecto":{"('0094-OV-2013', 0)":"PROYECTO DE RESOLUCI\u00d3N"},"Iniciado en: ":{"('0094-OV-2013', 0)":"Senado"},"Expediente Senado: ":{"('0094-OV-2013', 0)":"0094-OV-2013"},"Publicado en: ":{"('0094-OV-2013', 0)":"Diario de Asuntos Entrados N\u00b0 0"},"Fecha: ":{"('0094-OV-2013', 0)":"28\/10\/2013"},"T\u00edtulo":{"('0094-OV-2013', 0)":"DICTAMEN EN LA RESOLUCION REMITIDA POR LA AUDITORIA GENERAL DE LA NACION (RESOLUCION AGN 72\/13); SOBRE LOS ESTADOS FINANCIEROS DEL PROGRAMA DE MEJORA DE LA COMPETITIVIDAD DEL SECTOR TURISMO, CONTRATO DE PRESTAMO 1648\/OC-AR BID (AR-L11.004), EJERCICIO 7 CERRADO EL 31\/12\/12."},"('Firmantes', 'FIRMANTE')":{"('0094-OV-2013', 0)":"PARLAMENTARIA MIXTA REVISORA DE CUENTAS"},"('Firmantes', 'DISTRITO')":{"('0094-OV-2013', 0)":null},"('Firmantes', 'BLOQUE')":{"('0094-OV-2013', 0)":null},"('Tramites', 'C\u00c1MARA')":{"('0094-OV-2013', 0)":"Senado"},"('Tramites', 'MOVIMIENTO')":{"('0094-OV-2013', 0)":"CONSIDERACION Y APROBACION (AL ARCHIVO)"},"('Tramites', 'FECHA')":{"('0094-OV-2013', 0)":"10\/12\/2014"},"('Tramites', 'RESULTADO')":{"('0094-OV-2013', 0)":"APROBADO"},"Sumario":{"('0094-OV-2013', 0)":"HABIENDO TOMADO CONOCIMIENTO, Y SIN PERJUICIO DE ULTERIORES MEDIDAS QUE PUEDAN ADOPTARSE, SE ACONSEJA SU REMISION AL ARCHIVO"},"Palabra Clave":{"('0094-OV-2013', 0)":" "}}