{"Tipo de Proyecto":{"('0094-D-2013', 0)":"PROYECTO DE LEY"},"Iniciado en: ":{"('0094-D-2013', 0)":"Diputados"},"Expediente Diputados: ":{"('0094-D-2013', 0)":"0094-D-2013"},"Publicado en: ":{"('0094-D-2013', 0)":"Tr\u00e1mite Parlamentario N\u00b0 1"},"Fecha: ":{"('0094-D-2013', 0)":"04\/03\/2013"},"T\u00edtulo":{"('0094-D-2013', 0)":"CODIGO PENAL: MODIFICACION DE LOS ARTICULOS 84 Y 94, SOBRE INHABILITACION ESPECIAL PARA CONDUCIR VEHICULOS A QUIEN HAYA INTERVENIDO EN UN ACCIDENTE DE TRANSITO BAJO LOS EFECTOS DE ESTUPEFACIENTES Y\/O ALCOHOL OCASIONANDO LESIONES O MUERTE."},"('Firmantes', 'FIRMANTE')":{"('0094-D-2013', 0)":"VIDELA, NORA ESTHER"},"('Firmantes', 'DISTRITO')":{"('0094-D-2013', 0)":"SAN LUIS"},"('Firmantes', 'BLOQUE')":{"('0094-D-2013', 0)":"FRENTE PERONISTA"},"('Giros', 'COMISI\u00d3N')":{"('0094-D-2013', 0)":"LEGISLACION PENAL"},"Link":{"('0094-D-2013', 0)":"https:\/\/www.hcdn.gob.ar\/proyectos\/textoCompleto.jsp?exp=0094-D-2013&tipo=LEY"},"Palabra Clave":{"('0094-D-2013', 0)":" "}}