{"Tipo de Proyecto":{"('0095-D-2013', 0)":"PROYECTO DE DECLARACI\u00d3N","('0095-D-2013', 1)":null},"Iniciado en: ":{"('0095-D-2013', 0)":"Diputados","('0095-D-2013', 1)":null},"Expediente Diputados: ":{"('0095-D-2013', 0)":"0095-D-2013","('0095-D-2013', 1)":null},"Publicado en: ":{"('0095-D-2013', 0)":"Tr\u00e1mite Parlamentario N\u00b0 1","('0095-D-2013', 1)":null},"Fecha: ":{"('0095-D-2013', 0)":"04\/03\/2013","('0095-D-2013', 1)":null},"T\u00edtulo":{"('0095-D-2013', 0)":"EXPRESAR PREOCUPACION POR EL DESPLAZAMIENTO DE LA MAGISTRADA MARIANA MOTA, DEL JUZGADO DE PRIMERA INSTANCIA EN LO PENAL 7\u00ba TURNO EN LA REPUBLICA ORIENTAL DEL URUGUAY, DONDE TRAMITAN CAUSAS TRASCENDENTES RELACIONADAS CON VIOLACIONES A LOS DERECHOS HUMANOS.","('0095-D-2013', 1)":null},"('Firmantes', 'FIRMANTE')":{"('0095-D-2013', 0)":"CONTI, DIANA BEATRIZ","('0095-D-2013', 1)":"CARLOTTO, REMO GERARDO"},"('Firmantes', 'DISTRITO')":{"('0095-D-2013', 0)":"BUENOS AIRES","('0095-D-2013', 1)":"BUENOS AIRES"},"('Firmantes', 'BLOQUE')":{"('0095-D-2013', 0)":"FRENTE PARA LA VICTORIA - PJ","('0095-D-2013', 1)":"FRENTE PARA LA VICTORIA - PJ"},"('Giros', 'COMISI\u00d3N')":{"('0095-D-2013', 0)":"RELACIONES EXTERIORES Y CULTO","('0095-D-2013', 1)":null},"Link":{"('0095-D-2013', 0)":"https:\/\/www.hcdn.gob.ar\/proyectos\/textoCompleto.jsp?exp=0095-D-2013&tipo=DECLARACION","('0095-D-2013', 1)":null},"Palabra Clave":{"('0095-D-2013', 0)":" ","('0095-D-2013', 1)":null}}