{"Tipo de Proyecto":{"('0095-OV-2013', 0)":"PROYECTO DE RESOLUCI\u00d3N"},"Iniciado en: ":{"('0095-OV-2013', 0)":"Senado"},"Expediente Senado: ":{"('0095-OV-2013', 0)":"0095-OV-2013"},"Publicado en: ":{"('0095-OV-2013', 0)":"Diario de Asuntos Entrados N\u00b0 0"},"Fecha: ":{"('0095-OV-2013', 0)":"25\/10\/2013"},"T\u00edtulo":{"('0095-OV-2013', 0)":"DICTAMEN EN LA RESOLUCION REMITIDA POR LA AUDITORIA GENERAL DE LA NACION (AGN 73\/13); SOBRE EL INFORME DE AUDITORIA (CON SALVEDADES) SOBRE LOS ESTADOS FINANCIEROS DEL PROYECTO PNUD ARG\/08\/023, PROYECTO DE GOBERNANZA Y GESTION DE SALUD - EJERCICIO NUMERO 4 FINALIZADO EL 31 DE DICIEMBRE 2012."},"('Firmantes', 'FIRMANTE')":{"('0095-OV-2013', 0)":"PARLAMENTARIA MIXTA REVISORA DE CUENTAS"},"('Firmantes', 'DISTRITO')":{"('0095-OV-2013', 0)":null},"('Firmantes', 'BLOQUE')":{"('0095-OV-2013', 0)":null},"('Tramites', 'C\u00c1MARA')":{"('0095-OV-2013', 0)":"Senado"},"('Tramites', 'MOVIMIENTO')":{"('0095-OV-2013', 0)":"CONSIDERACION Y APROBACION (AL ARCHIVO)"},"('Tramites', 'FECHA')":{"('0095-OV-2013', 0)":"10\/12\/2014"},"('Tramites', 'RESULTADO')":{"('0095-OV-2013', 0)":"APROBADO"},"Sumario":{"('0095-OV-2013', 0)":"HABIENDO TOMADO CONOCIMIENTO, Y SIN PERJUICIO DE ULTERIORES MEDIDAS QUE PUEDAN ADOPTARSE, SE ACONSEJA SU REMISION AL ARCHIVO."},"Palabra Clave":{"('0095-OV-2013', 0)":" "}}