{"Tipo de Proyecto":{"('0095-S-2013', 0)":"PROYECTO DE LEY","('0095-S-2013', 1)":null,"('0095-S-2013', 2)":null},"Iniciado en: ":{"('0095-S-2013', 0)":"Senado","('0095-S-2013', 1)":null,"('0095-S-2013', 2)":null},"Expediente Senado: ":{"('0095-S-2013', 0)":"0095-S-2013","('0095-S-2013', 1)":null,"('0095-S-2013', 2)":null},"Publicado en: ":{"('0095-S-2013', 0)":"Diario de Asuntos Entrados N\u00b0 5","('0095-S-2013', 1)":null,"('0095-S-2013', 2)":null},"Fecha: ":{"('0095-S-2013', 0)":"04\/03\/2013","('0095-S-2013', 1)":null,"('0095-S-2013', 2)":null},"T\u00edtulo":{"('0095-S-2013', 0)":"MODIFICACION DEL ARTICULO 80 LA LEY 20744 (LEY DE CONTRATO DE TRABAJO), ACERCA DEL CERTIFICADO DE TRABAJO, CONSTANCIA DE LOS APORTES Y CONTRIBUCIONES A LOS ORGANISMOS SINDICALES Y DE LA SEGURIDAD SOCIAL (REPRODUCCION DEL EXPEDIENTE 0045-S-11).","('0095-S-2013', 1)":null,"('0095-S-2013', 2)":null},"('Firmantes', 'FIRMANTE')":{"('0095-S-2013', 0)":"GUINLE, MARCELO ALEJANDRO","('0095-S-2013', 1)":null,"('0095-S-2013', 2)":null},"('Firmantes', 'DISTRITO')":{"('0095-S-2013', 0)":"CHUBUT","('0095-S-2013', 1)":null,"('0095-S-2013', 2)":null},"('Firmantes', 'BLOQUE')":{"('0095-S-2013', 0)":"FRENTE PARA LA VICTORIA - PJ","('0095-S-2013', 1)":null,"('0095-S-2013', 2)":null},"('Tramites', 'C\u00c1MARA')":{"('0095-S-2013', 0)":"Senado","('0095-S-2013', 1)":"Senado","('0095-S-2013', 2)":"Diputados"},"('Tramites', 'MOVIMIENTO')":{"('0095-S-2013', 0)":"MOCION SOBRE TABLAS CON DICTAMEN (AFIRMATIVA) CONJUNTAMENTE PARA LOS EXPEDIENTES 0093-S-2013, 2615-S-2012 y 0095-S-2013","('0095-S-2013', 1)":"CONSIDERACION Y APROBACION CONJUNTAMENTE PARA LOS EXPEDIENTES 0093-S-2013, 2615-S-2012 y 0095-S-2013","('0095-S-2013', 2)":"PASA A DIPUTADOS - CONJUNTAMENTE PARA LOS EXPEDIENTES 0093-S-2013, 2615-S-2012 y 0095-S-2013"},"('Tramites', 'FECHA')":{"('0095-S-2013', 0)":"13\/11\/2013","('0095-S-2013', 1)":"13\/11\/2013","('0095-S-2013', 2)":null},"('Tramites', 'RESULTADO')":{"('0095-S-2013', 0)":null,"('0095-S-2013', 1)":"MEDIA SANCION","('0095-S-2013', 2)":null},"Link":{"('0095-S-2013', 0)":"http:\/\/www.senado.gov.ar\/parlamentario\/comisiones\/verExp\/95.13\/S\/PL","('0095-S-2013', 1)":null,"('0095-S-2013', 2)":null},"Palabra Clave":{"('0095-S-2013', 0)":" ","('0095-S-2013', 1)":null,"('0095-S-2013', 2)":null}}