{"Tipo de Proyecto":{"('0096-S-2013', 0)":"PROYECTO DE LEY"},"Iniciado en: ":{"('0096-S-2013', 0)":"Senado"},"Expediente Senado: ":{"('0096-S-2013', 0)":"0096-S-2013"},"Publicado en: ":{"('0096-S-2013', 0)":"Diario de Asuntos Entrados N\u00b0 5"},"Fecha: ":{"('0096-S-2013', 0)":"04\/03\/2013"},"T\u00edtulo":{"('0096-S-2013', 0)":"LEY 26396, SOBRE INCORPORACION DE LA COBERTURA TOTAL O PARCIAL DEL TRATAMIENTO DE PERSONAS CON OBESIDAD, BULIMIA Y ANOREXIA EN LAS PRESTACIONES OBLIGATORIAS QUE DEBEN BRINDAR LAS OBRAS SOCIALES; REGIMEN SANCIONATORIO (REPRODUCCION DEL EXPEDIENTE 0642-S-11)."},"('Firmantes', 'FIRMANTE')":{"('0096-S-2013', 0)":"GUINLE, MARCELO ALEJANDRO"},"('Firmantes', 'DISTRITO')":{"('0096-S-2013', 0)":"CHUBUT"},"('Firmantes', 'BLOQUE')":{"('0096-S-2013', 0)":"FRENTE PARA LA VICTORIA - PJ"},"('Tramites', 'C\u00c1MARA')":{"('0096-S-2013', 0)":"Senado"},"('Tramites', 'MOVIMIENTO')":{"('0096-S-2013', 0)":"MODIFICACION DE LOS ARTICULOS 60 Y 77 DEL REGLAMENTO DEL H SENADO (EXPEDIENTE 0337-S-14, APROBADO EL 10\/12\/2014), CAMBIO DE GIRO DE LA COMISION DE SALUD Y DEPORTE A LA COMISION DE SALUD"},"('Tramites', 'FECHA')":{"('0096-S-2013', 0)":"27\/05\/2015"},"('Tramites', 'RESULTADO')":{"('0096-S-2013', 0)":null},"Sumario":{"('0096-S-2013', 0)":"INCORPORACION DE LOS ARTICULOS 20 (INFRACCIONES), 21 (SANCIONES) Y 21 BIS (PROCEDIMIENTO ADMINISTRATIVO A APLICAR PARA LA INVESTIGACION DE PRESUNTAS INFRACCIONES)."},"Palabra Clave":{"('0096-S-2013', 0)":" "}}