{"Tipo de Proyecto":{"('0097-S-2013', 0)":"PROYECTO DE LEY"},"Iniciado en: ":{"('0097-S-2013', 0)":"Senado"},"Expediente Senado: ":{"('0097-S-2013', 0)":"0097-S-2013"},"Publicado en: ":{"('0097-S-2013', 0)":"Diario de Asuntos Entrados N\u00b0 5"},"Fecha: ":{"('0097-S-2013', 0)":"04\/03\/2013"},"T\u00edtulo":{"('0097-S-2013', 0)":"MODIFICACION DEL ARTICULO 31 DE LA LEY 13047 (ESTATUTO DEL DOCENTE PRIVADO)  RESPECTO DE INCLUIR AL PERSONAL EN LA LEY DE ASIGNACIONES FAMILIARES (24714) (REPRODUCCION DEL EXPEDIENTE 1037-S-11)."},"('Firmantes', 'FIRMANTE')":{"('0097-S-2013', 0)":"GUINLE, MARCELO ALEJANDRO"},"('Firmantes', 'DISTRITO')":{"('0097-S-2013', 0)":"CHUBUT"},"('Firmantes', 'BLOQUE')":{"('0097-S-2013', 0)":"FRENTE PARA LA VICTORIA - PJ"},"Link":{"('0097-S-2013', 0)":"http:\/\/www.senado.gov.ar\/parlamentario\/comisiones\/verExp\/97.13\/S\/PL"},"Palabra Clave":{"('0097-S-2013', 0)":" "}}