{"Tipo de Proyecto":{"('0100-D-2013', 0)":"PROYECTO DE LEY","('0100-D-2013', 1)":null},"Iniciado en: ":{"('0100-D-2013', 0)":"Diputados","('0100-D-2013', 1)":null},"Expediente Diputados: ":{"('0100-D-2013', 0)":"0100-D-2013","('0100-D-2013', 1)":null},"Publicado en: ":{"('0100-D-2013', 0)":"Tr\u00e1mite Parlamentario N\u00b0 1","('0100-D-2013', 1)":null},"Fecha: ":{"('0100-D-2013', 0)":"04\/03\/2013","('0100-D-2013', 1)":null},"T\u00edtulo":{"('0100-D-2013', 0)":"ISOLOGOTIPO LAS ISLAS MALVINAS, GEORGIAS Y SANDWICH DEL SUR SON ARGENTINAS. INCORPORACION EN PAGINAS WEB Y PAPELERIA DE USO OFICIAL. ","('0100-D-2013', 1)":null},"('Firmantes', 'FIRMANTE')":{"('0100-D-2013', 0)":"CONTI, DIANA BEATRIZ","('0100-D-2013', 1)":null},"('Firmantes', 'DISTRITO')":{"('0100-D-2013', 0)":"BUENOS AIRES","('0100-D-2013', 1)":null},"('Firmantes', 'BLOQUE')":{"('0100-D-2013', 0)":"FRENTE PARA LA VICTORIA - PJ","('0100-D-2013', 1)":null},"('Giros', 'COMISI\u00d3N')":{"('0100-D-2013', 0)":"RELACIONES EXTERIORES Y CULTO","('0100-D-2013', 1)":"COMUNICACIONES E INFORMATICA"},"Sumario":{"('0100-D-2013', 0)":"LEYENDA \"LAS ISLAS MALVINAS, GEORGIAS Y SANDWICH DEL SUR SON ARGENTINAS\"; INVITACION A ADHERIR.","('0100-D-2013', 1)":null},"Palabra Clave":{"('0100-D-2013', 0)":" ","('0100-D-2013', 1)":null}}