{"Tipo de Proyecto":{"('0101-D-2013', 0)":"PROYECTO DE LEY","('0101-D-2013', 1)":null},"Iniciado en: ":{"('0101-D-2013', 0)":"Diputados","('0101-D-2013', 1)":null},"Expediente Diputados: ":{"('0101-D-2013', 0)":"0101-D-2013","('0101-D-2013', 1)":null},"Publicado en: ":{"('0101-D-2013', 0)":"Tr\u00e1mite Parlamentario N\u00b0 1","('0101-D-2013', 1)":null},"Fecha: ":{"('0101-D-2013', 0)":"04\/03\/2013","('0101-D-2013', 1)":null},"T\u00edtulo":{"('0101-D-2013', 0)":"ISOLOGOTIPO LAS MALVINAS SON ARGENTINAS: OBLIGATORIEDAD DE SU USO EN UNIDADES DE TRANSPORTE PUBLICO, AEREO Y TERRESTRE, MARITIMO, FLUVIAL Y LACUSTRE. ","('0101-D-2013', 1)":null},"('Firmantes', 'FIRMANTE')":{"('0101-D-2013', 0)":"CONTI, DIANA BEATRIZ","('0101-D-2013', 1)":null},"('Firmantes', 'DISTRITO')":{"('0101-D-2013', 0)":"BUENOS AIRES","('0101-D-2013', 1)":null},"('Firmantes', 'BLOQUE')":{"('0101-D-2013', 0)":"FRENTE PARA LA VICTORIA - PJ","('0101-D-2013', 1)":null},"('Giros', 'COMISI\u00d3N')":{"('0101-D-2013', 0)":"RELACIONES EXTERIORES Y CULTO","('0101-D-2013', 1)":"TRANSPORTES"},"Link":{"('0101-D-2013', 0)":"https:\/\/www.hcdn.gob.ar\/proyectos\/textoCompleto.jsp?exp=0101-D-2013&tipo=LEY","('0101-D-2013', 1)":null},"Palabra Clave":{"('0101-D-2013', 0)":" ","('0101-D-2013', 1)":null}}