{"Tipo de Proyecto":{"('0101-S-2013', 0)":"PROYECTO DE LEY"},"Iniciado en: ":{"('0101-S-2013', 0)":"Senado"},"Expediente Senado: ":{"('0101-S-2013', 0)":"0101-S-2013"},"Publicado en: ":{"('0101-S-2013', 0)":"Diario de Asuntos Entrados N\u00b0 6"},"Fecha: ":{"('0101-S-2013', 0)":"04\/03\/2013"},"T\u00edtulo":{"('0101-S-2013', 0)":"ESTABLECER EL ACCESO AL AGUA POTABLE Y EL SANEAMIENTO COMO UN DERECHO HUMANO FUNDAMENTAL PARA LA VIDA (REPRODUCCION DEL EXPEDIENTE 2315-S-11)."},"('Firmantes', 'FIRMANTE')":{"('0101-S-2013', 0)":"ESCUDERO, SONIA MARGARITA"},"('Firmantes', 'DISTRITO')":{"('0101-S-2013', 0)":"SALTA"},"('Firmantes', 'BLOQUE')":{"('0101-S-2013', 0)":"JUSTICIALISTA 8 DE OCTUBRE"},"Sumario":{"('0101-S-2013', 0)":"GARANTIA DEL ESTADO PARA EL ACCESO AL AGUA POTABLE; PROHIBIR LA EXPORTACION A GRANEL DE AGUA DULCE; INFRACCIONES; AUTORIDAD DE APLICACION: SUBSECRETARIA DE RECURSOS HIDRICOS."},"Palabra Clave":{"('0101-S-2013', 0)":" "}}