{"Tipo de Proyecto":{"('0102-D-2013', 0)":"PROYECTO DE LEY"},"Iniciado en: ":{"('0102-D-2013', 0)":"Diputados"},"Expediente Diputados: ":{"('0102-D-2013', 0)":"0102-D-2013"},"Publicado en: ":{"('0102-D-2013', 0)":"Tr\u00e1mite Parlamentario N\u00b0 1"},"Fecha: ":{"('0102-D-2013', 0)":"04\/03\/2013"},"T\u00edtulo":{"('0102-D-2013', 0)":"REGISTRO DE LA PROPIEDAD INMUEBLE, LEY 17801: MODIFICACION DEL ARTICULO 24, SOBRE PLAZO DE VALIDEZ PARA LA CERTIFICACION REGISTRAL."},"('Firmantes', 'FIRMANTE')":{"('0102-D-2013', 0)":"CONTI, DIANA BEATRIZ"},"('Firmantes', 'DISTRITO')":{"('0102-D-2013', 0)":"BUENOS AIRES"},"('Firmantes', 'BLOQUE')":{"('0102-D-2013', 0)":"FRENTE PARA LA VICTORIA - PJ"},"('Giros', 'COMISI\u00d3N')":{"('0102-D-2013', 0)":"LEGISLACION GENERAL"},"Link":{"('0102-D-2013', 0)":"https:\/\/www.hcdn.gob.ar\/proyectos\/textoCompleto.jsp?exp=0102-D-2013&tipo=LEY"},"Palabra Clave":{"('0102-D-2013', 0)":" "}}