{"Tipo de Proyecto":{"('0104-PE-2013', 0)":"MENSAJE NRO: 0955\/13","('0104-PE-2013', 1)":null},"Iniciado en: ":{"('0104-PE-2013', 0)":"Senado","('0104-PE-2013', 1)":null},"Expediente Senado: ":{"('0104-PE-2013', 0)":"0104-PE-2013","('0104-PE-2013', 1)":null},"Publicado en: ":{"('0104-PE-2013', 0)":"DAE S.A. N\u00b0 6","('0104-PE-2013', 1)":null},"Fecha: ":{"('0104-PE-2013', 0)":"19\/07\/2013","('0104-PE-2013', 1)":null},"T\u00edtulo":{"('0104-PE-2013', 0)":"SOLICITAR ACUERDO PARA DESIGNAR JUEZ DE CAMARA EN EL TRIBUNAL ORAL EN LO CRIMINAL FEDERAL DE SANTA FE, PROVINCIA DE SANTA FE, AL DOCTOR LUCIANO HOMERO LAURIA.","('0104-PE-2013', 1)":null},"('Firmantes', 'FIRMANTE')":{"('0104-PE-2013', 0)":"FERNANDEZ DE KIRCHNER, CRISTINA","('0104-PE-2013', 1)":"ALAK, JULIO"},"('Firmantes', 'DISTRITO')":{"('0104-PE-2013', 0)":null,"('0104-PE-2013', 1)":null},"('Firmantes', 'BLOQUE')":{"('0104-PE-2013', 0)":"PODER EJECUTIVO","('0104-PE-2013', 1)":"PODER EJECUTIVO"},"('Tramites', 'C\u00c1MARA')":{"('0104-PE-2013', 0)":"Senado","('0104-PE-2013', 1)":null},"('Tramites', 'MOVIMIENTO')":{"('0104-PE-2013', 0)":"CONSIDERACION Y APROBACION","('0104-PE-2013', 1)":null},"('Tramites', 'FECHA')":{"('0104-PE-2013', 0)":"13\/11\/2013","('0104-PE-2013', 1)":null},"('Tramites', 'RESULTADO')":{"('0104-PE-2013', 0)":"APROBADO","('0104-PE-2013', 1)":null},"Palabra Clave":{"('0104-PE-2013', 0)":" ","('0104-PE-2013', 1)":null}}