{"Tipo de Proyecto":{"('0105-S-2013', 0)":"PROYECTO DE LEY"},"Iniciado en: ":{"('0105-S-2013', 0)":"Senado"},"Expediente Senado: ":{"('0105-S-2013', 0)":"0105-S-2013"},"Publicado en: ":{"('0105-S-2013', 0)":"Diario de Asuntos Entrados N\u00b0 6"},"Fecha: ":{"('0105-S-2013', 0)":"04\/03\/2013"},"T\u00edtulo":{"('0105-S-2013', 0)":"CREACION DEL REGIMEN DE TARIFA SOCIAL DE SERVICIOS PUBLICOS (REPRODUCCION DEL EXPEDIENTE 1923-S-09) (REPRODUCCION DEL EXPEDIENTE 0221-S-11)."},"('Firmantes', 'FIRMANTE')":{"('0105-S-2013', 0)":"ESCUDERO, SONIA MARGARITA"},"('Firmantes', 'DISTRITO')":{"('0105-S-2013', 0)":"SALTA"},"('Firmantes', 'BLOQUE')":{"('0105-S-2013', 0)":"JUSTICIALISTA 8 DE OCTUBRE"},"Sumario":{"('0105-S-2013', 0)":"BENEFICIARIOS Y BENEFICIOS; FINANCIAMIENTO; AUTORIDAD DE APLICACION; MINISTERIO DE ECONOMIA Y FINANZAS PUBLICAS, FUNCIONES; ORGANOS DE CONTROL: ENTES REGULADORES DEL SERVICIO PUBLICO."},"Palabra Clave":{"('0105-S-2013', 0)":" "}}