{"Tipo de Proyecto":{"('0107-D-2013', 0)":"PROYECTO DE RESOLUCI\u00d3N"},"Iniciado en: ":{"('0107-D-2013', 0)":"Diputados"},"Expediente Diputados: ":{"('0107-D-2013', 0)":"0107-D-2013"},"Publicado en: ":{"('0107-D-2013', 0)":"Tr\u00e1mite Parlamentario N\u00b0 1"},"Fecha: ":{"('0107-D-2013', 0)":"04\/03\/2013"},"T\u00edtulo":{"('0107-D-2013', 0)":"DECLARAR DE INTERES DE LA H. CAMARA EL \"VII CONGRESO ARGENTINO DE CITRICULTURA\" A REALIZARSE DEL 15 AL 17 DE MAYO DE 2013, EN LA LOCALIDAD DE MONTECARLO, PROVINCIA DE MISIONES."},"('Firmantes', 'FIRMANTE')":{"('0107-D-2013', 0)":"ORSOLINI, PABLO EDUARDO"},"('Firmantes', 'DISTRITO')":{"('0107-D-2013', 0)":"CHACO"},"('Firmantes', 'BLOQUE')":{"('0107-D-2013', 0)":"UCR"},"('Giros', 'COMISI\u00d3N')":{"('0107-D-2013', 0)":"AGRICULTURA Y GANADERIA"},"('Tramites', 'C\u00c1MARA')":{"('0107-D-2013', 0)":"Diputados"},"('Tramites', 'MOVIMIENTO')":{"('0107-D-2013', 0)":"APROBACION ARTICULO 114 DEL REGLAMENTO DE LA H CAMARA DE DIPUTADOS; COMUNICADO EL 28\/06\/2013 CONJUNTAMENTE PARA LOS EXPEDIENTES 0107-D-2013, 1236-D-2013 y 3066-D-2013"},"('Tramites', 'FECHA')":{"('0107-D-2013', 0)":null},"('Tramites', 'RESULTADO')":{"('0107-D-2013', 0)":"APROBADO"},"Link":{"('0107-D-2013', 0)":"https:\/\/www.hcdn.gob.ar\/proyectos\/textoCompleto.jsp?exp=0107-D-2013&tipo=RESOLUCION"},"Palabra Clave":{"('0107-D-2013', 0)":" "}}