{"Tipo de Proyecto":{"('0109-S-2013', 0)":"PROYECTO DE LEY"},"Iniciado en: ":{"('0109-S-2013', 0)":"Senado"},"Expediente Senado: ":{"('0109-S-2013', 0)":"0109-S-2013"},"Publicado en: ":{"('0109-S-2013', 0)":"Diario de Asuntos Entrados N\u00b0 6"},"Fecha: ":{"('0109-S-2013', 0)":"04\/03\/2013"},"T\u00edtulo":{"('0109-S-2013', 0)":"MODIFICACION DE LA LEY 25446 DE FOMENTO DEL LIBRO Y LA LECTURA; SOBRE LA DIGITALIZACION DE DE TODO AQUELLO AMPARADO POR LA PRESENTE LEY (REPRODUCCION DEL EXPEDIENTE 1394-S-11)."},"('Firmantes', 'FIRMANTE')":{"('0109-S-2013', 0)":"CABANCHIK, SAMUEL MANUEL"},"('Firmantes', 'DISTRITO')":{"('0109-S-2013', 0)":"CIUDAD de BUENOS AIRES"},"('Firmantes', 'BLOQUE')":{"('0109-S-2013', 0)":"PROYECTO BUENOS AIRES FEDERAL"},"Sumario":{"('0109-S-2013', 0)":"MODIFICACION DE LOS ARTICULOS 2 (LIBROS DIGITALES) Y 4 (DIGITALIZACION)."},"Palabra Clave":{"('0109-S-2013', 0)":" "}}