{"Tipo de Proyecto":{"('0109-D-2013', 0)":"PROYECTO DE RESOLUCI\u00d3N"},"Iniciado en: ":{"('0109-D-2013', 0)":"Diputados"},"Expediente Diputados: ":{"('0109-D-2013', 0)":"0109-D-2013"},"Publicado en: ":{"('0109-D-2013', 0)":"Tr\u00e1mite Parlamentario N\u00b0 1"},"Fecha: ":{"('0109-D-2013', 0)":"04\/03\/2013"},"T\u00edtulo":{"('0109-D-2013', 0)":"DECLARAR DE INTERES DE LA H. CAMARA EL \"POSGRADO EN COMERCIO EXTERIOR AGROALIMENTARIO\", QUE SE INICIARA EN EL MES DE MARZO DE 2013 EN LA CIUDAD AUTONOMA DE BUENOS AIRES."},"('Firmantes', 'FIRMANTE')":{"('0109-D-2013', 0)":"ORSOLINI, PABLO EDUARDO"},"('Firmantes', 'DISTRITO')":{"('0109-D-2013', 0)":"CHACO"},"('Firmantes', 'BLOQUE')":{"('0109-D-2013', 0)":"UCR"},"('Giros', 'COMISI\u00d3N')":{"('0109-D-2013', 0)":"COMERCIO"},"Palabra Clave":{"('0109-D-2013', 0)":" "}}