{"Tipo de Proyecto":{"('0109-OVD-2013', 0)":"PROYECTO DE RESOLUCI\u00d3N"},"Iniciado en: ":{"('0109-OVD-2013', 0)":"Senado"},"Expediente Senado: ":{"('0109-OVD-2013', 0)":"0109-OVD-2013"},"Publicado en: ":{"('0109-OVD-2013', 0)":"Diario de Asuntos Entrados N\u00b0 0"},"Fecha: ":{"('0109-OVD-2013', 0)":"14\/05\/2014"},"T\u00edtulo":{"('0109-OVD-2013', 0)":"DICTAMEN EN LA RESPUESTA REMITIDA POR LA JEFATURA DE GABINETE DE MINISTROS EN RELACION A LA RESOLUCION 0048-S-11, APROBADA POR EL H. CONGRESO DE LA NACION; SOBRE LAS MEDIDAS ADOPTADAS EN ATENCION A LAS OBSERVACIONES Y RECOMENDACIONES FORMULADAS POR LA AUDITORIA GENERAL DE LA NACION RESPECTO DEL INFORME SOBRE LOS ESTADOS FINANCIEROS AL 31\/12\/08, CORRESPONDIENTES AL II PROYECTO DE MODERNIZACION DEL ESTADO, CONVENIO DE PRESTAMO 7449-AR BIRF."},"('Firmantes', 'FIRMANTE')":{"('0109-OVD-2013', 0)":"PARLAMENTARIA MIXTA REVISORA DE CUENTAS"},"('Firmantes', 'DISTRITO')":{"('0109-OVD-2013', 0)":null},"('Firmantes', 'BLOQUE')":{"('0109-OVD-2013', 0)":null},"('Tramites', 'C\u00c1MARA')":{"('0109-OVD-2013', 0)":"Senado"},"('Tramites', 'MOVIMIENTO')":{"('0109-OVD-2013', 0)":"CONSIDERACION Y APROBACION (AL ARCHIVO)"},"('Tramites', 'FECHA')":{"('0109-OVD-2013', 0)":"10\/12\/2014"},"('Tramites', 'RESULTADO')":{"('0109-OVD-2013', 0)":"APROBADO"},"Sumario":{"('0109-OVD-2013', 0)":"HABIENDO TOMADO CONOCIMIENTO, Y SIN PERJUICIO DE ULTERIORES MEDIDAS QUE PUEDAN ADOPTARSE, SE ACONSEJA SU REMISION AL ARCHIVO."},"Palabra Clave":{"('0109-OVD-2013', 0)":" "}}