{"Tipo de Proyecto":{"('0110-S-2013', 0)":"PROYECTO DE LEY"},"Iniciado en: ":{"('0110-S-2013', 0)":"Senado"},"Expediente Senado: ":{"('0110-S-2013', 0)":"0110-S-2013"},"Publicado en: ":{"('0110-S-2013', 0)":"Diario de Asuntos Entrados N\u00b0 6"},"Fecha: ":{"('0110-S-2013', 0)":"04\/03\/2013"},"T\u00edtulo":{"('0110-S-2013', 0)":"MODIFICACION DEL ARTICULO 51 DE LA LEY 24521 -EDUCACION SUPERIOR-, RESPECTO DE LA CONTRATACION DE PROFESORES REGULARES (REPRODUCCION DEL EXPEDIENTE 0473-S-11)."},"('Firmantes', 'FIRMANTE')":{"('0110-S-2013', 0)":"CABANCHIK, SAMUEL MANUEL"},"('Firmantes', 'DISTRITO')":{"('0110-S-2013', 0)":"CIUDAD de BUENOS AIRES"},"('Firmantes', 'BLOQUE')":{"('0110-S-2013', 0)":"PROYECTO BUENOS AIRES FEDERAL"},"Link":{"('0110-S-2013', 0)":"http:\/\/www.senado.gov.ar\/parlamentario\/comisiones\/verExp\/110.13\/S\/PL"},"Palabra Clave":{"('0110-S-2013', 0)":" "}}