{"Tipo de Proyecto":{"('0111-D-2013', 0)":"PROYECTO DE DECLARACI\u00d3N"},"Iniciado en: ":{"('0111-D-2013', 0)":"Diputados"},"Expediente Diputados: ":{"('0111-D-2013', 0)":"0111-D-2013"},"Publicado en: ":{"('0111-D-2013', 0)":"Tr\u00e1mite Parlamentario N\u00b0 1"},"Fecha: ":{"('0111-D-2013', 0)":"04\/03\/2013"},"T\u00edtulo":{"('0111-D-2013', 0)":"EXPRESAR PREOCUPACION POR EL CRITICO ESTADO QUE ATRAVIESA EL SECTOR DE LA PRODUCCION LECHERA."},"('Firmantes', 'FIRMANTE')":{"('0111-D-2013', 0)":"ORSOLINI, PABLO EDUARDO"},"('Firmantes', 'DISTRITO')":{"('0111-D-2013', 0)":"CHACO"},"('Firmantes', 'BLOQUE')":{"('0111-D-2013', 0)":"UCR"},"('Giros', 'COMISI\u00d3N')":{"('0111-D-2013', 0)":"AGRICULTURA Y GANADERIA"},"Link":{"('0111-D-2013', 0)":"https:\/\/www.hcdn.gob.ar\/proyectos\/textoCompleto.jsp?exp=0111-D-2013&tipo=DECLARACION"},"Palabra Clave":{"('0111-D-2013', 0)":" "}}