{"Tipo de Proyecto":{"('0113-D-2013', 0)":"PROYECTO DE RESOLUCI\u00d3N"},"Iniciado en: ":{"('0113-D-2013', 0)":"Diputados"},"Expediente Diputados: ":{"('0113-D-2013', 0)":"0113-D-2013"},"Publicado en: ":{"('0113-D-2013', 0)":"Tr\u00e1mite Parlamentario N\u00b0 1"},"Fecha: ":{"('0113-D-2013', 0)":"04\/03\/2013"},"T\u00edtulo":{"('0113-D-2013', 0)":"PEDIDO DE INFORMES AL PODER EJECUTIVO SOBRE LAS ACCIONES DESARROLLADAS EN RELACION AL CUMPLIMIENTO DE LA LEY DE TIERRAS."},"('Firmantes', 'FIRMANTE')":{"('0113-D-2013', 0)":"ORSOLINI, PABLO EDUARDO"},"('Firmantes', 'DISTRITO')":{"('0113-D-2013', 0)":"CHACO"},"('Firmantes', 'BLOQUE')":{"('0113-D-2013', 0)":"UCR"},"('Giros', 'COMISI\u00d3N')":{"('0113-D-2013', 0)":"LEGISLACION GENERAL"},"Link":{"('0113-D-2013', 0)":"https:\/\/www.hcdn.gob.ar\/proyectos\/textoCompleto.jsp?exp=0113-D-2013&tipo=RESOLUCION"},"Palabra Clave":{"('0113-D-2013', 0)":" "}}