{"Tipo de Proyecto":{"('0113-S-2013', 0)":"PROYECTO DE LEY"},"Iniciado en: ":{"('0113-S-2013', 0)":"Senado"},"Expediente Senado: ":{"('0113-S-2013', 0)":"0113-S-2013"},"Publicado en: ":{"('0113-S-2013', 0)":"Diario de Asuntos Entrados N\u00b0 6"},"Fecha: ":{"('0113-S-2013', 0)":"04\/03\/2013"},"T\u00edtulo":{"('0113-S-2013', 0)":"ACCION POR OMISION REGLAMENTARIA (REPRODUCCION DEL EXPEDIENTE 1074-S-09) (REPRODUCCION DEL EXPEDIENTE 0075-S-11)."},"('Firmantes', 'FIRMANTE')":{"('0113-S-2013', 0)":"CABANCHIK, SAMUEL MANUEL"},"('Firmantes', 'DISTRITO')":{"('0113-S-2013', 0)":"CIUDAD de BUENOS AIRES"},"('Firmantes', 'BLOQUE')":{"('0113-S-2013', 0)":"PROYECTO BUENOS AIRES FEDERAL"},"Sumario":{"('0113-S-2013', 0)":"OBJETO: ORDENAR AL ORGANISMO PUBLICO COMPETENTE SUBSANAR LA OMISION DENTRO DE UN  PLAZO RAZONABLE; LEGITIMACION; PROCEDENCIA DE OFICIO; COMPETENCIA."},"Palabra Clave":{"('0113-S-2013', 0)":" "}}