{"Tipo de Proyecto":{"('0113-OV-2013', 0)":"PROYECTO DE RESOLUCI\u00d3N"},"Iniciado en: ":{"('0113-OV-2013', 0)":"Senado"},"Expediente Senado: ":{"('0113-OV-2013', 0)":"0113-OV-2013"},"Publicado en: ":{"('0113-OV-2013', 0)":"Diario de Asuntos Entrados N\u00b0 0"},"Fecha: ":{"('0113-OV-2013', 0)":"29\/10\/2013"},"T\u00edtulo":{"('0113-OV-2013', 0)":"DICTAMEN EN LA RESOLUCION REMITIDA POR LA AUDITORIA GENERAL DE LA NACION (AGN 77\/13); RESPECTO DEL MEMORANDO SOBRE EL SISTEMA DE CONTROL INTERNO CORRESPONDIENTE AL BANCO DE INVERSION Y COMERCIO EXTERIOR SA, EJERCICIO FINALIZADO EL 31\/12\/12."},"('Firmantes', 'FIRMANTE')":{"('0113-OV-2013', 0)":"PARLAMENTARIA MIXTA REVISORA DE CUENTAS"},"('Firmantes', 'DISTRITO')":{"('0113-OV-2013', 0)":null},"('Firmantes', 'BLOQUE')":{"('0113-OV-2013', 0)":null},"('Tramites', 'C\u00c1MARA')":{"('0113-OV-2013', 0)":"Senado"},"('Tramites', 'MOVIMIENTO')":{"('0113-OV-2013', 0)":"CONSIDERACION Y APROBACION (AL ARCHIVO)"},"('Tramites', 'FECHA')":{"('0113-OV-2013', 0)":"10\/12\/2014"},"('Tramites', 'RESULTADO')":{"('0113-OV-2013', 0)":"APROBADO"},"Sumario":{"('0113-OV-2013', 0)":"HABIENDO TOMADO CONOCIMIENTO, Y SIN PERJUICIO DE ULTERIORES MEDIDAS QUE PUEDAN ADOPTARSE, SE ACONSEJA SU REMISION AL ARCHIVO, PREVIA REMISION DE COPIA DE ANTECEDENTES AL ORGANO DE CONTROL."},"Palabra Clave":{"('0113-OV-2013', 0)":" "}}