{"Tipo de Proyecto":{"('0114-S-2013', 0)":"PROYECTO DE LEY"},"Iniciado en: ":{"('0114-S-2013', 0)":"Senado"},"Expediente Senado: ":{"('0114-S-2013', 0)":"0114-S-2013"},"Publicado en: ":{"('0114-S-2013', 0)":"Diario de Asuntos Entrados N\u00b0 6"},"Fecha: ":{"('0114-S-2013', 0)":"04\/03\/2013"},"T\u00edtulo":{"('0114-S-2013', 0)":"REGIMEN DE PROMOCION DE LAS EMPRESAS DE BASE TECNOLOGICA (EBT) . (REPRODUCCION DEL EXPEDIENTE 1233-S-11)."},"('Firmantes', 'FIRMANTE')":{"('0114-S-2013', 0)":"CABANCHIK, SAMUEL MANUEL"},"('Firmantes', 'DISTRITO')":{"('0114-S-2013', 0)":"CIUDAD de BUENOS AIRES"},"('Firmantes', 'BLOQUE')":{"('0114-S-2013', 0)":"PROYECTO BUENOS AIRES FEDERAL"},"Sumario":{"('0114-S-2013', 0)":"OBJETO; DEFINICIONES; CREDITOS A TASA SUBSIDIADA; SUBSIDIOS; FONDO ESPECIAL PARA EL FORTALECIMIENTO DE LA EMPRESA DE BASE TECNOLOGICA; TRATAMIENTO FISCAL PARA EL SECTOR E INVERSORES; IMPORTACIONES; INSTRUMENTACION; AUTORIDAD DE APLICACION: MINISTERIO DE CIENCIA, TECNOLOGIA E INNOVACION PRODUCTIVA; SANCIONES; ANEXOS."},"Palabra Clave":{"('0114-S-2013', 0)":" "}}