{"Tipo de Proyecto":{"('0116-PE-2013', 0)":"MENSAJE NRO: 1327\/13 Y PROYECTO DE LEY","('0116-PE-2013', 1)":null,"('0116-PE-2013', 2)":null,"('0116-PE-2013', 3)":null},"Iniciado en: ":{"('0116-PE-2013', 0)":"Senado","('0116-PE-2013', 1)":null,"('0116-PE-2013', 2)":null,"('0116-PE-2013', 3)":null},"Expediente Senado: ":{"('0116-PE-2013', 0)":"0116-PE-2013","('0116-PE-2013', 1)":null,"('0116-PE-2013', 2)":null,"('0116-PE-2013', 3)":null},"Publicado en: ":{"('0116-PE-2013', 0)":"Diario de Asuntos Entrados N\u00b0 143","('0116-PE-2013', 1)":null,"('0116-PE-2013', 2)":null,"('0116-PE-2013', 3)":null},"Fecha: ":{"('0116-PE-2013', 0)":"10\/09\/2013","('0116-PE-2013', 1)":null,"('0116-PE-2013', 2)":null,"('0116-PE-2013', 3)":null},"T\u00edtulo":{"('0116-PE-2013', 0)":"MODIFICACION DE LA LEY 24449, DE TRANSITO Y SEGURIDAD VIAL, DE LA LEY 26363 DE CREACION DE LA AGENCIA DE SEGURIDAD VIAL  Y DE LA 25650 DE PROHIBICION DEL SISTEMA DE RADAR-FOTO.","('0116-PE-2013', 1)":null,"('0116-PE-2013', 2)":null,"('0116-PE-2013', 3)":null},"('Firmantes', 'FIRMANTE')":{"('0116-PE-2013', 0)":"FERNANDEZ DE KIRCHNER, CRISTINA","('0116-PE-2013', 1)":"ABAL MEDINA, JUAN MANUEL","('0116-PE-2013', 2)":"RANDAZZO, FLORENCIO","('0116-PE-2013', 3)":"ALAK, JULIO"},"('Firmantes', 'DISTRITO')":{"('0116-PE-2013', 0)":null,"('0116-PE-2013', 1)":null,"('0116-PE-2013', 2)":null,"('0116-PE-2013', 3)":null},"('Firmantes', 'BLOQUE')":{"('0116-PE-2013', 0)":"PODER EJECUTIVO","('0116-PE-2013', 1)":"PODER EJECUTIVO","('0116-PE-2013', 2)":"PODER EJECUTIVO","('0116-PE-2013', 3)":"PODER EJECUTIVO"},"('Tramites', 'C\u00c1MARA')":{"('0116-PE-2013', 0)":"Senado","('0116-PE-2013', 1)":"Senado","('0116-PE-2013', 2)":null,"('0116-PE-2013', 3)":null},"('Tramites', 'MOVIMIENTO')":{"('0116-PE-2013', 0)":"AMPLIACION GIRO A LAS COMISIONES DE SALUD Y DEPORTE Y DE PRESUPUESTO Y HACIENDA","('0116-PE-2013', 1)":"MODIFICACION DE LOS ARTICULOS 60 Y 77 DEL REGLAMENTO DEL H SENADO (EXPEDIENTE 0337-S-14, APROBADO EL 10\/12\/2014), CAMBIO DE GIRO DE LA COMISION DE SALUD Y DEPORTE A LA COMISION DE SALUD","('0116-PE-2013', 2)":null,"('0116-PE-2013', 3)":null},"('Tramites', 'FECHA')":{"('0116-PE-2013', 0)":"13\/11\/2013","('0116-PE-2013', 1)":"27\/05\/2015","('0116-PE-2013', 2)":null,"('0116-PE-2013', 3)":null},"('Tramites', 'RESULTADO')":{"('0116-PE-2013', 0)":null,"('0116-PE-2013', 1)":null,"('0116-PE-2013', 2)":null,"('0116-PE-2013', 3)":null},"Sumario":{"('0116-PE-2013', 0)":"SUSTITUCION DE LOS ARTICULOS 2 (COMPETENCIA), 11 (EDADES MINIMAS PARA CONDUCIR); SUSTITUCION DE LA CLASE A) PREVISTA EN EL ARTICULO 16; ARTICULO 17 (MENORES); SUSTITUCION DEL INCISO I) DEL ARTICULO 29; INCORPORACION DE LOS INCISOS M.1), M.2), M.3), U.1), Z.2) Y Z.3) AL ARTICULO 5 , E INCORPORACION DEL APARTADO 3.1 AL INCISO B) DEL ARTICULO 31; MODIFICACION DE LOS INCISOS F), G) Y J) DEL ARTICULO 40; SUSTITUCION DE LOS INCISOS A), K) Y M) DEL ARTICULO 48; INCORPORACION DE LOS INCISOS Z) Y Z.1) AL ARTICULO 48; INCORPORACION DEL INCISO D) AL ARTICULO 52 (VELOCIDAD MAXIMA PROMEDIO); SUSTITUCION DEL ARTICULO 59 (OBSTACULOS); SUSTITUCION DE UN PARRAFO DEL ARTICULO 68; SUSTITUCION DEL ARTICULO 72 BIS (RETENCION PREVENTIVA); MODIFICACION DEL ARTICULO 77 Y ARTICULO 84 (MULTAS); INCISOS D) Y F) DEL ARTICULO 86; INCISO A) DEL ARTICULO 87. INCORPORACION DEL ARTICULO 4 DE LA LEY 26363; MODIFICACION DEL ARTICULO 2 DE LA LEY 25650; RATIFICACION DEL DECRETO 1985\/2008; INVITACION A LAS PROVINCIAS Y A LA CIUDAD AUTONOMA DE BUENOS AIRES A ADHERIR A LA PRESENTE LEY.","('0116-PE-2013', 1)":null,"('0116-PE-2013', 2)":null,"('0116-PE-2013', 3)":null},"Palabra Clave":{"('0116-PE-2013', 0)":" ","('0116-PE-2013', 1)":null,"('0116-PE-2013', 2)":null,"('0116-PE-2013', 3)":null}}