{"Tipo de Proyecto":{"('0117-OV-2013', 0)":"PROYECTO DE RESOLUCI\u00d3N"},"Iniciado en: ":{"('0117-OV-2013', 0)":"Senado"},"Expediente Senado: ":{"('0117-OV-2013', 0)":"0117-OV-2013"},"Publicado en: ":{"('0117-OV-2013', 0)":"Diario de Asuntos Entrados N\u00b0 0"},"Fecha: ":{"('0117-OV-2013', 0)":"28\/10\/2013"},"T\u00edtulo":{"('0117-OV-2013', 0)":"DICTAMEN EN LA RESOLUCION REMITIDA POR LA AUDITORIA GENERAL DE LA NACION (RESOLUCION AGN 79\/13); SOBRE LOS ESTADOS FINANCIEROS Y SISTEMA DE CONTROL INTERNO DEL \"PROGRAMA DE AGUA POTABLE Y SANEAMIENTO DEL AREA METROPOLITANA Y CONURBANO BONAERENSE\", CONVENIO DE PRESTAMO BID 2048\/OC-AR."},"('Firmantes', 'FIRMANTE')":{"('0117-OV-2013', 0)":"PARLAMENTARIA MIXTA REVISORA DE CUENTAS"},"('Firmantes', 'DISTRITO')":{"('0117-OV-2013', 0)":null},"('Firmantes', 'BLOQUE')":{"('0117-OV-2013', 0)":null},"('Tramites', 'C\u00c1MARA')":{"('0117-OV-2013', 0)":"Senado"},"('Tramites', 'MOVIMIENTO')":{"('0117-OV-2013', 0)":"CONSIDERACION Y APROBACION (AL ARCHIVO)"},"('Tramites', 'FECHA')":{"('0117-OV-2013', 0)":"10\/12\/2014"},"('Tramites', 'RESULTADO')":{"('0117-OV-2013', 0)":"APROBADO"},"Sumario":{"('0117-OV-2013', 0)":"HABIENDO TOMADO CONOCIMIENTO, Y SIN PERJUICIO DE ULTERIORES MEDIDAS QUE PUEDAN ADOPTARSE, SE ACONSEJA SU REMISION AL ARCHIVO."},"Palabra Clave":{"('0117-OV-2013', 0)":" "}}