{"Tipo de Proyecto":{"('0119-S-2013', 0)":"PROYECTO DE LEY"},"Iniciado en: ":{"('0119-S-2013', 0)":"Senado"},"Expediente Senado: ":{"('0119-S-2013', 0)":"0119-S-2013"},"Publicado en: ":{"('0119-S-2013', 0)":"Diario de Asuntos Entrados N\u00b0 7"},"Fecha: ":{"('0119-S-2013', 0)":"04\/03\/2013"},"T\u00edtulo":{"('0119-S-2013', 0)":"PROGRAMA NACIONAL DE SALUD BUCODENTAL (REPRODUCCION DEL EXPEDIENTE 0555-S-11)."},"('Firmantes', 'FIRMANTE')":{"('0119-S-2013', 0)":"CORREGIDO, ELENA MERCEDES"},"('Firmantes', 'DISTRITO')":{"('0119-S-2013', 0)":"CHACO"},"('Firmantes', 'BLOQUE')":{"('0119-S-2013', 0)":"FRENTE PARA LA VICTORIA - PJ"},"('Tramites', 'C\u00c1MARA')":{"('0119-S-2013', 0)":"Senado"},"('Tramites', 'MOVIMIENTO')":{"('0119-S-2013', 0)":"MODIFICACION DE LOS ARTICULOS 60 Y 77 DEL REGLAMENTO DEL H SENADO (EXPEDIENTE 0337-S-14, APROBADO EL 10\/12\/2014), CAMBIO DE GIRO DE LA COMISION DE SALUD Y DEPORTE A LA COMISION DE SALUD"},"('Tramites', 'FECHA')":{"('0119-S-2013', 0)":"27\/05\/2015"},"('Tramites', 'RESULTADO')":{"('0119-S-2013', 0)":null},"Sumario":{"('0119-S-2013', 0)":"AUTORIDAD DE APLICACION: MINISTERIO DE SALUD DE LA NACION; INCLUSION DE PROTESIS DENTALES, TRATAMIENTOS DE ORTODONCIA Y RESINA DE FOTOCURADO EN LA COBERTURA DE OBRAS SOCIALES, Y EMPRESAS DE MEDICINA PREPAGA; ACCESO A PERSONAS SIN COBERTURA."},"Palabra Clave":{"('0119-S-2013', 0)":" "}}