{"Tipo de Proyecto":{"('0119-D-2013', 0)":"PROYECTO DE DECLARACI\u00d3N","('0119-D-2013', 1)":null,"('0119-D-2013', 2)":null,"('0119-D-2013', 3)":null,"('0119-D-2013', 4)":null},"Iniciado en: ":{"('0119-D-2013', 0)":"Diputados","('0119-D-2013', 1)":null,"('0119-D-2013', 2)":null,"('0119-D-2013', 3)":null,"('0119-D-2013', 4)":null},"Expediente Diputados: ":{"('0119-D-2013', 0)":"0119-D-2013","('0119-D-2013', 1)":null,"('0119-D-2013', 2)":null,"('0119-D-2013', 3)":null,"('0119-D-2013', 4)":null},"Publicado en: ":{"('0119-D-2013', 0)":"Tr\u00e1mite Parlamentario N\u00b0 1","('0119-D-2013', 1)":null,"('0119-D-2013', 2)":null,"('0119-D-2013', 3)":null,"('0119-D-2013', 4)":null},"Fecha: ":{"('0119-D-2013', 0)":"04\/03\/2013","('0119-D-2013', 1)":null,"('0119-D-2013', 2)":null,"('0119-D-2013', 3)":null,"('0119-D-2013', 4)":null},"T\u00edtulo":{"('0119-D-2013', 0)":"RENDIR HOMENAJE A LAS VICTIMAS DEL ACCIDENTE FERROVIARIO OCURRIDO EL DIA 22 DE FEBRERO DE 2012 EN LA ESTACION 11 DE SEPTIEMBRE -ONCE-, DE LA CIUDAD AUTONOMA DE BUENOS AIRES.","('0119-D-2013', 1)":null,"('0119-D-2013', 2)":null,"('0119-D-2013', 3)":null,"('0119-D-2013', 4)":null},"('Firmantes', 'FIRMANTE')":{"('0119-D-2013', 0)":"ATANASOF, ALFREDO NESTOR","('0119-D-2013', 1)":"FERRARI, GUSTAVO ALFREDO HORACIO","('0119-D-2013', 2)":"BULLRICH, PATRICIA","('0119-D-2013', 3)":"AGUILAR, LINO WALTER","('0119-D-2013', 4)":"GARNERO, ESTELA RAMONA"},"('Firmantes', 'DISTRITO')":{"('0119-D-2013', 0)":"BUENOS AIRES","('0119-D-2013', 1)":"BUENOS AIRES","('0119-D-2013', 2)":"CIUDAD de BUENOS AIRES","('0119-D-2013', 3)":"SAN LUIS","('0119-D-2013', 4)":"CORDOBA"},"('Firmantes', 'BLOQUE')":{"('0119-D-2013', 0)":"FRENTE PERONISTA","('0119-D-2013', 1)":"FRENTE PERONISTA","('0119-D-2013', 2)":"UNION POR TODOS","('0119-D-2013', 3)":"FRENTE PERONISTA","('0119-D-2013', 4)":"CORDOBA FEDERAL"},"('Giros', 'COMISI\u00d3N')":{"('0119-D-2013', 0)":"LABOR PARLAMENTARIA","('0119-D-2013', 1)":null,"('0119-D-2013', 2)":null,"('0119-D-2013', 3)":null,"('0119-D-2013', 4)":null},"('Tramites', 'C\u00c1MARA')":{"('0119-D-2013', 0)":"Diputados","('0119-D-2013', 1)":null,"('0119-D-2013', 2)":null,"('0119-D-2013', 3)":null,"('0119-D-2013', 4)":null},"('Tramites', 'MOVIMIENTO')":{"('0119-D-2013', 0)":"SOLICITUD DE SER COFIRMANTE DE LA DIPUTADA GARNERO (A SUS ANTECEDENTES)","('0119-D-2013', 1)":null,"('0119-D-2013', 2)":null,"('0119-D-2013', 3)":null,"('0119-D-2013', 4)":null},"('Tramites', 'FECHA')":{"('0119-D-2013', 0)":null,"('0119-D-2013', 1)":null,"('0119-D-2013', 2)":null,"('0119-D-2013', 3)":null,"('0119-D-2013', 4)":null},"('Tramites', 'RESULTADO')":{"('0119-D-2013', 0)":null,"('0119-D-2013', 1)":null,"('0119-D-2013', 2)":null,"('0119-D-2013', 3)":null,"('0119-D-2013', 4)":null},"Link":{"('0119-D-2013', 0)":"https:\/\/www.hcdn.gob.ar\/proyectos\/textoCompleto.jsp?exp=0119-D-2013&tipo=DECLARACION","('0119-D-2013', 1)":null,"('0119-D-2013', 2)":null,"('0119-D-2013', 3)":null,"('0119-D-2013', 4)":null},"Palabra Clave":{"('0119-D-2013', 0)":" ","('0119-D-2013', 1)":null,"('0119-D-2013', 2)":null,"('0119-D-2013', 3)":null,"('0119-D-2013', 4)":null}}