{"Tipo de Proyecto":{"('0120-S-2013', 0)":"PROYECTO DE LEY"},"Iniciado en: ":{"('0120-S-2013', 0)":"Senado"},"Expediente Senado: ":{"('0120-S-2013', 0)":"0120-S-2013"},"Publicado en: ":{"('0120-S-2013', 0)":"Diario de Asuntos Entrados N\u00b0 7"},"Fecha: ":{"('0120-S-2013', 0)":"04\/03\/2013"},"T\u00edtulo":{"('0120-S-2013', 0)":"REGIMEN DE ASIGNACION UNIVERSAL POR HIJO (REPRODUCCION DEL EXPEDIENTE 0554-S-11)."},"('Firmantes', 'FIRMANTE')":{"('0120-S-2013', 0)":"CORREGIDO, ELENA MERCEDES"},"('Firmantes', 'DISTRITO')":{"('0120-S-2013', 0)":"CHACO"},"('Firmantes', 'BLOQUE')":{"('0120-S-2013', 0)":"FRENTE PARA LA VICTORIA - PJ"},"Sumario":{"('0120-S-2013', 0)":"HIJOS MENORES DE 18 A\u00d1OS O SIN LIMITE DE EDAD CUANDO SE TRATA DE UN HIJO DISCAPACITADO."},"Palabra Clave":{"('0120-S-2013', 0)":" "}}