{"Tipo de Proyecto":{"('0120-D-2013', 0)":"PROYECTO DE RESOLUCI\u00d3N","('0120-D-2013', 1)":null,"('0120-D-2013', 2)":null,"('0120-D-2013', 3)":null,"('0120-D-2013', 4)":null,"('0120-D-2013', 5)":null,"('0120-D-2013', 6)":null,"('0120-D-2013', 7)":null,"('0120-D-2013', 8)":null,"('0120-D-2013', 9)":null},"Iniciado en: ":{"('0120-D-2013', 0)":"Diputados","('0120-D-2013', 1)":null,"('0120-D-2013', 2)":null,"('0120-D-2013', 3)":null,"('0120-D-2013', 4)":null,"('0120-D-2013', 5)":null,"('0120-D-2013', 6)":null,"('0120-D-2013', 7)":null,"('0120-D-2013', 8)":null,"('0120-D-2013', 9)":null},"Expediente Diputados: ":{"('0120-D-2013', 0)":"0120-D-2013","('0120-D-2013', 1)":null,"('0120-D-2013', 2)":null,"('0120-D-2013', 3)":null,"('0120-D-2013', 4)":null,"('0120-D-2013', 5)":null,"('0120-D-2013', 6)":null,"('0120-D-2013', 7)":null,"('0120-D-2013', 8)":null,"('0120-D-2013', 9)":null},"Publicado en: ":{"('0120-D-2013', 0)":"Tr\u00e1mite Parlamentario N\u00b0 1","('0120-D-2013', 1)":null,"('0120-D-2013', 2)":null,"('0120-D-2013', 3)":null,"('0120-D-2013', 4)":null,"('0120-D-2013', 5)":null,"('0120-D-2013', 6)":null,"('0120-D-2013', 7)":null,"('0120-D-2013', 8)":null,"('0120-D-2013', 9)":null},"Fecha: ":{"('0120-D-2013', 0)":"04\/03\/2013","('0120-D-2013', 1)":null,"('0120-D-2013', 2)":null,"('0120-D-2013', 3)":null,"('0120-D-2013', 4)":null,"('0120-D-2013', 5)":null,"('0120-D-2013', 6)":null,"('0120-D-2013', 7)":null,"('0120-D-2013', 8)":null,"('0120-D-2013', 9)":null},"T\u00edtulo":{"('0120-D-2013', 0)":"PEDIDO DE INFORMES AL PODER EJECUTIVO SOBRE DIVERSAS CUESTIONES RELACIONADAS CON LA SITUACION LABORAL PLANTEADA EN LA INDUSTRIA FRIGORIFICA.","('0120-D-2013', 1)":null,"('0120-D-2013', 2)":null,"('0120-D-2013', 3)":null,"('0120-D-2013', 4)":null,"('0120-D-2013', 5)":null,"('0120-D-2013', 6)":null,"('0120-D-2013', 7)":null,"('0120-D-2013', 8)":null,"('0120-D-2013', 9)":null},"('Firmantes', 'FIRMANTE')":{"('0120-D-2013', 0)":"BROWN, CARLOS RAMON","('0120-D-2013', 1)":"GIL LAVEDRA, RICARDO RODOLFO","('0120-D-2013', 2)":"BULLRICH, PATRICIA","('0120-D-2013', 3)":"CARRANZA, CARLOS ALBERTO","('0120-D-2013', 4)":"BERTOL, PAULA MARIA","('0120-D-2013', 5)":"TUNESSI, JUAN PEDRO","('0120-D-2013', 6)":"PUERTA, FEDERICO RAMON","('0120-D-2013', 7)":"ASSEFF, ALBERTO EMILIO","('0120-D-2013', 8)":"THOMAS, ENRIQUE LUIS","('0120-D-2013', 9)":"FERRARI, GUSTAVO ALFREDO HORACIO"},"('Firmantes', 'DISTRITO')":{"('0120-D-2013', 0)":"BUENOS AIRES","('0120-D-2013', 1)":"CIUDAD de BUENOS AIRES","('0120-D-2013', 2)":"CIUDAD de BUENOS AIRES","('0120-D-2013', 3)":"SANTA FE","('0120-D-2013', 4)":"CIUDAD de BUENOS AIRES","('0120-D-2013', 5)":"BUENOS AIRES","('0120-D-2013', 6)":"MISIONES","('0120-D-2013', 7)":"BUENOS AIRES","('0120-D-2013', 8)":"MENDOZA","('0120-D-2013', 9)":"BUENOS AIRES"},"('Firmantes', 'BLOQUE')":{"('0120-D-2013', 0)":"FRENTE PERONISTA","('0120-D-2013', 1)":"UCR","('0120-D-2013', 2)":"UNION POR TODOS","('0120-D-2013', 3)":"FRENTE PERONISTA","('0120-D-2013', 4)":"PRO","('0120-D-2013', 5)":"UCR","('0120-D-2013', 6)":"FRENTE PERONISTA","('0120-D-2013', 7)":"FRENTE PERONISTA","('0120-D-2013', 8)":"FRENTE PERONISTA","('0120-D-2013', 9)":"FRENTE PERONISTA"},"('Giros', 'COMISI\u00d3N')":{"('0120-D-2013', 0)":"LEGISLACION DEL TRABAJO","('0120-D-2013', 1)":null,"('0120-D-2013', 2)":null,"('0120-D-2013', 3)":null,"('0120-D-2013', 4)":null,"('0120-D-2013', 5)":null,"('0120-D-2013', 6)":null,"('0120-D-2013', 7)":null,"('0120-D-2013', 8)":null,"('0120-D-2013', 9)":null},"Link":{"('0120-D-2013', 0)":"https:\/\/www.hcdn.gob.ar\/proyectos\/textoCompleto.jsp?exp=0120-D-2013&tipo=RESOLUCION","('0120-D-2013', 1)":null,"('0120-D-2013', 2)":null,"('0120-D-2013', 3)":null,"('0120-D-2013', 4)":null,"('0120-D-2013', 5)":null,"('0120-D-2013', 6)":null,"('0120-D-2013', 7)":null,"('0120-D-2013', 8)":null,"('0120-D-2013', 9)":null},"Palabra Clave":{"('0120-D-2013', 0)":" ","('0120-D-2013', 1)":null,"('0120-D-2013', 2)":null,"('0120-D-2013', 3)":null,"('0120-D-2013', 4)":null,"('0120-D-2013', 5)":null,"('0120-D-2013', 6)":null,"('0120-D-2013', 7)":null,"('0120-D-2013', 8)":null,"('0120-D-2013', 9)":null}}