{"Tipo de Proyecto":{"('0123-D-2013', 0)":"PROYECTO DE RESOLUCI\u00d3N"},"Iniciado en: ":{"('0123-D-2013', 0)":"Diputados"},"Expediente Diputados: ":{"('0123-D-2013', 0)":"0123-D-2013"},"Publicado en: ":{"('0123-D-2013', 0)":"Tr\u00e1mite Parlamentario N\u00b0 1"},"Fecha: ":{"('0123-D-2013', 0)":"04\/03\/2013"},"T\u00edtulo":{"('0123-D-2013', 0)":"SOLICITAR AL PODER EJECUTIVO DISPONGA LA NORMALIZACION DEL FUNCIONAMIENTO DE LA COMISION NACIONAL DE COMUNICACIONES, FINALIZANDO LA INTERVENCION DISPUESTA POR EL DECRETO 521\/02 Y SUS PRORROGAS. "},"('Firmantes', 'FIRMANTE')":{"('0123-D-2013', 0)":"GARRIDO, MANUEL"},"('Firmantes', 'DISTRITO')":{"('0123-D-2013', 0)":"CIUDAD de BUENOS AIRES"},"('Firmantes', 'BLOQUE')":{"('0123-D-2013', 0)":"UCR"},"('Giros', 'COMISI\u00d3N')":{"('0123-D-2013', 0)":"COMUNICACIONES E INFORMATICA"},"('Tramites', 'C\u00c1MARA')":{"('0123-D-2013', 0)":"Diputados"},"('Tramites', 'MOVIMIENTO')":{"('0123-D-2013', 0)":"SOLICITUD DE REPRODUCCION DEL PROYECTO PARA EL PERIODO 132 (2014), SEGUN LOS TERMINOS DEL ARTICULO 7 DE LA RESOLUCION DE LA HCD DEL 05\/06\/1996"},"('Tramites', 'FECHA')":{"('0123-D-2013', 0)":null},"('Tramites', 'RESULTADO')":{"('0123-D-2013', 0)":null},"Link":{"('0123-D-2013', 0)":"https:\/\/www.hcdn.gob.ar\/proyectos\/textoCompleto.jsp?exp=0123-D-2013&tipo=RESOLUCION"},"Palabra Clave":{"('0123-D-2013', 0)":" "}}