{"Tipo de Proyecto":{"('0123-OV-2013', 0)":"PROYECTO DE RESOLUCI\u00d3N"},"Iniciado en: ":{"('0123-OV-2013', 0)":"Senado"},"Expediente Senado: ":{"('0123-OV-2013', 0)":"0123-OV-2013"},"Publicado en: ":{"('0123-OV-2013', 0)":"Diario de Asuntos Entrados N\u00b0 0"},"Fecha: ":{"('0123-OV-2013', 0)":"25\/10\/2013"},"T\u00edtulo":{"('0123-OV-2013', 0)":"DICTAMEN EN LA RESOLUCION REMITIDA POR LA AUDITORIA GENERAL DE LA NACION (AGN 88\/13); TOMANDO CONOCIMIENTO DE LAS CERTIFICACIONES DE LAS TRANSFERENCIAS DE FONDOS DEL ESTADO NACIONAL A AEROLINEAS ARGENTINAS SA APROBADAS POR DIVERSAS RESOLUCIONES DE LA SECRETARIA DE TRANSPORTE."},"('Firmantes', 'FIRMANTE')":{"('0123-OV-2013', 0)":"PARLAMENTARIA MIXTA REVISORA DE CUENTAS"},"('Firmantes', 'DISTRITO')":{"('0123-OV-2013', 0)":null},"('Firmantes', 'BLOQUE')":{"('0123-OV-2013', 0)":null},"('Tramites', 'C\u00c1MARA')":{"('0123-OV-2013', 0)":"Senado"},"('Tramites', 'MOVIMIENTO')":{"('0123-OV-2013', 0)":"CONSIDERACION Y APROBACION (AL ARCHIVO)"},"('Tramites', 'FECHA')":{"('0123-OV-2013', 0)":"10\/12\/2014"},"('Tramites', 'RESULTADO')":{"('0123-OV-2013', 0)":"APROBADO"},"Sumario":{"('0123-OV-2013', 0)":"HABIENDO TOMADO CONOCIMIENTO, Y SIN PERJUICIO DE ULTERIORES MEDIDAS QUE PUEDAN ADOPTARSE, SE ACONSEJA SU REMISION AL ARCHIVO."},"Palabra Clave":{"('0123-OV-2013', 0)":" "}}