{"Tipo de Proyecto":{"('0125-S-2013', 0)":"PROYECTO DE LEY"},"Iniciado en: ":{"('0125-S-2013', 0)":"Senado"},"Expediente Senado: ":{"('0125-S-2013', 0)":"0125-S-2013"},"Publicado en: ":{"('0125-S-2013', 0)":"Diario de Asuntos Entrados N\u00b0 7"},"Fecha: ":{"('0125-S-2013', 0)":"04\/03\/2013"},"T\u00edtulo":{"('0125-S-2013', 0)":"REGIMEN DE PRESUPUESTOS MINIMOS PARA LA APLICACION DE AGROQUIMICOS EN ZONAS PERIURBANAS Y CURSOS DE AGUA Y APLICACION DEL PRINCIPIO PRECAUTORIO EN VISTAS AL CUMPLIMIENTO DEL DERECHO A LA SALUD (REPRODUCCION DEL EXPEDIENTE 1323-S-11)."},"('Firmantes', 'FIRMANTE')":{"('0125-S-2013', 0)":"CORREGIDO, ELENA MERCEDES"},"('Firmantes', 'DISTRITO')":{"('0125-S-2013', 0)":"CHACO"},"('Firmantes', 'BLOQUE')":{"('0125-S-2013', 0)":"FRENTE PARA LA VICTORIA - PJ"},"Sumario":{"('0125-S-2013', 0)":"PROHIBIR LA FUMIGACION O ESPARCIMIENTO AEREO DE AGROQUIMICOS Y TERRESTRES CERCA DE CIUDADES, PUEBLOS, ESCUELAS, VIVIENDAS EXPLOTACIONES APICOLAS Y FUENTES DE AGUA POTABLE; SANCIONES."},"Palabra Clave":{"('0125-S-2013', 0)":" "}}