{"Tipo de Proyecto":{"('0126-S-2013', 0)":"PROYECTO DE LEY"},"Iniciado en: ":{"('0126-S-2013', 0)":"Senado"},"Expediente Senado: ":{"('0126-S-2013', 0)":"0126-S-2013"},"Publicado en: ":{"('0126-S-2013', 0)":"Diario de Asuntos Entrados N\u00b0 7"},"Fecha: ":{"('0126-S-2013', 0)":"04\/03\/2013"},"T\u00edtulo":{"('0126-S-2013', 0)":"CREACION DEL PROGRAMA NACIONAL DE PREVENCION DE LA SALUD POR RIESGOS DERIVADOS DEL USO DE AGROQUIMICOS (REPRODUCCION DEL EXPEDIENTE 1324-S-11)."},"('Firmantes', 'FIRMANTE')":{"('0126-S-2013', 0)":"CORREGIDO, ELENA MERCEDES"},"('Firmantes', 'DISTRITO')":{"('0126-S-2013', 0)":"CHACO"},"('Firmantes', 'BLOQUE')":{"('0126-S-2013', 0)":"FRENTE PARA LA VICTORIA - PJ"},"('Tramites', 'C\u00c1MARA')":{"('0126-S-2013', 0)":"Senado"},"('Tramites', 'MOVIMIENTO')":{"('0126-S-2013', 0)":"MODIFICACION DE LOS ARTICULOS 60 Y 77 DEL REGLAMENTO DEL H SENADO (EXPEDIENTE 0337-S-14, APROBADO EL 10\/12\/2014), CAMBIO DE GIRO DE LA COMISION DE SALUD Y DEPORTE A LA COMISION DE SALUD"},"('Tramites', 'FECHA')":{"('0126-S-2013', 0)":"27\/05\/2015"},"('Tramites', 'RESULTADO')":{"('0126-S-2013', 0)":null},"Sumario":{"('0126-S-2013', 0)":"OBJETO; POLITICAS PUBLICAS DE PREVENCION; LINEAS DE ACCION: CREACION DEL REGISTRO NACIONAL DE ENFERMEDADES PRODUCIDAS POR EL USO DE PLAGICIDAS, PROTOCOLOS DE VIGILANCIA TOXICOLOGICAS, CONVOCATORIA EN CONSULTA AL CONICET, INFORMES ANUALES; AUTORIDAD DE APLICACION, EL MINISTERIO DE SALUD."},"Palabra Clave":{"('0126-S-2013', 0)":" "}}