{"Tipo de Proyecto":{"('0127-OV-2013', 0)":"PROYECTO DE RESOLUCI\u00d3N"},"Iniciado en: ":{"('0127-OV-2013', 0)":"Senado"},"Expediente Senado: ":{"('0127-OV-2013', 0)":"0127-OV-2013"},"Publicado en: ":{"('0127-OV-2013', 0)":"Diario de Asuntos Entrados N\u00b0 0"},"Fecha: ":{"('0127-OV-2013', 0)":"28\/10\/2013"},"T\u00edtulo":{"('0127-OV-2013', 0)":"DICTAMEN EN LA RESOLUCION REMITIDA POR LA AUDITORIA GENERAL DE LA NACION (RESOLUCION AGN 85\/13); RESPECTO DEL INFORME SOBRE LOS ESTADOS FINANCIEROS DEL PROGRAMA DE DESARROLLO SOCIAL EN AREAS FRONTERIZAS DEL NOROESTE ARGENTINO CON NECESIDADES BASICAS INSATISFECHAS (PROSOFA) - CONTRATO DE PRESTAMO ARG-14\/04 FONPLATA - EJERCICIO 9 FINALIZADO EL 31\/12\/12."},"('Firmantes', 'FIRMANTE')":{"('0127-OV-2013', 0)":"PARLAMENTARIA MIXTA REVISORA DE CUENTAS"},"('Firmantes', 'DISTRITO')":{"('0127-OV-2013', 0)":null},"('Firmantes', 'BLOQUE')":{"('0127-OV-2013', 0)":null},"('Tramites', 'C\u00c1MARA')":{"('0127-OV-2013', 0)":"Senado"},"('Tramites', 'MOVIMIENTO')":{"('0127-OV-2013', 0)":"CONSIDERACION Y APROBACION (AL ARCHIVO)"},"('Tramites', 'FECHA')":{"('0127-OV-2013', 0)":"10\/12\/2014"},"('Tramites', 'RESULTADO')":{"('0127-OV-2013', 0)":"APROBADO"},"Sumario":{"('0127-OV-2013', 0)":"HABIENDO TOMADO CONOCIMIENTO, Y SIN PERJUICIO DE ULTERIORES MEDIDAS QUE PUEDAN ADOPTARSE, SE ACONSEJA SU REMISION AL ARCHIVO."},"Palabra Clave":{"('0127-OV-2013', 0)":" "}}