{"Tipo de Proyecto":{"('0127-S-2013', 0)":"PROYECTO DE LEY"},"Iniciado en: ":{"('0127-S-2013', 0)":"Senado"},"Expediente Senado: ":{"('0127-S-2013', 0)":"0127-S-2013"},"Publicado en: ":{"('0127-S-2013', 0)":"Diario de Asuntos Entrados N\u00b0 7"},"Fecha: ":{"('0127-S-2013', 0)":"04\/03\/2013"},"T\u00edtulo":{"('0127-S-2013', 0)":"TRANSFERIR A TITULO GRATUITO A LA MUNICIPALIDAD DE VILLA BHERTET, PROVINCIA DEL CHACO, UN TERRENO PROPIEDAD DEL ESTADO NACIONAL UBICADO EN ESA LOCALIDAD. (REPRODUCCION DEL EXPEDIENTE 2473-S-11)."},"('Firmantes', 'FIRMANTE')":{"('0127-S-2013', 0)":"CORREGIDO, ELENA MERCEDES"},"('Firmantes', 'DISTRITO')":{"('0127-S-2013', 0)":"CHACO"},"('Firmantes', 'BLOQUE')":{"('0127-S-2013', 0)":"FRENTE PARA LA VICTORIA - PJ"},"Link":{"('0127-S-2013', 0)":"http:\/\/www.senado.gov.ar\/parlamentario\/comisiones\/verExp\/127.13\/S\/PL"},"Palabra Clave":{"('0127-S-2013', 0)":" "}}