{"Tipo de Proyecto":{"('0128-D-2013', 0)":"PROYECTO DE RESOLUCI\u00d3N"},"Iniciado en: ":{"('0128-D-2013', 0)":"Diputados"},"Expediente Diputados: ":{"('0128-D-2013', 0)":"0128-D-2013"},"Publicado en: ":{"('0128-D-2013', 0)":"Tr\u00e1mite Parlamentario N\u00b0 1"},"Fecha: ":{"('0128-D-2013', 0)":"04\/03\/2013"},"T\u00edtulo":{"('0128-D-2013', 0)":"PEDIDO DE INFORMES AL PODER EJECUTIVO SOBRE DIVERSAS CUESTIONES RELACIONADAS CON LA LICITACION PUBLICA INTERNACIONAL N\u00b0 77\/12 LLEVADA A CABO POR EL MINISTERIO DE DEFENSA DE LA NACION, CUYO OBJETO ES LA CONTRATACION DE UN SERVICIO DE ALQUILER POR TIEMPO DE UN BUQUE POLAR, DOS HELICOPTEROS Y UN BUQUE ROMPEHIELOS PARA LA CAMPA\u00d1A ANTARTICA 2012-2013."},"('Firmantes', 'FIRMANTE')":{"('0128-D-2013', 0)":"GARRIDO, MANUEL"},"('Firmantes', 'DISTRITO')":{"('0128-D-2013', 0)":"CIUDAD de BUENOS AIRES"},"('Firmantes', 'BLOQUE')":{"('0128-D-2013', 0)":"UCR"},"('Giros', 'COMISI\u00d3N')":{"('0128-D-2013', 0)":"DEFENSA NACIONAL"},"Link":{"('0128-D-2013', 0)":"https:\/\/www.hcdn.gob.ar\/proyectos\/textoCompleto.jsp?exp=0128-D-2013&tipo=RESOLUCION"},"Palabra Clave":{"('0128-D-2013', 0)":" "}}