{"Tipo de Proyecto":{"('0130-D-2013', 0)":"PROYECTO DE RESOLUCI\u00d3N"},"Iniciado en: ":{"('0130-D-2013', 0)":"Diputados"},"Expediente Diputados: ":{"('0130-D-2013', 0)":"0130-D-2013"},"Publicado en: ":{"('0130-D-2013', 0)":"Tr\u00e1mite Parlamentario N\u00b0 1"},"Fecha: ":{"('0130-D-2013', 0)":"04\/03\/2013"},"T\u00edtulo":{"('0130-D-2013', 0)":"PEDIDO DE INFORMES AL PODER EJECUTIVO SOBRE DIVERSAS CUESTIONES RELACIONADAS CON LA CONTRATACION DIRECTA POR EXCLUSIVIDAD N\u00b0 11\/12 LLEVADA A CABO POR LA POLICIA FEDERAL ARGENTINA, CUYO OBJETO ES LA ADQUISICION DE UN HELICOPTERO DE BUSQUEDA, RESCATE Y LUCHA CONTRA INCENDIO."},"('Firmantes', 'FIRMANTE')":{"('0130-D-2013', 0)":"GARRIDO, MANUEL"},"('Firmantes', 'DISTRITO')":{"('0130-D-2013', 0)":"CIUDAD de BUENOS AIRES"},"('Firmantes', 'BLOQUE')":{"('0130-D-2013', 0)":"UCR"},"('Giros', 'COMISI\u00d3N')":{"('0130-D-2013', 0)":"LEGISLACION PENAL"},"Link":{"('0130-D-2013', 0)":"https:\/\/www.hcdn.gob.ar\/proyectos\/textoCompleto.jsp?exp=0130-D-2013&tipo=RESOLUCION"},"Palabra Clave":{"('0130-D-2013', 0)":" "}}