{"Tipo de Proyecto":{"('0131-D-2013', 0)":"PROYECTO DE RESOLUCI\u00d3N"},"Iniciado en: ":{"('0131-D-2013', 0)":"Diputados"},"Expediente Diputados: ":{"('0131-D-2013', 0)":"0131-D-2013"},"Publicado en: ":{"('0131-D-2013', 0)":"Tr\u00e1mite Parlamentario N\u00b0 1"},"Fecha: ":{"('0131-D-2013', 0)":"04\/03\/2013"},"T\u00edtulo":{"('0131-D-2013', 0)":"PEDIDO DE INFORMES AL PODER EJECUTIVO SOBRE DIVERSAS CUESTIONES RELACIONADAS CON LA LICITACION PUBLICA N\u00b0 1\/12 LLEVADA A CABO POR EL MINISTERIO DE SALUD, CUYO OBJETO ES LA ADQUISICION DE PRESERVATIVOS MASCULINOS Y GEL LUBRICANTE."},"('Firmantes', 'FIRMANTE')":{"('0131-D-2013', 0)":"GARRIDO, MANUEL"},"('Firmantes', 'DISTRITO')":{"('0131-D-2013', 0)":"CIUDAD de BUENOS AIRES"},"('Firmantes', 'BLOQUE')":{"('0131-D-2013', 0)":"UCR"},"('Giros', 'COMISI\u00d3N')":{"('0131-D-2013', 0)":"ACCION SOCIAL Y SALUD PUBLICA"},"Link":{"('0131-D-2013', 0)":"https:\/\/www.hcdn.gob.ar\/proyectos\/textoCompleto.jsp?exp=0131-D-2013&tipo=RESOLUCION"},"Palabra Clave":{"('0131-D-2013', 0)":" "}}