{"Tipo de Proyecto":{"('0132-D-2013', 0)":"PROYECTO DE RESOLUCI\u00d3N"},"Iniciado en: ":{"('0132-D-2013', 0)":"Diputados"},"Expediente Diputados: ":{"('0132-D-2013', 0)":"0132-D-2013"},"Publicado en: ":{"('0132-D-2013', 0)":"Tr\u00e1mite Parlamentario N\u00b0 1"},"Fecha: ":{"('0132-D-2013', 0)":"04\/03\/2013"},"T\u00edtulo":{"('0132-D-2013', 0)":"PEDIDO DE INFORMES AL PODER EJECUTIVO SOBRE DIVERSAS CUESTIONES RELACIONADAS CON LA PRORROGA DE LA CONTRATACION DIRECTA N\u00b0 4\/11 LLEVADA A CABO POR EL MINISTERIO DE DEFENSA, CUYO OBJETO ES LA \"CONVERSION DE CELULA DE HELICOPTERO BELL UH-1H A HUEY II Y CERTIFICACION DE LOS TRABAJOS DE INTEGRACION\", A FAVOR DE LA FIRMA MODENA HELICOPTEROS S.A."},"('Firmantes', 'FIRMANTE')":{"('0132-D-2013', 0)":"GARRIDO, MANUEL"},"('Firmantes', 'DISTRITO')":{"('0132-D-2013', 0)":"CIUDAD de BUENOS AIRES"},"('Firmantes', 'BLOQUE')":{"('0132-D-2013', 0)":"UCR"},"('Giros', 'COMISI\u00d3N')":{"('0132-D-2013', 0)":"DEFENSA NACIONAL"},"Link":{"('0132-D-2013', 0)":"https:\/\/www.hcdn.gob.ar\/proyectos\/textoCompleto.jsp?exp=0132-D-2013&tipo=RESOLUCION"},"Palabra Clave":{"('0132-D-2013', 0)":" "}}