{"Tipo de Proyecto":{"('0133-PE-2013', 0)":"MENSAJE NRO: 1891\/13","('0133-PE-2013', 1)":null},"Iniciado en: ":{"('0133-PE-2013', 0)":"Senado","('0133-PE-2013', 1)":null},"Expediente Senado: ":{"('0133-PE-2013', 0)":"0133-PE-2013","('0133-PE-2013', 1)":null},"Publicado en: ":{"('0133-PE-2013', 0)":"DAE S.A. N\u00b0 7","('0133-PE-2013', 1)":null},"Fecha: ":{"('0133-PE-2013', 0)":"20\/11\/2013","('0133-PE-2013', 1)":null},"T\u00edtulo":{"('0133-PE-2013', 0)":"SOLICITA ACUERDO PARA NOMBRAR EMBAJADOR EXTRAORDINARIO Y PLENIPOTENCIARIO AL DOCTOR HERNAN GASPAR LORENZINO, DE CONFORMIDAD CON LO DISPUESTO EN EL ARTICULO 5 DE LA LEY 20957.","('0133-PE-2013', 1)":null},"('Firmantes', 'FIRMANTE')":{"('0133-PE-2013', 0)":"FERNANDEZ DE KIRCHNER, CRISTINA","('0133-PE-2013', 1)":"TIMERMAN, HECTOR MARCOS"},"('Firmantes', 'DISTRITO')":{"('0133-PE-2013', 0)":null,"('0133-PE-2013', 1)":null},"('Firmantes', 'BLOQUE')":{"('0133-PE-2013', 0)":"PODER EJECUTIVO","('0133-PE-2013', 1)":"PODER EJECUTIVO"},"('Tramites', 'C\u00c1MARA')":{"('0133-PE-2013', 0)":"Senado","('0133-PE-2013', 1)":null},"('Tramites', 'MOVIMIENTO')":{"('0133-PE-2013', 0)":"CONSIDERACION Y APROBACION","('0133-PE-2013', 1)":null},"('Tramites', 'FECHA')":{"('0133-PE-2013', 0)":"18\/12\/2013","('0133-PE-2013', 1)":null},"('Tramites', 'RESULTADO')":{"('0133-PE-2013', 0)":"APROBADO","('0133-PE-2013', 1)":null},"Palabra Clave":{"('0133-PE-2013', 0)":" ","('0133-PE-2013', 1)":null}}