{"Tipo de Proyecto":{"('0133-D-2013', 0)":"PROYECTO DE RESOLUCI\u00d3N"},"Iniciado en: ":{"('0133-D-2013', 0)":"Diputados"},"Expediente Diputados: ":{"('0133-D-2013', 0)":"0133-D-2013"},"Publicado en: ":{"('0133-D-2013', 0)":"Tr\u00e1mite Parlamentario N\u00b0 1"},"Fecha: ":{"('0133-D-2013', 0)":"04\/03\/2013"},"T\u00edtulo":{"('0133-D-2013', 0)":"PEDIDO DE INFORMES AL PODER EJECUTIVO SOBRE DIVERSAS CUESTIONES RELACIONADAS CON LA LICITACION PUBLICA INTERNACIONAL N\u00b0 79\/12 LLEVADA A CABO POR EL MINISTERIO DE DEFENSA, CUYO OBJETO ES LA CONTRATACION DE UN SERVICIO DE TRANSPORTE AEREO DE PERSONAL Y CARGA AEROLANZABLE PARA LA ZONA DE BAHIA VAHSEL, GLACIAR SCHWEITZER 77\u00b0 52\u00b4 S-34\u00b0 37\u00b4 W - CAMPA\u00d1A ANTARTICA VERANO 2012."},"('Firmantes', 'FIRMANTE')":{"('0133-D-2013', 0)":"GARRIDO, MANUEL"},"('Firmantes', 'DISTRITO')":{"('0133-D-2013', 0)":"CIUDAD de BUENOS AIRES"},"('Firmantes', 'BLOQUE')":{"('0133-D-2013', 0)":"UCR"},"('Giros', 'COMISI\u00d3N')":{"('0133-D-2013', 0)":"DEFENSA NACIONAL"},"Link":{"('0133-D-2013', 0)":"https:\/\/www.hcdn.gob.ar\/proyectos\/textoCompleto.jsp?exp=0133-D-2013&tipo=RESOLUCION"},"Palabra Clave":{"('0133-D-2013', 0)":" "}}