{"Tipo de Proyecto":{"('0135-S-2013', 0)":"PROYECTO DE DECLARACI\u00d3N"},"Iniciado en: ":{"('0135-S-2013', 0)":"Senado"},"Expediente Senado: ":{"('0135-S-2013', 0)":"0135-S-2013"},"Publicado en: ":{"('0135-S-2013', 0)":"Diario de Asuntos Entrados N\u00b0 8"},"Fecha: ":{"('0135-S-2013', 0)":"07\/03\/2013"},"T\u00edtulo":{"('0135-S-2013', 0)":"EXPRESAR RECONOCIMIENTO A AILA CARCAMO, QUIEN FUERA UNO DE LOS ANTIGUOS POBLADORES DE LA PROVINCIA DE TIERRA DEL FUEGO ANTARTIDA E ISLAS DEL ATLANTICO SUR. "},"('Firmantes', 'FIRMANTE')":{"('0135-S-2013', 0)":"COLAZO, MARIO JORGE"},"('Firmantes', 'DISTRITO')":{"('0135-S-2013', 0)":"TIERRA DEL FUEGO"},"('Firmantes', 'BLOQUE')":{"('0135-S-2013', 0)":"FRENTE PARA LA VICTORIA - PJ"},"('Tramites', 'C\u00c1MARA')":{"('0135-S-2013', 0)":"Senado"},"('Tramites', 'MOVIMIENTO')":{"('0135-S-2013', 0)":"VER TRAMITE EN EXPEDIENTE 6388-S-2012"},"('Tramites', 'FECHA')":{"('0135-S-2013', 0)":"04\/09\/2013"},"('Tramites', 'RESULTADO')":{"('0135-S-2013', 0)":null},"Link":{"('0135-S-2013', 0)":"http:\/\/www.senado.gov.ar\/parlamentario\/comisiones\/verExp\/135.13\/S\/PD"},"Palabra Clave":{"('0135-S-2013', 0)":" "}}