{"Tipo de Proyecto":{"('0135-PE-2013', 0)":"MENSAJE NRO: 1915\/13"},"Iniciado en: ":{"('0135-PE-2013', 0)":"Senado"},"Expediente Senado: ":{"('0135-PE-2013', 0)":"0135-PE-2013"},"Publicado en: ":{"('0135-PE-2013', 0)":"Diario de Asuntos Entrados N\u00b0 0"},"Fecha: ":{"('0135-PE-2013', 0)":"26\/11\/2013"},"T\u00edtulo":{"('0135-PE-2013', 0)":"COMUNICACION DEL DECRETO 1914\/13 POR EL CUAL SE PRORROGAN LAS SESIONES ORDINARIAS DEL CONGRESO DE LA NACION HASTA EL 10 DE DICIEMBRE DE 2013."},"('Firmantes', 'FIRMANTE')":{"('0135-PE-2013', 0)":"CAPITANICH, JORGE"},"('Firmantes', 'DISTRITO')":{"('0135-PE-2013', 0)":null},"('Firmantes', 'BLOQUE')":{"('0135-PE-2013', 0)":"PODER EJECUTIVO"},"Palabra Clave":{"('0135-PE-2013', 0)":" "}}