{"Tipo de Proyecto":{"('0135-D-2013', 0)":"PROYECTO DE RESOLUCI\u00d3N"},"Iniciado en: ":{"('0135-D-2013', 0)":"Diputados"},"Expediente Diputados: ":{"('0135-D-2013', 0)":"0135-D-2013"},"Publicado en: ":{"('0135-D-2013', 0)":"Tr\u00e1mite Parlamentario N\u00b0 1"},"Fecha: ":{"('0135-D-2013', 0)":"04\/03\/2013"},"T\u00edtulo":{"('0135-D-2013', 0)":"EXPRESAR REPUDIO POR LA DESTITUCION DE LOS MAGISTRADOS DE LA SALA CONSTITUCIONAL DE LA CORTE SUPREMA DE JUSTICIA DE LA REPUBLICA DE HONDURAS, OCURRIDA EL DIA 12 DE DICIEMBRE DE 2012."},"('Firmantes', 'FIRMANTE')":{"('0135-D-2013', 0)":"GARRIDO, MANUEL"},"('Firmantes', 'DISTRITO')":{"('0135-D-2013', 0)":"CIUDAD de BUENOS AIRES"},"('Firmantes', 'BLOQUE')":{"('0135-D-2013', 0)":"UCR"},"('Giros', 'COMISI\u00d3N')":{"('0135-D-2013', 0)":"RELACIONES EXTERIORES Y CULTO"},"Link":{"('0135-D-2013', 0)":"https:\/\/www.hcdn.gob.ar\/proyectos\/textoCompleto.jsp?exp=0135-D-2013&tipo=RESOLUCION"},"Palabra Clave":{"('0135-D-2013', 0)":" "}}