{"Tipo de Proyecto":{"('0136-PE-2013', 0)":"MENSAJE NRO: 1918\/13","('0136-PE-2013', 1)":null},"Iniciado en: ":{"('0136-PE-2013', 0)":"Senado","('0136-PE-2013', 1)":null},"Expediente Senado: ":{"('0136-PE-2013', 0)":"0136-PE-2013","('0136-PE-2013', 1)":null},"Publicado en: ":{"('0136-PE-2013', 0)":"DAE S.A. N\u00b0 8","('0136-PE-2013', 1)":null},"Fecha: ":{"('0136-PE-2013', 0)":"27\/11\/2013","('0136-PE-2013', 1)":null},"T\u00edtulo":{"('0136-PE-2013', 0)":"SOLICITA ACUERDO PARA PROMOVER AL GRADO INMEDIATO SUPERIOR, CON FECHA 31 DE DICIEMBRE DE 2013 A PERSONAL MILITAR SUPERIOR DEL EJERCITO.","('0136-PE-2013', 1)":null},"('Firmantes', 'FIRMANTE')":{"('0136-PE-2013', 0)":"FERNANDEZ DE KIRCHNER, CRISTINA","('0136-PE-2013', 1)":"ROSSI, AGUSTIN OSCAR"},"('Firmantes', 'DISTRITO')":{"('0136-PE-2013', 0)":null,"('0136-PE-2013', 1)":null},"('Firmantes', 'BLOQUE')":{"('0136-PE-2013', 0)":"PODER EJECUTIVO","('0136-PE-2013', 1)":"PODER EJECUTIVO"},"('Tramites', 'C\u00c1MARA')":{"('0136-PE-2013', 0)":"Senado","('0136-PE-2013', 1)":null},"('Tramites', 'MOVIMIENTO')":{"('0136-PE-2013', 0)":"CONSIDERACION Y APROBACION","('0136-PE-2013', 1)":null},"('Tramites', 'FECHA')":{"('0136-PE-2013', 0)":"18\/12\/2013","('0136-PE-2013', 1)":null},"('Tramites', 'RESULTADO')":{"('0136-PE-2013', 0)":"APROBADO","('0136-PE-2013', 1)":null},"Sumario":{"('0136-PE-2013', 0)":"AL 31 DE DICIEMBRE DE 2013, GENERALES DE BRIGADA: VICTORIO RAMON PAOLI, RICARDO LUIS CUNDON, RUBEN OSCAR FERRARI Y CLAUDIO SERGIO MONTERO; AL 31 DE DICIEMBRE DE 2012, CUERPO PROFESIONAL - SANIDAD MEDICINA: CLEMENTE HORACIO MAGALLANES; AL 31 DE DICIEMBRE DE 2013, CUERPO COMANDO-ARMAS: DIEGO LUIS SU\u00d1ER, SANTIAGO JULIO FERREIRA, JUAN RODOLFO BROCCA, ALEJANDRO JOSE SCARRAMBERG, FRANCISCO JAVIER PEREZ BERBAIN, JOAQUIN MARIANO ESTRADA, JOSE EDUARDO NAVARRO, GUSTAVO FERNANDO BOOTH, JOSE EDUARDO ARCE, JOSE LUIS YOFRE, MARCELO CARLOS ALBERTO OCAMPO, LUIS MARIA PUCHETA, ALBERTO L. M. CORVALAN; CUERPO DE COMANDO-ARMAS: FEDERICO SIDDERS, MARIANO A. A. CUEVILLAS, EDGARDO ALDO SERAFIN, JULIO NESTOR JUNCO, JUAN ADRIAN CAMPITELLI, ANGEL RAMONO DELBON. TENIENTES CORONELES, AL 31 DE DICIEMBRE DE 2012, CUERPO COMANDO ARMAS: ERNESTO CLAUDIO BALLOFFET, FEDERICO JAVIER TORRES, MARCELO TAMER YAPUR, MIGUEL EDUARDO CACERES, MIGUEL ANGEL CETTOUR, JULIO CESAR BERDEN, LUCILO BERNABE LOPEZ MEYER, JORGE ALEJANDRO DELME, MARIO JORGE DALLE NOGARE, DARIO LUIS DAL SANTO, ROBERTO EUGENIO CACERES, DIEGO MARTIN CALDERON, GUILLERMO RAUL MONES RUIZ, ALEJANDRO DANIEL GUGLIELMI, MARIANO WALTER LAIDLAW ROLDAN, JAVIER LAPERUTA Y MARIO ANTONIO CARO; COMPLEMENTO DE LAS ARMAS: FERNANDO RAUL PEREZ; CUERPO PROFESIONAL: VETERINARIOS: LUIS NICOLAS GALO Y GILBERTO PAULINO LERENA. AL 31 DE DICIEMBRE DE 2013 CUERPO COMANDO-ARMAS: JULIO EDUARDO RUARTE, DIEGO CRISTOBAL, GUSTAVO EDUARDO KRIEGER, CLAUDIO ANTONIO TESTA, MARCELO JULIAN DELME, CARLOS MARCELO CARBALLO, HORACIO C. M. FAIELLA PIZZUL, GUSTAVO ANDRES VILLEGAS, JULIO CEFERINO DELBENE, RUBEN ALBERTO GARCIA, ALEJANDRO EDUARDO AGOGLIA, SERGIO ANTONIO CATTANEO, MIGUEL MONTELEONE, CHRISTIAN HECTOR BONAVENTURA, MIGUEL ANGEL COLQUE, FERNANDO JOSE NEVES, CARLOS ALBERTO MARTIN, JUAN PATRICIO TRAYNOR, ALEJANDRO RAUL PERICHON, JORGE ERNESTO VEGA, OSVALDO FAVIO ALTAMURA, ORLANDO RUBEN INTERLANDI, GUILLERMO ENRIQUE VENIER, ALEJANDRO HECTOR BERTO, SERGIO GUSTAVO PAGANI, MARTIN MARCELO SQUASSINI, GUILLERMO A. FIGUEROA SOLA, DOMINGO FAUSTINO BRITO, SERGIO JOSE FABIAN PIETRAFESA, FERNANDO ARCADIO LUCUIX, HUGO EDGARDO LAGOMARSINO, JOSE HUMBERTO FRETTIZ, GUILLERMO CARLOS MONTI, WALTER HORACIO RIVERA, GUILLERMO DANIEL JUNCO, HECTOR OSVALDO RIVERO, ARNALDO FABIAN LUCIONI, FLORENCIO JULIO MONTIEL, GABRIEL VICENTE LOPEZ, JORGE ENRIQUE HEARNE, EUGENIO ANTONIO LIZARAZU, DIEGO RODOLFO MUNUCE; COMPLEMENTO DE LAS ARMAS: MANUEL ALLER, RUBEN RODRIGUEZ, JOSE RAMON MATEO, CARLOS ALBERTO GRAFF; ESPECIALIDADES-INTENDENCIA: FERNANDO JUAN GARDE\u00d1EZ, JAVIER ALBERTO SUASNABAR, LUIS CESAR BASSO Y CARLOS ALBERTO FERNANDO GOMEZ; ARSENALES: MANUEL HUMBERTO GONZALEZ, ARMANDO GUILLERMO PERESSI, HUGO DANIEL NAVARRO DIOSQUEZ, EMILIO ORESTE PATTINI, ENRIQUE AGUSTIN LAMAS Y RAUL EDGARDO SANCHEZ; JUSTICIA: WALTER HORACIO FAMECO Y MARCELO CESAR GONZALEZ ROBERT; EDUCACION FISICA: TULIO ISMAEL ALEGRE; BANDA: SERGIO JOSE SCARINCHI.","('0136-PE-2013', 1)":null},"Palabra Clave":{"('0136-PE-2013', 0)":" ","('0136-PE-2013', 1)":null}}