{"Tipo de Proyecto":{"('0136-D-2013', 0)":"PROYECTO DE LEY","('0136-D-2013', 1)":null},"Iniciado en: ":{"('0136-D-2013', 0)":"Diputados","('0136-D-2013', 1)":null},"Expediente Diputados: ":{"('0136-D-2013', 0)":"0136-D-2013","('0136-D-2013', 1)":null},"Publicado en: ":{"('0136-D-2013', 0)":"Tr\u00e1mite Parlamentario N\u00b0 1","('0136-D-2013', 1)":null},"Fecha: ":{"('0136-D-2013', 0)":"04\/03\/2013","('0136-D-2013', 1)":null},"T\u00edtulo":{"('0136-D-2013', 0)":"DEROGACION DE LA LEY 26734 DE MODIFICACION AL CODIGO PENAL, SOBRE PREVENCION, INVESTIGACION Y SANCION DE ACTIVIDADES DELICTIVAS CON FINALIDAD TERRORISTA.","('0136-D-2013', 1)":null},"('Firmantes', 'FIRMANTE')":{"('0136-D-2013', 0)":"GARRIDO, MANUEL","('0136-D-2013', 1)":null},"('Firmantes', 'DISTRITO')":{"('0136-D-2013', 0)":"CIUDAD de BUENOS AIRES","('0136-D-2013', 1)":null},"('Firmantes', 'BLOQUE')":{"('0136-D-2013', 0)":"UCR","('0136-D-2013', 1)":null},"('Giros', 'COMISI\u00d3N')":{"('0136-D-2013', 0)":"LEGISLACION PENAL","('0136-D-2013', 1)":"FINANZAS"},"Link":{"('0136-D-2013', 0)":"https:\/\/www.hcdn.gob.ar\/proyectos\/textoCompleto.jsp?exp=0136-D-2013&tipo=LEY","('0136-D-2013', 1)":null},"Palabra Clave":{"('0136-D-2013', 0)":" ","('0136-D-2013', 1)":null}}