{"Tipo de Proyecto":{"('0137-D-2013', 0)":"PROYECTO DE LEY"},"Iniciado en: ":{"('0137-D-2013', 0)":"Diputados"},"Expediente Diputados: ":{"('0137-D-2013', 0)":"0137-D-2013"},"Publicado en: ":{"('0137-D-2013', 0)":"Tr\u00e1mite Parlamentario N\u00b0 1"},"Fecha: ":{"('0137-D-2013', 0)":"04\/03\/2013"},"T\u00edtulo":{"('0137-D-2013', 0)":"MERCADO DE CAPITALES (LEY 26831): DEROGACION DEL ARTICULO 153, SOBRE REGIMEN DE OFERTA PUBLICA."},"('Firmantes', 'FIRMANTE')":{"('0137-D-2013', 0)":"GARRIDO, MANUEL"},"('Firmantes', 'DISTRITO')":{"('0137-D-2013', 0)":"CIUDAD de BUENOS AIRES"},"('Firmantes', 'BLOQUE')":{"('0137-D-2013', 0)":"UCR"},"('Giros', 'COMISI\u00d3N')":{"('0137-D-2013', 0)":"FINANZAS"},"('Tramites', 'C\u00c1MARA')":{"('0137-D-2013', 0)":"Diputados"},"('Tramites', 'MOVIMIENTO')":{"('0137-D-2013', 0)":"REPRODUCIDO POR EXPEDIENTE 0286-D-15"},"('Tramites', 'FECHA')":{"('0137-D-2013', 0)":null},"('Tramites', 'RESULTADO')":{"('0137-D-2013', 0)":null},"Link":{"('0137-D-2013', 0)":"https:\/\/www.hcdn.gob.ar\/proyectos\/textoCompleto.jsp?exp=0137-D-2013&tipo=LEY"},"Palabra Clave":{"('0137-D-2013', 0)":" "}}