{"Tipo de Proyecto":{"('0137-S-2013', 0)":"PROYECTO DE DECLARACI\u00d3N"},"Iniciado en: ":{"('0137-S-2013', 0)":"Senado"},"Expediente Senado: ":{"('0137-S-2013', 0)":"0137-S-2013"},"Publicado en: ":{"('0137-S-2013', 0)":"Diario de Asuntos Entrados N\u00b0 8"},"Fecha: ":{"('0137-S-2013', 0)":"05\/03\/2013"},"T\u00edtulo":{"('0137-S-2013', 0)":"EXPRESAR RECONOCIMIENTO A JOSE OJEDA, QUIEN FUERA UNO DE LOS ANTIGUOS POBLADORES DE LA PCIA. DE TIERRA DEL FUEGO ANTARTIDA E ISLAS DEL ATLANTICO SUR. "},"('Firmantes', 'FIRMANTE')":{"('0137-S-2013', 0)":"COLAZO, MARIO JORGE"},"('Firmantes', 'DISTRITO')":{"('0137-S-2013', 0)":"TIERRA DEL FUEGO"},"('Firmantes', 'BLOQUE')":{"('0137-S-2013', 0)":"FRENTE PARA LA VICTORIA - PJ"},"('Tramites', 'C\u00c1MARA')":{"('0137-S-2013', 0)":"Senado"},"('Tramites', 'MOVIMIENTO')":{"('0137-S-2013', 0)":"VER TRAMITE EN EXPEDIENTE 6388-S-2012"},"('Tramites', 'FECHA')":{"('0137-S-2013', 0)":"04\/09\/2013"},"('Tramites', 'RESULTADO')":{"('0137-S-2013', 0)":null},"Link":{"('0137-S-2013', 0)":"http:\/\/www.senado.gov.ar\/parlamentario\/comisiones\/verExp\/137.13\/S\/PD"},"Palabra Clave":{"('0137-S-2013', 0)":" "}}