{"Tipo de Proyecto":{"('0140-PE-2013', 0)":"MENSAJE NRO: 1930\/13","('0140-PE-2013', 1)":null,"('0140-PE-2013', 2)":null},"Iniciado en: ":{"('0140-PE-2013', 0)":"Senado","('0140-PE-2013', 1)":null,"('0140-PE-2013', 2)":null},"Expediente Senado: ":{"('0140-PE-2013', 0)":"0140-PE-2013","('0140-PE-2013', 1)":null,"('0140-PE-2013', 2)":null},"Publicado en: ":{"('0140-PE-2013', 0)":"DAE S.A. N\u00b0 8","('0140-PE-2013', 1)":null,"('0140-PE-2013', 2)":null},"Fecha: ":{"('0140-PE-2013', 0)":"27\/11\/2013","('0140-PE-2013', 1)":null,"('0140-PE-2013', 2)":null},"T\u00edtulo":{"('0140-PE-2013', 0)":"SOLICITA ACUERDO PARA DESIGNAR DIRECTOR DEL BANCO CENTRAL DE LA REPUBLICA ARGENTINA, AL LICENCIADO EN ECONOMIA D. GERMAN DAVID FELDMAN. ","('0140-PE-2013', 1)":null,"('0140-PE-2013', 2)":null},"('Firmantes', 'FIRMANTE')":{"('0140-PE-2013', 0)":"FERNANDEZ DE KIRCHNER, CRISTINA","('0140-PE-2013', 1)":"CAPITANICH, JORGE","('0140-PE-2013', 2)":"KICILLOF, AXEL"},"('Firmantes', 'DISTRITO')":{"('0140-PE-2013', 0)":null,"('0140-PE-2013', 1)":null,"('0140-PE-2013', 2)":null},"('Firmantes', 'BLOQUE')":{"('0140-PE-2013', 0)":"PODER EJECUTIVO","('0140-PE-2013', 1)":"PODER EJECUTIVO","('0140-PE-2013', 2)":"PODER EJECUTIVO"},"('Tramites', 'C\u00c1MARA')":{"('0140-PE-2013', 0)":"Senado","('0140-PE-2013', 1)":null,"('0140-PE-2013', 2)":null},"('Tramites', 'MOVIMIENTO')":{"('0140-PE-2013', 0)":"CONSIDERACION Y APROBACION","('0140-PE-2013', 1)":null,"('0140-PE-2013', 2)":null},"('Tramites', 'FECHA')":{"('0140-PE-2013', 0)":"18\/12\/2013","('0140-PE-2013', 1)":null,"('0140-PE-2013', 2)":null},"('Tramites', 'RESULTADO')":{"('0140-PE-2013', 0)":"APROBADO","('0140-PE-2013', 1)":null,"('0140-PE-2013', 2)":null},"Palabra Clave":{"('0140-PE-2013', 0)":" ","('0140-PE-2013', 1)":null,"('0140-PE-2013', 2)":null}}