{"Tipo de Proyecto":{"('0141-PE-2013', 0)":"MENSAJE NRO: 1929\/13","('0141-PE-2013', 1)":null,"('0141-PE-2013', 2)":null},"Iniciado en: ":{"('0141-PE-2013', 0)":"Senado","('0141-PE-2013', 1)":null,"('0141-PE-2013', 2)":null},"Expediente Senado: ":{"('0141-PE-2013', 0)":"0141-PE-2013","('0141-PE-2013', 1)":null,"('0141-PE-2013', 2)":null},"Publicado en: ":{"('0141-PE-2013', 0)":"DAE S.A. N\u00b0 8","('0141-PE-2013', 1)":null,"('0141-PE-2013', 2)":null},"Fecha: ":{"('0141-PE-2013', 0)":"27\/11\/2013","('0141-PE-2013', 1)":null,"('0141-PE-2013', 2)":null},"T\u00edtulo":{"('0141-PE-2013', 0)":"SOLICITA ACUERDO PARA DESIGNAR DIRECTOR DEL BANCO CENTRAL DE LA REPUBLICA ARGENTINA AL CONTADOR PUBLICO NACIONAL SEBASTIAN ANDRES AGUILERA.","('0141-PE-2013', 1)":null,"('0141-PE-2013', 2)":null},"('Firmantes', 'FIRMANTE')":{"('0141-PE-2013', 0)":"FERNANDEZ DE KIRCHNER, CRISTINA","('0141-PE-2013', 1)":"CAPITANICH, JORGE","('0141-PE-2013', 2)":"KICILLOF, AXEL"},"('Firmantes', 'DISTRITO')":{"('0141-PE-2013', 0)":null,"('0141-PE-2013', 1)":null,"('0141-PE-2013', 2)":null},"('Firmantes', 'BLOQUE')":{"('0141-PE-2013', 0)":"PODER EJECUTIVO","('0141-PE-2013', 1)":"PODER EJECUTIVO","('0141-PE-2013', 2)":"PODER EJECUTIVO"},"('Tramites', 'C\u00c1MARA')":{"('0141-PE-2013', 0)":"Senado","('0141-PE-2013', 1)":null,"('0141-PE-2013', 2)":null},"('Tramites', 'MOVIMIENTO')":{"('0141-PE-2013', 0)":"CONSIDERACION Y APROBACION","('0141-PE-2013', 1)":null,"('0141-PE-2013', 2)":null},"('Tramites', 'FECHA')":{"('0141-PE-2013', 0)":"18\/12\/2013","('0141-PE-2013', 1)":null,"('0141-PE-2013', 2)":null},"('Tramites', 'RESULTADO')":{"('0141-PE-2013', 0)":"APROBADO","('0141-PE-2013', 1)":null,"('0141-PE-2013', 2)":null},"Palabra Clave":{"('0141-PE-2013', 0)":" ","('0141-PE-2013', 1)":null,"('0141-PE-2013', 2)":null}}