{"Tipo de Proyecto":{"('0147-D-2013', 0)":"PROYECTO DE LEY","('0147-D-2013', 1)":null,"('0147-D-2013', 2)":null},"Iniciado en: ":{"('0147-D-2013', 0)":"Diputados","('0147-D-2013', 1)":null,"('0147-D-2013', 2)":null},"Expediente Diputados: ":{"('0147-D-2013', 0)":"0147-D-2013","('0147-D-2013', 1)":null,"('0147-D-2013', 2)":null},"Publicado en: ":{"('0147-D-2013', 0)":"Tr\u00e1mite Parlamentario N\u00b0 1","('0147-D-2013', 1)":null,"('0147-D-2013', 2)":null},"Fecha: ":{"('0147-D-2013', 0)":"04\/03\/2013","('0147-D-2013', 1)":null,"('0147-D-2013', 2)":null},"T\u00edtulo":{"('0147-D-2013', 0)":"APORTES Y CONTRIBUCIONES AL SISTEMA DE SEGURIDAD SOCIAL PARA PRIMER EMPLEO Y MAYORES DE 50 A\u00d1OS: REGIMEN.","('0147-D-2013', 1)":null,"('0147-D-2013', 2)":null},"('Firmantes', 'FIRMANTE')":{"('0147-D-2013', 0)":"TRIACA, ALBERTO JORGE","('0147-D-2013', 1)":"TONELLI, PABLO GABRIEL","('0147-D-2013', 2)":null},"('Firmantes', 'DISTRITO')":{"('0147-D-2013', 0)":"CIUDAD de BUENOS AIRES","('0147-D-2013', 1)":"CIUDAD de BUENOS AIRES","('0147-D-2013', 2)":null},"('Firmantes', 'BLOQUE')":{"('0147-D-2013', 0)":"PRO","('0147-D-2013', 1)":"PRO","('0147-D-2013', 2)":null},"('Giros', 'COMISI\u00d3N')":{"('0147-D-2013', 0)":"PREVISION Y SEGURIDAD SOCIAL","('0147-D-2013', 1)":"LEGISLACION DEL TRABAJO","('0147-D-2013', 2)":"PRESUPUESTO Y HACIENDA"},"Sumario":{"('0147-D-2013', 0)":"ALCANCES.","('0147-D-2013', 1)":null,"('0147-D-2013', 2)":null},"Palabra Clave":{"('0147-D-2013', 0)":" ","('0147-D-2013', 1)":null,"('0147-D-2013', 2)":null}}