{"Tipo de Proyecto":{"('0148-D-2013', 0)":"PROYECTO DE LEY","('0148-D-2013', 1)":null,"('0148-D-2013', 2)":null,"('0148-D-2013', 3)":null},"Iniciado en: ":{"('0148-D-2013', 0)":"Diputados","('0148-D-2013', 1)":null,"('0148-D-2013', 2)":null,"('0148-D-2013', 3)":null},"Expediente Diputados: ":{"('0148-D-2013', 0)":"0148-D-2013","('0148-D-2013', 1)":null,"('0148-D-2013', 2)":null,"('0148-D-2013', 3)":null},"Publicado en: ":{"('0148-D-2013', 0)":"Tr\u00e1mite Parlamentario N\u00b0 1","('0148-D-2013', 1)":null,"('0148-D-2013', 2)":null,"('0148-D-2013', 3)":null},"Fecha: ":{"('0148-D-2013', 0)":"04\/03\/2013","('0148-D-2013', 1)":null,"('0148-D-2013', 2)":null,"('0148-D-2013', 3)":null},"T\u00edtulo":{"('0148-D-2013', 0)":"CONVERTIBILIDAD (LEY 23928): MODIFICACION DEL ARTICULO 10, SOBRE AJUSTE POR INFLACION PARA ESTADOS CONTABLES Y ESCALA DE LIQUIDACION DEL IMPUESTO A LAS GANANCIAS.","('0148-D-2013', 1)":null,"('0148-D-2013', 2)":null,"('0148-D-2013', 3)":null},"('Firmantes', 'FIRMANTE')":{"('0148-D-2013', 0)":"TRIACA, ALBERTO JORGE","('0148-D-2013', 1)":"TONELLI, PABLO GABRIEL","('0148-D-2013', 2)":null,"('0148-D-2013', 3)":null},"('Firmantes', 'DISTRITO')":{"('0148-D-2013', 0)":"CIUDAD de BUENOS AIRES","('0148-D-2013', 1)":"CIUDAD de BUENOS AIRES","('0148-D-2013', 2)":null,"('0148-D-2013', 3)":null},"('Firmantes', 'BLOQUE')":{"('0148-D-2013', 0)":"PRO","('0148-D-2013', 1)":"PRO","('0148-D-2013', 2)":null,"('0148-D-2013', 3)":null},"('Giros', 'COMISI\u00d3N')":{"('0148-D-2013', 0)":"PRESUPUESTO Y HACIENDA","('0148-D-2013', 1)":null,"('0148-D-2013', 2)":null,"('0148-D-2013', 3)":null},"('Tramites', 'C\u00c1MARA')":{"('0148-D-2013', 0)":"Diputados","('0148-D-2013', 1)":"Diputados","('0148-D-2013', 2)":"Diputados","('0148-D-2013', 3)":"Diputados"},"('Tramites', 'MOVIMIENTO')":{"('0148-D-2013', 0)":"CITACION SESION ESPECIAL","('0148-D-2013', 1)":"MANIFESTACIONES EN MINORIA","('0148-D-2013', 2)":"MANIFESTACIONES EN MINORIA","('0148-D-2013', 3)":"MANIFESTACIONES EN MINORIA"},"('Tramites', 'FECHA')":{"('0148-D-2013', 0)":"14\/05\/2014","('0148-D-2013', 1)":"14\/05\/2014","('0148-D-2013', 2)":"21\/05\/2014","('0148-D-2013', 3)":"03\/06\/2014"},"('Tramites', 'RESULTADO')":{"('0148-D-2013', 0)":null,"('0148-D-2013', 1)":null,"('0148-D-2013', 2)":null,"('0148-D-2013', 3)":null},"Sumario":{"('0148-D-2013', 0)":"AGREGASE SEGUNDO PARRAFO AL ARTICULO 10; IGUAL TRATAMIENTO SERA APLICABLE A LA ESCALA DE LIQUIDACION DEL IMPUESTO INDICADA EN EL ARTICULO 90 DE LA LEY 20628; DEROGACION DEL ARTICULO 39 DE LA LEY 24073; ENTRADA EN VIGENCIA.","('0148-D-2013', 1)":null,"('0148-D-2013', 2)":null,"('0148-D-2013', 3)":null},"Palabra Clave":{"('0148-D-2013', 0)":" ","('0148-D-2013', 1)":null,"('0148-D-2013', 2)":null,"('0148-D-2013', 3)":null}}