{"Tipo de Proyecto":{"('0149-OV-2013', 0)":"PROYECTO DE RESOLUCI\u00d3N"},"Iniciado en: ":{"('0149-OV-2013', 0)":"Senado"},"Expediente Senado: ":{"('0149-OV-2013', 0)":"0149-OV-2013"},"Fecha: ":{"('0149-OV-2013', 0)":"06\/07\/2015"},"T\u00edtulo":{"('0149-OV-2013', 0)":"PEDIDO DE INFORMES AL PODER EJECUTIVO SOBRE RESOLUCION REMITIDA POR LA AUDITORIA GENERAL DE LA NACION 94\/13, APROBANDO EL INFORME DE AUDITORIA, LA SINTESIS EJECUTIVA Y LA FICHA REALIZADOS EN EL AMBITO DE LA DIRECCION NACIONAL DE VIALIDAD (DNV) Y EN EL ORGANO DE CONTROL DE CONCESIONES VIALES (OCCOVI), REFERIDO A \"ANALIZAR LA GESTION EN EL CONTROL DEL CUMPLIMIENTO DE LAS OBLIGACIONES CONTRACTUALES DE LAS CONCESIONARIAS DE LA RED DE ACCESOS A LA CIUDAD AUTONOMA DE BUENOS AIRES -CABA-: TARIFAS - GESTION\"."},"('Firmantes', 'FIRMANTE')":{"('0149-OV-2013', 0)":"PARLAMENTARIA MIXTA REVISORA DE CUENTAS"},"('Firmantes', 'DISTRITO')":{"('0149-OV-2013', 0)":null},"('Firmantes', 'BLOQUE')":{"('0149-OV-2013', 0)":null},"Link":{"('0149-OV-2013', 0)":"http:\/\/www.senado.gov.ar\/parlamentario\/comisiones\/verExp\/149.13\/OV\/PR"},"Palabra Clave":{"('0149-OV-2013', 0)":" "}}