{"Tipo de Proyecto":{"('0152-PE-2013', 0)":"MENSAJE NRO: 1952\/13","('0152-PE-2013', 1)":null},"Iniciado en: ":{"('0152-PE-2013', 0)":"Senado","('0152-PE-2013', 1)":null},"Expediente Senado: ":{"('0152-PE-2013', 0)":"0152-PE-2013","('0152-PE-2013', 1)":null},"Publicado en: ":{"('0152-PE-2013', 0)":"DAE S.A. N\u00b0 9","('0152-PE-2013', 1)":null},"Fecha: ":{"('0152-PE-2013', 0)":"28\/11\/2013","('0152-PE-2013', 1)":null},"T\u00edtulo":{"('0152-PE-2013', 0)":"SOLICITA ACUERDO PARA PROMOVER A FUNCIONARIO DE LA CATEGORIA 'B', MINISTRO PLENIPOTENCIARIO DE PRIMERA CLASE AL ACTUAL FUNCIONARIO DE LA CATEGORIA 'C' MINISTRO PLENIPOTENCIARIO DE SEGUNDA CLASE AL SE\u00d1OR  FAUSTO MARIANO LOPEZ CROZET.","('0152-PE-2013', 1)":null},"('Firmantes', 'FIRMANTE')":{"('0152-PE-2013', 0)":"FERNANDEZ DE KIRCHNER, CRISTINA","('0152-PE-2013', 1)":"TIMERMAN, HECTOR MARCOS"},"('Firmantes', 'DISTRITO')":{"('0152-PE-2013', 0)":null,"('0152-PE-2013', 1)":null},"('Firmantes', 'BLOQUE')":{"('0152-PE-2013', 0)":"PODER EJECUTIVO","('0152-PE-2013', 1)":"PODER EJECUTIVO"},"('Tramites', 'C\u00c1MARA')":{"('0152-PE-2013', 0)":"Senado","('0152-PE-2013', 1)":null},"('Tramites', 'MOVIMIENTO')":{"('0152-PE-2013', 0)":"CONSIDERACION Y APROBACION","('0152-PE-2013', 1)":null},"('Tramites', 'FECHA')":{"('0152-PE-2013', 0)":"18\/12\/2013","('0152-PE-2013', 1)":null},"('Tramites', 'RESULTADO')":{"('0152-PE-2013', 0)":"APROBADO","('0152-PE-2013', 1)":null},"Palabra Clave":{"('0152-PE-2013', 0)":" ","('0152-PE-2013', 1)":null}}