{"Tipo de Proyecto":{"('0153-OVD-2013', 0)":"PROYECTO DE RESOLUCI\u00d3N"},"Iniciado en: ":{"('0153-OVD-2013', 0)":"Senado"},"Expediente Senado: ":{"('0153-OVD-2013', 0)":"0153-OVD-2013"},"Publicado en: ":{"('0153-OVD-2013', 0)":"Diario de Asuntos Entrados N\u00b0 0"},"Fecha: ":{"('0153-OVD-2013', 0)":"28\/10\/2013"},"T\u00edtulo":{"('0153-OVD-2013', 0)":"DICTAMEN EN LA RESPUESTA REMITIDA POR LA JEFATURA DE GABINETE DE MINISTROS EN RELACION A LA RESOLUCION (RC 127\/12), SOBRE LAS MEDIDAS ADOPTADAS A LOS EFECTOS DE REGULARIZAR LAS SITUACIONES OBSERVADAS POR LA AUDITORIA GRAL DE LA NACION EN SU INFORME SOBRE LOS ESTADOS FINANCIEROS DEL EJERCICIO FINALIZADO EL 31 DE DICIEMBRE DE 2009, CORRESPONDIENTES AL PROGRAMA DE FINANCIAMIENTO A MUNICIPIOS-CONVENIO DE PRESTAMO 3860-AR BIRF SEGUNDO PROYECTO DE DESARROLLO MUNICIPAL (PDM II), Y LOS CONTRATOS DE PRESTAMOS 830\/OC-AR Y 932\/SF AR BID PROGRAMA DE DESARROLLO INSTITUCIONAL E INVERSIONES SOCIALES MUNICIPALES Y DONACION JAPONESA TF 26528."},"('Firmantes', 'FIRMANTE')":{"('0153-OVD-2013', 0)":"PARLAMENTARIA MIXTA REVISORA DE CUENTAS"},"('Firmantes', 'DISTRITO')":{"('0153-OVD-2013', 0)":null},"('Firmantes', 'BLOQUE')":{"('0153-OVD-2013', 0)":null},"('Tramites', 'C\u00c1MARA')":{"('0153-OVD-2013', 0)":"Senado"},"('Tramites', 'MOVIMIENTO')":{"('0153-OVD-2013', 0)":"CONSIDERACION Y APROBACION (AL ARCHIVO)"},"('Tramites', 'FECHA')":{"('0153-OVD-2013', 0)":"10\/12\/2014"},"('Tramites', 'RESULTADO')":{"('0153-OVD-2013', 0)":"APROBADO"},"Sumario":{"('0153-OVD-2013', 0)":"HABIENDO TOMADO CONOCIMIENTO, Y SIN PERJUICIO DE ULTERIORES MEDIDAS QUE PUEDAN ADOPTARSE, SE ACONSEJA SU REMISION AL ARCHIVO, PREVIA REMISION DE COPIA DE ANTECEDENTES AL ORGANO DE CONTROL."},"Palabra Clave":{"('0153-OVD-2013', 0)":" "}}