{"Tipo de Proyecto":{"('0153-D-2013', 0)":"PROYECTO DE RESOLUCI\u00d3N"},"Iniciado en: ":{"('0153-D-2013', 0)":"Diputados"},"Expediente Diputados: ":{"('0153-D-2013', 0)":"0153-D-2013"},"Publicado en: ":{"('0153-D-2013', 0)":"Tr\u00e1mite Parlamentario N\u00b0 2"},"Fecha: ":{"('0153-D-2013', 0)":"04\/03\/2013"},"T\u00edtulo":{"('0153-D-2013', 0)":"EXPRESAR BENEPLACITO POR LA DEFENSA DEL TITULO MUNDIAL MOSCA INTERINO DE LA ASOCIACION MUNDIAL DE BOXEO - AMB -, QUE EFECTUO EL BOXEADOR ARGENTINO JUAN CARLOS REVECO, EL DIA 27 DE FEBRERO DE 2013, EN LA CIUDAD DE KANAGAWA, JAPON."},"('Firmantes', 'FIRMANTE')":{"('0153-D-2013', 0)":"CASELLES, GRACIELA MARIA"},"('Firmantes', 'DISTRITO')":{"('0153-D-2013', 0)":"SAN JUAN"},"('Firmantes', 'BLOQUE')":{"('0153-D-2013', 0)":"FRENTE PARA LA VICTORIA - PARTIDO BLOQUISTA"},"('Giros', 'COMISI\u00d3N')":{"('0153-D-2013', 0)":"DEPORTES"},"('Tramites', 'C\u00c1MARA')":{"('0153-D-2013', 0)":"Diputados"},"('Tramites', 'MOVIMIENTO')":{"('0153-D-2013', 0)":"APROBACION ARTICULO 114 DEL REGLAMENTO DE LA H CAMARA DE DIPUTADOS; COMUNICADO EL 08\/05\/2013"},"('Tramites', 'FECHA')":{"('0153-D-2013', 0)":null},"('Tramites', 'RESULTADO')":{"('0153-D-2013', 0)":"APROBADO"},"Link":{"('0153-D-2013', 0)":"https:\/\/www.hcdn.gob.ar\/proyectos\/textoCompleto.jsp?exp=0153-D-2013&tipo=RESOLUCION"},"Palabra Clave":{"('0153-D-2013', 0)":" "}}