{"Tipo de Proyecto":{"('0155-D-2013', 0)":"PROYECTO DE RESOLUCI\u00d3N","('0155-D-2013', 1)":null,"('0155-D-2013', 2)":null,"('0155-D-2013', 3)":null,"('0155-D-2013', 4)":null,"('0155-D-2013', 5)":null,"('0155-D-2013', 6)":null,"('0155-D-2013', 7)":null,"('0155-D-2013', 8)":null},"Iniciado en: ":{"('0155-D-2013', 0)":"Diputados","('0155-D-2013', 1)":null,"('0155-D-2013', 2)":null,"('0155-D-2013', 3)":null,"('0155-D-2013', 4)":null,"('0155-D-2013', 5)":null,"('0155-D-2013', 6)":null,"('0155-D-2013', 7)":null,"('0155-D-2013', 8)":null},"Expediente Diputados: ":{"('0155-D-2013', 0)":"0155-D-2013","('0155-D-2013', 1)":null,"('0155-D-2013', 2)":null,"('0155-D-2013', 3)":null,"('0155-D-2013', 4)":null,"('0155-D-2013', 5)":null,"('0155-D-2013', 6)":null,"('0155-D-2013', 7)":null,"('0155-D-2013', 8)":null},"Publicado en: ":{"('0155-D-2013', 0)":"Tr\u00e1mite Parlamentario N\u00b0 2","('0155-D-2013', 1)":null,"('0155-D-2013', 2)":null,"('0155-D-2013', 3)":null,"('0155-D-2013', 4)":null,"('0155-D-2013', 5)":null,"('0155-D-2013', 6)":null,"('0155-D-2013', 7)":null,"('0155-D-2013', 8)":null},"Fecha: ":{"('0155-D-2013', 0)":"04\/03\/2013","('0155-D-2013', 1)":null,"('0155-D-2013', 2)":null,"('0155-D-2013', 3)":null,"('0155-D-2013', 4)":null,"('0155-D-2013', 5)":null,"('0155-D-2013', 6)":null,"('0155-D-2013', 7)":null,"('0155-D-2013', 8)":null},"T\u00edtulo":{"('0155-D-2013', 0)":"SOLICITAR AL PODER EJECUTIVO DISPONGA LAS MEDIDAS NECESARIAS PARA PRESERVAR LA VIDA Y LA SEGURIDAD DE LOS POBLADORES INDIGENAS DE LA COMUNIDAD WICHI DEL DEPARTAMENTO RAMON LISTA DE LA PROVINCIA DE FORMOSA.","('0155-D-2013', 1)":null,"('0155-D-2013', 2)":null,"('0155-D-2013', 3)":null,"('0155-D-2013', 4)":null,"('0155-D-2013', 5)":null,"('0155-D-2013', 6)":null,"('0155-D-2013', 7)":null,"('0155-D-2013', 8)":null},"('Firmantes', 'FIRMANTE')":{"('0155-D-2013', 0)":"ZABALZA, JUAN CARLOS","('0155-D-2013', 1)":"RASINO, ELIDA ELENA","('0155-D-2013', 2)":"BARCHETTA, OMAR SEGUNDO","('0155-D-2013', 3)":"DE GENNARO, VICTOR NORBERTO","('0155-D-2013', 4)":"PARADA, LILIANA BEATRIZ","('0155-D-2013', 5)":"PERALTA, FABIAN FRANCISCO","('0155-D-2013', 6)":"DONDA PEREZ, VICTORIA ANALIA","('0155-D-2013', 7)":"CUCCOVILLO, RICARDO OSCAR","('0155-D-2013', 8)":"DUCLOS, OMAR ARNALDO"},"('Firmantes', 'DISTRITO')":{"('0155-D-2013', 0)":"SANTA FE","('0155-D-2013', 1)":"SANTA FE","('0155-D-2013', 2)":"SANTA FE","('0155-D-2013', 3)":"BUENOS AIRES","('0155-D-2013', 4)":"CIUDAD de BUENOS AIRES","('0155-D-2013', 5)":"SANTA FE","('0155-D-2013', 6)":"BUENOS AIRES","('0155-D-2013', 7)":"BUENOS AIRES","('0155-D-2013', 8)":"BUENOS AIRES"},"('Firmantes', 'BLOQUE')":{"('0155-D-2013', 0)":"PARTIDO SOCIALISTA","('0155-D-2013', 1)":"PARTIDO SOCIALISTA","('0155-D-2013', 2)":"PARTIDO SOCIALISTA","('0155-D-2013', 3)":"UNIDAD POPULAR","('0155-D-2013', 4)":"UNIDAD POPULAR","('0155-D-2013', 5)":"GEN","('0155-D-2013', 6)":"LIBRES DEL SUR","('0155-D-2013', 7)":"PARTIDO SOCIALISTA","('0155-D-2013', 8)":"GEN"},"('Giros', 'COMISI\u00d3N')":{"('0155-D-2013', 0)":"DERECHOS HUMANOS Y GARANTIAS","('0155-D-2013', 1)":null,"('0155-D-2013', 2)":null,"('0155-D-2013', 3)":null,"('0155-D-2013', 4)":null,"('0155-D-2013', 5)":null,"('0155-D-2013', 6)":null,"('0155-D-2013', 7)":null,"('0155-D-2013', 8)":null},"('Tramites', 'C\u00c1MARA')":{"('0155-D-2013', 0)":"Diputados","('0155-D-2013', 1)":null,"('0155-D-2013', 2)":null,"('0155-D-2013', 3)":null,"('0155-D-2013', 4)":null,"('0155-D-2013', 5)":null,"('0155-D-2013', 6)":null,"('0155-D-2013', 7)":null,"('0155-D-2013', 8)":null},"('Tramites', 'MOVIMIENTO')":{"('0155-D-2013', 0)":"SOLICITUD DE SER COFIRMANTE DEL DIPUTADO DUCLOS (A SUS ANTECEDENTES)","('0155-D-2013', 1)":null,"('0155-D-2013', 2)":null,"('0155-D-2013', 3)":null,"('0155-D-2013', 4)":null,"('0155-D-2013', 5)":null,"('0155-D-2013', 6)":null,"('0155-D-2013', 7)":null,"('0155-D-2013', 8)":null},"('Tramites', 'FECHA')":{"('0155-D-2013', 0)":null,"('0155-D-2013', 1)":null,"('0155-D-2013', 2)":null,"('0155-D-2013', 3)":null,"('0155-D-2013', 4)":null,"('0155-D-2013', 5)":null,"('0155-D-2013', 6)":null,"('0155-D-2013', 7)":null,"('0155-D-2013', 8)":null},"('Tramites', 'RESULTADO')":{"('0155-D-2013', 0)":null,"('0155-D-2013', 1)":null,"('0155-D-2013', 2)":null,"('0155-D-2013', 3)":null,"('0155-D-2013', 4)":null,"('0155-D-2013', 5)":null,"('0155-D-2013', 6)":null,"('0155-D-2013', 7)":null,"('0155-D-2013', 8)":null},"Link":{"('0155-D-2013', 0)":"https:\/\/www.hcdn.gob.ar\/proyectos\/textoCompleto.jsp?exp=0155-D-2013&tipo=RESOLUCION","('0155-D-2013', 1)":null,"('0155-D-2013', 2)":null,"('0155-D-2013', 3)":null,"('0155-D-2013', 4)":null,"('0155-D-2013', 5)":null,"('0155-D-2013', 6)":null,"('0155-D-2013', 7)":null,"('0155-D-2013', 8)":null},"Palabra Clave":{"('0155-D-2013', 0)":" ","('0155-D-2013', 1)":null,"('0155-D-2013', 2)":null,"('0155-D-2013', 3)":null,"('0155-D-2013', 4)":null,"('0155-D-2013', 5)":null,"('0155-D-2013', 6)":null,"('0155-D-2013', 7)":null,"('0155-D-2013', 8)":null}}