{"Tipo de Proyecto":{"('0160-PE-2013', 0)":"MENSAJE NRO: 1960\/13","('0160-PE-2013', 1)":null},"Iniciado en: ":{"('0160-PE-2013', 0)":"Senado","('0160-PE-2013', 1)":null},"Expediente Senado: ":{"('0160-PE-2013', 0)":"0160-PE-2013","('0160-PE-2013', 1)":null},"Publicado en: ":{"('0160-PE-2013', 0)":"DAE S.A. N\u00b0 9","('0160-PE-2013', 1)":null},"Fecha: ":{"('0160-PE-2013', 0)":"28\/11\/2013","('0160-PE-2013', 1)":null},"T\u00edtulo":{"('0160-PE-2013', 0)":"SOLICITA ACUERDO PARA PROMOVER A FUNCIONARIO DE LA CATEGORIA 'B', MINISTRO PLENIPOTENCIARIO DE PRIMERA CLASE AL ACTUAL FUNCIONARIO DE LA CATEGORIA 'C' MINISTRO PLENIPOTENCIARIO DE SEGUNDA CLASE  AL SE\u00d1OR MARIO JAVIER AGUSTIN OYARZABAL.","('0160-PE-2013', 1)":null},"('Firmantes', 'FIRMANTE')":{"('0160-PE-2013', 0)":"FERNANDEZ DE KIRCHNER, CRISTINA","('0160-PE-2013', 1)":"TIMERMAN, HECTOR MARCOS"},"('Firmantes', 'DISTRITO')":{"('0160-PE-2013', 0)":null,"('0160-PE-2013', 1)":null},"('Firmantes', 'BLOQUE')":{"('0160-PE-2013', 0)":"PODER EJECUTIVO","('0160-PE-2013', 1)":"PODER EJECUTIVO"},"('Tramites', 'C\u00c1MARA')":{"('0160-PE-2013', 0)":"Senado","('0160-PE-2013', 1)":null},"('Tramites', 'MOVIMIENTO')":{"('0160-PE-2013', 0)":"CONSIDERACION Y APROBACION","('0160-PE-2013', 1)":null},"('Tramites', 'FECHA')":{"('0160-PE-2013', 0)":"18\/12\/2013","('0160-PE-2013', 1)":null},"('Tramites', 'RESULTADO')":{"('0160-PE-2013', 0)":"APROBADO","('0160-PE-2013', 1)":null},"Palabra Clave":{"('0160-PE-2013', 0)":" ","('0160-PE-2013', 1)":null}}