{"Tipo de Proyecto":{"('0160-D-2013', 0)":"PROYECTO DE LEY","('0160-D-2013', 1)":null,"('0160-D-2013', 2)":null,"('0160-D-2013', 3)":null,"('0160-D-2013', 4)":null,"('0160-D-2013', 5)":null,"('0160-D-2013', 6)":null,"('0160-D-2013', 7)":null,"('0160-D-2013', 8)":null,"('0160-D-2013', 9)":null},"Iniciado en: ":{"('0160-D-2013', 0)":"Diputados","('0160-D-2013', 1)":null,"('0160-D-2013', 2)":null,"('0160-D-2013', 3)":null,"('0160-D-2013', 4)":null,"('0160-D-2013', 5)":null,"('0160-D-2013', 6)":null,"('0160-D-2013', 7)":null,"('0160-D-2013', 8)":null,"('0160-D-2013', 9)":null},"Expediente Diputados: ":{"('0160-D-2013', 0)":"0160-D-2013","('0160-D-2013', 1)":null,"('0160-D-2013', 2)":null,"('0160-D-2013', 3)":null,"('0160-D-2013', 4)":null,"('0160-D-2013', 5)":null,"('0160-D-2013', 6)":null,"('0160-D-2013', 7)":null,"('0160-D-2013', 8)":null,"('0160-D-2013', 9)":null},"Publicado en: ":{"('0160-D-2013', 0)":"Tr\u00e1mite Parlamentario N\u00b0 2","('0160-D-2013', 1)":null,"('0160-D-2013', 2)":null,"('0160-D-2013', 3)":null,"('0160-D-2013', 4)":null,"('0160-D-2013', 5)":null,"('0160-D-2013', 6)":null,"('0160-D-2013', 7)":null,"('0160-D-2013', 8)":null,"('0160-D-2013', 9)":null},"Fecha: ":{"('0160-D-2013', 0)":"04\/03\/2013","('0160-D-2013', 1)":null,"('0160-D-2013', 2)":null,"('0160-D-2013', 3)":null,"('0160-D-2013', 4)":null,"('0160-D-2013', 5)":null,"('0160-D-2013', 6)":null,"('0160-D-2013', 7)":null,"('0160-D-2013', 8)":null,"('0160-D-2013', 9)":null},"T\u00edtulo":{"('0160-D-2013', 0)":"EMERGENCIA PUBLICA EN MATERIA SOCIAL POR VIOLENCIA DE GENERO: SE LA DECLARA EN TODO EL TERRITORIO NACIONAL. DELEGACION DE FACULTADES AL PODER EJECUTIVO NACIONAL HASTA EL 31 DE DICIEMBRE DE 2015.","('0160-D-2013', 1)":null,"('0160-D-2013', 2)":null,"('0160-D-2013', 3)":null,"('0160-D-2013', 4)":null,"('0160-D-2013', 5)":null,"('0160-D-2013', 6)":null,"('0160-D-2013', 7)":null,"('0160-D-2013', 8)":null,"('0160-D-2013', 9)":null},"('Firmantes', 'FIRMANTE')":{"('0160-D-2013', 0)":"LINARES, MARIA VIRGINIA","('0160-D-2013', 1)":"MILMAN, GERARDO FABIAN","('0160-D-2013', 2)":"DUCLOS, OMAR ARNALDO","('0160-D-2013', 3)":"COMELLI, ALICIA MARCELA","('0160-D-2013', 4)":"BERTOL, PAULA MARIA","('0160-D-2013', 5)":"PERALTA, FABIAN FRANCISCO","('0160-D-2013', 6)":"ITURRASPE, NORA GRACIELA","('0160-D-2013', 7)":"ALVAREZ, ELSA MARIA","('0160-D-2013', 8)":"STOLBIZER, MARGARITA ROSA","('0160-D-2013', 9)":"DONDA PEREZ, VICTORIA ANALIA"},"('Firmantes', 'DISTRITO')":{"('0160-D-2013', 0)":"BUENOS AIRES","('0160-D-2013', 1)":"BUENOS AIRES","('0160-D-2013', 2)":"BUENOS AIRES","('0160-D-2013', 3)":"NEUQUEN","('0160-D-2013', 4)":"CIUDAD de BUENOS AIRES","('0160-D-2013', 5)":"SANTA FE","('0160-D-2013', 6)":"BUENOS AIRES","('0160-D-2013', 7)":"SANTA CRUZ","('0160-D-2013', 8)":"BUENOS AIRES","('0160-D-2013', 9)":"BUENOS AIRES"},"('Firmantes', 'BLOQUE')":{"('0160-D-2013', 0)":"GEN","('0160-D-2013', 1)":"GEN","('0160-D-2013', 2)":"GEN","('0160-D-2013', 3)":"MOV POP NEUQUINO","('0160-D-2013', 4)":"PRO","('0160-D-2013', 5)":"GEN","('0160-D-2013', 6)":"UNIDAD POPULAR","('0160-D-2013', 7)":"UCR","('0160-D-2013', 8)":"GEN","('0160-D-2013', 9)":"LIBRES DEL SUR"},"('Giros', 'COMISI\u00d3N')":{"('0160-D-2013', 0)":"LEGISLACION PENAL","('0160-D-2013', 1)":"FAMILIA, MUJER, NI\u00d1EZ Y ADOLESCENCIA","('0160-D-2013', 2)":"PRESUPUESTO Y HACIENDA","('0160-D-2013', 3)":null,"('0160-D-2013', 4)":null,"('0160-D-2013', 5)":null,"('0160-D-2013', 6)":null,"('0160-D-2013', 7)":null,"('0160-D-2013', 8)":null,"('0160-D-2013', 9)":null},"Sumario":{"('0160-D-2013', 0)":"MISIONES; FUNCIONES; ASIGNACION MENSUAL; SERVICIOS SANITARIOS.","('0160-D-2013', 1)":null,"('0160-D-2013', 2)":null,"('0160-D-2013', 3)":null,"('0160-D-2013', 4)":null,"('0160-D-2013', 5)":null,"('0160-D-2013', 6)":null,"('0160-D-2013', 7)":null,"('0160-D-2013', 8)":null,"('0160-D-2013', 9)":null},"Palabra Clave":{"('0160-D-2013', 0)":" ","('0160-D-2013', 1)":null,"('0160-D-2013', 2)":null,"('0160-D-2013', 3)":null,"('0160-D-2013', 4)":null,"('0160-D-2013', 5)":null,"('0160-D-2013', 6)":null,"('0160-D-2013', 7)":null,"('0160-D-2013', 8)":null,"('0160-D-2013', 9)":null}}