{"Tipo de Proyecto":{"('0161-PE-2013', 0)":"MENSAJE NRO: 1961\/13","('0161-PE-2013', 1)":null},"Iniciado en: ":{"('0161-PE-2013', 0)":"Senado","('0161-PE-2013', 1)":null},"Expediente Senado: ":{"('0161-PE-2013', 0)":"0161-PE-2013","('0161-PE-2013', 1)":null},"Publicado en: ":{"('0161-PE-2013', 0)":"DAE S.A. N\u00b0 9","('0161-PE-2013', 1)":null},"Fecha: ":{"('0161-PE-2013', 0)":"28\/11\/2013","('0161-PE-2013', 1)":null},"T\u00edtulo":{"('0161-PE-2013', 0)":"SOLICITA ACUERDO PARA PROMOVER A FUNCIONARIO DE LA CATEGORIA 'B', MINISTRO PLENIPOTENCIARIO DE PRIMERA CLASE AL ACTUAL FUNCIONARIO DE LA CATEGORIA 'C' MINISTRO PLENIPOTENCIARIO DE SEGUNDA CLASE AL SE\u00d1OR MATEO ESTREME.","('0161-PE-2013', 1)":null},"('Firmantes', 'FIRMANTE')":{"('0161-PE-2013', 0)":"FERNANDEZ DE KIRCHNER, CRISTINA","('0161-PE-2013', 1)":"TIMERMAN, HECTOR MARCOS"},"('Firmantes', 'DISTRITO')":{"('0161-PE-2013', 0)":null,"('0161-PE-2013', 1)":null},"('Firmantes', 'BLOQUE')":{"('0161-PE-2013', 0)":"PODER EJECUTIVO","('0161-PE-2013', 1)":"PODER EJECUTIVO"},"('Tramites', 'C\u00c1MARA')":{"('0161-PE-2013', 0)":"Senado","('0161-PE-2013', 1)":null},"('Tramites', 'MOVIMIENTO')":{"('0161-PE-2013', 0)":"CONSIDERACION Y APROBACION","('0161-PE-2013', 1)":null},"('Tramites', 'FECHA')":{"('0161-PE-2013', 0)":"18\/12\/2013","('0161-PE-2013', 1)":null},"('Tramites', 'RESULTADO')":{"('0161-PE-2013', 0)":"APROBADO","('0161-PE-2013', 1)":null},"Palabra Clave":{"('0161-PE-2013', 0)":" ","('0161-PE-2013', 1)":null}}