{"Tipo de Proyecto":{"('0164-D-2013', 0)":"PROYECTO DE RESOLUCI\u00d3N"},"Iniciado en: ":{"('0164-D-2013', 0)":"Diputados"},"Expediente Diputados: ":{"('0164-D-2013', 0)":"0164-D-2013"},"Publicado en: ":{"('0164-D-2013', 0)":"Tr\u00e1mite Parlamentario N\u00b0 2"},"Fecha: ":{"('0164-D-2013', 0)":"04\/03\/2013"},"T\u00edtulo":{"('0164-D-2013', 0)":"EXPRESAR BENEPLACITO POR EL CINCUENTENARIO DE LA \"FUNDACION BARILOCHE\", A CELEBRARSE EL DIA 28 DE MARZO DEL 2013 EN SAN CARLOS DE BARILOCHE, PROVINCIA DE RIO NEGRO."},"('Firmantes', 'FIRMANTE')":{"('0164-D-2013', 0)":"GARCIA LARRABURU, SILVINA MARCELA"},"('Firmantes', 'DISTRITO')":{"('0164-D-2013', 0)":"RIO NEGRO"},"('Firmantes', 'BLOQUE')":{"('0164-D-2013', 0)":"FRENTE PARA LA VICTORIA - PJ"},"('Giros', 'COMISI\u00d3N')":{"('0164-D-2013', 0)":"ASUNTOS COOPERATIVOS, MUTUALES Y DE ORG.NO GUBERNAMENTALES"},"Link":{"('0164-D-2013', 0)":"https:\/\/www.hcdn.gob.ar\/proyectos\/textoCompleto.jsp?exp=0164-D-2013&tipo=RESOLUCION"},"Palabra Clave":{"('0164-D-2013', 0)":" "}}