{"Tipo de Proyecto":{"('0165-PE-2013', 0)":"MENSAJE NRO: 1954\/13","('0165-PE-2013', 1)":null},"Iniciado en: ":{"('0165-PE-2013', 0)":"Senado","('0165-PE-2013', 1)":null},"Expediente Senado: ":{"('0165-PE-2013', 0)":"0165-PE-2013","('0165-PE-2013', 1)":null},"Publicado en: ":{"('0165-PE-2013', 0)":"DAE S.A. N\u00b0 9","('0165-PE-2013', 1)":null},"Fecha: ":{"('0165-PE-2013', 0)":"28\/11\/2013","('0165-PE-2013', 1)":null},"T\u00edtulo":{"('0165-PE-2013', 0)":"SOLICITA ACUERDO PARA PROMOVER A FUNCIONARIO DE LA CATEGORIA 'B', MINISTRO PLENIPOTENCIARIO DE PRIMERA CLASE AL ACTUAL FUNCIONARIO DE LA CATEGORIA 'C' MINISTRO PLENIPOTENCIARIO DE SEGUNDA CLASE AL SE\u00d1OR ALBERTO ANTONIO ALVAREZ TUFILLO.","('0165-PE-2013', 1)":null},"('Firmantes', 'FIRMANTE')":{"('0165-PE-2013', 0)":"FERNANDEZ DE KIRCHNER, CRISTINA","('0165-PE-2013', 1)":"TIMERMAN, HECTOR MARCOS"},"('Firmantes', 'DISTRITO')":{"('0165-PE-2013', 0)":null,"('0165-PE-2013', 1)":null},"('Firmantes', 'BLOQUE')":{"('0165-PE-2013', 0)":"PODER EJECUTIVO","('0165-PE-2013', 1)":"PODER EJECUTIVO"},"('Tramites', 'C\u00c1MARA')":{"('0165-PE-2013', 0)":"Senado","('0165-PE-2013', 1)":null},"('Tramites', 'MOVIMIENTO')":{"('0165-PE-2013', 0)":"CONSIDERACION Y APROBACION","('0165-PE-2013', 1)":null},"('Tramites', 'FECHA')":{"('0165-PE-2013', 0)":"18\/12\/2013","('0165-PE-2013', 1)":null},"('Tramites', 'RESULTADO')":{"('0165-PE-2013', 0)":"APROBADO","('0165-PE-2013', 1)":null},"Palabra Clave":{"('0165-PE-2013', 0)":" ","('0165-PE-2013', 1)":null}}