{"Tipo de Proyecto":{"('0166-D-2013', 0)":"PROYECTO DE RESOLUCI\u00d3N"},"Iniciado en: ":{"('0166-D-2013', 0)":"Diputados"},"Expediente Diputados: ":{"('0166-D-2013', 0)":"0166-D-2013"},"Publicado en: ":{"('0166-D-2013', 0)":"Tr\u00e1mite Parlamentario N\u00b0 2"},"Fecha: ":{"('0166-D-2013', 0)":"04\/03\/2013"},"T\u00edtulo":{"('0166-D-2013', 0)":"EXPRESAR BENEPLACITO POR LA REALIZACION DEL PROGRAMA TELEVISIVO ARGENTINO - LA INUTILIDAD DEL CONOCIMIENTO -, QUE SE RODARA EN LA PROVINCIA DE RIO NEGRO."},"('Firmantes', 'FIRMANTE')":{"('0166-D-2013', 0)":"GARCIA LARRABURU, SILVINA MARCELA"},"('Firmantes', 'DISTRITO')":{"('0166-D-2013', 0)":"RIO NEGRO"},"('Firmantes', 'BLOQUE')":{"('0166-D-2013', 0)":"FRENTE PARA LA VICTORIA - PJ"},"('Giros', 'COMISI\u00d3N')":{"('0166-D-2013', 0)":"COMUNICACIONES E INFORMATICA"},"Link":{"('0166-D-2013', 0)":"https:\/\/www.hcdn.gob.ar\/proyectos\/textoCompleto.jsp?exp=0166-D-2013&tipo=RESOLUCION"},"Palabra Clave":{"('0166-D-2013', 0)":" "}}