{"Tipo de Proyecto":{"('0167-PE-2013', 0)":"MENSAJE NRO: 1967\/13","('0167-PE-2013', 1)":null},"Iniciado en: ":{"('0167-PE-2013', 0)":"Senado","('0167-PE-2013', 1)":null},"Expediente Senado: ":{"('0167-PE-2013', 0)":"0167-PE-2013","('0167-PE-2013', 1)":null},"Publicado en: ":{"('0167-PE-2013', 0)":"DAE S.A. N\u00b0 9","('0167-PE-2013', 1)":null},"Fecha: ":{"('0167-PE-2013', 0)":"29\/11\/2013","('0167-PE-2013', 1)":null},"T\u00edtulo":{"('0167-PE-2013', 0)":"SOLICITAR ACUERDO PARA PROMOVER A FUNCIONARIO DE LA CATEGORIA \"C\" MINISTRO PLENIPOTENCIARIO DE SEGUNDA CLASE A SANTIAGO ADOLFO VILLALBA DIAZ. ","('0167-PE-2013', 1)":null},"('Firmantes', 'FIRMANTE')":{"('0167-PE-2013', 0)":"FERNANDEZ DE KIRCHNER, CRISTINA","('0167-PE-2013', 1)":"TIMERMAN, HECTOR MARCOS"},"('Firmantes', 'DISTRITO')":{"('0167-PE-2013', 0)":null,"('0167-PE-2013', 1)":null},"('Firmantes', 'BLOQUE')":{"('0167-PE-2013', 0)":"PODER EJECUTIVO","('0167-PE-2013', 1)":"PODER EJECUTIVO"},"('Tramites', 'C\u00c1MARA')":{"('0167-PE-2013', 0)":"Senado","('0167-PE-2013', 1)":null},"('Tramites', 'MOVIMIENTO')":{"('0167-PE-2013', 0)":"CONSIDERACION Y APROBACION","('0167-PE-2013', 1)":null},"('Tramites', 'FECHA')":{"('0167-PE-2013', 0)":"18\/12\/2013","('0167-PE-2013', 1)":null},"('Tramites', 'RESULTADO')":{"('0167-PE-2013', 0)":"APROBADO","('0167-PE-2013', 1)":null},"Palabra Clave":{"('0167-PE-2013', 0)":" ","('0167-PE-2013', 1)":null}}