{"Tipo de Proyecto":{"('0169-S-2013', 0)":"PROYECTO DE DECLARACI\u00d3N"},"Iniciado en: ":{"('0169-S-2013', 0)":"Senado"},"Expediente Senado: ":{"('0169-S-2013', 0)":"0169-S-2013"},"Publicado en: ":{"('0169-S-2013', 0)":"Diario de Asuntos Entrados N\u00b0 8"},"Fecha: ":{"('0169-S-2013', 0)":"07\/03\/2013"},"T\u00edtulo":{"('0169-S-2013', 0)":"EXPRESANDO RECONOCIMIENTO A JORGE ANTONIO BILIC , ANTIGUO POBLADOR DE LA PROVINCIA  DE TIERRA DEL FUEGO ANTARTIDA E ISLAS DEL ATLANTICO SUR."},"('Firmantes', 'FIRMANTE')":{"('0169-S-2013', 0)":"COLAZO, MARIO JORGE"},"('Firmantes', 'DISTRITO')":{"('0169-S-2013', 0)":"TIERRA DEL FUEGO"},"('Firmantes', 'BLOQUE')":{"('0169-S-2013', 0)":"FRENTE PARA LA VICTORIA - PJ"},"('Tramites', 'C\u00c1MARA')":{"('0169-S-2013', 0)":"Senado"},"('Tramites', 'MOVIMIENTO')":{"('0169-S-2013', 0)":"VER TRAMITE EN EXPEDIENTE 6388-S-2012"},"('Tramites', 'FECHA')":{"('0169-S-2013', 0)":"04\/09\/2013"},"('Tramites', 'RESULTADO')":{"('0169-S-2013', 0)":null},"Link":{"('0169-S-2013', 0)":"http:\/\/www.senado.gov.ar\/parlamentario\/comisiones\/verExp\/169.13\/S\/PD"},"Palabra Clave":{"('0169-S-2013', 0)":" "}}