{"Tipo de Proyecto":{"('0169-PE-2013', 0)":"MENSAJE NRO: 1969\/13","('0169-PE-2013', 1)":null},"Iniciado en: ":{"('0169-PE-2013', 0)":"Senado","('0169-PE-2013', 1)":null},"Expediente Senado: ":{"('0169-PE-2013', 0)":"0169-PE-2013","('0169-PE-2013', 1)":null},"Publicado en: ":{"('0169-PE-2013', 0)":"DAE S.A. N\u00b0 9","('0169-PE-2013', 1)":null},"Fecha: ":{"('0169-PE-2013', 0)":"29\/11\/2013","('0169-PE-2013', 1)":null},"T\u00edtulo":{"('0169-PE-2013', 0)":"SOLICITAR ACUERDO PARA PROMOVER A FUNCIONARIO DE LA CATEGORIA \"C\" MINISTRO PLENIPOTENCIARIO DE SEGUNDA CLASE AL SE\u00d1OR NICOLAS FRANCISCO VIDAL.","('0169-PE-2013', 1)":null},"('Firmantes', 'FIRMANTE')":{"('0169-PE-2013', 0)":"FERNANDEZ DE KIRCHNER, CRISTINA","('0169-PE-2013', 1)":"TIMERMAN, HECTOR MARCOS"},"('Firmantes', 'DISTRITO')":{"('0169-PE-2013', 0)":null,"('0169-PE-2013', 1)":null},"('Firmantes', 'BLOQUE')":{"('0169-PE-2013', 0)":"PODER EJECUTIVO","('0169-PE-2013', 1)":"PODER EJECUTIVO"},"('Tramites', 'C\u00c1MARA')":{"('0169-PE-2013', 0)":"Senado","('0169-PE-2013', 1)":null},"('Tramites', 'MOVIMIENTO')":{"('0169-PE-2013', 0)":"CONSIDERACION Y APROBACION","('0169-PE-2013', 1)":null},"('Tramites', 'FECHA')":{"('0169-PE-2013', 0)":"18\/12\/2013","('0169-PE-2013', 1)":null},"('Tramites', 'RESULTADO')":{"('0169-PE-2013', 0)":"APROBADO","('0169-PE-2013', 1)":null},"Palabra Clave":{"('0169-PE-2013', 0)":" ","('0169-PE-2013', 1)":null}}