{"Tipo de Proyecto":{"('0169-OV-2013', 0)":"PROYECTO DE RESOLUCI\u00d3N"},"Iniciado en: ":{"('0169-OV-2013', 0)":"Senado"},"Expediente Senado: ":{"('0169-OV-2013', 0)":"0169-OV-2013"},"Publicado en: ":{"('0169-OV-2013', 0)":"Diario de Asuntos Entrados N\u00b0 0"},"Fecha: ":{"('0169-OV-2013', 0)":"28\/10\/2013"},"T\u00edtulo":{"('0169-OV-2013', 0)":"DICTAMEN EN LA RESOLUCION REMITIDA POR LA AUDITORIA GENERAL DE LA NACION (101\/13); RESPECTO DEL INFORME DE AUDITORIA DE GESTION DEL INSTITUTO NACIONAL CENTRAL UNICO COORDINADOR DE ABLACION E IMPLANTE, PERIODO 01 DE ENERO DE 2010 AL 31 DE NOVIEMBRE DE 2011."},"('Firmantes', 'FIRMANTE')":{"('0169-OV-2013', 0)":"PARLAMENTARIA MIXTA REVISORA DE CUENTAS"},"('Firmantes', 'DISTRITO')":{"('0169-OV-2013', 0)":null},"('Firmantes', 'BLOQUE')":{"('0169-OV-2013', 0)":null},"('Tramites', 'C\u00c1MARA')":{"('0169-OV-2013', 0)":"Senado"},"('Tramites', 'MOVIMIENTO')":{"('0169-OV-2013', 0)":"CONSIDERACION Y APROBACION (AL ARCHIVO)"},"('Tramites', 'FECHA')":{"('0169-OV-2013', 0)":"10\/12\/2014"},"('Tramites', 'RESULTADO')":{"('0169-OV-2013', 0)":"APROBADO"},"Sumario":{"('0169-OV-2013', 0)":"HABIENDO TOMADO CONOCIMIENTO, Y SIN PERJUICIO DE ULTERIORES MEDIDAS QUE PUEDAN ADOPTARSE, SE ACONSEJA SU REMISION AL ARCHIVO, PREVIA REMISION DE COPIA DE ANTECEDENTES AL ORGANO DE CONTROL."},"Palabra Clave":{"('0169-OV-2013', 0)":" "}}