{"Tipo de Proyecto":{"('0169-D-2013', 0)":"PROYECTO DE RESOLUCI\u00d3N"},"Iniciado en: ":{"('0169-D-2013', 0)":"Diputados"},"Expediente Diputados: ":{"('0169-D-2013', 0)":"0169-D-2013"},"Publicado en: ":{"('0169-D-2013', 0)":"Tr\u00e1mite Parlamentario N\u00b0 2"},"Fecha: ":{"('0169-D-2013', 0)":"04\/03\/2013"},"T\u00edtulo":{"('0169-D-2013', 0)":"EXPRESAR BENEPLACITO POR EL APORTE QUE REALIZA EL SITIO WEB TIEMPOPATAGONICO.COM AL BRINDAR INFORMACION ACTUALIZADA EN TIEMPO REAL SOBRE LOS EVENTOS CLIMATICOS RELEVANTES PARA TODOS LOS CIUDADANOS Y TURISTAS DE LA REGION PATAGONICA."},"('Firmantes', 'FIRMANTE')":{"('0169-D-2013', 0)":"GARCIA LARRABURU, SILVINA MARCELA"},"('Firmantes', 'DISTRITO')":{"('0169-D-2013', 0)":"RIO NEGRO"},"('Firmantes', 'BLOQUE')":{"('0169-D-2013', 0)":"FRENTE PARA LA VICTORIA - PJ"},"('Giros', 'COMISI\u00d3N')":{"('0169-D-2013', 0)":"COMUNICACIONES E INFORMATICA"},"('Tramites', 'C\u00c1MARA')":{"('0169-D-2013', 0)":"Diputados"},"('Tramites', 'MOVIMIENTO')":{"('0169-D-2013', 0)":"APROBACION ARTICULO 114 DEL REGLAMENTO DE LA H CAMARA DE DIPUTADOS; COMUNICADO EL 28\/06\/2013"},"('Tramites', 'FECHA')":{"('0169-D-2013', 0)":null},"('Tramites', 'RESULTADO')":{"('0169-D-2013', 0)":"APROBADO"},"Link":{"('0169-D-2013', 0)":"https:\/\/www.hcdn.gob.ar\/proyectos\/textoCompleto.jsp?exp=0169-D-2013&tipo=RESOLUCION"},"Palabra Clave":{"('0169-D-2013', 0)":" "}}