{"Tipo de Proyecto":{"('0170-D-2013', 0)":"PROYECTO DE LEY","('0170-D-2013', 1)":null,"('0170-D-2013', 2)":null},"Iniciado en: ":{"('0170-D-2013', 0)":"Diputados","('0170-D-2013', 1)":null,"('0170-D-2013', 2)":null},"Expediente Diputados: ":{"('0170-D-2013', 0)":"0170-D-2013","('0170-D-2013', 1)":null,"('0170-D-2013', 2)":null},"Publicado en: ":{"('0170-D-2013', 0)":"Tr\u00e1mite Parlamentario N\u00b0 2","('0170-D-2013', 1)":null,"('0170-D-2013', 2)":null},"Fecha: ":{"('0170-D-2013', 0)":"04\/03\/2013","('0170-D-2013', 1)":null,"('0170-D-2013', 2)":null},"T\u00edtulo":{"('0170-D-2013', 0)":"CONSEJO DE LA MAGISTRATURA (LEY 24937): MODIFICACIONES, SOBRE COMPOSICION E INTEGRACION (REPRODUCCION DEL EXPEDIENTE 0001-D-11).","('0170-D-2013', 1)":null,"('0170-D-2013', 2)":null},"('Firmantes', 'FIRMANTE')":{"('0170-D-2013', 0)":"BERTOL, PAULA MARIA","('0170-D-2013', 1)":null,"('0170-D-2013', 2)":null},"('Firmantes', 'DISTRITO')":{"('0170-D-2013', 0)":"CIUDAD de BUENOS AIRES","('0170-D-2013', 1)":null,"('0170-D-2013', 2)":null},"('Firmantes', 'BLOQUE')":{"('0170-D-2013', 0)":"PRO","('0170-D-2013', 1)":null,"('0170-D-2013', 2)":null},"('Giros', 'COMISI\u00d3N')":{"('0170-D-2013', 0)":"ASUNTOS CONSTITUCIONALES","('0170-D-2013', 1)":"JUSTICIA","('0170-D-2013', 2)":"PETICIONES, PODERES Y REGLAMENTO"},"Sumario":{"('0170-D-2013', 0)":"MODIFICACION DE LOS ARTICULOS 2, 3, 5, 7 INCISO 2 Y 4 Y ARTICULO 10; INCORPORACION DE LOS INCISOS 15, 16 Y 17 AL ARTICULO 7.","('0170-D-2013', 1)":null,"('0170-D-2013', 2)":null},"Palabra Clave":{"('0170-D-2013', 0)":" ","('0170-D-2013', 1)":null,"('0170-D-2013', 2)":null}}