{"Tipo de Proyecto":{"('0170-S-2013', 0)":"PROYECTO DE DECLARACI\u00d3N"},"Iniciado en: ":{"('0170-S-2013', 0)":"Senado"},"Expediente Senado: ":{"('0170-S-2013', 0)":"0170-S-2013"},"Publicado en: ":{"('0170-S-2013', 0)":"Diario de Asuntos Entrados N\u00b0 8"},"Fecha: ":{"('0170-S-2013', 0)":"07\/03\/2013"},"T\u00edtulo":{"('0170-S-2013', 0)":"EXPRESANDO RECONOCIMIENTO A EMMA GALLARDO , ANTIGUO POBLADOR DE LA PROVINCIA  DE TIERRA DEL FUEGO ANTARTIDA E ISLAS DEL ATLANTICO SUR."},"('Firmantes', 'FIRMANTE')":{"('0170-S-2013', 0)":"COLAZO, MARIO JORGE"},"('Firmantes', 'DISTRITO')":{"('0170-S-2013', 0)":"TIERRA DEL FUEGO"},"('Firmantes', 'BLOQUE')":{"('0170-S-2013', 0)":"FRENTE PARA LA VICTORIA - PJ"},"('Tramites', 'C\u00c1MARA')":{"('0170-S-2013', 0)":"Senado"},"('Tramites', 'MOVIMIENTO')":{"('0170-S-2013', 0)":"VER TRAMITE EN EXPEDIENTE 6388-S-2012"},"('Tramites', 'FECHA')":{"('0170-S-2013', 0)":"04\/09\/2013"},"('Tramites', 'RESULTADO')":{"('0170-S-2013', 0)":null},"Link":{"('0170-S-2013', 0)":"http:\/\/www.senado.gov.ar\/parlamentario\/comisiones\/verExp\/170.13\/S\/PD"},"Palabra Clave":{"('0170-S-2013', 0)":" "}}