{"Tipo de Proyecto":{"('0171-D-2013', 0)":"PROYECTO DE LEY","('0171-D-2013', 1)":null,"('0171-D-2013', 2)":null},"Iniciado en: ":{"('0171-D-2013', 0)":"Diputados","('0171-D-2013', 1)":null,"('0171-D-2013', 2)":null},"Expediente Diputados: ":{"('0171-D-2013', 0)":"0171-D-2013","('0171-D-2013', 1)":null,"('0171-D-2013', 2)":null},"Publicado en: ":{"('0171-D-2013', 0)":"Tr\u00e1mite Parlamentario N\u00b0 2","('0171-D-2013', 1)":null,"('0171-D-2013', 2)":null},"Fecha: ":{"('0171-D-2013', 0)":"04\/03\/2013","('0171-D-2013', 1)":null,"('0171-D-2013', 2)":null},"T\u00edtulo":{"('0171-D-2013', 0)":"MEDIACION PENAL: MODIFICACIONES DEL CODIGO PENAL Y DEL CODIGO PROCESAL PENAL (LEY 23984). (REPRODUCCION DEL EXPEDIENTE 0005-D-11).","('0171-D-2013', 1)":null,"('0171-D-2013', 2)":null},"('Firmantes', 'FIRMANTE')":{"('0171-D-2013', 0)":"BERTOL, PAULA MARIA","('0171-D-2013', 1)":null,"('0171-D-2013', 2)":null},"('Firmantes', 'DISTRITO')":{"('0171-D-2013', 0)":"CIUDAD de BUENOS AIRES","('0171-D-2013', 1)":null,"('0171-D-2013', 2)":null},"('Firmantes', 'BLOQUE')":{"('0171-D-2013', 0)":"PRO","('0171-D-2013', 1)":null,"('0171-D-2013', 2)":null},"('Giros', 'COMISI\u00d3N')":{"('0171-D-2013', 0)":"LEGISLACION PENAL","('0171-D-2013', 1)":"JUSTICIA","('0171-D-2013', 2)":"PRESUPUESTO Y HACIENDA"},"Sumario":{"('0171-D-2013', 0)":"INCORPORACION DE INCISO 5) AL ARTICULO 59, DE INCISO 3 AL ARTICULO 71, INCORPORACION DE ARTICULO 73 BIS AL CODIGO PENAL; SUSTITUCION DEL ARTICULO 5 DEL CODIGO PROCESAL PENAL.","('0171-D-2013', 1)":null,"('0171-D-2013', 2)":null},"Palabra Clave":{"('0171-D-2013', 0)":" ","('0171-D-2013', 1)":null,"('0171-D-2013', 2)":null}}