{"Tipo de Proyecto":{"('0001-D-2019', 0)":"PROYECTO DE RESOLUCI\u00d3N"},"Iniciado en: ":{"('0001-D-2019', 0)":"Diputados"},"Expediente Diputados: ":{"('0001-D-2019', 0)":"0001-D-2019"},"Publicado en: ":{"('0001-D-2019', 0)":"Tr\u00e1mite Parlamentario N\u00b0 1"},"Fecha: ":{"('0001-D-2019', 0)":"06\/03\/2019"},"T\u00edtulo":{"('0001-D-2019', 0)":"EXPRESAR BENEPLACITO POR LA REALIZACION DE LA 48\u00b0 EDICION DEL FESTIVAL NACIONAL DE JINETEADA Y FOLCLORE EN DIAMANTE, PROVINCIA DE ENTRE RIOS. DEL 3 AL 8 DE ENERO DE 2019."},"('Firmantes', 'FIRMANTE')":{"('0001-D-2019', 0)":"GAYOL, YANINA CELESTE"},"('Firmantes', 'DISTRITO')":{"('0001-D-2019', 0)":"ENTRE RIOS"},"('Firmantes', 'BLOQUE')":{"('0001-D-2019', 0)":"PRO"},"('Giros', 'COMISI\u00d3N')":{"('0001-D-2019', 0)":"CULTURA"},"('Tramites', 'C\u00c1MARA')":{"('0001-D-2019', 0)":"Diputados"},"('Tramites', 'MOVIMIENTO')":{"('0001-D-2019', 0)":"APROBACION ARTICULO 114 DEL REGLAMENTO DE LA H CAMARA DE DIPUTADOS; COMUNICADO EL 07\/05\/2019"},"('Tramites', 'FECHA')":{"('0001-D-2019', 0)":null},"('Tramites', 'RESULTADO')":{"('0001-D-2019', 0)":"APROBADO"},"Link":{"('0001-D-2019', 0)":"https:\/\/www.hcdn.gob.ar\/proyectos\/textoCompleto.jsp?exp=0001-D-2019&tipo=RESOLUCION"},"Palabra Clave":{"('0001-D-2019', 0)":" "}}