{"Tipo de Proyecto":{"('0003-S-2019', 0)":"PROYECTO DE LEY"},"Iniciado en: ":{"('0003-S-2019', 0)":"Senado"},"Expediente Senado: ":{"('0003-S-2019', 0)":"0003-S-2019"},"Publicado en: ":{"('0003-S-2019', 0)":"Diario de Asuntos Entrados N\u00b0 1"},"Fecha: ":{"('0003-S-2019', 0)":"06\/03\/2019"},"T\u00edtulo":{"('0003-S-2019', 0)":"RECONOCER A LA DISCAPACIDAD MULTIPLE Y LA SORDOCEGUERA COMO ENTIDADES UNICAS EN LAS DEFINICIONES DE DISCAPACIDAD Y EN LA DESCRIPCION DE SUS DISTINTAS CATEGORIAS."},"('Firmantes', 'FIRMANTE')":{"('0003-S-2019', 0)":"KUNATH, SIGRID ELIZABETH"},"('Firmantes', 'DISTRITO')":{"('0003-S-2019', 0)":"ENTRE RIOS"},"('Firmantes', 'BLOQUE')":{"('0003-S-2019', 0)":"JUSTICIALISTA"},"Sumario":{"('0003-S-2019', 0)":"OBJETO; DEFINICIONES; MODIFICACION DEL ARTICULO 2 DE LA LEY 22431, SISTEMA DE PROTECCION INTEGRAL DE LOS DISCAPACITADOS; PROGRAMAS DE INVESTIGACION Y DE FORMACION DE PROFESIONALES ESPECIALIZADOS."},"Palabra Clave":{"('0003-S-2019', 0)":" "}}