{"Tipo de Proyecto":{"('0003-PE-2019', 0)":"MENSAJE NRO: 0174\/19 Y PROYECTO DE LEY","('0003-PE-2019', 1)":null,"('0003-PE-2019', 2)":null},"Iniciado en: ":{"('0003-PE-2019', 0)":"Diputados","('0003-PE-2019', 1)":null,"('0003-PE-2019', 2)":null},"Expediente Diputados: ":{"('0003-PE-2019', 0)":"0003-PE-2019","('0003-PE-2019', 1)":null,"('0003-PE-2019', 2)":null},"Publicado en: ":{"('0003-PE-2019', 0)":"Tr\u00e1mite Parlamentario N\u00b0 133","('0003-PE-2019', 1)":null,"('0003-PE-2019', 2)":null},"Fecha: ":{"('0003-PE-2019', 0)":"19\/09\/2019","('0003-PE-2019', 1)":null,"('0003-PE-2019', 2)":null},"T\u00edtulo":{"('0003-PE-2019', 0)":"REGULACION DE LOS PROCEDIMIENTOS TENDIENTES A RESTABLECER LOS NIVELES DE SOSTENIBILIDAD DE LA DEUDA PUBLICA NACIONAL. ","('0003-PE-2019', 1)":null,"('0003-PE-2019', 2)":null},"('Firmantes', 'FIRMANTE')":{"('0003-PE-2019', 0)":"MACRI, MAURICIO","('0003-PE-2019', 1)":"PE\u00d1A, MARCOS","('0003-PE-2019', 2)":"LACUNZA, JORGE ROBERTO HERNAN"},"('Firmantes', 'DISTRITO')":{"('0003-PE-2019', 0)":null,"('0003-PE-2019', 1)":null,"('0003-PE-2019', 2)":null},"('Firmantes', 'BLOQUE')":{"('0003-PE-2019', 0)":"PODER EJECUTIVO","('0003-PE-2019', 1)":"PODER EJECUTIVO","('0003-PE-2019', 2)":"PODER EJECUTIVO"},"('Giros', 'COMISI\u00d3N')":{"('0003-PE-2019', 0)":"PRESUPUESTO Y HACIENDA","('0003-PE-2019', 1)":"FINANZAS","('0003-PE-2019', 2)":null},"Sumario":{"('0003-PE-2019', 0)":"SUSTITUCION DEL PRIMER PARRAFO DEL ARTICULO 55 DE LA LEY 11672 (LEY COMPLEMENTARIA DEL PRESUPUESTO)","('0003-PE-2019', 1)":null,"('0003-PE-2019', 2)":null},"Palabra Clave":{"('0003-PE-2019', 0)":" ","('0003-PE-2019', 1)":null,"('0003-PE-2019', 2)":null}}