{"Tipo de Proyecto":{"('0003-JGM-2019', 0)":"MENSAJE NRO \/ A\u00d1O"},"Iniciado en: ":{"('0003-JGM-2019', 0)":"Diputados"},"Expediente Diputados: ":{"('0003-JGM-2019', 0)":"0003-JGM-2019"},"Publicado en: ":{"('0003-JGM-2019', 0)":"Tr\u00e1mite Parlamentario N\u00b0 21"},"Fecha: ":{"('0003-JGM-2019', 0)":"26\/03\/2019"},"T\u00edtulo":{"('0003-JGM-2019', 0)":"REMITE COPIA DE LA DECISION ADMINISTRATIVA 194\/2019 DE FECHA 19 DE MARZO DE 2019, POR LA QUE SE MODIFICA EL PRESUPUESTO DE LA ADMINISTRACION NACIONAL PARA EL EJERCICIO 2019."},"('Firmantes', 'FIRMANTE')":{"('0003-JGM-2019', 0)":"PE\u00d1A, MARCOS"},"('Firmantes', 'DISTRITO')":{"('0003-JGM-2019', 0)":null},"('Firmantes', 'BLOQUE')":{"('0003-JGM-2019', 0)":"PODER EJECUTIVO"},"('Giros', 'COMISI\u00d3N')":{"('0003-JGM-2019', 0)":"PRESUPUESTO Y HACIENDA"},"Palabra Clave":{"('0003-JGM-2019', 0)":" "}}