{"Tipo de Proyecto":{"('0004-D-2019', 0)":"PROYECTO DE RESOLUCI\u00d3N"},"Iniciado en: ":{"('0004-D-2019', 0)":"Diputados"},"Expediente Diputados: ":{"('0004-D-2019', 0)":"0004-D-2019"},"Publicado en: ":{"('0004-D-2019', 0)":"Tr\u00e1mite Parlamentario N\u00b0 1"},"Fecha: ":{"('0004-D-2019', 0)":"06\/03\/2019"},"T\u00edtulo":{"('0004-D-2019', 0)":"EXPRESAR BENEPLACITO POR LA REALIZACION DE LA 44\u00b0 EDICION DE LA  FIESTA NACIONAL DEL CHAMAME , EN FEDERAL, PROVINCIA DE ENTRE RIOS. LOS DIAS 9,10 Y 11 DE FEBRERO DE 2019."},"('Firmantes', 'FIRMANTE')":{"('0004-D-2019', 0)":"GAYOL, YANINA CELESTE"},"('Firmantes', 'DISTRITO')":{"('0004-D-2019', 0)":"ENTRE RIOS"},"('Firmantes', 'BLOQUE')":{"('0004-D-2019', 0)":"PRO"},"('Giros', 'COMISI\u00d3N')":{"('0004-D-2019', 0)":"CULTURA"},"('Tramites', 'C\u00c1MARA')":{"('0004-D-2019', 0)":"Diputados"},"('Tramites', 'MOVIMIENTO')":{"('0004-D-2019', 0)":"APROBACION ARTICULO 114 DEL REGLAMENTO DE LA H CAMARA DE DIPUTADOS; COMUNICADO EL 07\/05\/2019"},"('Tramites', 'FECHA')":{"('0004-D-2019', 0)":null},"('Tramites', 'RESULTADO')":{"('0004-D-2019', 0)":"APROBADO"},"Link":{"('0004-D-2019', 0)":"https:\/\/www.hcdn.gob.ar\/proyectos\/textoCompleto.jsp?exp=0004-D-2019&tipo=RESOLUCION"},"Palabra Clave":{"('0004-D-2019', 0)":" "}}