{"Tipo de Proyecto":{"('0005-PE-2019', 0)":"MENSAJE NRO: 0182\/19 Y PROYECTO DE LEY","('0005-PE-2019', 1)":null,"('0005-PE-2019', 2)":null,"('0005-PE-2019', 3)":null},"Iniciado en: ":{"('0005-PE-2019', 0)":"Diputados","('0005-PE-2019', 1)":null,"('0005-PE-2019', 2)":null,"('0005-PE-2019', 3)":null},"Expediente Diputados: ":{"('0005-PE-2019', 0)":"0005-PE-2019","('0005-PE-2019', 1)":null,"('0005-PE-2019', 2)":null,"('0005-PE-2019', 3)":null},"Publicado en: ":{"('0005-PE-2019', 0)":"Tr\u00e1mite Parlamentario N\u00b0 141","('0005-PE-2019', 1)":null,"('0005-PE-2019', 2)":null,"('0005-PE-2019', 3)":null},"Fecha: ":{"('0005-PE-2019', 0)":"02\/10\/2019","('0005-PE-2019', 1)":null,"('0005-PE-2019', 2)":null,"('0005-PE-2019', 3)":null},"T\u00edtulo":{"('0005-PE-2019', 0)":"MODIFICACION DEL ARTICULO 72 DEL CODIGO PENAL, Y LAS DISPOSICIONES DE LOS CODIGOS PROCESAL PENAL FEDERAL Y DEL PROCESAL PENAL DE LA NACION, EXCEPTUANDO EL CARACTER DE DELITOS DEPENDIENTES DE INSTANCIA PRIVADA A CUESTIONES DE VIOLENCIA DE GENERO O INTRAFAMILIAR.","('0005-PE-2019', 1)":null,"('0005-PE-2019', 2)":null,"('0005-PE-2019', 3)":null},"('Firmantes', 'FIRMANTE')":{"('0005-PE-2019', 0)":"MACRI, MAURICIO","('0005-PE-2019', 1)":"PE\u00d1A, MARCOS","('0005-PE-2019', 2)":"GARAVANO, GERMAN CARLOS","('0005-PE-2019', 3)":"BULLRICH, PATRICIA"},"('Firmantes', 'DISTRITO')":{"('0005-PE-2019', 0)":null,"('0005-PE-2019', 1)":null,"('0005-PE-2019', 2)":null,"('0005-PE-2019', 3)":null},"('Firmantes', 'BLOQUE')":{"('0005-PE-2019', 0)":"PODER EJECUTIVO","('0005-PE-2019', 1)":"PODER EJECUTIVO","('0005-PE-2019', 2)":"PODER EJECUTIVO","('0005-PE-2019', 3)":"PODER EJECUTIVO"},"('Giros', 'COMISI\u00d3N')":{"('0005-PE-2019', 0)":"LEGISLACION PENAL","('0005-PE-2019', 1)":null,"('0005-PE-2019', 2)":null,"('0005-PE-2019', 3)":null},"Sumario":{"('0005-PE-2019', 0)":"MODIFICACION DEL ARTICULO 25 DEL CODIGO PROCESAL PENAL FEDERAL (TO 2019) Y DE LOS ARTICULOS 5, 6, 174 Y 183 DEL CODIGO PROCESAL PENAL","('0005-PE-2019', 1)":null,"('0005-PE-2019', 2)":null,"('0005-PE-2019', 3)":null},"Palabra Clave":{"('0005-PE-2019', 0)":" ","('0005-PE-2019', 1)":null,"('0005-PE-2019', 2)":null,"('0005-PE-2019', 3)":null}}