{"Tipo de Proyecto":{"('0005-JGM-2019', 0)":"MENSAJE NRO: 0007\/19","('0005-JGM-2019', 1)":null},"Iniciado en: ":{"('0005-JGM-2019', 0)":"Diputados","('0005-JGM-2019', 1)":null},"Expediente Diputados: ":{"('0005-JGM-2019', 0)":"0005-JGM-2019","('0005-JGM-2019', 1)":null},"Publicado en: ":{"('0005-JGM-2019', 0)":"Tr\u00e1mite Parlamentario N\u00b0 23","('0005-JGM-2019', 1)":null},"Fecha: ":{"('0005-JGM-2019', 0)":"28\/03\/2019","('0005-JGM-2019', 1)":null},"T\u00edtulo":{"('0005-JGM-2019', 0)":"COMUNICACION DEL DICTADO DEL DECRETO DE NECESIDAD Y URGENCIA 193\/2019 POR EL CUAL SE MODIFICA EL PRESUPUESTO GENERAL DE LA ADMINISTRACION PUBLICA NACIONAL PARA EL EJERCICIO 2019.","('0005-JGM-2019', 1)":null},"('Firmantes', 'FIRMANTE')":{"('0005-JGM-2019', 0)":"PE\u00d1A, MARCOS","('0005-JGM-2019', 1)":"DUJOVNE, NICOLAS"},"('Firmantes', 'DISTRITO')":{"('0005-JGM-2019', 0)":null,"('0005-JGM-2019', 1)":null},"('Firmantes', 'BLOQUE')":{"('0005-JGM-2019', 0)":"PODER EJECUTIVO","('0005-JGM-2019', 1)":"PODER EJECUTIVO"},"('Giros', 'COMISI\u00d3N')":{"('0005-JGM-2019', 0)":"BICAMERAL PERMANENTE DE TRAMITE LEGISLATIVO - LEY 26122","('0005-JGM-2019', 1)":null},"Palabra Clave":{"('0005-JGM-2019', 0)":" ","('0005-JGM-2019', 1)":null}}