{"Tipo de Proyecto":{"('0006-S-2019', 0)":"PROYECTO DE LEY","('0006-S-2019', 1)":null,"('0006-S-2019', 2)":null},"Iniciado en: ":{"('0006-S-2019', 0)":"Senado","('0006-S-2019', 1)":null,"('0006-S-2019', 2)":null},"Expediente Diputados: ":{"('0006-S-2019', 0)":"0006-S-2019","('0006-S-2019', 1)":null,"('0006-S-2019', 2)":null},"Expediente Senado: ":{"('0006-S-2019', 0)":"0030-S-2019","('0006-S-2019', 1)":null,"('0006-S-2019', 2)":null},"Publicado en: ":{"('0006-S-2019', 0)":"Diario de Asuntos Entrados N\u00b0 2","('0006-S-2019', 1)":null,"('0006-S-2019', 2)":null},"Fecha: ":{"('0006-S-2019', 0)":"06\/03\/2019","('0006-S-2019', 1)":null,"('0006-S-2019', 2)":null},"T\u00edtulo":{"('0006-S-2019', 0)":"LEY DE WARRANTS.\t\t\t\t","('0006-S-2019', 1)":null,"('0006-S-2019', 2)":null},"('Firmantes', 'FIRMANTE')":{"('0006-S-2019', 0)":"DE ANGELI, ALFREDO LUIS","('0006-S-2019', 1)":"PINEDO, FEDERICO","('0006-S-2019', 2)":"BULLRICH, ESTEBAN JOSE"},"('Firmantes', 'DISTRITO')":{"('0006-S-2019', 0)":"ENTRE RIOS","('0006-S-2019', 1)":"CIUDAD de BUENOS AIRES","('0006-S-2019', 2)":"BUENOS AIRES"},"('Firmantes', 'BLOQUE')":{"('0006-S-2019', 0)":"FRENTE PRO","('0006-S-2019', 1)":"FRENTE PRO","('0006-S-2019', 2)":"FRENTE PRO"},"('Giros', 'COMISI\u00d3N')":{"('0006-S-2019', 0)":"LEGISLACION GENERAL","('0006-S-2019', 1)":"AGRICULTURA Y GANADERIA","('0006-S-2019', 2)":null},"('Tramites', 'C\u00c1MARA')":{"('0006-S-2019', 0)":"Senado","('0006-S-2019', 1)":"Senado","('0006-S-2019', 2)":"Diputados"},"('Tramites', 'MOVIMIENTO')":{"('0006-S-2019', 0)":"CONSIDERACION Y APROBACION CON MODIFICACIONES","('0006-S-2019', 1)":"INSERCIONES","('0006-S-2019', 2)":"PASA A DIPUTADOS -"},"('Tramites', 'FECHA')":{"('0006-S-2019', 0)":"20\/03\/2019","('0006-S-2019', 1)":"20\/03\/2019","('0006-S-2019', 2)":null},"('Tramites', 'RESULTADO')":{"('0006-S-2019', 0)":"MEDIA SANCION","('0006-S-2019', 1)":null,"('0006-S-2019', 2)":null},"Sumario":{"('0006-S-2019', 0)":"AMBITO DE APLICACION MATERIAL; SOCIEDADES EMISORAS DE CERTIFICADOS DE DEPOSITO Y\/O WARRANTS; AUTORIDAD DE APLICACION: MINISTERIO DE AGROINDUSTRIA; REQUISITOS PARA OPERAR COMO DEPOSITARIO; INHABILITACIONES E INCOMPATIBILIDADES; PROHIBICION DE EFECTUAR OPERACIONES DE COMPRAVENTA DE BIENES O PRODUCTOS DE LA MISMA NATURALES DE AQUELLOS QUE SON OBJETO DE CERTIFICADOS DE DEPOSITO Y WARRANTS QUE SE EMITAN; LAS SOCIEDADES EMISORAS SOLO PODRAN REALIZAR OPERACIONES DE DESCUENTO CON AUTORIZACION DE LA AUTORIDAD DE APLICACION; CONDICIONES DE LOS DEPOSITOS DE LOS BIENES O PRODUCTOS EN TRANSITO EN EL PAIS; CERTIFICADOS DE DEPOSITO Y WARRANTS; REQUISITOS Y CARACTERISITAS; RESPONSABILIDAD SOLIDARIA POR LA DEUDA FRENTE AL PORTADOR LEGITIMO; REQUISITO DE LOS ENDOSOS; NEGOCIACION DE LOS CERTIFICADOS DE DEPOSITO Y WARRANTS EN LOS MERCADOS AUTORIZADOS POR LA COMISION NACIONAL DE VALORES; EFECTOS JURIDICOS DE LOS CERTIFICADOS DE DEPOSITO Y WARRANTS; REGIMEN DE DEPOSITO; NULIDAD; REGIMEN SANCIONATORIO; FONDO ANUAL; DISPOSICIONES FINALES; DEROGACION DE LAS LEYES 928 Y 9643, SU DECRETO REGLAMENTARIO S\/N DE FECHA 31 DE OCTUBRE DE 1914; DEROGACION DEL DECRETO 165\/1995; DEROGACION DEL ARTICULO 2 DEL DECRETO 1034\/1995, DEROGACION DE LOS ARTICULOS 9, INCISOS M) Y N) Y 54 AL 76 DEL DECRETO LEY 6698\/1963; VIGENCIA.","('0006-S-2019', 1)":null,"('0006-S-2019', 2)":null},"Palabra Clave":{"('0006-S-2019', 0)":" ","('0006-S-2019', 1)":null,"('0006-S-2019', 2)":null}}