{"Tipo de Proyecto":{"('0006-D-2019', 0)":"PROYECTO DE RESOLUCI\u00d3N"},"Iniciado en: ":{"('0006-D-2019', 0)":"Diputados"},"Expediente Diputados: ":{"('0006-D-2019', 0)":"0006-D-2019"},"Publicado en: ":{"('0006-D-2019', 0)":"Tr\u00e1mite Parlamentario N\u00b0 1"},"Fecha: ":{"('0006-D-2019', 0)":"06\/03\/2019"},"T\u00edtulo":{"('0006-D-2019', 0)":"ADHERIR A LA PROCLAMACION DEL PERIODO COMPRENDIDO ENTRE 2019 Y 2028 COMO \"DECENIO DE LAS NACIONES UNIDAS PARA LA AGRICULTURA FAMILIAR\". "},"('Firmantes', 'FIRMANTE')":{"('0006-D-2019', 0)":"GAYOL, YANINA CELESTE"},"('Firmantes', 'DISTRITO')":{"('0006-D-2019', 0)":"ENTRE RIOS"},"('Firmantes', 'BLOQUE')":{"('0006-D-2019', 0)":"PRO"},"('Giros', 'COMISI\u00d3N')":{"('0006-D-2019', 0)":"AGRICULTURA Y GANADERIA"},"('Tramites', 'C\u00c1MARA')":{"('0006-D-2019', 0)":"Diputados"},"('Tramites', 'MOVIMIENTO')":{"('0006-D-2019', 0)":"APROBACION ARTICULO 114 DEL REGLAMENTO DE LA H CAMARA DE DIPUTADOS; COMUNICADO EL 09\/12\/2019"},"('Tramites', 'FECHA')":{"('0006-D-2019', 0)":null},"('Tramites', 'RESULTADO')":{"('0006-D-2019', 0)":"APROBADO"},"Link":{"('0006-D-2019', 0)":"https:\/\/www.hcdn.gob.ar\/proyectos\/textoCompleto.jsp?exp=0006-D-2019&tipo=RESOLUCION"},"Palabra Clave":{"('0006-D-2019', 0)":" "}}