{"Tipo de Proyecto":{"('0006-PE-2019', 0)":"MENSAJE NRO: 0183\/19 Y PROYECTO DE LEY","('0006-PE-2019', 1)":null,"('0006-PE-2019', 2)":null,"('0006-PE-2019', 3)":null},"Iniciado en: ":{"('0006-PE-2019', 0)":"Diputados","('0006-PE-2019', 1)":null,"('0006-PE-2019', 2)":null,"('0006-PE-2019', 3)":null},"Expediente Diputados: ":{"('0006-PE-2019', 0)":"0006-PE-2019","('0006-PE-2019', 1)":null,"('0006-PE-2019', 2)":null,"('0006-PE-2019', 3)":null},"Publicado en: ":{"('0006-PE-2019', 0)":"Tr\u00e1mite Parlamentario N\u00b0 146","('0006-PE-2019', 1)":null,"('0006-PE-2019', 2)":null,"('0006-PE-2019', 3)":null},"Fecha: ":{"('0006-PE-2019', 0)":"09\/10\/2019","('0006-PE-2019', 1)":null,"('0006-PE-2019', 2)":null,"('0006-PE-2019', 3)":null},"T\u00edtulo":{"('0006-PE-2019', 0)":"MODIFICACION DE LOS CODIGOS PENAL, PROCESAL PENAL FEDERAL Y PROCESAL PENAL DE LA NACION, INCORPORANDO EL DELITO DE PERJURIO.","('0006-PE-2019', 1)":null,"('0006-PE-2019', 2)":null,"('0006-PE-2019', 3)":null},"('Firmantes', 'FIRMANTE')":{"('0006-PE-2019', 0)":"MACRI, MAURICIO","('0006-PE-2019', 1)":"PE\u00d1A, MARCOS","('0006-PE-2019', 2)":"GARAVANO, GERMAN CARLOS","('0006-PE-2019', 3)":"BULLRICH, PATRICIA"},"('Firmantes', 'DISTRITO')":{"('0006-PE-2019', 0)":null,"('0006-PE-2019', 1)":null,"('0006-PE-2019', 2)":null,"('0006-PE-2019', 3)":null},"('Firmantes', 'BLOQUE')":{"('0006-PE-2019', 0)":"PODER EJECUTIVO","('0006-PE-2019', 1)":"PODER EJECUTIVO","('0006-PE-2019', 2)":"PODER EJECUTIVO","('0006-PE-2019', 3)":"PODER EJECUTIVO"},"('Giros', 'COMISI\u00d3N')":{"('0006-PE-2019', 0)":"LEGISLACION PENAL","('0006-PE-2019', 1)":"ASUNTOS CONSTITUCIONALES","('0006-PE-2019', 2)":null,"('0006-PE-2019', 3)":null},"Sumario":{"('0006-PE-2019', 0)":"CODIGO PENAL: SUSTITUCION DE LOS ARTICULOS 275 Y 276; CODIGO PROCESAL PENAL FEDERAL (TO 2019): SUSTITUCION DE LOS ARTICULOS 4, 70, 71, 72 Y 73; CODIGO PROCESAL PENAL: SUSTITUCION DE LOS ARTICULOS 296 Y 298; INVITACION A LAS PROVINCIAS Y A LA CIUDAD AUTONOMA DE BUENOS AIRES A ADECUAR SUS RESPECTIVAS NORMAS EN MATERIA DEL PROCEDIMIENTO PENAL.","('0006-PE-2019', 1)":null,"('0006-PE-2019', 2)":null,"('0006-PE-2019', 3)":null},"Palabra Clave":{"('0006-PE-2019', 0)":" ","('0006-PE-2019', 1)":null,"('0006-PE-2019', 2)":null,"('0006-PE-2019', 3)":null}}