{"Tipo de Proyecto":{"('0007-JGM-2019', 0)":"MENSAJE NRO: 0009\/19","('0007-JGM-2019', 1)":null},"Iniciado en: ":{"('0007-JGM-2019', 0)":"Diputados","('0007-JGM-2019', 1)":null},"Expediente Diputados: ":{"('0007-JGM-2019', 0)":"0007-JGM-2019","('0007-JGM-2019', 1)":null},"Publicado en: ":{"('0007-JGM-2019', 0)":"Tr\u00e1mite Parlamentario N\u00b0 44","('0007-JGM-2019', 1)":null},"Fecha: ":{"('0007-JGM-2019', 0)":"23\/04\/2019","('0007-JGM-2019', 1)":null},"T\u00edtulo":{"('0007-JGM-2019', 0)":"COMUNICACION EL DICTADO DEL DECRETO DE NECESIDAD Y URGENCIA 274 DEL 17 DE ABRIL DE 2019, POR EL CUAL SE ESTABLECE UN NUEVO REGIMEN DE LEALTAD COMERCIAL. ","('0007-JGM-2019', 1)":null},"('Firmantes', 'FIRMANTE')":{"('0007-JGM-2019', 0)":"PE\u00d1A, MARCOS","('0007-JGM-2019', 1)":"SICA, DANTE ENRIQUE"},"('Firmantes', 'DISTRITO')":{"('0007-JGM-2019', 0)":null,"('0007-JGM-2019', 1)":null},"('Firmantes', 'BLOQUE')":{"('0007-JGM-2019', 0)":"PODER EJECUTIVO","('0007-JGM-2019', 1)":"PODER EJECUTIVO"},"('Giros', 'COMISI\u00d3N')":{"('0007-JGM-2019', 0)":"BICAMERAL PERMANENTE DE TRAMITE LEGISLATIVO - LEY 26122","('0007-JGM-2019', 1)":null},"Palabra Clave":{"('0007-JGM-2019', 0)":" ","('0007-JGM-2019', 1)":null}}