{"Tipo de Proyecto":{"('0007-D-2019', 0)":"PROYECTO DE LEY","('0007-D-2019', 1)":null,"('0007-D-2019', 2)":null,"('0007-D-2019', 3)":null,"('0007-D-2019', 4)":null,"('0007-D-2019', 5)":null,"('0007-D-2019', 6)":null,"('0007-D-2019', 7)":null,"('0007-D-2019', 8)":null,"('0007-D-2019', 9)":null,"('0007-D-2019', 10)":null,"('0007-D-2019', 11)":null,"('0007-D-2019', 12)":null,"('0007-D-2019', 13)":null,"('0007-D-2019', 14)":null},"Iniciado en: ":{"('0007-D-2019', 0)":"Diputados","('0007-D-2019', 1)":null,"('0007-D-2019', 2)":null,"('0007-D-2019', 3)":null,"('0007-D-2019', 4)":null,"('0007-D-2019', 5)":null,"('0007-D-2019', 6)":null,"('0007-D-2019', 7)":null,"('0007-D-2019', 8)":null,"('0007-D-2019', 9)":null,"('0007-D-2019', 10)":null,"('0007-D-2019', 11)":null,"('0007-D-2019', 12)":null,"('0007-D-2019', 13)":null,"('0007-D-2019', 14)":null},"Expediente Diputados: ":{"('0007-D-2019', 0)":"0007-D-2019","('0007-D-2019', 1)":null,"('0007-D-2019', 2)":null,"('0007-D-2019', 3)":null,"('0007-D-2019', 4)":null,"('0007-D-2019', 5)":null,"('0007-D-2019', 6)":null,"('0007-D-2019', 7)":null,"('0007-D-2019', 8)":null,"('0007-D-2019', 9)":null,"('0007-D-2019', 10)":null,"('0007-D-2019', 11)":null,"('0007-D-2019', 12)":null,"('0007-D-2019', 13)":null,"('0007-D-2019', 14)":null},"Publicado en: ":{"('0007-D-2019', 0)":"Tr\u00e1mite Parlamentario N\u00b0 1","('0007-D-2019', 1)":null,"('0007-D-2019', 2)":null,"('0007-D-2019', 3)":null,"('0007-D-2019', 4)":null,"('0007-D-2019', 5)":null,"('0007-D-2019', 6)":null,"('0007-D-2019', 7)":null,"('0007-D-2019', 8)":null,"('0007-D-2019', 9)":null,"('0007-D-2019', 10)":null,"('0007-D-2019', 11)":null,"('0007-D-2019', 12)":null,"('0007-D-2019', 13)":null,"('0007-D-2019', 14)":null},"Fecha: ":{"('0007-D-2019', 0)":"06\/03\/2019","('0007-D-2019', 1)":null,"('0007-D-2019', 2)":null,"('0007-D-2019', 3)":null,"('0007-D-2019', 4)":null,"('0007-D-2019', 5)":null,"('0007-D-2019', 6)":null,"('0007-D-2019', 7)":null,"('0007-D-2019', 8)":null,"('0007-D-2019', 9)":null,"('0007-D-2019', 10)":null,"('0007-D-2019', 11)":null,"('0007-D-2019', 12)":null,"('0007-D-2019', 13)":null,"('0007-D-2019', 14)":null},"T\u00edtulo":{"('0007-D-2019', 0)":"PROMUEVESE LA IGUALDAD DE GENERO Y OPORTUNIDADES EN EL FUTBOL ARGENTINO.","('0007-D-2019', 1)":null,"('0007-D-2019', 2)":null,"('0007-D-2019', 3)":null,"('0007-D-2019', 4)":null,"('0007-D-2019', 5)":null,"('0007-D-2019', 6)":null,"('0007-D-2019', 7)":null,"('0007-D-2019', 8)":null,"('0007-D-2019', 9)":null,"('0007-D-2019', 10)":null,"('0007-D-2019', 11)":null,"('0007-D-2019', 12)":null,"('0007-D-2019', 13)":null,"('0007-D-2019', 14)":null},"('Firmantes', 'FIRMANTE')":{"('0007-D-2019', 0)":"CASTAGNETO, CARLOS DANIEL","('0007-D-2019', 1)":"CARRO, PABLO","('0007-D-2019', 2)":"GRANA, ADRIAN EDUARDO","('0007-D-2019', 3)":"VOLNOVICH, LUANA","('0007-D-2019', 4)":"MENDOZA, MAYRA SOLEDAD","('0007-D-2019', 5)":"SORAIRE, MIRTA ALICIA","('0007-D-2019', 6)":"MERCADO, VERONICA","('0007-D-2019', 7)":"SILEY, VANESA","('0007-D-2019', 8)":"ALONSO, LAURA V.","('0007-D-2019', 9)":"SIERRA, MAGDALENA","('0007-D-2019', 10)":"PITIOT, CARLA BETINA","('0007-D-2019', 11)":"ROSSI, AGUSTIN OSCAR","('0007-D-2019', 12)":"SCIOLI, DANIEL","('0007-D-2019', 13)":"ALVAREZ RODRIGUEZ, MARIA CRISTINA","('0007-D-2019', 14)":"SOLANAS, JULIO RODOLFO"},"('Firmantes', 'DISTRITO')":{"('0007-D-2019', 0)":"BUENOS AIRES","('0007-D-2019', 1)":"CORDOBA","('0007-D-2019', 2)":"BUENOS AIRES","('0007-D-2019', 3)":"BUENOS AIRES","('0007-D-2019', 4)":"BUENOS AIRES","('0007-D-2019', 5)":"TUCUMAN","('0007-D-2019', 6)":"CATAMARCA","('0007-D-2019', 7)":"BUENOS AIRES","('0007-D-2019', 8)":"BUENOS AIRES","('0007-D-2019', 9)":"BUENOS AIRES","('0007-D-2019', 10)":"CIUDAD de BUENOS AIRES","('0007-D-2019', 11)":"SANTA FE","('0007-D-2019', 12)":"BUENOS AIRES","('0007-D-2019', 13)":"BUENOS AIRES","('0007-D-2019', 14)":"ENTRE RIOS"},"('Firmantes', 'BLOQUE')":{"('0007-D-2019', 0)":"FRENTE PARA LA VICTORIA - PJ","('0007-D-2019', 1)":"FRENTE PARA LA VICTORIA - PJ","('0007-D-2019', 2)":"FRENTE PARA LA VICTORIA - PJ","('0007-D-2019', 3)":"FRENTE PARA LA VICTORIA - PJ","('0007-D-2019', 4)":"FRENTE PARA LA VICTORIA - PJ","('0007-D-2019', 5)":"FRENTE PARA LA VICTORIA - PJ","('0007-D-2019', 6)":"FRENTE PARA LA VICTORIA - PJ","('0007-D-2019', 7)":"FRENTE PARA LA VICTORIA - PJ","('0007-D-2019', 8)":"FRENTE PARA LA VICTORIA - PJ","('0007-D-2019', 9)":"FRENTE PARA LA VICTORIA - PJ","('0007-D-2019', 10)":"FEDERAL UNIDOS POR UNA NUEVA ARGENTINA","('0007-D-2019', 11)":"FRENTE PARA LA VICTORIA - PJ","('0007-D-2019', 12)":"FRENTE PARA LA VICTORIA - PJ","('0007-D-2019', 13)":"FRENTE PARA LA VICTORIA - PJ","('0007-D-2019', 14)":"FRENTE PARA LA VICTORIA - PJ"},"('Giros', 'COMISI\u00d3N')":{"('0007-D-2019', 0)":"DEPORTES","('0007-D-2019', 1)":"MUJERES Y DIVERSIDAD","('0007-D-2019', 2)":null,"('0007-D-2019', 3)":null,"('0007-D-2019', 4)":null,"('0007-D-2019', 5)":null,"('0007-D-2019', 6)":null,"('0007-D-2019', 7)":null,"('0007-D-2019', 8)":null,"('0007-D-2019', 9)":null,"('0007-D-2019', 10)":null,"('0007-D-2019', 11)":null,"('0007-D-2019', 12)":null,"('0007-D-2019', 13)":null,"('0007-D-2019', 14)":null},"('Tramites', 'C\u00c1MARA')":{"('0007-D-2019', 0)":"Diputados","('0007-D-2019', 1)":null,"('0007-D-2019', 2)":null,"('0007-D-2019', 3)":null,"('0007-D-2019', 4)":null,"('0007-D-2019', 5)":null,"('0007-D-2019', 6)":null,"('0007-D-2019', 7)":null,"('0007-D-2019', 8)":null,"('0007-D-2019', 9)":null,"('0007-D-2019', 10)":null,"('0007-D-2019', 11)":null,"('0007-D-2019', 12)":null,"('0007-D-2019', 13)":null,"('0007-D-2019', 14)":null},"('Tramites', 'MOVIMIENTO')":{"('0007-D-2019', 0)":"RESOLUCION DE PRESIDENCIA - AMPLIACION DE GIRO A LA COMISION DE MUJERES Y DIVERSIDAD. SE SUPRIME EL GIRO A LAS COMISIONES DE FAMILIA, MUJER, NI\u00d1EZ Y ADOLESCENCIA.","('0007-D-2019', 1)":null,"('0007-D-2019', 2)":null,"('0007-D-2019', 3)":null,"('0007-D-2019', 4)":null,"('0007-D-2019', 5)":null,"('0007-D-2019', 6)":null,"('0007-D-2019', 7)":null,"('0007-D-2019', 8)":null,"('0007-D-2019', 9)":null,"('0007-D-2019', 10)":null,"('0007-D-2019', 11)":null,"('0007-D-2019', 12)":null,"('0007-D-2019', 13)":null,"('0007-D-2019', 14)":null},"('Tramites', 'FECHA')":{"('0007-D-2019', 0)":null,"('0007-D-2019', 1)":null,"('0007-D-2019', 2)":null,"('0007-D-2019', 3)":null,"('0007-D-2019', 4)":null,"('0007-D-2019', 5)":null,"('0007-D-2019', 6)":null,"('0007-D-2019', 7)":null,"('0007-D-2019', 8)":null,"('0007-D-2019', 9)":null,"('0007-D-2019', 10)":null,"('0007-D-2019', 11)":null,"('0007-D-2019', 12)":null,"('0007-D-2019', 13)":null,"('0007-D-2019', 14)":null},"('Tramites', 'RESULTADO')":{"('0007-D-2019', 0)":null,"('0007-D-2019', 1)":null,"('0007-D-2019', 2)":null,"('0007-D-2019', 3)":null,"('0007-D-2019', 4)":null,"('0007-D-2019', 5)":null,"('0007-D-2019', 6)":null,"('0007-D-2019', 7)":null,"('0007-D-2019', 8)":null,"('0007-D-2019', 9)":null,"('0007-D-2019', 10)":null,"('0007-D-2019', 11)":null,"('0007-D-2019', 12)":null,"('0007-D-2019', 13)":null,"('0007-D-2019', 14)":null},"Sumario":{"('0007-D-2019', 0)":"LA ASOCIACION DE FUTBOL ARGENTINO DEBERA PRESENTAR UN INFORME ANUAL AL CONGRESO; INVITACION A ADHERIR.","('0007-D-2019', 1)":null,"('0007-D-2019', 2)":null,"('0007-D-2019', 3)":null,"('0007-D-2019', 4)":null,"('0007-D-2019', 5)":null,"('0007-D-2019', 6)":null,"('0007-D-2019', 7)":null,"('0007-D-2019', 8)":null,"('0007-D-2019', 9)":null,"('0007-D-2019', 10)":null,"('0007-D-2019', 11)":null,"('0007-D-2019', 12)":null,"('0007-D-2019', 13)":null,"('0007-D-2019', 14)":null},"Palabra Clave":{"('0007-D-2019', 0)":" ","('0007-D-2019', 1)":null,"('0007-D-2019', 2)":null,"('0007-D-2019', 3)":null,"('0007-D-2019', 4)":null,"('0007-D-2019', 5)":null,"('0007-D-2019', 6)":null,"('0007-D-2019', 7)":null,"('0007-D-2019', 8)":null,"('0007-D-2019', 9)":null,"('0007-D-2019', 10)":null,"('0007-D-2019', 11)":null,"('0007-D-2019', 12)":null,"('0007-D-2019', 13)":null,"('0007-D-2019', 14)":null}}