{"Tipo de Proyecto":{"('0007-S-2019', 0)":"PROYECTO DE LEY"},"Iniciado en: ":{"('0007-S-2019', 0)":"Senado"},"Expediente Senado: ":{"('0007-S-2019', 0)":"0007-S-2019"},"Publicado en: ":{"('0007-S-2019', 0)":"Diario de Asuntos Entrados N\u00b0 1"},"Fecha: ":{"('0007-S-2019', 0)":"06\/03\/2019"},"T\u00edtulo":{"('0007-S-2019', 0)":"REGULACION DE LOS SERVICIOS DE SEGURIDAD PRIVADA RESPECTO DE PERSONAS Y BIENES, PRESTADOS POR PERSONAS FISICAS O JURIDICAS PRIVADAS, ORGANIZADOS EN FORMA DE EMPRESA."},"('Firmantes', 'FIRMANTE')":{"('0007-S-2019', 0)":"KUNATH, SIGRID ELIZABETH"},"('Firmantes', 'DISTRITO')":{"('0007-S-2019', 0)":"ENTRE RIOS"},"('Firmantes', 'BLOQUE')":{"('0007-S-2019', 0)":"JUSTICIALISTA"},"Sumario":{"('0007-S-2019', 0)":"DISPOSICIONES GENERALES: OBJETO, ACTIVIDADES COMPRENDIDAS, PRINCIPIOS DE LOS SERVICIOS DE SEGURIDAD PRIVADA; PRESTADORES DE SERVICIOS DE SEGURIDAD PRIVADA: DEFINICION, DEBERES, REQUISITOS; AGENTES DE SEGURIDAD PRIVADA: DEFINICION, REQUISITOS, LIBERTAD SINDICAL, IDENTIFICACION, FINALIDAD DE LA ACCION; DIRECTOR DE SEGURIDAD: DESIGNACION, ACREDITACION DE IDONEIDAD, REQUISITOS, REEMPLAZO; USUARIOS: DEFINICION, DERECHOS; USO DE ARMAS Y OTROS DISPOSITIVOS DE SEGURIDAD: DELIMITACION DE ALCANCES, REQUISITOS PARA EL USO DE ARMAS DE FUEGO, OBLIGACION DE INFORMAR LA TOTALIDAD DE ARMAS CON QUE SE CUENTA, PROHIBICION DE UTILIZAR LAS ARMAS DE FUEGO EN ACTIVIDADES DIFERENTES A LAS AUTORIZADAS, GUARDA Y CONSERVACION ESPECIFICAS, CUMPLIMIENTO DE LAS MEDIDAS DE SEGURIDAD DISPUESTAS POR LA LEY NACIONAL DE ARMAS Y EXPLOSIVOS (LEY 20429); CREACION DEL REGISTRO DE PRESTADORES DE SEGURIDAD PRIVADA, EN EL AMBITO DEL MINISTERIO DE SEGURIDAD, REGISTRO DE LAS ARMAS POR PARTE DE LA AGENCIA NACIONAL DE MATERIALES CONTROLADOS; AUTORIDAD DE APLICACION, FACULTADES; DISPOSICIONES FINALES: REALIZACION DE ESTA ACTIVIDAD EN AMBITOS DE JURISDICCION NACIONAL O DE MANERA INTERJURISDICCIONAL, REGLAMENTACION, PLAZO DE ACOGIMIENTO A LA PRESENTE LEY POR PARTE DE QUIENES YA SE ENCUENTREN PRESTANDO SERVICIOS DE SEGURIDAD PRIVADA, DEROGACION DE LA LEY 21265 -PRESTACION DEL SERVICIO DE SEGURIDAD PERSONAL-, DEROGACION DEL DECRETO 1002\/99 -REGLAMENTACION DE LOS SERVICIOS PRIVADOS DE SEGURIDAD Y CUSTODIA-, INVITACION A ADHERIR, A LAS PROVINCIAS Y A LA CIUDAD AUTONOMA DE BUENOS AIRES, ASIGNACION DE LOS RECURSOS QUE DEMANDE LA IMPLEMENTACION DE ESTA LEY POR PARTE DEL PODER EJECUTIVO."},"Palabra Clave":{"('0007-S-2019', 0)":" "}}