{"Tipo de Proyecto":{"('0008-PE-2019', 0)":"MENSAJE NRO: 0203\/19 Y PROYECTO DE LEY","('0008-PE-2019', 1)":null,"('0008-PE-2019', 2)":null},"Iniciado en: ":{"('0008-PE-2019', 0)":"Diputados","('0008-PE-2019', 1)":null,"('0008-PE-2019', 2)":null},"Expediente Diputados: ":{"('0008-PE-2019', 0)":"0008-PE-2019","('0008-PE-2019', 1)":null,"('0008-PE-2019', 2)":null},"Publicado en: ":{"('0008-PE-2019', 0)":"Tr\u00e1mite Parlamentario N\u00b0 173","('0008-PE-2019', 1)":null,"('0008-PE-2019', 2)":null},"Fecha: ":{"('0008-PE-2019', 0)":"27\/11\/2019","('0008-PE-2019', 1)":null,"('0008-PE-2019', 2)":null},"T\u00edtulo":{"('0008-PE-2019', 0)":"POR EL CUAL SE INSTRUMENTA LA UNIDAD DE VALOR TRIBUTARIA - UVT -, QUE CREA LA LEY 27430, DE REFORMA AL SISTEMA TRIBUTARIO ARGENTINO.","('0008-PE-2019', 1)":null,"('0008-PE-2019', 2)":null},"('Firmantes', 'FIRMANTE')":{"('0008-PE-2019', 0)":"MACRI, MAURICIO","('0008-PE-2019', 1)":"PE\u00d1A, MARCOS","('0008-PE-2019', 2)":"LACUNZA, JORGE ROBERTO HERNAN"},"('Firmantes', 'DISTRITO')":{"('0008-PE-2019', 0)":null,"('0008-PE-2019', 1)":null,"('0008-PE-2019', 2)":null},"('Firmantes', 'BLOQUE')":{"('0008-PE-2019', 0)":"PODER EJECUTIVO","('0008-PE-2019', 1)":"PODER EJECUTIVO","('0008-PE-2019', 2)":"PODER EJECUTIVO"},"('Giros', 'COMISI\u00d3N')":{"('0008-PE-2019', 0)":"PRESUPUESTO Y HACIENDA","('0008-PE-2019', 1)":null,"('0008-PE-2019', 2)":null},"Sumario":{"('0008-PE-2019', 0)":"DISPOSICIONES GENERALES; CONVERSION A UNIDAD DE VALOR TRIBUTARIA (UVT) DE LOS IMPORTES DE LAS LEYES TRIBUTARIAS: IMPUESTO A LAS GANANCIAS, PROCEDIMIENTO TRIBUTARIO, REGIMEN PENAL TRIBUTARIO ; GRAVAMEN DE EMERGENCIA A LOS PREMIOS GANADOS EN JUEGOS DE SORTEO, CODIGO ADUANERO; CONVERSION A PARTIR DEL 01\/01\/2020: EXCEPCIONES.","('0008-PE-2019', 1)":null,"('0008-PE-2019', 2)":null},"Palabra Clave":{"('0008-PE-2019', 0)":" ","('0008-PE-2019', 1)":null,"('0008-PE-2019', 2)":null}}