{"Tipo de Proyecto":{"('0008-D-2019', 0)":"PROYECTO DE LEY","('0008-D-2019', 1)":null,"('0008-D-2019', 2)":null,"('0008-D-2019', 3)":null,"('0008-D-2019', 4)":null,"('0008-D-2019', 5)":null,"('0008-D-2019', 6)":null,"('0008-D-2019', 7)":null,"('0008-D-2019', 8)":null,"('0008-D-2019', 9)":null,"('0008-D-2019', 10)":null,"('0008-D-2019', 11)":null},"Iniciado en: ":{"('0008-D-2019', 0)":"Diputados","('0008-D-2019', 1)":null,"('0008-D-2019', 2)":null,"('0008-D-2019', 3)":null,"('0008-D-2019', 4)":null,"('0008-D-2019', 5)":null,"('0008-D-2019', 6)":null,"('0008-D-2019', 7)":null,"('0008-D-2019', 8)":null,"('0008-D-2019', 9)":null,"('0008-D-2019', 10)":null,"('0008-D-2019', 11)":null},"Expediente Diputados: ":{"('0008-D-2019', 0)":"0008-D-2019","('0008-D-2019', 1)":null,"('0008-D-2019', 2)":null,"('0008-D-2019', 3)":null,"('0008-D-2019', 4)":null,"('0008-D-2019', 5)":null,"('0008-D-2019', 6)":null,"('0008-D-2019', 7)":null,"('0008-D-2019', 8)":null,"('0008-D-2019', 9)":null,"('0008-D-2019', 10)":null,"('0008-D-2019', 11)":null},"Publicado en: ":{"('0008-D-2019', 0)":"Tr\u00e1mite Parlamentario N\u00b0 1","('0008-D-2019', 1)":null,"('0008-D-2019', 2)":null,"('0008-D-2019', 3)":null,"('0008-D-2019', 4)":null,"('0008-D-2019', 5)":null,"('0008-D-2019', 6)":null,"('0008-D-2019', 7)":null,"('0008-D-2019', 8)":null,"('0008-D-2019', 9)":null,"('0008-D-2019', 10)":null,"('0008-D-2019', 11)":null},"Fecha: ":{"('0008-D-2019', 0)":"06\/03\/2019","('0008-D-2019', 1)":null,"('0008-D-2019', 2)":null,"('0008-D-2019', 3)":null,"('0008-D-2019', 4)":null,"('0008-D-2019', 5)":null,"('0008-D-2019', 6)":null,"('0008-D-2019', 7)":null,"('0008-D-2019', 8)":null,"('0008-D-2019', 9)":null,"('0008-D-2019', 10)":null,"('0008-D-2019', 11)":null},"T\u00edtulo":{"('0008-D-2019', 0)":"ESTABLECESE LA OBLIGATORIEDAD DE ENTONAR LAS ESTROFAS DEL HIMNO NACIONAL ARGENTINO AL INICIO DE TODOS LOS ACTOS PUBLICOS Y PRIVADOS INCLUYENDO A LOS ESPECTACULOS DEPORTIVOS. ","('0008-D-2019', 1)":null,"('0008-D-2019', 2)":null,"('0008-D-2019', 3)":null,"('0008-D-2019', 4)":null,"('0008-D-2019', 5)":null,"('0008-D-2019', 6)":null,"('0008-D-2019', 7)":null,"('0008-D-2019', 8)":null,"('0008-D-2019', 9)":null,"('0008-D-2019', 10)":null,"('0008-D-2019', 11)":null},"('Firmantes', 'FIRMANTE')":{"('0008-D-2019', 0)":"CASTAGNETO, CARLOS DANIEL","('0008-D-2019', 1)":"ROSSI, AGUSTIN OSCAR","('0008-D-2019', 2)":"CIAMPINI, JOSE ALBERTO","('0008-D-2019', 3)":"SANTILLAN, WALTER MARCELO","('0008-D-2019', 4)":"IGON, SANTIAGO NICOLAS","('0008-D-2019', 5)":"RODRIGUEZ, RODRIGO MARTIN","('0008-D-2019', 6)":"GRANA, ADRIAN EDUARDO","('0008-D-2019', 7)":"RACH QUIROGA, ANALIA","('0008-D-2019', 8)":"SOLANAS, JULIO RODOLFO","('0008-D-2019', 9)":"ALVAREZ RODRIGUEZ, MARIA CRISTINA","('0008-D-2019', 10)":"VOLNOVICH, LUANA","('0008-D-2019', 11)":"HUSS, JUAN MANUEL"},"('Firmantes', 'DISTRITO')":{"('0008-D-2019', 0)":"BUENOS AIRES","('0008-D-2019', 1)":"SANTA FE","('0008-D-2019', 2)":"NEUQUEN","('0008-D-2019', 3)":"TUCUMAN","('0008-D-2019', 4)":"CHUBUT","('0008-D-2019', 5)":"BUENOS AIRES","('0008-D-2019', 6)":"BUENOS AIRES","('0008-D-2019', 7)":"CHACO","('0008-D-2019', 8)":"ENTRE RIOS","('0008-D-2019', 9)":"BUENOS AIRES","('0008-D-2019', 10)":"BUENOS AIRES","('0008-D-2019', 11)":"ENTRE RIOS"},"('Firmantes', 'BLOQUE')":{"('0008-D-2019', 0)":"FRENTE PARA LA VICTORIA - PJ","('0008-D-2019', 1)":"FRENTE PARA LA VICTORIA - PJ","('0008-D-2019', 2)":"FRENTE PARA LA VICTORIA - PJ","('0008-D-2019', 3)":"FRENTE PARA LA VICTORIA - PJ","('0008-D-2019', 4)":"FRENTE PARA LA VICTORIA - PJ","('0008-D-2019', 5)":"FRENTE PARA LA VICTORIA - PJ","('0008-D-2019', 6)":"FRENTE PARA LA VICTORIA - PJ","('0008-D-2019', 7)":"FRENTE PARA LA VICTORIA - PJ","('0008-D-2019', 8)":"FRENTE PARA LA VICTORIA - PJ","('0008-D-2019', 9)":"FRENTE PARA LA VICTORIA - PJ","('0008-D-2019', 10)":"FRENTE PARA LA VICTORIA - PJ","('0008-D-2019', 11)":"FRENTE PARA LA VICTORIA - PJ"},"('Giros', 'COMISI\u00d3N')":{"('0008-D-2019', 0)":"LEGISLACION GENERAL","('0008-D-2019', 1)":null,"('0008-D-2019', 2)":null,"('0008-D-2019', 3)":null,"('0008-D-2019', 4)":null,"('0008-D-2019', 5)":null,"('0008-D-2019', 6)":null,"('0008-D-2019', 7)":null,"('0008-D-2019', 8)":null,"('0008-D-2019', 9)":null,"('0008-D-2019', 10)":null,"('0008-D-2019', 11)":null},"Sumario":{"('0008-D-2019', 0)":"INVITACION A ADHERIR.","('0008-D-2019', 1)":null,"('0008-D-2019', 2)":null,"('0008-D-2019', 3)":null,"('0008-D-2019', 4)":null,"('0008-D-2019', 5)":null,"('0008-D-2019', 6)":null,"('0008-D-2019', 7)":null,"('0008-D-2019', 8)":null,"('0008-D-2019', 9)":null,"('0008-D-2019', 10)":null,"('0008-D-2019', 11)":null},"Palabra Clave":{"('0008-D-2019', 0)":" ","('0008-D-2019', 1)":null,"('0008-D-2019', 2)":null,"('0008-D-2019', 3)":null,"('0008-D-2019', 4)":null,"('0008-D-2019', 5)":null,"('0008-D-2019', 6)":null,"('0008-D-2019', 7)":null,"('0008-D-2019', 8)":null,"('0008-D-2019', 9)":null,"('0008-D-2019', 10)":null,"('0008-D-2019', 11)":null}}