{"Tipo de Proyecto":{"('0009-PE-2019', 0)":"MENSAJE NRO: 0205\/19 Y PROYECTO DE LEY","('0009-PE-2019', 1)":null,"('0009-PE-2019', 2)":null,"('0009-PE-2019', 3)":null},"Iniciado en: ":{"('0009-PE-2019', 0)":"Diputados","('0009-PE-2019', 1)":null,"('0009-PE-2019', 2)":null,"('0009-PE-2019', 3)":null},"Expediente Diputados: ":{"('0009-PE-2019', 0)":"0009-PE-2019","('0009-PE-2019', 1)":null,"('0009-PE-2019', 2)":null,"('0009-PE-2019', 3)":null},"Publicado en: ":{"('0009-PE-2019', 0)":"Tr\u00e1mite Parlamentario N\u00b0 173","('0009-PE-2019', 1)":null,"('0009-PE-2019', 2)":null,"('0009-PE-2019', 3)":null},"Fecha: ":{"('0009-PE-2019', 0)":"27\/11\/2019","('0009-PE-2019', 1)":null,"('0009-PE-2019', 2)":null,"('0009-PE-2019', 3)":null},"T\u00edtulo":{"('0009-PE-2019', 0)":"POR EL CUAL SE REGULA EL PROCEDIMIENTO DE INICIATIVA POPULAR. ","('0009-PE-2019', 1)":null,"('0009-PE-2019', 2)":null,"('0009-PE-2019', 3)":null},"('Firmantes', 'FIRMANTE')":{"('0009-PE-2019', 0)":"MACRI, MAURICIO","('0009-PE-2019', 1)":"PE\u00d1A, MARCOS","('0009-PE-2019', 2)":"GARAVANO, GERMAN CARLOS","('0009-PE-2019', 3)":"FRIGERIO, ROGELIO"},"('Firmantes', 'DISTRITO')":{"('0009-PE-2019', 0)":null,"('0009-PE-2019', 1)":null,"('0009-PE-2019', 2)":null,"('0009-PE-2019', 3)":null},"('Firmantes', 'BLOQUE')":{"('0009-PE-2019', 0)":"PODER EJECUTIVO","('0009-PE-2019', 1)":"PODER EJECUTIVO","('0009-PE-2019', 2)":"PODER EJECUTIVO","('0009-PE-2019', 3)":"PODER EJECUTIVO"},"('Giros', 'COMISI\u00d3N')":{"('0009-PE-2019', 0)":"ASUNTOS CONSTITUCIONALES","('0009-PE-2019', 1)":null,"('0009-PE-2019', 2)":null,"('0009-PE-2019', 3)":null},"Sumario":{"('0009-PE-2019', 0)":"REGULACION DEL PROCEDIMIENTO DE LA INICIATIVA POPULAR RECONOCIDA POR EL ARTICULO 39 DE LA CONSTITUCION NACIONAL; LA INICIATIVA POPULAR REQUERIRA LA FIRMA DE UN NUMERO DE CIUDADANOS Y CIUDADANAS NO INFERIOR AL CERO COMA OCHO POR CIENTO (0,8%) DEL PADRON ELECTORAL UTILIZADO EN LA ULTIMA ELECCION A DIPUTADOS NACIONALES; EL TOTAL DE ADHESIONES DEBERA PROVENIR DE AL MENOS CUATRO (4) DISTRITOS ELECTORALES; LAS ADHESIONES PROVENIENTES DE CADA DISTRITO ELECTORAL DEBERA PRESENTAR POR LO MENOS EL CERO COMA TRES POR CIENTO (0,3%) DE LOS PADRONES ELECTORALES DE CADA UNO DE ELLOS; CUANDO LA MATERIA DE LA INICIATIVA SEA DE ALCANCE REGIONAL, EL REQUISITO DEL PORCENTUAL SE CUMPLIRA CONSIDERANDO UNICAMENTE EL PADRON ELECTORAL DEL TOTAL DE LAS PROVINCIAS QUE COMPONEN DICHA REGION, SIN TENER EN CUENTA LA CANTIDAD DE DISTRITOS PREVISTOS ANTERIORMENTE EN ESTA NORMA; AUTORIDAD DE APLICACION A DETERMINAR POR LA H. CAMARA DE DIPUTADOS DE LA NACION; TRAMITE; LA JUSTICIA NACIONAL ELECTORAL VERIFICARA POR MUESTREO LA AUTENTICIDAD DE LAS FIRMAS TRAMITE PARLAMENTARIO; PROMOCION: FACILITACION DE LA DIFUSION A LOS PROYECTOS DE INICIATIVA POPULAR QUE SE ENCUENTREN EN PROCESO DE RECOLECCION DE FIRMAS; GRATUIDAD DEL TRAMITE; PROTECCION DE DATOS PERSONALES; DEROGACION DE LA LEY 24747, DE INICIATIVA LEGISLATIVA POPULAR.","('0009-PE-2019', 1)":null,"('0009-PE-2019', 2)":null,"('0009-PE-2019', 3)":null},"Palabra Clave":{"('0009-PE-2019', 0)":" ","('0009-PE-2019', 1)":null,"('0009-PE-2019', 2)":null,"('0009-PE-2019', 3)":null}}