{"Tipo de Proyecto":{"('0010-D-2019', 0)":"PROYECTO DE LEY","('0010-D-2019', 1)":null,"('0010-D-2019', 2)":null,"('0010-D-2019', 3)":null,"('0010-D-2019', 4)":null,"('0010-D-2019', 5)":null,"('0010-D-2019', 6)":null,"('0010-D-2019', 7)":null,"('0010-D-2019', 8)":null,"('0010-D-2019', 9)":null},"Iniciado en: ":{"('0010-D-2019', 0)":"Diputados","('0010-D-2019', 1)":null,"('0010-D-2019', 2)":null,"('0010-D-2019', 3)":null,"('0010-D-2019', 4)":null,"('0010-D-2019', 5)":null,"('0010-D-2019', 6)":null,"('0010-D-2019', 7)":null,"('0010-D-2019', 8)":null,"('0010-D-2019', 9)":null},"Expediente Diputados: ":{"('0010-D-2019', 0)":"0010-D-2019","('0010-D-2019', 1)":null,"('0010-D-2019', 2)":null,"('0010-D-2019', 3)":null,"('0010-D-2019', 4)":null,"('0010-D-2019', 5)":null,"('0010-D-2019', 6)":null,"('0010-D-2019', 7)":null,"('0010-D-2019', 8)":null,"('0010-D-2019', 9)":null},"Publicado en: ":{"('0010-D-2019', 0)":"Tr\u00e1mite Parlamentario N\u00b0 1","('0010-D-2019', 1)":null,"('0010-D-2019', 2)":null,"('0010-D-2019', 3)":null,"('0010-D-2019', 4)":null,"('0010-D-2019', 5)":null,"('0010-D-2019', 6)":null,"('0010-D-2019', 7)":null,"('0010-D-2019', 8)":null,"('0010-D-2019', 9)":null},"Fecha: ":{"('0010-D-2019', 0)":"06\/03\/2019","('0010-D-2019', 1)":null,"('0010-D-2019', 2)":null,"('0010-D-2019', 3)":null,"('0010-D-2019', 4)":null,"('0010-D-2019', 5)":null,"('0010-D-2019', 6)":null,"('0010-D-2019', 7)":null,"('0010-D-2019', 8)":null,"('0010-D-2019', 9)":null},"T\u00edtulo":{"('0010-D-2019', 0)":"CREACION DE UN PLAN NACIONAL DE SENSIBILIZACION CONTRA LA VIOLENCIA DE GENERO MEDIANTE LA INSTALACION DE BANCOS DE PLAZA, DE USO COMUN EN MEMORIA DE MUJERES QUE FUERON VICTIMAS DEL FEMICIDIO.","('0010-D-2019', 1)":null,"('0010-D-2019', 2)":null,"('0010-D-2019', 3)":null,"('0010-D-2019', 4)":null,"('0010-D-2019', 5)":null,"('0010-D-2019', 6)":null,"('0010-D-2019', 7)":null,"('0010-D-2019', 8)":null,"('0010-D-2019', 9)":null},"('Firmantes', 'FIRMANTE')":{"('0010-D-2019', 0)":"CASTAGNETO, CARLOS DANIEL","('0010-D-2019', 1)":"GRANA, ADRIAN EDUARDO","('0010-D-2019', 2)":"ALVAREZ RODRIGUEZ, MARIA CRISTINA","('0010-D-2019', 3)":"VOLNOVICH, LUANA","('0010-D-2019', 4)":"IGON, SANTIAGO NICOLAS","('0010-D-2019', 5)":"ROSSI, AGUSTIN OSCAR","('0010-D-2019', 6)":"CIAMPINI, JOSE ALBERTO","('0010-D-2019', 7)":"SOLANAS, JULIO RODOLFO","('0010-D-2019', 8)":"HUSS, JUAN MANUEL","('0010-D-2019', 9)":"RODRIGUEZ, RODRIGO MARTIN"},"('Firmantes', 'DISTRITO')":{"('0010-D-2019', 0)":"BUENOS AIRES","('0010-D-2019', 1)":"BUENOS AIRES","('0010-D-2019', 2)":"BUENOS AIRES","('0010-D-2019', 3)":"BUENOS AIRES","('0010-D-2019', 4)":"CHUBUT","('0010-D-2019', 5)":"SANTA FE","('0010-D-2019', 6)":"NEUQUEN","('0010-D-2019', 7)":"ENTRE RIOS","('0010-D-2019', 8)":"ENTRE RIOS","('0010-D-2019', 9)":"BUENOS AIRES"},"('Firmantes', 'BLOQUE')":{"('0010-D-2019', 0)":"FRENTE PARA LA VICTORIA - PJ","('0010-D-2019', 1)":"FRENTE PARA LA VICTORIA - PJ","('0010-D-2019', 2)":"FRENTE PARA LA VICTORIA - PJ","('0010-D-2019', 3)":"FRENTE PARA LA VICTORIA - PJ","('0010-D-2019', 4)":"FRENTE PARA LA VICTORIA - PJ","('0010-D-2019', 5)":"FRENTE PARA LA VICTORIA - PJ","('0010-D-2019', 6)":"FRENTE PARA LA VICTORIA - PJ","('0010-D-2019', 7)":"FRENTE PARA LA VICTORIA - PJ","('0010-D-2019', 8)":"FRENTE PARA LA VICTORIA - PJ","('0010-D-2019', 9)":"FRENTE PARA LA VICTORIA - PJ"},"('Giros', 'COMISI\u00d3N')":{"('0010-D-2019', 0)":"MUJERES Y DIVERSIDAD","('0010-D-2019', 1)":null,"('0010-D-2019', 2)":null,"('0010-D-2019', 3)":null,"('0010-D-2019', 4)":null,"('0010-D-2019', 5)":null,"('0010-D-2019', 6)":null,"('0010-D-2019', 7)":null,"('0010-D-2019', 8)":null,"('0010-D-2019', 9)":null},"('Tramites', 'C\u00c1MARA')":{"('0010-D-2019', 0)":"Diputados","('0010-D-2019', 1)":null,"('0010-D-2019', 2)":null,"('0010-D-2019', 3)":null,"('0010-D-2019', 4)":null,"('0010-D-2019', 5)":null,"('0010-D-2019', 6)":null,"('0010-D-2019', 7)":null,"('0010-D-2019', 8)":null,"('0010-D-2019', 9)":null},"('Tramites', 'MOVIMIENTO')":{"('0010-D-2019', 0)":"RESOLUCION DE PRESIDENCIA - CAMBIO DE GIRO A LA COMISION DE MUJERES Y DIVERSIDAD","('0010-D-2019', 1)":null,"('0010-D-2019', 2)":null,"('0010-D-2019', 3)":null,"('0010-D-2019', 4)":null,"('0010-D-2019', 5)":null,"('0010-D-2019', 6)":null,"('0010-D-2019', 7)":null,"('0010-D-2019', 8)":null,"('0010-D-2019', 9)":null},"('Tramites', 'FECHA')":{"('0010-D-2019', 0)":null,"('0010-D-2019', 1)":null,"('0010-D-2019', 2)":null,"('0010-D-2019', 3)":null,"('0010-D-2019', 4)":null,"('0010-D-2019', 5)":null,"('0010-D-2019', 6)":null,"('0010-D-2019', 7)":null,"('0010-D-2019', 8)":null,"('0010-D-2019', 9)":null},"('Tramites', 'RESULTADO')":{"('0010-D-2019', 0)":null,"('0010-D-2019', 1)":null,"('0010-D-2019', 2)":null,"('0010-D-2019', 3)":null,"('0010-D-2019', 4)":null,"('0010-D-2019', 5)":null,"('0010-D-2019', 6)":null,"('0010-D-2019', 7)":null,"('0010-D-2019', 8)":null,"('0010-D-2019', 9)":null},"Sumario":{"('0010-D-2019', 0)":"INVITACION A ADHERIR.","('0010-D-2019', 1)":null,"('0010-D-2019', 2)":null,"('0010-D-2019', 3)":null,"('0010-D-2019', 4)":null,"('0010-D-2019', 5)":null,"('0010-D-2019', 6)":null,"('0010-D-2019', 7)":null,"('0010-D-2019', 8)":null,"('0010-D-2019', 9)":null},"Palabra Clave":{"('0010-D-2019', 0)":" ","('0010-D-2019', 1)":null,"('0010-D-2019', 2)":null,"('0010-D-2019', 3)":null,"('0010-D-2019', 4)":null,"('0010-D-2019', 5)":null,"('0010-D-2019', 6)":null,"('0010-D-2019', 7)":null,"('0010-D-2019', 8)":null,"('0010-D-2019', 9)":null}}