{"Tipo de Proyecto":{"('0010-JGM-2019', 0)":"MENSAJE NRO: 0000\/19"},"Iniciado en: ":{"('0010-JGM-2019', 0)":"Diputados"},"Expediente Diputados: ":{"('0010-JGM-2019', 0)":"0010-JGM-2019"},"Publicado en: ":{"('0010-JGM-2019', 0)":"Tr\u00e1mite Parlamentario N\u00b0 65"},"Fecha: ":{"('0010-JGM-2019', 0)":"24\/05\/2019"},"T\u00edtulo":{"('0010-JGM-2019', 0)":"REMITE COPIA DE LA DECISION ADMINISTRATIVA 398\/2019, POR LA CUAL SE MODIFICA EL PRESUPUESTO GENERAL DE LA ADMINISTRACION PUBLICA PARA EL EJERCICIO 2019."},"('Firmantes', 'FIRMANTE')":{"('0010-JGM-2019', 0)":"PE\u00d1A, MARCOS"},"('Firmantes', 'DISTRITO')":{"('0010-JGM-2019', 0)":null},"('Firmantes', 'BLOQUE')":{"('0010-JGM-2019', 0)":"PODER EJECUTIVO"},"('Giros', 'COMISI\u00d3N')":{"('0010-JGM-2019', 0)":"PRESUPUESTO Y HACIENDA"},"Palabra Clave":{"('0010-JGM-2019', 0)":" "}}