{"Tipo de Proyecto":{"('0010-S-2019', 0)":"MENSAJE NRO: 0078\/19 Y PROYECTO DE LEY","('0010-S-2019', 1)":null,"('0010-S-2019', 2)":null,"('0010-S-2019', 3)":null,"('0010-S-2019', 4)":null,"('0010-S-2019', 5)":null,"('0010-S-2019', 6)":null},"Iniciado en: ":{"('0010-S-2019', 0)":"Senado","('0010-S-2019', 1)":null,"('0010-S-2019', 2)":null,"('0010-S-2019', 3)":null,"('0010-S-2019', 4)":null,"('0010-S-2019', 5)":null,"('0010-S-2019', 6)":null},"Expediente Diputados: ":{"('0010-S-2019', 0)":"0010-S-2019","('0010-S-2019', 1)":null,"('0010-S-2019', 2)":null,"('0010-S-2019', 3)":null,"('0010-S-2019', 4)":null,"('0010-S-2019', 5)":null,"('0010-S-2019', 6)":null},"Expediente Senado: ":{"('0010-S-2019', 0)":"0082-PE-2019","('0010-S-2019', 1)":null,"('0010-S-2019', 2)":null,"('0010-S-2019', 3)":null,"('0010-S-2019', 4)":null,"('0010-S-2019', 5)":null,"('0010-S-2019', 6)":null},"Publicado en: ":{"('0010-S-2019', 0)":"Diario de Asuntos Entrados N\u00b0 45","('0010-S-2019', 1)":null,"('0010-S-2019', 2)":null,"('0010-S-2019', 3)":null,"('0010-S-2019', 4)":null,"('0010-S-2019', 5)":null,"('0010-S-2019', 6)":null},"Fecha: ":{"('0010-S-2019', 0)":"08\/04\/2019","('0010-S-2019', 1)":null,"('0010-S-2019', 2)":null,"('0010-S-2019', 3)":null,"('0010-S-2019', 4)":null,"('0010-S-2019', 5)":null,"('0010-S-2019', 6)":null},"T\u00edtulo":{"('0010-S-2019', 0)":"PRORROGAR POR EL TERMINO DE 365 DIAS LA EMERGENCIA ECONOMICA, PRODUCTIVA, FINANCIERA Y SOCIAL A LA CADENA DE PRODUCCION DE PERAS Y MANZANAS DE LAS PROVINCIAS DEL NEUQUEN, RIO NEGRO, MENDOZA, SAN JUAN Y LA PAMPA - LEY 27354 Y SUS MODIFICATORIAS","('0010-S-2019', 1)":null,"('0010-S-2019', 2)":null,"('0010-S-2019', 3)":null,"('0010-S-2019', 4)":null,"('0010-S-2019', 5)":null,"('0010-S-2019', 6)":null},"('Firmantes', 'FIRMANTE')":{"('0010-S-2019', 0)":"MACRI, MAURICIO","('0010-S-2019', 1)":"PE\u00d1A, MARCOS","('0010-S-2019', 2)":"DUJOVNE, NICOLAS","('0010-S-2019', 3)":"SICA, DANTE ENRIQUE","('0010-S-2019', 4)":null,"('0010-S-2019', 5)":null,"('0010-S-2019', 6)":null},"('Firmantes', 'DISTRITO')":{"('0010-S-2019', 0)":null,"('0010-S-2019', 1)":null,"('0010-S-2019', 2)":null,"('0010-S-2019', 3)":null,"('0010-S-2019', 4)":null,"('0010-S-2019', 5)":null,"('0010-S-2019', 6)":null},"('Firmantes', 'BLOQUE')":{"('0010-S-2019', 0)":"PODER EJECUTIVO","('0010-S-2019', 1)":"PODER EJECUTIVO","('0010-S-2019', 2)":"PODER EJECUTIVO","('0010-S-2019', 3)":"PODER EJECUTIVO","('0010-S-2019', 4)":null,"('0010-S-2019', 5)":null,"('0010-S-2019', 6)":null},"('Giros', 'COMISI\u00d3N')":{"('0010-S-2019', 0)":"ECONOMIAS Y DESARROLLO REGIONAL","('0010-S-2019', 1)":"PRESUPUESTO Y HACIENDA","('0010-S-2019', 2)":null,"('0010-S-2019', 3)":null,"('0010-S-2019', 4)":null,"('0010-S-2019', 5)":null,"('0010-S-2019', 6)":null},"('Tramites', 'C\u00c1MARA')":{"('0010-S-2019', 0)":"Senado","('0010-S-2019', 1)":"Senado","('0010-S-2019', 2)":"Senado","('0010-S-2019', 3)":"Diputados","('0010-S-2019', 4)":"Diputados","('0010-S-2019', 5)":"Diputados","('0010-S-2019', 6)":"Diputados"},"('Tramites', 'MOVIMIENTO')":{"('0010-S-2019', 0)":"CITACION SESION ESPECIAL","('0010-S-2019', 1)":"CONSIDERACION Y APROBACION","('0010-S-2019', 2)":"INSERCIONES","('0010-S-2019', 3)":"PASA A DIPUTADOS -","('0010-S-2019', 4)":"MOCION SOBRE TABLAS (PLAN DE LABOR) (AFIRMATIVA)","('0010-S-2019', 5)":"CONSIDERACION Y SANCION","('0010-S-2019', 6)":"INSERCIONES"},"('Tramites', 'FECHA')":{"('0010-S-2019', 0)":"16\/04\/2019","('0010-S-2019', 1)":"16\/04\/2019","('0010-S-2019', 2)":"16\/04\/2019","('0010-S-2019', 3)":null,"('0010-S-2019', 4)":"24\/04\/2019","('0010-S-2019', 5)":"24\/04\/2019","('0010-S-2019', 6)":"24\/04\/2019"},"('Tramites', 'RESULTADO')":{"('0010-S-2019', 0)":null,"('0010-S-2019', 1)":"MEDIA SANCION","('0010-S-2019', 2)":null,"('0010-S-2019', 3)":null,"('0010-S-2019', 4)":null,"('0010-S-2019', 5)":"SANCIONADO","('0010-S-2019', 6)":null},"Link":{"('0010-S-2019', 0)":"http:\/\/www.senado.gov.ar\/web\/proyectos\/verExpe.php?origen=PE&nro_comision=&tipo=PL&numexp=82\/19&tConsulta=5","('0010-S-2019', 1)":null,"('0010-S-2019', 2)":null,"('0010-S-2019', 3)":null,"('0010-S-2019', 4)":null,"('0010-S-2019', 5)":null,"('0010-S-2019', 6)":null},"Palabra Clave":{"('0010-S-2019', 0)":" ","('0010-S-2019', 1)":null,"('0010-S-2019', 2)":null,"('0010-S-2019', 3)":null,"('0010-S-2019', 4)":null,"('0010-S-2019', 5)":null,"('0010-S-2019', 6)":null}}