{"Tipo de Proyecto":{"('0012-S-2019', 0)":"PROYECTO DE LEY"},"Iniciado en: ":{"('0012-S-2019', 0)":"Senado"},"Expediente Senado: ":{"('0012-S-2019', 0)":"0012-S-2019"},"Publicado en: ":{"('0012-S-2019', 0)":"Diario de Asuntos Entrados N\u00b0 1"},"Fecha: ":{"('0012-S-2019', 0)":"06\/03\/2019"},"T\u00edtulo":{"('0012-S-2019', 0)":"MODIFICACION DE LA LEY 24464 - SISTEMA FEDERAL DE LA VIVIENDA - RESPECTO DE ESTABLECER UN CUPO DEL 5% EN LOS PLANES DE VIVIENDA FONAVI, DESTINADO A PERSONAS CON DISCAPACIDAD Y MUJERES QUE COMO CONSECUENCIA DE SITUACIONES DE VIOLENCIA DOMESTICA, SE ENCUENTREN EN CONDICIONES DE VULNERABILIDAD (REPRODUCCION DEL EXPEDIENTE 1110-S-17)."},"('Firmantes', 'FIRMANTE')":{"('0012-S-2019', 0)":"KUNATH, SIGRID ELIZABETH"},"('Firmantes', 'DISTRITO')":{"('0012-S-2019', 0)":"ENTRE RIOS"},"('Firmantes', 'BLOQUE')":{"('0012-S-2019', 0)":"JUSTICIALISTA"},"Sumario":{"('0012-S-2019', 0)":"MODIFICACION DE LOS ARTICULOS 12 Y 16, INCORPORACION DEL CAPITULO III BIS (CUPOS PREFERENTES) Y DE LOS ARTICULOS 12 BIS, 12 TER, 12 QUATER DE LA LEY 24464."},"Palabra Clave":{"('0012-S-2019', 0)":" "}}