{"Tipo de Proyecto":{"('0012-PE-2019', 0)":"MENSAJE NRO: 0229\/19 Y PROYECTO DE LEY","('0012-PE-2019', 1)":null,"('0012-PE-2019', 2)":null},"Iniciado en: ":{"('0012-PE-2019', 0)":"Diputados","('0012-PE-2019', 1)":null,"('0012-PE-2019', 2)":null},"Expediente Diputados: ":{"('0012-PE-2019', 0)":"0012-PE-2019","('0012-PE-2019', 1)":null,"('0012-PE-2019', 2)":null},"Publicado en: ":{"('0012-PE-2019', 0)":"Tr\u00e1mite Parlamentario N\u00b0 177","('0012-PE-2019', 1)":null,"('0012-PE-2019', 2)":null},"Fecha: ":{"('0012-PE-2019', 0)":"09\/12\/2019","('0012-PE-2019', 1)":null,"('0012-PE-2019', 2)":null},"T\u00edtulo":{"('0012-PE-2019', 0)":"INCORPORACION A LOS PROCESOS ELECTORALES DE LA BOLETA UNICA DE SUFRAGIO.","('0012-PE-2019', 1)":null,"('0012-PE-2019', 2)":null},"('Firmantes', 'FIRMANTE')":{"('0012-PE-2019', 0)":"MACRI, MAURICIO","('0012-PE-2019', 1)":"PE\u00d1A, MARCOS","('0012-PE-2019', 2)":"FRIGERIO, ROGELIO"},"('Firmantes', 'DISTRITO')":{"('0012-PE-2019', 0)":null,"('0012-PE-2019', 1)":null,"('0012-PE-2019', 2)":null},"('Firmantes', 'BLOQUE')":{"('0012-PE-2019', 0)":"PODER EJECUTIVO","('0012-PE-2019', 1)":"PODER EJECUTIVO","('0012-PE-2019', 2)":"PODER EJECUTIVO"},"('Giros', 'COMISI\u00d3N')":{"('0012-PE-2019', 0)":"ASUNTOS CONSTITUCIONALES","('0012-PE-2019', 1)":"JUSTICIA","('0012-PE-2019', 2)":"PRESUPUESTO Y HACIENDA"},"Sumario":{"('0012-PE-2019', 0)":"CODIGO ELECTORAL, LEY 19945: SUSTITUCION DE LOS ARTICULO 52, 61, 62, 64, 65, 66, 71, 82, 85, 92, 93, 94, 97, 100, 101, 103, 118 Y 139; MODIFICACION DE LA DENOMINACION DEL CAPITULO IV DEL TITULO III \"DE LOS ACTOS PREELECTORALES, EL QUE QUEDARA REDACTADO DE LA SIGUIENTE MANERA: \"REGIMEN DE BOLETA UNICA DE SUFRAGIO\"; INCORPORACION DEL ARTICULO 62 BIS; DEROGACION DE LOS ARTICULOS 98 Y 164 QUINQUIES; LEY 26215: DE FINANCIAMIENTO DE LOS PARTIDOS POLITICOS: SUSTITUCION DE LOS ARTICULOS 28, 40, 41, 58 BIS Y 62; DEROGACION DEL ARTICULO 35; LEY 26571, DE DEMOCRATIZACION DE LA REPRESENTACION POLITICA, LA TRANSPARENCIA Y LA EQUIDAD ELECTORAL: SUSTITUCION DE LOS ARTICULOS 32, 38, 40, Y 42; MODIFICACION DE LA DENOMINACION DEL CAPITULO V DEL TITULO II \"PRIMARIAS ABIERTAS, SIMULTANEAS Y OBLIGATORIAS\", EL QUE QUEDARA REDACTADO DE LA SIGUIENTE MANERA: \"BOLETA UNICA DE SUFRAGIO\"; DEROGACION DEL ARTICULO 25; DECRETO 443\/2011: DEROGACION DE LOS ARTICULOS 15, 15 BIS, 15 TER, 15 QUATER, 16, 17, 18, 19, 20, 21, 22, 23 Y 25; DEROGACION DEL DECRETO 444\/2011; DEROGACION DEL ARTICULO 9 DEL DECRETO 17265 \/1959; CAMPA\u00d1A MASIVA DE DIFUSION.","('0012-PE-2019', 1)":null,"('0012-PE-2019', 2)":null},"Palabra Clave":{"('0012-PE-2019', 0)":" ","('0012-PE-2019', 1)":null,"('0012-PE-2019', 2)":null}}