{"Tipo de Proyecto":{"('0012-D-2019', 0)":"PROYECTO DE LEY","('0012-D-2019', 1)":null},"Iniciado en: ":{"('0012-D-2019', 0)":"Diputados","('0012-D-2019', 1)":null},"Expediente Diputados: ":{"('0012-D-2019', 0)":"0012-D-2019","('0012-D-2019', 1)":null},"Publicado en: ":{"('0012-D-2019', 0)":"Tr\u00e1mite Parlamentario N\u00b0 1","('0012-D-2019', 1)":null},"Fecha: ":{"('0012-D-2019', 0)":"06\/03\/2019","('0012-D-2019', 1)":null},"T\u00edtulo":{"('0012-D-2019', 0)":"INSTITUTO UNIVERSITARIO DE CONTROL -IUC-.  CREACION (REPRODUCCION DEL EXPEDIENTE 2096-D-17).","('0012-D-2019', 1)":null},"('Firmantes', 'FIRMANTE')":{"('0012-D-2019', 0)":"CASTAGNETO, CARLOS DANIEL","('0012-D-2019', 1)":null},"('Firmantes', 'DISTRITO')":{"('0012-D-2019', 0)":"BUENOS AIRES","('0012-D-2019', 1)":null},"('Firmantes', 'BLOQUE')":{"('0012-D-2019', 0)":"FRENTE PARA LA VICTORIA - PJ","('0012-D-2019', 1)":null},"('Giros', 'COMISI\u00d3N')":{"('0012-D-2019', 0)":"EDUCACION","('0012-D-2019', 1)":"PRESUPUESTO Y HACIENDA"},"Sumario":{"('0012-D-2019', 0)":"COMO UNIDAD FUNCIONAL DEPENDIENTE DE LA AUDITORIA GENERAL DE LA NACION.","('0012-D-2019', 1)":null},"Palabra Clave":{"('0012-D-2019', 0)":" ","('0012-D-2019', 1)":null}}