{"Tipo de Proyecto":{"('0013-JGM-2019', 0)":"MENSAJE NRO: 0012\/19","('0013-JGM-2019', 1)":null},"Iniciado en: ":{"('0013-JGM-2019', 0)":"Diputados","('0013-JGM-2019', 1)":null},"Expediente Diputados: ":{"('0013-JGM-2019', 0)":"0013-JGM-2019","('0013-JGM-2019', 1)":null},"Publicado en: ":{"('0013-JGM-2019', 0)":"Tr\u00e1mite Parlamentario N\u00b0 83","('0013-JGM-2019', 1)":null},"Fecha: ":{"('0013-JGM-2019', 0)":"25\/06\/2019","('0013-JGM-2019', 1)":null},"T\u00edtulo":{"('0013-JGM-2019', 0)":"COMUNICACION DEL DECRETO DE NECESIDAD Y URGENCIA 407 DEL 7 DE JUNIO DE 2019 POR EL CUAL SE SUSPENDE DESDE EL 1\u00b0 DE ENERO DE 2019 HASTA EL 31 DE DICIEMBRE DE 2019 INCLUSIVE, LA APLICACION DE LAS DISPOSICIONES CONTENIDAS EN EL DECRETO 814\/01 Y SUS MODIFICATORIAS, RESPECTO DE LOS EMPLEADORES TITULARES DE ESTABLECIMIENTOS EDUCATIVOS DE GESTION PRIVADA QUE SE ENCONTRAREN INCORPORADOS A LA ENSE\u00d1ANZA OFICIAL CONFORME LAS DISPOSICIONES DE LAS LEYES 13047 Y 24049.","('0013-JGM-2019', 1)":null},"('Firmantes', 'FIRMANTE')":{"('0013-JGM-2019', 0)":"PE\u00d1A, MARCOS","('0013-JGM-2019', 1)":"FINOCCHIARO, ALEJANDRO OSCAR"},"('Firmantes', 'DISTRITO')":{"('0013-JGM-2019', 0)":null,"('0013-JGM-2019', 1)":null},"('Firmantes', 'BLOQUE')":{"('0013-JGM-2019', 0)":"PODER EJECUTIVO","('0013-JGM-2019', 1)":"PODER EJECUTIVO"},"('Giros', 'COMISI\u00d3N')":{"('0013-JGM-2019', 0)":"BICAMERAL PERMANENTE DE TRAMITE LEGISLATIVO - LEY 26122","('0013-JGM-2019', 1)":null},"Palabra Clave":{"('0013-JGM-2019', 0)":" ","('0013-JGM-2019', 1)":null}}