{"Tipo de Proyecto":{"('0014-S-2019', 0)":"PROYECTO DE LEY"},"Iniciado en: ":{"('0014-S-2019', 0)":"Senado"},"Expediente Senado: ":{"('0014-S-2019', 0)":"0014-S-2019"},"Publicado en: ":{"('0014-S-2019', 0)":"Diario de Asuntos Entrados N\u00b0 1"},"Fecha: ":{"('0014-S-2019', 0)":"06\/03\/2019"},"T\u00edtulo":{"('0014-S-2019', 0)":"REGIMEN PREVISIONAL ESPECIAL PARA TRABAJADORAS Y TRABAJADORES DEL AMBITO DOMESTICO NO REMUNERADOS (REPRODUCCION DEL EXPEDIENTE 2256-S-17)."},"('Firmantes', 'FIRMANTE')":{"('0014-S-2019', 0)":"KUNATH, SIGRID ELIZABETH"},"('Firmantes', 'DISTRITO')":{"('0014-S-2019', 0)":"ENTRE RIOS"},"('Firmantes', 'BLOQUE')":{"('0014-S-2019', 0)":"JUSTICIALISTA"},"Sumario":{"('0014-S-2019', 0)":"OBJETO; DEFINICION; REQUISITOS GENERALES; PRESTACIONES; JUBILACION ORDINARIA; JUBILACION POR INVALIDEZ; PENSION; MONTO; MOVILIDAD; PLAN DE REINTEGRO; COMPENSACION; EVALUACIONES; INCOMPATIBILIDADES; NORMATIVA SUPLETORIA; COBERTURA; REGLAMENTACION."},"Palabra Clave":{"('0014-S-2019', 0)":" "}}