{"Tipo de Proyecto":{"('0014-PE-2019', 0)":"MENSAJE NRO: 0233\/19","('0014-PE-2019', 1)":null,"('0014-PE-2019', 2)":null},"Iniciado en: ":{"('0014-PE-2019', 0)":"Diputados","('0014-PE-2019', 1)":null,"('0014-PE-2019', 2)":null},"Expediente Diputados: ":{"('0014-PE-2019', 0)":"0014-PE-2019","('0014-PE-2019', 1)":null,"('0014-PE-2019', 2)":null},"Publicado en: ":{"('0014-PE-2019', 0)":"Tr\u00e1mite Parlamentario N\u00b0 177","('0014-PE-2019', 1)":null,"('0014-PE-2019', 2)":null},"Fecha: ":{"('0014-PE-2019', 0)":"09\/12\/2019","('0014-PE-2019', 1)":null,"('0014-PE-2019', 2)":null},"T\u00edtulo":{"('0014-PE-2019', 0)":"COMUNICANDO EL DICTADO DEL DECRETO 882\/2019 DE FECHA 9 DE DICIEMBRE POR EL CUAL SE HABILITA CON CARACTER PROVINCIAL, DE USO PUBLICO Y CON DESTINO COMERCIAL, A FAVOR DE LA ADMINISTRACION PORTUARIA DE POSADAS Y DE SANTA ANA EL PUERTO DENOMINADO PUERTO NUEVO DE POSADAS, UBICADO EN LA CONFLUENCIA DEL ARROYO APEPU Y EL RIO PARANA, PROVINCIA DE MISIONES.","('0014-PE-2019', 1)":null,"('0014-PE-2019', 2)":null},"('Firmantes', 'FIRMANTE')":{"('0014-PE-2019', 0)":"MACRI, MAURICIO","('0014-PE-2019', 1)":"PE\u00d1A, MARCOS","('0014-PE-2019', 2)":"DIETRICH, GUILLERMO JAVIER"},"('Firmantes', 'DISTRITO')":{"('0014-PE-2019', 0)":null,"('0014-PE-2019', 1)":null,"('0014-PE-2019', 2)":null},"('Firmantes', 'BLOQUE')":{"('0014-PE-2019', 0)":"PODER EJECUTIVO","('0014-PE-2019', 1)":"PODER EJECUTIVO","('0014-PE-2019', 2)":"PODER EJECUTIVO"},"('Giros', 'COMISI\u00d3N')":{"('0014-PE-2019', 0)":"INTERESES MARITIMOS, FLUVIALES, PESQUEROS Y PORTUARIOS","('0014-PE-2019', 1)":null,"('0014-PE-2019', 2)":null},"Palabra Clave":{"('0014-PE-2019', 0)":" ","('0014-PE-2019', 1)":null,"('0014-PE-2019', 2)":null}}