{"Tipo de Proyecto":{"('0015-PE-2019', 0)":"MENSAJE NRO: 0001\/19","('0015-PE-2019', 1)":null},"Iniciado en: ":{"('0015-PE-2019', 0)":"Diputados","('0015-PE-2019', 1)":null},"Expediente Diputados: ":{"('0015-PE-2019', 0)":"0015-PE-2019","('0015-PE-2019', 1)":null},"Publicado en: ":{"('0015-PE-2019', 0)":"Tr\u00e1mite Parlamentario N\u00b0 178","('0015-PE-2019', 1)":null},"Fecha: ":{"('0015-PE-2019', 0)":"16\/12\/2019","('0015-PE-2019', 1)":null},"T\u00edtulo":{"('0015-PE-2019', 0)":"COMUNICANDO EL DECRETO 33\/19 POR EL CUAL SE CONVOCA A SESIONES EXTRAORDINARIAS DEL 13 AL 31 DE DICIEMBRE DE 2019.","('0015-PE-2019', 1)":null},"('Firmantes', 'FIRMANTE')":{"('0015-PE-2019', 0)":"FERNANDEZ, ALBERTO","('0015-PE-2019', 1)":"CAFIERO, SANTIAGO ANDRES"},"('Firmantes', 'DISTRITO')":{"('0015-PE-2019', 0)":null,"('0015-PE-2019', 1)":null},"('Firmantes', 'BLOQUE')":{"('0015-PE-2019', 0)":"PODER EJECUTIVO","('0015-PE-2019', 1)":"PODER EJECUTIVO"},"('Giros', 'COMISI\u00d3N')":{"('0015-PE-2019', 0)":"A LA PRESIDENCIA","('0015-PE-2019', 1)":null},"Sumario":{"('0015-PE-2019', 0)":"TEMARIO: 1) PROYECTO DE LEY DE SOLIDARIDAD SOCIAL Y REACTIVACION PRODUCTIVA EN EL MARCO DE LA EMERGENCIA ECONOMICA; 2) PROYECTO DE LEY POR EL CUAL SE AUTORIZA AL SE\u00d1OR PRESIDENTE DE LA NACION A AUSENTARSE DEL PAIS DURANTE EL A\u00d1O 2020 CUANDO RAZONES DE GOBIERNO LO REQUIERAN; 3) PROYECTO DE LEY POR EL CUAL SE AUTORIZA LA ENTRADA DE TROPAS EXTRANJERAS AL TERRITORIO NACIONAL Y LA SALIDA FUERA DE EL DE FUERZAS NACIONALES, SEGUN CORRESPONDA, PARA PARTICIPAR EN LOS EJERCICIOS CONTEMPLADOS EN EL PROGRAMA DE EJERCITACIONES COMBINADAS A REALIZARSE DESDE EL 01\/09\/2019 HSATA EL 31\/08\/2020 (MENSJAE 135\/19, EXPEDIENTE 0189-PE-2019).","('0015-PE-2019', 1)":null},"Palabra Clave":{"('0015-PE-2019', 0)":" ","('0015-PE-2019', 1)":null}}