{"Tipo de Proyecto":{"('0015-S-2019', 0)":"PROYECTO DE LEY"},"Iniciado en: ":{"('0015-S-2019', 0)":"Senado"},"Expediente Senado: ":{"('0015-S-2019', 0)":"0015-S-2019"},"Publicado en: ":{"('0015-S-2019', 0)":"Diario de Asuntos Entrados N\u00b0 1"},"Fecha: ":{"('0015-S-2019', 0)":"06\/03\/2019"},"T\u00edtulo":{"('0015-S-2019', 0)":"REGIMEN REPARATORIO PARA VICTIMAS DE VIOLENCIA INSTITUCIONAL POR MOTIVOS DE IDENTIDAD DE GENERO. (REPRODUCCION DEL EXPEDIENTE 4030-S-17)."},"('Firmantes', 'FIRMANTE')":{"('0015-S-2019', 0)":"KUNATH, SIGRID ELIZABETH"},"('Firmantes', 'DISTRITO')":{"('0015-S-2019', 0)":"ENTRE RIOS"},"('Firmantes', 'BLOQUE')":{"('0015-S-2019', 0)":"JUSTICIALISTA"},"Sumario":{"('0015-S-2019', 0)":"PENSION GRACIABLE PARA LAS PERSONAS QUE HAYAN SIDO PRIVADAS DE SU LIBERTAD POR CAUSAS RELACIONADAS CON SU IDENTIDAD DE GENERO; ACREDITACION; EL BENEFICIO CORRESPONDIENTE A LAS PERSONAS QUE EN IGUALES CIRCUNSTANCIAS HUBIESEN SUFRIDO LESIONES GRAVISIMAS O ALGUNO DE LOS DELITOS CONTRA LA INTEGRAD SEXUAL SE INCREMENTARA UN TREINTA POR CIENTO (30%); SOLICITUD DEL BENEFICIO; FALLECIMIENTO DEL \/ LA BENEFICIARIO\/A SERAN ACREEDORES\/AS LOS DERECHOHABIENTES SEGUN EL ORDEN QUE ESTABLECE ESTA LEY; PENSION GRACIABLE INDEPENDIENTE DE CUALQUIER OTRA REPARACION QUE HUBIERE LUGAR; REMUNERACION DEL BENEFICIO; ORGANO DE APLICACION: SECRETARIA DE DERECHOS HUMANOS; INVITACION A LAS PROVINCIAS Y A LA CIUDAD AUTONOMA DE BUENOS AIRES A DICTAR REGIMENES REPARATORIOS SIMILARES AL DE ESTA LEY."},"Palabra Clave":{"('0015-S-2019', 0)":" "}}