{"Tipo de Proyecto":{"('0015-JGM-2019', 0)":"MENSAJE NRO: 0014\/19","('0015-JGM-2019', 1)":null},"Iniciado en: ":{"('0015-JGM-2019', 0)":"Diputados","('0015-JGM-2019', 1)":null},"Expediente Diputados: ":{"('0015-JGM-2019', 0)":"0015-JGM-2019","('0015-JGM-2019', 1)":null},"Publicado en: ":{"('0015-JGM-2019', 0)":"Tr\u00e1mite Parlamentario N\u00b0 86","('0015-JGM-2019', 1)":null},"Fecha: ":{"('0015-JGM-2019', 0)":"28\/06\/2019","('0015-JGM-2019', 1)":null},"T\u00edtulo":{"('0015-JGM-2019', 0)":"REMISION DE LA CUENTA DE INVERSION CORRESPONDIENTE AL EJERCICIO FISCAL 2018, CONFORME A LOS TERMINOS DEL ARTICULO 75 , INCISO 8) DE LA CONSTITUCION NACIONAL.","('0015-JGM-2019', 1)":null},"('Firmantes', 'FIRMANTE')":{"('0015-JGM-2019', 0)":"PE\u00d1A, MARCOS","('0015-JGM-2019', 1)":"DUJOVNE, NICOLAS"},"('Firmantes', 'DISTRITO')":{"('0015-JGM-2019', 0)":null,"('0015-JGM-2019', 1)":null},"('Firmantes', 'BLOQUE')":{"('0015-JGM-2019', 0)":"PODER EJECUTIVO","('0015-JGM-2019', 1)":"PODER EJECUTIVO"},"('Giros', 'COMISI\u00d3N')":{"('0015-JGM-2019', 0)":"PARLAMENTARIA MIXTA REVISORA DE CUENTAS","('0015-JGM-2019', 1)":null},"Palabra Clave":{"('0015-JGM-2019', 0)":" ","('0015-JGM-2019', 1)":null}}