{"Tipo de Proyecto":{"('0015-D-2019', 0)":"PROYECTO DE LEY","('0015-D-2019', 1)":null,"('0015-D-2019', 2)":null,"('0015-D-2019', 3)":null},"Iniciado en: ":{"('0015-D-2019', 0)":"Diputados","('0015-D-2019', 1)":null,"('0015-D-2019', 2)":null,"('0015-D-2019', 3)":null},"Expediente Diputados: ":{"('0015-D-2019', 0)":"0015-D-2019","('0015-D-2019', 1)":null,"('0015-D-2019', 2)":null,"('0015-D-2019', 3)":null},"Publicado en: ":{"('0015-D-2019', 0)":"Tr\u00e1mite Parlamentario N\u00b0 1","('0015-D-2019', 1)":null,"('0015-D-2019', 2)":null,"('0015-D-2019', 3)":null},"Fecha: ":{"('0015-D-2019', 0)":"06\/03\/2019","('0015-D-2019', 1)":null,"('0015-D-2019', 2)":null,"('0015-D-2019', 3)":null},"T\u00edtulo":{"('0015-D-2019', 0)":"ASIGNACIONES FAMILIARES - LEY 24714 -. INCORPORACION DEL ARTICULO 14 SEPTIES, EXTENDIENDO LA ASIGNACION POR NACIMIENTO PARA LAS TITULARES DE LA ASIGNACION POR EMBARAZO PARA PROTECCION SOCIAL (REPRODUCCION DEL EXPEDIENTE 5180-D-17).","('0015-D-2019', 1)":null,"('0015-D-2019', 2)":null,"('0015-D-2019', 3)":null},"('Firmantes', 'FIRMANTE')":{"('0015-D-2019', 0)":"CASTAGNETO, CARLOS DANIEL","('0015-D-2019', 1)":null,"('0015-D-2019', 2)":null,"('0015-D-2019', 3)":null},"('Firmantes', 'DISTRITO')":{"('0015-D-2019', 0)":"BUENOS AIRES","('0015-D-2019', 1)":null,"('0015-D-2019', 2)":null,"('0015-D-2019', 3)":null},"('Firmantes', 'BLOQUE')":{"('0015-D-2019', 0)":"FRENTE PARA LA VICTORIA - PJ","('0015-D-2019', 1)":null,"('0015-D-2019', 2)":null,"('0015-D-2019', 3)":null},"('Giros', 'COMISI\u00d3N')":{"('0015-D-2019', 0)":"PREVISION Y SEGURIDAD SOCIAL","('0015-D-2019', 1)":"MUJERES Y DIVERSIDAD","('0015-D-2019', 2)":"FAMILIAS, NI\u00d1EZ Y JUVENTUDES","('0015-D-2019', 3)":"PRESUPUESTO Y HACIENDA"},"('Tramites', 'C\u00c1MARA')":{"('0015-D-2019', 0)":"Diputados","('0015-D-2019', 1)":null,"('0015-D-2019', 2)":null,"('0015-D-2019', 3)":null},"('Tramites', 'MOVIMIENTO')":{"('0015-D-2019', 0)":"RESOLUCION DE PRESIDENCIA - AMPLIACION DE GIRO A LAS COMISIONES DE MUJERES Y DIVERSIDAD, FAMILIAS, NI\u00d1EZ Y JUVENTUDES. SE SUPRIME EL GIRO A LAS COMISIONES DE FAMILIA, MUJER, NI\u00d1EZ Y ADOLESCENCIA.","('0015-D-2019', 1)":null,"('0015-D-2019', 2)":null,"('0015-D-2019', 3)":null},"('Tramites', 'FECHA')":{"('0015-D-2019', 0)":null,"('0015-D-2019', 1)":null,"('0015-D-2019', 2)":null,"('0015-D-2019', 3)":null},"('Tramites', 'RESULTADO')":{"('0015-D-2019', 0)":null,"('0015-D-2019', 1)":null,"('0015-D-2019', 2)":null,"('0015-D-2019', 3)":null},"Palabra Clave":{"('0015-D-2019', 0)":" ","('0015-D-2019', 1)":null,"('0015-D-2019', 2)":null,"('0015-D-2019', 3)":null}}