{"Tipo de Proyecto":{"('0016-S-2019', 0)":"PROYECTO DE LEY"},"Iniciado en: ":{"('0016-S-2019', 0)":"Senado"},"Expediente Senado: ":{"('0016-S-2019', 0)":"0016-S-2019"},"Publicado en: ":{"('0016-S-2019', 0)":"Diario de Asuntos Entrados N\u00b0 1"},"Fecha: ":{"('0016-S-2019', 0)":"06\/03\/2019"},"T\u00edtulo":{"('0016-S-2019', 0)":"FACILITADORES INTERCULTURALES PARA EL SISTEMA DE SALUD."},"('Firmantes', 'FIRMANTE')":{"('0016-S-2019', 0)":"FIAD, MARIO RAYMUNDO"},"('Firmantes', 'DISTRITO')":{"('0016-S-2019', 0)":"JUJUY"},"('Firmantes', 'BLOQUE')":{"('0016-S-2019', 0)":"UCR"},"Sumario":{"('0016-S-2019', 0)":"OBJETO; OBJETIVOS; DEFINICION; CONDICIONES DEL FACILITADOR INTERCULTURAL EN SALUD; FUNCIONES; AUTORIDAD DE APLICACION; FUNCIONES; REGLAMENTACION; INVITACION A ADHERIR."},"Palabra Clave":{"('0016-S-2019', 0)":" "}}