{"Tipo de Proyecto":{"('0016-JGM-2019', 0)":"MENSAJE NRO: 0015\/19","('0016-JGM-2019', 1)":null},"Iniciado en: ":{"('0016-JGM-2019', 0)":"Diputados","('0016-JGM-2019', 1)":null},"Expediente Diputados: ":{"('0016-JGM-2019', 0)":"0016-JGM-2019","('0016-JGM-2019', 1)":null},"Publicado en: ":{"('0016-JGM-2019', 0)":"Tr\u00e1mite Parlamentario N\u00b0 89","('0016-JGM-2019', 1)":null},"Fecha: ":{"('0016-JGM-2019', 0)":"03\/07\/2019","('0016-JGM-2019', 1)":null},"T\u00edtulo":{"('0016-JGM-2019', 0)":"COMUNICACION DEL INFORME DE AVANCE SOBRE LA ELABORACION DEL PROYECTO DE LEY DEL PRESUPUESTO GENERAL DE LA ADMINISTRACION NACIONAL CORRESPONDIENTE AL EJERCICIO 2020; DE ACUERDO CON LO ESTABLECIDO EN EL ULTIMO PARRAFO DEL ARTICULO 2 DE LA LEY 24629.","('0016-JGM-2019', 1)":null},"('Firmantes', 'FIRMANTE')":{"('0016-JGM-2019', 0)":"PE\u00d1A, MARCOS","('0016-JGM-2019', 1)":"DUJOVNE, NICOLAS"},"('Firmantes', 'DISTRITO')":{"('0016-JGM-2019', 0)":null,"('0016-JGM-2019', 1)":null},"('Firmantes', 'BLOQUE')":{"('0016-JGM-2019', 0)":"PODER EJECUTIVO","('0016-JGM-2019', 1)":"PODER EJECUTIVO"},"('Giros', 'COMISI\u00d3N')":{"('0016-JGM-2019', 0)":"PRESUPUESTO Y HACIENDA","('0016-JGM-2019', 1)":null},"Palabra Clave":{"('0016-JGM-2019', 0)":" ","('0016-JGM-2019', 1)":null}}