{"Tipo de Proyecto":{"('0017-D-2019', 0)":"PROYECTO DE LEY","('0017-D-2019', 1)":null},"Iniciado en: ":{"('0017-D-2019', 0)":"Diputados","('0017-D-2019', 1)":null},"Expediente Diputados: ":{"('0017-D-2019', 0)":"0017-D-2019","('0017-D-2019', 1)":null},"Publicado en: ":{"('0017-D-2019', 0)":"Tr\u00e1mite Parlamentario N\u00b0 1","('0017-D-2019', 1)":null},"Fecha: ":{"('0017-D-2019', 0)":"06\/03\/2019","('0017-D-2019', 1)":null},"T\u00edtulo":{"('0017-D-2019', 0)":"\"CAPITAL NACIONAL DEL ARANDANO\" DECLARAR COMO TAL A LA LOCALIDAD DE LA CRIOLLA, DEPARTAMENTO DE CONCORDIA, PROVINCIA DE ENTRE RIOS (REPRODUCCION DEL EXPEDIENTE 4121-D-17).","('0017-D-2019', 1)":null},"('Firmantes', 'FIRMANTE')":{"('0017-D-2019', 0)":"GAYOL, YANINA CELESTE","('0017-D-2019', 1)":null},"('Firmantes', 'DISTRITO')":{"('0017-D-2019', 0)":"ENTRE RIOS","('0017-D-2019', 1)":null},"('Firmantes', 'BLOQUE')":{"('0017-D-2019', 0)":"PRO","('0017-D-2019', 1)":null},"('Giros', 'COMISI\u00d3N')":{"('0017-D-2019', 0)":"LEGISLACION GENERAL","('0017-D-2019', 1)":"AGRICULTURA Y GANADERIA"},"Palabra Clave":{"('0017-D-2019', 0)":" ","('0017-D-2019', 1)":null}}