{"Tipo de Proyecto":{"('0018-D-2019', 0)":"PROYECTO DE LEY","('0018-D-2019', 1)":null,"('0018-D-2019', 2)":null},"Iniciado en: ":{"('0018-D-2019', 0)":"Diputados","('0018-D-2019', 1)":null,"('0018-D-2019', 2)":null},"Expediente Diputados: ":{"('0018-D-2019', 0)":"0018-D-2019","('0018-D-2019', 1)":null,"('0018-D-2019', 2)":null},"Publicado en: ":{"('0018-D-2019', 0)":"Tr\u00e1mite Parlamentario N\u00b0 1","('0018-D-2019', 1)":null,"('0018-D-2019', 2)":null},"Fecha: ":{"('0018-D-2019', 0)":"06\/03\/2019","('0018-D-2019', 1)":null,"('0018-D-2019', 2)":null},"T\u00edtulo":{"('0018-D-2019', 0)":"REGIMEN FEDERAL DE INCLUSION SOCIO - LABORAL PARA PERSONAS CON DISCAPACIDAD. CREACION (REPRODUCCION DEL EXPEDIENTE 5313-D-17).","('0018-D-2019', 1)":null,"('0018-D-2019', 2)":null},"('Firmantes', 'FIRMANTE')":{"('0018-D-2019', 0)":"GAYOL, YANINA CELESTE","('0018-D-2019', 1)":null,"('0018-D-2019', 2)":null},"('Firmantes', 'DISTRITO')":{"('0018-D-2019', 0)":"ENTRE RIOS","('0018-D-2019', 1)":null,"('0018-D-2019', 2)":null},"('Firmantes', 'BLOQUE')":{"('0018-D-2019', 0)":"PRO","('0018-D-2019', 1)":null,"('0018-D-2019', 2)":null},"('Giros', 'COMISI\u00d3N')":{"('0018-D-2019', 0)":"DISCAPACIDAD","('0018-D-2019', 1)":"LEGISLACION DEL TRABAJO","('0018-D-2019', 2)":"PRESUPUESTO Y HACIENDA"},"Palabra Clave":{"('0018-D-2019', 0)":" ","('0018-D-2019', 1)":null,"('0018-D-2019', 2)":null}}