{"Tipo de Proyecto":{"('0018-S-2019', 0)":"PROYECTO DE LEY"},"Iniciado en: ":{"('0018-S-2019', 0)":"Senado"},"Expediente Senado: ":{"('0018-S-2019', 0)":"0018-S-2019"},"Publicado en: ":{"('0018-S-2019', 0)":"Diario de Asuntos Entrados N\u00b0 1"},"Fecha: ":{"('0018-S-2019', 0)":"06\/03\/2019"},"T\u00edtulo":{"('0018-S-2019', 0)":"MODIFICACION DEL ARTICULO 1 DE LA LEY 26279 - DETECCION Y TRATAMIENTO DE DETERMINADAS PATOLOGIAS EN EL RECIEN NACIDO -  RESPECTO DE INCORPORAR LA PRACTICA DE LA OXIMETRIA DE PULSO."},"('Firmantes', 'FIRMANTE')":{"('0018-S-2019', 0)":"FIAD, MARIO RAYMUNDO"},"('Firmantes', 'DISTRITO')":{"('0018-S-2019', 0)":"JUJUY"},"('Firmantes', 'BLOQUE')":{"('0018-S-2019', 0)":"UCR"},"Link":{"('0018-S-2019', 0)":"http:\/\/www.senado.gov.ar\/parlamentario\/comisiones\/verExp\/18.19\/S\/PL"},"Palabra Clave":{"('0018-S-2019', 0)":" "}}