{"Tipo de Proyecto":{"('0018-JGM-2019', 0)":"MENSAJE NRO \/ A\u00d1O"},"Iniciado en: ":{"('0018-JGM-2019', 0)":"Diputados"},"Expediente Diputados: ":{"('0018-JGM-2019', 0)":"0018-JGM-2019"},"Publicado en: ":{"('0018-JGM-2019', 0)":"Tr\u00e1mite Parlamentario N\u00b0 93"},"Fecha: ":{"('0018-JGM-2019', 0)":"11\/07\/2019"},"T\u00edtulo":{"('0018-JGM-2019', 0)":"REMITE COPIA DE LA DECISION ADMINISTRATIVA 567\/2019 POR LA CUAL SE MODIFICA EL PRESUPUESTO GENERAL DE LA ADMINISTRACION NACIONAL PARA EL EJERCICIO 2019. "},"('Firmantes', 'FIRMANTE')":{"('0018-JGM-2019', 0)":"PE\u00d1A, MARCOS"},"('Firmantes', 'DISTRITO')":{"('0018-JGM-2019', 0)":null},"('Firmantes', 'BLOQUE')":{"('0018-JGM-2019', 0)":"PODER EJECUTIVO"},"('Giros', 'COMISI\u00d3N')":{"('0018-JGM-2019', 0)":"PRESUPUESTO Y HACIENDA"},"Palabra Clave":{"('0018-JGM-2019', 0)":" "}}