{"Tipo de Proyecto":{"('0019-PE-2019', 0)":"MENSAJE NRO: 0010\/19","('0019-PE-2019', 1)":null},"Iniciado en: ":{"('0019-PE-2019', 0)":"Diputados","('0019-PE-2019', 1)":null},"Expediente Diputados: ":{"('0019-PE-2019', 0)":"0019-PE-2019","('0019-PE-2019', 1)":null},"Publicado en: ":{"('0019-PE-2019', 0)":"Tr\u00e1mite Parlamentario N\u00b0 178","('0019-PE-2019', 1)":null},"Fecha: ":{"('0019-PE-2019', 0)":"16\/12\/2019","('0019-PE-2019', 1)":null},"T\u00edtulo":{"('0019-PE-2019', 0)":"COMUNICACION DEL DECRETO 46\/19 POR EL CUAL SE INCLUYE EN EL TEMARIO DE LAS SESIONES EXTRAORDINARIAS LA DESIGNACION DE AUTORIDADES DEL BANCO CENTRAL DE LA REPUBLICA ARGENTINA.","('0019-PE-2019', 1)":null},"('Firmantes', 'FIRMANTE')":{"('0019-PE-2019', 0)":"FERNANDEZ, ALBERTO","('0019-PE-2019', 1)":"CAFIERO, SANTIAGO ANDRES"},"('Firmantes', 'DISTRITO')":{"('0019-PE-2019', 0)":null,"('0019-PE-2019', 1)":null},"('Firmantes', 'BLOQUE')":{"('0019-PE-2019', 0)":"PODER EJECUTIVO","('0019-PE-2019', 1)":"PODER EJECUTIVO"},"('Giros', 'COMISI\u00d3N')":{"('0019-PE-2019', 0)":"A LA PRESIDENCIA","('0019-PE-2019', 1)":null},"Palabra Clave":{"('0019-PE-2019', 0)":" ","('0019-PE-2019', 1)":null}}