{"Tipo de Proyecto":{"('0019-D-2019', 0)":"PROYECTO DE LEY","('0019-D-2019', 1)":null},"Iniciado en: ":{"('0019-D-2019', 0)":"Diputados","('0019-D-2019', 1)":null},"Expediente Diputados: ":{"('0019-D-2019', 0)":"0019-D-2019","('0019-D-2019', 1)":null},"Publicado en: ":{"('0019-D-2019', 0)":"Tr\u00e1mite Parlamentario N\u00b0 1","('0019-D-2019', 1)":null},"Fecha: ":{"('0019-D-2019', 0)":"06\/03\/2019","('0019-D-2019', 1)":null},"T\u00edtulo":{"('0019-D-2019', 0)":"DECLARAR \"CAPITAL NACIONAL DE LOS HABITOS SALUDABLES\", A LA LOCALIDAD DE LIBERTADOR SAN MARTIN, PROVINCIA DE ENTRE RIOS (REPRODUCCION DEL EXPEDIENTE 6034-D-17).","('0019-D-2019', 1)":null},"('Firmantes', 'FIRMANTE')":{"('0019-D-2019', 0)":"GAYOL, YANINA CELESTE","('0019-D-2019', 1)":null},"('Firmantes', 'DISTRITO')":{"('0019-D-2019', 0)":"ENTRE RIOS","('0019-D-2019', 1)":null},"('Firmantes', 'BLOQUE')":{"('0019-D-2019', 0)":"PRO","('0019-D-2019', 1)":null},"('Giros', 'COMISI\u00d3N')":{"('0019-D-2019', 0)":"LEGISLACION GENERAL","('0019-D-2019', 1)":"ACCION SOCIAL Y SALUD PUBLICA"},"Palabra Clave":{"('0019-D-2019', 0)":" ","('0019-D-2019', 1)":null}}