{"Tipo de Proyecto":{"('0020-S-2019', 0)":"PROYECTO DE DECLARACI\u00d3N"},"Iniciado en: ":{"('0020-S-2019', 0)":"Senado"},"Expediente Senado: ":{"('0020-S-2019', 0)":"0020-S-2019"},"Publicado en: ":{"('0020-S-2019', 0)":"Diario de Asuntos Entrados N\u00b0 1"},"Fecha: ":{"('0020-S-2019', 0)":"06\/03\/2019"},"T\u00edtulo":{"('0020-S-2019', 0)":"DECLARAR DE INTERES LA REALIZACION DE LA SEGUNDA EDICION DEL CAMPEONATO INTERNACIONAL DE MAXIBASQUETBOL FEMENINO Y MASCULINO 2019, A REALIZARSE EN LA CIUDAD DE SAN SALVADOR DE JUJUY, PROVINCIA HOMONIMA, DEL 16 AL 18 DE AGOSTO DE 2019"},"('Firmantes', 'FIRMANTE')":{"('0020-S-2019', 0)":"FIAD, MARIO RAYMUNDO"},"('Firmantes', 'DISTRITO')":{"('0020-S-2019', 0)":"JUJUY"},"('Firmantes', 'BLOQUE')":{"('0020-S-2019', 0)":"UCR"},"('Tramites', 'C\u00c1MARA')":{"('0020-S-2019', 0)":"Senado"},"('Tramites', 'MOVIMIENTO')":{"('0020-S-2019', 0)":"CONSIDERACION Y APROBACION"},"('Tramites', 'FECHA')":{"('0020-S-2019', 0)":"17\/07\/2019"},"('Tramites', 'RESULTADO')":{"('0020-S-2019', 0)":"APROBADO"},"Link":{"('0020-S-2019', 0)":"http:\/\/www.senado.gov.ar\/parlamentario\/comisiones\/verExp\/20.19\/S\/PD"},"Palabra Clave":{"('0020-S-2019', 0)":" "}}