{"Tipo de Proyecto":{"('0020-D-2019', 0)":"PROYECTO DE LEY","('0020-D-2019', 1)":null},"Iniciado en: ":{"('0020-D-2019', 0)":"Diputados","('0020-D-2019', 1)":null},"Expediente Diputados: ":{"('0020-D-2019', 0)":"0020-D-2019","('0020-D-2019', 1)":null},"Publicado en: ":{"('0020-D-2019', 0)":"Tr\u00e1mite Parlamentario N\u00b0 1","('0020-D-2019', 1)":null},"Fecha: ":{"('0020-D-2019', 0)":"06\/03\/2019","('0020-D-2019', 1)":null},"T\u00edtulo":{"('0020-D-2019', 0)":"ESTABLEZCASE COMO FERIADO NACIONAL NO TRASLADABLE EL 8 DE MARZO DE CADA A\u00d1O, EN CONMEMORACION DEL \"DIA INTERNACIONAL DE LA MUJER\" (REPRODUCCION DEL EXPEDIENTE 0540-D-17).","('0020-D-2019', 1)":null},"('Firmantes', 'FIRMANTE')":{"('0020-D-2019', 0)":"RAVERTA, MARIA FERNANDA","('0020-D-2019', 1)":null},"('Firmantes', 'DISTRITO')":{"('0020-D-2019', 0)":"BUENOS AIRES","('0020-D-2019', 1)":null},"('Firmantes', 'BLOQUE')":{"('0020-D-2019', 0)":"FRENTE PARA LA VICTORIA - PJ","('0020-D-2019', 1)":null},"('Giros', 'COMISI\u00d3N')":{"('0020-D-2019', 0)":"LEGISLACION GENERAL","('0020-D-2019', 1)":"MUJERES Y DIVERSIDAD"},"('Tramites', 'C\u00c1MARA')":{"('0020-D-2019', 0)":"Diputados","('0020-D-2019', 1)":null},"('Tramites', 'MOVIMIENTO')":{"('0020-D-2019', 0)":"RESOLUCION DE PRESIDENCIA - AMPLIACION DE GIRO A LA COMISION DE MUJERES Y DIVERSIDAD. SE SUPRIME EL GIRO A LAS COMISIONES DE FAMILIA, MUJER, NI\u00d1EZ Y ADOLESCENCIA.","('0020-D-2019', 1)":null},"('Tramites', 'FECHA')":{"('0020-D-2019', 0)":null,"('0020-D-2019', 1)":null},"('Tramites', 'RESULTADO')":{"('0020-D-2019', 0)":null,"('0020-D-2019', 1)":null},"Palabra Clave":{"('0020-D-2019', 0)":" ","('0020-D-2019', 1)":null}}