{"Tipo de Proyecto":{"('0021-D-2019', 0)":"PROYECTO DE LEY","('0021-D-2019', 1)":null,"('0021-D-2019', 2)":null},"Iniciado en: ":{"('0021-D-2019', 0)":"Diputados","('0021-D-2019', 1)":null,"('0021-D-2019', 2)":null},"Expediente Diputados: ":{"('0021-D-2019', 0)":"0021-D-2019","('0021-D-2019', 1)":null,"('0021-D-2019', 2)":null},"Publicado en: ":{"('0021-D-2019', 0)":"Tr\u00e1mite Parlamentario N\u00b0 1","('0021-D-2019', 1)":null,"('0021-D-2019', 2)":null},"Fecha: ":{"('0021-D-2019', 0)":"06\/03\/2019","('0021-D-2019', 1)":null,"('0021-D-2019', 2)":null},"T\u00edtulo":{"('0021-D-2019', 0)":"DECLARAR SITIO HISTORICO NACIONAL Y ESPACIO DE LA MEMORIA AL INMUEBLE UBICADO EN LA CALLE MAIPU N\u00b0 5225, DE LA CIUDAD DE MAR DEL PLATA, PROVINCIA DE BUENOS AIRES (REPRODUCCION DEL EXPEDIENTE 2705-D-17).","('0021-D-2019', 1)":null,"('0021-D-2019', 2)":null},"('Firmantes', 'FIRMANTE')":{"('0021-D-2019', 0)":"RAVERTA, MARIA FERNANDA","('0021-D-2019', 1)":null,"('0021-D-2019', 2)":null},"('Firmantes', 'DISTRITO')":{"('0021-D-2019', 0)":"BUENOS AIRES","('0021-D-2019', 1)":null,"('0021-D-2019', 2)":null},"('Firmantes', 'BLOQUE')":{"('0021-D-2019', 0)":"FRENTE PARA LA VICTORIA - PJ","('0021-D-2019', 1)":null,"('0021-D-2019', 2)":null},"('Giros', 'COMISI\u00d3N')":{"('0021-D-2019', 0)":"CULTURA","('0021-D-2019', 1)":"DERECHOS HUMANOS Y GARANTIAS","('0021-D-2019', 2)":"PRESUPUESTO Y HACIENDA"},"Palabra Clave":{"('0021-D-2019', 0)":" ","('0021-D-2019', 1)":null,"('0021-D-2019', 2)":null}}