{"Tipo de Proyecto":{"('0021-S-2019', 0)":"PROYECTO DE DECLARACI\u00d3N"},"Iniciado en: ":{"('0021-S-2019', 0)":"Senado"},"Expediente Senado: ":{"('0021-S-2019', 0)":"0021-S-2019"},"Publicado en: ":{"('0021-S-2019', 0)":"Diario de Asuntos Entrados N\u00b0 1"},"Fecha: ":{"('0021-S-2019', 0)":"06\/03\/2019"},"T\u00edtulo":{"('0021-S-2019', 0)":"EXPRESAR BENEPLACITO POR EL 150 ANIVERSARIO DE LA CREACION DEL COLEGIO NUMERO 1 \"TEODORO SANCHEZ DE BUSTAMANTE\", DE SAN SALVADOR DE JUJUY, PROVINCIA HOMONIMA."},"('Firmantes', 'FIRMANTE')":{"('0021-S-2019', 0)":"FIAD, MARIO RAYMUNDO"},"('Firmantes', 'DISTRITO')":{"('0021-S-2019', 0)":"JUJUY"},"('Firmantes', 'BLOQUE')":{"('0021-S-2019', 0)":"UCR"},"Link":{"('0021-S-2019', 0)":"http:\/\/www.senado.gov.ar\/parlamentario\/comisiones\/verExp\/21.19\/S\/PD"},"Palabra Clave":{"('0021-S-2019', 0)":" "}}