{"Tipo de Proyecto":{"('0022-PE-2019', 0)":"MENSAJE NRO: 0024\/20 Y PROYECTO DE LEY","('0022-PE-2019', 1)":null,"('0022-PE-2019', 2)":null,"('0022-PE-2019', 3)":null,"('0022-PE-2019', 4)":null},"Iniciado en: ":{"('0022-PE-2019', 0)":"Diputados","('0022-PE-2019', 1)":null,"('0022-PE-2019', 2)":null,"('0022-PE-2019', 3)":null,"('0022-PE-2019', 4)":null},"Expediente Diputados: ":{"('0022-PE-2019', 0)":"0022-PE-2019","('0022-PE-2019', 1)":null,"('0022-PE-2019', 2)":null,"('0022-PE-2019', 3)":null,"('0022-PE-2019', 4)":null},"Expediente Senado: ":{"('0022-PE-2019', 0)":"0017-CD-2020","('0022-PE-2019', 1)":null,"('0022-PE-2019', 2)":null,"('0022-PE-2019', 3)":null,"('0022-PE-2019', 4)":null},"Publicado en: ":{"('0022-PE-2019', 0)":"Tr\u00e1mite Parlamentario N\u00b0 182","('0022-PE-2019', 1)":null,"('0022-PE-2019', 2)":null,"('0022-PE-2019', 3)":null,"('0022-PE-2019', 4)":null},"Fecha: ":{"('0022-PE-2019', 0)":"28\/02\/2020","('0022-PE-2019', 1)":null,"('0022-PE-2019', 2)":null,"('0022-PE-2019', 3)":null,"('0022-PE-2019', 4)":null},"T\u00edtulo":{"('0022-PE-2019', 0)":"MODIFICACION DE LA LEY 27506 DE REGIMEN DE PROMOCION DE LA ECONOMIA DEL CONOCIMIENTO. ","('0022-PE-2019', 1)":null,"('0022-PE-2019', 2)":null,"('0022-PE-2019', 3)":null,"('0022-PE-2019', 4)":null},"('Firmantes', 'FIRMANTE')":{"('0022-PE-2019', 0)":"FERNANDEZ, ALBERTO","('0022-PE-2019', 1)":"CAFIERO, SANTIAGO ANDRES","('0022-PE-2019', 2)":"GUZMAN, MARTIN MAXIMILIANO","('0022-PE-2019', 3)":"KULFAS, MATIAS SEBASTIAN","('0022-PE-2019', 4)":null},"('Firmantes', 'DISTRITO')":{"('0022-PE-2019', 0)":null,"('0022-PE-2019', 1)":null,"('0022-PE-2019', 2)":null,"('0022-PE-2019', 3)":null,"('0022-PE-2019', 4)":null},"('Firmantes', 'BLOQUE')":{"('0022-PE-2019', 0)":"PODER EJECUTIVO","('0022-PE-2019', 1)":"PODER EJECUTIVO","('0022-PE-2019', 2)":"PODER EJECUTIVO","('0022-PE-2019', 3)":"PODER EJECUTIVO","('0022-PE-2019', 4)":null},"('Giros', 'COMISI\u00d3N')":{"('0022-PE-2019', 0)":"COMUNICACIONES E INFORMATICA","('0022-PE-2019', 1)":"PRESUPUESTO Y HACIENDA","('0022-PE-2019', 2)":null,"('0022-PE-2019', 3)":null,"('0022-PE-2019', 4)":null},"('Tramites', 'C\u00c1MARA')":{"('0022-PE-2019', 0)":"Diputados","('0022-PE-2019', 1)":"Diputados","('0022-PE-2019', 2)":"Senado","('0022-PE-2019', 3)":"Senado","('0022-PE-2019', 4)":"Senado"},"('Tramites', 'MOVIMIENTO')":{"('0022-PE-2019', 0)":"CITACION SESION ESPECIAL CONJUNTAMENTE PARA LOS EXPEDIENTES 5646-D-2019, 0022-PE-2019 y 0017-CD-2020","('0022-PE-2019', 1)":"CONSIDERACION Y APROBACION (SESION POR VIDEOCONFERENCIA) CONJUNTAMENTE PARA LOS EXPEDIENTES 5646-D-2019, 0022-PE-2019 y 0017-CD-2020","('0022-PE-2019', 2)":"PASA A SENADO - CONJUNTAMENTE PARA LOS EXPEDIENTES 5646-D-2019, 0022-PE-2019 y 0017-CD-2020","('0022-PE-2019', 3)":"MOCION DE PREFERENCIA CON DICTAMEN (NEGATIVA)","('0022-PE-2019', 4)":"MOCION DE PREFERENCIA CON DICTAMEN (AFIRMATIVA)"},"('Tramites', 'FECHA')":{"('0022-PE-2019', 0)":"25\/06\/2020","('0022-PE-2019', 1)":"25\/06\/2020","('0022-PE-2019', 2)":null,"('0022-PE-2019', 3)":"30\/07\/2020","('0022-PE-2019', 4)":"13\/08\/2020"},"('Tramites', 'RESULTADO')":{"('0022-PE-2019', 0)":null,"('0022-PE-2019', 1)":"MEDIA SANCION","('0022-PE-2019', 2)":null,"('0022-PE-2019', 3)":null,"('0022-PE-2019', 4)":null},"Sumario":{"('0022-PE-2019', 0)":"SUSTITUCION DE LOS ARTICULOS 4 (SUJETOS ALCANZADOS), 5 (EXCLUSION), 6 (MICROEMPRESAS), 7 (ESTABILIDAD DE LOS BENEFICIOS). 8 (CONTRIBUCIONES PATRONALES), 9 (INCENTIVOS ADICIONALES), 10 (REDUCCION DE IMPUESTOS), 11 (EXCLUSION DE RETENCIONES Y PERCEPCIONES DE IMPUESTO AL VALOR AGREGADO), 12 (DEDUCCIONES), 18  (CREACION DEL FONDO FIDUCIARIO PARA LA PROMOCION DE LA ECONOMIA DEL CONOCIMIENTO - FONPEC), 19 (AUTORIDAD DE APLICACION: MINISTERIO DE DESARROLLO PRODUCTIVO) Y 22 (INVITACION A ADHERIR); INCORPORACION DEL ARTICULO 17 BIS (BENEFICIARIOS DE LA LEY DE PROMOCION DE LA INDUSTRIA DEL SOFTWARE 25922) Y 18 BIS (CREACION DE CONSEJO CONSULTIVO); FACULTAR AL JEFE DE GABINETE DE MINISTROS A APROBAR EL FLUJO Y USO DE FONDOS DEL FONDO FIDUCIARIO FONPEC.","('0022-PE-2019', 1)":null,"('0022-PE-2019', 2)":null,"('0022-PE-2019', 3)":null,"('0022-PE-2019', 4)":null},"Palabra Clave":{"('0022-PE-2019', 0)":" ","('0022-PE-2019', 1)":null,"('0022-PE-2019', 2)":null,"('0022-PE-2019', 3)":null,"('0022-PE-2019', 4)":null}}