{"Tipo de Proyecto":{"('0022-JGM-2019', 0)":"MENSAJE NRO: 0018\/19","('0022-JGM-2019', 1)":null,"('0022-JGM-2019', 2)":null},"Iniciado en: ":{"('0022-JGM-2019', 0)":"Diputados","('0022-JGM-2019', 1)":null,"('0022-JGM-2019', 2)":null},"Expediente Diputados: ":{"('0022-JGM-2019', 0)":"0022-JGM-2019","('0022-JGM-2019', 1)":null,"('0022-JGM-2019', 2)":null},"Publicado en: ":{"('0022-JGM-2019', 0)":"Tr\u00e1mite Parlamentario N\u00b0 109","('0022-JGM-2019', 1)":null,"('0022-JGM-2019', 2)":null},"Fecha: ":{"('0022-JGM-2019', 0)":"15\/08\/2019","('0022-JGM-2019', 1)":null,"('0022-JGM-2019', 2)":null},"T\u00edtulo":{"('0022-JGM-2019', 0)":"COMUNICACION DEL DICTADO DEL DECRETO DE NECESIDAD Y URGENCIA N\u00b0 532 DEL 1 DE AGOSTO DE 2019 POR EL CUAL SE MODIFICA LA LEY 25233 DE MINISTERIOS, CREANDO EL MINISTERIO DE AGRICULTURA, GANADERIA Y PESCA DE LA NACION. ","('0022-JGM-2019', 1)":null,"('0022-JGM-2019', 2)":null},"('Firmantes', 'FIRMANTE')":{"('0022-JGM-2019', 0)":"PE\u00d1A, MARCOS","('0022-JGM-2019', 1)":"SICA, DANTE ENRIQUE","('0022-JGM-2019', 2)":"ETCHEVEHERE, LUIS MIGUEL"},"('Firmantes', 'DISTRITO')":{"('0022-JGM-2019', 0)":null,"('0022-JGM-2019', 1)":null,"('0022-JGM-2019', 2)":null},"('Firmantes', 'BLOQUE')":{"('0022-JGM-2019', 0)":"PODER EJECUTIVO","('0022-JGM-2019', 1)":"PODER EJECUTIVO","('0022-JGM-2019', 2)":"PODER EJECUTIVO"},"('Giros', 'COMISI\u00d3N')":{"('0022-JGM-2019', 0)":"BICAMERAL PERMANENTE DE TRAMITE LEGISLATIVO - LEY 26122","('0022-JGM-2019', 1)":null,"('0022-JGM-2019', 2)":null},"Palabra Clave":{"('0022-JGM-2019', 0)":" ","('0022-JGM-2019', 1)":null,"('0022-JGM-2019', 2)":null}}