{"Tipo de Proyecto":{"('0022-S-2019', 0)":"PROYECTO DE DECLARACI\u00d3N","('0022-S-2019', 1)":null},"Iniciado en: ":{"('0022-S-2019', 0)":"Senado","('0022-S-2019', 1)":null},"Expediente Senado: ":{"('0022-S-2019', 0)":"0022-S-2019","('0022-S-2019', 1)":null},"Publicado en: ":{"('0022-S-2019', 0)":"Diario de Asuntos Entrados N\u00b0 2","('0022-S-2019', 1)":null},"Fecha: ":{"('0022-S-2019', 0)":"06\/03\/2019","('0022-S-2019', 1)":null},"T\u00edtulo":{"('0022-S-2019', 0)":"DECLARAR DE INTERES LA REGIONALIZACION PERINATAL LLEVADA ADELANTE POR EL MINISTERIO DE SALUD DE LA PROVINCIA DE ENTRE RIOS PARA LA DISMINUCION DE LA MORTALIDAD MATERNA E INFANTIL.","('0022-S-2019', 1)":null},"('Firmantes', 'FIRMANTE')":{"('0022-S-2019', 0)":"KUNATH, SIGRID ELIZABETH","('0022-S-2019', 1)":null},"('Firmantes', 'DISTRITO')":{"('0022-S-2019', 0)":"ENTRE RIOS","('0022-S-2019', 1)":null},"('Firmantes', 'BLOQUE')":{"('0022-S-2019', 0)":"JUSTICIALISTA","('0022-S-2019', 1)":null},"('Tramites', 'C\u00c1MARA')":{"('0022-S-2019', 0)":"Senado","('0022-S-2019', 1)":"Senado"},"('Tramites', 'MOVIMIENTO')":{"('0022-S-2019', 0)":"MOCION SOBRE TABLAS (AFIRMATIVA)","('0022-S-2019', 1)":"CONSIDERACION Y APROBACION"},"('Tramites', 'FECHA')":{"('0022-S-2019', 0)":"20\/03\/2019","('0022-S-2019', 1)":"20\/03\/2019"},"('Tramites', 'RESULTADO')":{"('0022-S-2019', 0)":null,"('0022-S-2019', 1)":"APROBADO"},"Link":{"('0022-S-2019', 0)":"http:\/\/www.senado.gov.ar\/parlamentario\/comisiones\/verExp\/22.19\/S\/PD","('0022-S-2019', 1)":null},"Palabra Clave":{"('0022-S-2019', 0)":" ","('0022-S-2019', 1)":null}}