{"Tipo de Proyecto":{"('0023-D-2019', 0)":"PROYECTO DE LEY","('0023-D-2019', 1)":null},"Iniciado en: ":{"('0023-D-2019', 0)":"Diputados","('0023-D-2019', 1)":null},"Expediente Diputados: ":{"('0023-D-2019', 0)":"0023-D-2019","('0023-D-2019', 1)":null},"Publicado en: ":{"('0023-D-2019', 0)":"Tr\u00e1mite Parlamentario N\u00b0 1","('0023-D-2019', 1)":null},"Fecha: ":{"('0023-D-2019', 0)":"06\/03\/2019","('0023-D-2019', 1)":null},"T\u00edtulo":{"('0023-D-2019', 0)":"ESTABLECIMIENTO DE FERIADOS Y FINES DE SEMANAS LARGOS - LEY 27399 -. MODIFICACION DEL ARTICULO 7\u00b0, SOBRE FIJACION ANUAL DE TRES DIAS FERIADOS O NO LABORABLES DESTINADOS A PROMOVER EL TURISMO (REPRODUCCION DEL EXPEDIENTE 5573-D-17).","('0023-D-2019', 1)":null},"('Firmantes', 'FIRMANTE')":{"('0023-D-2019', 0)":"RAVERTA, MARIA FERNANDA","('0023-D-2019', 1)":null},"('Firmantes', 'DISTRITO')":{"('0023-D-2019', 0)":"BUENOS AIRES","('0023-D-2019', 1)":null},"('Firmantes', 'BLOQUE')":{"('0023-D-2019', 0)":"FRENTE PARA LA VICTORIA - PJ","('0023-D-2019', 1)":null},"('Giros', 'COMISI\u00d3N')":{"('0023-D-2019', 0)":"LEGISLACION GENERAL","('0023-D-2019', 1)":"TURISMO"},"Palabra Clave":{"('0023-D-2019', 0)":" ","('0023-D-2019', 1)":null}}