{"Tipo de Proyecto":{"('0024-D-2019', 0)":"PROYECTO DE LEY","('0024-D-2019', 1)":null},"Iniciado en: ":{"('0024-D-2019', 0)":"Diputados","('0024-D-2019', 1)":null},"Expediente Diputados: ":{"('0024-D-2019', 0)":"0024-D-2019","('0024-D-2019', 1)":null},"Publicado en: ":{"('0024-D-2019', 0)":"Tr\u00e1mite Parlamentario N\u00b0 1","('0024-D-2019', 1)":null},"Fecha: ":{"('0024-D-2019', 0)":"06\/03\/2019","('0024-D-2019', 1)":null},"T\u00edtulo":{"('0024-D-2019', 0)":"COMISION BICAMERAL PARA EL SEGUIMIENTO DE CASOS DE REPRESION Y VIOLENCIA INSTITUCIONAL. CREACION EN EL AMBITO DEL H. CONGRESO DE LA NACION (REPRODUCCION DEL EXPEDIENTE 6581-D-17).","('0024-D-2019', 1)":null},"('Firmantes', 'FIRMANTE')":{"('0024-D-2019', 0)":"RAVERTA, MARIA FERNANDA","('0024-D-2019', 1)":null},"('Firmantes', 'DISTRITO')":{"('0024-D-2019', 0)":"BUENOS AIRES","('0024-D-2019', 1)":null},"('Firmantes', 'BLOQUE')":{"('0024-D-2019', 0)":"FRENTE PARA LA VICTORIA - PJ","('0024-D-2019', 1)":null},"('Giros', 'COMISI\u00d3N')":{"('0024-D-2019', 0)":"PETICIONES, PODERES Y REGLAMENTO","('0024-D-2019', 1)":"PRESUPUESTO Y HACIENDA"},"Sumario":{"('0024-D-2019', 0)":"OBJETIVO; FUNCIONES; INTEGRACION; PRESENTACION DE INFORME ANUAL.","('0024-D-2019', 1)":null},"Palabra Clave":{"('0024-D-2019', 0)":" ","('0024-D-2019', 1)":null}}