{"Tipo de Proyecto":{"('0025-JGM-2019', 0)":"MENSAJE NRO \/ A\u00d1O"},"Iniciado en: ":{"('0025-JGM-2019', 0)":"Diputados"},"Expediente Diputados: ":{"('0025-JGM-2019', 0)":"0025-JGM-2019"},"Publicado en: ":{"('0025-JGM-2019', 0)":"Tr\u00e1mite Parlamentario N\u00b0 122"},"Fecha: ":{"('0025-JGM-2019', 0)":"04\/09\/2019"},"T\u00edtulo":{"('0025-JGM-2019', 0)":"REMITE COPIA DE LA DECISION ADMINISTRATIVA 732\/2019, DE FECHA 28 DE AGOSTO DE 2019, POR LA CUAL SE MODIFICA EL PRESUPUESTO GENERAL DE LA ADMINISTRACION PUBLICA NACIONAL PARA EL EJERCICIO 2019."},"('Firmantes', 'FIRMANTE')":{"('0025-JGM-2019', 0)":"PE\u00d1A, MARCOS"},"('Firmantes', 'DISTRITO')":{"('0025-JGM-2019', 0)":null},"('Firmantes', 'BLOQUE')":{"('0025-JGM-2019', 0)":"PODER EJECUTIVO"},"('Giros', 'COMISI\u00d3N')":{"('0025-JGM-2019', 0)":"PRESUPUESTO Y HACIENDA"},"Palabra Clave":{"('0025-JGM-2019', 0)":" "}}