{"Tipo de Proyecto":{"('0025-S-2019', 0)":"PROYECTO DE LEY"},"Iniciado en: ":{"('0025-S-2019', 0)":"Senado"},"Expediente Senado: ":{"('0025-S-2019', 0)":"0025-S-2019"},"Publicado en: ":{"('0025-S-2019', 0)":"Diario de Asuntos Entrados N\u00b0 2"},"Fecha: ":{"('0025-S-2019', 0)":"06\/03\/2019"},"T\u00edtulo":{"('0025-S-2019', 0)":"DECLARAR LA EMERGENCIA PUBLICA EN MATERIA SOCIAL POR VIOLENCIA DE GENERO EN TODO EL TERRITORIO NACIONAL POR EL TERMINO DE DOS A\u00d1OS."},"('Firmantes', 'FIRMANTE')":{"('0025-S-2019', 0)":"CREXELL, CARMEN LUCILA"},"('Firmantes', 'DISTRITO')":{"('0025-S-2019', 0)":"NEUQUEN"},"('Firmantes', 'BLOQUE')":{"('0025-S-2019', 0)":"MOV POP NEUQUINO"},"Sumario":{"('0025-S-2019', 0)":"DECLARACION DE EMERGENCIA; CREACION DEL PROGRAMA NACIONAL DE HOGARES DE PROTECCION INTEGRAL PARA LA ATENCION Y ALBERGUE DE MUJERES QUE PADECEN VIOLENCIA CONFORME LA LEY 26485; FINALIDAD DEL PROGRAMA; AUTORIDAD DE APLICACION; HOGARES DE PROTECCION INTEGRAL; SERVICIOS; EQUIPO INTERDISCIPLINARIO; COMPOSICION; NO SE PODRA MANTENER A LAS MUJERES VICTIMAS DE VIOLENCIA, EN LO HOGARES DE PROTECCION INTEGRAL, EN CONTRA DE SU VOLUNTAD; POST ASISTENCIA; EDUCACION; REGLAMENTACION; INVITACION A ADHERIR."},"Palabra Clave":{"('0025-S-2019', 0)":" "}}