{"Tipo de Proyecto":{"('0025-PE-2019', 0)":"MENSAJE NRO: 0055\/19","('0025-PE-2019', 1)":null,"('0025-PE-2019', 2)":null,"('0025-PE-2019', 3)":null},"Iniciado en: ":{"('0025-PE-2019', 0)":"Senado","('0025-PE-2019', 1)":null,"('0025-PE-2019', 2)":null,"('0025-PE-2019', 3)":null},"Expediente Senado: ":{"('0025-PE-2019', 0)":"0025-PE-2019","('0025-PE-2019', 1)":null,"('0025-PE-2019', 2)":null,"('0025-PE-2019', 3)":null},"Publicado en: ":{"('0025-PE-2019', 0)":"DAE S.A. N\u00b0 1","('0025-PE-2019', 1)":null,"('0025-PE-2019', 2)":null,"('0025-PE-2019', 3)":null},"Fecha: ":{"('0025-PE-2019', 0)":"11\/03\/2019","('0025-PE-2019', 1)":null,"('0025-PE-2019', 2)":null,"('0025-PE-2019', 3)":null},"T\u00edtulo":{"('0025-PE-2019', 0)":"SOLICITA ACUERDO PARA DESIGNAR JUEZ DE CAMARA DEL TRIBUNAL ORAL EN LO CRIMINAL FEDERAL DE LA RIOJA, PROVINCIA DE LA RIOJA, AL DOCTOR MARIO EDUARDO MARTINEZ.","('0025-PE-2019', 1)":null,"('0025-PE-2019', 2)":null,"('0025-PE-2019', 3)":null},"('Firmantes', 'FIRMANTE')":{"('0025-PE-2019', 0)":"MACRI, MAURICIO","('0025-PE-2019', 1)":"GARAVANO, GERMAN CARLOS","('0025-PE-2019', 2)":null,"('0025-PE-2019', 3)":null},"('Firmantes', 'DISTRITO')":{"('0025-PE-2019', 0)":null,"('0025-PE-2019', 1)":null,"('0025-PE-2019', 2)":null,"('0025-PE-2019', 3)":null},"('Firmantes', 'BLOQUE')":{"('0025-PE-2019', 0)":"PODER EJECUTIVO","('0025-PE-2019', 1)":"PODER EJECUTIVO","('0025-PE-2019', 2)":null,"('0025-PE-2019', 3)":null},"('Tramites', 'C\u00c1MARA')":{"('0025-PE-2019', 0)":"Senado","('0025-PE-2019', 1)":"Senado","('0025-PE-2019', 2)":"Senado","('0025-PE-2019', 3)":"Senado"},"('Tramites', 'MOVIMIENTO')":{"('0025-PE-2019', 0)":"CITACION SESION ESPECIAL","('0025-PE-2019', 1)":"MOCION POSTERGACION DE TRATAMIENTO (AFIRMATIVA)","('0025-PE-2019', 2)":"MOCION DE PREFERENCIA PARA LA PROXIMA SESION (AFIRMATIVA)","('0025-PE-2019', 3)":"CONSIDERACION Y APROBACION"},"('Tramites', 'FECHA')":{"('0025-PE-2019', 0)":"22\/05\/2019","('0025-PE-2019', 1)":"22\/05\/2019","('0025-PE-2019', 2)":"22\/05\/2019","('0025-PE-2019', 3)":"17\/07\/2019"},"('Tramites', 'RESULTADO')":{"('0025-PE-2019', 0)":null,"('0025-PE-2019', 1)":null,"('0025-PE-2019', 2)":null,"('0025-PE-2019', 3)":"APROBADO"},"Palabra Clave":{"('0025-PE-2019', 0)":" ","('0025-PE-2019', 1)":null,"('0025-PE-2019', 2)":null,"('0025-PE-2019', 3)":null}}