{"Tipo de Proyecto":{"('0026-D-2019', 0)":"PROYECTO DE LEY"},"Iniciado en: ":{"('0026-D-2019', 0)":"Diputados"},"Expediente Diputados: ":{"('0026-D-2019', 0)":"0026-D-2019"},"Publicado en: ":{"('0026-D-2019', 0)":"Tr\u00e1mite Parlamentario N\u00b0 1"},"Fecha: ":{"('0026-D-2019', 0)":"06\/03\/2019"},"T\u00edtulo":{"('0026-D-2019', 0)":"CODIGO PENAL. INCORPORACION DE LOS ARTICULOS 84 TER Y 94 TER, SOBRE AGRAVANTES POR INTERVENCION DE PERROS POTENCIALMENTE PELIGROSOS (REPRODUCCION DEL EXPEDIENTE 4752-D-17)."},"('Firmantes', 'FIRMANTE')":{"('0026-D-2019', 0)":"BR\u00dcGGE, JUAN FERNANDO"},"('Firmantes', 'DISTRITO')":{"('0026-D-2019', 0)":"CORDOBA"},"('Firmantes', 'BLOQUE')":{"('0026-D-2019', 0)":"CORDOBA FEDERAL"},"('Giros', 'COMISI\u00d3N')":{"('0026-D-2019', 0)":"LEGISLACION PENAL"},"Palabra Clave":{"('0026-D-2019', 0)":" "}}