{"Tipo de Proyecto":{"('0028-S-2019', 0)":"COMUNICACION","('0028-S-2019', 1)":null,"('0028-S-2019', 2)":null},"Iniciado en: ":{"('0028-S-2019', 0)":"Senado","('0028-S-2019', 1)":null,"('0028-S-2019', 2)":null},"Expediente Senado: ":{"('0028-S-2019', 0)":"0028-S-2019","('0028-S-2019', 1)":null,"('0028-S-2019', 2)":null},"Publicado en: ":{"('0028-S-2019', 0)":"Diario de Asuntos Entrados N\u00b0 2","('0028-S-2019', 1)":null,"('0028-S-2019', 2)":null},"Fecha: ":{"('0028-S-2019', 0)":"06\/03\/2019","('0028-S-2019', 1)":null,"('0028-S-2019', 2)":null},"T\u00edtulo":{"('0028-S-2019', 0)":"PEDIDO DE INFORMES AL PODER EJECUTIVO SOBRE DIVERSAS CUESTIONES RELACIONADAS A LA IMPLEMENTACION DE LA LEY 27234 - EDUCAR EN IGUALDAD: PREVENCION Y ERRADICACION DE LA VIOLENCIA DE GENERO-.\t\t\t\t\t\t\t\t\t\t\t\t\t\t\t\t\t\t\t\t\t","('0028-S-2019', 1)":null,"('0028-S-2019', 2)":null},"('Firmantes', 'FIRMANTE')":{"('0028-S-2019', 0)":"CREXELL, CARMEN LUCILA","('0028-S-2019', 1)":null,"('0028-S-2019', 2)":null},"('Firmantes', 'DISTRITO')":{"('0028-S-2019', 0)":"NEUQUEN","('0028-S-2019', 1)":null,"('0028-S-2019', 2)":null},"('Firmantes', 'BLOQUE')":{"('0028-S-2019', 0)":"MOV POP NEUQUINO","('0028-S-2019', 1)":null,"('0028-S-2019', 2)":null},"('Tramites', 'C\u00c1MARA')":{"('0028-S-2019', 0)":"Senado","('0028-S-2019', 1)":"Senado","('0028-S-2019', 2)":"Senado"},"('Tramites', 'MOVIMIENTO')":{"('0028-S-2019', 0)":"MOCION SOBRE TABLAS (AFIRMATIVA)","('0028-S-2019', 1)":"CONSIDERACION Y APROBACION","('0028-S-2019', 2)":"CONTESTACION DEL PODER EJECUTIVO NACIONAL - JEFE DE GABINETE DE MINISTROS - GIRADO A LA COMISION RESPECTIVA"},"('Tramites', 'FECHA')":{"('0028-S-2019', 0)":"20\/03\/2019","('0028-S-2019', 1)":"20\/03\/2019","('0028-S-2019', 2)":null},"('Tramites', 'RESULTADO')":{"('0028-S-2019', 0)":null,"('0028-S-2019', 1)":"APROBADO","('0028-S-2019', 2)":null},"Link":{"('0028-S-2019', 0)":"http:\/\/www.senado.gov.ar\/parlamentario\/comisiones\/verExp\/28.19\/S\/PC","('0028-S-2019', 1)":null,"('0028-S-2019', 2)":null},"Palabra Clave":{"('0028-S-2019', 0)":" ","('0028-S-2019', 1)":null,"('0028-S-2019', 2)":null}}