{"Tipo de Proyecto":{"('0028-OV-2019', 0)":"PROYECTO DE RESOLUCI\u00d3N"},"Iniciado en: ":{"('0028-OV-2019', 0)":"Senado"},"Expediente Senado: ":{"('0028-OV-2019', 0)":"0028-OV-2019"},"Fecha: ":{"('0028-OV-2019', 0)":"09\/08\/2019"},"T\u00edtulo":{"('0028-OV-2019', 0)":"RESOLUCION REMITIDA POR LA AUDITORIA GENERAL DE LA NACION 24\/19, QUE APRUEBA EL INFORME SOBRE CONTROLES - INTERNO CONTABLE - REFERIDO A EDUC.AR SOCIEDAD DEL ESTADO, EJERCICIO FINALIZADO EL 31\/12\/2014."},"('Firmantes', 'FIRMANTE')":{"('0028-OV-2019', 0)":"PARLAMENTARIA MIXTA REVISORA DE CUENTAS"},"('Firmantes', 'DISTRITO')":{"('0028-OV-2019', 0)":null},"('Firmantes', 'BLOQUE')":{"('0028-OV-2019', 0)":null},"Sumario":{"('0028-OV-2019', 0)":"HABIENDO TOMADO CONOCIMIENTO Y SIN PERJUICIO DE ULTERIORES MEDIDAS QUE PUEDAN ADOPTARSE, SE ACONSEJA SU REMISION AL ARCHIVO."},"Palabra Clave":{"('0028-OV-2019', 0)":" "}}