{"Tipo de Proyecto":{"('0029-D-2019', 0)":"PROYECTO DE LEY"},"Iniciado en: ":{"('0029-D-2019', 0)":"Diputados"},"Expediente Diputados: ":{"('0029-D-2019', 0)":"0029-D-2019"},"Publicado en: ":{"('0029-D-2019', 0)":"Tr\u00e1mite Parlamentario N\u00b0 1"},"Fecha: ":{"('0029-D-2019', 0)":"06\/03\/2019"},"T\u00edtulo":{"('0029-D-2019', 0)":"CODIGO PENAL. INCORPORACION DEL ARTICULO 41 SEXIES, SOBRE RESGUARDO DE LA ACTIVIDAD DE LOS PERIODISTAS Y DE LOS EQUIPOS PERIODISTICOS (REPRODUCCION DEL EXPEDIENTE 2740-D-17)."},"('Firmantes', 'FIRMANTE')":{"('0029-D-2019', 0)":"BR\u00dcGGE, JUAN FERNANDO"},"('Firmantes', 'DISTRITO')":{"('0029-D-2019', 0)":"CORDOBA"},"('Firmantes', 'BLOQUE')":{"('0029-D-2019', 0)":"CORDOBA FEDERAL"},"('Giros', 'COMISI\u00d3N')":{"('0029-D-2019', 0)":"LEGISLACION PENAL"},"Sumario":{"('0029-D-2019', 0)":"INCORPORACION DEL ARTICULO 41 SEXIES AL LIBRO I, TITULO V, IMPUTABILIDAD."},"Palabra Clave":{"('0029-D-2019', 0)":" "}}