{"Tipo de Proyecto":{"('0030-D-2019', 0)":"PROYECTO DE LEY"},"Iniciado en: ":{"('0030-D-2019', 0)":"Diputados"},"Expediente Diputados: ":{"('0030-D-2019', 0)":"0030-D-2019"},"Publicado en: ":{"('0030-D-2019', 0)":"Tr\u00e1mite Parlamentario N\u00b0 1"},"Fecha: ":{"('0030-D-2019', 0)":"06\/03\/2019"},"T\u00edtulo":{"('0030-D-2019', 0)":"CODIGO PENAL. MODIFICACION DEL ARTICULO 83, SOBRE INSTIGACION AL SUICIDIO E INCORPORACION DEL ARTICULO 94 TER, SOBRE INSTIGACION A LA AUTOLESION (REPRODUCCION DEL EXPEDIENTE 2537-D-17)."},"('Firmantes', 'FIRMANTE')":{"('0030-D-2019', 0)":"BR\u00dcGGE, JUAN FERNANDO"},"('Firmantes', 'DISTRITO')":{"('0030-D-2019', 0)":"CORDOBA"},"('Firmantes', 'BLOQUE')":{"('0030-D-2019', 0)":"CORDOBA FEDERAL"},"('Giros', 'COMISI\u00d3N')":{"('0030-D-2019', 0)":"LEGISLACION PENAL"},"Palabra Clave":{"('0030-D-2019', 0)":" "}}