{"Tipo de Proyecto":{"('0030-JGM-2019', 0)":"MENSAJE NRO: 0024\/19","('0030-JGM-2019', 1)":null},"Iniciado en: ":{"('0030-JGM-2019', 0)":"Diputados","('0030-JGM-2019', 1)":null},"Expediente Diputados: ":{"('0030-JGM-2019', 0)":"0030-JGM-2019","('0030-JGM-2019', 1)":null},"Publicado en: ":{"('0030-JGM-2019', 0)":"Tr\u00e1mite Parlamentario N\u00b0 131","('0030-JGM-2019', 1)":null},"Fecha: ":{"('0030-JGM-2019', 0)":"17\/09\/2019","('0030-JGM-2019', 1)":null},"T\u00edtulo":{"('0030-JGM-2019', 0)":"COMUNICACION DEL DECRETO DE NECESIDAD Y URGENCIA 610 DEL 02 DE SEPTIEMBRE DE 2019 POR EL CUAL SE MODIFICAN LOS MONTOS DEL SALARIO MINIMO, VITAL Y MOVIL FIJADOS EN EL ARTICULO 1\u00b0, INCISOS A), B) Y C) DE LA RESOLUCION DEL CONSEJO NACIONAL DEL EMPLEO, LA PRODUCTIVIDAD Y EL SALARIO MINIMO VITAL Y MOVIL N\u00b0 6, A PARTIR DEL 1\u00b0 DE AGOSTO DE 2019, DEL 1\u00b0 DE SEPTIEMBRE DE 2019 Y DEL 1\u00b0 DE OCTUBRE DE 2019, RESPECTIVAMENTE.","('0030-JGM-2019', 1)":null},"('Firmantes', 'FIRMANTE')":{"('0030-JGM-2019', 0)":"PE\u00d1A, MARCOS","('0030-JGM-2019', 1)":"SICA, DANTE ENRIQUE"},"('Firmantes', 'DISTRITO')":{"('0030-JGM-2019', 0)":null,"('0030-JGM-2019', 1)":null},"('Firmantes', 'BLOQUE')":{"('0030-JGM-2019', 0)":"PODER EJECUTIVO","('0030-JGM-2019', 1)":"PODER EJECUTIVO"},"('Giros', 'COMISI\u00d3N')":{"('0030-JGM-2019', 0)":"BICAMERAL PERMANENTE DE TRAMITE LEGISLATIVO - LEY 26122","('0030-JGM-2019', 1)":null},"Palabra Clave":{"('0030-JGM-2019', 0)":" ","('0030-JGM-2019', 1)":null}}