{"Tipo de Proyecto":{"('0032-S-2019', 0)":"PROYECTO DE LEY","('0032-S-2019', 1)":null,"('0032-S-2019', 2)":null,"('0032-S-2019', 3)":null,"('0032-S-2019', 4)":null},"Iniciado en: ":{"('0032-S-2019', 0)":"Senado","('0032-S-2019', 1)":null,"('0032-S-2019', 2)":null,"('0032-S-2019', 3)":null,"('0032-S-2019', 4)":null},"Expediente Diputados: ":{"('0032-S-2019', 0)":"0032-S-2019","('0032-S-2019', 1)":null,"('0032-S-2019', 2)":null,"('0032-S-2019', 3)":null,"('0032-S-2019', 4)":null},"Expediente Senado: ":{"('0032-S-2019', 0)":"0004-S-2019","('0032-S-2019', 1)":null,"('0032-S-2019', 2)":null,"('0032-S-2019', 3)":null,"('0032-S-2019', 4)":null},"Publicado en: ":{"('0032-S-2019', 0)":"Diario de Asuntos Entrados N\u00b0 1","('0032-S-2019', 1)":null,"('0032-S-2019', 2)":null,"('0032-S-2019', 3)":null,"('0032-S-2019', 4)":null},"Fecha: ":{"('0032-S-2019', 0)":"06\/03\/2019","('0032-S-2019', 1)":null,"('0032-S-2019', 2)":null,"('0032-S-2019', 3)":null,"('0032-S-2019', 4)":null},"T\u00edtulo":{"('0032-S-2019', 0)":"LEY 26485 - PROTECCION INTEGRAL PARA PREVENIR, SANCIONAR Y ERRADICAR LA VIOLENCIA CONTRA LAS MUJERES -, Y LEY 24417 - PROTECCION CONTRA LA VIOLENCIA FAMILIAR -: MODIFICACION ESTABLECIENDO UN MECANISMO DE PREVENCION PARA LOS CASOS DONDE AGENTES DE FUERZAS POLICIALES Y DE SEGURIDAD SEAN DENUNCIADOS POR VIOLENCIA CONTRA LAS MUJERES.","('0032-S-2019', 1)":null,"('0032-S-2019', 2)":null,"('0032-S-2019', 3)":null,"('0032-S-2019', 4)":null},"('Firmantes', 'FIRMANTE')":{"('0032-S-2019', 0)":"KUNATH, SIGRID ELIZABETH","('0032-S-2019', 1)":"SCHIAVONI, HUMBERTO LUIS ARTURO","('0032-S-2019', 2)":null,"('0032-S-2019', 3)":null,"('0032-S-2019', 4)":null},"('Firmantes', 'DISTRITO')":{"('0032-S-2019', 0)":"ENTRE RIOS","('0032-S-2019', 1)":"MISIONES","('0032-S-2019', 2)":null,"('0032-S-2019', 3)":null,"('0032-S-2019', 4)":null},"('Firmantes', 'BLOQUE')":{"('0032-S-2019', 0)":"JUSTICIALISTA","('0032-S-2019', 1)":"FRENTE PRO","('0032-S-2019', 2)":null,"('0032-S-2019', 3)":null,"('0032-S-2019', 4)":null},"('Giros', 'COMISI\u00d3N')":{"('0032-S-2019', 0)":"MUJERES Y DIVERSIDAD","('0032-S-2019', 1)":"SEGURIDAD INTERIOR","('0032-S-2019', 2)":null,"('0032-S-2019', 3)":null,"('0032-S-2019', 4)":null},"('Tramites', 'C\u00c1MARA')":{"('0032-S-2019', 0)":"Senado","('0032-S-2019', 1)":"Senado","('0032-S-2019', 2)":"Senado","('0032-S-2019', 3)":"Diputados","('0032-S-2019', 4)":"Diputados"},"('Tramites', 'MOVIMIENTO')":{"('0032-S-2019', 0)":"MOCION DE PREFERENCIA PARA LA PROXIMA SESION CON DICTAMEN (AFIRMATIVA)","('0032-S-2019', 1)":"SOLICITUD DE SER COFIRMANTE DEL SENADOR SCHIAVONI (A SUS ANTECEDENTES)","('0032-S-2019', 2)":"CONSIDERACION Y APROBACION CON MODIFICACIONES","('0032-S-2019', 3)":"PASA A DIPUTADOS -","('0032-S-2019', 4)":"RESOLUCION DE PRESIDENCIA - AMPLIACION DE GIRO A LA COMISION DE MUJERES Y DIVERSIDAD. SE SUPRIME EL GIRO A LAS COMISIONES DE FAMILIA, MUJER, NI\u00d1EZ Y ADOLESCENCIA."},"('Tramites', 'FECHA')":{"('0032-S-2019', 0)":"16\/04\/2019","('0032-S-2019', 1)":"22\/05\/2019","('0032-S-2019', 2)":"17\/07\/2019","('0032-S-2019', 3)":null,"('0032-S-2019', 4)":null},"('Tramites', 'RESULTADO')":{"('0032-S-2019', 0)":null,"('0032-S-2019', 1)":null,"('0032-S-2019', 2)":"MEDIA SANCION","('0032-S-2019', 3)":null,"('0032-S-2019', 4)":null},"Sumario":{"('0032-S-2019', 0)":"LEY 26485: INCORPORACION DEL INCISO J) AL APARTADO 5.1 -SECRETARIA DE JUSTICIA-, DEL ARTICULO 11; INCORPORACION DEL INCISO F) AL APARTADO 5.2 -SECRETARIA DE SEGURIDAD-, DEL ARTICULO 11; INCORPORACION DEL INCISO E) AL APARTADO 7 -MINISTERIO DE DEFENSA DE LA NACION-, DEL ARTICULO 11; INCORPORACION DEL ARTICULO 27 BIS; LEY 24417: INCORPORACION DEL ARTICULO 70 BIS; INVITACION A LAS PROVINCIAS Y A LA CIUDAD AUTONOMA DE BUENOS AIRES, A DICTAR NORMAS DE LA MISMA NATURALEZA QUE LA PRESENTE, PARA LOS ORGANISMOS QUE SE ENCUENTREN BAJO SU JURISDICCION.","('0032-S-2019', 1)":null,"('0032-S-2019', 2)":null,"('0032-S-2019', 3)":null,"('0032-S-2019', 4)":null},"Palabra Clave":{"('0032-S-2019', 0)":" ","('0032-S-2019', 1)":null,"('0032-S-2019', 2)":null,"('0032-S-2019', 3)":null,"('0032-S-2019', 4)":null}}