{"Tipo de Proyecto":{"('0032-JGM-2019', 0)":"MENSAJE NRO: 0025\/19","('0032-JGM-2019', 1)":null},"Iniciado en: ":{"('0032-JGM-2019', 0)":"Diputados","('0032-JGM-2019', 1)":null},"Expediente Diputados: ":{"('0032-JGM-2019', 0)":"0032-JGM-2019","('0032-JGM-2019', 1)":null},"Publicado en: ":{"('0032-JGM-2019', 0)":"Tr\u00e1mite Parlamentario N\u00b0 146","('0032-JGM-2019', 1)":null},"Fecha: ":{"('0032-JGM-2019', 0)":"09\/10\/2019","('0032-JGM-2019', 1)":null},"T\u00edtulo":{"('0032-JGM-2019', 0)":"COMUNICACION DEL DECRETO DE NECESIDAD Y URGENCIA 665\/19 DE FECHA 25 DE SETIEMBRE DE 2019 POR EL CUAL SE ESTABLECE UNA ASIGNACION NO REMUNERATIVA PARA LOS TRABAJADORES EN RELACION DE DEPENDENCIA DEL SECTOR PRIVADO, QUE ASCENDERA A LA SUMA DE $ 5000.","('0032-JGM-2019', 1)":null},"('Firmantes', 'FIRMANTE')":{"('0032-JGM-2019', 0)":"PE\u00d1A, MARCOS","('0032-JGM-2019', 1)":"SICA, DANTE ENRIQUE"},"('Firmantes', 'DISTRITO')":{"('0032-JGM-2019', 0)":null,"('0032-JGM-2019', 1)":null},"('Firmantes', 'BLOQUE')":{"('0032-JGM-2019', 0)":"PODER EJECUTIVO","('0032-JGM-2019', 1)":"PODER EJECUTIVO"},"('Giros', 'COMISI\u00d3N')":{"('0032-JGM-2019', 0)":"BICAMERAL PERMANENTE DE TRAMITE LEGISLATIVO - LEY 26122","('0032-JGM-2019', 1)":null},"Palabra Clave":{"('0032-JGM-2019', 0)":" ","('0032-JGM-2019', 1)":null}}