{"Tipo de Proyecto":{"('0032-OV-2019', 0)":"PROYECTO DE RESOLUCI\u00d3N"},"Iniciado en: ":{"('0032-OV-2019', 0)":"Senado"},"Expediente Senado: ":{"('0032-OV-2019', 0)":"0032-OV-2019"},"Fecha: ":{"('0032-OV-2019', 0)":"12\/08\/2019"},"T\u00edtulo":{"('0032-OV-2019', 0)":"PEDIDO DE INFORMES AL PODER EJECUTIVO SOBRE RESOLUCION REMITIDA POR LA AUDITORIA GENERAL DE LA NACION 27\/19, QUE APRUEBA EL INFORME EJECUTIVO, LA SINTESIS EJECUTIVA Y LA FICHA DEL INFORME QUE FORMAN PARTE DEL MISMO, REALIZADO EN EL AMBITO DEL CONSEJO NACIONAL DE COORDINACION DE POLITICAS SOCIALES."},"('Firmantes', 'FIRMANTE')":{"('0032-OV-2019', 0)":"PARLAMENTARIA MIXTA REVISORA DE CUENTAS"},"('Firmantes', 'DISTRITO')":{"('0032-OV-2019', 0)":null},"('Firmantes', 'BLOQUE')":{"('0032-OV-2019', 0)":null},"Link":{"('0032-OV-2019', 0)":"http:\/\/www.senado.gov.ar\/parlamentario\/comisiones\/verExp\/32.19\/OV\/PR"},"Palabra Clave":{"('0032-OV-2019', 0)":" "}}