{"Tipo de Proyecto":{"('0033-S-2019', 0)":"PROYECTO DE DECLARACI\u00d3N","('0033-S-2019', 1)":null},"Iniciado en: ":{"('0033-S-2019', 0)":"Senado","('0033-S-2019', 1)":null},"Expediente Senado: ":{"('0033-S-2019', 0)":"0033-S-2019","('0033-S-2019', 1)":null},"Publicado en: ":{"('0033-S-2019', 0)":"Diario de Asuntos Entrados N\u00b0 2","('0033-S-2019', 1)":null},"Fecha: ":{"('0033-S-2019', 0)":"06\/03\/2019","('0033-S-2019', 1)":null},"T\u00edtulo":{"('0033-S-2019', 0)":"DECLARAR DE INTERES LA CONMEMORACION DEL 184 ANIVERSARIO DE LA CIUDAD DE LA PAZ, PROVINCIA DE ENTRE RIOS, EL 13 DE JULIO DE 2019.","('0033-S-2019', 1)":null},"('Firmantes', 'FIRMANTE')":{"('0033-S-2019', 0)":"DE ANGELI, ALFREDO LUIS","('0033-S-2019', 1)":null},"('Firmantes', 'DISTRITO')":{"('0033-S-2019', 0)":"ENTRE RIOS","('0033-S-2019', 1)":null},"('Firmantes', 'BLOQUE')":{"('0033-S-2019', 0)":"FRENTE PRO","('0033-S-2019', 1)":null},"('Tramites', 'C\u00c1MARA')":{"('0033-S-2019', 0)":"Senado","('0033-S-2019', 1)":"Senado"},"('Tramites', 'MOVIMIENTO')":{"('0033-S-2019', 0)":"MOCION SOBRE TABLAS (AFIRMATIVA)","('0033-S-2019', 1)":"CONSIDERACION Y APROBACION"},"('Tramites', 'FECHA')":{"('0033-S-2019', 0)":"20\/03\/2019","('0033-S-2019', 1)":"20\/03\/2019"},"('Tramites', 'RESULTADO')":{"('0033-S-2019', 0)":null,"('0033-S-2019', 1)":"APROBADO"},"Link":{"('0033-S-2019', 0)":"http:\/\/www.senado.gov.ar\/parlamentario\/comisiones\/verExp\/33.19\/S\/PD","('0033-S-2019', 1)":null},"Palabra Clave":{"('0033-S-2019', 0)":" ","('0033-S-2019', 1)":null}}