{"Tipo de Proyecto":{"('0035-S-2019', 0)":"PROYECTO DE LEY","('0035-S-2019', 1)":null,"('0035-S-2019', 2)":null},"Iniciado en: ":{"('0035-S-2019', 0)":"Senado","('0035-S-2019', 1)":null,"('0035-S-2019', 2)":null},"Expediente Diputados: ":{"('0035-S-2019', 0)":"0035-S-2019","('0035-S-2019', 1)":null,"('0035-S-2019', 2)":null},"Expediente Senado: ":{"('0035-S-2019', 0)":"0288-S-2019","('0035-S-2019', 1)":null,"('0035-S-2019', 2)":null},"Publicado en: ":{"('0035-S-2019', 0)":"Diario de Asuntos Entrados N\u00b0 15","('0035-S-2019', 1)":null,"('0035-S-2019', 2)":null},"Fecha: ":{"('0035-S-2019', 0)":"11\/03\/2019","('0035-S-2019', 1)":null,"('0035-S-2019', 2)":null},"T\u00edtulo":{"('0035-S-2019', 0)":"EMPRESA UNIPERSONAL DE RESPONSABILIDAD LIMITADA (EIRL) (REPRODUCCION DEL EXPEDIENTE 2175-S-17).","('0035-S-2019', 1)":null,"('0035-S-2019', 2)":null},"('Firmantes', 'FIRMANTE')":{"('0035-S-2019', 0)":"DURANGO, NORMA HAYDEE","('0035-S-2019', 1)":null,"('0035-S-2019', 2)":null},"('Firmantes', 'DISTRITO')":{"('0035-S-2019', 0)":"LA PAMPA","('0035-S-2019', 1)":null,"('0035-S-2019', 2)":null},"('Firmantes', 'BLOQUE')":{"('0035-S-2019', 0)":"PARTIDO JUSTICIALISTA LA PAMPA","('0035-S-2019', 1)":null,"('0035-S-2019', 2)":null},"('Giros', 'COMISI\u00d3N')":{"('0035-S-2019', 0)":"LEGISLACION GENERAL","('0035-S-2019', 1)":null,"('0035-S-2019', 2)":null},"('Tramites', 'C\u00c1MARA')":{"('0035-S-2019', 0)":"Senado","('0035-S-2019', 1)":"Senado","('0035-S-2019', 2)":"Diputados"},"('Tramites', 'MOVIMIENTO')":{"('0035-S-2019', 0)":"CONSIDERACION Y APROBACION","('0035-S-2019', 1)":"INSERCIONES","('0035-S-2019', 2)":"PASA A DIPUTADOS -"},"('Tramites', 'FECHA')":{"('0035-S-2019', 0)":"17\/07\/2019","('0035-S-2019', 1)":"17\/07\/2019","('0035-S-2019', 2)":null},"('Tramites', 'RESULTADO')":{"('0035-S-2019', 0)":"MEDIA SANCION","('0035-S-2019', 1)":null,"('0035-S-2019', 2)":null},"Link":{"('0035-S-2019', 0)":"http:\/\/www.senado.gov.ar\/parlamentario\/comisiones\/verExp\/288.19\/S\/PL","('0035-S-2019', 1)":null,"('0035-S-2019', 2)":null},"Palabra Clave":{"('0035-S-2019', 0)":" ","('0035-S-2019', 1)":null,"('0035-S-2019', 2)":null}}