{"Tipo de Proyecto":{"('0035-D-2019', 0)":"PROYECTO DE LEY","('0035-D-2019', 1)":null,"('0035-D-2019', 2)":null},"Iniciado en: ":{"('0035-D-2019', 0)":"Diputados","('0035-D-2019', 1)":null,"('0035-D-2019', 2)":null},"Expediente Diputados: ":{"('0035-D-2019', 0)":"0035-D-2019","('0035-D-2019', 1)":null,"('0035-D-2019', 2)":null},"Publicado en: ":{"('0035-D-2019', 0)":"Tr\u00e1mite Parlamentario N\u00b0 1","('0035-D-2019', 1)":null,"('0035-D-2019', 2)":null},"Fecha: ":{"('0035-D-2019', 0)":"06\/03\/2019","('0035-D-2019', 1)":null,"('0035-D-2019', 2)":null},"T\u00edtulo":{"('0035-D-2019', 0)":"CONSEJO DE LA MAGISTRATURA - LEY 24937 -. MODIFICACION DE LOS ARTICULOS 2\u00b0 Y 14 E INCORPORACION DEL ARTICULO 14 BIS, SOBRE COMPOSICION, COMISION DE DISCIPLINA Y PEDIDO DE DESTITUCION POPULAR DE MAGISTRADOS, RESPECTIVAMENTE (REPRODUCCION DEL EXPEDIENTE 5489-D-17).","('0035-D-2019', 1)":null,"('0035-D-2019', 2)":null},"('Firmantes', 'FIRMANTE')":{"('0035-D-2019', 0)":"BR\u00dcGGE, JUAN FERNANDO","('0035-D-2019', 1)":null,"('0035-D-2019', 2)":null},"('Firmantes', 'DISTRITO')":{"('0035-D-2019', 0)":"CORDOBA","('0035-D-2019', 1)":null,"('0035-D-2019', 2)":null},"('Firmantes', 'BLOQUE')":{"('0035-D-2019', 0)":"CORDOBA FEDERAL","('0035-D-2019', 1)":null,"('0035-D-2019', 2)":null},"('Giros', 'COMISI\u00d3N')":{"('0035-D-2019', 0)":"ASUNTOS CONSTITUCIONALES","('0035-D-2019', 1)":"JUSTICIA","('0035-D-2019', 2)":"PRESUPUESTO Y HACIENDA"},"Palabra Clave":{"('0035-D-2019', 0)":" ","('0035-D-2019', 1)":null,"('0035-D-2019', 2)":null}}