{"Tipo de Proyecto":{"('0035-JGM-2019', 0)":"MENSAJE NRO \/ A\u00d1O"},"Iniciado en: ":{"('0035-JGM-2019', 0)":"Diputados"},"Expediente Diputados: ":{"('0035-JGM-2019', 0)":"0035-JGM-2019"},"Publicado en: ":{"('0035-JGM-2019', 0)":"Tr\u00e1mite Parlamentario N\u00b0 154"},"Fecha: ":{"('0035-JGM-2019', 0)":"22\/10\/2019"},"T\u00edtulo":{"('0035-JGM-2019', 0)":"REMITE COPIA DE LA DECISION ADMINISTRATIVA 847\/2019, DE FECHA 15 DE OCTUBRE DE 2019, POR LA CUAL SE MODIFICA EL PRESUPUESTO GENERAL DE LA ADMINISTRACION PUBLICA NACIONAL PARA EL EJERCICIO 2019. "},"('Firmantes', 'FIRMANTE')":{"('0035-JGM-2019', 0)":"PE\u00d1A, MARCOS"},"('Firmantes', 'DISTRITO')":{"('0035-JGM-2019', 0)":null},"('Firmantes', 'BLOQUE')":{"('0035-JGM-2019', 0)":"PODER EJECUTIVO"},"('Giros', 'COMISI\u00d3N')":{"('0035-JGM-2019', 0)":"PRESUPUESTO Y HACIENDA"},"Sumario":{"('0035-JGM-2019', 0)":"EN FUNCION DE LO ESTABLECIDO POR LA LEY 27342, MODIFICATORIA DEL ARTICULO 37 DE LA LEY 24156 DE ADMINISTRACION FINANCIERA Y DE LOS SISTEMAS DE CONTROL DEL SECTOR PUBLICO NACIONAL."},"Palabra Clave":{"('0035-JGM-2019', 0)":" "}}