{"Tipo de Proyecto":{"('0037-JGM-2019', 0)":"MENSAJE NRO: 0028\/19","('0037-JGM-2019', 1)":null},"Iniciado en: ":{"('0037-JGM-2019', 0)":"Diputados","('0037-JGM-2019', 1)":null},"Expediente Diputados: ":{"('0037-JGM-2019', 0)":"0037-JGM-2019","('0037-JGM-2019', 1)":null},"Publicado en: ":{"('0037-JGM-2019', 0)":"Tr\u00e1mite Parlamentario N\u00b0 164","('0037-JGM-2019', 1)":null},"Fecha: ":{"('0037-JGM-2019', 0)":"08\/11\/2019","('0037-JGM-2019', 1)":null},"T\u00edtulo":{"('0037-JGM-2019', 0)":"COMUNICACION DEL DICTADO DEL DECRETO DE NECESIDAD Y URGENCIA 740 DEL 28 DE OCTUBRE DE 2019 POR EL CUAL SE MODIFICA EL PRESUPUESTO GENERAL DE LA ADMINISTRACION NACIONAL PARA EL EJERCICIO 2019.","('0037-JGM-2019', 1)":null},"('Firmantes', 'FIRMANTE')":{"('0037-JGM-2019', 0)":"PE\u00d1A, MARCOS","('0037-JGM-2019', 1)":"LACUNZA, JORGE ROBERTO HERNAN"},"('Firmantes', 'DISTRITO')":{"('0037-JGM-2019', 0)":null,"('0037-JGM-2019', 1)":null},"('Firmantes', 'BLOQUE')":{"('0037-JGM-2019', 0)":"PODER EJECUTIVO","('0037-JGM-2019', 1)":"PODER EJECUTIVO"},"('Giros', 'COMISI\u00d3N')":{"('0037-JGM-2019', 0)":"BICAMERAL PERMANENTE DE TRAMITE LEGISLATIVO - LEY 26122","('0037-JGM-2019', 1)":null},"Palabra Clave":{"('0037-JGM-2019', 0)":" ","('0037-JGM-2019', 1)":null}}