{"Tipo de Proyecto":{"('0038-S-2019', 0)":"PROYECTO DE DECLARACI\u00d3N","('0038-S-2019', 1)":null},"Iniciado en: ":{"('0038-S-2019', 0)":"Senado","('0038-S-2019', 1)":null},"Expediente Senado: ":{"('0038-S-2019', 0)":"0038-S-2019","('0038-S-2019', 1)":null},"Publicado en: ":{"('0038-S-2019', 0)":"Diario de Asuntos Entrados N\u00b0 2","('0038-S-2019', 1)":null},"Fecha: ":{"('0038-S-2019', 0)":"06\/03\/2019","('0038-S-2019', 1)":null},"T\u00edtulo":{"('0038-S-2019', 0)":"DECLARAR DE INTERES LAS CELEBRACIONES POR EL 236 ANIVERSARIO DE LA CIUDAD DE CONCEPCION DEL URUGUAY, PROVINCIA DE ENTRE RIOS, EL 25 DE JUNIO DE 2019.","('0038-S-2019', 1)":null},"('Firmantes', 'FIRMANTE')":{"('0038-S-2019', 0)":"DE ANGELI, ALFREDO LUIS","('0038-S-2019', 1)":null},"('Firmantes', 'DISTRITO')":{"('0038-S-2019', 0)":"ENTRE RIOS","('0038-S-2019', 1)":null},"('Firmantes', 'BLOQUE')":{"('0038-S-2019', 0)":"FRENTE PRO","('0038-S-2019', 1)":null},"('Tramites', 'C\u00c1MARA')":{"('0038-S-2019', 0)":"Senado","('0038-S-2019', 1)":"Senado"},"('Tramites', 'MOVIMIENTO')":{"('0038-S-2019', 0)":"MOCION SOBRE TABLAS (AFIRMATIVA)","('0038-S-2019', 1)":"CONSIDERACION Y APROBACION"},"('Tramites', 'FECHA')":{"('0038-S-2019', 0)":"20\/03\/2019","('0038-S-2019', 1)":"20\/03\/2019"},"('Tramites', 'RESULTADO')":{"('0038-S-2019', 0)":null,"('0038-S-2019', 1)":null},"Link":{"('0038-S-2019', 0)":"http:\/\/www.senado.gov.ar\/parlamentario\/comisiones\/verExp\/38.19\/S\/PD","('0038-S-2019', 1)":null},"Palabra Clave":{"('0038-S-2019', 0)":" ","('0038-S-2019', 1)":null}}