{"Tipo de Proyecto":{"('0038-JGM-2019', 0)":"MENSAJE NRO: 0185\/19","('0038-JGM-2019', 1)":null,"('0038-JGM-2019', 2)":null},"Iniciado en: ":{"('0038-JGM-2019', 0)":"Diputados","('0038-JGM-2019', 1)":null,"('0038-JGM-2019', 2)":null},"Expediente Diputados: ":{"('0038-JGM-2019', 0)":"0038-JGM-2019","('0038-JGM-2019', 1)":null,"('0038-JGM-2019', 2)":null},"Publicado en: ":{"('0038-JGM-2019', 0)":"Tr\u00e1mite Parlamentario N\u00b0 172","('0038-JGM-2019', 1)":null,"('0038-JGM-2019', 2)":null},"Fecha: ":{"('0038-JGM-2019', 0)":"26\/11\/2019","('0038-JGM-2019', 1)":null,"('0038-JGM-2019', 2)":null},"T\u00edtulo":{"('0038-JGM-2019', 0)":"REMITE COPIA DEL DECRETO 554\/2019 POR EL CUAL SE APRUEBA LA PRORROGA DE JURISDICCION DEL CONTRATO DE PARTICIPACION PUBLICO-PRIVADA EN EL MARCO DE LA LICITACION PUBLICA NACIONAL E INTERNACIONAL CONVOCADA POR LA RESOLUCION N\u00b0 81 DE LA SECRETARIA DE GOBIERNO DE ENERGIA DEL MINISTERIO DE HACIENDA.","('0038-JGM-2019', 1)":null,"('0038-JGM-2019', 2)":null},"('Firmantes', 'FIRMANTE')":{"('0038-JGM-2019', 0)":"MACRI, MAURICIO","('0038-JGM-2019', 1)":"PE\u00d1A, MARCOS","('0038-JGM-2019', 2)":"LACUNZA, JORGE ROBERTO HERNAN"},"('Firmantes', 'DISTRITO')":{"('0038-JGM-2019', 0)":null,"('0038-JGM-2019', 1)":null,"('0038-JGM-2019', 2)":null},"('Firmantes', 'BLOQUE')":{"('0038-JGM-2019', 0)":"PODER EJECUTIVO","('0038-JGM-2019', 1)":"PODER EJECUTIVO","('0038-JGM-2019', 2)":"PODER EJECUTIVO"},"('Giros', 'COMISI\u00d3N')":{"('0038-JGM-2019', 0)":"BICAMERAL DE SEGUIMIENTO DE CONTRATOS DE PARTICIPACI\u00d3N P\u00daBLICO-PRIVADA","('0038-JGM-2019', 1)":null,"('0038-JGM-2019', 2)":null},"Palabra Clave":{"('0038-JGM-2019', 0)":" ","('0038-JGM-2019', 1)":null,"('0038-JGM-2019', 2)":null}}