{"Tipo de Proyecto":{"('0039-JGM-2019', 0)":"MENSAJE NRO: 0029\/19","('0039-JGM-2019', 1)":null},"Iniciado en: ":{"('0039-JGM-2019', 0)":"Diputados","('0039-JGM-2019', 1)":null},"Expediente Diputados: ":{"('0039-JGM-2019', 0)":"0039-JGM-2019","('0039-JGM-2019', 1)":null},"Publicado en: ":{"('0039-JGM-2019', 0)":"Tr\u00e1mite Parlamentario N\u00b0 176","('0039-JGM-2019', 1)":null},"Fecha: ":{"('0039-JGM-2019', 0)":"05\/12\/2019","('0039-JGM-2019', 1)":null},"T\u00edtulo":{"('0039-JGM-2019', 0)":"COMUNICANDO EL DICTADO DEL DECRETO DE NECESIDAD Y URGENCIA 796\/19 POR EL CUAL SE EXCLUYE DE LA POSTERGACION PREVISTA EN EL ARTICULO 1\u00b0 DEL DECRETO N\u00b0 596 DEL 28 DE AGOSTO DE 2019 Y SU MODIFICATORIO, A LOS TITULOS REPRESENTATIVOS DE DEUDA PUBLICA NACIONAL DE CORTO PLAZO CUYA TENENCIA REGISTRADA AL 31 DE OCTUBRE DE 2019 Y TITULARIDAD DE PAGO CORRESPONDA A LA ADMINISTRACION PUBLICA NO FINANCIERA DE LAS PROVINCIAS O DE LA CIUDAD AUTONOMA DE BUENOS AIRES.","('0039-JGM-2019', 1)":null},"('Firmantes', 'FIRMANTE')":{"('0039-JGM-2019', 0)":"PE\u00d1A, MARCOS","('0039-JGM-2019', 1)":"LACUNZA, JORGE ROBERTO HERNAN"},"('Firmantes', 'DISTRITO')":{"('0039-JGM-2019', 0)":null,"('0039-JGM-2019', 1)":null},"('Firmantes', 'BLOQUE')":{"('0039-JGM-2019', 0)":"PODER EJECUTIVO","('0039-JGM-2019', 1)":"PODER EJECUTIVO"},"('Giros', 'COMISI\u00d3N')":{"('0039-JGM-2019', 0)":"BICAMERAL PERMANENTE DE TRAMITE LEGISLATIVO - LEY 26122","('0039-JGM-2019', 1)":null},"Palabra Clave":{"('0039-JGM-2019', 0)":" ","('0039-JGM-2019', 1)":null}}