{"Tipo de Proyecto":{"('0040-S-2019', 0)":"PROYECTO DE LEY","('0040-S-2019', 1)":null,"('0040-S-2019', 2)":null},"Iniciado en: ":{"('0040-S-2019', 0)":"Senado","('0040-S-2019', 1)":null,"('0040-S-2019', 2)":null},"Expediente Diputados: ":{"('0040-S-2019', 0)":"0040-S-2019","('0040-S-2019', 1)":null,"('0040-S-2019', 2)":null},"Expediente Senado: ":{"('0040-S-2019', 0)":"0233-S-2019","('0040-S-2019', 1)":null,"('0040-S-2019', 2)":null},"Publicado en: ":{"('0040-S-2019', 0)":"Diario de Asuntos Entrados N\u00b0 12","('0040-S-2019', 1)":null,"('0040-S-2019', 2)":null},"Fecha: ":{"('0040-S-2019', 0)":"06\/03\/2019","('0040-S-2019', 1)":null,"('0040-S-2019', 2)":null},"T\u00edtulo":{"('0040-S-2019', 0)":"CREACION DEL REGIMEN NACIONAL RECONVERSION PRODUCTIVA AGROPECUARIA (RNRPA) (REPRODUCCION DEL EXPEDIENTE 3649-S-17).","('0040-S-2019', 1)":null,"('0040-S-2019', 2)":null},"('Firmantes', 'FIRMANTE')":{"('0040-S-2019', 0)":"FIORE VI\u00d1UALES, MARIA CRISTINA DEL VALLE","('0040-S-2019', 1)":null,"('0040-S-2019', 2)":null},"('Firmantes', 'DISTRITO')":{"('0040-S-2019', 0)":"SALTA","('0040-S-2019', 1)":null,"('0040-S-2019', 2)":null},"('Firmantes', 'BLOQUE')":{"('0040-S-2019', 0)":"PARES","('0040-S-2019', 1)":null,"('0040-S-2019', 2)":null},"('Giros', 'COMISI\u00d3N')":{"('0040-S-2019', 0)":"AGRICULTURA Y GANADERIA","('0040-S-2019', 1)":"FINANZAS","('0040-S-2019', 2)":"PRESUPUESTO Y HACIENDA"},"('Tramites', 'C\u00c1MARA')":{"('0040-S-2019', 0)":"Senado","('0040-S-2019', 1)":"Senado","('0040-S-2019', 2)":"Diputados"},"('Tramites', 'MOVIMIENTO')":{"('0040-S-2019', 0)":"CONSIDERACION Y APROBACION CON MODIFICACIONES","('0040-S-2019', 1)":"INSERCIONES","('0040-S-2019', 2)":"PASA A DIPUTADOS -"},"('Tramites', 'FECHA')":{"('0040-S-2019', 0)":"17\/07\/2019","('0040-S-2019', 1)":"17\/07\/2019","('0040-S-2019', 2)":null},"('Tramites', 'RESULTADO')":{"('0040-S-2019', 0)":"MEDIA SANCION","('0040-S-2019', 1)":null,"('0040-S-2019', 2)":null},"Sumario":{"('0040-S-2019', 0)":"CREACION EN EL AMBITO DE LA JEFATURA DE GABINETE DE MINISTROS EL CONSEJO NACIONAL DE COORDINACION DE LA RECONVERSION PRODUCTIVA AGROPECUARIA; OBJETO; DEFINICIONES; ALCANCES; OBJETIVOS; COMPONENTES; APLICACION; REGISTRO; COORDINACION DE POLITICAS; PROGRAMAS DE RECONVERSION PRODUCTIVA AGROPECUARIA; FORMULACION; CONTENIDO; CRITERIOS PARA LA FORMULACION Y SELECCION; BENEFICIARIOS; SUJETOS EXCLUIDOS; INFORMACION; BASE DE DATOS; INSTRUMENTOS DE PROMOCION; RECURSOS; CUPO FISCAL; REGLAMENTACION.","('0040-S-2019', 1)":null,"('0040-S-2019', 2)":null},"Palabra Clave":{"('0040-S-2019', 0)":" ","('0040-S-2019', 1)":null,"('0040-S-2019', 2)":null}}