{"Tipo de Proyecto":{"('0041-JGM-2019', 0)":"MENSAJE NRO: 0030\/19","('0041-JGM-2019', 1)":null},"Iniciado en: ":{"('0041-JGM-2019', 0)":"Diputados","('0041-JGM-2019', 1)":null},"Expediente Diputados: ":{"('0041-JGM-2019', 0)":"0041-JGM-2019","('0041-JGM-2019', 1)":null},"Publicado en: ":{"('0041-JGM-2019', 0)":"Tr\u00e1mite Parlamentario N\u00b0 177","('0041-JGM-2019', 1)":null},"Fecha: ":{"('0041-JGM-2019', 0)":"09\/12\/2019","('0041-JGM-2019', 1)":null},"T\u00edtulo":{"('0041-JGM-2019', 0)":"COMUNICANDO EL DECRETO DE NECESIDAD Y URGENCIA 795\/19 POR EL CUAL SE MODIFICA LA LEY 25764 -  PROGRAMA NACIONAL DE PROTECCION A TESTIGOS E IMPUTADOS -, CREANDO EL CONSEJO CONSULTIVO DE LA AGENCIA NACIONAL DE PROTECCION DE TESTIGOS E IMPUTADOS, QUE SERA PRESIDIDO POR EL PRESIDENTE DE LA CAMARA FEDERAL DE CASACION PENAL.","('0041-JGM-2019', 1)":null},"('Firmantes', 'FIRMANTE')":{"('0041-JGM-2019', 0)":"PE\u00d1A, MARCOS","('0041-JGM-2019', 1)":"GARAVANO, GERMAN CARLOS"},"('Firmantes', 'DISTRITO')":{"('0041-JGM-2019', 0)":null,"('0041-JGM-2019', 1)":null},"('Firmantes', 'BLOQUE')":{"('0041-JGM-2019', 0)":"PODER EJECUTIVO","('0041-JGM-2019', 1)":"PODER EJECUTIVO"},"('Giros', 'COMISI\u00d3N')":{"('0041-JGM-2019', 0)":"BICAMERAL PERMANENTE DE TRAMITE LEGISLATIVO - LEY 26122","('0041-JGM-2019', 1)":null},"Palabra Clave":{"('0041-JGM-2019', 0)":" ","('0041-JGM-2019', 1)":null}}