{"Tipo de Proyecto":{"('0041-S-2019', 0)":"PROYECTO DE LEY","('0041-S-2019', 1)":null,"('0041-S-2019', 2)":null},"Iniciado en: ":{"('0041-S-2019', 0)":"Senado","('0041-S-2019', 1)":null,"('0041-S-2019', 2)":null},"Expediente Diputados: ":{"('0041-S-2019', 0)":"0041-S-2019","('0041-S-2019', 1)":null,"('0041-S-2019', 2)":null},"Expediente Senado: ":{"('0041-S-2019', 0)":"1188-S-2019","('0041-S-2019', 1)":null,"('0041-S-2019', 2)":null},"Publicado en: ":{"('0041-S-2019', 0)":"Diario de Asuntos Entrados N\u00b0 57","('0041-S-2019', 1)":null,"('0041-S-2019', 2)":null},"Fecha: ":{"('0041-S-2019', 0)":"25\/04\/2019","('0041-S-2019', 1)":null,"('0041-S-2019', 2)":null},"T\u00edtulo":{"('0041-S-2019', 0)":"DECLARAR DE INTERES NACIONAL EL DEPORTE, LA ACTIVIDAD FISICA Y LA RECREACION ADAPTADA A PERSONAS CON DISCAPACIDAD.\n (REPRODUCCION DEL EXPEDIENTE 4112-S-17).","('0041-S-2019', 1)":null,"('0041-S-2019', 2)":null},"('Firmantes', 'FIRMANTE')":{"('0041-S-2019', 0)":"BRAILLARD POCCARD, NESTOR PEDRO","('0041-S-2019', 1)":null,"('0041-S-2019', 2)":null},"('Firmantes', 'DISTRITO')":{"('0041-S-2019', 0)":"CORRIENTES","('0041-S-2019', 1)":null,"('0041-S-2019', 2)":null},"('Firmantes', 'BLOQUE')":{"('0041-S-2019', 0)":"FRENTE PRO","('0041-S-2019', 1)":null,"('0041-S-2019', 2)":null},"('Giros', 'COMISI\u00d3N')":{"('0041-S-2019', 0)":"DEPORTES","('0041-S-2019', 1)":"DISCAPACIDAD","('0041-S-2019', 2)":null},"('Tramites', 'C\u00c1MARA')":{"('0041-S-2019', 0)":"Senado","('0041-S-2019', 1)":"Senado","('0041-S-2019', 2)":"Diputados"},"('Tramites', 'MOVIMIENTO')":{"('0041-S-2019', 0)":"CONSIDERACION Y APROBACION","('0041-S-2019', 1)":"INSERCIONES","('0041-S-2019', 2)":"PASA A DIPUTADOS -"},"('Tramites', 'FECHA')":{"('0041-S-2019', 0)":"17\/07\/2019","('0041-S-2019', 1)":"17\/07\/2019","('0041-S-2019', 2)":null},"('Tramites', 'RESULTADO')":{"('0041-S-2019', 0)":"MEDIA SANCION","('0041-S-2019', 1)":null,"('0041-S-2019', 2)":null},"Sumario":{"('0041-S-2019', 0)":"INVITACION A ADHERIR.","('0041-S-2019', 1)":null,"('0041-S-2019', 2)":null},"Palabra Clave":{"('0041-S-2019', 0)":" ","('0041-S-2019', 1)":null,"('0041-S-2019', 2)":null}}