{"Tipo de Proyecto":{"('0042-S-2019', 0)":"PROYECTO DE DECLARACI\u00d3N","('0042-S-2019', 1)":null},"Iniciado en: ":{"('0042-S-2019', 0)":"Senado","('0042-S-2019', 1)":null},"Expediente Senado: ":{"('0042-S-2019', 0)":"0042-S-2019","('0042-S-2019', 1)":null},"Publicado en: ":{"('0042-S-2019', 0)":"Diario de Asuntos Entrados N\u00b0 3","('0042-S-2019', 1)":null},"Fecha: ":{"('0042-S-2019', 0)":"06\/03\/2019","('0042-S-2019', 1)":null},"T\u00edtulo":{"('0042-S-2019', 0)":"EXPRESAR BENEPLACITO POR EL 50 ANIVERSARIO DE LA COOPERATIVA DE SERVICIOS PUBLICOS GENERAL JOSE DE SAN MARTIN LIMITADA, DE LA CIUDAD DE SEGUI, PROVINCIA DE ENTRE RIOS, EL 8 DE MARZO DE 2019.","('0042-S-2019', 1)":null},"('Firmantes', 'FIRMANTE')":{"('0042-S-2019', 0)":"DE ANGELI, ALFREDO LUIS","('0042-S-2019', 1)":null},"('Firmantes', 'DISTRITO')":{"('0042-S-2019', 0)":"ENTRE RIOS","('0042-S-2019', 1)":null},"('Firmantes', 'BLOQUE')":{"('0042-S-2019', 0)":"FRENTE PRO","('0042-S-2019', 1)":null},"('Tramites', 'C\u00c1MARA')":{"('0042-S-2019', 0)":"Senado","('0042-S-2019', 1)":"Senado"},"('Tramites', 'MOVIMIENTO')":{"('0042-S-2019', 0)":"MOCION SOBRE TABLAS (AFIRMATIVA)","('0042-S-2019', 1)":"CONSIDERACION Y APROBACION"},"('Tramites', 'FECHA')":{"('0042-S-2019', 0)":"20\/03\/2019","('0042-S-2019', 1)":"20\/03\/2019"},"('Tramites', 'RESULTADO')":{"('0042-S-2019', 0)":null,"('0042-S-2019', 1)":null},"Link":{"('0042-S-2019', 0)":"http:\/\/www.senado.gov.ar\/parlamentario\/comisiones\/verExp\/42.19\/S\/PD","('0042-S-2019', 1)":null},"Palabra Clave":{"('0042-S-2019', 0)":" ","('0042-S-2019', 1)":null}}