{"Tipo de Proyecto":{"('0042-JGM-2019', 0)":"MENSAJE NRO: 0031\/19","('0042-JGM-2019', 1)":null},"Iniciado en: ":{"('0042-JGM-2019', 0)":"Diputados","('0042-JGM-2019', 1)":null},"Expediente Diputados: ":{"('0042-JGM-2019', 0)":"0042-JGM-2019","('0042-JGM-2019', 1)":null},"Publicado en: ":{"('0042-JGM-2019', 0)":"Tr\u00e1mite Parlamentario N\u00b0 177","('0042-JGM-2019', 1)":null},"Fecha: ":{"('0042-JGM-2019', 0)":"09\/12\/2019","('0042-JGM-2019', 1)":null},"T\u00edtulo":{"('0042-JGM-2019', 0)":"COMUNICANDO EL DECRETO DE NECESIDAD Y URGENCIA 829 DEL 6 DE DICIEMBRE DE 2019 POR EL CUAL SE ESTABLECE EL DERECHO A PERCIBIR UNA COMPENSACION ECONOMICA A LAS PERSONAS QUE PARTICIPARON DE LA DEFENSA DEL REGIMIENTO DE INFANTERIA DE MONTE N\u00b0 29 CORONEL IGNACIO WARNES, PROVINCIA DE FORMOSA, EL 5 DE OCTUBRE DE 1975.","('0042-JGM-2019', 1)":null},"('Firmantes', 'FIRMANTE')":{"('0042-JGM-2019', 0)":"PE\u00d1A, MARCOS","('0042-JGM-2019', 1)":"AGUAD, OSCAR RAUL"},"('Firmantes', 'DISTRITO')":{"('0042-JGM-2019', 0)":null,"('0042-JGM-2019', 1)":null},"('Firmantes', 'BLOQUE')":{"('0042-JGM-2019', 0)":"PODER EJECUTIVO","('0042-JGM-2019', 1)":"PODER EJECUTIVO"},"('Giros', 'COMISI\u00d3N')":{"('0042-JGM-2019', 0)":"BICAMERAL PERMANENTE DE TRAMITE LEGISLATIVO - LEY 26122","('0042-JGM-2019', 1)":null},"Palabra Clave":{"('0042-JGM-2019', 0)":" ","('0042-JGM-2019', 1)":null}}