{"Tipo de Proyecto":{"('0042-D-2019', 0)":"PROYECTO DE LEY"},"Iniciado en: ":{"('0042-D-2019', 0)":"Diputados"},"Expediente Diputados: ":{"('0042-D-2019', 0)":"0042-D-2019"},"Publicado en: ":{"('0042-D-2019', 0)":"Tr\u00e1mite Parlamentario N\u00b0 1"},"Fecha: ":{"('0042-D-2019', 0)":"06\/03\/2019"},"T\u00edtulo":{"('0042-D-2019', 0)":"CODIGO PROCESAL CIVIL Y COMERCIAL DE LA NACION. MODIFICACION DE LOS ARTICULOS 644 Y 645, SOBRE SENTENCIA Y ALIMENTOS. (REPRODUCCION DEL EXPEDIENTE 0088-D-15) (REPRODUCCION DEL EXPEDIENTE 0207-D-17)."},"('Firmantes', 'FIRMANTE')":{"('0042-D-2019', 0)":"BIANCHI, IVANA MARIA"},"('Firmantes', 'DISTRITO')":{"('0042-D-2019', 0)":"SAN LUIS"},"('Firmantes', 'BLOQUE')":{"('0042-D-2019', 0)":"UNIDAD JUSTICIALISTA"},"('Giros', 'COMISI\u00d3N')":{"('0042-D-2019', 0)":"JUSTICIA"},"Palabra Clave":{"('0042-D-2019', 0)":" "}}