{"Tipo de Proyecto":{"('0043-D-2019', 0)":"PROYECTO DE LEY","('0043-D-2019', 1)":null},"Iniciado en: ":{"('0043-D-2019', 0)":"Diputados","('0043-D-2019', 1)":null},"Expediente Diputados: ":{"('0043-D-2019', 0)":"0043-D-2019","('0043-D-2019', 1)":null},"Publicado en: ":{"('0043-D-2019', 0)":"Tr\u00e1mite Parlamentario N\u00b0 1","('0043-D-2019', 1)":null},"Fecha: ":{"('0043-D-2019', 0)":"06\/03\/2019","('0043-D-2019', 1)":null},"T\u00edtulo":{"('0043-D-2019', 0)":"SEGURIDAD VIAL: SE DECLARA SU ESTADO DE EMERGENCIA  EN TODO EL TERRITORIO DE LA REPUBLICA ARGENTINA POR EL TERMINO DE 5 A\u00d1OS. (REPRODUCCION DEL EXPEDIENTE 0087-D-15) (REPRODUCCION DEL EXPEDIENTE 0205-D-17).","('0043-D-2019', 1)":null},"('Firmantes', 'FIRMANTE')":{"('0043-D-2019', 0)":"BIANCHI, IVANA MARIA","('0043-D-2019', 1)":null},"('Firmantes', 'DISTRITO')":{"('0043-D-2019', 0)":"SAN LUIS","('0043-D-2019', 1)":null},"('Firmantes', 'BLOQUE')":{"('0043-D-2019', 0)":"UNIDAD JUSTICIALISTA","('0043-D-2019', 1)":null},"('Giros', 'COMISI\u00d3N')":{"('0043-D-2019', 0)":"TRANSPORTES","('0043-D-2019', 1)":"SEGURIDAD INTERIOR"},"Sumario":{"('0043-D-2019', 0)":"AUTORIDAD DE APLICACION: MINISTERIO DEL INTERIOR DE LA NACION; REGLAMENTACION.","('0043-D-2019', 1)":null},"Palabra Clave":{"('0043-D-2019', 0)":" ","('0043-D-2019', 1)":null}}