{"Tipo de Proyecto":{"('0043-S-2019', 0)":"PROYECTO DE DECLARACI\u00d3N","('0043-S-2019', 1)":null},"Iniciado en: ":{"('0043-S-2019', 0)":"Senado","('0043-S-2019', 1)":null},"Expediente Senado: ":{"('0043-S-2019', 0)":"0043-S-2019","('0043-S-2019', 1)":null},"Publicado en: ":{"('0043-S-2019', 0)":"Diario de Asuntos Entrados N\u00b0 3","('0043-S-2019', 1)":null},"Fecha: ":{"('0043-S-2019', 0)":"06\/03\/2019","('0043-S-2019', 1)":null},"T\u00edtulo":{"('0043-S-2019', 0)":"ADHERIR A LA CELEBRACION DEL 131 ANIVERSARIO DE LA FUNDACION DE LA CIUDAD DE CRESPO, PROVINCIA DE ENTRE RIOS, EL 24 DE ABRIL DE 2019.","('0043-S-2019', 1)":null},"('Firmantes', 'FIRMANTE')":{"('0043-S-2019', 0)":"DE ANGELI, ALFREDO LUIS","('0043-S-2019', 1)":null},"('Firmantes', 'DISTRITO')":{"('0043-S-2019', 0)":"ENTRE RIOS","('0043-S-2019', 1)":null},"('Firmantes', 'BLOQUE')":{"('0043-S-2019', 0)":"FRENTE PRO","('0043-S-2019', 1)":null},"('Tramites', 'C\u00c1MARA')":{"('0043-S-2019', 0)":"Senado","('0043-S-2019', 1)":"Senado"},"('Tramites', 'MOVIMIENTO')":{"('0043-S-2019', 0)":"MOCION SOBRE TABLAS (AFIRMATIVA)","('0043-S-2019', 1)":"CONSIDERACION Y APROBACION"},"('Tramites', 'FECHA')":{"('0043-S-2019', 0)":"20\/03\/2019","('0043-S-2019', 1)":"20\/03\/2019"},"('Tramites', 'RESULTADO')":{"('0043-S-2019', 0)":null,"('0043-S-2019', 1)":"APROBADO"},"Link":{"('0043-S-2019', 0)":"http:\/\/www.senado.gov.ar\/parlamentario\/comisiones\/verExp\/43.19\/S\/PD","('0043-S-2019', 1)":null},"Palabra Clave":{"('0043-S-2019', 0)":" ","('0043-S-2019', 1)":null}}