{"Tipo de Proyecto":{"('0045-D-2019', 0)":"PROYECTO DE LEY","('0045-D-2019', 1)":null},"Iniciado en: ":{"('0045-D-2019', 0)":"Diputados","('0045-D-2019', 1)":null},"Expediente Diputados: ":{"('0045-D-2019', 0)":"0045-D-2019","('0045-D-2019', 1)":null},"Publicado en: ":{"('0045-D-2019', 0)":"Tr\u00e1mite Parlamentario N\u00b0 1","('0045-D-2019', 1)":null},"Fecha: ":{"('0045-D-2019', 0)":"06\/03\/2019","('0045-D-2019', 1)":null},"T\u00edtulo":{"('0045-D-2019', 0)":"INICIATIVA POPULAR; REGIMEN; DEROGACION DE LA LEY 24747. (REPRODUCCION DEL EXPEDIENTE 0108-D-15) (REPRODUCCION DEL EXPEDIENTE 0245-D-17).","('0045-D-2019', 1)":null},"('Firmantes', 'FIRMANTE')":{"('0045-D-2019', 0)":"BIANCHI, IVANA MARIA","('0045-D-2019', 1)":null},"('Firmantes', 'DISTRITO')":{"('0045-D-2019', 0)":"SAN LUIS","('0045-D-2019', 1)":null},"('Firmantes', 'BLOQUE')":{"('0045-D-2019', 0)":"UNIDAD JUSTICIALISTA","('0045-D-2019', 1)":null},"('Giros', 'COMISI\u00d3N')":{"('0045-D-2019', 0)":"ASUNTOS CONSTITUCIONALES","('0045-D-2019', 1)":"JUSTICIA"},"Palabra Clave":{"('0045-D-2019', 0)":" ","('0045-D-2019', 1)":null}}