{"Tipo de Proyecto":{"('0046-D-2019', 0)":"PROYECTO DE LEY","('0046-D-2019', 1)":null},"Iniciado en: ":{"('0046-D-2019', 0)":"Diputados","('0046-D-2019', 1)":null},"Expediente Diputados: ":{"('0046-D-2019', 0)":"0046-D-2019","('0046-D-2019', 1)":null},"Publicado en: ":{"('0046-D-2019', 0)":"Tr\u00e1mite Parlamentario N\u00b0 1","('0046-D-2019', 1)":null},"Fecha: ":{"('0046-D-2019', 0)":"06\/03\/2019","('0046-D-2019', 1)":null},"T\u00edtulo":{"('0046-D-2019', 0)":"INCORPORAR ROTULOS EN LOS ALIMENTOS QUE CONTENGAN \"CICLAMATO DE SODIO - E952 -\" Y LA ADVERTENCIA ACERCA DE LOS EFECTOS NOCIVOS (REPRODUCCION DEL EXPEDIENTE 0839-D-17).","('0046-D-2019', 1)":null},"('Firmantes', 'FIRMANTE')":{"('0046-D-2019', 0)":"BIANCHI, IVANA MARIA","('0046-D-2019', 1)":null},"('Firmantes', 'DISTRITO')":{"('0046-D-2019', 0)":"SAN LUIS","('0046-D-2019', 1)":null},"('Firmantes', 'BLOQUE')":{"('0046-D-2019', 0)":"UNIDAD JUSTICIALISTA","('0046-D-2019', 1)":null},"('Giros', 'COMISI\u00d3N')":{"('0046-D-2019', 0)":"INDUSTRIA","('0046-D-2019', 1)":"DEFENSA DEL CONSUMIDOR, DEL USUARIO Y DE LA COMPETENCIA"},"Palabra Clave":{"('0046-D-2019', 0)":" ","('0046-D-2019', 1)":null}}