{"Tipo de Proyecto":{"('0046-JGM-2019', 0)":"MENSAJE NRO: 0004\/19"},"Iniciado en: ":{"('0046-JGM-2019', 0)":"Diputados"},"Expediente Diputados: ":{"('0046-JGM-2019', 0)":"0046-JGM-2019"},"Publicado en: ":{"('0046-JGM-2019', 0)":"Tr\u00e1mite Parlamentario N\u00b0 180"},"Fecha: ":{"('0046-JGM-2019', 0)":"26\/12\/2019"},"T\u00edtulo":{"('0046-JGM-2019', 0)":"COMUNICACION DEL DICTADO DEL DECRETO DE NECESIDAD Y URGENCIA N\u00b0 34, DEL 13 DE DICIEMBRE DE 2019, POR EL QUE SE DECLARA LA EMERGENCIA PUBLICA EN MATERIA OCUPACIONAL POR EL TERMINO DE 180 DIAS."},"('Firmantes', 'FIRMANTE')":{"('0046-JGM-2019', 0)":"CAFIERO, SANTIAGO ANDRES"},"('Firmantes', 'DISTRITO')":{"('0046-JGM-2019', 0)":null},"('Firmantes', 'BLOQUE')":{"('0046-JGM-2019', 0)":"PODER EJECUTIVO"},"('Giros', 'COMISI\u00d3N')":{"('0046-JGM-2019', 0)":"BICAMERAL PERMANENTE DE TRAMITE LEGISLATIVO - LEY 26122"},"Palabra Clave":{"('0046-JGM-2019', 0)":" "}}