{"Tipo de Proyecto":{"('0047-JGM-2019', 0)":"MENSAJE NRO: 0005\/19","('0047-JGM-2019', 1)":null},"Iniciado en: ":{"('0047-JGM-2019', 0)":"Diputados","('0047-JGM-2019', 1)":null},"Expediente Diputados: ":{"('0047-JGM-2019', 0)":"0047-JGM-2019","('0047-JGM-2019', 1)":null},"Publicado en: ":{"('0047-JGM-2019', 0)":"Tr\u00e1mite Parlamentario N\u00b0 180","('0047-JGM-2019', 1)":null},"Fecha: ":{"('0047-JGM-2019', 0)":"26\/12\/2019","('0047-JGM-2019', 1)":null},"T\u00edtulo":{"('0047-JGM-2019', 0)":"COMUNICACION DEL DICTADO DEL DECRETO 58\/19 DE PROMULGACION PARCIAL DEL PROYECTO DE LEY REGISTRADO BAJO EL NUMERO 27541, DE SOLIDARIDAD SOCIAL Y REACTIVACION PRODUCTIVA EN EL MARCO DE LA EMERGENCIA PUBLICA. ","('0047-JGM-2019', 1)":null},"('Firmantes', 'FIRMANTE')":{"('0047-JGM-2019', 0)":"CAFIERO, SANTIAGO ANDRES","('0047-JGM-2019', 1)":"KULFAS, MATIAS SEBASTIAN"},"('Firmantes', 'DISTRITO')":{"('0047-JGM-2019', 0)":null,"('0047-JGM-2019', 1)":null},"('Firmantes', 'BLOQUE')":{"('0047-JGM-2019', 0)":"PODER EJECUTIVO","('0047-JGM-2019', 1)":"PODER EJECUTIVO"},"('Giros', 'COMISI\u00d3N')":{"('0047-JGM-2019', 0)":"BICAMERAL PERMANENTE DE TRAMITE LEGISLATIVO - LEY 26122","('0047-JGM-2019', 1)":null},"Palabra Clave":{"('0047-JGM-2019', 0)":" ","('0047-JGM-2019', 1)":null}}