{"Tipo de Proyecto":{"('0047-S-2019', 0)":"PROYECTO DE DECLARACI\u00d3N","('0047-S-2019', 1)":null},"Iniciado en: ":{"('0047-S-2019', 0)":"Senado","('0047-S-2019', 1)":null},"Expediente Senado: ":{"('0047-S-2019', 0)":"0047-S-2019","('0047-S-2019', 1)":null},"Publicado en: ":{"('0047-S-2019', 0)":"Diario de Asuntos Entrados N\u00b0 3","('0047-S-2019', 1)":null},"Fecha: ":{"('0047-S-2019', 0)":"06\/03\/2019","('0047-S-2019', 1)":null},"T\u00edtulo":{"('0047-S-2019', 0)":"ADHERIR AL 139 ANIVERSARIO DE LA FUNDACION DE LA LOCALIDAD DE FEDERAL, PROVINCIA DE ENTRE RIOS, EL 7 DE SEPTIEMBRE DE 2019.","('0047-S-2019', 1)":null},"('Firmantes', 'FIRMANTE')":{"('0047-S-2019', 0)":"DE ANGELI, ALFREDO LUIS","('0047-S-2019', 1)":null},"('Firmantes', 'DISTRITO')":{"('0047-S-2019', 0)":"ENTRE RIOS","('0047-S-2019', 1)":null},"('Firmantes', 'BLOQUE')":{"('0047-S-2019', 0)":"FRENTE PRO","('0047-S-2019', 1)":null},"('Tramites', 'C\u00c1MARA')":{"('0047-S-2019', 0)":"Senado","('0047-S-2019', 1)":"Senado"},"('Tramites', 'MOVIMIENTO')":{"('0047-S-2019', 0)":"MOCION SOBRE TABLAS (AFIRMATIVA)","('0047-S-2019', 1)":"CONSIDERACION Y APROBACION"},"('Tramites', 'FECHA')":{"('0047-S-2019', 0)":"20\/03\/2019","('0047-S-2019', 1)":"20\/03\/2019"},"('Tramites', 'RESULTADO')":{"('0047-S-2019', 0)":null,"('0047-S-2019', 1)":"APROBADO"},"Link":{"('0047-S-2019', 0)":"http:\/\/www.senado.gov.ar\/parlamentario\/comisiones\/verExp\/47.19\/S\/PD","('0047-S-2019', 1)":null},"Palabra Clave":{"('0047-S-2019', 0)":" ","('0047-S-2019', 1)":null}}