{"Tipo de Proyecto":{"('0050-JGM-2019', 0)":"MENSAJE NRO: 0001\/20"},"Iniciado en: ":{"('0050-JGM-2019', 0)":"Diputados"},"Expediente Diputados: ":{"('0050-JGM-2019', 0)":"0050-JGM-2019"},"Publicado en: ":{"('0050-JGM-2019', 0)":"Tr\u00e1mite Parlamentario N\u00b0 181"},"Fecha: ":{"('0050-JGM-2019', 0)":"27\/01\/2020"},"T\u00edtulo":{"('0050-JGM-2019', 0)":"COMUNICACION DEL DICTADO DEL DECRETO N\u00b0 14\/2020 , DEL 3 DE ENERO DE 2020, POR EL CUAL SE DISPONE UN INCREMENTO SALARIAL MINIMO Y UNIFORME PARA LOS TRABAJADORES DEL SECTOR PRIVADO EN RELACION DE DEPENDENCIA ."},"('Firmantes', 'FIRMANTE')":{"('0050-JGM-2019', 0)":"CAFIERO, SANTIAGO ANDRES"},"('Firmantes', 'DISTRITO')":{"('0050-JGM-2019', 0)":null},"('Firmantes', 'BLOQUE')":{"('0050-JGM-2019', 0)":"PODER EJECUTIVO"},"('Giros', 'COMISI\u00d3N')":{"('0050-JGM-2019', 0)":"BICAMERAL PERMANENTE DE TRAMITE LEGISLATIVO - LEY 26122"},"Sumario":{"('0050-JGM-2019', 0)":"LA PRESENTE MEDIDA SE DICTA EN USO DE LAS ATRIBUCIONES CONFERIDAS POR EL ARTICULO 58 DE LA LEY 27541 (LEY DE SOLIDARIDAD SOCIAL Y REACTIVACION PRODUCTIVA EN EL MARCO DE LA EMERGENCIA PUBLICA) Y EL ARTICULO 76 DE LA CONSTITUCION NACIONAL."},"Palabra Clave":{"('0050-JGM-2019', 0)":" "}}