{"Tipo de Proyecto":{"('0051-S-2019', 0)":"PROYECTO DE DECLARACI\u00d3N","('0051-S-2019', 1)":null},"Iniciado en: ":{"('0051-S-2019', 0)":"Senado","('0051-S-2019', 1)":null},"Expediente Senado: ":{"('0051-S-2019', 0)":"0051-S-2019","('0051-S-2019', 1)":null},"Publicado en: ":{"('0051-S-2019', 0)":"Diario de Asuntos Entrados N\u00b0 3","('0051-S-2019', 1)":null},"Fecha: ":{"('0051-S-2019', 0)":"06\/03\/2019","('0051-S-2019', 1)":null},"T\u00edtulo":{"('0051-S-2019', 0)":"ADHERIR AL 141 ANIVERSARIO DE LA FUNDACION DE ALDEA SPATZENKUTTER, PROVINCIA DE ENTRE RIOS, EL 21 DE JUNIO DE 2019.","('0051-S-2019', 1)":null},"('Firmantes', 'FIRMANTE')":{"('0051-S-2019', 0)":"DE ANGELI, ALFREDO LUIS","('0051-S-2019', 1)":null},"('Firmantes', 'DISTRITO')":{"('0051-S-2019', 0)":"ENTRE RIOS","('0051-S-2019', 1)":null},"('Firmantes', 'BLOQUE')":{"('0051-S-2019', 0)":"FRENTE PRO","('0051-S-2019', 1)":null},"('Tramites', 'C\u00c1MARA')":{"('0051-S-2019', 0)":"Senado","('0051-S-2019', 1)":"Senado"},"('Tramites', 'MOVIMIENTO')":{"('0051-S-2019', 0)":"MOCION SOBRE TABLAS (AFIRMATIVA)","('0051-S-2019', 1)":"CONSIDERACION Y APROBACION"},"('Tramites', 'FECHA')":{"('0051-S-2019', 0)":"20\/03\/2019","('0051-S-2019', 1)":"20\/03\/2019"},"('Tramites', 'RESULTADO')":{"('0051-S-2019', 0)":null,"('0051-S-2019', 1)":"APROBADO"},"Link":{"('0051-S-2019', 0)":"http:\/\/www.senado.gov.ar\/parlamentario\/comisiones\/verExp\/51.19\/S\/PD","('0051-S-2019', 1)":null},"Palabra Clave":{"('0051-S-2019', 0)":" ","('0051-S-2019', 1)":null}}