{"Tipo de Proyecto":{"('0052-S-2019', 0)":"PROYECTO DE DECLARACI\u00d3N","('0052-S-2019', 1)":null},"Iniciado en: ":{"('0052-S-2019', 0)":"Senado","('0052-S-2019', 1)":null},"Expediente Senado: ":{"('0052-S-2019', 0)":"0052-S-2019","('0052-S-2019', 1)":null},"Publicado en: ":{"('0052-S-2019', 0)":"Diario de Asuntos Entrados N\u00b0 3","('0052-S-2019', 1)":null},"Fecha: ":{"('0052-S-2019', 0)":"06\/03\/2019","('0052-S-2019', 1)":null},"T\u00edtulo":{"('0052-S-2019', 0)":"ADHERIR AL 130 ANIVERSARIO DE LA FUNDACION DE LA LOCALIDAD DE SAN SALVADOR, PROVINCIA DE ENTRE RIOS, EL 25 DE DICIEMBRE DE 2019.","('0052-S-2019', 1)":null},"('Firmantes', 'FIRMANTE')":{"('0052-S-2019', 0)":"DE ANGELI, ALFREDO LUIS","('0052-S-2019', 1)":null},"('Firmantes', 'DISTRITO')":{"('0052-S-2019', 0)":"ENTRE RIOS","('0052-S-2019', 1)":null},"('Firmantes', 'BLOQUE')":{"('0052-S-2019', 0)":"FRENTE PRO","('0052-S-2019', 1)":null},"('Tramites', 'C\u00c1MARA')":{"('0052-S-2019', 0)":"Senado","('0052-S-2019', 1)":"Senado"},"('Tramites', 'MOVIMIENTO')":{"('0052-S-2019', 0)":"MOCION SOBRE TABLAS (AFIRMATIVA)","('0052-S-2019', 1)":"CONSIDERACION Y APROBACION"},"('Tramites', 'FECHA')":{"('0052-S-2019', 0)":"20\/03\/2019","('0052-S-2019', 1)":"20\/03\/2019"},"('Tramites', 'RESULTADO')":{"('0052-S-2019', 0)":null,"('0052-S-2019', 1)":"APROBADO"},"Link":{"('0052-S-2019', 0)":"http:\/\/www.senado.gov.ar\/parlamentario\/comisiones\/verExp\/52.19\/S\/PD","('0052-S-2019', 1)":null},"Palabra Clave":{"('0052-S-2019', 0)":" ","('0052-S-2019', 1)":null}}