{"Tipo de Proyecto":{"('0053-D-2019', 0)":"PROYECTO DE LEY","('0053-D-2019', 1)":null},"Iniciado en: ":{"('0053-D-2019', 0)":"Diputados","('0053-D-2019', 1)":null},"Expediente Diputados: ":{"('0053-D-2019', 0)":"0053-D-2019","('0053-D-2019', 1)":null},"Publicado en: ":{"('0053-D-2019', 0)":"Tr\u00e1mite Parlamentario N\u00b0 1","('0053-D-2019', 1)":null},"Fecha: ":{"('0053-D-2019', 0)":"06\/03\/2019","('0053-D-2019', 1)":null},"T\u00edtulo":{"('0053-D-2019', 0)":"\"PROGRAMA DE ABUSO SEXUAL INFANTIL - ASI -\". CREACION (REPRODUCCION DEL EXPEDIENTE 1563-D-17).","('0053-D-2019', 1)":null},"('Firmantes', 'FIRMANTE')":{"('0053-D-2019', 0)":"BIANCHI, IVANA MARIA","('0053-D-2019', 1)":null},"('Firmantes', 'DISTRITO')":{"('0053-D-2019', 0)":"SAN LUIS","('0053-D-2019', 1)":null},"('Firmantes', 'BLOQUE')":{"('0053-D-2019', 0)":"UNIDAD JUSTICIALISTA","('0053-D-2019', 1)":null},"('Giros', 'COMISI\u00d3N')":{"('0053-D-2019', 0)":"FAMILIA, MUJER, NI\u00d1EZ Y ADOLESCENCIA","('0053-D-2019', 1)":"PRESUPUESTO Y HACIENDA"},"Sumario":{"('0053-D-2019', 0)":"IMPLEMENTACION DEL PROGRAMA CON PROFESIONALES LLAMADOS \"AMIGOS DE LOS NI\u00d1OS\";  ASISTENCIA JURIDICA; PROTECCION ESPECIAL; PROTECCION DE IDENTIDAD E INTIMIDAD DE LA VICTIMA; SE DESTINARA EL CINCO POR CIENTO DE LA PAUTA PUBLICITARIA OFICIAL PARA LAS CAMPA\u00d1AS DE PREVENCION. INIVITACION A ADHERIR.","('0053-D-2019', 1)":null},"Palabra Clave":{"('0053-D-2019', 0)":" ","('0053-D-2019', 1)":null}}