{"Tipo de Proyecto":{"('0054-PE-2019', 0)":"MENSAJE NRO: 0058\/19 Y PROYECTO DE LEY","('0054-PE-2019', 1)":null,"('0054-PE-2019', 2)":null},"Iniciado en: ":{"('0054-PE-2019', 0)":"Senado","('0054-PE-2019', 1)":null,"('0054-PE-2019', 2)":null},"Expediente Senado: ":{"('0054-PE-2019', 0)":"0054-PE-2019","('0054-PE-2019', 1)":null,"('0054-PE-2019', 2)":null},"Publicado en: ":{"('0054-PE-2019', 0)":"Diario de Asuntos Entrados N\u00b0 39","('0054-PE-2019', 1)":null,"('0054-PE-2019', 2)":null},"Fecha: ":{"('0054-PE-2019', 0)":"28\/03\/2019","('0054-PE-2019', 1)":null,"('0054-PE-2019', 2)":null},"T\u00edtulo":{"('0054-PE-2019', 0)":"MODIFICACION DE LA LEY 27237 - CONVENCION RELATIVA A LA COMPETENCIA, LA LEY APLICABLE, EL RECONOCIMIENTO, LA EJECUCION Y LA COOPERACION EN MATERIA DE RESPONSABILIDAD PARENTAL Y DE MEDIDAS DE PROTECCION DE LOS NI\u00d1OS, SUSCRIPTA EN LA CIUDAD DE LA HAYA, REINO DE LOS PAISES BAJOS, EL 19 DE OCTUBRE DE 1996.","('0054-PE-2019', 1)":null,"('0054-PE-2019', 2)":null},"('Firmantes', 'FIRMANTE')":{"('0054-PE-2019', 0)":"MACRI, MAURICIO","('0054-PE-2019', 1)":"PE\u00d1A, MARCOS","('0054-PE-2019', 2)":"FAURIE, JORGE MARCELO"},"('Firmantes', 'DISTRITO')":{"('0054-PE-2019', 0)":null,"('0054-PE-2019', 1)":null,"('0054-PE-2019', 2)":null},"('Firmantes', 'BLOQUE')":{"('0054-PE-2019', 0)":"PODER EJECUTIVO","('0054-PE-2019', 1)":"PODER EJECUTIVO","('0054-PE-2019', 2)":"PODER EJECUTIVO"},"Palabra Clave":{"('0054-PE-2019', 0)":" ","('0054-PE-2019', 1)":null,"('0054-PE-2019', 2)":null}}