{"Tipo de Proyecto":{"('0054-S-2019', 0)":"PROYECTO DE DECLARACI\u00d3N","('0054-S-2019', 1)":null},"Iniciado en: ":{"('0054-S-2019', 0)":"Senado","('0054-S-2019', 1)":null},"Expediente Senado: ":{"('0054-S-2019', 0)":"0054-S-2019","('0054-S-2019', 1)":null},"Publicado en: ":{"('0054-S-2019', 0)":"Diario de Asuntos Entrados N\u00b0 3","('0054-S-2019', 1)":null},"Fecha: ":{"('0054-S-2019', 0)":"06\/03\/2019","('0054-S-2019', 1)":null},"T\u00edtulo":{"('0054-S-2019', 0)":"DECLARAR DE INTERES PARLAMENTARIO Y CULTURAL AL ESPECTACULO \"MILONGA PA\u00b4 RECORDARTE\" Y LA 3\u00b0 FIESTA INTERPROVINCIAL DE TANGO AREQUITO, A REALIZARSE EN LA LOCALIDAD DE AREQUITO, PROVINCIA DE SANTA FE, EN EL CORRIENTE A\u00d1O.","('0054-S-2019', 1)":null},"('Firmantes', 'FIRMANTE')":{"('0054-S-2019', 0)":"SACNUN, MARIA DE LOS ANGELES","('0054-S-2019', 1)":null},"('Firmantes', 'DISTRITO')":{"('0054-S-2019', 0)":"SANTA FE","('0054-S-2019', 1)":null},"('Firmantes', 'BLOQUE')":{"('0054-S-2019', 0)":"FRENTE PARA LA VICTORIA - PJ","('0054-S-2019', 1)":null},"('Tramites', 'C\u00c1MARA')":{"('0054-S-2019', 0)":"Senado","('0054-S-2019', 1)":"Senado"},"('Tramites', 'MOVIMIENTO')":{"('0054-S-2019', 0)":"MOCION SOBRE TABLAS (AFIRMATIVA)","('0054-S-2019', 1)":"CONSIDERACION Y APROBACION"},"('Tramites', 'FECHA')":{"('0054-S-2019', 0)":"20\/03\/2019","('0054-S-2019', 1)":"20\/03\/2019"},"('Tramites', 'RESULTADO')":{"('0054-S-2019', 0)":null,"('0054-S-2019', 1)":"APROBADO"},"Link":{"('0054-S-2019', 0)":"http:\/\/www.senado.gov.ar\/parlamentario\/comisiones\/verExp\/54.19\/S\/PD","('0054-S-2019', 1)":null},"Palabra Clave":{"('0054-S-2019', 0)":" ","('0054-S-2019', 1)":null}}