{"Tipo de Proyecto":{"('0055-D-2019', 0)":"PROYECTO DE LEY","('0055-D-2019', 1)":null,"('0055-D-2019', 2)":null},"Iniciado en: ":{"('0055-D-2019', 0)":"Diputados","('0055-D-2019', 1)":null,"('0055-D-2019', 2)":null},"Expediente Diputados: ":{"('0055-D-2019', 0)":"0055-D-2019","('0055-D-2019', 1)":null,"('0055-D-2019', 2)":null},"Publicado en: ":{"('0055-D-2019', 0)":"Tr\u00e1mite Parlamentario N\u00b0 1","('0055-D-2019', 1)":null,"('0055-D-2019', 2)":null},"Fecha: ":{"('0055-D-2019', 0)":"06\/03\/2019","('0055-D-2019', 1)":null,"('0055-D-2019', 2)":null},"T\u00edtulo":{"('0055-D-2019', 0)":"EJECUCION Y CUMPLIMIENTO DE FALLOS DE LA CORTE INTERAMERICANA DE DERECHOS HUMANOS. REGIMEN (REPRODUCCION DEL EXPEDIENTE 3445-D-17).","('0055-D-2019', 1)":null,"('0055-D-2019', 2)":null},"('Firmantes', 'FIRMANTE')":{"('0055-D-2019', 0)":"GIOJA, JOSE LUIS","('0055-D-2019', 1)":null,"('0055-D-2019', 2)":null},"('Firmantes', 'DISTRITO')":{"('0055-D-2019', 0)":"SAN JUAN","('0055-D-2019', 1)":null,"('0055-D-2019', 2)":null},"('Firmantes', 'BLOQUE')":{"('0055-D-2019', 0)":"FRENTE PARA LA VICTORIA - PJ","('0055-D-2019', 1)":null,"('0055-D-2019', 2)":null},"('Giros', 'COMISI\u00d3N')":{"('0055-D-2019', 0)":"ASUNTOS CONSTITUCIONALES","('0055-D-2019', 1)":"JUSTICIA","('0055-D-2019', 2)":"PRESUPUESTO Y HACIENDA"},"Sumario":{"('0055-D-2019', 0)":"INVITACION A ADHERIR.","('0055-D-2019', 1)":null,"('0055-D-2019', 2)":null},"Palabra Clave":{"('0055-D-2019', 0)":" ","('0055-D-2019', 1)":null,"('0055-D-2019', 2)":null}}