{"Tipo de Proyecto":{"('0056-S-2019', 0)":"PROYECTO DE LEY"},"Iniciado en: ":{"('0056-S-2019', 0)":"Senado"},"Expediente Senado: ":{"('0056-S-2019', 0)":"0056-S-2019"},"Publicado en: ":{"('0056-S-2019', 0)":"Diario de Asuntos Entrados N\u00b0 3"},"Fecha: ":{"('0056-S-2019', 0)":"06\/03\/2019"},"T\u00edtulo":{"('0056-S-2019', 0)":"MODIFICAR EL ARTICULO 9 DE LA LEY 25880 - PROCEDIMIENTO PARA AUTORIZAR EL INGRESO DE TROPAS EXTRANJERAS Y\/O SALIDA DE FUERZAS NACIONALES -, RESPECTO DE ESTABLECER QUE EL PEN DEBERA REMITIR INFORMES AL COMIENZO DEL PROGRAMA, DE EJECUCION Y AL FINAL, CUANDO SOLICITE LA INTRODUCCION DE TROPAS EXTRANJERAS (REPRODUCCION DEL EXPEDIENTE 3678-S-17)."},"('Firmantes', 'FIRMANTE')":{"('0056-S-2019', 0)":"SACNUN, MARIA DE LOS ANGELES"},"('Firmantes', 'DISTRITO')":{"('0056-S-2019', 0)":"SANTA FE"},"('Firmantes', 'BLOQUE')":{"('0056-S-2019', 0)":"FRENTE PARA LA VICTORIA - PJ"},"Link":{"('0056-S-2019', 0)":"http:\/\/www.senado.gov.ar\/parlamentario\/comisiones\/verExp\/56.19\/S\/PL"},"Palabra Clave":{"('0056-S-2019', 0)":" "}}