{"Tipo de Proyecto":{"('0057-S-2019', 0)":"PROYECTO DE LEY"},"Iniciado en: ":{"('0057-S-2019', 0)":"Senado"},"Expediente Senado: ":{"('0057-S-2019', 0)":"0057-S-2019"},"Publicado en: ":{"('0057-S-2019', 0)":"Diario de Asuntos Entrados N\u00b0 3"},"Fecha: ":{"('0057-S-2019', 0)":"06\/03\/2019"},"T\u00edtulo":{"('0057-S-2019', 0)":"ACCESO GENERAL A LOS BIENES DE CONSUMO POPULAR (REPRODUCCION DEL EXPEDIENTE 3392-S-17)."},"('Firmantes', 'FIRMANTE')":{"('0057-S-2019', 0)":"SACNUN, MARIA DE LOS ANGELES"},"('Firmantes', 'DISTRITO')":{"('0057-S-2019', 0)":"SANTA FE"},"('Firmantes', 'BLOQUE')":{"('0057-S-2019', 0)":"FRENTE PARA LA VICTORIA - PJ"},"('Tramites', 'C\u00c1MARA')":{"('0057-S-2019', 0)":"Senado"},"('Tramites', 'MOVIMIENTO')":{"('0057-S-2019', 0)":"AMPLIACION DE GIRO A LA COMISION DE LEGISLACION GENERAL. SE SUPRIME EL GIRO A LAS COMISIONES DE INDUSTRIA Y COMERCIO; ECONOMIAS REGIONALES, ECONOMIA SOCIAL, MICRO, PEQUE\u00d1A Y MEDIANA EMPRESA; JUSTICIA Y ASUNTOS PENALES."},"('Tramites', 'FECHA')":{"('0057-S-2019', 0)":"20\/02\/2020"},"('Tramites', 'RESULTADO')":{"('0057-S-2019', 0)":null},"Sumario":{"('0057-S-2019', 0)":"OBJETO; SUJETOS OBLIGADOS; SUJETOS BENEFICIARIOS; PRINCIPIOS; CUPO MINIMO GARANTIZADO; CONTRATOS DE PROVISION; EXTINCION UNILATERAL; CONTRATOS DE PRESTACION DE SERVICIOS ADICIONALES; CONTRATOS PARA MARCAS PROPIAS; APLICACION SUPLETORIA; PRECIOS DE PRODUCTOS; PLAZO DE PAGO; DEBITOS Y CREDITOS COMERCIALES; VERIFICACION DE CONDICIONES; EXCLUSIVIDAD; AUTORIDAD DE APLICACION; FACULTADES CONCURRENTES; FACULTADES Y ATRIBUCIONES; AUXILIO DE LA FUERZA PUBLICA; ACTUACIONES ADMINISTRATIVAS; SANCIONES; INVITACION A ADHERIR."},"Palabra Clave":{"('0057-S-2019', 0)":" "}}