{"Tipo de Proyecto":{"('0057-D-2019', 0)":"PROYECTO DE LEY","('0057-D-2019', 1)":null,"('0057-D-2019', 2)":null},"Iniciado en: ":{"('0057-D-2019', 0)":"Diputados","('0057-D-2019', 1)":null,"('0057-D-2019', 2)":null},"Expediente Diputados: ":{"('0057-D-2019', 0)":"0057-D-2019","('0057-D-2019', 1)":null,"('0057-D-2019', 2)":null},"Publicado en: ":{"('0057-D-2019', 0)":"Tr\u00e1mite Parlamentario N\u00b0 1","('0057-D-2019', 1)":null,"('0057-D-2019', 2)":null},"Fecha: ":{"('0057-D-2019', 0)":"06\/03\/2019","('0057-D-2019', 1)":null,"('0057-D-2019', 2)":null},"T\u00edtulo":{"('0057-D-2019', 0)":"ASIGNACIONES FAMILIARES - LEY 24714 -. MODIFICACION DE LOS ARTICULOS 1\u00b0 Y 5\u00b0, SOBRE AMPLIAR EL BENEFICIO A EMPLEADOS EN PERIODO DE PRUEBA (REPRODUCCION DEL EXPEDIENTE 0847-D-17).","('0057-D-2019', 1)":null,"('0057-D-2019', 2)":null},"('Firmantes', 'FIRMANTE')":{"('0057-D-2019', 0)":"GIOJA, JOSE LUIS","('0057-D-2019', 1)":null,"('0057-D-2019', 2)":null},"('Firmantes', 'DISTRITO')":{"('0057-D-2019', 0)":"SAN JUAN","('0057-D-2019', 1)":null,"('0057-D-2019', 2)":null},"('Firmantes', 'BLOQUE')":{"('0057-D-2019', 0)":"FRENTE PARA LA VICTORIA - PJ","('0057-D-2019', 1)":null,"('0057-D-2019', 2)":null},"('Giros', 'COMISI\u00d3N')":{"('0057-D-2019', 0)":"PREVISION Y SEGURIDAD SOCIAL","('0057-D-2019', 1)":"LEGISLACION DEL TRABAJO","('0057-D-2019', 2)":"PRESUPUESTO Y HACIENDA"},"Palabra Clave":{"('0057-D-2019', 0)":" ","('0057-D-2019', 1)":null,"('0057-D-2019', 2)":null}}