{"Tipo de Proyecto":{"('0059-D-2019', 0)":"PROYECTO DE LEY"},"Iniciado en: ":{"('0059-D-2019', 0)":"Diputados"},"Expediente Diputados: ":{"('0059-D-2019', 0)":"0059-D-2019"},"Publicado en: ":{"('0059-D-2019', 0)":"Tr\u00e1mite Parlamentario N\u00b0 1"},"Fecha: ":{"('0059-D-2019', 0)":"06\/03\/2019"},"T\u00edtulo":{"('0059-D-2019', 0)":"IMPUESTO AL VALOR AGREGADO - LEY 23349 -. MODIFICACION DEL ARTICULO 28, SOBRE APLICACION DE ALICUOTA REDUCIDA, AL MOSTO DE UVA (REPRODUCCION DEL EXPEDIENTE 0845-D-17)."},"('Firmantes', 'FIRMANTE')":{"('0059-D-2019', 0)":"GIOJA, JOSE LUIS"},"('Firmantes', 'DISTRITO')":{"('0059-D-2019', 0)":"SAN JUAN"},"('Firmantes', 'BLOQUE')":{"('0059-D-2019', 0)":"FRENTE PARA LA VICTORIA - PJ"},"('Giros', 'COMISI\u00d3N')":{"('0059-D-2019', 0)":"PRESUPUESTO Y HACIENDA"},"Palabra Clave":{"('0059-D-2019', 0)":" "}}