{"Tipo de Proyecto":{"('0059-PE-2019', 0)":"MENSAJE NRO: 0068\/19 Y PROYECTO DE LEY","('0059-PE-2019', 1)":null,"('0059-PE-2019', 2)":null},"Iniciado en: ":{"('0059-PE-2019', 0)":"Senado","('0059-PE-2019', 1)":null,"('0059-PE-2019', 2)":null},"Expediente Senado: ":{"('0059-PE-2019', 0)":"0059-PE-2019","('0059-PE-2019', 1)":null,"('0059-PE-2019', 2)":null},"Publicado en: ":{"('0059-PE-2019', 0)":"Diario de Asuntos Entrados N\u00b0 42","('0059-PE-2019', 1)":null,"('0059-PE-2019', 2)":null},"Fecha: ":{"('0059-PE-2019', 0)":"08\/04\/2019","('0059-PE-2019', 1)":null,"('0059-PE-2019', 2)":null},"T\u00edtulo":{"('0059-PE-2019', 0)":"MODIFICACION DE LA CARTA ORGANICA DEL BANCO CENTRAL DE LA REPUBLICA ARGENTINA - LEY 24144.","('0059-PE-2019', 1)":null,"('0059-PE-2019', 2)":null},"('Firmantes', 'FIRMANTE')":{"('0059-PE-2019', 0)":"MACRI, MAURICIO","('0059-PE-2019', 1)":"PE\u00d1A, MARCOS","('0059-PE-2019', 2)":"DUJOVNE, NICOLAS"},"('Firmantes', 'DISTRITO')":{"('0059-PE-2019', 0)":null,"('0059-PE-2019', 1)":null,"('0059-PE-2019', 2)":null},"('Firmantes', 'BLOQUE')":{"('0059-PE-2019', 0)":"PODER EJECUTIVO","('0059-PE-2019', 1)":"PODER EJECUTIVO","('0059-PE-2019', 2)":"PODER EJECUTIVO"},"Sumario":{"('0059-PE-2019', 0)":"MODIFICACION DE LOS ARTICULOS 1, 3, 4, 6, 7, 9, 10, 12, 14, 15, 16, 17, 18, 19, 21, 24, 29, 33, 34, 36, 37, 38, 39, 40, 43 Y 49; INCORPORACION DE LOS ARTICULOS 9 BIS Y 16 BIS; DEROGACION DE LOS ARTICULOS 11, 20, 22 Y  25; DENOMINACION DEL CAPITULO III 'AUTORIDADES'; CLAUSULAS TRANSITORIAS; DEROGACION DE LA LEY 19359 DE REGIMEN PENAL CAMBIARIO, DEL ARTICULO 6 DE LA LEY 23928 Y DEL DECRETO 298\/2010 (FONDO DEL DESENDEUDAMIENTO ARGENTINO).","('0059-PE-2019', 1)":null,"('0059-PE-2019', 2)":null},"Palabra Clave":{"('0059-PE-2019', 0)":" ","('0059-PE-2019', 1)":null,"('0059-PE-2019', 2)":null}}