{"Tipo de Proyecto":{"('0063-S-2019', 0)":"PROYECTO DE LEY"},"Iniciado en: ":{"('0063-S-2019', 0)":"Senado"},"Expediente Senado: ":{"('0063-S-2019', 0)":"0063-S-2019"},"Publicado en: ":{"('0063-S-2019', 0)":"Diario de Asuntos Entrados N\u00b0 4"},"Fecha: ":{"('0063-S-2019', 0)":"06\/03\/2019"},"T\u00edtulo":{"('0063-S-2019', 0)":"ESTABLECER UN REGIMEN DE INEMBARGABILIDAD DE LOS SALARIOS DEL PERSONAL DEL SECTOR PUBLICO (REPRODUCCION DEL EXPEDIENTE 0602-S-17)."},"('Firmantes', 'FIRMANTE')":{"('0063-S-2019', 0)":"PAIS, JUAN MARIO"},"('Firmantes', 'DISTRITO')":{"('0063-S-2019', 0)":"CHUBUT"},"('Firmantes', 'BLOQUE')":{"('0063-S-2019', 0)":"JUSTICIALISTA CHUBUT"},"Sumario":{"('0063-S-2019', 0)":"INEMBARGABILIDAD HASTA EL MONTO DEL SALARIO MINIMO, VITAL Y MOVIL; PROPORCION; DEROGACION DEL DECRETO LEY 6754\/43 RATIFICADO POR LEY 13894"},"Palabra Clave":{"('0063-S-2019', 0)":" "}}