{"Tipo de Proyecto":{"('0063-D-2019', 0)":"PROYECTO DE LEY","('0063-D-2019', 1)":null,"('0063-D-2019', 2)":null},"Iniciado en: ":{"('0063-D-2019', 0)":"Diputados","('0063-D-2019', 1)":null,"('0063-D-2019', 2)":null},"Expediente Diputados: ":{"('0063-D-2019', 0)":"0063-D-2019","('0063-D-2019', 1)":null,"('0063-D-2019', 2)":null},"Publicado en: ":{"('0063-D-2019', 0)":"Tr\u00e1mite Parlamentario N\u00b0 1","('0063-D-2019', 1)":null,"('0063-D-2019', 2)":null},"Fecha: ":{"('0063-D-2019', 0)":"06\/03\/2019","('0063-D-2019', 1)":null,"('0063-D-2019', 2)":null},"T\u00edtulo":{"('0063-D-2019', 0)":"RESPONSABILIDAD PENAL JUVENIL. REGIMEN. DEROGACION DE LA LEY 22278 (REPRODUCCION DEL EXPEDIENTE 5855-D-17).","('0063-D-2019', 1)":null,"('0063-D-2019', 2)":null},"('Firmantes', 'FIRMANTE')":{"('0063-D-2019', 0)":"CAMA\u00d1O, GRACIELA","('0063-D-2019', 1)":null,"('0063-D-2019', 2)":null},"('Firmantes', 'DISTRITO')":{"('0063-D-2019', 0)":"BUENOS AIRES","('0063-D-2019', 1)":null,"('0063-D-2019', 2)":null},"('Firmantes', 'BLOQUE')":{"('0063-D-2019', 0)":"FEDERAL UNIDOS POR UNA NUEVA ARGENTINA","('0063-D-2019', 1)":null,"('0063-D-2019', 2)":null},"('Giros', 'COMISI\u00d3N')":{"('0063-D-2019', 0)":"LEGISLACION PENAL","('0063-D-2019', 1)":"FAMILIA, MUJER, NI\u00d1EZ Y ADOLESCENCIA","('0063-D-2019', 2)":"PRESUPUESTO Y HACIENDA"},"Sumario":{"('0063-D-2019', 0)":"DEROGACION DE LA LEY 22278 (REGIMEN PENAL DE LA MINORIDAD).","('0063-D-2019', 1)":null,"('0063-D-2019', 2)":null},"Palabra Clave":{"('0063-D-2019', 0)":" ","('0063-D-2019', 1)":null,"('0063-D-2019', 2)":null}}