{"Tipo de Proyecto":{"('0064-PE-2019', 0)":"MENSAJE NRO: 0065\/19","('0064-PE-2019', 1)":null},"Iniciado en: ":{"('0064-PE-2019', 0)":"Senado","('0064-PE-2019', 1)":null},"Expediente Senado: ":{"('0064-PE-2019', 0)":"0064-PE-2019","('0064-PE-2019', 1)":null},"Publicado en: ":{"('0064-PE-2019', 0)":"DAE S.A. N\u00b0 4","('0064-PE-2019', 1)":null},"Fecha: ":{"('0064-PE-2019', 0)":"04\/04\/2019","('0064-PE-2019', 1)":null},"T\u00edtulo":{"('0064-PE-2019', 0)":"SOLICTA ACUERDO PARA LA DESIGNACION DE LA DEFENSORA PUBLICA OFICIAL ANTE LOS TRIBUNALES FEDERALES DE PRIMERA Y SEGUNDA INSTANCIA DE PARANA, PROVINCIA DE ENTRE RIOS, A LA DOCTORA NOELIA QUIROGA.  ","('0064-PE-2019', 1)":null},"('Firmantes', 'FIRMANTE')":{"('0064-PE-2019', 0)":"MACRI, MAURICIO","('0064-PE-2019', 1)":"GARAVANO, GERMAN CARLOS"},"('Firmantes', 'DISTRITO')":{"('0064-PE-2019', 0)":null,"('0064-PE-2019', 1)":null},"('Firmantes', 'BLOQUE')":{"('0064-PE-2019', 0)":"PODER EJECUTIVO","('0064-PE-2019', 1)":"PODER EJECUTIVO"},"('Tramites', 'C\u00c1MARA')":{"('0064-PE-2019', 0)":"Senado","('0064-PE-2019', 1)":"Senado"},"('Tramites', 'MOVIMIENTO')":{"('0064-PE-2019', 0)":"SOLICITUD DE RETIRO DEL ACUERDO (MENSAJE 19\/20)","('0064-PE-2019', 1)":"CONSIDERACION Y APROBACION DEL RETIRO"},"('Tramites', 'FECHA')":{"('0064-PE-2019', 0)":null,"('0064-PE-2019', 1)":"20\/02\/2020"},"('Tramites', 'RESULTADO')":{"('0064-PE-2019', 0)":null,"('0064-PE-2019', 1)":"RETIRADO"},"Palabra Clave":{"('0064-PE-2019', 0)":" ","('0064-PE-2019', 1)":null}}