{"Tipo de Proyecto":{"('0064-S-2019', 0)":"PROYECTO DE LEY"},"Iniciado en: ":{"('0064-S-2019', 0)":"Senado"},"Expediente Senado: ":{"('0064-S-2019', 0)":"0064-S-2019"},"Publicado en: ":{"('0064-S-2019', 0)":"Diario de Asuntos Entrados N\u00b0 4"},"Fecha: ":{"('0064-S-2019', 0)":"06\/03\/2019"},"T\u00edtulo":{"('0064-S-2019', 0)":"CONTRATO DE TRABAJO - LEY 20744 - MODIFICACION. (REPRODUCCION DEL EXPEDIENTE 1397-S-17)."},"('Firmantes', 'FIRMANTE')":{"('0064-S-2019', 0)":"PAIS, JUAN MARIO"},"('Firmantes', 'DISTRITO')":{"('0064-S-2019', 0)":"CHUBUT"},"('Firmantes', 'BLOQUE')":{"('0064-S-2019', 0)":"JUSTICIALISTA CHUBUT"},"Sumario":{"('0064-S-2019', 0)":"MODIFICACION DEL ARTICULO 231, PLAZOS, EXTINCION DEL CONTRATO DE TRABAJO, PREAVISO."},"Palabra Clave":{"('0064-S-2019', 0)":" "}}