{"Tipo de Proyecto":{"('0066-S-2019', 0)":"PROYECTO DE LEY"},"Iniciado en: ":{"('0066-S-2019', 0)":"Senado"},"Expediente Senado: ":{"('0066-S-2019', 0)":"0066-S-2019"},"Publicado en: ":{"('0066-S-2019', 0)":"Diario de Asuntos Entrados N\u00b0 4"},"Fecha: ":{"('0066-S-2019', 0)":"06\/03\/2019"},"T\u00edtulo":{"('0066-S-2019', 0)":"PROGRAMA DE PROPIEDAD PARTICIPADA DE EX AGENTES DE SERVICIOS ELECTRICOS DEL GRAN BUENOS AIRES (SEGBA S.A.) (REPRODUCCION DEL EXPEDIENTE 2231-S-17)."},"('Firmantes', 'FIRMANTE')":{"('0066-S-2019', 0)":"PAIS, JUAN MARIO"},"('Firmantes', 'DISTRITO')":{"('0066-S-2019', 0)":"CHUBUT"},"('Firmantes', 'BLOQUE')":{"('0066-S-2019', 0)":"JUSTICIALISTA CHUBUT"},"Sumario":{"('0066-S-2019', 0)":"PERSONAS INCLUIDAS EN EL REGIMEN DEL PROGRAMA DE PROPIEDAD PARTICIPADA; RECONOMIENTO DEL ESTADO NACIONAL DE UNA INDEMNIZACION ECONOMICA A FAVOR DE LOS EX AGENTES DE SEGBA QUE NO HUBIERAN PODIDO ACOGERSE AL PROGRAMA DE PROPIEDAD PARTICIPADA O QUE HAYAN SIDO EXCLUIDOS O QUE HABIENDO EJERCIDO ACCIONES JUDICIALES NO HAYAN OBTENIDO UN PRONUNCIAMIENTO FAVORABLE; PAUTAS PARA LOS VALORES DE LA INDEMNIZACION ECONOMICA; FACULTAD DE LOS EX AGENTES QUE HUBIERAN PERCIBIDO EL VALOR DE ACCIONES U OBTENIDO SENTENCIA JUDICIAL FAVORABLE DE RECLAMAR LA EVENTUAL DIFERENCIA QUE EXISTIERA A SU FAVOR; SUSPENSION POR EL PLAZO DE 120 DIAS HABILES DE TODAS LAS CAUSAS JUDICIALES POR RECLAMOS SUSTENTADOS POR LOS EX AGENTES DE SEGBA TENDIENTES A OBTENER EL RECONOCIMIENTO DE SUS DERECHOS A LAS ACCIONES CLASE C DE LA SOCIEDAD ANONIMA QUE CORRESPONDA; PROCEDIMIENTO DETERMINADO POR EL PODER EJECUTIVO PARA SOLICITAR EL PAGO DE LA INDEMNIZACION  PARA AQUELLOS QUE HAN INICIADO ACCIONES JUDICIALES; AUTORIZACION AL PODER EJECUTIVO PARA LA EMISION DE BONOS PARA LA CONSOLIDACION DE DEUDA RECONOCIDA Y\/O REASIGNACION DE LAS PARTIDAS PRESUPUESTARIAS O EXTRAPRESUPUESTARIAS; ESTABLECER LA INEMBARGABILIDAD DE LAS INDEMNIZACIONES QUE SE OTORGEN SALVO QUE SE TRATE DE CREDITOS DE NATURALEZA ALIMENTARIA; EXENCION DEL PAGO DEL IMPUESTO A LAS GANANCIAS A LAS INDEMNIZACIONES OTORGADAS POR EL PRESENTE REGIMEN."},"Palabra Clave":{"('0066-S-2019', 0)":" "}}