{"Tipo de Proyecto":{"('0067-D-2019', 0)":"PROYECTO DE LEY"},"Iniciado en: ":{"('0067-D-2019', 0)":"Diputados"},"Expediente Diputados: ":{"('0067-D-2019', 0)":"0067-D-2019"},"Publicado en: ":{"('0067-D-2019', 0)":"Tr\u00e1mite Parlamentario N\u00b0 1"},"Fecha: ":{"('0067-D-2019', 0)":"06\/03\/2019"},"T\u00edtulo":{"('0067-D-2019', 0)":"DESIGNAR CON EL NOMBRE DE DOCTORA CAROLINA TOBAR GARCIA, A LA ESCUELA DE CIENCIAS DE LA SALUD, DE LA \"UNIVERSIDAD DE VILLA MERCEDES - UNVIME -\", PROVINCIA DE SAN LUIS (REPRODUCCION DEL EXPEDIENTE 3853-D-17)."},"('Firmantes', 'FIRMANTE')":{"('0067-D-2019', 0)":"BIANCHI, IVANA MARIA"},"('Firmantes', 'DISTRITO')":{"('0067-D-2019', 0)":"SAN LUIS"},"('Firmantes', 'BLOQUE')":{"('0067-D-2019', 0)":"UNIDAD JUSTICIALISTA"},"('Giros', 'COMISI\u00d3N')":{"('0067-D-2019', 0)":"EDUCACION"},"Palabra Clave":{"('0067-D-2019', 0)":" "}}