{"Tipo de Proyecto":{"('0067-S-2019', 0)":"PROYECTO DE LEY"},"Iniciado en: ":{"('0067-S-2019', 0)":"Senado"},"Expediente Senado: ":{"('0067-S-2019', 0)":"0067-S-2019"},"Publicado en: ":{"('0067-S-2019', 0)":"Diario de Asuntos Entrados N\u00b0 4"},"Fecha: ":{"('0067-S-2019', 0)":"06\/03\/2019"},"T\u00edtulo":{"('0067-S-2019', 0)":"CONTRATO DE TRABAJO - LEY 20744 - MODIFICACION DEL ARTICULO 233. PLAZOS DEL PREAVISO."},"('Firmantes', 'FIRMANTE')":{"('0067-S-2019', 0)":"PAIS, JUAN MARIO"},"('Firmantes', 'DISTRITO')":{"('0067-S-2019', 0)":"CHUBUT"},"('Firmantes', 'BLOQUE')":{"('0067-S-2019', 0)":"JUSTICIALISTA CHUBUT"},"Link":{"('0067-S-2019', 0)":"http:\/\/www.senado.gov.ar\/parlamentario\/comisiones\/verExp\/67.19\/S\/PL"},"Palabra Clave":{"('0067-S-2019', 0)":" "}}