{"Tipo de Proyecto":{"('0068-D-2019', 0)":"PROYECTO DE LEY","('0068-D-2019', 1)":null},"Iniciado en: ":{"('0068-D-2019', 0)":"Diputados","('0068-D-2019', 1)":null},"Expediente Diputados: ":{"('0068-D-2019', 0)":"0068-D-2019","('0068-D-2019', 1)":null},"Publicado en: ":{"('0068-D-2019', 0)":"Tr\u00e1mite Parlamentario N\u00b0 1","('0068-D-2019', 1)":null},"Fecha: ":{"('0068-D-2019', 0)":"06\/03\/2019","('0068-D-2019', 1)":null},"T\u00edtulo":{"('0068-D-2019', 0)":"INCORPORACION DE ENSE\u00d1ANZA BASICA EN PRIMEROS AUXILIOS Y REANIMACION CARDIOPULMONAR -RCP- EN ESCUELA   (REPRODUCCION DEL EXPEDIENTE 3966-D-17).","('0068-D-2019', 1)":null},"('Firmantes', 'FIRMANTE')":{"('0068-D-2019', 0)":"BIANCHI, IVANA MARIA","('0068-D-2019', 1)":null},"('Firmantes', 'DISTRITO')":{"('0068-D-2019', 0)":"SAN LUIS","('0068-D-2019', 1)":null},"('Firmantes', 'BLOQUE')":{"('0068-D-2019', 0)":"UNIDAD JUSTICIALISTA","('0068-D-2019', 1)":null},"('Giros', 'COMISI\u00d3N')":{"('0068-D-2019', 0)":"EDUCACION","('0068-D-2019', 1)":"PRESUPUESTO Y HACIENDA"},"Sumario":{"('0068-D-2019', 0)":"CONCEPTO; OBJETIVOS; AUTORIDAD DE APLICACION: MINISTERIO DE EDUCACION DE LA NACION EN COLABORACION CON EL MINISTERIO DE SALUD DE LA NACION; FINANCIAMIENTO; INVITACION A ADHERIR","('0068-D-2019', 1)":null},"Palabra Clave":{"('0068-D-2019', 0)":" ","('0068-D-2019', 1)":null}}