{"Tipo de Proyecto":{"('0069-D-2019', 0)":"PROYECTO DE LEY","('0069-D-2019', 1)":null,"('0069-D-2019', 2)":null},"Iniciado en: ":{"('0069-D-2019', 0)":"Diputados","('0069-D-2019', 1)":null,"('0069-D-2019', 2)":null},"Expediente Diputados: ":{"('0069-D-2019', 0)":"0069-D-2019","('0069-D-2019', 1)":null,"('0069-D-2019', 2)":null},"Publicado en: ":{"('0069-D-2019', 0)":"Tr\u00e1mite Parlamentario N\u00b0 1","('0069-D-2019', 1)":null,"('0069-D-2019', 2)":null},"Fecha: ":{"('0069-D-2019', 0)":"06\/03\/2019","('0069-D-2019', 1)":null,"('0069-D-2019', 2)":null},"T\u00edtulo":{"('0069-D-2019', 0)":"INVESTIGACION, DESARROLLO, FORMULACION, PRODUCCION Y ACCESO  A LOS 'MEDICAMENTOS A MEDIDA DE LOS NI\u00d1OS'. REGIMEN  (REPRODUCCION DEL EXPEDIENTE 3967-D-17).","('0069-D-2019', 1)":null,"('0069-D-2019', 2)":null},"('Firmantes', 'FIRMANTE')":{"('0069-D-2019', 0)":"BIANCHI, IVANA MARIA","('0069-D-2019', 1)":null,"('0069-D-2019', 2)":null},"('Firmantes', 'DISTRITO')":{"('0069-D-2019', 0)":"SAN LUIS","('0069-D-2019', 1)":null,"('0069-D-2019', 2)":null},"('Firmantes', 'BLOQUE')":{"('0069-D-2019', 0)":"UNIDAD JUSTICIALISTA","('0069-D-2019', 1)":null,"('0069-D-2019', 2)":null},"('Giros', 'COMISI\u00d3N')":{"('0069-D-2019', 0)":"ACCION SOCIAL Y SALUD PUBLICA","('0069-D-2019', 1)":"FAMILIA, MUJER, NI\u00d1EZ Y ADOLESCENCIA","('0069-D-2019', 2)":"PRESUPUESTO Y HACIENDA"},"Sumario":{"('0069-D-2019', 0)":"OBJETO; AUTORIDAD DE APLICACION; DIFUSION DE LA INVESTIGACION Y DESARROLLO; INFORMACION; PUBLICIDAD.","('0069-D-2019', 1)":null,"('0069-D-2019', 2)":null},"Palabra Clave":{"('0069-D-2019', 0)":" ","('0069-D-2019', 1)":null,"('0069-D-2019', 2)":null}}