{"Tipo de Proyecto":{"('0070-S-2019', 0)":"PROYECTO DE LEY"},"Iniciado en: ":{"('0070-S-2019', 0)":"Senado"},"Expediente Senado: ":{"('0070-S-2019', 0)":"0070-S-2019"},"Publicado en: ":{"('0070-S-2019', 0)":"Diario de Asuntos Entrados N\u00b0 4"},"Fecha: ":{"('0070-S-2019', 0)":"06\/03\/2019"},"T\u00edtulo":{"('0070-S-2019', 0)":"DECLARAR DE INTERES PUBLICO NACIONAL Y COMO OBJETIVO PRIORITARIO LA LUCHA CONTRA LA PIROTECNIA."},"('Firmantes', 'FIRMANTE')":{"('0070-S-2019', 0)":"ODARDA, MARIA MAGDALENA"},"('Firmantes', 'DISTRITO')":{"('0070-S-2019', 0)":"RIO NEGRO"},"('Firmantes', 'BLOQUE')":{"('0070-S-2019', 0)":"RIO - FRENTE PROGRESISTA"},"Sumario":{"('0070-S-2019', 0)":"PROHIBICION; EXCEPCIONES; INCUMPLIMIENTO, SANCIONES."},"Palabra Clave":{"('0070-S-2019', 0)":" "}}