{"Tipo de Proyecto":{"('0071-S-2019', 0)":"PROYECTO DE LEY"},"Iniciado en: ":{"('0071-S-2019', 0)":"Senado"},"Expediente Senado: ":{"('0071-S-2019', 0)":"0071-S-2019"},"Publicado en: ":{"('0071-S-2019', 0)":"Diario de Asuntos Entrados N\u00b0 4"},"Fecha: ":{"('0071-S-2019', 0)":"06\/03\/2019"},"T\u00edtulo":{"('0071-S-2019', 0)":"DERECHOS DEL PACIENTE EN SU RELACION CON LOS PROFESIONALES E INSTITUCIONES DE LA SALUD - LEY 26529 - INCORPORACION DEL INCISO \"H\" AL ARTICULO 2 . VISITA DE ANIMALES DOMESTICOS."},"('Firmantes', 'FIRMANTE')":{"('0071-S-2019', 0)":"ODARDA, MARIA MAGDALENA"},"('Firmantes', 'DISTRITO')":{"('0071-S-2019', 0)":"RIO NEGRO"},"('Firmantes', 'BLOQUE')":{"('0071-S-2019', 0)":"RIO - FRENTE PROGRESISTA"},"Link":{"('0071-S-2019', 0)":"http:\/\/www.senado.gov.ar\/parlamentario\/comisiones\/verExp\/71.19\/S\/PL"},"Palabra Clave":{"('0071-S-2019', 0)":" "}}