{"Tipo de Proyecto":{"('0072-PE-2019', 0)":"MENSAJE NRO: 0069\/19","('0072-PE-2019', 1)":null},"Iniciado en: ":{"('0072-PE-2019', 0)":"Senado","('0072-PE-2019', 1)":null},"Expediente Senado: ":{"('0072-PE-2019', 0)":"0072-PE-2019","('0072-PE-2019', 1)":null},"Publicado en: ":{"('0072-PE-2019', 0)":"DAE S.A. N\u00b0 4","('0072-PE-2019', 1)":null},"Fecha: ":{"('0072-PE-2019', 0)":"04\/04\/2019","('0072-PE-2019', 1)":null},"T\u00edtulo":{"('0072-PE-2019', 0)":"SOLICITA ACUERDO PARA LA DESIGNACION DE LA JUEZA DEL JUZGADO NACIONAL DE PRIMERA INSTANCIA DEL TRABAJO N\u00b0 8 DE LA CAPITAL FEDERAL, LA DOCTORA MARIA VERONICA JORGELINA MORENO. ","('0072-PE-2019', 1)":null},"('Firmantes', 'FIRMANTE')":{"('0072-PE-2019', 0)":"MACRI, MAURICIO","('0072-PE-2019', 1)":"GARAVANO, GERMAN CARLOS"},"('Firmantes', 'DISTRITO')":{"('0072-PE-2019', 0)":null,"('0072-PE-2019', 1)":null},"('Firmantes', 'BLOQUE')":{"('0072-PE-2019', 0)":"PODER EJECUTIVO","('0072-PE-2019', 1)":"PODER EJECUTIVO"},"('Tramites', 'C\u00c1MARA')":{"('0072-PE-2019', 0)":"Senado","('0072-PE-2019', 1)":"Senado"},"('Tramites', 'MOVIMIENTO')":{"('0072-PE-2019', 0)":"SOLICITUD DE RETIRO DEL ACUERDO (MENSAJE 19\/20)","('0072-PE-2019', 1)":"CONSIDERACION Y APROBACION DEL RETIRO"},"('Tramites', 'FECHA')":{"('0072-PE-2019', 0)":null,"('0072-PE-2019', 1)":"20\/02\/2020"},"('Tramites', 'RESULTADO')":{"('0072-PE-2019', 0)":null,"('0072-PE-2019', 1)":"RETIRADO"},"Palabra Clave":{"('0072-PE-2019', 0)":" ","('0072-PE-2019', 1)":null}}