{"Tipo de Proyecto":{"('0073-D-2019', 0)":"PROYECTO DE RESOLUCI\u00d3N","('0073-D-2019', 1)":null,"('0073-D-2019', 2)":null,"('0073-D-2019', 3)":null,"('0073-D-2019', 4)":null,"('0073-D-2019', 5)":null,"('0073-D-2019', 6)":null,"('0073-D-2019', 7)":null,"('0073-D-2019', 8)":null,"('0073-D-2019', 9)":null,"('0073-D-2019', 10)":null,"('0073-D-2019', 11)":null},"Iniciado en: ":{"('0073-D-2019', 0)":"Diputados","('0073-D-2019', 1)":null,"('0073-D-2019', 2)":null,"('0073-D-2019', 3)":null,"('0073-D-2019', 4)":null,"('0073-D-2019', 5)":null,"('0073-D-2019', 6)":null,"('0073-D-2019', 7)":null,"('0073-D-2019', 8)":null,"('0073-D-2019', 9)":null,"('0073-D-2019', 10)":null,"('0073-D-2019', 11)":null},"Expediente Diputados: ":{"('0073-D-2019', 0)":"0073-D-2019","('0073-D-2019', 1)":null,"('0073-D-2019', 2)":null,"('0073-D-2019', 3)":null,"('0073-D-2019', 4)":null,"('0073-D-2019', 5)":null,"('0073-D-2019', 6)":null,"('0073-D-2019', 7)":null,"('0073-D-2019', 8)":null,"('0073-D-2019', 9)":null,"('0073-D-2019', 10)":null,"('0073-D-2019', 11)":null},"Publicado en: ":{"('0073-D-2019', 0)":"Tr\u00e1mite Parlamentario N\u00b0 1","('0073-D-2019', 1)":null,"('0073-D-2019', 2)":null,"('0073-D-2019', 3)":null,"('0073-D-2019', 4)":null,"('0073-D-2019', 5)":null,"('0073-D-2019', 6)":null,"('0073-D-2019', 7)":null,"('0073-D-2019', 8)":null,"('0073-D-2019', 9)":null,"('0073-D-2019', 10)":null,"('0073-D-2019', 11)":null},"Fecha: ":{"('0073-D-2019', 0)":"06\/03\/2019","('0073-D-2019', 1)":null,"('0073-D-2019', 2)":null,"('0073-D-2019', 3)":null,"('0073-D-2019', 4)":null,"('0073-D-2019', 5)":null,"('0073-D-2019', 6)":null,"('0073-D-2019', 7)":null,"('0073-D-2019', 8)":null,"('0073-D-2019', 9)":null,"('0073-D-2019', 10)":null,"('0073-D-2019', 11)":null},"T\u00edtulo":{"('0073-D-2019', 0)":"SOLICITAR AL PODER EJECUTIVO DISPONGA LA DEROGACION DE LAS RESOLUCIONES 39 Y 44, DICTADAS POR LA AGENCIA NACIONAL DE DISCAPACIDAD, POR SER VIOLATORIAS DE  LA \"CONVENCION SOBRE LOS DERECHOS DE LAS PERSONAS CON DISCAPACIDAD\".","('0073-D-2019', 1)":null,"('0073-D-2019', 2)":null,"('0073-D-2019', 3)":null,"('0073-D-2019', 4)":null,"('0073-D-2019', 5)":null,"('0073-D-2019', 6)":null,"('0073-D-2019', 7)":null,"('0073-D-2019', 8)":null,"('0073-D-2019', 9)":null,"('0073-D-2019', 10)":null,"('0073-D-2019', 11)":null},"('Firmantes', 'FIRMANTE')":{"('0073-D-2019', 0)":"SIERRA, MAGDALENA","('0073-D-2019', 1)":"MASIN, MARIA LUCILA","('0073-D-2019', 2)":"CAROL, ANALUZ AILEN","('0073-D-2019', 3)":"CARMONA, GUILLERMO RAMON","('0073-D-2019', 4)":"GRANA, ADRIAN EDUARDO","('0073-D-2019', 5)":"CIAMPINI, JOSE ALBERTO","('0073-D-2019', 6)":"FILMUS, DANIEL","('0073-D-2019', 7)":"MERCADO, VERONICA","('0073-D-2019', 8)":"GUERIN, MARIA ISABEL","('0073-D-2019', 9)":"TUNDIS, MIRTA","('0073-D-2019', 10)":"SALVAREZZA, ROBERTO","('0073-D-2019', 11)":"DO\u00d1ATE, CLAUDIO MARTIN"},"('Firmantes', 'DISTRITO')":{"('0073-D-2019', 0)":"BUENOS AIRES","('0073-D-2019', 1)":"CHACO","('0073-D-2019', 2)":"TIERRA DEL FUEGO","('0073-D-2019', 3)":"MENDOZA","('0073-D-2019', 4)":"BUENOS AIRES","('0073-D-2019', 5)":"NEUQUEN","('0073-D-2019', 6)":"CIUDAD de BUENOS AIRES","('0073-D-2019', 7)":"CATAMARCA","('0073-D-2019', 8)":"BUENOS AIRES","('0073-D-2019', 9)":"BUENOS AIRES","('0073-D-2019', 10)":"BUENOS AIRES","('0073-D-2019', 11)":"RIO NEGRO"},"('Firmantes', 'BLOQUE')":{"('0073-D-2019', 0)":"FRENTE PARA LA VICTORIA - PJ","('0073-D-2019', 1)":"FRENTE PARA LA VICTORIA - PJ","('0073-D-2019', 2)":"FRENTE PARA LA VICTORIA - PJ","('0073-D-2019', 3)":"FRENTE PARA LA VICTORIA - PJ","('0073-D-2019', 4)":"FRENTE PARA LA VICTORIA - PJ","('0073-D-2019', 5)":"FRENTE PARA LA VICTORIA - PJ","('0073-D-2019', 6)":"FRENTE PARA LA VICTORIA - PJ","('0073-D-2019', 7)":"FRENTE PARA LA VICTORIA - PJ","('0073-D-2019', 8)":"FRENTE PARA LA VICTORIA - PJ","('0073-D-2019', 9)":"FEDERAL UNIDOS POR UNA NUEVA ARGENTINA","('0073-D-2019', 10)":"FRENTE PARA LA VICTORIA - PJ","('0073-D-2019', 11)":"FRENTE PARA LA VICTORIA - PJ"},"('Giros', 'COMISI\u00d3N')":{"('0073-D-2019', 0)":"DISCAPACIDAD","('0073-D-2019', 1)":null,"('0073-D-2019', 2)":null,"('0073-D-2019', 3)":null,"('0073-D-2019', 4)":null,"('0073-D-2019', 5)":null,"('0073-D-2019', 6)":null,"('0073-D-2019', 7)":null,"('0073-D-2019', 8)":null,"('0073-D-2019', 9)":null,"('0073-D-2019', 10)":null,"('0073-D-2019', 11)":null},"('Tramites', 'C\u00c1MARA')":{"('0073-D-2019', 0)":"Diputados","('0073-D-2019', 1)":"Diputados","('0073-D-2019', 2)":null,"('0073-D-2019', 3)":null,"('0073-D-2019', 4)":null,"('0073-D-2019', 5)":null,"('0073-D-2019', 6)":null,"('0073-D-2019', 7)":null,"('0073-D-2019', 8)":null,"('0073-D-2019', 9)":null,"('0073-D-2019', 10)":null,"('0073-D-2019', 11)":null},"('Tramites', 'MOVIMIENTO')":{"('0073-D-2019', 0)":"SOLICITUD DE SER COFIRMANTE DEL DIPUTADO DO\u00d1ATE (A SUS ANTECEDENTES)","('0073-D-2019', 1)":"APROBACION ARTICULO 114 DEL REGLAMENTO DE LA H CAMARA DE DIPUTADOS; COMUNICADO EL 09\/12\/2019","('0073-D-2019', 2)":null,"('0073-D-2019', 3)":null,"('0073-D-2019', 4)":null,"('0073-D-2019', 5)":null,"('0073-D-2019', 6)":null,"('0073-D-2019', 7)":null,"('0073-D-2019', 8)":null,"('0073-D-2019', 9)":null,"('0073-D-2019', 10)":null,"('0073-D-2019', 11)":null},"('Tramites', 'FECHA')":{"('0073-D-2019', 0)":null,"('0073-D-2019', 1)":null,"('0073-D-2019', 2)":null,"('0073-D-2019', 3)":null,"('0073-D-2019', 4)":null,"('0073-D-2019', 5)":null,"('0073-D-2019', 6)":null,"('0073-D-2019', 7)":null,"('0073-D-2019', 8)":null,"('0073-D-2019', 9)":null,"('0073-D-2019', 10)":null,"('0073-D-2019', 11)":null},"('Tramites', 'RESULTADO')":{"('0073-D-2019', 0)":null,"('0073-D-2019', 1)":"APROBADO","('0073-D-2019', 2)":null,"('0073-D-2019', 3)":null,"('0073-D-2019', 4)":null,"('0073-D-2019', 5)":null,"('0073-D-2019', 6)":null,"('0073-D-2019', 7)":null,"('0073-D-2019', 8)":null,"('0073-D-2019', 9)":null,"('0073-D-2019', 10)":null,"('0073-D-2019', 11)":null},"Link":{"('0073-D-2019', 0)":"https:\/\/www.hcdn.gob.ar\/proyectos\/textoCompleto.jsp?exp=0073-D-2019&tipo=RESOLUCION","('0073-D-2019', 1)":null,"('0073-D-2019', 2)":null,"('0073-D-2019', 3)":null,"('0073-D-2019', 4)":null,"('0073-D-2019', 5)":null,"('0073-D-2019', 6)":null,"('0073-D-2019', 7)":null,"('0073-D-2019', 8)":null,"('0073-D-2019', 9)":null,"('0073-D-2019', 10)":null,"('0073-D-2019', 11)":null},"Palabra Clave":{"('0073-D-2019', 0)":" ","('0073-D-2019', 1)":null,"('0073-D-2019', 2)":null,"('0073-D-2019', 3)":null,"('0073-D-2019', 4)":null,"('0073-D-2019', 5)":null,"('0073-D-2019', 6)":null,"('0073-D-2019', 7)":null,"('0073-D-2019', 8)":null,"('0073-D-2019', 9)":null,"('0073-D-2019', 10)":null,"('0073-D-2019', 11)":null}}