{"Tipo de Proyecto":{"('0073-PE-2019', 0)":"MENSAJE NRO: 0070\/19","('0073-PE-2019', 1)":null},"Iniciado en: ":{"('0073-PE-2019', 0)":"Senado","('0073-PE-2019', 1)":null},"Expediente Senado: ":{"('0073-PE-2019', 0)":"0073-PE-2019","('0073-PE-2019', 1)":null},"Publicado en: ":{"('0073-PE-2019', 0)":"DAE S.A. N\u00b0 4","('0073-PE-2019', 1)":null},"Fecha: ":{"('0073-PE-2019', 0)":"04\/04\/2019","('0073-PE-2019', 1)":null},"T\u00edtulo":{"('0073-PE-2019', 0)":"SOLICITA ACUERDO PARA LA DESIGNACION DEL JUEZ DEL JUZGADO NACIONAL DE PRIMERA INSTANCIA EN LO CIVIL Y COMERCIAL FEDERAL N\u00b0 9 DE LA CAPITAL FEDERAL, DOCTOR GONZALO AUGUSTE. ","('0073-PE-2019', 1)":null},"('Firmantes', 'FIRMANTE')":{"('0073-PE-2019', 0)":"MACRI, MAURICIO","('0073-PE-2019', 1)":"GARAVANO, GERMAN CARLOS"},"('Firmantes', 'DISTRITO')":{"('0073-PE-2019', 0)":null,"('0073-PE-2019', 1)":null},"('Firmantes', 'BLOQUE')":{"('0073-PE-2019', 0)":"PODER EJECUTIVO","('0073-PE-2019', 1)":"PODER EJECUTIVO"},"('Tramites', 'C\u00c1MARA')":{"('0073-PE-2019', 0)":"Senado","('0073-PE-2019', 1)":"Senado"},"('Tramites', 'MOVIMIENTO')":{"('0073-PE-2019', 0)":"SOLICITUD DE RETIRO DEL ACUERDO (MENSAJE 19\/20)","('0073-PE-2019', 1)":"CONSIDERACION Y APROBACION DEL RETIRO"},"('Tramites', 'FECHA')":{"('0073-PE-2019', 0)":null,"('0073-PE-2019', 1)":"20\/02\/2020"},"('Tramites', 'RESULTADO')":{"('0073-PE-2019', 0)":null,"('0073-PE-2019', 1)":"RETIRADO"},"Palabra Clave":{"('0073-PE-2019', 0)":" ","('0073-PE-2019', 1)":null}}