{"Tipo de Proyecto":{"('0073-S-2019', 0)":"MENSAJE NRO: 0135\/19 Y PROYECTO DE LEY","('0073-S-2019', 1)":null,"('0073-S-2019', 2)":null,"('0073-S-2019', 3)":null,"('0073-S-2019', 4)":null,"('0073-S-2019', 5)":null,"('0073-S-2019', 6)":null,"('0073-S-2019', 7)":null,"('0073-S-2019', 8)":null},"Iniciado en: ":{"('0073-S-2019', 0)":"Senado","('0073-S-2019', 1)":null,"('0073-S-2019', 2)":null,"('0073-S-2019', 3)":null,"('0073-S-2019', 4)":null,"('0073-S-2019', 5)":null,"('0073-S-2019', 6)":null,"('0073-S-2019', 7)":null,"('0073-S-2019', 8)":null},"Expediente Diputados: ":{"('0073-S-2019', 0)":"0073-S-2019","('0073-S-2019', 1)":null,"('0073-S-2019', 2)":null,"('0073-S-2019', 3)":null,"('0073-S-2019', 4)":null,"('0073-S-2019', 5)":null,"('0073-S-2019', 6)":null,"('0073-S-2019', 7)":null,"('0073-S-2019', 8)":null},"Expediente Senado: ":{"('0073-S-2019', 0)":"0189-PE-2019","('0073-S-2019', 1)":null,"('0073-S-2019', 2)":null,"('0073-S-2019', 3)":null,"('0073-S-2019', 4)":null,"('0073-S-2019', 5)":null,"('0073-S-2019', 6)":null,"('0073-S-2019', 7)":null,"('0073-S-2019', 8)":null},"Publicado en: ":{"('0073-S-2019', 0)":"Diario de Asuntos Entrados N\u00b0 120","('0073-S-2019', 1)":null,"('0073-S-2019', 2)":null,"('0073-S-2019', 3)":null,"('0073-S-2019', 4)":null,"('0073-S-2019', 5)":null,"('0073-S-2019', 6)":null,"('0073-S-2019', 7)":null,"('0073-S-2019', 8)":null},"Fecha: ":{"('0073-S-2019', 0)":"20\/08\/2019","('0073-S-2019', 1)":null,"('0073-S-2019', 2)":null,"('0073-S-2019', 3)":null,"('0073-S-2019', 4)":null,"('0073-S-2019', 5)":null,"('0073-S-2019', 6)":null,"('0073-S-2019', 7)":null,"('0073-S-2019', 8)":null},"T\u00edtulo":{"('0073-S-2019', 0)":"AUTORIZAR LA SALIDA DEL PERSONAL Y MEDIOS DEL ESTADO MAYOR CONJUNTO DE LA ARMADA, DEL EJERCITO Y DE LA FUERZA AEREA ARGENTINA DEL TERRITORIO DE LA NACION, Y EL INGRESO DE TROPAS EXTRANJERAS EN EL, SEGUN CORRESPONDIERE, PARA LA REALIZACION DE LOS EJERCICIOS COMBINADOS ESTIPULADOS, A REALIZARSE ENTRE EL 01\/09\/2019 Y EL 31\/08\/2020.","('0073-S-2019', 1)":null,"('0073-S-2019', 2)":null,"('0073-S-2019', 3)":null,"('0073-S-2019', 4)":null,"('0073-S-2019', 5)":null,"('0073-S-2019', 6)":null,"('0073-S-2019', 7)":null,"('0073-S-2019', 8)":null},"('Firmantes', 'FIRMANTE')":{"('0073-S-2019', 0)":"MACRI, MAURICIO","('0073-S-2019', 1)":"PE\u00d1A, MARCOS","('0073-S-2019', 2)":"FAURIE, JORGE MARCELO","('0073-S-2019', 3)":"AGUAD, OSCAR RAUL","('0073-S-2019', 4)":null,"('0073-S-2019', 5)":null,"('0073-S-2019', 6)":null,"('0073-S-2019', 7)":null,"('0073-S-2019', 8)":null},"('Firmantes', 'DISTRITO')":{"('0073-S-2019', 0)":null,"('0073-S-2019', 1)":null,"('0073-S-2019', 2)":null,"('0073-S-2019', 3)":null,"('0073-S-2019', 4)":null,"('0073-S-2019', 5)":null,"('0073-S-2019', 6)":null,"('0073-S-2019', 7)":null,"('0073-S-2019', 8)":null},"('Firmantes', 'BLOQUE')":{"('0073-S-2019', 0)":"PODER EJECUTIVO","('0073-S-2019', 1)":"PODER EJECUTIVO","('0073-S-2019', 2)":"PODER EJECUTIVO","('0073-S-2019', 3)":"PODER EJECUTIVO","('0073-S-2019', 4)":null,"('0073-S-2019', 5)":null,"('0073-S-2019', 6)":null,"('0073-S-2019', 7)":null,"('0073-S-2019', 8)":null},"('Giros', 'COMISI\u00d3N')":{"('0073-S-2019', 0)":"DEFENSA NACIONAL","('0073-S-2019', 1)":"RELACIONES EXTERIORES Y CULTO","('0073-S-2019', 2)":null,"('0073-S-2019', 3)":null,"('0073-S-2019', 4)":null,"('0073-S-2019', 5)":null,"('0073-S-2019', 6)":null,"('0073-S-2019', 7)":null,"('0073-S-2019', 8)":null},"('Tramites', 'C\u00c1MARA')":{"('0073-S-2019', 0)":"Senado","('0073-S-2019', 1)":"Senado","('0073-S-2019', 2)":"Senado","('0073-S-2019', 3)":"Senado","('0073-S-2019', 4)":"Senado","('0073-S-2019', 5)":"Diputados","('0073-S-2019', 6)":"Diputados","('0073-S-2019', 7)":"Diputados","('0073-S-2019', 8)":"Diputados"},"('Tramites', 'MOVIMIENTO')":{"('0073-S-2019', 0)":"CITACION SESION ESPECIAL","('0073-S-2019', 1)":"MOCION DE PREFERENCIA CON DICTAMEN (AFIRMATIVA)","('0073-S-2019', 2)":"MOCION SOBRE TABLAS (AFIRMATIVA)","('0073-S-2019', 3)":"CONSTITUCION CAMARA EN COMISION, CONFERENCIA","('0073-S-2019', 4)":"CONSIDERACION Y APROBACION","('0073-S-2019', 5)":"PASA A DIPUTADOS -","('0073-S-2019', 6)":"CITACION SESION ESPECIAL","('0073-S-2019', 7)":"MOCION SOBRE TABLAS (AFIRMATIVA)","('0073-S-2019', 8)":"CONSIDERACION Y SANCION"},"('Tramites', 'FECHA')":{"('0073-S-2019', 0)":"18\/09\/2019","('0073-S-2019', 1)":"18\/09\/2019","('0073-S-2019', 2)":"20\/12\/2019","('0073-S-2019', 3)":"20\/12\/2019","('0073-S-2019', 4)":"20\/12\/2019","('0073-S-2019', 5)":null,"('0073-S-2019', 6)":"29\/01\/2020","('0073-S-2019', 7)":"29\/01\/2020","('0073-S-2019', 8)":"29\/01\/2020"},"('Tramites', 'RESULTADO')":{"('0073-S-2019', 0)":null,"('0073-S-2019', 1)":null,"('0073-S-2019', 2)":null,"('0073-S-2019', 3)":null,"('0073-S-2019', 4)":"MEDIA SANCION","('0073-S-2019', 5)":null,"('0073-S-2019', 6)":null,"('0073-S-2019', 7)":null,"('0073-S-2019', 8)":"SANCIONADO"},"Sumario":{"('0073-S-2019', 0)":"EJERCICIOS COMBINADOS, ANEXOS I: \"ACRUX IX\", II: \"FRATERNO\", III: \"GRINGO GAUCHO\", IV: \"INALAF\", V: \"INTEGRACION\", VI: \"PASSEX\", VII: \"SAREX\", VIII: \"UNITAS ANFIBIO\", IX: \"UNITAS - ATLANTICO FASE I\", X: \"UNITAS - ATLANTICO FASE II\", XI: \"VIEKAREN\", XII: \"TANQUE\", XIII: \"CRUZEX\", XIV: \"SALITRE\", XV: \"SOLIDARIDAD 2019\", XVI: \"INTEGRACION 2020\" Y XVII: \"GUARANI 2019\".","('0073-S-2019', 1)":null,"('0073-S-2019', 2)":null,"('0073-S-2019', 3)":null,"('0073-S-2019', 4)":null,"('0073-S-2019', 5)":null,"('0073-S-2019', 6)":null,"('0073-S-2019', 7)":null,"('0073-S-2019', 8)":null},"Palabra Clave":{"('0073-S-2019', 0)":" ","('0073-S-2019', 1)":null,"('0073-S-2019', 2)":null,"('0073-S-2019', 3)":null,"('0073-S-2019', 4)":null,"('0073-S-2019', 5)":null,"('0073-S-2019', 6)":null,"('0073-S-2019', 7)":null,"('0073-S-2019', 8)":null}}