{"Tipo de Proyecto":{"('0074-S-2019', 0)":"MENSAJE NRO: 0005\/19","('0074-S-2019', 1)":null,"('0074-S-2019', 2)":null,"('0074-S-2019', 3)":null,"('0074-S-2019', 4)":null,"('0074-S-2019', 5)":null},"Iniciado en: ":{"('0074-S-2019', 0)":"Senado","('0074-S-2019', 1)":null,"('0074-S-2019', 2)":null,"('0074-S-2019', 3)":null,"('0074-S-2019', 4)":null,"('0074-S-2019', 5)":null},"Expediente Diputados: ":{"('0074-S-2019', 0)":"0074-S-2019","('0074-S-2019', 1)":null,"('0074-S-2019', 2)":null,"('0074-S-2019', 3)":null,"('0074-S-2019', 4)":null,"('0074-S-2019', 5)":null},"Expediente Senado: ":{"('0074-S-2019', 0)":"0444-PE-2019","('0074-S-2019', 1)":null,"('0074-S-2019', 2)":null,"('0074-S-2019', 3)":null,"('0074-S-2019', 4)":null,"('0074-S-2019', 5)":null},"Publicado en: ":{"('0074-S-2019', 0)":"Diario de Asuntos Entrados N\u00b0 0","('0074-S-2019', 1)":null,"('0074-S-2019', 2)":null,"('0074-S-2019', 3)":null,"('0074-S-2019', 4)":null,"('0074-S-2019', 5)":null},"Fecha: ":{"('0074-S-2019', 0)":"17\/12\/2019","('0074-S-2019', 1)":null,"('0074-S-2019', 2)":null,"('0074-S-2019', 3)":null,"('0074-S-2019', 4)":null,"('0074-S-2019', 5)":null},"T\u00edtulo":{"('0074-S-2019', 0)":"APROBACION DEL CONSENSO FISCAL SUSCRIPTO EL 17 DE DICIEMBRE DE 2019 POR EL PODER EJECUTIVO NACIONAL, REPRESENTANTES DE LAS PROVINCIAS Y DE LA CIUDAD AUTONOMA DE BUENOS AIRES.","('0074-S-2019', 1)":null,"('0074-S-2019', 2)":null,"('0074-S-2019', 3)":null,"('0074-S-2019', 4)":null,"('0074-S-2019', 5)":null},"('Firmantes', 'FIRMANTE')":{"('0074-S-2019', 0)":"FERNANDEZ, ALBERTO","('0074-S-2019', 1)":"CAFIERO, SANTIAGO ANDRES","('0074-S-2019', 2)":"DE PEDRO, EDUARDO ENRIQUE","('0074-S-2019', 3)":null,"('0074-S-2019', 4)":null,"('0074-S-2019', 5)":null},"('Firmantes', 'DISTRITO')":{"('0074-S-2019', 0)":null,"('0074-S-2019', 1)":null,"('0074-S-2019', 2)":null,"('0074-S-2019', 3)":null,"('0074-S-2019', 4)":null,"('0074-S-2019', 5)":null},"('Firmantes', 'BLOQUE')":{"('0074-S-2019', 0)":"PODER EJECUTIVO","('0074-S-2019', 1)":"PODER EJECUTIVO","('0074-S-2019', 2)":"PODER EJECUTIVO","('0074-S-2019', 3)":null,"('0074-S-2019', 4)":null,"('0074-S-2019', 5)":null},"('Giros', 'COMISI\u00d3N')":{"('0074-S-2019', 0)":"PRESUPUESTO Y HACIENDA","('0074-S-2019', 1)":null,"('0074-S-2019', 2)":null,"('0074-S-2019', 3)":null,"('0074-S-2019', 4)":null,"('0074-S-2019', 5)":null},"('Tramites', 'C\u00c1MARA')":{"('0074-S-2019', 0)":"Senado","('0074-S-2019', 1)":"Senado","('0074-S-2019', 2)":"Senado","('0074-S-2019', 3)":"Diputados","('0074-S-2019', 4)":"Diputados","('0074-S-2019', 5)":"Diputados"},"('Tramites', 'MOVIMIENTO')":{"('0074-S-2019', 0)":"MOCION SOBRE TABLAS (AFIRMATIVA)","('0074-S-2019', 1)":"CONSTITUCION CAMARA EN COMISION, CONFERENCIA","('0074-S-2019', 2)":"CONSIDERACION Y APROBACION","('0074-S-2019', 3)":"PASA A DIPUTADOS -","('0074-S-2019', 4)":"CITACION SESION ESPECIAL","('0074-S-2019', 5)":"CONSIDERACION Y SANCION"},"('Tramites', 'FECHA')":{"('0074-S-2019', 0)":"20\/12\/2019","('0074-S-2019', 1)":"20\/12\/2019","('0074-S-2019', 2)":"20\/12\/2019","('0074-S-2019', 3)":null,"('0074-S-2019', 4)":"29\/01\/2020","('0074-S-2019', 5)":"29\/01\/2020"},"('Tramites', 'RESULTADO')":{"('0074-S-2019', 0)":null,"('0074-S-2019', 1)":null,"('0074-S-2019', 2)":"MEDIA SANCION","('0074-S-2019', 3)":null,"('0074-S-2019', 4)":null,"('0074-S-2019', 5)":"SANCIONADO"},"Link":{"('0074-S-2019', 0)":"http:\/\/www.senado.gov.ar\/web\/proyectos\/verExpe.php?origen=PE&nro_comision=&tipo=DC&numexp=444\/19&tConsulta=5","('0074-S-2019', 1)":null,"('0074-S-2019', 2)":null,"('0074-S-2019', 3)":null,"('0074-S-2019', 4)":null,"('0074-S-2019', 5)":null},"Palabra Clave":{"('0074-S-2019', 0)":" ","('0074-S-2019', 1)":null,"('0074-S-2019', 2)":null,"('0074-S-2019', 3)":null,"('0074-S-2019', 4)":null,"('0074-S-2019', 5)":null}}