{"Tipo de Proyecto":{"('0074-D-2019', 0)":"PROYECTO DE LEY","('0074-D-2019', 1)":null,"('0074-D-2019', 2)":null},"Iniciado en: ":{"('0074-D-2019', 0)":"Diputados","('0074-D-2019', 1)":null,"('0074-D-2019', 2)":null},"Expediente Diputados: ":{"('0074-D-2019', 0)":"0074-D-2019","('0074-D-2019', 1)":null,"('0074-D-2019', 2)":null},"Publicado en: ":{"('0074-D-2019', 0)":"Tr\u00e1mite Parlamentario N\u00b0 1","('0074-D-2019', 1)":null,"('0074-D-2019', 2)":null},"Fecha: ":{"('0074-D-2019', 0)":"06\/03\/2019","('0074-D-2019', 1)":null,"('0074-D-2019', 2)":null},"T\u00edtulo":{"('0074-D-2019', 0)":"ALIMENTOS QUE SEAN O CONTENGAN ORGANISMOS GENETICAMENTE MODIFICADOS O SUS DERIVADOS. SE ESTABLECE LA OBLIGATORIEDAD DE SU IDENTIFICACION (REPRODUCCION DEL EXPEDIENTE 0153-D-17).","('0074-D-2019', 1)":null,"('0074-D-2019', 2)":null},"('Firmantes', 'FIRMANTE')":{"('0074-D-2019', 0)":"BIANCHI, IVANA MARIA","('0074-D-2019', 1)":null,"('0074-D-2019', 2)":null},"('Firmantes', 'DISTRITO')":{"('0074-D-2019', 0)":"SAN LUIS","('0074-D-2019', 1)":null,"('0074-D-2019', 2)":null},"('Firmantes', 'BLOQUE')":{"('0074-D-2019', 0)":"UNIDAD JUSTICIALISTA","('0074-D-2019', 1)":null,"('0074-D-2019', 2)":null},"('Giros', 'COMISI\u00d3N')":{"('0074-D-2019', 0)":"ACCION SOCIAL Y SALUD PUBLICA","('0074-D-2019', 1)":"INDUSTRIA","('0074-D-2019', 2)":"COMERCIO"},"Sumario":{"('0074-D-2019', 0)":"OBJETO; DEFINICION; ETIQUETA; PORCENTAJE DEL PRODUCTO; SANCIONES; AUTORIDAD DE APLICACION: MINISTERIO DE AGRICULTURA, GANADERIA Y PESCA; INVITACION A ADHERIR.","('0074-D-2019', 1)":null,"('0074-D-2019', 2)":null},"Palabra Clave":{"('0074-D-2019', 0)":" ","('0074-D-2019', 1)":null,"('0074-D-2019', 2)":null}}