{"Tipo de Proyecto":{"('0075-S-2019', 0)":"PROYECTO DE LEY","('0075-S-2019', 1)":null},"Iniciado en: ":{"('0075-S-2019', 0)":"Senado","('0075-S-2019', 1)":null},"Expediente Senado: ":{"('0075-S-2019', 0)":"0075-S-2019","('0075-S-2019', 1)":null},"Publicado en: ":{"('0075-S-2019', 0)":"Diario de Asuntos Entrados N\u00b0 4","('0075-S-2019', 1)":null},"Fecha: ":{"('0075-S-2019', 0)":"06\/03\/2019","('0075-S-2019', 1)":null},"T\u00edtulo":{"('0075-S-2019', 0)":"PROHIBICION DEL USO DE ANIMALES PARA EL DESARROLLO, EXPERIMENTACION Y PRUEBAS DE NUEVOS COMPONENTES DE COSMETICOS Y ARTICULOS DE TOCADOR Y PERFUMES.","('0075-S-2019', 1)":null},"('Firmantes', 'FIRMANTE')":{"('0075-S-2019', 0)":"ODARDA, MARIA MAGDALENA","('0075-S-2019', 1)":"BULLRICH, ESTEBAN JOSE"},"('Firmantes', 'DISTRITO')":{"('0075-S-2019', 0)":"RIO NEGRO","('0075-S-2019', 1)":"BUENOS AIRES"},"('Firmantes', 'BLOQUE')":{"('0075-S-2019', 0)":"RIO - FRENTE PROGRESISTA","('0075-S-2019', 1)":"FRENTE PRO"},"('Tramites', 'C\u00c1MARA')":{"('0075-S-2019', 0)":"Senado","('0075-S-2019', 1)":null},"('Tramites', 'MOVIMIENTO')":{"('0075-S-2019', 0)":"SOLICITUD DE SER COFIRMANTE DEL SENADOR BULLRICH (A SUS ANTECEDENTES)","('0075-S-2019', 1)":null},"('Tramites', 'FECHA')":{"('0075-S-2019', 0)":"17\/07\/2019","('0075-S-2019', 1)":null},"('Tramites', 'RESULTADO')":{"('0075-S-2019', 0)":null,"('0075-S-2019', 1)":null},"Sumario":{"('0075-S-2019', 0)":"PROHIBICION DE LA IMPORTACION DE PRODUCTOS COSMETICOS Y ARTICULOS DE TOCADOR Y PERFUMES QUE HAYAN SIDO O QUE CONTENGAN COMPONENTES TESTEADOS EN ANIMALES; MULTAS; INVITACION A ADHERIR.","('0075-S-2019', 1)":null},"Palabra Clave":{"('0075-S-2019', 0)":" ","('0075-S-2019', 1)":null}}