{"Tipo de Proyecto":{"('0075-D-2019', 0)":"PROYECTO DE LEY","('0075-D-2019', 1)":null,"('0075-D-2019', 2)":null},"Iniciado en: ":{"('0075-D-2019', 0)":"Diputados","('0075-D-2019', 1)":null,"('0075-D-2019', 2)":null},"Expediente Diputados: ":{"('0075-D-2019', 0)":"0075-D-2019","('0075-D-2019', 1)":null,"('0075-D-2019', 2)":null},"Publicado en: ":{"('0075-D-2019', 0)":"Tr\u00e1mite Parlamentario N\u00b0 1","('0075-D-2019', 1)":null,"('0075-D-2019', 2)":null},"Fecha: ":{"('0075-D-2019', 0)":"06\/03\/2019","('0075-D-2019', 1)":null,"('0075-D-2019', 2)":null},"T\u00edtulo":{"('0075-D-2019', 0)":"TARIFA SOCIAL BASICA DE SERVICIOS PUBLICOS A FAVOR DE LOS CLUBES E INSTITUCIONES DEPORTIVAS BARRIALES: CREACION (REPRODUCCION DEL EXPEDIENTE 0154-D-17).","('0075-D-2019', 1)":null,"('0075-D-2019', 2)":null},"('Firmantes', 'FIRMANTE')":{"('0075-D-2019', 0)":"BIANCHI, IVANA MARIA","('0075-D-2019', 1)":null,"('0075-D-2019', 2)":null},"('Firmantes', 'DISTRITO')":{"('0075-D-2019', 0)":"SAN LUIS","('0075-D-2019', 1)":null,"('0075-D-2019', 2)":null},"('Firmantes', 'BLOQUE')":{"('0075-D-2019', 0)":"UNIDAD JUSTICIALISTA","('0075-D-2019', 1)":null,"('0075-D-2019', 2)":null},"('Giros', 'COMISI\u00d3N')":{"('0075-D-2019', 0)":"OBRAS PUBLICAS","('0075-D-2019', 1)":"DEPORTES","('0075-D-2019', 2)":"PRESUPUESTO Y HACIENDA"},"Palabra Clave":{"('0075-D-2019', 0)":" ","('0075-D-2019', 1)":null,"('0075-D-2019', 2)":null}}