{"Tipo de Proyecto":{"('0076-PE-2019', 0)":"MENSAJE NRO: 0073\/19","('0076-PE-2019', 1)":null},"Iniciado en: ":{"('0076-PE-2019', 0)":"Senado","('0076-PE-2019', 1)":null},"Expediente Senado: ":{"('0076-PE-2019', 0)":"0076-PE-2019","('0076-PE-2019', 1)":null},"Publicado en: ":{"('0076-PE-2019', 0)":"DAE S.A. N\u00b0 4","('0076-PE-2019', 1)":null},"Fecha: ":{"('0076-PE-2019', 0)":"04\/04\/2019","('0076-PE-2019', 1)":null},"T\u00edtulo":{"('0076-PE-2019', 0)":"SOLICITA ACUERDO PARA LA DESIGNACION DE LA JUEZA DE CAMARA DEL TRIBUNAL ORAL EN LO CRIMINAL Y CORRECCIONAL N\u00b0 11 DE LA CAPITAL FEDERAL, A LA DOCTORA EVANGELINA MARIA LASALA.  ","('0076-PE-2019', 1)":null},"('Firmantes', 'FIRMANTE')":{"('0076-PE-2019', 0)":"MACRI, MAURICIO","('0076-PE-2019', 1)":"GARAVANO, GERMAN CARLOS"},"('Firmantes', 'DISTRITO')":{"('0076-PE-2019', 0)":null,"('0076-PE-2019', 1)":null},"('Firmantes', 'BLOQUE')":{"('0076-PE-2019', 0)":"PODER EJECUTIVO","('0076-PE-2019', 1)":"PODER EJECUTIVO"},"Palabra Clave":{"('0076-PE-2019', 0)":" ","('0076-PE-2019', 1)":null}}