{"Tipo de Proyecto":{"('0077-PE-2019', 0)":"MENSAJE NRO: 0074\/19","('0077-PE-2019', 1)":null},"Iniciado en: ":{"('0077-PE-2019', 0)":"Senado","('0077-PE-2019', 1)":null},"Expediente Senado: ":{"('0077-PE-2019', 0)":"0077-PE-2019","('0077-PE-2019', 1)":null},"Publicado en: ":{"('0077-PE-2019', 0)":"DAE S.A. N\u00b0 4","('0077-PE-2019', 1)":null},"Fecha: ":{"('0077-PE-2019', 0)":"04\/04\/2019","('0077-PE-2019', 1)":null},"T\u00edtulo":{"('0077-PE-2019', 0)":"SOLICITA ACUERDO PARA LA DESIGNACION DEL JUEZ DE CAMARA DEL TRIBUNAL ORAL EN LO CRIMINAL Y CORRECCIONAL N\u00b0 29 DE LA CAPITAL FEDERAL, AL DOCTOR FERNANDO MARIO CAUNEDO.","('0077-PE-2019', 1)":null},"('Firmantes', 'FIRMANTE')":{"('0077-PE-2019', 0)":"MACRI, MAURICIO","('0077-PE-2019', 1)":"GARAVANO, GERMAN CARLOS"},"('Firmantes', 'DISTRITO')":{"('0077-PE-2019', 0)":null,"('0077-PE-2019', 1)":null},"('Firmantes', 'BLOQUE')":{"('0077-PE-2019', 0)":"PODER EJECUTIVO","('0077-PE-2019', 1)":"PODER EJECUTIVO"},"Palabra Clave":{"('0077-PE-2019', 0)":" ","('0077-PE-2019', 1)":null}}