{"Tipo de Proyecto":{"('0077-D-2019', 0)":"PROYECTO DE LEY","('0077-D-2019', 1)":null,"('0077-D-2019', 2)":null},"Iniciado en: ":{"('0077-D-2019', 0)":"Diputados","('0077-D-2019', 1)":null,"('0077-D-2019', 2)":null},"Expediente Diputados: ":{"('0077-D-2019', 0)":"0077-D-2019","('0077-D-2019', 1)":null,"('0077-D-2019', 2)":null},"Publicado en: ":{"('0077-D-2019', 0)":"Tr\u00e1mite Parlamentario N\u00b0 1","('0077-D-2019', 1)":null,"('0077-D-2019', 2)":null},"Fecha: ":{"('0077-D-2019', 0)":"06\/03\/2019","('0077-D-2019', 1)":null,"('0077-D-2019', 2)":null},"T\u00edtulo":{"('0077-D-2019', 0)":"CALZADOS EN NUMEROS ESPECIALES: OBLIGATORIEDAD PARA QUE SE FABRIQUEN, IMPORTEN O COMERCIALICEN  (REPRODUCCION DEL EXPEDIENTE 0156-D-17).","('0077-D-2019', 1)":null,"('0077-D-2019', 2)":null},"('Firmantes', 'FIRMANTE')":{"('0077-D-2019', 0)":"BIANCHI, IVANA MARIA","('0077-D-2019', 1)":null,"('0077-D-2019', 2)":null},"('Firmantes', 'DISTRITO')":{"('0077-D-2019', 0)":"SAN LUIS","('0077-D-2019', 1)":null,"('0077-D-2019', 2)":null},"('Firmantes', 'BLOQUE')":{"('0077-D-2019', 0)":"UNIDAD JUSTICIALISTA","('0077-D-2019', 1)":null,"('0077-D-2019', 2)":null},"('Giros', 'COMISI\u00d3N')":{"('0077-D-2019', 0)":"INDUSTRIA","('0077-D-2019', 1)":"COMERCIO","('0077-D-2019', 2)":"DEFENSA DEL CONSUMIDOR, DEL USUARIO Y DE LA COMPETENCIA"},"Sumario":{"('0077-D-2019', 0)":"OBJETO; SANCIONES; DEFENSA DEL CONSUMIDOR; INVITACION A ADHERIR.","('0077-D-2019', 1)":null,"('0077-D-2019', 2)":null},"Palabra Clave":{"('0077-D-2019', 0)":" ","('0077-D-2019', 1)":null,"('0077-D-2019', 2)":null}}