{"Tipo de Proyecto":{"('0078-S-2019', 0)":"PROYECTO DE LEY"},"Iniciado en: ":{"('0078-S-2019', 0)":"Senado"},"Expediente Senado: ":{"('0078-S-2019', 0)":"0078-S-2019"},"Publicado en: ":{"('0078-S-2019', 0)":"Diario de Asuntos Entrados N\u00b0 4"},"Fecha: ":{"('0078-S-2019', 0)":"06\/03\/2019"},"T\u00edtulo":{"('0078-S-2019', 0)":"CREACION DEL PLAN NACIONAL DE REACTIVACION DE LOS AEROPUERTOS PUBLICOS."},"('Firmantes', 'FIRMANTE')":{"('0078-S-2019', 0)":"ODARDA, MARIA MAGDALENA"},"('Firmantes', 'DISTRITO')":{"('0078-S-2019', 0)":"RIO NEGRO"},"('Firmantes', 'BLOQUE')":{"('0078-S-2019', 0)":"RIO - FRENTE PROGRESISTA"},"Link":{"('0078-S-2019', 0)":"http:\/\/www.senado.gov.ar\/parlamentario\/comisiones\/verExp\/78.19\/S\/PL"},"Palabra Clave":{"('0078-S-2019', 0)":" "}}