{"Tipo de Proyecto":{"('0078-PE-2019', 0)":"MENSAJE NRO: 0074\/19","('0078-PE-2019', 1)":null},"Iniciado en: ":{"('0078-PE-2019', 0)":"Senado","('0078-PE-2019', 1)":null},"Expediente Senado: ":{"('0078-PE-2019', 0)":"0078-PE-2019","('0078-PE-2019', 1)":null},"Publicado en: ":{"('0078-PE-2019', 0)":"DAE S.A. N\u00b0 4","('0078-PE-2019', 1)":null},"Fecha: ":{"('0078-PE-2019', 0)":"04\/04\/2019","('0078-PE-2019', 1)":null},"T\u00edtulo":{"('0078-PE-2019', 0)":"SOLICITA ACUERDO PARA LA DESIGNACION DEL JUEZ DE PRIMERA INSTANCIA DEL TRABAJO N\u00b0 50 DE LA CAPITAL FEDERAL, AL DOCTOR ROBERTO OSCAR COPERTARI. ","('0078-PE-2019', 1)":null},"('Firmantes', 'FIRMANTE')":{"('0078-PE-2019', 0)":"MACRI, MAURICIO","('0078-PE-2019', 1)":"GARAVANO, GERMAN CARLOS"},"('Firmantes', 'DISTRITO')":{"('0078-PE-2019', 0)":null,"('0078-PE-2019', 1)":null},"('Firmantes', 'BLOQUE')":{"('0078-PE-2019', 0)":"PODER EJECUTIVO","('0078-PE-2019', 1)":"PODER EJECUTIVO"},"('Tramites', 'C\u00c1MARA')":{"('0078-PE-2019', 0)":"Senado","('0078-PE-2019', 1)":"Senado"},"('Tramites', 'MOVIMIENTO')":{"('0078-PE-2019', 0)":"SOLICITUD DE RETIRO DEL ACUERDO (MENSAJE 19\/20)","('0078-PE-2019', 1)":"CONSIDERACION Y APROBACION DEL RETIRO"},"('Tramites', 'FECHA')":{"('0078-PE-2019', 0)":null,"('0078-PE-2019', 1)":"20\/02\/2020"},"('Tramites', 'RESULTADO')":{"('0078-PE-2019', 0)":null,"('0078-PE-2019', 1)":"RETIRADO"},"Palabra Clave":{"('0078-PE-2019', 0)":" ","('0078-PE-2019', 1)":null}}