{"Tipo de Proyecto":{"('0079-D-2019', 0)":"PROYECTO DE LEY","('0079-D-2019', 1)":null},"Iniciado en: ":{"('0079-D-2019', 0)":"Diputados","('0079-D-2019', 1)":null},"Expediente Diputados: ":{"('0079-D-2019', 0)":"0079-D-2019","('0079-D-2019', 1)":null},"Publicado en: ":{"('0079-D-2019', 0)":"Tr\u00e1mite Parlamentario N\u00b0 1","('0079-D-2019', 1)":null},"Fecha: ":{"('0079-D-2019', 0)":"06\/03\/2019","('0079-D-2019', 1)":null},"T\u00edtulo":{"('0079-D-2019', 0)":"REGIMEN DE INVIOLABILIDAD DE CAJAS DE SEGURIDAD, EN LOS TERMINOS DE LAS GARANTIAS PRESCRIPTAS EN EL ARTICULO 18 DE LA CONSTITUCION NACIONAL  (REPRODUCCION DEL EXPEDIENTE 0159-D-17).","('0079-D-2019', 1)":null},"('Firmantes', 'FIRMANTE')":{"('0079-D-2019', 0)":"BIANCHI, IVANA MARIA","('0079-D-2019', 1)":null},"('Firmantes', 'DISTRITO')":{"('0079-D-2019', 0)":"SAN LUIS","('0079-D-2019', 1)":null},"('Firmantes', 'BLOQUE')":{"('0079-D-2019', 0)":"UNIDAD JUSTICIALISTA","('0079-D-2019', 1)":null},"('Giros', 'COMISI\u00d3N')":{"('0079-D-2019', 0)":"FINANZAS","('0079-D-2019', 1)":"JUSTICIA"},"Palabra Clave":{"('0079-D-2019', 0)":" ","('0079-D-2019', 1)":null}}