{"Tipo de Proyecto":{"('0079-S-2019', 0)":"PROYECTO DE LEY"},"Iniciado en: ":{"('0079-S-2019', 0)":"Senado"},"Expediente Senado: ":{"('0079-S-2019', 0)":"0079-S-2019"},"Publicado en: ":{"('0079-S-2019', 0)":"Diario de Asuntos Entrados N\u00b0 4"},"Fecha: ":{"('0079-S-2019', 0)":"06\/03\/2019"},"T\u00edtulo":{"('0079-S-2019', 0)":"ENTENDER COMO \"TRATO INDIGNO\", EN LOS TERMINOS DEL ARTICULO 8 DE LA LEY 24240 - DEFENSA DEL CONSUMIDOR -, LAS FILAS CON ESPERAS MAYORES A 30 MINUTOS. (REPRODUCCION DEL EXPEDIENTE 0863-S-17)."},"('Firmantes', 'FIRMANTE')":{"('0079-S-2019', 0)":"ODARDA, MARIA MAGDALENA"},"('Firmantes', 'DISTRITO')":{"('0079-S-2019', 0)":"RIO NEGRO"},"('Firmantes', 'BLOQUE')":{"('0079-S-2019', 0)":"RIO - FRENTE PROGRESISTA"},"Sumario":{"('0079-S-2019', 0)":"ESTABLECER COMO \"TRATO INDIGNO\" TODA PRACTICA DE ATENCION AL PUBLICO QUE IMPLIQUE PERMANECER EN FILAS CON ESPERAS SUPERIORES A 30 MINUTOS; TODA PRACTICA DE ATENCION AL PUBLICO QUE IMPLIQUE PERMANECER EN FILAS A LA INTEMPERIE EN EL EXTERIOR DE INSTITUCIONES O LOCALES COMERCIALES; TODA PRACTICA DE ATENCION AL PUBLICO QUE OBLIGUE A ESPERAS MAYORES A 90 MINUTOS, INCLUSO AUNQUE SE PROVEA DE SUFICIENTES ASIENTOS."},"Palabra Clave":{"('0079-S-2019', 0)":" "}}