{"Tipo de Proyecto":{"('0080-S-2019', 0)":"PROYECTO DE LEY"},"Iniciado en: ":{"('0080-S-2019', 0)":"Senado"},"Expediente Senado: ":{"('0080-S-2019', 0)":"0080-S-2019"},"Publicado en: ":{"('0080-S-2019', 0)":"Diario de Asuntos Entrados N\u00b0 4"},"Fecha: ":{"('0080-S-2019', 0)":"06\/03\/2019"},"T\u00edtulo":{"('0080-S-2019', 0)":"ESTABLECER QUE LA CONFORMACION DE LA CORTE SUPREMA DE JUSTICIA DE LA NACION DEBERA RESPETAR EL PRINCIPIO DE EQUIVALENCIA DE GENERO (REPRODUCCION DEL EXPEDIENTE 0813-S-17)."},"('Firmantes', 'FIRMANTE')":{"('0080-S-2019', 0)":"ODARDA, MARIA MAGDALENA"},"('Firmantes', 'DISTRITO')":{"('0080-S-2019', 0)":"RIO NEGRO"},"('Firmantes', 'BLOQUE')":{"('0080-S-2019', 0)":"RIO - FRENTE PROGRESISTA"},"Link":{"('0080-S-2019', 0)":"http:\/\/www.senado.gov.ar\/parlamentario\/comisiones\/verExp\/80.19\/S\/PL"},"Palabra Clave":{"('0080-S-2019', 0)":" "}}