{"Tipo de Proyecto":{"('0081-D-2019', 0)":"PROYECTO DE LEY","('0081-D-2019', 1)":null},"Iniciado en: ":{"('0081-D-2019', 0)":"Diputados","('0081-D-2019', 1)":null},"Expediente Diputados: ":{"('0081-D-2019', 0)":"0081-D-2019","('0081-D-2019', 1)":null},"Publicado en: ":{"('0081-D-2019', 0)":"Tr\u00e1mite Parlamentario N\u00b0 1","('0081-D-2019', 1)":null},"Fecha: ":{"('0081-D-2019', 0)":"06\/03\/2019","('0081-D-2019', 1)":null},"T\u00edtulo":{"('0081-D-2019', 0)":"PROGRAMA MEDICO OBLIGATORIO - P.M.O. - INCORPORASE LA COBERTURA DEL DIAGNOSTICO, TRATAMIENTO Y DEMAS PRESTACIONES CORRESPONDIENTES AL SINDROME PSICOSOCIAL  DENOMINADO \"SINDROME DE BURNOUT\"  (REPRODUCCION DEL EXPEDIENTE 0163-D-17).","('0081-D-2019', 1)":null},"('Firmantes', 'FIRMANTE')":{"('0081-D-2019', 0)":"BIANCHI, IVANA MARIA","('0081-D-2019', 1)":null},"('Firmantes', 'DISTRITO')":{"('0081-D-2019', 0)":"SAN LUIS","('0081-D-2019', 1)":null},"('Firmantes', 'BLOQUE')":{"('0081-D-2019', 0)":"UNIDAD JUSTICIALISTA","('0081-D-2019', 1)":null},"('Giros', 'COMISI\u00d3N')":{"('0081-D-2019', 0)":"ACCION SOCIAL Y SALUD PUBLICA","('0081-D-2019', 1)":"PRESUPUESTO Y HACIENDA"},"Palabra Clave":{"('0081-D-2019', 0)":" ","('0081-D-2019', 1)":null}}