{"Tipo de Proyecto":{"('0081-PE-2019', 0)":"MENSAJE NRO: 0077\/19 Y PROYECTO DE LEY","('0081-PE-2019', 1)":null,"('0081-PE-2019', 2)":null},"Iniciado en: ":{"('0081-PE-2019', 0)":"Senado","('0081-PE-2019', 1)":null,"('0081-PE-2019', 2)":null},"Expediente Senado: ":{"('0081-PE-2019', 0)":"0081-PE-2019","('0081-PE-2019', 1)":null,"('0081-PE-2019', 2)":null},"Publicado en: ":{"('0081-PE-2019', 0)":"Diario de Asuntos Entrados N\u00b0 45","('0081-PE-2019', 1)":null,"('0081-PE-2019', 2)":null},"Fecha: ":{"('0081-PE-2019', 0)":"08\/04\/2019","('0081-PE-2019', 1)":null,"('0081-PE-2019', 2)":null},"T\u00edtulo":{"('0081-PE-2019', 0)":"APROBACION DE LA RESOLUCION 203\/XLI DENOMINADA \"UNDECIMA REPOSICION DE LOS RECURSOS DEL FONDO INTERNACIONAL DE DESARROLLO AGRICOLA (FIDA)\", ADOPTADA POR EL CONSEJO DE GOBERNADORES EN SU 41\u00ba PERIODO DE SESIONES, DEL 14 DE FEBRERO DE 2018.","('0081-PE-2019', 1)":null,"('0081-PE-2019', 2)":null},"('Firmantes', 'FIRMANTE')":{"('0081-PE-2019', 0)":"MACRI, MAURICIO","('0081-PE-2019', 1)":"PE\u00d1A, MARCOS","('0081-PE-2019', 2)":"DUJOVNE, NICOLAS"},"('Firmantes', 'DISTRITO')":{"('0081-PE-2019', 0)":null,"('0081-PE-2019', 1)":null,"('0081-PE-2019', 2)":null},"('Firmantes', 'BLOQUE')":{"('0081-PE-2019', 0)":"PODER EJECUTIVO","('0081-PE-2019', 1)":"PODER EJECUTIVO","('0081-PE-2019', 2)":"PODER EJECUTIVO"},"Palabra Clave":{"('0081-PE-2019', 0)":" ","('0081-PE-2019', 1)":null,"('0081-PE-2019', 2)":null}}