{"Tipo de Proyecto":{"('0082-S-2019', 0)":"PROYECTO DE LEY"},"Iniciado en: ":{"('0082-S-2019', 0)":"Senado"},"Expediente Senado: ":{"('0082-S-2019', 0)":"0082-S-2019"},"Publicado en: ":{"('0082-S-2019', 0)":"Diario de Asuntos Entrados N\u00b0 5"},"Fecha: ":{"('0082-S-2019', 0)":"06\/03\/2019"},"T\u00edtulo":{"('0082-S-2019', 0)":"ESTABLECER QUE LAS AGUAS CLOACALES DE LAS POBLACIONES Y LOS RESIDUOS INDUSTRIALES DEFINIDOS EN LA LEY 25612, NO PODRAN SER ARROJADOS EN NINGUN LUGAR SIN PREVIO TRATAMIENTO EFICAZ DE PURIFICACION(REPRODUCCION DEL EXPEDIENTE 0765-S-17)."},"('Firmantes', 'FIRMANTE')":{"('0082-S-2019', 0)":"ODARDA, MARIA MAGDALENA"},"('Firmantes', 'DISTRITO')":{"('0082-S-2019', 0)":"RIO NEGRO"},"('Firmantes', 'BLOQUE')":{"('0082-S-2019', 0)":"RIO - FRENTE PROGRESISTA"},"Sumario":{"('0082-S-2019', 0)":"DEROGACION DE LA LEY 2797."},"Palabra Clave":{"('0082-S-2019', 0)":" "}}