{"Tipo de Proyecto":{"('0082-D-2019', 0)":"PROYECTO DE LEY","('0082-D-2019', 1)":null},"Iniciado en: ":{"('0082-D-2019', 0)":"Diputados","('0082-D-2019', 1)":null},"Expediente Diputados: ":{"('0082-D-2019', 0)":"0082-D-2019","('0082-D-2019', 1)":null},"Publicado en: ":{"('0082-D-2019', 0)":"Tr\u00e1mite Parlamentario N\u00b0 1","('0082-D-2019', 1)":null},"Fecha: ":{"('0082-D-2019', 0)":"06\/03\/2019","('0082-D-2019', 1)":null},"T\u00edtulo":{"('0082-D-2019', 0)":"EX ESTACION FERROVIARIA SAN LUIS DEL EX FERROCARRIL GENERAL SAN MARTIN, UBICADA EN LA CIUDAD CAPITAL DE LA PROVINCIA DE SAN LUIS.  SE DECLARA MONUMENTO HISTORICO NACIONAL. (REPRODUCCION DEL EXPEDIENTE 0164-D-17).","('0082-D-2019', 1)":null},"('Firmantes', 'FIRMANTE')":{"('0082-D-2019', 0)":"BIANCHI, IVANA MARIA","('0082-D-2019', 1)":null},"('Firmantes', 'DISTRITO')":{"('0082-D-2019', 0)":"SAN LUIS","('0082-D-2019', 1)":null},"('Firmantes', 'BLOQUE')":{"('0082-D-2019', 0)":"UNIDAD JUSTICIALISTA","('0082-D-2019', 1)":null},"('Giros', 'COMISI\u00d3N')":{"('0082-D-2019', 0)":"CULTURA","('0082-D-2019', 1)":"PRESUPUESTO Y HACIENDA"},"Sumario":{"('0082-D-2019', 0)":"EN EL MARCO DE LO NORMADO POR LA LEY 12665 Y MODIFICATORIAS","('0082-D-2019', 1)":null},"Palabra Clave":{"('0082-D-2019', 0)":" ","('0082-D-2019', 1)":null}}