{"Tipo de Proyecto":{"('0083-D-2019', 0)":"PROYECTO DE LEY","('0083-D-2019', 1)":null},"Iniciado en: ":{"('0083-D-2019', 0)":"Diputados","('0083-D-2019', 1)":null},"Expediente Diputados: ":{"('0083-D-2019', 0)":"0083-D-2019","('0083-D-2019', 1)":null},"Publicado en: ":{"('0083-D-2019', 0)":"Tr\u00e1mite Parlamentario N\u00b0 1","('0083-D-2019', 1)":null},"Fecha: ":{"('0083-D-2019', 0)":"06\/03\/2019","('0083-D-2019', 1)":null},"T\u00edtulo":{"('0083-D-2019', 0)":"PLANTAS MEDICINALES, DROGAS VEGETALES, MEDICAMENTOS FITOTERAPICOS: PROMOCION, DISTRIBUCION Y EXPENDIO; REGIMEN; MODIFICACION DE LA LEY 17565: DEROGACION DE LOS ARTICULOS 41 A 44.  (REPRODUCCION DEL EXPEDIENTE 0174-D-17).","('0083-D-2019', 1)":null},"('Firmantes', 'FIRMANTE')":{"('0083-D-2019', 0)":"BIANCHI, IVANA MARIA","('0083-D-2019', 1)":null},"('Firmantes', 'DISTRITO')":{"('0083-D-2019', 0)":"SAN LUIS","('0083-D-2019', 1)":null},"('Firmantes', 'BLOQUE')":{"('0083-D-2019', 0)":"UNIDAD JUSTICIALISTA","('0083-D-2019', 1)":null},"('Giros', 'COMISI\u00d3N')":{"('0083-D-2019', 0)":"ACCION SOCIAL Y SALUD PUBLICA","('0083-D-2019', 1)":"PRESUPUESTO Y HACIENDA"},"Palabra Clave":{"('0083-D-2019', 0)":" ","('0083-D-2019', 1)":null}}