{"Tipo de Proyecto":{"('0085-PE-2019', 0)":"MENSAJE NRO: 0081\/19","('0085-PE-2019', 1)":null},"Iniciado en: ":{"('0085-PE-2019', 0)":"Senado","('0085-PE-2019', 1)":null},"Expediente Senado: ":{"('0085-PE-2019', 0)":"0085-PE-2019","('0085-PE-2019', 1)":null},"Publicado en: ":{"('0085-PE-2019', 0)":"DAE S.A. N\u00b0 5","('0085-PE-2019', 1)":null},"Fecha: ":{"('0085-PE-2019', 0)":"12\/04\/2019","('0085-PE-2019', 1)":null},"T\u00edtulo":{"('0085-PE-2019', 0)":"SOLICITA ACUERDO PARA DESIGNAR CONJUECES DE LA CAMARA NACIONAL DE APELACIONES EN LO CONTENCIOSO ADMINISTRATIVO FEDERAL DE LA CAPITAL FEDERAL.","('0085-PE-2019', 1)":null},"('Firmantes', 'FIRMANTE')":{"('0085-PE-2019', 0)":"MACRI, MAURICIO","('0085-PE-2019', 1)":"GARAVANO, GERMAN CARLOS"},"('Firmantes', 'DISTRITO')":{"('0085-PE-2019', 0)":null,"('0085-PE-2019', 1)":null},"('Firmantes', 'BLOQUE')":{"('0085-PE-2019', 0)":"PODER EJECUTIVO","('0085-PE-2019', 1)":"PODER EJECUTIVO"},"('Tramites', 'C\u00c1MARA')":{"('0085-PE-2019', 0)":"Senado","('0085-PE-2019', 1)":"Senado"},"('Tramites', 'MOVIMIENTO')":{"('0085-PE-2019', 0)":"SOLICITUD DE RETIRO DEL ACUERDO (MENSAJE 19\/20)","('0085-PE-2019', 1)":"CONSIDERACION Y APROBACION DEL RETIRO"},"('Tramites', 'FECHA')":{"('0085-PE-2019', 0)":null,"('0085-PE-2019', 1)":"20\/02\/2020"},"('Tramites', 'RESULTADO')":{"('0085-PE-2019', 0)":null,"('0085-PE-2019', 1)":"RETIRADO"},"Sumario":{"('0085-PE-2019', 0)":"ANEXO: CONJUECES DE LA CAMARA NACIONAL DE APELACIONES EN LO CONTENCIOSO ADMINISTRATIVO FEDERAL DE LA CAPITAL FEDERAL: DRES. MARIANO LUCAS CORDEIRO, JUAN JOSE GALEANO, HERNAN EDUARDO GERDING, PABLO FEDERICO GOFMAN, EDGARDO WALTER LARA CORREA, MARIA INES MONZO Y ORLANDO JAVIER MORENO.","('0085-PE-2019', 1)":null},"Palabra Clave":{"('0085-PE-2019', 0)":" ","('0085-PE-2019', 1)":null}}