{"Tipo de Proyecto":{"('0086-PE-2019', 0)":"MENSAJE NRO: 0082\/19","('0086-PE-2019', 1)":null,"('0086-PE-2019', 2)":null,"('0086-PE-2019', 3)":null,"('0086-PE-2019', 4)":null},"Iniciado en: ":{"('0086-PE-2019', 0)":"Senado","('0086-PE-2019', 1)":null,"('0086-PE-2019', 2)":null,"('0086-PE-2019', 3)":null,"('0086-PE-2019', 4)":null},"Expediente Senado: ":{"('0086-PE-2019', 0)":"0086-PE-2019","('0086-PE-2019', 1)":null,"('0086-PE-2019', 2)":null,"('0086-PE-2019', 3)":null,"('0086-PE-2019', 4)":null},"Publicado en: ":{"('0086-PE-2019', 0)":"DAE S.A. N\u00b0 5","('0086-PE-2019', 1)":null,"('0086-PE-2019', 2)":null,"('0086-PE-2019', 3)":null,"('0086-PE-2019', 4)":null},"Fecha: ":{"('0086-PE-2019', 0)":"12\/04\/2019","('0086-PE-2019', 1)":null,"('0086-PE-2019', 2)":null,"('0086-PE-2019', 3)":null,"('0086-PE-2019', 4)":null},"T\u00edtulo":{"('0086-PE-2019', 0)":"SOLICITA ACUERDO PARA DESIGNAR JUEZA DEL JUZGADO FEDERAL DE PRIMERA INSTANCIA DE HURLINGHAM, PROVINCIA DE BUENOS AIRES, A LA DRA. ANA MARIA CRISTINA JUAN.","('0086-PE-2019', 1)":null,"('0086-PE-2019', 2)":null,"('0086-PE-2019', 3)":null,"('0086-PE-2019', 4)":null},"('Firmantes', 'FIRMANTE')":{"('0086-PE-2019', 0)":"MACRI, MAURICIO","('0086-PE-2019', 1)":"GARAVANO, GERMAN CARLOS","('0086-PE-2019', 2)":null,"('0086-PE-2019', 3)":null,"('0086-PE-2019', 4)":null},"('Firmantes', 'DISTRITO')":{"('0086-PE-2019', 0)":null,"('0086-PE-2019', 1)":null,"('0086-PE-2019', 2)":null,"('0086-PE-2019', 3)":null,"('0086-PE-2019', 4)":null},"('Firmantes', 'BLOQUE')":{"('0086-PE-2019', 0)":"PODER EJECUTIVO","('0086-PE-2019', 1)":"PODER EJECUTIVO","('0086-PE-2019', 2)":null,"('0086-PE-2019', 3)":null,"('0086-PE-2019', 4)":null},"('Tramites', 'C\u00c1MARA')":{"('0086-PE-2019', 0)":"Senado","('0086-PE-2019', 1)":"Senado","('0086-PE-2019', 2)":"Senado","('0086-PE-2019', 3)":"Senado","('0086-PE-2019', 4)":"Senado"},"('Tramites', 'MOVIMIENTO')":{"('0086-PE-2019', 0)":"CITACION SESION ESPECIAL","('0086-PE-2019', 1)":"MOCION POSTERGACION DE TRATAMIENTO (AFIRMATIVA)","('0086-PE-2019', 2)":"MOCION DE PREFERENCIA PARA LA PROXIMA SESION (AFIRMATIVA)","('0086-PE-2019', 3)":"SOLICITUD DE RETIRO DEL ACUERDO (MENSAJE 19\/20)","('0086-PE-2019', 4)":"CONSIDERACION Y APROBACION DEL RETIRO"},"('Tramites', 'FECHA')":{"('0086-PE-2019', 0)":"22\/05\/2019","('0086-PE-2019', 1)":"22\/05\/2019","('0086-PE-2019', 2)":"22\/05\/2019","('0086-PE-2019', 3)":null,"('0086-PE-2019', 4)":"20\/02\/2020"},"('Tramites', 'RESULTADO')":{"('0086-PE-2019', 0)":null,"('0086-PE-2019', 1)":null,"('0086-PE-2019', 2)":null,"('0086-PE-2019', 3)":null,"('0086-PE-2019', 4)":"RETIRADO"},"Palabra Clave":{"('0086-PE-2019', 0)":" ","('0086-PE-2019', 1)":null,"('0086-PE-2019', 2)":null,"('0086-PE-2019', 3)":null,"('0086-PE-2019', 4)":null}}