{"Tipo de Proyecto":{"('0087-D-2019', 0)":"PROYECTO DE LEY","('0087-D-2019', 1)":null},"Iniciado en: ":{"('0087-D-2019', 0)":"Diputados","('0087-D-2019', 1)":null},"Expediente Diputados: ":{"('0087-D-2019', 0)":"0087-D-2019","('0087-D-2019', 1)":null},"Publicado en: ":{"('0087-D-2019', 0)":"Tr\u00e1mite Parlamentario N\u00b0 1","('0087-D-2019', 1)":null},"Fecha: ":{"('0087-D-2019', 0)":"06\/03\/2019","('0087-D-2019', 1)":null},"T\u00edtulo":{"('0087-D-2019', 0)":"ESTABLECER LA IMPRESION DE FOLLETOS QUE CONTENGAN INFORMACION SOBRE LA PREVENCION, SANCION Y ERRADICACION DE LA VIOLENCIA CONTRA LAS MUJERES EN LOS AMBITOS QUE DESARROLLEN SUS RELACIONES INTERPERSONALES, LEY 26485 (REPRODUCCION DEL EXPEDIENTE 0178-D-17).","('0087-D-2019', 1)":null},"('Firmantes', 'FIRMANTE')":{"('0087-D-2019', 0)":"BIANCHI, IVANA MARIA","('0087-D-2019', 1)":null},"('Firmantes', 'DISTRITO')":{"('0087-D-2019', 0)":"SAN LUIS","('0087-D-2019', 1)":null},"('Firmantes', 'BLOQUE')":{"('0087-D-2019', 0)":"UNIDAD JUSTICIALISTA","('0087-D-2019', 1)":null},"('Giros', 'COMISI\u00d3N')":{"('0087-D-2019', 0)":"MUJERES Y DIVERSIDAD","('0087-D-2019', 1)":"PRESUPUESTO Y HACIENDA"},"('Tramites', 'C\u00c1MARA')":{"('0087-D-2019', 0)":"Diputados","('0087-D-2019', 1)":null},"('Tramites', 'MOVIMIENTO')":{"('0087-D-2019', 0)":"RESOLUCION DE PRESIDENCIA - AMPLIACION DE GIRO A LA COMISION DE MUJERES Y DIVERSIDAD. SE SUPRIME EL GIRO A LAS COMISIONES DE FAMILIA, MUJER, NI\u00d1EZ Y ADOLESCENCIA.","('0087-D-2019', 1)":null},"('Tramites', 'FECHA')":{"('0087-D-2019', 0)":null,"('0087-D-2019', 1)":null},"('Tramites', 'RESULTADO')":{"('0087-D-2019', 0)":null,"('0087-D-2019', 1)":null},"Sumario":{"('0087-D-2019', 0)":"AUTORIDAD DE APLICACION: MINISTERIO DE DESARROLLO SOCIAL, JUNTO AL CONSEJO NACIONAL DE LA MUJER.","('0087-D-2019', 1)":null},"Palabra Clave":{"('0087-D-2019', 0)":" ","('0087-D-2019', 1)":null}}