{"Tipo de Proyecto":{"('0087-S-2019', 0)":"PROYECTO DE LEY"},"Iniciado en: ":{"('0087-S-2019', 0)":"Senado"},"Expediente Senado: ":{"('0087-S-2019', 0)":"0087-S-2019"},"Publicado en: ":{"('0087-S-2019', 0)":"Diario de Asuntos Entrados N\u00b0 5"},"Fecha: ":{"('0087-S-2019', 0)":"06\/03\/2019"},"T\u00edtulo":{"('0087-S-2019', 0)":"ENTIDADES FINANCIERAS - LEY 21526 - MODIFICACION DE LOS ARTICULOS 8 Y 16 SOBRE ACCESIBILIDAD A LOS SERVICIOS Y A LOS ESTABLECIMIENTOS DE LAS PERSONAS CON DISCAPACIDAD. (REPRODUCCION DEL EXPEDIENTE 0699-S-17)."},"('Firmantes', 'FIRMANTE')":{"('0087-S-2019', 0)":"ODARDA, MARIA MAGDALENA"},"('Firmantes', 'DISTRITO')":{"('0087-S-2019', 0)":"RIO NEGRO"},"('Firmantes', 'BLOQUE')":{"('0087-S-2019', 0)":"RIO - FRENTE PROGRESISTA"},"Link":{"('0087-S-2019', 0)":"http:\/\/www.senado.gov.ar\/parlamentario\/comisiones\/verExp\/87.19\/S\/PL"},"Palabra Clave":{"('0087-S-2019', 0)":" "}}