{"Tipo de Proyecto":{"('0088-D-2019', 0)":"PROYECTO DE LEY","('0088-D-2019', 1)":null},"Iniciado en: ":{"('0088-D-2019', 0)":"Diputados","('0088-D-2019', 1)":null},"Expediente Diputados: ":{"('0088-D-2019', 0)":"0088-D-2019","('0088-D-2019', 1)":null},"Publicado en: ":{"('0088-D-2019', 0)":"Tr\u00e1mite Parlamentario N\u00b0 1","('0088-D-2019', 1)":null},"Fecha: ":{"('0088-D-2019', 0)":"06\/03\/2019","('0088-D-2019', 1)":null},"T\u00edtulo":{"('0088-D-2019', 0)":"GARANTIZAR LA CONTINUIDAD ALIMENTARIA DE LOS HIJOS MAYORES DE EDAD QUE MANTIENEN SU REGULARIDAD ESTUDIANTIL  (REPRODUCCION DEL EXPEDIENTE 0179-D-17).","('0088-D-2019', 1)":null},"('Firmantes', 'FIRMANTE')":{"('0088-D-2019', 0)":"BIANCHI, IVANA MARIA","('0088-D-2019', 1)":null},"('Firmantes', 'DISTRITO')":{"('0088-D-2019', 0)":"SAN LUIS","('0088-D-2019', 1)":null},"('Firmantes', 'BLOQUE')":{"('0088-D-2019', 0)":"UNIDAD JUSTICIALISTA","('0088-D-2019', 1)":null},"('Giros', 'COMISI\u00d3N')":{"('0088-D-2019', 0)":"FAMILIA, MUJER, NI\u00d1EZ Y ADOLESCENCIA","('0088-D-2019', 1)":"PRESUPUESTO Y HACIENDA"},"Sumario":{"('0088-D-2019', 0)":"CONTINUIDAD AUTOMATICA DE LA CUOTA ALIMENTARIA, LUEGO DE LA MAYORIA DE EDAD DEL HIJO, MIENTRAS CONTINUE ESTUDIANDO REGULARMENTE Y VIVA EN CASA DEL PROGENITOR QUE EJERCE LA TENENCIA; RECLAMOS.","('0088-D-2019', 1)":null},"Palabra Clave":{"('0088-D-2019', 0)":" ","('0088-D-2019', 1)":null}}