{"Tipo de Proyecto":{"('0088-S-2019', 0)":"PROYECTO DE LEY"},"Iniciado en: ":{"('0088-S-2019', 0)":"Senado"},"Expediente Senado: ":{"('0088-S-2019', 0)":"0088-S-2019"},"Publicado en: ":{"('0088-S-2019', 0)":"Diario de Asuntos Entrados N\u00b0 5"},"Fecha: ":{"('0088-S-2019', 0)":"06\/03\/2019"},"T\u00edtulo":{"('0088-S-2019', 0)":"DISPOSICION DE LA COMPATIBILIDAD DE TODO BENEFICIO PREVISIONAL A PERSONAS CON DISCAPACIDAD CON CUALQUIER OTRO BENEFICIO PREVISIONAL QUE LE CORRESPONDIERE Y CON CUALQUIER TIPO DE DE DESEMPE\u00d1O DE TAREAS ACTIVAS (REPRODUCCION DEL EXPEDIENTE 0693-S-17)."},"('Firmantes', 'FIRMANTE')":{"('0088-S-2019', 0)":"ODARDA, MARIA MAGDALENA"},"('Firmantes', 'DISTRITO')":{"('0088-S-2019', 0)":"RIO NEGRO"},"('Firmantes', 'BLOQUE')":{"('0088-S-2019', 0)":"RIO - FRENTE PROGRESISTA"},"Link":{"('0088-S-2019', 0)":"http:\/\/www.senado.gov.ar\/parlamentario\/comisiones\/verExp\/88.19\/S\/PL"},"Palabra Clave":{"('0088-S-2019', 0)":" "}}