{"Tipo de Proyecto":{"('0089-D-2019', 0)":"PROYECTO DE LEY","('0089-D-2019', 1)":null,"('0089-D-2019', 2)":null},"Iniciado en: ":{"('0089-D-2019', 0)":"Diputados","('0089-D-2019', 1)":null,"('0089-D-2019', 2)":null},"Expediente Diputados: ":{"('0089-D-2019', 0)":"0089-D-2019","('0089-D-2019', 1)":null,"('0089-D-2019', 2)":null},"Publicado en: ":{"('0089-D-2019', 0)":"Tr\u00e1mite Parlamentario N\u00b0 1","('0089-D-2019', 1)":null,"('0089-D-2019', 2)":null},"Fecha: ":{"('0089-D-2019', 0)":"06\/03\/2019","('0089-D-2019', 1)":null,"('0089-D-2019', 2)":null},"T\u00edtulo":{"('0089-D-2019', 0)":"MEDIACION AMBIENTAL : REGIMEN (REPRODUCCION DEL EXPEDIENTE 0180-D-17).","('0089-D-2019', 1)":null,"('0089-D-2019', 2)":null},"('Firmantes', 'FIRMANTE')":{"('0089-D-2019', 0)":"BIANCHI, IVANA MARIA","('0089-D-2019', 1)":null,"('0089-D-2019', 2)":null},"('Firmantes', 'DISTRITO')":{"('0089-D-2019', 0)":"SAN LUIS","('0089-D-2019', 1)":null,"('0089-D-2019', 2)":null},"('Firmantes', 'BLOQUE')":{"('0089-D-2019', 0)":"UNIDAD JUSTICIALISTA","('0089-D-2019', 1)":null,"('0089-D-2019', 2)":null},"('Giros', 'COMISI\u00d3N')":{"('0089-D-2019', 0)":"JUSTICIA","('0089-D-2019', 1)":"RECURSOS NATURALES Y CONSERVACION DEL AMBIENTE HUMANO","('0089-D-2019', 2)":"PRESUPUESTO Y HACIENDA"},"Sumario":{"('0089-D-2019', 0)":"PROCEDIMIENTO; CREACION DEL REGISTRO DE MEDIADORES; CAUSALES DE EXCUSACION Y RECUSACION; CREACION DE LA COMISION DE SELECCION Y CONTRALOR; CREACION DE UN FONDO DE FINANCIAMIENTO; HONORARIOS.","('0089-D-2019', 1)":null,"('0089-D-2019', 2)":null},"Palabra Clave":{"('0089-D-2019', 0)":" ","('0089-D-2019', 1)":null,"('0089-D-2019', 2)":null}}