{"Tipo de Proyecto":{"('0089-S-2019', 0)":"PROYECTO DE LEY"},"Iniciado en: ":{"('0089-S-2019', 0)":"Senado"},"Expediente Senado: ":{"('0089-S-2019', 0)":"0089-S-2019"},"Publicado en: ":{"('0089-S-2019', 0)":"Diario de Asuntos Entrados N\u00b0 5"},"Fecha: ":{"('0089-S-2019', 0)":"06\/03\/2019"},"T\u00edtulo":{"('0089-S-2019', 0)":"GARANTIZAR LA EFECTIVA PARTICIPACION DE LOS PUEBLOS INDIGENAS EN LAS ACTIVIDADES DE RELEVAMIENTO DE LA LEY 26160 Y 2689 (REPRODUCCION DEL EXPEDIENTE 0692-S-17)."},"('Firmantes', 'FIRMANTE')":{"('0089-S-2019', 0)":"ODARDA, MARIA MAGDALENA"},"('Firmantes', 'DISTRITO')":{"('0089-S-2019', 0)":"RIO NEGRO"},"('Firmantes', 'BLOQUE')":{"('0089-S-2019', 0)":"RIO - FRENTE PROGRESISTA"},"Link":{"('0089-S-2019', 0)":"http:\/\/www.senado.gov.ar\/parlamentario\/comisiones\/verExp\/89.19\/S\/PL"},"Palabra Clave":{"('0089-S-2019', 0)":" "}}