{"Tipo de Proyecto":{"('0090-S-2019', 0)":"PROYECTO DE LEY"},"Iniciado en: ":{"('0090-S-2019', 0)":"Senado"},"Expediente Senado: ":{"('0090-S-2019', 0)":"0090-S-2019"},"Publicado en: ":{"('0090-S-2019', 0)":"Diario de Asuntos Entrados N\u00b0 5"},"Fecha: ":{"('0090-S-2019', 0)":"06\/03\/2019"},"T\u00edtulo":{"('0090-S-2019', 0)":"PROMOCION DE ALIMENTACION SALUDABLE Y SEGURA DE NI\u00d1OS, NI\u00d1AS Y ADOLESCENTES EN EDAD ESCOLAR: REGULACION DE KIOSCOS ESCOLARES (REPRODUCCION DEL EXPEDIENTE 0689-S-17)."},"('Firmantes', 'FIRMANTE')":{"('0090-S-2019', 0)":"ODARDA, MARIA MAGDALENA"},"('Firmantes', 'DISTRITO')":{"('0090-S-2019', 0)":"RIO NEGRO"},"('Firmantes', 'BLOQUE')":{"('0090-S-2019', 0)":"RIO - FRENTE PROGRESISTA"},"Sumario":{"('0090-S-2019', 0)":"FUNCIONES DE LA AUTORIDAD DE APLICACION: DEFINIR REQUISITOS NUTRICIONALES; DISE\u00d1AR UNA GUIA DE ALIMENTACION SALUDABLE;  PROMOCION Y DIFUSION; INVITACION A ADHERIR."},"Palabra Clave":{"('0090-S-2019', 0)":" "}}