{"Tipo de Proyecto":{"('0090-D-2019', 0)":"PROYECTO DE LEY","('0090-D-2019', 1)":null,"('0090-D-2019', 2)":null},"Iniciado en: ":{"('0090-D-2019', 0)":"Diputados","('0090-D-2019', 1)":null,"('0090-D-2019', 2)":null},"Expediente Diputados: ":{"('0090-D-2019', 0)":"0090-D-2019","('0090-D-2019', 1)":null,"('0090-D-2019', 2)":null},"Publicado en: ":{"('0090-D-2019', 0)":"Tr\u00e1mite Parlamentario N\u00b0 1","('0090-D-2019', 1)":null,"('0090-D-2019', 2)":null},"Fecha: ":{"('0090-D-2019', 0)":"06\/03\/2019","('0090-D-2019', 1)":null,"('0090-D-2019', 2)":null},"T\u00edtulo":{"('0090-D-2019', 0)":"PROGRAMA NACIONAL CONTRA EL TRABAJO INFANTIL. CREACION EN EL AMBITO DEL MINISTERIO DE TRABAJO, EMPLEO Y SEGURIDAD SOCIAL  (REPRODUCCION DEL EXPEDIENTE 0181-D-17).","('0090-D-2019', 1)":null,"('0090-D-2019', 2)":null},"('Firmantes', 'FIRMANTE')":{"('0090-D-2019', 0)":"BIANCHI, IVANA MARIA","('0090-D-2019', 1)":null,"('0090-D-2019', 2)":null},"('Firmantes', 'DISTRITO')":{"('0090-D-2019', 0)":"SAN LUIS","('0090-D-2019', 1)":null,"('0090-D-2019', 2)":null},"('Firmantes', 'BLOQUE')":{"('0090-D-2019', 0)":"UNIDAD JUSTICIALISTA","('0090-D-2019', 1)":null,"('0090-D-2019', 2)":null},"('Giros', 'COMISI\u00d3N')":{"('0090-D-2019', 0)":"FAMILIA, MUJER, NI\u00d1EZ Y ADOLESCENCIA","('0090-D-2019', 1)":"LEGISLACION DEL TRABAJO","('0090-D-2019', 2)":"PRESUPUESTO Y HACIENDA"},"Palabra Clave":{"('0090-D-2019', 0)":" ","('0090-D-2019', 1)":null,"('0090-D-2019', 2)":null}}