{"Tipo de Proyecto":{"('0092-S-2019', 0)":"PROYECTO DE LEY"},"Iniciado en: ":{"('0092-S-2019', 0)":"Senado"},"Expediente Senado: ":{"('0092-S-2019', 0)":"0092-S-2019"},"Publicado en: ":{"('0092-S-2019', 0)":"Diario de Asuntos Entrados N\u00b0 5"},"Fecha: ":{"('0092-S-2019', 0)":"06\/03\/2019"},"T\u00edtulo":{"('0092-S-2019', 0)":"ESTABLECER CON EL CARACTER DE FIESTA NACIONAL A LA \"FIESTA DEL TRABAJADOR PORTUARIO\", QUE SE REALIZA EN EL MES DE FEBRERO DE CADA A\u00d1O EN LA CIUDAD DE PUERTO SAN ANTONIO ESTE, PROVINCIA DE RIO NEGRO (REPRODUCCION DEL EXPEDIENTE 0616-S-17)."},"('Firmantes', 'FIRMANTE')":{"('0092-S-2019', 0)":"ODARDA, MARIA MAGDALENA"},"('Firmantes', 'DISTRITO')":{"('0092-S-2019', 0)":"RIO NEGRO"},"('Firmantes', 'BLOQUE')":{"('0092-S-2019', 0)":"RIO - FRENTE PROGRESISTA"},"Link":{"('0092-S-2019', 0)":"http:\/\/www.senado.gov.ar\/parlamentario\/comisiones\/verExp\/92.19\/S\/PL"},"Palabra Clave":{"('0092-S-2019', 0)":" "}}