{"Tipo de Proyecto":{"('0092-D-2019', 0)":"PROYECTO DE LEY","('0092-D-2019', 1)":null,"('0092-D-2019', 2)":null},"Iniciado en: ":{"('0092-D-2019', 0)":"Diputados","('0092-D-2019', 1)":null,"('0092-D-2019', 2)":null},"Expediente Diputados: ":{"('0092-D-2019', 0)":"0092-D-2019","('0092-D-2019', 1)":null,"('0092-D-2019', 2)":null},"Publicado en: ":{"('0092-D-2019', 0)":"Tr\u00e1mite Parlamentario N\u00b0 1","('0092-D-2019', 1)":null,"('0092-D-2019', 2)":null},"Fecha: ":{"('0092-D-2019', 0)":"06\/03\/2019","('0092-D-2019', 1)":null,"('0092-D-2019', 2)":null},"T\u00edtulo":{"('0092-D-2019', 0)":"PROGRAMA EDUCATIVO DE PREVENCION DEL BULLYING: CREACION EN EL AMBITO DEL MINISTERIO DE EDUCACION  (REPRODUCCION DEL EXPEDIENTE 0191-D-17).","('0092-D-2019', 1)":null,"('0092-D-2019', 2)":null},"('Firmantes', 'FIRMANTE')":{"('0092-D-2019', 0)":"BIANCHI, IVANA MARIA","('0092-D-2019', 1)":null,"('0092-D-2019', 2)":null},"('Firmantes', 'DISTRITO')":{"('0092-D-2019', 0)":"SAN LUIS","('0092-D-2019', 1)":null,"('0092-D-2019', 2)":null},"('Firmantes', 'BLOQUE')":{"('0092-D-2019', 0)":"UNIDAD JUSTICIALISTA","('0092-D-2019', 1)":null,"('0092-D-2019', 2)":null},"('Giros', 'COMISI\u00d3N')":{"('0092-D-2019', 0)":"EDUCACION","('0092-D-2019', 1)":"FAMILIA, MUJER, NI\u00d1EZ Y ADOLESCENCIA","('0092-D-2019', 2)":"PRESUPUESTO Y HACIENDA"},"Sumario":{"('0092-D-2019', 0)":"AUTORIDAD DE APLICACION: MINISTERIO DE EDUCACION DE LA NACION; INVITACION A ADHERIR A LAS PROVINCIAS Y A LA CIUDAD AUTONOMA DE BUENOS AIRES.","('0092-D-2019', 1)":null,"('0092-D-2019', 2)":null},"Palabra Clave":{"('0092-D-2019', 0)":" ","('0092-D-2019', 1)":null,"('0092-D-2019', 2)":null}}