{"Tipo de Proyecto":{"('0093-D-2019', 0)":"PROYECTO DE LEY","('0093-D-2019', 1)":null},"Iniciado en: ":{"('0093-D-2019', 0)":"Diputados","('0093-D-2019', 1)":null},"Expediente Diputados: ":{"('0093-D-2019', 0)":"0093-D-2019","('0093-D-2019', 1)":null},"Publicado en: ":{"('0093-D-2019', 0)":"Tr\u00e1mite Parlamentario N\u00b0 1","('0093-D-2019', 1)":null},"Fecha: ":{"('0093-D-2019', 0)":"06\/03\/2019","('0093-D-2019', 1)":null},"T\u00edtulo":{"('0093-D-2019', 0)":"CREACION DE LA MODALIDAD DE DOBLE ESCOLARIDAD EN ESTABLECIMIENTOS RURALES. (REPRODUCCION DEL EXPEDIENTE 0192-D-17).","('0093-D-2019', 1)":null},"('Firmantes', 'FIRMANTE')":{"('0093-D-2019', 0)":"BIANCHI, IVANA MARIA","('0093-D-2019', 1)":null},"('Firmantes', 'DISTRITO')":{"('0093-D-2019', 0)":"SAN LUIS","('0093-D-2019', 1)":null},"('Firmantes', 'BLOQUE')":{"('0093-D-2019', 0)":"UNIDAD JUSTICIALISTA","('0093-D-2019', 1)":null},"('Giros', 'COMISI\u00d3N')":{"('0093-D-2019', 0)":"EDUCACION","('0093-D-2019', 1)":"PRESUPUESTO Y HACIENDA"},"Sumario":{"('0093-D-2019', 0)":"ESTABLECIMIENTOS QUE ACREDITEN EL CARACTER DE ESCUELA RURAL PODRAN POR MEDIO DEL MINISTERIO DE EDUCACION DE LA NACION SOLICITAR UN SUBSIDIO DESTINADO A ASEGURAR EL REGIMEN DE DOBLE ESCOLARIDAD Y EL FUNCIONAMIENTO DE UN COMEDOR ESCOLAR PARA LOS ALUMNOS.","('0093-D-2019', 1)":null},"Palabra Clave":{"('0093-D-2019', 0)":" ","('0093-D-2019', 1)":null}}