{"Tipo de Proyecto":{"('0093-S-2019', 0)":"PROYECTO DE LEY"},"Iniciado en: ":{"('0093-S-2019', 0)":"Senado"},"Expediente Senado: ":{"('0093-S-2019', 0)":"0093-S-2019"},"Publicado en: ":{"('0093-S-2019', 0)":"Diario de Asuntos Entrados N\u00b0 5"},"Fecha: ":{"('0093-S-2019', 0)":"06\/03\/2019"},"T\u00edtulo":{"('0093-S-2019', 0)":"ESTABLECER CON EL CARACTER DE FIESTA NACIONAL A LA \"FIESTA DEL AGRICULTOR\", QUE SE REALIZA EN LA CIUDAD DE GENERAL CONESA, PROVINCIA DE RIO NEGRO (REPRODUCCION DEL EXPEDIENTE 3353-S-15) (REPRODUCCION DEL EXPEDIENTE 0617-S-17)."},"('Firmantes', 'FIRMANTE')":{"('0093-S-2019', 0)":"ODARDA, MARIA MAGDALENA"},"('Firmantes', 'DISTRITO')":{"('0093-S-2019', 0)":"RIO NEGRO"},"('Firmantes', 'BLOQUE')":{"('0093-S-2019', 0)":"RIO - FRENTE PROGRESISTA"},"Link":{"('0093-S-2019', 0)":"http:\/\/www.senado.gov.ar\/parlamentario\/comisiones\/verExp\/93.19\/S\/PL"},"Palabra Clave":{"('0093-S-2019', 0)":" "}}