{"Tipo de Proyecto":{"('0094-S-2019', 0)":"PROYECTO DE LEY"},"Iniciado en: ":{"('0094-S-2019', 0)":"Senado"},"Expediente Senado: ":{"('0094-S-2019', 0)":"0094-S-2019"},"Publicado en: ":{"('0094-S-2019', 0)":"Diario de Asuntos Entrados N\u00b0 5"},"Fecha: ":{"('0094-S-2019', 0)":"06\/03\/2019"},"T\u00edtulo":{"('0094-S-2019', 0)":"OTORGAR JERARQUIA CONSTITUCIONAL, EN LOS TERMINOS DEL ARTICULO 75, INCISO 22), DE LA CONSTITUCION NACIONAL, A LA CONVENCION INTERAMERICANA PARA PREVENIR, SANCIONAR Y ERRADICAR LA VIOLENCIA CONTRA LA MUJER, RATIFICADA POR LEY 24632 (REPRODUCCION DEL EXPEDIENTE 0613-S-17)."},"('Firmantes', 'FIRMANTE')":{"('0094-S-2019', 0)":"ODARDA, MARIA MAGDALENA"},"('Firmantes', 'DISTRITO')":{"('0094-S-2019', 0)":"RIO NEGRO"},"('Firmantes', 'BLOQUE')":{"('0094-S-2019', 0)":"RIO - FRENTE PROGRESISTA"},"Link":{"('0094-S-2019', 0)":"http:\/\/www.senado.gov.ar\/parlamentario\/comisiones\/verExp\/94.19\/S\/PL"},"Palabra Clave":{"('0094-S-2019', 0)":" "}}