{"Tipo de Proyecto":{"('0096-D-2019', 0)":"PROYECTO DE LEY","('0096-D-2019', 1)":null,"('0096-D-2019', 2)":null},"Iniciado en: ":{"('0096-D-2019', 0)":"Diputados","('0096-D-2019', 1)":null,"('0096-D-2019', 2)":null},"Expediente Diputados: ":{"('0096-D-2019', 0)":"0096-D-2019","('0096-D-2019', 1)":null,"('0096-D-2019', 2)":null},"Publicado en: ":{"('0096-D-2019', 0)":"Tr\u00e1mite Parlamentario N\u00b0 1","('0096-D-2019', 1)":null,"('0096-D-2019', 2)":null},"Fecha: ":{"('0096-D-2019', 0)":"06\/03\/2019","('0096-D-2019', 1)":null,"('0096-D-2019', 2)":null},"T\u00edtulo":{"('0096-D-2019', 0)":"CUIDADOS PALIATIVOS PARA PROMOVER LA MUERTE NATURAL Y DIGNA: CREACION DE LA COMISION NACIONAL DE CUIDADOS PALIATIVOS EN EL AMBITO DEL MINISTERIO DE SALUD DE LA NACION.  (REPRODUCCION DEL EXPEDIENTE 3969-D-17).","('0096-D-2019', 1)":null,"('0096-D-2019', 2)":null},"('Firmantes', 'FIRMANTE')":{"('0096-D-2019', 0)":"BIANCHI, IVANA MARIA","('0096-D-2019', 1)":null,"('0096-D-2019', 2)":null},"('Firmantes', 'DISTRITO')":{"('0096-D-2019', 0)":"SAN LUIS","('0096-D-2019', 1)":null,"('0096-D-2019', 2)":null},"('Firmantes', 'BLOQUE')":{"('0096-D-2019', 0)":"UNIDAD JUSTICIALISTA","('0096-D-2019', 1)":null,"('0096-D-2019', 2)":null},"('Giros', 'COMISI\u00d3N')":{"('0096-D-2019', 0)":"ACCION SOCIAL Y SALUD PUBLICA","('0096-D-2019', 1)":"LEGISLACION GENERAL","('0096-D-2019', 2)":"PRESUPUESTO Y HACIENDA"},"Sumario":{"('0096-D-2019', 0)":"OBJETO; CONCEPTOS; PRINCIPIOS; OBJETIVOS; AUTORIDAD DE APLICACION: MINISTERIO DE SALUD DE LA NACION; CREACION DE LA COMISION NACIONAL DE CUIDADOS PALIATIVOS: OBJETO, INTEGRACION, FUNCIONES, CAMPA\u00d1AS DE DIFUSION MASIVA Y DE EDUCACION CONTINUA; INVITACION A LAS PROVINCIAS Y A LA CIUDAD AUTONOMA DE BUENOS AIRES A ADHERIR A LA PRESENTE LEY; REGLAMENTACION.","('0096-D-2019', 1)":null,"('0096-D-2019', 2)":null},"Palabra Clave":{"('0096-D-2019', 0)":" ","('0096-D-2019', 1)":null,"('0096-D-2019', 2)":null}}