{"Tipo de Proyecto":{"('0099-S-2019', 0)":"PROYECTO DE LEY"},"Iniciado en: ":{"('0099-S-2019', 0)":"Senado"},"Expediente Senado: ":{"('0099-S-2019', 0)":"0099-S-2019"},"Publicado en: ":{"('0099-S-2019', 0)":"Diario de Asuntos Entrados N\u00b0 5"},"Fecha: ":{"('0099-S-2019', 0)":"06\/03\/2019"},"T\u00edtulo":{"('0099-S-2019', 0)":"DECLARAR MONUMENTO HISTORICO NACIONAL AL EDIFICIO DE LA ESCUELA NUMERO 16, UBICADO EN LA AVENIDA MARIA ELFLEIN 450 DE LA CIUDAD DE SAN CARLOS DE BARILOCHE, PROVINCIA DE RIO NEGRO (REPRODUCCION DEL EXPEDIENTE 0474-S-17)."},"('Firmantes', 'FIRMANTE')":{"('0099-S-2019', 0)":"ODARDA, MARIA MAGDALENA"},"('Firmantes', 'DISTRITO')":{"('0099-S-2019', 0)":"RIO NEGRO"},"('Firmantes', 'BLOQUE')":{"('0099-S-2019', 0)":"RIO - FRENTE PROGRESISTA"},"Link":{"('0099-S-2019', 0)":"http:\/\/www.senado.gov.ar\/parlamentario\/comisiones\/verExp\/99.19\/S\/PL"},"Palabra Clave":{"('0099-S-2019', 0)":" "}}