{"Tipo de Proyecto":{"('0100-S-2019', 0)":"PROYECTO DE LEY"},"Iniciado en: ":{"('0100-S-2019', 0)":"Senado"},"Expediente Senado: ":{"('0100-S-2019', 0)":"0100-S-2019"},"Publicado en: ":{"('0100-S-2019', 0)":"Diario de Asuntos Entrados N\u00b0 0"},"Fecha: ":{"('0100-S-2019', 0)":"18\/03\/2019"},"T\u00edtulo":{"('0100-S-2019', 0)":"DECLARAR ITINERARIO CULTURAL NACIONAL, EN LOS TERMINOS DE LA LEY 12665 AL MUSEO MUNICIPAL DE BELLAS ARTES JUAN SANCHEZ, UBICADO EN LA CIUDAD DE GENERAL ROCA, PROVINCIA DE RIO NEGRO. (REPRODUCCION DEL EXPEDIENTE 0473-S-17).\n"},"('Firmantes', 'FIRMANTE')":{"('0100-S-2019', 0)":"ODARDA, MARIA MAGDALENA"},"('Firmantes', 'DISTRITO')":{"('0100-S-2019', 0)":"RIO NEGRO"},"('Firmantes', 'BLOQUE')":{"('0100-S-2019', 0)":"RIO - FRENTE PROGRESISTA"},"Link":{"('0100-S-2019', 0)":"http:\/\/www.senado.gov.ar\/parlamentario\/comisiones\/verExp\/100.19\/S\/PL"},"Palabra Clave":{"('0100-S-2019', 0)":" "}}