{"Tipo de Proyecto":{"('0101-S-2019', 0)":"PROYECTO DE LEY"},"Iniciado en: ":{"('0101-S-2019', 0)":"Senado"},"Expediente Senado: ":{"('0101-S-2019', 0)":"0101-S-2019"},"Publicado en: ":{"('0101-S-2019', 0)":"Diario de Asuntos Entrados N\u00b0 0"},"Fecha: ":{"('0101-S-2019', 0)":"06\/03\/2019"},"T\u00edtulo":{"('0101-S-2019', 0)":"DECLARAR ITINERARIO CULTURAL NACIONAL, EN LOS TERMINOS DE LA LEY 12665, AL \"MUSEO PROVINCIAL CARLOS AMEGHINO\", DE LA CIUDAD DE CIPOLLETTI, PROVINCIA DE RIO NEGRO. (REPRODUCCION DEL EXPEDIENTE 0472-S-17)."},"('Firmantes', 'FIRMANTE')":{"('0101-S-2019', 0)":"ODARDA, MARIA MAGDALENA"},"('Firmantes', 'DISTRITO')":{"('0101-S-2019', 0)":"RIO NEGRO"},"('Firmantes', 'BLOQUE')":{"('0101-S-2019', 0)":"RIO - FRENTE PROGRESISTA"},"Link":{"('0101-S-2019', 0)":"http:\/\/www.senado.gov.ar\/parlamentario\/comisiones\/verExp\/101.19\/S\/PL"},"Palabra Clave":{"('0101-S-2019', 0)":" "}}