{"Tipo de Proyecto":{"('0102-S-2019', 0)":"PROYECTO DE LEY"},"Iniciado en: ":{"('0102-S-2019', 0)":"Senado"},"Expediente Senado: ":{"('0102-S-2019', 0)":"0102-S-2019"},"Publicado en: ":{"('0102-S-2019', 0)":"Diario de Asuntos Entrados N\u00b0 6"},"Fecha: ":{"('0102-S-2019', 0)":"06\/03\/2019"},"T\u00edtulo":{"('0102-S-2019', 0)":"DECLARAR ITINERARIO CULTURAL NACIONAL, EN LOS TERMINOS DE LA LEY 12665, AL CIRCUITO HISTORICO PRODUCTIVO DE GENERAL ROCA Y SU ZONA RURAL, ENTRE LA CIUDAD DE ALLEN Y DE CERVANTES, PROVINCIA DE RIO NEGRO (REPRODUCCION DEL EXPEDIENTE 0471-S-17)."},"('Firmantes', 'FIRMANTE')":{"('0102-S-2019', 0)":"ODARDA, MARIA MAGDALENA"},"('Firmantes', 'DISTRITO')":{"('0102-S-2019', 0)":"RIO NEGRO"},"('Firmantes', 'BLOQUE')":{"('0102-S-2019', 0)":"RIO - FRENTE PROGRESISTA"},"Link":{"('0102-S-2019', 0)":"http:\/\/www.senado.gov.ar\/parlamentario\/comisiones\/verExp\/102.19\/S\/PL"},"Palabra Clave":{"('0102-S-2019', 0)":" "}}