{"Tipo de Proyecto":{"('0103-S-2019', 0)":"PROYECTO DE LEY"},"Iniciado en: ":{"('0103-S-2019', 0)":"Senado"},"Expediente Senado: ":{"('0103-S-2019', 0)":"0103-S-2019"},"Publicado en: ":{"('0103-S-2019', 0)":"Diario de Asuntos Entrados N\u00b0 6"},"Fecha: ":{"('0103-S-2019', 0)":"06\/03\/2019"},"T\u00edtulo":{"('0103-S-2019', 0)":"DECLARAR BIEN HISTORICO NACIONAL, EN LOS TERMINOS DE LA LEY 12665, AL EDIFICIO DEL MUSEO \"DUAMN RUCA\", UBICADO A DOS KILOMETROS AL OESTE DE LA CIUDAD DE SIERRA GRANDE, PROVINCIA DE RIO NEGRO (REPRODUCCION DEL EXPEDIENTE 0470-S-17)."},"('Firmantes', 'FIRMANTE')":{"('0103-S-2019', 0)":"ODARDA, MARIA MAGDALENA"},"('Firmantes', 'DISTRITO')":{"('0103-S-2019', 0)":"RIO NEGRO"},"('Firmantes', 'BLOQUE')":{"('0103-S-2019', 0)":"RIO - FRENTE PROGRESISTA"},"Link":{"('0103-S-2019', 0)":"http:\/\/www.senado.gov.ar\/parlamentario\/comisiones\/verExp\/103.19\/S\/PL"},"Palabra Clave":{"('0103-S-2019', 0)":" "}}