{"Tipo de Proyecto":{"('0104-D-2019', 0)":"PROYECTO DE LEY","('0104-D-2019', 1)":null},"Iniciado en: ":{"('0104-D-2019', 0)":"Diputados","('0104-D-2019', 1)":null},"Expediente Diputados: ":{"('0104-D-2019', 0)":"0104-D-2019","('0104-D-2019', 1)":null},"Publicado en: ":{"('0104-D-2019', 0)":"Tr\u00e1mite Parlamentario N\u00b0 1","('0104-D-2019', 1)":null},"Fecha: ":{"('0104-D-2019', 0)":"06\/03\/2019","('0104-D-2019', 1)":null},"T\u00edtulo":{"('0104-D-2019', 0)":"OBLIGATORIEDAD DE POSEER TITULO HABILITANTE A AQUELLAS PERSONAS QUE SE DESEMPE\u00d1AN COMO ENTRENADORES PERSONALES (REPRODUCCION DEL EXPEDIENTE 5147-D-17).","('0104-D-2019', 1)":null},"('Firmantes', 'FIRMANTE')":{"('0104-D-2019', 0)":"BIANCHI, IVANA MARIA","('0104-D-2019', 1)":null},"('Firmantes', 'DISTRITO')":{"('0104-D-2019', 0)":"SAN LUIS","('0104-D-2019', 1)":null},"('Firmantes', 'BLOQUE')":{"('0104-D-2019', 0)":"UNIDAD JUSTICIALISTA","('0104-D-2019', 1)":null},"('Giros', 'COMISI\u00d3N')":{"('0104-D-2019', 0)":"ACCION SOCIAL Y SALUD PUBLICA","('0104-D-2019', 1)":"EDUCACION"},"Palabra Clave":{"('0104-D-2019', 0)":" ","('0104-D-2019', 1)":null}}