{"Tipo de Proyecto":{"('0104-S-2019', 0)":"PROYECTO DE LEY"},"Iniciado en: ":{"('0104-S-2019', 0)":"Senado"},"Expediente Senado: ":{"('0104-S-2019', 0)":"0104-S-2019"},"Publicado en: ":{"('0104-S-2019', 0)":"Diario de Asuntos Entrados N\u00b0 6"},"Fecha: ":{"('0104-S-2019', 0)":"06\/03\/2019"},"T\u00edtulo":{"('0104-S-2019', 0)":"DECLARAR BIEN HISTORICO NACIONAL, EN LOS TERMINOS DE LA LEY 12665, A LA CASA DE BERNARDO RISKIN, UBICADA EN GENERAL ROCA, PROVINCIA DE RIO NEGRO (REPRODUCCION DEL EXPEDIENTE 0469-S-17)."},"('Firmantes', 'FIRMANTE')":{"('0104-S-2019', 0)":"ODARDA, MARIA MAGDALENA"},"('Firmantes', 'DISTRITO')":{"('0104-S-2019', 0)":"RIO NEGRO"},"('Firmantes', 'BLOQUE')":{"('0104-S-2019', 0)":"RIO - FRENTE PROGRESISTA"},"Link":{"('0104-S-2019', 0)":"http:\/\/www.senado.gov.ar\/parlamentario\/comisiones\/verExp\/104.19\/S\/PL"},"Palabra Clave":{"('0104-S-2019', 0)":" "}}