{"Tipo de Proyecto":{"('0105-S-2019', 0)":"PROYECTO DE LEY"},"Iniciado en: ":{"('0105-S-2019', 0)":"Senado"},"Expediente Senado: ":{"('0105-S-2019', 0)":"0105-S-2019"},"Publicado en: ":{"('0105-S-2019', 0)":"Diario de Asuntos Entrados N\u00b0 6"},"Fecha: ":{"('0105-S-2019', 0)":"06\/03\/2019"},"T\u00edtulo":{"('0105-S-2019', 0)":"DECLARAR MONUMENTO HISTORICO NACIONAL, EN LOS TERMINOS DE LA LEY 12665, AL EDIFICIO DE LA EX ESCUELA NORMAL POPULAR DE LA PATAGONIA, EN LA CIUDAD DE VIEDMA, PROVINCIA DE RIO NEGRO (REPRODUCCION DEL EXPEDIENTE 0468-S-17)."},"('Firmantes', 'FIRMANTE')":{"('0105-S-2019', 0)":"ODARDA, MARIA MAGDALENA"},"('Firmantes', 'DISTRITO')":{"('0105-S-2019', 0)":"RIO NEGRO"},"('Firmantes', 'BLOQUE')":{"('0105-S-2019', 0)":"RIO - FRENTE PROGRESISTA"},"Link":{"('0105-S-2019', 0)":"http:\/\/www.senado.gov.ar\/parlamentario\/comisiones\/verExp\/105.19\/S\/PL"},"Palabra Clave":{"('0105-S-2019', 0)":" "}}