{"Tipo de Proyecto":{"('0105-D-2019', 0)":"PROYECTO DE LEY","('0105-D-2019', 1)":null,"('0105-D-2019', 2)":null},"Iniciado en: ":{"('0105-D-2019', 0)":"Diputados","('0105-D-2019', 1)":null,"('0105-D-2019', 2)":null},"Expediente Diputados: ":{"('0105-D-2019', 0)":"0105-D-2019","('0105-D-2019', 1)":null,"('0105-D-2019', 2)":null},"Publicado en: ":{"('0105-D-2019', 0)":"Tr\u00e1mite Parlamentario N\u00b0 1","('0105-D-2019', 1)":null,"('0105-D-2019', 2)":null},"Fecha: ":{"('0105-D-2019', 0)":"06\/03\/2019","('0105-D-2019', 1)":null,"('0105-D-2019', 2)":null},"T\u00edtulo":{"('0105-D-2019', 0)":"CAMPA\u00d1A PUBLICITARIA PARA PROMOVER EL USO DE PRESERVATIVOS. CREACION (REPRODUCCION DEL EXPEDIENTE 5438-D-17).","('0105-D-2019', 1)":null,"('0105-D-2019', 2)":null},"('Firmantes', 'FIRMANTE')":{"('0105-D-2019', 0)":"BIANCHI, IVANA MARIA","('0105-D-2019', 1)":null,"('0105-D-2019', 2)":null},"('Firmantes', 'DISTRITO')":{"('0105-D-2019', 0)":"SAN LUIS","('0105-D-2019', 1)":null,"('0105-D-2019', 2)":null},"('Firmantes', 'BLOQUE')":{"('0105-D-2019', 0)":"UNIDAD JUSTICIALISTA","('0105-D-2019', 1)":null,"('0105-D-2019', 2)":null},"('Giros', 'COMISI\u00d3N')":{"('0105-D-2019', 0)":"ACCION SOCIAL Y SALUD PUBLICA","('0105-D-2019', 1)":"FAMILIA, MUJER, NI\u00d1EZ Y ADOLESCENCIA","('0105-D-2019', 2)":"PRESUPUESTO Y HACIENDA"},"Palabra Clave":{"('0105-D-2019', 0)":" ","('0105-D-2019', 1)":null,"('0105-D-2019', 2)":null}}