{"Tipo de Proyecto":{"('0109-D-2019', 0)":"PROYECTO DE LEY","('0109-D-2019', 1)":null,"('0109-D-2019', 2)":null,"('0109-D-2019', 3)":null,"('0109-D-2019', 4)":null,"('0109-D-2019', 5)":null,"('0109-D-2019', 6)":null},"Iniciado en: ":{"('0109-D-2019', 0)":"Diputados","('0109-D-2019', 1)":null,"('0109-D-2019', 2)":null,"('0109-D-2019', 3)":null,"('0109-D-2019', 4)":null,"('0109-D-2019', 5)":null,"('0109-D-2019', 6)":null},"Expediente Diputados: ":{"('0109-D-2019', 0)":"0109-D-2019","('0109-D-2019', 1)":null,"('0109-D-2019', 2)":null,"('0109-D-2019', 3)":null,"('0109-D-2019', 4)":null,"('0109-D-2019', 5)":null,"('0109-D-2019', 6)":null},"Publicado en: ":{"('0109-D-2019', 0)":"Tr\u00e1mite Parlamentario N\u00b0 1","('0109-D-2019', 1)":null,"('0109-D-2019', 2)":null,"('0109-D-2019', 3)":null,"('0109-D-2019', 4)":null,"('0109-D-2019', 5)":null,"('0109-D-2019', 6)":null},"Fecha: ":{"('0109-D-2019', 0)":"06\/03\/2019","('0109-D-2019', 1)":null,"('0109-D-2019', 2)":null,"('0109-D-2019', 3)":null,"('0109-D-2019', 4)":null,"('0109-D-2019', 5)":null,"('0109-D-2019', 6)":null},"T\u00edtulo":{"('0109-D-2019', 0)":"EMERGENCIA PUBLICA EN MATERIA OCUPACIONAL, POR EL TERMINO DE 180 DIAS EN TODO EL TERRITORIO NACIONAL.","('0109-D-2019', 1)":null,"('0109-D-2019', 2)":null,"('0109-D-2019', 3)":null,"('0109-D-2019', 4)":null,"('0109-D-2019', 5)":null,"('0109-D-2019', 6)":null},"('Firmantes', 'FIRMANTE')":{"('0109-D-2019', 0)":"SILEY, VANESA","('0109-D-2019', 1)":"CARRO, PABLO","('0109-D-2019', 2)":"FURLAN, FRANCISCO ABEL","('0109-D-2019', 3)":"MOYANO, JUAN FACUNDO","('0109-D-2019', 4)":"YASKY, HUGO","('0109-D-2019', 5)":"CORREA, WALTER","('0109-D-2019', 6)":"PITIOT, CARLA BETINA"},"('Firmantes', 'DISTRITO')":{"('0109-D-2019', 0)":"BUENOS AIRES","('0109-D-2019', 1)":"CORDOBA","('0109-D-2019', 2)":"BUENOS AIRES","('0109-D-2019', 3)":"BUENOS AIRES","('0109-D-2019', 4)":"BUENOS AIRES","('0109-D-2019', 5)":"BUENOS AIRES","('0109-D-2019', 6)":"CIUDAD de BUENOS AIRES"},"('Firmantes', 'BLOQUE')":{"('0109-D-2019', 0)":"FRENTE PARA LA VICTORIA - PJ","('0109-D-2019', 1)":"FRENTE PARA LA VICTORIA - PJ","('0109-D-2019', 2)":"FRENTE PARA LA VICTORIA - PJ","('0109-D-2019', 3)":"RED POR ARGENTINA","('0109-D-2019', 4)":"FRENTE PARA LA VICTORIA - PJ","('0109-D-2019', 5)":"FRENTE PARA LA VICTORIA - PJ","('0109-D-2019', 6)":"FEDERAL UNIDOS POR UNA NUEVA ARGENTINA"},"('Giros', 'COMISI\u00d3N')":{"('0109-D-2019', 0)":"LEGISLACION DEL TRABAJO","('0109-D-2019', 1)":"PRESUPUESTO Y HACIENDA","('0109-D-2019', 2)":null,"('0109-D-2019', 3)":null,"('0109-D-2019', 4)":null,"('0109-D-2019', 5)":null,"('0109-D-2019', 6)":null},"('Tramites', 'C\u00c1MARA')":{"('0109-D-2019', 0)":"Diputados","('0109-D-2019', 1)":null,"('0109-D-2019', 2)":null,"('0109-D-2019', 3)":null,"('0109-D-2019', 4)":null,"('0109-D-2019', 5)":null,"('0109-D-2019', 6)":null},"('Tramites', 'MOVIMIENTO')":{"('0109-D-2019', 0)":"SOLICITUD DE SER COFIRMANTE DE LA DIPUTADA PITIOT (A SUS ANTECEDENTES)","('0109-D-2019', 1)":null,"('0109-D-2019', 2)":null,"('0109-D-2019', 3)":null,"('0109-D-2019', 4)":null,"('0109-D-2019', 5)":null,"('0109-D-2019', 6)":null},"('Tramites', 'FECHA')":{"('0109-D-2019', 0)":null,"('0109-D-2019', 1)":null,"('0109-D-2019', 2)":null,"('0109-D-2019', 3)":null,"('0109-D-2019', 4)":null,"('0109-D-2019', 5)":null,"('0109-D-2019', 6)":null},"('Tramites', 'RESULTADO')":{"('0109-D-2019', 0)":null,"('0109-D-2019', 1)":null,"('0109-D-2019', 2)":null,"('0109-D-2019', 3)":null,"('0109-D-2019', 4)":null,"('0109-D-2019', 5)":null,"('0109-D-2019', 6)":null},"Sumario":{"('0109-D-2019', 0)":"PROHIBICION DE LOS DESPIDOS EN EL AMBITO PRIVADO Y PUBLICO POR EL TERMINO DE 180 DIAS SIN JUSTA CAUSA; ANTE DESPIDOS SE PODRA DEMANDAR JUDICIALMENTE Y SOLICITAR ACCION DE REINSTALACION Y COBRO DE SALARIOS CAIDOS; ESTA ACCION TRAMITRARA POR TRAMITE SUMARISIMO","('0109-D-2019', 1)":null,"('0109-D-2019', 2)":null,"('0109-D-2019', 3)":null,"('0109-D-2019', 4)":null,"('0109-D-2019', 5)":null,"('0109-D-2019', 6)":null},"Palabra Clave":{"('0109-D-2019', 0)":" ","('0109-D-2019', 1)":null,"('0109-D-2019', 2)":null,"('0109-D-2019', 3)":null,"('0109-D-2019', 4)":null,"('0109-D-2019', 5)":null,"('0109-D-2019', 6)":null}}