{"Tipo de Proyecto":{"('0109-S-2019', 0)":"PROYECTO DE LEY"},"Iniciado en: ":{"('0109-S-2019', 0)":"Senado"},"Expediente Senado: ":{"('0109-S-2019', 0)":"0109-S-2019"},"Publicado en: ":{"('0109-S-2019', 0)":"Diario de Asuntos Entrados N\u00b0 6"},"Fecha: ":{"('0109-S-2019', 0)":"06\/03\/2019"},"T\u00edtulo":{"('0109-S-2019', 0)":"DECLARAR MONUMENTO HISTORICO NACIONAL, EN LOS TERMINOS DE LA LEY 12665, AL EDIFICIO DEL FARO DE LA BARRA DEL RIO NEGRO, UBICADO EN EL BALNEARIO EL CONDOR, PROVINCIA DE RIO NEGRO (REPRODUCCION DEL EXPEDIENTE 0463-S-17)."},"('Firmantes', 'FIRMANTE')":{"('0109-S-2019', 0)":"ODARDA, MARIA MAGDALENA"},"('Firmantes', 'DISTRITO')":{"('0109-S-2019', 0)":"RIO NEGRO"},"('Firmantes', 'BLOQUE')":{"('0109-S-2019', 0)":"RIO - FRENTE PROGRESISTA"},"Link":{"('0109-S-2019', 0)":"http:\/\/www.senado.gov.ar\/parlamentario\/comisiones\/verExp\/109.19\/S\/PL"},"Palabra Clave":{"('0109-S-2019', 0)":" "}}