{"Tipo de Proyecto":{"('0112-S-2019', 0)":"PROYECTO DE LEY"},"Iniciado en: ":{"('0112-S-2019', 0)":"Senado"},"Expediente Senado: ":{"('0112-S-2019', 0)":"0112-S-2019"},"Publicado en: ":{"('0112-S-2019', 0)":"Diario de Asuntos Entrados N\u00b0 6"},"Fecha: ":{"('0112-S-2019', 0)":"06\/03\/2019"},"T\u00edtulo":{"('0112-S-2019', 0)":"DECLARAR BIEN DE INTERES HISTORICO NACIONAL, EN LOS TERMINOS DE LA LEY 12665, AL EDIFICIO DEL COLEGIO MANUEL BELGRANO, UBICADO EN LA LOCALIDAD DE CIPOLLETTI, PROVINCIA DE RIO NEGRO (REPRODUCCION DEL EXPEDIENTE 0415-S-17)."},"('Firmantes', 'FIRMANTE')":{"('0112-S-2019', 0)":"ODARDA, MARIA MAGDALENA"},"('Firmantes', 'DISTRITO')":{"('0112-S-2019', 0)":"RIO NEGRO"},"('Firmantes', 'BLOQUE')":{"('0112-S-2019', 0)":"RIO - FRENTE PROGRESISTA"},"Link":{"('0112-S-2019', 0)":"http:\/\/www.senado.gov.ar\/parlamentario\/comisiones\/verExp\/112.19\/S\/PL"},"Palabra Clave":{"('0112-S-2019', 0)":" "}}