{"Tipo de Proyecto":{"('0113-S-2019', 0)":"PROYECTO DE LEY"},"Iniciado en: ":{"('0113-S-2019', 0)":"Senado"},"Expediente Senado: ":{"('0113-S-2019', 0)":"0113-S-2019"},"Publicado en: ":{"('0113-S-2019', 0)":"Diario de Asuntos Entrados N\u00b0 6"},"Fecha: ":{"('0113-S-2019', 0)":"06\/03\/2019"},"T\u00edtulo":{"('0113-S-2019', 0)":"DECLARAR BIEN DE INTERES HISTORICO NACIONAL AL PUENTE FERROCARRETERO QUE UNE A LAS CIUDADES DE VIEDMA, EN LA PROVINCIA DE RIO NEGRO Y CARMEN DE PATAGONES, EN LA PROVINCIA DE BUENOS AIRES (REPRODUCCION DEL EXPEDIENTE 0409-S-17)."},"('Firmantes', 'FIRMANTE')":{"('0113-S-2019', 0)":"ODARDA, MARIA MAGDALENA"},"('Firmantes', 'DISTRITO')":{"('0113-S-2019', 0)":"RIO NEGRO"},"('Firmantes', 'BLOQUE')":{"('0113-S-2019', 0)":"RIO - FRENTE PROGRESISTA"},"Link":{"('0113-S-2019', 0)":"http:\/\/www.senado.gov.ar\/parlamentario\/comisiones\/verExp\/113.19\/S\/PL"},"Palabra Clave":{"('0113-S-2019', 0)":" "}}