{"Tipo de Proyecto":{"('0113-D-2019', 0)":"PROYECTO DE LEY"},"Iniciado en: ":{"('0113-D-2019', 0)":"Diputados"},"Expediente Diputados: ":{"('0113-D-2019', 0)":"0113-D-2019"},"Publicado en: ":{"('0113-D-2019', 0)":"Tr\u00e1mite Parlamentario N\u00b0 1"},"Fecha: ":{"('0113-D-2019', 0)":"06\/03\/2019"},"T\u00edtulo":{"('0113-D-2019', 0)":"CODIGO PENAL. MODIFICACION DEL ARTICULO 41 QUATER, SOBRE DELITOS COMETIDOS POR MENORES DE DIECIOCHO A\u00d1OS DE EDAD (3249-D-2017, REPRODUCIDO)."},"('Firmantes', 'FIRMANTE')":{"('0113-D-2019', 0)":"BIANCHI, IVANA MARIA"},"('Firmantes', 'DISTRITO')":{"('0113-D-2019', 0)":"SAN LUIS"},"('Firmantes', 'BLOQUE')":{"('0113-D-2019', 0)":"UNIDAD JUSTICIALISTA"},"('Giros', 'COMISI\u00d3N')":{"('0113-D-2019', 0)":"LEGISLACION PENAL"},"Palabra Clave":{"('0113-D-2019', 0)":" "}}