{"Tipo de Proyecto":{"('0114-D-2019', 0)":"PROYECTO DE LEY","('0114-D-2019', 1)":null},"Iniciado en: ":{"('0114-D-2019', 0)":"Diputados","('0114-D-2019', 1)":null},"Expediente Diputados: ":{"('0114-D-2019', 0)":"0114-D-2019","('0114-D-2019', 1)":null},"Publicado en: ":{"('0114-D-2019', 0)":"Tr\u00e1mite Parlamentario N\u00b0 1","('0114-D-2019', 1)":null},"Fecha: ":{"('0114-D-2019', 0)":"06\/03\/2019","('0114-D-2019', 1)":null},"T\u00edtulo":{"('0114-D-2019', 0)":"CELULAS MADRES DE CORDON UMBILICAL; CAPACITACION PARA SU ALMACENAMIENTO E INVESTIGACION PARA SU APLICACION; DONACION NO OBLIGATORIA ANONIMA Y GRATUITA. (REPRODUCCION DEL EXPEDIENTE 0083-D-15) (REPRODUCCION DEL EXPEDIENTE 0200-D-17).","('0114-D-2019', 1)":null},"('Firmantes', 'FIRMANTE')":{"('0114-D-2019', 0)":"BIANCHI, IVANA MARIA","('0114-D-2019', 1)":null},"('Firmantes', 'DISTRITO')":{"('0114-D-2019', 0)":"SAN LUIS","('0114-D-2019', 1)":null},"('Firmantes', 'BLOQUE')":{"('0114-D-2019', 0)":"UNIDAD JUSTICIALISTA","('0114-D-2019', 1)":null},"('Giros', 'COMISI\u00d3N')":{"('0114-D-2019', 0)":"ACCION SOCIAL Y SALUD PUBLICA","('0114-D-2019', 1)":"PRESUPUESTO Y HACIENDA"},"Sumario":{"('0114-D-2019', 0)":"ENVIO DE MUESTRAS AL BANCO NACIONAL PUBLICO DE CELULAS PROGENITORAS HEMATOPOYETICAS, QUE FUNCIONA EN EL HOSPITAL GARRAHAN; DEFINICIONES: CELULAS MADRE PLURIPOTENCIALES; AUTORIDAD DE APLICACION: MINISTERIO DE SALUD; FUNCIONES; CONSENTIMIENTO DE PADRES DONANTES; INVITACION A ADHERIR.","('0114-D-2019', 1)":null},"Palabra Clave":{"('0114-D-2019', 0)":" ","('0114-D-2019', 1)":null}}