{"Tipo de Proyecto":{"('0115-D-2019', 0)":"PROYECTO DE LEY","('0115-D-2019', 1)":null,"('0115-D-2019', 2)":null},"Iniciado en: ":{"('0115-D-2019', 0)":"Diputados","('0115-D-2019', 1)":null,"('0115-D-2019', 2)":null},"Expediente Diputados: ":{"('0115-D-2019', 0)":"0115-D-2019","('0115-D-2019', 1)":null,"('0115-D-2019', 2)":null},"Publicado en: ":{"('0115-D-2019', 0)":"Tr\u00e1mite Parlamentario N\u00b0 1","('0115-D-2019', 1)":null,"('0115-D-2019', 2)":null},"Fecha: ":{"('0115-D-2019', 0)":"06\/03\/2019","('0115-D-2019', 1)":null,"('0115-D-2019', 2)":null},"T\u00edtulo":{"('0115-D-2019', 0)":"PENSIONES A CAMPEONES Y SUBCAMPEONES DE MUNDIALES DEPORTIVOS: REGIMEN. (REPRODUCCION DEL EXPEDIENTE 0079-D-15) (REPRODUCCION DEL EXPEDIENTE 0203-D-17).","('0115-D-2019', 1)":null,"('0115-D-2019', 2)":null},"('Firmantes', 'FIRMANTE')":{"('0115-D-2019', 0)":"BIANCHI, IVANA MARIA","('0115-D-2019', 1)":null,"('0115-D-2019', 2)":null},"('Firmantes', 'DISTRITO')":{"('0115-D-2019', 0)":"SAN LUIS","('0115-D-2019', 1)":null,"('0115-D-2019', 2)":null},"('Firmantes', 'BLOQUE')":{"('0115-D-2019', 0)":"UNIDAD JUSTICIALISTA","('0115-D-2019', 1)":null,"('0115-D-2019', 2)":null},"('Giros', 'COMISI\u00d3N')":{"('0115-D-2019', 0)":"PREVISION Y SEGURIDAD SOCIAL","('0115-D-2019', 1)":"DEPORTES","('0115-D-2019', 2)":"PRESUPUESTO Y HACIENDA"},"Sumario":{"('0115-D-2019', 0)":"REQUISITOS; PARTIDAS PRESUPUESTARIAS.","('0115-D-2019', 1)":null,"('0115-D-2019', 2)":null},"Palabra Clave":{"('0115-D-2019', 0)":" ","('0115-D-2019', 1)":null,"('0115-D-2019', 2)":null}}