{"Tipo de Proyecto":{"('0116-D-2019', 0)":"PROYECTO DE RESOLUCI\u00d3N"},"Iniciado en: ":{"('0116-D-2019', 0)":"Diputados"},"Expediente Diputados: ":{"('0116-D-2019', 0)":"0116-D-2019"},"Publicado en: ":{"('0116-D-2019', 0)":"Tr\u00e1mite Parlamentario N\u00b0 1"},"Fecha: ":{"('0116-D-2019', 0)":"06\/03\/2019"},"T\u00edtulo":{"('0116-D-2019', 0)":"SOLICITAR AL PODER EJECUTIVO DISPONGA ASISTIR DE MANERA INMEDIATA Y NO CONDICIONADA AL PAGO PREVIO, A QUIENES PRODUCTO DE UN INFORTUNIO DEBEN TRAMITAR LOS DENOMINADOS \u201cPASAPORTES PROVISORIOS\u201d ANTE LOS CONSULADOS ARGENTINOS."},"('Firmantes', 'FIRMANTE')":{"('0116-D-2019', 0)":"LOPEZ, JUAN MANUEL"},"('Firmantes', 'DISTRITO')":{"('0116-D-2019', 0)":"CIUDAD de BUENOS AIRES"},"('Firmantes', 'BLOQUE')":{"('0116-D-2019', 0)":"COALICION CIVICA"},"('Giros', 'COMISI\u00d3N')":{"('0116-D-2019', 0)":"RELACIONES EXTERIORES Y CULTO"},"('Tramites', 'C\u00c1MARA')":{"('0116-D-2019', 0)":"Diputados"},"('Tramites', 'MOVIMIENTO')":{"('0116-D-2019', 0)":"SOLICITUD DE REPRODUCCION DEL PROYECTO PARA EL PERIODO 138 (2020), SEGUN LOS TERMINOS DEL ARTICULO 7 DE LA RESOLUCION DE LA HCD DEL 05\/06\/1996"},"('Tramites', 'FECHA')":{"('0116-D-2019', 0)":null},"('Tramites', 'RESULTADO')":{"('0116-D-2019', 0)":null},"Link":{"('0116-D-2019', 0)":"https:\/\/www.hcdn.gob.ar\/proyectos\/textoCompleto.jsp?exp=0116-D-2019&tipo=RESOLUCION"},"Palabra Clave":{"('0116-D-2019', 0)":" "}}