{"Tipo de Proyecto":{"('0116-PE-2019', 0)":"MENSAJE NRO: 0091\/19","('0116-PE-2019', 1)":null},"Iniciado en: ":{"('0116-PE-2019', 0)":"Senado","('0116-PE-2019', 1)":null},"Expediente Senado: ":{"('0116-PE-2019', 0)":"0116-PE-2019","('0116-PE-2019', 1)":null},"Publicado en: ":{"('0116-PE-2019', 0)":"DAE S.A. N\u00b0 8","('0116-PE-2019', 1)":null},"Fecha: ":{"('0116-PE-2019', 0)":"07\/05\/2019","('0116-PE-2019', 1)":null},"T\u00edtulo":{"('0116-PE-2019', 0)":"SOLICITA ACUERDO PARA DESIGNAR JUEZ DE CAMARA DEL TRIBUNAL ORAL EN LO CRIMINAL FEDERAL DE JUJUY, PROVINCIA DE JUJUY, AL DR. FEDERICO ANIBAL ZURUETA.","('0116-PE-2019', 1)":null},"('Firmantes', 'FIRMANTE')":{"('0116-PE-2019', 0)":"MACRI, MAURICIO","('0116-PE-2019', 1)":"GARAVANO, GERMAN CARLOS"},"('Firmantes', 'DISTRITO')":{"('0116-PE-2019', 0)":null,"('0116-PE-2019', 1)":null},"('Firmantes', 'BLOQUE')":{"('0116-PE-2019', 0)":"PODER EJECUTIVO","('0116-PE-2019', 1)":"PODER EJECUTIVO"},"('Tramites', 'C\u00c1MARA')":{"('0116-PE-2019', 0)":"Senado","('0116-PE-2019', 1)":"Senado"},"('Tramites', 'MOVIMIENTO')":{"('0116-PE-2019', 0)":"SOLICITUD DE RETIRO DEL ACUERDO (MENSAJE 19\/20)","('0116-PE-2019', 1)":"CONSIDERACION Y APROBACION DEL RETIRO"},"('Tramites', 'FECHA')":{"('0116-PE-2019', 0)":null,"('0116-PE-2019', 1)":"20\/02\/2020"},"('Tramites', 'RESULTADO')":{"('0116-PE-2019', 0)":null,"('0116-PE-2019', 1)":"RETIRADO"},"Palabra Clave":{"('0116-PE-2019', 0)":" ","('0116-PE-2019', 1)":null}}