{"Tipo de Proyecto":{"('0116-S-2019', 0)":"PROYECTO DE LEY"},"Iniciado en: ":{"('0116-S-2019', 0)":"Senado"},"Expediente Senado: ":{"('0116-S-2019', 0)":"0116-S-2019"},"Publicado en: ":{"('0116-S-2019', 0)":"Diario de Asuntos Entrados N\u00b0 6"},"Fecha: ":{"('0116-S-2019', 0)":"06\/03\/2019"},"T\u00edtulo":{"('0116-S-2019', 0)":"DECLARAR MONUMENTO HISTORICO NACIONAL LA IGLESIA CATEDRAL NUESTRA SE\u00d1ORA DEL CARMEN, UBICADA EN LA LOCALIDAD DE GENERAL ROCA, PROVINCIA DE RIO NEGRO (REPRODUCCION DEL EXPEDIENTE 0407-S-17)."},"('Firmantes', 'FIRMANTE')":{"('0116-S-2019', 0)":"ODARDA, MARIA MAGDALENA"},"('Firmantes', 'DISTRITO')":{"('0116-S-2019', 0)":"RIO NEGRO"},"('Firmantes', 'BLOQUE')":{"('0116-S-2019', 0)":"RIO - FRENTE PROGRESISTA"},"Link":{"('0116-S-2019', 0)":"http:\/\/www.senado.gov.ar\/parlamentario\/comisiones\/verExp\/116.19\/S\/PL"},"Palabra Clave":{"('0116-S-2019', 0)":" "}}