{"Tipo de Proyecto":{"('0117-S-2019', 0)":"PROYECTO DE LEY"},"Iniciado en: ":{"('0117-S-2019', 0)":"Senado"},"Expediente Senado: ":{"('0117-S-2019', 0)":"0117-S-2019"},"Publicado en: ":{"('0117-S-2019', 0)":"Diario de Asuntos Entrados N\u00b0 6"},"Fecha: ":{"('0117-S-2019', 0)":"06\/03\/2019"},"T\u00edtulo":{"('0117-S-2019', 0)":"DECLARAR MONUMENTO HISTORICO NACIONAL A LA \"ANTIGUA AGUATERIA MUNICIPAL\", UBICADA EN LA LOCALIDAD DE SAN ANTONIO OESTE, PROVINCIA DE RIO NEGRO (REPRODUCCION DEL EXPEDIENTE 0406-S-17)."},"('Firmantes', 'FIRMANTE')":{"('0117-S-2019', 0)":"ODARDA, MARIA MAGDALENA"},"('Firmantes', 'DISTRITO')":{"('0117-S-2019', 0)":"RIO NEGRO"},"('Firmantes', 'BLOQUE')":{"('0117-S-2019', 0)":"RIO - FRENTE PROGRESISTA"},"Link":{"('0117-S-2019', 0)":"http:\/\/www.senado.gov.ar\/parlamentario\/comisiones\/verExp\/117.19\/S\/PL"},"Palabra Clave":{"('0117-S-2019', 0)":" "}}