{"Tipo de Proyecto":{"('0117-PE-2019', 0)":"MENSAJE NRO: 0092\/19","('0117-PE-2019', 1)":null},"Iniciado en: ":{"('0117-PE-2019', 0)":"Senado","('0117-PE-2019', 1)":null},"Expediente Senado: ":{"('0117-PE-2019', 0)":"0117-PE-2019","('0117-PE-2019', 1)":null},"Publicado en: ":{"('0117-PE-2019', 0)":"DAE S.A. N\u00b0 9","('0117-PE-2019', 1)":null},"Fecha: ":{"('0117-PE-2019', 0)":"13\/05\/2019","('0117-PE-2019', 1)":null},"T\u00edtulo":{"('0117-PE-2019', 0)":"SOLICITA ACUERDO PARA DESIGNAR DEFENSORA PUBLICA DE VICTIMA CON ASIENTO EN LA PROVINCIA DE CATAMARCA, A LA DRA. MARIANA BEATRIZ VERA.","('0117-PE-2019', 1)":null},"('Firmantes', 'FIRMANTE')":{"('0117-PE-2019', 0)":"MACRI, MAURICIO","('0117-PE-2019', 1)":"GARAVANO, GERMAN CARLOS"},"('Firmantes', 'DISTRITO')":{"('0117-PE-2019', 0)":null,"('0117-PE-2019', 1)":null},"('Firmantes', 'BLOQUE')":{"('0117-PE-2019', 0)":"PODER EJECUTIVO","('0117-PE-2019', 1)":"PODER EJECUTIVO"},"('Tramites', 'C\u00c1MARA')":{"('0117-PE-2019', 0)":"Senado","('0117-PE-2019', 1)":"Senado"},"('Tramites', 'MOVIMIENTO')":{"('0117-PE-2019', 0)":"SOLICITUD DE RETIRO DEL ACUERDO (MENSAJE 19\/20)","('0117-PE-2019', 1)":"CONSIDERACION Y APROBACION DEL RETIRO"},"('Tramites', 'FECHA')":{"('0117-PE-2019', 0)":null,"('0117-PE-2019', 1)":"20\/02\/2020"},"('Tramites', 'RESULTADO')":{"('0117-PE-2019', 0)":null,"('0117-PE-2019', 1)":"RETIRADO"},"Palabra Clave":{"('0117-PE-2019', 0)":" ","('0117-PE-2019', 1)":null}}