{"Tipo de Proyecto":{"('0119-PE-2019', 0)":"MENSAJE NRO: 0094\/19","('0119-PE-2019', 1)":null},"Iniciado en: ":{"('0119-PE-2019', 0)":"Senado","('0119-PE-2019', 1)":null},"Expediente Senado: ":{"('0119-PE-2019', 0)":"0119-PE-2019","('0119-PE-2019', 1)":null},"Publicado en: ":{"('0119-PE-2019', 0)":"DAE S.A. N\u00b0 9","('0119-PE-2019', 1)":null},"Fecha: ":{"('0119-PE-2019', 0)":"13\/03\/2019","('0119-PE-2019', 1)":null},"T\u00edtulo":{"('0119-PE-2019', 0)":"SOLICITA ACUERDO PARA DESIGNAR DEFENSOR PUBLICO DE VICTIMA CON ASIENTO EN LA PROVINCIA DE MENDOZA, AL DR. RAMIRO DILLON VILLAMAYOR.","('0119-PE-2019', 1)":null},"('Firmantes', 'FIRMANTE')":{"('0119-PE-2019', 0)":"MACRI, MAURICIO","('0119-PE-2019', 1)":"GARAVANO, GERMAN CARLOS"},"('Firmantes', 'DISTRITO')":{"('0119-PE-2019', 0)":null,"('0119-PE-2019', 1)":null},"('Firmantes', 'BLOQUE')":{"('0119-PE-2019', 0)":"PODER EJECUTIVO","('0119-PE-2019', 1)":"PODER EJECUTIVO"},"('Tramites', 'C\u00c1MARA')":{"('0119-PE-2019', 0)":"Senado","('0119-PE-2019', 1)":"Senado"},"('Tramites', 'MOVIMIENTO')":{"('0119-PE-2019', 0)":"SOLICITUD DE RETIRO DEL ACUERDO (MENSAJE 19\/20)","('0119-PE-2019', 1)":"CONSIDERACION Y APROBACION DEL RETIRO"},"('Tramites', 'FECHA')":{"('0119-PE-2019', 0)":null,"('0119-PE-2019', 1)":"20\/02\/2020"},"('Tramites', 'RESULTADO')":{"('0119-PE-2019', 0)":null,"('0119-PE-2019', 1)":"RETIRADO"},"Palabra Clave":{"('0119-PE-2019', 0)":" ","('0119-PE-2019', 1)":null}}