{"Tipo de Proyecto":{"('0119-S-2019', 0)":"PROYECTO DE LEY"},"Iniciado en: ":{"('0119-S-2019', 0)":"Senado"},"Expediente Senado: ":{"('0119-S-2019', 0)":"0119-S-2019"},"Publicado en: ":{"('0119-S-2019', 0)":"Diario de Asuntos Entrados N\u00b0 6"},"Fecha: ":{"('0119-S-2019', 0)":"06\/03\/2019"},"T\u00edtulo":{"('0119-S-2019', 0)":"ADHERIR AL DIA MUNDIAL DE LOS DEFECTOS CONGENITOS, A CELEBRARSE EL 3 DE MARZO DE CADA A\u00d1O.\n (REPRODUCCION DEL EXPEDIENTE 0346-S-17)."},"('Firmantes', 'FIRMANTE')":{"('0119-S-2019', 0)":"ODARDA, MARIA MAGDALENA"},"('Firmantes', 'DISTRITO')":{"('0119-S-2019', 0)":"RIO NEGRO"},"('Firmantes', 'BLOQUE')":{"('0119-S-2019', 0)":"RIO - FRENTE PROGRESISTA"},"Link":{"('0119-S-2019', 0)":"http:\/\/www.senado.gov.ar\/parlamentario\/comisiones\/verExp\/119.19\/S\/PL"},"Palabra Clave":{"('0119-S-2019', 0)":" "}}