{"Tipo de Proyecto":{"('0120-S-2019', 0)":"PROYECTO DE LEY"},"Iniciado en: ":{"('0120-S-2019', 0)":"Senado"},"Expediente Senado: ":{"('0120-S-2019', 0)":"0120-S-2019"},"Publicado en: ":{"('0120-S-2019', 0)":"Diario de Asuntos Entrados N\u00b0 6"},"Fecha: ":{"('0120-S-2019', 0)":"06\/03\/2019"},"T\u00edtulo":{"('0120-S-2019', 0)":"DECLARAR MONUMENTO NATURAL, EN LOS TERMINOS DE LA LEY 22351, A LA RANA DE VALCHETA (SOMUNCURIA SOMUNCURENSIS) ( (REPRODUCCION DEL EXPEDIENTE 0345-S-17)"},"('Firmantes', 'FIRMANTE')":{"('0120-S-2019', 0)":"ODARDA, MARIA MAGDALENA"},"('Firmantes', 'DISTRITO')":{"('0120-S-2019', 0)":"RIO NEGRO"},"('Firmantes', 'BLOQUE')":{"('0120-S-2019', 0)":"RIO - FRENTE PROGRESISTA"},"Sumario":{"('0120-S-2019', 0)":"PROHIBICION DE SU CAZA, COMERCIO INTERPROVINCIAL Y EXPORTACION"},"Palabra Clave":{"('0120-S-2019', 0)":" "}}