{"Tipo de Proyecto":{"('0121-D-2019', 0)":"PROYECTO DE RESOLUCI\u00d3N","('0121-D-2019', 1)":null},"Iniciado en: ":{"('0121-D-2019', 0)":"Diputados","('0121-D-2019', 1)":null},"Expediente Diputados: ":{"('0121-D-2019', 0)":"0121-D-2019","('0121-D-2019', 1)":null},"Publicado en: ":{"('0121-D-2019', 0)":"Tr\u00e1mite Parlamentario N\u00b0 1","('0121-D-2019', 1)":null},"Fecha: ":{"('0121-D-2019', 0)":"06\/03\/2019","('0121-D-2019', 1)":null},"T\u00edtulo":{"('0121-D-2019', 0)":"PEDIDO DE INFORMES VERBALES AL SE\u00d1OR MINISTRO DE EDUCACION, CULTURA, CIENCIA Y TECNOLOGIA, DOCTOR ALEJANDRO OSCAR FINOCCHIARO, SOBRE DIVERSOS AJUSTES EN EL PRESUPUESTO DEL MINISTERIO A SU CARGO.","('0121-D-2019', 1)":null},"('Firmantes', 'FIRMANTE')":{"('0121-D-2019', 0)":"ARROYO, DANIEL FERNANDO","('0121-D-2019', 1)":null},"('Firmantes', 'DISTRITO')":{"('0121-D-2019', 0)":"BUENOS AIRES","('0121-D-2019', 1)":null},"('Firmantes', 'BLOQUE')":{"('0121-D-2019', 0)":"RED POR ARGENTINA","('0121-D-2019', 1)":null},"('Giros', 'COMISI\u00d3N')":{"('0121-D-2019', 0)":"ASUNTOS CONSTITUCIONALES","('0121-D-2019', 1)":"EDUCACION"},"Link":{"('0121-D-2019', 0)":"https:\/\/www.hcdn.gob.ar\/proyectos\/textoCompleto.jsp?exp=0121-D-2019&tipo=RESOLUCION","('0121-D-2019', 1)":null},"Palabra Clave":{"('0121-D-2019', 0)":" ","('0121-D-2019', 1)":null}}