{"Tipo de Proyecto":{"('0123-S-2019', 0)":"PROYECTO DE LEY"},"Iniciado en: ":{"('0123-S-2019', 0)":"Senado"},"Expediente Senado: ":{"('0123-S-2019', 0)":"0123-S-2019"},"Publicado en: ":{"('0123-S-2019', 0)":"Diario de Asuntos Entrados N\u00b0 7"},"Fecha: ":{"('0123-S-2019', 0)":"06\/03\/2019"},"T\u00edtulo":{"('0123-S-2019', 0)":"DECLARAR MONUMENTO NATURAL, EN LOS TERMINOS DE LA LEY 22351, AL TATU CARRETA (PRIODONTES MAXIMUS).  (REPRODUCCION DEL EXPEDIENTE 0342-S-17)."},"('Firmantes', 'FIRMANTE')":{"('0123-S-2019', 0)":"ODARDA, MARIA MAGDALENA"},"('Firmantes', 'DISTRITO')":{"('0123-S-2019', 0)":"RIO NEGRO"},"('Firmantes', 'BLOQUE')":{"('0123-S-2019', 0)":"RIO - FRENTE PROGRESISTA"},"Link":{"('0123-S-2019', 0)":"http:\/\/www.senado.gov.ar\/parlamentario\/comisiones\/verExp\/123.19\/S\/PL"},"Palabra Clave":{"('0123-S-2019', 0)":" "}}