{"Tipo de Proyecto":{"('0123-D-2019', 0)":"PROYECTO DE RESOLUCI\u00d3N"},"Iniciado en: ":{"('0123-D-2019', 0)":"Diputados"},"Expediente Diputados: ":{"('0123-D-2019', 0)":"0123-D-2019"},"Publicado en: ":{"('0123-D-2019', 0)":"Tr\u00e1mite Parlamentario N\u00b0 1"},"Fecha: ":{"('0123-D-2019', 0)":"06\/03\/2019"},"T\u00edtulo":{"('0123-D-2019', 0)":"SOLICITAR AL PODER EJECUTIVO DISPONGA LAS OBRAS NECESARIAS PARA LA TRANSITABILIDAD DE LOS CAMINOS DE ACCESO, EGRESO Y EVACUACION DE LA LOCALIDAD DE LIMA, PARTIDO DE ZARATE, PROVINCIA DE BUENOS AIRES."},"('Firmantes', 'FIRMANTE')":{"('0123-D-2019', 0)":"BAHILLO, JUAN JOSE"},"('Firmantes', 'DISTRITO')":{"('0123-D-2019', 0)":"ENTRE RIOS"},"('Firmantes', 'BLOQUE')":{"('0123-D-2019', 0)":"JUSTICIALISTA"},"('Giros', 'COMISI\u00d3N')":{"('0123-D-2019', 0)":"TRANSPORTES"},"Link":{"('0123-D-2019', 0)":"https:\/\/www.hcdn.gob.ar\/proyectos\/textoCompleto.jsp?exp=0123-D-2019&tipo=RESOLUCION"},"Palabra Clave":{"('0123-D-2019', 0)":" "}}