{"Tipo de Proyecto":{"('0125-D-2019', 0)":"PROYECTO DE RESOLUCI\u00d3N"},"Iniciado en: ":{"('0125-D-2019', 0)":"Diputados"},"Expediente Diputados: ":{"('0125-D-2019', 0)":"0125-D-2019"},"Publicado en: ":{"('0125-D-2019', 0)":"Tr\u00e1mite Parlamentario N\u00b0 1"},"Fecha: ":{"('0125-D-2019', 0)":"06\/03\/2019"},"T\u00edtulo":{"('0125-D-2019', 0)":"PEDIDO DE INFORMES AL PODER EJECUTIVO SOBRE DIVERSAS CUESTIONES RELACIONADAS CON EL \"PROGRAMA DE RESPALDO A ESTUDIANTES ARGENTINOS - PROGRESAR -\"."},"('Firmantes', 'FIRMANTE')":{"('0125-D-2019', 0)":"BAHILLO, JUAN JOSE"},"('Firmantes', 'DISTRITO')":{"('0125-D-2019', 0)":"ENTRE RIOS"},"('Firmantes', 'BLOQUE')":{"('0125-D-2019', 0)":"JUSTICIALISTA"},"('Giros', 'COMISI\u00d3N')":{"('0125-D-2019', 0)":"EDUCACION"},"Link":{"('0125-D-2019', 0)":"https:\/\/www.hcdn.gob.ar\/proyectos\/textoCompleto.jsp?exp=0125-D-2019&tipo=RESOLUCION"},"Palabra Clave":{"('0125-D-2019', 0)":" "}}