{"Tipo de Proyecto":{"('0125-PE-2019', 0)":"MENSAJE NRO: 0095\/19","('0125-PE-2019', 1)":null},"Iniciado en: ":{"('0125-PE-2019', 0)":"Senado","('0125-PE-2019', 1)":null},"Expediente Senado: ":{"('0125-PE-2019', 0)":"0125-PE-2019","('0125-PE-2019', 1)":null},"Publicado en: ":{"('0125-PE-2019', 0)":"DAE S.A. N\u00b0 10","('0125-PE-2019', 1)":null},"Fecha: ":{"('0125-PE-2019', 0)":"15\/05\/2019","('0125-PE-2019', 1)":null},"T\u00edtulo":{"('0125-PE-2019', 0)":"SOLICITA ACUERDO PARA DESIGNAR JUEZ DEL JUZGADO NACIONAL DE PRIMERA INSTANCIA EN LO CIVIL Y COMERCIAL FEDERAL N\u00b0 11 DE LA CAPITAL FEDERAL, AL DR. CLAUDIO MATIAS POSDELEY.","('0125-PE-2019', 1)":null},"('Firmantes', 'FIRMANTE')":{"('0125-PE-2019', 0)":"MACRI, MAURICIO","('0125-PE-2019', 1)":"GARAVANO, GERMAN CARLOS"},"('Firmantes', 'DISTRITO')":{"('0125-PE-2019', 0)":null,"('0125-PE-2019', 1)":null},"('Firmantes', 'BLOQUE')":{"('0125-PE-2019', 0)":"PODER EJECUTIVO","('0125-PE-2019', 1)":"PODER EJECUTIVO"},"('Tramites', 'C\u00c1MARA')":{"('0125-PE-2019', 0)":"Senado","('0125-PE-2019', 1)":"Senado"},"('Tramites', 'MOVIMIENTO')":{"('0125-PE-2019', 0)":"SOLICITUD DE RETIRO DEL ACUERDO (MENSAJE 19\/20)","('0125-PE-2019', 1)":"CONSIDERACION Y APROBACION DEL RETIRO"},"('Tramites', 'FECHA')":{"('0125-PE-2019', 0)":null,"('0125-PE-2019', 1)":"20\/02\/2020"},"('Tramites', 'RESULTADO')":{"('0125-PE-2019', 0)":null,"('0125-PE-2019', 1)":"RETIRADO"},"Palabra Clave":{"('0125-PE-2019', 0)":" ","('0125-PE-2019', 1)":null}}