{"Tipo de Proyecto":{"('0128-D-2019', 0)":"PROYECTO DE LEY","('0128-D-2019', 1)":null,"('0128-D-2019', 2)":null,"('0128-D-2019', 3)":null,"('0128-D-2019', 4)":null,"('0128-D-2019', 5)":null,"('0128-D-2019', 6)":null,"('0128-D-2019', 7)":null,"('0128-D-2019', 8)":null,"('0128-D-2019', 9)":null,"('0128-D-2019', 10)":null,"('0128-D-2019', 11)":null,"('0128-D-2019', 12)":null,"('0128-D-2019', 13)":null},"Iniciado en: ":{"('0128-D-2019', 0)":"Diputados","('0128-D-2019', 1)":null,"('0128-D-2019', 2)":null,"('0128-D-2019', 3)":null,"('0128-D-2019', 4)":null,"('0128-D-2019', 5)":null,"('0128-D-2019', 6)":null,"('0128-D-2019', 7)":null,"('0128-D-2019', 8)":null,"('0128-D-2019', 9)":null,"('0128-D-2019', 10)":null,"('0128-D-2019', 11)":null,"('0128-D-2019', 12)":null,"('0128-D-2019', 13)":null},"Expediente Diputados: ":{"('0128-D-2019', 0)":"0128-D-2019","('0128-D-2019', 1)":null,"('0128-D-2019', 2)":null,"('0128-D-2019', 3)":null,"('0128-D-2019', 4)":null,"('0128-D-2019', 5)":null,"('0128-D-2019', 6)":null,"('0128-D-2019', 7)":null,"('0128-D-2019', 8)":null,"('0128-D-2019', 9)":null,"('0128-D-2019', 10)":null,"('0128-D-2019', 11)":null,"('0128-D-2019', 12)":null,"('0128-D-2019', 13)":null},"Publicado en: ":{"('0128-D-2019', 0)":"Tr\u00e1mite Parlamentario N\u00b0 1","('0128-D-2019', 1)":null,"('0128-D-2019', 2)":null,"('0128-D-2019', 3)":null,"('0128-D-2019', 4)":null,"('0128-D-2019', 5)":null,"('0128-D-2019', 6)":null,"('0128-D-2019', 7)":null,"('0128-D-2019', 8)":null,"('0128-D-2019', 9)":null,"('0128-D-2019', 10)":null,"('0128-D-2019', 11)":null,"('0128-D-2019', 12)":null,"('0128-D-2019', 13)":null},"Fecha: ":{"('0128-D-2019', 0)":"06\/03\/2019","('0128-D-2019', 1)":null,"('0128-D-2019', 2)":null,"('0128-D-2019', 3)":null,"('0128-D-2019', 4)":null,"('0128-D-2019', 5)":null,"('0128-D-2019', 6)":null,"('0128-D-2019', 7)":null,"('0128-D-2019', 8)":null,"('0128-D-2019', 9)":null,"('0128-D-2019', 10)":null,"('0128-D-2019', 11)":null,"('0128-D-2019', 12)":null,"('0128-D-2019', 13)":null},"T\u00edtulo":{"('0128-D-2019', 0)":"PROTECCION INFORMATIVA PARA ADULTOS MAYORES EN TRAMITES PUBLICOS Y RELACIONES DE CONSUMO.","('0128-D-2019', 1)":null,"('0128-D-2019', 2)":null,"('0128-D-2019', 3)":null,"('0128-D-2019', 4)":null,"('0128-D-2019', 5)":null,"('0128-D-2019', 6)":null,"('0128-D-2019', 7)":null,"('0128-D-2019', 8)":null,"('0128-D-2019', 9)":null,"('0128-D-2019', 10)":null,"('0128-D-2019', 11)":null,"('0128-D-2019', 12)":null,"('0128-D-2019', 13)":null},"('Firmantes', 'FIRMANTE')":{"('0128-D-2019', 0)":"ESPINOZA, FERNANDO","('0128-D-2019', 1)":"CASTAGNETO, CARLOS DANIEL","('0128-D-2019', 2)":"CERRUTI, GABRIELA","('0128-D-2019', 3)":"PEREZ, MARTIN ALEJANDRO","('0128-D-2019', 4)":"ROSSI, AGUSTIN OSCAR","('0128-D-2019', 5)":"GUERIN, MARIA ISABEL","('0128-D-2019', 6)":"VOLNOVICH, LUANA","('0128-D-2019', 7)":"CARMONA, GUILLERMO RAMON","('0128-D-2019', 8)":"LEAVY, SERGIO NAPOLEON","('0128-D-2019', 9)":"GRANA, ADRIAN EDUARDO","('0128-D-2019', 10)":"DE PEDRO, EDUARDO ENRIQUE","('0128-D-2019', 11)":"MERCADO, VERONICA","('0128-D-2019', 12)":"RAVERTA, MARIA FERNANDA","('0128-D-2019', 13)":"MENDOZA, MAYRA SOLEDAD"},"('Firmantes', 'DISTRITO')":{"('0128-D-2019', 0)":"BUENOS AIRES","('0128-D-2019', 1)":"BUENOS AIRES","('0128-D-2019', 2)":"CIUDAD de BUENOS AIRES","('0128-D-2019', 3)":"TIERRA DEL FUEGO","('0128-D-2019', 4)":"SANTA FE","('0128-D-2019', 5)":"BUENOS AIRES","('0128-D-2019', 6)":"BUENOS AIRES","('0128-D-2019', 7)":"MENDOZA","('0128-D-2019', 8)":"SALTA","('0128-D-2019', 9)":"BUENOS AIRES","('0128-D-2019', 10)":"BUENOS AIRES","('0128-D-2019', 11)":"CATAMARCA","('0128-D-2019', 12)":"BUENOS AIRES","('0128-D-2019', 13)":"BUENOS AIRES"},"('Firmantes', 'BLOQUE')":{"('0128-D-2019', 0)":"FRENTE PARA LA VICTORIA - PJ","('0128-D-2019', 1)":"FRENTE PARA LA VICTORIA - PJ","('0128-D-2019', 2)":"FRENTE PARA LA VICTORIA - PJ","('0128-D-2019', 3)":"FRENTE PARA LA VICTORIA - PJ","('0128-D-2019', 4)":"FRENTE PARA LA VICTORIA - PJ","('0128-D-2019', 5)":"FRENTE PARA LA VICTORIA - PJ","('0128-D-2019', 6)":"FRENTE PARA LA VICTORIA - PJ","('0128-D-2019', 7)":"FRENTE PARA LA VICTORIA - PJ","('0128-D-2019', 8)":"FRENTE PARA LA VICTORIA - PJ","('0128-D-2019', 9)":"FRENTE PARA LA VICTORIA - PJ","('0128-D-2019', 10)":"FRENTE PARA LA VICTORIA - PJ","('0128-D-2019', 11)":"FRENTE PARA LA VICTORIA - PJ","('0128-D-2019', 12)":"FRENTE PARA LA VICTORIA - PJ","('0128-D-2019', 13)":"FRENTE PARA LA VICTORIA - PJ"},"('Giros', 'COMISI\u00d3N')":{"('0128-D-2019', 0)":"DE LAS PERSONAS MAYORES","('0128-D-2019', 1)":"LEGISLACION GENERAL","('0128-D-2019', 2)":null,"('0128-D-2019', 3)":null,"('0128-D-2019', 4)":null,"('0128-D-2019', 5)":null,"('0128-D-2019', 6)":null,"('0128-D-2019', 7)":null,"('0128-D-2019', 8)":null,"('0128-D-2019', 9)":null,"('0128-D-2019', 10)":null,"('0128-D-2019', 11)":null,"('0128-D-2019', 12)":null,"('0128-D-2019', 13)":null},"Sumario":{"('0128-D-2019', 0)":"ATENCION ESPECIAL: OFICINAS DE ATENCION AL PUBLICO DE LA ADMINISTRACION PUBLICA NACIONAL, PROVINCIAL, MUNICIPALES Y DE LA CIUDAD AUTONOMA DE BUENOS AIRES, PODERES JUDICIALES NACIONALES Y NACIONALES, TRIBUNALES DE FALTAS, DEPENDENCIAS DE LOS PODERES LEGISLATIVOS NACIONALES, PROVINCIALES Y MUNICIPALES Y DE LA CIUDAD AUTONOMA DE BUENOS AIRES; EXTENSION A LA ACTIVIDAD COMERCIAL, FINANCIERA Y DE SERVICIOS: BANCOS Y ENTIDADES FINANCIERAS,  MUTUALES, COOPERATIVAS, EMPRESAS DE SERVICIOS PUBLICOS, ENTES DE CONTROL, SUPERMERCADOS MINORISTAS Y MAYORISTAS, EMPRESAS DE SERVICIOS DE COMUNICACION, DE TURISMO, DE TRANSPORTES DE PASAJEROS, ADMINISTRACIONES DE CONSORCIOS, Y EN GENERAL TODAS AQUELLAS PERSONAS PERSONAS COMPRENDIDAS COMO PROVEEDORES EN LA LEY 24240, DE DEFENSA DEL CONSUMIDOR; INTEGRACION DE LOS SECTORES DE ATENCION ESPECIAL: PERSONAL CAPACITADO Y EN NUMERO SUFICIENTE; EXCEPCIONES A LA COMUNICACION ELECTRONICA; EFECTOS PARTICULARES; SANCIONES.","('0128-D-2019', 1)":null,"('0128-D-2019', 2)":null,"('0128-D-2019', 3)":null,"('0128-D-2019', 4)":null,"('0128-D-2019', 5)":null,"('0128-D-2019', 6)":null,"('0128-D-2019', 7)":null,"('0128-D-2019', 8)":null,"('0128-D-2019', 9)":null,"('0128-D-2019', 10)":null,"('0128-D-2019', 11)":null,"('0128-D-2019', 12)":null,"('0128-D-2019', 13)":null},"Palabra Clave":{"('0128-D-2019', 0)":" ","('0128-D-2019', 1)":null,"('0128-D-2019', 2)":null,"('0128-D-2019', 3)":null,"('0128-D-2019', 4)":null,"('0128-D-2019', 5)":null,"('0128-D-2019', 6)":null,"('0128-D-2019', 7)":null,"('0128-D-2019', 8)":null,"('0128-D-2019', 9)":null,"('0128-D-2019', 10)":null,"('0128-D-2019', 11)":null,"('0128-D-2019', 12)":null,"('0128-D-2019', 13)":null}}