{"Tipo de Proyecto":{"('0129-D-2019', 0)":"PROYECTO DE DECLARACI\u00d3N","('0129-D-2019', 1)":null,"('0129-D-2019', 2)":null,"('0129-D-2019', 3)":null,"('0129-D-2019', 4)":null,"('0129-D-2019', 5)":null,"('0129-D-2019', 6)":null},"Iniciado en: ":{"('0129-D-2019', 0)":"Diputados","('0129-D-2019', 1)":null,"('0129-D-2019', 2)":null,"('0129-D-2019', 3)":null,"('0129-D-2019', 4)":null,"('0129-D-2019', 5)":null,"('0129-D-2019', 6)":null},"Expediente Diputados: ":{"('0129-D-2019', 0)":"0129-D-2019","('0129-D-2019', 1)":null,"('0129-D-2019', 2)":null,"('0129-D-2019', 3)":null,"('0129-D-2019', 4)":null,"('0129-D-2019', 5)":null,"('0129-D-2019', 6)":null},"Publicado en: ":{"('0129-D-2019', 0)":"Tr\u00e1mite Parlamentario N\u00b0 1","('0129-D-2019', 1)":null,"('0129-D-2019', 2)":null,"('0129-D-2019', 3)":null,"('0129-D-2019', 4)":null,"('0129-D-2019', 5)":null,"('0129-D-2019', 6)":null},"Fecha: ":{"('0129-D-2019', 0)":"06\/03\/2019","('0129-D-2019', 1)":null,"('0129-D-2019', 2)":null,"('0129-D-2019', 3)":null,"('0129-D-2019', 4)":null,"('0129-D-2019', 5)":null,"('0129-D-2019', 6)":null},"T\u00edtulo":{"('0129-D-2019', 0)":"EXPRESAR PREOCUPACION POR EL DICTADO DE LA RESOLUCION 60\/2019, DEL MINISTERIO DE PRODUCCION Y TRABAJO, QUE CREO UN \"CONSEJO ASESOR DEL TRABAJO\", Y OTRAS CUESTIONES CONEXAS. ","('0129-D-2019', 1)":null,"('0129-D-2019', 2)":null,"('0129-D-2019', 3)":null,"('0129-D-2019', 4)":null,"('0129-D-2019', 5)":null,"('0129-D-2019', 6)":null},"('Firmantes', 'FIRMANTE')":{"('0129-D-2019', 0)":"CORREA, WALTER","('0129-D-2019', 1)":"CARRO, PABLO","('0129-D-2019', 2)":"GRANA, ADRIAN EDUARDO","('0129-D-2019', 3)":"FURLAN, FRANCISCO ABEL","('0129-D-2019', 4)":"ALONSO, LAURA V.","('0129-D-2019', 5)":"SILEY, VANESA","('0129-D-2019', 6)":"SORIA, MARIA EMILIA"},"('Firmantes', 'DISTRITO')":{"('0129-D-2019', 0)":"BUENOS AIRES","('0129-D-2019', 1)":"CORDOBA","('0129-D-2019', 2)":"BUENOS AIRES","('0129-D-2019', 3)":"BUENOS AIRES","('0129-D-2019', 4)":"BUENOS AIRES","('0129-D-2019', 5)":"BUENOS AIRES","('0129-D-2019', 6)":"RIO NEGRO"},"('Firmantes', 'BLOQUE')":{"('0129-D-2019', 0)":"FRENTE PARA LA VICTORIA - PJ","('0129-D-2019', 1)":"FRENTE PARA LA VICTORIA - PJ","('0129-D-2019', 2)":"FRENTE PARA LA VICTORIA - PJ","('0129-D-2019', 3)":"FRENTE PARA LA VICTORIA - PJ","('0129-D-2019', 4)":"FRENTE PARA LA VICTORIA - PJ","('0129-D-2019', 5)":"FRENTE PARA LA VICTORIA - PJ","('0129-D-2019', 6)":"FRENTE PARA LA VICTORIA - PJ"},"('Giros', 'COMISI\u00d3N')":{"('0129-D-2019', 0)":"LEGISLACION DEL TRABAJO","('0129-D-2019', 1)":null,"('0129-D-2019', 2)":null,"('0129-D-2019', 3)":null,"('0129-D-2019', 4)":null,"('0129-D-2019', 5)":null,"('0129-D-2019', 6)":null},"('Tramites', 'C\u00c1MARA')":{"('0129-D-2019', 0)":"Diputados","('0129-D-2019', 1)":null,"('0129-D-2019', 2)":null,"('0129-D-2019', 3)":null,"('0129-D-2019', 4)":null,"('0129-D-2019', 5)":null,"('0129-D-2019', 6)":null},"('Tramites', 'MOVIMIENTO')":{"('0129-D-2019', 0)":"SOLICITUD DE REPRODUCCION DEL PROYECTO PARA EL PERIODO 138 (2020), SEGUN LOS TERMINOS DEL ARTICULO 7 DE LA RESOLUCION DE LA HCD DEL 05\/06\/1996","('0129-D-2019', 1)":null,"('0129-D-2019', 2)":null,"('0129-D-2019', 3)":null,"('0129-D-2019', 4)":null,"('0129-D-2019', 5)":null,"('0129-D-2019', 6)":null},"('Tramites', 'FECHA')":{"('0129-D-2019', 0)":null,"('0129-D-2019', 1)":null,"('0129-D-2019', 2)":null,"('0129-D-2019', 3)":null,"('0129-D-2019', 4)":null,"('0129-D-2019', 5)":null,"('0129-D-2019', 6)":null},"('Tramites', 'RESULTADO')":{"('0129-D-2019', 0)":null,"('0129-D-2019', 1)":null,"('0129-D-2019', 2)":null,"('0129-D-2019', 3)":null,"('0129-D-2019', 4)":null,"('0129-D-2019', 5)":null,"('0129-D-2019', 6)":null},"Link":{"('0129-D-2019', 0)":"https:\/\/www.hcdn.gob.ar\/proyectos\/textoCompleto.jsp?exp=0129-D-2019&tipo=DECLARACION","('0129-D-2019', 1)":null,"('0129-D-2019', 2)":null,"('0129-D-2019', 3)":null,"('0129-D-2019', 4)":null,"('0129-D-2019', 5)":null,"('0129-D-2019', 6)":null},"Palabra Clave":{"('0129-D-2019', 0)":" ","('0129-D-2019', 1)":null,"('0129-D-2019', 2)":null,"('0129-D-2019', 3)":null,"('0129-D-2019', 4)":null,"('0129-D-2019', 5)":null,"('0129-D-2019', 6)":null}}