{"Tipo de Proyecto":{"('0131-D-2019', 0)":"PROYECTO DE RESOLUCI\u00d3N"},"Iniciado en: ":{"('0131-D-2019', 0)":"Diputados"},"Expediente Diputados: ":{"('0131-D-2019', 0)":"0131-D-2019"},"Publicado en: ":{"('0131-D-2019', 0)":"Tr\u00e1mite Parlamentario N\u00b0 1"},"Fecha: ":{"('0131-D-2019', 0)":"06\/03\/2019"},"T\u00edtulo":{"('0131-D-2019', 0)":"DECLARAR DE INTERES DE LA H. CAMARA LA 33 FIESTA NACIONAL DEL PACU, A REALIZARSE DEL 1 AL 4 DE MARZO DE 2019, EN LA CIUDAD DE ESQUINA , PROVINCIA DE CORRIENTES."},"('Firmantes', 'FIRMANTE')":{"('0131-D-2019', 0)":"BRAMBILLA, SOFIA"},"('Firmantes', 'DISTRITO')":{"('0131-D-2019', 0)":"CORRIENTES"},"('Firmantes', 'BLOQUE')":{"('0131-D-2019', 0)":"PRO"},"('Giros', 'COMISI\u00d3N')":{"('0131-D-2019', 0)":"TURISMO"},"('Tramites', 'C\u00c1MARA')":{"('0131-D-2019', 0)":"Diputados"},"('Tramites', 'MOVIMIENTO')":{"('0131-D-2019', 0)":"APROBACION ARTICULO 114 DEL REGLAMENTO DE LA H CAMARA DE DIPUTADOS; COMUNICADO EL 23\/05\/2019"},"('Tramites', 'FECHA')":{"('0131-D-2019', 0)":null},"('Tramites', 'RESULTADO')":{"('0131-D-2019', 0)":"APROBADO"},"Link":{"('0131-D-2019', 0)":"https:\/\/www.hcdn.gob.ar\/proyectos\/textoCompleto.jsp?exp=0131-D-2019&tipo=RESOLUCION"},"Palabra Clave":{"('0131-D-2019', 0)":" "}}