{"Tipo de Proyecto":{"('0133-PE-2019', 0)":"MENSAJE NRO: 0100\/19","('0133-PE-2019', 1)":null},"Iniciado en: ":{"('0133-PE-2019', 0)":"Senado","('0133-PE-2019', 1)":null},"Expediente Senado: ":{"('0133-PE-2019', 0)":"0133-PE-2019","('0133-PE-2019', 1)":null},"Publicado en: ":{"('0133-PE-2019', 0)":"DAE S.A. N\u00b0 11","('0133-PE-2019', 1)":null},"Fecha: ":{"('0133-PE-2019', 0)":"21\/05\/2019","('0133-PE-2019', 1)":null},"T\u00edtulo":{"('0133-PE-2019', 0)":"SOLICITAR ACUERDO PARA POSIBILITAR EL TRASLADO DEL JUEZ, DEL JUZGADO FEDERAL DE PRIMERA INSTANCIA DE PASO DE LOS LIBRES PROVINCIA DE CORRIENTES, AL JUZGADO FEDERAL DE PRIMERA INSTANCIA N\u00ba1 DE CORRIENTES PROVINCIA DE CORRIENTES, DOCTOR GUSTAVO DEL CORAZON DE JESUS FRESNEDA.","('0133-PE-2019', 1)":null},"('Firmantes', 'FIRMANTE')":{"('0133-PE-2019', 0)":"MACRI, MAURICIO","('0133-PE-2019', 1)":"GARAVANO, GERMAN CARLOS"},"('Firmantes', 'DISTRITO')":{"('0133-PE-2019', 0)":null,"('0133-PE-2019', 1)":null},"('Firmantes', 'BLOQUE')":{"('0133-PE-2019', 0)":"PODER EJECUTIVO","('0133-PE-2019', 1)":"PODER EJECUTIVO"},"('Tramites', 'C\u00c1MARA')":{"('0133-PE-2019', 0)":"Senado","('0133-PE-2019', 1)":"Senado"},"('Tramites', 'MOVIMIENTO')":{"('0133-PE-2019', 0)":"SOLICITUD DE RETIRO DEL ACUERDO (MENSAJE 19\/20)","('0133-PE-2019', 1)":"CONSIDERACION Y APROBACION DEL RETIRO"},"('Tramites', 'FECHA')":{"('0133-PE-2019', 0)":null,"('0133-PE-2019', 1)":"20\/02\/2020"},"('Tramites', 'RESULTADO')":{"('0133-PE-2019', 0)":null,"('0133-PE-2019', 1)":"RETIRADO"},"Palabra Clave":{"('0133-PE-2019', 0)":" ","('0133-PE-2019', 1)":null}}