{"Tipo de Proyecto":{"('0133-D-2019', 0)":"PROYECTO DE RESOLUCI\u00d3N"},"Iniciado en: ":{"('0133-D-2019', 0)":"Diputados"},"Expediente Diputados: ":{"('0133-D-2019', 0)":"0133-D-2019"},"Publicado en: ":{"('0133-D-2019', 0)":"Tr\u00e1mite Parlamentario N\u00b0 1"},"Fecha: ":{"('0133-D-2019', 0)":"06\/03\/2019"},"T\u00edtulo":{"('0133-D-2019', 0)":"DECLARAR DE INTERES DE LA H. CAMARA EL \" V ENCUENTRO ARGENTINO - PARAGUAYO DE OFTALMOLOGIA \" , A REALIZARSE EL 5 Y 6 DE ABRIL DE 2019, EN LA CIUDAD CAPITAL DE LA PROVINCIA DE CORRIENTES."},"('Firmantes', 'FIRMANTE')":{"('0133-D-2019', 0)":"PERTILE, ELDA"},"('Firmantes', 'DISTRITO')":{"('0133-D-2019', 0)":"CHACO"},"('Firmantes', 'BLOQUE')":{"('0133-D-2019', 0)":"JUSTICIALISTA"},"('Giros', 'COMISI\u00d3N')":{"('0133-D-2019', 0)":"ACCION SOCIAL Y SALUD PUBLICA"},"Link":{"('0133-D-2019', 0)":"https:\/\/www.hcdn.gob.ar\/proyectos\/textoCompleto.jsp?exp=0133-D-2019&tipo=RESOLUCION"},"Palabra Clave":{"('0133-D-2019', 0)":" "}}