{"Tipo de Proyecto":{"('0134-D-2019', 0)":"PROYECTO DE RESOLUCI\u00d3N"},"Iniciado en: ":{"('0134-D-2019', 0)":"Diputados"},"Expediente Diputados: ":{"('0134-D-2019', 0)":"0134-D-2019"},"Publicado en: ":{"('0134-D-2019', 0)":"Tr\u00e1mite Parlamentario N\u00b0 1"},"Fecha: ":{"('0134-D-2019', 0)":"06\/03\/2019"},"T\u00edtulo":{"('0134-D-2019', 0)":"EXPRESAR PREOCUPACION POR LA ACTUALIZACION DE LA APLICACION WHATSAPP, DEBIDO A LA INCORPORACION DE LAS BANDERAS DE LAS ISLAS MALVINAS EN SU VERSION BRITANICA."},"('Firmantes', 'FIRMANTE')":{"('0134-D-2019', 0)":"CAMA\u00d1O, GRACIELA"},"('Firmantes', 'DISTRITO')":{"('0134-D-2019', 0)":"BUENOS AIRES"},"('Firmantes', 'BLOQUE')":{"('0134-D-2019', 0)":"FEDERAL UNIDOS POR UNA NUEVA ARGENTINA"},"('Giros', 'COMISI\u00d3N')":{"('0134-D-2019', 0)":"RELACIONES EXTERIORES Y CULTO"},"Link":{"('0134-D-2019', 0)":"https:\/\/www.hcdn.gob.ar\/proyectos\/textoCompleto.jsp?exp=0134-D-2019&tipo=RESOLUCION"},"Palabra Clave":{"('0134-D-2019', 0)":" "}}