{"Tipo de Proyecto":{"('0134-PE-2019', 0)":"MENSAJE NRO: 0101\/19","('0134-PE-2019', 1)":null},"Iniciado en: ":{"('0134-PE-2019', 0)":"Senado","('0134-PE-2019', 1)":null},"Expediente Senado: ":{"('0134-PE-2019', 0)":"0134-PE-2019","('0134-PE-2019', 1)":null},"Publicado en: ":{"('0134-PE-2019', 0)":"DAE S.A. N\u00b0 11","('0134-PE-2019', 1)":null},"Fecha: ":{"('0134-PE-2019', 0)":"21\/05\/2019","('0134-PE-2019', 1)":null},"T\u00edtulo":{"('0134-PE-2019', 0)":"SOLICITAR ACUERDO PARA DESIGNAR CONJUECES DE LA CAMARA FEDERAL DE APELACIONES DE POSADAS A LOS DOCTORES CARLOS MARIA ARANDA MARTINEZ, FABIAN GUSTAVO CARDOZO, NIEVES MARIA CARDOZO Y LUIS ANDRES VILLANUEVA. ","('0134-PE-2019', 1)":null},"('Firmantes', 'FIRMANTE')":{"('0134-PE-2019', 0)":"MACRI, MAURICIO","('0134-PE-2019', 1)":"GARAVANO, GERMAN CARLOS"},"('Firmantes', 'DISTRITO')":{"('0134-PE-2019', 0)":null,"('0134-PE-2019', 1)":null},"('Firmantes', 'BLOQUE')":{"('0134-PE-2019', 0)":"PODER EJECUTIVO","('0134-PE-2019', 1)":"PODER EJECUTIVO"},"('Tramites', 'C\u00c1MARA')":{"('0134-PE-2019', 0)":"Senado","('0134-PE-2019', 1)":"Senado"},"('Tramites', 'MOVIMIENTO')":{"('0134-PE-2019', 0)":"SOLICITUD DE RETIRO DEL ACUERDO (MENSAJE 19\/20)","('0134-PE-2019', 1)":"CONSIDERACION Y APROBACION DEL RETIRO"},"('Tramites', 'FECHA')":{"('0134-PE-2019', 0)":null,"('0134-PE-2019', 1)":"20\/02\/2020"},"('Tramites', 'RESULTADO')":{"('0134-PE-2019', 0)":null,"('0134-PE-2019', 1)":"RETIRADO"},"Palabra Clave":{"('0134-PE-2019', 0)":" ","('0134-PE-2019', 1)":null}}