{"Tipo de Proyecto":{"('0135-D-2019', 0)":"PROYECTO DE RESOLUCI\u00d3N"},"Iniciado en: ":{"('0135-D-2019', 0)":"Diputados"},"Expediente Diputados: ":{"('0135-D-2019', 0)":"0135-D-2019"},"Publicado en: ":{"('0135-D-2019', 0)":"Tr\u00e1mite Parlamentario N\u00b0 1"},"Fecha: ":{"('0135-D-2019', 0)":"06\/03\/2019"},"T\u00edtulo":{"('0135-D-2019', 0)":"PEDIDO DE INFORMES AL PODER EJECUTIVO SOBRE LOS YACIMIENTOS MINEROS AGUA RICA Y CERRO ATAJO, EN LA LOCALIDAD DE ANDALGALA, PROVINCIA DE CATAMARCA."},"('Firmantes', 'FIRMANTE')":{"('0135-D-2019', 0)":"CAMA\u00d1O, GRACIELA"},"('Firmantes', 'DISTRITO')":{"('0135-D-2019', 0)":"BUENOS AIRES"},"('Firmantes', 'BLOQUE')":{"('0135-D-2019', 0)":"FEDERAL UNIDOS POR UNA NUEVA ARGENTINA"},"('Giros', 'COMISI\u00d3N')":{"('0135-D-2019', 0)":"MINERIA"},"Link":{"('0135-D-2019', 0)":"https:\/\/www.hcdn.gob.ar\/proyectos\/textoCompleto.jsp?exp=0135-D-2019&tipo=RESOLUCION"},"Palabra Clave":{"('0135-D-2019', 0)":" "}}