{"Tipo de Proyecto":{"('0136-S-2019', 0)":"PROYECTO DE LEY"},"Iniciado en: ":{"('0136-S-2019', 0)":"Senado"},"Expediente Senado: ":{"('0136-S-2019', 0)":"0136-S-2019"},"Publicado en: ":{"('0136-S-2019', 0)":"Diario de Asuntos Entrados N\u00b0 0"},"Fecha: ":{"('0136-S-2019', 0)":"20\/03\/2019"},"T\u00edtulo":{"('0136-S-2019', 0)":"DECLARAR \"RESERVA NACIONAL\" A LAS LAGUNAS CARRILAUFQUEN CHICA Y CARRILAUFQUEN GRANDE, UBICADAS EN LAS CERCANIAS DE LA CIUDAD DE INGENIERO JACOBACCI, PROVINCIA DE RIO NEGRO (REPRODUCCION DEL EXPEDIENTE 0291-S-17)."},"('Firmantes', 'FIRMANTE')":{"('0136-S-2019', 0)":"ODARDA, MARIA MAGDALENA"},"('Firmantes', 'DISTRITO')":{"('0136-S-2019', 0)":"RIO NEGRO"},"('Firmantes', 'BLOQUE')":{"('0136-S-2019', 0)":"RIO - FRENTE PROGRESISTA"},"Link":{"('0136-S-2019', 0)":"http:\/\/www.senado.gov.ar\/parlamentario\/comisiones\/verExp\/136.19\/S\/PL"},"Palabra Clave":{"('0136-S-2019', 0)":" "}}