{"Tipo de Proyecto":{"('0137-S-2019', 0)":"PROYECTO DE LEY"},"Iniciado en: ":{"('0137-S-2019', 0)":"Senado"},"Expediente Senado: ":{"('0137-S-2019', 0)":"0137-S-2019"},"Publicado en: ":{"('0137-S-2019', 0)":"Diario de Asuntos Entrados N\u00b0 7"},"Fecha: ":{"('0137-S-2019', 0)":"06\/03\/2019"},"T\u00edtulo":{"('0137-S-2019', 0)":"DECLARAR MONUMENTO NATURAL A LA COLONIA DE CRIA DE LOROS BARRANQUEROS (CYANOLISEUS PATAGONUS) LOCALIZADA EN LA PROVINCIA DE RIO NEGRO. (REPRODUCCION DEL EXPEDIENTE 0290-S-17)."},"('Firmantes', 'FIRMANTE')":{"('0137-S-2019', 0)":"ODARDA, MARIA MAGDALENA"},"('Firmantes', 'DISTRITO')":{"('0137-S-2019', 0)":"RIO NEGRO"},"('Firmantes', 'BLOQUE')":{"('0137-S-2019', 0)":"RIO - FRENTE PROGRESISTA"},"Sumario":{"('0137-S-2019', 0)":"CREACION DE LA RESERVA NATURAL ESTRICTA: COLONIA DE LOROS BARRANQUEROS DE EL CONDOR."},"Palabra Clave":{"('0137-S-2019', 0)":" "}}