{"Tipo de Proyecto":{"('0137-D-2019', 0)":"PROYECTO DE DECLARACI\u00d3N"},"Iniciado en: ":{"('0137-D-2019', 0)":"Diputados"},"Expediente Diputados: ":{"('0137-D-2019', 0)":"0137-D-2019"},"Publicado en: ":{"('0137-D-2019', 0)":"Tr\u00e1mite Parlamentario N\u00b0 1"},"Fecha: ":{"('0137-D-2019', 0)":"06\/03\/2019"},"T\u00edtulo":{"('0137-D-2019', 0)":"EXPRESAR PREOCUPACION POR EL ESTADO DE LA ATENCION PRIMARIA DE LA SALUD, LA PREVENCION Y CONTROL DE TODAS LAS FORMAS DE TRANSMISION DE LA ENFERMEDAD DE CHAGAS"},"('Firmantes', 'FIRMANTE')":{"('0137-D-2019', 0)":"CAMA\u00d1O, GRACIELA"},"('Firmantes', 'DISTRITO')":{"('0137-D-2019', 0)":"BUENOS AIRES"},"('Firmantes', 'BLOQUE')":{"('0137-D-2019', 0)":"FEDERAL UNIDOS POR UNA NUEVA ARGENTINA"},"('Giros', 'COMISI\u00d3N')":{"('0137-D-2019', 0)":"ACCION SOCIAL Y SALUD PUBLICA"},"Link":{"('0137-D-2019', 0)":"https:\/\/www.hcdn.gob.ar\/proyectos\/textoCompleto.jsp?exp=0137-D-2019&tipo=DECLARACION"},"Palabra Clave":{"('0137-D-2019', 0)":" "}}