{"Tipo de Proyecto":{"('0139-S-2019', 0)":"PROYECTO DE DECLARACI\u00d3N"},"Iniciado en: ":{"('0139-S-2019', 0)":"Senado"},"Expediente Senado: ":{"('0139-S-2019', 0)":"0139-S-2019"},"Publicado en: ":{"('0139-S-2019', 0)":"Diario de Asuntos Entrados N\u00b0 7"},"Fecha: ":{"('0139-S-2019', 0)":"06\/03\/2019"},"T\u00edtulo":{"('0139-S-2019', 0)":"DECLARACION DE INTERES LA LABOR QUE LLEVA A CABO LA ORGANIZACION NO GUBERNAMENTAL, \"INSTITUTO DE CONSERVACION DE BALLENAS\" (REPRODUCCION DEL EXPEDIENTE 0194-S-17)."},"('Firmantes', 'FIRMANTE')":{"('0139-S-2019', 0)":"ODARDA, MARIA MAGDALENA"},"('Firmantes', 'DISTRITO')":{"('0139-S-2019', 0)":"RIO NEGRO"},"('Firmantes', 'BLOQUE')":{"('0139-S-2019', 0)":"RIO - FRENTE PROGRESISTA"},"Link":{"('0139-S-2019', 0)":"http:\/\/www.senado.gov.ar\/parlamentario\/comisiones\/verExp\/139.19\/S\/PD"},"Palabra Clave":{"('0139-S-2019', 0)":" "}}