{"Tipo de Proyecto":{"('0139-PE-2019', 0)":"MENSAJE NRO \/ A\u00d1O","('0139-PE-2019', 1)":null},"Iniciado en: ":{"('0139-PE-2019', 0)":"Senado","('0139-PE-2019', 1)":null},"Expediente Senado: ":{"('0139-PE-2019', 0)":"0139-PE-2019","('0139-PE-2019', 1)":null},"Publicado en: ":{"('0139-PE-2019', 0)":"DAE S.A. N\u00b0 11","('0139-PE-2019', 1)":null},"Fecha: ":{"('0139-PE-2019', 0)":"21\/05\/2019","('0139-PE-2019', 1)":null},"T\u00edtulo":{"('0139-PE-2019', 0)":"SOLICITAR ACUERDO PARA DESIGNAR DEFENSORA PUBLICA CURADORA DE LA DEFENSORIA GENERAL DE LA NACION, DEFENSORIA PUBLICA CURADURIA N\u00b0 1, A LA DOCTORA MERCEDES ROBBA.","('0139-PE-2019', 1)":null},"('Firmantes', 'FIRMANTE')":{"('0139-PE-2019', 0)":"MACRI, MAURICIO","('0139-PE-2019', 1)":"GARAVANO, GERMAN CARLOS"},"('Firmantes', 'DISTRITO')":{"('0139-PE-2019', 0)":null,"('0139-PE-2019', 1)":null},"('Firmantes', 'BLOQUE')":{"('0139-PE-2019', 0)":"PODER EJECUTIVO","('0139-PE-2019', 1)":"PODER EJECUTIVO"},"('Tramites', 'C\u00c1MARA')":{"('0139-PE-2019', 0)":"Senado","('0139-PE-2019', 1)":"Senado"},"('Tramites', 'MOVIMIENTO')":{"('0139-PE-2019', 0)":"SOLICITUD DE RETIRO DEL ACUERDO (MENSAJE 19\/20)","('0139-PE-2019', 1)":"CONSIDERACION Y APROBACION DEL RETIRO"},"('Tramites', 'FECHA')":{"('0139-PE-2019', 0)":null,"('0139-PE-2019', 1)":"20\/02\/2020"},"('Tramites', 'RESULTADO')":{"('0139-PE-2019', 0)":null,"('0139-PE-2019', 1)":"RETIRADO"},"Palabra Clave":{"('0139-PE-2019', 0)":" ","('0139-PE-2019', 1)":null}}