{"Tipo de Proyecto":{"('0140-D-2019', 0)":"PROYECTO DE RESOLUCI\u00d3N"},"Iniciado en: ":{"('0140-D-2019', 0)":"Diputados"},"Expediente Diputados: ":{"('0140-D-2019', 0)":"0140-D-2019"},"Publicado en: ":{"('0140-D-2019', 0)":"Tr\u00e1mite Parlamentario N\u00b0 1"},"Fecha: ":{"('0140-D-2019', 0)":"06\/03\/2019"},"T\u00edtulo":{"('0140-D-2019', 0)":"PEDIDO DE INFORMES AL PODER EJECUTIVO SOBRE LA PARTICIPACION DEL SECRETARIO DE MODERNIZACION, SE\u00d1OR EDUARDO MARTELLI, EN OPERACIONES FINANCIERAS ENTRE LOS A\u00d1OS 2010 Y 2016, Y OTRAS CUESTIONES CONEXAS."},"('Firmantes', 'FIRMANTE')":{"('0140-D-2019', 0)":"CAMA\u00d1O, GRACIELA"},"('Firmantes', 'DISTRITO')":{"('0140-D-2019', 0)":"BUENOS AIRES"},"('Firmantes', 'BLOQUE')":{"('0140-D-2019', 0)":"FEDERAL UNIDOS POR UNA NUEVA ARGENTINA"},"('Giros', 'COMISI\u00d3N')":{"('0140-D-2019', 0)":"FINANZAS"},"Link":{"('0140-D-2019', 0)":"https:\/\/www.hcdn.gob.ar\/proyectos\/textoCompleto.jsp?exp=0140-D-2019&tipo=RESOLUCION"},"Palabra Clave":{"('0140-D-2019', 0)":" "}}