{"Tipo de Proyecto":{"('0140-S-2019', 0)":"PROYECTO DE DECLARACI\u00d3N"},"Iniciado en: ":{"('0140-S-2019', 0)":"Senado"},"Expediente Senado: ":{"('0140-S-2019', 0)":"0140-S-2019"},"Publicado en: ":{"('0140-S-2019', 0)":"Diario de Asuntos Entrados N\u00b0 7"},"Fecha: ":{"('0140-S-2019', 0)":"06\/03\/2019"},"T\u00edtulo":{"('0140-S-2019', 0)":"DECLARACION DE INTERES LA LABOR REALIZADA POR EL CENTRO DE FORMACION PROFESIONAL \"EX ALUMNOS DE DON BOSCO\", DE GENERAL ROCA, PROVINCIA DE RIO NEGRO (REPRODUCCION DEL EXPEDIENTE 0060-S-17)."},"('Firmantes', 'FIRMANTE')":{"('0140-S-2019', 0)":"ODARDA, MARIA MAGDALENA"},"('Firmantes', 'DISTRITO')":{"('0140-S-2019', 0)":"RIO NEGRO"},"('Firmantes', 'BLOQUE')":{"('0140-S-2019', 0)":"RIO - FRENTE PROGRESISTA"},"Link":{"('0140-S-2019', 0)":"http:\/\/www.senado.gov.ar\/parlamentario\/comisiones\/verExp\/140.19\/S\/PD"},"Palabra Clave":{"('0140-S-2019', 0)":" "}}