{"Tipo de Proyecto":{"('0142-D-2019', 0)":"PROYECTO DE RESOLUCI\u00d3N"},"Iniciado en: ":{"('0142-D-2019', 0)":"Diputados"},"Expediente Diputados: ":{"('0142-D-2019', 0)":"0142-D-2019"},"Publicado en: ":{"('0142-D-2019', 0)":"Tr\u00e1mite Parlamentario N\u00b0 1"},"Fecha: ":{"('0142-D-2019', 0)":"06\/03\/2019"},"T\u00edtulo":{"('0142-D-2019', 0)":"EXPRESAR PREOCUPACION POR LA SITUACION  DEL HOSPITAL POSADAS DE LA PROVINCIA DE BUENOS AIRES. "},"('Firmantes', 'FIRMANTE')":{"('0142-D-2019', 0)":"CAMA\u00d1O, GRACIELA"},"('Firmantes', 'DISTRITO')":{"('0142-D-2019', 0)":"BUENOS AIRES"},"('Firmantes', 'BLOQUE')":{"('0142-D-2019', 0)":"FEDERAL UNIDOS POR UNA NUEVA ARGENTINA"},"('Giros', 'COMISI\u00d3N')":{"('0142-D-2019', 0)":"ACCION SOCIAL Y SALUD PUBLICA"},"Link":{"('0142-D-2019', 0)":"https:\/\/www.hcdn.gob.ar\/proyectos\/textoCompleto.jsp?exp=0142-D-2019&tipo=RESOLUCION"},"Palabra Clave":{"('0142-D-2019', 0)":" "}}