{"Tipo de Proyecto":{"('0142-S-2019', 0)":"PROYECTO DE LEY"},"Iniciado en: ":{"('0142-S-2019', 0)":"Senado"},"Expediente Senado: ":{"('0142-S-2019', 0)":"0142-S-2019"},"Publicado en: ":{"('0142-S-2019', 0)":"Diario de Asuntos Entrados N\u00b0 8"},"Fecha: ":{"('0142-S-2019', 0)":"06\/03\/2019"},"T\u00edtulo":{"('0142-S-2019', 0)":"REGIMEN JUBILATORIO ESPECIAL PARA EL TRABAJADOR OCUPADO EN TAREAS DE EMPAQUE DE FRUTAS (REPRODUCCION DEL EXPEDIENTE 0021-S-17)."},"('Firmantes', 'FIRMANTE')":{"('0142-S-2019', 0)":"ODARDA, MARIA MAGDALENA"},"('Firmantes', 'DISTRITO')":{"('0142-S-2019', 0)":"RIO NEGRO"},"('Firmantes', 'BLOQUE')":{"('0142-S-2019', 0)":"RIO - FRENTE PROGRESISTA"},"Link":{"('0142-S-2019', 0)":"http:\/\/www.senado.gov.ar\/parlamentario\/comisiones\/verExp\/142.19\/S\/PL"},"Palabra Clave":{"('0142-S-2019', 0)":" "}}