{"Tipo de Proyecto":{"('0143-PE-2019', 0)":"MENSAJE NRO: 0108\/19","('0143-PE-2019', 1)":null},"Iniciado en: ":{"('0143-PE-2019', 0)":"Senado","('0143-PE-2019', 1)":null},"Expediente Senado: ":{"('0143-PE-2019', 0)":"0143-PE-2019","('0143-PE-2019', 1)":null},"Publicado en: ":{"('0143-PE-2019', 0)":"DAE S.A. N\u00b0 12","('0143-PE-2019', 1)":null},"Fecha: ":{"('0143-PE-2019', 0)":"30\/05\/2019","('0143-PE-2019', 1)":null},"T\u00edtulo":{"('0143-PE-2019', 0)":"SOLICITA ACUERDO PARA DESIGNAR JUEZA DE CAMARA DEL TRIBUNAL ORAL DE MENORES N\u00ba 2 DE LA CAPITAL FEDERAL, A LA DRA. ALEJANDRA QUINTEIRO.","('0143-PE-2019', 1)":null},"('Firmantes', 'FIRMANTE')":{"('0143-PE-2019', 0)":"MACRI, MAURICIO","('0143-PE-2019', 1)":"GARAVANO, GERMAN CARLOS"},"('Firmantes', 'DISTRITO')":{"('0143-PE-2019', 0)":null,"('0143-PE-2019', 1)":null},"('Firmantes', 'BLOQUE')":{"('0143-PE-2019', 0)":"PODER EJECUTIVO","('0143-PE-2019', 1)":"PODER EJECUTIVO"},"('Tramites', 'C\u00c1MARA')":{"('0143-PE-2019', 0)":"Senado","('0143-PE-2019', 1)":"Senado"},"('Tramites', 'MOVIMIENTO')":{"('0143-PE-2019', 0)":"SOLICITUD DE RETIRO DEL ACUERDO (MENSAJE 19\/20)","('0143-PE-2019', 1)":"CONSIDERACION Y APROBACION DEL RETIRO"},"('Tramites', 'FECHA')":{"('0143-PE-2019', 0)":null,"('0143-PE-2019', 1)":"20\/02\/2020"},"('Tramites', 'RESULTADO')":{"('0143-PE-2019', 0)":null,"('0143-PE-2019', 1)":"RETIRADO"},"Palabra Clave":{"('0143-PE-2019', 0)":" ","('0143-PE-2019', 1)":null}}