{"Tipo de Proyecto":{"('0143-S-2019', 0)":"PROYECTO DE LEY"},"Iniciado en: ":{"('0143-S-2019', 0)":"Senado"},"Expediente Senado: ":{"('0143-S-2019', 0)":"0143-S-2019"},"Publicado en: ":{"('0143-S-2019', 0)":"Diario de Asuntos Entrados N\u00b0 8"},"Fecha: ":{"('0143-S-2019', 0)":"06\/03\/2019"},"T\u00edtulo":{"('0143-S-2019', 0)":"CREACION DEL SANTUARIO DE MAMIFEROS MARINOS (REPRODUCCION DEL EXPEDIENTE 0020-S-17)."},"('Firmantes', 'FIRMANTE')":{"('0143-S-2019', 0)":"ODARDA, MARIA MAGDALENA"},"('Firmantes', 'DISTRITO')":{"('0143-S-2019', 0)":"RIO NEGRO"},"('Firmantes', 'BLOQUE')":{"('0143-S-2019', 0)":"RIO - FRENTE PROGRESISTA"},"Sumario":{"('0143-S-2019', 0)":"OBJETO; AMBITO DE APLICACION; PROHIBICIONES; INFRACCIONES."},"Palabra Clave":{"('0143-S-2019', 0)":" "}}