{"Tipo de Proyecto":{"('0147-S-2019', 0)":"PROYECTO DE LEY"},"Iniciado en: ":{"('0147-S-2019', 0)":"Senado"},"Expediente Senado: ":{"('0147-S-2019', 0)":"0147-S-2019"},"Publicado en: ":{"('0147-S-2019', 0)":"Diario de Asuntos Entrados N\u00b0 8"},"Fecha: ":{"('0147-S-2019', 0)":"06\/03\/2019"},"T\u00edtulo":{"('0147-S-2019', 0)":"MODIFICACION DE LA LEY 18829 - OPERADORES TURISTICOS -, RESPECTO DE UNIFICAR LA UNIDAD DE MEDIDA PARA LA ACTUALIZACION DE SANCIONES Y MULTAS."},"('Firmantes', 'FIRMANTE')":{"('0147-S-2019', 0)":"BASUALDO, ROBERTO GUSTAVO"},"('Firmantes', 'DISTRITO')":{"('0147-S-2019', 0)":"SAN JUAN"},"('Firmantes', 'BLOQUE')":{"('0147-S-2019', 0)":"PRODUCCION Y TRABAJO"},"Sumario":{"('0147-S-2019', 0)":"MODIFICACION DE LOS ARTICULOS 6 (LICENCIAS), 10 (INFRACTORES), 11 (MULTAS POR EJERCICIO DEL LAS ACTIVIDADES SIN LA CORRESPONDIENTE LICENCIA), 12 (MULTAS POR EL INCUMPLIMIENTO DE MODIFICACIONES EN LOS CONTRATOS SOCIALES), 13 (MULTAS POR OTORGAMIENTO DE LICENCIAS SIN PREVIA CONSTITUCION DE UN FONDO DE GARANTIA), 14 (MULTA POR NO RESPETAR LAS TARIFAS CONVENIDAS) Y 15 (ELEVACION DE LAS MULTAS)."},"Palabra Clave":{"('0147-S-2019', 0)":" "}}