{"Tipo de Proyecto":{"('0148-S-2019', 0)":"PROYECTO DE LEY"},"Iniciado en: ":{"('0148-S-2019', 0)":"Senado"},"Expediente Senado: ":{"('0148-S-2019', 0)":"0148-S-2019"},"Publicado en: ":{"('0148-S-2019', 0)":"Diario de Asuntos Entrados N\u00b0 8"},"Fecha: ":{"('0148-S-2019', 0)":"06\/03\/2019"},"T\u00edtulo":{"('0148-S-2019', 0)":"ESTABLECER QUE TODOS LOS ORGANISMOS PUBLICOS, EMPRESAS QUE PRESTEN SERVICIOS, BANCOS, TARJETAS DE CREDITO, DEBEN CONSULTAR A SUS CLIENTES ADULTOS MAYORES EL METODO DE FACTURACION QUE QUIEREN RECIBIR, PAPEL O DIGITAL."},"('Firmantes', 'FIRMANTE')":{"('0148-S-2019', 0)":"BASUALDO, ROBERTO GUSTAVO"},"('Firmantes', 'DISTRITO')":{"('0148-S-2019', 0)":"SAN JUAN"},"('Firmantes', 'BLOQUE')":{"('0148-S-2019', 0)":"PRODUCCION Y TRABAJO"},"Sumario":{"('0148-S-2019', 0)":"INVITACION A ADHERIR"},"Palabra Clave":{"('0148-S-2019', 0)":" "}}