{"Tipo de Proyecto":{"('0149-S-2019', 0)":"PROYECTO DE LEY"},"Iniciado en: ":{"('0149-S-2019', 0)":"Senado"},"Expediente Senado: ":{"('0149-S-2019', 0)":"0149-S-2019"},"Publicado en: ":{"('0149-S-2019', 0)":"Diario de Asuntos Entrados N\u00b0 8"},"Fecha: ":{"('0149-S-2019', 0)":"06\/03\/2019"},"T\u00edtulo":{"('0149-S-2019', 0)":"ESTABLECER QUE LOS PRINCIPALES BALNEARIOS DEL TERRITORIO NACIONAL, DEBERAN CONTAR CON RAMPAS DE ACCESO AL MAR PARA DISCAPACITADOS."},"('Firmantes', 'FIRMANTE')":{"('0149-S-2019', 0)":"BASUALDO, ROBERTO GUSTAVO"},"('Firmantes', 'DISTRITO')":{"('0149-S-2019', 0)":"SAN JUAN"},"('Firmantes', 'BLOQUE')":{"('0149-S-2019', 0)":"PRODUCCION Y TRABAJO"},"Sumario":{"('0149-S-2019', 0)":"INVITACION A ADHERIR"},"Palabra Clave":{"('0149-S-2019', 0)":" "}}