{"Tipo de Proyecto":{"('0149-D-2019', 0)":"PROYECTO DE RESOLUCI\u00d3N"},"Iniciado en: ":{"('0149-D-2019', 0)":"Diputados"},"Expediente Diputados: ":{"('0149-D-2019', 0)":"0149-D-2019"},"Publicado en: ":{"('0149-D-2019', 0)":"Tr\u00e1mite Parlamentario N\u00b0 0"},"Fecha: ":{"('0149-D-2019', 0)":"06\/03\/2019"},"T\u00edtulo":{"('0149-D-2019', 0)":"LA DIPUTADA NATHALIA GONZALEZ SELIGRA ELEVA SU RENUNCIA A PARTIR DEL DIA 10\/03\/2019."},"('Firmantes', 'FIRMANTE')":{"('0149-D-2019', 0)":"GONZALEZ SELIGRA, NATHALIA INES"},"('Firmantes', 'DISTRITO')":{"('0149-D-2019', 0)":"BUENOS AIRES"},"('Firmantes', 'BLOQUE')":{"('0149-D-2019', 0)":"PTS - FRENTE DE IZQUIERDA"},"('Giros', 'COMISI\u00d3N')":{"('0149-D-2019', 0)":"SOBRE TABLAS"},"('Tramites', 'C\u00c1MARA')":{"('0149-D-2019', 0)":"Diputados"},"('Tramites', 'MOVIMIENTO')":{"('0149-D-2019', 0)":"CONSIDERACION Y APROBACION"},"('Tramites', 'FECHA')":{"('0149-D-2019', 0)":"04\/04\/2019"},"('Tramites', 'RESULTADO')":{"('0149-D-2019', 0)":"APROBADO"},"Palabra Clave":{"('0149-D-2019', 0)":" "}}