{"Tipo de Proyecto":{"('0150-D-2019', 0)":"PROYECTO DE RESOLUCI\u00d3N","('0150-D-2019', 1)":null,"('0150-D-2019', 2)":null,"('0150-D-2019', 3)":null,"('0150-D-2019', 4)":null,"('0150-D-2019', 5)":null,"('0150-D-2019', 6)":null,"('0150-D-2019', 7)":null},"Iniciado en: ":{"('0150-D-2019', 0)":"Diputados","('0150-D-2019', 1)":null,"('0150-D-2019', 2)":null,"('0150-D-2019', 3)":null,"('0150-D-2019', 4)":null,"('0150-D-2019', 5)":null,"('0150-D-2019', 6)":null,"('0150-D-2019', 7)":null},"Expediente Diputados: ":{"('0150-D-2019', 0)":"0150-D-2019","('0150-D-2019', 1)":null,"('0150-D-2019', 2)":null,"('0150-D-2019', 3)":null,"('0150-D-2019', 4)":null,"('0150-D-2019', 5)":null,"('0150-D-2019', 6)":null,"('0150-D-2019', 7)":null},"Publicado en: ":{"('0150-D-2019', 0)":"Tr\u00e1mite Parlamentario N\u00b0 1","('0150-D-2019', 1)":null,"('0150-D-2019', 2)":null,"('0150-D-2019', 3)":null,"('0150-D-2019', 4)":null,"('0150-D-2019', 5)":null,"('0150-D-2019', 6)":null,"('0150-D-2019', 7)":null},"Fecha: ":{"('0150-D-2019', 0)":"06\/03\/2019","('0150-D-2019', 1)":null,"('0150-D-2019', 2)":null,"('0150-D-2019', 3)":null,"('0150-D-2019', 4)":null,"('0150-D-2019', 5)":null,"('0150-D-2019', 6)":null,"('0150-D-2019', 7)":null},"T\u00edtulo":{"('0150-D-2019', 0)":"DECLARAR DE INTERES DE LA HONORABLE CAMARA EL CONVENIO DE COLABORACION APROBADO ENTRE LA SECRETARIA NACIONAL DE NI\u00d1EZ, ADOLESCENCIA Y FAMILIA, Y LA FUNDACION VIDA EN FAMILIA, DENOMINADO \"ACOMPA\u00d1AMIENTO DE SITUACIONES DE EMBARAZO NO INTENCIONAL EN LA ADOLESCENCIA\".","('0150-D-2019', 1)":null,"('0150-D-2019', 2)":null,"('0150-D-2019', 3)":null,"('0150-D-2019', 4)":null,"('0150-D-2019', 5)":null,"('0150-D-2019', 6)":null,"('0150-D-2019', 7)":null},"('Firmantes', 'FIRMANTE')":{"('0150-D-2019', 0)":"SCHLERETH, DAVID PABLO","('0150-D-2019', 1)":"AMADEO, EDUARDO PABLO","('0150-D-2019', 2)":"REGIDOR BELLEDONE, ESTELA MERCEDES","('0150-D-2019', 3)":"SCHMIDT LIERMANN, CORNELIA","('0150-D-2019', 4)":"ENRIQUEZ, JORGE RICARDO","('0150-D-2019', 5)":"MOLINA, KARINA ALEJANDRA","('0150-D-2019', 6)":"SCAGLIA, GISELA","('0150-D-2019', 7)":"CAMPAGNOLI, MARCELA"},"('Firmantes', 'DISTRITO')":{"('0150-D-2019', 0)":"NEUQUEN","('0150-D-2019', 1)":"BUENOS AIRES","('0150-D-2019', 2)":"CORRIENTES","('0150-D-2019', 3)":"CIUDAD de BUENOS AIRES","('0150-D-2019', 4)":"CIUDAD de BUENOS AIRES","('0150-D-2019', 5)":"LA RIOJA","('0150-D-2019', 6)":"SANTA FE","('0150-D-2019', 7)":"BUENOS AIRES"},"('Firmantes', 'BLOQUE')":{"('0150-D-2019', 0)":"PRO","('0150-D-2019', 1)":"PRO","('0150-D-2019', 2)":"UCR","('0150-D-2019', 3)":"PRO","('0150-D-2019', 4)":"PRO","('0150-D-2019', 5)":"PRO","('0150-D-2019', 6)":"PRO","('0150-D-2019', 7)":"COALICION CIVICA"},"('Giros', 'COMISI\u00d3N')":{"('0150-D-2019', 0)":"FAMILIA, MUJER, NI\u00d1EZ Y ADOLESCENCIA","('0150-D-2019', 1)":null,"('0150-D-2019', 2)":null,"('0150-D-2019', 3)":null,"('0150-D-2019', 4)":null,"('0150-D-2019', 5)":null,"('0150-D-2019', 6)":null,"('0150-D-2019', 7)":null},"('Tramites', 'C\u00c1MARA')":{"('0150-D-2019', 0)":"Diputados","('0150-D-2019', 1)":null,"('0150-D-2019', 2)":null,"('0150-D-2019', 3)":null,"('0150-D-2019', 4)":null,"('0150-D-2019', 5)":null,"('0150-D-2019', 6)":null,"('0150-D-2019', 7)":null},"('Tramites', 'MOVIMIENTO')":{"('0150-D-2019', 0)":"SOLICITUD DE SER ADHERENTE DEL DIPUTADO MEDINA, MARTIN NICOLAS (A SUS ANTECEDENTES)","('0150-D-2019', 1)":null,"('0150-D-2019', 2)":null,"('0150-D-2019', 3)":null,"('0150-D-2019', 4)":null,"('0150-D-2019', 5)":null,"('0150-D-2019', 6)":null,"('0150-D-2019', 7)":null},"('Tramites', 'FECHA')":{"('0150-D-2019', 0)":null,"('0150-D-2019', 1)":null,"('0150-D-2019', 2)":null,"('0150-D-2019', 3)":null,"('0150-D-2019', 4)":null,"('0150-D-2019', 5)":null,"('0150-D-2019', 6)":null,"('0150-D-2019', 7)":null},"('Tramites', 'RESULTADO')":{"('0150-D-2019', 0)":null,"('0150-D-2019', 1)":null,"('0150-D-2019', 2)":null,"('0150-D-2019', 3)":null,"('0150-D-2019', 4)":null,"('0150-D-2019', 5)":null,"('0150-D-2019', 6)":null,"('0150-D-2019', 7)":null},"Link":{"('0150-D-2019', 0)":"https:\/\/www.hcdn.gob.ar\/proyectos\/textoCompleto.jsp?exp=0150-D-2019&tipo=RESOLUCION","('0150-D-2019', 1)":null,"('0150-D-2019', 2)":null,"('0150-D-2019', 3)":null,"('0150-D-2019', 4)":null,"('0150-D-2019', 5)":null,"('0150-D-2019', 6)":null,"('0150-D-2019', 7)":null},"Palabra Clave":{"('0150-D-2019', 0)":" ","('0150-D-2019', 1)":null,"('0150-D-2019', 2)":null,"('0150-D-2019', 3)":null,"('0150-D-2019', 4)":null,"('0150-D-2019', 5)":null,"('0150-D-2019', 6)":null,"('0150-D-2019', 7)":null}}