{"Tipo de Proyecto":{"('0150-S-2019', 0)":"PROYECTO DE LEY"},"Iniciado en: ":{"('0150-S-2019', 0)":"Senado"},"Expediente Senado: ":{"('0150-S-2019', 0)":"0150-S-2019"},"Publicado en: ":{"('0150-S-2019', 0)":"Diario de Asuntos Entrados N\u00b0 8"},"Fecha: ":{"('0150-S-2019', 0)":"06\/03\/2019"},"T\u00edtulo":{"('0150-S-2019', 0)":"MODIFICACION DEL ARTICULO 28 DE LA LEY 22351 - PARQUES NACIONALES RESERVAS NACIONALES, MONUMENTOS NATURALES -, RESPECTO DE ACTUALIZAR VALORES DE LOS MONTOS DE LAS MULTAS Y FIJARLOS EN UNIDADES FIJAS (UF)."},"('Firmantes', 'FIRMANTE')":{"('0150-S-2019', 0)":"BASUALDO, ROBERTO GUSTAVO"},"('Firmantes', 'DISTRITO')":{"('0150-S-2019', 0)":"SAN JUAN"},"('Firmantes', 'BLOQUE')":{"('0150-S-2019', 0)":"PRODUCCION Y TRABAJO"},"Link":{"('0150-S-2019', 0)":"http:\/\/www.senado.gov.ar\/parlamentario\/comisiones\/verExp\/150.19\/S\/PL"},"Palabra Clave":{"('0150-S-2019', 0)":" "}}