{"Tipo de Proyecto":{"('0152-S-2019', 0)":"PROYECTO DE LEY"},"Iniciado en: ":{"('0152-S-2019', 0)":"Senado"},"Expediente Senado: ":{"('0152-S-2019', 0)":"0152-S-2019"},"Publicado en: ":{"('0152-S-2019', 0)":"Diario de Asuntos Entrados N\u00b0 8"},"Fecha: ":{"('0152-S-2019', 0)":"06\/03\/2019"},"T\u00edtulo":{"('0152-S-2019', 0)":"MODIFICACION DE LA LEY 20429 - ARMAS Y EXPLOSIVOS -, RESPECTO A LA OBLIGACION DE LA AUTORIDAD DE APLICACION DE TOMAR POSESION INMEDIATA DEL MATERIAL SUJETO A EXPROPIACION Y LA ACTUALIZACION DE LAS MULTAS Y LA FIJACION EN UNIDADES FIJAS (UH)."},"('Firmantes', 'FIRMANTE')":{"('0152-S-2019', 0)":"BASUALDO, ROBERTO GUSTAVO"},"('Firmantes', 'DISTRITO')":{"('0152-S-2019', 0)":"SAN JUAN"},"('Firmantes', 'BLOQUE')":{"('0152-S-2019', 0)":"PRODUCCION Y TRABAJO"},"Sumario":{"('0152-S-2019', 0)":"MODIFICACION DE LOS ARTICULOS 19 Y 36."},"Palabra Clave":{"('0152-S-2019', 0)":" "}}