{"Tipo de Proyecto":{"('0152-PE-2019', 0)":"MENSAJE NRO: 0113\/19","('0152-PE-2019', 1)":null},"Iniciado en: ":{"('0152-PE-2019', 0)":"Senado","('0152-PE-2019', 1)":null},"Expediente Senado: ":{"('0152-PE-2019', 0)":"0152-PE-2019","('0152-PE-2019', 1)":null},"Publicado en: ":{"('0152-PE-2019', 0)":"DAE S.A. N\u00b0 13","('0152-PE-2019', 1)":null},"Fecha: ":{"('0152-PE-2019', 0)":"25\/06\/2019","('0152-PE-2019', 1)":null},"T\u00edtulo":{"('0152-PE-2019', 0)":"SOLICITA ACUERDO PARA DESIGNAR JUEZ DE CAMARA DEL TRIBUNAL ORAL EN LO CRIMINAL Y CORRECCIONAL N\u00ba 20 DE LA CAPITAL FEDERAL, AL DR. JUAN MANUEL MEJUTO.","('0152-PE-2019', 1)":null},"('Firmantes', 'FIRMANTE')":{"('0152-PE-2019', 0)":"MACRI, MAURICIO","('0152-PE-2019', 1)":"GARAVANO, GERMAN CARLOS"},"('Firmantes', 'DISTRITO')":{"('0152-PE-2019', 0)":null,"('0152-PE-2019', 1)":null},"('Firmantes', 'BLOQUE')":{"('0152-PE-2019', 0)":"PODER EJECUTIVO","('0152-PE-2019', 1)":"PODER EJECUTIVO"},"('Tramites', 'C\u00c1MARA')":{"('0152-PE-2019', 0)":"Senado","('0152-PE-2019', 1)":"Senado"},"('Tramites', 'MOVIMIENTO')":{"('0152-PE-2019', 0)":"SOLICITUD DE RETIRO DEL ACUERDO (MENSAJE 19\/20)","('0152-PE-2019', 1)":"CONSIDERACION Y APROBACION DEL RETIRO"},"('Tramites', 'FECHA')":{"('0152-PE-2019', 0)":null,"('0152-PE-2019', 1)":"20\/02\/2020"},"('Tramites', 'RESULTADO')":{"('0152-PE-2019', 0)":null,"('0152-PE-2019', 1)":"RETIRADO"},"Palabra Clave":{"('0152-PE-2019', 0)":" ","('0152-PE-2019', 1)":null}}