{"Tipo de Proyecto":{"('0152-D-2019', 0)":"PROYECTO DE LEY"},"Iniciado en: ":{"('0152-D-2019', 0)":"Diputados"},"Expediente Diputados: ":{"('0152-D-2019', 0)":"0152-D-2019"},"Publicado en: ":{"('0152-D-2019', 0)":"Tr\u00e1mite Parlamentario N\u00b0 1"},"Fecha: ":{"('0152-D-2019', 0)":"06\/03\/2019"},"T\u00edtulo":{"('0152-D-2019', 0)":"CODIGO PENAL - LEY 11179 -, MODIFICACION DEL ARTICULO 41 SEXIES."},"('Firmantes', 'FIRMANTE')":{"('0152-D-2019', 0)":"VILLA, NATALIA SOLEDAD"},"('Firmantes', 'DISTRITO')":{"('0152-D-2019', 0)":"BUENOS AIRES"},"('Firmantes', 'BLOQUE')":{"('0152-D-2019', 0)":"PRO"},"('Giros', 'COMISI\u00d3N')":{"('0152-D-2019', 0)":"LEGISLACION PENAL"},"Sumario":{"('0152-D-2019', 0)":"INCORPORACION DEL ARTICULO 41 SEXIES: DELITOS CONTRA PROFESORES O DOCENTES, PROFESIONALES DE LA SALUD, MEDICINA Y ASISTENCIA SANITARIA: INCREMENTO DE LA IMPUTABILIDAD EN UN TERCIO DEL MINIMO Y UN TERCIO DEL MAXIMO."},"Palabra Clave":{"('0152-D-2019', 0)":" "}}