{"Tipo de Proyecto":{"('0153-PE-2019', 0)":"MENSAJE NRO: 0115\/19","('0153-PE-2019', 1)":null},"Iniciado en: ":{"('0153-PE-2019', 0)":"Senado","('0153-PE-2019', 1)":null},"Expediente Senado: ":{"('0153-PE-2019', 0)":"0153-PE-2019","('0153-PE-2019', 1)":null},"Publicado en: ":{"('0153-PE-2019', 0)":"DAE S.A. N\u00b0 13","('0153-PE-2019', 1)":null},"Fecha: ":{"('0153-PE-2019', 0)":"25\/06\/2019","('0153-PE-2019', 1)":null},"T\u00edtulo":{"('0153-PE-2019', 0)":"SOLICITA ACUERDO PARA DESIGNAR JUEZ DEL JUZGADO FEDERAL DE PRIMERA INSTANCIA NUMERO 1 DE LA PLATA, PROVINCIA DE BUENOS AIRES, AL DR. LAUREANO ALBERTO DURAN.","('0153-PE-2019', 1)":null},"('Firmantes', 'FIRMANTE')":{"('0153-PE-2019', 0)":"MACRI, MAURICIO","('0153-PE-2019', 1)":"GARAVANO, GERMAN CARLOS"},"('Firmantes', 'DISTRITO')":{"('0153-PE-2019', 0)":null,"('0153-PE-2019', 1)":null},"('Firmantes', 'BLOQUE')":{"('0153-PE-2019', 0)":"PODER EJECUTIVO","('0153-PE-2019', 1)":"PODER EJECUTIVO"},"('Tramites', 'C\u00c1MARA')":{"('0153-PE-2019', 0)":"Senado","('0153-PE-2019', 1)":"Senado"},"('Tramites', 'MOVIMIENTO')":{"('0153-PE-2019', 0)":"SOLICITUD DE RETIRO DEL ACUERDO (MENSAJE 19\/20)","('0153-PE-2019', 1)":"CONSIDERACION Y APROBACION DEL RETIRO"},"('Tramites', 'FECHA')":{"('0153-PE-2019', 0)":null,"('0153-PE-2019', 1)":"20\/02\/2020"},"('Tramites', 'RESULTADO')":{"('0153-PE-2019', 0)":null,"('0153-PE-2019', 1)":"RETIRADO"},"Palabra Clave":{"('0153-PE-2019', 0)":" ","('0153-PE-2019', 1)":null}}