{"Tipo de Proyecto":{"('0154-PE-2019', 0)":"MENSAJE NRO: 0114\/19 Y PROYECTO DE LEY","('0154-PE-2019', 1)":null,"('0154-PE-2019', 2)":null},"Iniciado en: ":{"('0154-PE-2019', 0)":"Senado","('0154-PE-2019', 1)":null,"('0154-PE-2019', 2)":null},"Expediente Senado: ":{"('0154-PE-2019', 0)":"0154-PE-2019","('0154-PE-2019', 1)":null,"('0154-PE-2019', 2)":null},"Publicado en: ":{"('0154-PE-2019', 0)":"Diario de Asuntos Entrados N\u00b0 93","('0154-PE-2019', 1)":null,"('0154-PE-2019', 2)":null},"Fecha: ":{"('0154-PE-2019', 0)":"25\/06\/2019","('0154-PE-2019', 1)":null,"('0154-PE-2019', 2)":null},"T\u00edtulo":{"('0154-PE-2019', 0)":"APROBACION DEL ACUERDO DE SEDE PARA LA OFICINA PERMANENTE DE LA OFICINA DE SERVICIOS PARA PROYECTOS DE LAS NACIONES UNIDAS EN LA REPUBLICA ARGENTINA, SUSCRIPTO EN LA CIUDAD DE BUENOS AIRES EL 21 DE MAYO DE 2007.","('0154-PE-2019', 1)":null,"('0154-PE-2019', 2)":null},"('Firmantes', 'FIRMANTE')":{"('0154-PE-2019', 0)":"MACRI, MAURICIO","('0154-PE-2019', 1)":"PE\u00d1A, MARCOS","('0154-PE-2019', 2)":"FAURIE, JORGE MARCELO"},"('Firmantes', 'DISTRITO')":{"('0154-PE-2019', 0)":null,"('0154-PE-2019', 1)":null,"('0154-PE-2019', 2)":null},"('Firmantes', 'BLOQUE')":{"('0154-PE-2019', 0)":"PODER EJECUTIVO","('0154-PE-2019', 1)":"PODER EJECUTIVO","('0154-PE-2019', 2)":"PODER EJECUTIVO"},"Palabra Clave":{"('0154-PE-2019', 0)":" ","('0154-PE-2019', 1)":null,"('0154-PE-2019', 2)":null}}