{"Tipo de Proyecto":{"('0155-D-2019', 0)":"PROYECTO DE RESOLUCI\u00d3N","('0155-D-2019', 1)":null,"('0155-D-2019', 2)":null,"('0155-D-2019', 3)":null,"('0155-D-2019', 4)":null,"('0155-D-2019', 5)":null,"('0155-D-2019', 6)":null},"Iniciado en: ":{"('0155-D-2019', 0)":"Diputados","('0155-D-2019', 1)":null,"('0155-D-2019', 2)":null,"('0155-D-2019', 3)":null,"('0155-D-2019', 4)":null,"('0155-D-2019', 5)":null,"('0155-D-2019', 6)":null},"Expediente Diputados: ":{"('0155-D-2019', 0)":"0155-D-2019","('0155-D-2019', 1)":null,"('0155-D-2019', 2)":null,"('0155-D-2019', 3)":null,"('0155-D-2019', 4)":null,"('0155-D-2019', 5)":null,"('0155-D-2019', 6)":null},"Publicado en: ":{"('0155-D-2019', 0)":"Tr\u00e1mite Parlamentario N\u00b0 1","('0155-D-2019', 1)":null,"('0155-D-2019', 2)":null,"('0155-D-2019', 3)":null,"('0155-D-2019', 4)":null,"('0155-D-2019', 5)":null,"('0155-D-2019', 6)":null},"Fecha: ":{"('0155-D-2019', 0)":"06\/03\/2019","('0155-D-2019', 1)":null,"('0155-D-2019', 2)":null,"('0155-D-2019', 3)":null,"('0155-D-2019', 4)":null,"('0155-D-2019', 5)":null,"('0155-D-2019', 6)":null},"T\u00edtulo":{"('0155-D-2019', 0)":"PEDIDO DE INFORMES AL PODER EJECUTIVO SOBRE LA EMPRESA CONCESIONARIA DEL TRAMO CORREDOR VIAL N\u00b0 6, EN RELACION A LAS RUTAS NACIONALES 12 Y 16.","('0155-D-2019', 1)":null,"('0155-D-2019', 2)":null,"('0155-D-2019', 3)":null,"('0155-D-2019', 4)":null,"('0155-D-2019', 5)":null,"('0155-D-2019', 6)":null},"('Firmantes', 'FIRMANTE')":{"('0155-D-2019', 0)":"DI STEFANO, DANIEL","('0155-D-2019', 1)":"WELLBACH, RICARDO","('0155-D-2019', 2)":"MACIAS, OSCAR ALBERTO","('0155-D-2019', 3)":"MORALES, FLAVIA","('0155-D-2019', 4)":"MOSQUEDA, JUAN","('0155-D-2019', 5)":"DERNA, VERONICA","('0155-D-2019', 6)":"FRANCO, JORGE DANIEL"},"('Firmantes', 'DISTRITO')":{"('0155-D-2019', 0)":"MISIONES","('0155-D-2019', 1)":"MISIONES","('0155-D-2019', 2)":"CORRIENTES","('0155-D-2019', 3)":"MISIONES","('0155-D-2019', 4)":"CHACO","('0155-D-2019', 5)":"MISIONES","('0155-D-2019', 6)":"MISIONES"},"('Firmantes', 'BLOQUE')":{"('0155-D-2019', 0)":"FRENTE DE LA CONCORDIA MISIONERO","('0155-D-2019', 1)":"FRENTE DE LA CONCORDIA MISIONERO","('0155-D-2019', 2)":"JUSTICIALISTA","('0155-D-2019', 3)":"FRENTE DE LA CONCORDIA MISIONERO","('0155-D-2019', 4)":"JUSTICIALISTA","('0155-D-2019', 5)":"FRENTE DE LA CONCORDIA MISIONERO","('0155-D-2019', 6)":"FRENTE DE LA CONCORDIA MISIONERO"},"('Giros', 'COMISI\u00d3N')":{"('0155-D-2019', 0)":"TRANSPORTES","('0155-D-2019', 1)":null,"('0155-D-2019', 2)":null,"('0155-D-2019', 3)":null,"('0155-D-2019', 4)":null,"('0155-D-2019', 5)":null,"('0155-D-2019', 6)":null},"('Tramites', 'C\u00c1MARA')":{"('0155-D-2019', 0)":"Diputados","('0155-D-2019', 1)":"Diputados","('0155-D-2019', 2)":null,"('0155-D-2019', 3)":null,"('0155-D-2019', 4)":null,"('0155-D-2019', 5)":null,"('0155-D-2019', 6)":null},"('Tramites', 'MOVIMIENTO')":{"('0155-D-2019', 0)":"SOLICITUD DE SER COFIRMANTE DE LA DIPUTADA DERNA (A SUS ANTECEDENTES)","('0155-D-2019', 1)":"SOLICITUD DE SER COFIRMANTE DEL DIPUTADO FRANCO (A SUS ANTECEDENTES)","('0155-D-2019', 2)":null,"('0155-D-2019', 3)":null,"('0155-D-2019', 4)":null,"('0155-D-2019', 5)":null,"('0155-D-2019', 6)":null},"('Tramites', 'FECHA')":{"('0155-D-2019', 0)":null,"('0155-D-2019', 1)":null,"('0155-D-2019', 2)":null,"('0155-D-2019', 3)":null,"('0155-D-2019', 4)":null,"('0155-D-2019', 5)":null,"('0155-D-2019', 6)":null},"('Tramites', 'RESULTADO')":{"('0155-D-2019', 0)":null,"('0155-D-2019', 1)":null,"('0155-D-2019', 2)":null,"('0155-D-2019', 3)":null,"('0155-D-2019', 4)":null,"('0155-D-2019', 5)":null,"('0155-D-2019', 6)":null},"Link":{"('0155-D-2019', 0)":"https:\/\/www.hcdn.gob.ar\/proyectos\/textoCompleto.jsp?exp=0155-D-2019&tipo=RESOLUCION","('0155-D-2019', 1)":null,"('0155-D-2019', 2)":null,"('0155-D-2019', 3)":null,"('0155-D-2019', 4)":null,"('0155-D-2019', 5)":null,"('0155-D-2019', 6)":null},"Palabra Clave":{"('0155-D-2019', 0)":" ","('0155-D-2019', 1)":null,"('0155-D-2019', 2)":null,"('0155-D-2019', 3)":null,"('0155-D-2019', 4)":null,"('0155-D-2019', 5)":null,"('0155-D-2019', 6)":null}}