{"Tipo de Proyecto":{"('0155-PE-2019', 0)":"MENSAJE NRO: 0116\/19","('0155-PE-2019', 1)":null},"Iniciado en: ":{"('0155-PE-2019', 0)":"Senado","('0155-PE-2019', 1)":null},"Expediente Senado: ":{"('0155-PE-2019', 0)":"0155-PE-2019","('0155-PE-2019', 1)":null},"Publicado en: ":{"('0155-PE-2019', 0)":"DAE S.A. N\u00b0 13","('0155-PE-2019', 1)":null},"Fecha: ":{"('0155-PE-2019', 0)":"25\/06\/2019","('0155-PE-2019', 1)":null},"T\u00edtulo":{"('0155-PE-2019', 0)":"SOLICITA ACUERDO PARA DESIGNAR CONJUEZ DE LA CAMARA FEDERAL DE APELACIONES DE SALTA, A LA DRA. MARIA ESTHER DEL CARMEN RETONDO.","('0155-PE-2019', 1)":null},"('Firmantes', 'FIRMANTE')":{"('0155-PE-2019', 0)":"MACRI, MAURICIO","('0155-PE-2019', 1)":"GARAVANO, GERMAN CARLOS"},"('Firmantes', 'DISTRITO')":{"('0155-PE-2019', 0)":null,"('0155-PE-2019', 1)":null},"('Firmantes', 'BLOQUE')":{"('0155-PE-2019', 0)":"PODER EJECUTIVO","('0155-PE-2019', 1)":"PODER EJECUTIVO"},"('Tramites', 'C\u00c1MARA')":{"('0155-PE-2019', 0)":"Senado","('0155-PE-2019', 1)":"Senado"},"('Tramites', 'MOVIMIENTO')":{"('0155-PE-2019', 0)":"SOLICITUD DE RETIRO DEL ACUERDO (MENSAJE 19\/20)","('0155-PE-2019', 1)":"CONSIDERACION Y APROBACION DEL RETIRO"},"('Tramites', 'FECHA')":{"('0155-PE-2019', 0)":null,"('0155-PE-2019', 1)":"20\/02\/2020"},"('Tramites', 'RESULTADO')":{"('0155-PE-2019', 0)":null,"('0155-PE-2019', 1)":"RETIRADO"},"Palabra Clave":{"('0155-PE-2019', 0)":" ","('0155-PE-2019', 1)":null}}