{"Tipo de Proyecto":{"('0156-S-2019', 0)":"PROYECTO DE LEY"},"Iniciado en: ":{"('0156-S-2019', 0)":"Senado"},"Expediente Senado: ":{"('0156-S-2019', 0)":"0156-S-2019"},"Publicado en: ":{"('0156-S-2019', 0)":"Diario de Asuntos Entrados N\u00b0 8"},"Fecha: ":{"('0156-S-2019', 0)":"06\/03\/2019"},"T\u00edtulo":{"('0156-S-2019', 0)":"ESTABLECER QUE TODOS LOS ACCESORIOS TIPO MOCHILAS PORTA BEBE DEBERAN INFORMAR SOBRE SU CORRECTO USO Y ADVERTIR DEL DA\u00d1O POR SU USO INADECUADO."},"('Firmantes', 'FIRMANTE')":{"('0156-S-2019', 0)":"BASUALDO, ROBERTO GUSTAVO"},"('Firmantes', 'DISTRITO')":{"('0156-S-2019', 0)":"SAN JUAN"},"('Firmantes', 'BLOQUE')":{"('0156-S-2019', 0)":"PRODUCCION Y TRABAJO"},"('Tramites', 'C\u00c1MARA')":{"('0156-S-2019', 0)":"Senado"},"('Tramites', 'MOVIMIENTO')":{"('0156-S-2019', 0)":"COMUNICACION DEL AUTOR DE FE DE ERRATAS (A SUS ANTECEDENTES)"},"('Tramites', 'FECHA')":{"('0156-S-2019', 0)":"16\/04\/2019"},"('Tramites', 'RESULTADO')":{"('0156-S-2019', 0)":null},"Sumario":{"('0156-S-2019', 0)":"INVITACION A ADHERIR."},"Palabra Clave":{"('0156-S-2019', 0)":" "}}