{"Tipo de Proyecto":{"('0157-D-2019', 0)":"PROYECTO DE DECLARACI\u00d3N","('0157-D-2019', 1)":null,"('0157-D-2019', 2)":null,"('0157-D-2019', 3)":null,"('0157-D-2019', 4)":null,"('0157-D-2019', 5)":null,"('0157-D-2019', 6)":null},"Iniciado en: ":{"('0157-D-2019', 0)":"Diputados","('0157-D-2019', 1)":null,"('0157-D-2019', 2)":null,"('0157-D-2019', 3)":null,"('0157-D-2019', 4)":null,"('0157-D-2019', 5)":null,"('0157-D-2019', 6)":null},"Expediente Diputados: ":{"('0157-D-2019', 0)":"0157-D-2019","('0157-D-2019', 1)":null,"('0157-D-2019', 2)":null,"('0157-D-2019', 3)":null,"('0157-D-2019', 4)":null,"('0157-D-2019', 5)":null,"('0157-D-2019', 6)":null},"Publicado en: ":{"('0157-D-2019', 0)":"Tr\u00e1mite Parlamentario N\u00b0 1","('0157-D-2019', 1)":null,"('0157-D-2019', 2)":null,"('0157-D-2019', 3)":null,"('0157-D-2019', 4)":null,"('0157-D-2019', 5)":null,"('0157-D-2019', 6)":null},"Fecha: ":{"('0157-D-2019', 0)":"06\/03\/2019","('0157-D-2019', 1)":null,"('0157-D-2019', 2)":null,"('0157-D-2019', 3)":null,"('0157-D-2019', 4)":null,"('0157-D-2019', 5)":null,"('0157-D-2019', 6)":null},"T\u00edtulo":{"('0157-D-2019', 0)":"EXPRESAR PREOCUPACION POR EL ACCIONAR DE LA SECRETARIA DE AGROINDUSTRIA, EL SERVICIO NACIONAL DE SANIDAD Y CALIDAD AGROALIMENTARIA - SENASA - Y DEL GOBERNADOR DE RIO NEGRO, ALBERTO WERETILNECK, RESPECTO A LA CRISIS PRODUCIDA POR LA SUSPENSION DE LA IMPORTACION DE FRUTA POR PARTE DEL GOBIERNO DE LA REPUBLICA FEDERATIVA DEL BRASIL.","('0157-D-2019', 1)":null,"('0157-D-2019', 2)":null,"('0157-D-2019', 3)":null,"('0157-D-2019', 4)":null,"('0157-D-2019', 5)":null,"('0157-D-2019', 6)":null},"('Firmantes', 'FIRMANTE')":{"('0157-D-2019', 0)":"SORIA, MARIA EMILIA","('0157-D-2019', 1)":"MARTINEZ, DARIO","('0157-D-2019', 2)":"CARMONA, GUILLERMO RAMON","('0157-D-2019', 3)":"RACH QUIROGA, ANALIA","('0157-D-2019', 4)":"FRANA, SILVINA PATRICIA","('0157-D-2019', 5)":"ALONSO, LAURA V.","('0157-D-2019', 6)":"BASTERRA, LUIS EUGENIO"},"('Firmantes', 'DISTRITO')":{"('0157-D-2019', 0)":"RIO NEGRO","('0157-D-2019', 1)":"NEUQUEN","('0157-D-2019', 2)":"MENDOZA","('0157-D-2019', 3)":"CHACO","('0157-D-2019', 4)":"SANTA FE","('0157-D-2019', 5)":"BUENOS AIRES","('0157-D-2019', 6)":"FORMOSA"},"('Firmantes', 'BLOQUE')":{"('0157-D-2019', 0)":"FRENTE PARA LA VICTORIA - PJ","('0157-D-2019', 1)":"FRENTE PARA LA VICTORIA - PJ","('0157-D-2019', 2)":"FRENTE PARA LA VICTORIA - PJ","('0157-D-2019', 3)":"FRENTE PARA LA VICTORIA - PJ","('0157-D-2019', 4)":"FRENTE PARA LA VICTORIA - PJ","('0157-D-2019', 5)":"FRENTE PARA LA VICTORIA - PJ","('0157-D-2019', 6)":"FRENTE PARA LA VICTORIA - PJ"},"('Giros', 'COMISI\u00d3N')":{"('0157-D-2019', 0)":"AGRICULTURA Y GANADERIA","('0157-D-2019', 1)":null,"('0157-D-2019', 2)":null,"('0157-D-2019', 3)":null,"('0157-D-2019', 4)":null,"('0157-D-2019', 5)":null,"('0157-D-2019', 6)":null},"('Tramites', 'C\u00c1MARA')":{"('0157-D-2019', 0)":"Diputados","('0157-D-2019', 1)":null,"('0157-D-2019', 2)":null,"('0157-D-2019', 3)":null,"('0157-D-2019', 4)":null,"('0157-D-2019', 5)":null,"('0157-D-2019', 6)":null},"('Tramites', 'MOVIMIENTO')":{"('0157-D-2019', 0)":"SOLICITUD DE SER COFIRMANTE DEL DIPUTADO BASTERRA (A SUS ANTECEDENTES)","('0157-D-2019', 1)":null,"('0157-D-2019', 2)":null,"('0157-D-2019', 3)":null,"('0157-D-2019', 4)":null,"('0157-D-2019', 5)":null,"('0157-D-2019', 6)":null},"('Tramites', 'FECHA')":{"('0157-D-2019', 0)":null,"('0157-D-2019', 1)":null,"('0157-D-2019', 2)":null,"('0157-D-2019', 3)":null,"('0157-D-2019', 4)":null,"('0157-D-2019', 5)":null,"('0157-D-2019', 6)":null},"('Tramites', 'RESULTADO')":{"('0157-D-2019', 0)":null,"('0157-D-2019', 1)":null,"('0157-D-2019', 2)":null,"('0157-D-2019', 3)":null,"('0157-D-2019', 4)":null,"('0157-D-2019', 5)":null,"('0157-D-2019', 6)":null},"Link":{"('0157-D-2019', 0)":"https:\/\/www.hcdn.gob.ar\/proyectos\/textoCompleto.jsp?exp=0157-D-2019&tipo=DECLARACION","('0157-D-2019', 1)":null,"('0157-D-2019', 2)":null,"('0157-D-2019', 3)":null,"('0157-D-2019', 4)":null,"('0157-D-2019', 5)":null,"('0157-D-2019', 6)":null},"Palabra Clave":{"('0157-D-2019', 0)":" ","('0157-D-2019', 1)":null,"('0157-D-2019', 2)":null,"('0157-D-2019', 3)":null,"('0157-D-2019', 4)":null,"('0157-D-2019', 5)":null,"('0157-D-2019', 6)":null}}