{"Tipo de Proyecto":{"('0158-PE-2019', 0)":"MENSAJE NRO: 0118\/19 Y PROYECTO DE LEY","('0158-PE-2019', 1)":null,"('0158-PE-2019', 2)":null},"Iniciado en: ":{"('0158-PE-2019', 0)":"Senado","('0158-PE-2019', 1)":null,"('0158-PE-2019', 2)":null},"Expediente Senado: ":{"('0158-PE-2019', 0)":"0158-PE-2019","('0158-PE-2019', 1)":null,"('0158-PE-2019', 2)":null},"Publicado en: ":{"('0158-PE-2019', 0)":"Diario de Asuntos Entrados N\u00b0 97","('0158-PE-2019', 1)":null,"('0158-PE-2019', 2)":null},"Fecha: ":{"('0158-PE-2019', 0)":"01\/07\/2019","('0158-PE-2019', 1)":null,"('0158-PE-2019', 2)":null},"T\u00edtulo":{"('0158-PE-2019', 0)":"APROBACION DEL ACUERDO DE RECONOCIMIENTO Y CONVALIDACION PROVISORIA DE TITULOS UNIVERSITARIOS PARA LA REALIZACION DE ESTUDIOS DE POSGRADO CON LA REPUBLICA DOMINICANA, SUSCRIPTO EN LA CIUDAD AUTONOMA DE BUENOS AIRES, EL 21 DE MARZO DE 2019.","('0158-PE-2019', 1)":null,"('0158-PE-2019', 2)":null},"('Firmantes', 'FIRMANTE')":{"('0158-PE-2019', 0)":"MACRI, MAURICIO","('0158-PE-2019', 1)":"PE\u00d1A, MARCOS","('0158-PE-2019', 2)":"FAURIE, JORGE MARCELO"},"('Firmantes', 'DISTRITO')":{"('0158-PE-2019', 0)":null,"('0158-PE-2019', 1)":null,"('0158-PE-2019', 2)":null},"('Firmantes', 'BLOQUE')":{"('0158-PE-2019', 0)":"PODER EJECUTIVO","('0158-PE-2019', 1)":"PODER EJECUTIVO","('0158-PE-2019', 2)":"PODER EJECUTIVO"},"Palabra Clave":{"('0158-PE-2019', 0)":" ","('0158-PE-2019', 1)":null,"('0158-PE-2019', 2)":null}}