{"Tipo de Proyecto":{"('0158-S-2019', 0)":"PROYECTO DE LEY"},"Iniciado en: ":{"('0158-S-2019', 0)":"Senado"},"Expediente Senado: ":{"('0158-S-2019', 0)":"0158-S-2019"},"Publicado en: ":{"('0158-S-2019', 0)":"Diario de Asuntos Entrados N\u00b0 8"},"Fecha: ":{"('0158-S-2019', 0)":"06\/03\/2019"},"T\u00edtulo":{"('0158-S-2019', 0)":"ESTABLECER QUE LOS DIARIOS DE DIFUSION MASIVA QUE TENGAN PAGINA WEB, TRASMITAN LAS NOTICIAS PARA LAS PERSONAS CON DISMINUCION VISUAL."},"('Firmantes', 'FIRMANTE')":{"('0158-S-2019', 0)":"BASUALDO, ROBERTO GUSTAVO"},"('Firmantes', 'DISTRITO')":{"('0158-S-2019', 0)":"SAN JUAN"},"('Firmantes', 'BLOQUE')":{"('0158-S-2019', 0)":"PRODUCCION Y TRABAJO"},"Sumario":{"('0158-S-2019', 0)":"INVITACION A ADHERIR."},"Palabra Clave":{"('0158-S-2019', 0)":" "}}