{"Tipo de Proyecto":{"('0159-S-2019', 0)":"PROYECTO DE LEY"},"Iniciado en: ":{"('0159-S-2019', 0)":"Senado"},"Expediente Senado: ":{"('0159-S-2019', 0)":"0159-S-2019"},"Publicado en: ":{"('0159-S-2019', 0)":"Diario de Asuntos Entrados N\u00b0 8"},"Fecha: ":{"('0159-S-2019', 0)":"06\/03\/2019"},"T\u00edtulo":{"('0159-S-2019', 0)":"ESTABLECER EL 9 DE OCTUBRE COMO DIA NACIONAL DE LA VACUNACION."},"('Firmantes', 'FIRMANTE')":{"('0159-S-2019', 0)":"BASUALDO, ROBERTO GUSTAVO"},"('Firmantes', 'DISTRITO')":{"('0159-S-2019', 0)":"SAN JUAN"},"('Firmantes', 'BLOQUE')":{"('0159-S-2019', 0)":"PRODUCCION Y TRABAJO"},"('Tramites', 'C\u00c1MARA')":{"('0159-S-2019', 0)":"Senado"},"('Tramites', 'MOVIMIENTO')":{"('0159-S-2019', 0)":"COMUNICACION DEL AUTOR DE FE DE ERRATAS (A SUS ANTECEDENTES)"},"('Tramites', 'FECHA')":{"('0159-S-2019', 0)":"16\/04\/2019"},"('Tramites', 'RESULTADO')":{"('0159-S-2019', 0)":null},"Link":{"('0159-S-2019', 0)":"http:\/\/www.senado.gov.ar\/parlamentario\/comisiones\/verExp\/159.19\/S\/PL"},"Palabra Clave":{"('0159-S-2019', 0)":" "}}