{"Tipo de Proyecto":{"('0160-D-2019', 0)":"PROYECTO DE LEY","('0160-D-2019', 1)":null,"('0160-D-2019', 2)":null},"Iniciado en: ":{"('0160-D-2019', 0)":"Diputados","('0160-D-2019', 1)":null,"('0160-D-2019', 2)":null},"Expediente Diputados: ":{"('0160-D-2019', 0)":"0160-D-2019","('0160-D-2019', 1)":null,"('0160-D-2019', 2)":null},"Publicado en: ":{"('0160-D-2019', 0)":"Tr\u00e1mite Parlamentario N\u00b0 1","('0160-D-2019', 1)":null,"('0160-D-2019', 2)":null},"Fecha: ":{"('0160-D-2019', 0)":"06\/03\/2019","('0160-D-2019', 1)":null,"('0160-D-2019', 2)":null},"T\u00edtulo":{"('0160-D-2019', 0)":"BANCO DE PRODUCTOS MEDICOS IMPLANTABLES. CREACION.","('0160-D-2019', 1)":null,"('0160-D-2019', 2)":null},"('Firmantes', 'FIRMANTE')":{"('0160-D-2019', 0)":"SORIA, MARIA EMILIA","('0160-D-2019', 1)":"CASTAGNETO, CARLOS DANIEL","('0160-D-2019', 2)":"FRANA, SILVINA PATRICIA"},"('Firmantes', 'DISTRITO')":{"('0160-D-2019', 0)":"RIO NEGRO","('0160-D-2019', 1)":"BUENOS AIRES","('0160-D-2019', 2)":"SANTA FE"},"('Firmantes', 'BLOQUE')":{"('0160-D-2019', 0)":"FRENTE PARA LA VICTORIA - PJ","('0160-D-2019', 1)":"FRENTE PARA LA VICTORIA - PJ","('0160-D-2019', 2)":"FRENTE PARA LA VICTORIA - PJ"},"('Giros', 'COMISI\u00d3N')":{"('0160-D-2019', 0)":"ACCION SOCIAL Y SALUD PUBLICA","('0160-D-2019', 1)":"PRESUPUESTO Y HACIENDA","('0160-D-2019', 2)":null},"Sumario":{"('0160-D-2019', 0)":"CREACION EN EL AMBITO DEL MINISTERIO DE SALUD DE LA NACION; AUTORIDAD DE APLICACION: MINISTERIO DE SALUD; DEFINICION DE PRODUCTO MEDICO IMPLANTABLE; OBJETIVO DEL BANCO; BENEFICIARIOS: REQUISITOS; BENEFICIARIO ASEGURADO; PROCEDIMIENTO DE COMPRA; ALMACENAMIENTO DE LOS PRODUCTOS; CREACION DEL REGISTRO DE PROVEEDORES DEL BANCO DE PRODUCTOS MEDICOS IMPLANTABLES, EN EL AMBITO DEL MINISTERIO DE SALUD; CARACTERISTICAS DEL PRODUCTO MEDICO IMPLANTABLE; EVALUACIONES TECNICAS; SOLICITUD DEL PRODUCTO.","('0160-D-2019', 1)":null,"('0160-D-2019', 2)":null},"Palabra Clave":{"('0160-D-2019', 0)":" ","('0160-D-2019', 1)":null,"('0160-D-2019', 2)":null}}