{"Tipo de Proyecto":{"('0160-S-2019', 0)":"PROYECTO DE LEY"},"Iniciado en: ":{"('0160-S-2019', 0)":"Senado"},"Expediente Senado: ":{"('0160-S-2019', 0)":"0160-S-2019"},"Publicado en: ":{"('0160-S-2019', 0)":"Diario de Asuntos Entrados N\u00b0 8"},"Fecha: ":{"('0160-S-2019', 0)":"06\/03\/2019"},"T\u00edtulo":{"('0160-S-2019', 0)":"ESTABLECER COMO UNICO ELEMENTO DESTINADO PARA EL ACARREO Y CONTENCION DE MERCADERIAS EN ESTABLECIMIENTOS COMERCIALES A LAS BOLSAS DE PAPEL BIODEGRADABLES."},"('Firmantes', 'FIRMANTE')":{"('0160-S-2019', 0)":"BASUALDO, ROBERTO GUSTAVO"},"('Firmantes', 'DISTRITO')":{"('0160-S-2019', 0)":"SAN JUAN"},"('Firmantes', 'BLOQUE')":{"('0160-S-2019', 0)":"PRODUCCION Y TRABAJO"},"Sumario":{"('0160-S-2019', 0)":"PROHIBICION DE LA VENTA AL PUBLICO DE BOLSAS DE NYLON O PLASTICAS DE MATERIAL DEGRADABLE O BIODEGRADABLE CUYO UNICO OBJETO SEA EL TRASLADO DE MERCADERIA ADQUIRIDA EN EL SUPERMERCADO O HIPERMERCADO; EXCEPCION DE LOS RECIPIENTES QUE SEAN DURADEROS Y ECOLOGICOS (BOLSAS DE TELA, DE PLASTICO ULTRARRESISTENTE, DE PAPEL, CARROS DE COMPRAS, ENTRE OTROS, Y A) A LOS PESCADOS O SUBPRODUCTOS DE PESCADO, CARNE VACUNA O DE AVES Y SUS DERIVADOS, B) FRUTAS Y VERDURAS QUE NO ESTUVIERAN EMPAQUETADOS, C) LACTEOS, HIELO, COMIDAS ELABORADAS (FRIAS O CALIENTES)."},"Palabra Clave":{"('0160-S-2019', 0)":" "}}