{"Tipo de Proyecto":{"('0161-D-2019', 0)":"PROYECTO DE LEY","('0161-D-2019', 1)":null},"Iniciado en: ":{"('0161-D-2019', 0)":"Diputados","('0161-D-2019', 1)":null},"Expediente Diputados: ":{"('0161-D-2019', 0)":"0161-D-2019","('0161-D-2019', 1)":null},"Publicado en: ":{"('0161-D-2019', 0)":"Tr\u00e1mite Parlamentario N\u00b0 1","('0161-D-2019', 1)":null},"Fecha: ":{"('0161-D-2019', 0)":"06\/03\/2019","('0161-D-2019', 1)":null},"T\u00edtulo":{"('0161-D-2019', 0)":"ESTABLECER COMO HORA OFICIAL EN TODO EL PAIS, EL HUSO HORARIO DE CUATRO HORAS AL OESTE DEL MERIDIANO DE GREENWICH.","('0161-D-2019', 1)":null},"('Firmantes', 'FIRMANTE')":{"('0161-D-2019', 0)":"SORIA, MARIA EMILIA","('0161-D-2019', 1)":"GUERIN, MARIA ISABEL"},"('Firmantes', 'DISTRITO')":{"('0161-D-2019', 0)":"RIO NEGRO","('0161-D-2019', 1)":"BUENOS AIRES"},"('Firmantes', 'BLOQUE')":{"('0161-D-2019', 0)":"FRENTE PARA LA VICTORIA - PJ","('0161-D-2019', 1)":"FRENTE PARA LA VICTORIA - PJ"},"('Giros', 'COMISI\u00d3N')":{"('0161-D-2019', 0)":"LEGISLACION GENERAL","('0161-D-2019', 1)":"MERCOSUR"},"Sumario":{"('0161-D-2019', 0)":"A PARTIR DE LA HORA CERO (0) DEL PRIMER DOMINGO DE OCTUBRE DE CADA A\u00d1O, SE ADOPTARA EN TODO EL TERRITORIO DEL PAIS LA HORA CORRESPONDIENTE AL HUSO HORARIO DE TRES (3) HORAS AL OESTE DEL MERIDIANO DE GREENWICH, QUE REGIRA HASTA LA HORA CERO (0) DEL PRIMER DOMINGO DE MARZO DEL A\u00d1O SIGUIENTE; COORDINACION CON LOS PAISES INTEGRANTES DEL MERCOSUR.","('0161-D-2019', 1)":null},"Palabra Clave":{"('0161-D-2019', 0)":" ","('0161-D-2019', 1)":null}}