{"Tipo de Proyecto":{"('0161-S-2019', 0)":"PROYECTO DE LEY"},"Iniciado en: ":{"('0161-S-2019', 0)":"Senado"},"Expediente Senado: ":{"('0161-S-2019', 0)":"0161-S-2019"},"Publicado en: ":{"('0161-S-2019', 0)":"Diario de Asuntos Entrados N\u00b0 8"},"Fecha: ":{"('0161-S-2019', 0)":"06\/03\/2019"},"T\u00edtulo":{"('0161-S-2019', 0)":"ESTABLECER QUE TODA EMPRESA QUE PRESTE SERVICIOS, DEBERA CONTAR CON UNA OFICINA, AL MENOS POR PROVINCIA, DE ATENCION PERSONALIZADA, PARA CONSULTAS O RECLAMOS."},"('Firmantes', 'FIRMANTE')":{"('0161-S-2019', 0)":"BASUALDO, ROBERTO GUSTAVO"},"('Firmantes', 'DISTRITO')":{"('0161-S-2019', 0)":"SAN JUAN"},"('Firmantes', 'BLOQUE')":{"('0161-S-2019', 0)":"PRODUCCION Y TRABAJO"},"Sumario":{"('0161-S-2019', 0)":"INVITACION A ADHERIR."},"Palabra Clave":{"('0161-S-2019', 0)":" "}}