{"Tipo de Proyecto":{"('0162-S-2019', 0)":"PROYECTO DE LEY"},"Iniciado en: ":{"('0162-S-2019', 0)":"Senado"},"Expediente Senado: ":{"('0162-S-2019', 0)":"0162-S-2019"},"Publicado en: ":{"('0162-S-2019', 0)":"Diario de Asuntos Entrados N\u00b0 9"},"Fecha: ":{"('0162-S-2019', 0)":"06\/03\/2019"},"T\u00edtulo":{"('0162-S-2019', 0)":"INCORPORAR EL ARTICULO 2080 BIS AL CODIGO CIVIL Y COMERCIAL DE LA NACION, RESPECTO A LA FORESTACION AUTOCTONA A PRESERVAR EN TODO CONJUNTO INMOBILIARIO."},"('Firmantes', 'FIRMANTE')":{"('0162-S-2019', 0)":"BASUALDO, ROBERTO GUSTAVO"},"('Firmantes', 'DISTRITO')":{"('0162-S-2019', 0)":"SAN JUAN"},"('Firmantes', 'BLOQUE')":{"('0162-S-2019', 0)":"PRODUCCION Y TRABAJO"},"Link":{"('0162-S-2019', 0)":"http:\/\/www.senado.gov.ar\/parlamentario\/comisiones\/verExp\/162.19\/S\/PL"},"Palabra Clave":{"('0162-S-2019', 0)":" "}}