{"Tipo de Proyecto":{"('0163-D-2019', 0)":"PROYECTO DE LEY","('0163-D-2019', 1)":null,"('0163-D-2019', 2)":null},"Iniciado en: ":{"('0163-D-2019', 0)":"Diputados","('0163-D-2019', 1)":null,"('0163-D-2019', 2)":null},"Expediente Diputados: ":{"('0163-D-2019', 0)":"0163-D-2019","('0163-D-2019', 1)":null,"('0163-D-2019', 2)":null},"Publicado en: ":{"('0163-D-2019', 0)":"Tr\u00e1mite Parlamentario N\u00b0 1","('0163-D-2019', 1)":null,"('0163-D-2019', 2)":null},"Fecha: ":{"('0163-D-2019', 0)":"06\/03\/2019","('0163-D-2019', 1)":null,"('0163-D-2019', 2)":null},"T\u00edtulo":{"('0163-D-2019', 0)":"DECLARASE EL 6 DE NOVIEMBRE DE CADA A\u00d1O, COMO DIA NACIONAL DE LA MUJER SINDICALISTA.","('0163-D-2019', 1)":null,"('0163-D-2019', 2)":null},"('Firmantes', 'FIRMANTE')":{"('0163-D-2019', 0)":"RISTA, OLGA MARIA","('0163-D-2019', 1)":null,"('0163-D-2019', 2)":null},"('Firmantes', 'DISTRITO')":{"('0163-D-2019', 0)":"CORDOBA","('0163-D-2019', 1)":null,"('0163-D-2019', 2)":null},"('Firmantes', 'BLOQUE')":{"('0163-D-2019', 0)":"UCR","('0163-D-2019', 1)":null,"('0163-D-2019', 2)":null},"('Giros', 'COMISI\u00d3N')":{"('0163-D-2019', 0)":"LEGISLACION GENERAL","('0163-D-2019', 1)":"LEGISLACION DEL TRABAJO","('0163-D-2019', 2)":"MUJERES Y DIVERSIDAD"},"('Tramites', 'C\u00c1MARA')":{"('0163-D-2019', 0)":"Diputados","('0163-D-2019', 1)":null,"('0163-D-2019', 2)":null},"('Tramites', 'MOVIMIENTO')":{"('0163-D-2019', 0)":"RESOLUCION DE PRESIDENCIA - AMPLIACION DE GIRO A LA COMISION DE MUJERES Y DIVERSIDAD. SE SUPRIME EL GIRO A LAS COMISIONES DE FAMILIA, MUJER, NI\u00d1EZ Y ADOLESCENCIA.","('0163-D-2019', 1)":null,"('0163-D-2019', 2)":null},"('Tramites', 'FECHA')":{"('0163-D-2019', 0)":null,"('0163-D-2019', 1)":null,"('0163-D-2019', 2)":null},"('Tramites', 'RESULTADO')":{"('0163-D-2019', 0)":null,"('0163-D-2019', 1)":null,"('0163-D-2019', 2)":null},"Link":{"('0163-D-2019', 0)":"https:\/\/www.hcdn.gob.ar\/proyectos\/textoCompleto.jsp?exp=0163-D-2019&tipo=LEY","('0163-D-2019', 1)":null,"('0163-D-2019', 2)":null},"Palabra Clave":{"('0163-D-2019', 0)":" ","('0163-D-2019', 1)":null,"('0163-D-2019', 2)":null}}