{"Tipo de Proyecto":{"('0163-PE-2019', 0)":"MENSAJE NRO: 0121\/19","('0163-PE-2019', 1)":null},"Iniciado en: ":{"('0163-PE-2019', 0)":"Senado","('0163-PE-2019', 1)":null},"Expediente Senado: ":{"('0163-PE-2019', 0)":"0163-PE-2019","('0163-PE-2019', 1)":null},"Publicado en: ":{"('0163-PE-2019', 0)":"DAE S.A. N\u00b0 14","('0163-PE-2019', 1)":null},"Fecha: ":{"('0163-PE-2019', 0)":"10\/07\/2019","('0163-PE-2019', 1)":null},"T\u00edtulo":{"('0163-PE-2019', 0)":"SOLICITA ACUERDO PARA DESIGNAR DEFENSORA PUBLICA OFICIAL ANTE EL TRIBUNAL ORAL EN LO CRIMINAL FEDERAL DE MAR DEL PLATA, PROVINCIA DE BUENOS AIRES, A LA DRA. NATALIA ELOISA CASTRO.","('0163-PE-2019', 1)":null},"('Firmantes', 'FIRMANTE')":{"('0163-PE-2019', 0)":"MACRI, MAURICIO","('0163-PE-2019', 1)":"GARAVANO, GERMAN CARLOS"},"('Firmantes', 'DISTRITO')":{"('0163-PE-2019', 0)":null,"('0163-PE-2019', 1)":null},"('Firmantes', 'BLOQUE')":{"('0163-PE-2019', 0)":"PODER EJECUTIVO","('0163-PE-2019', 1)":"PODER EJECUTIVO"},"('Tramites', 'C\u00c1MARA')":{"('0163-PE-2019', 0)":"Senado","('0163-PE-2019', 1)":"Senado"},"('Tramites', 'MOVIMIENTO')":{"('0163-PE-2019', 0)":"SOLICITUD DE RETIRO DEL ACUERDO (MENSAJE 19\/20)","('0163-PE-2019', 1)":"CONSIDERACION Y APROBACION DEL RETIRO"},"('Tramites', 'FECHA')":{"('0163-PE-2019', 0)":null,"('0163-PE-2019', 1)":"20\/02\/2020"},"('Tramites', 'RESULTADO')":{"('0163-PE-2019', 0)":null,"('0163-PE-2019', 1)":"RETIRADO"},"Palabra Clave":{"('0163-PE-2019', 0)":" ","('0163-PE-2019', 1)":null}}