{"Tipo de Proyecto":{"('0163-S-2019', 0)":"PROYECTO DE LEY"},"Iniciado en: ":{"('0163-S-2019', 0)":"Senado"},"Expediente Senado: ":{"('0163-S-2019', 0)":"0163-S-2019"},"Publicado en: ":{"('0163-S-2019', 0)":"Diario de Asuntos Entrados N\u00b0 9"},"Fecha: ":{"('0163-S-2019', 0)":"06\/03\/2019"},"T\u00edtulo":{"('0163-S-2019', 0)":"INCORPORAR LA TECNOLOGIA DE EMISION SONORA A LOS SEMAFOROS PEATONALES EN TODO EL TERRITORIO NACIONAL, PARA EL USO AUTONOMO DE PERSONAS CIEGAS Y DISMINUIDAS VISUALES."},"('Firmantes', 'FIRMANTE')":{"('0163-S-2019', 0)":"BASUALDO, ROBERTO GUSTAVO"},"('Firmantes', 'DISTRITO')":{"('0163-S-2019', 0)":"SAN JUAN"},"('Firmantes', 'BLOQUE')":{"('0163-S-2019', 0)":"PRODUCCION Y TRABAJO"},"Link":{"('0163-S-2019', 0)":"http:\/\/www.senado.gov.ar\/parlamentario\/comisiones\/verExp\/163.19\/S\/PL"},"Palabra Clave":{"('0163-S-2019', 0)":" "}}