{"Tipo de Proyecto":{"('0164-D-2019', 0)":"PROYECTO DE LEY","('0164-D-2019', 1)":null},"Iniciado en: ":{"('0164-D-2019', 0)":"Diputados","('0164-D-2019', 1)":null},"Expediente Diputados: ":{"('0164-D-2019', 0)":"0164-D-2019","('0164-D-2019', 1)":null},"Publicado en: ":{"('0164-D-2019', 0)":"Tr\u00e1mite Parlamentario N\u00b0 1","('0164-D-2019', 1)":null},"Fecha: ":{"('0164-D-2019', 0)":"06\/03\/2019","('0164-D-2019', 1)":null},"T\u00edtulo":{"('0164-D-2019', 0)":"EDUCACION NACIONAL - LEY 26206 - MODIFICACION SOBRE LA EDUCACION ALIMENTARIA NUTRICIONAL  - EAN -.","('0164-D-2019', 1)":null},"('Firmantes', 'FIRMANTE')":{"('0164-D-2019', 0)":"RISTA, OLGA MARIA","('0164-D-2019', 1)":null},"('Firmantes', 'DISTRITO')":{"('0164-D-2019', 0)":"CORDOBA","('0164-D-2019', 1)":null},"('Firmantes', 'BLOQUE')":{"('0164-D-2019', 0)":"UCR","('0164-D-2019', 1)":null},"('Giros', 'COMISI\u00d3N')":{"('0164-D-2019', 0)":"EDUCACION","('0164-D-2019', 1)":"ACCION SOCIAL Y SALUD PUBLICA"},"Sumario":{"('0164-D-2019', 0)":"INCORPORACION DE ARTICULO 89 BIS.","('0164-D-2019', 1)":null},"Palabra Clave":{"('0164-D-2019', 0)":" ","('0164-D-2019', 1)":null}}