{"Tipo de Proyecto":{"('0165-S-2019', 0)":"PROYECTO DE LEY"},"Iniciado en: ":{"('0165-S-2019', 0)":"Senado"},"Expediente Senado: ":{"('0165-S-2019', 0)":"0165-S-2019"},"Publicado en: ":{"('0165-S-2019', 0)":"Diario de Asuntos Entrados N\u00b0 9"},"Fecha: ":{"('0165-S-2019', 0)":"06\/03\/2019"},"T\u00edtulo":{"('0165-S-2019', 0)":"CREACION DEL REGISTRO DE CASAS DE FAMILIAS QUE ALBERGUEN FAMILIARES O PERSONAS A CARGO DEL CUIDADO DE PACIENTES INTERNADOS O BAJO TRATAMIENTO MEDICO EN HOSPITALES PUBLICOS O CLINICAS PRIVADAS."},"('Firmantes', 'FIRMANTE')":{"('0165-S-2019', 0)":"BASUALDO, ROBERTO GUSTAVO"},"('Firmantes', 'DISTRITO')":{"('0165-S-2019', 0)":"SAN JUAN"},"('Firmantes', 'BLOQUE')":{"('0165-S-2019', 0)":"PRODUCCION Y TRABAJO"},"Sumario":{"('0165-S-2019', 0)":"OBJETIVOS; REQUISITOS; ACREDITACION DE LOS FAMILIARES O PERSONAS QUE DESEEN HACER USO DE ESTE ALOJAMIENTO TEMPORAL; INVITACION A ADHERIR."},"Palabra Clave":{"('0165-S-2019', 0)":" "}}