{"Tipo de Proyecto":{"('0166-S-2019', 0)":"PROYECTO DE LEY"},"Iniciado en: ":{"('0166-S-2019', 0)":"Senado"},"Expediente Senado: ":{"('0166-S-2019', 0)":"0166-S-2019"},"Publicado en: ":{"('0166-S-2019', 0)":"Diario de Asuntos Entrados N\u00b0 9"},"Fecha: ":{"('0166-S-2019', 0)":"06\/03\/2019"},"T\u00edtulo":{"('0166-S-2019', 0)":"ESTABLECER UNA GUARDIA PERMANENTE DE HONOR DEL REGIMIENTO DE PATRICIOS PARA EL GENERAL MANUEL BELGRANO EN EL CONVENTO DE SANTO DOMINGO, DONDE SE ENCUENTRA SEPULTADO."},"('Firmantes', 'FIRMANTE')":{"('0166-S-2019', 0)":"BASUALDO, ROBERTO GUSTAVO"},"('Firmantes', 'DISTRITO')":{"('0166-S-2019', 0)":"SAN JUAN"},"('Firmantes', 'BLOQUE')":{"('0166-S-2019', 0)":"PRODUCCION Y TRABAJO"},"Link":{"('0166-S-2019', 0)":"http:\/\/www.senado.gov.ar\/parlamentario\/comisiones\/verExp\/166.19\/S\/PL"},"Palabra Clave":{"('0166-S-2019', 0)":" "}}