{"Tipo de Proyecto":{"('0166-D-2019', 0)":"PROYECTO DE LEY","('0166-D-2019', 1)":null},"Iniciado en: ":{"('0166-D-2019', 0)":"Diputados","('0166-D-2019', 1)":null},"Expediente Diputados: ":{"('0166-D-2019', 0)":"0166-D-2019","('0166-D-2019', 1)":null},"Publicado en: ":{"('0166-D-2019', 0)":"Tr\u00e1mite Parlamentario N\u00b0 1","('0166-D-2019', 1)":null},"Fecha: ":{"('0166-D-2019', 0)":"06\/03\/2019","('0166-D-2019', 1)":null},"T\u00edtulo":{"('0166-D-2019', 0)":"PREMIO NACIONAL DE LITERATURA \" JORGE LUIS BORGES \", PARA JOVENES ADULTOS\/AS. CREACION.","('0166-D-2019', 1)":null},"('Firmantes', 'FIRMANTE')":{"('0166-D-2019', 0)":"RISTA, OLGA MARIA","('0166-D-2019', 1)":null},"('Firmantes', 'DISTRITO')":{"('0166-D-2019', 0)":"CORDOBA","('0166-D-2019', 1)":null},"('Firmantes', 'BLOQUE')":{"('0166-D-2019', 0)":"UCR","('0166-D-2019', 1)":null},"('Giros', 'COMISI\u00d3N')":{"('0166-D-2019', 0)":"CULTURA","('0166-D-2019', 1)":"PRESUPUESTO Y HACIENDA"},"Sumario":{"('0166-D-2019', 0)":"REQUISITOS; JURADO.","('0166-D-2019', 1)":null},"Palabra Clave":{"('0166-D-2019', 0)":" ","('0166-D-2019', 1)":null}}