{"Tipo de Proyecto":{"('0168-S-2019', 0)":"PROYECTO DE LEY"},"Iniciado en: ":{"('0168-S-2019', 0)":"Senado"},"Expediente Senado: ":{"('0168-S-2019', 0)":"0168-S-2019"},"Publicado en: ":{"('0168-S-2019', 0)":"Diario de Asuntos Entrados N\u00b0 9"},"Fecha: ":{"('0168-S-2019', 0)":"06\/03\/2019"},"T\u00edtulo":{"('0168-S-2019', 0)":"SUPRIMIR EL TOPE DE 35 A\u00d1OS DE APORTES QUE ESTABLECE EL ARTICULO 24 DE LA LEY 24241 - SISTEMA INTEGRADO DE JUBILACIONES Y PENSIONES -, PARA CALCULAR LA PRESTACION COMPENSATORIA."},"('Firmantes', 'FIRMANTE')":{"('0168-S-2019', 0)":"BASUALDO, ROBERTO GUSTAVO"},"('Firmantes', 'DISTRITO')":{"('0168-S-2019', 0)":"SAN JUAN"},"('Firmantes', 'BLOQUE')":{"('0168-S-2019', 0)":"PRODUCCION Y TRABAJO"},"Sumario":{"('0168-S-2019', 0)":"DEROGACION DE LOS ARTICULOS 25 Y 26 DE LA LEY 24241."},"Palabra Clave":{"('0168-S-2019', 0)":" "}}