{"Tipo de Proyecto":{"('0168-D-2019', 0)":"PROYECTO DE RESOLUCI\u00d3N","('0168-D-2019', 1)":null,"('0168-D-2019', 2)":null,"('0168-D-2019', 3)":null,"('0168-D-2019', 4)":null},"Iniciado en: ":{"('0168-D-2019', 0)":"Diputados","('0168-D-2019', 1)":null,"('0168-D-2019', 2)":null,"('0168-D-2019', 3)":null,"('0168-D-2019', 4)":null},"Expediente Diputados: ":{"('0168-D-2019', 0)":"0168-D-2019","('0168-D-2019', 1)":null,"('0168-D-2019', 2)":null,"('0168-D-2019', 3)":null,"('0168-D-2019', 4)":null},"Publicado en: ":{"('0168-D-2019', 0)":"Tr\u00e1mite Parlamentario N\u00b0 1","('0168-D-2019', 1)":null,"('0168-D-2019', 2)":null,"('0168-D-2019', 3)":null,"('0168-D-2019', 4)":null},"Fecha: ":{"('0168-D-2019', 0)":"06\/03\/2019","('0168-D-2019', 1)":null,"('0168-D-2019', 2)":null,"('0168-D-2019', 3)":null,"('0168-D-2019', 4)":null},"T\u00edtulo":{"('0168-D-2019', 0)":"DECLARAR DE INTERES DE LA H. CAMARA EL EVENTO INFORMATICO \"ARDUINO DAY\", A REALIZARSE EL 23 DE MARZO DE 2019 EN LA CIUDAD AUTONOMA DE BUENOS AIRES.","('0168-D-2019', 1)":null,"('0168-D-2019', 2)":null,"('0168-D-2019', 3)":null,"('0168-D-2019', 4)":null},"('Firmantes', 'FIRMANTE')":{"('0168-D-2019', 0)":"MORALES, FLAVIA","('0168-D-2019', 1)":"WELLBACH, RICARDO","('0168-D-2019', 2)":"BERISSO, HERNAN","('0168-D-2019', 3)":"DI STEFANO, DANIEL","('0168-D-2019', 4)":"DERNA, VERONICA"},"('Firmantes', 'DISTRITO')":{"('0168-D-2019', 0)":"MISIONES","('0168-D-2019', 1)":"MISIONES","('0168-D-2019', 2)":"BUENOS AIRES","('0168-D-2019', 3)":"MISIONES","('0168-D-2019', 4)":"MISIONES"},"('Firmantes', 'BLOQUE')":{"('0168-D-2019', 0)":"FRENTE DE LA CONCORDIA MISIONERO","('0168-D-2019', 1)":"FRENTE DE LA CONCORDIA MISIONERO","('0168-D-2019', 2)":"PRO","('0168-D-2019', 3)":"FRENTE DE LA CONCORDIA MISIONERO","('0168-D-2019', 4)":"FRENTE DE LA CONCORDIA MISIONERO"},"('Giros', 'COMISI\u00d3N')":{"('0168-D-2019', 0)":"COMUNICACIONES E INFORMATICA","('0168-D-2019', 1)":null,"('0168-D-2019', 2)":null,"('0168-D-2019', 3)":null,"('0168-D-2019', 4)":null},"('Tramites', 'C\u00c1MARA')":{"('0168-D-2019', 0)":"Diputados","('0168-D-2019', 1)":null,"('0168-D-2019', 2)":null,"('0168-D-2019', 3)":null,"('0168-D-2019', 4)":null},"('Tramites', 'MOVIMIENTO')":{"('0168-D-2019', 0)":"APROBACION ARTICULO 114 DEL REGLAMENTO DE LA H CAMARA DE DIPUTADOS; COMUNICADO EL 23\/05\/2019","('0168-D-2019', 1)":null,"('0168-D-2019', 2)":null,"('0168-D-2019', 3)":null,"('0168-D-2019', 4)":null},"('Tramites', 'FECHA')":{"('0168-D-2019', 0)":null,"('0168-D-2019', 1)":null,"('0168-D-2019', 2)":null,"('0168-D-2019', 3)":null,"('0168-D-2019', 4)":null},"('Tramites', 'RESULTADO')":{"('0168-D-2019', 0)":"APROBADO","('0168-D-2019', 1)":null,"('0168-D-2019', 2)":null,"('0168-D-2019', 3)":null,"('0168-D-2019', 4)":null},"Link":{"('0168-D-2019', 0)":"https:\/\/www.hcdn.gob.ar\/proyectos\/textoCompleto.jsp?exp=0168-D-2019&tipo=RESOLUCION","('0168-D-2019', 1)":null,"('0168-D-2019', 2)":null,"('0168-D-2019', 3)":null,"('0168-D-2019', 4)":null},"Palabra Clave":{"('0168-D-2019', 0)":" ","('0168-D-2019', 1)":null,"('0168-D-2019', 2)":null,"('0168-D-2019', 3)":null,"('0168-D-2019', 4)":null}}