{"Tipo de Proyecto":{"('0169-D-2019', 0)":"PROYECTO DE LEY","('0169-D-2019', 1)":null,"('0169-D-2019', 2)":null},"Iniciado en: ":{"('0169-D-2019', 0)":"Diputados","('0169-D-2019', 1)":null,"('0169-D-2019', 2)":null},"Expediente Diputados: ":{"('0169-D-2019', 0)":"0169-D-2019","('0169-D-2019', 1)":null,"('0169-D-2019', 2)":null},"Publicado en: ":{"('0169-D-2019', 0)":"Tr\u00e1mite Parlamentario N\u00b0 1","('0169-D-2019', 1)":null,"('0169-D-2019', 2)":null},"Fecha: ":{"('0169-D-2019', 0)":"06\/03\/2019","('0169-D-2019', 1)":null,"('0169-D-2019', 2)":null},"T\u00edtulo":{"('0169-D-2019', 0)":"DECLARASE SERVICIO PUBLICO AL SERVICIO DE TELEFONIA MOVIL.","('0169-D-2019', 1)":null,"('0169-D-2019', 2)":null},"('Firmantes', 'FIRMANTE')":{"('0169-D-2019', 0)":"MARTINEZ, DARIO","('0169-D-2019', 1)":"SORIA, MARIA EMILIA","('0169-D-2019', 2)":"CIAMPINI, JOSE ALBERTO"},"('Firmantes', 'DISTRITO')":{"('0169-D-2019', 0)":"NEUQUEN","('0169-D-2019', 1)":"RIO NEGRO","('0169-D-2019', 2)":"NEUQUEN"},"('Firmantes', 'BLOQUE')":{"('0169-D-2019', 0)":"FRENTE PARA LA VICTORIA - PJ","('0169-D-2019', 1)":"FRENTE PARA LA VICTORIA - PJ","('0169-D-2019', 2)":"FRENTE PARA LA VICTORIA - PJ"},"('Giros', 'COMISI\u00d3N')":{"('0169-D-2019', 0)":"COMUNICACIONES E INFORMATICA","('0169-D-2019', 1)":"DEFENSA DEL CONSUMIDOR, DEL USUARIO Y DE LA COMPETENCIA","('0169-D-2019', 2)":"LEGISLACION GENERAL"},"Sumario":{"('0169-D-2019', 0)":"MARCO REGULATORIO DE LA TELEFONIA MOVIL; PROHIBICION DE LA MODIFICACION UNILATERAL DEL CONTRATO DE SERVICIO, QUE IMPLIQUE EL COBRO DE COSTOS ADICIONALES DERIVADOS DE LA ACTUALIZACION TECNOLOGICA EN LA PRESTACION DEL SERVICIO DE TELEFONIA MOVIL; DERECHOS DE LOS USUARIOS; DEBERES DE LAS EMPRESAS PRESTATARIAS; TARIFAS; TECNOLOGIAS.","('0169-D-2019', 1)":null,"('0169-D-2019', 2)":null},"Palabra Clave":{"('0169-D-2019', 0)":" ","('0169-D-2019', 1)":null,"('0169-D-2019', 2)":null}}