{"Tipo de Proyecto":{"('0170-S-2019', 0)":"PROYECTO DE LEY"},"Iniciado en: ":{"('0170-S-2019', 0)":"Senado"},"Expediente Senado: ":{"('0170-S-2019', 0)":"0170-S-2019"},"Publicado en: ":{"('0170-S-2019', 0)":"Diario de Asuntos Entrados N\u00b0 9"},"Fecha: ":{"('0170-S-2019', 0)":"06\/03\/2019"},"T\u00edtulo":{"('0170-S-2019', 0)":"ESTABLECER PARA LOS DECRETOS DE NECESIDAD Y URGENCIA LA ASIGNACION DE UNA NUMERACION ORDINAL PROPIA Y A PUBLICARLOS EN EL BOLETIN OFICIAL BAJO UN EPIGRAFE ESPECIFICO."},"('Firmantes', 'FIRMANTE')":{"('0170-S-2019', 0)":"BASUALDO, ROBERTO GUSTAVO"},"('Firmantes', 'DISTRITO')":{"('0170-S-2019', 0)":"SAN JUAN"},"('Firmantes', 'BLOQUE')":{"('0170-S-2019', 0)":"PRODUCCION Y TRABAJO"},"Link":{"('0170-S-2019', 0)":"http:\/\/www.senado.gov.ar\/parlamentario\/comisiones\/verExp\/170.19\/S\/PL"},"Palabra Clave":{"('0170-S-2019', 0)":" "}}