{"Tipo de Proyecto":{"('0171-D-2019', 0)":"PROYECTO DE LEY","('0171-D-2019', 1)":null,"('0171-D-2019', 2)":null},"Iniciado en: ":{"('0171-D-2019', 0)":"Diputados","('0171-D-2019', 1)":null,"('0171-D-2019', 2)":null},"Expediente Diputados: ":{"('0171-D-2019', 0)":"0171-D-2019","('0171-D-2019', 1)":null,"('0171-D-2019', 2)":null},"Publicado en: ":{"('0171-D-2019', 0)":"Tr\u00e1mite Parlamentario N\u00b0 2","('0171-D-2019', 1)":null,"('0171-D-2019', 2)":null},"Fecha: ":{"('0171-D-2019', 0)":"07\/03\/2019","('0171-D-2019', 1)":null,"('0171-D-2019', 2)":null},"T\u00edtulo":{"('0171-D-2019', 0)":"CONFLICTO ARMADO DEL ATLANTICO SUR EN 1982. SE CONSIDERA CRIMEN DE LESA HUMANIDAD A LAS TORTURAS, ACTOS CRUELES Y TRATOS INHUMANOS Y\/O DEGRADANTES SUFRIDOS POR PERSONAL CIVIL, SOLDADOS Y\/O CONSCRIPTOS.","('0171-D-2019', 1)":null,"('0171-D-2019', 2)":null},"('Firmantes', 'FIRMANTE')":{"('0171-D-2019', 0)":"MARTINEZ, DARIO","('0171-D-2019', 1)":"SORIA, MARIA EMILIA","('0171-D-2019', 2)":"CIAMPINI, JOSE ALBERTO"},"('Firmantes', 'DISTRITO')":{"('0171-D-2019', 0)":"NEUQUEN","('0171-D-2019', 1)":"RIO NEGRO","('0171-D-2019', 2)":"NEUQUEN"},"('Firmantes', 'BLOQUE')":{"('0171-D-2019', 0)":"FRENTE PARA LA VICTORIA - PJ","('0171-D-2019', 1)":"FRENTE PARA LA VICTORIA - PJ","('0171-D-2019', 2)":"FRENTE PARA LA VICTORIA - PJ"},"('Giros', 'COMISI\u00d3N')":{"('0171-D-2019', 0)":"LEGISLACION PENAL","('0171-D-2019', 1)":"DERECHOS HUMANOS Y GARANTIAS","('0171-D-2019', 2)":"DEFENSA NACIONAL"},"Link":{"('0171-D-2019', 0)":"https:\/\/www.hcdn.gob.ar\/proyectos\/textoCompleto.jsp?exp=0171-D-2019&tipo=LEY","('0171-D-2019', 1)":null,"('0171-D-2019', 2)":null},"Palabra Clave":{"('0171-D-2019', 0)":" ","('0171-D-2019', 1)":null,"('0171-D-2019', 2)":null}}