{"Tipo de Proyecto":{"('0172-D-2019', 0)":"PROYECTO DE LEY","('0172-D-2019', 1)":null,"('0172-D-2019', 2)":null},"Iniciado en: ":{"('0172-D-2019', 0)":"Diputados","('0172-D-2019', 1)":null,"('0172-D-2019', 2)":null},"Expediente Diputados: ":{"('0172-D-2019', 0)":"0172-D-2019","('0172-D-2019', 1)":null,"('0172-D-2019', 2)":null},"Publicado en: ":{"('0172-D-2019', 0)":"Tr\u00e1mite Parlamentario N\u00b0 2","('0172-D-2019', 1)":null,"('0172-D-2019', 2)":null},"Fecha: ":{"('0172-D-2019', 0)":"07\/03\/2019","('0172-D-2019', 1)":null,"('0172-D-2019', 2)":null},"T\u00edtulo":{"('0172-D-2019', 0)":"IMPUESTO AL VALOR AGREGADO IVA - LEY 23349 -. MODIFICACION DEL ARTICULO 7\u00b0, SOBRE EXIMICION DE PAGO DE IVA EN TARIFAS DE ENERGIA ELECTRICA Y GAS NATURAL A RESIDENTES PATAGONICOS. ","('0172-D-2019', 1)":null,"('0172-D-2019', 2)":null},"('Firmantes', 'FIRMANTE')":{"('0172-D-2019', 0)":"MARTINEZ, DARIO","('0172-D-2019', 1)":"SORIA, MARIA EMILIA","('0172-D-2019', 2)":"CIAMPINI, JOSE ALBERTO"},"('Firmantes', 'DISTRITO')":{"('0172-D-2019', 0)":"NEUQUEN","('0172-D-2019', 1)":"RIO NEGRO","('0172-D-2019', 2)":"NEUQUEN"},"('Firmantes', 'BLOQUE')":{"('0172-D-2019', 0)":"FRENTE PARA LA VICTORIA - PJ","('0172-D-2019', 1)":"FRENTE PARA LA VICTORIA - PJ","('0172-D-2019', 2)":"FRENTE PARA LA VICTORIA - PJ"},"('Giros', 'COMISI\u00d3N')":{"('0172-D-2019', 0)":"PRESUPUESTO Y HACIENDA","('0172-D-2019', 1)":null,"('0172-D-2019', 2)":null},"('Tramites', 'C\u00c1MARA')":{"('0172-D-2019', 0)":"Diputados","('0172-D-2019', 1)":"Diputados","('0172-D-2019', 2)":"Diputados"},"('Tramites', 'MOVIMIENTO')":{"('0172-D-2019', 0)":"CITACION SESION ESPECIAL","('0172-D-2019', 1)":"MOCION SOBRE TABLAS (NEGATIVA) (VOTACION NOMINAL)","('0172-D-2019', 2)":"MANIFESTACIONES"},"('Tramites', 'FECHA')":{"('0172-D-2019', 0)":"04\/04\/2019","('0172-D-2019', 1)":"04\/04\/2019","('0172-D-2019', 2)":"04\/04\/2019"},"('Tramites', 'RESULTADO')":{"('0172-D-2019', 0)":null,"('0172-D-2019', 1)":null,"('0172-D-2019', 2)":null},"Sumario":{"('0172-D-2019', 0)":"INCORPORACION DEL SUBINCISO 30 AL INCISO H) DEL ARTICULO 7.","('0172-D-2019', 1)":null,"('0172-D-2019', 2)":null},"Palabra Clave":{"('0172-D-2019', 0)":" ","('0172-D-2019', 1)":null,"('0172-D-2019', 2)":null}}