{"Tipo de Proyecto":{"('0172-PE-2019', 0)":"MENSAJE NRO: 0122\/19"},"Iniciado en: ":{"('0172-PE-2019', 0)":"Senado"},"Expediente Senado: ":{"('0172-PE-2019', 0)":"0172-PE-2019"},"Publicado en: ":{"('0172-PE-2019', 0)":"Diario de Asuntos Entrados N\u00b0 0"},"Fecha: ":{"('0172-PE-2019', 0)":"05\/07\/2019"},"T\u00edtulo":{"('0172-PE-2019', 0)":"COMUNICACION DEL DECRETO 423\/19, POR EL QUE SE LLAMA A LICITACION PUBLICA NACIONAL E INTERNACIONAL, PARA OTORGAR LA CONCESION PARA LA CONSTRUCCION, MANTENIMIENTO Y OPERACION DE LAS LINEAS URQUIZA Y BELGRANO NORTE."},"('Firmantes', 'FIRMANTE')":{"('0172-PE-2019', 0)":"MACRI, MAURICIO"},"('Firmantes', 'DISTRITO')":{"('0172-PE-2019', 0)":null},"('Firmantes', 'BLOQUE')":{"('0172-PE-2019', 0)":"PODER EJECUTIVO"},"Palabra Clave":{"('0172-PE-2019', 0)":" "}}