{"Tipo de Proyecto":{"('0172-S-2019', 0)":"PROYECTO DE LEY"},"Iniciado en: ":{"('0172-S-2019', 0)":"Senado"},"Expediente Senado: ":{"('0172-S-2019', 0)":"0172-S-2019"},"Publicado en: ":{"('0172-S-2019', 0)":"Diario de Asuntos Entrados N\u00b0 9"},"Fecha: ":{"('0172-S-2019', 0)":"06\/03\/2019"},"T\u00edtulo":{"('0172-S-2019', 0)":"INSTITUIR EL DIA NACIONAL DEL EMPRENDEDOR, EL PRIMER DIA HABIL DE LA TERCER SEMANA DE NOVIEMBRE DE CADA A\u00d1O, EN LA SEMANA GLOBAL DEL EMPRENDEDORISMO."},"('Firmantes', 'FIRMANTE')":{"('0172-S-2019', 0)":"BASUALDO, ROBERTO GUSTAVO"},"('Firmantes', 'DISTRITO')":{"('0172-S-2019', 0)":"SAN JUAN"},"('Firmantes', 'BLOQUE')":{"('0172-S-2019', 0)":"PRODUCCION Y TRABAJO"},"Link":{"('0172-S-2019', 0)":"http:\/\/www.senado.gov.ar\/parlamentario\/comisiones\/verExp\/172.19\/S\/PL"},"Palabra Clave":{"('0172-S-2019', 0)":" "}}