{"Tipo de Proyecto":{"('0174-S-2019', 0)":"PROYECTO DE LEY"},"Iniciado en: ":{"('0174-S-2019', 0)":"Senado"},"Expediente Senado: ":{"('0174-S-2019', 0)":"0174-S-2019"},"Publicado en: ":{"('0174-S-2019', 0)":"Diario de Asuntos Entrados N\u00b0 9"},"Fecha: ":{"('0174-S-2019', 0)":"06\/03\/2019"},"T\u00edtulo":{"('0174-S-2019', 0)":"INCORPORAR AL CALENDARIO ANUAL DE VACUNACION LA VACUNA CONTRA LA CULEBRILLA, PARA ADULTOS MAYORES DE 50 A\u00d1OS."},"('Firmantes', 'FIRMANTE')":{"('0174-S-2019', 0)":"BASUALDO, ROBERTO GUSTAVO"},"('Firmantes', 'DISTRITO')":{"('0174-S-2019', 0)":"SAN JUAN"},"('Firmantes', 'BLOQUE')":{"('0174-S-2019', 0)":"PRODUCCION Y TRABAJO"},"Sumario":{"('0174-S-2019', 0)":"VACUNA GRATUITA Y OBLIGATORIA."},"Palabra Clave":{"('0174-S-2019', 0)":" "}}