{"Tipo de Proyecto":{"('0175-PE-2019', 0)":"MENSAJE NRO: 0130\/19","('0175-PE-2019', 1)":null},"Iniciado en: ":{"('0175-PE-2019', 0)":"Senado","('0175-PE-2019', 1)":null},"Expediente Senado: ":{"('0175-PE-2019', 0)":"0175-PE-2019","('0175-PE-2019', 1)":null},"Publicado en: ":{"('0175-PE-2019', 0)":"DAE S.A. N\u00b0 25","('0175-PE-2019', 1)":null},"Fecha: ":{"('0175-PE-2019', 0)":"08\/11\/2019","('0175-PE-2019', 1)":null},"T\u00edtulo":{"('0175-PE-2019', 0)":"SOLICITA ACUERDO PARA DESIGNAR JUEZA DEL JUZGADO NACIONAL DE PRIMERA INSTANCIA EN LO CIVIL Y COMERCIAL FEDERAL N\u00b0 3 DE LA CAPITAL FEDERAL, A LA DOCTORA XIMENA ROCHA.","('0175-PE-2019', 1)":null},"('Firmantes', 'FIRMANTE')":{"('0175-PE-2019', 0)":"MACRI, MAURICIO","('0175-PE-2019', 1)":"GARAVANO, GERMAN CARLOS"},"('Firmantes', 'DISTRITO')":{"('0175-PE-2019', 0)":null,"('0175-PE-2019', 1)":null},"('Firmantes', 'BLOQUE')":{"('0175-PE-2019', 0)":"PODER EJECUTIVO","('0175-PE-2019', 1)":"PODER EJECUTIVO"},"('Tramites', 'C\u00c1MARA')":{"('0175-PE-2019', 0)":"Senado","('0175-PE-2019', 1)":"Senado"},"('Tramites', 'MOVIMIENTO')":{"('0175-PE-2019', 0)":"SOLICITUD DE RETIRO DEL ACUERDO (MENSAJE 19\/20)","('0175-PE-2019', 1)":"CONSIDERACION Y APROBACION DEL RETIRO"},"('Tramites', 'FECHA')":{"('0175-PE-2019', 0)":null,"('0175-PE-2019', 1)":"20\/02\/2020"},"('Tramites', 'RESULTADO')":{"('0175-PE-2019', 0)":null,"('0175-PE-2019', 1)":"RETIRADO"},"Palabra Clave":{"('0175-PE-2019', 0)":" ","('0175-PE-2019', 1)":null}}