{"Tipo de Proyecto":{"('0176-D-2019', 0)":"PROYECTO DE LEY","('0176-D-2019', 1)":null,"('0176-D-2019', 2)":null},"Iniciado en: ":{"('0176-D-2019', 0)":"Diputados","('0176-D-2019', 1)":null,"('0176-D-2019', 2)":null},"Expediente Diputados: ":{"('0176-D-2019', 0)":"0176-D-2019","('0176-D-2019', 1)":null,"('0176-D-2019', 2)":null},"Publicado en: ":{"('0176-D-2019', 0)":"Tr\u00e1mite Parlamentario N\u00b0 2","('0176-D-2019', 1)":null,"('0176-D-2019', 2)":null},"Fecha: ":{"('0176-D-2019', 0)":"07\/03\/2019","('0176-D-2019', 1)":null,"('0176-D-2019', 2)":null},"T\u00edtulo":{"('0176-D-2019', 0)":"DESIGNAR CON EL NOMBRE DE MAESTRO CARLOS FUENTEALBA A LA RUTA NACIONAL 22, TRAMO: RIO NEUQUEN - ZAPALA, PROVINCIA DEL NEUQUEN. ","('0176-D-2019', 1)":null,"('0176-D-2019', 2)":null},"('Firmantes', 'FIRMANTE')":{"('0176-D-2019', 0)":"MARTINEZ, DARIO","('0176-D-2019', 1)":"SORIA, MARIA EMILIA","('0176-D-2019', 2)":"CIAMPINI, JOSE ALBERTO"},"('Firmantes', 'DISTRITO')":{"('0176-D-2019', 0)":"NEUQUEN","('0176-D-2019', 1)":"RIO NEGRO","('0176-D-2019', 2)":"NEUQUEN"},"('Firmantes', 'BLOQUE')":{"('0176-D-2019', 0)":"FRENTE PARA LA VICTORIA - PJ","('0176-D-2019', 1)":"FRENTE PARA LA VICTORIA - PJ","('0176-D-2019', 2)":"FRENTE PARA LA VICTORIA - PJ"},"('Giros', 'COMISI\u00d3N')":{"('0176-D-2019', 0)":"TRANSPORTES","('0176-D-2019', 1)":null,"('0176-D-2019', 2)":null},"Link":{"('0176-D-2019', 0)":"https:\/\/www.hcdn.gob.ar\/proyectos\/textoCompleto.jsp?exp=0176-D-2019&tipo=LEY","('0176-D-2019', 1)":null,"('0176-D-2019', 2)":null},"Palabra Clave":{"('0176-D-2019', 0)":" ","('0176-D-2019', 1)":null,"('0176-D-2019', 2)":null}}