{"Tipo de Proyecto":{"('0176-S-2019', 0)":"PROYECTO DE LEY"},"Iniciado en: ":{"('0176-S-2019', 0)":"Senado"},"Expediente Senado: ":{"('0176-S-2019', 0)":"0176-S-2019"},"Publicado en: ":{"('0176-S-2019', 0)":"Diario de Asuntos Entrados N\u00b0 9"},"Fecha: ":{"('0176-S-2019', 0)":"06\/03\/2019"},"T\u00edtulo":{"('0176-S-2019', 0)":"ESTABLECER LA SE\u00d1ALIZACION CON COLOR ROJO Y LA PALABRA \"S.O.S.\" EN LAS AUTOPISTAS, PARA LA CIRCULACION DE VEHICULOS DE EMERGENCIAS, POLICIAS, BOMBEROS Y AMBULANCIAS."},"('Firmantes', 'FIRMANTE')":{"('0176-S-2019', 0)":"BASUALDO, ROBERTO GUSTAVO"},"('Firmantes', 'DISTRITO')":{"('0176-S-2019', 0)":"SAN JUAN"},"('Firmantes', 'BLOQUE')":{"('0176-S-2019', 0)":"PRODUCCION Y TRABAJO"},"Sumario":{"('0176-S-2019', 0)":"DESIGNAR COMO CARRILES O CORREDORES DE EMERGENCIA A LOS CARRILES CENTRALES DE AVENIDAS O AUTOPISTAS DE DOS (2) O MAS VIAS; APARTAMIENTO HACIA LA DERECHA Y HACIA LA IZQUIERDA DE LOS DEMAS VEHICULOS; INVITACION A ADHERIR."},"Palabra Clave":{"('0176-S-2019', 0)":" "}}