{"Tipo de Proyecto":{"('0177-PE-2019', 0)":"MENSAJE NRO: 0131\/19","('0177-PE-2019', 1)":null},"Iniciado en: ":{"('0177-PE-2019', 0)":"Senado","('0177-PE-2019', 1)":null},"Expediente Senado: ":{"('0177-PE-2019', 0)":"0177-PE-2019","('0177-PE-2019', 1)":null},"Publicado en: ":{"('0177-PE-2019', 0)":"DAE S.A. N\u00b0 15","('0177-PE-2019', 1)":null},"Fecha: ":{"('0177-PE-2019', 0)":"29\/07\/2019","('0177-PE-2019', 1)":null},"T\u00edtulo":{"('0177-PE-2019', 0)":"SOLICITAR ACUERDO PARA DESIGNAR JUEZ DE CAMARA DEL TRIBUNAL ORAL EN LO CRIMINAL Y CORRECCIONAL N\u00b0 25 DE LA CAPITAL FEDERAL, AL DOCTOR RODOLFO BUSTOS LAMBERT.","('0177-PE-2019', 1)":null},"('Firmantes', 'FIRMANTE')":{"('0177-PE-2019', 0)":"MACRI, MAURICIO","('0177-PE-2019', 1)":"GARAVANO, GERMAN CARLOS"},"('Firmantes', 'DISTRITO')":{"('0177-PE-2019', 0)":null,"('0177-PE-2019', 1)":null},"('Firmantes', 'BLOQUE')":{"('0177-PE-2019', 0)":"PODER EJECUTIVO","('0177-PE-2019', 1)":"PODER EJECUTIVO"},"Palabra Clave":{"('0177-PE-2019', 0)":" ","('0177-PE-2019', 1)":null}}