{"Tipo de Proyecto":{"('0178-D-2019', 0)":"PROYECTO DE DECLARACI\u00d3N","('0178-D-2019', 1)":null,"('0178-D-2019', 2)":null},"Iniciado en: ":{"('0178-D-2019', 0)":"Diputados","('0178-D-2019', 1)":null,"('0178-D-2019', 2)":null},"Expediente Diputados: ":{"('0178-D-2019', 0)":"0178-D-2019","('0178-D-2019', 1)":null,"('0178-D-2019', 2)":null},"Publicado en: ":{"('0178-D-2019', 0)":"Tr\u00e1mite Parlamentario N\u00b0 2","('0178-D-2019', 1)":null,"('0178-D-2019', 2)":null},"Fecha: ":{"('0178-D-2019', 0)":"07\/03\/2019","('0178-D-2019', 1)":null,"('0178-D-2019', 2)":null},"T\u00edtulo":{"('0178-D-2019', 0)":"EXPRESAR PREOCUPACION POR LA PERDIDA DE PUESTOS DE TRABAJO DURANTE EL A\u00d1O 2018.","('0178-D-2019', 1)":null,"('0178-D-2019', 2)":null},"('Firmantes', 'FIRMANTE')":{"('0178-D-2019', 0)":"ASENCIO, FERNANDO","('0178-D-2019', 1)":null,"('0178-D-2019', 2)":null},"('Firmantes', 'DISTRITO')":{"('0178-D-2019', 0)":"BUENOS AIRES","('0178-D-2019', 1)":null,"('0178-D-2019', 2)":null},"('Firmantes', 'BLOQUE')":{"('0178-D-2019', 0)":"RED POR ARGENTINA","('0178-D-2019', 1)":null,"('0178-D-2019', 2)":null},"('Giros', 'COMISI\u00d3N')":{"('0178-D-2019', 0)":"LEGISLACION DEL TRABAJO","('0178-D-2019', 1)":null,"('0178-D-2019', 2)":null},"('Tramites', 'C\u00c1MARA')":{"('0178-D-2019', 0)":"Diputados","('0178-D-2019', 1)":"Diputados","('0178-D-2019', 2)":"Diputados"},"('Tramites', 'MOVIMIENTO')":{"('0178-D-2019', 0)":"CITACION SESION ESPECIAL","('0178-D-2019', 1)":"MOCION SOBRE TABLAS (NEGATIVA) (VOTACION NOMINAL)","('0178-D-2019', 2)":"MANIFESTACIONES"},"('Tramites', 'FECHA')":{"('0178-D-2019', 0)":"04\/04\/2019","('0178-D-2019', 1)":"04\/04\/2019","('0178-D-2019', 2)":"04\/04\/2019"},"('Tramites', 'RESULTADO')":{"('0178-D-2019', 0)":null,"('0178-D-2019', 1)":null,"('0178-D-2019', 2)":null},"Link":{"('0178-D-2019', 0)":"https:\/\/www.hcdn.gob.ar\/proyectos\/textoCompleto.jsp?exp=0178-D-2019&tipo=DECLARACION","('0178-D-2019', 1)":null,"('0178-D-2019', 2)":null},"Palabra Clave":{"('0178-D-2019', 0)":" ","('0178-D-2019', 1)":null,"('0178-D-2019', 2)":null}}