{"Tipo de Proyecto":{"('0180-S-2019', 0)":"PROYECTO DE LEY"},"Iniciado en: ":{"('0180-S-2019', 0)":"Senado"},"Expediente Senado: ":{"('0180-S-2019', 0)":"0180-S-2019"},"Publicado en: ":{"('0180-S-2019', 0)":"Diario de Asuntos Entrados N\u00b0 9"},"Fecha: ":{"('0180-S-2019', 0)":"06\/03\/2019"},"T\u00edtulo":{"('0180-S-2019', 0)":"INCORPORAR AL CALENDARIO ANUAL DE VACUNACION LA VACUNA CONTRA LA ENFERMEDAD DE CHAGAS MAZZA Y SU COBERTURA POR PARTE DE LAS OBRAS SOCIALES. "},"('Firmantes', 'FIRMANTE')":{"('0180-S-2019', 0)":"BASUALDO, ROBERTO GUSTAVO"},"('Firmantes', 'DISTRITO')":{"('0180-S-2019', 0)":"SAN JUAN"},"('Firmantes', 'BLOQUE')":{"('0180-S-2019', 0)":"PRODUCCION Y TRABAJO"},"Link":{"('0180-S-2019', 0)":"http:\/\/www.senado.gov.ar\/parlamentario\/comisiones\/verExp\/180.19\/S\/PL"},"Palabra Clave":{"('0180-S-2019', 0)":" "}}