{"Tipo de Proyecto":{"('0181-S-2019', 0)":"COMUNICACION"},"Iniciado en: ":{"('0181-S-2019', 0)":"Senado"},"Expediente Senado: ":{"('0181-S-2019', 0)":"0181-S-2019"},"Publicado en: ":{"('0181-S-2019', 0)":"Diario de Asuntos Entrados N\u00b0 9"},"Fecha: ":{"('0181-S-2019', 0)":"06\/03\/2019"},"T\u00edtulo":{"('0181-S-2019', 0)":"SOLICITAR AL PODER EJECUTIVO LA REALIZACION DE UNA CAMPA\u00d1A DE DIFUSION EN REDES SOCIALES ORIENTADA A LA INFORMACION DE LOS BENEFICIOS DE LA LEY 27264 - PROGRAMA DE RECUPERACION PRODUCTIVA PARA PYMES-."},"('Firmantes', 'FIRMANTE')":{"('0181-S-2019', 0)":"BASUALDO, ROBERTO GUSTAVO"},"('Firmantes', 'DISTRITO')":{"('0181-S-2019', 0)":"SAN JUAN"},"('Firmantes', 'BLOQUE')":{"('0181-S-2019', 0)":"PRODUCCION Y TRABAJO"},"('Tramites', 'C\u00c1MARA')":{"('0181-S-2019', 0)":"Senado"},"('Tramites', 'MOVIMIENTO')":{"('0181-S-2019', 0)":"CONSIDERACION Y APROBACION"},"('Tramites', 'FECHA')":{"('0181-S-2019', 0)":"17\/07\/2019"},"('Tramites', 'RESULTADO')":{"('0181-S-2019', 0)":"APROBADO"},"Link":{"('0181-S-2019', 0)":"http:\/\/www.senado.gov.ar\/parlamentario\/comisiones\/verExp\/181.19\/S\/PC"},"Palabra Clave":{"('0181-S-2019', 0)":" "}}