{"Tipo de Proyecto":{"('0181-PE-2019', 0)":"MENSAJE NRO: 0134\/19","('0181-PE-2019', 1)":null},"Iniciado en: ":{"('0181-PE-2019', 0)":"Senado","('0181-PE-2019', 1)":null},"Expediente Senado: ":{"('0181-PE-2019', 0)":"0181-PE-2019","('0181-PE-2019', 1)":null},"Publicado en: ":{"('0181-PE-2019', 0)":"DAE S.A. N\u00b0 16","('0181-PE-2019', 1)":null},"Fecha: ":{"('0181-PE-2019', 0)":"15\/08\/2019","('0181-PE-2019', 1)":null},"T\u00edtulo":{"('0181-PE-2019', 0)":"SOLICITA ACUERDO PARA PROMOVER EL GRADO INMEDIATO SUPERIOR AL PERSONAL MILITAR SUPERIOR DE LA ARMADA ARGENTINA.","('0181-PE-2019', 1)":null},"('Firmantes', 'FIRMANTE')":{"('0181-PE-2019', 0)":"MACRI, MAURICIO","('0181-PE-2019', 1)":"AGUAD, OSCAR RAUL"},"('Firmantes', 'DISTRITO')":{"('0181-PE-2019', 0)":null,"('0181-PE-2019', 1)":null},"('Firmantes', 'BLOQUE')":{"('0181-PE-2019', 0)":"PODER EJECUTIVO","('0181-PE-2019', 1)":"PODER EJECUTIVO"},"('Tramites', 'C\u00c1MARA')":{"('0181-PE-2019', 0)":"Senado","('0181-PE-2019', 1)":"Senado"},"('Tramites', 'MOVIMIENTO')":{"('0181-PE-2019', 0)":"SOLICITUD DE RETIRO DEL ACUERDO (MENSAJE 21\/20)","('0181-PE-2019', 1)":"CONSIDERACION Y APROBACION DEL RETIRO"},"('Tramites', 'FECHA')":{"('0181-PE-2019', 0)":null,"('0181-PE-2019', 1)":"20\/02\/2020"},"('Tramites', 'RESULTADO')":{"('0181-PE-2019', 0)":null,"('0181-PE-2019', 1)":"RETIRADO"},"Sumario":{"('0181-PE-2019', 0)":"ESCALAFON NAVAL, CAPITANES DE FRAGATA: EDUARDO ENRIQUE PIZZAGALLI; JAMES RONALD WHAMOND; GUSTAVO IGNACIO BARRETO NEUENDORF; JORGE EMILIO SCIURANO; MARCELO RODOLFO BARBICH; ESCALAFON INFANTERIA MARINA, CAPITAN DE FRAGATA: JUAN JOSE LUCENA.","('0181-PE-2019', 1)":null},"Palabra Clave":{"('0181-PE-2019', 0)":" ","('0181-PE-2019', 1)":null}}