{"Tipo de Proyecto":{"('4772-D-0', 0)":"PROYECTO DE DECLARACI\u00d3N","('4772-D-0', 1)":null},"Iniciado en: ":{"('4772-D-0', 0)":"Diputados","('4772-D-0', 1)":null},"Expediente Diputados: ":{"('4772-D-0', 0)":"4772-D-0","('4772-D-0', 1)":null},"Publicado en: ":{"('4772-D-0', 0)":"Tr\u00e1mite Parlamentario N\u00b0 108","('4772-D-0', 1)":null},"Fecha: ":{"('4772-D-0', 0)":"06\/08\/2004","('4772-D-0', 1)":null},"T\u00edtulo":{"('4772-D-0', 0)":"DECLARAR DE INTERES LEGISLATIVO LA \"ENCUESTA COMPLEMENTARIA A PUEBLOS INDIGENAS\", REALIZADA POR EL INDEC.","('4772-D-0', 1)":null},"('Firmantes', 'FIRMANTE')":{"('4772-D-0', 0)":"OLMOS, GRACIELA HORTENCIA","('4772-D-0', 1)":"PINTO BRUCHMANN, JUAN D"},"('Firmantes', 'DISTRITO')":{"('4772-D-0', 0)":"SANTIAGO DEL ESTERO","('4772-D-0', 1)":"SANTIAGO DEL ESTERO"},"('Firmantes', 'BLOQUE')":{"('4772-D-0', 0)":"JUSTICIALISTA","('4772-D-0', 1)":"JUSTICIALISTA"},"('Giros', 'COMISI\u00d3N')":{"('4772-D-0', 0)":"POBLACION Y RECURSOS HUMANOS","('4772-D-0', 1)":null},"Palabra Clave":{"('4772-D-0', 0)":" ","('4772-D-0', 1)":null}}