{"Tipo de Proyecto":{"('0002-S-2000', 0)":"PROYECTO DE RESOLUCI\u00d3N"},"Iniciado en: ":{"('0002-S-2000', 0)":"Senado"},"Expediente Senado: ":{"('0002-S-2000', 0)":"0002-S-2000"},"Publicado en: ":{"('0002-S-2000', 0)":"Diario de Asuntos Entrados N\u00b0 1"},"Fecha: ":{"('0002-S-2000', 0)":"01\/03\/2000"},"T\u00edtulo":{"('0002-S-2000', 0)":"CELEBRACION DEL DIA INTERNACIONAL DE LA MUJER EL 8 DE MARZO DE 2000."},"('Firmantes', 'FIRMANTE')":{"('0002-S-2000', 0)":"CABANA, FERNANDO V."},"('Firmantes', 'DISTRITO')":{"('0002-S-2000', 0)":"JUJUY"},"('Firmantes', 'BLOQUE')":{"('0002-S-2000', 0)":"JUSTICIALISTA"},"('Tramites', 'C\u00c1MARA')":{"('0002-S-2000', 0)":"Senado"},"('Tramites', 'MOVIMIENTO')":{"('0002-S-2000', 0)":"VER TRAMITE EN EXPEDIENTE 2418-S-99"},"('Tramites', 'FECHA')":{"('0002-S-2000', 0)":null},"('Tramites', 'RESULTADO')":{"('0002-S-2000', 0)":null},"Sumario":{"('0002-S-2000', 0)":"EXPRESION DE ADHESION."},"Palabra Clave":{"('0002-S-2000', 0)":" "}}