{"Tipo de Proyecto":{"('0002-PE-2000', 0)":"MENSAJE NRO: 0096\/00","('0002-PE-2000', 1)":null,"('0002-PE-2000', 2)":null},"Iniciado en: ":{"('0002-PE-2000', 0)":"Diputados","('0002-PE-2000', 1)":null,"('0002-PE-2000', 2)":null},"Expediente Diputados: ":{"('0002-PE-2000', 0)":"0002-PE-2000","('0002-PE-2000', 1)":null,"('0002-PE-2000', 2)":null},"Publicado en: ":{"('0002-PE-2000', 0)":"Tr\u00e1mite Parlamentario N\u00b0 8","('0002-PE-2000', 1)":null,"('0002-PE-2000', 2)":null},"Fecha: ":{"('0002-PE-2000', 0)":"10\/03\/2000","('0002-PE-2000', 1)":null,"('0002-PE-2000', 2)":null},"T\u00edtulo":{"('0002-PE-2000', 0)":"DECRETO 93\/2000 SOBRE REGIMEN DE CONSOLIDACION DE TRIBUTOS Y DE RECURSOS DE LA SEGURIDAD SOCIAL.","('0002-PE-2000', 1)":null,"('0002-PE-2000', 2)":null},"('Firmantes', 'FIRMANTE')":{"('0002-PE-2000', 0)":"DE LA RUA, FERNANDO","('0002-PE-2000', 1)":"TERRAGNO, RODOLFO HECTOR","('0002-PE-2000', 2)":"MACHINEA, JOSE LUIS"},"('Firmantes', 'DISTRITO')":{"('0002-PE-2000', 0)":null,"('0002-PE-2000', 1)":null,"('0002-PE-2000', 2)":null},"('Firmantes', 'BLOQUE')":{"('0002-PE-2000', 0)":"PODER EJECUTIVO","('0002-PE-2000', 1)":"PODER EJECUTIVO","('0002-PE-2000', 2)":"PODER EJECUTIVO"},"('Giros', 'COMISI\u00d3N')":{"('0002-PE-2000', 0)":"PRESUPUESTO Y HACIENDA","('0002-PE-2000', 1)":null,"('0002-PE-2000', 2)":null},"Sumario":{"('0002-PE-2000', 0)":"COMUNICACION DEL DICTADO DEL MISMO.","('0002-PE-2000', 1)":null,"('0002-PE-2000', 2)":null},"Palabra Clave":{"('0002-PE-2000', 0)":" ","('0002-PE-2000', 1)":null,"('0002-PE-2000', 2)":null}}