{"Tipo de Proyecto":{"('0003-PE-2000', 0)":"MENSAJE NRO: 0231\/00 Y PROYECTO DE LEY","('0003-PE-2000', 1)":null,"('0003-PE-2000', 2)":null,"('0003-PE-2000', 3)":null,"('0003-PE-2000', 4)":null,"('0003-PE-2000', 5)":null,"('0003-PE-2000', 6)":null,"('0003-PE-2000', 7)":null,"('0003-PE-2000', 8)":null,"('0003-PE-2000', 9)":null,"('0003-PE-2000', 10)":null},"Iniciado en: ":{"('0003-PE-2000', 0)":"Diputados","('0003-PE-2000', 1)":null,"('0003-PE-2000', 2)":null,"('0003-PE-2000', 3)":null,"('0003-PE-2000', 4)":null,"('0003-PE-2000', 5)":null,"('0003-PE-2000', 6)":null,"('0003-PE-2000', 7)":null,"('0003-PE-2000', 8)":null,"('0003-PE-2000', 9)":null,"('0003-PE-2000', 10)":null},"Expediente Diputados: ":{"('0003-PE-2000', 0)":"0003-PE-2000","('0003-PE-2000', 1)":null,"('0003-PE-2000', 2)":null,"('0003-PE-2000', 3)":null,"('0003-PE-2000', 4)":null,"('0003-PE-2000', 5)":null,"('0003-PE-2000', 6)":null,"('0003-PE-2000', 7)":null,"('0003-PE-2000', 8)":null,"('0003-PE-2000', 9)":null,"('0003-PE-2000', 10)":null},"Expediente Senado: ":{"('0003-PE-2000', 0)":"0031-CD-2000","('0003-PE-2000', 1)":null,"('0003-PE-2000', 2)":null,"('0003-PE-2000', 3)":null,"('0003-PE-2000', 4)":null,"('0003-PE-2000', 5)":null,"('0003-PE-2000', 6)":null,"('0003-PE-2000', 7)":null,"('0003-PE-2000', 8)":null,"('0003-PE-2000', 9)":null,"('0003-PE-2000', 10)":null},"Publicado en: ":{"('0003-PE-2000', 0)":"Tr\u00e1mite Parlamentario N\u00b0 10","('0003-PE-2000', 1)":null,"('0003-PE-2000', 2)":null,"('0003-PE-2000', 3)":null,"('0003-PE-2000', 4)":null,"('0003-PE-2000', 5)":null,"('0003-PE-2000', 6)":null,"('0003-PE-2000', 7)":null,"('0003-PE-2000', 8)":null,"('0003-PE-2000', 9)":null,"('0003-PE-2000', 10)":null},"Fecha: ":{"('0003-PE-2000', 0)":"14\/03\/2000","('0003-PE-2000', 1)":null,"('0003-PE-2000', 2)":null,"('0003-PE-2000', 3)":null,"('0003-PE-2000', 4)":null,"('0003-PE-2000', 5)":null,"('0003-PE-2000', 6)":null,"('0003-PE-2000', 7)":null,"('0003-PE-2000', 8)":null,"('0003-PE-2000', 9)":null,"('0003-PE-2000', 10)":null},"T\u00edtulo":{"('0003-PE-2000', 0)":"REGIMEN DE FOMENTO PARA LA MICRO, PEQUE\u00d1A Y MEDIANA EMPRESA (PYME).","('0003-PE-2000', 1)":null,"('0003-PE-2000', 2)":null,"('0003-PE-2000', 3)":null,"('0003-PE-2000', 4)":null,"('0003-PE-2000', 5)":null,"('0003-PE-2000', 6)":null,"('0003-PE-2000', 7)":null,"('0003-PE-2000', 8)":null,"('0003-PE-2000', 9)":null,"('0003-PE-2000', 10)":null},"('Firmantes', 'FIRMANTE')":{"('0003-PE-2000', 0)":"DE LA RUA, FERNANDO","('0003-PE-2000', 1)":"STORANI, FEDERICO TEOBALDO MANUEL","('0003-PE-2000', 2)":"MACHINEA, JOSE LUIS","('0003-PE-2000', 3)":null,"('0003-PE-2000', 4)":null,"('0003-PE-2000', 5)":null,"('0003-PE-2000', 6)":null,"('0003-PE-2000', 7)":null,"('0003-PE-2000', 8)":null,"('0003-PE-2000', 9)":null,"('0003-PE-2000', 10)":null},"('Firmantes', 'DISTRITO')":{"('0003-PE-2000', 0)":null,"('0003-PE-2000', 1)":null,"('0003-PE-2000', 2)":null,"('0003-PE-2000', 3)":null,"('0003-PE-2000', 4)":null,"('0003-PE-2000', 5)":null,"('0003-PE-2000', 6)":null,"('0003-PE-2000', 7)":null,"('0003-PE-2000', 8)":null,"('0003-PE-2000', 9)":null,"('0003-PE-2000', 10)":null},"('Firmantes', 'BLOQUE')":{"('0003-PE-2000', 0)":"PODER EJECUTIVO","('0003-PE-2000', 1)":"PODER EJECUTIVO","('0003-PE-2000', 2)":"PODER EJECUTIVO","('0003-PE-2000', 3)":null,"('0003-PE-2000', 4)":null,"('0003-PE-2000', 5)":null,"('0003-PE-2000', 6)":null,"('0003-PE-2000', 7)":null,"('0003-PE-2000', 8)":null,"('0003-PE-2000', 9)":null,"('0003-PE-2000', 10)":null},"('Giros', 'COMISI\u00d3N')":{"('0003-PE-2000', 0)":"PEQUE\u00d1AS Y MEDIANAS EMPRESAS","('0003-PE-2000', 1)":"FINANZAS","('0003-PE-2000', 2)":"LEGISLACION GENERAL","('0003-PE-2000', 3)":"PRESUPUESTO Y HACIENDA","('0003-PE-2000', 4)":"PEQUE\u00d1AS Y MEDIANAS EMPRESAS","('0003-PE-2000', 5)":"FINANZAS","('0003-PE-2000', 6)":"LEGISLACION GENERAL","('0003-PE-2000', 7)":"PRESUPUESTO Y HACIENDA","('0003-PE-2000', 8)":null,"('0003-PE-2000', 9)":null,"('0003-PE-2000', 10)":null},"('Tramites', 'C\u00c1MARA')":{"('0003-PE-2000', 0)":"Diputados","('0003-PE-2000', 1)":"Diputados","('0003-PE-2000', 2)":"Diputados","('0003-PE-2000', 3)":"Senado","('0003-PE-2000', 4)":"Senado","('0003-PE-2000', 5)":"Senado","('0003-PE-2000', 6)":"Senado","('0003-PE-2000', 7)":"Diputados","('0003-PE-2000', 8)":"Diputados","('0003-PE-2000', 9)":"Diputados","('0003-PE-2000', 10)":"Diputados"},"('Tramites', 'MOVIMIENTO')":{"('0003-PE-2000', 0)":"CONSIDERACION","('0003-PE-2000', 1)":"CONTINUA CONSIDERACION Y APROBACION CON MODIFICACIONES","('0003-PE-2000', 2)":"INSERCIONES","('0003-PE-2000', 3)":"PASA A SENADO - (DAE 50)","('0003-PE-2000', 4)":"MOCION SOBRE TABLAS (AFIRMATIVA)","('0003-PE-2000', 5)":"CONSIDERACION Y APROBACION CON MODIFICACIONES","('0003-PE-2000', 6)":"INSERCIONES","('0003-PE-2000', 7)":"VUELVE A DIPUTADOS - (0112-CD-00 TP 113 15\/08\/00)","('0003-PE-2000', 8)":"MOCION SOBRE TABLAS (AFIRMATIVA)","('0003-PE-2000', 9)":"CONSIDERACION Y SANCION","('0003-PE-2000', 10)":"INSERCION"},"('Tramites', 'FECHA')":{"('0003-PE-2000', 0)":"11\/05\/2000","('0003-PE-2000', 1)":"18\/05\/2000","('0003-PE-2000', 2)":"18\/05\/2000","('0003-PE-2000', 3)":null,"('0003-PE-2000', 4)":"09\/08\/2000","('0003-PE-2000', 5)":"09\/08\/2000","('0003-PE-2000', 6)":"09\/08\/2000","('0003-PE-2000', 7)":null,"('0003-PE-2000', 8)":"16\/08\/2000","('0003-PE-2000', 9)":"16\/08\/2000","('0003-PE-2000', 10)":"16\/08\/2000"},"('Tramites', 'RESULTADO')":{"('0003-PE-2000', 0)":null,"('0003-PE-2000', 1)":"MEDIA SANCION","('0003-PE-2000', 2)":null,"('0003-PE-2000', 3)":null,"('0003-PE-2000', 4)":null,"('0003-PE-2000', 5)":"MEDIA SANCION","('0003-PE-2000', 6)":null,"('0003-PE-2000', 7)":null,"('0003-PE-2000', 8)":null,"('0003-PE-2000', 9)":"SANCIONADO","('0003-PE-2000', 10)":null},"Sumario":{"('0003-PE-2000', 0)":"OBJETO Y DEFINICIONES; ACCESO AL FINANCIAMIENTO; CREACION DEL FONDO NACIONAL DE DESARROLLO PARA LA MICRO, PEQUE\u00d1A Y MEDIANA EMPRESA (FONAPYME): FIDEICOMISO, CERTIFICADOS DE PARTICIPACION, COMITE DE INVERSIONES, DURACION; CREACION DEL FONDO DE GARANTIA PARA LA MICRO, PEQUE\u00d1A Y MEDIANA EMPRESA (FOGAPYME): FIDEICOMISO, INTEGRACION, DURACION, COMITE DE ADMINISTRACION; SOCIEDADES DE GARANTIA RECIPROCA: MODIFICACION DE LA LEY 24467 (REGIMEN PARA LAS PYMES): SUSTITUCION DE LOS ARTICULOS 40 (EXCLUSION DE SOCIOS), 42 (AUTORIZACION PARA SU FUNCIONAMIENTO), TERCER PARRAFO DEL ARTICULO 45 (CAPITAL SOCIAL); SE AGREGA UN ULTIMO PARRAFO AL ARTICULO 46 (FONDO DE RIESGO) Y UN CUARTO PARRAFO AL ARTICULO 47 (RETIRO DE UN SOCIO PARTICIPE); SUSTITUCION DEL TERCER PARRAFO DEL ARTICULO 47 (DERECHO AL REEMBOLSO DE LAS ACCIONES), DE LOS ARTICULOS 55 (DE LA ASAMBLEA GENERAL ORDINARIA), 61 (CONSEJO DE ADMINISTRACION), 79 (BENEFICIOS IMPOSITIVOS); MODIFICACION A LA LEY 25063 DE IMPUESTO A LA GANANCIA MINIMA PRESUNTA: SE AGREGA EL INCISO C) AL ARTICULO 12 APROBADO POR EL ARTICULO 61 DE LA LEY MENCIONADA (VALOR DE LOS MONTOS DE LOS BIENES QUE INTEGRAN EL FONDO DE RIESGO); REGIMEN DE BONIFICACION DE TASAS: SUSTITUCION DEL ARTICULO 31 DE LA LEY 24467, DISTRIBUCION DEL MONTO ASIGNADO AL PRESENTE REGIMEN, EXCLUSIONES; INTEGRACION REGIONAL Y SECTORIAL: SUSTITUCION DEL ARTICULO 13 DE LA LEY 24467 (CREACION DE UNA RED DE AGENCIAS REGIONALES DE DESARROLLO PRODUCTIVO); ACCESO A LA INFORMACION Y A LOS SERVICIOS TECNICOS: SUSTITUCION DEL ARTICULO 12 DE LA LEY 24467 (CREACION DE UN SISTEMA DE INFORMACION MIPYMES), FINANCIAMIENTO, CREACION DEL REGISTRO DE CONSULTORES MIPYME); COMPREMIPYME, OTORGAMIENTO DE UN DERECHO DE PREFERENCIA DEL 5 % PARA LAS LICITACIONES O CONCURSOS DEL SECTOR PUBLICO NACIONAL; MODIFICACION AL REGIMEN DE CREDITO FISCAL PARA CAPACITACION: SUSTITUCION DEL ARTICULO 2 (CALCULO DEL MONTO DEL CREDITO FISCAL) E INCORPORACION DE UN SEGUNDO PARRAFO AL ARTICULO 4 (CUPO ANUAL DESTINADO A LA CAPACITACION) DE LA LEY 22317; MODIFICACION A LA LEY 24452 DE CHEQUES, IMPORTE DE LAS MULTAS: SUSTITUCION DEL ULTIMO PARRAFO DEL ARTICULO 2 (CHEQUE RECHAZADO), DEL ULTIMO PARRAFO DEL ARTICULO 55 (DEMORA EN EL REGISTRO DEL CHEQUE POR GIRO) Y DEL TERCER PARRAFO DEL ARTICULO 62 (LIBRADOR DE UN CHEQUE RECHAZADO); AUTORIDAD DE APLICACION: SECRETARIA DE LA PEQUE\u00d1A Y MEDIANA EMPRESA DEL MINISTERIO DE ECONOMIA; DEROGACION DEL ARTICULO 6 DE LA LEY 24467.","('0003-PE-2000', 1)":null,"('0003-PE-2000', 2)":null,"('0003-PE-2000', 3)":null,"('0003-PE-2000', 4)":null,"('0003-PE-2000', 5)":null,"('0003-PE-2000', 6)":null,"('0003-PE-2000', 7)":null,"('0003-PE-2000', 8)":null,"('0003-PE-2000', 9)":null,"('0003-PE-2000', 10)":null},"Palabra Clave":{"('0003-PE-2000', 0)":" ","('0003-PE-2000', 1)":null,"('0003-PE-2000', 2)":null,"('0003-PE-2000', 3)":null,"('0003-PE-2000', 4)":null,"('0003-PE-2000', 5)":null,"('0003-PE-2000', 6)":null,"('0003-PE-2000', 7)":null,"('0003-PE-2000', 8)":null,"('0003-PE-2000', 9)":null,"('0003-PE-2000', 10)":null}}