{"Tipo de Proyecto":{"('0004-S-2000', 0)":"COMUNICACION"},"Iniciado en: ":{"('0004-S-2000', 0)":"Senado"},"Expediente Senado: ":{"('0004-S-2000', 0)":"0004-S-2000"},"Publicado en: ":{"('0004-S-2000', 0)":"Diario de Asuntos Entrados N\u00b0 1"},"Fecha: ":{"('0004-S-2000', 0)":"01\/03\/2000"},"T\u00edtulo":{"('0004-S-2000', 0)":"INCORPORAR AL SISTEMA DE PAGO DIRECTO DE LAS ASIGNACIONES FAMILIARES AL SECTOR CITRICOLA DE LA PROVINCIA DE ENTRE RIOS."},"('Firmantes', 'FIRMANTE')":{"('0004-S-2000', 0)":"LOPEZ, ALCIDES HUMBERTO"},"('Firmantes', 'DISTRITO')":{"('0004-S-2000', 0)":"ENTRE RIOS"},"('Firmantes', 'BLOQUE')":{"('0004-S-2000', 0)":"UCR"},"Sumario":{"('0004-S-2000', 0)":"SOLICITUD AL TITULAR DE LA ANSES."},"Palabra Clave":{"('0004-S-2000', 0)":" "}}