{"Tipo de Proyecto":{"('0005-PE-2000', 0)":"MENSAJE NRO: 0238\/00","('0005-PE-2000', 1)":null,"('0005-PE-2000', 2)":null},"Iniciado en: ":{"('0005-PE-2000', 0)":"Diputados","('0005-PE-2000', 1)":null,"('0005-PE-2000', 2)":null},"Expediente Diputados: ":{"('0005-PE-2000', 0)":"0005-PE-2000","('0005-PE-2000', 1)":null,"('0005-PE-2000', 2)":null},"Publicado en: ":{"('0005-PE-2000', 0)":"Tr\u00e1mite Parlamentario N\u00b0 14","('0005-PE-2000', 1)":null,"('0005-PE-2000', 2)":null},"Fecha: ":{"('0005-PE-2000', 0)":"20\/03\/2000","('0005-PE-2000', 1)":null,"('0005-PE-2000', 2)":null},"T\u00edtulo":{"('0005-PE-2000', 0)":"DECRETO 237\/2000 POR EL CUAL SE PRORROGA EL VENCIMIENTO PARA EL PAGO DEL IMPUESTO ESTABLECIDO EN LA LEY 25053 (DE INCENTIVO DOCENTE) RESPECTO DE LOS VEHICULOS PARA EL TRANSPORTE AUTOMOTOR DE PASAJEROS Y\/O CARGA HASTA EL 24\/04\/2000.  ","('0005-PE-2000', 1)":null,"('0005-PE-2000', 2)":null},"('Firmantes', 'FIRMANTE')":{"('0005-PE-2000', 0)":"DE LA RUA, FERNANDO","('0005-PE-2000', 1)":"TERRAGNO, RODOLFO HECTOR","('0005-PE-2000', 2)":"GALLO, NICOLAS VICENTE"},"('Firmantes', 'DISTRITO')":{"('0005-PE-2000', 0)":null,"('0005-PE-2000', 1)":null,"('0005-PE-2000', 2)":null},"('Firmantes', 'BLOQUE')":{"('0005-PE-2000', 0)":"PODER EJECUTIVO","('0005-PE-2000', 1)":"PODER EJECUTIVO","('0005-PE-2000', 2)":"PODER EJECUTIVO"},"('Giros', 'COMISI\u00d3N')":{"('0005-PE-2000', 0)":"PRESUPUESTO Y HACIENDA","('0005-PE-2000', 1)":"BICAMERAL PERMANENTE DE TRAMITE LEGISLATIVO - LEY 26122","('0005-PE-2000', 2)":null},"Sumario":{"('0005-PE-2000', 0)":"COMUNICACION DEL DICTADO DEL MISMO.","('0005-PE-2000', 1)":null,"('0005-PE-2000', 2)":null},"Palabra Clave":{"('0005-PE-2000', 0)":" ","('0005-PE-2000', 1)":null,"('0005-PE-2000', 2)":null}}