{"Tipo de Proyecto":{"('0005-S-2000', 0)":"COMUNICACION","('0005-S-2000', 1)":null},"Iniciado en: ":{"('0005-S-2000', 0)":"Senado","('0005-S-2000', 1)":null},"Expediente Senado: ":{"('0005-S-2000', 0)":"0005-S-2000","('0005-S-2000', 1)":null},"Publicado en: ":{"('0005-S-2000', 0)":"Diario de Asuntos Entrados N\u00b0 1","('0005-S-2000', 1)":null},"Fecha: ":{"('0005-S-2000', 0)":"01\/03\/2000","('0005-S-2000', 1)":null},"T\u00edtulo":{"('0005-S-2000', 0)":"IMPLEMENTAR UN PLAN DE BECAS CONTINUO Y ASISTENCIA TECNICA PROFESIONAL PARA LOS JOVENES TOBAS CHAQUE\u00d1OS QUE INGRESARAN EN LA UNIVERSIDAD NACIONAL DEL NORDESTE.","('0005-S-2000', 1)":null},"('Firmantes', 'FIRMANTE')":{"('0005-S-2000', 0)":"MIKKELSEN LOTH, JORGE FEDERICO","('0005-S-2000', 1)":null},"('Firmantes', 'DISTRITO')":{"('0005-S-2000', 0)":"SANTIAGO DEL ESTERO","('0005-S-2000', 1)":null},"('Firmantes', 'BLOQUE')":{"('0005-S-2000', 0)":"JUSTICIALISTA","('0005-S-2000', 1)":null},"('Tramites', 'C\u00c1MARA')":{"('0005-S-2000', 0)":"Senado","('0005-S-2000', 1)":"Senado"},"('Tramites', 'MOVIMIENTO')":{"('0005-S-2000', 0)":"CONSIDERACION Y APROBACION","('0005-S-2000', 1)":"CONTESTACION DEL PODER EJECUTIVO NACIONAL - (018-PE-01); GIRADO A LA COMISION RESPECTIVA"},"('Tramites', 'FECHA')":{"('0005-S-2000', 0)":"07\/06\/2000","('0005-S-2000', 1)":null},"('Tramites', 'RESULTADO')":{"('0005-S-2000', 0)":"APROBADO","('0005-S-2000', 1)":null},"Sumario":{"('0005-S-2000', 0)":"SOLICITUD AL PODER EJECUTIVO NACIONAL.","('0005-S-2000', 1)":null},"Palabra Clave":{"('0005-S-2000', 0)":" ","('0005-S-2000', 1)":null}}