{"Tipo de Proyecto":{"('0007-PE-2000', 0)":"MENSAJE NRO: 0272\/00","('0007-PE-2000', 1)":null,"('0007-PE-2000', 2)":null},"Iniciado en: ":{"('0007-PE-2000', 0)":"Diputados","('0007-PE-2000', 1)":null,"('0007-PE-2000', 2)":null},"Expediente Diputados: ":{"('0007-PE-2000', 0)":"0007-PE-2000","('0007-PE-2000', 1)":null,"('0007-PE-2000', 2)":null},"Publicado en: ":{"('0007-PE-2000', 0)":"Tr\u00e1mite Parlamentario N\u00b0 21","('0007-PE-2000', 1)":null,"('0007-PE-2000', 2)":null},"Fecha: ":{"('0007-PE-2000', 0)":"29\/03\/2000","('0007-PE-2000', 1)":null,"('0007-PE-2000', 2)":null},"T\u00edtulo":{"('0007-PE-2000', 0)":"DECRETO 271\/2000 POR EL CUAL SE DEROGA EL REGIMEN DE RENOVACION DEL PARQUE AUTOMOTOR.","('0007-PE-2000', 1)":null,"('0007-PE-2000', 2)":null},"('Firmantes', 'FIRMANTE')":{"('0007-PE-2000', 0)":"DE LA RUA, FERNANDO","('0007-PE-2000', 1)":"MACHINEA, JOSE LUIS","('0007-PE-2000', 2)":"TERRAGNO, RODOLFO HECTOR"},"('Firmantes', 'DISTRITO')":{"('0007-PE-2000', 0)":null,"('0007-PE-2000', 1)":null,"('0007-PE-2000', 2)":null},"('Firmantes', 'BLOQUE')":{"('0007-PE-2000', 0)":"PODER EJECUTIVO","('0007-PE-2000', 1)":"PODER EJECUTIVO","('0007-PE-2000', 2)":"PODER EJECUTIVO"},"('Giros', 'COMISI\u00d3N')":{"('0007-PE-2000', 0)":"INDUSTRIA","('0007-PE-2000', 1)":"COMERCIO","('0007-PE-2000', 2)":"BICAMERAL PERMANENTE DE TRAMITE LEGISLATIVO - LEY 26122"},"Sumario":{"('0007-PE-2000', 0)":"COMUNICACION DEL DICTADO DEL MISMO.","('0007-PE-2000', 1)":null,"('0007-PE-2000', 2)":null},"Palabra Clave":{"('0007-PE-2000', 0)":" ","('0007-PE-2000', 1)":null,"('0007-PE-2000', 2)":null}}