{"Tipo de Proyecto":{"('0007-S-2000', 0)":"PROYECTO DE DECLARACI\u00d3N"},"Iniciado en: ":{"('0007-S-2000', 0)":"Senado"},"Expediente Senado: ":{"('0007-S-2000', 0)":"0007-S-2000"},"Publicado en: ":{"('0007-S-2000', 0)":"Diario de Asuntos Entrados N\u00b0 1"},"Fecha: ":{"('0007-S-2000', 0)":"01\/03\/2000"},"T\u00edtulo":{"('0007-S-2000', 0)":"CONMEMORACION DEL DIA INTERNACIONAL DE LA MUJER Y LA PAZ EN EL MUNDO A REALIZARSE EL 8 DE MARZO DE 2000."},"('Firmantes', 'FIRMANTE')":{"('0007-S-2000', 0)":"BRANDA, RICARDO A."},"('Firmantes', 'DISTRITO')":{"('0007-S-2000', 0)":"FORMOSA"},"('Firmantes', 'BLOQUE')":{"('0007-S-2000', 0)":"JUSTICIALISTA"},"('Tramites', 'C\u00c1MARA')":{"('0007-S-2000', 0)":"Senado"},"('Tramites', 'MOVIMIENTO')":{"('0007-S-2000', 0)":"VER TRAMITE EN EXPEDIENTE 2418-S-99"},"('Tramites', 'FECHA')":{"('0007-S-2000', 0)":null},"('Tramites', 'RESULTADO')":{"('0007-S-2000', 0)":null},"Sumario":{"('0007-S-2000', 0)":"DECLARARLO DE INTERES PARA EL H SENADO."},"Palabra Clave":{"('0007-S-2000', 0)":" "}}