{"Tipo de Proyecto":{"('0008-S-2000', 0)":"PROYECTO DE LEY","('0008-S-2000', 1)":null,"('0008-S-2000', 2)":null,"('0008-S-2000', 3)":null,"('0008-S-2000', 4)":null,"('0008-S-2000', 5)":null,"('0008-S-2000', 6)":null,"('0008-S-2000', 7)":null},"Iniciado en: ":{"('0008-S-2000', 0)":"Senado","('0008-S-2000', 1)":null,"('0008-S-2000', 2)":null,"('0008-S-2000', 3)":null,"('0008-S-2000', 4)":null,"('0008-S-2000', 5)":null,"('0008-S-2000', 6)":null,"('0008-S-2000', 7)":null},"Expediente Diputados: ":{"('0008-S-2000', 0)":"0008-S-2000","('0008-S-2000', 1)":null,"('0008-S-2000', 2)":null,"('0008-S-2000', 3)":null,"('0008-S-2000', 4)":null,"('0008-S-2000', 5)":null,"('0008-S-2000', 6)":null,"('0008-S-2000', 7)":null},"Expediente Senado: ":{"('0008-S-2000', 0)":"2292-S-1999","('0008-S-2000', 1)":null,"('0008-S-2000', 2)":null,"('0008-S-2000', 3)":null,"('0008-S-2000', 4)":null,"('0008-S-2000', 5)":null,"('0008-S-2000', 6)":null,"('0008-S-2000', 7)":null},"Publicado en: ":{"('0008-S-2000', 0)":"Diario de Asuntos Entrados N\u00b0 149","('0008-S-2000', 1)":null,"('0008-S-2000', 2)":null,"('0008-S-2000', 3)":null,"('0008-S-2000', 4)":null,"('0008-S-2000', 5)":null,"('0008-S-2000', 6)":null,"('0008-S-2000', 7)":null},"Fecha: ":{"('0008-S-2000', 0)":"08\/02\/2000","('0008-S-2000', 1)":null,"('0008-S-2000', 2)":null,"('0008-S-2000', 3)":null,"('0008-S-2000', 4)":null,"('0008-S-2000', 5)":null,"('0008-S-2000', 6)":null,"('0008-S-2000', 7)":null},"T\u00edtulo":{"('0008-S-2000', 0)":"SUSPENSION POR 180 DIAS LAS EJECUCIONES DE CREDITOS HIPOTECARIOS DEL BANCO HIPOTECARIO NACIONAL.","('0008-S-2000', 1)":null,"('0008-S-2000', 2)":null,"('0008-S-2000', 3)":null,"('0008-S-2000', 4)":null,"('0008-S-2000', 5)":null,"('0008-S-2000', 6)":null,"('0008-S-2000', 7)":null},"('Firmantes', 'FIRMANTE')":{"('0008-S-2000', 0)":"ALASINO, AUGUSTO JOSE M.","('0008-S-2000', 1)":"BRANDA, RICARDO A.","('0008-S-2000', 2)":"TELL, ALBERTO MAXIMO","('0008-S-2000', 3)":"CAFIERO, ANTONIO FRANCISCO","('0008-S-2000', 4)":null,"('0008-S-2000', 5)":null,"('0008-S-2000', 6)":null,"('0008-S-2000', 7)":null},"('Firmantes', 'DISTRITO')":{"('0008-S-2000', 0)":"ENTRE RIOS","('0008-S-2000', 1)":"FORMOSA","('0008-S-2000', 2)":"JUJUY","('0008-S-2000', 3)":"BUENOS AIRES","('0008-S-2000', 4)":null,"('0008-S-2000', 5)":null,"('0008-S-2000', 6)":null,"('0008-S-2000', 7)":null},"('Firmantes', 'BLOQUE')":{"('0008-S-2000', 0)":"JUSTICIALISTA","('0008-S-2000', 1)":"JUSTICIALISTA","('0008-S-2000', 2)":"JUSTICIALISTA","('0008-S-2000', 3)":"JUSTICIALISTA","('0008-S-2000', 4)":null,"('0008-S-2000', 5)":null,"('0008-S-2000', 6)":null,"('0008-S-2000', 7)":null},"('Giros', 'COMISI\u00d3N')":{"('0008-S-2000', 0)":"FINANZAS","('0008-S-2000', 1)":"VIVIENDA Y ORDENAMIENTO URBANO","('0008-S-2000', 2)":null,"('0008-S-2000', 3)":null,"('0008-S-2000', 4)":null,"('0008-S-2000', 5)":null,"('0008-S-2000', 6)":null,"('0008-S-2000', 7)":null},"('Tramites', 'C\u00c1MARA')":{"('0008-S-2000', 0)":"Senado","('0008-S-2000', 1)":"Senado","('0008-S-2000', 2)":"Senado","('0008-S-2000', 3)":"Diputados","('0008-S-2000', 4)":"Diputados","('0008-S-2000', 5)":"Diputados","('0008-S-2000', 6)":"Diputados","('0008-S-2000', 7)":"Diputados"},"('Tramites', 'MOVIMIENTO')":{"('0008-S-2000', 0)":"MOCION SOBRE TABLAS (AFIRMATIVA)","('0008-S-2000', 1)":"CONSIDERACION Y APROBACION CON MODIFICACIONES","('0008-S-2000', 2)":"INSERCION","('0008-S-2000', 3)":"PASA A DIPUTADOS - (TP 17)","('0008-S-2000', 4)":"MOCION DE PREFERENCIA PARA LA PROXIMA SESION CON DICTAMEN (AFIRMATIVA)","('0008-S-2000', 5)":"MOCION SOBRE TABLAS (NEGATIVA) (VOTACION NOMINAL)","('0008-S-2000', 6)":"MANIFESTACIONES EN MINORIA","('0008-S-2000', 7)":"MOCION DE PREFERENCIA PARA LA PROXIMA SESION CON DICTAMEN (AFIRMATIVA)"},"('Tramites', 'FECHA')":{"('0008-S-2000', 0)":"22\/03\/2000","('0008-S-2000', 1)":"22\/03\/2000","('0008-S-2000', 2)":"22\/03\/2000","('0008-S-2000', 3)":null,"('0008-S-2000', 4)":"23\/03\/2000","('0008-S-2000', 5)":"13\/04\/2000","('0008-S-2000', 6)":"11\/05\/2000","('0008-S-2000', 7)":"29\/06\/2000"},"('Tramites', 'RESULTADO')":{"('0008-S-2000', 0)":null,"('0008-S-2000', 1)":"MEDIA SANCION","('0008-S-2000', 2)":null,"('0008-S-2000', 3)":null,"('0008-S-2000', 4)":null,"('0008-S-2000', 5)":null,"('0008-S-2000', 6)":null,"('0008-S-2000', 7)":null},"Sumario":{"('0008-S-2000', 0)":"ACTUALIZACION DE SALDOS.","('0008-S-2000', 1)":null,"('0008-S-2000', 2)":null,"('0008-S-2000', 3)":null,"('0008-S-2000', 4)":null,"('0008-S-2000', 5)":null,"('0008-S-2000', 6)":null,"('0008-S-2000', 7)":null},"Palabra Clave":{"('0008-S-2000', 0)":" ","('0008-S-2000', 1)":null,"('0008-S-2000', 2)":null,"('0008-S-2000', 3)":null,"('0008-S-2000', 4)":null,"('0008-S-2000', 5)":null,"('0008-S-2000', 6)":null,"('0008-S-2000', 7)":null}}