{"Tipo de Proyecto":{"('0009-JGM-2000', 0)":"MENSAJE NRO: 0133\/00 Y PROYECTO DE LEY","('0009-JGM-2000', 1)":null,"('0009-JGM-2000', 2)":null,"('0009-JGM-2000', 3)":null,"('0009-JGM-2000', 4)":null,"('0009-JGM-2000', 5)":null,"('0009-JGM-2000', 6)":null,"('0009-JGM-2000', 7)":null,"('0009-JGM-2000', 8)":null,"('0009-JGM-2000', 9)":null,"('0009-JGM-2000', 10)":null,"('0009-JGM-2000', 11)":null,"('0009-JGM-2000', 12)":null,"('0009-JGM-2000', 13)":null},"Iniciado en: ":{"('0009-JGM-2000', 0)":"Diputados","('0009-JGM-2000', 1)":null,"('0009-JGM-2000', 2)":null,"('0009-JGM-2000', 3)":null,"('0009-JGM-2000', 4)":null,"('0009-JGM-2000', 5)":null,"('0009-JGM-2000', 6)":null,"('0009-JGM-2000', 7)":null,"('0009-JGM-2000', 8)":null,"('0009-JGM-2000', 9)":null,"('0009-JGM-2000', 10)":null,"('0009-JGM-2000', 11)":null,"('0009-JGM-2000', 12)":null,"('0009-JGM-2000', 13)":null},"Expediente Diputados: ":{"('0009-JGM-2000', 0)":"0009-JGM-2000","('0009-JGM-2000', 1)":null,"('0009-JGM-2000', 2)":null,"('0009-JGM-2000', 3)":null,"('0009-JGM-2000', 4)":null,"('0009-JGM-2000', 5)":null,"('0009-JGM-2000', 6)":null,"('0009-JGM-2000', 7)":null,"('0009-JGM-2000', 8)":null,"('0009-JGM-2000', 9)":null,"('0009-JGM-2000', 10)":null,"('0009-JGM-2000', 11)":null,"('0009-JGM-2000', 12)":null,"('0009-JGM-2000', 13)":null},"Expediente Senado: ":{"('0009-JGM-2000', 0)":"0129-CD-2000","('0009-JGM-2000', 1)":null,"('0009-JGM-2000', 2)":null,"('0009-JGM-2000', 3)":null,"('0009-JGM-2000', 4)":null,"('0009-JGM-2000', 5)":null,"('0009-JGM-2000', 6)":null,"('0009-JGM-2000', 7)":null,"('0009-JGM-2000', 8)":null,"('0009-JGM-2000', 9)":null,"('0009-JGM-2000', 10)":null,"('0009-JGM-2000', 11)":null,"('0009-JGM-2000', 12)":null,"('0009-JGM-2000', 13)":null},"Publicado en: ":{"('0009-JGM-2000', 0)":"Tr\u00e1mite Parlamentario N\u00b0 135","('0009-JGM-2000', 1)":null,"('0009-JGM-2000', 2)":null,"('0009-JGM-2000', 3)":null,"('0009-JGM-2000', 4)":null,"('0009-JGM-2000', 5)":null,"('0009-JGM-2000', 6)":null,"('0009-JGM-2000', 7)":null,"('0009-JGM-2000', 8)":null,"('0009-JGM-2000', 9)":null,"('0009-JGM-2000', 10)":null,"('0009-JGM-2000', 11)":null,"('0009-JGM-2000', 12)":null,"('0009-JGM-2000', 13)":null},"Fecha: ":{"('0009-JGM-2000', 0)":"15\/09\/2000","('0009-JGM-2000', 1)":null,"('0009-JGM-2000', 2)":null,"('0009-JGM-2000', 3)":null,"('0009-JGM-2000', 4)":null,"('0009-JGM-2000', 5)":null,"('0009-JGM-2000', 6)":null,"('0009-JGM-2000', 7)":null,"('0009-JGM-2000', 8)":null,"('0009-JGM-2000', 9)":null,"('0009-JGM-2000', 10)":null,"('0009-JGM-2000', 11)":null,"('0009-JGM-2000', 12)":null,"('0009-JGM-2000', 13)":null},"T\u00edtulo":{"('0009-JGM-2000', 0)":"PRESUPUESTO GENERAL DE GASTOS Y CALCULO DE RECURSOS DE LA ADMINISTRACION NACIONAL PARA EL EJERCICIO FISCAL DEL A\u00d1O 2001.","('0009-JGM-2000', 1)":null,"('0009-JGM-2000', 2)":null,"('0009-JGM-2000', 3)":null,"('0009-JGM-2000', 4)":null,"('0009-JGM-2000', 5)":null,"('0009-JGM-2000', 6)":null,"('0009-JGM-2000', 7)":null,"('0009-JGM-2000', 8)":null,"('0009-JGM-2000', 9)":null,"('0009-JGM-2000', 10)":null,"('0009-JGM-2000', 11)":null,"('0009-JGM-2000', 12)":null,"('0009-JGM-2000', 13)":null},"('Firmantes', 'FIRMANTE')":{"('0009-JGM-2000', 0)":"DE LA RUA, FERNANDO","('0009-JGM-2000', 1)":"TERRAGNO, RODOLFO HECTOR","('0009-JGM-2000', 2)":"MACHINEA, JOSE LUIS","('0009-JGM-2000', 3)":null,"('0009-JGM-2000', 4)":null,"('0009-JGM-2000', 5)":null,"('0009-JGM-2000', 6)":null,"('0009-JGM-2000', 7)":null,"('0009-JGM-2000', 8)":null,"('0009-JGM-2000', 9)":null,"('0009-JGM-2000', 10)":null,"('0009-JGM-2000', 11)":null,"('0009-JGM-2000', 12)":null,"('0009-JGM-2000', 13)":null},"('Firmantes', 'DISTRITO')":{"('0009-JGM-2000', 0)":null,"('0009-JGM-2000', 1)":null,"('0009-JGM-2000', 2)":null,"('0009-JGM-2000', 3)":null,"('0009-JGM-2000', 4)":null,"('0009-JGM-2000', 5)":null,"('0009-JGM-2000', 6)":null,"('0009-JGM-2000', 7)":null,"('0009-JGM-2000', 8)":null,"('0009-JGM-2000', 9)":null,"('0009-JGM-2000', 10)":null,"('0009-JGM-2000', 11)":null,"('0009-JGM-2000', 12)":null,"('0009-JGM-2000', 13)":null},"('Firmantes', 'BLOQUE')":{"('0009-JGM-2000', 0)":"PODER EJECUTIVO","('0009-JGM-2000', 1)":"PODER EJECUTIVO","('0009-JGM-2000', 2)":"PODER EJECUTIVO","('0009-JGM-2000', 3)":null,"('0009-JGM-2000', 4)":null,"('0009-JGM-2000', 5)":null,"('0009-JGM-2000', 6)":null,"('0009-JGM-2000', 7)":null,"('0009-JGM-2000', 8)":null,"('0009-JGM-2000', 9)":null,"('0009-JGM-2000', 10)":null,"('0009-JGM-2000', 11)":null,"('0009-JGM-2000', 12)":null,"('0009-JGM-2000', 13)":null},"('Giros', 'COMISI\u00d3N')":{"('0009-JGM-2000', 0)":"PRESUPUESTO Y HACIENDA","('0009-JGM-2000', 1)":null,"('0009-JGM-2000', 2)":null,"('0009-JGM-2000', 3)":null,"('0009-JGM-2000', 4)":null,"('0009-JGM-2000', 5)":null,"('0009-JGM-2000', 6)":null,"('0009-JGM-2000', 7)":null,"('0009-JGM-2000', 8)":null,"('0009-JGM-2000', 9)":null,"('0009-JGM-2000', 10)":null,"('0009-JGM-2000', 11)":null,"('0009-JGM-2000', 12)":null,"('0009-JGM-2000', 13)":null},"('Tramites', 'C\u00c1MARA')":{"('0009-JGM-2000', 0)":"Diputados","('0009-JGM-2000', 1)":"Diputados","('0009-JGM-2000', 2)":"Diputados","('0009-JGM-2000', 3)":"Diputados","('0009-JGM-2000', 4)":"Diputados","('0009-JGM-2000', 5)":"Diputados","('0009-JGM-2000', 6)":"Senado","('0009-JGM-2000', 7)":"Senado","('0009-JGM-2000', 8)":"Senado","('0009-JGM-2000', 9)":"Senado","('0009-JGM-2000', 10)":"Senado","('0009-JGM-2000', 11)":"Diputados","('0009-JGM-2000', 12)":"Diputados","('0009-JGM-2000', 13)":"Diputados"},"('Tramites', 'MOVIMIENTO')":{"('0009-JGM-2000', 0)":"CONSIDERACION Y APROBACION EN GENERAL","('0009-JGM-2000', 1)":"CONTINUA CONSIDERACION","('0009-JGM-2000', 2)":"INSERCIONES","('0009-JGM-2000', 3)":"CONSIDERACION Y APROBACION CON MODIFICACIONES","('0009-JGM-2000', 4)":"INSERCIONES DE LOS DIPUTADOS PUIGGROS, BAYLAC Y TOMA","('0009-JGM-2000', 5)":"PASA A SENADO - (DAE 150)","('0009-JGM-2000', 6)":"MOCION SOBRE TABLAS SIN DICTAMEN (AFIRMATIVA)","('0009-JGM-2000', 7)":"MOCION CAMARA EN COMISION, CONFERENCIA","('0009-JGM-2000', 8)":"CONSIDERACION Y APROBACION EN GENERAL CON DOS TERCIOS","('0009-JGM-2000', 9)":"CONTINUA LA CONSIDERACION Y APROBACION CON MODIFICACIONES","('0009-JGM-2000', 10)":"INSERCIONES","('0009-JGM-2000', 11)":"VUELVE A DIPUTADOS - (TP 193 11\/12\/2000)","('0009-JGM-2000', 12)":"MOCION SOBRE TABLAS (AFIRMATIVA)","('0009-JGM-2000', 13)":"CONSIDERACION Y SANCION (ACEPTACION PARCIAL DE LAS MODIFICACIONES INTRODUCIDAS POR EL H SENADO)"},"('Tramites', 'FECHA')":{"('0009-JGM-2000', 0)":"28\/11\/2000","('0009-JGM-2000', 1)":"29\/11\/2000","('0009-JGM-2000', 2)":"29\/11\/2000","('0009-JGM-2000', 3)":"30\/11\/2000","('0009-JGM-2000', 4)":"30\/11\/2000","('0009-JGM-2000', 5)":null,"('0009-JGM-2000', 6)":"06\/12\/2000","('0009-JGM-2000', 7)":"06\/12\/2000","('0009-JGM-2000', 8)":"06\/12\/2000","('0009-JGM-2000', 9)":"07\/12\/2000","('0009-JGM-2000', 10)":"07\/12\/2000","('0009-JGM-2000', 11)":null,"('0009-JGM-2000', 12)":"12\/12\/2000","('0009-JGM-2000', 13)":"12\/12\/2000"},"('Tramites', 'RESULTADO')":{"('0009-JGM-2000', 0)":null,"('0009-JGM-2000', 1)":null,"('0009-JGM-2000', 2)":null,"('0009-JGM-2000', 3)":"MEDIA SANCION","('0009-JGM-2000', 4)":null,"('0009-JGM-2000', 5)":null,"('0009-JGM-2000', 6)":null,"('0009-JGM-2000', 7)":null,"('0009-JGM-2000', 8)":null,"('0009-JGM-2000', 9)":"MEDIA SANCION","('0009-JGM-2000', 10)":null,"('0009-JGM-2000', 11)":null,"('0009-JGM-2000', 12)":null,"('0009-JGM-2000', 13)":"SANCIONADO"},"Sumario":{"('0009-JGM-2000', 0)":"FIJASE EN LA SUMA DE $51232366227 LOS GASTOS CORRIENTES Y DE CAPITAL; RECURSOS CORRIENTES Y DE CAPITAL; GASTOS FIGURATIVOS; RESULTADO FINANCIERO ESTIMADO; OPERACIONES DE CREDITO PUBLICO:  AUTORIZACION, DE CONFORMIDAD CON EL ARTICULO 60 DE LA LEY 24156 (ADMINISTRACION FINANCIERA Y SISTEMAS DE CONTROL DEL SECTOR PUBLICO ESTATAL), A REALIZAR OPERACIONES DE CREDITO PUBLICO DE MEDIANO Y LARGO PLAZO POR LOS MONTOS Y DESTINOS INDICADOS EN LA PLANILLA ANEXA 14, A LOS ENTES ALLI ESPECIFICADOS; FACULTAD DEL MINISTERIO DE ECONOMIA PARA  EFECTUAR MODIFICACIONES A LA CARACTERISTICAS DETALLADAS EN DICHA PLANILLA; AUTORIZACION DEL MINISTERIO DE ECONOMIA AL ORGANO RESPONSABLE DE LA COORDINACION DE LOS SISTEMAS DE ADMINISTRACION FINANCIERA PARA REALIZAR OPERACIONES DE CREDITO PUBLICO ADICIONALES, CORRESPONDIENTES A LA ADMINISTRACION CENTRAL, A LOS FINES ESTABLECIDOS POR EL ARTICULO 2 INCISO F) IN FINE DE LA LEY 25152 (CONVERTIBILIDAD FISCAL); AUTORIZACION AL ORGANO RESPONSABLE DE LA COORDINACION DE LOS SISTEMAS DE LA ADMINISTRACION FINANCIERA A COLOCAR LETRAS DEL TESORO HASTA ALCANZAR UN IMPORTE EN CIRCULACION DE VALOR NOMINAL DE $5000000000; CANCELAR LA AUTORIZACION  A EMITIR BONOS DE CONSOLIDACION EN MONEDA NACIONAL - PRIMERA SERIE Y BONOS DE CONSOLIDACION EN DOLARES ESTADOUNIDENSES - PRIMERA SERIE, DISPUESTA EN EL ARTICULO 11 DE LA LEY 23982, ATENCION DE DEUDAS CON BONOS DE CONSOLIDACION EN SUS SERIES VIGENTES; LIMITACION DE LA COLOCACION DE BONOS DE CONSOLIDACION Y DE BONOS DE CONSOLIDACION DE DEUDAS PREVISIONALES; FACULTASE AL MINISTERIO DE ECONOMIA A OFRECER BONOS DE CONSOLIDACION A AQUELLOS TENEDORES RECONOCIDOS DE DEUDA ELEGIBLE PARA EL \"PLAN FINANCIERO REPUBLICA ARGENTINA 1992\" QUE NO HAYAN SUSCRIPTO ACUERDO DE DEUDA EN LOS TERMINOS DEL DECRETO 204\/95; FACULTASE AL MINISTERIO DE ECONOMIA A COLOCAR BONOS DE CONSOLIDACION TERCERA SERIE EN MONEDA NACIONAL Y EN DOLARES ESTADOUNIDENSES, EMITIDOS POR DECRETO 1318\/98; MONTOS MAXIMOS DE AUTORIZACION A FAVOR DE LA TESORERIA GENERAL DE LA NACION Y DE LA ADMINISTRACION NACIONAL DE LA SEGURIDAD SOCIAL PARA HACER USO DEL CREDITO A CORTO PLAZO; FACULTASE A LA SECRETARIA DE HACIENDA DEL MINISTERIO DE ECONOMIA A OTORGAR AVALES DEL TESORO NACIONAL PARA LAS OPERACIONES DE CREDITO PUBLICO DE ACUERDO CON LA PLANILLA ANEXA 16; SUSTITUCION DEL ARTICULO 10 DE LA LEY 25 237, INCORPORADO A LA LEY 11672 (COMPLEMENTARIA, PERMANENTE DE PRESUPUESTO) (LAS JURISDICCIONES Y ENTIDADES DE LA ADMINISTRACION NACIONAL SOLO PODRAN INICIAR GESTIONES PARA REALIZAR OPERACIONES DE CREDITO PUBLICO CON ORGANISMOS FINANCIEROS INTERNACIONALES DE LOS QUE LA NACION FORME PARTE O CON OTRAS INSTITUCIONES FINANCIERAS, CUANDO CUENTEN CON OPINION FAVORABLE DE LA JEFATURA DE GABINETE DE MINISTROS Y DEL MINISTERIO DE ECONOMIA); DISTRIBUCION, AMPLIACION, MODIFICACIONES Y PLANTAS DE PERSONAL: FACULTADES DEL JEFE DE GABINETE DE MINISTROS; INCORPORACION, A REQUERIMIENTO DE LOS PRESIDENTES DE AMBAS CAMARAS DEL CONGRESO NACIONAL, DE LOS SOBRANTES DE LOS PRESUPUESTOS DE LA JURISDICCION PODER LEGISLATIVO NACIONAL A QUE ALUDE EL ARTICULO 9 DE LA LEY 11672, EXISTENTES AL 31\/12\/2000, PARA ATENDER NECESIDADES ADICIONALES DE FUNCIONAMIENTO DEL PODER LEGISLATIVO NACIONAL; FACULTAD DEL JEFE DE GABINETE DE MINISTROS PARA DISPONER AMPLIACIONES EN LOS CREDITOS PRESUPUESTARIOS DE LA ADMINISTRACION CENTRAL Y DE LOS ORGANISMOS DESCENTRALIZADOS, FACULTADES PARA DISPONER REESTRUCTURACIONES PRESUPUESTARIAS; IMPOSIBILIDAD DE APROBAR INCREMENTOS EN LOS CARGOS Y HORAS DE CATEDRA NI EN NINGUNO DE SUS NIVELES ESCALAFONARIOS, DENTRO DEL TOTAL DETERMINADO EN LAS PLANILLAS 17, 18, 19 Y 20, EXCEPCIONES: CARGOS CORRESPONDIENTES A LAS FUNCIONES EJECUTIVAS PREVISTOS EN EL DECRETO 993\/91; IMPOSIBILIDAD DE CUBRIR CARGOS VACANTES FINANCIADOS EXISTENTES AL 01\/01\/2001; LAS FACULTADES OTORGADAS POR LA PRESENTE AL JEFE DE GABINETE DE MINISTROS PODRAN SER ASUMIDAS POR EL PODER EJECUTIVO NACIONAL EN SU CARACTER DE RESPONSABLE POLITICO DE LA ADMINISTRACION GENERAL DEL PAIS Y EN FUNCION DE LO DISPUESTO POR EL INCISO 10 DEL ARTICULO 99 DE LA CONSTITUCION NACIONAL; NORMAS SOBRE GASTOS: AUTORIZAR, DE CONFORMIDAD AL ARTICULO 15 DE LA LEY 24156, LA CONTRATACION DE OBRAS O ADQUISICION DE BIENES Y SERVICIOS; MONTO PARA ATENDER SUBSIDIOS A SER PERCIBIDOS POR LAS DISTRIBUIDORAS ZONALES PARA APLICAR TARIFAS DIFERENCIALES A LOS CONSUMIDORES RESIDENCIALES DE GAS NATURAL Y\/O PROPANO Y BUTANO DILUIDOS POR REDES EN LAS PROVINCIAS DE LA REGION PATAGONICA; MONTO DE LA OBLIGACION DEL TESORO NACIONAL PARA ATENDER LA GARANTIA DEL FONDO NACIONAL DE LA VIVIENDA; FACULTAR AL JEFE DE GABINETE DE MINISTROS PARA REALIZAR MODIFICACIONES PRESUPUESTARIAS NECESARIAS PARA LA FINALIZACION DEL EDIFICIO DE LA ARMADA ARGENTINA EN LA BASE NAVAL DE PUERTO BELGRANO Y DEL PAGO AL CONCESIONARIO AEROPUERTOS ARGENTINA 2000; INCORPORACION DE CREDITOS NECESARIOS PARA FINANCIAR EL PLAN NACIONAL DE RADARIZACION (LEY 25813); INCORPORACION EN LA DISTRIBUCION DE CREDITOS, DE LOS FLUJOS FINANCIEROS  Y USO DE LOS FONDOS FIDUCIARIOS INTEGRADOS TOTAL O MAYORITARIAMENTE POR BIENES Y\/O FONDOS DEL ESTADO NACIONAL, APLICACION AL FONDO CREADO POR EL ARTICULO 3 DE LA LEY 24855, EL JEFE DE GABINETE DE MINISTROS DARA CUENTA DE ESTE CUMPLIMIENTO AL HONORABLE CONGRESO NACIONAL; APROBACION DEL AUMENTO DEL APORTE DE LA REPUBLICA ARGENTINA AL BANCO AFRICANO DE DESARROLLO, EN EL MARCO DE QUINTO AUMENTO DE CAPITAL DEL ORGANISMO; FIJASE EN LA SUMA DE UN PESO POR VOTO OBTENIDO EN LA ELECCION NACIONAL DEL 24\/10\/1999, EL APORTE ESTABLECIDO EN EL ARTICULO 46 DE LA LEY 23298 (LEY ORGANICA DE LOS PARTIDOS POLITICOS); ASIGNACIONES PARA EL CUMPLIMIENTO DE LOS OBJETIVOS DEL ARTICULO 28 DE LA LEY 19800 (FONDO NACIONAL DEL TABACO); NORMAS SOBRE RECURSOS: INGRESO COMO CONTRIBUCION AL TESORO NACIONAL; CONDONACION DE DEUDAS POR APORTES AL TESORO NACIONAL DE EJERCICIOS ANTERIORES; MODIFICACION A LA LEY DE IMPUESTO AL VALOR AGREGADO (TO 1997); MODIFICACION DEL TITULO IV DE LA LEY 25063 DE IMPUESTO SOBRE LOS INTERESES PAGADOS Y EL COSTO FINANCIERO DEL ENDEUDAMIENTO EMPRESARIO Y EL TITULO III DE LA LEY 23966 DE IMPUESTO SOBRE LOS COMBUSTIBLES LIQUIDOS Y EL GAS NATURAL; CREACION DE UN REGIMEN OPTATIVO DE CANCELACION ANTICIPADA DE LAS OBLIGACIONES FISCALES DIFERIDAS AL AMPARO DEL REGIMEN DE LAS LEYES 21608, 22021, 22702 Y 22973, MODIFICATORIAS Y REGLAMENTARIAS (PROMOCION INDUSTRIAL); MONTO DE LA TASA REGULATORIA PREVISTA POR EL PRIMER PARRAFO DEL ARTICULO 26 DE LA LEY 24804 (LEY NACIONAL DE LA ACTIVIDAD NUCLEAR); SUSTITUCION DEL INCISO D) DEL ARTICULO 2 DEL DECRETO 2741\/91, RATIFICADO POR LEY 24241 (FONDOS PROVENIENTES DE LA RECAUDACION DE APORTES O CONTRIBUCIONES DE LA NOMINA SALARIAL); APORTES A UNIVERSIDADES NACIONALES: CREDITO TOTAL, ASIGNACION DE RECURSOS POR PROGRAMAS, INDICADORES PARA LA DISTRIBUCION; CUPOS FISCALES PARA LOS PROYECTOS INDUSTRIALES Y NO INDUSTRIALES PROMOVIDOS; SENTENCIAS JUDICIALES: LIMITE MAXIMO DESTINADO AL PAGO EN EFECTIVO Y SUMA DESTINADA PARA DEUDAS PREVISIONALES CONSOLIDADAS CONFORME LEYES 23982 Y 24130; JUBILACIONES Y PENSIONES; LIMITE A LA PARTICIPACION DEL INSTITUTO DE AYUDA FINANCIERA PARA PAGO DE RETIROS Y PENSIONES MILITARES; EL OTORGAMIENTO, DURANTE EL EJERCICIO 2001, DE NUEVAS PENSIONES NO CONTRIBUTIVAS QUEDA SUPEDITADO A UNA BAJA EQUIVALENTE EN BENEFICIOS OTORGADOS; DEJANSE SIN EFECTO LAS PRORROGAS ESTABLECIDAS POR LAS LEYES 24307, 24447, 24624, 24764, 24938 Y 25068 DE PRESUPUESTO DE LA ADMINISTRACION NACIONAL PARA LAS PENSIONES GRACIABLES QUE HUBIERAN CADUCADO, CON POSIBILIDAD DE REHABILITACION DE LA PRESTACION CONFORME DECRETO 432\/97; SUBSIDIOS Y BECAS: SUBSIDIOS A OTORGAR POR EL PODER LEGISLATIVO; CREACION DE UN FONDO DE $4000000 DE AYUDA A ESTUDIANTES DE NIVEL MEDIO, TERCIARIO Y UNIVERSITARIO, A CARGO DE LAS COMISIONES DE PRESUPUESTO Y HACIENDA DE AMBAS CAMARAS DEL CONGRESO NACIONAL; REESTRUCTURACION ADMINISTRATIVA: PROCESO DE MODERNIZACION Y REFORMA ADMINISTRATIVA INTEGRAL DE LA ADMINISTRACION NACIONAL QUE CULMINA EN SU TOTALIDAD ANTES DEL 30\/06\/2002, PROCESOS DE REINGENIERIA DESTINADOS A DISMINUIR EL GASTO Y A INTRODUCIR EN LA GESTION PARAMETROS PARA MEDIR Y CUANTIFICAR RESULTADOS, BRINDAR MEJOR ATENCION EN LOS SERVICIOS Y MEJOR PROVISION DE INFORMACION A LOS CIUDADANOS POR PARTE DE LOS ORGANISMOS, EN EL MARCO DEL DECRETO 229\/2000, EL PROCESO ESTARA A CARGO DE LA COMISION PARA LA MODERNIZACION DEL ESTADO CREADA POR DECRETO 17\/2000, REALIZACION DE LA REFORMA ADMINISTRATIVA INTEGRAL POR PARTE DE LOS PODERES LEGISLATIVO Y JUDICIAL EN SUS RESPECTIVOS AMBITOS; SUSTITUCION DEL ARTICULO 44 DE LA LEY 11672 (COLOCACION DE DISPONIBILIDADES DEL TESORO NACIONAL POR PARTE DE LA SECRETARIA DE HACIENDA DEL MINISTERIO DE ECONOMIA); ESTABLECER QUE EL ENTE BINACIONAL YACYRETA DEBERA CANCELAR ANUALMENTE EN EFECTIVO LA DEUDA QUE MANTIENE CON EL ESTADO NACIONAL; SUSTITUCION DEL ARTICULO 20 DE LA LEY 11672 (AUTORIZACION AL MINISTERIO DE ECONOMIA PARA OTORGAR ANTICIPOS A CUENTA DE LAS RESPECTIVAS PARTICIPACIONES EN EL PRODUCIDO DE IMPUESTOS NACIONALES A FAVOR DE LAS PROVINCIAS Y DEL GOBIERNO DE LA CIUDAD DE BUENOS AIRES); REQUISITOS A CUMPLIMENTAR PARA OBTENER LOS BENEFICIOS DE LA LEY 25069 (TRANSFERENCIA DE BIENES DEL ESTADO NACIONAL A FAVOR DEL ENTE NACIONAL DE ADMINISTRACION DE BIENES FERROVIARIOS); FACULTASE AL PODER EJECUTIVO A MODIFICAR LAS PRESTACIONES ESTABLECIDAS EN LA LEY 24714 (ASIGNACIONES FAMILIARES); SUSPENSION DE LAS RETENCIONES QUE DEBE APLICAR LA ADMINISTRACION NACIONAL DE LA SEGURIDAD SOCIAL SOBRE LA RECAUDACION DEL INSTITUTO NACIONAL DE SERVICIOS SOCIALES PARA JUBILADOS Y PENSIONADOS, DE CONFORMIDAD AL ARTICULO 15 DEL DECRETO 197\/97; FACULTAR AL MINISTERIO DE ECONOMIA PARA CONDONAR DEUDAS; FACULTAR AL JEFE DE GABINETE DE MINISTROS A DISPONER LAS REESTRUCTURACIONES PRESUPUESTARIAS NECESARIAS; AUTORIZAR AL PODER EJECUTIVO NACIONAL PARA INCORPORAR A LA LEY 24156 LOS ARTICULOS PERTINENTES DE LA LEY 11672 Y A INCORPORAR A ESTA ULTIMA LEY LOS TEXTOS LEGALES QUE CORRESPONDIERE EN RAZON DE LOS TEMAS INVOLUCRADOS; INCORPORACION A LA LEY 11672 (COMPLEMENTARIA PERMANENTE DE PRESUPUESTO, TO 1999), LOS ARTICULOS 14 Y 60 DE LA LEY 25237 (PRESUPUESTO 2000) Y DOS ULTIMOS PARRAFOS DEL ARTICULO 6,  ARTICULOS 8, 12, 25, 34, 54, 60 Y 62 DE LA PRESENTE LEY; PLANILLAS ANEXAS.","('0009-JGM-2000', 1)":null,"('0009-JGM-2000', 2)":null,"('0009-JGM-2000', 3)":null,"('0009-JGM-2000', 4)":null,"('0009-JGM-2000', 5)":null,"('0009-JGM-2000', 6)":null,"('0009-JGM-2000', 7)":null,"('0009-JGM-2000', 8)":null,"('0009-JGM-2000', 9)":null,"('0009-JGM-2000', 10)":null,"('0009-JGM-2000', 11)":null,"('0009-JGM-2000', 12)":null,"('0009-JGM-2000', 13)":null},"Palabra Clave":{"('0009-JGM-2000', 0)":" ","('0009-JGM-2000', 1)":null,"('0009-JGM-2000', 2)":null,"('0009-JGM-2000', 3)":null,"('0009-JGM-2000', 4)":null,"('0009-JGM-2000', 5)":null,"('0009-JGM-2000', 6)":null,"('0009-JGM-2000', 7)":null,"('0009-JGM-2000', 8)":null,"('0009-JGM-2000', 9)":null,"('0009-JGM-2000', 10)":null,"('0009-JGM-2000', 11)":null,"('0009-JGM-2000', 12)":null,"('0009-JGM-2000', 13)":null}}