{"Tipo de Proyecto":{"('0011-S-2000', 0)":"COMUNICACION"},"Iniciado en: ":{"('0011-S-2000', 0)":"Senado"},"Expediente Senado: ":{"('0011-S-2000', 0)":"0011-S-2000"},"Publicado en: ":{"('0011-S-2000', 0)":"Diario de Asuntos Entrados N\u00b0 1"},"Fecha: ":{"('0011-S-2000', 0)":"01\/03\/2000"},"T\u00edtulo":{"('0011-S-2000', 0)":"INSTRUMENTAR UN REGIMEN DE RENOVACION DE LA MAQUINARIA AGRICOLA COMO EL ESTABLECIDO POR DECRETO 257\/99 QUE CADUCO EL 31\/12\/99."},"('Firmantes', 'FIRMANTE')":{"('0011-S-2000', 0)":"MOLINARI ROMERO, LUIS"},"('Firmantes', 'DISTRITO')":{"('0011-S-2000', 0)":"CORDOBA"},"('Firmantes', 'BLOQUE')":{"('0011-S-2000', 0)":"UCR"},"('Tramites', 'C\u00c1MARA')":{"('0011-S-2000', 0)":"Senado"},"('Tramites', 'MOVIMIENTO')":{"('0011-S-2000', 0)":"CONSIDERACION Y APROBACION"},"('Tramites', 'FECHA')":{"('0011-S-2000', 0)":"10\/05\/2000"},"('Tramites', 'RESULTADO')":{"('0011-S-2000', 0)":"APROBADO"},"Sumario":{"('0011-S-2000', 0)":"SOLICITUD AL PODER EJECUTIVO NACIONAL."},"Palabra Clave":{"('0011-S-2000', 0)":" "}}