{"Tipo de Proyecto":{"('0012-S-2000', 0)":"COMUNICACION","('0012-S-2000', 1)":null},"Iniciado en: ":{"('0012-S-2000', 0)":"Senado","('0012-S-2000', 1)":null},"Expediente Senado: ":{"('0012-S-2000', 0)":"0012-S-2000","('0012-S-2000', 1)":null},"Publicado en: ":{"('0012-S-2000', 0)":"Diario de Asuntos Entrados N\u00b0 1","('0012-S-2000', 1)":null},"Fecha: ":{"('0012-S-2000', 0)":"01\/03\/2000","('0012-S-2000', 1)":null},"T\u00edtulo":{"('0012-S-2000', 0)":"PROMOVER EL TRANSPORTE MULTIMODAL.","('0012-S-2000', 1)":null},"('Firmantes', 'FIRMANTE')":{"('0012-S-2000', 0)":"MOLINARI ROMERO, LUIS","('0012-S-2000', 1)":null},"('Firmantes', 'DISTRITO')":{"('0012-S-2000', 0)":"CORDOBA","('0012-S-2000', 1)":null},"('Firmantes', 'BLOQUE')":{"('0012-S-2000', 0)":"UCR","('0012-S-2000', 1)":null},"('Tramites', 'C\u00c1MARA')":{"('0012-S-2000', 0)":"Senado","('0012-S-2000', 1)":"Senado"},"('Tramites', 'MOVIMIENTO')":{"('0012-S-2000', 0)":"CONSIDERACION Y APROBACION","('0012-S-2000', 1)":"CONTESTACION DEL PODER EJECUTIVO NACIONAL - (210-PE-01); GIRADA A LA COMISION RESPECTIVA"},"('Tramites', 'FECHA')":{"('0012-S-2000', 0)":"12\/04\/2000","('0012-S-2000', 1)":null},"('Tramites', 'RESULTADO')":{"('0012-S-2000', 0)":"APROBADO","('0012-S-2000', 1)":null},"Sumario":{"('0012-S-2000', 0)":"SOLICITUD AL PODER EJECUTIVO NACIONAL.","('0012-S-2000', 1)":null},"Palabra Clave":{"('0012-S-2000', 0)":" ","('0012-S-2000', 1)":null}}