{"Tipo de Proyecto":{"('0013-PE-2000', 0)":"MENSAJE NRO: 0381\/00 Y PROYECTO DE LEY","('0013-PE-2000', 1)":null,"('0013-PE-2000', 2)":null,"('0013-PE-2000', 3)":null,"('0013-PE-2000', 4)":null},"Iniciado en: ":{"('0013-PE-2000', 0)":"Diputados","('0013-PE-2000', 1)":null,"('0013-PE-2000', 2)":null,"('0013-PE-2000', 3)":null,"('0013-PE-2000', 4)":null},"Expediente Diputados: ":{"('0013-PE-2000', 0)":"0013-PE-2000","('0013-PE-2000', 1)":null,"('0013-PE-2000', 2)":null,"('0013-PE-2000', 3)":null,"('0013-PE-2000', 4)":null},"Publicado en: ":{"('0013-PE-2000', 0)":"Tr\u00e1mite Parlamentario N\u00b0 51","('0013-PE-2000', 1)":null,"('0013-PE-2000', 2)":null,"('0013-PE-2000', 3)":null,"('0013-PE-2000', 4)":null},"Fecha: ":{"('0013-PE-2000', 0)":"15\/05\/2000","('0013-PE-2000', 1)":null,"('0013-PE-2000', 2)":null,"('0013-PE-2000', 3)":null,"('0013-PE-2000', 4)":null},"T\u00edtulo":{"('0013-PE-2000', 0)":"RATIFICACION Y PRORROGA POR EL TERMINO DE 10 A\u00d1OS LA DECLARACION DE UTILIDAD PUBLICA Y SUJETOS A EXPROPIACION RESPECTO DE LOS BIENES INMUEBLES NECESARIOS PARA EL CUMPLIMIENTO DEL TRATADO DE YACYRETA (LEYES 22313 y 23881). \n","('0013-PE-2000', 1)":null,"('0013-PE-2000', 2)":null,"('0013-PE-2000', 3)":null,"('0013-PE-2000', 4)":null},"('Firmantes', 'FIRMANTE')":{"('0013-PE-2000', 0)":"DE LA RUA, FERNANDO","('0013-PE-2000', 1)":"TERRAGNO, RODOLFO HECTOR","('0013-PE-2000', 2)":"GALLO, NICOLAS VICENTE","('0013-PE-2000', 3)":"MACHINEA, JOSE LUIS","('0013-PE-2000', 4)":"FERNANDEZ MEIJIDE, GRACIELA"},"('Firmantes', 'DISTRITO')":{"('0013-PE-2000', 0)":null,"('0013-PE-2000', 1)":null,"('0013-PE-2000', 2)":null,"('0013-PE-2000', 3)":null,"('0013-PE-2000', 4)":null},"('Firmantes', 'BLOQUE')":{"('0013-PE-2000', 0)":"PODER EJECUTIVO","('0013-PE-2000', 1)":"PODER EJECUTIVO","('0013-PE-2000', 2)":"PODER EJECUTIVO","('0013-PE-2000', 3)":"PODER EJECUTIVO","('0013-PE-2000', 4)":"PODER EJECUTIVO"},"('Giros', 'COMISI\u00d3N')":{"('0013-PE-2000', 0)":"OBRAS PUBLICAS","('0013-PE-2000', 1)":null,"('0013-PE-2000', 2)":null,"('0013-PE-2000', 3)":null,"('0013-PE-2000', 4)":null},"Palabra Clave":{"('0013-PE-2000', 0)":" ","('0013-PE-2000', 1)":null,"('0013-PE-2000', 2)":null,"('0013-PE-2000', 3)":null,"('0013-PE-2000', 4)":null}}