{"Tipo de Proyecto":{"('0015-PE-2000', 0)":"MENSAJE NRO: 0404\/00 Y PROYECTO DE LEY","('0015-PE-2000', 1)":null,"('0015-PE-2000', 2)":null,"('0015-PE-2000', 3)":null},"Iniciado en: ":{"('0015-PE-2000', 0)":"Diputados","('0015-PE-2000', 1)":null,"('0015-PE-2000', 2)":null,"('0015-PE-2000', 3)":null},"Expediente Diputados: ":{"('0015-PE-2000', 0)":"0015-PE-2000","('0015-PE-2000', 1)":null,"('0015-PE-2000', 2)":null,"('0015-PE-2000', 3)":null},"Expediente Senado: ":{"('0015-PE-2000', 0)":"0068-CD-2000","('0015-PE-2000', 1)":null,"('0015-PE-2000', 2)":null,"('0015-PE-2000', 3)":null},"Publicado en: ":{"('0015-PE-2000', 0)":"Tr\u00e1mite Parlamentario N\u00b0 52","('0015-PE-2000', 1)":null,"('0015-PE-2000', 2)":null,"('0015-PE-2000', 3)":null},"Fecha: ":{"('0015-PE-2000', 0)":"16\/05\/2000","('0015-PE-2000', 1)":null,"('0015-PE-2000', 2)":null,"('0015-PE-2000', 3)":null},"T\u00edtulo":{"('0015-PE-2000', 0)":"AUTORIZACION A LA SECRETARIA DE PROGRAMACION PARA LA PREVENCION DE LA DROGADICCION Y LA LUCHA CONTRA EL NARCOTRAFICO DE LA PRESIDENCIA DE LA NACION A CELEBRAR EN LOS TERMINOS DE LA LEY 23283, CONVENIOS DE COOPERACION TECNICA Y FINANCIERA SIN CARGO PARA EL ESTADO NACIONAL, CON ENTIDADES PUBLICAS O PRIVADAS, PARA PROPENDER AL MEJORAMIENTO Y MODERNIZACION DEL REGISTRO NACIONAL DE PRECURSORES QUIMICOS.","('0015-PE-2000', 1)":null,"('0015-PE-2000', 2)":null,"('0015-PE-2000', 3)":null},"('Firmantes', 'FIRMANTE')":{"('0015-PE-2000', 0)":"DE LA RUA, FERNANDO","('0015-PE-2000', 1)":"TERRAGNO, RODOLFO HECTOR","('0015-PE-2000', 2)":"GIL LAVEDRA, RICARDO RODOLFO","('0015-PE-2000', 3)":null},"('Firmantes', 'DISTRITO')":{"('0015-PE-2000', 0)":null,"('0015-PE-2000', 1)":null,"('0015-PE-2000', 2)":null,"('0015-PE-2000', 3)":null},"('Firmantes', 'BLOQUE')":{"('0015-PE-2000', 0)":"PODER EJECUTIVO","('0015-PE-2000', 1)":"PODER EJECUTIVO","('0015-PE-2000', 2)":"PODER EJECUTIVO","('0015-PE-2000', 3)":null},"('Giros', 'COMISI\u00d3N')":{"('0015-PE-2000', 0)":"DROGADICCION","('0015-PE-2000', 1)":null,"('0015-PE-2000', 2)":null,"('0015-PE-2000', 3)":null},"('Tramites', 'C\u00c1MARA')":{"('0015-PE-2000', 0)":"Diputados","('0015-PE-2000', 1)":"Diputados","('0015-PE-2000', 2)":"Senado","('0015-PE-2000', 3)":"Senado"},"('Tramites', 'MOVIMIENTO')":{"('0015-PE-2000', 0)":"MOCION SOBRE TABLAS (AFIRMATIVA)","('0015-PE-2000', 1)":"CONSIDERACION Y APROBACION","('0015-PE-2000', 2)":"PASA A SENADO - (DAE 74)","('0015-PE-2000', 3)":"CONSIDERACION Y SANCION"},"('Tramites', 'FECHA')":{"('0015-PE-2000', 0)":"06\/07\/2000","('0015-PE-2000', 1)":"06\/07\/2000","('0015-PE-2000', 2)":null,"('0015-PE-2000', 3)":"22\/11\/2000"},"('Tramites', 'RESULTADO')":{"('0015-PE-2000', 0)":null,"('0015-PE-2000', 1)":"MEDIA SANCION","('0015-PE-2000', 2)":null,"('0015-PE-2000', 3)":"SANCIONADO"},"Link":{"('0015-PE-2000', 0)":"http:\/\/www.senado.gov.ar\/web\/proyectos\/verExpe.php?origen=CD&nro_comision=&tipo=PL&numexp=68\/00&tConsulta=4","('0015-PE-2000', 1)":null,"('0015-PE-2000', 2)":null,"('0015-PE-2000', 3)":null},"Palabra Clave":{"('0015-PE-2000', 0)":" ","('0015-PE-2000', 1)":null,"('0015-PE-2000', 2)":null,"('0015-PE-2000', 3)":null}}