{"Tipo de Proyecto":{"('0016-S-2000', 0)":"COMUNICACION","('0016-S-2000', 1)":null},"Iniciado en: ":{"('0016-S-2000', 0)":"Senado","('0016-S-2000', 1)":null},"Expediente Senado: ":{"('0016-S-2000', 0)":"0016-S-2000","('0016-S-2000', 1)":null},"Publicado en: ":{"('0016-S-2000', 0)":"Diario de Asuntos Entrados N\u00b0 2","('0016-S-2000', 1)":null},"Fecha: ":{"('0016-S-2000', 0)":"01\/03\/2000","('0016-S-2000', 1)":null},"T\u00edtulo":{"('0016-S-2000', 0)":"CANCELAR LA DEUDA CON LA PROVINCIA DE SANTA FE GENERADA POR EL MANTENIMIENTO DE LAS PERSONAS DETENIDAS POR CAUSAS FEDERALES EN INSTITUTOS PROVINCIALES, Y DAR CONTINUIDAD A LA OBRA DEL INSTITUTO PENITENCIARIO DE LA LOCALIDAD DE CORONDA DE DICHA PROVINCIA.","('0016-S-2000', 1)":null},"('Firmantes', 'FIRMANTE')":{"('0016-S-2000', 0)":"MASSAT, JORGE J.","('0016-S-2000', 1)":null},"('Firmantes', 'DISTRITO')":{"('0016-S-2000', 0)":"SANTA FE","('0016-S-2000', 1)":null},"('Firmantes', 'BLOQUE')":{"('0016-S-2000', 0)":"JUSTICIALISTA","('0016-S-2000', 1)":null},"('Tramites', 'C\u00c1MARA')":{"('0016-S-2000', 0)":"Senado","('0016-S-2000', 1)":"Senado"},"('Tramites', 'MOVIMIENTO')":{"('0016-S-2000', 0)":"CONSIDERACION Y APROBACION","('0016-S-2000', 1)":"CONTESTACION DEL PODER EJECUTIVO NACIONAL - (300-PE-00); GIRADA A LA COMISION RESPECTIVA"},"('Tramites', 'FECHA')":{"('0016-S-2000', 0)":"12\/04\/2000","('0016-S-2000', 1)":null},"('Tramites', 'RESULTADO')":{"('0016-S-2000', 0)":"APROBADO","('0016-S-2000', 1)":null},"Sumario":{"('0016-S-2000', 0)":"SOLICITUD AL PODER EJECUTIVO NACIONAL.","('0016-S-2000', 1)":null},"Palabra Clave":{"('0016-S-2000', 0)":" ","('0016-S-2000', 1)":null}}