{"Tipo de Proyecto":{"('0016-OV-2000', 0)":"PROYECTO DE RESOLUCI\u00d3N"},"Iniciado en: ":{"('0016-OV-2000', 0)":"Senado"},"Expediente Senado: ":{"('0016-OV-2000', 0)":"0016-OV-2000"},"Publicado en: ":{"('0016-OV-2000', 0)":"Diario de Asuntos Entrados N\u00b0 90"},"Fecha: ":{"('0016-OV-2000', 0)":"20\/06\/2001"},"T\u00edtulo":{"('0016-OV-2000', 0)":"RESOLUCION 11\/00 REMITIDA POR LA AUDITORIA GENERAL DE LA NACION SOBRE LOS ESTADOS FINANCIEROS DEL \"PROGRAMA DE ATENCION A MENORES EN CIRCUNSTANCIAS ESPECIALMENTE DIFICILES\", CONVENIO DE COOPERACION TECNICA NO REEMBOLSABLE ATN \/ SF - 4862 AR BID, EJERCICIO 98."},"('Firmantes', 'FIRMANTE')":{"('0016-OV-2000', 0)":"PARLAMENTARIA MIXTA REVISORA DE CUENTAS"},"('Firmantes', 'DISTRITO')":{"('0016-OV-2000', 0)":null},"('Firmantes', 'BLOQUE')":{"('0016-OV-2000', 0)":null},"('Tramites', 'C\u00c1MARA')":{"('0016-OV-2000', 0)":"Senado"},"('Tramites', 'MOVIMIENTO')":{"('0016-OV-2000', 0)":"CONSIDERACION Y APROBACION (AL ARCHIVO)"},"('Tramites', 'FECHA')":{"('0016-OV-2000', 0)":"18\/07\/2001"},"('Tramites', 'RESULTADO')":{"('0016-OV-2000', 0)":"ARCHIVADO"},"Sumario":{"('0016-OV-2000', 0)":"HABIENDO TOMADO CONOCIMIENTO Y NO CONTENIENDO REQUERIMIENTOS DE ACCION SUBSISTENTES, SE ACONSEJA SU REMISION AL ARCHIVO."},"Palabra Clave":{"('0016-OV-2000', 0)":" "}}