{"Tipo de Proyecto":{"('0017-S-2000', 0)":"PROYECTO DE LEY"},"Iniciado en: ":{"('0017-S-2000', 0)":"Senado"},"Expediente Senado: ":{"('0017-S-2000', 0)":"0017-S-2000"},"Publicado en: ":{"('0017-S-2000', 0)":"Diario de Asuntos Entrados N\u00b0 2"},"Fecha: ":{"('0017-S-2000', 0)":"01\/03\/2000"},"T\u00edtulo":{"('0017-S-2000', 0)":"DECLARAR LA EMERGENCIA ECONOMICA DEL SECTOR AVICOLA NACIONAL MIENTRAS PERMANEZCAN LAS ASIMETRIAS CON SU PAR DE LA REPUBLICA DE BRASIL."},"('Firmantes', 'FIRMANTE')":{"('0017-S-2000', 0)":"MASSAT, JORGE J."},"('Firmantes', 'DISTRITO')":{"('0017-S-2000', 0)":"SANTA FE"},"('Firmantes', 'BLOQUE')":{"('0017-S-2000', 0)":"JUSTICIALISTA"},"Sumario":{"('0017-S-2000', 0)":"EXENCION DEL PAGO DEL IMPUESTO AL VALOR AGREGADO EN TODOS LOS INSUMOS NECESARIOS PARA LA CRIANZA; CREACION DEL REGISTRO DE CRIADORES DE AVES DE CORRAL POR PARTE DE LA AFIP; APERTURA DE UNA LINEA DE CREDITOS POR PARTE DEL BANCO NACION."},"Palabra Clave":{"('0017-S-2000', 0)":" "}}