{"Tipo de Proyecto":{"('0018-PE-2000', 0)":"MENSAJE NRO: 0424\/00 Y PROYECTO DE LEY","('0018-PE-2000', 1)":null,"('0018-PE-2000', 2)":null,"('0018-PE-2000', 3)":null,"('0018-PE-2000', 4)":null},"Iniciado en: ":{"('0018-PE-2000', 0)":"Diputados","('0018-PE-2000', 1)":null,"('0018-PE-2000', 2)":null,"('0018-PE-2000', 3)":null,"('0018-PE-2000', 4)":null},"Expediente Diputados: ":{"('0018-PE-2000', 0)":"0018-PE-2000","('0018-PE-2000', 1)":null,"('0018-PE-2000', 2)":null,"('0018-PE-2000', 3)":null,"('0018-PE-2000', 4)":null},"Expediente Senado: ":{"('0018-PE-2000', 0)":"0114-CD-2000","('0018-PE-2000', 1)":null,"('0018-PE-2000', 2)":null,"('0018-PE-2000', 3)":null,"('0018-PE-2000', 4)":null},"Publicado en: ":{"('0018-PE-2000', 0)":"Tr\u00e1mite Parlamentario N\u00b0 61","('0018-PE-2000', 1)":null,"('0018-PE-2000', 2)":null,"('0018-PE-2000', 3)":null,"('0018-PE-2000', 4)":null},"Fecha: ":{"('0018-PE-2000', 0)":"30\/05\/2000","('0018-PE-2000', 1)":null,"('0018-PE-2000', 2)":null,"('0018-PE-2000', 3)":null,"('0018-PE-2000', 4)":null},"T\u00edtulo":{"('0018-PE-2000', 0)":"LEY 23966, DE IMPUESTO SOBRE LOS COMBUSTIBLES LIQUIDOS Y EL GAS NATURAL: MODIFICACION.","('0018-PE-2000', 1)":null,"('0018-PE-2000', 2)":null,"('0018-PE-2000', 3)":null,"('0018-PE-2000', 4)":null},"('Firmantes', 'FIRMANTE')":{"('0018-PE-2000', 0)":"DE LA RUA, FERNANDO","('0018-PE-2000', 1)":"TERRAGNO, RODOLFO HECTOR","('0018-PE-2000', 2)":"MACHINEA, JOSE LUIS","('0018-PE-2000', 3)":null,"('0018-PE-2000', 4)":null},"('Firmantes', 'DISTRITO')":{"('0018-PE-2000', 0)":null,"('0018-PE-2000', 1)":null,"('0018-PE-2000', 2)":null,"('0018-PE-2000', 3)":null,"('0018-PE-2000', 4)":null},"('Firmantes', 'BLOQUE')":{"('0018-PE-2000', 0)":"PODER EJECUTIVO","('0018-PE-2000', 1)":"PODER EJECUTIVO","('0018-PE-2000', 2)":"PODER EJECUTIVO","('0018-PE-2000', 3)":null,"('0018-PE-2000', 4)":null},"('Giros', 'COMISI\u00d3N')":{"('0018-PE-2000', 0)":"PRESUPUESTO Y HACIENDA","('0018-PE-2000', 1)":null,"('0018-PE-2000', 2)":null,"('0018-PE-2000', 3)":null,"('0018-PE-2000', 4)":null},"('Tramites', 'C\u00c1MARA')":{"('0018-PE-2000', 0)":"Diputados","('0018-PE-2000', 1)":"Senado","('0018-PE-2000', 2)":"Senado","('0018-PE-2000', 3)":"Senado","('0018-PE-2000', 4)":"Senado"},"('Tramites', 'MOVIMIENTO')":{"('0018-PE-2000', 0)":"CONSIDERACION Y APROBACION CON MODIFICACIONES","('0018-PE-2000', 1)":"PASA A SENADO - (DAE 134 - 06\/11\/00)","('0018-PE-2000', 2)":"MOCION SOBRE TABLAS (AFIRMATIVA)","('0018-PE-2000', 3)":"CONSIDERACION Y SANCION","('0018-PE-2000', 4)":"INSERCIONES"},"('Tramites', 'FECHA')":{"('0018-PE-2000', 0)":"01\/11\/2000","('0018-PE-2000', 1)":null,"('0018-PE-2000', 2)":"15\/11\/2000","('0018-PE-2000', 3)":"15\/11\/2000","('0018-PE-2000', 4)":"15\/11\/2000"},"('Tramites', 'RESULTADO')":{"('0018-PE-2000', 0)":"MEDIA SANCION","('0018-PE-2000', 1)":null,"('0018-PE-2000', 2)":null,"('0018-PE-2000', 3)":"SANCIONADO","('0018-PE-2000', 4)":null},"Sumario":{"('0018-PE-2000', 0)":"INCORPORACION DE ARTICULO SIN NUMERO A CONTINUACION DEL ARTICULO 15 (POSIBILIDAD DE LOS SUJETOS QUE PRESTEN SERVICIOS DE TRANSPORTE AUTOMOTOR DE CARGA DE COMPUTAR COMO PAGO A CUENTA DEL IMPUESTO A LAS GANANCIAS EL CIENTO POR CIENTO DEL IMPUESTO SOBRE LOS COMBUSTIBLES LIQUIDOS CONTENIDO EN LAS COMPRAS DE GASOIL EFECTUADAS EN EL RESPECTIVO PERIODO FISCAL).","('0018-PE-2000', 1)":null,"('0018-PE-2000', 2)":null,"('0018-PE-2000', 3)":null,"('0018-PE-2000', 4)":null},"Palabra Clave":{"('0018-PE-2000', 0)":" ","('0018-PE-2000', 1)":null,"('0018-PE-2000', 2)":null,"('0018-PE-2000', 3)":null,"('0018-PE-2000', 4)":null}}