{"Tipo de Proyecto":{"('0020-OV-2000', 0)":"PROYECTO DE RESOLUCI\u00d3N"},"Iniciado en: ":{"('0020-OV-2000', 0)":"Senado"},"Expediente Senado: ":{"('0020-OV-2000', 0)":"0020-OV-2000"},"Publicado en: ":{"('0020-OV-2000', 0)":"Diario de Asuntos Entrados N\u00b0 90"},"Fecha: ":{"('0020-OV-2000', 0)":"20\/06\/2001"},"T\u00edtulo":{"('0020-OV-2000', 0)":"RESOLUCION 11\/00 REMITIDA POR LA AUDITORIA GENERAL DE LA NACION SOBRE LOS ESTADOS FINANCIEROS DEL \"PROYECTO DE ASISTENCIA TECNICA PARA EL FORTALECIMIENTO DEL SISTEMA NACIONAL DE INVERSION PUBLICA\" CONVENIO DE PRESTAMO N\u00b0 3958-AR BIRF, AL 31\/12\/98."},"('Firmantes', 'FIRMANTE')":{"('0020-OV-2000', 0)":"PARLAMENTARIA MIXTA REVISORA DE CUENTAS"},"('Firmantes', 'DISTRITO')":{"('0020-OV-2000', 0)":null},"('Firmantes', 'BLOQUE')":{"('0020-OV-2000', 0)":null},"('Tramites', 'C\u00c1MARA')":{"('0020-OV-2000', 0)":"Senado"},"('Tramites', 'MOVIMIENTO')":{"('0020-OV-2000', 0)":"CONSIDERACION Y APROBACION (AL ARCHIVO)"},"('Tramites', 'FECHA')":{"('0020-OV-2000', 0)":"18\/07\/2001"},"('Tramites', 'RESULTADO')":{"('0020-OV-2000', 0)":"ARCHIVADO"},"Sumario":{"('0020-OV-2000', 0)":"HABIENDO TOMADO CONOCIMIENTO Y NO CONTENIENDO REQUERIMIENTOS DE ACCION SUBSISTENTES, SE ACONSEJA SU REMISION AL ARCHIVO."},"Palabra Clave":{"('0020-OV-2000', 0)":" "}}