{"Tipo de Proyecto":{"('0020-PE-2000', 0)":"MENSAJE NRO: 0431\/00","('0020-PE-2000', 1)":null,"('0020-PE-2000', 2)":null},"Iniciado en: ":{"('0020-PE-2000', 0)":"Diputados","('0020-PE-2000', 1)":null,"('0020-PE-2000', 2)":null},"Expediente Diputados: ":{"('0020-PE-2000', 0)":"0020-PE-2000","('0020-PE-2000', 1)":null,"('0020-PE-2000', 2)":null},"Publicado en: ":{"('0020-PE-2000', 0)":"Tr\u00e1mite Parlamentario N\u00b0 62","('0020-PE-2000', 1)":null,"('0020-PE-2000', 2)":null},"Fecha: ":{"('0020-PE-2000', 0)":"31\/05\/2000","('0020-PE-2000', 1)":null,"('0020-PE-2000', 2)":null},"T\u00edtulo":{"('0020-PE-2000', 0)":"DECRETO 430 DEL 29 DE MAYO DE 2000, DISPONIENDOSE REDUCCIONES EN LAS RETRIBUCIONES DEL PERSONAL DEL SECTOR PUBLICO NACIONAL Y OTRAS MEDIDAS TENDIENTES A LA REDUCCION DEL DEFICIT FISCAL. ","('0020-PE-2000', 1)":null,"('0020-PE-2000', 2)":null},"('Firmantes', 'FIRMANTE')":{"('0020-PE-2000', 0)":"DE LA RUA, FERNANDO","('0020-PE-2000', 1)":"TERRAGNO, RODOLFO HECTOR","('0020-PE-2000', 2)":"MACHINEA, JOSE LUIS"},"('Firmantes', 'DISTRITO')":{"('0020-PE-2000', 0)":null,"('0020-PE-2000', 1)":null,"('0020-PE-2000', 2)":null},"('Firmantes', 'BLOQUE')":{"('0020-PE-2000', 0)":"PODER EJECUTIVO","('0020-PE-2000', 1)":"PODER EJECUTIVO","('0020-PE-2000', 2)":"PODER EJECUTIVO"},"('Giros', 'COMISI\u00d3N')":{"('0020-PE-2000', 0)":"LEGISLACION DEL TRABAJO","('0020-PE-2000', 1)":"PRESUPUESTO Y HACIENDA","('0020-PE-2000', 2)":null},"Sumario":{"('0020-PE-2000', 0)":"COMUNICACION DEL DICTADO DEL MISMO.","('0020-PE-2000', 1)":null,"('0020-PE-2000', 2)":null},"Palabra Clave":{"('0020-PE-2000', 0)":" ","('0020-PE-2000', 1)":null,"('0020-PE-2000', 2)":null}}