{"Tipo de Proyecto":{"('0021-PE-2000', 0)":"MENSAJE NRO: 0435\/00","('0021-PE-2000', 1)":null,"('0021-PE-2000', 2)":null,"('0021-PE-2000', 3)":null},"Iniciado en: ":{"('0021-PE-2000', 0)":"Diputados","('0021-PE-2000', 1)":null,"('0021-PE-2000', 2)":null,"('0021-PE-2000', 3)":null},"Expediente Diputados: ":{"('0021-PE-2000', 0)":"0021-PE-2000","('0021-PE-2000', 1)":null,"('0021-PE-2000', 2)":null,"('0021-PE-2000', 3)":null},"Publicado en: ":{"('0021-PE-2000', 0)":"Tr\u00e1mite Parlamentario N\u00b0 62","('0021-PE-2000', 1)":null,"('0021-PE-2000', 2)":null,"('0021-PE-2000', 3)":null},"Fecha: ":{"('0021-PE-2000', 0)":"31\/05\/2000","('0021-PE-2000', 1)":null,"('0021-PE-2000', 2)":null,"('0021-PE-2000', 3)":null},"T\u00edtulo":{"('0021-PE-2000', 0)":"DECRETO 434 DEL 30 DE MAYO DE 2000 POR EL CUAL SE LIMITAN LAS TRANSACCIONES EN DINERO EN EFECTIVO.","('0021-PE-2000', 1)":null,"('0021-PE-2000', 2)":null,"('0021-PE-2000', 3)":null},"('Firmantes', 'FIRMANTE')":{"('0021-PE-2000', 0)":"DE LA RUA, FERNANDO","('0021-PE-2000', 1)":"TERRAGNO, RODOLFO HECTOR","('0021-PE-2000', 2)":"MACHINEA, JOSE LUIS","('0021-PE-2000', 3)":null},"('Firmantes', 'DISTRITO')":{"('0021-PE-2000', 0)":null,"('0021-PE-2000', 1)":null,"('0021-PE-2000', 2)":null,"('0021-PE-2000', 3)":null},"('Firmantes', 'BLOQUE')":{"('0021-PE-2000', 0)":"PODER EJECUTIVO","('0021-PE-2000', 1)":"PODER EJECUTIVO","('0021-PE-2000', 2)":"PODER EJECUTIVO","('0021-PE-2000', 3)":null},"('Giros', 'COMISI\u00d3N')":{"('0021-PE-2000', 0)":"COMERCIO","('0021-PE-2000', 1)":"FINANZAS","('0021-PE-2000', 2)":"INDUSTRIA","('0021-PE-2000', 3)":"PRESUPUESTO Y HACIENDA"},"Sumario":{"('0021-PE-2000', 0)":"COMUNICACION DEL DICTADO DEL MISMO.","('0021-PE-2000', 1)":null,"('0021-PE-2000', 2)":null,"('0021-PE-2000', 3)":null},"Palabra Clave":{"('0021-PE-2000', 0)":" ","('0021-PE-2000', 1)":null,"('0021-PE-2000', 2)":null,"('0021-PE-2000', 3)":null}}