{"Tipo de Proyecto":{"('0022-S-2000', 0)":"PROYECTO DE LEY"},"Iniciado en: ":{"('0022-S-2000', 0)":"Senado"},"Expediente Senado: ":{"('0022-S-2000', 0)":"0022-S-2000"},"Publicado en: ":{"('0022-S-2000', 0)":"Diario de Asuntos Entrados N\u00b0 2"},"Fecha: ":{"('0022-S-2000', 0)":"01\/03\/2000"},"T\u00edtulo":{"('0022-S-2000', 0)":"MODIFICACION A LA LEY 25239, DE REFORMA TRIBUTARIA."},"('Firmantes', 'FIRMANTE')":{"('0022-S-2000', 0)":"ARNOLD, EDUARDO ARIEL"},"('Firmantes', 'DISTRITO')":{"('0022-S-2000', 0)":"SANTA CRUZ"},"('Firmantes', 'BLOQUE')":{"('0022-S-2000', 0)":"JUSTICIALISTA"},"Sumario":{"('0022-S-2000', 0)":"MODIFICACION DEL ARTICULO 28 (PENALIDADES POR EL COMERCIO DE COMBUSTIBLES ADULTERADOS); DEROGACION DEL ARTICULO 29."},"Palabra Clave":{"('0022-S-2000', 0)":" "}}