{"Tipo de Proyecto":{"('0022-PE-2000', 0)":"MENSAJE NRO: 0439\/00","('0022-PE-2000', 1)":null,"('0022-PE-2000', 2)":null},"Iniciado en: ":{"('0022-PE-2000', 0)":"Diputados","('0022-PE-2000', 1)":null,"('0022-PE-2000', 2)":null},"Expediente Diputados: ":{"('0022-PE-2000', 0)":"0022-PE-2000","('0022-PE-2000', 1)":null,"('0022-PE-2000', 2)":null},"Publicado en: ":{"('0022-PE-2000', 0)":"Tr\u00e1mite Parlamentario N\u00b0 63","('0022-PE-2000', 1)":null,"('0022-PE-2000', 2)":null},"Fecha: ":{"('0022-PE-2000', 0)":"01\/06\/2000","('0022-PE-2000', 1)":null,"('0022-PE-2000', 2)":null},"T\u00edtulo":{"('0022-PE-2000', 0)":"DECRETO 438 DEL 31 DE MAYO DE 2000 POR EL CUAL SE ESTABLECE UNA REDUCCION EN LA PERCEPCION DE LOS HABERES JUBILATORIOS DE LOS DENOMINADOS REGIMENES DE PRIVILEGIO.","('0022-PE-2000', 1)":null,"('0022-PE-2000', 2)":null},"('Firmantes', 'FIRMANTE')":{"('0022-PE-2000', 0)":"DE LA RUA, FERNANDO","('0022-PE-2000', 1)":"TERRAGNO, RODOLFO HECTOR","('0022-PE-2000', 2)":"LOMBARDO, HECTOR JOSE"},"('Firmantes', 'DISTRITO')":{"('0022-PE-2000', 0)":null,"('0022-PE-2000', 1)":null,"('0022-PE-2000', 2)":null},"('Firmantes', 'BLOQUE')":{"('0022-PE-2000', 0)":"PODER EJECUTIVO","('0022-PE-2000', 1)":"PODER EJECUTIVO","('0022-PE-2000', 2)":"PODER EJECUTIVO"},"('Giros', 'COMISI\u00d3N')":{"('0022-PE-2000', 0)":"BICAMERAL PERMANENTE DE TRAMITE LEGISLATIVO - LEY 26122","('0022-PE-2000', 1)":null,"('0022-PE-2000', 2)":null},"('Tramites', 'C\u00c1MARA')":{"('0022-PE-2000', 0)":"Diputados","('0022-PE-2000', 1)":"Diputados","('0022-PE-2000', 2)":null},"('Tramites', 'MOVIMIENTO')":{"('0022-PE-2000', 0)":"SOLICITUD DEL PRESIDENTE DE LA COMISION BICAMERAL PERMANENTE DE TRAMITE LEGISLATIVO (LEY 26122) DE REMISION DEL EXPEDIENTE PARA SU ANALISIS (A LA PRESIDENCIA)","('0022-PE-2000', 1)":"EXPEDIENTE ORIGINALMENTE GIRADO A LAS COMISIONES DE PREVISION SOCIAL Y PRESUPUESTO Y HACIENDA; SE LO REMITE A LA COMISION BICAMERAL PERMANENTE DE TRAMITE LEGISLATIVO (LEY 26122)","('0022-PE-2000', 2)":null},"('Tramites', 'FECHA')":{"('0022-PE-2000', 0)":"06\/06\/2007","('0022-PE-2000', 1)":null,"('0022-PE-2000', 2)":null},"('Tramites', 'RESULTADO')":{"('0022-PE-2000', 0)":null,"('0022-PE-2000', 1)":null,"('0022-PE-2000', 2)":null},"Sumario":{"('0022-PE-2000', 0)":"COMUNICACION DEL DICTADO DEL MISMO.","('0022-PE-2000', 1)":null,"('0022-PE-2000', 2)":null},"Palabra Clave":{"('0022-PE-2000', 0)":" ","('0022-PE-2000', 1)":null,"('0022-PE-2000', 2)":null}}