{"Tipo de Proyecto":{"('0023-PE-2000', 0)":"MENSAJE NRO: 0447\/00","('0023-PE-2000', 1)":null,"('0023-PE-2000', 2)":null,"('0023-PE-2000', 3)":null},"Iniciado en: ":{"('0023-PE-2000', 0)":"Diputados","('0023-PE-2000', 1)":null,"('0023-PE-2000', 2)":null,"('0023-PE-2000', 3)":null},"Expediente Diputados: ":{"('0023-PE-2000', 0)":"0023-PE-2000","('0023-PE-2000', 1)":null,"('0023-PE-2000', 2)":null,"('0023-PE-2000', 3)":null},"Publicado en: ":{"('0023-PE-2000', 0)":"Tr\u00e1mite Parlamentario N\u00b0 65","('0023-PE-2000', 1)":null,"('0023-PE-2000', 2)":null,"('0023-PE-2000', 3)":null},"Fecha: ":{"('0023-PE-2000', 0)":"05\/06\/2000","('0023-PE-2000', 1)":null,"('0023-PE-2000', 2)":null,"('0023-PE-2000', 3)":null},"T\u00edtulo":{"('0023-PE-2000', 0)":"DECRETO 446 DEL 2 DE JUNIO DE 2000 SOBRE DESREGULACION DE LAS OBRAS SOCIALES.","('0023-PE-2000', 1)":null,"('0023-PE-2000', 2)":null,"('0023-PE-2000', 3)":null},"('Firmantes', 'FIRMANTE')":{"('0023-PE-2000', 0)":"ALVAREZ, CARLOS ALBERTO","('0023-PE-2000', 1)":"TERRAGNO, RODOLFO HECTOR","('0023-PE-2000', 2)":"LOMBARDO, HECTOR JOSE","('0023-PE-2000', 3)":null},"('Firmantes', 'DISTRITO')":{"('0023-PE-2000', 0)":null,"('0023-PE-2000', 1)":null,"('0023-PE-2000', 2)":null,"('0023-PE-2000', 3)":null},"('Firmantes', 'BLOQUE')":{"('0023-PE-2000', 0)":"PODER EJECUTIVO","('0023-PE-2000', 1)":"PODER EJECUTIVO","('0023-PE-2000', 2)":"PODER EJECUTIVO","('0023-PE-2000', 3)":null},"('Giros', 'COMISI\u00d3N')":{"('0023-PE-2000', 0)":"ACCION SOCIAL Y SALUD PUBLICA","('0023-PE-2000', 1)":"LEGISLACION DEL TRABAJO","('0023-PE-2000', 2)":"ECONOMIA","('0023-PE-2000', 3)":"PRESUPUESTO Y HACIENDA"},"Sumario":{"('0023-PE-2000', 0)":"COMUNICACION DEL DICTADO DEL MISMO.","('0023-PE-2000', 1)":null,"('0023-PE-2000', 2)":null,"('0023-PE-2000', 3)":null},"Palabra Clave":{"('0023-PE-2000', 0)":" ","('0023-PE-2000', 1)":null,"('0023-PE-2000', 2)":null,"('0023-PE-2000', 3)":null}}