{"Tipo de Proyecto":{"('0024-S-2000', 0)":"PROYECTO DE LEY","('0024-S-2000', 1)":null},"Iniciado en: ":{"('0024-S-2000', 0)":"Senado","('0024-S-2000', 1)":null},"Expediente Diputados: ":{"('0024-S-2000', 0)":"0024-S-2000","('0024-S-2000', 1)":null},"Expediente Senado: ":{"('0024-S-2000', 0)":"2346-S-1999","('0024-S-2000', 1)":null},"Publicado en: ":{"('0024-S-2000', 0)":"Diario de Asuntos Entrados N\u00b0 152","('0024-S-2000', 1)":null},"Fecha: ":{"('0024-S-2000', 0)":"11\/02\/2000","('0024-S-2000', 1)":null},"T\u00edtulo":{"('0024-S-2000', 0)":"CREACION DE UN JUZGADO FEDERAL DE PRIMERA INSTANCIA EN LA CIUDAD DE PUERTO MADRYN, PROVINCIA DE CHUBUT (REPRODUCCION DEL EXPEDIENTE 0376-S-98).","('0024-S-2000', 1)":null},"('Firmantes', 'FIRMANTE')":{"('0024-S-2000', 0)":"SAEZ, JOSE MARIA","('0024-S-2000', 1)":null},"('Firmantes', 'DISTRITO')":{"('0024-S-2000', 0)":"CHUBUT","('0024-S-2000', 1)":null},"('Firmantes', 'BLOQUE')":{"('0024-S-2000', 0)":"UCR","('0024-S-2000', 1)":null},"('Giros', 'COMISI\u00d3N')":{"('0024-S-2000', 0)":"JUSTICIA","('0024-S-2000', 1)":"PRESUPUESTO Y HACIENDA"},"('Tramites', 'C\u00c1MARA')":{"('0024-S-2000', 0)":"Senado","('0024-S-2000', 1)":"Diputados"},"('Tramites', 'MOVIMIENTO')":{"('0024-S-2000', 0)":"CONSIDERACION Y APROBACION","('0024-S-2000', 1)":"PASA A DIPUTADOS - (TP 59)"},"('Tramites', 'FECHA')":{"('0024-S-2000', 0)":"17\/05\/2000","('0024-S-2000', 1)":null},"('Tramites', 'RESULTADO')":{"('0024-S-2000', 0)":"MEDIA SANCION","('0024-S-2000', 1)":null},"Sumario":{"('0024-S-2000', 0)":"FUNCIONAMIENTO; COMPETENCIA; MODIFICACION DE LA COMPETENCIA DE LOS JUZGADOS FEDERALES DE PRIMERA INSTANCIA DE LAS CIUDADES DE RAWSON (PROVINCIA DEL CHUBUT) Y SAN CARLOS DE BARILOCHE (PROVINCIA DE RIO NEGRO) ; RADICACION DE LAS CAUSAS EN TRAMITE.","('0024-S-2000', 1)":null},"Palabra Clave":{"('0024-S-2000', 0)":" ","('0024-S-2000', 1)":null}}