{"Tipo de Proyecto":{"('0026-PE-2000', 0)":"MENSAJE NRO: 0508\/00","('0026-PE-2000', 1)":null,"('0026-PE-2000', 2)":null,"('0026-PE-2000', 3)":null},"Iniciado en: ":{"('0026-PE-2000', 0)":"Diputados","('0026-PE-2000', 1)":null,"('0026-PE-2000', 2)":null,"('0026-PE-2000', 3)":null},"Expediente Diputados: ":{"('0026-PE-2000', 0)":"0026-PE-2000","('0026-PE-2000', 1)":null,"('0026-PE-2000', 2)":null,"('0026-PE-2000', 3)":null},"Publicado en: ":{"('0026-PE-2000', 0)":"Tr\u00e1mite Parlamentario N\u00b0 81","('0026-PE-2000', 1)":null,"('0026-PE-2000', 2)":null,"('0026-PE-2000', 3)":null},"Fecha: ":{"('0026-PE-2000', 0)":"29\/06\/2000","('0026-PE-2000', 1)":null,"('0026-PE-2000', 2)":null,"('0026-PE-2000', 3)":null},"T\u00edtulo":{"('0026-PE-2000', 0)":"DECRETO 507 DEL 28 DE JUNIO DE 2000 POR EL CUAL SE OBSERVA PARCIALMENTE Y SE PROMULGA LA LEY 25249 DE CONVENIO CON EL GOBIERNO DE LA PROVINCIA DE LA PAMPA PARA LA TRANSFERENCIA DEL PERSONAL DEL BANCO DE LA PAMPA AL SISTEMA INTEGRADO DE JUBILACIONES Y PENSIONES.","('0026-PE-2000', 1)":null,"('0026-PE-2000', 2)":null,"('0026-PE-2000', 3)":null},"('Firmantes', 'FIRMANTE')":{"('0026-PE-2000', 0)":"DE LA RUA, FERNANDO","('0026-PE-2000', 1)":"TERRAGNO, RODOLFO HECTOR","('0026-PE-2000', 2)":"MACHINEA, JOSE LUIS","('0026-PE-2000', 3)":"FLAMARIQUE, MARIO ALBERTO"},"('Firmantes', 'DISTRITO')":{"('0026-PE-2000', 0)":null,"('0026-PE-2000', 1)":null,"('0026-PE-2000', 2)":null,"('0026-PE-2000', 3)":null},"('Firmantes', 'BLOQUE')":{"('0026-PE-2000', 0)":"PODER EJECUTIVO","('0026-PE-2000', 1)":"PODER EJECUTIVO","('0026-PE-2000', 2)":"PODER EJECUTIVO","('0026-PE-2000', 3)":"PODER EJECUTIVO"},"('Giros', 'COMISI\u00d3N')":{"('0026-PE-2000', 0)":"PREVISION Y SEGURIDAD SOCIAL","('0026-PE-2000', 1)":"PRESUPUESTO Y HACIENDA","('0026-PE-2000', 2)":null,"('0026-PE-2000', 3)":null},"Sumario":{"('0026-PE-2000', 0)":"COMUNICACION DEL DICTADO DEL MISMO.","('0026-PE-2000', 1)":null,"('0026-PE-2000', 2)":null,"('0026-PE-2000', 3)":null},"Palabra Clave":{"('0026-PE-2000', 0)":" ","('0026-PE-2000', 1)":null,"('0026-PE-2000', 2)":null,"('0026-PE-2000', 3)":null}}