{"Tipo de Proyecto":{"('0026-S-2000', 0)":"PROYECTO DE LEY","('0026-S-2000', 1)":null},"Iniciado en: ":{"('0026-S-2000', 0)":"Senado","('0026-S-2000', 1)":null},"Expediente Diputados: ":{"('0026-S-2000', 0)":"0026-S-2000","('0026-S-2000', 1)":null},"Expediente Senado: ":{"('0026-S-2000', 0)":"1944-S-1999","('0026-S-2000', 1)":null},"Publicado en: ":{"('0026-S-2000', 0)":"Diario de Asuntos Entrados N\u00b0 120","('0026-S-2000', 1)":null},"Fecha: ":{"('0026-S-2000', 0)":"09\/11\/1999","('0026-S-2000', 1)":null},"T\u00edtulo":{"('0026-S-2000', 0)":"CREACION DE UN JUZGADO FEDERAL DE PRIMERA INSTANCIA CON ASIENTO EN VILLA MERCEDES, PROVINCIA DE SAN LUIS.","('0026-S-2000', 1)":null},"('Firmantes', 'FIRMANTE')":{"('0026-S-2000', 0)":"SERGNESE, CARLOS JOSE","('0026-S-2000', 1)":null},"('Firmantes', 'DISTRITO')":{"('0026-S-2000', 0)":"SAN LUIS","('0026-S-2000', 1)":null},"('Firmantes', 'BLOQUE')":{"('0026-S-2000', 0)":"JUSTICIALISTA","('0026-S-2000', 1)":null},"('Giros', 'COMISI\u00d3N')":{"('0026-S-2000', 0)":"JUSTICIA","('0026-S-2000', 1)":"PRESUPUESTO Y HACIENDA"},"('Tramites', 'C\u00c1MARA')":{"('0026-S-2000', 0)":"Senado","('0026-S-2000', 1)":"Diputados"},"('Tramites', 'MOVIMIENTO')":{"('0026-S-2000', 0)":"CONSIDERACION Y APROBACION CON MODIFICACIONES","('0026-S-2000', 1)":"PASA A DIPUTADOS - (TP 59)"},"('Tramites', 'FECHA')":{"('0026-S-2000', 0)":"17\/05\/2000","('0026-S-2000', 1)":null},"('Tramites', 'RESULTADO')":{"('0026-S-2000', 0)":"MEDIA SANCION","('0026-S-2000', 1)":null},"Sumario":{"('0026-S-2000', 0)":"EL JUZGADO FEDERAL FUNCIONARA CON DOS SECRETARIAS, UNA CON COMPETENCIA EN MATERIA CRIMINAL Y CORRECCIONAL, Y OTRA EN MATERIA CIVIL, COMERCIAL, CONTENCIOSO ADMINISTRATIVA Y DE PREVISION SOCIAL; CREACION DE UNA FISCALIA DE PRIMERA INSTANCIA Y UNA DEFENSORIA DE POBRES, INCAPACES Y AUSENTES.","('0026-S-2000', 1)":null},"Palabra Clave":{"('0026-S-2000', 0)":" ","('0026-S-2000', 1)":null}}