{"Tipo de Proyecto":{"('0027-S-2000', 0)":"PROYECTO DE LEY","('0027-S-2000', 1)":null},"Iniciado en: ":{"('0027-S-2000', 0)":"Senado","('0027-S-2000', 1)":null},"Expediente Diputados: ":{"('0027-S-2000', 0)":"0027-S-2000","('0027-S-2000', 1)":null},"Expediente Senado: ":{"('0027-S-2000', 0)":"2304-S-1999","('0027-S-2000', 1)":null},"Publicado en: ":{"('0027-S-2000', 0)":"Diario de Asuntos Entrados N\u00b0 149","('0027-S-2000', 1)":null},"Fecha: ":{"('0027-S-2000', 0)":"08\/02\/2000","('0027-S-2000', 1)":null},"T\u00edtulo":{"('0027-S-2000', 0)":"CREACION DE UN JUZGADO FEDERAL DE PRIMERA INSTANCIA EN SAN FRANCISCO, PROVINCIA DE CORDOBA.","('0027-S-2000', 1)":null},"('Firmantes', 'FIRMANTE')":{"('0027-S-2000', 0)":"MOLINARI ROMERO, LUIS","('0027-S-2000', 1)":null},"('Firmantes', 'DISTRITO')":{"('0027-S-2000', 0)":"CORDOBA","('0027-S-2000', 1)":null},"('Firmantes', 'BLOQUE')":{"('0027-S-2000', 0)":"UCR","('0027-S-2000', 1)":null},"('Giros', 'COMISI\u00d3N')":{"('0027-S-2000', 0)":"JUSTICIA","('0027-S-2000', 1)":"PRESUPUESTO Y HACIENDA"},"('Tramites', 'C\u00c1MARA')":{"('0027-S-2000', 0)":"Senado","('0027-S-2000', 1)":"Diputados"},"('Tramites', 'MOVIMIENTO')":{"('0027-S-2000', 0)":"CONSIDERACION Y APROBACION","('0027-S-2000', 1)":"PASA A DIPUTADOS - (TP 59)"},"('Tramites', 'FECHA')":{"('0027-S-2000', 0)":"17\/05\/2000","('0027-S-2000', 1)":null},"('Tramites', 'RESULTADO')":{"('0027-S-2000', 0)":"MEDIA SANCION","('0027-S-2000', 1)":null},"Link":{"('0027-S-2000', 0)":"http:\/\/www.senado.gov.ar\/parlamentario\/comisiones\/verExp\/2304.99\/S\/PL","('0027-S-2000', 1)":null},"Palabra Clave":{"('0027-S-2000', 0)":" ","('0027-S-2000', 1)":null}}