{"Tipo de Proyecto":{"('0028-OV-2000', 0)":"PROYECTO DE RESOLUCI\u00d3N"},"Iniciado en: ":{"('0028-OV-2000', 0)":"Senado"},"Expediente Senado: ":{"('0028-OV-2000', 0)":"0028-OV-2000"},"Fecha: ":{"('0028-OV-2000', 0)":"17\/07\/2001"},"T\u00edtulo":{"('0028-OV-2000', 0)":"RESOLUCION 11\/00 DE LA AUDITORIA GENERAL DE LA NACION, APROBANDO EL INFORME DE AUDITORIA SOBRE LOS ESTADOS FINANCIEROS DE LA PARTE C DEL CONVENIO DE ASUNCION DE PRESTAMO 2854 - AR BIRF \"PROYECTO DE DISTRIBUCION DE ENERGIA\" EJERCICIO 1998."},"('Firmantes', 'FIRMANTE')":{"('0028-OV-2000', 0)":"PARLAMENTARIA MIXTA REVISORA DE CUENTAS"},"('Firmantes', 'DISTRITO')":{"('0028-OV-2000', 0)":null},"('Firmantes', 'BLOQUE')":{"('0028-OV-2000', 0)":null},"('Tramites', 'C\u00c1MARA')":{"('0028-OV-2000', 0)":"Senado"},"('Tramites', 'MOVIMIENTO')":{"('0028-OV-2000', 0)":"CONSIDERACION Y APROBACION (AL ARCHIVO)"},"('Tramites', 'FECHA')":{"('0028-OV-2000', 0)":"08\/08\/2001"},"('Tramites', 'RESULTADO')":{"('0028-OV-2000', 0)":"ARCHIVADO"},"Sumario":{"('0028-OV-2000', 0)":"HABIENDO TOMADO CONOCIMIENTO Y NO CONTENIENDO REQUERIMIENTOS DE ACCION SUBSISTENTES, SE ACONSEJA SU REMISION AL ARCHIVO."},"Palabra Clave":{"('0028-OV-2000', 0)":" "}}