{"Tipo de Proyecto":{"('0029-PE-2000', 0)":"MENSAJE NRO: 0535\/00","('0029-PE-2000', 1)":null,"('0029-PE-2000', 2)":null,"('0029-PE-2000', 3)":null},"Iniciado en: ":{"('0029-PE-2000', 0)":"Diputados","('0029-PE-2000', 1)":null,"('0029-PE-2000', 2)":null,"('0029-PE-2000', 3)":null},"Expediente Diputados: ":{"('0029-PE-2000', 0)":"0029-PE-2000","('0029-PE-2000', 1)":null,"('0029-PE-2000', 2)":null,"('0029-PE-2000', 3)":null},"Publicado en: ":{"('0029-PE-2000', 0)":"Tr\u00e1mite Parlamentario N\u00b0 87","('0029-PE-2000', 1)":null,"('0029-PE-2000', 2)":null,"('0029-PE-2000', 3)":null},"Fecha: ":{"('0029-PE-2000', 0)":"07\/07\/2000","('0029-PE-2000', 1)":null,"('0029-PE-2000', 2)":null,"('0029-PE-2000', 3)":null},"T\u00edtulo":{"('0029-PE-2000', 0)":"DECRETO 534 DEL 6 DE JULIO DE 2000 POR EL CUAL SE MODIFICA LA DISTRIBUCION ADMINISTRATIVA DE LOS CREDITOS DEL PRESUPUESTO DE LA ADMINISTRACION NACIONAL PARA EL EJERCICIO 2000 CON IMPUTACION A LA OBRA  \"CORREDOR VIAL POR EL PASO DE JAMA\". ","('0029-PE-2000', 1)":null,"('0029-PE-2000', 2)":null,"('0029-PE-2000', 3)":null},"('Firmantes', 'FIRMANTE')":{"('0029-PE-2000', 0)":"DE LA RUA, FERNANDO","('0029-PE-2000', 1)":"TERRAGNO, RODOLFO HECTOR","('0029-PE-2000', 2)":"STORANI, FEDERICO TEOBALDO MANUEL","('0029-PE-2000', 3)":"MACHINEA, JOSE LUIS"},"('Firmantes', 'DISTRITO')":{"('0029-PE-2000', 0)":null,"('0029-PE-2000', 1)":null,"('0029-PE-2000', 2)":null,"('0029-PE-2000', 3)":null},"('Firmantes', 'BLOQUE')":{"('0029-PE-2000', 0)":"PODER EJECUTIVO","('0029-PE-2000', 1)":"PODER EJECUTIVO","('0029-PE-2000', 2)":"PODER EJECUTIVO","('0029-PE-2000', 3)":"PODER EJECUTIVO"},"('Giros', 'COMISI\u00d3N')":{"('0029-PE-2000', 0)":"PRESUPUESTO Y HACIENDA","('0029-PE-2000', 1)":null,"('0029-PE-2000', 2)":null,"('0029-PE-2000', 3)":null},"Sumario":{"('0029-PE-2000', 0)":"COMUNICACION DEL DICTADO DEL MISMO.","('0029-PE-2000', 1)":null,"('0029-PE-2000', 2)":null,"('0029-PE-2000', 3)":null},"Palabra Clave":{"('0029-PE-2000', 0)":" ","('0029-PE-2000', 1)":null,"('0029-PE-2000', 2)":null,"('0029-PE-2000', 3)":null}}