{"Tipo de Proyecto":{"('0030-OV-2000', 0)":"PROYECTO DE RESOLUCI\u00d3N"},"Iniciado en: ":{"('0030-OV-2000', 0)":"Senado"},"Expediente Senado: ":{"('0030-OV-2000', 0)":"0030-OV-2000"},"Fecha: ":{"('0030-OV-2000', 0)":"23\/08\/2002"},"T\u00edtulo":{"('0030-OV-2000', 0)":"AUDITORIA GENERAL DE LA NACION : COMUNICA RESOLUCION N 14\/00 APROBANDO EL INFORME RELACIONADO CON EL SERVICIO JURIDICO DEL ESTADO MAYOR GENERAL DEL EJERCITO "},"('Firmantes', 'FIRMANTE')":{"('0030-OV-2000', 0)":"PARLAMENTARIA MIXTA REVISORA DE CUENTAS"},"('Firmantes', 'DISTRITO')":{"('0030-OV-2000', 0)":null},"('Firmantes', 'BLOQUE')":{"('0030-OV-2000', 0)":null},"('Tramites', 'C\u00c1MARA')":{"('0030-OV-2000', 0)":"Senado"},"('Tramites', 'MOVIMIENTO')":{"('0030-OV-2000', 0)":"CONSIDERACION Y APROBACION"},"('Tramites', 'FECHA')":{"('0030-OV-2000', 0)":"25\/09\/2002"},"('Tramites', 'RESULTADO')":{"('0030-OV-2000', 0)":"APROBADO"},"Link":{"('0030-OV-2000', 0)":"http:\/\/www.senado.gov.ar\/parlamentario\/comisiones\/verExp\/30.00\/OV\/PR"},"Palabra Clave":{"('0030-OV-2000', 0)":" "}}