{"Tipo de Proyecto":{"('0031-D-2000', 0)":"PROYECTO DE DECLARACI\u00d3N","('0031-D-2000', 1)":null,"('0031-D-2000', 2)":null,"('0031-D-2000', 3)":null,"('0031-D-2000', 4)":null,"('0031-D-2000', 5)":null},"Iniciado en: ":{"('0031-D-2000', 0)":"Diputados","('0031-D-2000', 1)":null,"('0031-D-2000', 2)":null,"('0031-D-2000', 3)":null,"('0031-D-2000', 4)":null,"('0031-D-2000', 5)":null},"Expediente Diputados: ":{"('0031-D-2000', 0)":"0031-D-2000","('0031-D-2000', 1)":null,"('0031-D-2000', 2)":null,"('0031-D-2000', 3)":null,"('0031-D-2000', 4)":null,"('0031-D-2000', 5)":null},"Publicado en: ":{"('0031-D-2000', 0)":"Tr\u00e1mite Parlamentario N\u00b0 1","('0031-D-2000', 1)":null,"('0031-D-2000', 2)":null,"('0031-D-2000', 3)":null,"('0031-D-2000', 4)":null,"('0031-D-2000', 5)":null},"Fecha: ":{"('0031-D-2000', 0)":"01\/03\/2000","('0031-D-2000', 1)":null,"('0031-D-2000', 2)":null,"('0031-D-2000', 3)":null,"('0031-D-2000', 4)":null,"('0031-D-2000', 5)":null},"T\u00edtulo":{"('0031-D-2000', 0)":"FALLECIMIENTO DE NORMA LEW, PRESIDENTA Y FUNDADORA DE MEMORIA ACTIVA.","('0031-D-2000', 1)":null,"('0031-D-2000', 2)":null,"('0031-D-2000', 3)":null,"('0031-D-2000', 4)":null,"('0031-D-2000', 5)":null},"('Firmantes', 'FIRMANTE')":{"('0031-D-2000', 0)":"PARENTELLA, IRMA FIDELA","('0031-D-2000', 1)":"RODIL, RODOLFO","('0031-D-2000', 2)":"ALESSANDRO, DARIO PEDRO","('0031-D-2000', 3)":"BORDENAVE, MARCELA ANTONIA","('0031-D-2000', 4)":"OCA\u00d1A, MARIA GRACIELA","('0031-D-2000', 5)":"VAGO, RICARDO NICOLAS"},"('Firmantes', 'DISTRITO')":{"('0031-D-2000', 0)":"CIUDAD de BUENOS AIRES","('0031-D-2000', 1)":"BUENOS AIRES","('0031-D-2000', 2)":"CIUDAD de BUENOS AIRES","('0031-D-2000', 3)":"BUENOS AIRES","('0031-D-2000', 4)":"BUENOS AIRES","('0031-D-2000', 5)":"BUENOS AIRES"},"('Firmantes', 'BLOQUE')":{"('0031-D-2000', 0)":"FREPASO","('0031-D-2000', 1)":"FREPASO","('0031-D-2000', 2)":"FREPASO","('0031-D-2000', 3)":"FREPASO","('0031-D-2000', 4)":"FREPASO","('0031-D-2000', 5)":"FREPASO"},"('Giros', 'COMISI\u00d3N')":{"('0031-D-2000', 0)":"DERECHOS HUMANOS Y GARANTIAS","('0031-D-2000', 1)":null,"('0031-D-2000', 2)":null,"('0031-D-2000', 3)":null,"('0031-D-2000', 4)":null,"('0031-D-2000', 5)":null},"('Tramites', 'C\u00c1MARA')":{"('0031-D-2000', 0)":"Diputados","('0031-D-2000', 1)":null,"('0031-D-2000', 2)":null,"('0031-D-2000', 3)":null,"('0031-D-2000', 4)":null,"('0031-D-2000', 5)":null},"('Tramites', 'MOVIMIENTO')":{"('0031-D-2000', 0)":"CONSIDERACION Y APROBACION","('0031-D-2000', 1)":null,"('0031-D-2000', 2)":null,"('0031-D-2000', 3)":null,"('0031-D-2000', 4)":null,"('0031-D-2000', 5)":null},"('Tramites', 'FECHA')":{"('0031-D-2000', 0)":"15\/06\/2000","('0031-D-2000', 1)":null,"('0031-D-2000', 2)":null,"('0031-D-2000', 3)":null,"('0031-D-2000', 4)":null,"('0031-D-2000', 5)":null},"('Tramites', 'RESULTADO')":{"('0031-D-2000', 0)":"APROBADO","('0031-D-2000', 1)":null,"('0031-D-2000', 2)":null,"('0031-D-2000', 3)":null,"('0031-D-2000', 4)":null,"('0031-D-2000', 5)":null},"Sumario":{"('0031-D-2000', 0)":"EXPRESION DE PESAR.","('0031-D-2000', 1)":null,"('0031-D-2000', 2)":null,"('0031-D-2000', 3)":null,"('0031-D-2000', 4)":null,"('0031-D-2000', 5)":null},"Palabra Clave":{"('0031-D-2000', 0)":" ","('0031-D-2000', 1)":null,"('0031-D-2000', 2)":null,"('0031-D-2000', 3)":null,"('0031-D-2000', 4)":null,"('0031-D-2000', 5)":null}}