{"Tipo de Proyecto":{"('0031-OV-2000', 0)":"PROYECTO DE RESOLUCI\u00d3N"},"Iniciado en: ":{"('0031-OV-2000', 0)":"Senado"},"Expediente Senado: ":{"('0031-OV-2000', 0)":"0031-OV-2000"},"Fecha: ":{"('0031-OV-2000', 0)":"01\/03\/2001"},"T\u00edtulo":{"('0031-OV-2000', 0)":"DICTAMEN DE LA RESOLUCION REMITIDA POR LA AUDITORIA GENERAL DE LA NACION SOBRE LOS COSTOS OPERATIVOS DE EMISIONES DE TITULOS PUBLICOS PERIODO 1996\/1998."},"('Firmantes', 'FIRMANTE')":{"('0031-OV-2000', 0)":"PARLAMENTARIA MIXTA REVISORA DE CUENTAS"},"('Firmantes', 'DISTRITO')":{"('0031-OV-2000', 0)":null},"('Firmantes', 'BLOQUE')":{"('0031-OV-2000', 0)":null},"('Tramites', 'C\u00c1MARA')":{"('0031-OV-2000', 0)":"Senado"},"('Tramites', 'MOVIMIENTO')":{"('0031-OV-2000', 0)":"CONSIDERACION Y APROBACION (AL ARCHIVO)"},"('Tramites', 'FECHA')":{"('0031-OV-2000', 0)":"07\/03\/2001"},"('Tramites', 'RESULTADO')":{"('0031-OV-2000', 0)":"ARCHIVADO"},"Link":{"('0031-OV-2000', 0)":"http:\/\/www.senado.gov.ar\/parlamentario\/comisiones\/verExp\/31.00\/OV\/PR"},"Palabra Clave":{"('0031-OV-2000', 0)":" "}}