{"Tipo de Proyecto":{"('0032-D-2000', 0)":"PROYECTO DE RESOLUCI\u00d3N","('0032-D-2000', 1)":null,"('0032-D-2000', 2)":null,"('0032-D-2000', 3)":null},"Iniciado en: ":{"('0032-D-2000', 0)":"Diputados","('0032-D-2000', 1)":null,"('0032-D-2000', 2)":null,"('0032-D-2000', 3)":null},"Expediente Diputados: ":{"('0032-D-2000', 0)":"0032-D-2000","('0032-D-2000', 1)":null,"('0032-D-2000', 2)":null,"('0032-D-2000', 3)":null},"Publicado en: ":{"('0032-D-2000', 0)":"Tr\u00e1mite Parlamentario N\u00b0 1","('0032-D-2000', 1)":null,"('0032-D-2000', 2)":null,"('0032-D-2000', 3)":null},"Fecha: ":{"('0032-D-2000', 0)":"01\/03\/2000","('0032-D-2000', 1)":null,"('0032-D-2000', 2)":null,"('0032-D-2000', 3)":null},"T\u00edtulo":{"('0032-D-2000', 0)":"PEDIDO DE INFORMES: SOBRE LOS EMPRENDIMIENTOS REALIZADOS EN LA PROVINCIA DE CATAMARCA BAJO EL REGIMEN DE BENEFICIOS PROMOCIONALES OTORGADOS POR LAS LEYES 22021 Y 22702.","('0032-D-2000', 1)":null,"('0032-D-2000', 2)":null,"('0032-D-2000', 3)":null},"('Firmantes', 'FIRMANTE')":{"('0032-D-2000', 0)":"KENT DE SAADI, MARIA DEL PILAR","('0032-D-2000', 1)":null,"('0032-D-2000', 2)":null,"('0032-D-2000', 3)":null},"('Firmantes', 'DISTRITO')":{"('0032-D-2000', 0)":"CATAMARCA","('0032-D-2000', 1)":null,"('0032-D-2000', 2)":null,"('0032-D-2000', 3)":null},"('Firmantes', 'BLOQUE')":{"('0032-D-2000', 0)":"JUSTICIALISTA","('0032-D-2000', 1)":null,"('0032-D-2000', 2)":null,"('0032-D-2000', 3)":null},"('Giros', 'COMISI\u00d3N')":{"('0032-D-2000', 0)":"INDUSTRIA","('0032-D-2000', 1)":"MINERIA","('0032-D-2000', 2)":"ECONOMIAS Y DESARROLLO REGIONAL","('0032-D-2000', 3)":"PRESUPUESTO Y HACIENDA"},"Sumario":{"('0032-D-2000', 0)":"SOLICITUD AL PODER EJECUTIVO NACIONAL.","('0032-D-2000', 1)":null,"('0032-D-2000', 2)":null,"('0032-D-2000', 3)":null},"Palabra Clave":{"('0032-D-2000', 0)":" ","('0032-D-2000', 1)":null,"('0032-D-2000', 2)":null,"('0032-D-2000', 3)":null}}