{"Tipo de Proyecto":{"('0033-S-2000', 0)":"PROYECTO DE LEY","('0033-S-2000', 1)":null,"('0033-S-2000', 2)":null},"Iniciado en: ":{"('0033-S-2000', 0)":"Senado","('0033-S-2000', 1)":null,"('0033-S-2000', 2)":null},"Expediente Diputados: ":{"('0033-S-2000', 0)":"0033-S-2000","('0033-S-2000', 1)":null,"('0033-S-2000', 2)":null},"Expediente Senado: ":{"('0033-S-2000', 0)":"0001-S-2000","('0033-S-2000', 1)":null,"('0033-S-2000', 2)":null},"Publicado en: ":{"('0033-S-2000', 0)":"Diario de Asuntos Entrados N\u00b0 1","('0033-S-2000', 1)":null,"('0033-S-2000', 2)":null},"Fecha: ":{"('0033-S-2000', 0)":"01\/03\/2000","('0033-S-2000', 1)":null,"('0033-S-2000', 2)":null},"T\u00edtulo":{"('0033-S-2000', 0)":"DECLARAR MONUMENTO NACIONAL 'HEROES DE MALVINAS' AL MURAL ESCULTORICO QUE SE ERIGE EN LA CIUDAD DE USHUAIA, CAPITAL DE TIERRA DEL FUEGO, ANTARTIDA E ISLAS DEL ATLANTICO SUR.","('0033-S-2000', 1)":null,"('0033-S-2000', 2)":null},"('Firmantes', 'FIRMANTE')":{"('0033-S-2000', 0)":"PALACIOS, GERARDO LUIS","('0033-S-2000', 1)":null,"('0033-S-2000', 2)":null},"('Firmantes', 'DISTRITO')":{"('0033-S-2000', 0)":"TIERRA DEL FUEGO","('0033-S-2000', 1)":null,"('0033-S-2000', 2)":null},"('Firmantes', 'BLOQUE')":{"('0033-S-2000', 0)":"JUSTICIALISTA","('0033-S-2000', 1)":null,"('0033-S-2000', 2)":null},"('Giros', 'COMISI\u00d3N')":{"('0033-S-2000', 0)":"CULTURA","('0033-S-2000', 1)":null,"('0033-S-2000', 2)":null},"('Tramites', 'C\u00c1MARA')":{"('0033-S-2000', 0)":"Senado","('0033-S-2000', 1)":"Diputados","('0033-S-2000', 2)":"Diputados"},"('Tramites', 'MOVIMIENTO')":{"('0033-S-2000', 0)":"CONSIDERACION Y APROBACION","('0033-S-2000', 1)":"PASA A DIPUTADOS -","('0033-S-2000', 2)":"CONSIDERACION Y SANCION"},"('Tramites', 'FECHA')":{"('0033-S-2000', 0)":"07\/06\/2000","('0033-S-2000', 1)":null,"('0033-S-2000', 2)":"30\/11\/2000"},"('Tramites', 'RESULTADO')":{"('0033-S-2000', 0)":"MEDIA SANCION","('0033-S-2000', 1)":null,"('0033-S-2000', 2)":"SANCIONADO"},"Link":{"('0033-S-2000', 0)":"http:\/\/www.senado.gov.ar\/parlamentario\/comisiones\/verExp\/1.00\/S\/PL","('0033-S-2000', 1)":null,"('0033-S-2000', 2)":null},"Palabra Clave":{"('0033-S-2000', 0)":" ","('0033-S-2000', 1)":null,"('0033-S-2000', 2)":null}}