{"Tipo de Proyecto":{"('0034-D-2000', 0)":"PROYECTO DE DECLARACI\u00d3N"},"Iniciado en: ":{"('0034-D-2000', 0)":"Diputados"},"Expediente Diputados: ":{"('0034-D-2000', 0)":"0034-D-2000"},"Publicado en: ":{"('0034-D-2000', 0)":"Tr\u00e1mite Parlamentario N\u00b0 1"},"Fecha: ":{"('0034-D-2000', 0)":"01\/03\/2000"},"T\u00edtulo":{"('0034-D-2000', 0)":"REALIZACION DE LA XII FIESTA PROVINCIAL DEL PEHUEN, DEL 10 AL 12 DE MARZO DE 2000 EN LA LOCALIDAD DE ALUMINE, PROVINCIA DEL NEUQUEN."},"('Firmantes', 'FIRMANTE')":{"('0034-D-2000', 0)":"PELAEZ, VICTOR"},"('Firmantes', 'DISTRITO')":{"('0034-D-2000', 0)":"NEUQUEN"},"('Firmantes', 'BLOQUE')":{"('0034-D-2000', 0)":"UCR"},"('Giros', 'COMISI\u00d3N')":{"('0034-D-2000', 0)":"CULTURA"},"('Tramites', 'C\u00c1MARA')":{"('0034-D-2000', 0)":"Diputados"},"('Tramites', 'MOVIMIENTO')":{"('0034-D-2000', 0)":"CONSIDERACION Y APROBACION"},"('Tramites', 'FECHA')":{"('0034-D-2000', 0)":"06\/04\/2000"},"('Tramites', 'RESULTADO')":{"('0034-D-2000', 0)":"APROBADO"},"Sumario":{"('0034-D-2000', 0)":"DECLARARLA DE INTERES PARLAMENTARIO."},"Palabra Clave":{"('0034-D-2000', 0)":" "}}