{"Tipo de Proyecto":{"('0036-S-2000', 0)":"PROYECTO DE LEY","('0036-S-2000', 1)":null,"('0036-S-2000', 2)":null},"Iniciado en: ":{"('0036-S-2000', 0)":"Senado","('0036-S-2000', 1)":null,"('0036-S-2000', 2)":null},"Expediente Diputados: ":{"('0036-S-2000', 0)":"0036-S-2000","('0036-S-2000', 1)":null,"('0036-S-2000', 2)":null},"Expediente Senado: ":{"('0036-S-2000', 0)":"0283-S-2000","('0036-S-2000', 1)":null,"('0036-S-2000', 2)":null},"Publicado en: ":{"('0036-S-2000', 0)":"Diario de Asuntos Entrados N\u00b0 14","('0036-S-2000', 1)":null,"('0036-S-2000', 2)":null},"Fecha: ":{"('0036-S-2000', 0)":"21\/03\/2000","('0036-S-2000', 1)":null,"('0036-S-2000', 2)":null},"T\u00edtulo":{"('0036-S-2000', 0)":"DECLARAR MONUMENTO HISTORICO NACIONAL A LA IGLESIA PARROQUIAL MATRIZ SANTISIMO SACRAMENTO DE LA CIUDAD DE TANDIL, PROVINCIA DE BUENOS AIRES (REPRODUCCION DEL EXPEDIENTE 2139-S-98).","('0036-S-2000', 1)":null,"('0036-S-2000', 2)":null},"('Firmantes', 'FIRMANTE')":{"('0036-S-2000', 0)":"VILLAVERDE, JORGE ANTONIO","('0036-S-2000', 1)":null,"('0036-S-2000', 2)":null},"('Firmantes', 'DISTRITO')":{"('0036-S-2000', 0)":"BUENOS AIRES","('0036-S-2000', 1)":null,"('0036-S-2000', 2)":null},"('Firmantes', 'BLOQUE')":{"('0036-S-2000', 0)":"JUSTICIALISTA","('0036-S-2000', 1)":null,"('0036-S-2000', 2)":null},"('Giros', 'COMISI\u00d3N')":{"('0036-S-2000', 0)":"CULTURA","('0036-S-2000', 1)":null,"('0036-S-2000', 2)":null},"('Tramites', 'C\u00c1MARA')":{"('0036-S-2000', 0)":"Senado","('0036-S-2000', 1)":"Diputados","('0036-S-2000', 2)":"Diputados"},"('Tramites', 'MOVIMIENTO')":{"('0036-S-2000', 0)":"CONSIDERACION Y APROBACION","('0036-S-2000', 1)":"PASA A DIPUTADOS - (TP 77\/2000)","('0036-S-2000', 2)":"CONSIDERACION Y SANCION"},"('Tramites', 'FECHA')":{"('0036-S-2000', 0)":"07\/06\/2000","('0036-S-2000', 1)":null,"('0036-S-2000', 2)":"01\/11\/2000"},"('Tramites', 'RESULTADO')":{"('0036-S-2000', 0)":"MEDIA SANCION","('0036-S-2000', 1)":null,"('0036-S-2000', 2)":"SANCIONADO"},"Sumario":{"('0036-S-2000', 0)":"TAMBIEN INTEGRAN DICHA DECLARACION EL CONJUNTO COMPUESTO POR LA MUNICIPALIDAD Y EL EDIFICIO DEL EX BANCO HIPOTECARIO DE LA MENCIONADA CIUDAD.","('0036-S-2000', 1)":null,"('0036-S-2000', 2)":null},"Palabra Clave":{"('0036-S-2000', 0)":" ","('0036-S-2000', 1)":null,"('0036-S-2000', 2)":null}}