{"Tipo de Proyecto":{"('0037-PE-2000', 0)":"MENSAJE NRO: 0686\/00 Y PROYECTO DE LEY","('0037-PE-2000', 1)":null,"('0037-PE-2000', 2)":null},"Iniciado en: ":{"('0037-PE-2000', 0)":"Diputados","('0037-PE-2000', 1)":null,"('0037-PE-2000', 2)":null},"Expediente Diputados: ":{"('0037-PE-2000', 0)":"0037-PE-2000","('0037-PE-2000', 1)":null,"('0037-PE-2000', 2)":null},"Publicado en: ":{"('0037-PE-2000', 0)":"Tr\u00e1mite Parlamentario N\u00b0 111","('0037-PE-2000', 1)":null,"('0037-PE-2000', 2)":null},"Fecha: ":{"('0037-PE-2000', 0)":"11\/08\/2000","('0037-PE-2000', 1)":null,"('0037-PE-2000', 2)":null},"T\u00edtulo":{"('0037-PE-2000', 0)":"REORGANIZACION DE LA JUSTICIA FEDERAL CON ASIENTO EN LA PROVINCIA DE MISIONES.","('0037-PE-2000', 1)":null,"('0037-PE-2000', 2)":null},"('Firmantes', 'FIRMANTE')":{"('0037-PE-2000', 0)":"DE LA RUA, FERNANDO","('0037-PE-2000', 1)":"TERRAGNO, RODOLFO HECTOR","('0037-PE-2000', 2)":"GIL LAVEDRA, RICARDO RODOLFO"},"('Firmantes', 'DISTRITO')":{"('0037-PE-2000', 0)":null,"('0037-PE-2000', 1)":null,"('0037-PE-2000', 2)":null},"('Firmantes', 'BLOQUE')":{"('0037-PE-2000', 0)":"PODER EJECUTIVO","('0037-PE-2000', 1)":"PODER EJECUTIVO","('0037-PE-2000', 2)":"PODER EJECUTIVO"},"('Giros', 'COMISI\u00d3N')":{"('0037-PE-2000', 0)":"JUSTICIA","('0037-PE-2000', 1)":"PRESUPUESTO Y HACIENDA","('0037-PE-2000', 2)":null},"Sumario":{"('0037-PE-2000', 0)":"CREACION DE UN JUZGADO FEDERAL DE PRIMERA INSTANCIA EN LO CIVIL, COMERCIAL, LABORAL Y EN LO CONTENCIOSO ADMINISTRATIVO CON ASIENTO EN LA CIUDAD DE POSADAS; CREACION DE UN JUZGADO FEDERAL DE PRIMERA INSTANCIA  EN LO CRIMINAL Y CORRECCIONAL CON ASIENTO EN LA CIUDAD DE POSADAS; LOS JUZGADOS CREADOS POR LA PRESENTE EJERCERAN JURISDICCION EN LOS DEPARTAMENTOS CAPITAL, CANDELARIA, APOSTOLES, CONCEPCION, SAN JAVIER, LEANDRO N ALEM, SAN IGNACIO, OBERA, 25 DE MAYO, CAINGUAS Y GUARANI; REASIGNACION DE SECRETARIAS; CREACION DE UNA SECRETARIA PENAL; DEROGACION DE LOS ARTICULOS 3 Y 7 DE LA LEY 23866, INTEGRACION Y FUNCIONAMIENTO DE LA CAMARA FEDERAL DE APELACIONES DE POSADAS; CREACION DE CARGOS DE FUNCIONARIOS Y MAGISTRADOS; RADICACION Y CONTINUACION DE LAS CAUSAS EN TRAMITE; INTERVENCION DEL CONSEJO NACIONAL DE LA MAGISTRATURA; IMPLEMENTACION DE LA PRESENTE UNA VEZ QUE SE CUENTE CON EL CREDITO PRESUPUESTARIO CORRESPONDIENTE.","('0037-PE-2000', 1)":null,"('0037-PE-2000', 2)":null},"Palabra Clave":{"('0037-PE-2000', 0)":" ","('0037-PE-2000', 1)":null,"('0037-PE-2000', 2)":null}}