{"Tipo de Proyecto":{"('0038-D-2000', 0)":"PROYECTO DE LEY","('0038-D-2000', 1)":null,"('0038-D-2000', 2)":null,"('0038-D-2000', 3)":null,"('0038-D-2000', 4)":null},"Iniciado en: ":{"('0038-D-2000', 0)":"Diputados","('0038-D-2000', 1)":null,"('0038-D-2000', 2)":null,"('0038-D-2000', 3)":null,"('0038-D-2000', 4)":null},"Expediente Diputados: ":{"('0038-D-2000', 0)":"0038-D-2000","('0038-D-2000', 1)":null,"('0038-D-2000', 2)":null,"('0038-D-2000', 3)":null,"('0038-D-2000', 4)":null},"Publicado en: ":{"('0038-D-2000', 0)":"Tr\u00e1mite Parlamentario N\u00b0 1","('0038-D-2000', 1)":null,"('0038-D-2000', 2)":null,"('0038-D-2000', 3)":null,"('0038-D-2000', 4)":null},"Fecha: ":{"('0038-D-2000', 0)":"01\/03\/2000","('0038-D-2000', 1)":null,"('0038-D-2000', 2)":null,"('0038-D-2000', 3)":null,"('0038-D-2000', 4)":null},"T\u00edtulo":{"('0038-D-2000', 0)":"REGIMEN DEL VOLUNTARIADO SOCIAL (REPRODUCCION DEL EXPEDIENTE 0077-D-98).","('0038-D-2000', 1)":null,"('0038-D-2000', 2)":null,"('0038-D-2000', 3)":null,"('0038-D-2000', 4)":null},"('Firmantes', 'FIRMANTE')":{"('0038-D-2000', 0)":"CAFIERO, JUAN PABLO","('0038-D-2000', 1)":null,"('0038-D-2000', 2)":null,"('0038-D-2000', 3)":null,"('0038-D-2000', 4)":null},"('Firmantes', 'DISTRITO')":{"('0038-D-2000', 0)":"BUENOS AIRES","('0038-D-2000', 1)":null,"('0038-D-2000', 2)":null,"('0038-D-2000', 3)":null,"('0038-D-2000', 4)":null},"('Firmantes', 'BLOQUE')":{"('0038-D-2000', 0)":"FREPASO","('0038-D-2000', 1)":null,"('0038-D-2000', 2)":null,"('0038-D-2000', 3)":null,"('0038-D-2000', 4)":null},"('Giros', 'COMISI\u00d3N')":{"('0038-D-2000', 0)":"ASUNTOS COOPERATIVOS, MUTUALES Y DE ORG.NO GUBERNAMENTALES","('0038-D-2000', 1)":"LEGISLACION GENERAL","('0038-D-2000', 2)":"ACCION SOCIAL Y SALUD PUBLICA","('0038-D-2000', 3)":"LEGISLACION DEL TRABAJO","('0038-D-2000', 4)":"PRESUPUESTO Y HACIENDA"},"('Tramites', 'C\u00c1MARA')":{"('0038-D-2000', 0)":"Diputados","('0038-D-2000', 1)":null,"('0038-D-2000', 2)":null,"('0038-D-2000', 3)":null,"('0038-D-2000', 4)":null},"('Tramites', 'MOVIMIENTO')":{"('0038-D-2000', 0)":"REPRODUCIDO POR EXPEDIENTE 3736-D-02 (TP 82)","('0038-D-2000', 1)":null,"('0038-D-2000', 2)":null,"('0038-D-2000', 3)":null,"('0038-D-2000', 4)":null},"('Tramites', 'FECHA')":{"('0038-D-2000', 0)":null,"('0038-D-2000', 1)":null,"('0038-D-2000', 2)":null,"('0038-D-2000', 3)":null,"('0038-D-2000', 4)":null},"('Tramites', 'RESULTADO')":{"('0038-D-2000', 0)":null,"('0038-D-2000', 1)":null,"('0038-D-2000', 2)":null,"('0038-D-2000', 3)":null,"('0038-D-2000', 4)":null},"Sumario":{"('0038-D-2000', 0)":"OBJETO; CONCEPTO; ENTIDADES DE VOLUNTARIADO SOCIAL; AUXILIAR DEL VOLUNTARIADO SOCIAL; BENEFICIARIOS DEL SISTEMA; FOMENTO, CONTROL Y PARTICIPACION.","('0038-D-2000', 1)":null,"('0038-D-2000', 2)":null,"('0038-D-2000', 3)":null,"('0038-D-2000', 4)":null},"Palabra Clave":{"('0038-D-2000', 0)":" ","('0038-D-2000', 1)":null,"('0038-D-2000', 2)":null,"('0038-D-2000', 3)":null,"('0038-D-2000', 4)":null}}