{"Tipo de Proyecto":{"('0040-D-2000', 0)":"PROYECTO DE LEY","('0040-D-2000', 1)":null,"('0040-D-2000', 2)":null,"('0040-D-2000', 3)":null,"('0040-D-2000', 4)":null},"Iniciado en: ":{"('0040-D-2000', 0)":"Diputados","('0040-D-2000', 1)":null,"('0040-D-2000', 2)":null,"('0040-D-2000', 3)":null,"('0040-D-2000', 4)":null},"Expediente Diputados: ":{"('0040-D-2000', 0)":"0040-D-2000","('0040-D-2000', 1)":null,"('0040-D-2000', 2)":null,"('0040-D-2000', 3)":null,"('0040-D-2000', 4)":null},"Publicado en: ":{"('0040-D-2000', 0)":"Tr\u00e1mite Parlamentario N\u00b0 1","('0040-D-2000', 1)":null,"('0040-D-2000', 2)":null,"('0040-D-2000', 3)":null,"('0040-D-2000', 4)":null},"Fecha: ":{"('0040-D-2000', 0)":"01\/03\/2000","('0040-D-2000', 1)":null,"('0040-D-2000', 2)":null,"('0040-D-2000', 3)":null,"('0040-D-2000', 4)":null},"T\u00edtulo":{"('0040-D-2000', 0)":"CONVENCION INTERNACIONAL SOBRE LA PROTECCION DE LOS DERECHOS DE LOS TRABAJADORES MIGRATORIOS Y SUS FAMILIAS, APROBADA POR RESOLUCION 45\/158 DE LA ASAMBLEA NACIONAL DE NACIONES UNIDAS EL 18\/12\/90 (REPRODUCCION DEL EXPEDIENTE 0079-D-98).","('0040-D-2000', 1)":null,"('0040-D-2000', 2)":null,"('0040-D-2000', 3)":null,"('0040-D-2000', 4)":null},"('Firmantes', 'FIRMANTE')":{"('0040-D-2000', 0)":"CAFIERO, JUAN PABLO","('0040-D-2000', 1)":null,"('0040-D-2000', 2)":null,"('0040-D-2000', 3)":null,"('0040-D-2000', 4)":null},"('Firmantes', 'DISTRITO')":{"('0040-D-2000', 0)":"BUENOS AIRES","('0040-D-2000', 1)":null,"('0040-D-2000', 2)":null,"('0040-D-2000', 3)":null,"('0040-D-2000', 4)":null},"('Firmantes', 'BLOQUE')":{"('0040-D-2000', 0)":"FREPASO","('0040-D-2000', 1)":null,"('0040-D-2000', 2)":null,"('0040-D-2000', 3)":null,"('0040-D-2000', 4)":null},"('Giros', 'COMISI\u00d3N')":{"('0040-D-2000', 0)":"RELACIONES EXTERIORES Y CULTO","('0040-D-2000', 1)":"DERECHOS HUMANOS Y GARANTIAS","('0040-D-2000', 2)":"LEGISLACION DEL TRABAJO","('0040-D-2000', 3)":"FAMILIA, MUJER Y MINORIDAD","('0040-D-2000', 4)":"POBLACION Y RECURSOS HUMANOS"},"Sumario":{"('0040-D-2000', 0)":"APROBACION.","('0040-D-2000', 1)":null,"('0040-D-2000', 2)":null,"('0040-D-2000', 3)":null,"('0040-D-2000', 4)":null},"Palabra Clave":{"('0040-D-2000', 0)":" ","('0040-D-2000', 1)":null,"('0040-D-2000', 2)":null,"('0040-D-2000', 3)":null,"('0040-D-2000', 4)":null}}