{"Tipo de Proyecto":{"('0040-S-2000', 0)":"PROYECTO DE LEY","('0040-S-2000', 1)":null},"Iniciado en: ":{"('0040-S-2000', 0)":"Senado","('0040-S-2000', 1)":null},"Expediente Diputados: ":{"('0040-S-2000', 0)":"0040-S-2000","('0040-S-2000', 1)":null},"Expediente Senado: ":{"('0040-S-2000', 0)":"0858-S-2000","('0040-S-2000', 1)":null},"Publicado en: ":{"('0040-S-2000', 0)":"Diario de Asuntos Entrados N\u00b0 46","('0040-S-2000', 1)":null},"Fecha: ":{"('0040-S-2000', 0)":"16\/05\/2000","('0040-S-2000', 1)":null},"T\u00edtulo":{"('0040-S-2000', 0)":"REGIMEN DE EMERGENCIA PESQUERA.","('0040-S-2000', 1)":null},"('Firmantes', 'FIRMANTE')":{"('0040-S-2000', 0)":"ARNOLD, EDUARDO ARIEL","('0040-S-2000', 1)":"SALA, OSVALDO RUBEN"},"('Firmantes', 'DISTRITO')":{"('0040-S-2000', 0)":"SANTA CRUZ","('0040-S-2000', 1)":"CHUBUT"},"('Firmantes', 'BLOQUE')":{"('0040-S-2000', 0)":"JUSTICIALISTA","('0040-S-2000', 1)":"JUSTICIALISTA"},"('Giros', 'COMISI\u00d3N')":{"('0040-S-2000', 0)":"INTERESES MARITIMOS, FLUVIALES, PESQUEROS Y PORTUARIOS","('0040-S-2000', 1)":"INDUSTRIA"},"('Tramites', 'C\u00c1MARA')":{"('0040-S-2000', 0)":"Senado","('0040-S-2000', 1)":"Diputados"},"('Tramites', 'MOVIMIENTO')":{"('0040-S-2000', 0)":"CONSIDERACION Y APROBACION","('0040-S-2000', 1)":"PASA A DIPUTADOS - (TP 85)"},"('Tramites', 'FECHA')":{"('0040-S-2000', 0)":"21\/06\/2000","('0040-S-2000', 1)":null},"('Tramites', 'RESULTADO')":{"('0040-S-2000', 0)":"MEDIA SANCION","('0040-S-2000', 1)":null},"Sumario":{"('0040-S-2000', 0)":"PROHIBICIONES, VEDA, LIMITACIONES, CONTRALOR DEL INIDEP.","('0040-S-2000', 1)":null},"Palabra Clave":{"('0040-S-2000', 0)":" ","('0040-S-2000', 1)":null}}