{"Tipo de Proyecto":{"('0041-PE-2000', 0)":"MENSAJE NRO: 0743\/00 Y PROYECTO DE LEY","('0041-PE-2000', 1)":null,"('0041-PE-2000', 2)":null,"('0041-PE-2000', 3)":null},"Iniciado en: ":{"('0041-PE-2000', 0)":"Diputados","('0041-PE-2000', 1)":null,"('0041-PE-2000', 2)":null,"('0041-PE-2000', 3)":null},"Expediente Diputados: ":{"('0041-PE-2000', 0)":"0041-PE-2000","('0041-PE-2000', 1)":null,"('0041-PE-2000', 2)":null,"('0041-PE-2000', 3)":null},"Publicado en: ":{"('0041-PE-2000', 0)":"Tr\u00e1mite Parlamentario N\u00b0 121","('0041-PE-2000', 1)":null,"('0041-PE-2000', 2)":null,"('0041-PE-2000', 3)":null},"Fecha: ":{"('0041-PE-2000', 0)":"29\/08\/2000","('0041-PE-2000', 1)":null,"('0041-PE-2000', 2)":null,"('0041-PE-2000', 3)":null},"T\u00edtulo":{"('0041-PE-2000', 0)":"\"REGIMEN DE LA ACTIVIDAD DE SEGUROS Y REASEGUROS\" ; SUSTITUCION DE LA LEY 20091.","('0041-PE-2000', 1)":null,"('0041-PE-2000', 2)":null,"('0041-PE-2000', 3)":null},"('Firmantes', 'FIRMANTE')":{"('0041-PE-2000', 0)":"DE LA RUA, FERNANDO","('0041-PE-2000', 1)":"TERRAGNO, RODOLFO HECTOR","('0041-PE-2000', 2)":"MACHINEA, JOSE LUIS","('0041-PE-2000', 3)":"GIL LAVEDRA, RICARDO RODOLFO"},"('Firmantes', 'DISTRITO')":{"('0041-PE-2000', 0)":null,"('0041-PE-2000', 1)":null,"('0041-PE-2000', 2)":null,"('0041-PE-2000', 3)":null},"('Firmantes', 'BLOQUE')":{"('0041-PE-2000', 0)":"PODER EJECUTIVO","('0041-PE-2000', 1)":"PODER EJECUTIVO","('0041-PE-2000', 2)":"PODER EJECUTIVO","('0041-PE-2000', 3)":"PODER EJECUTIVO"},"('Giros', 'COMISI\u00d3N')":{"('0041-PE-2000', 0)":"ECONOMIA","('0041-PE-2000', 1)":"LEGISLACION GENERAL","('0041-PE-2000', 2)":"ASUNTOS COOPERATIVOS, MUTUALES Y DE ORG.NO GUBERNAMENTALES","('0041-PE-2000', 3)":"PRESUPUESTO Y HACIENDA"},"Sumario":{"('0041-PE-2000', 0)":"AMBITO DE APLICACION; OBLIGACION DE ASEGURAR EN EL PAIS; AUTORIZACION Y CONDICIONES PARA FUNCIONAR; CONTROL TECNICO; RESPONSABILIDAD PATRIMONIAL; ADMINISTRACION Y BALANCES; FUSION Y CESION DE CARTERA; INTERVENCION DE AUXILIARES; SOLVENCIA; REGULARIZACION Y SANEAMIENTO; REVOCACION DE LA AUTORIZACION PARA FUNCIONAR; REESTRUCTURACION; MEDIDAS PRECAUTORIAS; AUTOLIQUIDACION, LIQUIDACION JUDICIAL, QUIEBRA; PRIVILEGIOS; SANCIONES; AUTORIDADES DE APLICACION; REGIMEN FINANCIERO; PROCEDIMIENTOS Y RECURSOS; DISPOSICIONES FINALES Y TRANSITORIAS: CALIFICACION DE ENTIDADES DE SEGUROS, INFRACCIONES A LA LEY 12988, MEDIDAS TRANSITORIAS PARA LA RECONVERSION Y SANEAMIENTO DE ENTIDADES EN DIFICULTADES, REDUCCION DE ALICUOTA DEL IMPUESTO AL VALOR AGREGADO; DEROGACION DE LAS LEYES 12988 Y 22091.","('0041-PE-2000', 1)":null,"('0041-PE-2000', 2)":null,"('0041-PE-2000', 3)":null},"Palabra Clave":{"('0041-PE-2000', 0)":" ","('0041-PE-2000', 1)":null,"('0041-PE-2000', 2)":null,"('0041-PE-2000', 3)":null}}