{"Tipo de Proyecto":{"('0041-D-2000', 0)":"PROYECTO DE LEY","('0041-D-2000', 1)":null},"Iniciado en: ":{"('0041-D-2000', 0)":"Diputados","('0041-D-2000', 1)":null},"Expediente Diputados: ":{"('0041-D-2000', 0)":"0041-D-2000","('0041-D-2000', 1)":null},"Publicado en: ":{"('0041-D-2000', 0)":"Tr\u00e1mite Parlamentario N\u00b0 1","('0041-D-2000', 1)":null},"Fecha: ":{"('0041-D-2000', 0)":"01\/03\/2000","('0041-D-2000', 1)":null},"T\u00edtulo":{"('0041-D-2000', 0)":"DEROGACION DEL DECRETO 34\/73 MEDIANTE EL CUAL SE CONFIRIO LA CONDECORACION DE LA 'ORDEN DEL LIBERTADOR SAN MARTIN' AL CIUDADANO ITALIANO LICIO GELLI (REPRODUCCION DEL EXPEDIENTE 1209-D-98).","('0041-D-2000', 1)":null},"('Firmantes', 'FIRMANTE')":{"('0041-D-2000', 0)":"CAFIERO, JUAN PABLO","('0041-D-2000', 1)":null},"('Firmantes', 'DISTRITO')":{"('0041-D-2000', 0)":"BUENOS AIRES","('0041-D-2000', 1)":null},"('Firmantes', 'BLOQUE')":{"('0041-D-2000', 0)":"FREPASO","('0041-D-2000', 1)":null},"('Giros', 'COMISI\u00d3N')":{"('0041-D-2000', 0)":"ASUNTOS CONSTITUCIONALES","('0041-D-2000', 1)":"RELACIONES EXTERIORES Y CULTO"},"Palabra Clave":{"('0041-D-2000', 0)":" ","('0041-D-2000', 1)":null}}