{"Tipo de Proyecto":{"('0042-D-2000', 0)":"PROYECTO DE LEY","('0042-D-2000', 1)":null},"Iniciado en: ":{"('0042-D-2000', 0)":"Diputados","('0042-D-2000', 1)":null},"Expediente Diputados: ":{"('0042-D-2000', 0)":"0042-D-2000","('0042-D-2000', 1)":null},"Publicado en: ":{"('0042-D-2000', 0)":"Tr\u00e1mite Parlamentario N\u00b0 1","('0042-D-2000', 1)":null},"Fecha: ":{"('0042-D-2000', 0)":"01\/03\/2000","('0042-D-2000', 1)":null},"T\u00edtulo":{"('0042-D-2000', 0)":"CODIGO CIVIL: MODIFICACION (REPRODUCCION DEL EXPEDIENTE 1946-D-98).","('0042-D-2000', 1)":null},"('Firmantes', 'FIRMANTE')":{"('0042-D-2000', 0)":"CAFIERO, JUAN PABLO","('0042-D-2000', 1)":null},"('Firmantes', 'DISTRITO')":{"('0042-D-2000', 0)":"BUENOS AIRES","('0042-D-2000', 1)":null},"('Firmantes', 'BLOQUE')":{"('0042-D-2000', 0)":"FREPASO","('0042-D-2000', 1)":null},"('Giros', 'COMISI\u00d3N')":{"('0042-D-2000', 0)":"LEGISLACION GENERAL","('0042-D-2000', 1)":"FAMILIA, MUJER Y MINORIDAD"},"('Tramites', 'C\u00c1MARA')":{"('0042-D-2000', 0)":"Diputados","('0042-D-2000', 1)":null},"('Tramites', 'MOVIMIENTO')":{"('0042-D-2000', 0)":"REPRODUCIDO POR EXPEDIENTE 4990-D-02 (TP 115)","('0042-D-2000', 1)":null},"('Tramites', 'FECHA')":{"('0042-D-2000', 0)":null,"('0042-D-2000', 1)":null},"('Tramites', 'RESULTADO')":{"('0042-D-2000', 0)":null,"('0042-D-2000', 1)":null},"Sumario":{"('0042-D-2000', 0)":"SUSTITUCION DEL ARTICULO 259 (ACCION DE IMPUGNACION DE PATERNIDAD).","('0042-D-2000', 1)":null},"Palabra Clave":{"('0042-D-2000', 0)":" ","('0042-D-2000', 1)":null}}