{"Tipo de Proyecto":{"('0042-OV-2000', 0)":"PROYECTO DE RESOLUCI\u00d3N"},"Iniciado en: ":{"('0042-OV-2000', 0)":"Senado"},"Expediente Senado: ":{"('0042-OV-2000', 0)":"0042-OV-2000"},"Fecha: ":{"('0042-OV-2000', 0)":"13\/07\/2001"},"T\u00edtulo":{"('0042-OV-2000', 0)":"COMUNICA RESOLUCION 20\/00 DE LA AUDITORIA GENERAL DE LA NACION, APROBANDO EL INFORME POR SOCIEDAD DEL ESTADO CASA DE MONEDA."},"('Firmantes', 'FIRMANTE')":{"('0042-OV-2000', 0)":"PARLAMENTARIA MIXTA REVISORA DE CUENTAS"},"('Firmantes', 'DISTRITO')":{"('0042-OV-2000', 0)":null},"('Firmantes', 'BLOQUE')":{"('0042-OV-2000', 0)":null},"('Tramites', 'C\u00c1MARA')":{"('0042-OV-2000', 0)":"Senado"},"('Tramites', 'MOVIMIENTO')":{"('0042-OV-2000', 0)":"CONSIDERACION Y APROBACION (AL ARCHIVO)"},"('Tramites', 'FECHA')":{"('0042-OV-2000', 0)":"08\/08\/2001"},"('Tramites', 'RESULTADO')":{"('0042-OV-2000', 0)":"ARCHIVADO"},"Sumario":{"('0042-OV-2000', 0)":"HABIENDO TOMADO CONOCIMIENTO Y NO CONTENIENDO REQUERIMIENTOS DE ACCION SUBSISTENTES, SE ACONSEJA SU REMISION AL ARCHIVO."},"Palabra Clave":{"('0042-OV-2000', 0)":" "}}