{"Tipo de Proyecto":{"('0042-PE-2000', 0)":"MENSAJE NRO: 0744\/00 Y PROYECTO DE LEY","('0042-PE-2000', 1)":null,"('0042-PE-2000', 2)":null,"('0042-PE-2000', 3)":null},"Iniciado en: ":{"('0042-PE-2000', 0)":"Diputados","('0042-PE-2000', 1)":null,"('0042-PE-2000', 2)":null,"('0042-PE-2000', 3)":null},"Expediente Diputados: ":{"('0042-PE-2000', 0)":"0042-PE-2000","('0042-PE-2000', 1)":null,"('0042-PE-2000', 2)":null,"('0042-PE-2000', 3)":null},"Publicado en: ":{"('0042-PE-2000', 0)":"Tr\u00e1mite Parlamentario N\u00b0 121","('0042-PE-2000', 1)":null,"('0042-PE-2000', 2)":null,"('0042-PE-2000', 3)":null},"Fecha: ":{"('0042-PE-2000', 0)":"29\/08\/2000","('0042-PE-2000', 1)":null,"('0042-PE-2000', 2)":null,"('0042-PE-2000', 3)":null},"T\u00edtulo":{"('0042-PE-2000', 0)":"REGIMEN DE CONTRATO DE SEGURO Y REASEGURO; SUSTITUCION DE LA LEY 17418. ","('0042-PE-2000', 1)":null,"('0042-PE-2000', 2)":null,"('0042-PE-2000', 3)":null},"('Firmantes', 'FIRMANTE')":{"('0042-PE-2000', 0)":"DE LA RUA, FERNANDO","('0042-PE-2000', 1)":"TERRAGNO, RODOLFO HECTOR","('0042-PE-2000', 2)":"MACHINEA, JOSE LUIS","('0042-PE-2000', 3)":"GIL LAVEDRA, RICARDO RODOLFO"},"('Firmantes', 'DISTRITO')":{"('0042-PE-2000', 0)":null,"('0042-PE-2000', 1)":null,"('0042-PE-2000', 2)":null,"('0042-PE-2000', 3)":null},"('Firmantes', 'BLOQUE')":{"('0042-PE-2000', 0)":"PODER EJECUTIVO","('0042-PE-2000', 1)":"PODER EJECUTIVO","('0042-PE-2000', 2)":"PODER EJECUTIVO","('0042-PE-2000', 3)":"PODER EJECUTIVO"},"('Giros', 'COMISI\u00d3N')":{"('0042-PE-2000', 0)":"ECONOMIA","('0042-PE-2000', 1)":"LEGISLACION GENERAL","('0042-PE-2000', 2)":null,"('0042-PE-2000', 3)":null},"Sumario":{"('0042-PE-2000', 0)":"CONTRATO DE SEGURO: CONCEPTO Y CELEBRACION, RETICENCIA, POLIZA, DENUNCIAS Y DECLARACIONES, COMPETENCIA Y DOMICILIO, PLAZO, POR CUENTA AJENA O POR QUIEN CORRESPONDA, PRIMA, CADUCIDAD, AGRAVAMIENTO DEL RIESGO, DENUNCIA DEL SINIESTRO, VENCIMIENTO DE LA OBLIGACION DEL ASEGURADOR, SINIESTRO PARCIAL, INTERVENCION DE AUXILIARES EN LA CELEBRACION DEL CONTRATO, DETERMINACION DE LA INDEMNIZACION - JUICIO PERICIAL, PRIVILEGIOS, PRESCRIPCION, NORMAS INTERPRETATIVAS; SEGURO DE DA\u00d1OS PATRIMONIALES: CONCEPTO E INTERES ASEGURABLE, SEGUROS MULTIPLES, PROVOCACION DEL SINIESTRO, SALVAMENTO Y VERIFICACION DE LOS DA\u00d1OS, SUBROGACION, INEXISTENCIA O DESAPARICION DEL INTERES, CAMBIO DEL TITULAR, HIPOTECA - PRENDA, SEGURO DE INCENDIO, RIESGOS AGRICOLAS, SEGURO DE ANIMALES, SEGURO DE DESEMPLEO, SEGUROS DE RESPONSABILIDAD CIVIL, SEGUROS DE TRANSPORTE, SEGUROS DE VIDA; REASEGURO; DEROGACION DE LAS LEYES 17418, 19657 Y 24754.","('0042-PE-2000', 1)":null,"('0042-PE-2000', 2)":null,"('0042-PE-2000', 3)":null},"Palabra Clave":{"('0042-PE-2000', 0)":" ","('0042-PE-2000', 1)":null,"('0042-PE-2000', 2)":null,"('0042-PE-2000', 3)":null}}