{"Tipo de Proyecto":{"('0043-S-2000', 0)":"COMUNICACION"},"Iniciado en: ":{"('0043-S-2000', 0)":"Senado"},"Expediente Senado: ":{"('0043-S-2000', 0)":"0043-S-2000"},"Publicado en: ":{"('0043-S-2000', 0)":"Diario de Asuntos Entrados N\u00b0 3"},"Fecha: ":{"('0043-S-2000', 0)":"02\/03\/2000"},"T\u00edtulo":{"('0043-S-2000', 0)":"IMPLEMENTAR PROGRAMAS DE CAPACITACION DOCENTE Y UNA CAMPA\u00d1A DE CONCIENTIZACION SOCIAL PARA PREVENIR LA VIOLENCIA ESCOLAR."},"('Firmantes', 'FIRMANTE')":{"('0043-S-2000', 0)":"MIKKELSEN LOTH, JORGE FEDERICO"},"('Firmantes', 'DISTRITO')":{"('0043-S-2000', 0)":"SANTIAGO DEL ESTERO"},"('Firmantes', 'BLOQUE')":{"('0043-S-2000', 0)":"JUSTICIALISTA"},"('Tramites', 'C\u00c1MARA')":{"('0043-S-2000', 0)":"Senado"},"('Tramites', 'MOVIMIENTO')":{"('0043-S-2000', 0)":"CONSIDERACION Y APROBACION"},"('Tramites', 'FECHA')":{"('0043-S-2000', 0)":"07\/06\/2000"},"('Tramites', 'RESULTADO')":{"('0043-S-2000', 0)":"APROBADO"},"Sumario":{"('0043-S-2000', 0)":"SOLICITUD AL PODER EJECUTIVO NACIONAL."},"Palabra Clave":{"('0043-S-2000', 0)":" "}}