{"Tipo de Proyecto":{"('0043-P-2000', 0)":"PROYECTO DE DECLARACI\u00d3N"},"Iniciado en: ":{"('0043-P-2000', 0)":"Senado"},"Expediente Senado: ":{"('0043-P-2000', 0)":"0043-P-2000"},"Fecha: ":{"('0043-P-2000', 0)":"29\/06\/2000"},"T\u00edtulo":{"('0043-P-2000', 0)":"DECLARAR DE INTERES PARLAMENTARIO LA REALIZACION DEL XV ENCUENTRO NACIONAL DE ESTUDIANTES DE MUSICA A REALIZARSE EN LA CIUDAD DE LA PLATA, PROVINCIA DE BUENOS AIRES, DURANTE LOS DIAS 16 Y 23\/09\/2000,  SEGUN LO SOLICITADO POR LA COMISION ORGANIZADORA."},"('Firmantes', 'FIRMANTE')":{"('0043-P-2000', 0)":"EDUCACION"},"('Firmantes', 'DISTRITO')":{"('0043-P-2000', 0)":null},"('Firmantes', 'BLOQUE')":{"('0043-P-2000', 0)":null},"('Tramites', 'C\u00c1MARA')":{"('0043-P-2000', 0)":"Senado"},"('Tramites', 'MOVIMIENTO')":{"('0043-P-2000', 0)":"CONSIDERACION Y APROBACION"},"('Tramites', 'FECHA')":{"('0043-P-2000', 0)":"13\/09\/2000"},"('Tramites', 'RESULTADO')":{"('0043-P-2000', 0)":"APROBADO"},"Link":{"('0043-P-2000', 0)":"http:\/\/www.senado.gov.ar\/parlamentario\/comisiones\/verExp\/43.00\/P\/PD"},"Palabra Clave":{"('0043-P-2000', 0)":" "}}