{"Tipo de Proyecto":{"('0045-PE-2000', 0)":"MENSAJE NRO: 0778\/00","('0045-PE-2000', 1)":null,"('0045-PE-2000', 2)":null},"Iniciado en: ":{"('0045-PE-2000', 0)":"Diputados","('0045-PE-2000', 1)":null,"('0045-PE-2000', 2)":null},"Expediente Diputados: ":{"('0045-PE-2000', 0)":"0045-PE-2000","('0045-PE-2000', 1)":null,"('0045-PE-2000', 2)":null},"Publicado en: ":{"('0045-PE-2000', 0)":"Tr\u00e1mite Parlamentario N\u00b0 126","('0045-PE-2000', 1)":null,"('0045-PE-2000', 2)":null},"Fecha: ":{"('0045-PE-2000', 0)":"05\/09\/2000","('0045-PE-2000', 1)":null,"('0045-PE-2000', 2)":null},"T\u00edtulo":{"('0045-PE-2000', 0)":"DECRETO 777\/2000 POR EL CUAL SE OBSERVAN LOS ARTICULOS 39, SEGUNDO PARRAFO, Y 52, Y SE PROMULGA EL PROYECTO DE LEY REGISTRADO BAJO EL NUMERO 25300, DE FOMENTO PARA LA MICRO, PEQUE\u00d1A Y MEDIANA EMPRESA.","('0045-PE-2000', 1)":null,"('0045-PE-2000', 2)":null},"('Firmantes', 'FIRMANTE')":{"('0045-PE-2000', 0)":"DE LA RUA, FERNANDO","('0045-PE-2000', 1)":"TERRAGNO, RODOLFO HECTOR","('0045-PE-2000', 2)":"MACHINEA, JOSE LUIS"},"('Firmantes', 'DISTRITO')":{"('0045-PE-2000', 0)":null,"('0045-PE-2000', 1)":null,"('0045-PE-2000', 2)":null},"('Firmantes', 'BLOQUE')":{"('0045-PE-2000', 0)":"PODER EJECUTIVO","('0045-PE-2000', 1)":"PODER EJECUTIVO","('0045-PE-2000', 2)":"PODER EJECUTIVO"},"('Giros', 'COMISI\u00d3N')":{"('0045-PE-2000', 0)":"FINANZAS","('0045-PE-2000', 1)":"LEGISLACION GENERAL","('0045-PE-2000', 2)":"PRESUPUESTO Y HACIENDA"},"Sumario":{"('0045-PE-2000', 0)":"COMUNICACION DEL DICTADO DEL MISMO.","('0045-PE-2000', 1)":null,"('0045-PE-2000', 2)":null},"Palabra Clave":{"('0045-PE-2000', 0)":" ","('0045-PE-2000', 1)":null,"('0045-PE-2000', 2)":null}}