{"Tipo de Proyecto":{"('0045-S-2000', 0)":"COMUNICACION","('0045-S-2000', 1)":null},"Iniciado en: ":{"('0045-S-2000', 0)":"Senado","('0045-S-2000', 1)":null},"Expediente Senado: ":{"('0045-S-2000', 0)":"0045-S-2000","('0045-S-2000', 1)":null},"Publicado en: ":{"('0045-S-2000', 0)":"Diario de Asuntos Entrados N\u00b0 3","('0045-S-2000', 1)":null},"Fecha: ":{"('0045-S-2000', 0)":"02\/03\/2000","('0045-S-2000', 1)":null},"T\u00edtulo":{"('0045-S-2000', 0)":"DECLARAR DE INTERES NACIONAL EL CONGRESO ARGENTINO DE PEDIATRIA QUE SE DESARROLLARA EN LA CIUDAD DE SALTA, ENTRE EL 27 Y 30 DE SEPTIEMBRE.","('0045-S-2000', 1)":null},"('Firmantes', 'FIRMANTE')":{"('0045-S-2000', 0)":"SAN MILLAN, JULIO A.","('0045-S-2000', 1)":null},"('Firmantes', 'DISTRITO')":{"('0045-S-2000', 0)":"SALTA","('0045-S-2000', 1)":null},"('Firmantes', 'BLOQUE')":{"('0045-S-2000', 0)":"JUSTICIALISTA","('0045-S-2000', 1)":null},"('Tramites', 'C\u00c1MARA')":{"('0045-S-2000', 0)":"Senado","('0045-S-2000', 1)":"Senado"},"('Tramites', 'MOVIMIENTO')":{"('0045-S-2000', 0)":"CONSIDERACION Y APROBACION","('0045-S-2000', 1)":"CONTESTACION DEL PODER EJECUTIVO NACIONAL - (477-PE-00); GIRADA A LA COMISION RESPECTIVA"},"('Tramites', 'FECHA')":{"('0045-S-2000', 0)":"12\/04\/2000","('0045-S-2000', 1)":null},"('Tramites', 'RESULTADO')":{"('0045-S-2000', 0)":"APROBADO","('0045-S-2000', 1)":null},"Sumario":{"('0045-S-2000', 0)":"SOLICITUD AL PODER EJECUTIVO NACIONAL.","('0045-S-2000', 1)":null},"Palabra Clave":{"('0045-S-2000', 0)":" ","('0045-S-2000', 1)":null}}