{"Tipo de Proyecto":{"('0046-PE-2000', 0)":"MENSAJE NRO: 0783\/00","('0046-PE-2000', 1)":null,"('0046-PE-2000', 2)":null},"Iniciado en: ":{"('0046-PE-2000', 0)":"Diputados","('0046-PE-2000', 1)":null,"('0046-PE-2000', 2)":null},"Expediente Diputados: ":{"('0046-PE-2000', 0)":"0046-PE-2000","('0046-PE-2000', 1)":null,"('0046-PE-2000', 2)":null},"Publicado en: ":{"('0046-PE-2000', 0)":"Tr\u00e1mite Parlamentario N\u00b0 137","('0046-PE-2000', 1)":null,"('0046-PE-2000', 2)":null},"Fecha: ":{"('0046-PE-2000', 0)":"19\/09\/2000","('0046-PE-2000', 1)":null,"('0046-PE-2000', 2)":null},"T\u00edtulo":{"('0046-PE-2000', 0)":"COMUNICACION DEL DECRETO 782 DEL 19 DE SETIEMBRE DE 2000 POR EL CUAL SE OBSERVA Y DEVUELVE EL PROYECTO DE LEY REGISTRADO BAJO EL NUMERO 25294, SOBRE EL PROGRAMA DE PROPIEDAD PARTICIPADA DE AEROLINEAS ARGENTINAS SA.","('0046-PE-2000', 1)":null,"('0046-PE-2000', 2)":null},"('Firmantes', 'FIRMANTE')":{"('0046-PE-2000', 0)":"DE LA RUA, FERNANDO","('0046-PE-2000', 1)":"TERRAGNO, RODOLFO HECTOR","('0046-PE-2000', 2)":"MACHINEA, JOSE LUIS"},"('Firmantes', 'DISTRITO')":{"('0046-PE-2000', 0)":null,"('0046-PE-2000', 1)":null,"('0046-PE-2000', 2)":null},"('Firmantes', 'BLOQUE')":{"('0046-PE-2000', 0)":"PODER EJECUTIVO","('0046-PE-2000', 1)":"PODER EJECUTIVO","('0046-PE-2000', 2)":"PODER EJECUTIVO"},"('Giros', 'COMISI\u00d3N')":{"('0046-PE-2000', 0)":"TRANSPORTES","('0046-PE-2000', 1)":"LEGISLACION DEL TRABAJO","('0046-PE-2000', 2)":"OBRAS PUBLICAS"},"Sumario":{"('0046-PE-2000', 0)":"ACOMPA\u00d1A COPIA AUTENTICADA DEL MISMO.","('0046-PE-2000', 1)":null,"('0046-PE-2000', 2)":null},"Palabra Clave":{"('0046-PE-2000', 0)":" ","('0046-PE-2000', 1)":null,"('0046-PE-2000', 2)":null}}