{"Tipo de Proyecto":{"('0046-S-2000', 0)":"PROYECTO DE LEY","('0046-S-2000', 1)":null},"Iniciado en: ":{"('0046-S-2000', 0)":"Senado","('0046-S-2000', 1)":null},"Expediente Diputados: ":{"('0046-S-2000', 0)":"0046-S-2000","('0046-S-2000', 1)":null},"Expediente Senado: ":{"('0046-S-2000', 0)":"0180-S-2000","('0046-S-2000', 1)":null},"Publicado en: ":{"('0046-S-2000', 0)":"Diario de Asuntos Entrados N\u00b0 10","('0046-S-2000', 1)":null},"Fecha: ":{"('0046-S-2000', 0)":"14\/03\/2000","('0046-S-2000', 1)":null},"T\u00edtulo":{"('0046-S-2000', 0)":"IMPUESTO PARA LA VENTA E IMPORTACION DE OBRAS DE ARTE.","('0046-S-2000', 1)":null},"('Firmantes', 'FIRMANTE')":{"('0046-S-2000', 0)":"DE LA ROSA, CARLOS LEONARDO","('0046-S-2000', 1)":null},"('Firmantes', 'DISTRITO')":{"('0046-S-2000', 0)":"MENDOZA","('0046-S-2000', 1)":null},"('Firmantes', 'BLOQUE')":{"('0046-S-2000', 0)":"JUSTICIALISTA","('0046-S-2000', 1)":null},"('Giros', 'COMISI\u00d3N')":{"('0046-S-2000', 0)":"PRESUPUESTO Y HACIENDA","('0046-S-2000', 1)":"CULTURA"},"('Tramites', 'C\u00c1MARA')":{"('0046-S-2000', 0)":"Senado","('0046-S-2000', 1)":"Diputados"},"('Tramites', 'MOVIMIENTO')":{"('0046-S-2000', 0)":"CONSIDERACION Y APROBACION","('0046-S-2000', 1)":"PASA A DIPUTADOS - (TP 86)"},"('Tramites', 'FECHA')":{"('0046-S-2000', 0)":"21\/06\/2000","('0046-S-2000', 1)":null},"('Tramites', 'RESULTADO')":{"('0046-S-2000', 0)":"MEDIA SANCION","('0046-S-2000', 1)":null},"Sumario":{"('0046-S-2000', 0)":"ALICUOTA EQUIVALENTE AL 50% ESTABLECIDA EN EL PRIMER PARRAFO DEL ARTICULO 28 DE LA LEY DEL IMPUESTO AL VALOR AGREGADO, TEXTO SUSTITUIDO POR LA LEY 23349; DEFINICION DE OBRA DE ARTE; COMPLEMENTACION DE LOS DECRETO 279\/97 Y 1044\/98 EN LO QUE NO SE OPONGA A LA PRESENTE LEY.","('0046-S-2000', 1)":null},"Palabra Clave":{"('0046-S-2000', 0)":" ","('0046-S-2000', 1)":null}}