{"Tipo de Proyecto":{"('0046-D-2000', 0)":"PROYECTO DE LEY","('0046-D-2000', 1)":null},"Iniciado en: ":{"('0046-D-2000', 0)":"Diputados","('0046-D-2000', 1)":null},"Expediente Diputados: ":{"('0046-D-2000', 0)":"0046-D-2000","('0046-D-2000', 1)":null},"Publicado en: ":{"('0046-D-2000', 0)":"Tr\u00e1mite Parlamentario N\u00b0 1","('0046-D-2000', 1)":null},"Fecha: ":{"('0046-D-2000', 0)":"01\/03\/2000","('0046-D-2000', 1)":null},"T\u00edtulo":{"('0046-D-2000', 0)":"MODIFICACION AL CODIGO CIVIL (REPRODUCCION DEL EXPEDIENTE 2847-D-98).","('0046-D-2000', 1)":null},"('Firmantes', 'FIRMANTE')":{"('0046-D-2000', 0)":"CAFIERO, JUAN PABLO","('0046-D-2000', 1)":null},"('Firmantes', 'DISTRITO')":{"('0046-D-2000', 0)":"BUENOS AIRES","('0046-D-2000', 1)":null},"('Firmantes', 'BLOQUE')":{"('0046-D-2000', 0)":"FREPASO","('0046-D-2000', 1)":null},"('Giros', 'COMISI\u00d3N')":{"('0046-D-2000', 0)":"LEGISLACION GENERAL","('0046-D-2000', 1)":"FAMILIA, MUJER Y MINORIDAD"},"('Tramites', 'C\u00c1MARA')":{"('0046-D-2000', 0)":"Diputados","('0046-D-2000', 1)":null},"('Tramites', 'MOVIMIENTO')":{"('0046-D-2000', 0)":"REPRODUCIDO POR EXPEDIENTE 3740-D-02 (TP 82)","('0046-D-2000', 1)":null},"('Tramites', 'FECHA')":{"('0046-D-2000', 0)":null,"('0046-D-2000', 1)":null},"('Tramites', 'RESULTADO')":{"('0046-D-2000', 0)":null,"('0046-D-2000', 1)":null},"Sumario":{"('0046-D-2000', 0)":"MODIFICACION AL ARTICULO 1294 (SEPARACION DE BIENES ENTRE CONYUGES).","('0046-D-2000', 1)":null},"Palabra Clave":{"('0046-D-2000', 0)":" ","('0046-D-2000', 1)":null}}