{"Tipo de Proyecto":{"('0047-PE-2000', 0)":"MENSAJE NRO: 0785\/00","('0047-PE-2000', 1)":null,"('0047-PE-2000', 2)":null},"Iniciado en: ":{"('0047-PE-2000', 0)":"Diputados","('0047-PE-2000', 1)":null,"('0047-PE-2000', 2)":null},"Expediente Diputados: ":{"('0047-PE-2000', 0)":"0047-PE-2000","('0047-PE-2000', 1)":null,"('0047-PE-2000', 2)":null},"Publicado en: ":{"('0047-PE-2000', 0)":"Tr\u00e1mite Parlamentario N\u00b0 137","('0047-PE-2000', 1)":null,"('0047-PE-2000', 2)":null},"Fecha: ":{"('0047-PE-2000', 0)":"19\/09\/2000","('0047-PE-2000', 1)":null,"('0047-PE-2000', 2)":null},"T\u00edtulo":{"('0047-PE-2000', 0)":"COMUNICACION DEL DECRETO 784 DEL 19 DE SETIEMBRE DE 2000 POR EL CUAL SE OBSERVA Y DEVUELVE EL PROYECTO DE LEY REGISTRADO BAJO EL NUMERO 25296, SOBRE REGIMEN DE OBLIGACIONES PARA LAS EMPRESAS PRIVATIZADAS EN LAS QUE SE CONSTITUYERON PROGRAMAS DE PROPIEDAD PARTICIPADA PARA EMPLEADOS.","('0047-PE-2000', 1)":null,"('0047-PE-2000', 2)":null},"('Firmantes', 'FIRMANTE')":{"('0047-PE-2000', 0)":"DE LA RUA, FERNANDO","('0047-PE-2000', 1)":"TERRAGNO, RODOLFO HECTOR","('0047-PE-2000', 2)":"MACHINEA, JOSE LUIS"},"('Firmantes', 'DISTRITO')":{"('0047-PE-2000', 0)":null,"('0047-PE-2000', 1)":null,"('0047-PE-2000', 2)":null},"('Firmantes', 'BLOQUE')":{"('0047-PE-2000', 0)":"PODER EJECUTIVO","('0047-PE-2000', 1)":"PODER EJECUTIVO","('0047-PE-2000', 2)":"PODER EJECUTIVO"},"('Giros', 'COMISI\u00d3N')":{"('0047-PE-2000', 0)":"TRANSPORTES","('0047-PE-2000', 1)":null,"('0047-PE-2000', 2)":null},"Sumario":{"('0047-PE-2000', 0)":"ACOMPA\u00d1A COPIA AUTENTICADA DEL MISMO.","('0047-PE-2000', 1)":null,"('0047-PE-2000', 2)":null},"Palabra Clave":{"('0047-PE-2000', 0)":" ","('0047-PE-2000', 1)":null,"('0047-PE-2000', 2)":null}}