{"Tipo de Proyecto":{"('0048-D-2000', 0)":"PROYECTO DE LEY","('0048-D-2000', 1)":null,"('0048-D-2000', 2)":null,"('0048-D-2000', 3)":null},"Iniciado en: ":{"('0048-D-2000', 0)":"Diputados","('0048-D-2000', 1)":null,"('0048-D-2000', 2)":null,"('0048-D-2000', 3)":null},"Expediente Diputados: ":{"('0048-D-2000', 0)":"0048-D-2000","('0048-D-2000', 1)":null,"('0048-D-2000', 2)":null,"('0048-D-2000', 3)":null},"Publicado en: ":{"('0048-D-2000', 0)":"Tr\u00e1mite Parlamentario N\u00b0 1","('0048-D-2000', 1)":null,"('0048-D-2000', 2)":null,"('0048-D-2000', 3)":null},"Fecha: ":{"('0048-D-2000', 0)":"01\/03\/2000","('0048-D-2000', 1)":null,"('0048-D-2000', 2)":null,"('0048-D-2000', 3)":null},"T\u00edtulo":{"('0048-D-2000', 0)":"TRANSFERENCIA A TITULO GRATUITO A FAVOR DE LA MUNICIPALIDAD DE TIGRE, PROVINCIA DE BUENOS AIRES DE UN INMUEBLE PROPIEDAD DEL ESTADO NACIONAL UBICADO EN CAMPO DE MAYO CONOCIDO COMO LA TOSQUERA (REPRODUCCION DEL EXPEDIENTE 7674-D-98).","('0048-D-2000', 1)":null,"('0048-D-2000', 2)":null,"('0048-D-2000', 3)":null},"('Firmantes', 'FIRMANTE')":{"('0048-D-2000', 0)":"CAFIERO, JUAN PABLO","('0048-D-2000', 1)":null,"('0048-D-2000', 2)":null,"('0048-D-2000', 3)":null},"('Firmantes', 'DISTRITO')":{"('0048-D-2000', 0)":"BUENOS AIRES","('0048-D-2000', 1)":null,"('0048-D-2000', 2)":null,"('0048-D-2000', 3)":null},"('Firmantes', 'BLOQUE')":{"('0048-D-2000', 0)":"FREPASO","('0048-D-2000', 1)":null,"('0048-D-2000', 2)":null,"('0048-D-2000', 3)":null},"('Giros', 'COMISI\u00d3N')":{"('0048-D-2000', 0)":"LEGISLACION GENERAL","('0048-D-2000', 1)":"ASUNTOS MUNICIPALES","('0048-D-2000', 2)":"RECURSOS NATURALES Y CONSERVACION DEL AMBIENTE HUMANO","('0048-D-2000', 3)":"EDUCACION"},"Sumario":{"('0048-D-2000', 0)":"DELIMITACION; CARGO: EMPLAZAR UNA RESERVA ECOLOGICA.","('0048-D-2000', 1)":null,"('0048-D-2000', 2)":null,"('0048-D-2000', 3)":null},"Palabra Clave":{"('0048-D-2000', 0)":" ","('0048-D-2000', 1)":null,"('0048-D-2000', 2)":null,"('0048-D-2000', 3)":null}}