{"Tipo de Proyecto":{"('0048-PE-2000', 0)":"MENSAJE NRO: 0802\/00 Y PROYECTO DE LEY","('0048-PE-2000', 1)":null,"('0048-PE-2000', 2)":null},"Iniciado en: ":{"('0048-PE-2000', 0)":"Diputados","('0048-PE-2000', 1)":null,"('0048-PE-2000', 2)":null},"Expediente Diputados: ":{"('0048-PE-2000', 0)":"0048-PE-2000","('0048-PE-2000', 1)":null,"('0048-PE-2000', 2)":null},"Publicado en: ":{"('0048-PE-2000', 0)":"Tr\u00e1mite Parlamentario N\u00b0 139","('0048-PE-2000', 1)":null,"('0048-PE-2000', 2)":null},"Fecha: ":{"('0048-PE-2000', 0)":"21\/09\/2000","('0048-PE-2000', 1)":null,"('0048-PE-2000', 2)":null},"T\u00edtulo":{"('0048-PE-2000', 0)":"DESIGNAR CON EL NOMBRE DE DON MANUEL JOFRE FLORES AL PUENTE SOBRE EL RIO PISCO HUASI, UBICADO EN LAS PROXIMIDADES DEL KM 831,18 DE LA RUTA NACIONAL N\u00b0 9, EN LA PROVINCIA DE CORDOBA.","('0048-PE-2000', 1)":null,"('0048-PE-2000', 2)":null},"('Firmantes', 'FIRMANTE')":{"('0048-PE-2000', 0)":"DE LA RUA, FERNANDO","('0048-PE-2000', 1)":"TERRAGNO, RODOLFO HECTOR","('0048-PE-2000', 2)":"GALLO, NICOLAS VICENTE"},"('Firmantes', 'DISTRITO')":{"('0048-PE-2000', 0)":null,"('0048-PE-2000', 1)":null,"('0048-PE-2000', 2)":null},"('Firmantes', 'BLOQUE')":{"('0048-PE-2000', 0)":"PODER EJECUTIVO","('0048-PE-2000', 1)":"PODER EJECUTIVO","('0048-PE-2000', 2)":"PODER EJECUTIVO"},"('Giros', 'COMISI\u00d3N')":{"('0048-PE-2000', 0)":"TRANSPORTES","('0048-PE-2000', 1)":null,"('0048-PE-2000', 2)":null},"Palabra Clave":{"('0048-PE-2000', 0)":" ","('0048-PE-2000', 1)":null,"('0048-PE-2000', 2)":null}}