{"Tipo de Proyecto":{"('0048-S-2000', 0)":"COMUNICACION","('0048-S-2000', 1)":null},"Iniciado en: ":{"('0048-S-2000', 0)":"Senado","('0048-S-2000', 1)":null},"Expediente Senado: ":{"('0048-S-2000', 0)":"0048-S-2000","('0048-S-2000', 1)":null},"Publicado en: ":{"('0048-S-2000', 0)":"Diario de Asuntos Entrados N\u00b0 3","('0048-S-2000', 1)":null},"Fecha: ":{"('0048-S-2000', 0)":"02\/03\/2000","('0048-S-2000', 1)":null},"T\u00edtulo":{"('0048-S-2000', 0)":"PEDIDO DE INFORMES: SOBRE LA CONSTRUCCION, OPERACION Y MANTENIMIENTO DE LA CUARTA LINEA DEL SISTEMA DE TRANSMISION COMAHUE- BUENOS AIRES.","('0048-S-2000', 1)":null},"('Firmantes', 'FIRMANTE')":{"('0048-S-2000', 0)":"SAPAG, SILVIA","('0048-S-2000', 1)":null},"('Firmantes', 'DISTRITO')":{"('0048-S-2000', 0)":"NEUQUEN","('0048-S-2000', 1)":null},"('Firmantes', 'BLOQUE')":{"('0048-S-2000', 0)":"MOV POP NEUQUINO","('0048-S-2000', 1)":null},"('Tramites', 'C\u00c1MARA')":{"('0048-S-2000', 0)":"Senado","('0048-S-2000', 1)":"Senado"},"('Tramites', 'MOVIMIENTO')":{"('0048-S-2000', 0)":"CONSIDERACION Y APROBACION","('0048-S-2000', 1)":"CONTESTACION DEL PODER EJECUTIVO NACIONAL - (042-OV-01); GIRADO A LA COMISION RESPECTIVA"},"('Tramites', 'FECHA')":{"('0048-S-2000', 0)":"21\/06\/2000","('0048-S-2000', 1)":null},"('Tramites', 'RESULTADO')":{"('0048-S-2000', 0)":"APROBADO","('0048-S-2000', 1)":null},"Sumario":{"('0048-S-2000', 0)":"SOLICITUD AL PODER EJECUTIVO NACIONAL.","('0048-S-2000', 1)":null},"Palabra Clave":{"('0048-S-2000', 0)":" ","('0048-S-2000', 1)":null}}