{"Tipo de Proyecto":{"('0049-S-2000', 0)":"PROYECTO DE LEY","('0049-S-2000', 1)":null,"('0049-S-2000', 2)":null},"Iniciado en: ":{"('0049-S-2000', 0)":"Senado","('0049-S-2000', 1)":null,"('0049-S-2000', 2)":null},"Expediente Diputados: ":{"('0049-S-2000', 0)":"0049-S-2000","('0049-S-2000', 1)":null,"('0049-S-2000', 2)":null},"Expediente Senado: ":{"('0049-S-2000', 0)":"0649-S-2000","('0049-S-2000', 1)":null,"('0049-S-2000', 2)":null},"Publicado en: ":{"('0049-S-2000', 0)":"Diario de Asuntos Entrados N\u00b0 32","('0049-S-2000', 1)":null,"('0049-S-2000', 2)":null},"Fecha: ":{"('0049-S-2000', 0)":"19\/04\/2000","('0049-S-2000', 1)":null,"('0049-S-2000', 2)":null},"T\u00edtulo":{"('0049-S-2000', 0)":"SUSPENDER LA OBLIGATORIEDAD DEL USO DE CONTROLADORES FISCALES REQUERIDOS POR LA ADMINISTRACION FEDERAL DE INGRESOS PUBLICOS.","('0049-S-2000', 1)":null,"('0049-S-2000', 2)":null},"('Firmantes', 'FIRMANTE')":{"('0049-S-2000', 0)":"GIOJA, JOSE LUIS","('0049-S-2000', 1)":"VERNA, CARLOS ALBERTO","('0049-S-2000', 2)":"SERGNESE, CARLOS JOSE"},"('Firmantes', 'DISTRITO')":{"('0049-S-2000', 0)":"SAN JUAN","('0049-S-2000', 1)":"LA PAMPA","('0049-S-2000', 2)":"SAN LUIS"},"('Firmantes', 'BLOQUE')":{"('0049-S-2000', 0)":"JUSTICIALISTA","('0049-S-2000', 1)":"JUSTICIALISTA","('0049-S-2000', 2)":"JUSTICIALISTA"},"('Giros', 'COMISI\u00d3N')":{"('0049-S-2000', 0)":"PRESUPUESTO Y HACIENDA","('0049-S-2000', 1)":null,"('0049-S-2000', 2)":null},"('Tramites', 'C\u00c1MARA')":{"('0049-S-2000', 0)":"Senado","('0049-S-2000', 1)":"Diputados","('0049-S-2000', 2)":"Diputados"},"('Tramites', 'MOVIMIENTO')":{"('0049-S-2000', 0)":"CONSIDERACION Y APROBACION","('0049-S-2000', 1)":"PASA A DIPUTADOS - (TP 86)","('0049-S-2000', 2)":"MOCION DE PREFERENCIA CON DICTAMEN (AFIRMATIVA)"},"('Tramites', 'FECHA')":{"('0049-S-2000', 0)":"21\/06\/2000","('0049-S-2000', 1)":null,"('0049-S-2000', 2)":"16\/05\/2001"},"('Tramites', 'RESULTADO')":{"('0049-S-2000', 0)":"MEDIA SANCION","('0049-S-2000', 1)":null,"('0049-S-2000', 2)":null},"Sumario":{"('0049-S-2000', 0)":"BENEFICIARIOS.","('0049-S-2000', 1)":null,"('0049-S-2000', 2)":null},"Palabra Clave":{"('0049-S-2000', 0)":" ","('0049-S-2000', 1)":null,"('0049-S-2000', 2)":null}}