{"Tipo de Proyecto":{"('0051-D-2000', 0)":"PROYECTO DE RESOLUCI\u00d3N","('0051-D-2000', 1)":null,"('0051-D-2000', 2)":null},"Iniciado en: ":{"('0051-D-2000', 0)":"Diputados","('0051-D-2000', 1)":null,"('0051-D-2000', 2)":null},"Expediente Diputados: ":{"('0051-D-2000', 0)":"0051-D-2000","('0051-D-2000', 1)":null,"('0051-D-2000', 2)":null},"Publicado en: ":{"('0051-D-2000', 0)":"Tr\u00e1mite Parlamentario N\u00b0 1","('0051-D-2000', 1)":null,"('0051-D-2000', 2)":null},"Fecha: ":{"('0051-D-2000', 0)":"01\/03\/2000","('0051-D-2000', 1)":null,"('0051-D-2000', 2)":null},"T\u00edtulo":{"('0051-D-2000', 0)":"INVITAR A LOS REPRESENTANTES DE LA ORGANIZACION ECOLOGISTA GREENPEACE Y DE LA EMPRESA ATANOR A CONCURRIR A LAS COMISIONES CORRESPONDIENTES DE LA H CAMARA. ","('0051-D-2000', 1)":null,"('0051-D-2000', 2)":null},"('Firmantes', 'FIRMANTE')":{"('0051-D-2000', 0)":"ATANASOF, ALFREDO NESTOR","('0051-D-2000', 1)":null,"('0051-D-2000', 2)":null},"('Firmantes', 'DISTRITO')":{"('0051-D-2000', 0)":"BUENOS AIRES","('0051-D-2000', 1)":null,"('0051-D-2000', 2)":null},"('Firmantes', 'BLOQUE')":{"('0051-D-2000', 0)":"JUSTICIALISTA","('0051-D-2000', 1)":null,"('0051-D-2000', 2)":null},"('Giros', 'COMISI\u00d3N')":{"('0051-D-2000', 0)":"RECURSOS NATURALES Y CONSERVACION DEL AMBIENTE HUMANO","('0051-D-2000', 1)":"INTERESES MARITIMOS, FLUVIALES, PESQUEROS Y PORTUARIOS","('0051-D-2000', 2)":"ASUNTOS MUNICIPALES"},"Sumario":{"('0051-D-2000', 0)":"PARA QUE INFORMEN SOBRE CUESTIONES RELACIONADAS CON LA CUENCA RIACHUELO - MATANZA, EN LA PROVINCIA DE BUENOS AIRES, Y SU ESTADO DE CONTAMINACION.","('0051-D-2000', 1)":null,"('0051-D-2000', 2)":null},"Palabra Clave":{"('0051-D-2000', 0)":" ","('0051-D-2000', 1)":null,"('0051-D-2000', 2)":null}}