{"Tipo de Proyecto":{"('0052-PE-2000', 0)":"MENSAJE NRO: 0964\/00 Y PROYECTO DE LEY","('0052-PE-2000', 1)":null,"('0052-PE-2000', 2)":null,"('0052-PE-2000', 3)":null,"('0052-PE-2000', 4)":null,"('0052-PE-2000', 5)":null,"('0052-PE-2000', 6)":null,"('0052-PE-2000', 7)":null,"('0052-PE-2000', 8)":null},"Iniciado en: ":{"('0052-PE-2000', 0)":"Diputados","('0052-PE-2000', 1)":null,"('0052-PE-2000', 2)":null,"('0052-PE-2000', 3)":null,"('0052-PE-2000', 4)":null,"('0052-PE-2000', 5)":null,"('0052-PE-2000', 6)":null,"('0052-PE-2000', 7)":null,"('0052-PE-2000', 8)":null},"Expediente Diputados: ":{"('0052-PE-2000', 0)":"0052-PE-2000","('0052-PE-2000', 1)":null,"('0052-PE-2000', 2)":null,"('0052-PE-2000', 3)":null,"('0052-PE-2000', 4)":null,"('0052-PE-2000', 5)":null,"('0052-PE-2000', 6)":null,"('0052-PE-2000', 7)":null,"('0052-PE-2000', 8)":null},"Expediente Senado: ":{"('0052-PE-2000', 0)":"0065-CD-2001","('0052-PE-2000', 1)":null,"('0052-PE-2000', 2)":null,"('0052-PE-2000', 3)":null,"('0052-PE-2000', 4)":null,"('0052-PE-2000', 5)":null,"('0052-PE-2000', 6)":null,"('0052-PE-2000', 7)":null,"('0052-PE-2000', 8)":null},"Publicado en: ":{"('0052-PE-2000', 0)":"Tr\u00e1mite Parlamentario N\u00b0 161","('0052-PE-2000', 1)":null,"('0052-PE-2000', 2)":null,"('0052-PE-2000', 3)":null,"('0052-PE-2000', 4)":null,"('0052-PE-2000', 5)":null,"('0052-PE-2000', 6)":null,"('0052-PE-2000', 7)":null,"('0052-PE-2000', 8)":null},"Fecha: ":{"('0052-PE-2000', 0)":"24\/10\/2000","('0052-PE-2000', 1)":null,"('0052-PE-2000', 2)":null,"('0052-PE-2000', 3)":null,"('0052-PE-2000', 4)":null,"('0052-PE-2000', 5)":null,"('0052-PE-2000', 6)":null,"('0052-PE-2000', 7)":null,"('0052-PE-2000', 8)":null},"T\u00edtulo":{"('0052-PE-2000', 0)":"CREACION DEL INSTITUTO DE PROMOCION DE CARNE VACUNA ARGENTINA, COMO ENTE DE DERECHO PUBLICO NO ESTATAL. ","('0052-PE-2000', 1)":null,"('0052-PE-2000', 2)":null,"('0052-PE-2000', 3)":null,"('0052-PE-2000', 4)":null,"('0052-PE-2000', 5)":null,"('0052-PE-2000', 6)":null,"('0052-PE-2000', 7)":null,"('0052-PE-2000', 8)":null},"('Firmantes', 'FIRMANTE')":{"('0052-PE-2000', 0)":"DE LA RUA, FERNANDO","('0052-PE-2000', 1)":"COLOMBO, CHRYSTIAN","('0052-PE-2000', 2)":"MACHINEA, JOSE LUIS","('0052-PE-2000', 3)":null,"('0052-PE-2000', 4)":null,"('0052-PE-2000', 5)":null,"('0052-PE-2000', 6)":null,"('0052-PE-2000', 7)":null,"('0052-PE-2000', 8)":null},"('Firmantes', 'DISTRITO')":{"('0052-PE-2000', 0)":null,"('0052-PE-2000', 1)":null,"('0052-PE-2000', 2)":null,"('0052-PE-2000', 3)":null,"('0052-PE-2000', 4)":null,"('0052-PE-2000', 5)":null,"('0052-PE-2000', 6)":null,"('0052-PE-2000', 7)":null,"('0052-PE-2000', 8)":null},"('Firmantes', 'BLOQUE')":{"('0052-PE-2000', 0)":"PODER EJECUTIVO","('0052-PE-2000', 1)":"PODER EJECUTIVO","('0052-PE-2000', 2)":"PODER EJECUTIVO","('0052-PE-2000', 3)":null,"('0052-PE-2000', 4)":null,"('0052-PE-2000', 5)":null,"('0052-PE-2000', 6)":null,"('0052-PE-2000', 7)":null,"('0052-PE-2000', 8)":null},"('Giros', 'COMISI\u00d3N')":{"('0052-PE-2000', 0)":"AGRICULTURA Y GANADERIA","('0052-PE-2000', 1)":"INDUSTRIA","('0052-PE-2000', 2)":"PRESUPUESTO Y HACIENDA","('0052-PE-2000', 3)":null,"('0052-PE-2000', 4)":null,"('0052-PE-2000', 5)":null,"('0052-PE-2000', 6)":null,"('0052-PE-2000', 7)":null,"('0052-PE-2000', 8)":null},"('Tramites', 'C\u00c1MARA')":{"('0052-PE-2000', 0)":"Diputados","('0052-PE-2000', 1)":"Diputados","('0052-PE-2000', 2)":"Diputados","('0052-PE-2000', 3)":"Diputados","('0052-PE-2000', 4)":"Senado","('0052-PE-2000', 5)":"Senado","('0052-PE-2000', 6)":"Senado","('0052-PE-2000', 7)":"Senado","('0052-PE-2000', 8)":"Senado"},"('Tramites', 'MOVIMIENTO')":{"('0052-PE-2000', 0)":"MOCION DE PREFERENCIA CON DICTAMEN (AFIRMATIVA)","('0052-PE-2000', 1)":"MOCION DE PREFERENCIA CON DICTAMEN (SE DIFIERE SU VOTACION)","('0052-PE-2000', 2)":"VOTACION DE LA MOCION (AFIRMATIVA)","('0052-PE-2000', 3)":"CONSIDERACION Y APROBACION CON MODIFICACIONES","('0052-PE-2000', 4)":"PASA A SENADO - (DAE 67)","('0052-PE-2000', 5)":"MOCION DE PREFERENCIA PARA LA PROXIMA SESION CON O SIN DICTAMEN (AFIRMATIVA)","('0052-PE-2000', 6)":"MANIFESTACIONES","('0052-PE-2000', 7)":"MOCION SOBRE TABLAS (AFIRMATIVA)","('0052-PE-2000', 8)":"CONSIDERACION Y SANCION"},"('Tramites', 'FECHA')":{"('0052-PE-2000', 0)":"18\/04\/2001","('0052-PE-2000', 1)":"16\/05\/2001","('0052-PE-2000', 2)":"23\/05\/2001","('0052-PE-2000', 3)":"11\/07\/2001","('0052-PE-2000', 4)":null,"('0052-PE-2000', 5)":"07\/11\/2001","('0052-PE-2000', 6)":"14\/11\/2001","('0052-PE-2000', 7)":"14\/11\/2001","('0052-PE-2000', 8)":"14\/11\/2001"},"('Tramites', 'RESULTADO')":{"('0052-PE-2000', 0)":null,"('0052-PE-2000', 1)":null,"('0052-PE-2000', 2)":null,"('0052-PE-2000', 3)":"MEDIA SANCION","('0052-PE-2000', 4)":null,"('0052-PE-2000', 5)":null,"('0052-PE-2000', 6)":null,"('0052-PE-2000', 7)":null,"('0052-PE-2000', 8)":"SANCIONADO"},"Sumario":{"('0052-PE-2000', 0)":"OBJETIVO, MISION Y FUNCIONES; AUTORIDADES; CREACION DEL FONDO DE PROMOCION DE CARNE VACUNA ARGENTINA; DIFUSION DE LAS ACCIONES DEL INSTITUTO.","('0052-PE-2000', 1)":null,"('0052-PE-2000', 2)":null,"('0052-PE-2000', 3)":null,"('0052-PE-2000', 4)":null,"('0052-PE-2000', 5)":null,"('0052-PE-2000', 6)":null,"('0052-PE-2000', 7)":null,"('0052-PE-2000', 8)":null},"Palabra Clave":{"('0052-PE-2000', 0)":" ","('0052-PE-2000', 1)":null,"('0052-PE-2000', 2)":null,"('0052-PE-2000', 3)":null,"('0052-PE-2000', 4)":null,"('0052-PE-2000', 5)":null,"('0052-PE-2000', 6)":null,"('0052-PE-2000', 7)":null,"('0052-PE-2000', 8)":null}}