{"Tipo de Proyecto":{"('0053-S-2000', 0)":"MENSAJE NRO: 0353\/00 Y PROYECTO DE LEY","('0053-S-2000', 1)":null,"('0053-S-2000', 2)":null,"('0053-S-2000', 3)":null,"('0053-S-2000', 4)":null},"Iniciado en: ":{"('0053-S-2000', 0)":"Senado","('0053-S-2000', 1)":null,"('0053-S-2000', 2)":null,"('0053-S-2000', 3)":null,"('0053-S-2000', 4)":null},"Expediente Diputados: ":{"('0053-S-2000', 0)":"0053-S-2000","('0053-S-2000', 1)":null,"('0053-S-2000', 2)":null,"('0053-S-2000', 3)":null,"('0053-S-2000', 4)":null},"Expediente Senado: ":{"('0053-S-2000', 0)":"0102-PE-2000","('0053-S-2000', 1)":null,"('0053-S-2000', 2)":null,"('0053-S-2000', 3)":null,"('0053-S-2000', 4)":null},"Publicado en: ":{"('0053-S-2000', 0)":"Diario de Asuntos Entrados N\u00b0 37","('0053-S-2000', 1)":null,"('0053-S-2000', 2)":null,"('0053-S-2000', 3)":null,"('0053-S-2000', 4)":null},"Fecha: ":{"('0053-S-2000', 0)":"28\/04\/2000","('0053-S-2000', 1)":null,"('0053-S-2000', 2)":null,"('0053-S-2000', 3)":null,"('0053-S-2000', 4)":null},"T\u00edtulo":{"('0053-S-2000', 0)":"PROTOCOLO ADICIONAL AL CONVENIO DE MIGRACION ENTRE LA REPUBLICA ARGENTINA Y LA REPUBLICA DE BOLIVIA, SUSCRIPTO EN BUENOS AIRES, EL 16\/12\/1999.","('0053-S-2000', 1)":null,"('0053-S-2000', 2)":null,"('0053-S-2000', 3)":null,"('0053-S-2000', 4)":null},"('Firmantes', 'FIRMANTE')":{"('0053-S-2000', 0)":"DE LA RUA, FERNANDO","('0053-S-2000', 1)":"TERRAGNO, RODOLFO HECTOR","('0053-S-2000', 2)":"STORANI, FEDERICO TEOBALDO MANUEL","('0053-S-2000', 3)":"RODRIGUEZ GIAVARINI, ADALBERTO","('0053-S-2000', 4)":null},"('Firmantes', 'DISTRITO')":{"('0053-S-2000', 0)":null,"('0053-S-2000', 1)":null,"('0053-S-2000', 2)":null,"('0053-S-2000', 3)":null,"('0053-S-2000', 4)":null},"('Firmantes', 'BLOQUE')":{"('0053-S-2000', 0)":"PODER EJECUTIVO","('0053-S-2000', 1)":"PODER EJECUTIVO","('0053-S-2000', 2)":"PODER EJECUTIVO","('0053-S-2000', 3)":"PODER EJECUTIVO","('0053-S-2000', 4)":null},"('Giros', 'COMISI\u00d3N')":{"('0053-S-2000', 0)":"RELACIONES EXTERIORES Y CULTO","('0053-S-2000', 1)":"POBLACION Y RECURSOS HUMANOS","('0053-S-2000', 2)":null,"('0053-S-2000', 3)":null,"('0053-S-2000', 4)":null},"('Tramites', 'C\u00c1MARA')":{"('0053-S-2000', 0)":"Senado","('0053-S-2000', 1)":"Senado","('0053-S-2000', 2)":"Diputados","('0053-S-2000', 3)":"Diputados","('0053-S-2000', 4)":"Diputados"},"('Tramites', 'MOVIMIENTO')":{"('0053-S-2000', 0)":"MOCION SOBRE TABLAS (AFIRMATIVA)","('0053-S-2000', 1)":"CONSIDERACION Y APROBACION","('0053-S-2000', 2)":"PASA A DIPUTADOS - (TP 86)","('0053-S-2000', 3)":"MOCION SOBRE TABLAS (AFIRMATIVA)","('0053-S-2000', 4)":"CONSIDERACION Y SANCION"},"('Tramites', 'FECHA')":{"('0053-S-2000', 0)":"05\/07\/2000","('0053-S-2000', 1)":"05\/07\/2000","('0053-S-2000', 2)":null,"('0053-S-2000', 3)":"07\/09\/2000","('0053-S-2000', 4)":"07\/09\/2000"},"('Tramites', 'RESULTADO')":{"('0053-S-2000', 0)":null,"('0053-S-2000', 1)":"MEDIA SANCION","('0053-S-2000', 2)":null,"('0053-S-2000', 3)":null,"('0053-S-2000', 4)":"SANCIONADO"},"Sumario":{"('0053-S-2000', 0)":"APROBACION.","('0053-S-2000', 1)":null,"('0053-S-2000', 2)":null,"('0053-S-2000', 3)":null,"('0053-S-2000', 4)":null},"Palabra Clave":{"('0053-S-2000', 0)":" ","('0053-S-2000', 1)":null,"('0053-S-2000', 2)":null,"('0053-S-2000', 3)":null,"('0053-S-2000', 4)":null}}