{"Tipo de Proyecto":{"('0058-S-2000', 0)":"PROYECTO DE RESOLUCI\u00d3N","('0058-S-2000', 1)":null,"('0058-S-2000', 2)":null,"('0058-S-2000', 3)":null},"Iniciado en: ":{"('0058-S-2000', 0)":"Senado","('0058-S-2000', 1)":null,"('0058-S-2000', 2)":null,"('0058-S-2000', 3)":null},"Expediente Diputados: ":{"('0058-S-2000', 0)":"0058-S-2000","('0058-S-2000', 1)":null,"('0058-S-2000', 2)":null,"('0058-S-2000', 3)":null},"Expediente Senado: ":{"('0058-S-2000', 0)":"0426-OV-1998","('0058-S-2000', 1)":null,"('0058-S-2000', 2)":null,"('0058-S-2000', 3)":null},"Fecha: ":{"('0058-S-2000', 0)":"26\/06\/2000","('0058-S-2000', 1)":null,"('0058-S-2000', 2)":null,"('0058-S-2000', 3)":null},"T\u00edtulo":{"('0058-S-2000', 0)":"RESOLUCION REMITIDA POR LA AUDITORIA GENERAL DE LA NACION SOBRE EL CUMPLIMIENTO DE OBLIGACIONES DE LA EMPRESA TERMINALES RIO DE LA PLATA SOCIEDAD ANONIMA.","('0058-S-2000', 1)":null,"('0058-S-2000', 2)":null,"('0058-S-2000', 3)":null},"('Firmantes', 'FIRMANTE')":{"('0058-S-2000', 0)":"PARLAMENTARIA MIXTA REVISORA DE CUENTAS","('0058-S-2000', 1)":null,"('0058-S-2000', 2)":null,"('0058-S-2000', 3)":null},"('Firmantes', 'DISTRITO')":{"('0058-S-2000', 0)":null,"('0058-S-2000', 1)":null,"('0058-S-2000', 2)":null,"('0058-S-2000', 3)":null},"('Firmantes', 'BLOQUE')":{"('0058-S-2000', 0)":null,"('0058-S-2000', 1)":null,"('0058-S-2000', 2)":null,"('0058-S-2000', 3)":null},"('Giros', 'COMISI\u00d3N')":{"('0058-S-2000', 0)":"PARLAMENTARIA MIXTA REVISORA DE CUENTAS","('0058-S-2000', 1)":null,"('0058-S-2000', 2)":null,"('0058-S-2000', 3)":null},"('Tramites', 'C\u00c1MARA')":{"('0058-S-2000', 0)":"Senado","('0058-S-2000', 1)":"Diputados","('0058-S-2000', 2)":"Diputados","('0058-S-2000', 3)":"Diputados"},"('Tramites', 'MOVIMIENTO')":{"('0058-S-2000', 0)":"CONSIDERACION Y APROBACION","('0058-S-2000', 1)":"PASA A DIPUTADOS -","('0058-S-2000', 2)":"CONSIDERACION Y APROBACION","('0058-S-2000', 3)":"CONTESTACION DEL PODER EJECUTIVO NACIONAL - JEFE DE GABINETE DE MINISTROS - (0194-OV-01); GIRADA A LA COMISION RESPECTIVA (BAE 23\/01)"},"('Tramites', 'FECHA')":{"('0058-S-2000', 0)":"05\/07\/2000","('0058-S-2000', 1)":null,"('0058-S-2000', 2)":"07\/09\/2000","('0058-S-2000', 3)":"15\/08\/2001"},"('Tramites', 'RESULTADO')":{"('0058-S-2000', 0)":"APROBADO","('0058-S-2000', 1)":null,"('0058-S-2000', 2)":"APROBADO","('0058-S-2000', 3)":null},"Sumario":{"('0058-S-2000', 0)":"DIRIGIRSE AL PODER EJECUTIVO NACIONAL, MANIFESTANDO LA NECESIDAD DE QUE SE ADOPTEN LAS MEDIDAS NECESARIAS A LA REGULARIZACION DE LAS GRAVES SITUACIONES OBSERVADAS RESPECTO AL FUNCIONAMIENTO Y CONTROL DE LA EMPRESA TERMINALES RIO DE LA PLATA SA CONCESIONARIA DE LAS TERMINALES PORTUARIAS 1 Y 2 DEL PUERTO NUEVO DE LA CIUDAD DE BUENOS AIRES.","('0058-S-2000', 1)":null,"('0058-S-2000', 2)":null,"('0058-S-2000', 3)":null},"Palabra Clave":{"('0058-S-2000', 0)":" ","('0058-S-2000', 1)":null,"('0058-S-2000', 2)":null,"('0058-S-2000', 3)":null}}