{"Tipo de Proyecto":{"('0060-S-2000', 0)":"PROYECTO DE RESOLUCI\u00d3N","('0060-S-2000', 1)":null,"('0060-S-2000', 2)":null,"('0060-S-2000', 3)":null},"Iniciado en: ":{"('0060-S-2000', 0)":"Senado","('0060-S-2000', 1)":null,"('0060-S-2000', 2)":null,"('0060-S-2000', 3)":null},"Expediente Diputados: ":{"('0060-S-2000', 0)":"0060-S-2000","('0060-S-2000', 1)":null,"('0060-S-2000', 2)":null,"('0060-S-2000', 3)":null},"Expediente Senado: ":{"('0060-S-2000', 0)":"0005-OV-1999","('0060-S-2000', 1)":null,"('0060-S-2000', 2)":null,"('0060-S-2000', 3)":null},"Publicado en: ":{"('0060-S-2000', 0)":"Diario de Asuntos Entrados N\u00b0 0","('0060-S-2000', 1)":null,"('0060-S-2000', 2)":null,"('0060-S-2000', 3)":null},"Fecha: ":{"('0060-S-2000', 0)":"26\/06\/2000","('0060-S-2000', 1)":null,"('0060-S-2000', 2)":null,"('0060-S-2000', 3)":null},"T\u00edtulo":{"('0060-S-2000', 0)":"PEDIDO DE INFORMES: SOBRE LAS MEDIDAS ADOPTADAS EN ORDEN A ASEGURAR EL PLENO EJERCICIO DE LAS COMPETENCIAS DE CONTROL ESTATUIDAS A FAVOR DEL ENTE NACIONAL REGULADOR DE LA ELECTRICIDAD EN DEFENSA DEL INTERES Y LA SEGURIDAD PUBLICA.","('0060-S-2000', 1)":null,"('0060-S-2000', 2)":null,"('0060-S-2000', 3)":null},"('Firmantes', 'FIRMANTE')":{"('0060-S-2000', 0)":"PARLAMENTARIA MIXTA REVISORA DE CUENTAS","('0060-S-2000', 1)":null,"('0060-S-2000', 2)":null,"('0060-S-2000', 3)":null},"('Firmantes', 'DISTRITO')":{"('0060-S-2000', 0)":null,"('0060-S-2000', 1)":null,"('0060-S-2000', 2)":null,"('0060-S-2000', 3)":null},"('Firmantes', 'BLOQUE')":{"('0060-S-2000', 0)":null,"('0060-S-2000', 1)":null,"('0060-S-2000', 2)":null,"('0060-S-2000', 3)":null},"('Giros', 'COMISI\u00d3N')":{"('0060-S-2000', 0)":"PARLAMENTARIA MIXTA REVISORA DE CUENTAS","('0060-S-2000', 1)":null,"('0060-S-2000', 2)":null,"('0060-S-2000', 3)":null},"('Tramites', 'C\u00c1MARA')":{"('0060-S-2000', 0)":"Senado","('0060-S-2000', 1)":"Diputados","('0060-S-2000', 2)":"Diputados","('0060-S-2000', 3)":"Diputados"},"('Tramites', 'MOVIMIENTO')":{"('0060-S-2000', 0)":"CONSIDERACION Y APROBACION","('0060-S-2000', 1)":"PASA A DIPUTADOS","('0060-S-2000', 2)":"CONSIDERACION Y APROBACION","('0060-S-2000', 3)":"CONTESTACION DEL PODER EJECUTIVO NACIONAL - JEFE DE GABINETE DE MINISTROS - (0193-OV-01); GIRADA A LA COMISION RESPECTIVA (BAE 23\/01)"},"('Tramites', 'FECHA')":{"('0060-S-2000', 0)":"05\/07\/2000","('0060-S-2000', 1)":null,"('0060-S-2000', 2)":"07\/09\/2000","('0060-S-2000', 3)":"15\/08\/2001"},"('Tramites', 'RESULTADO')":{"('0060-S-2000', 0)":"APROBADO","('0060-S-2000', 1)":null,"('0060-S-2000', 2)":"APROBADO","('0060-S-2000', 3)":null},"Sumario":{"('0060-S-2000', 0)":"SOLICITUD AL PODER EJECUTIVO NACIONAL.","('0060-S-2000', 1)":null,"('0060-S-2000', 2)":null,"('0060-S-2000', 3)":null},"Palabra Clave":{"('0060-S-2000', 0)":" ","('0060-S-2000', 1)":null,"('0060-S-2000', 2)":null,"('0060-S-2000', 3)":null}}