{"Tipo de Proyecto":{"('0061-S-2000', 0)":"PROYECTO DE RESOLUCI\u00d3N","('0061-S-2000', 1)":null,"('0061-S-2000', 2)":null},"Iniciado en: ":{"('0061-S-2000', 0)":"Senado","('0061-S-2000', 1)":null,"('0061-S-2000', 2)":null},"Expediente Diputados: ":{"('0061-S-2000', 0)":"0061-S-2000","('0061-S-2000', 1)":null,"('0061-S-2000', 2)":null},"Expediente Senado: ":{"('0061-S-2000', 0)":"0250-OV-1998","('0061-S-2000', 1)":null,"('0061-S-2000', 2)":null},"Fecha: ":{"('0061-S-2000', 0)":"26\/06\/2000","('0061-S-2000', 1)":null,"('0061-S-2000', 2)":null},"T\u00edtulo":{"('0061-S-2000', 0)":"RESOLUCIONES REMITIDAS POR LA AUDITORIA GENERAL DE LA NACION SOBRE LA DIRECCION GENERAL IMPOSITIVA.","('0061-S-2000', 1)":null,"('0061-S-2000', 2)":null},"('Firmantes', 'FIRMANTE')":{"('0061-S-2000', 0)":"PARLAMENTARIA MIXTA REVISORA DE CUENTAS","('0061-S-2000', 1)":null,"('0061-S-2000', 2)":null},"('Firmantes', 'DISTRITO')":{"('0061-S-2000', 0)":null,"('0061-S-2000', 1)":null,"('0061-S-2000', 2)":null},"('Firmantes', 'BLOQUE')":{"('0061-S-2000', 0)":null,"('0061-S-2000', 1)":null,"('0061-S-2000', 2)":null},"('Giros', 'COMISI\u00d3N')":{"('0061-S-2000', 0)":"PARLAMENTARIA MIXTA REVISORA DE CUENTAS","('0061-S-2000', 1)":null,"('0061-S-2000', 2)":null},"('Tramites', 'C\u00c1MARA')":{"('0061-S-2000', 0)":"Senado","('0061-S-2000', 1)":"Diputados","('0061-S-2000', 2)":"Diputados"},"('Tramites', 'MOVIMIENTO')":{"('0061-S-2000', 0)":"CONSIDERACION Y APROBACION","('0061-S-2000', 1)":"PASA A DIPUTADOS -","('0061-S-2000', 2)":"CONSIDERACION Y APROBACION"},"('Tramites', 'FECHA')":{"('0061-S-2000', 0)":"05\/07\/2000","('0061-S-2000', 1)":null,"('0061-S-2000', 2)":"07\/09\/2000"},"('Tramites', 'RESULTADO')":{"('0061-S-2000', 0)":"APROBADO","('0061-S-2000', 1)":null,"('0061-S-2000', 2)":"APROBADO"},"Sumario":{"('0061-S-2000', 0)":"DIRIGIRSE AL PODER EJECUTIVO NACIONAL MANIFESTANDO LA NECESIDAD DE QUE SE ADOPTEN LAS MEDIDAS TENDIENTES A LA DETERMINACION DE RESPONSABILIDADES Y CUANTIFICACION DE LOS PERJUICIOS ORIGINADOS POR LOS HECHOS OBSERVADOS POR LA AGN  RESPECTO A LA PERCEPCION, FISCALIZACION Y CONTROL DE LOS RECURSOS TRIBUTARIOS.","('0061-S-2000', 1)":null,"('0061-S-2000', 2)":null},"Palabra Clave":{"('0061-S-2000', 0)":" ","('0061-S-2000', 1)":null,"('0061-S-2000', 2)":null}}