{"Tipo de Proyecto":{"('0062-PE-2000', 0)":"MENSAJE NRO: 1100\/00","('0062-PE-2000', 1)":null,"('0062-PE-2000', 2)":null,"('0062-PE-2000', 3)":null,"('0062-PE-2000', 4)":null},"Iniciado en: ":{"('0062-PE-2000', 0)":"Diputados","('0062-PE-2000', 1)":null,"('0062-PE-2000', 2)":null,"('0062-PE-2000', 3)":null,"('0062-PE-2000', 4)":null},"Expediente Diputados: ":{"('0062-PE-2000', 0)":"0062-PE-2000","('0062-PE-2000', 1)":null,"('0062-PE-2000', 2)":null,"('0062-PE-2000', 3)":null,"('0062-PE-2000', 4)":null},"Publicado en: ":{"('0062-PE-2000', 0)":"Tr\u00e1mite Parlamentario N\u00b0 183","('0062-PE-2000', 1)":null,"('0062-PE-2000', 2)":null,"('0062-PE-2000', 3)":null,"('0062-PE-2000', 4)":null},"Fecha: ":{"('0062-PE-2000', 0)":"23\/11\/2000","('0062-PE-2000', 1)":null,"('0062-PE-2000', 2)":null,"('0062-PE-2000', 3)":null,"('0062-PE-2000', 4)":null},"T\u00edtulo":{"('0062-PE-2000', 0)":"DECRETO 1099\/00  POR EL CUAL SE MODIFICA EL INCISO B) DEL ARTICULO 14 DE LA LEY 24241, DE SISTEMA INTEGRADO DE JUBILACIONES Y PENSIONES, SOBRE DEDUCCIONES POR EL PAGO DE OBLIGACIONES DINERARIAS. ","('0062-PE-2000', 1)":null,"('0062-PE-2000', 2)":null,"('0062-PE-2000', 3)":null,"('0062-PE-2000', 4)":null},"('Firmantes', 'FIRMANTE')":{"('0062-PE-2000', 0)":"DE LA RUA, FERNANDO","('0062-PE-2000', 1)":"COLOMBO, CHRYSTIAN","('0062-PE-2000', 2)":"MACHINEA, JOSE LUIS","('0062-PE-2000', 3)":"BULLRICH, PATRICIA","('0062-PE-2000', 4)":"DE LA RUA, JORGE"},"('Firmantes', 'DISTRITO')":{"('0062-PE-2000', 0)":null,"('0062-PE-2000', 1)":null,"('0062-PE-2000', 2)":null,"('0062-PE-2000', 3)":null,"('0062-PE-2000', 4)":null},"('Firmantes', 'BLOQUE')":{"('0062-PE-2000', 0)":"PODER EJECUTIVO","('0062-PE-2000', 1)":"PODER EJECUTIVO","('0062-PE-2000', 2)":"PODER EJECUTIVO","('0062-PE-2000', 3)":"PODER EJECUTIVO","('0062-PE-2000', 4)":"PODER EJECUTIVO"},"('Giros', 'COMISI\u00d3N')":{"('0062-PE-2000', 0)":"BICAMERAL PERMANENTE DE TRAMITE LEGISLATIVO - LEY 26122","('0062-PE-2000', 1)":null,"('0062-PE-2000', 2)":null,"('0062-PE-2000', 3)":null,"('0062-PE-2000', 4)":null},"('Tramites', 'C\u00c1MARA')":{"('0062-PE-2000', 0)":"Diputados","('0062-PE-2000', 1)":"Diputados","('0062-PE-2000', 2)":null,"('0062-PE-2000', 3)":null,"('0062-PE-2000', 4)":null},"('Tramites', 'MOVIMIENTO')":{"('0062-PE-2000', 0)":"SOLICITUD DEL PRESIDENTE DE LA COMISION BICAMERAL PERMANENTE DE TRAMITE LEGISLATIVO (LEY 26122) DE REMISION DEL EXPEDIENTE PARA SU ANALISIS (A LA PRESIDENCIA)","('0062-PE-2000', 1)":"EXPEDIENTE ORIGINALMENTE GIRADO A LA COMISION DE PREVISION Y SEGURIDAD SOCIAL; SE LO REMITE A LA COMISION BICAMERAL PERMANENTE DE TRAMITE LEGISLATIVO (LEY 26122)","('0062-PE-2000', 2)":null,"('0062-PE-2000', 3)":null,"('0062-PE-2000', 4)":null},"('Tramites', 'FECHA')":{"('0062-PE-2000', 0)":"06\/06\/2007","('0062-PE-2000', 1)":null,"('0062-PE-2000', 2)":null,"('0062-PE-2000', 3)":null,"('0062-PE-2000', 4)":null},"('Tramites', 'RESULTADO')":{"('0062-PE-2000', 0)":null,"('0062-PE-2000', 1)":null,"('0062-PE-2000', 2)":null,"('0062-PE-2000', 3)":null,"('0062-PE-2000', 4)":null},"Sumario":{"('0062-PE-2000', 0)":"COMUNICACION DEL DICTADO DEL MISMO.","('0062-PE-2000', 1)":null,"('0062-PE-2000', 2)":null,"('0062-PE-2000', 3)":null,"('0062-PE-2000', 4)":null},"Palabra Clave":{"('0062-PE-2000', 0)":" ","('0062-PE-2000', 1)":null,"('0062-PE-2000', 2)":null,"('0062-PE-2000', 3)":null,"('0062-PE-2000', 4)":null}}