{"Tipo de Proyecto":{"('0063-S-2000', 0)":"MENSAJE NRO: 1381\/99 Y PROYECTO DE LEY","('0063-S-2000', 1)":null,"('0063-S-2000', 2)":null},"Iniciado en: ":{"('0063-S-2000', 0)":"Senado","('0063-S-2000', 1)":null,"('0063-S-2000', 2)":null},"Expediente Diputados: ":{"('0063-S-2000', 0)":"0063-S-2000","('0063-S-2000', 1)":null,"('0063-S-2000', 2)":null},"Expediente Senado: ":{"('0063-S-2000', 0)":"0720-PE-1999","('0063-S-2000', 1)":null,"('0063-S-2000', 2)":null},"Publicado en: ":{"('0063-S-2000', 0)":"Diario de Asuntos Entrados N\u00b0 131","('0063-S-2000', 1)":null,"('0063-S-2000', 2)":null},"Fecha: ":{"('0063-S-2000', 0)":"30\/11\/1999","('0063-S-2000', 1)":null,"('0063-S-2000', 2)":null},"T\u00edtulo":{"('0063-S-2000', 0)":"ACUERDO ENTRE EL GOBIERNO DE LA REPUBLICA ARGENTINA Y EL GOBIERNO DE LA REPUBLICA DE ZIMBABWE SOBRE COOPERACION ECONOMICA Y COMERCIAL.\n","('0063-S-2000', 1)":null,"('0063-S-2000', 2)":null},"('Firmantes', 'FIRMANTE')":{"('0063-S-2000', 0)":"MENEM, CARLOS SAUL","('0063-S-2000', 1)":"RODRIGUEZ, JORGE","('0063-S-2000', 2)":"DI TELLA, GUIDO"},"('Firmantes', 'DISTRITO')":{"('0063-S-2000', 0)":null,"('0063-S-2000', 1)":null,"('0063-S-2000', 2)":null},"('Firmantes', 'BLOQUE')":{"('0063-S-2000', 0)":"PODER EJECUTIVO","('0063-S-2000', 1)":"PODER EJECUTIVO","('0063-S-2000', 2)":"PODER EJECUTIVO"},"('Giros', 'COMISI\u00d3N')":{"('0063-S-2000', 0)":"RELACIONES EXTERIORES Y CULTO","('0063-S-2000', 1)":"ECONOMIA","('0063-S-2000', 2)":null},"('Tramites', 'C\u00c1MARA')":{"('0063-S-2000', 0)":"Senado","('0063-S-2000', 1)":"Diputados","('0063-S-2000', 2)":"Diputados"},"('Tramites', 'MOVIMIENTO')":{"('0063-S-2000', 0)":"CONSIDERACION Y APROBACION","('0063-S-2000', 1)":"PASA A DIPUTADOS - (TP 102)","('0063-S-2000', 2)":"CONSIDERACION Y SANCION"},"('Tramites', 'FECHA')":{"('0063-S-2000', 0)":"05\/07\/2000","('0063-S-2000', 1)":null,"('0063-S-2000', 2)":"01\/11\/2000"},"('Tramites', 'RESULTADO')":{"('0063-S-2000', 0)":"MEDIA SANCION","('0063-S-2000', 1)":null,"('0063-S-2000', 2)":"SANCIONADO"},"Sumario":{"('0063-S-2000', 0)":"APROBACION DEL MISMO SUSCRIPTO EN BUENOS AIRES EL 13 DE SEPTIEMBRE DE 1999.","('0063-S-2000', 1)":null,"('0063-S-2000', 2)":null},"Palabra Clave":{"('0063-S-2000', 0)":" ","('0063-S-2000', 1)":null,"('0063-S-2000', 2)":null}}