{"Tipo de Proyecto":{"('0066-PE-2000', 0)":"MENSAJE NRO: 1134\/00","('0066-PE-2000', 1)":null,"('0066-PE-2000', 2)":null},"Iniciado en: ":{"('0066-PE-2000', 0)":"Diputados","('0066-PE-2000', 1)":null,"('0066-PE-2000', 2)":null},"Expediente Diputados: ":{"('0066-PE-2000', 0)":"0066-PE-2000","('0066-PE-2000', 1)":null,"('0066-PE-2000', 2)":null},"Publicado en: ":{"('0066-PE-2000', 0)":"Tr\u00e1mite Parlamentario N\u00b0 187","('0066-PE-2000', 1)":null,"('0066-PE-2000', 2)":null},"Fecha: ":{"('0066-PE-2000', 0)":"30\/11\/2000","('0066-PE-2000', 1)":null,"('0066-PE-2000', 2)":null},"T\u00edtulo":{"('0066-PE-2000', 0)":"DECRETO 1133\/00 POR EL QUE SE CONVOCA AL HONORABLE CONGRESO DE LA NACION A SESIONES EXTRAORDINARIAS DESDE EL 1 AL 22 DE DICIEMBRE DE 2000. ","('0066-PE-2000', 1)":null,"('0066-PE-2000', 2)":null},"('Firmantes', 'FIRMANTE')":{"('0066-PE-2000', 0)":"DE LA RUA, FERNANDO","('0066-PE-2000', 1)":"COLOMBO, CHRYSTIAN","('0066-PE-2000', 2)":"STORANI, FEDERICO TEOBALDO MANUEL"},"('Firmantes', 'DISTRITO')":{"('0066-PE-2000', 0)":null,"('0066-PE-2000', 1)":null,"('0066-PE-2000', 2)":null},"('Firmantes', 'BLOQUE')":{"('0066-PE-2000', 0)":"PODER EJECUTIVO","('0066-PE-2000', 1)":"PODER EJECUTIVO","('0066-PE-2000', 2)":"PODER EJECUTIVO"},"('Giros', 'COMISI\u00d3N')":{"('0066-PE-2000', 0)":"A LA PRESIDENCIA","('0066-PE-2000', 1)":null,"('0066-PE-2000', 2)":null},"('Tramites', 'C\u00c1MARA')":{"('0066-PE-2000', 0)":"Diputados","('0066-PE-2000', 1)":null,"('0066-PE-2000', 2)":null},"('Tramites', 'MOVIMIENTO')":{"('0066-PE-2000', 0)":"REMISION DE COPIA AL H. SENADO (0424-PE-00) (DAE 148)","('0066-PE-2000', 1)":null,"('0066-PE-2000', 2)":null},"('Tramites', 'FECHA')":{"('0066-PE-2000', 0)":null,"('0066-PE-2000', 1)":null,"('0066-PE-2000', 2)":null},"('Tramites', 'RESULTADO')":{"('0066-PE-2000', 0)":null,"('0066-PE-2000', 1)":null,"('0066-PE-2000', 2)":null},"Sumario":{"('0066-PE-2000', 0)":"ACOMPA\u00d1A COPIA AUTENTICADA DEL MISMO.","('0066-PE-2000', 1)":null,"('0066-PE-2000', 2)":null},"Palabra Clave":{"('0066-PE-2000', 0)":" ","('0066-PE-2000', 1)":null,"('0066-PE-2000', 2)":null}}