{"Tipo de Proyecto":{"('0067-PE-2000', 0)":"MENSAJE NRO: 1138\/00","('0067-PE-2000', 1)":null,"('0067-PE-2000', 2)":null},"Iniciado en: ":{"('0067-PE-2000', 0)":"Diputados","('0067-PE-2000', 1)":null,"('0067-PE-2000', 2)":null},"Expediente Diputados: ":{"('0067-PE-2000', 0)":"0067-PE-2000","('0067-PE-2000', 1)":null,"('0067-PE-2000', 2)":null},"Publicado en: ":{"('0067-PE-2000', 0)":"Tr\u00e1mite Parlamentario N\u00b0 188","('0067-PE-2000', 1)":null,"('0067-PE-2000', 2)":null},"Fecha: ":{"('0067-PE-2000', 0)":"01\/12\/2000","('0067-PE-2000', 1)":null,"('0067-PE-2000', 2)":null},"T\u00edtulo":{"('0067-PE-2000', 0)":"DECRETO 1137\/00 POR EL QUE SE INCLUYEN NUEVOS TEMAS A SER TRATADOS POR EL HONORABLE CONGRESO DE LA NACION DURANTE EL ACTUAL PERIODO DE SESIONES EXTRAORDINARIAS. ","('0067-PE-2000', 1)":null,"('0067-PE-2000', 2)":null},"('Firmantes', 'FIRMANTE')":{"('0067-PE-2000', 0)":"DE LA RUA, FERNANDO","('0067-PE-2000', 1)":"COLOMBO, CHRYSTIAN","('0067-PE-2000', 2)":"STORANI, FEDERICO TEOBALDO MANUEL"},"('Firmantes', 'DISTRITO')":{"('0067-PE-2000', 0)":null,"('0067-PE-2000', 1)":null,"('0067-PE-2000', 2)":null},"('Firmantes', 'BLOQUE')":{"('0067-PE-2000', 0)":"PODER EJECUTIVO","('0067-PE-2000', 1)":"PODER EJECUTIVO","('0067-PE-2000', 2)":"PODER EJECUTIVO"},"('Giros', 'COMISI\u00d3N')":{"('0067-PE-2000', 0)":"A LA PRESIDENCIA","('0067-PE-2000', 1)":null,"('0067-PE-2000', 2)":null},"('Tramites', 'C\u00c1MARA')":{"('0067-PE-2000', 0)":"Diputados","('0067-PE-2000', 1)":null,"('0067-PE-2000', 2)":null},"('Tramites', 'MOVIMIENTO')":{"('0067-PE-2000', 0)":"REMISION DE COPIA AL H. SENADO (0428-PE-00) (DAE 150)","('0067-PE-2000', 1)":null,"('0067-PE-2000', 2)":null},"('Tramites', 'FECHA')":{"('0067-PE-2000', 0)":null,"('0067-PE-2000', 1)":null,"('0067-PE-2000', 2)":null},"('Tramites', 'RESULTADO')":{"('0067-PE-2000', 0)":null,"('0067-PE-2000', 1)":null,"('0067-PE-2000', 2)":null},"Sumario":{"('0067-PE-2000', 0)":"ACOMPA\u00d1A COPIA AUTENTICADA.","('0067-PE-2000', 1)":null,"('0067-PE-2000', 2)":null},"Palabra Clave":{"('0067-PE-2000', 0)":" ","('0067-PE-2000', 1)":null,"('0067-PE-2000', 2)":null}}