{"Tipo de Proyecto":{"('0073-D-2000', 0)":"PROYECTO DE LEY","('0073-D-2000', 1)":null},"Iniciado en: ":{"('0073-D-2000', 0)":"Diputados","('0073-D-2000', 1)":null},"Expediente Diputados: ":{"('0073-D-2000', 0)":"0073-D-2000","('0073-D-2000', 1)":null},"Publicado en: ":{"('0073-D-2000', 0)":"Tr\u00e1mite Parlamentario N\u00b0 1","('0073-D-2000', 1)":null},"Fecha: ":{"('0073-D-2000', 0)":"01\/03\/2000","('0073-D-2000', 1)":null},"T\u00edtulo":{"('0073-D-2000', 0)":"REGIMEN PENAL SOBRE EL TRAFICO DE INFLUENCIAS EN LA FUNCION PUBLICA Y EL USO DE INFORMACION PRIVILEGIADA (REPRODUCCION DEL EXPEDIENTE 0644-D-97).","('0073-D-2000', 1)":null},"('Firmantes', 'FIRMANTE')":{"('0073-D-2000', 0)":"BORDENAVE, MARCELA ANTONIA","('0073-D-2000', 1)":null},"('Firmantes', 'DISTRITO')":{"('0073-D-2000', 0)":"BUENOS AIRES","('0073-D-2000', 1)":null},"('Firmantes', 'BLOQUE')":{"('0073-D-2000', 0)":"FREPASO","('0073-D-2000', 1)":null},"('Giros', 'COMISI\u00d3N')":{"('0073-D-2000', 0)":"LEGISLACION PENAL","('0073-D-2000', 1)":"DERECHOS HUMANOS Y GARANTIAS"},"('Tramites', 'C\u00c1MARA')":{"('0073-D-2000', 0)":"Diputados","('0073-D-2000', 1)":null},"('Tramites', 'MOVIMIENTO')":{"('0073-D-2000', 0)":"REPRODUCIDO POR EXPEDIENTE 0887-D-02 (TP 18)","('0073-D-2000', 1)":null},"('Tramites', 'FECHA')":{"('0073-D-2000', 0)":null,"('0073-D-2000', 1)":null},"('Tramites', 'RESULTADO')":{"('0073-D-2000', 0)":null,"('0073-D-2000', 1)":null},"Sumario":{"('0073-D-2000', 0)":"PRISION, INHABILITACION Y MULTAS; TIPIFICACION DE TRAFICO DE INFLUENCIAS; MODIFICACION DEL ARTICULO 256 DEL CODIGO PENAL Y DEROGACION DEL ARTICULO 268 (1); NULIDAD DE CONTRATOS ADMINISTRATIVOS; RESARCIMIENTO EN CASO DE DA\u00d1O PATRIMONIAL AL ESTADO NACIONAL.","('0073-D-2000', 1)":null},"Palabra Clave":{"('0073-D-2000', 0)":" ","('0073-D-2000', 1)":null}}