{"Tipo de Proyecto":{"('0075-D-2000', 0)":"PROYECTO DE RESOLUCI\u00d3N","('0075-D-2000', 1)":null},"Iniciado en: ":{"('0075-D-2000', 0)":"Diputados","('0075-D-2000', 1)":null},"Expediente Diputados: ":{"('0075-D-2000', 0)":"0075-D-2000","('0075-D-2000', 1)":null},"Publicado en: ":{"('0075-D-2000', 0)":"Tr\u00e1mite Parlamentario N\u00b0 1","('0075-D-2000', 1)":null},"Fecha: ":{"('0075-D-2000', 0)":"01\/03\/2000","('0075-D-2000', 1)":null},"T\u00edtulo":{"('0075-D-2000', 0)":"REALIZACION DE UN RELEVAMIENTO DE PERSONAS CON DISCAPACIDAD QUE DESEMPE\u00d1AN TAREAS LABORALES EN LA PLANTA PERMANENTE DE LA HONORABLE CAMARA DE DIPUTADOS DE LA NACION.","('0075-D-2000', 1)":null},"('Firmantes', 'FIRMANTE')":{"('0075-D-2000', 0)":"FONTANETTO, BEATRIZ ZULEMA","('0075-D-2000', 1)":null},"('Firmantes', 'DISTRITO')":{"('0075-D-2000', 0)":"SANTA FE","('0075-D-2000', 1)":null},"('Firmantes', 'BLOQUE')":{"('0075-D-2000', 0)":"UCR","('0075-D-2000', 1)":null},"('Giros', 'COMISI\u00d3N')":{"('0075-D-2000', 0)":"DISCAPACIDAD","('0075-D-2000', 1)":null},"('Tramites', 'C\u00c1MARA')":{"('0075-D-2000', 0)":"Diputados","('0075-D-2000', 1)":"Diputados"},"('Tramites', 'MOVIMIENTO')":{"('0075-D-2000', 0)":"CONSIDERACION Y APROBACION","('0075-D-2000', 1)":"CONTESTACION DEL PODER EJECUTIVO NACIONAL - JEFE DE GABINETE DE MINISTROS - (0308-OV-00); GIRADA A LA COMISION RESPECTIVA (BAE 31\/00)"},"('Tramites', 'FECHA')":{"('0075-D-2000', 0)":"06\/04\/2000","('0075-D-2000', 1)":"19\/10\/2000"},"('Tramites', 'RESULTADO')":{"('0075-D-2000', 0)":"APROBADO","('0075-D-2000', 1)":null},"Sumario":{"('0075-D-2000', 0)":"SOLICITUD A LA PRESIDENCIA DE LA HCD.","('0075-D-2000', 1)":null},"Palabra Clave":{"('0075-D-2000', 0)":" ","('0075-D-2000', 1)":null}}