{"Tipo de Proyecto":{"('0075-PE-2000', 0)":"MENSAJE NRO: 1201\/00","('0075-PE-2000', 1)":null,"('0075-PE-2000', 2)":null},"Iniciado en: ":{"('0075-PE-2000', 0)":"Diputados","('0075-PE-2000', 1)":null,"('0075-PE-2000', 2)":null},"Expediente Diputados: ":{"('0075-PE-2000', 0)":"0075-PE-2000","('0075-PE-2000', 1)":null,"('0075-PE-2000', 2)":null},"Publicado en: ":{"('0075-PE-2000', 0)":"Tr\u00e1mite Parlamentario N\u00b0 201","('0075-PE-2000', 1)":null,"('0075-PE-2000', 2)":null},"Fecha: ":{"('0075-PE-2000', 0)":"21\/12\/2000","('0075-PE-2000', 1)":null,"('0075-PE-2000', 2)":null},"T\u00edtulo":{"('0075-PE-2000', 0)":"COMUNICA EL DECRETO 1200 POR EL CUAL SE AMPLIA EL TEMARIO A TRATAR POR EL H CONGRESO DURANTE EL ACTUAL PERIODO DE SESIONES EXTRAORDINARIAS.","('0075-PE-2000', 1)":null,"('0075-PE-2000', 2)":null},"('Firmantes', 'FIRMANTE')":{"('0075-PE-2000', 0)":"DE LA RUA, FERNANDO","('0075-PE-2000', 1)":"COLOMBO, CHRYSTIAN","('0075-PE-2000', 2)":"STORANI, FEDERICO TEOBALDO MANUEL"},"('Firmantes', 'DISTRITO')":{"('0075-PE-2000', 0)":null,"('0075-PE-2000', 1)":null,"('0075-PE-2000', 2)":null},"('Firmantes', 'BLOQUE')":{"('0075-PE-2000', 0)":"PODER EJECUTIVO","('0075-PE-2000', 1)":"PODER EJECUTIVO","('0075-PE-2000', 2)":"PODER EJECUTIVO"},"('Giros', 'COMISI\u00d3N')":{"('0075-PE-2000', 0)":"A LA PRESIDENCIA","('0075-PE-2000', 1)":null,"('0075-PE-2000', 2)":null},"Sumario":{"('0075-PE-2000', 0)":"TEMARIO: 1) PROYECTO DE LEY DE FOMENTO DEL LIBRO Y LA LECTURA.","('0075-PE-2000', 1)":null,"('0075-PE-2000', 2)":null},"Palabra Clave":{"('0075-PE-2000', 0)":" ","('0075-PE-2000', 1)":null,"('0075-PE-2000', 2)":null}}