{"Tipo de Proyecto":{"('0076-S-2000', 0)":"PROYECTO DE DECLARACI\u00d3N"},"Iniciado en: ":{"('0076-S-2000', 0)":"Senado"},"Expediente Senado: ":{"('0076-S-2000', 0)":"0076-S-2000"},"Publicado en: ":{"('0076-S-2000', 0)":"Diario de Asuntos Entrados N\u00b0 6"},"Fecha: ":{"('0076-S-2000', 0)":"07\/03\/2000"},"T\u00edtulo":{"('0076-S-2000', 0)":"AMENAZAS CONTRA UN PERIODISTA DEL DIARIO LA NACION EN LA PROVINCIA DE SANTIAGO DEL ESTERO QUE INVESTIGABA EL CUATRERISMO."},"('Firmantes', 'FIRMANTE')":{"('0076-S-2000', 0)":"MENEGHINI, JAVIER REYNALDO"},"('Firmantes', 'DISTRITO')":{"('0076-S-2000', 0)":"SANTIAGO DEL ESTERO"},"('Firmantes', 'BLOQUE')":{"('0076-S-2000', 0)":"UCR"},"('Tramites', 'C\u00c1MARA')":{"('0076-S-2000', 0)":"Senado"},"('Tramites', 'MOVIMIENTO')":{"('0076-S-2000', 0)":"CONSIDERACION Y APROBACION"},"('Tramites', 'FECHA')":{"('0076-S-2000', 0)":"25\/10\/2000"},"('Tramites', 'RESULTADO')":{"('0076-S-2000', 0)":"APROBADO"},"Sumario":{"('0076-S-2000', 0)":"EXPRESION DE REPUDIO."},"Palabra Clave":{"('0076-S-2000', 0)":" "}}