{"Tipo de Proyecto":{"('0078-D-2000', 0)":"PROYECTO DE DECLARACI\u00d3N","('0078-D-2000', 1)":null,"('0078-D-2000', 2)":null,"('0078-D-2000', 3)":null,"('0078-D-2000', 4)":null,"('0078-D-2000', 5)":null,"('0078-D-2000', 6)":null,"('0078-D-2000', 7)":null},"Iniciado en: ":{"('0078-D-2000', 0)":"Diputados","('0078-D-2000', 1)":null,"('0078-D-2000', 2)":null,"('0078-D-2000', 3)":null,"('0078-D-2000', 4)":null,"('0078-D-2000', 5)":null,"('0078-D-2000', 6)":null,"('0078-D-2000', 7)":null},"Expediente Diputados: ":{"('0078-D-2000', 0)":"0078-D-2000","('0078-D-2000', 1)":null,"('0078-D-2000', 2)":null,"('0078-D-2000', 3)":null,"('0078-D-2000', 4)":null,"('0078-D-2000', 5)":null,"('0078-D-2000', 6)":null,"('0078-D-2000', 7)":null},"Publicado en: ":{"('0078-D-2000', 0)":"Tr\u00e1mite Parlamentario N\u00b0 1","('0078-D-2000', 1)":null,"('0078-D-2000', 2)":null,"('0078-D-2000', 3)":null,"('0078-D-2000', 4)":null,"('0078-D-2000', 5)":null,"('0078-D-2000', 6)":null,"('0078-D-2000', 7)":null},"Fecha: ":{"('0078-D-2000', 0)":"01\/03\/2000","('0078-D-2000', 1)":null,"('0078-D-2000', 2)":null,"('0078-D-2000', 3)":null,"('0078-D-2000', 4)":null,"('0078-D-2000', 5)":null,"('0078-D-2000', 6)":null,"('0078-D-2000', 7)":null},"T\u00edtulo":{"('0078-D-2000', 0)":"ATENTADO ARMADO SUFRIDO POR EL DIPUTADO CARLOS COUREL Y FAMILIA EN SU DOMICILIO PARTICULAR.","('0078-D-2000', 1)":null,"('0078-D-2000', 2)":null,"('0078-D-2000', 3)":null,"('0078-D-2000', 4)":null,"('0078-D-2000', 5)":null,"('0078-D-2000', 6)":null,"('0078-D-2000', 7)":null},"('Firmantes', 'FIRMANTE')":{"('0078-D-2000', 0)":"BALIAN, ALEJANDRO","('0078-D-2000', 1)":"FOGLIA, TERESA BEATRIZ","('0078-D-2000', 2)":"ROMERO, HECTOR RAMON","('0078-D-2000', 3)":"SAADE, BLANCA AZUCENA","('0078-D-2000', 4)":"NEME SCHEIJ, ALFREDO","('0078-D-2000', 5)":"QUIROZ, ELSA SIRIA","('0078-D-2000', 6)":"CAPELLO, MARIO OSVALDO","('0078-D-2000', 7)":"LINARES, MARIA DEL CARMEN"},"('Firmantes', 'DISTRITO')":{"('0078-D-2000', 0)":"CORDOBA","('0078-D-2000', 1)":"CORDOBA","('0078-D-2000', 2)":"CHACO","('0078-D-2000', 3)":"SALTA","('0078-D-2000', 4)":"TUCUMAN","('0078-D-2000', 5)":"BUENOS AIRES","('0078-D-2000', 6)":"SAN JUAN","('0078-D-2000', 7)":"CHUBUT"},"('Firmantes', 'BLOQUE')":{"('0078-D-2000', 0)":"UCR","('0078-D-2000', 1)":"UCR","('0078-D-2000', 2)":"UCR","('0078-D-2000', 3)":"UCR","('0078-D-2000', 4)":"UCR","('0078-D-2000', 5)":"FREPASO","('0078-D-2000', 6)":"UCR","('0078-D-2000', 7)":"UCR"},"('Giros', 'COMISI\u00d3N')":{"('0078-D-2000', 0)":"SEGURIDAD INTERIOR","('0078-D-2000', 1)":null,"('0078-D-2000', 2)":null,"('0078-D-2000', 3)":null,"('0078-D-2000', 4)":null,"('0078-D-2000', 5)":null,"('0078-D-2000', 6)":null,"('0078-D-2000', 7)":null},"('Tramites', 'C\u00c1MARA')":{"('0078-D-2000', 0)":"Diputados","('0078-D-2000', 1)":null,"('0078-D-2000', 2)":null,"('0078-D-2000', 3)":null,"('0078-D-2000', 4)":null,"('0078-D-2000', 5)":null,"('0078-D-2000', 6)":null,"('0078-D-2000', 7)":null},"('Tramites', 'MOVIMIENTO')":{"('0078-D-2000', 0)":"CONSIDERACION Y APROBACION CONJUNTAMENTE PARA LOS EXPEDIENTES 0078-D-2000 y 0151-D-2000","('0078-D-2000', 1)":null,"('0078-D-2000', 2)":null,"('0078-D-2000', 3)":null,"('0078-D-2000', 4)":null,"('0078-D-2000', 5)":null,"('0078-D-2000', 6)":null,"('0078-D-2000', 7)":null},"('Tramites', 'FECHA')":{"('0078-D-2000', 0)":"06\/04\/2000","('0078-D-2000', 1)":null,"('0078-D-2000', 2)":null,"('0078-D-2000', 3)":null,"('0078-D-2000', 4)":null,"('0078-D-2000', 5)":null,"('0078-D-2000', 6)":null,"('0078-D-2000', 7)":null},"('Tramites', 'RESULTADO')":{"('0078-D-2000', 0)":"APROBADO","('0078-D-2000', 1)":null,"('0078-D-2000', 2)":null,"('0078-D-2000', 3)":null,"('0078-D-2000', 4)":null,"('0078-D-2000', 5)":null,"('0078-D-2000', 6)":null,"('0078-D-2000', 7)":null},"Sumario":{"('0078-D-2000', 0)":"EXPRESION DE SOLIDARIDAD.","('0078-D-2000', 1)":null,"('0078-D-2000', 2)":null,"('0078-D-2000', 3)":null,"('0078-D-2000', 4)":null,"('0078-D-2000', 5)":null,"('0078-D-2000', 6)":null,"('0078-D-2000', 7)":null},"Palabra Clave":{"('0078-D-2000', 0)":" ","('0078-D-2000', 1)":null,"('0078-D-2000', 2)":null,"('0078-D-2000', 3)":null,"('0078-D-2000', 4)":null,"('0078-D-2000', 5)":null,"('0078-D-2000', 6)":null,"('0078-D-2000', 7)":null}}