{"Tipo de Proyecto":{"('0079-S-2000', 0)":"PROYECTO DE LEY","('0079-S-2000', 1)":null,"('0079-S-2000', 2)":null},"Iniciado en: ":{"('0079-S-2000', 0)":"Senado","('0079-S-2000', 1)":null,"('0079-S-2000', 2)":null},"Expediente Diputados: ":{"('0079-S-2000', 0)":"0079-S-2000","('0079-S-2000', 1)":null,"('0079-S-2000', 2)":null},"Expediente Senado: ":{"('0079-S-2000', 0)":"0208-S-2000","('0079-S-2000', 1)":null,"('0079-S-2000', 2)":null},"Publicado en: ":{"('0079-S-2000', 0)":"Diario de Asuntos Entrados N\u00b0 11","('0079-S-2000', 1)":null,"('0079-S-2000', 2)":null},"Fecha: ":{"('0079-S-2000', 0)":"15\/03\/2000","('0079-S-2000', 1)":null,"('0079-S-2000', 2)":null},"T\u00edtulo":{"('0079-S-2000', 0)":"SUBSIDIO DE $ 55000 A LOS CAUSAHABIENTES DEL BOMBERO VOLUNTARIO DIEGO SANCHEZ, CAIDO EN SERVICIO EN LA CIUDAD DE USHUAIA, PROVINCIA DE TIERRA DEL FUEGO, EL 13\/03\/2000.","('0079-S-2000', 1)":null,"('0079-S-2000', 2)":null},"('Firmantes', 'FIRMANTE')":{"('0079-S-2000', 0)":"PALACIOS, GERARDO LUIS","('0079-S-2000', 1)":null,"('0079-S-2000', 2)":null},"('Firmantes', 'DISTRITO')":{"('0079-S-2000', 0)":"TIERRA DEL FUEGO","('0079-S-2000', 1)":null,"('0079-S-2000', 2)":null},"('Firmantes', 'BLOQUE')":{"('0079-S-2000', 0)":"JUSTICIALISTA","('0079-S-2000', 1)":null,"('0079-S-2000', 2)":null},"('Giros', 'COMISI\u00d3N')":{"('0079-S-2000', 0)":"LEGISLACION DEL TRABAJO","('0079-S-2000', 1)":"PRESUPUESTO Y HACIENDA","('0079-S-2000', 2)":null},"('Tramites', 'C\u00c1MARA')":{"('0079-S-2000', 0)":"Senado","('0079-S-2000', 1)":"Diputados","('0079-S-2000', 2)":"Diputados"},"('Tramites', 'MOVIMIENTO')":{"('0079-S-2000', 0)":"CONSIDERACION Y APROBACION","('0079-S-2000', 1)":"PASA A DIPUTADOS - (TP 102)","('0079-S-2000', 2)":"CONSIDERACION Y SANCION"},"('Tramites', 'FECHA')":{"('0079-S-2000', 0)":"05\/07\/2000","('0079-S-2000', 1)":null,"('0079-S-2000', 2)":"07\/03\/2001"},"('Tramites', 'RESULTADO')":{"('0079-S-2000', 0)":"MEDIA SANCION","('0079-S-2000', 1)":null,"('0079-S-2000', 2)":"SANCIONADO"},"Sumario":{"('0079-S-2000', 0)":"ORDEN DE PRELACION.","('0079-S-2000', 1)":null,"('0079-S-2000', 2)":null},"Palabra Clave":{"('0079-S-2000', 0)":" ","('0079-S-2000', 1)":null,"('0079-S-2000', 2)":null}}