{"Tipo de Proyecto":{"('0080-D-2000', 0)":"PROYECTO DE DECLARACI\u00d3N","('0080-D-2000', 1)":null,"('0080-D-2000', 2)":null,"('0080-D-2000', 3)":null,"('0080-D-2000', 4)":null,"('0080-D-2000', 5)":null,"('0080-D-2000', 6)":null,"('0080-D-2000', 7)":null,"('0080-D-2000', 8)":null,"('0080-D-2000', 9)":null},"Iniciado en: ":{"('0080-D-2000', 0)":"Diputados","('0080-D-2000', 1)":null,"('0080-D-2000', 2)":null,"('0080-D-2000', 3)":null,"('0080-D-2000', 4)":null,"('0080-D-2000', 5)":null,"('0080-D-2000', 6)":null,"('0080-D-2000', 7)":null,"('0080-D-2000', 8)":null,"('0080-D-2000', 9)":null},"Expediente Diputados: ":{"('0080-D-2000', 0)":"0080-D-2000","('0080-D-2000', 1)":null,"('0080-D-2000', 2)":null,"('0080-D-2000', 3)":null,"('0080-D-2000', 4)":null,"('0080-D-2000', 5)":null,"('0080-D-2000', 6)":null,"('0080-D-2000', 7)":null,"('0080-D-2000', 8)":null,"('0080-D-2000', 9)":null},"Publicado en: ":{"('0080-D-2000', 0)":"Tr\u00e1mite Parlamentario N\u00b0 1","('0080-D-2000', 1)":null,"('0080-D-2000', 2)":null,"('0080-D-2000', 3)":null,"('0080-D-2000', 4)":null,"('0080-D-2000', 5)":null,"('0080-D-2000', 6)":null,"('0080-D-2000', 7)":null,"('0080-D-2000', 8)":null,"('0080-D-2000', 9)":null},"Fecha: ":{"('0080-D-2000', 0)":"01\/03\/2000","('0080-D-2000', 1)":null,"('0080-D-2000', 2)":null,"('0080-D-2000', 3)":null,"('0080-D-2000', 4)":null,"('0080-D-2000', 5)":null,"('0080-D-2000', 6)":null,"('0080-D-2000', 7)":null,"('0080-D-2000', 8)":null,"('0080-D-2000', 9)":null},"T\u00edtulo":{"('0080-D-2000', 0)":"REAFIRMAR EL COMPROMISO DE IMPONER LIMITACIONES A LAS ACCIONES PUBLICAS Y\/O PRIVADAS QUE PUEDEN VULNERAR O HABER VULNERADO LA SEGURIDAD JURIDICA EN EL PAIS.","('0080-D-2000', 1)":null,"('0080-D-2000', 2)":null,"('0080-D-2000', 3)":null,"('0080-D-2000', 4)":null,"('0080-D-2000', 5)":null,"('0080-D-2000', 6)":null,"('0080-D-2000', 7)":null,"('0080-D-2000', 8)":null,"('0080-D-2000', 9)":null},"('Firmantes', 'FIRMANTE')":{"('0080-D-2000', 0)":"BALIAN, ALEJANDRO","('0080-D-2000', 1)":"ROMERO, HECTOR RAMON","('0080-D-2000', 2)":"VENICA, PEDRO A","('0080-D-2000', 3)":"CORFIELD, GUILLERMO EDUARDO","('0080-D-2000', 4)":"COLOMBI, HORACIO RICARDO","('0080-D-2000', 5)":"FOGLIA, TERESA BEATRIZ","('0080-D-2000', 6)":"BONINO, MIGUEL ANGEL","('0080-D-2000', 7)":"VAZQUEZ, RICARDO HECTOR","('0080-D-2000', 8)":"LINARES, MARIA DEL CARMEN","('0080-D-2000', 9)":"QUIROZ, ELSA SIRIA"},"('Firmantes', 'DISTRITO')":{"('0080-D-2000', 0)":"CORDOBA","('0080-D-2000', 1)":"CHACO","('0080-D-2000', 2)":"FORMOSA","('0080-D-2000', 3)":"ENTRE RIOS","('0080-D-2000', 4)":"CORRIENTES","('0080-D-2000', 5)":"CORDOBA","('0080-D-2000', 6)":"SAN LUIS","('0080-D-2000', 7)":"BUENOS AIRES","('0080-D-2000', 8)":"CHUBUT","('0080-D-2000', 9)":"BUENOS AIRES"},"('Firmantes', 'BLOQUE')":{"('0080-D-2000', 0)":"UCR","('0080-D-2000', 1)":"UCR","('0080-D-2000', 2)":"UCR","('0080-D-2000', 3)":"UCR","('0080-D-2000', 4)":"UCR","('0080-D-2000', 5)":"UCR","('0080-D-2000', 6)":"UCR","('0080-D-2000', 7)":"UCR","('0080-D-2000', 8)":"UCR","('0080-D-2000', 9)":"FREPASO"},"('Giros', 'COMISI\u00d3N')":{"('0080-D-2000', 0)":"LEGISLACION GENERAL","('0080-D-2000', 1)":"JUSTICIA","('0080-D-2000', 2)":"FINANZAS","('0080-D-2000', 3)":null,"('0080-D-2000', 4)":null,"('0080-D-2000', 5)":null,"('0080-D-2000', 6)":null,"('0080-D-2000', 7)":null,"('0080-D-2000', 8)":null,"('0080-D-2000', 9)":null},"Palabra Clave":{"('0080-D-2000', 0)":" ","('0080-D-2000', 1)":null,"('0080-D-2000', 2)":null,"('0080-D-2000', 3)":null,"('0080-D-2000', 4)":null,"('0080-D-2000', 5)":null,"('0080-D-2000', 6)":null,"('0080-D-2000', 7)":null,"('0080-D-2000', 8)":null,"('0080-D-2000', 9)":null}}