{"Tipo de Proyecto":{"('0080-S-2000', 0)":"PROYECTO DE LEY","('0080-S-2000', 1)":null,"('0080-S-2000', 2)":null},"Iniciado en: ":{"('0080-S-2000', 0)":"Senado","('0080-S-2000', 1)":null,"('0080-S-2000', 2)":null},"Expediente Diputados: ":{"('0080-S-2000', 0)":"0080-S-2000","('0080-S-2000', 1)":null,"('0080-S-2000', 2)":null},"Expediente Senado: ":{"('0080-S-2000', 0)":"1977-S-1999","('0080-S-2000', 1)":null,"('0080-S-2000', 2)":null},"Publicado en: ":{"('0080-S-2000', 0)":"Diario de Asuntos Entrados N\u00b0 121","('0080-S-2000', 1)":null,"('0080-S-2000', 2)":null},"Fecha: ":{"('0080-S-2000', 0)":"10\/11\/1999","('0080-S-2000', 1)":null,"('0080-S-2000', 2)":null},"T\u00edtulo":{"('0080-S-2000', 0)":"DECRETO DE NECESIDAD Y URGENCIA 1285\/99 (INSCRIPCION DE BUQUES PESQUEROS PARA LA PESCA DEL CALAMAR).","('0080-S-2000', 1)":null,"('0080-S-2000', 2)":null},"('Firmantes', 'FIRMANTE')":{"('0080-S-2000', 0)":"ARNOLD, EDUARDO ARIEL","('0080-S-2000', 1)":"VARIZAT, DANIEL","('0080-S-2000', 2)":null},"('Firmantes', 'DISTRITO')":{"('0080-S-2000', 0)":"SANTA CRUZ","('0080-S-2000', 1)":"SANTA CRUZ","('0080-S-2000', 2)":null},"('Firmantes', 'BLOQUE')":{"('0080-S-2000', 0)":"JUSTICIALISTA","('0080-S-2000', 1)":"PCIA STA CRUZ-PJ","('0080-S-2000', 2)":null},"('Giros', 'COMISI\u00d3N')":{"('0080-S-2000', 0)":"INTERESES MARITIMOS, FLUVIALES, PESQUEROS Y PORTUARIOS","('0080-S-2000', 1)":"RELACIONES EXTERIORES Y CULTO","('0080-S-2000', 2)":"ECONOMIAS Y DESARROLLO REGIONAL"},"('Tramites', 'C\u00c1MARA')":{"('0080-S-2000', 0)":"Senado","('0080-S-2000', 1)":"Diputados","('0080-S-2000', 2)":"Diputados"},"('Tramites', 'MOVIMIENTO')":{"('0080-S-2000', 0)":"CONSIDERACION Y APROBACION","('0080-S-2000', 1)":"PASA A DIPUTADOS - (TP 102)","('0080-S-2000', 2)":"CONSIDERACION Y SANCION"},"('Tramites', 'FECHA')":{"('0080-S-2000', 0)":"05\/07\/2000","('0080-S-2000', 1)":null,"('0080-S-2000', 2)":"27\/11\/2001"},"('Tramites', 'RESULTADO')":{"('0080-S-2000', 0)":"MEDIA SANCION","('0080-S-2000', 1)":null,"('0080-S-2000', 2)":"SANCIONADO"},"Sumario":{"('0080-S-2000', 0)":"DEROGACION.","('0080-S-2000', 1)":null,"('0080-S-2000', 2)":null},"Palabra Clave":{"('0080-S-2000', 0)":" ","('0080-S-2000', 1)":null,"('0080-S-2000', 2)":null}}