{"Tipo de Proyecto":{"('0083-PE-2000', 0)":"MENSAJE NRO: 1298\/00","('0083-PE-2000', 1)":null,"('0083-PE-2000', 2)":null},"Iniciado en: ":{"('0083-PE-2000', 0)":"Diputados","('0083-PE-2000', 1)":null,"('0083-PE-2000', 2)":null},"Expediente Diputados: ":{"('0083-PE-2000', 0)":"0083-PE-2000","('0083-PE-2000', 1)":null,"('0083-PE-2000', 2)":null},"Publicado en: ":{"('0083-PE-2000', 0)":"Tr\u00e1mite Parlamentario N\u00b0 202","('0083-PE-2000', 1)":null,"('0083-PE-2000', 2)":null},"Fecha: ":{"('0083-PE-2000', 0)":"29\/12\/2000","('0083-PE-2000', 1)":null,"('0083-PE-2000', 2)":null},"T\u00edtulo":{"('0083-PE-2000', 0)":"DECRETO 1297 DEL 29 DE DICIEMBRE DE 2000 MEDIANTE EL CUAL EXTIENDE DESDE SU FINALIZACION LOS REGIMENES DE LOS DECRETOS 857\/97 Y 2332\/83 DE PROMOCIONES REGIONALES.","('0083-PE-2000', 1)":null,"('0083-PE-2000', 2)":null},"('Firmantes', 'FIRMANTE')":{"('0083-PE-2000', 0)":"DE LA RUA, FERNANDO","('0083-PE-2000', 1)":"COLOMBO, CHRYSTIAN","('0083-PE-2000', 2)":"MACHINEA, JOSE LUIS"},"('Firmantes', 'DISTRITO')":{"('0083-PE-2000', 0)":null,"('0083-PE-2000', 1)":null,"('0083-PE-2000', 2)":null},"('Firmantes', 'BLOQUE')":{"('0083-PE-2000', 0)":"PODER EJECUTIVO","('0083-PE-2000', 1)":"PODER EJECUTIVO","('0083-PE-2000', 2)":"PODER EJECUTIVO"},"('Giros', 'COMISI\u00d3N')":{"('0083-PE-2000', 0)":"BICAMERAL PERMANENTE DE TRAMITE LEGISLATIVO - LEY 26122","('0083-PE-2000', 1)":null,"('0083-PE-2000', 2)":null},"('Tramites', 'C\u00c1MARA')":{"('0083-PE-2000', 0)":"Diputados","('0083-PE-2000', 1)":"Diputados","('0083-PE-2000', 2)":null},"('Tramites', 'MOVIMIENTO')":{"('0083-PE-2000', 0)":"SOLICITUD DEL PRESIDENTE DE LA COMISION BICAMERAL PERMANENTE DE TRAMITE LEGISLATIVO (LEY 26122) DE REMISION DEL EXPEDIENTE PARA SU ANALISIS (A LA PRESIDENCIA)","('0083-PE-2000', 1)":"EXPEDIENTE ORIGINALMENTE GIRADO A LA COMISION DE ECONOMIAS Y DESARROLLO REGIONAL; SE LO REMITE A LA COMISION BICAMERAL DE TRAMITE LEGISLATIVO (LEY 26122)","('0083-PE-2000', 2)":null},"('Tramites', 'FECHA')":{"('0083-PE-2000', 0)":"14\/03\/2007","('0083-PE-2000', 1)":null,"('0083-PE-2000', 2)":null},"('Tramites', 'RESULTADO')":{"('0083-PE-2000', 0)":null,"('0083-PE-2000', 1)":null,"('0083-PE-2000', 2)":null},"Sumario":{"('0083-PE-2000', 0)":"COMUNICACION DEL DICTADO DEL MISMO.","('0083-PE-2000', 1)":null,"('0083-PE-2000', 2)":null},"Palabra Clave":{"('0083-PE-2000', 0)":" ","('0083-PE-2000', 1)":null,"('0083-PE-2000', 2)":null}}