{"Tipo de Proyecto":{"('0083-S-2000', 0)":"PROYECTO DE LEY"},"Iniciado en: ":{"('0083-S-2000', 0)":"Senado"},"Expediente Senado: ":{"('0083-S-2000', 0)":"0083-S-2000"},"Publicado en: ":{"('0083-S-2000', 0)":"Diario de Asuntos Entrados N\u00b0 6"},"Fecha: ":{"('0083-S-2000', 0)":"07\/03\/2000"},"T\u00edtulo":{"('0083-S-2000', 0)":"MODIFICACION DE LOS PLANES DE ESTUDIO DE LAS FUERZAS ARMADAS (REPRODUCCION DEL EXPEDIENTE 1302-S-98). "},"('Firmantes', 'FIRMANTE')":{"('0083-S-2000', 0)":"GARCIA ARECHA, JOSE MARIA"},"('Firmantes', 'DISTRITO')":{"('0083-S-2000', 0)":"CIUDAD de BUENOS AIRES"},"('Firmantes', 'BLOQUE')":{"('0083-S-2000', 0)":"UCR"},"Sumario":{"('0083-S-2000', 0)":"INCLUSION DE MATERIAS SOBRE DERECHO INTERNACIONAL."},"Palabra Clave":{"('0083-S-2000', 0)":" "}}