{"Tipo de Proyecto":{"('0084-S-2000', 0)":"PROYECTO DE LEY","('0084-S-2000', 1)":null,"('0084-S-2000', 2)":null,"('0084-S-2000', 3)":null},"Iniciado en: ":{"('0084-S-2000', 0)":"Senado","('0084-S-2000', 1)":null,"('0084-S-2000', 2)":null,"('0084-S-2000', 3)":null},"Expediente Diputados: ":{"('0084-S-2000', 0)":"0084-S-2000","('0084-S-2000', 1)":null,"('0084-S-2000', 2)":null,"('0084-S-2000', 3)":null},"Expediente Senado: ":{"('0084-S-2000', 0)":"1387-S-2000","('0084-S-2000', 1)":null,"('0084-S-2000', 2)":null,"('0084-S-2000', 3)":null},"Publicado en: ":{"('0084-S-2000', 0)":"Diario de Asuntos Entrados N\u00b0 74","('0084-S-2000', 1)":null,"('0084-S-2000', 2)":null,"('0084-S-2000', 3)":null},"Fecha: ":{"('0084-S-2000', 0)":"11\/07\/2000","('0084-S-2000', 1)":null,"('0084-S-2000', 2)":null,"('0084-S-2000', 3)":null},"T\u00edtulo":{"('0084-S-2000', 0)":"DECRETO 534\/2000 POR EL CUAL SE MODIFICA LA DISTRIBUCION ADMINISTRATIVA DEL PRESUPUESTO NACIONAL PARA EL EJERCICIO 2000, IMPUTANDOSE PARA LA CONCESION DE LA OBRA \"CORREDOR VIAL POR EL PASO DE JAMA\" LA SUMA DE $ 15000000 EN LAS JURISDICCIONES 50 - MINISTERIO DE ECONOMIA Y 55 - MINISTERIO DE INFRAESTRUCTURA Y VIVIENDA.","('0084-S-2000', 1)":null,"('0084-S-2000', 2)":null,"('0084-S-2000', 3)":null},"('Firmantes', 'FIRMANTE')":{"('0084-S-2000', 0)":"TELL, ALBERTO MAXIMO","('0084-S-2000', 1)":null,"('0084-S-2000', 2)":null,"('0084-S-2000', 3)":null},"('Firmantes', 'DISTRITO')":{"('0084-S-2000', 0)":"JUJUY","('0084-S-2000', 1)":null,"('0084-S-2000', 2)":null,"('0084-S-2000', 3)":null},"('Firmantes', 'BLOQUE')":{"('0084-S-2000', 0)":"JUSTICIALISTA","('0084-S-2000', 1)":null,"('0084-S-2000', 2)":null,"('0084-S-2000', 3)":null},"('Giros', 'COMISI\u00d3N')":{"('0084-S-2000', 0)":"TRANSPORTES","('0084-S-2000', 1)":"OBRAS PUBLICAS","('0084-S-2000', 2)":"PRESUPUESTO Y HACIENDA","('0084-S-2000', 3)":null},"('Tramites', 'C\u00c1MARA')":{"('0084-S-2000', 0)":"Senado","('0084-S-2000', 1)":"Senado","('0084-S-2000', 2)":"Senado","('0084-S-2000', 3)":"Diputados"},"('Tramites', 'MOVIMIENTO')":{"('0084-S-2000', 0)":"MOCION SOBRE TABLAS (AFIRMATIVA)","('0084-S-2000', 1)":"MOCION CAMARA EN COMISION (AFIRMATIVA)","('0084-S-2000', 2)":"CONSIDERACION Y APROBACION","('0084-S-2000', 3)":"PASA A DIPUTADOS - (TP 113 15\/08\/2000)"},"('Tramites', 'FECHA')":{"('0084-S-2000', 0)":"09\/08\/2000","('0084-S-2000', 1)":"09\/08\/2000","('0084-S-2000', 2)":"09\/08\/2000","('0084-S-2000', 3)":null},"('Tramites', 'RESULTADO')":{"('0084-S-2000', 0)":null,"('0084-S-2000', 1)":null,"('0084-S-2000', 2)":"MEDIA SANCION","('0084-S-2000', 3)":null},"Sumario":{"('0084-S-2000', 0)":"RATIFICACION.","('0084-S-2000', 1)":null,"('0084-S-2000', 2)":null,"('0084-S-2000', 3)":null},"Palabra Clave":{"('0084-S-2000', 0)":" ","('0084-S-2000', 1)":null,"('0084-S-2000', 2)":null,"('0084-S-2000', 3)":null}}