{"Tipo de Proyecto":{"('0085-D-2000', 0)":"PROYECTO DE DECLARACI\u00d3N","('0085-D-2000', 1)":null,"('0085-D-2000', 2)":null,"('0085-D-2000', 3)":null,"('0085-D-2000', 4)":null,"('0085-D-2000', 5)":null},"Iniciado en: ":{"('0085-D-2000', 0)":"Diputados","('0085-D-2000', 1)":null,"('0085-D-2000', 2)":null,"('0085-D-2000', 3)":null,"('0085-D-2000', 4)":null,"('0085-D-2000', 5)":null},"Expediente Diputados: ":{"('0085-D-2000', 0)":"0085-D-2000","('0085-D-2000', 1)":null,"('0085-D-2000', 2)":null,"('0085-D-2000', 3)":null,"('0085-D-2000', 4)":null,"('0085-D-2000', 5)":null},"Publicado en: ":{"('0085-D-2000', 0)":"Tr\u00e1mite Parlamentario N\u00b0 1","('0085-D-2000', 1)":null,"('0085-D-2000', 2)":null,"('0085-D-2000', 3)":null,"('0085-D-2000', 4)":null,"('0085-D-2000', 5)":null},"Fecha: ":{"('0085-D-2000', 0)":"01\/03\/2000","('0085-D-2000', 1)":null,"('0085-D-2000', 2)":null,"('0085-D-2000', 3)":null,"('0085-D-2000', 4)":null,"('0085-D-2000', 5)":null},"T\u00edtulo":{"('0085-D-2000', 0)":"\"EL MERIDIANO VERDE\", COLUMNA DE ARBOLES QUE  SERAN PLANTADOS EN LA PROVINCIA DE ENTRE RIOS EN EL INICIO DEL PERIODO LECTIVO DEL NUEVO MILENIO EL 6 DE MARZO DE 2000.","('0085-D-2000', 1)":null,"('0085-D-2000', 2)":null,"('0085-D-2000', 3)":null,"('0085-D-2000', 4)":null,"('0085-D-2000', 5)":null},"('Firmantes', 'FIRMANTE')":{"('0085-D-2000', 0)":"GARCIA DE CANO, MARIA ISABEL","('0085-D-2000', 1)":"CORFIELD, GUILLERMO EDUARDO","('0085-D-2000', 2)":"STUBRIN, MARCELO JUAN A.","('0085-D-2000', 3)":"SO\u00d1EZ, FEDERICO ROMAN","('0085-D-2000', 4)":"ETCHEVEHERE, ARTURO ROOSEVELT","('0085-D-2000', 5)":"BRANDONI, LUIS"},"('Firmantes', 'DISTRITO')":{"('0085-D-2000', 0)":"ENTRE RIOS","('0085-D-2000', 1)":"ENTRE RIOS","('0085-D-2000', 2)":"CIUDAD de BUENOS AIRES","('0085-D-2000', 3)":"ENTRE RIOS","('0085-D-2000', 4)":"ENTRE RIOS","('0085-D-2000', 5)":"BUENOS AIRES"},"('Firmantes', 'BLOQUE')":{"('0085-D-2000', 0)":"UCR","('0085-D-2000', 1)":"UCR","('0085-D-2000', 2)":"UCR","('0085-D-2000', 3)":"FREPASO","('0085-D-2000', 4)":"UCR","('0085-D-2000', 5)":"UCR"},"('Giros', 'COMISI\u00d3N')":{"('0085-D-2000', 0)":"EDUCACION","('0085-D-2000', 1)":"RECURSOS NATURALES Y CONSERVACION DEL AMBIENTE HUMANO","('0085-D-2000', 2)":null,"('0085-D-2000', 3)":null,"('0085-D-2000', 4)":null,"('0085-D-2000', 5)":null},"Sumario":{"('0085-D-2000', 0)":"DECLARACION DE INTERES PARLAMENTARIO.","('0085-D-2000', 1)":null,"('0085-D-2000', 2)":null,"('0085-D-2000', 3)":null,"('0085-D-2000', 4)":null,"('0085-D-2000', 5)":null},"Palabra Clave":{"('0085-D-2000', 0)":" ","('0085-D-2000', 1)":null,"('0085-D-2000', 2)":null,"('0085-D-2000', 3)":null,"('0085-D-2000', 4)":null,"('0085-D-2000', 5)":null}}