{"Tipo de Proyecto":{"('0085-PE-2000', 0)":"MENSAJE NRO: 1302\/00","('0085-PE-2000', 1)":null,"('0085-PE-2000', 2)":null},"Iniciado en: ":{"('0085-PE-2000', 0)":"Diputados","('0085-PE-2000', 1)":null,"('0085-PE-2000', 2)":null},"Expediente Diputados: ":{"('0085-PE-2000', 0)":"0085-PE-2000","('0085-PE-2000', 1)":null,"('0085-PE-2000', 2)":null},"Publicado en: ":{"('0085-PE-2000', 0)":"Tr\u00e1mite Parlamentario N\u00b0 202","('0085-PE-2000', 1)":null,"('0085-PE-2000', 2)":null},"Fecha: ":{"('0085-PE-2000', 0)":"29\/12\/2000","('0085-PE-2000', 1)":null,"('0085-PE-2000', 2)":null},"T\u00edtulo":{"('0085-PE-2000', 0)":"DECRETO 1301 DEL 29 DE DICIEMBRE DE 2000 MEDIANTE EL CUAL SE PRORROGA HASTA EL 22 DE NOVIEMBRE DE 2000 EL PLAZO PREVISTO EN EL ARTICULO 8 DE LA LEY 24587 (PARA LA CONVERSION DE LOS TITULOS VALORES PRIVADOS DE DEUDA EMITIDOS COLOCADOS EN EL MERCADO EXTERIOR.","('0085-PE-2000', 1)":null,"('0085-PE-2000', 2)":null},"('Firmantes', 'FIRMANTE')":{"('0085-PE-2000', 0)":"DE LA RUA, FERNANDO","('0085-PE-2000', 1)":"COLOMBO, CHRYSTIAN","('0085-PE-2000', 2)":"MACHINEA, JOSE LUIS"},"('Firmantes', 'DISTRITO')":{"('0085-PE-2000', 0)":null,"('0085-PE-2000', 1)":null,"('0085-PE-2000', 2)":null},"('Firmantes', 'BLOQUE')":{"('0085-PE-2000', 0)":"PODER EJECUTIVO","('0085-PE-2000', 1)":"PODER EJECUTIVO","('0085-PE-2000', 2)":"PODER EJECUTIVO"},"('Giros', 'COMISI\u00d3N')":{"('0085-PE-2000', 0)":"ECONOMIA","('0085-PE-2000', 1)":"PRESUPUESTO Y HACIENDA","('0085-PE-2000', 2)":null},"Sumario":{"('0085-PE-2000', 0)":"COMUNICACION DEL DICTADO DEL MISMO.","('0085-PE-2000', 1)":null,"('0085-PE-2000', 2)":null},"Palabra Clave":{"('0085-PE-2000', 0)":" ","('0085-PE-2000', 1)":null,"('0085-PE-2000', 2)":null}}