{"Tipo de Proyecto":{"('0086-S-2000', 0)":"PROYECTO DE LEY"},"Iniciado en: ":{"('0086-S-2000', 0)":"Senado"},"Expediente Senado: ":{"('0086-S-2000', 0)":"0086-S-2000"},"Publicado en: ":{"('0086-S-2000', 0)":"Diario de Asuntos Entrados N\u00b0 6"},"Fecha: ":{"('0086-S-2000', 0)":"07\/03\/2000"},"T\u00edtulo":{"('0086-S-2000', 0)":"LEY DE RETORNO DE ENVASES (REPRODUCCION DEL EXPEDIENTE 0933-S-98)."},"('Firmantes', 'FIRMANTE')":{"('0086-S-2000', 0)":"GARCIA ARECHA, JOSE MARIA"},"('Firmantes', 'DISTRITO')":{"('0086-S-2000', 0)":"CIUDAD de BUENOS AIRES"},"('Firmantes', 'BLOQUE')":{"('0086-S-2000', 0)":"UCR"},"Sumario":{"('0086-S-2000', 0)":"FABRICACION E IMPORTACION, SUJETOS OBLIGADOS, ETIQUETAS, RECICLADO."},"Palabra Clave":{"('0086-S-2000', 0)":" "}}