{"Tipo de Proyecto":{"('0086-D-2000', 0)":"PROYECTO DE DECLARACI\u00d3N","('0086-D-2000', 1)":null,"('0086-D-2000', 2)":null,"('0086-D-2000', 3)":null,"('0086-D-2000', 4)":null},"Iniciado en: ":{"('0086-D-2000', 0)":"Diputados","('0086-D-2000', 1)":null,"('0086-D-2000', 2)":null,"('0086-D-2000', 3)":null,"('0086-D-2000', 4)":null},"Expediente Diputados: ":{"('0086-D-2000', 0)":"0086-D-2000","('0086-D-2000', 1)":null,"('0086-D-2000', 2)":null,"('0086-D-2000', 3)":null,"('0086-D-2000', 4)":null},"Publicado en: ":{"('0086-D-2000', 0)":"Tr\u00e1mite Parlamentario N\u00b0 1","('0086-D-2000', 1)":null,"('0086-D-2000', 2)":null,"('0086-D-2000', 3)":null,"('0086-D-2000', 4)":null},"Fecha: ":{"('0086-D-2000', 0)":"01\/03\/2000","('0086-D-2000', 1)":null,"('0086-D-2000', 2)":null,"('0086-D-2000', 3)":null,"('0086-D-2000', 4)":null},"T\u00edtulo":{"('0086-D-2000', 0)":"XXVI ENCUENTRO ENTRERRIANO DE FOLCLORE A LLEVARSE A CABO EN VILLAGUAY, PROVINCIA DE ENTRE RIOS, EL 4 Y 5 DE MARZO DE 2000.","('0086-D-2000', 1)":null,"('0086-D-2000', 2)":null,"('0086-D-2000', 3)":null,"('0086-D-2000', 4)":null},"('Firmantes', 'FIRMANTE')":{"('0086-D-2000', 0)":"GARCIA DE CANO, MARIA ISABEL","('0086-D-2000', 1)":"HERZOVICH, MARIA ELENA","('0086-D-2000', 2)":"BRANDONI, LUIS","('0086-D-2000', 3)":"CORFIELD, GUILLERMO EDUARDO","('0086-D-2000', 4)":"ETCHEVEHERE, ARTURO ROOSEVELT"},"('Firmantes', 'DISTRITO')":{"('0086-D-2000', 0)":"ENTRE RIOS","('0086-D-2000', 1)":"ENTRE RIOS","('0086-D-2000', 2)":"BUENOS AIRES","('0086-D-2000', 3)":"ENTRE RIOS","('0086-D-2000', 4)":"ENTRE RIOS"},"('Firmantes', 'BLOQUE')":{"('0086-D-2000', 0)":"UCR","('0086-D-2000', 1)":"UCR","('0086-D-2000', 2)":"UCR","('0086-D-2000', 3)":"UCR","('0086-D-2000', 4)":"UCR"},"('Giros', 'COMISI\u00d3N')":{"('0086-D-2000', 0)":"CULTURA","('0086-D-2000', 1)":null,"('0086-D-2000', 2)":null,"('0086-D-2000', 3)":null,"('0086-D-2000', 4)":null},"('Tramites', 'C\u00c1MARA')":{"('0086-D-2000', 0)":"Diputados","('0086-D-2000', 1)":null,"('0086-D-2000', 2)":null,"('0086-D-2000', 3)":null,"('0086-D-2000', 4)":null},"('Tramites', 'MOVIMIENTO')":{"('0086-D-2000', 0)":"CONSIDERACION Y APROBACION","('0086-D-2000', 1)":null,"('0086-D-2000', 2)":null,"('0086-D-2000', 3)":null,"('0086-D-2000', 4)":null},"('Tramites', 'FECHA')":{"('0086-D-2000', 0)":"06\/04\/2000","('0086-D-2000', 1)":null,"('0086-D-2000', 2)":null,"('0086-D-2000', 3)":null,"('0086-D-2000', 4)":null},"('Tramites', 'RESULTADO')":{"('0086-D-2000', 0)":"APROBADO","('0086-D-2000', 1)":null,"('0086-D-2000', 2)":null,"('0086-D-2000', 3)":null,"('0086-D-2000', 4)":null},"Sumario":{"('0086-D-2000', 0)":"DECLARACION DE INTERES CULTURAL.","('0086-D-2000', 1)":null,"('0086-D-2000', 2)":null,"('0086-D-2000', 3)":null,"('0086-D-2000', 4)":null},"Palabra Clave":{"('0086-D-2000', 0)":" ","('0086-D-2000', 1)":null,"('0086-D-2000', 2)":null,"('0086-D-2000', 3)":null,"('0086-D-2000', 4)":null}}