{"Tipo de Proyecto":{"('0086-PE-2000', 0)":"MENSAJE NRO: 1304\/00","('0086-PE-2000', 1)":null,"('0086-PE-2000', 2)":null},"Iniciado en: ":{"('0086-PE-2000', 0)":"Diputados","('0086-PE-2000', 1)":null,"('0086-PE-2000', 2)":null},"Expediente Diputados: ":{"('0086-PE-2000', 0)":"0086-PE-2000","('0086-PE-2000', 1)":null,"('0086-PE-2000', 2)":null},"Publicado en: ":{"('0086-PE-2000', 0)":"Tr\u00e1mite Parlamentario N\u00b0 202","('0086-PE-2000', 1)":null,"('0086-PE-2000', 2)":null},"Fecha: ":{"('0086-PE-2000', 0)":"29\/12\/2000","('0086-PE-2000', 1)":null,"('0086-PE-2000', 2)":null},"T\u00edtulo":{"('0086-PE-2000', 0)":"DICTADO DEL DECRETO 1303 DEL 29 DE DICIEMBRE DE 2000 POR EL CUAL OBSERVAN VARIOS ARTICULOS DEL PROYECTO DE LEY 25401 DE PRESUPUESTO DE LA ADMINISTRACION NACIONAL PARA EL EJERCICIO 2001.","('0086-PE-2000', 1)":null,"('0086-PE-2000', 2)":null},"('Firmantes', 'FIRMANTE')":{"('0086-PE-2000', 0)":"DE LA RUA, FERNANDO","('0086-PE-2000', 1)":"COLOMBO, CHRYSTIAN","('0086-PE-2000', 2)":"MACHINEA, JOSE LUIS"},"('Firmantes', 'DISTRITO')":{"('0086-PE-2000', 0)":null,"('0086-PE-2000', 1)":null,"('0086-PE-2000', 2)":null},"('Firmantes', 'BLOQUE')":{"('0086-PE-2000', 0)":"PODER EJECUTIVO","('0086-PE-2000', 1)":"PODER EJECUTIVO","('0086-PE-2000', 2)":"PODER EJECUTIVO"},"('Giros', 'COMISI\u00d3N')":{"('0086-PE-2000', 0)":"PRESUPUESTO Y HACIENDA","('0086-PE-2000', 1)":null,"('0086-PE-2000', 2)":null},"Sumario":{"('0086-PE-2000', 0)":"COMUNICACION DEL DICTADO DEL MISMO.","('0086-PE-2000', 1)":null,"('0086-PE-2000', 2)":null},"Palabra Clave":{"('0086-PE-2000', 0)":" ","('0086-PE-2000', 1)":null,"('0086-PE-2000', 2)":null}}