{"Tipo de Proyecto":{"('0087-PE-2000', 0)":"MENSAJE NRO: 1307\/00","('0087-PE-2000', 1)":null,"('0087-PE-2000', 2)":null},"Iniciado en: ":{"('0087-PE-2000', 0)":"Diputados","('0087-PE-2000', 1)":null,"('0087-PE-2000', 2)":null},"Expediente Diputados: ":{"('0087-PE-2000', 0)":"0087-PE-2000","('0087-PE-2000', 1)":null,"('0087-PE-2000', 2)":null},"Publicado en: ":{"('0087-PE-2000', 0)":"Tr\u00e1mite Parlamentario N\u00b0 203","('0087-PE-2000', 1)":null,"('0087-PE-2000', 2)":null},"Fecha: ":{"('0087-PE-2000', 0)":"01\/02\/2001","('0087-PE-2000', 1)":null,"('0087-PE-2000', 2)":null},"T\u00edtulo":{"('0087-PE-2000', 0)":"DECRETO 1306 DEL 29 DE DICIEMBRE DE 2000 (MODIFICACION DE DIVERSOS ARTICULOS DE LA LEY 24241, DE SISTEMA INTEGRADO DE JUBILACIONES Y PENSIONES).","('0087-PE-2000', 1)":null,"('0087-PE-2000', 2)":null},"('Firmantes', 'FIRMANTE')":{"('0087-PE-2000', 0)":"DE LA RUA, FERNANDO","('0087-PE-2000', 1)":"COLOMBO, CHRYSTIAN","('0087-PE-2000', 2)":"BULLRICH, PATRICIA"},"('Firmantes', 'DISTRITO')":{"('0087-PE-2000', 0)":null,"('0087-PE-2000', 1)":null,"('0087-PE-2000', 2)":null},"('Firmantes', 'BLOQUE')":{"('0087-PE-2000', 0)":"PODER EJECUTIVO","('0087-PE-2000', 1)":"PODER EJECUTIVO","('0087-PE-2000', 2)":"PODER EJECUTIVO"},"('Giros', 'COMISI\u00d3N')":{"('0087-PE-2000', 0)":"PREVISION Y SEGURIDAD SOCIAL","('0087-PE-2000', 1)":"PRESUPUESTO Y HACIENDA","('0087-PE-2000', 2)":null},"Sumario":{"('0087-PE-2000', 0)":"COMUNICACION DEL DICTADO DEL MISMO, QUE SUSTITUYE LOS ARTICULOS 17 (PRESTACIONES), 19 (REQUISITOS, EDAD), 21 (MODULO PREVISIONAL), 24 (HABER PRESTACION COMPENSATORIA), 25 (PRESTACION SUPLEMENTARIA), 26 (PERCEPCION GRADUAL DE BENEFICIOS, AFILIADAS MUJERES), 27 (RETIRO POR INVALIDEZ Y PENSION POR FALLECIMIENTO), 30 (OPCION DE LOS AFILIADOS, PRESTACION ADICIONAL POR PERMANENCIA), 34 (REGIMEN DE INCOMPATIBILIDADES), 34 BIS (PRESTACION PROPORCIONAL), 35 (PERCEPCION UNIFICADA), 38 (ESCALA, COMPUTO DE A\u00d1OS DE SERVICIOS), 42 (OBLIGACIONES DE LAS ADMINISTRADORAS EN LA INCORPORACION), 43 (ASIGNACION AFILIADOS QUE NO ELIGIERON ADMINISTRADORAS), 44 (DERECHO DE TRASPASO), PRIMER PARRAFO DEL PUNTO 3 DEL ARTICULO 49 (DICTAMENES DE LAS COMISIONES MEDICAS), PRIMER PARRAFO DEL PUNTO 4 DEL ARTICULO 49 (RESOLUCIONES DE LA COMISION MEDICA CENTRAL), 50 (DICTAMEN DEFINITIVO POR INVALIDEZ), 51 (COMISIONES MEDICAS: INTEGRACION Y FINANCIAMIENTO), SEGUNDO PARRAFO ARTICULO 53 (DERECHOHABIENTES), 59 (AFJP: OBJETO, OFERTA COMPLEMENTARIA), 66 (INFORMACION AL AFILIADO O BENEFICIARIO), 68 (REGIMEN DE COMISIONES), 69 (BONIFICACION DE LAS COMISIONES), PUNTO 4 DEL INCISO E) DEL ARTICULO 72 (AFJP EN LIQUIDACION), 73 (CONCENTRACION DEL MERCADO), 74 (INVERSIONES PERMITIDAS), 75 (PROHIBICIONES), 76 (LIMITACIONES), 78 (REQUISITOS DE LOS TITULOS Y LOS MERCADOS), 79 (CALIFICACIONES DE RIESGO), 80 (CONTROL METODOS DE VALUACION E INVERSIONES), 83 (INTEGRACION FONDOS DE JUBILACIONES Y PENSIONES), 89 (ENCAJE), 90 (GARANTIA DE RENTABILIDAD MINIMA), 92 (CAPITAL COMPLEMENTARIO), PRIMER PARRAFO DEL ARTICULO 97 (INGRESO BASE), INCISO C) DEL ARTICULO 101 (IMPORTE RENTA VITALICIA), 102 (RETIRO PROGRAMADO), 108 (CARACTERISTICAS DE LA RENTA VITALICIA), INCORPORACION DE LOS ARTICULOS 73 BIS (FUSION, ABSORCION DE FONDOS), 103 BIS (DERECHO A OPCION RETIRO FRACCIONARIO),  DE LOS INCISOS V) Y W) AL ARTICULO 118, ARTICULO 125 (HABER MINIMO GARANTIZADO), LIBRO II BIS (BENEFICIO UNIVERSAL), ARTICULO 15 BIS (GESTION DE BENEFICIOS PREVISIONALES), SUSTITUCION DEL INCISO C) DEL PUNTO 5 DEL DECRETO 679\/95 REGLAMENTARIO DEL ARTICULO 24, DEROGACION DE LOS ARTICULOS 29, 33, 87, 88 DE LA LEY 24241 Y DEL DECRETO 728\/2000.","('0087-PE-2000', 1)":null,"('0087-PE-2000', 2)":null},"Palabra Clave":{"('0087-PE-2000', 0)":" ","('0087-PE-2000', 1)":null,"('0087-PE-2000', 2)":null}}