{"Tipo de Proyecto":{"('0087-S-2000', 0)":"PROYECTO DE RESOLUCI\u00d3N","('0087-S-2000', 1)":null,"('0087-S-2000', 2)":null,"('0087-S-2000', 3)":null},"Iniciado en: ":{"('0087-S-2000', 0)":"Senado","('0087-S-2000', 1)":null,"('0087-S-2000', 2)":null,"('0087-S-2000', 3)":null},"Expediente Diputados: ":{"('0087-S-2000', 0)":"0087-S-2000","('0087-S-2000', 1)":null,"('0087-S-2000', 2)":null,"('0087-S-2000', 3)":null},"Expediente Senado: ":{"('0087-S-2000', 0)":"0069-OV-1998","('0087-S-2000', 1)":null,"('0087-S-2000', 2)":null,"('0087-S-2000', 3)":null},"Fecha: ":{"('0087-S-2000', 0)":"12\/07\/2000","('0087-S-2000', 1)":null,"('0087-S-2000', 2)":null,"('0087-S-2000', 3)":null},"T\u00edtulo":{"('0087-S-2000', 0)":"RESOLUCIONES REMITIDAS POR LA AUDITORIA GENERAL DE LA NACION SOBRE RELEVAMIENTOS Y VERIFICACIONES DE LOS PAGOS DE INTERESES Y COMISIONES DE LA DEUDA PUBLICA DE LA ADMINISTRACION CENTRAL.","('0087-S-2000', 1)":null,"('0087-S-2000', 2)":null,"('0087-S-2000', 3)":null},"('Firmantes', 'FIRMANTE')":{"('0087-S-2000', 0)":"PARLAMENTARIA MIXTA REVISORA DE CUENTAS","('0087-S-2000', 1)":null,"('0087-S-2000', 2)":null,"('0087-S-2000', 3)":null},"('Firmantes', 'DISTRITO')":{"('0087-S-2000', 0)":null,"('0087-S-2000', 1)":null,"('0087-S-2000', 2)":null,"('0087-S-2000', 3)":null},"('Firmantes', 'BLOQUE')":{"('0087-S-2000', 0)":null,"('0087-S-2000', 1)":null,"('0087-S-2000', 2)":null,"('0087-S-2000', 3)":null},"('Giros', 'COMISI\u00d3N')":{"('0087-S-2000', 0)":"PARLAMENTARIA MIXTA REVISORA DE CUENTAS","('0087-S-2000', 1)":null,"('0087-S-2000', 2)":null,"('0087-S-2000', 3)":null},"('Tramites', 'C\u00c1MARA')":{"('0087-S-2000', 0)":"Senado","('0087-S-2000', 1)":"Diputados","('0087-S-2000', 2)":"Diputados","('0087-S-2000', 3)":"Diputados"},"('Tramites', 'MOVIMIENTO')":{"('0087-S-2000', 0)":"CONSIDERACION Y APROBACION","('0087-S-2000', 1)":"PASA A DIPUTADOS -","('0087-S-2000', 2)":"CONSIDERACION Y APROBACION","('0087-S-2000', 3)":"CONTESTACION DEL PODER EJECUTIVO NACIONAL - JEFE DE GABINETE DE MINISTROS - (0509-OV-01); GIRADA A LA COMISION RESPECTIVA (BAE 32\/01)"},"('Tramites', 'FECHA')":{"('0087-S-2000', 0)":"02\/08\/2000","('0087-S-2000', 1)":null,"('0087-S-2000', 2)":"05\/10\/2000","('0087-S-2000', 3)":"24\/10\/2001"},"('Tramites', 'RESULTADO')":{"('0087-S-2000', 0)":"APROBADO","('0087-S-2000', 1)":null,"('0087-S-2000', 2)":"APROBADO","('0087-S-2000', 3)":null},"Sumario":{"('0087-S-2000', 0)":"SOLICITUD AL PODER EJECUTIVO NACIONAL INFORME SOBRE LAS MEDIDAS ADOPTADAS A LOS EFECTOS DE REPORTAR LOS ASPECTOS OBSERVADOS POR LA AGN EN SUS INFORMES DE RELEVAMIENTO Y VERIFICACION DE LOS PAGOS DE INTERESES Y COMISIONES DE LA DEUDA PUBLICA DE LA ADMINISTRACION CENTRAL CORRESPONDIENTES AL CUARTO TRIMESTRE DE 1996 Y PRIMER Y SEGUNDO TRIMESTRE DE 1997, TERCER TRIMESTRE DE 1997, CUARTO TRIMESTRE DE 1997 Y PRIMER TRIMESTRE DE 1998.","('0087-S-2000', 1)":null,"('0087-S-2000', 2)":null,"('0087-S-2000', 3)":null},"Palabra Clave":{"('0087-S-2000', 0)":" ","('0087-S-2000', 1)":null,"('0087-S-2000', 2)":null,"('0087-S-2000', 3)":null}}