{"Tipo de Proyecto":{"('0088-OV-2000', 0)":"PROYECTO DE RESOLUCI\u00d3N"},"Iniciado en: ":{"('0088-OV-2000', 0)":"Senado"},"Expediente Senado: ":{"('0088-OV-2000', 0)":"0088-OV-2000"},"Fecha: ":{"('0088-OV-2000', 0)":"18\/09\/2001"},"T\u00edtulo":{"('0088-OV-2000', 0)":"DICTAMEN EN LA RESOLUCION REMITIDA POR LA AUDITORIA GENERAL DE LA NACION SOBRE EL CALCULO DE COSTOS FINANCIEROS DEL ENDEUDAMIENTO CON ORGANISMOS FINANCIEROS MULTILATERALES: BANCO INTERAMERICANO DE DESARROLLO (BID), BANCO INTERNACIONAL DE RECONSTRUCCION Y FOMENTO (BIRF) Y FONDO MONETARIO INTERNACIONAL (FMI)."},"('Firmantes', 'FIRMANTE')":{"('0088-OV-2000', 0)":"PARLAMENTARIA MIXTA REVISORA DE CUENTAS"},"('Firmantes', 'DISTRITO')":{"('0088-OV-2000', 0)":null},"('Firmantes', 'BLOQUE')":{"('0088-OV-2000', 0)":null},"('Tramites', 'C\u00c1MARA')":{"('0088-OV-2000', 0)":"Senado"},"('Tramites', 'MOVIMIENTO')":{"('0088-OV-2000', 0)":"CONSIDERACION Y APROBACION (AL ARCHIVO)"},"('Tramites', 'FECHA')":{"('0088-OV-2000', 0)":"23\/10\/2001"},"('Tramites', 'RESULTADO')":{"('0088-OV-2000', 0)":"ARCHIVADO"},"Sumario":{"('0088-OV-2000', 0)":"HABIENDO TOMADO CONOCIMIENTO Y NO CONTENIENDO REQUERIMIENTOS DE ACCION SUBSISTENTES, SE ACONSEJA SU REMISION AL ARCHIVO."},"Palabra Clave":{"('0088-OV-2000', 0)":" "}}