{"Tipo de Proyecto":{"('0088-S-2000', 0)":"PROYECTO DE RESOLUCI\u00d3N","('0088-S-2000', 1)":null,"('0088-S-2000', 2)":null,"('0088-S-2000', 3)":null},"Iniciado en: ":{"('0088-S-2000', 0)":"Senado","('0088-S-2000', 1)":null,"('0088-S-2000', 2)":null,"('0088-S-2000', 3)":null},"Expediente Diputados: ":{"('0088-S-2000', 0)":"0088-S-2000","('0088-S-2000', 1)":null,"('0088-S-2000', 2)":null,"('0088-S-2000', 3)":null},"Expediente Senado: ":{"('0088-S-2000', 0)":"0122-OV-1999","('0088-S-2000', 1)":null,"('0088-S-2000', 2)":null,"('0088-S-2000', 3)":null},"Fecha: ":{"('0088-S-2000', 0)":"12\/07\/2000","('0088-S-2000', 1)":null,"('0088-S-2000', 2)":null,"('0088-S-2000', 3)":null},"T\u00edtulo":{"('0088-S-2000', 0)":"RESOLUCION REMITIDA POR LA AUDITORIA GENERAL DE LA NACION SOBRE EL CUMPLIMIENTO DE LA NORMATIVA DE RECLAMOS EN EL AMBITO DEL ENTE TRIPARTITO DE OBRAS Y SERVICIOS SANITARIOS.","('0088-S-2000', 1)":null,"('0088-S-2000', 2)":null,"('0088-S-2000', 3)":null},"('Firmantes', 'FIRMANTE')":{"('0088-S-2000', 0)":"PARLAMENTARIA MIXTA REVISORA DE CUENTAS","('0088-S-2000', 1)":null,"('0088-S-2000', 2)":null,"('0088-S-2000', 3)":null},"('Firmantes', 'DISTRITO')":{"('0088-S-2000', 0)":null,"('0088-S-2000', 1)":null,"('0088-S-2000', 2)":null,"('0088-S-2000', 3)":null},"('Firmantes', 'BLOQUE')":{"('0088-S-2000', 0)":null,"('0088-S-2000', 1)":null,"('0088-S-2000', 2)":null,"('0088-S-2000', 3)":null},"('Giros', 'COMISI\u00d3N')":{"('0088-S-2000', 0)":"PARLAMENTARIA MIXTA REVISORA DE CUENTAS","('0088-S-2000', 1)":null,"('0088-S-2000', 2)":null,"('0088-S-2000', 3)":null},"('Tramites', 'C\u00c1MARA')":{"('0088-S-2000', 0)":"Senado","('0088-S-2000', 1)":"Diputados","('0088-S-2000', 2)":"Diputados","('0088-S-2000', 3)":"Diputados"},"('Tramites', 'MOVIMIENTO')":{"('0088-S-2000', 0)":"CONSIDERACION Y APROBACION","('0088-S-2000', 1)":"PASA A DIPUTADOS -","('0088-S-2000', 2)":"CONSIDERACION Y APROBACION","('0088-S-2000', 3)":"CONTESTACION DEL PODER EJECUTIVO NACIONAL - JEFE DE GABINETE DE MINISTROS - (0195-OV-01); GIRADA A LA COMISION RESPECTIVA (BAE 23\/01)"},"('Tramites', 'FECHA')":{"('0088-S-2000', 0)":"02\/08\/2000","('0088-S-2000', 1)":null,"('0088-S-2000', 2)":"05\/10\/2000","('0088-S-2000', 3)":"15\/08\/2001"},"('Tramites', 'RESULTADO')":{"('0088-S-2000', 0)":"APROBADO","('0088-S-2000', 1)":null,"('0088-S-2000', 2)":"APROBADO","('0088-S-2000', 3)":null},"Sumario":{"('0088-S-2000', 0)":"MANIFESTAR LA NECESIDAD DE QUE SE ADOPTEN LAS MEDIDAS NECESARIAS PARA LA SUPERACION DE LOS DEFECTOS OBSERVADOS POR LA AGN EN LOS PROCEDIMIENTOS EN EL AREA DE RECLAMOS.","('0088-S-2000', 1)":null,"('0088-S-2000', 2)":null,"('0088-S-2000', 3)":null},"Palabra Clave":{"('0088-S-2000', 0)":" ","('0088-S-2000', 1)":null,"('0088-S-2000', 2)":null,"('0088-S-2000', 3)":null}}