{"Tipo de Proyecto":{"('0088-D-2000', 0)":"PROYECTO DE RESOLUCI\u00d3N","('0088-D-2000', 1)":null,"('0088-D-2000', 2)":null},"Iniciado en: ":{"('0088-D-2000', 0)":"Diputados","('0088-D-2000', 1)":null,"('0088-D-2000', 2)":null},"Expediente Diputados: ":{"('0088-D-2000', 0)":"0088-D-2000","('0088-D-2000', 1)":null,"('0088-D-2000', 2)":null},"Publicado en: ":{"('0088-D-2000', 0)":"Tr\u00e1mite Parlamentario N\u00b0 1","('0088-D-2000', 1)":null,"('0088-D-2000', 2)":null},"Fecha: ":{"('0088-D-2000', 0)":"01\/03\/2000","('0088-D-2000', 1)":null,"('0088-D-2000', 2)":null},"T\u00edtulo":{"('0088-D-2000', 0)":"PEDIDO DE INFORMES: SOBRE LA DECISION DEL DEPARTAMENTO DE COMERCIO DE EEUU DE GRAVAR CON DERECHOS ANTIDUMPING LAS IMPORTACIONES DE ACERO - CHAPA LAMINADA EN FRIO DE SIETE PAISES, ENTRE ELLOS LA ARGENTINA Y LA POSICION ESGRIMIDA POR NUESTRO PAIS EN LA REUNION DE LA ORGANIZACION MUNDIAL DE COMERCIO (OMC) DE NOVIEMBRE DE 1999.","('0088-D-2000', 1)":null,"('0088-D-2000', 2)":null},"('Firmantes', 'FIRMANTE')":{"('0088-D-2000', 0)":"ATANASOF, ALFREDO NESTOR","('0088-D-2000', 1)":null,"('0088-D-2000', 2)":null},"('Firmantes', 'DISTRITO')":{"('0088-D-2000', 0)":"BUENOS AIRES","('0088-D-2000', 1)":null,"('0088-D-2000', 2)":null},"('Firmantes', 'BLOQUE')":{"('0088-D-2000', 0)":"JUSTICIALISTA","('0088-D-2000', 1)":null,"('0088-D-2000', 2)":null},"('Giros', 'COMISI\u00d3N')":{"('0088-D-2000', 0)":"RELACIONES EXTERIORES Y CULTO","('0088-D-2000', 1)":"INDUSTRIA","('0088-D-2000', 2)":"COMERCIO"},"Sumario":{"('0088-D-2000', 0)":"SOLICITUD AL PODER EJECUTIVO NACIONAL.","('0088-D-2000', 1)":null,"('0088-D-2000', 2)":null},"Palabra Clave":{"('0088-D-2000', 0)":" ","('0088-D-2000', 1)":null,"('0088-D-2000', 2)":null}}