{"Tipo de Proyecto":{"('0088-PE-2000', 0)":"MENSAJE NRO: 0038\/01 Y PROYECTO DE LEY","('0088-PE-2000', 1)":null,"('0088-PE-2000', 2)":null},"Iniciado en: ":{"('0088-PE-2000', 0)":"Diputados","('0088-PE-2000', 1)":null,"('0088-PE-2000', 2)":null},"Expediente Diputados: ":{"('0088-PE-2000', 0)":"0088-PE-2000","('0088-PE-2000', 1)":null,"('0088-PE-2000', 2)":null},"Publicado en: ":{"('0088-PE-2000', 0)":"Tr\u00e1mite Parlamentario N\u00b0 203","('0088-PE-2000', 1)":null,"('0088-PE-2000', 2)":null},"Fecha: ":{"('0088-PE-2000', 0)":"01\/02\/2001","('0088-PE-2000', 1)":null,"('0088-PE-2000', 2)":null},"T\u00edtulo":{"('0088-PE-2000', 0)":"DECLARAR DIA DEL PATRIMONIO CULTURAL DEL MERCOSUR AL 17 DE SEPTIEMBRE DE CADA A\u00d1O.","('0088-PE-2000', 1)":null,"('0088-PE-2000', 2)":null},"('Firmantes', 'FIRMANTE')":{"('0088-PE-2000', 0)":"DE LA RUA, FERNANDO","('0088-PE-2000', 1)":"COLOMBO, CHRYSTIAN","('0088-PE-2000', 2)":"RODRIGUEZ GIAVARINI, ADALBERTO"},"('Firmantes', 'DISTRITO')":{"('0088-PE-2000', 0)":null,"('0088-PE-2000', 1)":null,"('0088-PE-2000', 2)":null},"('Firmantes', 'BLOQUE')":{"('0088-PE-2000', 0)":"PODER EJECUTIVO","('0088-PE-2000', 1)":"PODER EJECUTIVO","('0088-PE-2000', 2)":"PODER EJECUTIVO"},"('Giros', 'COMISI\u00d3N')":{"('0088-PE-2000', 0)":"LEGISLACION GENERAL","('0088-PE-2000', 1)":"MERCOSUR","('0088-PE-2000', 2)":null},"Palabra Clave":{"('0088-PE-2000', 0)":" ","('0088-PE-2000', 1)":null,"('0088-PE-2000', 2)":null}}