{"Tipo de Proyecto":{"('0089-S-2000', 0)":"PROYECTO DE RESOLUCI\u00d3N","('0089-S-2000', 1)":null,"('0089-S-2000', 2)":null,"('0089-S-2000', 3)":null},"Iniciado en: ":{"('0089-S-2000', 0)":"Senado","('0089-S-2000', 1)":null,"('0089-S-2000', 2)":null,"('0089-S-2000', 3)":null},"Expediente Diputados: ":{"('0089-S-2000', 0)":"0089-S-2000","('0089-S-2000', 1)":null,"('0089-S-2000', 2)":null,"('0089-S-2000', 3)":null},"Expediente Senado: ":{"('0089-S-2000', 0)":"0321-OV-1998","('0089-S-2000', 1)":null,"('0089-S-2000', 2)":null,"('0089-S-2000', 3)":null},"Fecha: ":{"('0089-S-2000', 0)":"12\/07\/2000","('0089-S-2000', 1)":null,"('0089-S-2000', 2)":null,"('0089-S-2000', 3)":null},"T\u00edtulo":{"('0089-S-2000', 0)":"RESOLUCION REMITIDA POR LA AUDITORIA GENERAL DE LA NACION SOBRE VERIFICACION DEL CUMPLIMIENTO DEL CONTRATO DE CONCESION EN EL AMBITO DE BACTS SOCIEDAD ANONIMA - BUENOS AIRES CONTAINER TERMINAL SERVICE SA.","('0089-S-2000', 1)":null,"('0089-S-2000', 2)":null,"('0089-S-2000', 3)":null},"('Firmantes', 'FIRMANTE')":{"('0089-S-2000', 0)":"PARLAMENTARIA MIXTA REVISORA DE CUENTAS","('0089-S-2000', 1)":null,"('0089-S-2000', 2)":null,"('0089-S-2000', 3)":null},"('Firmantes', 'DISTRITO')":{"('0089-S-2000', 0)":null,"('0089-S-2000', 1)":null,"('0089-S-2000', 2)":null,"('0089-S-2000', 3)":null},"('Firmantes', 'BLOQUE')":{"('0089-S-2000', 0)":null,"('0089-S-2000', 1)":null,"('0089-S-2000', 2)":null,"('0089-S-2000', 3)":null},"('Giros', 'COMISI\u00d3N')":{"('0089-S-2000', 0)":"PARLAMENTARIA MIXTA REVISORA DE CUENTAS","('0089-S-2000', 1)":null,"('0089-S-2000', 2)":null,"('0089-S-2000', 3)":null},"('Tramites', 'C\u00c1MARA')":{"('0089-S-2000', 0)":"Senado","('0089-S-2000', 1)":"Diputados","('0089-S-2000', 2)":"Diputados","('0089-S-2000', 3)":"Diputados"},"('Tramites', 'MOVIMIENTO')":{"('0089-S-2000', 0)":"CONSIDERACION Y APROBACION","('0089-S-2000', 1)":"PASA A DIPUTADOS -","('0089-S-2000', 2)":"CONSIDERACION Y APROBACION","('0089-S-2000', 3)":"CONTESTACION DEL PODER EJECUTIVO NACIONAL - JEFE DE GABINETE DE MINISTROS - GIRADO A LA COMISION RESPECTIVA"},"('Tramites', 'FECHA')":{"('0089-S-2000', 0)":"02\/08\/2000","('0089-S-2000', 1)":null,"('0089-S-2000', 2)":"05\/10\/2000","('0089-S-2000', 3)":"16\/07\/2003"},"('Tramites', 'RESULTADO')":{"('0089-S-2000', 0)":"APROBADO","('0089-S-2000', 1)":null,"('0089-S-2000', 2)":"APROBADO","('0089-S-2000', 3)":null},"Sumario":{"('0089-S-2000', 0)":"MANIFESTAR LA NECESIDAD DE QUE SE ADOPTEN LAS MEDIDAS NECESARIAS A LA REGULARIZACION DE LAS GRAVES SITUACIONES OBSERVADAS POR LA AGN RESPECTO AL FUNCIONAMIENTO Y CONTROL DE LA TERMINAL PORTUARIA 5 DEL PUERTO NUEVO DE LA CIUDAD DE BUENOS AIRES.","('0089-S-2000', 1)":null,"('0089-S-2000', 2)":null,"('0089-S-2000', 3)":null},"Palabra Clave":{"('0089-S-2000', 0)":" ","('0089-S-2000', 1)":null,"('0089-S-2000', 2)":null,"('0089-S-2000', 3)":null}}