{"Tipo de Proyecto":{"('0090-PE-2000', 0)":"MENSAJE NRO: 0086\/01","('0090-PE-2000', 1)":null,"('0090-PE-2000', 2)":null},"Iniciado en: ":{"('0090-PE-2000', 0)":"Diputados","('0090-PE-2000', 1)":null,"('0090-PE-2000', 2)":null},"Expediente Diputados: ":{"('0090-PE-2000', 0)":"0090-PE-2000","('0090-PE-2000', 1)":null,"('0090-PE-2000', 2)":null},"Publicado en: ":{"('0090-PE-2000', 0)":"Tr\u00e1mite Parlamentario N\u00b0 203","('0090-PE-2000', 1)":null,"('0090-PE-2000', 2)":null},"Fecha: ":{"('0090-PE-2000', 0)":"01\/02\/2001","('0090-PE-2000', 1)":null,"('0090-PE-2000', 2)":null},"T\u00edtulo":{"('0090-PE-2000', 0)":"DECRETO 85 DEL 25 DE ENERO DE 2001, POR EL CUAL SE APRUEBA LA ADENDA AL ACTA ACUERDO DE REFORMULACION CONTRACTUAL DEL CONTRATO DE CONCESION DE OBRAS AUTOPISTAS BUENOS AIRES - LA PLATA, RIBERE\u00d1A DE LA CAPITAL FEDERAL Y NUEVO PUENTE SOBRE EL RIACHUELO, SUSCRITA ENTRE EL ESTADO NACIONAL Y LA CONCESIONARIA VIAL ARGENTINO ESPA\u00d1OLA SA (COVIARES SA), EL 22\/12\/2000.","('0090-PE-2000', 1)":null,"('0090-PE-2000', 2)":null},"('Firmantes', 'FIRMANTE')":{"('0090-PE-2000', 0)":"DE LA RUA, FERNANDO","('0090-PE-2000', 1)":"COLOMBO, CHRYSTIAN","('0090-PE-2000', 2)":"MACHINEA, JOSE LUIS"},"('Firmantes', 'DISTRITO')":{"('0090-PE-2000', 0)":null,"('0090-PE-2000', 1)":null,"('0090-PE-2000', 2)":null},"('Firmantes', 'BLOQUE')":{"('0090-PE-2000', 0)":"PODER EJECUTIVO","('0090-PE-2000', 1)":"PODER EJECUTIVO","('0090-PE-2000', 2)":"PODER EJECUTIVO"},"('Giros', 'COMISI\u00d3N')":{"('0090-PE-2000', 0)":"TRANSPORTES","('0090-PE-2000', 1)":"OBRAS PUBLICAS","('0090-PE-2000', 2)":"BICAMERAL DE REFORMA DEL ESTADO Y SEGUIMIENTO DE LAS PRIVATIZACIONES (LEY 23696)"},"Sumario":{"('0090-PE-2000', 0)":"COMUNICACION DEL DICTADO DEL MISMO.","('0090-PE-2000', 1)":null,"('0090-PE-2000', 2)":null},"Palabra Clave":{"('0090-PE-2000', 0)":" ","('0090-PE-2000', 1)":null,"('0090-PE-2000', 2)":null}}