{"Tipo de Proyecto":{"('0090-S-2000', 0)":"PROYECTO DE RESOLUCI\u00d3N","('0090-S-2000', 1)":null,"('0090-S-2000', 2)":null},"Iniciado en: ":{"('0090-S-2000', 0)":"Senado","('0090-S-2000', 1)":null,"('0090-S-2000', 2)":null},"Expediente Diputados: ":{"('0090-S-2000', 0)":"0090-S-2000","('0090-S-2000', 1)":null,"('0090-S-2000', 2)":null},"Expediente Senado: ":{"('0090-S-2000', 0)":"0006-OV-1999","('0090-S-2000', 1)":null,"('0090-S-2000', 2)":null},"Fecha: ":{"('0090-S-2000', 0)":"12\/07\/2000","('0090-S-2000', 1)":null,"('0090-S-2000', 2)":null},"T\u00edtulo":{"('0090-S-2000', 0)":"RESOLUCION REMITIDA POR LA AUDITORIA GENERAL DE LA NACION SOBRE AUDITORIA DE GESTION EN EL AMBITO DE YACIMIENTOS PETROLIFEROS FISCALES SOCIEDAD ANONIMA.","('0090-S-2000', 1)":null,"('0090-S-2000', 2)":null},"('Firmantes', 'FIRMANTE')":{"('0090-S-2000', 0)":"PARLAMENTARIA MIXTA REVISORA DE CUENTAS","('0090-S-2000', 1)":null,"('0090-S-2000', 2)":null},"('Firmantes', 'DISTRITO')":{"('0090-S-2000', 0)":null,"('0090-S-2000', 1)":null,"('0090-S-2000', 2)":null},"('Firmantes', 'BLOQUE')":{"('0090-S-2000', 0)":null,"('0090-S-2000', 1)":null,"('0090-S-2000', 2)":null},"('Giros', 'COMISI\u00d3N')":{"('0090-S-2000', 0)":"PARLAMENTARIA MIXTA REVISORA DE CUENTAS","('0090-S-2000', 1)":null,"('0090-S-2000', 2)":null},"('Tramites', 'C\u00c1MARA')":{"('0090-S-2000', 0)":"Senado","('0090-S-2000', 1)":"Diputados","('0090-S-2000', 2)":"Diputados"},"('Tramites', 'MOVIMIENTO')":{"('0090-S-2000', 0)":"CONSIDERACION Y APROBACION","('0090-S-2000', 1)":"PASA A DIPUTADOS -","('0090-S-2000', 2)":"CONSIDERACION Y APROBACION"},"('Tramites', 'FECHA')":{"('0090-S-2000', 0)":"02\/08\/2000","('0090-S-2000', 1)":null,"('0090-S-2000', 2)":"05\/10\/2000"},"('Tramites', 'RESULTADO')":{"('0090-S-2000', 0)":"APROBADO","('0090-S-2000', 1)":null,"('0090-S-2000', 2)":"APROBADO"},"Sumario":{"('0090-S-2000', 0)":"SOLICITUD AL PODER EJECUTIVO NACIONAL INFORME SOBRE LAS MEDIDAS ADOPTADAS RESPECTO DE LA SUPERVISION QUE EJERCE EL MINISTERIO DE ECONOMIA COMO AUTORIDAD DE APLICACION DE LOS PROGRAMAS DE PROPIEDAD PARTICIPADA Y LA ACTUACION DEL BANCO DE LA NACION ARGENTINA COMO ADMINISTRADOR DE LOS FONDOS DEL PROGRAMA DE PROPIEDAD PARTICIPADA DE YPF SA.","('0090-S-2000', 1)":null,"('0090-S-2000', 2)":null},"Palabra Clave":{"('0090-S-2000', 0)":" ","('0090-S-2000', 1)":null,"('0090-S-2000', 2)":null}}