{"Tipo de Proyecto":{"('0091-PE-2000', 0)":"MENSAJE NRO: 0091\/01","('0091-PE-2000', 1)":null,"('0091-PE-2000', 2)":null},"Iniciado en: ":{"('0091-PE-2000', 0)":"Diputados","('0091-PE-2000', 1)":null,"('0091-PE-2000', 2)":null},"Expediente Diputados: ":{"('0091-PE-2000', 0)":"0091-PE-2000","('0091-PE-2000', 1)":null,"('0091-PE-2000', 2)":null},"Publicado en: ":{"('0091-PE-2000', 0)":"Tr\u00e1mite Parlamentario N\u00b0 203","('0091-PE-2000', 1)":null,"('0091-PE-2000', 2)":null},"Fecha: ":{"('0091-PE-2000', 0)":"01\/02\/2001","('0091-PE-2000', 1)":null,"('0091-PE-2000', 2)":null},"T\u00edtulo":{"('0091-PE-2000', 0)":"DECRETO 90 DEL 25 DE ENERO DE 2001, POR EL CUAL SE TRANSFIERE LA ADMINISTRACION FEDERAL DE INGRESOS PUBLICOS (AFIP), DE LA ORBITA DEL MINISTERIO DE ECONOMIA, AL AMBITO DE LA JEFATURA DE GABINETE DE MINISTROS.","('0091-PE-2000', 1)":null,"('0091-PE-2000', 2)":null},"('Firmantes', 'FIRMANTE')":{"('0091-PE-2000', 0)":"DE LA RUA, FERNANDO","('0091-PE-2000', 1)":"COLOMBO, CHRYSTIAN","('0091-PE-2000', 2)":"MACHINEA, JOSE LUIS"},"('Firmantes', 'DISTRITO')":{"('0091-PE-2000', 0)":null,"('0091-PE-2000', 1)":null,"('0091-PE-2000', 2)":null},"('Firmantes', 'BLOQUE')":{"('0091-PE-2000', 0)":"PODER EJECUTIVO","('0091-PE-2000', 1)":"PODER EJECUTIVO","('0091-PE-2000', 2)":"PODER EJECUTIVO"},"('Giros', 'COMISI\u00d3N')":{"('0091-PE-2000', 0)":"PRESUPUESTO Y HACIENDA","('0091-PE-2000', 1)":null,"('0091-PE-2000', 2)":null},"Sumario":{"('0091-PE-2000', 0)":"COMUNICACION DEL DICTADO DEL MISMO.","('0091-PE-2000', 1)":null,"('0091-PE-2000', 2)":null},"Palabra Clave":{"('0091-PE-2000', 0)":" ","('0091-PE-2000', 1)":null,"('0091-PE-2000', 2)":null}}