{"Tipo de Proyecto":{"('0092-PE-2000', 0)":"MENSAJE NRO: 0084\/01","('0092-PE-2000', 1)":null,"('0092-PE-2000', 2)":null},"Iniciado en: ":{"('0092-PE-2000', 0)":"Diputados","('0092-PE-2000', 1)":null,"('0092-PE-2000', 2)":null},"Expediente Diputados: ":{"('0092-PE-2000', 0)":"0092-PE-2000","('0092-PE-2000', 1)":null,"('0092-PE-2000', 2)":null},"Publicado en: ":{"('0092-PE-2000', 0)":"Tr\u00e1mite Parlamentario N\u00b0 203","('0092-PE-2000', 1)":null,"('0092-PE-2000', 2)":null},"Fecha: ":{"('0092-PE-2000', 0)":"01\/02\/2001","('0092-PE-2000', 1)":null,"('0092-PE-2000', 2)":null},"T\u00edtulo":{"('0092-PE-2000', 0)":"DECRETO 83 DEL 25 DE ENERO DE 2001, POR EL CUAL SE ESTIPULA UNA ANTIG\u00dcEDAD NO MAYOR DE 20 A\u00d1OS RESPECTO DE BUQUES POTEROS A CASCO DESNUDO DE MATRICULA EXTRANJERA, DESTINADOS A LA CAPTURA DE LA ESPECIE CALAMAR (ILLEX ARGENTINUS), QUE SEAN LOCADOS DE ACUERDO A LO PREVISTO EN EL ARTICULO 36 DE LA LEY 24922 (REGIMEN FEDERAL DE PESCA).","('0092-PE-2000', 1)":null,"('0092-PE-2000', 2)":null},"('Firmantes', 'FIRMANTE')":{"('0092-PE-2000', 0)":"DE LA RUA, FERNANDO","('0092-PE-2000', 1)":"COLOMBO, CHRYSTIAN","('0092-PE-2000', 2)":"MACHINEA, JOSE LUIS"},"('Firmantes', 'DISTRITO')":{"('0092-PE-2000', 0)":null,"('0092-PE-2000', 1)":null,"('0092-PE-2000', 2)":null},"('Firmantes', 'BLOQUE')":{"('0092-PE-2000', 0)":"PODER EJECUTIVO","('0092-PE-2000', 1)":"PODER EJECUTIVO","('0092-PE-2000', 2)":"PODER EJECUTIVO"},"('Giros', 'COMISI\u00d3N')":{"('0092-PE-2000', 0)":"INTERESES MARITIMOS, FLUVIALES, PESQUEROS Y PORTUARIOS","('0092-PE-2000', 1)":null,"('0092-PE-2000', 2)":null},"('Tramites', 'C\u00c1MARA')":{"('0092-PE-2000', 0)":"Diputados","('0092-PE-2000', 1)":null,"('0092-PE-2000', 2)":null},"('Tramites', 'MOVIMIENTO')":{"('0092-PE-2000', 0)":"VER TRAMITE EN EXPEDIENTE 5287-D-07","('0092-PE-2000', 1)":null,"('0092-PE-2000', 2)":null},"('Tramites', 'FECHA')":{"('0092-PE-2000', 0)":null,"('0092-PE-2000', 1)":null,"('0092-PE-2000', 2)":null},"('Tramites', 'RESULTADO')":{"('0092-PE-2000', 0)":null,"('0092-PE-2000', 1)":null,"('0092-PE-2000', 2)":null},"Sumario":{"('0092-PE-2000', 0)":"COMUNICACION DEL DICTADO DEL MISMO.","('0092-PE-2000', 1)":null,"('0092-PE-2000', 2)":null},"Palabra Clave":{"('0092-PE-2000', 0)":" ","('0092-PE-2000', 1)":null,"('0092-PE-2000', 2)":null}}