{"Tipo de Proyecto":{"('0093-S-2000', 0)":"PROYECTO DE LEY"},"Iniciado en: ":{"('0093-S-2000', 0)":"Senado"},"Expediente Senado: ":{"('0093-S-2000', 0)":"0093-S-2000"},"Publicado en: ":{"('0093-S-2000', 0)":"Diario de Asuntos Entrados N\u00b0 6"},"Fecha: ":{"('0093-S-2000', 0)":"07\/03\/2000"},"T\u00edtulo":{"('0093-S-2000', 0)":"MODIFICACION A LA LEY 25188 DE ETICA DE LA FUNCION PUBLICA."},"('Firmantes', 'FIRMANTE')":{"('0093-S-2000', 0)":"DEL PIERO, PEDRO"},"('Firmantes', 'DISTRITO')":{"('0093-S-2000', 0)":"CIUDAD de BUENOS AIRES"},"('Firmantes', 'BLOQUE')":{"('0093-S-2000', 0)":"FREPASO"},"Sumario":{"('0093-S-2000', 0)":"INCORPORACION DEL INCISO C) AL ARTICULO 13 Y DEL ARTICULO 13 BIS (INCOMPATIBILIDADES A QUIENES COBREN JUBILACIONES DE PRIVILEGIO)."},"Palabra Clave":{"('0093-S-2000', 0)":" "}}