{"Tipo de Proyecto":{"('0094-S-2000', 0)":"PROYECTO DE RESOLUCI\u00d3N"},"Iniciado en: ":{"('0094-S-2000', 0)":"Senado"},"Expediente Senado: ":{"('0094-S-2000', 0)":"0094-S-2000"},"Publicado en: ":{"('0094-S-2000', 0)":"Diario de Asuntos Entrados N\u00b0 6"},"Fecha: ":{"('0094-S-2000', 0)":"07\/03\/2000"},"T\u00edtulo":{"('0094-S-2000', 0)":"PEDIDO DE INFORMES: SOBRE MANIFESTACIONES DEL MINISTRO DEL INTERIOR FEDERICO STORANI SOBRE EL CONTRABANDO."},"('Firmantes', 'FIRMANTE')":{"('0094-S-2000', 0)":"OUDIN, ERNESTO RENE"},"('Firmantes', 'DISTRITO')":{"('0094-S-2000', 0)":"MISIONES"},"('Firmantes', 'BLOQUE')":{"('0094-S-2000', 0)":"JUSTICIALISTA"},"Sumario":{"('0094-S-2000', 0)":"SOLICITUD AL PODER EJECUTIVO NACIONAL."},"Palabra Clave":{"('0094-S-2000', 0)":" "}}