{"Tipo de Proyecto":{"('0095-S-2000', 0)":"PROYECTO DE DECLARACI\u00d3N"},"Iniciado en: ":{"('0095-S-2000', 0)":"Senado"},"Expediente Senado: ":{"('0095-S-2000', 0)":"0095-S-2000"},"Publicado en: ":{"('0095-S-2000', 0)":"Diario de Asuntos Entrados N\u00b0 6"},"Fecha: ":{"('0095-S-2000', 0)":"07\/03\/2000"},"T\u00edtulo":{"('0095-S-2000', 0)":"REAPERTURA DEL TEATRO \"EL NACIONAL\" DE LA CIUDAD DE BUENOS AIRES."},"('Firmantes', 'FIRMANTE')":{"('0095-S-2000', 0)":"OUDIN, ERNESTO RENE"},"('Firmantes', 'DISTRITO')":{"('0095-S-2000', 0)":"MISIONES"},"('Firmantes', 'BLOQUE')":{"('0095-S-2000', 0)":"JUSTICIALISTA"},"('Tramites', 'C\u00c1MARA')":{"('0095-S-2000', 0)":"Senado"},"('Tramites', 'MOVIMIENTO')":{"('0095-S-2000', 0)":"CONSIDERACION Y APROBACION"},"('Tramites', 'FECHA')":{"('0095-S-2000', 0)":"12\/04\/2000"},"('Tramites', 'RESULTADO')":{"('0095-S-2000', 0)":"APROBADO"},"Sumario":{"('0095-S-2000', 0)":"EXPRESION DE BENEPLACITO."},"Palabra Clave":{"('0095-S-2000', 0)":" "}}