{"Tipo de Proyecto":{"('0096-S-2000', 0)":"COMUNICACION","('0096-S-2000', 1)":null},"Iniciado en: ":{"('0096-S-2000', 0)":"Senado","('0096-S-2000', 1)":null},"Expediente Senado: ":{"('0096-S-2000', 0)":"0096-S-2000","('0096-S-2000', 1)":null},"Publicado en: ":{"('0096-S-2000', 0)":"Diario de Asuntos Entrados N\u00b0 6","('0096-S-2000', 1)":null},"Fecha: ":{"('0096-S-2000', 0)":"07\/03\/2000","('0096-S-2000', 1)":null},"T\u00edtulo":{"('0096-S-2000', 0)":"PEDIDO DE INFORMES: SOBRE LA VIOLACION DE LA VEDA DE PESCA EN YACYRETA POR PARTE DE PARAGUAY.","('0096-S-2000', 1)":null},"('Firmantes', 'FIRMANTE')":{"('0096-S-2000', 0)":"OUDIN, ERNESTO RENE","('0096-S-2000', 1)":null},"('Firmantes', 'DISTRITO')":{"('0096-S-2000', 0)":"MISIONES","('0096-S-2000', 1)":null},"('Firmantes', 'BLOQUE')":{"('0096-S-2000', 0)":"JUSTICIALISTA","('0096-S-2000', 1)":null},"('Tramites', 'C\u00c1MARA')":{"('0096-S-2000', 0)":"Senado","('0096-S-2000', 1)":"Senado"},"('Tramites', 'MOVIMIENTO')":{"('0096-S-2000', 0)":"CONSIDERACION Y APROBACION","('0096-S-2000', 1)":"CONTESTACION DEL PODER EJECUTIVO NACIONAL - (320-PE-01); GIRADA A LA COMISION RESPECTIVA"},"('Tramites', 'FECHA')":{"('0096-S-2000', 0)":"23\/08\/2000","('0096-S-2000', 1)":null},"('Tramites', 'RESULTADO')":{"('0096-S-2000', 0)":"APROBADO","('0096-S-2000', 1)":null},"Sumario":{"('0096-S-2000', 0)":"SOLICITUD AL PODER EJECUTIVO NACIONAL.","('0096-S-2000', 1)":null},"Palabra Clave":{"('0096-S-2000', 0)":" ","('0096-S-2000', 1)":null}}