{"Tipo de Proyecto":{"('0096-PE-2000', 0)":"MENSAJE NRO: 0174\/01","('0096-PE-2000', 1)":null,"('0096-PE-2000', 2)":null},"Iniciado en: ":{"('0096-PE-2000', 0)":"Diputados","('0096-PE-2000', 1)":null,"('0096-PE-2000', 2)":null},"Expediente Diputados: ":{"('0096-PE-2000', 0)":"0096-PE-2000","('0096-PE-2000', 1)":null,"('0096-PE-2000', 2)":null},"Publicado en: ":{"('0096-PE-2000', 0)":"Tr\u00e1mite Parlamentario N\u00b0 207","('0096-PE-2000', 1)":null,"('0096-PE-2000', 2)":null},"Fecha: ":{"('0096-PE-2000', 0)":"21\/02\/2001","('0096-PE-2000', 1)":null,"('0096-PE-2000', 2)":null},"T\u00edtulo":{"('0096-PE-2000', 0)":"DECRETO 173\/01, POR EL QUE SE HABILITA EL USO PRIVADO Y COMERCIAL DEL PUERTO PERTENECIENTE A LA FIRMA DELTA DOCK SOCIEDAD ANONIMA, UBICADO A LA ALTURA DEL KILOMETRO 132 DEL RIO PARANA DE LAS PALMAS, MARGEN DERECHA, LOCALIDAD DE LIMA, PROVINCIA DE BUENOS AIRES.","('0096-PE-2000', 1)":null,"('0096-PE-2000', 2)":null},"('Firmantes', 'FIRMANTE')":{"('0096-PE-2000', 0)":"DE LA RUA, FERNANDO","('0096-PE-2000', 1)":"COLOMBO, CHRYSTIAN","('0096-PE-2000', 2)":"MACHINEA, JOSE LUIS"},"('Firmantes', 'DISTRITO')":{"('0096-PE-2000', 0)":null,"('0096-PE-2000', 1)":null,"('0096-PE-2000', 2)":null},"('Firmantes', 'BLOQUE')":{"('0096-PE-2000', 0)":"PODER EJECUTIVO","('0096-PE-2000', 1)":"PODER EJECUTIVO","('0096-PE-2000', 2)":"PODER EJECUTIVO"},"('Giros', 'COMISI\u00d3N')":{"('0096-PE-2000', 0)":"INTERESES MARITIMOS, FLUVIALES, PESQUEROS Y PORTUARIOS","('0096-PE-2000', 1)":null,"('0096-PE-2000', 2)":null},"Sumario":{"('0096-PE-2000', 0)":"COMUNICACION DEL DICTADO DEL MISMO.","('0096-PE-2000', 1)":null,"('0096-PE-2000', 2)":null},"Palabra Clave":{"('0096-PE-2000', 0)":" ","('0096-PE-2000', 1)":null,"('0096-PE-2000', 2)":null}}