{"Tipo de Proyecto":{"('0097-PE-2000', 0)":"MENSAJE NRO: 0253\/01","('0097-PE-2000', 1)":null,"('0097-PE-2000', 2)":null},"Iniciado en: ":{"('0097-PE-2000', 0)":"Diputados","('0097-PE-2000', 1)":null,"('0097-PE-2000', 2)":null},"Expediente Diputados: ":{"('0097-PE-2000', 0)":"0097-PE-2000","('0097-PE-2000', 1)":null,"('0097-PE-2000', 2)":null},"Publicado en: ":{"('0097-PE-2000', 0)":"Tr\u00e1mite Parlamentario N\u00b0 208","('0097-PE-2000', 1)":null,"('0097-PE-2000', 2)":null},"Fecha: ":{"('0097-PE-2000', 0)":"22\/02\/2001","('0097-PE-2000', 1)":null,"('0097-PE-2000', 2)":null},"T\u00edtulo":{"('0097-PE-2000', 0)":"DECRETO 252\/01, POR EL QUE SE HABILITA EL PUERTO PERTENECIENTE A LA FIRMA TRADIGRAIN SOCIEDAD ANONIMA, UBICADO A LA ALTURA DEL KILOMETRO 395 DEL RIO PARANA, MARGEN DERECHA, CIUDAD DE ARROYO SECO, PROVINCIA DE SANTA FE.","('0097-PE-2000', 1)":null,"('0097-PE-2000', 2)":null},"('Firmantes', 'FIRMANTE')":{"('0097-PE-2000', 0)":"DE LA RUA, FERNANDO","('0097-PE-2000', 1)":"COLOMBO, CHRYSTIAN","('0097-PE-2000', 2)":"MACHINEA, JOSE LUIS"},"('Firmantes', 'DISTRITO')":{"('0097-PE-2000', 0)":null,"('0097-PE-2000', 1)":null,"('0097-PE-2000', 2)":null},"('Firmantes', 'BLOQUE')":{"('0097-PE-2000', 0)":"PODER EJECUTIVO","('0097-PE-2000', 1)":"PODER EJECUTIVO","('0097-PE-2000', 2)":"PODER EJECUTIVO"},"('Giros', 'COMISI\u00d3N')":{"('0097-PE-2000', 0)":"INTERESES MARITIMOS, FLUVIALES, PESQUEROS Y PORTUARIOS","('0097-PE-2000', 1)":null,"('0097-PE-2000', 2)":null},"Sumario":{"('0097-PE-2000', 0)":"COMUNICACION DEL DICTADO DEL MISMO.","('0097-PE-2000', 1)":null,"('0097-PE-2000', 2)":null},"Palabra Clave":{"('0097-PE-2000', 0)":" ","('0097-PE-2000', 1)":null,"('0097-PE-2000', 2)":null}}