{"Tipo de Proyecto":{"('0100-S-2000', 0)":"PROYECTO DE RESOLUCI\u00d3N","('0100-S-2000', 1)":null,"('0100-S-2000', 2)":null,"('0100-S-2000', 3)":null},"Iniciado en: ":{"('0100-S-2000', 0)":"Senado","('0100-S-2000', 1)":null,"('0100-S-2000', 2)":null,"('0100-S-2000', 3)":null},"Expediente Diputados: ":{"('0100-S-2000', 0)":"0100-S-2000","('0100-S-2000', 1)":null,"('0100-S-2000', 2)":null,"('0100-S-2000', 3)":null},"Expediente Senado: ":{"('0100-S-2000', 0)":"0779-OV-1998","('0100-S-2000', 1)":null,"('0100-S-2000', 2)":null,"('0100-S-2000', 3)":null},"Publicado en: ":{"('0100-S-2000', 0)":"Diario de Asuntos Entrados N\u00b0 0","('0100-S-2000', 1)":null,"('0100-S-2000', 2)":null,"('0100-S-2000', 3)":null},"Fecha: ":{"('0100-S-2000', 0)":"03\/07\/2000","('0100-S-2000', 1)":null,"('0100-S-2000', 2)":null,"('0100-S-2000', 3)":null},"T\u00edtulo":{"('0100-S-2000', 0)":"RESOLUCION REMITIDA POR LA AUDITORIA GENERAL DE LA NACION SOBRE AUDITORIA DE GESTION AMBIENTAL EN EL AMBITO DE LA COMISION NACIONAL DE REGULACION DEL TRANSPORTE REALIZADA ENTRE EL 16\/10\/97 Y EL 12\/03\/98.","('0100-S-2000', 1)":null,"('0100-S-2000', 2)":null,"('0100-S-2000', 3)":null},"('Firmantes', 'FIRMANTE')":{"('0100-S-2000', 0)":"PARLAMENTARIA MIXTA REVISORA DE CUENTAS","('0100-S-2000', 1)":null,"('0100-S-2000', 2)":null,"('0100-S-2000', 3)":null},"('Firmantes', 'DISTRITO')":{"('0100-S-2000', 0)":null,"('0100-S-2000', 1)":null,"('0100-S-2000', 2)":null,"('0100-S-2000', 3)":null},"('Firmantes', 'BLOQUE')":{"('0100-S-2000', 0)":null,"('0100-S-2000', 1)":null,"('0100-S-2000', 2)":null,"('0100-S-2000', 3)":null},"('Giros', 'COMISI\u00d3N')":{"('0100-S-2000', 0)":"PARLAMENTARIA MIXTA REVISORA DE CUENTAS","('0100-S-2000', 1)":null,"('0100-S-2000', 2)":null,"('0100-S-2000', 3)":null},"('Tramites', 'C\u00c1MARA')":{"('0100-S-2000', 0)":"Senado","('0100-S-2000', 1)":"Diputados","('0100-S-2000', 2)":"Diputados","('0100-S-2000', 3)":"Diputados"},"('Tramites', 'MOVIMIENTO')":{"('0100-S-2000', 0)":"CONSIDERACION Y APROBACION","('0100-S-2000', 1)":"PASA A DIPUTADOS -","('0100-S-2000', 2)":"CONSIDERACION Y APROBACION","('0100-S-2000', 3)":"CONTESTACION DEL PODER EJECUTIVO NACIONAL - JEFE DE GABINETE DE MINISTROS - (0745-OV-01); GIRADA A LA COMISION RESPECTIVA (BAE 39\/01)"},"('Tramites', 'FECHA')":{"('0100-S-2000', 0)":"02\/08\/2000","('0100-S-2000', 1)":null,"('0100-S-2000', 2)":"05\/10\/2000","('0100-S-2000', 3)":"28\/02\/2002"},"('Tramites', 'RESULTADO')":{"('0100-S-2000', 0)":"APROBADO","('0100-S-2000', 1)":null,"('0100-S-2000', 2)":"APROBADO","('0100-S-2000', 3)":null},"Sumario":{"('0100-S-2000', 0)":"DIRIGIRSE AL PODER EJECUTIVO NACIONAL MANIFESTANDO LA NECESIDAD DE QUE SE ADOPTEN LAS MEDIDAS CONDUCENTES A LA CNRT CUMPLA EFICAZMENTE CON SUS FUNCIONES DE FISCALIZACION Y CONTROL DE LAS EMISIONES CONTAMINANTES PROVENIENTES DEL TRANSPORTE AUTOMOTOR.","('0100-S-2000', 1)":null,"('0100-S-2000', 2)":null,"('0100-S-2000', 3)":null},"Palabra Clave":{"('0100-S-2000', 0)":" ","('0100-S-2000', 1)":null,"('0100-S-2000', 2)":null,"('0100-S-2000', 3)":null}}