{"Tipo de Proyecto":{"('0102-S-2000', 0)":"PROYECTO DE RESOLUCI\u00d3N","('0102-S-2000', 1)":null,"('0102-S-2000', 2)":null,"('0102-S-2000', 3)":null},"Iniciado en: ":{"('0102-S-2000', 0)":"Senado","('0102-S-2000', 1)":null,"('0102-S-2000', 2)":null,"('0102-S-2000', 3)":null},"Expediente Diputados: ":{"('0102-S-2000', 0)":"0102-S-2000","('0102-S-2000', 1)":null,"('0102-S-2000', 2)":null,"('0102-S-2000', 3)":null},"Expediente Senado: ":{"('0102-S-2000', 0)":"0070-OV-1999","('0102-S-2000', 1)":null,"('0102-S-2000', 2)":null,"('0102-S-2000', 3)":null},"Publicado en: ":{"('0102-S-2000', 0)":"Diario de Asuntos Entrados N\u00b0 0","('0102-S-2000', 1)":null,"('0102-S-2000', 2)":null,"('0102-S-2000', 3)":null},"Fecha: ":{"('0102-S-2000', 0)":"03\/07\/2000","('0102-S-2000', 1)":null,"('0102-S-2000', 2)":null,"('0102-S-2000', 3)":null},"T\u00edtulo":{"('0102-S-2000', 0)":"RESOLUCION REMITIDA POR LA AUDITORIA GENERAL DE LA NACION SOBRE EL PROGRAMA DE REFORMAS E INVERSIONES EN EL SECTOR EDUCACION.","('0102-S-2000', 1)":null,"('0102-S-2000', 2)":null,"('0102-S-2000', 3)":null},"('Firmantes', 'FIRMANTE')":{"('0102-S-2000', 0)":"PARLAMENTARIA MIXTA REVISORA DE CUENTAS","('0102-S-2000', 1)":null,"('0102-S-2000', 2)":null,"('0102-S-2000', 3)":null},"('Firmantes', 'DISTRITO')":{"('0102-S-2000', 0)":null,"('0102-S-2000', 1)":null,"('0102-S-2000', 2)":null,"('0102-S-2000', 3)":null},"('Firmantes', 'BLOQUE')":{"('0102-S-2000', 0)":null,"('0102-S-2000', 1)":null,"('0102-S-2000', 2)":null,"('0102-S-2000', 3)":null},"('Giros', 'COMISI\u00d3N')":{"('0102-S-2000', 0)":"PARLAMENTARIA MIXTA REVISORA DE CUENTAS","('0102-S-2000', 1)":null,"('0102-S-2000', 2)":null,"('0102-S-2000', 3)":null},"('Tramites', 'C\u00c1MARA')":{"('0102-S-2000', 0)":"Senado","('0102-S-2000', 1)":"Diputados","('0102-S-2000', 2)":"Diputados","('0102-S-2000', 3)":"Diputados"},"('Tramites', 'MOVIMIENTO')":{"('0102-S-2000', 0)":"CONSIDERACION Y APROBACION","('0102-S-2000', 1)":"PASA A DIPUTADOS -","('0102-S-2000', 2)":"CONSIDERACION Y APROBACION","('0102-S-2000', 3)":"CONTESTACION DEL PODER EJECUTIVO NACIONAL - JEFE DE GABINETE DE MINISTROS - (0197-OV-01); GIRADA A LA COMISION RESPECTIVA (BAE 23\/01)"},"('Tramites', 'FECHA')":{"('0102-S-2000', 0)":"02\/08\/2000","('0102-S-2000', 1)":null,"('0102-S-2000', 2)":"05\/10\/2000","('0102-S-2000', 3)":"15\/08\/2001"},"('Tramites', 'RESULTADO')":{"('0102-S-2000', 0)":"APROBADO","('0102-S-2000', 1)":null,"('0102-S-2000', 2)":"APROBADO","('0102-S-2000', 3)":null},"Sumario":{"('0102-S-2000', 0)":"DIRIGIRSE AL PODER EJECUTIVO NACIONAL MANIFESTANDO LA PREOCUPACION DEL CONGRESO DE LA NACION POR EL BAJO CUMPLIMIENTO DE LOS OBJETIVOS DEL PROGRAMA DE REFORMAS E INVERSIONES EN EL SECTOR EDUCACION , PARCIALMENTE FINANCIADO CON LOS RECURSOS PROVENIENTES DEL BANCO INTERAMERICANO DE DESARROLLO.","('0102-S-2000', 1)":null,"('0102-S-2000', 2)":null,"('0102-S-2000', 3)":null},"Palabra Clave":{"('0102-S-2000', 0)":" ","('0102-S-2000', 1)":null,"('0102-S-2000', 2)":null,"('0102-S-2000', 3)":null}}