{"Tipo de Proyecto":{"('0106-S-2000', 0)":"PROYECTO DE RESOLUCI\u00d3N"},"Iniciado en: ":{"('0106-S-2000', 0)":"Senado"},"Expediente Senado: ":{"('0106-S-2000', 0)":"0106-S-2000"},"Publicado en: ":{"('0106-S-2000', 0)":"Diario de Asuntos Entrados N\u00b0 7"},"Fecha: ":{"('0106-S-2000', 0)":"08\/03\/2000"},"T\u00edtulo":{"('0106-S-2000', 0)":"RENDIR HOMENAJE A LA CANTANTE Y ACTRIZ BEATRIZ MARIANA TORRES DE GARCIA, CONOCIDA ARTISTICAMENTE COMO LOLITA TORRES."},"('Firmantes', 'FIRMANTE')":{"('0106-S-2000', 0)":"VILLAVERDE, JORGE ANTONIO"},"('Firmantes', 'DISTRITO')":{"('0106-S-2000', 0)":"BUENOS AIRES"},"('Firmantes', 'BLOQUE')":{"('0106-S-2000', 0)":"JUSTICIALISTA"},"('Tramites', 'C\u00c1MARA')":{"('0106-S-2000', 0)":"Senado"},"('Tramites', 'MOVIMIENTO')":{"('0106-S-2000', 0)":"CONSIDERACION Y APROBACION"},"('Tramites', 'FECHA')":{"('0106-S-2000', 0)":"17\/05\/2000"},"('Tramites', 'RESULTADO')":{"('0106-S-2000', 0)":"APROBADO"},"Sumario":{"('0106-S-2000', 0)":"AUTORIZAR A LA COMISION DE CULTURA PARA QUE LO ORGANICE."},"Palabra Clave":{"('0106-S-2000', 0)":" "}}