{"Tipo de Proyecto":{"('0108-S-2000', 0)":"PROYECTO DE RESOLUCI\u00d3N"},"Iniciado en: ":{"('0108-S-2000', 0)":"Senado"},"Expediente Senado: ":{"('0108-S-2000', 0)":"0108-S-2000"},"Publicado en: ":{"('0108-S-2000', 0)":"Diario de Asuntos Entrados N\u00b0 7"},"Fecha: ":{"('0108-S-2000', 0)":"08\/03\/2000"},"T\u00edtulo":{"('0108-S-2000', 0)":"TENER POR CONTESTADAS LAS INTIMACIONES EFECTUADAS EN EL JUICIO POLITICO SEGUIDO AL JUEZ JORGE PISARENCO."},"('Firmantes', 'FIRMANTE')":{"('0108-S-2000', 0)":"GALVAN, RAUL ALFREDO"},"('Firmantes', 'DISTRITO')":{"('0108-S-2000', 0)":"LA RIOJA"},"('Firmantes', 'BLOQUE')":{"('0108-S-2000', 0)":"UCR"},"Sumario":{"('0108-S-2000', 0)":"NOTIFICAR PERSONALMENTE O POR CEDULA."},"Palabra Clave":{"('0108-S-2000', 0)":" "}}