{"Tipo de Proyecto":{"('0109-S-2000', 0)":"PROYECTO DE RESOLUCI\u00d3N","('0109-S-2000', 1)":null,"('0109-S-2000', 2)":null,"('0109-S-2000', 3)":null,"('0109-S-2000', 4)":null,"('0109-S-2000', 5)":null,"('0109-S-2000', 6)":null,"('0109-S-2000', 7)":null,"('0109-S-2000', 8)":null,"('0109-S-2000', 9)":null,"('0109-S-2000', 10)":null,"('0109-S-2000', 11)":null},"Iniciado en: ":{"('0109-S-2000', 0)":"Senado","('0109-S-2000', 1)":null,"('0109-S-2000', 2)":null,"('0109-S-2000', 3)":null,"('0109-S-2000', 4)":null,"('0109-S-2000', 5)":null,"('0109-S-2000', 6)":null,"('0109-S-2000', 7)":null,"('0109-S-2000', 8)":null,"('0109-S-2000', 9)":null,"('0109-S-2000', 10)":null,"('0109-S-2000', 11)":null},"Expediente Diputados: ":{"('0109-S-2000', 0)":"0109-S-2000","('0109-S-2000', 1)":null,"('0109-S-2000', 2)":null,"('0109-S-2000', 3)":null,"('0109-S-2000', 4)":null,"('0109-S-2000', 5)":null,"('0109-S-2000', 6)":null,"('0109-S-2000', 7)":null,"('0109-S-2000', 8)":null,"('0109-S-2000', 9)":null,"('0109-S-2000', 10)":null,"('0109-S-2000', 11)":null},"Expediente Senado: ":{"('0109-S-2000', 0)":"1870-S-2000","('0109-S-2000', 1)":null,"('0109-S-2000', 2)":null,"('0109-S-2000', 3)":null,"('0109-S-2000', 4)":null,"('0109-S-2000', 5)":null,"('0109-S-2000', 6)":null,"('0109-S-2000', 7)":null,"('0109-S-2000', 8)":null,"('0109-S-2000', 9)":null,"('0109-S-2000', 10)":null,"('0109-S-2000', 11)":null},"Publicado en: ":{"('0109-S-2000', 0)":"Diario de Asuntos Entrados N\u00b0 99","('0109-S-2000', 1)":null,"('0109-S-2000', 2)":null,"('0109-S-2000', 3)":null,"('0109-S-2000', 4)":null,"('0109-S-2000', 5)":null,"('0109-S-2000', 6)":null,"('0109-S-2000', 7)":null,"('0109-S-2000', 8)":null,"('0109-S-2000', 9)":null,"('0109-S-2000', 10)":null,"('0109-S-2000', 11)":null},"Fecha: ":{"('0109-S-2000', 0)":"30\/08\/2000","('0109-S-2000', 1)":null,"('0109-S-2000', 2)":null,"('0109-S-2000', 3)":null,"('0109-S-2000', 4)":null,"('0109-S-2000', 5)":null,"('0109-S-2000', 6)":null,"('0109-S-2000', 7)":null,"('0109-S-2000', 8)":null,"('0109-S-2000', 9)":null,"('0109-S-2000', 10)":null,"('0109-S-2000', 11)":null},"T\u00edtulo":{"('0109-S-2000', 0)":"CREACION EN EL AMBITO DEL H SENADO, DE LA COMISION INVESTIGADORA ESPECIAL DE LAS PRESUNTAS MANIOBRAS ILICITAS EN LA APROBACION DE LA LEY DE REFORMA LABORAL (25250).","('0109-S-2000', 1)":null,"('0109-S-2000', 2)":null,"('0109-S-2000', 3)":null,"('0109-S-2000', 4)":null,"('0109-S-2000', 5)":null,"('0109-S-2000', 6)":null,"('0109-S-2000', 7)":null,"('0109-S-2000', 8)":null,"('0109-S-2000', 9)":null,"('0109-S-2000', 10)":null,"('0109-S-2000', 11)":null},"('Firmantes', 'FIRMANTE')":{"('0109-S-2000', 0)":"GALVAN, RAUL ALFREDO","('0109-S-2000', 1)":"LEON, LUIS A.","('0109-S-2000', 2)":"LOPEZ, ALCIDES HUMBERTO","('0109-S-2000', 3)":"MOLINARI ROMERO, LUIS","('0109-S-2000', 4)":"MAGLIETTI, ALBERTO RAMON","('0109-S-2000', 5)":"MOREAU, LEOPOLDO RAUL G.","('0109-S-2000', 6)":"AGUNDEZ, JORGE ALFREDO","('0109-S-2000', 7)":"VILLARROEL, PEDRO G.","('0109-S-2000', 8)":"ROSTAN, NESTOR DANIEL","('0109-S-2000', 9)":"MENEGHINI, JAVIER REYNALDO","('0109-S-2000', 10)":"ANGELOZ, EDUARDO CESAR","('0109-S-2000', 11)":"SALUM, HUMBERTO ELIAS"},"('Firmantes', 'DISTRITO')":{"('0109-S-2000', 0)":"LA RIOJA","('0109-S-2000', 1)":"CHACO","('0109-S-2000', 2)":"ENTRE RIOS","('0109-S-2000', 3)":"CORDOBA","('0109-S-2000', 4)":"FORMOSA","('0109-S-2000', 5)":"BUENOS AIRES","('0109-S-2000', 6)":"SAN LUIS","('0109-S-2000', 7)":"CATAMARCA","('0109-S-2000', 8)":"LA PAMPA","('0109-S-2000', 9)":"SANTIAGO DEL ESTERO","('0109-S-2000', 10)":"CORDOBA","('0109-S-2000', 11)":"JUJUY"},"('Firmantes', 'BLOQUE')":{"('0109-S-2000', 0)":"UCR","('0109-S-2000', 1)":"UCR","('0109-S-2000', 2)":"UCR","('0109-S-2000', 3)":"UCR","('0109-S-2000', 4)":"UCR","('0109-S-2000', 5)":"UCR","('0109-S-2000', 6)":"UCR","('0109-S-2000', 7)":"FRENTE CIVICO Y SOCIAL DE CATAMARCA","('0109-S-2000', 8)":"UCR","('0109-S-2000', 9)":"UCR","('0109-S-2000', 10)":"UCR","('0109-S-2000', 11)":"UCR"},"('Giros', 'COMISI\u00d3N')":{"('0109-S-2000', 0)":"A LA PRESIDENCIA","('0109-S-2000', 1)":null,"('0109-S-2000', 2)":null,"('0109-S-2000', 3)":null,"('0109-S-2000', 4)":null,"('0109-S-2000', 5)":null,"('0109-S-2000', 6)":null,"('0109-S-2000', 7)":null,"('0109-S-2000', 8)":null,"('0109-S-2000', 9)":null,"('0109-S-2000', 10)":null,"('0109-S-2000', 11)":null},"('Tramites', 'C\u00c1MARA')":{"('0109-S-2000', 0)":"Senado","('0109-S-2000', 1)":"Senado","('0109-S-2000', 2)":"Diputados","('0109-S-2000', 3)":null,"('0109-S-2000', 4)":null,"('0109-S-2000', 5)":null,"('0109-S-2000', 6)":null,"('0109-S-2000', 7)":null,"('0109-S-2000', 8)":null,"('0109-S-2000', 9)":null,"('0109-S-2000', 10)":null,"('0109-S-2000', 11)":null},"('Tramites', 'MOVIMIENTO')":{"('0109-S-2000', 0)":"MOCION SOBRE TABLAS (AFIRMATIVA)","('0109-S-2000', 1)":"CONSIDERACION Y APROBACION JUNTO CON EXPEDIENTES 1812-S-00 Y 1841-S-00 (SE APRUEBA EL TEXTO DEL EXPEDIENTE 1870-S-00 CON MODIFICACIONES)","('0109-S-2000', 2)":"COMUNICACION A DIPUTADOS - (TP 124, 01\/09\/2000)","('0109-S-2000', 3)":null,"('0109-S-2000', 4)":null,"('0109-S-2000', 5)":null,"('0109-S-2000', 6)":null,"('0109-S-2000', 7)":null,"('0109-S-2000', 8)":null,"('0109-S-2000', 9)":null,"('0109-S-2000', 10)":null,"('0109-S-2000', 11)":null},"('Tramites', 'FECHA')":{"('0109-S-2000', 0)":"30\/08\/2000","('0109-S-2000', 1)":"30\/08\/2000","('0109-S-2000', 2)":null,"('0109-S-2000', 3)":null,"('0109-S-2000', 4)":null,"('0109-S-2000', 5)":null,"('0109-S-2000', 6)":null,"('0109-S-2000', 7)":null,"('0109-S-2000', 8)":null,"('0109-S-2000', 9)":null,"('0109-S-2000', 10)":null,"('0109-S-2000', 11)":null},"('Tramites', 'RESULTADO')":{"('0109-S-2000', 0)":null,"('0109-S-2000', 1)":"APROBADO","('0109-S-2000', 2)":null,"('0109-S-2000', 3)":null,"('0109-S-2000', 4)":null,"('0109-S-2000', 5)":null,"('0109-S-2000', 6)":null,"('0109-S-2000', 7)":null,"('0109-S-2000', 8)":null,"('0109-S-2000', 9)":null,"('0109-S-2000', 10)":null,"('0109-S-2000', 11)":null},"Sumario":{"('0109-S-2000', 0)":"INTEGRACION; ATRIBUCIONES; DURACION.","('0109-S-2000', 1)":null,"('0109-S-2000', 2)":null,"('0109-S-2000', 3)":null,"('0109-S-2000', 4)":null,"('0109-S-2000', 5)":null,"('0109-S-2000', 6)":null,"('0109-S-2000', 7)":null,"('0109-S-2000', 8)":null,"('0109-S-2000', 9)":null,"('0109-S-2000', 10)":null,"('0109-S-2000', 11)":null},"Palabra Clave":{"('0109-S-2000', 0)":" ","('0109-S-2000', 1)":null,"('0109-S-2000', 2)":null,"('0109-S-2000', 3)":null,"('0109-S-2000', 4)":null,"('0109-S-2000', 5)":null,"('0109-S-2000', 6)":null,"('0109-S-2000', 7)":null,"('0109-S-2000', 8)":null,"('0109-S-2000', 9)":null,"('0109-S-2000', 10)":null,"('0109-S-2000', 11)":null}}