{"Tipo de Proyecto":{"('0110-OV-2000', 0)":"PROYECTO DE RESOLUCI\u00d3N","('0110-OV-2000', 1)":null,"('0110-OV-2000', 2)":null,"('0110-OV-2000', 3)":null,"('0110-OV-2000', 4)":null},"Iniciado en: ":{"('0110-OV-2000', 0)":"Senado","('0110-OV-2000', 1)":null,"('0110-OV-2000', 2)":null,"('0110-OV-2000', 3)":null,"('0110-OV-2000', 4)":null},"Expediente Senado: ":{"('0110-OV-2000', 0)":"0110-OV-2000","('0110-OV-2000', 1)":null,"('0110-OV-2000', 2)":null,"('0110-OV-2000', 3)":null,"('0110-OV-2000', 4)":null},"Fecha: ":{"('0110-OV-2000', 0)":"29\/09\/2000","('0110-OV-2000', 1)":null,"('0110-OV-2000', 2)":null,"('0110-OV-2000', 3)":null,"('0110-OV-2000', 4)":null},"T\u00edtulo":{"('0110-OV-2000', 0)":"RECHAZAR LOS PLIEGOS DE LOS CIUDADANOS MIGUEL ANGEL MIBELLI Y ARMANDO NERI SANTILLAN, COMO SENADORES NACIONALES TITULAR Y SUPLENTE, POR LA MINORIA DE LA PROVINCIA DE TUCUMAN.","('0110-OV-2000', 1)":null,"('0110-OV-2000', 2)":null,"('0110-OV-2000', 3)":null,"('0110-OV-2000', 4)":null},"('Firmantes', 'FIRMANTE')":{"('0110-OV-2000', 0)":"ASUNTOS CONSTITUCIONALES","('0110-OV-2000', 1)":null,"('0110-OV-2000', 2)":null,"('0110-OV-2000', 3)":null,"('0110-OV-2000', 4)":null},"('Firmantes', 'DISTRITO')":{"('0110-OV-2000', 0)":null,"('0110-OV-2000', 1)":null,"('0110-OV-2000', 2)":null,"('0110-OV-2000', 3)":null,"('0110-OV-2000', 4)":null},"('Firmantes', 'BLOQUE')":{"('0110-OV-2000', 0)":null,"('0110-OV-2000', 1)":null,"('0110-OV-2000', 2)":null,"('0110-OV-2000', 3)":null,"('0110-OV-2000', 4)":null},"('Tramites', 'C\u00c1MARA')":{"('0110-OV-2000', 0)":"Senado","('0110-OV-2000', 1)":"Senado","('0110-OV-2000', 2)":"Senado","('0110-OV-2000', 3)":"Senado","('0110-OV-2000', 4)":"Senado"},"('Tramites', 'MOVIMIENTO')":{"('0110-OV-2000', 0)":"CONSIDERACION Y APROBACION","('0110-OV-2000', 1)":"MOCION DE RECONSIDERACION (AFIRMATIVA)","('0110-OV-2000', 2)":"MOCION DE VUELTA A COMISION (AFIRMATIVA)","('0110-OV-2000', 3)":"MANIFESTACIONES","('0110-OV-2000', 4)":"CONSIDERACION Y APROBACION DEL RECHAZO DE LOS DIPLOMAS"},"('Tramites', 'FECHA')":{"('0110-OV-2000', 0)":"25\/10\/2000","('0110-OV-2000', 1)":"25\/10\/2000","('0110-OV-2000', 2)":"25\/10\/2000","('0110-OV-2000', 3)":"15\/11\/2000","('0110-OV-2000', 4)":"22\/11\/2000"},"('Tramites', 'RESULTADO')":{"('0110-OV-2000', 0)":null,"('0110-OV-2000', 1)":null,"('0110-OV-2000', 2)":null,"('0110-OV-2000', 3)":null,"('0110-OV-2000', 4)":"APROBADO"},"Sumario":{"('0110-OV-2000', 0)":"POR NO CUMPLIR LAS CONDICIONES EXIGIDAS EN LA CLAUSULA TRANSITORIA CUARTA DE LA CONSTITUCION NACIONAL.","('0110-OV-2000', 1)":null,"('0110-OV-2000', 2)":null,"('0110-OV-2000', 3)":null,"('0110-OV-2000', 4)":null},"Palabra Clave":{"('0110-OV-2000', 0)":" ","('0110-OV-2000', 1)":null,"('0110-OV-2000', 2)":null,"('0110-OV-2000', 3)":null,"('0110-OV-2000', 4)":null}}