{"Tipo de Proyecto":{"('0111-S-2000', 0)":"PROYECTO DE RESOLUCI\u00d3N","('0111-S-2000', 1)":null,"('0111-S-2000', 2)":null},"Iniciado en: ":{"('0111-S-2000', 0)":"Senado","('0111-S-2000', 1)":null,"('0111-S-2000', 2)":null},"Expediente Diputados: ":{"('0111-S-2000', 0)":"0111-S-2000","('0111-S-2000', 1)":null,"('0111-S-2000', 2)":null},"Expediente Senado: ":{"('0111-S-2000', 0)":"0129-OV-1998","('0111-S-2000', 1)":null,"('0111-S-2000', 2)":null},"Publicado en: ":{"('0111-S-2000', 0)":"Diario de Asuntos Entrados N\u00b0 0","('0111-S-2000', 1)":null,"('0111-S-2000', 2)":null},"Fecha: ":{"('0111-S-2000', 0)":"22\/08\/2000","('0111-S-2000', 1)":null,"('0111-S-2000', 2)":null},"T\u00edtulo":{"('0111-S-2000', 0)":"RESOLUCION REMITIDA POR LA AUDITORIA GENERAL DE LA NACION SOBRE ANALISIS DE LA VENTA DEL PAQUETE ACCIONARIO EN EL AMBITO DE YPF - REFINOR SOCIEDAD ANONIMA.","('0111-S-2000', 1)":null,"('0111-S-2000', 2)":null},"('Firmantes', 'FIRMANTE')":{"('0111-S-2000', 0)":"PARLAMENTARIA MIXTA REVISORA DE CUENTAS","('0111-S-2000', 1)":null,"('0111-S-2000', 2)":null},"('Firmantes', 'DISTRITO')":{"('0111-S-2000', 0)":null,"('0111-S-2000', 1)":null,"('0111-S-2000', 2)":null},"('Firmantes', 'BLOQUE')":{"('0111-S-2000', 0)":null,"('0111-S-2000', 1)":null,"('0111-S-2000', 2)":null},"('Giros', 'COMISI\u00d3N')":{"('0111-S-2000', 0)":"PARLAMENTARIA MIXTA REVISORA DE CUENTAS","('0111-S-2000', 1)":null,"('0111-S-2000', 2)":null},"('Tramites', 'C\u00c1MARA')":{"('0111-S-2000', 0)":"Senado","('0111-S-2000', 1)":"Diputados","('0111-S-2000', 2)":"Diputados"},"('Tramites', 'MOVIMIENTO')":{"('0111-S-2000', 0)":"CONSIDERACION Y APROBACION","('0111-S-2000', 1)":"PASA A DIPUTADOS -","('0111-S-2000', 2)":"CONSIDERACION Y APROBACION"},"('Tramites', 'FECHA')":{"('0111-S-2000', 0)":"06\/09\/2000","('0111-S-2000', 1)":null,"('0111-S-2000', 2)":"19\/10\/2000"},"('Tramites', 'RESULTADO')":{"('0111-S-2000', 0)":"APROBADO","('0111-S-2000', 1)":null,"('0111-S-2000', 2)":"APROBADO"},"Sumario":{"('0111-S-2000', 0)":"SOLICITUD AL PODER EJECUTIVO NACIONAL INFORME SOBRE LAS MEDIDAS ADOPTADAS PARTICULARMENTE EN LO RELATIVO A DETERMINAR EL GRADO DE ADECUACION DEL PROCEDIMIENTO A LAS NORMAS Y PAUTAS DE GESTION CONCERNIENTES A LA CORRECTA DEFENSA DEL PATRIMONIO DEL ESTADO NACIONAL.","('0111-S-2000', 1)":null,"('0111-S-2000', 2)":null},"Palabra Clave":{"('0111-S-2000', 0)":" ","('0111-S-2000', 1)":null,"('0111-S-2000', 2)":null}}