{"Tipo de Proyecto":{"('0111-D-2000', 0)":"PROYECTO DE RESOLUCI\u00d3N","('0111-D-2000', 1)":null,"('0111-D-2000', 2)":null,"('0111-D-2000', 3)":null},"Iniciado en: ":{"('0111-D-2000', 0)":"Diputados","('0111-D-2000', 1)":null,"('0111-D-2000', 2)":null,"('0111-D-2000', 3)":null},"Expediente Diputados: ":{"('0111-D-2000', 0)":"0111-D-2000","('0111-D-2000', 1)":null,"('0111-D-2000', 2)":null,"('0111-D-2000', 3)":null},"Publicado en: ":{"('0111-D-2000', 0)":"Tr\u00e1mite Parlamentario N\u00b0 1","('0111-D-2000', 1)":null,"('0111-D-2000', 2)":null,"('0111-D-2000', 3)":null},"Fecha: ":{"('0111-D-2000', 0)":"01\/03\/2000","('0111-D-2000', 1)":null,"('0111-D-2000', 2)":null,"('0111-D-2000', 3)":null},"T\u00edtulo":{"('0111-D-2000', 0)":"INSISTIR ANTE LA ORGANIZACION MUNDIAL DE COMERCIO POR INTERMEDIO DE LOS REPRESENTANTES ARGENTINOS EN LAS NEGOCIACIONES, EN EL PLANTEO DE LAS SUBVENCIONES SIMULADAS A LAS EXPORTACIONES QUE MEDIANTE EL REGIMEN DE CORPORACIONES DE VENTA AL EXTERIOR (FSC) APLICA ESTADOS UNIDOS DE NORTEAMERICA Y PERJUDICA A NUESTRO SECTOR AGRICOLA PRINCIPALMENTE.","('0111-D-2000', 1)":null,"('0111-D-2000', 2)":null,"('0111-D-2000', 3)":null},"('Firmantes', 'FIRMANTE')":{"('0111-D-2000', 0)":"CURLETTI, MIRIAM BELEN","('0111-D-2000', 1)":"CARRIO, ELISA MARIA AVELINA","('0111-D-2000', 2)":"GEIJO, ANGEL OSCAR","('0111-D-2000', 3)":"ROMERO, HECTOR RAMON"},"('Firmantes', 'DISTRITO')":{"('0111-D-2000', 0)":"CHACO","('0111-D-2000', 1)":"CHACO","('0111-D-2000', 2)":"CHACO","('0111-D-2000', 3)":"CHACO"},"('Firmantes', 'BLOQUE')":{"('0111-D-2000', 0)":"UCR","('0111-D-2000', 1)":"UCR","('0111-D-2000', 2)":"UCR","('0111-D-2000', 3)":"UCR"},"('Giros', 'COMISI\u00d3N')":{"('0111-D-2000', 0)":"RELACIONES EXTERIORES Y CULTO","('0111-D-2000', 1)":"AGRICULTURA Y GANADERIA","('0111-D-2000', 2)":"COMERCIO","('0111-D-2000', 3)":null},"Sumario":{"('0111-D-2000', 0)":"SOLICITUD AL PODER EJECUTIVO NACIONAL.","('0111-D-2000', 1)":null,"('0111-D-2000', 2)":null,"('0111-D-2000', 3)":null},"Palabra Clave":{"('0111-D-2000', 0)":" ","('0111-D-2000', 1)":null,"('0111-D-2000', 2)":null,"('0111-D-2000', 3)":null}}