{"Tipo de Proyecto":{"('0112-S-2000', 0)":"PROYECTO DE RESOLUCI\u00d3N","('0112-S-2000', 1)":null,"('0112-S-2000', 2)":null},"Iniciado en: ":{"('0112-S-2000', 0)":"Senado","('0112-S-2000', 1)":null,"('0112-S-2000', 2)":null},"Expediente Diputados: ":{"('0112-S-2000', 0)":"0112-S-2000","('0112-S-2000', 1)":null,"('0112-S-2000', 2)":null},"Expediente Senado: ":{"('0112-S-2000', 0)":"0431-OV-1998","('0112-S-2000', 1)":null,"('0112-S-2000', 2)":null},"Publicado en: ":{"('0112-S-2000', 0)":"Diario de Asuntos Entrados N\u00b0 0","('0112-S-2000', 1)":null,"('0112-S-2000', 2)":null},"Fecha: ":{"('0112-S-2000', 0)":"22\/08\/2000","('0112-S-2000', 1)":null,"('0112-S-2000', 2)":null},"T\u00edtulo":{"('0112-S-2000', 0)":"RESOLUCION REMITIDA POR LA AUDITORIA GENERAL DE LA NACION REFERIDA A LA AUDITORIA REALIZADA EN EL AMBITO DEL INSTITUTO NACIONAL DE ALIMENTOS - ADMINISTRACION NACIONAL DE MEDICAMENTOS, ALIMENTOS Y TECNOLOGIA MEDICA.","('0112-S-2000', 1)":null,"('0112-S-2000', 2)":null},"('Firmantes', 'FIRMANTE')":{"('0112-S-2000', 0)":"PARLAMENTARIA MIXTA REVISORA DE CUENTAS","('0112-S-2000', 1)":null,"('0112-S-2000', 2)":null},"('Firmantes', 'DISTRITO')":{"('0112-S-2000', 0)":null,"('0112-S-2000', 1)":null,"('0112-S-2000', 2)":null},"('Firmantes', 'BLOQUE')":{"('0112-S-2000', 0)":null,"('0112-S-2000', 1)":null,"('0112-S-2000', 2)":null},"('Giros', 'COMISI\u00d3N')":{"('0112-S-2000', 0)":"PARLAMENTARIA MIXTA REVISORA DE CUENTAS","('0112-S-2000', 1)":null,"('0112-S-2000', 2)":null},"('Tramites', 'C\u00c1MARA')":{"('0112-S-2000', 0)":"Senado","('0112-S-2000', 1)":"Diputados","('0112-S-2000', 2)":"Diputados"},"('Tramites', 'MOVIMIENTO')":{"('0112-S-2000', 0)":"CONSIDERACION Y APROBACION","('0112-S-2000', 1)":"PASA A DIPUTADOS -","('0112-S-2000', 2)":"CONSIDERACION Y APROBACION"},"('Tramites', 'FECHA')":{"('0112-S-2000', 0)":"06\/09\/2000","('0112-S-2000', 1)":null,"('0112-S-2000', 2)":"19\/10\/2000"},"('Tramites', 'RESULTADO')":{"('0112-S-2000', 0)":"APROBADO","('0112-S-2000', 1)":null,"('0112-S-2000', 2)":"APROBADO"},"Sumario":{"('0112-S-2000', 0)":"SOLICITUD AL PODER EJECUTIVO NACIONAL INFORME SOBRE LAS MEDIDAS ADOPTADAS A LOS FINES DE ADECUAR LOS MECANISMOS DE CONTROL Y FISCALIZACION SANITARIA A CARGO DE LA ANMAT AL CABAL CUMPLIMIENTO DE LAS COMPETENCIAS DEL ORGANISMO EN ORDEN A LA SALVAGUARDA DE LA SALUD DE LA POBLACION.","('0112-S-2000', 1)":null,"('0112-S-2000', 2)":null},"Palabra Clave":{"('0112-S-2000', 0)":" ","('0112-S-2000', 1)":null,"('0112-S-2000', 2)":null}}