{"Tipo de Proyecto":{"('0112-D-2000', 0)":"PROYECTO DE RESOLUCI\u00d3N","('0112-D-2000', 1)":null,"('0112-D-2000', 2)":null,"('0112-D-2000', 3)":null},"Iniciado en: ":{"('0112-D-2000', 0)":"Diputados","('0112-D-2000', 1)":null,"('0112-D-2000', 2)":null,"('0112-D-2000', 3)":null},"Expediente Diputados: ":{"('0112-D-2000', 0)":"0112-D-2000","('0112-D-2000', 1)":null,"('0112-D-2000', 2)":null,"('0112-D-2000', 3)":null},"Publicado en: ":{"('0112-D-2000', 0)":"Tr\u00e1mite Parlamentario N\u00b0 1","('0112-D-2000', 1)":null,"('0112-D-2000', 2)":null,"('0112-D-2000', 3)":null},"Fecha: ":{"('0112-D-2000', 0)":"01\/03\/2000","('0112-D-2000', 1)":null,"('0112-D-2000', 2)":null,"('0112-D-2000', 3)":null},"T\u00edtulo":{"('0112-D-2000', 0)":"VIGESIMO SEXTA FERIA INTERNACIONAL DEL LIBRO DEL AUTOR AL LECTOR.","('0112-D-2000', 1)":null,"('0112-D-2000', 2)":null,"('0112-D-2000', 3)":null},"('Firmantes', 'FIRMANTE')":{"('0112-D-2000', 0)":"CURLETTI, MIRIAM BELEN","('0112-D-2000', 1)":"CARRIO, ELISA MARIA AVELINA","('0112-D-2000', 2)":"GEIJO, ANGEL OSCAR","('0112-D-2000', 3)":"MANZOTTI, MABEL GLADIS"},"('Firmantes', 'DISTRITO')":{"('0112-D-2000', 0)":"CHACO","('0112-D-2000', 1)":"CHACO","('0112-D-2000', 2)":"CHACO","('0112-D-2000', 3)":"BUENOS AIRES"},"('Firmantes', 'BLOQUE')":{"('0112-D-2000', 0)":"UCR","('0112-D-2000', 1)":"UCR","('0112-D-2000', 2)":"UCR","('0112-D-2000', 3)":"UCR"},"('Giros', 'COMISI\u00d3N')":{"('0112-D-2000', 0)":"CULTURA","('0112-D-2000', 1)":null,"('0112-D-2000', 2)":null,"('0112-D-2000', 3)":null},"('Tramites', 'C\u00c1MARA')":{"('0112-D-2000', 0)":"Diputados","('0112-D-2000', 1)":null,"('0112-D-2000', 2)":null,"('0112-D-2000', 3)":null},"('Tramites', 'MOVIMIENTO')":{"('0112-D-2000', 0)":"CONSIDERACION Y APROBACION","('0112-D-2000', 1)":null,"('0112-D-2000', 2)":null,"('0112-D-2000', 3)":null},"('Tramites', 'FECHA')":{"('0112-D-2000', 0)":"06\/04\/2000","('0112-D-2000', 1)":null,"('0112-D-2000', 2)":null,"('0112-D-2000', 3)":null},"('Tramites', 'RESULTADO')":{"('0112-D-2000', 0)":"APROBADO","('0112-D-2000', 1)":null,"('0112-D-2000', 2)":null,"('0112-D-2000', 3)":null},"Sumario":{"('0112-D-2000', 0)":"DECLARACION DE INTERES PARLAMENTARIO.","('0112-D-2000', 1)":null,"('0112-D-2000', 2)":null,"('0112-D-2000', 3)":null},"Palabra Clave":{"('0112-D-2000', 0)":" ","('0112-D-2000', 1)":null,"('0112-D-2000', 2)":null,"('0112-D-2000', 3)":null}}