{"Tipo de Proyecto":{"('0115-D-2000', 0)":"PROYECTO DE RESOLUCI\u00d3N"},"Iniciado en: ":{"('0115-D-2000', 0)":"Diputados"},"Expediente Diputados: ":{"('0115-D-2000', 0)":"0115-D-2000"},"Publicado en: ":{"('0115-D-2000', 0)":"Tr\u00e1mite Parlamentario N\u00b0 1"},"Fecha: ":{"('0115-D-2000', 0)":"01\/03\/2000"},"T\u00edtulo":{"('0115-D-2000', 0)":"FELICITAR A LA ESCUELA SUPERIOR DE GUERRA \"TENIENTE GENERAL LUIS MARIA CAMPOS\" AL CUMPLIRSE EL 25 DE ABRIL DEL PRESENTE A\u00d1O, EL 100 ANIVERSARIO DE SU FUNDACION, Y OTRAS CUESTIONES CONEXAS."},"('Firmantes', 'FIRMANTE')":{"('0115-D-2000', 0)":"PEPE, LORENZO ANTONIO"},"('Firmantes', 'DISTRITO')":{"('0115-D-2000', 0)":"BUENOS AIRES"},"('Firmantes', 'BLOQUE')":{"('0115-D-2000', 0)":"JUSTICIALISTA"},"('Giros', 'COMISI\u00d3N')":{"('0115-D-2000', 0)":"DEFENSA NACIONAL"},"('Tramites', 'C\u00c1MARA')":{"('0115-D-2000', 0)":"Diputados"},"('Tramites', 'MOVIMIENTO')":{"('0115-D-2000', 0)":"CONSIDERACION Y APROBACION"},"('Tramites', 'FECHA')":{"('0115-D-2000', 0)":"06\/04\/2000"},"('Tramites', 'RESULTADO')":{"('0115-D-2000', 0)":"APROBADO"},"Sumario":{"('0115-D-2000', 0)":"COLOCACION DE UNA PLACA."},"Palabra Clave":{"('0115-D-2000', 0)":" "}}