{"Tipo de Proyecto":{"('0116-OV-2000', 0)":"PROYECTO DE RESOLUCI\u00d3N"},"Iniciado en: ":{"('0116-OV-2000', 0)":"Senado"},"Expediente Senado: ":{"('0116-OV-2000', 0)":"0116-OV-2000"},"Fecha: ":{"('0116-OV-2000', 0)":"19\/07\/2002"},"T\u00edtulo":{"('0116-OV-2000', 0)":"DICTAMEN EN LA RESOLUCION REMITIDA POR LA AUDITORIA GENERAL DE LA NACION SOBRE INFORME DE AUDITORIA REFERENTE AL ENTE NACIONAL REGULADOR DEL GAS, CONTROL DE LAS TARIFAS DIFERENCIALES APLICADAS POR LA DISTRIBUIDORA GASNOR SA."},"('Firmantes', 'FIRMANTE')":{"('0116-OV-2000', 0)":"PARLAMENTARIA MIXTA REVISORA DE CUENTAS"},"('Firmantes', 'DISTRITO')":{"('0116-OV-2000', 0)":null},"('Firmantes', 'BLOQUE')":{"('0116-OV-2000', 0)":null},"('Tramites', 'C\u00c1MARA')":{"('0116-OV-2000', 0)":"Senado"},"('Tramites', 'MOVIMIENTO')":{"('0116-OV-2000', 0)":"CONSIDERACION Y APROBACION (AL ARCHIVO)"},"('Tramites', 'FECHA')":{"('0116-OV-2000', 0)":"15\/08\/2002"},"('Tramites', 'RESULTADO')":{"('0116-OV-2000', 0)":"ARCHIVADO"},"Sumario":{"('0116-OV-2000', 0)":"HABIENDO TOMADO CONOCIMIENTO DEL MISMO Y NO CONTENIENDO REQUERIMIENTOS DE ACCION SUBSISTENTES, SE ACONSEJA SU REMISION AL ARCHIVO."},"Palabra Clave":{"('0116-OV-2000', 0)":" "}}