{"Tipo de Proyecto":{"('0118-D-2000', 0)":"PROYECTO DE DECLARACI\u00d3N","('0118-D-2000', 1)":null,"('0118-D-2000', 2)":null,"('0118-D-2000', 3)":null,"('0118-D-2000', 4)":null,"('0118-D-2000', 5)":null,"('0118-D-2000', 6)":null,"('0118-D-2000', 7)":null},"Iniciado en: ":{"('0118-D-2000', 0)":"Diputados","('0118-D-2000', 1)":null,"('0118-D-2000', 2)":null,"('0118-D-2000', 3)":null,"('0118-D-2000', 4)":null,"('0118-D-2000', 5)":null,"('0118-D-2000', 6)":null,"('0118-D-2000', 7)":null},"Expediente Diputados: ":{"('0118-D-2000', 0)":"0118-D-2000","('0118-D-2000', 1)":null,"('0118-D-2000', 2)":null,"('0118-D-2000', 3)":null,"('0118-D-2000', 4)":null,"('0118-D-2000', 5)":null,"('0118-D-2000', 6)":null,"('0118-D-2000', 7)":null},"Publicado en: ":{"('0118-D-2000', 0)":"Tr\u00e1mite Parlamentario N\u00b0 1","('0118-D-2000', 1)":null,"('0118-D-2000', 2)":null,"('0118-D-2000', 3)":null,"('0118-D-2000', 4)":null,"('0118-D-2000', 5)":null,"('0118-D-2000', 6)":null,"('0118-D-2000', 7)":null},"Fecha: ":{"('0118-D-2000', 0)":"01\/03\/2000","('0118-D-2000', 1)":null,"('0118-D-2000', 2)":null,"('0118-D-2000', 3)":null,"('0118-D-2000', 4)":null,"('0118-D-2000', 5)":null,"('0118-D-2000', 6)":null,"('0118-D-2000', 7)":null},"T\u00edtulo":{"('0118-D-2000', 0)":"INICIAR LAS GESTIONES PERTINENTES CON LAS AUTORIDADES DE LOS ESTADOS UNIDOS DE AMERICA A LOS EFECTOS DE QUE AMPLIEN LA CUOTA HILTON PARA CARNES ARGENTINAS.","('0118-D-2000', 1)":null,"('0118-D-2000', 2)":null,"('0118-D-2000', 3)":null,"('0118-D-2000', 4)":null,"('0118-D-2000', 5)":null,"('0118-D-2000', 6)":null,"('0118-D-2000', 7)":null},"('Firmantes', 'FIRMANTE')":{"('0118-D-2000', 0)":"LEYBA DE MARTI, BEATRIZ","('0118-D-2000', 1)":"GUEVARA, CRISTINA","('0118-D-2000', 2)":"ROMERO, HECTOR RAMON","('0118-D-2000', 3)":"MONTOYA, FERNANDO","('0118-D-2000', 4)":"GROSSO, EDGARDO ROGER","('0118-D-2000', 5)":"CAMBARERI, FORTUNATO RAFAEL","('0118-D-2000', 6)":"PERNASETTI, HORACIO FRANCISCO","('0118-D-2000', 7)":"ABELLA, MIGUEL A"},"('Firmantes', 'DISTRITO')":{"('0118-D-2000', 0)":"CORDOBA","('0118-D-2000', 1)":"CIUDAD de BUENOS AIRES","('0118-D-2000', 2)":"CHACO","('0118-D-2000', 3)":"CORDOBA","('0118-D-2000', 4)":"CORDOBA","('0118-D-2000', 5)":"CHUBUT","('0118-D-2000', 6)":"CATAMARCA","('0118-D-2000', 7)":"CORDOBA"},"('Firmantes', 'BLOQUE')":{"('0118-D-2000', 0)":"UCR","('0118-D-2000', 1)":"UCR","('0118-D-2000', 2)":"UCR","('0118-D-2000', 3)":"UCR","('0118-D-2000', 4)":"UCR","('0118-D-2000', 5)":"UCR","('0118-D-2000', 6)":"UCR","('0118-D-2000', 7)":"UCR"},"('Giros', 'COMISI\u00d3N')":{"('0118-D-2000', 0)":"RELACIONES EXTERIORES Y CULTO","('0118-D-2000', 1)":"AGRICULTURA Y GANADERIA","('0118-D-2000', 2)":"COMERCIO","('0118-D-2000', 3)":null,"('0118-D-2000', 4)":null,"('0118-D-2000', 5)":null,"('0118-D-2000', 6)":null,"('0118-D-2000', 7)":null},"('Tramites', 'C\u00c1MARA')":{"('0118-D-2000', 0)":"Diputados","('0118-D-2000', 1)":null,"('0118-D-2000', 2)":null,"('0118-D-2000', 3)":null,"('0118-D-2000', 4)":null,"('0118-D-2000', 5)":null,"('0118-D-2000', 6)":null,"('0118-D-2000', 7)":null},"('Tramites', 'MOVIMIENTO')":{"('0118-D-2000', 0)":"SOLICITUD DEL AUTOR DE RETIRO DEL PROYECTO (0837-D-00) (TP 12, 12\/3\/00)","('0118-D-2000', 1)":null,"('0118-D-2000', 2)":null,"('0118-D-2000', 3)":null,"('0118-D-2000', 4)":null,"('0118-D-2000', 5)":null,"('0118-D-2000', 6)":null,"('0118-D-2000', 7)":null},"('Tramites', 'FECHA')":{"('0118-D-2000', 0)":"23\/03\/2000","('0118-D-2000', 1)":null,"('0118-D-2000', 2)":null,"('0118-D-2000', 3)":null,"('0118-D-2000', 4)":null,"('0118-D-2000', 5)":null,"('0118-D-2000', 6)":null,"('0118-D-2000', 7)":null},"('Tramites', 'RESULTADO')":{"('0118-D-2000', 0)":"RETIRADO","('0118-D-2000', 1)":null,"('0118-D-2000', 2)":null,"('0118-D-2000', 3)":null,"('0118-D-2000', 4)":null,"('0118-D-2000', 5)":null,"('0118-D-2000', 6)":null,"('0118-D-2000', 7)":null},"Sumario":{"('0118-D-2000', 0)":"SOLICITUD AL PODER EJECUTIVO NACIONAL.","('0118-D-2000', 1)":null,"('0118-D-2000', 2)":null,"('0118-D-2000', 3)":null,"('0118-D-2000', 4)":null,"('0118-D-2000', 5)":null,"('0118-D-2000', 6)":null,"('0118-D-2000', 7)":null},"Palabra Clave":{"('0118-D-2000', 0)":" ","('0118-D-2000', 1)":null,"('0118-D-2000', 2)":null,"('0118-D-2000', 3)":null,"('0118-D-2000', 4)":null,"('0118-D-2000', 5)":null,"('0118-D-2000', 6)":null,"('0118-D-2000', 7)":null}}