{"Tipo de Proyecto":{"('0120-D-2000', 0)":"PROYECTO DE DECLARACI\u00d3N","('0120-D-2000', 1)":null,"('0120-D-2000', 2)":null,"('0120-D-2000', 3)":null,"('0120-D-2000', 4)":null,"('0120-D-2000', 5)":null,"('0120-D-2000', 6)":null,"('0120-D-2000', 7)":null},"Iniciado en: ":{"('0120-D-2000', 0)":"Diputados","('0120-D-2000', 1)":null,"('0120-D-2000', 2)":null,"('0120-D-2000', 3)":null,"('0120-D-2000', 4)":null,"('0120-D-2000', 5)":null,"('0120-D-2000', 6)":null,"('0120-D-2000', 7)":null},"Expediente Diputados: ":{"('0120-D-2000', 0)":"0120-D-2000","('0120-D-2000', 1)":null,"('0120-D-2000', 2)":null,"('0120-D-2000', 3)":null,"('0120-D-2000', 4)":null,"('0120-D-2000', 5)":null,"('0120-D-2000', 6)":null,"('0120-D-2000', 7)":null},"Publicado en: ":{"('0120-D-2000', 0)":"Tr\u00e1mite Parlamentario N\u00b0 1","('0120-D-2000', 1)":null,"('0120-D-2000', 2)":null,"('0120-D-2000', 3)":null,"('0120-D-2000', 4)":null,"('0120-D-2000', 5)":null,"('0120-D-2000', 6)":null,"('0120-D-2000', 7)":null},"Fecha: ":{"('0120-D-2000', 0)":"01\/03\/2000","('0120-D-2000', 1)":null,"('0120-D-2000', 2)":null,"('0120-D-2000', 3)":null,"('0120-D-2000', 4)":null,"('0120-D-2000', 5)":null,"('0120-D-2000', 6)":null,"('0120-D-2000', 7)":null},"T\u00edtulo":{"('0120-D-2000', 0)":"DISPONER QUE LAS AUTORIDADES DE LOS ESTADOS UNIDOS DE AMERICA CONDICIONEN LA IMPORTACION DE MANI DE CONFITERIA A LA POSESION DEL CERTIFICADO OFICIAL DE ORIGEN  A LOS EFECTOS DE EVITAR QUE TRADERS SE APROPIE DEL CUPO ASIGNADO A LA REPUBLICA ARGENTINA.","('0120-D-2000', 1)":null,"('0120-D-2000', 2)":null,"('0120-D-2000', 3)":null,"('0120-D-2000', 4)":null,"('0120-D-2000', 5)":null,"('0120-D-2000', 6)":null,"('0120-D-2000', 7)":null},"('Firmantes', 'FIRMANTE')":{"('0120-D-2000', 0)":"LEYBA DE MARTI, BEATRIZ","('0120-D-2000', 1)":"GUEVARA, CRISTINA","('0120-D-2000', 2)":"ROMERO, HECTOR RAMON","('0120-D-2000', 3)":"GROSSO, EDGARDO ROGER","('0120-D-2000', 4)":"MONTOYA, FERNANDO","('0120-D-2000', 5)":"CAMBARERI, FORTUNATO RAFAEL","('0120-D-2000', 6)":"ABELLA, MIGUEL A","('0120-D-2000', 7)":"PERNASETTI, HORACIO FRANCISCO"},"('Firmantes', 'DISTRITO')":{"('0120-D-2000', 0)":"CORDOBA","('0120-D-2000', 1)":"CIUDAD de BUENOS AIRES","('0120-D-2000', 2)":"CHACO","('0120-D-2000', 3)":"CORDOBA","('0120-D-2000', 4)":"CORDOBA","('0120-D-2000', 5)":"CHUBUT","('0120-D-2000', 6)":"CORDOBA","('0120-D-2000', 7)":"CATAMARCA"},"('Firmantes', 'BLOQUE')":{"('0120-D-2000', 0)":"UCR","('0120-D-2000', 1)":"UCR","('0120-D-2000', 2)":"UCR","('0120-D-2000', 3)":"UCR","('0120-D-2000', 4)":"UCR","('0120-D-2000', 5)":"UCR","('0120-D-2000', 6)":"UCR","('0120-D-2000', 7)":"UCR"},"('Giros', 'COMISI\u00d3N')":{"('0120-D-2000', 0)":"RELACIONES EXTERIORES Y CULTO","('0120-D-2000', 1)":"AGRICULTURA Y GANADERIA","('0120-D-2000', 2)":"COMERCIO","('0120-D-2000', 3)":null,"('0120-D-2000', 4)":null,"('0120-D-2000', 5)":null,"('0120-D-2000', 6)":null,"('0120-D-2000', 7)":null},"('Tramites', 'C\u00c1MARA')":{"('0120-D-2000', 0)":"Diputados","('0120-D-2000', 1)":"Diputados","('0120-D-2000', 2)":"Diputados","('0120-D-2000', 3)":"Diputados","('0120-D-2000', 4)":null,"('0120-D-2000', 5)":null,"('0120-D-2000', 6)":null,"('0120-D-2000', 7)":null},"('Tramites', 'MOVIMIENTO')":{"('0120-D-2000', 0)":"MOCION DE PREFERENCIA (AFIRMATIVA)","('0120-D-2000', 1)":"CONSIDERACION Y APROBACION","('0120-D-2000', 2)":"CONTESTACION DEL PODER EJECUTIVO NACIONAL - JEFE DE GABINETE DE MINISTROS - (0081-OV-01); GIRADA A LA COMISION RESPECTIVA (BAE 15\/01)","('0120-D-2000', 3)":"CONTESTACION DEL PODER EJECUTIVO NACIONAL - JEFE DE GABINETE DE MINISTROS - (0296-OV-01); GIRADA A LA COMISION RESPECTIVA (BAE 31\/01)","('0120-D-2000', 4)":null,"('0120-D-2000', 5)":null,"('0120-D-2000', 6)":null,"('0120-D-2000', 7)":null},"('Tramites', 'FECHA')":{"('0120-D-2000', 0)":"15\/06\/2000","('0120-D-2000', 1)":"07\/09\/2000","('0120-D-2000', 2)":"20\/06\/2001","('0120-D-2000', 3)":"24\/10\/2001","('0120-D-2000', 4)":null,"('0120-D-2000', 5)":null,"('0120-D-2000', 6)":null,"('0120-D-2000', 7)":null},"('Tramites', 'RESULTADO')":{"('0120-D-2000', 0)":null,"('0120-D-2000', 1)":"APROBADO","('0120-D-2000', 2)":null,"('0120-D-2000', 3)":null,"('0120-D-2000', 4)":null,"('0120-D-2000', 5)":null,"('0120-D-2000', 6)":null,"('0120-D-2000', 7)":null},"Sumario":{"('0120-D-2000', 0)":"SOLICITUD AL PODER EJECUTIVO NACIONAL.","('0120-D-2000', 1)":null,"('0120-D-2000', 2)":null,"('0120-D-2000', 3)":null,"('0120-D-2000', 4)":null,"('0120-D-2000', 5)":null,"('0120-D-2000', 6)":null,"('0120-D-2000', 7)":null},"Palabra Clave":{"('0120-D-2000', 0)":" ","('0120-D-2000', 1)":null,"('0120-D-2000', 2)":null,"('0120-D-2000', 3)":null,"('0120-D-2000', 4)":null,"('0120-D-2000', 5)":null,"('0120-D-2000', 6)":null,"('0120-D-2000', 7)":null}}