{"Tipo de Proyecto":{"('0123-D-2000', 0)":"PROYECTO DE DECLARACI\u00d3N","('0123-D-2000', 1)":null},"Iniciado en: ":{"('0123-D-2000', 0)":"Diputados","('0123-D-2000', 1)":null},"Expediente Diputados: ":{"('0123-D-2000', 0)":"0123-D-2000","('0123-D-2000', 1)":null},"Publicado en: ":{"('0123-D-2000', 0)":"Tr\u00e1mite Parlamentario N\u00b0 1","('0123-D-2000', 1)":null},"Fecha: ":{"('0123-D-2000', 0)":"01\/03\/2000","('0123-D-2000', 1)":null},"T\u00edtulo":{"('0123-D-2000', 0)":"DISPONER EL ENVIO DE LOS FONDOS FALTANTES PARA LA FINALIZACION DE LAS OBRAS DE PAVIMENTADO EN LA RUTA PROVINCIAL NUMERO 11 DE MISIONES (TRAZADO ENTRE LAS LOCALIDADES DE EL ALCAZAR Y DOS DE MAYO).","('0123-D-2000', 1)":null},"('Firmantes', 'FIRMANTE')":{"('0123-D-2000', 0)":"PALOU, MARTA","('0123-D-2000', 1)":"VALDOVINOS, ARNALDO PASTOR"},"('Firmantes', 'DISTRITO')":{"('0123-D-2000', 0)":"MISIONES","('0123-D-2000', 1)":"MISIONES"},"('Firmantes', 'BLOQUE')":{"('0123-D-2000', 0)":"JUSTICIALISTA","('0123-D-2000', 1)":"JUSTICIALISTA"},"('Giros', 'COMISI\u00d3N')":{"('0123-D-2000', 0)":"TRANSPORTES","('0123-D-2000', 1)":"OBRAS PUBLICAS"},"Sumario":{"('0123-D-2000', 0)":"SOLICITUD AL PODER EJECUTIVO NACIONAL.","('0123-D-2000', 1)":null},"Palabra Clave":{"('0123-D-2000', 0)":" ","('0123-D-2000', 1)":null}}