{"Tipo de Proyecto":{"('0124-D-2000', 0)":"PROYECTO DE LEY","('0124-D-2000', 1)":null,"('0124-D-2000', 2)":null},"Iniciado en: ":{"('0124-D-2000', 0)":"Diputados","('0124-D-2000', 1)":null,"('0124-D-2000', 2)":null},"Expediente Diputados: ":{"('0124-D-2000', 0)":"0124-D-2000","('0124-D-2000', 1)":null,"('0124-D-2000', 2)":null},"Publicado en: ":{"('0124-D-2000', 0)":"Tr\u00e1mite Parlamentario N\u00b0 1","('0124-D-2000', 1)":null,"('0124-D-2000', 2)":null},"Fecha: ":{"('0124-D-2000', 0)":"01\/03\/2000","('0124-D-2000', 1)":null,"('0124-D-2000', 2)":null},"T\u00edtulo":{"('0124-D-2000', 0)":"COMISION NACIONAL DE HOMENAJE AL GENERAL JOSE DE SAN MARTIN, LA CUAL DEBERA PROMOVER LA RECORDACION DEL PROCER DURANTE EL TRANSCURSO DE UN A\u00d1O A PARTIR DE LA PROMULGACION DE LA PRESENTE LEY. ","('0124-D-2000', 1)":null,"('0124-D-2000', 2)":null},"('Firmantes', 'FIRMANTE')":{"('0124-D-2000', 0)":"ALLENDE, ALFREDO ESTANISLAO","('0124-D-2000', 1)":"BRANDONI, LUIS","('0124-D-2000', 2)":"STOLBIZER, MARGARITA ROSA"},"('Firmantes', 'DISTRITO')":{"('0124-D-2000', 0)":"BUENOS AIRES","('0124-D-2000', 1)":"BUENOS AIRES","('0124-D-2000', 2)":"BUENOS AIRES"},"('Firmantes', 'BLOQUE')":{"('0124-D-2000', 0)":"UCR","('0124-D-2000', 1)":"UCR","('0124-D-2000', 2)":"UCR"},"('Giros', 'COMISI\u00d3N')":{"('0124-D-2000', 0)":"CULTURA","('0124-D-2000', 1)":null,"('0124-D-2000', 2)":null},"Sumario":{"('0124-D-2000', 0)":"DECLARAR CONSTITUIDA LA MISMA.","('0124-D-2000', 1)":null,"('0124-D-2000', 2)":null},"Palabra Clave":{"('0124-D-2000', 0)":" ","('0124-D-2000', 1)":null,"('0124-D-2000', 2)":null}}