{"Tipo de Proyecto":{"('0127-D-2000', 0)":"PROYECTO DE DECLARACI\u00d3N","('0127-D-2000', 1)":null},"Iniciado en: ":{"('0127-D-2000', 0)":"Diputados","('0127-D-2000', 1)":null},"Expediente Diputados: ":{"('0127-D-2000', 0)":"0127-D-2000","('0127-D-2000', 1)":null},"Publicado en: ":{"('0127-D-2000', 0)":"Tr\u00e1mite Parlamentario N\u00b0 1","('0127-D-2000', 1)":null},"Fecha: ":{"('0127-D-2000', 0)":"01\/03\/2000","('0127-D-2000', 1)":null},"T\u00edtulo":{"('0127-D-2000', 0)":"XXIII REUNION DEL COMITE DEL PATRIMONIO MUNDIAL QUE REALIZA LA UNESCO, POR INCLUIR A LA PENINSULA VALDES EN LA LISTA DE LOS SITIOS DEL PATRIMONIO MUNDIAL PARA SER RECONOCIDO COMO PATRIMONIO NATURAL DE LA HUMANIDAD.","('0127-D-2000', 1)":null},"('Firmantes', 'FIRMANTE')":{"('0127-D-2000', 0)":"UBALDINI, SAUL","('0127-D-2000', 1)":null},"('Firmantes', 'DISTRITO')":{"('0127-D-2000', 0)":"BUENOS AIRES","('0127-D-2000', 1)":null},"('Firmantes', 'BLOQUE')":{"('0127-D-2000', 0)":"JUSTICIALISTA","('0127-D-2000', 1)":null},"('Giros', 'COMISI\u00d3N')":{"('0127-D-2000', 0)":"INTERESES MARITIMOS, FLUVIALES, PESQUEROS Y PORTUARIOS","('0127-D-2000', 1)":"RECURSOS NATURALES Y CONSERVACION DEL AMBIENTE HUMANO"},"('Tramites', 'C\u00c1MARA')":{"('0127-D-2000', 0)":"Diputados","('0127-D-2000', 1)":null},"('Tramites', 'MOVIMIENTO')":{"('0127-D-2000', 0)":"CONSIDERACION Y APROBACION","('0127-D-2000', 1)":null},"('Tramites', 'FECHA')":{"('0127-D-2000', 0)":"11\/05\/2000","('0127-D-2000', 1)":null},"('Tramites', 'RESULTADO')":{"('0127-D-2000', 0)":"APROBADO","('0127-D-2000', 1)":null},"Sumario":{"('0127-D-2000', 0)":"EXPRESION DE BENEPLACITO.","('0127-D-2000', 1)":null},"Palabra Clave":{"('0127-D-2000', 0)":" ","('0127-D-2000', 1)":null}}