{"Tipo de Proyecto":{"('0127-S-2000', 0)":"PROYECTO DE LEY","('0127-S-2000', 1)":null,"('0127-S-2000', 2)":null},"Iniciado en: ":{"('0127-S-2000', 0)":"Senado","('0127-S-2000', 1)":null,"('0127-S-2000', 2)":null},"Expediente Diputados: ":{"('0127-S-2000', 0)":"0127-S-2000","('0127-S-2000', 1)":null,"('0127-S-2000', 2)":null},"Expediente Senado: ":{"('0127-S-2000', 0)":"0166-S-2000","('0127-S-2000', 1)":null,"('0127-S-2000', 2)":null},"Publicado en: ":{"('0127-S-2000', 0)":"Diario de Asuntos Entrados N\u00b0 10","('0127-S-2000', 1)":null,"('0127-S-2000', 2)":null},"Fecha: ":{"('0127-S-2000', 0)":"14\/03\/2000","('0127-S-2000', 1)":null,"('0127-S-2000', 2)":null},"T\u00edtulo":{"('0127-S-2000', 0)":"TRANSFERIR A TITULO GRATUITO EN FAVOR DE LA MUNICIPALIDAD DE ARISTOBULO DEL VALLE, PROVINCIA DE MISIONES, UN INMUEBLE DEL ESTADO NACIONAL.","('0127-S-2000', 1)":null,"('0127-S-2000', 2)":null},"('Firmantes', 'FIRMANTE')":{"('0127-S-2000', 0)":"LOSADA, MARIO A.","('0127-S-2000', 1)":null,"('0127-S-2000', 2)":null},"('Firmantes', 'DISTRITO')":{"('0127-S-2000', 0)":"MISIONES","('0127-S-2000', 1)":null,"('0127-S-2000', 2)":null},"('Firmantes', 'BLOQUE')":{"('0127-S-2000', 0)":"UCR","('0127-S-2000', 1)":null,"('0127-S-2000', 2)":null},"('Giros', 'COMISI\u00d3N')":{"('0127-S-2000', 0)":"LEGISLACION GENERAL","('0127-S-2000', 1)":"RECURSOS NATURALES Y CONSERVACION DEL AMBIENTE HUMANO","('0127-S-2000', 2)":"ASUNTOS MUNICIPALES"},"('Tramites', 'C\u00c1MARA')":{"('0127-S-2000', 0)":"Senado","('0127-S-2000', 1)":"Diputados","('0127-S-2000', 2)":null},"('Tramites', 'MOVIMIENTO')":{"('0127-S-2000', 0)":"CONSIDERACION Y APROBACION","('0127-S-2000', 1)":"PASA A DIPUTADOS - (TP 138 - 20\/09\/2000)","('0127-S-2000', 2)":null},"('Tramites', 'FECHA')":{"('0127-S-2000', 0)":"13\/09\/2000","('0127-S-2000', 1)":null,"('0127-S-2000', 2)":null},"('Tramites', 'RESULTADO')":{"('0127-S-2000', 0)":"MEDIA SANCION","('0127-S-2000', 1)":null,"('0127-S-2000', 2)":null},"Sumario":{"('0127-S-2000', 0)":"CARGO: ESTABLECIMIENTO DE UNA RESERVA ECOLOGICA.","('0127-S-2000', 1)":null,"('0127-S-2000', 2)":null},"Palabra Clave":{"('0127-S-2000', 0)":" ","('0127-S-2000', 1)":null,"('0127-S-2000', 2)":null}}