{"Tipo de Proyecto":{"('0128-S-2000', 0)":"PROYECTO DE LEY","('0128-S-2000', 1)":null,"('0128-S-2000', 2)":null},"Iniciado en: ":{"('0128-S-2000', 0)":"Senado","('0128-S-2000', 1)":null,"('0128-S-2000', 2)":null},"Expediente Diputados: ":{"('0128-S-2000', 0)":"0128-S-2000","('0128-S-2000', 1)":null,"('0128-S-2000', 2)":null},"Expediente Senado: ":{"('0128-S-2000', 0)":"1792-S-1999","('0128-S-2000', 1)":null,"('0128-S-2000', 2)":null},"Publicado en: ":{"('0128-S-2000', 0)":"Diario de Asuntos Entrados N\u00b0 111","('0128-S-2000', 1)":null,"('0128-S-2000', 2)":null},"Fecha: ":{"('0128-S-2000', 0)":"20\/10\/1999","('0128-S-2000', 1)":null,"('0128-S-2000', 2)":null},"T\u00edtulo":{"('0128-S-2000', 0)":"CONTROL MEDICO AL PERSONAL POR FACULTATIVOS DEPENDIENTES DE HOSPITALES PUBLICOS NACIONALES, PROVINCIALES O MUNICIPALES.","('0128-S-2000', 1)":null,"('0128-S-2000', 2)":null},"('Firmantes', 'FIRMANTE')":{"('0128-S-2000', 0)":"VARIZAT, DANIEL","('0128-S-2000', 1)":"ARNOLD, EDUARDO ARIEL","('0128-S-2000', 2)":null},"('Firmantes', 'DISTRITO')":{"('0128-S-2000', 0)":"SANTA CRUZ","('0128-S-2000', 1)":"SANTA CRUZ","('0128-S-2000', 2)":null},"('Firmantes', 'BLOQUE')":{"('0128-S-2000', 0)":"PCIA STA CRUZ-PJ","('0128-S-2000', 1)":"JUSTICIALISTA","('0128-S-2000', 2)":null},"('Giros', 'COMISI\u00d3N')":{"('0128-S-2000', 0)":"LEGISLACION DEL TRABAJO","('0128-S-2000', 1)":"ACCION SOCIAL Y SALUD PUBLICA","('0128-S-2000', 2)":null},"('Tramites', 'C\u00c1MARA')":{"('0128-S-2000', 0)":"Senado","('0128-S-2000', 1)":"Senado","('0128-S-2000', 2)":"Diputados"},"('Tramites', 'MOVIMIENTO')":{"('0128-S-2000', 0)":"GIRO A LA COMISION DE ASISTENCIA SOCIAL Y SALUD PUBLICA","('0128-S-2000', 1)":"CONSIDERACION Y APROBACION","('0128-S-2000', 2)":"PASA A DIPUTADOS - (TP 138 - 20\/09\/2000)"},"('Tramites', 'FECHA')":{"('0128-S-2000', 0)":"27\/10\/1999","('0128-S-2000', 1)":"13\/09\/2000","('0128-S-2000', 2)":null},"('Tramites', 'RESULTADO')":{"('0128-S-2000', 0)":null,"('0128-S-2000', 1)":"MEDIA SANCION","('0128-S-2000', 2)":null},"Link":{"('0128-S-2000', 0)":"http:\/\/www.senado.gov.ar\/parlamentario\/comisiones\/verExp\/1792.99\/S\/PL","('0128-S-2000', 1)":null,"('0128-S-2000', 2)":null},"Palabra Clave":{"('0128-S-2000', 0)":" ","('0128-S-2000', 1)":null,"('0128-S-2000', 2)":null}}