{"Tipo de Proyecto":{"('0129-D-2000', 0)":"PROYECTO DE DECLARACI\u00d3N","('0129-D-2000', 1)":null,"('0129-D-2000', 2)":null},"Iniciado en: ":{"('0129-D-2000', 0)":"Diputados","('0129-D-2000', 1)":null,"('0129-D-2000', 2)":null},"Expediente Diputados: ":{"('0129-D-2000', 0)":"0129-D-2000","('0129-D-2000', 1)":null,"('0129-D-2000', 2)":null},"Publicado en: ":{"('0129-D-2000', 0)":"Tr\u00e1mite Parlamentario N\u00b0 1","('0129-D-2000', 1)":null,"('0129-D-2000', 2)":null},"Fecha: ":{"('0129-D-2000', 0)":"01\/03\/2000","('0129-D-2000', 1)":null,"('0129-D-2000', 2)":null},"T\u00edtulo":{"('0129-D-2000', 0)":"ARBITRAR LOS MEDIOS NECESARIOS PARA QUE EN EL PRESENTE A\u00d1O TODA DOCUMENTACION OFICIAL QUE SE ORIGINE EN LOS PODERES EJECUTIVO O LEGISLATIVO LLEVE IMPRESA EN EL MARGEN SUPERIOR DERECHO LA SIGUIENTE LEYENDA: \"1850 - 2000, A\u00d1O DEL PADRE DE LA PATRIA\".","('0129-D-2000', 1)":null,"('0129-D-2000', 2)":null},"('Firmantes', 'FIRMANTE')":{"('0129-D-2000', 0)":"BALTER, CARLOS MARIO","('0129-D-2000', 1)":"GUTIERREZ, GUSTAVO EDUARDO","('0129-D-2000', 2)":"ZAPATA MERCADER, JORGE"},"('Firmantes', 'DISTRITO')":{"('0129-D-2000', 0)":"MENDOZA","('0129-D-2000', 1)":"MENDOZA","('0129-D-2000', 2)":"MENDOZA"},"('Firmantes', 'BLOQUE')":{"('0129-D-2000', 0)":"DEMOCRATA","('0129-D-2000', 1)":"DEMOCRATA","('0129-D-2000', 2)":"DEMOCRATA"},"('Giros', 'COMISI\u00d3N')":{"('0129-D-2000', 0)":"CULTURA","('0129-D-2000', 1)":null,"('0129-D-2000', 2)":null},"Sumario":{"('0129-D-2000', 0)":"SOLICITUD AL PODER EJECUTIVO NACIONAL.","('0129-D-2000', 1)":null,"('0129-D-2000', 2)":null},"Palabra Clave":{"('0129-D-2000', 0)":" ","('0129-D-2000', 1)":null,"('0129-D-2000', 2)":null}}