{"Tipo de Proyecto":{"('0129-S-2000', 0)":"PROYECTO DE LEY","('0129-S-2000', 1)":null},"Iniciado en: ":{"('0129-S-2000', 0)":"Senado","('0129-S-2000', 1)":null},"Expediente Diputados: ":{"('0129-S-2000', 0)":"0129-S-2000","('0129-S-2000', 1)":null},"Expediente Senado: ":{"('0129-S-2000', 0)":"1967-S-1999","('0129-S-2000', 1)":null},"Publicado en: ":{"('0129-S-2000', 0)":"Diario de Asuntos Entrados N\u00b0 121","('0129-S-2000', 1)":null},"Fecha: ":{"('0129-S-2000', 0)":"10\/11\/1999","('0129-S-2000', 1)":null},"T\u00edtulo":{"('0129-S-2000', 0)":"CENSO EDUCATIVO NACIONAL.","('0129-S-2000', 1)":null},"('Firmantes', 'FIRMANTE')":{"('0129-S-2000', 0)":"MIKKELSEN LOTH, JORGE FEDERICO","('0129-S-2000', 1)":null},"('Firmantes', 'DISTRITO')":{"('0129-S-2000', 0)":"SANTIAGO DEL ESTERO","('0129-S-2000', 1)":null},"('Firmantes', 'BLOQUE')":{"('0129-S-2000', 0)":"JUSTICIALISTA","('0129-S-2000', 1)":null},"('Giros', 'COMISI\u00d3N')":{"('0129-S-2000', 0)":"EDUCACION","('0129-S-2000', 1)":"PRESUPUESTO Y HACIENDA"},"('Tramites', 'C\u00c1MARA')":{"('0129-S-2000', 0)":"Senado","('0129-S-2000', 1)":"Diputados"},"('Tramites', 'MOVIMIENTO')":{"('0129-S-2000', 0)":"CONSIDERACION Y APROBACION","('0129-S-2000', 1)":"PASA A DIPUTADOS - (TP 138 - 20\/09\/2000)"},"('Tramites', 'FECHA')":{"('0129-S-2000', 0)":"13\/09\/2000","('0129-S-2000', 1)":null},"('Tramites', 'RESULTADO')":{"('0129-S-2000', 0)":"MEDIA SANCION","('0129-S-2000', 1)":null},"Sumario":{"('0129-S-2000', 0)":"UNIDADES ESTADISTICAS; OBJETO: RELEVAMIENTO DE INFORMACION SOBRE LA SITUACION Y\/O ESTADO DE: ALUMNOS, PERSONAL, TECNOLOGIA EDUCATIVA E INFRAESTRUCTURA EDILICIA; CONSTITUCION DE UNA COMISION FEDERAL: FUNCIONES, INTEGRACION; RESPONSABILIDAD DE LA DIRECCION GENERAL RED FEDERAL DE INFORMACION; CONSTITUCION DE UNA UNIDAD DE APOYO AL CENSO: ATRIBUCIONES DEL PRESIDENTE DE LA COMISION FEDERAL DEL CENSO EDUCATIVO NACIONAL; ATRIBUCIONES DEL SECRETARIO EJECUTIVO; COMPATIBILIDADES; EXCEPCIONES; DESIGNACIONES; INFRACCIONES; DECLARACION CENSAL; CONFIDENCIALIDAD DE LA INFORMACION; FECHA DE REALIZACION; FINANCIAMIENTO; AGREGASE INCISO AL ARTICULO 7 DEL DECRETO 3110\/70 REGLAMENTARIO DE LA LEY 17622 (ACTIVIDADES, ESTADISTICAS OFICIALES Y REALIZACION DE CENSOS).","('0129-S-2000', 1)":null},"Palabra Clave":{"('0129-S-2000', 0)":" ","('0129-S-2000', 1)":null}}