{"Tipo de Proyecto":{"('0132-S-2000', 0)":"PROYECTO DE LEY","('0132-S-2000', 1)":null,"('0132-S-2000', 2)":null,"('0132-S-2000', 3)":null},"Iniciado en: ":{"('0132-S-2000', 0)":"Senado","('0132-S-2000', 1)":null,"('0132-S-2000', 2)":null,"('0132-S-2000', 3)":null},"Expediente Diputados: ":{"('0132-S-2000', 0)":"0132-S-2000","('0132-S-2000', 1)":null,"('0132-S-2000', 2)":null,"('0132-S-2000', 3)":null},"Expediente Senado: ":{"('0132-S-2000', 0)":"1994-S-1999","('0132-S-2000', 1)":null,"('0132-S-2000', 2)":null,"('0132-S-2000', 3)":null},"Publicado en: ":{"('0132-S-2000', 0)":"Diario de Asuntos Entrados N\u00b0 122","('0132-S-2000', 1)":null,"('0132-S-2000', 2)":null,"('0132-S-2000', 3)":null},"Fecha: ":{"('0132-S-2000', 0)":"11\/11\/1999","('0132-S-2000', 1)":null,"('0132-S-2000', 2)":null,"('0132-S-2000', 3)":null},"T\u00edtulo":{"('0132-S-2000', 0)":"REGIMEN DE APOYO A LOS AFECTADOS POR EL SINDROME AUTISTICO.","('0132-S-2000', 1)":null,"('0132-S-2000', 2)":null,"('0132-S-2000', 3)":null},"('Firmantes', 'FIRMANTE')":{"('0132-S-2000', 0)":"AGUNDEZ, JORGE ALFREDO","('0132-S-2000', 1)":"VAQUIR, OMAR M.","('0132-S-2000', 2)":null,"('0132-S-2000', 3)":null},"('Firmantes', 'DISTRITO')":{"('0132-S-2000', 0)":"SAN LUIS","('0132-S-2000', 1)":"SANTIAGO DEL ESTERO","('0132-S-2000', 2)":null,"('0132-S-2000', 3)":null},"('Firmantes', 'BLOQUE')":{"('0132-S-2000', 0)":"UCR","('0132-S-2000', 1)":"JUSTICIALISTA","('0132-S-2000', 2)":null,"('0132-S-2000', 3)":null},"('Giros', 'COMISI\u00d3N')":{"('0132-S-2000', 0)":"ACCION SOCIAL Y SALUD PUBLICA","('0132-S-2000', 1)":"EDUCACION","('0132-S-2000', 2)":"FAMILIA, MUJER Y MINORIDAD","('0132-S-2000', 3)":"PRESUPUESTO Y HACIENDA"},"('Tramites', 'C\u00c1MARA')":{"('0132-S-2000', 0)":"Senado","('0132-S-2000', 1)":"Senado","('0132-S-2000', 2)":"Senado","('0132-S-2000', 3)":"Diputados"},"('Tramites', 'MOVIMIENTO')":{"('0132-S-2000', 0)":"POSTERGACION DE TRATAMIENTO","('0132-S-2000', 1)":"CONSIDERACION Y APROBACION CON MODIFICACIONES","('0132-S-2000', 2)":"INSERCION","('0132-S-2000', 3)":"PASA A DIPUTADOS - (TP 138 - 20\/09\/2000)"},"('Tramites', 'FECHA')":{"('0132-S-2000', 0)":"06\/09\/2000","('0132-S-2000', 1)":"13\/09\/2000","('0132-S-2000', 2)":"13\/09\/2000","('0132-S-2000', 3)":null},"('Tramites', 'RESULTADO')":{"('0132-S-2000', 0)":null,"('0132-S-2000', 1)":"MEDIA SANCION","('0132-S-2000', 2)":null,"('0132-S-2000', 3)":null},"Sumario":{"('0132-S-2000', 0)":"OBJETIVOS, PRESTACIONES MEDICO SANITARIAS, CREACION DE UN ENTE DE ASESORAMIENTO.","('0132-S-2000', 1)":null,"('0132-S-2000', 2)":null,"('0132-S-2000', 3)":null},"Palabra Clave":{"('0132-S-2000', 0)":" ","('0132-S-2000', 1)":null,"('0132-S-2000', 2)":null,"('0132-S-2000', 3)":null}}