{"Tipo de Proyecto":{"('0135-S-2000', 0)":"MENSAJE NRO: 0376\/00 Y PROYECTO DE LEY","('0135-S-2000', 1)":null,"('0135-S-2000', 2)":null},"Iniciado en: ":{"('0135-S-2000', 0)":"Senado","('0135-S-2000', 1)":null,"('0135-S-2000', 2)":null},"Expediente Diputados: ":{"('0135-S-2000', 0)":"0135-S-2000","('0135-S-2000', 1)":null,"('0135-S-2000', 2)":null},"Expediente Senado: ":{"('0135-S-2000', 0)":"0108-PE-2000","('0135-S-2000', 1)":null,"('0135-S-2000', 2)":null},"Publicado en: ":{"('0135-S-2000', 0)":"Diario de Asuntos Entrados N\u00b0 43","('0135-S-2000', 1)":null,"('0135-S-2000', 2)":null},"Fecha: ":{"('0135-S-2000', 0)":"10\/05\/2000","('0135-S-2000', 1)":null,"('0135-S-2000', 2)":null},"T\u00edtulo":{"('0135-S-2000', 0)":"TRATADO DE ASISTENCIA MUTUA EN MATERIA PENAL ENTRE EL GOBIERNO DE LA REPUBLICA ARGENTINA Y EL GOBIERNO DE CANADA, SUSCRITO EN BUENOS AIRES EL 12 DE ENERO DE 2000.","('0135-S-2000', 1)":null,"('0135-S-2000', 2)":null},"('Firmantes', 'FIRMANTE')":{"('0135-S-2000', 0)":"DE LA RUA, FERNANDO","('0135-S-2000', 1)":"TERRAGNO, RODOLFO HECTOR","('0135-S-2000', 2)":"RODRIGUEZ GIAVARINI, ADALBERTO"},"('Firmantes', 'DISTRITO')":{"('0135-S-2000', 0)":null,"('0135-S-2000', 1)":null,"('0135-S-2000', 2)":null},"('Firmantes', 'BLOQUE')":{"('0135-S-2000', 0)":"PODER EJECUTIVO","('0135-S-2000', 1)":"PODER EJECUTIVO","('0135-S-2000', 2)":"PODER EJECUTIVO"},"('Giros', 'COMISI\u00d3N')":{"('0135-S-2000', 0)":"RELACIONES EXTERIORES Y CULTO","('0135-S-2000', 1)":"LEGISLACION PENAL","('0135-S-2000', 2)":null},"('Tramites', 'C\u00c1MARA')":{"('0135-S-2000', 0)":"Senado","('0135-S-2000', 1)":"Diputados","('0135-S-2000', 2)":"Diputados"},"('Tramites', 'MOVIMIENTO')":{"('0135-S-2000', 0)":"CONSIDERACION Y APROBACION","('0135-S-2000', 1)":"PASA A DIPUTADOS - (TP 138 - 20\/09\/2000)","('0135-S-2000', 2)":"CONSIDERACION Y SANCION"},"('Tramites', 'FECHA')":{"('0135-S-2000', 0)":"13\/09\/2000","('0135-S-2000', 1)":null,"('0135-S-2000', 2)":"15\/08\/2001"},"('Tramites', 'RESULTADO')":{"('0135-S-2000', 0)":"MEDIA SANCION","('0135-S-2000', 1)":null,"('0135-S-2000', 2)":"SANCIONADO"},"Sumario":{"('0135-S-2000', 0)":"APROBACION DEL MISMO.","('0135-S-2000', 1)":null,"('0135-S-2000', 2)":null},"Palabra Clave":{"('0135-S-2000', 0)":" ","('0135-S-2000', 1)":null,"('0135-S-2000', 2)":null}}