{"Tipo de Proyecto":{"('0136-S-2000', 0)":"MENSAJE NRO: 0352\/00 Y PROYECTO DE LEY","('0136-S-2000', 1)":null,"('0136-S-2000', 2)":null},"Iniciado en: ":{"('0136-S-2000', 0)":"Senado","('0136-S-2000', 1)":null,"('0136-S-2000', 2)":null},"Expediente Diputados: ":{"('0136-S-2000', 0)":"0136-S-2000","('0136-S-2000', 1)":null,"('0136-S-2000', 2)":null},"Expediente Senado: ":{"('0136-S-2000', 0)":"0101-PE-2000","('0136-S-2000', 1)":null,"('0136-S-2000', 2)":null},"Publicado en: ":{"('0136-S-2000', 0)":"Diario de Asuntos Entrados N\u00b0 37","('0136-S-2000', 1)":null,"('0136-S-2000', 2)":null},"Fecha: ":{"('0136-S-2000', 0)":"28\/04\/2000","('0136-S-2000', 1)":null,"('0136-S-2000', 2)":null},"T\u00edtulo":{"('0136-S-2000', 0)":"APROBACION DE UNA ENMIENDA AL ARTICULO 9.3) DEL CONVENIO QUE ESTABLECE LA ORGANIZACION MUNDIAL DE LA PROPIEDAD INTELECTUAL, ADOPTADA EL 24 DE SETIEMBRE DE 1999.","('0136-S-2000', 1)":null,"('0136-S-2000', 2)":null},"('Firmantes', 'FIRMANTE')":{"('0136-S-2000', 0)":"DE LA RUA, FERNANDO","('0136-S-2000', 1)":"TERRAGNO, RODOLFO HECTOR","('0136-S-2000', 2)":"RODRIGUEZ GIAVARINI, ADALBERTO"},"('Firmantes', 'DISTRITO')":{"('0136-S-2000', 0)":null,"('0136-S-2000', 1)":null,"('0136-S-2000', 2)":null},"('Firmantes', 'BLOQUE')":{"('0136-S-2000', 0)":"PODER EJECUTIVO","('0136-S-2000', 1)":"PODER EJECUTIVO","('0136-S-2000', 2)":"PODER EJECUTIVO"},"('Giros', 'COMISI\u00d3N')":{"('0136-S-2000', 0)":"RELACIONES EXTERIORES Y CULTO","('0136-S-2000', 1)":"LEGISLACION GENERAL","('0136-S-2000', 2)":null},"('Tramites', 'C\u00c1MARA')":{"('0136-S-2000', 0)":"Senado","('0136-S-2000', 1)":"Diputados","('0136-S-2000', 2)":"Diputados"},"('Tramites', 'MOVIMIENTO')":{"('0136-S-2000', 0)":"CONSIDERACION Y APROBACION","('0136-S-2000', 1)":"PASA A DIPUTADOS - (TP 138 - 20\/09\/2000)","('0136-S-2000', 2)":"CONSIDERACION Y SANCION"},"('Tramites', 'FECHA')":{"('0136-S-2000', 0)":"13\/09\/2000","('0136-S-2000', 1)":null,"('0136-S-2000', 2)":"09\/05\/2002"},"('Tramites', 'RESULTADO')":{"('0136-S-2000', 0)":"MEDIA SANCION","('0136-S-2000', 1)":null,"('0136-S-2000', 2)":"SANCIONADO"},"Sumario":{"('0136-S-2000', 0)":"MANDATO SUCESIVO DEL DIRECTOR GENERAL.","('0136-S-2000', 1)":null,"('0136-S-2000', 2)":null},"Palabra Clave":{"('0136-S-2000', 0)":" ","('0136-S-2000', 1)":null,"('0136-S-2000', 2)":null}}