{"Tipo de Proyecto":{"('0142-S-2000', 0)":"PROYECTO DE RESOLUCI\u00d3N","('0142-S-2000', 1)":null,"('0142-S-2000', 2)":null,"('0142-S-2000', 3)":null,"('0142-S-2000', 4)":null,"('0142-S-2000', 5)":null,"('0142-S-2000', 6)":null},"Iniciado en: ":{"('0142-S-2000', 0)":"Senado","('0142-S-2000', 1)":null,"('0142-S-2000', 2)":null,"('0142-S-2000', 3)":null,"('0142-S-2000', 4)":null,"('0142-S-2000', 5)":null,"('0142-S-2000', 6)":null},"Expediente Diputados: ":{"('0142-S-2000', 0)":"0142-S-2000","('0142-S-2000', 1)":null,"('0142-S-2000', 2)":null,"('0142-S-2000', 3)":null,"('0142-S-2000', 4)":null,"('0142-S-2000', 5)":null,"('0142-S-2000', 6)":null},"Expediente Senado: ":{"('0142-S-2000', 0)":"2217-S-2000","('0142-S-2000', 1)":null,"('0142-S-2000', 2)":null,"('0142-S-2000', 3)":null,"('0142-S-2000', 4)":null,"('0142-S-2000', 5)":null,"('0142-S-2000', 6)":null},"Publicado en: ":{"('0142-S-2000', 0)":"Diario de Asuntos Entrados N\u00b0 121","('0142-S-2000', 1)":null,"('0142-S-2000', 2)":null,"('0142-S-2000', 3)":null,"('0142-S-2000', 4)":null,"('0142-S-2000', 5)":null,"('0142-S-2000', 6)":null},"Fecha: ":{"('0142-S-2000', 0)":"11\/10\/2000","('0142-S-2000', 1)":null,"('0142-S-2000', 2)":null,"('0142-S-2000', 3)":null,"('0142-S-2000', 4)":null,"('0142-S-2000', 5)":null,"('0142-S-2000', 6)":null},"T\u00edtulo":{"('0142-S-2000', 0)":"ACEPTACION DE LA RENUNCIA PRESENTADA POR EL CIUDADANO LICENCIADO CARLOS ALBERTO ALVAREZ DEL CARGO DE VICEPRESIDENTE DE LA NACION (0350-OV-00).","('0142-S-2000', 1)":null,"('0142-S-2000', 2)":null,"('0142-S-2000', 3)":null,"('0142-S-2000', 4)":null,"('0142-S-2000', 5)":null,"('0142-S-2000', 6)":null},"('Firmantes', 'FIRMANTE')":{"('0142-S-2000', 0)":"GIOJA, JOSE LUIS","('0142-S-2000', 1)":"RODRIGUEZ SAA, ALBERTO JOSE","('0142-S-2000', 2)":"PRETO, RUGGERO","('0142-S-2000', 3)":"VARIZAT, DANIEL","('0142-S-2000', 4)":null,"('0142-S-2000', 5)":null,"('0142-S-2000', 6)":null},"('Firmantes', 'DISTRITO')":{"('0142-S-2000', 0)":"SAN JUAN","('0142-S-2000', 1)":"SAN LUIS","('0142-S-2000', 2)":"TIERRA DEL FUEGO","('0142-S-2000', 3)":"SANTA CRUZ","('0142-S-2000', 4)":null,"('0142-S-2000', 5)":null,"('0142-S-2000', 6)":null},"('Firmantes', 'BLOQUE')":{"('0142-S-2000', 0)":"JUSTICIALISTA","('0142-S-2000', 1)":"JUSTICIALISTA FEDERAL","('0142-S-2000', 2)":"MOV POP FUEGUINO","('0142-S-2000', 3)":"JUSTICIALISTA FEDERAL","('0142-S-2000', 4)":null,"('0142-S-2000', 5)":null,"('0142-S-2000', 6)":null},"('Giros', 'COMISI\u00d3N')":{"('0142-S-2000', 0)":"SOBRE TABLAS","('0142-S-2000', 1)":null,"('0142-S-2000', 2)":null,"('0142-S-2000', 3)":null,"('0142-S-2000', 4)":null,"('0142-S-2000', 5)":null,"('0142-S-2000', 6)":null},"('Tramites', 'C\u00c1MARA')":{"('0142-S-2000', 0)":"Senado","('0142-S-2000', 1)":"Senado","('0142-S-2000', 2)":"Diputados","('0142-S-2000', 3)":"Diputados","('0142-S-2000', 4)":"Diputados","('0142-S-2000', 5)":"Diputados","('0142-S-2000', 6)":"Diputados"},"('Tramites', 'MOVIMIENTO')":{"('0142-S-2000', 0)":"MOCION SOBRE TABLAS (AFIRMATIVA)","('0142-S-2000', 1)":"CONSIDERACION Y APROBACION","('0142-S-2000', 2)":"PASA A DIPUTADOS -","('0142-S-2000', 3)":"MOCION APARTAMIENTO DEL REGLAMENTO (AFIRMATIVA)","('0142-S-2000', 4)":"MOCION SOBRE TABLAS (AFIRMATIVA)","('0142-S-2000', 5)":"CONSIDERACION Y APROBACION","('0142-S-2000', 6)":"INSERCIONES"},"('Tramites', 'FECHA')":{"('0142-S-2000', 0)":"11\/10\/2000","('0142-S-2000', 1)":"11\/10\/2000","('0142-S-2000', 2)":null,"('0142-S-2000', 3)":"11\/10\/2000","('0142-S-2000', 4)":"11\/10\/2000","('0142-S-2000', 5)":"11\/10\/2000","('0142-S-2000', 6)":"11\/10\/2000"},"('Tramites', 'RESULTADO')":{"('0142-S-2000', 0)":null,"('0142-S-2000', 1)":"APROBADO","('0142-S-2000', 2)":null,"('0142-S-2000', 3)":null,"('0142-S-2000', 4)":null,"('0142-S-2000', 5)":"APROBADO","('0142-S-2000', 6)":null},"Sumario":{"('0142-S-2000', 0)":"COMUNICACION AL PODER EJECUTIVO DE LA NACION, A LA CORTE SUPREMA DE JUSTICIA DE LA NACION Y A LA H CAMARA DE DIPUTADOS DE LA NACION.","('0142-S-2000', 1)":null,"('0142-S-2000', 2)":null,"('0142-S-2000', 3)":null,"('0142-S-2000', 4)":null,"('0142-S-2000', 5)":null,"('0142-S-2000', 6)":null},"Palabra Clave":{"('0142-S-2000', 0)":" ","('0142-S-2000', 1)":null,"('0142-S-2000', 2)":null,"('0142-S-2000', 3)":null,"('0142-S-2000', 4)":null,"('0142-S-2000', 5)":null,"('0142-S-2000', 6)":null}}