{"Tipo de Proyecto":{"('0148-S-2000', 0)":"COMUNICACION","('0148-S-2000', 1)":null,"('0148-S-2000', 2)":null,"('0148-S-2000', 3)":null},"Iniciado en: ":{"('0148-S-2000', 0)":"Senado","('0148-S-2000', 1)":null,"('0148-S-2000', 2)":null,"('0148-S-2000', 3)":null},"Expediente Senado: ":{"('0148-S-2000', 0)":"0148-S-2000","('0148-S-2000', 1)":null,"('0148-S-2000', 2)":null,"('0148-S-2000', 3)":null},"Publicado en: ":{"('0148-S-2000', 0)":"Diario de Asuntos Entrados N\u00b0 9","('0148-S-2000', 1)":null,"('0148-S-2000', 2)":null,"('0148-S-2000', 3)":null},"Fecha: ":{"('0148-S-2000', 0)":"10\/03\/2000","('0148-S-2000', 1)":null,"('0148-S-2000', 2)":null,"('0148-S-2000', 3)":null},"T\u00edtulo":{"('0148-S-2000', 0)":"BRINDAR APOYO FINANCIERO A LA PROVINCIA DE JUJUY AFECTADA POR UN FUERTE TEMPORAL.","('0148-S-2000', 1)":null,"('0148-S-2000', 2)":null,"('0148-S-2000', 3)":null},"('Firmantes', 'FIRMANTE')":{"('0148-S-2000', 0)":"CABANA, FERNANDO V.","('0148-S-2000', 1)":"TELL, ALBERTO MAXIMO","('0148-S-2000', 2)":null,"('0148-S-2000', 3)":null},"('Firmantes', 'DISTRITO')":{"('0148-S-2000', 0)":"JUJUY","('0148-S-2000', 1)":"JUJUY","('0148-S-2000', 2)":null,"('0148-S-2000', 3)":null},"('Firmantes', 'BLOQUE')":{"('0148-S-2000', 0)":"JUSTICIALISTA","('0148-S-2000', 1)":"JUSTICIALISTA","('0148-S-2000', 2)":null,"('0148-S-2000', 3)":null},"('Tramites', 'C\u00c1MARA')":{"('0148-S-2000', 0)":"Senado","('0148-S-2000', 1)":"Senado","('0148-S-2000', 2)":"Senado","('0148-S-2000', 3)":"Senado"},"('Tramites', 'MOVIMIENTO')":{"('0148-S-2000', 0)":"MOCION SOBRE TABLAS (AFIRMATIVA)","('0148-S-2000', 1)":"CONSIDERACION Y APROBACION JUNTO CON EXPEDIENTES 0164-S-00, 0179-S-00, 0183-S-00, 0201-S-00, 0206-S-00, 0246-S-00 Y 0275-S-00 (TEXTO UNIFICADO)","('0148-S-2000', 2)":"CONTESTACION DEL PODER EJECUTIVO NACIONAL - (343-PE-00); GIRADA A LA COMISION RESPECTIVA","('0148-S-2000', 3)":"CONTESTACION DEL PODER EJECUTIVO NACIONAL - (451-PE-00); GIRADA A LA COMISION RESPECTIVA"},"('Tramites', 'FECHA')":{"('0148-S-2000', 0)":"22\/03\/2000","('0148-S-2000', 1)":"22\/03\/2000","('0148-S-2000', 2)":null,"('0148-S-2000', 3)":null},"('Tramites', 'RESULTADO')":{"('0148-S-2000', 0)":null,"('0148-S-2000', 1)":"APROBADO","('0148-S-2000', 2)":null,"('0148-S-2000', 3)":null},"Sumario":{"('0148-S-2000', 0)":"SOLICITUD AL PODER EJECUTIVO NACIONAL.","('0148-S-2000', 1)":null,"('0148-S-2000', 2)":null,"('0148-S-2000', 3)":null},"Palabra Clave":{"('0148-S-2000', 0)":" ","('0148-S-2000', 1)":null,"('0148-S-2000', 2)":null,"('0148-S-2000', 3)":null}}