{"Tipo de Proyecto":{"('0150-S-2000', 0)":"COMUNICACION","('0150-S-2000', 1)":null,"('0150-S-2000', 2)":null},"Iniciado en: ":{"('0150-S-2000', 0)":"Senado","('0150-S-2000', 1)":null,"('0150-S-2000', 2)":null},"Expediente Senado: ":{"('0150-S-2000', 0)":"0150-S-2000","('0150-S-2000', 1)":null,"('0150-S-2000', 2)":null},"Publicado en: ":{"('0150-S-2000', 0)":"Diario de Asuntos Entrados N\u00b0 9","('0150-S-2000', 1)":null,"('0150-S-2000', 2)":null},"Fecha: ":{"('0150-S-2000', 0)":"10\/03\/2000","('0150-S-2000', 1)":null,"('0150-S-2000', 2)":null},"T\u00edtulo":{"('0150-S-2000', 0)":"REGLAMENTAR EL MERCADO MINORISTA DE COMBUSTIBLES.","('0150-S-2000', 1)":null,"('0150-S-2000', 2)":null},"('Firmantes', 'FIRMANTE')":{"('0150-S-2000', 0)":"MAGLIETTI, ALBERTO RAMON","('0150-S-2000', 1)":"GALVAN, RAUL ALFREDO","('0150-S-2000', 2)":"LEON, LUIS A."},"('Firmantes', 'DISTRITO')":{"('0150-S-2000', 0)":"FORMOSA","('0150-S-2000', 1)":"LA RIOJA","('0150-S-2000', 2)":"CHACO"},"('Firmantes', 'BLOQUE')":{"('0150-S-2000', 0)":"UCR","('0150-S-2000', 1)":"UCR","('0150-S-2000', 2)":"UCR"},"('Tramites', 'C\u00c1MARA')":{"('0150-S-2000', 0)":"Senado","('0150-S-2000', 1)":null,"('0150-S-2000', 2)":null},"('Tramites', 'MOVIMIENTO')":{"('0150-S-2000', 0)":"CONSIDERACION Y APROBACION","('0150-S-2000', 1)":null,"('0150-S-2000', 2)":null},"('Tramites', 'FECHA')":{"('0150-S-2000', 0)":"21\/06\/2000","('0150-S-2000', 1)":null,"('0150-S-2000', 2)":null},"('Tramites', 'RESULTADO')":{"('0150-S-2000', 0)":"APROBADO","('0150-S-2000', 1)":null,"('0150-S-2000', 2)":null},"Sumario":{"('0150-S-2000', 0)":"SOLICITUD AL PODER EJECUTIVO NACIONAL.","('0150-S-2000', 1)":null,"('0150-S-2000', 2)":null},"Palabra Clave":{"('0150-S-2000', 0)":" ","('0150-S-2000', 1)":null,"('0150-S-2000', 2)":null}}