{"Tipo de Proyecto":{"('0151-S-2000', 0)":"PROYECTO DE LEY","('0151-S-2000', 1)":null,"('0151-S-2000', 2)":null,"('0151-S-2000', 3)":null,"('0151-S-2000', 4)":null,"('0151-S-2000', 5)":null,"('0151-S-2000', 6)":null,"('0151-S-2000', 7)":null},"Iniciado en: ":{"('0151-S-2000', 0)":"Senado","('0151-S-2000', 1)":null,"('0151-S-2000', 2)":null,"('0151-S-2000', 3)":null,"('0151-S-2000', 4)":null,"('0151-S-2000', 5)":null,"('0151-S-2000', 6)":null,"('0151-S-2000', 7)":null},"Expediente Diputados: ":{"('0151-S-2000', 0)":"0151-S-2000","('0151-S-2000', 1)":null,"('0151-S-2000', 2)":null,"('0151-S-2000', 3)":null,"('0151-S-2000', 4)":null,"('0151-S-2000', 5)":null,"('0151-S-2000', 6)":null,"('0151-S-2000', 7)":null},"Expediente Senado: ":{"('0151-S-2000', 0)":"1267-S-2000","('0151-S-2000', 1)":null,"('0151-S-2000', 2)":null,"('0151-S-2000', 3)":null,"('0151-S-2000', 4)":null,"('0151-S-2000', 5)":null,"('0151-S-2000', 6)":null,"('0151-S-2000', 7)":null},"Publicado en: ":{"('0151-S-2000', 0)":"Diario de Asuntos Entrados N\u00b0 68","('0151-S-2000', 1)":null,"('0151-S-2000', 2)":null,"('0151-S-2000', 3)":null,"('0151-S-2000', 4)":null,"('0151-S-2000', 5)":null,"('0151-S-2000', 6)":null,"('0151-S-2000', 7)":null},"Fecha: ":{"('0151-S-2000', 0)":"29\/06\/2000","('0151-S-2000', 1)":null,"('0151-S-2000', 2)":null,"('0151-S-2000', 3)":null,"('0151-S-2000', 4)":null,"('0151-S-2000', 5)":null,"('0151-S-2000', 6)":null,"('0151-S-2000', 7)":null},"T\u00edtulo":{"('0151-S-2000', 0)":"PROCEDIMIENTO PARA LA DISTRIBUCION DE LOS RECURSOS ASIGNADOS AL FONDO DE APORTES DEL TESORO NACIONAL.","('0151-S-2000', 1)":null,"('0151-S-2000', 2)":null,"('0151-S-2000', 3)":null,"('0151-S-2000', 4)":null,"('0151-S-2000', 5)":null,"('0151-S-2000', 6)":null,"('0151-S-2000', 7)":null},"('Firmantes', 'FIRMANTE')":{"('0151-S-2000', 0)":"SERGNESE, CARLOS JOSE","('0151-S-2000', 1)":"MASSAT, JORGE J.","('0151-S-2000', 2)":"GIOJA, JOSE LUIS","('0151-S-2000', 3)":"VERNA, CARLOS ALBERTO","('0151-S-2000', 4)":"VILLAVERDE, JORGE ANTONIO","('0151-S-2000', 5)":"RODRIGUEZ SAA, ALBERTO JOSE","('0151-S-2000', 6)":"HUMADA, JULIO CESAR","('0151-S-2000', 7)":"BRANDA, RICARDO A."},"('Firmantes', 'DISTRITO')":{"('0151-S-2000', 0)":"SAN LUIS","('0151-S-2000', 1)":"SANTA FE","('0151-S-2000', 2)":"SAN JUAN","('0151-S-2000', 3)":"LA PAMPA","('0151-S-2000', 4)":"BUENOS AIRES","('0151-S-2000', 5)":"SAN LUIS","('0151-S-2000', 6)":"MISIONES","('0151-S-2000', 7)":"FORMOSA"},"('Firmantes', 'BLOQUE')":{"('0151-S-2000', 0)":"JUSTICIALISTA","('0151-S-2000', 1)":"JUSTICIALISTA","('0151-S-2000', 2)":"JUSTICIALISTA","('0151-S-2000', 3)":"JUSTICIALISTA","('0151-S-2000', 4)":"JUSTICIALISTA","('0151-S-2000', 5)":"JUSTICIALISTA","('0151-S-2000', 6)":"JUSTICIALISTA","('0151-S-2000', 7)":"JUSTICIALISTA"},"('Giros', 'COMISI\u00d3N')":{"('0151-S-2000', 0)":"PRESUPUESTO Y HACIENDA","('0151-S-2000', 1)":null,"('0151-S-2000', 2)":null,"('0151-S-2000', 3)":null,"('0151-S-2000', 4)":null,"('0151-S-2000', 5)":null,"('0151-S-2000', 6)":null,"('0151-S-2000', 7)":null},"('Tramites', 'C\u00c1MARA')":{"('0151-S-2000', 0)":"Senado","('0151-S-2000', 1)":"Senado","('0151-S-2000', 2)":"Diputados","('0151-S-2000', 3)":null,"('0151-S-2000', 4)":null,"('0151-S-2000', 5)":null,"('0151-S-2000', 6)":null,"('0151-S-2000', 7)":null},"('Tramites', 'MOVIMIENTO')":{"('0151-S-2000', 0)":"MOCION DE PREFERENCIA CON DICTAMEN PARA SER TRATADO LA PROXIMA SEMANA EN SEGUNDO LUGAR O SUBSIGUIENTE (AFIRMATIVA)","('0151-S-2000', 1)":"CONSIDERACION Y APROBACION","('0151-S-2000', 2)":"PASA A DIPUTADOS - (TP 169 - 30\/11\/00)","('0151-S-2000', 3)":null,"('0151-S-2000', 4)":null,"('0151-S-2000', 5)":null,"('0151-S-2000', 6)":null,"('0151-S-2000', 7)":null},"('Tramites', 'FECHA')":{"('0151-S-2000', 0)":"27\/09\/2000","('0151-S-2000', 1)":"25\/10\/2000","('0151-S-2000', 2)":null,"('0151-S-2000', 3)":null,"('0151-S-2000', 4)":null,"('0151-S-2000', 5)":null,"('0151-S-2000', 6)":null,"('0151-S-2000', 7)":null},"('Tramites', 'RESULTADO')":{"('0151-S-2000', 0)":null,"('0151-S-2000', 1)":"MEDIA SANCION","('0151-S-2000', 2)":null,"('0151-S-2000', 3)":null,"('0151-S-2000', 4)":null,"('0151-S-2000', 5)":null,"('0151-S-2000', 6)":null,"('0151-S-2000', 7)":null},"Sumario":{"('0151-S-2000', 0)":"DETERMINACION DE LAS SUMAS NO APLICADAS DEL FONDO DE APORTES DEL TESORO NACIONAL A LAS PROVINCIAS CREADOS POR EL ARTICULO 3, INCISO D) DE LA LEY CONVENIO 23548 (COPARTICIPACION FEDERAL) Y LIBRAMIENTO DEL PAGO A FAVOR DE LAS PROVINCIAS, EN CONCEPTO DE 'SOBRANTES DEL FONDO DE APORTES DEL TESORO NACIONAL A LAS PROVINCIAS DE EJERCICIOS ANTERIORES', POR CUENTA DE LA CONTADURIA GENERAL DE LA NACION AL CIERRE DE CADA PERIODO FINANCIERO; DISTRIBUCION ENTRE LAS JURISDICCIONES PROVINCIALES DE MANERA INDEPENDIENTE Y ADICIONAL A LAS DISTRIBUCIONES CORRIENTES; SUSTITUCION DEL ARTICULO 21 DE LA LEY 24156 (ADMINISTRACION FINANCIERA Y CONTROL DE GESTION DEL SECTOR PUBLICO) (RECURSOS DE LA ADMINISTRACION CENTRAL DEL EJERCICIO); SUSTITUCION DEL ARTICULO 95 DE LA LEY 24156 (CONTENIDO DE LA CUENTA DE INVERSION).","('0151-S-2000', 1)":null,"('0151-S-2000', 2)":null,"('0151-S-2000', 3)":null,"('0151-S-2000', 4)":null,"('0151-S-2000', 5)":null,"('0151-S-2000', 6)":null,"('0151-S-2000', 7)":null},"Palabra Clave":{"('0151-S-2000', 0)":" ","('0151-S-2000', 1)":null,"('0151-S-2000', 2)":null,"('0151-S-2000', 3)":null,"('0151-S-2000', 4)":null,"('0151-S-2000', 5)":null,"('0151-S-2000', 6)":null,"('0151-S-2000', 7)":null}}