{"Tipo de Proyecto":{"('0154-S-2000', 0)":"COMUNICACION"},"Iniciado en: ":{"('0154-S-2000', 0)":"Senado"},"Expediente Senado: ":{"('0154-S-2000', 0)":"0154-S-2000"},"Publicado en: ":{"('0154-S-2000', 0)":"Diario de Asuntos Entrados N\u00b0 9"},"Fecha: ":{"('0154-S-2000', 0)":"10\/03\/2000"},"T\u00edtulo":{"('0154-S-2000', 0)":"RESTITUCION DEL APOYO ECONOMICO A LA ASOCIACION LATINOAMERICANA DE FERROCARRILES."},"('Firmantes', 'FIRMANTE')":{"('0154-S-2000', 0)":"BAUM, DANIEL"},"('Firmantes', 'DISTRITO')":{"('0154-S-2000', 0)":"NEUQUEN"},"('Firmantes', 'BLOQUE')":{"('0154-S-2000', 0)":"JUSTICIALISTA"},"('Tramites', 'C\u00c1MARA')":{"('0154-S-2000', 0)":"Senado"},"('Tramites', 'MOVIMIENTO')":{"('0154-S-2000', 0)":"CONSIDERACION Y APROBACION"},"('Tramites', 'FECHA')":{"('0154-S-2000', 0)":"17\/05\/2000"},"('Tramites', 'RESULTADO')":{"('0154-S-2000', 0)":"APROBADO"},"Sumario":{"('0154-S-2000', 0)":"SOLICITUD AL PODER EJECUTIVO NACIONAL."},"Palabra Clave":{"('0154-S-2000', 0)":" "}}