{"Tipo de Proyecto":{"('0155-OV-2000', 0)":"PROYECTO DE RESOLUCI\u00d3N"},"Iniciado en: ":{"('0155-OV-2000', 0)":"Senado"},"Expediente Senado: ":{"('0155-OV-2000', 0)":"0155-OV-2000"},"Fecha: ":{"('0155-OV-2000', 0)":"23\/08\/2002"},"T\u00edtulo":{"('0155-OV-2000', 0)":"AUDITORIA GENERAL DE LA NACION : COMUNICA RESOLUCION  77\/00,  APROBANDO EL INFORME REFERIDO AL PROYECTO PNUD ARG\/98\/042 \"APOYO Y FORTALECIMIENTO A LA UNIDAD EJECUTORA PROGRAMA MATERNO INFANTIL Y NUTRICION DE LA PROVINCIA DE BUENOS AIRES PARA LA EJECUCION DEL SUBPROYECTO FLORENCIO VARELA\"."},"('Firmantes', 'FIRMANTE')":{"('0155-OV-2000', 0)":"PARLAMENTARIA MIXTA REVISORA DE CUENTAS"},"('Firmantes', 'DISTRITO')":{"('0155-OV-2000', 0)":null},"('Firmantes', 'BLOQUE')":{"('0155-OV-2000', 0)":null},"('Tramites', 'C\u00c1MARA')":{"('0155-OV-2000', 0)":"Senado"},"('Tramites', 'MOVIMIENTO')":{"('0155-OV-2000', 0)":"CONSIDERACION Y APROBACION (AL ARCHIVO)"},"('Tramites', 'FECHA')":{"('0155-OV-2000', 0)":"25\/09\/2002"},"('Tramites', 'RESULTADO')":{"('0155-OV-2000', 0)":"ARCHIVADO"},"Sumario":{"('0155-OV-2000', 0)":"HABIENDO TOMADO CONOCIMIENTO, SIN PERJUICIO DE LOS ESTUDIOS QUE DEBA REALIZAR AL AGN Y NO CONTENIENDO REQUERIMIENTOS DE ACCION SUBSISTENTES, SE ACONSEJA SU REMISION AL ARCHIVO."},"Palabra Clave":{"('0155-OV-2000', 0)":" "}}