{"Tipo de Proyecto":{"('0155-S-2000', 0)":"PROYECTO DE LEY","('0155-S-2000', 1)":null},"Iniciado en: ":{"('0155-S-2000', 0)":"Senado","('0155-S-2000', 1)":null},"Expediente Diputados: ":{"('0155-S-2000', 0)":"0155-S-2000","('0155-S-2000', 1)":null},"Expediente Senado: ":{"('0155-S-2000', 0)":"1167-S-2000","('0155-S-2000', 1)":null},"Publicado en: ":{"('0155-S-2000', 0)":"Diario de Asuntos Entrados N\u00b0 62","('0155-S-2000', 1)":null},"Fecha: ":{"('0155-S-2000', 0)":"20\/06\/2000","('0155-S-2000', 1)":null},"T\u00edtulo":{"('0155-S-2000', 0)":"LEY 25165 SOBRE PASANTIAS EDUCATIVAS: MODIFICACION.","('0155-S-2000', 1)":null},"('Firmantes', 'FIRMANTE')":{"('0155-S-2000', 0)":"MIKKELSEN LOTH, JORGE FEDERICO","('0155-S-2000', 1)":null},"('Firmantes', 'DISTRITO')":{"('0155-S-2000', 0)":"SANTIAGO DEL ESTERO","('0155-S-2000', 1)":null},"('Firmantes', 'BLOQUE')":{"('0155-S-2000', 0)":"JUSTICIALISTA","('0155-S-2000', 1)":null},"('Giros', 'COMISI\u00d3N')":{"('0155-S-2000', 0)":"EDUCACION","('0155-S-2000', 1)":"PRESUPUESTO Y HACIENDA"},"('Tramites', 'C\u00c1MARA')":{"('0155-S-2000', 0)":"Senado","('0155-S-2000', 1)":"Diputados"},"('Tramites', 'MOVIMIENTO')":{"('0155-S-2000', 0)":"CONSIDERACION Y APROBACION","('0155-S-2000', 1)":"PASA A DIPUTADOS - (TP 169 - 30\/11\/00)"},"('Tramites', 'FECHA')":{"('0155-S-2000', 0)":"25\/10\/2000","('0155-S-2000', 1)":null},"('Tramites', 'RESULTADO')":{"('0155-S-2000', 0)":"MEDIA SANCION","('0155-S-2000', 1)":null},"Sumario":{"('0155-S-2000', 0)":"SUSTITUCION DE LOS ARTICULOS 2 (DEFINICION), 3 (OBJETIVOS), 6 (CLAUSULAS DE LOS CONVENIOS), 7 (SUSPENSION DE LOS CONVENIOS), 9 (RELACION LABORAL), 11 (PERIODOS DE LAS PASANTIAS), 12 (LUGAR DE LAS PASANTIAS), 13 (DESIGNACION DE LOS POSTULANTES), 14 (OBLIGACIONES), 16 (BENEFICIOS), 20 (CONTROL Y EVALUACION), 21 (OBLIGACIONES DE LAS EMPRESAS) Y 23 (UNIDADES EDUCATIVAS).","('0155-S-2000', 1)":null},"Palabra Clave":{"('0155-S-2000', 0)":" ","('0155-S-2000', 1)":null}}