{"Tipo de Proyecto":{"('0156-D-2000', 0)":"PROYECTO DE RESOLUCI\u00d3N","('0156-D-2000', 1)":null,"('0156-D-2000', 2)":null},"Iniciado en: ":{"('0156-D-2000', 0)":"Diputados","('0156-D-2000', 1)":null,"('0156-D-2000', 2)":null},"Expediente Diputados: ":{"('0156-D-2000', 0)":"0156-D-2000","('0156-D-2000', 1)":null,"('0156-D-2000', 2)":null},"Publicado en: ":{"('0156-D-2000', 0)":"Tr\u00e1mite Parlamentario N\u00b0 1","('0156-D-2000', 1)":null,"('0156-D-2000', 2)":null},"Fecha: ":{"('0156-D-2000', 0)":"01\/03\/2000","('0156-D-2000', 1)":null,"('0156-D-2000', 2)":null},"T\u00edtulo":{"('0156-D-2000', 0)":"ADOPTAR DIVERSAS MEDIDAS TENDIENTES A GARANTIZAR A LOS HABITANTES DE LA NACION EL DERECHO A RECIBIR POR TELEVISION LOS PARTIDOS EN QUE PARTICIPE LA SELECCION NACIONAL DE FUTBOL.","('0156-D-2000', 1)":null,"('0156-D-2000', 2)":null},"('Firmantes', 'FIRMANTE')":{"('0156-D-2000', 0)":"ZACARIAS, JUAN DOMINGO","('0156-D-2000', 1)":null,"('0156-D-2000', 2)":null},"('Firmantes', 'DISTRITO')":{"('0156-D-2000', 0)":"ENTRE RIOS","('0156-D-2000', 1)":null,"('0156-D-2000', 2)":null},"('Firmantes', 'BLOQUE')":{"('0156-D-2000', 0)":"MOV SOC ENTRERRIANO","('0156-D-2000', 1)":null,"('0156-D-2000', 2)":null},"('Giros', 'COMISI\u00d3N')":{"('0156-D-2000', 0)":"COMUNICACIONES E INFORMATICA","('0156-D-2000', 1)":"DEPORTES","('0156-D-2000', 2)":"DEFENSA DEL CONSUMIDOR"},"('Tramites', 'C\u00c1MARA')":{"('0156-D-2000', 0)":"Diputados","('0156-D-2000', 1)":null,"('0156-D-2000', 2)":null},"('Tramites', 'MOVIMIENTO')":{"('0156-D-2000', 0)":"VER TRAMITE EN EXPEDIENTE 0105-D-00","('0156-D-2000', 1)":null,"('0156-D-2000', 2)":null},"('Tramites', 'FECHA')":{"('0156-D-2000', 0)":null,"('0156-D-2000', 1)":null,"('0156-D-2000', 2)":null},"('Tramites', 'RESULTADO')":{"('0156-D-2000', 0)":null,"('0156-D-2000', 1)":null,"('0156-D-2000', 2)":null},"Sumario":{"('0156-D-2000', 0)":"SOLICITUD AL PODER EJECUTIVO NACIONAL.","('0156-D-2000', 1)":null,"('0156-D-2000', 2)":null},"Palabra Clave":{"('0156-D-2000', 0)":" ","('0156-D-2000', 1)":null,"('0156-D-2000', 2)":null}}