{"Tipo de Proyecto":{"('0157-S-2000', 0)":"PROYECTO DE LEY","('0157-S-2000', 1)":null},"Iniciado en: ":{"('0157-S-2000', 0)":"Senado","('0157-S-2000', 1)":null},"Expediente Senado: ":{"('0157-S-2000', 0)":"0157-S-2000","('0157-S-2000', 1)":null},"Publicado en: ":{"('0157-S-2000', 0)":"Diario de Asuntos Entrados N\u00b0 9","('0157-S-2000', 1)":null},"Fecha: ":{"('0157-S-2000', 0)":"10\/03\/2000","('0157-S-2000', 1)":null},"T\u00edtulo":{"('0157-S-2000', 0)":"MODIFICACION A LA LEY 23548 DE COPARTICIPACION FEDERAL DE IMPUESTOS (REPRODUCCION DEL EXPEDIENTE 1088-S-98).","('0157-S-2000', 1)":null},"('Firmantes', 'FIRMANTE')":{"('0157-S-2000', 0)":"LOPEZ, ALCIDES HUMBERTO","('0157-S-2000', 1)":"MENEGHINI, JAVIER REYNALDO"},"('Firmantes', 'DISTRITO')":{"('0157-S-2000', 0)":"ENTRE RIOS","('0157-S-2000', 1)":"SANTIAGO DEL ESTERO"},"('Firmantes', 'BLOQUE')":{"('0157-S-2000', 0)":"UCR","('0157-S-2000', 1)":"UCR"},"Sumario":{"('0157-S-2000', 0)":"INCORPORACION DEL TITULO II \"COMISION FISCALIZADORA DE APORTES DEL TESORO NACIONAL\".","('0157-S-2000', 1)":null},"Palabra Clave":{"('0157-S-2000', 0)":" ","('0157-S-2000', 1)":null}}