{"Tipo de Proyecto":{"('0158-D-2000', 0)":"PROYECTO DE LEY","('0158-D-2000', 1)":null,"('0158-D-2000', 2)":null,"('0158-D-2000', 3)":null,"('0158-D-2000', 4)":null,"('0158-D-2000', 5)":null},"Iniciado en: ":{"('0158-D-2000', 0)":"Diputados","('0158-D-2000', 1)":null,"('0158-D-2000', 2)":null,"('0158-D-2000', 3)":null,"('0158-D-2000', 4)":null,"('0158-D-2000', 5)":null},"Expediente Diputados: ":{"('0158-D-2000', 0)":"0158-D-2000","('0158-D-2000', 1)":null,"('0158-D-2000', 2)":null,"('0158-D-2000', 3)":null,"('0158-D-2000', 4)":null,"('0158-D-2000', 5)":null},"Publicado en: ":{"('0158-D-2000', 0)":"Tr\u00e1mite Parlamentario N\u00b0 1","('0158-D-2000', 1)":null,"('0158-D-2000', 2)":null,"('0158-D-2000', 3)":null,"('0158-D-2000', 4)":null,"('0158-D-2000', 5)":null},"Fecha: ":{"('0158-D-2000', 0)":"01\/03\/2000","('0158-D-2000', 1)":null,"('0158-D-2000', 2)":null,"('0158-D-2000', 3)":null,"('0158-D-2000', 4)":null,"('0158-D-2000', 5)":null},"T\u00edtulo":{"('0158-D-2000', 0)":"MODIFICACION A LA LEY 25063 DE REFORMA TRIBUTARIA.","('0158-D-2000', 1)":null,"('0158-D-2000', 2)":null,"('0158-D-2000', 3)":null,"('0158-D-2000', 4)":null,"('0158-D-2000', 5)":null},"('Firmantes', 'FIRMANTE')":{"('0158-D-2000', 0)":"LAMBERTO, OSCAR","('0158-D-2000', 1)":"LOPEZ ARIAS, MARCELO EDUARDO","('0158-D-2000', 2)":"ROGGERO, HUMBERTO JESUS","('0158-D-2000', 3)":"REMES LENICOV, JORGE LUIS","('0158-D-2000', 4)":"OBEID, JORGE ALBERTO","('0158-D-2000', 5)":"CAMA\u00d1O, EDUARDO OSCAR"},"('Firmantes', 'DISTRITO')":{"('0158-D-2000', 0)":"SANTA FE","('0158-D-2000', 1)":"SALTA","('0158-D-2000', 2)":"CORDOBA","('0158-D-2000', 3)":"BUENOS AIRES","('0158-D-2000', 4)":"SANTA FE","('0158-D-2000', 5)":"BUENOS AIRES"},"('Firmantes', 'BLOQUE')":{"('0158-D-2000', 0)":"JUSTICIALISTA","('0158-D-2000', 1)":"JUSTICIALISTA","('0158-D-2000', 2)":"JUSTICIALISTA","('0158-D-2000', 3)":"JUSTICIALISTA","('0158-D-2000', 4)":"JUSTICIALISTA","('0158-D-2000', 5)":"JUSTICIALISTA"},"('Giros', 'COMISI\u00d3N')":{"('0158-D-2000', 0)":"PRESUPUESTO Y HACIENDA","('0158-D-2000', 1)":null,"('0158-D-2000', 2)":null,"('0158-D-2000', 3)":null,"('0158-D-2000', 4)":null,"('0158-D-2000', 5)":null},"Sumario":{"('0158-D-2000', 0)":"DEROGACION DEL TITULO IV (IMPUESTO SOBRE LOS INTERESES PAGADOS Y EL COSTO FINANCIERO DEL ENDEUDAMIENTO EMPRESARIO) ARTICULO 5.","('0158-D-2000', 1)":null,"('0158-D-2000', 2)":null,"('0158-D-2000', 3)":null,"('0158-D-2000', 4)":null,"('0158-D-2000', 5)":null},"Palabra Clave":{"('0158-D-2000', 0)":" ","('0158-D-2000', 1)":null,"('0158-D-2000', 2)":null,"('0158-D-2000', 3)":null,"('0158-D-2000', 4)":null,"('0158-D-2000', 5)":null}}