{"Tipo de Proyecto":{"('0158-OV-2000', 0)":"PROYECTO DE RESOLUCI\u00d3N"},"Iniciado en: ":{"('0158-OV-2000', 0)":"Senado"},"Expediente Senado: ":{"('0158-OV-2000', 0)":"0158-OV-2000"},"Fecha: ":{"('0158-OV-2000', 0)":"18\/09\/2001"},"T\u00edtulo":{"('0158-OV-2000', 0)":"DICTAMEN EN LA RESOLUCION REMITIDA POR LA AUDITORIA GENERAL DE LA NACION SOBRE LOS ESTADOS FINANCIEROS DEL PNUD ARG\/98\/034 APOYO Y FORTALECIMIENTO A LA UNIDAD EJECUTORA PROVINCIAL DE LA PROVINCIA DE BUENOS AIRES, SUBPROYECTO QUILMES - PROMIN II, PARCIALMENTE FINANCIADO A TRAVES DEL CONVENIO DE PRESTAMO 4164-AR OTORGADO POR EL BANCO INTERNACIONAL DE RECONSTRUCCION Y FOMENTO (BIRF)."},"('Firmantes', 'FIRMANTE')":{"('0158-OV-2000', 0)":"PARLAMENTARIA MIXTA REVISORA DE CUENTAS"},"('Firmantes', 'DISTRITO')":{"('0158-OV-2000', 0)":null},"('Firmantes', 'BLOQUE')":{"('0158-OV-2000', 0)":null},"('Tramites', 'C\u00c1MARA')":{"('0158-OV-2000', 0)":"Senado"},"('Tramites', 'MOVIMIENTO')":{"('0158-OV-2000', 0)":"CONSIDERACION Y APROBACION (AL ARCHIVO)"},"('Tramites', 'FECHA')":{"('0158-OV-2000', 0)":"23\/10\/2001"},"('Tramites', 'RESULTADO')":{"('0158-OV-2000', 0)":"ARCHIVADO"},"Sumario":{"('0158-OV-2000', 0)":"HABIENDO TOMADO CONOCIMIENTO Y NO CONTENIENDO REQUERIMIENTOS DE ACCION SUBSISTENTES, SE ACONSEJA SU REMISION AL ARCHIVO."},"Palabra Clave":{"('0158-OV-2000', 0)":" "}}