{"Tipo de Proyecto":{"('0158-S-2000', 0)":"PROYECTO DE LEY","('0158-S-2000', 1)":null},"Iniciado en: ":{"('0158-S-2000', 0)":"Senado","('0158-S-2000', 1)":null},"Expediente Diputados: ":{"('0158-S-2000', 0)":"0158-S-2000","('0158-S-2000', 1)":null},"Expediente Senado: ":{"('0158-S-2000', 0)":"0611-S-2000","('0158-S-2000', 1)":null},"Publicado en: ":{"('0158-S-2000', 0)":"Diario de Asuntos Entrados N\u00b0 31","('0158-S-2000', 1)":null},"Fecha: ":{"('0158-S-2000', 0)":"18\/04\/2000","('0158-S-2000', 1)":null},"T\u00edtulo":{"('0158-S-2000', 0)":"MODIFICACION A LA LEY 14473 DE ESTATUTO DEL DOCENTE.","('0158-S-2000', 1)":null},"('Firmantes', 'FIRMANTE')":{"('0158-S-2000', 0)":"ROMERO, MARCELO","('0158-S-2000', 1)":null},"('Firmantes', 'DISTRITO')":{"('0158-S-2000', 0)":"TIERRA DEL FUEGO","('0158-S-2000', 1)":null},"('Firmantes', 'BLOQUE')":{"('0158-S-2000', 0)":"MOV POP FUEGUINO","('0158-S-2000', 1)":null},"('Giros', 'COMISI\u00d3N')":{"('0158-S-2000', 0)":"EDUCACION","('0158-S-2000', 1)":"LEGISLACION DEL TRABAJO"},"('Tramites', 'C\u00c1MARA')":{"('0158-S-2000', 0)":"Senado","('0158-S-2000', 1)":"Diputados"},"('Tramites', 'MOVIMIENTO')":{"('0158-S-2000', 0)":"CONSIDERACION Y APROBACION","('0158-S-2000', 1)":"PASA A DIPUTADOS - (TP 169 - 30\/11\/00)"},"('Tramites', 'FECHA')":{"('0158-S-2000', 0)":"25\/10\/2000","('0158-S-2000', 1)":null},"('Tramites', 'RESULTADO')":{"('0158-S-2000', 0)":"MEDIA SANCION","('0158-S-2000', 1)":null},"Sumario":{"('0158-S-2000', 0)":"INCORPORACION DEL ARTICULO 20 BIS (EXTENSION DEL PLAZO DE DISPONIBILIDAD DE LOS DOCENTES DE ESCUELAS TECNICAS Y ARTISTICAS)","('0158-S-2000', 1)":null},"Palabra Clave":{"('0158-S-2000', 0)":" ","('0158-S-2000', 1)":null}}