{"Tipo de Proyecto":{"('0159-OV-2000', 0)":"PROYECTO DE RESOLUCI\u00d3N"},"Iniciado en: ":{"('0159-OV-2000', 0)":"Senado"},"Expediente Senado: ":{"('0159-OV-2000', 0)":"0159-OV-2000"},"Fecha: ":{"('0159-OV-2000', 0)":"22\/10\/2002"},"T\u00edtulo":{"('0159-OV-2000', 0)":"RESOLUCIONES REMITIDAS POR LA AUDITORIA GENERAL DE LA NACION SOBRE ESTADOS FINANCIEROS DEL PROYECTO APOYO Y FORTALECIMIENTO A LA UNIDAD EJECUTORA DEL PROGRAMA MATERNO INFANTIL Y NUTRICION DE BUENOS AIRES SUBPROYECTO BERAZATEGUI."},"('Firmantes', 'FIRMANTE')":{"('0159-OV-2000', 0)":"PARLAMENTARIA MIXTA REVISORA DE CUENTAS"},"('Firmantes', 'DISTRITO')":{"('0159-OV-2000', 0)":null},"('Firmantes', 'BLOQUE')":{"('0159-OV-2000', 0)":null},"('Tramites', 'C\u00c1MARA')":{"('0159-OV-2000', 0)":"Senado"},"('Tramites', 'MOVIMIENTO')":{"('0159-OV-2000', 0)":"CONSIDERACION Y APROBACION (AL ARCHIVO)"},"('Tramites', 'FECHA')":{"('0159-OV-2000', 0)":"21\/11\/2002"},"('Tramites', 'RESULTADO')":{"('0159-OV-2000', 0)":"ARCHIVADO"},"Sumario":{"('0159-OV-2000', 0)":"HABIENDO TOMADO CONOCIMIENTO Y NO CONTENIENDO REQUERIMIENTOS DE ACCION SUBSISTENTES SE ACONSEJA SU REMISION AL ARCHIVO."},"Palabra Clave":{"('0159-OV-2000', 0)":" "}}