{"Tipo de Proyecto":{"('0159-S-2000', 0)":"PROYECTO DE LEY","('0159-S-2000', 1)":null,"('0159-S-2000', 2)":null},"Iniciado en: ":{"('0159-S-2000', 0)":"Senado","('0159-S-2000', 1)":null,"('0159-S-2000', 2)":null},"Expediente Diputados: ":{"('0159-S-2000', 0)":"0159-S-2000","('0159-S-2000', 1)":null,"('0159-S-2000', 2)":null},"Expediente Senado: ":{"('0159-S-2000', 0)":"1722-S-2000","('0159-S-2000', 1)":null,"('0159-S-2000', 2)":null},"Publicado en: ":{"('0159-S-2000', 0)":"Diario de Asuntos Entrados N\u00b0 90","('0159-S-2000', 1)":null,"('0159-S-2000', 2)":null},"Fecha: ":{"('0159-S-2000', 0)":"15\/08\/2000","('0159-S-2000', 1)":null,"('0159-S-2000', 2)":null},"T\u00edtulo":{"('0159-S-2000', 0)":"DECLARAR A LA CIUDAD DE COMODORO RIVADAVIA, PROVINCIA DE CHUBUT \"CAPITAL NACIONAL DEL PETROLEO\".","('0159-S-2000', 1)":null,"('0159-S-2000', 2)":null},"('Firmantes', 'FIRMANTE')":{"('0159-S-2000', 0)":"SALA, OSVALDO RUBEN","('0159-S-2000', 1)":"SAEZ, JOSE MARIA","('0159-S-2000', 2)":"ALTUNA, JUAN CARLOS"},"('Firmantes', 'DISTRITO')":{"('0159-S-2000', 0)":"CHUBUT","('0159-S-2000', 1)":"CHUBUT","('0159-S-2000', 2)":"CHUBUT"},"('Firmantes', 'BLOQUE')":{"('0159-S-2000', 0)":"JUSTICIALISTA","('0159-S-2000', 1)":"UCR","('0159-S-2000', 2)":"UCR"},"('Giros', 'COMISI\u00d3N')":{"('0159-S-2000', 0)":"ENERGIA Y COMBUSTIBLES","('0159-S-2000', 1)":null,"('0159-S-2000', 2)":null},"('Tramites', 'C\u00c1MARA')":{"('0159-S-2000', 0)":"Senado","('0159-S-2000', 1)":"Diputados","('0159-S-2000', 2)":null},"('Tramites', 'MOVIMIENTO')":{"('0159-S-2000', 0)":"CONSIDERACION Y APROBACION","('0159-S-2000', 1)":"PASA A DIPUTADOS - (TP 169 - 30\/11\/00)","('0159-S-2000', 2)":null},"('Tramites', 'FECHA')":{"('0159-S-2000', 0)":"25\/10\/2000","('0159-S-2000', 1)":null,"('0159-S-2000', 2)":null},"('Tramites', 'RESULTADO')":{"('0159-S-2000', 0)":"MEDIA SANCION","('0159-S-2000', 1)":null,"('0159-S-2000', 2)":null},"Link":{"('0159-S-2000', 0)":"http:\/\/www.senado.gov.ar\/parlamentario\/comisiones\/verExp\/1722.00\/S\/PL","('0159-S-2000', 1)":null,"('0159-S-2000', 2)":null},"Palabra Clave":{"('0159-S-2000', 0)":" ","('0159-S-2000', 1)":null,"('0159-S-2000', 2)":null}}