{"Tipo de Proyecto":{"('0160-S-2000', 0)":"PROYECTO DE LEY","('0160-S-2000', 1)":null,"('0160-S-2000', 2)":null},"Iniciado en: ":{"('0160-S-2000', 0)":"Senado","('0160-S-2000', 1)":null,"('0160-S-2000', 2)":null},"Expediente Diputados: ":{"('0160-S-2000', 0)":"0160-S-2000","('0160-S-2000', 1)":null,"('0160-S-2000', 2)":null},"Expediente Senado: ":{"('0160-S-2000', 0)":"0829-S-2000","('0160-S-2000', 1)":null,"('0160-S-2000', 2)":null},"Publicado en: ":{"('0160-S-2000', 0)":"Diario de Asuntos Entrados N\u00b0 44","('0160-S-2000', 1)":null,"('0160-S-2000', 2)":null},"Fecha: ":{"('0160-S-2000', 0)":"11\/05\/2000","('0160-S-2000', 1)":null,"('0160-S-2000', 2)":null},"T\u00edtulo":{"('0160-S-2000', 0)":"REGIMEN DE USO DE LA BANDERA NACIONAL (REPRODUCCION DEL EXPEDIENTE 0559-S-98).","('0160-S-2000', 1)":null,"('0160-S-2000', 2)":null},"('Firmantes', 'FIRMANTE')":{"('0160-S-2000', 0)":"CAFIERO, ANTONIO FRANCISCO","('0160-S-2000', 1)":null,"('0160-S-2000', 2)":null},"('Firmantes', 'DISTRITO')":{"('0160-S-2000', 0)":"BUENOS AIRES","('0160-S-2000', 1)":null,"('0160-S-2000', 2)":null},"('Firmantes', 'BLOQUE')":{"('0160-S-2000', 0)":"JUSTICIALISTA","('0160-S-2000', 1)":null,"('0160-S-2000', 2)":null},"('Giros', 'COMISI\u00d3N')":{"('0160-S-2000', 0)":"LEGISLACION GENERAL","('0160-S-2000', 1)":null,"('0160-S-2000', 2)":null},"('Tramites', 'C\u00c1MARA')":{"('0160-S-2000', 0)":"Senado","('0160-S-2000', 1)":"Senado","('0160-S-2000', 2)":"Diputados"},"('Tramites', 'MOVIMIENTO')":{"('0160-S-2000', 0)":"MOCION VUELTA A COMISION (AFIRMATIVA)","('0160-S-2000', 1)":"CONSIDERACION Y APROBACION","('0160-S-2000', 2)":"PASA A DIPUTADOS - (TP 169 - 30\/11\/00)"},"('Tramites', 'FECHA')":{"('0160-S-2000', 0)":"21\/06\/2000","('0160-S-2000', 1)":"25\/10\/2000","('0160-S-2000', 2)":null},"('Tramites', 'RESULTADO')":{"('0160-S-2000', 0)":null,"('0160-S-2000', 1)":"MEDIA SANCION","('0160-S-2000', 2)":null},"Sumario":{"('0160-S-2000', 0)":"DEROGACION DEL DECRETO DEL 19 DE MAYO DE 1869 RATIFICADO POR ARTICULO 3 DEL DECRETO 31026 DEL 07\/11\/33.","('0160-S-2000', 1)":null,"('0160-S-2000', 2)":null},"Palabra Clave":{"('0160-S-2000', 0)":" ","('0160-S-2000', 1)":null,"('0160-S-2000', 2)":null}}