{"Tipo de Proyecto":{"('0162-OV-2000', 0)":"PROYECTO DE RESOLUCI\u00d3N"},"Iniciado en: ":{"('0162-OV-2000', 0)":"Senado"},"Expediente Senado: ":{"('0162-OV-2000', 0)":"0162-OV-2000"},"Publicado en: ":{"('0162-OV-2000', 0)":"Diario de Asuntos Entrados N\u00b0 0"},"Fecha: ":{"('0162-OV-2000', 0)":"23\/08\/2002"},"T\u00edtulo":{"('0162-OV-2000', 0)":"AUDITORIA GENERAL DE LA NACION: COMUNICA RESOLUCION 84\/00 APROBANDO EL INFORME REFERIDO AL PROYECTO PNUD ARG\/95\/003\" APOYO Y FORTALECIMIENTO A LA UNIDAD EJECUTORA PROVINCIAL DE LA PROVINCIA DE BUENOS AIRES DEL PROGRAMA MATERNO INFANTIL Y NUTRICION PARA EJECUTAR EL SUBPROYECTO ZONA OESTE."},"('Firmantes', 'FIRMANTE')":{"('0162-OV-2000', 0)":"PARLAMENTARIA MIXTA REVISORA DE CUENTAS"},"('Firmantes', 'DISTRITO')":{"('0162-OV-2000', 0)":null},"('Firmantes', 'BLOQUE')":{"('0162-OV-2000', 0)":null},"('Tramites', 'C\u00c1MARA')":{"('0162-OV-2000', 0)":"Senado"},"('Tramites', 'MOVIMIENTO')":{"('0162-OV-2000', 0)":"CONSIDERACION Y APROBACION (AL ARCHIVO)"},"('Tramites', 'FECHA')":{"('0162-OV-2000', 0)":"25\/09\/2002"},"('Tramites', 'RESULTADO')":{"('0162-OV-2000', 0)":"ARCHIVADO"},"Sumario":{"('0162-OV-2000', 0)":"HABIENDO TOMADO CONOCIMIENTO, SIN PERJUICIO DE LOS ESTUDIOS QUE DEBA REALIZAR AL AGN Y NO CONTENIENDO REQUERIMIENTOS DE ACCION SUBSISTENTES, SE ACONSEJA SU REMISION AL ARCHIVO."},"Palabra Clave":{"('0162-OV-2000', 0)":" "}}