{"Tipo de Proyecto":{"('0162-S-2000', 0)":"PROYECTO DE LEY","('0162-S-2000', 1)":null,"('0162-S-2000', 2)":null},"Iniciado en: ":{"('0162-S-2000', 0)":"Senado","('0162-S-2000', 1)":null,"('0162-S-2000', 2)":null},"Expediente Diputados: ":{"('0162-S-2000', 0)":"0162-S-2000","('0162-S-2000', 1)":null,"('0162-S-2000', 2)":null},"Expediente Senado: ":{"('0162-S-2000', 0)":"1460-S-2000","('0162-S-2000', 1)":null,"('0162-S-2000', 2)":null},"Publicado en: ":{"('0162-S-2000', 0)":"Diario de Asuntos Entrados N\u00b0 77","('0162-S-2000', 1)":null,"('0162-S-2000', 2)":null},"Fecha: ":{"('0162-S-2000', 0)":"18\/07\/2000","('0162-S-2000', 1)":null,"('0162-S-2000', 2)":null},"T\u00edtulo":{"('0162-S-2000', 0)":"DECLARAR \"CAPITAL NACIONAL DEL PETROLEO\" A LA LOCALIDAD DE RINCON DE LOS SAUCES EN LA PROVINCIA DE NEUQUEN.","('0162-S-2000', 1)":null,"('0162-S-2000', 2)":null},"('Firmantes', 'FIRMANTE')":{"('0162-S-2000', 0)":"BAUM, DANIEL","('0162-S-2000', 1)":null,"('0162-S-2000', 2)":null},"('Firmantes', 'DISTRITO')":{"('0162-S-2000', 0)":"NEUQUEN","('0162-S-2000', 1)":null,"('0162-S-2000', 2)":null},"('Firmantes', 'BLOQUE')":{"('0162-S-2000', 0)":"JUSTICIALISTA","('0162-S-2000', 1)":null,"('0162-S-2000', 2)":null},"('Giros', 'COMISI\u00d3N')":{"('0162-S-2000', 0)":"ENERGIA Y COMBUSTIBLES","('0162-S-2000', 1)":null,"('0162-S-2000', 2)":null},"('Tramites', 'C\u00c1MARA')":{"('0162-S-2000', 0)":"Senado","('0162-S-2000', 1)":"Diputados","('0162-S-2000', 2)":"Diputados"},"('Tramites', 'MOVIMIENTO')":{"('0162-S-2000', 0)":"CONSIDERACION Y APROBACION","('0162-S-2000', 1)":"PASA A DIPUTADOS - (TP 169 - 30\/11\/00)","('0162-S-2000', 2)":"CONSIDERACION Y SANCION"},"('Tramites', 'FECHA')":{"('0162-S-2000', 0)":"25\/10\/2000","('0162-S-2000', 1)":null,"('0162-S-2000', 2)":"24\/10\/2001"},"('Tramites', 'RESULTADO')":{"('0162-S-2000', 0)":"MEDIA SANCION","('0162-S-2000', 1)":null,"('0162-S-2000', 2)":"SANCIONADO"},"Link":{"('0162-S-2000', 0)":"http:\/\/www.senado.gov.ar\/parlamentario\/comisiones\/verExp\/1460.00\/S\/PL","('0162-S-2000', 1)":null,"('0162-S-2000', 2)":null},"Palabra Clave":{"('0162-S-2000', 0)":" ","('0162-S-2000', 1)":null,"('0162-S-2000', 2)":null}}