{"Tipo de Proyecto":{"('0164-S-2000', 0)":"COMUNICACION"},"Iniciado en: ":{"('0164-S-2000', 0)":"Senado"},"Expediente Senado: ":{"('0164-S-2000', 0)":"0164-S-2000"},"Publicado en: ":{"('0164-S-2000', 0)":"Diario de Asuntos Entrados N\u00b0 10"},"Fecha: ":{"('0164-S-2000', 0)":"14\/03\/2000"},"T\u00edtulo":{"('0164-S-2000', 0)":"AUXILIAR A LAS PROVINCIAS DEL NOROESTE ARGENTINO AFECTADAS POR LAS INUNDACIONES."},"('Firmantes', 'FIRMANTE')":{"('0164-S-2000', 0)":"VAQUIR, OMAR M."},"('Firmantes', 'DISTRITO')":{"('0164-S-2000', 0)":"SANTIAGO DEL ESTERO"},"('Firmantes', 'BLOQUE')":{"('0164-S-2000', 0)":"JUSTICIALISTA"},"Sumario":{"('0164-S-2000', 0)":"SOLICITUD AL PODER EJECUTIVO NACIONAL."},"Palabra Clave":{"('0164-S-2000', 0)":" "}}