{"Tipo de Proyecto":{"('0167-S-2000', 0)":"PROYECTO DE LEY","('0167-S-2000', 1)":null,"('0167-S-2000', 2)":null,"('0167-S-2000', 3)":null},"Iniciado en: ":{"('0167-S-2000', 0)":"Senado","('0167-S-2000', 1)":null,"('0167-S-2000', 2)":null,"('0167-S-2000', 3)":null},"Expediente Senado: ":{"('0167-S-2000', 0)":"0167-S-2000","('0167-S-2000', 1)":null,"('0167-S-2000', 2)":null,"('0167-S-2000', 3)":null},"Publicado en: ":{"('0167-S-2000', 0)":"Diario de Asuntos Entrados N\u00b0 10","('0167-S-2000', 1)":null,"('0167-S-2000', 2)":null,"('0167-S-2000', 3)":null},"Fecha: ":{"('0167-S-2000', 0)":"14\/03\/2000","('0167-S-2000', 1)":null,"('0167-S-2000', 2)":null,"('0167-S-2000', 3)":null},"T\u00edtulo":{"('0167-S-2000', 0)":"DISPONER EL USO OBLIGATORIO DE SISTEMAS DE SEGURIDAD EN EL ACCESO A LAS ENTIDADES BANCARIAS Y FINANCIERAS.","('0167-S-2000', 1)":null,"('0167-S-2000', 2)":null,"('0167-S-2000', 3)":null},"('Firmantes', 'FIRMANTE')":{"('0167-S-2000', 0)":"ARNOLD, EDUARDO ARIEL","('0167-S-2000', 1)":"VERNA, CARLOS ALBERTO","('0167-S-2000', 2)":"SALA, OSVALDO RUBEN","('0167-S-2000', 3)":"DI PIETRO, ARTURO ROLANDO"},"('Firmantes', 'DISTRITO')":{"('0167-S-2000', 0)":"SANTA CRUZ","('0167-S-2000', 1)":"LA PAMPA","('0167-S-2000', 2)":"CHUBUT","('0167-S-2000', 3)":"SANTA FE"},"('Firmantes', 'BLOQUE')":{"('0167-S-2000', 0)":"JUSTICIALISTA","('0167-S-2000', 1)":"JUSTICIALISTA","('0167-S-2000', 2)":"JUSTICIALISTA","('0167-S-2000', 3)":"JUSTICIALISTA"},"('Tramites', 'C\u00c1MARA')":{"('0167-S-2000', 0)":"Senado","('0167-S-2000', 1)":null,"('0167-S-2000', 2)":null,"('0167-S-2000', 3)":null},"('Tramites', 'MOVIMIENTO')":{"('0167-S-2000', 0)":"VER TRAMITE EN EXPEDIENTE 1595-S-99","('0167-S-2000', 1)":null,"('0167-S-2000', 2)":null,"('0167-S-2000', 3)":null},"('Tramites', 'FECHA')":{"('0167-S-2000', 0)":null,"('0167-S-2000', 1)":null,"('0167-S-2000', 2)":null,"('0167-S-2000', 3)":null},"('Tramites', 'RESULTADO')":{"('0167-S-2000', 0)":null,"('0167-S-2000', 1)":null,"('0167-S-2000', 2)":null,"('0167-S-2000', 3)":null},"Sumario":{"('0167-S-2000', 0)":"SISTEMA DE DOBLE PUERTA ESCLUSA BLINDADA; ORGANO DE CONTROL: BCRA.","('0167-S-2000', 1)":null,"('0167-S-2000', 2)":null,"('0167-S-2000', 3)":null},"Palabra Clave":{"('0167-S-2000', 0)":" ","('0167-S-2000', 1)":null,"('0167-S-2000', 2)":null,"('0167-S-2000', 3)":null}}