{"Tipo de Proyecto":{"('0171-S-2000', 0)":"PROYECTO DE RESOLUCI\u00d3N","('0171-S-2000', 1)":null,"('0171-S-2000', 2)":null,"('0171-S-2000', 3)":null},"Iniciado en: ":{"('0171-S-2000', 0)":"Senado","('0171-S-2000', 1)":null,"('0171-S-2000', 2)":null,"('0171-S-2000', 3)":null},"Expediente Diputados: ":{"('0171-S-2000', 0)":"0171-S-2000","('0171-S-2000', 1)":null,"('0171-S-2000', 2)":null,"('0171-S-2000', 3)":null},"Expediente Senado: ":{"('0171-S-2000', 0)":"0169-OV-1999","('0171-S-2000', 1)":null,"('0171-S-2000', 2)":null,"('0171-S-2000', 3)":null},"Fecha: ":{"('0171-S-2000', 0)":"20\/10\/2000","('0171-S-2000', 1)":null,"('0171-S-2000', 2)":null,"('0171-S-2000', 3)":null},"T\u00edtulo":{"('0171-S-2000', 0)":"DIRIGIRSE AL PODER EJECUTIVO NACIONAL MANIFESTANDO LA NECESIDAD DE QUE LA COMISION NACIONAL DE REGULACION DEL TRANSPORTE INTENSIFIQUE LOS CONTROLES QUE EJERCE SOBRE LA EMPRESA METROVIAS SA, PARA EL MEJORAMIENTO DE LA CALIDAD DEL SERVICIO PRESTADO AL PUBLICO USUARIO.","('0171-S-2000', 1)":null,"('0171-S-2000', 2)":null,"('0171-S-2000', 3)":null},"('Firmantes', 'FIRMANTE')":{"('0171-S-2000', 0)":"PARLAMENTARIA MIXTA REVISORA DE CUENTAS","('0171-S-2000', 1)":null,"('0171-S-2000', 2)":null,"('0171-S-2000', 3)":null},"('Firmantes', 'DISTRITO')":{"('0171-S-2000', 0)":null,"('0171-S-2000', 1)":null,"('0171-S-2000', 2)":null,"('0171-S-2000', 3)":null},"('Firmantes', 'BLOQUE')":{"('0171-S-2000', 0)":null,"('0171-S-2000', 1)":null,"('0171-S-2000', 2)":null,"('0171-S-2000', 3)":null},"('Giros', 'COMISI\u00d3N')":{"('0171-S-2000', 0)":"PARLAMENTARIA MIXTA REVISORA DE CUENTAS","('0171-S-2000', 1)":null,"('0171-S-2000', 2)":null,"('0171-S-2000', 3)":null},"('Tramites', 'C\u00c1MARA')":{"('0171-S-2000', 0)":"Senado","('0171-S-2000', 1)":"Diputados","('0171-S-2000', 2)":"Diputados","('0171-S-2000', 3)":"Diputados"},"('Tramites', 'MOVIMIENTO')":{"('0171-S-2000', 0)":"CONSIDERACION Y APROBACION","('0171-S-2000', 1)":"PASA A DIPUTADOS -","('0171-S-2000', 2)":"CONSIDERACION Y APROBACION","('0171-S-2000', 3)":"CONTESTACION DEL PODER EJECUTIVO NACIONAL - JEFE DE GABINETE DE MINISTROS - (0182-OV-02); GIRADA A LA COMISION RESPECTIVA (BAE 5\/02)"},"('Tramites', 'FECHA')":{"('0171-S-2000', 0)":"15\/11\/2000","('0171-S-2000', 1)":null,"('0171-S-2000', 2)":"07\/03\/2001","('0171-S-2000', 3)":"10\/04\/2002"},"('Tramites', 'RESULTADO')":{"('0171-S-2000', 0)":"APROBADO","('0171-S-2000', 1)":null,"('0171-S-2000', 2)":"APROBADO","('0171-S-2000', 3)":null},"Sumario":{"('0171-S-2000', 0)":"COMUNIQUESE AL PODER EJECUTIVO NACIONAL Y A LA AUDITORIA GENERAL DE LA NACION JUNTAMENTE CON SUS FUNDAMENTOS.","('0171-S-2000', 1)":null,"('0171-S-2000', 2)":null,"('0171-S-2000', 3)":null},"Palabra Clave":{"('0171-S-2000', 0)":" ","('0171-S-2000', 1)":null,"('0171-S-2000', 2)":null,"('0171-S-2000', 3)":null}}