{"Tipo de Proyecto":{"('0171-OV-2000', 0)":"PROYECTO DE RESOLUCI\u00d3N"},"Iniciado en: ":{"('0171-OV-2000', 0)":"Senado"},"Expediente Senado: ":{"('0171-OV-2000', 0)":"0171-OV-2000"},"Fecha: ":{"('0171-OV-2000', 0)":"01\/08\/2002"},"T\u00edtulo":{"('0171-OV-2000', 0)":"DICTAMEN EN LA RESOLUCION REMITIDA POR LA AUDITORIA GENERAL DE LA NACION SOBRE EL ESTADO FINANCIERO AL 31 DE DICIEMBRE DE 1999 CORRESPONDIENTE AL PROYECTO DE ASISTENCIA TECNICA PARA EL FORTALECIMIENTO DEL SISTEMA NACIONAL DE INVERSION PUBLICA, CONVENIO DE PRESTAMO 3958-AR-BIRF."},"('Firmantes', 'FIRMANTE')":{"('0171-OV-2000', 0)":"PARLAMENTARIA MIXTA REVISORA DE CUENTAS"},"('Firmantes', 'DISTRITO')":{"('0171-OV-2000', 0)":null},"('Firmantes', 'BLOQUE')":{"('0171-OV-2000', 0)":null},"('Tramites', 'C\u00c1MARA')":{"('0171-OV-2000', 0)":"Senado"},"('Tramites', 'MOVIMIENTO')":{"('0171-OV-2000', 0)":"CONSIDERACION Y APROBACION (AL ARCHIVO)"},"('Tramites', 'FECHA')":{"('0171-OV-2000', 0)":"15\/08\/2002"},"('Tramites', 'RESULTADO')":{"('0171-OV-2000', 0)":"ARCHIVADO"},"Sumario":{"('0171-OV-2000', 0)":"HABIENDO TOMADO CONOCIMIENTO DEL MISMO Y NO CONTENIENDO REQUERIMIENTOS DE ACCION SUBSISTENTES, SE ACONSEJA SU REMISION AL ARCHIVO."},"Palabra Clave":{"('0171-OV-2000', 0)":" "}}