{"Tipo de Proyecto":{"('0173-S-2000', 0)":"PROYECTO DE RESOLUCI\u00d3N","('0173-S-2000', 1)":null,"('0173-S-2000', 2)":null,"('0173-S-2000', 3)":null,"('0173-S-2000', 4)":null},"Iniciado en: ":{"('0173-S-2000', 0)":"Senado","('0173-S-2000', 1)":null,"('0173-S-2000', 2)":null,"('0173-S-2000', 3)":null,"('0173-S-2000', 4)":null},"Expediente Diputados: ":{"('0173-S-2000', 0)":"0173-S-2000","('0173-S-2000', 1)":null,"('0173-S-2000', 2)":null,"('0173-S-2000', 3)":null,"('0173-S-2000', 4)":null},"Expediente Senado: ":{"('0173-S-2000', 0)":"0144-OV-1999","('0173-S-2000', 1)":null,"('0173-S-2000', 2)":null,"('0173-S-2000', 3)":null,"('0173-S-2000', 4)":null},"Fecha: ":{"('0173-S-2000', 0)":"20\/10\/2000","('0173-S-2000', 1)":null,"('0173-S-2000', 2)":null,"('0173-S-2000', 3)":null,"('0173-S-2000', 4)":null},"T\u00edtulo":{"('0173-S-2000', 0)":"DIRIGIRSE AL PODER EJECUTIVO NACIONAL MANIFESTANDO LA NECESIDAD DE QUE EL ORGANO DE CONTROL DE LA RED DE ACCESOS A LA CIUDAD DE BUENOS AIRES (OCRABA), ADECUE SU GESTION A LAS NORMATIVAS LEGALES, ADMINISTRATIVAS Y CONTRACTUALES, Y HACIENDO CUMPLIR DICHAS NORMAS.","('0173-S-2000', 1)":null,"('0173-S-2000', 2)":null,"('0173-S-2000', 3)":null,"('0173-S-2000', 4)":null},"('Firmantes', 'FIRMANTE')":{"('0173-S-2000', 0)":"PARLAMENTARIA MIXTA REVISORA DE CUENTAS","('0173-S-2000', 1)":null,"('0173-S-2000', 2)":null,"('0173-S-2000', 3)":null,"('0173-S-2000', 4)":null},"('Firmantes', 'DISTRITO')":{"('0173-S-2000', 0)":null,"('0173-S-2000', 1)":null,"('0173-S-2000', 2)":null,"('0173-S-2000', 3)":null,"('0173-S-2000', 4)":null},"('Firmantes', 'BLOQUE')":{"('0173-S-2000', 0)":null,"('0173-S-2000', 1)":null,"('0173-S-2000', 2)":null,"('0173-S-2000', 3)":null,"('0173-S-2000', 4)":null},"('Giros', 'COMISI\u00d3N')":{"('0173-S-2000', 0)":"PARLAMENTARIA MIXTA REVISORA DE CUENTAS","('0173-S-2000', 1)":null,"('0173-S-2000', 2)":null,"('0173-S-2000', 3)":null,"('0173-S-2000', 4)":null},"('Tramites', 'C\u00c1MARA')":{"('0173-S-2000', 0)":"Senado","('0173-S-2000', 1)":"Diputados","('0173-S-2000', 2)":"Diputados","('0173-S-2000', 3)":"Diputados","('0173-S-2000', 4)":"Diputados"},"('Tramites', 'MOVIMIENTO')":{"('0173-S-2000', 0)":"CONSIDERACION Y APROBACION","('0173-S-2000', 1)":"PASA A DIPUTADOS -","('0173-S-2000', 2)":"CONSIDERACION Y APROBACION","('0173-S-2000', 3)":"CONTESTACION DEL PODER EJECUTIVO NACIONAL - JEFE DE GABINETE DE MINISTROS - (0445-OV-01); GIRADA A LA COMISION RESPECTIVA (BAE 32\/01)","('0173-S-2000', 4)":"CONTESTACION DEL PODER EJECUTIVO NACIONAL - JEFE DE GABINETE DE MINISTROS - (0183-OV-02); GIRADA A LA COMISION RESPECTIVA (BAE 5\/02)"},"('Tramites', 'FECHA')":{"('0173-S-2000', 0)":"15\/11\/2000","('0173-S-2000', 1)":null,"('0173-S-2000', 2)":"07\/03\/2001","('0173-S-2000', 3)":"24\/10\/2001","('0173-S-2000', 4)":"10\/04\/2002"},"('Tramites', 'RESULTADO')":{"('0173-S-2000', 0)":"APROBADO","('0173-S-2000', 1)":null,"('0173-S-2000', 2)":"APROBADO","('0173-S-2000', 3)":null,"('0173-S-2000', 4)":null},"Sumario":{"('0173-S-2000', 0)":"COMUNIQUESE AL PODER EJECUTIVO NACIONAL Y A LA AUDITORIA GENERAL DE LA NACION JUNTAMENTE CON SUS FUNDAMENTOS.","('0173-S-2000', 1)":null,"('0173-S-2000', 2)":null,"('0173-S-2000', 3)":null,"('0173-S-2000', 4)":null},"Palabra Clave":{"('0173-S-2000', 0)":" ","('0173-S-2000', 1)":null,"('0173-S-2000', 2)":null,"('0173-S-2000', 3)":null,"('0173-S-2000', 4)":null}}