{"Tipo de Proyecto":{"('0174-S-2000', 0)":"PROYECTO DE RESOLUCI\u00d3N","('0174-S-2000', 1)":null,"('0174-S-2000', 2)":null,"('0174-S-2000', 3)":null,"('0174-S-2000', 4)":null},"Iniciado en: ":{"('0174-S-2000', 0)":"Senado","('0174-S-2000', 1)":null,"('0174-S-2000', 2)":null,"('0174-S-2000', 3)":null,"('0174-S-2000', 4)":null},"Expediente Diputados: ":{"('0174-S-2000', 0)":"0174-S-2000","('0174-S-2000', 1)":null,"('0174-S-2000', 2)":null,"('0174-S-2000', 3)":null,"('0174-S-2000', 4)":null},"Expediente Senado: ":{"('0174-S-2000', 0)":"0442-OV-1999","('0174-S-2000', 1)":null,"('0174-S-2000', 2)":null,"('0174-S-2000', 3)":null,"('0174-S-2000', 4)":null},"Fecha: ":{"('0174-S-2000', 0)":"20\/10\/2000","('0174-S-2000', 1)":null,"('0174-S-2000', 2)":null,"('0174-S-2000', 3)":null,"('0174-S-2000', 4)":null},"T\u00edtulo":{"('0174-S-2000', 0)":"SOLICITAR AL PODER EJECUTIVO NACIONAL ADOPTE MEDIDAS PARA QUE LA RED BASICA DE ESTACIONES HIDROMETEOROLOGICAS DEL PAIS TENGA LA DENSIDAD MINIMA DE LA RED PARA DISTINTAS REGIONES GEOGRAFICAS Y LOS PERIODOS MINIMOS DE FUNCIONAMIENTO, A FIN DE OBTENER INFORMACION SATISFACTORIA DE ACUERDO A LOS CANONES DE LA ORGANIZACION METEOROLOGICA MUNDIAL.","('0174-S-2000', 1)":null,"('0174-S-2000', 2)":null,"('0174-S-2000', 3)":null,"('0174-S-2000', 4)":null},"('Firmantes', 'FIRMANTE')":{"('0174-S-2000', 0)":"PARLAMENTARIA MIXTA REVISORA DE CUENTAS","('0174-S-2000', 1)":null,"('0174-S-2000', 2)":null,"('0174-S-2000', 3)":null,"('0174-S-2000', 4)":null},"('Firmantes', 'DISTRITO')":{"('0174-S-2000', 0)":null,"('0174-S-2000', 1)":null,"('0174-S-2000', 2)":null,"('0174-S-2000', 3)":null,"('0174-S-2000', 4)":null},"('Firmantes', 'BLOQUE')":{"('0174-S-2000', 0)":null,"('0174-S-2000', 1)":null,"('0174-S-2000', 2)":null,"('0174-S-2000', 3)":null,"('0174-S-2000', 4)":null},"('Giros', 'COMISI\u00d3N')":{"('0174-S-2000', 0)":"PARLAMENTARIA MIXTA REVISORA DE CUENTAS","('0174-S-2000', 1)":null,"('0174-S-2000', 2)":null,"('0174-S-2000', 3)":null,"('0174-S-2000', 4)":null},"('Tramites', 'C\u00c1MARA')":{"('0174-S-2000', 0)":"Senado","('0174-S-2000', 1)":"Diputados","('0174-S-2000', 2)":"Diputados","('0174-S-2000', 3)":"Diputados","('0174-S-2000', 4)":"Diputados"},"('Tramites', 'MOVIMIENTO')":{"('0174-S-2000', 0)":"CONSIDERACION Y APROBACION","('0174-S-2000', 1)":"PASA A DIPUTADOS -","('0174-S-2000', 2)":"CONSIDERACION Y APROBACION","('0174-S-2000', 3)":"CONTESTACION DEL PODER EJECUTIVO NACIONAL - JEFE DE GABINETE DE MINISTROS - (0446-OV-01); GIRADA A LA COMISION RESPECTIVA (BAE 32\/01)","('0174-S-2000', 4)":"CONTESTACION DEL PODER EJECUTIVO NACIONAL - JEFE DE GABINETE DE MINISTROS - (0829-OV-01); GIRADA A LA COMISION RESPECTIVA (BAE 49\/01)"},"('Tramites', 'FECHA')":{"('0174-S-2000', 0)":"15\/11\/2000","('0174-S-2000', 1)":null,"('0174-S-2000', 2)":"07\/03\/2001","('0174-S-2000', 3)":"24\/10\/2001","('0174-S-2000', 4)":"28\/02\/2002"},"('Tramites', 'RESULTADO')":{"('0174-S-2000', 0)":"APROBADO","('0174-S-2000', 1)":null,"('0174-S-2000', 2)":"APROBADO","('0174-S-2000', 3)":null,"('0174-S-2000', 4)":null},"Sumario":{"('0174-S-2000', 0)":"COMUNIQUESE AL PODER EJECUTIVO NACIONAL Y A LA AUDITORIA GENERAL DE LA NACION JUNTAMENTE CON SUS FUNDAMENTOS.","('0174-S-2000', 1)":null,"('0174-S-2000', 2)":null,"('0174-S-2000', 3)":null,"('0174-S-2000', 4)":null},"Palabra Clave":{"('0174-S-2000', 0)":" ","('0174-S-2000', 1)":null,"('0174-S-2000', 2)":null,"('0174-S-2000', 3)":null,"('0174-S-2000', 4)":null}}