{"Tipo de Proyecto":{"('0174-D-2000', 0)":"PROYECTO DE RESOLUCI\u00d3N"},"Iniciado en: ":{"('0174-D-2000', 0)":"Diputados"},"Expediente Diputados: ":{"('0174-D-2000', 0)":"0174-D-2000"},"Publicado en: ":{"('0174-D-2000', 0)":"Tr\u00e1mite Parlamentario N\u00b0 2"},"Fecha: ":{"('0174-D-2000', 0)":"02\/03\/2000"},"T\u00edtulo":{"('0174-D-2000', 0)":"ACCION SOLIDARIA DEL JOVEN MATIAS SOTO AL DONAR PARTE DE SU HIGADO A SU MADRE.  "},"('Firmantes', 'FIRMANTE')":{"('0174-D-2000', 0)":"CAMA\u00d1O, GRACIELA"},"('Firmantes', 'DISTRITO')":{"('0174-D-2000', 0)":"BUENOS AIRES"},"('Firmantes', 'BLOQUE')":{"('0174-D-2000', 0)":"JUSTICIALISTA"},"('Giros', 'COMISI\u00d3N')":{"('0174-D-2000', 0)":"ACCION SOCIAL Y SALUD PUBLICA"},"Sumario":{"('0174-D-2000', 0)":"EXPRESION DE BENEPLACITO."},"Palabra Clave":{"('0174-D-2000', 0)":" "}}