{"Tipo de Proyecto":{"('0176-S-2000', 0)":"PROYECTO DE RESOLUCI\u00d3N","('0176-S-2000', 1)":null,"('0176-S-2000', 2)":null,"('0176-S-2000', 3)":null,"('0176-S-2000', 4)":null},"Iniciado en: ":{"('0176-S-2000', 0)":"Senado","('0176-S-2000', 1)":null,"('0176-S-2000', 2)":null,"('0176-S-2000', 3)":null,"('0176-S-2000', 4)":null},"Expediente Diputados: ":{"('0176-S-2000', 0)":"0176-S-2000","('0176-S-2000', 1)":null,"('0176-S-2000', 2)":null,"('0176-S-2000', 3)":null,"('0176-S-2000', 4)":null},"Expediente Senado: ":{"('0176-S-2000', 0)":"0392-OV-1998","('0176-S-2000', 1)":null,"('0176-S-2000', 2)":null,"('0176-S-2000', 3)":null,"('0176-S-2000', 4)":null},"Fecha: ":{"('0176-S-2000', 0)":"20\/10\/2000","('0176-S-2000', 1)":null,"('0176-S-2000', 2)":null,"('0176-S-2000', 3)":null,"('0176-S-2000', 4)":null},"T\u00edtulo":{"('0176-S-2000', 0)":"SOLICITANDO AL PODER EJECUTIVO INFORME SOBRE LAS MEDIDAS ADOPTADAS A FIN DE REGULARIZAR LAS OBSERVACIONES EFECTUADAS POR LA AUDITORIA GENERAL DE LA NACION RESPECTO DE LA GESTION Y CONTROL DE RECURSOS EN EL AMBITO DEL MINISTERIO DE CULTURA Y EDUCACION, ASI COMO EN EL AMBITO DEL BANCO DE LA NACION ARGENTINA EN LO REFERIDO A LOS PROGRAMAS \"TRANSFORMACION DEL SISTEMA EDUCATIVO\" Y \"TRANSFERENCIAS Y CONTRIBUCIONES A ACADEMIAS NACIONALES E INSTITUTOS TERCIARIOS, EJERCICIO 1996.","('0176-S-2000', 1)":null,"('0176-S-2000', 2)":null,"('0176-S-2000', 3)":null,"('0176-S-2000', 4)":null},"('Firmantes', 'FIRMANTE')":{"('0176-S-2000', 0)":"PARLAMENTARIA MIXTA REVISORA DE CUENTAS","('0176-S-2000', 1)":null,"('0176-S-2000', 2)":null,"('0176-S-2000', 3)":null,"('0176-S-2000', 4)":null},"('Firmantes', 'DISTRITO')":{"('0176-S-2000', 0)":null,"('0176-S-2000', 1)":null,"('0176-S-2000', 2)":null,"('0176-S-2000', 3)":null,"('0176-S-2000', 4)":null},"('Firmantes', 'BLOQUE')":{"('0176-S-2000', 0)":null,"('0176-S-2000', 1)":null,"('0176-S-2000', 2)":null,"('0176-S-2000', 3)":null,"('0176-S-2000', 4)":null},"('Giros', 'COMISI\u00d3N')":{"('0176-S-2000', 0)":"PARLAMENTARIA MIXTA REVISORA DE CUENTAS","('0176-S-2000', 1)":null,"('0176-S-2000', 2)":null,"('0176-S-2000', 3)":null,"('0176-S-2000', 4)":null},"('Tramites', 'C\u00c1MARA')":{"('0176-S-2000', 0)":"Senado","('0176-S-2000', 1)":"Diputados","('0176-S-2000', 2)":"Diputados","('0176-S-2000', 3)":"Diputados","('0176-S-2000', 4)":"Diputados"},"('Tramites', 'MOVIMIENTO')":{"('0176-S-2000', 0)":"CONSIDERACION Y APROBACION","('0176-S-2000', 1)":"PASA A DIPUTADOS -","('0176-S-2000', 2)":"CONSIDERACION Y APROBACION","('0176-S-2000', 3)":"CONTESTACION DEL PODER EJECUTIVO NACIONAL - JEFE DE GABINETE DE MINISTROS - (0447-OV-01); GIRADA A LA COMISION RESPECTIVA (BAE 32\/01)","('0176-S-2000', 4)":"CONTESTACION DEL PODER EJECUTIVO NACIONAL - JEFE DE GABINETE DE MINISTROS - (0830-OV-01); GIRADA A LA COMISION RESPECTIVA (BAE 49\/01)"},"('Tramites', 'FECHA')":{"('0176-S-2000', 0)":"15\/11\/2000","('0176-S-2000', 1)":null,"('0176-S-2000', 2)":"07\/03\/2001","('0176-S-2000', 3)":"24\/10\/2001","('0176-S-2000', 4)":"28\/02\/2002"},"('Tramites', 'RESULTADO')":{"('0176-S-2000', 0)":"APROBADO","('0176-S-2000', 1)":null,"('0176-S-2000', 2)":"APROBADO","('0176-S-2000', 3)":null,"('0176-S-2000', 4)":null},"Sumario":{"('0176-S-2000', 0)":"COMUNIQUESE AL PODER EJECUTIVO NACIONAL Y A LA AUDITORIA GENERAL DE LA NACION JUNTAMENTE CON SUS FUNDAMENTOS.","('0176-S-2000', 1)":null,"('0176-S-2000', 2)":null,"('0176-S-2000', 3)":null,"('0176-S-2000', 4)":null},"Palabra Clave":{"('0176-S-2000', 0)":" ","('0176-S-2000', 1)":null,"('0176-S-2000', 2)":null,"('0176-S-2000', 3)":null,"('0176-S-2000', 4)":null}}