{"Tipo de Proyecto":{"('0176-D-2000', 0)":"PROYECTO DE DECLARACI\u00d3N","('0176-D-2000', 1)":null},"Iniciado en: ":{"('0176-D-2000', 0)":"Diputados","('0176-D-2000', 1)":null},"Expediente Diputados: ":{"('0176-D-2000', 0)":"0176-D-2000","('0176-D-2000', 1)":null},"Publicado en: ":{"('0176-D-2000', 0)":"Tr\u00e1mite Parlamentario N\u00b0 2","('0176-D-2000', 1)":null},"Fecha: ":{"('0176-D-2000', 0)":"02\/03\/2000","('0176-D-2000', 1)":null},"T\u00edtulo":{"('0176-D-2000', 0)":"SUSPENSION DE PERSONAL EN LA INDUSTRIA AUTOMOTRIZ. ","('0176-D-2000', 1)":null},"('Firmantes', 'FIRMANTE')":{"('0176-D-2000', 0)":"CAMA\u00d1O, GRACIELA","('0176-D-2000', 1)":null},"('Firmantes', 'DISTRITO')":{"('0176-D-2000', 0)":"BUENOS AIRES","('0176-D-2000', 1)":null},"('Firmantes', 'BLOQUE')":{"('0176-D-2000', 0)":"JUSTICIALISTA","('0176-D-2000', 1)":null},"('Giros', 'COMISI\u00d3N')":{"('0176-D-2000', 0)":"LEGISLACION DEL TRABAJO","('0176-D-2000', 1)":"INDUSTRIA"},"('Tramites', 'C\u00c1MARA')":{"('0176-D-2000', 0)":"Diputados","('0176-D-2000', 1)":null},"('Tramites', 'MOVIMIENTO')":{"('0176-D-2000', 0)":"CONSIDERACION Y APROBACION","('0176-D-2000', 1)":null},"('Tramites', 'FECHA')":{"('0176-D-2000', 0)":"01\/11\/2000","('0176-D-2000', 1)":null},"('Tramites', 'RESULTADO')":{"('0176-D-2000', 0)":"APROBADO","('0176-D-2000', 1)":null},"Sumario":{"('0176-D-2000', 0)":"EXPRESION DE PREOCUPACION.","('0176-D-2000', 1)":null},"Palabra Clave":{"('0176-D-2000', 0)":" ","('0176-D-2000', 1)":null}}