{"Tipo de Proyecto":{"('0178-S-2000', 0)":"PROYECTO DE RESOLUCI\u00d3N","('0178-S-2000', 1)":null,"('0178-S-2000', 2)":null},"Iniciado en: ":{"('0178-S-2000', 0)":"Senado","('0178-S-2000', 1)":null,"('0178-S-2000', 2)":null},"Expediente Diputados: ":{"('0178-S-2000', 0)":"0178-S-2000","('0178-S-2000', 1)":null,"('0178-S-2000', 2)":null},"Expediente Senado: ":{"('0178-S-2000', 0)":"0320-OV-1998","('0178-S-2000', 1)":null,"('0178-S-2000', 2)":null},"Fecha: ":{"('0178-S-2000', 0)":"20\/10\/2000","('0178-S-2000', 1)":null,"('0178-S-2000', 2)":null},"T\u00edtulo":{"('0178-S-2000', 0)":"SOLICITANDO AL PODER EJECUTIVO INFORME SOBRE LAS MEDIDAS ADOPTADAS A FIN DE REGULARIZAR LAS OBSERVACIONES EFECTUADAS POR LA AUDITORIA GENERAL DE LA NACION RESPECTO DE LA GESTION Y CONTROL DE RECURSOS EN EL AMBITO DEL MINISTERIO DE ECONOMIA Y OBRAS Y SERVICIOS PUBLICOS, CORRESPONDIENTES A PROYECTOS FINANCIADOS POR ORGANISMOS INTERNACIONALES DE CREDITO.","('0178-S-2000', 1)":null,"('0178-S-2000', 2)":null},"('Firmantes', 'FIRMANTE')":{"('0178-S-2000', 0)":"PARLAMENTARIA MIXTA REVISORA DE CUENTAS","('0178-S-2000', 1)":null,"('0178-S-2000', 2)":null},"('Firmantes', 'DISTRITO')":{"('0178-S-2000', 0)":null,"('0178-S-2000', 1)":null,"('0178-S-2000', 2)":null},"('Firmantes', 'BLOQUE')":{"('0178-S-2000', 0)":null,"('0178-S-2000', 1)":null,"('0178-S-2000', 2)":null},"('Giros', 'COMISI\u00d3N')":{"('0178-S-2000', 0)":"PARLAMENTARIA MIXTA REVISORA DE CUENTAS","('0178-S-2000', 1)":null,"('0178-S-2000', 2)":null},"('Tramites', 'C\u00c1MARA')":{"('0178-S-2000', 0)":"Senado","('0178-S-2000', 1)":"Diputados","('0178-S-2000', 2)":"Diputados"},"('Tramites', 'MOVIMIENTO')":{"('0178-S-2000', 0)":"CONSIDERACION Y APROBACION","('0178-S-2000', 1)":"PASA A DIPUTADOS -","('0178-S-2000', 2)":"CONSIDERACION Y APROBACION"},"('Tramites', 'FECHA')":{"('0178-S-2000', 0)":"15\/11\/2000","('0178-S-2000', 1)":null,"('0178-S-2000', 2)":"07\/03\/2001"},"('Tramites', 'RESULTADO')":{"('0178-S-2000', 0)":"APROBADO","('0178-S-2000', 1)":null,"('0178-S-2000', 2)":"APROBADO"},"Sumario":{"('0178-S-2000', 0)":"COMUNIQUESE AL PODER EJECUTIVO NACIONAL Y A LA AUDITORIA GENERAL DE LA NACION JUNTAMENTE CON SUS FUNDAMENTOS.","('0178-S-2000', 1)":null,"('0178-S-2000', 2)":null},"Palabra Clave":{"('0178-S-2000', 0)":" ","('0178-S-2000', 1)":null,"('0178-S-2000', 2)":null}}