{"Tipo de Proyecto":{"('0179-S-2000', 0)":"PROYECTO DE RESOLUCI\u00d3N","('0179-S-2000', 1)":null,"('0179-S-2000', 2)":null},"Iniciado en: ":{"('0179-S-2000', 0)":"Senado","('0179-S-2000', 1)":null,"('0179-S-2000', 2)":null},"Expediente Diputados: ":{"('0179-S-2000', 0)":"0179-S-2000","('0179-S-2000', 1)":null,"('0179-S-2000', 2)":null},"Expediente Senado: ":{"('0179-S-2000', 0)":"0280-OV-1999","('0179-S-2000', 1)":null,"('0179-S-2000', 2)":null},"Fecha: ":{"('0179-S-2000', 0)":"20\/10\/2000","('0179-S-2000', 1)":null,"('0179-S-2000', 2)":null},"T\u00edtulo":{"('0179-S-2000', 0)":"DIRIGIRSE AL PODER EJECUTIVO NACIONAL MANIFESTANDO LA NECESIDAD DE QUE LA COMISION NACIONAL DE REGULACION DEL TRANSPORTE AJUSTE SU GESTION A LAS NORMATIVAS LEGALES, ADMINISTRATIVAS Y CONTRACTUALES VIGENTES, PARA LA REALIZACION DE UN CONTROL EFICAZ DE LAS ACCIONES DESARROLLADAS POR LAS CONCESIONARIAS DEL TRANSPORTE AUTOMOTOR Y FERROVIARIO.","('0179-S-2000', 1)":null,"('0179-S-2000', 2)":null},"('Firmantes', 'FIRMANTE')":{"('0179-S-2000', 0)":"PARLAMENTARIA MIXTA REVISORA DE CUENTAS","('0179-S-2000', 1)":null,"('0179-S-2000', 2)":null},"('Firmantes', 'DISTRITO')":{"('0179-S-2000', 0)":null,"('0179-S-2000', 1)":null,"('0179-S-2000', 2)":null},"('Firmantes', 'BLOQUE')":{"('0179-S-2000', 0)":null,"('0179-S-2000', 1)":null,"('0179-S-2000', 2)":null},"('Giros', 'COMISI\u00d3N')":{"('0179-S-2000', 0)":"PARLAMENTARIA MIXTA REVISORA DE CUENTAS","('0179-S-2000', 1)":null,"('0179-S-2000', 2)":null},"('Tramites', 'C\u00c1MARA')":{"('0179-S-2000', 0)":"Senado","('0179-S-2000', 1)":"Diputados","('0179-S-2000', 2)":"Diputados"},"('Tramites', 'MOVIMIENTO')":{"('0179-S-2000', 0)":"CONSIDERACION Y APROBACION","('0179-S-2000', 1)":"PASA A DIPUTADOS -","('0179-S-2000', 2)":"CONSIDERACION Y APROBACION"},"('Tramites', 'FECHA')":{"('0179-S-2000', 0)":"15\/11\/2000","('0179-S-2000', 1)":null,"('0179-S-2000', 2)":"07\/03\/2001"},"('Tramites', 'RESULTADO')":{"('0179-S-2000', 0)":"APROBADO","('0179-S-2000', 1)":null,"('0179-S-2000', 2)":"APROBADO"},"Sumario":{"('0179-S-2000', 0)":"COMUNIQUESE AL PODER EJECUTIVO NACIONAL Y A LA AUDITORIA GENERAL DE LA NACION JUNTAMENTE CON SUS FUNDAMENTOS.","('0179-S-2000', 1)":null,"('0179-S-2000', 2)":null},"Palabra Clave":{"('0179-S-2000', 0)":" ","('0179-S-2000', 1)":null,"('0179-S-2000', 2)":null}}