{"Tipo de Proyecto":{"('0180-D-2000', 0)":"PROYECTO DE RESOLUCI\u00d3N","('0180-D-2000', 1)":null,"('0180-D-2000', 2)":null},"Iniciado en: ":{"('0180-D-2000', 0)":"Diputados","('0180-D-2000', 1)":null,"('0180-D-2000', 2)":null},"Expediente Diputados: ":{"('0180-D-2000', 0)":"0180-D-2000","('0180-D-2000', 1)":null,"('0180-D-2000', 2)":null},"Publicado en: ":{"('0180-D-2000', 0)":"Tr\u00e1mite Parlamentario N\u00b0 2","('0180-D-2000', 1)":null,"('0180-D-2000', 2)":null},"Fecha: ":{"('0180-D-2000', 0)":"02\/03\/2000","('0180-D-2000', 1)":null,"('0180-D-2000', 2)":null},"T\u00edtulo":{"('0180-D-2000', 0)":"SUSPENDER EL CORTE DE LOS 'REGIMENES DE REDISTRIBUCION DE TAREAS' DISPUESTO POR LA DIRECCION NACIONAL DE VIALIDAD, Y OTRAS CUESTIONES CONEXAS.  ","('0180-D-2000', 1)":null,"('0180-D-2000', 2)":null},"('Firmantes', 'FIRMANTE')":{"('0180-D-2000', 0)":"CAMA\u00d1O, GRACIELA","('0180-D-2000', 1)":null,"('0180-D-2000', 2)":null},"('Firmantes', 'DISTRITO')":{"('0180-D-2000', 0)":"BUENOS AIRES","('0180-D-2000', 1)":null,"('0180-D-2000', 2)":null},"('Firmantes', 'BLOQUE')":{"('0180-D-2000', 0)":"JUSTICIALISTA","('0180-D-2000', 1)":null,"('0180-D-2000', 2)":null},"('Giros', 'COMISI\u00d3N')":{"('0180-D-2000', 0)":"LEGISLACION DEL TRABAJO","('0180-D-2000', 1)":"TRANSPORTES","('0180-D-2000', 2)":"OBRAS PUBLICAS"},"Sumario":{"('0180-D-2000', 0)":"SOLICITUD AL PODER EJECUTIVO NACIONAL.","('0180-D-2000', 1)":null,"('0180-D-2000', 2)":null},"Palabra Clave":{"('0180-D-2000', 0)":" ","('0180-D-2000', 1)":null,"('0180-D-2000', 2)":null}}