{"Tipo de Proyecto":{"('0181-D-2000', 0)":"PROYECTO DE RESOLUCI\u00d3N","('0181-D-2000', 1)":null},"Iniciado en: ":{"('0181-D-2000', 0)":"Diputados","('0181-D-2000', 1)":null},"Expediente Diputados: ":{"('0181-D-2000', 0)":"0181-D-2000","('0181-D-2000', 1)":null},"Publicado en: ":{"('0181-D-2000', 0)":"Tr\u00e1mite Parlamentario N\u00b0 2","('0181-D-2000', 1)":null},"Fecha: ":{"('0181-D-2000', 0)":"02\/03\/2000","('0181-D-2000', 1)":null},"T\u00edtulo":{"('0181-D-2000', 0)":"DISPONER LOS MEDIOS NECESARIOS PARA QUE LA DIRECCION NACIONAL DE VIALIDAD DEJE SIN EFECTO LA RESOLUCION 0060\/2000, YA QUE AFECTA EL PRINCIPIO DE IRRETROACTIVIDAD NORMADO EN EL ARTICULO 3 DEL CODIGO CIVIL. ","('0181-D-2000', 1)":null},"('Firmantes', 'FIRMANTE')":{"('0181-D-2000', 0)":"CAMA\u00d1O, GRACIELA","('0181-D-2000', 1)":null},"('Firmantes', 'DISTRITO')":{"('0181-D-2000', 0)":"BUENOS AIRES","('0181-D-2000', 1)":null},"('Firmantes', 'BLOQUE')":{"('0181-D-2000', 0)":"JUSTICIALISTA","('0181-D-2000', 1)":null},"('Giros', 'COMISI\u00d3N')":{"('0181-D-2000', 0)":"LEGISLACION DEL TRABAJO","('0181-D-2000', 1)":"LEGISLACION GENERAL"},"Sumario":{"('0181-D-2000', 0)":"SOLICITUD AL PODER EJECUTIVO NACIONAL.","('0181-D-2000', 1)":null},"Palabra Clave":{"('0181-D-2000', 0)":" ","('0181-D-2000', 1)":null}}