{"Tipo de Proyecto":{"('0183-D-2000', 0)":"PROYECTO DE DECLARACI\u00d3N"},"Iniciado en: ":{"('0183-D-2000', 0)":"Diputados"},"Expediente Diputados: ":{"('0183-D-2000', 0)":"0183-D-2000"},"Publicado en: ":{"('0183-D-2000', 0)":"Tr\u00e1mite Parlamentario N\u00b0 2"},"Fecha: ":{"('0183-D-2000', 0)":"02\/03\/2000"},"T\u00edtulo":{"('0183-D-2000', 0)":"DISPONER LAS MEDIDAS NECESARIAS PARA PREVER Y REPRIMIR LOS CRIMENES DE LOS QUE SON VICTIMAS LOS CHOFERES DE TAXIS EN LA CIUDAD DE BUENOS AIRES. "},"('Firmantes', 'FIRMANTE')":{"('0183-D-2000', 0)":"CAMA\u00d1O, GRACIELA"},"('Firmantes', 'DISTRITO')":{"('0183-D-2000', 0)":"BUENOS AIRES"},"('Firmantes', 'BLOQUE')":{"('0183-D-2000', 0)":"JUSTICIALISTA"},"('Giros', 'COMISI\u00d3N')":{"('0183-D-2000', 0)":"SEGURIDAD INTERIOR"},"Sumario":{"('0183-D-2000', 0)":"SOLICITUD AL PODER EJECUTIVO NACIONAL."},"Palabra Clave":{"('0183-D-2000', 0)":" "}}