{"Tipo de Proyecto":{"('0184-D-2000', 0)":"PROYECTO DE RESOLUCI\u00d3N","('0184-D-2000', 1)":null},"Iniciado en: ":{"('0184-D-2000', 0)":"Diputados","('0184-D-2000', 1)":null},"Expediente Diputados: ":{"('0184-D-2000', 0)":"0184-D-2000","('0184-D-2000', 1)":null},"Publicado en: ":{"('0184-D-2000', 0)":"Tr\u00e1mite Parlamentario N\u00b0 2","('0184-D-2000', 1)":null},"Fecha: ":{"('0184-D-2000', 0)":"02\/03\/2000","('0184-D-2000', 1)":null},"T\u00edtulo":{"('0184-D-2000', 0)":"DECISION DE LA CAMARA NACIONAL DEL TRABAJO AL OPONERSE A UNA INICIATIVA DEL MINISTERIO DE JUSTICIA Y DERECHOS HUMANOS DE LA NACION DE TRANSFERIR TRES SALAS Y DIEZ JUZGADOS DEL FUERO AL FUERO FEDERAL DE LA SEGURIDAD SOCIAL.  ","('0184-D-2000', 1)":null},"('Firmantes', 'FIRMANTE')":{"('0184-D-2000', 0)":"CAMA\u00d1O, GRACIELA","('0184-D-2000', 1)":null},"('Firmantes', 'DISTRITO')":{"('0184-D-2000', 0)":"BUENOS AIRES","('0184-D-2000', 1)":null},"('Firmantes', 'BLOQUE')":{"('0184-D-2000', 0)":"JUSTICIALISTA","('0184-D-2000', 1)":null},"('Giros', 'COMISI\u00d3N')":{"('0184-D-2000', 0)":"JUSTICIA","('0184-D-2000', 1)":"LEGISLACION DEL TRABAJO"},"Sumario":{"('0184-D-2000', 0)":"EXPRESION DE ADHESION.","('0184-D-2000', 1)":null},"Palabra Clave":{"('0184-D-2000', 0)":" ","('0184-D-2000', 1)":null}}