{"Tipo de Proyecto":{"('0186-OV-2000', 0)":"PROYECTO DE RESOLUCI\u00d3N"},"Iniciado en: ":{"('0186-OV-2000', 0)":"Senado"},"Expediente Senado: ":{"('0186-OV-2000', 0)":"0186-OV-2000"},"Fecha: ":{"('0186-OV-2000', 0)":"17\/07\/2001"},"T\u00edtulo":{"('0186-OV-2000', 0)":"RESOLUCION 94\/00 DE LA AUDITORIA GENERAL DE LA NACION APROBANDO EL INFORME SOBRE \"PROYECTO DE CONSERVACION DE LA BIODIVERSIDAD\" CONVENIO DE DONACION DEL FONDO FIDUCIARIO PARA LA FACILIDAD DE MEDIO AMBIENTE MUNDIAL."},"('Firmantes', 'FIRMANTE')":{"('0186-OV-2000', 0)":"PARLAMENTARIA MIXTA REVISORA DE CUENTAS"},"('Firmantes', 'DISTRITO')":{"('0186-OV-2000', 0)":null},"('Firmantes', 'BLOQUE')":{"('0186-OV-2000', 0)":null},"('Tramites', 'C\u00c1MARA')":{"('0186-OV-2000', 0)":"Senado"},"('Tramites', 'MOVIMIENTO')":{"('0186-OV-2000', 0)":"CONSIDERACION Y APROBACION (AL ARCHIVO)"},"('Tramites', 'FECHA')":{"('0186-OV-2000', 0)":"08\/08\/2001"},"('Tramites', 'RESULTADO')":{"('0186-OV-2000', 0)":"ARCHIVADO"},"Sumario":{"('0186-OV-2000', 0)":"HABIENDO TOMADO CONOCIMIENTO Y NO CONTENIENDO REQUERIMIENTOS DE ACCION SUBSISTENTES, SE ACONSEJA SU REMISION AL ARCHIVO."},"Palabra Clave":{"('0186-OV-2000', 0)":" "}}