{"Tipo de Proyecto":{"('0187-D-2000', 0)":"PROYECTO DE DECLARACI\u00d3N"},"Iniciado en: ":{"('0187-D-2000', 0)":"Diputados"},"Expediente Diputados: ":{"('0187-D-2000', 0)":"0187-D-2000"},"Publicado en: ":{"('0187-D-2000', 0)":"Tr\u00e1mite Parlamentario N\u00b0 2"},"Fecha: ":{"('0187-D-2000', 0)":"02\/03\/2000"},"T\u00edtulo":{"('0187-D-2000', 0)":"SENTENCIA EMANADA DEL JUZGADO NACIONAL DE PRIMERA INSTANCIA EN LO CIVIL NUMERO 100 EN LOS AUTOS CARATULADOS: 'GRIZZUTI, EDUARDO LUIS C\/EDITORIAL SARMIENTO SA S\/ DA\u00d1OS Y PERJUICIOS' AL DEFENDER Y PROTEGER LA LIBERTAD DE PRENSA."},"('Firmantes', 'FIRMANTE')":{"('0187-D-2000', 0)":"CAMA\u00d1O, GRACIELA"},"('Firmantes', 'DISTRITO')":{"('0187-D-2000', 0)":"BUENOS AIRES"},"('Firmantes', 'BLOQUE')":{"('0187-D-2000', 0)":"JUSTICIALISTA"},"('Giros', 'COMISI\u00d3N')":{"('0187-D-2000', 0)":"LIBERTAD DE EXPRESION"},"('Tramites', 'C\u00c1MARA')":{"('0187-D-2000', 0)":"Diputados"},"('Tramites', 'MOVIMIENTO')":{"('0187-D-2000', 0)":"CONSIDERACION Y APROBACION"},"('Tramites', 'FECHA')":{"('0187-D-2000', 0)":"06\/04\/2000"},"('Tramites', 'RESULTADO')":{"('0187-D-2000', 0)":"APROBADO"},"Sumario":{"('0187-D-2000', 0)":"EXPRESION DE BENEPLACITO."},"Palabra Clave":{"('0187-D-2000', 0)":" "}}