{"Tipo de Proyecto":{"('0190-S-2000', 0)":"PROYECTO DE RESOLUCI\u00d3N","('0190-S-2000', 1)":null,"('0190-S-2000', 2)":null,"('0190-S-2000', 3)":null,"('0190-S-2000', 4)":null},"Iniciado en: ":{"('0190-S-2000', 0)":"Senado","('0190-S-2000', 1)":null,"('0190-S-2000', 2)":null,"('0190-S-2000', 3)":null,"('0190-S-2000', 4)":null},"Expediente Diputados: ":{"('0190-S-2000', 0)":"0190-S-2000","('0190-S-2000', 1)":null,"('0190-S-2000', 2)":null,"('0190-S-2000', 3)":null,"('0190-S-2000', 4)":null},"Expediente Senado: ":{"('0190-S-2000', 0)":"0438-OV-1999","('0190-S-2000', 1)":null,"('0190-S-2000', 2)":null,"('0190-S-2000', 3)":null,"('0190-S-2000', 4)":null},"Fecha: ":{"('0190-S-2000', 0)":"08\/11\/2000","('0190-S-2000', 1)":null,"('0190-S-2000', 2)":null,"('0190-S-2000', 3)":null,"('0190-S-2000', 4)":null},"T\u00edtulo":{"('0190-S-2000', 0)":"SOLICITAR AL PODER EJECUTIVO NACIONAL INFORME SOBRE LAS MEDIDAS ADOPTADAS PARA CORREGIR SITUACIONES OBSERVADAS POR LA AUDITORIA GENERAL DE LA NACION EN SU EVALUACION DEL SISTEMA DE CONTROL Y PROCEDIMIENTOS UTILIZADOS EN EL AMBITO DEL COMFER, EJERCIENDO UN ADECUADO CONTROL SOBRE LAS EMISORAS DE TELEVISION POR AIRE.","('0190-S-2000', 1)":null,"('0190-S-2000', 2)":null,"('0190-S-2000', 3)":null,"('0190-S-2000', 4)":null},"('Firmantes', 'FIRMANTE')":{"('0190-S-2000', 0)":"PARLAMENTARIA MIXTA REVISORA DE CUENTAS","('0190-S-2000', 1)":null,"('0190-S-2000', 2)":null,"('0190-S-2000', 3)":null,"('0190-S-2000', 4)":null},"('Firmantes', 'DISTRITO')":{"('0190-S-2000', 0)":null,"('0190-S-2000', 1)":null,"('0190-S-2000', 2)":null,"('0190-S-2000', 3)":null,"('0190-S-2000', 4)":null},"('Firmantes', 'BLOQUE')":{"('0190-S-2000', 0)":null,"('0190-S-2000', 1)":null,"('0190-S-2000', 2)":null,"('0190-S-2000', 3)":null,"('0190-S-2000', 4)":null},"('Giros', 'COMISI\u00d3N')":{"('0190-S-2000', 0)":"PARLAMENTARIA MIXTA REVISORA DE CUENTAS","('0190-S-2000', 1)":null,"('0190-S-2000', 2)":null,"('0190-S-2000', 3)":null,"('0190-S-2000', 4)":null},"('Tramites', 'C\u00c1MARA')":{"('0190-S-2000', 0)":"Senado","('0190-S-2000', 1)":"Diputados","('0190-S-2000', 2)":"Diputados","('0190-S-2000', 3)":"Diputados","('0190-S-2000', 4)":"Diputados"},"('Tramites', 'MOVIMIENTO')":{"('0190-S-2000', 0)":"CONSIDERACION Y APROBACION","('0190-S-2000', 1)":"PASA A DIPUTADOS -","('0190-S-2000', 2)":"CONSIDERACION Y APROBACION","('0190-S-2000', 3)":"CONTESTACION DEL PODER EJECUTIVO NACIONAL - JEFE DE GABINETE DE MINISTROS - (0452-OV-01); GIRADA A LA COMISION RESPECTIVA (BAE 32\/01)","('0190-S-2000', 4)":"CONTESTACION DEL PODER EJECUTIVO NACIONAL - JEFE DE GABINETE DE MINISTROS - (0056-OV-02); GIRADA A LA COMISION RESPECTIVA (BAE 4\/02)"},"('Tramites', 'FECHA')":{"('0190-S-2000', 0)":"15\/11\/2000","('0190-S-2000', 1)":null,"('0190-S-2000', 2)":"07\/03\/2001","('0190-S-2000', 3)":"24\/10\/2001","('0190-S-2000', 4)":"10\/04\/2002"},"('Tramites', 'RESULTADO')":{"('0190-S-2000', 0)":"APROBADO","('0190-S-2000', 1)":null,"('0190-S-2000', 2)":"APROBADO","('0190-S-2000', 3)":null,"('0190-S-2000', 4)":null},"Sumario":{"('0190-S-2000', 0)":"COMUNIQUESE AL PODER EJECUTIVO NACIONAL Y A LA AUDITORIA GENERAL DE LA NACION JUNTAMENTE CON SUS FUNDAMENTOS.","('0190-S-2000', 1)":null,"('0190-S-2000', 2)":null,"('0190-S-2000', 3)":null,"('0190-S-2000', 4)":null},"Palabra Clave":{"('0190-S-2000', 0)":" ","('0190-S-2000', 1)":null,"('0190-S-2000', 2)":null,"('0190-S-2000', 3)":null,"('0190-S-2000', 4)":null}}