{"Tipo de Proyecto":{"('0191-S-2000', 0)":"PROYECTO DE RESOLUCI\u00d3N","('0191-S-2000', 1)":null,"('0191-S-2000', 2)":null,"('0191-S-2000', 3)":null},"Iniciado en: ":{"('0191-S-2000', 0)":"Senado","('0191-S-2000', 1)":null,"('0191-S-2000', 2)":null,"('0191-S-2000', 3)":null},"Expediente Diputados: ":{"('0191-S-2000', 0)":"0191-S-2000","('0191-S-2000', 1)":null,"('0191-S-2000', 2)":null,"('0191-S-2000', 3)":null},"Expediente Senado: ":{"('0191-S-2000', 0)":"0073-OV-2000","('0191-S-2000', 1)":null,"('0191-S-2000', 2)":null,"('0191-S-2000', 3)":null},"Fecha: ":{"('0191-S-2000', 0)":"22\/08\/2001","('0191-S-2000', 1)":null,"('0191-S-2000', 2)":null,"('0191-S-2000', 3)":null},"T\u00edtulo":{"('0191-S-2000', 0)":"DICTAMEN EN LA RESOLUCION REMITIDA POR LA AUDITORIA GENERAL DE LA NACION SOBRE UNA AUDITORIA RELACIONADA CON LA CONTRATACION DE OBRAS DE EMERGENCIA EN EL AMBITO DE LA DIRECCION NACIONAL DE VIALIDAD.","('0191-S-2000', 1)":null,"('0191-S-2000', 2)":null,"('0191-S-2000', 3)":null},"('Firmantes', 'FIRMANTE')":{"('0191-S-2000', 0)":"PARLAMENTARIA MIXTA REVISORA DE CUENTAS","('0191-S-2000', 1)":null,"('0191-S-2000', 2)":null,"('0191-S-2000', 3)":null},"('Firmantes', 'DISTRITO')":{"('0191-S-2000', 0)":null,"('0191-S-2000', 1)":null,"('0191-S-2000', 2)":null,"('0191-S-2000', 3)":null},"('Firmantes', 'BLOQUE')":{"('0191-S-2000', 0)":null,"('0191-S-2000', 1)":null,"('0191-S-2000', 2)":null,"('0191-S-2000', 3)":null},"('Giros', 'COMISI\u00d3N')":{"('0191-S-2000', 0)":"PARLAMENTARIA MIXTA REVISORA DE CUENTAS","('0191-S-2000', 1)":null,"('0191-S-2000', 2)":null,"('0191-S-2000', 3)":null},"('Tramites', 'C\u00c1MARA')":{"('0191-S-2000', 0)":"Senado","('0191-S-2000', 1)":"Diputados","('0191-S-2000', 2)":"Diputados","('0191-S-2000', 3)":"Diputados"},"('Tramites', 'MOVIMIENTO')":{"('0191-S-2000', 0)":"CONSIDERACION Y APROBACION","('0191-S-2000', 1)":"PASA A DIPUTADOS -","('0191-S-2000', 2)":"CONSIDERACION Y APROBACION","('0191-S-2000', 3)":"CONTESTACION DEL PODER EJECUTIVO NACIONAL - JEFE DE GABINETE DE MINISTROS - (0265-OV-02); GIRADA A LA COMISION RESPECTIVA (BAE 16\/02)"},"('Tramites', 'FECHA')":{"('0191-S-2000', 0)":"18\/09\/2001","('0191-S-2000', 1)":null,"('0191-S-2000', 2)":"24\/10\/2001","('0191-S-2000', 3)":"17\/07\/2002"},"('Tramites', 'RESULTADO')":{"('0191-S-2000', 0)":"APROBADO","('0191-S-2000', 1)":null,"('0191-S-2000', 2)":"APROBADO","('0191-S-2000', 3)":null},"Sumario":{"('0191-S-2000', 0)":"SOLICITUD AL PODER EJECUTIVO NACIONAL PARA QUE INFORME SOBRE LAS MEDIDAS ADOPTADAS EN ORDEN DE CORREGIR Y MEJORAR LO OBSERVADO.","('0191-S-2000', 1)":null,"('0191-S-2000', 2)":null,"('0191-S-2000', 3)":null},"Palabra Clave":{"('0191-S-2000', 0)":" ","('0191-S-2000', 1)":null,"('0191-S-2000', 2)":null,"('0191-S-2000', 3)":null}}