{"Tipo de Proyecto":{"('0192-S-2000', 0)":"COMUNICACION"},"Iniciado en: ":{"('0192-S-2000', 0)":"Senado"},"Expediente Senado: ":{"('0192-S-2000', 0)":"0192-S-2000"},"Publicado en: ":{"('0192-S-2000', 0)":"Diario de Asuntos Entrados N\u00b0 11"},"Fecha: ":{"('0192-S-2000', 0)":"15\/03\/2000"},"T\u00edtulo":{"('0192-S-2000', 0)":"PEDIDO DE INFORMES: SOBRE LAS ACCIONES TENDIENTES A COMBATIR EL DUMPING Y EL CONTRABANDO."},"('Firmantes', 'FIRMANTE')":{"('0192-S-2000', 0)":"ALASINO, AUGUSTO JOSE M."},"('Firmantes', 'DISTRITO')":{"('0192-S-2000', 0)":"ENTRE RIOS"},"('Firmantes', 'BLOQUE')":{"('0192-S-2000', 0)":"JUSTICIALISTA"},"('Tramites', 'C\u00c1MARA')":{"('0192-S-2000', 0)":"Senado"},"('Tramites', 'MOVIMIENTO')":{"('0192-S-2000', 0)":"CONSIDERACION Y APROBACION"},"('Tramites', 'FECHA')":{"('0192-S-2000', 0)":"25\/10\/2000"},"('Tramites', 'RESULTADO')":{"('0192-S-2000', 0)":"APROBADO"},"Sumario":{"('0192-S-2000', 0)":"SOLICITUD AL PODER EJECUTIVO NACIONAL."},"Palabra Clave":{"('0192-S-2000', 0)":" "}}