{"Tipo de Proyecto":{"('0194-S-2000', 0)":"PROYECTO DE RESOLUCI\u00d3N","('0194-S-2000', 1)":null,"('0194-S-2000', 2)":null,"('0194-S-2000', 3)":null,"('0194-S-2000', 4)":null,"('0194-S-2000', 5)":null},"Iniciado en: ":{"('0194-S-2000', 0)":"Senado","('0194-S-2000', 1)":null,"('0194-S-2000', 2)":null,"('0194-S-2000', 3)":null,"('0194-S-2000', 4)":null,"('0194-S-2000', 5)":null},"Expediente Diputados: ":{"('0194-S-2000', 0)":"0194-S-2000","('0194-S-2000', 1)":null,"('0194-S-2000', 2)":null,"('0194-S-2000', 3)":null,"('0194-S-2000', 4)":null,"('0194-S-2000', 5)":null},"Expediente Senado: ":{"('0194-S-2000', 0)":"0176-OV-2000","('0194-S-2000', 1)":null,"('0194-S-2000', 2)":null,"('0194-S-2000', 3)":null,"('0194-S-2000', 4)":null,"('0194-S-2000', 5)":null},"Fecha: ":{"('0194-S-2000', 0)":"15\/11\/2000","('0194-S-2000', 1)":null,"('0194-S-2000', 2)":null,"('0194-S-2000', 3)":null,"('0194-S-2000', 4)":null,"('0194-S-2000', 5)":null},"T\u00edtulo":{"('0194-S-2000', 0)":"PEDIDO DE INFORMES AL PODER EJECUTIVO SOBRE LAS MEDIDAS ADOPTADAS EN ORDEN A LA REGULARIZACION DE SITUACIONES OBSERVADAS POR LA AUDITORIA GENERAL DE LA NACION EN SU ANALISIS DE LOS APORTES DEL TESORO, Y DE LOS ESTADOS CONTABLES EN REFERENCIA A LA COMISION BINACIONAL PUENTE BUENOS AIRES - COLONIA (DELEGACION ARGENTINA).","('0194-S-2000', 1)":null,"('0194-S-2000', 2)":null,"('0194-S-2000', 3)":null,"('0194-S-2000', 4)":null,"('0194-S-2000', 5)":null},"('Firmantes', 'FIRMANTE')":{"('0194-S-2000', 0)":"PARLAMENTARIA MIXTA REVISORA DE CUENTAS","('0194-S-2000', 1)":null,"('0194-S-2000', 2)":null,"('0194-S-2000', 3)":null,"('0194-S-2000', 4)":null,"('0194-S-2000', 5)":null},"('Firmantes', 'DISTRITO')":{"('0194-S-2000', 0)":null,"('0194-S-2000', 1)":null,"('0194-S-2000', 2)":null,"('0194-S-2000', 3)":null,"('0194-S-2000', 4)":null,"('0194-S-2000', 5)":null},"('Firmantes', 'BLOQUE')":{"('0194-S-2000', 0)":null,"('0194-S-2000', 1)":null,"('0194-S-2000', 2)":null,"('0194-S-2000', 3)":null,"('0194-S-2000', 4)":null,"('0194-S-2000', 5)":null},"('Giros', 'COMISI\u00d3N')":{"('0194-S-2000', 0)":"PARLAMENTARIA MIXTA REVISORA DE CUENTAS","('0194-S-2000', 1)":null,"('0194-S-2000', 2)":null,"('0194-S-2000', 3)":null,"('0194-S-2000', 4)":null,"('0194-S-2000', 5)":null},"('Tramites', 'C\u00c1MARA')":{"('0194-S-2000', 0)":"Senado","('0194-S-2000', 1)":"Diputados","('0194-S-2000', 2)":"Diputados","('0194-S-2000', 3)":"Diputados","('0194-S-2000', 4)":"Diputados","('0194-S-2000', 5)":"Diputados"},"('Tramites', 'MOVIMIENTO')":{"('0194-S-2000', 0)":"CONSIDERACION Y APROBACION","('0194-S-2000', 1)":"PASA A DIPUTADOS -","('0194-S-2000', 2)":"CONSIDERACION Y APROBACION","('0194-S-2000', 3)":"CONTESTACION DEL PODER EJECUTIVO NACIONAL - JEFE DE GABINETE DE MINISTROS - (0453-OV-01); GIRADA A LA COMISION RESPECTIVA (BAE 32\/01)","('0194-S-2000', 4)":"CONTESTACION DEL PODER EJECUTIVO NACIONAL - JEFE DE GABINETE DE MINISTROS - (0057-OV-02); GIRADA A LA COMISION RESPECTIVA (BAE 4\/02)","('0194-S-2000', 5)":"CONTESTACION DEL PODER EJECUTIVO NACIONAL - JEFE DE GABINETE DE MINISTROS - (0832-OV-01); GIRADA A LA COMISION RESPECTIVA (BAE 49\/01)"},"('Tramites', 'FECHA')":{"('0194-S-2000', 0)":"22\/11\/2000","('0194-S-2000', 1)":null,"('0194-S-2000', 2)":"07\/03\/2001","('0194-S-2000', 3)":"24\/10\/2001","('0194-S-2000', 4)":"13\/03\/2002","('0194-S-2000', 5)":"28\/02\/2002"},"('Tramites', 'RESULTADO')":{"('0194-S-2000', 0)":"APROBADO","('0194-S-2000', 1)":null,"('0194-S-2000', 2)":"APROBADO","('0194-S-2000', 3)":null,"('0194-S-2000', 4)":null,"('0194-S-2000', 5)":null},"Sumario":{"('0194-S-2000', 0)":"COMUNIQUESE AL PODER EJECUTIVO NACIONAL Y A LA AUDITORIA GENERAL DE LA NACION JUNTAMENTE CON SUS FUNDAMENTOS.","('0194-S-2000', 1)":null,"('0194-S-2000', 2)":null,"('0194-S-2000', 3)":null,"('0194-S-2000', 4)":null,"('0194-S-2000', 5)":null},"Palabra Clave":{"('0194-S-2000', 0)":" ","('0194-S-2000', 1)":null,"('0194-S-2000', 2)":null,"('0194-S-2000', 3)":null,"('0194-S-2000', 4)":null,"('0194-S-2000', 5)":null}}