{"Tipo de Proyecto":{"('0195-S-2000', 0)":"PROYECTO DE RESOLUCI\u00d3N"},"Iniciado en: ":{"('0195-S-2000', 0)":"Senado"},"Expediente Senado: ":{"('0195-S-2000', 0)":"0195-S-2000"},"Publicado en: ":{"('0195-S-2000', 0)":"Diario de Asuntos Entrados N\u00b0 11"},"Fecha: ":{"('0195-S-2000', 0)":"15\/03\/2000"},"T\u00edtulo":{"('0195-S-2000', 0)":"CONCEDER EL RECURSO EXTRAORDINARIO FEDERAL INTERPUESTO POR EL MAGISTRADO HERNAN BERNASCONI, MEDIANTE EXPEDIENTE 0221-P-99."},"('Firmantes', 'FIRMANTE')":{"('0195-S-2000', 0)":"MAYA, HECTOR MARIA"},"('Firmantes', 'DISTRITO')":{"('0195-S-2000', 0)":"ENTRE RIOS"},"('Firmantes', 'BLOQUE')":{"('0195-S-2000', 0)":"JUSTICIALISTA"},"Sumario":{"('0195-S-2000', 0)":"NOTIFICAR AL INTERESADO Y A LA COMISION ACUSADORA."},"Palabra Clave":{"('0195-S-2000', 0)":" "}}