{"Tipo de Proyecto":{"('0197-S-2000', 0)":"COMUNICACION","('0197-S-2000', 1)":null},"Iniciado en: ":{"('0197-S-2000', 0)":"Senado","('0197-S-2000', 1)":null},"Expediente Senado: ":{"('0197-S-2000', 0)":"0197-S-2000","('0197-S-2000', 1)":null},"Publicado en: ":{"('0197-S-2000', 0)":"Diario de Asuntos Entrados N\u00b0 11","('0197-S-2000', 1)":null},"Fecha: ":{"('0197-S-2000', 0)":"15\/03\/2000","('0197-S-2000', 1)":null},"T\u00edtulo":{"('0197-S-2000', 0)":"PEDIDO DE INFORMES: SOBRE LA IMPORTACION DE POLLOS DESDE LA REPUBLICA DE BRASIL Y LA LEGISLACION SANITARIA DE AMBOS PAISES.","('0197-S-2000', 1)":null},"('Firmantes', 'FIRMANTE')":{"('0197-S-2000', 0)":"HUMADA, JULIO CESAR","('0197-S-2000', 1)":null},"('Firmantes', 'DISTRITO')":{"('0197-S-2000', 0)":"MISIONES","('0197-S-2000', 1)":null},"('Firmantes', 'BLOQUE')":{"('0197-S-2000', 0)":"JUSTICIALISTA","('0197-S-2000', 1)":null},"('Tramites', 'C\u00c1MARA')":{"('0197-S-2000', 0)":"Senado","('0197-S-2000', 1)":"Senado"},"('Tramites', 'MOVIMIENTO')":{"('0197-S-2000', 0)":"CONSIDERACION Y APROBACION","('0197-S-2000', 1)":"CONTESTACION DEL PODER EJECUTIVO NACIONAL - (0478-PE-01); GIRADA A LA COMISION RESPECTIVA"},"('Tramites', 'FECHA')":{"('0197-S-2000', 0)":"25\/10\/2000","('0197-S-2000', 1)":null},"('Tramites', 'RESULTADO')":{"('0197-S-2000', 0)":"APROBADO","('0197-S-2000', 1)":null},"Sumario":{"('0197-S-2000', 0)":"SOLICITUD AL PODER EJECUTIVO NACIONAL.","('0197-S-2000', 1)":null},"Palabra Clave":{"('0197-S-2000', 0)":" ","('0197-S-2000', 1)":null}}