{"Tipo de Proyecto":{"('0199-S-2000', 0)":"PROYECTO DE LEY","('0199-S-2000', 1)":null,"('0199-S-2000', 2)":null},"Iniciado en: ":{"('0199-S-2000', 0)":"Senado","('0199-S-2000', 1)":null,"('0199-S-2000', 2)":null},"Expediente Diputados: ":{"('0199-S-2000', 0)":"0199-S-2000","('0199-S-2000', 1)":null,"('0199-S-2000', 2)":null},"Expediente Senado: ":{"('0199-S-2000', 0)":"1604-S-2000","('0199-S-2000', 1)":null,"('0199-S-2000', 2)":null},"Publicado en: ":{"('0199-S-2000', 0)":"Diario de Asuntos Entrados N\u00b0 85","('0199-S-2000', 1)":null,"('0199-S-2000', 2)":null},"Fecha: ":{"('0199-S-2000', 0)":"03\/08\/2000","('0199-S-2000', 1)":null,"('0199-S-2000', 2)":null},"T\u00edtulo":{"('0199-S-2000', 0)":"DISPONER LA NO DESAFECTACION DE PARTIDAS PRESUPUESTARIAS ASIGNADAS A ORGANISMOS CULTURALES.","('0199-S-2000', 1)":null,"('0199-S-2000', 2)":null},"('Firmantes', 'FIRMANTE')":{"('0199-S-2000', 0)":"DE LA ROSA, CARLOS LEONARDO","('0199-S-2000', 1)":"VERNA, CARLOS ALBERTO","('0199-S-2000', 2)":null},"('Firmantes', 'DISTRITO')":{"('0199-S-2000', 0)":"MENDOZA","('0199-S-2000', 1)":"LA PAMPA","('0199-S-2000', 2)":null},"('Firmantes', 'BLOQUE')":{"('0199-S-2000', 0)":"JUSTICIALISTA","('0199-S-2000', 1)":"JUSTICIALISTA","('0199-S-2000', 2)":null},"('Giros', 'COMISI\u00d3N')":{"('0199-S-2000', 0)":"CULTURA","('0199-S-2000', 1)":"PRESUPUESTO Y HACIENDA","('0199-S-2000', 2)":null},"('Tramites', 'C\u00c1MARA')":{"('0199-S-2000', 0)":"Senado","('0199-S-2000', 1)":"Senado","('0199-S-2000', 2)":"Diputados"},"('Tramites', 'MOVIMIENTO')":{"('0199-S-2000', 0)":"CONSIDERACION Y APROBACION","('0199-S-2000', 1)":"INSERCION","('0199-S-2000', 2)":"PASA A DIPUTADOS - (TP 185, 30\/11\/00)"},"('Tramites', 'FECHA')":{"('0199-S-2000', 0)":"22\/11\/2000","('0199-S-2000', 1)":"22\/11\/2000","('0199-S-2000', 2)":null},"('Tramites', 'RESULTADO')":{"('0199-S-2000', 0)":"MEDIA SANCION","('0199-S-2000', 1)":null,"('0199-S-2000', 2)":null},"Sumario":{"('0199-S-2000', 0)":"INSTITUTO NACIONAL DEL TEATRO; INSTITUTO NACIONAL DEL CINE Y ARTES AUDIOVISUALES; COMISION NACIONAL PROTECTORA DE BIBLIOTECAS POPULARES; LEYES 24800, 23351, 17741.","('0199-S-2000', 1)":null,"('0199-S-2000', 2)":null},"Palabra Clave":{"('0199-S-2000', 0)":" ","('0199-S-2000', 1)":null,"('0199-S-2000', 2)":null}}