{"Tipo de Proyecto":{"('0200-S-2000', 0)":"COMUNICACION","('0200-S-2000', 1)":null},"Iniciado en: ":{"('0200-S-2000', 0)":"Senado","('0200-S-2000', 1)":null},"Expediente Senado: ":{"('0200-S-2000', 0)":"0200-S-2000","('0200-S-2000', 1)":null},"Publicado en: ":{"('0200-S-2000', 0)":"Diario de Asuntos Entrados N\u00b0 11","('0200-S-2000', 1)":null},"Fecha: ":{"('0200-S-2000', 0)":"15\/03\/2000","('0200-S-2000', 1)":null},"T\u00edtulo":{"('0200-S-2000', 0)":"CONSTRUCCION DE UNA LINEA DE TRANSPORTE DE ALTA TENSION ENTRE PUERTO MADRYN Y PICO TRUNCADO, SOBRE LA CUENCA GASIFERA DEL GOLFO SAN JORGE, INCLUYENDO UNA LINEA DE CONEXION A RIO TURBIO.","('0200-S-2000', 1)":null},"('Firmantes', 'FIRMANTE')":{"('0200-S-2000', 0)":"ARNOLD, EDUARDO ARIEL","('0200-S-2000', 1)":null},"('Firmantes', 'DISTRITO')":{"('0200-S-2000', 0)":"SANTA CRUZ","('0200-S-2000', 1)":null},"('Firmantes', 'BLOQUE')":{"('0200-S-2000', 0)":"JUSTICIALISTA","('0200-S-2000', 1)":null},"('Tramites', 'C\u00c1MARA')":{"('0200-S-2000', 0)":"Senado","('0200-S-2000', 1)":"Senado"},"('Tramites', 'MOVIMIENTO')":{"('0200-S-2000', 0)":"Estado Parlamentario","('0200-S-2000', 1)":"CONSIDERACION Y APROBACION"},"('Tramites', 'FECHA')":{"('0200-S-2000', 0)":"22\/03\/2000","('0200-S-2000', 1)":"25\/10\/2000"},"('Tramites', 'RESULTADO')":{"('0200-S-2000', 0)":null,"('0200-S-2000', 1)":"APROBADO"},"Sumario":{"('0200-S-2000', 0)":"SOLICITUD AL PODER EJECUTIVO NACIONAL.","('0200-S-2000', 1)":null},"Palabra Clave":{"('0200-S-2000', 0)":" ","('0200-S-2000', 1)":null}}