{"Tipo de Proyecto":{"('0202-PE-2000', 0)":"MENSAJE NRO: 0546\/00","('0202-PE-2000', 1)":null},"Iniciado en: ":{"('0202-PE-2000', 0)":"Senado","('0202-PE-2000', 1)":null},"Expediente Senado: ":{"('0202-PE-2000', 0)":"0202-PE-2000","('0202-PE-2000', 1)":null},"Publicado en: ":{"('0202-PE-2000', 0)":"DAE S.A. N\u00b0 3","('0202-PE-2000', 1)":null},"Fecha: ":{"('0202-PE-2000', 0)":"12\/07\/2000","('0202-PE-2000', 1)":null},"T\u00edtulo":{"('0202-PE-2000', 0)":"SOLICITA ACUERDO PARA DESIGNAR DEFENSOR PUBLICO OFICIAL ADJUNTO ANTE LOS TRIBUNALES ORALES EN LO CRIMINAL DE LA CAPITAL FEDERAL.","('0202-PE-2000', 1)":null},"('Firmantes', 'FIRMANTE')":{"('0202-PE-2000', 0)":"DE LA RUA, FERNANDO","('0202-PE-2000', 1)":"GIL LAVEDRA, RICARDO RODOLFO"},"('Firmantes', 'DISTRITO')":{"('0202-PE-2000', 0)":null,"('0202-PE-2000', 1)":null},"('Firmantes', 'BLOQUE')":{"('0202-PE-2000', 0)":"PODER EJECUTIVO","('0202-PE-2000', 1)":"PODER EJECUTIVO"},"('Tramites', 'C\u00c1MARA')":{"('0202-PE-2000', 0)":"Senado","('0202-PE-2000', 1)":null},"('Tramites', 'MOVIMIENTO')":{"('0202-PE-2000', 0)":"CONSIDERACION Y APROBACION","('0202-PE-2000', 1)":null},"('Tramites', 'FECHA')":{"('0202-PE-2000', 0)":"06\/12\/2000","('0202-PE-2000', 1)":null},"('Tramites', 'RESULTADO')":{"('0202-PE-2000', 0)":"APROBADO","('0202-PE-2000', 1)":null},"Sumario":{"('0202-PE-2000', 0)":"AL DOCTOR SANTIAGO GARCIA BERRO.","('0202-PE-2000', 1)":null},"Palabra Clave":{"('0202-PE-2000', 0)":" ","('0202-PE-2000', 1)":null}}