{"Tipo de Proyecto":{"('0204-S-2000', 0)":"PROYECTO DE LEY","('0204-S-2000', 1)":null,"('0204-S-2000', 2)":null},"Iniciado en: ":{"('0204-S-2000', 0)":"Senado","('0204-S-2000', 1)":null,"('0204-S-2000', 2)":null},"Expediente Diputados: ":{"('0204-S-2000', 0)":"0204-S-2000","('0204-S-2000', 1)":null,"('0204-S-2000', 2)":null},"Expediente Senado: ":{"('0204-S-2000', 0)":"1356-S-2000","('0204-S-2000', 1)":null,"('0204-S-2000', 2)":null},"Publicado en: ":{"('0204-S-2000', 0)":"Diario de Asuntos Entrados N\u00b0 72","('0204-S-2000', 1)":null,"('0204-S-2000', 2)":null},"Fecha: ":{"('0204-S-2000', 0)":"07\/07\/2000","('0204-S-2000', 1)":null,"('0204-S-2000', 2)":null},"T\u00edtulo":{"('0204-S-2000', 0)":"ADOPCION POR PARTE DE LA NACION ARGENTINA DE LOS PRINCIPIOS CONTENIDOS EN LA \"DECLARACION UNIVERSAL SOBRE EL GENOMA HUMANO Y LOS DERECHOS HUMANOS\" APROBADA POR LA CONFERENCIA GENERAL DE LA ORGANIZACION DE LAS NACIONES UNIDAS PARA LA EDUCACION, LA CIENCIA Y LA CULTURA (UNESCO), EL 11 DE NOVIEMBRE DE 1997.","('0204-S-2000', 1)":null,"('0204-S-2000', 2)":null},"('Firmantes', 'FIRMANTE')":{"('0204-S-2000', 0)":"VAQUIR, OMAR M.","('0204-S-2000', 1)":null,"('0204-S-2000', 2)":null},"('Firmantes', 'DISTRITO')":{"('0204-S-2000', 0)":"SANTIAGO DEL ESTERO","('0204-S-2000', 1)":null,"('0204-S-2000', 2)":null},"('Firmantes', 'BLOQUE')":{"('0204-S-2000', 0)":"JUSTICIALISTA","('0204-S-2000', 1)":null,"('0204-S-2000', 2)":null},"('Giros', 'COMISI\u00d3N')":{"('0204-S-2000', 0)":"RELACIONES EXTERIORES Y CULTO","('0204-S-2000', 1)":"DERECHOS HUMANOS Y GARANTIAS","('0204-S-2000', 2)":null},"('Tramites', 'C\u00c1MARA')":{"('0204-S-2000', 0)":"Senado","('0204-S-2000', 1)":"Senado","('0204-S-2000', 2)":"Diputados"},"('Tramites', 'MOVIMIENTO')":{"('0204-S-2000', 0)":"CONSIDERACION Y APROBACION","('0204-S-2000', 1)":"INSERCION","('0204-S-2000', 2)":"PASA A DIPUTADOS - (TP 185, 30\/11\/00)"},"('Tramites', 'FECHA')":{"('0204-S-2000', 0)":"22\/11\/2000","('0204-S-2000', 1)":"22\/11\/2000","('0204-S-2000', 2)":null},"('Tramites', 'RESULTADO')":{"('0204-S-2000', 0)":"MEDIA SANCION","('0204-S-2000', 1)":null,"('0204-S-2000', 2)":null},"Sumario":{"('0204-S-2000', 0)":"ANEXO CON EL TEXTO DE LA DECLARACION.","('0204-S-2000', 1)":null,"('0204-S-2000', 2)":null},"Palabra Clave":{"('0204-S-2000', 0)":" ","('0204-S-2000', 1)":null,"('0204-S-2000', 2)":null}}