{"Tipo de Proyecto":{"('0204-PE-2000', 0)":"MENSAJE NRO: 0566\/00","('0204-PE-2000', 1)":null},"Iniciado en: ":{"('0204-PE-2000', 0)":"Senado","('0204-PE-2000', 1)":null},"Expediente Senado: ":{"('0204-PE-2000', 0)":"0204-PE-2000","('0204-PE-2000', 1)":null},"Publicado en: ":{"('0204-PE-2000', 0)":"DAE S.A. N\u00b0 3","('0204-PE-2000', 1)":null},"Fecha: ":{"('0204-PE-2000', 0)":"12\/07\/2000","('0204-PE-2000', 1)":null},"T\u00edtulo":{"('0204-PE-2000', 0)":"SOLICITA ACUERDO PARA DESIGNAR FISCAL GENERAL ANTE EL TRIBUNAL ORAL EN LO CRIMINAL NUMERO 26 DE LA CIUDAD DE BUENOS AIRES.","('0204-PE-2000', 1)":null},"('Firmantes', 'FIRMANTE')":{"('0204-PE-2000', 0)":"DE LA RUA, FERNANDO","('0204-PE-2000', 1)":"GIL LAVEDRA, RICARDO RODOLFO"},"('Firmantes', 'DISTRITO')":{"('0204-PE-2000', 0)":null,"('0204-PE-2000', 1)":null},"('Firmantes', 'BLOQUE')":{"('0204-PE-2000', 0)":"PODER EJECUTIVO","('0204-PE-2000', 1)":"PODER EJECUTIVO"},"('Tramites', 'C\u00c1MARA')":{"('0204-PE-2000', 0)":"Senado","('0204-PE-2000', 1)":"Senado"},"('Tramites', 'MOVIMIENTO')":{"('0204-PE-2000', 0)":"RECTIFICACION DE LA SOLICITUD DE ACUERDO (0419-PE-00, DAE SUPLEMENTO ACUERDOS 6)","('0204-PE-2000', 1)":"CONSIDERACION Y APROBACION"},"('Tramites', 'FECHA')":{"('0204-PE-2000', 0)":null,"('0204-PE-2000', 1)":"06\/12\/2000"},"('Tramites', 'RESULTADO')":{"('0204-PE-2000', 0)":null,"('0204-PE-2000', 1)":"APROBADO"},"Sumario":{"('0204-PE-2000', 0)":"AL DOCTOR JAVIER AUGUSTO DE LUCA.","('0204-PE-2000', 1)":null},"Palabra Clave":{"('0204-PE-2000', 0)":" ","('0204-PE-2000', 1)":null}}