{"Tipo de Proyecto":{"('0208-S-2000', 0)":"MENSAJE NRO: 1098\/00 Y PROYECTO DE LEY","('0208-S-2000', 1)":null,"('0208-S-2000', 2)":null,"('0208-S-2000', 3)":null,"('0208-S-2000', 4)":null,"('0208-S-2000', 5)":null,"('0208-S-2000', 6)":null},"Iniciado en: ":{"('0208-S-2000', 0)":"Senado","('0208-S-2000', 1)":null,"('0208-S-2000', 2)":null,"('0208-S-2000', 3)":null,"('0208-S-2000', 4)":null,"('0208-S-2000', 5)":null,"('0208-S-2000', 6)":null},"Expediente Diputados: ":{"('0208-S-2000', 0)":"0208-S-2000","('0208-S-2000', 1)":null,"('0208-S-2000', 2)":null,"('0208-S-2000', 3)":null,"('0208-S-2000', 4)":null,"('0208-S-2000', 5)":null,"('0208-S-2000', 6)":null},"Expediente Senado: ":{"('0208-S-2000', 0)":"0417-PE-2000","('0208-S-2000', 1)":null,"('0208-S-2000', 2)":null,"('0208-S-2000', 3)":null,"('0208-S-2000', 4)":null,"('0208-S-2000', 5)":null,"('0208-S-2000', 6)":null},"Publicado en: ":{"('0208-S-2000', 0)":"Diario de Asuntos Entrados N\u00b0 144","('0208-S-2000', 1)":null,"('0208-S-2000', 2)":null,"('0208-S-2000', 3)":null,"('0208-S-2000', 4)":null,"('0208-S-2000', 5)":null,"('0208-S-2000', 6)":null},"Fecha: ":{"('0208-S-2000', 0)":"22\/11\/2000","('0208-S-2000', 1)":null,"('0208-S-2000', 2)":null,"('0208-S-2000', 3)":null,"('0208-S-2000', 4)":null,"('0208-S-2000', 5)":null,"('0208-S-2000', 6)":null},"T\u00edtulo":{"('0208-S-2000', 0)":"ACUERDO DENOMINADO \"COMPROMISO FEDERAL POR EL CRECIMIENTO Y LA DISCIPLINA FISCAL\" Y SU ADDENDA DEL 17\/11\/2000.","('0208-S-2000', 1)":null,"('0208-S-2000', 2)":null,"('0208-S-2000', 3)":null,"('0208-S-2000', 4)":null,"('0208-S-2000', 5)":null,"('0208-S-2000', 6)":null},"('Firmantes', 'FIRMANTE')":{"('0208-S-2000', 0)":"COLOMBO, CHRYSTIAN","('0208-S-2000', 1)":"STORANI, FEDERICO TEOBALDO MANUEL","('0208-S-2000', 2)":"MACHINEA, JOSE LUIS","('0208-S-2000', 3)":null,"('0208-S-2000', 4)":null,"('0208-S-2000', 5)":null,"('0208-S-2000', 6)":null},"('Firmantes', 'DISTRITO')":{"('0208-S-2000', 0)":null,"('0208-S-2000', 1)":null,"('0208-S-2000', 2)":null,"('0208-S-2000', 3)":null,"('0208-S-2000', 4)":null,"('0208-S-2000', 5)":null,"('0208-S-2000', 6)":null},"('Firmantes', 'BLOQUE')":{"('0208-S-2000', 0)":"PODER EJECUTIVO","('0208-S-2000', 1)":"PODER EJECUTIVO","('0208-S-2000', 2)":"PODER EJECUTIVO","('0208-S-2000', 3)":null,"('0208-S-2000', 4)":null,"('0208-S-2000', 5)":null,"('0208-S-2000', 6)":null},"('Giros', 'COMISI\u00d3N')":{"('0208-S-2000', 0)":"PRESUPUESTO Y HACIENDA","('0208-S-2000', 1)":null,"('0208-S-2000', 2)":null,"('0208-S-2000', 3)":null,"('0208-S-2000', 4)":null,"('0208-S-2000', 5)":null,"('0208-S-2000', 6)":null},"('Tramites', 'C\u00c1MARA')":{"('0208-S-2000', 0)":"Senado","('0208-S-2000', 1)":"Senado","('0208-S-2000', 2)":"Senado","('0208-S-2000', 3)":"Diputados","('0208-S-2000', 4)":"Diputados","('0208-S-2000', 5)":"Diputados","('0208-S-2000', 6)":"Diputados"},"('Tramites', 'MOVIMIENTO')":{"('0208-S-2000', 0)":"MOCION SOBRE TABLAS (AFIRMATIVA)","('0208-S-2000', 1)":"CONSIDERACION Y APROBACION","('0208-S-2000', 2)":"INSERCION","('0208-S-2000', 3)":"PASA A DIPUTADOS - (TP 187)","('0208-S-2000', 4)":"MOCION SOBRE TABLAS (AFIRMATIVA)","('0208-S-2000', 5)":"CONSIDERACION Y SANCION","('0208-S-2000', 6)":"INSERCION"},"('Tramites', 'FECHA')":{"('0208-S-2000', 0)":"29\/11\/2000","('0208-S-2000', 1)":"29\/11\/2000","('0208-S-2000', 2)":"29\/11\/2000","('0208-S-2000', 3)":null,"('0208-S-2000', 4)":"07\/12\/2000","('0208-S-2000', 5)":"07\/12\/2000","('0208-S-2000', 6)":"07\/12\/2000"},"('Tramites', 'RESULTADO')":{"('0208-S-2000', 0)":null,"('0208-S-2000', 1)":"MEDIA SANCION","('0208-S-2000', 2)":null,"('0208-S-2000', 3)":null,"('0208-S-2000', 4)":null,"('0208-S-2000', 5)":"SANCIONADO","('0208-S-2000', 6)":null},"Sumario":{"('0208-S-2000', 0)":"RATIFICACION DEL MISMO.","('0208-S-2000', 1)":null,"('0208-S-2000', 2)":null,"('0208-S-2000', 3)":null,"('0208-S-2000', 4)":null,"('0208-S-2000', 5)":null,"('0208-S-2000', 6)":null},"Palabra Clave":{"('0208-S-2000', 0)":" ","('0208-S-2000', 1)":null,"('0208-S-2000', 2)":null,"('0208-S-2000', 3)":null,"('0208-S-2000', 4)":null,"('0208-S-2000', 5)":null,"('0208-S-2000', 6)":null}}