{"Tipo de Proyecto":{"('0210-S-2000', 0)":"PROYECTO DE LEY","('0210-S-2000', 1)":null,"('0210-S-2000', 2)":null},"Iniciado en: ":{"('0210-S-2000', 0)":"Senado","('0210-S-2000', 1)":null,"('0210-S-2000', 2)":null},"Expediente Diputados: ":{"('0210-S-2000', 0)":"0210-S-2000","('0210-S-2000', 1)":null,"('0210-S-2000', 2)":null},"Expediente Senado: ":{"('0210-S-2000', 0)":"0948-S-2000","('0210-S-2000', 1)":null,"('0210-S-2000', 2)":null},"Publicado en: ":{"('0210-S-2000', 0)":"Diario de Asuntos Entrados N\u00b0 52","('0210-S-2000', 1)":null,"('0210-S-2000', 2)":null},"Fecha: ":{"('0210-S-2000', 0)":"31\/05\/2000","('0210-S-2000', 1)":null,"('0210-S-2000', 2)":null},"T\u00edtulo":{"('0210-S-2000', 0)":"DERECHO A PERCIBIR UN BENEFICIO EXTRAORDINARIO PARA LAS PERSONAS INCLUIDAS EN LA NOMINA DE LA 'OPERACION CLARIDAD' EJECUTADA POR EL PROCESO DE REORGANIZACION NACIONAL.","('0210-S-2000', 1)":null,"('0210-S-2000', 2)":null},"('Firmantes', 'FIRMANTE')":{"('0210-S-2000', 0)":"MOREAU, LEOPOLDO RAUL G.","('0210-S-2000', 1)":"VERNA, CARLOS ALBERTO","('0210-S-2000', 2)":"CAFIERO, ANTONIO FRANCISCO"},"('Firmantes', 'DISTRITO')":{"('0210-S-2000', 0)":"BUENOS AIRES","('0210-S-2000', 1)":"LA PAMPA","('0210-S-2000', 2)":"BUENOS AIRES"},"('Firmantes', 'BLOQUE')":{"('0210-S-2000', 0)":"UCR","('0210-S-2000', 1)":"JUSTICIALISTA","('0210-S-2000', 2)":"JUSTICIALISTA"},"('Giros', 'COMISI\u00d3N')":{"('0210-S-2000', 0)":"CULTURA","('0210-S-2000', 1)":"PRESUPUESTO Y HACIENDA","('0210-S-2000', 2)":null},"('Tramites', 'C\u00c1MARA')":{"('0210-S-2000', 0)":"Senado","('0210-S-2000', 1)":"Diputados","('0210-S-2000', 2)":null},"('Tramites', 'MOVIMIENTO')":{"('0210-S-2000', 0)":"CONSIDERACION Y APROBACION","('0210-S-2000', 1)":"PASA A DIPUTADOS - (TP 187)","('0210-S-2000', 2)":null},"('Tramites', 'FECHA')":{"('0210-S-2000', 0)":"29\/11\/2000","('0210-S-2000', 1)":null,"('0210-S-2000', 2)":null},"('Tramites', 'RESULTADO')":{"('0210-S-2000', 0)":"MEDIA SANCION","('0210-S-2000', 1)":null,"('0210-S-2000', 2)":null},"Sumario":{"('0210-S-2000', 0)":"MONTO; SOLICITUD DEL BENEFICIO; AUTORIDAD DE APLICACION.","('0210-S-2000', 1)":null,"('0210-S-2000', 2)":null},"Palabra Clave":{"('0210-S-2000', 0)":" ","('0210-S-2000', 1)":null,"('0210-S-2000', 2)":null}}