{"Tipo de Proyecto":{"('0211-PE-2000', 0)":"MENSAJE NRO: 0617\/00","('0211-PE-2000', 1)":null,"('0211-PE-2000', 2)":null},"Iniciado en: ":{"('0211-PE-2000', 0)":"Senado","('0211-PE-2000', 1)":null,"('0211-PE-2000', 2)":null},"Expediente Senado: ":{"('0211-PE-2000', 0)":"0211-PE-2000","('0211-PE-2000', 1)":null,"('0211-PE-2000', 2)":null},"Publicado en: ":{"('0211-PE-2000', 0)":"Diario de Asuntos Entrados N\u00b0 81","('0211-PE-2000', 1)":null,"('0211-PE-2000', 2)":null},"Fecha: ":{"('0211-PE-2000', 0)":"28\/07\/2000","('0211-PE-2000', 1)":null,"('0211-PE-2000', 2)":null},"T\u00edtulo":{"('0211-PE-2000', 0)":"COMUNICACION DEL DECRETO 616\/2000 POR EL QUE SE OBSERVA  TOTALMENTE EL PROYECTO DE LEY NUMERO 25274 POR EL QUE SE AUTORIZA AL PODER EJECUTIVO NACIONAL A TRANSFERIR SIN CARGO AL MUNICIPIO DE SAN CARLOS DE BARILOCHE, PROVINCIA DE RIO NEGRO, LOS ISLOTES ADYACENTES A LA ISLA HUEMUL, ISLAS DE LAS GALLINAS Y DE LAS GAVIOTAS, UBICADAS EN EL LAGO NAHUEL HUAPI.","('0211-PE-2000', 1)":null,"('0211-PE-2000', 2)":null},"('Firmantes', 'FIRMANTE')":{"('0211-PE-2000', 0)":"DE LA RUA, FERNANDO","('0211-PE-2000', 1)":"TERRAGNO, RODOLFO HECTOR","('0211-PE-2000', 2)":"GALLO, NICOLAS VICENTE"},"('Firmantes', 'DISTRITO')":{"('0211-PE-2000', 0)":null,"('0211-PE-2000', 1)":null,"('0211-PE-2000', 2)":null},"('Firmantes', 'BLOQUE')":{"('0211-PE-2000', 0)":"PODER EJECUTIVO","('0211-PE-2000', 1)":"PODER EJECUTIVO","('0211-PE-2000', 2)":"PODER EJECUTIVO"},"('Tramites', 'C\u00c1MARA')":{"('0211-PE-2000', 0)":"Senado","('0211-PE-2000', 1)":null,"('0211-PE-2000', 2)":null},"('Tramites', 'MOVIMIENTO')":{"('0211-PE-2000', 0)":"VER TRAMITE DE LA INSISTENCIA EN EXPEDIENTE 0466-S-99","('0211-PE-2000', 1)":null,"('0211-PE-2000', 2)":null},"('Tramites', 'FECHA')":{"('0211-PE-2000', 0)":"13\/09\/2000","('0211-PE-2000', 1)":null,"('0211-PE-2000', 2)":null},"('Tramites', 'RESULTADO')":{"('0211-PE-2000', 0)":null,"('0211-PE-2000', 1)":null,"('0211-PE-2000', 2)":null},"Sumario":{"('0211-PE-2000', 0)":"ACOMPA\u00d1A COPIA DEL DECRETO.","('0211-PE-2000', 1)":null,"('0211-PE-2000', 2)":null},"Palabra Clave":{"('0211-PE-2000', 0)":" ","('0211-PE-2000', 1)":null,"('0211-PE-2000', 2)":null}}