{"Tipo de Proyecto":{"('0211-S-2000', 0)":"PROYECTO DE LEY","('0211-S-2000', 1)":null,"('0211-S-2000', 2)":null,"('0211-S-2000', 3)":null},"Iniciado en: ":{"('0211-S-2000', 0)":"Senado","('0211-S-2000', 1)":null,"('0211-S-2000', 2)":null,"('0211-S-2000', 3)":null},"Expediente Diputados: ":{"('0211-S-2000', 0)":"0211-S-2000","('0211-S-2000', 1)":null,"('0211-S-2000', 2)":null,"('0211-S-2000', 3)":null},"Expediente Senado: ":{"('0211-S-2000', 0)":"0615-S-2000","('0211-S-2000', 1)":null,"('0211-S-2000', 2)":null,"('0211-S-2000', 3)":null},"Publicado en: ":{"('0211-S-2000', 0)":"Diario de Asuntos Entrados N\u00b0 31","('0211-S-2000', 1)":null,"('0211-S-2000', 2)":null,"('0211-S-2000', 3)":null},"Fecha: ":{"('0211-S-2000', 0)":"18\/04\/2000","('0211-S-2000', 1)":null,"('0211-S-2000', 2)":null,"('0211-S-2000', 3)":null},"T\u00edtulo":{"('0211-S-2000', 0)":"ESTABLECIMIENTO DE UN PRECIO UNIFORME PARA LA VENTA LIBROS AL PUBLICO.","('0211-S-2000', 1)":null,"('0211-S-2000', 2)":null,"('0211-S-2000', 3)":null},"('Firmantes', 'FIRMANTE')":{"('0211-S-2000', 0)":"MOREAU, LEOPOLDO RAUL G.","('0211-S-2000', 1)":null,"('0211-S-2000', 2)":null,"('0211-S-2000', 3)":null},"('Firmantes', 'DISTRITO')":{"('0211-S-2000', 0)":"BUENOS AIRES","('0211-S-2000', 1)":null,"('0211-S-2000', 2)":null,"('0211-S-2000', 3)":null},"('Firmantes', 'BLOQUE')":{"('0211-S-2000', 0)":"UCR","('0211-S-2000', 1)":null,"('0211-S-2000', 2)":null,"('0211-S-2000', 3)":null},"('Giros', 'COMISI\u00d3N')":{"('0211-S-2000', 0)":"CULTURA","('0211-S-2000', 1)":"INDUSTRIA","('0211-S-2000', 2)":"COMERCIO","('0211-S-2000', 3)":null},"('Tramites', 'C\u00c1MARA')":{"('0211-S-2000', 0)":"Senado","('0211-S-2000', 1)":"Diputados","('0211-S-2000', 2)":"Diputados","('0211-S-2000', 3)":"Diputados"},"('Tramites', 'MOVIMIENTO')":{"('0211-S-2000', 0)":"CONSIDERACION Y APROBACION CON MODIFICACIONES","('0211-S-2000', 1)":"PASA A DIPUTADOS - (TP 188)","('0211-S-2000', 2)":"CONSIDERACION Y SANCION","('0211-S-2000', 3)":"INSERCION"},"('Tramites', 'FECHA')":{"('0211-S-2000', 0)":"30\/11\/2000","('0211-S-2000', 1)":null,"('0211-S-2000', 2)":"27\/11\/2001","('0211-S-2000', 3)":"27\/11\/2001"},"('Tramites', 'RESULTADO')":{"('0211-S-2000', 0)":"MEDIA SANCION","('0211-S-2000', 1)":null,"('0211-S-2000', 2)":"SANCIONADO","('0211-S-2000', 3)":null},"Sumario":{"('0211-S-2000', 0)":"EXENCIONES, DESCUENTOS.","('0211-S-2000', 1)":null,"('0211-S-2000', 2)":null,"('0211-S-2000', 3)":null},"Palabra Clave":{"('0211-S-2000', 0)":" ","('0211-S-2000', 1)":null,"('0211-S-2000', 2)":null,"('0211-S-2000', 3)":null}}