{"Tipo de Proyecto":{"('0212-S-2000', 0)":"PROYECTO DE LEY","('0212-S-2000', 1)":null,"('0212-S-2000', 2)":null,"('0212-S-2000', 3)":null},"Iniciado en: ":{"('0212-S-2000', 0)":"Senado","('0212-S-2000', 1)":null,"('0212-S-2000', 2)":null,"('0212-S-2000', 3)":null},"Expediente Diputados: ":{"('0212-S-2000', 0)":"0212-S-2000","('0212-S-2000', 1)":null,"('0212-S-2000', 2)":null,"('0212-S-2000', 3)":null},"Expediente Senado: ":{"('0212-S-2000', 0)":"1875-S-2000","('0212-S-2000', 1)":null,"('0212-S-2000', 2)":null,"('0212-S-2000', 3)":null},"Publicado en: ":{"('0212-S-2000', 0)":"Diario de Asuntos Entrados N\u00b0 99","('0212-S-2000', 1)":null,"('0212-S-2000', 2)":null,"('0212-S-2000', 3)":null},"Fecha: ":{"('0212-S-2000', 0)":"30\/08\/2000","('0212-S-2000', 1)":null,"('0212-S-2000', 2)":null,"('0212-S-2000', 3)":null},"T\u00edtulo":{"('0212-S-2000', 0)":"CREACION EN EL AMBITO DEL H CONGRESO DE LA NACION DE UNA COMISION BICAMERAL PARA ELABORAR UN REGIMEN INTEGRAL DE DESARROLLO AGRICOLA E INDUSTRIAL DE LA PRODUCCION AZUCARERA PROVENIENTE DE LA CA\u00d1A DE AZUCAR O DE CUALQUIER OTRA ESPECIE VEGETAL.","('0212-S-2000', 1)":null,"('0212-S-2000', 2)":null,"('0212-S-2000', 3)":null},"('Firmantes', 'FIRMANTE')":{"('0212-S-2000', 0)":"CARBONELL, JOSE FERNANDO","('0212-S-2000', 1)":null,"('0212-S-2000', 2)":null,"('0212-S-2000', 3)":null},"('Firmantes', 'DISTRITO')":{"('0212-S-2000', 0)":"TIERRA DEL FUEGO","('0212-S-2000', 1)":null,"('0212-S-2000', 2)":null,"('0212-S-2000', 3)":null},"('Firmantes', 'BLOQUE')":{"('0212-S-2000', 0)":"JUSTICIALISTA","('0212-S-2000', 1)":null,"('0212-S-2000', 2)":null,"('0212-S-2000', 3)":null},"('Giros', 'COMISI\u00d3N')":{"('0212-S-2000', 0)":"AGRICULTURA Y GANADERIA","('0212-S-2000', 1)":"INDUSTRIA","('0212-S-2000', 2)":"ECONOMIAS Y DESARROLLO REGIONAL","('0212-S-2000', 3)":null},"('Tramites', 'C\u00c1MARA')":{"('0212-S-2000', 0)":"Senado","('0212-S-2000', 1)":"Senado","('0212-S-2000', 2)":"Senado","('0212-S-2000', 3)":"Diputados"},"('Tramites', 'MOVIMIENTO')":{"('0212-S-2000', 0)":"MOCION DE PREFERENCIA PARA DENTRO DE DOS SEMANAS CON DICTAMEN (AFIRMATIVA)","('0212-S-2000', 1)":"MOCION SOBRE TABLAS (AFIRMATIVA)","('0212-S-2000', 2)":"CONSIDERACION Y APROBACION","('0212-S-2000', 3)":"PASA A DIPUTADOS - (TP 188)"},"('Tramites', 'FECHA')":{"('0212-S-2000', 0)":"13\/09\/2000","('0212-S-2000', 1)":"30\/11\/2000","('0212-S-2000', 2)":"30\/11\/2000","('0212-S-2000', 3)":null},"('Tramites', 'RESULTADO')":{"('0212-S-2000', 0)":null,"('0212-S-2000', 1)":null,"('0212-S-2000', 2)":"MEDIA SANCION","('0212-S-2000', 3)":null},"Sumario":{"('0212-S-2000', 0)":"INTEGRACION; FACULTADES; INFORMES; AUDIENCIAS PUBLICAS.","('0212-S-2000', 1)":null,"('0212-S-2000', 2)":null,"('0212-S-2000', 3)":null},"Palabra Clave":{"('0212-S-2000', 0)":" ","('0212-S-2000', 1)":null,"('0212-S-2000', 2)":null,"('0212-S-2000', 3)":null}}