{"Tipo de Proyecto":{"('0213-S-2000', 0)":"PROYECTO DE LEY","('0213-S-2000', 1)":null,"('0213-S-2000', 2)":null,"('0213-S-2000', 3)":null,"('0213-S-2000', 4)":null},"Iniciado en: ":{"('0213-S-2000', 0)":"Senado","('0213-S-2000', 1)":null,"('0213-S-2000', 2)":null,"('0213-S-2000', 3)":null,"('0213-S-2000', 4)":null},"Expediente Diputados: ":{"('0213-S-2000', 0)":"0213-S-2000","('0213-S-2000', 1)":null,"('0213-S-2000', 2)":null,"('0213-S-2000', 3)":null,"('0213-S-2000', 4)":null},"Expediente Senado: ":{"('0213-S-2000', 0)":"2402-S-2000","('0213-S-2000', 1)":null,"('0213-S-2000', 2)":null,"('0213-S-2000', 3)":null,"('0213-S-2000', 4)":null},"Publicado en: ":{"('0213-S-2000', 0)":"Diario de Asuntos Entrados N\u00b0 137","('0213-S-2000', 1)":null,"('0213-S-2000', 2)":null,"('0213-S-2000', 3)":null,"('0213-S-2000', 4)":null},"Fecha: ":{"('0213-S-2000', 0)":"09\/11\/2000","('0213-S-2000', 1)":null,"('0213-S-2000', 2)":null,"('0213-S-2000', 3)":null,"('0213-S-2000', 4)":null},"T\u00edtulo":{"('0213-S-2000', 0)":"CREACION DEL REGIMEN PREJUBILATORIO CONVENCIONAL PARA EX TRABAJADORES DE EMPRESAS PRIVATIZADAS.","('0213-S-2000', 1)":null,"('0213-S-2000', 2)":null,"('0213-S-2000', 3)":null,"('0213-S-2000', 4)":null},"('Firmantes', 'FIRMANTE')":{"('0213-S-2000', 0)":"TELL, ALBERTO MAXIMO","('0213-S-2000', 1)":null,"('0213-S-2000', 2)":null,"('0213-S-2000', 3)":null,"('0213-S-2000', 4)":null},"('Firmantes', 'DISTRITO')":{"('0213-S-2000', 0)":"JUJUY","('0213-S-2000', 1)":null,"('0213-S-2000', 2)":null,"('0213-S-2000', 3)":null,"('0213-S-2000', 4)":null},"('Firmantes', 'BLOQUE')":{"('0213-S-2000', 0)":"JUSTICIALISTA","('0213-S-2000', 1)":null,"('0213-S-2000', 2)":null,"('0213-S-2000', 3)":null,"('0213-S-2000', 4)":null},"('Giros', 'COMISI\u00d3N')":{"('0213-S-2000', 0)":"PREVISION Y SEGURIDAD SOCIAL","('0213-S-2000', 1)":"PRESUPUESTO Y HACIENDA","('0213-S-2000', 2)":null,"('0213-S-2000', 3)":null,"('0213-S-2000', 4)":null},"('Tramites', 'C\u00c1MARA')":{"('0213-S-2000', 0)":"Senado","('0213-S-2000', 1)":"Senado","('0213-S-2000', 2)":"Senado","('0213-S-2000', 3)":"Diputados","('0213-S-2000', 4)":"Diputados"},"('Tramites', 'MOVIMIENTO')":{"('0213-S-2000', 0)":"MOCION SOBRE TABLAS (AFIRMATIVA)","('0213-S-2000', 1)":"CONSIDERACION Y APROBACION","('0213-S-2000', 2)":"INSERCION","('0213-S-2000', 3)":"PASA A DIPUTADOS - (TP 188)","('0213-S-2000', 4)":"MOCION DE PREFERENCIA CON DICTAMEN (AFIRMATIVA)"},"('Tramites', 'FECHA')":{"('0213-S-2000', 0)":"30\/11\/2000","('0213-S-2000', 1)":"30\/11\/2000","('0213-S-2000', 2)":"30\/11\/2000","('0213-S-2000', 3)":null,"('0213-S-2000', 4)":"12\/09\/2001"},"('Tramites', 'RESULTADO')":{"('0213-S-2000', 0)":null,"('0213-S-2000', 1)":"MEDIA SANCION","('0213-S-2000', 2)":null,"('0213-S-2000', 3)":null,"('0213-S-2000', 4)":null},"Sumario":{"('0213-S-2000', 0)":"INCORPORACION CON LAS OBLIGACIONES Y BENEFICIOS QUE CORRESPONDEN A LOS INCLUIDOS EN EL INCISO A) DEL ARTICULO 2 DE LA LEY 24241 DE SISTEMA INTEGRADO PARA JUBILADOS Y PENSIONADOS, DE LOS TRABAJADORES DEPENDIENTES DE EMPRESAS PRIVATIZADAS POR EFECTO DE LA LEY 23696 CON POSTERIORIDAD AL 14 DE JULIO DE 1994.","('0213-S-2000', 1)":null,"('0213-S-2000', 2)":null,"('0213-S-2000', 3)":null,"('0213-S-2000', 4)":null},"Palabra Clave":{"('0213-S-2000', 0)":" ","('0213-S-2000', 1)":null,"('0213-S-2000', 2)":null,"('0213-S-2000', 3)":null,"('0213-S-2000', 4)":null}}