{"Tipo de Proyecto":{"('0214-OV-2000', 0)":"PROYECTO DE RESOLUCI\u00d3N"},"Iniciado en: ":{"('0214-OV-2000', 0)":"Diputados"},"Expediente Diputados: ":{"('0214-OV-2000', 0)":"0214-OV-2000"},"Fecha: ":{"('0214-OV-2000', 0)":"11\/10\/2000"},"T\u00edtulo":{"('0214-OV-2000', 0)":"DESAFUERO DE LOS SE\u00d1ORES DIPUTADOS NACIONALES ALFREDO CASTA\u00d1ON, OVIDIO ZU\u00d1IGA, DOMINGO CAVALLO Y JORGE BUCCO."},"('Firmantes', 'FIRMANTE')":{"('0214-OV-2000', 0)":"ASUNTOS CONSTITUCIONALES"},"('Firmantes', 'DISTRITO')":{"('0214-OV-2000', 0)":null},"('Firmantes', 'BLOQUE')":{"('0214-OV-2000', 0)":null},"('Giros', 'COMISI\u00d3N')":{"('0214-OV-2000', 0)":"ASUNTOS CONSTITUCIONALES"},"('Tramites', 'C\u00c1MARA')":{"('0214-OV-2000', 0)":"Diputados"},"('Tramites', 'MOVIMIENTO')":{"('0214-OV-2000', 0)":"CONSIDERACION Y APROBACION"},"('Tramites', 'FECHA')":{"('0214-OV-2000', 0)":"01\/11\/2000"},"('Tramites', 'RESULTADO')":{"('0214-OV-2000', 0)":"APROBADO"},"Sumario":{"('0214-OV-2000', 0)":"COMUNICACION A LOS MAGISTRADOS PARA QUE OBREN DE ACUERDO A LA LEY 25320."},"Palabra Clave":{"('0214-OV-2000', 0)":" "}}