{"Tipo de Proyecto":{"('0214-S-2000', 0)":"PROYECTO DE LEY","('0214-S-2000', 1)":null,"('0214-S-2000', 2)":null,"('0214-S-2000', 3)":null,"('0214-S-2000', 4)":null,"('0214-S-2000', 5)":null,"('0214-S-2000', 6)":null,"('0214-S-2000', 7)":null,"('0214-S-2000', 8)":null,"('0214-S-2000', 9)":null},"Iniciado en: ":{"('0214-S-2000', 0)":"Senado","('0214-S-2000', 1)":null,"('0214-S-2000', 2)":null,"('0214-S-2000', 3)":null,"('0214-S-2000', 4)":null,"('0214-S-2000', 5)":null,"('0214-S-2000', 6)":null,"('0214-S-2000', 7)":null,"('0214-S-2000', 8)":null,"('0214-S-2000', 9)":null},"Expediente Diputados: ":{"('0214-S-2000', 0)":"0214-S-2000","('0214-S-2000', 1)":null,"('0214-S-2000', 2)":null,"('0214-S-2000', 3)":null,"('0214-S-2000', 4)":null,"('0214-S-2000', 5)":null,"('0214-S-2000', 6)":null,"('0214-S-2000', 7)":null,"('0214-S-2000', 8)":null,"('0214-S-2000', 9)":null},"Expediente Senado: ":{"('0214-S-2000', 0)":"2555-S-2000","('0214-S-2000', 1)":null,"('0214-S-2000', 2)":null,"('0214-S-2000', 3)":null,"('0214-S-2000', 4)":null,"('0214-S-2000', 5)":null,"('0214-S-2000', 6)":null,"('0214-S-2000', 7)":null,"('0214-S-2000', 8)":null,"('0214-S-2000', 9)":null},"Publicado en: ":{"('0214-S-2000', 0)":"Diario de Asuntos Entrados N\u00b0 148","('0214-S-2000', 1)":null,"('0214-S-2000', 2)":null,"('0214-S-2000', 3)":null,"('0214-S-2000', 4)":null,"('0214-S-2000', 5)":null,"('0214-S-2000', 6)":null,"('0214-S-2000', 7)":null,"('0214-S-2000', 8)":null,"('0214-S-2000', 9)":null},"Fecha: ":{"('0214-S-2000', 0)":"30\/11\/2000","('0214-S-2000', 1)":null,"('0214-S-2000', 2)":null,"('0214-S-2000', 3)":null,"('0214-S-2000', 4)":null,"('0214-S-2000', 5)":null,"('0214-S-2000', 6)":null,"('0214-S-2000', 7)":null,"('0214-S-2000', 8)":null,"('0214-S-2000', 9)":null},"T\u00edtulo":{"('0214-S-2000', 0)":"DECRETO DE NECESIDAD Y URGENCIA 1060\/00 DE FECHA 14 DE NOVIEMBRE SOBRE CONTRATO PARA LA VENTA DE COMBUSTIBLES.","('0214-S-2000', 1)":null,"('0214-S-2000', 2)":null,"('0214-S-2000', 3)":null,"('0214-S-2000', 4)":null,"('0214-S-2000', 5)":null,"('0214-S-2000', 6)":null,"('0214-S-2000', 7)":null,"('0214-S-2000', 8)":null,"('0214-S-2000', 9)":null},"('Firmantes', 'FIRMANTE')":{"('0214-S-2000', 0)":"BAUM, DANIEL","('0214-S-2000', 1)":"SALA, OSVALDO RUBEN","('0214-S-2000', 2)":"CARBONELL, JOSE FERNANDO","('0214-S-2000', 3)":"PALACIOS, GERARDO LUIS","('0214-S-2000', 4)":"VERNA, CARLOS ALBERTO","('0214-S-2000', 5)":"TELL, ALBERTO MAXIMO","('0214-S-2000', 6)":"ZALAZAR, HORACIO ANIBAL","('0214-S-2000', 7)":"SAGER, HUGO ABEL","('0214-S-2000', 8)":"RODRIGUEZ, MANUEL AUGUSTO","('0214-S-2000', 9)":"HUMADA, JULIO CESAR"},"('Firmantes', 'DISTRITO')":{"('0214-S-2000', 0)":"NEUQUEN","('0214-S-2000', 1)":"CHUBUT","('0214-S-2000', 2)":"TIERRA DEL FUEGO","('0214-S-2000', 3)":"TIERRA DEL FUEGO","('0214-S-2000', 4)":"LA PAMPA","('0214-S-2000', 5)":"JUJUY","('0214-S-2000', 6)":"CHACO","('0214-S-2000', 7)":"CHACO","('0214-S-2000', 8)":"FORMOSA","('0214-S-2000', 9)":"MISIONES"},"('Firmantes', 'BLOQUE')":{"('0214-S-2000', 0)":"JUSTICIALISTA","('0214-S-2000', 1)":"JUSTICIALISTA","('0214-S-2000', 2)":"JUSTICIALISTA","('0214-S-2000', 3)":"JUSTICIALISTA","('0214-S-2000', 4)":"JUSTICIALISTA","('0214-S-2000', 5)":"JUSTICIALISTA","('0214-S-2000', 6)":"JUSTICIALISTA","('0214-S-2000', 7)":"JUSTICIALISTA","('0214-S-2000', 8)":"JUSTICIALISTA","('0214-S-2000', 9)":"JUSTICIALISTA"},"('Giros', 'COMISI\u00d3N')":{"('0214-S-2000', 0)":"ENERGIA Y COMBUSTIBLES","('0214-S-2000', 1)":"DEFENSA DEL CONSUMIDOR","('0214-S-2000', 2)":"ASUNTOS CONSTITUCIONALES","('0214-S-2000', 3)":null,"('0214-S-2000', 4)":null,"('0214-S-2000', 5)":null,"('0214-S-2000', 6)":null,"('0214-S-2000', 7)":null,"('0214-S-2000', 8)":null,"('0214-S-2000', 9)":null},"('Tramites', 'C\u00c1MARA')":{"('0214-S-2000', 0)":"Senado","('0214-S-2000', 1)":"Senado","('0214-S-2000', 2)":"Diputados","('0214-S-2000', 3)":null,"('0214-S-2000', 4)":null,"('0214-S-2000', 5)":null,"('0214-S-2000', 6)":null,"('0214-S-2000', 7)":null,"('0214-S-2000', 8)":null,"('0214-S-2000', 9)":null},"('Tramites', 'MOVIMIENTO')":{"('0214-S-2000', 0)":"MOCION SOBRE TABLAS (AFIRMATIVA)","('0214-S-2000', 1)":"CONSIDERACION Y APROBACION","('0214-S-2000', 2)":"PASA A DIPUTADOS - (TP 188)","('0214-S-2000', 3)":null,"('0214-S-2000', 4)":null,"('0214-S-2000', 5)":null,"('0214-S-2000', 6)":null,"('0214-S-2000', 7)":null,"('0214-S-2000', 8)":null,"('0214-S-2000', 9)":null},"('Tramites', 'FECHA')":{"('0214-S-2000', 0)":"30\/11\/2000","('0214-S-2000', 1)":"30\/11\/2000","('0214-S-2000', 2)":null,"('0214-S-2000', 3)":null,"('0214-S-2000', 4)":null,"('0214-S-2000', 5)":null,"('0214-S-2000', 6)":null,"('0214-S-2000', 7)":null,"('0214-S-2000', 8)":null,"('0214-S-2000', 9)":null},"('Tramites', 'RESULTADO')":{"('0214-S-2000', 0)":null,"('0214-S-2000', 1)":"MEDIA SANCION","('0214-S-2000', 2)":null,"('0214-S-2000', 3)":null,"('0214-S-2000', 4)":null,"('0214-S-2000', 5)":null,"('0214-S-2000', 6)":null,"('0214-S-2000', 7)":null,"('0214-S-2000', 8)":null,"('0214-S-2000', 9)":null},"Sumario":{"('0214-S-2000', 0)":"DEROGACION DEL MISMO.","('0214-S-2000', 1)":null,"('0214-S-2000', 2)":null,"('0214-S-2000', 3)":null,"('0214-S-2000', 4)":null,"('0214-S-2000', 5)":null,"('0214-S-2000', 6)":null,"('0214-S-2000', 7)":null,"('0214-S-2000', 8)":null,"('0214-S-2000', 9)":null},"Palabra Clave":{"('0214-S-2000', 0)":" ","('0214-S-2000', 1)":null,"('0214-S-2000', 2)":null,"('0214-S-2000', 3)":null,"('0214-S-2000', 4)":null,"('0214-S-2000', 5)":null,"('0214-S-2000', 6)":null,"('0214-S-2000', 7)":null,"('0214-S-2000', 8)":null,"('0214-S-2000', 9)":null}}