{"Tipo de Proyecto":{"('0216-S-2000', 0)":"COMUNICACION"},"Iniciado en: ":{"('0216-S-2000', 0)":"Senado"},"Expediente Senado: ":{"('0216-S-2000', 0)":"0216-S-2000"},"Publicado en: ":{"('0216-S-2000', 0)":"Diario de Asuntos Entrados N\u00b0 12"},"Fecha: ":{"('0216-S-2000', 0)":"16\/03\/2000"},"T\u00edtulo":{"('0216-S-2000', 0)":"QUITAR Y \/ O LIMPIAR LA PROPAGANDA POLITICA O PUBLICITARIA DE LOS LUGARES DONDE ESTA PROHIBIDO HACERLO, EN EL AMBITO DE LA CIUDAD DE BUENOS AIRES."},"('Firmantes', 'FIRMANTE')":{"('0216-S-2000', 0)":"BRAVO, LEOPOLDO"},"('Firmantes', 'DISTRITO')":{"('0216-S-2000', 0)":"SAN JUAN"},"('Firmantes', 'BLOQUE')":{"('0216-S-2000', 0)":"BLOQ SJ"},"('Tramites', 'C\u00c1MARA')":{"('0216-S-2000', 0)":"Senado"},"('Tramites', 'MOVIMIENTO')":{"('0216-S-2000', 0)":"CONSIDERACION Y APROBACION"},"('Tramites', 'FECHA')":{"('0216-S-2000', 0)":"10\/05\/2000"},"('Tramites', 'RESULTADO')":{"('0216-S-2000', 0)":"APROBADO"},"Sumario":{"('0216-S-2000', 0)":"SOLICITUD AL PODER EJECUTIVO NACIONAL, A TRAVES DEL ORGANISMO DE ENLACE QUE CORRESPONDA CON EL GOBIERNO AUTONOMO DE LA CIUDAD DE BUENOS AIRES."},"Palabra Clave":{"('0216-S-2000', 0)":" "}}