{"Tipo de Proyecto":{"('0216-OV-2000', 0)":"PROYECTO DE RESOLUCI\u00d3N"},"Iniciado en: ":{"('0216-OV-2000', 0)":"Senado"},"Expediente Senado: ":{"('0216-OV-2000', 0)":"0216-OV-2000"},"Fecha: ":{"('0216-OV-2000', 0)":"27\/09\/2002"},"T\u00edtulo":{"('0216-OV-2000', 0)":"DICTAMEN EN LA RESOLUCION REMITIDA POR LA AUDITORIA GENERAL DE LA NACION SOBRE LOS ESTADOS FINANCIEROS AL 31 DE DICIEMBRE DE 1999 DEL PROYECTO PNUD ARG\/97\/034 APOYO Y FORTALECIMIENTO A LA UNIDAD EJECUTORA DEL PROGRAMA MATERNO INFANTIL Y NUTRICION DE LA PROVINCIA DE BUENOS AIRES PARA LA EJECUCION DEL SUBPROYECTO BERAZATEGUI."},"('Firmantes', 'FIRMANTE')":{"('0216-OV-2000', 0)":"PARLAMENTARIA MIXTA REVISORA DE CUENTAS"},"('Firmantes', 'DISTRITO')":{"('0216-OV-2000', 0)":null},"('Firmantes', 'BLOQUE')":{"('0216-OV-2000', 0)":null},"('Tramites', 'C\u00c1MARA')":{"('0216-OV-2000', 0)":"Senado"},"('Tramites', 'MOVIMIENTO')":{"('0216-OV-2000', 0)":"CONSIDERACION Y APROBACION (AL ARCHIVO)"},"('Tramites', 'FECHA')":{"('0216-OV-2000', 0)":"23\/10\/2002"},"('Tramites', 'RESULTADO')":{"('0216-OV-2000', 0)":"ARCHIVADO"},"Sumario":{"('0216-OV-2000', 0)":"HABIENDO TOMADO CONOCIMIENTO DEL MISMO Y NO CONTENIENDO REQUERIMIENTOS DE ACCION SUBSISTENTES, SE ACONSEJA SU REMISION AL ARCHIVO."},"Palabra Clave":{"('0216-OV-2000', 0)":" "}}