{"Tipo de Proyecto":{"('0219-S-2000', 0)":"COMUNICACION"},"Iniciado en: ":{"('0219-S-2000', 0)":"Senado"},"Expediente Senado: ":{"('0219-S-2000', 0)":"0219-S-2000"},"Publicado en: ":{"('0219-S-2000', 0)":"Diario de Asuntos Entrados N\u00b0 12"},"Fecha: ":{"('0219-S-2000', 0)":"16\/03\/2000"},"T\u00edtulo":{"('0219-S-2000', 0)":"PEDIDO DE INFORMES: SOBRE EL TRASLADO DE LA DOCTORA MAGDALENA JACOBO DESDE LA COLONIA ABORIGEN DE LA LOCALIDAD DE MACHAGAI A QUITILIPI Y SI ELLO CONSTITUYE UN ACTO DE DISCRIMINACION."},"('Firmantes', 'FIRMANTE')":{"('0219-S-2000', 0)":"SAGER, HUGO ABEL"},"('Firmantes', 'DISTRITO')":{"('0219-S-2000', 0)":"CHACO"},"('Firmantes', 'BLOQUE')":{"('0219-S-2000', 0)":"JUSTICIALISTA"},"Sumario":{"('0219-S-2000', 0)":"SOLICITUD AL PODER EJECUTIVO NACIONAL A TRAVES DEL INSTITUTO NACIONAL CONTRA LA DISCRIMINACION, LA XENOFOBIA Y EL RACISMO."},"Palabra Clave":{"('0219-S-2000', 0)":" "}}