{"Tipo de Proyecto":{"('0220-S-2000', 0)":"PROYECTO DE LEY","('0220-S-2000', 1)":null,"('0220-S-2000', 2)":null},"Iniciado en: ":{"('0220-S-2000', 0)":"Senado","('0220-S-2000', 1)":null,"('0220-S-2000', 2)":null},"Expediente Diputados: ":{"('0220-S-2000', 0)":"0220-S-2000","('0220-S-2000', 1)":null,"('0220-S-2000', 2)":null},"Expediente Senado: ":{"('0220-S-2000', 0)":"2204-S-1999","('0220-S-2000', 1)":null,"('0220-S-2000', 2)":null},"Publicado en: ":{"('0220-S-2000', 0)":"Diario de Asuntos Entrados N\u00b0 140","('0220-S-2000', 1)":null,"('0220-S-2000', 2)":null},"Fecha: ":{"('0220-S-2000', 0)":"17\/12\/1999","('0220-S-2000', 1)":null,"('0220-S-2000', 2)":null},"T\u00edtulo":{"('0220-S-2000', 0)":"LEY 24449 DE TRANSITO: MODIFICACION.","('0220-S-2000', 1)":null,"('0220-S-2000', 2)":null},"('Firmantes', 'FIRMANTE')":{"('0220-S-2000', 0)":"OUDIN, ERNESTO RENE","('0220-S-2000', 1)":"LOSADA, MARIO A.","('0220-S-2000', 2)":null},"('Firmantes', 'DISTRITO')":{"('0220-S-2000', 0)":"MISIONES","('0220-S-2000', 1)":"MISIONES","('0220-S-2000', 2)":null},"('Firmantes', 'BLOQUE')":{"('0220-S-2000', 0)":"JUSTICIALISTA","('0220-S-2000', 1)":"UCR","('0220-S-2000', 2)":null},"('Giros', 'COMISI\u00d3N')":{"('0220-S-2000', 0)":"TURISMO","('0220-S-2000', 1)":"TRANSPORTES","('0220-S-2000', 2)":null},"('Tramites', 'C\u00c1MARA')":{"('0220-S-2000', 0)":"Senado","('0220-S-2000', 1)":"Senado","('0220-S-2000', 2)":"Diputados"},"('Tramites', 'MOVIMIENTO')":{"('0220-S-2000', 0)":"MOCION DE PREFERENCIA PARA LA PROXIMA SESION CON O SIN DICTAMEN (AFIRMATIVA)","('0220-S-2000', 1)":"CONSIDERACION Y APROBACION","('0220-S-2000', 2)":"PASA A DIPUTADOS - (TP 192\/2000)"},"('Tramites', 'FECHA')":{"('0220-S-2000', 0)":"29\/03\/2000","('0220-S-2000', 1)":"29\/11\/2000","('0220-S-2000', 2)":null},"('Tramites', 'RESULTADO')":{"('0220-S-2000', 0)":null,"('0220-S-2000', 1)":"MEDIA SANCION","('0220-S-2000', 2)":null},"Sumario":{"('0220-S-2000', 0)":"INCORPORACION DE UN ULTIMO PARRAFO AL ARTICULO 53 (REGIMEN ESPECIAL PARA EL TRANSPORTE TURISTICO EN AREAS DE FRONTERA).","('0220-S-2000', 1)":null,"('0220-S-2000', 2)":null},"Palabra Clave":{"('0220-S-2000', 0)":" ","('0220-S-2000', 1)":null,"('0220-S-2000', 2)":null}}