{"Tipo de Proyecto":{"('0221-S-2000', 0)":"PROYECTO DE LEY","('0221-S-2000', 1)":null,"('0221-S-2000', 2)":null},"Iniciado en: ":{"('0221-S-2000', 0)":"Senado","('0221-S-2000', 1)":null,"('0221-S-2000', 2)":null},"Expediente Diputados: ":{"('0221-S-2000', 0)":"0221-S-2000","('0221-S-2000', 1)":null,"('0221-S-2000', 2)":null},"Expediente Senado: ":{"('0221-S-2000', 0)":"2423-S-1999","('0221-S-2000', 1)":null,"('0221-S-2000', 2)":null},"Publicado en: ":{"('0221-S-2000', 0)":"Diario de Asuntos Entrados N\u00b0 158","('0221-S-2000', 1)":null,"('0221-S-2000', 2)":null},"Fecha: ":{"('0221-S-2000', 0)":"25\/02\/2000","('0221-S-2000', 1)":null,"('0221-S-2000', 2)":null},"T\u00edtulo":{"('0221-S-2000', 0)":"LEY DE HOMENAJE Y RECORDACION A LOS CAIDOS EN EL HUNDIMIENTO DEL 'CRUCERO GENERAL BELGRANO' DURANTE LA GUERRA EN LAS ISLAS MALVINAS.","('0221-S-2000', 1)":null,"('0221-S-2000', 2)":null},"('Firmantes', 'FIRMANTE')":{"('0221-S-2000', 0)":"GARCIA ARECHA, JOSE MARIA","('0221-S-2000', 1)":"LEON, LUIS A.","('0221-S-2000', 2)":null},"('Firmantes', 'DISTRITO')":{"('0221-S-2000', 0)":"CIUDAD de BUENOS AIRES","('0221-S-2000', 1)":"CHACO","('0221-S-2000', 2)":null},"('Firmantes', 'BLOQUE')":{"('0221-S-2000', 0)":"UCR","('0221-S-2000', 1)":"UCR","('0221-S-2000', 2)":null},"('Giros', 'COMISI\u00d3N')":{"('0221-S-2000', 0)":"DEFENSA DEL CONSUMIDOR","('0221-S-2000', 1)":"PRESUPUESTO Y HACIENDA","('0221-S-2000', 2)":null},"('Tramites', 'C\u00c1MARA')":{"('0221-S-2000', 0)":"Senado","('0221-S-2000', 1)":"Diputados","('0221-S-2000', 2)":"Diputados"},"('Tramites', 'MOVIMIENTO')":{"('0221-S-2000', 0)":"CONSIDERACION Y APROBACION","('0221-S-2000', 1)":"PASA A DIPUTADOS - (TP 192)","('0221-S-2000', 2)":"CONSIDERACION Y SANCION"},"('Tramites', 'FECHA')":{"('0221-S-2000', 0)":"29\/11\/2000","('0221-S-2000', 1)":null,"('0221-S-2000', 2)":"15\/08\/2001"},"('Tramites', 'RESULTADO')":{"('0221-S-2000', 0)":"MEDIA SANCION","('0221-S-2000', 1)":null,"('0221-S-2000', 2)":"SANCIONADO"},"Sumario":{"('0221-S-2000', 0)":"CONSTRUCCION DE UN MONOLITO Y PLACA CON LOS NOMBRES DE LOS CAIDOS.","('0221-S-2000', 1)":null,"('0221-S-2000', 2)":null},"Palabra Clave":{"('0221-S-2000', 0)":" ","('0221-S-2000', 1)":null,"('0221-S-2000', 2)":null}}