{"Tipo de Proyecto":{"('0222-S-2000', 0)":"PROYECTO DE LEY","('0222-S-2000', 1)":null},"Iniciado en: ":{"('0222-S-2000', 0)":"Senado","('0222-S-2000', 1)":null},"Expediente Diputados: ":{"('0222-S-2000', 0)":"0222-S-2000","('0222-S-2000', 1)":null},"Expediente Senado: ":{"('0222-S-2000', 0)":"0246-S-1999","('0222-S-2000', 1)":null},"Publicado en: ":{"('0222-S-2000', 0)":"Diario de Asuntos Entrados N\u00b0 13","('0222-S-2000', 1)":null},"Fecha: ":{"('0222-S-2000', 0)":"23\/03\/1999","('0222-S-2000', 1)":null},"T\u00edtulo":{"('0222-S-2000', 0)":"MODIFICACION A LA LEY 21799  (CARTA ORGANICA DEL BANCO DE LA NACION ARGENTINA).\n","('0222-S-2000', 1)":null},"('Firmantes', 'FIRMANTE')":{"('0222-S-2000', 0)":"LEON, LUIS A.","('0222-S-2000', 1)":null},"('Firmantes', 'DISTRITO')":{"('0222-S-2000', 0)":"CHACO","('0222-S-2000', 1)":null},"('Firmantes', 'BLOQUE')":{"('0222-S-2000', 0)":"UCR","('0222-S-2000', 1)":null},"('Giros', 'COMISI\u00d3N')":{"('0222-S-2000', 0)":"FINANZAS","('0222-S-2000', 1)":"PRESUPUESTO Y HACIENDA"},"('Tramites', 'C\u00c1MARA')":{"('0222-S-2000', 0)":"Senado","('0222-S-2000', 1)":"Diputados"},"('Tramites', 'MOVIMIENTO')":{"('0222-S-2000', 0)":"CONSIDERACION Y APROBACION","('0222-S-2000', 1)":"PASA A DIPUTADOS - (TP 192\/2000)"},"('Tramites', 'FECHA')":{"('0222-S-2000', 0)":"29\/11\/2000","('0222-S-2000', 1)":null},"('Tramites', 'RESULTADO')":{"('0222-S-2000', 0)":"MEDIA SANCION","('0222-S-2000', 1)":null},"Sumario":{"('0222-S-2000', 0)":"SE AGREGAN EL INCISO H) AL ARTICULO 3 (APOYO A LA ADMINISTRACION FEDERAL DE INGRESOS PUBLICOS EN LA ATENCION AL CONTRIBUYENTE Y LA PERCEPCION DE TRIBUTOS) Y EL ARTICULO 30 (APERTURA DE DELEGACIONES DE LA DIRECCION GENERAL IMPOSITIVA DEPENDIENTE DE LA AFIP EN EL INTERIOR).","('0222-S-2000', 1)":null},"Palabra Clave":{"('0222-S-2000', 0)":" ","('0222-S-2000', 1)":null}}