{"Tipo de Proyecto":{"('0224-S-2000', 0)":"COMUNICACION","('0224-S-2000', 1)":null},"Iniciado en: ":{"('0224-S-2000', 0)":"Senado","('0224-S-2000', 1)":null},"Expediente Senado: ":{"('0224-S-2000', 0)":"0224-S-2000","('0224-S-2000', 1)":null},"Publicado en: ":{"('0224-S-2000', 0)":"Diario de Asuntos Entrados N\u00b0 12","('0224-S-2000', 1)":null},"Fecha: ":{"('0224-S-2000', 0)":"16\/03\/2000","('0224-S-2000', 1)":null},"T\u00edtulo":{"('0224-S-2000', 0)":"PROMOCIONAR LA UTILIZACION DE OVEJAS EN LA ELIMINACION DE MALEZAS PERJUDICIALES PARA LOS CULTIVOS.","('0224-S-2000', 1)":null},"('Firmantes', 'FIRMANTE')":{"('0224-S-2000', 0)":"OUDIN, ERNESTO RENE","('0224-S-2000', 1)":null},"('Firmantes', 'DISTRITO')":{"('0224-S-2000', 0)":"MISIONES","('0224-S-2000', 1)":null},"('Firmantes', 'BLOQUE')":{"('0224-S-2000', 0)":"JUSTICIALISTA","('0224-S-2000', 1)":null},"('Tramites', 'C\u00c1MARA')":{"('0224-S-2000', 0)":"Senado","('0224-S-2000', 1)":"Senado"},"('Tramites', 'MOVIMIENTO')":{"('0224-S-2000', 0)":"CONSIDERACION Y APROBACION","('0224-S-2000', 1)":"CONTESTACION DEL PODER EJECUTIVO NACIONAL - (571-PE-00); GIRADA A LA COMISION RESPECTIVA"},"('Tramites', 'FECHA')":{"('0224-S-2000', 0)":"05\/07\/2000","('0224-S-2000', 1)":null},"('Tramites', 'RESULTADO')":{"('0224-S-2000', 0)":"APROBADO","('0224-S-2000', 1)":null},"Sumario":{"('0224-S-2000', 0)":"SOLICITUD AL PODER EJECUTIVO NACIONAL A TRAVES DE LA SECRETARIA DE AGRICULTURA, PESCA Y ALIMENTACION Y EL INSTITUTO NACIONAL DE TECNOLOGIA AGROPECUARIA.","('0224-S-2000', 1)":null},"Palabra Clave":{"('0224-S-2000', 0)":" ","('0224-S-2000', 1)":null}}