{"Tipo de Proyecto":{"('0226-S-2000', 0)":"PROYECTO DE LEY","('0226-S-2000', 1)":null,"('0226-S-2000', 2)":null},"Iniciado en: ":{"('0226-S-2000', 0)":"Senado","('0226-S-2000', 1)":null,"('0226-S-2000', 2)":null},"Expediente Diputados: ":{"('0226-S-2000', 0)":"0226-S-2000","('0226-S-2000', 1)":null,"('0226-S-2000', 2)":null},"Expediente Senado: ":{"('0226-S-2000', 0)":"0054-OV-2000","('0226-S-2000', 1)":null,"('0226-S-2000', 2)":null},"Fecha: ":{"('0226-S-2000', 0)":"15\/09\/2000","('0226-S-2000', 1)":null,"('0226-S-2000', 2)":null},"T\u00edtulo":{"('0226-S-2000', 0)":"CONCEDER AUTORIZACION PARA DESEMPE\u00d1AR CARGOS DE CONSULES Y VICECONSULES HONORARIOS, PROPUESTOS POR GOBIERNOS EXTRANJEROS SEGUN LO ESTABLECIDO EN LA LEY 23732.","('0226-S-2000', 1)":null,"('0226-S-2000', 2)":null},"('Firmantes', 'FIRMANTE')":{"('0226-S-2000', 0)":"ASUNTOS CONSTITUCIONALES","('0226-S-2000', 1)":null,"('0226-S-2000', 2)":null},"('Firmantes', 'DISTRITO')":{"('0226-S-2000', 0)":null,"('0226-S-2000', 1)":null,"('0226-S-2000', 2)":null},"('Firmantes', 'BLOQUE')":{"('0226-S-2000', 0)":null,"('0226-S-2000', 1)":null,"('0226-S-2000', 2)":null},"('Giros', 'COMISI\u00d3N')":{"('0226-S-2000', 0)":"RELACIONES EXTERIORES Y CULTO","('0226-S-2000', 1)":null,"('0226-S-2000', 2)":null},"('Tramites', 'C\u00c1MARA')":{"('0226-S-2000', 0)":"Senado","('0226-S-2000', 1)":"Diputados","('0226-S-2000', 2)":"Diputados"},"('Tramites', 'MOVIMIENTO')":{"('0226-S-2000', 0)":"CONSIDERACION Y APROBACION","('0226-S-2000', 1)":"PASA A DIPUTADOS - (TP 192\/2000)","('0226-S-2000', 2)":"CONSIDERACION Y SANCION"},"('Tramites', 'FECHA')":{"('0226-S-2000', 0)":"29\/11\/2000","('0226-S-2000', 1)":null,"('0226-S-2000', 2)":"20\/06\/2001"},"('Tramites', 'RESULTADO')":{"('0226-S-2000', 0)":"MEDIA SANCION","('0226-S-2000', 1)":null,"('0226-S-2000', 2)":"SANCIONADO"},"Sumario":{"('0226-S-2000', 0)":"A LOS CIUDADANOS: ABEL DIDIER DEL VALIO, PEDRO FERNANDEZ RODRIGUEZ, MIGUEL HUBER CEJAS, MARTA IRIARTE LEGNA, JUAN MENGUAL PEREZ (PAIS ESPA\u00d1A), EMILIO MAISONNAVE, MARIO VIGO LEGUIZAMON, JUAN EDUARDO TESONE (PAIS FRANCIA), PABLO POSANZINI Y CARLOS FELICE (PAIS ITALIA), ACORDE CON LAS CONSTANCIAS ENVIADAS POR EL MINISTERIO DE RELACIONES EXTERIORES, COMERCIO INTERNACIONAL Y CULTO.","('0226-S-2000', 1)":null,"('0226-S-2000', 2)":null},"Palabra Clave":{"('0226-S-2000', 0)":" ","('0226-S-2000', 1)":null,"('0226-S-2000', 2)":null}}