{"Tipo de Proyecto":{"('0228-S-2000', 0)":"MENSAJE NRO: 0544\/00 Y PROYECTO DE LEY","('0228-S-2000', 1)":null,"('0228-S-2000', 2)":null},"Iniciado en: ":{"('0228-S-2000', 0)":"Senado","('0228-S-2000', 1)":null,"('0228-S-2000', 2)":null},"Expediente Diputados: ":{"('0228-S-2000', 0)":"0228-S-2000","('0228-S-2000', 1)":null,"('0228-S-2000', 2)":null},"Expediente Senado: ":{"('0228-S-2000', 0)":"0206-PE-2000","('0228-S-2000', 1)":null,"('0228-S-2000', 2)":null},"Publicado en: ":{"('0228-S-2000', 0)":"Diario de Asuntos Entrados N\u00b0 79","('0228-S-2000', 1)":null,"('0228-S-2000', 2)":null},"Fecha: ":{"('0228-S-2000', 0)":"21\/07\/2000","('0228-S-2000', 1)":null,"('0228-S-2000', 2)":null},"T\u00edtulo":{"('0228-S-2000', 0)":"ACUERDO DE COOPERACION ECONOMICO COMERCIAL ENTRE EL GOBIERNO DE LA REPUBLICA ARGENTINA Y EL GOBIERNO DE LA REPUBLICA CHECA, SUSCRIPTO EN PRAGA, EL 21 DE DICIEMBRE DE 1999.","('0228-S-2000', 1)":null,"('0228-S-2000', 2)":null},"('Firmantes', 'FIRMANTE')":{"('0228-S-2000', 0)":"DE LA RUA, FERNANDO","('0228-S-2000', 1)":"TERRAGNO, RODOLFO HECTOR","('0228-S-2000', 2)":"RODRIGUEZ GIAVARINI, ADALBERTO"},"('Firmantes', 'DISTRITO')":{"('0228-S-2000', 0)":null,"('0228-S-2000', 1)":null,"('0228-S-2000', 2)":null},"('Firmantes', 'BLOQUE')":{"('0228-S-2000', 0)":"PODER EJECUTIVO","('0228-S-2000', 1)":"PODER EJECUTIVO","('0228-S-2000', 2)":"PODER EJECUTIVO"},"('Giros', 'COMISI\u00d3N')":{"('0228-S-2000', 0)":"RELACIONES EXTERIORES Y CULTO","('0228-S-2000', 1)":"COMERCIO","('0228-S-2000', 2)":null},"('Tramites', 'C\u00c1MARA')":{"('0228-S-2000', 0)":"Senado","('0228-S-2000', 1)":"Diputados","('0228-S-2000', 2)":"Diputados"},"('Tramites', 'MOVIMIENTO')":{"('0228-S-2000', 0)":"CONSIDERACION Y APROBACION","('0228-S-2000', 1)":"PASA A DIPUTADOS - (TP 192\/2000)","('0228-S-2000', 2)":"CONSIDERACION Y SANCION"},"('Tramites', 'FECHA')":{"('0228-S-2000', 0)":"29\/11\/2000","('0228-S-2000', 1)":null,"('0228-S-2000', 2)":"20\/06\/2001"},"('Tramites', 'RESULTADO')":{"('0228-S-2000', 0)":"MEDIA SANCION","('0228-S-2000', 1)":null,"('0228-S-2000', 2)":"SANCIONADO"},"Sumario":{"('0228-S-2000', 0)":"APROBACION DEL MISMO; ACOMPA\u00d1A FOTOCOPIA AUTENTICADA DEL ACUERDO.","('0228-S-2000', 1)":null,"('0228-S-2000', 2)":null},"Palabra Clave":{"('0228-S-2000', 0)":" ","('0228-S-2000', 1)":null,"('0228-S-2000', 2)":null}}