{"Tipo de Proyecto":{"('0229-S-2000', 0)":"PROYECTO DE DECLARACI\u00d3N"},"Iniciado en: ":{"('0229-S-2000', 0)":"Senado"},"Expediente Senado: ":{"('0229-S-2000', 0)":"0229-S-2000"},"Publicado en: ":{"('0229-S-2000', 0)":"Diario de Asuntos Entrados N\u00b0 12"},"Fecha: ":{"('0229-S-2000', 0)":"16\/03\/2000"},"T\u00edtulo":{"('0229-S-2000', 0)":"\"ENCUENTRO BINACIONAL ARGENTINA - CHILE\", ORGANIZADO POR LA REVISTA \"PANORAMA MINERO\", EL 27 DE ABRIL DE 2000, EN LA CIUDAD DE BUENOS AIRES."},"('Firmantes', 'FIRMANTE')":{"('0229-S-2000', 0)":"GIOJA, JOSE LUIS"},"('Firmantes', 'DISTRITO')":{"('0229-S-2000', 0)":"SAN JUAN"},"('Firmantes', 'BLOQUE')":{"('0229-S-2000', 0)":"JUSTICIALISTA"},"('Tramites', 'C\u00c1MARA')":{"('0229-S-2000', 0)":"Senado"},"('Tramites', 'MOVIMIENTO')":{"('0229-S-2000', 0)":"CONSIDERACION Y PASE AL ARCHIVO (EVENTO VENCIDO)"},"('Tramites', 'FECHA')":{"('0229-S-2000', 0)":null},"('Tramites', 'RESULTADO')":{"('0229-S-2000', 0)":"ARCHIVADO"},"Sumario":{"('0229-S-2000', 0)":"DECLARACION DE INTERES PARLAMENTARIO."},"Palabra Clave":{"('0229-S-2000', 0)":" "}}