{"Tipo de Proyecto":{"('0231-S-2000', 0)":"PROYECTO DE LEY","('0231-S-2000', 1)":null},"Iniciado en: ":{"('0231-S-2000', 0)":"Senado","('0231-S-2000', 1)":null},"Expediente Diputados: ":{"('0231-S-2000', 0)":"0231-S-2000","('0231-S-2000', 1)":null},"Expediente Senado: ":{"('0231-S-2000', 0)":"1458-S-2000","('0231-S-2000', 1)":null},"Publicado en: ":{"('0231-S-2000', 0)":"Diario de Asuntos Entrados N\u00b0 76","('0231-S-2000', 1)":null},"Fecha: ":{"('0231-S-2000', 0)":"13\/07\/2000","('0231-S-2000', 1)":null},"T\u00edtulo":{"('0231-S-2000', 0)":"COBERTURA SOCIAL PARA OSTOMIZADOS.","('0231-S-2000', 1)":null},"('Firmantes', 'FIRMANTE')":{"('0231-S-2000', 0)":"ROSTAN, NESTOR DANIEL","('0231-S-2000', 1)":null},"('Firmantes', 'DISTRITO')":{"('0231-S-2000', 0)":"LA PAMPA","('0231-S-2000', 1)":null},"('Firmantes', 'BLOQUE')":{"('0231-S-2000', 0)":"UCR","('0231-S-2000', 1)":null},"('Giros', 'COMISI\u00d3N')":{"('0231-S-2000', 0)":"ACCION SOCIAL Y SALUD PUBLICA","('0231-S-2000', 1)":"DEFENSA DEL CONSUMIDOR"},"('Tramites', 'C\u00c1MARA')":{"('0231-S-2000', 0)":"Senado","('0231-S-2000', 1)":"Diputados"},"('Tramites', 'MOVIMIENTO')":{"('0231-S-2000', 0)":"CONSIDERACION Y APROBACION","('0231-S-2000', 1)":"PASA A DIPUTADOS - (TP 192\/2000)"},"('Tramites', 'FECHA')":{"('0231-S-2000', 0)":"29\/11\/2000","('0231-S-2000', 1)":null},"('Tramites', 'RESULTADO')":{"('0231-S-2000', 0)":"MEDIA SANCION","('0231-S-2000', 1)":null},"Sumario":{"('0231-S-2000', 0)":"TODAS LAS OBRAS SOCIALES DEL SISTEMA NACIONAL Y LAS EMPRESAS O ENTIDADES DE MEDICINA PREPAGA DEBERAN INCLUIR EN SUS PLANES DE COBERTURA MEDICO ASISTENCIAL COMO PRESTACIONES OBLIGATORIAS LAS PROTESIS PARA OSTOMIAS Y LA COBERTURA PARA LOS TRATAMIENTOS MEDICOS PSICOLOGICOS Y FARMACOLOGICOS; SE APLICARAN POR INCUMPLIMIENTO LAS SANCIONES PREVISTAS EN LAS LEYES 23660 Y 23661.","('0231-S-2000', 1)":null},"Palabra Clave":{"('0231-S-2000', 0)":" ","('0231-S-2000', 1)":null}}