{"Tipo de Proyecto":{"('0233-S-2000', 0)":"PROYECTO DE LEY"},"Iniciado en: ":{"('0233-S-2000', 0)":"Senado"},"Expediente Senado: ":{"('0233-S-2000', 0)":"0233-S-2000"},"Publicado en: ":{"('0233-S-2000', 0)":"Diario de Asuntos Entrados N\u00b0 12"},"Fecha: ":{"('0233-S-2000', 0)":"16\/03\/2000"},"T\u00edtulo":{"('0233-S-2000', 0)":"SISTEMA NACIONAL DE SERVICIOS SOCIALES (REPRODUCCION DEL EXPEDIENTE 1759-S-95)."},"('Firmantes', 'FIRMANTE')":{"('0233-S-2000', 0)":"LOSADA, MARIO A."},"('Firmantes', 'DISTRITO')":{"('0233-S-2000', 0)":"MISIONES"},"('Firmantes', 'BLOQUE')":{"('0233-S-2000', 0)":"UCR"},"Sumario":{"('0233-S-2000', 0)":"OBJETO; TITULARES DE DERECHO; PROGRAMAS DE ACTUACION; CREACION DEL CONSEJO NACIONAL DE SERVICIOS SOCIALES: COMPOSICION, FUNCIONES; FINANCIACION."},"Palabra Clave":{"('0233-S-2000', 0)":" "}}