{"Tipo de Proyecto":{"('0237-S-2000', 0)":"PROYECTO DE LEY","('0237-S-2000', 1)":null},"Iniciado en: ":{"('0237-S-2000', 0)":"Senado","('0237-S-2000', 1)":null},"Expediente Diputados: ":{"('0237-S-2000', 0)":"0237-S-2000","('0237-S-2000', 1)":null},"Expediente Senado: ":{"('0237-S-2000', 0)":"1556-S-1999","('0237-S-2000', 1)":null},"Publicado en: ":{"('0237-S-2000', 0)":"Diario de Asuntos Entrados N\u00b0 95","('0237-S-2000', 1)":null},"Fecha: ":{"('0237-S-2000', 0)":"14\/09\/1999","('0237-S-2000', 1)":null},"T\u00edtulo":{"('0237-S-2000', 0)":"DECRETO LEY 17138\/57 RATIFICADO POR LEY 14467 (FUNCIONAMIENTO DEL INSTITUTO NACIONAL DE TECNOLOGIA INDUSTRIAL - INTI): MODIFICACIONES.","('0237-S-2000', 1)":null},"('Firmantes', 'FIRMANTE')":{"('0237-S-2000', 0)":"MOLINARI ROMERO, LUIS","('0237-S-2000', 1)":null},"('Firmantes', 'DISTRITO')":{"('0237-S-2000', 0)":"CORDOBA","('0237-S-2000', 1)":null},"('Firmantes', 'BLOQUE')":{"('0237-S-2000', 0)":"UCR","('0237-S-2000', 1)":null},"('Giros', 'COMISI\u00d3N')":{"('0237-S-2000', 0)":"INDUSTRIA","('0237-S-2000', 1)":"CIENCIA Y TECNOLOGIA"},"('Tramites', 'C\u00c1MARA')":{"('0237-S-2000', 0)":"Senado","('0237-S-2000', 1)":"Diputados"},"('Tramites', 'MOVIMIENTO')":{"('0237-S-2000', 0)":"CONSIDERACION Y APROBACION","('0237-S-2000', 1)":"PASA A DIPUTADOS - (TP 192\/2000)"},"('Tramites', 'FECHA')":{"('0237-S-2000', 0)":"29\/11\/2000","('0237-S-2000', 1)":null},"('Tramites', 'RESULTADO')":{"('0237-S-2000', 0)":"MEDIA SANCION","('0237-S-2000', 1)":null},"Sumario":{"('0237-S-2000', 0)":"MODIFICACION DE LOS ARTICULOS: 1 (OBJETO), 2 (FUNCIONES), 3 (INTEGRACION), 5 (COMISION ASESORA), 6 (ATRIBUCIONES DEL PRESIDENTE); DEROGACION DE LOS INCISOS B), G) Y J) DEL ARTICULO 4 Y DEL ARTICULO 13; REEMPLAZO DE LA DENOMINACION 'CENTROS DE INVESTIGACION' POR 'CENTROS DE INVESTIGACION Y DESARROLLO' EN TODOS LOS ARTICULOS.","('0237-S-2000', 1)":null},"Palabra Clave":{"('0237-S-2000', 0)":" ","('0237-S-2000', 1)":null}}