{"Tipo de Proyecto":{"('0241-S-2000', 0)":"PROYECTO DE RESOLUCI\u00d3N"},"Iniciado en: ":{"('0241-S-2000', 0)":"Senado"},"Expediente Senado: ":{"('0241-S-2000', 0)":"0241-S-2000"},"Publicado en: ":{"('0241-S-2000', 0)":"Diario de Asuntos Entrados N\u00b0 13"},"Fecha: ":{"('0241-S-2000', 0)":"20\/03\/2000"},"T\u00edtulo":{"('0241-S-2000', 0)":"ENCUENTRO NACIONAL DE DIRECTORES DE MUSEOS DEL A\u00d1O 2000, A REALIZARSE EL 7 Y 8 DE ABRIL DE 2000 EN VICENTE LOPEZ, PROVINCIA DE BUENOS AIRES."},"('Firmantes', 'FIRMANTE')":{"('0241-S-2000', 0)":"USANDIZAGA, HORACIO DANIEL"},"('Firmantes', 'DISTRITO')":{"('0241-S-2000', 0)":"SANTA FE"},"('Firmantes', 'BLOQUE')":{"('0241-S-2000', 0)":"UCR"},"('Tramites', 'C\u00c1MARA')":{"('0241-S-2000', 0)":"Senado"},"('Tramites', 'MOVIMIENTO')":{"('0241-S-2000', 0)":"CONSIDERACION Y APROBACION"},"('Tramites', 'FECHA')":{"('0241-S-2000', 0)":"17\/05\/2000"},"('Tramites', 'RESULTADO')":{"('0241-S-2000', 0)":"APROBADO"},"Sumario":{"('0241-S-2000', 0)":"DECLARARLO DE INTERES PARLAMENTARIO."},"Palabra Clave":{"('0241-S-2000', 0)":" "}}