{"Tipo de Proyecto":{"('0243-S-2000', 0)":"PROYECTO DE LEY"},"Iniciado en: ":{"('0243-S-2000', 0)":"Senado"},"Expediente Senado: ":{"('0243-S-2000', 0)":"0243-S-2000"},"Publicado en: ":{"('0243-S-2000', 0)":"Diario de Asuntos Entrados N\u00b0 13"},"Fecha: ":{"('0243-S-2000', 0)":"20\/03\/2000"},"T\u00edtulo":{"('0243-S-2000', 0)":"MODIFICACION A LA LEY 24481 (TO DECRETO 260\/96) DE PATENTES DE INVENCION Y MODELOS DE UTILIDAD."},"('Firmantes', 'FIRMANTE')":{"('0243-S-2000', 0)":"MAGLIETTI, ALBERTO RAMON"},"('Firmantes', 'DISTRITO')":{"('0243-S-2000', 0)":"FORMOSA"},"('Firmantes', 'BLOQUE')":{"('0243-S-2000', 0)":"UCR"},"Sumario":{"('0243-S-2000', 0)":"INCORPORACION DE LOS  ARTICULOS 41 BIS (EXPLOTACION DE LA INVENCION PATENTADA EN TERRITORIO NACIONAL) Y 41 TER (OBLIGACIONES DE LOS TITULARES DE LAS LICENCIAS VOLUNTARIAS O DE OTROS USOS DE LA PATENTE SIN AUTORIZACION DEL TITULAR); ELIMINACION DEL PRIMER PARRAFO DE LA REGLAMENTACION DEL ARTICULO 43."},"Palabra Clave":{"('0243-S-2000', 0)":" "}}