{"Tipo de Proyecto":{"('0247-S-2000', 0)":"PROYECTO DE DECLARACI\u00d3N"},"Iniciado en: ":{"('0247-S-2000', 0)":"Senado"},"Expediente Senado: ":{"('0247-S-2000', 0)":"0247-S-2000"},"Publicado en: ":{"('0247-S-2000', 0)":"Diario de Asuntos Entrados N\u00b0 13"},"Fecha: ":{"('0247-S-2000', 0)":"20\/03\/2000"},"T\u00edtulo":{"('0247-S-2000', 0)":"COMPETENCIA INTERESCOLAR DE VOLLEYBALL DENOMINADA 'PRIMAVERA 2000', A DESARROLLARSE EN CONCORDIA, PROVINCIA DE ENTRE RIOS DESDE ABRIL HASTA JULIO DE 2000."},"('Firmantes', 'FIRMANTE')":{"('0247-S-2000', 0)":"ALASINO, AUGUSTO JOSE M."},"('Firmantes', 'DISTRITO')":{"('0247-S-2000', 0)":"ENTRE RIOS"},"('Firmantes', 'BLOQUE')":{"('0247-S-2000', 0)":"JUSTICIALISTA"},"('Tramites', 'C\u00c1MARA')":{"('0247-S-2000', 0)":"Senado"},"('Tramites', 'MOVIMIENTO')":{"('0247-S-2000', 0)":"CONSIDERACION Y APROBACION CON MODIFICACIONES"},"('Tramites', 'FECHA')":{"('0247-S-2000', 0)":null},"('Tramites', 'RESULTADO')":{"('0247-S-2000', 0)":"APROBADO"},"Sumario":{"('0247-S-2000', 0)":"DECLARARLA DE INTERES CULTURAL Y DEPORTIVO."},"Palabra Clave":{"('0247-S-2000', 0)":" "}}