{"Tipo de Proyecto":{"('0249-S-2000', 0)":"PROYECTO DE LEY"},"Iniciado en: ":{"('0249-S-2000', 0)":"Senado"},"Expediente Senado: ":{"('0249-S-2000', 0)":"0249-S-2000"},"Publicado en: ":{"('0249-S-2000', 0)":"Diario de Asuntos Entrados N\u00b0 13"},"Fecha: ":{"('0249-S-2000', 0)":"20\/03\/2000"},"T\u00edtulo":{"('0249-S-2000', 0)":"CREACION DEL ENTE PARA LA PROMOCION DEL CONSUMO DE PESCADO ARGENTINO (EPROPESCA)."},"('Firmantes', 'FIRMANTE')":{"('0249-S-2000', 0)":"GAGLIARDI, EDGARDO JOSE"},"('Firmantes', 'DISTRITO')":{"('0249-S-2000', 0)":"RIO NEGRO"},"('Firmantes', 'BLOQUE')":{"('0249-S-2000', 0)":"UCR"},"Sumario":{"('0249-S-2000', 0)":"CARACTER DE ENTE DE DERECHO PUBLICO NO ESTATAL; OBJETIVO: CUMPLIMIENTO DE LA LEY FEDERAL DE PESCA 24922; FUNCIONES; AUTORIDADES: ASAMBLEA DE REPRESENTANTES; CREACION DEL FONDO DE PROMOCION PARA EL CONSUMO DE PESCADO ARGENTINO; AUTORIDAD DE APLICACION: SECRETARIA DE AGRICULTURA, GANADERIA, PESCA Y ALIMENTACION."},"Palabra Clave":{"('0249-S-2000', 0)":" "}}