{"Tipo de Proyecto":{"('0254-S-2000', 0)":"COMUNICACION","('0254-S-2000', 1)":null},"Iniciado en: ":{"('0254-S-2000', 0)":"Senado","('0254-S-2000', 1)":null},"Expediente Senado: ":{"('0254-S-2000', 0)":"0254-S-2000","('0254-S-2000', 1)":null},"Publicado en: ":{"('0254-S-2000', 0)":"Diario de Asuntos Entrados N\u00b0 13","('0254-S-2000', 1)":null},"Fecha: ":{"('0254-S-2000', 0)":"20\/03\/2000","('0254-S-2000', 1)":null},"T\u00edtulo":{"('0254-S-2000', 0)":"ENSANCHAMIENTO DE LA RUTA NACIONAL 11 EN LA PROVINCIA DE FORMOSA.","('0254-S-2000', 1)":null},"('Firmantes', 'FIRMANTE')":{"('0254-S-2000', 0)":"MAGLIETTI, ALBERTO RAMON","('0254-S-2000', 1)":null},"('Firmantes', 'DISTRITO')":{"('0254-S-2000', 0)":"FORMOSA","('0254-S-2000', 1)":null},"('Firmantes', 'BLOQUE')":{"('0254-S-2000', 0)":"UCR","('0254-S-2000', 1)":null},"('Tramites', 'C\u00c1MARA')":{"('0254-S-2000', 0)":"Senado","('0254-S-2000', 1)":"Senado"},"('Tramites', 'MOVIMIENTO')":{"('0254-S-2000', 0)":"CONSIDERACION Y APROBACION","('0254-S-2000', 1)":"CONTESTACION DEL PODER EJECUTIVO NACIONAL - (554-PE-00); GIRADA A LA COMISION RESPECTIVA"},"('Tramites', 'FECHA')":{"('0254-S-2000', 0)":"07\/06\/2000","('0254-S-2000', 1)":null},"('Tramites', 'RESULTADO')":{"('0254-S-2000', 0)":"APROBADO","('0254-S-2000', 1)":null},"Sumario":{"('0254-S-2000', 0)":"SOLICITUD AL PODER EJECUTIVO NACIONAL.","('0254-S-2000', 1)":null},"Palabra Clave":{"('0254-S-2000', 0)":" ","('0254-S-2000', 1)":null}}