{"Tipo de Proyecto":{"('0256-S-2000', 0)":"PROYECTO DE LEY"},"Iniciado en: ":{"('0256-S-2000', 0)":"Senado"},"Expediente Senado: ":{"('0256-S-2000', 0)":"0256-S-2000"},"Publicado en: ":{"('0256-S-2000', 0)":"Diario de Asuntos Entrados N\u00b0 13"},"Fecha: ":{"('0256-S-2000', 0)":"20\/03\/2000"},"T\u00edtulo":{"('0256-S-2000', 0)":"EXTENDER LOS ALCANCES DEL ARTICULO 1 DEL DECRETO 1562\/96 A LA CIUDAD DE ITUZAINGO, PROVINCIA DE CORRIENTES."},"('Firmantes', 'FIRMANTE')":{"('0256-S-2000', 0)":"PRUYAS, TOMAS RUBEN"},"('Firmantes', 'DISTRITO')":{"('0256-S-2000', 0)":"CORRIENTES"},"('Firmantes', 'BLOQUE')":{"('0256-S-2000', 0)":"JUSTICIALISTA"},"Sumario":{"('0256-S-2000', 0)":"ELEVAR EL VOLUMEN MENSUAL MENCIONADO EN EL ARTICULO 2 DEL DECRETO 1562\/96 A SEIS MILLONES DE LITROS; REGISTRO DE INSCRIPCION DE EXPENDEDORES BENEFICIADOS."},"Palabra Clave":{"('0256-S-2000', 0)":" "}}