{"Tipo de Proyecto":{"('0257-S-2000', 0)":"COMUNICACION","('0257-S-2000', 1)":null,"('0257-S-2000', 2)":null},"Iniciado en: ":{"('0257-S-2000', 0)":"Senado","('0257-S-2000', 1)":null,"('0257-S-2000', 2)":null},"Expediente Senado: ":{"('0257-S-2000', 0)":"0257-S-2000","('0257-S-2000', 1)":null,"('0257-S-2000', 2)":null},"Publicado en: ":{"('0257-S-2000', 0)":"Diario de Asuntos Entrados N\u00b0 13","('0257-S-2000', 1)":null,"('0257-S-2000', 2)":null},"Fecha: ":{"('0257-S-2000', 0)":"20\/03\/2000","('0257-S-2000', 1)":null,"('0257-S-2000', 2)":null},"T\u00edtulo":{"('0257-S-2000', 0)":"SUBSIDIO PARA EL HOSPITAL DOCTOR JOSE RAMON VIDAL DE LA CAPITAL DE LA PROVINCIA DE CORRIENTES.","('0257-S-2000', 1)":null,"('0257-S-2000', 2)":null},"('Firmantes', 'FIRMANTE')":{"('0257-S-2000', 0)":"PRUYAS, TOMAS RUBEN","('0257-S-2000', 1)":null,"('0257-S-2000', 2)":null},"('Firmantes', 'DISTRITO')":{"('0257-S-2000', 0)":"CORRIENTES","('0257-S-2000', 1)":null,"('0257-S-2000', 2)":null},"('Firmantes', 'BLOQUE')":{"('0257-S-2000', 0)":"JUSTICIALISTA","('0257-S-2000', 1)":null,"('0257-S-2000', 2)":null},"('Tramites', 'C\u00c1MARA')":{"('0257-S-2000', 0)":"Senado","('0257-S-2000', 1)":"Senado","('0257-S-2000', 2)":"Senado"},"('Tramites', 'MOVIMIENTO')":{"('0257-S-2000', 0)":"CONSIDERACION Y APROBACION","('0257-S-2000', 1)":"CONTESTACION DEL PODER EJECUTIVO NACIONAL - (400-PE-00); GIRADA A LA COMISION RESPECTIVA","('0257-S-2000', 2)":"CONTESTACION DEL PODER EJECUTIVO NACIONAL - (548-PE-00); GIRADA A LA COMISION RESPECTIVA"},"('Tramites', 'FECHA')":{"('0257-S-2000', 0)":"10\/05\/2000","('0257-S-2000', 1)":null,"('0257-S-2000', 2)":null},"('Tramites', 'RESULTADO')":{"('0257-S-2000', 0)":"APROBADO","('0257-S-2000', 1)":null,"('0257-S-2000', 2)":null},"Sumario":{"('0257-S-2000', 0)":"SOLICITUD AL PODER EJECUTIVO NACIONAL.","('0257-S-2000', 1)":null,"('0257-S-2000', 2)":null},"Palabra Clave":{"('0257-S-2000', 0)":" ","('0257-S-2000', 1)":null,"('0257-S-2000', 2)":null}}