{"Tipo de Proyecto":{"('0258-S-2000', 0)":"PROYECTO DE RESOLUCI\u00d3N","('0258-S-2000', 1)":null},"Iniciado en: ":{"('0258-S-2000', 0)":"Senado","('0258-S-2000', 1)":null},"Expediente Senado: ":{"('0258-S-2000', 0)":"0258-S-2000","('0258-S-2000', 1)":null},"Publicado en: ":{"('0258-S-2000', 0)":"Diario de Asuntos Entrados N\u00b0 13","('0258-S-2000', 1)":null},"Fecha: ":{"('0258-S-2000', 0)":"20\/03\/2000","('0258-S-2000', 1)":null},"T\u00edtulo":{"('0258-S-2000', 0)":"ACTIVIDADES CELEBRATORIAS DEL 438 ANIVERSARIO DE LA FUNDACION DE LA CIUDAD DE SAN JUAN DE LA FRONTERA, A REALIZARSE ENTRE EL 6 Y 16 DE JUNIO DE 2000 EN EL H SENADO DE LA NACION.","('0258-S-2000', 1)":null},"('Firmantes', 'FIRMANTE')":{"('0258-S-2000', 0)":"GIOJA, JOSE LUIS","('0258-S-2000', 1)":"BRAVO, LEOPOLDO"},"('Firmantes', 'DISTRITO')":{"('0258-S-2000', 0)":"SAN JUAN","('0258-S-2000', 1)":"SAN JUAN"},"('Firmantes', 'BLOQUE')":{"('0258-S-2000', 0)":"JUSTICIALISTA","('0258-S-2000', 1)":"BLOQ SJ"},"('Tramites', 'C\u00c1MARA')":{"('0258-S-2000', 0)":"Senado","('0258-S-2000', 1)":null},"('Tramites', 'MOVIMIENTO')":{"('0258-S-2000', 0)":"CONSIDERACION Y APROBACION","('0258-S-2000', 1)":null},"('Tramites', 'FECHA')":{"('0258-S-2000', 0)":"10\/05\/2000","('0258-S-2000', 1)":null},"('Tramites', 'RESULTADO')":{"('0258-S-2000', 0)":"APROBADO","('0258-S-2000', 1)":null},"Sumario":{"('0258-S-2000', 0)":"DECLARARLAS DE INTERES PARLAMENTARIO.","('0258-S-2000', 1)":null},"Palabra Clave":{"('0258-S-2000', 0)":" ","('0258-S-2000', 1)":null}}