{"Tipo de Proyecto":{"('0261-OV-2000', 0)":"PROYECTO DE RESOLUCI\u00d3N"},"Iniciado en: ":{"('0261-OV-2000', 0)":"Senado"},"Expediente Senado: ":{"('0261-OV-2000', 0)":"0261-OV-2000"},"Fecha: ":{"('0261-OV-2000', 0)":"24\/06\/2003"},"T\u00edtulo":{"('0261-OV-2000', 0)":"DICTAMEN EN LA RESOLUCION REMITIDA POR LA AUDITORIA GENERAL DE LA NACION SOBRE LA VERIFICACION DE LA REGULARIZACION DE LAS DEFICIENCIAS DETECTADAS EN LAS ACTIVIDADES DE CONTROL EFECTUADAS EN EL PERIODO 1997 EN EL AMBITO DE LA FACULTAD DE PSICOLOGIA, DEPENDIENTE DE LA UNIVERSIDAD NACIONAL DE BUENOS AIRES."},"('Firmantes', 'FIRMANTE')":{"('0261-OV-2000', 0)":"PARLAMENTARIA MIXTA REVISORA DE CUENTAS"},"('Firmantes', 'DISTRITO')":{"('0261-OV-2000', 0)":null},"('Firmantes', 'BLOQUE')":{"('0261-OV-2000', 0)":null},"('Tramites', 'C\u00c1MARA')":{"('0261-OV-2000', 0)":"Senado"},"('Tramites', 'MOVIMIENTO')":{"('0261-OV-2000', 0)":"CONSIDERACION Y APROBACION (AL ARCHIVO)"},"('Tramites', 'FECHA')":{"('0261-OV-2000', 0)":"02\/07\/2003"},"('Tramites', 'RESULTADO')":{"('0261-OV-2000', 0)":"ARCHIVADO"},"Sumario":{"('0261-OV-2000', 0)":"HABIENDO TOMADO CONOCIMIENTO DEL MISMO, SE ACONSEJA SU REMISION AL ARCHIVO."},"Palabra Clave":{"('0261-OV-2000', 0)":" "}}