{"Tipo de Proyecto":{"('0261-S-2000', 0)":"PROYECTO DE DECLARACI\u00d3N"},"Iniciado en: ":{"('0261-S-2000', 0)":"Senado"},"Expediente Senado: ":{"('0261-S-2000', 0)":"0261-S-2000"},"Publicado en: ":{"('0261-S-2000', 0)":"Diario de Asuntos Entrados N\u00b0 13"},"Fecha: ":{"('0261-S-2000', 0)":"20\/03\/2000"},"T\u00edtulo":{"('0261-S-2000', 0)":"5 EDICION DEL FESTIVAL EN HOMENAJE AL TEATRO INDEPENDIENTE A REALIZARSE EN SANTA FE DEL 28 DE MAYO AL 1 DE ABRIL DE 2000."},"('Firmantes', 'FIRMANTE')":{"('0261-S-2000', 0)":"DI PIETRO, ARTURO ROLANDO"},"('Firmantes', 'DISTRITO')":{"('0261-S-2000', 0)":"SANTA FE"},"('Firmantes', 'BLOQUE')":{"('0261-S-2000', 0)":"JUSTICIALISTA"},"('Tramites', 'C\u00c1MARA')":{"('0261-S-2000', 0)":"Senado"},"('Tramites', 'MOVIMIENTO')":{"('0261-S-2000', 0)":"CONSIDERACION Y PASE AL ARCHIVO (EVENTO VENCIDO)"},"('Tramites', 'FECHA')":{"('0261-S-2000', 0)":"10\/05\/2000"},"('Tramites', 'RESULTADO')":{"('0261-S-2000', 0)":"ARCHIVADO"},"Sumario":{"('0261-S-2000', 0)":"DECLARARLO DE INTERES PARA EL H SENADO."},"Palabra Clave":{"('0261-S-2000', 0)":" "}}