{"Tipo de Proyecto":{"('0262-OV-2000', 0)":"PROYECTO DE RESOLUCI\u00d3N"},"Iniciado en: ":{"('0262-OV-2000', 0)":"Senado"},"Expediente Senado: ":{"('0262-OV-2000', 0)":"0262-OV-2000"},"Fecha: ":{"('0262-OV-2000', 0)":"01\/10\/2002"},"T\u00edtulo":{"('0262-OV-2000', 0)":"DICTAMEN EN LAS RESOLUCIONES REMITIDAS POR LA AUDITORIA GENERAL DE LA NACION SOBRE LOS ESTADOS FINANCIEROS AL 31 DE DICIEMBRE DE 1999 (0262-OV-00) Y 31 DE DICIEMBRE DE 2000 (0344-OV-01), CORRESPONDIENTES AL PROYECTO PNUD ARG\/97\/16 APOYO Y FORTALECIMIENTO A LA UNIDAD EJECUTORA DEL PROGRAMA MATERNO INFANTIL Y NUTRICION DE LA PROVINCIA DE BUENOS AIRES."},"('Firmantes', 'FIRMANTE')":{"('0262-OV-2000', 0)":"PARLAMENTARIA MIXTA REVISORA DE CUENTAS"},"('Firmantes', 'DISTRITO')":{"('0262-OV-2000', 0)":null},"('Firmantes', 'BLOQUE')":{"('0262-OV-2000', 0)":null},"('Tramites', 'C\u00c1MARA')":{"('0262-OV-2000', 0)":"Senado"},"('Tramites', 'MOVIMIENTO')":{"('0262-OV-2000', 0)":"CONSIDERACION Y APROBACION (AL ARCHIVO)"},"('Tramites', 'FECHA')":{"('0262-OV-2000', 0)":"23\/10\/2002"},"('Tramites', 'RESULTADO')":{"('0262-OV-2000', 0)":"ARCHIVADO"},"Sumario":{"('0262-OV-2000', 0)":"HABIENDO TOMADO CONOCIMIENTO DE LOS MISMOS Y NO CONTENIENDO REQUERIMIENTOS DE ACCION SUBSISTENTES, SE ACONSEJA SU REMISION AL ARCHIVO."},"Palabra Clave":{"('0262-OV-2000', 0)":" "}}