{"Tipo de Proyecto":{"('0272-D-2000', 0)":"PROYECTO DE RESOLUCI\u00d3N","('0272-D-2000', 1)":null},"Iniciado en: ":{"('0272-D-2000', 0)":"Diputados","('0272-D-2000', 1)":null},"Expediente Diputados: ":{"('0272-D-2000', 0)":"0272-D-2000","('0272-D-2000', 1)":null},"Publicado en: ":{"('0272-D-2000', 0)":"Tr\u00e1mite Parlamentario N\u00b0 2","('0272-D-2000', 1)":null},"Fecha: ":{"('0272-D-2000', 0)":"02\/03\/2000","('0272-D-2000', 1)":null},"T\u00edtulo":{"('0272-D-2000', 0)":"PEDIDO DE INFORMES: SOBRE LA MODIFICACION DE LOS CONTRATOS DE CONCESION DE SERVICIOS PUBLICOS A EMPRESAS PRIVADAS PARA INCORPORAR EN LOS ORGANOS DE CONTROL A REPRESENTANTES DE LOS CONSUMIDORES Y USUARIOS, Y OTRAS CUESTIONES CONEXAS.","('0272-D-2000', 1)":null},"('Firmantes', 'FIRMANTE')":{"('0272-D-2000', 0)":"ATANASOF, ALFREDO NESTOR","('0272-D-2000', 1)":null},"('Firmantes', 'DISTRITO')":{"('0272-D-2000', 0)":"BUENOS AIRES","('0272-D-2000', 1)":null},"('Firmantes', 'BLOQUE')":{"('0272-D-2000', 0)":"JUSTICIALISTA","('0272-D-2000', 1)":null},"('Giros', 'COMISI\u00d3N')":{"('0272-D-2000', 0)":"OBRAS PUBLICAS","('0272-D-2000', 1)":"DEFENSA DEL CONSUMIDOR"},"Sumario":{"('0272-D-2000', 0)":"SOLICITUD AL PODER EJECUTIVO NACIONAL.","('0272-D-2000', 1)":null},"Palabra Clave":{"('0272-D-2000', 0)":" ","('0272-D-2000', 1)":null}}