{"Tipo de Proyecto":{"('0275-D-2000', 0)":"PROYECTO DE RESOLUCI\u00d3N","('0275-D-2000', 1)":null},"Iniciado en: ":{"('0275-D-2000', 0)":"Diputados","('0275-D-2000', 1)":null},"Expediente Diputados: ":{"('0275-D-2000', 0)":"0275-D-2000","('0275-D-2000', 1)":null},"Publicado en: ":{"('0275-D-2000', 0)":"Tr\u00e1mite Parlamentario N\u00b0 2","('0275-D-2000', 1)":null},"Fecha: ":{"('0275-D-2000', 0)":"02\/03\/2000","('0275-D-2000', 1)":null},"T\u00edtulo":{"('0275-D-2000', 0)":"PEDIDO DE INFORMES: SOBRE LA NECESIDAD DE IMPLEMENTACION DE UN MEDIO DE TRANSPORTE COMO EL DENOMINADO 'TREN TRANSPATAGONICO', DESTINADO A LOS HABITANTES DE LAS PROVINCIAS MAS AUSTRALES DEL PAIS.","('0275-D-2000', 1)":null},"('Firmantes', 'FIRMANTE')":{"('0275-D-2000', 0)":"ATANASOF, ALFREDO NESTOR","('0275-D-2000', 1)":null},"('Firmantes', 'DISTRITO')":{"('0275-D-2000', 0)":"BUENOS AIRES","('0275-D-2000', 1)":null},"('Firmantes', 'BLOQUE')":{"('0275-D-2000', 0)":"JUSTICIALISTA","('0275-D-2000', 1)":null},"('Giros', 'COMISI\u00d3N')":{"('0275-D-2000', 0)":"TRANSPORTES","('0275-D-2000', 1)":"ECONOMIAS Y DESARROLLO REGIONAL"},"Sumario":{"('0275-D-2000', 0)":"SOLICITUD AL PODER EJECUTIVO NACIONAL.","('0275-D-2000', 1)":null},"Palabra Clave":{"('0275-D-2000', 0)":" ","('0275-D-2000', 1)":null}}