{"Tipo de Proyecto":{"('0275-OV-2000', 0)":"PROYECTO DE RESOLUCI\u00d3N","('0275-OV-2000', 1)":null},"Iniciado en: ":{"('0275-OV-2000', 0)":"Senado","('0275-OV-2000', 1)":null},"Expediente Senado: ":{"('0275-OV-2000', 0)":"0275-OV-2000","('0275-OV-2000', 1)":null},"Fecha: ":{"('0275-OV-2000', 0)":"07\/09\/2000","('0275-OV-2000', 1)":null},"T\u00edtulo":{"('0275-OV-2000', 0)":"HACER SABER AL SE\u00d1OR JUEZ A CARGO DEL JUZGADO NACIONAL EN LO CRIMINAL Y CORRECCIONAL FEDERAL NUMERO 3, DOCTOR CARLOS LIPORACI, QUE NO EXISTE IMPEDIMENTO CONSTITUCIONAL ALGUNO QUE OBSTE A QUE PRESTEN DECLARACION INDAGATORIA LOS SE\u00d1ORES SENADORES REQUERIDOS EN LOS AUTOS \"NN S\/ COHECHO, DEN. IGLESIAS, JUAN CARLOS\".","('0275-OV-2000', 1)":null},"('Firmantes', 'FIRMANTE')":{"('0275-OV-2000', 0)":"ASUNTOS CONSTITUCIONALES","('0275-OV-2000', 1)":null},"('Firmantes', 'DISTRITO')":{"('0275-OV-2000', 0)":null,"('0275-OV-2000', 1)":null},"('Firmantes', 'BLOQUE')":{"('0275-OV-2000', 0)":null,"('0275-OV-2000', 1)":null},"('Tramites', 'C\u00c1MARA')":{"('0275-OV-2000', 0)":"Senado","('0275-OV-2000', 1)":"Senado"},"('Tramites', 'MOVIMIENTO')":{"('0275-OV-2000', 0)":"MOCION SOBRE TABLAS (AFIRMATIVA)","('0275-OV-2000', 1)":"CONSIDERACION Y APROBACION"},"('Tramites', 'FECHA')":{"('0275-OV-2000', 0)":"07\/09\/2000","('0275-OV-2000', 1)":"07\/09\/2000"},"('Tramites', 'RESULTADO')":{"('0275-OV-2000', 0)":null,"('0275-OV-2000', 1)":"APROBADO"},"Link":{"('0275-OV-2000', 0)":"http:\/\/www.senado.gov.ar\/parlamentario\/comisiones\/verExp\/275.00\/OV\/PR","('0275-OV-2000', 1)":null},"Palabra Clave":{"('0275-OV-2000', 0)":" ","('0275-OV-2000', 1)":null}}