{"Tipo de Proyecto":{"('0276-S-2000', 0)":"PROYECTO DE DECLARACI\u00d3N"},"Iniciado en: ":{"('0276-S-2000', 0)":"Senado"},"Expediente Senado: ":{"('0276-S-2000', 0)":"0276-S-2000"},"Publicado en: ":{"('0276-S-2000', 0)":"Diario de Asuntos Entrados N\u00b0 14"},"Fecha: ":{"('0276-S-2000', 0)":"21\/03\/2000"},"T\u00edtulo":{"('0276-S-2000', 0)":"GALARDONES CON QUE FUERAN DISTINGUIDOS LOS ESCRITORES SALTE\u00d1OS HECTOR ANTONIO CABOT, CARLOS ROBLES, GERALDINE PALAVECINO Y LUISA ROSA DE VILLADA DURANTE EL A\u00d1O 1999."},"('Firmantes', 'FIRMANTE')":{"('0276-S-2000', 0)":"CANTARERO, EMILIO MARCELO"},"('Firmantes', 'DISTRITO')":{"('0276-S-2000', 0)":"SALTA"},"('Firmantes', 'BLOQUE')":{"('0276-S-2000', 0)":"JUSTICIALISTA"},"Sumario":{"('0276-S-2000', 0)":"EXPRESION DE BENEPLACITO."},"Palabra Clave":{"('0276-S-2000', 0)":" "}}