{"Tipo de Proyecto":{"('0277-S-2000', 0)":"COMUNICACION","('0277-S-2000', 1)":null},"Iniciado en: ":{"('0277-S-2000', 0)":"Senado","('0277-S-2000', 1)":null},"Expediente Senado: ":{"('0277-S-2000', 0)":"0277-S-2000","('0277-S-2000', 1)":null},"Publicado en: ":{"('0277-S-2000', 0)":"Diario de Asuntos Entrados N\u00b0 14","('0277-S-2000', 1)":null},"Fecha: ":{"('0277-S-2000', 0)":"21\/03\/2000","('0277-S-2000', 1)":null},"T\u00edtulo":{"('0277-S-2000', 0)":"PEDIDO DE INFORMES: SOBRE LA ASIGNACION DE FONDOS PARA PLANES Y PROGRAMAS DE SALUD EN LA PROVINCIA DE SALTA.","('0277-S-2000', 1)":null},"('Firmantes', 'FIRMANTE')":{"('0277-S-2000', 0)":"CANTARERO, EMILIO MARCELO","('0277-S-2000', 1)":null},"('Firmantes', 'DISTRITO')":{"('0277-S-2000', 0)":"SALTA","('0277-S-2000', 1)":null},"('Firmantes', 'BLOQUE')":{"('0277-S-2000', 0)":"JUSTICIALISTA","('0277-S-2000', 1)":null},"('Tramites', 'C\u00c1MARA')":{"('0277-S-2000', 0)":"Senado","('0277-S-2000', 1)":"Senado"},"('Tramites', 'MOVIMIENTO')":{"('0277-S-2000', 0)":"CONSIDERACION Y APROBACION","('0277-S-2000', 1)":"CONTESTACION DEL PODER EJECUTIVO NACIONAL - (452-PE-00); GIRADA A LA COMISION RESPECTIVA"},"('Tramites', 'FECHA')":{"('0277-S-2000', 0)":"10\/05\/2000","('0277-S-2000', 1)":null},"('Tramites', 'RESULTADO')":{"('0277-S-2000', 0)":"APROBADO","('0277-S-2000', 1)":null},"Sumario":{"('0277-S-2000', 0)":"SOLICITUD AL PODER EJECUTIVO NACIONAL.","('0277-S-2000', 1)":null},"Palabra Clave":{"('0277-S-2000', 0)":" ","('0277-S-2000', 1)":null}}