{"Tipo de Proyecto":{"('0278-D-2000', 0)":"PROYECTO DE RESOLUCI\u00d3N","('0278-D-2000', 1)":null},"Iniciado en: ":{"('0278-D-2000', 0)":"Diputados","('0278-D-2000', 1)":null},"Expediente Diputados: ":{"('0278-D-2000', 0)":"0278-D-2000","('0278-D-2000', 1)":null},"Publicado en: ":{"('0278-D-2000', 0)":"Tr\u00e1mite Parlamentario N\u00b0 2","('0278-D-2000', 1)":null},"Fecha: ":{"('0278-D-2000', 0)":"02\/03\/2000","('0278-D-2000', 1)":null},"T\u00edtulo":{"('0278-D-2000', 0)":"PEDIDO DE INFORMES: SOBRE UN INFORME ELABORADO POR LA ASOCIACION CIVIL 'LUCHEMOS POR LA VIDA' EN EL CUAL SE INDICA UN ALARMANTE INDICE DE ACCIDENTES DE TRANSITO REGISTRADOS EN EL A\u00d1O 1998, Y OTRAS CUESTIONES CONEXAS. ","('0278-D-2000', 1)":null},"('Firmantes', 'FIRMANTE')":{"('0278-D-2000', 0)":"ATANASOF, ALFREDO NESTOR","('0278-D-2000', 1)":null},"('Firmantes', 'DISTRITO')":{"('0278-D-2000', 0)":"BUENOS AIRES","('0278-D-2000', 1)":null},"('Firmantes', 'BLOQUE')":{"('0278-D-2000', 0)":"JUSTICIALISTA","('0278-D-2000', 1)":null},"('Giros', 'COMISI\u00d3N')":{"('0278-D-2000', 0)":"TRANSPORTES","('0278-D-2000', 1)":"SEGURIDAD INTERIOR"},"('Tramites', 'C\u00c1MARA')":{"('0278-D-2000', 0)":"Diputados","('0278-D-2000', 1)":null},"('Tramites', 'MOVIMIENTO')":{"('0278-D-2000', 0)":"CONSIDERACION Y APROBACION","('0278-D-2000', 1)":null},"('Tramites', 'FECHA')":{"('0278-D-2000', 0)":"15\/06\/2000","('0278-D-2000', 1)":null},"('Tramites', 'RESULTADO')":{"('0278-D-2000', 0)":"APROBADO","('0278-D-2000', 1)":null},"Sumario":{"('0278-D-2000', 0)":"SOLICITUD AL PODER EJECUTIVO NACIONAL.","('0278-D-2000', 1)":null},"Palabra Clave":{"('0278-D-2000', 0)":" ","('0278-D-2000', 1)":null}}