{"Tipo de Proyecto":{"('0279-S-2000', 0)":"COMUNICACION"},"Iniciado en: ":{"('0279-S-2000', 0)":"Senado"},"Expediente Senado: ":{"('0279-S-2000', 0)":"0279-S-2000"},"Publicado en: ":{"('0279-S-2000', 0)":"Diario de Asuntos Entrados N\u00b0 14"},"Fecha: ":{"('0279-S-2000', 0)":"21\/03\/2000"},"T\u00edtulo":{"('0279-S-2000', 0)":"AGILIZAR LA ENTREGA DE DNI EN LA PROVINCIA DE SALTA."},"('Firmantes', 'FIRMANTE')":{"('0279-S-2000', 0)":"CANTARERO, EMILIO MARCELO"},"('Firmantes', 'DISTRITO')":{"('0279-S-2000', 0)":"SALTA"},"('Firmantes', 'BLOQUE')":{"('0279-S-2000', 0)":"JUSTICIALISTA"},"Sumario":{"('0279-S-2000', 0)":"SOLICITUD AL PODER EJECUTIVO NACIONAL."},"Palabra Clave":{"('0279-S-2000', 0)":" "}}