{"Tipo de Proyecto":{"('0280-D-2000', 0)":"PROYECTO DE RESOLUCI\u00d3N"},"Iniciado en: ":{"('0280-D-2000', 0)":"Diputados"},"Expediente Diputados: ":{"('0280-D-2000', 0)":"0280-D-2000"},"Publicado en: ":{"('0280-D-2000', 0)":"Tr\u00e1mite Parlamentario N\u00b0 2"},"Fecha: ":{"('0280-D-2000', 0)":"02\/03\/2000"},"T\u00edtulo":{"('0280-D-2000', 0)":"PEDIDO DE INFORMES: SOBRE LA ENCUESTA PROVINCIAL DE SALUD REALIZADA EN LA PROVINCIA DE BUENOS AIRES."},"('Firmantes', 'FIRMANTE')":{"('0280-D-2000', 0)":"ATANASOF, ALFREDO NESTOR"},"('Firmantes', 'DISTRITO')":{"('0280-D-2000', 0)":"BUENOS AIRES"},"('Firmantes', 'BLOQUE')":{"('0280-D-2000', 0)":"JUSTICIALISTA"},"('Giros', 'COMISI\u00d3N')":{"('0280-D-2000', 0)":"ACCION SOCIAL Y SALUD PUBLICA"},"('Tramites', 'C\u00c1MARA')":{"('0280-D-2000', 0)":"Diputados"},"('Tramites', 'MOVIMIENTO')":{"('0280-D-2000', 0)":"CONSIDERACION Y APROBACION"},"('Tramites', 'FECHA')":{"('0280-D-2000', 0)":"06\/07\/2000"},"('Tramites', 'RESULTADO')":{"('0280-D-2000', 0)":"APROBADO"},"Sumario":{"('0280-D-2000', 0)":"SOLICITUD AL PODER EJECUTIVO NACIONAL."},"Palabra Clave":{"('0280-D-2000', 0)":" "}}