{"Tipo de Proyecto":{"('0282-PE-2000', 0)":"MENSAJE NRO: 0816\/00","('0282-PE-2000', 1)":null},"Iniciado en: ":{"('0282-PE-2000', 0)":"Senado","('0282-PE-2000', 1)":null},"Expediente Senado: ":{"('0282-PE-2000', 0)":"0282-PE-2000","('0282-PE-2000', 1)":null},"Publicado en: ":{"('0282-PE-2000', 0)":"DAE S.A. N\u00b0 5","('0282-PE-2000', 1)":null},"Fecha: ":{"('0282-PE-2000', 0)":"21\/09\/2000","('0282-PE-2000', 1)":null},"T\u00edtulo":{"('0282-PE-2000', 0)":"SOLICITAR ACUERDO PARA NOMBRAR DEFENSORA OFICIAL ANTE LA CORTE SUPREMA DE JUSTICIA DE LA NACION.","('0282-PE-2000', 1)":null},"('Firmantes', 'FIRMANTE')":{"('0282-PE-2000', 0)":"DE LA RUA, FERNANDO","('0282-PE-2000', 1)":"GIL LAVEDRA, RICARDO RODOLFO"},"('Firmantes', 'DISTRITO')":{"('0282-PE-2000', 0)":null,"('0282-PE-2000', 1)":null},"('Firmantes', 'BLOQUE')":{"('0282-PE-2000', 0)":"PODER EJECUTIVO","('0282-PE-2000', 1)":"PODER EJECUTIVO"},"('Tramites', 'C\u00c1MARA')":{"('0282-PE-2000', 0)":"Senado","('0282-PE-2000', 1)":null},"('Tramites', 'MOVIMIENTO')":{"('0282-PE-2000', 0)":"CONSIDERACION Y APROBACION","('0282-PE-2000', 1)":null},"('Tramites', 'FECHA')":{"('0282-PE-2000', 0)":"09\/05\/2001","('0282-PE-2000', 1)":null},"('Tramites', 'RESULTADO')":{"('0282-PE-2000', 0)":"APROBADO","('0282-PE-2000', 1)":null},"Sumario":{"('0282-PE-2000', 0)":"A LA DOCTORA STELLA MARIS MARTINEZ","('0282-PE-2000', 1)":null},"Palabra Clave":{"('0282-PE-2000', 0)":" ","('0282-PE-2000', 1)":null}}