{"Tipo de Proyecto":{"('0282-S-2000', 0)":"PROYECTO DE DECLARACI\u00d3N","('0282-S-2000', 1)":null,"('0282-S-2000', 2)":null},"Iniciado en: ":{"('0282-S-2000', 0)":"Senado","('0282-S-2000', 1)":null,"('0282-S-2000', 2)":null},"Expediente Senado: ":{"('0282-S-2000', 0)":"0282-S-2000","('0282-S-2000', 1)":null,"('0282-S-2000', 2)":null},"Publicado en: ":{"('0282-S-2000', 0)":"Diario de Asuntos Entrados N\u00b0 14","('0282-S-2000', 1)":null,"('0282-S-2000', 2)":null},"Fecha: ":{"('0282-S-2000', 0)":"21\/03\/2000","('0282-S-2000', 1)":null,"('0282-S-2000', 2)":null},"T\u00edtulo":{"('0282-S-2000', 0)":"CAIDA DE UN HELICOPTERO DE LA PREFECTURA NAVAL ARGENTINA EN PUERTO DESEADO, PROVINCIA DE SANTA CRUZ.","('0282-S-2000', 1)":null,"('0282-S-2000', 2)":null},"('Firmantes', 'FIRMANTE')":{"('0282-S-2000', 0)":"ARNOLD, EDUARDO ARIEL","('0282-S-2000', 1)":"ALTUNA, JUAN CARLOS","('0282-S-2000', 2)":"MELGAREJO, JUAN IGNACIO"},"('Firmantes', 'DISTRITO')":{"('0282-S-2000', 0)":"SANTA CRUZ","('0282-S-2000', 1)":"CHUBUT","('0282-S-2000', 2)":"SANTA CRUZ"},"('Firmantes', 'BLOQUE')":{"('0282-S-2000', 0)":"JUSTICIALISTA","('0282-S-2000', 1)":"UCR","('0282-S-2000', 2)":"UCR"},"('Tramites', 'C\u00c1MARA')":{"('0282-S-2000', 0)":"Senado","('0282-S-2000', 1)":"Senado","('0282-S-2000', 2)":null},"('Tramites', 'MOVIMIENTO')":{"('0282-S-2000', 0)":"MOCION SOBRE TABLAS (AFIRMATIVA)","('0282-S-2000', 1)":"CONSIDERACION Y APROBACION","('0282-S-2000', 2)":null},"('Tramites', 'FECHA')":{"('0282-S-2000', 0)":"22\/03\/2000","('0282-S-2000', 1)":"22\/03\/2000","('0282-S-2000', 2)":null},"('Tramites', 'RESULTADO')":{"('0282-S-2000', 0)":null,"('0282-S-2000', 1)":"APROBADO","('0282-S-2000', 2)":null},"Sumario":{"('0282-S-2000', 0)":"EXPRESION DE PESAR.","('0282-S-2000', 1)":null,"('0282-S-2000', 2)":null},"Palabra Clave":{"('0282-S-2000', 0)":" ","('0282-S-2000', 1)":null,"('0282-S-2000', 2)":null}}