{"Tipo de Proyecto":{"('0285-S-2000', 0)":"PROYECTO DE DECLARACI\u00d3N"},"Iniciado en: ":{"('0285-S-2000', 0)":"Senado"},"Expediente Senado: ":{"('0285-S-2000', 0)":"0285-S-2000"},"Publicado en: ":{"('0285-S-2000', 0)":"Diario de Asuntos Entrados N\u00b0 14"},"Fecha: ":{"('0285-S-2000', 0)":"21\/03\/2000"},"T\u00edtulo":{"('0285-S-2000', 0)":"EXCELENTE PERFORMANCE DE LOS ALUMNOS DE LA ESCUELA 380 DE LA LOCALIDAD DE SAN VICENTE, PROVINCIA DE CORRIENTES. "},"('Firmantes', 'FIRMANTE')":{"('0285-S-2000', 0)":"OUDIN, ERNESTO RENE"},"('Firmantes', 'DISTRITO')":{"('0285-S-2000', 0)":"MISIONES"},"('Firmantes', 'BLOQUE')":{"('0285-S-2000', 0)":"JUSTICIALISTA"},"('Tramites', 'C\u00c1MARA')":{"('0285-S-2000', 0)":"Senado"},"('Tramites', 'MOVIMIENTO')":{"('0285-S-2000', 0)":"CONSIDERACION Y APROBACION"},"('Tramites', 'FECHA')":{"('0285-S-2000', 0)":"21\/06\/2000"},"('Tramites', 'RESULTADO')":{"('0285-S-2000', 0)":"APROBADO"},"Sumario":{"('0285-S-2000', 0)":"EXPRESION DE BENEPLACITO."},"Palabra Clave":{"('0285-S-2000', 0)":" "}}