{"Tipo de Proyecto":{"('0285-D-2000', 0)":"PROYECTO DE LEY","('0285-D-2000', 1)":null},"Iniciado en: ":{"('0285-D-2000', 0)":"Diputados","('0285-D-2000', 1)":null},"Expediente Diputados: ":{"('0285-D-2000', 0)":"0285-D-2000","('0285-D-2000', 1)":null},"Publicado en: ":{"('0285-D-2000', 0)":"Tr\u00e1mite Parlamentario N\u00b0 2","('0285-D-2000', 1)":null},"Fecha: ":{"('0285-D-2000', 0)":"02\/03\/2000","('0285-D-2000', 1)":null},"T\u00edtulo":{"('0285-D-2000', 0)":"LEY DE FORMACION PROFESIONAL.","('0285-D-2000', 1)":null},"('Firmantes', 'FIRMANTE')":{"('0285-D-2000', 0)":"ATANASOF, ALFREDO NESTOR","('0285-D-2000', 1)":null},"('Firmantes', 'DISTRITO')":{"('0285-D-2000', 0)":"BUENOS AIRES","('0285-D-2000', 1)":null},"('Firmantes', 'BLOQUE')":{"('0285-D-2000', 0)":"JUSTICIALISTA","('0285-D-2000', 1)":null},"('Giros', 'COMISI\u00d3N')":{"('0285-D-2000', 0)":"LEGISLACION DEL TRABAJO","('0285-D-2000', 1)":"EDUCACION"},"Sumario":{"('0285-D-2000', 0)":"DECLARACION DE INTERES NACIONAL; CREACION DEL SISTEMA FEDERAL DE FORMACION PROFESIONAL; CREACION DEL CONSEJO NACIONAL DE FORMACION PROFESIONAL, CON CARACTER AUTONOMO: INTEGRACION, MISION, FUNCIONES; EL CNFP SERA AUTORIDAD DE APLICACION DEL REGIMEN DE CONTRATO ESPECIAL DE TRABAJO (LEY 24465); SUPERVISION, CERTIFICACION Y COORDINACION DE ACCIONES DE FORMACION PROFESIONAL Y FORMACION EN EL TRABAJO (LEY 24576); VALIDACION DE LAS CERTIFICACIONES INSTITUIDAS EN LOS ARTICULOS 62 Y 128 DE LA LEY 24013 (DE EMPLEO); ASUNCION DE LAS FUNCIONES QUE LA LEY 24013 OTORGA AL MINISTERIO DE TRABAJO Y SEGURIDAD SOCIAL EN LA LEY 60, 128 Y 129.","('0285-D-2000', 1)":null},"Palabra Clave":{"('0285-D-2000', 0)":" ","('0285-D-2000', 1)":null}}