{"Tipo de Proyecto":{"('0286-S-2000', 0)":"PROYECTO DE DECLARACI\u00d3N"},"Iniciado en: ":{"('0286-S-2000', 0)":"Senado"},"Expediente Senado: ":{"('0286-S-2000', 0)":"0286-S-2000"},"Publicado en: ":{"('0286-S-2000', 0)":"Diario de Asuntos Entrados N\u00b0 14"},"Fecha: ":{"('0286-S-2000', 0)":"21\/03\/2000"},"T\u00edtulo":{"('0286-S-2000', 0)":"ATENTADO CONTRA EL COLEGIO SAN GREGORIO EL ILUMINADO DE LA CIUDAD DE BUENOS AIRES."},"('Firmantes', 'FIRMANTE')":{"('0286-S-2000', 0)":"RODRIGUEZ SAA, ALBERTO JOSE"},"('Firmantes', 'DISTRITO')":{"('0286-S-2000', 0)":"SAN LUIS"},"('Firmantes', 'BLOQUE')":{"('0286-S-2000', 0)":"JUSTICIALISTA"},"('Tramites', 'C\u00c1MARA')":{"('0286-S-2000', 0)":"Senado"},"('Tramites', 'MOVIMIENTO')":{"('0286-S-2000', 0)":"CONSIDERACION Y APROBACION"},"('Tramites', 'FECHA')":{"('0286-S-2000', 0)":"10\/05\/2000"},"('Tramites', 'RESULTADO')":{"('0286-S-2000', 0)":"APROBADO"},"Sumario":{"('0286-S-2000', 0)":"EXPRESION DE REPUDIO."},"Palabra Clave":{"('0286-S-2000', 0)":" "}}