{"Tipo de Proyecto":{"('0286-D-2000', 0)":"PROYECTO DE DECLARACI\u00d3N"},"Iniciado en: ":{"('0286-D-2000', 0)":"Diputados"},"Expediente Diputados: ":{"('0286-D-2000', 0)":"0286-D-2000"},"Publicado en: ":{"('0286-D-2000', 0)":"Tr\u00e1mite Parlamentario N\u00b0 2"},"Fecha: ":{"('0286-D-2000', 0)":"02\/03\/2000"},"T\u00edtulo":{"('0286-D-2000', 0)":"DISPONER LAS MEDIDAS TENDIENTES A RESGUARDAR LAS RIQUEZAS ARQUEOLOGICAS EXISTENTES EN LA PATAGONIA, ESPECIALMENTE EN LA PROVINCIA DE NEUQUEN."},"('Firmantes', 'FIRMANTE')":{"('0286-D-2000', 0)":"ATANASOF, ALFREDO NESTOR"},"('Firmantes', 'DISTRITO')":{"('0286-D-2000', 0)":"BUENOS AIRES"},"('Firmantes', 'BLOQUE')":{"('0286-D-2000', 0)":"JUSTICIALISTA"},"('Giros', 'COMISI\u00d3N')":{"('0286-D-2000', 0)":"CIENCIA Y TECNOLOGIA"},"Sumario":{"('0286-D-2000', 0)":"SOLICITUD AL PODER EJECUTIVO NACIONAL."},"Palabra Clave":{"('0286-D-2000', 0)":" "}}