{"Tipo de Proyecto":{"('0287-D-2000', 0)":"PROYECTO DE RESOLUCI\u00d3N","('0287-D-2000', 1)":null},"Iniciado en: ":{"('0287-D-2000', 0)":"Diputados","('0287-D-2000', 1)":null},"Expediente Diputados: ":{"('0287-D-2000', 0)":"0287-D-2000","('0287-D-2000', 1)":null},"Publicado en: ":{"('0287-D-2000', 0)":"Tr\u00e1mite Parlamentario N\u00b0 2","('0287-D-2000', 1)":null},"Fecha: ":{"('0287-D-2000', 0)":"02\/03\/2000","('0287-D-2000', 1)":null},"T\u00edtulo":{"('0287-D-2000', 0)":"PEDIDO DE INFORMES: SOBRE UNA ENCUESTA DE CRECIMIENTO DEL CONSUMO Y TRAFICO DE DROGAS EN NUESTRO PAIS, SEGUN UN INFORME ELABORADO POR LA DEA.","('0287-D-2000', 1)":null},"('Firmantes', 'FIRMANTE')":{"('0287-D-2000', 0)":"ATANASOF, ALFREDO NESTOR","('0287-D-2000', 1)":null},"('Firmantes', 'DISTRITO')":{"('0287-D-2000', 0)":"BUENOS AIRES","('0287-D-2000', 1)":null},"('Firmantes', 'BLOQUE')":{"('0287-D-2000', 0)":"JUSTICIALISTA","('0287-D-2000', 1)":null},"('Giros', 'COMISI\u00d3N')":{"('0287-D-2000', 0)":"DROGADICCION","('0287-D-2000', 1)":"SEGURIDAD INTERIOR"},"Sumario":{"('0287-D-2000', 0)":"SOLICITUD AL PODER EJECUTIVO NACIONAL.","('0287-D-2000', 1)":null},"Palabra Clave":{"('0287-D-2000', 0)":" ","('0287-D-2000', 1)":null}}