{"Tipo de Proyecto":{"('0288-D-2000', 0)":"PROYECTO DE RESOLUCI\u00d3N"},"Iniciado en: ":{"('0288-D-2000', 0)":"Diputados"},"Expediente Diputados: ":{"('0288-D-2000', 0)":"0288-D-2000"},"Publicado en: ":{"('0288-D-2000', 0)":"Tr\u00e1mite Parlamentario N\u00b0 2"},"Fecha: ":{"('0288-D-2000', 0)":"02\/03\/2000"},"T\u00edtulo":{"('0288-D-2000', 0)":"PEDIDO DE INFORMES: SOBRE DIVERSAS CUESTIONES RELACIONADAS CON ENFERMEDADES DESCONOCIDAS, O QUE SE CONSIDERABAN ERRADICADAS, CON RIESGO PARA LA POBLACION."},"('Firmantes', 'FIRMANTE')":{"('0288-D-2000', 0)":"ATANASOF, ALFREDO NESTOR"},"('Firmantes', 'DISTRITO')":{"('0288-D-2000', 0)":"BUENOS AIRES"},"('Firmantes', 'BLOQUE')":{"('0288-D-2000', 0)":"JUSTICIALISTA"},"('Giros', 'COMISI\u00d3N')":{"('0288-D-2000', 0)":"ACCION SOCIAL Y SALUD PUBLICA"},"Sumario":{"('0288-D-2000', 0)":"SOLICITUD AL PODER EJECUTIVO NACIONAL."},"Palabra Clave":{"('0288-D-2000', 0)":" "}}