{"Tipo de Proyecto":{"('0289-S-2000', 0)":"COMUNICACION","('0289-S-2000', 1)":null},"Iniciado en: ":{"('0289-S-2000', 0)":"Senado","('0289-S-2000', 1)":null},"Expediente Senado: ":{"('0289-S-2000', 0)":"0289-S-2000","('0289-S-2000', 1)":null},"Publicado en: ":{"('0289-S-2000', 0)":"Diario de Asuntos Entrados N\u00b0 15","('0289-S-2000', 1)":null},"Fecha: ":{"('0289-S-2000', 0)":"22\/03\/2000","('0289-S-2000', 1)":null},"T\u00edtulo":{"('0289-S-2000', 0)":"PEDIDO DE INFORMES: SOBRE LA NO PARTICIPACION DE NUESTRO PAIS EN LA EXPO 2000.","('0289-S-2000', 1)":null},"('Firmantes', 'FIRMANTE')":{"('0289-S-2000', 0)":"CAFIERO, ANTONIO FRANCISCO","('0289-S-2000', 1)":null},"('Firmantes', 'DISTRITO')":{"('0289-S-2000', 0)":"BUENOS AIRES","('0289-S-2000', 1)":null},"('Firmantes', 'BLOQUE')":{"('0289-S-2000', 0)":"JUSTICIALISTA","('0289-S-2000', 1)":null},"('Tramites', 'C\u00c1MARA')":{"('0289-S-2000', 0)":"Senado","('0289-S-2000', 1)":"Senado"},"('Tramites', 'MOVIMIENTO')":{"('0289-S-2000', 0)":"CONSIDERACION Y APROBACION","('0289-S-2000', 1)":"CONTESTACION DEL PODER EJECUTIVO NACIONAL - (363-PE-00); GIRADA A LA COMISION RESPECTIVA"},"('Tramites', 'FECHA')":{"('0289-S-2000', 0)":"10\/05\/2000","('0289-S-2000', 1)":null},"('Tramites', 'RESULTADO')":{"('0289-S-2000', 0)":"APROBADO","('0289-S-2000', 1)":null},"Sumario":{"('0289-S-2000', 0)":"SOLICITUD AL PODER EJECUTIVO NACIONAL.","('0289-S-2000', 1)":null},"Palabra Clave":{"('0289-S-2000', 0)":" ","('0289-S-2000', 1)":null}}