{"Tipo de Proyecto":{"('0289-OV-2000', 0)":"PROYECTO DE RESOLUCI\u00d3N"},"Iniciado en: ":{"('0289-OV-2000', 0)":"Senado"},"Expediente Senado: ":{"('0289-OV-2000', 0)":"0289-OV-2000"},"Fecha: ":{"('0289-OV-2000', 0)":"01\/08\/2002"},"T\u00edtulo":{"('0289-OV-2000', 0)":"DICTAMEN EN LA RESOLUCION REMITIDA POR LA AUDITORIA GENERAL DE LA NACION SOBRE LOS ESTADOS CONTABLES REFERIDOS A NACION SEGUROS DE RETIRO SA AL 30 DE JUNIO DE 2000."},"('Firmantes', 'FIRMANTE')":{"('0289-OV-2000', 0)":"PARLAMENTARIA MIXTA REVISORA DE CUENTAS"},"('Firmantes', 'DISTRITO')":{"('0289-OV-2000', 0)":null},"('Firmantes', 'BLOQUE')":{"('0289-OV-2000', 0)":null},"('Tramites', 'C\u00c1MARA')":{"('0289-OV-2000', 0)":"Senado"},"('Tramites', 'MOVIMIENTO')":{"('0289-OV-2000', 0)":"CONSIDERACION Y APROBACION (AL ARCHIVO)"},"('Tramites', 'FECHA')":{"('0289-OV-2000', 0)":"15\/08\/2002"},"('Tramites', 'RESULTADO')":{"('0289-OV-2000', 0)":"ARCHIVADO"},"Sumario":{"('0289-OV-2000', 0)":"HABIENDO TOMADO CONOCIMIENTO DEL MISMO Y NO CONTENIENDO REQUERIMIENTOS DE ACCION SUBSISTENTES, SE ACONSEJA SU REMISION AL ARCHIVO."},"Palabra Clave":{"('0289-OV-2000', 0)":" "}}