{"Tipo de Proyecto":{"('0289-D-2000', 0)":"PROYECTO DE DECLARACI\u00d3N","('0289-D-2000', 1)":null},"Iniciado en: ":{"('0289-D-2000', 0)":"Diputados","('0289-D-2000', 1)":null},"Expediente Diputados: ":{"('0289-D-2000', 0)":"0289-D-2000","('0289-D-2000', 1)":null},"Publicado en: ":{"('0289-D-2000', 0)":"Tr\u00e1mite Parlamentario N\u00b0 2","('0289-D-2000', 1)":null},"Fecha: ":{"('0289-D-2000', 0)":"02\/03\/2000","('0289-D-2000', 1)":null},"T\u00edtulo":{"('0289-D-2000', 0)":"SITUACION POR LA QUE ATRAVIESAN JOVENES EN EDAD ESCOLAR DE LA COMUNIDAD WICHI DE LA LOCALIDAD CHAQUE\u00d1A DE EL IMPENETRABLE, QUE VEN PELIGRAR LA CONTINUIDAD DE SUS ESTUDIOS.","('0289-D-2000', 1)":null},"('Firmantes', 'FIRMANTE')":{"('0289-D-2000', 0)":"ATANASOF, ALFREDO NESTOR","('0289-D-2000', 1)":null},"('Firmantes', 'DISTRITO')":{"('0289-D-2000', 0)":"BUENOS AIRES","('0289-D-2000', 1)":null},"('Firmantes', 'BLOQUE')":{"('0289-D-2000', 0)":"JUSTICIALISTA","('0289-D-2000', 1)":null},"('Giros', 'COMISI\u00d3N')":{"('0289-D-2000', 0)":"EDUCACION","('0289-D-2000', 1)":"POBLACION Y RECURSOS HUMANOS"},"Sumario":{"('0289-D-2000', 0)":"EXPRESION DE PREOCUPACION.","('0289-D-2000', 1)":null},"Palabra Clave":{"('0289-D-2000', 0)":" ","('0289-D-2000', 1)":null}}