{"Tipo de Proyecto":{"('0001-D-2017', 0)":"PROYECTO DE RESOLUCI\u00d3N"},"Iniciado en: ":{"('0001-D-2017', 0)":"Diputados"},"Expediente Diputados: ":{"('0001-D-2017', 0)":"0001-D-2017"},"Publicado en: ":{"('0001-D-2017', 0)":"Tr\u00e1mite Parlamentario N\u00b0 1"},"Fecha: ":{"('0001-D-2017', 0)":"01\/03\/2017"},"T\u00edtulo":{"('0001-D-2017', 0)":"DECLARAR DE INTERES DE LA H. CAMARA LA PRODUCCION ARTESANAL DE LICORES Y LA DIFUSION DE LAS ACTIVIDADES QUE SE REALIZAN EN LA \"FABRICA DE LICORES BARD\" DESDE EL A\u00d1O 1908, EN LA CIUDAD DE SAN JOSE, PROVINCIA DE ENTRE RIOS."},"('Firmantes', 'FIRMANTE')":{"('0001-D-2017', 0)":"MONFORT, MARCELO ALEJANDRO"},"('Firmantes', 'DISTRITO')":{"('0001-D-2017', 0)":"ENTRE RIOS"},"('Firmantes', 'BLOQUE')":{"('0001-D-2017', 0)":"UCR"},"('Giros', 'COMISI\u00d3N')":{"('0001-D-2017', 0)":"INDUSTRIA"},"Link":{"('0001-D-2017', 0)":"https:\/\/www.hcdn.gob.ar\/proyectos\/textoCompleto.jsp?exp=0001-D-2017&tipo=RESOLUCION"},"Palabra Clave":{"('0001-D-2017', 0)":" "}}