{"Tipo de Proyecto":{"('0002-S-2017', 0)":"PROYECTO DE LEY"},"Iniciado en: ":{"('0002-S-2017', 0)":"Senado"},"Expediente Senado: ":{"('0002-S-2017', 0)":"0002-S-2017"},"Publicado en: ":{"('0002-S-2017', 0)":"Diario de Asuntos Entrados N\u00b0 1"},"Fecha: ":{"('0002-S-2017', 0)":"02\/03\/2017"},"T\u00edtulo":{"('0002-S-2017', 0)":"MODIFICACION DEL ARTICULO 2\u00ba DE LA LEY 26448 (TRANSFIRIENDO A TITULO GRATUITO A FAVOR DE LA MUNICIPALIDAD DE VIALE, DEPARTAMENTO DE PARANA, ENTRE RIOS, UN INMUEBLE PROPIEDAD DEL ESTADO NACIONAL), DESTINADO A DIVERSOS FINES SOCIALES (REPRODUCCION DEL EXPEDIENTE 3574-S-15)."},"('Firmantes', 'FIRMANTE')":{"('0002-S-2017', 0)":"KUNATH, SIGRID ELIZABETH"},"('Firmantes', 'DISTRITO')":{"('0002-S-2017', 0)":"ENTRE RIOS"},"('Firmantes', 'BLOQUE')":{"('0002-S-2017', 0)":"FRENTE PARA LA VICTORIA - PJ"},"Sumario":{"('0002-S-2017', 0)":"SUSTITUCION DEL ARTICULO 2."},"Palabra Clave":{"('0002-S-2017', 0)":" "}}