{"Tipo de Proyecto":{"('0002-PE-2017', 0)":"MENSAJE NRO: 0025\/17 Y PROYECTO DE LEY","('0002-PE-2017', 1)":null,"('0002-PE-2017', 2)":null},"Iniciado en: ":{"('0002-PE-2017', 0)":"Diputados","('0002-PE-2017', 1)":null,"('0002-PE-2017', 2)":null},"Expediente Diputados: ":{"('0002-PE-2017', 0)":"0002-PE-2017","('0002-PE-2017', 1)":null,"('0002-PE-2017', 2)":null},"Publicado en: ":{"('0002-PE-2017', 0)":"Tr\u00e1mite Parlamentario N\u00b0 7","('0002-PE-2017', 1)":null,"('0002-PE-2017', 2)":null},"Fecha: ":{"('0002-PE-2017', 0)":"10\/03\/2017","('0002-PE-2017', 1)":null,"('0002-PE-2017', 2)":null},"T\u00edtulo":{"('0002-PE-2017', 0)":"APROBACION DEL CONVENIO ENTRE EL ESTADO NACIONAL Y LA CIUDAD AUTONOMA DE BUENOS AIRES DE TRANSFERENCIA PROGRESIVA DE FACULTADES Y FUNCIONES DE LA INSPECCION GENERAL DE JUSTICIA - IGJ - EN TODAS LAS MATERIAS NO FEDERALES EJERCIDAS EN LA CIUDAD AUTONOMA DE BUENOS AIRES, SUSCRIPTO EL 19 DE ENERO DE 2017.","('0002-PE-2017', 1)":null,"('0002-PE-2017', 2)":null},"('Firmantes', 'FIRMANTE')":{"('0002-PE-2017', 0)":"MACRI, MAURICIO","('0002-PE-2017', 1)":"PE\u00d1A, MARCOS","('0002-PE-2017', 2)":"GARAVANO, GERMAN CARLOS"},"('Firmantes', 'DISTRITO')":{"('0002-PE-2017', 0)":null,"('0002-PE-2017', 1)":null,"('0002-PE-2017', 2)":null},"('Firmantes', 'BLOQUE')":{"('0002-PE-2017', 0)":"PODER EJECUTIVO","('0002-PE-2017', 1)":"PODER EJECUTIVO","('0002-PE-2017', 2)":"PODER EJECUTIVO"},"('Giros', 'COMISI\u00d3N')":{"('0002-PE-2017', 0)":"JUSTICIA","('0002-PE-2017', 1)":null,"('0002-PE-2017', 2)":null},"Sumario":{"('0002-PE-2017', 0)":"MODIFICACION DEL ARTICULO 10 DE LA LEY 24588 (GARANTIA DE LOS INTERESES DEL ESTADO NACIONAL EN LA CIUDAD DE BUENOS AIRES); CUMPLIDO EN SU TOTALIDAD LOS TERMINOS Y CONDICIONES DEL CONVENIO, LA LEY 22315 QUEDARA ABROGADA.","('0002-PE-2017', 1)":null,"('0002-PE-2017', 2)":null},"Palabra Clave":{"('0002-PE-2017', 0)":" ","('0002-PE-2017', 1)":null,"('0002-PE-2017', 2)":null}}