{"Tipo de Proyecto":{"('0003-JGM-2017', 0)":"MENSAJE NRO: 0014\/17","('0003-JGM-2017', 1)":null},"Iniciado en: ":{"('0003-JGM-2017', 0)":"Diputados","('0003-JGM-2017', 1)":null},"Expediente Diputados: ":{"('0003-JGM-2017', 0)":"0003-JGM-2017","('0003-JGM-2017', 1)":null},"Publicado en: ":{"('0003-JGM-2017', 0)":"Tr\u00e1mite Parlamentario N\u00b0 9","('0003-JGM-2017', 1)":null},"Fecha: ":{"('0003-JGM-2017', 0)":"14\/03\/2017","('0003-JGM-2017', 1)":null},"T\u00edtulo":{"('0003-JGM-2017', 0)":"COMUNICACION DEL DECRETO DE NECESIDAD Y URGENCIA 139\/17, POR EL CUAL SE MODIFICA EL ARTICULO 42 DE LA LEY 27260, DE REPARACION HISTORICA PARA JUBILADOS Y PENSIONADOS. ","('0003-JGM-2017', 1)":null},"('Firmantes', 'FIRMANTE')":{"('0003-JGM-2017', 0)":"PE\u00d1A, MARCOS","('0003-JGM-2017', 1)":"CAPUTO, LUIS ANDRES"},"('Firmantes', 'DISTRITO')":{"('0003-JGM-2017', 0)":null,"('0003-JGM-2017', 1)":null},"('Firmantes', 'BLOQUE')":{"('0003-JGM-2017', 0)":"PODER EJECUTIVO","('0003-JGM-2017', 1)":"PODER EJECUTIVO"},"('Giros', 'COMISI\u00d3N')":{"('0003-JGM-2017', 0)":"BICAMERAL PERMANENTE DE TRAMITE LEGISLATIVO - LEY 26122","('0003-JGM-2017', 1)":null},"Palabra Clave":{"('0003-JGM-2017', 0)":" ","('0003-JGM-2017', 1)":null}}