{"Tipo de Proyecto":{"('0003-PE-2017', 0)":"MENSAJE NRO: 0030\/17","('0003-PE-2017', 1)":null,"('0003-PE-2017', 2)":null},"Iniciado en: ":{"('0003-PE-2017', 0)":"Diputados","('0003-PE-2017', 1)":null,"('0003-PE-2017', 2)":null},"Expediente Diputados: ":{"('0003-PE-2017', 0)":"0003-PE-2017","('0003-PE-2017', 1)":null,"('0003-PE-2017', 2)":null},"Publicado en: ":{"('0003-PE-2017', 0)":"Tr\u00e1mite Parlamentario N\u00b0 19","('0003-PE-2017', 1)":null,"('0003-PE-2017', 2)":null},"Fecha: ":{"('0003-PE-2017', 0)":"29\/03\/2017","('0003-PE-2017', 1)":null,"('0003-PE-2017', 2)":null},"T\u00edtulo":{"('0003-PE-2017', 0)":"COMUNICACION DEL DECRETO 193 DE FECHA 20 DE MARZO DE 2017 POR EL CUAL SE AMPLIA LA HABILITACION PORTUARIA PARA UN NUEVO MUELLE DENOMINADO POSTA N\u00b0 3 PARA INFLAMABLES EN EL PUERTO DE BAHIA BLANCA, PROVINCIA DE BUENOS AIRES.","('0003-PE-2017', 1)":null,"('0003-PE-2017', 2)":null},"('Firmantes', 'FIRMANTE')":{"('0003-PE-2017', 0)":"MACRI, MAURICIO","('0003-PE-2017', 1)":"PE\u00d1A, MARCOS","('0003-PE-2017', 2)":"DIETRICH, GUILLERMO JAVIER"},"('Firmantes', 'DISTRITO')":{"('0003-PE-2017', 0)":null,"('0003-PE-2017', 1)":null,"('0003-PE-2017', 2)":null},"('Firmantes', 'BLOQUE')":{"('0003-PE-2017', 0)":"PODER EJECUTIVO","('0003-PE-2017', 1)":"PODER EJECUTIVO","('0003-PE-2017', 2)":"PODER EJECUTIVO"},"('Giros', 'COMISI\u00d3N')":{"('0003-PE-2017', 0)":"BICAMERAL PERMANENTE DE TRAMITE LEGISLATIVO - LEY 26122","('0003-PE-2017', 1)":null,"('0003-PE-2017', 2)":null},"Palabra Clave":{"('0003-PE-2017', 0)":" ","('0003-PE-2017', 1)":null,"('0003-PE-2017', 2)":null}}