{"Tipo de Proyecto":{"('0004-D-2017', 0)":"PROYECTO DE LEY","('0004-D-2017', 1)":null,"('0004-D-2017', 2)":null,"('0004-D-2017', 3)":null,"('0004-D-2017', 4)":null},"Iniciado en: ":{"('0004-D-2017', 0)":"Diputados","('0004-D-2017', 1)":null,"('0004-D-2017', 2)":null,"('0004-D-2017', 3)":null,"('0004-D-2017', 4)":null},"Expediente Diputados: ":{"('0004-D-2017', 0)":"0004-D-2017","('0004-D-2017', 1)":null,"('0004-D-2017', 2)":null,"('0004-D-2017', 3)":null,"('0004-D-2017', 4)":null},"Publicado en: ":{"('0004-D-2017', 0)":"Tr\u00e1mite Parlamentario N\u00b0 1","('0004-D-2017', 1)":null,"('0004-D-2017', 2)":null,"('0004-D-2017', 3)":null,"('0004-D-2017', 4)":null},"Fecha: ":{"('0004-D-2017', 0)":"01\/03\/2017","('0004-D-2017', 1)":null,"('0004-D-2017', 2)":null,"('0004-D-2017', 3)":null,"('0004-D-2017', 4)":null},"T\u00edtulo":{"('0004-D-2017', 0)":"EDUCACION NACIONAL - LEY 26206: MODIFICACION DEL ARTICULO 67, SOBRE DERECHOS Y OBLIGACIONES DE LOS DOCENTES.","('0004-D-2017', 1)":null,"('0004-D-2017', 2)":null,"('0004-D-2017', 3)":null,"('0004-D-2017', 4)":null},"('Firmantes', 'FIRMANTE')":{"('0004-D-2017', 0)":"ALEGRE, GILBERTO OSCAR","('0004-D-2017', 1)":"ALONSO, HORACIO FERNANDO","('0004-D-2017', 2)":"SELVA, CARLOS AMERICO","('0004-D-2017', 3)":"SNOPEK, ALEJANDRO FRANCISCO","('0004-D-2017', 4)":"LAGORIA, ELIA NELLY"},"('Firmantes', 'DISTRITO')":{"('0004-D-2017', 0)":"BUENOS AIRES","('0004-D-2017', 1)":"BUENOS AIRES","('0004-D-2017', 2)":"BUENOS AIRES","('0004-D-2017', 3)":"JUJUY","('0004-D-2017', 4)":"CHUBUT"},"('Firmantes', 'BLOQUE')":{"('0004-D-2017', 0)":"FEDERAL UNIDOS POR UNA NUEVA ARGENTINA","('0004-D-2017', 1)":"FEDERAL UNIDOS POR UNA NUEVA ARGENTINA","('0004-D-2017', 2)":"FEDERAL UNIDOS POR UNA NUEVA ARGENTINA","('0004-D-2017', 3)":"FEDERAL UNIDOS POR UNA NUEVA ARGENTINA","('0004-D-2017', 4)":"TRABAJO Y DIGNIDAD"},"('Giros', 'COMISI\u00d3N')":{"('0004-D-2017', 0)":"EDUCACION","('0004-D-2017', 1)":"LEGISLACION DEL TRABAJO","('0004-D-2017', 2)":null,"('0004-D-2017', 3)":null,"('0004-D-2017', 4)":null},"Link":{"('0004-D-2017', 0)":"https:\/\/www.hcdn.gob.ar\/proyectos\/textoCompleto.jsp?exp=0004-D-2017&tipo=LEY","('0004-D-2017', 1)":null,"('0004-D-2017', 2)":null,"('0004-D-2017', 3)":null,"('0004-D-2017', 4)":null},"Palabra Clave":{"('0004-D-2017', 0)":" ","('0004-D-2017', 1)":null,"('0004-D-2017', 2)":null,"('0004-D-2017', 3)":null,"('0004-D-2017', 4)":null}}