{"Tipo de Proyecto":{"('0005-PE-2017', 0)":"MENSAJE NRO: 0035\/17","('0005-PE-2017', 1)":null,"('0005-PE-2017', 2)":null},"Iniciado en: ":{"('0005-PE-2017', 0)":"Diputados","('0005-PE-2017', 1)":null,"('0005-PE-2017', 2)":null},"Expediente Diputados: ":{"('0005-PE-2017', 0)":"0005-PE-2017","('0005-PE-2017', 1)":null,"('0005-PE-2017', 2)":null},"Publicado en: ":{"('0005-PE-2017', 0)":"Tr\u00e1mite Parlamentario N\u00b0 41","('0005-PE-2017', 1)":null,"('0005-PE-2017', 2)":null},"Fecha: ":{"('0005-PE-2017', 0)":"04\/05\/2017","('0005-PE-2017', 1)":null,"('0005-PE-2017', 2)":null},"T\u00edtulo":{"('0005-PE-2017', 0)":"COMUNICACION DEL DECRETO 286 DE FECHA 24 DE ABRIL DE 2017 POR EL CUAL SE AMPLIA LA HABILITACION PORTUARIA PARA UN NUEVO MUELLE DENOMINADO TERMINAL DE CARGA DE GRANELES, CEREALES, OLEAGINOSOS Y SUBPRODUCTOS EN EL PUERTO DE BAHIA BLANCA, PROVINCIA DE BUENOS AIRES. ","('0005-PE-2017', 1)":null,"('0005-PE-2017', 2)":null},"('Firmantes', 'FIRMANTE')":{"('0005-PE-2017', 0)":"MACRI, MAURICIO","('0005-PE-2017', 1)":"PE\u00d1A, MARCOS","('0005-PE-2017', 2)":"DIETRICH, GUILLERMO JAVIER"},"('Firmantes', 'DISTRITO')":{"('0005-PE-2017', 0)":null,"('0005-PE-2017', 1)":null,"('0005-PE-2017', 2)":null},"('Firmantes', 'BLOQUE')":{"('0005-PE-2017', 0)":"PODER EJECUTIVO","('0005-PE-2017', 1)":"PODER EJECUTIVO","('0005-PE-2017', 2)":"PODER EJECUTIVO"},"('Giros', 'COMISI\u00d3N')":{"('0005-PE-2017', 0)":"INTERESES MARITIMOS, FLUVIALES, PESQUEROS Y PORTUARIOS","('0005-PE-2017', 1)":null,"('0005-PE-2017', 2)":null},"Palabra Clave":{"('0005-PE-2017', 0)":" ","('0005-PE-2017', 1)":null,"('0005-PE-2017', 2)":null}}