{"Tipo de Proyecto":{"('0006-PE-2017', 0)":"MENSAJE NRO: 0036\/17","('0006-PE-2017', 1)":null,"('0006-PE-2017', 2)":null},"Iniciado en: ":{"('0006-PE-2017', 0)":"Diputados","('0006-PE-2017', 1)":null,"('0006-PE-2017', 2)":null},"Expediente Diputados: ":{"('0006-PE-2017', 0)":"0006-PE-2017","('0006-PE-2017', 1)":null,"('0006-PE-2017', 2)":null},"Publicado en: ":{"('0006-PE-2017', 0)":"Tr\u00e1mite Parlamentario N\u00b0 41","('0006-PE-2017', 1)":null,"('0006-PE-2017', 2)":null},"Fecha: ":{"('0006-PE-2017', 0)":"04\/05\/2017","('0006-PE-2017', 1)":null,"('0006-PE-2017', 2)":null},"T\u00edtulo":{"('0006-PE-2017', 0)":"COMUNICACION DEL DECRETO 287 DE FECHA 24 DE ABRIL DE 2017 POR EL CUAL SE DESAFECTAN DIVERSOS INMUEBLES DEL PUERTO UBICADO SOBRE LA MARGEN DERECHA DEL RIO PARANA, EN LA LOCALIDAD DE SAN LORENZO, PROVINCIA DE SANTA FE.","('0006-PE-2017', 1)":null,"('0006-PE-2017', 2)":null},"('Firmantes', 'FIRMANTE')":{"('0006-PE-2017', 0)":"MACRI, MAURICIO","('0006-PE-2017', 1)":"PE\u00d1A, MARCOS","('0006-PE-2017', 2)":"DIETRICH, GUILLERMO JAVIER"},"('Firmantes', 'DISTRITO')":{"('0006-PE-2017', 0)":null,"('0006-PE-2017', 1)":null,"('0006-PE-2017', 2)":null},"('Firmantes', 'BLOQUE')":{"('0006-PE-2017', 0)":"PODER EJECUTIVO","('0006-PE-2017', 1)":"PODER EJECUTIVO","('0006-PE-2017', 2)":"PODER EJECUTIVO"},"('Giros', 'COMISI\u00d3N')":{"('0006-PE-2017', 0)":"INTERESES MARITIMOS, FLUVIALES, PESQUEROS Y PORTUARIOS","('0006-PE-2017', 1)":null,"('0006-PE-2017', 2)":null},"Palabra Clave":{"('0006-PE-2017', 0)":" ","('0006-PE-2017', 1)":null,"('0006-PE-2017', 2)":null}}