{"Tipo de Proyecto":{"('0006-OV-2017', 0)":"PROYECTO DE RESOLUCI\u00d3N"},"Iniciado en: ":{"('0006-OV-2017', 0)":"Senado"},"Expediente Senado: ":{"('0006-OV-2017', 0)":"0006-OV-2017"},"Fecha: ":{"('0006-OV-2017', 0)":"30\/11\/2017"},"T\u00edtulo":{"('0006-OV-2017', 0)":"PEDIDO DE INFORMES AL PODER EJECUTIVO SOBRE RESOLUCION REMITIDA POR LA AUDITORIA GENERAL DE LA NACION 11\/17, MEDIANTE LA CUAL SE APRUEBA EL INFORME ESPECIAL SOBRE LA EXISTENCIA Y FUNCIONAMIENTO DE LOS PROCEDIMIENTOS DE CONTROL INTERNO QUE APLICA LA ENTIDAD PARA CUMPLIR CON LAS NORMAS DE LA UNIDAD DE INFORMACION FINANCIERA (UIF) Y DEL BCRA  EN MATERIA DE PREVENCION DE LAVADO DE ACTIVO DE ORIGEN DELICTIVO REFERIDO AL BANCO DE INVERSION Y COMERCIO EXTERIOR S.A. - ESTADOS CONTABLES AL 31\/12\/2016."},"('Firmantes', 'FIRMANTE')":{"('0006-OV-2017', 0)":"PARLAMENTARIA MIXTA REVISORA DE CUENTAS"},"('Firmantes', 'DISTRITO')":{"('0006-OV-2017', 0)":null},"('Firmantes', 'BLOQUE')":{"('0006-OV-2017', 0)":null},"Link":{"('0006-OV-2017', 0)":"http:\/\/www.senado.gov.ar\/parlamentario\/comisiones\/verExp\/6.17\/OV\/PR"},"Palabra Clave":{"('0006-OV-2017', 0)":" "}}