{"Tipo de Proyecto":{"('0007-S-2017', 0)":"COMUNICACION"},"Iniciado en: ":{"('0007-S-2017', 0)":"Senado"},"Expediente Senado: ":{"('0007-S-2017', 0)":"0007-S-2017"},"Publicado en: ":{"('0007-S-2017', 0)":"Diario de Asuntos Entrados N\u00b0 1"},"Fecha: ":{"('0007-S-2017', 0)":"02\/03\/2017"},"T\u00edtulo":{"('0007-S-2017', 0)":"SOLICITAR AL PODER EJECUTIVO NACIONAL LAUDE PARA EL PERIODO MARZO-SEPTIEMBRE 2017, EL PRECIO DE LA HOJA VERDE DE YERBA MATE."},"('Firmantes', 'FIRMANTE')":{"('0007-S-2017', 0)":"GIMENEZ, SANDRA DANIELA"},"('Firmantes', 'DISTRITO')":{"('0007-S-2017', 0)":"MISIONES"},"('Firmantes', 'BLOQUE')":{"('0007-S-2017', 0)":"MISIONES"},"Link":{"('0007-S-2017', 0)":"http:\/\/www.senado.gov.ar\/parlamentario\/comisiones\/verExp\/7.17\/S\/PC"},"Palabra Clave":{"('0007-S-2017', 0)":" "}}