{"Tipo de Proyecto":{"('0008-S-2017', 0)":"PROYECTO DE DECLARACI\u00d3N","('0008-S-2017', 1)":null},"Iniciado en: ":{"('0008-S-2017', 0)":"Senado","('0008-S-2017', 1)":null},"Expediente Senado: ":{"('0008-S-2017', 0)":"0008-S-2017","('0008-S-2017', 1)":null},"Publicado en: ":{"('0008-S-2017', 0)":"Diario de Asuntos Entrados N\u00b0 1","('0008-S-2017', 1)":null},"Fecha: ":{"('0008-S-2017', 0)":"02\/03\/2017","('0008-S-2017', 1)":null},"T\u00edtulo":{"('0008-S-2017', 0)":"ADHERIR A LA CONMEMORACION DEL 232 ANIVERSARIO DEL NATALICIO DEL HEROE NACIONAL D. MARTIN MIGUEL DE G\u00dcEMES, EL 8 DE FEBRERO DE 2017.","('0008-S-2017', 1)":null},"('Firmantes', 'FIRMANTE')":{"('0008-S-2017', 0)":"URTUBEY, RODOLFO JULIO","('0008-S-2017', 1)":null},"('Firmantes', 'DISTRITO')":{"('0008-S-2017', 0)":"SALTA","('0008-S-2017', 1)":null},"('Firmantes', 'BLOQUE')":{"('0008-S-2017', 0)":"FRENTE PARA LA VICTORIA - PJ","('0008-S-2017', 1)":null},"('Tramites', 'C\u00c1MARA')":{"('0008-S-2017', 0)":"Senado","('0008-S-2017', 1)":"Senado"},"('Tramites', 'MOVIMIENTO')":{"('0008-S-2017', 0)":"MOCION SOBRE TABLAS (AFIRMATIVA)","('0008-S-2017', 1)":"CONSIDERACION Y APROBACION"},"('Tramites', 'FECHA')":{"('0008-S-2017', 0)":"29\/03\/2017","('0008-S-2017', 1)":"29\/03\/2017"},"('Tramites', 'RESULTADO')":{"('0008-S-2017', 0)":null,"('0008-S-2017', 1)":"APROBADO"},"Link":{"('0008-S-2017', 0)":"http:\/\/www.senado.gov.ar\/parlamentario\/comisiones\/verExp\/8.17\/S\/PD","('0008-S-2017', 1)":null},"Palabra Clave":{"('0008-S-2017', 0)":" ","('0008-S-2017', 1)":null}}