{"Tipo de Proyecto":{"('0008-JGM-2017', 0)":"MENSAJE NRO: 0017\/17","('0008-JGM-2017', 1)":null},"Iniciado en: ":{"('0008-JGM-2017', 0)":"Diputados","('0008-JGM-2017', 1)":null},"Expediente Diputados: ":{"('0008-JGM-2017', 0)":"0008-JGM-2017","('0008-JGM-2017', 1)":null},"Publicado en: ":{"('0008-JGM-2017', 0)":"Tr\u00e1mite Parlamentario N\u00b0 32","('0008-JGM-2017', 1)":null},"Fecha: ":{"('0008-JGM-2017', 0)":"20\/04\/2017","('0008-JGM-2017', 1)":null},"T\u00edtulo":{"('0008-JGM-2017', 0)":"COMUNICACION DEL DECRETO DE NECESIDAD Y URGENCIA 258 DEL 18 DE ABRIL DE 2017, POR EL CUAL SE SUSPENDE DESDE EL 1\u00b0 DE ENERO DE 2017 HASTA EL 31 DE DICIEMBRE DE 2017 INCLUSIVE, LA APLICACION DEL DECRETO 814\/01 Y MODIFICATORIOS, RESPECTO DE EMPLEADORES TITULARES DE ESTABLECIMIENTOS EDUCATIVOS DE GESTION PRIVADA INCORPORADOS A LA ENSE\u00d1ANZA OFICIAL.","('0008-JGM-2017', 1)":null},"('Firmantes', 'FIRMANTE')":{"('0008-JGM-2017', 0)":"PE\u00d1A, MARCOS","('0008-JGM-2017', 1)":"BULLRICH, ESTEBAN JOSE"},"('Firmantes', 'DISTRITO')":{"('0008-JGM-2017', 0)":null,"('0008-JGM-2017', 1)":null},"('Firmantes', 'BLOQUE')":{"('0008-JGM-2017', 0)":"PODER EJECUTIVO","('0008-JGM-2017', 1)":"PODER EJECUTIVO"},"('Giros', 'COMISI\u00d3N')":{"('0008-JGM-2017', 0)":"BICAMERAL PERMANENTE DE TRAMITE LEGISLATIVO - LEY 26122","('0008-JGM-2017', 1)":null},"('Tramites', 'C\u00c1MARA')":{"('0008-JGM-2017', 0)":"Diputados","('0008-JGM-2017', 1)":null},"('Tramites', 'MOVIMIENTO')":{"('0008-JGM-2017', 0)":"VER TRAMITE DEL DECRETO EN SENADO EN EXPEDIENTE 2031-S-2017","('0008-JGM-2017', 1)":null},"('Tramites', 'FECHA')":{"('0008-JGM-2017', 0)":null,"('0008-JGM-2017', 1)":null},"('Tramites', 'RESULTADO')":{"('0008-JGM-2017', 0)":null,"('0008-JGM-2017', 1)":null},"Palabra Clave":{"('0008-JGM-2017', 0)":" ","('0008-JGM-2017', 1)":null}}