{"Tipo de Proyecto":{"('0008-PE-2017', 0)":"MENSAJE NRO: 0037\/17 Y PROYECTO DE LEY","('0008-PE-2017', 1)":null,"('0008-PE-2017', 2)":null},"Iniciado en: ":{"('0008-PE-2017', 0)":"Diputados","('0008-PE-2017', 1)":null,"('0008-PE-2017', 2)":null},"Expediente Diputados: ":{"('0008-PE-2017', 0)":"0008-PE-2017","('0008-PE-2017', 1)":null,"('0008-PE-2017', 2)":null},"Publicado en: ":{"('0008-PE-2017', 0)":"Tr\u00e1mite Parlamentario N\u00b0 44","('0008-PE-2017', 1)":null,"('0008-PE-2017', 2)":null},"Fecha: ":{"('0008-PE-2017', 0)":"09\/05\/2017","('0008-PE-2017', 1)":null,"('0008-PE-2017', 2)":null},"T\u00edtulo":{"('0008-PE-2017', 0)":"DEROGACION DEL ARTICULO 1 DE LA LEY 20404, POR EL CUAL SE APRUEBA EL REGLAMENTO DE CONTRAVENCIONES POLICIALES EN EL AMBITO DE LA PREFECTURA NAVAL ARGENTINA.","('0008-PE-2017', 1)":null,"('0008-PE-2017', 2)":null},"('Firmantes', 'FIRMANTE')":{"('0008-PE-2017', 0)":"MACRI, MAURICIO","('0008-PE-2017', 1)":"PE\u00d1A, MARCOS","('0008-PE-2017', 2)":"BULLRICH, PATRICIA"},"('Firmantes', 'DISTRITO')":{"('0008-PE-2017', 0)":null,"('0008-PE-2017', 1)":null,"('0008-PE-2017', 2)":null},"('Firmantes', 'BLOQUE')":{"('0008-PE-2017', 0)":"PODER EJECUTIVO","('0008-PE-2017', 1)":"PODER EJECUTIVO","('0008-PE-2017', 2)":"PODER EJECUTIVO"},"('Giros', 'COMISI\u00d3N')":{"('0008-PE-2017', 0)":"SEGURIDAD INTERIOR","('0008-PE-2017', 1)":null,"('0008-PE-2017', 2)":null},"Palabra Clave":{"('0008-PE-2017', 0)":" ","('0008-PE-2017', 1)":null,"('0008-PE-2017', 2)":null}}