{"Tipo de Proyecto":{"('0009-D-2017', 0)":"PROYECTO DE LEY","('0009-D-2017', 1)":null},"Iniciado en: ":{"('0009-D-2017', 0)":"Diputados","('0009-D-2017', 1)":null},"Expediente Diputados: ":{"('0009-D-2017', 0)":"0009-D-2017","('0009-D-2017', 1)":null},"Publicado en: ":{"('0009-D-2017', 0)":"Tr\u00e1mite Parlamentario N\u00b0 1","('0009-D-2017', 1)":null},"Fecha: ":{"('0009-D-2017', 0)":"01\/03\/2017","('0009-D-2017', 1)":null},"T\u00edtulo":{"('0009-D-2017', 0)":"MARCO REGULATORIO PARA LAS CARRERAS DE CANES GREYHOUND.","('0009-D-2017', 1)":null},"('Firmantes', 'FIRMANTE')":{"('0009-D-2017', 0)":"OLMEDO, ALFREDO HORACIO","('0009-D-2017', 1)":null},"('Firmantes', 'DISTRITO')":{"('0009-D-2017', 0)":"SALTA","('0009-D-2017', 1)":null},"('Firmantes', 'BLOQUE')":{"('0009-D-2017', 0)":"SALTA SOMOS TODOS","('0009-D-2017', 1)":null},"('Giros', 'COMISI\u00d3N')":{"('0009-D-2017', 0)":"LEGISLACION GENERAL","('0009-D-2017', 1)":"LEGISLACION PENAL"},"Sumario":{"('0009-D-2017', 0)":"REGISTROS GENEALOGICOS; AUTORIDAD DE APLICACION: MINISTERIO DE AGROINDUSTRIA; OBLIGACIONES PARA LOS PROPIETARIOS DE CANES DE CARRERA ; APUESTAS; CARRERAS; SANCIONES.","('0009-D-2017', 1)":null},"Palabra Clave":{"('0009-D-2017', 0)":" ","('0009-D-2017', 1)":null}}