{"Tipo de Proyecto":{"('0009-PE-2017', 0)":"MENSAJE NRO: 0041\/17 Y PROYECTO DE LEY","('0009-PE-2017', 1)":null,"('0009-PE-2017', 2)":null,"('0009-PE-2017', 3)":null,"('0009-PE-2017', 4)":null,"('0009-PE-2017', 5)":null,"('0009-PE-2017', 6)":null,"('0009-PE-2017', 7)":null},"Iniciado en: ":{"('0009-PE-2017', 0)":"Diputados","('0009-PE-2017', 1)":null,"('0009-PE-2017', 2)":null,"('0009-PE-2017', 3)":null,"('0009-PE-2017', 4)":null,"('0009-PE-2017', 5)":null,"('0009-PE-2017', 6)":null,"('0009-PE-2017', 7)":null},"Expediente Diputados: ":{"('0009-PE-2017', 0)":"0009-PE-2017","('0009-PE-2017', 1)":null,"('0009-PE-2017', 2)":null,"('0009-PE-2017', 3)":null,"('0009-PE-2017', 4)":null,"('0009-PE-2017', 5)":null,"('0009-PE-2017', 6)":null,"('0009-PE-2017', 7)":null},"Expediente Senado: ":{"('0009-PE-2017', 0)":"0051-CD-2017","('0009-PE-2017', 1)":null,"('0009-PE-2017', 2)":null,"('0009-PE-2017', 3)":null,"('0009-PE-2017', 4)":null,"('0009-PE-2017', 5)":null,"('0009-PE-2017', 6)":null,"('0009-PE-2017', 7)":null},"Publicado en: ":{"('0009-PE-2017', 0)":"Tr\u00e1mite Parlamentario N\u00b0 55","('0009-PE-2017', 1)":null,"('0009-PE-2017', 2)":null,"('0009-PE-2017', 3)":null,"('0009-PE-2017', 4)":null,"('0009-PE-2017', 5)":null,"('0009-PE-2017', 6)":null,"('0009-PE-2017', 7)":null},"Fecha: ":{"('0009-PE-2017', 0)":"30\/05\/2017","('0009-PE-2017', 1)":null,"('0009-PE-2017', 2)":null,"('0009-PE-2017', 3)":null,"('0009-PE-2017', 4)":null,"('0009-PE-2017', 5)":null,"('0009-PE-2017', 6)":null,"('0009-PE-2017', 7)":null},"T\u00edtulo":{"('0009-PE-2017', 0)":"REGIMEN DE COMPRE ARGENTINO Y DESARROLLO DE BIENES DE CAPITAL.","('0009-PE-2017', 1)":null,"('0009-PE-2017', 2)":null,"('0009-PE-2017', 3)":null,"('0009-PE-2017', 4)":null,"('0009-PE-2017', 5)":null,"('0009-PE-2017', 6)":null,"('0009-PE-2017', 7)":null},"('Firmantes', 'FIRMANTE')":{"('0009-PE-2017', 0)":"MACRI, MAURICIO","('0009-PE-2017', 1)":"PE\u00d1A, MARCOS","('0009-PE-2017', 2)":"IBARRA, ANDRES HORACIO","('0009-PE-2017', 3)":"CABRERA, FRANCISCO ADOLFO","('0009-PE-2017', 4)":null,"('0009-PE-2017', 5)":null,"('0009-PE-2017', 6)":null,"('0009-PE-2017', 7)":null},"('Firmantes', 'DISTRITO')":{"('0009-PE-2017', 0)":null,"('0009-PE-2017', 1)":null,"('0009-PE-2017', 2)":null,"('0009-PE-2017', 3)":null,"('0009-PE-2017', 4)":null,"('0009-PE-2017', 5)":null,"('0009-PE-2017', 6)":null,"('0009-PE-2017', 7)":null},"('Firmantes', 'BLOQUE')":{"('0009-PE-2017', 0)":"PODER EJECUTIVO","('0009-PE-2017', 1)":"PODER EJECUTIVO","('0009-PE-2017', 2)":"PODER EJECUTIVO","('0009-PE-2017', 3)":"PODER EJECUTIVO","('0009-PE-2017', 4)":null,"('0009-PE-2017', 5)":null,"('0009-PE-2017', 6)":null,"('0009-PE-2017', 7)":null},"('Giros', 'COMISI\u00d3N')":{"('0009-PE-2017', 0)":"OBRAS PUBLICAS","('0009-PE-2017', 1)":"PEQUE\u00d1AS Y MEDIANAS EMPRESAS","('0009-PE-2017', 2)":"PRESUPUESTO Y HACIENDA","('0009-PE-2017', 3)":null,"('0009-PE-2017', 4)":null,"('0009-PE-2017', 5)":null,"('0009-PE-2017', 6)":null,"('0009-PE-2017', 7)":null},"('Tramites', 'C\u00c1MARA')":{"('0009-PE-2017', 0)":"Diputados","('0009-PE-2017', 1)":"Diputados","('0009-PE-2017', 2)":"Diputados","('0009-PE-2017', 3)":"Senado","('0009-PE-2017', 4)":"Senado","('0009-PE-2017', 5)":"Senado","('0009-PE-2017', 6)":"Senado","('0009-PE-2017', 7)":"Senado"},"('Tramites', 'MOVIMIENTO')":{"('0009-PE-2017', 0)":"CITACION SESION ESPECIAL CONJUNTAMENTE PARA LOS EXPEDIENTES 0291-D-2016, 4590-D-2016, 8571-D-2016, 0018-D-2017, 1749-D-2017, 2643-D-2017, 0009-PE-2017, 0051-CD-2017, 2944-D-2017 y 3448-D-2017","('0009-PE-2017', 1)":"CONSIDERACION Y APROBACION CON MODIFICACIONES CONJUNTAMENTE PARA LOS EXPEDIENTES 0291-D-2016, 4590-D-2016, 8571-D-2016, 0018-D-2017, 1749-D-2017, 2643-D-2017, 0009-PE-2017, 0051-CD-2017, 2944-D-2017 y 3448-D-2017","('0009-PE-2017', 2)":"INSERCIONES CONJUNTAMENTE PARA LOS EXPEDIENTES 0291-D-2016, 4590-D-2016, 8571-D-2016, 0018-D-2017, 1749-D-2017, 2643-D-2017, 0009-PE-2017, 0051-CD-2017, 2944-D-2017 y 3448-D-2017","('0009-PE-2017', 3)":"PASA A SENADO - CONJUNTAMENTE PARA LOS EXPEDIENTES 0291-D-2016, 4590-D-2016, 8571-D-2016, 0018-D-2017, 1749-D-2017, 2643-D-2017, 0009-PE-2017, 0051-CD-2017, 2944-D-2017 y 3448-D-2017","('0009-PE-2017', 4)":"SE SUPRIME EL GIRO A LA COMISION DE JUSTICIA Y ASUNTOS PENALES CONJUNTAMENTE PARA LOS EXPEDIENTES 0291-D-2016, 4590-D-2016, 8571-D-2016, 0018-D-2017, 1749-D-2017, 2643-D-2017, 0009-PE-2017, 0051-CD-2017, 2944-D-2017 y 3448-D-2017","('0009-PE-2017', 5)":"COMUNICACION DE LA SECRETARIA PARLAMENTARIA DE LA H. CAMARA DE DIPUTADOS DE UNA FE DE ERRATAS CONJUNTAMENTE PARA LOS EXPEDIENTES 0291-D-2016, 4590-D-2016, 8571-D-2016, 0018-D-2017, 1749-D-2017, 2643-D-2017, 0009-PE-2017, 0051-CD-2017, 2944-D-2017 y 3448-D-2017","('0009-PE-2017', 6)":"CONSIDERACION Y SANCION CONJUNTAMENTE PARA LOS EXPEDIENTES 0291-D-2016, 4590-D-2016, 8571-D-2016, 0018-D-2017, 1749-D-2017, 2643-D-2017, 0009-PE-2017, 0051-CD-2017, 2944-D-2017 y 3448-D-2017","('0009-PE-2017', 7)":"INSERCIONES CONJUNTAMENTE PARA LOS EXPEDIENTES 0291-D-2016, 4590-D-2016, 8571-D-2016, 0018-D-2017, 1749-D-2017, 2643-D-2017, 0009-PE-2017, 0051-CD-2017, 2944-D-2017 y 3448-D-2017"},"('Tramites', 'FECHA')":{"('0009-PE-2017', 0)":"22\/11\/2017","('0009-PE-2017', 1)":"22\/11\/2017","('0009-PE-2017', 2)":"22\/11\/2017","('0009-PE-2017', 3)":null,"('0009-PE-2017', 4)":"27\/12\/2017","('0009-PE-2017', 5)":null,"('0009-PE-2017', 6)":"18\/04\/2018","('0009-PE-2017', 7)":"18\/04\/2018"},"('Tramites', 'RESULTADO')":{"('0009-PE-2017', 0)":null,"('0009-PE-2017', 1)":"MEDIA SANCION","('0009-PE-2017', 2)":null,"('0009-PE-2017', 3)":null,"('0009-PE-2017', 4)":null,"('0009-PE-2017', 5)":null,"('0009-PE-2017', 6)":"SANCIONADO","('0009-PE-2017', 7)":null},"Sumario":{"('0009-PE-2017', 0)":"PREFERENCIA PARA BIENES DE ORIGEN NACIONAL; EXIGENCIA DE ACUERDOS DE COOPERACION PRODUCTIVA; VALOR DEL MODULO; AUTORIDAD DE APLICACION; SANCIONES; DESARROLLO DE PROVEEDORES; CREACION DEL PROGRAMA NACIONAL DE DESARROLLO DE PROVEEDORES EN EL AMBITO DEL MINISTERIO DE PRODUCCION; DEROGACION DEL DECRETO LEY 5340 DE 01\/07\/1963 Y LA LEY 25551; SE MANTIENE LA VIGENCIA DE LA LEY 18875, EN TODO AQUELLO QUE NO SE OPONGA A LA PRESENTE LEY.","('0009-PE-2017', 1)":null,"('0009-PE-2017', 2)":null,"('0009-PE-2017', 3)":null,"('0009-PE-2017', 4)":null,"('0009-PE-2017', 5)":null,"('0009-PE-2017', 6)":null,"('0009-PE-2017', 7)":null},"Palabra Clave":{"('0009-PE-2017', 0)":" ","('0009-PE-2017', 1)":null,"('0009-PE-2017', 2)":null,"('0009-PE-2017', 3)":null,"('0009-PE-2017', 4)":null,"('0009-PE-2017', 5)":null,"('0009-PE-2017', 6)":null,"('0009-PE-2017', 7)":null}}