{"Tipo de Proyecto":{"('0011-D-2017', 0)":"PROYECTO DE LEY"},"Iniciado en: ":{"('0011-D-2017', 0)":"Diputados"},"Expediente Diputados: ":{"('0011-D-2017', 0)":"0011-D-2017"},"Publicado en: ":{"('0011-D-2017', 0)":"Tr\u00e1mite Parlamentario N\u00b0 1"},"Fecha: ":{"('0011-D-2017', 0)":"01\/03\/2017"},"T\u00edtulo":{"('0011-D-2017', 0)":"RUTA NACIONAL N\u00b0 9. SE LA DESIGNA CON EL NOMBRE DE PAPA FRANCISCO."},"('Firmantes', 'FIRMANTE')":{"('0011-D-2017', 0)":"OLMEDO, ALFREDO HORACIO"},"('Firmantes', 'DISTRITO')":{"('0011-D-2017', 0)":"SALTA"},"('Firmantes', 'BLOQUE')":{"('0011-D-2017', 0)":"SALTA SOMOS TODOS"},"('Giros', 'COMISI\u00d3N')":{"('0011-D-2017', 0)":"TRANSPORTES"},"Link":{"('0011-D-2017', 0)":"https:\/\/www.hcdn.gob.ar\/proyectos\/textoCompleto.jsp?exp=0011-D-2017&tipo=LEY"},"Palabra Clave":{"('0011-D-2017', 0)":" "}}