{"Tipo de Proyecto":{"('0011-PE-2017', 0)":"MENSAJE NRO: 0047\/17","('0011-PE-2017', 1)":null,"('0011-PE-2017', 2)":null},"Iniciado en: ":{"('0011-PE-2017', 0)":"Diputados","('0011-PE-2017', 1)":null,"('0011-PE-2017', 2)":null},"Expediente Diputados: ":{"('0011-PE-2017', 0)":"0011-PE-2017","('0011-PE-2017', 1)":null,"('0011-PE-2017', 2)":null},"Publicado en: ":{"('0011-PE-2017', 0)":"Tr\u00e1mite Parlamentario N\u00b0 79","('0011-PE-2017', 1)":null,"('0011-PE-2017', 2)":null},"Fecha: ":{"('0011-PE-2017', 0)":"29\/06\/2017","('0011-PE-2017', 1)":null,"('0011-PE-2017', 2)":null},"T\u00edtulo":{"('0011-PE-2017', 0)":"COMUNICACION DEL DECRETO 421 DE FECHA 13 DE JUNIO DE 2017 POR EL CUAL SE HABILITA CON CARACTER PARTICULAR, DE USO PRIVADO Y CON DESTINO INDUSTRIAL, EL PUERTO PERTENECIENTE A LA FIRMA SHELL COMPA\u00d1IA ARGENTINA DE PETROLEO SOCIEDAD ANONIMA, UBICADO SOBRE LA MARGEN DERECHA DEL RIO PARANA A LA ALTURA DE ARROYO SECO, PROVINCIA DE SANTA FE.","('0011-PE-2017', 1)":null,"('0011-PE-2017', 2)":null},"('Firmantes', 'FIRMANTE')":{"('0011-PE-2017', 0)":"MACRI, MAURICIO","('0011-PE-2017', 1)":"PE\u00d1A, MARCOS","('0011-PE-2017', 2)":"DIETRICH, GUILLERMO JAVIER"},"('Firmantes', 'DISTRITO')":{"('0011-PE-2017', 0)":null,"('0011-PE-2017', 1)":null,"('0011-PE-2017', 2)":null},"('Firmantes', 'BLOQUE')":{"('0011-PE-2017', 0)":"PODER EJECUTIVO","('0011-PE-2017', 1)":"PODER EJECUTIVO","('0011-PE-2017', 2)":"PODER EJECUTIVO"},"('Giros', 'COMISI\u00d3N')":{"('0011-PE-2017', 0)":"INTERESES MARITIMOS, FLUVIALES, PESQUEROS Y PORTUARIOS","('0011-PE-2017', 1)":null,"('0011-PE-2017', 2)":null},"Palabra Clave":{"('0011-PE-2017', 0)":" ","('0011-PE-2017', 1)":null,"('0011-PE-2017', 2)":null}}