{"Tipo de Proyecto":{"('0011-S-2017', 0)":"PROYECTO DE RESOLUCI\u00d3N","('0011-S-2017', 1)":null,"('0011-S-2017', 2)":null},"Iniciado en: ":{"('0011-S-2017', 0)":"Senado","('0011-S-2017', 1)":null,"('0011-S-2017', 2)":null},"Expediente Diputados: ":{"('0011-S-2017', 0)":"0011-S-2017","('0011-S-2017', 1)":null,"('0011-S-2017', 2)":null},"Expediente Senado: ":{"('0011-S-2017', 0)":"0601-S-2017","('0011-S-2017', 1)":null,"('0011-S-2017', 2)":null},"Publicado en: ":{"('0011-S-2017', 0)":"Diario de Asuntos Entrados N\u00b0 31","('0011-S-2017', 1)":null,"('0011-S-2017', 2)":null},"Fecha: ":{"('0011-S-2017', 0)":"29\/03\/2017","('0011-S-2017', 1)":null,"('0011-S-2017', 2)":null},"T\u00edtulo":{"('0011-S-2017', 0)":"DESCLASIFICACION Y QUITA DEL CARACTER DE SECRETO Y\/O RESERVADO A TODA LA DOCUMENTACION Y ACTAS LABRADAS POR LA COMISION BICAMERAL ESPECIAL DE SEGUIMIENTO DE LA INVESTIGACION DE LOS ATENTADOS A LA EMBAJADA DE ISRAEL Y AL EDIFICIO DE LA A.M.I.A.","('0011-S-2017', 1)":null,"('0011-S-2017', 2)":null},"('Firmantes', 'FIRMANTE')":{"('0011-S-2017', 0)":"PINEDO, FEDERICO","('0011-S-2017', 1)":"PICHETTO, MIGUEL ANGEL","('0011-S-2017', 2)":null},"('Firmantes', 'DISTRITO')":{"('0011-S-2017', 0)":"CIUDAD de BUENOS AIRES","('0011-S-2017', 1)":"RIO NEGRO","('0011-S-2017', 2)":null},"('Firmantes', 'BLOQUE')":{"('0011-S-2017', 0)":"FRENTE PRO","('0011-S-2017', 1)":"FRENTE PARA LA VICTORIA - PJ","('0011-S-2017', 2)":null},"('Giros', 'COMISI\u00d3N')":{"('0011-S-2017', 0)":"RELACIONES EXTERIORES Y CULTO","('0011-S-2017', 1)":null,"('0011-S-2017', 2)":null},"('Tramites', 'C\u00c1MARA')":{"('0011-S-2017', 0)":"Senado","('0011-S-2017', 1)":"Senado","('0011-S-2017', 2)":"Senado"},"('Tramites', 'MOVIMIENTO')":{"('0011-S-2017', 0)":"MOCION SOBRE TABLAS (AFIRMATIVA)","('0011-S-2017', 1)":"CONSIDERACION Y APROBACION","('0011-S-2017', 2)":"COMUNICACION A DIPUTADOS -"},"('Tramites', 'FECHA')":{"('0011-S-2017', 0)":"29\/03\/2017","('0011-S-2017', 1)":"29\/03\/2017","('0011-S-2017', 2)":null},"('Tramites', 'RESULTADO')":{"('0011-S-2017', 0)":null,"('0011-S-2017', 1)":"APROBADO","('0011-S-2017', 2)":null},"Sumario":{"('0011-S-2017', 0)":"INVITAR A LA HONORABLE CAMARA DE DIPUTADOS DE LA NACION A EXPEDIRSE EN IGUAL SENTIDO QUE ESTA RESOLUCION.","('0011-S-2017', 1)":null,"('0011-S-2017', 2)":null},"Palabra Clave":{"('0011-S-2017', 0)":" ","('0011-S-2017', 1)":null,"('0011-S-2017', 2)":null}}