{"Tipo de Proyecto":{"('0012-PE-2017', 0)":"MENSAJE NRO: 0059\/17","('0012-PE-2017', 1)":null},"Iniciado en: ":{"('0012-PE-2017', 0)":"Diputados","('0012-PE-2017', 1)":null},"Expediente Diputados: ":{"('0012-PE-2017', 0)":"0012-PE-2017","('0012-PE-2017', 1)":null},"Publicado en: ":{"('0012-PE-2017', 0)":"Tr\u00e1mite Parlamentario N\u00b0 83","('0012-PE-2017', 1)":null},"Fecha: ":{"('0012-PE-2017', 0)":"05\/07\/2017","('0012-PE-2017', 1)":null},"T\u00edtulo":{"('0012-PE-2017', 0)":"FUNDAMENTA LA DESIGNACION DE LOS CANDIDATOS PARA CUBRIR LOS CARGOS DE VICEPRESIDENTE, VOCAL 1\u00b0 Y VOCAL 3\u00b0 DEL ENTE REGULADOR DE LA ELECTRICIDAD - ENRE -\".","('0012-PE-2017', 1)":null},"('Firmantes', 'FIRMANTE')":{"('0012-PE-2017', 0)":"MACRI, MAURICIO","('0012-PE-2017', 1)":"ARANGUREN, JUAN JOSE"},"('Firmantes', 'DISTRITO')":{"('0012-PE-2017', 0)":null,"('0012-PE-2017', 1)":null},"('Firmantes', 'BLOQUE')":{"('0012-PE-2017', 0)":"PODER EJECUTIVO","('0012-PE-2017', 1)":"PODER EJECUTIVO"},"('Giros', 'COMISI\u00d3N')":{"('0012-PE-2017', 0)":"ENERGIA Y COMBUSTIBLES","('0012-PE-2017', 1)":null},"('Tramites', 'C\u00c1MARA')":{"('0012-PE-2017', 0)":"Diputados","('0012-PE-2017', 1)":null},"('Tramites', 'MOVIMIENTO')":{"('0012-PE-2017', 0)":"REMISION DE NOTA ACLARATORIA POR PARTE DEL PODER EJECUTIVO","('0012-PE-2017', 1)":null},"('Tramites', 'FECHA')":{"('0012-PE-2017', 0)":null,"('0012-PE-2017', 1)":null},"('Tramites', 'RESULTADO')":{"('0012-PE-2017', 0)":null,"('0012-PE-2017', 1)":null},"Palabra Clave":{"('0012-PE-2017', 0)":" ","('0012-PE-2017', 1)":null}}