{"Tipo de Proyecto":{"('0012-S-2017', 0)":"COMUNICACION"},"Iniciado en: ":{"('0012-S-2017', 0)":"Senado"},"Expediente Senado: ":{"('0012-S-2017', 0)":"0012-S-2017"},"Publicado en: ":{"('0012-S-2017', 0)":"Diario de Asuntos Entrados N\u00b0 1"},"Fecha: ":{"('0012-S-2017', 0)":"02\/03\/2017"},"T\u00edtulo":{"('0012-S-2017', 0)":"PEDIDO DE INFORMES AL PODER EJECUTIVO SOBRE EL CUMPLIMIENTO DEL ACTA ACUERDO CONVENIDO EN LA \"2\u00ba REUNION DEL DIALOGO PARA LA PRODUCCION Y EL TRABAJO\", SUSCRIPTO EL 23 DE NOVIEMBRE DE 2016."},"('Firmantes', 'FIRMANTE')":{"('0012-S-2017', 0)":"LEGUIZAMON, MARIA LAURA"},"('Firmantes', 'DISTRITO')":{"('0012-S-2017', 0)":"BUENOS AIRES"},"('Firmantes', 'BLOQUE')":{"('0012-S-2017', 0)":"FRENTE PARA LA VICTORIA - PJ"},"Link":{"('0012-S-2017', 0)":"http:\/\/www.senado.gov.ar\/parlamentario\/comisiones\/verExp\/12.17\/S\/PC"},"Palabra Clave":{"('0012-S-2017', 0)":" "}}