{"Tipo de Proyecto":{"('0012-D-2017', 0)":"PROYECTO DE LEY","('0012-D-2017', 1)":null,"('0012-D-2017', 2)":null},"Iniciado en: ":{"('0012-D-2017', 0)":"Diputados","('0012-D-2017', 1)":null,"('0012-D-2017', 2)":null},"Expediente Diputados: ":{"('0012-D-2017', 0)":"0012-D-2017","('0012-D-2017', 1)":null,"('0012-D-2017', 2)":null},"Publicado en: ":{"('0012-D-2017', 0)":"Tr\u00e1mite Parlamentario N\u00b0 1","('0012-D-2017', 1)":null,"('0012-D-2017', 2)":null},"Fecha: ":{"('0012-D-2017', 0)":"01\/03\/2017","('0012-D-2017', 1)":null,"('0012-D-2017', 2)":null},"T\u00edtulo":{"('0012-D-2017', 0)":"DECLARASE DE INTERES PUBLICO EL USO SUSTENTABLE DE LOS SUELOS CON DESTINO A LA PRODUCCION AGROALIMENTARIA. ","('0012-D-2017', 1)":null,"('0012-D-2017', 2)":null},"('Firmantes', 'FIRMANTE')":{"('0012-D-2017', 0)":"OLMEDO, ALFREDO HORACIO","('0012-D-2017', 1)":null,"('0012-D-2017', 2)":null},"('Firmantes', 'DISTRITO')":{"('0012-D-2017', 0)":"SALTA","('0012-D-2017', 1)":null,"('0012-D-2017', 2)":null},"('Firmantes', 'BLOQUE')":{"('0012-D-2017', 0)":"SALTA SOMOS TODOS","('0012-D-2017', 1)":null,"('0012-D-2017', 2)":null},"('Giros', 'COMISI\u00d3N')":{"('0012-D-2017', 0)":"AGRICULTURA Y GANADERIA","('0012-D-2017', 1)":"RECURSOS NATURALES Y CONSERVACION DEL AMBIENTE HUMANO","('0012-D-2017', 2)":"PRESUPUESTO Y HACIENDA"},"Sumario":{"('0012-D-2017', 0)":"ESTABLECER ESTIMULOS O BENEFICIOS  A LOS TITULARES O PROPIETARIOS ALCANZADOS POR LA PRESENTE; CONFORMACION DE IMPLANTACIONES FORESTALES DINAMICAS; COMPENSACION Y EXENCIONES IMPOSITIVAS; CONSORCIOS; AUTORIDAD DE APLICACION.","('0012-D-2017', 1)":null,"('0012-D-2017', 2)":null},"Palabra Clave":{"('0012-D-2017', 0)":" ","('0012-D-2017', 1)":null,"('0012-D-2017', 2)":null}}