{"Tipo de Proyecto":{"('0013-OV-2017', 0)":"PROYECTO DE RESOLUCI\u00d3N"},"Iniciado en: ":{"('0013-OV-2017', 0)":"Senado"},"Expediente Senado: ":{"('0013-OV-2017', 0)":"0013-OV-2017"},"Fecha: ":{"('0013-OV-2017', 0)":"30\/11\/2017"},"T\u00edtulo":{"('0013-OV-2017', 0)":"PEDIDO DE INFORMES AL PODER EJECUTIVO SOBRE RESOLUCION REMITIDA POR LA AUDITORIA GENERAL DE LA NACION 14\/17, APROBANDO EL INFORME SOBRE TRANSFERENCIAS DE FONDOS NACIONALES A LA SUBSECRETARIA DE DESARROLLO URBANO Y VIVIENDA DEL ACTUAL MINISTERIO DEL INTERIOR, OBRAS PUBLICAS Y VIVIENDA PARA LA EJECUCION DE OBRAS VIALES URBANAS, PERIURBANAS, CAMINOS DE LA PRODUCCION, ACCESOS A PUEBLOS Y OBRAS DE SEGURIDAD CON AFECTACIONAL FIDEICOMISO CREADO POR EL DECRETO 976\/2001."},"('Firmantes', 'FIRMANTE')":{"('0013-OV-2017', 0)":"PARLAMENTARIA MIXTA REVISORA DE CUENTAS"},"('Firmantes', 'DISTRITO')":{"('0013-OV-2017', 0)":null},"('Firmantes', 'BLOQUE')":{"('0013-OV-2017', 0)":null},"Link":{"('0013-OV-2017', 0)":"http:\/\/www.senado.gov.ar\/parlamentario\/comisiones\/verExp\/13.17\/OV\/PR"},"Palabra Clave":{"('0013-OV-2017', 0)":" "}}