{"Tipo de Proyecto":{"('0013-PE-2017', 0)":"MENSAJE NRO: 0480\/17","('0013-PE-2017', 1)":null},"Iniciado en: ":{"('0013-PE-2017', 0)":"Diputados","('0013-PE-2017', 1)":null},"Expediente Diputados: ":{"('0013-PE-2017', 0)":"0013-PE-2017","('0013-PE-2017', 1)":null},"Publicado en: ":{"('0013-PE-2017', 0)":"Tr\u00e1mite Parlamentario N\u00b0 85","('0013-PE-2017', 1)":null},"Fecha: ":{"('0013-PE-2017', 0)":"07\/07\/2017","('0013-PE-2017', 1)":null},"T\u00edtulo":{"('0013-PE-2017', 0)":"COMUNICACION DEL DECRETO 480\/17 POR EL CUAL SE ESTABLECE QUE A PARTIR DEL DIA 5 DE JULIO DE 2017, LOS MENSAJES DEL PODER EJECUTIVO NACIONAL Y DE LA JEFATURA DE GABINETE DE MINISTROS Y LOS PROYECTOS DE LEY, DEBERAN SER SUSCRIPTOS MEDIANTE LA UTILIZACION DEL MODULO GENERADOR ELECTRONICO DE DOCUMENTOS OFICIALES - GEDO - DEL SISTEMA DE GESTION DOCUMENTAL ELECTRONICA - GDE.","('0013-PE-2017', 1)":null},"('Firmantes', 'FIRMANTE')":{"('0013-PE-2017', 0)":"MACRI, MAURICIO","('0013-PE-2017', 1)":"PE\u00d1A, MARCOS"},"('Firmantes', 'DISTRITO')":{"('0013-PE-2017', 0)":null,"('0013-PE-2017', 1)":null},"('Firmantes', 'BLOQUE')":{"('0013-PE-2017', 0)":"PODER EJECUTIVO","('0013-PE-2017', 1)":"PODER EJECUTIVO"},"('Giros', 'COMISI\u00d3N')":{"('0013-PE-2017', 0)":"A LA PRESIDENCIA","('0013-PE-2017', 1)":null},"Palabra Clave":{"('0013-PE-2017', 0)":" ","('0013-PE-2017', 1)":null}}