{"Tipo de Proyecto":{"('0014-PE-2017', 0)":"MENSAJE NRO: 0026\/17 Y PROYECTO DE LEY","('0014-PE-2017', 1)":null,"('0014-PE-2017', 2)":null},"Iniciado en: ":{"('0014-PE-2017', 0)":"Senado","('0014-PE-2017', 1)":null,"('0014-PE-2017', 2)":null},"Expediente Senado: ":{"('0014-PE-2017', 0)":"0014-PE-2017","('0014-PE-2017', 1)":null,"('0014-PE-2017', 2)":null},"Publicado en: ":{"('0014-PE-2017', 0)":"Diario de Asuntos Entrados N\u00b0 23","('0014-PE-2017', 1)":null,"('0014-PE-2017', 2)":null},"Fecha: ":{"('0014-PE-2017', 0)":"16\/03\/2017","('0014-PE-2017', 1)":null,"('0014-PE-2017', 2)":null},"T\u00edtulo":{"('0014-PE-2017', 0)":"APROBACION DEL \"CONVENIO INTERJURISDICCIONAL DE TRANSFERENCIA PROGRESIVA DE LA JUSTICIA NACIONAL ORDINARIA PENAL, ENTRE EL ESTADO NACIONAL Y EL GOBIERNO DE LA CIUDAD AUTONOMA DE BUENOS AIRES, CELEBRADO EL 19 DE ENERO DE 2017. ","('0014-PE-2017', 1)":null,"('0014-PE-2017', 2)":null},"('Firmantes', 'FIRMANTE')":{"('0014-PE-2017', 0)":"MACRI, MAURICIO","('0014-PE-2017', 1)":"PE\u00d1A, MARCOS","('0014-PE-2017', 2)":"GARAVANO, GERMAN CARLOS"},"('Firmantes', 'DISTRITO')":{"('0014-PE-2017', 0)":null,"('0014-PE-2017', 1)":null,"('0014-PE-2017', 2)":null},"('Firmantes', 'BLOQUE')":{"('0014-PE-2017', 0)":"PODER EJECUTIVO","('0014-PE-2017', 1)":"PODER EJECUTIVO","('0014-PE-2017', 2)":"PODER EJECUTIVO"},"Sumario":{"('0014-PE-2017', 0)":"MODIFICACION DEL ARTICULO 8 DE LA LEY 24588 (GARANTIA DE LOS INTERESES DEL ESTADO NACIONAL EN LA CIUDAD DE BUENOS AIRES); FACULTAR AL CONSEJO DE LA MAGISTRATURA DE LA NACION PARA REORGANIZAR LOS TRIBUNALES ORALES EN LO CRIMINAL Y CORRECCIONAL Y LOS TRIBUNALES ORALES DE MENORES; TEXTO DEL CONVENIO.","('0014-PE-2017', 1)":null,"('0014-PE-2017', 2)":null},"Palabra Clave":{"('0014-PE-2017', 0)":" ","('0014-PE-2017', 1)":null,"('0014-PE-2017', 2)":null}}