{"Tipo de Proyecto":{"('0015-OV-2017', 0)":"PROYECTO DE RESOLUCI\u00d3N"},"Iniciado en: ":{"('0015-OV-2017', 0)":"Senado"},"Expediente Senado: ":{"('0015-OV-2017', 0)":"0015-OV-2017"},"Fecha: ":{"('0015-OV-2017', 0)":"30\/11\/2017"},"T\u00edtulo":{"('0015-OV-2017', 0)":"PEDIDO DE INFORMES AL PODER EJECUTIVO SOBRE RESOLUCION REMITIDA POR LA AUDITORIA GENERAL DE LA NACION 16\/17, APROBANDO EL INFORME ESPECIAL AL 31\/12\/2015 SOBRE LAS CONTRATACIONES Y CONVENIOS LLEVADOS A CABOS POR EL ENTE NACIONAL DE OBRAS HIDRICAS DE SANEAMIENTO (ENOHSA) EN EL MARCO DEL PLAN INTEGRAL DE SANEAMIENTO (PISA)."},"('Firmantes', 'FIRMANTE')":{"('0015-OV-2017', 0)":"PARLAMENTARIA MIXTA REVISORA DE CUENTAS"},"('Firmantes', 'DISTRITO')":{"('0015-OV-2017', 0)":null},"('Firmantes', 'BLOQUE')":{"('0015-OV-2017', 0)":null},"Link":{"('0015-OV-2017', 0)":"http:\/\/www.senado.gov.ar\/parlamentario\/comisiones\/verExp\/15.17\/OV\/PR"},"Palabra Clave":{"('0015-OV-2017', 0)":" "}}