{"Tipo de Proyecto":{"('0015-D-2017', 0)":"PROYECTO DE LEY","('0015-D-2017', 1)":null},"Iniciado en: ":{"('0015-D-2017', 0)":"Diputados","('0015-D-2017', 1)":null},"Expediente Diputados: ":{"('0015-D-2017', 0)":"0015-D-2017","('0015-D-2017', 1)":null},"Publicado en: ":{"('0015-D-2017', 0)":"Tr\u00e1mite Parlamentario N\u00b0 1","('0015-D-2017', 1)":null},"Fecha: ":{"('0015-D-2017', 0)":"01\/03\/2017","('0015-D-2017', 1)":null},"T\u00edtulo":{"('0015-D-2017', 0)":"DISPONER LA EMISION DE BILLETES DE MIL PESOS -$ 1000-, CON LA IMAGEN DEL GENERAL MARTIN MIGUEL DE G\u00dcEMES","('0015-D-2017', 1)":null},"('Firmantes', 'FIRMANTE')":{"('0015-D-2017', 0)":"OLMEDO, ALFREDO HORACIO","('0015-D-2017', 1)":null},"('Firmantes', 'DISTRITO')":{"('0015-D-2017', 0)":"SALTA","('0015-D-2017', 1)":null},"('Firmantes', 'BLOQUE')":{"('0015-D-2017', 0)":"SALTA SOMOS TODOS","('0015-D-2017', 1)":null},"('Giros', 'COMISI\u00d3N')":{"('0015-D-2017', 0)":"FINANZAS","('0015-D-2017', 1)":"PRESUPUESTO Y HACIENDA"},"Link":{"('0015-D-2017', 0)":"https:\/\/www.hcdn.gob.ar\/proyectos\/textoCompleto.jsp?exp=0015-D-2017&tipo=LEY","('0015-D-2017', 1)":null},"Palabra Clave":{"('0015-D-2017', 0)":" ","('0015-D-2017', 1)":null}}