{"Tipo de Proyecto":{"('0016-PE-2017', 0)":"MENSAJE NRO: 0092\/17 Y PROYECTO DE LEY","('0016-PE-2017', 1)":null,"('0016-PE-2017', 2)":null},"Iniciado en: ":{"('0016-PE-2017', 0)":"Diputados","('0016-PE-2017', 1)":null,"('0016-PE-2017', 2)":null},"Expediente Diputados: ":{"('0016-PE-2017', 0)":"0016-PE-2017","('0016-PE-2017', 1)":null,"('0016-PE-2017', 2)":null},"Publicado en: ":{"('0016-PE-2017', 0)":"Tr\u00e1mite Parlamentario N\u00b0 127","('0016-PE-2017', 1)":null,"('0016-PE-2017', 2)":null},"Fecha: ":{"('0016-PE-2017', 0)":"15\/09\/2017","('0016-PE-2017', 1)":null,"('0016-PE-2017', 2)":null},"T\u00edtulo":{"('0016-PE-2017', 0)":"PRORROGA HASTA EL 31 DE DICIEMBRE DE 2019, LA VIGENCIA DEL IMPUESTO SOBRE LOS CREDITOS Y DEBITOS EN CUENTAS BANCARIAS Y OTRAS OPERATORIAS, PREVISTO EN LOS ARTICULOS 1 A 6 DE LA LEY 25413 Y SUS MODIFICATORIAS.","('0016-PE-2017', 1)":null,"('0016-PE-2017', 2)":null},"('Firmantes', 'FIRMANTE')":{"('0016-PE-2017', 0)":"MACRI, MAURICIO","('0016-PE-2017', 1)":"PE\u00d1A, MARCOS","('0016-PE-2017', 2)":"DUJOVNE, NICOLAS"},"('Firmantes', 'DISTRITO')":{"('0016-PE-2017', 0)":null,"('0016-PE-2017', 1)":null,"('0016-PE-2017', 2)":null},"('Firmantes', 'BLOQUE')":{"('0016-PE-2017', 0)":"PODER EJECUTIVO","('0016-PE-2017', 1)":"PODER EJECUTIVO","('0016-PE-2017', 2)":"PODER EJECUTIVO"},"('Giros', 'COMISI\u00d3N')":{"('0016-PE-2017', 0)":"PRESUPUESTO Y HACIENDA","('0016-PE-2017', 1)":null,"('0016-PE-2017', 2)":null},"Palabra Clave":{"('0016-PE-2017', 0)":" ","('0016-PE-2017', 1)":null,"('0016-PE-2017', 2)":null}}