{"Tipo de Proyecto":{"('0016-S-2017', 0)":"COMUNICACION","('0016-S-2017', 1)":null,"('0016-S-2017', 2)":null},"Iniciado en: ":{"('0016-S-2017', 0)":"Senado","('0016-S-2017', 1)":null,"('0016-S-2017', 2)":null},"Expediente Senado: ":{"('0016-S-2017', 0)":"0016-S-2017","('0016-S-2017', 1)":null,"('0016-S-2017', 2)":null},"Publicado en: ":{"('0016-S-2017', 0)":"Diario de Asuntos Entrados N\u00b0 1","('0016-S-2017', 1)":null,"('0016-S-2017', 2)":null},"Fecha: ":{"('0016-S-2017', 0)":"02\/03\/2017","('0016-S-2017', 1)":null,"('0016-S-2017', 2)":null},"T\u00edtulo":{"('0016-S-2017', 0)":"PEDIDO DE INFORMES AL PODER EJECUTIVO SOBRE DIVERSOS ASPECTOS DEL PROGRAMA NACIONAL REMEDIAR.","('0016-S-2017', 1)":null,"('0016-S-2017', 2)":null},"('Firmantes', 'FIRMANTE')":{"('0016-S-2017', 0)":"GONZALEZ, NANCY SUSANA","('0016-S-2017', 1)":null,"('0016-S-2017', 2)":null},"('Firmantes', 'DISTRITO')":{"('0016-S-2017', 0)":"CHUBUT","('0016-S-2017', 1)":null,"('0016-S-2017', 2)":null},"('Firmantes', 'BLOQUE')":{"('0016-S-2017', 0)":"FRENTE PARA LA VICTORIA - PJ","('0016-S-2017', 1)":null,"('0016-S-2017', 2)":null},"('Tramites', 'C\u00c1MARA')":{"('0016-S-2017', 0)":"Senado","('0016-S-2017', 1)":"Senado","('0016-S-2017', 2)":"Senado"},"('Tramites', 'MOVIMIENTO')":{"('0016-S-2017', 0)":"MOCION SOBRE TABLAS (AFIRMATIVA)","('0016-S-2017', 1)":"CONSIDERACION Y APROBACION","('0016-S-2017', 2)":"CONTESTACION DEL PODER EJECUTIVO NACIONAL - JEFE DE GABINETE DE MINISTROS - GIRADO A LA COMISION RESPECTIVA"},"('Tramites', 'FECHA')":{"('0016-S-2017', 0)":"29\/03\/2017","('0016-S-2017', 1)":"29\/03\/2017","('0016-S-2017', 2)":"07\/09\/2017"},"('Tramites', 'RESULTADO')":{"('0016-S-2017', 0)":null,"('0016-S-2017', 1)":"APROBADO","('0016-S-2017', 2)":null},"Link":{"('0016-S-2017', 0)":"http:\/\/www.senado.gov.ar\/parlamentario\/comisiones\/verExp\/16.17\/S\/PC","('0016-S-2017', 1)":null,"('0016-S-2017', 2)":null},"Palabra Clave":{"('0016-S-2017', 0)":" ","('0016-S-2017', 1)":null,"('0016-S-2017', 2)":null}}