{"Tipo de Proyecto":{"('0016-D-2017', 0)":"PROYECTO DE LEY","('0016-D-2017', 1)":null},"Iniciado en: ":{"('0016-D-2017', 0)":"Diputados","('0016-D-2017', 1)":null},"Expediente Diputados: ":{"('0016-D-2017', 0)":"0016-D-2017","('0016-D-2017', 1)":null},"Publicado en: ":{"('0016-D-2017', 0)":"Tr\u00e1mite Parlamentario N\u00b0 1","('0016-D-2017', 1)":null},"Fecha: ":{"('0016-D-2017', 0)":"01\/03\/2017","('0016-D-2017', 1)":null},"T\u00edtulo":{"('0016-D-2017', 0)":"LIMITE DE PERMANENCIA DE MENORES EN LA VIA PUBLICA.","('0016-D-2017', 1)":null},"('Firmantes', 'FIRMANTE')":{"('0016-D-2017', 0)":"OLMEDO, ALFREDO HORACIO","('0016-D-2017', 1)":null},"('Firmantes', 'DISTRITO')":{"('0016-D-2017', 0)":"SALTA","('0016-D-2017', 1)":null},"('Firmantes', 'BLOQUE')":{"('0016-D-2017', 0)":"SALTA SOMOS TODOS","('0016-D-2017', 1)":null},"('Giros', 'COMISI\u00d3N')":{"('0016-D-2017', 0)":"FAMILIA, MUJER, NI\u00d1EZ Y ADOLESCENCIA","('0016-D-2017', 1)":"LEGISLACION PENAL"},"Sumario":{"('0016-D-2017', 0)":"SANCIONES; PENAS; RETENCIONES DEL HABER MENSUAL DE QUIEN RESULTE RESPONSABLE DEL MENOR; FACULTADES DEL JUEZ; PENA DE PRISION; RECUPERACION DEL DINERO RETENIDO EN CONCEPTO DE MULTA; CELEBRACION DE CONVENIOS.","('0016-D-2017', 1)":null},"Palabra Clave":{"('0016-D-2017', 0)":" ","('0016-D-2017', 1)":null}}