{"Tipo de Proyecto":{"('0017-D-2017', 0)":"PROYECTO DE LEY"},"Iniciado en: ":{"('0017-D-2017', 0)":"Diputados"},"Expediente Diputados: ":{"('0017-D-2017', 0)":"0017-D-2017"},"Publicado en: ":{"('0017-D-2017', 0)":"Tr\u00e1mite Parlamentario N\u00b0 1"},"Fecha: ":{"('0017-D-2017', 0)":"01\/03\/2017"},"T\u00edtulo":{"('0017-D-2017', 0)":"CODIGO PENAL. INCORPORACION DEL ARTICULO 14 BIS, SOBRE LA NO CONCESION DEL BENEFICIO DE LA LIBERTAD CONDICIONAL A CONDENADOS POR DELITOS SEXUALES."},"('Firmantes', 'FIRMANTE')":{"('0017-D-2017', 0)":"OLMEDO, ALFREDO HORACIO"},"('Firmantes', 'DISTRITO')":{"('0017-D-2017', 0)":"SALTA"},"('Firmantes', 'BLOQUE')":{"('0017-D-2017', 0)":"SALTA SOMOS TODOS"},"('Giros', 'COMISI\u00d3N')":{"('0017-D-2017', 0)":"LEGISLACION PENAL"},"('Tramites', 'C\u00c1MARA')":{"('0017-D-2017', 0)":"Diputados"},"('Tramites', 'MOVIMIENTO')":{"('0017-D-2017', 0)":"MANIFESTACIONES EN MINORIA"},"('Tramites', 'FECHA')":{"('0017-D-2017', 0)":"10\/05\/2017"},"('Tramites', 'RESULTADO')":{"('0017-D-2017', 0)":null},"Link":{"('0017-D-2017', 0)":"https:\/\/www.hcdn.gob.ar\/proyectos\/textoCompleto.jsp?exp=0017-D-2017&tipo=LEY"},"Palabra Clave":{"('0017-D-2017', 0)":" "}}