{"Tipo de Proyecto":{"('0017-PE-2017', 0)":"MENSAJE NRO: 0093\/17 Y PROYECTO DE LEY","('0017-PE-2017', 1)":null,"('0017-PE-2017', 2)":null,"('0017-PE-2017', 3)":null,"('0017-PE-2017', 4)":null,"('0017-PE-2017', 5)":null,"('0017-PE-2017', 6)":null,"('0017-PE-2017', 7)":null,"('0017-PE-2017', 8)":null,"('0017-PE-2017', 9)":null,"('0017-PE-2017', 10)":null},"Iniciado en: ":{"('0017-PE-2017', 0)":"Diputados","('0017-PE-2017', 1)":null,"('0017-PE-2017', 2)":null,"('0017-PE-2017', 3)":null,"('0017-PE-2017', 4)":null,"('0017-PE-2017', 5)":null,"('0017-PE-2017', 6)":null,"('0017-PE-2017', 7)":null,"('0017-PE-2017', 8)":null,"('0017-PE-2017', 9)":null,"('0017-PE-2017', 10)":null},"Expediente Diputados: ":{"('0017-PE-2017', 0)":"0017-PE-2017","('0017-PE-2017', 1)":null,"('0017-PE-2017', 2)":null,"('0017-PE-2017', 3)":null,"('0017-PE-2017', 4)":null,"('0017-PE-2017', 5)":null,"('0017-PE-2017', 6)":null,"('0017-PE-2017', 7)":null,"('0017-PE-2017', 8)":null,"('0017-PE-2017', 9)":null,"('0017-PE-2017', 10)":null},"Publicado en: ":{"('0017-PE-2017', 0)":"Tr\u00e1mite Parlamentario N\u00b0 127","('0017-PE-2017', 1)":null,"('0017-PE-2017', 2)":null,"('0017-PE-2017', 3)":null,"('0017-PE-2017', 4)":null,"('0017-PE-2017', 5)":null,"('0017-PE-2017', 6)":null,"('0017-PE-2017', 7)":null,"('0017-PE-2017', 8)":null,"('0017-PE-2017', 9)":null,"('0017-PE-2017', 10)":null},"Fecha: ":{"('0017-PE-2017', 0)":"15\/09\/2017","('0017-PE-2017', 1)":null,"('0017-PE-2017', 2)":null,"('0017-PE-2017', 3)":null,"('0017-PE-2017', 4)":null,"('0017-PE-2017', 5)":null,"('0017-PE-2017', 6)":null,"('0017-PE-2017', 7)":null,"('0017-PE-2017', 8)":null,"('0017-PE-2017', 9)":null,"('0017-PE-2017', 10)":null},"T\u00edtulo":{"('0017-PE-2017', 0)":"REVALUO IMPOSITIVO Y CONTABLE. MODIFICACION DE LA LEY DE IMPUESTO A LAS GANANCIAS.","('0017-PE-2017', 1)":null,"('0017-PE-2017', 2)":null,"('0017-PE-2017', 3)":null,"('0017-PE-2017', 4)":null,"('0017-PE-2017', 5)":null,"('0017-PE-2017', 6)":null,"('0017-PE-2017', 7)":null,"('0017-PE-2017', 8)":null,"('0017-PE-2017', 9)":null,"('0017-PE-2017', 10)":null},"('Firmantes', 'FIRMANTE')":{"('0017-PE-2017', 0)":"MACRI, MAURICIO","('0017-PE-2017', 1)":"PE\u00d1A, MARCOS","('0017-PE-2017', 2)":"DUJOVNE, NICOLAS","('0017-PE-2017', 3)":null,"('0017-PE-2017', 4)":null,"('0017-PE-2017', 5)":null,"('0017-PE-2017', 6)":null,"('0017-PE-2017', 7)":null,"('0017-PE-2017', 8)":null,"('0017-PE-2017', 9)":null,"('0017-PE-2017', 10)":null},"('Firmantes', 'DISTRITO')":{"('0017-PE-2017', 0)":null,"('0017-PE-2017', 1)":null,"('0017-PE-2017', 2)":null,"('0017-PE-2017', 3)":null,"('0017-PE-2017', 4)":null,"('0017-PE-2017', 5)":null,"('0017-PE-2017', 6)":null,"('0017-PE-2017', 7)":null,"('0017-PE-2017', 8)":null,"('0017-PE-2017', 9)":null,"('0017-PE-2017', 10)":null},"('Firmantes', 'BLOQUE')":{"('0017-PE-2017', 0)":"PODER EJECUTIVO","('0017-PE-2017', 1)":"PODER EJECUTIVO","('0017-PE-2017', 2)":"PODER EJECUTIVO","('0017-PE-2017', 3)":null,"('0017-PE-2017', 4)":null,"('0017-PE-2017', 5)":null,"('0017-PE-2017', 6)":null,"('0017-PE-2017', 7)":null,"('0017-PE-2017', 8)":null,"('0017-PE-2017', 9)":null,"('0017-PE-2017', 10)":null},"('Giros', 'COMISI\u00d3N')":{"('0017-PE-2017', 0)":"PRESUPUESTO Y HACIENDA","('0017-PE-2017', 1)":null,"('0017-PE-2017', 2)":null,"('0017-PE-2017', 3)":null,"('0017-PE-2017', 4)":null,"('0017-PE-2017', 5)":null,"('0017-PE-2017', 6)":null,"('0017-PE-2017', 7)":null,"('0017-PE-2017', 8)":null,"('0017-PE-2017', 9)":null,"('0017-PE-2017', 10)":null},"('Tramites', 'C\u00c1MARA')":{"('0017-PE-2017', 0)":"Diputados","('0017-PE-2017', 1)":"Diputados","('0017-PE-2017', 2)":"Diputados","('0017-PE-2017', 3)":"Diputados","('0017-PE-2017', 4)":"Diputados","('0017-PE-2017', 5)":"Senado","('0017-PE-2017', 6)":"Senado","('0017-PE-2017', 7)":"Senado","('0017-PE-2017', 8)":"Senado","('0017-PE-2017', 9)":"Senado","('0017-PE-2017', 10)":"Senado"},"('Tramites', 'MOVIMIENTO')":{"('0017-PE-2017', 0)":"MANIFESTACIONES CONJUNTAMENTE PARA LOS EXPEDIENTES 0017-PE-2017, 0020-PE-2017 y 0078-CD-2017","('0017-PE-2017', 1)":"CITACION SESION ESPECIAL CONJUNTAMENTE PARA LOS EXPEDIENTES 0017-PE-2017, 0020-PE-2017 y 0078-CD-2017","('0017-PE-2017', 2)":"MOCION APLAZAMIENTO DE CONSIDERACION Y EXCLUSION DEL TEMARIO (NEGATIVA) CONJUNTAMENTE PARA LOS EXPEDIENTES 0017-PE-2017, 0020-PE-2017 y 0078-CD-2017","('0017-PE-2017', 3)":"CONSIDERACION Y APROBACION CON MODIFICACIONES CONJUNTAMENTE PARA LOS EXPEDIENTES 0017-PE-2017, 0020-PE-2017 y 0078-CD-2017","('0017-PE-2017', 4)":"INSERCIONES CONJUNTAMENTE PARA LOS EXPEDIENTES 0017-PE-2017, 0020-PE-2017 y 0078-CD-2017","('0017-PE-2017', 5)":"PASA A SENADO - CONJUNTAMENTE PARA LOS EXPEDIENTES 0017-PE-2017, 0020-PE-2017 y 0078-CD-2017","('0017-PE-2017', 6)":"COMUNICACION DE LA SECRETARIA PARLAMENTARIA DE LA H. CAMARA DE DIPUTADOS DE UNA FE DE ERRATAS CONJUNTAMENTE PARA LOS EXPEDIENTES 0017-PE-2017, 0020-PE-2017 y 0078-CD-2017","('0017-PE-2017', 7)":"MOCION SOBRE TABLAS (AFIRMATIVA) CONJUNTAMENTE PARA LOS EXPEDIENTES 0017-PE-2017, 0020-PE-2017 y 0078-CD-2017","('0017-PE-2017', 8)":"MOCION DE CIERRE DE LISTA DE ORADORES (AFIRMATIVA) CONJUNTAMENTE PARA LOS EXPEDIENTES 0017-PE-2017, 0020-PE-2017 y 0078-CD-2017","('0017-PE-2017', 9)":"CONSIDERACION Y SANCION CONJUNTAMENTE PARA LOS EXPEDIENTES 0017-PE-2017, 0020-PE-2017 y 0078-CD-2017","('0017-PE-2017', 10)":"INSERCIONES CONJUNTAMENTE PARA LOS EXPEDIENTES 0017-PE-2017, 0020-PE-2017 y 0078-CD-2017"},"('Tramites', 'FECHA')":{"('0017-PE-2017', 0)":"14\/12\/2017","('0017-PE-2017', 1)":"18\/12\/2017","('0017-PE-2017', 2)":"18\/12\/2017","('0017-PE-2017', 3)":"19\/12\/2017","('0017-PE-2017', 4)":"19\/12\/2017","('0017-PE-2017', 5)":null,"('0017-PE-2017', 6)":null,"('0017-PE-2017', 7)":"27\/12\/2017","('0017-PE-2017', 8)":"27\/12\/2017","('0017-PE-2017', 9)":"27\/12\/2017","('0017-PE-2017', 10)":"27\/12\/2017"},"('Tramites', 'RESULTADO')":{"('0017-PE-2017', 0)":null,"('0017-PE-2017', 1)":null,"('0017-PE-2017', 2)":null,"('0017-PE-2017', 3)":"MEDIA SANCION","('0017-PE-2017', 4)":null,"('0017-PE-2017', 5)":null,"('0017-PE-2017', 6)":null,"('0017-PE-2017', 7)":null,"('0017-PE-2017', 8)":null,"('0017-PE-2017', 9)":"SANCIONADO","('0017-PE-2017', 10)":null},"Sumario":{"('0017-PE-2017', 0)":"CREACION DE UN IMPUESTO ESPECIAL: MODIFICACION DE LOS ARTICULOS 58, 89 Y 95 DE LA LEY DE IMPUESTO A LAS GANANCIAS; PLANILA ANEXA","('0017-PE-2017', 1)":null,"('0017-PE-2017', 2)":null,"('0017-PE-2017', 3)":null,"('0017-PE-2017', 4)":null,"('0017-PE-2017', 5)":null,"('0017-PE-2017', 6)":null,"('0017-PE-2017', 7)":null,"('0017-PE-2017', 8)":null,"('0017-PE-2017', 9)":null,"('0017-PE-2017', 10)":null},"Palabra Clave":{"('0017-PE-2017', 0)":" ","('0017-PE-2017', 1)":null,"('0017-PE-2017', 2)":null,"('0017-PE-2017', 3)":null,"('0017-PE-2017', 4)":null,"('0017-PE-2017', 5)":null,"('0017-PE-2017', 6)":null,"('0017-PE-2017', 7)":null,"('0017-PE-2017', 8)":null,"('0017-PE-2017', 9)":null,"('0017-PE-2017', 10)":null}}