{"Tipo de Proyecto":{"('0018-S-2017', 0)":"PROYECTO DE LEY","('0018-S-2017', 1)":null,"('0018-S-2017', 2)":null,"('0018-S-2017', 3)":null},"Iniciado en: ":{"('0018-S-2017', 0)":"Senado","('0018-S-2017', 1)":null,"('0018-S-2017', 2)":null,"('0018-S-2017', 3)":null},"Expediente Senado: ":{"('0018-S-2017', 0)":"0018-S-2017","('0018-S-2017', 1)":null,"('0018-S-2017', 2)":null,"('0018-S-2017', 3)":null},"Publicado en: ":{"('0018-S-2017', 0)":"Diario de Asuntos Entrados N\u00b0 1","('0018-S-2017', 1)":null,"('0018-S-2017', 2)":null,"('0018-S-2017', 3)":null},"Fecha: ":{"('0018-S-2017', 0)":"02\/03\/2017","('0018-S-2017', 1)":null,"('0018-S-2017', 2)":null,"('0018-S-2017', 3)":null},"T\u00edtulo":{"('0018-S-2017', 0)":"CREACION DEL PROGRAMA NACIONAL DE ESTIMULO A LA PRODUCCION HIDROCARBURIFERA Y PRORROGA DE LOS DERECHOS DE EXPORTACION.","('0018-S-2017', 1)":null,"('0018-S-2017', 2)":null,"('0018-S-2017', 3)":null},"('Firmantes', 'FIRMANTE')":{"('0018-S-2017', 0)":"GONZALEZ, NANCY SUSANA","('0018-S-2017', 1)":"LABADO, MARIA ESTER","('0018-S-2017', 2)":"MIRKIN, BEATRIZ GRACIELA","('0018-S-2017', 3)":"GARCIA, VIRGINIA MARIA"},"('Firmantes', 'DISTRITO')":{"('0018-S-2017', 0)":"CHUBUT","('0018-S-2017', 1)":"SANTA CRUZ","('0018-S-2017', 2)":"TUCUMAN","('0018-S-2017', 3)":"SANTA CRUZ"},"('Firmantes', 'BLOQUE')":{"('0018-S-2017', 0)":"FRENTE PARA LA VICTORIA - PJ","('0018-S-2017', 1)":"FRENTE PARA LA VICTORIA - PJ","('0018-S-2017', 2)":"FRENTE PARA LA VICTORIA - PJ","('0018-S-2017', 3)":"FRENTE PARA LA VICTORIA - PJ"},"('Tramites', 'C\u00c1MARA')":{"('0018-S-2017', 0)":"Senado","('0018-S-2017', 1)":null,"('0018-S-2017', 2)":null,"('0018-S-2017', 3)":null},"('Tramites', 'MOVIMIENTO')":{"('0018-S-2017', 0)":"SOLICITUD DE SER COFIRMANTE DE LA SENADORA GARCIA (A SUS ANTECEDENTES)","('0018-S-2017', 1)":null,"('0018-S-2017', 2)":null,"('0018-S-2017', 3)":null},"('Tramites', 'FECHA')":{"('0018-S-2017', 0)":"29\/03\/2017","('0018-S-2017', 1)":null,"('0018-S-2017', 2)":null,"('0018-S-2017', 3)":null},"('Tramites', 'RESULTADO')":{"('0018-S-2017', 0)":null,"('0018-S-2017', 1)":null,"('0018-S-2017', 2)":null,"('0018-S-2017', 3)":null},"Sumario":{"('0018-S-2017', 0)":"OBJETO; PRORROGA DERECHOS DE EXPORTACION.","('0018-S-2017', 1)":null,"('0018-S-2017', 2)":null,"('0018-S-2017', 3)":null},"Palabra Clave":{"('0018-S-2017', 0)":" ","('0018-S-2017', 1)":null,"('0018-S-2017', 2)":null,"('0018-S-2017', 3)":null}}