{"Tipo de Proyecto":{"('0018-D-2017', 0)":"PROYECTO DE LEY","('0018-D-2017', 1)":null,"('0018-D-2017', 2)":null,"('0018-D-2017', 3)":null,"('0018-D-2017', 4)":null,"('0018-D-2017', 5)":null,"('0018-D-2017', 6)":null,"('0018-D-2017', 7)":null},"Iniciado en: ":{"('0018-D-2017', 0)":"Diputados","('0018-D-2017', 1)":null,"('0018-D-2017', 2)":null,"('0018-D-2017', 3)":null,"('0018-D-2017', 4)":null,"('0018-D-2017', 5)":null,"('0018-D-2017', 6)":null,"('0018-D-2017', 7)":null},"Expediente Diputados: ":{"('0018-D-2017', 0)":"0018-D-2017","('0018-D-2017', 1)":null,"('0018-D-2017', 2)":null,"('0018-D-2017', 3)":null,"('0018-D-2017', 4)":null,"('0018-D-2017', 5)":null,"('0018-D-2017', 6)":null,"('0018-D-2017', 7)":null},"Publicado en: ":{"('0018-D-2017', 0)":"Tr\u00e1mite Parlamentario N\u00b0 1","('0018-D-2017', 1)":null,"('0018-D-2017', 2)":null,"('0018-D-2017', 3)":null,"('0018-D-2017', 4)":null,"('0018-D-2017', 5)":null,"('0018-D-2017', 6)":null,"('0018-D-2017', 7)":null},"Fecha: ":{"('0018-D-2017', 0)":"01\/03\/2017","('0018-D-2017', 1)":null,"('0018-D-2017', 2)":null,"('0018-D-2017', 3)":null,"('0018-D-2017', 4)":null,"('0018-D-2017', 5)":null,"('0018-D-2017', 6)":null,"('0018-D-2017', 7)":null},"T\u00edtulo":{"('0018-D-2017', 0)":"REGIMEN DE COMPRAS DEL ESTADO NACIONAL - LEY 25551 -. MODIFICACION DE LOS ARTICULOS 1\u00b0, 2\u00b0 Y 10\u00b0, SOBRE ADQUISICION, LOCACION O LEASING DE BIENES DE ORIGEN NACIONAL Y SANCIONES, RESPECTIVAMENTE.","('0018-D-2017', 1)":null,"('0018-D-2017', 2)":null,"('0018-D-2017', 3)":null,"('0018-D-2017', 4)":null,"('0018-D-2017', 5)":null,"('0018-D-2017', 6)":null,"('0018-D-2017', 7)":null},"('Firmantes', 'FIRMANTE')":{"('0018-D-2017', 0)":"ZILIOTTO, SERGIO RAUL","('0018-D-2017', 1)":"ROMERO, OSCAR ALBERTO","('0018-D-2017', 2)":"KOSINER, PABLO FRANCISCO JUAN","('0018-D-2017', 3)":null,"('0018-D-2017', 4)":null,"('0018-D-2017', 5)":null,"('0018-D-2017', 6)":null,"('0018-D-2017', 7)":null},"('Firmantes', 'DISTRITO')":{"('0018-D-2017', 0)":"LA PAMPA","('0018-D-2017', 1)":"BUENOS AIRES","('0018-D-2017', 2)":"SALTA","('0018-D-2017', 3)":null,"('0018-D-2017', 4)":null,"('0018-D-2017', 5)":null,"('0018-D-2017', 6)":null,"('0018-D-2017', 7)":null},"('Firmantes', 'BLOQUE')":{"('0018-D-2017', 0)":"JUSTICIALISTA","('0018-D-2017', 1)":"JUSTICIALISTA","('0018-D-2017', 2)":"JUSTICIALISTA","('0018-D-2017', 3)":null,"('0018-D-2017', 4)":null,"('0018-D-2017', 5)":null,"('0018-D-2017', 6)":null,"('0018-D-2017', 7)":null},"('Giros', 'COMISI\u00d3N')":{"('0018-D-2017', 0)":"OBRAS PUBLICAS","('0018-D-2017', 1)":"PEQUE\u00d1AS Y MEDIANAS EMPRESAS","('0018-D-2017', 2)":"PRESUPUESTO Y HACIENDA","('0018-D-2017', 3)":null,"('0018-D-2017', 4)":null,"('0018-D-2017', 5)":null,"('0018-D-2017', 6)":null,"('0018-D-2017', 7)":null},"('Tramites', 'C\u00c1MARA')":{"('0018-D-2017', 0)":"Diputados","('0018-D-2017', 1)":"Diputados","('0018-D-2017', 2)":"Diputados","('0018-D-2017', 3)":"Senado","('0018-D-2017', 4)":"Senado","('0018-D-2017', 5)":"Senado","('0018-D-2017', 6)":"Senado","('0018-D-2017', 7)":"Senado"},"('Tramites', 'MOVIMIENTO')":{"('0018-D-2017', 0)":"CITACION SESION ESPECIAL CONJUNTAMENTE PARA LOS EXPEDIENTES 0291-D-2016, 4590-D-2016, 8571-D-2016, 0018-D-2017, 1749-D-2017, 2643-D-2017, 0009-PE-2017, 0051-CD-2017, 2944-D-2017 y 3448-D-2017","('0018-D-2017', 1)":"CONSIDERACION Y APROBACION CON MODIFICACIONES CONJUNTAMENTE PARA LOS EXPEDIENTES 0291-D-2016, 4590-D-2016, 8571-D-2016, 0018-D-2017, 1749-D-2017, 2643-D-2017, 0009-PE-2017, 0051-CD-2017, 2944-D-2017 y 3448-D-2017","('0018-D-2017', 2)":"INSERCIONES CONJUNTAMENTE PARA LOS EXPEDIENTES 0291-D-2016, 4590-D-2016, 8571-D-2016, 0018-D-2017, 1749-D-2017, 2643-D-2017, 0009-PE-2017, 0051-CD-2017, 2944-D-2017 y 3448-D-2017","('0018-D-2017', 3)":"PASA A SENADO - CONJUNTAMENTE PARA LOS EXPEDIENTES 0291-D-2016, 4590-D-2016, 8571-D-2016, 0018-D-2017, 1749-D-2017, 2643-D-2017, 0009-PE-2017, 0051-CD-2017, 2944-D-2017 y 3448-D-2017","('0018-D-2017', 4)":"SE SUPRIME EL GIRO A LA COMISION DE JUSTICIA Y ASUNTOS PENALES CONJUNTAMENTE PARA LOS EXPEDIENTES 0291-D-2016, 4590-D-2016, 8571-D-2016, 0018-D-2017, 1749-D-2017, 2643-D-2017, 0009-PE-2017, 0051-CD-2017, 2944-D-2017 y 3448-D-2017","('0018-D-2017', 5)":"COMUNICACION DE LA SECRETARIA PARLAMENTARIA DE LA H. CAMARA DE DIPUTADOS DE UNA FE DE ERRATAS CONJUNTAMENTE PARA LOS EXPEDIENTES 0291-D-2016, 4590-D-2016, 8571-D-2016, 0018-D-2017, 1749-D-2017, 2643-D-2017, 0009-PE-2017, 0051-CD-2017, 2944-D-2017 y 3448-D-2017","('0018-D-2017', 6)":"CONSIDERACION Y SANCION CONJUNTAMENTE PARA LOS EXPEDIENTES 0291-D-2016, 4590-D-2016, 8571-D-2016, 0018-D-2017, 1749-D-2017, 2643-D-2017, 0009-PE-2017, 0051-CD-2017, 2944-D-2017 y 3448-D-2017","('0018-D-2017', 7)":"INSERCIONES CONJUNTAMENTE PARA LOS EXPEDIENTES 0291-D-2016, 4590-D-2016, 8571-D-2016, 0018-D-2017, 1749-D-2017, 2643-D-2017, 0009-PE-2017, 0051-CD-2017, 2944-D-2017 y 3448-D-2017"},"('Tramites', 'FECHA')":{"('0018-D-2017', 0)":"22\/11\/2017","('0018-D-2017', 1)":"22\/11\/2017","('0018-D-2017', 2)":"22\/11\/2017","('0018-D-2017', 3)":null,"('0018-D-2017', 4)":"27\/12\/2017","('0018-D-2017', 5)":null,"('0018-D-2017', 6)":"18\/04\/2018","('0018-D-2017', 7)":"18\/04\/2018"},"('Tramites', 'RESULTADO')":{"('0018-D-2017', 0)":null,"('0018-D-2017', 1)":"MEDIA SANCION","('0018-D-2017', 2)":null,"('0018-D-2017', 3)":null,"('0018-D-2017', 4)":null,"('0018-D-2017', 5)":null,"('0018-D-2017', 6)":"SANCIONADO","('0018-D-2017', 7)":null},"Link":{"('0018-D-2017', 0)":"https:\/\/www.hcdn.gob.ar\/proyectos\/textoCompleto.jsp?exp=0018-D-2017&tipo=LEY","('0018-D-2017', 1)":null,"('0018-D-2017', 2)":null,"('0018-D-2017', 3)":null,"('0018-D-2017', 4)":null,"('0018-D-2017', 5)":null,"('0018-D-2017', 6)":null,"('0018-D-2017', 7)":null},"Palabra Clave":{"('0018-D-2017', 0)":" ","('0018-D-2017', 1)":null,"('0018-D-2017', 2)":null,"('0018-D-2017', 3)":null,"('0018-D-2017', 4)":null,"('0018-D-2017', 5)":null,"('0018-D-2017', 6)":null,"('0018-D-2017', 7)":null}}