{"Tipo de Proyecto":{"('0019-PE-2017', 0)":"MENSAJE NRO: 0125\/17 Y PROYECTO DE LEY","('0019-PE-2017', 1)":null,"('0019-PE-2017', 2)":null,"('0019-PE-2017', 3)":null,"('0019-PE-2017', 4)":null,"('0019-PE-2017', 5)":null,"('0019-PE-2017', 6)":null,"('0019-PE-2017', 7)":null,"('0019-PE-2017', 8)":null,"('0019-PE-2017', 9)":null,"('0019-PE-2017', 10)":null},"Iniciado en: ":{"('0019-PE-2017', 0)":"Diputados","('0019-PE-2017', 1)":null,"('0019-PE-2017', 2)":null,"('0019-PE-2017', 3)":null,"('0019-PE-2017', 4)":null,"('0019-PE-2017', 5)":null,"('0019-PE-2017', 6)":null,"('0019-PE-2017', 7)":null,"('0019-PE-2017', 8)":null,"('0019-PE-2017', 9)":null,"('0019-PE-2017', 10)":null},"Expediente Diputados: ":{"('0019-PE-2017', 0)":"0019-PE-2017","('0019-PE-2017', 1)":null,"('0019-PE-2017', 2)":null,"('0019-PE-2017', 3)":null,"('0019-PE-2017', 4)":null,"('0019-PE-2017', 5)":null,"('0019-PE-2017', 6)":null,"('0019-PE-2017', 7)":null,"('0019-PE-2017', 8)":null,"('0019-PE-2017', 9)":null,"('0019-PE-2017', 10)":null},"Expediente Senado: ":{"('0019-PE-2017', 0)":"0050-CD-2017","('0019-PE-2017', 1)":null,"('0019-PE-2017', 2)":null,"('0019-PE-2017', 3)":null,"('0019-PE-2017', 4)":null,"('0019-PE-2017', 5)":null,"('0019-PE-2017', 6)":null,"('0019-PE-2017', 7)":null,"('0019-PE-2017', 8)":null,"('0019-PE-2017', 9)":null,"('0019-PE-2017', 10)":null},"Publicado en: ":{"('0019-PE-2017', 0)":"Tr\u00e1mite Parlamentario N\u00b0 165","('0019-PE-2017', 1)":null,"('0019-PE-2017', 2)":null,"('0019-PE-2017', 3)":null,"('0019-PE-2017', 4)":null,"('0019-PE-2017', 5)":null,"('0019-PE-2017', 6)":null,"('0019-PE-2017', 7)":null,"('0019-PE-2017', 8)":null,"('0019-PE-2017', 9)":null,"('0019-PE-2017', 10)":null},"Fecha: ":{"('0019-PE-2017', 0)":"13\/11\/2017","('0019-PE-2017', 1)":null,"('0019-PE-2017', 2)":null,"('0019-PE-2017', 3)":null,"('0019-PE-2017', 4)":null,"('0019-PE-2017', 5)":null,"('0019-PE-2017', 6)":null,"('0019-PE-2017', 7)":null,"('0019-PE-2017', 8)":null,"('0019-PE-2017', 9)":null,"('0019-PE-2017', 10)":null},"T\u00edtulo":{"('0019-PE-2017', 0)":"REGIMEN DE FINANCIAMIENTO PRODUCTIVO.","('0019-PE-2017', 1)":null,"('0019-PE-2017', 2)":null,"('0019-PE-2017', 3)":null,"('0019-PE-2017', 4)":null,"('0019-PE-2017', 5)":null,"('0019-PE-2017', 6)":null,"('0019-PE-2017', 7)":null,"('0019-PE-2017', 8)":null,"('0019-PE-2017', 9)":null,"('0019-PE-2017', 10)":null},"('Firmantes', 'FIRMANTE')":{"('0019-PE-2017', 0)":"MACRI, MAURICIO","('0019-PE-2017', 1)":"PE\u00d1A, MARCOS","('0019-PE-2017', 2)":"CAPUTO, LUIS ANDRES","('0019-PE-2017', 3)":null,"('0019-PE-2017', 4)":null,"('0019-PE-2017', 5)":null,"('0019-PE-2017', 6)":null,"('0019-PE-2017', 7)":null,"('0019-PE-2017', 8)":null,"('0019-PE-2017', 9)":null,"('0019-PE-2017', 10)":null},"('Firmantes', 'DISTRITO')":{"('0019-PE-2017', 0)":null,"('0019-PE-2017', 1)":null,"('0019-PE-2017', 2)":null,"('0019-PE-2017', 3)":null,"('0019-PE-2017', 4)":null,"('0019-PE-2017', 5)":null,"('0019-PE-2017', 6)":null,"('0019-PE-2017', 7)":null,"('0019-PE-2017', 8)":null,"('0019-PE-2017', 9)":null,"('0019-PE-2017', 10)":null},"('Firmantes', 'BLOQUE')":{"('0019-PE-2017', 0)":"PODER EJECUTIVO","('0019-PE-2017', 1)":"PODER EJECUTIVO","('0019-PE-2017', 2)":"PODER EJECUTIVO","('0019-PE-2017', 3)":null,"('0019-PE-2017', 4)":null,"('0019-PE-2017', 5)":null,"('0019-PE-2017', 6)":null,"('0019-PE-2017', 7)":null,"('0019-PE-2017', 8)":null,"('0019-PE-2017', 9)":null,"('0019-PE-2017', 10)":null},"('Giros', 'COMISI\u00d3N')":{"('0019-PE-2017', 0)":"FINANZAS","('0019-PE-2017', 1)":"LEGISLACION GENERAL","('0019-PE-2017', 2)":"PRESUPUESTO Y HACIENDA","('0019-PE-2017', 3)":null,"('0019-PE-2017', 4)":null,"('0019-PE-2017', 5)":null,"('0019-PE-2017', 6)":null,"('0019-PE-2017', 7)":null,"('0019-PE-2017', 8)":null,"('0019-PE-2017', 9)":null,"('0019-PE-2017', 10)":null},"('Tramites', 'C\u00c1MARA')":{"('0019-PE-2017', 0)":"Diputados","('0019-PE-2017', 1)":"Diputados","('0019-PE-2017', 2)":"Diputados","('0019-PE-2017', 3)":"Diputados","('0019-PE-2017', 4)":"Senado","('0019-PE-2017', 5)":"Senado","('0019-PE-2017', 6)":"Senado","('0019-PE-2017', 7)":"Diputados","('0019-PE-2017', 8)":"Diputados","('0019-PE-2017', 9)":"Diputados","('0019-PE-2017', 10)":"Diputados"},"('Tramites', 'MOVIMIENTO')":{"('0019-PE-2017', 0)":"CITACION SESION ESPECIAL","('0019-PE-2017', 1)":"CONSIDERACION Y APROBACION EN GENERAL","('0019-PE-2017', 2)":"CONTINUA CONSIDERACION Y APROBACION EN PARTICULAR CON MODIFICACIONES (VOTACIONES NOMINALES), MOCION DE RECONSIDERACION ARTICULO 209","('0019-PE-2017', 3)":"INSERCIONES","('0019-PE-2017', 4)":"PASA A SENADO -","('0019-PE-2017', 5)":"CONSIDERACION Y APROBACION CON MODIFICACIONES","('0019-PE-2017', 6)":"INSERCIONES","('0019-PE-2017', 7)":"VUELVE A DIPUTADOS -","('0019-PE-2017', 8)":"CITACION SESION ESPECIAL","('0019-PE-2017', 9)":"CONSIDERACION Y SANCION","('0019-PE-2017', 10)":"INSERCIONES"},"('Tramites', 'FECHA')":{"('0019-PE-2017', 0)":"22\/11\/2017","('0019-PE-2017', 1)":"22\/11\/2017","('0019-PE-2017', 2)":"22\/11\/2017","('0019-PE-2017', 3)":"22\/11\/2017","('0019-PE-2017', 4)":null,"('0019-PE-2017', 5)":"21\/03\/2018","('0019-PE-2017', 6)":"21\/03\/2018","('0019-PE-2017', 7)":null,"('0019-PE-2017', 8)":"09\/05\/2018","('0019-PE-2017', 9)":"09\/05\/2018","('0019-PE-2017', 10)":"09\/05\/2018"},"('Tramites', 'RESULTADO')":{"('0019-PE-2017', 0)":null,"('0019-PE-2017', 1)":null,"('0019-PE-2017', 2)":"MEDIA SANCION","('0019-PE-2017', 3)":null,"('0019-PE-2017', 4)":null,"('0019-PE-2017', 5)":"MEDIA SANCION","('0019-PE-2017', 6)":null,"('0019-PE-2017', 7)":null,"('0019-PE-2017', 8)":null,"('0019-PE-2017', 9)":"SANCIONADO","('0019-PE-2017', 10)":null},"Sumario":{"('0019-PE-2017', 0)":"IMPULSO AL FINANCIAMIENTO DE PYMES: MODIFICACION DEL ARTICULO 284 DE LA LEY GENERAL DE SOCIEDADES - LEY 19550 -; IMPULSO AL FINANCIAMIENTO HIPOTECARIO Y AL AHORRO: MODIFICACION DEL ARTICULO 39, 49, 70 Y 72 DE LA LEY 24441 - FINANCIAMIENTO DE LA VIVIENDA Y LA CONSTRUCCION - MODIFICACION DEL INCISO 2 DEL ARTICULO 24 DE LA LEY 20091 - LEY DE ENTIDADES DE SEGUROS Y SU CONTROL -; MODIFICACION DE LA LEY 26831 (MERCADO DE CAPITALES): MODIFICACION DE LOS ARTICULOS 1, 2, 3, 4, 9, 11, 12, 14, 16, 17, 18, 19, 20, 23, 29, 30, 31; 32, 35, 36, 39, 40, 44, 45, 47, 52, 53, 55, 56, 57, 79, 82, 83, 84, 86, 87, 88, 89, 90, 91, 93, 94, 96, 97, 98, 99, 105, 106, 107, 108, 109, 111, 119, 132, 133, 134, 135, 138, 139, 140, 143, 144, 145 Y 153, INCORPORACION DEL ARTICULO 62 BIS, DEROGACION DE LOS ARTICULOS 42 Y 85, SUSTITUCION DE LA DENOMINACION DEL CAPITULO I, TITULO II DE LA LEY 26831; MODIFICACION DE LA LEY 24083: MODIFICACION DE LOS ARTICULOS 1, 2, 3, 4, 5, 6, 7, 8, 9, 10, 11, 12, 13, 14, 15, 16, 17, 18, 19, 20, 22, 23, 24, 25, 26, 27, 28, 29, 32, 33, 34, 35 Y 38, INCORPORACION DE LOS ARTICULOS 4 BIS, 7 BIS, 24 BIS Y 24 TER, DEROGACION DE LOS ARTICULOS 21, 30, 31, 36, 37 Y 39 DE LA LEY 24083 (REGIMEN LEGAL DE FONDOS COMUNES DE INVERSION); AGENTES DE GARANTIA PARA FINANCIAMIENTOS COLECTIVOS; MODIFICACION DE LA LEY 23576 (OBLIGACIONES NEGOCIABLES) : MODIFICACION DE LOS ARTICULOS 1, 3, 4, 7, 9, 10, 11, 13, 14, 29, 31, 33 Y 36; MODIFICACION DE LA LEY 20643 (REGIMEN DE DESGRAVACION IMPOSITIVA PARA LA COMPRA DE TITULOS VALORES PRIVADOS) : MODIFICACION DE LOS ARTICULOS 30, 31, 32, 33, 34, 35, 36, 37, 38, 39, 40, 41, 42, 43, 44, 45, 46, 47, 48, 49, 50, 52, 53, 54, 55, 56, 58, 59 Y 60, INCORPORACION DE LOS ARTICULOS 31 BIS Y 61, DEROGACION DEL ARTICULO 57 DE LA LEY 20643; REGULACIONES DE INSTRUMENTOS DERIVADOS; MODIFICACIONES A LA LEY 27264 (PROGRAMA DE RECUPERACION PRODUCTIVA): MODIFICACION DE LOS ARTICULOS 51, 52, 53, 54 Y 55; MODIFICACIONES A LA LEY 25246 (LAVADO DE ACTIVOS): MODIFICACION DE LOS ARTICULOS INCISO 4) Y 5) DEL ARTICULO 20; MODIFICACION DE LA LEY 26994 - CODIGO CIVIL Y COMERCIAL DE LA NACION: MODIFICACION DE LOS ARTICULOS 1673, 1692, 1693, Y 1839 ; IMPULSO A LA APERTURA DE CAPITAL Y AL DESARROLLO DE PROYECTOS INMOBILIARIOS Y DE INFRAESTRUCTURA; SISTEMA DE FINANCIAMIENTO COLECTIVO; DISPOSICIONES GENERALES.","('0019-PE-2017', 1)":null,"('0019-PE-2017', 2)":null,"('0019-PE-2017', 3)":null,"('0019-PE-2017', 4)":null,"('0019-PE-2017', 5)":null,"('0019-PE-2017', 6)":null,"('0019-PE-2017', 7)":null,"('0019-PE-2017', 8)":null,"('0019-PE-2017', 9)":null,"('0019-PE-2017', 10)":null},"Palabra Clave":{"('0019-PE-2017', 0)":" ","('0019-PE-2017', 1)":null,"('0019-PE-2017', 2)":null,"('0019-PE-2017', 3)":null,"('0019-PE-2017', 4)":null,"('0019-PE-2017', 5)":null,"('0019-PE-2017', 6)":null,"('0019-PE-2017', 7)":null,"('0019-PE-2017', 8)":null,"('0019-PE-2017', 9)":null,"('0019-PE-2017', 10)":null}}