{"Tipo de Proyecto":{"('0021-D-2017', 0)":"PROYECTO DE LEY","('0021-D-2017', 1)":null},"Iniciado en: ":{"('0021-D-2017', 0)":"Diputados","('0021-D-2017', 1)":null},"Expediente Diputados: ":{"('0021-D-2017', 0)":"0021-D-2017","('0021-D-2017', 1)":null},"Publicado en: ":{"('0021-D-2017', 0)":"Tr\u00e1mite Parlamentario N\u00b0 1","('0021-D-2017', 1)":null},"Fecha: ":{"('0021-D-2017', 0)":"01\/03\/2017","('0021-D-2017', 1)":null},"T\u00edtulo":{"('0021-D-2017', 0)":"ETICA PUBLICA - LEY 25188 -. INCORPORACION DEL ARTICULO 4\u00b0 BIS, SOBRE DECLARACION JURADA DE ADICCIONES.","('0021-D-2017', 1)":null},"('Firmantes', 'FIRMANTE')":{"('0021-D-2017', 0)":"OLMEDO, ALFREDO HORACIO","('0021-D-2017', 1)":null},"('Firmantes', 'DISTRITO')":{"('0021-D-2017', 0)":"SALTA","('0021-D-2017', 1)":null},"('Firmantes', 'BLOQUE')":{"('0021-D-2017', 0)":"SALTA SOMOS TODOS","('0021-D-2017', 1)":null},"('Giros', 'COMISI\u00d3N')":{"('0021-D-2017', 0)":"ASUNTOS CONSTITUCIONALES","('0021-D-2017', 1)":"LEGISLACION GENERAL"},"Link":{"('0021-D-2017', 0)":"https:\/\/www.hcdn.gob.ar\/proyectos\/textoCompleto.jsp?exp=0021-D-2017&tipo=LEY","('0021-D-2017', 1)":null},"Palabra Clave":{"('0021-D-2017', 0)":" ","('0021-D-2017', 1)":null}}