{"Tipo de Proyecto":{"('0022-PE-2017', 0)":"MENSAJE NRO: 0133\/17","('0022-PE-2017', 1)":null},"Iniciado en: ":{"('0022-PE-2017', 0)":"Diputados","('0022-PE-2017', 1)":null},"Expediente Diputados: ":{"('0022-PE-2017', 0)":"0022-PE-2017","('0022-PE-2017', 1)":null},"Publicado en: ":{"('0022-PE-2017', 0)":"Tr\u00e1mite Parlamentario N\u00b0 173","('0022-PE-2017', 1)":null},"Fecha: ":{"('0022-PE-2017', 0)":"24\/11\/2017","('0022-PE-2017', 1)":null},"T\u00edtulo":{"('0022-PE-2017', 0)":"FUNDAMENTAR LA DESIGNACION DE LOS CANDIDATOS PARA CUBRIR LOS CARGOS DE PRESIDENTE DEL DIRECTORIO DEL ENTE NACIONAL REGULADOR DE LA ELECTRICIDAD - ENRE - Y DE PRESIDENTE DEL ENTE NACIONAL REGULADOR DEL GAS - ENARGAS -.","('0022-PE-2017', 1)":null},"('Firmantes', 'FIRMANTE')":{"('0022-PE-2017', 0)":"MACRI, MAURICIO","('0022-PE-2017', 1)":"ARANGUREN, JUAN JOSE"},"('Firmantes', 'DISTRITO')":{"('0022-PE-2017', 0)":null,"('0022-PE-2017', 1)":null},"('Firmantes', 'BLOQUE')":{"('0022-PE-2017', 0)":"PODER EJECUTIVO","('0022-PE-2017', 1)":"PODER EJECUTIVO"},"('Giros', 'COMISI\u00d3N')":{"('0022-PE-2017', 0)":"ENERGIA Y COMBUSTIBLES","('0022-PE-2017', 1)":null},"Sumario":{"('0022-PE-2017', 0)":"PRESIDENTE DEL ENRE: INGENIERO ANDRES CHAMBOULEYRON; PRESIDENTE DEL ENARGAS: LICENCIADO MAURICIO EZEQUIEL  ROITMAN.","('0022-PE-2017', 1)":null},"Palabra Clave":{"('0022-PE-2017', 0)":" ","('0022-PE-2017', 1)":null}}