{"Tipo de Proyecto":{"('0023-D-2017', 0)":"PROYECTO DE LEY"},"Iniciado en: ":{"('0023-D-2017', 0)":"Diputados"},"Expediente Diputados: ":{"('0023-D-2017', 0)":"0023-D-2017"},"Publicado en: ":{"('0023-D-2017', 0)":"Tr\u00e1mite Parlamentario N\u00b0 1"},"Fecha: ":{"('0023-D-2017', 0)":"01\/03\/2017"},"T\u00edtulo":{"('0023-D-2017', 0)":"CENSO DE TELEFONIA MOVIL."},"('Firmantes', 'FIRMANTE')":{"('0023-D-2017', 0)":"OLMEDO, ALFREDO HORACIO"},"('Firmantes', 'DISTRITO')":{"('0023-D-2017', 0)":"SALTA"},"('Firmantes', 'BLOQUE')":{"('0023-D-2017', 0)":"SALTA SOMOS TODOS"},"('Giros', 'COMISI\u00d3N')":{"('0023-D-2017', 0)":"COMUNICACIONES E INFORMATICA"},"Sumario":{"('0023-D-2017', 0)":"PROHIBICIONES."},"Palabra Clave":{"('0023-D-2017', 0)":" "}}