{"Tipo de Proyecto":{"('0024-OV-2017', 0)":"PROYECTO DE RESOLUCI\u00d3N"},"Iniciado en: ":{"('0024-OV-2017', 0)":"Senado"},"Expediente Senado: ":{"('0024-OV-2017', 0)":"0024-OV-2017"},"Fecha: ":{"('0024-OV-2017', 0)":"30\/11\/2017"},"T\u00edtulo":{"('0024-OV-2017', 0)":"PEDIDO DE INFORMES AL PODER EJECUTIVO SOBRE RESOLUCION REMITIDA POR LA AUDITORIA GENERAL DE LA NACION 19\/17, APROBANDO EL INFORME DE CONTROL DE GESTION AMBIENTAL REALIZADO EN LA SECRETARIA DE AMBIENTE Y DESARROLLO SUSTENTABLE."},"('Firmantes', 'FIRMANTE')":{"('0024-OV-2017', 0)":"PARLAMENTARIA MIXTA REVISORA DE CUENTAS"},"('Firmantes', 'DISTRITO')":{"('0024-OV-2017', 0)":null},"('Firmantes', 'BLOQUE')":{"('0024-OV-2017', 0)":null},"Link":{"('0024-OV-2017', 0)":"http:\/\/www.senado.gov.ar\/parlamentario\/comisiones\/verExp\/24.17\/OV\/PR"},"Palabra Clave":{"('0024-OV-2017', 0)":" "}}