{"Tipo de Proyecto":{"('0024-PE-2017', 0)":"MENSAJE NRO: 0146\/17","('0024-PE-2017', 1)":null},"Iniciado en: ":{"('0024-PE-2017', 0)":"Diputados","('0024-PE-2017', 1)":null},"Expediente Diputados: ":{"('0024-PE-2017', 0)":"0024-PE-2017","('0024-PE-2017', 1)":null},"Publicado en: ":{"('0024-PE-2017', 0)":"Tr\u00e1mite Parlamentario N\u00b0 183","('0024-PE-2017', 1)":null},"Fecha: ":{"('0024-PE-2017', 0)":"11\/12\/2017","('0024-PE-2017', 1)":null},"T\u00edtulo":{"('0024-PE-2017', 0)":"COMUNICACION DEL DECRETO 1014\/17, POR EL CUAL SE CONVOCA A SESIONES EXTRAORDINARIAS DESDE EL 11 HASTA EL 31 DE DICIEMBRE DE 2017.","('0024-PE-2017', 1)":null},"('Firmantes', 'FIRMANTE')":{"('0024-PE-2017', 0)":"MACRI, MAURICIO","('0024-PE-2017', 1)":"PE\u00d1A, MARCOS"},"('Firmantes', 'DISTRITO')":{"('0024-PE-2017', 0)":null,"('0024-PE-2017', 1)":null},"('Firmantes', 'BLOQUE')":{"('0024-PE-2017', 0)":"PODER EJECUTIVO","('0024-PE-2017', 1)":"PODER EJECUTIVO"},"('Giros', 'COMISI\u00d3N')":{"('0024-PE-2017', 0)":"A LA PRESIDENCIA","('0024-PE-2017', 1)":null},"Sumario":{"('0024-PE-2017', 0)":"TEMARIO: CONSIDERACION DE ACUERDOS PARA DESIGNACIONES Y PROMOCIONES, AUTORIZACION AL SE\u00d1OR PRESIDENTE DE LA NACION PARA AUSENTARSE DEL PAIS DURANTE EL A\u00d1O 2018 CUANDO RAZONES DE GOBIERNO ASI LO REQUIERAN (MENSAJE 0112\/17) (EXPEDIENTE 0369- PE-17), CONSIDERACION DE TRATADOS, CONVENIOS Y ACUERDOS INTERNACIONALES, RESOLUCION PROPONIENDO DESIGNACION DE REFERENTES PARLAMENTARIOS COMO INTEGRANTES DEL COMITE  DE LUCHA CONTRA LA TORTURA, EN CUMPLIMIENTO DE LA LEY 26827, AUTORIZACION PARA DESEMPE\u00d1AR SUS RESPECTIVOS CARGOS DE CONSULES Y VICECONSULES HONORARIOS PROPUESTOS POR GOBIERNOS EXTRANJEROS (0009-OV-16, 0010-OV16, 0082-OV-16, 0083-OV-16, 0098-OV-16, 0140-OV-16, 0277-OV-16, 0407-OV-16, 0414-OV-16, 0415-OV-16, 0416-OV-16, 0552-OV-16, 0579-OV-16, 0650-OV-16, 691-OV-16; 0147-OV-17, 0048-OV-17, 0238-OV-17, 0300-OV-17, 0344-OV-17, 0416-OV-17, 0428-OV-17, 0429-OV-17, 0430-OV-17, 0431-OV-17, 0432-OV-17, 0433-OV-17, 0434-OV-17, 0435-OV-17, 0436-OV-17, 0437-OV-17 Y 0438-OV-17), REFORMA DEL SISTEMA TRIBUTADO ARGENTINO (MENSAJE 0126\/17) (EXPEDIENTE 0020-PE-2017), COMPROMISOS TRIBUTARIOS DEL CONSENSO FISCAL - PRORROGAS Y MODIFICACIONES IMPOSITIVAS (MENSAJE 0143\/17) (EXPEDIENTE 0023-PE-2017), PRORROGA DEL IMPUESTO SOBRE LOS CREDITOS Y DEBITOS EN CUENTAS BANCARIAS Y OTRAS OPERATORIAS, PREVISTO EN LOS ARTICULOS 1 A 6 DE LA LEY 25413 Y SUS MODIFICACIONES (MENSAJE 0092\/(7) (EXPEDIENTE 0016-PE-2017), REVALUO IMPOSITIVO Y CONTABLE, MODIFICACION DE LA LEY DE IMPUESTO A LAS GANANCIAS (MENSAJE 0093\/17) (EXPEDIENTE 0017-PE-2017), APROBACION DEL CONSENSO FISCAL SUSCRIPTO EL 16 DE NOVIEMBRE DE 2017 ENTRE EL PODER EJECUTIVO NACIONAL Y LAS PROVINCIAS Y LAS CIUDAD AUTONOMA DE BUENOS AIRES (MENSAJE 1211\/17) (EXPEDIENTE 0390-PE-17), REGIMEN FEDERAL DE RESPONSABILIDAD FISCAL Y BUENAS PRACTICAS DE GOBIERNO (EXPEDIENTES 3971-S-7017 Y O125-S2-017) (0331-OV-17), REFORMA PREVISIONAL (MENSAJE 0129\/17) (EXPEDIENTE 0039-PE-17), PRESUPUESTO GENERAL DE LA ADMINISTRACION NACIONAL PARA EL EJERCICIO 2018 (MENSAJE 0025\/17) (EXPEDIENTE 0054-JGM-2017), REGIMEN DE FINANCIAMIENTO PRODUCTIVO (MENSAJE 0125\/17) (EXPEDIENTE 0019-PE-2017), REFORMA LABORAL (MENSAJE 0130\/17) (EXPEDIENTE 0392-PE-17). REFORMA DE LA LEY ORGANICA DEL MINISTERIO PUBLICO FISCAL DE LA NACION - 27148 - Y DE LA LEY ORGANICA DEL MINISTERIO PUBLICO DE LA DEFENSA DE LA NACION - 27149 - (EXPEDIENTE 4265-S-17), REGIMEN ESPECIAL PARA LA DONACION DE ALIMENTOS.","('0024-PE-2017', 1)":null},"Palabra Clave":{"('0024-PE-2017', 0)":" ","('0024-PE-2017', 1)":null}}