{"Tipo de Proyecto":{"('0025-OV-2017', 0)":"PROYECTO DE RESOLUCI\u00d3N"},"Iniciado en: ":{"('0025-OV-2017', 0)":"Senado"},"Expediente Senado: ":{"('0025-OV-2017', 0)":"0025-OV-2017"},"Publicado en: ":{"('0025-OV-2017', 0)":"Diario de Asuntos Entrados N\u00b0 0"},"Fecha: ":{"('0025-OV-2017', 0)":"13\/07\/2018"},"T\u00edtulo":{"('0025-OV-2017', 0)":"PEDIDO DE INFORMES AL PODER EJECUTIVO SOBRE LAS MEDIDAS ADOPTADAS PARA REGULARIZAR LAS SITUACIONES OBSERVADAS POR LA AUDITORIA GENERAL DE LA NACION EN EL PROYECTO DE ENERGIAS RENOVABLES EN MERCADOS RURALES (PERMER)"},"('Firmantes', 'FIRMANTE')":{"('0025-OV-2017', 0)":"PARLAMENTARIA MIXTA REVISORA DE CUENTAS"},"('Firmantes', 'DISTRITO')":{"('0025-OV-2017', 0)":null},"('Firmantes', 'BLOQUE')":{"('0025-OV-2017', 0)":null},"Link":{"('0025-OV-2017', 0)":"http:\/\/www.senado.gov.ar\/parlamentario\/comisiones\/verExp\/25.17\/OV\/PR"},"Palabra Clave":{"('0025-OV-2017', 0)":" "}}