{"Tipo de Proyecto":{"('0027-OV-2017', 0)":"PROYECTO DE RESOLUCI\u00d3N"},"Iniciado en: ":{"('0027-OV-2017', 0)":"Senado"},"Expediente Senado: ":{"('0027-OV-2017', 0)":"0027-OV-2017"},"Fecha: ":{"('0027-OV-2017', 0)":"03\/11\/2017"},"T\u00edtulo":{"('0027-OV-2017', 0)":"PEDIDO DE INFORMES AL PODER EJECUTIVO SOBRE RESOLUCION REMITIDA POR LA AUDITORIA GENERAL DE LA NACION 21\/17, REFERIDA A LAS MEDIDAS ADOPTADAS PARA REGULARIZAR LAS SITUACIONES OBSERVADAS POR LA AUDITORIA GENERAL DE LA NACION CON MOTIVO DE SU INFORME ESPECIAL SOBRE LA ASIGNACION DE FONDOS Y LA EJECUCION PRESUPUESTARIA DE LA AUTORIDAD CUENCA MATANZA - RIACHUELO (ACUMAR), EN EL AMBITO DEL MINISTERIO DE PLANIFICACION FEDERAL, INVERSION PUBLICA Y SERVICIOS - PROGRAMA 50, QUE PRESENTA INFORMACION AL 31\/12\/2015."},"('Firmantes', 'FIRMANTE')":{"('0027-OV-2017', 0)":"PARLAMENTARIA MIXTA REVISORA DE CUENTAS"},"('Firmantes', 'DISTRITO')":{"('0027-OV-2017', 0)":null},"('Firmantes', 'BLOQUE')":{"('0027-OV-2017', 0)":null},"Link":{"('0027-OV-2017', 0)":"http:\/\/www.senado.gov.ar\/parlamentario\/comisiones\/verExp\/27.17\/OV\/PR"},"Palabra Clave":{"('0027-OV-2017', 0)":" "}}