{"Tipo de Proyecto":{"('0027-S-2017', 0)":"PROYECTO DE DECLARACI\u00d3N","('0027-S-2017', 1)":null},"Iniciado en: ":{"('0027-S-2017', 0)":"Senado","('0027-S-2017', 1)":null},"Expediente Senado: ":{"('0027-S-2017', 0)":"0027-S-2017","('0027-S-2017', 1)":null},"Publicado en: ":{"('0027-S-2017', 0)":"Diario de Asuntos Entrados N\u00b0 2","('0027-S-2017', 1)":null},"Fecha: ":{"('0027-S-2017', 0)":"02\/03\/2017","('0027-S-2017', 1)":null},"T\u00edtulo":{"('0027-S-2017', 0)":"EXPRESAR BENEPLACITO POR EL FESTEJO DEL SEPTUAGESIMO SEXTO ANIVERSARIO DE LA ASOCIACION BOMBEROS VOLUNTARIOS DE SAN CARLOS DE BARILOCHE, EL 14 DE ABRIL DE 2017.","('0027-S-2017', 1)":null},"('Firmantes', 'FIRMANTE')":{"('0027-S-2017', 0)":"ODARDA, MARIA MAGDALENA","('0027-S-2017', 1)":null},"('Firmantes', 'DISTRITO')":{"('0027-S-2017', 0)":"RIO NEGRO","('0027-S-2017', 1)":null},"('Firmantes', 'BLOQUE')":{"('0027-S-2017', 0)":"FRENTE PROGRESISTA - CCARI","('0027-S-2017', 1)":null},"('Tramites', 'C\u00c1MARA')":{"('0027-S-2017', 0)":"Senado","('0027-S-2017', 1)":"Senado"},"('Tramites', 'MOVIMIENTO')":{"('0027-S-2017', 0)":"MOCION SOBRE TABLAS (AFIRMATIVA)","('0027-S-2017', 1)":"CONSIDERACION Y APROBACION"},"('Tramites', 'FECHA')":{"('0027-S-2017', 0)":"29\/03\/2017","('0027-S-2017', 1)":"29\/03\/2017"},"('Tramites', 'RESULTADO')":{"('0027-S-2017', 0)":null,"('0027-S-2017', 1)":"APROBADO"},"Link":{"('0027-S-2017', 0)":"http:\/\/www.senado.gov.ar\/parlamentario\/comisiones\/verExp\/27.17\/S\/PD","('0027-S-2017', 1)":null},"Palabra Clave":{"('0027-S-2017', 0)":" ","('0027-S-2017', 1)":null}}