{"Tipo de Proyecto":{"('0028-OV-2017', 0)":"PROYECTO DE RESOLUCI\u00d3N"},"Iniciado en: ":{"('0028-OV-2017', 0)":"Senado"},"Expediente Senado: ":{"('0028-OV-2017', 0)":"0028-OV-2017"},"Publicado en: ":{"('0028-OV-2017', 0)":"Diario de Asuntos Entrados N\u00b0 0"},"Fecha: ":{"('0028-OV-2017', 0)":"03\/11\/2017"},"T\u00edtulo":{"('0028-OV-2017', 0)":"PEDIDO DE INFORMES AL PODER EJECUTIVO SOBRE RESOLUCION REMITIDA POR LA AUDITORIA GENERAL DE LA NACION 22\/17, REFERIDA A LAS MEDIDAS ADOPTADAS PARA REGULIZAR LAS SITUACIONES OBSERVADAS POR LA AUDITORIA GENERAL DE LA NACION CON MOTIVO DE SU INFORME ESPECIAL AL 31\/12\/2015 SOBRE LAS CONTRATACIONES Y CONVENIOS LLEVADAS A CABO POR LA AUTORIDAD MATANZA - RIACHUELO (ACUMAR) EN EL MARCO DEL PLAN INTEGRAL DE SANEAMIENTO AMBIENTAL (PISA)."},"('Firmantes', 'FIRMANTE')":{"('0028-OV-2017', 0)":"PARLAMENTARIA MIXTA REVISORA DE CUENTAS"},"('Firmantes', 'DISTRITO')":{"('0028-OV-2017', 0)":null},"('Firmantes', 'BLOQUE')":{"('0028-OV-2017', 0)":null},"Link":{"('0028-OV-2017', 0)":"http:\/\/www.senado.gov.ar\/parlamentario\/comisiones\/verExp\/28.17\/OV\/PR"},"Palabra Clave":{"('0028-OV-2017', 0)":" "}}