{"Tipo de Proyecto":{"('0029-S-2017', 0)":"PROYECTO DE LEY","('0029-S-2017', 1)":null,"('0029-S-2017', 2)":null,"('0029-S-2017', 3)":null,"('0029-S-2017', 4)":null},"Iniciado en: ":{"('0029-S-2017', 0)":"Senado","('0029-S-2017', 1)":null,"('0029-S-2017', 2)":null,"('0029-S-2017', 3)":null,"('0029-S-2017', 4)":null},"Expediente Diputados: ":{"('0029-S-2017', 0)":"0029-S-2017","('0029-S-2017', 1)":null,"('0029-S-2017', 2)":null,"('0029-S-2017', 3)":null,"('0029-S-2017', 4)":null},"Expediente Senado: ":{"('0029-S-2017', 0)":"1465-S-2017","('0029-S-2017', 1)":null,"('0029-S-2017', 2)":null,"('0029-S-2017', 3)":null,"('0029-S-2017', 4)":null},"Publicado en: ":{"('0029-S-2017', 0)":"Diario de Asuntos Entrados N\u00b0 71","('0029-S-2017', 1)":null,"('0029-S-2017', 2)":null,"('0029-S-2017', 3)":null,"('0029-S-2017', 4)":null},"Fecha: ":{"('0029-S-2017', 0)":"26\/04\/2017","('0029-S-2017', 1)":null,"('0029-S-2017', 2)":null,"('0029-S-2017', 3)":null,"('0029-S-2017', 4)":null},"T\u00edtulo":{"('0029-S-2017', 0)":"DECLARAR ZONA DE DESASTRE Y EMERGENCIA HIDRICA, ECONOMICA, PRODUCTIVA Y SOCIAL A LA PROVINCIA DEL CHACO.","('0029-S-2017', 1)":null,"('0029-S-2017', 2)":null,"('0029-S-2017', 3)":null,"('0029-S-2017', 4)":null},"('Firmantes', 'FIRMANTE')":{"('0029-S-2017', 0)":"ROZAS, ANGEL","('0029-S-2017', 1)":"AGUILAR, EDUARDO ALBERTO","('0029-S-2017', 2)":null,"('0029-S-2017', 3)":null,"('0029-S-2017', 4)":null},"('Firmantes', 'DISTRITO')":{"('0029-S-2017', 0)":"CHACO","('0029-S-2017', 1)":"CHACO","('0029-S-2017', 2)":null,"('0029-S-2017', 3)":null,"('0029-S-2017', 4)":null},"('Firmantes', 'BLOQUE')":{"('0029-S-2017', 0)":"UCR","('0029-S-2017', 1)":"FRENTE PARA LA VICTORIA - PJ","('0029-S-2017', 2)":null,"('0029-S-2017', 3)":null,"('0029-S-2017', 4)":null},"('Giros', 'COMISI\u00d3N')":{"('0029-S-2017', 0)":"SEGURIDAD INTERIOR","('0029-S-2017', 1)":"ECONOMIAS Y DESARROLLO REGIONAL","('0029-S-2017', 2)":"PRESUPUESTO Y HACIENDA","('0029-S-2017', 3)":null,"('0029-S-2017', 4)":null},"('Tramites', 'C\u00c1MARA')":{"('0029-S-2017', 0)":"Senado","('0029-S-2017', 1)":"Senado","('0029-S-2017', 2)":"Senado","('0029-S-2017', 3)":"Senado","('0029-S-2017', 4)":"Diputados"},"('Tramites', 'MOVIMIENTO')":{"('0029-S-2017', 0)":"MOCION SOBRE TABLAS (AFIRMATIVA) CONJUNTAMENTE PARA LOS EXPEDIENTES 0029-S-2017, 1465-S-2017, 2016-S-2017 y 2015-S-2017","('0029-S-2017', 1)":"CONSTITUCION CAMARA EN COMISION, CONFERENCIA CONJUNTAMENTE PARA LOS EXPEDIENTES 0029-S-2017, 1465-S-2017, 2016-S-2017 y 2015-S-2017","('0029-S-2017', 2)":"CONSIDERACION Y APROBACION CONJUNTAMENTE PARA LOS EXPEDIENTES 0029-S-2017, 1465-S-2017, 2016-S-2017 y 2015-S-2017","('0029-S-2017', 3)":"INSERCIONES","('0029-S-2017', 4)":"PASA A DIPUTADOS - CONJUNTAMENTE PARA LOS EXPEDIENTES 0029-S-2017, 1465-S-2017, 2016-S-2017 y 2015-S-2017"},"('Tramites', 'FECHA')":{"('0029-S-2017', 0)":"31\/05\/2017","('0029-S-2017', 1)":"31\/05\/2017","('0029-S-2017', 2)":"31\/05\/2017","('0029-S-2017', 3)":"31\/05\/2017","('0029-S-2017', 4)":null},"('Tramites', 'RESULTADO')":{"('0029-S-2017', 0)":null,"('0029-S-2017', 1)":null,"('0029-S-2017', 2)":"MEDIA SANCION","('0029-S-2017', 3)":null,"('0029-S-2017', 4)":null},"Link":{"('0029-S-2017', 0)":"http:\/\/www.senado.gov.ar\/parlamentario\/comisiones\/verExp\/1465.17\/S\/PL","('0029-S-2017', 1)":null,"('0029-S-2017', 2)":null,"('0029-S-2017', 3)":null,"('0029-S-2017', 4)":null},"Palabra Clave":{"('0029-S-2017', 0)":" ","('0029-S-2017', 1)":null,"('0029-S-2017', 2)":null,"('0029-S-2017', 3)":null,"('0029-S-2017', 4)":null}}