{"Tipo de Proyecto":{"('0029-PE-2017', 0)":"MENSAJE NRO: 0018\/18 Y PROYECTO DE LEY","('0029-PE-2017', 1)":null,"('0029-PE-2017', 2)":null},"Iniciado en: ":{"('0029-PE-2017', 0)":"Diputados","('0029-PE-2017', 1)":null,"('0029-PE-2017', 2)":null},"Expediente Diputados: ":{"('0029-PE-2017', 0)":"0029-PE-2017","('0029-PE-2017', 1)":null,"('0029-PE-2017', 2)":null},"Publicado en: ":{"('0029-PE-2017', 0)":"Tr\u00e1mite Parlamentario N\u00b0 190","('0029-PE-2017', 1)":null,"('0029-PE-2017', 2)":null},"Fecha: ":{"('0029-PE-2017', 0)":"21\/02\/2018","('0029-PE-2017', 1)":null,"('0029-PE-2017', 2)":null},"T\u00edtulo":{"('0029-PE-2017', 0)":"APROBACION DE LA CONVENCION INTERAMERICANA CONTRA TODA FORMA DE DISCRIMINACION E INTOLERANCIA, CELEBRADA EN LA CIUDAD DE LA ANTIGUA - REPUBLICA DE GUATEMALA-, EL 5 DE JUNIO DE 2013.","('0029-PE-2017', 1)":null,"('0029-PE-2017', 2)":null},"('Firmantes', 'FIRMANTE')":{"('0029-PE-2017', 0)":"MACRI, MAURICIO","('0029-PE-2017', 1)":"PE\u00d1A, MARCOS","('0029-PE-2017', 2)":"FAURIE, JORGE MARCELO"},"('Firmantes', 'DISTRITO')":{"('0029-PE-2017', 0)":null,"('0029-PE-2017', 1)":null,"('0029-PE-2017', 2)":null},"('Firmantes', 'BLOQUE')":{"('0029-PE-2017', 0)":"PODER EJECUTIVO","('0029-PE-2017', 1)":"PODER EJECUTIVO","('0029-PE-2017', 2)":"PODER EJECUTIVO"},"('Giros', 'COMISI\u00d3N')":{"('0029-PE-2017', 0)":"RELACIONES EXTERIORES Y CULTO","('0029-PE-2017', 1)":"DERECHOS HUMANOS Y GARANTIAS","('0029-PE-2017', 2)":null},"Palabra Clave":{"('0029-PE-2017', 0)":" ","('0029-PE-2017', 1)":null,"('0029-PE-2017', 2)":null}}