{"Tipo de Proyecto":{"('0030-S-2017', 0)":"PROYECTO DE LEY","('0030-S-2017', 1)":null,"('0030-S-2017', 2)":null,"('0030-S-2017', 3)":null,"('0030-S-2017', 4)":null,"('0030-S-2017', 5)":null,"('0030-S-2017', 6)":null,"('0030-S-2017', 7)":null,"('0030-S-2017', 8)":null},"Iniciado en: ":{"('0030-S-2017', 0)":"Senado","('0030-S-2017', 1)":null,"('0030-S-2017', 2)":null,"('0030-S-2017', 3)":null,"('0030-S-2017', 4)":null,"('0030-S-2017', 5)":null,"('0030-S-2017', 6)":null,"('0030-S-2017', 7)":null,"('0030-S-2017', 8)":null},"Expediente Diputados: ":{"('0030-S-2017', 0)":"0030-S-2017","('0030-S-2017', 1)":null,"('0030-S-2017', 2)":null,"('0030-S-2017', 3)":null,"('0030-S-2017', 4)":null,"('0030-S-2017', 5)":null,"('0030-S-2017', 6)":null,"('0030-S-2017', 7)":null,"('0030-S-2017', 8)":null},"Expediente Senado: ":{"('0030-S-2017', 0)":"1673-S-2017","('0030-S-2017', 1)":null,"('0030-S-2017', 2)":null,"('0030-S-2017', 3)":null,"('0030-S-2017', 4)":null,"('0030-S-2017', 5)":null,"('0030-S-2017', 6)":null,"('0030-S-2017', 7)":null,"('0030-S-2017', 8)":null},"Publicado en: ":{"('0030-S-2017', 0)":"Diario de Asuntos Entrados N\u00b0 82","('0030-S-2017', 1)":null,"('0030-S-2017', 2)":null,"('0030-S-2017', 3)":null,"('0030-S-2017', 4)":null,"('0030-S-2017', 5)":null,"('0030-S-2017', 6)":null,"('0030-S-2017', 7)":null,"('0030-S-2017', 8)":null},"Fecha: ":{"('0030-S-2017', 0)":"12\/05\/2017","('0030-S-2017', 1)":null,"('0030-S-2017', 2)":null,"('0030-S-2017', 3)":null,"('0030-S-2017', 4)":null,"('0030-S-2017', 5)":null,"('0030-S-2017', 6)":null,"('0030-S-2017', 7)":null,"('0030-S-2017', 8)":null},"T\u00edtulo":{"('0030-S-2017', 0)":"DECLARAR EN EMERGENCIA ECONOMICA, PRODUCTIVA, FINANCIERA Y SOCIAL POR TRESCIENTOS SESENTA Y CINCO (365) DIAS, LA CADENA DE PRODUCCION DE PERA Y MANZANAS DE LA PROVINCIA DE MENDOZA.","('0030-S-2017', 1)":null,"('0030-S-2017', 2)":null,"('0030-S-2017', 3)":null,"('0030-S-2017', 4)":null,"('0030-S-2017', 5)":null,"('0030-S-2017', 6)":null,"('0030-S-2017', 7)":null,"('0030-S-2017', 8)":null},"('Firmantes', 'FIRMANTE')":{"('0030-S-2017', 0)":"VERASAY, PAMELA FERNANDA","('0030-S-2017', 1)":null,"('0030-S-2017', 2)":null,"('0030-S-2017', 3)":null,"('0030-S-2017', 4)":null,"('0030-S-2017', 5)":null,"('0030-S-2017', 6)":null,"('0030-S-2017', 7)":null,"('0030-S-2017', 8)":null},"('Firmantes', 'DISTRITO')":{"('0030-S-2017', 0)":"MENDOZA","('0030-S-2017', 1)":null,"('0030-S-2017', 2)":null,"('0030-S-2017', 3)":null,"('0030-S-2017', 4)":null,"('0030-S-2017', 5)":null,"('0030-S-2017', 6)":null,"('0030-S-2017', 7)":null,"('0030-S-2017', 8)":null},"('Firmantes', 'BLOQUE')":{"('0030-S-2017', 0)":"UCR","('0030-S-2017', 1)":null,"('0030-S-2017', 2)":null,"('0030-S-2017', 3)":null,"('0030-S-2017', 4)":null,"('0030-S-2017', 5)":null,"('0030-S-2017', 6)":null,"('0030-S-2017', 7)":null,"('0030-S-2017', 8)":null},"('Giros', 'COMISI\u00d3N')":{"('0030-S-2017', 0)":"SEGURIDAD INTERIOR","('0030-S-2017', 1)":"ECONOMIAS Y DESARROLLO REGIONAL","('0030-S-2017', 2)":"PRESUPUESTO Y HACIENDA","('0030-S-2017', 3)":null,"('0030-S-2017', 4)":null,"('0030-S-2017', 5)":null,"('0030-S-2017', 6)":null,"('0030-S-2017', 7)":null,"('0030-S-2017', 8)":null},"('Tramites', 'C\u00c1MARA')":{"('0030-S-2017', 0)":"Senado","('0030-S-2017', 1)":"Senado","('0030-S-2017', 2)":"Senado","('0030-S-2017', 3)":"Senado","('0030-S-2017', 4)":"Diputados","('0030-S-2017', 5)":"Diputados","('0030-S-2017', 6)":"Diputados","('0030-S-2017', 7)":"Diputados","('0030-S-2017', 8)":"Diputados"},"('Tramites', 'MOVIMIENTO')":{"('0030-S-2017', 0)":"MOCION SOBRE TABLAS (AFIRMATIVA) CONJUNTAMENTE PARA LOS EXPEDIENTES 0030-S-2017, 1673-S-2017, 2021-S-2017 y 1997-S-2017","('0030-S-2017', 1)":"CONSTITUCION CAMARA EN COMISION, CONFERENCIA CONJUNTAMENTE PARA LOS EXPEDIENTES 0030-S-2017, 1673-S-2017, 2021-S-2017 y 1997-S-2017","('0030-S-2017', 2)":"CONSIDERACION Y APROBACION CONJUNTAMENTE PARA LOS EXPEDIENTES 0030-S-2017, 1673-S-2017, 2021-S-2017 y 1997-S-2017","('0030-S-2017', 3)":"INSERCIONES CONJUNTAMENTE PARA LOS EXPEDIENTES 0030-S-2017, 1673-S-2017, 2021-S-2017 y 1997-S-2017","('0030-S-2017', 4)":"PASA A DIPUTADOS - CONJUNTAMENTE PARA LOS EXPEDIENTES 0030-S-2017, 1673-S-2017, 2021-S-2017 y 1997-S-2017","('0030-S-2017', 5)":"MOCION APARTAMIENTO DEL REGLAMENTO (AFIRMATIVA) CONJUNTAMENTE PARA LOS EXPEDIENTES 0030-S-2017, 1673-S-2017, 2021-S-2017 y 1997-S-2017","('0030-S-2017', 6)":"MOCION SOBRE TABLAS (AFIRMATIVA) CONJUNTAMENTE PARA LOS EXPEDIENTES 0030-S-2017, 1673-S-2017, 2021-S-2017 y 1997-S-2017","('0030-S-2017', 7)":"CONSTITUCION CAMARA EN COMISION, CONFERENCIA CONJUNTAMENTE PARA LOS EXPEDIENTES 0030-S-2017, 1673-S-2017, 2021-S-2017 y 1997-S-2017","('0030-S-2017', 8)":"CONSIDERACION Y SANCION CONJUNTAMENTE PARA LOS EXPEDIENTES 0030-S-2017, 1673-S-2017, 2021-S-2017 y 1997-S-2017"},"('Tramites', 'FECHA')":{"('0030-S-2017', 0)":"31\/05\/2017","('0030-S-2017', 1)":"31\/05\/2017","('0030-S-2017', 2)":"31\/05\/2017","('0030-S-2017', 3)":"31\/05\/2017","('0030-S-2017', 4)":null,"('0030-S-2017', 5)":"28\/06\/2017","('0030-S-2017', 6)":"28\/06\/2017","('0030-S-2017', 7)":"05\/07\/2017","('0030-S-2017', 8)":"05\/07\/2017"},"('Tramites', 'RESULTADO')":{"('0030-S-2017', 0)":null,"('0030-S-2017', 1)":null,"('0030-S-2017', 2)":"MEDIA SANCION","('0030-S-2017', 3)":null,"('0030-S-2017', 4)":null,"('0030-S-2017', 5)":null,"('0030-S-2017', 6)":null,"('0030-S-2017', 7)":null,"('0030-S-2017', 8)":"SANCIONADO"},"Link":{"('0030-S-2017', 0)":"http:\/\/www.senado.gov.ar\/parlamentario\/comisiones\/verExp\/1673.17\/S\/PL","('0030-S-2017', 1)":null,"('0030-S-2017', 2)":null,"('0030-S-2017', 3)":null,"('0030-S-2017', 4)":null,"('0030-S-2017', 5)":null,"('0030-S-2017', 6)":null,"('0030-S-2017', 7)":null,"('0030-S-2017', 8)":null},"Palabra Clave":{"('0030-S-2017', 0)":" ","('0030-S-2017', 1)":null,"('0030-S-2017', 2)":null,"('0030-S-2017', 3)":null,"('0030-S-2017', 4)":null,"('0030-S-2017', 5)":null,"('0030-S-2017', 6)":null,"('0030-S-2017', 7)":null,"('0030-S-2017', 8)":null}}