{"Tipo de Proyecto":{"('0030-OV-2017', 0)":"PROYECTO DE RESOLUCI\u00d3N"},"Iniciado en: ":{"('0030-OV-2017', 0)":"Senado"},"Expediente Senado: ":{"('0030-OV-2017', 0)":"0030-OV-2017"},"Fecha: ":{"('0030-OV-2017', 0)":"30\/11\/2017"},"T\u00edtulo":{"('0030-OV-2017', 0)":"PEDIDO DE INFORMES AL PODER EJECUTIVO SOBRE RESOLUCION REMITIDA POR LA AUDITORIA GENERAL DE LA NACION 24\/17, APROBANDO EL INFORME ESPECIAL SOBRE LA ASIGNACION DE FONDOS Y LA EJECUCION PRESUPUESTARIA DE LA AUTORIDAD CUENCA MATANZA - RIACHUELO (ACUMAR) - MINISTERIO DE PLANIFICACION FEDERAL, INVERSION PUBLICA Y SERVICIOS - SUBSECRETARIA DE DESARROLLO URBANO Y VIVIENDA, PROGRAMAS 43, 44 Y 45, CORRESPONDIENTES AL SEGUNDO SEMESTRE DE 2015."},"('Firmantes', 'FIRMANTE')":{"('0030-OV-2017', 0)":"PARLAMENTARIA MIXTA REVISORA DE CUENTAS"},"('Firmantes', 'DISTRITO')":{"('0030-OV-2017', 0)":null},"('Firmantes', 'BLOQUE')":{"('0030-OV-2017', 0)":null},"Link":{"('0030-OV-2017', 0)":"http:\/\/www.senado.gov.ar\/parlamentario\/comisiones\/verExp\/30.17\/OV\/PR"},"Palabra Clave":{"('0030-OV-2017', 0)":" "}}