{"Tipo de Proyecto":{"('0031-S-2017', 0)":"PROYECTO DE LEY","('0031-S-2017', 1)":null,"('0031-S-2017', 2)":null,"('0031-S-2017', 3)":null,"('0031-S-2017', 4)":null},"Iniciado en: ":{"('0031-S-2017', 0)":"Senado","('0031-S-2017', 1)":null,"('0031-S-2017', 2)":null,"('0031-S-2017', 3)":null,"('0031-S-2017', 4)":null},"Expediente Diputados: ":{"('0031-S-2017', 0)":"0031-S-2017","('0031-S-2017', 1)":null,"('0031-S-2017', 2)":null,"('0031-S-2017', 3)":null,"('0031-S-2017', 4)":null},"Expediente Senado: ":{"('0031-S-2017', 0)":"0332-S-2017","('0031-S-2017', 1)":null,"('0031-S-2017', 2)":null,"('0031-S-2017', 3)":null,"('0031-S-2017', 4)":null},"Publicado en: ":{"('0031-S-2017', 0)":"Diario de Asuntos Entrados N\u00b0 17","('0031-S-2017', 1)":null,"('0031-S-2017', 2)":null,"('0031-S-2017', 3)":null,"('0031-S-2017', 4)":null},"Fecha: ":{"('0031-S-2017', 0)":"09\/03\/2017","('0031-S-2017', 1)":null,"('0031-S-2017', 2)":null,"('0031-S-2017', 3)":null,"('0031-S-2017', 4)":null},"T\u00edtulo":{"('0031-S-2017', 0)":"REDETERMINACION DE PRECIOS DE CONTRATOS DE OBRA PUBLICA DESTINADOS A VIVIENDA.","('0031-S-2017', 1)":null,"('0031-S-2017', 2)":null,"('0031-S-2017', 3)":null,"('0031-S-2017', 4)":null},"('Firmantes', 'FIRMANTE')":{"('0031-S-2017', 0)":"COBOS, JULIO CESAR CLETO","('0031-S-2017', 1)":"RODRIGUEZ MACHADO, LAURA ELENA","('0031-S-2017', 2)":null,"('0031-S-2017', 3)":null,"('0031-S-2017', 4)":null},"('Firmantes', 'DISTRITO')":{"('0031-S-2017', 0)":"MENDOZA","('0031-S-2017', 1)":"CORDOBA","('0031-S-2017', 2)":null,"('0031-S-2017', 3)":null,"('0031-S-2017', 4)":null},"('Firmantes', 'BLOQUE')":{"('0031-S-2017', 0)":"UCR","('0031-S-2017', 1)":"FRENTE PRO","('0031-S-2017', 2)":null,"('0031-S-2017', 3)":null,"('0031-S-2017', 4)":null},"('Giros', 'COMISI\u00d3N')":{"('0031-S-2017', 0)":"FINANZAS","('0031-S-2017', 1)":"OBRAS PUBLICAS","('0031-S-2017', 2)":"LEGISLACION GENERAL","('0031-S-2017', 3)":null,"('0031-S-2017', 4)":null},"('Tramites', 'C\u00c1MARA')":{"('0031-S-2017', 0)":"Senado","('0031-S-2017', 1)":"Senado","('0031-S-2017', 2)":"Diputados","('0031-S-2017', 3)":"Diputados","('0031-S-2017', 4)":"Diputados"},"('Tramites', 'MOVIMIENTO')":{"('0031-S-2017', 0)":"SOLICITUD DE SER COFIRMANTE DE LA SENADORA RODRIGUEZ MACHADO (A SUS ANTECEDENTES)","('0031-S-2017', 1)":"CONSIDERACION Y APROBACION","('0031-S-2017', 2)":"PASA A DIPUTADOS -","('0031-S-2017', 3)":"CITACION SESION ESPECIAL","('0031-S-2017', 4)":"CONSIDERACION Y SANCION"},"('Tramites', 'FECHA')":{"('0031-S-2017', 0)":"29\/03\/2017","('0031-S-2017', 1)":"31\/05\/2017","('0031-S-2017', 2)":null,"('0031-S-2017', 3)":"13\/09\/2017","('0031-S-2017', 4)":"13\/09\/2017"},"('Tramites', 'RESULTADO')":{"('0031-S-2017', 0)":null,"('0031-S-2017', 1)":"MEDIA SANCION","('0031-S-2017', 2)":null,"('0031-S-2017', 3)":null,"('0031-S-2017', 4)":"SANCIONADO"},"Sumario":{"('0031-S-2017', 0)":"CONDICIONES DE LA ADOPCION DEL UVI (UNIDAD DE VIVIENDA) COMO VALOR DE REFERENCIA -EN PESOS- PARA LA REDETERMINACION DE PRECIOS DE LOS CONTRATOS DESTINADOS A LA CONSTRUCCION DE VIVIENDAS, LOS PROGRAMAS O PLANES DE FINANCIAMIENTO DE CONSTRUCCION O MEJORAMIENTO DE VIVIENDA; REQUISITOS PARA SU APLICACION; CASO DE LA AMPLIACION DEL PLAZO ESTIPULADO PARA LA FINALIZACION DE OBRA; EXCEPCIONES A LO ESTABLECIDO POR LOS ARTICULOS 7 Y 10 DE LA LEY 23928 Y EL ARTICULO 766 DEL CODIGO CIVIL Y COMERCIAL DE LA NACION; ALCANCE A PROCESOS LICITATORIOS PREVIOS Y POSTERIORES A LA VIGENCIA DE ESTA LEY; DEROGACION DE TODA NORMA CONTRARIA; INVITACION A ADHERIR, A PROVINCIAS, MUNICIPIOS Y CIUDAD AUTONOMA DE BUENOS AIRES; VIGENCIA Y REGLAMENTACION.","('0031-S-2017', 1)":null,"('0031-S-2017', 2)":null,"('0031-S-2017', 3)":null,"('0031-S-2017', 4)":null},"Palabra Clave":{"('0031-S-2017', 0)":" ","('0031-S-2017', 1)":null,"('0031-S-2017', 2)":null,"('0031-S-2017', 3)":null,"('0031-S-2017', 4)":null}}