{"Tipo de Proyecto":{"('0031-PE-2017', 0)":"MENSAJE NRO: 0016\/18 Y PROYECTO DE LEY","('0031-PE-2017', 1)":null,"('0031-PE-2017', 2)":null},"Iniciado en: ":{"('0031-PE-2017', 0)":"Diputados","('0031-PE-2017', 1)":null,"('0031-PE-2017', 2)":null},"Expediente Diputados: ":{"('0031-PE-2017', 0)":"0031-PE-2017","('0031-PE-2017', 1)":null,"('0031-PE-2017', 2)":null},"Publicado en: ":{"('0031-PE-2017', 0)":"Tr\u00e1mite Parlamentario N\u00b0 190","('0031-PE-2017', 1)":null,"('0031-PE-2017', 2)":null},"Fecha: ":{"('0031-PE-2017', 0)":"21\/02\/2018","('0031-PE-2017', 1)":null,"('0031-PE-2017', 2)":null},"T\u00edtulo":{"('0031-PE-2017', 0)":"APROBACION DEL CONVENIO ENTRE LA REPUBLICA ARGENTINA Y EL ESTADO DE ISRAEL SOBRE SEGURIDAD SOCIAL, SUSCRIPTO EN LA CIUDAD AUTONOMA DE BUENOS AIRES,  REPUBLICA ARGENTINA-, EL 12 DE SEPTIEMBRE DE 2017.","('0031-PE-2017', 1)":null,"('0031-PE-2017', 2)":null},"('Firmantes', 'FIRMANTE')":{"('0031-PE-2017', 0)":"MACRI, MAURICIO","('0031-PE-2017', 1)":"PE\u00d1A, MARCOS","('0031-PE-2017', 2)":"FAURIE, JORGE MARCELO"},"('Firmantes', 'DISTRITO')":{"('0031-PE-2017', 0)":null,"('0031-PE-2017', 1)":null,"('0031-PE-2017', 2)":null},"('Firmantes', 'BLOQUE')":{"('0031-PE-2017', 0)":"PODER EJECUTIVO","('0031-PE-2017', 1)":"PODER EJECUTIVO","('0031-PE-2017', 2)":"PODER EJECUTIVO"},"('Giros', 'COMISI\u00d3N')":{"('0031-PE-2017', 0)":"RELACIONES EXTERIORES Y CULTO","('0031-PE-2017', 1)":"PREVISION Y SEGURIDAD SOCIAL","('0031-PE-2017', 2)":null},"Palabra Clave":{"('0031-PE-2017', 0)":" ","('0031-PE-2017', 1)":null,"('0031-PE-2017', 2)":null}}