{"Tipo de Proyecto":{"('0032-D-2017', 0)":"PROYECTO DE LEY"},"Iniciado en: ":{"('0032-D-2017', 0)":"Diputados"},"Expediente Diputados: ":{"('0032-D-2017', 0)":"0032-D-2017"},"Publicado en: ":{"('0032-D-2017', 0)":"Tr\u00e1mite Parlamentario N\u00b0 1"},"Fecha: ":{"('0032-D-2017', 0)":"01\/03\/2017"},"T\u00edtulo":{"('0032-D-2017', 0)":"CODIGO PENAL. INCORPORACION DEL ARTICULO 213 TER, SOBRE OSTENTACION PUBLICA DE LA TENENCIA DE ESTUPEFACIENTES"},"('Firmantes', 'FIRMANTE')":{"('0032-D-2017', 0)":"OLMEDO, ALFREDO HORACIO"},"('Firmantes', 'DISTRITO')":{"('0032-D-2017', 0)":"SALTA"},"('Firmantes', 'BLOQUE')":{"('0032-D-2017', 0)":"SALTA SOMOS TODOS"},"('Giros', 'COMISI\u00d3N')":{"('0032-D-2017', 0)":"LEGISLACION PENAL"},"Link":{"('0032-D-2017', 0)":"https:\/\/www.hcdn.gob.ar\/proyectos\/textoCompleto.jsp?exp=0032-D-2017&tipo=LEY"},"Palabra Clave":{"('0032-D-2017', 0)":" "}}