{"Tipo de Proyecto":{"('0033-OV-2017', 0)":"PROYECTO DE RESOLUCI\u00d3N"},"Iniciado en: ":{"('0033-OV-2017', 0)":"Senado"},"Expediente Senado: ":{"('0033-OV-2017', 0)":"0033-OV-2017"},"Fecha: ":{"('0033-OV-2017', 0)":"30\/11\/2017"},"T\u00edtulo":{"('0033-OV-2017', 0)":"PEDIDO DE INFORMES AL PODER EJECUTIVO SOBRE RESOLUCIONES REMITIDAS POR LA AUDITORIA GENERAL DE LA NACION, 27\/17, APROBANDO EL INFORME REFERIDO A LA AUDITORIA PRACTICADA SOBRE LOS ESTADOS CONTABLES POR EL EJERCICIO FINALIZADO EL 31 DE DICIEMBRE DE 2013, CORRESPONDIENTES A CONSTRUCCION DE VIVIENDA PARA LA ARMADA EMPRESA DEL ESTADO (COVIARA) (0033-OV-17), Y 28\/17, APROBANDO EL INFORME SOBRE CONTROLES - INTERNO Y CONTABLES - REFERIDO A LOS ESTADOS CONTABLES POR EL EJERCICIO FINALIZADO EL 31\/12\/2013, CORRESPONDIENTES A CONSTRUCCION DE VIVIENDA PARA LA ARMADA EMPRESA DEL ESTADO (COVIARA) (0034-OV-17)."},"('Firmantes', 'FIRMANTE')":{"('0033-OV-2017', 0)":"PARLAMENTARIA MIXTA REVISORA DE CUENTAS"},"('Firmantes', 'DISTRITO')":{"('0033-OV-2017', 0)":null},"('Firmantes', 'BLOQUE')":{"('0033-OV-2017', 0)":null},"Link":{"('0033-OV-2017', 0)":"http:\/\/www.senado.gov.ar\/parlamentario\/comisiones\/verExp\/33.17\/OV\/PR"},"Palabra Clave":{"('0033-OV-2017', 0)":" "}}