{"Tipo de Proyecto":{"('0035-D-2017', 0)":"PROYECTO DE LEY"},"Iniciado en: ":{"('0035-D-2017', 0)":"Diputados"},"Expediente Diputados: ":{"('0035-D-2017', 0)":"0035-D-2017"},"Publicado en: ":{"('0035-D-2017', 0)":"Tr\u00e1mite Parlamentario N\u00b0 1"},"Fecha: ":{"('0035-D-2017', 0)":"01\/03\/2017"},"T\u00edtulo":{"('0035-D-2017', 0)":"ESTABLECER CON LA DENOMINACION DE \"AEROPUERTO INTERNACIONAL MALVINAS ARGENTINAS\" AL ACTUAL \"AEROPUERTO INTERNACIONAL MINISTRO PISTARINI\" DE EZEIZA, PROVINCIA DE BUENOS AIRES."},"('Firmantes', 'FIRMANTE')":{"('0035-D-2017', 0)":"OLMEDO, ALFREDO HORACIO"},"('Firmantes', 'DISTRITO')":{"('0035-D-2017', 0)":"SALTA"},"('Firmantes', 'BLOQUE')":{"('0035-D-2017', 0)":"SALTA SOMOS TODOS"},"('Giros', 'COMISI\u00d3N')":{"('0035-D-2017', 0)":"TRANSPORTES"},"Link":{"('0035-D-2017', 0)":"https:\/\/www.hcdn.gob.ar\/proyectos\/textoCompleto.jsp?exp=0035-D-2017&tipo=LEY"},"Palabra Clave":{"('0035-D-2017', 0)":" "}}