{"Tipo de Proyecto":{"('0035-S-2017', 0)":"PROYECTO DE DECLARACI\u00d3N","('0035-S-2017', 1)":null},"Iniciado en: ":{"('0035-S-2017', 0)":"Senado","('0035-S-2017', 1)":null},"Expediente Senado: ":{"('0035-S-2017', 0)":"0035-S-2017","('0035-S-2017', 1)":null},"Publicado en: ":{"('0035-S-2017', 0)":"Diario de Asuntos Entrados N\u00b0 2","('0035-S-2017', 1)":null},"Fecha: ":{"('0035-S-2017', 0)":"02\/03\/2017","('0035-S-2017', 1)":null},"T\u00edtulo":{"('0035-S-2017', 0)":"ADHIRIENDO AL DIA MUNDIAL DEL SANEAMIENTO, A CELEBRARSE EL 19 DE NOVIEMBRE DE 2017.","('0035-S-2017', 1)":null},"('Firmantes', 'FIRMANTE')":{"('0035-S-2017', 0)":"ODARDA, MARIA MAGDALENA","('0035-S-2017', 1)":null},"('Firmantes', 'DISTRITO')":{"('0035-S-2017', 0)":"RIO NEGRO","('0035-S-2017', 1)":null},"('Firmantes', 'BLOQUE')":{"('0035-S-2017', 0)":"FRENTE PROGRESISTA - CCARI","('0035-S-2017', 1)":null},"('Tramites', 'C\u00c1MARA')":{"('0035-S-2017', 0)":"Senado","('0035-S-2017', 1)":"Senado"},"('Tramites', 'MOVIMIENTO')":{"('0035-S-2017', 0)":"MOCION SOBRE TABLAS (AFIRMATIVA)","('0035-S-2017', 1)":"CONSIDERACION Y APROBACION"},"('Tramites', 'FECHA')":{"('0035-S-2017', 0)":"23\/08\/2017","('0035-S-2017', 1)":"23\/08\/2017"},"('Tramites', 'RESULTADO')":{"('0035-S-2017', 0)":null,"('0035-S-2017', 1)":"APROBADO"},"Link":{"('0035-S-2017', 0)":"http:\/\/www.senado.gov.ar\/parlamentario\/comisiones\/verExp\/35.17\/S\/PD","('0035-S-2017', 1)":null},"Palabra Clave":{"('0035-S-2017', 0)":" ","('0035-S-2017', 1)":null}}