{"Tipo de Proyecto":{"('0037-S-2017', 0)":"PROYECTO DE DECLARACI\u00d3N"},"Iniciado en: ":{"('0037-S-2017', 0)":"Senado"},"Expediente Senado: ":{"('0037-S-2017', 0)":"0037-S-2017"},"Publicado en: ":{"('0037-S-2017', 0)":"Diario de Asuntos Entrados N\u00b0 2"},"Fecha: ":{"('0037-S-2017', 0)":"02\/03\/2017"},"T\u00edtulo":{"('0037-S-2017', 0)":"ADHIRIENDO AL DIA INTERNACIONAL PARA LA REDUCCION DE LOS DESASTRES, AL 13 DE OCTUBRE DE 2017."},"('Firmantes', 'FIRMANTE')":{"('0037-S-2017', 0)":"ODARDA, MARIA MAGDALENA"},"('Firmantes', 'DISTRITO')":{"('0037-S-2017', 0)":"RIO NEGRO"},"('Firmantes', 'BLOQUE')":{"('0037-S-2017', 0)":"FRENTE PROGRESISTA - CCARI"},"Link":{"('0037-S-2017', 0)":"http:\/\/www.senado.gov.ar\/parlamentario\/comisiones\/verExp\/37.17\/S\/PD"},"Palabra Clave":{"('0037-S-2017', 0)":" "}}