{"Tipo de Proyecto":{"('0037-OV-2017', 0)":"PROYECTO DE RESOLUCI\u00d3N"},"Iniciado en: ":{"('0037-OV-2017', 0)":"Senado"},"Expediente Senado: ":{"('0037-OV-2017', 0)":"0037-OV-2017"},"Fecha: ":{"('0037-OV-2017', 0)":"30\/11\/2017"},"T\u00edtulo":{"('0037-OV-2017', 0)":"PEDIDO DE INFORMES AL PODER EJECUTIVO SOBRE RESOLUCION REMITIDA POR LA AUDITORIA GENERAL DE LA NACION 30\/17, APROBANDO EL INFORME DE AUDITORIA, EL INFORME EJECUTIVO Y LA FICHA DEL INFORME REALIZADO EN EL AMBITO DEL CORREO OFICIAL DE LA REPUBLICA ARGENTINA - GESTION."},"('Firmantes', 'FIRMANTE')":{"('0037-OV-2017', 0)":"PARLAMENTARIA MIXTA REVISORA DE CUENTAS"},"('Firmantes', 'DISTRITO')":{"('0037-OV-2017', 0)":null},"('Firmantes', 'BLOQUE')":{"('0037-OV-2017', 0)":null},"Link":{"('0037-OV-2017', 0)":"http:\/\/www.senado.gov.ar\/parlamentario\/comisiones\/verExp\/37.17\/OV\/PR"},"Palabra Clave":{"('0037-OV-2017', 0)":" "}}