{"Tipo de Proyecto":{"('0038-D-2017', 0)":"PROYECTO DE DECLARACI\u00d3N","('0038-D-2017', 1)":null,"('0038-D-2017', 2)":null,"('0038-D-2017', 3)":null,"('0038-D-2017', 4)":null,"('0038-D-2017', 5)":null},"Iniciado en: ":{"('0038-D-2017', 0)":"Diputados","('0038-D-2017', 1)":null,"('0038-D-2017', 2)":null,"('0038-D-2017', 3)":null,"('0038-D-2017', 4)":null,"('0038-D-2017', 5)":null},"Expediente Diputados: ":{"('0038-D-2017', 0)":"0038-D-2017","('0038-D-2017', 1)":null,"('0038-D-2017', 2)":null,"('0038-D-2017', 3)":null,"('0038-D-2017', 4)":null,"('0038-D-2017', 5)":null},"Publicado en: ":{"('0038-D-2017', 0)":"Tr\u00e1mite Parlamentario N\u00b0 1","('0038-D-2017', 1)":null,"('0038-D-2017', 2)":null,"('0038-D-2017', 3)":null,"('0038-D-2017', 4)":null,"('0038-D-2017', 5)":null},"Fecha: ":{"('0038-D-2017', 0)":"01\/03\/2017","('0038-D-2017', 1)":null,"('0038-D-2017', 2)":null,"('0038-D-2017', 3)":null,"('0038-D-2017', 4)":null,"('0038-D-2017', 5)":null},"T\u00edtulo":{"('0038-D-2017', 0)":"PEDIDO DE INFORMES AL PODER EJECUTIVO SOBRE EL CUMPLIMIENTO DE LA LEY 26588, DE ENFERMEDAD CELIACA.","('0038-D-2017', 1)":null,"('0038-D-2017', 2)":null,"('0038-D-2017', 3)":null,"('0038-D-2017', 4)":null,"('0038-D-2017', 5)":null},"('Firmantes', 'FIRMANTE')":{"('0038-D-2017', 0)":"SELVA, CARLOS AMERICO","('0038-D-2017', 1)":"BEVILACQUA, GUSTAVO","('0038-D-2017', 2)":"LAGORIA, ELIA NELLY","('0038-D-2017', 3)":"CREMER DE BUSTI, MARIA CRISTINA","('0038-D-2017', 4)":"TUNDIS, MIRTA","('0038-D-2017', 5)":"SNOPEK, ALEJANDRO FRANCISCO"},"('Firmantes', 'DISTRITO')":{"('0038-D-2017', 0)":"BUENOS AIRES","('0038-D-2017', 1)":"BUENOS AIRES","('0038-D-2017', 2)":"CHUBUT","('0038-D-2017', 3)":"ENTRE RIOS","('0038-D-2017', 4)":"BUENOS AIRES","('0038-D-2017', 5)":"JUJUY"},"('Firmantes', 'BLOQUE')":{"('0038-D-2017', 0)":"FEDERAL UNIDOS POR UNA NUEVA ARGENTINA","('0038-D-2017', 1)":"FEDERAL UNIDOS POR UNA NUEVA ARGENTINA","('0038-D-2017', 2)":"TRABAJO Y DIGNIDAD","('0038-D-2017', 3)":"UNION POR ENTRE RIOS","('0038-D-2017', 4)":"FEDERAL UNIDOS POR UNA NUEVA ARGENTINA","('0038-D-2017', 5)":"FEDERAL UNIDOS POR UNA NUEVA ARGENTINA"},"('Giros', 'COMISI\u00d3N')":{"('0038-D-2017', 0)":"ACCION SOCIAL Y SALUD PUBLICA","('0038-D-2017', 1)":null,"('0038-D-2017', 2)":null,"('0038-D-2017', 3)":null,"('0038-D-2017', 4)":null,"('0038-D-2017', 5)":null},"Link":{"('0038-D-2017', 0)":"https:\/\/www.hcdn.gob.ar\/proyectos\/textoCompleto.jsp?exp=0038-D-2017&tipo=DECLARACION","('0038-D-2017', 1)":null,"('0038-D-2017', 2)":null,"('0038-D-2017', 3)":null,"('0038-D-2017', 4)":null,"('0038-D-2017', 5)":null},"Palabra Clave":{"('0038-D-2017', 0)":" ","('0038-D-2017', 1)":null,"('0038-D-2017', 2)":null,"('0038-D-2017', 3)":null,"('0038-D-2017', 4)":null,"('0038-D-2017', 5)":null}}