{"Tipo de Proyecto":{"('0039-D-2017', 0)":"PROYECTO DE DECLARACI\u00d3N","('0039-D-2017', 1)":null,"('0039-D-2017', 2)":null,"('0039-D-2017', 3)":null,"('0039-D-2017', 4)":null,"('0039-D-2017', 5)":null},"Iniciado en: ":{"('0039-D-2017', 0)":"Diputados","('0039-D-2017', 1)":null,"('0039-D-2017', 2)":null,"('0039-D-2017', 3)":null,"('0039-D-2017', 4)":null,"('0039-D-2017', 5)":null},"Expediente Diputados: ":{"('0039-D-2017', 0)":"0039-D-2017","('0039-D-2017', 1)":null,"('0039-D-2017', 2)":null,"('0039-D-2017', 3)":null,"('0039-D-2017', 4)":null,"('0039-D-2017', 5)":null},"Publicado en: ":{"('0039-D-2017', 0)":"Tr\u00e1mite Parlamentario N\u00b0 1","('0039-D-2017', 1)":null,"('0039-D-2017', 2)":null,"('0039-D-2017', 3)":null,"('0039-D-2017', 4)":null,"('0039-D-2017', 5)":null},"Fecha: ":{"('0039-D-2017', 0)":"01\/03\/2017","('0039-D-2017', 1)":null,"('0039-D-2017', 2)":null,"('0039-D-2017', 3)":null,"('0039-D-2017', 4)":null,"('0039-D-2017', 5)":null},"T\u00edtulo":{"('0039-D-2017', 0)":"SOLICITAR AL PODER EJECUTIVO DISPONGA LAS MEDIDAS NECESARIAS PARA OFRECER EN LA DIETA DE LOS AVIONES DE BANDERA NACIONAL, LA MIEL DE ABEJAS PRODUCIDA DENTRO DEL TERRITORIO NACIONAL, CON LA IMPRESION DE LA LEYENDA \"MIEL ARGENTINA - PRODUCTO NACIONAL\".","('0039-D-2017', 1)":null,"('0039-D-2017', 2)":null,"('0039-D-2017', 3)":null,"('0039-D-2017', 4)":null,"('0039-D-2017', 5)":null},"('Firmantes', 'FIRMANTE')":{"('0039-D-2017', 0)":"SELVA, CARLOS AMERICO","('0039-D-2017', 1)":"BEVILACQUA, GUSTAVO","('0039-D-2017', 2)":"LAGORIA, ELIA NELLY","('0039-D-2017', 3)":"SNOPEK, ALEJANDRO FRANCISCO","('0039-D-2017', 4)":"TUNDIS, MIRTA","('0039-D-2017', 5)":"CREMER DE BUSTI, MARIA CRISTINA"},"('Firmantes', 'DISTRITO')":{"('0039-D-2017', 0)":"BUENOS AIRES","('0039-D-2017', 1)":"BUENOS AIRES","('0039-D-2017', 2)":"CHUBUT","('0039-D-2017', 3)":"JUJUY","('0039-D-2017', 4)":"BUENOS AIRES","('0039-D-2017', 5)":"ENTRE RIOS"},"('Firmantes', 'BLOQUE')":{"('0039-D-2017', 0)":"FEDERAL UNIDOS POR UNA NUEVA ARGENTINA","('0039-D-2017', 1)":"FEDERAL UNIDOS POR UNA NUEVA ARGENTINA","('0039-D-2017', 2)":"TRABAJO Y DIGNIDAD","('0039-D-2017', 3)":"FEDERAL UNIDOS POR UNA NUEVA ARGENTINA","('0039-D-2017', 4)":"FEDERAL UNIDOS POR UNA NUEVA ARGENTINA","('0039-D-2017', 5)":"UNION POR ENTRE RIOS"},"('Giros', 'COMISI\u00d3N')":{"('0039-D-2017', 0)":"AGRICULTURA Y GANADERIA","('0039-D-2017', 1)":null,"('0039-D-2017', 2)":null,"('0039-D-2017', 3)":null,"('0039-D-2017', 4)":null,"('0039-D-2017', 5)":null},"Link":{"('0039-D-2017', 0)":"https:\/\/www.hcdn.gob.ar\/proyectos\/textoCompleto.jsp?exp=0039-D-2017&tipo=DECLARACION","('0039-D-2017', 1)":null,"('0039-D-2017', 2)":null,"('0039-D-2017', 3)":null,"('0039-D-2017', 4)":null,"('0039-D-2017', 5)":null},"Palabra Clave":{"('0039-D-2017', 0)":" ","('0039-D-2017', 1)":null,"('0039-D-2017', 2)":null,"('0039-D-2017', 3)":null,"('0039-D-2017', 4)":null,"('0039-D-2017', 5)":null}}