{"Tipo de Proyecto":{"('0039-S-2017', 0)":"PROYECTO DE DECLARACI\u00d3N","('0039-S-2017', 1)":null},"Iniciado en: ":{"('0039-S-2017', 0)":"Senado","('0039-S-2017', 1)":null},"Expediente Senado: ":{"('0039-S-2017', 0)":"0039-S-2017","('0039-S-2017', 1)":null},"Publicado en: ":{"('0039-S-2017', 0)":"Diario de Asuntos Entrados N\u00b0 2","('0039-S-2017', 1)":null},"Fecha: ":{"('0039-S-2017', 0)":"02\/03\/2017","('0039-S-2017', 1)":null},"T\u00edtulo":{"('0039-S-2017', 0)":"ADHERIR AL DIA MUNDIAL DEL SANEAMIENTO AMBIENTAL, A CONMEMORARSE EL 9 DE MARZO DE 2017.","('0039-S-2017', 1)":null},"('Firmantes', 'FIRMANTE')":{"('0039-S-2017', 0)":"ODARDA, MARIA MAGDALENA","('0039-S-2017', 1)":null},"('Firmantes', 'DISTRITO')":{"('0039-S-2017', 0)":"RIO NEGRO","('0039-S-2017', 1)":null},"('Firmantes', 'BLOQUE')":{"('0039-S-2017', 0)":"FRENTE PROGRESISTA - CCARI","('0039-S-2017', 1)":null},"('Tramites', 'C\u00c1MARA')":{"('0039-S-2017', 0)":"Senado","('0039-S-2017', 1)":"Senado"},"('Tramites', 'MOVIMIENTO')":{"('0039-S-2017', 0)":"MOCION SOBRE TABLAS (AFIRMATIVA)","('0039-S-2017', 1)":"CONSIDERACION Y APROBACION"},"('Tramites', 'FECHA')":{"('0039-S-2017', 0)":"29\/03\/2017","('0039-S-2017', 1)":"29\/03\/2017"},"('Tramites', 'RESULTADO')":{"('0039-S-2017', 0)":null,"('0039-S-2017', 1)":"APROBADO"},"Link":{"('0039-S-2017', 0)":"http:\/\/www.senado.gov.ar\/parlamentario\/comisiones\/verExp\/39.17\/S\/PD","('0039-S-2017', 1)":null},"Palabra Clave":{"('0039-S-2017', 0)":" ","('0039-S-2017', 1)":null}}