{"Tipo de Proyecto":{"('0039-OV-2017', 0)":"PROYECTO DE RESOLUCI\u00d3N"},"Iniciado en: ":{"('0039-OV-2017', 0)":"Senado"},"Expediente Senado: ":{"('0039-OV-2017', 0)":"0039-OV-2017"},"Fecha: ":{"('0039-OV-2017', 0)":"30\/11\/2017"},"T\u00edtulo":{"('0039-OV-2017', 0)":"PEDIDO DE INFORMES AL PODER EJECUTIVO SOBRE RESOLUCION REMITIDA POR LA AUDITORIA GENERAL DE LA NACION 33\/17, APROBANDO EL INFORME REALIZADO EN EL AMBITO DE LA SECRETARIA DE PROGRAMACION PARA LA PREVENCION DE LA DROGADICCION Y LUCHA CONTRA EL NARCOTRAFICO (SEDRONAR), REFERIDO AL PROGRAMA 16 - PREVENCION, ASISTENCIA, CONTROL Y LUCHA CONTRA LA DROGADICCION - EN LOS ASPECTOS RELACIONADOS CON LA PREVENCION, CAPACITACION Y ASISTENCIA, DURANTE EL EJERCICIO 2013, CONSIDERANDOSE ASIMISMO AQUELLOS HECHOS Y CIRCUNSTANCIAS POSTERIORES CON EL RESULTADO DE LA AUDITORIA."},"('Firmantes', 'FIRMANTE')":{"('0039-OV-2017', 0)":"PARLAMENTARIA MIXTA REVISORA DE CUENTAS"},"('Firmantes', 'DISTRITO')":{"('0039-OV-2017', 0)":null},"('Firmantes', 'BLOQUE')":{"('0039-OV-2017', 0)":null},"Link":{"('0039-OV-2017', 0)":"http:\/\/www.senado.gov.ar\/parlamentario\/comisiones\/verExp\/39.17\/OV\/PR"},"Palabra Clave":{"('0039-OV-2017', 0)":" "}}