{"Tipo de Proyecto":{"('0040-OV-2017', 0)":"PROYECTO DE RESOLUCI\u00d3N"},"Iniciado en: ":{"('0040-OV-2017', 0)":"Senado"},"Expediente Senado: ":{"('0040-OV-2017', 0)":"0040-OV-2017"},"Fecha: ":{"('0040-OV-2017', 0)":"28\/11\/2018"},"T\u00edtulo":{"('0040-OV-2017', 0)":"PEDIDO DE INFORMES AL PODER EJECUTIVO SOBRE RESOLUCION REMITIDA POR LA AUDITORIA GENERAL DE LA NACION 34\/17, APROBANDO EL INFORME DE AUDITORIA, EL INFORME EJECUTIVO, LA SINTESIS EJECUTIVA Y LA FICHA DEL INFORME REALIZADO EN EL AMBITO DEL INSTITUTO NACIONAL DE ASUNTOS INDIGENAS (INAI) - GESTION."},"('Firmantes', 'FIRMANTE')":{"('0040-OV-2017', 0)":"PARLAMENTARIA MIXTA REVISORA DE CUENTAS"},"('Firmantes', 'DISTRITO')":{"('0040-OV-2017', 0)":null},"('Firmantes', 'BLOQUE')":{"('0040-OV-2017', 0)":null},"Link":{"('0040-OV-2017', 0)":"http:\/\/www.senado.gov.ar\/parlamentario\/comisiones\/verExp\/40.17\/OV\/PR"},"Palabra Clave":{"('0040-OV-2017', 0)":" "}}