{"Tipo de Proyecto":{"('0040-S-2017', 0)":"MENSAJE NRO: 0013\/17 Y PROYECTO DE LEY","('0040-S-2017', 1)":null,"('0040-S-2017', 2)":null,"('0040-S-2017', 3)":null},"Iniciado en: ":{"('0040-S-2017', 0)":"Senado","('0040-S-2017', 1)":null,"('0040-S-2017', 2)":null,"('0040-S-2017', 3)":null},"Expediente Diputados: ":{"('0040-S-2017', 0)":"0040-S-2017","('0040-S-2017', 1)":null,"('0040-S-2017', 2)":null,"('0040-S-2017', 3)":null},"Expediente Senado: ":{"('0040-S-2017', 0)":"0010-PE-2017","('0040-S-2017', 1)":null,"('0040-S-2017', 2)":null,"('0040-S-2017', 3)":null},"Publicado en: ":{"('0040-S-2017', 0)":"Diario de Asuntos Entrados N\u00b0 18","('0040-S-2017', 1)":null,"('0040-S-2017', 2)":null,"('0040-S-2017', 3)":null},"Fecha: ":{"('0040-S-2017', 0)":"10\/03\/2017","('0040-S-2017', 1)":null,"('0040-S-2017', 2)":null,"('0040-S-2017', 3)":null},"T\u00edtulo":{"('0040-S-2017', 0)":"APROBACION DEL ACUERDO MARCO CON EL ESTADO PLURINACIONAL DE BOLIVIA, PARA LA PREVENCION E INVESTIGACION DEL DELITO DE LA TRATA DE PERSONAS Y LA ASISTENCIA Y PROTECCION DE SUS VICTIMAS, SUSCRIPTO EN LA CIUDAD DE BUENOS AIRES, EL 15 DE JULIO DE 2015.","('0040-S-2017', 1)":null,"('0040-S-2017', 2)":null,"('0040-S-2017', 3)":null},"('Firmantes', 'FIRMANTE')":{"('0040-S-2017', 0)":"MACRI, MAURICIO","('0040-S-2017', 1)":"PE\u00d1A, MARCOS","('0040-S-2017', 2)":"MALCORRA, SUSANA MABEL","('0040-S-2017', 3)":null},"('Firmantes', 'DISTRITO')":{"('0040-S-2017', 0)":null,"('0040-S-2017', 1)":null,"('0040-S-2017', 2)":null,"('0040-S-2017', 3)":null},"('Firmantes', 'BLOQUE')":{"('0040-S-2017', 0)":"PODER EJECUTIVO","('0040-S-2017', 1)":"PODER EJECUTIVO","('0040-S-2017', 2)":"PODER EJECUTIVO","('0040-S-2017', 3)":null},"('Giros', 'COMISI\u00d3N')":{"('0040-S-2017', 0)":"RELACIONES EXTERIORES Y CULTO","('0040-S-2017', 1)":"LEGISLACION PENAL","('0040-S-2017', 2)":null,"('0040-S-2017', 3)":null},"('Tramites', 'C\u00c1MARA')":{"('0040-S-2017', 0)":"Senado","('0040-S-2017', 1)":"Diputados","('0040-S-2017', 2)":"Diputados","('0040-S-2017', 3)":"Diputados"},"('Tramites', 'MOVIMIENTO')":{"('0040-S-2017', 0)":"CONSIDERACION Y APROBACION","('0040-S-2017', 1)":"PASA A DIPUTADOS -","('0040-S-2017', 2)":"CITACION SESION ESPECIAL","('0040-S-2017', 3)":"CONSIDERACION Y SANCION"},"('Tramites', 'FECHA')":{"('0040-S-2017', 0)":"31\/05\/2017","('0040-S-2017', 1)":null,"('0040-S-2017', 2)":"08\/11\/2017","('0040-S-2017', 3)":"08\/11\/2017"},"('Tramites', 'RESULTADO')":{"('0040-S-2017', 0)":"MEDIA SANCION","('0040-S-2017', 1)":null,"('0040-S-2017', 2)":null,"('0040-S-2017', 3)":"SANCIONADO"},"Link":{"('0040-S-2017', 0)":"http:\/\/www.senado.gov.ar\/web\/proyectos\/verExpe.php?origen=PE&nro_comision=&tipo=PL&numexp=10\/17&tConsulta=5","('0040-S-2017', 1)":null,"('0040-S-2017', 2)":null,"('0040-S-2017', 3)":null},"Palabra Clave":{"('0040-S-2017', 0)":" ","('0040-S-2017', 1)":null,"('0040-S-2017', 2)":null,"('0040-S-2017', 3)":null}}