{"Tipo de Proyecto":{"('0041-JGM-2017', 0)":"MENSAJE NRO: 0018\/17","('0041-JGM-2017', 1)":null},"Iniciado en: ":{"('0041-JGM-2017', 0)":"Diputados","('0041-JGM-2017', 1)":null},"Expediente Diputados: ":{"('0041-JGM-2017', 0)":"0041-JGM-2017","('0041-JGM-2017', 1)":null},"Publicado en: ":{"('0041-JGM-2017', 0)":"Tr\u00e1mite Parlamentario N\u00b0 80","('0041-JGM-2017', 1)":null},"Fecha: ":{"('0041-JGM-2017', 0)":"30\/06\/2017","('0041-JGM-2017', 1)":null},"T\u00edtulo":{"('0041-JGM-2017', 0)":"COMUNICA EL INFORME DE AVANCE SOBRE LA ELABORACION DEL PROYECTO DE LEY DEL PRESUPUESTO GENERAL DE LA ADMINISTRACION NACIONAL CORRESPONDIENTE AL EJERCICIO 2018.","('0041-JGM-2017', 1)":null},"('Firmantes', 'FIRMANTE')":{"('0041-JGM-2017', 0)":"PE\u00d1A, MARCOS","('0041-JGM-2017', 1)":"CAPUTO, LUIS ANDRES"},"('Firmantes', 'DISTRITO')":{"('0041-JGM-2017', 0)":null,"('0041-JGM-2017', 1)":null},"('Firmantes', 'BLOQUE')":{"('0041-JGM-2017', 0)":"PODER EJECUTIVO","('0041-JGM-2017', 1)":"PODER EJECUTIVO"},"('Giros', 'COMISI\u00d3N')":{"('0041-JGM-2017', 0)":"PRESUPUESTO Y HACIENDA","('0041-JGM-2017', 1)":null},"Palabra Clave":{"('0041-JGM-2017', 0)":" ","('0041-JGM-2017', 1)":null}}