{"Tipo de Proyecto":{"('0041-OV-2017', 0)":"PROYECTO DE RESOLUCI\u00d3N"},"Iniciado en: ":{"('0041-OV-2017', 0)":"Senado"},"Expediente Senado: ":{"('0041-OV-2017', 0)":"0041-OV-2017"},"Publicado en: ":{"('0041-OV-2017', 0)":"Diario de Asuntos Entrados N\u00b0 0"},"Fecha: ":{"('0041-OV-2017', 0)":"23\/04\/2018"},"T\u00edtulo":{"('0041-OV-2017', 0)":"RESOLUCION REMITIDA POR LA AUDITORIA GENERAL DE LA NACION 35\/17, RESPECTO A AGUA Y SANEAMIENTOS ARGENTINOS SA (AYSA), SEGUNDO PROGRAMA DE AGUA POTABLE Y SANEAMIENTO DEL AREA METROPOLITANA Y EL CONURBANO BONAERENSE, PRESTAMOS BID 2613\/OC-AR AL 31\/12\/2016."},"('Firmantes', 'FIRMANTE')":{"('0041-OV-2017', 0)":"PARLAMENTARIA MIXTA REVISORA DE CUENTAS"},"('Firmantes', 'DISTRITO')":{"('0041-OV-2017', 0)":null},"('Firmantes', 'BLOQUE')":{"('0041-OV-2017', 0)":null},"Sumario":{"('0041-OV-2017', 0)":"HABIENDO TOMADO CONOCIMIENTO Y SIN PERJUICIO DE ULTERIORES MEDIDAS QUE PUEDAN ADOPTARSE, SE ACONSEJA SU REMISION AL ARCHIVO."},"Palabra Clave":{"('0041-OV-2017', 0)":" "}}