{"Tipo de Proyecto":{"('0042-S-2017', 0)":"PROYECTO DE DECLARACI\u00d3N","('0042-S-2017', 1)":null},"Iniciado en: ":{"('0042-S-2017', 0)":"Senado","('0042-S-2017', 1)":null},"Expediente Senado: ":{"('0042-S-2017', 0)":"0042-S-2017","('0042-S-2017', 1)":null},"Publicado en: ":{"('0042-S-2017', 0)":"Diario de Asuntos Entrados N\u00b0 3","('0042-S-2017', 1)":null},"Fecha: ":{"('0042-S-2017', 0)":"02\/03\/2017","('0042-S-2017', 1)":null},"T\u00edtulo":{"('0042-S-2017', 0)":"ADHERIR A LA CELEBRACION DEL DIA INTERNACIONAL DEL MIGRANTE, EL 18 DE DICIEMBRE DE 2017.","('0042-S-2017', 1)":null},"('Firmantes', 'FIRMANTE')":{"('0042-S-2017', 0)":"ODARDA, MARIA MAGDALENA","('0042-S-2017', 1)":null},"('Firmantes', 'DISTRITO')":{"('0042-S-2017', 0)":"RIO NEGRO","('0042-S-2017', 1)":null},"('Firmantes', 'BLOQUE')":{"('0042-S-2017', 0)":"FRENTE PROGRESISTA - CCARI","('0042-S-2017', 1)":null},"('Tramites', 'C\u00c1MARA')":{"('0042-S-2017', 0)":"Senado","('0042-S-2017', 1)":"Senado"},"('Tramites', 'MOVIMIENTO')":{"('0042-S-2017', 0)":"MOCION SOBRE TABLAS (AFIRMATIVA)","('0042-S-2017', 1)":"CONSIDERACION Y SANCION"},"('Tramites', 'FECHA')":{"('0042-S-2017', 0)":"23\/08\/2017","('0042-S-2017', 1)":"23\/08\/2017"},"('Tramites', 'RESULTADO')":{"('0042-S-2017', 0)":null,"('0042-S-2017', 1)":"APROBADO"},"Link":{"('0042-S-2017', 0)":"http:\/\/www.senado.gov.ar\/parlamentario\/comisiones\/verExp\/42.17\/S\/PD","('0042-S-2017', 1)":null},"Palabra Clave":{"('0042-S-2017', 0)":" ","('0042-S-2017', 1)":null}}