{"Tipo de Proyecto":{"('0043-D-2017', 0)":"PROYECTO DE LEY"},"Iniciado en: ":{"('0043-D-2017', 0)":"Diputados"},"Expediente Diputados: ":{"('0043-D-2017', 0)":"0043-D-2017"},"Publicado en: ":{"('0043-D-2017', 0)":"Tr\u00e1mite Parlamentario N\u00b0 1"},"Fecha: ":{"('0043-D-2017', 0)":"01\/03\/2017"},"T\u00edtulo":{"('0043-D-2017', 0)":"CODIGO PENAL. INCORPORACION DEL ARTICULO 201 TER, SOBRE DELITOS CONTRA LA SALUD PUBLICA."},"('Firmantes', 'FIRMANTE')":{"('0043-D-2017', 0)":"OLMEDO, ALFREDO HORACIO"},"('Firmantes', 'DISTRITO')":{"('0043-D-2017', 0)":"SALTA"},"('Firmantes', 'BLOQUE')":{"('0043-D-2017', 0)":"SALTA SOMOS TODOS"},"('Giros', 'COMISI\u00d3N')":{"('0043-D-2017', 0)":"LEGISLACION PENAL"},"Link":{"('0043-D-2017', 0)":"https:\/\/www.hcdn.gob.ar\/proyectos\/textoCompleto.jsp?exp=0043-D-2017&tipo=LEY"},"Palabra Clave":{"('0043-D-2017', 0)":" "}}