{"Tipo de Proyecto":{"('0043-S-2017', 0)":"MENSAJE NRO: 0014\/17 Y PROYECTO DE LEY","('0043-S-2017', 1)":null,"('0043-S-2017', 2)":null},"Iniciado en: ":{"('0043-S-2017', 0)":"Senado","('0043-S-2017', 1)":null,"('0043-S-2017', 2)":null},"Expediente Diputados: ":{"('0043-S-2017', 0)":"0043-S-2017","('0043-S-2017', 1)":null,"('0043-S-2017', 2)":null},"Expediente Senado: ":{"('0043-S-2017', 0)":"0011-PE-2017","('0043-S-2017', 1)":null,"('0043-S-2017', 2)":null},"Publicado en: ":{"('0043-S-2017', 0)":"Diario de Asuntos Entrados N\u00b0 18","('0043-S-2017', 1)":null,"('0043-S-2017', 2)":null},"Fecha: ":{"('0043-S-2017', 0)":"10\/03\/2017","('0043-S-2017', 1)":null,"('0043-S-2017', 2)":null},"T\u00edtulo":{"('0043-S-2017', 0)":"APROBACION DE LAS ENMIENDAS A LA CONSTITUCION DE LA ORGANIZACION INTERNACIONAL PARA LAS MIGRACIONES, ADOPTADAS POR RESOLUCION 997 DEL CONSEJO DE LA ORGANIZACION INTERNACIONAL PARA LAS MIGRACIONES EN LA CIUDAD DE GINEBRA -CONFEDERACION SUIZA-, EL 24 DE NOVIEMBRE DE 1988.","('0043-S-2017', 1)":null,"('0043-S-2017', 2)":null},"('Firmantes', 'FIRMANTE')":{"('0043-S-2017', 0)":"MACRI, MAURICIO","('0043-S-2017', 1)":"PE\u00d1A, MARCOS","('0043-S-2017', 2)":"MALCORRA, SUSANA MABEL"},"('Firmantes', 'DISTRITO')":{"('0043-S-2017', 0)":null,"('0043-S-2017', 1)":null,"('0043-S-2017', 2)":null},"('Firmantes', 'BLOQUE')":{"('0043-S-2017', 0)":"PODER EJECUTIVO","('0043-S-2017', 1)":"PODER EJECUTIVO","('0043-S-2017', 2)":"PODER EJECUTIVO"},"('Giros', 'COMISI\u00d3N')":{"('0043-S-2017', 0)":"RELACIONES EXTERIORES Y CULTO","('0043-S-2017', 1)":"POBLACION Y DESARROLLO HUMANO","('0043-S-2017', 2)":null},"('Tramites', 'C\u00c1MARA')":{"('0043-S-2017', 0)":"Senado","('0043-S-2017', 1)":"Diputados","('0043-S-2017', 2)":null},"('Tramites', 'MOVIMIENTO')":{"('0043-S-2017', 0)":"CONSIDERACION Y APROBACION","('0043-S-2017', 1)":"PASA A DIPUTADOS -","('0043-S-2017', 2)":null},"('Tramites', 'FECHA')":{"('0043-S-2017', 0)":"31\/05\/2017","('0043-S-2017', 1)":null,"('0043-S-2017', 2)":null},"('Tramites', 'RESULTADO')":{"('0043-S-2017', 0)":"MEDIA SANCION","('0043-S-2017', 1)":null,"('0043-S-2017', 2)":null},"Link":{"('0043-S-2017', 0)":"http:\/\/www.senado.gov.ar\/web\/proyectos\/verExpe.php?origen=PE&nro_comision=&tipo=PL&numexp=11\/17&tConsulta=5","('0043-S-2017', 1)":null,"('0043-S-2017', 2)":null},"Palabra Clave":{"('0043-S-2017', 0)":" ","('0043-S-2017', 1)":null,"('0043-S-2017', 2)":null}}