{"Tipo de Proyecto":{"('0045-D-2017', 0)":"PROYECTO DE LEY","('0045-D-2017', 1)":null},"Iniciado en: ":{"('0045-D-2017', 0)":"Diputados","('0045-D-2017', 1)":null},"Expediente Diputados: ":{"('0045-D-2017', 0)":"0045-D-2017","('0045-D-2017', 1)":null},"Publicado en: ":{"('0045-D-2017', 0)":"Tr\u00e1mite Parlamentario N\u00b0 1","('0045-D-2017', 1)":null},"Fecha: ":{"('0045-D-2017', 0)":"01\/03\/2017","('0045-D-2017', 1)":null},"T\u00edtulo":{"('0045-D-2017', 0)":"MODERNIZACION DEL PARQUE AUTOMOTOR DE TAXIS Y REMISES E INSCRIPCION DE LAS LICENCIAS COMO \"GARANTIAS PRENDARIAS\".","('0045-D-2017', 1)":null},"('Firmantes', 'FIRMANTE')":{"('0045-D-2017', 0)":"OLMEDO, ALFREDO HORACIO","('0045-D-2017', 1)":null},"('Firmantes', 'DISTRITO')":{"('0045-D-2017', 0)":"SALTA","('0045-D-2017', 1)":null},"('Firmantes', 'BLOQUE')":{"('0045-D-2017', 0)":"SALTA SOMOS TODOS","('0045-D-2017', 1)":null},"('Giros', 'COMISI\u00d3N')":{"('0045-D-2017', 0)":"TRANSPORTES","('0045-D-2017', 1)":"PRESUPUESTO Y HACIENDA"},"Sumario":{"('0045-D-2017', 0)":"OBJETO: INCENTIVAR LA RENOVACION DEL PARQUE AUTOMOTOR DE TAXIS Y REMISES; QUITA DE TODO IMPUESTO Y\/O GRAVAMEN A LA FABRICACION DE AUTOS DESTINADOS A LOS FINES DE LA PRESENTE LEY; CREACION DE UN PADRON NACIONAL ESPECIAL DE LICENCIAS DE TAXIS Y REMISES, EN EL AMBITO DE LA DIRECCION NACIONAL DE LOS REGISTROS DE LA PROPIEDAD AUTOMOTOR Y CREDITOS PRENDARIOS (DNRPA); INSCRIPCION EN EL PADRON; ENAJENACION DEL AUTOMOTOR ADQUIRIDO AL AMPARO DE LA PRESENTE O ALTERACION DE SU DESTINO, DENTRO DE UN PLAZO NO INFERIOR A LOS CINCO (5) DE SU ADQUISICION: PROPORCIONES A ABONAR DE LOS IMPUESTOS DESGRAVADOS; INVITACION A LAS PROVINCIAS Y A LA CIUDAD AUTONOMA DE BUENOS AIRES A ADHERIR.","('0045-D-2017', 1)":null},"Palabra Clave":{"('0045-D-2017', 0)":" ","('0045-D-2017', 1)":null}}