{"Tipo de Proyecto":{"('0046-JGM-2017', 0)":"MENSAJE NRO: 0021\/17"},"Iniciado en: ":{"('0046-JGM-2017', 0)":"Diputados"},"Expediente Diputados: ":{"('0046-JGM-2017', 0)":"0046-JGM-2017"},"Publicado en: ":{"('0046-JGM-2017', 0)":"Tr\u00e1mite Parlamentario N\u00b0 92"},"Fecha: ":{"('0046-JGM-2017', 0)":"18\/07\/2017"},"T\u00edtulo":{"('0046-JGM-2017', 0)":"COMUNICACION DEL DICTADO DEL DECRETO DE NECESIDAD Y URGENCIA N\u00b0 513, DEL 14 DE JULIO DE 2017, POR EL CUAL SE MODIFICA LA LEY DE MINISTERIOS. "},"('Firmantes', 'FIRMANTE')":{"('0046-JGM-2017', 0)":"PE\u00d1A, MARCOS"},"('Firmantes', 'DISTRITO')":{"('0046-JGM-2017', 0)":null},"('Firmantes', 'BLOQUE')":{"('0046-JGM-2017', 0)":"PODER EJECUTIVO"},"('Giros', 'COMISI\u00d3N')":{"('0046-JGM-2017', 0)":"BICAMERAL PERMANENTE DE TRAMITE LEGISLATIVO - LEY 26122"},"Palabra Clave":{"('0046-JGM-2017', 0)":" "}}