{"Tipo de Proyecto":{"('0047-JGM-2017', 0)":"MENSAJE NRO: 0022\/17","('0047-JGM-2017', 1)":null},"Iniciado en: ":{"('0047-JGM-2017', 0)":"Diputados","('0047-JGM-2017', 1)":null},"Expediente Diputados: ":{"('0047-JGM-2017', 0)":"0047-JGM-2017","('0047-JGM-2017', 1)":null},"Publicado en: ":{"('0047-JGM-2017', 0)":"Tr\u00e1mite Parlamentario N\u00b0 93","('0047-JGM-2017', 1)":null},"Fecha: ":{"('0047-JGM-2017', 0)":"25\/07\/2017","('0047-JGM-2017', 1)":null},"T\u00edtulo":{"('0047-JGM-2017', 0)":"COMUNICACION DEL DICTADO DEL DECRETO DE NECESIDAD Y URGENCIA N\u00b0 516, DEL 17 DE JULIO DE 2017, POR EL CUAL SE MODIFICAN LAS LEYES 24241, DE SISTEMA INTEGRADO DE JUBILACIONES Y PENSIONES Y 24714, DE ASIGNACIONES FAMILIARES.","('0047-JGM-2017', 1)":null},"('Firmantes', 'FIRMANTE')":{"('0047-JGM-2017', 0)":"PE\u00d1A, MARCOS","('0047-JGM-2017', 1)":"TRIACA, ALBERTO JORGE"},"('Firmantes', 'DISTRITO')":{"('0047-JGM-2017', 0)":null,"('0047-JGM-2017', 1)":null},"('Firmantes', 'BLOQUE')":{"('0047-JGM-2017', 0)":"PODER EJECUTIVO","('0047-JGM-2017', 1)":"PODER EJECUTIVO"},"('Giros', 'COMISI\u00d3N')":{"('0047-JGM-2017', 0)":"BICAMERAL PERMANENTE DE TRAMITE LEGISLATIVO - LEY 26122","('0047-JGM-2017', 1)":null},"Palabra Clave":{"('0047-JGM-2017', 0)":" ","('0047-JGM-2017', 1)":null}}