{"Tipo de Proyecto":{"('0048-S-2017', 0)":"PROYECTO DE DECLARACI\u00d3N"},"Iniciado en: ":{"('0048-S-2017', 0)":"Senado"},"Expediente Senado: ":{"('0048-S-2017', 0)":"0048-S-2017"},"Publicado en: ":{"('0048-S-2017', 0)":"Diario de Asuntos Entrados N\u00b0 3"},"Fecha: ":{"('0048-S-2017', 0)":"02\/03\/2017"},"T\u00edtulo":{"('0048-S-2017', 0)":"ADHERIR AL DIA MUNDIAL DE LOS DOCENTES, EL 5 DE OCTUBRE DE 2017."},"('Firmantes', 'FIRMANTE')":{"('0048-S-2017', 0)":"ODARDA, MARIA MAGDALENA"},"('Firmantes', 'DISTRITO')":{"('0048-S-2017', 0)":"RIO NEGRO"},"('Firmantes', 'BLOQUE')":{"('0048-S-2017', 0)":"FRENTE PROGRESISTA - CCARI"},"Link":{"('0048-S-2017', 0)":"http:\/\/www.senado.gov.ar\/parlamentario\/comisiones\/verExp\/48.17\/S\/PD"},"Palabra Clave":{"('0048-S-2017', 0)":" "}}