{"Tipo de Proyecto":{"('0049-D-2017', 0)":"PROYECTO DE LEY"},"Iniciado en: ":{"('0049-D-2017', 0)":"Diputados"},"Expediente Diputados: ":{"('0049-D-2017', 0)":"0049-D-2017"},"Publicado en: ":{"('0049-D-2017', 0)":"Tr\u00e1mite Parlamentario N\u00b0 1"},"Fecha: ":{"('0049-D-2017', 0)":"01\/03\/2017"},"T\u00edtulo":{"('0049-D-2017', 0)":"CODIGO PENAL. MODIFICACION DEL ARTICULO 130, INCREMENTADO LAS PENAS EN CASOS DE DELITOS CONTRA LA INTEGRIDAD SEXUAL."},"('Firmantes', 'FIRMANTE')":{"('0049-D-2017', 0)":"OLMEDO, ALFREDO HORACIO"},"('Firmantes', 'DISTRITO')":{"('0049-D-2017', 0)":"SALTA"},"('Firmantes', 'BLOQUE')":{"('0049-D-2017', 0)":"SALTA SOMOS TODOS"},"('Giros', 'COMISI\u00d3N')":{"('0049-D-2017', 0)":"LEGISLACION PENAL"},"('Tramites', 'C\u00c1MARA')":{"('0049-D-2017', 0)":"Diputados"},"('Tramites', 'MOVIMIENTO')":{"('0049-D-2017', 0)":"MANIFESTACIONES EN MINORIA"},"('Tramites', 'FECHA')":{"('0049-D-2017', 0)":"10\/05\/2017"},"('Tramites', 'RESULTADO')":{"('0049-D-2017', 0)":null},"Link":{"('0049-D-2017', 0)":"https:\/\/www.hcdn.gob.ar\/proyectos\/textoCompleto.jsp?exp=0049-D-2017&tipo=LEY"},"Palabra Clave":{"('0049-D-2017', 0)":" "}}