{"Tipo de Proyecto":{"('0051-D-2017', 0)":"PROYECTO DE DECLARACI\u00d3N"},"Iniciado en: ":{"('0051-D-2017', 0)":"Diputados"},"Expediente Diputados: ":{"('0051-D-2017', 0)":"0051-D-2017"},"Publicado en: ":{"('0051-D-2017', 0)":"Tr\u00e1mite Parlamentario N\u00b0 1"},"Fecha: ":{"('0051-D-2017', 0)":"01\/03\/2017"},"T\u00edtulo":{"('0051-D-2017', 0)":"EXPRESAR BENEPLACITO POR LA RESOLUCION NUMERO 20 DE LA SECRETARIA DE ENERGIA DE LA NACION, QUE ESTABLECE QUE SE PODRA REMUNERAR A $ 240 EL MEGAVATIO\/HORA, QUE HOY SE PAGA $ 120 A LA \"REPRESA DE SALTO GRANDE\", PROVINCIA DE ENTRE RIOS."},"('Firmantes', 'FIRMANTE')":{"('0051-D-2017', 0)":"CREMER DE BUSTI, MARIA CRISTINA"},"('Firmantes', 'DISTRITO')":{"('0051-D-2017', 0)":"ENTRE RIOS"},"('Firmantes', 'BLOQUE')":{"('0051-D-2017', 0)":"UNION POR ENTRE RIOS"},"('Giros', 'COMISI\u00d3N')":{"('0051-D-2017', 0)":"ENERGIA Y COMBUSTIBLES"},"Link":{"('0051-D-2017', 0)":"https:\/\/www.hcdn.gob.ar\/proyectos\/textoCompleto.jsp?exp=0051-D-2017&tipo=DECLARACION"},"Palabra Clave":{"('0051-D-2017', 0)":" "}}