{"Tipo de Proyecto":{"('0051-S-2017', 0)":"PROYECTO DE DECLARACI\u00d3N"},"Iniciado en: ":{"('0051-S-2017', 0)":"Senado"},"Expediente Senado: ":{"('0051-S-2017', 0)":"0051-S-2017"},"Publicado en: ":{"('0051-S-2017', 0)":"Diario de Asuntos Entrados N\u00b0 3"},"Fecha: ":{"('0051-S-2017', 0)":"02\/03\/2017"},"T\u00edtulo":{"('0051-S-2017', 0)":"ADHERIR AL DIA INTERNACIONAL PARA LA ABOLICION DE LA ESCLAVITUD, EL 2 DE DICIEMBRE DE 2017."},"('Firmantes', 'FIRMANTE')":{"('0051-S-2017', 0)":"ODARDA, MARIA MAGDALENA"},"('Firmantes', 'DISTRITO')":{"('0051-S-2017', 0)":"RIO NEGRO"},"('Firmantes', 'BLOQUE')":{"('0051-S-2017', 0)":"FRENTE PROGRESISTA - CCARI"},"Link":{"('0051-S-2017', 0)":"http:\/\/www.senado.gov.ar\/parlamentario\/comisiones\/verExp\/51.17\/S\/PD"},"Palabra Clave":{"('0051-S-2017', 0)":" "}}