{"Tipo de Proyecto":{"('0052-S-2017', 0)":"MENSAJE NRO: ____\/__","('0052-S-2017', 1)":null},"Iniciado en: ":{"('0052-S-2017', 0)":"Senado","('0052-S-2017', 1)":null},"Expediente Diputados: ":{"('0052-S-2017', 0)":"0052-S-2017","('0052-S-2017', 1)":null},"Expediente Senado: ":{"('0052-S-2017', 0)":"0136-PE-2017","('0052-S-2017', 1)":null},"Publicado en: ":{"('0052-S-2017', 0)":"Diario de Asuntos Entrados N\u00b0 0","('0052-S-2017', 1)":null},"Fecha: ":{"('0052-S-2017', 0)":"12\/06\/2017","('0052-S-2017', 1)":null},"T\u00edtulo":{"('0052-S-2017', 0)":"JEFATURA DE GABINETE REMITE NOTA DE LOS MINISTERIOS DE ENERGIA Y MINERIA Y DE AMBIENTE Y DESARROLLO SUSTENTABLE EN RELACION CON LA OBRA \"APROVECHAMIENTOS HIDROELECTRICOS DEL RIO SANTA CRUZ PRESIDENTE NESTOR KIRCHNER - GOBERNADOR JORGE CEPERNIC\" INCORPORADA AL PROGRAMA NACIONAL DE OBRAS HIDROELECTRICAS QUE EL PODER EJECUTIVO NACIONAL LLEVA ADELANTE.","('0052-S-2017', 1)":null},"('Firmantes', 'FIRMANTE')":{"('0052-S-2017', 0)":"PE\u00d1A, MARCOS","('0052-S-2017', 1)":null},"('Firmantes', 'DISTRITO')":{"('0052-S-2017', 0)":null,"('0052-S-2017', 1)":null},"('Firmantes', 'BLOQUE')":{"('0052-S-2017', 0)":"PODER EJECUTIVO","('0052-S-2017', 1)":null},"('Giros', 'COMISI\u00d3N')":{"('0052-S-2017', 0)":"A LA PRESIDENCIA","('0052-S-2017', 1)":null},"('Tramites', 'C\u00c1MARA')":{"('0052-S-2017', 0)":"Diputados","('0052-S-2017', 1)":"Diputados"},"('Tramites', 'MOVIMIENTO')":{"('0052-S-2017', 0)":"COMUNICACION A LA H CAMARA DE DIPUTADOS CONJUNTAMENTE PARA LOS EXPEDIENTES 0052-S-2017, 0136-PE-2017 y 0138-PE-2017","('0052-S-2017', 1)":"CONVOCATORIA A AUDIENCIA PUBLICA PARA LOS DIAS 20\/06\/2017 Y 21\/06\/2017"},"('Tramites', 'FECHA')":{"('0052-S-2017', 0)":null,"('0052-S-2017', 1)":null},"('Tramites', 'RESULTADO')":{"('0052-S-2017', 0)":null,"('0052-S-2017', 1)":null},"Sumario":{"('0052-S-2017', 0)":"SE ADJUNTA ESTUDIO EN EL EXPEDIENTE 0138-PE-2017","('0052-S-2017', 1)":null},"Palabra Clave":{"('0052-S-2017', 0)":" ","('0052-S-2017', 1)":null}}