{"Tipo de Proyecto":{"('0052-D-2017', 0)":"PROYECTO DE DECLARACI\u00d3N"},"Iniciado en: ":{"('0052-D-2017', 0)":"Diputados"},"Expediente Diputados: ":{"('0052-D-2017', 0)":"0052-D-2017"},"Publicado en: ":{"('0052-D-2017', 0)":"Tr\u00e1mite Parlamentario N\u00b0 1"},"Fecha: ":{"('0052-D-2017', 0)":"01\/03\/2017"},"T\u00edtulo":{"('0052-D-2017', 0)":"EXPRESAR REPUDIO POR LA FALTA DE CONTENCION DESDE EL ESTADO NACIONAL, A LAS ECONOMIAS REGIONALES DE CITRICULTURA DEL PAIS."},"('Firmantes', 'FIRMANTE')":{"('0052-D-2017', 0)":"CREMER DE BUSTI, MARIA CRISTINA"},"('Firmantes', 'DISTRITO')":{"('0052-D-2017', 0)":"ENTRE RIOS"},"('Firmantes', 'BLOQUE')":{"('0052-D-2017', 0)":"UNION POR ENTRE RIOS"},"('Giros', 'COMISI\u00d3N')":{"('0052-D-2017', 0)":"ECONOMIAS Y DESARROLLO REGIONAL"},"Link":{"('0052-D-2017', 0)":"https:\/\/www.hcdn.gob.ar\/proyectos\/textoCompleto.jsp?exp=0052-D-2017&tipo=DECLARACION"},"Palabra Clave":{"('0052-D-2017', 0)":" "}}