{"Tipo de Proyecto":{"('0052-OV-2017', 0)":"PROYECTO DE RESOLUCI\u00d3N"},"Iniciado en: ":{"('0052-OV-2017', 0)":"Senado"},"Expediente Senado: ":{"('0052-OV-2017', 0)":"0052-OV-2017"},"Publicado en: ":{"('0052-OV-2017', 0)":"Diario de Asuntos Entrados N\u00b0 0"},"Fecha: ":{"('0052-OV-2017', 0)":"09\/05\/2018"},"T\u00edtulo":{"('0052-OV-2017', 0)":"PEDIDO DE INFORMES AL PODER EJECUTIVO SOBRE RESOLUCION REMITIDA POR LA AUDITORIA GENERAL DE LA NACION 40\/17, Y LAS MEDIDAS ADOPTADAS A EFECTOS DE REGULARIZAR LAS SITUACIONES OBSERVADAS EN ORDEN AL PROGRAMA 37, RESPECTO DE LA GESTION DE LA DIRECCION GENERAL DE INFRAESTRUCTURA, DEPENDIENTES DEL MINISTERIO DE EDUCACION, EN LO RELATIVO A LAS TRANSFERENCIAS DE FONDOS A LA LAS PROVINCIAS, PERIODO 01\/01\/2012 AL 31\/12\/2012."},"('Firmantes', 'FIRMANTE')":{"('0052-OV-2017', 0)":"PARLAMENTARIA MIXTA REVISORA DE CUENTAS"},"('Firmantes', 'DISTRITO')":{"('0052-OV-2017', 0)":null},"('Firmantes', 'BLOQUE')":{"('0052-OV-2017', 0)":null},"Link":{"('0052-OV-2017', 0)":"http:\/\/www.senado.gov.ar\/parlamentario\/comisiones\/verExp\/52.17\/OV\/PR"},"Palabra Clave":{"('0052-OV-2017', 0)":" "}}