{"Tipo de Proyecto":{"('0053-OV-2017', 0)":"PROYECTO DE RESOLUCI\u00d3N"},"Iniciado en: ":{"('0053-OV-2017', 0)":"Senado"},"Expediente Senado: ":{"('0053-OV-2017', 0)":"0053-OV-2017"},"Fecha: ":{"('0053-OV-2017', 0)":"28\/06\/2018"},"T\u00edtulo":{"('0053-OV-2017', 0)":"DICTAMEN EN LA RESOLUCION 41\/17 DE LA AUDITORIA GENERAL DE LA NACION APROBANDO EL INFORME SOBRE EL ESTUDIO ESPECIAL - INFORME Y ESTUDIO DE ENDEUDAMIENTO LEBAC - NOBAC, IMPACTO DE LA ESTERILIZACION EN EL PROGRAMA MONETARIO DEL BANCO CENTRAL DE LA REPUBLICA ARGENTINA, PRODUCIDO POR LA GERENCIA DE CONTROL DE LA DEUDA PUBLICA."},"('Firmantes', 'FIRMANTE')":{"('0053-OV-2017', 0)":"PARLAMENTARIA MIXTA REVISORA DE CUENTAS"},"('Firmantes', 'DISTRITO')":{"('0053-OV-2017', 0)":null},"('Firmantes', 'BLOQUE')":{"('0053-OV-2017', 0)":null},"Sumario":{"('0053-OV-2017', 0)":"HABIENDO TOMADO CONOCIMIENTO, Y SIN PERJUICIO DE ULTERIORES MEDIDAS QUE PUEDAN ADOPTARSE, SE ACONSEJA SU REMISION AL ARCHIVO."},"Palabra Clave":{"('0053-OV-2017', 0)":" "}}