{"Tipo de Proyecto":{"('0053-D-2017', 0)":"PROYECTO DE LEY","('0053-D-2017', 1)":null,"('0053-D-2017', 2)":null},"Iniciado en: ":{"('0053-D-2017', 0)":"Diputados","('0053-D-2017', 1)":null,"('0053-D-2017', 2)":null},"Expediente Diputados: ":{"('0053-D-2017', 0)":"0053-D-2017","('0053-D-2017', 1)":null,"('0053-D-2017', 2)":null},"Publicado en: ":{"('0053-D-2017', 0)":"Tr\u00e1mite Parlamentario N\u00b0 1","('0053-D-2017', 1)":null,"('0053-D-2017', 2)":null},"Fecha: ":{"('0053-D-2017', 0)":"01\/03\/2017","('0053-D-2017', 1)":null,"('0053-D-2017', 2)":null},"T\u00edtulo":{"('0053-D-2017', 0)":"PREADOPCION.  REGIMEN.","('0053-D-2017', 1)":null,"('0053-D-2017', 2)":null},"('Firmantes', 'FIRMANTE')":{"('0053-D-2017', 0)":"OLMEDO, ALFREDO HORACIO","('0053-D-2017', 1)":null,"('0053-D-2017', 2)":null},"('Firmantes', 'DISTRITO')":{"('0053-D-2017', 0)":"SALTA","('0053-D-2017', 1)":null,"('0053-D-2017', 2)":null},"('Firmantes', 'BLOQUE')":{"('0053-D-2017', 0)":"SALTA SOMOS TODOS","('0053-D-2017', 1)":null,"('0053-D-2017', 2)":null},"('Giros', 'COMISI\u00d3N')":{"('0053-D-2017', 0)":"LEGISLACION GENERAL","('0053-D-2017', 1)":"FAMILIA, MUJER, NI\u00d1EZ Y ADOLESCENCIA","('0053-D-2017', 2)":"PRESUPUESTO Y HACIENDA"},"Sumario":{"('0053-D-2017', 0)":"A PARTIR DE LA CERTIFICACION DE LA GESTACION, LA EMBARAZADA TENDRA DERECHO A DAR SU GESTACION EN ADOPCION; CREACION DE UN REGISTRO NACIONAL DE EMBARAZADAS CON GESTACIONES PARA PREADOPCION DEPENDIENTE DEL MINISTERIO DE JUSTICIA; CREACION DE UN REGISTRO NACIONAL ESPECIAL DE CIUDADANOS INTERESADOS EN LA PREADOPCION DE GESTACIONES DEPENDIENTE DEL MINISTERIO DE JUSTICIA DE LA NACION.","('0053-D-2017', 1)":null,"('0053-D-2017', 2)":null},"Palabra Clave":{"('0053-D-2017', 0)":" ","('0053-D-2017', 1)":null,"('0053-D-2017', 2)":null}}