{"Tipo de Proyecto":{"('0053-JGM-2017', 0)":"MENSAJE NRO: 0024\/17","('0053-JGM-2017', 1)":null},"Iniciado en: ":{"('0053-JGM-2017', 0)":"Diputados","('0053-JGM-2017', 1)":null},"Expediente Diputados: ":{"('0053-JGM-2017', 0)":"0053-JGM-2017","('0053-JGM-2017', 1)":null},"Publicado en: ":{"('0053-JGM-2017', 0)":"Tr\u00e1mite Parlamentario N\u00b0 121","('0053-JGM-2017', 1)":null},"Fecha: ":{"('0053-JGM-2017', 0)":"08\/09\/2017","('0053-JGM-2017', 1)":null},"T\u00edtulo":{"('0053-JGM-2017', 0)":"COMUNICACION EL DECRETO DE NECESIDAD Y URGENCIA 698 DEL 5 DE SEPTIEMBRE DE 2017 POR EL CUAL SE CREA LA AGENCIA NACIONAL DE DISCAPACIDAD.","('0053-JGM-2017', 1)":null},"('Firmantes', 'FIRMANTE')":{"('0053-JGM-2017', 0)":"PE\u00d1A, MARCOS","('0053-JGM-2017', 1)":"STANLEY, CAROLINA"},"('Firmantes', 'DISTRITO')":{"('0053-JGM-2017', 0)":null,"('0053-JGM-2017', 1)":null},"('Firmantes', 'BLOQUE')":{"('0053-JGM-2017', 0)":"PODER EJECUTIVO","('0053-JGM-2017', 1)":"PODER EJECUTIVO"},"('Giros', 'COMISI\u00d3N')":{"('0053-JGM-2017', 0)":"BICAMERAL PERMANENTE DE TRAMITE LEGISLATIVO - LEY 26122","('0053-JGM-2017', 1)":null},"('Tramites', 'C\u00c1MARA')":{"('0053-JGM-2017', 0)":"Diputados","('0053-JGM-2017', 1)":null},"('Tramites', 'MOVIMIENTO')":{"('0053-JGM-2017', 0)":"VER TRAMITE DEL DECRETO EN SENADO EN EXPEDIENTE 4178-S-2017","('0053-JGM-2017', 1)":null},"('Tramites', 'FECHA')":{"('0053-JGM-2017', 0)":null,"('0053-JGM-2017', 1)":null},"('Tramites', 'RESULTADO')":{"('0053-JGM-2017', 0)":null,"('0053-JGM-2017', 1)":null},"Palabra Clave":{"('0053-JGM-2017', 0)":" ","('0053-JGM-2017', 1)":null}}