{"Tipo de Proyecto":{"('0054-S-2017', 0)":"PROYECTO DE DECLARACI\u00d3N","('0054-S-2017', 1)":null},"Iniciado en: ":{"('0054-S-2017', 0)":"Senado","('0054-S-2017', 1)":null},"Expediente Senado: ":{"('0054-S-2017', 0)":"0054-S-2017","('0054-S-2017', 1)":null},"Publicado en: ":{"('0054-S-2017', 0)":"Diario de Asuntos Entrados N\u00b0 3","('0054-S-2017', 1)":null},"Fecha: ":{"('0054-S-2017', 0)":"02\/03\/2017","('0054-S-2017', 1)":null},"T\u00edtulo":{"('0054-S-2017', 0)":"ADHERIR AL DIA MUNDIAL CONTRA EL TRABAJO INFANTIL, EL 12 DE JUNIO DE 2017.","('0054-S-2017', 1)":null},"('Firmantes', 'FIRMANTE')":{"('0054-S-2017', 0)":"ODARDA, MARIA MAGDALENA","('0054-S-2017', 1)":null},"('Firmantes', 'DISTRITO')":{"('0054-S-2017', 0)":"RIO NEGRO","('0054-S-2017', 1)":null},"('Firmantes', 'BLOQUE')":{"('0054-S-2017', 0)":"FRENTE PROGRESISTA - CCARI","('0054-S-2017', 1)":null},"('Tramites', 'C\u00c1MARA')":{"('0054-S-2017', 0)":"Senado","('0054-S-2017', 1)":"Senado"},"('Tramites', 'MOVIMIENTO')":{"('0054-S-2017', 0)":"MOCION SOBRE TABLAS (AFIRMATIVA) CONJUNTAMENTE PARA LOS EXPEDIENTES 0054-S-2017 y 1735-S-2017","('0054-S-2017', 1)":"CONSIDERACION Y APROBACION (TEXTO UNIFICADO) CONJUNTAMENTE PARA LOS EXPEDIENTES 0054-S-2017 y 1735-S-2017"},"('Tramites', 'FECHA')":{"('0054-S-2017', 0)":"31\/05\/2017","('0054-S-2017', 1)":"31\/05\/2017"},"('Tramites', 'RESULTADO')":{"('0054-S-2017', 0)":null,"('0054-S-2017', 1)":"APROBADO"},"Link":{"('0054-S-2017', 0)":"http:\/\/www.senado.gov.ar\/parlamentario\/comisiones\/verExp\/54.17\/S\/PD","('0054-S-2017', 1)":null},"Palabra Clave":{"('0054-S-2017', 0)":" ","('0054-S-2017', 1)":null}}