{"Tipo de Proyecto":{"('0054-D-2017', 0)":"PROYECTO DE LEY","('0054-D-2017', 1)":null,"('0054-D-2017', 2)":null},"Iniciado en: ":{"('0054-D-2017', 0)":"Diputados","('0054-D-2017', 1)":null,"('0054-D-2017', 2)":null},"Expediente Diputados: ":{"('0054-D-2017', 0)":"0054-D-2017","('0054-D-2017', 1)":null,"('0054-D-2017', 2)":null},"Publicado en: ":{"('0054-D-2017', 0)":"Tr\u00e1mite Parlamentario N\u00b0 1","('0054-D-2017', 1)":null,"('0054-D-2017', 2)":null},"Fecha: ":{"('0054-D-2017', 0)":"01\/03\/2017","('0054-D-2017', 1)":null,"('0054-D-2017', 2)":null},"T\u00edtulo":{"('0054-D-2017', 0)":"OFICINA DE ETICA EN LA FUNCION PUBLICA Y ANTICORRUPCION. CREACION EN EL AMBITO DEL H. CONGRESO DE LA NACION.","('0054-D-2017', 1)":null,"('0054-D-2017', 2)":null},"('Firmantes', 'FIRMANTE')":{"('0054-D-2017', 0)":"OLMEDO, ALFREDO HORACIO","('0054-D-2017', 1)":null,"('0054-D-2017', 2)":null},"('Firmantes', 'DISTRITO')":{"('0054-D-2017', 0)":"SALTA","('0054-D-2017', 1)":null,"('0054-D-2017', 2)":null},"('Firmantes', 'BLOQUE')":{"('0054-D-2017', 0)":"SALTA SOMOS TODOS","('0054-D-2017', 1)":null,"('0054-D-2017', 2)":null},"('Giros', 'COMISI\u00d3N')":{"('0054-D-2017', 0)":"ASUNTOS CONSTITUCIONALES","('0054-D-2017', 1)":"PETICIONES, PODERES Y REGLAMENTO","('0054-D-2017', 2)":"PRESUPUESTO Y HACIENDA"},"Sumario":{"('0054-D-2017', 0)":"MODIFICACION DEL ARTICULO 13  LA LEY 25233 (LEY DE MINISTERIOS); OBLIGACIONES Y AMBITO DE APLICACION; ESTRUCTURA Y ORGANIZACION; PROCEDIMIENTO PARA LAS INVESTIGACIONES; DEROGACION DE LOS ARTICULOS 1 A 8 DEL DECRETO 102\/1999.","('0054-D-2017', 1)":null,"('0054-D-2017', 2)":null},"Palabra Clave":{"('0054-D-2017', 0)":" ","('0054-D-2017', 1)":null,"('0054-D-2017', 2)":null}}