{"Tipo de Proyecto":{"('0055-JGM-2017', 0)":"MENSAJE NRO \/ A\u00d1O"},"Iniciado en: ":{"('0055-JGM-2017', 0)":"Diputados"},"Expediente Diputados: ":{"('0055-JGM-2017', 0)":"0055-JGM-2017"},"Publicado en: ":{"('0055-JGM-2017', 0)":"Tr\u00e1mite Parlamentario N\u00b0 137"},"Fecha: ":{"('0055-JGM-2017', 0)":"29\/09\/2017"},"T\u00edtulo":{"('0055-JGM-2017', 0)":"COMUNICACION DEL DICTADO DE LA DECISION ADMINISTRATIVA 774\/2017 DE FECHA 18 DE SEPTIEMBRE DE 2017, POR LA CUAL SE MODIFICA EL PRESUPUESTO DE LA ADMINISTRACION NACIONAL PARA EL EJERCICIO 2017."},"('Firmantes', 'FIRMANTE')":{"('0055-JGM-2017', 0)":"PE\u00d1A, MARCOS"},"('Firmantes', 'DISTRITO')":{"('0055-JGM-2017', 0)":null},"('Firmantes', 'BLOQUE')":{"('0055-JGM-2017', 0)":"PODER EJECUTIVO"},"('Giros', 'COMISI\u00d3N')":{"('0055-JGM-2017', 0)":"PRESUPUESTO Y HACIENDA"},"Palabra Clave":{"('0055-JGM-2017', 0)":" "}}