{"Tipo de Proyecto":{"('0055-D-2017', 0)":"PROYECTO DE LEY","('0055-D-2017', 1)":null},"Iniciado en: ":{"('0055-D-2017', 0)":"Diputados","('0055-D-2017', 1)":null},"Expediente Diputados: ":{"('0055-D-2017', 0)":"0055-D-2017","('0055-D-2017', 1)":null},"Publicado en: ":{"('0055-D-2017', 0)":"Tr\u00e1mite Parlamentario N\u00b0 1","('0055-D-2017', 1)":null},"Fecha: ":{"('0055-D-2017', 0)":"01\/03\/2017","('0055-D-2017', 1)":null},"T\u00edtulo":{"('0055-D-2017', 0)":"ACTOS ELECCIONARIOS OBLIGATORIOS.  SE AUTORIZA A LAS EMPRESAS DE TRANSPORTES URBANOS, INTERURBANOS, DE MEDIA Y LARGA DISTANCIA, PARA GARANTIZAR LA GRATUIDAD DEL PASAJE LOS DIAS DE ELECCIONES. ","('0055-D-2017', 1)":null},"('Firmantes', 'FIRMANTE')":{"('0055-D-2017', 0)":"OLMEDO, ALFREDO HORACIO","('0055-D-2017', 1)":null},"('Firmantes', 'DISTRITO')":{"('0055-D-2017', 0)":"SALTA","('0055-D-2017', 1)":null},"('Firmantes', 'BLOQUE')":{"('0055-D-2017', 0)":"SALTA SOMOS TODOS","('0055-D-2017', 1)":null},"('Giros', 'COMISI\u00d3N')":{"('0055-D-2017', 0)":"TRANSPORTES","('0055-D-2017', 1)":"PRESUPUESTO Y HACIENDA"},"Link":{"('0055-D-2017', 0)":"https:\/\/www.hcdn.gob.ar\/proyectos\/textoCompleto.jsp?exp=0055-D-2017&tipo=LEY","('0055-D-2017', 1)":null},"Palabra Clave":{"('0055-D-2017', 0)":" ","('0055-D-2017', 1)":null}}