{"Tipo de Proyecto":{"('0056-S-2017', 0)":"PROYECTO DE DECLARACI\u00d3N","('0056-S-2017', 1)":null},"Iniciado en: ":{"('0056-S-2017', 0)":"Senado","('0056-S-2017', 1)":null},"Expediente Senado: ":{"('0056-S-2017', 0)":"0056-S-2017","('0056-S-2017', 1)":null},"Publicado en: ":{"('0056-S-2017', 0)":"Diario de Asuntos Entrados N\u00b0 3","('0056-S-2017', 1)":null},"Fecha: ":{"('0056-S-2017', 0)":"02\/03\/2017","('0056-S-2017', 1)":null},"T\u00edtulo":{"('0056-S-2017', 0)":"ADHERIR AL DIA INTERNACIONAL DE LAS MUJERES RURALES, A CELEBRARSE EL 15 DE OCTUBRE DE 2017.","('0056-S-2017', 1)":null},"('Firmantes', 'FIRMANTE')":{"('0056-S-2017', 0)":"ODARDA, MARIA MAGDALENA","('0056-S-2017', 1)":null},"('Firmantes', 'DISTRITO')":{"('0056-S-2017', 0)":"RIO NEGRO","('0056-S-2017', 1)":null},"('Firmantes', 'BLOQUE')":{"('0056-S-2017', 0)":"FRENTE PROGRESISTA - CCARI","('0056-S-2017', 1)":null},"('Tramites', 'C\u00c1MARA')":{"('0056-S-2017', 0)":"Senado","('0056-S-2017', 1)":"Senado"},"('Tramites', 'MOVIMIENTO')":{"('0056-S-2017', 0)":"MOCION SOBRE TABLAS (AFIRMATIVA) CONJUNTAMENTE PARA LOS EXPEDIENTES 0056-S-2017 y 0737-S-2017","('0056-S-2017', 1)":"CONSIDERACION Y APROBACION (TEXTO UNIFICADO) CONJUNTAMENTE PARA LOS EXPEDIENTES 0056-S-2017 y 0737-S-2017"},"('Tramites', 'FECHA')":{"('0056-S-2017', 0)":"23\/08\/2017","('0056-S-2017', 1)":"23\/08\/2017"},"('Tramites', 'RESULTADO')":{"('0056-S-2017', 0)":null,"('0056-S-2017', 1)":"APROBADO"},"Link":{"('0056-S-2017', 0)":"http:\/\/www.senado.gov.ar\/parlamentario\/comisiones\/verExp\/56.17\/S\/PD","('0056-S-2017', 1)":null},"Palabra Clave":{"('0056-S-2017', 0)":" ","('0056-S-2017', 1)":null}}