{"Tipo de Proyecto":{"('0056-JGM-2017', 0)":"MENSAJE NRO: 0026\/17","('0056-JGM-2017', 1)":null},"Iniciado en: ":{"('0056-JGM-2017', 0)":"Diputados","('0056-JGM-2017', 1)":null},"Expediente Diputados: ":{"('0056-JGM-2017', 0)":"0056-JGM-2017","('0056-JGM-2017', 1)":null},"Publicado en: ":{"('0056-JGM-2017', 0)":"Tr\u00e1mite Parlamentario N\u00b0 137","('0056-JGM-2017', 1)":null},"Fecha: ":{"('0056-JGM-2017', 0)":"29\/09\/2017","('0056-JGM-2017', 1)":null},"T\u00edtulo":{"('0056-JGM-2017', 0)":"COMUNICACION DEL DICTADO DEL DECRETO DE NECESIDAD Y URGENCIA 746 DEL 25 DE SEPTIEMBRE DE 2017, POR EL CUAL SE MODIFICA LA LEY DE MINISTERIOS.","('0056-JGM-2017', 1)":null},"('Firmantes', 'FIRMANTE')":{"('0056-JGM-2017', 0)":"PE\u00d1A, MARCOS","('0056-JGM-2017', 1)":"FINOCCHIARO, ALEJANDRO OSCAR"},"('Firmantes', 'DISTRITO')":{"('0056-JGM-2017', 0)":null,"('0056-JGM-2017', 1)":null},"('Firmantes', 'BLOQUE')":{"('0056-JGM-2017', 0)":"PODER EJECUTIVO","('0056-JGM-2017', 1)":"PODER EJECUTIVO"},"('Giros', 'COMISI\u00d3N')":{"('0056-JGM-2017', 0)":"BICAMERAL PERMANENTE DE TRAMITE LEGISLATIVO - LEY 26122","('0056-JGM-2017', 1)":null},"('Tramites', 'C\u00c1MARA')":{"('0056-JGM-2017', 0)":"Diputados","('0056-JGM-2017', 1)":null},"('Tramites', 'MOVIMIENTO')":{"('0056-JGM-2017', 0)":"VER TRAMITE DEL DECRETO EN SENADO EN EXPEDIENTE 4179-S-2017","('0056-JGM-2017', 1)":null},"('Tramites', 'FECHA')":{"('0056-JGM-2017', 0)":null,"('0056-JGM-2017', 1)":null},"('Tramites', 'RESULTADO')":{"('0056-JGM-2017', 0)":null,"('0056-JGM-2017', 1)":null},"Palabra Clave":{"('0056-JGM-2017', 0)":" ","('0056-JGM-2017', 1)":null}}