{"Tipo de Proyecto":{"('0057-S-2017', 0)":"PROYECTO DE DECLARACI\u00d3N"},"Iniciado en: ":{"('0057-S-2017', 0)":"Senado"},"Expediente Senado: ":{"('0057-S-2017', 0)":"0057-S-2017"},"Publicado en: ":{"('0057-S-2017', 0)":"Diario de Asuntos Entrados N\u00b0 3"},"Fecha: ":{"('0057-S-2017', 0)":"02\/03\/2017"},"T\u00edtulo":{"('0057-S-2017', 0)":"ADHERIR AL DIA MUNDIAL DE INFORMACION SOBRE EL DESARROLLO, A CELEBRARSE EL 24 DE OCTUBRE DE 2017."},"('Firmantes', 'FIRMANTE')":{"('0057-S-2017', 0)":"ODARDA, MARIA MAGDALENA"},"('Firmantes', 'DISTRITO')":{"('0057-S-2017', 0)":"RIO NEGRO"},"('Firmantes', 'BLOQUE')":{"('0057-S-2017', 0)":"FRENTE PROGRESISTA - CCARI"},"Link":{"('0057-S-2017', 0)":"http:\/\/www.senado.gov.ar\/parlamentario\/comisiones\/verExp\/57.17\/S\/PD"},"Palabra Clave":{"('0057-S-2017', 0)":" "}}