{"Tipo de Proyecto":{"('0058-S-2017', 0)":"PROYECTO DE DECLARACI\u00d3N"},"Iniciado en: ":{"('0058-S-2017', 0)":"Senado"},"Expediente Senado: ":{"('0058-S-2017', 0)":"0058-S-2017"},"Publicado en: ":{"('0058-S-2017', 0)":"Diario de Asuntos Entrados N\u00b0 3"},"Fecha: ":{"('0058-S-2017', 0)":"02\/03\/2017"},"T\u00edtulo":{"('0058-S-2017', 0)":"DECLARACION DE INTERES LA FIESTA PROVINCIAL DEL CORDERO, A CELEBRARSE EN SIERRA COLORADA, PROVINCIA DE RIO NEGRO, EN DICIEMBRE DE 2017."},"('Firmantes', 'FIRMANTE')":{"('0058-S-2017', 0)":"ODARDA, MARIA MAGDALENA"},"('Firmantes', 'DISTRITO')":{"('0058-S-2017', 0)":"RIO NEGRO"},"('Firmantes', 'BLOQUE')":{"('0058-S-2017', 0)":"FRENTE PROGRESISTA - CCARI"},"('Tramites', 'C\u00c1MARA')":{"('0058-S-2017', 0)":"Senado"},"('Tramites', 'MOVIMIENTO')":{"('0058-S-2017', 0)":"SOLICITUD DE LA AUTORA DE RETIRO DEL PROYECTO"},"('Tramites', 'FECHA')":{"('0058-S-2017', 0)":"31\/05\/2017"},"('Tramites', 'RESULTADO')":{"('0058-S-2017', 0)":"RETIRADO"},"Link":{"('0058-S-2017', 0)":"http:\/\/www.senado.gov.ar\/parlamentario\/comisiones\/verExp\/58.17\/S\/PD"},"Palabra Clave":{"('0058-S-2017', 0)":" "}}