{"Tipo de Proyecto":{"('0059-OV-2017', 0)":"PROYECTO DE RESOLUCI\u00d3N"},"Iniciado en: ":{"('0059-OV-2017', 0)":"Senado"},"Expediente Senado: ":{"('0059-OV-2017', 0)":"0059-OV-2017"},"Fecha: ":{"('0059-OV-2017', 0)":"06\/08\/2019"},"T\u00edtulo":{"('0059-OV-2017', 0)":"PEDIDO DE INFORMES AL PODER EJECUTIVO SOBRE RESOLUCION REMITIDA POR LA AUDITORIA GENERAL DE LA NACION 47\/17, POR EL QUE SE APRUEBA EL INFORME DE AUDITORIA REFERIDO A LOS ESTADOS FINANCIEROS DEL EJERCICIO 3 AL 31\/12\/2016, CORRESPONDIENTES AL PROGRAMA DE DESARROLLO DE CORREDORES TURISTICOS, CONTRATO DE PRESTAMO 2606\/OC-AR BID."},"('Firmantes', 'FIRMANTE')":{"('0059-OV-2017', 0)":"PARLAMENTARIA MIXTA REVISORA DE CUENTAS"},"('Firmantes', 'DISTRITO')":{"('0059-OV-2017', 0)":null},"('Firmantes', 'BLOQUE')":{"('0059-OV-2017', 0)":null},"Link":{"('0059-OV-2017', 0)":"http:\/\/www.senado.gov.ar\/parlamentario\/comisiones\/verExp\/59.17\/OV\/PR"},"Palabra Clave":{"('0059-OV-2017', 0)":" "}}