{"Tipo de Proyecto":{"('0059-S-2017', 0)":"PROYECTO DE DECLARACI\u00d3N","('0059-S-2017', 1)":null},"Iniciado en: ":{"('0059-S-2017', 0)":"Senado","('0059-S-2017', 1)":null},"Expediente Senado: ":{"('0059-S-2017', 0)":"0059-S-2017","('0059-S-2017', 1)":null},"Publicado en: ":{"('0059-S-2017', 0)":"Diario de Asuntos Entrados N\u00b0 3","('0059-S-2017', 1)":null},"Fecha: ":{"('0059-S-2017', 0)":"02\/03\/2017","('0059-S-2017', 1)":null},"T\u00edtulo":{"('0059-S-2017', 0)":"DECLARACION DE INTERES LA FIESTA PROVINCIAL DE LA CHICHA, A REALIZARSE EN LA LOCALIDAD DE EL BOLSON, PROVINCIA DE RIO NEGRO, EL 25 Y 26 DE MARZO DE 2017.","('0059-S-2017', 1)":null},"('Firmantes', 'FIRMANTE')":{"('0059-S-2017', 0)":"ODARDA, MARIA MAGDALENA","('0059-S-2017', 1)":null},"('Firmantes', 'DISTRITO')":{"('0059-S-2017', 0)":"RIO NEGRO","('0059-S-2017', 1)":null},"('Firmantes', 'BLOQUE')":{"('0059-S-2017', 0)":"FRENTE PROGRESISTA - CCARI","('0059-S-2017', 1)":null},"('Tramites', 'C\u00c1MARA')":{"('0059-S-2017', 0)":"Senado","('0059-S-2017', 1)":"Senado"},"('Tramites', 'MOVIMIENTO')":{"('0059-S-2017', 0)":"MOCION SOBRE TABLAS (AFIRMATIVA)","('0059-S-2017', 1)":"CONSIDERACION Y APROBACION"},"('Tramites', 'FECHA')":{"('0059-S-2017', 0)":"29\/03\/2017","('0059-S-2017', 1)":"29\/03\/2017"},"('Tramites', 'RESULTADO')":{"('0059-S-2017', 0)":null,"('0059-S-2017', 1)":"APROBADO"},"Link":{"('0059-S-2017', 0)":"http:\/\/www.senado.gov.ar\/parlamentario\/comisiones\/verExp\/59.17\/S\/PD","('0059-S-2017', 1)":null},"Palabra Clave":{"('0059-S-2017', 0)":" ","('0059-S-2017', 1)":null}}