{"Tipo de Proyecto":{"('0062-S-2017', 0)":"PROYECTO DE LEY"},"Iniciado en: ":{"('0062-S-2017', 0)":"Senado"},"Expediente Senado: ":{"('0062-S-2017', 0)":"0062-S-2017"},"Publicado en: ":{"('0062-S-2017', 0)":"Diario de Asuntos Entrados N\u00b0 4"},"Fecha: ":{"('0062-S-2017', 0)":"02\/03\/2017"},"T\u00edtulo":{"('0062-S-2017', 0)":"PARIDAD DE GENERO EN EL ESTADO Y ASOCIACIONES SINDICALES."},"('Firmantes', 'FIRMANTE')":{"('0062-S-2017', 0)":"FELLNER, LILIANA BEATRIZ"},"('Firmantes', 'DISTRITO')":{"('0062-S-2017', 0)":"JUJUY"},"('Firmantes', 'BLOQUE')":{"('0062-S-2017', 0)":"FRENTE PARA LA VICTORIA - PJ"},"Sumario":{"('0062-S-2017', 0)":"OBJETO; AMBITO DE APLICACION; PRINCIPIOS RECTORES; OBLIGACION DEL ESTADO NACIONAL; ASOCIACIONES SINDICALES:MODIFICACION DEL ARTICULO 18 DE LA LEY 23551 (ASOCIACIONES SINDICALES); PODER EJECUTIVO: MODIFICACION DEL ARTICULO 1 DE LA LEY 22520 (LEY DE MINISTERIOS); PODER JUDICIAL: MODIFICACION DEL ARTICULO 21 DEL DECRETO LEY 1285\/58 (ORGANIZACION DE LA JUSTICIA NACIONAL); INVITACION A ADHERIR."},"Palabra Clave":{"('0062-S-2017', 0)":" "}}