{"Tipo de Proyecto":{"('0063-JGM-2017', 0)":"MENSAJE NRO: 0028\/17","('0063-JGM-2017', 1)":null},"Iniciado en: ":{"('0063-JGM-2017', 0)":"Diputados","('0063-JGM-2017', 1)":null},"Expediente Diputados: ":{"('0063-JGM-2017', 0)":"0063-JGM-2017","('0063-JGM-2017', 1)":null},"Publicado en: ":{"('0063-JGM-2017', 0)":"Tr\u00e1mite Parlamentario N\u00b0 182","('0063-JGM-2017', 1)":null},"Fecha: ":{"('0063-JGM-2017', 0)":"07\/12\/2017","('0063-JGM-2017', 1)":null},"T\u00edtulo":{"('0063-JGM-2017', 0)":"COMUNICACION  EL DECRETO 979 DE FECHA 28 DE NOVIEMBRE DE 2017, DICTADO EN USO DE FACULTADES DELEGADAS, POR EL CUAL SE ESTABLECE EN EL 10,5% LA TASA PREVISTA EN EL INCISO B) DEL ARTICULO 70 DE LA LEY DE IMPUESTOS INTERNOS, TEXTO ORDENADO 1979 Y SUS MODIFICACIONES, PARA LOS BIENES QUE SE CLASIFICAN EN LAS POSICIONES ARANCELARIAS DE LA NOMENCLATURA COMUN DEL MERCOSUR QUE SE INDICAN EN EL ANEXO DEL PRESENTE.","('0063-JGM-2017', 1)":null},"('Firmantes', 'FIRMANTE')":{"('0063-JGM-2017', 0)":"PE\u00d1A, MARCOS","('0063-JGM-2017', 1)":"DUJOVNE, NICOLAS"},"('Firmantes', 'DISTRITO')":{"('0063-JGM-2017', 0)":null,"('0063-JGM-2017', 1)":null},"('Firmantes', 'BLOQUE')":{"('0063-JGM-2017', 0)":"PODER EJECUTIVO","('0063-JGM-2017', 1)":"PODER EJECUTIVO"},"('Giros', 'COMISI\u00d3N')":{"('0063-JGM-2017', 0)":"BICAMERAL PERMANENTE DE TRAMITE LEGISLATIVO - LEY 26122","('0063-JGM-2017', 1)":null},"('Tramites', 'C\u00c1MARA')":{"('0063-JGM-2017', 0)":"Diputados","('0063-JGM-2017', 1)":null},"('Tramites', 'MOVIMIENTO')":{"('0063-JGM-2017', 0)":"VER TRAMITE DEL DECRETO EN SENADO EN EXPEDIENTE 0401-S-2018","('0063-JGM-2017', 1)":null},"('Tramites', 'FECHA')":{"('0063-JGM-2017', 0)":null,"('0063-JGM-2017', 1)":null},"('Tramites', 'RESULTADO')":{"('0063-JGM-2017', 0)":null,"('0063-JGM-2017', 1)":null},"Sumario":{"('0063-JGM-2017', 0)":"ANEXO.","('0063-JGM-2017', 1)":null},"Palabra Clave":{"('0063-JGM-2017', 0)":" ","('0063-JGM-2017', 1)":null}}