{"Tipo de Proyecto":{"('0063-S-2017', 0)":"PROYECTO DE LEY"},"Iniciado en: ":{"('0063-S-2017', 0)":"Senado"},"Expediente Senado: ":{"('0063-S-2017', 0)":"0063-S-2017"},"Publicado en: ":{"('0063-S-2017', 0)":"Diario de Asuntos Entrados N\u00b0 4"},"Fecha: ":{"('0063-S-2017', 0)":"02\/03\/2017"},"T\u00edtulo":{"('0063-S-2017', 0)":"RECONOCIMIENTO DE LA CONDICION DE APATRIDA."},"('Firmantes', 'FIRMANTE')":{"('0063-S-2017', 0)":"FELLNER, LILIANA BEATRIZ"},"('Firmantes', 'DISTRITO')":{"('0063-S-2017', 0)":"JUJUY"},"('Firmantes', 'BLOQUE')":{"('0063-S-2017', 0)":"FRENTE PARA LA VICTORIA - PJ"},"Sumario":{"('0063-S-2017', 0)":"PROTECCION; DEFINICION; AMBITO DE APLICACION; INTERPRETACION DE LA LEY; PRINCIPIOS APLICABLES; DERECHOS Y DEBERES; COMISION NACIONAL PARA LOS REFUGIADOS (CONARE): COMPETENCIAS, PROCEDIMIENTO ORDINARIO, COORDINACION CON OTROS PROCEDIMIENTOS ADMINISTRATIVOS, NI\u00d1AS, NI\u00d1OS O ADOLESCENTES; PERSONAS CON DISCAPACIDAD; NATURALIZACION: FACILIDADES."},"Palabra Clave":{"('0063-S-2017', 0)":" "}}