{"Tipo de Proyecto":{"('0064-S-2017', 0)":"PROYECTO DE LEY","('0064-S-2017', 1)":null,"('0064-S-2017', 2)":null,"('0064-S-2017', 3)":null},"Iniciado en: ":{"('0064-S-2017', 0)":"Senado","('0064-S-2017', 1)":null,"('0064-S-2017', 2)":null,"('0064-S-2017', 3)":null},"Expediente Diputados: ":{"('0064-S-2017', 0)":"0064-S-2017","('0064-S-2017', 1)":null,"('0064-S-2017', 2)":null,"('0064-S-2017', 3)":null},"Expediente Senado: ":{"('0064-S-2017', 0)":"2330-S-2017","('0064-S-2017', 1)":null,"('0064-S-2017', 2)":null,"('0064-S-2017', 3)":null},"Publicado en: ":{"('0064-S-2017', 0)":"Diario de Asuntos Entrados N\u00b0 113","('0064-S-2017', 1)":null,"('0064-S-2017', 2)":null,"('0064-S-2017', 3)":null},"Fecha: ":{"('0064-S-2017', 0)":"15\/06\/2017","('0064-S-2017', 1)":null,"('0064-S-2017', 2)":null,"('0064-S-2017', 3)":null},"T\u00edtulo":{"('0064-S-2017', 0)":"MODIFICACION DEL ARTICULO 44 DE LA LEY 23737 (ESTUPEFACIENTES) RESPECTO DEL CONTENIDO PRECEPTIVO.","('0064-S-2017', 1)":null,"('0064-S-2017', 2)":null,"('0064-S-2017', 3)":null},"('Firmantes', 'FIRMANTE')":{"('0064-S-2017', 0)":"PINEDO, FEDERICO","('0064-S-2017', 1)":"ROZAS, ANGEL","('0064-S-2017', 2)":null,"('0064-S-2017', 3)":null},"('Firmantes', 'DISTRITO')":{"('0064-S-2017', 0)":"CIUDAD de BUENOS AIRES","('0064-S-2017', 1)":"CHACO","('0064-S-2017', 2)":null,"('0064-S-2017', 3)":null},"('Firmantes', 'BLOQUE')":{"('0064-S-2017', 0)":"FRENTE PRO","('0064-S-2017', 1)":"UCR","('0064-S-2017', 2)":null,"('0064-S-2017', 3)":null},"('Giros', 'COMISI\u00d3N')":{"('0064-S-2017', 0)":"SEGURIDAD INTERIOR","('0064-S-2017', 1)":"LEGISLACION PENAL","('0064-S-2017', 2)":"PREVENCION DE ADICCIONES Y CONTROL DEL NARCOTRAFICO","('0064-S-2017', 3)":null},"('Tramites', 'C\u00c1MARA')":{"('0064-S-2017', 0)":"Senado","('0064-S-2017', 1)":"Senado","('0064-S-2017', 2)":"Senado","('0064-S-2017', 3)":"Diputados"},"('Tramites', 'MOVIMIENTO')":{"('0064-S-2017', 0)":"MOCION SOBRE TABLAS (AFIRMATIVA)","('0064-S-2017', 1)":"CONSIDERACION Y APROBACION","('0064-S-2017', 2)":"INSERCIONES","('0064-S-2017', 3)":"PASA A DIPUTADOS -"},"('Tramites', 'FECHA')":{"('0064-S-2017', 0)":"23\/08\/2017","('0064-S-2017', 1)":"23\/08\/2017","('0064-S-2017', 2)":"23\/08\/2017","('0064-S-2017', 3)":null},"('Tramites', 'RESULTADO')":{"('0064-S-2017', 0)":null,"('0064-S-2017', 1)":"MEDIA SANCION","('0064-S-2017', 2)":null,"('0064-S-2017', 3)":null},"Link":{"('0064-S-2017', 0)":"http:\/\/www.senado.gov.ar\/parlamentario\/comisiones\/verExp\/2330.17\/S\/PL","('0064-S-2017', 1)":null,"('0064-S-2017', 2)":null,"('0064-S-2017', 3)":null},"Palabra Clave":{"('0064-S-2017', 0)":" ","('0064-S-2017', 1)":null,"('0064-S-2017', 2)":null,"('0064-S-2017', 3)":null}}