{"Tipo de Proyecto":{"('0064-JGM-2017', 0)":"MENSAJE NRO \/ A\u00d1O","('0064-JGM-2017', 1)":null},"Iniciado en: ":{"('0064-JGM-2017', 0)":"Diputados","('0064-JGM-2017', 1)":null},"Expediente Diputados: ":{"('0064-JGM-2017', 0)":"0064-JGM-2017","('0064-JGM-2017', 1)":null},"Publicado en: ":{"('0064-JGM-2017', 0)":"Tr\u00e1mite Parlamentario N\u00b0 186","('0064-JGM-2017', 1)":null},"Fecha: ":{"('0064-JGM-2017', 0)":"31\/01\/2018","('0064-JGM-2017', 1)":null},"T\u00edtulo":{"('0064-JGM-2017', 0)":"COMUNICACION DE LA DECISION ADMINISTRATIVA 1117\/17 DE FECHA 29 DE DICIEMBRE DE 2017, POR LA CUAL SE MODIFICA EL PRESUPUESTO DE LA ADMINISTRACION PUBLICA NACIONAL 2017.","('0064-JGM-2017', 1)":null},"('Firmantes', 'FIRMANTE')":{"('0064-JGM-2017', 0)":"PE\u00d1A, MARCOS","('0064-JGM-2017', 1)":"DUJOVNE, NICOLAS"},"('Firmantes', 'DISTRITO')":{"('0064-JGM-2017', 0)":null,"('0064-JGM-2017', 1)":null},"('Firmantes', 'BLOQUE')":{"('0064-JGM-2017', 0)":"PODER EJECUTIVO","('0064-JGM-2017', 1)":"PODER EJECUTIVO"},"('Giros', 'COMISI\u00d3N')":{"('0064-JGM-2017', 0)":"PRESUPUESTO Y HACIENDA","('0064-JGM-2017', 1)":null},"Palabra Clave":{"('0064-JGM-2017', 0)":" ","('0064-JGM-2017', 1)":null}}