{"Tipo de Proyecto":{"('0066-OV-2017', 0)":"PROYECTO DE RESOLUCI\u00d3N"},"Iniciado en: ":{"('0066-OV-2017', 0)":"Senado"},"Expediente Senado: ":{"('0066-OV-2017', 0)":"0066-OV-2017"},"Fecha: ":{"('0066-OV-2017', 0)":"13\/07\/2018"},"T\u00edtulo":{"('0066-OV-2017', 0)":"DICTAMEN EN LA RESOLUCION 54\/17 REMITIDA POR LA AUDITORIA GENERAL DE LA NACION, REFERIDA A LOS ESTADOS FINANCIEROS DEL EJERCICIO IRREGULAR, PERIODO 01\/08\/2015 AL 31\/12\/2016, DEL PROGRAMA DE DESARROLLO PESQUERO Y ACUICOLA SUSTENTABLE 3255\/OC-AR, SUSCRITO CON EL BID."},"('Firmantes', 'FIRMANTE')":{"('0066-OV-2017', 0)":"PARLAMENTARIA MIXTA REVISORA DE CUENTAS"},"('Firmantes', 'DISTRITO')":{"('0066-OV-2017', 0)":null},"('Firmantes', 'BLOQUE')":{"('0066-OV-2017', 0)":null},"Sumario":{"('0066-OV-2017', 0)":"HABIENDO TOMADO CONOCIMIENTO Y SIN PERJUICIO DE ULTERIORES MEDIDAS QUE PUEDAN ADOPTARSE, SE ACONSEJA SU REMISION AL ARCHIVO."},"Palabra Clave":{"('0066-OV-2017', 0)":" "}}