{"Tipo de Proyecto":{"('0067-D-2017', 0)":"PROYECTO DE RESOLUCI\u00d3N"},"Iniciado en: ":{"('0067-D-2017', 0)":"Diputados"},"Expediente Diputados: ":{"('0067-D-2017', 0)":"0067-D-2017"},"Publicado en: ":{"('0067-D-2017', 0)":"Tr\u00e1mite Parlamentario N\u00b0 1"},"Fecha: ":{"('0067-D-2017', 0)":"01\/03\/2017"},"T\u00edtulo":{"('0067-D-2017', 0)":"EXPRESAR BENEPLACITO POR LA INAUGURACION DE LA PRIMERA \"PLAYA ACCESIBLE\" EN CONCEPCION DEL URUGUAY, PROVINCIA DE ENTRE RIOS."},"('Firmantes', 'FIRMANTE')":{"('0067-D-2017', 0)":"GAYOL, YANINA CELESTE"},"('Firmantes', 'DISTRITO')":{"('0067-D-2017', 0)":"ENTRE RIOS"},"('Firmantes', 'BLOQUE')":{"('0067-D-2017', 0)":"UNION PRO"},"('Giros', 'COMISI\u00d3N')":{"('0067-D-2017', 0)":"DISCAPACIDAD"},"('Tramites', 'C\u00c1MARA')":{"('0067-D-2017', 0)":"Diputados"},"('Tramites', 'MOVIMIENTO')":{"('0067-D-2017', 0)":"APROBACION ARTICULO 114 DEL REGLAMENTO DE LA H CAMARA DE DIPUTADOS; COMUNICADO EL 18\/07\/2017"},"('Tramites', 'FECHA')":{"('0067-D-2017', 0)":null},"('Tramites', 'RESULTADO')":{"('0067-D-2017', 0)":"APROBADO"},"Link":{"('0067-D-2017', 0)":"https:\/\/www.hcdn.gob.ar\/proyectos\/textoCompleto.jsp?exp=0067-D-2017&tipo=RESOLUCION"},"Palabra Clave":{"('0067-D-2017', 0)":" "}}