{"Tipo de Proyecto":{"('0068-D-2017', 0)":"PROYECTO DE RESOLUCI\u00d3N"},"Iniciado en: ":{"('0068-D-2017', 0)":"Diputados"},"Expediente Diputados: ":{"('0068-D-2017', 0)":"0068-D-2017"},"Publicado en: ":{"('0068-D-2017', 0)":"Tr\u00e1mite Parlamentario N\u00b0 1"},"Fecha: ":{"('0068-D-2017', 0)":"01\/03\/2017"},"T\u00edtulo":{"('0068-D-2017', 0)":"EXPRESAR BENEPLACITO POR EL \"42\u00b0 FESTIVAL NACIONAL DEL CHAMAME DEL NORTE\", REALIZADO DEL 10 AL 12 DE FEBRERO DE 2017 EN LA LOCALIDAD DE FEDERAL, PROVINCIA DE ENTRE RIOS."},"('Firmantes', 'FIRMANTE')":{"('0068-D-2017', 0)":"GAYOL, YANINA CELESTE"},"('Firmantes', 'DISTRITO')":{"('0068-D-2017', 0)":"ENTRE RIOS"},"('Firmantes', 'BLOQUE')":{"('0068-D-2017', 0)":"UNION PRO"},"('Giros', 'COMISI\u00d3N')":{"('0068-D-2017', 0)":"CULTURA"},"Link":{"('0068-D-2017', 0)":"https:\/\/www.hcdn.gob.ar\/proyectos\/textoCompleto.jsp?exp=0068-D-2017&tipo=RESOLUCION"},"Palabra Clave":{"('0068-D-2017', 0)":" "}}