{"Tipo de Proyecto":{"('0068-OV-2017', 0)":"PROYECTO DE RESOLUCI\u00d3N"},"Iniciado en: ":{"('0068-OV-2017', 0)":"Senado"},"Expediente Senado: ":{"('0068-OV-2017', 0)":"0068-OV-2017"},"Fecha: ":{"('0068-OV-2017', 0)":"30\/11\/2017"},"T\u00edtulo":{"('0068-OV-2017', 0)":"RESOLUCION REMITIDA POR LA AUDITORIA GENERAL DE LA NACION 56\/17, QUE APRUEBA EL INFORME DE AUDITORIA REFERIDO A LOS ESTADOS FINANCIEROS POR EL EJERCICIO 1, AL 31\/12\/2016, CORRESPONDIENTES AL \"PROGRAMA DE CREACION DE UN ENTE NACIONAL DE PROGRAMACION Y UNA RED DE SALAS CINEMATOGRAFICAS PARA LA PROMOCION Y DIFUSION DE CONTENIDOS AUDIOVISUALES DE LA REGION\", CONTRATO DE PRESTAMO ARG-20\/2014, SUSCRIPTO CON EL FONDO FINANCIERO PARA EL DESARROLLO DE LA CUENCA DEL PLATA."},"('Firmantes', 'FIRMANTE')":{"('0068-OV-2017', 0)":"PARLAMENTARIA MIXTA REVISORA DE CUENTAS"},"('Firmantes', 'DISTRITO')":{"('0068-OV-2017', 0)":null},"('Firmantes', 'BLOQUE')":{"('0068-OV-2017', 0)":null},"Sumario":{"('0068-OV-2017', 0)":"HABIENDO TOMADO CONOCIMIENTO Y SIN PERJUICIO DE ULTERIORES MEDIDAS QUE PUEDAN ADOPTARSE, SE ACONSEJA SU REMISION AL ARCHIVO."},"Palabra Clave":{"('0068-OV-2017', 0)":" "}}