{"Tipo de Proyecto":{"('0070-S-2017', 0)":"PROYECTO DE LEY","('0070-S-2017', 1)":null,"('0070-S-2017', 2)":null},"Iniciado en: ":{"('0070-S-2017', 0)":"Senado","('0070-S-2017', 1)":null,"('0070-S-2017', 2)":null},"Expediente Diputados: ":{"('0070-S-2017', 0)":"0070-S-2017","('0070-S-2017', 1)":null,"('0070-S-2017', 2)":null},"Expediente Senado: ":{"('0070-S-2017', 0)":"4873-S-2016","('0070-S-2017', 1)":null,"('0070-S-2017', 2)":null},"Publicado en: ":{"('0070-S-2017', 0)":"Diario de Asuntos Entrados N\u00b0 246","('0070-S-2017', 1)":null,"('0070-S-2017', 2)":null},"Fecha: ":{"('0070-S-2017', 0)":"14\/12\/2016","('0070-S-2017', 1)":null,"('0070-S-2017', 2)":null},"T\u00edtulo":{"('0070-S-2017', 0)":"INSTITUCION DEL DIA 27 DE AGOSTO DE CADA A\u00d1O COMO \"DIA NACIONAL DE LA COMUNIDAD EMPRESARIAL\".","('0070-S-2017', 1)":null,"('0070-S-2017', 2)":null},"('Firmantes', 'FIRMANTE')":{"('0070-S-2017', 0)":"NEGRE DE ALONSO, LILIANA T.","('0070-S-2017', 1)":"RODRIGUEZ SAA, ADOLFO","('0070-S-2017', 2)":null},"('Firmantes', 'DISTRITO')":{"('0070-S-2017', 0)":"SAN LUIS","('0070-S-2017', 1)":"SAN LUIS","('0070-S-2017', 2)":null},"('Firmantes', 'BLOQUE')":{"('0070-S-2017', 0)":"JUSTICIALISTA SAN LUIS","('0070-S-2017', 1)":"JUSTICIALISTA SAN LUIS","('0070-S-2017', 2)":null},"('Giros', 'COMISI\u00d3N')":{"('0070-S-2017', 0)":"LEGISLACION GENERAL","('0070-S-2017', 1)":null,"('0070-S-2017', 2)":null},"('Tramites', 'C\u00c1MARA')":{"('0070-S-2017', 0)":"Senado","('0070-S-2017', 1)":"Senado","('0070-S-2017', 2)":"Diputados"},"('Tramites', 'MOVIMIENTO')":{"('0070-S-2017', 0)":"MOCION SOBRE TABLAS (AFIRMATIVA)","('0070-S-2017', 1)":"CONSIDERACION Y APROBACION","('0070-S-2017', 2)":"PASA A DIPUTADOS -"},"('Tramites', 'FECHA')":{"('0070-S-2017', 0)":"23\/08\/2017","('0070-S-2017', 1)":"23\/08\/2017","('0070-S-2017', 2)":null},"('Tramites', 'RESULTADO')":{"('0070-S-2017', 0)":null,"('0070-S-2017', 1)":"MEDIA SANCION","('0070-S-2017', 2)":null},"Link":{"('0070-S-2017', 0)":"http:\/\/www.senado.gov.ar\/parlamentario\/comisiones\/verExp\/4873.16\/S\/PL","('0070-S-2017', 1)":null,"('0070-S-2017', 2)":null},"Palabra Clave":{"('0070-S-2017', 0)":" ","('0070-S-2017', 1)":null,"('0070-S-2017', 2)":null}}