{"Tipo de Proyecto":{"('0070-D-2017', 0)":"PROYECTO DE LEY","('0070-D-2017', 1)":null},"Iniciado en: ":{"('0070-D-2017', 0)":"Diputados","('0070-D-2017', 1)":null},"Expediente Diputados: ":{"('0070-D-2017', 0)":"0070-D-2017","('0070-D-2017', 1)":null},"Publicado en: ":{"('0070-D-2017', 0)":"Tr\u00e1mite Parlamentario N\u00b0 1","('0070-D-2017', 1)":null},"Fecha: ":{"('0070-D-2017', 0)":"01\/03\/2017","('0070-D-2017', 1)":null},"T\u00edtulo":{"('0070-D-2017', 0)":"REGIMEN PENAL DE PROTECCION DE FONDOS INDISPONIBLES O INTANGIBLES PERTENECIENTES A LA \"ADMINISTRACION NACIONAL DE LA SEGURIDAD SOCIAL - ANSES -\". ","('0070-D-2017', 1)":null},"('Firmantes', 'FIRMANTE')":{"('0070-D-2017', 0)":"OLMEDO, ALFREDO HORACIO","('0070-D-2017', 1)":null},"('Firmantes', 'DISTRITO')":{"('0070-D-2017', 0)":"SALTA","('0070-D-2017', 1)":null},"('Firmantes', 'BLOQUE')":{"('0070-D-2017', 0)":"SALTA SOMOS TODOS","('0070-D-2017', 1)":null},"('Giros', 'COMISI\u00d3N')":{"('0070-D-2017', 0)":"LEGISLACION PENAL","('0070-D-2017', 1)":"PREVISION Y SEGURIDAD SOCIAL"},"Link":{"('0070-D-2017', 0)":"https:\/\/www.hcdn.gob.ar\/proyectos\/textoCompleto.jsp?exp=0070-D-2017&tipo=LEY","('0070-D-2017', 1)":null},"Palabra Clave":{"('0070-D-2017', 0)":" ","('0070-D-2017', 1)":null}}