{"Tipo de Proyecto":{"('0071-S-2017', 0)":"MENSAJE NRO: 0029\/17 Y PROYECTO DE LEY","('0071-S-2017', 1)":null,"('0071-S-2017', 2)":null,"('0071-S-2017', 3)":null,"('0071-S-2017', 4)":null},"Iniciado en: ":{"('0071-S-2017', 0)":"Senado","('0071-S-2017', 1)":null,"('0071-S-2017', 2)":null,"('0071-S-2017', 3)":null,"('0071-S-2017', 4)":null},"Expediente Diputados: ":{"('0071-S-2017', 0)":"0071-S-2017","('0071-S-2017', 1)":null,"('0071-S-2017', 2)":null,"('0071-S-2017', 3)":null,"('0071-S-2017', 4)":null},"Expediente Senado: ":{"('0071-S-2017', 0)":"0041-PE-2017","('0071-S-2017', 1)":null,"('0071-S-2017', 2)":null,"('0071-S-2017', 3)":null,"('0071-S-2017', 4)":null},"Publicado en: ":{"('0071-S-2017', 0)":"Diario de Asuntos Entrados N\u00b0 28","('0071-S-2017', 1)":null,"('0071-S-2017', 2)":null,"('0071-S-2017', 3)":null,"('0071-S-2017', 4)":null},"Fecha: ":{"('0071-S-2017', 0)":"20\/03\/2017","('0071-S-2017', 1)":null,"('0071-S-2017', 2)":null,"('0071-S-2017', 3)":null,"('0071-S-2017', 4)":null},"T\u00edtulo":{"('0071-S-2017', 0)":"APROBACION DEL CONVENIO ADUANERO RELATIVO AL TRANSPORTE INTERNACIONAL DE MERCANCIAS AL AMPARO DE LOS CUADERNOS TIR (CONVENIO TIR DE 1975), SUSCRIPTO EN LA CIUDAD DE GINEBRA, CONFEDERACION SUIZA, EL 14 DE NOVIEMBRE DE 1975.","('0071-S-2017', 1)":null,"('0071-S-2017', 2)":null,"('0071-S-2017', 3)":null,"('0071-S-2017', 4)":null},"('Firmantes', 'FIRMANTE')":{"('0071-S-2017', 0)":"MACRI, MAURICIO","('0071-S-2017', 1)":"PE\u00d1A, MARCOS","('0071-S-2017', 2)":"MALCORRA, SUSANA MABEL","('0071-S-2017', 3)":"DIETRICH, GUILLERMO JAVIER","('0071-S-2017', 4)":null},"('Firmantes', 'DISTRITO')":{"('0071-S-2017', 0)":null,"('0071-S-2017', 1)":null,"('0071-S-2017', 2)":null,"('0071-S-2017', 3)":null,"('0071-S-2017', 4)":null},"('Firmantes', 'BLOQUE')":{"('0071-S-2017', 0)":"PODER EJECUTIVO","('0071-S-2017', 1)":"PODER EJECUTIVO","('0071-S-2017', 2)":"PODER EJECUTIVO","('0071-S-2017', 3)":"PODER EJECUTIVO","('0071-S-2017', 4)":null},"('Giros', 'COMISI\u00d3N')":{"('0071-S-2017', 0)":"RELACIONES EXTERIORES Y CULTO","('0071-S-2017', 1)":"ECONOMIA","('0071-S-2017', 2)":null,"('0071-S-2017', 3)":null,"('0071-S-2017', 4)":null},"('Tramites', 'C\u00c1MARA')":{"('0071-S-2017', 0)":"Senado","('0071-S-2017', 1)":"Diputados","('0071-S-2017', 2)":"Diputados","('0071-S-2017', 3)":"Diputados","('0071-S-2017', 4)":"Diputados"},"('Tramites', 'MOVIMIENTO')":{"('0071-S-2017', 0)":"CONSIDERACION Y APROBACION","('0071-S-2017', 1)":"PASA A DIPUTADOS -","('0071-S-2017', 2)":"CITACION SESION ESPECIAL","('0071-S-2017', 3)":"CONSIDERACION Y SANCION","('0071-S-2017', 4)":"INSERCIONES"},"('Tramites', 'FECHA')":{"('0071-S-2017', 0)":"23\/08\/2017","('0071-S-2017', 1)":null,"('0071-S-2017', 2)":"04\/07\/2018","('0071-S-2017', 3)":"04\/07\/2018","('0071-S-2017', 4)":"04\/07\/2018"},"('Tramites', 'RESULTADO')":{"('0071-S-2017', 0)":"MEDIA SANCION","('0071-S-2017', 1)":null,"('0071-S-2017', 2)":null,"('0071-S-2017', 3)":"SANCIONADO","('0071-S-2017', 4)":null},"Link":{"('0071-S-2017', 0)":"http:\/\/www.senado.gov.ar\/web\/proyectos\/verExpe.php?origen=PE&nro_comision=&tipo=PL&numexp=41\/17&tConsulta=5","('0071-S-2017', 1)":null,"('0071-S-2017', 2)":null,"('0071-S-2017', 3)":null,"('0071-S-2017', 4)":null},"Palabra Clave":{"('0071-S-2017', 0)":" ","('0071-S-2017', 1)":null,"('0071-S-2017', 2)":null,"('0071-S-2017', 3)":null,"('0071-S-2017', 4)":null}}