{"Tipo de Proyecto":{"('0072-S-2017', 0)":"PROYECTO DE LEY"},"Iniciado en: ":{"('0072-S-2017', 0)":"Senado"},"Expediente Senado: ":{"('0072-S-2017', 0)":"0072-S-2017"},"Publicado en: ":{"('0072-S-2017', 0)":"Diario de Asuntos Entrados N\u00b0 4"},"Fecha: ":{"('0072-S-2017', 0)":"02\/03\/2017"},"T\u00edtulo":{"('0072-S-2017', 0)":"SUSTITUCION DEL INCISO A) DEL ARTICULO 26 DE LA LEY 26682 (MARCO REGULATORIO DE MEDICINA PREPAGA), RESPECTO DEL DERECHO A RECIBIR LAS PRESTACIONES DE URGENCIA Y EMERGENCIA. (REPRODUCCION DEL EXPEDIENTE 0904-S-15)."},"('Firmantes', 'FIRMANTE')":{"('0072-S-2017', 0)":"FELLNER, LILIANA BEATRIZ"},"('Firmantes', 'DISTRITO')":{"('0072-S-2017', 0)":"JUJUY"},"('Firmantes', 'BLOQUE')":{"('0072-S-2017', 0)":"FRENTE PARA LA VICTORIA - PJ"},"Link":{"('0072-S-2017', 0)":"http:\/\/www.senado.gov.ar\/parlamentario\/comisiones\/verExp\/72.17\/S\/PL"},"Palabra Clave":{"('0072-S-2017', 0)":" "}}