{"Tipo de Proyecto":{"('0073-S-2017', 0)":"PROYECTO DE LEY","('0073-S-2017', 1)":null,"('0073-S-2017', 2)":null},"Iniciado en: ":{"('0073-S-2017', 0)":"Senado","('0073-S-2017', 1)":null,"('0073-S-2017', 2)":null},"Expediente Diputados: ":{"('0073-S-2017', 0)":"0073-S-2017","('0073-S-2017', 1)":null,"('0073-S-2017', 2)":null},"Expediente Senado: ":{"('0073-S-2017', 0)":"0479-S-2017","('0073-S-2017', 1)":null,"('0073-S-2017', 2)":null},"Publicado en: ":{"('0073-S-2017', 0)":"Diario de Asuntos Entrados N\u00b0 25","('0073-S-2017', 1)":null,"('0073-S-2017', 2)":null},"Fecha: ":{"('0073-S-2017', 0)":"16\/03\/2017","('0073-S-2017', 1)":null,"('0073-S-2017', 2)":null},"T\u00edtulo":{"('0073-S-2017', 0)":"EJERCICIO DE LA PROFESION DE ACOMPA\u00d1ANTES TERAPEUTICOS.","('0073-S-2017', 1)":null,"('0073-S-2017', 2)":null},"('Firmantes', 'FIRMANTE')":{"('0073-S-2017', 0)":"GIMENEZ, SANDRA DANIELA","('0073-S-2017', 1)":"PERSICO, DANIEL RAUL","('0073-S-2017', 2)":"ITURREZ DE CAPPELLINI, ADA ROSA DEL VALLE"},"('Firmantes', 'DISTRITO')":{"('0073-S-2017', 0)":"MISIONES","('0073-S-2017', 1)":"SAN LUIS","('0073-S-2017', 2)":"SANTIAGO DEL ESTERO"},"('Firmantes', 'BLOQUE')":{"('0073-S-2017', 0)":"MISIONES","('0073-S-2017', 1)":"FRENTE PARA LA VICTORIA - PJ","('0073-S-2017', 2)":"FRENTE CIVICO POR SANTIAGO"},"('Giros', 'COMISI\u00d3N')":{"('0073-S-2017', 0)":"ACCION SOCIAL Y SALUD PUBLICA","('0073-S-2017', 1)":"LEGISLACION DEL TRABAJO","('0073-S-2017', 2)":"PRESUPUESTO Y HACIENDA"},"('Tramites', 'C\u00c1MARA')":{"('0073-S-2017', 0)":"Senado","('0073-S-2017', 1)":"Diputados","('0073-S-2017', 2)":"Senado"},"('Tramites', 'MOVIMIENTO')":{"('0073-S-2017', 0)":"CONSIDERACION Y APROBACION","('0073-S-2017', 1)":"PASA A DIPUTADOS -","('0073-S-2017', 2)":"INSERCIONES"},"('Tramites', 'FECHA')":{"('0073-S-2017', 0)":"23\/08\/2017","('0073-S-2017', 1)":null,"('0073-S-2017', 2)":"23\/08\/2017"},"('Tramites', 'RESULTADO')":{"('0073-S-2017', 0)":"MEDIA SANCION","('0073-S-2017', 1)":null,"('0073-S-2017', 2)":null},"Sumario":{"('0073-S-2017', 0)":"RECONOCIMIENTO COMO ACTIVIDAD DE COLABORACION DE LA MEDICINA; INCORPORACION DE LA ACTIVIDAD EN EL LISTADO DE LA LEY 17132 ARTICULO 42; DEFINICION; EJERCICIO DE LA ACTIVIDAD EN EL MARCO DE LA LEY 17132 ARTICULO 44; DERECHOS DE LOS ACOMPA\u00d1ANTES TERAPEUTICOS; INCORPORACION AL PROGRAMA MEDICO OBLIGATORIO (PMO); REGLAMENTACION DE LA LEY POR PARTE DEL PODER EJECUTIVO.","('0073-S-2017', 1)":null,"('0073-S-2017', 2)":null},"Palabra Clave":{"('0073-S-2017', 0)":" ","('0073-S-2017', 1)":null,"('0073-S-2017', 2)":null}}