{"Tipo de Proyecto":{"('0074-S-2017', 0)":"PROYECTO DE LEY","('0074-S-2017', 1)":null,"('0074-S-2017', 2)":null,"('0074-S-2017', 3)":null},"Iniciado en: ":{"('0074-S-2017', 0)":"Senado","('0074-S-2017', 1)":null,"('0074-S-2017', 2)":null,"('0074-S-2017', 3)":null},"Expediente Diputados: ":{"('0074-S-2017', 0)":"0074-S-2017","('0074-S-2017', 1)":null,"('0074-S-2017', 2)":null,"('0074-S-2017', 3)":null},"Expediente Senado: ":{"('0074-S-2017', 0)":"0733-S-2017","('0074-S-2017', 1)":null,"('0074-S-2017', 2)":null,"('0074-S-2017', 3)":null},"Publicado en: ":{"('0074-S-2017', 0)":"Diario de Asuntos Entrados N\u00b0 37","('0074-S-2017', 1)":null,"('0074-S-2017', 2)":null,"('0074-S-2017', 3)":null},"Fecha: ":{"('0074-S-2017', 0)":"27\/03\/2017","('0074-S-2017', 1)":null,"('0074-S-2017', 2)":null,"('0074-S-2017', 3)":null},"T\u00edtulo":{"('0074-S-2017', 0)":"CREACION DE UN SISTEMA UNICO DE REGISTRO DE HISTORIAS CLINICAS ","('0074-S-2017', 1)":null,"('0074-S-2017', 2)":null,"('0074-S-2017', 3)":null},"('Firmantes', 'FIRMANTE')":{"('0074-S-2017', 0)":"GIMENEZ, SANDRA DANIELA","('0074-S-2017', 1)":"ELIAS DE PEREZ, SILVIA BEATRIZ","('0074-S-2017', 2)":null,"('0074-S-2017', 3)":null},"('Firmantes', 'DISTRITO')":{"('0074-S-2017', 0)":"MISIONES","('0074-S-2017', 1)":"TUCUMAN","('0074-S-2017', 2)":null,"('0074-S-2017', 3)":null},"('Firmantes', 'BLOQUE')":{"('0074-S-2017', 0)":"MISIONES","('0074-S-2017', 1)":"UCR","('0074-S-2017', 2)":null,"('0074-S-2017', 3)":null},"('Giros', 'COMISI\u00d3N')":{"('0074-S-2017', 0)":"ACCION SOCIAL Y SALUD PUBLICA","('0074-S-2017', 1)":"PRESUPUESTO Y HACIENDA","('0074-S-2017', 2)":null,"('0074-S-2017', 3)":null},"('Tramites', 'C\u00c1MARA')":{"('0074-S-2017', 0)":"Senado","('0074-S-2017', 1)":"Senado","('0074-S-2017', 2)":"Senado","('0074-S-2017', 3)":"Diputados"},"('Tramites', 'MOVIMIENTO')":{"('0074-S-2017', 0)":"SOLICITUD DE SER COFIRMANTE DE LA SENADORA ELIAS DE PEREZ (A SUS ANTECEDENTES)","('0074-S-2017', 1)":"CONSIDERACION Y APROBACION","('0074-S-2017', 2)":"INSERCIONES","('0074-S-2017', 3)":"PASA A DIPUTADOS -"},"('Tramites', 'FECHA')":{"('0074-S-2017', 0)":"31\/05\/2017","('0074-S-2017', 1)":"23\/08\/2017","('0074-S-2017', 2)":"23\/08\/2017","('0074-S-2017', 3)":null},"('Tramites', 'RESULTADO')":{"('0074-S-2017', 0)":null,"('0074-S-2017', 1)":"MEDIA SANCION","('0074-S-2017', 2)":null,"('0074-S-2017', 3)":null},"Sumario":{"('0074-S-2017', 0)":"CREACION DE UNA COMISION INTERDISCIPLINARIA; INSTALACION DE SOFTWARE DE FORMA GRATUITA EN TODOS LOS HOSPITALES PUBLICOS MUNICIPALES, PROVINCIALES Y NACIONALES; PROVEER ASISTENCIA TECNICA Y FINANCIERA Y CAPACITACION AL PERSONAL SANITARIO.","('0074-S-2017', 1)":null,"('0074-S-2017', 2)":null,"('0074-S-2017', 3)":null},"Palabra Clave":{"('0074-S-2017', 0)":" ","('0074-S-2017', 1)":null,"('0074-S-2017', 2)":null,"('0074-S-2017', 3)":null}}