{"Tipo de Proyecto":{"('0074-D-2017', 0)":"PROYECTO DE RESOLUCI\u00d3N"},"Iniciado en: ":{"('0074-D-2017', 0)":"Diputados"},"Expediente Diputados: ":{"('0074-D-2017', 0)":"0074-D-2017"},"Publicado en: ":{"('0074-D-2017', 0)":"Tr\u00e1mite Parlamentario N\u00b0 1"},"Fecha: ":{"('0074-D-2017', 0)":"01\/03\/2017"},"T\u00edtulo":{"('0074-D-2017', 0)":"DECLARAR DE INTERES DE LA H. CAMARA EL \"PROGRAMA DE CAPACITACION EN HABILIDADES Y OFICIOS\" DESTINADO A LOS VENDEDORES - DENOMINADOS MANTEROS - DE ONCE, COMO MEDIDA DE INCLUSION SOCIAL."},"('Firmantes', 'FIRMANTE')":{"('0074-D-2017', 0)":"SORGENTE, MARCELO ADOLFO"},"('Firmantes', 'DISTRITO')":{"('0074-D-2017', 0)":"CIUDAD de BUENOS AIRES"},"('Firmantes', 'BLOQUE')":{"('0074-D-2017', 0)":"UNION PRO"},"('Giros', 'COMISI\u00d3N')":{"('0074-D-2017', 0)":"COMERCIO"},"('Tramites', 'C\u00c1MARA')":{"('0074-D-2017', 0)":"Diputados"},"('Tramites', 'MOVIMIENTO')":{"('0074-D-2017', 0)":"APROBACION ARTICULO 114 DEL REGLAMENTO DE LA H CAMARA DE DIPUTADOS; COMUNICADO EL 21\/06\/2017"},"('Tramites', 'FECHA')":{"('0074-D-2017', 0)":null},"('Tramites', 'RESULTADO')":{"('0074-D-2017', 0)":"APROBADO"},"Link":{"('0074-D-2017', 0)":"https:\/\/www.hcdn.gob.ar\/proyectos\/textoCompleto.jsp?exp=0074-D-2017&tipo=RESOLUCION"},"Palabra Clave":{"('0074-D-2017', 0)":" "}}