{"Tipo de Proyecto":{"('0074-OV-2017', 0)":"PROYECTO DE RESOLUCI\u00d3N"},"Iniciado en: ":{"('0074-OV-2017', 0)":"Senado"},"Expediente Senado: ":{"('0074-OV-2017', 0)":"0074-OV-2017"},"Fecha: ":{"('0074-OV-2017', 0)":"30\/11\/2017"},"T\u00edtulo":{"('0074-OV-2017', 0)":"PEDIDO DE INFORMES AL PODER EJECUTIVO SOBRE RESOLUCION REMITIDA POR LA AUDITORIA GENERAL DE LA NACION 59\/17, QUE APRUEBA EL INFORME DE AUDITORIA (CON SALVEDADES) SOBRE LOS ESTADOS FINANCIEROS DEL PROYECTO PNUD ARG-O7\/008 \"PROGRAMA DE GESTION AMBIENTAL MINERA PARA UNA PRODUCCION SUSTENTABLE\", EJERCICIO 8, FINALIZADO EL 31\/12\/2016."},"('Firmantes', 'FIRMANTE')":{"('0074-OV-2017', 0)":"PARLAMENTARIA MIXTA REVISORA DE CUENTAS"},"('Firmantes', 'DISTRITO')":{"('0074-OV-2017', 0)":null},"('Firmantes', 'BLOQUE')":{"('0074-OV-2017', 0)":null},"Link":{"('0074-OV-2017', 0)":"http:\/\/www.senado.gov.ar\/parlamentario\/comisiones\/verExp\/74.17\/OV\/PR"},"Palabra Clave":{"('0074-OV-2017', 0)":" "}}