{"Tipo de Proyecto":{"('0076-D-2017', 0)":"PROYECTO DE LEY"},"Iniciado en: ":{"('0076-D-2017', 0)":"Diputados"},"Expediente Diputados: ":{"('0076-D-2017', 0)":"0076-D-2017"},"Publicado en: ":{"('0076-D-2017', 0)":"Tr\u00e1mite Parlamentario N\u00b0 1"},"Fecha: ":{"('0076-D-2017', 0)":"01\/03\/2017"},"T\u00edtulo":{"('0076-D-2017', 0)":"EJECUCION DE LA PENA PRIVATIVA DE LA LIBERTAD - LEY 24660 -. MODIFICACION DEL ARTICULO 65 E INCORPORACION DEL ARTICULO 65 BIS, SOBRE COSTO DE ALIMENTACION A CARGO DEL INTERNO Y PROHIBICION DE TENENCIA Y CONSUMO DE BEBIDAS ALCOHOLICAS Y ESTUPEFACIENTES, RESPECTIVAMENTE. "},"('Firmantes', 'FIRMANTE')":{"('0076-D-2017', 0)":"OLMEDO, ALFREDO HORACIO"},"('Firmantes', 'DISTRITO')":{"('0076-D-2017', 0)":"SALTA"},"('Firmantes', 'BLOQUE')":{"('0076-D-2017', 0)":"SALTA SOMOS TODOS"},"('Giros', 'COMISI\u00d3N')":{"('0076-D-2017', 0)":"LEGISLACION PENAL"},"Link":{"('0076-D-2017', 0)":"https:\/\/www.hcdn.gob.ar\/proyectos\/textoCompleto.jsp?exp=0076-D-2017&tipo=LEY"},"Palabra Clave":{"('0076-D-2017', 0)":" "}}