{"Tipo de Proyecto":{"('0077-PE-2017', 0)":"MENSAJE NRO: 0031\/17","('0077-PE-2017', 1)":null},"Iniciado en: ":{"('0077-PE-2017', 0)":"Senado","('0077-PE-2017', 1)":null},"Expediente Senado: ":{"('0077-PE-2017', 0)":"0077-PE-2017","('0077-PE-2017', 1)":null},"Publicado en: ":{"('0077-PE-2017', 0)":"DAE S.A. N\u00b0 2","('0077-PE-2017', 1)":null},"Fecha: ":{"('0077-PE-2017', 0)":"29\/03\/2017","('0077-PE-2017', 1)":null},"T\u00edtulo":{"('0077-PE-2017', 0)":"SOLICITA ACUERDO PARA DESIGNAR JUEZA DEL JUZGADO NACIONAL DE PRIMERA INSTANCIA DEL TRABAJO NUMERO 46 DE LA CAPITAL FEDERAL A LA DOCTORA MARIA ELVIRA ROSON.","('0077-PE-2017', 1)":null},"('Firmantes', 'FIRMANTE')":{"('0077-PE-2017', 0)":"MACRI, MAURICIO","('0077-PE-2017', 1)":"GARAVANO, GERMAN CARLOS"},"('Firmantes', 'DISTRITO')":{"('0077-PE-2017', 0)":null,"('0077-PE-2017', 1)":null},"('Firmantes', 'BLOQUE')":{"('0077-PE-2017', 0)":"PODER EJECUTIVO","('0077-PE-2017', 1)":"PODER EJECUTIVO"},"('Tramites', 'C\u00c1MARA')":{"('0077-PE-2017', 0)":"Senado","('0077-PE-2017', 1)":null},"('Tramites', 'MOVIMIENTO')":{"('0077-PE-2017', 0)":"CONSIDERACION Y APROBACION","('0077-PE-2017', 1)":null},"('Tramites', 'FECHA')":{"('0077-PE-2017', 0)":"07\/09\/2017","('0077-PE-2017', 1)":null},"('Tramites', 'RESULTADO')":{"('0077-PE-2017', 0)":"APROBADO","('0077-PE-2017', 1)":null},"Palabra Clave":{"('0077-PE-2017', 0)":" ","('0077-PE-2017', 1)":null}}