{"Tipo de Proyecto":{"('0078-PE-2017', 0)":"MENSAJE NRO: 0032\/17","('0078-PE-2017', 1)":null},"Iniciado en: ":{"('0078-PE-2017', 0)":"Senado","('0078-PE-2017', 1)":null},"Expediente Senado: ":{"('0078-PE-2017', 0)":"0078-PE-2017","('0078-PE-2017', 1)":null},"Publicado en: ":{"('0078-PE-2017', 0)":"DAE S.A. N\u00b0 2","('0078-PE-2017', 1)":null},"Fecha: ":{"('0078-PE-2017', 0)":"29\/03\/2017","('0078-PE-2017', 1)":null},"T\u00edtulo":{"('0078-PE-2017', 0)":"SOLICITA ACUERDO PARA DESIGNAR DEFENSOR PUBLICO OFICIAL ANTE EL JUZGADO FEDERAL DE PRIMERA INSTANCIA DE CONCORDIA, ENTRE RIOS, AL DOCTOR MAURICIO GABRIEL ZAMBIAZZO. ","('0078-PE-2017', 1)":null},"('Firmantes', 'FIRMANTE')":{"('0078-PE-2017', 0)":"MACRI, MAURICIO","('0078-PE-2017', 1)":"GARAVANO, GERMAN CARLOS"},"('Firmantes', 'DISTRITO')":{"('0078-PE-2017', 0)":null,"('0078-PE-2017', 1)":null},"('Firmantes', 'BLOQUE')":{"('0078-PE-2017', 0)":"PODER EJECUTIVO","('0078-PE-2017', 1)":"PODER EJECUTIVO"},"('Tramites', 'C\u00c1MARA')":{"('0078-PE-2017', 0)":"Senado","('0078-PE-2017', 1)":null},"('Tramites', 'MOVIMIENTO')":{"('0078-PE-2017', 0)":"CONSIDERACION Y APROBACION","('0078-PE-2017', 1)":null},"('Tramites', 'FECHA')":{"('0078-PE-2017', 0)":"07\/09\/2017","('0078-PE-2017', 1)":null},"('Tramites', 'RESULTADO')":{"('0078-PE-2017', 0)":"APROBADO","('0078-PE-2017', 1)":null},"Palabra Clave":{"('0078-PE-2017', 0)":" ","('0078-PE-2017', 1)":null}}