{"Tipo de Proyecto":{"('0081-PE-2017', 0)":"MENSAJE NRO: 0033\/17","('0081-PE-2017', 1)":null},"Iniciado en: ":{"('0081-PE-2017', 0)":"Senado","('0081-PE-2017', 1)":null},"Expediente Senado: ":{"('0081-PE-2017', 0)":"0081-PE-2017","('0081-PE-2017', 1)":null},"Publicado en: ":{"('0081-PE-2017', 0)":"DAE S.A. N\u00b0 3","('0081-PE-2017', 1)":null},"Fecha: ":{"('0081-PE-2017', 0)":"10\/04\/2017","('0081-PE-2017', 1)":null},"T\u00edtulo":{"('0081-PE-2017', 0)":"SOLICITAR ACUERDO PARA DESIGNAR FISCAL GENERAL ANTE LOS TRIBUNALES ORALES EN LO CRIMINAL FEDERAL DE CORDOBA, PROVINCIA DE CORDOBA, FISCALIA NUMERO 3, AL DOCTOR CARLOS MARIA CASAS NOBLEGA.","('0081-PE-2017', 1)":null},"('Firmantes', 'FIRMANTE')":{"('0081-PE-2017', 0)":"MACRI, MAURICIO","('0081-PE-2017', 1)":"GARAVANO, GERMAN CARLOS"},"('Firmantes', 'DISTRITO')":{"('0081-PE-2017', 0)":null,"('0081-PE-2017', 1)":null},"('Firmantes', 'BLOQUE')":{"('0081-PE-2017', 0)":"PODER EJECUTIVO","('0081-PE-2017', 1)":"PODER EJECUTIVO"},"('Tramites', 'C\u00c1MARA')":{"('0081-PE-2017', 0)":"Senado","('0081-PE-2017', 1)":null},"('Tramites', 'MOVIMIENTO')":{"('0081-PE-2017', 0)":"CONSIDERACION Y APROBACION","('0081-PE-2017', 1)":null},"('Tramites', 'FECHA')":{"('0081-PE-2017', 0)":"07\/09\/2017","('0081-PE-2017', 1)":null},"('Tramites', 'RESULTADO')":{"('0081-PE-2017', 0)":"APROBADO","('0081-PE-2017', 1)":null},"Palabra Clave":{"('0081-PE-2017', 0)":" ","('0081-PE-2017', 1)":null}}