{"Tipo de Proyecto":{"('0081-D-2017', 0)":"PROYECTO DE RESOLUCI\u00d3N"},"Iniciado en: ":{"('0081-D-2017', 0)":"Diputados"},"Expediente Diputados: ":{"('0081-D-2017', 0)":"0081-D-2017"},"Publicado en: ":{"('0081-D-2017', 0)":"Tr\u00e1mite Parlamentario N\u00b0 1"},"Fecha: ":{"('0081-D-2017', 0)":"01\/03\/2017"},"T\u00edtulo":{"('0081-D-2017', 0)":"DECLARAR DE INTERES DE LA H. CAMARA EL \"3\u00b0 ENCUENTRO DE GINECOLOGIA Y OBSTETRICIA SOGTA\", A REALIZARSE DEL 30 DE MARZO AL 1\u00b0 DE ABRIL DE 2017 EN TANDIL, PROVINCIA DE BUENOS AIRES."},"('Firmantes', 'FIRMANTE')":{"('0081-D-2017', 0)":"BIANCHI, IVANA MARIA"},"('Firmantes', 'DISTRITO')":{"('0081-D-2017', 0)":"SAN LUIS"},"('Firmantes', 'BLOQUE')":{"('0081-D-2017', 0)":"COMPROMISO FEDERAL"},"('Giros', 'COMISI\u00d3N')":{"('0081-D-2017', 0)":"ACCION SOCIAL Y SALUD PUBLICA"},"Link":{"('0081-D-2017', 0)":"https:\/\/www.hcdn.gob.ar\/proyectos\/textoCompleto.jsp?exp=0081-D-2017&tipo=RESOLUCION"},"Palabra Clave":{"('0081-D-2017', 0)":" "}}