{"Tipo de Proyecto":{"('0082-D-2017', 0)":"PROYECTO DE RESOLUCI\u00d3N"},"Iniciado en: ":{"('0082-D-2017', 0)":"Diputados"},"Expediente Diputados: ":{"('0082-D-2017', 0)":"0082-D-2017"},"Publicado en: ":{"('0082-D-2017', 0)":"Tr\u00e1mite Parlamentario N\u00b0 1"},"Fecha: ":{"('0082-D-2017', 0)":"01\/03\/2017"},"T\u00edtulo":{"('0082-D-2017', 0)":"DECLARAR DE INTERES DE LA H. CAMARA EL \"4\u00b0 CONGRESO LATINOAMERICANO SOBRE CONTROVERSIAS EN DIABETES, OBESIDAD E HIPERTENSION - CODHY - 2017\", A REALIZARSE DEL 16 AL 18 DE MARZO DE 2017 EN LA CIUDAD AUTONOMA DE BUENOS AIRES."},"('Firmantes', 'FIRMANTE')":{"('0082-D-2017', 0)":"BIANCHI, IVANA MARIA"},"('Firmantes', 'DISTRITO')":{"('0082-D-2017', 0)":"SAN LUIS"},"('Firmantes', 'BLOQUE')":{"('0082-D-2017', 0)":"COMPROMISO FEDERAL"},"('Giros', 'COMISI\u00d3N')":{"('0082-D-2017', 0)":"ACCION SOCIAL Y SALUD PUBLICA"},"Link":{"('0082-D-2017', 0)":"https:\/\/www.hcdn.gob.ar\/proyectos\/textoCompleto.jsp?exp=0082-D-2017&tipo=RESOLUCION"},"Palabra Clave":{"('0082-D-2017', 0)":" "}}