{"Tipo de Proyecto":{"('0084-OV-2017', 0)":"PROYECTO DE RESOLUCI\u00d3N"},"Iniciado en: ":{"('0084-OV-2017', 0)":"Senado"},"Expediente Senado: ":{"('0084-OV-2017', 0)":"0084-OV-2017"},"Fecha: ":{"('0084-OV-2017', 0)":"26\/11\/2018"},"T\u00edtulo":{"('0084-OV-2017', 0)":"RESOLUCION REMITIDA POR LA AUDITORIA GENERAL DE LA NACION 63\/17, APROBANDO EL INFORME DE AUDITORIA REFERIDO A LA CORTE SUPREMA DE JUSTICIA DE LA NACION - CUENTA DE INVERSION DEL EJERCICIO FISCAL 2011."},"('Firmantes', 'FIRMANTE')":{"('0084-OV-2017', 0)":"PARLAMENTARIA MIXTA REVISORA DE CUENTAS"},"('Firmantes', 'DISTRITO')":{"('0084-OV-2017', 0)":null},"('Firmantes', 'BLOQUE')":{"('0084-OV-2017', 0)":null},"Sumario":{"('0084-OV-2017', 0)":"HABIENDO TOMADO CONOCIMIENTO Y SIN PERJUICIO DE ULTERIORES MEDIDAS QUE PUEDAN ADOPTARSE, SE ACONSEJA SU REMISION AL ARCHIVO."},"Palabra Clave":{"('0084-OV-2017', 0)":" "}}