{"Tipo de Proyecto":{"('0084-S-2017', 0)":"PROYECTO DE LEY","('0084-S-2017', 1)":null,"('0084-S-2017', 2)":null},"Iniciado en: ":{"('0084-S-2017', 0)":"Senado","('0084-S-2017', 1)":null,"('0084-S-2017', 2)":null},"Expediente Diputados: ":{"('0084-S-2017', 0)":"0084-S-2017","('0084-S-2017', 1)":null,"('0084-S-2017', 2)":null},"Expediente Senado: ":{"('0084-S-2017', 0)":"2331-S-2017","('0084-S-2017', 1)":null,"('0084-S-2017', 2)":null},"Publicado en: ":{"('0084-S-2017', 0)":"Diario de Asuntos Entrados N\u00b0 113","('0084-S-2017', 1)":null,"('0084-S-2017', 2)":null},"Fecha: ":{"('0084-S-2017', 0)":"15\/06\/2017","('0084-S-2017', 1)":null,"('0084-S-2017', 2)":null},"T\u00edtulo":{"('0084-S-2017', 0)":"MODIFICACION DE LA LEY 27009 (DECLARACION DE UTILIDAD PUBLICA Y SUJETO A EXPROPIACION, POR SU VALOR HISTORICO Y CULTURAL EL INMUEBLE DE LA CONFITERIA DEL MOLINO UBICADO EN LA CIUDAD AUTONOMA DE BUENOS AIRES) RESPECTO DE AMPLIAR EL USO Y FUNDAMENTO DE LA UTILIDAD PUBLICA.","('0084-S-2017', 1)":null,"('0084-S-2017', 2)":null},"('Firmantes', 'FIRMANTE')":{"('0084-S-2017', 0)":"PINEDO, FEDERICO","('0084-S-2017', 1)":"ROZAS, ANGEL","('0084-S-2017', 2)":null},"('Firmantes', 'DISTRITO')":{"('0084-S-2017', 0)":"CIUDAD de BUENOS AIRES","('0084-S-2017', 1)":"CHACO","('0084-S-2017', 2)":null},"('Firmantes', 'BLOQUE')":{"('0084-S-2017', 0)":"FRENTE PRO","('0084-S-2017', 1)":"UCR","('0084-S-2017', 2)":null},"('Giros', 'COMISI\u00d3N')":{"('0084-S-2017', 0)":"CULTURA","('0084-S-2017', 1)":null,"('0084-S-2017', 2)":null},"('Tramites', 'C\u00c1MARA')":{"('0084-S-2017', 0)":"Senado","('0084-S-2017', 1)":"Senado","('0084-S-2017', 2)":"Diputados"},"('Tramites', 'MOVIMIENTO')":{"('0084-S-2017', 0)":"MOCION SOBRE TABLAS (AFIRMATIVA)","('0084-S-2017', 1)":"CONSIDERACION Y APROBACION CON MODIFICACIONES","('0084-S-2017', 2)":"PASA A DIPUTADOS -"},"('Tramites', 'FECHA')":{"('0084-S-2017', 0)":"23\/08\/2017","('0084-S-2017', 1)":"23\/08\/2017","('0084-S-2017', 2)":null},"('Tramites', 'RESULTADO')":{"('0084-S-2017', 0)":null,"('0084-S-2017', 1)":"MEDIA SANCION","('0084-S-2017', 2)":null},"Sumario":{"('0084-S-2017', 0)":"SUSTITUCION DE LOS  ARTICULOS 5, INC B) Y 6","('0084-S-2017', 1)":null,"('0084-S-2017', 2)":null},"Palabra Clave":{"('0084-S-2017', 0)":" ","('0084-S-2017', 1)":null,"('0084-S-2017', 2)":null}}