{"Tipo de Proyecto":{"('0084-D-2017', 0)":"PROYECTO DE RESOLUCI\u00d3N"},"Iniciado en: ":{"('0084-D-2017', 0)":"Diputados"},"Expediente Diputados: ":{"('0084-D-2017', 0)":"0084-D-2017"},"Publicado en: ":{"('0084-D-2017', 0)":"Tr\u00e1mite Parlamentario N\u00b0 1"},"Fecha: ":{"('0084-D-2017', 0)":"01\/03\/2017"},"T\u00edtulo":{"('0084-D-2017', 0)":"PEDIDO DE INFORMES AL PODER EJECUTIVO SOBRE EL ESTADO ACTUAL DEL \"PROGRAMA NACIONAL PRO.CRE.AR\", Y OTRAS CUESTIONES CONEXAS."},"('Firmantes', 'FIRMANTE')":{"('0084-D-2017', 0)":"BIANCHI, IVANA MARIA"},"('Firmantes', 'DISTRITO')":{"('0084-D-2017', 0)":"SAN LUIS"},"('Firmantes', 'BLOQUE')":{"('0084-D-2017', 0)":"COMPROMISO FEDERAL"},"('Giros', 'COMISI\u00d3N')":{"('0084-D-2017', 0)":"VIVIENDA Y ORDENAMIENTO URBANO"},"Link":{"('0084-D-2017', 0)":"https:\/\/www.hcdn.gob.ar\/proyectos\/textoCompleto.jsp?exp=0084-D-2017&tipo=RESOLUCION"},"Palabra Clave":{"('0084-D-2017', 0)":" "}}