{"Tipo de Proyecto":{"('0085-D-2017', 0)":"PROYECTO DE RESOLUCI\u00d3N"},"Iniciado en: ":{"('0085-D-2017', 0)":"Diputados"},"Expediente Diputados: ":{"('0085-D-2017', 0)":"0085-D-2017"},"Publicado en: ":{"('0085-D-2017', 0)":"Tr\u00e1mite Parlamentario N\u00b0 1"},"Fecha: ":{"('0085-D-2017', 0)":"01\/03\/2017"},"T\u00edtulo":{"('0085-D-2017', 0)":"PEDIDO DE INFORMES AL PODER EJECUTIVO SOBRE EL ALERTA EMITIDA POR AMNISTIA INTERNACIONAL ANTE LA FALTA DE POLITICAS PARA LA INSERCION DE LOS REFUGIADOS SIRIOS EN LA ARGENTINA, Y OTRAS CUESTIONES CONEXAS."},"('Firmantes', 'FIRMANTE')":{"('0085-D-2017', 0)":"BIANCHI, IVANA MARIA"},"('Firmantes', 'DISTRITO')":{"('0085-D-2017', 0)":"SAN LUIS"},"('Firmantes', 'BLOQUE')":{"('0085-D-2017', 0)":"COMPROMISO FEDERAL"},"('Giros', 'COMISI\u00d3N')":{"('0085-D-2017', 0)":"RELACIONES EXTERIORES Y CULTO"},"Link":{"('0085-D-2017', 0)":"https:\/\/www.hcdn.gob.ar\/proyectos\/textoCompleto.jsp?exp=0085-D-2017&tipo=RESOLUCION"},"Palabra Clave":{"('0085-D-2017', 0)":" "}}