{"Tipo de Proyecto":{"('0085-S-2017', 0)":"MENSAJE NRO: 0081\/17 Y PROYECTO DE LEY","('0085-S-2017', 1)":null,"('0085-S-2017', 2)":null,"('0085-S-2017', 3)":null,"('0085-S-2017', 4)":null,"('0085-S-2017', 5)":null,"('0085-S-2017', 6)":null,"('0085-S-2017', 7)":null},"Iniciado en: ":{"('0085-S-2017', 0)":"Senado","('0085-S-2017', 1)":null,"('0085-S-2017', 2)":null,"('0085-S-2017', 3)":null,"('0085-S-2017', 4)":null,"('0085-S-2017', 5)":null,"('0085-S-2017', 6)":null,"('0085-S-2017', 7)":null},"Expediente Diputados: ":{"('0085-S-2017', 0)":"0085-S-2017","('0085-S-2017', 1)":null,"('0085-S-2017', 2)":null,"('0085-S-2017', 3)":null,"('0085-S-2017', 4)":null,"('0085-S-2017', 5)":null,"('0085-S-2017', 6)":null,"('0085-S-2017', 7)":null},"Expediente Senado: ":{"('0085-S-2017', 0)":"0288-PE-2017","('0085-S-2017', 1)":null,"('0085-S-2017', 2)":null,"('0085-S-2017', 3)":null,"('0085-S-2017', 4)":null,"('0085-S-2017', 5)":null,"('0085-S-2017', 6)":null,"('0085-S-2017', 7)":null},"Publicado en: ":{"('0085-S-2017', 0)":"Diario de Asuntos Entrados N\u00b0 148","('0085-S-2017', 1)":null,"('0085-S-2017', 2)":null,"('0085-S-2017', 3)":null,"('0085-S-2017', 4)":null,"('0085-S-2017', 5)":null,"('0085-S-2017', 6)":null,"('0085-S-2017', 7)":null},"Fecha: ":{"('0085-S-2017', 0)":"21\/08\/2017","('0085-S-2017', 1)":null,"('0085-S-2017', 2)":null,"('0085-S-2017', 3)":null,"('0085-S-2017', 4)":null,"('0085-S-2017', 5)":null,"('0085-S-2017', 6)":null,"('0085-S-2017', 7)":null},"T\u00edtulo":{"('0085-S-2017', 0)":"AUTORIZAR LA SALIDA DE PERSONAL Y MEDIOS DEL EJERCITO ARGENTINO , DE LA ARMADA ARGENTINA Y DE LA FUERZA AEREA ARGENTINA DEL TERRITORIO DE LA NACION, Y EL INGRESO DE TROPAS EXTRANJERAS,  PARA LA REALIZACION DE LOS EJERCICIOS COMBINADOS A REALIZARSE DENTRO Y FUERA DEL TERRITORIO NACIONAL, ESTIPULADOS EN LOS ANEXOS ADJUNTOS, CORRESPONDIENTES AL PERIODO 1\u00ba DE SEPTIEMBRE DE 2017 AL 31 DE AGOSTO DE 2018.","('0085-S-2017', 1)":null,"('0085-S-2017', 2)":null,"('0085-S-2017', 3)":null,"('0085-S-2017', 4)":null,"('0085-S-2017', 5)":null,"('0085-S-2017', 6)":null,"('0085-S-2017', 7)":null},"('Firmantes', 'FIRMANTE')":{"('0085-S-2017', 0)":"MACRI, MAURICIO","('0085-S-2017', 1)":"PE\u00d1A, MARCOS","('0085-S-2017', 2)":"FAURIE, JORGE MARCELO","('0085-S-2017', 3)":"AGUAD, OSCAR RAUL","('0085-S-2017', 4)":null,"('0085-S-2017', 5)":null,"('0085-S-2017', 6)":null,"('0085-S-2017', 7)":null},"('Firmantes', 'DISTRITO')":{"('0085-S-2017', 0)":null,"('0085-S-2017', 1)":null,"('0085-S-2017', 2)":null,"('0085-S-2017', 3)":null,"('0085-S-2017', 4)":null,"('0085-S-2017', 5)":null,"('0085-S-2017', 6)":null,"('0085-S-2017', 7)":null},"('Firmantes', 'BLOQUE')":{"('0085-S-2017', 0)":"PODER EJECUTIVO","('0085-S-2017', 1)":"PODER EJECUTIVO","('0085-S-2017', 2)":"PODER EJECUTIVO","('0085-S-2017', 3)":"PODER EJECUTIVO","('0085-S-2017', 4)":null,"('0085-S-2017', 5)":null,"('0085-S-2017', 6)":null,"('0085-S-2017', 7)":null},"('Giros', 'COMISI\u00d3N')":{"('0085-S-2017', 0)":"DEFENSA NACIONAL","('0085-S-2017', 1)":"RELACIONES EXTERIORES Y CULTO","('0085-S-2017', 2)":null,"('0085-S-2017', 3)":null,"('0085-S-2017', 4)":null,"('0085-S-2017', 5)":null,"('0085-S-2017', 6)":null,"('0085-S-2017', 7)":null},"('Tramites', 'C\u00c1MARA')":{"('0085-S-2017', 0)":"Senado","('0085-S-2017', 1)":"Senado","('0085-S-2017', 2)":"Diputados","('0085-S-2017', 3)":"Diputados","('0085-S-2017', 4)":"Diputados","('0085-S-2017', 5)":"Diputados","('0085-S-2017', 6)":"Diputados","('0085-S-2017', 7)":"Diputados"},"('Tramites', 'MOVIMIENTO')":{"('0085-S-2017', 0)":"MOCION SOBRE TABLAS (AFIRMATIVA)","('0085-S-2017', 1)":"CONSIDERACION Y APROBACION","('0085-S-2017', 2)":"PASA A DIPUTADOS -","('0085-S-2017', 3)":"COMUNICACION DE SENADO DE FE DE ERRATAS","('0085-S-2017', 4)":"MOCION APARTAMIENTO DEL REGLAMENTO (NEGATIVA)","('0085-S-2017', 5)":"CITACION SESION ESPECIAL","('0085-S-2017', 6)":"CITACION SESION ESPECIAL","('0085-S-2017', 7)":"MOCION DE VUELTA A COMISION (AFIRMATIVA)"},"('Tramites', 'FECHA')":{"('0085-S-2017', 0)":"23\/08\/2017","('0085-S-2017', 1)":"23\/08\/2017","('0085-S-2017', 2)":null,"('0085-S-2017', 3)":null,"('0085-S-2017', 4)":"13\/09\/2017","('0085-S-2017', 5)":"08\/11\/2017","('0085-S-2017', 6)":"06\/12\/2018","('0085-S-2017', 7)":"06\/12\/2018"},"('Tramites', 'RESULTADO')":{"('0085-S-2017', 0)":null,"('0085-S-2017', 1)":"MEDIA SANCION","('0085-S-2017', 2)":null,"('0085-S-2017', 3)":null,"('0085-S-2017', 4)":null,"('0085-S-2017', 5)":null,"('0085-S-2017', 6)":null,"('0085-S-2017', 7)":null},"Sumario":{"('0085-S-2017', 0)":"EJERCICIOS: \"YAGUARETE\", \"ATLASUR\", \"FRATERNO\",  \"PASSEX\",  \"INTEGRACION\",  \"VIEKAREN\",  \"INALAF\",  \"SAREX\",  \"ACRUX\",  \"UNITAS-FASE ATLANTICO\",  \"BOLD ALLIGATOR\",  \"GRINGO GAUCHO\",  \"PANAMAX\",  \"TEAM WORK SOUTH\",  \"SAR SUB\",  \"TANQUE\", \"CRUZEX 2018\",  \"RIO\",  \"ARPA\",  \"ARBOL\",  \"PLATA\"  Y  \"COOPERACION V\".","('0085-S-2017', 1)":null,"('0085-S-2017', 2)":null,"('0085-S-2017', 3)":null,"('0085-S-2017', 4)":null,"('0085-S-2017', 5)":null,"('0085-S-2017', 6)":null,"('0085-S-2017', 7)":null},"Palabra Clave":{"('0085-S-2017', 0)":" ","('0085-S-2017', 1)":null,"('0085-S-2017', 2)":null,"('0085-S-2017', 3)":null,"('0085-S-2017', 4)":null,"('0085-S-2017', 5)":null,"('0085-S-2017', 6)":null,"('0085-S-2017', 7)":null}}