{"Tipo de Proyecto":{"('0087-D-2017', 0)":"PROYECTO DE LEY","('0087-D-2017', 1)":null,"('0087-D-2017', 2)":null},"Iniciado en: ":{"('0087-D-2017', 0)":"Diputados","('0087-D-2017', 1)":null,"('0087-D-2017', 2)":null},"Expediente Diputados: ":{"('0087-D-2017', 0)":"0087-D-2017","('0087-D-2017', 1)":null,"('0087-D-2017', 2)":null},"Publicado en: ":{"('0087-D-2017', 0)":"Tr\u00e1mite Parlamentario N\u00b0 1","('0087-D-2017', 1)":null,"('0087-D-2017', 2)":null},"Fecha: ":{"('0087-D-2017', 0)":"01\/03\/2017","('0087-D-2017', 1)":null,"('0087-D-2017', 2)":null},"T\u00edtulo":{"('0087-D-2017', 0)":"CODIGO ELECTORAL NACIONAL - LEY 19945 -. MODIFICACION DE LOS ARTICULOS 157 Y 164, SOBRE ESCRUTINIO Y SUCESION DE LEGISLADORES NACIONALES RESPETANDO EL CUPO FEMENINO.","('0087-D-2017', 1)":null,"('0087-D-2017', 2)":null},"('Firmantes', 'FIRMANTE')":{"('0087-D-2017', 0)":"CONTI, DIANA BEATRIZ","('0087-D-2017', 1)":null,"('0087-D-2017', 2)":null},"('Firmantes', 'DISTRITO')":{"('0087-D-2017', 0)":"BUENOS AIRES","('0087-D-2017', 1)":null,"('0087-D-2017', 2)":null},"('Firmantes', 'BLOQUE')":{"('0087-D-2017', 0)":"FRENTE PARA LA VICTORIA - PJ","('0087-D-2017', 1)":null,"('0087-D-2017', 2)":null},"('Giros', 'COMISI\u00d3N')":{"('0087-D-2017', 0)":"ASUNTOS CONSTITUCIONALES","('0087-D-2017', 1)":"JUSTICIA","('0087-D-2017', 2)":"FAMILIA, MUJER, NI\u00d1EZ Y ADOLESCENCIA"},"Link":{"('0087-D-2017', 0)":"https:\/\/www.hcdn.gob.ar\/proyectos\/textoCompleto.jsp?exp=0087-D-2017&tipo=LEY","('0087-D-2017', 1)":null,"('0087-D-2017', 2)":null},"Palabra Clave":{"('0087-D-2017', 0)":" ","('0087-D-2017', 1)":null,"('0087-D-2017', 2)":null}}