{"Tipo de Proyecto":{"('0088-D-2017', 0)":"PROYECTO DE LEY","('0088-D-2017', 1)":null},"Iniciado en: ":{"('0088-D-2017', 0)":"Diputados","('0088-D-2017', 1)":null},"Expediente Diputados: ":{"('0088-D-2017', 0)":"0088-D-2017","('0088-D-2017', 1)":null},"Publicado en: ":{"('0088-D-2017', 0)":"Tr\u00e1mite Parlamentario N\u00b0 1","('0088-D-2017', 1)":null},"Fecha: ":{"('0088-D-2017', 0)":"01\/03\/2017","('0088-D-2017', 1)":null},"T\u00edtulo":{"('0088-D-2017', 0)":"VIOLENCIA FAMILIAR - LEY 24270, IMPEDIMENTO DE CONTACTO DE LOS HIJOS MENORES CON SUS PADRES NO CONVIVIENTES: DEROGACION.","('0088-D-2017', 1)":null},"('Firmantes', 'FIRMANTE')":{"('0088-D-2017', 0)":"CONTI, DIANA BEATRIZ","('0088-D-2017', 1)":null},"('Firmantes', 'DISTRITO')":{"('0088-D-2017', 0)":"BUENOS AIRES","('0088-D-2017', 1)":null},"('Firmantes', 'BLOQUE')":{"('0088-D-2017', 0)":"FRENTE PARA LA VICTORIA - PJ","('0088-D-2017', 1)":null},"('Giros', 'COMISI\u00d3N')":{"('0088-D-2017', 0)":"FAMILIA, MUJER, NI\u00d1EZ Y ADOLESCENCIA","('0088-D-2017', 1)":"LEGISLACION PENAL"},"Link":{"('0088-D-2017', 0)":"https:\/\/www.hcdn.gob.ar\/proyectos\/textoCompleto.jsp?exp=0088-D-2017&tipo=LEY","('0088-D-2017', 1)":null},"Palabra Clave":{"('0088-D-2017', 0)":" ","('0088-D-2017', 1)":null}}