{"Tipo de Proyecto":{"('0091-S-2017', 0)":"PROYECTO DE DECLARACI\u00d3N","('0091-S-2017', 1)":null},"Iniciado en: ":{"('0091-S-2017', 0)":"Senado","('0091-S-2017', 1)":null},"Expediente Senado: ":{"('0091-S-2017', 0)":"0091-S-2017","('0091-S-2017', 1)":null},"Publicado en: ":{"('0091-S-2017', 0)":"Diario de Asuntos Entrados N\u00b0 5","('0091-S-2017', 1)":null},"Fecha: ":{"('0091-S-2017', 0)":"02\/03\/2017","('0091-S-2017', 1)":null},"T\u00edtulo":{"('0091-S-2017', 0)":"ADHERIR AL 121 ANIVERSARIO DE LA CIUDAD DE COLONIA ITALIANA, PROVINCIA DE CORDOBA, EL 19 DE MARZO 2017.","('0091-S-2017', 1)":null},"('Firmantes', 'FIRMANTE')":{"('0091-S-2017', 0)":"RODRIGUEZ MACHADO, LAURA ELENA","('0091-S-2017', 1)":null},"('Firmantes', 'DISTRITO')":{"('0091-S-2017', 0)":"CORDOBA","('0091-S-2017', 1)":null},"('Firmantes', 'BLOQUE')":{"('0091-S-2017', 0)":"FRENTE PRO","('0091-S-2017', 1)":null},"('Tramites', 'C\u00c1MARA')":{"('0091-S-2017', 0)":"Senado","('0091-S-2017', 1)":"Senado"},"('Tramites', 'MOVIMIENTO')":{"('0091-S-2017', 0)":"MOCION SOBRE TABLAS (AFIRMATIVA)","('0091-S-2017', 1)":"CONSIDERACION Y APROBACION"},"('Tramites', 'FECHA')":{"('0091-S-2017', 0)":"31\/05\/2017","('0091-S-2017', 1)":"31\/05\/2017"},"('Tramites', 'RESULTADO')":{"('0091-S-2017', 0)":null,"('0091-S-2017', 1)":"APROBADO"},"Link":{"('0091-S-2017', 0)":"http:\/\/www.senado.gov.ar\/parlamentario\/comisiones\/verExp\/91.17\/S\/PD","('0091-S-2017', 1)":null},"Palabra Clave":{"('0091-S-2017', 0)":" ","('0091-S-2017', 1)":null}}