{"Tipo de Proyecto":{"('0094-S-2017', 0)":"PROYECTO DE LEY","('0094-S-2017', 1)":null},"Iniciado en: ":{"('0094-S-2017', 0)":"Senado","('0094-S-2017', 1)":null},"Expediente Diputados: ":{"('0094-S-2017', 0)":"0094-S-2017","('0094-S-2017', 1)":null},"Expediente Senado: ":{"('0094-S-2017', 0)":"0260-S-2017","('0094-S-2017', 1)":null},"Publicado en: ":{"('0094-S-2017', 0)":"Diario de Asuntos Entrados N\u00b0 13","('0094-S-2017', 1)":null},"Fecha: ":{"('0094-S-2017', 0)":"07\/03\/2017","('0094-S-2017', 1)":null},"T\u00edtulo":{"('0094-S-2017', 0)":"ADHERIR A LA CELEBRACION DEL DIA \"MUNDIAL DE LA FIBROMIALGIA Y EL SINDROME DE LA FATIGA CRONICA\", EL 12 DE MAYO DE CADA A\u00d1O.\n","('0094-S-2017', 1)":null},"('Firmantes', 'FIRMANTE')":{"('0094-S-2017', 0)":"BASUALDO, ROBERTO GUSTAVO","('0094-S-2017', 1)":null},"('Firmantes', 'DISTRITO')":{"('0094-S-2017', 0)":"SAN JUAN","('0094-S-2017', 1)":null},"('Firmantes', 'BLOQUE')":{"('0094-S-2017', 0)":"PRODUCCION Y TRABAJO","('0094-S-2017', 1)":null},"('Giros', 'COMISI\u00d3N')":{"('0094-S-2017', 0)":"ACCION SOCIAL Y SALUD PUBLICA","('0094-S-2017', 1)":"LEGISLACION GENERAL"},"('Tramites', 'C\u00c1MARA')":{"('0094-S-2017', 0)":"Senado","('0094-S-2017', 1)":"Diputados"},"('Tramites', 'MOVIMIENTO')":{"('0094-S-2017', 0)":"CONSIDERACION Y APROBACION","('0094-S-2017', 1)":"PASA A DIPUTADOS -"},"('Tramites', 'FECHA')":{"('0094-S-2017', 0)":"07\/09\/2017","('0094-S-2017', 1)":null},"('Tramites', 'RESULTADO')":{"('0094-S-2017', 0)":"MEDIA SANCION","('0094-S-2017', 1)":null},"Link":{"('0094-S-2017', 0)":"http:\/\/www.senado.gov.ar\/parlamentario\/comisiones\/verExp\/260.17\/S\/PL","('0094-S-2017', 1)":null},"Palabra Clave":{"('0094-S-2017', 0)":" ","('0094-S-2017', 1)":null}}