{"Tipo de Proyecto":{"('0096-OV-2017', 0)":"PROYECTO DE RESOLUCI\u00d3N"},"Iniciado en: ":{"('0096-OV-2017', 0)":"Senado"},"Expediente Senado: ":{"('0096-OV-2017', 0)":"0096-OV-2017"},"Publicado en: ":{"('0096-OV-2017', 0)":"Diario de Asuntos Entrados N\u00b0 0"},"Fecha: ":{"('0096-OV-2017', 0)":"23\/04\/2018"},"T\u00edtulo":{"('0096-OV-2017', 0)":"RESOLUCION REMITIDA POR LA AUDITORIA GENERAL DE LA NACION 64\/17, REFERIDA AL PROGRAMA DE INVERSIONES MUNICIPALES, CONTRATO DE PRESTAMO 2929\/OC-AR, SUSCRITO CON EL BID."},"('Firmantes', 'FIRMANTE')":{"('0096-OV-2017', 0)":"PARLAMENTARIA MIXTA REVISORA DE CUENTAS"},"('Firmantes', 'DISTRITO')":{"('0096-OV-2017', 0)":null},"('Firmantes', 'BLOQUE')":{"('0096-OV-2017', 0)":null},"Sumario":{"('0096-OV-2017', 0)":"HABIENDO TOMADO CONOCIMIENTO Y SIN PERJUICIO DE ULTERIORES MEDIDAS QUE PUEDAN ADOPTARSE, SE ACONSEJA SU REMISION AL ARCHIVO."},"Palabra Clave":{"('0096-OV-2017', 0)":" "}}