{"Tipo de Proyecto":{"('0096-S-2017', 0)":"PROYECTO DE LEY","('0096-S-2017', 1)":null},"Iniciado en: ":{"('0096-S-2017', 0)":"Senado","('0096-S-2017', 1)":null},"Expediente Diputados: ":{"('0096-S-2017', 0)":"0096-S-2017","('0096-S-2017', 1)":null},"Expediente Senado: ":{"('0096-S-2017', 0)":"0024-S-2017","('0096-S-2017', 1)":null},"Publicado en: ":{"('0096-S-2017', 0)":"Diario de Asuntos Entrados N\u00b0 2","('0096-S-2017', 1)":null},"Fecha: ":{"('0096-S-2017', 0)":"02\/03\/2017","('0096-S-2017', 1)":null},"T\u00edtulo":{"('0096-S-2017', 0)":"DECLARAR FIESTA NACIONAL A LA \"FIESTA DE PLAYAS DORADAS\", A REALIZARSE DURANTE EL MES DE FEBRERO DE CADA A\u00d1O EN LA CIUDAD DE PLAYAS DORADAS, DEL MUNICIPIO DE SIERRA GRANDE, PROVINCIA DE RIO NEGRO.","('0096-S-2017', 1)":null},"('Firmantes', 'FIRMANTE')":{"('0096-S-2017', 0)":"ODARDA, MARIA MAGDALENA","('0096-S-2017', 1)":null},"('Firmantes', 'DISTRITO')":{"('0096-S-2017', 0)":"RIO NEGRO","('0096-S-2017', 1)":null},"('Firmantes', 'BLOQUE')":{"('0096-S-2017', 0)":"FRENTE PROGRESISTA - CCARI","('0096-S-2017', 1)":null},"('Giros', 'COMISI\u00d3N')":{"('0096-S-2017', 0)":"TURISMO","('0096-S-2017', 1)":"LEGISLACION GENERAL"},"('Tramites', 'C\u00c1MARA')":{"('0096-S-2017', 0)":"Senado","('0096-S-2017', 1)":"Diputados"},"('Tramites', 'MOVIMIENTO')":{"('0096-S-2017', 0)":"CONSIDERACION Y APROBACION","('0096-S-2017', 1)":"PASA A DIPUTADOS -"},"('Tramites', 'FECHA')":{"('0096-S-2017', 0)":"07\/09\/2017","('0096-S-2017', 1)":null},"('Tramites', 'RESULTADO')":{"('0096-S-2017', 0)":"MEDIA SANCION","('0096-S-2017', 1)":null},"Link":{"('0096-S-2017', 0)":"http:\/\/www.senado.gov.ar\/parlamentario\/comisiones\/verExp\/24.17\/S\/PL","('0096-S-2017', 1)":null},"Palabra Clave":{"('0096-S-2017', 0)":" ","('0096-S-2017', 1)":null}}