{"Tipo de Proyecto":{"('0097-S-2017', 0)":"PROYECTO DE LEY","('0097-S-2017', 1)":null},"Iniciado en: ":{"('0097-S-2017', 0)":"Senado","('0097-S-2017', 1)":null},"Expediente Diputados: ":{"('0097-S-2017', 0)":"0097-S-2017","('0097-S-2017', 1)":null},"Expediente Senado: ":{"('0097-S-2017', 0)":"0025-S-2017","('0097-S-2017', 1)":null},"Publicado en: ":{"('0097-S-2017', 0)":"Diario de Asuntos Entrados N\u00b0 2","('0097-S-2017', 1)":null},"Fecha: ":{"('0097-S-2017', 0)":"02\/03\/2017","('0097-S-2017', 1)":null},"T\u00edtulo":{"('0097-S-2017', 0)":"DECLARAR FIESTA NACIONAL A LA \"FIESTA DEL MAR Y DEL ACAMPANTE\", A REALIZARSE EN ENERO DE CADA A\u00d1O EN EL BALNEARIO EL CONDOR DE LA CIUDAD DE VIEDMA, PROVINCIA DE RIO NEGRO.","('0097-S-2017', 1)":null},"('Firmantes', 'FIRMANTE')":{"('0097-S-2017', 0)":"ODARDA, MARIA MAGDALENA","('0097-S-2017', 1)":null},"('Firmantes', 'DISTRITO')":{"('0097-S-2017', 0)":"RIO NEGRO","('0097-S-2017', 1)":null},"('Firmantes', 'BLOQUE')":{"('0097-S-2017', 0)":"FRENTE PROGRESISTA - CCARI","('0097-S-2017', 1)":null},"('Giros', 'COMISI\u00d3N')":{"('0097-S-2017', 0)":"TURISMO","('0097-S-2017', 1)":"LEGISLACION GENERAL"},"('Tramites', 'C\u00c1MARA')":{"('0097-S-2017', 0)":"Senado","('0097-S-2017', 1)":"Diputados"},"('Tramites', 'MOVIMIENTO')":{"('0097-S-2017', 0)":"CONSIDERACION Y APROBACION","('0097-S-2017', 1)":"PASA A DIPUTADOS -"},"('Tramites', 'FECHA')":{"('0097-S-2017', 0)":"07\/09\/2017","('0097-S-2017', 1)":null},"('Tramites', 'RESULTADO')":{"('0097-S-2017', 0)":"MEDIA SANCION","('0097-S-2017', 1)":null},"Link":{"('0097-S-2017', 0)":"http:\/\/www.senado.gov.ar\/parlamentario\/comisiones\/verExp\/25.17\/S\/PL","('0097-S-2017', 1)":null},"Palabra Clave":{"('0097-S-2017', 0)":" ","('0097-S-2017', 1)":null}}