{"Tipo de Proyecto":{"('0097-D-2017', 0)":"PROYECTO DE DECLARACI\u00d3N"},"Iniciado en: ":{"('0097-D-2017', 0)":"Diputados"},"Expediente Diputados: ":{"('0097-D-2017', 0)":"0097-D-2017"},"Publicado en: ":{"('0097-D-2017', 0)":"Tr\u00e1mite Parlamentario N\u00b0 1"},"Fecha: ":{"('0097-D-2017', 0)":"01\/03\/2017"},"T\u00edtulo":{"('0097-D-2017', 0)":"EXPRESAR BENEPLACITO POR LA LABOR DESEMPE\u00d1ADA POR EZEQUIEL OSCAR MARTINEZ, BOMBERO VOLUNTARIO DEL DESTACAMENTO DE JUAN B. MOLINA, PROVINCIA DE SANTA FE, QUIEN INTEGRO LA COMITIVA QUE VIAJO A CHILE PARA AFRONTAR EL INCENDIO FORESTAL DEL PAIS TRASANDINO."},"('Firmantes', 'FIRMANTE')":{"('0097-D-2017', 0)":"BASTERRA, LUIS EUGENIO"},"('Firmantes', 'DISTRITO')":{"('0097-D-2017', 0)":"FORMOSA"},"('Firmantes', 'BLOQUE')":{"('0097-D-2017', 0)":"FRENTE PARA LA VICTORIA - PJ"},"('Giros', 'COMISI\u00d3N')":{"('0097-D-2017', 0)":"ASUNTOS COOPERATIVOS, MUTUALES Y DE ORG.NO GUBERNAMENTALES"},"Link":{"('0097-D-2017', 0)":"https:\/\/www.hcdn.gob.ar\/proyectos\/textoCompleto.jsp?exp=0097-D-2017&tipo=DECLARACION"},"Palabra Clave":{"('0097-D-2017', 0)":" "}}