{"Tipo de Proyecto":{"('0100-D-2017', 0)":"PROYECTO DE DECLARACI\u00d3N"},"Iniciado en: ":{"('0100-D-2017', 0)":"Diputados"},"Expediente Diputados: ":{"('0100-D-2017', 0)":"0100-D-2017"},"Publicado en: ":{"('0100-D-2017', 0)":"Tr\u00e1mite Parlamentario N\u00b0 1"},"Fecha: ":{"('0100-D-2017', 0)":"01\/03\/2017"},"T\u00edtulo":{"('0100-D-2017', 0)":"DECLARAR DE INTERES DE LA H. CAMARA LA \"8 EDICION DE LA CABALGATA POR LA INTEGRACION\"."},"('Firmantes', 'FIRMANTE')":{"('0100-D-2017', 0)":"PRETTO, PEDRO JAVIER"},"('Firmantes', 'DISTRITO')":{"('0100-D-2017', 0)":"CORDOBA"},"('Firmantes', 'BLOQUE')":{"('0100-D-2017', 0)":"UNION PRO"},"('Giros', 'COMISI\u00d3N')":{"('0100-D-2017', 0)":"CULTURA"},"('Tramites', 'C\u00c1MARA')":{"('0100-D-2017', 0)":"Diputados"},"('Tramites', 'MOVIMIENTO')":{"('0100-D-2017', 0)":"APROBACION ARTICULO 114 DEL REGLAMENTO DE LA H CAMARA DE DIPUTADOS; COMUNICADO EL 03\/10\/2017"},"('Tramites', 'FECHA')":{"('0100-D-2017', 0)":null},"('Tramites', 'RESULTADO')":{"('0100-D-2017', 0)":"APROBADO"},"Link":{"('0100-D-2017', 0)":"https:\/\/www.hcdn.gob.ar\/proyectos\/textoCompleto.jsp?exp=0100-D-2017&tipo=DECLARACION"},"Palabra Clave":{"('0100-D-2017', 0)":" "}}