{"Tipo de Proyecto":{"('0100-S-2017', 0)":"COMUNICACION","('0100-S-2017', 1)":null,"('0100-S-2017', 2)":null},"Iniciado en: ":{"('0100-S-2017', 0)":"Senado","('0100-S-2017', 1)":null,"('0100-S-2017', 2)":null},"Expediente Senado: ":{"('0100-S-2017', 0)":"0100-S-2017","('0100-S-2017', 1)":null,"('0100-S-2017', 2)":null},"Publicado en: ":{"('0100-S-2017', 0)":"Diario de Asuntos Entrados N\u00b0 5","('0100-S-2017', 1)":null,"('0100-S-2017', 2)":null},"Fecha: ":{"('0100-S-2017', 0)":"02\/03\/2017","('0100-S-2017', 1)":null,"('0100-S-2017', 2)":null},"T\u00edtulo":{"('0100-S-2017', 0)":"PEDIDO DE INFORMES AL PODER EJECUTIVO SOBRE DIVERSOS PUNTOS RELACIONADOS AL FALLO \"FONTEVECCHIA Y OTROS CONTRA LA REPUBLICA ARGENTINA.","('0100-S-2017', 1)":null,"('0100-S-2017', 2)":null},"('Firmantes', 'FIRMANTE')":{"('0100-S-2017', 0)":"FERNANDEZ SAGASTI, ANABEL","('0100-S-2017', 1)":null,"('0100-S-2017', 2)":null},"('Firmantes', 'DISTRITO')":{"('0100-S-2017', 0)":"MENDOZA","('0100-S-2017', 1)":null,"('0100-S-2017', 2)":null},"('Firmantes', 'BLOQUE')":{"('0100-S-2017', 0)":"FRENTE PARA LA VICTORIA - PJ","('0100-S-2017', 1)":null,"('0100-S-2017', 2)":null},"('Tramites', 'C\u00c1MARA')":{"('0100-S-2017', 0)":"Senado","('0100-S-2017', 1)":"Senado","('0100-S-2017', 2)":"Senado"},"('Tramites', 'MOVIMIENTO')":{"('0100-S-2017', 0)":"MOCION SOBRE TABLAS (AFIRMATIVA)","('0100-S-2017', 1)":"CONSIDERACION Y APROBACION","('0100-S-2017', 2)":"CONTESTACION DEL PODER EJECUTIVO NACIONAL - JEFE DE GABINETE DE MINISTROS - GIRADO A LA COMISION RESPECTIVA"},"('Tramites', 'FECHA')":{"('0100-S-2017', 0)":"29\/03\/2017","('0100-S-2017', 1)":"29\/03\/2017","('0100-S-2017', 2)":"31\/05\/2017"},"('Tramites', 'RESULTADO')":{"('0100-S-2017', 0)":null,"('0100-S-2017', 1)":"APROBADO","('0100-S-2017', 2)":null},"Link":{"('0100-S-2017', 0)":"http:\/\/www.senado.gov.ar\/parlamentario\/comisiones\/verExp\/100.17\/S\/PC","('0100-S-2017', 1)":null,"('0100-S-2017', 2)":null},"Palabra Clave":{"('0100-S-2017', 0)":" ","('0100-S-2017', 1)":null,"('0100-S-2017', 2)":null}}