{"Tipo de Proyecto":{"('0101-D-2017', 0)":"PROYECTO DE RESOLUCI\u00d3N","('0101-D-2017', 1)":null},"Iniciado en: ":{"('0101-D-2017', 0)":"Diputados","('0101-D-2017', 1)":null},"Expediente Diputados: ":{"('0101-D-2017', 0)":"0101-D-2017","('0101-D-2017', 1)":null},"Publicado en: ":{"('0101-D-2017', 0)":"Tr\u00e1mite Parlamentario N\u00b0 1","('0101-D-2017', 1)":null},"Fecha: ":{"('0101-D-2017', 0)":"01\/03\/2017","('0101-D-2017', 1)":null},"T\u00edtulo":{"('0101-D-2017', 0)":"EXPRESAR PREOCUPACION POR LA REVISION DEL ORDENAMIENTO TERRITORIAL DE BOSQUES NATIVOS EN LA PROVINCIA DE CORDOBA. ","('0101-D-2017', 1)":null},"('Firmantes', 'FIRMANTE')":{"('0101-D-2017', 0)":"VILLALONGA, JUAN CARLOS","('0101-D-2017', 1)":null},"('Firmantes', 'DISTRITO')":{"('0101-D-2017', 0)":"CIUDAD de BUENOS AIRES","('0101-D-2017', 1)":null},"('Firmantes', 'BLOQUE')":{"('0101-D-2017', 0)":"UNION PRO","('0101-D-2017', 1)":null},"('Giros', 'COMISI\u00d3N')":{"('0101-D-2017', 0)":"RECURSOS NATURALES Y CONSERVACION DEL AMBIENTE HUMANO","('0101-D-2017', 1)":null},"('Tramites', 'C\u00c1MARA')":{"('0101-D-2017', 0)":"Diputados","('0101-D-2017', 1)":"Diputados"},"('Tramites', 'MOVIMIENTO')":{"('0101-D-2017', 0)":"SOLICITUD DE SER ADHERENTE DE LA DIPUTADA AUSTIN (A SUS ANTECEDENTES)","('0101-D-2017', 1)":"APROBACION ARTICULO 114 DEL REGLAMENTO DE LA H CAMARA DE DIPUTADOS; COMUNICADO EL 22\/05\/2017 CONJUNTAMENTE PARA LOS EXPEDIENTES 0101-D-2017 y 1010-D-2017"},"('Tramites', 'FECHA')":{"('0101-D-2017', 0)":null,"('0101-D-2017', 1)":null},"('Tramites', 'RESULTADO')":{"('0101-D-2017', 0)":null,"('0101-D-2017', 1)":"APROBADO"},"Link":{"('0101-D-2017', 0)":"https:\/\/www.hcdn.gob.ar\/proyectos\/textoCompleto.jsp?exp=0101-D-2017&tipo=RESOLUCION","('0101-D-2017', 1)":null},"Palabra Clave":{"('0101-D-2017', 0)":" ","('0101-D-2017', 1)":null}}