{"Tipo de Proyecto":{"('0101-S-2017', 0)":"PROYECTO DE LEY"},"Iniciado en: ":{"('0101-S-2017', 0)":"Senado"},"Expediente Senado: ":{"('0101-S-2017', 0)":"0101-S-2017"},"Publicado en: ":{"('0101-S-2017', 0)":"Diario de Asuntos Entrados N\u00b0 5"},"Fecha: ":{"('0101-S-2017', 0)":"02\/03\/2017"},"T\u00edtulo":{"('0101-S-2017', 0)":"CODIGO PENAL MODIFICACIONES: INCORPORAR EL ARTICULO 139 TER, AL CODIGO PENAL, RESPECTO DE TIPIFICAR EL DELITO DE ROBO DE IDENTIDAD."},"('Firmantes', 'FIRMANTE')":{"('0101-S-2017', 0)":"ABAL MEDINA, JUAN MANUEL"},"('Firmantes', 'DISTRITO')":{"('0101-S-2017', 0)":"BUENOS AIRES"},"('Firmantes', 'BLOQUE')":{"('0101-S-2017', 0)":"FRENTE PARA LA VICTORIA - PJ"},"Link":{"('0101-S-2017', 0)":"http:\/\/www.senado.gov.ar\/parlamentario\/comisiones\/verExp\/101.17\/S\/PL"},"Palabra Clave":{"('0101-S-2017', 0)":" "}}