{"Tipo de Proyecto":{"('0103-S-2017', 0)":"PROYECTO DE LEY"},"Iniciado en: ":{"('0103-S-2017', 0)":"Senado"},"Expediente Senado: ":{"('0103-S-2017', 0)":"0103-S-2017"},"Publicado en: ":{"('0103-S-2017', 0)":"Diario de Asuntos Entrados N\u00b0 6"},"Fecha: ":{"('0103-S-2017', 0)":"03\/03\/2017"},"T\u00edtulo":{"('0103-S-2017', 0)":"CREACION DE LA AGENCIA NACIONAL DE EVALUACION DE POLITICAS PUBLICAS (ANEPP).\n "},"('Firmantes', 'FIRMANTE')":{"('0103-S-2017', 0)":"ABAL MEDINA, JUAN MANUEL"},"('Firmantes', 'DISTRITO')":{"('0103-S-2017', 0)":"BUENOS AIRES"},"('Firmantes', 'BLOQUE')":{"('0103-S-2017', 0)":"FRENTE PARA LA VICTORIA - PJ"},"Sumario":{"('0103-S-2017', 0)":"CREACION EN EL AMBITO DE LA JGM; OBJETO; FUNCIONES; PRINCIPIOS RECTORES; DIRECTOR EJECUTIVO; CONSEJO ASESOR."},"Palabra Clave":{"('0103-S-2017', 0)":" "}}