{"Tipo de Proyecto":{"('0108-D-2017', 0)":"PROYECTO DE RESOLUCI\u00d3N"},"Iniciado en: ":{"('0108-D-2017', 0)":"Diputados"},"Expediente Diputados: ":{"('0108-D-2017', 0)":"0108-D-2017"},"Publicado en: ":{"('0108-D-2017', 0)":"Tr\u00e1mite Parlamentario N\u00b0 1"},"Fecha: ":{"('0108-D-2017', 0)":"01\/03\/2017"},"T\u00edtulo":{"('0108-D-2017', 0)":"PEDIDO DE INFORMES AL PODER EJECUTIVO SOBRE EL NUEVO SISTEMA DE AUTORIZACIONES PARA LA PROVISION DE DROGAS ONCOLOGICAS EN EL \"PROGRAMA DE ATENCION MEDICA INTEGRAL DEL INSSJP - PAMI -\", Y OTRAS CUESTIONES CONEXAS."},"('Firmantes', 'FIRMANTE')":{"('0108-D-2017', 0)":"CAMA\u00d1O, GRACIELA"},"('Firmantes', 'DISTRITO')":{"('0108-D-2017', 0)":"BUENOS AIRES"},"('Firmantes', 'BLOQUE')":{"('0108-D-2017', 0)":"FEDERAL UNIDOS POR UNA NUEVA ARGENTINA"},"('Giros', 'COMISI\u00d3N')":{"('0108-D-2017', 0)":"DE LAS PERSONAS MAYORES"},"Link":{"('0108-D-2017', 0)":"https:\/\/www.hcdn.gob.ar\/proyectos\/textoCompleto.jsp?exp=0108-D-2017&tipo=RESOLUCION"},"Palabra Clave":{"('0108-D-2017', 0)":" "}}