{"Tipo de Proyecto":{"('0108-S-2017', 0)":"PROYECTO DE LEY","('0108-S-2017', 1)":null,"('0108-S-2017', 2)":null,"('0108-S-2017', 3)":null},"Iniciado en: ":{"('0108-S-2017', 0)":"Senado","('0108-S-2017', 1)":null,"('0108-S-2017', 2)":null,"('0108-S-2017', 3)":null},"Expediente Diputados: ":{"('0108-S-2017', 0)":"0108-S-2017","('0108-S-2017', 1)":null,"('0108-S-2017', 2)":null,"('0108-S-2017', 3)":null},"Expediente Senado: ":{"('0108-S-2017', 0)":"0541-S-2017","('0108-S-2017', 1)":null,"('0108-S-2017', 2)":null,"('0108-S-2017', 3)":null},"Publicado en: ":{"('0108-S-2017', 0)":"Diario de Asuntos Entrados N\u00b0 28","('0108-S-2017', 1)":null,"('0108-S-2017', 2)":null,"('0108-S-2017', 3)":null},"Fecha: ":{"('0108-S-2017', 0)":"20\/03\/2017","('0108-S-2017', 1)":null,"('0108-S-2017', 2)":null,"('0108-S-2017', 3)":null},"T\u00edtulo":{"('0108-S-2017', 0)":"DECLARAR LUGAR HISTORICO NACIONAL EN LOS TERMINOS DE LA LEY 12665, EL PREDIO O FRACCION DE TERRENO DONDE SE EMPLAZA LA GRUTA EN QUE FUERA ENCONTRADA LA IMAGEN DE LA VIRGEN DEL VALLE, EN LA ESTANCIA DE CHOYA, DEPARTAMENTO DE LA CAPITAL, PROVINCIA DE CATAMARCA.","('0108-S-2017', 1)":null,"('0108-S-2017', 2)":null,"('0108-S-2017', 3)":null},"('Firmantes', 'FIRMANTE')":{"('0108-S-2017', 0)":"BLAS, INES IMELDA","('0108-S-2017', 1)":null,"('0108-S-2017', 2)":null,"('0108-S-2017', 3)":null},"('Firmantes', 'DISTRITO')":{"('0108-S-2017', 0)":"CATAMARCA","('0108-S-2017', 1)":null,"('0108-S-2017', 2)":null,"('0108-S-2017', 3)":null},"('Firmantes', 'BLOQUE')":{"('0108-S-2017', 0)":"FRENTE PARA LA VICTORIA - PJ","('0108-S-2017', 1)":null,"('0108-S-2017', 2)":null,"('0108-S-2017', 3)":null},"('Giros', 'COMISI\u00d3N')":{"('0108-S-2017', 0)":"CULTURA","('0108-S-2017', 1)":"RELACIONES EXTERIORES Y CULTO","('0108-S-2017', 2)":"PRESUPUESTO Y HACIENDA","('0108-S-2017', 3)":null},"('Tramites', 'C\u00c1MARA')":{"('0108-S-2017', 0)":"Senado","('0108-S-2017', 1)":"Senado","('0108-S-2017', 2)":"Diputados","('0108-S-2017', 3)":"Senado"},"('Tramites', 'MOVIMIENTO')":{"('0108-S-2017', 0)":"CONSIDERACION Y APROBACION","('0108-S-2017', 1)":"INSERCIONES","('0108-S-2017', 2)":"PASA A DIPUTADOS -","('0108-S-2017', 3)":"REPRODUCIDO POR EXPEDIENTE 0018-S-20"},"('Tramites', 'FECHA')":{"('0108-S-2017', 0)":"07\/09\/2017","('0108-S-2017', 1)":"07\/09\/2017","('0108-S-2017', 2)":null,"('0108-S-2017', 3)":null},"('Tramites', 'RESULTADO')":{"('0108-S-2017', 0)":"MEDIA SANCION","('0108-S-2017', 1)":null,"('0108-S-2017', 2)":null,"('0108-S-2017', 3)":null},"Link":{"('0108-S-2017', 0)":"http:\/\/www.senado.gov.ar\/parlamentario\/comisiones\/verExp\/541.17\/S\/PL","('0108-S-2017', 1)":null,"('0108-S-2017', 2)":null,"('0108-S-2017', 3)":null},"Palabra Clave":{"('0108-S-2017', 0)":" ","('0108-S-2017', 1)":null,"('0108-S-2017', 2)":null,"('0108-S-2017', 3)":null}}