{"Tipo de Proyecto":{"('0112-S-2017', 0)":"PROYECTO DE LEY"},"Iniciado en: ":{"('0112-S-2017', 0)":"Senado"},"Expediente Senado: ":{"('0112-S-2017', 0)":"0112-S-2017"},"Publicado en: ":{"('0112-S-2017', 0)":"Diario de Asuntos Entrados N\u00b0 6"},"Fecha: ":{"('0112-S-2017', 0)":"03\/03\/2017"},"T\u00edtulo":{"('0112-S-2017', 0)":"CREACION DEL REGISTRO NACIONAL DE ELECTORES FUERA DE DISTRITO."},"('Firmantes', 'FIRMANTE')":{"('0112-S-2017', 0)":"FIORE VI\u00d1UALES, MARIA CRISTINA DEL VALLE"},"('Firmantes', 'DISTRITO')":{"('0112-S-2017', 0)":"SALTA"},"('Firmantes', 'BLOQUE')":{"('0112-S-2017', 0)":"PARES"},"('Tramites', 'C\u00c1MARA')":{"('0112-S-2017', 0)":"Senado"},"('Tramites', 'MOVIMIENTO')":{"('0112-S-2017', 0)":"REPRODUCIDO POR EXPEDIENTE 0222-S-19"},"('Tramites', 'FECHA')":{"('0112-S-2017', 0)":null},"('Tramites', 'RESULTADO')":{"('0112-S-2017', 0)":null},"Sumario":{"('0112-S-2017', 0)":"MODIFICACION DEL ARTICULO 15 DE LA LEY 19945 (CODIGO ELECTORAL NACIONAL)."},"Palabra Clave":{"('0112-S-2017', 0)":" "}}