{"Tipo de Proyecto":{"('0114-S-2017', 0)":"PROYECTO DE LEY"},"Iniciado en: ":{"('0114-S-2017', 0)":"Senado"},"Expediente Senado: ":{"('0114-S-2017', 0)":"0114-S-2017"},"Publicado en: ":{"('0114-S-2017', 0)":"Diario de Asuntos Entrados N\u00b0 6"},"Fecha: ":{"('0114-S-2017', 0)":"03\/03\/2017"},"T\u00edtulo":{"('0114-S-2017', 0)":"INSTITUIR UN REGIMEN ESPECIAL DE AMORTIZACION ACELERADA PARA LA INCORPORACION DE MAQUINARIA E INFRAESTRUCTURA DESTINADA EXCLUSIVAMENTE PARA ACTIVIDADES AGROPECUARIAS Y\/O AGROINDUSTRIALES (REPRODUCCION DEL EXPEDIENTE 4067-S-15)."},"('Firmantes', 'FIRMANTE')":{"('0114-S-2017', 0)":"FIORE VI\u00d1UALES, MARIA CRISTINA DEL VALLE"},"('Firmantes', 'DISTRITO')":{"('0114-S-2017', 0)":"SALTA"},"('Firmantes', 'BLOQUE')":{"('0114-S-2017', 0)":"PARES"},"('Tramites', 'C\u00c1MARA')":{"('0114-S-2017', 0)":"Senado"},"('Tramites', 'MOVIMIENTO')":{"('0114-S-2017', 0)":"REPRODUCIDO POR EXPEDIENTE 0224-S-19"},"('Tramites', 'FECHA')":{"('0114-S-2017', 0)":null},"('Tramites', 'RESULTADO')":{"('0114-S-2017', 0)":null},"Sumario":{"('0114-S-2017', 0)":"OBJETO; DEFINICIONES; SUJETOS ALCANZADOS; AUTORIDAD DE APLICACION: ADMINISTRACION FEDERAL DE INGRESOS PUBLICOS; ALCANCE DEL BENEFICIO."},"Palabra Clave":{"('0114-S-2017', 0)":" "}}