{"Tipo de Proyecto":{"('0115-D-2017', 0)":"PROYECTO DE RESOLUCI\u00d3N","('0115-D-2017', 1)":null,"('0115-D-2017', 2)":null},"Iniciado en: ":{"('0115-D-2017', 0)":"Diputados","('0115-D-2017', 1)":null,"('0115-D-2017', 2)":null},"Expediente Diputados: ":{"('0115-D-2017', 0)":"0115-D-2017","('0115-D-2017', 1)":null,"('0115-D-2017', 2)":null},"Publicado en: ":{"('0115-D-2017', 0)":"Tr\u00e1mite Parlamentario N\u00b0 1","('0115-D-2017', 1)":null,"('0115-D-2017', 2)":null},"Fecha: ":{"('0115-D-2017', 0)":"01\/03\/2017","('0115-D-2017', 1)":null,"('0115-D-2017', 2)":null},"T\u00edtulo":{"('0115-D-2017', 0)":"DECLARAR DE INTERES DE LA H. CAMARA EL \"2\u00b0 FORO PATAGONICO DE ENERGIAS SUSTENTABLES\", A REALIZARSE LOS DIAS 8 Y 9 DE JUNIO DE 2017 EN VILLA REGINA, PROVINCIA DE RIO NEGRO.","('0115-D-2017', 1)":null,"('0115-D-2017', 2)":null},"('Firmantes', 'FIRMANTE')":{"('0115-D-2017', 0)":"COUSINET, GRACIELA","('0115-D-2017', 1)":"MASSO, FEDERICO AUGUSTO","('0115-D-2017', 2)":"DONDA PEREZ, VICTORIA ANALIA"},"('Firmantes', 'DISTRITO')":{"('0115-D-2017', 0)":"MENDOZA","('0115-D-2017', 1)":"TUCUMAN","('0115-D-2017', 2)":"CIUDAD de BUENOS AIRES"},"('Firmantes', 'BLOQUE')":{"('0115-D-2017', 0)":"LIBRES DEL SUR","('0115-D-2017', 1)":"LIBRES DEL SUR","('0115-D-2017', 2)":"LIBRES DEL SUR"},"('Giros', 'COMISI\u00d3N')":{"('0115-D-2017', 0)":"ENERGIA Y COMBUSTIBLES","('0115-D-2017', 1)":null,"('0115-D-2017', 2)":null},"Link":{"('0115-D-2017', 0)":"https:\/\/www.hcdn.gob.ar\/proyectos\/textoCompleto.jsp?exp=0115-D-2017&tipo=RESOLUCION","('0115-D-2017', 1)":null,"('0115-D-2017', 2)":null},"Palabra Clave":{"('0115-D-2017', 0)":" ","('0115-D-2017', 1)":null,"('0115-D-2017', 2)":null}}