{"Tipo de Proyecto":{"('0118-D-2017', 0)":"PROYECTO DE LEY","('0118-D-2017', 1)":null},"Iniciado en: ":{"('0118-D-2017', 0)":"Diputados","('0118-D-2017', 1)":null},"Expediente Diputados: ":{"('0118-D-2017', 0)":"0118-D-2017","('0118-D-2017', 1)":null},"Publicado en: ":{"('0118-D-2017', 0)":"Tr\u00e1mite Parlamentario N\u00b0 1","('0118-D-2017', 1)":null},"Fecha: ":{"('0118-D-2017', 0)":"01\/03\/2017","('0118-D-2017', 1)":null},"T\u00edtulo":{"('0118-D-2017', 0)":"\"SEMANA NACIONAL DE GESTION DE LOS RESIDUOS SOLIDOS URBANOS - SNGRSU -\". SE INSTITUYE COMO TAL A LA PRIMERA SEMANA DEL MES DE JULIO DE CADA A\u00d1O.","('0118-D-2017', 1)":null},"('Firmantes', 'FIRMANTE')":{"('0118-D-2017', 0)":"GALLARDO, MIRIAM GRACIELA","('0118-D-2017', 1)":null},"('Firmantes', 'DISTRITO')":{"('0118-D-2017', 0)":"TUCUMAN","('0118-D-2017', 1)":null},"('Firmantes', 'BLOQUE')":{"('0118-D-2017', 0)":"FRENTE PARA LA VICTORIA - PJ","('0118-D-2017', 1)":null},"('Giros', 'COMISI\u00d3N')":{"('0118-D-2017', 0)":"RECURSOS NATURALES Y CONSERVACION DEL AMBIENTE HUMANO","('0118-D-2017', 1)":"LEGISLACION GENERAL"},"Link":{"('0118-D-2017', 0)":"https:\/\/www.hcdn.gob.ar\/proyectos\/textoCompleto.jsp?exp=0118-D-2017&tipo=LEY","('0118-D-2017', 1)":null},"Palabra Clave":{"('0118-D-2017', 0)":" ","('0118-D-2017', 1)":null}}