{"Tipo de Proyecto":{"('0119-D-2017', 0)":"PROYECTO DE LEY","('0119-D-2017', 1)":null,"('0119-D-2017', 2)":null},"Iniciado en: ":{"('0119-D-2017', 0)":"Diputados","('0119-D-2017', 1)":null,"('0119-D-2017', 2)":null},"Expediente Diputados: ":{"('0119-D-2017', 0)":"0119-D-2017","('0119-D-2017', 1)":null,"('0119-D-2017', 2)":null},"Publicado en: ":{"('0119-D-2017', 0)":"Tr\u00e1mite Parlamentario N\u00b0 1","('0119-D-2017', 1)":null,"('0119-D-2017', 2)":null},"Fecha: ":{"('0119-D-2017', 0)":"01\/03\/2017","('0119-D-2017', 1)":null,"('0119-D-2017', 2)":null},"T\u00edtulo":{"('0119-D-2017', 0)":"PARARRAYOS: OBLIGATORIEDAD DE LA INSTALACION, MANTENIMIENTO Y FISCALIZACION DE SISTEMAS DE PROTECCION CONTRA RAYOS (REPRODUCCION DEL EXPEDIENTE 0527-D-15).","('0119-D-2017', 1)":null,"('0119-D-2017', 2)":null},"('Firmantes', 'FIRMANTE')":{"('0119-D-2017', 0)":"GALLARDO, MIRIAM GRACIELA","('0119-D-2017', 1)":null,"('0119-D-2017', 2)":null},"('Firmantes', 'DISTRITO')":{"('0119-D-2017', 0)":"TUCUMAN","('0119-D-2017', 1)":null,"('0119-D-2017', 2)":null},"('Firmantes', 'BLOQUE')":{"('0119-D-2017', 0)":"FRENTE PARA LA VICTORIA - PJ","('0119-D-2017', 1)":null,"('0119-D-2017', 2)":null},"('Giros', 'COMISI\u00d3N')":{"('0119-D-2017', 0)":"LEGISLACION GENERAL","('0119-D-2017', 1)":"RECURSOS NATURALES Y CONSERVACION DEL AMBIENTE HUMANO","('0119-D-2017', 2)":"PRESUPUESTO Y HACIENDA"},"Palabra Clave":{"('0119-D-2017', 0)":" ","('0119-D-2017', 1)":null,"('0119-D-2017', 2)":null}}