{"Tipo de Proyecto":{"('0120-D-2017', 0)":"PROYECTO DE RESOLUCI\u00d3N","('0120-D-2017', 1)":null,"('0120-D-2017', 2)":null},"Iniciado en: ":{"('0120-D-2017', 0)":"Diputados","('0120-D-2017', 1)":null,"('0120-D-2017', 2)":null},"Expediente Diputados: ":{"('0120-D-2017', 0)":"0120-D-2017","('0120-D-2017', 1)":null,"('0120-D-2017', 2)":null},"Publicado en: ":{"('0120-D-2017', 0)":"Tr\u00e1mite Parlamentario N\u00b0 1","('0120-D-2017', 1)":null,"('0120-D-2017', 2)":null},"Fecha: ":{"('0120-D-2017', 0)":"01\/03\/2017","('0120-D-2017', 1)":null,"('0120-D-2017', 2)":null},"T\u00edtulo":{"('0120-D-2017', 0)":"DECLARAR DE INTERES DE LA H. CAMARA EL DESCUBRIMIENTO DE LOS EFECTOS DEL ANTIBIOTICO \"DOXICICLINA\" SOBRE EL \"MAL DE PARKINSON\", POR PARTE DE LA DOCTORA ROSANA CHEIN INVESTIGADORA DEL \"CONICET\" Y A SU EQUIPO DE CIENTIFICOS TUCUMANOS.","('0120-D-2017', 1)":null,"('0120-D-2017', 2)":null},"('Firmantes', 'FIRMANTE')":{"('0120-D-2017', 0)":"GALLARDO, MIRIAM GRACIELA","('0120-D-2017', 1)":"SORAIRE, MIRTA ALICIA","('0120-D-2017', 2)":"CASTRO, SANDRA DANIELA"},"('Firmantes', 'DISTRITO')":{"('0120-D-2017', 0)":"TUCUMAN","('0120-D-2017', 1)":"TUCUMAN","('0120-D-2017', 2)":"SAN JUAN"},"('Firmantes', 'BLOQUE')":{"('0120-D-2017', 0)":"FRENTE PARA LA VICTORIA - PJ","('0120-D-2017', 1)":"FRENTE PARA LA VICTORIA - PJ","('0120-D-2017', 2)":"FRENTE PARA LA VICTORIA - PJ"},"('Giros', 'COMISI\u00d3N')":{"('0120-D-2017', 0)":"CIENCIA, TECNOLOGIA E INNOVACION PRODUCTIVA","('0120-D-2017', 1)":null,"('0120-D-2017', 2)":null},"('Tramites', 'C\u00c1MARA')":{"('0120-D-2017', 0)":"Diputados","('0120-D-2017', 1)":null,"('0120-D-2017', 2)":null},"('Tramites', 'MOVIMIENTO')":{"('0120-D-2017', 0)":"APROBACION ARTICULO 114 DEL REGLAMENTO DE LA H CAMARA DE DIPUTADOS; COMUNICADO EL 18\/04\/2017 CONJUNTAMENTE PARA LOS EXPEDIENTES 0120-D-2017 y 0270-D-2017","('0120-D-2017', 1)":null,"('0120-D-2017', 2)":null},"('Tramites', 'FECHA')":{"('0120-D-2017', 0)":null,"('0120-D-2017', 1)":null,"('0120-D-2017', 2)":null},"('Tramites', 'RESULTADO')":{"('0120-D-2017', 0)":"APROBADO","('0120-D-2017', 1)":null,"('0120-D-2017', 2)":null},"Link":{"('0120-D-2017', 0)":"https:\/\/www.hcdn.gob.ar\/proyectos\/textoCompleto.jsp?exp=0120-D-2017&tipo=RESOLUCION","('0120-D-2017', 1)":null,"('0120-D-2017', 2)":null},"Palabra Clave":{"('0120-D-2017', 0)":" ","('0120-D-2017', 1)":null,"('0120-D-2017', 2)":null}}