{"Tipo de Proyecto":{"('0120-OV-2017', 0)":"PROYECTO DE RESOLUCI\u00d3N"},"Iniciado en: ":{"('0120-OV-2017', 0)":"Senado"},"Expediente Senado: ":{"('0120-OV-2017', 0)":"0120-OV-2017"},"Fecha: ":{"('0120-OV-2017', 0)":"30\/11\/2017"},"T\u00edtulo":{"('0120-OV-2017', 0)":"PEDIDO DE INFORMES AL PODER EJECUTIVO SOBRE RESOLUCIONES REMITIDAS POR LA AUDITORIA GENERAL DE LA NACION 70\/17, QUE APRUEBA EL INFORME DEL AUDITOR INDEPENDIENTE , REFERIDO A LA AUDITORIA PRACTICADA SOBRE LOS ESTADOS CONTABLES DE LOTERIA NACIONAL SOCIEDAD DEL ESTADO, POR EL EJERCICIO FINALIZADO EL 31\/12\/2014 (0120-OV-17), Y 71\/17, QUE APRUEBA EL INFORME REFERIDO A LOS EJERCICIOS FINALIZADOS EL 31\/12\/2013 Y 31\/12\/2014 DE LOTERIA NACIONAL SOCIEDAD DEL ESTADO (0121-OV-17)."},"('Firmantes', 'FIRMANTE')":{"('0120-OV-2017', 0)":"PARLAMENTARIA MIXTA REVISORA DE CUENTAS"},"('Firmantes', 'DISTRITO')":{"('0120-OV-2017', 0)":null},"('Firmantes', 'BLOQUE')":{"('0120-OV-2017', 0)":null},"Link":{"('0120-OV-2017', 0)":"http:\/\/www.senado.gov.ar\/parlamentario\/comisiones\/verExp\/120.17\/OV\/PR"},"Palabra Clave":{"('0120-OV-2017', 0)":" "}}