{"Tipo de Proyecto":{"('0122-D-2017', 0)":"PROYECTO DE RESOLUCI\u00d3N"},"Iniciado en: ":{"('0122-D-2017', 0)":"Diputados"},"Expediente Diputados: ":{"('0122-D-2017', 0)":"0122-D-2017"},"Publicado en: ":{"('0122-D-2017', 0)":"Tr\u00e1mite Parlamentario N\u00b0 1"},"Fecha: ":{"('0122-D-2017', 0)":"01\/03\/2017"},"T\u00edtulo":{"('0122-D-2017', 0)":"DECLARAR DE INTERES DE LA H. CAMARA EL ITINERARIO GEOGRAFICO DEL GENERAL MANUEL BELGRANO DURANTE SU CAMPA\u00d1A AL PARAGUAY."},"('Firmantes', 'FIRMANTE')":{"('0122-D-2017', 0)":"GALLARDO, MIRIAM GRACIELA"},"('Firmantes', 'DISTRITO')":{"('0122-D-2017', 0)":"TUCUMAN"},"('Firmantes', 'BLOQUE')":{"('0122-D-2017', 0)":"FRENTE PARA LA VICTORIA - PJ"},"('Giros', 'COMISI\u00d3N')":{"('0122-D-2017', 0)":"CULTURA"},"Link":{"('0122-D-2017', 0)":"https:\/\/www.hcdn.gob.ar\/proyectos\/textoCompleto.jsp?exp=0122-D-2017&tipo=RESOLUCION"},"Palabra Clave":{"('0122-D-2017', 0)":" "}}