{"Tipo de Proyecto":{"('0124-S-2017', 0)":"MENSAJE NRO: 0128\/17 Y PROYECTO DE LEY","('0124-S-2017', 1)":null,"('0124-S-2017', 2)":null,"('0124-S-2017', 3)":null,"('0124-S-2017', 4)":null,"('0124-S-2017', 5)":null,"('0124-S-2017', 6)":null,"('0124-S-2017', 7)":null},"Iniciado en: ":{"('0124-S-2017', 0)":"Senado","('0124-S-2017', 1)":null,"('0124-S-2017', 2)":null,"('0124-S-2017', 3)":null,"('0124-S-2017', 4)":null,"('0124-S-2017', 5)":null,"('0124-S-2017', 6)":null,"('0124-S-2017', 7)":null},"Expediente Diputados: ":{"('0124-S-2017', 0)":"0124-S-2017","('0124-S-2017', 1)":null,"('0124-S-2017', 2)":null,"('0124-S-2017', 3)":null,"('0124-S-2017', 4)":null,"('0124-S-2017', 5)":null,"('0124-S-2017', 6)":null,"('0124-S-2017', 7)":null},"Expediente Senado: ":{"('0124-S-2017', 0)":"0390-PE-2017","('0124-S-2017', 1)":null,"('0124-S-2017', 2)":null,"('0124-S-2017', 3)":null,"('0124-S-2017', 4)":null,"('0124-S-2017', 5)":null,"('0124-S-2017', 6)":null,"('0124-S-2017', 7)":null},"Publicado en: ":{"('0124-S-2017', 0)":"Diario de Asuntos Entrados N\u00b0 217","('0124-S-2017', 1)":null,"('0124-S-2017', 2)":null,"('0124-S-2017', 3)":null,"('0124-S-2017', 4)":null,"('0124-S-2017', 5)":null,"('0124-S-2017', 6)":null,"('0124-S-2017', 7)":null},"Fecha: ":{"('0124-S-2017', 0)":"22\/11\/2017","('0124-S-2017', 1)":null,"('0124-S-2017', 2)":null,"('0124-S-2017', 3)":null,"('0124-S-2017', 4)":null,"('0124-S-2017', 5)":null,"('0124-S-2017', 6)":null,"('0124-S-2017', 7)":null},"T\u00edtulo":{"('0124-S-2017', 0)":"APROBACION DEL CONSENSO FISCAL SUSCRIPTO EL 16 DE NOVIEMBRE DE 2017 ENTRE EL ESTADO NACIONAL Y REPRESENTANTES DE LAS PROVINCIAS Y DE LA CIUDAD AUTONOMA DE BUENOS AIRES.","('0124-S-2017', 1)":null,"('0124-S-2017', 2)":null,"('0124-S-2017', 3)":null,"('0124-S-2017', 4)":null,"('0124-S-2017', 5)":null,"('0124-S-2017', 6)":null,"('0124-S-2017', 7)":null},"('Firmantes', 'FIRMANTE')":{"('0124-S-2017', 0)":"MACRI, MAURICIO","('0124-S-2017', 1)":"PE\u00d1A, MARCOS","('0124-S-2017', 2)":"DUJOVNE, NICOLAS","('0124-S-2017', 3)":null,"('0124-S-2017', 4)":null,"('0124-S-2017', 5)":null,"('0124-S-2017', 6)":null,"('0124-S-2017', 7)":null},"('Firmantes', 'DISTRITO')":{"('0124-S-2017', 0)":null,"('0124-S-2017', 1)":null,"('0124-S-2017', 2)":null,"('0124-S-2017', 3)":null,"('0124-S-2017', 4)":null,"('0124-S-2017', 5)":null,"('0124-S-2017', 6)":null,"('0124-S-2017', 7)":null},"('Firmantes', 'BLOQUE')":{"('0124-S-2017', 0)":"PODER EJECUTIVO","('0124-S-2017', 1)":"PODER EJECUTIVO","('0124-S-2017', 2)":"PODER EJECUTIVO","('0124-S-2017', 3)":null,"('0124-S-2017', 4)":null,"('0124-S-2017', 5)":null,"('0124-S-2017', 6)":null,"('0124-S-2017', 7)":null},"('Giros', 'COMISI\u00d3N')":{"('0124-S-2017', 0)":"PRESUPUESTO Y HACIENDA","('0124-S-2017', 1)":null,"('0124-S-2017', 2)":null,"('0124-S-2017', 3)":null,"('0124-S-2017', 4)":null,"('0124-S-2017', 5)":null,"('0124-S-2017', 6)":null,"('0124-S-2017', 7)":null},"('Tramites', 'C\u00c1MARA')":{"('0124-S-2017', 0)":"Senado","('0124-S-2017', 1)":"Senado","('0124-S-2017', 2)":"Senado","('0124-S-2017', 3)":"Senado","('0124-S-2017', 4)":"Diputados","('0124-S-2017', 5)":"Diputados","('0124-S-2017', 6)":"Diputados","('0124-S-2017', 7)":"Diputados"},"('Tramites', 'MOVIMIENTO')":{"('0124-S-2017', 0)":"MOCION CAMBIO DE GIRO (NEGATIVA)","('0124-S-2017', 1)":"MOCION SOBRE TABLAS (AFIRMATIVA)","('0124-S-2017', 2)":"CONSIDERACION Y APROBACION","('0124-S-2017', 3)":"INSERCIONES","('0124-S-2017', 4)":"PASA A DIPUTADOS -","('0124-S-2017', 5)":"CITACION SESION ESPECIAL","('0124-S-2017', 6)":"CONSIDERACION Y SANCION","('0124-S-2017', 7)":"INSERCIONES"},"('Tramites', 'FECHA')":{"('0124-S-2017', 0)":"29\/11\/2017","('0124-S-2017', 1)":"29\/11\/2017","('0124-S-2017', 2)":"29\/11\/2017","('0124-S-2017', 3)":"29\/11\/2017","('0124-S-2017', 4)":null,"('0124-S-2017', 5)":"21\/12\/2017","('0124-S-2017', 6)":"21\/12\/2017","('0124-S-2017', 7)":"21\/12\/2017"},"('Tramites', 'RESULTADO')":{"('0124-S-2017', 0)":null,"('0124-S-2017', 1)":null,"('0124-S-2017', 2)":"MEDIA SANCION","('0124-S-2017', 3)":null,"('0124-S-2017', 4)":null,"('0124-S-2017', 5)":null,"('0124-S-2017', 6)":"SANCIONADO","('0124-S-2017', 7)":null},"Sumario":{"('0124-S-2017', 0)":"I-COMPROMISOS COMUNES: LEY DE RESPONSABILIDAD FISCAL; MODIFICACION DE LA LEY DE IMPUESTO A LAS GANANCIAS; PRESUPUESTO 2018; LEY DE REVALUO IMPOSITIVO; IMPUESTO SOBRE LOS DEBITOS Y CREDITOS EN CUENTAS BANCARIAS Y OTRAS OPERATORIAS; ASIGNACIONES ESPECIFICAS; REFORMULACION DEL ESQUEMA DE IMPOSICION SOBRE LOS COMBUSTIBLES; REGIMEN PREVISIONAL; NUEVA LEY DE COPARTICIPACION FEDERAL DE IMPUESTOS; NUEVA LEY DE MODERNIZACION DEL ESTADO; COMPROMISO DE COMPENSACIONES MUTUAS. II-COMPROMISOS ASUMIDOS POR EL ESTADO NACIONAL: COMPENSACIONES A PROVINCIAS; A LA PROVINCIA DE BUENOS AIRES RELACIONADA CON EL FONDO DEL CONURBANO BONAERENSE; PARTICIPACION DE LA CIUDAD AUTONOMA DE BUENOS AIRES; FONDO FEDERAL SOLIDARIO; PRECOPARTICIPACION CON DESTINO A LA ANSES; CAJAS PREVISIONALES PROVINCIALES NO TRANSFERIDAS; SUBSIDIOS DIFERENCIALES AL AREA METROPOLITANA DE BUENOS AIRES; PROGRAMAS DE RETIRO; DETERMINACION DEL VALOR FISCAL DE LOS BIENES INMUEBLES. III-COMPROMISOS ASUMIDOS POR LAS PROVINCIAS Y LA CIUDAD AUTONOMA DE BUENOS AIRES: IMPUESTO SOBRE LOS INGRESOS BRUTOS; IMPUESTO INMOBILIARIO; IMPUESTO A LOS SELLOS; TRIBUTOS SOBRE LA NOMINA SALARIAL; MUNICIPIOS; TRIBUTOS ESPECIFICOS; PROCESOS JUDICIALES, ASIGNACIONES ESPECIFICAS. IV-PLAZO SUPLETORIO DE CUMPLIMIENTO. V-SUSPENSION DE LOS PLAZOS DEL PACTO FISCAL II. VI-IMPLEMENTACION. ANEXO I.                                                              ANEXO II.","('0124-S-2017', 1)":null,"('0124-S-2017', 2)":null,"('0124-S-2017', 3)":null,"('0124-S-2017', 4)":null,"('0124-S-2017', 5)":null,"('0124-S-2017', 6)":null,"('0124-S-2017', 7)":null},"Palabra Clave":{"('0124-S-2017', 0)":" ","('0124-S-2017', 1)":null,"('0124-S-2017', 2)":null,"('0124-S-2017', 3)":null,"('0124-S-2017', 4)":null,"('0124-S-2017', 5)":null,"('0124-S-2017', 6)":null,"('0124-S-2017', 7)":null}}