{"Tipo de Proyecto":{"('0125-S-2017', 0)":"PROYECTO DE LEY","('0125-S-2017', 1)":null,"('0125-S-2017', 2)":null,"('0125-S-2017', 3)":null,"('0125-S-2017', 4)":null,"('0125-S-2017', 5)":null},"Iniciado en: ":{"('0125-S-2017', 0)":"Senado","('0125-S-2017', 1)":null,"('0125-S-2017', 2)":null,"('0125-S-2017', 3)":null,"('0125-S-2017', 4)":null,"('0125-S-2017', 5)":null},"Expediente Diputados: ":{"('0125-S-2017', 0)":"0125-S-2017","('0125-S-2017', 1)":null,"('0125-S-2017', 2)":null,"('0125-S-2017', 3)":null,"('0125-S-2017', 4)":null,"('0125-S-2017', 5)":null},"Expediente Senado: ":{"('0125-S-2017', 0)":"3971-S-2017","('0125-S-2017', 1)":null,"('0125-S-2017', 2)":null,"('0125-S-2017', 3)":null,"('0125-S-2017', 4)":null,"('0125-S-2017', 5)":null},"Fecha: ":{"('0125-S-2017', 0)":"14\/09\/2017","('0125-S-2017', 1)":null,"('0125-S-2017', 2)":null,"('0125-S-2017', 3)":null,"('0125-S-2017', 4)":null,"('0125-S-2017', 5)":null},"T\u00edtulo":{"('0125-S-2017', 0)":"INCORPORAR COMO PROPIO EL PROYECTO DE LEY QUE CREA EL REGIMEN FEDERAL DE RESPONSABILIDAD FISCAL Y BUENAS PRACTICAS DE GOBIERNO ENVIADO POR EL MINISTRO DE HACIENDA - PRESIDENTE DEL CONSEJO DE RESPONSABILIDAD FISCAL, NICOLAS DUJOVNE.","('0125-S-2017', 1)":null,"('0125-S-2017', 2)":null,"('0125-S-2017', 3)":null,"('0125-S-2017', 4)":null,"('0125-S-2017', 5)":null},"('Firmantes', 'FIRMANTE')":{"('0125-S-2017', 0)":"ROZAS, ANGEL","('0125-S-2017', 1)":"PINEDO, FEDERICO","('0125-S-2017', 2)":null,"('0125-S-2017', 3)":null,"('0125-S-2017', 4)":null,"('0125-S-2017', 5)":null},"('Firmantes', 'DISTRITO')":{"('0125-S-2017', 0)":"CHACO","('0125-S-2017', 1)":"CIUDAD de BUENOS AIRES","('0125-S-2017', 2)":null,"('0125-S-2017', 3)":null,"('0125-S-2017', 4)":null,"('0125-S-2017', 5)":null},"('Firmantes', 'BLOQUE')":{"('0125-S-2017', 0)":"UCR","('0125-S-2017', 1)":"FRENTE PRO","('0125-S-2017', 2)":null,"('0125-S-2017', 3)":null,"('0125-S-2017', 4)":null,"('0125-S-2017', 5)":null},"('Giros', 'COMISI\u00d3N')":{"('0125-S-2017', 0)":"PRESUPUESTO Y HACIENDA","('0125-S-2017', 1)":null,"('0125-S-2017', 2)":null,"('0125-S-2017', 3)":null,"('0125-S-2017', 4)":null,"('0125-S-2017', 5)":null},"('Tramites', 'C\u00c1MARA')":{"('0125-S-2017', 0)":"Senado","('0125-S-2017', 1)":"Senado","('0125-S-2017', 2)":"Diputados","('0125-S-2017', 3)":"Diputados","('0125-S-2017', 4)":"Diputados","('0125-S-2017', 5)":"Diputados"},"('Tramites', 'MOVIMIENTO')":{"('0125-S-2017', 0)":"MOCION SOBRE TABLAS (AFIRMATIVA)","('0125-S-2017', 1)":"CONSIDERACION Y APROBACION","('0125-S-2017', 2)":"PASA A DIPUTADOS -","('0125-S-2017', 3)":"CITACION SESION ESPECIAL","('0125-S-2017', 4)":"CONSIDERACION Y SANCION","('0125-S-2017', 5)":"INSERCIONES"},"('Tramites', 'FECHA')":{"('0125-S-2017', 0)":"29\/11\/2017","('0125-S-2017', 1)":"29\/11\/2017","('0125-S-2017', 2)":null,"('0125-S-2017', 3)":"21\/12\/2017","('0125-S-2017', 4)":"21\/12\/2017","('0125-S-2017', 5)":"21\/12\/2017"},"('Tramites', 'RESULTADO')":{"('0125-S-2017', 0)":null,"('0125-S-2017', 1)":"MEDIA SANCION","('0125-S-2017', 2)":null,"('0125-S-2017', 3)":null,"('0125-S-2017', 4)":"SANCIONADO","('0125-S-2017', 5)":null},"Sumario":{"('0125-S-2017', 0)":"REGIMEN FEDERAL DE RESPONSABILIDAD FISCAL Y BUENAS PRACTICAS DE GOBIERNO (0331-OV-17): LEY 25917: SUSTITUCION DE LOS ARTICULOS 2, 3, 6, 7, 8, 9, 10, 12, 19, 21, 22, 25, 32, 33, 34; INCORPORACION DE ARTICULOS 10 BIS, 10 TER, 10 QUATER, 15 BIS, 18 BIS Y 31 BIS; SUSTITUCION DEL EPIGRAFE DEL CAPITULO II \"GASTO PUBLICO\" POR EL DE \"REGLAS CUANTITATIVAS\"; DEROGACION DEL ULTIMO PARRAFO DEL ARTICULO 15, EL ARTICULO 24, EL ARTICULO 36, Y LAS DENOMINACIONES \"CAPITULO III INGRESOS PUBLICOS\", \"CAPITULO IV EQUILIBRIO FINANCIERO\", CAPITULO V ENDEUDAMIENTO\" Y CAPITULO VIII DISPOSICIONES TRANSITORIAS\"; RENUMERACION DE LOS CAPITULOS VI Y VII COMO CAPITULOS III Y IV.","('0125-S-2017', 1)":null,"('0125-S-2017', 2)":null,"('0125-S-2017', 3)":null,"('0125-S-2017', 4)":null,"('0125-S-2017', 5)":null},"Palabra Clave":{"('0125-S-2017', 0)":" ","('0125-S-2017', 1)":null,"('0125-S-2017', 2)":null,"('0125-S-2017', 3)":null,"('0125-S-2017', 4)":null,"('0125-S-2017', 5)":null}}