{"Tipo de Proyecto":{"('0126-S-2017', 0)":"PROYECTO DE RESOLUCI\u00d3N","('0126-S-2017', 1)":null,"('0126-S-2017', 2)":null,"('0126-S-2017', 3)":null,"('0126-S-2017', 4)":null,"('0126-S-2017', 5)":null,"('0126-S-2017', 6)":null},"Iniciado en: ":{"('0126-S-2017', 0)":"Senado","('0126-S-2017', 1)":null,"('0126-S-2017', 2)":null,"('0126-S-2017', 3)":null,"('0126-S-2017', 4)":null,"('0126-S-2017', 5)":null,"('0126-S-2017', 6)":null},"Expediente Diputados: ":{"('0126-S-2017', 0)":"0126-S-2017","('0126-S-2017', 1)":null,"('0126-S-2017', 2)":null,"('0126-S-2017', 3)":null,"('0126-S-2017', 4)":null,"('0126-S-2017', 5)":null,"('0126-S-2017', 6)":null},"Expediente Senado: ":{"('0126-S-2017', 0)":"4551-S-2017","('0126-S-2017', 1)":null,"('0126-S-2017', 2)":null,"('0126-S-2017', 3)":null,"('0126-S-2017', 4)":null,"('0126-S-2017', 5)":null,"('0126-S-2017', 6)":null},"Fecha: ":{"('0126-S-2017', 0)":"28\/11\/2017","('0126-S-2017', 1)":null,"('0126-S-2017', 2)":null,"('0126-S-2017', 3)":null,"('0126-S-2017', 4)":null,"('0126-S-2017', 5)":null,"('0126-S-2017', 6)":null},"T\u00edtulo":{"('0126-S-2017', 0)":"ELEVAR RESOLUCION PROPONIENDO A VARIOS LEGISLADORES EN CALIDAD DE REFERENTES PARLAMENTARIOS COMO INTEGRANTES DEL COMITE DE LUCHA CONTRA LA TORTURA.","('0126-S-2017', 1)":null,"('0126-S-2017', 2)":null,"('0126-S-2017', 3)":null,"('0126-S-2017', 4)":null,"('0126-S-2017', 5)":null,"('0126-S-2017', 6)":null},"('Firmantes', 'FIRMANTE')":{"('0126-S-2017', 0)":"BICAMERAL DE LA DEFENSORIA DEL PUEBLO","('0126-S-2017', 1)":null,"('0126-S-2017', 2)":null,"('0126-S-2017', 3)":null,"('0126-S-2017', 4)":null,"('0126-S-2017', 5)":null,"('0126-S-2017', 6)":null},"('Firmantes', 'DISTRITO')":{"('0126-S-2017', 0)":null,"('0126-S-2017', 1)":null,"('0126-S-2017', 2)":null,"('0126-S-2017', 3)":null,"('0126-S-2017', 4)":null,"('0126-S-2017', 5)":null,"('0126-S-2017', 6)":null},"('Firmantes', 'BLOQUE')":{"('0126-S-2017', 0)":null,"('0126-S-2017', 1)":null,"('0126-S-2017', 2)":null,"('0126-S-2017', 3)":null,"('0126-S-2017', 4)":null,"('0126-S-2017', 5)":null,"('0126-S-2017', 6)":null},"('Giros', 'COMISI\u00d3N')":{"('0126-S-2017', 0)":"BICAMERAL DE LA DEFENSORIA DEL PUEBLO","('0126-S-2017', 1)":null,"('0126-S-2017', 2)":null,"('0126-S-2017', 3)":null,"('0126-S-2017', 4)":null,"('0126-S-2017', 5)":null,"('0126-S-2017', 6)":null},"('Tramites', 'C\u00c1MARA')":{"('0126-S-2017', 0)":"Senado","('0126-S-2017', 1)":"Senado","('0126-S-2017', 2)":"Senado","('0126-S-2017', 3)":"Diputados","('0126-S-2017', 4)":"Diputados","('0126-S-2017', 5)":"Diputados","('0126-S-2017', 6)":"Diputados"},"('Tramites', 'MOVIMIENTO')":{"('0126-S-2017', 0)":"MOCION SOBRE TABLAS (AFIRMATIVA)","('0126-S-2017', 1)":"CONSIDERACION Y APROBACION","('0126-S-2017', 2)":"INSERCIONES","('0126-S-2017', 3)":"PASA A DIPUTADOS -","('0126-S-2017', 4)":"MANIFESTACIONES","('0126-S-2017', 5)":"CITACION SESION ESPECIAL","('0126-S-2017', 6)":"CONSIDERACION Y APROBACION"},"('Tramites', 'FECHA')":{"('0126-S-2017', 0)":"29\/11\/2017","('0126-S-2017', 1)":"29\/11\/2017","('0126-S-2017', 2)":"29\/11\/2017","('0126-S-2017', 3)":null,"('0126-S-2017', 4)":"14\/12\/2017","('0126-S-2017', 5)":"18\/12\/2017","('0126-S-2017', 6)":"19\/12\/2017"},"('Tramites', 'RESULTADO')":{"('0126-S-2017', 0)":null,"('0126-S-2017', 1)":"APROBADO","('0126-S-2017', 2)":null,"('0126-S-2017', 3)":null,"('0126-S-2017', 4)":null,"('0126-S-2017', 5)":null,"('0126-S-2017', 6)":"APROBADO"},"Sumario":{"('0126-S-2017', 0)":"SE\u00d1OR JUAN MANUEL IRRAZABAL, SE\u00d1ORA MARIA LAURA LEGUIZAMON, SE\u00d1ORA ROCIO ALCONADA ALFONSIN, SE\u00d1OR ALEX ROBERTO ZIEGLER, SE\u00d1OR MARCELO D'AGOSTINO, SE\u00d1ORA DIANA CONTI.","('0126-S-2017', 1)":null,"('0126-S-2017', 2)":null,"('0126-S-2017', 3)":null,"('0126-S-2017', 4)":null,"('0126-S-2017', 5)":null,"('0126-S-2017', 6)":null},"Palabra Clave":{"('0126-S-2017', 0)":" ","('0126-S-2017', 1)":null,"('0126-S-2017', 2)":null,"('0126-S-2017', 3)":null,"('0126-S-2017', 4)":null,"('0126-S-2017', 5)":null,"('0126-S-2017', 6)":null}}