{"Tipo de Proyecto":{"('0126-D-2017', 0)":"PROYECTO DE LEY","('0126-D-2017', 1)":null,"('0126-D-2017', 2)":null},"Iniciado en: ":{"('0126-D-2017', 0)":"Diputados","('0126-D-2017', 1)":null,"('0126-D-2017', 2)":null},"Expediente Diputados: ":{"('0126-D-2017', 0)":"0126-D-2017","('0126-D-2017', 1)":null,"('0126-D-2017', 2)":null},"Publicado en: ":{"('0126-D-2017', 0)":"Tr\u00e1mite Parlamentario N\u00b0 1","('0126-D-2017', 1)":null,"('0126-D-2017', 2)":null},"Fecha: ":{"('0126-D-2017', 0)":"01\/03\/2017","('0126-D-2017', 1)":null,"('0126-D-2017', 2)":null},"T\u00edtulo":{"('0126-D-2017', 0)":"CENTRO DE ATENCION TELEFONICA DENOMINADO \"CENTRO DEL ADULTO MAYOR\". CREACION.","('0126-D-2017', 1)":null,"('0126-D-2017', 2)":null},"('Firmantes', 'FIRMANTE')":{"('0126-D-2017', 0)":"KRONEBERGER, DANIEL RICARDO","('0126-D-2017', 1)":null,"('0126-D-2017', 2)":null},"('Firmantes', 'DISTRITO')":{"('0126-D-2017', 0)":"LA PAMPA","('0126-D-2017', 1)":null,"('0126-D-2017', 2)":null},"('Firmantes', 'BLOQUE')":{"('0126-D-2017', 0)":"UCR","('0126-D-2017', 1)":null,"('0126-D-2017', 2)":null},"('Giros', 'COMISI\u00d3N')":{"('0126-D-2017', 0)":"DE LAS PERSONAS MAYORES","('0126-D-2017', 1)":"COMUNICACIONES E INFORMATICA","('0126-D-2017', 2)":"PRESUPUESTO Y HACIENDA"},"('Tramites', 'C\u00c1MARA')":{"('0126-D-2017', 0)":"Diputados","('0126-D-2017', 1)":null,"('0126-D-2017', 2)":null},"('Tramites', 'MOVIMIENTO')":{"('0126-D-2017', 0)":"REPRODUCIDO POR EXPEDIENTE 168O-D-19","('0126-D-2017', 1)":null,"('0126-D-2017', 2)":null},"('Tramites', 'FECHA')":{"('0126-D-2017', 0)":null,"('0126-D-2017', 1)":null,"('0126-D-2017', 2)":null},"('Tramites', 'RESULTADO')":{"('0126-D-2017', 0)":null,"('0126-D-2017', 1)":null,"('0126-D-2017', 2)":null},"Link":{"('0126-D-2017', 0)":"https:\/\/www.hcdn.gob.ar\/proyectos\/textoCompleto.jsp?exp=0126-D-2017&tipo=LEY","('0126-D-2017', 1)":null,"('0126-D-2017', 2)":null},"Palabra Clave":{"('0126-D-2017', 0)":" ","('0126-D-2017', 1)":null,"('0126-D-2017', 2)":null}}