{"Tipo de Proyecto":{"('0129-D-2017', 0)":"PROYECTO DE LEY","('0129-D-2017', 1)":null},"Iniciado en: ":{"('0129-D-2017', 0)":"Diputados","('0129-D-2017', 1)":null},"Expediente Diputados: ":{"('0129-D-2017', 0)":"0129-D-2017","('0129-D-2017', 1)":null},"Publicado en: ":{"('0129-D-2017', 0)":"Tr\u00e1mite Parlamentario N\u00b0 1","('0129-D-2017', 1)":null},"Fecha: ":{"('0129-D-2017', 0)":"01\/03\/2017","('0129-D-2017', 1)":null},"T\u00edtulo":{"('0129-D-2017', 0)":"OBLIGATORIEDAD DE INSTALAR CAMARAS DE CIRCUITO CERRADO DE TELEVISION EN TODOS LOS ESTABLECIMIENTOS GERIATRICOS, JARDINES MATERNALES Y CENTROS DE DESARROLLO INFANTIL.","('0129-D-2017', 1)":null},"('Firmantes', 'FIRMANTE')":{"('0129-D-2017', 0)":"KRONEBERGER, DANIEL RICARDO","('0129-D-2017', 1)":null},"('Firmantes', 'DISTRITO')":{"('0129-D-2017', 0)":"LA PAMPA","('0129-D-2017', 1)":null},"('Firmantes', 'BLOQUE')":{"('0129-D-2017', 0)":"UCR","('0129-D-2017', 1)":null},"('Giros', 'COMISI\u00d3N')":{"('0129-D-2017', 0)":"SEGURIDAD INTERIOR","('0129-D-2017', 1)":"PRESUPUESTO Y HACIENDA"},"('Tramites', 'C\u00c1MARA')":{"('0129-D-2017', 0)":"Diputados","('0129-D-2017', 1)":null},"('Tramites', 'MOVIMIENTO')":{"('0129-D-2017', 0)":"REPRODUCIDO POR EXPEDIENTE 1683-D-19","('0129-D-2017', 1)":null},"('Tramites', 'FECHA')":{"('0129-D-2017', 0)":null,"('0129-D-2017', 1)":null},"('Tramites', 'RESULTADO')":{"('0129-D-2017', 0)":null,"('0129-D-2017', 1)":null},"Link":{"('0129-D-2017', 0)":"https:\/\/www.hcdn.gob.ar\/proyectos\/textoCompleto.jsp?exp=0129-D-2017&tipo=LEY","('0129-D-2017', 1)":null},"Palabra Clave":{"('0129-D-2017', 0)":" ","('0129-D-2017', 1)":null}}