{"Tipo de Proyecto":{"('0129-S-2017', 0)":"PROYECTO DE DECLARACI\u00d3N","('0129-S-2017', 1)":null},"Iniciado en: ":{"('0129-S-2017', 0)":"Senado","('0129-S-2017', 1)":null},"Expediente Senado: ":{"('0129-S-2017', 0)":"0129-S-2017","('0129-S-2017', 1)":null},"Publicado en: ":{"('0129-S-2017', 0)":"Diario de Asuntos Entrados N\u00b0 7","('0129-S-2017', 1)":null},"Fecha: ":{"('0129-S-2017', 0)":"03\/03\/2017","('0129-S-2017', 1)":null},"T\u00edtulo":{"('0129-S-2017', 0)":"RECHAZAR LOS VUELOS MILITARES DESDE BRASIL A LAS ISLAS MALVINAS, POR PARTE DE AERONAVES DE LA FUERZA AEREA REAL BRITANICA DURANTE LOS A\u00d1OS 2015 Y 2016 Y OTRAS CUESTIONES CONEXAS.","('0129-S-2017', 1)":null},"('Firmantes', 'FIRMANTE')":{"('0129-S-2017', 0)":"ROZAS, ANGEL","('0129-S-2017', 1)":null},"('Firmantes', 'DISTRITO')":{"('0129-S-2017', 0)":"CHACO","('0129-S-2017', 1)":null},"('Firmantes', 'BLOQUE')":{"('0129-S-2017', 0)":"UCR","('0129-S-2017', 1)":null},"('Tramites', 'C\u00c1MARA')":{"('0129-S-2017', 0)":"Senado","('0129-S-2017', 1)":"Senado"},"('Tramites', 'MOVIMIENTO')":{"('0129-S-2017', 0)":"MOCION SOBRE TABLAS (AFIRMATIVA) CONJUNTAMENTE PARA LOS EXPEDIENTES 0129-S-2017, 0315-S-2017, 0385-S-2017 y 0593-S-2017","('0129-S-2017', 1)":"CONSIDERACION Y APROBACION (TEXTO UNIFICADO) CONJUNTAMENTE PARA LOS EXPEDIENTES 0129-S-2017, 0315-S-2017, 0385-S-2017 y 0593-S-2017"},"('Tramites', 'FECHA')":{"('0129-S-2017', 0)":"29\/03\/2017","('0129-S-2017', 1)":"29\/03\/2017"},"('Tramites', 'RESULTADO')":{"('0129-S-2017', 0)":null,"('0129-S-2017', 1)":"APROBADO"},"Link":{"('0129-S-2017', 0)":"http:\/\/www.senado.gov.ar\/parlamentario\/comisiones\/verExp\/129.17\/S\/PD","('0129-S-2017', 1)":null},"Palabra Clave":{"('0129-S-2017', 0)":" ","('0129-S-2017', 1)":null}}