{"Tipo de Proyecto":{"('0130-S-2017', 0)":"PROYECTO DE DECLARACI\u00d3N"},"Iniciado en: ":{"('0130-S-2017', 0)":"Senado"},"Expediente Senado: ":{"('0130-S-2017', 0)":"0130-S-2017"},"Publicado en: ":{"('0130-S-2017', 0)":"Diario de Asuntos Entrados N\u00b0 7"},"Fecha: ":{"('0130-S-2017', 0)":"03\/03\/2017"},"T\u00edtulo":{"('0130-S-2017', 0)":"EXPRESANDO PESAR POR EL FALLECIMIENTO DEL SE\u00d1OR ANTONIO \"PACHECO\" BERHONGARAY, DIRIGENTE RADICAL PAMPEANO, OCURRIDO EL 23 DE FEBRERO 2017."},"('Firmantes', 'FIRMANTE')":{"('0130-S-2017', 0)":"CASTILLO, OSCAR ANIBAL"},"('Firmantes', 'DISTRITO')":{"('0130-S-2017', 0)":"CATAMARCA"},"('Firmantes', 'BLOQUE')":{"('0130-S-2017', 0)":"FRENTE CIVICO Y SOCIAL DE CATAMARCA"},"('Tramites', 'C\u00c1MARA')":{"('0130-S-2017', 0)":"Senado"},"('Tramites', 'MOVIMIENTO')":{"('0130-S-2017', 0)":"CONSIDERACION Y APROBACION"},"('Tramites', 'FECHA')":{"('0130-S-2017', 0)":"29\/11\/2017"},"('Tramites', 'RESULTADO')":{"('0130-S-2017', 0)":"APROBADO"},"Link":{"('0130-S-2017', 0)":"http:\/\/www.senado.gov.ar\/parlamentario\/comisiones\/verExp\/130.17\/S\/PD"},"Palabra Clave":{"('0130-S-2017', 0)":" "}}