{"Tipo de Proyecto":{"('0131-S-2017', 0)":"PROYECTO DE LEY","('0131-S-2017', 1)":null},"Iniciado en: ":{"('0131-S-2017', 0)":"Senado","('0131-S-2017', 1)":null},"Expediente Diputados: ":{"('0131-S-2017', 0)":"0131-S-2017","('0131-S-2017', 1)":null},"Expediente Senado: ":{"('0131-S-2017', 0)":"4377-S-2016","('0131-S-2017', 1)":null},"Publicado en: ":{"('0131-S-2017', 0)":"Diario de Asuntos Entrados N\u00b0 221","('0131-S-2017', 1)":null},"Fecha: ":{"('0131-S-2017', 0)":"03\/11\/2016","('0131-S-2017', 1)":null},"T\u00edtulo":{"('0131-S-2017', 0)":"MODIFICACION EL ARTICULO 46 DE LA LEY 17418 (SEGUROS), RESPECTO DEL PLAZO PARA LA COMUNICACION DEL SINIESTRO.\n","('0131-S-2017', 1)":null},"('Firmantes', 'FIRMANTE')":{"('0131-S-2017', 0)":"NEGRE DE ALONSO, LILIANA T.","('0131-S-2017', 1)":"RODRIGUEZ SAA, ADOLFO"},"('Firmantes', 'DISTRITO')":{"('0131-S-2017', 0)":"SAN LUIS","('0131-S-2017', 1)":"SAN LUIS"},"('Firmantes', 'BLOQUE')":{"('0131-S-2017', 0)":"JUSTICIALISTA SAN LUIS","('0131-S-2017', 1)":"JUSTICIALISTA SAN LUIS"},"('Giros', 'COMISI\u00d3N')":{"('0131-S-2017', 0)":"ECONOMIA","('0131-S-2017', 1)":"LEGISLACION GENERAL"},"('Tramites', 'C\u00c1MARA')":{"('0131-S-2017', 0)":"Senado","('0131-S-2017', 1)":"Diputados"},"('Tramites', 'MOVIMIENTO')":{"('0131-S-2017', 0)":"CONSIDERACION Y APROBACION CONJUNTAMENTE PARA LOS EXPEDIENTES 3833-S-2016, 0131-S-2017 y 4377-S-2016","('0131-S-2017', 1)":"PASA A DIPUTADOS - CONJUNTAMENTE PARA LOS EXPEDIENTES 3833-S-2016, 0131-S-2017 y 4377-S-2016"},"('Tramites', 'FECHA')":{"('0131-S-2017', 0)":"29\/11\/2017","('0131-S-2017', 1)":null},"('Tramites', 'RESULTADO')":{"('0131-S-2017', 0)":"MEDIA SANCION","('0131-S-2017', 1)":null},"Link":{"('0131-S-2017', 0)":"http:\/\/www.senado.gov.ar\/parlamentario\/comisiones\/verExp\/4377.16\/S\/PL","('0131-S-2017', 1)":null},"Palabra Clave":{"('0131-S-2017', 0)":" ","('0131-S-2017', 1)":null}}