{"Tipo de Proyecto":{"('0131-D-2017', 0)":"PROYECTO DE RESOLUCI\u00d3N","('0131-D-2017', 1)":null,"('0131-D-2017', 2)":null,"('0131-D-2017', 3)":null},"Iniciado en: ":{"('0131-D-2017', 0)":"Diputados","('0131-D-2017', 1)":null,"('0131-D-2017', 2)":null,"('0131-D-2017', 3)":null},"Expediente Diputados: ":{"('0131-D-2017', 0)":"0131-D-2017","('0131-D-2017', 1)":null,"('0131-D-2017', 2)":null,"('0131-D-2017', 3)":null},"Publicado en: ":{"('0131-D-2017', 0)":"Tr\u00e1mite Parlamentario N\u00b0 1","('0131-D-2017', 1)":null,"('0131-D-2017', 2)":null,"('0131-D-2017', 3)":null},"Fecha: ":{"('0131-D-2017', 0)":"01\/03\/2017","('0131-D-2017', 1)":null,"('0131-D-2017', 2)":null,"('0131-D-2017', 3)":null},"T\u00edtulo":{"('0131-D-2017', 0)":"PEDIDO DE INFORMES VERBALES AL SE\u00d1OR JEFE DE GABINETE DE MINISTROS, MARCOS PE\u00d1A; AL SE\u00d1OR MINISTRO DE TRANSPORTES DE LA NACION, GUILLERMO DIETRICH, Y AL SE\u00d1OR PRESIDENTE DE LA NACION, MAURICIO MACRI, SOBRE LAS IRREGULARIDADES E INCOMPATIBILIDADES QUE EXISTEN EN EL OTORGAMIENTO DE RUTAS AEROCOMERCIALES A LA EMPRESA \"AVIANCA\". ","('0131-D-2017', 1)":null,"('0131-D-2017', 2)":null,"('0131-D-2017', 3)":null},"('Firmantes', 'FIRMANTE')":{"('0131-D-2017', 0)":"PITROLA, NESTOR ANTONIO","('0131-D-2017', 1)":"LOPEZ, PABLO SEBASTIAN","('0131-D-2017', 2)":"SOSA, SOLEDAD","('0131-D-2017', 3)":"ARGUMEDO, ALCIRA SUSANA"},"('Firmantes', 'DISTRITO')":{"('0131-D-2017', 0)":"BUENOS AIRES","('0131-D-2017', 1)":"SALTA","('0131-D-2017', 2)":"MENDOZA","('0131-D-2017', 3)":"CIUDAD de BUENOS AIRES"},"('Firmantes', 'BLOQUE')":{"('0131-D-2017', 0)":"FRENTE DE IZQUIERDA Y DE LOS TRABAJADORES","('0131-D-2017', 1)":"FRENTE DE IZQUIERDA Y DE LOS TRABAJADORES","('0131-D-2017', 2)":"FRENTE DE IZQUIERDA Y DE LOS TRABAJADORES","('0131-D-2017', 3)":"PROYECTO SUR - UNEN"},"('Giros', 'COMISI\u00d3N')":{"('0131-D-2017', 0)":"TRANSPORTES","('0131-D-2017', 1)":"ASUNTOS CONSTITUCIONALES","('0131-D-2017', 2)":null,"('0131-D-2017', 3)":null},"('Tramites', 'C\u00c1MARA')":{"('0131-D-2017', 0)":"Diputados","('0131-D-2017', 1)":null,"('0131-D-2017', 2)":null,"('0131-D-2017', 3)":null},"('Tramites', 'MOVIMIENTO')":{"('0131-D-2017', 0)":"SOLICITUD DE SER COFIRMANTE DE LA DIPUTADA ARGUMEDO (A SUS ANTECEDENTES)","('0131-D-2017', 1)":null,"('0131-D-2017', 2)":null,"('0131-D-2017', 3)":null},"('Tramites', 'FECHA')":{"('0131-D-2017', 0)":null,"('0131-D-2017', 1)":null,"('0131-D-2017', 2)":null,"('0131-D-2017', 3)":null},"('Tramites', 'RESULTADO')":{"('0131-D-2017', 0)":null,"('0131-D-2017', 1)":null,"('0131-D-2017', 2)":null,"('0131-D-2017', 3)":null},"Link":{"('0131-D-2017', 0)":"https:\/\/www.hcdn.gob.ar\/proyectos\/textoCompleto.jsp?exp=0131-D-2017&tipo=RESOLUCION","('0131-D-2017', 1)":null,"('0131-D-2017', 2)":null,"('0131-D-2017', 3)":null},"Palabra Clave":{"('0131-D-2017', 0)":" ","('0131-D-2017', 1)":null,"('0131-D-2017', 2)":null,"('0131-D-2017', 3)":null}}