{"Tipo de Proyecto":{"('0133-OV-2017', 0)":"PROYECTO DE RESOLUCI\u00d3N"},"Iniciado en: ":{"('0133-OV-2017', 0)":"Senado"},"Expediente Senado: ":{"('0133-OV-2017', 0)":"0133-OV-2017"},"Fecha: ":{"('0133-OV-2017', 0)":"30\/11\/2017"},"T\u00edtulo":{"('0133-OV-2017', 0)":"PEDIDO DE INFORMES AL PODER EJECUTIVO SOBRE RESOLUCION REMITIDA POR LA AUDITORIA GENERAL DE LA NACION 76\/17, QUE APRUEBA EL INFORME DE AUDITORIA REFERIDO A LA ADMINISTRACION NACIONAL DE LA SEGURIDAD SOCIAL (ANSES) - PRESTACIONES ACTIVAS ATORGADAS POR LA ANSES, EN EL MARCO DEL SISTEMA INTEGRAL DE DESEMPLEO."},"('Firmantes', 'FIRMANTE')":{"('0133-OV-2017', 0)":"PARLAMENTARIA MIXTA REVISORA DE CUENTAS"},"('Firmantes', 'DISTRITO')":{"('0133-OV-2017', 0)":null},"('Firmantes', 'BLOQUE')":{"('0133-OV-2017', 0)":null},"Link":{"('0133-OV-2017', 0)":"http:\/\/www.senado.gov.ar\/parlamentario\/comisiones\/verExp\/133.17\/OV\/PR"},"Palabra Clave":{"('0133-OV-2017', 0)":" "}}