{"Tipo de Proyecto":{"('0135-S-2017', 0)":"PROYECTO DE RESOLUCI\u00d3N","('0135-S-2017', 1)":null,"('0135-S-2017', 2)":null,"('0135-S-2017', 3)":null,"('0135-S-2017', 4)":null,"('0135-S-2017', 5)":null,"('0135-S-2017', 6)":null,"('0135-S-2017', 7)":null},"Iniciado en: ":{"('0135-S-2017', 0)":"Senado","('0135-S-2017', 1)":null,"('0135-S-2017', 2)":null,"('0135-S-2017', 3)":null,"('0135-S-2017', 4)":null,"('0135-S-2017', 5)":null,"('0135-S-2017', 6)":null,"('0135-S-2017', 7)":null},"Expediente Senado: ":{"('0135-S-2017', 0)":"0135-S-2017","('0135-S-2017', 1)":null,"('0135-S-2017', 2)":null,"('0135-S-2017', 3)":null,"('0135-S-2017', 4)":null,"('0135-S-2017', 5)":null,"('0135-S-2017', 6)":null,"('0135-S-2017', 7)":null},"Publicado en: ":{"('0135-S-2017', 0)":"Diario de Asuntos Entrados N\u00b0 7","('0135-S-2017', 1)":null,"('0135-S-2017', 2)":null,"('0135-S-2017', 3)":null,"('0135-S-2017', 4)":null,"('0135-S-2017', 5)":null,"('0135-S-2017', 6)":null,"('0135-S-2017', 7)":null},"Fecha: ":{"('0135-S-2017', 0)":"03\/03\/2017","('0135-S-2017', 1)":null,"('0135-S-2017', 2)":null,"('0135-S-2017', 3)":null,"('0135-S-2017', 4)":null,"('0135-S-2017', 5)":null,"('0135-S-2017', 6)":null,"('0135-S-2017', 7)":null},"T\u00edtulo":{"('0135-S-2017', 0)":"CITAR A LA CANCILLER DO\u00d1A SUSANA MALCORRA, A FIN DE INFORMAR SOBRE LOS VUELOS MILITARES OPERADOS DURANTE 2016 POR LA REAL FUERZA AEREA BRITANICA ENTRE AEROPUERTOS BRASILE\u00d1OS Y LA BASE AEREA DE MONTE AGRADABLE, UBICADA EN LAS ISLAS MALVINAS","('0135-S-2017', 1)":null,"('0135-S-2017', 2)":null,"('0135-S-2017', 3)":null,"('0135-S-2017', 4)":null,"('0135-S-2017', 5)":null,"('0135-S-2017', 6)":null,"('0135-S-2017', 7)":null},"('Firmantes', 'FIRMANTE')":{"('0135-S-2017', 0)":"GODOY, RUPERTO EDUARDO","('0135-S-2017', 1)":"DURANGO, NORMA HAYDEE","('0135-S-2017', 2)":"LABADO, MARIA ESTER","('0135-S-2017', 3)":"GARCIA, VIRGINIA MARIA","('0135-S-2017', 4)":"ABAL MEDINA, JUAN MANUEL","('0135-S-2017', 5)":"PAIS, JUAN MARIO","('0135-S-2017', 6)":"SACNUN, MARIA DE LOS ANGELES","('0135-S-2017', 7)":"FERNANDEZ SAGASTI, ANABEL"},"('Firmantes', 'DISTRITO')":{"('0135-S-2017', 0)":"SAN JUAN","('0135-S-2017', 1)":"LA PAMPA","('0135-S-2017', 2)":"SANTA CRUZ","('0135-S-2017', 3)":"SANTA CRUZ","('0135-S-2017', 4)":"BUENOS AIRES","('0135-S-2017', 5)":"CHUBUT","('0135-S-2017', 6)":"SANTA FE","('0135-S-2017', 7)":"MENDOZA"},"('Firmantes', 'BLOQUE')":{"('0135-S-2017', 0)":"FRENTE PARA LA VICTORIA - PJ","('0135-S-2017', 1)":"PARTIDO JUSTICIALISTA LA PAMPA","('0135-S-2017', 2)":"FRENTE PARA LA VICTORIA - PJ","('0135-S-2017', 3)":"FRENTE PARA LA VICTORIA - PJ","('0135-S-2017', 4)":"FRENTE PARA LA VICTORIA - PJ","('0135-S-2017', 5)":"FRENTE PARA LA VICTORIA - PJ","('0135-S-2017', 6)":"FRENTE PARA LA VICTORIA - PJ","('0135-S-2017', 7)":"FRENTE PARA LA VICTORIA - PJ"},"('Tramites', 'C\u00c1MARA')":{"('0135-S-2017', 0)":"Senado","('0135-S-2017', 1)":"Senado","('0135-S-2017', 2)":null,"('0135-S-2017', 3)":null,"('0135-S-2017', 4)":null,"('0135-S-2017', 5)":null,"('0135-S-2017', 6)":null,"('0135-S-2017', 7)":null},"('Tramites', 'MOVIMIENTO')":{"('0135-S-2017', 0)":"SOLICITUD DE SER COFIRMANTE DE LOS SENADORES PAIS, FERNANDEZ SAGASTI Y SACNUN (A SUS ANTECEDENTES)","('0135-S-2017', 1)":"CONSIDERACION Y APROBACION","('0135-S-2017', 2)":null,"('0135-S-2017', 3)":null,"('0135-S-2017', 4)":null,"('0135-S-2017', 5)":null,"('0135-S-2017', 6)":null,"('0135-S-2017', 7)":null},"('Tramites', 'FECHA')":{"('0135-S-2017', 0)":"29\/03\/2017","('0135-S-2017', 1)":"31\/05\/2017","('0135-S-2017', 2)":null,"('0135-S-2017', 3)":null,"('0135-S-2017', 4)":null,"('0135-S-2017', 5)":null,"('0135-S-2017', 6)":null,"('0135-S-2017', 7)":null},"('Tramites', 'RESULTADO')":{"('0135-S-2017', 0)":null,"('0135-S-2017', 1)":"APROBADO","('0135-S-2017', 2)":null,"('0135-S-2017', 3)":null,"('0135-S-2017', 4)":null,"('0135-S-2017', 5)":null,"('0135-S-2017', 6)":null,"('0135-S-2017', 7)":null},"Link":{"('0135-S-2017', 0)":"http:\/\/www.senado.gov.ar\/parlamentario\/comisiones\/verExp\/135.17\/S\/PR","('0135-S-2017', 1)":null,"('0135-S-2017', 2)":null,"('0135-S-2017', 3)":null,"('0135-S-2017', 4)":null,"('0135-S-2017', 5)":null,"('0135-S-2017', 6)":null,"('0135-S-2017', 7)":null},"Palabra Clave":{"('0135-S-2017', 0)":" ","('0135-S-2017', 1)":null,"('0135-S-2017', 2)":null,"('0135-S-2017', 3)":null,"('0135-S-2017', 4)":null,"('0135-S-2017', 5)":null,"('0135-S-2017', 6)":null,"('0135-S-2017', 7)":null}}