{"Tipo de Proyecto":{"('0135-D-2017', 0)":"PROYECTO DE RESOLUCI\u00d3N"},"Iniciado en: ":{"('0135-D-2017', 0)":"Diputados"},"Expediente Diputados: ":{"('0135-D-2017', 0)":"0135-D-2017"},"Publicado en: ":{"('0135-D-2017', 0)":"Tr\u00e1mite Parlamentario N\u00b0 2"},"Fecha: ":{"('0135-D-2017', 0)":"03\/03\/2017"},"T\u00edtulo":{"('0135-D-2017', 0)":"SOLICITAR AL PODER EJECUTIVO, DISPONGA LAS MEDIDAS NECESARIAS PARA INCORPORAR LA MORINGA OLEIFERA AL CODIGO ALIMENTARIO ARGENTINO."},"('Firmantes', 'FIRMANTE')":{"('0135-D-2017', 0)":"DI STEFANO, DANIEL"},"('Firmantes', 'DISTRITO')":{"('0135-D-2017', 0)":"MISIONES"},"('Firmantes', 'BLOQUE')":{"('0135-D-2017', 0)":"FRENTE PARA LA VICTORIA - PJ"},"('Giros', 'COMISI\u00d3N')":{"('0135-D-2017', 0)":"ACCION SOCIAL Y SALUD PUBLICA"},"Link":{"('0135-D-2017', 0)":"https:\/\/www.hcdn.gob.ar\/proyectos\/textoCompleto.jsp?exp=0135-D-2017&tipo=RESOLUCION"},"Palabra Clave":{"('0135-D-2017', 0)":" "}}