{"Tipo de Proyecto":{"('0136-S-2017', 0)":"PROYECTO DE LEY","('0136-S-2017', 1)":null,"('0136-S-2017', 2)":null,"('0136-S-2017', 3)":null},"Iniciado en: ":{"('0136-S-2017', 0)":"Senado","('0136-S-2017', 1)":null,"('0136-S-2017', 2)":null,"('0136-S-2017', 3)":null},"Expediente Diputados: ":{"('0136-S-2017', 0)":"0136-S-2017","('0136-S-2017', 1)":null,"('0136-S-2017', 2)":null,"('0136-S-2017', 3)":null},"Expediente Senado: ":{"('0136-S-2017', 0)":"2334-S-2017","('0136-S-2017', 1)":null,"('0136-S-2017', 2)":null,"('0136-S-2017', 3)":null},"Publicado en: ":{"('0136-S-2017', 0)":"Diario de Asuntos Entrados N\u00b0 113","('0136-S-2017', 1)":null,"('0136-S-2017', 2)":null,"('0136-S-2017', 3)":null},"Fecha: ":{"('0136-S-2017', 0)":"15\/06\/2017","('0136-S-2017', 1)":null,"('0136-S-2017', 2)":null,"('0136-S-2017', 3)":null},"T\u00edtulo":{"('0136-S-2017', 0)":"INSTITUIR EL \"DIA 15 DE JUNIO DE CADA A\u00d1O COMO EL DIA NACIONAL DE LA REFORMA UNIVERSITARIA\"","('0136-S-2017', 1)":null,"('0136-S-2017', 2)":null,"('0136-S-2017', 3)":null},"('Firmantes', 'FIRMANTE')":{"('0136-S-2017', 0)":"ELIAS DE PEREZ, SILVIA BEATRIZ","('0136-S-2017', 1)":null,"('0136-S-2017', 2)":null,"('0136-S-2017', 3)":null},"('Firmantes', 'DISTRITO')":{"('0136-S-2017', 0)":"TUCUMAN","('0136-S-2017', 1)":null,"('0136-S-2017', 2)":null,"('0136-S-2017', 3)":null},"('Firmantes', 'BLOQUE')":{"('0136-S-2017', 0)":"UCR","('0136-S-2017', 1)":null,"('0136-S-2017', 2)":null,"('0136-S-2017', 3)":null},"('Giros', 'COMISI\u00d3N')":{"('0136-S-2017', 0)":"EDUCACION","('0136-S-2017', 1)":"LEGISLACION GENERAL","('0136-S-2017', 2)":null,"('0136-S-2017', 3)":null},"('Tramites', 'C\u00c1MARA')":{"('0136-S-2017', 0)":"Senado","('0136-S-2017', 1)":"Diputados","('0136-S-2017', 2)":"Diputados","('0136-S-2017', 3)":"Diputados"},"('Tramites', 'MOVIMIENTO')":{"('0136-S-2017', 0)":"CONSIDERACION Y APROBACION","('0136-S-2017', 1)":"PASA A DIPUTADOS -","('0136-S-2017', 2)":"CITACION SESION ESPECIAL","('0136-S-2017', 3)":"CONSIDERACION Y SANCION"},"('Tramites', 'FECHA')":{"('0136-S-2017', 0)":"29\/11\/2017","('0136-S-2017', 1)":null,"('0136-S-2017', 2)":"20\/11\/2019","('0136-S-2017', 3)":"20\/11\/2019"},"('Tramites', 'RESULTADO')":{"('0136-S-2017', 0)":"MEDIA SANCION","('0136-S-2017', 1)":null,"('0136-S-2017', 2)":null,"('0136-S-2017', 3)":"SANCIONADO"},"Link":{"('0136-S-2017', 0)":"http:\/\/www.senado.gov.ar\/parlamentario\/comisiones\/verExp\/2334.17\/S\/PL","('0136-S-2017', 1)":null,"('0136-S-2017', 2)":null,"('0136-S-2017', 3)":null},"Palabra Clave":{"('0136-S-2017', 0)":" ","('0136-S-2017', 1)":null,"('0136-S-2017', 2)":null,"('0136-S-2017', 3)":null}}