{"Tipo de Proyecto":{"('0136-OV-2017', 0)":"PROYECTO DE RESOLUCI\u00d3N"},"Iniciado en: ":{"('0136-OV-2017', 0)":"Senado"},"Expediente Senado: ":{"('0136-OV-2017', 0)":"0136-OV-2017"},"Fecha: ":{"('0136-OV-2017', 0)":"28\/06\/2018"},"T\u00edtulo":{"('0136-OV-2017', 0)":"DICTAMEN EN LA RESOLUCION REMITIDA POR LA AUDITORIA GENERAL DE LA NACION 79\/17 REFERIDA AL PROGRAMA DE FORTALECIMIENTO DE LA INTERRUPCION DE LA TRANSMISION DE LA ENFERMEDAD DE CHAGAS EN LA REPUBLICA ARGENTINA, CONTRATO DE PRESTAMO ARG 19\/2013 (FONPLATA)."},"('Firmantes', 'FIRMANTE')":{"('0136-OV-2017', 0)":"PARLAMENTARIA MIXTA REVISORA DE CUENTAS"},"('Firmantes', 'DISTRITO')":{"('0136-OV-2017', 0)":null},"('Firmantes', 'BLOQUE')":{"('0136-OV-2017', 0)":null},"Sumario":{"('0136-OV-2017', 0)":"HABIENDO TOMADO CONOCIMIENTO, Y SIN PERJUICIO DE ULTERIORES MEDIDAS QUE PUEDAN ADOPTARSE, SE ACONSEJA SU REMISION AL ARCHIVO."},"Palabra Clave":{"('0136-OV-2017', 0)":" "}}