{"Tipo de Proyecto":{"('0137-S-2017', 0)":"PROYECTO DE LEY","('0137-S-2017', 1)":null},"Iniciado en: ":{"('0137-S-2017', 0)":"Senado","('0137-S-2017', 1)":null},"Expediente Diputados: ":{"('0137-S-2017', 0)":"0137-S-2017","('0137-S-2017', 1)":null},"Expediente Senado: ":{"('0137-S-2017', 0)":"2512-S-2017","('0137-S-2017', 1)":null},"Publicado en: ":{"('0137-S-2017', 0)":"Diario de Asuntos Entrados N\u00b0 122","('0137-S-2017', 1)":null},"Fecha: ":{"('0137-S-2017', 0)":"03\/07\/2017","('0137-S-2017', 1)":null},"T\u00edtulo":{"('0137-S-2017', 0)":"DECLARAR MONUMENTO HISTORICO NACIONAL, EN LOS TERMINOS DE LA LEY 12665, AL EDIFICIO DE LA SECRETARIA DE CULTURA DE LA PROVINCIA DE MENDOZA, EX SUCURSAL MENDOZA DEL BANCO HIPOTECARIO NACIONAL, UBICADO EN LA CALLE GUTIERREZ 204 DE LA CIUDAD DE MENDOZA.","('0137-S-2017', 1)":null},"('Firmantes', 'FIRMANTE')":{"('0137-S-2017', 0)":"VERASAY, PAMELA FERNANDA","('0137-S-2017', 1)":null},"('Firmantes', 'DISTRITO')":{"('0137-S-2017', 0)":"MENDOZA","('0137-S-2017', 1)":null},"('Firmantes', 'BLOQUE')":{"('0137-S-2017', 0)":"UCR","('0137-S-2017', 1)":null},"('Giros', 'COMISI\u00d3N')":{"('0137-S-2017', 0)":"CULTURA","('0137-S-2017', 1)":"PRESUPUESTO Y HACIENDA"},"('Tramites', 'C\u00c1MARA')":{"('0137-S-2017', 0)":"Senado","('0137-S-2017', 1)":"Diputados"},"('Tramites', 'MOVIMIENTO')":{"('0137-S-2017', 0)":"CONSIDERACION Y APROBACION","('0137-S-2017', 1)":"PASA A DIPUTADOS -"},"('Tramites', 'FECHA')":{"('0137-S-2017', 0)":"29\/11\/2017","('0137-S-2017', 1)":null},"('Tramites', 'RESULTADO')":{"('0137-S-2017', 0)":"MEDIA SANCION","('0137-S-2017', 1)":null},"Link":{"('0137-S-2017', 0)":"http:\/\/www.senado.gov.ar\/parlamentario\/comisiones\/verExp\/2512.17\/S\/PL","('0137-S-2017', 1)":null},"Palabra Clave":{"('0137-S-2017', 0)":" ","('0137-S-2017', 1)":null}}