{"Tipo de Proyecto":{"('0137-OV-2017', 0)":"PROYECTO DE RESOLUCI\u00d3N"},"Iniciado en: ":{"('0137-OV-2017', 0)":"Senado"},"Expediente Senado: ":{"('0137-OV-2017', 0)":"0137-OV-2017"},"Fecha: ":{"('0137-OV-2017', 0)":"26\/11\/2018"},"T\u00edtulo":{"('0137-OV-2017', 0)":"RESOLUCION REMITIDA POR LA AUDITORIA GENERAL DE LA NACION 80\/17, QUE APRUEBA EL INFORME DE AUDITORIA REFERIDO A LOS ESTADOS FINANCIEROS AL 31\/12\/2016, CORRESPONDIENTE AL PROGRAMA DE \"CORREDORES VIALES FASE II - RUTA NACIONAL 40\" - CONTRATO DE PRESTAMO 7970 (CAF)."},"('Firmantes', 'FIRMANTE')":{"('0137-OV-2017', 0)":"PARLAMENTARIA MIXTA REVISORA DE CUENTAS"},"('Firmantes', 'DISTRITO')":{"('0137-OV-2017', 0)":null},"('Firmantes', 'BLOQUE')":{"('0137-OV-2017', 0)":null},"Sumario":{"('0137-OV-2017', 0)":"HABIENDO TOMADO CONOCIMIENTO Y SIN PERJUICIO DE ULTERIORES MEDIDAS QUE PUEDAN ADOPTARSE, SE ACONSEJA SU REMISION AL ARCHIVO."},"Palabra Clave":{"('0137-OV-2017', 0)":" "}}