{"Tipo de Proyecto":{"('0138-PE-2017', 0)":"MENSAJE NRO \/ A\u00d1O"},"Iniciado en: ":{"('0138-PE-2017', 0)":"Senado"},"Expediente Senado: ":{"('0138-PE-2017', 0)":"0138-PE-2017"},"Publicado en: ":{"('0138-PE-2017', 0)":"Diario de Asuntos Entrados N\u00b0 0"},"Fecha: ":{"('0138-PE-2017', 0)":"15\/06\/2017"},"T\u00edtulo":{"('0138-PE-2017', 0)":"ESTUDIO DEL IMPACTO AMBIENTAL DE LOS \"APROVECHAMIENTOS HIDROELECTRICOS DEL RIO SANTA CRUZ PRESIDENTE NESTOR KIRCHNER - GOBERNADOR JORGE CEPERNIC\", REMITIDO POR LA JEFATURA DE GABINETE DE MINISTROS PARA SER CONSIDERADO EN AUDIENCIA PUBLICA EN LOS TERMINOS DEL ARTICULO 3 DE LA LEY 23879."},"('Firmantes', 'FIRMANTE')":{"('0138-PE-2017', 0)":"PE\u00d1A, MARCOS"},"('Firmantes', 'DISTRITO')":{"('0138-PE-2017', 0)":null},"('Firmantes', 'BLOQUE')":{"('0138-PE-2017', 0)":"PODER EJECUTIVO"},"('Tramites', 'C\u00c1MARA')":{"('0138-PE-2017', 0)":"Diputados"},"('Tramites', 'MOVIMIENTO')":{"('0138-PE-2017', 0)":"COMUNICACION A LA H CAMARA DE DIPUTADOS CONJUNTAMENTE PARA LOS EXPEDIENTES 0052-S-2017, 0136-PE-2017 y 0138-PE-2017"},"('Tramites', 'FECHA')":{"('0138-PE-2017', 0)":null},"('Tramites', 'RESULTADO')":{"('0138-PE-2017', 0)":null},"Palabra Clave":{"('0138-PE-2017', 0)":" "}}