{"Tipo de Proyecto":{"('0139-OV-2017', 0)":"PROYECTO DE RESOLUCI\u00d3N"},"Iniciado en: ":{"('0139-OV-2017', 0)":"Senado"},"Expediente Senado: ":{"('0139-OV-2017', 0)":"0139-OV-2017"},"Publicado en: ":{"('0139-OV-2017', 0)":"Diario de Asuntos Entrados N\u00b0 0"},"Fecha: ":{"('0139-OV-2017', 0)":"23\/04\/2018"},"T\u00edtulo":{"('0139-OV-2017', 0)":"RESOLUCION REMITIDA POR LA AUDITORIA GENERAL DE LA NACION 82\/17, ESTADOS FINANCIEROS AL 31\/12\/2016 DEL PROGRAMA PARA EL DESARROLLO DE NUEVAS AREAS DE RIEGO EN ARGENTINA, CONTRATO DE PRESTAMO 8581 (CAF)."},"('Firmantes', 'FIRMANTE')":{"('0139-OV-2017', 0)":"PARLAMENTARIA MIXTA REVISORA DE CUENTAS"},"('Firmantes', 'DISTRITO')":{"('0139-OV-2017', 0)":null},"('Firmantes', 'BLOQUE')":{"('0139-OV-2017', 0)":null},"Sumario":{"('0139-OV-2017', 0)":"HABIENDO TOMADO CONOCIMIENTO Y SIN PERJUICIO DE ULTERIORES MEDIDAS QUE PUEDAN ADOPTARSE, SE ACONSEJA SU REMISION AL ARCHIVO."},"Palabra Clave":{"('0139-OV-2017', 0)":" "}}