{"Tipo de Proyecto":{"('0143-D-2017', 0)":"PROYECTO DE RESOLUCI\u00d3N","('0143-D-2017', 1)":null,"('0143-D-2017', 2)":null,"('0143-D-2017', 3)":null,"('0143-D-2017', 4)":null,"('0143-D-2017', 5)":null,"('0143-D-2017', 6)":null,"('0143-D-2017', 7)":null},"Iniciado en: ":{"('0143-D-2017', 0)":"Diputados","('0143-D-2017', 1)":null,"('0143-D-2017', 2)":null,"('0143-D-2017', 3)":null,"('0143-D-2017', 4)":null,"('0143-D-2017', 5)":null,"('0143-D-2017', 6)":null,"('0143-D-2017', 7)":null},"Expediente Diputados: ":{"('0143-D-2017', 0)":"0143-D-2017","('0143-D-2017', 1)":null,"('0143-D-2017', 2)":null,"('0143-D-2017', 3)":null,"('0143-D-2017', 4)":null,"('0143-D-2017', 5)":null,"('0143-D-2017', 6)":null,"('0143-D-2017', 7)":null},"Publicado en: ":{"('0143-D-2017', 0)":"Tr\u00e1mite Parlamentario N\u00b0 2","('0143-D-2017', 1)":null,"('0143-D-2017', 2)":null,"('0143-D-2017', 3)":null,"('0143-D-2017', 4)":null,"('0143-D-2017', 5)":null,"('0143-D-2017', 6)":null,"('0143-D-2017', 7)":null},"Fecha: ":{"('0143-D-2017', 0)":"03\/03\/2017","('0143-D-2017', 1)":null,"('0143-D-2017', 2)":null,"('0143-D-2017', 3)":null,"('0143-D-2017', 4)":null,"('0143-D-2017', 5)":null,"('0143-D-2017', 6)":null,"('0143-D-2017', 7)":null},"T\u00edtulo":{"('0143-D-2017', 0)":"PEDIDO DE INFORMES AL PODER EJECUTIVO SOBRE EL PLAN NACIONAL DE ACCION PARA LA PREVENCION, ASISTENCIA Y ERRADICACION DE LA VIOLENCIA CONTRA LAS MUJERES.","('0143-D-2017', 1)":null,"('0143-D-2017', 2)":null,"('0143-D-2017', 3)":null,"('0143-D-2017', 4)":null,"('0143-D-2017', 5)":null,"('0143-D-2017', 6)":null,"('0143-D-2017', 7)":null},"('Firmantes', 'FIRMANTE')":{"('0143-D-2017', 0)":"MOREAU, CECILIA","('0143-D-2017', 1)":"MASSO, FEDERICO AUGUSTO","('0143-D-2017', 2)":"CREMER DE BUSTI, MARIA CRISTINA","('0143-D-2017', 3)":"DONDA PEREZ, VICTORIA ANALIA","('0143-D-2017', 4)":"EHCOSOR, MARIA AZUCENA","('0143-D-2017', 5)":"ALONSO, HORACIO FERNANDO","('0143-D-2017', 6)":"LAGORIA, ELIA NELLY","('0143-D-2017', 7)":"SELVA, CARLOS AMERICO"},"('Firmantes', 'DISTRITO')":{"('0143-D-2017', 0)":"BUENOS AIRES","('0143-D-2017', 1)":"TUCUMAN","('0143-D-2017', 2)":"ENTRE RIOS","('0143-D-2017', 3)":"CIUDAD de BUENOS AIRES","('0143-D-2017', 4)":"BUENOS AIRES","('0143-D-2017', 5)":"BUENOS AIRES","('0143-D-2017', 6)":"CHUBUT","('0143-D-2017', 7)":"BUENOS AIRES"},"('Firmantes', 'BLOQUE')":{"('0143-D-2017', 0)":"FEDERAL UNIDOS POR UNA NUEVA ARGENTINA","('0143-D-2017', 1)":"LIBRES DEL SUR","('0143-D-2017', 2)":"UNION POR ENTRE RIOS","('0143-D-2017', 3)":"LIBRES DEL SUR","('0143-D-2017', 4)":"FEDERAL UNIDOS POR UNA NUEVA ARGENTINA","('0143-D-2017', 5)":"FEDERAL UNIDOS POR UNA NUEVA ARGENTINA","('0143-D-2017', 6)":"TRABAJO Y DIGNIDAD","('0143-D-2017', 7)":"FEDERAL UNIDOS POR UNA NUEVA ARGENTINA"},"('Giros', 'COMISI\u00d3N')":{"('0143-D-2017', 0)":"FAMILIA, MUJER, NI\u00d1EZ Y ADOLESCENCIA","('0143-D-2017', 1)":null,"('0143-D-2017', 2)":null,"('0143-D-2017', 3)":null,"('0143-D-2017', 4)":null,"('0143-D-2017', 5)":null,"('0143-D-2017', 6)":null,"('0143-D-2017', 7)":null},"('Tramites', 'C\u00c1MARA')":{"('0143-D-2017', 0)":"Diputados","('0143-D-2017', 1)":"Diputados","('0143-D-2017', 2)":null,"('0143-D-2017', 3)":null,"('0143-D-2017', 4)":null,"('0143-D-2017', 5)":null,"('0143-D-2017', 6)":null,"('0143-D-2017', 7)":null},"('Tramites', 'MOVIMIENTO')":{"('0143-D-2017', 0)":"SOLICITUD DE SER COFIRMANTE DE LA DIPUTADA LAGORIA (A SUS ANTECEDENTES)","('0143-D-2017', 1)":"SOLICITUD DE SER COFIRMANTE DEL DIPUTADO SELVA (A SUS ANTECEDENTES)","('0143-D-2017', 2)":null,"('0143-D-2017', 3)":null,"('0143-D-2017', 4)":null,"('0143-D-2017', 5)":null,"('0143-D-2017', 6)":null,"('0143-D-2017', 7)":null},"('Tramites', 'FECHA')":{"('0143-D-2017', 0)":null,"('0143-D-2017', 1)":null,"('0143-D-2017', 2)":null,"('0143-D-2017', 3)":null,"('0143-D-2017', 4)":null,"('0143-D-2017', 5)":null,"('0143-D-2017', 6)":null,"('0143-D-2017', 7)":null},"('Tramites', 'RESULTADO')":{"('0143-D-2017', 0)":null,"('0143-D-2017', 1)":null,"('0143-D-2017', 2)":null,"('0143-D-2017', 3)":null,"('0143-D-2017', 4)":null,"('0143-D-2017', 5)":null,"('0143-D-2017', 6)":null,"('0143-D-2017', 7)":null},"Link":{"('0143-D-2017', 0)":"https:\/\/www.hcdn.gob.ar\/proyectos\/textoCompleto.jsp?exp=0143-D-2017&tipo=RESOLUCION","('0143-D-2017', 1)":null,"('0143-D-2017', 2)":null,"('0143-D-2017', 3)":null,"('0143-D-2017', 4)":null,"('0143-D-2017', 5)":null,"('0143-D-2017', 6)":null,"('0143-D-2017', 7)":null},"Palabra Clave":{"('0143-D-2017', 0)":" ","('0143-D-2017', 1)":null,"('0143-D-2017', 2)":null,"('0143-D-2017', 3)":null,"('0143-D-2017', 4)":null,"('0143-D-2017', 5)":null,"('0143-D-2017', 6)":null,"('0143-D-2017', 7)":null}}