{"Tipo de Proyecto":{"('0143-S-2017', 0)":"PROYECTO DE LEY","('0143-S-2017', 1)":null,"('0143-S-2017', 2)":null,"('0143-S-2017', 3)":null},"Iniciado en: ":{"('0143-S-2017', 0)":"Senado","('0143-S-2017', 1)":null,"('0143-S-2017', 2)":null,"('0143-S-2017', 3)":null},"Expediente Diputados: ":{"('0143-S-2017', 0)":"0143-S-2017","('0143-S-2017', 1)":null,"('0143-S-2017', 2)":null,"('0143-S-2017', 3)":null},"Expediente Senado: ":{"('0143-S-2017', 0)":"0695-S-2017","('0143-S-2017', 1)":null,"('0143-S-2017', 2)":null,"('0143-S-2017', 3)":null},"Publicado en: ":{"('0143-S-2017', 0)":"Diario de Asuntos Entrados N\u00b0 35","('0143-S-2017', 1)":null,"('0143-S-2017', 2)":null,"('0143-S-2017', 3)":null},"Fecha: ":{"('0143-S-2017', 0)":"20\/03\/2017","('0143-S-2017', 1)":null,"('0143-S-2017', 2)":null,"('0143-S-2017', 3)":null},"T\u00edtulo":{"('0143-S-2017', 0)":"DECLARAR DE INTERES PUBLICO Y SUJETO A EXPROPIACION LA CASA NATAL DE RODOLFO WALSH, UBICADA EN LA LOCALIDAD DE LAMARQUE, PROVINCIA DE RIO NEGRO. (REPRODUCCION DEL EXPEDIENTE 3995-S-15).","('0143-S-2017', 1)":null,"('0143-S-2017', 2)":null,"('0143-S-2017', 3)":null},"('Firmantes', 'FIRMANTE')":{"('0143-S-2017', 0)":"ODARDA, MARIA MAGDALENA","('0143-S-2017', 1)":null,"('0143-S-2017', 2)":null,"('0143-S-2017', 3)":null},"('Firmantes', 'DISTRITO')":{"('0143-S-2017', 0)":"RIO NEGRO","('0143-S-2017', 1)":null,"('0143-S-2017', 2)":null,"('0143-S-2017', 3)":null},"('Firmantes', 'BLOQUE')":{"('0143-S-2017', 0)":"FRENTE PROGRESISTA - CCARI","('0143-S-2017', 1)":null,"('0143-S-2017', 2)":null,"('0143-S-2017', 3)":null},"('Giros', 'COMISI\u00d3N')":{"('0143-S-2017', 0)":"ASUNTOS CONSTITUCIONALES","('0143-S-2017', 1)":"LEGISLACION GENERAL","('0143-S-2017', 2)":"CULTURA","('0143-S-2017', 3)":"PRESUPUESTO Y HACIENDA"},"('Tramites', 'C\u00c1MARA')":{"('0143-S-2017', 0)":"Senado","('0143-S-2017', 1)":"Senado","('0143-S-2017', 2)":"Diputados","('0143-S-2017', 3)":null},"('Tramites', 'MOVIMIENTO')":{"('0143-S-2017', 0)":"MOCION DE PREFERENCIA PARA LA PROXIMA SESION CON DICTAMEN (AFIRMATIVA)","('0143-S-2017', 1)":"CONSIDERACION Y APROBACION","('0143-S-2017', 2)":"PASA A DIPUTADOS -","('0143-S-2017', 3)":null},"('Tramites', 'FECHA')":{"('0143-S-2017', 0)":"07\/09\/2017","('0143-S-2017', 1)":"29\/11\/2017","('0143-S-2017', 2)":null,"('0143-S-2017', 3)":null},"('Tramites', 'RESULTADO')":{"('0143-S-2017', 0)":null,"('0143-S-2017', 1)":"MEDIA SANCION","('0143-S-2017', 2)":null,"('0143-S-2017', 3)":null},"Link":{"('0143-S-2017', 0)":"http:\/\/www.senado.gov.ar\/parlamentario\/comisiones\/verExp\/695.17\/S\/PL","('0143-S-2017', 1)":null,"('0143-S-2017', 2)":null,"('0143-S-2017', 3)":null},"Palabra Clave":{"('0143-S-2017', 0)":" ","('0143-S-2017', 1)":null,"('0143-S-2017', 2)":null,"('0143-S-2017', 3)":null}}