{"Tipo de Proyecto":{"('0145-S-2017', 0)":"PROYECTO DE LEY"},"Iniciado en: ":{"('0145-S-2017', 0)":"Senado"},"Expediente Senado: ":{"('0145-S-2017', 0)":"0145-S-2017"},"Publicado en: ":{"('0145-S-2017', 0)":"Diario de Asuntos Entrados N\u00b0 8"},"Fecha: ":{"('0145-S-2017', 0)":"03\/03\/2017"},"T\u00edtulo":{"('0145-S-2017', 0)":"BASES PARA QUE EN TODOS LOS ESTABLECIMIENTOS EDUCATIVOS DEL PAIS, PUBLICOS O PRIVADOS, DE NIVEL SECUNDARIO, SE REALICE LA JORNADA EDUCAR PARA FORTALECER LA DEMOCRACIA: FORMACION CIUDADANA EN EL EJERCICIO DEL VOTO. (REPRODUCCION DEL EXPEDIENTE 1963-S-15)."},"('Firmantes', 'FIRMANTE')":{"('0145-S-2017', 0)":"CREXELL, CARMEN LUCILA"},"('Firmantes', 'DISTRITO')":{"('0145-S-2017', 0)":"NEUQUEN"},"('Firmantes', 'BLOQUE')":{"('0145-S-2017', 0)":"MOV POP NEUQUINO"},"('Tramites', 'C\u00c1MARA')":{"('0145-S-2017', 0)":"Senado"},"('Tramites', 'MOVIMIENTO')":{"('0145-S-2017', 0)":"CONSIDERACION Y APROBACION"},"('Tramites', 'FECHA')":{"('0145-S-2017', 0)":"07\/09\/2017"},"('Tramites', 'RESULTADO')":{"('0145-S-2017', 0)":"APROBADO"},"Sumario":{"('0145-S-2017', 0)":"OBJETIVO GENERAL Y OBJETIVOS ESPECIFICOS; REALIZACION; AUTORIDAD DE APLICACION: MINISTERIO DE EDUCACION DE LA NACION; ENTRADA EN VIGENCIA; INVITACION A LAS PROVINCIAS Y A LA CIUDAD AUTONOMA DE BUENOS AIRES A ADHERIR A LA PRESENTE LEY."},"Palabra Clave":{"('0145-S-2017', 0)":" "}}