{"Tipo de Proyecto":{"('0147-D-2017', 0)":"PROYECTO DE LEY","('0147-D-2017', 1)":null,"('0147-D-2017', 2)":null},"Iniciado en: ":{"('0147-D-2017', 0)":"Diputados","('0147-D-2017', 1)":null,"('0147-D-2017', 2)":null},"Expediente Diputados: ":{"('0147-D-2017', 0)":"0147-D-2017","('0147-D-2017', 1)":null,"('0147-D-2017', 2)":null},"Publicado en: ":{"('0147-D-2017', 0)":"Tr\u00e1mite Parlamentario N\u00b0 2","('0147-D-2017', 1)":null,"('0147-D-2017', 2)":null},"Fecha: ":{"('0147-D-2017', 0)":"03\/03\/2017","('0147-D-2017', 1)":null,"('0147-D-2017', 2)":null},"T\u00edtulo":{"('0147-D-2017', 0)":"PEQUE\u00d1OS PRODUCTORES RURALES FAMILIARES: REGIMEN PREJUBILATORIO (REPRODUCCION DEL EXPEDIENTE 6333-D-14).","('0147-D-2017', 1)":null,"('0147-D-2017', 2)":null},"('Firmantes', 'FIRMANTE')":{"('0147-D-2017', 0)":"ZIEGLER, ALEX ROBERTO","('0147-D-2017', 1)":null,"('0147-D-2017', 2)":null},"('Firmantes', 'DISTRITO')":{"('0147-D-2017', 0)":"MISIONES","('0147-D-2017', 1)":null,"('0147-D-2017', 2)":null},"('Firmantes', 'BLOQUE')":{"('0147-D-2017', 0)":"LIBERTAD VALORES Y CAMBIO","('0147-D-2017', 1)":null,"('0147-D-2017', 2)":null},"('Giros', 'COMISI\u00d3N')":{"('0147-D-2017', 0)":"PREVISION Y SEGURIDAD SOCIAL","('0147-D-2017', 1)":"AGRICULTURA Y GANADERIA","('0147-D-2017', 2)":"PRESUPUESTO Y HACIENDA"},"Sumario":{"('0147-D-2017', 0)":"OBJETO; FINALIDAD; BENEFICIARIOS DEFINICION; CONDICIONES PARA OBTENER EL BENEFICIO; INCOMPATIBILIDADES; DURACION; HABER; REGULARIZACION DE DEUDA; AUTORIDAD DE APLICACION: ADMINISTRACION NACIONAL DE LA SEGURIDAD SOCIAL (ANSES); CREACION DEL FONDO ESPECIAL PREJUBILATORIO PARA PEQUE\u00d1OS PRODUCTORES RURALES FAMILIARES; RECURSOS, TRANSFERENCIA; DERECHO A PENSION.","('0147-D-2017', 1)":null,"('0147-D-2017', 2)":null},"Palabra Clave":{"('0147-D-2017', 0)":" ","('0147-D-2017', 1)":null,"('0147-D-2017', 2)":null}}