{"Tipo de Proyecto":{"('0147-S-2017', 0)":"PROYECTO DE LEY","('0147-S-2017', 1)":null,"('0147-S-2017', 2)":null},"Iniciado en: ":{"('0147-S-2017', 0)":"Senado","('0147-S-2017', 1)":null,"('0147-S-2017', 2)":null},"Expediente Diputados: ":{"('0147-S-2017', 0)":"0147-S-2017","('0147-S-2017', 1)":null,"('0147-S-2017', 2)":null},"Expediente Senado: ":{"('0147-S-2017', 0)":"0169-S-2017","('0147-S-2017', 1)":null,"('0147-S-2017', 2)":null},"Publicado en: ":{"('0147-S-2017', 0)":"Diario de Asuntos Entrados N\u00b0 9","('0147-S-2017', 1)":null,"('0147-S-2017', 2)":null},"Fecha: ":{"('0147-S-2017', 0)":"06\/03\/2017","('0147-S-2017', 1)":null,"('0147-S-2017', 2)":null},"T\u00edtulo":{"('0147-S-2017', 0)":"CREACION DEL PROGRAMA NACIONAL DE PROMOCION DEL TURISMO INTERNO.","('0147-S-2017', 1)":null,"('0147-S-2017', 2)":null},"('Firmantes', 'FIRMANTE')":{"('0147-S-2017', 0)":"GIMENEZ, SANDRA DANIELA","('0147-S-2017', 1)":null,"('0147-S-2017', 2)":null},"('Firmantes', 'DISTRITO')":{"('0147-S-2017', 0)":"MISIONES","('0147-S-2017', 1)":null,"('0147-S-2017', 2)":null},"('Firmantes', 'BLOQUE')":{"('0147-S-2017', 0)":"MISIONES","('0147-S-2017', 1)":null,"('0147-S-2017', 2)":null},"('Giros', 'COMISI\u00d3N')":{"('0147-S-2017', 0)":"TURISMO","('0147-S-2017', 1)":"PRESUPUESTO Y HACIENDA","('0147-S-2017', 2)":null},"('Tramites', 'C\u00c1MARA')":{"('0147-S-2017', 0)":"Senado","('0147-S-2017', 1)":"Senado","('0147-S-2017', 2)":"Diputados"},"('Tramites', 'MOVIMIENTO')":{"('0147-S-2017', 0)":"CONSIDERACION Y APROBACION","('0147-S-2017', 1)":"INSERCION","('0147-S-2017', 2)":"PASA A DIPUTADOS -"},"('Tramites', 'FECHA')":{"('0147-S-2017', 0)":"29\/11\/2017","('0147-S-2017', 1)":"29\/11\/2017","('0147-S-2017', 2)":null},"('Tramites', 'RESULTADO')":{"('0147-S-2017', 0)":"MEDIA SANCION","('0147-S-2017', 1)":null,"('0147-S-2017', 2)":null},"Link":{"('0147-S-2017', 0)":"http:\/\/www.senado.gov.ar\/parlamentario\/comisiones\/verExp\/169.17\/S\/PL","('0147-S-2017', 1)":null,"('0147-S-2017', 2)":null},"Palabra Clave":{"('0147-S-2017', 0)":" ","('0147-S-2017', 1)":null,"('0147-S-2017', 2)":null}}