{"Tipo de Proyecto":{"('0148-D-2017', 0)":"PROYECTO DE LEY","('0148-D-2017', 1)":null},"Iniciado en: ":{"('0148-D-2017', 0)":"Diputados","('0148-D-2017', 1)":null},"Expediente Diputados: ":{"('0148-D-2017', 0)":"0148-D-2017","('0148-D-2017', 1)":null},"Publicado en: ":{"('0148-D-2017', 0)":"Tr\u00e1mite Parlamentario N\u00b0 2","('0148-D-2017', 1)":null},"Fecha: ":{"('0148-D-2017', 0)":"03\/03\/2017","('0148-D-2017', 1)":null},"T\u00edtulo":{"('0148-D-2017', 0)":"JUSTICIA FEDERAL DE LA PROVINCIA DE MISIONES. CREACION DE UN JUZGADO DE PRIMERA INSTANCIA CON ASIENTO EN LA CIUDAD DE JARDIN AMERICA, DE UNA FISCALIA DE PRIMERA INSTANCIA Y DE UNA DEFENSORIA DE POBRES, INCAPACES Y AUSENTES (REPRODUCCION DEL EXPEDIENTE 9269-D-14).","('0148-D-2017', 1)":null},"('Firmantes', 'FIRMANTE')":{"('0148-D-2017', 0)":"ZIEGLER, ALEX ROBERTO","('0148-D-2017', 1)":null},"('Firmantes', 'DISTRITO')":{"('0148-D-2017', 0)":"MISIONES","('0148-D-2017', 1)":null},"('Firmantes', 'BLOQUE')":{"('0148-D-2017', 0)":"LIBERTAD VALORES Y CAMBIO","('0148-D-2017', 1)":null},"('Giros', 'COMISI\u00d3N')":{"('0148-D-2017', 0)":"JUSTICIA","('0148-D-2017', 1)":"PRESUPUESTO Y HACIENDA"},"Palabra Clave":{"('0148-D-2017', 0)":" ","('0148-D-2017', 1)":null}}