{"Tipo de Proyecto":{"('0149-S-2017', 0)":"PROYECTO DE LEY"},"Iniciado en: ":{"('0149-S-2017', 0)":"Senado"},"Expediente Senado: ":{"('0149-S-2017', 0)":"0149-S-2017"},"Publicado en: ":{"('0149-S-2017', 0)":"Diario de Asuntos Entrados N\u00b0 8"},"Fecha: ":{"('0149-S-2017', 0)":"03\/03\/2017"},"T\u00edtulo":{"('0149-S-2017', 0)":"MODIFICACION DEL ARTICULO 24 DE LA LEY 25877 (ORDENAMIENTO LABORAL), LIMITANDO EL DERECHO DE HUELGA CUANDO SE PONGA EN RIESGO LA VIDA O LA SALUD DE LA POBLACION (REPRODUCCION DEL EXPEDIENTE 2652-S-15)."},"('Firmantes', 'FIRMANTE')":{"('0149-S-2017', 0)":"CREXELL, CARMEN LUCILA"},"('Firmantes', 'DISTRITO')":{"('0149-S-2017', 0)":"NEUQUEN"},"('Firmantes', 'BLOQUE')":{"('0149-S-2017', 0)":"MOV POP NEUQUINO"},"('Tramites', 'C\u00c1MARA')":{"('0149-S-2017', 0)":"Senado"},"('Tramites', 'MOVIMIENTO')":{"('0149-S-2017', 0)":"REPRODUCIDO POR EXPEDIENTE 0297-S-19"},"('Tramites', 'FECHA')":{"('0149-S-2017', 0)":null},"('Tramites', 'RESULTADO')":{"('0149-S-2017', 0)":null},"Link":{"('0149-S-2017', 0)":"http:\/\/www.senado.gov.ar\/parlamentario\/comisiones\/verExp\/149.17\/S\/PL"},"Palabra Clave":{"('0149-S-2017', 0)":" "}}