{"Tipo de Proyecto":{"('0152-S-2017', 0)":"PROYECTO DE LEY"},"Iniciado en: ":{"('0152-S-2017', 0)":"Senado"},"Expediente Senado: ":{"('0152-S-2017', 0)":"0152-S-2017"},"Publicado en: ":{"('0152-S-2017', 0)":"Diario de Asuntos Entrados N\u00b0 8"},"Fecha: ":{"('0152-S-2017', 0)":"03\/03\/2017"},"T\u00edtulo":{"('0152-S-2017', 0)":"CREACION DEL REGISTRO NACIONAL DE PODERES, DEPENDIENTE DE LA SECRETARIA DE ASUNTOS REGISTRALES DEL MINISTERIO DE JUSTICIA Y DERECHOS HUMANOS (REPRODUCCION DEL EXPEDIENTE 3197-S-15)."},"('Firmantes', 'FIRMANTE')":{"('0152-S-2017', 0)":"CREXELL, CARMEN LUCILA"},"('Firmantes', 'DISTRITO')":{"('0152-S-2017', 0)":"NEUQUEN"},"('Firmantes', 'BLOQUE')":{"('0152-S-2017', 0)":"MOV POP NEUQUINO"},"Sumario":{"('0152-S-2017', 0)":"OBJETO: INSCRIPCION DE LOS PODERES QUE SE OTORGUEN POR PERSONA FISICA O JURIDICA, ANTE ESCRIBANO PUBLICO, QUE SE REFIERAN A: A) ACTOS DE ADMINISTRACION O DISPOSICION DE INMUEBLES Y BIENES REGISTRABLES, B) DAR O TOMAR SUMAS DE DINERO, C) CONSTITUCION, MODIFICACION, TRANSFERENCIA O EXTINCION DE DERECHOS REALES SOBRE INMUEBLES O BIENES REGISTRABLES; OBLIGACIONES DEL ESCRIBANO PUBLICO; CONSTANCIA A EXPEDIR POR EL REGISTRO NACIONAL DE PODERES; CARACTER RESERVADO DEL REGISTRO; FUNCIONES DEL REGISTRO; INVITACION A LAS PROVINCIAS Y A LA CIUDAD AUTONOMA DE BUENOS AIRES A ADHERIR."},"Palabra Clave":{"('0152-S-2017', 0)":" "}}