{"Tipo de Proyecto":{"('0152-D-2017', 0)":"PROYECTO DE DECLARACI\u00d3N"},"Iniciado en: ":{"('0152-D-2017', 0)":"Diputados"},"Expediente Diputados: ":{"('0152-D-2017', 0)":"0152-D-2017"},"Publicado en: ":{"('0152-D-2017', 0)":"Tr\u00e1mite Parlamentario N\u00b0 2"},"Fecha: ":{"('0152-D-2017', 0)":"03\/03\/2017"},"T\u00edtulo":{"('0152-D-2017', 0)":"EXPRESAR BENEPLACITO POR LA PUBLICACION DEL LIBRO \"PRESA FUTALEUFU. ENTRE CIPRESES Y ALUMINIO 1968-1978\", DEL AUTOR E HISTORIADOR CHUBUTENSE JORGE ORIOLA (REPRODUCCION DEL EXPEDIENTE 7641-D-16)."},"('Firmantes', 'FIRMANTE')":{"('0152-D-2017', 0)":"IGON, SANTIAGO NICOLAS"},"('Firmantes', 'DISTRITO')":{"('0152-D-2017', 0)":"CHUBUT"},"('Firmantes', 'BLOQUE')":{"('0152-D-2017', 0)":"FRENTE PARA LA VICTORIA - PJ"},"('Giros', 'COMISI\u00d3N')":{"('0152-D-2017', 0)":"CULTURA"},"('Tramites', 'C\u00c1MARA')":{"('0152-D-2017', 0)":"Diputados"},"('Tramites', 'MOVIMIENTO')":{"('0152-D-2017', 0)":"APROBACION ARTICULO 114 DEL REGLAMENTO DE LA H CAMARA DE DIPUTADOS; COMUNICADO EL 03\/10\/2017"},"('Tramites', 'FECHA')":{"('0152-D-2017', 0)":null},"('Tramites', 'RESULTADO')":{"('0152-D-2017', 0)":"APROBADO"},"Palabra Clave":{"('0152-D-2017', 0)":" "}}