{"Tipo de Proyecto":{"('0153-D-2017', 0)":"PROYECTO DE LEY","('0153-D-2017', 1)":null,"('0153-D-2017', 2)":null},"Iniciado en: ":{"('0153-D-2017', 0)":"Diputados","('0153-D-2017', 1)":null,"('0153-D-2017', 2)":null},"Expediente Diputados: ":{"('0153-D-2017', 0)":"0153-D-2017","('0153-D-2017', 1)":null,"('0153-D-2017', 2)":null},"Publicado en: ":{"('0153-D-2017', 0)":"Tr\u00e1mite Parlamentario N\u00b0 2","('0153-D-2017', 1)":null,"('0153-D-2017', 2)":null},"Fecha: ":{"('0153-D-2017', 0)":"03\/03\/2017","('0153-D-2017', 1)":null,"('0153-D-2017', 2)":null},"T\u00edtulo":{"('0153-D-2017', 0)":"ALIMENTOS QUE SEAN O CONTENGAN ORGANISMOS GENETICAMENTE MODIFICADOS O SUS DERIVADOS. SE ESTABLECE LA OBLIGATORIEDAD DE SU IDENTIFICACION (REPRODUCCION DEL EXPEDIENTE 0125-D-15) ","('0153-D-2017', 1)":null,"('0153-D-2017', 2)":null},"('Firmantes', 'FIRMANTE')":{"('0153-D-2017', 0)":"BIANCHI, IVANA MARIA","('0153-D-2017', 1)":null,"('0153-D-2017', 2)":null},"('Firmantes', 'DISTRITO')":{"('0153-D-2017', 0)":"SAN LUIS","('0153-D-2017', 1)":null,"('0153-D-2017', 2)":null},"('Firmantes', 'BLOQUE')":{"('0153-D-2017', 0)":"COMPROMISO FEDERAL","('0153-D-2017', 1)":null,"('0153-D-2017', 2)":null},"('Giros', 'COMISI\u00d3N')":{"('0153-D-2017', 0)":"ACCION SOCIAL Y SALUD PUBLICA","('0153-D-2017', 1)":"INDUSTRIA","('0153-D-2017', 2)":"COMERCIO"},"('Tramites', 'C\u00c1MARA')":{"('0153-D-2017', 0)":"Diputados","('0153-D-2017', 1)":null,"('0153-D-2017', 2)":null},"('Tramites', 'MOVIMIENTO')":{"('0153-D-2017', 0)":"REPRODUCIDO POR EXPEDIENTE 0074-D-19","('0153-D-2017', 1)":null,"('0153-D-2017', 2)":null},"('Tramites', 'FECHA')":{"('0153-D-2017', 0)":null,"('0153-D-2017', 1)":null,"('0153-D-2017', 2)":null},"('Tramites', 'RESULTADO')":{"('0153-D-2017', 0)":null,"('0153-D-2017', 1)":null,"('0153-D-2017', 2)":null},"Sumario":{"('0153-D-2017', 0)":"OBJETO; DEFINICION; ETIQUETA; PORCENTAJE DEL PRODUCTO; SANCIONES; AUTORIDAD DE APLICACION: MINISTERIO DE AGRICULTURA, GANADERIA Y PESCA; INVITACION A ADHERIR.","('0153-D-2017', 1)":null,"('0153-D-2017', 2)":null},"Palabra Clave":{"('0153-D-2017', 0)":" ","('0153-D-2017', 1)":null,"('0153-D-2017', 2)":null}}