{"Tipo de Proyecto":{"('0153-S-2017', 0)":"PROYECTO DE LEY"},"Iniciado en: ":{"('0153-S-2017', 0)":"Senado"},"Expediente Senado: ":{"('0153-S-2017', 0)":"0153-S-2017"},"Publicado en: ":{"('0153-S-2017', 0)":"Diario de Asuntos Entrados N\u00b0 8"},"Fecha: ":{"('0153-S-2017', 0)":"03\/03\/2017"},"T\u00edtulo":{"('0153-S-2017', 0)":"MODIFICACION DEL CODIGO PROCESAL CIVIL Y COMERCIAL, INCORPORANDO LA COMUNICACION MEDIANTE OFICIO AL HONORABLE CONGRESO DE LA NACION, DE LAS SENTENCIAS FIRMES QUE DECLAREN LA INCONSTITUCIONALIDAD DE UNA LEY A LOS FINES DE SU RESPECTIVA CONSIDERACION Y EVENTUAL REVISION DE LA NORMA.\n (REPRODUCCION DEL EXPEDIENTE 3198-S-15)."},"('Firmantes', 'FIRMANTE')":{"('0153-S-2017', 0)":"CREXELL, CARMEN LUCILA"},"('Firmantes', 'DISTRITO')":{"('0153-S-2017', 0)":"NEUQUEN"},"('Firmantes', 'BLOQUE')":{"('0153-S-2017', 0)":"MOV POP NEUQUINO"},"('Tramites', 'C\u00c1MARA')":{"('0153-S-2017', 0)":"Senado"},"('Tramites', 'MOVIMIENTO')":{"('0153-S-2017', 0)":"REPRODUCIDO POR EXPEDIENTE 0481-S-19"},"('Tramites', 'FECHA')":{"('0153-S-2017', 0)":null},"('Tramites', 'RESULTADO')":{"('0153-S-2017', 0)":null},"Sumario":{"('0153-S-2017', 0)":"CODIGO PROCESAL CIVIL Y COMERCIAL: SUSTITUCION DE LOS ARTICULOS 34, 166 Y 303; LEY 18345  (ORGANIZACION Y PROCEDIMIENTO DE LA JUSTICIA NACIONAL DEL TRABAJO: INCORPORACION DEL ARTICULO 131."},"Palabra Clave":{"('0153-S-2017', 0)":" "}}