{"Tipo de Proyecto":{"('0154-S-2017', 0)":"PROYECTO DE LEY"},"Iniciado en: ":{"('0154-S-2017', 0)":"Senado"},"Expediente Senado: ":{"('0154-S-2017', 0)":"0154-S-2017"},"Publicado en: ":{"('0154-S-2017', 0)":"Diario de Asuntos Entrados N\u00b0 8"},"Fecha: ":{"('0154-S-2017', 0)":"03\/03\/2017"},"T\u00edtulo":{"('0154-S-2017', 0)":"LEY 25326 :MODIFICACION DEL ARTICULO 26  (PROTECCION DE DATOS PERSONALES) RESPECTO DEL REQUERIMIENTO DE LA INFORMACION CREDITICIA POR PARTE DE ARCHIVOS, REGISTRO Y BANCOS DE DATOS (REPRODUCCION DEL EXPEDIENTE 3777-S-15)."},"('Firmantes', 'FIRMANTE')":{"('0154-S-2017', 0)":"CREXELL, CARMEN LUCILA"},"('Firmantes', 'DISTRITO')":{"('0154-S-2017', 0)":"NEUQUEN"},"('Firmantes', 'BLOQUE')":{"('0154-S-2017', 0)":"MOV POP NEUQUINO"},"('Tramites', 'C\u00c1MARA')":{"('0154-S-2017', 0)":"Senado"},"('Tramites', 'MOVIMIENTO')":{"('0154-S-2017', 0)":"REPRODUCIDO POR EXPEDIENTE 0302-S-19"},"('Tramites', 'FECHA')":{"('0154-S-2017', 0)":null},"('Tramites', 'RESULTADO')":{"('0154-S-2017', 0)":null},"Link":{"('0154-S-2017', 0)":"http:\/\/www.senado.gov.ar\/parlamentario\/comisiones\/verExp\/154.17\/S\/PL"},"Palabra Clave":{"('0154-S-2017', 0)":" "}}