{"Tipo de Proyecto":{"('0156-S-2017', 0)":"PROYECTO DE LEY"},"Iniciado en: ":{"('0156-S-2017', 0)":"Senado"},"Expediente Senado: ":{"('0156-S-2017', 0)":"0156-S-2017"},"Publicado en: ":{"('0156-S-2017', 0)":"Diario de Asuntos Entrados N\u00b0 8"},"Fecha: ":{"('0156-S-2017', 0)":"03\/03\/2017"},"T\u00edtulo":{"('0156-S-2017', 0)":"REGIMEN DE SUBROGANCIAS PARA JUECES DE LOS TRIBUNALES INFERIORES A LA CORTE SUPREMA DE JUSTICIA DE LA NACION; EN LOS CASOS DE RECUSACION, LICENCIA, VACANCIA U OTRO IMPEDIMENTO; DEROGACION DE LAS LEYES 26372, 26376 Y 27145 (REPRODUCCION DEL EXPEDIENTE 4253-S-15)."},"('Firmantes', 'FIRMANTE')":{"('0156-S-2017', 0)":"CREXELL, CARMEN LUCILA"},"('Firmantes', 'DISTRITO')":{"('0156-S-2017', 0)":"NEUQUEN"},"('Firmantes', 'BLOQUE')":{"('0156-S-2017', 0)":"MOV POP NEUQUINO"},"Sumario":{"('0156-S-2017', 0)":"CONFECCION DE LISTAS; REMUNERACION; FACULTAR AL CONCEJO DE LA MAGISTRATURA DEL PODER JUDICIAL DE LA NACION A REGLAMENTAR LA PRESENTE."},"Palabra Clave":{"('0156-S-2017', 0)":" "}}