{"Tipo de Proyecto":{"('0158-S-2017', 0)":"PROYECTO DE LEY","('0158-S-2017', 1)":null},"Iniciado en: ":{"('0158-S-2017', 0)":"Senado","('0158-S-2017', 1)":null},"Expediente Senado: ":{"('0158-S-2017', 0)":"0158-S-2017","('0158-S-2017', 1)":null},"Publicado en: ":{"('0158-S-2017', 0)":"Diario de Asuntos Entrados N\u00b0 8","('0158-S-2017', 1)":null},"Fecha: ":{"('0158-S-2017', 0)":"03\/03\/2017","('0158-S-2017', 1)":null},"T\u00edtulo":{"('0158-S-2017', 0)":"DECLARAR A LA PROVINCIA DE SALTA COMO \"CAPITAL NACIONAL DEL CABALLO PERUANO DE PASO\" (REPRODUCCION DEL EXPEDIENTE 3057-S-15).","('0158-S-2017', 1)":null},"('Firmantes', 'FIRMANTE')":{"('0158-S-2017', 0)":"FIORE VI\u00d1UALES, MARIA CRISTINA DEL VALLE","('0158-S-2017', 1)":"URTUBEY, RODOLFO JULIO"},"('Firmantes', 'DISTRITO')":{"('0158-S-2017', 0)":"SALTA","('0158-S-2017', 1)":"SALTA"},"('Firmantes', 'BLOQUE')":{"('0158-S-2017', 0)":"PARES","('0158-S-2017', 1)":"FRENTE PARA LA VICTORIA - PJ"},"('Tramites', 'C\u00c1MARA')":{"('0158-S-2017', 0)":"Senado","('0158-S-2017', 1)":null},"('Tramites', 'MOVIMIENTO')":{"('0158-S-2017', 0)":"REPRODUCIDO POR EXPEDIENTE 0225-S-19","('0158-S-2017', 1)":null},"('Tramites', 'FECHA')":{"('0158-S-2017', 0)":null,"('0158-S-2017', 1)":null},"('Tramites', 'RESULTADO')":{"('0158-S-2017', 0)":null,"('0158-S-2017', 1)":null},"Link":{"('0158-S-2017', 0)":"http:\/\/www.senado.gov.ar\/parlamentario\/comisiones\/verExp\/158.17\/S\/PL","('0158-S-2017', 1)":null},"Palabra Clave":{"('0158-S-2017', 0)":" ","('0158-S-2017', 1)":null}}