{"Tipo de Proyecto":{"('0159-S-2017', 0)":"PROYECTO DE LEY"},"Iniciado en: ":{"('0159-S-2017', 0)":"Senado"},"Expediente Senado: ":{"('0159-S-2017', 0)":"0159-S-2017"},"Publicado en: ":{"('0159-S-2017', 0)":"Diario de Asuntos Entrados N\u00b0 8"},"Fecha: ":{"('0159-S-2017', 0)":"03\/03\/2017"},"T\u00edtulo":{"('0159-S-2017', 0)":"CREAR EL PROGRAMA NACIONAL DE ATENCION Y PREVENCION DEL EMBARAZO ADOLESCENTE (REPRODUCCION DEL EXPEDIENTE 3576-S-15)."},"('Firmantes', 'FIRMANTE')":{"('0159-S-2017', 0)":"FIORE VI\u00d1UALES, MARIA CRISTINA DEL VALLE"},"('Firmantes', 'DISTRITO')":{"('0159-S-2017', 0)":"SALTA"},"('Firmantes', 'BLOQUE')":{"('0159-S-2017', 0)":"PARES"},"('Tramites', 'C\u00c1MARA')":{"('0159-S-2017', 0)":"Senado"},"('Tramites', 'MOVIMIENTO')":{"('0159-S-2017', 0)":"REPRODUCIDO POR EXPEDIENTE 0226-S-19"},"('Tramites', 'FECHA')":{"('0159-S-2017', 0)":null},"('Tramites', 'RESULTADO')":{"('0159-S-2017', 0)":null},"Sumario":{"('0159-S-2017', 0)":"OBJETO; AUTORIDAD DE APLICACION: MINISTERIO DE SALUD DE LA NACION EN COORDINACION CON EL MINISTERIO DE EDUCACION  Y EL DE DESARROLLO SOCIAL;  INVITACION A ADHERIR."},"Palabra Clave":{"('0159-S-2017', 0)":" "}}