{"Tipo de Proyecto":{"('0159-D-2017', 0)":"PROYECTO DE LEY","('0159-D-2017', 1)":null},"Iniciado en: ":{"('0159-D-2017', 0)":"Diputados","('0159-D-2017', 1)":null},"Expediente Diputados: ":{"('0159-D-2017', 0)":"0159-D-2017","('0159-D-2017', 1)":null},"Publicado en: ":{"('0159-D-2017', 0)":"Tr\u00e1mite Parlamentario N\u00b0 2","('0159-D-2017', 1)":null},"Fecha: ":{"('0159-D-2017', 0)":"03\/03\/2017","('0159-D-2017', 1)":null},"T\u00edtulo":{"('0159-D-2017', 0)":"REGIMEN DE INVIOLABILIDAD DE CAJAS DE SEGURIDAD, EN LOS TERMINOS DE LAS GARANTIAS PRESCRIPTAS EN EL ARTICULO 18 DE LA CONSTITUCION NACIONAL (REPRODUCCION DEL EXPEDIENTE 0090-D-15).","('0159-D-2017', 1)":null},"('Firmantes', 'FIRMANTE')":{"('0159-D-2017', 0)":"BIANCHI, IVANA MARIA","('0159-D-2017', 1)":null},"('Firmantes', 'DISTRITO')":{"('0159-D-2017', 0)":"SAN LUIS","('0159-D-2017', 1)":null},"('Firmantes', 'BLOQUE')":{"('0159-D-2017', 0)":"COMPROMISO FEDERAL","('0159-D-2017', 1)":null},"('Giros', 'COMISI\u00d3N')":{"('0159-D-2017', 0)":"FINANZAS","('0159-D-2017', 1)":"JUSTICIA"},"('Tramites', 'C\u00c1MARA')":{"('0159-D-2017', 0)":"Diputados","('0159-D-2017', 1)":null},"('Tramites', 'MOVIMIENTO')":{"('0159-D-2017', 0)":"REPRODUCIDO POR EXPEDIENTE 0079-D-19","('0159-D-2017', 1)":null},"('Tramites', 'FECHA')":{"('0159-D-2017', 0)":null,"('0159-D-2017', 1)":null},"('Tramites', 'RESULTADO')":{"('0159-D-2017', 0)":null,"('0159-D-2017', 1)":null},"Palabra Clave":{"('0159-D-2017', 0)":" ","('0159-D-2017', 1)":null}}