{"Tipo de Proyecto":{"('0160-D-2017', 0)":"PROYECTO DE LEY","('0160-D-2017', 1)":null},"Iniciado en: ":{"('0160-D-2017', 0)":"Diputados","('0160-D-2017', 1)":null},"Expediente Diputados: ":{"('0160-D-2017', 0)":"0160-D-2017","('0160-D-2017', 1)":null},"Publicado en: ":{"('0160-D-2017', 0)":"Tr\u00e1mite Parlamentario N\u00b0 2","('0160-D-2017', 1)":null},"Fecha: ":{"('0160-D-2017', 0)":"03\/03\/2017","('0160-D-2017', 1)":null},"T\u00edtulo":{"('0160-D-2017', 0)":"INSTITUTO DE PROFILAXIS DE LAS ENFERMEDADES VENEREAS - LEY 12331 - . MODIFICACION, SOBRE EXAMEN MEDICO PRENUPCIAL. MODIFICACIONES A LA LEY 16668. (REPRODUCCION DEL EXPEDIENTE 0096-D-15).","('0160-D-2017', 1)":null},"('Firmantes', 'FIRMANTE')":{"('0160-D-2017', 0)":"BIANCHI, IVANA MARIA","('0160-D-2017', 1)":null},"('Firmantes', 'DISTRITO')":{"('0160-D-2017', 0)":"SAN LUIS","('0160-D-2017', 1)":null},"('Firmantes', 'BLOQUE')":{"('0160-D-2017', 0)":"COMPROMISO FEDERAL","('0160-D-2017', 1)":null},"('Giros', 'COMISI\u00d3N')":{"('0160-D-2017', 0)":"ACCION SOCIAL Y SALUD PUBLICA","('0160-D-2017', 1)":"LEGISLACION GENERAL"},"Sumario":{"('0160-D-2017', 0)":"LEY 12331: MODIFICACIONES: SUSTITUCION DEL ARTICULO 13 (REALIZACION DE EXAMENES MEDICOS PRENUPCIALES) E INCORPORACION DE LOS ARTICULOS 13 BIS (EXAMENES MEDICOS PRENUPCIALES: ORGANISMOS AUTORIZADOS A REALIZARLOS), 13 TER (BENEFICIARIOS DE MEDICINA PRIVADA) Y 13 QUATER (DERECHO DE OPCION); MODIFICACION DEL ARTICULO 2 DE LA LEY 16668 EN RELACION A LA REALIZACION DE EXAMENES MEDICOS POR PARTE DE LOS ORGANISMOS DEPENDIENTES DEL MINISTERIO DE SALUD DE LA NACION, LA CIUDAD AUTONOMA DE BUENOS AIRES Y LOS SERVICIOS ASISTENCIALES PROVINCIALES Y MUNICIPALES; INVITACION A LAS PROVINCIAS A ADHERIR A LA PRESENTE LEY; ENTRADA EN VIGENCIA.","('0160-D-2017', 1)":null},"Palabra Clave":{"('0160-D-2017', 0)":" ","('0160-D-2017', 1)":null}}