{"Tipo de Proyecto":{"('0161-PE-2017', 0)":"MENSAJE NRO: 0051\/17 Y PROYECTO DE LEY","('0161-PE-2017', 1)":null,"('0161-PE-2017', 2)":null},"Iniciado en: ":{"('0161-PE-2017', 0)":"Senado","('0161-PE-2017', 1)":null,"('0161-PE-2017', 2)":null},"Expediente Senado: ":{"('0161-PE-2017', 0)":"0161-PE-2017","('0161-PE-2017', 1)":null,"('0161-PE-2017', 2)":null},"Publicado en: ":{"('0161-PE-2017', 0)":"Diario de Asuntos Entrados N\u00b0 122","('0161-PE-2017', 1)":null,"('0161-PE-2017', 2)":null},"Fecha: ":{"('0161-PE-2017', 0)":"03\/07\/2017","('0161-PE-2017', 1)":null,"('0161-PE-2017', 2)":null},"T\u00edtulo":{"('0161-PE-2017', 0)":"PROGRAMA DE PRESTAMOS DESTINADO A TODOS LOS JUBILADOS Y PENSIONADOS DEL SISTEMA INTEGRAL PREVISIONAL ARGENTINO (SIPA).","('0161-PE-2017', 1)":null,"('0161-PE-2017', 2)":null},"('Firmantes', 'FIRMANTE')":{"('0161-PE-2017', 0)":"MACRI, MAURICIO","('0161-PE-2017', 1)":"PE\u00d1A, MARCOS","('0161-PE-2017', 2)":"TRIACA, ALBERTO JORGE"},"('Firmantes', 'DISTRITO')":{"('0161-PE-2017', 0)":null,"('0161-PE-2017', 1)":null,"('0161-PE-2017', 2)":null},"('Firmantes', 'BLOQUE')":{"('0161-PE-2017', 0)":"PODER EJECUTIVO","('0161-PE-2017', 1)":"PODER EJECUTIVO","('0161-PE-2017', 2)":"PODER EJECUTIVO"},"('Tramites', 'C\u00c1MARA')":{"('0161-PE-2017', 0)":"Senado","('0161-PE-2017', 1)":"Senado","('0161-PE-2017', 2)":"Senado"},"('Tramites', 'MOVIMIENTO')":{"('0161-PE-2017', 0)":"CITACION SESION ESPECIAL","('0161-PE-2017', 1)":"MANIFESTACIONES SOBRE INCLUSION DEL TEMA EN LA CITACION A LA SESION ESPECIAL Y SOBRE LA HABILITACION DEL DICTAMEN PARA SER TRATADO EN LA PRESENTE SESION","('0161-PE-2017', 2)":"MOCION DE VUELTA A COMISION (AFIRMATIVA)"},"('Tramites', 'FECHA')":{"('0161-PE-2017', 0)":"12\/07\/2017","('0161-PE-2017', 1)":"12\/07\/2017","('0161-PE-2017', 2)":"12\/07\/2017"},"('Tramites', 'RESULTADO')":{"('0161-PE-2017', 0)":null,"('0161-PE-2017', 1)":null,"('0161-PE-2017', 2)":null},"Sumario":{"('0161-PE-2017', 0)":"INCORPORACION DEL INCISO N) AL ARTICULO 74 DE LA LEY 24241; MODIFICACION DEL ARTICULO 23 DE LA LEY 24714 (ASIGNACIONES FAMILIARES); LA ADMINISTRACION NACIONAL DE LA SEGURIDAD SOCIAL (ANSES) SERA LA AUTORIDAD DE APLICACION.","('0161-PE-2017', 1)":null,"('0161-PE-2017', 2)":null},"Palabra Clave":{"('0161-PE-2017', 0)":" ","('0161-PE-2017', 1)":null,"('0161-PE-2017', 2)":null}}