{"Tipo de Proyecto":{"('0162-D-2017', 0)":"PROYECTO DE LEY","('0162-D-2017', 1)":null},"Iniciado en: ":{"('0162-D-2017', 0)":"Diputados","('0162-D-2017', 1)":null},"Expediente Diputados: ":{"('0162-D-2017', 0)":"0162-D-2017","('0162-D-2017', 1)":null},"Publicado en: ":{"('0162-D-2017', 0)":"Tr\u00e1mite Parlamentario N\u00b0 2","('0162-D-2017', 1)":null},"Fecha: ":{"('0162-D-2017', 0)":"03\/03\/2017","('0162-D-2017', 1)":null},"T\u00edtulo":{"('0162-D-2017', 0)":"CODIGO PENAL: INCORPORACION DE LOS DELITOS CONTRA EL MEDIO AMBIENTE (REPRODUCCION DEL EXPEDIENTE 0099-D-15).","('0162-D-2017', 1)":null},"('Firmantes', 'FIRMANTE')":{"('0162-D-2017', 0)":"BIANCHI, IVANA MARIA","('0162-D-2017', 1)":null},"('Firmantes', 'DISTRITO')":{"('0162-D-2017', 0)":"SAN LUIS","('0162-D-2017', 1)":null},"('Firmantes', 'BLOQUE')":{"('0162-D-2017', 0)":"COMPROMISO FEDERAL","('0162-D-2017', 1)":null},"('Giros', 'COMISI\u00d3N')":{"('0162-D-2017', 0)":"LEGISLACION PENAL","('0162-D-2017', 1)":"RECURSOS NATURALES Y CONSERVACION DEL AMBIENTE HUMANO"},"('Tramites', 'C\u00c1MARA')":{"('0162-D-2017', 0)":"Diputados","('0162-D-2017', 1)":null},"('Tramites', 'MOVIMIENTO')":{"('0162-D-2017', 0)":"REPRODUCIDO POR EXPEDIENTE 0080-D-19","('0162-D-2017', 1)":null},"('Tramites', 'FECHA')":{"('0162-D-2017', 0)":null,"('0162-D-2017', 1)":null},"('Tramites', 'RESULTADO')":{"('0162-D-2017', 0)":null,"('0162-D-2017', 1)":null},"Sumario":{"('0162-D-2017', 0)":"TIPIFICACION Y PENA; INCORPORACION AL CODIGO PENAL; COMO AUTORIDAD DE APLICACION SERA EL MINISTERIO DE JUSTICIA, SEGURIDAD Y DERECHOS HUMANOS.","('0162-D-2017', 1)":null},"Palabra Clave":{"('0162-D-2017', 0)":" ","('0162-D-2017', 1)":null}}