{"Tipo de Proyecto":{"('0163-OV-2017', 0)":"PROYECTO DE RESOLUCI\u00d3N"},"Iniciado en: ":{"('0163-OV-2017', 0)":"Senado"},"Expediente Senado: ":{"('0163-OV-2017', 0)":"0163-OV-2017"},"Publicado en: ":{"('0163-OV-2017', 0)":"Diario de Asuntos Entrados N\u00b0 62"},"Fecha: ":{"('0163-OV-2017', 0)":"23\/04\/2018"},"T\u00edtulo":{"('0163-OV-2017', 0)":"DICTAMEN EN LAS RESOLUCION 85\/17 Y 188\/17 DE LA AUDITORIA GENERAL DE LA NACION REFERIDAS AL FONDO DE COMPENSACION AMBIENTAL - ACUMAR AL 30\/06\/2016 Y AL 31\/12\/2016."},"('Firmantes', 'FIRMANTE')":{"('0163-OV-2017', 0)":"PARLAMENTARIA MIXTA REVISORA DE CUENTAS"},"('Firmantes', 'DISTRITO')":{"('0163-OV-2017', 0)":null},"('Firmantes', 'BLOQUE')":{"('0163-OV-2017', 0)":null},"Sumario":{"('0163-OV-2017', 0)":"HABIENDO TOMADO CONOCIMIENTO, Y SIN PERJUICIO DE ULTERIORES MEDIDAS QUE PUEDAN ADOPTARSE, SE ACONSEJA SU REMISION AL ARCHIVO, PREVIA REMISION DE COPIA DE LOS ANTECEDENTES AL ORGANO DE CONTROL, A LA CORTE SUPREMA DE JUSTICIA DE LA NACION,  AL JUZGADO CRIMINAL Y CORRECCIONAL FEDERAL 12 Y AL JUZGADO FEDERAL EN LO CRIMINAL Y CORRECCIONAL 2 DE LA CIUDAD DE MORON, PROVINCIA DE BUENOS AIRES"},"Palabra Clave":{"('0163-OV-2017', 0)":" "}}