{"Tipo de Proyecto":{"('0163-D-2017', 0)":"PROYECTO DE LEY","('0163-D-2017', 1)":null},"Iniciado en: ":{"('0163-D-2017', 0)":"Diputados","('0163-D-2017', 1)":null},"Expediente Diputados: ":{"('0163-D-2017', 0)":"0163-D-2017","('0163-D-2017', 1)":null},"Publicado en: ":{"('0163-D-2017', 0)":"Tr\u00e1mite Parlamentario N\u00b0 2","('0163-D-2017', 1)":null},"Fecha: ":{"('0163-D-2017', 0)":"03\/03\/2017","('0163-D-2017', 1)":null},"T\u00edtulo":{"('0163-D-2017', 0)":"PROGRAMA MEDICO OBLIGATORIO - P.M.O. - INCORPORASE LA COBERTURA DEL DIAGNOSTICO, TRATAMIENTO Y DEMAS PRESTACIONES CORRESPONDIENTES AL SINDROME PSICOSOCIAL  DENOMINADO \"SINDROME DE BURNOUT\" (REPRODUCCION DEL EXPEDIENTE 1843-D-15).","('0163-D-2017', 1)":null},"('Firmantes', 'FIRMANTE')":{"('0163-D-2017', 0)":"BIANCHI, IVANA MARIA","('0163-D-2017', 1)":null},"('Firmantes', 'DISTRITO')":{"('0163-D-2017', 0)":"SAN LUIS","('0163-D-2017', 1)":null},"('Firmantes', 'BLOQUE')":{"('0163-D-2017', 0)":"COMPROMISO FEDERAL","('0163-D-2017', 1)":null},"('Giros', 'COMISI\u00d3N')":{"('0163-D-2017', 0)":"ACCION SOCIAL Y SALUD PUBLICA","('0163-D-2017', 1)":"PRESUPUESTO Y HACIENDA"},"('Tramites', 'C\u00c1MARA')":{"('0163-D-2017', 0)":"Diputados","('0163-D-2017', 1)":null},"('Tramites', 'MOVIMIENTO')":{"('0163-D-2017', 0)":"REPRODUCIDO POR EXPEDIENTE 0081-D-19","('0163-D-2017', 1)":null},"('Tramites', 'FECHA')":{"('0163-D-2017', 0)":null,"('0163-D-2017', 1)":null},"('Tramites', 'RESULTADO')":{"('0163-D-2017', 0)":null,"('0163-D-2017', 1)":null},"Palabra Clave":{"('0163-D-2017', 0)":" ","('0163-D-2017', 1)":null}}