{"Tipo de Proyecto":{"('0164-D-2017', 0)":"PROYECTO DE LEY","('0164-D-2017', 1)":null},"Iniciado en: ":{"('0164-D-2017', 0)":"Diputados","('0164-D-2017', 1)":null},"Expediente Diputados: ":{"('0164-D-2017', 0)":"0164-D-2017","('0164-D-2017', 1)":null},"Publicado en: ":{"('0164-D-2017', 0)":"Tr\u00e1mite Parlamentario N\u00b0 2","('0164-D-2017', 1)":null},"Fecha: ":{"('0164-D-2017', 0)":"03\/03\/2017","('0164-D-2017', 1)":null},"T\u00edtulo":{"('0164-D-2017', 0)":"EX ESTACION FERROVIARIA SAN LUIS DEL EX FERROCARRIL GENERAL SAN MARTIN, UBICADA EN LA CIUDAD CAPITAL DE LA PROVINCIA DE SAN LUIS.  SE DECLARA MONUMENTO HISTORICO NACIONAL. (REPRODUCCION DEL EXPEDIENTE 3849-D-15).","('0164-D-2017', 1)":null},"('Firmantes', 'FIRMANTE')":{"('0164-D-2017', 0)":"BIANCHI, IVANA MARIA","('0164-D-2017', 1)":null},"('Firmantes', 'DISTRITO')":{"('0164-D-2017', 0)":"SAN LUIS","('0164-D-2017', 1)":null},"('Firmantes', 'BLOQUE')":{"('0164-D-2017', 0)":"COMPROMISO FEDERAL","('0164-D-2017', 1)":null},"('Giros', 'COMISI\u00d3N')":{"('0164-D-2017', 0)":"CULTURA","('0164-D-2017', 1)":"PRESUPUESTO Y HACIENDA"},"('Tramites', 'C\u00c1MARA')":{"('0164-D-2017', 0)":"Diputados","('0164-D-2017', 1)":null},"('Tramites', 'MOVIMIENTO')":{"('0164-D-2017', 0)":"REPRODUCIDO POR EXPEDIENTE 0082-D-19","('0164-D-2017', 1)":null},"('Tramites', 'FECHA')":{"('0164-D-2017', 0)":null,"('0164-D-2017', 1)":null},"('Tramites', 'RESULTADO')":{"('0164-D-2017', 0)":null,"('0164-D-2017', 1)":null},"Sumario":{"('0164-D-2017', 0)":"EN EL MARCO DE LO NORMADO POR LA LEY 12665 Y MODIFICATORIAS","('0164-D-2017', 1)":null},"Palabra Clave":{"('0164-D-2017', 0)":" ","('0164-D-2017', 1)":null}}