{"Tipo de Proyecto":{"('0165-S-2017', 0)":"PROYECTO DE LEY","('0165-S-2017', 1)":null,"('0165-S-2017', 2)":null,"('0165-S-2017', 3)":null},"Iniciado en: ":{"('0165-S-2017', 0)":"Senado","('0165-S-2017', 1)":null,"('0165-S-2017', 2)":null,"('0165-S-2017', 3)":null},"Expediente Senado: ":{"('0165-S-2017', 0)":"0165-S-2017","('0165-S-2017', 1)":null,"('0165-S-2017', 2)":null,"('0165-S-2017', 3)":null},"Publicado en: ":{"('0165-S-2017', 0)":"Diario de Asuntos Entrados N\u00b0 9","('0165-S-2017', 1)":null,"('0165-S-2017', 2)":null,"('0165-S-2017', 3)":null},"Fecha: ":{"('0165-S-2017', 0)":"06\/03\/2017","('0165-S-2017', 1)":null,"('0165-S-2017', 2)":null,"('0165-S-2017', 3)":null},"T\u00edtulo":{"('0165-S-2017', 0)":"INCORPORACION DE ULTIMO PARRAFO AL ARTICULO 76 BIS DEL CODIGO PENAL DETERMINANDO QUE NO PROCEDERA LA SUSPENSION DEL JUICIO A PRUEBA RESPECTO DE LOS ILICITOS REPRIMIDOS POR EL ARTICULO 119 (DELITOS CONTRA LA INTEGRIDAD SEXUAL) (REPRODUCCION DEL EXPEDIENTE 0523-S-15).","('0165-S-2017', 1)":null,"('0165-S-2017', 2)":null,"('0165-S-2017', 3)":null},"('Firmantes', 'FIRMANTE')":{"('0165-S-2017', 0)":"FIORE VI\u00d1UALES, MARIA CRISTINA DEL VALLE","('0165-S-2017', 1)":"KUNATH, SIGRID ELIZABETH","('0165-S-2017', 2)":null,"('0165-S-2017', 3)":null},"('Firmantes', 'DISTRITO')":{"('0165-S-2017', 0)":"SALTA","('0165-S-2017', 1)":"ENTRE RIOS","('0165-S-2017', 2)":null,"('0165-S-2017', 3)":null},"('Firmantes', 'BLOQUE')":{"('0165-S-2017', 0)":"PARES","('0165-S-2017', 1)":"FRENTE PARA LA VICTORIA - PJ","('0165-S-2017', 2)":null,"('0165-S-2017', 3)":null},"('Tramites', 'C\u00c1MARA')":{"('0165-S-2017', 0)":"Senado","('0165-S-2017', 1)":"Senado","('0165-S-2017', 2)":"Senado","('0165-S-2017', 3)":"Diputados"},"('Tramites', 'MOVIMIENTO')":{"('0165-S-2017', 0)":"CITACION SESION ESPECIAL CONJUNTAMENTE PARA LOS EXPEDIENTES 1486-S-2016, 0020-S-2017, 0004-S-2017 y 0165-S-2017","('0165-S-2017', 1)":"MOCION SOBRE TABLAS (AFIRMATIVA) CONJUNTAMENTE PARA LOS EXPEDIENTES 1486-S-2016, 0020-S-2017, 0004-S-2017 y 0165-S-2017","('0165-S-2017', 2)":"CONSIDERACION Y APROBACION CONJUNTAMENTE PARA LOS EXPEDIENTES 1486-S-2016, 0020-S-2017, 0004-S-2017 y 0165-S-2017","('0165-S-2017', 3)":"PASA A DIPUTADOS - CONJUNTAMENTE PARA LOS EXPEDIENTES 1486-S-2016, 0020-S-2017, 0004-S-2017 y 0165-S-2017"},"('Tramites', 'FECHA')":{"('0165-S-2017', 0)":"26\/04\/2017","('0165-S-2017', 1)":"26\/04\/2017","('0165-S-2017', 2)":"26\/04\/2017","('0165-S-2017', 3)":null},"('Tramites', 'RESULTADO')":{"('0165-S-2017', 0)":null,"('0165-S-2017', 1)":null,"('0165-S-2017', 2)":"MEDIA SANCION","('0165-S-2017', 3)":null},"Link":{"('0165-S-2017', 0)":"http:\/\/www.senado.gov.ar\/parlamentario\/comisiones\/verExp\/165.17\/S\/PL","('0165-S-2017', 1)":null,"('0165-S-2017', 2)":null,"('0165-S-2017', 3)":null},"Palabra Clave":{"('0165-S-2017', 0)":" ","('0165-S-2017', 1)":null,"('0165-S-2017', 2)":null,"('0165-S-2017', 3)":null}}