{"Tipo de Proyecto":{"('0166-PE-2017', 0)":"MENSAJE NRO \/ A\u00d1O"},"Iniciado en: ":{"('0166-PE-2017', 0)":"Senado"},"Expediente Senado: ":{"('0166-PE-2017', 0)":"0166-PE-2017"},"Publicado en: ":{"('0166-PE-2017', 0)":"Diario de Asuntos Entrados N\u00b0 0"},"Fecha: ":{"('0166-PE-2017', 0)":"30\/06\/2017"},"T\u00edtulo":{"('0166-PE-2017', 0)":"COPIA DE LA RESOLUCION DE APROBACION, EL ESTUDIO DE IMPACTO AMBIENTAL Y EL INFORME DE FACTIBILIDAD DE LA OBRA \"APROVECHAMIENTO HIDROELECTRICO DEL RIO SANTA CRUZ PRESIDENTE NESTOR KIRCHNER - GOBERNADOR JORGE CEPERNIC\", EN CUMPLIMIENTO DEL ARTICULO 3\u00ba DE LA LEY 23879, EN EL MARCO DE LA AUDIENCIA PUBLICA DEL H. CONGRESO DE LA NACION."},"('Firmantes', 'FIRMANTE')":{"('0166-PE-2017', 0)":"PE\u00d1A, MARCOS"},"('Firmantes', 'DISTRITO')":{"('0166-PE-2017', 0)":null},"('Firmantes', 'BLOQUE')":{"('0166-PE-2017', 0)":"PODER EJECUTIVO"},"Palabra Clave":{"('0166-PE-2017', 0)":" "}}