{"Tipo de Proyecto":{"('0166-D-2017', 0)":"PROYECTO DE LEY","('0166-D-2017', 1)":null},"Iniciado en: ":{"('0166-D-2017', 0)":"Diputados","('0166-D-2017', 1)":null},"Expediente Diputados: ":{"('0166-D-2017', 0)":"0166-D-2017","('0166-D-2017', 1)":null},"Publicado en: ":{"('0166-D-2017', 0)":"Tr\u00e1mite Parlamentario N\u00b0 2","('0166-D-2017', 1)":null},"Fecha: ":{"('0166-D-2017', 0)":"03\/03\/2017","('0166-D-2017', 1)":null},"T\u00edtulo":{"('0166-D-2017', 0)":"CONTRATO DE TRABAJO - LEY 20744 -.  MODIFICACIONES, SOBRE LICENCIA POR MATERNIDAD (REPRODUCCION DEL EXPEDIENTE 0136-D-15).","('0166-D-2017', 1)":null},"('Firmantes', 'FIRMANTE')":{"('0166-D-2017', 0)":"BIANCHI, IVANA MARIA","('0166-D-2017', 1)":null},"('Firmantes', 'DISTRITO')":{"('0166-D-2017', 0)":"SAN LUIS","('0166-D-2017', 1)":null},"('Firmantes', 'BLOQUE')":{"('0166-D-2017', 0)":"COMPROMISO FEDERAL","('0166-D-2017', 1)":null},"('Giros', 'COMISI\u00d3N')":{"('0166-D-2017', 0)":"LEGISLACION DEL TRABAJO","('0166-D-2017', 1)":"FAMILIA, MUJER, NI\u00d1EZ Y ADOLESCENCIA"},"Sumario":{"('0166-D-2017', 0)":"SUSTITUCION DE LOS ARTICULOS 177, 179 Y 183; INCORPORACION DEL ARTICULO 177 BIS).","('0166-D-2017', 1)":null},"Palabra Clave":{"('0166-D-2017', 0)":" ","('0166-D-2017', 1)":null}}