{"Tipo de Proyecto":{"('0166-OV-2017', 0)":"PROYECTO DE RESOLUCI\u00d3N"},"Iniciado en: ":{"('0166-OV-2017', 0)":"Senado"},"Expediente Senado: ":{"('0166-OV-2017', 0)":"0166-OV-2017"},"Fecha: ":{"('0166-OV-2017', 0)":"09\/10\/2018"},"T\u00edtulo":{"('0166-OV-2017', 0)":"PEDIDO DE INFORMES AL PODER EJECUTIVO SOBRE RESOLUCION REMITIDA POR LA AUDITORIA GENERAL DE LA NACION 89\/17, QUE APRUEBA EL INFORME DE AUDITORIA, LA SINTESIS EJECUTIVA Y LA FICHA DEL INFORME REALIZADO EN EL AMBITO DE LA EX SECRETARIA DE TRANSPORTE DE LA NACION, DE NACION SERVICIOS S.A. Y DE LA COMISION NACIONAL DE REGULACION DEL TRANSPORTE (CNRT)."},"('Firmantes', 'FIRMANTE')":{"('0166-OV-2017', 0)":"PARLAMENTARIA MIXTA REVISORA DE CUENTAS"},"('Firmantes', 'DISTRITO')":{"('0166-OV-2017', 0)":null},"('Firmantes', 'BLOQUE')":{"('0166-OV-2017', 0)":null},"Link":{"('0166-OV-2017', 0)":"http:\/\/www.senado.gov.ar\/parlamentario\/comisiones\/verExp\/166.17\/OV\/PR"},"Palabra Clave":{"('0166-OV-2017', 0)":" "}}