{"Tipo de Proyecto":{"('0168-D-2017', 0)":"PROYECTO DE LEY","('0168-D-2017', 1)":null,"('0168-D-2017', 2)":null,"('0168-D-2017', 3)":null,"('0168-D-2017', 4)":null,"('0168-D-2017', 5)":null},"Iniciado en: ":{"('0168-D-2017', 0)":"Diputados","('0168-D-2017', 1)":null,"('0168-D-2017', 2)":null,"('0168-D-2017', 3)":null,"('0168-D-2017', 4)":null,"('0168-D-2017', 5)":null},"Expediente Diputados: ":{"('0168-D-2017', 0)":"0168-D-2017","('0168-D-2017', 1)":null,"('0168-D-2017', 2)":null,"('0168-D-2017', 3)":null,"('0168-D-2017', 4)":null,"('0168-D-2017', 5)":null},"Publicado en: ":{"('0168-D-2017', 0)":"Tr\u00e1mite Parlamentario N\u00b0 2","('0168-D-2017', 1)":null,"('0168-D-2017', 2)":null,"('0168-D-2017', 3)":null,"('0168-D-2017', 4)":null,"('0168-D-2017', 5)":null},"Fecha: ":{"('0168-D-2017', 0)":"03\/03\/2017","('0168-D-2017', 1)":null,"('0168-D-2017', 2)":null,"('0168-D-2017', 3)":null,"('0168-D-2017', 4)":null,"('0168-D-2017', 5)":null},"T\u00edtulo":{"('0168-D-2017', 0)":"EJERCICIO DE LA PROFESION DE LOS MANDATARIOS DEL AUTOMOTOR Y DE CREDITOS PRENDARIOS.  REGIMEN","('0168-D-2017', 1)":null,"('0168-D-2017', 2)":null,"('0168-D-2017', 3)":null,"('0168-D-2017', 4)":null,"('0168-D-2017', 5)":null},"('Firmantes', 'FIRMANTE')":{"('0168-D-2017', 0)":"TOMASSI, NESTOR NICOLAS","('0168-D-2017', 1)":"RUBIN, CARLOS GUSTAVO","('0168-D-2017', 2)":"MIRANDA, PEDRO RUBEN","('0168-D-2017', 3)":"MACIAS, OSCAR ALBERTO","('0168-D-2017', 4)":"TENTOR, HECTOR OLINDO","('0168-D-2017', 5)":"ZILIOTTO, SERGIO RAUL"},"('Firmantes', 'DISTRITO')":{"('0168-D-2017', 0)":"CATAMARCA","('0168-D-2017', 1)":"CORRIENTES","('0168-D-2017', 2)":"MENDOZA","('0168-D-2017', 3)":"CORRIENTES","('0168-D-2017', 4)":"JUJUY","('0168-D-2017', 5)":"LA PAMPA"},"('Firmantes', 'BLOQUE')":{"('0168-D-2017', 0)":"JUSTICIALISTA","('0168-D-2017', 1)":"JUSTICIALISTA","('0168-D-2017', 2)":"JUSTICIALISTA","('0168-D-2017', 3)":"JUSTICIALISTA","('0168-D-2017', 4)":"JUSTICIALISTA","('0168-D-2017', 5)":"JUSTICIALISTA"},"('Giros', 'COMISI\u00d3N')":{"('0168-D-2017', 0)":"LEGISLACION GENERAL","('0168-D-2017', 1)":"JUSTICIA","('0168-D-2017', 2)":null,"('0168-D-2017', 3)":null,"('0168-D-2017', 4)":null,"('0168-D-2017', 5)":null},"Sumario":{"('0168-D-2017', 0)":"OBJETO; CONDICIONES PARA EL EJERCICIO DE LA PROFESION CONDICIONES HABILITANTES; CONTROL A CARGO DE DIRECCION NACIONAL DE LOS REGISTROS DE LA PROPIEDAD AUTOMOTOR Y CREDITOS PRENDARIOS (DNRPA); INHABILIDADES E INCOMPATIBILIDADES; MATRICULACION Y REGISTRO DE LEGAJOS; FACULTADES, DERECHOS Y OBLIGACIONES; SANCIONES.","('0168-D-2017', 1)":null,"('0168-D-2017', 2)":null,"('0168-D-2017', 3)":null,"('0168-D-2017', 4)":null,"('0168-D-2017', 5)":null},"Palabra Clave":{"('0168-D-2017', 0)":" ","('0168-D-2017', 1)":null,"('0168-D-2017', 2)":null,"('0168-D-2017', 3)":null,"('0168-D-2017', 4)":null,"('0168-D-2017', 5)":null}}