{"Tipo de Proyecto":{"('0168-S-2017', 0)":"PROYECTO DE DECLARACI\u00d3N"},"Iniciado en: ":{"('0168-S-2017', 0)":"Senado"},"Expediente Senado: ":{"('0168-S-2017', 0)":"0168-S-2017"},"Publicado en: ":{"('0168-S-2017', 0)":"Diario de Asuntos Entrados N\u00b0 9"},"Fecha: ":{"('0168-S-2017', 0)":"06\/03\/2017"},"T\u00edtulo":{"('0168-S-2017', 0)":"DECLARACION DE INTERES LA XIV CONFERENCIA BIENAL INTERNACIONAL DE LA ASOCIACION INTERNACIONAL DE MUJERES JUECES (AIMJ), A REALIZARSE EN LA CIUDAD AUTONOMA DE BUENOS AIRES, ENTRE EL 2 Y 6 DE MAYO DE 2018."},"('Firmantes', 'FIRMANTE')":{"('0168-S-2017', 0)":"KUNATH, SIGRID ELIZABETH"},"('Firmantes', 'DISTRITO')":{"('0168-S-2017', 0)":"ENTRE RIOS"},"('Firmantes', 'BLOQUE')":{"('0168-S-2017', 0)":"FRENTE PARA LA VICTORIA - PJ"},"('Tramites', 'C\u00c1MARA')":{"('0168-S-2017', 0)":"Senado"},"('Tramites', 'MOVIMIENTO')":{"('0168-S-2017', 0)":"CONSIDERACION Y APROBACION"},"('Tramites', 'FECHA')":{"('0168-S-2017', 0)":"29\/03\/2017"},"('Tramites', 'RESULTADO')":{"('0168-S-2017', 0)":"APROBADO"},"Link":{"('0168-S-2017', 0)":"http:\/\/www.senado.gov.ar\/parlamentario\/comisiones\/verExp\/168.17\/S\/PD"},"Palabra Clave":{"('0168-S-2017', 0)":" "}}