{"Tipo de Proyecto":{"('0171-D-2017', 0)":"PROYECTO DE LEY","('0171-D-2017', 1)":null,"('0171-D-2017', 2)":null,"('0171-D-2017', 3)":null,"('0171-D-2017', 4)":null,"('0171-D-2017', 5)":null},"Iniciado en: ":{"('0171-D-2017', 0)":"Diputados","('0171-D-2017', 1)":null,"('0171-D-2017', 2)":null,"('0171-D-2017', 3)":null,"('0171-D-2017', 4)":null,"('0171-D-2017', 5)":null},"Expediente Diputados: ":{"('0171-D-2017', 0)":"0171-D-2017","('0171-D-2017', 1)":null,"('0171-D-2017', 2)":null,"('0171-D-2017', 3)":null,"('0171-D-2017', 4)":null,"('0171-D-2017', 5)":null},"Publicado en: ":{"('0171-D-2017', 0)":"Tr\u00e1mite Parlamentario N\u00b0 2","('0171-D-2017', 1)":null,"('0171-D-2017', 2)":null,"('0171-D-2017', 3)":null,"('0171-D-2017', 4)":null,"('0171-D-2017', 5)":null},"Fecha: ":{"('0171-D-2017', 0)":"03\/03\/2017","('0171-D-2017', 1)":null,"('0171-D-2017', 2)":null,"('0171-D-2017', 3)":null,"('0171-D-2017', 4)":null,"('0171-D-2017', 5)":null},"T\u00edtulo":{"('0171-D-2017', 0)":"SE DECLARA DE INTERES NACIONAL LA INCLUSION DE ESPECIES ARBOREAS Y ARBUSTIVAS NATIVAS Y EXOTICAS CON PROPIEDADES BIOCIDAS SOBRE VECTORES TRANSMISORES DE ENFERMEDADES A LOS SERES HUMANOS Y ANIMALES. MODIFICACION DEL ARTICULO 8\u00b0 DE LA LEY 13273 DE RIQUEZA FORESTAL","('0171-D-2017', 1)":null,"('0171-D-2017', 2)":null,"('0171-D-2017', 3)":null,"('0171-D-2017', 4)":null,"('0171-D-2017', 5)":null},"('Firmantes', 'FIRMANTE')":{"('0171-D-2017', 0)":"TOMASSI, NESTOR NICOLAS","('0171-D-2017', 1)":"RUBIN, CARLOS GUSTAVO","('0171-D-2017', 2)":"MIRANDA, PEDRO RUBEN","('0171-D-2017', 3)":"TENTOR, HECTOR OLINDO","('0171-D-2017', 4)":"MACIAS, OSCAR ALBERTO","('0171-D-2017', 5)":"ZILIOTTO, SERGIO RAUL"},"('Firmantes', 'DISTRITO')":{"('0171-D-2017', 0)":"CATAMARCA","('0171-D-2017', 1)":"CORRIENTES","('0171-D-2017', 2)":"MENDOZA","('0171-D-2017', 3)":"JUJUY","('0171-D-2017', 4)":"CORRIENTES","('0171-D-2017', 5)":"LA PAMPA"},"('Firmantes', 'BLOQUE')":{"('0171-D-2017', 0)":"JUSTICIALISTA","('0171-D-2017', 1)":"JUSTICIALISTA","('0171-D-2017', 2)":"JUSTICIALISTA","('0171-D-2017', 3)":"JUSTICIALISTA","('0171-D-2017', 4)":"JUSTICIALISTA","('0171-D-2017', 5)":"JUSTICIALISTA"},"('Giros', 'COMISI\u00d3N')":{"('0171-D-2017', 0)":"RECURSOS NATURALES Y CONSERVACION DEL AMBIENTE HUMANO","('0171-D-2017', 1)":"ACCION SOCIAL Y SALUD PUBLICA","('0171-D-2017', 2)":"PRESUPUESTO Y HACIENDA","('0171-D-2017', 3)":null,"('0171-D-2017', 4)":null,"('0171-D-2017', 5)":null},"Sumario":{"('0171-D-2017', 0)":"OBJETIVOS; MODIFICACION DEL INCISO E) DEL ARTICULO 8 DE LA LEY 13273;  AUTORIDAD DE APLICACION: MINISTERIOS DE SALUD Y DE AGROINDUSTRIA.","('0171-D-2017', 1)":null,"('0171-D-2017', 2)":null,"('0171-D-2017', 3)":null,"('0171-D-2017', 4)":null,"('0171-D-2017', 5)":null},"Palabra Clave":{"('0171-D-2017', 0)":" ","('0171-D-2017', 1)":null,"('0171-D-2017', 2)":null,"('0171-D-2017', 3)":null,"('0171-D-2017', 4)":null,"('0171-D-2017', 5)":null}}