{"Tipo de Proyecto":{"('0172-PE-2017', 0)":"MENSAJE NRO: 0058\/17","('0172-PE-2017', 1)":null},"Iniciado en: ":{"('0172-PE-2017', 0)":"Senado","('0172-PE-2017', 1)":null},"Expediente Senado: ":{"('0172-PE-2017', 0)":"0172-PE-2017","('0172-PE-2017', 1)":null},"Publicado en: ":{"('0172-PE-2017', 0)":"Diario de Asuntos Entrados N\u00b0 125","('0172-PE-2017', 1)":null},"Fecha: ":{"('0172-PE-2017', 0)":"06\/07\/2017","('0172-PE-2017', 1)":null},"T\u00edtulo":{"('0172-PE-2017', 0)":"COMUNICACION DE LOS FUNDAMENTOS QUE SUSTENTAN LA DESIGNACION DE LOS MIEMBROS DEL DIRECTORIO DEL ENTE NACIONAL REGULADOR DE LA ELECTRICIDAD (ENRE), EN CUMPLIMIENTO DEL ARTICULO 58 DE LA LEY 24065 Y SUS MODIFICATORIOS.","('0172-PE-2017', 1)":null},"('Firmantes', 'FIRMANTE')":{"('0172-PE-2017', 0)":"MACRI, MAURICIO","('0172-PE-2017', 1)":"ARANGUREN, JUAN JOSE"},"('Firmantes', 'DISTRITO')":{"('0172-PE-2017', 0)":null,"('0172-PE-2017', 1)":null},"('Firmantes', 'BLOQUE')":{"('0172-PE-2017', 0)":"PODER EJECUTIVO","('0172-PE-2017', 1)":"PODER EJECUTIVO"},"Sumario":{"('0172-PE-2017', 0)":"VICEPRESIDENTE: MARTA IRENE ROSCARDI; VOCAL PRIMERO: CARLOS MANUEL BASTOS; VOCAL TERCERO: LAURA GISELA GIUMELLI.","('0172-PE-2017', 1)":null},"Palabra Clave":{"('0172-PE-2017', 0)":" ","('0172-PE-2017', 1)":null}}