{"Tipo de Proyecto":{"('0172-S-2017', 0)":"PROYECTO DE LEY","('0172-S-2017', 1)":null,"('0172-S-2017', 2)":null,"('0172-S-2017', 3)":null,"('0172-S-2017', 4)":null,"('0172-S-2017', 5)":null,"('0172-S-2017', 6)":null,"('0172-S-2017', 7)":null,"('0172-S-2017', 8)":null,"('0172-S-2017', 9)":null},"Iniciado en: ":{"('0172-S-2017', 0)":"Senado","('0172-S-2017', 1)":null,"('0172-S-2017', 2)":null,"('0172-S-2017', 3)":null,"('0172-S-2017', 4)":null,"('0172-S-2017', 5)":null,"('0172-S-2017', 6)":null,"('0172-S-2017', 7)":null,"('0172-S-2017', 8)":null,"('0172-S-2017', 9)":null},"Expediente Senado: ":{"('0172-S-2017', 0)":"0172-S-2017","('0172-S-2017', 1)":null,"('0172-S-2017', 2)":null,"('0172-S-2017', 3)":null,"('0172-S-2017', 4)":null,"('0172-S-2017', 5)":null,"('0172-S-2017', 6)":null,"('0172-S-2017', 7)":null,"('0172-S-2017', 8)":null,"('0172-S-2017', 9)":null},"Publicado en: ":{"('0172-S-2017', 0)":"Diario de Asuntos Entrados N\u00b0 9","('0172-S-2017', 1)":null,"('0172-S-2017', 2)":null,"('0172-S-2017', 3)":null,"('0172-S-2017', 4)":null,"('0172-S-2017', 5)":null,"('0172-S-2017', 6)":null,"('0172-S-2017', 7)":null,"('0172-S-2017', 8)":null,"('0172-S-2017', 9)":null},"Fecha: ":{"('0172-S-2017', 0)":"06\/03\/2017","('0172-S-2017', 1)":null,"('0172-S-2017', 2)":null,"('0172-S-2017', 3)":null,"('0172-S-2017', 4)":null,"('0172-S-2017', 5)":null,"('0172-S-2017', 6)":null,"('0172-S-2017', 7)":null,"('0172-S-2017', 8)":null,"('0172-S-2017', 9)":null},"T\u00edtulo":{"('0172-S-2017', 0)":"PENSION DE CARACTER REPARATORIO PARA HIJOS DE VICTIMAS DE VIOLENCIA FAMILIAR O GENERO.\n","('0172-S-2017', 1)":null,"('0172-S-2017', 2)":null,"('0172-S-2017', 3)":null,"('0172-S-2017', 4)":null,"('0172-S-2017', 5)":null,"('0172-S-2017', 6)":null,"('0172-S-2017', 7)":null,"('0172-S-2017', 8)":null,"('0172-S-2017', 9)":null},"('Firmantes', 'FIRMANTE')":{"('0172-S-2017', 0)":"AGUIRRE DE SORIA, HILDA CLELIA","('0172-S-2017', 1)":null,"('0172-S-2017', 2)":null,"('0172-S-2017', 3)":null,"('0172-S-2017', 4)":null,"('0172-S-2017', 5)":null,"('0172-S-2017', 6)":null,"('0172-S-2017', 7)":null,"('0172-S-2017', 8)":null,"('0172-S-2017', 9)":null},"('Firmantes', 'DISTRITO')":{"('0172-S-2017', 0)":"LA RIOJA","('0172-S-2017', 1)":null,"('0172-S-2017', 2)":null,"('0172-S-2017', 3)":null,"('0172-S-2017', 4)":null,"('0172-S-2017', 5)":null,"('0172-S-2017', 6)":null,"('0172-S-2017', 7)":null,"('0172-S-2017', 8)":null,"('0172-S-2017', 9)":null},"('Firmantes', 'BLOQUE')":{"('0172-S-2017', 0)":"FRENTE PARA LA VICTORIA - PJ","('0172-S-2017', 1)":null,"('0172-S-2017', 2)":null,"('0172-S-2017', 3)":null,"('0172-S-2017', 4)":null,"('0172-S-2017', 5)":null,"('0172-S-2017', 6)":null,"('0172-S-2017', 7)":null,"('0172-S-2017', 8)":null,"('0172-S-2017', 9)":null},"('Tramites', 'C\u00c1MARA')":{"('0172-S-2017', 0)":"Senado","('0172-S-2017', 1)":"Senado","('0172-S-2017', 2)":"Senado","('0172-S-2017', 3)":"Senado","('0172-S-2017', 4)":"Diputados","('0172-S-2017', 5)":"Diputados","('0172-S-2017', 6)":"Diputados","('0172-S-2017', 7)":"Diputados","('0172-S-2017', 8)":"Diputados","('0172-S-2017', 9)":"Diputados"},"('Tramites', 'MOVIMIENTO')":{"('0172-S-2017', 0)":"SUPRESION DEL GIRO A LA COMISION DE TRABAJO Y PREVISION SOCIAL, GIRO A LA COMISION DE POBLACION Y DESARROLLO HUMANO.","('0172-S-2017', 1)":"MOCION SOBRE TABLAS (AFIRMATIVA) CONJUNTAMENTE PARA LOS EXPEDIENTES 0027-S-2017, 0206-S-2016, 4118-S-2016 y 0172-S-2017","('0172-S-2017', 2)":"CONSIDERACION Y APROBACION CONJUNTAMENTE PARA LOS EXPEDIENTES 0027-S-2017, 0206-S-2016, 4118-S-2016 y 0172-S-2017","('0172-S-2017', 3)":"INSERCIONES CONJUNTAMENTE PARA LOS EXPEDIENTES 0027-S-2017, 0206-S-2016, 4118-S-2016 y 0172-S-2017","('0172-S-2017', 4)":"PASA A DIPUTADOS - CONJUNTAMENTE PARA LOS EXPEDIENTES 0027-S-2017, 0206-S-2016, 4118-S-2016 y 0172-S-2017","('0172-S-2017', 5)":"MOCION TRATAMIENTO ANTICIPADO (AFIRMATIVA) CONJUNTAMENTE PARA LOS EXPEDIENTES 0027-S-2017, 0206-S-2016, 4118-S-2016 y 0172-S-2017","('0172-S-2017', 6)":"CITACION SESION ESPECIAL CONJUNTAMENTE PARA LOS EXPEDIENTES 0027-S-2017, 0206-S-2016, 4118-S-2016 y 0172-S-2017","('0172-S-2017', 7)":"MOCION CAMARA EN COMISION, CONFERENCIA CONJUNTAMENTE PARA LOS EXPEDIENTES 0027-S-2017, 0206-S-2016, 4118-S-2016 y 0172-S-2017","('0172-S-2017', 8)":"CONSIDERACION Y SANCION CONJUNTAMENTE PARA LOS EXPEDIENTES 0027-S-2017, 0206-S-2016, 4118-S-2016 y 0172-S-2017","('0172-S-2017', 9)":"INSERCIONES CONJUNTAMENTE PARA LOS EXPEDIENTES 0027-S-2017, 0206-S-2016, 4118-S-2016 y 0172-S-2017"},"('Tramites', 'FECHA')":{"('0172-S-2017', 0)":"29\/03\/2017","('0172-S-2017', 1)":"31\/05\/2017","('0172-S-2017', 2)":"31\/05\/2017","('0172-S-2017', 3)":"31\/05\/2017","('0172-S-2017', 4)":null,"('0172-S-2017', 5)":"04\/07\/2018","('0172-S-2017', 6)":"04\/07\/2018","('0172-S-2017', 7)":"04\/07\/2018","('0172-S-2017', 8)":"04\/07\/2018","('0172-S-2017', 9)":"04\/07\/2018"},"('Tramites', 'RESULTADO')":{"('0172-S-2017', 0)":null,"('0172-S-2017', 1)":null,"('0172-S-2017', 2)":"MEDIA SANCION","('0172-S-2017', 3)":null,"('0172-S-2017', 4)":null,"('0172-S-2017', 5)":null,"('0172-S-2017', 6)":null,"('0172-S-2017', 7)":null,"('0172-S-2017', 8)":"SANCIONADO","('0172-S-2017', 9)":null},"Link":{"('0172-S-2017', 0)":"http:\/\/www.senado.gov.ar\/parlamentario\/comisiones\/verExp\/172.17\/S\/PL","('0172-S-2017', 1)":null,"('0172-S-2017', 2)":null,"('0172-S-2017', 3)":null,"('0172-S-2017', 4)":null,"('0172-S-2017', 5)":null,"('0172-S-2017', 6)":null,"('0172-S-2017', 7)":null,"('0172-S-2017', 8)":null,"('0172-S-2017', 9)":null},"Palabra Clave":{"('0172-S-2017', 0)":" ","('0172-S-2017', 1)":null,"('0172-S-2017', 2)":null,"('0172-S-2017', 3)":null,"('0172-S-2017', 4)":null,"('0172-S-2017', 5)":null,"('0172-S-2017', 6)":null,"('0172-S-2017', 7)":null,"('0172-S-2017', 8)":null,"('0172-S-2017', 9)":null}}