{"Tipo de Proyecto":{"('0173-S-2017', 0)":"PROYECTO DE LEY"},"Iniciado en: ":{"('0173-S-2017', 0)":"Senado"},"Expediente Senado: ":{"('0173-S-2017', 0)":"0173-S-2017"},"Publicado en: ":{"('0173-S-2017', 0)":"Diario de Asuntos Entrados N\u00b0 9"},"Fecha: ":{"('0173-S-2017', 0)":"06\/03\/2017"},"T\u00edtulo":{"('0173-S-2017', 0)":"MODIFICACION DEL TITULO DEL CAPITULO II DE LA LEY 20744 (CONTRATO DE TRABAJO) PROLONGANDO LAS LICENCIAS POR MATERNIDAD E INCORPORANDO LAS LICENCIAS POR PATERNIDAD.\n"},"('Firmantes', 'FIRMANTE')":{"('0173-S-2017', 0)":"GARCIA LARRABURU, SILVINA MARCELA"},"('Firmantes', 'DISTRITO')":{"('0173-S-2017', 0)":"RIO NEGRO"},"('Firmantes', 'BLOQUE')":{"('0173-S-2017', 0)":"FRENTE PARA LA VICTORIA - PJ"},"('Tramites', 'C\u00c1MARA')":{"('0173-S-2017', 0)":"Senado"},"('Tramites', 'MOVIMIENTO')":{"('0173-S-2017', 0)":"MOCION DE PREFERENCIA PARA LA PROXIMA SESION CON DICTAMEN (AFIRMATIVA) CONJUNTAMENTE PARA LOS EXPEDIENTES 0077-S-2017, 0078-S-2017, 0134-S-2017, 0173-S-2017, 0625-S-2017, 0688-S-2017, 0981-S-2017, 1203-S-2017, 1562-S-2017, 0067-S-2018, 0074-S-2018, 0306-S-2018, 0354-S-2018, 0339-S-2018, 0596-S-2018, 1337-S-2018, 1329-S-2018, 2323-S-2018 y 3341-S-2018"},"('Tramites', 'FECHA')":{"('0173-S-2017', 0)":"16\/04\/2019"},"('Tramites', 'RESULTADO')":{"('0173-S-2017', 0)":null},"Sumario":{"('0173-S-2017', 0)":"MODIFICACION DE LOS ARTICULOS 177 Y 178."},"Palabra Clave":{"('0173-S-2017', 0)":" "}}