{"Tipo de Proyecto":{"('0173-D-2017', 0)":"PROYECTO DE RESOLUCI\u00d3N","('0173-D-2017', 1)":null},"Iniciado en: ":{"('0173-D-2017', 0)":"Diputados","('0173-D-2017', 1)":null},"Expediente Diputados: ":{"('0173-D-2017', 0)":"0173-D-2017","('0173-D-2017', 1)":null},"Publicado en: ":{"('0173-D-2017', 0)":"Tr\u00e1mite Parlamentario N\u00b0 2","('0173-D-2017', 1)":null},"Fecha: ":{"('0173-D-2017', 0)":"03\/03\/2017","('0173-D-2017', 1)":null},"T\u00edtulo":{"('0173-D-2017', 0)":"CREACION EN EL AMBITO DE LA HONORABLE CAMARA DE DIPUTADOS DE LA NACION EL OBSERVATORIO PARLAMENTARIO AGENDA 2030 PARA EL DESARROLLO SOSTENIBLE DE LAS NACIONES UNIDAS - REPUBLICA ARGENTINA (REPRODUCCION DEL EXPEDIENTE 8923-D-16).","('0173-D-2017', 1)":null},"('Firmantes', 'FIRMANTE')":{"('0173-D-2017', 0)":"MONZO, EMILIO","('0173-D-2017', 1)":null},"('Firmantes', 'DISTRITO')":{"('0173-D-2017', 0)":"BUENOS AIRES","('0173-D-2017', 1)":null},"('Firmantes', 'BLOQUE')":{"('0173-D-2017', 0)":"UNION PRO","('0173-D-2017', 1)":null},"('Giros', 'COMISI\u00d3N')":{"('0173-D-2017', 0)":"RELACIONES EXTERIORES Y CULTO","('0173-D-2017', 1)":null},"('Tramites', 'C\u00c1MARA')":{"('0173-D-2017', 0)":"Diputados","('0173-D-2017', 1)":"Diputados"},"('Tramites', 'MOVIMIENTO')":{"('0173-D-2017', 0)":"CITACION SESION ESPECIAL","('0173-D-2017', 1)":"CONSIDERACION Y APROBACION"},"('Tramites', 'FECHA')":{"('0173-D-2017', 0)":"13\/09\/2017","('0173-D-2017', 1)":"13\/09\/2017"},"('Tramites', 'RESULTADO')":{"('0173-D-2017', 0)":null,"('0173-D-2017', 1)":"APROBADO"},"Palabra Clave":{"('0173-D-2017', 0)":" ","('0173-D-2017', 1)":null}}