{"Tipo de Proyecto":{"('0174-D-2017', 0)":"PROYECTO DE LEY","('0174-D-2017', 1)":null,"('0174-D-2017', 2)":null},"Iniciado en: ":{"('0174-D-2017', 0)":"Diputados","('0174-D-2017', 1)":null,"('0174-D-2017', 2)":null},"Expediente Diputados: ":{"('0174-D-2017', 0)":"0174-D-2017","('0174-D-2017', 1)":null,"('0174-D-2017', 2)":null},"Publicado en: ":{"('0174-D-2017', 0)":"Tr\u00e1mite Parlamentario N\u00b0 2","('0174-D-2017', 1)":null,"('0174-D-2017', 2)":null},"Fecha: ":{"('0174-D-2017', 0)":"03\/03\/2017","('0174-D-2017', 1)":null,"('0174-D-2017', 2)":null},"T\u00edtulo":{"('0174-D-2017', 0)":"PLANTAS MEDICINALES, DROGAS VEGETALES, MEDICAMENTOS FITOTERAPICOS: PROMOCION, DISTRIBUCION Y EXPENDIO; REGIMEN; MODIFICACION DE LA LEY 17565: DEROGACION DE LOS ARTICULOS 41 A 44. (REPRODUCCION DEL EXPEDIENTE 0112-D-15).","('0174-D-2017', 1)":null,"('0174-D-2017', 2)":null},"('Firmantes', 'FIRMANTE')":{"('0174-D-2017', 0)":"BIANCHI, IVANA MARIA","('0174-D-2017', 1)":null,"('0174-D-2017', 2)":null},"('Firmantes', 'DISTRITO')":{"('0174-D-2017', 0)":"SAN LUIS","('0174-D-2017', 1)":null,"('0174-D-2017', 2)":null},"('Firmantes', 'BLOQUE')":{"('0174-D-2017', 0)":"COMPROMISO FEDERAL","('0174-D-2017', 1)":null,"('0174-D-2017', 2)":null},"('Giros', 'COMISI\u00d3N')":{"('0174-D-2017', 0)":"ACCION SOCIAL Y SALUD PUBLICA","('0174-D-2017', 1)":"JUSTICIA","('0174-D-2017', 2)":"PRESUPUESTO Y HACIENDA"},"('Tramites', 'C\u00c1MARA')":{"('0174-D-2017', 0)":"Diputados","('0174-D-2017', 1)":null,"('0174-D-2017', 2)":null},"('Tramites', 'MOVIMIENTO')":{"('0174-D-2017', 0)":"REPRODUCIDO POR EXPEDIENTE 0083-D-19","('0174-D-2017', 1)":null,"('0174-D-2017', 2)":null},"('Tramites', 'FECHA')":{"('0174-D-2017', 0)":null,"('0174-D-2017', 1)":null,"('0174-D-2017', 2)":null},"('Tramites', 'RESULTADO')":{"('0174-D-2017', 0)":null,"('0174-D-2017', 1)":null,"('0174-D-2017', 2)":null},"Palabra Clave":{"('0174-D-2017', 0)":" ","('0174-D-2017', 1)":null,"('0174-D-2017', 2)":null}}