{"Tipo de Proyecto":{"('0175-S-2017', 0)":"PROYECTO DE LEY"},"Iniciado en: ":{"('0175-S-2017', 0)":"Senado"},"Expediente Senado: ":{"('0175-S-2017', 0)":"0175-S-2017"},"Publicado en: ":{"('0175-S-2017', 0)":"Diario de Asuntos Entrados N\u00b0 9"},"Fecha: ":{"('0175-S-2017', 0)":"06\/03\/2017"},"T\u00edtulo":{"('0175-S-2017', 0)":"ESTABLECER QUE LAS PRESTADORAS DE SERVICIOS DE COMUNICACIONES MOVILES, ENVIEN A TODOS SUS CLIENTES, UN LISTADO CON FOTO Y UNA BREVE DESCRIPCION DE LAS PERSONAS DESAPARECIDAS.\n"},"('Firmantes', 'FIRMANTE')":{"('0175-S-2017', 0)":"GARCIA LARRABURU, SILVINA MARCELA"},"('Firmantes', 'DISTRITO')":{"('0175-S-2017', 0)":"RIO NEGRO"},"('Firmantes', 'BLOQUE')":{"('0175-S-2017', 0)":"FRENTE PARA LA VICTORIA - PJ"},"Link":{"('0175-S-2017', 0)":"http:\/\/www.senado.gov.ar\/parlamentario\/comisiones\/verExp\/175.17\/S\/PL"},"Palabra Clave":{"('0175-S-2017', 0)":" "}}