{"Tipo de Proyecto":{"('0176-D-2017', 0)":"PROYECTO DE LEY","('0176-D-2017', 1)":null},"Iniciado en: ":{"('0176-D-2017', 0)":"Diputados","('0176-D-2017', 1)":null},"Expediente Diputados: ":{"('0176-D-2017', 0)":"0176-D-2017","('0176-D-2017', 1)":null},"Publicado en: ":{"('0176-D-2017', 0)":"Tr\u00e1mite Parlamentario N\u00b0 2","('0176-D-2017', 1)":null},"Fecha: ":{"('0176-D-2017', 0)":"03\/03\/2017","('0176-D-2017', 1)":null},"T\u00edtulo":{"('0176-D-2017', 0)":"REGISTRO DE INSTALADORES DE CONEXIONES ELECTRICAS. CREACION (REPRODUCCION DEL EXPEDIENTE 0075-D-15).","('0176-D-2017', 1)":null},"('Firmantes', 'FIRMANTE')":{"('0176-D-2017', 0)":"BIANCHI, IVANA MARIA","('0176-D-2017', 1)":null},"('Firmantes', 'DISTRITO')":{"('0176-D-2017', 0)":"SAN LUIS","('0176-D-2017', 1)":null},"('Firmantes', 'BLOQUE')":{"('0176-D-2017', 0)":"COMPROMISO FEDERAL","('0176-D-2017', 1)":null},"('Giros', 'COMISI\u00d3N')":{"('0176-D-2017', 0)":"ENERGIA Y COMBUSTIBLES","('0176-D-2017', 1)":"PRESUPUESTO Y HACIENDA"},"Sumario":{"('0176-D-2017', 0)":"POR PARTE DE CADA DISTRIBUIDOR DE ENERGIA ELECTRICA COMPRENDIDO DENTRO DE ESTA CATEGORIA POR LAS LEYES 15336 Y 24065 CATEGORIAS; CADA DISTRIBUIDOR DICTARA UNA REGLAMENTACION DETERMINADA; AUTORIDAD DE APLICACION:  SECRETARIA DE ENERGIA.","('0176-D-2017', 1)":null},"Palabra Clave":{"('0176-D-2017', 0)":" ","('0176-D-2017', 1)":null}}