{"Tipo de Proyecto":{"('0177-D-2017', 0)":"PROYECTO DE LEY","('0177-D-2017', 1)":null},"Iniciado en: ":{"('0177-D-2017', 0)":"Diputados","('0177-D-2017', 1)":null},"Expediente Diputados: ":{"('0177-D-2017', 0)":"0177-D-2017","('0177-D-2017', 1)":null},"Publicado en: ":{"('0177-D-2017', 0)":"Tr\u00e1mite Parlamentario N\u00b0 2","('0177-D-2017', 1)":null},"Fecha: ":{"('0177-D-2017', 0)":"03\/03\/2017","('0177-D-2017', 1)":null},"T\u00edtulo":{"('0177-D-2017', 0)":"PLAN MEDICO OBLIGATORIO (PMO): INCLUSION DE TRATAMIENTOS LASER PARA LAS MALFORMACIONES VASCULARES CONGENITAS Y ADQUIRIDAS LLAMADAS \"MANCHAS DE VINO OPORTO\" (REPRODUCCION DEL EXPEDIENTE 0074-D-15).","('0177-D-2017', 1)":null},"('Firmantes', 'FIRMANTE')":{"('0177-D-2017', 0)":"BIANCHI, IVANA MARIA","('0177-D-2017', 1)":null},"('Firmantes', 'DISTRITO')":{"('0177-D-2017', 0)":"SAN LUIS","('0177-D-2017', 1)":null},"('Firmantes', 'BLOQUE')":{"('0177-D-2017', 0)":"COMPROMISO FEDERAL","('0177-D-2017', 1)":null},"('Giros', 'COMISI\u00d3N')":{"('0177-D-2017', 0)":"ACCION SOCIAL Y SALUD PUBLICA","('0177-D-2017', 1)":"PRESUPUESTO Y HACIENDA"},"('Tramites', 'C\u00c1MARA')":{"('0177-D-2017', 0)":"Diputados","('0177-D-2017', 1)":null},"('Tramites', 'MOVIMIENTO')":{"('0177-D-2017', 0)":"REPRODUCIDO POR EXPEDIENTE 0086-D-19","('0177-D-2017', 1)":null},"('Tramites', 'FECHA')":{"('0177-D-2017', 0)":null,"('0177-D-2017', 1)":null},"('Tramites', 'RESULTADO')":{"('0177-D-2017', 0)":null,"('0177-D-2017', 1)":null},"Sumario":{"('0177-D-2017', 0)":"AUTORIDAD DE APLICACION: MINISTERIO DE SALUD DE LA NACION; ALCANCES Y OBLIGACIONES.","('0177-D-2017', 1)":null},"Palabra Clave":{"('0177-D-2017', 0)":" ","('0177-D-2017', 1)":null}}