{"Tipo de Proyecto":{"('0177-S-2017', 0)":"PROYECTO DE LEY"},"Iniciado en: ":{"('0177-S-2017', 0)":"Senado"},"Expediente Senado: ":{"('0177-S-2017', 0)":"0177-S-2017"},"Publicado en: ":{"('0177-S-2017', 0)":"Diario de Asuntos Entrados N\u00b0 9"},"Fecha: ":{"('0177-S-2017', 0)":"06\/03\/2017"},"T\u00edtulo":{"('0177-S-2017', 0)":"ESTABLECER UN MARCO REGULATORIO DE MEDIOS DE TRANSPORTE DE PERSONAS POR CABLE.\n"},"('Firmantes', 'FIRMANTE')":{"('0177-S-2017', 0)":"GARCIA LARRABURU, SILVINA MARCELA"},"('Firmantes', 'DISTRITO')":{"('0177-S-2017', 0)":"RIO NEGRO"},"('Firmantes', 'BLOQUE')":{"('0177-S-2017', 0)":"FRENTE PARA LA VICTORIA - PJ"},"Sumario":{"('0177-S-2017', 0)":"OBJETO DE LA LEY, DEFINICIONES, CONDICIONES GENERALES DE SEGURIDAD; REQUISITOS GENERALES DE OPERACION, MANTENIMIENTO, CONTROLES, INSPECCIONES Y MODIFICACIONES DE LOS MEDIOS DE TRANSPORTE DE PERSONAS POR CABLE: DISPOSICIONES INICIALES: DOCUMENTACION DEL MEDIO DE TRANSPORTE DE PERSONAS POR CABLE, REPRESENTANTE TECNICO, PERSONAL, REQUISITOS, FUNCIONES Y RESPONSABILIDADES, USO DE LOS TRANSPORTES DE PERSONAS POR CABLE, OPERACION DE LOS MEDIOS DE TRANSPORTE DE PERSONAS POR CABLE: REQUISITOS, GENERALIDADES Y MODALIDADES, CONTROLES EN LA OPERACION, PLAN DE EVACUACION DE LOS MEDIOS DE TRANSPORTE DE PERSONAS POR CABLE, MANTENIMIENTO DE LOS MEDIOS DE TRANSPORTE DE PERSONAS POR CABLE, CONTROLES, INSPECCIONES: GENERALIDADES DE LAS INSPECCIONES, INSPECCIONES ANUALES, INSPECCIONES PLURIANUALES, GRAN INSPECCION, MODIFICACION DE LAS INSTALACIONES, DE LOS COMPONENTES Y DE LA REINSTALACION DE MEDIOS DE TRANSPORTE DE PERSONAS POR CABLE REACONDICIONADOS: MODIFICACION DE LAS INSTALACIONES O DE LOS COMPONENTES, REINSTALACION DE MEDIOS DE TRANSPORTE DE PERSONAS POR CABLE USADOS, MODIFICADOS Y\/O REACONDICIONADOS O DE ELEMENTOS CONSTITUTIVOS USADOS; AUTORIDAD NACIONAL DE AUDITORIA TECNICA: DISPOSICIONES GENERALES: ATRIBUCIONES Y FUNCIONES, FUNCIONAMIENTO DE LA ANAT, CREACION DEL CONSEJO CONSULTIVO PARA LA REGULACION Y CONTROL DE MEDIOS DE TRANSPORTE DE PERSONAS POR CABLE; DISPOSICIONES FINALES: INVITAR A LAS PROVINCIAS Y A LA CIUDAD AUTONOMA DE BUENOS AIRES A ADHERIR A LA PRESENTE LEY; CLAUSULAS TRANSITORIAS: ADECUACIONES, REGLAMENTACION."},"Palabra Clave":{"('0177-S-2017', 0)":" "}}