{"Tipo de Proyecto":{"('0178-D-2017', 0)":"PROYECTO DE LEY","('0178-D-2017', 1)":null,"('0178-D-2017', 2)":null},"Iniciado en: ":{"('0178-D-2017', 0)":"Diputados","('0178-D-2017', 1)":null,"('0178-D-2017', 2)":null},"Expediente Diputados: ":{"('0178-D-2017', 0)":"0178-D-2017","('0178-D-2017', 1)":null,"('0178-D-2017', 2)":null},"Publicado en: ":{"('0178-D-2017', 0)":"Tr\u00e1mite Parlamentario N\u00b0 2","('0178-D-2017', 1)":null,"('0178-D-2017', 2)":null},"Fecha: ":{"('0178-D-2017', 0)":"03\/03\/2017","('0178-D-2017', 1)":null,"('0178-D-2017', 2)":null},"T\u00edtulo":{"('0178-D-2017', 0)":"ESTABLECER LA IMPRESION DE FOLLETOS QUE CONTENGAN INFORMACION SOBRE LA PREVENCION, SANCION Y ERRADICACION DE LA VIOLENCIA CONTRA LAS MUJERES EN LOS AMBITOS QUE DESARROLLEN SUS RELACIONES INTERPERSONALES, LEY 26485 (REPRODUCCION DEL EXPEDIENTE 0103-D-15).","('0178-D-2017', 1)":null,"('0178-D-2017', 2)":null},"('Firmantes', 'FIRMANTE')":{"('0178-D-2017', 0)":"BIANCHI, IVANA MARIA","('0178-D-2017', 1)":null,"('0178-D-2017', 2)":null},"('Firmantes', 'DISTRITO')":{"('0178-D-2017', 0)":"SAN LUIS","('0178-D-2017', 1)":null,"('0178-D-2017', 2)":null},"('Firmantes', 'BLOQUE')":{"('0178-D-2017', 0)":"COMPROMISO FEDERAL","('0178-D-2017', 1)":null,"('0178-D-2017', 2)":null},"('Giros', 'COMISI\u00d3N')":{"('0178-D-2017', 0)":"FAMILIA, MUJER, NI\u00d1EZ Y ADOLESCENCIA","('0178-D-2017', 1)":"PETICIONES, PODERES Y REGLAMENTO","('0178-D-2017', 2)":"PRESUPUESTO Y HACIENDA"},"('Tramites', 'C\u00c1MARA')":{"('0178-D-2017', 0)":"Diputados","('0178-D-2017', 1)":null,"('0178-D-2017', 2)":null},"('Tramites', 'MOVIMIENTO')":{"('0178-D-2017', 0)":"REPRODUCIDO POR EXPEDIENTE 0087-D-19","('0178-D-2017', 1)":null,"('0178-D-2017', 2)":null},"('Tramites', 'FECHA')":{"('0178-D-2017', 0)":null,"('0178-D-2017', 1)":null,"('0178-D-2017', 2)":null},"('Tramites', 'RESULTADO')":{"('0178-D-2017', 0)":null,"('0178-D-2017', 1)":null,"('0178-D-2017', 2)":null},"Sumario":{"('0178-D-2017', 0)":"AUTORIDAD DE APLICACION: MINISTERIO DE DESARROLLO SOCIAL, JUNTO AL CONSEJO NACIONAL DE LA MUJER.","('0178-D-2017', 1)":null,"('0178-D-2017', 2)":null},"Palabra Clave":{"('0178-D-2017', 0)":" ","('0178-D-2017', 1)":null,"('0178-D-2017', 2)":null}}