{"Tipo de Proyecto":{"('0179-S-2017', 0)":"PROYECTO DE LEY"},"Iniciado en: ":{"('0179-S-2017', 0)":"Senado"},"Expediente Senado: ":{"('0179-S-2017', 0)":"0179-S-2017"},"Publicado en: ":{"('0179-S-2017', 0)":"Diario de Asuntos Entrados N\u00b0 9"},"Fecha: ":{"('0179-S-2017', 0)":"06\/03\/2017"},"T\u00edtulo":{"('0179-S-2017', 0)":"CREACION DEL FONDO NACIONAL DE INCENTIVO AL PERSONAL DEL SISTEMA DE SALUD PUBLICA."},"('Firmantes', 'FIRMANTE')":{"('0179-S-2017', 0)":"GIMENEZ, SANDRA DANIELA"},"('Firmantes', 'DISTRITO')":{"('0179-S-2017', 0)":"MISIONES"},"('Firmantes', 'BLOQUE')":{"('0179-S-2017', 0)":"MISIONES"},"Sumario":{"('0179-S-2017', 0)":"RECURSOS; DISTRIBUCION ANUAL ENTRE LAS PROVINCIAS Y LA CIUDAD AUTONOMA DE BUENOS AIRES."},"Palabra Clave":{"('0179-S-2017', 0)":" "}}