{"Tipo de Proyecto":{"('0180-S-2017', 0)":"COMUNICACION","('0180-S-2017', 1)":null},"Iniciado en: ":{"('0180-S-2017', 0)":"Senado","('0180-S-2017', 1)":null},"Expediente Senado: ":{"('0180-S-2017', 0)":"0180-S-2017","('0180-S-2017', 1)":null},"Publicado en: ":{"('0180-S-2017', 0)":"Diario de Asuntos Entrados N\u00b0 9","('0180-S-2017', 1)":null},"Fecha: ":{"('0180-S-2017', 0)":"06\/03\/2017","('0180-S-2017', 1)":null},"T\u00edtulo":{"('0180-S-2017', 0)":"PEDIDO DE INFORMES AL PODER EJECUTIVO SOBRE  SI SE HA APROBADO LA CONCESION DEL INGRESO DE NUEVAS AEROLINEAS AL PAIS, Y OTRAS CUESTIONES CONEXAS.","('0180-S-2017', 1)":null},"('Firmantes', 'FIRMANTE')":{"('0180-S-2017', 0)":"BLAS, INES IMELDA","('0180-S-2017', 1)":null},"('Firmantes', 'DISTRITO')":{"('0180-S-2017', 0)":"CATAMARCA","('0180-S-2017', 1)":null},"('Firmantes', 'BLOQUE')":{"('0180-S-2017', 0)":"FRENTE PARA LA VICTORIA - PJ","('0180-S-2017', 1)":null},"('Tramites', 'C\u00c1MARA')":{"('0180-S-2017', 0)":"Senado","('0180-S-2017', 1)":"Senado"},"('Tramites', 'MOVIMIENTO')":{"('0180-S-2017', 0)":"CONSIDERACION Y APROBACION","('0180-S-2017', 1)":"CONTESTACION DEL PODER EJECUTIVO NACIONAL - JEFE DE GABINETE DE MINISTROS - GIRADO A LA COMISION RESPECTIVA"},"('Tramites', 'FECHA')":{"('0180-S-2017', 0)":"31\/05\/2017","('0180-S-2017', 1)":"23\/08\/2017"},"('Tramites', 'RESULTADO')":{"('0180-S-2017', 0)":"APROBADO","('0180-S-2017', 1)":null},"Link":{"('0180-S-2017', 0)":"http:\/\/www.senado.gov.ar\/parlamentario\/comisiones\/verExp\/180.17\/S\/PC","('0180-S-2017', 1)":null},"Palabra Clave":{"('0180-S-2017', 0)":" ","('0180-S-2017', 1)":null}}