{"Tipo de Proyecto":{"('0181-S-2017', 0)":"PROYECTO DE DECLARACI\u00d3N","('0181-S-2017', 1)":null},"Iniciado en: ":{"('0181-S-2017', 0)":"Senado","('0181-S-2017', 1)":null},"Expediente Senado: ":{"('0181-S-2017', 0)":"0181-S-2017","('0181-S-2017', 1)":null},"Publicado en: ":{"('0181-S-2017', 0)":"Diario de Asuntos Entrados N\u00b0 9","('0181-S-2017', 1)":null},"Fecha: ":{"('0181-S-2017', 0)":"06\/03\/2017","('0181-S-2017', 1)":null},"T\u00edtulo":{"('0181-S-2017', 0)":"ADHESION A LA SEGUNDA EDICION DEL FESTIVAL DE LA \"CHAYA I`POMAN\" QUE SE REALIZO EN LA CIUDAD DE POMAN, PROVINCIA DE CATAMARCA, EL 17 Y 18 DE FEBRERO DE 2017.\n","('0181-S-2017', 1)":null},"('Firmantes', 'FIRMANTE')":{"('0181-S-2017', 0)":"BLAS, INES IMELDA","('0181-S-2017', 1)":null},"('Firmantes', 'DISTRITO')":{"('0181-S-2017', 0)":"CATAMARCA","('0181-S-2017', 1)":null},"('Firmantes', 'BLOQUE')":{"('0181-S-2017', 0)":"FRENTE PARA LA VICTORIA - PJ","('0181-S-2017', 1)":null},"('Tramites', 'C\u00c1MARA')":{"('0181-S-2017', 0)":"Senado","('0181-S-2017', 1)":"Senado"},"('Tramites', 'MOVIMIENTO')":{"('0181-S-2017', 0)":"MOCION SOBRE TABLAS (AFIRMATIVA)","('0181-S-2017', 1)":"CONSIDERACION Y APROBACION"},"('Tramites', 'FECHA')":{"('0181-S-2017', 0)":"31\/05\/2017","('0181-S-2017', 1)":"31\/05\/2017"},"('Tramites', 'RESULTADO')":{"('0181-S-2017', 0)":null,"('0181-S-2017', 1)":"APROBADO"},"Link":{"('0181-S-2017', 0)":"http:\/\/www.senado.gov.ar\/parlamentario\/comisiones\/verExp\/181.17\/S\/PD","('0181-S-2017', 1)":null},"Palabra Clave":{"('0181-S-2017', 0)":" ","('0181-S-2017', 1)":null}}