{"Tipo de Proyecto":{"('0182-D-2017', 0)":"PROYECTO DE LEY","('0182-D-2017', 1)":null},"Iniciado en: ":{"('0182-D-2017', 0)":"Diputados","('0182-D-2017', 1)":null},"Expediente Diputados: ":{"('0182-D-2017', 0)":"0182-D-2017","('0182-D-2017', 1)":null},"Publicado en: ":{"('0182-D-2017', 0)":"Tr\u00e1mite Parlamentario N\u00b0 2","('0182-D-2017', 1)":null},"Fecha: ":{"('0182-D-2017', 0)":"03\/03\/2017","('0182-D-2017', 1)":null},"T\u00edtulo":{"('0182-D-2017', 0)":"LEY 25326, DE PROTECCION DE DATOS PERSONALES: MODIFICACION DEL ARTICULO 5 E INCORPORACION DEL ARTICULO 47, SOBRE PROHIBICION A BANCOS DE DATOS Y PRESTADORES DE SERVICIOS DE INFORMACION, DE PUBLICAR EN FORMA  IRRESTRICTA INFORMACION FISCAL DE LAS PERSONAS, SALVO QUE EL PETICIONANTE SE IDENTIFIQUE POR MEDIO DE UNA CONTRASE\u00d1A DE SEGURIDAD. (REPRODUCCION DEL EXPEDIENTE 0128-D-15).","('0182-D-2017', 1)":null},"('Firmantes', 'FIRMANTE')":{"('0182-D-2017', 0)":"BIANCHI, IVANA MARIA","('0182-D-2017', 1)":null},"('Firmantes', 'DISTRITO')":{"('0182-D-2017', 0)":"SAN LUIS","('0182-D-2017', 1)":null},"('Firmantes', 'BLOQUE')":{"('0182-D-2017', 0)":"COMPROMISO FEDERAL","('0182-D-2017', 1)":null},"('Giros', 'COMISI\u00d3N')":{"('0182-D-2017', 0)":"ASUNTOS CONSTITUCIONALES","('0182-D-2017', 1)":"LEGISLACION GENERAL"},"('Tramites', 'C\u00c1MARA')":{"('0182-D-2017', 0)":"Diputados","('0182-D-2017', 1)":null},"('Tramites', 'MOVIMIENTO')":{"('0182-D-2017', 0)":"REPRODUCIDO POR EXPEDIENTE 0091-D-19","('0182-D-2017', 1)":null},"('Tramites', 'FECHA')":{"('0182-D-2017', 0)":null,"('0182-D-2017', 1)":null},"('Tramites', 'RESULTADO')":{"('0182-D-2017', 0)":null,"('0182-D-2017', 1)":null},"Palabra Clave":{"('0182-D-2017', 0)":" ","('0182-D-2017', 1)":null}}