{"Tipo de Proyecto":{"('0184-PE-2017', 0)":"MENSAJE NRO: 0060\/17","('0184-PE-2017', 1)":null},"Iniciado en: ":{"('0184-PE-2017', 0)":"Senado","('0184-PE-2017', 1)":null},"Expediente Senado: ":{"('0184-PE-2017', 0)":"0184-PE-2017","('0184-PE-2017', 1)":null},"Publicado en: ":{"('0184-PE-2017', 0)":"DAE S.A. N\u00b0 9","('0184-PE-2017', 1)":null},"Fecha: ":{"('0184-PE-2017', 0)":"17\/07\/2017","('0184-PE-2017', 1)":null},"T\u00edtulo":{"('0184-PE-2017', 0)":"SOLICITAR ACUERDO PARA PROMOVER AL GRADO INMEDIATO SUPERIOR AL TENIENTE CORONEL ALBERTO BOZZANO, CON FECHA 31 DE DICIEMBRE DE 2011.","('0184-PE-2017', 1)":null},"('Firmantes', 'FIRMANTE')":{"('0184-PE-2017', 0)":"MACRI, MAURICIO","('0184-PE-2017', 1)":"MARTINEZ, ERNESTO FELIX"},"('Firmantes', 'DISTRITO')":{"('0184-PE-2017', 0)":null,"('0184-PE-2017', 1)":null},"('Firmantes', 'BLOQUE')":{"('0184-PE-2017', 0)":"PODER EJECUTIVO","('0184-PE-2017', 1)":"PODER EJECUTIVO"},"('Tramites', 'C\u00c1MARA')":{"('0184-PE-2017', 0)":"Senado","('0184-PE-2017', 1)":"Senado"},"('Tramites', 'MOVIMIENTO')":{"('0184-PE-2017', 0)":"CITACION SESION ESPECIAL","('0184-PE-2017', 1)":"CONSIDERACION Y APROBACION"},"('Tramites', 'FECHA')":{"('0184-PE-2017', 0)":"27\/09\/2017","('0184-PE-2017', 1)":"27\/09\/2017"},"('Tramites', 'RESULTADO')":{"('0184-PE-2017', 0)":null,"('0184-PE-2017', 1)":"APROBADO"},"Palabra Clave":{"('0184-PE-2017', 0)":" ","('0184-PE-2017', 1)":null}}