{"Tipo de Proyecto":{"('0184-S-2017', 0)":"PROYECTO DE DECLARACI\u00d3N"},"Iniciado en: ":{"('0184-S-2017', 0)":"Senado"},"Expediente Senado: ":{"('0184-S-2017', 0)":"0184-S-2017"},"Publicado en: ":{"('0184-S-2017', 0)":"Diario de Asuntos Entrados N\u00b0 10"},"Fecha: ":{"('0184-S-2017', 0)":"06\/03\/2017"},"T\u00edtulo":{"('0184-S-2017', 0)":"EXPRESAR BENEPLACITO POR LA PARTICIPACION DEL LICENCIADO ESTEBAN VERA, EN EL EQUIPO DE INVESTIGACION QUE COMPROBO LOS AVANCES EN LA LUCHA CONTRA LA ENFERMEDAD DE PARKINSON.\n\n"},"('Firmantes', 'FIRMANTE')":{"('0184-S-2017', 0)":"BLAS, INES IMELDA"},"('Firmantes', 'DISTRITO')":{"('0184-S-2017', 0)":"CATAMARCA"},"('Firmantes', 'BLOQUE')":{"('0184-S-2017', 0)":"FRENTE PARA LA VICTORIA - PJ"},"('Tramites', 'C\u00c1MARA')":{"('0184-S-2017', 0)":"Senado"},"('Tramites', 'MOVIMIENTO')":{"('0184-S-2017', 0)":"CONSIDERACION Y APROBACION"},"('Tramites', 'FECHA')":{"('0184-S-2017', 0)":"31\/05\/2017"},"('Tramites', 'RESULTADO')":{"('0184-S-2017', 0)":"APROBADO"},"Link":{"('0184-S-2017', 0)":"http:\/\/www.senado.gov.ar\/parlamentario\/comisiones\/verExp\/184.17\/S\/PD"},"Palabra Clave":{"('0184-S-2017', 0)":" "}}