{"Tipo de Proyecto":{"('0185-S-2017', 0)":"PROYECTO DE DECLARACI\u00d3N","('0185-S-2017', 1)":null},"Iniciado en: ":{"('0185-S-2017', 0)":"Senado","('0185-S-2017', 1)":null},"Expediente Senado: ":{"('0185-S-2017', 0)":"0185-S-2017","('0185-S-2017', 1)":null},"Publicado en: ":{"('0185-S-2017', 0)":"Diario de Asuntos Entrados N\u00b0 10","('0185-S-2017', 1)":null},"Fecha: ":{"('0185-S-2017', 0)":"06\/03\/2017","('0185-S-2017', 1)":null},"T\u00edtulo":{"('0185-S-2017', 0)":"ADHERIR AL 307 ANIVERSARIO DE LA FUNDACION DE LA CIUDAD DE SANTA MARIA, PROVINCIA DE CATAMARCA EL 2 DE FEBRERO DE 2017.\n","('0185-S-2017', 1)":null},"('Firmantes', 'FIRMANTE')":{"('0185-S-2017', 0)":"BLAS, INES IMELDA","('0185-S-2017', 1)":null},"('Firmantes', 'DISTRITO')":{"('0185-S-2017', 0)":"CATAMARCA","('0185-S-2017', 1)":null},"('Firmantes', 'BLOQUE')":{"('0185-S-2017', 0)":"FRENTE PARA LA VICTORIA - PJ","('0185-S-2017', 1)":null},"('Tramites', 'C\u00c1MARA')":{"('0185-S-2017', 0)":"Senado","('0185-S-2017', 1)":"Senado"},"('Tramites', 'MOVIMIENTO')":{"('0185-S-2017', 0)":"MOCION SOBRE TABLAS (AFIRMATIVA)","('0185-S-2017', 1)":"CONSIDERACION Y APROBACION"},"('Tramites', 'FECHA')":{"('0185-S-2017', 0)":"31\/05\/2017","('0185-S-2017', 1)":"31\/05\/2017"},"('Tramites', 'RESULTADO')":{"('0185-S-2017', 0)":null,"('0185-S-2017', 1)":"APROBADO"},"Link":{"('0185-S-2017', 0)":"http:\/\/www.senado.gov.ar\/parlamentario\/comisiones\/verExp\/185.17\/S\/PD","('0185-S-2017', 1)":null},"Palabra Clave":{"('0185-S-2017', 0)":" ","('0185-S-2017', 1)":null}}