{"Tipo de Proyecto":{"('0186-S-2017', 0)":"PROYECTO DE DECLARACI\u00d3N","('0186-S-2017', 1)":null},"Iniciado en: ":{"('0186-S-2017', 0)":"Senado","('0186-S-2017', 1)":null},"Expediente Senado: ":{"('0186-S-2017', 0)":"0186-S-2017","('0186-S-2017', 1)":null},"Publicado en: ":{"('0186-S-2017', 0)":"Diario de Asuntos Entrados N\u00b0 10","('0186-S-2017', 1)":null},"Fecha: ":{"('0186-S-2017', 0)":"06\/03\/2017","('0186-S-2017', 1)":null},"T\u00edtulo":{"('0186-S-2017', 0)":"ADHESION AL DIA MUNDIAL DEL CANCER INFANTIL, LLEVADO A CABO EL 15 DE FEBRERO 2017.","('0186-S-2017', 1)":null},"('Firmantes', 'FIRMANTE')":{"('0186-S-2017', 0)":"BLAS, INES IMELDA","('0186-S-2017', 1)":null},"('Firmantes', 'DISTRITO')":{"('0186-S-2017', 0)":"CATAMARCA","('0186-S-2017', 1)":null},"('Firmantes', 'BLOQUE')":{"('0186-S-2017', 0)":"FRENTE PARA LA VICTORIA - PJ","('0186-S-2017', 1)":null},"('Tramites', 'C\u00c1MARA')":{"('0186-S-2017', 0)":"Senado","('0186-S-2017', 1)":"Senado"},"('Tramites', 'MOVIMIENTO')":{"('0186-S-2017', 0)":"MOCION SOBRE TABLAS (AFIRMATIVA)","('0186-S-2017', 1)":"CONSIDERACION Y APROBACION"},"('Tramites', 'FECHA')":{"('0186-S-2017', 0)":"31\/05\/2017","('0186-S-2017', 1)":"31\/05\/2017"},"('Tramites', 'RESULTADO')":{"('0186-S-2017', 0)":null,"('0186-S-2017', 1)":"APROBADO"},"Link":{"('0186-S-2017', 0)":"http:\/\/www.senado.gov.ar\/parlamentario\/comisiones\/verExp\/186.17\/S\/PD","('0186-S-2017', 1)":null},"Palabra Clave":{"('0186-S-2017', 0)":" ","('0186-S-2017', 1)":null}}