{"Tipo de Proyecto":{"('0186-D-2017', 0)":"PROYECTO DE RESOLUCI\u00d3N","('0186-D-2017', 1)":null,"('0186-D-2017', 2)":null,"('0186-D-2017', 3)":null,"('0186-D-2017', 4)":null},"Iniciado en: ":{"('0186-D-2017', 0)":"Diputados","('0186-D-2017', 1)":null,"('0186-D-2017', 2)":null,"('0186-D-2017', 3)":null,"('0186-D-2017', 4)":null},"Expediente Diputados: ":{"('0186-D-2017', 0)":"0186-D-2017","('0186-D-2017', 1)":null,"('0186-D-2017', 2)":null,"('0186-D-2017', 3)":null,"('0186-D-2017', 4)":null},"Publicado en: ":{"('0186-D-2017', 0)":"Tr\u00e1mite Parlamentario N\u00b0 2","('0186-D-2017', 1)":null,"('0186-D-2017', 2)":null,"('0186-D-2017', 3)":null,"('0186-D-2017', 4)":null},"Fecha: ":{"('0186-D-2017', 0)":"03\/03\/2017","('0186-D-2017', 1)":null,"('0186-D-2017', 2)":null,"('0186-D-2017', 3)":null,"('0186-D-2017', 4)":null},"T\u00edtulo":{"('0186-D-2017', 0)":"EXPRESAR BENEPLACITO POR LA PARTICIPACION DEL EQUIPO REPRESENTANTIVO DE LA PROVINCIA DE SANTA CRUZ, EN LA DISCIPLINA DE BASQUET 3X3 ADAPTADO SUB 16, CAMPEON EN LOS \"JUEGOS NACIONALES EVITA\", REALIZADOS EN EL MES DE OCTUBRE DE 2016 EN MAR DEL PLATA, PROVINCIA DE BUENOS AIRES. ","('0186-D-2017', 1)":null,"('0186-D-2017', 2)":null,"('0186-D-2017', 3)":null,"('0186-D-2017', 4)":null},"('Firmantes', 'FIRMANTE')":{"('0186-D-2017', 0)":"GOMEZ BULL, MAURICIO RICARDO","('0186-D-2017', 1)":"GONZALEZ, JOSEFINA VICTORIA","('0186-D-2017', 2)":"HUSS, JUAN MANUEL","('0186-D-2017', 3)":"CARRIZO, NILDA MABEL","('0186-D-2017', 4)":"SOLANAS, JULIO RODOLFO"},"('Firmantes', 'DISTRITO')":{"('0186-D-2017', 0)":"SANTA CRUZ","('0186-D-2017', 1)":"SANTA FE","('0186-D-2017', 2)":"ENTRE RIOS","('0186-D-2017', 3)":"TUCUMAN","('0186-D-2017', 4)":"ENTRE RIOS"},"('Firmantes', 'BLOQUE')":{"('0186-D-2017', 0)":"FRENTE PARA LA VICTORIA - PJ","('0186-D-2017', 1)":"FRENTE PARA LA VICTORIA - PJ","('0186-D-2017', 2)":"FRENTE PARA LA VICTORIA - PJ","('0186-D-2017', 3)":"FRENTE PARA LA VICTORIA - PJ","('0186-D-2017', 4)":"FRENTE PARA LA VICTORIA - PJ"},"('Giros', 'COMISI\u00d3N')":{"('0186-D-2017', 0)":"DISCAPACIDAD","('0186-D-2017', 1)":null,"('0186-D-2017', 2)":null,"('0186-D-2017', 3)":null,"('0186-D-2017', 4)":null},"('Tramites', 'C\u00c1MARA')":{"('0186-D-2017', 0)":"Diputados","('0186-D-2017', 1)":null,"('0186-D-2017', 2)":null,"('0186-D-2017', 3)":null,"('0186-D-2017', 4)":null},"('Tramites', 'MOVIMIENTO')":{"('0186-D-2017', 0)":"APROBACION ARTICULO 114 DEL REGLAMENTO DE LA H CAMARA DE DIPUTADOS; COMUNICADO EL 18\/07\/2017","('0186-D-2017', 1)":null,"('0186-D-2017', 2)":null,"('0186-D-2017', 3)":null,"('0186-D-2017', 4)":null},"('Tramites', 'FECHA')":{"('0186-D-2017', 0)":null,"('0186-D-2017', 1)":null,"('0186-D-2017', 2)":null,"('0186-D-2017', 3)":null,"('0186-D-2017', 4)":null},"('Tramites', 'RESULTADO')":{"('0186-D-2017', 0)":"APROBADO","('0186-D-2017', 1)":null,"('0186-D-2017', 2)":null,"('0186-D-2017', 3)":null,"('0186-D-2017', 4)":null},"Link":{"('0186-D-2017', 0)":"https:\/\/www.hcdn.gob.ar\/proyectos\/textoCompleto.jsp?exp=0186-D-2017&tipo=RESOLUCION","('0186-D-2017', 1)":null,"('0186-D-2017', 2)":null,"('0186-D-2017', 3)":null,"('0186-D-2017', 4)":null},"Palabra Clave":{"('0186-D-2017', 0)":" ","('0186-D-2017', 1)":null,"('0186-D-2017', 2)":null,"('0186-D-2017', 3)":null,"('0186-D-2017', 4)":null}}