{"Tipo de Proyecto":{"('0188-S-2017', 0)":"PROYECTO DE DECLARACI\u00d3N"},"Iniciado en: ":{"('0188-S-2017', 0)":"Senado"},"Expediente Senado: ":{"('0188-S-2017', 0)":"0188-S-2017"},"Publicado en: ":{"('0188-S-2017', 0)":"Diario de Asuntos Entrados N\u00b0 10"},"Fecha: ":{"('0188-S-2017', 0)":"06\/03\/2017"},"T\u00edtulo":{"('0188-S-2017', 0)":"RENDIR HOMENAJE A LAS\/LOS BOMBEROS VOLUNTARIOS, AGENTES DE FUERZAS DE SEGURIDAD Y TODAS LAS PERSONAS QUE PARTICIPARON EN LA TAREA DE COMBATIR LOS INCENDIOS FORESTALES OCURRIDOS EN LA PROVINCIA DE LA PAMPA DESDE NOVIEMBRE DE 2016 HASTA FEBRERO DE 2017."},"('Firmantes', 'FIRMANTE')":{"('0188-S-2017', 0)":"DURANGO, NORMA HAYDEE"},"('Firmantes', 'DISTRITO')":{"('0188-S-2017', 0)":"LA PAMPA"},"('Firmantes', 'BLOQUE')":{"('0188-S-2017', 0)":"PARTIDO JUSTICIALISTA LA PAMPA"},"('Tramites', 'C\u00c1MARA')":{"('0188-S-2017', 0)":"Senado"},"('Tramites', 'MOVIMIENTO')":{"('0188-S-2017', 0)":"CONSIDERACION Y APROBACION"},"('Tramites', 'FECHA')":{"('0188-S-2017', 0)":"29\/11\/2017"},"('Tramites', 'RESULTADO')":{"('0188-S-2017', 0)":"APROBADO"},"Link":{"('0188-S-2017', 0)":"http:\/\/www.senado.gov.ar\/parlamentario\/comisiones\/verExp\/188.17\/S\/PD"},"Palabra Clave":{"('0188-S-2017', 0)":" "}}