{"Tipo de Proyecto":{"('0190-S-2017', 0)":"PROYECTO DE DECLARACI\u00d3N","('0190-S-2017', 1)":null},"Iniciado en: ":{"('0190-S-2017', 0)":"Senado","('0190-S-2017', 1)":null},"Expediente Senado: ":{"('0190-S-2017', 0)":"0190-S-2017","('0190-S-2017', 1)":null},"Publicado en: ":{"('0190-S-2017', 0)":"Diario de Asuntos Entrados N\u00b0 10","('0190-S-2017', 1)":null},"Fecha: ":{"('0190-S-2017', 0)":"06\/03\/2017","('0190-S-2017', 1)":null},"T\u00edtulo":{"('0190-S-2017', 0)":"DECLARACION DE INTERES EL DESCUBRIMIENTO Y DESCRIPCION DE LA NUEVA ESPECIE DE LEVADURA SACCHAROMYCES EUBAYANUS QUE LOS BOSQUES ANDINO-PATAGONICOS ARGENTINOS.\n","('0190-S-2017', 1)":null},"('Firmantes', 'FIRMANTE')":{"('0190-S-2017', 0)":"GARCIA LARRABURU, SILVINA MARCELA","('0190-S-2017', 1)":null},"('Firmantes', 'DISTRITO')":{"('0190-S-2017', 0)":"RIO NEGRO","('0190-S-2017', 1)":null},"('Firmantes', 'BLOQUE')":{"('0190-S-2017', 0)":"FRENTE PARA LA VICTORIA - PJ","('0190-S-2017', 1)":null},"('Tramites', 'C\u00c1MARA')":{"('0190-S-2017', 0)":"Senado","('0190-S-2017', 1)":"Senado"},"('Tramites', 'MOVIMIENTO')":{"('0190-S-2017', 0)":"MOCION SOBRE TABLAS (AFIRMATIVA)","('0190-S-2017', 1)":"CONSIDERACION Y APROBACION"},"('Tramites', 'FECHA')":{"('0190-S-2017', 0)":"31\/05\/2017","('0190-S-2017', 1)":"31\/05\/2017"},"('Tramites', 'RESULTADO')":{"('0190-S-2017', 0)":null,"('0190-S-2017', 1)":"APROBADO"},"Link":{"('0190-S-2017', 0)":"http:\/\/www.senado.gov.ar\/parlamentario\/comisiones\/verExp\/190.17\/S\/PD","('0190-S-2017', 1)":null},"Palabra Clave":{"('0190-S-2017', 0)":" ","('0190-S-2017', 1)":null}}