{"Tipo de Proyecto":{"('0192-S-2017', 0)":"COMUNICACION"},"Iniciado en: ":{"('0192-S-2017', 0)":"Senado"},"Expediente Senado: ":{"('0192-S-2017', 0)":"0192-S-2017"},"Publicado en: ":{"('0192-S-2017', 0)":"Diario de Asuntos Entrados N\u00b0 10"},"Fecha: ":{"('0192-S-2017', 0)":"06\/03\/2017"},"T\u00edtulo":{"('0192-S-2017', 0)":"PEDIDO DE INFORMES AL PODER EJECUTIVO SOBRE  EL ESTADO EN EL QUE SE ENCUENTRAN LOS EX COMBATIENTES ARGENTINOS DE LA GUERRA DE MALVINAS EN EL CURSO DE 2017, Y OTRAS CUESTIONES CONEXAS."},"('Firmantes', 'FIRMANTE')":{"('0192-S-2017', 0)":"DURANGO, NORMA HAYDEE"},"('Firmantes', 'DISTRITO')":{"('0192-S-2017', 0)":"LA PAMPA"},"('Firmantes', 'BLOQUE')":{"('0192-S-2017', 0)":"PARTIDO JUSTICIALISTA LA PAMPA"},"('Tramites', 'C\u00c1MARA')":{"('0192-S-2017', 0)":"Senado"},"('Tramites', 'MOVIMIENTO')":{"('0192-S-2017', 0)":"CONSIDERACION Y APROBACION"},"('Tramites', 'FECHA')":{"('0192-S-2017', 0)":"31\/05\/2017"},"('Tramites', 'RESULTADO')":{"('0192-S-2017', 0)":"APROBADO"},"Link":{"('0192-S-2017', 0)":"http:\/\/www.senado.gov.ar\/parlamentario\/comisiones\/verExp\/192.17\/S\/PC"},"Palabra Clave":{"('0192-S-2017', 0)":" "}}