{"Tipo de Proyecto":{"('0195-D-2017', 0)":"PROYECTO DE LEY","('0195-D-2017', 1)":null},"Iniciado en: ":{"('0195-D-2017', 0)":"Diputados","('0195-D-2017', 1)":null},"Expediente Diputados: ":{"('0195-D-2017', 0)":"0195-D-2017","('0195-D-2017', 1)":null},"Publicado en: ":{"('0195-D-2017', 0)":"Tr\u00e1mite Parlamentario N\u00b0 2","('0195-D-2017', 1)":null},"Fecha: ":{"('0195-D-2017', 0)":"03\/03\/2017","('0195-D-2017', 1)":null},"T\u00edtulo":{"('0195-D-2017', 0)":"REQUISITOS ANTIDISCRIMINATORIOS EN LA OFERTA DE EMPLEO. REGIMEN. (REPRODUCCION DEL EXPEDIENTE 0072-D-15).","('0195-D-2017', 1)":null},"('Firmantes', 'FIRMANTE')":{"('0195-D-2017', 0)":"BIANCHI, IVANA MARIA","('0195-D-2017', 1)":null},"('Firmantes', 'DISTRITO')":{"('0195-D-2017', 0)":"SAN LUIS","('0195-D-2017', 1)":null},"('Firmantes', 'BLOQUE')":{"('0195-D-2017', 0)":"COMPROMISO FEDERAL","('0195-D-2017', 1)":null},"('Giros', 'COMISI\u00d3N')":{"('0195-D-2017', 0)":"LEGISLACION DEL TRABAJO","('0195-D-2017', 1)":"DERECHOS HUMANOS Y GARANTIAS"},"('Tramites', 'C\u00c1MARA')":{"('0195-D-2017', 0)":"Diputados","('0195-D-2017', 1)":null},"('Tramites', 'MOVIMIENTO')":{"('0195-D-2017', 0)":"REPRODUCIDO POR EXPEDIENTE 0095-D-19","('0195-D-2017', 1)":null},"('Tramites', 'FECHA')":{"('0195-D-2017', 0)":null,"('0195-D-2017', 1)":null},"('Tramites', 'RESULTADO')":{"('0195-D-2017', 0)":null,"('0195-D-2017', 1)":null},"Sumario":{"('0195-D-2017', 0)":"PROHIBICION DE PUBLICAR REQUISITOS DISCRIMINATORIOS EN LA OFERTA DE EMPLEO; REGIMEN; DEFINICIONES; PROHIBICION DE REALIZACION DE EXAMENES SOCIO AMBIENTALES EN EL DOMICILIO DE CANDIDATOS; MULTAS.","('0195-D-2017', 1)":null},"Palabra Clave":{"('0195-D-2017', 0)":" ","('0195-D-2017', 1)":null}}