{"Tipo de Proyecto":{"('0195-S-2017', 0)":"PROYECTO DE DECLARACI\u00d3N","('0195-S-2017', 1)":null},"Iniciado en: ":{"('0195-S-2017', 0)":"Senado","('0195-S-2017', 1)":null},"Expediente Senado: ":{"('0195-S-2017', 0)":"0195-S-2017","('0195-S-2017', 1)":null},"Publicado en: ":{"('0195-S-2017', 0)":"Diario de Asuntos Entrados N\u00b0 10","('0195-S-2017', 1)":null},"Fecha: ":{"('0195-S-2017', 0)":"06\/03\/2017","('0195-S-2017', 1)":null},"T\u00edtulo":{"('0195-S-2017', 0)":"DECLARAR DE INTERES LA FIESTA NACIONAL DE LA PIEDRA LAJA, QUE SE REALIZARA EN LOS MENUCOS PROVINCIA DE RIO NEGRO, DESDE EL 17 AL 19 DE MARZO DE 2017.","('0195-S-2017', 1)":null},"('Firmantes', 'FIRMANTE')":{"('0195-S-2017', 0)":"ODARDA, MARIA MAGDALENA","('0195-S-2017', 1)":null},"('Firmantes', 'DISTRITO')":{"('0195-S-2017', 0)":"RIO NEGRO","('0195-S-2017', 1)":null},"('Firmantes', 'BLOQUE')":{"('0195-S-2017', 0)":"FRENTE PROGRESISTA - CCARI","('0195-S-2017', 1)":null},"('Tramites', 'C\u00c1MARA')":{"('0195-S-2017', 0)":"Senado","('0195-S-2017', 1)":"Senado"},"('Tramites', 'MOVIMIENTO')":{"('0195-S-2017', 0)":"MOCION SOBRE TABLAS (AFIRMATIVA)","('0195-S-2017', 1)":"CONSIDERACION Y APROBACION"},"('Tramites', 'FECHA')":{"('0195-S-2017', 0)":"29\/03\/2017","('0195-S-2017', 1)":"29\/03\/2017"},"('Tramites', 'RESULTADO')":{"('0195-S-2017', 0)":null,"('0195-S-2017', 1)":"APROBADO"},"Link":{"('0195-S-2017', 0)":"http:\/\/www.senado.gov.ar\/parlamentario\/comisiones\/verExp\/195.17\/S\/PD","('0195-S-2017', 1)":null},"Palabra Clave":{"('0195-S-2017', 0)":" ","('0195-S-2017', 1)":null}}