{"Tipo de Proyecto":{"('0196-S-2017', 0)":"PROYECTO DE DECLARACI\u00d3N","('0196-S-2017', 1)":null},"Iniciado en: ":{"('0196-S-2017', 0)":"Senado","('0196-S-2017', 1)":null},"Expediente Senado: ":{"('0196-S-2017', 0)":"0196-S-2017","('0196-S-2017', 1)":null},"Publicado en: ":{"('0196-S-2017', 0)":"Diario de Asuntos Entrados N\u00b0 10","('0196-S-2017', 1)":null},"Fecha: ":{"('0196-S-2017', 0)":"06\/03\/2017","('0196-S-2017', 1)":null},"T\u00edtulo":{"('0196-S-2017', 0)":"DECLARAR DE INTERES LA FIESTA PROVINCIAL DE LA VENDIMIA, QUE SE REALIZARA EN VILLA REGINA PROVINCIA DE RIO NEGRO, EL PRIMER FIN DE SEMANA DE MARZO DE 2017.","('0196-S-2017', 1)":null},"('Firmantes', 'FIRMANTE')":{"('0196-S-2017', 0)":"ODARDA, MARIA MAGDALENA","('0196-S-2017', 1)":null},"('Firmantes', 'DISTRITO')":{"('0196-S-2017', 0)":"RIO NEGRO","('0196-S-2017', 1)":null},"('Firmantes', 'BLOQUE')":{"('0196-S-2017', 0)":"FRENTE PROGRESISTA - CCARI","('0196-S-2017', 1)":null},"('Tramites', 'C\u00c1MARA')":{"('0196-S-2017', 0)":"Senado","('0196-S-2017', 1)":"Senado"},"('Tramites', 'MOVIMIENTO')":{"('0196-S-2017', 0)":"MOCION SOBRE TABLAS (AFIRMATIVA)","('0196-S-2017', 1)":"CONSIDERACION Y APROBACION"},"('Tramites', 'FECHA')":{"('0196-S-2017', 0)":"29\/03\/2017","('0196-S-2017', 1)":"29\/03\/2017"},"('Tramites', 'RESULTADO')":{"('0196-S-2017', 0)":null,"('0196-S-2017', 1)":"APROBADO"},"Link":{"('0196-S-2017', 0)":"http:\/\/www.senado.gov.ar\/parlamentario\/comisiones\/verExp\/196.17\/S\/PD","('0196-S-2017', 1)":null},"Palabra Clave":{"('0196-S-2017', 0)":" ","('0196-S-2017', 1)":null}}