{"Tipo de Proyecto":{"('0196-D-2017', 0)":"PROYECTO DE LEY","('0196-D-2017', 1)":null,"('0196-D-2017', 2)":null},"Iniciado en: ":{"('0196-D-2017', 0)":"Diputados","('0196-D-2017', 1)":null,"('0196-D-2017', 2)":null},"Expediente Diputados: ":{"('0196-D-2017', 0)":"0196-D-2017","('0196-D-2017', 1)":null,"('0196-D-2017', 2)":null},"Publicado en: ":{"('0196-D-2017', 0)":"Tr\u00e1mite Parlamentario N\u00b0 2","('0196-D-2017', 1)":null,"('0196-D-2017', 2)":null},"Fecha: ":{"('0196-D-2017', 0)":"03\/03\/2017","('0196-D-2017', 1)":null,"('0196-D-2017', 2)":null},"T\u00edtulo":{"('0196-D-2017', 0)":"PROGRAMA DE PREVENCION Y ASISTENCIA DE TRASTORNOS ALIMENTARIOS POCO CONOCIDOS: CREACION. (REPRODUCCION DEL EXPEDIENTE 0073-D-15).","('0196-D-2017', 1)":null,"('0196-D-2017', 2)":null},"('Firmantes', 'FIRMANTE')":{"('0196-D-2017', 0)":"BIANCHI, IVANA MARIA","('0196-D-2017', 1)":null,"('0196-D-2017', 2)":null},"('Firmantes', 'DISTRITO')":{"('0196-D-2017', 0)":"SAN LUIS","('0196-D-2017', 1)":null,"('0196-D-2017', 2)":null},"('Firmantes', 'BLOQUE')":{"('0196-D-2017', 0)":"COMPROMISO FEDERAL","('0196-D-2017', 1)":null,"('0196-D-2017', 2)":null},"('Giros', 'COMISI\u00d3N')":{"('0196-D-2017', 0)":"PREVENCION DE ADICCIONES Y CONTROL DEL NARCOTRAFICO","('0196-D-2017', 1)":"ACCION SOCIAL Y SALUD PUBLICA","('0196-D-2017', 2)":"PRESUPUESTO Y HACIENDA"},"('Tramites', 'C\u00c1MARA')":{"('0196-D-2017', 0)":"Diputados","('0196-D-2017', 1)":null,"('0196-D-2017', 2)":null},"('Tramites', 'MOVIMIENTO')":{"('0196-D-2017', 0)":"REPRODUCIDO POR EXPEDIENTE 0111-D-19","('0196-D-2017', 1)":null,"('0196-D-2017', 2)":null},"('Tramites', 'FECHA')":{"('0196-D-2017', 0)":null,"('0196-D-2017', 1)":null,"('0196-D-2017', 2)":null},"('Tramites', 'RESULTADO')":{"('0196-D-2017', 0)":null,"('0196-D-2017', 1)":null,"('0196-D-2017', 2)":null},"Sumario":{"('0196-D-2017', 0)":"DIFUSION DE LAS SIGUIENTES PATOLOGIAS ALIMENTARIAS: EBRIOREXIA, ORTHOREXIA, TANOREXIA, VIGOREXIA Y DIABULIMIA; OBJETIVO PRINCIPAL DEL PROGRAMA; OBLIGACIONES DE LA AUTORIDAD DE APLICACION, DEL MINISTERIO DE SALUD DE LA NACION Y DEL MINISTERIO DE EDUCACION DE LA NACION; REGLAMENTACION.","('0196-D-2017', 1)":null,"('0196-D-2017', 2)":null},"Palabra Clave":{"('0196-D-2017', 0)":" ","('0196-D-2017', 1)":null,"('0196-D-2017', 2)":null}}