{"Tipo de Proyecto":{"('0182-OV-1997', 0)":"PROYECTO DE RESOLUCI\u00d3N"},"Iniciado en: ":{"('0182-OV-1997', 0)":"Diputados"},"Expediente Diputados: ":{"('0182-OV-1997', 0)":"0182-OV-1997"},"Fecha: ":{"('0182-OV-1997', 0)":"07\/09\/1999"},"T\u00edtulo":{"('0182-OV-1997', 0)":"DESAFUERO DE LOS SE\u00d1ORES DIPUTADOS GUSTAVO GUTIERREZ, JORGE BENEDETTI, JUAN PABLO BAYLAC, MARIO VIA\u00d1A, JOSE LUIS ZAVALIA, DOMINGO CAVALLO, JUAN CARLOS OLIMA, PABLO FERNANDEZ, CARLOS ALBERTO ALVAREZ, HECTOR LENCE Y EDUARDO ROLLANO."},"('Firmantes', 'FIRMANTE')":{"('0182-OV-1997', 0)":"ASUNTOS CONSTITUCIONALES"},"('Firmantes', 'DISTRITO')":{"('0182-OV-1997', 0)":null},"('Firmantes', 'BLOQUE')":{"('0182-OV-1997', 0)":null},"('Giros', 'COMISI\u00d3N')":{"('0182-OV-1997', 0)":"ASUNTOS CONSTITUCIONALES"},"('Tramites', 'C\u00c1MARA')":{"('0182-OV-1997', 0)":"Diputados"},"('Tramites', 'MOVIMIENTO')":{"('0182-OV-1997', 0)":"CONSIDERACION Y APROBACION"},"('Tramites', 'FECHA')":{"('0182-OV-1997', 0)":"23\/03\/2000"},"('Tramites', 'RESULTADO')":{"('0182-OV-1997', 0)":"APROBADO"},"Sumario":{"('0182-OV-1997', 0)":"RECHAZARLO DADO QUE LOS FUEROS PARLAMENTARIOS NO IMPIDEN LA FORMACION Y AVANCE DE UN PROCESO INICIADO CONTRA UN LEGISLADOR; LOS JUECES PODRAN DISPONER LA INSTRUCCION DE LA CAUSA, TOMAR DECLARACION E INVESTIGAR LOS HECHOS HASTA EL MOMENTO DE DICTAR UNA RESOLUCION QUE PUEDA IMPORTAR LA PRIVACION DE LA LIBERTAD DEL LEGISLADOR, CORRESPONDIENDO RECIEN ENTONCES SUSPENDER EL JUICIO Y SOLICITAR AL CUERPO LEGISLATIVO SU DESAFUERO; NOTIFICAR POR INTERMEDIO DE LA PRESIDENCIA DE LA HONORABLE CAMARA A LOS SE\u00d1ORES JUECES SOLICITANTES; DISPONER EL ARCHIVO DE LAS ACTUACIONES."},"Palabra Clave":{"('0182-OV-1997', 0)":" "}}