{"Tipo de Proyecto":{"('0026-OV-1998', 0)":"PROYECTO DE RESOLUCI\u00d3N"},"Iniciado en: ":{"('0026-OV-1998', 0)":"Senado"},"Expediente Senado: ":{"('0026-OV-1998', 0)":"0026-OV-1998"},"Fecha: ":{"('0026-OV-1998', 0)":"04\/09\/2000"},"T\u00edtulo":{"('0026-OV-1998', 0)":"RESOLUCION REMITIDA POR LA AGN (ADMINISTRACION GENERAL DE LA NACION) SOBRE LOS ESTADOS CONTABLES Y FINANCIEROS EN EL AMBITO DEL MISMO."},"('Firmantes', 'FIRMANTE')":{"('0026-OV-1998', 0)":"PARLAMENTARIA MIXTA REVISORA DE CUENTAS"},"('Firmantes', 'DISTRITO')":{"('0026-OV-1998', 0)":null},"('Firmantes', 'BLOQUE')":{"('0026-OV-1998', 0)":null},"('Tramites', 'C\u00c1MARA')":{"('0026-OV-1998', 0)":"Senado"},"('Tramites', 'MOVIMIENTO')":{"('0026-OV-1998', 0)":"CONSIDERACION Y APROBACION (AL ARCHIVO)"},"('Tramites', 'FECHA')":{"('0026-OV-1998', 0)":"13\/09\/2000"},"('Tramites', 'RESULTADO')":{"('0026-OV-1998', 0)":"ARCHIVADO"},"Sumario":{"('0026-OV-1998', 0)":"HABIENDO TOMADO CONOCIMIENTO Y NO CONTENIENDO REQUERIMIENTOS DE ACCION SUBSISTENTES SE ACONSEJA SU REMISION AL ARCHIVO."},"Palabra Clave":{"('0026-OV-1998', 0)":" "}}