{"Tipo de Proyecto":{"('0226-OV-1998', 0)":"PROYECTO DE RESOLUCI\u00d3N"},"Iniciado en: ":{"('0226-OV-1998', 0)":"Senado"},"Expediente Senado: ":{"('0226-OV-1998', 0)":"0226-OV-1998"},"Fecha: ":{"('0226-OV-1998', 0)":"28\/09\/1999"},"T\u00edtulo":{"('0226-OV-1998', 0)":"RESOLUCIONES REMITIDAS POR LA AUDITORIA GENERAL DE LA NACION REFERENTES AL ENTE NACIONAL DE OBRAS HIDRICAS DE SANEAMIENTO."},"('Firmantes', 'FIRMANTE')":{"('0226-OV-1998', 0)":"PARLAMENTARIA MIXTA REVISORA DE CUENTAS"},"('Firmantes', 'DISTRITO')":{"('0226-OV-1998', 0)":null},"('Firmantes', 'BLOQUE')":{"('0226-OV-1998', 0)":null},"('Tramites', 'C\u00c1MARA')":{"('0226-OV-1998', 0)":"Senado"},"('Tramites', 'MOVIMIENTO')":{"('0226-OV-1998', 0)":"CONSIDERACION Y APROBACION (AL ARCHIVO)"},"('Tramites', 'FECHA')":{"('0226-OV-1998', 0)":"27\/10\/1999"},"('Tramites', 'RESULTADO')":{"('0226-OV-1998', 0)":"ARCHIVADO"},"Sumario":{"('0226-OV-1998', 0)":"HABIENDO TOMADO CONOCIMIENTO Y NO EXISTIENDO ACCIONES SUBSISTENTES, SE ACONSEJA EL ENVIO AL ARCHIVO."},"Palabra Clave":{"('0226-OV-1998', 0)":" "}}