{"Tipo de Proyecto":{"('0291-OV-1998', 0)":"PROYECTO DE RESOLUCI\u00d3N"},"Iniciado en: ":{"('0291-OV-1998', 0)":"Senado"},"Expediente Senado: ":{"('0291-OV-1998', 0)":"0291-OV-1998"},"Fecha: ":{"('0291-OV-1998', 0)":"19\/05\/1999"},"T\u00edtulo":{"('0291-OV-1998', 0)":"OBSERVACIONES HECHAS POR LA AUDITORIA GENERAL DE LA NACION A LA SUBSECRETARIA DE PUERTOS Y VIAS NAVEGABLES."},"('Firmantes', 'FIRMANTE')":{"('0291-OV-1998', 0)":"PARLAMENTARIA MIXTA REVISORA DE CUENTAS"},"('Firmantes', 'DISTRITO')":{"('0291-OV-1998', 0)":null},"('Firmantes', 'BLOQUE')":{"('0291-OV-1998', 0)":null},"('Tramites', 'C\u00c1MARA')":{"('0291-OV-1998', 0)":"Senado"},"('Tramites', 'MOVIMIENTO')":{"('0291-OV-1998', 0)":"CONSIDERACION Y APROBACION"},"('Tramites', 'FECHA')":{"('0291-OV-1998', 0)":"16\/06\/1999"},"('Tramites', 'RESULTADO')":{"('0291-OV-1998', 0)":"ARCHIVADO"},"Sumario":{"('0291-OV-1998', 0)":"REMITIR LAS MISMAS AL ARCHIVO."},"Palabra Clave":{"('0291-OV-1998', 0)":" "}}