{"Tipo de Proyecto":{"('0397-OV-1998', 0)":"PROYECTO DE RESOLUCI\u00d3N"},"Iniciado en: ":{"('0397-OV-1998', 0)":"Senado"},"Expediente Senado: ":{"('0397-OV-1998', 0)":"0397-OV-1998"},"Fecha: ":{"('0397-OV-1998', 0)":"14\/07\/1999"},"T\u00edtulo":{"('0397-OV-1998', 0)":"RESOLUCION REMITIDA POR LA AUDITORIA GENERAL SOBRE ESTADOS CONTABLES DE INTERCARGO SOCIEDAD ANONIMA COMERCIAL."},"('Firmantes', 'FIRMANTE')":{"('0397-OV-1998', 0)":"PARLAMENTARIA MIXTA REVISORA DE CUENTAS"},"('Firmantes', 'DISTRITO')":{"('0397-OV-1998', 0)":null},"('Firmantes', 'BLOQUE')":{"('0397-OV-1998', 0)":null},"('Tramites', 'C\u00c1MARA')":{"('0397-OV-1998', 0)":"Senado"},"('Tramites', 'MOVIMIENTO')":{"('0397-OV-1998', 0)":"CONSIDERACION Y APROBACION"},"('Tramites', 'FECHA')":{"('0397-OV-1998', 0)":"04\/08\/1999"},"('Tramites', 'RESULTADO')":{"('0397-OV-1998', 0)":"APROBADO"},"Sumario":{"('0397-OV-1998', 0)":"REMISION AL ARCHIVO."},"Palabra Clave":{"('0397-OV-1998', 0)":" "}}