{"Tipo de Proyecto":{"('0425-OV-1998', 0)":"PROYECTO DE RESOLUCI\u00d3N"},"Iniciado en: ":{"('0425-OV-1998', 0)":"Senado"},"Expediente Senado: ":{"('0425-OV-1998', 0)":"0425-OV-1998"},"Publicado en: ":{"('0425-OV-1998', 0)":"Diario de Asuntos Entrados N\u00b0 0"},"Fecha: ":{"('0425-OV-1998', 0)":"03\/07\/2000"},"T\u00edtulo":{"('0425-OV-1998', 0)":"RESOLUCIONES REMITIDAS POR LA AUDITORIA GENERAL DE LA NACION SOBRE CONTROL INTERNO Y ESTADOS CONTABLES EN EL AMBITO DE TELAM SOCIEDAD ANONIMA INFORMATIVA Y PUBLICITARIA."},"('Firmantes', 'FIRMANTE')":{"('0425-OV-1998', 0)":"PARLAMENTARIA MIXTA REVISORA DE CUENTAS"},"('Firmantes', 'DISTRITO')":{"('0425-OV-1998', 0)":null},"('Firmantes', 'BLOQUE')":{"('0425-OV-1998', 0)":null},"('Tramites', 'C\u00c1MARA')":{"('0425-OV-1998', 0)":"Senado"},"('Tramites', 'MOVIMIENTO')":{"('0425-OV-1998', 0)":"CONSIDERACION Y APROBACION (AL ARCHIVO)"},"('Tramites', 'FECHA')":{"('0425-OV-1998', 0)":"02\/08\/2000"},"('Tramites', 'RESULTADO')":{"('0425-OV-1998', 0)":"ARCHIVADO"},"Sumario":{"('0425-OV-1998', 0)":"HABIENDO TOMADO CONOCIMIENTO Y NO CONTENIENDO REQUERIMIENTOS DE ACCION ACTUALES, SE ACONSEJA SU REMISION AL ARCHIVO."},"Palabra Clave":{"('0425-OV-1998', 0)":" "}}