{"Tipo de Proyecto":{"('0774-OV-1998', 0)":"PROYECTO DE RESOLUCI\u00d3N"},"Iniciado en: ":{"('0774-OV-1998', 0)":"Senado"},"Expediente Senado: ":{"('0774-OV-1998', 0)":"0774-OV-1998"},"Fecha: ":{"('0774-OV-1998', 0)":"12\/07\/2000"},"T\u00edtulo":{"('0774-OV-1998', 0)":"RESOLUCION REMITIDA POR LA AUDITORIA GENERAL DE LA NACION SOBRE ESTADOS CONTABLES EN EL AMBITO DE LA EMPRESA DIOXITEK SOCIEDAD ANONIMA."},"('Firmantes', 'FIRMANTE')":{"('0774-OV-1998', 0)":"PARLAMENTARIA MIXTA REVISORA DE CUENTAS"},"('Firmantes', 'DISTRITO')":{"('0774-OV-1998', 0)":null},"('Firmantes', 'BLOQUE')":{"('0774-OV-1998', 0)":null},"('Tramites', 'C\u00c1MARA')":{"('0774-OV-1998', 0)":"Senado"},"('Tramites', 'MOVIMIENTO')":{"('0774-OV-1998', 0)":"CONSIDERACION Y APROBACION (AL ARCHIVO)"},"('Tramites', 'FECHA')":{"('0774-OV-1998', 0)":"02\/08\/2000"},"('Tramites', 'RESULTADO')":{"('0774-OV-1998', 0)":"ARCHIVADO"},"Sumario":{"('0774-OV-1998', 0)":"HABIENDO TOMADO CONOCIMIENTO Y NO CONTENIENDO REQUERIMIENTOS DE ACCION SUBSISTENTES SE ACONSEJA SU REMISION AL ARCHIVO."},"Palabra Clave":{"('0774-OV-1998', 0)":" "}}