{"Tipo de Proyecto":{"('1062-OVD-1998', 0)":"PROYECTO DE RESOLUCI\u00d3N"},"Iniciado en: ":{"('1062-OVD-1998', 0)":"Senado"},"Expediente Senado: ":{"('1062-OVD-1998', 0)":"1062-OVD-1998"},"Fecha: ":{"('1062-OVD-1998', 0)":"17\/08\/2004"},"T\u00edtulo":{"('1062-OVD-1998', 0)":"DICTAMEN EN LA RESPUESTA REMITIDA POR LA JEFATURA DE GABINETE DE MINISTROS EN RELACION A LA RESOLUCION 0074-S-97 (0550-OV-93) SOBRE LA URGENTE NECESIDAD DE QUE LOS ENTES REGULADORES DE ELECTRICIDAD, GAS Y SERVICIOS SANITARIOS, CONTROLEN LA APLICACION REGIMEN TARIFARIO DIFERENCIAL (SUBSIDIOS) A JUBILADOS Y PENSIONADOS POR LA PRESTACION DE SERVICIOS PUBLICOS."},"('Firmantes', 'FIRMANTE')":{"('1062-OVD-1998', 0)":"PARLAMENTARIA MIXTA REVISORA DE CUENTAS"},"('Firmantes', 'DISTRITO')":{"('1062-OVD-1998', 0)":null},"('Firmantes', 'BLOQUE')":{"('1062-OVD-1998', 0)":null},"('Tramites', 'C\u00c1MARA')":{"('1062-OVD-1998', 0)":"Senado"},"('Tramites', 'MOVIMIENTO')":{"('1062-OVD-1998', 0)":"CONSIDERACION Y APROBACION (AL ARCHIVO)"},"('Tramites', 'FECHA')":{"('1062-OVD-1998', 0)":"01\/09\/2004"},"('Tramites', 'RESULTADO')":{"('1062-OVD-1998', 0)":"ARCHIVADO"},"Sumario":{"('1062-OVD-1998', 0)":"HABIENDO TOMADO CONOCIMIENTO SE RECOMIENDA SU REMISION AL ARCHIVO."},"Palabra Clave":{"('1062-OVD-1998', 0)":" "}}