{"Tipo de Proyecto":{"('1181-OV-1998', 0)":"PROYECTO DE RESOLUCI\u00d3N"},"Iniciado en: ":{"('1181-OV-1998', 0)":"Diputados"},"Expediente Diputados: ":{"('1181-OV-1998', 0)":"1181-OV-1998"},"Fecha: ":{"('1181-OV-1998', 0)":"06\/10\/1999"},"T\u00edtulo":{"('1181-OV-1998', 0)":"PEDIDO DE INFORMES: SOBRE LAS MEDIDAS ADOPTADAS EN FUNCION DEL REQUERIMIENTO EFECTUADO POR LA RESOLUCION 266-S-97, EXPEDIENTE 0031-OV-96, DE ESTE H CONGRESO DE LA NACION Y OTRAS CUESTIONES CONEXAS."},"('Firmantes', 'FIRMANTE')":{"('1181-OV-1998', 0)":"PARLAMENTARIA MIXTA REVISORA DE CUENTAS"},"('Firmantes', 'DISTRITO')":{"('1181-OV-1998', 0)":null},"('Firmantes', 'BLOQUE')":{"('1181-OV-1998', 0)":null},"('Giros', 'COMISI\u00d3N')":{"('1181-OV-1998', 0)":"PARLAMENTARIA MIXTA REVISORA DE CUENTAS"},"('Tramites', 'C\u00c1MARA')":{"('1181-OV-1998', 0)":"Diputados"},"('Tramites', 'MOVIMIENTO')":{"('1181-OV-1998', 0)":"CONSIDERACION Y APROBACION"},"('Tramites', 'FECHA')":{"('1181-OV-1998', 0)":"24\/11\/1999"},"('Tramites', 'RESULTADO')":{"('1181-OV-1998', 0)":"APROBADO"},"Sumario":{"('1181-OV-1998', 0)":"SOLICITUD AL PODER EJECUTIVO NACIONAL."},"Palabra Clave":{"('1181-OV-1998', 0)":" "}}