{"Tipo de Proyecto":{"('1255-OV-1998', 0)":"PROYECTO DE RESOLUCI\u00d3N"},"Iniciado en: ":{"('1255-OV-1998', 0)":"Diputados"},"Expediente Diputados: ":{"('1255-OV-1998', 0)":"1255-OV-1998"},"Fecha: ":{"('1255-OV-1998', 0)":"19\/10\/1999"},"T\u00edtulo":{"('1255-OV-1998', 0)":"RESPUESTA ENVIADA POR EL MINISTERIO DE DEFENSA EN RELACION A LA RESOLUCION APROBADA POR AMBAS CAMARAS (0155-S-98, EXPEDIENTE 0317-OV-97), SOBRE LAS MEDIDAS ADOPTADAS EN FUNCION DE LAS OBSERVACIONES EFECTUADAS POR LA AUDITORIA GENERAL DE LA NACION EN EL MARCO DE LAS COMPETENCIAS Y MANDATOS QUE LE FIJA LA LEY."},"('Firmantes', 'FIRMANTE')":{"('1255-OV-1998', 0)":"PARLAMENTARIA MIXTA REVISORA DE CUENTAS"},"('Firmantes', 'DISTRITO')":{"('1255-OV-1998', 0)":null},"('Firmantes', 'BLOQUE')":{"('1255-OV-1998', 0)":null},"('Giros', 'COMISI\u00d3N')":{"('1255-OV-1998', 0)":"PARLAMENTARIA MIXTA REVISORA DE CUENTAS"},"('Tramites', 'C\u00c1MARA')":{"('1255-OV-1998', 0)":"Diputados"},"('Tramites', 'MOVIMIENTO')":{"('1255-OV-1998', 0)":"CONSIDERACION Y APROBACION"},"('Tramites', 'FECHA')":{"('1255-OV-1998', 0)":"24\/11\/1999"},"('Tramites', 'RESULTADO')":{"('1255-OV-1998', 0)":"APROBADO"},"Sumario":{"('1255-OV-1998', 0)":"HABIENDO TOMADO CONOCIMIENTO Y NO CONTENIENDO REQUERIMIENTOS DE ACCION SUBSISTENTES SE ACONSEJA SU REMISION AL ARCHIVO."},"Palabra Clave":{"('1255-OV-1998', 0)":" "}}