{"Tipo de Proyecto":{"('0002-PE-2015', 0)":"MENSAJE NRO: 0424\/15 Y PROYECTO DE LEY","('0002-PE-2015', 1)":null,"('0002-PE-2015', 2)":null,"('0002-PE-2015', 3)":null,"('0002-PE-2015', 4)":null,"('0002-PE-2015', 5)":null,"('0002-PE-2015', 6)":null,"('0002-PE-2015', 7)":null,"('0002-PE-2015', 8)":null},"Iniciado en: ":{"('0002-PE-2015', 0)":"Diputados","('0002-PE-2015', 1)":null,"('0002-PE-2015', 2)":null,"('0002-PE-2015', 3)":null,"('0002-PE-2015', 4)":null,"('0002-PE-2015', 5)":null,"('0002-PE-2015', 6)":null,"('0002-PE-2015', 7)":null,"('0002-PE-2015', 8)":null},"Expediente Diputados: ":{"('0002-PE-2015', 0)":"0002-PE-2015","('0002-PE-2015', 1)":null,"('0002-PE-2015', 2)":null,"('0002-PE-2015', 3)":null,"('0002-PE-2015', 4)":null,"('0002-PE-2015', 5)":null,"('0002-PE-2015', 6)":null,"('0002-PE-2015', 7)":null,"('0002-PE-2015', 8)":null},"Expediente Senado: ":{"('0002-PE-2015', 0)":"0003-CD-2015","('0002-PE-2015', 1)":null,"('0002-PE-2015', 2)":null,"('0002-PE-2015', 3)":null,"('0002-PE-2015', 4)":null,"('0002-PE-2015', 5)":null,"('0002-PE-2015', 6)":null,"('0002-PE-2015', 7)":null,"('0002-PE-2015', 8)":null},"Publicado en: ":{"('0002-PE-2015', 0)":"Tr\u00e1mite Parlamentario N\u00b0 13","('0002-PE-2015', 1)":null,"('0002-PE-2015', 2)":null,"('0002-PE-2015', 3)":null,"('0002-PE-2015', 4)":null,"('0002-PE-2015', 5)":null,"('0002-PE-2015', 6)":null,"('0002-PE-2015', 7)":null,"('0002-PE-2015', 8)":null},"Fecha: ":{"('0002-PE-2015', 0)":"18\/03\/2015","('0002-PE-2015', 1)":null,"('0002-PE-2015', 2)":null,"('0002-PE-2015', 3)":null,"('0002-PE-2015', 4)":null,"('0002-PE-2015', 5)":null,"('0002-PE-2015', 6)":null,"('0002-PE-2015', 7)":null,"('0002-PE-2015', 8)":null},"T\u00edtulo":{"('0002-PE-2015', 0)":"DECLARAR DE INTERES PUBLICO NACIONAL Y COMO OBJETIVO PRIORITARIO DE LA REPUBLICA ARGENTINA LA POLITICA DE REACTIVACION DE LOS FERROCARRILES DE PASAJEROS Y DE CARGAS, ESTABLECIENDO LA CREACION DE FERROCARRILES ARGENTINOS SOCIEDAD DEL ESTADO. ","('0002-PE-2015', 1)":null,"('0002-PE-2015', 2)":null,"('0002-PE-2015', 3)":null,"('0002-PE-2015', 4)":null,"('0002-PE-2015', 5)":null,"('0002-PE-2015', 6)":null,"('0002-PE-2015', 7)":null,"('0002-PE-2015', 8)":null},"('Firmantes', 'FIRMANTE')":{"('0002-PE-2015', 0)":"FERNANDEZ DE KIRCHNER, CRISTINA","('0002-PE-2015', 1)":"FERNANDEZ, ANIBAL","('0002-PE-2015', 2)":"RANDAZZO, FLORENCIO","('0002-PE-2015', 3)":null,"('0002-PE-2015', 4)":null,"('0002-PE-2015', 5)":null,"('0002-PE-2015', 6)":null,"('0002-PE-2015', 7)":null,"('0002-PE-2015', 8)":null},"('Firmantes', 'DISTRITO')":{"('0002-PE-2015', 0)":null,"('0002-PE-2015', 1)":null,"('0002-PE-2015', 2)":null,"('0002-PE-2015', 3)":null,"('0002-PE-2015', 4)":null,"('0002-PE-2015', 5)":null,"('0002-PE-2015', 6)":null,"('0002-PE-2015', 7)":null,"('0002-PE-2015', 8)":null},"('Firmantes', 'BLOQUE')":{"('0002-PE-2015', 0)":"PODER EJECUTIVO","('0002-PE-2015', 1)":"PODER EJECUTIVO","('0002-PE-2015', 2)":"PODER EJECUTIVO","('0002-PE-2015', 3)":null,"('0002-PE-2015', 4)":null,"('0002-PE-2015', 5)":null,"('0002-PE-2015', 6)":null,"('0002-PE-2015', 7)":null,"('0002-PE-2015', 8)":null},"('Giros', 'COMISI\u00d3N')":{"('0002-PE-2015', 0)":"TRANSPORTES","('0002-PE-2015', 1)":"OBRAS PUBLICAS","('0002-PE-2015', 2)":"PRESUPUESTO Y HACIENDA","('0002-PE-2015', 3)":null,"('0002-PE-2015', 4)":null,"('0002-PE-2015', 5)":null,"('0002-PE-2015', 6)":null,"('0002-PE-2015', 7)":null,"('0002-PE-2015', 8)":null},"('Tramites', 'C\u00c1MARA')":{"('0002-PE-2015', 0)":"Diputados","('0002-PE-2015', 1)":"Diputados","('0002-PE-2015', 2)":"Diputados","('0002-PE-2015', 3)":"Senado","('0002-PE-2015', 4)":"Senado","('0002-PE-2015', 5)":"Senado","('0002-PE-2015', 6)":"Senado","('0002-PE-2015', 7)":"Senado","('0002-PE-2015', 8)":"Senado"},"('Tramites', 'MOVIMIENTO')":{"('0002-PE-2015', 0)":"CITACION SESION ESPECIAL","('0002-PE-2015', 1)":"CONSIDERACION Y APROBACION CON MODIFICACIONES","('0002-PE-2015', 2)":"INSERCIONES","('0002-PE-2015', 3)":"PASA A SENADO -","('0002-PE-2015', 4)":"SOLICITUD DEL SENADOR MONTENEGRO DE INCORPORACION DE SU FIRMA AL DICTAMEN DE MAYORIA","('0002-PE-2015', 5)":"MOCION SOBRE TABLAS (AFIRMATIVA)","('0002-PE-2015', 6)":"CONSTITUCION CAMARA EN COMISION, CONFERENCIA","('0002-PE-2015', 7)":"CONSIDERACION Y SANCION","('0002-PE-2015', 8)":"INSERCIONES DE LOS SENADORES MONLLAU, BLAS, CATALAN MAGNI, AGUILAR, PEREYRA, GARCIA LARRABURU, MONTENEGRO, PERSICO, BASUALDO, LUNA, DI PERNA, ROJKES DE ALPEROVICH E IRRAZABAL"},"('Tramites', 'FECHA')":{"('0002-PE-2015', 0)":"08\/04\/2015","('0002-PE-2015', 1)":"08\/04\/2015","('0002-PE-2015', 2)":"08\/04\/2015","('0002-PE-2015', 3)":null,"('0002-PE-2015', 4)":"15\/04\/2015","('0002-PE-2015', 5)":"15\/04\/2015","('0002-PE-2015', 6)":"15\/04\/2015","('0002-PE-2015', 7)":"15\/04\/2015","('0002-PE-2015', 8)":"15\/04\/2015"},"('Tramites', 'RESULTADO')":{"('0002-PE-2015', 0)":null,"('0002-PE-2015', 1)":"MEDIA SANCION","('0002-PE-2015', 2)":null,"('0002-PE-2015', 3)":null,"('0002-PE-2015', 4)":null,"('0002-PE-2015', 5)":null,"('0002-PE-2015', 6)":null,"('0002-PE-2015', 7)":"SANCIONADO","('0002-PE-2015', 8)":null},"Sumario":{"('0002-PE-2015', 0)":"MODIFICACION DE LOS ARTICULOS 3, 7 Y 8 DE LA LEY 26352  (REORDENAMIENTO DE LA ACTIVIDAD FERROVIARIA: SOCIEDAD OPERADORA FERROVIARIA SOCIEDAD DEL ESTADO Y ADMINISTRACION DE INFRAESTRUCTURAS FERROVIARIAS SOCIEDAD DEL ESTADO); SUSTITUCION DEL ARTICULO 1 DEL DECRETO 566\/2013 (SOCIEDAD BELGRANO CARGAS Y LOGISTICA)","('0002-PE-2015', 1)":null,"('0002-PE-2015', 2)":null,"('0002-PE-2015', 3)":null,"('0002-PE-2015', 4)":null,"('0002-PE-2015', 5)":null,"('0002-PE-2015', 6)":null,"('0002-PE-2015', 7)":null,"('0002-PE-2015', 8)":null},"Palabra Clave":{"('0002-PE-2015', 0)":" ","('0002-PE-2015', 1)":null,"('0002-PE-2015', 2)":null,"('0002-PE-2015', 3)":null,"('0002-PE-2015', 4)":null,"('0002-PE-2015', 5)":null,"('0002-PE-2015', 6)":null,"('0002-PE-2015', 7)":null,"('0002-PE-2015', 8)":null}}