{"Tipo de Proyecto":{"('0002-JGM-2015', 0)":"MENSAJE NRO: 0020\/15","('0002-JGM-2015', 1)":null},"Iniciado en: ":{"('0002-JGM-2015', 0)":"Diputados","('0002-JGM-2015', 1)":null},"Expediente Diputados: ":{"('0002-JGM-2015', 0)":"0002-JGM-2015","('0002-JGM-2015', 1)":null},"Publicado en: ":{"('0002-JGM-2015', 0)":"Tr\u00e1mite Parlamentario N\u00b0 4","('0002-JGM-2015', 1)":null},"Fecha: ":{"('0002-JGM-2015', 0)":"05\/03\/2015","('0002-JGM-2015', 1)":null},"T\u00edtulo":{"('0002-JGM-2015', 0)":"COMUNICACION DEL DECRETO 364\/2015 DICTADO EN USO DE FACULTADES DELEGADAS POR EL CUAL SE DEJA SIN EFECTO TRANSITORIAMENTE EL GRAVAMEN PREVISTO EN EL CAPITULO VII DEL TITULO II DE LA LEY DE IMPUESTOS INTERNOS, TEXTO SUSTITUIDO POR LA LEY 24674 Y SUS MODIFICACIONES, PARA EL EXPENDIO DE CHAMPA\u00d1AS.","('0002-JGM-2015', 1)":null},"('Firmantes', 'FIRMANTE')":{"('0002-JGM-2015', 0)":"FERNANDEZ, ANIBAL","('0002-JGM-2015', 1)":"KICILLOF, AXEL"},"('Firmantes', 'DISTRITO')":{"('0002-JGM-2015', 0)":null,"('0002-JGM-2015', 1)":null},"('Firmantes', 'BLOQUE')":{"('0002-JGM-2015', 0)":"PODER EJECUTIVO","('0002-JGM-2015', 1)":"PODER EJECUTIVO"},"('Giros', 'COMISI\u00d3N')":{"('0002-JGM-2015', 0)":"BICAMERAL PERMANENTE DE TRAMITE LEGISLATIVO - LEY 26122","('0002-JGM-2015', 1)":null},"('Tramites', 'C\u00c1MARA')":{"('0002-JGM-2015', 0)":"Diputados","('0002-JGM-2015', 1)":null},"('Tramites', 'MOVIMIENTO')":{"('0002-JGM-2015', 0)":"VER TRAMITE DEL DECRETO EN EL SENADO EN EXPEDIENTE 1199-S-2015","('0002-JGM-2015', 1)":null},"('Tramites', 'FECHA')":{"('0002-JGM-2015', 0)":null,"('0002-JGM-2015', 1)":null},"('Tramites', 'RESULTADO')":{"('0002-JGM-2015', 0)":null,"('0002-JGM-2015', 1)":null},"Palabra Clave":{"('0002-JGM-2015', 0)":" ","('0002-JGM-2015', 1)":null}}