{"Tipo de Proyecto":{"('0002-S-2015', 0)":"COMUNICACION"},"Iniciado en: ":{"('0002-S-2015', 0)":"Senado"},"Expediente Senado: ":{"('0002-S-2015', 0)":"0002-S-2015"},"Publicado en: ":{"('0002-S-2015', 0)":"Diario de Asuntos Entrados N\u00b0 1"},"Fecha: ":{"('0002-S-2015', 0)":"02\/03\/2015"},"T\u00edtulo":{"('0002-S-2015', 0)":"SOLICITAR AL PODER EJECUTIVO DISPONGA LAS MEDIDAS PARA LA REGLAMENTACION DE LA LEY 26934 (PLAN INTEGRAL PARA EL ABORDAJE DE LOS CONSUMOS PROBLEMATICOS)."},"('Firmantes', 'FIRMANTE')":{"('0002-S-2015', 0)":"PEREYRA, GUILLERMO JUAN"},"('Firmantes', 'DISTRITO')":{"('0002-S-2015', 0)":"NEUQUEN"},"('Firmantes', 'BLOQUE')":{"('0002-S-2015', 0)":"MOV POP NEUQUINO"},"Link":{"('0002-S-2015', 0)":"http:\/\/www.senado.gov.ar\/parlamentario\/comisiones\/verExp\/2.15\/S\/PC"},"Palabra Clave":{"('0002-S-2015', 0)":" "}}