{"Tipo de Proyecto":{"('0004-PE-2015', 0)":"MENSAJE NRO: 1084\/15 Y PROYECTO DE LEY","('0004-PE-2015', 1)":null,"('0004-PE-2015', 2)":null},"Iniciado en: ":{"('0004-PE-2015', 0)":"Diputados","('0004-PE-2015', 1)":null,"('0004-PE-2015', 2)":null},"Expediente Diputados: ":{"('0004-PE-2015', 0)":"0004-PE-2015","('0004-PE-2015', 1)":null,"('0004-PE-2015', 2)":null},"Publicado en: ":{"('0004-PE-2015', 0)":"Tr\u00e1mite Parlamentario N\u00b0 68","('0004-PE-2015', 1)":null,"('0004-PE-2015', 2)":null},"Fecha: ":{"('0004-PE-2015', 0)":"11\/06\/2015","('0004-PE-2015', 1)":null,"('0004-PE-2015', 2)":null},"T\u00edtulo":{"('0004-PE-2015', 0)":"CONSOLIDAR LA POLITICA DE DESARROLLO DE AGRUPAMIENTOS INDUSTRIALES MEDIANTE EL PROGRAMA NACIONAL PARA EL DESARROLLO DE PARQUES INDUSTRIALES - PRONAPI -. ","('0004-PE-2015', 1)":null,"('0004-PE-2015', 2)":null},"('Firmantes', 'FIRMANTE')":{"('0004-PE-2015', 0)":"FERNANDEZ DE KIRCHNER, CRISTINA","('0004-PE-2015', 1)":"FERNANDEZ, ANIBAL","('0004-PE-2015', 2)":"GIORGI, DEBORA"},"('Firmantes', 'DISTRITO')":{"('0004-PE-2015', 0)":null,"('0004-PE-2015', 1)":null,"('0004-PE-2015', 2)":null},"('Firmantes', 'BLOQUE')":{"('0004-PE-2015', 0)":"PODER EJECUTIVO","('0004-PE-2015', 1)":"PODER EJECUTIVO","('0004-PE-2015', 2)":"PODER EJECUTIVO"},"('Giros', 'COMISI\u00d3N')":{"('0004-PE-2015', 0)":"INDUSTRIA","('0004-PE-2015', 1)":"PEQUE\u00d1AS Y MEDIANAS EMPRESAS","('0004-PE-2015', 2)":"PRESUPUESTO Y HACIENDA"},"Sumario":{"('0004-PE-2015', 0)":"OBJETIVOS; CREACION DEL PROGRAMA; CREACION DEL CONSEJO FEDERAL DE PARQUES INDUSTRIALES; AUTORIDAD DE APLICACION:  MINISTERIO DE INDUSTRIA; INVITACION A ADHERIR.","('0004-PE-2015', 1)":null,"('0004-PE-2015', 2)":null},"Palabra Clave":{"('0004-PE-2015', 0)":" ","('0004-PE-2015', 1)":null,"('0004-PE-2015', 2)":null}}