{"Tipo de Proyecto":{"('0004-S-2015', 0)":"COMUNICACION"},"Iniciado en: ":{"('0004-S-2015', 0)":"Senado"},"Expediente Senado: ":{"('0004-S-2015', 0)":"0004-S-2015"},"Publicado en: ":{"('0004-S-2015', 0)":"Diario de Asuntos Entrados N\u00b0 1"},"Fecha: ":{"('0004-S-2015', 0)":"02\/03\/2015"},"T\u00edtulo":{"('0004-S-2015', 0)":"VERIA CON AGRADO QUE EL PODER EJECUTIVO NACIONAL PROCEDA A LA REGLAMENTACION DE LA LEY 26801 (CREACION DEL INSTITUTO NACIONAL DE LA MUSICA)."},"('Firmantes', 'FIRMANTE')":{"('0004-S-2015', 0)":"PEREYRA, GUILLERMO JUAN"},"('Firmantes', 'DISTRITO')":{"('0004-S-2015', 0)":"NEUQUEN"},"('Firmantes', 'BLOQUE')":{"('0004-S-2015', 0)":"MOV POP NEUQUINO"},"Link":{"('0004-S-2015', 0)":"http:\/\/www.senado.gov.ar\/parlamentario\/comisiones\/verExp\/4.15\/S\/PC"},"Palabra Clave":{"('0004-S-2015', 0)":" "}}