{"Tipo de Proyecto":{"('0004-D-2015', 0)":"PROYECTO DE LEY","('0004-D-2015', 1)":null,"('0004-D-2015', 2)":null,"('0004-D-2015', 3)":null,"('0004-D-2015', 4)":null,"('0004-D-2015', 5)":null,"('0004-D-2015', 6)":null,"('0004-D-2015', 7)":null},"Iniciado en: ":{"('0004-D-2015', 0)":"Diputados","('0004-D-2015', 1)":null,"('0004-D-2015', 2)":null,"('0004-D-2015', 3)":null,"('0004-D-2015', 4)":null,"('0004-D-2015', 5)":null,"('0004-D-2015', 6)":null,"('0004-D-2015', 7)":null},"Expediente Diputados: ":{"('0004-D-2015', 0)":"0004-D-2015","('0004-D-2015', 1)":null,"('0004-D-2015', 2)":null,"('0004-D-2015', 3)":null,"('0004-D-2015', 4)":null,"('0004-D-2015', 5)":null,"('0004-D-2015', 6)":null,"('0004-D-2015', 7)":null},"Publicado en: ":{"('0004-D-2015', 0)":"Tr\u00e1mite Parlamentario N\u00b0 1","('0004-D-2015', 1)":null,"('0004-D-2015', 2)":null,"('0004-D-2015', 3)":null,"('0004-D-2015', 4)":null,"('0004-D-2015', 5)":null,"('0004-D-2015', 6)":null,"('0004-D-2015', 7)":null},"Fecha: ":{"('0004-D-2015', 0)":"02\/03\/2015","('0004-D-2015', 1)":null,"('0004-D-2015', 2)":null,"('0004-D-2015', 3)":null,"('0004-D-2015', 4)":null,"('0004-D-2015', 5)":null,"('0004-D-2015', 6)":null,"('0004-D-2015', 7)":null},"T\u00edtulo":{"('0004-D-2015', 0)":"PUBLICIDAD OFICIAL. REGIMEN","('0004-D-2015', 1)":null,"('0004-D-2015', 2)":null,"('0004-D-2015', 3)":null,"('0004-D-2015', 4)":null,"('0004-D-2015', 5)":null,"('0004-D-2015', 6)":null,"('0004-D-2015', 7)":null},"('Firmantes', 'FIRMANTE')":{"('0004-D-2015', 0)":"LINARES, MARIA VIRGINIA","('0004-D-2015', 1)":"TROIANO, GABRIELA ALEJANDRA","('0004-D-2015', 2)":"STOLBIZER, MARGARITA ROSA","('0004-D-2015', 3)":"BINNER, HERMES JUAN","('0004-D-2015', 4)":"CICILIANI, ALICIA MABEL","('0004-D-2015', 5)":"PERALTA, FABIAN FRANCISCO","('0004-D-2015', 6)":"VALINOTTO, JORGE ANSELMO","('0004-D-2015', 7)":"DUCLOS, OMAR ARNALDO"},"('Firmantes', 'DISTRITO')":{"('0004-D-2015', 0)":"BUENOS AIRES","('0004-D-2015', 1)":"BUENOS AIRES","('0004-D-2015', 2)":"BUENOS AIRES","('0004-D-2015', 3)":"SANTA FE","('0004-D-2015', 4)":"SANTA FE","('0004-D-2015', 5)":"SANTA FE","('0004-D-2015', 6)":"CORDOBA","('0004-D-2015', 7)":"BUENOS AIRES"},"('Firmantes', 'BLOQUE')":{"('0004-D-2015', 0)":"GEN","('0004-D-2015', 1)":"PARTIDO SOCIALISTA","('0004-D-2015', 2)":"GEN","('0004-D-2015', 3)":"PARTIDO SOCIALISTA","('0004-D-2015', 4)":"PARTIDO SOCIALISTA","('0004-D-2015', 5)":"GEN","('0004-D-2015', 6)":"FRENTE CIVICO - CORDOBA","('0004-D-2015', 7)":"GEN"},"('Giros', 'COMISI\u00d3N')":{"('0004-D-2015', 0)":"COMUNICACIONES E INFORMATICA","('0004-D-2015', 1)":"LIBERTAD DE EXPRESION","('0004-D-2015', 2)":"PETICIONES, PODERES Y REGLAMENTO","('0004-D-2015', 3)":"PRESUPUESTO Y HACIENDA","('0004-D-2015', 4)":null,"('0004-D-2015', 5)":null,"('0004-D-2015', 6)":null,"('0004-D-2015', 7)":null},"Sumario":{"('0004-D-2015', 0)":"OBJETO; DEFINICIONES; PRINCIPIOS; OBJETIVOS; AMBITO DE APLICACION; AUTORIDAD DE APLICACION: CREACION DE LA UNIDAD EJECUTORA DE LA PUBLICIDAD OFICIAL, ORGANISMO DESCENTRALIZADO Y DE CARACTER AUTARQUICO, DEPENDIENTE DEL PODER EJECUTIVO; CREACION DE UNA COMISION BICAMERAL PARA EL CONTROL Y SEGUIMIENTO DE LA PUBLICIDAD OFICIAL, EN EL AMBITO DEL PODER LEGISLATIVO; PLAN ANUAL E INFORME SEMESTRAL DE EJECUCION DE LA PUBLICIDAD OFICIAL; CREACION DEL REGISTRO NACIONAL DE PUBLICIDAD OFICIAL, EN EL AMBITO DE LA UNIDAD EJECUTORA DE LA PUBLICIDAD OFICIAL; ASIGNACION DE LA PUBLICIDAD OFICIAL; PROHIBICIONES; LIMITACIONES DURANTE PROCESOS ELECTORALES; EXCLUSIONES; SANCIONES; DEROGACION DE TODA NORMA QUE SE OPONGA A LA PRESENTE LEY; INVITACION A LAS PROVINCIAS Y A LA CIUDAD AUTONOMA DE BUENOS AIRES A ADHERIR.","('0004-D-2015', 1)":null,"('0004-D-2015', 2)":null,"('0004-D-2015', 3)":null,"('0004-D-2015', 4)":null,"('0004-D-2015', 5)":null,"('0004-D-2015', 6)":null,"('0004-D-2015', 7)":null},"Palabra Clave":{"('0004-D-2015', 0)":" ","('0004-D-2015', 1)":null,"('0004-D-2015', 2)":null,"('0004-D-2015', 3)":null,"('0004-D-2015', 4)":null,"('0004-D-2015', 5)":null,"('0004-D-2015', 6)":null,"('0004-D-2015', 7)":null}}