{"Tipo de Proyecto":{"('0005-D-2015', 0)":"PROYECTO DE LEY","('0005-D-2015', 1)":null,"('0005-D-2015', 2)":null,"('0005-D-2015', 3)":null,"('0005-D-2015', 4)":null,"('0005-D-2015', 5)":null},"Iniciado en: ":{"('0005-D-2015', 0)":"Diputados","('0005-D-2015', 1)":null,"('0005-D-2015', 2)":null,"('0005-D-2015', 3)":null,"('0005-D-2015', 4)":null,"('0005-D-2015', 5)":null},"Expediente Diputados: ":{"('0005-D-2015', 0)":"0005-D-2015","('0005-D-2015', 1)":null,"('0005-D-2015', 2)":null,"('0005-D-2015', 3)":null,"('0005-D-2015', 4)":null,"('0005-D-2015', 5)":null},"Publicado en: ":{"('0005-D-2015', 0)":"Tr\u00e1mite Parlamentario N\u00b0 1","('0005-D-2015', 1)":null,"('0005-D-2015', 2)":null,"('0005-D-2015', 3)":null,"('0005-D-2015', 4)":null,"('0005-D-2015', 5)":null},"Fecha: ":{"('0005-D-2015', 0)":"02\/03\/2015","('0005-D-2015', 1)":null,"('0005-D-2015', 2)":null,"('0005-D-2015', 3)":null,"('0005-D-2015', 4)":null,"('0005-D-2015', 5)":null},"T\u00edtulo":{"('0005-D-2015', 0)":"JUBILACION ANTICIPADA PARA LOS TRABAJADORES QUE TIENEN HIJOS CON DISCAPACIDAD A SU CARGO. CREACION.","('0005-D-2015', 1)":null,"('0005-D-2015', 2)":null,"('0005-D-2015', 3)":null,"('0005-D-2015', 4)":null,"('0005-D-2015', 5)":null},"('Firmantes', 'FIRMANTE')":{"('0005-D-2015', 0)":"GUCCIONE, JOSE DANIEL","('0005-D-2015', 1)":"DONKIN, CARLOS GUILLERMO","('0005-D-2015', 2)":"LEVERBERG, STELLA MARIS","('0005-D-2015', 3)":"ZIEBART, CRISTINA ISABEL","('0005-D-2015', 4)":"REDCZUK, OSCAR FELIPE","('0005-D-2015', 5)":"RIVAS, JORGE"},"('Firmantes', 'DISTRITO')":{"('0005-D-2015', 0)":"MISIONES","('0005-D-2015', 1)":"FORMOSA","('0005-D-2015', 2)":"MISIONES","('0005-D-2015', 3)":"CHUBUT","('0005-D-2015', 4)":"MISIONES","('0005-D-2015', 5)":"BUENOS AIRES"},"('Firmantes', 'BLOQUE')":{"('0005-D-2015', 0)":"FRENTE PARA LA VICTORIA - PJ","('0005-D-2015', 1)":"FRENTE PARA LA VICTORIA - PJ","('0005-D-2015', 2)":"FRENTE PARA LA VICTORIA - PJ","('0005-D-2015', 3)":"FRENTE PARA LA VICTORIA - PJ","('0005-D-2015', 4)":"FRENTE PARA LA VICTORIA - PJ","('0005-D-2015', 5)":"FRENTE PARA LA VICTORIA - PJ"},"('Giros', 'COMISI\u00d3N')":{"('0005-D-2015', 0)":"PREVISION Y SEGURIDAD SOCIAL","('0005-D-2015', 1)":"LEGISLACION DEL TRABAJO","('0005-D-2015', 2)":"PRESUPUESTO Y HACIENDA","('0005-D-2015', 3)":null,"('0005-D-2015', 4)":null,"('0005-D-2015', 5)":null},"Link":{"('0005-D-2015', 0)":"https:\/\/www.hcdn.gob.ar\/proyectos\/textoCompleto.jsp?exp=0005-D-2015&tipo=LEY","('0005-D-2015', 1)":null,"('0005-D-2015', 2)":null,"('0005-D-2015', 3)":null,"('0005-D-2015', 4)":null,"('0005-D-2015', 5)":null},"Palabra Clave":{"('0005-D-2015', 0)":" ","('0005-D-2015', 1)":null,"('0005-D-2015', 2)":null,"('0005-D-2015', 3)":null,"('0005-D-2015', 4)":null,"('0005-D-2015', 5)":null}}