{"Tipo de Proyecto":{"('0005-JGM-2015', 0)":"MENSAJE NRO: 0114\/15","('0005-JGM-2015', 1)":null},"Iniciado en: ":{"('0005-JGM-2015', 0)":"Diputados","('0005-JGM-2015', 1)":null},"Expediente Diputados: ":{"('0005-JGM-2015', 0)":"0005-JGM-2015","('0005-JGM-2015', 1)":null},"Publicado en: ":{"('0005-JGM-2015', 0)":"Tr\u00e1mite Parlamentario N\u00b0 27","('0005-JGM-2015', 1)":null},"Fecha: ":{"('0005-JGM-2015', 0)":"13\/04\/2015","('0005-JGM-2015', 1)":null},"T\u00edtulo":{"('0005-JGM-2015', 0)":"COMUNICACION DEL DECRETO DE NECESIDAD Y URGENCIA 504 POR EL CUAL SE INCORPORA EL ARTICULO 14 SEXIES A LA LEY 24714, DE ASIGNACIONES FAMILIARES, ESTABLECIENDO QUE LOS TITULARES DE LA ASIGNACION UNIVERSAL POR HIJO PARA PROTECCION SOCIAL TENDRAN DERECHO A LA ASIGNACION POR AYUDA ESCOLAR ANUAL","('0005-JGM-2015', 1)":null},"('Firmantes', 'FIRMANTE')":{"('0005-JGM-2015', 0)":"FERNANDEZ, ANIBAL","('0005-JGM-2015', 1)":"RANDAZZO, FLORENCIO"},"('Firmantes', 'DISTRITO')":{"('0005-JGM-2015', 0)":null,"('0005-JGM-2015', 1)":null},"('Firmantes', 'BLOQUE')":{"('0005-JGM-2015', 0)":"PODER EJECUTIVO","('0005-JGM-2015', 1)":"PODER EJECUTIVO"},"('Giros', 'COMISI\u00d3N')":{"('0005-JGM-2015', 0)":"BICAMERAL PERMANENTE DE TRAMITE LEGISLATIVO - LEY 26122","('0005-JGM-2015', 1)":null},"('Tramites', 'C\u00c1MARA')":{"('0005-JGM-2015', 0)":"Diputados","('0005-JGM-2015', 1)":"Diputados"},"('Tramites', 'MOVIMIENTO')":{"('0005-JGM-2015', 0)":"CONSIDERACION Y APROBACION","('0005-JGM-2015', 1)":"VER TRAMITE DEL DECRETO EN SENADO EN EXPEDIENTE 1203-S-2015"},"('Tramites', 'FECHA')":{"('0005-JGM-2015', 0)":"26\/08\/2015","('0005-JGM-2015', 1)":null},"('Tramites', 'RESULTADO')":{"('0005-JGM-2015', 0)":"APROBADO","('0005-JGM-2015', 1)":null},"Palabra Clave":{"('0005-JGM-2015', 0)":" ","('0005-JGM-2015', 1)":null}}