{"Tipo de Proyecto":{"('0005-S-2015', 0)":"COMUNICACION"},"Iniciado en: ":{"('0005-S-2015', 0)":"Senado"},"Expediente Senado: ":{"('0005-S-2015', 0)":"0005-S-2015"},"Publicado en: ":{"('0005-S-2015', 0)":"Diario de Asuntos Entrados N\u00b0 1"},"Fecha: ":{"('0005-S-2015', 0)":"02\/03\/2015"},"T\u00edtulo":{"('0005-S-2015', 0)":"SOLICITAR AL PODER EJECUTIVO NACIONAL LA REGLAMENTACION DE LA LEY 26928 (CREACION DEL SISTEMA DE PROTECCION INTEGRAL PARA PERSONAS TRASPLANTADAS)."},"('Firmantes', 'FIRMANTE')":{"('0005-S-2015', 0)":"PEREYRA, GUILLERMO JUAN"},"('Firmantes', 'DISTRITO')":{"('0005-S-2015', 0)":"NEUQUEN"},"('Firmantes', 'BLOQUE')":{"('0005-S-2015', 0)":"MOV POP NEUQUINO"},"Link":{"('0005-S-2015', 0)":"http:\/\/www.senado.gov.ar\/parlamentario\/comisiones\/verExp\/5.15\/S\/PC"},"Palabra Clave":{"('0005-S-2015', 0)":" "}}