{"Tipo de Proyecto":{"('0007-D-2015', 0)":"PROYECTO DE RESOLUCI\u00d3N"},"Iniciado en: ":{"('0007-D-2015', 0)":"Diputados"},"Expediente Diputados: ":{"('0007-D-2015', 0)":"0007-D-2015"},"Publicado en: ":{"('0007-D-2015', 0)":"Tr\u00e1mite Parlamentario N\u00b0 1"},"Fecha: ":{"('0007-D-2015', 0)":"02\/03\/2015"},"T\u00edtulo":{"('0007-D-2015', 0)":"DECLARAR DE INTERES DE LA H. CAMARA EL \"XXVIII CONGRESO ARGENTINO Y LATINOAMERICANO  DE MEDICOS RESIDENTES DE CIRUGIA\", A REALIZARSE  DEL 21 AL 24 DE MARZO DE 2015 EN LA CIUDAD DE MAR DEL PLATA, PROVINCIA DE BUENOS AIRES. "},"('Firmantes', 'FIRMANTE')":{"('0007-D-2015', 0)":"GUCCIONE, JOSE DANIEL"},"('Firmantes', 'DISTRITO')":{"('0007-D-2015', 0)":"MISIONES"},"('Firmantes', 'BLOQUE')":{"('0007-D-2015', 0)":"FRENTE PARA LA VICTORIA - PJ"},"('Giros', 'COMISI\u00d3N')":{"('0007-D-2015', 0)":"ACCION SOCIAL Y SALUD PUBLICA"},"('Tramites', 'C\u00c1MARA')":{"('0007-D-2015', 0)":"Diputados"},"('Tramites', 'MOVIMIENTO')":{"('0007-D-2015', 0)":"APROBACION ARTICULO 114 DEL REGLAMENTO DE LA H CAMARA DE DIPUTADOS; COMUNICADO EL 24\/04\/2015"},"('Tramites', 'FECHA')":{"('0007-D-2015', 0)":null},"('Tramites', 'RESULTADO')":{"('0007-D-2015', 0)":"APROBADO"},"Link":{"('0007-D-2015', 0)":"https:\/\/www.hcdn.gob.ar\/proyectos\/textoCompleto.jsp?exp=0007-D-2015&tipo=RESOLUCION"},"Palabra Clave":{"('0007-D-2015', 0)":" "}}