{"Tipo de Proyecto":{"('0007-PE-2015', 0)":"MENSAJE NRO: 0350\/15","('0007-PE-2015', 1)":null},"Iniciado en: ":{"('0007-PE-2015', 0)":"Senado","('0007-PE-2015', 1)":null},"Expediente Senado: ":{"('0007-PE-2015', 0)":"0007-PE-2015","('0007-PE-2015', 1)":null},"Publicado en: ":{"('0007-PE-2015', 0)":"DAE S.A. N\u00b0 1","('0007-PE-2015', 1)":null},"Fecha: ":{"('0007-PE-2015', 0)":"06\/03\/2015","('0007-PE-2015', 1)":null},"T\u00edtulo":{"('0007-PE-2015', 0)":"SOLICITAR ACUERDO PARA DESIGNAR DEFENSOR PUBLICO OFICIAL ANTE EL TRIBUNAL ORAL EN LO CRIMINAL FEDERAL DE SAN SALVADOR DE JUJUY, PROVINCIA DE JUJUY, AL DOCTOR MATIAS FEDERICO GUTIERREZ PEREA.","('0007-PE-2015', 1)":null},"('Firmantes', 'FIRMANTE')":{"('0007-PE-2015', 0)":"FERNANDEZ DE KIRCHNER, CRISTINA","('0007-PE-2015', 1)":"ALAK, JULIO"},"('Firmantes', 'DISTRITO')":{"('0007-PE-2015', 0)":null,"('0007-PE-2015', 1)":null},"('Firmantes', 'BLOQUE')":{"('0007-PE-2015', 0)":"PODER EJECUTIVO","('0007-PE-2015', 1)":"PODER EJECUTIVO"},"('Tramites', 'C\u00c1MARA')":{"('0007-PE-2015', 0)":"Senado","('0007-PE-2015', 1)":null},"('Tramites', 'MOVIMIENTO')":{"('0007-PE-2015', 0)":"CONSIDERACION Y APROBACION","('0007-PE-2015', 1)":null},"('Tramites', 'FECHA')":{"('0007-PE-2015', 0)":"27\/05\/2015","('0007-PE-2015', 1)":null},"('Tramites', 'RESULTADO')":{"('0007-PE-2015', 0)":"APROBADO","('0007-PE-2015', 1)":null},"Palabra Clave":{"('0007-PE-2015', 0)":" ","('0007-PE-2015', 1)":null}}