{"Tipo de Proyecto":{"('0008-PE-2015', 0)":"MENSAJE NRO: 1893\/15 Y PROYECTO DE LEY","('0008-PE-2015', 1)":null,"('0008-PE-2015', 2)":null,"('0008-PE-2015', 3)":null},"Iniciado en: ":{"('0008-PE-2015', 0)":"Diputados","('0008-PE-2015', 1)":null,"('0008-PE-2015', 2)":null,"('0008-PE-2015', 3)":null},"Expediente Diputados: ":{"('0008-PE-2015', 0)":"0008-PE-2015","('0008-PE-2015', 1)":null,"('0008-PE-2015', 2)":null,"('0008-PE-2015', 3)":null},"Expediente Senado: ":{"('0008-PE-2015', 0)":"0089-CD-2015","('0008-PE-2015', 1)":null,"('0008-PE-2015', 2)":null,"('0008-PE-2015', 3)":null},"Publicado en: ":{"('0008-PE-2015', 0)":"Tr\u00e1mite Parlamentario N\u00b0 123","('0008-PE-2015', 1)":null,"('0008-PE-2015', 2)":null,"('0008-PE-2015', 3)":null},"Fecha: ":{"('0008-PE-2015', 0)":"16\/09\/2015","('0008-PE-2015', 1)":null,"('0008-PE-2015', 2)":null,"('0008-PE-2015', 3)":null},"T\u00edtulo":{"('0008-PE-2015', 0)":"CREACION DEL REGIMEN DE PROMOCION DE LAS JUVENTUDES.","('0008-PE-2015', 1)":null,"('0008-PE-2015', 2)":null,"('0008-PE-2015', 3)":null},"('Firmantes', 'FIRMANTE')":{"('0008-PE-2015', 0)":"FERNANDEZ DE KIRCHNER, CRISTINA","('0008-PE-2015', 1)":"FERNANDEZ, ANIBAL","('0008-PE-2015', 2)":null,"('0008-PE-2015', 3)":null},"('Firmantes', 'DISTRITO')":{"('0008-PE-2015', 0)":null,"('0008-PE-2015', 1)":null,"('0008-PE-2015', 2)":null,"('0008-PE-2015', 3)":null},"('Firmantes', 'BLOQUE')":{"('0008-PE-2015', 0)":"PODER EJECUTIVO","('0008-PE-2015', 1)":"PODER EJECUTIVO","('0008-PE-2015', 2)":null,"('0008-PE-2015', 3)":null},"('Giros', 'COMISI\u00d3N')":{"('0008-PE-2015', 0)":"LEGISLACION GENERAL","('0008-PE-2015', 1)":"FAMILIA, MUJER, NI\u00d1EZ Y ADOLESCENCIA","('0008-PE-2015', 2)":"PRESUPUESTO Y HACIENDA","('0008-PE-2015', 3)":null},"('Tramites', 'C\u00c1MARA')":{"('0008-PE-2015', 0)":"Diputados","('0008-PE-2015', 1)":"Diputados","('0008-PE-2015', 2)":"Diputados","('0008-PE-2015', 3)":"Senado"},"('Tramites', 'MOVIMIENTO')":{"('0008-PE-2015', 0)":"CITACION SESION ESPECIAL","('0008-PE-2015', 1)":"CONSIDERACION Y APROBACION CON MODIFICACIONES","('0008-PE-2015', 2)":"INSERCIONES DE LOS DIPUTADOS CARRIZO, CASERIO, COMELLI, GRANADOS, HELLER, JUNIO Y MENDOZA","('0008-PE-2015', 3)":"PASA A SENADO -"},"('Tramites', 'FECHA')":{"('0008-PE-2015', 0)":"04\/11\/2015","('0008-PE-2015', 1)":"04\/11\/2015","('0008-PE-2015', 2)":"04\/11\/2015","('0008-PE-2015', 3)":null},"('Tramites', 'RESULTADO')":{"('0008-PE-2015', 0)":null,"('0008-PE-2015', 1)":"MEDIA SANCION","('0008-PE-2015', 2)":null,"('0008-PE-2015', 3)":null},"Sumario":{"('0008-PE-2015', 0)":"OBJETO Y FINALIDAD DE LA LEY; DERECHOS; DEBERES DEL ESTADO; PROGRAMA DE RESPALDO A ESTUDIANTES ARGENTINOS (PROGRESAR); MODIFICACION AL COMITE EJECUTIVO Y AL COMITE CONSULTIVO DEL PROGRESAR: SUSTITUCION DE  LOS ARTICULOS 11 Y 14 DEL DECRETO 84\/2014; ORGANIZACION GUBERNAMENTAL DE LAS POLITICAS DE PROMOCION DE\n LAS JUVENTUDES; ORGANISMOS:  SECRETARIA NACIONAL DE LAS JUVENTUDES,  INSTITUTO NACIONAL DE LAS JUVENTUDES, CONSEJO FEDERAL DE LA JUVENTUD, RED DE CONSEJOS MUNICIPALES DE LA JUVENTUD Y DEFENSOR DE LOS DERECHOS DE LAS JUVENTUDES; POLITICA JUVENIL EN OTROS NIVELES DE GOBIERNO: CONSEJO FEDERAL DE LA JUVENTUD; MODIFICACION DE LOS ARTICULOS 1, 2 Y 7 DE LA 26227; POLITICAS JUVENILES EN LOS MUNICIPIOS Y LOCALIDADES: CREACION DE LA RED DE CONSEJOS MUNICIPALES DE LA JUVENTUD; CREACION DEL DEFENSOR DE LOS DERECHOS DE LAS JUVENTUDES;  LEY DE MINISTERIOS: \nSUSTITUCION DEL INCISO 15 DEL ARTICULO 23 BIS DE LA LEY DE MINISTERIOS  E INCORPORACION DE INCISO 40 AL ARTICULO 16; INVITACION A ADHERIR.","('0008-PE-2015', 1)":null,"('0008-PE-2015', 2)":null,"('0008-PE-2015', 3)":null},"Palabra Clave":{"('0008-PE-2015', 0)":" ","('0008-PE-2015', 1)":null,"('0008-PE-2015', 2)":null,"('0008-PE-2015', 3)":null}}