{"Tipo de Proyecto":{"('0008-S-2015', 0)":"PROYECTO DE DECLARACI\u00d3N","('0008-S-2015', 1)":null},"Iniciado en: ":{"('0008-S-2015', 0)":"Senado","('0008-S-2015', 1)":null},"Expediente Senado: ":{"('0008-S-2015', 0)":"0008-S-2015","('0008-S-2015', 1)":null},"Publicado en: ":{"('0008-S-2015', 0)":"Diario de Asuntos Entrados N\u00b0 1","('0008-S-2015', 1)":null},"Fecha: ":{"('0008-S-2015', 0)":"02\/03\/2015","('0008-S-2015', 1)":null},"T\u00edtulo":{"('0008-S-2015', 0)":"SOLICITAR AL PODER EJECUTIVO NACIONAL BRINDE LA INFORMACION OBTENIDA DE LAS INVESTIGACIONES DE ROCAS FOSFORICAS, EN EL MARCO DEL PROYECTO DE REMINERALIZACION DE SUELOS.","('0008-S-2015', 1)":null},"('Firmantes', 'FIRMANTE')":{"('0008-S-2015', 0)":"PEREYRA, GUILLERMO JUAN","('0008-S-2015', 1)":null},"('Firmantes', 'DISTRITO')":{"('0008-S-2015', 0)":"NEUQUEN","('0008-S-2015', 1)":null},"('Firmantes', 'BLOQUE')":{"('0008-S-2015', 0)":"MOV POP NEUQUINO","('0008-S-2015', 1)":null},"('Tramites', 'C\u00c1MARA')":{"('0008-S-2015', 0)":"Senado","('0008-S-2015', 1)":"Senado"},"('Tramites', 'MOVIMIENTO')":{"('0008-S-2015', 0)":"CONSIDERACION Y APROBACION","('0008-S-2015', 1)":"CONTESTACION DEL PODER EJECUTIVO NACIONAL - JEFE DE GABINETE DE MINISTROS - GIRADO A LA COMISION RESPECTIVA"},"('Tramites', 'FECHA')":{"('0008-S-2015', 0)":"13\/07\/2016","('0008-S-2015', 1)":null},"('Tramites', 'RESULTADO')":{"('0008-S-2015', 0)":"APROBADO","('0008-S-2015', 1)":null},"Link":{"('0008-S-2015', 0)":"http:\/\/www.senado.gov.ar\/parlamentario\/comisiones\/verExp\/8.15\/S\/PD","('0008-S-2015', 1)":null},"Palabra Clave":{"('0008-S-2015', 0)":" ","('0008-S-2015', 1)":null}}