{"Tipo de Proyecto":{"('0008-D-2015', 0)":"PROYECTO DE RESOLUCI\u00d3N","('0008-D-2015', 1)":null},"Iniciado en: ":{"('0008-D-2015', 0)":"Diputados","('0008-D-2015', 1)":null},"Expediente Diputados: ":{"('0008-D-2015', 0)":"0008-D-2015","('0008-D-2015', 1)":null},"Publicado en: ":{"('0008-D-2015', 0)":"Tr\u00e1mite Parlamentario N\u00b0 1","('0008-D-2015', 1)":null},"Fecha: ":{"('0008-D-2015', 0)":"02\/03\/2015","('0008-D-2015', 1)":null},"T\u00edtulo":{"('0008-D-2015', 0)":"PEDIDO DE INFORMES AL PODER EJECUTIVO SOBRE DIVERSAS CUESTIONES RELACIONADAS  CON  LA APARICION DE UNA NUEVA CLASE DE DROGA DENOMINADA \"BURUNDANGA\" O ESCOPOLAMINA.   ","('0008-D-2015', 1)":null},"('Firmantes', 'FIRMANTE')":{"('0008-D-2015', 0)":"BIANCHI, IVANA MARIA","('0008-D-2015', 1)":null},"('Firmantes', 'DISTRITO')":{"('0008-D-2015', 0)":"SAN LUIS","('0008-D-2015', 1)":null},"('Firmantes', 'BLOQUE')":{"('0008-D-2015', 0)":"COMPROMISO FEDERAL","('0008-D-2015', 1)":null},"('Giros', 'COMISI\u00d3N')":{"('0008-D-2015', 0)":"PREVENCION DE ADICCIONES Y CONTROL DEL NARCOTRAFICO","('0008-D-2015', 1)":"SEGURIDAD INTERIOR"},"Link":{"('0008-D-2015', 0)":"https:\/\/www.hcdn.gob.ar\/proyectos\/textoCompleto.jsp?exp=0008-D-2015&tipo=RESOLUCION","('0008-D-2015', 1)":null},"Palabra Clave":{"('0008-D-2015', 0)":" ","('0008-D-2015', 1)":null}}