{"Tipo de Proyecto":{"('0009-S-2015', 0)":"PROYECTO DE DECLARACI\u00d3N","('0009-S-2015', 1)":null},"Iniciado en: ":{"('0009-S-2015', 0)":"Senado","('0009-S-2015', 1)":null},"Expediente Senado: ":{"('0009-S-2015', 0)":"0009-S-2015","('0009-S-2015', 1)":null},"Publicado en: ":{"('0009-S-2015', 0)":"Diario de Asuntos Entrados N\u00b0 1","('0009-S-2015', 1)":null},"Fecha: ":{"('0009-S-2015', 0)":"02\/03\/2015","('0009-S-2015', 1)":null},"T\u00edtulo":{"('0009-S-2015', 0)":"EXPRESAR BENEPLACITO POR LA CONMEMORACION DEL 26\u00b0 ANIVERSARIO DE LA LOCALIDAD DE SAUZAL BONITO, DEPARTAMENTO CONFLUENCIA , PROVINCIA DEL NEUQUEN, A CELEBRARSE EL 1 DE ABRIL.","('0009-S-2015', 1)":null},"('Firmantes', 'FIRMANTE')":{"('0009-S-2015', 0)":"PEREYRA, GUILLERMO JUAN","('0009-S-2015', 1)":null},"('Firmantes', 'DISTRITO')":{"('0009-S-2015', 0)":"NEUQUEN","('0009-S-2015', 1)":null},"('Firmantes', 'BLOQUE')":{"('0009-S-2015', 0)":"MOV POP NEUQUINO","('0009-S-2015', 1)":null},"('Tramites', 'C\u00c1MARA')":{"('0009-S-2015', 0)":"Senado","('0009-S-2015', 1)":"Senado"},"('Tramites', 'MOVIMIENTO')":{"('0009-S-2015', 0)":"MOCION SOBRE TABLAS (AFIRMATIVA)","('0009-S-2015', 1)":"CONSIDERACION Y APROBACION"},"('Tramites', 'FECHA')":{"('0009-S-2015', 0)":"27\/05\/2015","('0009-S-2015', 1)":"27\/05\/2015"},"('Tramites', 'RESULTADO')":{"('0009-S-2015', 0)":null,"('0009-S-2015', 1)":"APROBADO"},"Link":{"('0009-S-2015', 0)":"http:\/\/www.senado.gov.ar\/parlamentario\/comisiones\/verExp\/9.15\/S\/PD","('0009-S-2015', 1)":null},"Palabra Clave":{"('0009-S-2015', 0)":" ","('0009-S-2015', 1)":null}}