{"Tipo de Proyecto":{"('0010-S-2015', 0)":"PROYECTO DE DECLARACI\u00d3N","('0010-S-2015', 1)":null},"Iniciado en: ":{"('0010-S-2015', 0)":"Senado","('0010-S-2015', 1)":null},"Expediente Senado: ":{"('0010-S-2015', 0)":"0010-S-2015","('0010-S-2015', 1)":null},"Publicado en: ":{"('0010-S-2015', 0)":"Diario de Asuntos Entrados N\u00b0 1","('0010-S-2015', 1)":null},"Fecha: ":{"('0010-S-2015', 0)":"02\/03\/2015","('0010-S-2015', 1)":null},"T\u00edtulo":{"('0010-S-2015', 0)":"ADHERIR A LA CONMEMORACION DEL DIA DEL VETERANO Y DE LOS CAIDOS EN LA GUERRA DE MALVINAS, EL 2 DE ABRIL DEL 2015.","('0010-S-2015', 1)":null},"('Firmantes', 'FIRMANTE')":{"('0010-S-2015', 0)":"PEREYRA, GUILLERMO JUAN","('0010-S-2015', 1)":null},"('Firmantes', 'DISTRITO')":{"('0010-S-2015', 0)":"NEUQUEN","('0010-S-2015', 1)":null},"('Firmantes', 'BLOQUE')":{"('0010-S-2015', 0)":"MOV POP NEUQUINO","('0010-S-2015', 1)":null},"('Tramites', 'C\u00c1MARA')":{"('0010-S-2015', 0)":"Senado","('0010-S-2015', 1)":"Senado"},"('Tramites', 'MOVIMIENTO')":{"('0010-S-2015', 0)":"MOCION SOBRE TABLAS (AFIRMATIVA) CONJUNTAMENTE PARA LOS EXPEDIENTES 1004-S-2014, 0010-S-2015, 0458-S-2015, 0648-S-2015, 0726-S-2015, 0923-S-2015, 0959-S-2015, 1020-S-2015 y 1106-S-2015","('0010-S-2015', 1)":"CONSIDERACION Y APROBACION (TEXTO UNIFICADO) CONJUNTAMENTE PARA LOS EXPEDIENTES 1004-S-2014, 0010-S-2015, 0458-S-2015, 0648-S-2015, 0726-S-2015, 0923-S-2015, 0959-S-2015, 1020-S-2015 y 1106-S-2015"},"('Tramites', 'FECHA')":{"('0010-S-2015', 0)":"27\/05\/2015","('0010-S-2015', 1)":"27\/05\/2015"},"('Tramites', 'RESULTADO')":{"('0010-S-2015', 0)":null,"('0010-S-2015', 1)":"APROBADO"},"Link":{"('0010-S-2015', 0)":"http:\/\/www.senado.gov.ar\/parlamentario\/comisiones\/verExp\/10.15\/S\/PD","('0010-S-2015', 1)":null},"Palabra Clave":{"('0010-S-2015', 0)":" ","('0010-S-2015', 1)":null}}