{"Tipo de Proyecto":{"('0010-JGM-2015', 0)":"MENSAJE NRO: 0455\/15","('0010-JGM-2015', 1)":null,"('0010-JGM-2015', 2)":null},"Iniciado en: ":{"('0010-JGM-2015', 0)":"Diputados","('0010-JGM-2015', 1)":null,"('0010-JGM-2015', 2)":null},"Expediente Diputados: ":{"('0010-JGM-2015', 0)":"0010-JGM-2015","('0010-JGM-2015', 1)":null,"('0010-JGM-2015', 2)":null},"Publicado en: ":{"('0010-JGM-2015', 0)":"Tr\u00e1mite Parlamentario N\u00b0 82","('0010-JGM-2015', 1)":null,"('0010-JGM-2015', 2)":null},"Fecha: ":{"('0010-JGM-2015', 0)":"03\/07\/2015","('0010-JGM-2015', 1)":null,"('0010-JGM-2015', 2)":null},"T\u00edtulo":{"('0010-JGM-2015', 0)":"COMUNICACION DEL DECRETO 1243 DEL 30 DE JUNIO DE 2015 SOBRE LA APLICACION DEL GRAVAMEN PREVISTO EN EL CAPITULO V DEL TITULO II DE LA LEY N\u00b0 24674 DE IMPUESTOS INTERNOS Y SUS MODIFICACIONES. ","('0010-JGM-2015', 1)":null,"('0010-JGM-2015', 2)":null},"('Firmantes', 'FIRMANTE')":{"('0010-JGM-2015', 0)":"FERNANDEZ, ANIBAL","('0010-JGM-2015', 1)":"KICILLOF, AXEL","('0010-JGM-2015', 2)":"GIORGI, DEBORA"},"('Firmantes', 'DISTRITO')":{"('0010-JGM-2015', 0)":null,"('0010-JGM-2015', 1)":null,"('0010-JGM-2015', 2)":null},"('Firmantes', 'BLOQUE')":{"('0010-JGM-2015', 0)":"PODER EJECUTIVO","('0010-JGM-2015', 1)":"PODER EJECUTIVO","('0010-JGM-2015', 2)":"PODER EJECUTIVO"},"('Giros', 'COMISI\u00d3N')":{"('0010-JGM-2015', 0)":"BICAMERAL PERMANENTE DE TRAMITE LEGISLATIVO - LEY 26122","('0010-JGM-2015', 1)":null,"('0010-JGM-2015', 2)":null},"('Tramites', 'C\u00c1MARA')":{"('0010-JGM-2015', 0)":"Diputados","('0010-JGM-2015', 1)":null,"('0010-JGM-2015', 2)":null},"('Tramites', 'MOVIMIENTO')":{"('0010-JGM-2015', 0)":"VER TRAMITE DEL DECRETO EN SENADO EN EXPEDIENTE 2775-S-2015","('0010-JGM-2015', 1)":null,"('0010-JGM-2015', 2)":null},"('Tramites', 'FECHA')":{"('0010-JGM-2015', 0)":null,"('0010-JGM-2015', 1)":null,"('0010-JGM-2015', 2)":null},"('Tramites', 'RESULTADO')":{"('0010-JGM-2015', 0)":null,"('0010-JGM-2015', 1)":null,"('0010-JGM-2015', 2)":null},"Palabra Clave":{"('0010-JGM-2015', 0)":" ","('0010-JGM-2015', 1)":null,"('0010-JGM-2015', 2)":null}}