{"Tipo de Proyecto":{"('0010-PE-2015', 0)":"MENSAJE NRO: 1951\/15 Y PROYECTO DE LEY","('0010-PE-2015', 1)":null,"('0010-PE-2015', 2)":null,"('0010-PE-2015', 3)":null,"('0010-PE-2015', 4)":null,"('0010-PE-2015', 5)":null,"('0010-PE-2015', 6)":null,"('0010-PE-2015', 7)":null},"Iniciado en: ":{"('0010-PE-2015', 0)":"Diputados","('0010-PE-2015', 1)":null,"('0010-PE-2015', 2)":null,"('0010-PE-2015', 3)":null,"('0010-PE-2015', 4)":null,"('0010-PE-2015', 5)":null,"('0010-PE-2015', 6)":null,"('0010-PE-2015', 7)":null},"Expediente Diputados: ":{"('0010-PE-2015', 0)":"0010-PE-2015","('0010-PE-2015', 1)":null,"('0010-PE-2015', 2)":null,"('0010-PE-2015', 3)":null,"('0010-PE-2015', 4)":null,"('0010-PE-2015', 5)":null,"('0010-PE-2015', 6)":null,"('0010-PE-2015', 7)":null},"Expediente Senado: ":{"('0010-PE-2015', 0)":"0064-CD-2015","('0010-PE-2015', 1)":null,"('0010-PE-2015', 2)":null,"('0010-PE-2015', 3)":null,"('0010-PE-2015', 4)":null,"('0010-PE-2015', 5)":null,"('0010-PE-2015', 6)":null,"('0010-PE-2015', 7)":null},"Publicado en: ":{"('0010-PE-2015', 0)":"Tr\u00e1mite Parlamentario N\u00b0 127","('0010-PE-2015', 1)":null,"('0010-PE-2015', 2)":null,"('0010-PE-2015', 3)":null,"('0010-PE-2015', 4)":null,"('0010-PE-2015', 5)":null,"('0010-PE-2015', 6)":null,"('0010-PE-2015', 7)":null},"Fecha: ":{"('0010-PE-2015', 0)":"22\/09\/2015","('0010-PE-2015', 1)":null,"('0010-PE-2015', 2)":null,"('0010-PE-2015', 3)":null,"('0010-PE-2015', 4)":null,"('0010-PE-2015', 5)":null,"('0010-PE-2015', 6)":null,"('0010-PE-2015', 7)":null},"T\u00edtulo":{"('0010-PE-2015', 0)":"PRORROGA HASTA EL 31 DE DICIEMBRE DE 2017 LA VIGENCIA Y LA DISTRIBUCION DEL IMPUESTO SOBRE LOS CREDITOS Y DEBITOS EN CUENTAS BANCARIAS Y OTRAS OPERATORIAS, ESTABLECIDO EN LOS ARTICULOS 1, 2, 3, 4, 5 Y 6 DE LA LEY 25413 Y SUS MODIFICACIONES, HASTA EL 31\/12\/2017 DEL REGIMEN SIMPLIFICADO PARA PEQUE\u00d1OS CONTRIBUYENTES ESTABLECIDO EN EL ANEXO DE LA LEY 24977 Y SUS MODIFICACIONES Y DEL IMPUESTO ADICIONAL DE EMERGENCIA SOBRE EL PRECIO FINAL DE VENTA DE CIGARRILLOS, DISPUESTO POR LA LEY 24625 Y SUS MODIFICACIONES, Y HASTA EL 31\/12\/2025 DE LA VIGENCIA Y DISTRIBUCION DEL GRAVAMEN DE EMERGENCIA A LOS PREMIOS DE DETERMINADOS JUEGOS DE SORTEO Y CONCURSOS DEPORTIVOS CREADO POR LEY 20630","('0010-PE-2015', 1)":null,"('0010-PE-2015', 2)":null,"('0010-PE-2015', 3)":null,"('0010-PE-2015', 4)":null,"('0010-PE-2015', 5)":null,"('0010-PE-2015', 6)":null,"('0010-PE-2015', 7)":null},"('Firmantes', 'FIRMANTE')":{"('0010-PE-2015', 0)":"FERNANDEZ DE KIRCHNER, CRISTINA","('0010-PE-2015', 1)":"FERNANDEZ, ANIBAL","('0010-PE-2015', 2)":"KICILLOF, AXEL","('0010-PE-2015', 3)":null,"('0010-PE-2015', 4)":null,"('0010-PE-2015', 5)":null,"('0010-PE-2015', 6)":null,"('0010-PE-2015', 7)":null},"('Firmantes', 'DISTRITO')":{"('0010-PE-2015', 0)":null,"('0010-PE-2015', 1)":null,"('0010-PE-2015', 2)":null,"('0010-PE-2015', 3)":null,"('0010-PE-2015', 4)":null,"('0010-PE-2015', 5)":null,"('0010-PE-2015', 6)":null,"('0010-PE-2015', 7)":null},"('Firmantes', 'BLOQUE')":{"('0010-PE-2015', 0)":"PODER EJECUTIVO","('0010-PE-2015', 1)":"PODER EJECUTIVO","('0010-PE-2015', 2)":"PODER EJECUTIVO","('0010-PE-2015', 3)":null,"('0010-PE-2015', 4)":null,"('0010-PE-2015', 5)":null,"('0010-PE-2015', 6)":null,"('0010-PE-2015', 7)":null},"('Giros', 'COMISI\u00d3N')":{"('0010-PE-2015', 0)":"PRESUPUESTO Y HACIENDA","('0010-PE-2015', 1)":null,"('0010-PE-2015', 2)":null,"('0010-PE-2015', 3)":null,"('0010-PE-2015', 4)":null,"('0010-PE-2015', 5)":null,"('0010-PE-2015', 6)":null,"('0010-PE-2015', 7)":null},"('Tramites', 'C\u00c1MARA')":{"('0010-PE-2015', 0)":"Diputados","('0010-PE-2015', 1)":"Diputados","('0010-PE-2015', 2)":"Diputados","('0010-PE-2015', 3)":"Diputados","('0010-PE-2015', 4)":"Diputados","('0010-PE-2015', 5)":"Senado","('0010-PE-2015', 6)":"Senado","('0010-PE-2015', 7)":"Senado"},"('Tramites', 'MOVIMIENTO')":{"('0010-PE-2015', 0)":"CITACION SESION ESPECIAL","('0010-PE-2015', 1)":"MOCION DE QUE LA PRESIDENCIA INTERPRETE LA MAYORIA NECESARIA PARA SU APROBACION (AFIRMATIVA)","('0010-PE-2015', 2)":"CONSIDERACION Y APROBACION","('0010-PE-2015', 3)":"MANIFESTACIONES SOBRE VOTACION EN PARTICULAR","('0010-PE-2015', 4)":"INSERCIONES DEL DIPUTADO SAN MARTIN","('0010-PE-2015', 5)":"PASA A SENADO -","('0010-PE-2015', 6)":"CONSIDERACION Y SANCION","('0010-PE-2015', 7)":"INSERCION DE LA SENADORA GIMENEZ"},"('Tramites', 'FECHA')":{"('0010-PE-2015', 0)":"07\/10\/2015","('0010-PE-2015', 1)":"07\/10\/2015","('0010-PE-2015', 2)":"07\/10\/2015","('0010-PE-2015', 3)":"07\/10\/2015","('0010-PE-2015', 4)":"07\/10\/2015","('0010-PE-2015', 5)":null,"('0010-PE-2015', 6)":"28\/10\/2015","('0010-PE-2015', 7)":"28\/10\/2015"},"('Tramites', 'RESULTADO')":{"('0010-PE-2015', 0)":null,"('0010-PE-2015', 1)":null,"('0010-PE-2015', 2)":"MEDIA SANCION","('0010-PE-2015', 3)":null,"('0010-PE-2015', 4)":null,"('0010-PE-2015', 5)":null,"('0010-PE-2015', 6)":"SANCIONADO","('0010-PE-2015', 7)":null},"Sumario":{"('0010-PE-2015', 0)":"VIGENCIA","('0010-PE-2015', 1)":null,"('0010-PE-2015', 2)":null,"('0010-PE-2015', 3)":null,"('0010-PE-2015', 4)":null,"('0010-PE-2015', 5)":null,"('0010-PE-2015', 6)":null,"('0010-PE-2015', 7)":null},"Palabra Clave":{"('0010-PE-2015', 0)":" ","('0010-PE-2015', 1)":null,"('0010-PE-2015', 2)":null,"('0010-PE-2015', 3)":null,"('0010-PE-2015', 4)":null,"('0010-PE-2015', 5)":null,"('0010-PE-2015', 6)":null,"('0010-PE-2015', 7)":null}}