{"Tipo de Proyecto":{"('0011-S-2015', 0)":"PROYECTO DE DECLARACI\u00d3N","('0011-S-2015', 1)":null},"Iniciado en: ":{"('0011-S-2015', 0)":"Senado","('0011-S-2015', 1)":null},"Expediente Senado: ":{"('0011-S-2015', 0)":"0011-S-2015","('0011-S-2015', 1)":null},"Publicado en: ":{"('0011-S-2015', 0)":"Diario de Asuntos Entrados N\u00b0 1","('0011-S-2015', 1)":null},"Fecha: ":{"('0011-S-2015', 0)":"02\/03\/2015","('0011-S-2015', 1)":null},"T\u00edtulo":{"('0011-S-2015', 0)":"ADHERIR AL DIA DEL TRABAJADOR TELEPOSTAL, EL 7 DE ABRIL DE CADA A\u00d1O.","('0011-S-2015', 1)":null},"('Firmantes', 'FIRMANTE')":{"('0011-S-2015', 0)":"PEREYRA, GUILLERMO JUAN","('0011-S-2015', 1)":null},"('Firmantes', 'DISTRITO')":{"('0011-S-2015', 0)":"NEUQUEN","('0011-S-2015', 1)":null},"('Firmantes', 'BLOQUE')":{"('0011-S-2015', 0)":"MOV POP NEUQUINO","('0011-S-2015', 1)":null},"('Tramites', 'C\u00c1MARA')":{"('0011-S-2015', 0)":"Senado","('0011-S-2015', 1)":"Senado"},"('Tramites', 'MOVIMIENTO')":{"('0011-S-2015', 0)":"MOCION SOBRE TABLAS (AFIRMATIVA)","('0011-S-2015', 1)":"CONSIDERACION Y APROBACION"},"('Tramites', 'FECHA')":{"('0011-S-2015', 0)":"27\/05\/2015","('0011-S-2015', 1)":"27\/05\/2015"},"('Tramites', 'RESULTADO')":{"('0011-S-2015', 0)":null,"('0011-S-2015', 1)":"APROBADO"},"Link":{"('0011-S-2015', 0)":"http:\/\/www.senado.gov.ar\/parlamentario\/comisiones\/verExp\/11.15\/S\/PD","('0011-S-2015', 1)":null},"Palabra Clave":{"('0011-S-2015', 0)":" ","('0011-S-2015', 1)":null}}