{"Tipo de Proyecto":{"('0011-PE-2015', 0)":"MENSAJE NRO: 1952\/15 Y PROYECTO DE LEY","('0011-PE-2015', 1)":null,"('0011-PE-2015', 2)":null,"('0011-PE-2015', 3)":null,"('0011-PE-2015', 4)":null,"('0011-PE-2015', 5)":null},"Iniciado en: ":{"('0011-PE-2015', 0)":"Diputados","('0011-PE-2015', 1)":null,"('0011-PE-2015', 2)":null,"('0011-PE-2015', 3)":null,"('0011-PE-2015', 4)":null,"('0011-PE-2015', 5)":null},"Expediente Diputados: ":{"('0011-PE-2015', 0)":"0011-PE-2015","('0011-PE-2015', 1)":null,"('0011-PE-2015', 2)":null,"('0011-PE-2015', 3)":null,"('0011-PE-2015', 4)":null,"('0011-PE-2015', 5)":null},"Expediente Senado: ":{"('0011-PE-2015', 0)":"0065-CD-2015","('0011-PE-2015', 1)":null,"('0011-PE-2015', 2)":null,"('0011-PE-2015', 3)":null,"('0011-PE-2015', 4)":null,"('0011-PE-2015', 5)":null},"Publicado en: ":{"('0011-PE-2015', 0)":"Tr\u00e1mite Parlamentario N\u00b0 127","('0011-PE-2015', 1)":null,"('0011-PE-2015', 2)":null,"('0011-PE-2015', 3)":null,"('0011-PE-2015', 4)":null,"('0011-PE-2015', 5)":null},"Fecha: ":{"('0011-PE-2015', 0)":"22\/09\/2015","('0011-PE-2015', 1)":null,"('0011-PE-2015', 2)":null,"('0011-PE-2015', 3)":null,"('0011-PE-2015', 4)":null,"('0011-PE-2015', 5)":null},"T\u00edtulo":{"('0011-PE-2015', 0)":"PRORROGA HASTA EL 31 DE DICIEMBRE DE 2017 LA VIGENCIA DE LA LEY 26204, PRORROGADA POR SUS SIMILARES 26339, 26456, 26563, 26729 Y 26896.","('0011-PE-2015', 1)":null,"('0011-PE-2015', 2)":null,"('0011-PE-2015', 3)":null,"('0011-PE-2015', 4)":null,"('0011-PE-2015', 5)":null},"('Firmantes', 'FIRMANTE')":{"('0011-PE-2015', 0)":"FERNANDEZ DE KIRCHNER, CRISTINA","('0011-PE-2015', 1)":"FERNANDEZ, ANIBAL","('0011-PE-2015', 2)":"KICILLOF, AXEL","('0011-PE-2015', 3)":null,"('0011-PE-2015', 4)":null,"('0011-PE-2015', 5)":null},"('Firmantes', 'DISTRITO')":{"('0011-PE-2015', 0)":null,"('0011-PE-2015', 1)":null,"('0011-PE-2015', 2)":null,"('0011-PE-2015', 3)":null,"('0011-PE-2015', 4)":null,"('0011-PE-2015', 5)":null},"('Firmantes', 'BLOQUE')":{"('0011-PE-2015', 0)":"PODER EJECUTIVO","('0011-PE-2015', 1)":"PODER EJECUTIVO","('0011-PE-2015', 2)":"PODER EJECUTIVO","('0011-PE-2015', 3)":null,"('0011-PE-2015', 4)":null,"('0011-PE-2015', 5)":null},"('Giros', 'COMISI\u00d3N')":{"('0011-PE-2015', 0)":"PRESUPUESTO Y HACIENDA","('0011-PE-2015', 1)":null,"('0011-PE-2015', 2)":null,"('0011-PE-2015', 3)":null,"('0011-PE-2015', 4)":null,"('0011-PE-2015', 5)":null},"('Tramites', 'C\u00c1MARA')":{"('0011-PE-2015', 0)":"Diputados","('0011-PE-2015', 1)":"Diputados","('0011-PE-2015', 2)":"Diputados","('0011-PE-2015', 3)":"Senado","('0011-PE-2015', 4)":"Senado","('0011-PE-2015', 5)":"Senado"},"('Tramites', 'MOVIMIENTO')":{"('0011-PE-2015', 0)":"CITACION SESION ESPECIAL","('0011-PE-2015', 1)":"CONSIDERACION Y APROBACION","('0011-PE-2015', 2)":"INSERCIONES DEL DIPUTADO SAN MARTIN","('0011-PE-2015', 3)":"PASA A SENADO -","('0011-PE-2015', 4)":"CONSIDERACION Y SANCION","('0011-PE-2015', 5)":"INSERCIONES DE LOS SENADORES BOYADJIAN, CREXELL Y GIMENEZ"},"('Tramites', 'FECHA')":{"('0011-PE-2015', 0)":"07\/10\/2015","('0011-PE-2015', 1)":"07\/10\/2015","('0011-PE-2015', 2)":"07\/10\/2015","('0011-PE-2015', 3)":null,"('0011-PE-2015', 4)":"28\/10\/2015","('0011-PE-2015', 5)":"28\/10\/2015"},"('Tramites', 'RESULTADO')":{"('0011-PE-2015', 0)":null,"('0011-PE-2015', 1)":"MEDIA SANCION","('0011-PE-2015', 2)":null,"('0011-PE-2015', 3)":null,"('0011-PE-2015', 4)":"SANCIONADO","('0011-PE-2015', 5)":null},"Link":{"('0011-PE-2015', 0)":"http:\/\/www.senado.gov.ar\/web\/proyectos\/verExpe.php?origen=CD&nro_comision=&tipo=PL&numexp=65\/15&tConsulta=4","('0011-PE-2015', 1)":null,"('0011-PE-2015', 2)":null,"('0011-PE-2015', 3)":null,"('0011-PE-2015', 4)":null,"('0011-PE-2015', 5)":null},"Palabra Clave":{"('0011-PE-2015', 0)":" ","('0011-PE-2015', 1)":null,"('0011-PE-2015', 2)":null,"('0011-PE-2015', 3)":null,"('0011-PE-2015', 4)":null,"('0011-PE-2015', 5)":null}}