{"Tipo de Proyecto":{"('0011-D-2015', 0)":"PROYECTO DE RESOLUCI\u00d3N"},"Iniciado en: ":{"('0011-D-2015', 0)":"Diputados"},"Expediente Diputados: ":{"('0011-D-2015', 0)":"0011-D-2015"},"Publicado en: ":{"('0011-D-2015', 0)":"Tr\u00e1mite Parlamentario N\u00b0 1"},"Fecha: ":{"('0011-D-2015', 0)":"02\/03\/2015"},"T\u00edtulo":{"('0011-D-2015', 0)":"DECLARAR DE INTERES DE LA H. CAMARA EL \"IV CONGRESO INTERNACIONAL DEL AGUA\", A REALIZARSE EL 20 DE MARZO DE 2015 EN LA LOCALIDAD DE VILLA MERCEDES, PROVINCIA DE SAN LUIS. "},"('Firmantes', 'FIRMANTE')":{"('0011-D-2015', 0)":"BIANCHI, IVANA MARIA"},"('Firmantes', 'DISTRITO')":{"('0011-D-2015', 0)":"SAN LUIS"},"('Firmantes', 'BLOQUE')":{"('0011-D-2015', 0)":"COMPROMISO FEDERAL"},"('Giros', 'COMISI\u00d3N')":{"('0011-D-2015', 0)":"RECURSOS NATURALES Y CONSERVACION DEL AMBIENTE HUMANO"},"Link":{"('0011-D-2015', 0)":"https:\/\/www.hcdn.gob.ar\/proyectos\/textoCompleto.jsp?exp=0011-D-2015&tipo=RESOLUCION"},"Palabra Clave":{"('0011-D-2015', 0)":" "}}