{"Tipo de Proyecto":{"('0011-JGM-2015', 0)":"MENSAJE NRO: 0493\/15","('0011-JGM-2015', 1)":null},"Iniciado en: ":{"('0011-JGM-2015', 0)":"Diputados","('0011-JGM-2015', 1)":null},"Expediente Diputados: ":{"('0011-JGM-2015', 0)":"0011-JGM-2015","('0011-JGM-2015', 1)":null},"Publicado en: ":{"('0011-JGM-2015', 0)":"Tr\u00e1mite Parlamentario N\u00b0 85","('0011-JGM-2015', 1)":null},"Fecha: ":{"('0011-JGM-2015', 0)":"08\/07\/2015","('0011-JGM-2015', 1)":null},"T\u00edtulo":{"('0011-JGM-2015', 0)":"COMUNICACION DEL DECRETO 1330\/2015 DICTADO EN USO DE FACULTADES DELEGADAS POR EL CUAL SE DEJA SIN EFECTO EL PROGRAMA \"PETROLEO PLUS\" CREADO POR DECRETO 2014\/2008.","('0011-JGM-2015', 1)":null},"('Firmantes', 'FIRMANTE')":{"('0011-JGM-2015', 0)":"FERNANDEZ, ANIBAL","('0011-JGM-2015', 1)":"DE VIDO, JULIO"},"('Firmantes', 'DISTRITO')":{"('0011-JGM-2015', 0)":null,"('0011-JGM-2015', 1)":null},"('Firmantes', 'BLOQUE')":{"('0011-JGM-2015', 0)":"PODER EJECUTIVO","('0011-JGM-2015', 1)":"PODER EJECUTIVO"},"('Giros', 'COMISI\u00d3N')":{"('0011-JGM-2015', 0)":"BICAMERAL PERMANENTE DE TRAMITE LEGISLATIVO - LEY 26122","('0011-JGM-2015', 1)":null},"('Tramites', 'C\u00c1MARA')":{"('0011-JGM-2015', 0)":"Diputados","('0011-JGM-2015', 1)":null},"('Tramites', 'MOVIMIENTO')":{"('0011-JGM-2015', 0)":"VER TRAMITE DEL DECRETO EN SENADO EN EXPEDIENTE 2777-S-2015","('0011-JGM-2015', 1)":null},"('Tramites', 'FECHA')":{"('0011-JGM-2015', 0)":null,"('0011-JGM-2015', 1)":null},"('Tramites', 'RESULTADO')":{"('0011-JGM-2015', 0)":null,"('0011-JGM-2015', 1)":null},"Palabra Clave":{"('0011-JGM-2015', 0)":" ","('0011-JGM-2015', 1)":null}}