{"Tipo de Proyecto":{"('0012-JGM-2015', 0)":"MENSAJE NRO: 0593\/15","('0012-JGM-2015', 1)":null},"Iniciado en: ":{"('0012-JGM-2015', 0)":"Diputados","('0012-JGM-2015', 1)":null},"Expediente Diputados: ":{"('0012-JGM-2015', 0)":"0012-JGM-2015","('0012-JGM-2015', 1)":null},"Publicado en: ":{"('0012-JGM-2015', 0)":"Tr\u00e1mite Parlamentario N\u00b0 95","('0012-JGM-2015', 1)":null},"Fecha: ":{"('0012-JGM-2015', 0)":"29\/07\/2015","('0012-JGM-2015', 1)":null},"T\u00edtulo":{"('0012-JGM-2015', 0)":"COMUNICACION DEL DICTADO DEL DECRETO DE NECESIDAD Y URGENCIA 1423 DEL 24 DE JULIO DE 2015, POR EL CUAL SE CREA EL FONDO FIDUCIARIO PUBLICO DENOMINADO  FONDO FIDUCIARIO DEL CRUCE MARITIMO DEL SUR","('0012-JGM-2015', 1)":null},"('Firmantes', 'FIRMANTE')":{"('0012-JGM-2015', 0)":"FERNANDEZ, ANIBAL","('0012-JGM-2015', 1)":"KICILLOF, AXEL"},"('Firmantes', 'DISTRITO')":{"('0012-JGM-2015', 0)":null,"('0012-JGM-2015', 1)":null},"('Firmantes', 'BLOQUE')":{"('0012-JGM-2015', 0)":"PODER EJECUTIVO","('0012-JGM-2015', 1)":"PODER EJECUTIVO"},"('Giros', 'COMISI\u00d3N')":{"('0012-JGM-2015', 0)":"BICAMERAL PERMANENTE DE TRAMITE LEGISLATIVO - LEY 26122","('0012-JGM-2015', 1)":null},"('Tramites', 'C\u00c1MARA')":{"('0012-JGM-2015', 0)":"Diputados","('0012-JGM-2015', 1)":null},"('Tramites', 'MOVIMIENTO')":{"('0012-JGM-2015', 0)":"VER TRAMITE DEL DECRETO EN SENADO EN EXPEDIENTE 2776-S-2015","('0012-JGM-2015', 1)":null},"('Tramites', 'FECHA')":{"('0012-JGM-2015', 0)":null,"('0012-JGM-2015', 1)":null},"('Tramites', 'RESULTADO')":{"('0012-JGM-2015', 0)":null,"('0012-JGM-2015', 1)":null},"Palabra Clave":{"('0012-JGM-2015', 0)":" ","('0012-JGM-2015', 1)":null}}