{"Tipo de Proyecto":{"('0013-PE-2015', 0)":"MENSAJE NRO: 2084\/15 Y PROYECTO DE LEY","('0013-PE-2015', 1)":null,"('0013-PE-2015', 2)":null,"('0013-PE-2015', 3)":null,"('0013-PE-2015', 4)":null,"('0013-PE-2015', 5)":null,"('0013-PE-2015', 6)":null,"('0013-PE-2015', 7)":null},"Iniciado en: ":{"('0013-PE-2015', 0)":"Diputados","('0013-PE-2015', 1)":null,"('0013-PE-2015', 2)":null,"('0013-PE-2015', 3)":null,"('0013-PE-2015', 4)":null,"('0013-PE-2015', 5)":null,"('0013-PE-2015', 6)":null,"('0013-PE-2015', 7)":null},"Expediente Diputados: ":{"('0013-PE-2015', 0)":"0013-PE-2015","('0013-PE-2015', 1)":null,"('0013-PE-2015', 2)":null,"('0013-PE-2015', 3)":null,"('0013-PE-2015', 4)":null,"('0013-PE-2015', 5)":null,"('0013-PE-2015', 6)":null,"('0013-PE-2015', 7)":null},"Expediente Senado: ":{"('0013-PE-2015', 0)":"0140-CD-2015","('0013-PE-2015', 1)":null,"('0013-PE-2015', 2)":null,"('0013-PE-2015', 3)":null,"('0013-PE-2015', 4)":null,"('0013-PE-2015', 5)":null,"('0013-PE-2015', 6)":null,"('0013-PE-2015', 7)":null},"Publicado en: ":{"('0013-PE-2015', 0)":"Tr\u00e1mite Parlamentario N\u00b0 136","('0013-PE-2015', 1)":null,"('0013-PE-2015', 2)":null,"('0013-PE-2015', 3)":null,"('0013-PE-2015', 4)":null,"('0013-PE-2015', 5)":null,"('0013-PE-2015', 6)":null,"('0013-PE-2015', 7)":null},"Fecha: ":{"('0013-PE-2015', 0)":"06\/10\/2015","('0013-PE-2015', 1)":null,"('0013-PE-2015', 2)":null,"('0013-PE-2015', 3)":null,"('0013-PE-2015', 4)":null,"('0013-PE-2015', 5)":null,"('0013-PE-2015', 6)":null,"('0013-PE-2015', 7)":null},"T\u00edtulo":{"('0013-PE-2015', 0)":"SUSTITUCION DEL ARTICULO 4 DE LA LEY 24240, DE DEFENSA DEL CONSUMIDOR, SOBRE LA INFORMACION QUE EL PROVEEDOR ESTA OBLIGADO A SUMINISTRAR AL CONSUMIDOR.","('0013-PE-2015', 1)":null,"('0013-PE-2015', 2)":null,"('0013-PE-2015', 3)":null,"('0013-PE-2015', 4)":null,"('0013-PE-2015', 5)":null,"('0013-PE-2015', 6)":null,"('0013-PE-2015', 7)":null},"('Firmantes', 'FIRMANTE')":{"('0013-PE-2015', 0)":"FERNANDEZ DE KIRCHNER, CRISTINA","('0013-PE-2015', 1)":"FERNANDEZ, ANIBAL","('0013-PE-2015', 2)":"ALAK, JULIO","('0013-PE-2015', 3)":null,"('0013-PE-2015', 4)":null,"('0013-PE-2015', 5)":null,"('0013-PE-2015', 6)":null,"('0013-PE-2015', 7)":null},"('Firmantes', 'DISTRITO')":{"('0013-PE-2015', 0)":null,"('0013-PE-2015', 1)":null,"('0013-PE-2015', 2)":null,"('0013-PE-2015', 3)":null,"('0013-PE-2015', 4)":null,"('0013-PE-2015', 5)":null,"('0013-PE-2015', 6)":null,"('0013-PE-2015', 7)":null},"('Firmantes', 'BLOQUE')":{"('0013-PE-2015', 0)":"PODER EJECUTIVO","('0013-PE-2015', 1)":"PODER EJECUTIVO","('0013-PE-2015', 2)":"PODER EJECUTIVO","('0013-PE-2015', 3)":null,"('0013-PE-2015', 4)":null,"('0013-PE-2015', 5)":null,"('0013-PE-2015', 6)":null,"('0013-PE-2015', 7)":null},"('Giros', 'COMISI\u00d3N')":{"('0013-PE-2015', 0)":"DEFENSA DEL CONSUMIDOR, DEL USUARIO Y DE LA COMPETENCIA","('0013-PE-2015', 1)":null,"('0013-PE-2015', 2)":null,"('0013-PE-2015', 3)":null,"('0013-PE-2015', 4)":null,"('0013-PE-2015', 5)":null,"('0013-PE-2015', 6)":null,"('0013-PE-2015', 7)":null},"('Tramites', 'C\u00c1MARA')":{"('0013-PE-2015', 0)":"Diputados","('0013-PE-2015', 1)":"Diputados","('0013-PE-2015', 2)":"Diputados","('0013-PE-2015', 3)":"Diputados","('0013-PE-2015', 4)":"Senado","('0013-PE-2015', 5)":"Senado","('0013-PE-2015', 6)":"Senado","('0013-PE-2015', 7)":"Senado"},"('Tramites', 'MOVIMIENTO')":{"('0013-PE-2015', 0)":"CITACION SESION ESPECIAL","('0013-PE-2015', 1)":"CONSIDERACION Y APROBACION","('0013-PE-2015', 2)":"INSERCION DE LOS DIPUTADOS DEL CA\u00d1O Y BREGMAN SOBRE SENTIDO DE SU VOTO","('0013-PE-2015', 3)":"INSERCION DEL DIPUTADO LOPEZ SOBRE SENTIDO DE SU VOTO","('0013-PE-2015', 4)":"PASA A SENADO -","('0013-PE-2015', 5)":"CITACION SESION ESPECIAL","('0013-PE-2015', 6)":"CONSIDERACION Y SANCION","('0013-PE-2015', 7)":"INSERCION DEL SENADOR BASUALDO"},"('Tramites', 'FECHA')":{"('0013-PE-2015', 0)":"26\/11\/2015","('0013-PE-2015', 1)":"26\/11\/2015","('0013-PE-2015', 2)":"26\/11\/2015","('0013-PE-2015', 3)":"26\/11\/2015","('0013-PE-2015', 4)":null,"('0013-PE-2015', 5)":"18\/05\/2016","('0013-PE-2015', 6)":"18\/05\/2016","('0013-PE-2015', 7)":"18\/05\/2016"},"('Tramites', 'RESULTADO')":{"('0013-PE-2015', 0)":null,"('0013-PE-2015', 1)":"MEDIA SANCION","('0013-PE-2015', 2)":null,"('0013-PE-2015', 3)":null,"('0013-PE-2015', 4)":null,"('0013-PE-2015', 5)":null,"('0013-PE-2015', 6)":"SANCIONADO","('0013-PE-2015', 7)":null},"Link":{"('0013-PE-2015', 0)":"http:\/\/www.senado.gov.ar\/web\/proyectos\/verExpe.php?origen=CD&nro_comision=&tipo=PL&numexp=140\/15&tConsulta=4","('0013-PE-2015', 1)":null,"('0013-PE-2015', 2)":null,"('0013-PE-2015', 3)":null,"('0013-PE-2015', 4)":null,"('0013-PE-2015', 5)":null,"('0013-PE-2015', 6)":null,"('0013-PE-2015', 7)":null},"Palabra Clave":{"('0013-PE-2015', 0)":" ","('0013-PE-2015', 1)":null,"('0013-PE-2015', 2)":null,"('0013-PE-2015', 3)":null,"('0013-PE-2015', 4)":null,"('0013-PE-2015', 5)":null,"('0013-PE-2015', 6)":null,"('0013-PE-2015', 7)":null}}