{"Tipo de Proyecto":{"('0013-S-2015', 0)":"MENSAJE NRO: 0357\/15 Y PROYECTO DE LEY","('0013-S-2015', 1)":null,"('0013-S-2015', 2)":null,"('0013-S-2015', 3)":null,"('0013-S-2015', 4)":null},"Iniciado en: ":{"('0013-S-2015', 0)":"Senado","('0013-S-2015', 1)":null,"('0013-S-2015', 2)":null,"('0013-S-2015', 3)":null,"('0013-S-2015', 4)":null},"Expediente Diputados: ":{"('0013-S-2015', 0)":"0013-S-2015","('0013-S-2015', 1)":null,"('0013-S-2015', 2)":null,"('0013-S-2015', 3)":null,"('0013-S-2015', 4)":null},"Expediente Senado: ":{"('0013-S-2015', 0)":"0013-PE-2015","('0013-S-2015', 1)":null,"('0013-S-2015', 2)":null,"('0013-S-2015', 3)":null,"('0013-S-2015', 4)":null},"Publicado en: ":{"('0013-S-2015', 0)":"Diario de Asuntos Entrados N\u00b0 0","('0013-S-2015', 1)":null,"('0013-S-2015', 2)":null,"('0013-S-2015', 3)":null,"('0013-S-2015', 4)":null},"Fecha: ":{"('0013-S-2015', 0)":"05\/03\/2015","('0013-S-2015', 1)":null,"('0013-S-2015', 2)":null,"('0013-S-2015', 3)":null,"('0013-S-2015', 4)":null},"T\u00edtulo":{"('0013-S-2015', 0)":"AUTORIZACION DE LA SALIDA DE PERSONAL Y MEDIOS DEL EJERCITO ARGENTINO, DE LA ARMADA ARGENTINA Y DE LA FUERZA AEREA ARGENTINA DE NUESTRO PAIS Y EL INGRESO DE TROPAS EXTRANJERAS, A REALIZARSE DENTRO Y FUERA DEL TERRITORIO NACIONAL, EN EL MARCO DEL PROGRAMA DE EJERCITACIONES COMBINADAS PARA EL PERIODO 1\u00ba DE SETIEMBRE DE 2015 AL 31 DE AGOSTO DE 2016.","('0013-S-2015', 1)":null,"('0013-S-2015', 2)":null,"('0013-S-2015', 3)":null,"('0013-S-2015', 4)":null},"('Firmantes', 'FIRMANTE')":{"('0013-S-2015', 0)":"FERNANDEZ DE KIRCHNER, CRISTINA","('0013-S-2015', 1)":"TIMERMAN, HECTOR MARCOS","('0013-S-2015', 2)":"FERNANDEZ, ANIBAL","('0013-S-2015', 3)":"ROSSI, AGUSTIN OSCAR","('0013-S-2015', 4)":null},"('Firmantes', 'DISTRITO')":{"('0013-S-2015', 0)":null,"('0013-S-2015', 1)":null,"('0013-S-2015', 2)":null,"('0013-S-2015', 3)":null,"('0013-S-2015', 4)":null},"('Firmantes', 'BLOQUE')":{"('0013-S-2015', 0)":"PODER EJECUTIVO","('0013-S-2015', 1)":"PODER EJECUTIVO","('0013-S-2015', 2)":"PODER EJECUTIVO","('0013-S-2015', 3)":"PODER EJECUTIVO","('0013-S-2015', 4)":null},"('Giros', 'COMISI\u00d3N')":{"('0013-S-2015', 0)":"DEFENSA NACIONAL","('0013-S-2015', 1)":"RELACIONES EXTERIORES Y CULTO","('0013-S-2015', 2)":null,"('0013-S-2015', 3)":null,"('0013-S-2015', 4)":null},"('Tramites', 'C\u00c1MARA')":{"('0013-S-2015', 0)":"Senado","('0013-S-2015', 1)":"Diputados","('0013-S-2015', 2)":"Diputados","('0013-S-2015', 3)":"Diputados","('0013-S-2015', 4)":"Diputados"},"('Tramites', 'MOVIMIENTO')":{"('0013-S-2015', 0)":"CONSIDERACION Y APROBACION","('0013-S-2015', 1)":"PASA A DIPUTADOS -","('0013-S-2015', 2)":"CITACION SESION ESPECIAL","('0013-S-2015', 3)":"CONSIDERACION Y SANCION","('0013-S-2015', 4)":"INSERCIONES"},"('Tramites', 'FECHA')":{"('0013-S-2015', 0)":"15\/04\/2015","('0013-S-2015', 1)":null,"('0013-S-2015', 2)":"10\/06\/2015","('0013-S-2015', 3)":"10\/06\/2015","('0013-S-2015', 4)":"10\/06\/2015"},"('Tramites', 'RESULTADO')":{"('0013-S-2015', 0)":"MEDIA SANCION","('0013-S-2015', 1)":null,"('0013-S-2015', 2)":null,"('0013-S-2015', 3)":"SANCIONADO","('0013-S-2015', 4)":null},"Sumario":{"('0013-S-2015', 0)":"EJERCICIOS COMBINADOS: SACI, DUENDE YAGUARETE, SAR SUB CON LA MARINA DE LA REPUBLICA FEDERATIVA DEL BRASIL, ATLASUR, AREX, FRATERNO, PASSEX, INTEGRACION, VIEKAREN, ANFIBIO COMBINADO, SAR SUB CON LA ARMADA NACIONAL DE LA REPUBLICA ORIENTAL DEL URUGUAY, INALAF, SAREX, SOCIEDAD DE LAS AMERICAS, ACRUX, TANQUE, SALITRE, RIO, UJLLACHAY, ARPA, CHICLAYO, ARBOL, SAR RIO, SAR PLATA, SAR ANDES Y PLATA.","('0013-S-2015', 1)":null,"('0013-S-2015', 2)":null,"('0013-S-2015', 3)":null,"('0013-S-2015', 4)":null},"Palabra Clave":{"('0013-S-2015', 0)":" ","('0013-S-2015', 1)":null,"('0013-S-2015', 2)":null,"('0013-S-2015', 3)":null,"('0013-S-2015', 4)":null}}