{"Tipo de Proyecto":{"('0014-PE-2015', 0)":"MENSAJE NRO: 2330\/15","('0014-PE-2015', 1)":null},"Iniciado en: ":{"('0014-PE-2015', 0)":"Diputados","('0014-PE-2015', 1)":null},"Expediente Diputados: ":{"('0014-PE-2015', 0)":"0014-PE-2015","('0014-PE-2015', 1)":null},"Publicado en: ":{"('0014-PE-2015', 0)":"Tr\u00e1mite Parlamentario N\u00b0 151","('0014-PE-2015', 1)":null},"Fecha: ":{"('0014-PE-2015', 0)":"06\/11\/2015","('0014-PE-2015', 1)":null},"T\u00edtulo":{"('0014-PE-2015', 0)":"COMUNICACION DEL DECRETO 2329\/2015 POR EL CUAL SE PRORROGAN LAS SESIONES ORDINARIAS DEL H. CONGRESO DE LA NACION, HASTA EL 09 DE DICIEMBRE DE 2015.","('0014-PE-2015', 1)":null},"('Firmantes', 'FIRMANTE')":{"('0014-PE-2015', 0)":"FERNANDEZ DE KIRCHNER, CRISTINA","('0014-PE-2015', 1)":"FERNANDEZ, ANIBAL"},"('Firmantes', 'DISTRITO')":{"('0014-PE-2015', 0)":null,"('0014-PE-2015', 1)":null},"('Firmantes', 'BLOQUE')":{"('0014-PE-2015', 0)":"PODER EJECUTIVO","('0014-PE-2015', 1)":"PODER EJECUTIVO"},"('Giros', 'COMISI\u00d3N')":{"('0014-PE-2015', 0)":"A LA PRESIDENCIA","('0014-PE-2015', 1)":null},"Palabra Clave":{"('0014-PE-2015', 0)":" ","('0014-PE-2015', 1)":null}}