{"Tipo de Proyecto":{"('0014-D-2015', 0)":"PROYECTO DE DECLARACI\u00d3N","('0014-D-2015', 1)":null,"('0014-D-2015', 2)":null,"('0014-D-2015', 3)":null,"('0014-D-2015', 4)":null,"('0014-D-2015', 5)":null},"Iniciado en: ":{"('0014-D-2015', 0)":"Diputados","('0014-D-2015', 1)":null,"('0014-D-2015', 2)":null,"('0014-D-2015', 3)":null,"('0014-D-2015', 4)":null,"('0014-D-2015', 5)":null},"Expediente Diputados: ":{"('0014-D-2015', 0)":"0014-D-2015","('0014-D-2015', 1)":null,"('0014-D-2015', 2)":null,"('0014-D-2015', 3)":null,"('0014-D-2015', 4)":null,"('0014-D-2015', 5)":null},"Publicado en: ":{"('0014-D-2015', 0)":"Tr\u00e1mite Parlamentario N\u00b0 1","('0014-D-2015', 1)":null,"('0014-D-2015', 2)":null,"('0014-D-2015', 3)":null,"('0014-D-2015', 4)":null,"('0014-D-2015', 5)":null},"Fecha: ":{"('0014-D-2015', 0)":"02\/03\/2015","('0014-D-2015', 1)":null,"('0014-D-2015', 2)":null,"('0014-D-2015', 3)":null,"('0014-D-2015', 4)":null,"('0014-D-2015', 5)":null},"T\u00edtulo":{"('0014-D-2015', 0)":"DECLARAR DE INTERES DE LA H. CAMARA EL \"I CONGRESO INTERNACIONAL DE DERECHO AMBIENTAL SAN JUAN 2015\", A REALIZARSE EL 28 Y 29 DE MAYO DE 2015 EN LA CIUDAD CAPITAL DE LA PROVINCIA DE SAN JUAN. ","('0014-D-2015', 1)":null,"('0014-D-2015', 2)":null,"('0014-D-2015', 3)":null,"('0014-D-2015', 4)":null,"('0014-D-2015', 5)":null},"('Firmantes', 'FIRMANTE')":{"('0014-D-2015', 0)":"TOMAS, HECTOR DANIEL","('0014-D-2015', 1)":"HERRERA, GRISELDA NOEMI","('0014-D-2015', 2)":"MADERA, TERESITA","('0014-D-2015', 3)":"VILLA, JOSE ANTONIO","('0014-D-2015', 4)":"CASTRO, SANDRA DANIELA","('0014-D-2015', 5)":"PAIS, JUAN MARIO"},"('Firmantes', 'DISTRITO')":{"('0014-D-2015', 0)":"SAN JUAN","('0014-D-2015', 1)":"LA RIOJA","('0014-D-2015', 2)":"LA RIOJA","('0014-D-2015', 3)":"SAN JUAN","('0014-D-2015', 4)":"SAN JUAN","('0014-D-2015', 5)":"CHUBUT"},"('Firmantes', 'BLOQUE')":{"('0014-D-2015', 0)":"FRENTE PARA LA VICTORIA - PJ","('0014-D-2015', 1)":"FRENTE PARA LA VICTORIA - PJ","('0014-D-2015', 2)":"FRENTE PARA LA VICTORIA - PJ","('0014-D-2015', 3)":"FRENTE PARA LA VICTORIA - PJ","('0014-D-2015', 4)":"FRENTE PARA LA VICTORIA - PJ","('0014-D-2015', 5)":"FRENTE PARA LA VICTORIA - PJ"},"('Giros', 'COMISI\u00d3N')":{"('0014-D-2015', 0)":"RECURSOS NATURALES Y CONSERVACION DEL AMBIENTE HUMANO","('0014-D-2015', 1)":null,"('0014-D-2015', 2)":null,"('0014-D-2015', 3)":null,"('0014-D-2015', 4)":null,"('0014-D-2015', 5)":null},"('Tramites', 'C\u00c1MARA')":{"('0014-D-2015', 0)":"Diputados","('0014-D-2015', 1)":null,"('0014-D-2015', 2)":null,"('0014-D-2015', 3)":null,"('0014-D-2015', 4)":null,"('0014-D-2015', 5)":null},"('Tramites', 'MOVIMIENTO')":{"('0014-D-2015', 0)":"APROBACION ARTICULO 114 DEL REGLAMENTO DE LA H CAMARA DE DIPUTADOS; COMUNICADO EL 04\/09\/2015","('0014-D-2015', 1)":null,"('0014-D-2015', 2)":null,"('0014-D-2015', 3)":null,"('0014-D-2015', 4)":null,"('0014-D-2015', 5)":null},"('Tramites', 'FECHA')":{"('0014-D-2015', 0)":null,"('0014-D-2015', 1)":null,"('0014-D-2015', 2)":null,"('0014-D-2015', 3)":null,"('0014-D-2015', 4)":null,"('0014-D-2015', 5)":null},"('Tramites', 'RESULTADO')":{"('0014-D-2015', 0)":"APROBADO","('0014-D-2015', 1)":null,"('0014-D-2015', 2)":null,"('0014-D-2015', 3)":null,"('0014-D-2015', 4)":null,"('0014-D-2015', 5)":null},"Link":{"('0014-D-2015', 0)":"https:\/\/www.hcdn.gob.ar\/proyectos\/textoCompleto.jsp?exp=0014-D-2015&tipo=DECLARACION","('0014-D-2015', 1)":null,"('0014-D-2015', 2)":null,"('0014-D-2015', 3)":null,"('0014-D-2015', 4)":null,"('0014-D-2015', 5)":null},"Palabra Clave":{"('0014-D-2015', 0)":" ","('0014-D-2015', 1)":null,"('0014-D-2015', 2)":null,"('0014-D-2015', 3)":null,"('0014-D-2015', 4)":null,"('0014-D-2015', 5)":null}}