{"Tipo de Proyecto":{"('0015-PE-2015', 0)":"MENSAJE NRO: 2328\/15 Y PROYECTO DE LEY","('0015-PE-2015', 1)":null,"('0015-PE-2015', 2)":null,"('0015-PE-2015', 3)":null,"('0015-PE-2015', 4)":null,"('0015-PE-2015', 5)":null,"('0015-PE-2015', 6)":null,"('0015-PE-2015', 7)":null},"Iniciado en: ":{"('0015-PE-2015', 0)":"Diputados","('0015-PE-2015', 1)":null,"('0015-PE-2015', 2)":null,"('0015-PE-2015', 3)":null,"('0015-PE-2015', 4)":null,"('0015-PE-2015', 5)":null,"('0015-PE-2015', 6)":null,"('0015-PE-2015', 7)":null},"Expediente Diputados: ":{"('0015-PE-2015', 0)":"0015-PE-2015","('0015-PE-2015', 1)":null,"('0015-PE-2015', 2)":null,"('0015-PE-2015', 3)":null,"('0015-PE-2015', 4)":null,"('0015-PE-2015', 5)":null,"('0015-PE-2015', 6)":null,"('0015-PE-2015', 7)":null},"Expediente Senado: ":{"('0015-PE-2015', 0)":"0091-CD-2015","('0015-PE-2015', 1)":null,"('0015-PE-2015', 2)":null,"('0015-PE-2015', 3)":null,"('0015-PE-2015', 4)":null,"('0015-PE-2015', 5)":null,"('0015-PE-2015', 6)":null,"('0015-PE-2015', 7)":null},"Publicado en: ":{"('0015-PE-2015', 0)":"Tr\u00e1mite Parlamentario N\u00b0 151","('0015-PE-2015', 1)":null,"('0015-PE-2015', 2)":null,"('0015-PE-2015', 3)":null,"('0015-PE-2015', 4)":null,"('0015-PE-2015', 5)":null,"('0015-PE-2015', 6)":null,"('0015-PE-2015', 7)":null},"Fecha: ":{"('0015-PE-2015', 0)":"06\/11\/2015","('0015-PE-2015', 1)":null,"('0015-PE-2015', 2)":null,"('0015-PE-2015', 3)":null,"('0015-PE-2015', 4)":null,"('0015-PE-2015', 5)":null,"('0015-PE-2015', 6)":null,"('0015-PE-2015', 7)":null},"T\u00edtulo":{"('0015-PE-2015', 0)":"DECLARAR DE INTERES NACIONAL EL DESARROLLO DE LA EXPLORACION Y EXPLOTACION DEL CARBON MINERAL Y SUS DERIVADOS COMO RECURSO PARA LA GENERACION DE ENERGIA ELECTRICA. CREACION DE LA EMPRESA YACIMIENTOS CARBONIFEROS FISCALES SOCIEDAD DEL ESTADO - Y.C.F.S.E.- ","('0015-PE-2015', 1)":null,"('0015-PE-2015', 2)":null,"('0015-PE-2015', 3)":null,"('0015-PE-2015', 4)":null,"('0015-PE-2015', 5)":null,"('0015-PE-2015', 6)":null,"('0015-PE-2015', 7)":null},"('Firmantes', 'FIRMANTE')":{"('0015-PE-2015', 0)":"FERNANDEZ DE KIRCHNER, CRISTINA","('0015-PE-2015', 1)":"FERNANDEZ, ANIBAL","('0015-PE-2015', 2)":"DE VIDO, JULIO","('0015-PE-2015', 3)":null,"('0015-PE-2015', 4)":null,"('0015-PE-2015', 5)":null,"('0015-PE-2015', 6)":null,"('0015-PE-2015', 7)":null},"('Firmantes', 'DISTRITO')":{"('0015-PE-2015', 0)":null,"('0015-PE-2015', 1)":null,"('0015-PE-2015', 2)":null,"('0015-PE-2015', 3)":null,"('0015-PE-2015', 4)":null,"('0015-PE-2015', 5)":null,"('0015-PE-2015', 6)":null,"('0015-PE-2015', 7)":null},"('Firmantes', 'BLOQUE')":{"('0015-PE-2015', 0)":"PODER EJECUTIVO","('0015-PE-2015', 1)":"PODER EJECUTIVO","('0015-PE-2015', 2)":"PODER EJECUTIVO","('0015-PE-2015', 3)":null,"('0015-PE-2015', 4)":null,"('0015-PE-2015', 5)":null,"('0015-PE-2015', 6)":null,"('0015-PE-2015', 7)":null},"('Giros', 'COMISI\u00d3N')":{"('0015-PE-2015', 0)":"ENERGIA Y COMBUSTIBLES","('0015-PE-2015', 1)":"PRESUPUESTO Y HACIENDA","('0015-PE-2015', 2)":null,"('0015-PE-2015', 3)":null,"('0015-PE-2015', 4)":null,"('0015-PE-2015', 5)":null,"('0015-PE-2015', 6)":null,"('0015-PE-2015', 7)":null},"('Tramites', 'C\u00c1MARA')":{"('0015-PE-2015', 0)":"Diputados","('0015-PE-2015', 1)":"Diputados","('0015-PE-2015', 2)":"Diputados","('0015-PE-2015', 3)":"Diputados","('0015-PE-2015', 4)":"Diputados","('0015-PE-2015', 5)":"Senado","('0015-PE-2015', 6)":"Senado","('0015-PE-2015', 7)":"Senado"},"('Tramites', 'MOVIMIENTO')":{"('0015-PE-2015', 0)":"CITACION SESION ESPECIAL","('0015-PE-2015', 1)":"CONSIDERACION Y APROBACION CON MODIFICACIONES","('0015-PE-2015', 2)":"INSERCIONES DE LOS DIPUTADOS SAN MARTIN Y SANTILLAN","('0015-PE-2015', 3)":"INSERCION DE LOS DIPUTADOS DEL CA\u00d1O Y BREGMAN SOBRE SENTIDO DE SU VOTO","('0015-PE-2015', 4)":"INSERCION DEL DIPUTADO LOPEZ SOBRE SENTIDO DE SU VOTO","('0015-PE-2015', 5)":"PASA A SENADO -","('0015-PE-2015', 6)":"MOCION DE PREFERENCIA PARA LA PROXIMA SESION CON DICTAMEN (AFIRMATIVA)","('0015-PE-2015', 7)":"MANIFESTACIONES EN MINORIA"},"('Tramites', 'FECHA')":{"('0015-PE-2015', 0)":"26\/11\/2015","('0015-PE-2015', 1)":"26\/11\/2015","('0015-PE-2015', 2)":"26\/11\/2015","('0015-PE-2015', 3)":"26\/11\/2015","('0015-PE-2015', 4)":"26\/11\/2015","('0015-PE-2015', 5)":null,"('0015-PE-2015', 6)":"09\/03\/2016","('0015-PE-2015', 7)":"09\/12\/2015"},"('Tramites', 'RESULTADO')":{"('0015-PE-2015', 0)":null,"('0015-PE-2015', 1)":"MEDIA SANCION","('0015-PE-2015', 2)":null,"('0015-PE-2015', 3)":null,"('0015-PE-2015', 4)":null,"('0015-PE-2015', 5)":null,"('0015-PE-2015', 6)":null,"('0015-PE-2015', 7)":null},"Sumario":{"('0015-PE-2015', 0)":"INTEGRACION: YACIMIENTO CARBONIFERO DE RIO TURBIO, SU COMPLEJO FERROPORTUARIO Y LA CENTRAL TERMOELECTRICA A CARBON (CTRT), UBICADOS EN LA PROVINCIA DE SANTA CRUZ; TRANSFERENCIAS; RATIFICACION DE LA VIGENCIA DEL DECRETO 1474\/2007 Y LA RESOLUCION 1317\/2007 DE LA SECRETARIA DE TRABAJO; INAPLICABILIDAD DE CIERTAS NORMAS; OTORGAMIENTO DE DERECHOS; EXIMICIONES; FONDOS PRESUPUESTARIOS; DEROGACION DEL DECRETO 2106\/1991 (DESREGULACION).","('0015-PE-2015', 1)":null,"('0015-PE-2015', 2)":null,"('0015-PE-2015', 3)":null,"('0015-PE-2015', 4)":null,"('0015-PE-2015', 5)":null,"('0015-PE-2015', 6)":null,"('0015-PE-2015', 7)":null},"Palabra Clave":{"('0015-PE-2015', 0)":" ","('0015-PE-2015', 1)":null,"('0015-PE-2015', 2)":null,"('0015-PE-2015', 3)":null,"('0015-PE-2015', 4)":null,"('0015-PE-2015', 5)":null,"('0015-PE-2015', 6)":null,"('0015-PE-2015', 7)":null}}