{"Tipo de Proyecto":{"('0015-D-2015', 0)":"PROYECTO DE RESOLUCI\u00d3N"},"Iniciado en: ":{"('0015-D-2015', 0)":"Diputados"},"Expediente Diputados: ":{"('0015-D-2015', 0)":"0015-D-2015"},"Publicado en: ":{"('0015-D-2015', 0)":"Tr\u00e1mite Parlamentario N\u00b0 1"},"Fecha: ":{"('0015-D-2015', 0)":"02\/03\/2015"},"T\u00edtulo":{"('0015-D-2015', 0)":"EXPRESAR PESAR POR EL FALLECIMIENTO DEL DOCTOR JULIO CESAR STRASSERA, RECORDADO POR SU DESTACADA ACTUACION EN EL HISTORICO JUICIO A LAS JUNTAS MILITARES  Y SU CONTRIBUCION AL FORTALECIMIENTO DE LA JUSTICIA Y CONTRA LA IMPUNIDAD. "},"('Firmantes', 'FIRMANTE')":{"('0015-D-2015', 0)":"RICCARDO, JOSE LUIS"},"('Firmantes', 'DISTRITO')":{"('0015-D-2015', 0)":"SAN LUIS"},"('Firmantes', 'BLOQUE')":{"('0015-D-2015', 0)":"UCR"},"('Giros', 'COMISI\u00d3N')":{"('0015-D-2015', 0)":"JUSTICIA"},"Link":{"('0015-D-2015', 0)":"https:\/\/www.hcdn.gob.ar\/proyectos\/textoCompleto.jsp?exp=0015-D-2015&tipo=RESOLUCION"},"Palabra Clave":{"('0015-D-2015', 0)":" "}}