{"Tipo de Proyecto":{"('0016-JGM-2015', 0)":"MENSAJE NRO: 1094\/15","('0016-JGM-2015', 1)":null},"Iniciado en: ":{"('0016-JGM-2015', 0)":"Diputados","('0016-JGM-2015', 1)":null},"Expediente Diputados: ":{"('0016-JGM-2015', 0)":"0016-JGM-2015","('0016-JGM-2015', 1)":null},"Publicado en: ":{"('0016-JGM-2015', 0)":"Tr\u00e1mite Parlamentario N\u00b0 148","('0016-JGM-2015', 1)":null},"Fecha: ":{"('0016-JGM-2015', 0)":"30\/10\/2015","('0016-JGM-2015', 1)":null},"T\u00edtulo":{"('0016-JGM-2015', 0)":"COMUNICACION DEL DECRETO DE NECESIDAD Y URGENCIA 2226 POR EL CUAL SE TRASLADA, CON CARACTER EXCEPCIONAL, SOLO PARA ESTE A\u00d1O EL FERIADO NACIONAL ESTABLECIDO PARA EL DIA 20 DE NOVIEMBRE DE 2015, AL DIA 27 DE NOVIEMBRE DE 2015.","('0016-JGM-2015', 1)":null},"('Firmantes', 'FIRMANTE')":{"('0016-JGM-2015', 0)":"FERNANDEZ, ANIBAL","('0016-JGM-2015', 1)":"RANDAZZO, FLORENCIO"},"('Firmantes', 'DISTRITO')":{"('0016-JGM-2015', 0)":null,"('0016-JGM-2015', 1)":null},"('Firmantes', 'BLOQUE')":{"('0016-JGM-2015', 0)":"PODER EJECUTIVO","('0016-JGM-2015', 1)":"PODER EJECUTIVO"},"('Giros', 'COMISI\u00d3N')":{"('0016-JGM-2015', 0)":"BICAMERAL PERMANENTE DE TRAMITE LEGISLATIVO - LEY 26122","('0016-JGM-2015', 1)":null},"('Tramites', 'C\u00c1MARA')":{"('0016-JGM-2015', 0)":"Diputados","('0016-JGM-2015', 1)":null},"('Tramites', 'MOVIMIENTO')":{"('0016-JGM-2015', 0)":"VER TRAMITE DEL DECRETO EN EL SENADO EN EXPEDIENTE 3732-S-2015","('0016-JGM-2015', 1)":null},"('Tramites', 'FECHA')":{"('0016-JGM-2015', 0)":null,"('0016-JGM-2015', 1)":null},"('Tramites', 'RESULTADO')":{"('0016-JGM-2015', 0)":null,"('0016-JGM-2015', 1)":null},"Palabra Clave":{"('0016-JGM-2015', 0)":" ","('0016-JGM-2015', 1)":null}}