{"Tipo de Proyecto":{"('0016-OV-2015', 0)":"PROYECTO DE RESOLUCI\u00d3N"},"Iniciado en: ":{"('0016-OV-2015', 0)":"Senado"},"Expediente Senado: ":{"('0016-OV-2015', 0)":"0016-OV-2015"},"Fecha: ":{"('0016-OV-2015', 0)":"31\/10\/2016"},"T\u00edtulo":{"('0016-OV-2015', 0)":"RESOLUCIONES REMITIDAS POR LA AUDITORIA GENERAL DE LA NACION 24\/15, TOMANDO CONOCIMIENTO DEL INFORME DE REVISION LIMITADA E INFORME ESPECIAL REFERIDO AL ESTADO DE CAPITALES MINIMOS DE NACION SEGUROS DE RETIRO S.A. - ESTADOS CONTABLES AL 30\/9\/14 (0016-OV-15), 42\/15, TOMANDO CONOCIMIENTO DEL INFORME DE REVISION LIMITADA E INFORME ESPECIAL REFERIDO AL ESTADO DE CAPITALES MINIMOS DE NACION SEGUROS DE RETIRO S.A. - ESTADOS CONTABLES AL 31\/12\/14 (0057-OV-15), 151\/15 TOMANDO CONOCIMIENTO DEL INFORME DE REVISION LIMITADA E INFORME ESPECIAL REFERIDO AL ESTADO DE CAPITALES MINIMOS DE NACION SEGUROS DE RETIRO S.A. - ESTADOS CONTABLES AL 31\/3\/15 (0266-OV-15), Y 199\/15 APROBANDO EL INFORME DE LOS AUDITORES INDEPENDIENTES Y EL PROYECTO DE INFORME ESPECIAL DE LOS CONTADORES PUBLICOS INDEPENDIENTES SOBRE EL ESTADO DE CAPITALES MINIMOS, CORRESPONDIENTES A LOS ESTADOS CONTABLES DE NACION SEGURO DE RETIRO S.A. AL 30\/6\/15 (0447-OV-15)."},"('Firmantes', 'FIRMANTE')":{"('0016-OV-2015', 0)":"PARLAMENTARIA MIXTA REVISORA DE CUENTAS"},"('Firmantes', 'DISTRITO')":{"('0016-OV-2015', 0)":null},"('Firmantes', 'BLOQUE')":{"('0016-OV-2015', 0)":null},"Sumario":{"('0016-OV-2015', 0)":"HABIENDO TOMADO CONOCIMIENTO Y SIN PERJUICIO DE ULTERIORES MEDIDAS QUE PUEDAN ADOPTARSE, SE ACONSEJA SU REMISION AL ARCHIVO."},"Palabra Clave":{"('0016-OV-2015', 0)":" "}}