{"Tipo de Proyecto":{"('0017-D-2015', 0)":"PROYECTO DE LEY","('0017-D-2015', 1)":null,"('0017-D-2015', 2)":null,"('0017-D-2015', 3)":null,"('0017-D-2015', 4)":null,"('0017-D-2015', 5)":null,"('0017-D-2015', 6)":null,"('0017-D-2015', 7)":null,"('0017-D-2015', 8)":null,"('0017-D-2015', 9)":null,"('0017-D-2015', 10)":null,"('0017-D-2015', 11)":null},"Iniciado en: ":{"('0017-D-2015', 0)":"Diputados","('0017-D-2015', 1)":null,"('0017-D-2015', 2)":null,"('0017-D-2015', 3)":null,"('0017-D-2015', 4)":null,"('0017-D-2015', 5)":null,"('0017-D-2015', 6)":null,"('0017-D-2015', 7)":null,"('0017-D-2015', 8)":null,"('0017-D-2015', 9)":null,"('0017-D-2015', 10)":null,"('0017-D-2015', 11)":null},"Expediente Diputados: ":{"('0017-D-2015', 0)":"0017-D-2015","('0017-D-2015', 1)":null,"('0017-D-2015', 2)":null,"('0017-D-2015', 3)":null,"('0017-D-2015', 4)":null,"('0017-D-2015', 5)":null,"('0017-D-2015', 6)":null,"('0017-D-2015', 7)":null,"('0017-D-2015', 8)":null,"('0017-D-2015', 9)":null,"('0017-D-2015', 10)":null,"('0017-D-2015', 11)":null},"Publicado en: ":{"('0017-D-2015', 0)":"Tr\u00e1mite Parlamentario N\u00b0 1","('0017-D-2015', 1)":null,"('0017-D-2015', 2)":null,"('0017-D-2015', 3)":null,"('0017-D-2015', 4)":null,"('0017-D-2015', 5)":null,"('0017-D-2015', 6)":null,"('0017-D-2015', 7)":null,"('0017-D-2015', 8)":null,"('0017-D-2015', 9)":null,"('0017-D-2015', 10)":null,"('0017-D-2015', 11)":null},"Fecha: ":{"('0017-D-2015', 0)":"02\/03\/2015","('0017-D-2015', 1)":null,"('0017-D-2015', 2)":null,"('0017-D-2015', 3)":null,"('0017-D-2015', 4)":null,"('0017-D-2015', 5)":null,"('0017-D-2015', 6)":null,"('0017-D-2015', 7)":null,"('0017-D-2015', 8)":null,"('0017-D-2015', 9)":null,"('0017-D-2015', 10)":null,"('0017-D-2015', 11)":null},"T\u00edtulo":{"('0017-D-2015', 0)":"ARCHIVO NACIONAL DE LA MEMORIA Y CENTRO CULTURAL DE LA MEMORIA HAROLDO CONTI. CREACION EN EL AMBITO DE LA SECRETARIA DE DERECHOS HUMANOS DEL MINISTERIO DE JUSTICIA Y DERECHOS HUMANOS DE LA  NACION. ","('0017-D-2015', 1)":null,"('0017-D-2015', 2)":null,"('0017-D-2015', 3)":null,"('0017-D-2015', 4)":null,"('0017-D-2015', 5)":null,"('0017-D-2015', 6)":null,"('0017-D-2015', 7)":null,"('0017-D-2015', 8)":null,"('0017-D-2015', 9)":null,"('0017-D-2015', 10)":null,"('0017-D-2015', 11)":null},"('Firmantes', 'FIRMANTE')":{"('0017-D-2015', 0)":"PIETRAGALLA CORTI, HORACIO","('0017-D-2015', 1)":"CLERI, MARCOS","('0017-D-2015', 2)":"CARLOTTO, REMO GERARDO","('0017-D-2015', 3)":"GONZALEZ, JOSEFINA VICTORIA","('0017-D-2015', 4)":"GOMEZ BULL, MAURICIO RICARDO","('0017-D-2015', 5)":"PEREZ, MARTIN ALEJANDRO","('0017-D-2015', 6)":"ALONSO, MARIA LUZ","('0017-D-2015', 7)":"FERNANDEZ SAGASTI, ANABEL","('0017-D-2015', 8)":"SANTILLAN, WALTER MARCELO","('0017-D-2015', 9)":"LARROQUE, ANDRES","('0017-D-2015', 10)":"CABANDIE, JUAN","('0017-D-2015', 11)":"CARRIZO, NILDA MABEL"},"('Firmantes', 'DISTRITO')":{"('0017-D-2015', 0)":"BUENOS AIRES","('0017-D-2015', 1)":"SANTA FE","('0017-D-2015', 2)":"BUENOS AIRES","('0017-D-2015', 3)":"SANTA FE","('0017-D-2015', 4)":"SANTA CRUZ","('0017-D-2015', 5)":"TIERRA DEL FUEGO","('0017-D-2015', 6)":"LA PAMPA","('0017-D-2015', 7)":"MENDOZA","('0017-D-2015', 8)":"TUCUMAN","('0017-D-2015', 9)":"CIUDAD de BUENOS AIRES","('0017-D-2015', 10)":"CIUDAD de BUENOS AIRES","('0017-D-2015', 11)":"TUCUMAN"},"('Firmantes', 'BLOQUE')":{"('0017-D-2015', 0)":"FRENTE PARA LA VICTORIA - PJ","('0017-D-2015', 1)":"FRENTE PARA LA VICTORIA - PJ","('0017-D-2015', 2)":"FRENTE PARA LA VICTORIA - PJ","('0017-D-2015', 3)":"FRENTE PARA LA VICTORIA - PJ","('0017-D-2015', 4)":"FRENTE PARA LA VICTORIA - PJ","('0017-D-2015', 5)":"FRENTE PARA LA VICTORIA - PJ","('0017-D-2015', 6)":"FRENTE PARA LA VICTORIA - PJ","('0017-D-2015', 7)":"FRENTE PARA LA VICTORIA - PJ","('0017-D-2015', 8)":"FRENTE PARA LA VICTORIA - PJ","('0017-D-2015', 9)":"FRENTE PARA LA VICTORIA - PJ","('0017-D-2015', 10)":"FRENTE PARA LA VICTORIA - PJ","('0017-D-2015', 11)":"FRENTE PARA LA VICTORIA - PJ"},"('Giros', 'COMISI\u00d3N')":{"('0017-D-2015', 0)":"DERECHOS HUMANOS Y GARANTIAS","('0017-D-2015', 1)":"PRESUPUESTO Y HACIENDA","('0017-D-2015', 2)":null,"('0017-D-2015', 3)":null,"('0017-D-2015', 4)":null,"('0017-D-2015', 5)":null,"('0017-D-2015', 6)":null,"('0017-D-2015', 7)":null,"('0017-D-2015', 8)":null,"('0017-D-2015', 9)":null,"('0017-D-2015', 10)":null,"('0017-D-2015', 11)":null},"('Tramites', 'C\u00c1MARA')":{"('0017-D-2015', 0)":"Diputados","('0017-D-2015', 1)":null,"('0017-D-2015', 2)":null,"('0017-D-2015', 3)":null,"('0017-D-2015', 4)":null,"('0017-D-2015', 5)":null,"('0017-D-2015', 6)":null,"('0017-D-2015', 7)":null,"('0017-D-2015', 8)":null,"('0017-D-2015', 9)":null,"('0017-D-2015', 10)":null,"('0017-D-2015', 11)":null},"('Tramites', 'MOVIMIENTO')":{"('0017-D-2015', 0)":"SOLICITUD DEL AUTOR DE RETIRO DEL PROYECTO","('0017-D-2015', 1)":null,"('0017-D-2015', 2)":null,"('0017-D-2015', 3)":null,"('0017-D-2015', 4)":null,"('0017-D-2015', 5)":null,"('0017-D-2015', 6)":null,"('0017-D-2015', 7)":null,"('0017-D-2015', 8)":null,"('0017-D-2015', 9)":null,"('0017-D-2015', 10)":null,"('0017-D-2015', 11)":null},"('Tramites', 'FECHA')":{"('0017-D-2015', 0)":null,"('0017-D-2015', 1)":null,"('0017-D-2015', 2)":null,"('0017-D-2015', 3)":null,"('0017-D-2015', 4)":null,"('0017-D-2015', 5)":null,"('0017-D-2015', 6)":null,"('0017-D-2015', 7)":null,"('0017-D-2015', 8)":null,"('0017-D-2015', 9)":null,"('0017-D-2015', 10)":null,"('0017-D-2015', 11)":null},"('Tramites', 'RESULTADO')":{"('0017-D-2015', 0)":"RETIRADO","('0017-D-2015', 1)":null,"('0017-D-2015', 2)":null,"('0017-D-2015', 3)":null,"('0017-D-2015', 4)":null,"('0017-D-2015', 5)":null,"('0017-D-2015', 6)":null,"('0017-D-2015', 7)":null,"('0017-D-2015', 8)":null,"('0017-D-2015', 9)":null,"('0017-D-2015', 10)":null,"('0017-D-2015', 11)":null},"Sumario":{"('0017-D-2015', 0)":"OBJETIVOS; ATRIBUCIONES.","('0017-D-2015', 1)":null,"('0017-D-2015', 2)":null,"('0017-D-2015', 3)":null,"('0017-D-2015', 4)":null,"('0017-D-2015', 5)":null,"('0017-D-2015', 6)":null,"('0017-D-2015', 7)":null,"('0017-D-2015', 8)":null,"('0017-D-2015', 9)":null,"('0017-D-2015', 10)":null,"('0017-D-2015', 11)":null},"Palabra Clave":{"('0017-D-2015', 0)":" ","('0017-D-2015', 1)":null,"('0017-D-2015', 2)":null,"('0017-D-2015', 3)":null,"('0017-D-2015', 4)":null,"('0017-D-2015', 5)":null,"('0017-D-2015', 6)":null,"('0017-D-2015', 7)":null,"('0017-D-2015', 8)":null,"('0017-D-2015', 9)":null,"('0017-D-2015', 10)":null,"('0017-D-2015', 11)":null}}