{"Tipo de Proyecto":{"('0017-S-2015', 0)":"PROYECTO DE DECLARACI\u00d3N","('0017-S-2015', 1)":null},"Iniciado en: ":{"('0017-S-2015', 0)":"Senado","('0017-S-2015', 1)":null},"Expediente Senado: ":{"('0017-S-2015', 0)":"0017-S-2015","('0017-S-2015', 1)":null},"Publicado en: ":{"('0017-S-2015', 0)":"Diario de Asuntos Entrados N\u00b0 1","('0017-S-2015', 1)":null},"Fecha: ":{"('0017-S-2015', 0)":"02\/03\/2015","('0017-S-2015', 1)":null},"T\u00edtulo":{"('0017-S-2015', 0)":"ADHERIR AL 51\u00b0 ANIVERSARIO DE LA FUNDACION DE LA LOCALIDAD NEUQUINA DE HUINGANCO, EL 16 DE ABRIL DE 2015.","('0017-S-2015', 1)":null},"('Firmantes', 'FIRMANTE')":{"('0017-S-2015', 0)":"PEREYRA, GUILLERMO JUAN","('0017-S-2015', 1)":null},"('Firmantes', 'DISTRITO')":{"('0017-S-2015', 0)":"NEUQUEN","('0017-S-2015', 1)":null},"('Firmantes', 'BLOQUE')":{"('0017-S-2015', 0)":"MOV POP NEUQUINO","('0017-S-2015', 1)":null},"('Tramites', 'C\u00c1MARA')":{"('0017-S-2015', 0)":"Senado","('0017-S-2015', 1)":"Senado"},"('Tramites', 'MOVIMIENTO')":{"('0017-S-2015', 0)":"MOCION SOBRE TABLAS (AFIRMATIVA)","('0017-S-2015', 1)":"CONSIDERACION Y APROBACION"},"('Tramites', 'FECHA')":{"('0017-S-2015', 0)":"27\/05\/2015","('0017-S-2015', 1)":"27\/05\/2015"},"('Tramites', 'RESULTADO')":{"('0017-S-2015', 0)":null,"('0017-S-2015', 1)":"APROBADO"},"Link":{"('0017-S-2015', 0)":"http:\/\/www.senado.gov.ar\/parlamentario\/comisiones\/verExp\/17.15\/S\/PD","('0017-S-2015', 1)":null},"Palabra Clave":{"('0017-S-2015', 0)":" ","('0017-S-2015', 1)":null}}