{"Tipo de Proyecto":{"('0018-S-2015', 0)":"PROYECTO DE DECLARACI\u00d3N","('0018-S-2015', 1)":null},"Iniciado en: ":{"('0018-S-2015', 0)":"Senado","('0018-S-2015', 1)":null},"Expediente Senado: ":{"('0018-S-2015', 0)":"0018-S-2015","('0018-S-2015', 1)":null},"Publicado en: ":{"('0018-S-2015', 0)":"Diario de Asuntos Entrados N\u00b0 1","('0018-S-2015', 1)":null},"Fecha: ":{"('0018-S-2015', 0)":"02\/03\/2015","('0018-S-2015', 1)":null},"T\u00edtulo":{"('0018-S-2015', 0)":"ADHERIR AL 26\u00b0 ANIVERSARIO DE LA LOCALIDAD DE VILLA DEL NAHUEVE, PROVINCIA DEL NEUQUEN, EL 17 DE ABRIL DE 2015.","('0018-S-2015', 1)":null},"('Firmantes', 'FIRMANTE')":{"('0018-S-2015', 0)":"PEREYRA, GUILLERMO JUAN","('0018-S-2015', 1)":null},"('Firmantes', 'DISTRITO')":{"('0018-S-2015', 0)":"NEUQUEN","('0018-S-2015', 1)":null},"('Firmantes', 'BLOQUE')":{"('0018-S-2015', 0)":"MOV POP NEUQUINO","('0018-S-2015', 1)":null},"('Tramites', 'C\u00c1MARA')":{"('0018-S-2015', 0)":"Senado","('0018-S-2015', 1)":"Senado"},"('Tramites', 'MOVIMIENTO')":{"('0018-S-2015', 0)":"MOCION SOBRE TABLAS (AFIRMATIVA)","('0018-S-2015', 1)":"CONSIDERACION Y APROBACION"},"('Tramites', 'FECHA')":{"('0018-S-2015', 0)":"27\/05\/2015","('0018-S-2015', 1)":"27\/05\/2015"},"('Tramites', 'RESULTADO')":{"('0018-S-2015', 0)":null,"('0018-S-2015', 1)":"APROBADO"},"Link":{"('0018-S-2015', 0)":"http:\/\/www.senado.gov.ar\/parlamentario\/comisiones\/verExp\/18.15\/S\/PD","('0018-S-2015', 1)":null},"Palabra Clave":{"('0018-S-2015', 0)":" ","('0018-S-2015', 1)":null}}