{"Tipo de Proyecto":{"('0018-JGM-2015', 0)":"MENSAJE NRO: 1336\/15","('0018-JGM-2015', 1)":null},"Iniciado en: ":{"('0018-JGM-2015', 0)":"Diputados","('0018-JGM-2015', 1)":null},"Expediente Diputados: ":{"('0018-JGM-2015', 0)":"0018-JGM-2015","('0018-JGM-2015', 1)":null},"Publicado en: ":{"('0018-JGM-2015', 0)":"Tr\u00e1mite Parlamentario N\u00b0 163","('0018-JGM-2015', 1)":null},"Fecha: ":{"('0018-JGM-2015', 0)":"02\/12\/2015","('0018-JGM-2015', 1)":null},"T\u00edtulo":{"('0018-JGM-2015', 0)":"COMUNICACION DEL DECRETO DE NECESIDAD Y URGENCIA 2585\/2015 POR EL CUAL MODIFICA EL PRESUPUESTO GENERAL DE LA ADMINISTRACION PARA EL EJERCICIO 2015. ","('0018-JGM-2015', 1)":null},"('Firmantes', 'FIRMANTE')":{"('0018-JGM-2015', 0)":"FERNANDEZ, ANIBAL","('0018-JGM-2015', 1)":"KICILLOF, AXEL"},"('Firmantes', 'DISTRITO')":{"('0018-JGM-2015', 0)":null,"('0018-JGM-2015', 1)":null},"('Firmantes', 'BLOQUE')":{"('0018-JGM-2015', 0)":"PODER EJECUTIVO","('0018-JGM-2015', 1)":"PODER EJECUTIVO"},"('Giros', 'COMISI\u00d3N')":{"('0018-JGM-2015', 0)":"BICAMERAL PERMANENTE DE TRAMITE LEGISLATIVO - LEY 26122","('0018-JGM-2015', 1)":null},"('Tramites', 'C\u00c1MARA')":{"('0018-JGM-2015', 0)":"Diputados","('0018-JGM-2015', 1)":null},"('Tramites', 'MOVIMIENTO')":{"('0018-JGM-2015', 0)":"VER TRAMITE DEL DECRETO EN SENADO EN EXPEDIENTE 4069-S-2015","('0018-JGM-2015', 1)":null},"('Tramites', 'FECHA')":{"('0018-JGM-2015', 0)":null,"('0018-JGM-2015', 1)":null},"('Tramites', 'RESULTADO')":{"('0018-JGM-2015', 0)":null,"('0018-JGM-2015', 1)":null},"Palabra Clave":{"('0018-JGM-2015', 0)":" ","('0018-JGM-2015', 1)":null}}