{"Tipo de Proyecto":{"('0019-JGM-2015', 0)":"MENSAJE NRO: 1337\/15","('0019-JGM-2015', 1)":null},"Iniciado en: ":{"('0019-JGM-2015', 0)":"Diputados","('0019-JGM-2015', 1)":null},"Expediente Diputados: ":{"('0019-JGM-2015', 0)":"0019-JGM-2015","('0019-JGM-2015', 1)":null},"Publicado en: ":{"('0019-JGM-2015', 0)":"Tr\u00e1mite Parlamentario N\u00b0 163","('0019-JGM-2015', 1)":null},"Fecha: ":{"('0019-JGM-2015', 0)":"02\/12\/2015","('0019-JGM-2015', 1)":null},"T\u00edtulo":{"('0019-JGM-2015', 0)":"COMUNICACION DEL DECRETO DE NECESIDAD Y URGENCIA 2635\/2015 POR EL CUAL EN VIRTUD DE LO RESUELTO POR LA CORTE SUPREMA DE JUSTICIA DE LA NACION, SE DISPONE EL CESE DE LA DETRACCION DEL QUINCE POR CIENTO - 15% - DE LA MASA DE IMPUESTOS COPARTICIPABLES PACTADA EN LA CLAUSULA PRIMERA DEL ACUERDO ENTRE EL GOBIERNO NACIONAL Y LOS GOBIERNOS PROVINCIALES DEL 12 DE AGOSTO DE 1992, RATIFICADO POR LEY 24130. ","('0019-JGM-2015', 1)":null},"('Firmantes', 'FIRMANTE')":{"('0019-JGM-2015', 0)":"FERNANDEZ, ANIBAL","('0019-JGM-2015', 1)":"KICILLOF, AXEL"},"('Firmantes', 'DISTRITO')":{"('0019-JGM-2015', 0)":null,"('0019-JGM-2015', 1)":null},"('Firmantes', 'BLOQUE')":{"('0019-JGM-2015', 0)":"PODER EJECUTIVO","('0019-JGM-2015', 1)":"PODER EJECUTIVO"},"('Giros', 'COMISI\u00d3N')":{"('0019-JGM-2015', 0)":"BICAMERAL PERMANENTE DE TRAMITE LEGISLATIVO - LEY 26122","('0019-JGM-2015', 1)":null},"('Tramites', 'C\u00c1MARA')":{"('0019-JGM-2015', 0)":"Diputados","('0019-JGM-2015', 1)":null},"('Tramites', 'MOVIMIENTO')":{"('0019-JGM-2015', 0)":"VER TRAMITE DEL DECRETO EN SENADO EN EXPEDIENTE 4068-S-2015","('0019-JGM-2015', 1)":null},"('Tramites', 'FECHA')":{"('0019-JGM-2015', 0)":null,"('0019-JGM-2015', 1)":null},"('Tramites', 'RESULTADO')":{"('0019-JGM-2015', 0)":null,"('0019-JGM-2015', 1)":null},"Palabra Clave":{"('0019-JGM-2015', 0)":" ","('0019-JGM-2015', 1)":null}}