{"Tipo de Proyecto":{"('0020-D-2015', 0)":"PROYECTO DE LEY","('0020-D-2015', 1)":null,"('0020-D-2015', 2)":null},"Iniciado en: ":{"('0020-D-2015', 0)":"Diputados","('0020-D-2015', 1)":null,"('0020-D-2015', 2)":null},"Expediente Diputados: ":{"('0020-D-2015', 0)":"0020-D-2015","('0020-D-2015', 1)":null,"('0020-D-2015', 2)":null},"Publicado en: ":{"('0020-D-2015', 0)":"Tr\u00e1mite Parlamentario N\u00b0 1","('0020-D-2015', 1)":null,"('0020-D-2015', 2)":null},"Fecha: ":{"('0020-D-2015', 0)":"02\/03\/2015","('0020-D-2015', 1)":null,"('0020-D-2015', 2)":null},"T\u00edtulo":{"('0020-D-2015', 0)":"IMAGEN PUBLICITARIA ESTATICA DE FIGURA HUMANA QUE SEA MODIFICADA O RETOCADA. OBLIGATORIEDAD DE EXHIBIR  LA LEYENDA \"IMAGEN MODIFICADA DIGITALMENTE\".  ","('0020-D-2015', 1)":null,"('0020-D-2015', 2)":null},"('Firmantes', 'FIRMANTE')":{"('0020-D-2015', 0)":"EHCOSOR, MARIA AZUCENA","('0020-D-2015', 1)":"ESPER, LAURA","('0020-D-2015', 2)":"D'ALESSANDRO, MARCELO SILVIO"},"('Firmantes', 'DISTRITO')":{"('0020-D-2015', 0)":"BUENOS AIRES","('0020-D-2015', 1)":"BUENOS AIRES","('0020-D-2015', 2)":"BUENOS AIRES"},"('Firmantes', 'BLOQUE')":{"('0020-D-2015', 0)":"FRENTE RENOVADOR","('0020-D-2015', 1)":"FRENTE RENOVADOR","('0020-D-2015', 2)":"FRENTE RENOVADOR"},"('Giros', 'COMISI\u00d3N')":{"('0020-D-2015', 0)":"COMUNICACIONES E INFORMATICA","('0020-D-2015', 1)":"DEFENSA DEL CONSUMIDOR, DEL USUARIO Y DE LA COMPETENCIA","('0020-D-2015', 2)":"LEGISLACION GENERAL"},"Link":{"('0020-D-2015', 0)":"https:\/\/www.hcdn.gob.ar\/proyectos\/textoCompleto.jsp?exp=0020-D-2015&tipo=LEY","('0020-D-2015', 1)":null,"('0020-D-2015', 2)":null},"Palabra Clave":{"('0020-D-2015', 0)":" ","('0020-D-2015', 1)":null,"('0020-D-2015', 2)":null}}