{"Tipo de Proyecto":{"('0020-PE-2015', 0)":"MENSAJE NRO \/ A\u00d1O"},"Iniciado en: ":{"('0020-PE-2015', 0)":"Senado"},"Expediente Senado: ":{"('0020-PE-2015', 0)":"0020-PE-2015"},"Fecha: ":{"('0020-PE-2015', 0)":"30\/11\/2017"},"T\u00edtulo":{"('0020-PE-2015', 0)":"JEFATURA DE GABINETE DE MINISTROS REMITE RESPUESTA ENVIADA POR EL MINISTERIO DE SALUD, SOBRE EL CUMPLIMIENTO DE POLITICAS DE SALUD, CONTROL PRESTACIONAL Y ECONOMICA FINANCIERA, EJERCICIO 2001, 2002, EN EL AMBITO DE LA SUPERINTENDENCIA DE SEGUROS DE SALUD."},"('Firmantes', 'FIRMANTE')":{"('0020-PE-2015', 0)":"PARLAMENTARIA MIXTA REVISORA DE CUENTAS"},"('Firmantes', 'DISTRITO')":{"('0020-PE-2015', 0)":null},"('Firmantes', 'BLOQUE')":{"('0020-PE-2015', 0)":null},"Sumario":{"('0020-PE-2015', 0)":"HABIENDO TOMADO CONOCIMIENTO Y SIN PERJUICIO DE ULTERIORES MEDIDAS QUE PUEDAN ADOPTARSE, SE ACONSEJA SU REMISION AL ARCHIVO."},"Palabra Clave":{"('0020-PE-2015', 0)":" "}}