{"Tipo de Proyecto":{"('0021-JGM-2015', 0)":"MENSAJE NRO: 0002\/16","('0021-JGM-2015', 1)":null},"Iniciado en: ":{"('0021-JGM-2015', 0)":"Diputados","('0021-JGM-2015', 1)":null},"Expediente Diputados: ":{"('0021-JGM-2015', 0)":"0021-JGM-2015","('0021-JGM-2015', 1)":null},"Publicado en: ":{"('0021-JGM-2015', 0)":"Tr\u00e1mite Parlamentario N\u00b0 168","('0021-JGM-2015', 1)":null},"Fecha: ":{"('0021-JGM-2015', 0)":"02\/02\/2016","('0021-JGM-2015', 1)":null},"T\u00edtulo":{"('0021-JGM-2015', 0)":"COMUNICACION DEL DECRETO DE NECESIDAD Y URGENCIA 211, DEL 22 DE DICIEMBRE DE 2015, POR EL CUAL SE DEROGA EL ARTICULO 52 DE LA LEY 27198, DE PRESUPUESTO GENERAL DE LA ADMINISTRACION NACIONAL PARA EL EJERCICIO 2016. ","('0021-JGM-2015', 1)":null},"('Firmantes', 'FIRMANTE')":{"('0021-JGM-2015', 0)":"PE\u00d1A, MARCOS","('0021-JGM-2015', 1)":"DE PRAT GAY, ALFONSO"},"('Firmantes', 'DISTRITO')":{"('0021-JGM-2015', 0)":null,"('0021-JGM-2015', 1)":null},"('Firmantes', 'BLOQUE')":{"('0021-JGM-2015', 0)":"PODER EJECUTIVO","('0021-JGM-2015', 1)":"PODER EJECUTIVO"},"('Giros', 'COMISI\u00d3N')":{"('0021-JGM-2015', 0)":"BICAMERAL PERMANENTE DE TRAMITE LEGISLATIVO - LEY 26122","('0021-JGM-2015', 1)":null},"('Tramites', 'C\u00c1MARA')":{"('0021-JGM-2015', 0)":"Diputados","('0021-JGM-2015', 1)":null},"('Tramites', 'MOVIMIENTO')":{"('0021-JGM-2015', 0)":"VER TRAMITE DEL DECRETO EN SENADO EN EXPEDIENTE 4264-S-2015","('0021-JGM-2015', 1)":null},"('Tramites', 'FECHA')":{"('0021-JGM-2015', 0)":null,"('0021-JGM-2015', 1)":null},"('Tramites', 'RESULTADO')":{"('0021-JGM-2015', 0)":null,"('0021-JGM-2015', 1)":null},"Palabra Clave":{"('0021-JGM-2015', 0)":" ","('0021-JGM-2015', 1)":null}}