{"Tipo de Proyecto":{"('0021-D-2015', 0)":"PROYECTO DE RESOLUCI\u00d3N","('0021-D-2015', 1)":null,"('0021-D-2015', 2)":null},"Iniciado en: ":{"('0021-D-2015', 0)":"Diputados","('0021-D-2015', 1)":null,"('0021-D-2015', 2)":null},"Expediente Diputados: ":{"('0021-D-2015', 0)":"0021-D-2015","('0021-D-2015', 1)":null,"('0021-D-2015', 2)":null},"Publicado en: ":{"('0021-D-2015', 0)":"Tr\u00e1mite Parlamentario N\u00b0 1","('0021-D-2015', 1)":null,"('0021-D-2015', 2)":null},"Fecha: ":{"('0021-D-2015', 0)":"02\/03\/2015","('0021-D-2015', 1)":null,"('0021-D-2015', 2)":null},"T\u00edtulo":{"('0021-D-2015', 0)":"SOLICITAR AL PODER EJECUTIVO DISPONGA LA PROHIBICION DE TODO AVISO PUBLICITARIO  QUE EN SU CONTENIDO VALORICE E INCITE LAS CONDUCTAS Y COMPORTAMIENTOS  DE IRRESPONSABILIDAD, FALTA DE RESPETO, DE ETICA Y\/O MORAL Y LAS QUE CONLLEVEN A PERJUICIOS FISICOS Y\/O PSIQUICOS. ","('0021-D-2015', 1)":null,"('0021-D-2015', 2)":null},"('Firmantes', 'FIRMANTE')":{"('0021-D-2015', 0)":"EHCOSOR, MARIA AZUCENA","('0021-D-2015', 1)":"ESPER, LAURA","('0021-D-2015', 2)":"D'ALESSANDRO, MARCELO SILVIO"},"('Firmantes', 'DISTRITO')":{"('0021-D-2015', 0)":"BUENOS AIRES","('0021-D-2015', 1)":"BUENOS AIRES","('0021-D-2015', 2)":"BUENOS AIRES"},"('Firmantes', 'BLOQUE')":{"('0021-D-2015', 0)":"FRENTE RENOVADOR","('0021-D-2015', 1)":"FRENTE RENOVADOR","('0021-D-2015', 2)":"FRENTE RENOVADOR"},"('Giros', 'COMISI\u00d3N')":{"('0021-D-2015', 0)":"COMUNICACIONES E INFORMATICA","('0021-D-2015', 1)":null,"('0021-D-2015', 2)":null},"Link":{"('0021-D-2015', 0)":"https:\/\/www.hcdn.gob.ar\/proyectos\/textoCompleto.jsp?exp=0021-D-2015&tipo=RESOLUCION","('0021-D-2015', 1)":null,"('0021-D-2015', 2)":null},"Palabra Clave":{"('0021-D-2015', 0)":" ","('0021-D-2015', 1)":null,"('0021-D-2015', 2)":null}}