{"Tipo de Proyecto":{"('0022-S-2015', 0)":"PROYECTO DE LEY","('0022-S-2015', 1)":null,"('0022-S-2015', 2)":null,"('0022-S-2015', 3)":null,"('0022-S-2015', 4)":null,"('0022-S-2015', 5)":null,"('0022-S-2015', 6)":null,"('0022-S-2015', 7)":null},"Iniciado en: ":{"('0022-S-2015', 0)":"Senado","('0022-S-2015', 1)":null,"('0022-S-2015', 2)":null,"('0022-S-2015', 3)":null,"('0022-S-2015', 4)":null,"('0022-S-2015', 5)":null,"('0022-S-2015', 6)":null,"('0022-S-2015', 7)":null},"Expediente Diputados: ":{"('0022-S-2015', 0)":"0022-S-2015","('0022-S-2015', 1)":null,"('0022-S-2015', 2)":null,"('0022-S-2015', 3)":null,"('0022-S-2015', 4)":null,"('0022-S-2015', 5)":null,"('0022-S-2015', 6)":null,"('0022-S-2015', 7)":null},"Expediente Senado: ":{"('0022-S-2015', 0)":"1379-S-2015","('0022-S-2015', 1)":null,"('0022-S-2015', 2)":null,"('0022-S-2015', 3)":null,"('0022-S-2015', 4)":null,"('0022-S-2015', 5)":null,"('0022-S-2015', 6)":null,"('0022-S-2015', 7)":null},"Publicado en: ":{"('0022-S-2015', 0)":"Diario de Asuntos Entrados N\u00b0 69","('0022-S-2015', 1)":null,"('0022-S-2015', 2)":null,"('0022-S-2015', 3)":null,"('0022-S-2015', 4)":null,"('0022-S-2015', 5)":null,"('0022-S-2015', 6)":null,"('0022-S-2015', 7)":null},"Fecha: ":{"('0022-S-2015', 0)":"29\/04\/2015","('0022-S-2015', 1)":null,"('0022-S-2015', 2)":null,"('0022-S-2015', 3)":null,"('0022-S-2015', 4)":null,"('0022-S-2015', 5)":null,"('0022-S-2015', 6)":null,"('0022-S-2015', 7)":null},"T\u00edtulo":{"('0022-S-2015', 0)":"CREACION DE UN JUZGADO FEDERAL DE PRIMERA INSTANCIA CON ASIENTO EN LA CIUDAD DE HURLINGHAM, PROVINCIA DE BUENOS AIRES, CON COMPETENCIA EN MATERIA CRIMINAL Y CORRECCIONAL. ","('0022-S-2015', 1)":null,"('0022-S-2015', 2)":null,"('0022-S-2015', 3)":null,"('0022-S-2015', 4)":null,"('0022-S-2015', 5)":null,"('0022-S-2015', 6)":null,"('0022-S-2015', 7)":null},"('Firmantes', 'FIRMANTE')":{"('0022-S-2015', 0)":"GUASTAVINO, PEDRO GUILLERMO ANGEL","('0022-S-2015', 1)":"ABAL MEDINA, JUAN MANUEL","('0022-S-2015', 2)":"CREXELL, CARMEN LUCILA","('0022-S-2015', 3)":"FELLNER, LILIANA BEATRIZ","('0022-S-2015', 4)":"FUENTES, MARCELO JORGE","('0022-S-2015', 5)":"GODOY, RUPERTO EDUARDO","('0022-S-2015', 6)":"HIGONET, MARIA DE LOS ANGELES","('0022-S-2015', 7)":"PICHETTO, MIGUEL ANGEL"},"('Firmantes', 'DISTRITO')":{"('0022-S-2015', 0)":"ENTRE RIOS","('0022-S-2015', 1)":"BUENOS AIRES","('0022-S-2015', 2)":"NEUQUEN","('0022-S-2015', 3)":"JUJUY","('0022-S-2015', 4)":"NEUQUEN","('0022-S-2015', 5)":"SAN JUAN","('0022-S-2015', 6)":"LA PAMPA","('0022-S-2015', 7)":"RIO NEGRO"},"('Firmantes', 'BLOQUE')":{"('0022-S-2015', 0)":"FRENTE PARA LA VICTORIA - PJ","('0022-S-2015', 1)":"FRENTE PARA LA VICTORIA - PJ","('0022-S-2015', 2)":"MOV POP NEUQUINO","('0022-S-2015', 3)":"FRENTE PARA LA VICTORIA - PJ","('0022-S-2015', 4)":"FRENTE PARA LA VICTORIA - PJ","('0022-S-2015', 5)":"FRENTE PARA LA VICTORIA - PJ","('0022-S-2015', 6)":"PARTIDO JUSTICIALISTA LA PAMPA","('0022-S-2015', 7)":"FRENTE PARA LA VICTORIA - PJ"},"('Giros', 'COMISI\u00d3N')":{"('0022-S-2015', 0)":"JUSTICIA","('0022-S-2015', 1)":"PRESUPUESTO Y HACIENDA","('0022-S-2015', 2)":null,"('0022-S-2015', 3)":null,"('0022-S-2015', 4)":null,"('0022-S-2015', 5)":null,"('0022-S-2015', 6)":null,"('0022-S-2015', 7)":null},"('Tramites', 'C\u00c1MARA')":{"('0022-S-2015', 0)":"Senado","('0022-S-2015', 1)":"Diputados","('0022-S-2015', 2)":"Diputados","('0022-S-2015', 3)":"Diputados","('0022-S-2015', 4)":"Diputados","('0022-S-2015', 5)":"Diputados","('0022-S-2015', 6)":null,"('0022-S-2015', 7)":null},"('Tramites', 'MOVIMIENTO')":{"('0022-S-2015', 0)":"CONSIDERACION Y APROBACION","('0022-S-2015', 1)":"PASA A DIPUTADOS -","('0022-S-2015', 2)":"CITACION SESION ESPECIAL","('0022-S-2015', 3)":"CONSIDERACION Y SANCION","('0022-S-2015', 4)":"INSERCION DE LOS DIPUTADOS DEL CA\u00d1O Y BREGMAN SOBRE SENTIDO DE SU VOTO","('0022-S-2015', 5)":"INSERCION DEL DIPUTADO LOPEZ SOBRE SENTIDO DE SU VOTO","('0022-S-2015', 6)":null,"('0022-S-2015', 7)":null},"('Tramites', 'FECHA')":{"('0022-S-2015', 0)":"27\/05\/2015","('0022-S-2015', 1)":null,"('0022-S-2015', 2)":"26\/11\/2015","('0022-S-2015', 3)":"26\/11\/2015","('0022-S-2015', 4)":"26\/11\/2015","('0022-S-2015', 5)":"26\/11\/2015","('0022-S-2015', 6)":null,"('0022-S-2015', 7)":null},"('Tramites', 'RESULTADO')":{"('0022-S-2015', 0)":"MEDIA SANCION","('0022-S-2015', 1)":null,"('0022-S-2015', 2)":null,"('0022-S-2015', 3)":"SANCIONADO","('0022-S-2015', 4)":null,"('0022-S-2015', 5)":null,"('0022-S-2015', 6)":null,"('0022-S-2015', 7)":null},"Sumario":{"('0022-S-2015', 0)":"COMPETENCIA TERRITORIAL EN LOS PARTIDOS DE HURLINGHAM, ITUZAINGO Y MERLO; CREACION DE UNA FISCALIA FEDERAL DE PRIMERA INSTANCIA Y UNA DEFENSORIA PUBLICA OFICIAL DE PRIMERA INSTANCIA; CARGOS; ANEXOS I, II, Y III.","('0022-S-2015', 1)":null,"('0022-S-2015', 2)":null,"('0022-S-2015', 3)":null,"('0022-S-2015', 4)":null,"('0022-S-2015', 5)":null,"('0022-S-2015', 6)":null,"('0022-S-2015', 7)":null},"Palabra Clave":{"('0022-S-2015', 0)":" ","('0022-S-2015', 1)":null,"('0022-S-2015', 2)":null,"('0022-S-2015', 3)":null,"('0022-S-2015', 4)":null,"('0022-S-2015', 5)":null,"('0022-S-2015', 6)":null,"('0022-S-2015', 7)":null}}