{"Tipo de Proyecto":{"('0022-JGM-2015', 0)":"MENSAJE NRO: 0003\/16","('0022-JGM-2015', 1)":null},"Iniciado en: ":{"('0022-JGM-2015', 0)":"Diputados","('0022-JGM-2015', 1)":null},"Expediente Diputados: ":{"('0022-JGM-2015', 0)":"0022-JGM-2015","('0022-JGM-2015', 1)":null},"Publicado en: ":{"('0022-JGM-2015', 0)":"Tr\u00e1mite Parlamentario N\u00b0 168","('0022-JGM-2015', 1)":null},"Fecha: ":{"('0022-JGM-2015', 0)":"02\/02\/2016","('0022-JGM-2015', 1)":null},"T\u00edtulo":{"('0022-JGM-2015', 0)":"COMUNICACION DEL DECRETO DE NECESIDAD Y URGENCIA 256, DEL 24 DE DICIEMBRE DE 2015, POR EL CUAL SE TRANSFIERE EL DEPARTAMENTO DE INTERCEPTACION Y CAPTACION DE LAS COMUNICACIONES (DICOM) DEPENDIENTE DE LA DIRECCION GENERAL DE INVESTIGACIONES Y APOYO TECNOLOGICO A LA INVESTIGACION PENAL DE LA PROCURACION GENERAL DE LA NACION A LA ORBITA DE LA CORTE SUPREMA DE JUSTICIA DE LA NACION","('0022-JGM-2015', 1)":null},"('Firmantes', 'FIRMANTE')":{"('0022-JGM-2015', 0)":"PE\u00d1A, MARCOS","('0022-JGM-2015', 1)":"GARAVANO, GERMAN CARLOS"},"('Firmantes', 'DISTRITO')":{"('0022-JGM-2015', 0)":null,"('0022-JGM-2015', 1)":null},"('Firmantes', 'BLOQUE')":{"('0022-JGM-2015', 0)":"PODER EJECUTIVO","('0022-JGM-2015', 1)":"PODER EJECUTIVO"},"('Giros', 'COMISI\u00d3N')":{"('0022-JGM-2015', 0)":"BICAMERAL PERMANENTE DE TRAMITE LEGISLATIVO - LEY 26122","('0022-JGM-2015', 1)":null},"('Tramites', 'C\u00c1MARA')":{"('0022-JGM-2015', 0)":"Diputados","('0022-JGM-2015', 1)":"Diputados"},"('Tramites', 'MOVIMIENTO')":{"('0022-JGM-2015', 0)":"VER TRAMITE DEL DECRETO EN SENADO EN EXPEDIENTE 4265-S-2015","('0022-JGM-2015', 1)":"VER TRAMITE DEL DECRETO EN SENADO EN EXPEDIENTE 1032-S-2020"},"('Tramites', 'FECHA')":{"('0022-JGM-2015', 0)":null,"('0022-JGM-2015', 1)":null},"('Tramites', 'RESULTADO')":{"('0022-JGM-2015', 0)":null,"('0022-JGM-2015', 1)":null},"Palabra Clave":{"('0022-JGM-2015', 0)":" ","('0022-JGM-2015', 1)":null}}