{"Tipo de Proyecto":{"('0022-D-2015', 0)":"PROYECTO DE LEY","('0022-D-2015', 1)":null},"Iniciado en: ":{"('0022-D-2015', 0)":"Diputados","('0022-D-2015', 1)":null},"Expediente Diputados: ":{"('0022-D-2015', 0)":"0022-D-2015","('0022-D-2015', 1)":null},"Publicado en: ":{"('0022-D-2015', 0)":"Tr\u00e1mite Parlamentario N\u00b0 1","('0022-D-2015', 1)":null},"Fecha: ":{"('0022-D-2015', 0)":"02\/03\/2015","('0022-D-2015', 1)":null},"T\u00edtulo":{"('0022-D-2015', 0)":"CODIGO PENAL. MODIFICACION DEL ARTICULO 189 BIS SOBRE TENENCIA Y PORTACION DE ARMAS Y MATERIALES OFENSIVOS.","('0022-D-2015', 1)":null},"('Firmantes', 'FIRMANTE')":{"('0022-D-2015', 0)":"BOYADJIAN, GRACIELA EUNICE","('0022-D-2015', 1)":null},"('Firmantes', 'DISTRITO')":{"('0022-D-2015', 0)":"TIERRA DEL FUEGO","('0022-D-2015', 1)":null},"('Firmantes', 'BLOQUE')":{"('0022-D-2015', 0)":"MOV POP FUEGUINO","('0022-D-2015', 1)":null},"('Giros', 'COMISI\u00d3N')":{"('0022-D-2015', 0)":"LEGISLACION PENAL","('0022-D-2015', 1)":"SEGURIDAD INTERIOR"},"Link":{"('0022-D-2015', 0)":"https:\/\/www.hcdn.gob.ar\/proyectos\/textoCompleto.jsp?exp=0022-D-2015&tipo=LEY","('0022-D-2015', 1)":null},"Palabra Clave":{"('0022-D-2015', 0)":" ","('0022-D-2015', 1)":null}}