{"Tipo de Proyecto":{"('0023-D-2015', 0)":"PROYECTO DE LEY","('0023-D-2015', 1)":null,"('0023-D-2015', 2)":null,"('0023-D-2015', 3)":null,"('0023-D-2015', 4)":null,"('0023-D-2015', 5)":null,"('0023-D-2015', 6)":null,"('0023-D-2015', 7)":null},"Iniciado en: ":{"('0023-D-2015', 0)":"Diputados","('0023-D-2015', 1)":null,"('0023-D-2015', 2)":null,"('0023-D-2015', 3)":null,"('0023-D-2015', 4)":null,"('0023-D-2015', 5)":null,"('0023-D-2015', 6)":null,"('0023-D-2015', 7)":null},"Expediente Diputados: ":{"('0023-D-2015', 0)":"0023-D-2015","('0023-D-2015', 1)":null,"('0023-D-2015', 2)":null,"('0023-D-2015', 3)":null,"('0023-D-2015', 4)":null,"('0023-D-2015', 5)":null,"('0023-D-2015', 6)":null,"('0023-D-2015', 7)":null},"Publicado en: ":{"('0023-D-2015', 0)":"Tr\u00e1mite Parlamentario N\u00b0 1","('0023-D-2015', 1)":null,"('0023-D-2015', 2)":null,"('0023-D-2015', 3)":null,"('0023-D-2015', 4)":null,"('0023-D-2015', 5)":null,"('0023-D-2015', 6)":null,"('0023-D-2015', 7)":null},"Fecha: ":{"('0023-D-2015', 0)":"02\/03\/2015","('0023-D-2015', 1)":null,"('0023-D-2015', 2)":null,"('0023-D-2015', 3)":null,"('0023-D-2015', 4)":null,"('0023-D-2015', 5)":null,"('0023-D-2015', 6)":null,"('0023-D-2015', 7)":null},"T\u00edtulo":{"('0023-D-2015', 0)":"TRANSPORTE MANUAL DE CARGAS. REGULACION.","('0023-D-2015', 1)":null,"('0023-D-2015', 2)":null,"('0023-D-2015', 3)":null,"('0023-D-2015', 4)":null,"('0023-D-2015', 5)":null,"('0023-D-2015', 6)":null,"('0023-D-2015', 7)":null},"('Firmantes', 'FIRMANTE')":{"('0023-D-2015', 0)":"BOYADJIAN, GRACIELA EUNICE","('0023-D-2015', 1)":"FERNANDEZ MENDIA, GUSTAVO RODOLFO","('0023-D-2015', 2)":"MARTINEZ, OSCAR ANSELMO","('0023-D-2015', 3)":"COMELLI, ALICIA MARCELA","('0023-D-2015', 4)":"RUIZ, AIDA DELIA","('0023-D-2015', 5)":"VILLAR MOLINA, MARIA INES","('0023-D-2015', 6)":"SAN MARTIN, ADRIAN","('0023-D-2015', 7)":"ROMERO, OSCAR ALBERTO"},"('Firmantes', 'DISTRITO')":{"('0023-D-2015', 0)":"TIERRA DEL FUEGO","('0023-D-2015', 1)":"LA PAMPA","('0023-D-2015', 2)":"TIERRA DEL FUEGO","('0023-D-2015', 3)":"NEUQUEN","('0023-D-2015', 4)":"SANTIAGO DEL ESTERO","('0023-D-2015', 5)":"NEUQUEN","('0023-D-2015', 6)":"NEUQUEN","('0023-D-2015', 7)":"BUENOS AIRES"},"('Firmantes', 'BLOQUE')":{"('0023-D-2015', 0)":"MOV POP FUEGUINO","('0023-D-2015', 1)":"PARTIDO JUSTICIALISTA LA PAMPA","('0023-D-2015', 2)":"MOVIMIENTO SOLIDARIO POPULAR","('0023-D-2015', 3)":"MOV POP NEUQUINO","('0023-D-2015', 4)":"FRENTE CIVICO POR SANTIAGO","('0023-D-2015', 5)":"MOV POP NEUQUINO","('0023-D-2015', 6)":"MOV POP NEUQUINO","('0023-D-2015', 7)":"FRENTE PARA LA VICTORIA - PJ"},"('Giros', 'COMISI\u00d3N')":{"('0023-D-2015', 0)":"LEGISLACION DEL TRABAJO","('0023-D-2015', 1)":"ACCION SOCIAL Y SALUD PUBLICA","('0023-D-2015', 2)":null,"('0023-D-2015', 3)":null,"('0023-D-2015', 4)":null,"('0023-D-2015', 5)":null,"('0023-D-2015', 6)":null,"('0023-D-2015', 7)":null},"Link":{"('0023-D-2015', 0)":"https:\/\/www.hcdn.gob.ar\/proyectos\/textoCompleto.jsp?exp=0023-D-2015&tipo=LEY","('0023-D-2015', 1)":null,"('0023-D-2015', 2)":null,"('0023-D-2015', 3)":null,"('0023-D-2015', 4)":null,"('0023-D-2015', 5)":null,"('0023-D-2015', 6)":null,"('0023-D-2015', 7)":null},"Palabra Clave":{"('0023-D-2015', 0)":" ","('0023-D-2015', 1)":null,"('0023-D-2015', 2)":null,"('0023-D-2015', 3)":null,"('0023-D-2015', 4)":null,"('0023-D-2015', 5)":null,"('0023-D-2015', 6)":null,"('0023-D-2015', 7)":null}}