{"Tipo de Proyecto":{"('0024-D-2015', 0)":"PROYECTO DE LEY","('0024-D-2015', 1)":null},"Iniciado en: ":{"('0024-D-2015', 0)":"Diputados","('0024-D-2015', 1)":null},"Expediente Diputados: ":{"('0024-D-2015', 0)":"0024-D-2015","('0024-D-2015', 1)":null},"Publicado en: ":{"('0024-D-2015', 0)":"Tr\u00e1mite Parlamentario N\u00b0 1","('0024-D-2015', 1)":null},"Fecha: ":{"('0024-D-2015', 0)":"02\/03\/2015","('0024-D-2015', 1)":null},"T\u00edtulo":{"('0024-D-2015', 0)":"DELITOS DE AGIOTAJE: CREACION DEL REGISTRO UNICO PARA SU CONTROL Y SEGUIMIENTO (REPRODUCCION DEL EXPEDIENTE 2692-D-13).","('0024-D-2015', 1)":null},"('Firmantes', 'FIRMANTE')":{"('0024-D-2015', 0)":"ORTIZ CORREA, MARCIA SARA MARIA","('0024-D-2015', 1)":null},"('Firmantes', 'DISTRITO')":{"('0024-D-2015', 0)":"CATAMARCA","('0024-D-2015', 1)":null},"('Firmantes', 'BLOQUE')":{"('0024-D-2015', 0)":"FRENTE PARA LA VICTORIA - PJ","('0024-D-2015', 1)":null},"('Giros', 'COMISI\u00d3N')":{"('0024-D-2015', 0)":"LEGISLACION PENAL","('0024-D-2015', 1)":"PRESUPUESTO Y HACIENDA"},"Palabra Clave":{"('0024-D-2015', 0)":" ","('0024-D-2015', 1)":null}}