{"Tipo de Proyecto":{"('0024-JGM-2015', 0)":"MENSAJE NRO: 0005\/16","('0024-JGM-2015', 1)":null,"('0024-JGM-2015', 2)":null,"('0024-JGM-2015', 3)":null,"('0024-JGM-2015', 4)":null,"('0024-JGM-2015', 5)":null},"Iniciado en: ":{"('0024-JGM-2015', 0)":"Diputados","('0024-JGM-2015', 1)":null,"('0024-JGM-2015', 2)":null,"('0024-JGM-2015', 3)":null,"('0024-JGM-2015', 4)":null,"('0024-JGM-2015', 5)":null},"Expediente Diputados: ":{"('0024-JGM-2015', 0)":"0024-JGM-2015","('0024-JGM-2015', 1)":null,"('0024-JGM-2015', 2)":null,"('0024-JGM-2015', 3)":null,"('0024-JGM-2015', 4)":null,"('0024-JGM-2015', 5)":null},"Publicado en: ":{"('0024-JGM-2015', 0)":"Tr\u00e1mite Parlamentario N\u00b0 168","('0024-JGM-2015', 1)":null,"('0024-JGM-2015', 2)":null,"('0024-JGM-2015', 3)":null,"('0024-JGM-2015', 4)":null,"('0024-JGM-2015', 5)":null},"Fecha: ":{"('0024-JGM-2015', 0)":"02\/02\/2016","('0024-JGM-2015', 1)":null,"('0024-JGM-2015', 2)":null,"('0024-JGM-2015', 3)":null,"('0024-JGM-2015', 4)":null,"('0024-JGM-2015', 5)":null},"T\u00edtulo":{"('0024-JGM-2015', 0)":"COMUNICACION DEL DECRETO DE NECESIDAD Y URGENCIA 267, DEL 29 DE DICIEMBRE DE 2015, POR EL CUAL SE CREA EL ENTE NACIONAL DE COMUNICACIONES (ENACOM) COMO ENTE AUTARQUICO Y DESCENTRALIZADO, EN EL AMBITO DEL MINISTERIO DE COMUNICACIONES. ","('0024-JGM-2015', 1)":null,"('0024-JGM-2015', 2)":null,"('0024-JGM-2015', 3)":null,"('0024-JGM-2015', 4)":null,"('0024-JGM-2015', 5)":null},"('Firmantes', 'FIRMANTE')":{"('0024-JGM-2015', 0)":"PE\u00d1A, MARCOS","('0024-JGM-2015', 1)":"AGUAD, OSCAR RAUL","('0024-JGM-2015', 2)":null,"('0024-JGM-2015', 3)":null,"('0024-JGM-2015', 4)":null,"('0024-JGM-2015', 5)":null},"('Firmantes', 'DISTRITO')":{"('0024-JGM-2015', 0)":null,"('0024-JGM-2015', 1)":null,"('0024-JGM-2015', 2)":null,"('0024-JGM-2015', 3)":null,"('0024-JGM-2015', 4)":null,"('0024-JGM-2015', 5)":null},"('Firmantes', 'BLOQUE')":{"('0024-JGM-2015', 0)":"PODER EJECUTIVO","('0024-JGM-2015', 1)":"PODER EJECUTIVO","('0024-JGM-2015', 2)":null,"('0024-JGM-2015', 3)":null,"('0024-JGM-2015', 4)":null,"('0024-JGM-2015', 5)":null},"('Giros', 'COMISI\u00d3N')":{"('0024-JGM-2015', 0)":"BICAMERAL PERMANENTE DE TRAMITE LEGISLATIVO - LEY 26122","('0024-JGM-2015', 1)":null,"('0024-JGM-2015', 2)":null,"('0024-JGM-2015', 3)":null,"('0024-JGM-2015', 4)":null,"('0024-JGM-2015', 5)":null},"('Tramites', 'C\u00c1MARA')":{"('0024-JGM-2015', 0)":"Diputados","('0024-JGM-2015', 1)":"Diputados","('0024-JGM-2015', 2)":"Diputados","('0024-JGM-2015', 3)":"Diputados","('0024-JGM-2015', 4)":"Diputados","('0024-JGM-2015', 5)":"Diputados"},"('Tramites', 'MOVIMIENTO')":{"('0024-JGM-2015', 0)":"CITACION SESION ESPECIAL","('0024-JGM-2015', 1)":"CONSIDERACION Y APROBACION","('0024-JGM-2015', 2)":"INSERCIONES","('0024-JGM-2015', 3)":"MOCION DE RECONSIDERACION (NO SE VOTA) Y MANIFESTACIONES","('0024-JGM-2015', 4)":"MANIFESTACIONES","('0024-JGM-2015', 5)":"VER TRAMITE DEL DECRETO EN SENADO EN EXPEDIENTE 4308-S-2015"},"('Tramites', 'FECHA')":{"('0024-JGM-2015', 0)":"06\/04\/2016","('0024-JGM-2015', 1)":"06\/04\/2016","('0024-JGM-2015', 2)":"06\/04\/2016","('0024-JGM-2015', 3)":"06\/04\/2016","('0024-JGM-2015', 4)":"06\/04\/2016","('0024-JGM-2015', 5)":null},"('Tramites', 'RESULTADO')":{"('0024-JGM-2015', 0)":null,"('0024-JGM-2015', 1)":"APROBADO","('0024-JGM-2015', 2)":null,"('0024-JGM-2015', 3)":null,"('0024-JGM-2015', 4)":null,"('0024-JGM-2015', 5)":null},"Palabra Clave":{"('0024-JGM-2015', 0)":" ","('0024-JGM-2015', 1)":null,"('0024-JGM-2015', 2)":null,"('0024-JGM-2015', 3)":null,"('0024-JGM-2015', 4)":null,"('0024-JGM-2015', 5)":null}}