{"Tipo de Proyecto":{"('0024-S-2015', 0)":"PROYECTO DE LEY","('0024-S-2015', 1)":null,"('0024-S-2015', 2)":null,"('0024-S-2015', 3)":null},"Iniciado en: ":{"('0024-S-2015', 0)":"Senado","('0024-S-2015', 1)":null,"('0024-S-2015', 2)":null,"('0024-S-2015', 3)":null},"Expediente Diputados: ":{"('0024-S-2015', 0)":"0024-S-2015","('0024-S-2015', 1)":null,"('0024-S-2015', 2)":null,"('0024-S-2015', 3)":null},"Expediente Senado: ":{"('0024-S-2015', 0)":"0489-S-2015","('0024-S-2015', 1)":null,"('0024-S-2015', 2)":null,"('0024-S-2015', 3)":null},"Publicado en: ":{"('0024-S-2015', 0)":"Diario de Asuntos Entrados N\u00b0 25","('0024-S-2015', 1)":null,"('0024-S-2015', 2)":null,"('0024-S-2015', 3)":null},"Fecha: ":{"('0024-S-2015', 0)":"11\/03\/2015","('0024-S-2015', 1)":null,"('0024-S-2015', 2)":null,"('0024-S-2015', 3)":null},"T\u00edtulo":{"('0024-S-2015', 0)":"INSTITUIR EL 16 DE JUNIO DE CADA A\u00d1O COMO EL DIA NACIONAL DE LA INFAMIA, EN CONMEMORACION A LAS VICTIMAS DEL BOMBARDEO PERPETUADO POR LA FUERZA AEREA ARGENTINA Y LA AVIACION DE LA MARINA DE GUERRA, EN EL A\u00d1O 1955 EN LA CIUDAD DE BUENOS AIRES.","('0024-S-2015', 1)":null,"('0024-S-2015', 2)":null,"('0024-S-2015', 3)":null},"('Firmantes', 'FIRMANTE')":{"('0024-S-2015', 0)":"RIOFRIO, MARINA RAQUEL","('0024-S-2015', 1)":null,"('0024-S-2015', 2)":null,"('0024-S-2015', 3)":null},"('Firmantes', 'DISTRITO')":{"('0024-S-2015', 0)":"SAN JUAN","('0024-S-2015', 1)":null,"('0024-S-2015', 2)":null,"('0024-S-2015', 3)":null},"('Firmantes', 'BLOQUE')":{"('0024-S-2015', 0)":"FRENTE PARA LA VICTORIA - PJ","('0024-S-2015', 1)":null,"('0024-S-2015', 2)":null,"('0024-S-2015', 3)":null},"('Giros', 'COMISI\u00d3N')":{"('0024-S-2015', 0)":"DERECHOS HUMANOS Y GARANTIAS","('0024-S-2015', 1)":"LEGISLACION GENERAL","('0024-S-2015', 2)":null,"('0024-S-2015', 3)":null},"('Tramites', 'C\u00c1MARA')":{"('0024-S-2015', 0)":"Senado","('0024-S-2015', 1)":"Senado","('0024-S-2015', 2)":"Senado","('0024-S-2015', 3)":"Diputados"},"('Tramites', 'MOVIMIENTO')":{"('0024-S-2015', 0)":"MOCION SOBRE TABLAS (AFIRMATIVA)","('0024-S-2015', 1)":"CONSIDERACION Y APROBACION","('0024-S-2015', 2)":"INSERCION","('0024-S-2015', 3)":"PASA A DIPUTADOS -"},"('Tramites', 'FECHA')":{"('0024-S-2015', 0)":"27\/05\/2015","('0024-S-2015', 1)":"27\/05\/2015","('0024-S-2015', 2)":"27\/05\/2015","('0024-S-2015', 3)":null},"('Tramites', 'RESULTADO')":{"('0024-S-2015', 0)":null,"('0024-S-2015', 1)":"MEDIA SANCION","('0024-S-2015', 2)":null,"('0024-S-2015', 3)":null},"Link":{"('0024-S-2015', 0)":"http:\/\/www.senado.gov.ar\/parlamentario\/comisiones\/verExp\/489.15\/S\/PL","('0024-S-2015', 1)":null,"('0024-S-2015', 2)":null,"('0024-S-2015', 3)":null},"Palabra Clave":{"('0024-S-2015', 0)":" ","('0024-S-2015', 1)":null,"('0024-S-2015', 2)":null,"('0024-S-2015', 3)":null}}