{"Tipo de Proyecto":{"('0025-D-2015', 0)":"PROYECTO DE LEY"},"Iniciado en: ":{"('0025-D-2015', 0)":"Diputados"},"Expediente Diputados: ":{"('0025-D-2015', 0)":"0025-D-2015"},"Publicado en: ":{"('0025-D-2015', 0)":"Tr\u00e1mite Parlamentario N\u00b0 1"},"Fecha: ":{"('0025-D-2015', 0)":"02\/03\/2015"},"T\u00edtulo":{"('0025-D-2015', 0)":"CODIGO PENAL: INCORPORACION DEL DELITO DE DESACATO (REPRODUCCION DEL EXPEDIENTE 4887-D-13)."},"('Firmantes', 'FIRMANTE')":{"('0025-D-2015', 0)":"ORTIZ CORREA, MARCIA SARA MARIA"},"('Firmantes', 'DISTRITO')":{"('0025-D-2015', 0)":"CATAMARCA"},"('Firmantes', 'BLOQUE')":{"('0025-D-2015', 0)":"FRENTE PARA LA VICTORIA - PJ"},"('Giros', 'COMISI\u00d3N')":{"('0025-D-2015', 0)":"LEGISLACION PENAL"},"Palabra Clave":{"('0025-D-2015', 0)":" "}}