{"Tipo de Proyecto":{"('0026-S-2015', 0)":"PROYECTO DE DECLARACI\u00d3N"},"Iniciado en: ":{"('0026-S-2015', 0)":"Senado"},"Expediente Senado: ":{"('0026-S-2015', 0)":"0026-S-2015"},"Publicado en: ":{"('0026-S-2015', 0)":"Diario de Asuntos Entrados N\u00b0 2"},"Fecha: ":{"('0026-S-2015', 0)":"02\/03\/2015"},"T\u00edtulo":{"('0026-S-2015', 0)":"DECLARAR DE INTERES LA REALIZACION DEL IV SEMINARIO INTERNACIONAL \"LITIO EN LA REGION DE SUDAMERICA\", A REALIZARSE LOS DIAS 17 Y 18 DE JUNIO DE 2015 EN LA CIUDAD DE SALTA."},"('Firmantes', 'FIRMANTE')":{"('0026-S-2015', 0)":"PEREYRA, GUILLERMO JUAN"},"('Firmantes', 'DISTRITO')":{"('0026-S-2015', 0)":"NEUQUEN"},"('Firmantes', 'BLOQUE')":{"('0026-S-2015', 0)":"MOV POP NEUQUINO"},"('Tramites', 'C\u00c1MARA')":{"('0026-S-2015', 0)":"Senado"},"('Tramites', 'MOVIMIENTO')":{"('0026-S-2015', 0)":"CONSIDERACION Y APROBACION"},"('Tramites', 'FECHA')":{"('0026-S-2015', 0)":"27\/05\/2015"},"('Tramites', 'RESULTADO')":{"('0026-S-2015', 0)":"APROBADO"},"Link":{"('0026-S-2015', 0)":"http:\/\/www.senado.gov.ar\/parlamentario\/comisiones\/verExp\/26.15\/S\/PD"},"Palabra Clave":{"('0026-S-2015', 0)":" "}}