{"Tipo de Proyecto":{"('0030-PE-2015', 0)":"MENSAJE NRO: ____\/__"},"Iniciado en: ":{"('0030-PE-2015', 0)":"Senado"},"Expediente Senado: ":{"('0030-PE-2015', 0)":"0030-PE-2015"},"Fecha: ":{"('0030-PE-2015', 0)":"09\/12\/2015"},"T\u00edtulo":{"('0030-PE-2015', 0)":"JEFATURA DE GABINETE DE MINISTROS REMITE RESPUESTA ENVIADA POR EL MINISTERIO DEL INTERIOR Y TRANSPORTE RESPECTO DE LAS OBSERVACIONES REALIZADAS POR LA AUDITORIA GENERAL DE LA NACION SOBRE LOS ESTADOS CONTABLES CORRESPONDIENTES A LOS A\u00d1OS 2003 A 2010 DE LA ADMINISTRACION GENERAL DE PUERTOS S.E. (0030-PE-15), Y PEDIDO DE INFORMES AL PODER EJECUTIVO SOBRE LA RESOLUCION REMITIDA POR LA AUDITORIA GENERAL DE LA NACION 236\/14, APROBANDO EL INFORME DEL AUDITOR Y LA SINTESIS DE PRINCIPALES MOTIVOS DE LA ABSTENCION DE OPINION, REFERIDO A LOS ESTADOS CONTABLES DE LA ADMINISTRACION GENERAL DE PUERTOS GENERAL SOCIEDAD DEL ESTADO (AGPSE), EJERCICIO FINALIZADO EL 31 DE DICIEMBRE DE 2011 (0504-OV-14). "},"('Firmantes', 'FIRMANTE')":{"('0030-PE-2015', 0)":"PARLAMENTARIA MIXTA REVISORA DE CUENTAS"},"('Firmantes', 'DISTRITO')":{"('0030-PE-2015', 0)":null},"('Firmantes', 'BLOQUE')":{"('0030-PE-2015', 0)":null},"Palabra Clave":{"('0030-PE-2015', 0)":" "}}