{"Tipo de Proyecto":{"('0030-JGM-2015', 0)":"MENSAJE NRO: 0023\/16","('0030-JGM-2015', 1)":null,"('0030-JGM-2015', 2)":null},"Iniciado en: ":{"('0030-JGM-2015', 0)":"Diputados","('0030-JGM-2015', 1)":null,"('0030-JGM-2015', 2)":null},"Expediente Diputados: ":{"('0030-JGM-2015', 0)":"0030-JGM-2015","('0030-JGM-2015', 1)":null,"('0030-JGM-2015', 2)":null},"Publicado en: ":{"('0030-JGM-2015', 0)":"Tr\u00e1mite Parlamentario N\u00b0 169","('0030-JGM-2015', 1)":null,"('0030-JGM-2015', 2)":null},"Fecha: ":{"('0030-JGM-2015', 0)":"15\/02\/2016","('0030-JGM-2015', 1)":null,"('0030-JGM-2015', 2)":null},"T\u00edtulo":{"('0030-JGM-2015', 0)":"COMUNICACION DEL DECRETO DE NECESIDAD Y URGENCIA 275 DEL 1 DE FEBRERO DE 2016 POR EL CUAL SE SUSPENDE DESDE EL 1 DE ENERO DE 2016 HASTA EL 31 DE DICIEMBRE DE 2016 INCLUSIVE, LA APLICACION DE LAS DISPOSICIONES CONTENIDAS EN EL DECRETO 814\/01 Y SUS MODIFICATORIAS, EN RELACION A LOS EMPLEADORES TITULARES DE ESTABLECIMIENTOS EDUCATIVOS DE GESTION PRIVADA QUE SE ENCONTRAREN INCORPORADOS A LA ENSE\u00d1ANZA OFICIAL CONFORME LAS DISPOSICIONES DE LAS LEYES 13047 Y 24049.","('0030-JGM-2015', 1)":null,"('0030-JGM-2015', 2)":null},"('Firmantes', 'FIRMANTE')":{"('0030-JGM-2015', 0)":"MACRI, MAURICIO","('0030-JGM-2015', 1)":"PE\u00d1A, MARCOS","('0030-JGM-2015', 2)":null},"('Firmantes', 'DISTRITO')":{"('0030-JGM-2015', 0)":null,"('0030-JGM-2015', 1)":null,"('0030-JGM-2015', 2)":null},"('Firmantes', 'BLOQUE')":{"('0030-JGM-2015', 0)":"PODER EJECUTIVO","('0030-JGM-2015', 1)":"PODER EJECUTIVO","('0030-JGM-2015', 2)":null},"('Giros', 'COMISI\u00d3N')":{"('0030-JGM-2015', 0)":"BICAMERAL PERMANENTE DE TRAMITE LEGISLATIVO - LEY 26122","('0030-JGM-2015', 1)":null,"('0030-JGM-2015', 2)":null},"('Tramites', 'C\u00c1MARA')":{"('0030-JGM-2015', 0)":"Diputados","('0030-JGM-2015', 1)":"Diputados","('0030-JGM-2015', 2)":"Diputados"},"('Tramites', 'MOVIMIENTO')":{"('0030-JGM-2015', 0)":"CITACION SESION ESPECIAL","('0030-JGM-2015', 1)":"CONSIDERACION Y APROBACION","('0030-JGM-2015', 2)":"VER TRAMITE DEL DECRETO EN SENADO EN EXPEDIENTE 4300-S-2015"},"('Tramites', 'FECHA')":{"('0030-JGM-2015', 0)":"06\/04\/2016","('0030-JGM-2015', 1)":"06\/04\/2016","('0030-JGM-2015', 2)":null},"('Tramites', 'RESULTADO')":{"('0030-JGM-2015', 0)":null,"('0030-JGM-2015', 1)":"APROBADO","('0030-JGM-2015', 2)":null},"Palabra Clave":{"('0030-JGM-2015', 0)":" ","('0030-JGM-2015', 1)":null,"('0030-JGM-2015', 2)":null}}