{"Tipo de Proyecto":{"('0031-PE-2015', 0)":"MENSAJE NRO \/ A\u00d1O"},"Iniciado en: ":{"('0031-PE-2015', 0)":"Senado"},"Expediente Senado: ":{"('0031-PE-2015', 0)":"0031-PE-2015"},"Fecha: ":{"('0031-PE-2015', 0)":"07\/11\/2017"},"T\u00edtulo":{"('0031-PE-2015', 0)":"DICTAMEN EN LA RESPUESTA REMITIDA POR LA JEFATURA DE GABINETE DE MINISTROS SOBRE RESPUESTA ENVIADA POR EL MINISTERIO DEL INTERIOR Y TRANSPORTE, SOBRE EL EXAMEN DE LOS ESTADOS CONTABLES DE LA EMPRESA FERROCARRIL BELGRANO S.A., POR LOS EJERCICIOS FINALIZADOS EL 31\/12\/2003-2004-2005-2006."},"('Firmantes', 'FIRMANTE')":{"('0031-PE-2015', 0)":"PARLAMENTARIA MIXTA REVISORA DE CUENTAS"},"('Firmantes', 'DISTRITO')":{"('0031-PE-2015', 0)":null},"('Firmantes', 'BLOQUE')":{"('0031-PE-2015', 0)":null},"Sumario":{"('0031-PE-2015', 0)":"HABIENDO TOMADO CONOCIMIENTO Y SIN PERJUICIO DE ULTERIORES MEDIDAS QUE PUEDAN ADOPTARSE, SE ACONSEJA SU REMISION AL ARCHIVO."},"Palabra Clave":{"('0031-PE-2015', 0)":" "}}