{"Tipo de Proyecto":{"('0031-JGM-2015', 0)":"MENSAJE NRO: 0086\/16","('0031-JGM-2015', 1)":null},"Iniciado en: ":{"('0031-JGM-2015', 0)":"Diputados","('0031-JGM-2015', 1)":null},"Expediente Diputados: ":{"('0031-JGM-2015', 0)":"0031-JGM-2015","('0031-JGM-2015', 1)":null},"Publicado en: ":{"('0031-JGM-2015', 0)":"Tr\u00e1mite Parlamentario N\u00b0 170","('0031-JGM-2015', 1)":null},"Fecha: ":{"('0031-JGM-2015', 0)":"29\/02\/2016","('0031-JGM-2015', 1)":null},"T\u00edtulo":{"('0031-JGM-2015', 0)":"COMUNICACION DEL DECRETO 355\/16 DICTADO EN USO DE FACULTADES DELEGADAS POR EL CUAL SE DEJA SIN EFECTO TRANSITORIAMENTE EL GRAVAMEN PREVISTO EN EL CAPITULO VII DEL TITULO II DE LA LEY DE IMPUESTOS INTERNOS, TEXTO SUSTITUIDO POR LA LEY 24674 Y SUS MODIFICACIONES, PARA EL EXPENDIO DE CHAMPA\u00d1AS.  ","('0031-JGM-2015', 1)":null},"('Firmantes', 'FIRMANTE')":{"('0031-JGM-2015', 0)":"PE\u00d1A, MARCOS","('0031-JGM-2015', 1)":"BURYAILE, RICARDO"},"('Firmantes', 'DISTRITO')":{"('0031-JGM-2015', 0)":null,"('0031-JGM-2015', 1)":null},"('Firmantes', 'BLOQUE')":{"('0031-JGM-2015', 0)":"PODER EJECUTIVO","('0031-JGM-2015', 1)":"PODER EJECUTIVO"},"('Giros', 'COMISI\u00d3N')":{"('0031-JGM-2015', 0)":"BICAMERAL PERMANENTE DE TRAMITE LEGISLATIVO - LEY 26122","('0031-JGM-2015', 1)":null},"('Tramites', 'C\u00c1MARA')":{"('0031-JGM-2015', 0)":"Diputados","('0031-JGM-2015', 1)":"Diputados"},"('Tramites', 'MOVIMIENTO')":{"('0031-JGM-2015', 0)":"CITACION SESION ESPECIAL","('0031-JGM-2015', 1)":"CONSIDERACION Y APROBACION"},"('Tramites', 'FECHA')":{"('0031-JGM-2015', 0)":"06\/04\/2016","('0031-JGM-2015', 1)":"06\/04\/2016"},"('Tramites', 'RESULTADO')":{"('0031-JGM-2015', 0)":null,"('0031-JGM-2015', 1)":"APROBADO"},"Palabra Clave":{"('0031-JGM-2015', 0)":" ","('0031-JGM-2015', 1)":null}}