{"Tipo de Proyecto":{"('0031-S-2015', 0)":"PROYECTO DE LEY"},"Iniciado en: ":{"('0031-S-2015', 0)":"Senado"},"Expediente Senado: ":{"('0031-S-2015', 0)":"0031-S-2015"},"Publicado en: ":{"('0031-S-2015', 0)":"Diario de Asuntos Entrados N\u00b0 2"},"Fecha: ":{"('0031-S-2015', 0)":"02\/03\/2015"},"T\u00edtulo":{"('0031-S-2015', 0)":"MODIFICACION DEL ARTICULO 2\u00ba DE LA LEY 26680 -FONDO PARA LA RECUPERACION DE LA ACTIVIDAD OVINA-, RESPECTO DE LA ACTUALIZACION DEL MISMO."},"('Firmantes', 'FIRMANTE')":{"('0031-S-2015', 0)":"PEREYRA, GUILLERMO JUAN"},"('Firmantes', 'DISTRITO')":{"('0031-S-2015', 0)":"NEUQUEN"},"('Firmantes', 'BLOQUE')":{"('0031-S-2015', 0)":"MOV POP NEUQUINO"},"Link":{"('0031-S-2015', 0)":"http:\/\/www.senado.gov.ar\/parlamentario\/comisiones\/verExp\/31.15\/S\/PL"},"Palabra Clave":{"('0031-S-2015', 0)":" "}}