{"Tipo de Proyecto":{"('0031-D-2015', 0)":"PROYECTO DE LEY","('0031-D-2015', 1)":null},"Iniciado en: ":{"('0031-D-2015', 0)":"Diputados","('0031-D-2015', 1)":null},"Expediente Diputados: ":{"('0031-D-2015', 0)":"0031-D-2015","('0031-D-2015', 1)":null},"Publicado en: ":{"('0031-D-2015', 0)":"Tr\u00e1mite Parlamentario N\u00b0 1","('0031-D-2015', 1)":null},"Fecha: ":{"('0031-D-2015', 0)":"02\/03\/2015","('0031-D-2015', 1)":null},"T\u00edtulo":{"('0031-D-2015', 0)":"\"CAPITAL NACIONAL DE LAS PIEDRAS PRECIOSAS\". SE DECLARA COMO TAL A LA CIUDAD DE WANDA, PROVINCIA DE MISIONES.","('0031-D-2015', 1)":null},"('Firmantes', 'FIRMANTE')":{"('0031-D-2015', 0)":"LEVERBERG, STELLA MARIS","('0031-D-2015', 1)":null},"('Firmantes', 'DISTRITO')":{"('0031-D-2015', 0)":"MISIONES","('0031-D-2015', 1)":null},"('Firmantes', 'BLOQUE')":{"('0031-D-2015', 0)":"FRENTE PARA LA VICTORIA - PJ","('0031-D-2015', 1)":null},"('Giros', 'COMISI\u00d3N')":{"('0031-D-2015', 0)":"MINERIA","('0031-D-2015', 1)":"LEGISLACION GENERAL"},"Link":{"('0031-D-2015', 0)":"https:\/\/www.hcdn.gob.ar\/proyectos\/textoCompleto.jsp?exp=0031-D-2015&tipo=LEY","('0031-D-2015', 1)":null},"Palabra Clave":{"('0031-D-2015', 0)":" ","('0031-D-2015', 1)":null}}