{"Tipo de Proyecto":{"('0032-JGM-2015', 0)":"MENSAJE NRO: 0115\/16","('0032-JGM-2015', 1)":null},"Iniciado en: ":{"('0032-JGM-2015', 0)":"Diputados","('0032-JGM-2015', 1)":null},"Expediente Diputados: ":{"('0032-JGM-2015', 0)":"0032-JGM-2015","('0032-JGM-2015', 1)":null},"Publicado en: ":{"('0032-JGM-2015', 0)":"Tr\u00e1mite Parlamentario N\u00b0 170","('0032-JGM-2015', 1)":null},"Fecha: ":{"('0032-JGM-2015', 0)":"29\/02\/2016","('0032-JGM-2015', 1)":null},"T\u00edtulo":{"('0032-JGM-2015', 0)":"COMUNICACION DEL DECRETO 394\/2016 DICTADO EN USO DE FACULTADES DELEGADAS POR EL CUAL MODIFICA EL ARTICULO 23 DE LA LEY DE IMPUESTO A LAS GANANCIAS - TO 1997 -, SOBRE DEDUCCIONES.  ","('0032-JGM-2015', 1)":null},"('Firmantes', 'FIRMANTE')":{"('0032-JGM-2015', 0)":"PE\u00d1A, MARCOS","('0032-JGM-2015', 1)":"DE PRAT GAY, ALFONSO"},"('Firmantes', 'DISTRITO')":{"('0032-JGM-2015', 0)":null,"('0032-JGM-2015', 1)":null},"('Firmantes', 'BLOQUE')":{"('0032-JGM-2015', 0)":"PODER EJECUTIVO","('0032-JGM-2015', 1)":"PODER EJECUTIVO"},"('Giros', 'COMISI\u00d3N')":{"('0032-JGM-2015', 0)":"BICAMERAL PERMANENTE DE TRAMITE LEGISLATIVO - LEY 26122","('0032-JGM-2015', 1)":null},"('Tramites', 'C\u00c1MARA')":{"('0032-JGM-2015', 0)":"Diputados","('0032-JGM-2015', 1)":null},"('Tramites', 'MOVIMIENTO')":{"('0032-JGM-2015', 0)":"VER TRAMITE DEL DECRETO EN SENADO EN EXPEDIENTE 0478-S-2016","('0032-JGM-2015', 1)":null},"('Tramites', 'FECHA')":{"('0032-JGM-2015', 0)":null,"('0032-JGM-2015', 1)":null},"('Tramites', 'RESULTADO')":{"('0032-JGM-2015', 0)":null,"('0032-JGM-2015', 1)":null},"Palabra Clave":{"('0032-JGM-2015', 0)":" ","('0032-JGM-2015', 1)":null}}