{"Tipo de Proyecto":{"('0033-S-2015', 0)":"PROYECTO DE LEY"},"Iniciado en: ":{"('0033-S-2015', 0)":"Senado"},"Expediente Senado: ":{"('0033-S-2015', 0)":"0033-S-2015"},"Publicado en: ":{"('0033-S-2015', 0)":"Diario de Asuntos Entrados N\u00b0 2"},"Fecha: ":{"('0033-S-2015', 0)":"02\/03\/2015"},"T\u00edtulo":{"('0033-S-2015', 0)":"MODIFICACION DE LA LEY 24193 - TRASPLANTES DE ORGANOS Y MATERIALES ANATOMICOS -, RESPECTO DE LA OBTENCION Y PRESERVACION DE LAS CELULAS MADRE Y LAS FUNCIONES DEL INCUCAI."},"('Firmantes', 'FIRMANTE')":{"('0033-S-2015', 0)":"PEREYRA, GUILLERMO JUAN"},"('Firmantes', 'DISTRITO')":{"('0033-S-2015', 0)":"NEUQUEN"},"('Firmantes', 'BLOQUE')":{"('0033-S-2015', 0)":"MOV POP NEUQUINO"},"Sumario":{"('0033-S-2015', 0)":"SUSTITUCION DEL ARTICULO 1 Y DE LOS INCISOS A), B) E Y) DEL ARTICULO 44."},"Palabra Clave":{"('0033-S-2015', 0)":" "}}