{"Tipo de Proyecto":{"('0033-D-2015', 0)":"PROYECTO DE LEY","('0033-D-2015', 1)":null},"Iniciado en: ":{"('0033-D-2015', 0)":"Diputados","('0033-D-2015', 1)":null},"Expediente Diputados: ":{"('0033-D-2015', 0)":"0033-D-2015","('0033-D-2015', 1)":null},"Publicado en: ":{"('0033-D-2015', 0)":"Tr\u00e1mite Parlamentario N\u00b0 1","('0033-D-2015', 1)":null},"Fecha: ":{"('0033-D-2015', 0)":"02\/03\/2015","('0033-D-2015', 1)":null},"T\u00edtulo":{"('0033-D-2015', 0)":"IMAGEN DE LAS ISLAS MALVINAS; SE DISPONE LA REIMPRESION EN EL REVERSO DEL BILLETE DE PESOS VEINTE DE CURSO LEGAL. ","('0033-D-2015', 1)":null},"('Firmantes', 'FIRMANTE')":{"('0033-D-2015', 0)":"LEVERBERG, STELLA MARIS","('0033-D-2015', 1)":null},"('Firmantes', 'DISTRITO')":{"('0033-D-2015', 0)":"MISIONES","('0033-D-2015', 1)":null},"('Firmantes', 'BLOQUE')":{"('0033-D-2015', 0)":"FRENTE PARA LA VICTORIA - PJ","('0033-D-2015', 1)":null},"('Giros', 'COMISI\u00d3N')":{"('0033-D-2015', 0)":"FINANZAS","('0033-D-2015', 1)":"PRESUPUESTO Y HACIENDA"},"Link":{"('0033-D-2015', 0)":"https:\/\/www.hcdn.gob.ar\/proyectos\/textoCompleto.jsp?exp=0033-D-2015&tipo=LEY","('0033-D-2015', 1)":null},"Palabra Clave":{"('0033-D-2015', 0)":" ","('0033-D-2015', 1)":null}}