{"Tipo de Proyecto":{"('0035-S-2015', 0)":"PROYECTO DE LEY","('0035-S-2015', 1)":null,"('0035-S-2015', 2)":null,"('0035-S-2015', 3)":null,"('0035-S-2015', 4)":null,"('0035-S-2015', 5)":null,"('0035-S-2015', 6)":null},"Iniciado en: ":{"('0035-S-2015', 0)":"Senado","('0035-S-2015', 1)":null,"('0035-S-2015', 2)":null,"('0035-S-2015', 3)":null,"('0035-S-2015', 4)":null,"('0035-S-2015', 5)":null,"('0035-S-2015', 6)":null},"Expediente Diputados: ":{"('0035-S-2015', 0)":"0035-S-2015","('0035-S-2015', 1)":null,"('0035-S-2015', 2)":null,"('0035-S-2015', 3)":null,"('0035-S-2015', 4)":null,"('0035-S-2015', 5)":null,"('0035-S-2015', 6)":null},"Expediente Senado: ":{"('0035-S-2015', 0)":"1167-S-2015","('0035-S-2015', 1)":null,"('0035-S-2015', 2)":null,"('0035-S-2015', 3)":null,"('0035-S-2015', 4)":null,"('0035-S-2015', 5)":null,"('0035-S-2015', 6)":null},"Publicado en: ":{"('0035-S-2015', 0)":"Diario de Asuntos Entrados N\u00b0 59","('0035-S-2015', 1)":null,"('0035-S-2015', 2)":null,"('0035-S-2015', 3)":null,"('0035-S-2015', 4)":null,"('0035-S-2015', 5)":null,"('0035-S-2015', 6)":null},"Fecha: ":{"('0035-S-2015', 0)":"15\/04\/2015","('0035-S-2015', 1)":null,"('0035-S-2015', 2)":null,"('0035-S-2015', 3)":null,"('0035-S-2015', 4)":null,"('0035-S-2015', 5)":null,"('0035-S-2015', 6)":null},"T\u00edtulo":{"('0035-S-2015', 0)":"LEY 23966, IMPUESTO SOBRE LOS COMBUSTIBLES (TEXTO ORDENADO 1998 Y MODIFICATORIAS): MODIFICACIONES INCORPORANDO A DIVERSAS PROVINCIAS Y LOCALIDADES EN LOS BENEFICIOS DE REBAJA DE LOS COMBUSTIBLES.","('0035-S-2015', 1)":null,"('0035-S-2015', 2)":null,"('0035-S-2015', 3)":null,"('0035-S-2015', 4)":null,"('0035-S-2015', 5)":null,"('0035-S-2015', 6)":null},"('Firmantes', 'FIRMANTE')":{"('0035-S-2015', 0)":"PEREYRA, GUILLERMO JUAN","('0035-S-2015', 1)":"PICHETTO, MIGUEL ANGEL","('0035-S-2015', 2)":null,"('0035-S-2015', 3)":null,"('0035-S-2015', 4)":null,"('0035-S-2015', 5)":null,"('0035-S-2015', 6)":null},"('Firmantes', 'DISTRITO')":{"('0035-S-2015', 0)":"NEUQUEN","('0035-S-2015', 1)":"RIO NEGRO","('0035-S-2015', 2)":null,"('0035-S-2015', 3)":null,"('0035-S-2015', 4)":null,"('0035-S-2015', 5)":null,"('0035-S-2015', 6)":null},"('Firmantes', 'BLOQUE')":{"('0035-S-2015', 0)":"MOV POP NEUQUINO","('0035-S-2015', 1)":"FRENTE PARA LA VICTORIA - PJ","('0035-S-2015', 2)":null,"('0035-S-2015', 3)":null,"('0035-S-2015', 4)":null,"('0035-S-2015', 5)":null,"('0035-S-2015', 6)":null},"('Giros', 'COMISI\u00d3N')":{"('0035-S-2015', 0)":"ENERGIA Y COMBUSTIBLES","('0035-S-2015', 1)":"PRESUPUESTO Y HACIENDA","('0035-S-2015', 2)":null,"('0035-S-2015', 3)":null,"('0035-S-2015', 4)":null,"('0035-S-2015', 5)":null,"('0035-S-2015', 6)":null},"('Tramites', 'C\u00c1MARA')":{"('0035-S-2015', 0)":"Senado","('0035-S-2015', 1)":"Senado","('0035-S-2015', 2)":"Diputados","('0035-S-2015', 3)":"Diputados","('0035-S-2015', 4)":"Diputados","('0035-S-2015', 5)":"Diputados","('0035-S-2015', 6)":"Diputados"},"('Tramites', 'MOVIMIENTO')":{"('0035-S-2015', 0)":"CONSIDERACION Y APROBACION CON MODIFICACIONES","('0035-S-2015', 1)":"INSERCION DE LAS SE\u00d1ORAS SENADORAS MONLLAU Y GARCIA LARRABURU","('0035-S-2015', 2)":"PASA A DIPUTADOS -","('0035-S-2015', 3)":"CITACION SESION ESPECIAL","('0035-S-2015', 4)":"MOCION SOBRE TABLAS (AFIRMATIVA)","('0035-S-2015', 5)":"CONSIDERACION Y SANCION","('0035-S-2015', 6)":"INSERCIONES DE LOS DIPUTADOS ALONSO, COMELLI, PARRILLI Y SAN MARTIN"},"('Tramites', 'FECHA')":{"('0035-S-2015', 0)":"27\/05\/2015","('0035-S-2015', 1)":"27\/05\/2015","('0035-S-2015', 2)":null,"('0035-S-2015', 3)":"04\/11\/2015","('0035-S-2015', 4)":"04\/11\/2015","('0035-S-2015', 5)":"04\/11\/2015","('0035-S-2015', 6)":"04\/11\/2015"},"('Tramites', 'RESULTADO')":{"('0035-S-2015', 0)":"MEDIA SANCION","('0035-S-2015', 1)":null,"('0035-S-2015', 2)":null,"('0035-S-2015', 3)":null,"('0035-S-2015', 4)":null,"('0035-S-2015', 5)":"SANCIONADO","('0035-S-2015', 6)":null},"Sumario":{"('0035-S-2015', 0)":"SUSTITUCION DEL INCISO D) DEL ARTICULO 7: CUANDO SE DESTINEN AL CONSUMO EN LA SIGUENTE AREA DE INFLUENCIA DE LA REPUBLICA ARGENTINA: PROVINCIAS DEL NEUQUEN, RIO NEGRO, CHUBUT, SANTA CRUZ Y TIERRA DEL FUEGO, ANTARTIDA E ISLAS DEL ATLANTICO SUR, DEL EJIDO MUNICIPAL DE LA LOCALIDAD DE LA ADELA, PROVINCIA DE LA PAMPA, Y DEL PARTIDO DE PATAGONES, PROVINCIA DE BUENOS AIRES.","('0035-S-2015', 1)":null,"('0035-S-2015', 2)":null,"('0035-S-2015', 3)":null,"('0035-S-2015', 4)":null,"('0035-S-2015', 5)":null,"('0035-S-2015', 6)":null},"Palabra Clave":{"('0035-S-2015', 0)":" ","('0035-S-2015', 1)":null,"('0035-S-2015', 2)":null,"('0035-S-2015', 3)":null,"('0035-S-2015', 4)":null,"('0035-S-2015', 5)":null,"('0035-S-2015', 6)":null}}