{"Tipo de Proyecto":{"('0035-OV-2015', 0)":"PROYECTO DE RESOLUCI\u00d3N"},"Iniciado en: ":{"('0035-OV-2015', 0)":"Senado"},"Expediente Senado: ":{"('0035-OV-2015', 0)":"0035-OV-2015"},"Fecha: ":{"('0035-OV-2015', 0)":"15\/09\/2015"},"T\u00edtulo":{"('0035-OV-2015', 0)":"RESOLUCION REMITIDA POR LA AUDITORIA GENERAL DE LA NACION 33\/15, APROBANDO EL INFORME  DE EXAMEN ESPECIAL REFERIDO A LA VERIFICACION  DEL CUMPLIMIENTO DE LA CIRCULAR 3\/93 AGN, RESPECTO DE LA INFORMACION SUMINISTRADA POR EL INSTITUTO NACIONAL CONTRA LA DISCRIMINACION, LA XENOFOBIA Y EL RACISMO (INADI) SOBRE CONTRATACIONES RELEVANTES, CONTRATACIONES NO SIGNIFICATIVAS Y ACTOS DE SIGNIFICACION ECONOMICA, EN EL PERIODO COMPRENDIDO ENTRE EL 01 DE ENERO DE 2012 Y EL 31 DE DICIEMBRE DE 2012."},"('Firmantes', 'FIRMANTE')":{"('0035-OV-2015', 0)":"PARLAMENTARIA MIXTA REVISORA DE CUENTAS"},"('Firmantes', 'DISTRITO')":{"('0035-OV-2015', 0)":null},"('Firmantes', 'BLOQUE')":{"('0035-OV-2015', 0)":null},"('Tramites', 'C\u00c1MARA')":{"('0035-OV-2015', 0)":"Senado"},"('Tramites', 'MOVIMIENTO')":{"('0035-OV-2015', 0)":"CONSIDERACION Y APROBACION (AL ARCHIVO)"},"('Tramites', 'FECHA')":{"('0035-OV-2015', 0)":"02\/11\/2016"},"('Tramites', 'RESULTADO')":{"('0035-OV-2015', 0)":"APROBADO"},"Sumario":{"('0035-OV-2015', 0)":"HABIENDO TOMADO CONOCIMIENTO Y SIN PERJUICIO DE ULTERIORES MEDIDAS QUE PUEDAN ADOPTARSE, SE ACONSEJA SU REMISION AL ARCHIVO."},"Palabra Clave":{"('0035-OV-2015', 0)":" "}}