{"Tipo de Proyecto":{"('0035-PE-2015', 0)":"MENSAJE NRO \/ A\u00d1O"},"Iniciado en: ":{"('0035-PE-2015', 0)":"Senado"},"Expediente Senado: ":{"('0035-PE-2015', 0)":"0035-PE-2015"},"Fecha: ":{"('0035-PE-2015', 0)":"03\/12\/2015"},"T\u00edtulo":{"('0035-PE-2015', 0)":"JEFATURA DE GABINETE DE MINISTROS REMITE RESPUESTA ENVIADA POR EL MINISTERIO DE EDUCACION, SOBRE AMBIENTE DE CONTROL Y EJECUCION PRESUPUESTARIA EN EL AMBITO DE LA FACULTAD DE CIENCIAS ECONOMICAS DE LA UNIVERSIDAD DE BUENOS AIRES"},"('Firmantes', 'FIRMANTE')":{"('0035-PE-2015', 0)":"PARLAMENTARIA MIXTA REVISORA DE CUENTAS"},"('Firmantes', 'DISTRITO')":{"('0035-PE-2015', 0)":null},"('Firmantes', 'BLOQUE')":{"('0035-PE-2015', 0)":null},"('Tramites', 'C\u00c1MARA')":{"('0035-PE-2015', 0)":"Senado"},"('Tramites', 'MOVIMIENTO')":{"('0035-PE-2015', 0)":"CONSIDERACION Y APROBACION"},"('Tramites', 'FECHA')":{"('0035-PE-2015', 0)":"02\/11\/2016"},"('Tramites', 'RESULTADO')":{"('0035-PE-2015', 0)":"APROBADO"},"Sumario":{"('0035-PE-2015', 0)":"HABIENDO TOMADO CONOCIMIENTO Y SIN PERJUICIO DE ULTERIORES MEDIDAS QUE PUEDAN ADOPTARSE, SE ACONSEJA SU REMISION AL ARCHIVO."},"Palabra Clave":{"('0035-PE-2015', 0)":" "}}