{"Tipo de Proyecto":{"('0035-D-2015', 0)":"PROYECTO DE RESOLUCI\u00d3N"},"Iniciado en: ":{"('0035-D-2015', 0)":"Diputados"},"Expediente Diputados: ":{"('0035-D-2015', 0)":"0035-D-2015"},"Publicado en: ":{"('0035-D-2015', 0)":"Tr\u00e1mite Parlamentario N\u00b0 1"},"Fecha: ":{"('0035-D-2015', 0)":"02\/03\/2015"},"T\u00edtulo":{"('0035-D-2015', 0)":"DECLARAR DE INTERES DE LA H. CAMARA EL \" ULTRA MTB PEPIRI \"CARRERA INTERNACIONAL DE MOUNTAIN BIKE, A REALIZARSE LOS DIAS 22 Y 23 DE MARZO DE 2015 EN LA CIUDAD DE SAN PEDRO, PROVINCIA DE MISIONES."},"('Firmantes', 'FIRMANTE')":{"('0035-D-2015', 0)":"LEVERBERG, STELLA MARIS"},"('Firmantes', 'DISTRITO')":{"('0035-D-2015', 0)":"MISIONES"},"('Firmantes', 'BLOQUE')":{"('0035-D-2015', 0)":"FRENTE PARA LA VICTORIA - PJ"},"('Giros', 'COMISI\u00d3N')":{"('0035-D-2015', 0)":"DEPORTES"},"('Tramites', 'C\u00c1MARA')":{"('0035-D-2015', 0)":"Diputados"},"('Tramites', 'MOVIMIENTO')":{"('0035-D-2015', 0)":"APROBACION ARTICULO 114 DEL REGLAMENTO DE LA H CAMARA DE DIPUTADOS; COMUNICADO EL 11\/06\/2015"},"('Tramites', 'FECHA')":{"('0035-D-2015', 0)":null},"('Tramites', 'RESULTADO')":{"('0035-D-2015', 0)":"APROBADO"},"Link":{"('0035-D-2015', 0)":"https:\/\/www.hcdn.gob.ar\/proyectos\/textoCompleto.jsp?exp=0035-D-2015&tipo=RESOLUCION"},"Palabra Clave":{"('0035-D-2015', 0)":" "}}