{"Tipo de Proyecto":{"('0037-PE-2015', 0)":"MENSAJE NRO \/ A\u00d1O"},"Iniciado en: ":{"('0037-PE-2015', 0)":"Senado"},"Expediente Senado: ":{"('0037-PE-2015', 0)":"0037-PE-2015"},"Fecha: ":{"('0037-PE-2015', 0)":"15\/09\/2015"},"T\u00edtulo":{"('0037-PE-2015', 0)":"JEFATURA DE GABINETE DE MINISTROS REMITE RESPUESTA ENVIADA POR LA SECRETARIA DE MEDIOS DE COMUNICACION SOBRE LA AUDITORIA REALIZADA EN EL AMBITO DEL COMITE FEDERAL DE RADIODIFUSION Y EN LA COMISION NACIONAL DE COMUNICACIONES, CONTROLES EJERCIDOS RESPECTO DE LOS LICENCIATARIOS DEL SERVICIO DE CIRCUITO CERRADO DE TV POR CABLE - GESTION - PERIODO AUDITADO: 01 DE ENERO DE 2007 AL 30 DE MARZO DE 2009."},"('Firmantes', 'FIRMANTE')":{"('0037-PE-2015', 0)":"PARLAMENTARIA MIXTA REVISORA DE CUENTAS"},"('Firmantes', 'DISTRITO')":{"('0037-PE-2015', 0)":null},"('Firmantes', 'BLOQUE')":{"('0037-PE-2015', 0)":null},"('Tramites', 'C\u00c1MARA')":{"('0037-PE-2015', 0)":"Senado"},"('Tramites', 'MOVIMIENTO')":{"('0037-PE-2015', 0)":"CONSIDERACION Y APROBACION (AL ARCHIVO)"},"('Tramites', 'FECHA')":{"('0037-PE-2015', 0)":"02\/11\/2016"},"('Tramites', 'RESULTADO')":{"('0037-PE-2015', 0)":"APROBADO"},"Sumario":{"('0037-PE-2015', 0)":"HABIENDO TOMADO CONOCIMIENTO Y SIN PERJUICIO DE ULTERIORES MEDIDAS QUE PUEDAN ADOPTARSE, SE ACONSEJA SU REMISION AL ARCHIVO."},"Palabra Clave":{"('0037-PE-2015', 0)":" "}}