{"Tipo de Proyecto":{"('0039-D-2015', 0)":"PROYECTO DE LEY","('0039-D-2015', 1)":null,"('0039-D-2015', 2)":null},"Iniciado en: ":{"('0039-D-2015', 0)":"Diputados","('0039-D-2015', 1)":null,"('0039-D-2015', 2)":null},"Expediente Diputados: ":{"('0039-D-2015', 0)":"0039-D-2015","('0039-D-2015', 1)":null,"('0039-D-2015', 2)":null},"Publicado en: ":{"('0039-D-2015', 0)":"Tr\u00e1mite Parlamentario N\u00b0 1","('0039-D-2015', 1)":null,"('0039-D-2015', 2)":null},"Fecha: ":{"('0039-D-2015', 0)":"02\/03\/2015","('0039-D-2015', 1)":null,"('0039-D-2015', 2)":null},"T\u00edtulo":{"('0039-D-2015', 0)":"EXPLOTACIONES AGROPECUARIAS DESTINADAS A LA FRUTI-HORTICULTURA UBICADAS EN TODO EL TERRITORIO DE LA REPUBLICA. SE DECLARA LA EMERGENCIA ECONOMICA POR EL TERMINO DE CIENTO OCHENTA - 180 - DIAS PRORROGABLES.","('0039-D-2015', 1)":null,"('0039-D-2015', 2)":null},"('Firmantes', 'FIRMANTE')":{"('0039-D-2015', 0)":"ASSEFF, ALBERTO EMILIO","('0039-D-2015', 1)":null,"('0039-D-2015', 2)":null},"('Firmantes', 'DISTRITO')":{"('0039-D-2015', 0)":"BUENOS AIRES","('0039-D-2015', 1)":null,"('0039-D-2015', 2)":null},"('Firmantes', 'BLOQUE')":{"('0039-D-2015', 0)":"UNIR","('0039-D-2015', 1)":null,"('0039-D-2015', 2)":null},"('Giros', 'COMISI\u00d3N')":{"('0039-D-2015', 0)":"AGRICULTURA Y GANADERIA","('0039-D-2015', 1)":"JUSTICIA","('0039-D-2015', 2)":"PRESUPUESTO Y HACIENDA"},"Link":{"('0039-D-2015', 0)":"https:\/\/www.hcdn.gob.ar\/proyectos\/textoCompleto.jsp?exp=0039-D-2015&tipo=LEY","('0039-D-2015', 1)":null,"('0039-D-2015', 2)":null},"Palabra Clave":{"('0039-D-2015', 0)":" ","('0039-D-2015', 1)":null,"('0039-D-2015', 2)":null}}