{"Tipo de Proyecto":{"('0039-S-2015', 0)":"PROYECTO DE LEY"},"Iniciado en: ":{"('0039-S-2015', 0)":"Senado"},"Expediente Senado: ":{"('0039-S-2015', 0)":"0039-S-2015"},"Publicado en: ":{"('0039-S-2015', 0)":"Diario de Asuntos Entrados N\u00b0 2"},"Fecha: ":{"('0039-S-2015', 0)":"02\/03\/2015"},"T\u00edtulo":{"('0039-S-2015', 0)":"INSTITUIR COMO DIA DEL PADRE EL 24 DE AGOSTO DE CADA A\u00d1O, A CONMEMORARSE EL TERCER DOMINGO DE AGOSTO."},"('Firmantes', 'FIRMANTE')":{"('0039-S-2015', 0)":"PEREYRA, GUILLERMO JUAN"},"('Firmantes', 'DISTRITO')":{"('0039-S-2015', 0)":"NEUQUEN"},"('Firmantes', 'BLOQUE')":{"('0039-S-2015', 0)":"MOV POP NEUQUINO"},"Link":{"('0039-S-2015', 0)":"http:\/\/www.senado.gov.ar\/parlamentario\/comisiones\/verExp\/39.15\/S\/PL"},"Palabra Clave":{"('0039-S-2015', 0)":" "}}