{"Tipo de Proyecto":{"('0039-PE-2015', 0)":"MENSAJE NRO \/ A\u00d1O"},"Iniciado en: ":{"('0039-PE-2015', 0)":"Senado"},"Expediente Senado: ":{"('0039-PE-2015', 0)":"0039-PE-2015"},"Fecha: ":{"('0039-PE-2015', 0)":"15\/09\/2015"},"T\u00edtulo":{"('0039-PE-2015', 0)":"JEFATURA DE GABINETE DE MINISTROS REMITE RESPUESTA EN RELACION A LA RESOLUCION DEL H. CONGRESO DE LA NACION (0154-S-12) ENVIADA POR EL MINISTERIO DE AGRICULTURA, GANADERIA Y PESCA, SOBRE LA GESTION DEL PROGRAMA MERCOSUR LIBRE DE AFTOSA (PAMA), EN EL AMBITO DEL FONDO PARA LA CONVERGENCIA ESTRUCTURAL DEL MERCOSUR (FOCEM)."},"('Firmantes', 'FIRMANTE')":{"('0039-PE-2015', 0)":"PARLAMENTARIA MIXTA REVISORA DE CUENTAS"},"('Firmantes', 'DISTRITO')":{"('0039-PE-2015', 0)":null},"('Firmantes', 'BLOQUE')":{"('0039-PE-2015', 0)":null},"('Tramites', 'C\u00c1MARA')":{"('0039-PE-2015', 0)":"Senado"},"('Tramites', 'MOVIMIENTO')":{"('0039-PE-2015', 0)":"CONSIDERACION Y APROBACION (AL ARCHIVO)"},"('Tramites', 'FECHA')":{"('0039-PE-2015', 0)":"02\/11\/2016"},"('Tramites', 'RESULTADO')":{"('0039-PE-2015', 0)":"APROBADO"},"Sumario":{"('0039-PE-2015', 0)":"HABIENDO TOMADO CONOCIMIENTO Y SIN PERJUICIO DE ULTERIORES MEDIDAS QUE PUEDAN ADOPTARSE, SE ACONSEJA SU REMISION AL ARCHIVO."},"Palabra Clave":{"('0039-PE-2015', 0)":" "}}