{"Tipo de Proyecto":{"('0040-OV-2015', 0)":"PROYECTO DE RESOLUCI\u00d3N"},"Iniciado en: ":{"('0040-OV-2015', 0)":"Senado"},"Expediente Senado: ":{"('0040-OV-2015', 0)":"0040-OV-2015"},"Fecha: ":{"('0040-OV-2015', 0)":"30\/11\/2017"},"T\u00edtulo":{"('0040-OV-2015', 0)":"RESOLUCION REMITIDA POR LA AUDITORIA GENERAL DE LA NACION 39\/15, EMITIENDO DICTAMEN SOBRE LAS CUESTIONES EMERGENTES DEL EJERCICIO DE CONTROL EXTERNO DE LA MISMA, REFERIDO AL INCUMPLIMIENTO DE BRINDAR INFORMACION Y A LA AUSENCIA DE RESPUESTA ARGUMENTANDO LA INTERPOSICION DE LA FIGURA DEL \"SECRETO FISCAL\", VINCULADA A LA CUENTA DE INVERSION 2013 - ADMINISTRACION FEDERAL DE INGRESOS PUBLICOS (AFIP)."},"('Firmantes', 'FIRMANTE')":{"('0040-OV-2015', 0)":"PARLAMENTARIA MIXTA REVISORA DE CUENTAS"},"('Firmantes', 'DISTRITO')":{"('0040-OV-2015', 0)":null},"('Firmantes', 'BLOQUE')":{"('0040-OV-2015', 0)":null},"Sumario":{"('0040-OV-2015', 0)":"HABIENDO TOMADO CONOCIMIENTO Y SIN PERJUICIO DE ULTERIORES MEDIDAS QUE PUEDAN ADOPTARSE, SE ACONSEJA SU REMISION AL ARCHIVO."},"Palabra Clave":{"('0040-OV-2015', 0)":" "}}