{"Tipo de Proyecto":{"('0040-S-2015', 0)":"PROYECTO DE LEY","('0040-S-2015', 1)":null,"('0040-S-2015', 2)":null},"Iniciado en: ":{"('0040-S-2015', 0)":"Senado","('0040-S-2015', 1)":null,"('0040-S-2015', 2)":null},"Expediente Diputados: ":{"('0040-S-2015', 0)":"0040-S-2015","('0040-S-2015', 1)":null,"('0040-S-2015', 2)":null},"Expediente Senado: ":{"('0040-S-2015', 0)":"1327-S-2015","('0040-S-2015', 1)":null,"('0040-S-2015', 2)":null},"Publicado en: ":{"('0040-S-2015', 0)":"Diario de Asuntos Entrados N\u00b0 67","('0040-S-2015', 1)":null,"('0040-S-2015', 2)":null},"Fecha: ":{"('0040-S-2015', 0)":"27\/04\/2015","('0040-S-2015', 1)":null,"('0040-S-2015', 2)":null},"T\u00edtulo":{"('0040-S-2015', 0)":"DECLARAR ZONA DE DESASTRE, EMERGENCIA ECONOMICA Y SOCIAL, A LOS MUNICIPIOS DE LA PROVINCIA DEL NEUQUEN Y RIO NEGRO AFECTADOS POR LAS CENIZAS VOLCANICAS PROVENIENTES DE LA ERUPCION DEL VOLCAN CALBUCO, EN LA REPUBLICA DE CHILE. ","('0040-S-2015', 1)":null,"('0040-S-2015', 2)":null},"('Firmantes', 'FIRMANTE')":{"('0040-S-2015', 0)":"CREXELL, CARMEN LUCILA","('0040-S-2015', 1)":null,"('0040-S-2015', 2)":null},"('Firmantes', 'DISTRITO')":{"('0040-S-2015', 0)":"NEUQUEN","('0040-S-2015', 1)":null,"('0040-S-2015', 2)":null},"('Firmantes', 'BLOQUE')":{"('0040-S-2015', 0)":"MOV POP NEUQUINO","('0040-S-2015', 1)":null,"('0040-S-2015', 2)":null},"('Giros', 'COMISI\u00d3N')":{"('0040-S-2015', 0)":"ACCION SOCIAL Y SALUD PUBLICA","('0040-S-2015', 1)":"PRESUPUESTO Y HACIENDA","('0040-S-2015', 2)":null},"('Tramites', 'C\u00c1MARA')":{"('0040-S-2015', 0)":"Senado","('0040-S-2015', 1)":"Senado","('0040-S-2015', 2)":"Diputados"},"('Tramites', 'MOVIMIENTO')":{"('0040-S-2015', 0)":"MOCION SOBRE TABLAS (AFIRMATIVA) CONJUNTAMENTE PARA LOS EXPEDIENTES 0040-S-2015, 1327-S-2015, 1330-S-2015, 1332-S-2015, 1341-S-2015 y 1389-S-2015","('0040-S-2015', 1)":"CONSIDERACION Y APROBACION CONJUNTAMENTE PARA LOS EXPEDIENTES 0040-S-2015, 1327-S-2015, 1330-S-2015, 1332-S-2015, 1341-S-2015 y 1389-S-2015","('0040-S-2015', 2)":"PASA A DIPUTADOS - CONJUNTAMENTE PARA LOS EXPEDIENTES 0040-S-2015, 1327-S-2015, 1330-S-2015, 1332-S-2015, 1341-S-2015 y 1389-S-2015"},"('Tramites', 'FECHA')":{"('0040-S-2015', 0)":"27\/05\/2015","('0040-S-2015', 1)":"27\/05\/2015","('0040-S-2015', 2)":null},"('Tramites', 'RESULTADO')":{"('0040-S-2015', 0)":null,"('0040-S-2015', 1)":"MEDIA SANCION","('0040-S-2015', 2)":null},"Link":{"('0040-S-2015', 0)":"http:\/\/www.senado.gov.ar\/parlamentario\/comisiones\/verExp\/1327.15\/S\/PL","('0040-S-2015', 1)":null,"('0040-S-2015', 2)":null},"Palabra Clave":{"('0040-S-2015', 0)":" ","('0040-S-2015', 1)":null,"('0040-S-2015', 2)":null}}