{"Tipo de Proyecto":{"('0041-S-2015', 0)":"PROYECTO DE LEY","('0041-S-2015', 1)":null,"('0041-S-2015', 2)":null,"('0041-S-2015', 3)":null,"('0041-S-2015', 4)":null,"('0041-S-2015', 5)":null,"('0041-S-2015', 6)":null,"('0041-S-2015', 7)":null,"('0041-S-2015', 8)":null},"Iniciado en: ":{"('0041-S-2015', 0)":"Senado","('0041-S-2015', 1)":null,"('0041-S-2015', 2)":null,"('0041-S-2015', 3)":null,"('0041-S-2015', 4)":null,"('0041-S-2015', 5)":null,"('0041-S-2015', 6)":null,"('0041-S-2015', 7)":null,"('0041-S-2015', 8)":null},"Expediente Senado: ":{"('0041-S-2015', 0)":"0041-S-2015","('0041-S-2015', 1)":null,"('0041-S-2015', 2)":null,"('0041-S-2015', 3)":null,"('0041-S-2015', 4)":null,"('0041-S-2015', 5)":null,"('0041-S-2015', 6)":null,"('0041-S-2015', 7)":null,"('0041-S-2015', 8)":null},"Publicado en: ":{"('0041-S-2015', 0)":"Diario de Asuntos Entrados N\u00b0 2","('0041-S-2015', 1)":null,"('0041-S-2015', 2)":null,"('0041-S-2015', 3)":null,"('0041-S-2015', 4)":null,"('0041-S-2015', 5)":null,"('0041-S-2015', 6)":null,"('0041-S-2015', 7)":null,"('0041-S-2015', 8)":null},"Fecha: ":{"('0041-S-2015', 0)":"02\/03\/2015","('0041-S-2015', 1)":null,"('0041-S-2015', 2)":null,"('0041-S-2015', 3)":null,"('0041-S-2015', 4)":null,"('0041-S-2015', 5)":null,"('0041-S-2015', 6)":null,"('0041-S-2015', 7)":null,"('0041-S-2015', 8)":null},"T\u00edtulo":{"('0041-S-2015', 0)":"MODIFICACION DEL ARTICULO 7 DE LA LEY 27063 (CODIGO PROCESAL PENAL DE LA NACION), SUS REGLAMENTARIAS Y S\/M., RESPECTO DE CREAR UNA COMISION BICAMERAL DE MONITOREO E IMPLEMENTACION DEL NUEVO CODIGO PROCESAL PENAL DE LA NACION EN EL AMBITO DEL CONGRESO NACIONAL.","('0041-S-2015', 1)":null,"('0041-S-2015', 2)":null,"('0041-S-2015', 3)":null,"('0041-S-2015', 4)":null,"('0041-S-2015', 5)":null,"('0041-S-2015', 6)":null,"('0041-S-2015', 7)":null,"('0041-S-2015', 8)":null},"('Firmantes', 'FIRMANTE')":{"('0041-S-2015', 0)":"MORALES, GERARDO RUBEN","('0041-S-2015', 1)":"ARTAZA, EUGENIO JUSTINIANO","('0041-S-2015', 2)":"BORELLO, MARTA","('0041-S-2015', 3)":"CASTILLO, OSCAR ANIBAL","('0041-S-2015', 4)":"ELIAS DE PEREZ, SILVIA BEATRIZ","('0041-S-2015', 5)":"MARTINEZ, ALFREDO ANSELMO","('0041-S-2015', 6)":"MONLLAU, BLANCA MARIA DEL VALLE","('0041-S-2015', 7)":"PETCOFF NAIDENOFF, LUIS CARLOS","('0041-S-2015', 8)":"SANZ, ERNESTO RICARDO"},"('Firmantes', 'DISTRITO')":{"('0041-S-2015', 0)":"JUJUY","('0041-S-2015', 1)":"CORRIENTES","('0041-S-2015', 2)":"CORDOBA","('0041-S-2015', 3)":"CATAMARCA","('0041-S-2015', 4)":"TUCUMAN","('0041-S-2015', 5)":"SANTA CRUZ","('0041-S-2015', 6)":"CATAMARCA","('0041-S-2015', 7)":"FORMOSA","('0041-S-2015', 8)":"MENDOZA"},"('Firmantes', 'BLOQUE')":{"('0041-S-2015', 0)":"UCR","('0041-S-2015', 1)":"UCR","('0041-S-2015', 2)":"UCR","('0041-S-2015', 3)":"FRENTE CIVICO Y SOCIAL DE CATAMARCA","('0041-S-2015', 4)":"UCR","('0041-S-2015', 5)":"UCR","('0041-S-2015', 6)":"FRENTE CIVICO Y SOCIAL DE CATAMARCA","('0041-S-2015', 7)":"UCR","('0041-S-2015', 8)":"UCR"},"Sumario":{"('0041-S-2015', 0)":"DEROGAR EL ARTICULO 8 Y EL ANEXO II.","('0041-S-2015', 1)":null,"('0041-S-2015', 2)":null,"('0041-S-2015', 3)":null,"('0041-S-2015', 4)":null,"('0041-S-2015', 5)":null,"('0041-S-2015', 6)":null,"('0041-S-2015', 7)":null,"('0041-S-2015', 8)":null},"Palabra Clave":{"('0041-S-2015', 0)":" ","('0041-S-2015', 1)":null,"('0041-S-2015', 2)":null,"('0041-S-2015', 3)":null,"('0041-S-2015', 4)":null,"('0041-S-2015', 5)":null,"('0041-S-2015', 6)":null,"('0041-S-2015', 7)":null,"('0041-S-2015', 8)":null}}