{"Tipo de Proyecto":{"('0042-S-2015', 0)":"PROYECTO DE LEY","('0042-S-2015', 1)":null,"('0042-S-2015', 2)":null,"('0042-S-2015', 3)":null,"('0042-S-2015', 4)":null,"('0042-S-2015', 5)":null,"('0042-S-2015', 6)":null,"('0042-S-2015', 7)":null,"('0042-S-2015', 8)":null},"Iniciado en: ":{"('0042-S-2015', 0)":"Senado","('0042-S-2015', 1)":null,"('0042-S-2015', 2)":null,"('0042-S-2015', 3)":null,"('0042-S-2015', 4)":null,"('0042-S-2015', 5)":null,"('0042-S-2015', 6)":null,"('0042-S-2015', 7)":null,"('0042-S-2015', 8)":null},"Expediente Senado: ":{"('0042-S-2015', 0)":"0042-S-2015","('0042-S-2015', 1)":null,"('0042-S-2015', 2)":null,"('0042-S-2015', 3)":null,"('0042-S-2015', 4)":null,"('0042-S-2015', 5)":null,"('0042-S-2015', 6)":null,"('0042-S-2015', 7)":null,"('0042-S-2015', 8)":null},"Publicado en: ":{"('0042-S-2015', 0)":"Diario de Asuntos Entrados N\u00b0 3","('0042-S-2015', 1)":null,"('0042-S-2015', 2)":null,"('0042-S-2015', 3)":null,"('0042-S-2015', 4)":null,"('0042-S-2015', 5)":null,"('0042-S-2015', 6)":null,"('0042-S-2015', 7)":null,"('0042-S-2015', 8)":null},"Fecha: ":{"('0042-S-2015', 0)":"02\/03\/2015","('0042-S-2015', 1)":null,"('0042-S-2015', 2)":null,"('0042-S-2015', 3)":null,"('0042-S-2015', 4)":null,"('0042-S-2015', 5)":null,"('0042-S-2015', 6)":null,"('0042-S-2015', 7)":null,"('0042-S-2015', 8)":null},"T\u00edtulo":{"('0042-S-2015', 0)":"DEROGACION DE LA LEY 26843 (MEMORANDUM DE ENTENDIMIENTO ENTRE EL GOBIERNO DE LA REPUBLICA ARGENTINA Y EL GOBIERNO DE LA REPUBLICA ISLAMICA DE IRAN).","('0042-S-2015', 1)":null,"('0042-S-2015', 2)":null,"('0042-S-2015', 3)":null,"('0042-S-2015', 4)":null,"('0042-S-2015', 5)":null,"('0042-S-2015', 6)":null,"('0042-S-2015', 7)":null,"('0042-S-2015', 8)":null},"('Firmantes', 'FIRMANTE')":{"('0042-S-2015', 0)":"MORALES, GERARDO RUBEN","('0042-S-2015', 1)":"ARTAZA, EUGENIO JUSTINIANO","('0042-S-2015', 2)":"BORELLO, MARTA","('0042-S-2015', 3)":"CASTILLO, OSCAR ANIBAL","('0042-S-2015', 4)":"ELIAS DE PEREZ, SILVIA BEATRIZ","('0042-S-2015', 5)":"MARTINEZ, ALFREDO ANSELMO","('0042-S-2015', 6)":"MONLLAU, BLANCA MARIA DEL VALLE","('0042-S-2015', 7)":"PETCOFF NAIDENOFF, LUIS CARLOS","('0042-S-2015', 8)":"SANZ, ERNESTO RICARDO"},"('Firmantes', 'DISTRITO')":{"('0042-S-2015', 0)":"JUJUY","('0042-S-2015', 1)":"CORRIENTES","('0042-S-2015', 2)":"CORDOBA","('0042-S-2015', 3)":"CATAMARCA","('0042-S-2015', 4)":"TUCUMAN","('0042-S-2015', 5)":"SANTA CRUZ","('0042-S-2015', 6)":"CATAMARCA","('0042-S-2015', 7)":"FORMOSA","('0042-S-2015', 8)":"MENDOZA"},"('Firmantes', 'BLOQUE')":{"('0042-S-2015', 0)":"UCR","('0042-S-2015', 1)":"UCR","('0042-S-2015', 2)":"UCR","('0042-S-2015', 3)":"FRENTE CIVICO Y SOCIAL DE CATAMARCA","('0042-S-2015', 4)":"UCR","('0042-S-2015', 5)":"UCR","('0042-S-2015', 6)":"FRENTE CIVICO Y SOCIAL DE CATAMARCA","('0042-S-2015', 7)":"UCR","('0042-S-2015', 8)":"UCR"},"Link":{"('0042-S-2015', 0)":"http:\/\/www.senado.gov.ar\/parlamentario\/comisiones\/verExp\/42.15\/S\/PL","('0042-S-2015', 1)":null,"('0042-S-2015', 2)":null,"('0042-S-2015', 3)":null,"('0042-S-2015', 4)":null,"('0042-S-2015', 5)":null,"('0042-S-2015', 6)":null,"('0042-S-2015', 7)":null,"('0042-S-2015', 8)":null},"Palabra Clave":{"('0042-S-2015', 0)":" ","('0042-S-2015', 1)":null,"('0042-S-2015', 2)":null,"('0042-S-2015', 3)":null,"('0042-S-2015', 4)":null,"('0042-S-2015', 5)":null,"('0042-S-2015', 6)":null,"('0042-S-2015', 7)":null,"('0042-S-2015', 8)":null}}