{"Tipo de Proyecto":{"('0043-S-2015', 0)":"PROYECTO DE DECLARACI\u00d3N","('0043-S-2015', 1)":null},"Iniciado en: ":{"('0043-S-2015', 0)":"Senado","('0043-S-2015', 1)":null},"Expediente Senado: ":{"('0043-S-2015', 0)":"0043-S-2015","('0043-S-2015', 1)":null},"Publicado en: ":{"('0043-S-2015', 0)":"Diario de Asuntos Entrados N\u00b0 3","('0043-S-2015', 1)":null},"Fecha: ":{"('0043-S-2015', 0)":"02\/03\/2015","('0043-S-2015', 1)":null},"T\u00edtulo":{"('0043-S-2015', 0)":"ADHERIR A LA CONMEMORACION DE UN NUEVO ANIVERSARIO DEL DIA MUNDIAL DE LA POESIA, EL 21 DE MARZO DE 2015.\n","('0043-S-2015', 1)":null},"('Firmantes', 'FIRMANTE')":{"('0043-S-2015', 0)":"BERMEJO, ROLANDO ADOLFO","('0043-S-2015', 1)":null},"('Firmantes', 'DISTRITO')":{"('0043-S-2015', 0)":"MENDOZA","('0043-S-2015', 1)":null},"('Firmantes', 'BLOQUE')":{"('0043-S-2015', 0)":"FRENTE PARA LA VICTORIA - PJ","('0043-S-2015', 1)":null},"('Tramites', 'C\u00c1MARA')":{"('0043-S-2015', 0)":"Senado","('0043-S-2015', 1)":"Senado"},"('Tramites', 'MOVIMIENTO')":{"('0043-S-2015', 0)":"MOCION SOBRE TABLAS (AFIRMATIVA) CONJUNTAMENTE PARA LOS EXPEDIENTES 0043-S-2015 y 0914-S-2015","('0043-S-2015', 1)":"CONSIDERACION Y APROBACION (TEXTO UNIFICADO) CONJUNTAMENTE PARA LOS EXPEDIENTES 0043-S-2015 y 0914-S-2015"},"('Tramites', 'FECHA')":{"('0043-S-2015', 0)":"27\/05\/2015","('0043-S-2015', 1)":"27\/05\/2015"},"('Tramites', 'RESULTADO')":{"('0043-S-2015', 0)":null,"('0043-S-2015', 1)":"APROBADO"},"Link":{"('0043-S-2015', 0)":"http:\/\/www.senado.gov.ar\/parlamentario\/comisiones\/verExp\/43.15\/S\/PD","('0043-S-2015', 1)":null},"Palabra Clave":{"('0043-S-2015', 0)":" ","('0043-S-2015', 1)":null}}