{"Tipo de Proyecto":{"('0045-D-2015', 0)":"PROYECTO DE RESOLUCI\u00d3N"},"Iniciado en: ":{"('0045-D-2015', 0)":"Diputados"},"Expediente Diputados: ":{"('0045-D-2015', 0)":"0045-D-2015"},"Publicado en: ":{"('0045-D-2015', 0)":"Tr\u00e1mite Parlamentario N\u00b0 1"},"Fecha: ":{"('0045-D-2015', 0)":"02\/03\/2015"},"T\u00edtulo":{"('0045-D-2015', 0)":"PEDIDO DE INFORMES AL PODER EJECUTIVO SOBRE DIVERSAS CUESTIONES RELACIONADAS CON LOS AVANCES ESTRATEGICOS DE LA TECNOLOGIA NACIONAL PARA EL A\u00d1O 2015."},"('Firmantes', 'FIRMANTE')":{"('0045-D-2015', 0)":"ASSEFF, ALBERTO EMILIO"},"('Firmantes', 'DISTRITO')":{"('0045-D-2015', 0)":"BUENOS AIRES"},"('Firmantes', 'BLOQUE')":{"('0045-D-2015', 0)":"UNIR"},"('Giros', 'COMISI\u00d3N')":{"('0045-D-2015', 0)":"CIENCIA, TECNOLOGIA E INNOVACION PRODUCTIVA"},"Link":{"('0045-D-2015', 0)":"https:\/\/www.hcdn.gob.ar\/proyectos\/textoCompleto.jsp?exp=0045-D-2015&tipo=RESOLUCION"},"Palabra Clave":{"('0045-D-2015', 0)":" "}}