{"Tipo de Proyecto":{"('0046-D-2015', 0)":"PROYECTO DE RESOLUCI\u00d3N"},"Iniciado en: ":{"('0046-D-2015', 0)":"Diputados"},"Expediente Diputados: ":{"('0046-D-2015', 0)":"0046-D-2015"},"Publicado en: ":{"('0046-D-2015', 0)":"Tr\u00e1mite Parlamentario N\u00b0 1"},"Fecha: ":{"('0046-D-2015', 0)":"02\/03\/2015"},"T\u00edtulo":{"('0046-D-2015', 0)":"PEDIDO DE INFORMES AL PODER EJECUTIVO SOBRE DIVERSAS CUESTIONES RELACIONADAS CON LA SITUACION DE LA ZONA FRANCA CONCEDIDA A BOLIVIA EN EL PUERTO DE ROSARIO, PROVINCIA DE SANTA FE."},"('Firmantes', 'FIRMANTE')":{"('0046-D-2015', 0)":"ASSEFF, ALBERTO EMILIO"},"('Firmantes', 'DISTRITO')":{"('0046-D-2015', 0)":"BUENOS AIRES"},"('Firmantes', 'BLOQUE')":{"('0046-D-2015', 0)":"UNIR"},"('Giros', 'COMISI\u00d3N')":{"('0046-D-2015', 0)":"RELACIONES EXTERIORES Y CULTO"},"Link":{"('0046-D-2015', 0)":"https:\/\/www.hcdn.gob.ar\/proyectos\/textoCompleto.jsp?exp=0046-D-2015&tipo=RESOLUCION"},"Palabra Clave":{"('0046-D-2015', 0)":" "}}