{"Tipo de Proyecto":{"('0047-S-2015', 0)":"PROYECTO DE LEY","('0047-S-2015', 1)":null,"('0047-S-2015', 2)":null,"('0047-S-2015', 3)":null,"('0047-S-2015', 4)":null},"Iniciado en: ":{"('0047-S-2015', 0)":"Senado","('0047-S-2015', 1)":null,"('0047-S-2015', 2)":null,"('0047-S-2015', 3)":null,"('0047-S-2015', 4)":null},"Expediente Diputados: ":{"('0047-S-2015', 0)":"0047-S-2015","('0047-S-2015', 1)":null,"('0047-S-2015', 2)":null,"('0047-S-2015', 3)":null,"('0047-S-2015', 4)":null},"Expediente Senado: ":{"('0047-S-2015', 0)":"0434-OVD-2011","('0047-S-2015', 1)":null,"('0047-S-2015', 2)":null,"('0047-S-2015', 3)":null,"('0047-S-2015', 4)":null},"Fecha: ":{"('0047-S-2015', 0)":"07\/05\/2015","('0047-S-2015', 1)":null,"('0047-S-2015', 2)":null,"('0047-S-2015', 3)":null,"('0047-S-2015', 4)":null},"T\u00edtulo":{"('0047-S-2015', 0)":"CUENTA DE INVERSION CORRESPONDIENTE AL EJERCICIO FISCAL 2011, CONFORME A LOS TERMINOS DEL ARTICULO 75, INCISO 8 DE LA CONSTITUCION NACIONAL.","('0047-S-2015', 1)":null,"('0047-S-2015', 2)":null,"('0047-S-2015', 3)":null,"('0047-S-2015', 4)":null},"('Firmantes', 'FIRMANTE')":{"('0047-S-2015', 0)":"PARLAMENTARIA MIXTA REVISORA DE CUENTAS","('0047-S-2015', 1)":null,"('0047-S-2015', 2)":null,"('0047-S-2015', 3)":null,"('0047-S-2015', 4)":null},"('Firmantes', 'DISTRITO')":{"('0047-S-2015', 0)":null,"('0047-S-2015', 1)":null,"('0047-S-2015', 2)":null,"('0047-S-2015', 3)":null,"('0047-S-2015', 4)":null},"('Firmantes', 'BLOQUE')":{"('0047-S-2015', 0)":null,"('0047-S-2015', 1)":null,"('0047-S-2015', 2)":null,"('0047-S-2015', 3)":null,"('0047-S-2015', 4)":null},"('Giros', 'COMISI\u00d3N')":{"('0047-S-2015', 0)":"PARLAMENTARIA MIXTA REVISORA DE CUENTAS","('0047-S-2015', 1)":null,"('0047-S-2015', 2)":null,"('0047-S-2015', 3)":null,"('0047-S-2015', 4)":null},"('Tramites', 'C\u00c1MARA')":{"('0047-S-2015', 0)":"Senado","('0047-S-2015', 1)":"Diputados","('0047-S-2015', 2)":"Diputados","('0047-S-2015', 3)":"Diputados","('0047-S-2015', 4)":"Diputados"},"('Tramites', 'MOVIMIENTO')":{"('0047-S-2015', 0)":"CONSIDERACION Y APROBACION","('0047-S-2015', 1)":"PASA A DIPUTADOS -","('0047-S-2015', 2)":"CITACION SESION ESPECIAL","('0047-S-2015', 3)":"CONSIDERACION Y SANCION","('0047-S-2015', 4)":"INSERCIONES"},"('Tramites', 'FECHA')":{"('0047-S-2015', 0)":"27\/05\/2015","('0047-S-2015', 1)":null,"('0047-S-2015', 2)":"10\/06\/2015","('0047-S-2015', 3)":"10\/06\/2015","('0047-S-2015', 4)":"10\/06\/2015"},"('Tramites', 'RESULTADO')":{"('0047-S-2015', 0)":"MEDIA SANCION","('0047-S-2015', 1)":null,"('0047-S-2015', 2)":null,"('0047-S-2015', 3)":"SANCIONADO","('0047-S-2015', 4)":null},"Link":{"('0047-S-2015', 0)":"http:\/\/www.senado.gov.ar\/parlamentario\/comisiones\/verExp\/434.11\/OVD\/PL","('0047-S-2015', 1)":null,"('0047-S-2015', 2)":null,"('0047-S-2015', 3)":null,"('0047-S-2015', 4)":null},"Palabra Clave":{"('0047-S-2015', 0)":" ","('0047-S-2015', 1)":null,"('0047-S-2015', 2)":null,"('0047-S-2015', 3)":null,"('0047-S-2015', 4)":null}}