{"Tipo de Proyecto":{"('0047-D-2015', 0)":"PROYECTO DE RESOLUCI\u00d3N"},"Iniciado en: ":{"('0047-D-2015', 0)":"Diputados"},"Expediente Diputados: ":{"('0047-D-2015', 0)":"0047-D-2015"},"Publicado en: ":{"('0047-D-2015', 0)":"Tr\u00e1mite Parlamentario N\u00b0 1"},"Fecha: ":{"('0047-D-2015', 0)":"02\/03\/2015"},"T\u00edtulo":{"('0047-D-2015', 0)":"DECLARAR DE INTERES DE LA H. CAMARA LA 15 EDICION DE LA EXPOSICION MERCOLACTEA, A REALIZARSE DEL 2 AL 4 DE JULIO DE 2015 EN LA CIUDAD DE ROSARIO, PROVINCIA DE SANTA FE. "},"('Firmantes', 'FIRMANTE')":{"('0047-D-2015', 0)":"ASSEFF, ALBERTO EMILIO"},"('Firmantes', 'DISTRITO')":{"('0047-D-2015', 0)":"BUENOS AIRES"},"('Firmantes', 'BLOQUE')":{"('0047-D-2015', 0)":"UNIR"},"('Giros', 'COMISI\u00d3N')":{"('0047-D-2015', 0)":"AGRICULTURA Y GANADERIA"},"Link":{"('0047-D-2015', 0)":"https:\/\/www.hcdn.gob.ar\/proyectos\/textoCompleto.jsp?exp=0047-D-2015&tipo=RESOLUCION"},"Palabra Clave":{"('0047-D-2015', 0)":" "}}