{"Tipo de Proyecto":{"('0048-S-2015', 0)":"PROYECTO DE DECLARACI\u00d3N"},"Iniciado en: ":{"('0048-S-2015', 0)":"Senado"},"Expediente Senado: ":{"('0048-S-2015', 0)":"0048-S-2015"},"Publicado en: ":{"('0048-S-2015', 0)":"Diario de Asuntos Entrados N\u00b0 3"},"Fecha: ":{"('0048-S-2015', 0)":"02\/03\/2015"},"T\u00edtulo":{"('0048-S-2015', 0)":"DECLARAR DE INTERES LA VIII EDICION DEL CONGRESO NACIONAL DE CALIDAD TURISTICA, A REALIZARSE DEL 11 AL 13 DE MAYO DEL 2015 EN POSADAS, PROVINCIA DE MISIONES."},"('Firmantes', 'FIRMANTE')":{"('0048-S-2015', 0)":"GARCIA LARRABURU, SILVINA MARCELA"},"('Firmantes', 'DISTRITO')":{"('0048-S-2015', 0)":"RIO NEGRO"},"('Firmantes', 'BLOQUE')":{"('0048-S-2015', 0)":"FRENTE PARA LA VICTORIA - PJ"},"('Tramites', 'C\u00c1MARA')":{"('0048-S-2015', 0)":"Senado"},"('Tramites', 'MOVIMIENTO')":{"('0048-S-2015', 0)":"CONSIDERACION Y APROBACION CONJUNTAMENTE PARA LOS EXPEDIENTES 0048-S-2015 y 0863-S-2015"},"('Tramites', 'FECHA')":{"('0048-S-2015', 0)":"01\/07\/2015"},"('Tramites', 'RESULTADO')":{"('0048-S-2015', 0)":"APROBADO"},"Link":{"('0048-S-2015', 0)":"http:\/\/www.senado.gov.ar\/parlamentario\/comisiones\/verExp\/48.15\/S\/PD"},"Palabra Clave":{"('0048-S-2015', 0)":" "}}