{"Tipo de Proyecto":{"('0049-S-2015', 0)":"PROYECTO DE DECLARACI\u00d3N"},"Iniciado en: ":{"('0049-S-2015', 0)":"Senado"},"Expediente Senado: ":{"('0049-S-2015', 0)":"0049-S-2015"},"Publicado en: ":{"('0049-S-2015', 0)":"Diario de Asuntos Entrados N\u00b0 3"},"Fecha: ":{"('0049-S-2015', 0)":"02\/03\/2015"},"T\u00edtulo":{"('0049-S-2015', 0)":"DECLARAR DE INTERES EL VII CONGRESO ARGENTINO DE PARASITOLOGIA, A REALIZARSE DEL 1\u00ba AL 6 DE NOVIEMBRE DE 2015, EN LA CIUDAD DE BARILOCHE, PROVINCIA DE RIO NEGRO."},"('Firmantes', 'FIRMANTE')":{"('0049-S-2015', 0)":"GARCIA LARRABURU, SILVINA MARCELA"},"('Firmantes', 'DISTRITO')":{"('0049-S-2015', 0)":"RIO NEGRO"},"('Firmantes', 'BLOQUE')":{"('0049-S-2015', 0)":"FRENTE PARA LA VICTORIA - PJ"},"('Tramites', 'C\u00c1MARA')":{"('0049-S-2015', 0)":"Senado"},"('Tramites', 'MOVIMIENTO')":{"('0049-S-2015', 0)":"CONSIDERACION Y APROBACION"},"('Tramites', 'FECHA')":{"('0049-S-2015', 0)":"27\/05\/2015"},"('Tramites', 'RESULTADO')":{"('0049-S-2015', 0)":"APROBADO"},"Link":{"('0049-S-2015', 0)":"http:\/\/www.senado.gov.ar\/parlamentario\/comisiones\/verExp\/49.15\/S\/PD"},"Palabra Clave":{"('0049-S-2015', 0)":" "}}