{"Tipo de Proyecto":{"('0050-D-2015', 0)":"PROYECTO DE RESOLUCI\u00d3N"},"Iniciado en: ":{"('0050-D-2015', 0)":"Diputados"},"Expediente Diputados: ":{"('0050-D-2015', 0)":"0050-D-2015"},"Publicado en: ":{"('0050-D-2015', 0)":"Tr\u00e1mite Parlamentario N\u00b0 1"},"Fecha: ":{"('0050-D-2015', 0)":"02\/03\/2015"},"T\u00edtulo":{"('0050-D-2015', 0)":"SOLICITAR AL PODER EJECUTIVO RECONSIDERE LA LICITACION Y EL PLAN DE OBRAS DEL COMPONENTE FERROVIARIO EN EL PROYECTADO SEGUNDO PUENTE SOBRE EL RIO PARANA, QUE VINCULARA LAS PROVINCIAS DE CORRIENTES Y CHACO, PARA ESTABLECER UN COMPLEJO MULTIMODAL DE CARGAS Y TRANSPORTE DE PASAJEROS."},"('Firmantes', 'FIRMANTE')":{"('0050-D-2015', 0)":"ASSEFF, ALBERTO EMILIO"},"('Firmantes', 'DISTRITO')":{"('0050-D-2015', 0)":"BUENOS AIRES"},"('Firmantes', 'BLOQUE')":{"('0050-D-2015', 0)":"UNIR"},"('Giros', 'COMISI\u00d3N')":{"('0050-D-2015', 0)":"TRANSPORTES"},"Link":{"('0050-D-2015', 0)":"https:\/\/www.hcdn.gob.ar\/proyectos\/textoCompleto.jsp?exp=0050-D-2015&tipo=RESOLUCION"},"Palabra Clave":{"('0050-D-2015', 0)":" "}}