{"Tipo de Proyecto":{"('0051-S-2015', 0)":"PROYECTO DE DECLARACI\u00d3N","('0051-S-2015', 1)":null,"('0051-S-2015', 2)":null,"('0051-S-2015', 3)":null},"Iniciado en: ":{"('0051-S-2015', 0)":"Senado","('0051-S-2015', 1)":null,"('0051-S-2015', 2)":null,"('0051-S-2015', 3)":null},"Expediente Senado: ":{"('0051-S-2015', 0)":"0051-S-2015","('0051-S-2015', 1)":null,"('0051-S-2015', 2)":null,"('0051-S-2015', 3)":null},"Publicado en: ":{"('0051-S-2015', 0)":"Diario de Asuntos Entrados N\u00b0 3","('0051-S-2015', 1)":null,"('0051-S-2015', 2)":null,"('0051-S-2015', 3)":null},"Fecha: ":{"('0051-S-2015', 0)":"02\/03\/2015","('0051-S-2015', 1)":null,"('0051-S-2015', 2)":null,"('0051-S-2015', 3)":null},"T\u00edtulo":{"('0051-S-2015', 0)":"DECLARAR DE INTERES TURISTICO LA EDICION 2015 DE LA \"FIESTA NACIONAL DEL TOMATE Y LA PRODUCCION\", A REALIZARSE EN LA LOCALIDAD DE LAMARQUE, PROVINCIA DE RIO NEGRO, DEL 12 AL 15 DE MARZO DE 2015. ","('0051-S-2015', 1)":null,"('0051-S-2015', 2)":null,"('0051-S-2015', 3)":null},"('Firmantes', 'FIRMANTE')":{"('0051-S-2015', 0)":"GARCIA LARRABURU, SILVINA MARCELA","('0051-S-2015', 1)":null,"('0051-S-2015', 2)":null,"('0051-S-2015', 3)":null},"('Firmantes', 'DISTRITO')":{"('0051-S-2015', 0)":"RIO NEGRO","('0051-S-2015', 1)":null,"('0051-S-2015', 2)":null,"('0051-S-2015', 3)":null},"('Firmantes', 'BLOQUE')":{"('0051-S-2015', 0)":"FRENTE PARA LA VICTORIA - PJ","('0051-S-2015', 1)":null,"('0051-S-2015', 2)":null,"('0051-S-2015', 3)":null},"('Tramites', 'C\u00c1MARA')":{"('0051-S-2015', 0)":"Senado","('0051-S-2015', 1)":"Senado","('0051-S-2015', 2)":"Senado","('0051-S-2015', 3)":"Senado"},"('Tramites', 'MOVIMIENTO')":{"('0051-S-2015', 0)":"MOCION SOBRE TABLAS (AFIRMATIVA)","('0051-S-2015', 1)":"CONSIDERACION Y APROBACION","('0051-S-2015', 2)":"MOCION SOBRE TABLAS (AFIRMATIVA) CONJUNTAMENTE PARA LOS EXPEDIENTES 0921-S-2014, 0012-S-2015, 0051-S-2015, 0957-S-2015 y 1012-S-2015","('0051-S-2015', 3)":"CONSIDERACION Y APROBACION (TEXTO UNIFICADO) CONJUNTAMENTE PARA LOS EXPEDIENTES 0921-S-2014, 0012-S-2015, 0051-S-2015, 0957-S-2015 y 1012-S-2015"},"('Tramites', 'FECHA')":{"('0051-S-2015', 0)":"11\/03\/2015","('0051-S-2015', 1)":"11\/03\/2015","('0051-S-2015', 2)":"27\/05\/2015","('0051-S-2015', 3)":"27\/05\/2015"},"('Tramites', 'RESULTADO')":{"('0051-S-2015', 0)":null,"('0051-S-2015', 1)":"APROBADO","('0051-S-2015', 2)":null,"('0051-S-2015', 3)":"APROBADO"},"Link":{"('0051-S-2015', 0)":"http:\/\/www.senado.gov.ar\/parlamentario\/comisiones\/verExp\/51.15\/S\/PD","('0051-S-2015', 1)":null,"('0051-S-2015', 2)":null,"('0051-S-2015', 3)":null},"Palabra Clave":{"('0051-S-2015', 0)":" ","('0051-S-2015', 1)":null,"('0051-S-2015', 2)":null,"('0051-S-2015', 3)":null}}