{"Tipo de Proyecto":{"('0052-D-2015', 0)":"PROYECTO DE RESOLUCI\u00d3N"},"Iniciado en: ":{"('0052-D-2015', 0)":"Diputados"},"Expediente Diputados: ":{"('0052-D-2015', 0)":"0052-D-2015"},"Publicado en: ":{"('0052-D-2015', 0)":"Tr\u00e1mite Parlamentario N\u00b0 1"},"Fecha: ":{"('0052-D-2015', 0)":"02\/03\/2015"},"T\u00edtulo":{"('0052-D-2015', 0)":"SOLICITAR AL PODER EJECUTIVO DISPONGA LAS MEDIDAS NECESARIAS PARA EFECTUAR LA CONCRECION DE TRES PUENTES FRONTERIZOS SOBRE LA MARGEN DEL RIO URUGUAY ENTRE LA REPUBLICA ARGENTINA Y LA REPUBLICA FEDERATIVA DEL BRASIL."},"('Firmantes', 'FIRMANTE')":{"('0052-D-2015', 0)":"ASSEFF, ALBERTO EMILIO"},"('Firmantes', 'DISTRITO')":{"('0052-D-2015', 0)":"BUENOS AIRES"},"('Firmantes', 'BLOQUE')":{"('0052-D-2015', 0)":"UNIR"},"('Giros', 'COMISI\u00d3N')":{"('0052-D-2015', 0)":"RELACIONES EXTERIORES Y CULTO"},"Link":{"('0052-D-2015', 0)":"https:\/\/www.hcdn.gob.ar\/proyectos\/textoCompleto.jsp?exp=0052-D-2015&tipo=RESOLUCION"},"Palabra Clave":{"('0052-D-2015', 0)":" "}}