{"Tipo de Proyecto":{"('0053-D-2015', 0)":"PROYECTO DE RESOLUCI\u00d3N"},"Iniciado en: ":{"('0053-D-2015', 0)":"Diputados"},"Expediente Diputados: ":{"('0053-D-2015', 0)":"0053-D-2015"},"Publicado en: ":{"('0053-D-2015', 0)":"Tr\u00e1mite Parlamentario N\u00b0 1"},"Fecha: ":{"('0053-D-2015', 0)":"02\/03\/2015"},"T\u00edtulo":{"('0053-D-2015', 0)":"SOLICITAR AL PODER EJECUTIVO DISPONGA LAS MEDIDAS NECESARIAS PARA FACILITAR LA AGILIZACION DE LAS OPERACIONES EN PUERTO PASO DE LA BARCA DESDE SAN JAVIER - ARGENTINA - A PORTO XAVIER - BRASIL -, A FIN DE QUE LAS BALSAS NO SUFRAN DEMORAS PARA EL CRUCE DE CAMIONES Y AUTOMOTORES."},"('Firmantes', 'FIRMANTE')":{"('0053-D-2015', 0)":"ASSEFF, ALBERTO EMILIO"},"('Firmantes', 'DISTRITO')":{"('0053-D-2015', 0)":"BUENOS AIRES"},"('Firmantes', 'BLOQUE')":{"('0053-D-2015', 0)":"UNIR"},"('Giros', 'COMISI\u00d3N')":{"('0053-D-2015', 0)":"RELACIONES EXTERIORES Y CULTO"},"Link":{"('0053-D-2015', 0)":"https:\/\/www.hcdn.gob.ar\/proyectos\/textoCompleto.jsp?exp=0053-D-2015&tipo=RESOLUCION"},"Palabra Clave":{"('0053-D-2015', 0)":" "}}