{"Tipo de Proyecto":{"('0054-D-2015', 0)":"PROYECTO DE RESOLUCI\u00d3N"},"Iniciado en: ":{"('0054-D-2015', 0)":"Diputados"},"Expediente Diputados: ":{"('0054-D-2015', 0)":"0054-D-2015"},"Publicado en: ":{"('0054-D-2015', 0)":"Tr\u00e1mite Parlamentario N\u00b0 1"},"Fecha: ":{"('0054-D-2015', 0)":"02\/03\/2015"},"T\u00edtulo":{"('0054-D-2015', 0)":"EXPRESAR DESAGRADO POR EL OBSEQUIO ENVIADO A LOS JUECES FEDERALES POR EL SE\u00d1OR MINISTRO DE JUSTICIA Y DERECHOS HUMANOS DOCTOR JULIO ALAK."},"('Firmantes', 'FIRMANTE')":{"('0054-D-2015', 0)":"ASSEFF, ALBERTO EMILIO"},"('Firmantes', 'DISTRITO')":{"('0054-D-2015', 0)":"BUENOS AIRES"},"('Firmantes', 'BLOQUE')":{"('0054-D-2015', 0)":"UNIR"},"('Giros', 'COMISI\u00d3N')":{"('0054-D-2015', 0)":"JUSTICIA"},"Link":{"('0054-D-2015', 0)":"https:\/\/www.hcdn.gob.ar\/proyectos\/textoCompleto.jsp?exp=0054-D-2015&tipo=RESOLUCION"},"Palabra Clave":{"('0054-D-2015', 0)":" "}}