{"Tipo de Proyecto":{"('0054-S-2015', 0)":"PROYECTO DE LEY","('0054-S-2015', 1)":null,"('0054-S-2015', 2)":null,"('0054-S-2015', 3)":null,"('0054-S-2015', 4)":null,"('0054-S-2015', 5)":null,"('0054-S-2015', 6)":null,"('0054-S-2015', 7)":null,"('0054-S-2015', 8)":null},"Iniciado en: ":{"('0054-S-2015', 0)":"Senado","('0054-S-2015', 1)":null,"('0054-S-2015', 2)":null,"('0054-S-2015', 3)":null,"('0054-S-2015', 4)":null,"('0054-S-2015', 5)":null,"('0054-S-2015', 6)":null,"('0054-S-2015', 7)":null,"('0054-S-2015', 8)":null},"Expediente Senado: ":{"('0054-S-2015', 0)":"0054-S-2015","('0054-S-2015', 1)":null,"('0054-S-2015', 2)":null,"('0054-S-2015', 3)":null,"('0054-S-2015', 4)":null,"('0054-S-2015', 5)":null,"('0054-S-2015', 6)":null,"('0054-S-2015', 7)":null,"('0054-S-2015', 8)":null},"Publicado en: ":{"('0054-S-2015', 0)":"Diario de Asuntos Entrados N\u00b0 3","('0054-S-2015', 1)":null,"('0054-S-2015', 2)":null,"('0054-S-2015', 3)":null,"('0054-S-2015', 4)":null,"('0054-S-2015', 5)":null,"('0054-S-2015', 6)":null,"('0054-S-2015', 7)":null,"('0054-S-2015', 8)":null},"Fecha: ":{"('0054-S-2015', 0)":"02\/03\/2015","('0054-S-2015', 1)":null,"('0054-S-2015', 2)":null,"('0054-S-2015', 3)":null,"('0054-S-2015', 4)":null,"('0054-S-2015', 5)":null,"('0054-S-2015', 6)":null,"('0054-S-2015', 7)":null,"('0054-S-2015', 8)":null},"T\u00edtulo":{"('0054-S-2015', 0)":"MODIFICACION DE LA LEY 27063 (CODIGO PROCESAL PENAL DE LA NACION, SUS REGLAMENTACIONES Y SUS MODIFICATORIAS Y LA LEY 24946 (ORGANICA DEL MINISTERIO PUBLICO, QUE SE AGREGAN A LA PRESENTE Y QUE SERA PARTE INTEGRANTE DE LA LEY 27063).","('0054-S-2015', 1)":null,"('0054-S-2015', 2)":null,"('0054-S-2015', 3)":null,"('0054-S-2015', 4)":null,"('0054-S-2015', 5)":null,"('0054-S-2015', 6)":null,"('0054-S-2015', 7)":null,"('0054-S-2015', 8)":null},"('Firmantes', 'FIRMANTE')":{"('0054-S-2015', 0)":"MORALES, GERARDO RUBEN","('0054-S-2015', 1)":"MONLLAU, BLANCA MARIA DEL VALLE","('0054-S-2015', 2)":"PETCOFF NAIDENOFF, LUIS CARLOS","('0054-S-2015', 3)":"ELIAS DE PEREZ, SILVIA BEATRIZ","('0054-S-2015', 4)":"BORELLO, MARTA","('0054-S-2015', 5)":"ARTAZA, EUGENIO JUSTINIANO","('0054-S-2015', 6)":"SANZ, ERNESTO RICARDO","('0054-S-2015', 7)":"MARTINEZ, ALFREDO ANSELMO","('0054-S-2015', 8)":"CASTILLO, OSCAR ANIBAL"},"('Firmantes', 'DISTRITO')":{"('0054-S-2015', 0)":"JUJUY","('0054-S-2015', 1)":"CATAMARCA","('0054-S-2015', 2)":"FORMOSA","('0054-S-2015', 3)":"TUCUMAN","('0054-S-2015', 4)":"CORDOBA","('0054-S-2015', 5)":"CORRIENTES","('0054-S-2015', 6)":"MENDOZA","('0054-S-2015', 7)":"SANTA CRUZ","('0054-S-2015', 8)":"CATAMARCA"},"('Firmantes', 'BLOQUE')":{"('0054-S-2015', 0)":"UCR","('0054-S-2015', 1)":"FRENTE CIVICO Y SOCIAL DE CATAMARCA","('0054-S-2015', 2)":"UCR","('0054-S-2015', 3)":"UCR","('0054-S-2015', 4)":"UCR","('0054-S-2015', 5)":"UCR","('0054-S-2015', 6)":"UCR","('0054-S-2015', 7)":"UCR","('0054-S-2015', 8)":"FRENTE CIVICO Y SOCIAL DE CATAMARCA"},"('Tramites', 'C\u00c1MARA')":{"('0054-S-2015', 0)":"Senado","('0054-S-2015', 1)":"Senado","('0054-S-2015', 2)":"Diputados","('0054-S-2015', 3)":"Diputados","('0054-S-2015', 4)":"Diputados","('0054-S-2015', 5)":null,"('0054-S-2015', 6)":null,"('0054-S-2015', 7)":null,"('0054-S-2015', 8)":null},"('Tramites', 'MOVIMIENTO')":{"('0054-S-2015', 0)":"INFORMES DE LA COMISION BICAMERAL ESPECIAL DE MONITOREO E IMPLEMENTACION DEL NUEVO CODIGO PROCESAL PENAL DE LA NACION PUBLICADO EN DAE SUPLEMENTO INFORMES Y COMUNICACIONES 1 DEL 20\/05\/2015","('0054-S-2015', 1)":"CONSIDERACION Y APROBACION CONJUNTAMENTE PARA LOS EXPEDIENTES 0031-S-2015, 4180-S-2014, 4388-S-2014, 0054-S-2015, 1155-S-2015 y 1467-S-2015","('0054-S-2015', 2)":"PASA A DIPUTADOS - CONJUNTAMENTE PARA LOS EXPEDIENTES 0031-S-2015, 4180-S-2014, 4388-S-2014, 0054-S-2015, 1155-S-2015 y 1467-S-2015","('0054-S-2015', 3)":"CITACION SESION ESPECIAL CONJUNTAMENTE PARA LOS EXPEDIENTES 0031-S-2015, 4180-S-2014, 4388-S-2014, 0054-S-2015, 1155-S-2015 y 1467-S-2015","('0054-S-2015', 4)":"CONSIDERACION Y SANCION CONJUNTAMENTE PARA LOS EXPEDIENTES 0031-S-2015, 4180-S-2014, 4388-S-2014, 0054-S-2015, 1155-S-2015 y 1467-S-2015","('0054-S-2015', 5)":null,"('0054-S-2015', 6)":null,"('0054-S-2015', 7)":null,"('0054-S-2015', 8)":null},"('Tramites', 'FECHA')":{"('0054-S-2015', 0)":null,"('0054-S-2015', 1)":"27\/05\/2015","('0054-S-2015', 2)":null,"('0054-S-2015', 3)":"10\/06\/2015","('0054-S-2015', 4)":"10\/06\/2015","('0054-S-2015', 5)":null,"('0054-S-2015', 6)":null,"('0054-S-2015', 7)":null,"('0054-S-2015', 8)":null},"('Tramites', 'RESULTADO')":{"('0054-S-2015', 0)":null,"('0054-S-2015', 1)":"MEDIA SANCION","('0054-S-2015', 2)":null,"('0054-S-2015', 3)":null,"('0054-S-2015', 4)":"SANCIONADO","('0054-S-2015', 5)":null,"('0054-S-2015', 6)":null,"('0054-S-2015', 7)":null,"('0054-S-2015', 8)":null},"Link":{"('0054-S-2015', 0)":"http:\/\/www.senado.gov.ar\/parlamentario\/comisiones\/verExp\/54.15\/S\/PL","('0054-S-2015', 1)":null,"('0054-S-2015', 2)":null,"('0054-S-2015', 3)":null,"('0054-S-2015', 4)":null,"('0054-S-2015', 5)":null,"('0054-S-2015', 6)":null,"('0054-S-2015', 7)":null,"('0054-S-2015', 8)":null},"Palabra Clave":{"('0054-S-2015', 0)":" ","('0054-S-2015', 1)":null,"('0054-S-2015', 2)":null,"('0054-S-2015', 3)":null,"('0054-S-2015', 4)":null,"('0054-S-2015', 5)":null,"('0054-S-2015', 6)":null,"('0054-S-2015', 7)":null,"('0054-S-2015', 8)":null}}