{"Tipo de Proyecto":{"('0055-D-2015', 0)":"PROYECTO DE RESOLUCI\u00d3N"},"Iniciado en: ":{"('0055-D-2015', 0)":"Diputados"},"Expediente Diputados: ":{"('0055-D-2015', 0)":"0055-D-2015"},"Publicado en: ":{"('0055-D-2015', 0)":"Tr\u00e1mite Parlamentario N\u00b0 1"},"Fecha: ":{"('0055-D-2015', 0)":"02\/03\/2015"},"T\u00edtulo":{"('0055-D-2015', 0)":"SOLICITAR AL PODER EJECUTIVO DISPONGA LAS MEDIDAS NECESARIAS PARA LA INMEDIATA REMOCION DEL PRESIDENTE DE LA \"UNIDAD DE INFORMACION FINANCIERA - UIF -\" DEL MINISTERIO DE JUSTICIA Y DERECHOS HUMANOS DE LA NACION, LICENCIADO EN ECONOMIA JOSE ALBERTO SBATELLA."},"('Firmantes', 'FIRMANTE')":{"('0055-D-2015', 0)":"ASSEFF, ALBERTO EMILIO"},"('Firmantes', 'DISTRITO')":{"('0055-D-2015', 0)":"BUENOS AIRES"},"('Firmantes', 'BLOQUE')":{"('0055-D-2015', 0)":"UNIR"},"('Giros', 'COMISI\u00d3N')":{"('0055-D-2015', 0)":"JUSTICIA"},"Link":{"('0055-D-2015', 0)":"https:\/\/www.hcdn.gob.ar\/proyectos\/textoCompleto.jsp?exp=0055-D-2015&tipo=RESOLUCION"},"Palabra Clave":{"('0055-D-2015', 0)":" "}}