{"Tipo de Proyecto":{"('0056-D-2015', 0)":"PROYECTO DE RESOLUCI\u00d3N"},"Iniciado en: ":{"('0056-D-2015', 0)":"Diputados"},"Expediente Diputados: ":{"('0056-D-2015', 0)":"0056-D-2015"},"Publicado en: ":{"('0056-D-2015', 0)":"Tr\u00e1mite Parlamentario N\u00b0 1"},"Fecha: ":{"('0056-D-2015', 0)":"02\/03\/2015"},"T\u00edtulo":{"('0056-D-2015', 0)":"EXPRESAR REPUDIO POR LA INICIATIVA DENOMINADA \"PERSIGUIENDO AL GUANACO 2015\", QUE SE PROMOVIA PARA ESTE MES DE FEBRERO EN PUERTO PIRAMIDES,  PROVINCIA DEL CHUBUT."},"('Firmantes', 'FIRMANTE')":{"('0056-D-2015', 0)":"ASSEFF, ALBERTO EMILIO"},"('Firmantes', 'DISTRITO')":{"('0056-D-2015', 0)":"BUENOS AIRES"},"('Firmantes', 'BLOQUE')":{"('0056-D-2015', 0)":"UNIR"},"('Giros', 'COMISI\u00d3N')":{"('0056-D-2015', 0)":"RECURSOS NATURALES Y CONSERVACION DEL AMBIENTE HUMANO"},"Link":{"('0056-D-2015', 0)":"https:\/\/www.hcdn.gob.ar\/proyectos\/textoCompleto.jsp?exp=0056-D-2015&tipo=RESOLUCION"},"Palabra Clave":{"('0056-D-2015', 0)":" "}}