{"Tipo de Proyecto":{"('0057-S-2015', 0)":"PROYECTO DE LEY"},"Iniciado en: ":{"('0057-S-2015', 0)":"Senado"},"Expediente Senado: ":{"('0057-S-2015', 0)":"0057-S-2015"},"Publicado en: ":{"('0057-S-2015', 0)":"Diario de Asuntos Entrados N\u00b0 3"},"Fecha: ":{"('0057-S-2015', 0)":"02\/03\/2015"},"T\u00edtulo":{"('0057-S-2015', 0)":"ESTABLECER EL USO OBLIGATORIO EN LOS PRODUCTOS ALIMENTICIOS COMERCIALIZADOS EN EL PAIS DE CONSUMO PARA CELIACOS, LA UTILIZACION DE UN SELLO CON LA LEYENDA \"APTO CELIACOS\" IMPRESO EN SUS ENVASES O ENVOLTORIOS. (REPRODUCCION DEL EXPEDIENTE 3914-S-13)."},"('Firmantes', 'FIRMANTE')":{"('0057-S-2015', 0)":"LEGUIZAMON, MARIA LAURA"},"('Firmantes', 'DISTRITO')":{"('0057-S-2015', 0)":"BUENOS AIRES"},"('Firmantes', 'BLOQUE')":{"('0057-S-2015', 0)":"FRENTE PARA LA VICTORIA - PJ"},"Link":{"('0057-S-2015', 0)":"http:\/\/www.senado.gov.ar\/parlamentario\/comisiones\/verExp\/57.15\/S\/PL"},"Palabra Clave":{"('0057-S-2015', 0)":" "}}