{"Tipo de Proyecto":{"('0058-S-2015', 0)":"PROYECTO DE LEY"},"Iniciado en: ":{"('0058-S-2015', 0)":"Senado"},"Expediente Senado: ":{"('0058-S-2015', 0)":"0058-S-2015"},"Publicado en: ":{"('0058-S-2015', 0)":"Diario de Asuntos Entrados N\u00b0 3"},"Fecha: ":{"('0058-S-2015', 0)":"02\/03\/2015"},"T\u00edtulo":{"('0058-S-2015', 0)":"LEY 24449, DE TRANSITO: MODIFICACIONES RESPECTO AL ENCENDIDO DE LUCES (REPRODUCCION DEL EXPEDIENTE 2105-S-13)."},"('Firmantes', 'FIRMANTE')":{"('0058-S-2015', 0)":"LEGUIZAMON, MARIA LAURA"},"('Firmantes', 'DISTRITO')":{"('0058-S-2015', 0)":"BUENOS AIRES"},"('Firmantes', 'BLOQUE')":{"('0058-S-2015', 0)":"FRENTE PARA LA VICTORIA - PJ"},"('Tramites', 'C\u00c1MARA')":{"('0058-S-2015', 0)":"Senado"},"('Tramites', 'MOVIMIENTO')":{"('0058-S-2015', 0)":"REPRODUCIDO POR EXPEDIENTE 0363-S-17"},"('Tramites', 'FECHA')":{"('0058-S-2015', 0)":null},"('Tramites', 'RESULTADO')":{"('0058-S-2015', 0)":null},"Sumario":{"('0058-S-2015', 0)":"MODIFICACION DEL INCISO H) DEL ARTICULO 47 (ENCENDIDO AUTOMATICO DE LAS LUCES DE POSICION Y DE CHAPA PATENTE AL INSTANTE EN EL QUE EL MOTOR DEL VEHICULO SE PONGA EN MARCHA: INCORPORACION DE UN DISPOSITIVO PARA ELLO POR PARTE DE LOS FABRICANTES E IMPORTADORES)."},"Palabra Clave":{"('0058-S-2015', 0)":" "}}