{"Tipo de Proyecto":{"('0059-S-2015', 0)":"MENSAJE NRO: 2372\/14 Y PROYECTO DE LEY","('0059-S-2015', 1)":null,"('0059-S-2015', 2)":null,"('0059-S-2015', 3)":null,"('0059-S-2015', 4)":null,"('0059-S-2015', 5)":null},"Iniciado en: ":{"('0059-S-2015', 0)":"Senado","('0059-S-2015', 1)":null,"('0059-S-2015', 2)":null,"('0059-S-2015', 3)":null,"('0059-S-2015', 4)":null,"('0059-S-2015', 5)":null},"Expediente Diputados: ":{"('0059-S-2015', 0)":"0059-S-2015","('0059-S-2015', 1)":null,"('0059-S-2015', 2)":null,"('0059-S-2015', 3)":null,"('0059-S-2015', 4)":null,"('0059-S-2015', 5)":null},"Expediente Senado: ":{"('0059-S-2015', 0)":"0388-PE-2014","('0059-S-2015', 1)":null,"('0059-S-2015', 2)":null,"('0059-S-2015', 3)":null,"('0059-S-2015', 4)":null,"('0059-S-2015', 5)":null},"Publicado en: ":{"('0059-S-2015', 0)":"Diario de Asuntos Entrados N\u00b0 36","('0059-S-2015', 1)":null,"('0059-S-2015', 2)":null,"('0059-S-2015', 3)":null,"('0059-S-2015', 4)":null,"('0059-S-2015', 5)":null},"Fecha: ":{"('0059-S-2015', 0)":"18\/03\/2015","('0059-S-2015', 1)":null,"('0059-S-2015', 2)":null,"('0059-S-2015', 3)":null,"('0059-S-2015', 4)":null,"('0059-S-2015', 5)":null},"T\u00edtulo":{"('0059-S-2015', 0)":"APROBAR LAS MODIFICACIONES DE LOS ESTATUTOS DE LA ORGANIZACION MUNDIAL DEL TURISMO APROBADAS EN LAS RESOLUCIONES A\/RES\/511(XVI) Y A\/RES\/512 (XVI) AMBAS ADOPTADAS EN 16 REUNION DE LA ASAMBLEA GENERAL DE LA ORGANIZACION MUNDIAL DEL TURISMO CELEBRADA EN LA CIUDAD DE DAKAR, REPUBLICA DE SENEGAL, ENTRE EL 28 DE NOVIEMBRE Y EL 2 DE DICIEMBRE DE 2005.","('0059-S-2015', 1)":null,"('0059-S-2015', 2)":null,"('0059-S-2015', 3)":null,"('0059-S-2015', 4)":null,"('0059-S-2015', 5)":null},"('Firmantes', 'FIRMANTE')":{"('0059-S-2015', 0)":"FERNANDEZ DE KIRCHNER, CRISTINA","('0059-S-2015', 1)":"CAPITANICH, JORGE","('0059-S-2015', 2)":"TIMERMAN, HECTOR MARCOS","('0059-S-2015', 3)":null,"('0059-S-2015', 4)":null,"('0059-S-2015', 5)":null},"('Firmantes', 'DISTRITO')":{"('0059-S-2015', 0)":null,"('0059-S-2015', 1)":null,"('0059-S-2015', 2)":null,"('0059-S-2015', 3)":null,"('0059-S-2015', 4)":null,"('0059-S-2015', 5)":null},"('Firmantes', 'BLOQUE')":{"('0059-S-2015', 0)":"PODER EJECUTIVO","('0059-S-2015', 1)":"PODER EJECUTIVO","('0059-S-2015', 2)":"PODER EJECUTIVO","('0059-S-2015', 3)":null,"('0059-S-2015', 4)":null,"('0059-S-2015', 5)":null},"('Giros', 'COMISI\u00d3N')":{"('0059-S-2015', 0)":"RELACIONES EXTERIORES Y CULTO","('0059-S-2015', 1)":"TURISMO","('0059-S-2015', 2)":null,"('0059-S-2015', 3)":null,"('0059-S-2015', 4)":null,"('0059-S-2015', 5)":null},"('Tramites', 'C\u00c1MARA')":{"('0059-S-2015', 0)":"Senado","('0059-S-2015', 1)":"Diputados","('0059-S-2015', 2)":"Diputados","('0059-S-2015', 3)":"Diputados","('0059-S-2015', 4)":"Diputados","('0059-S-2015', 5)":"Diputados"},"('Tramites', 'MOVIMIENTO')":{"('0059-S-2015', 0)":"CONSIDERACION Y APROBACION","('0059-S-2015', 1)":"PASA A DIPUTADOS -","('0059-S-2015', 2)":"CITACION SESION ESPECIAL","('0059-S-2015', 3)":"CONSIDERACION Y SANCION","('0059-S-2015', 4)":"INSERCION DE LOS DIPUTADOS DEL CA\u00d1O Y BREGMAN SOBRE SENTIDO DE SU VOTO","('0059-S-2015', 5)":"INSERCION DEL DIPUTADO LOPEZ SOBRE SENTIDO DE SU VOTO"},"('Tramites', 'FECHA')":{"('0059-S-2015', 0)":"01\/07\/2015","('0059-S-2015', 1)":null,"('0059-S-2015', 2)":"26\/11\/2015","('0059-S-2015', 3)":"26\/11\/2015","('0059-S-2015', 4)":"26\/11\/2015","('0059-S-2015', 5)":"26\/11\/2015"},"('Tramites', 'RESULTADO')":{"('0059-S-2015', 0)":"MEDIA SANCION","('0059-S-2015', 1)":null,"('0059-S-2015', 2)":null,"('0059-S-2015', 3)":"SANCIONADO","('0059-S-2015', 4)":null,"('0059-S-2015', 5)":null},"Link":{"('0059-S-2015', 0)":"http:\/\/www.senado.gov.ar\/web\/proyectos\/verExpe.php?origen=PE&nro_comision=&tipo=PL&numexp=388\/14&tConsulta=5","('0059-S-2015', 1)":null,"('0059-S-2015', 2)":null,"('0059-S-2015', 3)":null,"('0059-S-2015', 4)":null,"('0059-S-2015', 5)":null},"Palabra Clave":{"('0059-S-2015', 0)":" ","('0059-S-2015', 1)":null,"('0059-S-2015', 2)":null,"('0059-S-2015', 3)":null,"('0059-S-2015', 4)":null,"('0059-S-2015', 5)":null}}