{"Tipo de Proyecto":{"('0060-PE-2015', 0)":"MENSAJE NRO: 0584\/15","('0060-PE-2015', 1)":null},"Iniciado en: ":{"('0060-PE-2015', 0)":"Senado","('0060-PE-2015', 1)":null},"Expediente Senado: ":{"('0060-PE-2015', 0)":"0060-PE-2015","('0060-PE-2015', 1)":null},"Publicado en: ":{"('0060-PE-2015', 0)":"DAE S.A. N\u00b0 3","('0060-PE-2015', 1)":null},"Fecha: ":{"('0060-PE-2015', 0)":"14\/04\/2015","('0060-PE-2015', 1)":null},"T\u00edtulo":{"('0060-PE-2015', 0)":"SOLICITA ACUERDO PARA DESIGNAR JUEZ DEL JUZGADO FEDERAL DE PRIMERA INSTANCIA DE ELDORADO, PROVINCIA DE MISIONES AL DOCTOR GUERRERO, MIGUEL ANGEL.","('0060-PE-2015', 1)":null},"('Firmantes', 'FIRMANTE')":{"('0060-PE-2015', 0)":"FERNANDEZ DE KIRCHNER, CRISTINA","('0060-PE-2015', 1)":"ALAK, JULIO"},"('Firmantes', 'DISTRITO')":{"('0060-PE-2015', 0)":null,"('0060-PE-2015', 1)":null},"('Firmantes', 'BLOQUE')":{"('0060-PE-2015', 0)":"PODER EJECUTIVO","('0060-PE-2015', 1)":"PODER EJECUTIVO"},"('Tramites', 'C\u00c1MARA')":{"('0060-PE-2015', 0)":"Senado","('0060-PE-2015', 1)":null},"('Tramites', 'MOVIMIENTO')":{"('0060-PE-2015', 0)":"CONSIDERACION Y APROBACION","('0060-PE-2015', 1)":null},"('Tramites', 'FECHA')":{"('0060-PE-2015', 0)":"27\/05\/2015","('0060-PE-2015', 1)":null},"('Tramites', 'RESULTADO')":{"('0060-PE-2015', 0)":"APROBADO","('0060-PE-2015', 1)":null},"Palabra Clave":{"('0060-PE-2015', 0)":" ","('0060-PE-2015', 1)":null}}