{"Tipo de Proyecto":{"('0061-PE-2015', 0)":"MENSAJE NRO: 0585\/15","('0061-PE-2015', 1)":null},"Iniciado en: ":{"('0061-PE-2015', 0)":"Senado","('0061-PE-2015', 1)":null},"Expediente Senado: ":{"('0061-PE-2015', 0)":"0061-PE-2015","('0061-PE-2015', 1)":null},"Publicado en: ":{"('0061-PE-2015', 0)":"DAE S.A. N\u00b0 3","('0061-PE-2015', 1)":null},"Fecha: ":{"('0061-PE-2015', 0)":"14\/04\/2015","('0061-PE-2015', 1)":null},"T\u00edtulo":{"('0061-PE-2015', 0)":"SOLICITA ACUERDO PARA DESIGNAR FISCAL GENERAL ANTE LA CAMARA NACIONAL DE APELACIONES EN LO PENAL ECONOMICO, FISCALIA N\u00b0 2 A LA DOCTORA ROBIGLIO, CAROLINA LAURA INES.","('0061-PE-2015', 1)":null},"('Firmantes', 'FIRMANTE')":{"('0061-PE-2015', 0)":"FERNANDEZ DE KIRCHNER, CRISTINA","('0061-PE-2015', 1)":"ALAK, JULIO"},"('Firmantes', 'DISTRITO')":{"('0061-PE-2015', 0)":null,"('0061-PE-2015', 1)":null},"('Firmantes', 'BLOQUE')":{"('0061-PE-2015', 0)":"PODER EJECUTIVO","('0061-PE-2015', 1)":"PODER EJECUTIVO"},"('Tramites', 'C\u00c1MARA')":{"('0061-PE-2015', 0)":"Senado","('0061-PE-2015', 1)":null},"('Tramites', 'MOVIMIENTO')":{"('0061-PE-2015', 0)":"CONSIDERACION Y APROBACION","('0061-PE-2015', 1)":null},"('Tramites', 'FECHA')":{"('0061-PE-2015', 0)":"27\/05\/2015","('0061-PE-2015', 1)":null},"('Tramites', 'RESULTADO')":{"('0061-PE-2015', 0)":"APROBADO","('0061-PE-2015', 1)":null},"Palabra Clave":{"('0061-PE-2015', 0)":" ","('0061-PE-2015', 1)":null}}