{"Tipo de Proyecto":{"('0061-D-2015', 0)":"PROYECTO DE RESOLUCI\u00d3N","('0061-D-2015', 1)":null,"('0061-D-2015', 2)":null,"('0061-D-2015', 3)":null,"('0061-D-2015', 4)":null,"('0061-D-2015', 5)":null,"('0061-D-2015', 6)":null,"('0061-D-2015', 7)":null,"('0061-D-2015', 8)":null,"('0061-D-2015', 9)":null,"('0061-D-2015', 10)":null,"('0061-D-2015', 11)":null,"('0061-D-2015', 12)":null,"('0061-D-2015', 13)":null},"Iniciado en: ":{"('0061-D-2015', 0)":"Diputados","('0061-D-2015', 1)":null,"('0061-D-2015', 2)":null,"('0061-D-2015', 3)":null,"('0061-D-2015', 4)":null,"('0061-D-2015', 5)":null,"('0061-D-2015', 6)":null,"('0061-D-2015', 7)":null,"('0061-D-2015', 8)":null,"('0061-D-2015', 9)":null,"('0061-D-2015', 10)":null,"('0061-D-2015', 11)":null,"('0061-D-2015', 12)":null,"('0061-D-2015', 13)":null},"Expediente Diputados: ":{"('0061-D-2015', 0)":"0061-D-2015","('0061-D-2015', 1)":null,"('0061-D-2015', 2)":null,"('0061-D-2015', 3)":null,"('0061-D-2015', 4)":null,"('0061-D-2015', 5)":null,"('0061-D-2015', 6)":null,"('0061-D-2015', 7)":null,"('0061-D-2015', 8)":null,"('0061-D-2015', 9)":null,"('0061-D-2015', 10)":null,"('0061-D-2015', 11)":null,"('0061-D-2015', 12)":null,"('0061-D-2015', 13)":null},"Publicado en: ":{"('0061-D-2015', 0)":"Tr\u00e1mite Parlamentario N\u00b0 1","('0061-D-2015', 1)":null,"('0061-D-2015', 2)":null,"('0061-D-2015', 3)":null,"('0061-D-2015', 4)":null,"('0061-D-2015', 5)":null,"('0061-D-2015', 6)":null,"('0061-D-2015', 7)":null,"('0061-D-2015', 8)":null,"('0061-D-2015', 9)":null,"('0061-D-2015', 10)":null,"('0061-D-2015', 11)":null,"('0061-D-2015', 12)":null,"('0061-D-2015', 13)":null},"Fecha: ":{"('0061-D-2015', 0)":"02\/03\/2015","('0061-D-2015', 1)":null,"('0061-D-2015', 2)":null,"('0061-D-2015', 3)":null,"('0061-D-2015', 4)":null,"('0061-D-2015', 5)":null,"('0061-D-2015', 6)":null,"('0061-D-2015', 7)":null,"('0061-D-2015', 8)":null,"('0061-D-2015', 9)":null,"('0061-D-2015', 10)":null,"('0061-D-2015', 11)":null,"('0061-D-2015', 12)":null,"('0061-D-2015', 13)":null},"T\u00edtulo":{"('0061-D-2015', 0)":"EXPRESAR PREOCUPACION POR LA DESIGNACION DE JUECES FEDERALES SUBROGANTES CON COMPETENCIA ELECTORAL EN VARIAS PROVINCIAS.","('0061-D-2015', 1)":null,"('0061-D-2015', 2)":null,"('0061-D-2015', 3)":null,"('0061-D-2015', 4)":null,"('0061-D-2015', 5)":null,"('0061-D-2015', 6)":null,"('0061-D-2015', 7)":null,"('0061-D-2015', 8)":null,"('0061-D-2015', 9)":null,"('0061-D-2015', 10)":null,"('0061-D-2015', 11)":null,"('0061-D-2015', 12)":null,"('0061-D-2015', 13)":null},"('Firmantes', 'FIRMANTE')":{"('0061-D-2015', 0)":"BINNER, HERMES JUAN","('0061-D-2015', 1)":"VILLATA, GRACIELA SUSANA","('0061-D-2015', 2)":"GIUBERGIA, MIGUEL ANGEL","('0061-D-2015', 3)":"ZABALZA, JUAN CARLOS","('0061-D-2015', 4)":"RIESTRA, ANTONIO SABINO","('0061-D-2015', 5)":"DONDA PEREZ, VICTORIA ANALIA","('0061-D-2015', 6)":"GARRIDO, MANUEL","('0061-D-2015', 7)":"RASINO, ELIDA ELENA","('0061-D-2015', 8)":"NEGRI, MARIO RAUL","('0061-D-2015', 9)":"TROIANO, GABRIELA ALEJANDRA","('0061-D-2015', 10)":"CICILIANI, ALICIA MABEL","('0061-D-2015', 11)":"RICCARDO, JOSE LUIS","('0061-D-2015', 12)":"CUCCOVILLO, RICARDO OSCAR","('0061-D-2015', 13)":"BARLETTA, MARIO DOMINGO"},"('Firmantes', 'DISTRITO')":{"('0061-D-2015', 0)":"SANTA FE","('0061-D-2015', 1)":"CORDOBA","('0061-D-2015', 2)":"JUJUY","('0061-D-2015', 3)":"SANTA FE","('0061-D-2015', 4)":"SANTA FE","('0061-D-2015', 5)":"BUENOS AIRES","('0061-D-2015', 6)":"CIUDAD de BUENOS AIRES","('0061-D-2015', 7)":"SANTA FE","('0061-D-2015', 8)":"CORDOBA","('0061-D-2015', 9)":"BUENOS AIRES","('0061-D-2015', 10)":"SANTA FE","('0061-D-2015', 11)":"SAN LUIS","('0061-D-2015', 12)":"BUENOS AIRES","('0061-D-2015', 13)":"SANTA FE"},"('Firmantes', 'BLOQUE')":{"('0061-D-2015', 0)":"PARTIDO SOCIALISTA","('0061-D-2015', 1)":"FRENTE CIVICO - CORDOBA","('0061-D-2015', 2)":"UCR","('0061-D-2015', 3)":"PARTIDO SOCIALISTA","('0061-D-2015', 4)":"UNIDAD POPULAR","('0061-D-2015', 5)":"LIBRES DEL SUR","('0061-D-2015', 6)":"UCR","('0061-D-2015', 7)":"PARTIDO SOCIALISTA","('0061-D-2015', 8)":"UCR","('0061-D-2015', 9)":"PARTIDO SOCIALISTA","('0061-D-2015', 10)":"PARTIDO SOCIALISTA","('0061-D-2015', 11)":"UCR","('0061-D-2015', 12)":"PARTIDO SOCIALISTA","('0061-D-2015', 13)":"UCR"},"('Giros', 'COMISI\u00d3N')":{"('0061-D-2015', 0)":"JUSTICIA","('0061-D-2015', 1)":null,"('0061-D-2015', 2)":null,"('0061-D-2015', 3)":null,"('0061-D-2015', 4)":null,"('0061-D-2015', 5)":null,"('0061-D-2015', 6)":null,"('0061-D-2015', 7)":null,"('0061-D-2015', 8)":null,"('0061-D-2015', 9)":null,"('0061-D-2015', 10)":null,"('0061-D-2015', 11)":null,"('0061-D-2015', 12)":null,"('0061-D-2015', 13)":null},"('Tramites', 'C\u00c1MARA')":{"('0061-D-2015', 0)":"Diputados","('0061-D-2015', 1)":null,"('0061-D-2015', 2)":null,"('0061-D-2015', 3)":null,"('0061-D-2015', 4)":null,"('0061-D-2015', 5)":null,"('0061-D-2015', 6)":null,"('0061-D-2015', 7)":null,"('0061-D-2015', 8)":null,"('0061-D-2015', 9)":null,"('0061-D-2015', 10)":null,"('0061-D-2015', 11)":null,"('0061-D-2015', 12)":null,"('0061-D-2015', 13)":null},"('Tramites', 'MOVIMIENTO')":{"('0061-D-2015', 0)":"SOLICITUD DE SER COFIRMANTE DEL DIPUTADO BARLETTA (A SUS ANTECEDENTES)","('0061-D-2015', 1)":null,"('0061-D-2015', 2)":null,"('0061-D-2015', 3)":null,"('0061-D-2015', 4)":null,"('0061-D-2015', 5)":null,"('0061-D-2015', 6)":null,"('0061-D-2015', 7)":null,"('0061-D-2015', 8)":null,"('0061-D-2015', 9)":null,"('0061-D-2015', 10)":null,"('0061-D-2015', 11)":null,"('0061-D-2015', 12)":null,"('0061-D-2015', 13)":null},"('Tramites', 'FECHA')":{"('0061-D-2015', 0)":null,"('0061-D-2015', 1)":null,"('0061-D-2015', 2)":null,"('0061-D-2015', 3)":null,"('0061-D-2015', 4)":null,"('0061-D-2015', 5)":null,"('0061-D-2015', 6)":null,"('0061-D-2015', 7)":null,"('0061-D-2015', 8)":null,"('0061-D-2015', 9)":null,"('0061-D-2015', 10)":null,"('0061-D-2015', 11)":null,"('0061-D-2015', 12)":null,"('0061-D-2015', 13)":null},"('Tramites', 'RESULTADO')":{"('0061-D-2015', 0)":null,"('0061-D-2015', 1)":null,"('0061-D-2015', 2)":null,"('0061-D-2015', 3)":null,"('0061-D-2015', 4)":null,"('0061-D-2015', 5)":null,"('0061-D-2015', 6)":null,"('0061-D-2015', 7)":null,"('0061-D-2015', 8)":null,"('0061-D-2015', 9)":null,"('0061-D-2015', 10)":null,"('0061-D-2015', 11)":null,"('0061-D-2015', 12)":null,"('0061-D-2015', 13)":null},"Link":{"('0061-D-2015', 0)":"https:\/\/www.hcdn.gob.ar\/proyectos\/textoCompleto.jsp?exp=0061-D-2015&tipo=RESOLUCION","('0061-D-2015', 1)":null,"('0061-D-2015', 2)":null,"('0061-D-2015', 3)":null,"('0061-D-2015', 4)":null,"('0061-D-2015', 5)":null,"('0061-D-2015', 6)":null,"('0061-D-2015', 7)":null,"('0061-D-2015', 8)":null,"('0061-D-2015', 9)":null,"('0061-D-2015', 10)":null,"('0061-D-2015', 11)":null,"('0061-D-2015', 12)":null,"('0061-D-2015', 13)":null},"Palabra Clave":{"('0061-D-2015', 0)":" ","('0061-D-2015', 1)":null,"('0061-D-2015', 2)":null,"('0061-D-2015', 3)":null,"('0061-D-2015', 4)":null,"('0061-D-2015', 5)":null,"('0061-D-2015', 6)":null,"('0061-D-2015', 7)":null,"('0061-D-2015', 8)":null,"('0061-D-2015', 9)":null,"('0061-D-2015', 10)":null,"('0061-D-2015', 11)":null,"('0061-D-2015', 12)":null,"('0061-D-2015', 13)":null}}