{"Tipo de Proyecto":{"('0062-D-2015', 0)":"PROYECTO DE RESOLUCI\u00d3N","('0062-D-2015', 1)":null},"Iniciado en: ":{"('0062-D-2015', 0)":"Diputados","('0062-D-2015', 1)":null},"Expediente Diputados: ":{"('0062-D-2015', 0)":"0062-D-2015","('0062-D-2015', 1)":null},"Publicado en: ":{"('0062-D-2015', 0)":"Tr\u00e1mite Parlamentario N\u00b0 1","('0062-D-2015', 1)":null},"Fecha: ":{"('0062-D-2015', 0)":"02\/03\/2015","('0062-D-2015', 1)":null},"T\u00edtulo":{"('0062-D-2015', 0)":"PEDIDO DE INFORMES  VERBALES AL SE\u00d1OR ADMINISTRADOR DE LA ADMINISTRACION FEDERAL DE INGRESOS PUBLICOS -AFIP-, SE\u00d1OR RICARDO ECHEGARAY, SOBRE LAS INSPECCIONES EN MATERIA DE SEGURIDAD SOCIAL REALIZADAS POR DICHO ORGANISMO, A DIVERSAS EMPRESAS PERTENECIENTES AL RUBRO DE SERVICIOS EVENTUALES.","('0062-D-2015', 1)":null},"('Firmantes', 'FIRMANTE')":{"('0062-D-2015', 0)":"BULLRICH, PATRICIA","('0062-D-2015', 1)":"SCHMIDT LIERMANN, CORNELIA"},"('Firmantes', 'DISTRITO')":{"('0062-D-2015', 0)":"CIUDAD de BUENOS AIRES","('0062-D-2015', 1)":"CIUDAD de BUENOS AIRES"},"('Firmantes', 'BLOQUE')":{"('0062-D-2015', 0)":"UNION PRO","('0062-D-2015', 1)":"UNION PRO"},"('Giros', 'COMISI\u00d3N')":{"('0062-D-2015', 0)":"ASUNTOS CONSTITUCIONALES","('0062-D-2015', 1)":"PRESUPUESTO Y HACIENDA"},"Link":{"('0062-D-2015', 0)":"https:\/\/www.hcdn.gob.ar\/proyectos\/textoCompleto.jsp?exp=0062-D-2015&tipo=RESOLUCION","('0062-D-2015', 1)":null},"Palabra Clave":{"('0062-D-2015', 0)":" ","('0062-D-2015', 1)":null}}