{"Tipo de Proyecto":{"('0062-PE-2015', 0)":"MENSAJE NRO: 0586\/15","('0062-PE-2015', 1)":null},"Iniciado en: ":{"('0062-PE-2015', 0)":"Senado","('0062-PE-2015', 1)":null},"Expediente Senado: ":{"('0062-PE-2015', 0)":"0062-PE-2015","('0062-PE-2015', 1)":null},"Publicado en: ":{"('0062-PE-2015', 0)":"DAE S.A. N\u00b0 3","('0062-PE-2015', 1)":null},"Fecha: ":{"('0062-PE-2015', 0)":"14\/04\/2015","('0062-PE-2015', 1)":null},"T\u00edtulo":{"('0062-PE-2015', 0)":"SOLICITA ACUERDO PARA DESIGNAR FISCAL GENERAL ANTE LA CAMARA NACIONAL DE APELACIONES EN LO PENAL ECONOMICO, FISCALIA N\u00b0 1 AL DOCTOR PEREZ BARBERA, GABRIEL EDUARDO.","('0062-PE-2015', 1)":null},"('Firmantes', 'FIRMANTE')":{"('0062-PE-2015', 0)":"FERNANDEZ DE KIRCHNER, CRISTINA","('0062-PE-2015', 1)":"ALAK, JULIO"},"('Firmantes', 'DISTRITO')":{"('0062-PE-2015', 0)":null,"('0062-PE-2015', 1)":null},"('Firmantes', 'BLOQUE')":{"('0062-PE-2015', 0)":"PODER EJECUTIVO","('0062-PE-2015', 1)":"PODER EJECUTIVO"},"('Tramites', 'C\u00c1MARA')":{"('0062-PE-2015', 0)":"Senado","('0062-PE-2015', 1)":null},"('Tramites', 'MOVIMIENTO')":{"('0062-PE-2015', 0)":"CONSIDERACION Y APROBACION","('0062-PE-2015', 1)":null},"('Tramites', 'FECHA')":{"('0062-PE-2015', 0)":"27\/05\/2015","('0062-PE-2015', 1)":null},"('Tramites', 'RESULTADO')":{"('0062-PE-2015', 0)":"APROBADO","('0062-PE-2015', 1)":null},"Palabra Clave":{"('0062-PE-2015', 0)":" ","('0062-PE-2015', 1)":null}}