{"Tipo de Proyecto":{"('0064-OV-2015', 0)":"PROYECTO DE RESOLUCI\u00d3N"},"Iniciado en: ":{"('0064-OV-2015', 0)":"Senado"},"Expediente Senado: ":{"('0064-OV-2015', 0)":"0064-OV-2015"},"Fecha: ":{"('0064-OV-2015', 0)":"30\/11\/2017"},"T\u00edtulo":{"('0064-OV-2015', 0)":"PEDIDO DE INFORMES AL PODER EJECUTIVO SOBRE RESOLUCIONES REMITIDAS POR LA AUDITORIA GENERAL DE LA NACION 47\/15 Y 125\/16, MEDIANTE LAS CUALES SE APRUEBA EL MEMORANDO SOBRE EL SISTEMA DE CONTROL INTERNO CORRESPONDIENTES A LOS EJERCICIOS FINALIZADOS EL 31\/12\/2014 Y 31\/12\/2015, RESPECTIVAMENTE, DEL BANCO DE INVERSION Y COMERCIO EXTERIOR S.A. (0064-OV-15 Y 0215-OV-16)."},"('Firmantes', 'FIRMANTE')":{"('0064-OV-2015', 0)":"PARLAMENTARIA MIXTA REVISORA DE CUENTAS"},"('Firmantes', 'DISTRITO')":{"('0064-OV-2015', 0)":null},"('Firmantes', 'BLOQUE')":{"('0064-OV-2015', 0)":null},"Link":{"('0064-OV-2015', 0)":"http:\/\/www.senado.gov.ar\/parlamentario\/comisiones\/verExp\/64.15\/OV\/PR"},"Palabra Clave":{"('0064-OV-2015', 0)":" "}}