{"Tipo de Proyecto":{"('0065-D-2015', 0)":"PROYECTO DE DECLARACI\u00d3N","('0065-D-2015', 1)":null},"Iniciado en: ":{"('0065-D-2015', 0)":"Diputados","('0065-D-2015', 1)":null},"Expediente Diputados: ":{"('0065-D-2015', 0)":"0065-D-2015","('0065-D-2015', 1)":null},"Publicado en: ":{"('0065-D-2015', 0)":"Tr\u00e1mite Parlamentario N\u00b0 1","('0065-D-2015', 1)":null},"Fecha: ":{"('0065-D-2015', 0)":"02\/03\/2015","('0065-D-2015', 1)":null},"T\u00edtulo":{"('0065-D-2015', 0)":"EXPRESAR REPUDIO POR LAS AMENAZAS DE MUERTE RECIBIDAS POR EL PERIODISTA JUAN CRUZ SANZ DEL PORTAL DE NOTICIAS  \"INFOBAE.COM\".","('0065-D-2015', 1)":null},"('Firmantes', 'FIRMANTE')":{"('0065-D-2015', 0)":"BULLRICH, PATRICIA","('0065-D-2015', 1)":"SCHMIDT LIERMANN, CORNELIA"},"('Firmantes', 'DISTRITO')":{"('0065-D-2015', 0)":"CIUDAD de BUENOS AIRES","('0065-D-2015', 1)":"CIUDAD de BUENOS AIRES"},"('Firmantes', 'BLOQUE')":{"('0065-D-2015', 0)":"UNION PRO","('0065-D-2015', 1)":"UNION PRO"},"('Giros', 'COMISI\u00d3N')":{"('0065-D-2015', 0)":"LIBERTAD DE EXPRESION","('0065-D-2015', 1)":null},"Link":{"('0065-D-2015', 0)":"https:\/\/www.hcdn.gob.ar\/proyectos\/textoCompleto.jsp?exp=0065-D-2015&tipo=DECLARACION","('0065-D-2015', 1)":null},"Palabra Clave":{"('0065-D-2015', 0)":" ","('0065-D-2015', 1)":null}}