{"Tipo de Proyecto":{"('0065-OV-2015', 0)":"PROYECTO DE RESOLUCI\u00d3N"},"Iniciado en: ":{"('0065-OV-2015', 0)":"Senado"},"Expediente Senado: ":{"('0065-OV-2015', 0)":"0065-OV-2015"},"Fecha: ":{"('0065-OV-2015', 0)":"16\/10\/2018"},"T\u00edtulo":{"('0065-OV-2015', 0)":"RESOLUCION REMITIDA POR LA AUDITORIA GENERAL DE LA NACION 48\/15, MEDIANTE LA CUAL SE APRUEBA EL INFORME ESPECIAL SOBRE LA EXISTENCIA Y FUNCIONAMIENTO DE LOS PROCEDIMIENTOS DE LOS PROCEDIMIENTOS DE CONTROL INTERNO QUE APLICA LA ENTIDAD PARA CUMPLIR CON LAS NORMAS DE LA UNIDAD DE INFORMACION FINANCIERA (UIF) Y DEL BCRA EN MATERIA DE PREVENCION DEL LAVADO DE ACTIVOS DE ORIGEN DELICTIVO REFERIDO AL BANCO DE INVERSION Y COMERCIO EXTERIOR S.A. - ESTADOS CONTABLES AL 31\/12\/2014."},"('Firmantes', 'FIRMANTE')":{"('0065-OV-2015', 0)":"PARLAMENTARIA MIXTA REVISORA DE CUENTAS"},"('Firmantes', 'DISTRITO')":{"('0065-OV-2015', 0)":null},"('Firmantes', 'BLOQUE')":{"('0065-OV-2015', 0)":null},"Sumario":{"('0065-OV-2015', 0)":"HABIENDO TOMADO CONOCIMIENTO Y SIN PERJUICIO DE ULTERIORES MEDIDAS QUE PUEDAN ADOPTARSE, SE ACONSEJA SU REMISION AL ARCHIVO."},"Palabra Clave":{"('0065-OV-2015', 0)":" "}}