{"Tipo de Proyecto":{"('0065-S-2015', 0)":"PROYECTO DE LEY","('0065-S-2015', 1)":null,"('0065-S-2015', 2)":null,"('0065-S-2015', 3)":null,"('0065-S-2015', 4)":null,"('0065-S-2015', 5)":null,"('0065-S-2015', 6)":null,"('0065-S-2015', 7)":null,"('0065-S-2015', 8)":null},"Iniciado en: ":{"('0065-S-2015', 0)":"Senado","('0065-S-2015', 1)":null,"('0065-S-2015', 2)":null,"('0065-S-2015', 3)":null,"('0065-S-2015', 4)":null,"('0065-S-2015', 5)":null,"('0065-S-2015', 6)":null,"('0065-S-2015', 7)":null,"('0065-S-2015', 8)":null},"Expediente Senado: ":{"('0065-S-2015', 0)":"0065-S-2015","('0065-S-2015', 1)":null,"('0065-S-2015', 2)":null,"('0065-S-2015', 3)":null,"('0065-S-2015', 4)":null,"('0065-S-2015', 5)":null,"('0065-S-2015', 6)":null,"('0065-S-2015', 7)":null,"('0065-S-2015', 8)":null},"Publicado en: ":{"('0065-S-2015', 0)":"Diario de Asuntos Entrados N\u00b0 4","('0065-S-2015', 1)":null,"('0065-S-2015', 2)":null,"('0065-S-2015', 3)":null,"('0065-S-2015', 4)":null,"('0065-S-2015', 5)":null,"('0065-S-2015', 6)":null,"('0065-S-2015', 7)":null,"('0065-S-2015', 8)":null},"Fecha: ":{"('0065-S-2015', 0)":"02\/03\/2015","('0065-S-2015', 1)":null,"('0065-S-2015', 2)":null,"('0065-S-2015', 3)":null,"('0065-S-2015', 4)":null,"('0065-S-2015', 5)":null,"('0065-S-2015', 6)":null,"('0065-S-2015', 7)":null,"('0065-S-2015', 8)":null},"T\u00edtulo":{"('0065-S-2015', 0)":"CREACION DE LA COMISION BICAMERAL INVESTIGADORA SOBRE LA LEY 26843 (APROBACION DEL MEMORANDUM DE ENTENDIMIENTO CON EL GOBIERNO DE LA REPUBLICA ISLAMICA DE IRAN), RESPECTO DEL ATAQUE TERRORISTA A LA SEDE DE LA AMIA EN 1994. ","('0065-S-2015', 1)":null,"('0065-S-2015', 2)":null,"('0065-S-2015', 3)":null,"('0065-S-2015', 4)":null,"('0065-S-2015', 5)":null,"('0065-S-2015', 6)":null,"('0065-S-2015', 7)":null,"('0065-S-2015', 8)":null},"('Firmantes', 'FIRMANTE')":{"('0065-S-2015', 0)":"MORALES, GERARDO RUBEN","('0065-S-2015', 1)":"BORELLO, MARTA","('0065-S-2015', 2)":"ARTAZA, EUGENIO JUSTINIANO","('0065-S-2015', 3)":"MONLLAU, BLANCA MARIA DEL VALLE","('0065-S-2015', 4)":"CASTILLO, OSCAR ANIBAL","('0065-S-2015', 5)":"SANZ, ERNESTO RICARDO","('0065-S-2015', 6)":"MARTINEZ, ALFREDO ANSELMO","('0065-S-2015', 7)":"ELIAS DE PEREZ, SILVIA BEATRIZ","('0065-S-2015', 8)":"PETCOFF NAIDENOFF, LUIS CARLOS"},"('Firmantes', 'DISTRITO')":{"('0065-S-2015', 0)":"JUJUY","('0065-S-2015', 1)":"CORDOBA","('0065-S-2015', 2)":"CORRIENTES","('0065-S-2015', 3)":"CATAMARCA","('0065-S-2015', 4)":"CATAMARCA","('0065-S-2015', 5)":"MENDOZA","('0065-S-2015', 6)":"SANTA CRUZ","('0065-S-2015', 7)":"TUCUMAN","('0065-S-2015', 8)":"FORMOSA"},"('Firmantes', 'BLOQUE')":{"('0065-S-2015', 0)":"UCR","('0065-S-2015', 1)":"UCR","('0065-S-2015', 2)":"UCR","('0065-S-2015', 3)":"FRENTE CIVICO Y SOCIAL DE CATAMARCA","('0065-S-2015', 4)":"FRENTE CIVICO Y SOCIAL DE CATAMARCA","('0065-S-2015', 5)":"UCR","('0065-S-2015', 6)":"UCR","('0065-S-2015', 7)":"UCR","('0065-S-2015', 8)":"UCR"},"Link":{"('0065-S-2015', 0)":"http:\/\/www.senado.gov.ar\/parlamentario\/comisiones\/verExp\/65.15\/S\/PL","('0065-S-2015', 1)":null,"('0065-S-2015', 2)":null,"('0065-S-2015', 3)":null,"('0065-S-2015', 4)":null,"('0065-S-2015', 5)":null,"('0065-S-2015', 6)":null,"('0065-S-2015', 7)":null,"('0065-S-2015', 8)":null},"Palabra Clave":{"('0065-S-2015', 0)":" ","('0065-S-2015', 1)":null,"('0065-S-2015', 2)":null,"('0065-S-2015', 3)":null,"('0065-S-2015', 4)":null,"('0065-S-2015', 5)":null,"('0065-S-2015', 6)":null,"('0065-S-2015', 7)":null,"('0065-S-2015', 8)":null}}