{"Tipo de Proyecto":{"('0067-PE-2015', 0)":"MENSAJE NRO: 0592\/15","('0067-PE-2015', 1)":null},"Iniciado en: ":{"('0067-PE-2015', 0)":"Senado","('0067-PE-2015', 1)":null},"Expediente Senado: ":{"('0067-PE-2015', 0)":"0067-PE-2015","('0067-PE-2015', 1)":null},"Publicado en: ":{"('0067-PE-2015', 0)":"DAE S.A. N\u00b0 3","('0067-PE-2015', 1)":null},"Fecha: ":{"('0067-PE-2015', 0)":"14\/04\/2015","('0067-PE-2015', 1)":null},"T\u00edtulo":{"('0067-PE-2015', 0)":"SOLICITAR ACUERDO PARA DESIGNAR FISCAL ANTE LOS JUZGADOS FEDERALES DE PRIMERA INSTANCIA DE AZUL, PROVINCIA DE BUENOS AIRES, FISCALIA CON ASIENTO EN TANDIL, A LA DOCTORA RAMOS, MARIA ANGELES.","('0067-PE-2015', 1)":null},"('Firmantes', 'FIRMANTE')":{"('0067-PE-2015', 0)":"FERNANDEZ DE KIRCHNER, CRISTINA","('0067-PE-2015', 1)":"ALAK, JULIO"},"('Firmantes', 'DISTRITO')":{"('0067-PE-2015', 0)":null,"('0067-PE-2015', 1)":null},"('Firmantes', 'BLOQUE')":{"('0067-PE-2015', 0)":"PODER EJECUTIVO","('0067-PE-2015', 1)":"PODER EJECUTIVO"},"('Tramites', 'C\u00c1MARA')":{"('0067-PE-2015', 0)":"Senado","('0067-PE-2015', 1)":null},"('Tramites', 'MOVIMIENTO')":{"('0067-PE-2015', 0)":"CONSIDERACION Y APROBACION","('0067-PE-2015', 1)":null},"('Tramites', 'FECHA')":{"('0067-PE-2015', 0)":"27\/05\/2015","('0067-PE-2015', 1)":null},"('Tramites', 'RESULTADO')":{"('0067-PE-2015', 0)":"APROBADO","('0067-PE-2015', 1)":null},"Palabra Clave":{"('0067-PE-2015', 0)":" ","('0067-PE-2015', 1)":null}}