{"Tipo de Proyecto":{"('0067-S-2015', 0)":"COMUNICACION"},"Iniciado en: ":{"('0067-S-2015', 0)":"Senado"},"Expediente Senado: ":{"('0067-S-2015', 0)":"0067-S-2015"},"Publicado en: ":{"('0067-S-2015', 0)":"Diario de Asuntos Entrados N\u00b0 4"},"Fecha: ":{"('0067-S-2015', 0)":"02\/03\/2015"},"T\u00edtulo":{"('0067-S-2015', 0)":"SOLICITAR AL PODER EJECUTIVO NACIONAL LAS MEDIDAS PARA QUE SE ACTUALICEN LOS MINIMOS NO IMPONIBLES PARA EL IMPUESTO A LAS GANANCIAS Y A LOS BIENES PERSONALES. "},"('Firmantes', 'FIRMANTE')":{"('0067-S-2015', 0)":"ROMERO, JUAN CARLOS"},"('Firmantes', 'DISTRITO')":{"('0067-S-2015', 0)":"SALTA"},"('Firmantes', 'BLOQUE')":{"('0067-S-2015', 0)":"JUSTICIALISTA 8 DE OCTUBRE"},"Link":{"('0067-S-2015', 0)":"http:\/\/www.senado.gov.ar\/parlamentario\/comisiones\/verExp\/67.15\/S\/PC"},"Palabra Clave":{"('0067-S-2015', 0)":" "}}