{"Tipo de Proyecto":{"('0068-D-2015', 0)":"PROYECTO DE DECLARACI\u00d3N"},"Iniciado en: ":{"('0068-D-2015', 0)":"Diputados"},"Expediente Diputados: ":{"('0068-D-2015', 0)":"0068-D-2015"},"Publicado en: ":{"('0068-D-2015', 0)":"Tr\u00e1mite Parlamentario N\u00b0 1"},"Fecha: ":{"('0068-D-2015', 0)":"02\/03\/2015"},"T\u00edtulo":{"('0068-D-2015', 0)":"RENDIR HOMENAJE A NATALIO ALBERTO NISMAN, FISCAL A CARGO DE LA INVESTIGACION DEL ATENTADO A LA SEDE DE LA \"AMIA - ASOCIACION MUTUAL ISRAELITA ARGENTINA -\", QUIEN FALLECIERA EL DIA 18 DE ENERO DE 2015."},"('Firmantes', 'FIRMANTE')":{"('0068-D-2015', 0)":"ALONSO, LAURA"},"('Firmantes', 'DISTRITO')":{"('0068-D-2015', 0)":"CIUDAD de BUENOS AIRES"},"('Firmantes', 'BLOQUE')":{"('0068-D-2015', 0)":"UNION PRO"},"('Giros', 'COMISI\u00d3N')":{"('0068-D-2015', 0)":"LABOR PARLAMENTARIA"},"Link":{"('0068-D-2015', 0)":"https:\/\/www.hcdn.gob.ar\/proyectos\/textoCompleto.jsp?exp=0068-D-2015&tipo=DECLARACION"},"Palabra Clave":{"('0068-D-2015', 0)":" "}}