{"Tipo de Proyecto":{"('0069-D-2015', 0)":"PROYECTO DE DECLARACI\u00d3N"},"Iniciado en: ":{"('0069-D-2015', 0)":"Diputados"},"Expediente Diputados: ":{"('0069-D-2015', 0)":"0069-D-2015"},"Publicado en: ":{"('0069-D-2015', 0)":"Tr\u00e1mite Parlamentario N\u00b0 1"},"Fecha: ":{"('0069-D-2015', 0)":"02\/03\/2015"},"T\u00edtulo":{"('0069-D-2015', 0)":"EXPRESAR PREOCUPACION POR LA DETENCION DEL ALCALDE DE CARACAS, REPUBLICA BOLIVARIANA DE VENEZUELA, SE\u00d1OR ANTONIO LEDEZMA."},"('Firmantes', 'FIRMANTE')":{"('0069-D-2015', 0)":"ALONSO, LAURA"},"('Firmantes', 'DISTRITO')":{"('0069-D-2015', 0)":"CIUDAD de BUENOS AIRES"},"('Firmantes', 'BLOQUE')":{"('0069-D-2015', 0)":"UNION PRO"},"('Giros', 'COMISI\u00d3N')":{"('0069-D-2015', 0)":"RELACIONES EXTERIORES Y CULTO"},"Link":{"('0069-D-2015', 0)":"https:\/\/www.hcdn.gob.ar\/proyectos\/textoCompleto.jsp?exp=0069-D-2015&tipo=DECLARACION"},"Palabra Clave":{"('0069-D-2015', 0)":" "}}