{"Tipo de Proyecto":{"('0069-S-2015', 0)":"MENSAJE NRO: 0009\/15 Y PROYECTO DE LEY","('0069-S-2015', 1)":null,"('0069-S-2015', 2)":null,"('0069-S-2015', 3)":null,"('0069-S-2015', 4)":null,"('0069-S-2015', 5)":null},"Iniciado en: ":{"('0069-S-2015', 0)":"Senado","('0069-S-2015', 1)":null,"('0069-S-2015', 2)":null,"('0069-S-2015', 3)":null,"('0069-S-2015', 4)":null,"('0069-S-2015', 5)":null},"Expediente Diputados: ":{"('0069-S-2015', 0)":"0069-S-2015","('0069-S-2015', 1)":null,"('0069-S-2015', 2)":null,"('0069-S-2015', 3)":null,"('0069-S-2015', 4)":null,"('0069-S-2015', 5)":null},"Expediente Senado: ":{"('0069-S-2015', 0)":"0421-PE-2014","('0069-S-2015', 1)":null,"('0069-S-2015', 2)":null,"('0069-S-2015', 3)":null,"('0069-S-2015', 4)":null,"('0069-S-2015', 5)":null},"Publicado en: ":{"('0069-S-2015', 0)":"Diario de Asuntos Entrados N\u00b0 221","('0069-S-2015', 1)":null,"('0069-S-2015', 2)":null,"('0069-S-2015', 3)":null,"('0069-S-2015', 4)":null,"('0069-S-2015', 5)":null},"Fecha: ":{"('0069-S-2015', 0)":"07\/01\/2015","('0069-S-2015', 1)":null,"('0069-S-2015', 2)":null,"('0069-S-2015', 3)":null,"('0069-S-2015', 4)":null,"('0069-S-2015', 5)":null},"T\u00edtulo":{"('0069-S-2015', 0)":"DECLARAR DE INTERES NACIONAL LAS ETAPAS DE LA PRODUCCION PRIMARIA, ELABORACION, TRANSFORMACION, TRANSPORTE, COMERCIALIZACION Y CONSUMO DE AGROALIMENTOS Y CONTROL DE LOS INSUMOS Y PRODUCTOS DE ORIGEN AGROPECUARIO QUE INGRESEN AL PAIS.","('0069-S-2015', 1)":null,"('0069-S-2015', 2)":null,"('0069-S-2015', 3)":null,"('0069-S-2015', 4)":null,"('0069-S-2015', 5)":null},"('Firmantes', 'FIRMANTE')":{"('0069-S-2015', 0)":"FERNANDEZ DE KIRCHNER, CRISTINA","('0069-S-2015', 1)":"CAPITANICH, JORGE","('0069-S-2015', 2)":"CASAMIQUELA, CARLOS HORACIO","('0069-S-2015', 3)":null,"('0069-S-2015', 4)":null,"('0069-S-2015', 5)":null},"('Firmantes', 'DISTRITO')":{"('0069-S-2015', 0)":null,"('0069-S-2015', 1)":null,"('0069-S-2015', 2)":null,"('0069-S-2015', 3)":null,"('0069-S-2015', 4)":null,"('0069-S-2015', 5)":null},"('Firmantes', 'BLOQUE')":{"('0069-S-2015', 0)":"PODER EJECUTIVO","('0069-S-2015', 1)":"PODER EJECUTIVO","('0069-S-2015', 2)":"PODER EJECUTIVO","('0069-S-2015', 3)":null,"('0069-S-2015', 4)":null,"('0069-S-2015', 5)":null},"('Giros', 'COMISI\u00d3N')":{"('0069-S-2015', 0)":"AGRICULTURA Y GANADERIA","('0069-S-2015', 1)":"PRESUPUESTO Y HACIENDA","('0069-S-2015', 2)":null,"('0069-S-2015', 3)":null,"('0069-S-2015', 4)":null,"('0069-S-2015', 5)":null},"('Tramites', 'C\u00c1MARA')":{"('0069-S-2015', 0)":"Senado","('0069-S-2015', 1)":"Diputados","('0069-S-2015', 2)":"Diputados","('0069-S-2015', 3)":"Diputados","('0069-S-2015', 4)":"Diputados","('0069-S-2015', 5)":"Diputados"},"('Tramites', 'MOVIMIENTO')":{"('0069-S-2015', 0)":"CONSIDERACION Y APROBACION","('0069-S-2015', 1)":"PASA A DIPUTADOS -","('0069-S-2015', 2)":"CITACION SESION ESPECIAL","('0069-S-2015', 3)":"CONSIDERACION Y SANCION","('0069-S-2015', 4)":"INSERCION DE LOS DIPUTADOS DEL CA\u00d1O Y BREGMAN SOBRE SENTIDO DE SU VOTO","('0069-S-2015', 5)":"INSERCION DEL DIPUTADO LOPEZ SOBRE SENTIDO DE SU VOTO"},"('Tramites', 'FECHA')":{"('0069-S-2015', 0)":"01\/07\/2015","('0069-S-2015', 1)":null,"('0069-S-2015', 2)":"26\/11\/2015","('0069-S-2015', 3)":"26\/11\/2015","('0069-S-2015', 4)":"26\/11\/2015","('0069-S-2015', 5)":"26\/11\/2015"},"('Tramites', 'RESULTADO')":{"('0069-S-2015', 0)":"MEDIA SANCION","('0069-S-2015', 1)":null,"('0069-S-2015', 2)":null,"('0069-S-2015', 3)":"SANCIONADO","('0069-S-2015', 4)":null,"('0069-S-2015', 5)":null},"Sumario":{"('0069-S-2015', 0)":"COMPETENCIA Y FACULTADES DEL SERVICIO NACIONAL DE SANIDAD Y CALIDAD AGROALIMENTARIA (SENASA); SANCIONES.","('0069-S-2015', 1)":null,"('0069-S-2015', 2)":null,"('0069-S-2015', 3)":null,"('0069-S-2015', 4)":null,"('0069-S-2015', 5)":null},"Palabra Clave":{"('0069-S-2015', 0)":" ","('0069-S-2015', 1)":null,"('0069-S-2015', 2)":null,"('0069-S-2015', 3)":null,"('0069-S-2015', 4)":null,"('0069-S-2015', 5)":null}}