{"Tipo de Proyecto":{"('0071-PE-2015', 0)":"MENSAJE NRO: 0595\/15","('0071-PE-2015', 1)":null},"Iniciado en: ":{"('0071-PE-2015', 0)":"Senado","('0071-PE-2015', 1)":null},"Expediente Senado: ":{"('0071-PE-2015', 0)":"0071-PE-2015","('0071-PE-2015', 1)":null},"Publicado en: ":{"('0071-PE-2015', 0)":"DAE S.A. N\u00b0 3","('0071-PE-2015', 1)":null},"Fecha: ":{"('0071-PE-2015', 0)":"14\/04\/2015","('0071-PE-2015', 1)":null},"T\u00edtulo":{"('0071-PE-2015', 0)":"SOLICITA ACUERDO PARA DESIGNAR FISCAL ANTE LOS JUZGADOS NACIONALES DE PRIMERA INSTANCIA EN LO CRIMINAL Y CORRECCIONAL FEDERAL DE LA CAPITAL FEDERAL, FISCALIA N\u00b0 10, A LA DOCTORA OCHOA, MARIA PALOMA.","('0071-PE-2015', 1)":null},"('Firmantes', 'FIRMANTE')":{"('0071-PE-2015', 0)":"FERNANDEZ DE KIRCHNER, CRISTINA","('0071-PE-2015', 1)":"ALAK, JULIO"},"('Firmantes', 'DISTRITO')":{"('0071-PE-2015', 0)":null,"('0071-PE-2015', 1)":null},"('Firmantes', 'BLOQUE')":{"('0071-PE-2015', 0)":"PODER EJECUTIVO","('0071-PE-2015', 1)":"PODER EJECUTIVO"},"('Tramites', 'C\u00c1MARA')":{"('0071-PE-2015', 0)":"Senado","('0071-PE-2015', 1)":null},"('Tramites', 'MOVIMIENTO')":{"('0071-PE-2015', 0)":"CONSIDERACION Y APROBACION","('0071-PE-2015', 1)":null},"('Tramites', 'FECHA')":{"('0071-PE-2015', 0)":"27\/05\/2015","('0071-PE-2015', 1)":null},"('Tramites', 'RESULTADO')":{"('0071-PE-2015', 0)":"APROBADO","('0071-PE-2015', 1)":null},"Palabra Clave":{"('0071-PE-2015', 0)":" ","('0071-PE-2015', 1)":null}}