{"Tipo de Proyecto":{"('0071-D-2015', 0)":"PROYECTO DE LEY","('0071-D-2015', 1)":null},"Iniciado en: ":{"('0071-D-2015', 0)":"Diputados","('0071-D-2015', 1)":null},"Expediente Diputados: ":{"('0071-D-2015', 0)":"0071-D-2015","('0071-D-2015', 1)":null},"Publicado en: ":{"('0071-D-2015', 0)":"Tr\u00e1mite Parlamentario N\u00b0 1","('0071-D-2015', 1)":null},"Fecha: ":{"('0071-D-2015', 0)":"02\/03\/2015","('0071-D-2015', 1)":null},"T\u00edtulo":{"('0071-D-2015', 0)":"REGIMEN PENAL PARA LA PREVENCION Y REPRESION DE LA VIOLENCIA EN ESPECTACULOS DEPORTIVOS Y\/ O CULTURALES, LEY 24192; MODIFICACIONES (REPRODUCCION DEL EXPEDIENTE 0527-D-13).","('0071-D-2015', 1)":null},"('Firmantes', 'FIRMANTE')":{"('0071-D-2015', 0)":"BIANCHI, IVANA MARIA","('0071-D-2015', 1)":null},"('Firmantes', 'DISTRITO')":{"('0071-D-2015', 0)":"SAN LUIS","('0071-D-2015', 1)":null},"('Firmantes', 'BLOQUE')":{"('0071-D-2015', 0)":"COMPROMISO FEDERAL","('0071-D-2015', 1)":null},"('Giros', 'COMISI\u00d3N')":{"('0071-D-2015', 0)":"LEGISLACION PENAL","('0071-D-2015', 1)":"LEGISLACION GENERAL"},"('Tramites', 'C\u00c1MARA')":{"('0071-D-2015', 0)":"Diputados","('0071-D-2015', 1)":null},"('Tramites', 'MOVIMIENTO')":{"('0071-D-2015', 0)":"REPRODUCIDO POR EXPEDIENTE 1703-D-17","('0071-D-2015', 1)":null},"('Tramites', 'FECHA')":{"('0071-D-2015', 0)":null,"('0071-D-2015', 1)":null},"('Tramites', 'RESULTADO')":{"('0071-D-2015', 0)":null,"('0071-D-2015', 1)":null},"Sumario":{"('0071-D-2015', 0)":"MODIFICACION DE LOS ARTICULOS 1, 4, 7, 9, ARTICULO 10 EN SUS INCISOS A) Y C) Y ARTICULO 11; INCORPORACION DE ARTICULOS 13 BIS Y 13 TER; SUSTITUCION DE ARTICULOS 44 Y 45 DEL CAPITULO III.","('0071-D-2015', 1)":null},"Palabra Clave":{"('0071-D-2015', 0)":" ","('0071-D-2015', 1)":null}}