{"Tipo de Proyecto":{"('0071-S-2015', 0)":"MENSAJE NRO: 0911\/15 Y PROYECTO DE LEY","('0071-S-2015', 1)":null,"('0071-S-2015', 2)":null,"('0071-S-2015', 3)":null},"Iniciado en: ":{"('0071-S-2015', 0)":"Senado","('0071-S-2015', 1)":null,"('0071-S-2015', 2)":null,"('0071-S-2015', 3)":null},"Expediente Diputados: ":{"('0071-S-2015', 0)":"0071-S-2015","('0071-S-2015', 1)":null,"('0071-S-2015', 2)":null,"('0071-S-2015', 3)":null},"Expediente Senado: ":{"('0071-S-2015', 0)":"0112-PE-2015","('0071-S-2015', 1)":null,"('0071-S-2015', 2)":null,"('0071-S-2015', 3)":null},"Publicado en: ":{"('0071-S-2015', 0)":"Diario de Asuntos Entrados N\u00b0 90","('0071-S-2015', 1)":null,"('0071-S-2015', 2)":null,"('0071-S-2015', 3)":null},"Fecha: ":{"('0071-S-2015', 0)":"27\/05\/2015","('0071-S-2015', 1)":null,"('0071-S-2015', 2)":null,"('0071-S-2015', 3)":null},"T\u00edtulo":{"('0071-S-2015', 0)":"SUSTITUCION DEL ANEXO XVII DE LA LEY 26962, POR EL CUAL SE AUTORIZA LA SALIDA DE PERSONAL Y MEDIOS DE LA ARMADA ARGENTINA DEL TERRITORIO DE LA NACION, PARA PARTICIPAR EN EL EJERCICIO COMBINADO \"ACRUX\". ","('0071-S-2015', 1)":null,"('0071-S-2015', 2)":null,"('0071-S-2015', 3)":null},"('Firmantes', 'FIRMANTE')":{"('0071-S-2015', 0)":"FERNANDEZ DE KIRCHNER, CRISTINA","('0071-S-2015', 1)":"FERNANDEZ, ANIBAL","('0071-S-2015', 2)":"ROSSI, AGUSTIN OSCAR","('0071-S-2015', 3)":"TIMERMAN, HECTOR MARCOS"},"('Firmantes', 'DISTRITO')":{"('0071-S-2015', 0)":null,"('0071-S-2015', 1)":null,"('0071-S-2015', 2)":null,"('0071-S-2015', 3)":null},"('Firmantes', 'BLOQUE')":{"('0071-S-2015', 0)":"PODER EJECUTIVO","('0071-S-2015', 1)":"PODER EJECUTIVO","('0071-S-2015', 2)":"PODER EJECUTIVO","('0071-S-2015', 3)":"PODER EJECUTIVO"},"('Giros', 'COMISI\u00d3N')":{"('0071-S-2015', 0)":"RELACIONES EXTERIORES Y CULTO","('0071-S-2015', 1)":"DEFENSA NACIONAL","('0071-S-2015', 2)":null,"('0071-S-2015', 3)":null},"('Tramites', 'C\u00c1MARA')":{"('0071-S-2015', 0)":"Senado","('0071-S-2015', 1)":"Diputados","('0071-S-2015', 2)":"Diputados","('0071-S-2015', 3)":"Diputados"},"('Tramites', 'MOVIMIENTO')":{"('0071-S-2015', 0)":"CONSIDERACION Y APROBACION","('0071-S-2015', 1)":"PASA A DIPUTADOS -","('0071-S-2015', 2)":"CITACION SESION ESPECIAL","('0071-S-2015', 3)":"CONSIDERACION Y SANCION"},"('Tramites', 'FECHA')":{"('0071-S-2015', 0)":"01\/07\/2015","('0071-S-2015', 1)":null,"('0071-S-2015', 2)":"15\/07\/2015","('0071-S-2015', 3)":"15\/07\/2015"},"('Tramites', 'RESULTADO')":{"('0071-S-2015', 0)":"MEDIA SANCION","('0071-S-2015', 1)":null,"('0071-S-2015', 2)":null,"('0071-S-2015', 3)":"SANCIONADO"},"Link":{"('0071-S-2015', 0)":"http:\/\/www.senado.gov.ar\/web\/proyectos\/verExpe.php?origen=PE&nro_comision=&tipo=PL&numexp=112\/15&tConsulta=5","('0071-S-2015', 1)":null,"('0071-S-2015', 2)":null,"('0071-S-2015', 3)":null},"Palabra Clave":{"('0071-S-2015', 0)":" ","('0071-S-2015', 1)":null,"('0071-S-2015', 2)":null,"('0071-S-2015', 3)":null}}