{"Tipo de Proyecto":{"('0072-S-2015', 0)":"MENSAJE NRO: 0910\/15 Y PROYECTO DE LEY","('0072-S-2015', 1)":null,"('0072-S-2015', 2)":null,"('0072-S-2015', 3)":null,"('0072-S-2015', 4)":null},"Iniciado en: ":{"('0072-S-2015', 0)":"Senado","('0072-S-2015', 1)":null,"('0072-S-2015', 2)":null,"('0072-S-2015', 3)":null,"('0072-S-2015', 4)":null},"Expediente Diputados: ":{"('0072-S-2015', 0)":"0072-S-2015","('0072-S-2015', 1)":null,"('0072-S-2015', 2)":null,"('0072-S-2015', 3)":null,"('0072-S-2015', 4)":null},"Expediente Senado: ":{"('0072-S-2015', 0)":"0113-PE-2015","('0072-S-2015', 1)":null,"('0072-S-2015', 2)":null,"('0072-S-2015', 3)":null,"('0072-S-2015', 4)":null},"Publicado en: ":{"('0072-S-2015', 0)":"Diario de Asuntos Entrados N\u00b0 90","('0072-S-2015', 1)":null,"('0072-S-2015', 2)":null,"('0072-S-2015', 3)":null,"('0072-S-2015', 4)":null},"Fecha: ":{"('0072-S-2015', 0)":"27\/05\/2015","('0072-S-2015', 1)":null,"('0072-S-2015', 2)":null,"('0072-S-2015', 3)":null,"('0072-S-2015', 4)":null},"T\u00edtulo":{"('0072-S-2015', 0)":"APROBACION DEL PROTOCOLO COMPLEMENTARIO AL TRATADO DE MAIPU DE INTEGRACION Y COOPERACION CON LA REPUBLICA DE CHILE SOBRE LA CONSTITUCION DE LA ENTIDAD BINACIONAL PARA EL PROYECTO \"TUNEL INTERNACIONAL PASO DE LAS LE\u00d1AS\", SUSCRIPTO EN LA CIUDAD DE SANTIAGO, REPUBLICA DE CHILE, EL 6 DE ENERO DE 2015. ","('0072-S-2015', 1)":null,"('0072-S-2015', 2)":null,"('0072-S-2015', 3)":null,"('0072-S-2015', 4)":null},"('Firmantes', 'FIRMANTE')":{"('0072-S-2015', 0)":"FERNANDEZ DE KIRCHNER, CRISTINA","('0072-S-2015', 1)":"FERNANDEZ, ANIBAL","('0072-S-2015', 2)":"TIMERMAN, HECTOR MARCOS","('0072-S-2015', 3)":"RANDAZZO, FLORENCIO","('0072-S-2015', 4)":null},"('Firmantes', 'DISTRITO')":{"('0072-S-2015', 0)":null,"('0072-S-2015', 1)":null,"('0072-S-2015', 2)":null,"('0072-S-2015', 3)":null,"('0072-S-2015', 4)":null},"('Firmantes', 'BLOQUE')":{"('0072-S-2015', 0)":"PODER EJECUTIVO","('0072-S-2015', 1)":"PODER EJECUTIVO","('0072-S-2015', 2)":"PODER EJECUTIVO","('0072-S-2015', 3)":"PODER EJECUTIVO","('0072-S-2015', 4)":null},"('Giros', 'COMISI\u00d3N')":{"('0072-S-2015', 0)":"RELACIONES EXTERIORES Y CULTO","('0072-S-2015', 1)":"TRANSPORTES","('0072-S-2015', 2)":null,"('0072-S-2015', 3)":null,"('0072-S-2015', 4)":null},"('Tramites', 'C\u00c1MARA')":{"('0072-S-2015', 0)":"Senado","('0072-S-2015', 1)":"Senado","('0072-S-2015', 2)":"Diputados","('0072-S-2015', 3)":"Diputados","('0072-S-2015', 4)":"Diputados"},"('Tramites', 'MOVIMIENTO')":{"('0072-S-2015', 0)":"MOCION SOBRE TABLAS (AFIRMATIVA)","('0072-S-2015', 1)":"CONSIDERACION Y APROBACION","('0072-S-2015', 2)":"PASA A DIPUTADOS -","('0072-S-2015', 3)":"CITACION SESION ESPECIAL","('0072-S-2015', 4)":"CONSIDERACION Y SANCION"},"('Tramites', 'FECHA')":{"('0072-S-2015', 0)":"01\/07\/2015","('0072-S-2015', 1)":"01\/07\/2015","('0072-S-2015', 2)":null,"('0072-S-2015', 3)":"15\/07\/2015","('0072-S-2015', 4)":"15\/07\/2015"},"('Tramites', 'RESULTADO')":{"('0072-S-2015', 0)":null,"('0072-S-2015', 1)":"MEDIA SANCION","('0072-S-2015', 2)":null,"('0072-S-2015', 3)":null,"('0072-S-2015', 4)":"SANCIONADO"},"Link":{"('0072-S-2015', 0)":"http:\/\/www.senado.gov.ar\/web\/proyectos\/verExpe.php?origen=PE&nro_comision=&tipo=PL&numexp=113\/15&tConsulta=5","('0072-S-2015', 1)":null,"('0072-S-2015', 2)":null,"('0072-S-2015', 3)":null,"('0072-S-2015', 4)":null},"Palabra Clave":{"('0072-S-2015', 0)":" ","('0072-S-2015', 1)":null,"('0072-S-2015', 2)":null,"('0072-S-2015', 3)":null,"('0072-S-2015', 4)":null}}