{"Tipo de Proyecto":{"('0073-PE-2015', 0)":"MENSAJE NRO: 0597\/15","('0073-PE-2015', 1)":null},"Iniciado en: ":{"('0073-PE-2015', 0)":"Senado","('0073-PE-2015', 1)":null},"Expediente Senado: ":{"('0073-PE-2015', 0)":"0073-PE-2015","('0073-PE-2015', 1)":null},"Publicado en: ":{"('0073-PE-2015', 0)":"DAE S.A. N\u00b0 3","('0073-PE-2015', 1)":null},"Fecha: ":{"('0073-PE-2015', 0)":"14\/04\/2015","('0073-PE-2015', 1)":null},"T\u00edtulo":{"('0073-PE-2015', 0)":"SOLICITA ACUERDO PARA DESIGNAR FISCAL ANTE EL JUZGADO FEDERAL DE PRIMERA INSTANCIA DE CONCORDIA, PROVINCIA DE ENTRE RIOS A LA DOCTORA MINATTA, MARIA JOSEFINA.","('0073-PE-2015', 1)":null},"('Firmantes', 'FIRMANTE')":{"('0073-PE-2015', 0)":"FERNANDEZ DE KIRCHNER, CRISTINA","('0073-PE-2015', 1)":"ALAK, JULIO"},"('Firmantes', 'DISTRITO')":{"('0073-PE-2015', 0)":null,"('0073-PE-2015', 1)":null},"('Firmantes', 'BLOQUE')":{"('0073-PE-2015', 0)":"PODER EJECUTIVO","('0073-PE-2015', 1)":"PODER EJECUTIVO"},"('Tramites', 'C\u00c1MARA')":{"('0073-PE-2015', 0)":"Senado","('0073-PE-2015', 1)":null},"('Tramites', 'MOVIMIENTO')":{"('0073-PE-2015', 0)":"CONSIDERACION Y APROBACION","('0073-PE-2015', 1)":null},"('Tramites', 'FECHA')":{"('0073-PE-2015', 0)":"27\/05\/2015","('0073-PE-2015', 1)":null},"('Tramites', 'RESULTADO')":{"('0073-PE-2015', 0)":"APROBADO","('0073-PE-2015', 1)":null},"Palabra Clave":{"('0073-PE-2015', 0)":" ","('0073-PE-2015', 1)":null}}