{"Tipo de Proyecto":{"('0073-D-2015', 0)":"PROYECTO DE LEY","('0073-D-2015', 1)":null,"('0073-D-2015', 2)":null},"Iniciado en: ":{"('0073-D-2015', 0)":"Diputados","('0073-D-2015', 1)":null,"('0073-D-2015', 2)":null},"Expediente Diputados: ":{"('0073-D-2015', 0)":"0073-D-2015","('0073-D-2015', 1)":null,"('0073-D-2015', 2)":null},"Publicado en: ":{"('0073-D-2015', 0)":"Tr\u00e1mite Parlamentario N\u00b0 1","('0073-D-2015', 1)":null,"('0073-D-2015', 2)":null},"Fecha: ":{"('0073-D-2015', 0)":"02\/03\/2015","('0073-D-2015', 1)":null,"('0073-D-2015', 2)":null},"T\u00edtulo":{"('0073-D-2015', 0)":"PROGRAMA DE PREVENCION Y ASISTENCIA DE TRASTORNOS ALIMENTARIOS POCO CONOCIDOS: CREACION (REPRODUCCION DEL EXPEDIENTE 0529-D-13).","('0073-D-2015', 1)":null,"('0073-D-2015', 2)":null},"('Firmantes', 'FIRMANTE')":{"('0073-D-2015', 0)":"BIANCHI, IVANA MARIA","('0073-D-2015', 1)":null,"('0073-D-2015', 2)":null},"('Firmantes', 'DISTRITO')":{"('0073-D-2015', 0)":"SAN LUIS","('0073-D-2015', 1)":null,"('0073-D-2015', 2)":null},"('Firmantes', 'BLOQUE')":{"('0073-D-2015', 0)":"COMPROMISO FEDERAL","('0073-D-2015', 1)":null,"('0073-D-2015', 2)":null},"('Giros', 'COMISI\u00d3N')":{"('0073-D-2015', 0)":"PREVENCION DE ADICCIONES Y CONTROL DEL NARCOTRAFICO","('0073-D-2015', 1)":"ACCION SOCIAL Y SALUD PUBLICA","('0073-D-2015', 2)":"PRESUPUESTO Y HACIENDA"},"('Tramites', 'C\u00c1MARA')":{"('0073-D-2015', 0)":"Diputados","('0073-D-2015', 1)":null,"('0073-D-2015', 2)":null},"('Tramites', 'MOVIMIENTO')":{"('0073-D-2015', 0)":"REPRODUCIDO POR EXPEDIENTE 0196-D-17","('0073-D-2015', 1)":null,"('0073-D-2015', 2)":null},"('Tramites', 'FECHA')":{"('0073-D-2015', 0)":null,"('0073-D-2015', 1)":null,"('0073-D-2015', 2)":null},"('Tramites', 'RESULTADO')":{"('0073-D-2015', 0)":null,"('0073-D-2015', 1)":null,"('0073-D-2015', 2)":null},"Sumario":{"('0073-D-2015', 0)":"DIFUSION DE LAS SIGUIENTES PATOLOGIAS ALIMENTARIAS: EBRIOREXIA, ORTHOREXIA, TANOREXIA, VIGOREXIA Y DIABULIMIA; OBJETIVO PRINCIPAL DEL PROGRAMA; OBLIGACIONES DE LA AUTORIDAD DE APLICACION, DEL MINISTERIO DE SALUD DE LA NACION Y DEL MINISTERIO DE EDUCACION DE LA NACION; REGLAMENTACION.","('0073-D-2015', 1)":null,"('0073-D-2015', 2)":null},"Palabra Clave":{"('0073-D-2015', 0)":" ","('0073-D-2015', 1)":null,"('0073-D-2015', 2)":null}}