{"Tipo de Proyecto":{"('0074-PE-2015', 0)":"MENSAJE NRO: 0598\/15","('0074-PE-2015', 1)":null},"Iniciado en: ":{"('0074-PE-2015', 0)":"Senado","('0074-PE-2015', 1)":null},"Expediente Senado: ":{"('0074-PE-2015', 0)":"0074-PE-2015","('0074-PE-2015', 1)":null},"Publicado en: ":{"('0074-PE-2015', 0)":"DAE S.A. N\u00b0 3","('0074-PE-2015', 1)":null},"Fecha: ":{"('0074-PE-2015', 0)":"14\/04\/2015","('0074-PE-2015', 1)":null},"T\u00edtulo":{"('0074-PE-2015', 0)":"SOLICITA ACUERDO PARA DESIGNAR FISCAL ANTE EL JUZGADO FEDERAL DE PRIMERA INSTANCIA DE PEHUAJO, PROVINCIA DE BUENOS AIRES A LA DOCTORA MC INTOSH, MARIA CECILIA.","('0074-PE-2015', 1)":null},"('Firmantes', 'FIRMANTE')":{"('0074-PE-2015', 0)":"FERNANDEZ DE KIRCHNER, CRISTINA","('0074-PE-2015', 1)":"ALAK, JULIO"},"('Firmantes', 'DISTRITO')":{"('0074-PE-2015', 0)":null,"('0074-PE-2015', 1)":null},"('Firmantes', 'BLOQUE')":{"('0074-PE-2015', 0)":"PODER EJECUTIVO","('0074-PE-2015', 1)":"PODER EJECUTIVO"},"('Tramites', 'C\u00c1MARA')":{"('0074-PE-2015', 0)":"Senado","('0074-PE-2015', 1)":null},"('Tramites', 'MOVIMIENTO')":{"('0074-PE-2015', 0)":"CONSIDERACION Y APROBACION","('0074-PE-2015', 1)":null},"('Tramites', 'FECHA')":{"('0074-PE-2015', 0)":"27\/05\/2015","('0074-PE-2015', 1)":null},"('Tramites', 'RESULTADO')":{"('0074-PE-2015', 0)":"APROBADO","('0074-PE-2015', 1)":null},"Palabra Clave":{"('0074-PE-2015', 0)":" ","('0074-PE-2015', 1)":null}}