{"Tipo de Proyecto":{"('0074-D-2015', 0)":"PROYECTO DE LEY","('0074-D-2015', 1)":null},"Iniciado en: ":{"('0074-D-2015', 0)":"Diputados","('0074-D-2015', 1)":null},"Expediente Diputados: ":{"('0074-D-2015', 0)":"0074-D-2015","('0074-D-2015', 1)":null},"Publicado en: ":{"('0074-D-2015', 0)":"Tr\u00e1mite Parlamentario N\u00b0 1","('0074-D-2015', 1)":null},"Fecha: ":{"('0074-D-2015', 0)":"02\/03\/2015","('0074-D-2015', 1)":null},"T\u00edtulo":{"('0074-D-2015', 0)":"PLAN MEDICO OBLIGATORIO (PMO): INCLUSION DE TRATAMIENTOS LASER PARA LAS MALFORMACIONES VASCULARES CONGENITAS Y ADQUIRIDAS LLAMADAS \"MANCHAS DE VINO OPORTO\" (REPRODUCCION DEL EXPEDIENTE 0530-D-13).","('0074-D-2015', 1)":null},"('Firmantes', 'FIRMANTE')":{"('0074-D-2015', 0)":"BIANCHI, IVANA MARIA","('0074-D-2015', 1)":null},"('Firmantes', 'DISTRITO')":{"('0074-D-2015', 0)":"SAN LUIS","('0074-D-2015', 1)":null},"('Firmantes', 'BLOQUE')":{"('0074-D-2015', 0)":"COMPROMISO FEDERAL","('0074-D-2015', 1)":null},"('Giros', 'COMISI\u00d3N')":{"('0074-D-2015', 0)":"ACCION SOCIAL Y SALUD PUBLICA","('0074-D-2015', 1)":"PRESUPUESTO Y HACIENDA"},"('Tramites', 'C\u00c1MARA')":{"('0074-D-2015', 0)":"Diputados","('0074-D-2015', 1)":null},"('Tramites', 'MOVIMIENTO')":{"('0074-D-2015', 0)":"REPRODUCIDO POR EXPEDIENTE 0177-D-17","('0074-D-2015', 1)":null},"('Tramites', 'FECHA')":{"('0074-D-2015', 0)":null,"('0074-D-2015', 1)":null},"('Tramites', 'RESULTADO')":{"('0074-D-2015', 0)":null,"('0074-D-2015', 1)":null},"Sumario":{"('0074-D-2015', 0)":"AUTORIDAD DE APLICACION: MINISTERIO DE SALUD DE LA NACION; ALCANCES Y OBLIGACIONES.","('0074-D-2015', 1)":null},"Palabra Clave":{"('0074-D-2015', 0)":" ","('0074-D-2015', 1)":null}}