{"Tipo de Proyecto":{"('0075-PE-2015', 0)":"MENSAJE NRO: 0599\/15","('0075-PE-2015', 1)":null},"Iniciado en: ":{"('0075-PE-2015', 0)":"Senado","('0075-PE-2015', 1)":null},"Expediente Senado: ":{"('0075-PE-2015', 0)":"0075-PE-2015","('0075-PE-2015', 1)":null},"Publicado en: ":{"('0075-PE-2015', 0)":"DAE S.A. N\u00b0 3","('0075-PE-2015', 1)":null},"Fecha: ":{"('0075-PE-2015', 0)":"14\/04\/2015","('0075-PE-2015', 1)":null},"T\u00edtulo":{"('0075-PE-2015', 0)":"SOLICITA ACUERDO PARA DESIGNAR FISCAL ANTE LOS JUZGADOS FEDERALES DE PRIMERA INSTANCIA EN LO CIVIL, COMERCIAL Y CONTENCIOSO ADMINISTRATIVO DE SAN JUSTO, PROVINCIA DE BUENOS AIRES, FISCALIA N\u00b0 2, AL DOCTOR PEYRANO, RICARDO RUBEN.","('0075-PE-2015', 1)":null},"('Firmantes', 'FIRMANTE')":{"('0075-PE-2015', 0)":"FERNANDEZ DE KIRCHNER, CRISTINA","('0075-PE-2015', 1)":"ALAK, JULIO"},"('Firmantes', 'DISTRITO')":{"('0075-PE-2015', 0)":null,"('0075-PE-2015', 1)":null},"('Firmantes', 'BLOQUE')":{"('0075-PE-2015', 0)":"PODER EJECUTIVO","('0075-PE-2015', 1)":"PODER EJECUTIVO"},"('Tramites', 'C\u00c1MARA')":{"('0075-PE-2015', 0)":"Senado","('0075-PE-2015', 1)":null},"('Tramites', 'MOVIMIENTO')":{"('0075-PE-2015', 0)":"CONSIDERACION Y APROBACION","('0075-PE-2015', 1)":null},"('Tramites', 'FECHA')":{"('0075-PE-2015', 0)":"27\/05\/2015","('0075-PE-2015', 1)":null},"('Tramites', 'RESULTADO')":{"('0075-PE-2015', 0)":"APROBADO","('0075-PE-2015', 1)":null},"Palabra Clave":{"('0075-PE-2015', 0)":" ","('0075-PE-2015', 1)":null}}