{"Tipo de Proyecto":{"('0076-S-2015', 0)":"MENSAJE NRO: 0716\/15 Y PROYECTO DE LEY","('0076-S-2015', 1)":null,"('0076-S-2015', 2)":null,"('0076-S-2015', 3)":null,"('0076-S-2015', 4)":null,"('0076-S-2015', 5)":null},"Iniciado en: ":{"('0076-S-2015', 0)":"Senado","('0076-S-2015', 1)":null,"('0076-S-2015', 2)":null,"('0076-S-2015', 3)":null,"('0076-S-2015', 4)":null,"('0076-S-2015', 5)":null},"Expediente Diputados: ":{"('0076-S-2015', 0)":"0076-S-2015","('0076-S-2015', 1)":null,"('0076-S-2015', 2)":null,"('0076-S-2015', 3)":null,"('0076-S-2015', 4)":null,"('0076-S-2015', 5)":null},"Expediente Senado: ":{"('0076-S-2015', 0)":"0086-PE-2015","('0076-S-2015', 1)":null,"('0076-S-2015', 2)":null,"('0076-S-2015', 3)":null,"('0076-S-2015', 4)":null,"('0076-S-2015', 5)":null},"Publicado en: ":{"('0076-S-2015', 0)":"Diario de Asuntos Entrados N\u00b0 73","('0076-S-2015', 1)":null,"('0076-S-2015', 2)":null,"('0076-S-2015', 3)":null,"('0076-S-2015', 4)":null,"('0076-S-2015', 5)":null},"Fecha: ":{"('0076-S-2015', 0)":"04\/05\/2015","('0076-S-2015', 1)":null,"('0076-S-2015', 2)":null,"('0076-S-2015', 3)":null,"('0076-S-2015', 4)":null,"('0076-S-2015', 5)":null},"T\u00edtulo":{"('0076-S-2015', 0)":"INCORPORACION AL ORDENAMIENTO JURIDICO NACIONAL, A LOS EFECTOS PREVISTOS EN EL ARTICULO 40 DEL PROTOCOLO DE OURO PRETO APROBADO POR LEY 24560,  DE LAS DECISIONES DEL CONSEJO DEL MERCADO COMUN DEL MERCOSUR 53 DEL 16\/12\/10 Y 52 DEL 6\/12\/12 Y LA RESOLUCION DEL GRUPO MERCADO COMUN DEL MERCOSUR 33 DEL 8\/10\/14, REFERIDA A LA IMPLEMENTACION DE LA PATENTE MERCOSUR. ","('0076-S-2015', 1)":null,"('0076-S-2015', 2)":null,"('0076-S-2015', 3)":null,"('0076-S-2015', 4)":null,"('0076-S-2015', 5)":null},"('Firmantes', 'FIRMANTE')":{"('0076-S-2015', 0)":"FERNANDEZ DE KIRCHNER, CRISTINA","('0076-S-2015', 1)":"FERNANDEZ, ANIBAL","('0076-S-2015', 2)":"ALAK, JULIO","('0076-S-2015', 3)":"TIMERMAN, HECTOR MARCOS","('0076-S-2015', 4)":null,"('0076-S-2015', 5)":null},"('Firmantes', 'DISTRITO')":{"('0076-S-2015', 0)":null,"('0076-S-2015', 1)":null,"('0076-S-2015', 2)":null,"('0076-S-2015', 3)":null,"('0076-S-2015', 4)":null,"('0076-S-2015', 5)":null},"('Firmantes', 'BLOQUE')":{"('0076-S-2015', 0)":"PODER EJECUTIVO","('0076-S-2015', 1)":"PODER EJECUTIVO","('0076-S-2015', 2)":"PODER EJECUTIVO","('0076-S-2015', 3)":"PODER EJECUTIVO","('0076-S-2015', 4)":null,"('0076-S-2015', 5)":null},"('Giros', 'COMISI\u00d3N')":{"('0076-S-2015', 0)":"RELACIONES EXTERIORES Y CULTO","('0076-S-2015', 1)":"LEGISLACION GENERAL","('0076-S-2015', 2)":null,"('0076-S-2015', 3)":null,"('0076-S-2015', 4)":null,"('0076-S-2015', 5)":null},"('Tramites', 'C\u00c1MARA')":{"('0076-S-2015', 0)":"Senado","('0076-S-2015', 1)":"Senado","('0076-S-2015', 2)":"Senado","('0076-S-2015', 3)":"Diputados","('0076-S-2015', 4)":"Diputados","('0076-S-2015', 5)":"Diputados"},"('Tramites', 'MOVIMIENTO')":{"('0076-S-2015', 0)":"MOCION SOBRE TABLAS (AFIRMATIVA)","('0076-S-2015', 1)":"CONSIDERACION Y APROBACION","('0076-S-2015', 2)":"INSERCION DEL SENADOR ABAL MEDINA","('0076-S-2015', 3)":"PASA A DIPUTADOS -","('0076-S-2015', 4)":"CITACION SESION ESPECIAL","('0076-S-2015', 5)":"CONSIDERACION Y SANCION"},"('Tramites', 'FECHA')":{"('0076-S-2015', 0)":"29\/07\/2015","('0076-S-2015', 1)":"29\/07\/2015","('0076-S-2015', 2)":"29\/07\/2015","('0076-S-2015', 3)":null,"('0076-S-2015', 4)":"23\/09\/2015","('0076-S-2015', 5)":"23\/09\/2015"},"('Tramites', 'RESULTADO')":{"('0076-S-2015', 0)":null,"('0076-S-2015', 1)":"MEDIA SANCION","('0076-S-2015', 2)":null,"('0076-S-2015', 3)":null,"('0076-S-2015', 4)":null,"('0076-S-2015', 5)":"SANCIONADO"},"Link":{"('0076-S-2015', 0)":"http:\/\/www.senado.gov.ar\/web\/proyectos\/verExpe.php?origen=PE&nro_comision=&tipo=PL&numexp=86\/15&tConsulta=5","('0076-S-2015', 1)":null,"('0076-S-2015', 2)":null,"('0076-S-2015', 3)":null,"('0076-S-2015', 4)":null,"('0076-S-2015', 5)":null},"Palabra Clave":{"('0076-S-2015', 0)":" ","('0076-S-2015', 1)":null,"('0076-S-2015', 2)":null,"('0076-S-2015', 3)":null,"('0076-S-2015', 4)":null,"('0076-S-2015', 5)":null}}