{"Tipo de Proyecto":{"('0076-D-2015', 0)":"PROYECTO DE LEY","('0076-D-2015', 1)":null},"Iniciado en: ":{"('0076-D-2015', 0)":"Diputados","('0076-D-2015', 1)":null},"Expediente Diputados: ":{"('0076-D-2015', 0)":"0076-D-2015","('0076-D-2015', 1)":null},"Publicado en: ":{"('0076-D-2015', 0)":"Tr\u00e1mite Parlamentario N\u00b0 1","('0076-D-2015', 1)":null},"Fecha: ":{"('0076-D-2015', 0)":"02\/03\/2015","('0076-D-2015', 1)":null},"T\u00edtulo":{"('0076-D-2015', 0)":"PRIORIDAD DE ATENCION A PERSONAS ADULTAS MAYORES, MUJERES EMBARAZADAS Y PERSONAS CON DISCAPACIDAD EN DEPENDENCIAS DE LOS TRES PODERES DEL ESTADO DE LA NACION, OFICINAS PUBLICAS, ENTES DESCENTRALIZADOS, EMPRESAS DEL ESTADO, BANCOS OFICIALES Y ESTABLECIMIENTOS SANITARIOS (REPRODUCCION DEL EXPEDIENTE 0532-D-13).","('0076-D-2015', 1)":null},"('Firmantes', 'FIRMANTE')":{"('0076-D-2015', 0)":"BIANCHI, MARIA DEL CARMEN","('0076-D-2015', 1)":null},"('Firmantes', 'DISTRITO')":{"('0076-D-2015', 0)":"CIUDAD de BUENOS AIRES","('0076-D-2015', 1)":null},"('Firmantes', 'BLOQUE')":{"('0076-D-2015', 0)":"FRENTE PARA LA VICTORIA - PJ","('0076-D-2015', 1)":null},"('Giros', 'COMISI\u00d3N')":{"('0076-D-2015', 0)":"LEGISLACION GENERAL","('0076-D-2015', 1)":"LEGISLACION PENAL"},"('Tramites', 'C\u00c1MARA')":{"('0076-D-2015', 0)":"Diputados","('0076-D-2015', 1)":null},"('Tramites', 'MOVIMIENTO')":{"('0076-D-2015', 0)":"REPRODUCIDO POR EXPEDIENTE 0214-D-17","('0076-D-2015', 1)":null},"('Tramites', 'FECHA')":{"('0076-D-2015', 0)":null,"('0076-D-2015', 1)":null},"('Tramites', 'RESULTADO')":{"('0076-D-2015', 0)":null,"('0076-D-2015', 1)":null},"Sumario":{"('0076-D-2015', 0)":"PUBLICIDAD; INCUMPLIMIENTO.","('0076-D-2015', 1)":null},"Palabra Clave":{"('0076-D-2015', 0)":" ","('0076-D-2015', 1)":null}}