{"Tipo de Proyecto":{"('0076-PE-2015', 0)":"MENSAJE NRO: 0600\/15","('0076-PE-2015', 1)":null},"Iniciado en: ":{"('0076-PE-2015', 0)":"Senado","('0076-PE-2015', 1)":null},"Expediente Senado: ":{"('0076-PE-2015', 0)":"0076-PE-2015","('0076-PE-2015', 1)":null},"Publicado en: ":{"('0076-PE-2015', 0)":"DAE S.A. N\u00b0 3","('0076-PE-2015', 1)":null},"Fecha: ":{"('0076-PE-2015', 0)":"14\/04\/2015","('0076-PE-2015', 1)":null},"T\u00edtulo":{"('0076-PE-2015', 0)":"SOLICITA ACUERDO PARA DESIGNAR FISCAL ANTE EL JUZGADO FEDERAL DE PRIMERA INSTANCIA DE DOLORES, PROVINCIA DE BUENOS AIRES, AL DOCTOR CURI, JUAN PABLO.","('0076-PE-2015', 1)":null},"('Firmantes', 'FIRMANTE')":{"('0076-PE-2015', 0)":"FERNANDEZ DE KIRCHNER, CRISTINA","('0076-PE-2015', 1)":"ALAK, JULIO"},"('Firmantes', 'DISTRITO')":{"('0076-PE-2015', 0)":null,"('0076-PE-2015', 1)":null},"('Firmantes', 'BLOQUE')":{"('0076-PE-2015', 0)":"PODER EJECUTIVO","('0076-PE-2015', 1)":"PODER EJECUTIVO"},"('Tramites', 'C\u00c1MARA')":{"('0076-PE-2015', 0)":"Senado","('0076-PE-2015', 1)":null},"('Tramites', 'MOVIMIENTO')":{"('0076-PE-2015', 0)":"CONSIDERACION Y APROBACION","('0076-PE-2015', 1)":null},"('Tramites', 'FECHA')":{"('0076-PE-2015', 0)":"27\/05\/2015","('0076-PE-2015', 1)":null},"('Tramites', 'RESULTADO')":{"('0076-PE-2015', 0)":"APROBADO","('0076-PE-2015', 1)":null},"Palabra Clave":{"('0076-PE-2015', 0)":" ","('0076-PE-2015', 1)":null}}