{"Tipo de Proyecto":{"('0077-PE-2015', 0)":"MENSAJE NRO: 0601\/15","('0077-PE-2015', 1)":null},"Iniciado en: ":{"('0077-PE-2015', 0)":"Senado","('0077-PE-2015', 1)":null},"Expediente Senado: ":{"('0077-PE-2015', 0)":"0077-PE-2015","('0077-PE-2015', 1)":null},"Publicado en: ":{"('0077-PE-2015', 0)":"DAE S.A. N\u00b0 3","('0077-PE-2015', 1)":null},"Fecha: ":{"('0077-PE-2015', 0)":"14\/04\/2015","('0077-PE-2015', 1)":null},"T\u00edtulo":{"('0077-PE-2015', 0)":"SOLICITA ACUERDO PARA DESIGNAR FISCAL ANTE LOS JUZGADOS FEDERALES DE PRIMERA INSTANCIA EN LO CRIMINAL Y CORRECCIONAL DE MORON, PROVINCIA DE BUENOS AIRES, FISCALIA N\u00b0 2, A LA DOCTORA LABOZZETTA, MARIELA.","('0077-PE-2015', 1)":null},"('Firmantes', 'FIRMANTE')":{"('0077-PE-2015', 0)":"FERNANDEZ DE KIRCHNER, CRISTINA","('0077-PE-2015', 1)":"ALAK, JULIO"},"('Firmantes', 'DISTRITO')":{"('0077-PE-2015', 0)":null,"('0077-PE-2015', 1)":null},"('Firmantes', 'BLOQUE')":{"('0077-PE-2015', 0)":"PODER EJECUTIVO","('0077-PE-2015', 1)":"PODER EJECUTIVO"},"('Tramites', 'C\u00c1MARA')":{"('0077-PE-2015', 0)":"Senado","('0077-PE-2015', 1)":null},"('Tramites', 'MOVIMIENTO')":{"('0077-PE-2015', 0)":"CONSIDERACION Y APROBACION","('0077-PE-2015', 1)":null},"('Tramites', 'FECHA')":{"('0077-PE-2015', 0)":"27\/05\/2015","('0077-PE-2015', 1)":null},"('Tramites', 'RESULTADO')":{"('0077-PE-2015', 0)":"APROBADO","('0077-PE-2015', 1)":null},"Palabra Clave":{"('0077-PE-2015', 0)":" ","('0077-PE-2015', 1)":null}}