{"Tipo de Proyecto":{"('0077-S-2015', 0)":"PROYECTO DE LEY","('0077-S-2015', 1)":null,"('0077-S-2015', 2)":null},"Iniciado en: ":{"('0077-S-2015', 0)":"Senado","('0077-S-2015', 1)":null,"('0077-S-2015', 2)":null},"Expediente Diputados: ":{"('0077-S-2015', 0)":"0077-S-2015","('0077-S-2015', 1)":null,"('0077-S-2015', 2)":null},"Expediente Senado: ":{"('0077-S-2015', 0)":"2128-S-2015","('0077-S-2015', 1)":null,"('0077-S-2015', 2)":null},"Publicado en: ":{"('0077-S-2015', 0)":"Diario de Asuntos Entrados N\u00b0 106","('0077-S-2015', 1)":null,"('0077-S-2015', 2)":null},"Fecha: ":{"('0077-S-2015', 0)":"30\/06\/2015","('0077-S-2015', 1)":null,"('0077-S-2015', 2)":null},"T\u00edtulo":{"('0077-S-2015', 0)":"DECLARAR EL 21 DE JULIO DE CADA A\u00d1O \"DIA NACIONAL DEL ROCK ARGENTINO\", POR RECORDARSE EL NATALICIO DEL MUSICO LITTO NEBBIA.","('0077-S-2015', 1)":null,"('0077-S-2015', 2)":null},"('Firmantes', 'FIRMANTE')":{"('0077-S-2015', 0)":"MONTERO, LAURA GISELA","('0077-S-2015', 1)":null,"('0077-S-2015', 2)":null},"('Firmantes', 'DISTRITO')":{"('0077-S-2015', 0)":"MENDOZA","('0077-S-2015', 1)":null,"('0077-S-2015', 2)":null},"('Firmantes', 'BLOQUE')":{"('0077-S-2015', 0)":"UCR","('0077-S-2015', 1)":null,"('0077-S-2015', 2)":null},"('Giros', 'COMISI\u00d3N')":{"('0077-S-2015', 0)":"CULTURA","('0077-S-2015', 1)":"PRESUPUESTO Y HACIENDA","('0077-S-2015', 2)":null},"('Tramites', 'C\u00c1MARA')":{"('0077-S-2015', 0)":"Senado","('0077-S-2015', 1)":"Senado","('0077-S-2015', 2)":"Diputados"},"('Tramites', 'MOVIMIENTO')":{"('0077-S-2015', 0)":"MOCION SOBRE TABLAS (AFIRMATIVA)","('0077-S-2015', 1)":"CONSIDERACION Y APROBACION","('0077-S-2015', 2)":"PASA A DIPUTADOS -"},"('Tramites', 'FECHA')":{"('0077-S-2015', 0)":"29\/07\/2015","('0077-S-2015', 1)":"29\/07\/2015","('0077-S-2015', 2)":null},"('Tramites', 'RESULTADO')":{"('0077-S-2015', 0)":null,"('0077-S-2015', 1)":"MEDIA SANCION","('0077-S-2015', 2)":null},"Link":{"('0077-S-2015', 0)":"http:\/\/www.senado.gov.ar\/parlamentario\/comisiones\/verExp\/2128.15\/S\/PL","('0077-S-2015', 1)":null,"('0077-S-2015', 2)":null},"Palabra Clave":{"('0077-S-2015', 0)":" ","('0077-S-2015', 1)":null,"('0077-S-2015', 2)":null}}