{"Tipo de Proyecto":{"('0077-D-2015', 0)":"PROYECTO DE LEY","('0077-D-2015', 1)":null},"Iniciado en: ":{"('0077-D-2015', 0)":"Diputados","('0077-D-2015', 1)":null},"Expediente Diputados: ":{"('0077-D-2015', 0)":"0077-D-2015","('0077-D-2015', 1)":null},"Publicado en: ":{"('0077-D-2015', 0)":"Tr\u00e1mite Parlamentario N\u00b0 1","('0077-D-2015', 1)":null},"Fecha: ":{"('0077-D-2015', 0)":"02\/03\/2015","('0077-D-2015', 1)":null},"T\u00edtulo":{"('0077-D-2015', 0)":"LEGISLACION NACIONAL VIGENTE. SE DISPONE SU REVISION; DEROGACION DE LA LEY 24967 Y SUS DECRETOS REGLAMENTARIOS (REPRODUCCION DEL EXPEDIENTE 0533-D-13).","('0077-D-2015', 1)":null},"('Firmantes', 'FIRMANTE')":{"('0077-D-2015', 0)":"BIANCHI, IVANA MARIA","('0077-D-2015', 1)":null},"('Firmantes', 'DISTRITO')":{"('0077-D-2015', 0)":"SAN LUIS","('0077-D-2015', 1)":null},"('Firmantes', 'BLOQUE')":{"('0077-D-2015', 0)":"COMPROMISO FEDERAL","('0077-D-2015', 1)":null},"('Giros', 'COMISI\u00d3N')":{"('0077-D-2015', 0)":"LEGISLACION GENERAL","('0077-D-2015', 1)":"ASUNTOS CONSTITUCIONALES"},"Sumario":{"('0077-D-2015', 0)":"DEROGACION AUTOMATICA; RATIFICACION PARCIAL; CADUCIDAD PARCIAL; REORDENAMIENTO; DIGESTO; PROCEDIMIENTO Y ELABORACION.","('0077-D-2015', 1)":null},"Palabra Clave":{"('0077-D-2015', 0)":" ","('0077-D-2015', 1)":null}}