{"Tipo de Proyecto":{"('0078-S-2015', 0)":"PROYECTO DE LEY","('0078-S-2015', 1)":null,"('0078-S-2015', 2)":null,"('0078-S-2015', 3)":null,"('0078-S-2015', 4)":null,"('0078-S-2015', 5)":null,"('0078-S-2015', 6)":null,"('0078-S-2015', 7)":null},"Iniciado en: ":{"('0078-S-2015', 0)":"Senado","('0078-S-2015', 1)":null,"('0078-S-2015', 2)":null,"('0078-S-2015', 3)":null,"('0078-S-2015', 4)":null,"('0078-S-2015', 5)":null,"('0078-S-2015', 6)":null,"('0078-S-2015', 7)":null},"Expediente Diputados: ":{"('0078-S-2015', 0)":"0078-S-2015","('0078-S-2015', 1)":null,"('0078-S-2015', 2)":null,"('0078-S-2015', 3)":null,"('0078-S-2015', 4)":null,"('0078-S-2015', 5)":null,"('0078-S-2015', 6)":null,"('0078-S-2015', 7)":null},"Expediente Senado: ":{"('0078-S-2015', 0)":"0645-S-2015","('0078-S-2015', 1)":null,"('0078-S-2015', 2)":null,"('0078-S-2015', 3)":null,"('0078-S-2015', 4)":null,"('0078-S-2015', 5)":null,"('0078-S-2015', 6)":null,"('0078-S-2015', 7)":null},"Publicado en: ":{"('0078-S-2015', 0)":"Diario de Asuntos Entrados N\u00b0 32","('0078-S-2015', 1)":null,"('0078-S-2015', 2)":null,"('0078-S-2015', 3)":null,"('0078-S-2015', 4)":null,"('0078-S-2015', 5)":null,"('0078-S-2015', 6)":null,"('0078-S-2015', 7)":null},"Fecha: ":{"('0078-S-2015', 0)":"13\/03\/2015","('0078-S-2015', 1)":null,"('0078-S-2015', 2)":null,"('0078-S-2015', 3)":null,"('0078-S-2015', 4)":null,"('0078-S-2015', 5)":null,"('0078-S-2015', 6)":null,"('0078-S-2015', 7)":null},"T\u00edtulo":{"('0078-S-2015', 0)":"PROHIBICION DE REALIZAR CARRERAS DE PERROS DE CUALQUIER RAZA EN TERRITORIO NACIONAL.","('0078-S-2015', 1)":null,"('0078-S-2015', 2)":null,"('0078-S-2015', 3)":null,"('0078-S-2015', 4)":null,"('0078-S-2015', 5)":null,"('0078-S-2015', 6)":null,"('0078-S-2015', 7)":null},"('Firmantes', 'FIRMANTE')":{"('0078-S-2015', 0)":"ODARDA, MARIA MAGDALENA","('0078-S-2015', 1)":null,"('0078-S-2015', 2)":null,"('0078-S-2015', 3)":null,"('0078-S-2015', 4)":null,"('0078-S-2015', 5)":null,"('0078-S-2015', 6)":null,"('0078-S-2015', 7)":null},"('Firmantes', 'DISTRITO')":{"('0078-S-2015', 0)":"RIO NEGRO","('0078-S-2015', 1)":null,"('0078-S-2015', 2)":null,"('0078-S-2015', 3)":null,"('0078-S-2015', 4)":null,"('0078-S-2015', 5)":null,"('0078-S-2015', 6)":null,"('0078-S-2015', 7)":null},"('Firmantes', 'BLOQUE')":{"('0078-S-2015', 0)":"FRENTE PROGRESISTA - CCARI","('0078-S-2015', 1)":null,"('0078-S-2015', 2)":null,"('0078-S-2015', 3)":null,"('0078-S-2015', 4)":null,"('0078-S-2015', 5)":null,"('0078-S-2015', 6)":null,"('0078-S-2015', 7)":null},"('Giros', 'COMISI\u00d3N')":{"('0078-S-2015', 0)":"LEGISLACION PENAL","('0078-S-2015', 1)":"LEGISLACION GENERAL","('0078-S-2015', 2)":null,"('0078-S-2015', 3)":null,"('0078-S-2015', 4)":null,"('0078-S-2015', 5)":null,"('0078-S-2015', 6)":null,"('0078-S-2015', 7)":null},"('Tramites', 'C\u00c1MARA')":{"('0078-S-2015', 0)":"Senado","('0078-S-2015', 1)":"Senado","('0078-S-2015', 2)":"Senado","('0078-S-2015', 3)":"Diputados","('0078-S-2015', 4)":"Diputados","('0078-S-2015', 5)":"Diputados","('0078-S-2015', 6)":"Diputados","('0078-S-2015', 7)":"Diputados"},"('Tramites', 'MOVIMIENTO')":{"('0078-S-2015', 0)":"MOCION VUELTA A COMISION (AFIRMATIVA)","('0078-S-2015', 1)":"MOCION SOBRE TABLAS (AFIRMATIVA)","('0078-S-2015', 2)":"CONSIDERACION Y APROBACION","('0078-S-2015', 3)":"PASA A DIPUTADOS -","('0078-S-2015', 4)":"MOCION DE PREFERENCIA CON DICTAMEN (AFIRMATIVA)","('0078-S-2015', 5)":"CITACION SESION ESPECIAL CONJUNTAMENTE PARA LOS EXPEDIENTES 2228-D-2015, 0078-S-2015, 0645-S-2015 y 1928-D-2016","('0078-S-2015', 6)":"CONSIDERACION Y SANCION CONJUNTAMENTE PARA LOS EXPEDIENTES 2228-D-2015, 0078-S-2015, 0645-S-2015 y 1928-D-2016","('0078-S-2015', 7)":"INSERCIONES CONJUNTAMENTE PARA LOS EXPEDIENTES 2228-D-2015, 0078-S-2015, 0645-S-2015 y 1928-D-2016"},"('Tramites', 'FECHA')":{"('0078-S-2015', 0)":"01\/07\/2015","('0078-S-2015', 1)":"29\/07\/2015","('0078-S-2015', 2)":"29\/07\/2015","('0078-S-2015', 3)":null,"('0078-S-2015', 4)":"26\/08\/2015","('0078-S-2015', 5)":"16\/11\/2016","('0078-S-2015', 6)":"16\/11\/2016","('0078-S-2015', 7)":"16\/11\/2016"},"('Tramites', 'RESULTADO')":{"('0078-S-2015', 0)":null,"('0078-S-2015', 1)":null,"('0078-S-2015', 2)":"MEDIA SANCION","('0078-S-2015', 3)":null,"('0078-S-2015', 4)":null,"('0078-S-2015', 5)":null,"('0078-S-2015', 6)":"SANCIONADO","('0078-S-2015', 7)":null},"Link":{"('0078-S-2015', 0)":"http:\/\/www.senado.gov.ar\/parlamentario\/comisiones\/verExp\/645.15\/S\/PL","('0078-S-2015', 1)":null,"('0078-S-2015', 2)":null,"('0078-S-2015', 3)":null,"('0078-S-2015', 4)":null,"('0078-S-2015', 5)":null,"('0078-S-2015', 6)":null,"('0078-S-2015', 7)":null},"Palabra Clave":{"('0078-S-2015', 0)":" ","('0078-S-2015', 1)":null,"('0078-S-2015', 2)":null,"('0078-S-2015', 3)":null,"('0078-S-2015', 4)":null,"('0078-S-2015', 5)":null,"('0078-S-2015', 6)":null,"('0078-S-2015', 7)":null}}