{"Tipo de Proyecto":{"('0080-S-2015', 0)":"PROYECTO DE LEY"},"Iniciado en: ":{"('0080-S-2015', 0)":"Senado"},"Expediente Senado: ":{"('0080-S-2015', 0)":"0080-S-2015"},"Publicado en: ":{"('0080-S-2015', 0)":"Diario de Asuntos Entrados N\u00b0 4"},"Fecha: ":{"('0080-S-2015', 0)":"02\/03\/2015"},"T\u00edtulo":{"('0080-S-2015', 0)":"MODIFICACION DE LA LEY 20744, CONTRATO DE TRABAJO, EN RELACION A LA EQUIPARACION DE LA MATERNIDAD Y PATERNIDAD BIOLOGICA Y ADOPTIVA RESPECTO DEL OTORGAMIENTO DE LICENCIAS (REPRODUCCION DEL EXPEDIENTE 0285-S-13)."},"('Firmantes', 'FIRMANTE')":{"('0080-S-2015', 0)":"FELLNER, LILIANA BEATRIZ"},"('Firmantes', 'DISTRITO')":{"('0080-S-2015', 0)":"JUJUY"},"('Firmantes', 'BLOQUE')":{"('0080-S-2015', 0)":"FRENTE PARA LA VICTORIA - PJ"},"('Tramites', 'C\u00c1MARA')":{"('0080-S-2015', 0)":"Senado"},"('Tramites', 'MOVIMIENTO')":{"('0080-S-2015', 0)":"REPRODUCIDO POR EXPEDIENTE 0078-S-17"},"('Tramites', 'FECHA')":{"('0080-S-2015', 0)":null},"('Tramites', 'RESULTADO')":{"('0080-S-2015', 0)":null},"Sumario":{"('0080-S-2015', 0)":"SUSTITUCION DEL INCISO A) DEL ARTICULO 158; INCORPORACION DE LOS INCISOS F), G) Y H) DEL ARTICULO 158; INCORPORACION DE LOS ARTICULOS 161 BIS Y 177 BIS; MODIFICACION DE LOS ARTICULOS 178 Y 183."},"Palabra Clave":{"('0080-S-2015', 0)":" "}}