{"Tipo de Proyecto":{"('0081-D-2015', 0)":"PROYECTO DE LEY","('0081-D-2015', 1)":null},"Iniciado en: ":{"('0081-D-2015', 0)":"Diputados","('0081-D-2015', 1)":null},"Expediente Diputados: ":{"('0081-D-2015', 0)":"0081-D-2015","('0081-D-2015', 1)":null},"Publicado en: ":{"('0081-D-2015', 0)":"Tr\u00e1mite Parlamentario N\u00b0 1","('0081-D-2015', 1)":null},"Fecha: ":{"('0081-D-2015', 0)":"02\/03\/2015","('0081-D-2015', 1)":null},"T\u00edtulo":{"('0081-D-2015', 0)":"ENFERMEDAD CRONICA PSORIASIS, INCORPORACION AL PROGRAMA MEDICO OBLIGATORIO (PMO) (REPRODUCCION DEL EXPEDIENTE 0543-D-13).","('0081-D-2015', 1)":null},"('Firmantes', 'FIRMANTE')":{"('0081-D-2015', 0)":"BIANCHI, IVANA MARIA","('0081-D-2015', 1)":null},"('Firmantes', 'DISTRITO')":{"('0081-D-2015', 0)":"SAN LUIS","('0081-D-2015', 1)":null},"('Firmantes', 'BLOQUE')":{"('0081-D-2015', 0)":"COMPROMISO FEDERAL","('0081-D-2015', 1)":null},"('Giros', 'COMISI\u00d3N')":{"('0081-D-2015', 0)":"ACCION SOCIAL Y SALUD PUBLICA","('0081-D-2015', 1)":"PRESUPUESTO Y HACIENDA"},"('Tramites', 'C\u00c1MARA')":{"('0081-D-2015', 0)":"Diputados","('0081-D-2015', 1)":null},"('Tramites', 'MOVIMIENTO')":{"('0081-D-2015', 0)":"REPRODUCIDO POR EXPEDIENTE 0201-D-17","('0081-D-2015', 1)":null},"('Tramites', 'FECHA')":{"('0081-D-2015', 0)":null,"('0081-D-2015', 1)":null},"('Tramites', 'RESULTADO')":{"('0081-D-2015', 0)":null,"('0081-D-2015', 1)":null},"Sumario":{"('0081-D-2015', 0)":"INCLUSION EN LA RESOLUCION 310\/04 CON LA COBERTURA DEL 70 % DE LOS MEDICAMENTOS","('0081-D-2015', 1)":null},"Palabra Clave":{"('0081-D-2015', 0)":" ","('0081-D-2015', 1)":null}}