{"Tipo de Proyecto":{"('0082-OV-2015', 0)":"PROYECTO DE RESOLUCI\u00d3N"},"Iniciado en: ":{"('0082-OV-2015', 0)":"Senado"},"Expediente Senado: ":{"('0082-OV-2015', 0)":"0082-OV-2015"},"Fecha: ":{"('0082-OV-2015', 0)":"09\/12\/2015"},"T\u00edtulo":{"('0082-OV-2015', 0)":"PEDIDO DE INFORMES AL PODER EJECUTIVO SOBRE RESOLUCION REMITIDA POR LA AUDITORIA GENERAL DE LA NACION 50\/15, APROBANDO EL INFORME DE AUDITORIA REALIZADO EN EL AMBITO DEL MINISTERIO DE EDUCACION DE LA NACION, REFERIDO AL PROGRAMA DE APOYO A LA POLITICA DE MEJORAMIENTO DE LA EQUIDAD EDUCATIVA (PROMEDU II) SUBPROGRAMA 1 - CONTRATO DE PRESTAMO BID 2424-OC-AR. PERIODO AUDITADO: DESDE EL 26 DE MARZO DE 2011 HASTA EL 31\/12\/2013."},"('Firmantes', 'FIRMANTE')":{"('0082-OV-2015', 0)":"PARLAMENTARIA MIXTA REVISORA DE CUENTAS"},"('Firmantes', 'DISTRITO')":{"('0082-OV-2015', 0)":null},"('Firmantes', 'BLOQUE')":{"('0082-OV-2015', 0)":null},"Link":{"('0082-OV-2015', 0)":"http:\/\/www.senado.gov.ar\/parlamentario\/comisiones\/verExp\/82.15\/OV\/PR"},"Palabra Clave":{"('0082-OV-2015', 0)":" "}}