{"Tipo de Proyecto":{"('0082-D-2015', 0)":"PROYECTO DE LEY","('0082-D-2015', 1)":null,"('0082-D-2015', 2)":null},"Iniciado en: ":{"('0082-D-2015', 0)":"Diputados","('0082-D-2015', 1)":null,"('0082-D-2015', 2)":null},"Expediente Diputados: ":{"('0082-D-2015', 0)":"0082-D-2015","('0082-D-2015', 1)":null,"('0082-D-2015', 2)":null},"Publicado en: ":{"('0082-D-2015', 0)":"Tr\u00e1mite Parlamentario N\u00b0 1","('0082-D-2015', 1)":null,"('0082-D-2015', 2)":null},"Fecha: ":{"('0082-D-2015', 0)":"02\/03\/2015","('0082-D-2015', 1)":null,"('0082-D-2015', 2)":null},"T\u00edtulo":{"('0082-D-2015', 0)":"PEDICULOSIS, IMPLEMENTAR UNA CAMPA\u00d1A DE LUCHA DURANTE EL TRANSCURSO DEL A\u00d1O LECTIVO  (REPRODUCCION DEL EXPEDIENTE 0544-D-13).","('0082-D-2015', 1)":null,"('0082-D-2015', 2)":null},"('Firmantes', 'FIRMANTE')":{"('0082-D-2015', 0)":"BIANCHI, IVANA MARIA","('0082-D-2015', 1)":null,"('0082-D-2015', 2)":null},"('Firmantes', 'DISTRITO')":{"('0082-D-2015', 0)":"SAN LUIS","('0082-D-2015', 1)":null,"('0082-D-2015', 2)":null},"('Firmantes', 'BLOQUE')":{"('0082-D-2015', 0)":"COMPROMISO FEDERAL","('0082-D-2015', 1)":null,"('0082-D-2015', 2)":null},"('Giros', 'COMISI\u00d3N')":{"('0082-D-2015', 0)":"ACCION SOCIAL Y SALUD PUBLICA","('0082-D-2015', 1)":"EDUCACION","('0082-D-2015', 2)":"PRESUPUESTO Y HACIENDA"},"('Tramites', 'C\u00c1MARA')":{"('0082-D-2015', 0)":"Diputados","('0082-D-2015', 1)":null,"('0082-D-2015', 2)":null},"('Tramites', 'MOVIMIENTO')":{"('0082-D-2015', 0)":"REPRODUCIDO POR EXPEDIENTE 0199-D-17","('0082-D-2015', 1)":null,"('0082-D-2015', 2)":null},"('Tramites', 'FECHA')":{"('0082-D-2015', 0)":null,"('0082-D-2015', 1)":null,"('0082-D-2015', 2)":null},"('Tramites', 'RESULTADO')":{"('0082-D-2015', 0)":null,"('0082-D-2015', 1)":null,"('0082-D-2015', 2)":null},"Palabra Clave":{"('0082-D-2015', 0)":" ","('0082-D-2015', 1)":null,"('0082-D-2015', 2)":null}}