{"Tipo de Proyecto":{"('0083-PE-2015', 0)":"MENSAJE NRO: 0681\/15","('0083-PE-2015', 1)":null},"Iniciado en: ":{"('0083-PE-2015', 0)":"Senado","('0083-PE-2015', 1)":null},"Expediente Senado: ":{"('0083-PE-2015', 0)":"0083-PE-2015","('0083-PE-2015', 1)":null},"Publicado en: ":{"('0083-PE-2015', 0)":"DAE S.A. N\u00b0 4","('0083-PE-2015', 1)":null},"Fecha: ":{"('0083-PE-2015', 0)":"29\/04\/2015","('0083-PE-2015', 1)":null},"T\u00edtulo":{"('0083-PE-2015', 0)":"SOLICITA ACUERDO PARA DESIGNAR DIRECTOR DEL BANCO CENTRAL DE LA REPUBLICA ARGENTINA AL DOCTOR ALEJANDRO FORMENTO ","('0083-PE-2015', 1)":null},"('Firmantes', 'FIRMANTE')":{"('0083-PE-2015', 0)":"FERNANDEZ DE KIRCHNER, CRISTINA","('0083-PE-2015', 1)":"KICILLOF, AXEL"},"('Firmantes', 'DISTRITO')":{"('0083-PE-2015', 0)":null,"('0083-PE-2015', 1)":null},"('Firmantes', 'BLOQUE')":{"('0083-PE-2015', 0)":"PODER EJECUTIVO","('0083-PE-2015', 1)":"PODER EJECUTIVO"},"('Tramites', 'C\u00c1MARA')":{"('0083-PE-2015', 0)":"Senado","('0083-PE-2015', 1)":null},"('Tramites', 'MOVIMIENTO')":{"('0083-PE-2015', 0)":"CONSIDERACION Y APROBACION","('0083-PE-2015', 1)":null},"('Tramites', 'FECHA')":{"('0083-PE-2015', 0)":"01\/07\/2015","('0083-PE-2015', 1)":null},"('Tramites', 'RESULTADO')":{"('0083-PE-2015', 0)":"APROBADO","('0083-PE-2015', 1)":null},"Palabra Clave":{"('0083-PE-2015', 0)":" ","('0083-PE-2015', 1)":null}}