{"Tipo de Proyecto":{"('0083-S-2015', 0)":"PROYECTO DE LEY"},"Iniciado en: ":{"('0083-S-2015', 0)":"Senado"},"Expediente Senado: ":{"('0083-S-2015', 0)":"0083-S-2015"},"Publicado en: ":{"('0083-S-2015', 0)":"Diario de Asuntos Entrados N\u00b0 5"},"Fecha: ":{"('0083-S-2015', 0)":"03\/03\/2015"},"T\u00edtulo":{"('0083-S-2015', 0)":"RECONOCIMIENTO COMO SIMBOLO PATRIO HISTORICO LA BANDERA NACIONAL DE LA LIBERTAD CIVIL, CREADA POR EL GENERAL MANUEL BELGRANO, HECHA BENDECIR Y ENTREGADA POR EL AL CABILDO DE JUJUY, EL 25 DE MAYO DE 1813 (REPRODUCCION DEL EXPEDIENTE 2402-S-12)."},"('Firmantes', 'FIRMANTE')":{"('0083-S-2015', 0)":"FELLNER, LILIANA BEATRIZ"},"('Firmantes', 'DISTRITO')":{"('0083-S-2015', 0)":"JUJUY"},"('Firmantes', 'BLOQUE')":{"('0083-S-2015', 0)":"FRENTE PARA LA VICTORIA - PJ"},"Sumario":{"('0083-S-2015', 0)":"IMAGEN, PROPORCIONES Y COLORES; MEDIDAS, CARACTERISTICAS Y ACCESORIOS."},"Palabra Clave":{"('0083-S-2015', 0)":" "}}