{"Tipo de Proyecto":{"('0084-D-2015', 0)":"PROYECTO DE LEY","('0084-D-2015', 1)":null,"('0084-D-2015', 2)":null},"Iniciado en: ":{"('0084-D-2015', 0)":"Diputados","('0084-D-2015', 1)":null,"('0084-D-2015', 2)":null},"Expediente Diputados: ":{"('0084-D-2015', 0)":"0084-D-2015","('0084-D-2015', 1)":null,"('0084-D-2015', 2)":null},"Publicado en: ":{"('0084-D-2015', 0)":"Tr\u00e1mite Parlamentario N\u00b0 1","('0084-D-2015', 1)":null,"('0084-D-2015', 2)":null},"Fecha: ":{"('0084-D-2015', 0)":"02\/03\/2015","('0084-D-2015', 1)":null,"('0084-D-2015', 2)":null},"T\u00edtulo":{"('0084-D-2015', 0)":"ASISTENCIA INTEGRAL DE MUJERES EMBARAZADAS VICTIMAS DE DELITOS CONTRA LA INTEGRIDAD SEXUAL  (REPRODUCCION DEL EXPEDIENTE 0546-D-13).","('0084-D-2015', 1)":null,"('0084-D-2015', 2)":null},"('Firmantes', 'FIRMANTE')":{"('0084-D-2015', 0)":"BIANCHI, IVANA MARIA","('0084-D-2015', 1)":null,"('0084-D-2015', 2)":null},"('Firmantes', 'DISTRITO')":{"('0084-D-2015', 0)":"SAN LUIS","('0084-D-2015', 1)":null,"('0084-D-2015', 2)":null},"('Firmantes', 'BLOQUE')":{"('0084-D-2015', 0)":"COMPROMISO FEDERAL","('0084-D-2015', 1)":null,"('0084-D-2015', 2)":null},"('Giros', 'COMISI\u00d3N')":{"('0084-D-2015', 0)":"FAMILIA, MUJER, NI\u00d1EZ Y ADOLESCENCIA","('0084-D-2015', 1)":"LEGISLACION GENERAL","('0084-D-2015', 2)":"PRESUPUESTO Y HACIENDA"},"Sumario":{"('0084-D-2015', 0)":"DERECHOS: ASISTENCIA INTEGRAL FISICA, PSICOLOGICA Y SOCIAL Y SUBSIDIO ECONOMICO; HABILITACION DEL REGISTRO DE ADOPTANTES SI LA MUJER DECIDE DAR EN ADOPCION A SU HIJO.","('0084-D-2015', 1)":null,"('0084-D-2015', 2)":null},"Palabra Clave":{"('0084-D-2015', 0)":" ","('0084-D-2015', 1)":null,"('0084-D-2015', 2)":null}}