{"Tipo de Proyecto":{"('0084-S-2015', 0)":"PROYECTO DE LEY"},"Iniciado en: ":{"('0084-S-2015', 0)":"Senado"},"Expediente Senado: ":{"('0084-S-2015', 0)":"0084-S-2015"},"Publicado en: ":{"('0084-S-2015', 0)":"Diario de Asuntos Entrados N\u00b0 5"},"Fecha: ":{"('0084-S-2015', 0)":"03\/03\/2015"},"T\u00edtulo":{"('0084-S-2015', 0)":"CREACION DEL PROGRAMA NACIONAL DE CUIDADOS PALIATIVOS."},"('Firmantes', 'FIRMANTE')":{"('0084-S-2015', 0)":"FELLNER, LILIANA BEATRIZ"},"('Firmantes', 'DISTRITO')":{"('0084-S-2015', 0)":"JUJUY"},"('Firmantes', 'BLOQUE')":{"('0084-S-2015', 0)":"FRENTE PARA LA VICTORIA - PJ"},"Sumario":{"('0084-S-2015', 0)":"INVITACION A ADHERIR."},"Palabra Clave":{"('0084-S-2015', 0)":" "}}