{"Tipo de Proyecto":{"('0085-S-2015', 0)":"PROYECTO DE LEY","('0085-S-2015', 1)":null,"('0085-S-2015', 2)":null},"Iniciado en: ":{"('0085-S-2015', 0)":"Senado","('0085-S-2015', 1)":null,"('0085-S-2015', 2)":null},"Expediente Diputados: ":{"('0085-S-2015', 0)":"0085-S-2015","('0085-S-2015', 1)":null,"('0085-S-2015', 2)":null},"Expediente Senado: ":{"('0085-S-2015', 0)":"2730-S-2015","('0085-S-2015', 1)":null,"('0085-S-2015', 2)":null},"Publicado en: ":{"('0085-S-2015', 0)":"Diario de Asuntos Entrados N\u00b0 0","('0085-S-2015', 1)":null,"('0085-S-2015', 2)":null},"Fecha: ":{"('0085-S-2015', 0)":"26\/08\/2015","('0085-S-2015', 1)":null,"('0085-S-2015', 2)":null},"T\u00edtulo":{"('0085-S-2015', 0)":"DECLARAR ZONA DE DESASTRE Y EMERGENCIA HIDRICA, ECONOMICA, SOCIAL Y PRODUCTIVA A DIVERSOS PARTIDOS DE LA PROVINCIA DE BUENOS AIRES Y EL DEPARTAMENTO DE CASEROS EN LA PROVINCIA DE SANTA FE, AFECTADOS POR LAS INUNDACIONES. ","('0085-S-2015', 1)":null,"('0085-S-2015', 2)":null},"('Firmantes', 'FIRMANTE')":{"('0085-S-2015', 0)":"GIUSTINIANI, RUBEN HECTOR","('0085-S-2015', 1)":null,"('0085-S-2015', 2)":null},"('Firmantes', 'DISTRITO')":{"('0085-S-2015', 0)":"SANTA FE","('0085-S-2015', 1)":null,"('0085-S-2015', 2)":null},"('Firmantes', 'BLOQUE')":{"('0085-S-2015', 0)":"PARTIDO SOCIALISTA","('0085-S-2015', 1)":null,"('0085-S-2015', 2)":null},"('Giros', 'COMISI\u00d3N')":{"('0085-S-2015', 0)":"ACCION SOCIAL Y SALUD PUBLICA","('0085-S-2015', 1)":"PRESUPUESTO Y HACIENDA","('0085-S-2015', 2)":null},"('Tramites', 'C\u00c1MARA')":{"('0085-S-2015', 0)":"Senado","('0085-S-2015', 1)":"Senado","('0085-S-2015', 2)":"Diputados"},"('Tramites', 'MOVIMIENTO')":{"('0085-S-2015', 0)":"MOCION SOBRE TABLAS (AFIRMATIVA)","('0085-S-2015', 1)":"CONSIDERACION Y APROBACION","('0085-S-2015', 2)":"PASA A DIPUTADOS -"},"('Tramites', 'FECHA')":{"('0085-S-2015', 0)":"26\/08\/2015","('0085-S-2015', 1)":"26\/08\/2015","('0085-S-2015', 2)":null},"('Tramites', 'RESULTADO')":{"('0085-S-2015', 0)":null,"('0085-S-2015', 1)":"MEDIA SANCION","('0085-S-2015', 2)":null},"Link":{"('0085-S-2015', 0)":"http:\/\/www.senado.gov.ar\/parlamentario\/comisiones\/verExp\/2730.15\/S\/PL","('0085-S-2015', 1)":null,"('0085-S-2015', 2)":null},"Palabra Clave":{"('0085-S-2015', 0)":" ","('0085-S-2015', 1)":null,"('0085-S-2015', 2)":null}}