{"Tipo de Proyecto":{"('0085-PE-2015', 0)":"MENSAJE NRO: 0683\/15","('0085-PE-2015', 1)":null},"Iniciado en: ":{"('0085-PE-2015', 0)":"Senado","('0085-PE-2015', 1)":null},"Expediente Senado: ":{"('0085-PE-2015', 0)":"0085-PE-2015","('0085-PE-2015', 1)":null},"Publicado en: ":{"('0085-PE-2015', 0)":"DAE S.A. N\u00b0 4","('0085-PE-2015', 1)":null},"Fecha: ":{"('0085-PE-2015', 0)":"29\/04\/2015","('0085-PE-2015', 1)":null},"T\u00edtulo":{"('0085-PE-2015', 0)":"SOLICITA ACUERDO PARA DESIGNAR DIRECTORA DEL BANCO CENTRAL DE LA REPUBLICA ARGENTINA A BARBARA EMILIA DOMATTO CONTI. ","('0085-PE-2015', 1)":null},"('Firmantes', 'FIRMANTE')":{"('0085-PE-2015', 0)":"FERNANDEZ DE KIRCHNER, CRISTINA","('0085-PE-2015', 1)":"KICILLOF, AXEL"},"('Firmantes', 'DISTRITO')":{"('0085-PE-2015', 0)":null,"('0085-PE-2015', 1)":null},"('Firmantes', 'BLOQUE')":{"('0085-PE-2015', 0)":"PODER EJECUTIVO","('0085-PE-2015', 1)":"PODER EJECUTIVO"},"('Tramites', 'C\u00c1MARA')":{"('0085-PE-2015', 0)":"Senado","('0085-PE-2015', 1)":null},"('Tramites', 'MOVIMIENTO')":{"('0085-PE-2015', 0)":"CONSIDERACION Y APROBACION","('0085-PE-2015', 1)":null},"('Tramites', 'FECHA')":{"('0085-PE-2015', 0)":"01\/07\/2015","('0085-PE-2015', 1)":null},"('Tramites', 'RESULTADO')":{"('0085-PE-2015', 0)":"APROBADO","('0085-PE-2015', 1)":null},"Palabra Clave":{"('0085-PE-2015', 0)":" ","('0085-PE-2015', 1)":null}}