{"Tipo de Proyecto":{"('0087-D-2015', 0)":"PROYECTO DE LEY","('0087-D-2015', 1)":null},"Iniciado en: ":{"('0087-D-2015', 0)":"Diputados","('0087-D-2015', 1)":null},"Expediente Diputados: ":{"('0087-D-2015', 0)":"0087-D-2015","('0087-D-2015', 1)":null},"Publicado en: ":{"('0087-D-2015', 0)":"Tr\u00e1mite Parlamentario N\u00b0 1","('0087-D-2015', 1)":null},"Fecha: ":{"('0087-D-2015', 0)":"02\/03\/2015","('0087-D-2015', 1)":null},"T\u00edtulo":{"('0087-D-2015', 0)":"SEGURIDAD VIAL: SE DECLARA SU ESTADO DE EMERGENCIA  EN TODO EL TERRITORIO DE LA REPUBLICA ARGENTINA POR EL TERMINO DE 5 A\u00d1OS  (REPRODUCCION DEL EXPEDIENTE 0549-D-13).","('0087-D-2015', 1)":null},"('Firmantes', 'FIRMANTE')":{"('0087-D-2015', 0)":"BIANCHI, IVANA MARIA","('0087-D-2015', 1)":null},"('Firmantes', 'DISTRITO')":{"('0087-D-2015', 0)":"SAN LUIS","('0087-D-2015', 1)":null},"('Firmantes', 'BLOQUE')":{"('0087-D-2015', 0)":"COMPROMISO FEDERAL","('0087-D-2015', 1)":null},"('Giros', 'COMISI\u00d3N')":{"('0087-D-2015', 0)":"TRANSPORTES","('0087-D-2015', 1)":"SEGURIDAD INTERIOR"},"('Tramites', 'C\u00c1MARA')":{"('0087-D-2015', 0)":"Diputados","('0087-D-2015', 1)":null},"('Tramites', 'MOVIMIENTO')":{"('0087-D-2015', 0)":"REPRODUCIDO POR EXPEDIENTE 0205-D-17","('0087-D-2015', 1)":null},"('Tramites', 'FECHA')":{"('0087-D-2015', 0)":null,"('0087-D-2015', 1)":null},"('Tramites', 'RESULTADO')":{"('0087-D-2015', 0)":null,"('0087-D-2015', 1)":null},"Sumario":{"('0087-D-2015', 0)":"AUTORIDAD DE APLICACION: MINISTERIO DEL INTERIOR DE LA NACION; REGLAMENTACION.","('0087-D-2015', 1)":null},"Palabra Clave":{"('0087-D-2015', 0)":" ","('0087-D-2015', 1)":null}}