{"Tipo de Proyecto":{"('0087-PE-2015', 0)":"MENSAJE NRO: 0725\/15","('0087-PE-2015', 1)":null},"Iniciado en: ":{"('0087-PE-2015', 0)":"Senado","('0087-PE-2015', 1)":null},"Expediente Senado: ":{"('0087-PE-2015', 0)":"0087-PE-2015","('0087-PE-2015', 1)":null},"Publicado en: ":{"('0087-PE-2015', 0)":"DAE S.A. N\u00b0 5","('0087-PE-2015', 1)":null},"Fecha: ":{"('0087-PE-2015', 0)":"06\/05\/2015","('0087-PE-2015', 1)":null},"T\u00edtulo":{"('0087-PE-2015', 0)":"SOLICITAR ACUERDO PARA DESIGNAR CONJUEZ DE LA CAMARA FEDERAL DE APELACIONES DE BAHIA BLANCA A LA DOCTORA IARA JESICA SILVESTRE. ","('0087-PE-2015', 1)":null},"('Firmantes', 'FIRMANTE')":{"('0087-PE-2015', 0)":"FERNANDEZ DE KIRCHNER, CRISTINA","('0087-PE-2015', 1)":"ALAK, JULIO"},"('Firmantes', 'DISTRITO')":{"('0087-PE-2015', 0)":null,"('0087-PE-2015', 1)":null},"('Firmantes', 'BLOQUE')":{"('0087-PE-2015', 0)":"PODER EJECUTIVO","('0087-PE-2015', 1)":"PODER EJECUTIVO"},"('Tramites', 'C\u00c1MARA')":{"('0087-PE-2015', 0)":"Senado","('0087-PE-2015', 1)":null},"('Tramites', 'MOVIMIENTO')":{"('0087-PE-2015', 0)":"CONSIDERACION Y APROBACION","('0087-PE-2015', 1)":null},"('Tramites', 'FECHA')":{"('0087-PE-2015', 0)":"01\/07\/2015","('0087-PE-2015', 1)":null},"('Tramites', 'RESULTADO')":{"('0087-PE-2015', 0)":"APROBADO","('0087-PE-2015', 1)":null},"Palabra Clave":{"('0087-PE-2015', 0)":" ","('0087-PE-2015', 1)":null}}