{"Tipo de Proyecto":{"('0089-S-2015', 0)":"PROYECTO DE LEY"},"Iniciado en: ":{"('0089-S-2015', 0)":"Senado"},"Expediente Senado: ":{"('0089-S-2015', 0)":"0089-S-2015"},"Publicado en: ":{"('0089-S-2015', 0)":"Diario de Asuntos Entrados N\u00b0 5"},"Fecha: ":{"('0089-S-2015', 0)":"03\/03\/2015"},"T\u00edtulo":{"('0089-S-2015', 0)":"CREACION  DEL FONDO NACIONAL DE INCENTIVO AL PERSONAL DEL SISTEMA DE SALUD PUBLICA. CREACION DE UNA COMISION BICAMERAL EN EL AMBITO DEL CONGRESO NACIONAL."},"('Firmantes', 'FIRMANTE')":{"('0089-S-2015', 0)":"GIMENEZ, SANDRA DANIELA"},"('Firmantes', 'DISTRITO')":{"('0089-S-2015', 0)":"MISIONES"},"('Firmantes', 'BLOQUE')":{"('0089-S-2015', 0)":"FRENTE PARA LA VICTORIA - PJ"},"Sumario":{"('0089-S-2015', 0)":"RECURSOS; DISTRIBUCION ANUAL ENTRE LAS PROVINCIAS Y LA CIUDAD AUTONOMA DE BUENOS AIRES."},"Palabra Clave":{"('0089-S-2015', 0)":" "}}