{"Tipo de Proyecto":{"('0090-PE-2015', 0)":"MENSAJE NRO: 0728\/15","('0090-PE-2015', 1)":null},"Iniciado en: ":{"('0090-PE-2015', 0)":"Senado","('0090-PE-2015', 1)":null},"Expediente Senado: ":{"('0090-PE-2015', 0)":"0090-PE-2015","('0090-PE-2015', 1)":null},"Publicado en: ":{"('0090-PE-2015', 0)":"DAE S.A. N\u00b0 5","('0090-PE-2015', 1)":null},"Fecha: ":{"('0090-PE-2015', 0)":"06\/05\/2015","('0090-PE-2015', 1)":null},"T\u00edtulo":{"('0090-PE-2015', 0)":"SOLICITAR ACUERDO PARA DESIGNAR A LOS SIGUIENTES CONJUECES DE LA CAMARA FEDERAL DE APELACIONES DE MAR DEL PLATA: DOCTOR SANTIAGO JOSE MARTIN, DOCTOR MARIO ALBERTO SERRANO, DOCTOR LUIS PABLO SLAVIN, DOCTORA PATRICIA VICTORIA PERELLO, DOCTOR GUILLERMO FEDERICO RIMONDI, DOCTOR CARLOS ALBERTO BORRELLI, DOCTOR MARCOS ALEJANDRO MIGDAL, DOCTOR RAUL JOSE MARIA CORDOBA, DOCTOR JUAN PABLO CREMONTE Y DOCTOR FEDERICO LUIS FOURQUET.","('0090-PE-2015', 1)":null},"('Firmantes', 'FIRMANTE')":{"('0090-PE-2015', 0)":"FERNANDEZ DE KIRCHNER, CRISTINA","('0090-PE-2015', 1)":"ALAK, JULIO"},"('Firmantes', 'DISTRITO')":{"('0090-PE-2015', 0)":null,"('0090-PE-2015', 1)":null},"('Firmantes', 'BLOQUE')":{"('0090-PE-2015', 0)":"PODER EJECUTIVO","('0090-PE-2015', 1)":"PODER EJECUTIVO"},"('Tramites', 'C\u00c1MARA')":{"('0090-PE-2015', 0)":"Senado","('0090-PE-2015', 1)":null},"('Tramites', 'MOVIMIENTO')":{"('0090-PE-2015', 0)":"CONSIDERACION Y APROBACION","('0090-PE-2015', 1)":null},"('Tramites', 'FECHA')":{"('0090-PE-2015', 0)":"01\/07\/2015","('0090-PE-2015', 1)":null},"('Tramites', 'RESULTADO')":{"('0090-PE-2015', 0)":"APROBADO","('0090-PE-2015', 1)":null},"Palabra Clave":{"('0090-PE-2015', 0)":" ","('0090-PE-2015', 1)":null}}