{"Tipo de Proyecto":{"('0090-OV-2015', 0)":"PROYECTO DE RESOLUCI\u00d3N"},"Iniciado en: ":{"('0090-OV-2015', 0)":"Senado"},"Expediente Senado: ":{"('0090-OV-2015', 0)":"0090-OV-2015"},"Fecha: ":{"('0090-OV-2015', 0)":"16\/09\/2015"},"T\u00edtulo":{"('0090-OV-2015', 0)":"RESOLUCION REMITIDA POR LA AUDITORIA GENERAL DE LA NACION 58\/15, APROBANDO EL INFORME DE AUDITORIA SOBRE LOS ESTADOS FINANCIEROS POR EL EJERCICIO CORRESPONDIENTE AL PROGRAMA DE INNOVACION TECNOLOGICA III - FORMACION DE CAPITAL HUMANO PARA LA INNOVACION, FINANCIADO A TRAVES DEL CONVENIO DE PRESTAMO BID 2777-2\/OC-AR. POR EL EJERCICIO FINALIZADO EL 31 DE DICIEMBRE DE 2014."},"('Firmantes', 'FIRMANTE')":{"('0090-OV-2015', 0)":"PARLAMENTARIA MIXTA REVISORA DE CUENTAS"},"('Firmantes', 'DISTRITO')":{"('0090-OV-2015', 0)":null},"('Firmantes', 'BLOQUE')":{"('0090-OV-2015', 0)":null},"('Tramites', 'C\u00c1MARA')":{"('0090-OV-2015', 0)":"Senado"},"('Tramites', 'MOVIMIENTO')":{"('0090-OV-2015', 0)":"CONSIDERACION Y APROBACION (AL ARCHIVO)"},"('Tramites', 'FECHA')":{"('0090-OV-2015', 0)":"02\/11\/2016"},"('Tramites', 'RESULTADO')":{"('0090-OV-2015', 0)":"APROBADO"},"Sumario":{"('0090-OV-2015', 0)":"HABIENDO TOMADO CONOCIMIENTO Y SIN PERJUICIO DE ULTERIORES MEDIDAS QUE PUEDAN ADOPTARSE, SE ACONSEJA SU REMISION AL ARCHIVO."},"Palabra Clave":{"('0090-OV-2015', 0)":" "}}