{"Tipo de Proyecto":{"('0090-D-2015', 0)":"PROYECTO DE LEY","('0090-D-2015', 1)":null},"Iniciado en: ":{"('0090-D-2015', 0)":"Diputados","('0090-D-2015', 1)":null},"Expediente Diputados: ":{"('0090-D-2015', 0)":"0090-D-2015","('0090-D-2015', 1)":null},"Publicado en: ":{"('0090-D-2015', 0)":"Tr\u00e1mite Parlamentario N\u00b0 1","('0090-D-2015', 1)":null},"Fecha: ":{"('0090-D-2015', 0)":"02\/03\/2015","('0090-D-2015', 1)":null},"T\u00edtulo":{"('0090-D-2015', 0)":"REGIMEN DE INVIOLABILIDAD DE CAJAS DE SEGURIDAD, EN LOS TERMINOS DE LAS GARANTIAS PRESCRIPTAS EN EL ARTICULO 18 DE LA CONSTITUCION NACIONAL (REPRODUCCION DEL EXPEDIENTE 0552-D-13).","('0090-D-2015', 1)":null},"('Firmantes', 'FIRMANTE')":{"('0090-D-2015', 0)":"BIANCHI, IVANA MARIA","('0090-D-2015', 1)":null},"('Firmantes', 'DISTRITO')":{"('0090-D-2015', 0)":"SAN LUIS","('0090-D-2015', 1)":null},"('Firmantes', 'BLOQUE')":{"('0090-D-2015', 0)":"COMPROMISO FEDERAL","('0090-D-2015', 1)":null},"('Giros', 'COMISI\u00d3N')":{"('0090-D-2015', 0)":"FINANZAS","('0090-D-2015', 1)":"JUSTICIA"},"('Tramites', 'C\u00c1MARA')":{"('0090-D-2015', 0)":"Diputados","('0090-D-2015', 1)":null},"('Tramites', 'MOVIMIENTO')":{"('0090-D-2015', 0)":"REPRODUCIDO POR EXPEDIENTE 0159-D-17","('0090-D-2015', 1)":null},"('Tramites', 'FECHA')":{"('0090-D-2015', 0)":null,"('0090-D-2015', 1)":null},"('Tramites', 'RESULTADO')":{"('0090-D-2015', 0)":null,"('0090-D-2015', 1)":null},"Palabra Clave":{"('0090-D-2015', 0)":" ","('0090-D-2015', 1)":null}}