{"Tipo de Proyecto":{"('0091-OV-2015', 0)":"PROYECTO DE RESOLUCI\u00d3N"},"Iniciado en: ":{"('0091-OV-2015', 0)":"Senado"},"Expediente Senado: ":{"('0091-OV-2015', 0)":"0091-OV-2015"},"Fecha: ":{"('0091-OV-2015', 0)":"17\/09\/2015"},"T\u00edtulo":{"('0091-OV-2015', 0)":"RESOLUCION REMITIDA POR LA AUDITORIA GENERAL DE LA NACION 59\/15, APROBANDO EL INFORME DE AUDITORIA SOBRE LOS ESTADOS FINANCIEROS DEL EJERCICIO IRREGULAR 1 INICIADO EL 01 DE OCTUBRE DE 2013 Y FINALIZADO EL 31 DE DICIEMBRE DE 2014, CORRESPONDIENTES AL PROGRAMA DE DESARROLLO PARA LA AGRICULTURA FAMILIAR, CONVENIO DE PRESTAMO BID 2740\/OC-AR."},"('Firmantes', 'FIRMANTE')":{"('0091-OV-2015', 0)":"PARLAMENTARIA MIXTA REVISORA DE CUENTAS"},"('Firmantes', 'DISTRITO')":{"('0091-OV-2015', 0)":null},"('Firmantes', 'BLOQUE')":{"('0091-OV-2015', 0)":null},"('Tramites', 'C\u00c1MARA')":{"('0091-OV-2015', 0)":"Senado"},"('Tramites', 'MOVIMIENTO')":{"('0091-OV-2015', 0)":"CONSIDERACION Y APROBACION (AL ARCHIVO)"},"('Tramites', 'FECHA')":{"('0091-OV-2015', 0)":"02\/11\/2016"},"('Tramites', 'RESULTADO')":{"('0091-OV-2015', 0)":"APROBADO"},"Sumario":{"('0091-OV-2015', 0)":"HABIENDO TOMADO CONOCIMIENTO Y SIN PERJUICIO DE ULTERIORES MEDIDAS QUE PUEDAN ADOPTARSE, SE ACONSEJA SU REMISION AL ARCHIVO."},"Palabra Clave":{"('0091-OV-2015', 0)":" "}}