{"Tipo de Proyecto":{"('0091-S-2015', 0)":"PROYECTO DE LEY","('0091-S-2015', 1)":null,"('0091-S-2015', 2)":null,"('0091-S-2015', 3)":null,"('0091-S-2015', 4)":null,"('0091-S-2015', 5)":null,"('0091-S-2015', 6)":null,"('0091-S-2015', 7)":null},"Iniciado en: ":{"('0091-S-2015', 0)":"Senado","('0091-S-2015', 1)":null,"('0091-S-2015', 2)":null,"('0091-S-2015', 3)":null,"('0091-S-2015', 4)":null,"('0091-S-2015', 5)":null,"('0091-S-2015', 6)":null,"('0091-S-2015', 7)":null},"Expediente Diputados: ":{"('0091-S-2015', 0)":"0091-S-2015","('0091-S-2015', 1)":null,"('0091-S-2015', 2)":null,"('0091-S-2015', 3)":null,"('0091-S-2015', 4)":null,"('0091-S-2015', 5)":null,"('0091-S-2015', 6)":null,"('0091-S-2015', 7)":null},"Expediente Senado: ":{"('0091-S-2015', 0)":"2391-S-2015","('0091-S-2015', 1)":null,"('0091-S-2015', 2)":null,"('0091-S-2015', 3)":null,"('0091-S-2015', 4)":null,"('0091-S-2015', 5)":null,"('0091-S-2015', 6)":null,"('0091-S-2015', 7)":null},"Publicado en: ":{"('0091-S-2015', 0)":"Diario de Asuntos Entrados N\u00b0 119","('0091-S-2015', 1)":null,"('0091-S-2015', 2)":null,"('0091-S-2015', 3)":null,"('0091-S-2015', 4)":null,"('0091-S-2015', 5)":null,"('0091-S-2015', 6)":null,"('0091-S-2015', 7)":null},"Fecha: ":{"('0091-S-2015', 0)":"23\/07\/2015","('0091-S-2015', 1)":null,"('0091-S-2015', 2)":null,"('0091-S-2015', 3)":null,"('0091-S-2015', 4)":null,"('0091-S-2015', 5)":null,"('0091-S-2015', 6)":null,"('0091-S-2015', 7)":null},"T\u00edtulo":{"('0091-S-2015', 0)":"DECLARAR \"CAPITAL NACIONAL DEL DEPORTISTA\" A LA CIUDAD DE RIO TERCERO, PROVINCIA DE CORDOBA.","('0091-S-2015', 1)":null,"('0091-S-2015', 2)":null,"('0091-S-2015', 3)":null,"('0091-S-2015', 4)":null,"('0091-S-2015', 5)":null,"('0091-S-2015', 6)":null,"('0091-S-2015', 7)":null},"('Firmantes', 'FIRMANTE')":{"('0091-S-2015', 0)":"BORELLO, MARTA","('0091-S-2015', 1)":null,"('0091-S-2015', 2)":null,"('0091-S-2015', 3)":null,"('0091-S-2015', 4)":null,"('0091-S-2015', 5)":null,"('0091-S-2015', 6)":null,"('0091-S-2015', 7)":null},"('Firmantes', 'DISTRITO')":{"('0091-S-2015', 0)":"CORDOBA","('0091-S-2015', 1)":null,"('0091-S-2015', 2)":null,"('0091-S-2015', 3)":null,"('0091-S-2015', 4)":null,"('0091-S-2015', 5)":null,"('0091-S-2015', 6)":null,"('0091-S-2015', 7)":null},"('Firmantes', 'BLOQUE')":{"('0091-S-2015', 0)":"UCR","('0091-S-2015', 1)":null,"('0091-S-2015', 2)":null,"('0091-S-2015', 3)":null,"('0091-S-2015', 4)":null,"('0091-S-2015', 5)":null,"('0091-S-2015', 6)":null,"('0091-S-2015', 7)":null},"('Giros', 'COMISI\u00d3N')":{"('0091-S-2015', 0)":"DEPORTES","('0091-S-2015', 1)":"LEGISLACION GENERAL","('0091-S-2015', 2)":null,"('0091-S-2015', 3)":null,"('0091-S-2015', 4)":null,"('0091-S-2015', 5)":null,"('0091-S-2015', 6)":null,"('0091-S-2015', 7)":null},"('Tramites', 'C\u00c1MARA')":{"('0091-S-2015', 0)":"Senado","('0091-S-2015', 1)":"Senado","('0091-S-2015', 2)":"Diputados","('0091-S-2015', 3)":"Diputados","('0091-S-2015', 4)":"Diputados","('0091-S-2015', 5)":"Senado","('0091-S-2015', 6)":"Senado","('0091-S-2015', 7)":"Senado"},"('Tramites', 'MOVIMIENTO')":{"('0091-S-2015', 0)":"MOCION SOBRE TABLAS (AFIRMATIVA)","('0091-S-2015', 1)":"CONSIDERACION Y APROBACION","('0091-S-2015', 2)":"PASA A DIPUTADOS -","('0091-S-2015', 3)":"MOCION APARTAMIENTO DEL REGLAMENTO (AFIRMATIVA) CONJUNTAMENTE PARA LOS EXPEDIENTES 0091-S-2015, 2391-S-2015 y 0839-D-2016","('0091-S-2015', 4)":"CONSIDERACION Y APROBACION CONJUNTAMENTE PARA LOS EXPEDIENTES 0091-S-2015, 2391-S-2015 y 0839-D-2016","('0091-S-2015', 5)":"VUELVE A SENADO - CONJUNTAMENTE PARA LOS EXPEDIENTES 0091-S-2015, 2391-S-2015 y 0839-D-2016","('0091-S-2015', 6)":"CONSIDERACION Y SANCION CONJUNTAMENTE PARA LOS EXPEDIENTES 0091-S-2015, 2391-S-2015 y 0839-D-2016","('0091-S-2015', 7)":"INSERCIONES"},"('Tramites', 'FECHA')":{"('0091-S-2015', 0)":"16\/09\/2015","('0091-S-2015', 1)":"16\/09\/2015","('0091-S-2015', 2)":null,"('0091-S-2015', 3)":"23\/11\/2016","('0091-S-2015', 4)":"23\/11\/2016","('0091-S-2015', 5)":null,"('0091-S-2015', 6)":"23\/08\/2017","('0091-S-2015', 7)":"23\/08\/2017"},"('Tramites', 'RESULTADO')":{"('0091-S-2015', 0)":null,"('0091-S-2015', 1)":"MEDIA SANCION","('0091-S-2015', 2)":null,"('0091-S-2015', 3)":null,"('0091-S-2015', 4)":"MEDIA SANCION","('0091-S-2015', 5)":null,"('0091-S-2015', 6)":"SANCIONADO","('0091-S-2015', 7)":null},"Link":{"('0091-S-2015', 0)":"http:\/\/www.senado.gov.ar\/parlamentario\/comisiones\/verExp\/2391.15\/S\/PL","('0091-S-2015', 1)":null,"('0091-S-2015', 2)":null,"('0091-S-2015', 3)":null,"('0091-S-2015', 4)":null,"('0091-S-2015', 5)":null,"('0091-S-2015', 6)":null,"('0091-S-2015', 7)":null},"Palabra Clave":{"('0091-S-2015', 0)":" ","('0091-S-2015', 1)":null,"('0091-S-2015', 2)":null,"('0091-S-2015', 3)":null,"('0091-S-2015', 4)":null,"('0091-S-2015', 5)":null,"('0091-S-2015', 6)":null,"('0091-S-2015', 7)":null}}