{"Tipo de Proyecto":{"('0092-D-2015', 0)":"PROYECTO DE LEY"},"Iniciado en: ":{"('0092-D-2015', 0)":"Diputados"},"Expediente Diputados: ":{"('0092-D-2015', 0)":"0092-D-2015"},"Publicado en: ":{"('0092-D-2015', 0)":"Tr\u00e1mite Parlamentario N\u00b0 1"},"Fecha: ":{"('0092-D-2015', 0)":"02\/03\/2015"},"T\u00edtulo":{"('0092-D-2015', 0)":"ORGANIZACION Y PROCEDIMIENTO DE LA JUSTICIA DEL TRABAJO, LEY 18345: MODIFICACION DEL ARTICULO 69, SOBRE AUDIENCIAS DE CONCILIACION (REPRODUCCION DEL EXPEDIENTE 0554-D-13)."},"('Firmantes', 'FIRMANTE')":{"('0092-D-2015', 0)":"BIANCHI, IVANA MARIA"},"('Firmantes', 'DISTRITO')":{"('0092-D-2015', 0)":"SAN LUIS"},"('Firmantes', 'BLOQUE')":{"('0092-D-2015', 0)":"COMPROMISO FEDERAL"},"('Giros', 'COMISI\u00d3N')":{"('0092-D-2015', 0)":"LEGISLACION DEL TRABAJO"},"Palabra Clave":{"('0092-D-2015', 0)":" "}}