{"Tipo de Proyecto":{"('0092-S-2015', 0)":"MENSAJE NRO: 1726\/15 Y PROYECTO DE LEY","('0092-S-2015', 1)":null,"('0092-S-2015', 2)":null,"('0092-S-2015', 3)":null,"('0092-S-2015', 4)":null,"('0092-S-2015', 5)":null},"Iniciado en: ":{"('0092-S-2015', 0)":"Senado","('0092-S-2015', 1)":null,"('0092-S-2015', 2)":null,"('0092-S-2015', 3)":null,"('0092-S-2015', 4)":null,"('0092-S-2015', 5)":null},"Expediente Diputados: ":{"('0092-S-2015', 0)":"0092-S-2015","('0092-S-2015', 1)":null,"('0092-S-2015', 2)":null,"('0092-S-2015', 3)":null,"('0092-S-2015', 4)":null,"('0092-S-2015', 5)":null},"Expediente Senado: ":{"('0092-S-2015', 0)":"0160-PE-2015","('0092-S-2015', 1)":null,"('0092-S-2015', 2)":null,"('0092-S-2015', 3)":null,"('0092-S-2015', 4)":null,"('0092-S-2015', 5)":null},"Publicado en: ":{"('0092-S-2015', 0)":"Diario de Asuntos Entrados N\u00b0 133","('0092-S-2015', 1)":null,"('0092-S-2015', 2)":null,"('0092-S-2015', 3)":null,"('0092-S-2015', 4)":null,"('0092-S-2015', 5)":null},"Fecha: ":{"('0092-S-2015', 0)":"21\/08\/2015","('0092-S-2015', 1)":null,"('0092-S-2015', 2)":null,"('0092-S-2015', 3)":null,"('0092-S-2015', 4)":null,"('0092-S-2015', 5)":null},"T\u00edtulo":{"('0092-S-2015', 0)":"CREACION DE LA AGENCIA NACIONAL DE PARTICIPACIONES ESTATALES EN EMPRESAS (ANPEE).","('0092-S-2015', 1)":null,"('0092-S-2015', 2)":null,"('0092-S-2015', 3)":null,"('0092-S-2015', 4)":null,"('0092-S-2015', 5)":null},"('Firmantes', 'FIRMANTE')":{"('0092-S-2015', 0)":"FERNANDEZ DE KIRCHNER, CRISTINA","('0092-S-2015', 1)":"FERNANDEZ, ANIBAL","('0092-S-2015', 2)":"KICILLOF, AXEL","('0092-S-2015', 3)":"TOMADA, CARLOS","('0092-S-2015', 4)":"GIORGI, DEBORA","('0092-S-2015', 5)":null},"('Firmantes', 'DISTRITO')":{"('0092-S-2015', 0)":null,"('0092-S-2015', 1)":null,"('0092-S-2015', 2)":null,"('0092-S-2015', 3)":null,"('0092-S-2015', 4)":null,"('0092-S-2015', 5)":null},"('Firmantes', 'BLOQUE')":{"('0092-S-2015', 0)":"PODER EJECUTIVO","('0092-S-2015', 1)":"PODER EJECUTIVO","('0092-S-2015', 2)":"PODER EJECUTIVO","('0092-S-2015', 3)":"PODER EJECUTIVO","('0092-S-2015', 4)":"PODER EJECUTIVO","('0092-S-2015', 5)":null},"('Giros', 'COMISI\u00d3N')":{"('0092-S-2015', 0)":"PRESUPUESTO Y HACIENDA","('0092-S-2015', 1)":"PREVISION Y SEGURIDAD SOCIAL","('0092-S-2015', 2)":null,"('0092-S-2015', 3)":null,"('0092-S-2015', 4)":null,"('0092-S-2015', 5)":null},"('Tramites', 'C\u00c1MARA')":{"('0092-S-2015', 0)":"Senado","('0092-S-2015', 1)":"Senado","('0092-S-2015', 2)":"Diputados","('0092-S-2015', 3)":"Diputados","('0092-S-2015', 4)":"Diputados","('0092-S-2015', 5)":"Diputados"},"('Tramites', 'MOVIMIENTO')":{"('0092-S-2015', 0)":"CONSIDERACION Y APROBACION CON MODIFICACIONES","('0092-S-2015', 1)":"INSERCIONES","('0092-S-2015', 2)":"PASA A DIPUTADOS -","('0092-S-2015', 3)":"CITACION SESION ESPECIAL","('0092-S-2015', 4)":"CONSIDERACION Y SANCION","('0092-S-2015', 5)":"INSERCIONES"},"('Tramites', 'FECHA')":{"('0092-S-2015', 0)":"16\/09\/2015","('0092-S-2015', 1)":"16\/09\/2015","('0092-S-2015', 2)":null,"('0092-S-2015', 3)":"23\/09\/2015","('0092-S-2015', 4)":"23\/09\/2015","('0092-S-2015', 5)":"23\/09\/2015"},"('Tramites', 'RESULTADO')":{"('0092-S-2015', 0)":"MEDIA SANCION","('0092-S-2015', 1)":null,"('0092-S-2015', 2)":null,"('0092-S-2015', 3)":null,"('0092-S-2015', 4)":"SANCIONADO","('0092-S-2015', 5)":null},"Sumario":{"('0092-S-2015', 0)":"DECLARAR DE INTERES PUBLICO LA PROTECCION DE LAS PARTICIPACIONES SOCIALES DEL ESTADO NACIONAL QUE INTEGRAN LA CARTERA DE INVERSIONES DEL FONDO DE GARANTIA DE SUSTENTABILIDAD DEL SISTEMA INTEGRADO PREVISIONAL ARGENTINO (FGS) CREADO POR EL DECRETO 897\/2007 Y DE LAS PARTICIPACIONES ACCIONARIAS O DE CAPITAL DE EMPRESAS DONDE EL ESTADO NACIONAL SEA SOCIO MINORITARIO O DONDE EL MINISTERIO DE ECONOMIA Y FINANZAS PUBLICAS POSEA TENENCIAS ACCIONARIAS O DE CAPITAL; PROHIBICION DE DE TRANSFERENCIA Y\/O CUALQUIER OTRO ACTO SIN PREVIA AUTORIZACION EXPRESA DEL CONGRESO NACIONAL CON MAYORIA ESPECIAL; FINALIDAD; AUTORIDADES; CREACION DE LA COMISION BICAMERAL PERMANENTE DE PARTICIPACION ESTATAL EN EMPRESAS; INTEGRACION DEL DIRECTORIO: TRANSFERENCIA DE LA DIRECCION NACIONAL DE EMPRESAS CON PARTICIPACION DEL ESTADO DE LA SECRETARIA DE POLITICA ECONOMIA Y PLANIFICACION DEL DESARROLLO DEL MINISTERIO DE ECONOMIA Y FINANZAS PUBLICAS A LA AGENCIA NACIONAL DE PARTICIPACIONES ESTATALES EN EMPRESAS (ANPEE); EXCLUSIONES; DEROGACION DEL DECRETO 1278\/2012 (COMPETENCIA DE LA SECRETARIA DE POLITICA ECONOMICA Y PLANIFICACION DEL DESARROLLO).","('0092-S-2015', 1)":null,"('0092-S-2015', 2)":null,"('0092-S-2015', 3)":null,"('0092-S-2015', 4)":null,"('0092-S-2015', 5)":null},"Palabra Clave":{"('0092-S-2015', 0)":" ","('0092-S-2015', 1)":null,"('0092-S-2015', 2)":null,"('0092-S-2015', 3)":null,"('0092-S-2015', 4)":null,"('0092-S-2015', 5)":null}}