{"Tipo de Proyecto":{"('0093-D-2015', 0)":"PROYECTO DE LEY","('0093-D-2015', 1)":null,"('0093-D-2015', 2)":null},"Iniciado en: ":{"('0093-D-2015', 0)":"Diputados","('0093-D-2015', 1)":null,"('0093-D-2015', 2)":null},"Expediente Diputados: ":{"('0093-D-2015', 0)":"0093-D-2015","('0093-D-2015', 1)":null,"('0093-D-2015', 2)":null},"Publicado en: ":{"('0093-D-2015', 0)":"Tr\u00e1mite Parlamentario N\u00b0 1","('0093-D-2015', 1)":null,"('0093-D-2015', 2)":null},"Fecha: ":{"('0093-D-2015', 0)":"02\/03\/2015","('0093-D-2015', 1)":null,"('0093-D-2015', 2)":null},"T\u00edtulo":{"('0093-D-2015', 0)":"SERVICIOS DE OBSTETRICIA, NEONATOLOGIA Y MATERNIDAD EN HOSPITALES Y SANATORIOS. OBLIGATORIEDAD DE EXHIBIR EN LUGAR VISIBLE AL PUBLICO, LOS LUGARES PARA  ATENCION DE NI\u00d1OS DISCAPACITADOS Y SU FAMILIA.  (REPRODUCCION DEL EXPEDIENTE 0555-D-13).","('0093-D-2015', 1)":null,"('0093-D-2015', 2)":null},"('Firmantes', 'FIRMANTE')":{"('0093-D-2015', 0)":"BIANCHI, IVANA MARIA","('0093-D-2015', 1)":null,"('0093-D-2015', 2)":null},"('Firmantes', 'DISTRITO')":{"('0093-D-2015', 0)":"SAN LUIS","('0093-D-2015', 1)":null,"('0093-D-2015', 2)":null},"('Firmantes', 'BLOQUE')":{"('0093-D-2015', 0)":"COMPROMISO FEDERAL","('0093-D-2015', 1)":null,"('0093-D-2015', 2)":null},"('Giros', 'COMISI\u00d3N')":{"('0093-D-2015', 0)":"DISCAPACIDAD","('0093-D-2015', 1)":"ACCION SOCIAL Y SALUD PUBLICA","('0093-D-2015', 2)":"PRESUPUESTO Y HACIENDA"},"('Tramites', 'C\u00c1MARA')":{"('0093-D-2015', 0)":"Diputados","('0093-D-2015', 1)":null,"('0093-D-2015', 2)":null},"('Tramites', 'MOVIMIENTO')":{"('0093-D-2015', 0)":"REPRODUCIDO POR EXPEDIENTE 0204-D-17","('0093-D-2015', 1)":null,"('0093-D-2015', 2)":null},"('Tramites', 'FECHA')":{"('0093-D-2015', 0)":null,"('0093-D-2015', 1)":null,"('0093-D-2015', 2)":null},"('Tramites', 'RESULTADO')":{"('0093-D-2015', 0)":null,"('0093-D-2015', 1)":null,"('0093-D-2015', 2)":null},"Palabra Clave":{"('0093-D-2015', 0)":" ","('0093-D-2015', 1)":null,"('0093-D-2015', 2)":null}}