{"Tipo de Proyecto":{"('0093-S-2015', 0)":"PROYECTO DE DECLARACI\u00d3N","('0093-S-2015', 1)":null},"Iniciado en: ":{"('0093-S-2015', 0)":"Senado","('0093-S-2015', 1)":null},"Expediente Senado: ":{"('0093-S-2015', 0)":"0093-S-2015","('0093-S-2015', 1)":null},"Publicado en: ":{"('0093-S-2015', 0)":"Diario de Asuntos Entrados N\u00b0 5","('0093-S-2015', 1)":null},"Fecha: ":{"('0093-S-2015', 0)":"03\/03\/2015","('0093-S-2015', 1)":null},"T\u00edtulo":{"('0093-S-2015', 0)":"DECLARAR DE INTERES EL SEMINARIO Y CURSO DE EXTENSION \"SISTEMA SILVOPASTORILES EN BOSQUES DE NOTHOFAGUS ANTARTICA EN PATAGONIA SUR\",EL 9 DE MARZO DE 2015, EN EL CAMPUS DE LA UNIVERSIDAD NACIONAL DE LA PATAGONIA AUSTRAL. ","('0093-S-2015', 1)":null},"('Firmantes', 'FIRMANTE')":{"('0093-S-2015', 0)":"GIMENEZ, SANDRA DANIELA","('0093-S-2015', 1)":null},"('Firmantes', 'DISTRITO')":{"('0093-S-2015', 0)":"MISIONES","('0093-S-2015', 1)":null},"('Firmantes', 'BLOQUE')":{"('0093-S-2015', 0)":"FRENTE PARA LA VICTORIA - PJ","('0093-S-2015', 1)":null},"('Tramites', 'C\u00c1MARA')":{"('0093-S-2015', 0)":"Senado","('0093-S-2015', 1)":"Senado"},"('Tramites', 'MOVIMIENTO')":{"('0093-S-2015', 0)":"MOCION SOBRE TABLAS (AFIRMATIVA)","('0093-S-2015', 1)":"CONSIDERACION Y APROBACION"},"('Tramites', 'FECHA')":{"('0093-S-2015', 0)":"27\/05\/2015","('0093-S-2015', 1)":"27\/05\/2015"},"('Tramites', 'RESULTADO')":{"('0093-S-2015', 0)":null,"('0093-S-2015', 1)":"APROBADO"},"Link":{"('0093-S-2015', 0)":"http:\/\/www.senado.gov.ar\/parlamentario\/comisiones\/verExp\/93.15\/S\/PD","('0093-S-2015', 1)":null},"Palabra Clave":{"('0093-S-2015', 0)":" ","('0093-S-2015', 1)":null}}