{"Tipo de Proyecto":{"('0094-OV-2015', 0)":"PROYECTO DE RESOLUCI\u00d3N"},"Iniciado en: ":{"('0094-OV-2015', 0)":"Senado"},"Expediente Senado: ":{"('0094-OV-2015', 0)":"0094-OV-2015"},"Fecha: ":{"('0094-OV-2015', 0)":"16\/09\/2015"},"T\u00edtulo":{"('0094-OV-2015', 0)":"RESOLUCION REMITIDA POR LA AUDITORIA GENERAL DE LA NACION 62\/15, APROBANDO EL INFORME DE AUDITORIA SOBRE LOS ESTADOS FINANCIEROS DEL PROGRAMA DE INNOVACION TECNOLOGICA II, CONTRATO DE PRESTAMO 2437\/OC-AR, EJERCICIO 4, FINALIZADO EL 31 DE DICIEMBRE DE 2014."},"('Firmantes', 'FIRMANTE')":{"('0094-OV-2015', 0)":"PARLAMENTARIA MIXTA REVISORA DE CUENTAS"},"('Firmantes', 'DISTRITO')":{"('0094-OV-2015', 0)":null},"('Firmantes', 'BLOQUE')":{"('0094-OV-2015', 0)":null},"('Tramites', 'C\u00c1MARA')":{"('0094-OV-2015', 0)":"Senado"},"('Tramites', 'MOVIMIENTO')":{"('0094-OV-2015', 0)":"CONSIDERACION Y APROBACION (AL ARCHIVO)"},"('Tramites', 'FECHA')":{"('0094-OV-2015', 0)":"02\/11\/2016"},"('Tramites', 'RESULTADO')":{"('0094-OV-2015', 0)":"APROBADO"},"Link":{"('0094-OV-2015', 0)":"http:\/\/www.senado.gov.ar\/parlamentario\/comisiones\/verExp\/94.15\/OV\/PR"},"Palabra Clave":{"('0094-OV-2015', 0)":" "}}