{"Tipo de Proyecto":{"('0094-PE-2015', 0)":"MENSAJE NRO: 0732\/15","('0094-PE-2015', 1)":null},"Iniciado en: ":{"('0094-PE-2015', 0)":"Senado","('0094-PE-2015', 1)":null},"Expediente Senado: ":{"('0094-PE-2015', 0)":"0094-PE-2015","('0094-PE-2015', 1)":null},"Publicado en: ":{"('0094-PE-2015', 0)":"DAE S.A. N\u00b0 5","('0094-PE-2015', 1)":null},"Fecha: ":{"('0094-PE-2015', 0)":"06\/05\/2015","('0094-PE-2015', 1)":null},"T\u00edtulo":{"('0094-PE-2015', 0)":"SOLICITAR ACUERDO PARA DESIGNAR A LOS SIGUIENTES CONJUECES DE LA CAMARA NACIONAL DE APELACIONES EN LO CIVIL DE LA CAPITAL FEDERAL: DOCTOR IGNACIO MARTIN REBAUDI BASAVILBASO, DOCTOR SEBASTIAN FRANCISCO FONT, DOCTOR GUSTAVO EDUARDO NOYA, DOCTORA CELIA ELSA GIORDANINO, DOCTORA MARIA VICTORIA FAMA, DOCTORA MARCELA PATRICIA SOMER, DOCTOR LUIS RICARDO JOSE SAENZ.","('0094-PE-2015', 1)":null},"('Firmantes', 'FIRMANTE')":{"('0094-PE-2015', 0)":"FERNANDEZ DE KIRCHNER, CRISTINA","('0094-PE-2015', 1)":"ALAK, JULIO"},"('Firmantes', 'DISTRITO')":{"('0094-PE-2015', 0)":null,"('0094-PE-2015', 1)":null},"('Firmantes', 'BLOQUE')":{"('0094-PE-2015', 0)":"PODER EJECUTIVO","('0094-PE-2015', 1)":"PODER EJECUTIVO"},"('Tramites', 'C\u00c1MARA')":{"('0094-PE-2015', 0)":"Senado","('0094-PE-2015', 1)":null},"('Tramites', 'MOVIMIENTO')":{"('0094-PE-2015', 0)":"CONSIDERACION Y APROBACION","('0094-PE-2015', 1)":null},"('Tramites', 'FECHA')":{"('0094-PE-2015', 0)":"01\/07\/2015","('0094-PE-2015', 1)":null},"('Tramites', 'RESULTADO')":{"('0094-PE-2015', 0)":"APROBADO","('0094-PE-2015', 1)":null},"Palabra Clave":{"('0094-PE-2015', 0)":" ","('0094-PE-2015', 1)":null}}