{"Tipo de Proyecto":{"('0094-D-2015', 0)":"PROYECTO DE LEY","('0094-D-2015', 1)":null,"('0094-D-2015', 2)":null},"Iniciado en: ":{"('0094-D-2015', 0)":"Diputados","('0094-D-2015', 1)":null,"('0094-D-2015', 2)":null},"Expediente Diputados: ":{"('0094-D-2015', 0)":"0094-D-2015","('0094-D-2015', 1)":null,"('0094-D-2015', 2)":null},"Publicado en: ":{"('0094-D-2015', 0)":"Tr\u00e1mite Parlamentario N\u00b0 1","('0094-D-2015', 1)":null,"('0094-D-2015', 2)":null},"Fecha: ":{"('0094-D-2015', 0)":"02\/03\/2015","('0094-D-2015', 1)":null,"('0094-D-2015', 2)":null},"T\u00edtulo":{"('0094-D-2015', 0)":"TRABAJO DE LOS DETENIDOS, PRESOS O RECLUSOS.  REGIMEN (REPRODUCCION DEL EXPEDIENTE 0556-D-13).","('0094-D-2015', 1)":null,"('0094-D-2015', 2)":null},"('Firmantes', 'FIRMANTE')":{"('0094-D-2015', 0)":"BIANCHI, IVANA MARIA","('0094-D-2015', 1)":null,"('0094-D-2015', 2)":null},"('Firmantes', 'DISTRITO')":{"('0094-D-2015', 0)":"SAN LUIS","('0094-D-2015', 1)":null,"('0094-D-2015', 2)":null},"('Firmantes', 'BLOQUE')":{"('0094-D-2015', 0)":"COMPROMISO FEDERAL","('0094-D-2015', 1)":null,"('0094-D-2015', 2)":null},"('Giros', 'COMISI\u00d3N')":{"('0094-D-2015', 0)":"LEGISLACION PENAL","('0094-D-2015', 1)":"LEGISLACION DEL TRABAJO","('0094-D-2015', 2)":"PRESUPUESTO Y HACIENDA"},"Sumario":{"('0094-D-2015', 0)":"REGIMEN DE TRABAJO DIARIO, CON EL FIN DE COMERCIALIZAR LA PRODUCCION Y DERIVAR EL DINERO OBTENIDO DE LA MISMA A UN FONDO COMUN DE DEPOSITOS BANCARIOS, ADMINISTRADO A TRAVES DEL \"CONCEJO DE FONDOS DE PRODUCCION DE LOS DETENIDOS\"; AUTORIDAD DE APLICACION: MINISTERIO DE JUSTICIA, SEGURIDAD Y DERECHOS HUMANOS.","('0094-D-2015', 1)":null,"('0094-D-2015', 2)":null},"Palabra Clave":{"('0094-D-2015', 0)":" ","('0094-D-2015', 1)":null,"('0094-D-2015', 2)":null}}