{"Tipo de Proyecto":{"('0096-S-2015', 0)":"PROYECTO DE LEY","('0096-S-2015', 1)":null,"('0096-S-2015', 2)":null,"('0096-S-2015', 3)":null,"('0096-S-2015', 4)":null,"('0096-S-2015', 5)":null,"('0096-S-2015', 6)":null,"('0096-S-2015', 7)":null},"Iniciado en: ":{"('0096-S-2015', 0)":"Senado","('0096-S-2015', 1)":null,"('0096-S-2015', 2)":null,"('0096-S-2015', 3)":null,"('0096-S-2015', 4)":null,"('0096-S-2015', 5)":null,"('0096-S-2015', 6)":null,"('0096-S-2015', 7)":null},"Expediente Diputados: ":{"('0096-S-2015', 0)":"0096-S-2015","('0096-S-2015', 1)":null,"('0096-S-2015', 2)":null,"('0096-S-2015', 3)":null,"('0096-S-2015', 4)":null,"('0096-S-2015', 5)":null,"('0096-S-2015', 6)":null,"('0096-S-2015', 7)":null},"Expediente Senado: ":{"('0096-S-2015', 0)":"2587-S-2015","('0096-S-2015', 1)":null,"('0096-S-2015', 2)":null,"('0096-S-2015', 3)":null,"('0096-S-2015', 4)":null,"('0096-S-2015', 5)":null,"('0096-S-2015', 6)":null,"('0096-S-2015', 7)":null},"Publicado en: ":{"('0096-S-2015', 0)":"Diario de Asuntos Entrados N\u00b0 129","('0096-S-2015', 1)":null,"('0096-S-2015', 2)":null,"('0096-S-2015', 3)":null,"('0096-S-2015', 4)":null,"('0096-S-2015', 5)":null,"('0096-S-2015', 6)":null,"('0096-S-2015', 7)":null},"Fecha: ":{"('0096-S-2015', 0)":"18\/08\/2015","('0096-S-2015', 1)":null,"('0096-S-2015', 2)":null,"('0096-S-2015', 3)":null,"('0096-S-2015', 4)":null,"('0096-S-2015', 5)":null,"('0096-S-2015', 6)":null,"('0096-S-2015', 7)":null},"T\u00edtulo":{"('0096-S-2015', 0)":"CREACION DEL CUERPO DE ABOGADAS Y ABOGADOS PARA VICTIMAS DE VIOLENCIA DE GENERO. ","('0096-S-2015', 1)":null,"('0096-S-2015', 2)":null,"('0096-S-2015', 3)":null,"('0096-S-2015', 4)":null,"('0096-S-2015', 5)":null,"('0096-S-2015', 6)":null,"('0096-S-2015', 7)":null},"('Firmantes', 'FIRMANTE')":{"('0096-S-2015', 0)":"ABAL MEDINA, JUAN MANUEL","('0096-S-2015', 1)":"GIUSTINIANI, RUBEN HECTOR","('0096-S-2015', 2)":"GUASTAVINO, PEDRO GUILLERMO ANGEL","('0096-S-2015', 3)":"MICHETTI, MARTA GABRIELA","('0096-S-2015', 4)":"RIOFRIO, MARINA RAQUEL","('0096-S-2015', 5)":null,"('0096-S-2015', 6)":null,"('0096-S-2015', 7)":null},"('Firmantes', 'DISTRITO')":{"('0096-S-2015', 0)":"BUENOS AIRES","('0096-S-2015', 1)":"SANTA FE","('0096-S-2015', 2)":"ENTRE RIOS","('0096-S-2015', 3)":"CIUDAD de BUENOS AIRES","('0096-S-2015', 4)":"SAN JUAN","('0096-S-2015', 5)":null,"('0096-S-2015', 6)":null,"('0096-S-2015', 7)":null},"('Firmantes', 'BLOQUE')":{"('0096-S-2015', 0)":"FRENTE PARA LA VICTORIA - PJ","('0096-S-2015', 1)":"PARTIDO SOCIALISTA","('0096-S-2015', 2)":"FRENTE PARA LA VICTORIA - PJ","('0096-S-2015', 3)":"PRO Y UNION POR ENTRE RIOS","('0096-S-2015', 4)":"FRENTE PARA LA VICTORIA - PJ","('0096-S-2015', 5)":null,"('0096-S-2015', 6)":null,"('0096-S-2015', 7)":null},"('Giros', 'COMISI\u00d3N')":{"('0096-S-2015', 0)":"JUSTICIA","('0096-S-2015', 1)":"PRESUPUESTO Y HACIENDA","('0096-S-2015', 2)":null,"('0096-S-2015', 3)":null,"('0096-S-2015', 4)":null,"('0096-S-2015', 5)":null,"('0096-S-2015', 6)":null,"('0096-S-2015', 7)":null},"('Tramites', 'C\u00c1MARA')":{"('0096-S-2015', 0)":"Senado","('0096-S-2015', 1)":"Senado","('0096-S-2015', 2)":"Senado","('0096-S-2015', 3)":"Diputados","('0096-S-2015', 4)":"Diputados","('0096-S-2015', 5)":"Diputados","('0096-S-2015', 6)":"Diputados","('0096-S-2015', 7)":"Diputados"},"('Tramites', 'MOVIMIENTO')":{"('0096-S-2015', 0)":"MOCION DE PREFERENCIA PARA LA PROXIMA SESION CON DICTAMEN (AFIRMATIVA)","('0096-S-2015', 1)":"CONSIDERACION Y APROBACION CON MODIFICACIONES","('0096-S-2015', 2)":"INSERCIONES DE LOS SENADORES GUASTAVINO Y GIMENEZ","('0096-S-2015', 3)":"PASA A DIPUTADOS -","('0096-S-2015', 4)":"CITACION SESION ESPECIAL","('0096-S-2015', 5)":"MOCION SOBRE TABLAS (AFIRMATIVA)","('0096-S-2015', 6)":"CONSIDERACION Y SANCION","('0096-S-2015', 7)":"INSERCION DE LAS DIPUTADAS GALLARDO Y PARRILLI"},"('Tramites', 'FECHA')":{"('0096-S-2015', 0)":"16\/09\/2015","('0096-S-2015', 1)":"07\/10\/2015","('0096-S-2015', 2)":"07\/10\/2015","('0096-S-2015', 3)":null,"('0096-S-2015', 4)":"04\/11\/2015","('0096-S-2015', 5)":"04\/11\/2015","('0096-S-2015', 6)":"04\/11\/2015","('0096-S-2015', 7)":"04\/11\/2015"},"('Tramites', 'RESULTADO')":{"('0096-S-2015', 0)":null,"('0096-S-2015', 1)":"MEDIA SANCION","('0096-S-2015', 2)":null,"('0096-S-2015', 3)":null,"('0096-S-2015', 4)":null,"('0096-S-2015', 5)":null,"('0096-S-2015', 6)":"SANCIONADO","('0096-S-2015', 7)":null},"Sumario":{"('0096-S-2015', 0)":"EN EL AMBITO DE LA SECRETARIA DE JUSTICIA DEL MINISTERIO DE JUSTICIA Y DERECHOS HUMANOS DE LA NACION; MISION: GARANTIZAR EL ACCESO A LA JUSTICIA EN CONSONANCIA CON LAS PRESCRIPCIONES DE LA LEY 26485 Y HACER EFECTIVO EL EJERCICIO Y GOCE DE DERECHOS; FUNCIONES; DIRECTOR EJECUTIVO; COMISION INTERDISCIPLINARIA; ESCALAFON; INCOMPATIBILIDADES","('0096-S-2015', 1)":null,"('0096-S-2015', 2)":null,"('0096-S-2015', 3)":null,"('0096-S-2015', 4)":null,"('0096-S-2015', 5)":null,"('0096-S-2015', 6)":null,"('0096-S-2015', 7)":null},"Palabra Clave":{"('0096-S-2015', 0)":" ","('0096-S-2015', 1)":null,"('0096-S-2015', 2)":null,"('0096-S-2015', 3)":null,"('0096-S-2015', 4)":null,"('0096-S-2015', 5)":null,"('0096-S-2015', 6)":null,"('0096-S-2015', 7)":null}}