{"Tipo de Proyecto":{"('0097-S-2015', 0)":"PROYECTO DE DECLARACI\u00d3N","('0097-S-2015', 1)":null},"Iniciado en: ":{"('0097-S-2015', 0)":"Senado","('0097-S-2015', 1)":null},"Expediente Senado: ":{"('0097-S-2015', 0)":"0097-S-2015","('0097-S-2015', 1)":null},"Publicado en: ":{"('0097-S-2015', 0)":"Diario de Asuntos Entrados N\u00b0 5","('0097-S-2015', 1)":null},"Fecha: ":{"('0097-S-2015', 0)":"03\/03\/2015","('0097-S-2015', 1)":null},"T\u00edtulo":{"('0097-S-2015', 0)":"EXPRESAR BENEPLACITO POR LA FERIA INTERNACIONAL DE TURISMO DE AMERICA LATINA 2015, A REALIZARSE EN EL MES DE SEPTIEMBRE DE 2015, EN LA SOCIEDAD RURAL ARGENTINA EN LA CIUDAD AUTONOMA DE BUENOS AIRES. ","('0097-S-2015', 1)":null},"('Firmantes', 'FIRMANTE')":{"('0097-S-2015', 0)":"GIMENEZ, SANDRA DANIELA","('0097-S-2015', 1)":null},"('Firmantes', 'DISTRITO')":{"('0097-S-2015', 0)":"MISIONES","('0097-S-2015', 1)":null},"('Firmantes', 'BLOQUE')":{"('0097-S-2015', 0)":"FRENTE PARA LA VICTORIA - PJ","('0097-S-2015', 1)":null},"('Tramites', 'C\u00c1MARA')":{"('0097-S-2015', 0)":"Senado","('0097-S-2015', 1)":"Senado"},"('Tramites', 'MOVIMIENTO')":{"('0097-S-2015', 0)":"MOCION SOBRE TABLAS (AFIRMATIVA)","('0097-S-2015', 1)":"CONSIDERACION Y APROBACION"},"('Tramites', 'FECHA')":{"('0097-S-2015', 0)":"27\/05\/2015","('0097-S-2015', 1)":"27\/05\/2015"},"('Tramites', 'RESULTADO')":{"('0097-S-2015', 0)":null,"('0097-S-2015', 1)":"APROBADO"},"Link":{"('0097-S-2015', 0)":"http:\/\/www.senado.gov.ar\/parlamentario\/comisiones\/verExp\/97.15\/S\/PD","('0097-S-2015', 1)":null},"Palabra Clave":{"('0097-S-2015', 0)":" ","('0097-S-2015', 1)":null}}