{"Tipo de Proyecto":{"('0098-D-2015', 0)":"PROYECTO DE LEY","('0098-D-2015', 1)":null},"Iniciado en: ":{"('0098-D-2015', 0)":"Diputados","('0098-D-2015', 1)":null},"Expediente Diputados: ":{"('0098-D-2015', 0)":"0098-D-2015","('0098-D-2015', 1)":null},"Publicado en: ":{"('0098-D-2015', 0)":"Tr\u00e1mite Parlamentario N\u00b0 1","('0098-D-2015', 1)":null},"Fecha: ":{"('0098-D-2015', 0)":"02\/03\/2015","('0098-D-2015', 1)":null},"T\u00edtulo":{"('0098-D-2015', 0)":"DECLARAR LA EMERGENCIA PENITENCIARIA EN TODO EL TERRITORIO NACIONAL POR EL TERMINO DE TRES A\u00d1OS.  (REPRODUCCION DEL EXPEDIENTE 0561-D-13).","('0098-D-2015', 1)":null},"('Firmantes', 'FIRMANTE')":{"('0098-D-2015', 0)":"BIANCHI, IVANA MARIA","('0098-D-2015', 1)":null},"('Firmantes', 'DISTRITO')":{"('0098-D-2015', 0)":"SAN LUIS","('0098-D-2015', 1)":null},"('Firmantes', 'BLOQUE')":{"('0098-D-2015', 0)":"COMPROMISO FEDERAL","('0098-D-2015', 1)":null},"('Giros', 'COMISI\u00d3N')":{"('0098-D-2015', 0)":"LEGISLACION PENAL","('0098-D-2015', 1)":"DERECHOS HUMANOS Y GARANTIAS"},"('Tramites', 'C\u00c1MARA')":{"('0098-D-2015', 0)":"Diputados","('0098-D-2015', 1)":null},"('Tramites', 'MOVIMIENTO')":{"('0098-D-2015', 0)":"REPRODUCIDO POR EXPEDIENTE 1977-D-17","('0098-D-2015', 1)":null},"('Tramites', 'FECHA')":{"('0098-D-2015', 0)":null,"('0098-D-2015', 1)":null},"('Tramites', 'RESULTADO')":{"('0098-D-2015', 0)":null,"('0098-D-2015', 1)":null},"Sumario":{"('0098-D-2015', 0)":"POR EL TERMINO DE TRES A\u00d1OS; INVITAR A LAS PROVINCIAS A ADHERIR","('0098-D-2015', 1)":null},"Palabra Clave":{"('0098-D-2015', 0)":" ","('0098-D-2015', 1)":null}}