{"Tipo de Proyecto":{"('0098-OV-2015', 0)":"PROYECTO DE RESOLUCI\u00d3N"},"Iniciado en: ":{"('0098-OV-2015', 0)":"Senado"},"Expediente Senado: ":{"('0098-OV-2015', 0)":"0098-OV-2015"},"Fecha: ":{"('0098-OV-2015', 0)":"15\/09\/2015"},"T\u00edtulo":{"('0098-OV-2015', 0)":"RESOLUCION REMITIDA POR LA AUDITORIA GENERAL DE LA NACION 6\/15, APROBANDO EL INFORME DE AUDITORIA SOBRE LOS ESTADOS FINANCIEROS DEL \"PROGRAMA DE SERVICIOS AGRICOLAS PROVINCIALES III (PROSAP III), CONVENIO DE PRESTAMO 2573-OC-AR BID (EJERCICIO FINALIZADO EL 31 DE DICIEMBRE DE 2014)."},"('Firmantes', 'FIRMANTE')":{"('0098-OV-2015', 0)":"PARLAMENTARIA MIXTA REVISORA DE CUENTAS"},"('Firmantes', 'DISTRITO')":{"('0098-OV-2015', 0)":null},"('Firmantes', 'BLOQUE')":{"('0098-OV-2015', 0)":null},"('Tramites', 'C\u00c1MARA')":{"('0098-OV-2015', 0)":"Senado"},"('Tramites', 'MOVIMIENTO')":{"('0098-OV-2015', 0)":"CONSIDERACION Y APROBACION (AL ARCHIVO)"},"('Tramites', 'FECHA')":{"('0098-OV-2015', 0)":"02\/11\/2016"},"('Tramites', 'RESULTADO')":{"('0098-OV-2015', 0)":"APROBADO"},"Sumario":{"('0098-OV-2015', 0)":"HABIENDO TOMADO CONOCIMIENTO Y SIN PERJUICIO DE ULTERIORES MEDIDAS QUE PUEDAN ADOPTARSE, SE ACONSEJA SU REMISION AL ARCHIVO."},"Palabra Clave":{"('0098-OV-2015', 0)":" "}}