{"Tipo de Proyecto":{"('0099-S-2015', 0)":"PROYECTO DE LEY","('0099-S-2015', 1)":null,"('0099-S-2015', 2)":null,"('0099-S-2015', 3)":null,"('0099-S-2015', 4)":null,"('0099-S-2015', 5)":null},"Iniciado en: ":{"('0099-S-2015', 0)":"Senado","('0099-S-2015', 1)":null,"('0099-S-2015', 2)":null,"('0099-S-2015', 3)":null,"('0099-S-2015', 4)":null,"('0099-S-2015', 5)":null},"Expediente Diputados: ":{"('0099-S-2015', 0)":"0099-S-2015","('0099-S-2015', 1)":null,"('0099-S-2015', 2)":null,"('0099-S-2015', 3)":null,"('0099-S-2015', 4)":null,"('0099-S-2015', 5)":null},"Expediente Senado: ":{"('0099-S-2015', 0)":"1680-S-2015","('0099-S-2015', 1)":null,"('0099-S-2015', 2)":null,"('0099-S-2015', 3)":null,"('0099-S-2015', 4)":null,"('0099-S-2015', 5)":null},"Publicado en: ":{"('0099-S-2015', 0)":"Diario de Asuntos Entrados N\u00b0 84","('0099-S-2015', 1)":null,"('0099-S-2015', 2)":null,"('0099-S-2015', 3)":null,"('0099-S-2015', 4)":null,"('0099-S-2015', 5)":null},"Fecha: ":{"('0099-S-2015', 0)":"19\/05\/2015","('0099-S-2015', 1)":null,"('0099-S-2015', 2)":null,"('0099-S-2015', 3)":null,"('0099-S-2015', 4)":null,"('0099-S-2015', 5)":null},"T\u00edtulo":{"('0099-S-2015', 0)":"DECLARACION DE INTERES NACIONAL EL ABORDAJE INTEGRAL E INTERDISCIPLINARIO DE LOS SUJETOS QUE PRESENTAN DIFICULTADES ESPECIFICAS DEL APRENDIZAJE (DEA). ","('0099-S-2015', 1)":null,"('0099-S-2015', 2)":null,"('0099-S-2015', 3)":null,"('0099-S-2015', 4)":null,"('0099-S-2015', 5)":null},"('Firmantes', 'FIRMANTE')":{"('0099-S-2015', 0)":"LEGUIZAMON, MARIA LAURA","('0099-S-2015', 1)":null,"('0099-S-2015', 2)":null,"('0099-S-2015', 3)":null,"('0099-S-2015', 4)":null,"('0099-S-2015', 5)":null},"('Firmantes', 'DISTRITO')":{"('0099-S-2015', 0)":"BUENOS AIRES","('0099-S-2015', 1)":null,"('0099-S-2015', 2)":null,"('0099-S-2015', 3)":null,"('0099-S-2015', 4)":null,"('0099-S-2015', 5)":null},"('Firmantes', 'BLOQUE')":{"('0099-S-2015', 0)":"FRENTE PARA LA VICTORIA - PJ","('0099-S-2015', 1)":null,"('0099-S-2015', 2)":null,"('0099-S-2015', 3)":null,"('0099-S-2015', 4)":null,"('0099-S-2015', 5)":null},"('Giros', 'COMISI\u00d3N')":{"('0099-S-2015', 0)":"EDUCACION","('0099-S-2015', 1)":"ACCION SOCIAL Y SALUD PUBLICA","('0099-S-2015', 2)":"PRESUPUESTO Y HACIENDA","('0099-S-2015', 3)":null,"('0099-S-2015', 4)":null,"('0099-S-2015', 5)":null},"('Tramites', 'C\u00c1MARA')":{"('0099-S-2015', 0)":"Senado","('0099-S-2015', 1)":"Senado","('0099-S-2015', 2)":"Diputados","('0099-S-2015', 3)":"Diputados","('0099-S-2015', 4)":"Diputados","('0099-S-2015', 5)":"Diputados"},"('Tramites', 'MOVIMIENTO')":{"('0099-S-2015', 0)":"CONSIDERACION Y APROBACION","('0099-S-2015', 1)":"INSERCION DE LA SENADORA LEGUIZAMON","('0099-S-2015', 2)":"PASA A DIPUTADOS -","('0099-S-2015', 3)":"CITACION SESION ESPECIAL","('0099-S-2015', 4)":"CONSIDERACION Y SANCION","('0099-S-2015', 5)":"INSERCIONES"},"('Tramites', 'FECHA')":{"('0099-S-2015', 0)":"07\/10\/2015","('0099-S-2015', 1)":"07\/10\/2015","('0099-S-2015', 2)":null,"('0099-S-2015', 3)":"19\/10\/2016","('0099-S-2015', 4)":"19\/10\/2016","('0099-S-2015', 5)":"19\/10\/2016"},"('Tramites', 'RESULTADO')":{"('0099-S-2015', 0)":"MEDIA SANCION","('0099-S-2015', 1)":null,"('0099-S-2015', 2)":null,"('0099-S-2015', 3)":null,"('0099-S-2015', 4)":"SANCIONADO","('0099-S-2015', 5)":null},"Sumario":{"('0099-S-2015', 0)":"DEFINICION; AUTORIDAD DE APLICACION; FUNCION DEL CONSEJO FEDERAL DE EDUCACION; PROGRAMA MEDICO OBLIGATORIO (PMO).","('0099-S-2015', 1)":null,"('0099-S-2015', 2)":null,"('0099-S-2015', 3)":null,"('0099-S-2015', 4)":null,"('0099-S-2015', 5)":null},"Palabra Clave":{"('0099-S-2015', 0)":" ","('0099-S-2015', 1)":null,"('0099-S-2015', 2)":null,"('0099-S-2015', 3)":null,"('0099-S-2015', 4)":null,"('0099-S-2015', 5)":null}}