{"Tipo de Proyecto":{"('0099-D-2015', 0)":"PROYECTO DE LEY","('0099-D-2015', 1)":null},"Iniciado en: ":{"('0099-D-2015', 0)":"Diputados","('0099-D-2015', 1)":null},"Expediente Diputados: ":{"('0099-D-2015', 0)":"0099-D-2015","('0099-D-2015', 1)":null},"Publicado en: ":{"('0099-D-2015', 0)":"Tr\u00e1mite Parlamentario N\u00b0 1","('0099-D-2015', 1)":null},"Fecha: ":{"('0099-D-2015', 0)":"02\/03\/2015","('0099-D-2015', 1)":null},"T\u00edtulo":{"('0099-D-2015', 0)":"CODIGO PENAL: INCORPORACION DE LOS DELITOS CONTRA EL MEDIO AMBIENTE (REPRODUCCION DEL EXPEDIENTE 0562-D-13).","('0099-D-2015', 1)":null},"('Firmantes', 'FIRMANTE')":{"('0099-D-2015', 0)":"BIANCHI, IVANA MARIA","('0099-D-2015', 1)":null},"('Firmantes', 'DISTRITO')":{"('0099-D-2015', 0)":"SAN LUIS","('0099-D-2015', 1)":null},"('Firmantes', 'BLOQUE')":{"('0099-D-2015', 0)":"COMPROMISO FEDERAL","('0099-D-2015', 1)":null},"('Giros', 'COMISI\u00d3N')":{"('0099-D-2015', 0)":"LEGISLACION PENAL","('0099-D-2015', 1)":"RECURSOS NATURALES Y CONSERVACION DEL AMBIENTE HUMANO"},"('Tramites', 'C\u00c1MARA')":{"('0099-D-2015', 0)":"Diputados","('0099-D-2015', 1)":null},"('Tramites', 'MOVIMIENTO')":{"('0099-D-2015', 0)":"REPRODUCIDO POR EXPEDIENTE 0162-D-17","('0099-D-2015', 1)":null},"('Tramites', 'FECHA')":{"('0099-D-2015', 0)":null,"('0099-D-2015', 1)":null},"('Tramites', 'RESULTADO')":{"('0099-D-2015', 0)":null,"('0099-D-2015', 1)":null},"Sumario":{"('0099-D-2015', 0)":"TIPIFICACION Y PENA; INCORPORACION AL CODIGO PENAL; COMO AUTORIDAD DE APLICACION SERA EL MINISTERIO DE JUSTICIA, SEGURIDAD Y DERECHOS HUMANOS.","('0099-D-2015', 1)":null},"Palabra Clave":{"('0099-D-2015', 0)":" ","('0099-D-2015', 1)":null}}