{"Tipo de Proyecto":{"('0100-PE-2015', 0)":"MENSAJE NRO: 0875\/15","('0100-PE-2015', 1)":null},"Iniciado en: ":{"('0100-PE-2015', 0)":"Senado","('0100-PE-2015', 1)":null},"Expediente Senado: ":{"('0100-PE-2015', 0)":"0100-PE-2015","('0100-PE-2015', 1)":null},"Publicado en: ":{"('0100-PE-2015', 0)":"DAE S.A. N\u00b0 6","('0100-PE-2015', 1)":null},"Fecha: ":{"('0100-PE-2015', 0)":"21\/05\/2015","('0100-PE-2015', 1)":null},"T\u00edtulo":{"('0100-PE-2015', 0)":"SOLICITA ACUERDO PARA DESIGNAR VOCAL DE LA CAMARA NACIONAL DE APELACIONES EN LO COMERCIAL DE LA CAPITAL FEDERAL, SALA E, AL DOCTOR HERNAN MONCLA.","('0100-PE-2015', 1)":null},"('Firmantes', 'FIRMANTE')":{"('0100-PE-2015', 0)":"FERNANDEZ DE KIRCHNER, CRISTINA","('0100-PE-2015', 1)":"ALAK, JULIO"},"('Firmantes', 'DISTRITO')":{"('0100-PE-2015', 0)":null,"('0100-PE-2015', 1)":null},"('Firmantes', 'BLOQUE')":{"('0100-PE-2015', 0)":"PODER EJECUTIVO","('0100-PE-2015', 1)":"PODER EJECUTIVO"},"('Tramites', 'C\u00c1MARA')":{"('0100-PE-2015', 0)":"Senado","('0100-PE-2015', 1)":null},"('Tramites', 'MOVIMIENTO')":{"('0100-PE-2015', 0)":"CONSIDERACION Y APROBACION","('0100-PE-2015', 1)":null},"('Tramites', 'FECHA')":{"('0100-PE-2015', 0)":"01\/07\/2015","('0100-PE-2015', 1)":null},"('Tramites', 'RESULTADO')":{"('0100-PE-2015', 0)":"APROBADO","('0100-PE-2015', 1)":null},"Palabra Clave":{"('0100-PE-2015', 0)":" ","('0100-PE-2015', 1)":null}}