{"Tipo de Proyecto":{"('0101-D-2015', 0)":"PROYECTO DE LEY","('0101-D-2015', 1)":null,"('0101-D-2015', 2)":null},"Iniciado en: ":{"('0101-D-2015', 0)":"Diputados","('0101-D-2015', 1)":null,"('0101-D-2015', 2)":null},"Expediente Diputados: ":{"('0101-D-2015', 0)":"0101-D-2015","('0101-D-2015', 1)":null,"('0101-D-2015', 2)":null},"Publicado en: ":{"('0101-D-2015', 0)":"Tr\u00e1mite Parlamentario N\u00b0 1","('0101-D-2015', 1)":null,"('0101-D-2015', 2)":null},"Fecha: ":{"('0101-D-2015', 0)":"02\/03\/2015","('0101-D-2015', 1)":null,"('0101-D-2015', 2)":null},"T\u00edtulo":{"('0101-D-2015', 0)":"CUIDADOS PALIATIVOS PARA PROMOVER LA MUERTE NATURAL Y DIGNA: CREACION DE LA COMISION NACIONAL DE CUIDADOS PALIATIVOS EN EL AMBITO DEL MINISTERIO DE SALUD DE LA NACION. (REPRODUCCION DEL EXPEDIENTE 0569-D-13).","('0101-D-2015', 1)":null,"('0101-D-2015', 2)":null},"('Firmantes', 'FIRMANTE')":{"('0101-D-2015', 0)":"BIANCHI, IVANA MARIA","('0101-D-2015', 1)":null,"('0101-D-2015', 2)":null},"('Firmantes', 'DISTRITO')":{"('0101-D-2015', 0)":"SAN LUIS","('0101-D-2015', 1)":null,"('0101-D-2015', 2)":null},"('Firmantes', 'BLOQUE')":{"('0101-D-2015', 0)":"COMPROMISO FEDERAL","('0101-D-2015', 1)":null,"('0101-D-2015', 2)":null},"('Giros', 'COMISI\u00d3N')":{"('0101-D-2015', 0)":"ACCION SOCIAL Y SALUD PUBLICA","('0101-D-2015', 1)":"LEGISLACION GENERAL","('0101-D-2015', 2)":"PRESUPUESTO Y HACIENDA"},"Sumario":{"('0101-D-2015', 0)":"OBJETO; CONCEPTOS; PRINCIPIOS; OBJETIVOS; AUTORIDAD DE APLICACION: MINISTERIO DE SALUD DE LA NACION; CREACION DE LA COMISION NACIONAL DE CUIDADOS PALIATIVOS: OBJETO, INTEGRACION, FUNCIONES, CAMPA\u00d1AS DE DIFUSION MASIVA Y DE EDUCACION CONTINUA; INVITACION A LAS PROVINCIAS Y A LA CIUDAD AUTONOMA DE BUENOS AIRES A ADHERIR A LA PRESENTE LEY; REGLAMENTACION.","('0101-D-2015', 1)":null,"('0101-D-2015', 2)":null},"Palabra Clave":{"('0101-D-2015', 0)":" ","('0101-D-2015', 1)":null,"('0101-D-2015', 2)":null}}