{"Tipo de Proyecto":{"('0102-S-2015', 0)":"PROYECTO DE DECLARACI\u00d3N"},"Iniciado en: ":{"('0102-S-2015', 0)":"Senado"},"Expediente Senado: ":{"('0102-S-2015', 0)":"0102-S-2015"},"Publicado en: ":{"('0102-S-2015', 0)":"Diario de Asuntos Entrados N\u00b0 0"},"Fecha: ":{"('0102-S-2015', 0)":"04\/03\/2015"},"T\u00edtulo":{"('0102-S-2015', 0)":"ADHERIR A LA CONMEMORACION DEL 150 ANIVERSARIO DEL NATALICIO DEL DOCTOR ELEODORO LOBOS, EL 15 DE OCTUBRE DE 2015. "},"('Firmantes', 'FIRMANTE')":{"('0102-S-2015', 0)":"PERSICO, DANIEL RAUL"},"('Firmantes', 'DISTRITO')":{"('0102-S-2015', 0)":"SAN LUIS"},"('Firmantes', 'BLOQUE')":{"('0102-S-2015', 0)":"FRENTE PARA LA VICTORIA - PJ"},"('Tramites', 'C\u00c1MARA')":{"('0102-S-2015', 0)":"Senado"},"('Tramites', 'MOVIMIENTO')":{"('0102-S-2015', 0)":"CONSIDERACION Y APROBACION"},"('Tramites', 'FECHA')":{"('0102-S-2015', 0)":"29\/07\/2015"},"('Tramites', 'RESULTADO')":{"('0102-S-2015', 0)":"APROBADO"},"Link":{"('0102-S-2015', 0)":"http:\/\/www.senado.gov.ar\/parlamentario\/comisiones\/verExp\/102.15\/S\/PD"},"Palabra Clave":{"('0102-S-2015', 0)":" "}}