{"Tipo de Proyecto":{"('0102-D-2015', 0)":"PROYECTO DE LEY","('0102-D-2015', 1)":null,"('0102-D-2015', 2)":null},"Iniciado en: ":{"('0102-D-2015', 0)":"Diputados","('0102-D-2015', 1)":null,"('0102-D-2015', 2)":null},"Expediente Diputados: ":{"('0102-D-2015', 0)":"0102-D-2015","('0102-D-2015', 1)":null,"('0102-D-2015', 2)":null},"Publicado en: ":{"('0102-D-2015', 0)":"Tr\u00e1mite Parlamentario N\u00b0 1","('0102-D-2015', 1)":null,"('0102-D-2015', 2)":null},"Fecha: ":{"('0102-D-2015', 0)":"02\/03\/2015","('0102-D-2015', 1)":null,"('0102-D-2015', 2)":null},"T\u00edtulo":{"('0102-D-2015', 0)":"DERECHOS DE IMPORTACION Y EXPORTACION: ACTUALIZACION ANUAL; REGIMEN (REPRODUCCION DEL EXPEDIENTE 0570-D-13).","('0102-D-2015', 1)":null,"('0102-D-2015', 2)":null},"('Firmantes', 'FIRMANTE')":{"('0102-D-2015', 0)":"BIANCHI, IVANA MARIA","('0102-D-2015', 1)":null,"('0102-D-2015', 2)":null},"('Firmantes', 'DISTRITO')":{"('0102-D-2015', 0)":"SAN LUIS","('0102-D-2015', 1)":null,"('0102-D-2015', 2)":null},"('Firmantes', 'BLOQUE')":{"('0102-D-2015', 0)":"COMPROMISO FEDERAL","('0102-D-2015', 1)":null,"('0102-D-2015', 2)":null},"('Giros', 'COMISI\u00d3N')":{"('0102-D-2015', 0)":"ECONOMIA","('0102-D-2015', 1)":"COMERCIO","('0102-D-2015', 2)":"PRESUPUESTO Y HACIENDA"},"Sumario":{"('0102-D-2015', 0)":"FACULTADES.","('0102-D-2015', 1)":null,"('0102-D-2015', 2)":null},"Palabra Clave":{"('0102-D-2015', 0)":" ","('0102-D-2015', 1)":null,"('0102-D-2015', 2)":null}}