{"Tipo de Proyecto":{"('0103-PE-2015', 0)":"MENSAJE NRO: 0878\/15","('0103-PE-2015', 1)":null},"Iniciado en: ":{"('0103-PE-2015', 0)":"Senado","('0103-PE-2015', 1)":null},"Expediente Senado: ":{"('0103-PE-2015', 0)":"0103-PE-2015","('0103-PE-2015', 1)":null},"Publicado en: ":{"('0103-PE-2015', 0)":"DAE S.A. N\u00b0 6","('0103-PE-2015', 1)":null},"Fecha: ":{"('0103-PE-2015', 0)":"21\/05\/2015","('0103-PE-2015', 1)":null},"T\u00edtulo":{"('0103-PE-2015', 0)":"SOLICITA ACUERDO PARA DESIGNAR FISCAL ANTE LOS JUZGADOS FEDERALES DE PRIMERA INSTANCIA DE NEUQUEN. PROVINCIA DEL NEUQUEN, FISCALIA NUMERO 2, A LA DOCTORA MARIA CRISTINA BEUTE.","('0103-PE-2015', 1)":null},"('Firmantes', 'FIRMANTE')":{"('0103-PE-2015', 0)":"FERNANDEZ DE KIRCHNER, CRISTINA","('0103-PE-2015', 1)":"ALAK, JULIO"},"('Firmantes', 'DISTRITO')":{"('0103-PE-2015', 0)":null,"('0103-PE-2015', 1)":null},"('Firmantes', 'BLOQUE')":{"('0103-PE-2015', 0)":"PODER EJECUTIVO","('0103-PE-2015', 1)":"PODER EJECUTIVO"},"('Tramites', 'C\u00c1MARA')":{"('0103-PE-2015', 0)":"Senado","('0103-PE-2015', 1)":null},"('Tramites', 'MOVIMIENTO')":{"('0103-PE-2015', 0)":"CONSIDERACION Y APROBACION","('0103-PE-2015', 1)":null},"('Tramites', 'FECHA')":{"('0103-PE-2015', 0)":"01\/07\/2015","('0103-PE-2015', 1)":null},"('Tramites', 'RESULTADO')":{"('0103-PE-2015', 0)":"APROBADO","('0103-PE-2015', 1)":null},"Palabra Clave":{"('0103-PE-2015', 0)":" ","('0103-PE-2015', 1)":null}}