{"Tipo de Proyecto":{"('0103-D-2015', 0)":"PROYECTO DE LEY","('0103-D-2015', 1)":null,"('0103-D-2015', 2)":null},"Iniciado en: ":{"('0103-D-2015', 0)":"Diputados","('0103-D-2015', 1)":null,"('0103-D-2015', 2)":null},"Expediente Diputados: ":{"('0103-D-2015', 0)":"0103-D-2015","('0103-D-2015', 1)":null,"('0103-D-2015', 2)":null},"Publicado en: ":{"('0103-D-2015', 0)":"Tr\u00e1mite Parlamentario N\u00b0 1","('0103-D-2015', 1)":null,"('0103-D-2015', 2)":null},"Fecha: ":{"('0103-D-2015', 0)":"02\/03\/2015","('0103-D-2015', 1)":null,"('0103-D-2015', 2)":null},"T\u00edtulo":{"('0103-D-2015', 0)":"ESTABLECER LA IMPRESION DE FOLLETOS QUE CONTENGAN INFORMACION SOBRE LA PREVENCION, SANCION Y ERRADICACION DE LA VIOLENCIA CONTRA LAS MUJERES EN LOS AMBITOS QUE DESARROLLEN SUS RELACIONES INTERPERSONALES, LEY 26485  (REPRODUCCION DEL EXPEDIENTE 0571-D-13).","('0103-D-2015', 1)":null,"('0103-D-2015', 2)":null},"('Firmantes', 'FIRMANTE')":{"('0103-D-2015', 0)":"BIANCHI, IVANA MARIA","('0103-D-2015', 1)":null,"('0103-D-2015', 2)":null},"('Firmantes', 'DISTRITO')":{"('0103-D-2015', 0)":"SAN LUIS","('0103-D-2015', 1)":null,"('0103-D-2015', 2)":null},"('Firmantes', 'BLOQUE')":{"('0103-D-2015', 0)":"COMPROMISO FEDERAL","('0103-D-2015', 1)":null,"('0103-D-2015', 2)":null},"('Giros', 'COMISI\u00d3N')":{"('0103-D-2015', 0)":"FAMILIA, MUJER, NI\u00d1EZ Y ADOLESCENCIA","('0103-D-2015', 1)":"PETICIONES, PODERES Y REGLAMENTO","('0103-D-2015', 2)":"PRESUPUESTO Y HACIENDA"},"('Tramites', 'C\u00c1MARA')":{"('0103-D-2015', 0)":"Diputados","('0103-D-2015', 1)":null,"('0103-D-2015', 2)":null},"('Tramites', 'MOVIMIENTO')":{"('0103-D-2015', 0)":"REPRODUCIDO POR EXPEDIENTE 0178-D-17","('0103-D-2015', 1)":null,"('0103-D-2015', 2)":null},"('Tramites', 'FECHA')":{"('0103-D-2015', 0)":null,"('0103-D-2015', 1)":null,"('0103-D-2015', 2)":null},"('Tramites', 'RESULTADO')":{"('0103-D-2015', 0)":null,"('0103-D-2015', 1)":null,"('0103-D-2015', 2)":null},"Sumario":{"('0103-D-2015', 0)":"AUTORIDAD DE APLICACION: MINISTERIO DE DESARROLLO SOCIAL, JUNTO AL CONSEJO NACIONAL DE LA MUJER.","('0103-D-2015', 1)":null,"('0103-D-2015', 2)":null},"Palabra Clave":{"('0103-D-2015', 0)":" ","('0103-D-2015', 1)":null,"('0103-D-2015', 2)":null}}