{"Tipo de Proyecto":{"('0103-S-2015', 0)":"PROYECTO DE DECLARACI\u00d3N","('0103-S-2015', 1)":null},"Iniciado en: ":{"('0103-S-2015', 0)":"Senado","('0103-S-2015', 1)":null},"Expediente Senado: ":{"('0103-S-2015', 0)":"0103-S-2015","('0103-S-2015', 1)":null},"Publicado en: ":{"('0103-S-2015', 0)":"Diario de Asuntos Entrados N\u00b0 6","('0103-S-2015', 1)":null},"Fecha: ":{"('0103-S-2015', 0)":"03\/03\/2015","('0103-S-2015', 1)":null},"T\u00edtulo":{"('0103-S-2015', 0)":"ADHERIR A LA CONMEMORACION DEL DIA INTERNACIONAL DE LA MUJER, EL 8 DE MARZO DE 2015. ","('0103-S-2015', 1)":null},"('Firmantes', 'FIRMANTE')":{"('0103-S-2015', 0)":"PERSICO, DANIEL RAUL","('0103-S-2015', 1)":null},"('Firmantes', 'DISTRITO')":{"('0103-S-2015', 0)":"SAN LUIS","('0103-S-2015', 1)":null},"('Firmantes', 'BLOQUE')":{"('0103-S-2015', 0)":"FRENTE PARA LA VICTORIA - PJ","('0103-S-2015', 1)":null},"('Tramites', 'C\u00c1MARA')":{"('0103-S-2015', 0)":"Senado","('0103-S-2015', 1)":"Senado"},"('Tramites', 'MOVIMIENTO')":{"('0103-S-2015', 0)":"MOCION SOBRE TABLAS (AFIRMATIVA) CONJUNTAMENTE PARA LOS EXPEDIENTES 0045-S-2015, 0103-S-2015, 0095-S-2015, 0100-S-2015, 0111-S-2015, 0323-S-2015, 0368-S-2015, 0373-S-2015 y 0450-S-2015","('0103-S-2015', 1)":"CONSIDERACION Y APROBACION (TEXTO UNIFICADO) CONJUNTAMENTE PARA LOS EXPEDIENTES 0045-S-2015, 0103-S-2015, 0095-S-2015, 0100-S-2015, 0111-S-2015, 0323-S-2015, 0368-S-2015, 0373-S-2015 y 0450-S-2015"},"('Tramites', 'FECHA')":{"('0103-S-2015', 0)":"11\/03\/2015","('0103-S-2015', 1)":"11\/03\/2015"},"('Tramites', 'RESULTADO')":{"('0103-S-2015', 0)":null,"('0103-S-2015', 1)":"APROBADO"},"Link":{"('0103-S-2015', 0)":"http:\/\/www.senado.gov.ar\/parlamentario\/comisiones\/verExp\/103.15\/S\/PD","('0103-S-2015', 1)":null},"Palabra Clave":{"('0103-S-2015', 0)":" ","('0103-S-2015', 1)":null}}