{"Tipo de Proyecto":{"('0104-PE-2015', 0)":"MENSAJE NRO: 0879\/15","('0104-PE-2015', 1)":null},"Iniciado en: ":{"('0104-PE-2015', 0)":"Senado","('0104-PE-2015', 1)":null},"Expediente Senado: ":{"('0104-PE-2015', 0)":"0104-PE-2015","('0104-PE-2015', 1)":null},"Publicado en: ":{"('0104-PE-2015', 0)":"DAE S.A. N\u00b0 6","('0104-PE-2015', 1)":null},"Fecha: ":{"('0104-PE-2015', 0)":"21\/05\/2015","('0104-PE-2015', 1)":null},"T\u00edtulo":{"('0104-PE-2015', 0)":"SOLICITA ACUERDO PARA DESIGNAR FISCAL ANTE LOS JUZGADOS FEDERALES DE PRIMERA INSTANCIA DE MAR DEL PLATA, PROVINCIA DE BUENOS AIRES, FISCALIA NUMERO 2, AL DOCTOR NICOLAS CZIZIK.","('0104-PE-2015', 1)":null},"('Firmantes', 'FIRMANTE')":{"('0104-PE-2015', 0)":"FERNANDEZ DE KIRCHNER, CRISTINA","('0104-PE-2015', 1)":"ALAK, JULIO"},"('Firmantes', 'DISTRITO')":{"('0104-PE-2015', 0)":null,"('0104-PE-2015', 1)":null},"('Firmantes', 'BLOQUE')":{"('0104-PE-2015', 0)":"PODER EJECUTIVO","('0104-PE-2015', 1)":"PODER EJECUTIVO"},"('Tramites', 'C\u00c1MARA')":{"('0104-PE-2015', 0)":"Senado","('0104-PE-2015', 1)":null},"('Tramites', 'MOVIMIENTO')":{"('0104-PE-2015', 0)":"CONSIDERACION Y APROBACION","('0104-PE-2015', 1)":null},"('Tramites', 'FECHA')":{"('0104-PE-2015', 0)":"01\/07\/2015","('0104-PE-2015', 1)":null},"('Tramites', 'RESULTADO')":{"('0104-PE-2015', 0)":"APROBADO","('0104-PE-2015', 1)":null},"Palabra Clave":{"('0104-PE-2015', 0)":" ","('0104-PE-2015', 1)":null}}