{"Tipo de Proyecto":{"('0104-D-2015', 0)":"PROYECTO DE RESOLUCI\u00d3N"},"Iniciado en: ":{"('0104-D-2015', 0)":"Diputados"},"Expediente Diputados: ":{"('0104-D-2015', 0)":"0104-D-2015"},"Publicado en: ":{"('0104-D-2015', 0)":"Tr\u00e1mite Parlamentario N\u00b0 1"},"Fecha: ":{"('0104-D-2015', 0)":"02\/03\/2015"},"T\u00edtulo":{"('0104-D-2015', 0)":"DECLARAR DE INTERES DE LA H. CAMARA LA JORNADA NACIONAL SOBRE SINDROME DE ASPERGER, A REALIZARSE EL DIA 21 DE MARZO DE 2015 EN LA PROVINCIA DE SALTA."},"('Firmantes', 'FIRMANTE')":{"('0104-D-2015', 0)":"KOSINER, PABLO FRANCISCO JUAN"},"('Firmantes', 'DISTRITO')":{"('0104-D-2015', 0)":"SALTA"},"('Firmantes', 'BLOQUE')":{"('0104-D-2015', 0)":"FRENTE PARA LA VICTORIA - PJ"},"('Giros', 'COMISI\u00d3N')":{"('0104-D-2015', 0)":"ACCION SOCIAL Y SALUD PUBLICA"},"('Tramites', 'C\u00c1MARA')":{"('0104-D-2015', 0)":"Diputados"},"('Tramites', 'MOVIMIENTO')":{"('0104-D-2015', 0)":"APROBACION ARTICULO 114 DEL REGLAMENTO DE LA H CAMARA DE DIPUTADOS; COMUNICADO EL 24\/04\/2015"},"('Tramites', 'FECHA')":{"('0104-D-2015', 0)":null},"('Tramites', 'RESULTADO')":{"('0104-D-2015', 0)":"APROBADO"},"Link":{"('0104-D-2015', 0)":"https:\/\/www.hcdn.gob.ar\/proyectos\/textoCompleto.jsp?exp=0104-D-2015&tipo=RESOLUCION"},"Palabra Clave":{"('0104-D-2015', 0)":" "}}