{"Tipo de Proyecto":{"('0105-PE-2015', 0)":"MENSAJE NRO: 0880\/15","('0105-PE-2015', 1)":null},"Iniciado en: ":{"('0105-PE-2015', 0)":"Senado","('0105-PE-2015', 1)":null},"Expediente Senado: ":{"('0105-PE-2015', 0)":"0105-PE-2015","('0105-PE-2015', 1)":null},"Publicado en: ":{"('0105-PE-2015', 0)":"DAE S.A. N\u00b0 6","('0105-PE-2015', 1)":null},"Fecha: ":{"('0105-PE-2015', 0)":"21\/05\/2015","('0105-PE-2015', 1)":null},"T\u00edtulo":{"('0105-PE-2015', 0)":"SOLICITA ACUERDO PARA DESIGNAR FISCAL ANTE EL JUZGADO DE PRIMERA INSTANCIA DE MORENO, PROVINCIA DE BUENOS AIRES, AL DOCTOR LEONARDO GABRIEL FILIPPINI.","('0105-PE-2015', 1)":null},"('Firmantes', 'FIRMANTE')":{"('0105-PE-2015', 0)":"FERNANDEZ DE KIRCHNER, CRISTINA","('0105-PE-2015', 1)":"ALAK, JULIO"},"('Firmantes', 'DISTRITO')":{"('0105-PE-2015', 0)":null,"('0105-PE-2015', 1)":null},"('Firmantes', 'BLOQUE')":{"('0105-PE-2015', 0)":"PODER EJECUTIVO","('0105-PE-2015', 1)":"PODER EJECUTIVO"},"('Tramites', 'C\u00c1MARA')":{"('0105-PE-2015', 0)":"Senado","('0105-PE-2015', 1)":null},"('Tramites', 'MOVIMIENTO')":{"('0105-PE-2015', 0)":"CONSIDERACION Y APROBACION","('0105-PE-2015', 1)":null},"('Tramites', 'FECHA')":{"('0105-PE-2015', 0)":"01\/07\/2015","('0105-PE-2015', 1)":null},"('Tramites', 'RESULTADO')":{"('0105-PE-2015', 0)":"APROBADO","('0105-PE-2015', 1)":null},"Palabra Clave":{"('0105-PE-2015', 0)":" ","('0105-PE-2015', 1)":null}}