{"Tipo de Proyecto":{"('0105-D-2015', 0)":"PROYECTO DE LEY","('0105-D-2015', 1)":null},"Iniciado en: ":{"('0105-D-2015', 0)":"Diputados","('0105-D-2015', 1)":null},"Expediente Diputados: ":{"('0105-D-2015', 0)":"0105-D-2015","('0105-D-2015', 1)":null},"Publicado en: ":{"('0105-D-2015', 0)":"Tr\u00e1mite Parlamentario N\u00b0 1","('0105-D-2015', 1)":null},"Fecha: ":{"('0105-D-2015', 0)":"02\/03\/2015","('0105-D-2015', 1)":null},"T\u00edtulo":{"('0105-D-2015', 0)":"CARTA DE MENU EN SISTEMA BRAILLE: OBLIGATORIEDAD DE SU DISPOSICION EN TODO COMERCIO DE VENTA DE COMIDAS U OTRO SERVICIO GASTRONOMICO (REPRODUCCION DEL EXPEDIENTE 0572-D-13).","('0105-D-2015', 1)":null},"('Firmantes', 'FIRMANTE')":{"('0105-D-2015', 0)":"BIANCHI, IVANA MARIA","('0105-D-2015', 1)":null},"('Firmantes', 'DISTRITO')":{"('0105-D-2015', 0)":"SAN LUIS","('0105-D-2015', 1)":null},"('Firmantes', 'BLOQUE')":{"('0105-D-2015', 0)":"COMPROMISO FEDERAL","('0105-D-2015', 1)":null},"('Giros', 'COMISI\u00d3N')":{"('0105-D-2015', 0)":"DISCAPACIDAD","('0105-D-2015', 1)":"COMERCIO"},"Palabra Clave":{"('0105-D-2015', 0)":" ","('0105-D-2015', 1)":null}}