{"Tipo de Proyecto":{"('0106-S-2015', 0)":"PROYECTO DE LEY","('0106-S-2015', 1)":null,"('0106-S-2015', 2)":null},"Iniciado en: ":{"('0106-S-2015', 0)":"Senado","('0106-S-2015', 1)":null,"('0106-S-2015', 2)":null},"Expediente Diputados: ":{"('0106-S-2015', 0)":"0106-S-2015","('0106-S-2015', 1)":null,"('0106-S-2015', 2)":null},"Expediente Senado: ":{"('0106-S-2015', 0)":"3051-S-2014","('0106-S-2015', 1)":null,"('0106-S-2015', 2)":null},"Publicado en: ":{"('0106-S-2015', 0)":"Diario de Asuntos Entrados N\u00b0 152","('0106-S-2015', 1)":null,"('0106-S-2015', 2)":null},"Fecha: ":{"('0106-S-2015', 0)":"19\/09\/2014","('0106-S-2015', 1)":null,"('0106-S-2015', 2)":null},"T\u00edtulo":{"('0106-S-2015', 0)":"TRANSFERIR A TITULO GRATUITO A FAVOR DE LA MUNICIPALIDAD DE VICENTE LOPEZ, PROVINCIA DE BUENOS AIRES, EL DOMINIO DE UN INMUEBLE DE PROPIEDAD DEL ESTADO NACIONAL UBICADO EN LA MENCIONADA LOCALIDAD.","('0106-S-2015', 1)":null,"('0106-S-2015', 2)":null},"('Firmantes', 'FIRMANTE')":{"('0106-S-2015', 0)":"LINARES, JAIME","('0106-S-2015', 1)":null,"('0106-S-2015', 2)":null},"('Firmantes', 'DISTRITO')":{"('0106-S-2015', 0)":"BUENOS AIRES","('0106-S-2015', 1)":null,"('0106-S-2015', 2)":null},"('Firmantes', 'BLOQUE')":{"('0106-S-2015', 0)":"GEN","('0106-S-2015', 1)":null,"('0106-S-2015', 2)":null},"('Giros', 'COMISI\u00d3N')":{"('0106-S-2015', 0)":"LEGISLACION GENERAL","('0106-S-2015', 1)":"ASUNTOS MUNICIPALES","('0106-S-2015', 2)":"PRESUPUESTO Y HACIENDA"},"('Tramites', 'C\u00c1MARA')":{"('0106-S-2015', 0)":"Senado","('0106-S-2015', 1)":"Senado","('0106-S-2015', 2)":"Diputados"},"('Tramites', 'MOVIMIENTO')":{"('0106-S-2015', 0)":"MOCION SOBRE TABLAS (AFIRMATIVA)","('0106-S-2015', 1)":"CONSIDERACION Y APROBACION","('0106-S-2015', 2)":"PASA A DIPUTADOS -"},"('Tramites', 'FECHA')":{"('0106-S-2015', 0)":"07\/10\/2015","('0106-S-2015', 1)":"07\/10\/2015","('0106-S-2015', 2)":null},"('Tramites', 'RESULTADO')":{"('0106-S-2015', 0)":null,"('0106-S-2015', 1)":"MEDIA SANCION","('0106-S-2015', 2)":null},"Link":{"('0106-S-2015', 0)":"http:\/\/www.senado.gov.ar\/parlamentario\/comisiones\/verExp\/3051.14\/S\/PL","('0106-S-2015', 1)":null,"('0106-S-2015', 2)":null},"Palabra Clave":{"('0106-S-2015', 0)":" ","('0106-S-2015', 1)":null,"('0106-S-2015', 2)":null}}