{"Tipo de Proyecto":{"('0106-D-2015', 0)":"PROYECTO DE LEY","('0106-D-2015', 1)":null,"('0106-D-2015', 2)":null},"Iniciado en: ":{"('0106-D-2015', 0)":"Diputados","('0106-D-2015', 1)":null,"('0106-D-2015', 2)":null},"Expediente Diputados: ":{"('0106-D-2015', 0)":"0106-D-2015","('0106-D-2015', 1)":null,"('0106-D-2015', 2)":null},"Publicado en: ":{"('0106-D-2015', 0)":"Tr\u00e1mite Parlamentario N\u00b0 1","('0106-D-2015', 1)":null,"('0106-D-2015', 2)":null},"Fecha: ":{"('0106-D-2015', 0)":"02\/03\/2015","('0106-D-2015', 1)":null,"('0106-D-2015', 2)":null},"T\u00edtulo":{"('0106-D-2015', 0)":"GARANTIZAR LA CONTINUIDAD ALIMENTARIA DE LOS HIJOS MAYORES DE EDAD QUE MANTIENEN SU REGULARIDAD ESTUDIANTIL (REPRODUCCION DEL EXPEDIENTE 0573-D-13).","('0106-D-2015', 1)":null,"('0106-D-2015', 2)":null},"('Firmantes', 'FIRMANTE')":{"('0106-D-2015', 0)":"BIANCHI, IVANA MARIA","('0106-D-2015', 1)":null,"('0106-D-2015', 2)":null},"('Firmantes', 'DISTRITO')":{"('0106-D-2015', 0)":"SAN LUIS","('0106-D-2015', 1)":null,"('0106-D-2015', 2)":null},"('Firmantes', 'BLOQUE')":{"('0106-D-2015', 0)":"COMPROMISO FEDERAL","('0106-D-2015', 1)":null,"('0106-D-2015', 2)":null},"('Giros', 'COMISI\u00d3N')":{"('0106-D-2015', 0)":"FAMILIA, MUJER, NI\u00d1EZ Y ADOLESCENCIA","('0106-D-2015', 1)":"LEGISLACION PENAL","('0106-D-2015', 2)":"PRESUPUESTO Y HACIENDA"},"('Tramites', 'C\u00c1MARA')":{"('0106-D-2015', 0)":"Diputados","('0106-D-2015', 1)":null,"('0106-D-2015', 2)":null},"('Tramites', 'MOVIMIENTO')":{"('0106-D-2015', 0)":"REPRODUCIDO POR EXPEDIENTE 0179-D-17","('0106-D-2015', 1)":null,"('0106-D-2015', 2)":null},"('Tramites', 'FECHA')":{"('0106-D-2015', 0)":null,"('0106-D-2015', 1)":null,"('0106-D-2015', 2)":null},"('Tramites', 'RESULTADO')":{"('0106-D-2015', 0)":null,"('0106-D-2015', 1)":null,"('0106-D-2015', 2)":null},"Sumario":{"('0106-D-2015', 0)":"CONTINUIDAD AUTOMATICA DE LA CUOTA ALIMENTARIA, LUEGO DE LA MAYORIA DE EDAD DEL HIJO, MIENTRAS CONTINUE ESTUDIANDO REGULARMENTE Y VIVA EN CASA DEL PROGENITOR QUE EJERCE LA TENENCIA; RECLAMOS.","('0106-D-2015', 1)":null,"('0106-D-2015', 2)":null},"Palabra Clave":{"('0106-D-2015', 0)":" ","('0106-D-2015', 1)":null,"('0106-D-2015', 2)":null}}