{"Tipo de Proyecto":{"('0106-PE-2015', 0)":"MENSAJE NRO: 0881\/15","('0106-PE-2015', 1)":null},"Iniciado en: ":{"('0106-PE-2015', 0)":"Senado","('0106-PE-2015', 1)":null},"Expediente Senado: ":{"('0106-PE-2015', 0)":"0106-PE-2015","('0106-PE-2015', 1)":null},"Publicado en: ":{"('0106-PE-2015', 0)":"DAE S.A. N\u00b0 6","('0106-PE-2015', 1)":null},"Fecha: ":{"('0106-PE-2015', 0)":"21\/05\/2015","('0106-PE-2015', 1)":null},"T\u00edtulo":{"('0106-PE-2015', 0)":"SOLICITA ACUERDO PARA DESIGNAR DEFENSOR PUBLICO OFICIAL ANTE EL TRIBUNAL ORAL EN LO CRIMINAL FEDERAL DE GENERAL ROCA, PROVINCIA DE RIO NEGRO, AL DOCTOR FERNANDO LUIS OVALLE.","('0106-PE-2015', 1)":null},"('Firmantes', 'FIRMANTE')":{"('0106-PE-2015', 0)":"FERNANDEZ DE KIRCHNER, CRISTINA","('0106-PE-2015', 1)":"ALAK, JULIO"},"('Firmantes', 'DISTRITO')":{"('0106-PE-2015', 0)":null,"('0106-PE-2015', 1)":null},"('Firmantes', 'BLOQUE')":{"('0106-PE-2015', 0)":"PODER EJECUTIVO","('0106-PE-2015', 1)":"PODER EJECUTIVO"},"('Tramites', 'C\u00c1MARA')":{"('0106-PE-2015', 0)":"Senado","('0106-PE-2015', 1)":null},"('Tramites', 'MOVIMIENTO')":{"('0106-PE-2015', 0)":"CONSIDERACION Y APROBACION","('0106-PE-2015', 1)":null},"('Tramites', 'FECHA')":{"('0106-PE-2015', 0)":"01\/07\/2015","('0106-PE-2015', 1)":null},"('Tramites', 'RESULTADO')":{"('0106-PE-2015', 0)":"APROBADO","('0106-PE-2015', 1)":null},"Palabra Clave":{"('0106-PE-2015', 0)":" ","('0106-PE-2015', 1)":null}}