{"Tipo de Proyecto":{"('0107-PE-2015', 0)":"MENSAJE NRO: 0882\/15","('0107-PE-2015', 1)":null},"Iniciado en: ":{"('0107-PE-2015', 0)":"Senado","('0107-PE-2015', 1)":null},"Expediente Senado: ":{"('0107-PE-2015', 0)":"0107-PE-2015","('0107-PE-2015', 1)":null},"Publicado en: ":{"('0107-PE-2015', 0)":"DAE S.A. N\u00b0 6","('0107-PE-2015', 1)":null},"Fecha: ":{"('0107-PE-2015', 0)":"21\/05\/2015","('0107-PE-2015', 1)":null},"T\u00edtulo":{"('0107-PE-2015', 0)":"SOLICITA ACUERDO PARA DESIGNAR DEFENSORA PUBLICA OFICIAL ADJUNTA ANTE LOS TRIBUNALES ORALES EN LO CRIMINAL DE LA CAPITAL FEDERAL, DEFENSORIA NUMERO 16, A LA DOCTORA VERONICA MARIA BLANCO.","('0107-PE-2015', 1)":null},"('Firmantes', 'FIRMANTE')":{"('0107-PE-2015', 0)":"FERNANDEZ DE KIRCHNER, CRISTINA","('0107-PE-2015', 1)":"ALAK, JULIO"},"('Firmantes', 'DISTRITO')":{"('0107-PE-2015', 0)":null,"('0107-PE-2015', 1)":null},"('Firmantes', 'BLOQUE')":{"('0107-PE-2015', 0)":"PODER EJECUTIVO","('0107-PE-2015', 1)":"PODER EJECUTIVO"},"('Tramites', 'C\u00c1MARA')":{"('0107-PE-2015', 0)":"Senado","('0107-PE-2015', 1)":null},"('Tramites', 'MOVIMIENTO')":{"('0107-PE-2015', 0)":"CONSIDERACION Y APROBACION","('0107-PE-2015', 1)":null},"('Tramites', 'FECHA')":{"('0107-PE-2015', 0)":"01\/07\/2015","('0107-PE-2015', 1)":null},"('Tramites', 'RESULTADO')":{"('0107-PE-2015', 0)":"APROBADO","('0107-PE-2015', 1)":null},"Palabra Clave":{"('0107-PE-2015', 0)":" ","('0107-PE-2015', 1)":null}}