{"Tipo de Proyecto":{"('0107-S-2015', 0)":"PROYECTO DE LEY","('0107-S-2015', 1)":null,"('0107-S-2015', 2)":null},"Iniciado en: ":{"('0107-S-2015', 0)":"Senado","('0107-S-2015', 1)":null,"('0107-S-2015', 2)":null},"Expediente Diputados: ":{"('0107-S-2015', 0)":"0107-S-2015","('0107-S-2015', 1)":null,"('0107-S-2015', 2)":null},"Expediente Senado: ":{"('0107-S-2015', 0)":"3126-S-2014","('0107-S-2015', 1)":null,"('0107-S-2015', 2)":null},"Publicado en: ":{"('0107-S-2015', 0)":"Diario de Asuntos Entrados N\u00b0 156","('0107-S-2015', 1)":null,"('0107-S-2015', 2)":null},"Fecha: ":{"('0107-S-2015', 0)":"24\/09\/2014","('0107-S-2015', 1)":null,"('0107-S-2015', 2)":null},"T\u00edtulo":{"('0107-S-2015', 0)":"TRANSFERIR A TITULO GRATUITO A FAVOR DE LA COOPERATIVA AGRICOLA GANADERA \"LEON SOLA\" DE LA LOCALIDAD DE GOBERNADOR SOLA, PROVINCIA DE ENTRE RIOS, UNA PARCELA DE TERRENO PROPIEDAD DEL ESTADO NACIONAL UBICADA EN LA MENCIONADA LOCALIDAD.","('0107-S-2015', 1)":null,"('0107-S-2015', 2)":null},"('Firmantes', 'FIRMANTE')":{"('0107-S-2015', 0)":"DE ANGELI, ALFREDO LUIS","('0107-S-2015', 1)":null,"('0107-S-2015', 2)":null},"('Firmantes', 'DISTRITO')":{"('0107-S-2015', 0)":"ENTRE RIOS","('0107-S-2015', 1)":null,"('0107-S-2015', 2)":null},"('Firmantes', 'BLOQUE')":{"('0107-S-2015', 0)":"PRO Y UNION POR ENTRE RIOS","('0107-S-2015', 1)":null,"('0107-S-2015', 2)":null},"('Giros', 'COMISI\u00d3N')":{"('0107-S-2015', 0)":"LEGISLACION GENERAL","('0107-S-2015', 1)":"TRANSPORTES","('0107-S-2015', 2)":"PRESUPUESTO Y HACIENDA"},"('Tramites', 'C\u00c1MARA')":{"('0107-S-2015', 0)":"Senado","('0107-S-2015', 1)":"Senado","('0107-S-2015', 2)":"Diputados"},"('Tramites', 'MOVIMIENTO')":{"('0107-S-2015', 0)":"MOCION SOBRE TABLAS (AFIRMATIVA)","('0107-S-2015', 1)":"CONSIDERACION Y APROBACION","('0107-S-2015', 2)":"PASA A DIPUTADOS -"},"('Tramites', 'FECHA')":{"('0107-S-2015', 0)":"07\/10\/2015","('0107-S-2015', 1)":"07\/10\/2015","('0107-S-2015', 2)":null},"('Tramites', 'RESULTADO')":{"('0107-S-2015', 0)":null,"('0107-S-2015', 1)":"MEDIA SANCION","('0107-S-2015', 2)":null},"Link":{"('0107-S-2015', 0)":"http:\/\/www.senado.gov.ar\/parlamentario\/comisiones\/verExp\/3126.14\/S\/PL","('0107-S-2015', 1)":null,"('0107-S-2015', 2)":null},"Palabra Clave":{"('0107-S-2015', 0)":" ","('0107-S-2015', 1)":null,"('0107-S-2015', 2)":null}}