{"Tipo de Proyecto":{"('0108-PE-2015', 0)":"MENSAJE NRO: 0883\/15","('0108-PE-2015', 1)":null},"Iniciado en: ":{"('0108-PE-2015', 0)":"Senado","('0108-PE-2015', 1)":null},"Expediente Senado: ":{"('0108-PE-2015', 0)":"0108-PE-2015","('0108-PE-2015', 1)":null},"Publicado en: ":{"('0108-PE-2015', 0)":"DAE S.A. N\u00b0 6","('0108-PE-2015', 1)":null},"Fecha: ":{"('0108-PE-2015', 0)":"21\/05\/2015","('0108-PE-2015', 1)":null},"T\u00edtulo":{"('0108-PE-2015', 0)":"SOLICITA ACUERDO PARA DESIGNAR DEFENSOR PUBLICO OFICIAL ANTE LOS TRIBUNALES ORALES EN LO CRIMINAL FEDERAL DE LA CAPITAL FEDERAL, DEFENSORIA 5, AL DOCTOR SANTIAGO FINN.","('0108-PE-2015', 1)":null},"('Firmantes', 'FIRMANTE')":{"('0108-PE-2015', 0)":"FERNANDEZ DE KIRCHNER, CRISTINA","('0108-PE-2015', 1)":"ALAK, JULIO"},"('Firmantes', 'DISTRITO')":{"('0108-PE-2015', 0)":null,"('0108-PE-2015', 1)":null},"('Firmantes', 'BLOQUE')":{"('0108-PE-2015', 0)":"PODER EJECUTIVO","('0108-PE-2015', 1)":"PODER EJECUTIVO"},"('Tramites', 'C\u00c1MARA')":{"('0108-PE-2015', 0)":"Senado","('0108-PE-2015', 1)":null},"('Tramites', 'MOVIMIENTO')":{"('0108-PE-2015', 0)":"CONSIDERACION Y APROBACION","('0108-PE-2015', 1)":null},"('Tramites', 'FECHA')":{"('0108-PE-2015', 0)":"01\/07\/2015","('0108-PE-2015', 1)":null},"('Tramites', 'RESULTADO')":{"('0108-PE-2015', 0)":"APROBADO","('0108-PE-2015', 1)":null},"Palabra Clave":{"('0108-PE-2015', 0)":" ","('0108-PE-2015', 1)":null}}