{"Tipo de Proyecto":{"('0108-D-2015', 0)":"PROYECTO DE LEY","('0108-D-2015', 1)":null},"Iniciado en: ":{"('0108-D-2015', 0)":"Diputados","('0108-D-2015', 1)":null},"Expediente Diputados: ":{"('0108-D-2015', 0)":"0108-D-2015","('0108-D-2015', 1)":null},"Publicado en: ":{"('0108-D-2015', 0)":"Tr\u00e1mite Parlamentario N\u00b0 1","('0108-D-2015', 1)":null},"Fecha: ":{"('0108-D-2015', 0)":"02\/03\/2015","('0108-D-2015', 1)":null},"T\u00edtulo":{"('0108-D-2015', 0)":"INICIATIVA POPULAR; REGIMEN; DEROGACION DE LA LEY 24747 (REPRODUCCION DEL EXPEDIENTE 0576-D-13).","('0108-D-2015', 1)":null},"('Firmantes', 'FIRMANTE')":{"('0108-D-2015', 0)":"BIANCHI, IVANA MARIA","('0108-D-2015', 1)":null},"('Firmantes', 'DISTRITO')":{"('0108-D-2015', 0)":"SAN LUIS","('0108-D-2015', 1)":null},"('Firmantes', 'BLOQUE')":{"('0108-D-2015', 0)":"COMPROMISO FEDERAL","('0108-D-2015', 1)":null},"('Giros', 'COMISI\u00d3N')":{"('0108-D-2015', 0)":"ASUNTOS CONSTITUCIONALES","('0108-D-2015', 1)":"JUSTICIA"},"('Tramites', 'C\u00c1MARA')":{"('0108-D-2015', 0)":"Diputados","('0108-D-2015', 1)":null},"('Tramites', 'MOVIMIENTO')":{"('0108-D-2015', 0)":"REPRODUCIDO POR EXPEDIENTE 0245-D-17","('0108-D-2015', 1)":null},"('Tramites', 'FECHA')":{"('0108-D-2015', 0)":null,"('0108-D-2015', 1)":null},"('Tramites', 'RESULTADO')":{"('0108-D-2015', 0)":null,"('0108-D-2015', 1)":null},"Palabra Clave":{"('0108-D-2015', 0)":" ","('0108-D-2015', 1)":null}}