{"Tipo de Proyecto":{"('0109-S-2015', 0)":"PROYECTO DE LEY","('0109-S-2015', 1)":null,"('0109-S-2015', 2)":null},"Iniciado en: ":{"('0109-S-2015', 0)":"Senado","('0109-S-2015', 1)":null,"('0109-S-2015', 2)":null},"Expediente Diputados: ":{"('0109-S-2015', 0)":"0109-S-2015","('0109-S-2015', 1)":null,"('0109-S-2015', 2)":null},"Expediente Senado: ":{"('0109-S-2015', 0)":"1338-S-2015","('0109-S-2015', 1)":null,"('0109-S-2015', 2)":null},"Publicado en: ":{"('0109-S-2015', 0)":"Diario de Asuntos Entrados N\u00b0 67","('0109-S-2015', 1)":null,"('0109-S-2015', 2)":null},"Fecha: ":{"('0109-S-2015', 0)":"27\/04\/2015","('0109-S-2015', 1)":null,"('0109-S-2015', 2)":null},"T\u00edtulo":{"('0109-S-2015', 0)":"DECLARACION DE UTILIDAD PUBLICA Y SUJETO A EXPROPIACION UN INMUEBLE UBICADO EN LA CIUDAD DE SAN SALVADOR DE JUJUY A FAVOR DE LA PROVINCIA DE JUJUY, CON CARGO AL ESTABLECIMIENTO DEL MUSEO BELGRANIANO Y BIBLIOTECA TEMATICA.","('0109-S-2015', 1)":null,"('0109-S-2015', 2)":null},"('Firmantes', 'FIRMANTE')":{"('0109-S-2015', 0)":"BARRIONUEVO, WALTER BASILIO","('0109-S-2015', 1)":null,"('0109-S-2015', 2)":null},"('Firmantes', 'DISTRITO')":{"('0109-S-2015', 0)":"JUJUY","('0109-S-2015', 1)":null,"('0109-S-2015', 2)":null},"('Firmantes', 'BLOQUE')":{"('0109-S-2015', 0)":"FRENTE PARA LA VICTORIA - PJ","('0109-S-2015', 1)":null,"('0109-S-2015', 2)":null},"('Giros', 'COMISI\u00d3N')":{"('0109-S-2015', 0)":"ASUNTOS CONSTITUCIONALES","('0109-S-2015', 1)":"LEGISLACION GENERAL","('0109-S-2015', 2)":"PRESUPUESTO Y HACIENDA"},"('Tramites', 'C\u00c1MARA')":{"('0109-S-2015', 0)":"Senado","('0109-S-2015', 1)":"Senado","('0109-S-2015', 2)":"Diputados"},"('Tramites', 'MOVIMIENTO')":{"('0109-S-2015', 0)":"MOCION SOBRE TABLAS (AFIRMATIVA)","('0109-S-2015', 1)":"CONSIDERACION Y APROBACION","('0109-S-2015', 2)":"PASA A DIPUTADOS -"},"('Tramites', 'FECHA')":{"('0109-S-2015', 0)":"07\/10\/2015","('0109-S-2015', 1)":"07\/10\/2015","('0109-S-2015', 2)":null},"('Tramites', 'RESULTADO')":{"('0109-S-2015', 0)":null,"('0109-S-2015', 1)":"MEDIA SANCION","('0109-S-2015', 2)":null},"Link":{"('0109-S-2015', 0)":"http:\/\/www.senado.gov.ar\/parlamentario\/comisiones\/verExp\/1338.15\/S\/PL","('0109-S-2015', 1)":null,"('0109-S-2015', 2)":null},"Palabra Clave":{"('0109-S-2015', 0)":" ","('0109-S-2015', 1)":null,"('0109-S-2015', 2)":null}}