{"Tipo de Proyecto":{"('0110-S-2015', 0)":"PROYECTO DE LEY","('0110-S-2015', 1)":null,"('0110-S-2015', 2)":null},"Iniciado en: ":{"('0110-S-2015', 0)":"Senado","('0110-S-2015', 1)":null,"('0110-S-2015', 2)":null},"Expediente Diputados: ":{"('0110-S-2015', 0)":"0110-S-2015","('0110-S-2015', 1)":null,"('0110-S-2015', 2)":null},"Expediente Senado: ":{"('0110-S-2015', 0)":"2720-S-2015","('0110-S-2015', 1)":null,"('0110-S-2015', 2)":null},"Publicado en: ":{"('0110-S-2015', 0)":"Diario de Asuntos Entrados N\u00b0 135","('0110-S-2015', 1)":null,"('0110-S-2015', 2)":null},"Fecha: ":{"('0110-S-2015', 0)":"25\/08\/2015","('0110-S-2015', 1)":null,"('0110-S-2015', 2)":null},"T\u00edtulo":{"('0110-S-2015', 0)":"TRANSFERENCIA A TITULO GRATUITO A LA MUNICIPALIDAD DE LA CIUDAD DE VIEDMA, PROVINCIA DE RIO NEGRO, UNA FRACCION QUE INTEGRA EL DOMINIO INMOBILIARIO PERTENECIENTE A LA COLONIA PENITENCIARIA N\u00ba 12, PROPIEDAD DEL ESTADO NACIONAL, UBICADA EN LA CIUDAD HOMONIMA.","('0110-S-2015', 1)":null,"('0110-S-2015', 2)":null},"('Firmantes', 'FIRMANTE')":{"('0110-S-2015', 0)":"ODARDA, MARIA MAGDALENA","('0110-S-2015', 1)":"PICHETTO, MIGUEL ANGEL","('0110-S-2015', 2)":null},"('Firmantes', 'DISTRITO')":{"('0110-S-2015', 0)":"RIO NEGRO","('0110-S-2015', 1)":"RIO NEGRO","('0110-S-2015', 2)":null},"('Firmantes', 'BLOQUE')":{"('0110-S-2015', 0)":"FRENTE PROGRESISTA - CCARI","('0110-S-2015', 1)":"FRENTE PARA LA VICTORIA - PJ","('0110-S-2015', 2)":null},"('Giros', 'COMISI\u00d3N')":{"('0110-S-2015', 0)":"LEGISLACION GENERAL","('0110-S-2015', 1)":"LEGISLACION PENAL","('0110-S-2015', 2)":"PRESUPUESTO Y HACIENDA"},"('Tramites', 'C\u00c1MARA')":{"('0110-S-2015', 0)":"Senado","('0110-S-2015', 1)":"Senado","('0110-S-2015', 2)":"Diputados"},"('Tramites', 'MOVIMIENTO')":{"('0110-S-2015', 0)":"MOCION SOBRE TABLAS (AFIRMATIVA)","('0110-S-2015', 1)":"CONSIDERACION Y APROBACION","('0110-S-2015', 2)":"PASA A DIPUTADOS -"},"('Tramites', 'FECHA')":{"('0110-S-2015', 0)":"07\/10\/2015","('0110-S-2015', 1)":"07\/10\/2015","('0110-S-2015', 2)":null},"('Tramites', 'RESULTADO')":{"('0110-S-2015', 0)":null,"('0110-S-2015', 1)":"MEDIA SANCION","('0110-S-2015', 2)":null},"Link":{"('0110-S-2015', 0)":"http:\/\/www.senado.gov.ar\/parlamentario\/comisiones\/verExp\/2720.15\/S\/PL","('0110-S-2015', 1)":null,"('0110-S-2015', 2)":null},"Palabra Clave":{"('0110-S-2015', 0)":" ","('0110-S-2015', 1)":null,"('0110-S-2015', 2)":null}}