{"Tipo de Proyecto":{"('0111-PE-2015', 0)":"MENSAJE NRO: 0886\/15","('0111-PE-2015', 1)":null},"Iniciado en: ":{"('0111-PE-2015', 0)":"Senado","('0111-PE-2015', 1)":null},"Expediente Senado: ":{"('0111-PE-2015', 0)":"0111-PE-2015","('0111-PE-2015', 1)":null},"Publicado en: ":{"('0111-PE-2015', 0)":"DAE S.A. N\u00b0 6","('0111-PE-2015', 1)":null},"Fecha: ":{"('0111-PE-2015', 0)":"21\/05\/2015","('0111-PE-2015', 1)":null},"T\u00edtulo":{"('0111-PE-2015', 0)":"SOLICITA ACUERDO PARA DESIGNAR DEFENSOR AUXILIAR DE LA DEFENSORIA GENERAL DE LA NACION AL DOCTOR GERARDO DANIEL ETCHEVERRY.","('0111-PE-2015', 1)":null},"('Firmantes', 'FIRMANTE')":{"('0111-PE-2015', 0)":"FERNANDEZ DE KIRCHNER, CRISTINA","('0111-PE-2015', 1)":"ALAK, JULIO"},"('Firmantes', 'DISTRITO')":{"('0111-PE-2015', 0)":null,"('0111-PE-2015', 1)":null},"('Firmantes', 'BLOQUE')":{"('0111-PE-2015', 0)":"PODER EJECUTIVO","('0111-PE-2015', 1)":"PODER EJECUTIVO"},"('Tramites', 'C\u00c1MARA')":{"('0111-PE-2015', 0)":"Senado","('0111-PE-2015', 1)":null},"('Tramites', 'MOVIMIENTO')":{"('0111-PE-2015', 0)":"CONSIDERACION Y APROBACION","('0111-PE-2015', 1)":null},"('Tramites', 'FECHA')":{"('0111-PE-2015', 0)":"01\/07\/2015","('0111-PE-2015', 1)":null},"('Tramites', 'RESULTADO')":{"('0111-PE-2015', 0)":"APROBADO","('0111-PE-2015', 1)":null},"Palabra Clave":{"('0111-PE-2015', 0)":" ","('0111-PE-2015', 1)":null}}