{"Tipo de Proyecto":{"('0112-D-2015', 0)":"PROYECTO DE LEY","('0112-D-2015', 1)":null,"('0112-D-2015', 2)":null},"Iniciado en: ":{"('0112-D-2015', 0)":"Diputados","('0112-D-2015', 1)":null,"('0112-D-2015', 2)":null},"Expediente Diputados: ":{"('0112-D-2015', 0)":"0112-D-2015","('0112-D-2015', 1)":null,"('0112-D-2015', 2)":null},"Publicado en: ":{"('0112-D-2015', 0)":"Tr\u00e1mite Parlamentario N\u00b0 1","('0112-D-2015', 1)":null,"('0112-D-2015', 2)":null},"Fecha: ":{"('0112-D-2015', 0)":"02\/03\/2015","('0112-D-2015', 1)":null,"('0112-D-2015', 2)":null},"T\u00edtulo":{"('0112-D-2015', 0)":"PLANTAS MEDICINALES, DROGAS VEGETALES, MEDICAMENTOS FITOTERAPICOS: PROMOCION, DISTRIBUCION Y EXPENDIO; REGIMEN; MODIFICACION DE LA LEY 17565: DEROGACION DE LOS ARTICULOS 41 A 44 (REPRODUCCION DEL EXPEDIENTE 0580-D-13).","('0112-D-2015', 1)":null,"('0112-D-2015', 2)":null},"('Firmantes', 'FIRMANTE')":{"('0112-D-2015', 0)":"BIANCHI, IVANA MARIA","('0112-D-2015', 1)":null,"('0112-D-2015', 2)":null},"('Firmantes', 'DISTRITO')":{"('0112-D-2015', 0)":"SAN LUIS","('0112-D-2015', 1)":null,"('0112-D-2015', 2)":null},"('Firmantes', 'BLOQUE')":{"('0112-D-2015', 0)":"COMPROMISO FEDERAL","('0112-D-2015', 1)":null,"('0112-D-2015', 2)":null},"('Giros', 'COMISI\u00d3N')":{"('0112-D-2015', 0)":"ACCION SOCIAL Y SALUD PUBLICA","('0112-D-2015', 1)":"JUSTICIA","('0112-D-2015', 2)":"PRESUPUESTO Y HACIENDA"},"('Tramites', 'C\u00c1MARA')":{"('0112-D-2015', 0)":"Diputados","('0112-D-2015', 1)":null,"('0112-D-2015', 2)":null},"('Tramites', 'MOVIMIENTO')":{"('0112-D-2015', 0)":"REPRODUCIDO POR EXPEDIENTE 0174-D-17","('0112-D-2015', 1)":null,"('0112-D-2015', 2)":null},"('Tramites', 'FECHA')":{"('0112-D-2015', 0)":null,"('0112-D-2015', 1)":null,"('0112-D-2015', 2)":null},"('Tramites', 'RESULTADO')":{"('0112-D-2015', 0)":null,"('0112-D-2015', 1)":null,"('0112-D-2015', 2)":null},"Palabra Clave":{"('0112-D-2015', 0)":" ","('0112-D-2015', 1)":null,"('0112-D-2015', 2)":null}}