{"Tipo de Proyecto":{"('0113-D-2015', 0)":"PROYECTO DE RESOLUCI\u00d3N"},"Iniciado en: ":{"('0113-D-2015', 0)":"Diputados"},"Expediente Diputados: ":{"('0113-D-2015', 0)":"0113-D-2015"},"Publicado en: ":{"('0113-D-2015', 0)":"Tr\u00e1mite Parlamentario N\u00b0 1"},"Fecha: ":{"('0113-D-2015', 0)":"02\/03\/2015"},"T\u00edtulo":{"('0113-D-2015', 0)":"DECLARAR DE INTERES DE LA H. CAMARA EL ENCUENTRO NACIONAL DE ESCRITORES Y POETAS VETERANOS DE GUERRA DE MALVINAS, A REALIZARSE DEL 19 AL 22 DE MARZO DE 2015  EN LA CIUDAD DE RAWSON, PROVINCIA DEL CHUBUT"},"('Firmantes', 'FIRMANTE')":{"('0113-D-2015', 0)":"PAIS, JUAN MARIO"},"('Firmantes', 'DISTRITO')":{"('0113-D-2015', 0)":"CHUBUT"},"('Firmantes', 'BLOQUE')":{"('0113-D-2015', 0)":"FRENTE PARA LA VICTORIA - PJ"},"('Giros', 'COMISI\u00d3N')":{"('0113-D-2015', 0)":"CULTURA"},"('Tramites', 'C\u00c1MARA')":{"('0113-D-2015', 0)":"Diputados"},"('Tramites', 'MOVIMIENTO')":{"('0113-D-2015', 0)":"APROBACION ARTICULO 114 DEL REGLAMENTO DE LA H CAMARA DE DIPUTADOS; COMUNICADO EL 24\/04\/2015"},"('Tramites', 'FECHA')":{"('0113-D-2015', 0)":null},"('Tramites', 'RESULTADO')":{"('0113-D-2015', 0)":"APROBADO"},"Link":{"('0113-D-2015', 0)":"https:\/\/www.hcdn.gob.ar\/proyectos\/textoCompleto.jsp?exp=0113-D-2015&tipo=RESOLUCION"},"Palabra Clave":{"('0113-D-2015', 0)":" "}}