{"Tipo de Proyecto":{"('0115-D-2015', 0)":"PROYECTO DE LEY","('0115-D-2015', 1)":null},"Iniciado en: ":{"('0115-D-2015', 0)":"Diputados","('0115-D-2015', 1)":null},"Expediente Diputados: ":{"('0115-D-2015', 0)":"0115-D-2015","('0115-D-2015', 1)":null},"Publicado en: ":{"('0115-D-2015', 0)":"Tr\u00e1mite Parlamentario N\u00b0 1","('0115-D-2015', 1)":null},"Fecha: ":{"('0115-D-2015', 0)":"02\/03\/2015","('0115-D-2015', 1)":null},"T\u00edtulo":{"('0115-D-2015', 0)":"CHALET HUERGO , SITO EN LA CIUDAD DE COMODORO RIVADAVIA, PROVINCIA DEL CHUBUT. SE DECLARA MONUMENTO HISTORICO NACIONAL.  (REPRODUCCION DEL EXPEDIENTE 5927-D-13).","('0115-D-2015', 1)":null},"('Firmantes', 'FIRMANTE')":{"('0115-D-2015', 0)":"PAIS, JUAN MARIO","('0115-D-2015', 1)":null},"('Firmantes', 'DISTRITO')":{"('0115-D-2015', 0)":"CHUBUT","('0115-D-2015', 1)":null},"('Firmantes', 'BLOQUE')":{"('0115-D-2015', 0)":"FRENTE PARA LA VICTORIA - PJ","('0115-D-2015', 1)":null},"('Giros', 'COMISI\u00d3N')":{"('0115-D-2015', 0)":"CULTURA","('0115-D-2015', 1)":"PRESUPUESTO Y HACIENDA"},"Palabra Clave":{"('0115-D-2015', 0)":" ","('0115-D-2015', 1)":null}}