{"Tipo de Proyecto":{"('0115-S-2015', 0)":"PROYECTO DE DECLARACI\u00d3N","('0115-S-2015', 1)":null},"Iniciado en: ":{"('0115-S-2015', 0)":"Senado","('0115-S-2015', 1)":null},"Expediente Senado: ":{"('0115-S-2015', 0)":"0115-S-2015","('0115-S-2015', 1)":null},"Publicado en: ":{"('0115-S-2015', 0)":"Diario de Asuntos Entrados N\u00b0 6","('0115-S-2015', 1)":null},"Fecha: ":{"('0115-S-2015', 0)":"03\/03\/2015","('0115-S-2015', 1)":null},"T\u00edtulo":{"('0115-S-2015', 0)":"CONMEMORANDO UN NUEVO ANIVERSARIO DE LA INAUGURACION DE LA ESCUELA NACIONAL DE MEDICINA, EL 1 DE MARZO DEL 2015. ","('0115-S-2015', 1)":null},"('Firmantes', 'FIRMANTE')":{"('0115-S-2015', 0)":"ITURREZ DE CAPPELLINI, ADA ROSA DEL VALLE","('0115-S-2015', 1)":null},"('Firmantes', 'DISTRITO')":{"('0115-S-2015', 0)":"SANTIAGO DEL ESTERO","('0115-S-2015', 1)":null},"('Firmantes', 'BLOQUE')":{"('0115-S-2015', 0)":"FRENTE CIVICO POR SANTIAGO","('0115-S-2015', 1)":null},"('Tramites', 'C\u00c1MARA')":{"('0115-S-2015', 0)":"Senado","('0115-S-2015', 1)":"Senado"},"('Tramites', 'MOVIMIENTO')":{"('0115-S-2015', 0)":"MOCION SOBRE TABLAS (AFIRMATIVA)","('0115-S-2015', 1)":"CONSIDERACION Y APROBACION"},"('Tramites', 'FECHA')":{"('0115-S-2015', 0)":"11\/03\/2015","('0115-S-2015', 1)":"11\/03\/2015"},"('Tramites', 'RESULTADO')":{"('0115-S-2015', 0)":null,"('0115-S-2015', 1)":"APROBADO"},"Link":{"('0115-S-2015', 0)":"http:\/\/www.senado.gov.ar\/parlamentario\/comisiones\/verExp\/115.15\/S\/PD","('0115-S-2015', 1)":null},"Palabra Clave":{"('0115-S-2015', 0)":" ","('0115-S-2015', 1)":null}}