{"Tipo de Proyecto":{"('0116-D-2015', 0)":"PROYECTO DE LEY","('0116-D-2015', 1)":null},"Iniciado en: ":{"('0116-D-2015', 0)":"Diputados","('0116-D-2015', 1)":null},"Expediente Diputados: ":{"('0116-D-2015', 0)":"0116-D-2015","('0116-D-2015', 1)":null},"Publicado en: ":{"('0116-D-2015', 0)":"Tr\u00e1mite Parlamentario N\u00b0 1","('0116-D-2015', 1)":null},"Fecha: ":{"('0116-D-2015', 0)":"02\/03\/2015","('0116-D-2015', 1)":null},"T\u00edtulo":{"('0116-D-2015', 0)":"CONVENIO 162 DE LA ORGANIZACION INTERNACIONAL DEL TRABAJO SOBRE \"UTILIZACION DEL ASBESTO EN CONDICIONES DE SEGURIDAD\" Y LA RECOMENDACION 172 DEL MISMO ORGANISMO: RATIFICACION (REPRODUCCION DEL EXPEDIENTE 0307-D-13).","('0116-D-2015', 1)":null},"('Firmantes', 'FIRMANTE')":{"('0116-D-2015', 0)":"PAIS, JUAN MARIO","('0116-D-2015', 1)":null},"('Firmantes', 'DISTRITO')":{"('0116-D-2015', 0)":"CHUBUT","('0116-D-2015', 1)":null},"('Firmantes', 'BLOQUE')":{"('0116-D-2015', 0)":"FRENTE PARA LA VICTORIA - PJ","('0116-D-2015', 1)":null},"('Giros', 'COMISI\u00d3N')":{"('0116-D-2015', 0)":"RELACIONES EXTERIORES Y CULTO","('0116-D-2015', 1)":"LEGISLACION DEL TRABAJO"},"Palabra Clave":{"('0116-D-2015', 0)":" ","('0116-D-2015', 1)":null}}