{"Tipo de Proyecto":{"('0116-OV-2015', 0)":"PROYECTO DE RESOLUCI\u00d3N"},"Iniciado en: ":{"('0116-OV-2015', 0)":"Senado"},"Expediente Senado: ":{"('0116-OV-2015', 0)":"0116-OV-2015"},"Fecha: ":{"('0116-OV-2015', 0)":"17\/09\/2015"},"T\u00edtulo":{"('0116-OV-2015', 0)":"RESOLUCION REMITIDA POR LA AUDITORIA GENERAL DE LA NACION 72\/15, APROBANDO EL INFORME DE AUDITORIA REFERIDO A LOS ESTADOS CONTABLES CORREPONDIENTES AL EJERCICIO FINALIZADO EL 31 DE DICIEMBRE DE 2009, DE EDUCAR S.E."},"('Firmantes', 'FIRMANTE')":{"('0116-OV-2015', 0)":"PARLAMENTARIA MIXTA REVISORA DE CUENTAS"},"('Firmantes', 'DISTRITO')":{"('0116-OV-2015', 0)":null},"('Firmantes', 'BLOQUE')":{"('0116-OV-2015', 0)":null},"('Tramites', 'C\u00c1MARA')":{"('0116-OV-2015', 0)":"Senado"},"('Tramites', 'MOVIMIENTO')":{"('0116-OV-2015', 0)":"CONSIDERACION Y APROBACION (AL ARCHIVO)"},"('Tramites', 'FECHA')":{"('0116-OV-2015', 0)":"02\/11\/2016"},"('Tramites', 'RESULTADO')":{"('0116-OV-2015', 0)":"APROBADO"},"Sumario":{"('0116-OV-2015', 0)":"HABIENDO TOMADO CONOCIMIENTO Y SIN PERJUICIO DE ULTERIORES MEDIDAS QUE PUEDAN ADOPTARSE, SE ACONSEJA SU REMISION AL ARCHIVO."},"Palabra Clave":{"('0116-OV-2015', 0)":" "}}