{"Tipo de Proyecto":{"('0117-D-2015', 0)":"PROYECTO DE RESOLUCI\u00d3N"},"Iniciado en: ":{"('0117-D-2015', 0)":"Diputados"},"Expediente Diputados: ":{"('0117-D-2015', 0)":"0117-D-2015"},"Publicado en: ":{"('0117-D-2015', 0)":"Tr\u00e1mite Parlamentario N\u00b0 1"},"Fecha: ":{"('0117-D-2015', 0)":"02\/03\/2015"},"T\u00edtulo":{"('0117-D-2015', 0)":"PEDIDO DE INFORMES AL PODER EJECUTIVO SOBRE LA MEDIDA NOTIFICADA POR CIRCULAR REMITIDA POR EL BANCO DE LA NACION ARGENTINA A LAS ENTIDADES QUE REPRESENTAN AL SECTOR DEL CAMPO."},"('Firmantes', 'FIRMANTE')":{"('0117-D-2015', 0)":"SCAGLIA, GISELA"},"('Firmantes', 'DISTRITO')":{"('0117-D-2015', 0)":"SANTA FE"},"('Firmantes', 'BLOQUE')":{"('0117-D-2015', 0)":"UNION PRO"},"('Giros', 'COMISI\u00d3N')":{"('0117-D-2015', 0)":"FINANZAS"},"Link":{"('0117-D-2015', 0)":"https:\/\/www.hcdn.gob.ar\/proyectos\/textoCompleto.jsp?exp=0117-D-2015&tipo=RESOLUCION"},"Palabra Clave":{"('0117-D-2015', 0)":" "}}