{"Tipo de Proyecto":{"('0118-D-2015', 0)":"PROYECTO DE RESOLUCI\u00d3N"},"Iniciado en: ":{"('0118-D-2015', 0)":"Diputados"},"Expediente Diputados: ":{"('0118-D-2015', 0)":"0118-D-2015"},"Publicado en: ":{"('0118-D-2015', 0)":"Tr\u00e1mite Parlamentario N\u00b0 1"},"Fecha: ":{"('0118-D-2015', 0)":"02\/03\/2015"},"T\u00edtulo":{"('0118-D-2015', 0)":"EXPRESAR PESAR POR EL FALLECIMIENTO DE OVIDE MENIN, EX DECANO DE LA FACULTAD DE PSICOLOGIA DE LA UNIVERSIDAD NACIONAL DE ROSARIO, PROVINCIA DE SANTA FE, OCURRIDO EL DIA 3 DE ENERO DE 2015."},"('Firmantes', 'FIRMANTE')":{"('0118-D-2015', 0)":"SCAGLIA, GISELA"},"('Firmantes', 'DISTRITO')":{"('0118-D-2015', 0)":"SANTA FE"},"('Firmantes', 'BLOQUE')":{"('0118-D-2015', 0)":"UNION PRO"},"('Giros', 'COMISI\u00d3N')":{"('0118-D-2015', 0)":"EDUCACION"},"('Tramites', 'C\u00c1MARA')":{"('0118-D-2015', 0)":"Diputados"},"('Tramites', 'MOVIMIENTO')":{"('0118-D-2015', 0)":"APROBACION ARTICULO 114 DEL REGLAMENTO DE LA H CAMARA DE DIPUTADOS; COMUNICADO EL 29\/05\/2015"},"('Tramites', 'FECHA')":{"('0118-D-2015', 0)":null},"('Tramites', 'RESULTADO')":{"('0118-D-2015', 0)":"APROBADO"},"Link":{"('0118-D-2015', 0)":"https:\/\/www.hcdn.gob.ar\/proyectos\/textoCompleto.jsp?exp=0118-D-2015&tipo=RESOLUCION"},"Palabra Clave":{"('0118-D-2015', 0)":" "}}