{"Tipo de Proyecto":{"('0121-OV-2015', 0)":"PROYECTO DE RESOLUCI\u00d3N"},"Iniciado en: ":{"('0121-OV-2015', 0)":"Senado"},"Expediente Senado: ":{"('0121-OV-2015', 0)":"0121-OV-2015"},"Fecha: ":{"('0121-OV-2015', 0)":"17\/09\/2015"},"T\u00edtulo":{"('0121-OV-2015', 0)":"RESOLUCION REMITIDA POR LA AUDITORIA GENERAL DE LA NACION 77\/15, APROBANDO EL INFORME DE AUDITORIA REFERIDO A LOS ESTADOS FINANCIEROS DEL EJERCICIO 1 FINALIZADO EL 31 DE DICIEMBRE DE 2014, CORRESPONDIENTES AL \"PROGRAMA DE APOYO A LA POLITICA DE MEJORAMIENTO DE LA EQUIDAD EDUCATIVA (PROMEDU III) - CONVENIO DE PRESTAMO BID 2940\/OC-AR."},"('Firmantes', 'FIRMANTE')":{"('0121-OV-2015', 0)":"PARLAMENTARIA MIXTA REVISORA DE CUENTAS"},"('Firmantes', 'DISTRITO')":{"('0121-OV-2015', 0)":null},"('Firmantes', 'BLOQUE')":{"('0121-OV-2015', 0)":null},"('Tramites', 'C\u00c1MARA')":{"('0121-OV-2015', 0)":"Senado"},"('Tramites', 'MOVIMIENTO')":{"('0121-OV-2015', 0)":"CONSIDERACION Y APROBACION (AL ARCHIVO)"},"('Tramites', 'FECHA')":{"('0121-OV-2015', 0)":"02\/11\/2016"},"('Tramites', 'RESULTADO')":{"('0121-OV-2015', 0)":"APROBADO"},"Sumario":{"('0121-OV-2015', 0)":"HABIENDO TOMADO CONOCIMIENTO Y SIN PERJUICIO DE ULTERIORES MEDIDAS QUE PUEDAN ADOPTARSE, SE ACONSEJA SU REMISION AL ARCHIVO."},"Palabra Clave":{"('0121-OV-2015', 0)":" "}}