{"Tipo de Proyecto":{"('0123-D-2015', 0)":"PROYECTO DE LEY","('0123-D-2015', 1)":null},"Iniciado en: ":{"('0123-D-2015', 0)":"Diputados","('0123-D-2015', 1)":null},"Expediente Diputados: ":{"('0123-D-2015', 0)":"0123-D-2015","('0123-D-2015', 1)":null},"Publicado en: ":{"('0123-D-2015', 0)":"Tr\u00e1mite Parlamentario N\u00b0 1","('0123-D-2015', 1)":null},"Fecha: ":{"('0123-D-2015', 0)":"02\/03\/2015","('0123-D-2015', 1)":null},"T\u00edtulo":{"('0123-D-2015', 0)":"INCORPORACION DEL \"CALENDARIO DE CONTROLES OFTALMOLOGICOS Y EXAMENES VISUALES\" AL PLAN MEDICO OBLIGATORIO - PMO -\" VIGENTE (REPRODUCCION DEL EXPEDIENTE 2315-D-13).","('0123-D-2015', 1)":null},"('Firmantes', 'FIRMANTE')":{"('0123-D-2015', 0)":"BIANCHI, IVANA MARIA","('0123-D-2015', 1)":null},"('Firmantes', 'DISTRITO')":{"('0123-D-2015', 0)":"SAN LUIS","('0123-D-2015', 1)":null},"('Firmantes', 'BLOQUE')":{"('0123-D-2015', 0)":"COMPROMISO FEDERAL","('0123-D-2015', 1)":null},"('Giros', 'COMISI\u00d3N')":{"('0123-D-2015', 0)":"ACCION SOCIAL Y SALUD PUBLICA","('0123-D-2015', 1)":"PRESUPUESTO Y HACIENDA"},"('Tramites', 'C\u00c1MARA')":{"('0123-D-2015', 0)":"Diputados","('0123-D-2015', 1)":null},"('Tramites', 'MOVIMIENTO')":{"('0123-D-2015', 0)":"REPRODUCIDO POR EXPEDIENTE 0165-D-17","('0123-D-2015', 1)":null},"('Tramites', 'FECHA')":{"('0123-D-2015', 0)":null,"('0123-D-2015', 1)":null},"('Tramites', 'RESULTADO')":{"('0123-D-2015', 0)":null,"('0123-D-2015', 1)":null},"Palabra Clave":{"('0123-D-2015', 0)":" ","('0123-D-2015', 1)":null}}