{"Tipo de Proyecto":{"('0124-S-2015', 0)":"PROYECTO DE RESOLUCI\u00d3N"},"Iniciado en: ":{"('0124-S-2015', 0)":"Senado"},"Expediente Senado: ":{"('0124-S-2015', 0)":"0124-S-2015"},"Publicado en: ":{"('0124-S-2015', 0)":"Diario de Asuntos Entrados N\u00b0 7"},"Fecha: ":{"('0124-S-2015', 0)":"03\/03\/2015"},"T\u00edtulo":{"('0124-S-2015', 0)":"DISTINGUIR CON EL PREMIO \"MENCION DE HONOR SENADOR DOMINGO FAUSTINO SARMIENTO\" DEL H. SENADO DE LA NACION, AL TENOR ROSARINO JOSE CURA. "},"('Firmantes', 'FIRMANTE')":{"('0124-S-2015', 0)":"GIUSTINIANI, RUBEN HECTOR"},"('Firmantes', 'DISTRITO')":{"('0124-S-2015', 0)":"SANTA FE"},"('Firmantes', 'BLOQUE')":{"('0124-S-2015', 0)":"PARTIDO SOCIALISTA"},"Link":{"('0124-S-2015', 0)":"http:\/\/www.senado.gov.ar\/parlamentario\/comisiones\/verExp\/124.15\/S\/PR"},"Palabra Clave":{"('0124-S-2015', 0)":" "}}