{"Tipo de Proyecto":{"('0125-OV-2015', 0)":"PROYECTO DE RESOLUCI\u00d3N"},"Iniciado en: ":{"('0125-OV-2015', 0)":"Senado"},"Expediente Senado: ":{"('0125-OV-2015', 0)":"0125-OV-2015"},"Fecha: ":{"('0125-OV-2015', 0)":"12\/10\/2016"},"T\u00edtulo":{"('0125-OV-2015', 0)":"RESOLUCION REMITIDA POR LA AUDITORIA GENERAL DE LA NACION 80\/15, APROBANDO EL INFORME SOBRE LOS ESTADOS FINANCIEROS DEL PROYECTO APOYO AL PROGRAMA FEDERAL DE PRODUCCION LIMPIA Y CONSUMO SUSTENTABLE, CONTRATO DE PRESTAMO 1865 OC-AR, EJERCICIO 6, FINALIZADO EL 31 DE DICIEMBRE DE 2014."},"('Firmantes', 'FIRMANTE')":{"('0125-OV-2015', 0)":"PARLAMENTARIA MIXTA REVISORA DE CUENTAS"},"('Firmantes', 'DISTRITO')":{"('0125-OV-2015', 0)":null},"('Firmantes', 'BLOQUE')":{"('0125-OV-2015', 0)":null},"('Tramites', 'C\u00c1MARA')":{"('0125-OV-2015', 0)":"Senado"},"('Tramites', 'MOVIMIENTO')":{"('0125-OV-2015', 0)":"CONSIDERACION Y APROBACION (AL ARCHIVO)"},"('Tramites', 'FECHA')":{"('0125-OV-2015', 0)":"02\/11\/2016"},"('Tramites', 'RESULTADO')":{"('0125-OV-2015', 0)":"APROBADO"},"Sumario":{"('0125-OV-2015', 0)":"HABIENDO TOMADO CONOCIMIENTO Y SIN PERJUICIO DE ULTERIORES MEDIDAS QUE PUEDAN ADOPTARSE, SE ACONSEJA SU REMISION AL ARCHIVO."},"Palabra Clave":{"('0125-OV-2015', 0)":" "}}