{"Tipo de Proyecto":{"('0125-PE-2015', 0)":"MENSAJE NRO: 1200\/15","('0125-PE-2015', 1)":null},"Iniciado en: ":{"('0125-PE-2015', 0)":"Senado","('0125-PE-2015', 1)":null},"Expediente Senado: ":{"('0125-PE-2015', 0)":"0125-PE-2015","('0125-PE-2015', 1)":null},"Publicado en: ":{"('0125-PE-2015', 0)":"DAE S.A. N\u00b0 10","('0125-PE-2015', 1)":null},"Fecha: ":{"('0125-PE-2015', 0)":"30\/06\/2015","('0125-PE-2015', 1)":null},"T\u00edtulo":{"('0125-PE-2015', 0)":"SOLICITA ACUERDO PARA DESIGNAR VOCAL DE LA CAMARA FEDERAL DE APELACIONES DE SALTA, PROVINCIA DE SALTA, SALA II, A LA DOCTORA MARIANA INES CATALANO. ","('0125-PE-2015', 1)":null},"('Firmantes', 'FIRMANTE')":{"('0125-PE-2015', 0)":"FERNANDEZ DE KIRCHNER, CRISTINA","('0125-PE-2015', 1)":"ALAK, JULIO"},"('Firmantes', 'DISTRITO')":{"('0125-PE-2015', 0)":null,"('0125-PE-2015', 1)":null},"('Firmantes', 'BLOQUE')":{"('0125-PE-2015', 0)":"PODER EJECUTIVO","('0125-PE-2015', 1)":"PODER EJECUTIVO"},"('Tramites', 'C\u00c1MARA')":{"('0125-PE-2015', 0)":"Senado","('0125-PE-2015', 1)":null},"('Tramites', 'MOVIMIENTO')":{"('0125-PE-2015', 0)":"CONSIDERACION Y APROBACION","('0125-PE-2015', 1)":null},"('Tramites', 'FECHA')":{"('0125-PE-2015', 0)":"26\/08\/2015","('0125-PE-2015', 1)":null},"('Tramites', 'RESULTADO')":{"('0125-PE-2015', 0)":"APROBADO","('0125-PE-2015', 1)":null},"Palabra Clave":{"('0125-PE-2015', 0)":" ","('0125-PE-2015', 1)":null}}