{"Tipo de Proyecto":{"('0126-S-2015', 0)":"PROYECTO DE DECLARACI\u00d3N","('0126-S-2015', 1)":null},"Iniciado en: ":{"('0126-S-2015', 0)":"Senado","('0126-S-2015', 1)":null},"Expediente Senado: ":{"('0126-S-2015', 0)":"0126-S-2015","('0126-S-2015', 1)":null},"Publicado en: ":{"('0126-S-2015', 0)":"Diario de Asuntos Entrados N\u00b0 7","('0126-S-2015', 1)":null},"Fecha: ":{"('0126-S-2015', 0)":"03\/03\/2015","('0126-S-2015', 1)":null},"T\u00edtulo":{"('0126-S-2015', 0)":"EXPRESAR BENEPLACITO POR LA CONSTRUCCION DEL GASODUCTO DEL NORESTE ARGENTINO, EL 23 DE FEBRERO DE 2015. ","('0126-S-2015', 1)":null},"('Firmantes', 'FIRMANTE')":{"('0126-S-2015', 0)":"DE LA ROSA, MARIA GRACIELA","('0126-S-2015', 1)":null},"('Firmantes', 'DISTRITO')":{"('0126-S-2015', 0)":"FORMOSA","('0126-S-2015', 1)":null},"('Firmantes', 'BLOQUE')":{"('0126-S-2015', 0)":"FRENTE PARA LA VICTORIA - PJ","('0126-S-2015', 1)":null},"('Tramites', 'C\u00c1MARA')":{"('0126-S-2015', 0)":"Senado","('0126-S-2015', 1)":"Senado"},"('Tramites', 'MOVIMIENTO')":{"('0126-S-2015', 0)":"MOCION SOBRE TABLAS (AFIRMATIVA)","('0126-S-2015', 1)":"CONSIDERACION Y APROBACION"},"('Tramites', 'FECHA')":{"('0126-S-2015', 0)":"11\/03\/2015","('0126-S-2015', 1)":"11\/03\/2015"},"('Tramites', 'RESULTADO')":{"('0126-S-2015', 0)":null,"('0126-S-2015', 1)":"APROBADO"},"Link":{"('0126-S-2015', 0)":"http:\/\/www.senado.gov.ar\/parlamentario\/comisiones\/verExp\/126.15\/S\/PD","('0126-S-2015', 1)":null},"Palabra Clave":{"('0126-S-2015', 0)":" ","('0126-S-2015', 1)":null}}