{"Tipo de Proyecto":{"('0128-PE-2015', 0)":"MENSAJE NRO: 1203\/15","('0128-PE-2015', 1)":null},"Iniciado en: ":{"('0128-PE-2015', 0)":"Senado","('0128-PE-2015', 1)":null},"Expediente Senado: ":{"('0128-PE-2015', 0)":"0128-PE-2015","('0128-PE-2015', 1)":null},"Publicado en: ":{"('0128-PE-2015', 0)":"DAE S.A. N\u00b0 10","('0128-PE-2015', 1)":null},"Fecha: ":{"('0128-PE-2015', 0)":"30\/06\/2015","('0128-PE-2015', 1)":null},"T\u00edtulo":{"('0128-PE-2015', 0)":"SOLICITA ACUERDO PARA DESIGNAR VOCAL DE LA CAMARA FEDERAL DE APELACIONES DE SALTA, PROVINCIA DE SALTA, SALA II, AL DOCTOR GUILLERMO FEDERICO ELIAS. ","('0128-PE-2015', 1)":null},"('Firmantes', 'FIRMANTE')":{"('0128-PE-2015', 0)":"FERNANDEZ DE KIRCHNER, CRISTINA","('0128-PE-2015', 1)":"ALAK, JULIO"},"('Firmantes', 'DISTRITO')":{"('0128-PE-2015', 0)":null,"('0128-PE-2015', 1)":null},"('Firmantes', 'BLOQUE')":{"('0128-PE-2015', 0)":"PODER EJECUTIVO","('0128-PE-2015', 1)":"PODER EJECUTIVO"},"('Tramites', 'C\u00c1MARA')":{"('0128-PE-2015', 0)":"Senado","('0128-PE-2015', 1)":null},"('Tramites', 'MOVIMIENTO')":{"('0128-PE-2015', 0)":"CONSIDERACION Y APROBACION","('0128-PE-2015', 1)":null},"('Tramites', 'FECHA')":{"('0128-PE-2015', 0)":"26\/08\/2015","('0128-PE-2015', 1)":null},"('Tramites', 'RESULTADO')":{"('0128-PE-2015', 0)":"APROBADO","('0128-PE-2015', 1)":null},"Palabra Clave":{"('0128-PE-2015', 0)":" ","('0128-PE-2015', 1)":null}}