{"Tipo de Proyecto":{"('0128-S-2015', 0)":"PROYECTO DE LEY"},"Iniciado en: ":{"('0128-S-2015', 0)":"Senado"},"Expediente Senado: ":{"('0128-S-2015', 0)":"0128-S-2015"},"Publicado en: ":{"('0128-S-2015', 0)":"Diario de Asuntos Entrados N\u00b0 7"},"Fecha: ":{"('0128-S-2015', 0)":"03\/03\/2015"},"T\u00edtulo":{"('0128-S-2015', 0)":"GARANTIZAR EL ACCESO IGUALITARIO AL GAS LICUADO DE PETROLEO (GLP) EN GARRAFAS DE 10 KGS PARA USUARIOS RESIDENCIALES. (REPRODUCCION DEL EXPEDIENTE 3371-S-13)."},"('Firmantes', 'FIRMANTE')":{"('0128-S-2015', 0)":"DE LA ROSA, MARIA GRACIELA"},"('Firmantes', 'DISTRITO')":{"('0128-S-2015', 0)":"FORMOSA"},"('Firmantes', 'BLOQUE')":{"('0128-S-2015', 0)":"FRENTE PARA LA VICTORIA - PJ"},"Sumario":{"('0128-S-2015', 0)":"INVITACION A ADHERIR."},"Palabra Clave":{"('0128-S-2015', 0)":" "}}