{"Tipo de Proyecto":{"('0129-D-2015', 0)":"PROYECTO DE LEY","('0129-D-2015', 1)":null},"Iniciado en: ":{"('0129-D-2015', 0)":"Diputados","('0129-D-2015', 1)":null},"Expediente Diputados: ":{"('0129-D-2015', 0)":"0129-D-2015","('0129-D-2015', 1)":null},"Publicado en: ":{"('0129-D-2015', 0)":"Tr\u00e1mite Parlamentario N\u00b0 1","('0129-D-2015', 1)":null},"Fecha: ":{"('0129-D-2015', 0)":"02\/03\/2015","('0129-D-2015', 1)":null},"T\u00edtulo":{"('0129-D-2015', 0)":"CODIGO PENAL. MODIFICACION DEL ARTICULO 119, SOBRE DELITOS CONTRA LA INTEGRIDAD SEXUAL DE PERSONAS CON DISCAPACIDAD O CON CAPACIDADES DIFERENTES (REPRODUCCION DEL EXPEDIENTE 4207-D-13).","('0129-D-2015', 1)":null},"('Firmantes', 'FIRMANTE')":{"('0129-D-2015', 0)":"BIANCHI, IVANA MARIA","('0129-D-2015', 1)":null},"('Firmantes', 'DISTRITO')":{"('0129-D-2015', 0)":"SAN LUIS","('0129-D-2015', 1)":null},"('Firmantes', 'BLOQUE')":{"('0129-D-2015', 0)":"COMPROMISO FEDERAL","('0129-D-2015', 1)":null},"('Giros', 'COMISI\u00d3N')":{"('0129-D-2015', 0)":"LEGISLACION PENAL","('0129-D-2015', 1)":"FAMILIA, MUJER, NI\u00d1EZ Y ADOLESCENCIA"},"('Tramites', 'C\u00c1MARA')":{"('0129-D-2015', 0)":"Diputados","('0129-D-2015', 1)":null},"('Tramites', 'MOVIMIENTO')":{"('0129-D-2015', 0)":"REPRODUCIDO POR EXPEDIENTE 0190-D-17","('0129-D-2015', 1)":null},"('Tramites', 'FECHA')":{"('0129-D-2015', 0)":null,"('0129-D-2015', 1)":null},"('Tramites', 'RESULTADO')":{"('0129-D-2015', 0)":null,"('0129-D-2015', 1)":null},"Sumario":{"('0129-D-2015', 0)":"INCORPORACION DEL INCISO G) AL ARTICULO 119.","('0129-D-2015', 1)":null},"Palabra Clave":{"('0129-D-2015', 0)":" ","('0129-D-2015', 1)":null}}