{"Tipo de Proyecto":{"('0130-S-2015', 0)":"PROYECTO DE LEY"},"Iniciado en: ":{"('0130-S-2015', 0)":"Senado"},"Expediente Senado: ":{"('0130-S-2015', 0)":"0130-S-2015"},"Publicado en: ":{"('0130-S-2015', 0)":"Diario de Asuntos Entrados N\u00b0 7"},"Fecha: ":{"('0130-S-2015', 0)":"03\/03\/2015"},"T\u00edtulo":{"('0130-S-2015', 0)":"CREACION DEL CONSEJO FEDERAL DE LA LECHERIA ARGENTINA (REPRODUCCION DEL EXPEDIENTE 1235-S-13)."},"('Firmantes', 'FIRMANTE')":{"('0130-S-2015', 0)":"DE LA ROSA, MARIA GRACIELA"},"('Firmantes', 'DISTRITO')":{"('0130-S-2015', 0)":"FORMOSA"},"('Firmantes', 'BLOQUE')":{"('0130-S-2015', 0)":"FRENTE PARA LA VICTORIA - PJ"},"Sumario":{"('0130-S-2015', 0)":"OBJETIVOS; ATRIBUCIONES; INTEGRACION, AUTORIDADES; PRECIO DE REFERENCIA."},"Palabra Clave":{"('0130-S-2015', 0)":" "}}