{"Tipo de Proyecto":{"('0132-D-2015', 0)":"PROYECTO DE LEY","('0132-D-2015', 1)":null,"('0132-D-2015', 2)":null},"Iniciado en: ":{"('0132-D-2015', 0)":"Diputados","('0132-D-2015', 1)":null,"('0132-D-2015', 2)":null},"Expediente Diputados: ":{"('0132-D-2015', 0)":"0132-D-2015","('0132-D-2015', 1)":null,"('0132-D-2015', 2)":null},"Publicado en: ":{"('0132-D-2015', 0)":"Tr\u00e1mite Parlamentario N\u00b0 1","('0132-D-2015', 1)":null,"('0132-D-2015', 2)":null},"Fecha: ":{"('0132-D-2015', 0)":"02\/03\/2015","('0132-D-2015', 1)":null,"('0132-D-2015', 2)":null},"T\u00edtulo":{"('0132-D-2015', 0)":"OBLIGATORIEDAD DE IMPLEMENTAR MEDIDAS DE SEGURIDAD EN JARDINES MATERNALES Y GUARDERIAS MEDIANTE LA INSTALACION DE CAMARAS DE \"CIRCUITO CERRADO DE TELEVISION (CCTV)\" (REPRODUCCION DEL EXPEDIENTE 4998-D-13).","('0132-D-2015', 1)":null,"('0132-D-2015', 2)":null},"('Firmantes', 'FIRMANTE')":{"('0132-D-2015', 0)":"BIANCHI, IVANA MARIA","('0132-D-2015', 1)":null,"('0132-D-2015', 2)":null},"('Firmantes', 'DISTRITO')":{"('0132-D-2015', 0)":"SAN LUIS","('0132-D-2015', 1)":null,"('0132-D-2015', 2)":null},"('Firmantes', 'BLOQUE')":{"('0132-D-2015', 0)":"COMPROMISO FEDERAL","('0132-D-2015', 1)":null,"('0132-D-2015', 2)":null},"('Giros', 'COMISI\u00d3N')":{"('0132-D-2015', 0)":"ACCION SOCIAL Y SALUD PUBLICA","('0132-D-2015', 1)":"EDUCACION","('0132-D-2015', 2)":"PRESUPUESTO Y HACIENDA"},"('Tramites', 'C\u00c1MARA')":{"('0132-D-2015', 0)":"Diputados","('0132-D-2015', 1)":null,"('0132-D-2015', 2)":null},"('Tramites', 'MOVIMIENTO')":{"('0132-D-2015', 0)":"REPRODUCIDO POR EXPEDIENTE 0210-D-17","('0132-D-2015', 1)":null,"('0132-D-2015', 2)":null},"('Tramites', 'FECHA')":{"('0132-D-2015', 0)":null,"('0132-D-2015', 1)":null,"('0132-D-2015', 2)":null},"('Tramites', 'RESULTADO')":{"('0132-D-2015', 0)":null,"('0132-D-2015', 1)":null,"('0132-D-2015', 2)":null},"Sumario":{"('0132-D-2015', 0)":"AUTORIDAD DE APLICACION: MINISTERIO DE EDUCACION DE LA NACION; INVITACION A ADHERIR A LAS PROVINCIAS Y A LA CIUDAD AUTONOMA DE BUENOS AIRES.","('0132-D-2015', 1)":null,"('0132-D-2015', 2)":null},"Palabra Clave":{"('0132-D-2015', 0)":" ","('0132-D-2015', 1)":null,"('0132-D-2015', 2)":null}}