{"Tipo de Proyecto":{"('0133-PE-2015', 0)":"MENSAJE NRO: 1208\/15","('0133-PE-2015', 1)":null},"Iniciado en: ":{"('0133-PE-2015', 0)":"Senado","('0133-PE-2015', 1)":null},"Expediente Senado: ":{"('0133-PE-2015', 0)":"0133-PE-2015","('0133-PE-2015', 1)":null},"Publicado en: ":{"('0133-PE-2015', 0)":"DAE S.A. N\u00b0 10","('0133-PE-2015', 1)":null},"Fecha: ":{"('0133-PE-2015', 0)":"30\/06\/2015","('0133-PE-2015', 1)":null},"T\u00edtulo":{"('0133-PE-2015', 0)":"SOLICITA ACUERDO PARA DESIGNAR JUEZ DE CAMARA DEL TRIBUNAL ORAL EN LO CRIMINAL FEDERAL N\u00ba 7 DE LA CAPITAL FEDERAL, AL DOCTOR JAVIER FELICIANO RIOS. ","('0133-PE-2015', 1)":null},"('Firmantes', 'FIRMANTE')":{"('0133-PE-2015', 0)":"FERNANDEZ DE KIRCHNER, CRISTINA","('0133-PE-2015', 1)":"ALAK, JULIO"},"('Firmantes', 'DISTRITO')":{"('0133-PE-2015', 0)":null,"('0133-PE-2015', 1)":null},"('Firmantes', 'BLOQUE')":{"('0133-PE-2015', 0)":"PODER EJECUTIVO","('0133-PE-2015', 1)":"PODER EJECUTIVO"},"('Tramites', 'C\u00c1MARA')":{"('0133-PE-2015', 0)":"Senado","('0133-PE-2015', 1)":"Senado"},"('Tramites', 'MOVIMIENTO')":{"('0133-PE-2015', 0)":"MOCION SOBRE TABLAS (AFIRMATIVA)","('0133-PE-2015', 1)":"CONSIDERACION Y APROBACION"},"('Tramites', 'FECHA')":{"('0133-PE-2015', 0)":"16\/09\/2015","('0133-PE-2015', 1)":"16\/09\/2015"},"('Tramites', 'RESULTADO')":{"('0133-PE-2015', 0)":null,"('0133-PE-2015', 1)":"APROBADO"},"Palabra Clave":{"('0133-PE-2015', 0)":" ","('0133-PE-2015', 1)":null}}