{"Tipo de Proyecto":{"('0134-D-2015', 0)":"PROYECTO DE LEY","('0134-D-2015', 1)":null,"('0134-D-2015', 2)":null},"Iniciado en: ":{"('0134-D-2015', 0)":"Diputados","('0134-D-2015', 1)":null,"('0134-D-2015', 2)":null},"Expediente Diputados: ":{"('0134-D-2015', 0)":"0134-D-2015","('0134-D-2015', 1)":null,"('0134-D-2015', 2)":null},"Publicado en: ":{"('0134-D-2015', 0)":"Tr\u00e1mite Parlamentario N\u00b0 1","('0134-D-2015', 1)":null,"('0134-D-2015', 2)":null},"Fecha: ":{"('0134-D-2015', 0)":"02\/03\/2015","('0134-D-2015', 1)":null,"('0134-D-2015', 2)":null},"T\u00edtulo":{"('0134-D-2015', 0)":"REGISTRO NACIONAL DE INFORMACION DE PERSONAS DESAPARECIDAS O SIN IDENTIFICACION, CREACION EN EL AMBITO DEL MINISTERIO DE JUSTICIA Y DERECHOS HUMANOS (REPRODUCCION DEL EXPEDIENTE 5396-D-13).","('0134-D-2015', 1)":null,"('0134-D-2015', 2)":null},"('Firmantes', 'FIRMANTE')":{"('0134-D-2015', 0)":"BIANCHI, IVANA MARIA","('0134-D-2015', 1)":null,"('0134-D-2015', 2)":null},"('Firmantes', 'DISTRITO')":{"('0134-D-2015', 0)":"SAN LUIS","('0134-D-2015', 1)":null,"('0134-D-2015', 2)":null},"('Firmantes', 'BLOQUE')":{"('0134-D-2015', 0)":"COMPROMISO FEDERAL","('0134-D-2015', 1)":null,"('0134-D-2015', 2)":null},"('Giros', 'COMISI\u00d3N')":{"('0134-D-2015', 0)":"JUSTICIA","('0134-D-2015', 1)":"SEGURIDAD INTERIOR","('0134-D-2015', 2)":"PRESUPUESTO Y HACIENDA"},"('Tramites', 'C\u00c1MARA')":{"('0134-D-2015', 0)":"Diputados","('0134-D-2015', 1)":null,"('0134-D-2015', 2)":null},"('Tramites', 'MOVIMIENTO')":{"('0134-D-2015', 0)":"REPRODUCIDO POR EXPEDIENTE 0208-D-17","('0134-D-2015', 1)":null,"('0134-D-2015', 2)":null},"('Tramites', 'FECHA')":{"('0134-D-2015', 0)":null,"('0134-D-2015', 1)":null,"('0134-D-2015', 2)":null},"('Tramites', 'RESULTADO')":{"('0134-D-2015', 0)":null,"('0134-D-2015', 1)":null,"('0134-D-2015', 2)":null},"Sumario":{"('0134-D-2015', 0)":"BASE DE DATOS; FINALIDAD; CREACION DE LA BASE DE DATOS BIOMETRICOS - GENETICOS - DIGITAL NACIONAL DE PERSONAS SIN IDENTIFICAR DENOMINADAS \"NN\"; FUNCIONES DE LAS FUERZAS DE SEGURIDAD O AUTORIDAD JUDICIAL; BORRADO Y\/O DESTRUCCION DE DATOS; ADELANTO DE LA INFORMACION EN FORMA TELEFONICA U OTRO MEDIO DISPONIBLE QUE NO FUERA DIGITAL; PASOS A SEGUIR POR EL REGISTRO UNA VEZ RECIBIDA LA INFORMACION; CONSTITUCION DE UN CONSEJO POR PARTE DEL MINISTERIO DE JUSTICIA Y DERECHOS HUMANOS: INTEGRACION; DEROGACION DE LA LEY 25746 (REGISTRO NACIONAL DE INFORMACION DE PERSONAS MENORES EXTRAVIADAS) Y DE TODA OTRA NORMA CONTRARIA A LA PRESENTE LEY; EL REGISTRO CREADO ABSORBERA AL REGISTRO NACIONAL DE INFORMACION DE PERSONAS MENORES EXTRAVIADAS; INVITACION A LAS PROVINCIAS Y A LA CIUDAD AUTONOMA DE BUENOS AIRES A ADHERIR.","('0134-D-2015', 1)":null,"('0134-D-2015', 2)":null},"Palabra Clave":{"('0134-D-2015', 0)":" ","('0134-D-2015', 1)":null,"('0134-D-2015', 2)":null}}