{"Tipo de Proyecto":{"('0135-D-2015', 0)":"PROYECTO DE LEY","('0135-D-2015', 1)":null},"Iniciado en: ":{"('0135-D-2015', 0)":"Diputados","('0135-D-2015', 1)":null},"Expediente Diputados: ":{"('0135-D-2015', 0)":"0135-D-2015","('0135-D-2015', 1)":null},"Publicado en: ":{"('0135-D-2015', 0)":"Tr\u00e1mite Parlamentario N\u00b0 1","('0135-D-2015', 1)":null},"Fecha: ":{"('0135-D-2015', 0)":"02\/03\/2015","('0135-D-2015', 1)":null},"T\u00edtulo":{"('0135-D-2015', 0)":"CONVENCION INTERAMERICANA PARA LA ELIMINACION DE TODAS LAS FORMAS DE DISCRIMINACION CONTRA LAS PERSONAS CON DISCAPACIDAD, SE OTORGA JERARQUIA CONSTITUCIONAL (REPRODUCCION DEL EXPEDIENTE 5436-D-13).","('0135-D-2015', 1)":null},"('Firmantes', 'FIRMANTE')":{"('0135-D-2015', 0)":"BIANCHI, IVANA MARIA","('0135-D-2015', 1)":null},"('Firmantes', 'DISTRITO')":{"('0135-D-2015', 0)":"SAN LUIS","('0135-D-2015', 1)":null},"('Firmantes', 'BLOQUE')":{"('0135-D-2015', 0)":"COMPROMISO FEDERAL","('0135-D-2015', 1)":null},"('Giros', 'COMISI\u00d3N')":{"('0135-D-2015', 0)":"ASUNTOS CONSTITUCIONALES","('0135-D-2015', 1)":"DISCAPACIDAD"},"('Tramites', 'C\u00c1MARA')":{"('0135-D-2015', 0)":"Diputados","('0135-D-2015', 1)":null},"('Tramites', 'MOVIMIENTO')":{"('0135-D-2015', 0)":"REPRODUCIDO POR EXPEDIENTE 0167-D-17","('0135-D-2015', 1)":null},"('Tramites', 'FECHA')":{"('0135-D-2015', 0)":null,"('0135-D-2015', 1)":null},"('Tramites', 'RESULTADO')":{"('0135-D-2015', 0)":null,"('0135-D-2015', 1)":null},"Palabra Clave":{"('0135-D-2015', 0)":" ","('0135-D-2015', 1)":null}}