{"Tipo de Proyecto":{"('0136-D-2015', 0)":"PROYECTO DE LEY","('0136-D-2015', 1)":null},"Iniciado en: ":{"('0136-D-2015', 0)":"Diputados","('0136-D-2015', 1)":null},"Expediente Diputados: ":{"('0136-D-2015', 0)":"0136-D-2015","('0136-D-2015', 1)":null},"Publicado en: ":{"('0136-D-2015', 0)":"Tr\u00e1mite Parlamentario N\u00b0 1","('0136-D-2015', 1)":null},"Fecha: ":{"('0136-D-2015', 0)":"02\/03\/2015","('0136-D-2015', 1)":null},"T\u00edtulo":{"('0136-D-2015', 0)":"CONTRATO DE TRABAJO - LEY 20744 -.  MODIFICACIONES, SOBRE LICENCIA POR MATERNIDAD (REPRODUCCION DEL EXPEDIENTE 5437-D-13).","('0136-D-2015', 1)":null},"('Firmantes', 'FIRMANTE')":{"('0136-D-2015', 0)":"BIANCHI, IVANA MARIA","('0136-D-2015', 1)":null},"('Firmantes', 'DISTRITO')":{"('0136-D-2015', 0)":"SAN LUIS","('0136-D-2015', 1)":null},"('Firmantes', 'BLOQUE')":{"('0136-D-2015', 0)":"COMPROMISO FEDERAL","('0136-D-2015', 1)":null},"('Giros', 'COMISI\u00d3N')":{"('0136-D-2015', 0)":"LEGISLACION DEL TRABAJO","('0136-D-2015', 1)":"FAMILIA, MUJER, NI\u00d1EZ Y ADOLESCENCIA"},"('Tramites', 'C\u00c1MARA')":{"('0136-D-2015', 0)":"Diputados","('0136-D-2015', 1)":null},"('Tramites', 'MOVIMIENTO')":{"('0136-D-2015', 0)":"REPRODUCIDO POR EXPEDIENTE 0166-D-17","('0136-D-2015', 1)":null},"('Tramites', 'FECHA')":{"('0136-D-2015', 0)":null,"('0136-D-2015', 1)":null},"('Tramites', 'RESULTADO')":{"('0136-D-2015', 0)":null,"('0136-D-2015', 1)":null},"Sumario":{"('0136-D-2015', 0)":"SUSTITUCION DE LOS ARTICULOS 177, 179 Y 183; INCORPORACION DEL ARTICULO 177 BIS).","('0136-D-2015', 1)":null},"Palabra Clave":{"('0136-D-2015', 0)":" ","('0136-D-2015', 1)":null}}