{"Tipo de Proyecto":{"('0137-S-2015', 0)":"COMUNICACION"},"Iniciado en: ":{"('0137-S-2015', 0)":"Senado"},"Expediente Senado: ":{"('0137-S-2015', 0)":"0137-S-2015"},"Publicado en: ":{"('0137-S-2015', 0)":"Diario de Asuntos Entrados N\u00b0 7"},"Fecha: ":{"('0137-S-2015', 0)":"03\/03\/2015"},"T\u00edtulo":{"('0137-S-2015', 0)":"PEDIDO DE INFORMES AL PODER EJECUTIVO SOBRE EL CUMPLIMIENTO DE LAS METAS ESTRATEGICAS 2014 DEL MINISTERIO DE EDUCACION AL 31\/12\/14, SOBRE SI HA ALCANZADO LA META: \"3900 AULAS DIGITALES DISTRIBUIDAS\". "},"('Firmantes', 'FIRMANTE')":{"('0137-S-2015', 0)":"ODARDA, MARIA MAGDALENA"},"('Firmantes', 'DISTRITO')":{"('0137-S-2015', 0)":"RIO NEGRO"},"('Firmantes', 'BLOQUE')":{"('0137-S-2015', 0)":"FRENTE PROGRESISTA - CCARI"},"Link":{"('0137-S-2015', 0)":"http:\/\/www.senado.gov.ar\/parlamentario\/comisiones\/verExp\/137.15\/S\/PC"},"Palabra Clave":{"('0137-S-2015', 0)":" "}}