{"Tipo de Proyecto":{"('0137-PE-2015', 0)":"MENSAJE NRO: 1212\/15","('0137-PE-2015', 1)":null},"Iniciado en: ":{"('0137-PE-2015', 0)":"Senado","('0137-PE-2015', 1)":null},"Expediente Senado: ":{"('0137-PE-2015', 0)":"0137-PE-2015","('0137-PE-2015', 1)":null},"Publicado en: ":{"('0137-PE-2015', 0)":"DAE S.A. N\u00b0 10","('0137-PE-2015', 1)":null},"Fecha: ":{"('0137-PE-2015', 0)":"30\/06\/2015","('0137-PE-2015', 1)":null},"T\u00edtulo":{"('0137-PE-2015', 0)":"SOLICITA ACUERDO PARA DESIGNAR JUEZ DE CAMARA DEL TRIBUNAL ORAL EN LO CRIMINAL FEDERAL DE CONCEPCION DEL URUGUAY, PROVINCIA DE ENTRE RIOS, AL DOCTOR JUAN MANUEL IGLESIAS. ","('0137-PE-2015', 1)":null},"('Firmantes', 'FIRMANTE')":{"('0137-PE-2015', 0)":"FERNANDEZ DE KIRCHNER, CRISTINA","('0137-PE-2015', 1)":"ALAK, JULIO"},"('Firmantes', 'DISTRITO')":{"('0137-PE-2015', 0)":null,"('0137-PE-2015', 1)":null},"('Firmantes', 'BLOQUE')":{"('0137-PE-2015', 0)":"PODER EJECUTIVO","('0137-PE-2015', 1)":"PODER EJECUTIVO"},"('Tramites', 'C\u00c1MARA')":{"('0137-PE-2015', 0)":"Senado","('0137-PE-2015', 1)":null},"('Tramites', 'MOVIMIENTO')":{"('0137-PE-2015', 0)":"CONSIDERACION Y APROBACION","('0137-PE-2015', 1)":null},"('Tramites', 'FECHA')":{"('0137-PE-2015', 0)":"26\/08\/2015","('0137-PE-2015', 1)":null},"('Tramites', 'RESULTADO')":{"('0137-PE-2015', 0)":"APROBADO","('0137-PE-2015', 1)":null},"Palabra Clave":{"('0137-PE-2015', 0)":" ","('0137-PE-2015', 1)":null}}