{"Tipo de Proyecto":{"('0137-D-2015', 0)":"PROYECTO DE LEY","('0137-D-2015', 1)":null},"Iniciado en: ":{"('0137-D-2015', 0)":"Diputados","('0137-D-2015', 1)":null},"Expediente Diputados: ":{"('0137-D-2015', 0)":"0137-D-2015","('0137-D-2015', 1)":null},"Publicado en: ":{"('0137-D-2015', 0)":"Tr\u00e1mite Parlamentario N\u00b0 1","('0137-D-2015', 1)":null},"Fecha: ":{"('0137-D-2015', 0)":"02\/03\/2015","('0137-D-2015', 1)":null},"T\u00edtulo":{"('0137-D-2015', 0)":"REGIMEN PENAL DE LA MINORIDAD (LEY 22278): MODIFICACION DE LOS ARTICULOS 1 Y 7, SOBRE EDAD PARA SER PUNIBLE (REPRODUCCION DEL EXPEDIENTE 5438-D-13).","('0137-D-2015', 1)":null},"('Firmantes', 'FIRMANTE')":{"('0137-D-2015', 0)":"BIANCHI, IVANA MARIA","('0137-D-2015', 1)":null},"('Firmantes', 'DISTRITO')":{"('0137-D-2015', 0)":"SAN LUIS","('0137-D-2015', 1)":null},"('Firmantes', 'BLOQUE')":{"('0137-D-2015', 0)":"COMPROMISO FEDERAL","('0137-D-2015', 1)":null},"('Giros', 'COMISI\u00d3N')":{"('0137-D-2015', 0)":"LEGISLACION PENAL","('0137-D-2015', 1)":"FAMILIA, MUJER, NI\u00d1EZ Y ADOLESCENCIA"},"('Tramites', 'C\u00c1MARA')":{"('0137-D-2015', 0)":"Diputados","('0137-D-2015', 1)":null},"('Tramites', 'MOVIMIENTO')":{"('0137-D-2015', 0)":"REPRODUCIDO POR EXPEDIENTE 0247-D-17","('0137-D-2015', 1)":null},"('Tramites', 'FECHA')":{"('0137-D-2015', 0)":null,"('0137-D-2015', 1)":null},"('Tramites', 'RESULTADO')":{"('0137-D-2015', 0)":null,"('0137-D-2015', 1)":null},"Sumario":{"('0137-D-2015', 0)":"MODIFICACION DE LOS ARTICULOS 1, SOBRE GARANTIAS DURANTE EL PROCESO Y 7, SOBRE LA PERDIDA DE LA PATRIA POTESTAD O LA SUSPENSION DE SU EJERCICIO, O LA PRIVACION DE LA TUTELA O GUARDA DE LOS PADRES, TUTORES O GUARDADORES DE LOS MENORES.","('0137-D-2015', 1)":null},"Palabra Clave":{"('0137-D-2015', 0)":" ","('0137-D-2015', 1)":null}}