{"Tipo de Proyecto":{"('0138-PE-2015', 0)":"MENSAJE NRO: 1213\/15","('0138-PE-2015', 1)":null},"Iniciado en: ":{"('0138-PE-2015', 0)":"Senado","('0138-PE-2015', 1)":null},"Expediente Senado: ":{"('0138-PE-2015', 0)":"0138-PE-2015","('0138-PE-2015', 1)":null},"Publicado en: ":{"('0138-PE-2015', 0)":"DAE S.A. N\u00b0 10","('0138-PE-2015', 1)":null},"Fecha: ":{"('0138-PE-2015', 0)":"30\/06\/2015","('0138-PE-2015', 1)":null},"T\u00edtulo":{"('0138-PE-2015', 0)":"SOLICITA ACUERDO PARA DESIGNAR JUEZ DE CAMARA DEL TRIBUNAL ORAL EN LO CRIMINAL FEDERAL DE CONCEPCION DEL URUGUAY, PROVINCIA DE ENTRE RIOS, AL DOCTOR JORGE SEBASTIAN GALLINO. ","('0138-PE-2015', 1)":null},"('Firmantes', 'FIRMANTE')":{"('0138-PE-2015', 0)":"FERNANDEZ DE KIRCHNER, CRISTINA","('0138-PE-2015', 1)":"ALAK, JULIO"},"('Firmantes', 'DISTRITO')":{"('0138-PE-2015', 0)":null,"('0138-PE-2015', 1)":null},"('Firmantes', 'BLOQUE')":{"('0138-PE-2015', 0)":"PODER EJECUTIVO","('0138-PE-2015', 1)":"PODER EJECUTIVO"},"('Tramites', 'C\u00c1MARA')":{"('0138-PE-2015', 0)":"Senado","('0138-PE-2015', 1)":null},"('Tramites', 'MOVIMIENTO')":{"('0138-PE-2015', 0)":"CONSIDERACION Y APROBACION","('0138-PE-2015', 1)":null},"('Tramites', 'FECHA')":{"('0138-PE-2015', 0)":"26\/08\/2015","('0138-PE-2015', 1)":null},"('Tramites', 'RESULTADO')":{"('0138-PE-2015', 0)":"APROBADO","('0138-PE-2015', 1)":null},"Palabra Clave":{"('0138-PE-2015', 0)":" ","('0138-PE-2015', 1)":null}}