{"Tipo de Proyecto":{"('0139-S-2015', 0)":"PROYECTO DE LEY","('0139-S-2015', 1)":null},"Iniciado en: ":{"('0139-S-2015', 0)":"Senado","('0139-S-2015', 1)":null},"Expediente Diputados: ":{"('0139-S-2015', 0)":"0139-S-2015","('0139-S-2015', 1)":null},"Expediente Senado: ":{"('0139-S-2015', 0)":"1267-S-2015","('0139-S-2015', 1)":null},"Publicado en: ":{"('0139-S-2015', 0)":"Diario de Asuntos Entrados N\u00b0 63","('0139-S-2015', 1)":null},"Fecha: ":{"('0139-S-2015', 0)":"20\/04\/2015","('0139-S-2015', 1)":null},"T\u00edtulo":{"('0139-S-2015', 0)":"MODIFICACION DEL ARTICULO 5 DE LA LEY 23867, ELEVANDO A TRES SALAS LA INTEGRACION DE LA CAMARA FEDERAL DE APELACIONES DE LA PROVINCIA DE SALTA.","('0139-S-2015', 1)":null},"('Firmantes', 'FIRMANTE')":{"('0139-S-2015', 0)":"BARRIONUEVO, WALTER BASILIO","('0139-S-2015', 1)":null},"('Firmantes', 'DISTRITO')":{"('0139-S-2015', 0)":"JUJUY","('0139-S-2015', 1)":null},"('Firmantes', 'BLOQUE')":{"('0139-S-2015', 0)":"FRENTE PARA LA VICTORIA - PJ","('0139-S-2015', 1)":null},"('Giros', 'COMISI\u00d3N')":{"('0139-S-2015', 0)":"JUSTICIA","('0139-S-2015', 1)":"PRESUPUESTO Y HACIENDA"},"('Tramites', 'C\u00c1MARA')":{"('0139-S-2015', 0)":"Senado","('0139-S-2015', 1)":"Diputados"},"('Tramites', 'MOVIMIENTO')":{"('0139-S-2015', 0)":"CONSIDERACION Y APROBACION","('0139-S-2015', 1)":"PASA A DIPUTADOS -"},"('Tramites', 'FECHA')":{"('0139-S-2015', 0)":"25\/11\/2015","('0139-S-2015', 1)":null},"('Tramites', 'RESULTADO')":{"('0139-S-2015', 0)":"MEDIA SANCION","('0139-S-2015', 1)":null},"Link":{"('0139-S-2015', 0)":"http:\/\/www.senado.gov.ar\/parlamentario\/comisiones\/verExp\/1267.15\/S\/PL","('0139-S-2015', 1)":null},"Palabra Clave":{"('0139-S-2015', 0)":" ","('0139-S-2015', 1)":null}}