{"Tipo de Proyecto":{"('0139-PE-2015', 0)":"MENSAJE NRO: 1214\/15","('0139-PE-2015', 1)":null},"Iniciado en: ":{"('0139-PE-2015', 0)":"Senado","('0139-PE-2015', 1)":null},"Expediente Senado: ":{"('0139-PE-2015', 0)":"0139-PE-2015","('0139-PE-2015', 1)":null},"Publicado en: ":{"('0139-PE-2015', 0)":"DAE S.A. N\u00b0 10","('0139-PE-2015', 1)":null},"Fecha: ":{"('0139-PE-2015', 0)":"30\/06\/2015","('0139-PE-2015', 1)":null},"T\u00edtulo":{"('0139-PE-2015', 0)":"SOLICITA ACUERDO PARA DESIGNAR JUEZ DEL JUZGADO FEDERAL DE PRIMERA INSTANCIA DE PASO DE LOS LIBRES, PROVINCIA DE CORRIENTES, AL DOCTOR GUSTAVO DEL CORAZON DE JESUS FRESNEDA. ","('0139-PE-2015', 1)":null},"('Firmantes', 'FIRMANTE')":{"('0139-PE-2015', 0)":"FERNANDEZ DE KIRCHNER, CRISTINA","('0139-PE-2015', 1)":"ALAK, JULIO"},"('Firmantes', 'DISTRITO')":{"('0139-PE-2015', 0)":null,"('0139-PE-2015', 1)":null},"('Firmantes', 'BLOQUE')":{"('0139-PE-2015', 0)":"PODER EJECUTIVO","('0139-PE-2015', 1)":"PODER EJECUTIVO"},"('Tramites', 'C\u00c1MARA')":{"('0139-PE-2015', 0)":"Senado","('0139-PE-2015', 1)":"Senado"},"('Tramites', 'MOVIMIENTO')":{"('0139-PE-2015', 0)":"SOLICITUD DE RETIRO DEL ACUERDO POR MENSAJE 2064\/15 (DAE SUPLEMENTO ACUERDOS 14)","('0139-PE-2015', 1)":"CONSIDERACION Y APROBACION DEL RETIRO"},"('Tramites', 'FECHA')":{"('0139-PE-2015', 0)":null,"('0139-PE-2015', 1)":"07\/10\/2015"},"('Tramites', 'RESULTADO')":{"('0139-PE-2015', 0)":null,"('0139-PE-2015', 1)":"RETIRADO"},"Palabra Clave":{"('0139-PE-2015', 0)":" ","('0139-PE-2015', 1)":null}}