{"Tipo de Proyecto":{"('0140-PE-2015', 0)":"MENSAJE NRO: 1215\/15","('0140-PE-2015', 1)":null},"Iniciado en: ":{"('0140-PE-2015', 0)":"Senado","('0140-PE-2015', 1)":null},"Expediente Senado: ":{"('0140-PE-2015', 0)":"0140-PE-2015","('0140-PE-2015', 1)":null},"Publicado en: ":{"('0140-PE-2015', 0)":"DAE S.A. N\u00b0 10","('0140-PE-2015', 1)":null},"Fecha: ":{"('0140-PE-2015', 0)":"30\/06\/2015","('0140-PE-2015', 1)":null},"T\u00edtulo":{"('0140-PE-2015', 0)":"SOLICITA ACUERDO PARA DESIGNAR DEFENSOR PUBLICO OFICIAL ANTE EL JUZGADO FEDERAL DE PRIMERA INSTANCIA N\u00ba 3 DE SAN MIGUEL DE TUCUMAN, PCIA. DE TUCUMAN, AL DOCTOR MANUEL EDUARDO BONNIN.","('0140-PE-2015', 1)":null},"('Firmantes', 'FIRMANTE')":{"('0140-PE-2015', 0)":"FERNANDEZ DE KIRCHNER, CRISTINA","('0140-PE-2015', 1)":"ALAK, JULIO"},"('Firmantes', 'DISTRITO')":{"('0140-PE-2015', 0)":null,"('0140-PE-2015', 1)":null},"('Firmantes', 'BLOQUE')":{"('0140-PE-2015', 0)":"PODER EJECUTIVO","('0140-PE-2015', 1)":"PODER EJECUTIVO"},"('Tramites', 'C\u00c1MARA')":{"('0140-PE-2015', 0)":"Senado","('0140-PE-2015', 1)":null},"('Tramites', 'MOVIMIENTO')":{"('0140-PE-2015', 0)":"CONSIDERACION Y APROBACION","('0140-PE-2015', 1)":null},"('Tramites', 'FECHA')":{"('0140-PE-2015', 0)":"26\/08\/2015","('0140-PE-2015', 1)":null},"('Tramites', 'RESULTADO')":{"('0140-PE-2015', 0)":"APROBADO","('0140-PE-2015', 1)":null},"Palabra Clave":{"('0140-PE-2015', 0)":" ","('0140-PE-2015', 1)":null}}