{"Tipo de Proyecto":{"('0141-PE-2015', 0)":"MENSAJE NRO: 1216\/15","('0141-PE-2015', 1)":null},"Iniciado en: ":{"('0141-PE-2015', 0)":"Senado","('0141-PE-2015', 1)":null},"Expediente Senado: ":{"('0141-PE-2015', 0)":"0141-PE-2015","('0141-PE-2015', 1)":null},"Publicado en: ":{"('0141-PE-2015', 0)":"DAE S.A. N\u00b0 10","('0141-PE-2015', 1)":null},"Fecha: ":{"('0141-PE-2015', 0)":"30\/06\/2015","('0141-PE-2015', 1)":null},"T\u00edtulo":{"('0141-PE-2015', 0)":"SOLICITA ACUERDO PARA DESIGNAR DEFENSORA PUBLICA OFICIAL ANTE EL JUZGADO FEDERAL DE PRIMERA INSTANCIA DE SAN RAMON DE LA NUEVA ORAN, PROVINCIA DE SALTA, A LA DOCTORA MARIA JULIETA LOUTAIF. ","('0141-PE-2015', 1)":null},"('Firmantes', 'FIRMANTE')":{"('0141-PE-2015', 0)":"FERNANDEZ DE KIRCHNER, CRISTINA","('0141-PE-2015', 1)":"ALAK, JULIO"},"('Firmantes', 'DISTRITO')":{"('0141-PE-2015', 0)":null,"('0141-PE-2015', 1)":null},"('Firmantes', 'BLOQUE')":{"('0141-PE-2015', 0)":"PODER EJECUTIVO","('0141-PE-2015', 1)":"PODER EJECUTIVO"},"('Tramites', 'C\u00c1MARA')":{"('0141-PE-2015', 0)":"Senado","('0141-PE-2015', 1)":null},"('Tramites', 'MOVIMIENTO')":{"('0141-PE-2015', 0)":"CONSIDERACION Y APROBACION","('0141-PE-2015', 1)":null},"('Tramites', 'FECHA')":{"('0141-PE-2015', 0)":"26\/08\/2015","('0141-PE-2015', 1)":null},"('Tramites', 'RESULTADO')":{"('0141-PE-2015', 0)":"APROBADO","('0141-PE-2015', 1)":null},"Palabra Clave":{"('0141-PE-2015', 0)":" ","('0141-PE-2015', 1)":null}}