{"Tipo de Proyecto":{"('0141-OV-2015', 0)":"PROYECTO DE RESOLUCI\u00d3N"},"Iniciado en: ":{"('0141-OV-2015', 0)":"Senado"},"Expediente Senado: ":{"('0141-OV-2015', 0)":"0141-OV-2015"},"Fecha: ":{"('0141-OV-2015', 0)":"17\/09\/2015"},"T\u00edtulo":{"('0141-OV-2015', 0)":"RESOLUCION REMITIDA POR LA AUDITORIA GENERAL DE LA NACION 84\/15, APROBANDO EL ESTUDIO ESPECIAL DE DEUDA PUBLICA, PERIODO 2009 A 2012."},"('Firmantes', 'FIRMANTE')":{"('0141-OV-2015', 0)":"PARLAMENTARIA MIXTA REVISORA DE CUENTAS"},"('Firmantes', 'DISTRITO')":{"('0141-OV-2015', 0)":null},"('Firmantes', 'BLOQUE')":{"('0141-OV-2015', 0)":null},"('Tramites', 'C\u00c1MARA')":{"('0141-OV-2015', 0)":"Senado"},"('Tramites', 'MOVIMIENTO')":{"('0141-OV-2015', 0)":"CONSIDERACION Y APROBACION (AL ARCHIVO)"},"('Tramites', 'FECHA')":{"('0141-OV-2015', 0)":"02\/11\/2016"},"('Tramites', 'RESULTADO')":{"('0141-OV-2015', 0)":"APROBADO"},"Sumario":{"('0141-OV-2015', 0)":"HABIENDO TOMADO CONOCIMIENTO Y SIN PERJUICIO DE ULTERIORES MEDIDAS QUE PUEDAN ADOPTARSE, SE ACONSEJA SU REMISION AL ARCHIVO."},"Palabra Clave":{"('0141-OV-2015', 0)":" "}}