{"Tipo de Proyecto":{"('0142-PE-2015', 0)":"MENSAJE NRO: 1217\/15","('0142-PE-2015', 1)":null},"Iniciado en: ":{"('0142-PE-2015', 0)":"Senado","('0142-PE-2015', 1)":null},"Expediente Senado: ":{"('0142-PE-2015', 0)":"0142-PE-2015","('0142-PE-2015', 1)":null},"Publicado en: ":{"('0142-PE-2015', 0)":"DAE S.A. N\u00b0 10","('0142-PE-2015', 1)":null},"Fecha: ":{"('0142-PE-2015', 0)":"30\/06\/2015","('0142-PE-2015', 1)":null},"T\u00edtulo":{"('0142-PE-2015', 0)":"SOLICITA ACUERDO PARA DESIGNAR DEFENSOR AUXILIAR DE LA DEFENSORIA GENERAL DE LA NACION, AL DOCTOR HERNAN JOSE SANTO ORIHUELA. ","('0142-PE-2015', 1)":null},"('Firmantes', 'FIRMANTE')":{"('0142-PE-2015', 0)":"FERNANDEZ DE KIRCHNER, CRISTINA","('0142-PE-2015', 1)":"ALAK, JULIO"},"('Firmantes', 'DISTRITO')":{"('0142-PE-2015', 0)":null,"('0142-PE-2015', 1)":null},"('Firmantes', 'BLOQUE')":{"('0142-PE-2015', 0)":"PODER EJECUTIVO","('0142-PE-2015', 1)":"PODER EJECUTIVO"},"('Tramites', 'C\u00c1MARA')":{"('0142-PE-2015', 0)":"Senado","('0142-PE-2015', 1)":null},"('Tramites', 'MOVIMIENTO')":{"('0142-PE-2015', 0)":"CONSIDERACION Y APROBACION","('0142-PE-2015', 1)":null},"('Tramites', 'FECHA')":{"('0142-PE-2015', 0)":"26\/08\/2015","('0142-PE-2015', 1)":null},"('Tramites', 'RESULTADO')":{"('0142-PE-2015', 0)":"APROBADO","('0142-PE-2015', 1)":null},"Palabra Clave":{"('0142-PE-2015', 0)":" ","('0142-PE-2015', 1)":null}}