{"Tipo de Proyecto":{"('0142-S-2015', 0)":"PROYECTO DE LEY","('0142-S-2015', 1)":null,"('0142-S-2015', 2)":null,"('0142-S-2015', 3)":null},"Iniciado en: ":{"('0142-S-2015', 0)":"Senado","('0142-S-2015', 1)":null,"('0142-S-2015', 2)":null,"('0142-S-2015', 3)":null},"Expediente Diputados: ":{"('0142-S-2015', 0)":"0142-S-2015","('0142-S-2015', 1)":null,"('0142-S-2015', 2)":null,"('0142-S-2015', 3)":null},"Expediente Senado: ":{"('0142-S-2015', 0)":"0793-S-2015","('0142-S-2015', 1)":null,"('0142-S-2015', 2)":null,"('0142-S-2015', 3)":null},"Publicado en: ":{"('0142-S-2015', 0)":"Diario de Asuntos Entrados N\u00b0 40","('0142-S-2015', 1)":null,"('0142-S-2015', 2)":null,"('0142-S-2015', 3)":null},"Fecha: ":{"('0142-S-2015', 0)":"20\/03\/2015","('0142-S-2015', 1)":null,"('0142-S-2015', 2)":null,"('0142-S-2015', 3)":null},"T\u00edtulo":{"('0142-S-2015', 0)":"DISPONER LA CONSTRUCCION DE UN PUENTE SOBRE EL RIO GRANDE, EN LA LOCALIDAD DE HIPOLITO YRIGOYEN, DEPARTAMENTO HUMAHUACA, PROVINCIA DE JUJUY,  SOBRE RUTA PROVINCIAL 13. ","('0142-S-2015', 1)":null,"('0142-S-2015', 2)":null,"('0142-S-2015', 3)":null},"('Firmantes', 'FIRMANTE')":{"('0142-S-2015', 0)":"MORALES, GERARDO RUBEN","('0142-S-2015', 1)":"ROMERO, JUAN CARLOS","('0142-S-2015', 2)":"BARRIONUEVO, WALTER BASILIO","('0142-S-2015', 3)":"URTUBEY, RODOLFO JULIO"},"('Firmantes', 'DISTRITO')":{"('0142-S-2015', 0)":"JUJUY","('0142-S-2015', 1)":"SALTA","('0142-S-2015', 2)":"JUJUY","('0142-S-2015', 3)":"SALTA"},"('Firmantes', 'BLOQUE')":{"('0142-S-2015', 0)":"UCR","('0142-S-2015', 1)":"JUSTICIALISTA 8 DE OCTUBRE","('0142-S-2015', 2)":"FRENTE PARA LA VICTORIA - PJ","('0142-S-2015', 3)":"FRENTE PARA LA VICTORIA - PJ"},"('Giros', 'COMISI\u00d3N')":{"('0142-S-2015', 0)":"TRANSPORTES","('0142-S-2015', 1)":"PRESUPUESTO Y HACIENDA","('0142-S-2015', 2)":null,"('0142-S-2015', 3)":null},"('Tramites', 'C\u00c1MARA')":{"('0142-S-2015', 0)":"Senado","('0142-S-2015', 1)":"Senado","('0142-S-2015', 2)":"Diputados","('0142-S-2015', 3)":null},"('Tramites', 'MOVIMIENTO')":{"('0142-S-2015', 0)":"MOCION DE PREFERENCIA PARA LA PROXIMA SESION CON DICTAMEN (AFIRMATIVA)","('0142-S-2015', 1)":"CONSIDERACION Y APROBACION","('0142-S-2015', 2)":"PASA A DIPUTADOS -","('0142-S-2015', 3)":null},"('Tramites', 'FECHA')":{"('0142-S-2015', 0)":"15\/04\/2015","('0142-S-2015', 1)":"25\/11\/2015","('0142-S-2015', 2)":null,"('0142-S-2015', 3)":null},"('Tramites', 'RESULTADO')":{"('0142-S-2015', 0)":null,"('0142-S-2015', 1)":"MEDIA SANCION","('0142-S-2015', 2)":null,"('0142-S-2015', 3)":null},"Link":{"('0142-S-2015', 0)":"http:\/\/www.senado.gov.ar\/parlamentario\/comisiones\/verExp\/793.15\/S\/PL","('0142-S-2015', 1)":null,"('0142-S-2015', 2)":null,"('0142-S-2015', 3)":null},"Palabra Clave":{"('0142-S-2015', 0)":" ","('0142-S-2015', 1)":null,"('0142-S-2015', 2)":null,"('0142-S-2015', 3)":null}}