{"Tipo de Proyecto":{"('0145-S-2015', 0)":"PROYECTO DE LEY","('0145-S-2015', 1)":null,"('0145-S-2015', 2)":null},"Iniciado en: ":{"('0145-S-2015', 0)":"Senado","('0145-S-2015', 1)":null,"('0145-S-2015', 2)":null},"Expediente Diputados: ":{"('0145-S-2015', 0)":"0145-S-2015","('0145-S-2015', 1)":null,"('0145-S-2015', 2)":null},"Expediente Senado: ":{"('0145-S-2015', 0)":"1778-S-2015","('0145-S-2015', 1)":null,"('0145-S-2015', 2)":null},"Publicado en: ":{"('0145-S-2015', 0)":"Diario de Asuntos Entrados N\u00b0 89","('0145-S-2015', 1)":null,"('0145-S-2015', 2)":null},"Fecha: ":{"('0145-S-2015', 0)":"26\/05\/2015","('0145-S-2015', 1)":null,"('0145-S-2015', 2)":null},"T\u00edtulo":{"('0145-S-2015', 0)":"CREACION DE LA BASE DE DATOS UNIFICADA DE PERSONAS DESAPARECIDAS.","('0145-S-2015', 1)":null,"('0145-S-2015', 2)":null},"('Firmantes', 'FIRMANTE')":{"('0145-S-2015', 0)":"CASTILLO, OSCAR ANIBAL","('0145-S-2015', 1)":null,"('0145-S-2015', 2)":null},"('Firmantes', 'DISTRITO')":{"('0145-S-2015', 0)":"CATAMARCA","('0145-S-2015', 1)":null,"('0145-S-2015', 2)":null},"('Firmantes', 'BLOQUE')":{"('0145-S-2015', 0)":"FRENTE CIVICO Y SOCIAL DE CATAMARCA","('0145-S-2015', 1)":null,"('0145-S-2015', 2)":null},"('Giros', 'COMISI\u00d3N')":{"('0145-S-2015', 0)":"DERECHOS HUMANOS Y GARANTIAS","('0145-S-2015', 1)":"SEGURIDAD INTERIOR","('0145-S-2015', 2)":"PRESUPUESTO Y HACIENDA"},"('Tramites', 'C\u00c1MARA')":{"('0145-S-2015', 0)":"Senado","('0145-S-2015', 1)":"Diputados","('0145-S-2015', 2)":null},"('Tramites', 'MOVIMIENTO')":{"('0145-S-2015', 0)":"CONSIDERACION Y APROBACION","('0145-S-2015', 1)":"PASA A DIPUTADOS -","('0145-S-2015', 2)":null},"('Tramites', 'FECHA')":{"('0145-S-2015', 0)":"25\/11\/2015","('0145-S-2015', 1)":null,"('0145-S-2015', 2)":null},"('Tramites', 'RESULTADO')":{"('0145-S-2015', 0)":"MEDIA SANCION","('0145-S-2015', 1)":null,"('0145-S-2015', 2)":null},"Sumario":{"('0145-S-2015', 0)":"MODIFICACION DEL ARTICULO 2 DE LA LEY 24625.","('0145-S-2015', 1)":null,"('0145-S-2015', 2)":null},"Palabra Clave":{"('0145-S-2015', 0)":" ","('0145-S-2015', 1)":null,"('0145-S-2015', 2)":null}}