{"Tipo de Proyecto":{"('0146-OV-2015', 0)":"PROYECTO DE RESOLUCI\u00d3N"},"Iniciado en: ":{"('0146-OV-2015', 0)":"Senado"},"Expediente Senado: ":{"('0146-OV-2015', 0)":"0146-OV-2015"},"Fecha: ":{"('0146-OV-2015', 0)":"17\/09\/2015"},"T\u00edtulo":{"('0146-OV-2015', 0)":"RESOLUCION REMITIDA POR LA AUDITORIA GENERAL DE LA NACION 88\/15, TOMANDO CONOCIMIENTO DE LAS CERTIFICACIONES DE LAS TRANSFERENCIAS DE FONDOS DEL ESTADO NACIONAL A AEROLINEAS ARGENTINAS S.A., APROBADAS POR RESOLUCIONES 95\/14, 514\/14, 943\/14 Y 1243\/14 DE LA SECRETARIA DE TRANSPORTE."},"('Firmantes', 'FIRMANTE')":{"('0146-OV-2015', 0)":"PARLAMENTARIA MIXTA REVISORA DE CUENTAS"},"('Firmantes', 'DISTRITO')":{"('0146-OV-2015', 0)":null},"('Firmantes', 'BLOQUE')":{"('0146-OV-2015', 0)":null},"('Tramites', 'C\u00c1MARA')":{"('0146-OV-2015', 0)":"Senado"},"('Tramites', 'MOVIMIENTO')":{"('0146-OV-2015', 0)":"CONSIDERACION Y APROBACION (AL ARCHIVO)"},"('Tramites', 'FECHA')":{"('0146-OV-2015', 0)":"02\/11\/2016"},"('Tramites', 'RESULTADO')":{"('0146-OV-2015', 0)":"APROBADO"},"Sumario":{"('0146-OV-2015', 0)":"HABIENDO TOMADO CONOCIMIENTO Y SIN PERJUICIO DE ULTERIORES MEDIDAS QUE PUEDAN ADOPTARSE, SE ACONSEJA SU REMISION AL ARCHIVO."},"Palabra Clave":{"('0146-OV-2015', 0)":" "}}