{"Tipo de Proyecto":{"('0147-PE-2015', 0)":"MENSAJE NRO: 1319\/15","('0147-PE-2015', 1)":null},"Iniciado en: ":{"('0147-PE-2015', 0)":"Senado","('0147-PE-2015', 1)":null},"Expediente Senado: ":{"('0147-PE-2015', 0)":"0147-PE-2015","('0147-PE-2015', 1)":null},"Publicado en: ":{"('0147-PE-2015', 0)":"DAE S.A. N\u00b0 11","('0147-PE-2015', 1)":null},"Fecha: ":{"('0147-PE-2015', 0)":"06\/07\/2015","('0147-PE-2015', 1)":null},"T\u00edtulo":{"('0147-PE-2015', 0)":"SOLICITA ACUERDO PARA DESIGNAR JUEZA DE CAMARA DEL TRIBUNAL ORAL EN LO CRIMINAL FEDERAL N\u00ba 8 DE LA CAPITAL FEDERAL, A LA DOCTORA MARIA GABRIELA LOPEZ I\u00d1IGUEZ. ","('0147-PE-2015', 1)":null},"('Firmantes', 'FIRMANTE')":{"('0147-PE-2015', 0)":"FERNANDEZ DE KIRCHNER, CRISTINA","('0147-PE-2015', 1)":"ALAK, JULIO"},"('Firmantes', 'DISTRITO')":{"('0147-PE-2015', 0)":null,"('0147-PE-2015', 1)":null},"('Firmantes', 'BLOQUE')":{"('0147-PE-2015', 0)":"PODER EJECUTIVO","('0147-PE-2015', 1)":"PODER EJECUTIVO"},"('Tramites', 'C\u00c1MARA')":{"('0147-PE-2015', 0)":"Senado","('0147-PE-2015', 1)":"Senado"},"('Tramites', 'MOVIMIENTO')":{"('0147-PE-2015', 0)":"MOCION SOBRE TABLAS (AFIRMATIVA)","('0147-PE-2015', 1)":"CONSIDERACION Y APROBACION"},"('Tramites', 'FECHA')":{"('0147-PE-2015', 0)":"16\/09\/2015","('0147-PE-2015', 1)":"16\/09\/2015"},"('Tramites', 'RESULTADO')":{"('0147-PE-2015', 0)":null,"('0147-PE-2015', 1)":"APROBADO"},"Palabra Clave":{"('0147-PE-2015', 0)":" ","('0147-PE-2015', 1)":null}}