{"Tipo de Proyecto":{"('0148-D-2015', 0)":"PROYECTO DE RESOLUCI\u00d3N"},"Iniciado en: ":{"('0148-D-2015', 0)":"Diputados"},"Expediente Diputados: ":{"('0148-D-2015', 0)":"0148-D-2015"},"Publicado en: ":{"('0148-D-2015', 0)":"Tr\u00e1mite Parlamentario N\u00b0 2"},"Fecha: ":{"('0148-D-2015', 0)":"03\/03\/2015"},"T\u00edtulo":{"('0148-D-2015', 0)":"SOLICITAR AL PODER EJECUTIVO DISPONGA INSTRUMENTAR LA ACREDITACION DEL 100% -CIEN POR CIENTO- DEL IMPORTE CORRESPONDIENTE A LO COBRADO POR EL IMPUESTO AL VALOR AGREGADO EN LA CUENTA BANCARIA VINCULADA A LA TARJETA DE DEBITO UTILIZADA POR JUBILADOS Y PENSIONADOS PARA EL COBRO DE SUS BENEFICIOS MENSUALES, POR LAS COMPRAS REALIZADAS POR AQUELLOS QUE PERCIBAN LA RETRIBUCION MINIMA. "},"('Firmantes', 'FIRMANTE')":{"('0148-D-2015', 0)":"LINARES, MARIA VIRGINIA"},"('Firmantes', 'DISTRITO')":{"('0148-D-2015', 0)":"BUENOS AIRES"},"('Firmantes', 'BLOQUE')":{"('0148-D-2015', 0)":"GEN"},"('Giros', 'COMISI\u00d3N')":{"('0148-D-2015', 0)":"PRESUPUESTO Y HACIENDA"},"Link":{"('0148-D-2015', 0)":"https:\/\/www.hcdn.gob.ar\/proyectos\/textoCompleto.jsp?exp=0148-D-2015&tipo=RESOLUCION"},"Palabra Clave":{"('0148-D-2015', 0)":" "}}