{"Tipo de Proyecto":{"('0148-S-2015', 0)":"PROYECTO DE LEY","('0148-S-2015', 1)":null,"('0148-S-2015', 2)":null,"('0148-S-2015', 3)":null,"('0148-S-2015', 4)":null,"('0148-S-2015', 5)":null,"('0148-S-2015', 6)":null,"('0148-S-2015', 7)":null,"('0148-S-2015', 8)":null,"('0148-S-2015', 9)":null},"Iniciado en: ":{"('0148-S-2015', 0)":"Senado","('0148-S-2015', 1)":null,"('0148-S-2015', 2)":null,"('0148-S-2015', 3)":null,"('0148-S-2015', 4)":null,"('0148-S-2015', 5)":null,"('0148-S-2015', 6)":null,"('0148-S-2015', 7)":null,"('0148-S-2015', 8)":null,"('0148-S-2015', 9)":null},"Expediente Diputados: ":{"('0148-S-2015', 0)":"0148-S-2015","('0148-S-2015', 1)":null,"('0148-S-2015', 2)":null,"('0148-S-2015', 3)":null,"('0148-S-2015', 4)":null,"('0148-S-2015', 5)":null,"('0148-S-2015', 6)":null,"('0148-S-2015', 7)":null,"('0148-S-2015', 8)":null,"('0148-S-2015', 9)":null},"Expediente Senado: ":{"('0148-S-2015', 0)":"0320-S-2015","('0148-S-2015', 1)":null,"('0148-S-2015', 2)":null,"('0148-S-2015', 3)":null,"('0148-S-2015', 4)":null,"('0148-S-2015', 5)":null,"('0148-S-2015', 6)":null,"('0148-S-2015', 7)":null,"('0148-S-2015', 8)":null,"('0148-S-2015', 9)":null},"Publicado en: ":{"('0148-S-2015', 0)":"Diario de Asuntos Entrados N\u00b0 16","('0148-S-2015', 1)":null,"('0148-S-2015', 2)":null,"('0148-S-2015', 3)":null,"('0148-S-2015', 4)":null,"('0148-S-2015', 5)":null,"('0148-S-2015', 6)":null,"('0148-S-2015', 7)":null,"('0148-S-2015', 8)":null,"('0148-S-2015', 9)":null},"Fecha: ":{"('0148-S-2015', 0)":"05\/03\/2015","('0148-S-2015', 1)":null,"('0148-S-2015', 2)":null,"('0148-S-2015', 3)":null,"('0148-S-2015', 4)":null,"('0148-S-2015', 5)":null,"('0148-S-2015', 6)":null,"('0148-S-2015', 7)":null,"('0148-S-2015', 8)":null,"('0148-S-2015', 9)":null},"T\u00edtulo":{"('0148-S-2015', 0)":"MODIFICACION DEL CAPITULO IV DE LA LEY 26815 (MANEJO DEL FUEGO), ESTABLECIENDO QUE EN CASO DE INCENDIOS DE SUPERFICIES DE BOSQUES NATIVOS O IMPLANTADOS, NO PODRAN REALIZARSE MODIFICACIONES EN EL USO Y DESTINO QUE LOS MISMOS POSEIAN CON ANTERIORIDAD A DICHO EVENTO DURANTE EL TIEMPO QUE INSUMA SU RECUPERACION FORESTAL.","('0148-S-2015', 1)":null,"('0148-S-2015', 2)":null,"('0148-S-2015', 3)":null,"('0148-S-2015', 4)":null,"('0148-S-2015', 5)":null,"('0148-S-2015', 6)":null,"('0148-S-2015', 7)":null,"('0148-S-2015', 8)":null,"('0148-S-2015', 9)":null},"('Firmantes', 'FIRMANTE')":{"('0148-S-2015', 0)":"ODARDA, MARIA MAGDALENA","('0148-S-2015', 1)":null,"('0148-S-2015', 2)":null,"('0148-S-2015', 3)":null,"('0148-S-2015', 4)":null,"('0148-S-2015', 5)":null,"('0148-S-2015', 6)":null,"('0148-S-2015', 7)":null,"('0148-S-2015', 8)":null,"('0148-S-2015', 9)":null},"('Firmantes', 'DISTRITO')":{"('0148-S-2015', 0)":"RIO NEGRO","('0148-S-2015', 1)":null,"('0148-S-2015', 2)":null,"('0148-S-2015', 3)":null,"('0148-S-2015', 4)":null,"('0148-S-2015', 5)":null,"('0148-S-2015', 6)":null,"('0148-S-2015', 7)":null,"('0148-S-2015', 8)":null,"('0148-S-2015', 9)":null},"('Firmantes', 'BLOQUE')":{"('0148-S-2015', 0)":"FRENTE PROGRESISTA - CCARI","('0148-S-2015', 1)":null,"('0148-S-2015', 2)":null,"('0148-S-2015', 3)":null,"('0148-S-2015', 4)":null,"('0148-S-2015', 5)":null,"('0148-S-2015', 6)":null,"('0148-S-2015', 7)":null,"('0148-S-2015', 8)":null,"('0148-S-2015', 9)":null},"('Giros', 'COMISI\u00d3N')":{"('0148-S-2015', 0)":"RECURSOS NATURALES Y CONSERVACION DEL AMBIENTE HUMANO","('0148-S-2015', 1)":null,"('0148-S-2015', 2)":null,"('0148-S-2015', 3)":null,"('0148-S-2015', 4)":null,"('0148-S-2015', 5)":null,"('0148-S-2015', 6)":null,"('0148-S-2015', 7)":null,"('0148-S-2015', 8)":null,"('0148-S-2015', 9)":null},"('Tramites', 'C\u00c1MARA')":{"('0148-S-2015', 0)":"Senado","('0148-S-2015', 1)":"Senado","('0148-S-2015', 2)":"Diputados","('0148-S-2015', 3)":"Diputados","('0148-S-2015', 4)":"Diputados","('0148-S-2015', 5)":"Diputados","('0148-S-2015', 6)":"Senado","('0148-S-2015', 7)":"Senado","('0148-S-2015', 8)":"Senado","('0148-S-2015', 9)":"Senado"},"('Tramites', 'MOVIMIENTO')":{"('0148-S-2015', 0)":"COMUNICACION DEL AUTOR DE ERROR MATERIAL EN EL PROYECTO","('0148-S-2015', 1)":"CONSIDERACION Y APROBACION","('0148-S-2015', 2)":"PASA A DIPUTADOS -","('0148-S-2015', 3)":"CITACION SESION ESPECIAL","('0148-S-2015', 4)":"CONSIDERACION Y APROBACION","('0148-S-2015', 5)":"INSERCIONES","('0148-S-2015', 6)":"VUELVE A SENADO -","('0148-S-2015', 7)":"MOCION DE PREFERENCIA PARA LA PROXIMA SESION CON DICTAMEN (AFIRMATIVA)","('0148-S-2015', 8)":"CITACION SESION ESPECIAL","('0148-S-2015', 9)":"CONSIDERACION Y SANCION"},"('Tramites', 'FECHA')":{"('0148-S-2015', 0)":null,"('0148-S-2015', 1)":"25\/11\/2015","('0148-S-2015', 2)":null,"('0148-S-2015', 3)":"23\/11\/2016","('0148-S-2015', 4)":"23\/11\/2016","('0148-S-2015', 5)":"23\/11\/2016","('0148-S-2015', 6)":null,"('0148-S-2015', 7)":"29\/03\/2017","('0148-S-2015', 8)":"26\/04\/2017","('0148-S-2015', 9)":"26\/04\/2017"},"('Tramites', 'RESULTADO')":{"('0148-S-2015', 0)":null,"('0148-S-2015', 1)":"MEDIA SANCION","('0148-S-2015', 2)":null,"('0148-S-2015', 3)":null,"('0148-S-2015', 4)":"MEDIA SANCION","('0148-S-2015', 5)":null,"('0148-S-2015', 6)":null,"('0148-S-2015', 7)":null,"('0148-S-2015', 8)":null,"('0148-S-2015', 9)":"SANCIONADO"},"Link":{"('0148-S-2015', 0)":"http:\/\/www.senado.gov.ar\/parlamentario\/comisiones\/verExp\/320.15\/S\/PL","('0148-S-2015', 1)":null,"('0148-S-2015', 2)":null,"('0148-S-2015', 3)":null,"('0148-S-2015', 4)":null,"('0148-S-2015', 5)":null,"('0148-S-2015', 6)":null,"('0148-S-2015', 7)":null,"('0148-S-2015', 8)":null,"('0148-S-2015', 9)":null},"Palabra Clave":{"('0148-S-2015', 0)":" ","('0148-S-2015', 1)":null,"('0148-S-2015', 2)":null,"('0148-S-2015', 3)":null,"('0148-S-2015', 4)":null,"('0148-S-2015', 5)":null,"('0148-S-2015', 6)":null,"('0148-S-2015', 7)":null,"('0148-S-2015', 8)":null,"('0148-S-2015', 9)":null}}