{"Tipo de Proyecto":{"('0149-PE-2015', 0)":"MENSAJE NRO: 1313\/15","('0149-PE-2015', 1)":null},"Iniciado en: ":{"('0149-PE-2015', 0)":"Senado","('0149-PE-2015', 1)":null},"Expediente Senado: ":{"('0149-PE-2015', 0)":"0149-PE-2015","('0149-PE-2015', 1)":null},"Publicado en: ":{"('0149-PE-2015', 0)":"DAE S.A. N\u00b0 11","('0149-PE-2015', 1)":null},"Fecha: ":{"('0149-PE-2015', 0)":"06\/07\/2015","('0149-PE-2015', 1)":null},"T\u00edtulo":{"('0149-PE-2015', 0)":"SOLICITA ACUERDO PARA DESIGNAR DIRECTOR GENERAL DE LA AGENCIA FEDERAL DE INTELIGENCIA, AL DOCTOR  OSCAR ISIDRO JOSE PARRILLI. ","('0149-PE-2015', 1)":null},"('Firmantes', 'FIRMANTE')":{"('0149-PE-2015', 0)":"FERNANDEZ DE KIRCHNER, CRISTINA","('0149-PE-2015', 1)":"FERNANDEZ, ANIBAL"},"('Firmantes', 'DISTRITO')":{"('0149-PE-2015', 0)":null,"('0149-PE-2015', 1)":null},"('Firmantes', 'BLOQUE')":{"('0149-PE-2015', 0)":"PODER EJECUTIVO","('0149-PE-2015', 1)":"PODER EJECUTIVO"},"('Tramites', 'C\u00c1MARA')":{"('0149-PE-2015', 0)":"Senado","('0149-PE-2015', 1)":null},"('Tramites', 'MOVIMIENTO')":{"('0149-PE-2015', 0)":"CONSIDERACION Y APROBACION","('0149-PE-2015', 1)":null},"('Tramites', 'FECHA')":{"('0149-PE-2015', 0)":"26\/08\/2015","('0149-PE-2015', 1)":null},"('Tramites', 'RESULTADO')":{"('0149-PE-2015', 0)":"APROBADO","('0149-PE-2015', 1)":null},"Palabra Clave":{"('0149-PE-2015', 0)":" ","('0149-PE-2015', 1)":null}}