{"Tipo de Proyecto":{"('0149-D-2015', 0)":"PROYECTO DE RESOLUCI\u00d3N"},"Iniciado en: ":{"('0149-D-2015', 0)":"Diputados"},"Expediente Diputados: ":{"('0149-D-2015', 0)":"0149-D-2015"},"Publicado en: ":{"('0149-D-2015', 0)":"Tr\u00e1mite Parlamentario N\u00b0 2"},"Fecha: ":{"('0149-D-2015', 0)":"03\/03\/2015"},"T\u00edtulo":{"('0149-D-2015', 0)":"PEDIDO DE INFORMES AL PODER EJECUTIVO SOBRE DIVERSAS CUESTIONES VINCULADAS A LA IMPLEMENTACION DEL PROGRAMA \" JOVENES CON MAS Y MEJOR TRABAJO\". "},"('Firmantes', 'FIRMANTE')":{"('0149-D-2015', 0)":"LINARES, MARIA VIRGINIA"},"('Firmantes', 'DISTRITO')":{"('0149-D-2015', 0)":"BUENOS AIRES"},"('Firmantes', 'BLOQUE')":{"('0149-D-2015', 0)":"GEN"},"('Giros', 'COMISI\u00d3N')":{"('0149-D-2015', 0)":"LEGISLACION DEL TRABAJO"},"Link":{"('0149-D-2015', 0)":"https:\/\/www.hcdn.gob.ar\/proyectos\/textoCompleto.jsp?exp=0149-D-2015&tipo=RESOLUCION"},"Palabra Clave":{"('0149-D-2015', 0)":" "}}