{"Tipo de Proyecto":{"('0150-PE-2015', 0)":"MENSAJE NRO: 1314\/15","('0150-PE-2015', 1)":null},"Iniciado en: ":{"('0150-PE-2015', 0)":"Senado","('0150-PE-2015', 1)":null},"Expediente Senado: ":{"('0150-PE-2015', 0)":"0150-PE-2015","('0150-PE-2015', 1)":null},"Publicado en: ":{"('0150-PE-2015', 0)":"DAE S.A. N\u00b0 11","('0150-PE-2015', 1)":null},"Fecha: ":{"('0150-PE-2015', 0)":"06\/07\/2015","('0150-PE-2015', 1)":null},"T\u00edtulo":{"('0150-PE-2015', 0)":"SOLICITA ACUERDO PARA DESIGNAR SUBDIRECTOR GENERAL DE LA AGENCIA FEDERAL DE INTELIGENCIA, AL DOCTOR JUAN MARTIN MENA. ","('0150-PE-2015', 1)":null},"('Firmantes', 'FIRMANTE')":{"('0150-PE-2015', 0)":"FERNANDEZ DE KIRCHNER, CRISTINA","('0150-PE-2015', 1)":"FERNANDEZ, ANIBAL"},"('Firmantes', 'DISTRITO')":{"('0150-PE-2015', 0)":null,"('0150-PE-2015', 1)":null},"('Firmantes', 'BLOQUE')":{"('0150-PE-2015', 0)":"PODER EJECUTIVO","('0150-PE-2015', 1)":"PODER EJECUTIVO"},"('Tramites', 'C\u00c1MARA')":{"('0150-PE-2015', 0)":"Senado","('0150-PE-2015', 1)":null},"('Tramites', 'MOVIMIENTO')":{"('0150-PE-2015', 0)":"CONSIDERACION Y APROBACION","('0150-PE-2015', 1)":null},"('Tramites', 'FECHA')":{"('0150-PE-2015', 0)":"26\/08\/2015","('0150-PE-2015', 1)":null},"('Tramites', 'RESULTADO')":{"('0150-PE-2015', 0)":"APROBADO","('0150-PE-2015', 1)":null},"Palabra Clave":{"('0150-PE-2015', 0)":" ","('0150-PE-2015', 1)":null}}