{"Tipo de Proyecto":{"('0151-D-2015', 0)":"PROYECTO DE LEY","('0151-D-2015', 1)":null,"('0151-D-2015', 2)":null},"Iniciado en: ":{"('0151-D-2015', 0)":"Diputados","('0151-D-2015', 1)":null,"('0151-D-2015', 2)":null},"Expediente Diputados: ":{"('0151-D-2015', 0)":"0151-D-2015","('0151-D-2015', 1)":null,"('0151-D-2015', 2)":null},"Publicado en: ":{"('0151-D-2015', 0)":"Tr\u00e1mite Parlamentario N\u00b0 2","('0151-D-2015', 1)":null,"('0151-D-2015', 2)":null},"Fecha: ":{"('0151-D-2015', 0)":"03\/03\/2015","('0151-D-2015', 1)":null,"('0151-D-2015', 2)":null},"T\u00edtulo":{"('0151-D-2015', 0)":"COMISION PARA LA REFORMA DEL SISTEMA INTEGRADO PREVISIONAL ARGENTINO. CREACION EN EL AMBITO DEL H. CONGRESO.","('0151-D-2015', 1)":null,"('0151-D-2015', 2)":null},"('Firmantes', 'FIRMANTE')":{"('0151-D-2015', 0)":"TERADA, ALICIA","('0151-D-2015', 1)":"CARRIO, ELISA MARIA AVELINA","('0151-D-2015', 2)":null},"('Firmantes', 'DISTRITO')":{"('0151-D-2015', 0)":"CHACO","('0151-D-2015', 1)":"CIUDAD de BUENOS AIRES","('0151-D-2015', 2)":null},"('Firmantes', 'BLOQUE')":{"('0151-D-2015', 0)":"COALICION CIVICA ARI - UNEN","('0151-D-2015', 1)":"COALICION CIVICA ARI - UNEN","('0151-D-2015', 2)":null},"('Giros', 'COMISI\u00d3N')":{"('0151-D-2015', 0)":"PETICIONES, PODERES Y REGLAMENTO","('0151-D-2015', 1)":"PREVISION Y SEGURIDAD SOCIAL","('0151-D-2015', 2)":"PRESUPUESTO Y HACIENDA"},"Sumario":{"('0151-D-2015', 0)":"OBJETO: ANALISIS, REVISION, MODIFICACION, ACTUALIZACION Y UNIFICACION DE LA NORMATIVA PREVISIONAL Y DE LA SEGURIDAD SOCIAL VIGENTE; INTEGRACION; OBSERVADORES INFORMANTES; FACULTADES DE LA COMISION; AUTORIDADES; PLAZO PARA LA ELABORACION DEL PROYECTO DE LEY DE REFORMA DEL SISTEMA INTEGRADO PREVISIONAL ARGENTINO.","('0151-D-2015', 1)":null,"('0151-D-2015', 2)":null},"Palabra Clave":{"('0151-D-2015', 0)":" ","('0151-D-2015', 1)":null,"('0151-D-2015', 2)":null}}