{"Tipo de Proyecto":{"('0152-D-2015', 0)":"PROYECTO DE LEY","('0152-D-2015', 1)":null,"('0152-D-2015', 2)":null},"Iniciado en: ":{"('0152-D-2015', 0)":"Diputados","('0152-D-2015', 1)":null,"('0152-D-2015', 2)":null},"Expediente Diputados: ":{"('0152-D-2015', 0)":"0152-D-2015","('0152-D-2015', 1)":null,"('0152-D-2015', 2)":null},"Publicado en: ":{"('0152-D-2015', 0)":"Tr\u00e1mite Parlamentario N\u00b0 2","('0152-D-2015', 1)":null,"('0152-D-2015', 2)":null},"Fecha: ":{"('0152-D-2015', 0)":"03\/03\/2015","('0152-D-2015', 1)":null,"('0152-D-2015', 2)":null},"T\u00edtulo":{"('0152-D-2015', 0)":"REGIMEN PREVISIONAL PARA EL PERSONAL DOCENTE - LEY 24016 -. SE RATIFICA SU VIGENCIA Y APLICABILIDAD.","('0152-D-2015', 1)":null,"('0152-D-2015', 2)":null},"('Firmantes', 'FIRMANTE')":{"('0152-D-2015', 0)":"TERADA, ALICIA","('0152-D-2015', 1)":"CARRIO, ELISA MARIA AVELINA","('0152-D-2015', 2)":null},"('Firmantes', 'DISTRITO')":{"('0152-D-2015', 0)":"CHACO","('0152-D-2015', 1)":"CIUDAD de BUENOS AIRES","('0152-D-2015', 2)":null},"('Firmantes', 'BLOQUE')":{"('0152-D-2015', 0)":"COALICION CIVICA ARI - UNEN","('0152-D-2015', 1)":"COALICION CIVICA ARI - UNEN","('0152-D-2015', 2)":null},"('Giros', 'COMISI\u00d3N')":{"('0152-D-2015', 0)":"PREVISION Y SEGURIDAD SOCIAL","('0152-D-2015', 1)":"EDUCACION","('0152-D-2015', 2)":"PRESUPUESTO Y HACIENDA"},"Sumario":{"('0152-D-2015', 0)":"DEROGACION DEL ARTICULO 1 DEL DECRETO 78\/94; ACTUALIZACION DE LAS PRESTACIONES PREVISIONALES OTORGADAS POR LEY 23895, LEY 24016, DECRETO 137\/05 Y RESOLUCION DE LA SECRETARIA DE SEGURIDAD SOCIAL 14\/09;  EXCEPCION DE APLICABILIDAD DEL ARTICULO 9.","('0152-D-2015', 1)":null,"('0152-D-2015', 2)":null},"Palabra Clave":{"('0152-D-2015', 0)":" ","('0152-D-2015', 1)":null,"('0152-D-2015', 2)":null}}