{"Tipo de Proyecto":{"('0153-D-2015', 0)":"PROYECTO DE LEY","('0153-D-2015', 1)":null},"Iniciado en: ":{"('0153-D-2015', 0)":"Diputados","('0153-D-2015', 1)":null},"Expediente Diputados: ":{"('0153-D-2015', 0)":"0153-D-2015","('0153-D-2015', 1)":null},"Publicado en: ":{"('0153-D-2015', 0)":"Tr\u00e1mite Parlamentario N\u00b0 2","('0153-D-2015', 1)":null},"Fecha: ":{"('0153-D-2015', 0)":"03\/03\/2015","('0153-D-2015', 1)":null},"T\u00edtulo":{"('0153-D-2015', 0)":"CREACION DE LA PRESTACION ANTICIPADA DE JUBILACION POR DESEMPLEO.","('0153-D-2015', 1)":null},"('Firmantes', 'FIRMANTE')":{"('0153-D-2015', 0)":"TERADA, ALICIA","('0153-D-2015', 1)":"CARRIO, ELISA MARIA AVELINA"},"('Firmantes', 'DISTRITO')":{"('0153-D-2015', 0)":"CHACO","('0153-D-2015', 1)":"CIUDAD de BUENOS AIRES"},"('Firmantes', 'BLOQUE')":{"('0153-D-2015', 0)":"COALICION CIVICA ARI - UNEN","('0153-D-2015', 1)":"COALICION CIVICA ARI - UNEN"},"('Giros', 'COMISI\u00d3N')":{"('0153-D-2015', 0)":"PREVISION Y SEGURIDAD SOCIAL","('0153-D-2015', 1)":"PRESUPUESTO Y HACIENDA"},"Sumario":{"('0153-D-2015', 0)":"REQUISITOS: EDAD (55 A\u00d1OS PARA LAS MUJERES Y 60 A\u00d1OS PARA LOS HOMBRES), UN A\u00d1O DE DESEMPLEO Y 30 A\u00d1OS DE APORTES; HABERES; INCOMPATIBILIDADES; CONVERSION A JUBILACION.","('0153-D-2015', 1)":null},"Palabra Clave":{"('0153-D-2015', 0)":" ","('0153-D-2015', 1)":null}}