{"Tipo de Proyecto":{"('0153-S-2015', 0)":"PROYECTO DE LEY","('0153-S-2015', 1)":null},"Iniciado en: ":{"('0153-S-2015', 0)":"Senado","('0153-S-2015', 1)":null},"Expediente Diputados: ":{"('0153-S-2015', 0)":"0153-S-2015","('0153-S-2015', 1)":null},"Expediente Senado: ":{"('0153-S-2015', 0)":"2061-S-2015","('0153-S-2015', 1)":null},"Publicado en: ":{"('0153-S-2015', 0)":"Diario de Asuntos Entrados N\u00b0 103","('0153-S-2015', 1)":null},"Fecha: ":{"('0153-S-2015', 0)":"25\/06\/2015","('0153-S-2015', 1)":null},"T\u00edtulo":{"('0153-S-2015', 0)":"CREAR UNA SECRETARIA PENAL EN EL JUZGADO FEDERAL DE PRIMERA INSTANCIA DE ELDORADO, PROVINCIA DE MISIONES. ","('0153-S-2015', 1)":null},"('Firmantes', 'FIRMANTE')":{"('0153-S-2015', 0)":"IRRAZABAL, JUAN MANUEL","('0153-S-2015', 1)":null},"('Firmantes', 'DISTRITO')":{"('0153-S-2015', 0)":"MISIONES","('0153-S-2015', 1)":null},"('Firmantes', 'BLOQUE')":{"('0153-S-2015', 0)":"FRENTE PARA LA VICTORIA - PJ","('0153-S-2015', 1)":null},"('Giros', 'COMISI\u00d3N')":{"('0153-S-2015', 0)":"JUSTICIA","('0153-S-2015', 1)":"PRESUPUESTO Y HACIENDA"},"('Tramites', 'C\u00c1MARA')":{"('0153-S-2015', 0)":"Senado","('0153-S-2015', 1)":"Diputados"},"('Tramites', 'MOVIMIENTO')":{"('0153-S-2015', 0)":"CONSIDERACION Y APROBACION CON MODIFICACIONES","('0153-S-2015', 1)":"PASA A DIPUTADOS -"},"('Tramites', 'FECHA')":{"('0153-S-2015', 0)":"25\/11\/2015","('0153-S-2015', 1)":null},"('Tramites', 'RESULTADO')":{"('0153-S-2015', 0)":"MEDIA SANCION","('0153-S-2015', 1)":null},"Link":{"('0153-S-2015', 0)":"http:\/\/www.senado.gov.ar\/parlamentario\/comisiones\/verExp\/2061.15\/S\/PL","('0153-S-2015', 1)":null},"Palabra Clave":{"('0153-S-2015', 0)":" ","('0153-S-2015', 1)":null}}