{"Tipo de Proyecto":{"('0154-D-2015', 0)":"PROYECTO DE LEY","('0154-D-2015', 1)":null,"('0154-D-2015', 2)":null},"Iniciado en: ":{"('0154-D-2015', 0)":"Diputados","('0154-D-2015', 1)":null,"('0154-D-2015', 2)":null},"Expediente Diputados: ":{"('0154-D-2015', 0)":"0154-D-2015","('0154-D-2015', 1)":null,"('0154-D-2015', 2)":null},"Publicado en: ":{"('0154-D-2015', 0)":"Tr\u00e1mite Parlamentario N\u00b0 2","('0154-D-2015', 1)":null,"('0154-D-2015', 2)":null},"Fecha: ":{"('0154-D-2015', 0)":"03\/03\/2015","('0154-D-2015', 1)":null,"('0154-D-2015', 2)":null},"T\u00edtulo":{"('0154-D-2015', 0)":"DEFENSOR DEL PUEBLO ADJUNTO PARA LA TERCERA EDAD. CREACION EN EL AMBITO DE LA DEFENSORIA DEL PUEBLO DE LA NACION.","('0154-D-2015', 1)":null,"('0154-D-2015', 2)":null},"('Firmantes', 'FIRMANTE')":{"('0154-D-2015', 0)":"TERADA, ALICIA","('0154-D-2015', 1)":"CARRIO, ELISA MARIA AVELINA","('0154-D-2015', 2)":null},"('Firmantes', 'DISTRITO')":{"('0154-D-2015', 0)":"CHACO","('0154-D-2015', 1)":"CIUDAD de BUENOS AIRES","('0154-D-2015', 2)":null},"('Firmantes', 'BLOQUE')":{"('0154-D-2015', 0)":"COALICION CIVICA ARI - UNEN","('0154-D-2015', 1)":"COALICION CIVICA ARI - UNEN","('0154-D-2015', 2)":null},"('Giros', 'COMISI\u00d3N')":{"('0154-D-2015', 0)":"ASUNTOS CONSTITUCIONALES","('0154-D-2015', 1)":"DE LAS PERSONAS MAYORES","('0154-D-2015', 2)":"PRESUPUESTO Y HACIENDA"},"Sumario":{"('0154-D-2015', 0)":"OBJETIVOS; INCORPORACION DE ARTICULOS 13 BIS (MISION Y FUNCIONES), 13 TER (REQUISITOS) Y 29 BIS (INFORMES) A LA LEY 24284; INCORPORACION DE TERCER PARRAFO AL ARTICULO 33 (NECESIDADES Y PERSONAL NECESARIO) DE LA LEY 24284.","('0154-D-2015', 1)":null,"('0154-D-2015', 2)":null},"Palabra Clave":{"('0154-D-2015', 0)":" ","('0154-D-2015', 1)":null,"('0154-D-2015', 2)":null}}