{"Tipo de Proyecto":{"('0157-D-2015', 0)":"PROYECTO DE LEY","('0157-D-2015', 1)":null},"Iniciado en: ":{"('0157-D-2015', 0)":"Diputados","('0157-D-2015', 1)":null},"Expediente Diputados: ":{"('0157-D-2015', 0)":"0157-D-2015","('0157-D-2015', 1)":null},"Publicado en: ":{"('0157-D-2015', 0)":"Tr\u00e1mite Parlamentario N\u00b0 2","('0157-D-2015', 1)":null},"Fecha: ":{"('0157-D-2015', 0)":"03\/03\/2015","('0157-D-2015', 1)":null},"T\u00edtulo":{"('0157-D-2015', 0)":"MAGISTRADOS, FUNCIONARIOS Y AGENTES DEL PODER JUDICIAL FEDERAL: BONIFICACIONES COMPLEMENTARIAS POR ZONAS DESFAVORABLES PARA LOS QUE PRESTEN SERVICIOS EN LAS PROVINCIAS DEL CHACO, FORMOSA, CORRIENTES Y MISIONES.","('0157-D-2015', 1)":null},"('Firmantes', 'FIRMANTE')":{"('0157-D-2015', 0)":"TERADA, ALICIA","('0157-D-2015', 1)":"CARRIO, ELISA MARIA AVELINA"},"('Firmantes', 'DISTRITO')":{"('0157-D-2015', 0)":"CHACO","('0157-D-2015', 1)":"CIUDAD de BUENOS AIRES"},"('Firmantes', 'BLOQUE')":{"('0157-D-2015', 0)":"COALICION CIVICA ARI - UNEN","('0157-D-2015', 1)":"COALICION CIVICA ARI - UNEN"},"('Giros', 'COMISI\u00d3N')":{"('0157-D-2015', 0)":"JUSTICIA","('0157-D-2015', 1)":"PRESUPUESTO Y HACIENDA"},"Link":{"('0157-D-2015', 0)":"https:\/\/www.hcdn.gob.ar\/proyectos\/textoCompleto.jsp?exp=0157-D-2015&tipo=LEY","('0157-D-2015', 1)":null},"Palabra Clave":{"('0157-D-2015', 0)":" ","('0157-D-2015', 1)":null}}