{"Tipo de Proyecto":{"('0158-S-2015', 0)":"PROYECTO DE LEY","('0158-S-2015', 1)":null,"('0158-S-2015', 2)":null,"('0158-S-2015', 3)":null},"Iniciado en: ":{"('0158-S-2015', 0)":"Senado","('0158-S-2015', 1)":null,"('0158-S-2015', 2)":null,"('0158-S-2015', 3)":null},"Expediente Diputados: ":{"('0158-S-2015', 0)":"0158-S-2015","('0158-S-2015', 1)":null,"('0158-S-2015', 2)":null,"('0158-S-2015', 3)":null},"Expediente Senado: ":{"('0158-S-2015', 0)":"0564-S-2015","('0158-S-2015', 1)":null,"('0158-S-2015', 2)":null,"('0158-S-2015', 3)":null},"Publicado en: ":{"('0158-S-2015', 0)":"Diario de Asuntos Entrados N\u00b0 28","('0158-S-2015', 1)":null,"('0158-S-2015', 2)":null,"('0158-S-2015', 3)":null},"Fecha: ":{"('0158-S-2015', 0)":"12\/03\/2015","('0158-S-2015', 1)":null,"('0158-S-2015', 2)":null,"('0158-S-2015', 3)":null},"T\u00edtulo":{"('0158-S-2015', 0)":"DECLARAR FIESTA NACIONAL A LA FIESTA DE LOS JARDINES, INSTITUYENDO COMO SEDE NACIONAL PERMANENTE A LA CIUDAD DE VILLA LA ANGOSTURA, PROVINCIA DEL NEUQUEN.","('0158-S-2015', 1)":null,"('0158-S-2015', 2)":null,"('0158-S-2015', 3)":null},"('Firmantes', 'FIRMANTE')":{"('0158-S-2015', 0)":"PEREYRA, GUILLERMO JUAN","('0158-S-2015', 1)":null,"('0158-S-2015', 2)":null,"('0158-S-2015', 3)":null},"('Firmantes', 'DISTRITO')":{"('0158-S-2015', 0)":"NEUQUEN","('0158-S-2015', 1)":null,"('0158-S-2015', 2)":null,"('0158-S-2015', 3)":null},"('Firmantes', 'BLOQUE')":{"('0158-S-2015', 0)":"MOV POP NEUQUINO","('0158-S-2015', 1)":null,"('0158-S-2015', 2)":null,"('0158-S-2015', 3)":null},"('Giros', 'COMISI\u00d3N')":{"('0158-S-2015', 0)":"CULTURA","('0158-S-2015', 1)":"TURISMO","('0158-S-2015', 2)":"LEGISLACION GENERAL","('0158-S-2015', 3)":null},"('Tramites', 'C\u00c1MARA')":{"('0158-S-2015', 0)":"Senado","('0158-S-2015', 1)":"Diputados","('0158-S-2015', 2)":"Diputados","('0158-S-2015', 3)":"Diputados"},"('Tramites', 'MOVIMIENTO')":{"('0158-S-2015', 0)":"CONSIDERACION Y APROBACION","('0158-S-2015', 1)":"PASA A DIPUTADOS -","('0158-S-2015', 2)":"CITACION SESION ESPECIAL","('0158-S-2015', 3)":"CONSIDERACION Y SANCION"},"('Tramites', 'FECHA')":{"('0158-S-2015', 0)":"25\/11\/2015","('0158-S-2015', 1)":null,"('0158-S-2015', 2)":"13\/09\/2017","('0158-S-2015', 3)":"13\/09\/2017"},"('Tramites', 'RESULTADO')":{"('0158-S-2015', 0)":"MEDIA SANCION","('0158-S-2015', 1)":null,"('0158-S-2015', 2)":null,"('0158-S-2015', 3)":"SANCIONADO"},"Link":{"('0158-S-2015', 0)":"http:\/\/www.senado.gov.ar\/parlamentario\/comisiones\/verExp\/564.15\/S\/PL","('0158-S-2015', 1)":null,"('0158-S-2015', 2)":null,"('0158-S-2015', 3)":null},"Palabra Clave":{"('0158-S-2015', 0)":" ","('0158-S-2015', 1)":null,"('0158-S-2015', 2)":null,"('0158-S-2015', 3)":null}}