{"Tipo de Proyecto":{"('0158-D-2015', 0)":"PROYECTO DE LEY","('0158-D-2015', 1)":null},"Iniciado en: ":{"('0158-D-2015', 0)":"Diputados","('0158-D-2015', 1)":null},"Expediente Diputados: ":{"('0158-D-2015', 0)":"0158-D-2015","('0158-D-2015', 1)":null},"Publicado en: ":{"('0158-D-2015', 0)":"Tr\u00e1mite Parlamentario N\u00b0 2","('0158-D-2015', 1)":null},"Fecha: ":{"('0158-D-2015', 0)":"03\/03\/2015","('0158-D-2015', 1)":null},"T\u00edtulo":{"('0158-D-2015', 0)":"CODIGO PENAL: INCORPORACION DEL INCISO 7\u00b0) AL ARTICULO 163, SOBRE HURTO DE ANIMALES.","('0158-D-2015', 1)":null},"('Firmantes', 'FIRMANTE')":{"('0158-D-2015', 0)":"TERADA, ALICIA","('0158-D-2015', 1)":"CARRIO, ELISA MARIA AVELINA"},"('Firmantes', 'DISTRITO')":{"('0158-D-2015', 0)":"CHACO","('0158-D-2015', 1)":"CIUDAD de BUENOS AIRES"},"('Firmantes', 'BLOQUE')":{"('0158-D-2015', 0)":"COALICION CIVICA ARI - UNEN","('0158-D-2015', 1)":"COALICION CIVICA ARI - UNEN"},"('Giros', 'COMISI\u00d3N')":{"('0158-D-2015', 0)":"LEGISLACION PENAL","('0158-D-2015', 1)":null},"Link":{"('0158-D-2015', 0)":"https:\/\/www.hcdn.gob.ar\/proyectos\/textoCompleto.jsp?exp=0158-D-2015&tipo=LEY","('0158-D-2015', 1)":null},"Palabra Clave":{"('0158-D-2015', 0)":" ","('0158-D-2015', 1)":null}}