{"Tipo de Proyecto":{"('0160-S-2015', 0)":"PROYECTO DE LEY","('0160-S-2015', 1)":null,"('0160-S-2015', 2)":null,"('0160-S-2015', 3)":null},"Iniciado en: ":{"('0160-S-2015', 0)":"Senado","('0160-S-2015', 1)":null,"('0160-S-2015', 2)":null,"('0160-S-2015', 3)":null},"Expediente Diputados: ":{"('0160-S-2015', 0)":"0160-S-2015","('0160-S-2015', 1)":null,"('0160-S-2015', 2)":null,"('0160-S-2015', 3)":null},"Expediente Senado: ":{"('0160-S-2015', 0)":"0566-S-2015","('0160-S-2015', 1)":null,"('0160-S-2015', 2)":null,"('0160-S-2015', 3)":null},"Publicado en: ":{"('0160-S-2015', 0)":"Diario de Asuntos Entrados N\u00b0 28","('0160-S-2015', 1)":null,"('0160-S-2015', 2)":null,"('0160-S-2015', 3)":null},"Fecha: ":{"('0160-S-2015', 0)":"12\/03\/2015","('0160-S-2015', 1)":null,"('0160-S-2015', 2)":null,"('0160-S-2015', 3)":null},"T\u00edtulo":{"('0160-S-2015', 0)":"DECLARAR FIESTA NACIONAL DEL CHIVITO, LA DANZA Y LA CANCION, A LA CIUDAD DE CHOS MALAL, PROVINCIA DEL NEUQUEN. ","('0160-S-2015', 1)":null,"('0160-S-2015', 2)":null,"('0160-S-2015', 3)":null},"('Firmantes', 'FIRMANTE')":{"('0160-S-2015', 0)":"PEREYRA, GUILLERMO JUAN","('0160-S-2015', 1)":null,"('0160-S-2015', 2)":null,"('0160-S-2015', 3)":null},"('Firmantes', 'DISTRITO')":{"('0160-S-2015', 0)":"NEUQUEN","('0160-S-2015', 1)":null,"('0160-S-2015', 2)":null,"('0160-S-2015', 3)":null},"('Firmantes', 'BLOQUE')":{"('0160-S-2015', 0)":"MOV POP NEUQUINO","('0160-S-2015', 1)":null,"('0160-S-2015', 2)":null,"('0160-S-2015', 3)":null},"('Giros', 'COMISI\u00d3N')":{"('0160-S-2015', 0)":"CULTURA","('0160-S-2015', 1)":"TURISMO","('0160-S-2015', 2)":"LEGISLACION GENERAL","('0160-S-2015', 3)":null},"('Tramites', 'C\u00c1MARA')":{"('0160-S-2015', 0)":"Senado","('0160-S-2015', 1)":"Diputados","('0160-S-2015', 2)":"Diputados","('0160-S-2015', 3)":"Diputados"},"('Tramites', 'MOVIMIENTO')":{"('0160-S-2015', 0)":"CONSIDERACION Y APROBACION","('0160-S-2015', 1)":"PASA A DIPUTADOS -","('0160-S-2015', 2)":"CITACION SESION ESPECIAL","('0160-S-2015', 3)":"CONSIDERACION Y SANCION"},"('Tramites', 'FECHA')":{"('0160-S-2015', 0)":"25\/11\/2015","('0160-S-2015', 1)":null,"('0160-S-2015', 2)":"13\/09\/2017","('0160-S-2015', 3)":"13\/09\/2017"},"('Tramites', 'RESULTADO')":{"('0160-S-2015', 0)":"MEDIA SANCION","('0160-S-2015', 1)":null,"('0160-S-2015', 2)":null,"('0160-S-2015', 3)":"SANCIONADO"},"Link":{"('0160-S-2015', 0)":"http:\/\/www.senado.gov.ar\/parlamentario\/comisiones\/verExp\/566.15\/S\/PL","('0160-S-2015', 1)":null,"('0160-S-2015', 2)":null,"('0160-S-2015', 3)":null},"Palabra Clave":{"('0160-S-2015', 0)":" ","('0160-S-2015', 1)":null,"('0160-S-2015', 2)":null,"('0160-S-2015', 3)":null}}