{"Tipo de Proyecto":{"('0160-D-2015', 0)":"PROYECTO DE LEY","('0160-D-2015', 1)":null},"Iniciado en: ":{"('0160-D-2015', 0)":"Diputados","('0160-D-2015', 1)":null},"Expediente Diputados: ":{"('0160-D-2015', 0)":"0160-D-2015","('0160-D-2015', 1)":null},"Expediente Senado: ":{"('0160-D-2015', 0)":"0042-CD-2016","('0160-D-2015', 1)":null},"Publicado en: ":{"('0160-D-2015', 0)":"Tr\u00e1mite Parlamentario N\u00b0 2","('0160-D-2015', 1)":null},"Fecha: ":{"('0160-D-2015', 0)":"03\/03\/2015","('0160-D-2015', 1)":null},"T\u00edtulo":{"('0160-D-2015', 0)":"TRANSITO, LEY 24449: INCORPORACION DEL INCISO H), AL ARTICULO 41, SOBRE PRIORIDAD DE CRUCE CON VIAS PRINCIPALES, SEMIAUTOPISTA, AUTOPISTA, VIAS O MULTICARRILES.","('0160-D-2015', 1)":null},"('Firmantes', 'FIRMANTE')":{"('0160-D-2015', 0)":"TERADA, ALICIA","('0160-D-2015', 1)":"CARRIO, ELISA MARIA AVELINA"},"('Firmantes', 'DISTRITO')":{"('0160-D-2015', 0)":"CHACO","('0160-D-2015', 1)":"CIUDAD de BUENOS AIRES"},"('Firmantes', 'BLOQUE')":{"('0160-D-2015', 0)":"COALICION CIVICA ARI - UNEN","('0160-D-2015', 1)":"COALICION CIVICA ARI - UNEN"},"('Giros', 'COMISI\u00d3N')":{"('0160-D-2015', 0)":"TRANSPORTES","('0160-D-2015', 1)":null},"('Tramites', 'C\u00c1MARA')":{"('0160-D-2015', 0)":"Diputados","('0160-D-2015', 1)":"Senado"},"('Tramites', 'MOVIMIENTO')":{"('0160-D-2015', 0)":"CONSIDERACION Y APROBACION CONJUNTAMENTE PARA LOS EXPEDIENTES 0160-D-2015, 0042-CD-2016 y 0994-D-2015","('0160-D-2015', 1)":"PASA A SENADO - CONJUNTAMENTE PARA LOS EXPEDIENTES 0160-D-2015, 0042-CD-2016 y 0994-D-2015"},"('Tramites', 'FECHA')":{"('0160-D-2015', 0)":"14\/09\/2016","('0160-D-2015', 1)":null},"('Tramites', 'RESULTADO')":{"('0160-D-2015', 0)":"MEDIA SANCION","('0160-D-2015', 1)":null},"Link":{"('0160-D-2015', 0)":"https:\/\/www.hcdn.gob.ar\/proyectos\/textoCompleto.jsp?exp=0160-D-2015&tipo=LEY","('0160-D-2015', 1)":null},"Palabra Clave":{"('0160-D-2015', 0)":" ","('0160-D-2015', 1)":null}}