{"Tipo de Proyecto":{"('0161-OV-2015', 0)":"PROYECTO DE RESOLUCI\u00d3N"},"Iniciado en: ":{"('0161-OV-2015', 0)":"Senado"},"Expediente Senado: ":{"('0161-OV-2015', 0)":"0161-OV-2015"},"Fecha: ":{"('0161-OV-2015', 0)":"03\/10\/2016"},"T\u00edtulo":{"('0161-OV-2015', 0)":"RESOLUCIONES REMITIDAS POR LA AUDITORIA GENERAL DE LA NACION 93\/15, TOMANDO CONOCIMIENTO DEL INFORME DE REVISION LIMITADA REFERIDO AL BANCO DE INVERSION Y COMERCIO EXTERIOR S.A. (BICE S.A.) - ESTADOS CONTABLES AL 31 DE MARZO DE 2015 (0161-OV-15), 165\/15, TOMANDO CONOCIMIENTO DEL INFORME DE REVISION LIMITADA REFERIDA AL BICE S.A. - ESTADOS CONTABLES AL 30 DE JUNIO DE 2015 (0290-OV-15), 60\/16, TOMANDO CONOCIMIENDO DEL INFORME DEL INFORME D REVISION LIMITADA REFERIDA AL BICE S.A. - ESTADOS CONTABLES AL 30 DE SEPTIEMBRE DE 2015 (0013-OV-16), Y 124\/16, APROBANDO EL INFORME DE LOS AUDITORES REFERIDO AL BICE S.A. - ESTADOS CONTABLES AL 31 DE DICIEMBRE DE 2015 ( 0214-OV-16)."},"('Firmantes', 'FIRMANTE')":{"('0161-OV-2015', 0)":"PARLAMENTARIA MIXTA REVISORA DE CUENTAS"},"('Firmantes', 'DISTRITO')":{"('0161-OV-2015', 0)":null},"('Firmantes', 'BLOQUE')":{"('0161-OV-2015', 0)":null},"('Tramites', 'C\u00c1MARA')":{"('0161-OV-2015', 0)":"Senado"},"('Tramites', 'MOVIMIENTO')":{"('0161-OV-2015', 0)":"CONSIDERACION Y APROBACION (AL ARCHIVO)"},"('Tramites', 'FECHA')":{"('0161-OV-2015', 0)":"02\/11\/2016"},"('Tramites', 'RESULTADO')":{"('0161-OV-2015', 0)":"APROBADO"},"Sumario":{"('0161-OV-2015', 0)":"HABIENDO TOMADO CONOCIMIENTO Y SIN PERJUICIO DE ULTERIORES MEDIDAS QUE PUEDAN ADOPTARSE, SE ACONSEJA SU REMISION AL ARCHIVO."},"Palabra Clave":{"('0161-OV-2015', 0)":" "}}