{"Tipo de Proyecto":{"('0161-D-2015', 0)":"PROYECTO DE LEY","('0161-D-2015', 1)":null},"Iniciado en: ":{"('0161-D-2015', 0)":"Diputados","('0161-D-2015', 1)":null},"Expediente Diputados: ":{"('0161-D-2015', 0)":"0161-D-2015","('0161-D-2015', 1)":null},"Publicado en: ":{"('0161-D-2015', 0)":"Tr\u00e1mite Parlamentario N\u00b0 2","('0161-D-2015', 1)":null},"Fecha: ":{"('0161-D-2015', 0)":"03\/03\/2015","('0161-D-2015', 1)":null},"T\u00edtulo":{"('0161-D-2015', 0)":"CONCURSOS Y QUIEBRAS, LEY 24522: MODIFICACION DEL INCISO 1\u00b0), DEL ARTICULO 253, SOBRE ASPIRANTES A ACTUAR COMO SINDICOS CONCURSALES.","('0161-D-2015', 1)":null},"('Firmantes', 'FIRMANTE')":{"('0161-D-2015', 0)":"TERADA, ALICIA","('0161-D-2015', 1)":"CARRIO, ELISA MARIA AVELINA"},"('Firmantes', 'DISTRITO')":{"('0161-D-2015', 0)":"CHACO","('0161-D-2015', 1)":"CIUDAD de BUENOS AIRES"},"('Firmantes', 'BLOQUE')":{"('0161-D-2015', 0)":"COALICION CIVICA ARI - UNEN","('0161-D-2015', 1)":"COALICION CIVICA ARI - UNEN"},"('Giros', 'COMISI\u00d3N')":{"('0161-D-2015', 0)":"JUSTICIA","('0161-D-2015', 1)":"LEGISLACION GENERAL"},"Link":{"('0161-D-2015', 0)":"https:\/\/www.hcdn.gob.ar\/proyectos\/textoCompleto.jsp?exp=0161-D-2015&tipo=LEY","('0161-D-2015', 1)":null},"Palabra Clave":{"('0161-D-2015', 0)":" ","('0161-D-2015', 1)":null}}