{"Tipo de Proyecto":{"('0162-D-2015', 0)":"PROYECTO DE LEY","('0162-D-2015', 1)":null},"Iniciado en: ":{"('0162-D-2015', 0)":"Diputados","('0162-D-2015', 1)":null},"Expediente Diputados: ":{"('0162-D-2015', 0)":"0162-D-2015","('0162-D-2015', 1)":null},"Publicado en: ":{"('0162-D-2015', 0)":"Tr\u00e1mite Parlamentario N\u00b0 2","('0162-D-2015', 1)":null},"Fecha: ":{"('0162-D-2015', 0)":"03\/03\/2015","('0162-D-2015', 1)":null},"T\u00edtulo":{"('0162-D-2015', 0)":"CODIGO PENAL: MODIFICACION DE LOS ARTICULOS 163 Y 166, SOBRE HURTO Y ROBO AL ESTADO NACIONAL, ESTADOS PROVINCIALES O MUNICIPALES. ","('0162-D-2015', 1)":null},"('Firmantes', 'FIRMANTE')":{"('0162-D-2015', 0)":"TERADA, ALICIA","('0162-D-2015', 1)":"CARRIO, ELISA MARIA AVELINA"},"('Firmantes', 'DISTRITO')":{"('0162-D-2015', 0)":"CHACO","('0162-D-2015', 1)":"CIUDAD de BUENOS AIRES"},"('Firmantes', 'BLOQUE')":{"('0162-D-2015', 0)":"COALICION CIVICA ARI - UNEN","('0162-D-2015', 1)":"COALICION CIVICA ARI - UNEN"},"('Giros', 'COMISI\u00d3N')":{"('0162-D-2015', 0)":"LEGISLACION PENAL","('0162-D-2015', 1)":null},"Link":{"('0162-D-2015', 0)":"https:\/\/www.hcdn.gob.ar\/proyectos\/textoCompleto.jsp?exp=0162-D-2015&tipo=LEY","('0162-D-2015', 1)":null},"Palabra Clave":{"('0162-D-2015', 0)":" ","('0162-D-2015', 1)":null}}