{"Tipo de Proyecto":{"('0163-S-2015', 0)":"COMUNICACION"},"Iniciado en: ":{"('0163-S-2015', 0)":"Senado"},"Expediente Senado: ":{"('0163-S-2015', 0)":"0163-S-2015"},"Publicado en: ":{"('0163-S-2015', 0)":"Diario de Asuntos Entrados N\u00b0 9"},"Fecha: ":{"('0163-S-2015', 0)":"03\/03\/2015"},"T\u00edtulo":{"('0163-S-2015', 0)":"PEDIDO DE INFORMES AL PODER EJECUTIVO SOBRE EL CUMPLIMIENTO DE LAS METAS ESTRATEGICAS 2014 DEL MINISTERIO DE PLANIFICACION FEDERAL, INVERSION PUBLICA Y SERVICIOS, AL 31 DE DICIEMBRE DE 2014 Y EN PARTICULAR SOBRE 746 KM DE LINEAS DE ALTA TENSION. "},"('Firmantes', 'FIRMANTE')":{"('0163-S-2015', 0)":"ODARDA, MARIA MAGDALENA"},"('Firmantes', 'DISTRITO')":{"('0163-S-2015', 0)":"RIO NEGRO"},"('Firmantes', 'BLOQUE')":{"('0163-S-2015', 0)":"FRENTE PROGRESISTA - CCARI"},"Link":{"('0163-S-2015', 0)":"http:\/\/www.senado.gov.ar\/parlamentario\/comisiones\/verExp\/163.15\/S\/PC"},"Palabra Clave":{"('0163-S-2015', 0)":" "}}