{"Tipo de Proyecto":{"('0163-D-2015', 0)":"PROYECTO DE LEY","('0163-D-2015', 1)":null},"Iniciado en: ":{"('0163-D-2015', 0)":"Diputados","('0163-D-2015', 1)":null},"Expediente Diputados: ":{"('0163-D-2015', 0)":"0163-D-2015","('0163-D-2015', 1)":null},"Publicado en: ":{"('0163-D-2015', 0)":"Tr\u00e1mite Parlamentario N\u00b0 2","('0163-D-2015', 1)":null},"Fecha: ":{"('0163-D-2015', 0)":"03\/03\/2015","('0163-D-2015', 1)":null},"T\u00edtulo":{"('0163-D-2015', 0)":"CONCURSOS Y QUIEBRAS - LEY 24522 -. MODIFICACION DEL ARTICULO 81, SOBRE ACREEDORES EXCLUIDOS.","('0163-D-2015', 1)":null},"('Firmantes', 'FIRMANTE')":{"('0163-D-2015', 0)":"TERADA, ALICIA","('0163-D-2015', 1)":"CARRIO, ELISA MARIA AVELINA"},"('Firmantes', 'DISTRITO')":{"('0163-D-2015', 0)":"CHACO","('0163-D-2015', 1)":"CIUDAD de BUENOS AIRES"},"('Firmantes', 'BLOQUE')":{"('0163-D-2015', 0)":"COALICION CIVICA ARI - UNEN","('0163-D-2015', 1)":"COALICION CIVICA ARI - UNEN"},"('Giros', 'COMISI\u00d3N')":{"('0163-D-2015', 0)":"JUSTICIA","('0163-D-2015', 1)":"LEGISLACION GENERAL"},"Link":{"('0163-D-2015', 0)":"https:\/\/www.hcdn.gob.ar\/proyectos\/textoCompleto.jsp?exp=0163-D-2015&tipo=LEY","('0163-D-2015', 1)":null},"Palabra Clave":{"('0163-D-2015', 0)":" ","('0163-D-2015', 1)":null}}