{"Tipo de Proyecto":{"('0001-D-2014', 0)":"PROYECTO DE DECLARACI\u00d3N"},"Iniciado en: ":{"('0001-D-2014', 0)":"Diputados"},"Expediente Diputados: ":{"('0001-D-2014', 0)":"0001-D-2014"},"Publicado en: ":{"('0001-D-2014', 0)":"Tr\u00e1mite Parlamentario N\u00b0 1"},"Fecha: ":{"('0001-D-2014', 0)":"05\/03\/2014"},"T\u00edtulo":{"('0001-D-2014', 0)":"DECLARAR DE INTERES LA CREACION DE LA POLICIA LOCAL EN LA PROVINCIA DE BUENOS AIRES, Y EXHORTAR A LA LEGISLATURA PROVINCIAL PARA QUE DE UN URGENTE TRATAMIENTO A LOS PROYECTOS DE LEY DE CREACION DE POLICIAS LOCALES EN LOS PARTIDOS DE LA PROVINCIA DE BUENOS AIRES, EXPRESANDO EL RESPALDO DE LA H. CAMARA DE DIPUTADOS DE LA NACION."},"('Firmantes', 'FIRMANTE')":{"('0001-D-2014', 0)":"INSAURRALDE, MARTIN"},"('Firmantes', 'DISTRITO')":{"('0001-D-2014', 0)":"BUENOS AIRES"},"('Firmantes', 'BLOQUE')":{"('0001-D-2014', 0)":"FRENTE PARA LA VICTORIA - PJ"},"('Giros', 'COMISI\u00d3N')":{"('0001-D-2014', 0)":"SEGURIDAD INTERIOR"},"Link":{"('0001-D-2014', 0)":"https:\/\/www.hcdn.gob.ar\/proyectos\/textoCompleto.jsp?exp=0001-D-2014&tipo=DECLARACION"},"Palabra Clave":{"('0001-D-2014', 0)":" "}}