{"Tipo de Proyecto":{"('0001-PE-2014', 0)":"MENSAJE NRO: 0556\/14 Y PROYECTO DE LEY","('0001-PE-2014', 1)":null,"('0001-PE-2014', 2)":null,"('0001-PE-2014', 3)":null,"('0001-PE-2014', 4)":null,"('0001-PE-2014', 5)":null},"Iniciado en: ":{"('0001-PE-2014', 0)":"Diputados","('0001-PE-2014', 1)":null,"('0001-PE-2014', 2)":null,"('0001-PE-2014', 3)":null,"('0001-PE-2014', 4)":null,"('0001-PE-2014', 5)":null},"Expediente Diputados: ":{"('0001-PE-2014', 0)":"0001-PE-2014","('0001-PE-2014', 1)":null,"('0001-PE-2014', 2)":null,"('0001-PE-2014', 3)":null,"('0001-PE-2014', 4)":null,"('0001-PE-2014', 5)":null},"Expediente Senado: ":{"('0001-PE-2014', 0)":"0016-CD-2014","('0001-PE-2014', 1)":null,"('0001-PE-2014', 2)":null,"('0001-PE-2014', 3)":null,"('0001-PE-2014', 4)":null,"('0001-PE-2014', 5)":null},"Publicado en: ":{"('0001-PE-2014', 0)":"Tr\u00e1mite Parlamentario N\u00b0 30","('0001-PE-2014', 1)":null,"('0001-PE-2014', 2)":null,"('0001-PE-2014', 3)":null,"('0001-PE-2014', 4)":null,"('0001-PE-2014', 5)":null},"Fecha: ":{"('0001-PE-2014', 0)":"22\/04\/2014","('0001-PE-2014', 1)":null,"('0001-PE-2014', 2)":null,"('0001-PE-2014', 3)":null,"('0001-PE-2014', 4)":null,"('0001-PE-2014', 5)":null},"T\u00edtulo":{"('0001-PE-2014', 0)":"MODIFICACION DE LAS LEYES 23966 Y 26028, SOBRE IMPUESTO A LOS COMBUSTIBLES LIQUIDOS Y GASEOSOS E IMPUESTO AL GASOIL, ESTABLECIENDOSE QUE EL PAGO DEL GRAVAMEN CUANDO SE TRATE DE BIODIESEL COMBUSTIBLES, ESTARA SATISFECHO CON LA ALICUOTA QUE ABONA EL COMPONENTE GASOIL. ","('0001-PE-2014', 1)":null,"('0001-PE-2014', 2)":null,"('0001-PE-2014', 3)":null,"('0001-PE-2014', 4)":null,"('0001-PE-2014', 5)":null},"('Firmantes', 'FIRMANTE')":{"('0001-PE-2014', 0)":"FERNANDEZ DE KIRCHNER, CRISTINA","('0001-PE-2014', 1)":"CAPITANICH, JORGE","('0001-PE-2014', 2)":"KICILLOF, AXEL","('0001-PE-2014', 3)":null,"('0001-PE-2014', 4)":null,"('0001-PE-2014', 5)":null},"('Firmantes', 'DISTRITO')":{"('0001-PE-2014', 0)":null,"('0001-PE-2014', 1)":null,"('0001-PE-2014', 2)":null,"('0001-PE-2014', 3)":null,"('0001-PE-2014', 4)":null,"('0001-PE-2014', 5)":null},"('Firmantes', 'BLOQUE')":{"('0001-PE-2014', 0)":"PODER EJECUTIVO","('0001-PE-2014', 1)":"PODER EJECUTIVO","('0001-PE-2014', 2)":"PODER EJECUTIVO","('0001-PE-2014', 3)":null,"('0001-PE-2014', 4)":null,"('0001-PE-2014', 5)":null},"('Giros', 'COMISI\u00d3N')":{"('0001-PE-2014', 0)":"PRESUPUESTO Y HACIENDA","('0001-PE-2014', 1)":"ENERGIA Y COMBUSTIBLES","('0001-PE-2014', 2)":null,"('0001-PE-2014', 3)":null,"('0001-PE-2014', 4)":null,"('0001-PE-2014', 5)":null},"('Tramites', 'C\u00c1MARA')":{"('0001-PE-2014', 0)":"Diputados","('0001-PE-2014', 1)":"Diputados","('0001-PE-2014', 2)":"Diputados","('0001-PE-2014', 3)":"Senado","('0001-PE-2014', 4)":"Senado","('0001-PE-2014', 5)":"Senado"},"('Tramites', 'MOVIMIENTO')":{"('0001-PE-2014', 0)":"CITACION SESION ESPECIAL","('0001-PE-2014', 1)":"CONSIDERACION Y APROBACION CON MODIFICACIONES","('0001-PE-2014', 2)":"INSERCIONES","('0001-PE-2014', 3)":"PASA A SENADO -","('0001-PE-2014', 4)":"CONSIDERACION Y SANCION","('0001-PE-2014', 5)":"INSERCION DE LA SENADORA MONLLAU"},"('Tramites', 'FECHA')":{"('0001-PE-2014', 0)":"14\/05\/2014","('0001-PE-2014', 1)":"14\/05\/2014","('0001-PE-2014', 2)":"14\/05\/2014","('0001-PE-2014', 3)":null,"('0001-PE-2014', 4)":"28\/05\/2014","('0001-PE-2014', 5)":"28\/05\/2014"},"('Tramites', 'RESULTADO')":{"('0001-PE-2014', 0)":null,"('0001-PE-2014', 1)":"MEDIA SANCION","('0001-PE-2014', 2)":null,"('0001-PE-2014', 3)":null,"('0001-PE-2014', 4)":"SANCIONADO","('0001-PE-2014', 5)":null},"Sumario":{"('0001-PE-2014', 0)":"SUSTITUCION DEL ARTICULO 4 DEL CAPITULO I DEL TITULO III DE LA LEY 23966 Y DEL ARTICULO 1 DE LA LEY 26028","('0001-PE-2014', 1)":null,"('0001-PE-2014', 2)":null,"('0001-PE-2014', 3)":null,"('0001-PE-2014', 4)":null,"('0001-PE-2014', 5)":null},"Palabra Clave":{"('0001-PE-2014', 0)":" ","('0001-PE-2014', 1)":null,"('0001-PE-2014', 2)":null,"('0001-PE-2014', 3)":null,"('0001-PE-2014', 4)":null,"('0001-PE-2014', 5)":null}}