{"Tipo de Proyecto":{"('0002-D-2014', 0)":"PROYECTO DE LEY","('0002-D-2014', 1)":null,"('0002-D-2014', 2)":null,"('0002-D-2014', 3)":null,"('0002-D-2014', 4)":null,"('0002-D-2014', 5)":null},"Iniciado en: ":{"('0002-D-2014', 0)":"Diputados","('0002-D-2014', 1)":null,"('0002-D-2014', 2)":null,"('0002-D-2014', 3)":null,"('0002-D-2014', 4)":null,"('0002-D-2014', 5)":null},"Expediente Diputados: ":{"('0002-D-2014', 0)":"0002-D-2014","('0002-D-2014', 1)":null,"('0002-D-2014', 2)":null,"('0002-D-2014', 3)":null,"('0002-D-2014', 4)":null,"('0002-D-2014', 5)":null},"Publicado en: ":{"('0002-D-2014', 0)":"Tr\u00e1mite Parlamentario N\u00b0 1","('0002-D-2014', 1)":null,"('0002-D-2014', 2)":null,"('0002-D-2014', 3)":null,"('0002-D-2014', 4)":null,"('0002-D-2014', 5)":null},"Fecha: ":{"('0002-D-2014', 0)":"05\/03\/2014","('0002-D-2014', 1)":null,"('0002-D-2014', 2)":null,"('0002-D-2014', 3)":null,"('0002-D-2014', 4)":null,"('0002-D-2014', 5)":null},"T\u00edtulo":{"('0002-D-2014', 0)":"LEY 26741, DE SOBERANIA HIDROCARBURIFERA: MODIFICACIONES SOBRE LA TASACION E INTERVENCION DE LA AUDITORIA GENERAL DE LA NACION Y CONTROLES INTERNOS Y EXTERNOS.  ","('0002-D-2014', 1)":null,"('0002-D-2014', 2)":null,"('0002-D-2014', 3)":null,"('0002-D-2014', 4)":null,"('0002-D-2014', 5)":null},"('Firmantes', 'FIRMANTE')":{"('0002-D-2014', 0)":"LINARES, MARIA VIRGINIA","('0002-D-2014', 1)":"DUCLOS, OMAR ARNALDO","('0002-D-2014', 2)":"PERALTA, FABIAN FRANCISCO","('0002-D-2014', 3)":"VILLATA, GRACIELA SUSANA","('0002-D-2014', 4)":"STOLBIZER, MARGARITA ROSA","('0002-D-2014', 5)":"DONDA PEREZ, VICTORIA ANALIA"},"('Firmantes', 'DISTRITO')":{"('0002-D-2014', 0)":"BUENOS AIRES","('0002-D-2014', 1)":"BUENOS AIRES","('0002-D-2014', 2)":"SANTA FE","('0002-D-2014', 3)":"CORDOBA","('0002-D-2014', 4)":"BUENOS AIRES","('0002-D-2014', 5)":"BUENOS AIRES"},"('Firmantes', 'BLOQUE')":{"('0002-D-2014', 0)":"GEN","('0002-D-2014', 1)":"GEN","('0002-D-2014', 2)":"GEN","('0002-D-2014', 3)":"FRENTE CIVICO - CORDOBA","('0002-D-2014', 4)":"GEN","('0002-D-2014', 5)":"LIBRES DEL SUR"},"('Giros', 'COMISI\u00d3N')":{"('0002-D-2014', 0)":"ENERGIA Y COMBUSTIBLES","('0002-D-2014', 1)":"ASUNTOS CONSTITUCIONALES","('0002-D-2014', 2)":"PRESUPUESTO Y HACIENDA","('0002-D-2014', 3)":null,"('0002-D-2014', 4)":null,"('0002-D-2014', 5)":null},"Sumario":{"('0002-D-2014', 0)":"MODIFICACION DE LOS ARTICULOS 12 Y 15.","('0002-D-2014', 1)":null,"('0002-D-2014', 2)":null,"('0002-D-2014', 3)":null,"('0002-D-2014', 4)":null,"('0002-D-2014', 5)":null},"Palabra Clave":{"('0002-D-2014', 0)":" ","('0002-D-2014', 1)":null,"('0002-D-2014', 2)":null,"('0002-D-2014', 3)":null,"('0002-D-2014', 4)":null,"('0002-D-2014', 5)":null}}