{"Tipo de Proyecto":{"('0002-JGM-2014', 0)":"MENSAJE NRO: 0140\/14","('0002-JGM-2014', 1)":null,"('0002-JGM-2014', 2)":null},"Iniciado en: ":{"('0002-JGM-2014', 0)":"Diputados","('0002-JGM-2014', 1)":null,"('0002-JGM-2014', 2)":null},"Expediente Diputados: ":{"('0002-JGM-2014', 0)":"0002-JGM-2014","('0002-JGM-2014', 1)":null,"('0002-JGM-2014', 2)":null},"Publicado en: ":{"('0002-JGM-2014', 0)":"Tr\u00e1mite Parlamentario N\u00b0 4","('0002-JGM-2014', 1)":null,"('0002-JGM-2014', 2)":null},"Fecha: ":{"('0002-JGM-2014', 0)":"10\/03\/2014","('0002-JGM-2014', 1)":null,"('0002-JGM-2014', 2)":null},"T\u00edtulo":{"('0002-JGM-2014', 0)":"COMUNICACION DEL DICTADO DEL DECRETO DE NECESIDAD Y URGENCIA 212\/2014, POR EL CUAL SE CREA EL CARGO DE DIRECTOR GENERAL DE ADUANAS ADJUNTO A EFECTOS DE LA CONDUCCION DE LA DIRECCION GENERAL DE ADUANAS DE LA ADMINISTRACION FEDERAL DE INGRESOS PUBLICOS. ","('0002-JGM-2014', 1)":null,"('0002-JGM-2014', 2)":null},"('Firmantes', 'FIRMANTE')":{"('0002-JGM-2014', 0)":"CAPITANICH, JORGE","('0002-JGM-2014', 1)":"KICILLOF, AXEL","('0002-JGM-2014', 2)":null},"('Firmantes', 'DISTRITO')":{"('0002-JGM-2014', 0)":null,"('0002-JGM-2014', 1)":null,"('0002-JGM-2014', 2)":null},"('Firmantes', 'BLOQUE')":{"('0002-JGM-2014', 0)":"PODER EJECUTIVO","('0002-JGM-2014', 1)":"PODER EJECUTIVO","('0002-JGM-2014', 2)":null},"('Giros', 'COMISI\u00d3N')":{"('0002-JGM-2014', 0)":"BICAMERAL PERMANENTE DE TRAMITE LEGISLATIVO - LEY 26122","('0002-JGM-2014', 1)":null,"('0002-JGM-2014', 2)":null},"('Tramites', 'C\u00c1MARA')":{"('0002-JGM-2014', 0)":"Diputados","('0002-JGM-2014', 1)":"Diputados","('0002-JGM-2014', 2)":"Diputados"},"('Tramites', 'MOVIMIENTO')":{"('0002-JGM-2014', 0)":"CONSIDERACION Y APROBACION","('0002-JGM-2014', 1)":"INSERCION","('0002-JGM-2014', 2)":"VER TRAMITE DEL DECRETO EN SENADO EN EXPEDIENTE 0773-S-2014"},"('Tramites', 'FECHA')":{"('0002-JGM-2014', 0)":"02\/07\/2014","('0002-JGM-2014', 1)":"02\/07\/2014","('0002-JGM-2014', 2)":null},"('Tramites', 'RESULTADO')":{"('0002-JGM-2014', 0)":"APROBADO","('0002-JGM-2014', 1)":null,"('0002-JGM-2014', 2)":null},"Palabra Clave":{"('0002-JGM-2014', 0)":" ","('0002-JGM-2014', 1)":null,"('0002-JGM-2014', 2)":null}}