{"Tipo de Proyecto":{"('0004-JGM-2014', 0)":"MENSAJE NRO: 0219\/14","('0004-JGM-2014', 1)":null,"('0004-JGM-2014', 2)":null},"Iniciado en: ":{"('0004-JGM-2014', 0)":"Diputados","('0004-JGM-2014', 1)":null,"('0004-JGM-2014', 2)":null},"Expediente Diputados: ":{"('0004-JGM-2014', 0)":"0004-JGM-2014","('0004-JGM-2014', 1)":null,"('0004-JGM-2014', 2)":null},"Publicado en: ":{"('0004-JGM-2014', 0)":"Tr\u00e1mite Parlamentario N\u00b0 22","('0004-JGM-2014', 1)":null,"('0004-JGM-2014', 2)":null},"Fecha: ":{"('0004-JGM-2014', 0)":"07\/04\/2014","('0004-JGM-2014', 1)":null,"('0004-JGM-2014', 2)":null},"T\u00edtulo":{"('0004-JGM-2014', 0)":"COMUNICACION DEL DECRETO DE NECESIDAD Y URGENCIA 351\/2014 DEL 21 DE MARZO DE 2014, POR EL CUAL SE SUSPENDE DEL 1 DE ENERO DE 2014 HASTA EL 31 DE DICIEMBRE DE 2014 INCLUSIVE, LA APLICACION DE LAS DISPOSICIONES DEL DECRETO 814\/01 Y MODIFICATORIOS, RESPECTO DE EMPLEADORES TITULARES DE ESTABLECIMIENTOS EDUCATIVOS DE GESTION PRIVADA INCORPORADOS A LA ENSE\u00d1ANZA OFICIAL. ","('0004-JGM-2014', 1)":null,"('0004-JGM-2014', 2)":null},"('Firmantes', 'FIRMANTE')":{"('0004-JGM-2014', 0)":"CAPITANICH, JORGE","('0004-JGM-2014', 1)":"SILEONI, ALBERTO","('0004-JGM-2014', 2)":null},"('Firmantes', 'DISTRITO')":{"('0004-JGM-2014', 0)":null,"('0004-JGM-2014', 1)":null,"('0004-JGM-2014', 2)":null},"('Firmantes', 'BLOQUE')":{"('0004-JGM-2014', 0)":"PODER EJECUTIVO","('0004-JGM-2014', 1)":"PODER EJECUTIVO","('0004-JGM-2014', 2)":null},"('Giros', 'COMISI\u00d3N')":{"('0004-JGM-2014', 0)":"BICAMERAL PERMANENTE DE TRAMITE LEGISLATIVO - LEY 26122","('0004-JGM-2014', 1)":null,"('0004-JGM-2014', 2)":null},"('Tramites', 'C\u00c1MARA')":{"('0004-JGM-2014', 0)":"Diputados","('0004-JGM-2014', 1)":"Diputados","('0004-JGM-2014', 2)":"Diputados"},"('Tramites', 'MOVIMIENTO')":{"('0004-JGM-2014', 0)":"MOCION DE VOTACION NOMINAL (AFIRMATIVA)","('0004-JGM-2014', 1)":"CONSIDERACION Y APROBACION","('0004-JGM-2014', 2)":"VER TRAMITE DEL DECRETO EN SENADO EN EXPEDIENTE 1228-S-2014"},"('Tramites', 'FECHA')":{"('0004-JGM-2014', 0)":"27\/08\/2014","('0004-JGM-2014', 1)":"27\/08\/2014","('0004-JGM-2014', 2)":null},"('Tramites', 'RESULTADO')":{"('0004-JGM-2014', 0)":null,"('0004-JGM-2014', 1)":"APROBADO","('0004-JGM-2014', 2)":null},"Palabra Clave":{"('0004-JGM-2014', 0)":" ","('0004-JGM-2014', 1)":null,"('0004-JGM-2014', 2)":null}}