{"Tipo de Proyecto":{"('0004-OV-2014', 0)":"PROYECTO DE RESOLUCI\u00d3N"},"Iniciado en: ":{"('0004-OV-2014', 0)":"Senado"},"Expediente Senado: ":{"('0004-OV-2014', 0)":"0004-OV-2014"},"Fecha: ":{"('0004-OV-2014', 0)":"26\/11\/2018"},"T\u00edtulo":{"('0004-OV-2014', 0)":"DISPOSICIONES REMITIDAS POR LA AUDITORIA GENERAL DE LA NACION 30\/14, APROBANDO LOS ESTADOS CONTABLES Y FINANCIEROS DE LA AUDITORIA GENERAL DE LA NACION Y LOS CUADROS Y ANEXOS AL 31\/12\/2013 (0004-OV-14) Y 30\/14, APROBANDO LOS ESTADOS CONTABLES Y FINANCIEROS DE LA AUDITORIA GENERAL DE LA NACION AL 31\/12\/2013 Y LOS CUADROS Y ANEXOS (0005-OV-14); RESOLUCION REMITIDA POR LA AUDITORIA GENERAL DE LA NACION 13\/14, APROBANDO LA MEMORIA Y RESUMEN EJECUTIVO CORRESPONDIENTE A LA LABOR DESARROLLADA POR ESE ORGANISMO EN EL A\u00d1O 2013 (0588-OV-13), Y AUDITORIA GENERAL DE LA NACION REMITE LOS ESTADOS CONTABLES CON INFORME DE LOS AUDITORES INDEPENDIENTES, BECHER Y ASOCIADOS S.R.L., POR EL EJERCICIO FINALIZADO EL 31\/12\/2013, CERTIFICADO POR EL CONSEJO PROFESIONAL DE CIENCIAS ECONOMICAS DE LA CIUDAD AUTONOMA DE BUENOS AIRES (0234-OV-14)."},"('Firmantes', 'FIRMANTE')":{"('0004-OV-2014', 0)":"PARLAMENTARIA MIXTA REVISORA DE CUENTAS"},"('Firmantes', 'DISTRITO')":{"('0004-OV-2014', 0)":null},"('Firmantes', 'BLOQUE')":{"('0004-OV-2014', 0)":null},"Sumario":{"('0004-OV-2014', 0)":"HABIENDO TOMADO CONOCIMIENTO Y SIN PERJUICIO DE ULTERIORES MEDIDAS QUE PUEDAN ADOPTARSE, SE ACONSEJA SU REMISION AL ARCHIVO."},"Palabra Clave":{"('0004-OV-2014', 0)":" "}}