{"Tipo de Proyecto":{"('0005-PE-2014', 0)":"MENSAJE NRO: 1488\/14 Y PROYECTO DE LEY","('0005-PE-2014', 1)":null,"('0005-PE-2014', 2)":null,"('0005-PE-2014', 3)":null,"('0005-PE-2014', 4)":null},"Iniciado en: ":{"('0005-PE-2014', 0)":"Diputados","('0005-PE-2014', 1)":null,"('0005-PE-2014', 2)":null,"('0005-PE-2014', 3)":null,"('0005-PE-2014', 4)":null},"Expediente Diputados: ":{"('0005-PE-2014', 0)":"0005-PE-2014","('0005-PE-2014', 1)":null,"('0005-PE-2014', 2)":null,"('0005-PE-2014', 3)":null,"('0005-PE-2014', 4)":null},"Expediente Senado: ":{"('0005-PE-2014', 0)":"0065-CD-2014","('0005-PE-2014', 1)":null,"('0005-PE-2014', 2)":null,"('0005-PE-2014', 3)":null,"('0005-PE-2014', 4)":null},"Publicado en: ":{"('0005-PE-2014', 0)":"Tr\u00e1mite Parlamentario N\u00b0 116","('0005-PE-2014', 1)":null,"('0005-PE-2014', 2)":null,"('0005-PE-2014', 3)":null,"('0005-PE-2014', 4)":null},"Fecha: ":{"('0005-PE-2014', 0)":"04\/09\/2014","('0005-PE-2014', 1)":null,"('0005-PE-2014', 2)":null,"('0005-PE-2014', 3)":null,"('0005-PE-2014', 4)":null},"T\u00edtulo":{"('0005-PE-2014', 0)":"REGIMEN POR EL CUAL SE DECLARA OBLIGATORIA LA EDUCACION INICIAL PARA NI\u00d1OS DE CUATRO (4) A\u00d1OS EN EL SISTEMA EDUCATIVO NACIONAL; MODIFICACION DE LA LEY 26206 DE EDUCACION NACIONAL.","('0005-PE-2014', 1)":null,"('0005-PE-2014', 2)":null,"('0005-PE-2014', 3)":null,"('0005-PE-2014', 4)":null},"('Firmantes', 'FIRMANTE')":{"('0005-PE-2014', 0)":"FERNANDEZ DE KIRCHNER, CRISTINA","('0005-PE-2014', 1)":"CAPITANICH, JORGE","('0005-PE-2014', 2)":"SILEONI, ALBERTO","('0005-PE-2014', 3)":null,"('0005-PE-2014', 4)":null},"('Firmantes', 'DISTRITO')":{"('0005-PE-2014', 0)":null,"('0005-PE-2014', 1)":null,"('0005-PE-2014', 2)":null,"('0005-PE-2014', 3)":null,"('0005-PE-2014', 4)":null},"('Firmantes', 'BLOQUE')":{"('0005-PE-2014', 0)":"PODER EJECUTIVO","('0005-PE-2014', 1)":"PODER EJECUTIVO","('0005-PE-2014', 2)":"PODER EJECUTIVO","('0005-PE-2014', 3)":null,"('0005-PE-2014', 4)":null},"('Giros', 'COMISI\u00d3N')":{"('0005-PE-2014', 0)":"EDUCACION","('0005-PE-2014', 1)":"PRESUPUESTO Y HACIENDA","('0005-PE-2014', 2)":null,"('0005-PE-2014', 3)":null,"('0005-PE-2014', 4)":null},"('Tramites', 'C\u00c1MARA')":{"('0005-PE-2014', 0)":"Diputados","('0005-PE-2014', 1)":"Diputados","('0005-PE-2014', 2)":"Diputados","('0005-PE-2014', 3)":"Senado","('0005-PE-2014', 4)":"Senado"},"('Tramites', 'MOVIMIENTO')":{"('0005-PE-2014', 0)":"CITACION SESION ESPECIAL","('0005-PE-2014', 1)":"CONSIDERACION Y APROBACION","('0005-PE-2014', 2)":"INSERCIONES DE LOS DIPUTADOS AGUAD, BARRETO, BERNABEY, BILLA CALVET, BINNER, BRAWER, BRIZUELA DEL MORAL, CARRILLO, CARRIZO, CONTRERA, ELORRIAGA, FERNANDEZ MENDIA, GALLARDO, GIACCONE, IANNI, MADERA, MARTINEZ, PARRILLI, PEROTTI, PERRONI, RASINO, RUBIN, SEGARRASIMONCINI, SPINOZZI Y VILARI\u00d1O","('0005-PE-2014', 3)":"PASA A SENADO -","('0005-PE-2014', 4)":"CONSIDERACION Y SANCION"},"('Tramites', 'FECHA')":{"('0005-PE-2014', 0)":"22\/10\/2014","('0005-PE-2014', 1)":"22\/10\/2014","('0005-PE-2014', 2)":"22\/10\/2014","('0005-PE-2014', 3)":null,"('0005-PE-2014', 4)":"03\/12\/2014"},"('Tramites', 'RESULTADO')":{"('0005-PE-2014', 0)":null,"('0005-PE-2014', 1)":"MEDIA SANCION","('0005-PE-2014', 2)":null,"('0005-PE-2014', 3)":null,"('0005-PE-2014', 4)":"SANCIONADO"},"Sumario":{"('0005-PE-2014', 0)":"SUSTITUCION DE LOS ARTICULOS 16, 18 Y 19.","('0005-PE-2014', 1)":null,"('0005-PE-2014', 2)":null,"('0005-PE-2014', 3)":null,"('0005-PE-2014', 4)":null},"Palabra Clave":{"('0005-PE-2014', 0)":" ","('0005-PE-2014', 1)":null,"('0005-PE-2014', 2)":null,"('0005-PE-2014', 3)":null,"('0005-PE-2014', 4)":null}}