{"Tipo de Proyecto":{"('0006-D-2014', 0)":"PROYECTO DE RESOLUCI\u00d3N","('0006-D-2014', 1)":null},"Iniciado en: ":{"('0006-D-2014', 0)":"Diputados","('0006-D-2014', 1)":null},"Expediente Diputados: ":{"('0006-D-2014', 0)":"0006-D-2014","('0006-D-2014', 1)":null},"Publicado en: ":{"('0006-D-2014', 0)":"Tr\u00e1mite Parlamentario N\u00b0 1","('0006-D-2014', 1)":null},"Fecha: ":{"('0006-D-2014', 0)":"05\/03\/2014","('0006-D-2014', 1)":null},"T\u00edtulo":{"('0006-D-2014', 0)":"DECLARAR DE INTERES DE LA H. CAMARA EL VIII CONGRESO ARGENTINO DE SALUD MENTAL \"CUERPO Y SUBJETIVIDAD\" Y EL \"1 CONGRESO REGIONAL DE LA FEDERACION MUNDIAL DE SALUD MENTAL\" A REALIZARSE DEL 27 AL 29 DE AGOSTO DE 2014, EN LA CIUDAD AUTONOMA DE BUENOS AIRES.","('0006-D-2014', 1)":null},"('Firmantes', 'FIRMANTE')":{"('0006-D-2014', 0)":"GUCCIONE, JOSE DANIEL","('0006-D-2014', 1)":"DONKIN, CARLOS GUILLERMO"},"('Firmantes', 'DISTRITO')":{"('0006-D-2014', 0)":"MISIONES","('0006-D-2014', 1)":"FORMOSA"},"('Firmantes', 'BLOQUE')":{"('0006-D-2014', 0)":"FRENTE PARA LA VICTORIA - PJ","('0006-D-2014', 1)":"FRENTE PARA LA VICTORIA - PJ"},"('Giros', 'COMISI\u00d3N')":{"('0006-D-2014', 0)":"ACCION SOCIAL Y SALUD PUBLICA","('0006-D-2014', 1)":null},"('Tramites', 'C\u00c1MARA')":{"('0006-D-2014', 0)":"Diputados","('0006-D-2014', 1)":null},"('Tramites', 'MOVIMIENTO')":{"('0006-D-2014', 0)":"APROBACION ARTICULO 114 DEL REGLAMENTO DE LA H CAMARA DE DIPUTADOS; COMUNICADO EL 18\/06\/2014","('0006-D-2014', 1)":null},"('Tramites', 'FECHA')":{"('0006-D-2014', 0)":null,"('0006-D-2014', 1)":null},"('Tramites', 'RESULTADO')":{"('0006-D-2014', 0)":"APROBADO","('0006-D-2014', 1)":null},"Link":{"('0006-D-2014', 0)":"https:\/\/www.hcdn.gob.ar\/proyectos\/textoCompleto.jsp?exp=0006-D-2014&tipo=RESOLUCION","('0006-D-2014', 1)":null},"Palabra Clave":{"('0006-D-2014', 0)":" ","('0006-D-2014', 1)":null}}