{"Tipo de Proyecto":{"('0007-S-2014', 0)":"PROYECTO DE LEY"},"Iniciado en: ":{"('0007-S-2014', 0)":"Senado"},"Expediente Senado: ":{"('0007-S-2014', 0)":"0007-S-2014"},"Publicado en: ":{"('0007-S-2014', 0)":"Diario de Asuntos Entrados N\u00b0 1"},"Fecha: ":{"('0007-S-2014', 0)":"05\/03\/2014"},"T\u00edtulo":{"('0007-S-2014', 0)":"OBLIGATORIEDAD DE INCLUIR UN PLAN DE FORESTACION A TODA OBRA DE CONSTRUCCION, REPAVIMENTACION O MEJORA DE UNA RUTA NACIONAL (REPRODUCCION DEL EXPEDIENTE 0045-S-12)."},"('Firmantes', 'FIRMANTE')":{"('0007-S-2014', 0)":"BERMEJO, ROLANDO ADOLFO"},"('Firmantes', 'DISTRITO')":{"('0007-S-2014', 0)":"MENDOZA"},"('Firmantes', 'BLOQUE')":{"('0007-S-2014', 0)":"FRENTE PARA LA VICTORIA - PJ"},"Link":{"('0007-S-2014', 0)":"http:\/\/www.senado.gov.ar\/parlamentario\/comisiones\/verExp\/7.14\/S\/PL"},"Palabra Clave":{"('0007-S-2014', 0)":" "}}