{"Tipo de Proyecto":{"('0007-PE-2014', 0)":"MENSAJE NRO: 1845\/14 Y PROYECTO DE LEY","('0007-PE-2014', 1)":null,"('0007-PE-2014', 2)":null,"('0007-PE-2014', 3)":null},"Iniciado en: ":{"('0007-PE-2014', 0)":"Diputados","('0007-PE-2014', 1)":null,"('0007-PE-2014', 2)":null,"('0007-PE-2014', 3)":null},"Expediente Diputados: ":{"('0007-PE-2014', 0)":"0007-PE-2014","('0007-PE-2014', 1)":null,"('0007-PE-2014', 2)":null,"('0007-PE-2014', 3)":null},"Expediente Senado: ":{"('0007-PE-2014', 0)":"0076-CD-2014","('0007-PE-2014', 1)":null,"('0007-PE-2014', 2)":null,"('0007-PE-2014', 3)":null},"Publicado en: ":{"('0007-PE-2014', 0)":"Tr\u00e1mite Parlamentario N\u00b0 145","('0007-PE-2014', 1)":null,"('0007-PE-2014', 2)":null,"('0007-PE-2014', 3)":null},"Fecha: ":{"('0007-PE-2014', 0)":"15\/10\/2014","('0007-PE-2014', 1)":null,"('0007-PE-2014', 2)":null,"('0007-PE-2014', 3)":null},"T\u00edtulo":{"('0007-PE-2014', 0)":"AUTORIZACION A LA SE\u00d1ORA PRESIDENTA DE LA NACION PARA AUSENTARSE DEL PAIS DURANTE EL A\u00d1O 2015,  CUANDO RAZONES DE GOBIERNO ASI LO REQUIERAN.","('0007-PE-2014', 1)":null,"('0007-PE-2014', 2)":null,"('0007-PE-2014', 3)":null},"('Firmantes', 'FIRMANTE')":{"('0007-PE-2014', 0)":"FERNANDEZ DE KIRCHNER, CRISTINA","('0007-PE-2014', 1)":"CAPITANICH, JORGE","('0007-PE-2014', 2)":"RANDAZZO, FLORENCIO","('0007-PE-2014', 3)":null},"('Firmantes', 'DISTRITO')":{"('0007-PE-2014', 0)":null,"('0007-PE-2014', 1)":null,"('0007-PE-2014', 2)":null,"('0007-PE-2014', 3)":null},"('Firmantes', 'BLOQUE')":{"('0007-PE-2014', 0)":"PODER EJECUTIVO","('0007-PE-2014', 1)":"PODER EJECUTIVO","('0007-PE-2014', 2)":"PODER EJECUTIVO","('0007-PE-2014', 3)":null},"('Giros', 'COMISI\u00d3N')":{"('0007-PE-2014', 0)":"ASUNTOS CONSTITUCIONALES","('0007-PE-2014', 1)":null,"('0007-PE-2014', 2)":null,"('0007-PE-2014', 3)":null},"('Tramites', 'C\u00c1MARA')":{"('0007-PE-2014', 0)":"Diputados","('0007-PE-2014', 1)":"Diputados","('0007-PE-2014', 2)":"Senado","('0007-PE-2014', 3)":"Senado"},"('Tramites', 'MOVIMIENTO')":{"('0007-PE-2014', 0)":"CITACION SESION ESPECIAL","('0007-PE-2014', 1)":"CONSIDERACION Y APROBACION","('0007-PE-2014', 2)":"PASA A SENADO -","('0007-PE-2014', 3)":"CONSIDERACION Y SANCION"},"('Tramites', 'FECHA')":{"('0007-PE-2014', 0)":"29\/10\/2014","('0007-PE-2014', 1)":"29\/10\/2014","('0007-PE-2014', 2)":null,"('0007-PE-2014', 3)":"03\/12\/2014"},"('Tramites', 'RESULTADO')":{"('0007-PE-2014', 0)":null,"('0007-PE-2014', 1)":"MEDIA SANCION","('0007-PE-2014', 2)":null,"('0007-PE-2014', 3)":"SANCIONADO"},"Link":{"('0007-PE-2014', 0)":"http:\/\/www.senado.gov.ar\/web\/proyectos\/verExpe.php?origen=CD&nro_comision=&tipo=PL&numexp=76\/14&tConsulta=4","('0007-PE-2014', 1)":null,"('0007-PE-2014', 2)":null,"('0007-PE-2014', 3)":null},"Palabra Clave":{"('0007-PE-2014', 0)":" ","('0007-PE-2014', 1)":null,"('0007-PE-2014', 2)":null,"('0007-PE-2014', 3)":null}}