{"Tipo de Proyecto":{"('0007-D-2014', 0)":"PROYECTO DE LEY","('0007-D-2014', 1)":null,"('0007-D-2014', 2)":null,"('0007-D-2014', 3)":null,"('0007-D-2014', 4)":null},"Iniciado en: ":{"('0007-D-2014', 0)":"Diputados","('0007-D-2014', 1)":null,"('0007-D-2014', 2)":null,"('0007-D-2014', 3)":null,"('0007-D-2014', 4)":null},"Expediente Diputados: ":{"('0007-D-2014', 0)":"0007-D-2014","('0007-D-2014', 1)":null,"('0007-D-2014', 2)":null,"('0007-D-2014', 3)":null,"('0007-D-2014', 4)":null},"Publicado en: ":{"('0007-D-2014', 0)":"Tr\u00e1mite Parlamentario N\u00b0 1","('0007-D-2014', 1)":null,"('0007-D-2014', 2)":null,"('0007-D-2014', 3)":null,"('0007-D-2014', 4)":null},"Fecha: ":{"('0007-D-2014', 0)":"05\/03\/2014","('0007-D-2014', 1)":null,"('0007-D-2014', 2)":null,"('0007-D-2014', 3)":null,"('0007-D-2014', 4)":null},"T\u00edtulo":{"('0007-D-2014', 0)":"DECLARAR EL 14 DE MAYO DE CADA A\u00d1O COMO DIA NACIONAL DEL FUTBOLISTA.","('0007-D-2014', 1)":null,"('0007-D-2014', 2)":null,"('0007-D-2014', 3)":null,"('0007-D-2014', 4)":null},"('Firmantes', 'FIRMANTE')":{"('0007-D-2014', 0)":"BIANCHI, IVANA MARIA","('0007-D-2014', 1)":"AGUILAR, LINO WALTER","('0007-D-2014', 2)":"PUCHETA, RAMONA","('0007-D-2014', 3)":"ARENAS, BERTA HORTENSIA","('0007-D-2014', 4)":"SALINO, FERNANDO ALDO"},"('Firmantes', 'DISTRITO')":{"('0007-D-2014', 0)":"SAN LUIS","('0007-D-2014', 1)":"SAN LUIS","('0007-D-2014', 2)":"BUENOS AIRES","('0007-D-2014', 3)":"SAN LUIS","('0007-D-2014', 4)":"SAN LUIS"},"('Firmantes', 'BLOQUE')":{"('0007-D-2014', 0)":"COMPROMISO FEDERAL","('0007-D-2014', 1)":"COMPROMISO FEDERAL","('0007-D-2014', 2)":"FRENTE POR LA INCLUSION SOCIAL","('0007-D-2014', 3)":"COMPROMISO FEDERAL","('0007-D-2014', 4)":"COMPROMISO FEDERAL"},"('Giros', 'COMISI\u00d3N')":{"('0007-D-2014', 0)":"DEPORTES","('0007-D-2014', 1)":"LEGISLACION GENERAL","('0007-D-2014', 2)":null,"('0007-D-2014', 3)":null,"('0007-D-2014', 4)":null},"('Tramites', 'C\u00c1MARA')":{"('0007-D-2014', 0)":"Diputados","('0007-D-2014', 1)":null,"('0007-D-2014', 2)":null,"('0007-D-2014', 3)":null,"('0007-D-2014', 4)":null},"('Tramites', 'MOVIMIENTO')":{"('0007-D-2014', 0)":"REPRODUCIDO POR EXPEDIENTE 0098-D-16","('0007-D-2014', 1)":null,"('0007-D-2014', 2)":null,"('0007-D-2014', 3)":null,"('0007-D-2014', 4)":null},"('Tramites', 'FECHA')":{"('0007-D-2014', 0)":null,"('0007-D-2014', 1)":null,"('0007-D-2014', 2)":null,"('0007-D-2014', 3)":null,"('0007-D-2014', 4)":null},"('Tramites', 'RESULTADO')":{"('0007-D-2014', 0)":null,"('0007-D-2014', 1)":null,"('0007-D-2014', 2)":null,"('0007-D-2014', 3)":null,"('0007-D-2014', 4)":null},"Link":{"('0007-D-2014', 0)":"https:\/\/www.hcdn.gob.ar\/proyectos\/textoCompleto.jsp?exp=0007-D-2014&tipo=LEY","('0007-D-2014', 1)":null,"('0007-D-2014', 2)":null,"('0007-D-2014', 3)":null,"('0007-D-2014', 4)":null},"Palabra Clave":{"('0007-D-2014', 0)":" ","('0007-D-2014', 1)":null,"('0007-D-2014', 2)":null,"('0007-D-2014', 3)":null,"('0007-D-2014', 4)":null}}