{"Tipo de Proyecto":{"('0008-S-2014', 0)":"PROYECTO DE LEY"},"Iniciado en: ":{"('0008-S-2014', 0)":"Senado"},"Expediente Senado: ":{"('0008-S-2014', 0)":"0008-S-2014"},"Publicado en: ":{"('0008-S-2014', 0)":"Diario de Asuntos Entrados N\u00b0 1"},"Fecha: ":{"('0008-S-2014', 0)":"05\/03\/2014"},"T\u00edtulo":{"('0008-S-2014', 0)":"PROGRAMA PARA EL FOMENTO Y DESARROLLO DE LA PRODUCCION DE NOGALES (REPRODUCCION DEL EXPEDIENTE 0046-S-12)."},"('Firmantes', 'FIRMANTE')":{"('0008-S-2014', 0)":"BERMEJO, ROLANDO ADOLFO"},"('Firmantes', 'DISTRITO')":{"('0008-S-2014', 0)":"MENDOZA"},"('Firmantes', 'BLOQUE')":{"('0008-S-2014', 0)":"FRENTE PARA LA VICTORIA - PJ"},"Sumario":{"('0008-S-2014', 0)":"AUTORIDAD DE APLICACION; FINANCIAMIENTO; BENEFICIARIOS."},"Palabra Clave":{"('0008-S-2014', 0)":" "}}