{"Tipo de Proyecto":{"('0008-JGM-2014', 0)":"MENSAJE NRO: 0428\/14","('0008-JGM-2014', 1)":null,"('0008-JGM-2014', 2)":null,"('0008-JGM-2014', 3)":null},"Iniciado en: ":{"('0008-JGM-2014', 0)":"Diputados","('0008-JGM-2014', 1)":null,"('0008-JGM-2014', 2)":null,"('0008-JGM-2014', 3)":null},"Expediente Diputados: ":{"('0008-JGM-2014', 0)":"0008-JGM-2014","('0008-JGM-2014', 1)":null,"('0008-JGM-2014', 2)":null,"('0008-JGM-2014', 3)":null},"Publicado en: ":{"('0008-JGM-2014', 0)":"Tr\u00e1mite Parlamentario N\u00b0 65","('0008-JGM-2014', 1)":null,"('0008-JGM-2014', 2)":null,"('0008-JGM-2014', 3)":null},"Fecha: ":{"('0008-JGM-2014', 0)":"12\/06\/2014","('0008-JGM-2014', 1)":null,"('0008-JGM-2014', 2)":null,"('0008-JGM-2014', 3)":null},"T\u00edtulo":{"('0008-JGM-2014', 0)":"COMUNICACION DEL DICTADO DEL DECRETO DE NECESIDAD Y URGENCIA 810\/2014, POR EL CUAL SE MODIFICA EL DECRETO 1661\/1996, SOBRE MISIONES, FUNCIONES Y CONDUCCION DEL CONSEJO NACIONAL DE INVESTIGACIONES CIENTIFICAS Y TECNICAS (CONICET).","('0008-JGM-2014', 1)":null,"('0008-JGM-2014', 2)":null,"('0008-JGM-2014', 3)":null},"('Firmantes', 'FIRMANTE')":{"('0008-JGM-2014', 0)":"CAPITANICH, JORGE","('0008-JGM-2014', 1)":"BARA\u00d1AO, LINO","('0008-JGM-2014', 2)":null,"('0008-JGM-2014', 3)":null},"('Firmantes', 'DISTRITO')":{"('0008-JGM-2014', 0)":null,"('0008-JGM-2014', 1)":null,"('0008-JGM-2014', 2)":null,"('0008-JGM-2014', 3)":null},"('Firmantes', 'BLOQUE')":{"('0008-JGM-2014', 0)":"PODER EJECUTIVO","('0008-JGM-2014', 1)":"PODER EJECUTIVO","('0008-JGM-2014', 2)":null,"('0008-JGM-2014', 3)":null},"('Giros', 'COMISI\u00d3N')":{"('0008-JGM-2014', 0)":"BICAMERAL PERMANENTE DE TRAMITE LEGISLATIVO - LEY 26122","('0008-JGM-2014', 1)":null,"('0008-JGM-2014', 2)":null,"('0008-JGM-2014', 3)":null},"('Tramites', 'C\u00c1MARA')":{"('0008-JGM-2014', 0)":"Diputados","('0008-JGM-2014', 1)":"Diputados","('0008-JGM-2014', 2)":"Diputados","('0008-JGM-2014', 3)":"Diputados"},"('Tramites', 'MOVIMIENTO')":{"('0008-JGM-2014', 0)":"MANIFESTACIONES","('0008-JGM-2014', 1)":"MOCION DE VOTACION NOMINAL (AFIRMATIVA)","('0008-JGM-2014', 2)":"CONSIDERACION Y APROBACION","('0008-JGM-2014', 3)":"VER TRAMITE DEL DECRETO EN SENADO EN EXPEDIENTE 2098-S-2014"},"('Tramites', 'FECHA')":{"('0008-JGM-2014', 0)":"27\/08\/2014","('0008-JGM-2014', 1)":"27\/08\/2014","('0008-JGM-2014', 2)":"27\/08\/2014","('0008-JGM-2014', 3)":null},"('Tramites', 'RESULTADO')":{"('0008-JGM-2014', 0)":null,"('0008-JGM-2014', 1)":null,"('0008-JGM-2014', 2)":"APROBADO","('0008-JGM-2014', 3)":null},"Palabra Clave":{"('0008-JGM-2014', 0)":" ","('0008-JGM-2014', 1)":null,"('0008-JGM-2014', 2)":null,"('0008-JGM-2014', 3)":null}}