{"Tipo de Proyecto":{"('0009-S-2014', 0)":"PROYECTO DE LEY"},"Iniciado en: ":{"('0009-S-2014', 0)":"Senado"},"Expediente Senado: ":{"('0009-S-2014', 0)":"0009-S-2014"},"Publicado en: ":{"('0009-S-2014', 0)":"Diario de Asuntos Entrados N\u00b0 1"},"Fecha: ":{"('0009-S-2014', 0)":"05\/03\/2014"},"T\u00edtulo":{"('0009-S-2014', 0)":"MODIFICACION DEL ARTICULO 94 DEL CODIGO ELECTORAL, LEY 19945; RESPECTO DE ASISTIR A PERSONAS NO VIDENTES O QUE TUVIEREN ALGUNA IMPOSIBILIDAD CONCRETA PARA EFECTUAR TODOS O ALGUNOS DE LOS MOVIMIENTOS PROPIOS PARA SUFRAGA (REPRODUCCION DEL EXPEDIENTE 0047-S-12)."},"('Firmantes', 'FIRMANTE')":{"('0009-S-2014', 0)":"BERMEJO, ROLANDO ADOLFO"},"('Firmantes', 'DISTRITO')":{"('0009-S-2014', 0)":"MENDOZA"},"('Firmantes', 'BLOQUE')":{"('0009-S-2014', 0)":"FRENTE PARA LA VICTORIA - PJ"},"Link":{"('0009-S-2014', 0)":"http:\/\/www.senado.gov.ar\/parlamentario\/comisiones\/verExp\/9.14\/S\/PL"},"Palabra Clave":{"('0009-S-2014', 0)":" "}}