{"Tipo de Proyecto":{"('0009-D-2014', 0)":"PROYECTO DE RESOLUCI\u00d3N"},"Iniciado en: ":{"('0009-D-2014', 0)":"Diputados"},"Expediente Diputados: ":{"('0009-D-2014', 0)":"0009-D-2014"},"Publicado en: ":{"('0009-D-2014', 0)":"Tr\u00e1mite Parlamentario N\u00b0 1"},"Fecha: ":{"('0009-D-2014', 0)":"05\/03\/2014"},"T\u00edtulo":{"('0009-D-2014', 0)":"PEDIDO DE INFORMES AL PODER EJECUTIVO SOBRE DIVERSAS CUESTIONES RELACIONADAS CON LA REITERADA FUGA DE PRESOS."},"('Firmantes', 'FIRMANTE')":{"('0009-D-2014', 0)":"BIANCHI, IVANA MARIA"},"('Firmantes', 'DISTRITO')":{"('0009-D-2014', 0)":"SAN LUIS"},"('Firmantes', 'BLOQUE')":{"('0009-D-2014', 0)":"COMPROMISO FEDERAL"},"('Giros', 'COMISI\u00d3N')":{"('0009-D-2014', 0)":"LEGISLACION PENAL"},"Link":{"('0009-D-2014', 0)":"https:\/\/www.hcdn.gob.ar\/proyectos\/textoCompleto.jsp?exp=0009-D-2014&tipo=RESOLUCION"},"Palabra Clave":{"('0009-D-2014', 0)":" "}}