{"Tipo de Proyecto":{"('0009-PE-2014', 0)":"MENSAJE NRO: 2064\/14","('0009-PE-2014', 1)":null},"Iniciado en: ":{"('0009-PE-2014', 0)":"Diputados","('0009-PE-2014', 1)":null},"Expediente Diputados: ":{"('0009-PE-2014', 0)":"0009-PE-2014","('0009-PE-2014', 1)":null},"Publicado en: ":{"('0009-PE-2014', 0)":"Tr\u00e1mite Parlamentario N\u00b0 165","('0009-PE-2014', 1)":null},"Fecha: ":{"('0009-PE-2014', 0)":"13\/11\/2014","('0009-PE-2014', 1)":null},"T\u00edtulo":{"('0009-PE-2014', 0)":"COMUNICACION DEL DECRETO 2063 DEL 12 DE NOVIEMBRE DE 2014 POR EL CUAL SE PRORROGAN LAS SESIONES ORDINARIAS  HASTA EL 31 DE DICIEMBRE DE 2014.","('0009-PE-2014', 1)":null},"('Firmantes', 'FIRMANTE')":{"('0009-PE-2014', 0)":"FERNANDEZ DE KIRCHNER, CRISTINA","('0009-PE-2014', 1)":"CAPITANICH, JORGE"},"('Firmantes', 'DISTRITO')":{"('0009-PE-2014', 0)":null,"('0009-PE-2014', 1)":null},"('Firmantes', 'BLOQUE')":{"('0009-PE-2014', 0)":"PODER EJECUTIVO","('0009-PE-2014', 1)":"PODER EJECUTIVO"},"('Giros', 'COMISI\u00d3N')":{"('0009-PE-2014', 0)":"A LA PRESIDENCIA","('0009-PE-2014', 1)":null},"Palabra Clave":{"('0009-PE-2014', 0)":" ","('0009-PE-2014', 1)":null}}