{"Tipo de Proyecto":{"('0010-JGM-2014', 0)":"MENSAJE NRO: 0502\/14","('0010-JGM-2014', 1)":null},"Iniciado en: ":{"('0010-JGM-2014', 0)":"Diputados","('0010-JGM-2014', 1)":null},"Expediente Diputados: ":{"('0010-JGM-2014', 0)":"0010-JGM-2014","('0010-JGM-2014', 1)":null},"Publicado en: ":{"('0010-JGM-2014', 0)":"Tr\u00e1mite Parlamentario N\u00b0 74","('0010-JGM-2014', 1)":null},"Fecha: ":{"('0010-JGM-2014', 0)":"26\/06\/2014","('0010-JGM-2014', 1)":null},"T\u00edtulo":{"('0010-JGM-2014', 0)":"COMUNICACION DEL INFORME DE AVANCE SOBRE LA ELABORACION DEL PROYECTO DE LEY DEL PRESUPUESTO GENERAL DE LA ADMINISTRACION NACIONAL CORRESPONDIENTE AL EJERCICIO 2015.","('0010-JGM-2014', 1)":null},"('Firmantes', 'FIRMANTE')":{"('0010-JGM-2014', 0)":"CAPITANICH, JORGE","('0010-JGM-2014', 1)":"KICILLOF, AXEL"},"('Firmantes', 'DISTRITO')":{"('0010-JGM-2014', 0)":null,"('0010-JGM-2014', 1)":null},"('Firmantes', 'BLOQUE')":{"('0010-JGM-2014', 0)":"PODER EJECUTIVO","('0010-JGM-2014', 1)":"PODER EJECUTIVO"},"('Giros', 'COMISI\u00d3N')":{"('0010-JGM-2014', 0)":"PRESUPUESTO Y HACIENDA","('0010-JGM-2014', 1)":null},"Palabra Clave":{"('0010-JGM-2014', 0)":" ","('0010-JGM-2014', 1)":null}}