{"Tipo de Proyecto":{"('0011-S-2014', 0)":"MENSAJE NRO: 0252\/14 Y PROYECTO DE LEY","('0011-S-2014', 1)":null,"('0011-S-2014', 2)":null,"('0011-S-2014', 3)":null,"('0011-S-2014', 4)":null,"('0011-S-2014', 5)":null},"Iniciado en: ":{"('0011-S-2014', 0)":"Senado","('0011-S-2014', 1)":null,"('0011-S-2014', 2)":null,"('0011-S-2014', 3)":null,"('0011-S-2014', 4)":null,"('0011-S-2014', 5)":null},"Expediente Diputados: ":{"('0011-S-2014', 0)":"0011-S-2014","('0011-S-2014', 1)":null,"('0011-S-2014', 2)":null,"('0011-S-2014', 3)":null,"('0011-S-2014', 4)":null,"('0011-S-2014', 5)":null},"Expediente Senado: ":{"('0011-S-2014', 0)":"0002-PE-2014","('0011-S-2014', 1)":null,"('0011-S-2014', 2)":null,"('0011-S-2014', 3)":null,"('0011-S-2014', 4)":null,"('0011-S-2014', 5)":null},"Publicado en: ":{"('0011-S-2014', 0)":"Diario de Asuntos Entrados N\u00b0 17","('0011-S-2014', 1)":null,"('0011-S-2014', 2)":null,"('0011-S-2014', 3)":null,"('0011-S-2014', 4)":null,"('0011-S-2014', 5)":null},"Fecha: ":{"('0011-S-2014', 0)":"12\/03\/2014","('0011-S-2014', 1)":null,"('0011-S-2014', 2)":null,"('0011-S-2014', 3)":null,"('0011-S-2014', 4)":null,"('0011-S-2014', 5)":null},"T\u00edtulo":{"('0011-S-2014', 0)":"RATIFICACION DEL CONVENIO CELEBRADO ENTRE EL ESTADO NACIONAL Y LA CIUDAD AUTONOMA DE BUENOS AIRES EL 22 DE ENERO DE 2014, POR EL CUAL LA MENCIONADA CIUDAD OTORGA AL PEN EL DERECHO REAL DE USUFRUCTO DE DIVERSOS EDIFICIOS UBICADOS EN LA MISMA.","('0011-S-2014', 1)":null,"('0011-S-2014', 2)":null,"('0011-S-2014', 3)":null,"('0011-S-2014', 4)":null,"('0011-S-2014', 5)":null},"('Firmantes', 'FIRMANTE')":{"('0011-S-2014', 0)":"FERNANDEZ DE KIRCHNER, CRISTINA","('0011-S-2014', 1)":"CAPITANICH, JORGE","('0011-S-2014', 2)":"ALAK, JULIO","('0011-S-2014', 3)":null,"('0011-S-2014', 4)":null,"('0011-S-2014', 5)":null},"('Firmantes', 'DISTRITO')":{"('0011-S-2014', 0)":null,"('0011-S-2014', 1)":null,"('0011-S-2014', 2)":null,"('0011-S-2014', 3)":null,"('0011-S-2014', 4)":null,"('0011-S-2014', 5)":null},"('Firmantes', 'BLOQUE')":{"('0011-S-2014', 0)":"PODER EJECUTIVO","('0011-S-2014', 1)":"PODER EJECUTIVO","('0011-S-2014', 2)":"PODER EJECUTIVO","('0011-S-2014', 3)":null,"('0011-S-2014', 4)":null,"('0011-S-2014', 5)":null},"('Giros', 'COMISI\u00d3N')":{"('0011-S-2014', 0)":"LEGISLACION GENERAL","('0011-S-2014', 1)":"DERECHOS HUMANOS Y GARANTIAS","('0011-S-2014', 2)":"PRESUPUESTO Y HACIENDA","('0011-S-2014', 3)":null,"('0011-S-2014', 4)":null,"('0011-S-2014', 5)":null},"('Tramites', 'C\u00c1MARA')":{"('0011-S-2014', 0)":"Senado","('0011-S-2014', 1)":"Senado","('0011-S-2014', 2)":"Diputados","('0011-S-2014', 3)":"Diputados","('0011-S-2014', 4)":"Diputados","('0011-S-2014', 5)":"Diputados"},"('Tramites', 'MOVIMIENTO')":{"('0011-S-2014', 0)":"CONSIDERACION Y APROBACION","('0011-S-2014', 1)":"INSERCION DE LA SENADORA MONLLAU","('0011-S-2014', 2)":"PASA A DIPUTADOS -","('0011-S-2014', 3)":"CITACION SESION ESPECIAL","('0011-S-2014', 4)":"CONSIDERACION Y SANCION","('0011-S-2014', 5)":"INSERCIONES"},"('Tramites', 'FECHA')":{"('0011-S-2014', 0)":"09\/04\/2014","('0011-S-2014', 1)":"09\/04\/2014","('0011-S-2014', 2)":null,"('0011-S-2014', 3)":"14\/05\/2014","('0011-S-2014', 4)":"14\/05\/2014","('0011-S-2014', 5)":"14\/05\/2014"},"('Tramites', 'RESULTADO')":{"('0011-S-2014', 0)":"MEDIA SANCION","('0011-S-2014', 1)":null,"('0011-S-2014', 2)":null,"('0011-S-2014', 3)":null,"('0011-S-2014', 4)":"SANCIONADO","('0011-S-2014', 5)":null},"Sumario":{"('0011-S-2014', 0)":"INMUEBLES DONDE FUNCIONARON CENTROS CLANDESTINOS DE DETENCION: EX-ESMA, AUTOMOTORES ORLETTI, CLUB ATLETICO EL OLIMPO, Y VIRREY CEVALLOS; ADMINISTRACION POR PARTE DEL PODER EJECUTIVO NACIONAL; TRANSFERENCIA DE PERSONAL.","('0011-S-2014', 1)":null,"('0011-S-2014', 2)":null,"('0011-S-2014', 3)":null,"('0011-S-2014', 4)":null,"('0011-S-2014', 5)":null},"Palabra Clave":{"('0011-S-2014', 0)":" ","('0011-S-2014', 1)":null,"('0011-S-2014', 2)":null,"('0011-S-2014', 3)":null,"('0011-S-2014', 4)":null,"('0011-S-2014', 5)":null}}