{"Tipo de Proyecto":{"('0012-PE-2014', 0)":"MENSAJE NRO: 0138\/15","('0012-PE-2014', 1)":null},"Iniciado en: ":{"('0012-PE-2014', 0)":"Diputados","('0012-PE-2014', 1)":null},"Expediente Diputados: ":{"('0012-PE-2014', 0)":"0012-PE-2014","('0012-PE-2014', 1)":null},"Publicado en: ":{"('0012-PE-2014', 0)":"Tr\u00e1mite Parlamentario N\u00b0 190","('0012-PE-2014', 1)":null},"Fecha: ":{"('0012-PE-2014', 0)":"03\/02\/2015","('0012-PE-2014', 1)":null},"T\u00edtulo":{"('0012-PE-2014', 0)":"COMUNICACION DEL DECRETO 137 POR EL CUAL SE CONVOCA A SESIONES EXTRAORDINARIAS DESDE EL 1 HASTA EL 28 DE FEBRERO DE 2015.","('0012-PE-2014', 1)":null},"('Firmantes', 'FIRMANTE')":{"('0012-PE-2014', 0)":"FERNANDEZ DE KIRCHNER, CRISTINA","('0012-PE-2014', 1)":"CAPITANICH, JORGE"},"('Firmantes', 'DISTRITO')":{"('0012-PE-2014', 0)":null,"('0012-PE-2014', 1)":null},"('Firmantes', 'BLOQUE')":{"('0012-PE-2014', 0)":"PODER EJECUTIVO","('0012-PE-2014', 1)":"PODER EJECUTIVO"},"('Giros', 'COMISI\u00d3N')":{"('0012-PE-2014', 0)":"A LA PRESIDENCIA","('0012-PE-2014', 1)":null},"Palabra Clave":{"('0012-PE-2014', 0)":" ","('0012-PE-2014', 1)":null}}