{"Tipo de Proyecto":{"('0014-D-2014', 0)":"PROYECTO DE RESOLUCI\u00d3N"},"Iniciado en: ":{"('0014-D-2014', 0)":"Diputados"},"Expediente Diputados: ":{"('0014-D-2014', 0)":"0014-D-2014"},"Publicado en: ":{"('0014-D-2014', 0)":"Tr\u00e1mite Parlamentario N\u00b0 1"},"Fecha: ":{"('0014-D-2014', 0)":"05\/03\/2014"},"T\u00edtulo":{"('0014-D-2014', 0)":"PEDIDO DE INFORMES AL PODER EJECUTIVO SOBRE EL CONVENIO CELEBRADO ENTRE EL VICE PRESIDENTE DE ARGENTINA, AMADO BOUDOU, Y LA UNIVERSIDAD NACIONAL DE SAN MARTIN, REFERIDO A ACTIVIDADES DE PRENSA DEL H. SENADO. "},"('Firmantes', 'FIRMANTE')":{"('0014-D-2014', 0)":"BIANCHI, IVANA MARIA"},"('Firmantes', 'DISTRITO')":{"('0014-D-2014', 0)":"SAN LUIS"},"('Firmantes', 'BLOQUE')":{"('0014-D-2014', 0)":"COMPROMISO FEDERAL"},"('Giros', 'COMISI\u00d3N')":{"('0014-D-2014', 0)":"ASUNTOS CONSTITUCIONALES"},"Link":{"('0014-D-2014', 0)":"https:\/\/www.hcdn.gob.ar\/proyectos\/textoCompleto.jsp?exp=0014-D-2014&tipo=RESOLUCION"},"Palabra Clave":{"('0014-D-2014', 0)":" "}}