{"Tipo de Proyecto":{"('0014-OV-2014', 0)":"PROYECTO DE RESOLUCI\u00d3N"},"Iniciado en: ":{"('0014-OV-2014', 0)":"Senado"},"Expediente Senado: ":{"('0014-OV-2014', 0)":"0014-OV-2014"},"Fecha: ":{"('0014-OV-2014', 0)":"26\/09\/2014"},"T\u00edtulo":{"('0014-OV-2014', 0)":"RESOLUCIONES REMITIDAS POR LA AUDITORIA GENERAL DE LA NACION 19\/14 Y 20\/14, REFERIDAS A LOS INFORMES DE AUDITORIA SOBRE LOS ESTADOS FINANCIEROS POR EL PERIODO SEMESTRAL 30 DE JUNIO DE 2012 (0014-OV-14) Y POR EL EJERCICIO FINALIZADO EL 31 DE DICIEMBRE DE 2012 (0015-OV-14), RESPECTIVAMENTE, DEL PRESTAMO CON LA CORPORACION ANDINA DE FOMENTO (CAF) REFERIDO AL \"PROGRAMA DE OBRAS VIALES DE INTEGRACION ENTRE ARGENTINA Y PARAGUAY (PRESTAMO CFA4724)\" DE LA ENTIDAD BINACIONAL YACYRETA."},"('Firmantes', 'FIRMANTE')":{"('0014-OV-2014', 0)":"PARLAMENTARIA MIXTA REVISORA DE CUENTAS"},"('Firmantes', 'DISTRITO')":{"('0014-OV-2014', 0)":null},"('Firmantes', 'BLOQUE')":{"('0014-OV-2014', 0)":null},"('Tramites', 'C\u00c1MARA')":{"('0014-OV-2014', 0)":"Senado"},"('Tramites', 'MOVIMIENTO')":{"('0014-OV-2014', 0)":"CONSIDERACION Y APROBACION (AL ARCHIVO)"},"('Tramites', 'FECHA')":{"('0014-OV-2014', 0)":"10\/12\/2014"},"('Tramites', 'RESULTADO')":{"('0014-OV-2014', 0)":"APROBADO"},"Sumario":{"('0014-OV-2014', 0)":"HABIENDO TOMADO CONOCIMIENTO Y SIN PERJUICIO DE ULTERIORES MEDIDAS QUE PUEDAN ADOPTARSE, SE ACONSEJA SU REMISION AL ARCHIVO."},"Palabra Clave":{"('0014-OV-2014', 0)":" "}}