{"Tipo de Proyecto":{"('0015-JGM-2014', 0)":"MENSAJE NRO: 0071\/15 Y PROYECTO DE LEY","('0015-JGM-2014', 1)":null,"('0015-JGM-2014', 2)":null,"('0015-JGM-2014', 3)":null,"('0015-JGM-2014', 4)":null,"('0015-JGM-2014', 5)":null},"Iniciado en: ":{"('0015-JGM-2014', 0)":"Diputados","('0015-JGM-2014', 1)":null,"('0015-JGM-2014', 2)":null,"('0015-JGM-2014', 3)":null,"('0015-JGM-2014', 4)":null,"('0015-JGM-2014', 5)":null},"Expediente Diputados: ":{"('0015-JGM-2014', 0)":"0015-JGM-2014","('0015-JGM-2014', 1)":null,"('0015-JGM-2014', 2)":null,"('0015-JGM-2014', 3)":null,"('0015-JGM-2014', 4)":null,"('0015-JGM-2014', 5)":null},"Expediente Senado: ":{"('0015-JGM-2014', 0)":"0064-CD-2014","('0015-JGM-2014', 1)":null,"('0015-JGM-2014', 2)":null,"('0015-JGM-2014', 3)":null,"('0015-JGM-2014', 4)":null,"('0015-JGM-2014', 5)":null},"Publicado en: ":{"('0015-JGM-2014', 0)":"Tr\u00e1mite Parlamentario N\u00b0 123","('0015-JGM-2014', 1)":null,"('0015-JGM-2014', 2)":null,"('0015-JGM-2014', 3)":null,"('0015-JGM-2014', 4)":null,"('0015-JGM-2014', 5)":null},"Fecha: ":{"('0015-JGM-2014', 0)":"12\/09\/2014","('0015-JGM-2014', 1)":null,"('0015-JGM-2014', 2)":null,"('0015-JGM-2014', 3)":null,"('0015-JGM-2014', 4)":null,"('0015-JGM-2014', 5)":null},"T\u00edtulo":{"('0015-JGM-2014', 0)":"PRESUPUESTO GENERAL DE LA ADMINISTRACION NACIONAL PARA EL EJERCICIO FISCAL DEL A\u00d1O 2015.","('0015-JGM-2014', 1)":null,"('0015-JGM-2014', 2)":null,"('0015-JGM-2014', 3)":null,"('0015-JGM-2014', 4)":null,"('0015-JGM-2014', 5)":null},"('Firmantes', 'FIRMANTE')":{"('0015-JGM-2014', 0)":"CAPITANICH, JORGE","('0015-JGM-2014', 1)":"KICILLOF, AXEL","('0015-JGM-2014', 2)":null,"('0015-JGM-2014', 3)":null,"('0015-JGM-2014', 4)":null,"('0015-JGM-2014', 5)":null},"('Firmantes', 'DISTRITO')":{"('0015-JGM-2014', 0)":null,"('0015-JGM-2014', 1)":null,"('0015-JGM-2014', 2)":null,"('0015-JGM-2014', 3)":null,"('0015-JGM-2014', 4)":null,"('0015-JGM-2014', 5)":null},"('Firmantes', 'BLOQUE')":{"('0015-JGM-2014', 0)":"PODER EJECUTIVO","('0015-JGM-2014', 1)":"PODER EJECUTIVO","('0015-JGM-2014', 2)":null,"('0015-JGM-2014', 3)":null,"('0015-JGM-2014', 4)":null,"('0015-JGM-2014', 5)":null},"('Giros', 'COMISI\u00d3N')":{"('0015-JGM-2014', 0)":"PRESUPUESTO Y HACIENDA","('0015-JGM-2014', 1)":null,"('0015-JGM-2014', 2)":null,"('0015-JGM-2014', 3)":null,"('0015-JGM-2014', 4)":null,"('0015-JGM-2014', 5)":null},"('Tramites', 'C\u00c1MARA')":{"('0015-JGM-2014', 0)":"Diputados","('0015-JGM-2014', 1)":"Diputados","('0015-JGM-2014', 2)":"Diputados","('0015-JGM-2014', 3)":"Senado","('0015-JGM-2014', 4)":"Senado","('0015-JGM-2014', 5)":"Senado"},"('Tramites', 'MOVIMIENTO')":{"('0015-JGM-2014', 0)":"CITACION SESION ESPECIAL","('0015-JGM-2014', 1)":"CONSIDERACION Y APROBACION CON MODIFICACIONES (VOTACION NOMINAL ARTICULO 47)","('0015-JGM-2014', 2)":"INSERCIONES DE LOS DIPUTADOS AGUAD, ALONSO, BALDASSI, BERGMAN, BERNABEY, BOYADJIAN, BRIZUELA DEL MORAL, CARRIZO, COSTA, DIAZ BANCALARI, DE NARVAEZ, DONKIN, ELORRIAGA, FRANCIONI, GOMEZ BULL, GONZALEZ (G.E.), GONZALEZ (J.D.), HERRERA, IANNI, JAVKIN, LARROQUE, LEVERBERG, LOTTO, MADERA, MAJDALANI, MENDOZA, MOYANO, PEROTTI, PERRONI, REDKUK, RICCARDO, RUBIN, SALINO, SAN MARTIN, SCAGLIA, SOTO, TOMAS, U\u00d1AC","('0015-JGM-2014', 3)":"PASA A SENADO -","('0015-JGM-2014', 4)":"CONSIDERACION Y SANCION","('0015-JGM-2014', 5)":"INSERCIONES DE LOS SENADORES MONLLAU, MONTENEGRO, ITURREZ DE CAPELLINI, FERNANDEZ, PERSICO Y REUTEMANN"},"('Tramites', 'FECHA')":{"('0015-JGM-2014', 0)":"08\/10\/2014","('0015-JGM-2014', 1)":"08\/10\/2014","('0015-JGM-2014', 2)":"08\/10\/2014","('0015-JGM-2014', 3)":null,"('0015-JGM-2014', 4)":"29\/10\/2014","('0015-JGM-2014', 5)":"29\/10\/2014"},"('Tramites', 'RESULTADO')":{"('0015-JGM-2014', 0)":null,"('0015-JGM-2014', 1)":"MEDIA SANCION","('0015-JGM-2014', 2)":null,"('0015-JGM-2014', 3)":null,"('0015-JGM-2014', 4)":"SANCIONADO","('0015-JGM-2014', 5)":null},"Link":{"('0015-JGM-2014', 0)":"http:\/\/www.senado.gov.ar\/web\/proyectos\/verExpe.php?origen=CD&nro_comision=&tipo=PL&numexp=64\/14&tConsulta=4","('0015-JGM-2014', 1)":null,"('0015-JGM-2014', 2)":null,"('0015-JGM-2014', 3)":null,"('0015-JGM-2014', 4)":null,"('0015-JGM-2014', 5)":null},"Palabra Clave":{"('0015-JGM-2014', 0)":" ","('0015-JGM-2014', 1)":null,"('0015-JGM-2014', 2)":null,"('0015-JGM-2014', 3)":null,"('0015-JGM-2014', 4)":null,"('0015-JGM-2014', 5)":null}}