{"Tipo de Proyecto":{"('0015-PE-2014', 0)":"MENSAJE NRO: 0331\/14","('0015-PE-2014', 1)":null},"Iniciado en: ":{"('0015-PE-2014', 0)":"Senado","('0015-PE-2014', 1)":null},"Expediente Senado: ":{"('0015-PE-2014', 0)":"0015-PE-2014","('0015-PE-2014', 1)":null},"Publicado en: ":{"('0015-PE-2014', 0)":"DAE S.A. N\u00b0 1","('0015-PE-2014', 1)":null},"Fecha: ":{"('0015-PE-2014', 0)":"21\/03\/2014","('0015-PE-2014', 1)":null},"T\u00edtulo":{"('0015-PE-2014', 0)":"SOLICITA ACUERDO PARA DESIGNAR CONJUECES DE LA CAMARA FEDERAL DE APELACIONES DE MAR DEL PLATA.","('0015-PE-2014', 1)":null},"('Firmantes', 'FIRMANTE')":{"('0015-PE-2014', 0)":"BOUDOU, AMADO","('0015-PE-2014', 1)":"ALAK, JULIO"},"('Firmantes', 'DISTRITO')":{"('0015-PE-2014', 0)":null,"('0015-PE-2014', 1)":null},"('Firmantes', 'BLOQUE')":{"('0015-PE-2014', 0)":"PODER EJECUTIVO","('0015-PE-2014', 1)":"PODER EJECUTIVO"},"('Tramites', 'C\u00c1MARA')":{"('0015-PE-2014', 0)":"Senado","('0015-PE-2014', 1)":null},"('Tramites', 'MOVIMIENTO')":{"('0015-PE-2014', 0)":"CONSIDERACION Y APROBACION DE LOS PLIEGOS DE MARIA MAGDALENA FUNES Y CARLOS EZEQUIEL ONETO","('0015-PE-2014', 1)":null},"('Tramites', 'FECHA')":{"('0015-PE-2014', 0)":"27\/05\/2015","('0015-PE-2014', 1)":null},"('Tramites', 'RESULTADO')":{"('0015-PE-2014', 0)":"APROBADO","('0015-PE-2014', 1)":null},"Sumario":{"('0015-PE-2014', 0)":"DOCTORES LUCIANO BIANCHI, MAGDALENA FUNES Y CARLOS ONETO.","('0015-PE-2014', 1)":null},"Palabra Clave":{"('0015-PE-2014', 0)":" ","('0015-PE-2014', 1)":null}}