{"Tipo de Proyecto":{"('0016-OV-2014', 0)":"PROYECTO DE RESOLUCI\u00d3N"},"Iniciado en: ":{"('0016-OV-2014', 0)":"Senado"},"Expediente Senado: ":{"('0016-OV-2014', 0)":"0016-OV-2014"},"Fecha: ":{"('0016-OV-2014', 0)":"26\/09\/2014"},"T\u00edtulo":{"('0016-OV-2014', 0)":"RESOLUCION REMITIDA POR LA AUDITORIA GENERAL DE LA NACION 21\/14, APROBANDO EL INFORME REFERIDO A LA AUDITORIA PRACTICADA SOBRE LOS ESTADOS CONTABLES DEL EJERCICIO FINALIZADO EL 31 DE DICIEMBRE DE 2010, CORRESPONDIENTES A LA COMISION MIXTA ARGENTINO-PARAGUAYA DEL RIO PARANA (COMIP)."},"('Firmantes', 'FIRMANTE')":{"('0016-OV-2014', 0)":"PARLAMENTARIA MIXTA REVISORA DE CUENTAS"},"('Firmantes', 'DISTRITO')":{"('0016-OV-2014', 0)":null},"('Firmantes', 'BLOQUE')":{"('0016-OV-2014', 0)":null},"('Tramites', 'C\u00c1MARA')":{"('0016-OV-2014', 0)":"Senado"},"('Tramites', 'MOVIMIENTO')":{"('0016-OV-2014', 0)":"CONSIDERACION Y APROBACION (AL ARCHIVO)"},"('Tramites', 'FECHA')":{"('0016-OV-2014', 0)":"10\/12\/2014"},"('Tramites', 'RESULTADO')":{"('0016-OV-2014', 0)":"APROBADO"},"Sumario":{"('0016-OV-2014', 0)":"HABIENDO TOMADO CONOCIMIENTO Y SIN PERJUICIO DE ULTERIORES MEDIDAS QUE PUEDAN ADOPTARSE, SE ACONSEJA SU REMISION AL ARCHIVO."},"Palabra Clave":{"('0016-OV-2014', 0)":" "}}