{"Tipo de Proyecto":{"('0017-S-2014', 0)":"MENSAJE NRO: 0534\/14 Y PROYECTO DE LEY","('0017-S-2014', 1)":null,"('0017-S-2014', 2)":null,"('0017-S-2014', 3)":null,"('0017-S-2014', 4)":null,"('0017-S-2014', 5)":null},"Iniciado en: ":{"('0017-S-2014', 0)":"Senado","('0017-S-2014', 1)":null,"('0017-S-2014', 2)":null,"('0017-S-2014', 3)":null,"('0017-S-2014', 4)":null,"('0017-S-2014', 5)":null},"Expediente Diputados: ":{"('0017-S-2014', 0)":"0017-S-2014","('0017-S-2014', 1)":null,"('0017-S-2014', 2)":null,"('0017-S-2014', 3)":null,"('0017-S-2014', 4)":null,"('0017-S-2014', 5)":null},"Expediente Senado: ":{"('0017-S-2014', 0)":"0061-PE-2014","('0017-S-2014', 1)":null,"('0017-S-2014', 2)":null,"('0017-S-2014', 3)":null,"('0017-S-2014', 4)":null,"('0017-S-2014', 5)":null},"Publicado en: ":{"('0017-S-2014', 0)":"Diario de Asuntos Entrados N\u00b0 49","('0017-S-2014', 1)":null,"('0017-S-2014', 2)":null,"('0017-S-2014', 3)":null,"('0017-S-2014', 4)":null,"('0017-S-2014', 5)":null},"Fecha: ":{"('0017-S-2014', 0)":"15\/04\/2014","('0017-S-2014', 1)":null,"('0017-S-2014', 2)":null,"('0017-S-2014', 3)":null,"('0017-S-2014', 4)":null,"('0017-S-2014', 5)":null},"T\u00edtulo":{"('0017-S-2014', 0)":"PROMOCION DEL TRABAJO REGISTRADO Y PREVENCION DEL FRAUDE LABORAL. ","('0017-S-2014', 1)":null,"('0017-S-2014', 2)":null,"('0017-S-2014', 3)":null,"('0017-S-2014', 4)":null,"('0017-S-2014', 5)":null},"('Firmantes', 'FIRMANTE')":{"('0017-S-2014', 0)":"FERNANDEZ DE KIRCHNER, CRISTINA","('0017-S-2014', 1)":"CAPITANICH, JORGE","('0017-S-2014', 2)":"TOMADA, CARLOS","('0017-S-2014', 3)":null,"('0017-S-2014', 4)":null,"('0017-S-2014', 5)":null},"('Firmantes', 'DISTRITO')":{"('0017-S-2014', 0)":null,"('0017-S-2014', 1)":null,"('0017-S-2014', 2)":null,"('0017-S-2014', 3)":null,"('0017-S-2014', 4)":null,"('0017-S-2014', 5)":null},"('Firmantes', 'BLOQUE')":{"('0017-S-2014', 0)":"PODER EJECUTIVO","('0017-S-2014', 1)":"PODER EJECUTIVO","('0017-S-2014', 2)":"PODER EJECUTIVO","('0017-S-2014', 3)":null,"('0017-S-2014', 4)":null,"('0017-S-2014', 5)":null},"('Giros', 'COMISI\u00d3N')":{"('0017-S-2014', 0)":"LEGISLACION DEL TRABAJO","('0017-S-2014', 1)":"PRESUPUESTO Y HACIENDA","('0017-S-2014', 2)":null,"('0017-S-2014', 3)":null,"('0017-S-2014', 4)":null,"('0017-S-2014', 5)":null},"('Tramites', 'C\u00c1MARA')":{"('0017-S-2014', 0)":"Senado","('0017-S-2014', 1)":"Senado","('0017-S-2014', 2)":"Diputados","('0017-S-2014', 3)":"Diputados","('0017-S-2014', 4)":"Diputados","('0017-S-2014', 5)":"Senado"},"('Tramites', 'MOVIMIENTO')":{"('0017-S-2014', 0)":"CONSIDERACION Y APROBACION CON MODIFICACIONES","('0017-S-2014', 1)":"INSERCIONES DE LOS SENADORES MONLLAU, GARCIA LARRABURU, PERSICO, GIMENEZ, MANSILLA, BASUALDO, RIOFRIO Y LUNA","('0017-S-2014', 2)":"PASA A DIPUTADOS -","('0017-S-2014', 3)":"CITACION SESION ESPECIAL","('0017-S-2014', 4)":"CONSIDERACION Y SANCION","('0017-S-2014', 5)":"INSERCIONES"},"('Tramites', 'FECHA')":{"('0017-S-2014', 0)":"30\/04\/2014","('0017-S-2014', 1)":"30\/04\/2014","('0017-S-2014', 2)":null,"('0017-S-2014', 3)":"21\/05\/2014","('0017-S-2014', 4)":"21\/05\/2014","('0017-S-2014', 5)":"30\/04\/2014"},"('Tramites', 'RESULTADO')":{"('0017-S-2014', 0)":"MEDIA SANCION","('0017-S-2014', 1)":null,"('0017-S-2014', 2)":null,"('0017-S-2014', 3)":null,"('0017-S-2014', 4)":"SANCIONADO","('0017-S-2014', 5)":null},"Sumario":{"('0017-S-2014', 0)":"CREACION DEL REGISTRO PUBLICO DE EMPLEADORES CON SANCIONES LABORALES (REPSAL) EN EL AMBITO DEL MINISTERIO DE TRABAJO, EMPLEO Y SEGURIDAD SOCIAL; ALCANCE DE LA INCLUSION EN EL REPSAL; EFECTOS DE LA PUBLICACION DE LA SANCION; REGIMENES ESPECIALES DE PROMOCION DEL TRABAJO REGISTRADO; REGIMEN PERMANENTE DE CONTRIBUCIONES A LA SEGURIDAD SOCIAL PARA MICROEMPLEADORES; REGIMEN DE PROMOCION DE LA CONTRATACION DE TRABAJO REGISTRADO; CONVENIOS DE CORRESPONSABILIDAD GREMIAL EN MATERIA DE SEGURIDAD SOCIAL: MODIFICACION DEL ARTICULO 2 DEL DECRETO 1370\/2008; REDUCCION DE CONTRIBUCIONES; ASESORAMIENTO Y DIFUSION DE LOS BENEFICIOS; ADMINISTRACION DEL TRABAJO; INSPECCION DEL TRABAJO; SUSTITUCION DE LOS ARTICULOS 29, 30 Y 35 DE LA LEY 25877 (ORDENAMIENTO DEL REGIMEN LABORAL); CREACION DE LA UNIDAD ESPECIAL DE FISCALIZACION DEL TRABAJO IRREGULAR; INCORPORACION DE INCISO L) AL ARTICULO 20 DEL ANEXO DE LA LEY 24977 SUSTITUIDO POR LEY 26565 (REGIMEN SIMPLIFICADO PARA PEQUE\u00d1OS CONTRIBUYENTES), INCORPORACION DE INCISO H) AL ARTICULO 28 DEL DECRETO 1023\/2001 (CONTRATACIONES DEL ESTADO);\nVIGENCIA; DEROGACION DEL CAPITULO II DEL TITULO II (PROMOCION Y PROTECCION DEL EMPLEO REGISTRADO) DE LA LEY 26476 (REGIMEN DE REGULARIZACION IMPOSITIVA, PROMOCION Y PROTECCION DEL EMPLEO REGISTRADO, EXTERIORIZACION Y REPATRIACION DE CAPITALES) A PARTIR DE LA ENTRADA VIGENCIA DEL TITULO II.","('0017-S-2014', 1)":null,"('0017-S-2014', 2)":null,"('0017-S-2014', 3)":null,"('0017-S-2014', 4)":null,"('0017-S-2014', 5)":null},"Palabra Clave":{"('0017-S-2014', 0)":" ","('0017-S-2014', 1)":null,"('0017-S-2014', 2)":null,"('0017-S-2014', 3)":null,"('0017-S-2014', 4)":null,"('0017-S-2014', 5)":null}}