{"Tipo de Proyecto":{"('0018-JGM-2014', 0)":"MENSAJE NRO: 1063\/14","('0018-JGM-2014', 1)":null},"Iniciado en: ":{"('0018-JGM-2014', 0)":"Diputados","('0018-JGM-2014', 1)":null},"Expediente Diputados: ":{"('0018-JGM-2014', 0)":"0018-JGM-2014","('0018-JGM-2014', 1)":null},"Publicado en: ":{"('0018-JGM-2014', 0)":"Tr\u00e1mite Parlamentario N\u00b0 176","('0018-JGM-2014', 1)":null},"Fecha: ":{"('0018-JGM-2014', 0)":"01\/12\/2014","('0018-JGM-2014', 1)":null},"T\u00edtulo":{"('0018-JGM-2014', 0)":"COMUNICACION DEL DECRETO DE NECESIDAD Y URGENCIA  2129\/2014 POR EL CUAL SE MODIFICA EL PRESUPUESTO GENERAL DE LA ADMINISTRACION NACIONAL PARA EL EJERCICIO 2014.  ","('0018-JGM-2014', 1)":null},"('Firmantes', 'FIRMANTE')":{"('0018-JGM-2014', 0)":"CAPITANICH, JORGE","('0018-JGM-2014', 1)":"KICILLOF, AXEL"},"('Firmantes', 'DISTRITO')":{"('0018-JGM-2014', 0)":null,"('0018-JGM-2014', 1)":null},"('Firmantes', 'BLOQUE')":{"('0018-JGM-2014', 0)":"PODER EJECUTIVO","('0018-JGM-2014', 1)":"PODER EJECUTIVO"},"('Giros', 'COMISI\u00d3N')":{"('0018-JGM-2014', 0)":"BICAMERAL PERMANENTE DE TRAMITE LEGISLATIVO - LEY 26122","('0018-JGM-2014', 1)":null},"('Tramites', 'C\u00c1MARA')":{"('0018-JGM-2014', 0)":"Diputados","('0018-JGM-2014', 1)":"Diputados"},"('Tramites', 'MOVIMIENTO')":{"('0018-JGM-2014', 0)":"CONSIDERACION Y APROBACION","('0018-JGM-2014', 1)":"VER TRAMITE DEL DECRETO EN SENADO EN EXPEDIENTE 4198-S-2014"},"('Tramites', 'FECHA')":{"('0018-JGM-2014', 0)":"26\/08\/2015","('0018-JGM-2014', 1)":null},"('Tramites', 'RESULTADO')":{"('0018-JGM-2014', 0)":"APROBADO","('0018-JGM-2014', 1)":null},"Palabra Clave":{"('0018-JGM-2014', 0)":" ","('0018-JGM-2014', 1)":null}}