{"Tipo de Proyecto":{"('0018-D-2014', 0)":"PROYECTO DE RESOLUCI\u00d3N"},"Iniciado en: ":{"('0018-D-2014', 0)":"Diputados"},"Expediente Diputados: ":{"('0018-D-2014', 0)":"0018-D-2014"},"Publicado en: ":{"('0018-D-2014', 0)":"Tr\u00e1mite Parlamentario N\u00b0 1"},"Fecha: ":{"('0018-D-2014', 0)":"05\/03\/2014"},"T\u00edtulo":{"('0018-D-2014', 0)":"PEDIDO DE INFORMES AL PODER EJECUTIVO NACIONAL SOBRE DIVERSAS CUESTIONES RELACIONADAS CON LA POLITICA DE SUBSIDIOS A DIVERSOS SERVICIOS PUBLICOS Y SU POSIBLE RECORTE. "},"('Firmantes', 'FIRMANTE')":{"('0018-D-2014', 0)":"BIANCHI, IVANA MARIA"},"('Firmantes', 'DISTRITO')":{"('0018-D-2014', 0)":"SAN LUIS"},"('Firmantes', 'BLOQUE')":{"('0018-D-2014', 0)":"COMPROMISO FEDERAL"},"('Giros', 'COMISI\u00d3N')":{"('0018-D-2014', 0)":"PRESUPUESTO Y HACIENDA"},"Link":{"('0018-D-2014', 0)":"https:\/\/www.hcdn.gob.ar\/proyectos\/textoCompleto.jsp?exp=0018-D-2014&tipo=RESOLUCION"},"Palabra Clave":{"('0018-D-2014', 0)":" "}}