{"Tipo de Proyecto":{"('0019-D-2014', 0)":"PROYECTO DE DECLARACI\u00d3N"},"Iniciado en: ":{"('0019-D-2014', 0)":"Diputados"},"Expediente Diputados: ":{"('0019-D-2014', 0)":"0019-D-2014"},"Publicado en: ":{"('0019-D-2014', 0)":"Tr\u00e1mite Parlamentario N\u00b0 1"},"Fecha: ":{"('0019-D-2014', 0)":"05\/03\/2014"},"T\u00edtulo":{"('0019-D-2014', 0)":"EXPRESAR BENEPLACITO POR LA OBTENCION DE LA MEDALLA DE ORO DE LA JUDOKA ARGENTINA PAULA BELEN PARETO EN EL ABIERTO DE ITALIA DE JUDO QUE SE DESARROLLO EN FEBRERO DE 2014.  "},"('Firmantes', 'FIRMANTE')":{"('0019-D-2014', 0)":"BIANCHI, IVANA MARIA"},"('Firmantes', 'DISTRITO')":{"('0019-D-2014', 0)":"SAN LUIS"},"('Firmantes', 'BLOQUE')":{"('0019-D-2014', 0)":"COMPROMISO FEDERAL"},"('Giros', 'COMISI\u00d3N')":{"('0019-D-2014', 0)":"DEPORTES"},"('Tramites', 'C\u00c1MARA')":{"('0019-D-2014', 0)":"Diputados"},"('Tramites', 'MOVIMIENTO')":{"('0019-D-2014', 0)":"APROBACION ARTICULO 114 DEL REGLAMENTO DE LA H CAMARA DE DIPUTADOS; COMUNICADO EL 04\/06\/2014"},"('Tramites', 'FECHA')":{"('0019-D-2014', 0)":null},"('Tramites', 'RESULTADO')":{"('0019-D-2014', 0)":"APROBADO"},"Link":{"('0019-D-2014', 0)":"https:\/\/www.hcdn.gob.ar\/proyectos\/textoCompleto.jsp?exp=0019-D-2014&tipo=DECLARACION"},"Palabra Clave":{"('0019-D-2014', 0)":" "}}