{"Tipo de Proyecto":{"('0019-S-2014', 0)":"PROYECTO DE LEY"},"Iniciado en: ":{"('0019-S-2014', 0)":"Senado"},"Expediente Senado: ":{"('0019-S-2014', 0)":"0019-S-2014"},"Publicado en: ":{"('0019-S-2014', 0)":"Diario de Asuntos Entrados N\u00b0 1"},"Fecha: ":{"('0019-S-2014', 0)":"05\/03\/2014"},"T\u00edtulo":{"('0019-S-2014', 0)":"CREACION DEL SERVICIO GRATUITO DE RECEPCION DE INFORMACION Y ASISTENCIA A VICTIMAS DE ROBO DE IDENTIDAD, EL CUAL FUNCIONARA A CARGO DEL CENTRO DE ASISTENCIA A LAS VICTIMAS DE ROBO DE IDENTIDAD DEPENDIENTE DE LA DIRECCION NACIONAL DE PROTECCION DE DATOS PERSONALES DEL MINISTERIO DE JUSTICIA Y DERECHOS HUMANOS. "},"('Firmantes', 'FIRMANTE')":{"('0019-S-2014', 0)":"BERMEJO, ROLANDO ADOLFO"},"('Firmantes', 'DISTRITO')":{"('0019-S-2014', 0)":"MENDOZA"},"('Firmantes', 'BLOQUE')":{"('0019-S-2014', 0)":"FRENTE PARA LA VICTORIA - PJ"},"Sumario":{"('0019-S-2014', 0)":"HABILITACION DE UNA LINEA TELEFONICA GRATUITA 0800, ASI COMO TAMBIEN UNA PAGINA ELECTRONICA."},"Palabra Clave":{"('0019-S-2014', 0)":" "}}