{"Tipo de Proyecto":{"('0019-JGM-2014', 0)":"MENSAJE NRO: 1180\/14","('0019-JGM-2014', 1)":null},"Iniciado en: ":{"('0019-JGM-2014', 0)":"Diputados","('0019-JGM-2014', 1)":null},"Expediente Diputados: ":{"('0019-JGM-2014', 0)":"0019-JGM-2014","('0019-JGM-2014', 1)":null},"Publicado en: ":{"('0019-JGM-2014', 0)":"Tr\u00e1mite Parlamentario N\u00b0 190","('0019-JGM-2014', 1)":null},"Fecha: ":{"('0019-JGM-2014', 0)":"03\/02\/2015","('0019-JGM-2014', 1)":null},"T\u00edtulo":{"('0019-JGM-2014', 0)":"COMUNICACION DEL DECRETO DE NECESIDAD Y URGENCIA 2516\/2014 POR EL CUAL SE MODIFICA EL PRESUPUESTO GENERAL DE LA ADMINISTRACION NACIONAL PARA EL EJERCICIO 2014. ","('0019-JGM-2014', 1)":null},"('Firmantes', 'FIRMANTE')":{"('0019-JGM-2014', 0)":"CAPITANICH, JORGE","('0019-JGM-2014', 1)":"KICILLOF, AXEL"},"('Firmantes', 'DISTRITO')":{"('0019-JGM-2014', 0)":null,"('0019-JGM-2014', 1)":null},"('Firmantes', 'BLOQUE')":{"('0019-JGM-2014', 0)":"PODER EJECUTIVO","('0019-JGM-2014', 1)":"PODER EJECUTIVO"},"('Giros', 'COMISI\u00d3N')":{"('0019-JGM-2014', 0)":"BICAMERAL PERMANENTE DE TRAMITE LEGISLATIVO - LEY 26122","('0019-JGM-2014', 1)":null},"('Tramites', 'C\u00c1MARA')":{"('0019-JGM-2014', 0)":"Diputados","('0019-JGM-2014', 1)":"Diputados"},"('Tramites', 'MOVIMIENTO')":{"('0019-JGM-2014', 0)":"CONSIDERACION Y APROBACION","('0019-JGM-2014', 1)":"VER TRAMITE DEL DECRETO EN SENADO EN EXPEDIENTE 4359-S-2014"},"('Tramites', 'FECHA')":{"('0019-JGM-2014', 0)":"26\/08\/2015","('0019-JGM-2014', 1)":null},"('Tramites', 'RESULTADO')":{"('0019-JGM-2014', 0)":"APROBADO","('0019-JGM-2014', 1)":null},"Palabra Clave":{"('0019-JGM-2014', 0)":" ","('0019-JGM-2014', 1)":null}}