{"Tipo de Proyecto":{"('0020-S-2014', 0)":"COMUNICACION"},"Iniciado en: ":{"('0020-S-2014', 0)":"Senado"},"Expediente Senado: ":{"('0020-S-2014', 0)":"0020-S-2014"},"Publicado en: ":{"('0020-S-2014', 0)":"Diario de Asuntos Entrados N\u00b0 1"},"Fecha: ":{"('0020-S-2014', 0)":"05\/03\/2014"},"T\u00edtulo":{"('0020-S-2014', 0)":"SOLICITAR AL PODER EJECUTIVO NACIONAL REALICE UNA INSPECCION DE LA RUTA NACIONAL 7 DESDE EL LIMITE SAN LUIS- MENDOZA HASTA EL PUENTE DE HIERRO, DEPARTAMENTO DE GUAYMALLEN, PARA DETECTAR LUGARES NO HABILITADOS Y PASOS CLANDESTINOS PARA EL CRUCE DE CARRILES DE CIRCULACION DE LA AUTOPISTA."},"('Firmantes', 'FIRMANTE')":{"('0020-S-2014', 0)":"BERMEJO, ROLANDO ADOLFO"},"('Firmantes', 'DISTRITO')":{"('0020-S-2014', 0)":"MENDOZA"},"('Firmantes', 'BLOQUE')":{"('0020-S-2014', 0)":"FRENTE PARA LA VICTORIA - PJ"},"('Tramites', 'C\u00c1MARA')":{"('0020-S-2014', 0)":"Senado"},"('Tramites', 'MOVIMIENTO')":{"('0020-S-2014', 0)":"CONSIDERACION Y APROBACION"},"('Tramites', 'FECHA')":{"('0020-S-2014', 0)":"10\/12\/2014"},"('Tramites', 'RESULTADO')":{"('0020-S-2014', 0)":"APROBADO"},"Link":{"('0020-S-2014', 0)":"http:\/\/www.senado.gov.ar\/parlamentario\/comisiones\/verExp\/20.14\/S\/PC"},"Palabra Clave":{"('0020-S-2014', 0)":" "}}