{"Tipo de Proyecto":{"('0020-D-2014', 0)":"PROYECTO DE RESOLUCI\u00d3N"},"Iniciado en: ":{"('0020-D-2014', 0)":"Diputados"},"Expediente Diputados: ":{"('0020-D-2014', 0)":"0020-D-2014"},"Publicado en: ":{"('0020-D-2014', 0)":"Tr\u00e1mite Parlamentario N\u00b0 1"},"Fecha: ":{"('0020-D-2014', 0)":"05\/03\/2014"},"T\u00edtulo":{"('0020-D-2014', 0)":"PEDIDO DE INFORMES AL PODER EJECUTIVO NACIONAL SOBRE EL AUMENTO DE LA PRODUCCION DE LA UPM (EX BOTNIA), EN LA CIUDAD DE FRAY BENTOS, REPUBLICA ORIENTAL DEL URUGUAY."},"('Firmantes', 'FIRMANTE')":{"('0020-D-2014', 0)":"BIANCHI, IVANA MARIA"},"('Firmantes', 'DISTRITO')":{"('0020-D-2014', 0)":"SAN LUIS"},"('Firmantes', 'BLOQUE')":{"('0020-D-2014', 0)":"COMPROMISO FEDERAL"},"('Giros', 'COMISI\u00d3N')":{"('0020-D-2014', 0)":"RELACIONES EXTERIORES Y CULTO"},"Link":{"('0020-D-2014', 0)":"https:\/\/www.hcdn.gob.ar\/proyectos\/textoCompleto.jsp?exp=0020-D-2014&tipo=RESOLUCION"},"Palabra Clave":{"('0020-D-2014', 0)":" "}}