{"Tipo de Proyecto":{"('0021-JGM-2014', 0)":"MENSAJE NRO: 1247\/14","('0021-JGM-2014', 1)":null},"Iniciado en: ":{"('0021-JGM-2014', 0)":"Diputados","('0021-JGM-2014', 1)":null},"Expediente Diputados: ":{"('0021-JGM-2014', 0)":"0021-JGM-2014","('0021-JGM-2014', 1)":null},"Publicado en: ":{"('0021-JGM-2014', 0)":"Tr\u00e1mite Parlamentario N\u00b0 190","('0021-JGM-2014', 1)":null},"Fecha: ":{"('0021-JGM-2014', 0)":"03\/02\/2015","('0021-JGM-2014', 1)":null},"T\u00edtulo":{"('0021-JGM-2014', 0)":"COMUNICACION DEL DICTADO DEL DECRETO NUMERO 2579, DEL 30 DE DICIEMBRE DE 2014, POR EL CUAL SE DISMINUYEN LAS ALICUOTAS ESTABLECIDAS POR EL ARTICULO 4 DE LA LEY 23966 -DE IMPUESTOS SOBRE COMBUSTIBLES LIQUIDOS Y GAS NATURAL- Y EL ARTICULO 2 DE LA LEY 26181 -DE FONDO HIDRICO DE INFRAESTRUCTURA-.","('0021-JGM-2014', 1)":null},"('Firmantes', 'FIRMANTE')":{"('0021-JGM-2014', 0)":"CAPITANICH, JORGE","('0021-JGM-2014', 1)":"KICILLOF, AXEL"},"('Firmantes', 'DISTRITO')":{"('0021-JGM-2014', 0)":null,"('0021-JGM-2014', 1)":null},"('Firmantes', 'BLOQUE')":{"('0021-JGM-2014', 0)":"PODER EJECUTIVO","('0021-JGM-2014', 1)":"PODER EJECUTIVO"},"('Giros', 'COMISI\u00d3N')":{"('0021-JGM-2014', 0)":"BICAMERAL PERMANENTE DE TRAMITE LEGISLATIVO - LEY 26122","('0021-JGM-2014', 1)":null},"('Tramites', 'C\u00c1MARA')":{"('0021-JGM-2014', 0)":"Diputados","('0021-JGM-2014', 1)":null},"('Tramites', 'MOVIMIENTO')":{"('0021-JGM-2014', 0)":"CONSIDERACION Y APROBACION","('0021-JGM-2014', 1)":null},"('Tramites', 'FECHA')":{"('0021-JGM-2014', 0)":"29\/04\/2015","('0021-JGM-2014', 1)":null},"('Tramites', 'RESULTADO')":{"('0021-JGM-2014', 0)":"APROBADO","('0021-JGM-2014', 1)":null},"Palabra Clave":{"('0021-JGM-2014', 0)":" ","('0021-JGM-2014', 1)":null}}