{"Tipo de Proyecto":{"('0021-S-2014', 0)":"PROYECTO DE RESOLUCI\u00d3N"},"Iniciado en: ":{"('0021-S-2014', 0)":"Senado"},"Expediente Senado: ":{"('0021-S-2014', 0)":"0021-S-2014"},"Publicado en: ":{"('0021-S-2014', 0)":"Diario de Asuntos Entrados N\u00b0 1"},"Fecha: ":{"('0021-S-2014', 0)":"05\/03\/2014"},"T\u00edtulo":{"('0021-S-2014', 0)":"EXPRESAR BENEPLACITO POR LA CELEBRACION DEL 75 ANIVERSARIO DE LA CREACION DE LA UNIVERSIDAD NACIONAL DE CUYO, CON SEDE EN LA PROVINCIA DE MENDOZA. "},"('Firmantes', 'FIRMANTE')":{"('0021-S-2014', 0)":"BERMEJO, ROLANDO ADOLFO"},"('Firmantes', 'DISTRITO')":{"('0021-S-2014', 0)":"MENDOZA"},"('Firmantes', 'BLOQUE')":{"('0021-S-2014', 0)":"FRENTE PARA LA VICTORIA - PJ"},"('Tramites', 'C\u00c1MARA')":{"('0021-S-2014', 0)":"Senado"},"('Tramites', 'MOVIMIENTO')":{"('0021-S-2014', 0)":"CONSIDERACION Y APROBACION"},"('Tramites', 'FECHA')":{"('0021-S-2014', 0)":"02\/07\/2014"},"('Tramites', 'RESULTADO')":{"('0021-S-2014', 0)":"APROBADO"},"Link":{"('0021-S-2014', 0)":"http:\/\/www.senado.gov.ar\/parlamentario\/comisiones\/verExp\/21.14\/S\/PR"},"Palabra Clave":{"('0021-S-2014', 0)":" "}}