{"Tipo de Proyecto":{"('0022-S-2014', 0)":"PROYECTO DE DECLARACI\u00d3N"},"Iniciado en: ":{"('0022-S-2014', 0)":"Senado"},"Expediente Senado: ":{"('0022-S-2014', 0)":"0022-S-2014"},"Publicado en: ":{"('0022-S-2014', 0)":"Diario de Asuntos Entrados N\u00b0 2"},"Fecha: ":{"('0022-S-2014', 0)":"05\/03\/2014"},"T\u00edtulo":{"('0022-S-2014', 0)":"EXPRESAR BENEPLACITO POR LA REALIZACION DE LAS VI JORNADAS DE DIABETES EN OTO\u00d1O 2014 QUE SE LLEVARAN ACABO LOS DIAS 3, 4 Y 5 DE ABRIL DE 2014 EN LA PROVINCIA DE MENDOZA."},"('Firmantes', 'FIRMANTE')":{"('0022-S-2014', 0)":"BERMEJO, ROLANDO ADOLFO"},"('Firmantes', 'DISTRITO')":{"('0022-S-2014', 0)":"MENDOZA"},"('Firmantes', 'BLOQUE')":{"('0022-S-2014', 0)":"FRENTE PARA LA VICTORIA - PJ"},"('Tramites', 'C\u00c1MARA')":{"('0022-S-2014', 0)":"Senado"},"('Tramites', 'MOVIMIENTO')":{"('0022-S-2014', 0)":"CONSIDERACION Y APROBACION"},"('Tramites', 'FECHA')":{"('0022-S-2014', 0)":"02\/07\/2014"},"('Tramites', 'RESULTADO')":{"('0022-S-2014', 0)":"APROBADO"},"Link":{"('0022-S-2014', 0)":"http:\/\/www.senado.gov.ar\/parlamentario\/comisiones\/verExp\/22.14\/S\/PD"},"Palabra Clave":{"('0022-S-2014', 0)":" "}}