{"Tipo de Proyecto":{"('0023-JGM-2014', 0)":"MENSAJE NRO \/ A\u00d1O","('0023-JGM-2014', 1)":null},"Iniciado en: ":{"('0023-JGM-2014', 0)":"Diputados","('0023-JGM-2014', 1)":null},"Expediente Diputados: ":{"('0023-JGM-2014', 0)":"0023-JGM-2014","('0023-JGM-2014', 1)":null},"Publicado en: ":{"('0023-JGM-2014', 0)":"Tr\u00e1mite Parlamentario N\u00b0 198","('0023-JGM-2014', 1)":null},"Fecha: ":{"('0023-JGM-2014', 0)":"24\/02\/2015","('0023-JGM-2014', 1)":null},"T\u00edtulo":{"('0023-JGM-2014', 0)":"COMUNICACION DEL DICTADO DEL DECRETO 237\/15, DICTADO EN USO DE FACULTADES DELEGADAS, POR EL CUAL SE DISMINUYE LA ALICUOTA DEL VEINTIUNO POR CIENTO (21%) ESTABLECIDA EN EL ARTICULO 1 DE LA LEY 24625, DE IMPUESTO ADICIONAL DE EMERGENCIA SOBRE EL PRECIO DE VENTA DE CIGARRILLOS Y SUS MODIFICACIONES, ESTABLECIENDOSE LA MISMA EN EL SIETE POR CIENTO (7%). ","('0023-JGM-2014', 1)":null},"('Firmantes', 'FIRMANTE')":{"('0023-JGM-2014', 0)":"CAPITANICH, JORGE","('0023-JGM-2014', 1)":"KICILLOF, AXEL"},"('Firmantes', 'DISTRITO')":{"('0023-JGM-2014', 0)":null,"('0023-JGM-2014', 1)":null},"('Firmantes', 'BLOQUE')":{"('0023-JGM-2014', 0)":"PODER EJECUTIVO","('0023-JGM-2014', 1)":"PODER EJECUTIVO"},"('Giros', 'COMISI\u00d3N')":{"('0023-JGM-2014', 0)":"BICAMERAL PERMANENTE DE TRAMITE LEGISLATIVO - LEY 26122","('0023-JGM-2014', 1)":null},"('Tramites', 'C\u00c1MARA')":{"('0023-JGM-2014', 0)":"Diputados","('0023-JGM-2014', 1)":"Diputados"},"('Tramites', 'MOVIMIENTO')":{"('0023-JGM-2014', 0)":"CONSIDERACION Y APROBACION","('0023-JGM-2014', 1)":"VER TRAMITE DEL DECRETO EN EL SENADO EN EXPEDIENTE 0525-S-2015"},"('Tramites', 'FECHA')":{"('0023-JGM-2014', 0)":"29\/04\/2015","('0023-JGM-2014', 1)":null},"('Tramites', 'RESULTADO')":{"('0023-JGM-2014', 0)":"APROBADO","('0023-JGM-2014', 1)":null},"Palabra Clave":{"('0023-JGM-2014', 0)":" ","('0023-JGM-2014', 1)":null}}