{"Tipo de Proyecto":{"('0023-S-2014', 0)":"PROYECTO DE DECLARACI\u00d3N"},"Iniciado en: ":{"('0023-S-2014', 0)":"Senado"},"Expediente Senado: ":{"('0023-S-2014', 0)":"0023-S-2014"},"Publicado en: ":{"('0023-S-2014', 0)":"Diario de Asuntos Entrados N\u00b0 2"},"Fecha: ":{"('0023-S-2014', 0)":"05\/03\/2014"},"T\u00edtulo":{"('0023-S-2014', 0)":"EXPRESAR BENEPLACITO POR LA REALIZACION DE LA III EDICION DE LA MEDIA MARATON POR LOS CAMINOS DEL VINO, QUE SE LLEVARA A CABO EL 15 DE MARZO DE 2014 EN EL VALLE DE UCO, PROVINCIA DE MENDOZA."},"('Firmantes', 'FIRMANTE')":{"('0023-S-2014', 0)":"BERMEJO, ROLANDO ADOLFO"},"('Firmantes', 'DISTRITO')":{"('0023-S-2014', 0)":"MENDOZA"},"('Firmantes', 'BLOQUE')":{"('0023-S-2014', 0)":"FRENTE PARA LA VICTORIA - PJ"},"('Tramites', 'C\u00c1MARA')":{"('0023-S-2014', 0)":"Senado"},"('Tramites', 'MOVIMIENTO')":{"('0023-S-2014', 0)":"CONSIDERACION Y APROBACION CONJUNTAMENTE PARA LOS EXPEDIENTES 0023-S-2014 y 0670-S-2014"},"('Tramites', 'FECHA')":{"('0023-S-2014', 0)":"02\/07\/2014"},"('Tramites', 'RESULTADO')":{"('0023-S-2014', 0)":"APROBADO"},"Link":{"('0023-S-2014', 0)":"http:\/\/www.senado.gov.ar\/parlamentario\/comisiones\/verExp\/23.14\/S\/PD"},"Palabra Clave":{"('0023-S-2014', 0)":" "}}