{"Tipo de Proyecto":{"('0024-S-2014', 0)":"PROYECTO DE DECLARACI\u00d3N","('0024-S-2014', 1)":null},"Iniciado en: ":{"('0024-S-2014', 0)":"Senado","('0024-S-2014', 1)":null},"Expediente Senado: ":{"('0024-S-2014', 0)":"0024-S-2014","('0024-S-2014', 1)":null},"Publicado en: ":{"('0024-S-2014', 0)":"Diario de Asuntos Entrados N\u00b0 2","('0024-S-2014', 1)":null},"Fecha: ":{"('0024-S-2014', 0)":"05\/03\/2014","('0024-S-2014', 1)":null},"T\u00edtulo":{"('0024-S-2014', 0)":"DECLARAR DE INTERES EL SIMPOSIO GEDYT - FLEMING AVANCES EN ONCOLOGIA GASTROENTEROLOGICA, QUE TENDRA LUGAR LOS DIAS 17 Y 18 DE MARZO DE 2014 EN SALGUERO PLAZA, CIUDAD AUTONOMA DE BUENOS AIRES.","('0024-S-2014', 1)":null},"('Firmantes', 'FIRMANTE')":{"('0024-S-2014', 0)":"FERNANDEZ, ANIBAL","('0024-S-2014', 1)":null},"('Firmantes', 'DISTRITO')":{"('0024-S-2014', 0)":"BUENOS AIRES","('0024-S-2014', 1)":null},"('Firmantes', 'BLOQUE')":{"('0024-S-2014', 0)":"FRENTE PARA LA VICTORIA - PJ","('0024-S-2014', 1)":null},"('Tramites', 'C\u00c1MARA')":{"('0024-S-2014', 0)":"Senado","('0024-S-2014', 1)":"Senado"},"('Tramites', 'MOVIMIENTO')":{"('0024-S-2014', 0)":"MOCION SOBRE TABLAS (AFIRMATIVA) CONJUNTAMENTE PARA LOS EXPEDIENTES 0024-S-2014 y 0668-S-2014","('0024-S-2014', 1)":"CONSIDERACION Y APROBACION (TEXTO UNIFICADO) CONJUNTAMENTE PARA LOS EXPEDIENTES 0024-S-2014 y 0668-S-2014"},"('Tramites', 'FECHA')":{"('0024-S-2014', 0)":"09\/04\/2014","('0024-S-2014', 1)":"09\/04\/2014"},"('Tramites', 'RESULTADO')":{"('0024-S-2014', 0)":null,"('0024-S-2014', 1)":"APROBADO"},"Link":{"('0024-S-2014', 0)":"http:\/\/www.senado.gov.ar\/parlamentario\/comisiones\/verExp\/24.14\/S\/PD","('0024-S-2014', 1)":null},"Palabra Clave":{"('0024-S-2014', 0)":" ","('0024-S-2014', 1)":null}}