{"Tipo de Proyecto":{"('0024-JGM-2014', 0)":"MENSAJE NRO: 0073\/15","('0024-JGM-2014', 1)":null},"Iniciado en: ":{"('0024-JGM-2014', 0)":"Diputados","('0024-JGM-2014', 1)":null},"Expediente Diputados: ":{"('0024-JGM-2014', 0)":"0024-JGM-2014","('0024-JGM-2014', 1)":null},"Publicado en: ":{"('0024-JGM-2014', 0)":"Tr\u00e1mite Parlamentario N\u00b0 198","('0024-JGM-2014', 1)":null},"Fecha: ":{"('0024-JGM-2014', 0)":"24\/02\/2015","('0024-JGM-2014', 1)":null},"T\u00edtulo":{"('0024-JGM-2014', 0)":"COMUNICACION DEL DICTADO DEL DECRETO DE NECESIDAD Y URGENCIA 225\/15 POR EL QUE SE CREA EL FONDO FIDUCIARIO DENOMINADO \"FONDO PARA LOS SERVICIOS DE ATENCION MEDICA INTEGRAL PARA LA COMUNIDAD - DECRETO 34\/15\".","('0024-JGM-2014', 1)":null},"('Firmantes', 'FIRMANTE')":{"('0024-JGM-2014', 0)":"CAPITANICH, JORGE","('0024-JGM-2014', 1)":"MANZUR, JUAN LUIS"},"('Firmantes', 'DISTRITO')":{"('0024-JGM-2014', 0)":null,"('0024-JGM-2014', 1)":null},"('Firmantes', 'BLOQUE')":{"('0024-JGM-2014', 0)":"PODER EJECUTIVO","('0024-JGM-2014', 1)":"PODER EJECUTIVO"},"('Giros', 'COMISI\u00d3N')":{"('0024-JGM-2014', 0)":"BICAMERAL PERMANENTE DE TRAMITE LEGISLATIVO - LEY 26122","('0024-JGM-2014', 1)":null},"('Tramites', 'C\u00c1MARA')":{"('0024-JGM-2014', 0)":"Diputados","('0024-JGM-2014', 1)":"Diputados"},"('Tramites', 'MOVIMIENTO')":{"('0024-JGM-2014', 0)":"CONSIDERACION Y APROBACION","('0024-JGM-2014', 1)":"VER TRAMITE DEL DECRETO EN SENADO EN EXPEDIENTE 0526-S-2015"},"('Tramites', 'FECHA')":{"('0024-JGM-2014', 0)":"26\/08\/2015","('0024-JGM-2014', 1)":null},"('Tramites', 'RESULTADO')":{"('0024-JGM-2014', 0)":"APROBADO","('0024-JGM-2014', 1)":null},"Palabra Clave":{"('0024-JGM-2014', 0)":" ","('0024-JGM-2014', 1)":null}}