{"Tipo de Proyecto":{"('0024-PE-2014', 0)":"MENSAJE NRO: 0388\/14","('0024-PE-2014', 1)":null},"Iniciado en: ":{"('0024-PE-2014', 0)":"Senado","('0024-PE-2014', 1)":null},"Expediente Senado: ":{"('0024-PE-2014', 0)":"0024-PE-2014","('0024-PE-2014', 1)":null},"Publicado en: ":{"('0024-PE-2014', 0)":"DAE S.A. N\u00b0 2","('0024-PE-2014', 1)":null},"Fecha: ":{"('0024-PE-2014', 0)":"27\/03\/2014","('0024-PE-2014', 1)":null},"T\u00edtulo":{"('0024-PE-2014', 0)":"SOLICITAR ACUERDO PARA DESIGNAR JUEZ DEL JUZGADO NACIONAL DE PRIMERA INSTANCIA EN LO CIVIL N\u00ba41 DE LA CAPITAL FEDERAL AL DOCTOR MARCOS GALMARINI. ","('0024-PE-2014', 1)":null},"('Firmantes', 'FIRMANTE')":{"('0024-PE-2014', 0)":"ALAK, JULIO","('0024-PE-2014', 1)":"FERNANDEZ DE KIRCHNER, CRISTINA"},"('Firmantes', 'DISTRITO')":{"('0024-PE-2014', 0)":null,"('0024-PE-2014', 1)":null},"('Firmantes', 'BLOQUE')":{"('0024-PE-2014', 0)":"PODER EJECUTIVO","('0024-PE-2014', 1)":"PODER EJECUTIVO"},"('Tramites', 'C\u00c1MARA')":{"('0024-PE-2014', 0)":"Senado","('0024-PE-2014', 1)":"Senado"},"('Tramites', 'MOVIMIENTO')":{"('0024-PE-2014', 0)":"MOCION SOBRE TABLAS (AFIRMATIVA)","('0024-PE-2014', 1)":"CONSIDERACION Y APROBACION"},"('Tramites', 'FECHA')":{"('0024-PE-2014', 0)":"28\/05\/2014","('0024-PE-2014', 1)":"28\/05\/2014"},"('Tramites', 'RESULTADO')":{"('0024-PE-2014', 0)":null,"('0024-PE-2014', 1)":"APROBADO"},"Palabra Clave":{"('0024-PE-2014', 0)":" ","('0024-PE-2014', 1)":null}}