{"Tipo de Proyecto":{"('0025-PE-2014', 0)":"MENSAJE NRO: 0389\/14","('0025-PE-2014', 1)":null},"Iniciado en: ":{"('0025-PE-2014', 0)":"Senado","('0025-PE-2014', 1)":null},"Expediente Senado: ":{"('0025-PE-2014', 0)":"0025-PE-2014","('0025-PE-2014', 1)":null},"Publicado en: ":{"('0025-PE-2014', 0)":"DAE S.A. N\u00b0 2","('0025-PE-2014', 1)":null},"Fecha: ":{"('0025-PE-2014', 0)":"27\/03\/2014","('0025-PE-2014', 1)":null},"T\u00edtulo":{"('0025-PE-2014', 0)":"SOLICITAR ACUERDO PARA DESIGNAR JUEZA DEL JUZGADO NACIONAL DE PRIMERA INSTANCIA EN LO CIVIL N\u00ba 39 DE LA CAPITAL FEDERAL A LA DOCTORA MARIA VICTORIA PEREIRA. ","('0025-PE-2014', 1)":null},"('Firmantes', 'FIRMANTE')":{"('0025-PE-2014', 0)":"ALAK, JULIO","('0025-PE-2014', 1)":"FERNANDEZ DE KIRCHNER, CRISTINA"},"('Firmantes', 'DISTRITO')":{"('0025-PE-2014', 0)":null,"('0025-PE-2014', 1)":null},"('Firmantes', 'BLOQUE')":{"('0025-PE-2014', 0)":"PODER EJECUTIVO","('0025-PE-2014', 1)":"PODER EJECUTIVO"},"('Tramites', 'C\u00c1MARA')":{"('0025-PE-2014', 0)":"Senado","('0025-PE-2014', 1)":"Senado"},"('Tramites', 'MOVIMIENTO')":{"('0025-PE-2014', 0)":"MOCION SOBRE TABLAS (AFIRMATIVA)","('0025-PE-2014', 1)":"CONSIDERACION Y APROBACION"},"('Tramites', 'FECHA')":{"('0025-PE-2014', 0)":"28\/05\/2014","('0025-PE-2014', 1)":"28\/05\/2014"},"('Tramites', 'RESULTADO')":{"('0025-PE-2014', 0)":null,"('0025-PE-2014', 1)":"APROBADO"},"Palabra Clave":{"('0025-PE-2014', 0)":" ","('0025-PE-2014', 1)":null}}