{"Tipo de Proyecto":{"('0025-S-2014', 0)":"PROYECTO DE LEY"},"Iniciado en: ":{"('0025-S-2014', 0)":"Senado"},"Expediente Senado: ":{"('0025-S-2014', 0)":"0025-S-2014"},"Publicado en: ":{"('0025-S-2014', 0)":"Diario de Asuntos Entrados N\u00b0 2"},"Fecha: ":{"('0025-S-2014', 0)":"05\/03\/2014"},"T\u00edtulo":{"('0025-S-2014', 0)":"CREACION DEL PROGRAMA NACIONAL DE CONCIENTIZACION, SEGURIDAD ALIMENTARIA Y NUTRICIONAL Y FOMENTO DE LA LACTANCIA MATERNA. "},"('Firmantes', 'FIRMANTE')":{"('0025-S-2014', 0)":"ARTAZA, EUGENIO JUSTINIANO"},"('Firmantes', 'DISTRITO')":{"('0025-S-2014', 0)":"CORRIENTES"},"('Firmantes', 'BLOQUE')":{"('0025-S-2014', 0)":"UCR"},"('Tramites', 'C\u00c1MARA')":{"('0025-S-2014', 0)":"Senado"},"('Tramites', 'MOVIMIENTO')":{"('0025-S-2014', 0)":"MODIFICACION DE LOS ARTICULOS 60 Y 77 DEL REGLAMENTO DEL H SENADO (EXPEDIENTE 0337-S-14, APROBADO EL 10\/12\/2014), CAMBIO DE GIRO DE LA COMISION DE SALUD Y DEPORTE A LA COMISION DE SALUD"},"('Tramites', 'FECHA')":{"('0025-S-2014', 0)":"27\/05\/2015"},"('Tramites', 'RESULTADO')":{"('0025-S-2014', 0)":null},"Link":{"('0025-S-2014', 0)":"http:\/\/www.senado.gov.ar\/parlamentario\/comisiones\/verExp\/25.14\/S\/PL"},"Palabra Clave":{"('0025-S-2014', 0)":" "}}