{"Tipo de Proyecto":{"('0027-S-2014', 0)":"PROYECTO DE LEY"},"Iniciado en: ":{"('0027-S-2014', 0)":"Senado"},"Expediente Senado: ":{"('0027-S-2014', 0)":"0027-S-2014"},"Publicado en: ":{"('0027-S-2014', 0)":"Diario de Asuntos Entrados N\u00b0 2"},"Fecha: ":{"('0027-S-2014', 0)":"05\/03\/2014"},"T\u00edtulo":{"('0027-S-2014', 0)":"MODIFICACION DEL ARTICULO 26 DE LA LEY 24674, DE IMPUESTOS INTERNOS, RESPECTO DE FOMENTAR LA ELABORACION DE BEBIDA A BASE DE JUGOS NATURALES.\n"},"('Firmantes', 'FIRMANTE')":{"('0027-S-2014', 0)":"ARTAZA, EUGENIO JUSTINIANO"},"('Firmantes', 'DISTRITO')":{"('0027-S-2014', 0)":"CORRIENTES"},"('Firmantes', 'BLOQUE')":{"('0027-S-2014', 0)":"UCR"},"Link":{"('0027-S-2014', 0)":"http:\/\/www.senado.gov.ar\/parlamentario\/comisiones\/verExp\/27.14\/S\/PL"},"Palabra Clave":{"('0027-S-2014', 0)":" "}}