{"Tipo de Proyecto":{"('0027-D-2014', 0)":"PROYECTO DE DECLARACI\u00d3N"},"Iniciado en: ":{"('0027-D-2014', 0)":"Diputados"},"Expediente Diputados: ":{"('0027-D-2014', 0)":"0027-D-2014"},"Publicado en: ":{"('0027-D-2014', 0)":"Tr\u00e1mite Parlamentario N\u00b0 1"},"Fecha: ":{"('0027-D-2014', 0)":"05\/03\/2014"},"T\u00edtulo":{"('0027-D-2014', 0)":"EXPRESAR BENEPLACITO POR LA RESTITUCION DE LA IDENTIDAD DE LA NIETA 110,  HIJA DE LILIANA ISABEL ACU\u00d1A Y OSCAR ROMULO GUTIERREZ."},"('Firmantes', 'FIRMANTE')":{"('0027-D-2014', 0)":"CONTI, DIANA BEATRIZ"},"('Firmantes', 'DISTRITO')":{"('0027-D-2014', 0)":"BUENOS AIRES"},"('Firmantes', 'BLOQUE')":{"('0027-D-2014', 0)":"FRENTE PARA LA VICTORIA - PJ"},"('Giros', 'COMISI\u00d3N')":{"('0027-D-2014', 0)":"DERECHOS HUMANOS Y GARANTIAS"},"('Tramites', 'C\u00c1MARA')":{"('0027-D-2014', 0)":"Diputados"},"('Tramites', 'MOVIMIENTO')":{"('0027-D-2014', 0)":"APROBACION ARTICULO 114 DEL REGLAMENTO DE LA H CAMARA DE DIPUTADOS; COMUNICADO EL 04\/06\/2014"},"('Tramites', 'FECHA')":{"('0027-D-2014', 0)":null},"('Tramites', 'RESULTADO')":{"('0027-D-2014', 0)":"APROBADO"},"Link":{"('0027-D-2014', 0)":"https:\/\/www.hcdn.gob.ar\/proyectos\/textoCompleto.jsp?exp=0027-D-2014&tipo=DECLARACION"},"Palabra Clave":{"('0027-D-2014', 0)":" "}}