{"Tipo de Proyecto":{"('0028-D-2014', 0)":"PROYECTO DE LEY","('0028-D-2014', 1)":null},"Iniciado en: ":{"('0028-D-2014', 0)":"Diputados","('0028-D-2014', 1)":null},"Expediente Diputados: ":{"('0028-D-2014', 0)":"0028-D-2014","('0028-D-2014', 1)":null},"Publicado en: ":{"('0028-D-2014', 0)":"Tr\u00e1mite Parlamentario N\u00b0 1","('0028-D-2014', 1)":null},"Fecha: ":{"('0028-D-2014', 0)":"05\/03\/2014","('0028-D-2014', 1)":null},"T\u00edtulo":{"('0028-D-2014', 0)":"CODIGO PENAL: MODIFICACION DEL ARTICULO 81, SOBRE INFANTICIDIO. ","('0028-D-2014', 1)":null},"('Firmantes', 'FIRMANTE')":{"('0028-D-2014', 0)":"CONTI, DIANA BEATRIZ","('0028-D-2014', 1)":null},"('Firmantes', 'DISTRITO')":{"('0028-D-2014', 0)":"BUENOS AIRES","('0028-D-2014', 1)":null},"('Firmantes', 'BLOQUE')":{"('0028-D-2014', 0)":"FRENTE PARA LA VICTORIA - PJ","('0028-D-2014', 1)":null},"('Giros', 'COMISI\u00d3N')":{"('0028-D-2014', 0)":"LEGISLACION PENAL","('0028-D-2014', 1)":"FAMILIA, MUJER, NI\u00d1EZ Y ADOLESCENCIA"},"Link":{"('0028-D-2014', 0)":"https:\/\/www.hcdn.gob.ar\/proyectos\/textoCompleto.jsp?exp=0028-D-2014&tipo=LEY","('0028-D-2014', 1)":null},"Palabra Clave":{"('0028-D-2014', 0)":" ","('0028-D-2014', 1)":null}}