{"Tipo de Proyecto":{"('0028-S-2014', 0)":"PROYECTO DE LEY","('0028-S-2014', 1)":null,"('0028-S-2014', 2)":null},"Iniciado en: ":{"('0028-S-2014', 0)":"Senado","('0028-S-2014', 1)":null,"('0028-S-2014', 2)":null},"Expediente Diputados: ":{"('0028-S-2014', 0)":"0028-S-2014","('0028-S-2014', 1)":null,"('0028-S-2014', 2)":null},"Expediente Senado: ":{"('0028-S-2014', 0)":"0634-S-2014","('0028-S-2014', 1)":null,"('0028-S-2014', 2)":null},"Publicado en: ":{"('0028-S-2014', 0)":"Diario de Asuntos Entrados N\u00b0 32","('0028-S-2014', 1)":null,"('0028-S-2014', 2)":null},"Fecha: ":{"('0028-S-2014', 0)":"25\/03\/2014","('0028-S-2014', 1)":null,"('0028-S-2014', 2)":null},"T\u00edtulo":{"('0028-S-2014', 0)":"TRANSFERIR A TITULO GRATUITO A LA COMUNA DE CORONEL DOMINGUEZ, PROVINCIA DE SANTA FE, EL DOMINIO DEL CONJUNTO DE INMUEBLES Y TERRENOS QUE COMPONEN EL PREDIO \"ESTACION CORONEL R. S. DOMINGUEZ\" DEL FERROCARRIL GENERAL BELGRANO, SITO EN LA MENCIONADA LOCALIDAD.","('0028-S-2014', 1)":null,"('0028-S-2014', 2)":null},"('Firmantes', 'FIRMANTE')":{"('0028-S-2014', 0)":"GIUSTINIANI, RUBEN HECTOR","('0028-S-2014', 1)":null,"('0028-S-2014', 2)":null},"('Firmantes', 'DISTRITO')":{"('0028-S-2014', 0)":"SANTA FE","('0028-S-2014', 1)":null,"('0028-S-2014', 2)":null},"('Firmantes', 'BLOQUE')":{"('0028-S-2014', 0)":"PARTIDO SOCIALISTA","('0028-S-2014', 1)":null,"('0028-S-2014', 2)":null},"('Giros', 'COMISI\u00d3N')":{"('0028-S-2014', 0)":"LEGISLACION GENERAL","('0028-S-2014', 1)":"TRANSPORTES","('0028-S-2014', 2)":"PRESUPUESTO Y HACIENDA"},"('Tramites', 'C\u00c1MARA')":{"('0028-S-2014', 0)":"Senado","('0028-S-2014', 1)":"Diputados","('0028-S-2014', 2)":"Diputados"},"('Tramites', 'MOVIMIENTO')":{"('0028-S-2014', 0)":"CONSIDERACION Y APROBACION","('0028-S-2014', 1)":"PASA A DIPUTADOS -","('0028-S-2014', 2)":"MOCION DE PREFERENCIA CON DICTAMEN (AFIRMATIVA)"},"('Tramites', 'FECHA')":{"('0028-S-2014', 0)":"21\/05\/2014","('0028-S-2014', 1)":null,"('0028-S-2014', 2)":"19\/11\/2014"},"('Tramites', 'RESULTADO')":{"('0028-S-2014', 0)":"MEDIA SANCION","('0028-S-2014', 1)":null,"('0028-S-2014', 2)":null},"Sumario":{"('0028-S-2014', 0)":"LA TRANSFERENCIA SE EFECTUA CON CARGO A LA BENEFICIARIA DE PRESERVAR EL PATRIMONIO HISTORICO Y ARQUITECTONICO URBANISTICO DE LOS INMUEBLES Y CON GASTOS A SU CARGO.","('0028-S-2014', 1)":null,"('0028-S-2014', 2)":null},"Palabra Clave":{"('0028-S-2014', 0)":" ","('0028-S-2014', 1)":null,"('0028-S-2014', 2)":null}}