{"Tipo de Proyecto":{"('0028-PE-2014', 0)":"MENSAJE NRO: 0392\/14","('0028-PE-2014', 1)":null},"Iniciado en: ":{"('0028-PE-2014', 0)":"Senado","('0028-PE-2014', 1)":null},"Expediente Senado: ":{"('0028-PE-2014', 0)":"0028-PE-2014","('0028-PE-2014', 1)":null},"Publicado en: ":{"('0028-PE-2014', 0)":"DAE S.A. N\u00b0 2","('0028-PE-2014', 1)":null},"Fecha: ":{"('0028-PE-2014', 0)":"27\/03\/2014","('0028-PE-2014', 1)":null},"T\u00edtulo":{"('0028-PE-2014', 0)":"SOLICITAR ACUERDO PARA DESIGNAR FISCAL ANTE EL JUZGADO FEDERAL DE PRIMERA INSTANCIA DE NECOCHEA, PROVINCIA DE BUENOS AIRES, AL DOCTOR JUAN MANUEL PORTELA","('0028-PE-2014', 1)":null},"('Firmantes', 'FIRMANTE')":{"('0028-PE-2014', 0)":"ALAK, JULIO","('0028-PE-2014', 1)":"FERNANDEZ DE KIRCHNER, CRISTINA"},"('Firmantes', 'DISTRITO')":{"('0028-PE-2014', 0)":null,"('0028-PE-2014', 1)":null},"('Firmantes', 'BLOQUE')":{"('0028-PE-2014', 0)":"PODER EJECUTIVO","('0028-PE-2014', 1)":"PODER EJECUTIVO"},"('Tramites', 'C\u00c1MARA')":{"('0028-PE-2014', 0)":"Senado","('0028-PE-2014', 1)":"Senado"},"('Tramites', 'MOVIMIENTO')":{"('0028-PE-2014', 0)":"MOCION SOBRE TABLAS (AFIRMATIVA)","('0028-PE-2014', 1)":"CONSIDERACION Y APROBACION"},"('Tramites', 'FECHA')":{"('0028-PE-2014', 0)":"28\/05\/2014","('0028-PE-2014', 1)":"28\/05\/2014"},"('Tramites', 'RESULTADO')":{"('0028-PE-2014', 0)":null,"('0028-PE-2014', 1)":"APROBADO"},"Palabra Clave":{"('0028-PE-2014', 0)":" ","('0028-PE-2014', 1)":null}}