{"Tipo de Proyecto":{"('0029-PE-2014', 0)":"MENSAJE NRO: 0393\/14","('0029-PE-2014', 1)":null},"Iniciado en: ":{"('0029-PE-2014', 0)":"Senado","('0029-PE-2014', 1)":null},"Expediente Senado: ":{"('0029-PE-2014', 0)":"0029-PE-2014","('0029-PE-2014', 1)":null},"Publicado en: ":{"('0029-PE-2014', 0)":"DAE S.A. N\u00b0 2","('0029-PE-2014', 1)":null},"Fecha: ":{"('0029-PE-2014', 0)":"27\/03\/2014","('0029-PE-2014', 1)":null},"T\u00edtulo":{"('0029-PE-2014', 0)":"SOLICITAR ACUERDO PARA DESIGNAR FISCAL ANTE EL JUZGADO FEDERAL DE PRIMERA INSTANCIA DE MAR DEL PLATA, PROVINCIA DE BUENOS AIRES, FISCALIA N\u00b0 1, A LA DOCTORA LAURA ELENA MAZZAFERRI","('0029-PE-2014', 1)":null},"('Firmantes', 'FIRMANTE')":{"('0029-PE-2014', 0)":"ALAK, JULIO","('0029-PE-2014', 1)":"FERNANDEZ DE KIRCHNER, CRISTINA"},"('Firmantes', 'DISTRITO')":{"('0029-PE-2014', 0)":null,"('0029-PE-2014', 1)":null},"('Firmantes', 'BLOQUE')":{"('0029-PE-2014', 0)":"PODER EJECUTIVO","('0029-PE-2014', 1)":"PODER EJECUTIVO"},"('Tramites', 'C\u00c1MARA')":{"('0029-PE-2014', 0)":"Senado","('0029-PE-2014', 1)":"Senado"},"('Tramites', 'MOVIMIENTO')":{"('0029-PE-2014', 0)":"MOCION SOBRE TABLAS (AFIRMATIVA)","('0029-PE-2014', 1)":"CONSIDERACION Y APROBACION"},"('Tramites', 'FECHA')":{"('0029-PE-2014', 0)":"28\/05\/2014","('0029-PE-2014', 1)":"28\/05\/2014"},"('Tramites', 'RESULTADO')":{"('0029-PE-2014', 0)":null,"('0029-PE-2014', 1)":"APROBADO"},"Palabra Clave":{"('0029-PE-2014', 0)":" ","('0029-PE-2014', 1)":null}}