{"Tipo de Proyecto":{"('0029-S-2014', 0)":"PROYECTO DE LEY"},"Iniciado en: ":{"('0029-S-2014', 0)":"Senado"},"Expediente Senado: ":{"('0029-S-2014', 0)":"0029-S-2014"},"Publicado en: ":{"('0029-S-2014', 0)":"Diario de Asuntos Entrados N\u00b0 2"},"Fecha: ":{"('0029-S-2014', 0)":"05\/03\/2014"},"T\u00edtulo":{"('0029-S-2014', 0)":"CREACION DEL PROGRAMA NACIONAL PARA LA PROMOCION Y DESARROLLO DEL BAMBU (PROBAMBU) EN EL AMBITO DE LA SECRETARIA DE AGRICULTURA, GANADERIA, PESCA Y ALIMENTACION DEPENDIENTE DEL MINISTERIO DE ECONOMIA."},"('Firmantes', 'FIRMANTE')":{"('0029-S-2014', 0)":"ARTAZA, EUGENIO JUSTINIANO"},"('Firmantes', 'DISTRITO')":{"('0029-S-2014', 0)":"CORRIENTES"},"('Firmantes', 'BLOQUE')":{"('0029-S-2014', 0)":"UCR"},"Sumario":{"('0029-S-2014', 0)":"OBJETIVOS; FINANCIAMIENTO; INVITACION A ADHERIR."},"Palabra Clave":{"('0029-S-2014', 0)":" "}}