{"Tipo de Proyecto":{"('0033-S-2014', 0)":"COMUNICACION"},"Iniciado en: ":{"('0033-S-2014', 0)":"Senado"},"Expediente Senado: ":{"('0033-S-2014', 0)":"0033-S-2014"},"Publicado en: ":{"('0033-S-2014', 0)":"Diario de Asuntos Entrados N\u00b0 2"},"Fecha: ":{"('0033-S-2014', 0)":"05\/03\/2014"},"T\u00edtulo":{"('0033-S-2014', 0)":"PEDIDO DE INFORMES AL PODER EJECUTIVO SOBRE LAS LINEAS DE CREDITOS SUBSIDIADAS PARA EL SECTOR PESQUERO IMPLEMENTADAS EN EL A\u00d1O 2013."},"('Firmantes', 'FIRMANTE')":{"('0033-S-2014', 0)":"DI PERNA, GRACIELA AGUSTINA"},"('Firmantes', 'DISTRITO')":{"('0033-S-2014', 0)":"CHUBUT"},"('Firmantes', 'BLOQUE')":{"('0033-S-2014', 0)":"TRABAJO Y DIGNIDAD"},"Link":{"('0033-S-2014', 0)":"http:\/\/www.senado.gov.ar\/parlamentario\/comisiones\/verExp\/33.14\/S\/PC"},"Palabra Clave":{"('0033-S-2014', 0)":" "}}