{"Tipo de Proyecto":{"('0034-PE-2014', 0)":"MENSAJE NRO: 0398\/14","('0034-PE-2014', 1)":null},"Iniciado en: ":{"('0034-PE-2014', 0)":"Senado","('0034-PE-2014', 1)":null},"Expediente Senado: ":{"('0034-PE-2014', 0)":"0034-PE-2014","('0034-PE-2014', 1)":null},"Publicado en: ":{"('0034-PE-2014', 0)":"DAE S.A. N\u00b0 2","('0034-PE-2014', 1)":null},"Fecha: ":{"('0034-PE-2014', 0)":"27\/03\/2014","('0034-PE-2014', 1)":null},"T\u00edtulo":{"('0034-PE-2014', 0)":"SOLICITAR ACUERDO PARA DESIGNAR FISCAL ANTE LOS JUZGADOS FEDERALES DE PRIMERA INSTANCIA DE LOMAS DE ZAMORA, PROVINCIA DE BUENOS AIRES, FISCALIA N\u00ba 1 AL DOCTOR DIEGO ALEJO IGLESIAS. ","('0034-PE-2014', 1)":null},"('Firmantes', 'FIRMANTE')":{"('0034-PE-2014', 0)":"ALAK, JULIO","('0034-PE-2014', 1)":"FERNANDEZ DE KIRCHNER, CRISTINA"},"('Firmantes', 'DISTRITO')":{"('0034-PE-2014', 0)":null,"('0034-PE-2014', 1)":null},"('Firmantes', 'BLOQUE')":{"('0034-PE-2014', 0)":"PODER EJECUTIVO","('0034-PE-2014', 1)":"PODER EJECUTIVO"},"('Tramites', 'C\u00c1MARA')":{"('0034-PE-2014', 0)":"Senado","('0034-PE-2014', 1)":"Senado"},"('Tramites', 'MOVIMIENTO')":{"('0034-PE-2014', 0)":"MOCION SOBRE TABLAS (AFIRMATIVA)","('0034-PE-2014', 1)":"CONSIDERACION Y APROBACION"},"('Tramites', 'FECHA')":{"('0034-PE-2014', 0)":"28\/05\/2014","('0034-PE-2014', 1)":"28\/05\/2014"},"('Tramites', 'RESULTADO')":{"('0034-PE-2014', 0)":null,"('0034-PE-2014', 1)":"APROBADO"},"Palabra Clave":{"('0034-PE-2014', 0)":" ","('0034-PE-2014', 1)":null}}