{"Tipo de Proyecto":{"('0035-S-2014', 0)":"PROYECTO DE LEY","('0035-S-2014', 1)":null,"('0035-S-2014', 2)":null,"('0035-S-2014', 3)":null,"('0035-S-2014', 4)":null,"('0035-S-2014', 5)":null},"Iniciado en: ":{"('0035-S-2014', 0)":"Senado","('0035-S-2014', 1)":null,"('0035-S-2014', 2)":null,"('0035-S-2014', 3)":null,"('0035-S-2014', 4)":null,"('0035-S-2014', 5)":null},"Expediente Diputados: ":{"('0035-S-2014', 0)":"0035-S-2014","('0035-S-2014', 1)":null,"('0035-S-2014', 2)":null,"('0035-S-2014', 3)":null,"('0035-S-2014', 4)":null,"('0035-S-2014', 5)":null},"Expediente Senado: ":{"('0035-S-2014', 0)":"0900-S-2014","('0035-S-2014', 1)":null,"('0035-S-2014', 2)":null,"('0035-S-2014', 3)":null,"('0035-S-2014', 4)":null,"('0035-S-2014', 5)":null},"Publicado en: ":{"('0035-S-2014', 0)":"Diario de Asuntos Entrados N\u00b0 44","('0035-S-2014', 1)":null,"('0035-S-2014', 2)":null,"('0035-S-2014', 3)":null,"('0035-S-2014', 4)":null,"('0035-S-2014', 5)":null},"Fecha: ":{"('0035-S-2014', 0)":"09\/04\/2014","('0035-S-2014', 1)":null,"('0035-S-2014', 2)":null,"('0035-S-2014', 3)":null,"('0035-S-2014', 4)":null,"('0035-S-2014', 5)":null},"T\u00edtulo":{"('0035-S-2014', 0)":"ACEPTACION DE LA CESION DE JURISDICCION EFECTUADA POR LA PROVINCIA DEL CHACO AL ESTADO NACIONAL MEDIANTE LA LEY PROVINCIAL 7317\/13, SOBRE TIERRAS IDENTIFICADAS EN DICHA NORMA UBICADAS EN LA MENCIONADA PROVINCIA.","('0035-S-2014', 1)":null,"('0035-S-2014', 2)":null,"('0035-S-2014', 3)":null,"('0035-S-2014', 4)":null,"('0035-S-2014', 5)":null},"('Firmantes', 'FIRMANTE')":{"('0035-S-2014', 0)":"AGUILAR, EDUARDO ALBERTO","('0035-S-2014', 1)":"PILATTI VERGARA, MARIA INES","('0035-S-2014', 2)":null,"('0035-S-2014', 3)":null,"('0035-S-2014', 4)":null,"('0035-S-2014', 5)":null},"('Firmantes', 'DISTRITO')":{"('0035-S-2014', 0)":"CHACO","('0035-S-2014', 1)":"CHACO","('0035-S-2014', 2)":null,"('0035-S-2014', 3)":null,"('0035-S-2014', 4)":null,"('0035-S-2014', 5)":null},"('Firmantes', 'BLOQUE')":{"('0035-S-2014', 0)":"FRENTE PARA LA VICTORIA - PJ","('0035-S-2014', 1)":"FRENTE PARA LA VICTORIA - PJ","('0035-S-2014', 2)":null,"('0035-S-2014', 3)":null,"('0035-S-2014', 4)":null,"('0035-S-2014', 5)":null},"('Giros', 'COMISI\u00d3N')":{"('0035-S-2014', 0)":"LEGISLACION GENERAL","('0035-S-2014', 1)":"RECURSOS NATURALES Y CONSERVACION DEL AMBIENTE HUMANO","('0035-S-2014', 2)":"PRESUPUESTO Y HACIENDA","('0035-S-2014', 3)":null,"('0035-S-2014', 4)":null,"('0035-S-2014', 5)":null},"('Tramites', 'C\u00c1MARA')":{"('0035-S-2014', 0)":"Senado","('0035-S-2014', 1)":"Diputados","('0035-S-2014', 2)":"Diputados","('0035-S-2014', 3)":"Diputados","('0035-S-2014', 4)":"Diputados","('0035-S-2014', 5)":"Diputados"},"('Tramites', 'MOVIMIENTO')":{"('0035-S-2014', 0)":"CONSIDERACION Y APROBACION","('0035-S-2014', 1)":"PASA A DIPUTADOS -","('0035-S-2014', 2)":"SOLICITUD DE PRONTO TRATAMIENTO DE LOS DIPUTADOS PEDRINI, MENDOZA SANDRA, SOTO Y MARTINEZ CAMPOS (A SUS ANTECEDENTES)","('0035-S-2014', 3)":"CITACION SESION ESPECIAL","('0035-S-2014', 4)":"CONSIDERACION Y SANCION","('0035-S-2014', 5)":"INSERCIONES"},"('Tramites', 'FECHA')":{"('0035-S-2014', 0)":"28\/05\/2014","('0035-S-2014', 1)":null,"('0035-S-2014', 2)":null,"('0035-S-2014', 3)":"22\/10\/2014","('0035-S-2014', 4)":"22\/10\/2014","('0035-S-2014', 5)":"22\/10\/2014"},"('Tramites', 'RESULTADO')":{"('0035-S-2014', 0)":"MEDIA SANCION","('0035-S-2014', 1)":null,"('0035-S-2014', 2)":null,"('0035-S-2014', 3)":null,"('0035-S-2014', 4)":"SANCIONADO","('0035-S-2014', 5)":null},"Link":{"('0035-S-2014', 0)":"http:\/\/www.senado.gov.ar\/parlamentario\/comisiones\/verExp\/900.14\/S\/PL","('0035-S-2014', 1)":null,"('0035-S-2014', 2)":null,"('0035-S-2014', 3)":null,"('0035-S-2014', 4)":null,"('0035-S-2014', 5)":null},"Palabra Clave":{"('0035-S-2014', 0)":" ","('0035-S-2014', 1)":null,"('0035-S-2014', 2)":null,"('0035-S-2014', 3)":null,"('0035-S-2014', 4)":null,"('0035-S-2014', 5)":null}}