{"Tipo de Proyecto":{"('0036-PE-2014', 0)":"MENSAJE NRO: 0400\/14","('0036-PE-2014', 1)":null},"Iniciado en: ":{"('0036-PE-2014', 0)":"Senado","('0036-PE-2014', 1)":null},"Expediente Senado: ":{"('0036-PE-2014', 0)":"0036-PE-2014","('0036-PE-2014', 1)":null},"Publicado en: ":{"('0036-PE-2014', 0)":"DAE S.A. N\u00b0 2","('0036-PE-2014', 1)":null},"Fecha: ":{"('0036-PE-2014', 0)":"27\/03\/2014","('0036-PE-2014', 1)":null},"T\u00edtulo":{"('0036-PE-2014', 0)":"SOLICITAR ACUERDO PARA DESIGNAR FISCAL GENERAL ANTE LOS TRIBUNALES ORALES EN LO CRIMINAL FEDERAL DE ROSARIO, PROVINCIA DE SANTA FE, FISCALIA N\u00ba 2, AL DOCTOR OSCAR FERNANDO ARRIGO. ","('0036-PE-2014', 1)":null},"('Firmantes', 'FIRMANTE')":{"('0036-PE-2014', 0)":"ALAK, JULIO","('0036-PE-2014', 1)":"FERNANDEZ DE KIRCHNER, CRISTINA"},"('Firmantes', 'DISTRITO')":{"('0036-PE-2014', 0)":null,"('0036-PE-2014', 1)":null},"('Firmantes', 'BLOQUE')":{"('0036-PE-2014', 0)":"PODER EJECUTIVO","('0036-PE-2014', 1)":"PODER EJECUTIVO"},"('Tramites', 'C\u00c1MARA')":{"('0036-PE-2014', 0)":"Senado","('0036-PE-2014', 1)":"Senado"},"('Tramites', 'MOVIMIENTO')":{"('0036-PE-2014', 0)":"MOCION SOBRE TABLAS (AFIRMATIVA)","('0036-PE-2014', 1)":"CONSIDERACION Y APROBACION"},"('Tramites', 'FECHA')":{"('0036-PE-2014', 0)":"28\/05\/2014","('0036-PE-2014', 1)":"28\/05\/2014"},"('Tramites', 'RESULTADO')":{"('0036-PE-2014', 0)":null,"('0036-PE-2014', 1)":"APROBADO"},"Palabra Clave":{"('0036-PE-2014', 0)":" ","('0036-PE-2014', 1)":null}}