{"Tipo de Proyecto":{"('0036-D-2014', 0)":"PROYECTO DE LEY","('0036-D-2014', 1)":null},"Iniciado en: ":{"('0036-D-2014', 0)":"Diputados","('0036-D-2014', 1)":null},"Expediente Diputados: ":{"('0036-D-2014', 0)":"0036-D-2014","('0036-D-2014', 1)":null},"Publicado en: ":{"('0036-D-2014', 0)":"Tr\u00e1mite Parlamentario N\u00b0 1","('0036-D-2014', 1)":null},"Fecha: ":{"('0036-D-2014', 0)":"05\/03\/2014","('0036-D-2014', 1)":null},"T\u00edtulo":{"('0036-D-2014', 0)":"REGIMEN CONTRA EL NARCOTRAFICO (LEY 23737): MODIFICACIONES, SOBRE DESPENALIZACION DE LA TENENCIA DE DROGAS PARA USO PERSONAL.","('0036-D-2014', 1)":null},"('Firmantes', 'FIRMANTE')":{"('0036-D-2014', 0)":"CONTI, DIANA BEATRIZ","('0036-D-2014', 1)":null},"('Firmantes', 'DISTRITO')":{"('0036-D-2014', 0)":"BUENOS AIRES","('0036-D-2014', 1)":null},"('Firmantes', 'BLOQUE')":{"('0036-D-2014', 0)":"FRENTE PARA LA VICTORIA - PJ","('0036-D-2014', 1)":null},"('Giros', 'COMISI\u00d3N')":{"('0036-D-2014', 0)":"PREVENCION DE ADICCIONES Y CONTROL DEL NARCOTRAFICO","('0036-D-2014', 1)":"LEGISLACION PENAL"},"Sumario":{"('0036-D-2014', 0)":"SUSTITUCION DEL ULTIMO PARRAFO DEL ARTICULO 5 Y DEL ARTICULO 14 (CANTIDADES SEMBRADAS), MODIFICACION DE LOS ARTICULOS 19 (MEDIDA DE SEGURIDAD DEL ARTICULO 16, EN RELACION A LOS TRATAMIENTOS DE DESINTOXICACION Y REHABILITACION) Y 20 (APLICACION DE LOS SUPUESTOS ESTABLECIDOS EN EL ARTICULO 16); DEROGACION DE LOS ARTICULOS 17, 18, 21 Y 22 DE LA LEY 23737 DE ESTUPEFACIENTES.","('0036-D-2014', 1)":null},"Palabra Clave":{"('0036-D-2014', 0)":" ","('0036-D-2014', 1)":null}}