{"Tipo de Proyecto":{"('0036-S-2014', 0)":"PROYECTO DE LEY","('0036-S-2014', 1)":null,"('0036-S-2014', 2)":null,"('0036-S-2014', 3)":null},"Iniciado en: ":{"('0036-S-2014', 0)":"Senado","('0036-S-2014', 1)":null,"('0036-S-2014', 2)":null,"('0036-S-2014', 3)":null},"Expediente Diputados: ":{"('0036-S-2014', 0)":"0036-S-2014","('0036-S-2014', 1)":null,"('0036-S-2014', 2)":null,"('0036-S-2014', 3)":null},"Expediente Senado: ":{"('0036-S-2014', 0)":"0311-S-2014","('0036-S-2014', 1)":null,"('0036-S-2014', 2)":null,"('0036-S-2014', 3)":null},"Publicado en: ":{"('0036-S-2014', 0)":"Diario de Asuntos Entrados N\u00b0 16","('0036-S-2014', 1)":null,"('0036-S-2014', 2)":null,"('0036-S-2014', 3)":null},"Fecha: ":{"('0036-S-2014', 0)":"11\/03\/2014","('0036-S-2014', 1)":null,"('0036-S-2014', 2)":null,"('0036-S-2014', 3)":null},"T\u00edtulo":{"('0036-S-2014', 0)":"INSTITUIR EL 10 DE OCTUBRE DE CADA A\u00d1O, COMO EL DIA NACIONAL DE LA LUCHA CONTRA LA VIOLENCIA DE GENERO EN LOS MEDIOS DE COMUNICACION","('0036-S-2014', 1)":null,"('0036-S-2014', 2)":null,"('0036-S-2014', 3)":null},"('Firmantes', 'FIRMANTE')":{"('0036-S-2014', 0)":"KUNATH, SIGRID ELIZABETH","('0036-S-2014', 1)":"LUNA, MIRTHA MARIA TERESITA","('0036-S-2014', 2)":null,"('0036-S-2014', 3)":null},"('Firmantes', 'DISTRITO')":{"('0036-S-2014', 0)":"ENTRE RIOS","('0036-S-2014', 1)":"LA RIOJA","('0036-S-2014', 2)":null,"('0036-S-2014', 3)":null},"('Firmantes', 'BLOQUE')":{"('0036-S-2014', 0)":"FRENTE PARA LA VICTORIA - PJ","('0036-S-2014', 1)":"FRENTE PARA LA VICTORIA - PJ","('0036-S-2014', 2)":null,"('0036-S-2014', 3)":null},"('Giros', 'COMISI\u00d3N')":{"('0036-S-2014', 0)":"COMUNICACIONES E INFORMATICA","('0036-S-2014', 1)":"LEGISLACION GENERAL","('0036-S-2014', 2)":null,"('0036-S-2014', 3)":null},"('Tramites', 'C\u00c1MARA')":{"('0036-S-2014', 0)":"Senado","('0036-S-2014', 1)":"Diputados","('0036-S-2014', 2)":"Diputados","('0036-S-2014', 3)":"Diputados"},"('Tramites', 'MOVIMIENTO')":{"('0036-S-2014', 0)":"CONSIDERACION Y APROBACION","('0036-S-2014', 1)":"PASA A DIPUTADOS -","('0036-S-2014', 2)":"CONSIDERACION Y SANCION","('0036-S-2014', 3)":"INSERCIONES"},"('Tramites', 'FECHA')":{"('0036-S-2014', 0)":"28\/05\/2014","('0036-S-2014', 1)":null,"('0036-S-2014', 2)":"26\/08\/2015","('0036-S-2014', 3)":"26\/08\/2015"},"('Tramites', 'RESULTADO')":{"('0036-S-2014', 0)":"MEDIA SANCION","('0036-S-2014', 1)":null,"('0036-S-2014', 2)":"SANCIONADO","('0036-S-2014', 3)":null},"Link":{"('0036-S-2014', 0)":"http:\/\/www.senado.gov.ar\/parlamentario\/comisiones\/verExp\/311.14\/S\/PL","('0036-S-2014', 1)":null,"('0036-S-2014', 2)":null,"('0036-S-2014', 3)":null},"Palabra Clave":{"('0036-S-2014', 0)":" ","('0036-S-2014', 1)":null,"('0036-S-2014', 2)":null,"('0036-S-2014', 3)":null}}