{"Tipo de Proyecto":{"('0037-S-2014', 0)":"MENSAJE NRO: 0496\/14 Y PROYECTO DE LEY","('0037-S-2014', 1)":null,"('0037-S-2014', 2)":null,"('0037-S-2014', 3)":null},"Iniciado en: ":{"('0037-S-2014', 0)":"Senado","('0037-S-2014', 1)":null,"('0037-S-2014', 2)":null,"('0037-S-2014', 3)":null},"Expediente Diputados: ":{"('0037-S-2014', 0)":"0037-S-2014","('0037-S-2014', 1)":null,"('0037-S-2014', 2)":null,"('0037-S-2014', 3)":null},"Expediente Senado: ":{"('0037-S-2014', 0)":"0058-PE-2014","('0037-S-2014', 1)":null,"('0037-S-2014', 2)":null,"('0037-S-2014', 3)":null},"Publicado en: ":{"('0037-S-2014', 0)":"Diario de Asuntos Entrados N\u00b0 0","('0037-S-2014', 1)":null,"('0037-S-2014', 2)":null,"('0037-S-2014', 3)":null},"Fecha: ":{"('0037-S-2014', 0)":"10\/03\/2014","('0037-S-2014', 1)":null,"('0037-S-2014', 2)":null,"('0037-S-2014', 3)":null},"T\u00edtulo":{"('0037-S-2014', 0)":"APROBACION DEL CONVENIO DE COLABORACION Y COOPERACION PARA LA RESTAURACION, TRASLADO Y EMPLAZAMIENTO DEL MONUMENTO A CRISTOBAL COLON, CELEBRADO ENTRE EL ESTADO NACIONAL Y LA CIUDAD AUTONOMA DE BUENOS AIRES, CELEBRADO EL 26\/03\/2014.","('0037-S-2014', 1)":null,"('0037-S-2014', 2)":null,"('0037-S-2014', 3)":null},"('Firmantes', 'FIRMANTE')":{"('0037-S-2014', 0)":"FERNANDEZ DE KIRCHNER, CRISTINA","('0037-S-2014', 1)":"CAPITANICH, JORGE","('0037-S-2014', 2)":null,"('0037-S-2014', 3)":null},"('Firmantes', 'DISTRITO')":{"('0037-S-2014', 0)":null,"('0037-S-2014', 1)":null,"('0037-S-2014', 2)":null,"('0037-S-2014', 3)":null},"('Firmantes', 'BLOQUE')":{"('0037-S-2014', 0)":"PODER EJECUTIVO","('0037-S-2014', 1)":"PODER EJECUTIVO","('0037-S-2014', 2)":null,"('0037-S-2014', 3)":null},"('Giros', 'COMISI\u00d3N')":{"('0037-S-2014', 0)":"CULTURA","('0037-S-2014', 1)":"PRESUPUESTO Y HACIENDA","('0037-S-2014', 2)":null,"('0037-S-2014', 3)":null},"('Tramites', 'C\u00c1MARA')":{"('0037-S-2014', 0)":"Senado","('0037-S-2014', 1)":"Diputados","('0037-S-2014', 2)":"Diputados","('0037-S-2014', 3)":"Diputados"},"('Tramites', 'MOVIMIENTO')":{"('0037-S-2014', 0)":"CONSIDERACION Y APROBACION","('0037-S-2014', 1)":"PASA A DIPUTADOS -","('0037-S-2014', 2)":"CITACION SESION ESPECIAL","('0037-S-2014', 3)":"CONSIDERACION Y SANCION"},"('Tramites', 'FECHA')":{"('0037-S-2014', 0)":"28\/05\/2014","('0037-S-2014', 1)":null,"('0037-S-2014', 2)":"06\/08\/2014","('0037-S-2014', 3)":"06\/08\/2014"},"('Tramites', 'RESULTADO')":{"('0037-S-2014', 0)":"MEDIA SANCION","('0037-S-2014', 1)":null,"('0037-S-2014', 2)":null,"('0037-S-2014', 3)":"SANCIONADO"},"Link":{"('0037-S-2014', 0)":"http:\/\/www.senado.gov.ar\/web\/proyectos\/verExpe.php?origen=PE&nro_comision=&tipo=PL&numexp=58\/14&tConsulta=5","('0037-S-2014', 1)":null,"('0037-S-2014', 2)":null,"('0037-S-2014', 3)":null},"Palabra Clave":{"('0037-S-2014', 0)":" ","('0037-S-2014', 1)":null,"('0037-S-2014', 2)":null,"('0037-S-2014', 3)":null}}