{"Tipo de Proyecto":{"('0037-PE-2014', 0)":"MENSAJE NRO: 0401\/14","('0037-PE-2014', 1)":null},"Iniciado en: ":{"('0037-PE-2014', 0)":"Senado","('0037-PE-2014', 1)":null},"Expediente Senado: ":{"('0037-PE-2014', 0)":"0037-PE-2014","('0037-PE-2014', 1)":null},"Publicado en: ":{"('0037-PE-2014', 0)":"DAE S.A. N\u00b0 2","('0037-PE-2014', 1)":null},"Fecha: ":{"('0037-PE-2014', 0)":"27\/03\/2014","('0037-PE-2014', 1)":null},"T\u00edtulo":{"('0037-PE-2014', 0)":"SOLICITAR ACUERDO PARA DESIGNAR FISCAL ANTE LOS JUZGADOS NACIONALES DE MENORES DE LA CAPITAL FEDERAL, FISCALIA N\u00ba 5, AL DOCTOR ALEJANDRO MARTI GARRO.","('0037-PE-2014', 1)":null},"('Firmantes', 'FIRMANTE')":{"('0037-PE-2014', 0)":"ALAK, JULIO","('0037-PE-2014', 1)":"FERNANDEZ DE KIRCHNER, CRISTINA"},"('Firmantes', 'DISTRITO')":{"('0037-PE-2014', 0)":null,"('0037-PE-2014', 1)":null},"('Firmantes', 'BLOQUE')":{"('0037-PE-2014', 0)":"PODER EJECUTIVO","('0037-PE-2014', 1)":"PODER EJECUTIVO"},"('Tramites', 'C\u00c1MARA')":{"('0037-PE-2014', 0)":"Senado","('0037-PE-2014', 1)":"Senado"},"('Tramites', 'MOVIMIENTO')":{"('0037-PE-2014', 0)":"MOCION SOBRE TABLAS (AFIRMATIVA)","('0037-PE-2014', 1)":"CONSIDERACION Y APROBACION"},"('Tramites', 'FECHA')":{"('0037-PE-2014', 0)":"28\/05\/2014","('0037-PE-2014', 1)":"28\/05\/2014"},"('Tramites', 'RESULTADO')":{"('0037-PE-2014', 0)":null,"('0037-PE-2014', 1)":"APROBADO"},"Palabra Clave":{"('0037-PE-2014', 0)":" ","('0037-PE-2014', 1)":null}}