{"Tipo de Proyecto":{"('0038-S-2014', 0)":"MENSAJE NRO: 2165\/13 Y PROYECTO DE LEY","('0038-S-2014', 1)":null,"('0038-S-2014', 2)":null,"('0038-S-2014', 3)":null,"('0038-S-2014', 4)":null},"Iniciado en: ":{"('0038-S-2014', 0)":"Senado","('0038-S-2014', 1)":null,"('0038-S-2014', 2)":null,"('0038-S-2014', 3)":null,"('0038-S-2014', 4)":null},"Expediente Diputados: ":{"('0038-S-2014', 0)":"0038-S-2014","('0038-S-2014', 1)":null,"('0038-S-2014', 2)":null,"('0038-S-2014', 3)":null,"('0038-S-2014', 4)":null},"Expediente Senado: ":{"('0038-S-2014', 0)":"0204-PE-2013","('0038-S-2014', 1)":null,"('0038-S-2014', 2)":null,"('0038-S-2014', 3)":null,"('0038-S-2014', 4)":null},"Publicado en: ":{"('0038-S-2014', 0)":"Diario de Asuntos Entrados N\u00b0 185","('0038-S-2014', 1)":null,"('0038-S-2014', 2)":null,"('0038-S-2014', 3)":null,"('0038-S-2014', 4)":null},"Fecha: ":{"('0038-S-2014', 0)":"18\/12\/2013","('0038-S-2014', 1)":null,"('0038-S-2014', 2)":null,"('0038-S-2014', 3)":null,"('0038-S-2014', 4)":null},"T\u00edtulo":{"('0038-S-2014', 0)":"CREACION DEL INSTITUTO UNIVERSITARIO NACIONAL DE DERECHOS HUMANOS 'MADRES DE PLAZA DE MAYO' COMO UNIDAD FUNCIONAL DEPENDIENTE DEL MINISTERIO DE JUSTICIA Y DERECHOS HUMANOS, SOBRE LA BASE DE LA ACTUAL UNIVERSIDAD POPULAR MADRES DE PLAZA DE MAYO EN LOS TERMINOS DEL CONVENIO CELEBRADO ENTRE EL PODER EJECUTIVO NACIONAL, LA FUNDACION MADRES DE PLAZA DE MAYO Y LA UNIVERSIDAD POPULAR MADRES DE PLAZA DE MAYO.","('0038-S-2014', 1)":null,"('0038-S-2014', 2)":null,"('0038-S-2014', 3)":null,"('0038-S-2014', 4)":null},"('Firmantes', 'FIRMANTE')":{"('0038-S-2014', 0)":"FERNANDEZ DE KIRCHNER, CRISTINA","('0038-S-2014', 1)":"CAPITANICH, JORGE","('0038-S-2014', 2)":"SILEONI, ALBERTO","('0038-S-2014', 3)":"ALAK, JULIO","('0038-S-2014', 4)":null},"('Firmantes', 'DISTRITO')":{"('0038-S-2014', 0)":null,"('0038-S-2014', 1)":null,"('0038-S-2014', 2)":null,"('0038-S-2014', 3)":null,"('0038-S-2014', 4)":null},"('Firmantes', 'BLOQUE')":{"('0038-S-2014', 0)":"PODER EJECUTIVO","('0038-S-2014', 1)":"PODER EJECUTIVO","('0038-S-2014', 2)":"PODER EJECUTIVO","('0038-S-2014', 3)":"PODER EJECUTIVO","('0038-S-2014', 4)":null},"('Giros', 'COMISI\u00d3N')":{"('0038-S-2014', 0)":"DERECHOS HUMANOS Y GARANTIAS","('0038-S-2014', 1)":"PRESUPUESTO Y HACIENDA","('0038-S-2014', 2)":null,"('0038-S-2014', 3)":null,"('0038-S-2014', 4)":null},"('Tramites', 'C\u00c1MARA')":{"('0038-S-2014', 0)":"Senado","('0038-S-2014', 1)":"Senado","('0038-S-2014', 2)":"Diputados","('0038-S-2014', 3)":"Diputados","('0038-S-2014', 4)":"Diputados"},"('Tramites', 'MOVIMIENTO')":{"('0038-S-2014', 0)":"CONSIDERACION Y APROBACION CON MODIFICACIONES","('0038-S-2014', 1)":"PASA A DIPUTADOS -","('0038-S-2014', 2)":"CITACION SESION ESPECIAL","('0038-S-2014', 3)":"CONSIDERACION Y SANCION","('0038-S-2014', 4)":"INSERCIONES"},"('Tramites', 'FECHA')":{"('0038-S-2014', 0)":"28\/05\/2014","('0038-S-2014', 1)":null,"('0038-S-2014', 2)":"22\/10\/2014","('0038-S-2014', 3)":"22\/10\/2014","('0038-S-2014', 4)":"22\/10\/2014"},"('Tramites', 'RESULTADO')":{"('0038-S-2014', 0)":"MEDIA SANCION","('0038-S-2014', 1)":null,"('0038-S-2014', 2)":null,"('0038-S-2014', 3)":"SANCIONADO","('0038-S-2014', 4)":null},"Sumario":{"('0038-S-2014', 0)":"SEDE: CIUDAD AUTONOMA DE BUENOS AIRES; APLICACION DEL REGIMEN JURIDICO APLICABLE A LAS INSTITUCIONES UNIVERSITARIAS NACIONALES; PARTIDAS PRESUPUESTARIAS.","('0038-S-2014', 1)":null,"('0038-S-2014', 2)":null,"('0038-S-2014', 3)":null,"('0038-S-2014', 4)":null},"Palabra Clave":{"('0038-S-2014', 0)":" ","('0038-S-2014', 1)":null,"('0038-S-2014', 2)":null,"('0038-S-2014', 3)":null,"('0038-S-2014', 4)":null}}