{"Tipo de Proyecto":{"('0038-PE-2014', 0)":"MENSAJE NRO: 0402\/14","('0038-PE-2014', 1)":null},"Iniciado en: ":{"('0038-PE-2014', 0)":"Senado","('0038-PE-2014', 1)":null},"Expediente Senado: ":{"('0038-PE-2014', 0)":"0038-PE-2014","('0038-PE-2014', 1)":null},"Publicado en: ":{"('0038-PE-2014', 0)":"DAE S.A. N\u00b0 2","('0038-PE-2014', 1)":null},"Fecha: ":{"('0038-PE-2014', 0)":"27\/03\/2014","('0038-PE-2014', 1)":null},"T\u00edtulo":{"('0038-PE-2014', 0)":"SOLICITAR ACUERDO PARA DESIGNAR FISCAL ANTE LOS JUZGADOS NACIONALES DE MENORES DE LA CAPITAL FEDERAL, FISCALIA N\u00ba 2, A LA DOCTORA MARIA EUGENIA SAGASTA. ","('0038-PE-2014', 1)":null},"('Firmantes', 'FIRMANTE')":{"('0038-PE-2014', 0)":"ALAK, JULIO","('0038-PE-2014', 1)":"FERNANDEZ DE KIRCHNER, CRISTINA"},"('Firmantes', 'DISTRITO')":{"('0038-PE-2014', 0)":null,"('0038-PE-2014', 1)":null},"('Firmantes', 'BLOQUE')":{"('0038-PE-2014', 0)":"PODER EJECUTIVO","('0038-PE-2014', 1)":"PODER EJECUTIVO"},"('Tramites', 'C\u00c1MARA')":{"('0038-PE-2014', 0)":"Senado","('0038-PE-2014', 1)":"Senado"},"('Tramites', 'MOVIMIENTO')":{"('0038-PE-2014', 0)":"MOCION SOBRE TABLAS (AFIRMATIVA)","('0038-PE-2014', 1)":"CONSIDERACION Y APROBACION"},"('Tramites', 'FECHA')":{"('0038-PE-2014', 0)":"28\/05\/2014","('0038-PE-2014', 1)":"28\/05\/2014"},"('Tramites', 'RESULTADO')":{"('0038-PE-2014', 0)":null,"('0038-PE-2014', 1)":"APROBADO"},"Palabra Clave":{"('0038-PE-2014', 0)":" ","('0038-PE-2014', 1)":null}}