{"Tipo de Proyecto":{"('0039-PE-2014', 0)":"MENSAJE NRO: 0403\/14","('0039-PE-2014', 1)":null},"Iniciado en: ":{"('0039-PE-2014', 0)":"Senado","('0039-PE-2014', 1)":null},"Expediente Senado: ":{"('0039-PE-2014', 0)":"0039-PE-2014","('0039-PE-2014', 1)":null},"Publicado en: ":{"('0039-PE-2014', 0)":"DAE S.A. N\u00b0 2","('0039-PE-2014', 1)":null},"Fecha: ":{"('0039-PE-2014', 0)":"27\/03\/2014","('0039-PE-2014', 1)":null},"T\u00edtulo":{"('0039-PE-2014', 0)":"SOLICITAR ACUERDO PARA DESIGNAR FISCAL ANTE LOS JUZGADOS NACIONALES DE MENORES DE LA CAPITAL FEDERAL FISCALIA N\u00ba 6 AL DOCTOR DANIEL ALEJANDRO TOGNI. ","('0039-PE-2014', 1)":null},"('Firmantes', 'FIRMANTE')":{"('0039-PE-2014', 0)":"ALAK, JULIO","('0039-PE-2014', 1)":"FERNANDEZ DE KIRCHNER, CRISTINA"},"('Firmantes', 'DISTRITO')":{"('0039-PE-2014', 0)":null,"('0039-PE-2014', 1)":null},"('Firmantes', 'BLOQUE')":{"('0039-PE-2014', 0)":"PODER EJECUTIVO","('0039-PE-2014', 1)":"PODER EJECUTIVO"},"('Tramites', 'C\u00c1MARA')":{"('0039-PE-2014', 0)":"Senado","('0039-PE-2014', 1)":"Senado"},"('Tramites', 'MOVIMIENTO')":{"('0039-PE-2014', 0)":"MOCION SOBRE TABLAS (AFIRMATIVA)","('0039-PE-2014', 1)":"CONSIDERACION Y APROBACION"},"('Tramites', 'FECHA')":{"('0039-PE-2014', 0)":"28\/05\/2014","('0039-PE-2014', 1)":"28\/05\/2014"},"('Tramites', 'RESULTADO')":{"('0039-PE-2014', 0)":null,"('0039-PE-2014', 1)":"APROBADO"},"Palabra Clave":{"('0039-PE-2014', 0)":" ","('0039-PE-2014', 1)":null}}