{"Tipo de Proyecto":{"('0039-D-2014', 0)":"PROYECTO DE LEY"},"Iniciado en: ":{"('0039-D-2014', 0)":"Diputados"},"Expediente Diputados: ":{"('0039-D-2014', 0)":"0039-D-2014"},"Publicado en: ":{"('0039-D-2014', 0)":"Tr\u00e1mite Parlamentario N\u00b0 1"},"Fecha: ":{"('0039-D-2014', 0)":"05\/03\/2014"},"T\u00edtulo":{"('0039-D-2014', 0)":"CODIGO PENAL: MODIFICACION DEL ARTICULO 14, SOBRE LIBERTAD CONDICIONAL."},"('Firmantes', 'FIRMANTE')":{"('0039-D-2014', 0)":"CONTI, DIANA BEATRIZ"},"('Firmantes', 'DISTRITO')":{"('0039-D-2014', 0)":"BUENOS AIRES"},"('Firmantes', 'BLOQUE')":{"('0039-D-2014', 0)":"FRENTE PARA LA VICTORIA - PJ"},"('Giros', 'COMISI\u00d3N')":{"('0039-D-2014', 0)":"LEGISLACION PENAL"},"Link":{"('0039-D-2014', 0)":"https:\/\/www.hcdn.gob.ar\/proyectos\/textoCompleto.jsp?exp=0039-D-2014&tipo=LEY"},"Palabra Clave":{"('0039-D-2014', 0)":" "}}