{"Tipo de Proyecto":{"('0041-PE-2014', 0)":"MENSAJE NRO: 0405\/14","('0041-PE-2014', 1)":null},"Iniciado en: ":{"('0041-PE-2014', 0)":"Senado","('0041-PE-2014', 1)":null},"Expediente Senado: ":{"('0041-PE-2014', 0)":"0041-PE-2014","('0041-PE-2014', 1)":null},"Publicado en: ":{"('0041-PE-2014', 0)":"DAE S.A. N\u00b0 2","('0041-PE-2014', 1)":null},"Fecha: ":{"('0041-PE-2014', 0)":"27\/03\/2014","('0041-PE-2014', 1)":null},"T\u00edtulo":{"('0041-PE-2014', 0)":"SOLICITAR ACUERDO PARA DESIGNAR FISCAL ANTE EL JUZGADO FEDERAL DE PRIMERA INSTANCIA DE GOYA, PROVINCIA DE CORRIENTES, AL DOCTOR MARIANO ENRIQUE DE GUZMAN.","('0041-PE-2014', 1)":null},"('Firmantes', 'FIRMANTE')":{"('0041-PE-2014', 0)":"ALAK, JULIO","('0041-PE-2014', 1)":"FERNANDEZ DE KIRCHNER, CRISTINA"},"('Firmantes', 'DISTRITO')":{"('0041-PE-2014', 0)":null,"('0041-PE-2014', 1)":null},"('Firmantes', 'BLOQUE')":{"('0041-PE-2014', 0)":"PODER EJECUTIVO","('0041-PE-2014', 1)":"PODER EJECUTIVO"},"('Tramites', 'C\u00c1MARA')":{"('0041-PE-2014', 0)":"Senado","('0041-PE-2014', 1)":"Senado"},"('Tramites', 'MOVIMIENTO')":{"('0041-PE-2014', 0)":"MOCION SOBRE TABLAS (AFIRMATIVA)","('0041-PE-2014', 1)":"CONSIDERACION Y APROBACION"},"('Tramites', 'FECHA')":{"('0041-PE-2014', 0)":"28\/05\/2014","('0041-PE-2014', 1)":"28\/05\/2014"},"('Tramites', 'RESULTADO')":{"('0041-PE-2014', 0)":null,"('0041-PE-2014', 1)":"APROBADO"},"Palabra Clave":{"('0041-PE-2014', 0)":" ","('0041-PE-2014', 1)":null}}