{"Tipo de Proyecto":{"('0042-D-2014', 0)":"PROYECTO DE RESOLUCI\u00d3N","('0042-D-2014', 1)":null,"('0042-D-2014', 2)":null},"Iniciado en: ":{"('0042-D-2014', 0)":"Diputados","('0042-D-2014', 1)":null,"('0042-D-2014', 2)":null},"Expediente Diputados: ":{"('0042-D-2014', 0)":"0042-D-2014","('0042-D-2014', 1)":null,"('0042-D-2014', 2)":null},"Publicado en: ":{"('0042-D-2014', 0)":"Tr\u00e1mite Parlamentario N\u00b0 1","('0042-D-2014', 1)":null,"('0042-D-2014', 2)":null},"Fecha: ":{"('0042-D-2014', 0)":"05\/03\/2014","('0042-D-2014', 1)":null,"('0042-D-2014', 2)":null},"T\u00edtulo":{"('0042-D-2014', 0)":"COMISION BICAMERAL DE RELACION CON EL MINISTERIO PUBLICO: CREACION EN EL AMBITO DEL HONORABLE CONGRESO DE LA NACION.","('0042-D-2014', 1)":null,"('0042-D-2014', 2)":null},"('Firmantes', 'FIRMANTE')":{"('0042-D-2014', 0)":"CONTI, DIANA BEATRIZ","('0042-D-2014', 1)":null,"('0042-D-2014', 2)":null},"('Firmantes', 'DISTRITO')":{"('0042-D-2014', 0)":"BUENOS AIRES","('0042-D-2014', 1)":null,"('0042-D-2014', 2)":null},"('Firmantes', 'BLOQUE')":{"('0042-D-2014', 0)":"FRENTE PARA LA VICTORIA - PJ","('0042-D-2014', 1)":null,"('0042-D-2014', 2)":null},"('Giros', 'COMISI\u00d3N')":{"('0042-D-2014', 0)":"PETICIONES, PODERES Y REGLAMENTO","('0042-D-2014', 1)":"JUSTICIA","('0042-D-2014', 2)":"PRESUPUESTO Y HACIENDA"},"Sumario":{"('0042-D-2014', 0)":"CARACTER PERMANENTE DE LA COMISION; INTEGRACION; AUTORIDADES; FUNCIONES.","('0042-D-2014', 1)":null,"('0042-D-2014', 2)":null},"Palabra Clave":{"('0042-D-2014', 0)":" ","('0042-D-2014', 1)":null,"('0042-D-2014', 2)":null}}