{"Tipo de Proyecto":{"('0043-S-2014', 0)":"MENSAJE NRO: 0946\/14 Y PROYECTO DE LEY","('0043-S-2014', 1)":null,"('0043-S-2014', 2)":null,"('0043-S-2014', 3)":null,"('0043-S-2014', 4)":null,"('0043-S-2014', 5)":null,"('0043-S-2014', 6)":null},"Iniciado en: ":{"('0043-S-2014', 0)":"Senado","('0043-S-2014', 1)":null,"('0043-S-2014', 2)":null,"('0043-S-2014', 3)":null,"('0043-S-2014', 4)":null,"('0043-S-2014', 5)":null,"('0043-S-2014', 6)":null},"Expediente Diputados: ":{"('0043-S-2014', 0)":"0043-S-2014","('0043-S-2014', 1)":null,"('0043-S-2014', 2)":null,"('0043-S-2014', 3)":null,"('0043-S-2014', 4)":null,"('0043-S-2014', 5)":null,"('0043-S-2014', 6)":null},"Expediente Senado: ":{"('0043-S-2014', 0)":"0148-PE-2014","('0043-S-2014', 1)":null,"('0043-S-2014', 2)":null,"('0043-S-2014', 3)":null,"('0043-S-2014', 4)":null,"('0043-S-2014', 5)":null,"('0043-S-2014', 6)":null},"Publicado en: ":{"('0043-S-2014', 0)":"Diario de Asuntos Entrados N\u00b0 92","('0043-S-2014', 1)":null,"('0043-S-2014', 2)":null,"('0043-S-2014', 3)":null,"('0043-S-2014', 4)":null,"('0043-S-2014', 5)":null,"('0043-S-2014', 6)":null},"Fecha: ":{"('0043-S-2014', 0)":"18\/06\/2014","('0043-S-2014', 1)":null,"('0043-S-2014', 2)":null,"('0043-S-2014', 3)":null,"('0043-S-2014', 4)":null,"('0043-S-2014', 5)":null,"('0043-S-2014', 6)":null},"T\u00edtulo":{"('0043-S-2014', 0)":"IMPLEMENTACION DE LA SEGUNDA ETAPA DEL PLAN DE INCLUSION PREVISIONAL, A TRAVES DE LA REGULARIZACION DE DEUDA PARA TRABAJADORES INDEPENDIENTES (AUTONOMOS Y MONOTRIBUTISTAS) PARA ACCEDER A UNA PRESTACION PREVISIONAL. ","('0043-S-2014', 1)":null,"('0043-S-2014', 2)":null,"('0043-S-2014', 3)":null,"('0043-S-2014', 4)":null,"('0043-S-2014', 5)":null,"('0043-S-2014', 6)":null},"('Firmantes', 'FIRMANTE')":{"('0043-S-2014', 0)":"FERNANDEZ DE KIRCHNER, CRISTINA","('0043-S-2014', 1)":"CAPITANICH, JORGE","('0043-S-2014', 2)":"TOMADA, CARLOS","('0043-S-2014', 3)":"KICILLOF, AXEL","('0043-S-2014', 4)":null,"('0043-S-2014', 5)":null,"('0043-S-2014', 6)":null},"('Firmantes', 'DISTRITO')":{"('0043-S-2014', 0)":null,"('0043-S-2014', 1)":null,"('0043-S-2014', 2)":null,"('0043-S-2014', 3)":null,"('0043-S-2014', 4)":null,"('0043-S-2014', 5)":null,"('0043-S-2014', 6)":null},"('Firmantes', 'BLOQUE')":{"('0043-S-2014', 0)":"PODER EJECUTIVO","('0043-S-2014', 1)":"PODER EJECUTIVO","('0043-S-2014', 2)":"PODER EJECUTIVO","('0043-S-2014', 3)":"PODER EJECUTIVO","('0043-S-2014', 4)":null,"('0043-S-2014', 5)":null,"('0043-S-2014', 6)":null},"('Giros', 'COMISI\u00d3N')":{"('0043-S-2014', 0)":"PREVISION Y SEGURIDAD SOCIAL","('0043-S-2014', 1)":"PRESUPUESTO Y HACIENDA","('0043-S-2014', 2)":null,"('0043-S-2014', 3)":null,"('0043-S-2014', 4)":null,"('0043-S-2014', 5)":null,"('0043-S-2014', 6)":null},"('Tramites', 'C\u00c1MARA')":{"('0043-S-2014', 0)":"Senado","('0043-S-2014', 1)":"Senado","('0043-S-2014', 2)":"Senado","('0043-S-2014', 3)":"Senado","('0043-S-2014', 4)":"Diputados","('0043-S-2014', 5)":"Diputados","('0043-S-2014', 6)":"Diputados"},"('Tramites', 'MOVIMIENTO')":{"('0043-S-2014', 0)":"SOLICITUD SENADOR BARRIONUEVO SE INCORPORE SU FIRMA AL DICTAMEN","('0043-S-2014', 1)":"SOLICITUD SENADOR VERNA SE INCORPORE SU FIRMA AL DICTAMEN","('0043-S-2014', 2)":"CONSIDERACION Y APROBACION CON MODIFICACIONES","('0043-S-2014', 3)":"INSERCIONES","('0043-S-2014', 4)":"PASA A DIPUTADOS -","('0043-S-2014', 5)":"CONSIDERACION Y SANCION","('0043-S-2014', 6)":"INSERCIONES"},"('Tramites', 'FECHA')":{"('0043-S-2014', 0)":"02\/07\/2014","('0043-S-2014', 1)":"02\/07\/2014","('0043-S-2014', 2)":"02\/07\/2014","('0043-S-2014', 3)":"02\/07\/2014","('0043-S-2014', 4)":null,"('0043-S-2014', 5)":"27\/08\/2014","('0043-S-2014', 6)":"27\/08\/2014"},"('Tramites', 'RESULTADO')":{"('0043-S-2014', 0)":null,"('0043-S-2014', 1)":null,"('0043-S-2014', 2)":"MEDIA SANCION","('0043-S-2014', 3)":null,"('0043-S-2014', 4)":null,"('0043-S-2014', 5)":"SANCIONADO","('0043-S-2014', 6)":null},"Sumario":{"('0043-S-2014', 0)":"BENEFICIARIOS; INCOMPATIBILIDADES.","('0043-S-2014', 1)":null,"('0043-S-2014', 2)":null,"('0043-S-2014', 3)":null,"('0043-S-2014', 4)":null,"('0043-S-2014', 5)":null,"('0043-S-2014', 6)":null},"Palabra Clave":{"('0043-S-2014', 0)":" ","('0043-S-2014', 1)":null,"('0043-S-2014', 2)":null,"('0043-S-2014', 3)":null,"('0043-S-2014', 4)":null,"('0043-S-2014', 5)":null,"('0043-S-2014', 6)":null}}