{"Tipo de Proyecto":{"('0045-PE-2014', 0)":"MENSAJE NRO: 0409\/14","('0045-PE-2014', 1)":null},"Iniciado en: ":{"('0045-PE-2014', 0)":"Senado","('0045-PE-2014', 1)":null},"Expediente Senado: ":{"('0045-PE-2014', 0)":"0045-PE-2014","('0045-PE-2014', 1)":null},"Publicado en: ":{"('0045-PE-2014', 0)":"DAE S.A. N\u00b0 2","('0045-PE-2014', 1)":null},"Fecha: ":{"('0045-PE-2014', 0)":"27\/03\/2014","('0045-PE-2014', 1)":null},"T\u00edtulo":{"('0045-PE-2014', 0)":"SOLICITAR ACUERDO PARA DESIGNAR DEFENSOR PUBLICO OFICIAL ANTE LOS TRIBUNALES DE PRIMERA Y SEGUNDA INSTANCIA DE LA PLATA, PROVINCIA DE BUENOS AIRES, AL DOCTOR NICOLAS TOSELLI. ","('0045-PE-2014', 1)":null},"('Firmantes', 'FIRMANTE')":{"('0045-PE-2014', 0)":"ALAK, JULIO","('0045-PE-2014', 1)":"FERNANDEZ DE KIRCHNER, CRISTINA"},"('Firmantes', 'DISTRITO')":{"('0045-PE-2014', 0)":null,"('0045-PE-2014', 1)":null},"('Firmantes', 'BLOQUE')":{"('0045-PE-2014', 0)":"PODER EJECUTIVO","('0045-PE-2014', 1)":"PODER EJECUTIVO"},"('Tramites', 'C\u00c1MARA')":{"('0045-PE-2014', 0)":"Senado","('0045-PE-2014', 1)":"Senado"},"('Tramites', 'MOVIMIENTO')":{"('0045-PE-2014', 0)":"MOCION SOBRE TABLAS (AFIRMATIVA)","('0045-PE-2014', 1)":"CONSIDERACION Y APROBACION"},"('Tramites', 'FECHA')":{"('0045-PE-2014', 0)":"28\/05\/2014","('0045-PE-2014', 1)":"28\/05\/2014"},"('Tramites', 'RESULTADO')":{"('0045-PE-2014', 0)":null,"('0045-PE-2014', 1)":"APROBADO"},"Palabra Clave":{"('0045-PE-2014', 0)":" ","('0045-PE-2014', 1)":null}}