{"Tipo de Proyecto":{"('0045-S-2014', 0)":"PROYECTO DE LEY"},"Iniciado en: ":{"('0045-S-2014', 0)":"Senado"},"Expediente Senado: ":{"('0045-S-2014', 0)":"0045-S-2014"},"Publicado en: ":{"('0045-S-2014', 0)":"Diario de Asuntos Entrados N\u00b0 3"},"Fecha: ":{"('0045-S-2014', 0)":"05\/03\/2014"},"T\u00edtulo":{"('0045-S-2014', 0)":"CREACION DEL CONSEJO CONSULTIVO FEDERAL DE INFRAESTRUCTURA PARA ACTUAR EN EL AMBITO DE LAS ACCIONES QUE LA NACION REALICE CON LAS PROVINCIAS POR MEDIO DEL FINANCIAMIENTO CON LA CORPORACION ANDINA DE FOMENTO"},"('Firmantes', 'FIRMANTE')":{"('0045-S-2014', 0)":"PEREYRA, GUILLERMO JUAN"},"('Firmantes', 'DISTRITO')":{"('0045-S-2014', 0)":"NEUQUEN"},"('Firmantes', 'BLOQUE')":{"('0045-S-2014', 0)":"MOV POP NEUQUINO"},"('Tramites', 'C\u00c1MARA')":{"('0045-S-2014', 0)":"Senado"},"('Tramites', 'MOVIMIENTO')":{"('0045-S-2014', 0)":"REPRODUCIDO POR EXPEDIENTE 0160-S-16"},"('Tramites', 'FECHA')":{"('0045-S-2014', 0)":null},"('Tramites', 'RESULTADO')":{"('0045-S-2014', 0)":null},"Sumario":{"('0045-S-2014', 0)":"OBJETO: INTEGRACION."},"Palabra Clave":{"('0045-S-2014', 0)":" "}}