{"Tipo de Proyecto":{"('0046-S-2014', 0)":"PROYECTO DE LEY","('0046-S-2014', 1)":null},"Iniciado en: ":{"('0046-S-2014', 0)":"Senado","('0046-S-2014', 1)":null},"Expediente Diputados: ":{"('0046-S-2014', 0)":"0046-S-2014","('0046-S-2014', 1)":null},"Expediente Senado: ":{"('0046-S-2014', 0)":"2651-S-2013","('0046-S-2014', 1)":null},"Publicado en: ":{"('0046-S-2014', 0)":"Diario de Asuntos Entrados N\u00b0 104","('0046-S-2014', 1)":null},"Fecha: ":{"('0046-S-2014', 0)":"27\/06\/2013","('0046-S-2014', 1)":null},"T\u00edtulo":{"('0046-S-2014', 0)":"INSTITUIR EL 21 DE JUNIO DE CADA A\u00d1O COMO EL \"DIA NACIONAL DE LA CONFRATERNIDAD ANTARTICA\". ","('0046-S-2014', 1)":null},"('Firmantes', 'FIRMANTE')":{"('0046-S-2014', 0)":"DI PERNA, GRACIELA AGUSTINA","('0046-S-2014', 1)":null},"('Firmantes', 'DISTRITO')":{"('0046-S-2014', 0)":"CHUBUT","('0046-S-2014', 1)":null},"('Firmantes', 'BLOQUE')":{"('0046-S-2014', 0)":"TRABAJO Y DIGNIDAD","('0046-S-2014', 1)":null},"('Giros', 'COMISI\u00d3N')":{"('0046-S-2014', 0)":"EDUCACION","('0046-S-2014', 1)":"LEGISLACION GENERAL"},"('Tramites', 'C\u00c1MARA')":{"('0046-S-2014', 0)":"Senado","('0046-S-2014', 1)":"Diputados"},"('Tramites', 'MOVIMIENTO')":{"('0046-S-2014', 0)":"CONSIDERACION Y APROBACION","('0046-S-2014', 1)":"PASA A DIPUTADOS -"},"('Tramites', 'FECHA')":{"('0046-S-2014', 0)":"02\/07\/2014","('0046-S-2014', 1)":null},"('Tramites', 'RESULTADO')":{"('0046-S-2014', 0)":"MEDIA SANCION","('0046-S-2014', 1)":null},"Sumario":{"('0046-S-2014', 0)":"CALENDARIO.","('0046-S-2014', 1)":null},"Palabra Clave":{"('0046-S-2014', 0)":" ","('0046-S-2014', 1)":null}}