{"Tipo de Proyecto":{"('0047-D-2014', 0)":"PROYECTO DE LEY","('0047-D-2014', 1)":null,"('0047-D-2014', 2)":null,"('0047-D-2014', 3)":null,"('0047-D-2014', 4)":null,"('0047-D-2014', 5)":null,"('0047-D-2014', 6)":null,"('0047-D-2014', 7)":null,"('0047-D-2014', 8)":null},"Iniciado en: ":{"('0047-D-2014', 0)":"Diputados","('0047-D-2014', 1)":null,"('0047-D-2014', 2)":null,"('0047-D-2014', 3)":null,"('0047-D-2014', 4)":null,"('0047-D-2014', 5)":null,"('0047-D-2014', 6)":null,"('0047-D-2014', 7)":null,"('0047-D-2014', 8)":null},"Expediente Diputados: ":{"('0047-D-2014', 0)":"0047-D-2014","('0047-D-2014', 1)":null,"('0047-D-2014', 2)":null,"('0047-D-2014', 3)":null,"('0047-D-2014', 4)":null,"('0047-D-2014', 5)":null,"('0047-D-2014', 6)":null,"('0047-D-2014', 7)":null,"('0047-D-2014', 8)":null},"Publicado en: ":{"('0047-D-2014', 0)":"Tr\u00e1mite Parlamentario N\u00b0 1","('0047-D-2014', 1)":null,"('0047-D-2014', 2)":null,"('0047-D-2014', 3)":null,"('0047-D-2014', 4)":null,"('0047-D-2014', 5)":null,"('0047-D-2014', 6)":null,"('0047-D-2014', 7)":null,"('0047-D-2014', 8)":null},"Fecha: ":{"('0047-D-2014', 0)":"05\/03\/2014","('0047-D-2014', 1)":null,"('0047-D-2014', 2)":null,"('0047-D-2014', 3)":null,"('0047-D-2014', 4)":null,"('0047-D-2014', 5)":null,"('0047-D-2014', 6)":null,"('0047-D-2014', 7)":null,"('0047-D-2014', 8)":null},"T\u00edtulo":{"('0047-D-2014', 0)":"PREVENCION DE LA LUDOPATIA: REGIMEN.","('0047-D-2014', 1)":null,"('0047-D-2014', 2)":null,"('0047-D-2014', 3)":null,"('0047-D-2014', 4)":null,"('0047-D-2014', 5)":null,"('0047-D-2014', 6)":null,"('0047-D-2014', 7)":null,"('0047-D-2014', 8)":null},"('Firmantes', 'FIRMANTE')":{"('0047-D-2014', 0)":"FIAD, MARIO RAYMUNDO","('0047-D-2014', 1)":"BIELLA CALVET, BERNARDO JOSE","('0047-D-2014', 2)":"MALDONADO, VICTOR HUGO","('0047-D-2014', 3)":"GIUBERGIA, MIGUEL ANGEL","('0047-D-2014', 4)":"NEGRI, MARIO RAUL","('0047-D-2014', 5)":"PASTORI, LUIS MARIO","('0047-D-2014', 6)":"SACCA, LUIS FERNANDO","('0047-D-2014', 7)":"RICCARDO, JOSE LUIS","('0047-D-2014', 8)":"BURGOS, MARIA GABRIELA"},"('Firmantes', 'DISTRITO')":{"('0047-D-2014', 0)":"JUJUY","('0047-D-2014', 1)":"SALTA","('0047-D-2014', 2)":"CHACO","('0047-D-2014', 3)":"JUJUY","('0047-D-2014', 4)":"CORDOBA","('0047-D-2014', 5)":"MISIONES","('0047-D-2014', 6)":"TUCUMAN","('0047-D-2014', 7)":"SAN LUIS","('0047-D-2014', 8)":"JUJUY"},"('Firmantes', 'BLOQUE')":{"('0047-D-2014', 0)":"UCR","('0047-D-2014', 1)":"UDESO SALTA","('0047-D-2014', 2)":"UCR","('0047-D-2014', 3)":"UCR","('0047-D-2014', 4)":"UCR","('0047-D-2014', 5)":"UCR","('0047-D-2014', 6)":"UCR","('0047-D-2014', 7)":"UCR","('0047-D-2014', 8)":"UCR"},"('Giros', 'COMISI\u00d3N')":{"('0047-D-2014', 0)":"PREVENCION DE ADICCIONES Y CONTROL DEL NARCOTRAFICO","('0047-D-2014', 1)":"ACCION SOCIAL Y SALUD PUBLICA","('0047-D-2014', 2)":"FINANZAS","('0047-D-2014', 3)":"PRESUPUESTO Y HACIENDA","('0047-D-2014', 4)":null,"('0047-D-2014', 5)":null,"('0047-D-2014', 6)":null,"('0047-D-2014', 7)":null,"('0047-D-2014', 8)":null},"('Tramites', 'C\u00c1MARA')":{"('0047-D-2014', 0)":"Diputados","('0047-D-2014', 1)":"Diputados","('0047-D-2014', 2)":null,"('0047-D-2014', 3)":null,"('0047-D-2014', 4)":null,"('0047-D-2014', 5)":null,"('0047-D-2014', 6)":null,"('0047-D-2014', 7)":null,"('0047-D-2014', 8)":null},"('Tramites', 'MOVIMIENTO')":{"('0047-D-2014', 0)":"SOLICITUD DE SER COFIRMANTE DE LA DIPUTADA BURGOS (A SUS ANTECEDENTES)","('0047-D-2014', 1)":"MOCION DE PREFERENCIA CON DICTAMEN (AFIRMATIVA)","('0047-D-2014', 2)":null,"('0047-D-2014', 3)":null,"('0047-D-2014', 4)":null,"('0047-D-2014', 5)":null,"('0047-D-2014', 6)":null,"('0047-D-2014', 7)":null,"('0047-D-2014', 8)":null},"('Tramites', 'FECHA')":{"('0047-D-2014', 0)":null,"('0047-D-2014', 1)":"19\/11\/2014","('0047-D-2014', 2)":null,"('0047-D-2014', 3)":null,"('0047-D-2014', 4)":null,"('0047-D-2014', 5)":null,"('0047-D-2014', 6)":null,"('0047-D-2014', 7)":null,"('0047-D-2014', 8)":null},"('Tramites', 'RESULTADO')":{"('0047-D-2014', 0)":null,"('0047-D-2014', 1)":null,"('0047-D-2014', 2)":null,"('0047-D-2014', 3)":null,"('0047-D-2014', 4)":null,"('0047-D-2014', 5)":null,"('0047-D-2014', 6)":null,"('0047-D-2014', 7)":null,"('0047-D-2014', 8)":null},"Sumario":{"('0047-D-2014', 0)":"DISPOSICIONES GENERALES: OBJETO, DEFINICIONES, AUTORIDAD DE APLICACION: MINISTERIO DE SALUD DE LA NACION EN COORDINACION CON LA MAXIMA AUTORIDAD EN MATERIA DE SALUD DE LAS PROVINCIAS Y DE LA CIUDAD AUTONOMA DE BUENOS AIRES; PREVENCION DE LA LUDOPATIA: OBJETIVO, FUNCIONES DE LA AUTORIDAD DE APLICACION; MEDIDAS DE PREVENCION: MENSAJE SANITARIO, PORTALES DE INTERNET, DIMENSION DEL MENSAJE SANITARIO, HORARIO, CAJEROS AUTOMATICOS, PLAZO; PUBLICIDAD Y PROMOCION: PROHIBICIONES; CREACION DEL REGISTRO NACIONAL DE AUTOEXCLUSION (RENAU): INCORPORACION EN EL REGISTRO, OBLIGACIONES, ACTUALIZACION, PLAZO DE VIGENCIA, PROTECCION DE DATOS PERSONALES; INFRACCIONES Y SANCIONES: INFRACCIONES, SANCIONES; DISPOSICIONES FINALES: CONVENIOS CON PROVINCIAS, INVITACION A LAS PROVINCIAS Y A LA CIUDAD AUTONOMA DE BUENOS AIRES A ADHERIR A LA PRESENTE LEY, REGLAMENTACION.","('0047-D-2014', 1)":null,"('0047-D-2014', 2)":null,"('0047-D-2014', 3)":null,"('0047-D-2014', 4)":null,"('0047-D-2014', 5)":null,"('0047-D-2014', 6)":null,"('0047-D-2014', 7)":null,"('0047-D-2014', 8)":null},"Palabra Clave":{"('0047-D-2014', 0)":" ","('0047-D-2014', 1)":null,"('0047-D-2014', 2)":null,"('0047-D-2014', 3)":null,"('0047-D-2014', 4)":null,"('0047-D-2014', 5)":null,"('0047-D-2014', 6)":null,"('0047-D-2014', 7)":null,"('0047-D-2014', 8)":null}}