{"Tipo de Proyecto":{"('0050-D-2014', 0)":"PROYECTO DE LEY"},"Iniciado en: ":{"('0050-D-2014', 0)":"Diputados"},"Expediente Diputados: ":{"('0050-D-2014', 0)":"0050-D-2014"},"Publicado en: ":{"('0050-D-2014', 0)":"Tr\u00e1mite Parlamentario N\u00b0 1"},"Fecha: ":{"('0050-D-2014', 0)":"05\/03\/2014"},"T\u00edtulo":{"('0050-D-2014', 0)":"IMPUESTO A LAS GANANCIAS (TEXTO ORDENADO POR DECRETO 649\/97): MODIFICACION DEL ARTICULO 20, SOBRE EXENCION EN JUBILACIONES, PENSIONES, RETIROS O SUBSIDIOS QUE PERCIBAN PERSONAS CON DIAGNOSTICO DE CANCER."},"('Firmantes', 'FIRMANTE')":{"('0050-D-2014', 0)":"LEVERBERG, STELLA MARIS"},"('Firmantes', 'DISTRITO')":{"('0050-D-2014', 0)":"MISIONES"},"('Firmantes', 'BLOQUE')":{"('0050-D-2014', 0)":"FRENTE PARA LA VICTORIA - PJ"},"('Giros', 'COMISI\u00d3N')":{"('0050-D-2014', 0)":"PRESUPUESTO Y HACIENDA"},"Link":{"('0050-D-2014', 0)":"https:\/\/www.hcdn.gob.ar\/proyectos\/textoCompleto.jsp?exp=0050-D-2014&tipo=LEY"},"Palabra Clave":{"('0050-D-2014', 0)":" "}}