{"Tipo de Proyecto":{"('0050-OV-2014', 0)":"PROYECTO DE RESOLUCI\u00d3N"},"Iniciado en: ":{"('0050-OV-2014', 0)":"Senado"},"Expediente Senado: ":{"('0050-OV-2014', 0)":"0050-OV-2014"},"Fecha: ":{"('0050-OV-2014', 0)":"26\/09\/2014"},"T\u00edtulo":{"('0050-OV-2014', 0)":"RESOLUCION REMITIDA POR LA AUDITORIA GENERAL DE LA NACION 32\/14, APROBANDO EL EL INFORME DE AUDITORIA SOBRE LOS ESTADOS FINANCIEROS DEL PROYECTO DE EFICIENCIA ENERGETICA - CONVENIO DE DONACION BIRF TF 92377, EJERCICIO 3, FINALIZADO EL 31 DE DICIEMBRE DE 2013."},"('Firmantes', 'FIRMANTE')":{"('0050-OV-2014', 0)":"PARLAMENTARIA MIXTA REVISORA DE CUENTAS"},"('Firmantes', 'DISTRITO')":{"('0050-OV-2014', 0)":null},"('Firmantes', 'BLOQUE')":{"('0050-OV-2014', 0)":null},"('Tramites', 'C\u00c1MARA')":{"('0050-OV-2014', 0)":"Senado"},"('Tramites', 'MOVIMIENTO')":{"('0050-OV-2014', 0)":"CONSIDERACION Y APROBACION (AL ARCHIVO)"},"('Tramites', 'FECHA')":{"('0050-OV-2014', 0)":"10\/12\/2014"},"('Tramites', 'RESULTADO')":{"('0050-OV-2014', 0)":"APROBADO"},"Sumario":{"('0050-OV-2014', 0)":"HABIENDO TOMADO CONOCIMIENTO Y SIN PERJUICIO DE ULTERIORES MEDIDAS QUE PUEDAN ADOPTARSE, SE ACONSEJA SU REMISION AL ARCHIVO."},"Palabra Clave":{"('0050-OV-2014', 0)":" "}}