{"Tipo de Proyecto":{"('0050-S-2014', 0)":"MENSAJE NRO: 0829\/14 Y PROYECTO DE LEY","('0050-S-2014', 1)":null,"('0050-S-2014', 2)":null,"('0050-S-2014', 3)":null,"('0050-S-2014', 4)":null},"Iniciado en: ":{"('0050-S-2014', 0)":"Senado","('0050-S-2014', 1)":null,"('0050-S-2014', 2)":null,"('0050-S-2014', 3)":null,"('0050-S-2014', 4)":null},"Expediente Diputados: ":{"('0050-S-2014', 0)":"0050-S-2014","('0050-S-2014', 1)":null,"('0050-S-2014', 2)":null,"('0050-S-2014', 3)":null,"('0050-S-2014', 4)":null},"Expediente Senado: ":{"('0050-S-2014', 0)":"0145-PE-2014","('0050-S-2014', 1)":null,"('0050-S-2014', 2)":null,"('0050-S-2014', 3)":null,"('0050-S-2014', 4)":null},"Publicado en: ":{"('0050-S-2014', 0)":"Diario de Asuntos Entrados N\u00b0 86","('0050-S-2014', 1)":null,"('0050-S-2014', 2)":null,"('0050-S-2014', 3)":null,"('0050-S-2014', 4)":null},"Fecha: ":{"('0050-S-2014', 0)":"06\/06\/2014","('0050-S-2014', 1)":null,"('0050-S-2014', 2)":null,"('0050-S-2014', 3)":null,"('0050-S-2014', 4)":null},"T\u00edtulo":{"('0050-S-2014', 0)":"AUTORIZACION DE LA SALIDA DEL PERSONAL Y MEDIOS DEL EJERCITO, LA ARMADA Y LA FUERZA AEREA ARGENTINA DE NUESTRO PAIS Y EL INGRESO DE TROPAS EXTRANJERAS, A REALIZARSE DENTRO Y FUERA DEL TERRITORIO NACIONAL EN EL MARCO DEL PROGRAMA DE EJERCITACIONES COMBINADAS PARA EL PERIODO 1\u00ba DE SEPTIEMBRE DE 2014 AL 31 DE AGOSTO DE 2015. ","('0050-S-2014', 1)":null,"('0050-S-2014', 2)":null,"('0050-S-2014', 3)":null,"('0050-S-2014', 4)":null},"('Firmantes', 'FIRMANTE')":{"('0050-S-2014', 0)":"FERNANDEZ DE KIRCHNER, CRISTINA","('0050-S-2014', 1)":"CAPITANICH, JORGE","('0050-S-2014', 2)":"TIMERMAN, HECTOR MARCOS","('0050-S-2014', 3)":"ROSSI, AGUSTIN OSCAR","('0050-S-2014', 4)":null},"('Firmantes', 'DISTRITO')":{"('0050-S-2014', 0)":null,"('0050-S-2014', 1)":null,"('0050-S-2014', 2)":null,"('0050-S-2014', 3)":null,"('0050-S-2014', 4)":null},"('Firmantes', 'BLOQUE')":{"('0050-S-2014', 0)":"PODER EJECUTIVO","('0050-S-2014', 1)":"PODER EJECUTIVO","('0050-S-2014', 2)":"PODER EJECUTIVO","('0050-S-2014', 3)":"PODER EJECUTIVO","('0050-S-2014', 4)":null},"('Giros', 'COMISI\u00d3N')":{"('0050-S-2014', 0)":"DEFENSA NACIONAL","('0050-S-2014', 1)":"RELACIONES EXTERIORES Y CULTO","('0050-S-2014', 2)":null,"('0050-S-2014', 3)":null,"('0050-S-2014', 4)":null},"('Tramites', 'C\u00c1MARA')":{"('0050-S-2014', 0)":"Senado","('0050-S-2014', 1)":"Senado","('0050-S-2014', 2)":"Diputados","('0050-S-2014', 3)":"Diputados","('0050-S-2014', 4)":"Diputados"},"('Tramites', 'MOVIMIENTO')":{"('0050-S-2014', 0)":"MOCION SOBRE TABLAS CON DICTAMEN (AFIRMATIVA)","('0050-S-2014', 1)":"CONSIDERACION Y APROBACION","('0050-S-2014', 2)":"PASA A DIPUTADOS -","('0050-S-2014', 3)":"CITACION SESION ESPECIAL","('0050-S-2014', 4)":"CONSIDERACION Y SANCION"},"('Tramites', 'FECHA')":{"('0050-S-2014', 0)":"02\/07\/2014","('0050-S-2014', 1)":"02\/07\/2014","('0050-S-2014', 2)":null,"('0050-S-2014', 3)":"06\/08\/2014","('0050-S-2014', 4)":"06\/08\/2014"},"('Tramites', 'RESULTADO')":{"('0050-S-2014', 0)":null,"('0050-S-2014', 1)":"MEDIA SANCION","('0050-S-2014', 2)":null,"('0050-S-2014', 3)":null,"('0050-S-2014', 4)":"SANCIONADO"},"Sumario":{"('0050-S-2014', 0)":"EJERCICIOS COMBINADOS: SOLIDARIDAD 2014, SACI, DUENDE, CONFERENCIA DE EJERCITOS AMERICANOS, SAR SUB (CON LA MARINA DE LA REPUBLICA FEDERATIVA DE BRASIL, ATLASUR, ARAEX, FRATERNO, PASSEX, INTEGRACION, VIEKAREN, ANFIBIO COMBINADO, SAR SUB (CON LA ARMADA NACIONAL DE LA REPUBLICA ORIENTAL DEL URUGUAY, INALAF, SAREX, SOCIEDAD DE LAS AMERICAS, ACRUX, EXPOSICION Y CONFERENCIA INTERNACIONAL DE DEFENSA NAVAL Y MARITIMA PARA AMERICA LATINA- EXPONAVAL, TANQUE 2014, SALITRE 2014, RIO VII, UJLLACHAY, ARPA II, CHICLAYO 2014, TAMBA.","('0050-S-2014', 1)":null,"('0050-S-2014', 2)":null,"('0050-S-2014', 3)":null,"('0050-S-2014', 4)":null},"Palabra Clave":{"('0050-S-2014', 0)":" ","('0050-S-2014', 1)":null,"('0050-S-2014', 2)":null,"('0050-S-2014', 3)":null,"('0050-S-2014', 4)":null}}