{"Tipo de Proyecto":{"('0050-PE-2014', 0)":"MENSAJE NRO: 0419\/14","('0050-PE-2014', 1)":null},"Iniciado en: ":{"('0050-PE-2014', 0)":"Senado","('0050-PE-2014', 1)":null},"Expediente Senado: ":{"('0050-PE-2014', 0)":"0050-PE-2014","('0050-PE-2014', 1)":null},"Publicado en: ":{"('0050-PE-2014', 0)":"DAE S.A. N\u00b0 3","('0050-PE-2014', 1)":null},"Fecha: ":{"('0050-PE-2014', 0)":"28\/03\/2014","('0050-PE-2014', 1)":null},"T\u00edtulo":{"('0050-PE-2014', 0)":"SOLICITAR ACUERDO PARA DESIGNAR DEFENSORA PUBLICA OFICIAL ANTE LOS JUZGADOS NACIONALES EN LO CRIMINAL DE INSTRUCCION Y ANTE LA CAMARA NACIONAL DE APELACIONES EN LO CRIMINAL Y CORRECCIONAL, DEFENSORIA 7 A LA DOCTORA MARINA VANESA SOBERANO. ","('0050-PE-2014', 1)":null},"('Firmantes', 'FIRMANTE')":{"('0050-PE-2014', 0)":"ALAK, JULIO","('0050-PE-2014', 1)":"FERNANDEZ DE KIRCHNER, CRISTINA"},"('Firmantes', 'DISTRITO')":{"('0050-PE-2014', 0)":null,"('0050-PE-2014', 1)":null},"('Firmantes', 'BLOQUE')":{"('0050-PE-2014', 0)":"PODER EJECUTIVO","('0050-PE-2014', 1)":"PODER EJECUTIVO"},"('Tramites', 'C\u00c1MARA')":{"('0050-PE-2014', 0)":"Senado","('0050-PE-2014', 1)":"Senado"},"('Tramites', 'MOVIMIENTO')":{"('0050-PE-2014', 0)":"MOCION SOBRE TABLAS (AFIRMATIVA)","('0050-PE-2014', 1)":"CONSIDERACION Y APROBACION"},"('Tramites', 'FECHA')":{"('0050-PE-2014', 0)":"28\/05\/2014","('0050-PE-2014', 1)":"28\/05\/2014"},"('Tramites', 'RESULTADO')":{"('0050-PE-2014', 0)":null,"('0050-PE-2014', 1)":"APROBADO"},"Palabra Clave":{"('0050-PE-2014', 0)":" ","('0050-PE-2014', 1)":null}}