{"Tipo de Proyecto":{"('0051-OV-2014', 0)":"PROYECTO DE RESOLUCI\u00d3N"},"Iniciado en: ":{"('0051-OV-2014', 0)":"Senado"},"Expediente Senado: ":{"('0051-OV-2014', 0)":"0051-OV-2014"},"Fecha: ":{"('0051-OV-2014', 0)":"06\/07\/2015"},"T\u00edtulo":{"('0051-OV-2014', 0)":"PEDIDO DE INFORMES AL PODER EJECUTIVO SOBRE RESOLUCION REMITIDA POR LA AUDITORIA GENERAL DE LA NACION 33\/14, APROBANDO EL INFORME REFERIDO A LOS ESTADOS FINANCIEROS DEL EJERCICIO NUMERO 5 FINALIZADO EL 31 DE DICIEMBRE DE 2013, CORRESPONDIENTES AL PROGRAMA DE GESTION DE LA SANIDAD Y CALIDAD AGROALIMENTARIA (SENASA), DEPENDIENTE DEL MINISTERIO DE AGRICULTURA, GANADERIA Y PESCA, PARCIALMENTE FINANCIADO CON RECURSOS PROVENIENTES DEL CONTRATO DE PRESTAMO 1950\/OC-AR BID."},"('Firmantes', 'FIRMANTE')":{"('0051-OV-2014', 0)":"PARLAMENTARIA MIXTA REVISORA DE CUENTAS"},"('Firmantes', 'DISTRITO')":{"('0051-OV-2014', 0)":null},"('Firmantes', 'BLOQUE')":{"('0051-OV-2014', 0)":null},"Link":{"('0051-OV-2014', 0)":"http:\/\/www.senado.gov.ar\/parlamentario\/comisiones\/verExp\/51.14\/OV\/PR"},"Palabra Clave":{"('0051-OV-2014', 0)":" "}}