{"Tipo de Proyecto":{"('0051-D-2014', 0)":"PROYECTO DE RESOLUCI\u00d3N"},"Iniciado en: ":{"('0051-D-2014', 0)":"Diputados"},"Expediente Diputados: ":{"('0051-D-2014', 0)":"0051-D-2014"},"Publicado en: ":{"('0051-D-2014', 0)":"Tr\u00e1mite Parlamentario N\u00b0 1"},"Fecha: ":{"('0051-D-2014', 0)":"05\/03\/2014"},"T\u00edtulo":{"('0051-D-2014', 0)":"DECLARAR DE INTERES DE LA HONORABLE CAMARA DE DIPUTADOS DE LA NACION EL 120 ANIVERSARIO DE LA LOCALIDAD DE CERRO CORA, PROVINCIA DE MISIONES, CELEBRADO EL DIA 19 DE FEBRERO DE 2014."},"('Firmantes', 'FIRMANTE')":{"('0051-D-2014', 0)":"LEVERBERG, STELLA MARIS"},"('Firmantes', 'DISTRITO')":{"('0051-D-2014', 0)":"MISIONES"},"('Firmantes', 'BLOQUE')":{"('0051-D-2014', 0)":"FRENTE PARA LA VICTORIA - PJ"},"('Giros', 'COMISI\u00d3N')":{"('0051-D-2014', 0)":"POBLACION Y DESARROLLO HUMANO"},"('Tramites', 'C\u00c1MARA')":{"('0051-D-2014', 0)":"Diputados"},"('Tramites', 'MOVIMIENTO')":{"('0051-D-2014', 0)":"APROBACION ARTICULO 114 DEL REGLAMENTO DE LA H CAMARA DE DIPUTADOS; COMUNICADO EL 18\/06\/2014"},"('Tramites', 'FECHA')":{"('0051-D-2014', 0)":null},"('Tramites', 'RESULTADO')":{"('0051-D-2014', 0)":"APROBADO"},"Link":{"('0051-D-2014', 0)":"https:\/\/www.hcdn.gob.ar\/proyectos\/textoCompleto.jsp?exp=0051-D-2014&tipo=RESOLUCION"},"Palabra Clave":{"('0051-D-2014', 0)":" "}}