{"Tipo de Proyecto":{"('0053-S-2014', 0)":"PROYECTO DE LEY","('0053-S-2014', 1)":null,"('0053-S-2014', 2)":null,"('0053-S-2014', 3)":null,"('0053-S-2014', 4)":null,"('0053-S-2014', 5)":null,"('0053-S-2014', 6)":null,"('0053-S-2014', 7)":null,"('0053-S-2014', 8)":null},"Iniciado en: ":{"('0053-S-2014', 0)":"Senado","('0053-S-2014', 1)":null,"('0053-S-2014', 2)":null,"('0053-S-2014', 3)":null,"('0053-S-2014', 4)":null,"('0053-S-2014', 5)":null,"('0053-S-2014', 6)":null,"('0053-S-2014', 7)":null,"('0053-S-2014', 8)":null},"Expediente Diputados: ":{"('0053-S-2014', 0)":"0053-S-2014","('0053-S-2014', 1)":null,"('0053-S-2014', 2)":null,"('0053-S-2014', 3)":null,"('0053-S-2014', 4)":null,"('0053-S-2014', 5)":null,"('0053-S-2014', 6)":null,"('0053-S-2014', 7)":null,"('0053-S-2014', 8)":null},"Expediente Senado: ":{"('0053-S-2014', 0)":"1211-S-2014","('0053-S-2014', 1)":null,"('0053-S-2014', 2)":null,"('0053-S-2014', 3)":null,"('0053-S-2014', 4)":null,"('0053-S-2014', 5)":null,"('0053-S-2014', 6)":null,"('0053-S-2014', 7)":null,"('0053-S-2014', 8)":null},"Publicado en: ":{"('0053-S-2014', 0)":"Diario de Asuntos Entrados N\u00b0 60","('0053-S-2014', 1)":null,"('0053-S-2014', 2)":null,"('0053-S-2014', 3)":null,"('0053-S-2014', 4)":null,"('0053-S-2014', 5)":null,"('0053-S-2014', 6)":null,"('0053-S-2014', 7)":null,"('0053-S-2014', 8)":null},"Fecha: ":{"('0053-S-2014', 0)":"30\/04\/2014","('0053-S-2014', 1)":null,"('0053-S-2014', 2)":null,"('0053-S-2014', 3)":null,"('0053-S-2014', 4)":null,"('0053-S-2014', 5)":null,"('0053-S-2014', 6)":null,"('0053-S-2014', 7)":null,"('0053-S-2014', 8)":null},"T\u00edtulo":{"('0053-S-2014', 0)":"INSTITUIR EL 4 DE JULIO DE CADA A\u00d1O, COMO EL \"DIA NACIONAL DE LA CONVIVENCIA Y PLURALIDAD DE LAS EXPRESIONES POLITICAS\", EN CONMEMORACION DEL MENSAJE DE DESPEDIDA AL EXTINTO PRESIDENTE DE LA NACION GENERAL JUAN DOMINGO PERON, PRONUNCIADO POR EL DOCTOR RICARDO BALBIN. ","('0053-S-2014', 1)":null,"('0053-S-2014', 2)":null,"('0053-S-2014', 3)":null,"('0053-S-2014', 4)":null,"('0053-S-2014', 5)":null,"('0053-S-2014', 6)":null,"('0053-S-2014', 7)":null,"('0053-S-2014', 8)":null},"('Firmantes', 'FIRMANTE')":{"('0053-S-2014', 0)":"DI PERNA, GRACIELA AGUSTINA","('0053-S-2014', 1)":"BASUALDO, ROBERTO GUSTAVO","('0053-S-2014', 2)":"GARRAMU\u00d1O, JORGE ALBERTO","('0053-S-2014', 3)":"MORALES, GERARDO RUBEN","('0053-S-2014', 4)":"VERNA, CARLOS ALBERTO","('0053-S-2014', 5)":"ROMERO, JUAN CARLOS","('0053-S-2014', 6)":"RODRIGUEZ SAA, ADOLFO","('0053-S-2014', 7)":"DE ANGELI, ALFREDO LUIS","('0053-S-2014', 8)":"LINARES, JAIME"},"('Firmantes', 'DISTRITO')":{"('0053-S-2014', 0)":"CHUBUT","('0053-S-2014', 1)":"SAN JUAN","('0053-S-2014', 2)":"TIERRA DEL FUEGO","('0053-S-2014', 3)":"JUJUY","('0053-S-2014', 4)":"LA PAMPA","('0053-S-2014', 5)":"SALTA","('0053-S-2014', 6)":"SAN LUIS","('0053-S-2014', 7)":"ENTRE RIOS","('0053-S-2014', 8)":"BUENOS AIRES"},"('Firmantes', 'BLOQUE')":{"('0053-S-2014', 0)":"TRABAJO Y DIGNIDAD","('0053-S-2014', 1)":"PRODUCCION Y TRABAJO","('0053-S-2014', 2)":"MOV POP FUEGUINO","('0053-S-2014', 3)":"UCR","('0053-S-2014', 4)":"PARTIDO JUSTICIALISTA LA PAMPA","('0053-S-2014', 5)":"JUSTICIALISTA 8 DE OCTUBRE","('0053-S-2014', 6)":"JUSTICIALISTA SAN LUIS","('0053-S-2014', 7)":"PRO Y UNION POR ENTRE RIOS","('0053-S-2014', 8)":"GEN"},"('Giros', 'COMISI\u00d3N')":{"('0053-S-2014', 0)":"CULTURA","('0053-S-2014', 1)":"LEGISLACION GENERAL","('0053-S-2014', 2)":null,"('0053-S-2014', 3)":null,"('0053-S-2014', 4)":null,"('0053-S-2014', 5)":null,"('0053-S-2014', 6)":null,"('0053-S-2014', 7)":null,"('0053-S-2014', 8)":null},"('Tramites', 'C\u00c1MARA')":{"('0053-S-2014', 0)":"Senado","('0053-S-2014', 1)":"Senado","('0053-S-2014', 2)":"Diputados","('0053-S-2014', 3)":"Diputados","('0053-S-2014', 4)":null,"('0053-S-2014', 5)":null,"('0053-S-2014', 6)":null,"('0053-S-2014', 7)":null,"('0053-S-2014', 8)":null},"('Tramites', 'MOVIMIENTO')":{"('0053-S-2014', 0)":"MOCION SOBRE TABLAS (AFIRMATIVA)","('0053-S-2014', 1)":"CONSIDERACION Y APROBACION","('0053-S-2014', 2)":"PASA A DIPUTADOS -","('0053-S-2014', 3)":"CONSIDERACION Y SANCION","('0053-S-2014', 4)":null,"('0053-S-2014', 5)":null,"('0053-S-2014', 6)":null,"('0053-S-2014', 7)":null,"('0053-S-2014', 8)":null},"('Tramites', 'FECHA')":{"('0053-S-2014', 0)":"02\/07\/2014","('0053-S-2014', 1)":"02\/07\/2014","('0053-S-2014', 2)":null,"('0053-S-2014', 3)":"14\/09\/2016","('0053-S-2014', 4)":null,"('0053-S-2014', 5)":null,"('0053-S-2014', 6)":null,"('0053-S-2014', 7)":null,"('0053-S-2014', 8)":null},"('Tramites', 'RESULTADO')":{"('0053-S-2014', 0)":null,"('0053-S-2014', 1)":"MEDIA SANCION","('0053-S-2014', 2)":null,"('0053-S-2014', 3)":"SANCIONADO","('0053-S-2014', 4)":null,"('0053-S-2014', 5)":null,"('0053-S-2014', 6)":null,"('0053-S-2014', 7)":null,"('0053-S-2014', 8)":null},"Sumario":{"('0053-S-2014', 0)":"INCORPORACION AL CALENDARIO DE ACTOS Y CONMEMORACIONES.","('0053-S-2014', 1)":null,"('0053-S-2014', 2)":null,"('0053-S-2014', 3)":null,"('0053-S-2014', 4)":null,"('0053-S-2014', 5)":null,"('0053-S-2014', 6)":null,"('0053-S-2014', 7)":null,"('0053-S-2014', 8)":null},"Palabra Clave":{"('0053-S-2014', 0)":" ","('0053-S-2014', 1)":null,"('0053-S-2014', 2)":null,"('0053-S-2014', 3)":null,"('0053-S-2014', 4)":null,"('0053-S-2014', 5)":null,"('0053-S-2014', 6)":null,"('0053-S-2014', 7)":null,"('0053-S-2014', 8)":null}}