{"Tipo de Proyecto":{"('0054-PE-2014', 0)":"MENSAJE NRO \/ A\u00d1O"},"Iniciado en: ":{"('0054-PE-2014', 0)":"Senado"},"Expediente Senado: ":{"('0054-PE-2014', 0)":"0054-PE-2014"},"Fecha: ":{"('0054-PE-2014', 0)":"15\/09\/2015"},"T\u00edtulo":{"('0054-PE-2014', 0)":"PEDIDO DE INFORMES AL PODER EJECUTIVO SOBRE REMISION DE JEFATURA DE GABINETE DE MINISTROS DE LAS ACTUACIONES RESPECTO DE LAS OBSERVACIONES FORMULADAS POR LA AUDITORIA GENERAL DE LA NACION SOBRE LOS ESTADOS FINANCIEROS POR EL EJERCICIO 3, COMPRENDIDO ENTRE EL 01 DE ENERO DE DE 2011 Y EL 31 DE DICIEMBRE DE 2011, CORRESPONDIENTES AL \"PROYECTO DE GESTION DE ACTIVOS VIALES NACIONALES\", CONVENIO DE PRESTAMO 7473-AR BIRF (0054-PE-14), Y RESOLUCIONES REMITIDAS POR LA AUDITORIA GENERAL DE LA NACION, 107\/13, APROBANDO EL INFORME DE AUDITORIA SOBRE LOS ESTADOS FINANCIEROS DEL \"PROYECTO DE GESTION DE ACTIVOS VIALES NACIONALES\", CONVENIO DE PRESTAMO 7473-AR BIRF, EJERCICIO 4 FINALIZADO EL 31 DE DICIEMBRE DE 2012 (0175-OV-13) Y 106\/14, APROBANDO EL INFORME DE AUDITORIA REFERIDO A LOS ESTADOS FINANCIEROS POR EL EJERCICIO IRREGULAR DE CIERRE 5, COMPRENDIDO ENTRE EL 01 DE ENERO DE 2013 Y EL 31 DE ENERO DE 2014, CORRESPONDIENTES AL \"PROYECTO DE GESTION DE ACTIVOS VIALES NACIONALES\", CONVENIO DE PRESTAMO 7473-AR BIRF (0208-OV-14)."},"('Firmantes', 'FIRMANTE')":{"('0054-PE-2014', 0)":"PARLAMENTARIA MIXTA REVISORA DE CUENTAS"},"('Firmantes', 'DISTRITO')":{"('0054-PE-2014', 0)":null},"('Firmantes', 'BLOQUE')":{"('0054-PE-2014', 0)":null},"('Tramites', 'C\u00c1MARA')":{"('0054-PE-2014', 0)":"Senado"},"('Tramites', 'MOVIMIENTO')":{"('0054-PE-2014', 0)":"CONSIDERACION Y APROBACION (AL ARCHIVO)"},"('Tramites', 'FECHA')":{"('0054-PE-2014', 0)":"02\/11\/2016"},"('Tramites', 'RESULTADO')":{"('0054-PE-2014', 0)":"APROBADO"},"Sumario":{"('0054-PE-2014', 0)":"HABIENDO TOMADO CONOCIMIENTO Y SIN PERJUICIO DE ULTERIORES MEDIDAS QUE PUEDAN ADOPTARSE, SE ACONSEJA SU REMISION AL ARCHIVO."},"Palabra Clave":{"('0054-PE-2014', 0)":" "}}