{"Tipo de Proyecto":{"('0055-D-2014', 0)":"PROYECTO DE RESOLUCI\u00d3N"},"Iniciado en: ":{"('0055-D-2014', 0)":"Diputados"},"Expediente Diputados: ":{"('0055-D-2014', 0)":"0055-D-2014"},"Publicado en: ":{"('0055-D-2014', 0)":"Tr\u00e1mite Parlamentario N\u00b0 1"},"Fecha: ":{"('0055-D-2014', 0)":"05\/03\/2014"},"T\u00edtulo":{"('0055-D-2014', 0)":"DECLARAR DE INTERES DE LA HONORABLE CAMARA DE DIPUTADOS DE LA NACION EL 135 ANIVERSARIO DE LA FUNDACION DE LA CIUDAD DE FORMOSA, PROVINCIA DE FORMOSA, A CELEBRARSE EL DIA 8 DE ABRIL DE 2014."},"('Firmantes', 'FIRMANTE')":{"('0055-D-2014', 0)":"BASTERRA, LUIS EUGENIO"},"('Firmantes', 'DISTRITO')":{"('0055-D-2014', 0)":"FORMOSA"},"('Firmantes', 'BLOQUE')":{"('0055-D-2014', 0)":"FRENTE PARA LA VICTORIA - PJ"},"('Giros', 'COMISI\u00d3N')":{"('0055-D-2014', 0)":"POBLACION Y DESARROLLO HUMANO"},"('Tramites', 'C\u00c1MARA')":{"('0055-D-2014', 0)":"Diputados"},"('Tramites', 'MOVIMIENTO')":{"('0055-D-2014', 0)":"APROBACION ARTICULO 114 DEL REGLAMENTO DE LA H CAMARA DE DIPUTADOS; COMUNICADO EL 18\/06\/2014"},"('Tramites', 'FECHA')":{"('0055-D-2014', 0)":null},"('Tramites', 'RESULTADO')":{"('0055-D-2014', 0)":"APROBADO"},"Link":{"('0055-D-2014', 0)":"https:\/\/www.hcdn.gob.ar\/proyectos\/textoCompleto.jsp?exp=0055-D-2014&tipo=RESOLUCION"},"Palabra Clave":{"('0055-D-2014', 0)":" "}}