{"Tipo de Proyecto":{"('0056-PE-2014', 0)":"MENSAJE NRO: 0463\/14","('0056-PE-2014', 1)":null},"Iniciado en: ":{"('0056-PE-2014', 0)":"Senado","('0056-PE-2014', 1)":null},"Expediente Senado: ":{"('0056-PE-2014', 0)":"0056-PE-2014","('0056-PE-2014', 1)":null},"Publicado en: ":{"('0056-PE-2014', 0)":"Diario de Asuntos Entrados N\u00b0 0","('0056-PE-2014', 1)":null},"Fecha: ":{"('0056-PE-2014', 0)":"04\/04\/2014","('0056-PE-2014', 1)":null},"T\u00edtulo":{"('0056-PE-2014', 0)":"PROMOVER AL GRADO DE GENERAL POST MORTEM AL CORONEL D. ANDRES GUACURARI Y ARTIGAS.","('0056-PE-2014', 1)":null},"('Firmantes', 'FIRMANTE')":{"('0056-PE-2014', 0)":"FERNANDEZ DE KIRCHNER, CRISTINA","('0056-PE-2014', 1)":null},"('Firmantes', 'DISTRITO')":{"('0056-PE-2014', 0)":null,"('0056-PE-2014', 1)":null},"('Firmantes', 'BLOQUE')":{"('0056-PE-2014', 0)":"PODER EJECUTIVO","('0056-PE-2014', 1)":null},"('Tramites', 'C\u00c1MARA')":{"('0056-PE-2014', 0)":"Senado","('0056-PE-2014', 1)":"Senado"},"('Tramites', 'MOVIMIENTO')":{"('0056-PE-2014', 0)":"MOCION SOBRE TABLAS CON DICTAMEN (AFIRMATIVA)","('0056-PE-2014', 1)":"CONSIDERACION Y APROBACION"},"('Tramites', 'FECHA')":{"('0056-PE-2014', 0)":"02\/07\/2014","('0056-PE-2014', 1)":"02\/07\/2014"},"('Tramites', 'RESULTADO')":{"('0056-PE-2014', 0)":null,"('0056-PE-2014', 1)":"APROBADO"},"Palabra Clave":{"('0056-PE-2014', 0)":" ","('0056-PE-2014', 1)":null}}