{"Tipo de Proyecto":{"('0056-S-2014', 0)":"MENSAJE NRO: 1377\/14 Y PROYECTO DE LEY","('0056-S-2014', 1)":null,"('0056-S-2014', 2)":null,"('0056-S-2014', 3)":null,"('0056-S-2014', 4)":null,"('0056-S-2014', 5)":null,"('0056-S-2014', 6)":null,"('0056-S-2014', 7)":null},"Iniciado en: ":{"('0056-S-2014', 0)":"Senado","('0056-S-2014', 1)":null,"('0056-S-2014', 2)":null,"('0056-S-2014', 3)":null,"('0056-S-2014', 4)":null,"('0056-S-2014', 5)":null,"('0056-S-2014', 6)":null,"('0056-S-2014', 7)":null},"Expediente Diputados: ":{"('0056-S-2014', 0)":"0056-S-2014","('0056-S-2014', 1)":null,"('0056-S-2014', 2)":null,"('0056-S-2014', 3)":null,"('0056-S-2014', 4)":null,"('0056-S-2014', 5)":null,"('0056-S-2014', 6)":null,"('0056-S-2014', 7)":null},"Expediente Senado: ":{"('0056-S-2014', 0)":"0307-PE-2014","('0056-S-2014', 1)":null,"('0056-S-2014', 2)":null,"('0056-S-2014', 3)":null,"('0056-S-2014', 4)":null,"('0056-S-2014', 5)":null,"('0056-S-2014', 6)":null,"('0056-S-2014', 7)":null},"Publicado en: ":{"('0056-S-2014', 0)":"Diario de Asuntos Entrados N\u00b0 0","('0056-S-2014', 1)":null,"('0056-S-2014', 2)":null,"('0056-S-2014', 3)":null,"('0056-S-2014', 4)":null,"('0056-S-2014', 5)":null,"('0056-S-2014', 6)":null,"('0056-S-2014', 7)":null},"Fecha: ":{"('0056-S-2014', 0)":"19\/08\/2014","('0056-S-2014', 1)":null,"('0056-S-2014', 2)":null,"('0056-S-2014', 3)":null,"('0056-S-2014', 4)":null,"('0056-S-2014', 5)":null,"('0056-S-2014', 6)":null,"('0056-S-2014', 7)":null},"T\u00edtulo":{"('0056-S-2014', 0)":"DECLARAR DE INTERES PUBLICO LA REESTRUCTURACION DE LA DEUDA 2005-2010 Y EL PAGO SOBERANO LOCAL QUE COMPRENDA AL CIEN POR CIENTO DE LOS TENEDORES DE TITULOS PUBLICOS DE LA REPUBLICA ARGENTINA, EN CONDICIONES JUSTAS EQUITATIVAS, LEGALES Y SUSTENTABLES. ","('0056-S-2014', 1)":null,"('0056-S-2014', 2)":null,"('0056-S-2014', 3)":null,"('0056-S-2014', 4)":null,"('0056-S-2014', 5)":null,"('0056-S-2014', 6)":null,"('0056-S-2014', 7)":null},"('Firmantes', 'FIRMANTE')":{"('0056-S-2014', 0)":"FERNANDEZ DE KIRCHNER, CRISTINA","('0056-S-2014', 1)":"CAPITANICH, JORGE","('0056-S-2014', 2)":"KICILLOF, AXEL","('0056-S-2014', 3)":null,"('0056-S-2014', 4)":null,"('0056-S-2014', 5)":null,"('0056-S-2014', 6)":null,"('0056-S-2014', 7)":null},"('Firmantes', 'DISTRITO')":{"('0056-S-2014', 0)":null,"('0056-S-2014', 1)":null,"('0056-S-2014', 2)":null,"('0056-S-2014', 3)":null,"('0056-S-2014', 4)":null,"('0056-S-2014', 5)":null,"('0056-S-2014', 6)":null,"('0056-S-2014', 7)":null},"('Firmantes', 'BLOQUE')":{"('0056-S-2014', 0)":"PODER EJECUTIVO","('0056-S-2014', 1)":"PODER EJECUTIVO","('0056-S-2014', 2)":"PODER EJECUTIVO","('0056-S-2014', 3)":null,"('0056-S-2014', 4)":null,"('0056-S-2014', 5)":null,"('0056-S-2014', 6)":null,"('0056-S-2014', 7)":null},"('Giros', 'COMISI\u00d3N')":{"('0056-S-2014', 0)":"PRESUPUESTO Y HACIENDA","('0056-S-2014', 1)":"FINANZAS","('0056-S-2014', 2)":"PETICIONES, PODERES Y REGLAMENTO","('0056-S-2014', 3)":null,"('0056-S-2014', 4)":null,"('0056-S-2014', 5)":null,"('0056-S-2014', 6)":null,"('0056-S-2014', 7)":null},"('Tramites', 'C\u00c1MARA')":{"('0056-S-2014', 0)":"Senado","('0056-S-2014', 1)":"Senado","('0056-S-2014', 2)":"Senado","('0056-S-2014', 3)":"Senado","('0056-S-2014', 4)":"Diputados","('0056-S-2014', 5)":"Diputados","('0056-S-2014', 6)":"Diputados","('0056-S-2014', 7)":"Diputados"},"('Tramites', 'MOVIMIENTO')":{"('0056-S-2014', 0)":"AMPLIACION DE GIRO A LA COMISION DE ECONOMIA NACIONAL E INVERSION","('0056-S-2014', 1)":"CONSIDERACION Y APROBACION CON MODIFICACIONES","('0056-S-2014', 2)":"RECTIFICACION DE LA VOTACION","('0056-S-2014', 3)":"INSERCIONES DE LOS SENADORES MANSILLA, GARCIA LARRABURU, LUNA, BORELLO, MONLLAU, PERSICO E HIGONET","('0056-S-2014', 4)":"PASA A DIPUTADOS -","('0056-S-2014', 5)":"CITACION SESION ESPECIAL","('0056-S-2014', 6)":"CONSIDERACION Y SANCION","('0056-S-2014', 7)":"INSERCIONES"},"('Tramites', 'FECHA')":{"('0056-S-2014', 0)":"03\/09\/2014","('0056-S-2014', 1)":"03\/09\/2014","('0056-S-2014', 2)":"03\/09\/2014","('0056-S-2014', 3)":"03\/09\/2014","('0056-S-2014', 4)":null,"('0056-S-2014', 5)":"10\/09\/2014","('0056-S-2014', 6)":"10\/09\/2014","('0056-S-2014', 7)":"10\/09\/2014"},"('Tramites', 'RESULTADO')":{"('0056-S-2014', 0)":null,"('0056-S-2014', 1)":"MEDIA SANCION","('0056-S-2014', 2)":null,"('0056-S-2014', 3)":null,"('0056-S-2014', 4)":null,"('0056-S-2014', 5)":null,"('0056-S-2014', 6)":"SANCIONADO","('0056-S-2014', 7)":null},"Sumario":{"('0056-S-2014', 0)":"MECANISMO PARA SALVAGUARDAR EL COBRO DE LOS TENEDORES QUE ADHIRIERON A LA REESTRUCTURACION DE DEUDA SOBERANA 2005-2010; CREACION DE UNA CUENTA ESPECIAL DE NACION FIDEICOMISOS EN EL BANCO CENTRAL DE LA REPUBLICA ARGENTINA; AUTORIZACION DE PAGO; DEPOSITO EN FAVOR DE LOS TENEDORES QUE AUN NO INGRESARON A LA REESTRUCTURACION DE DEUDA SOBERANA 2005-2010; ORDEN PUBLICO; FACULTAD AL MINISTERIO DE ECONOMIA Y FINANZAS PUBLICAS; ANEXOS.","('0056-S-2014', 1)":null,"('0056-S-2014', 2)":null,"('0056-S-2014', 3)":null,"('0056-S-2014', 4)":null,"('0056-S-2014', 5)":null,"('0056-S-2014', 6)":null,"('0056-S-2014', 7)":null},"Palabra Clave":{"('0056-S-2014', 0)":" ","('0056-S-2014', 1)":null,"('0056-S-2014', 2)":null,"('0056-S-2014', 3)":null,"('0056-S-2014', 4)":null,"('0056-S-2014', 5)":null,"('0056-S-2014', 6)":null,"('0056-S-2014', 7)":null}}