{"Tipo de Proyecto":{"('0057-D-2014', 0)":"PROYECTO DE RESOLUCI\u00d3N"},"Iniciado en: ":{"('0057-D-2014', 0)":"Diputados"},"Expediente Diputados: ":{"('0057-D-2014', 0)":"0057-D-2014"},"Publicado en: ":{"('0057-D-2014', 0)":"Tr\u00e1mite Parlamentario N\u00b0 1"},"Fecha: ":{"('0057-D-2014', 0)":"05\/03\/2014"},"T\u00edtulo":{"('0057-D-2014', 0)":"DECLARAR DE INTERES DE LA HONORABLE CAMARA DE DIPUTADOS DE LA NACION LA \"TECNICATURA UNIVERSITARIA EN TECNOLOGIA TEXTIL DE LA FACULTAD DE INGENIERIA DE LA UNIVERSIDAD NACIONAL DEL NORDESTE\". "},"('Firmantes', 'FIRMANTE')":{"('0057-D-2014', 0)":"BASTERRA, LUIS EUGENIO"},"('Firmantes', 'DISTRITO')":{"('0057-D-2014', 0)":"FORMOSA"},"('Firmantes', 'BLOQUE')":{"('0057-D-2014', 0)":"FRENTE PARA LA VICTORIA - PJ"},"('Giros', 'COMISI\u00d3N')":{"('0057-D-2014', 0)":"EDUCACION"},"('Tramites', 'C\u00c1MARA')":{"('0057-D-2014', 0)":"Diputados"},"('Tramites', 'MOVIMIENTO')":{"('0057-D-2014', 0)":"APROBACION ARTICULO 114 DEL REGLAMENTO DE LA H CAMARA DE DIPUTADOS; COMUNICADO EL 09\/12\/2014"},"('Tramites', 'FECHA')":{"('0057-D-2014', 0)":null},"('Tramites', 'RESULTADO')":{"('0057-D-2014', 0)":"APROBADO"},"Link":{"('0057-D-2014', 0)":"https:\/\/www.hcdn.gob.ar\/proyectos\/textoCompleto.jsp?exp=0057-D-2014&tipo=RESOLUCION"},"Palabra Clave":{"('0057-D-2014', 0)":" "}}