{"Tipo de Proyecto":{"('0061-S-2014', 0)":"COMUNICACION"},"Iniciado en: ":{"('0061-S-2014', 0)":"Senado"},"Expediente Senado: ":{"('0061-S-2014', 0)":"0061-S-2014"},"Publicado en: ":{"('0061-S-2014', 0)":"Diario de Asuntos Entrados N\u00b0 3"},"Fecha: ":{"('0061-S-2014', 0)":"05\/03\/2014"},"T\u00edtulo":{"('0061-S-2014', 0)":"PEDIDO DE INFORMES AL PODER EJECUTIVO SOBRE SI EXISTEN EMPRESAS DE TRANSPORTE QUE HABIENDO DESAPARECIDO MANTUVIERON EL COBRO DEL SUBSIDIO DURANTE LOS A\u00d1OS 2010 Y 2011 SEGUN CONSTA EN INFORMES DE LA AGN."},"('Firmantes', 'FIRMANTE')":{"('0061-S-2014', 0)":"PEREYRA, GUILLERMO JUAN"},"('Firmantes', 'DISTRITO')":{"('0061-S-2014', 0)":"NEUQUEN"},"('Firmantes', 'BLOQUE')":{"('0061-S-2014', 0)":"MOV POP NEUQUINO"},"Link":{"('0061-S-2014', 0)":"http:\/\/www.senado.gov.ar\/parlamentario\/comisiones\/verExp\/61.14\/S\/PC"},"Palabra Clave":{"('0061-S-2014', 0)":" "}}