{"Tipo de Proyecto":{"('0062-S-2014', 0)":"MENSAJE NRO: 1250\/14 Y PROYECTO DE LEY","('0062-S-2014', 1)":null,"('0062-S-2014', 2)":null,"('0062-S-2014', 3)":null,"('0062-S-2014', 4)":null,"('0062-S-2014', 5)":null},"Iniciado en: ":{"('0062-S-2014', 0)":"Senado","('0062-S-2014', 1)":null,"('0062-S-2014', 2)":null,"('0062-S-2014', 3)":null,"('0062-S-2014', 4)":null,"('0062-S-2014', 5)":null},"Expediente Diputados: ":{"('0062-S-2014', 0)":"0062-S-2014","('0062-S-2014', 1)":null,"('0062-S-2014', 2)":null,"('0062-S-2014', 3)":null,"('0062-S-2014', 4)":null,"('0062-S-2014', 5)":null},"Expediente Senado: ":{"('0062-S-2014', 0)":"0298-PE-2014","('0062-S-2014', 1)":null,"('0062-S-2014', 2)":null,"('0062-S-2014', 3)":null,"('0062-S-2014', 4)":null,"('0062-S-2014', 5)":null},"Publicado en: ":{"('0062-S-2014', 0)":"Diario de Asuntos Entrados N\u00b0 120","('0062-S-2014', 1)":null,"('0062-S-2014', 2)":null,"('0062-S-2014', 3)":null,"('0062-S-2014', 4)":null,"('0062-S-2014', 5)":null},"Fecha: ":{"('0062-S-2014', 0)":"05\/08\/2014","('0062-S-2014', 1)":null,"('0062-S-2014', 2)":null,"('0062-S-2014', 3)":null,"('0062-S-2014', 4)":null,"('0062-S-2014', 5)":null},"T\u00edtulo":{"('0062-S-2014', 0)":"SISTEMA DE RESOLUCION DE CONFLICTOS EN LAS RELACIONES DE CONSUMO. ","('0062-S-2014', 1)":null,"('0062-S-2014', 2)":null,"('0062-S-2014', 3)":null,"('0062-S-2014', 4)":null,"('0062-S-2014', 5)":null},"('Firmantes', 'FIRMANTE')":{"('0062-S-2014', 0)":"FERNANDEZ DE KIRCHNER, CRISTINA","('0062-S-2014', 1)":"CAPITANICH, JORGE","('0062-S-2014', 2)":"KICILLOF, AXEL","('0062-S-2014', 3)":"ALAK, JULIO","('0062-S-2014', 4)":null,"('0062-S-2014', 5)":null},"('Firmantes', 'DISTRITO')":{"('0062-S-2014', 0)":null,"('0062-S-2014', 1)":null,"('0062-S-2014', 2)":null,"('0062-S-2014', 3)":null,"('0062-S-2014', 4)":null,"('0062-S-2014', 5)":null},"('Firmantes', 'BLOQUE')":{"('0062-S-2014', 0)":"PODER EJECUTIVO","('0062-S-2014', 1)":"PODER EJECUTIVO","('0062-S-2014', 2)":"PODER EJECUTIVO","('0062-S-2014', 3)":"PODER EJECUTIVO","('0062-S-2014', 4)":null,"('0062-S-2014', 5)":null},"('Giros', 'COMISI\u00d3N')":{"('0062-S-2014', 0)":"ASUNTOS CONSTITUCIONALES","('0062-S-2014', 1)":"JUSTICIA","('0062-S-2014', 2)":"DEFENSA DEL CONSUMIDOR, DEL USUARIO Y DE LA COMPETENCIA","('0062-S-2014', 3)":"PRESUPUESTO Y HACIENDA","('0062-S-2014', 4)":null,"('0062-S-2014', 5)":null},"('Tramites', 'C\u00c1MARA')":{"('0062-S-2014', 0)":"Senado","('0062-S-2014', 1)":"Senado","('0062-S-2014', 2)":"Diputados","('0062-S-2014', 3)":"Diputados","('0062-S-2014', 4)":"Diputados","('0062-S-2014', 5)":"Diputados"},"('Tramites', 'MOVIMIENTO')":{"('0062-S-2014', 0)":"CONSIDERACION Y APROBACION CON MODIFICACIONES","('0062-S-2014', 1)":"INSERCIONES DE LOS SENADORES GUASTAVINO, ITURREZ DE CAPELLINI, MORALES, DI PERNA, MANSILLA Y PERSICO","('0062-S-2014', 2)":"PASA A DIPUTADOS -","('0062-S-2014', 3)":"CITACION SESION ESPECIAL","('0062-S-2014', 4)":"CONSIDERACION Y SANCION","('0062-S-2014', 5)":"INSERCIONES"},"('Tramites', 'FECHA')":{"('0062-S-2014', 0)":"03\/09\/2014","('0062-S-2014', 1)":"03\/09\/2014","('0062-S-2014', 2)":null,"('0062-S-2014', 3)":"17\/09\/2014","('0062-S-2014', 4)":"17\/09\/2014","('0062-S-2014', 5)":"17\/09\/2014"},"('Tramites', 'RESULTADO')":{"('0062-S-2014', 0)":"MEDIA SANCION","('0062-S-2014', 1)":null,"('0062-S-2014', 2)":null,"('0062-S-2014', 3)":null,"('0062-S-2014', 4)":"SANCIONADO","('0062-S-2014', 5)":null},"Sumario":{"('0062-S-2014', 0)":"CREACION DEL SERVICIO DE CONCILIACION PREVIA EN LAS RELACIONES DE CONSUMO (COPREC) EN EL AMBITO DE LA SECRETARIA DE COMERCIO DEL MINISTERIO DE ECONOMIA Y FINANZAS; PROCEDIMIENTO; CREACION DE UN FONDO DE FINANCIAMIENTO; AUDITORIA EN LAS RELACIONES DE CONSUMO; CREACION; DESIGNACION DEL AUDITOR; CREACION DE LA JUSTICIA FEDERAL Y NACIONAL EN LAS RELACIONES DE CONSUMO; ORGANIZACION; CREACION DE OCHO JUZGADOS CON UNA SECRETARIA CADA UNO; CREACION DE LA CAMARA FEDERAL Y NACIONAL DE APELACIONES EN LAS RELACIONES DE CONSUMO; COMPETENCIA; CREACION DE FISCALIAS Y DEFENSORIA PUBLICA OFICIAL ; NORMAS PROCESALES; LEGITIMACION ACTIVA PARA ACCIONES Y RECURSOS; MODIFICACION DE LOS ARTICULOS 36 Y 45 E INCORPORACION DEL ARTICULO 54 BIS A LA LEY 24240 (LEY DE DEFENSA DEL CONSUMIDOR); MODIFICACION DE LOS ARTICULOS 18, 22 Y 26  DE LA LEY 22802 (LEALTAD COMERCIAL); MODIFICACION DE LOS ARTICULOS 17, 18, 19, 20, 21 Y 22 DE LA LEY 25156 DE DEFENSA DE LA COMPETENCIA SOBRE SECRETARIA DE COMERCIO, DEROGACION DE LOS ARTICULOS 23, 24 Y 25, MODIFICACION DE LOS ARTICULOS 52, 53, 56 Y 58; SUSTITUCION DEL ARTICULO 4 DE LA LEY 26853 (CAMARA FEDERAL DE CASACION); MODIFICACION DEL ARTICULO 32 DEL DECRETO LEY 1285\/58; MODIFICACION DEL ARTICULO 20 DE LA LEY DE MINISTERIOS; MODIFICACION DEL ARTICULO 5 DE LA LEY 26589 (MEDIACION Y CONCILIACION); ANEXO I.","('0062-S-2014', 1)":null,"('0062-S-2014', 2)":null,"('0062-S-2014', 3)":null,"('0062-S-2014', 4)":null,"('0062-S-2014', 5)":null},"Palabra Clave":{"('0062-S-2014', 0)":" ","('0062-S-2014', 1)":null,"('0062-S-2014', 2)":null,"('0062-S-2014', 3)":null,"('0062-S-2014', 4)":null,"('0062-S-2014', 5)":null}}