{"Tipo de Proyecto":{"('0063-D-2014', 0)":"PROYECTO DE RESOLUCI\u00d3N","('0063-D-2014', 1)":null,"('0063-D-2014', 2)":null,"('0063-D-2014', 3)":null,"('0063-D-2014', 4)":null,"('0063-D-2014', 5)":null,"('0063-D-2014', 6)":null,"('0063-D-2014', 7)":null},"Iniciado en: ":{"('0063-D-2014', 0)":"Diputados","('0063-D-2014', 1)":null,"('0063-D-2014', 2)":null,"('0063-D-2014', 3)":null,"('0063-D-2014', 4)":null,"('0063-D-2014', 5)":null,"('0063-D-2014', 6)":null,"('0063-D-2014', 7)":null},"Expediente Diputados: ":{"('0063-D-2014', 0)":"0063-D-2014","('0063-D-2014', 1)":null,"('0063-D-2014', 2)":null,"('0063-D-2014', 3)":null,"('0063-D-2014', 4)":null,"('0063-D-2014', 5)":null,"('0063-D-2014', 6)":null,"('0063-D-2014', 7)":null},"Publicado en: ":{"('0063-D-2014', 0)":"Tr\u00e1mite Parlamentario N\u00b0 1","('0063-D-2014', 1)":null,"('0063-D-2014', 2)":null,"('0063-D-2014', 3)":null,"('0063-D-2014', 4)":null,"('0063-D-2014', 5)":null,"('0063-D-2014', 6)":null,"('0063-D-2014', 7)":null},"Fecha: ":{"('0063-D-2014', 0)":"05\/03\/2014","('0063-D-2014', 1)":null,"('0063-D-2014', 2)":null,"('0063-D-2014', 3)":null,"('0063-D-2014', 4)":null,"('0063-D-2014', 5)":null,"('0063-D-2014', 6)":null,"('0063-D-2014', 7)":null},"T\u00edtulo":{"('0063-D-2014', 0)":"DECLARAR DE INTERES DE LA HONORABLE CAMARA DE DIPUTADOS DE LA NACION EL \"PROGRAMA DE RESPALDO A ESTUDIANTES DE ARGENTINA (PROG.R.ES.AR.)\", DESTINADO A GENERAR NUEVAS OPORTUNIDADES DE INCLUSION SOCIAL Y LABORAL A JOVENES EN SITUACION DE VULNERABILIDAD. ","('0063-D-2014', 1)":null,"('0063-D-2014', 2)":null,"('0063-D-2014', 3)":null,"('0063-D-2014', 4)":null,"('0063-D-2014', 5)":null,"('0063-D-2014', 6)":null,"('0063-D-2014', 7)":null},"('Firmantes', 'FIRMANTE')":{"('0063-D-2014', 0)":"SANTILLAN, WALTER MARCELO","('0063-D-2014', 1)":"PIETRAGALLA CORTI, HORACIO","('0063-D-2014', 2)":"DE PEDRO, EDUARDO ENRIQUE","('0063-D-2014', 3)":"CLERI, MARCOS","('0063-D-2014', 4)":"ALONSO, MARIA LUZ","('0063-D-2014', 5)":"LARROQUE, ANDRES","('0063-D-2014', 6)":"FERNANDEZ SAGASTI, ANABEL","('0063-D-2014', 7)":"MENDOZA, MAYRA SOLEDAD"},"('Firmantes', 'DISTRITO')":{"('0063-D-2014', 0)":"TUCUMAN","('0063-D-2014', 1)":"BUENOS AIRES","('0063-D-2014', 2)":"BUENOS AIRES","('0063-D-2014', 3)":"SANTA FE","('0063-D-2014', 4)":"LA PAMPA","('0063-D-2014', 5)":"CIUDAD de BUENOS AIRES","('0063-D-2014', 6)":"MENDOZA","('0063-D-2014', 7)":"BUENOS AIRES"},"('Firmantes', 'BLOQUE')":{"('0063-D-2014', 0)":"FRENTE PARA LA VICTORIA - PJ","('0063-D-2014', 1)":"FRENTE PARA LA VICTORIA - PJ","('0063-D-2014', 2)":"FRENTE PARA LA VICTORIA - PJ","('0063-D-2014', 3)":"FRENTE PARA LA VICTORIA - PJ","('0063-D-2014', 4)":"FRENTE PARA LA VICTORIA - PJ","('0063-D-2014', 5)":"FRENTE PARA LA VICTORIA - PJ","('0063-D-2014', 6)":"FRENTE PARA LA VICTORIA - PJ","('0063-D-2014', 7)":"FRENTE PARA LA VICTORIA - PJ"},"('Giros', 'COMISI\u00d3N')":{"('0063-D-2014', 0)":"EDUCACION","('0063-D-2014', 1)":null,"('0063-D-2014', 2)":null,"('0063-D-2014', 3)":null,"('0063-D-2014', 4)":null,"('0063-D-2014', 5)":null,"('0063-D-2014', 6)":null,"('0063-D-2014', 7)":null},"('Tramites', 'C\u00c1MARA')":{"('0063-D-2014', 0)":"Diputados","('0063-D-2014', 1)":"Diputados","('0063-D-2014', 2)":null,"('0063-D-2014', 3)":null,"('0063-D-2014', 4)":null,"('0063-D-2014', 5)":null,"('0063-D-2014', 6)":null,"('0063-D-2014', 7)":null},"('Tramites', 'MOVIMIENTO')":{"('0063-D-2014', 0)":"SOLICITUD DE SER ADHERENTE DEL DIPUTADO PEREZ MARTIN (A SUS ANTECEDENTES)","('0063-D-2014', 1)":"APROBACION ARTICULO 114 DEL REGLAMENTO DE LA H CAMARA DE DIPUTADOS; COMUNICADO EL 09\/12\/2014 CONJUNTAMENTE PARA LOS EXPEDIENTES 0063-D-2014, 0052-D-2014, 0238-D-2014 y 2482-D-2014","('0063-D-2014', 2)":null,"('0063-D-2014', 3)":null,"('0063-D-2014', 4)":null,"('0063-D-2014', 5)":null,"('0063-D-2014', 6)":null,"('0063-D-2014', 7)":null},"('Tramites', 'FECHA')":{"('0063-D-2014', 0)":null,"('0063-D-2014', 1)":null,"('0063-D-2014', 2)":null,"('0063-D-2014', 3)":null,"('0063-D-2014', 4)":null,"('0063-D-2014', 5)":null,"('0063-D-2014', 6)":null,"('0063-D-2014', 7)":null},"('Tramites', 'RESULTADO')":{"('0063-D-2014', 0)":null,"('0063-D-2014', 1)":"APROBADO","('0063-D-2014', 2)":null,"('0063-D-2014', 3)":null,"('0063-D-2014', 4)":null,"('0063-D-2014', 5)":null,"('0063-D-2014', 6)":null,"('0063-D-2014', 7)":null},"Link":{"('0063-D-2014', 0)":"https:\/\/www.hcdn.gob.ar\/proyectos\/textoCompleto.jsp?exp=0063-D-2014&tipo=RESOLUCION","('0063-D-2014', 1)":null,"('0063-D-2014', 2)":null,"('0063-D-2014', 3)":null,"('0063-D-2014', 4)":null,"('0063-D-2014', 5)":null,"('0063-D-2014', 6)":null,"('0063-D-2014', 7)":null},"Palabra Clave":{"('0063-D-2014', 0)":" ","('0063-D-2014', 1)":null,"('0063-D-2014', 2)":null,"('0063-D-2014', 3)":null,"('0063-D-2014', 4)":null,"('0063-D-2014', 5)":null,"('0063-D-2014', 6)":null,"('0063-D-2014', 7)":null}}