{"Tipo de Proyecto":{"('0064-D-2014', 0)":"PROYECTO DE RESOLUCI\u00d3N"},"Iniciado en: ":{"('0064-D-2014', 0)":"Diputados"},"Expediente Diputados: ":{"('0064-D-2014', 0)":"0064-D-2014"},"Publicado en: ":{"('0064-D-2014', 0)":"Tr\u00e1mite Parlamentario N\u00b0 1"},"Fecha: ":{"('0064-D-2014', 0)":"05\/03\/2014"},"T\u00edtulo":{"('0064-D-2014', 0)":"EXPRESAR SOLIDARIDAD CON EL PUEBLO DE LA REPUBLICA DE BOLIVIA POR LAS CONSECUENCIAS ACAECIDAS DEBIDO A LAS FUERTES LLUVIAS EN EL DEPARTAMENTO DE BENI. "},"('Firmantes', 'FIRMANTE')":{"('0064-D-2014', 0)":"SCHMIDT LIERMANN, CORNELIA"},"('Firmantes', 'DISTRITO')":{"('0064-D-2014', 0)":"CIUDAD de BUENOS AIRES"},"('Firmantes', 'BLOQUE')":{"('0064-D-2014', 0)":"UNION PRO"},"('Giros', 'COMISI\u00d3N')":{"('0064-D-2014', 0)":"RELACIONES EXTERIORES Y CULTO"},"('Tramites', 'C\u00c1MARA')":{"('0064-D-2014', 0)":"Diputados"},"('Tramites', 'MOVIMIENTO')":{"('0064-D-2014', 0)":"APROBACION ARTICULO 114 DEL REGLAMENTO DE LA H CAMARA DE DIPUTADOS; COMUNICADO EL 30\/06\/2014"},"('Tramites', 'FECHA')":{"('0064-D-2014', 0)":null},"('Tramites', 'RESULTADO')":{"('0064-D-2014', 0)":"APROBADO"},"Link":{"('0064-D-2014', 0)":"https:\/\/www.hcdn.gob.ar\/proyectos\/textoCompleto.jsp?exp=0064-D-2014&tipo=RESOLUCION"},"Palabra Clave":{"('0064-D-2014', 0)":" "}}