{"Tipo de Proyecto":{"('0065-D-2014', 0)":"PROYECTO DE RESOLUCI\u00d3N"},"Iniciado en: ":{"('0065-D-2014', 0)":"Diputados"},"Expediente Diputados: ":{"('0065-D-2014', 0)":"0065-D-2014"},"Publicado en: ":{"('0065-D-2014', 0)":"Tr\u00e1mite Parlamentario N\u00b0 1"},"Fecha: ":{"('0065-D-2014', 0)":"05\/03\/2014"},"T\u00edtulo":{"('0065-D-2014', 0)":"EXPRESAR BENEPLACITO POR LA INVITACION DE LA \"CONFEDERACION DE SUIZA\"  A PARTICIPAR DEL \"X ENCUENTRO CINEMATOGRAFICO ARGENTINO - EUROPEO PANTALLA PINAMAR 2014\", A REALIZARSE DEL 8 AL 17 DE MARZO DE 2014 EN LA CIUDAD DE PINAMAR, PROVINCIA DE BUENOS AIRES."},"('Firmantes', 'FIRMANTE')":{"('0065-D-2014', 0)":"SCHMIDT LIERMANN, CORNELIA"},"('Firmantes', 'DISTRITO')":{"('0065-D-2014', 0)":"CIUDAD de BUENOS AIRES"},"('Firmantes', 'BLOQUE')":{"('0065-D-2014', 0)":"UNION PRO"},"('Giros', 'COMISI\u00d3N')":{"('0065-D-2014', 0)":"CULTURA"},"('Tramites', 'C\u00c1MARA')":{"('0065-D-2014', 0)":"Diputados"},"('Tramites', 'MOVIMIENTO')":{"('0065-D-2014', 0)":"APROBACION ARTICULO 114 DEL REGLAMENTO DE LA H CAMARA DE DIPUTADOS; COMUNICADO EL 04\/06\/2014"},"('Tramites', 'FECHA')":{"('0065-D-2014', 0)":null},"('Tramites', 'RESULTADO')":{"('0065-D-2014', 0)":"APROBADO"},"Link":{"('0065-D-2014', 0)":"https:\/\/www.hcdn.gob.ar\/proyectos\/textoCompleto.jsp?exp=0065-D-2014&tipo=RESOLUCION"},"Palabra Clave":{"('0065-D-2014', 0)":" "}}