{"Tipo de Proyecto":{"('0065-PE-2014', 0)":"MENSAJE NRO \/ A\u00d1O"},"Iniciado en: ":{"('0065-PE-2014', 0)":"Senado"},"Expediente Senado: ":{"('0065-PE-2014', 0)":"0065-PE-2014"},"Fecha: ":{"('0065-PE-2014', 0)":"26\/09\/2014"},"T\u00edtulo":{"('0065-PE-2014', 0)":"JEFATURA DE GABINETE DE MINISTROS REMITE COPIA DE LA RESPUESTA ENVIADA POR EL MINISTERIO DE PLANIFICACION FEDERAL, INVERSION PUBLICA Y SERVICIOS, EN RELACION AL EXAMEN DEL PROYECTO DE GESTION INTEGRADA Y PLAN MAESTRO DE LA CUENCA DEL RIO PILCOMAYO."},"('Firmantes', 'FIRMANTE')":{"('0065-PE-2014', 0)":"PARLAMENTARIA MIXTA REVISORA DE CUENTAS"},"('Firmantes', 'DISTRITO')":{"('0065-PE-2014', 0)":null},"('Firmantes', 'BLOQUE')":{"('0065-PE-2014', 0)":null},"('Tramites', 'C\u00c1MARA')":{"('0065-PE-2014', 0)":"Senado"},"('Tramites', 'MOVIMIENTO')":{"('0065-PE-2014', 0)":"CONSIDERACION Y APROBACION (AL ARCHIVO)"},"('Tramites', 'FECHA')":{"('0065-PE-2014', 0)":"10\/12\/2014"},"('Tramites', 'RESULTADO')":{"('0065-PE-2014', 0)":"APROBADO"},"Sumario":{"('0065-PE-2014', 0)":"HABIENDO TOMADO CONOCIMIENTO Y SIN PERJUICIO DE ULTERIORES MEDIDAS QUE PUEDAN ADOPTARSE, SE ACONSEJA SU REMISION AL ARCHIVO."},"Palabra Clave":{"('0065-PE-2014', 0)":" "}}