{"Tipo de Proyecto":{"('0066-PE-2014', 0)":"MENSAJE NRO \/ A\u00d1O"},"Iniciado en: ":{"('0066-PE-2014', 0)":"Senado"},"Expediente Senado: ":{"('0066-PE-2014', 0)":"0066-PE-2014"},"Fecha: ":{"('0066-PE-2014', 0)":"26\/09\/2014"},"T\u00edtulo":{"('0066-PE-2014', 0)":"JEFATURA DE GABINETE DE MINISTROS REMITE COPIA DE LA RESPUESTA ENVIADA POR EL MINISTERIO DE PLANIFICACION FEDERAL, INVERSION PUBLICA Y SERVICIOS, SOBRE EL SEGUIMIENTO DE LA RESOLUCION 137\/07 DE LA AUDITORIA GENERAL DE LA NACION - PLAN GENERAL DE CONTROL DE INUNDACIONES."},"('Firmantes', 'FIRMANTE')":{"('0066-PE-2014', 0)":"PARLAMENTARIA MIXTA REVISORA DE CUENTAS"},"('Firmantes', 'DISTRITO')":{"('0066-PE-2014', 0)":null},"('Firmantes', 'BLOQUE')":{"('0066-PE-2014', 0)":null},"('Tramites', 'C\u00c1MARA')":{"('0066-PE-2014', 0)":"Senado"},"('Tramites', 'MOVIMIENTO')":{"('0066-PE-2014', 0)":"CONSIDERACION Y APROBACION (AL ARCHIVO)"},"('Tramites', 'FECHA')":{"('0066-PE-2014', 0)":"10\/12\/2014"},"('Tramites', 'RESULTADO')":{"('0066-PE-2014', 0)":"APROBADO"},"Sumario":{"('0066-PE-2014', 0)":"HABIENDO TOMADO CONOCIMIENTO Y SIN PERJUICIO DE ULTERIORES MEDIDAS QUE PUEDAN ADOPTARSE, SE ACONSEJA SU REMISION AL ARCHIVO."},"Palabra Clave":{"('0066-PE-2014', 0)":" "}}