{"Tipo de Proyecto":{"('0066-D-2014', 0)":"PROYECTO DE LEY","('0066-D-2014', 1)":null},"Iniciado en: ":{"('0066-D-2014', 0)":"Diputados","('0066-D-2014', 1)":null},"Expediente Diputados: ":{"('0066-D-2014', 0)":"0066-D-2014","('0066-D-2014', 1)":null},"Publicado en: ":{"('0066-D-2014', 0)":"Tr\u00e1mite Parlamentario N\u00b0 1","('0066-D-2014', 1)":null},"Fecha: ":{"('0066-D-2014', 0)":"05\/03\/2014","('0066-D-2014', 1)":null},"T\u00edtulo":{"('0066-D-2014', 0)":"REGIMEN DE ADOPCION: MODIFICACION DE LOS ARTICULOS 307 (PRIVACION DE PATRIA POTESTAD), 317 (REQUISITOS PARA OTORGAR LA GUARDA) Y 325 (ADOPCION PLENA), DEL CODIGO CIVIL, SUSTITUIDOS POR LAS LEYES 23264 Y 24779.","('0066-D-2014', 1)":null},"('Firmantes', 'FIRMANTE')":{"('0066-D-2014', 0)":"CASELLES, GRACIELA MARIA","('0066-D-2014', 1)":null},"('Firmantes', 'DISTRITO')":{"('0066-D-2014', 0)":"SAN JUAN","('0066-D-2014', 1)":null},"('Firmantes', 'BLOQUE')":{"('0066-D-2014', 0)":"FRENTE PARA LA VICTORIA - PARTIDO BLOQUISTA","('0066-D-2014', 1)":null},"('Giros', 'COMISI\u00d3N')":{"('0066-D-2014', 0)":"LEGISLACION GENERAL","('0066-D-2014', 1)":"FAMILIA, MUJER, NI\u00d1EZ Y ADOLESCENCIA"},"Link":{"('0066-D-2014', 0)":"https:\/\/www.hcdn.gob.ar\/proyectos\/textoCompleto.jsp?exp=0066-D-2014&tipo=LEY","('0066-D-2014', 1)":null},"Palabra Clave":{"('0066-D-2014', 0)":" ","('0066-D-2014', 1)":null}}