{"Tipo de Proyecto":{"('0067-S-2014', 0)":"PROYECTO DE LEY","('0067-S-2014', 1)":null,"('0067-S-2014', 2)":null},"Iniciado en: ":{"('0067-S-2014', 0)":"Senado","('0067-S-2014', 1)":null,"('0067-S-2014', 2)":null},"Expediente Diputados: ":{"('0067-S-2014', 0)":"0067-S-2014","('0067-S-2014', 1)":null,"('0067-S-2014', 2)":null},"Expediente Senado: ":{"('0067-S-2014', 0)":"1197-S-2014","('0067-S-2014', 1)":null,"('0067-S-2014', 2)":null},"Publicado en: ":{"('0067-S-2014', 0)":"Diario de Asuntos Entrados N\u00b0 59","('0067-S-2014', 1)":null,"('0067-S-2014', 2)":null},"Fecha: ":{"('0067-S-2014', 0)":"30\/04\/2014","('0067-S-2014', 1)":null,"('0067-S-2014', 2)":null},"T\u00edtulo":{"('0067-S-2014', 0)":"INSTITUIR EL 20 DE DICIEMBRE DE CADA A\u00d1O COMO EL \"DIA NACIONAL DEL TURISMO SOCIAL\". ","('0067-S-2014', 1)":null,"('0067-S-2014', 2)":null},"('Firmantes', 'FIRMANTE')":{"('0067-S-2014', 0)":"GARCIA LARRABURU, SILVINA MARCELA","('0067-S-2014', 1)":null,"('0067-S-2014', 2)":null},"('Firmantes', 'DISTRITO')":{"('0067-S-2014', 0)":"RIO NEGRO","('0067-S-2014', 1)":null,"('0067-S-2014', 2)":null},"('Firmantes', 'BLOQUE')":{"('0067-S-2014', 0)":"FRENTE PARA LA VICTORIA - PJ","('0067-S-2014', 1)":null,"('0067-S-2014', 2)":null},"('Giros', 'COMISI\u00d3N')":{"('0067-S-2014', 0)":"TURISMO","('0067-S-2014', 1)":"LEGISLACION GENERAL","('0067-S-2014', 2)":null},"('Tramites', 'C\u00c1MARA')":{"('0067-S-2014', 0)":"Senado","('0067-S-2014', 1)":"Senado","('0067-S-2014', 2)":"Diputados"},"('Tramites', 'MOVIMIENTO')":{"('0067-S-2014', 0)":"CONSIDERACION Y APROBACION","('0067-S-2014', 1)":"INSERCION DE LA SENADORA GARCIA LARRABURU","('0067-S-2014', 2)":"PASA A DIPUTADOS -"},"('Tramites', 'FECHA')":{"('0067-S-2014', 0)":"17\/09\/2014","('0067-S-2014', 1)":"17\/09\/2014","('0067-S-2014', 2)":null},"('Tramites', 'RESULTADO')":{"('0067-S-2014', 0)":"MEDIA SANCION","('0067-S-2014', 1)":null,"('0067-S-2014', 2)":null},"Link":{"('0067-S-2014', 0)":"http:\/\/www.senado.gov.ar\/parlamentario\/comisiones\/verExp\/1197.14\/S\/PL","('0067-S-2014', 1)":null,"('0067-S-2014', 2)":null},"Palabra Clave":{"('0067-S-2014', 0)":" ","('0067-S-2014', 1)":null,"('0067-S-2014', 2)":null}}