{"Tipo de Proyecto":{"('0068-D-2014', 0)":"PROYECTO DE LEY","('0068-D-2014', 1)":null},"Iniciado en: ":{"('0068-D-2014', 0)":"Diputados","('0068-D-2014', 1)":null},"Expediente Diputados: ":{"('0068-D-2014', 0)":"0068-D-2014","('0068-D-2014', 1)":null},"Publicado en: ":{"('0068-D-2014', 0)":"Tr\u00e1mite Parlamentario N\u00b0 1","('0068-D-2014', 1)":null},"Fecha: ":{"('0068-D-2014', 0)":"05\/03\/2014","('0068-D-2014', 1)":null},"T\u00edtulo":{"('0068-D-2014', 0)":"TARJETA DE CREDITO (LEY 25065): MODIFICACION DEL ARTICULO 24, SOBRE DOMICILIO DE ENVIO DE RESUMEN. ","('0068-D-2014', 1)":null},"('Firmantes', 'FIRMANTE')":{"('0068-D-2014', 0)":"CASELLES, GRACIELA MARIA","('0068-D-2014', 1)":null},"('Firmantes', 'DISTRITO')":{"('0068-D-2014', 0)":"SAN JUAN","('0068-D-2014', 1)":null},"('Firmantes', 'BLOQUE')":{"('0068-D-2014', 0)":"FRENTE PARA LA VICTORIA - PARTIDO BLOQUISTA","('0068-D-2014', 1)":null},"('Giros', 'COMISI\u00d3N')":{"('0068-D-2014', 0)":"LEGISLACION GENERAL","('0068-D-2014', 1)":"FINANZAS"},"Link":{"('0068-D-2014', 0)":"https:\/\/www.hcdn.gob.ar\/proyectos\/textoCompleto.jsp?exp=0068-D-2014&tipo=LEY","('0068-D-2014', 1)":null},"Palabra Clave":{"('0068-D-2014', 0)":" ","('0068-D-2014', 1)":null}}