{"Tipo de Proyecto":{"('0068-OV-2014', 0)":"PROYECTO DE RESOLUCI\u00d3N"},"Iniciado en: ":{"('0068-OV-2014', 0)":"Senado"},"Expediente Senado: ":{"('0068-OV-2014', 0)":"0068-OV-2014"},"Fecha: ":{"('0068-OV-2014', 0)":"06\/07\/2015"},"T\u00edtulo":{"('0068-OV-2014', 0)":"PEDIDO DE INFORMES AL PODER EJECUTIVO SOBRE RESOLUCION REMITIDA POR LA AUDITORIA GENERAL DE LA NACION 37\/14, APROBANDO EN GENERAL EL INFORME REALIZADO SOBRE LAS TRANSFERENCIAS DE FONDOS NACIONALES EFECTUADAS A EMPRESAS PRIVADAS PARA FINANCIAR GASTOS CORRIENTES EN EL MARCO DEL PROGRAMA 16 - ADMINISTRACION Y CONTROL COMERCIAL AGROPECUARIO - DE LA EX OFICINA NACIONAL DE CONTROL COMERCIAL AGROPECUARIO (ONCCA), PERIODO A AUDITAR: EJERCICIO 2007 HASTA EL 30 DE SEPTIEMBRE DE 2009."},"('Firmantes', 'FIRMANTE')":{"('0068-OV-2014', 0)":"PARLAMENTARIA MIXTA REVISORA DE CUENTAS"},"('Firmantes', 'DISTRITO')":{"('0068-OV-2014', 0)":null},"('Firmantes', 'BLOQUE')":{"('0068-OV-2014', 0)":null},"Link":{"('0068-OV-2014', 0)":"http:\/\/www.senado.gov.ar\/parlamentario\/comisiones\/verExp\/68.14\/OV\/PR"},"Palabra Clave":{"('0068-OV-2014', 0)":" "}}