{"Tipo de Proyecto":{"('0069-D-2014', 0)":"PROYECTO DE LEY","('0069-D-2014', 1)":null},"Iniciado en: ":{"('0069-D-2014', 0)":"Diputados","('0069-D-2014', 1)":null},"Expediente Diputados: ":{"('0069-D-2014', 0)":"0069-D-2014","('0069-D-2014', 1)":null},"Publicado en: ":{"('0069-D-2014', 0)":"Tr\u00e1mite Parlamentario N\u00b0 1","('0069-D-2014', 1)":null},"Fecha: ":{"('0069-D-2014', 0)":"05\/03\/2014","('0069-D-2014', 1)":null},"T\u00edtulo":{"('0069-D-2014', 0)":"CODIGO NACIONAL ELECTORAL (LEY 19945 Y MODIFICATORIAS): INCORPORACION DE CUARTO PARRAFO AL ARTICULO 60, SOBRE CUPO ELECTORAL GENERACIONAL. ","('0069-D-2014', 1)":null},"('Firmantes', 'FIRMANTE')":{"('0069-D-2014', 0)":"CASELLES, GRACIELA MARIA","('0069-D-2014', 1)":null},"('Firmantes', 'DISTRITO')":{"('0069-D-2014', 0)":"SAN JUAN","('0069-D-2014', 1)":null},"('Firmantes', 'BLOQUE')":{"('0069-D-2014', 0)":"FRENTE PARA LA VICTORIA - PARTIDO BLOQUISTA","('0069-D-2014', 1)":null},"('Giros', 'COMISI\u00d3N')":{"('0069-D-2014', 0)":"ASUNTOS CONSTITUCIONALES","('0069-D-2014', 1)":"JUSTICIA"},"Link":{"('0069-D-2014', 0)":"https:\/\/www.hcdn.gob.ar\/proyectos\/textoCompleto.jsp?exp=0069-D-2014&tipo=LEY","('0069-D-2014', 1)":null},"Palabra Clave":{"('0069-D-2014', 0)":" ","('0069-D-2014', 1)":null}}