{"Tipo de Proyecto":{"('0070-S-2014', 0)":"PROYECTO DE LEY","('0070-S-2014', 1)":null,"('0070-S-2014', 2)":null,"('0070-S-2014', 3)":null,"('0070-S-2014', 4)":null,"('0070-S-2014', 5)":null},"Iniciado en: ":{"('0070-S-2014', 0)":"Senado","('0070-S-2014', 1)":null,"('0070-S-2014', 2)":null,"('0070-S-2014', 3)":null,"('0070-S-2014', 4)":null,"('0070-S-2014', 5)":null},"Expediente Diputados: ":{"('0070-S-2014', 0)":"0070-S-2014","('0070-S-2014', 1)":null,"('0070-S-2014', 2)":null,"('0070-S-2014', 3)":null,"('0070-S-2014', 4)":null,"('0070-S-2014', 5)":null},"Expediente Senado: ":{"('0070-S-2014', 0)":"0873-S-2014","('0070-S-2014', 1)":null,"('0070-S-2014', 2)":null,"('0070-S-2014', 3)":null,"('0070-S-2014', 4)":null,"('0070-S-2014', 5)":null},"Publicado en: ":{"('0070-S-2014', 0)":"Diario de Asuntos Entrados N\u00b0 43","('0070-S-2014', 1)":null,"('0070-S-2014', 2)":null,"('0070-S-2014', 3)":null,"('0070-S-2014', 4)":null,"('0070-S-2014', 5)":null},"Fecha: ":{"('0070-S-2014', 0)":"09\/04\/2014","('0070-S-2014', 1)":null,"('0070-S-2014', 2)":null,"('0070-S-2014', 3)":null,"('0070-S-2014', 4)":null,"('0070-S-2014', 5)":null},"T\u00edtulo":{"('0070-S-2014', 0)":"CREACION DE SECRETARIAS ESPECIALES DE NARCOTRAFICO EN CADA UNO DE LOS JUZGADOS FEDERALES CON ASIENTO EN LAS PROVINCIAS QUE SEAN LIMITROFES CON PAISES EXTRANJEROS.","('0070-S-2014', 1)":null,"('0070-S-2014', 2)":null,"('0070-S-2014', 3)":null,"('0070-S-2014', 4)":null,"('0070-S-2014', 5)":null},"('Firmantes', 'FIRMANTE')":{"('0070-S-2014', 0)":"MORALES, GERARDO RUBEN","('0070-S-2014', 1)":"SANZ, ERNESTO RICARDO","('0070-S-2014', 2)":"RODRIGUEZ SAA, ADOLFO","('0070-S-2014', 3)":"CIMADEVILLA, MARIO JORGE","('0070-S-2014', 4)":null,"('0070-S-2014', 5)":null},"('Firmantes', 'DISTRITO')":{"('0070-S-2014', 0)":"JUJUY","('0070-S-2014', 1)":"MENDOZA","('0070-S-2014', 2)":"SAN LUIS","('0070-S-2014', 3)":"CHUBUT","('0070-S-2014', 4)":null,"('0070-S-2014', 5)":null},"('Firmantes', 'BLOQUE')":{"('0070-S-2014', 0)":"UCR","('0070-S-2014', 1)":"UCR","('0070-S-2014', 2)":"JUSTICIALISTA SAN LUIS","('0070-S-2014', 3)":"UCR","('0070-S-2014', 4)":null,"('0070-S-2014', 5)":null},"('Giros', 'COMISI\u00d3N')":{"('0070-S-2014', 0)":"JUSTICIA","('0070-S-2014', 1)":"PRESUPUESTO Y HACIENDA","('0070-S-2014', 2)":null,"('0070-S-2014', 3)":null,"('0070-S-2014', 4)":null,"('0070-S-2014', 5)":null},"('Tramites', 'C\u00c1MARA')":{"('0070-S-2014', 0)":"Senado","('0070-S-2014', 1)":"Senado","('0070-S-2014', 2)":"Senado","('0070-S-2014', 3)":"Senado","('0070-S-2014', 4)":"Senado","('0070-S-2014', 5)":"Diputados"},"('Tramites', 'MOVIMIENTO')":{"('0070-S-2014', 0)":"MOCION DE PREFERENCIA PARA LA PROXIMA SESION CON DICTAMEN (AFIRMATIVA)","('0070-S-2014', 1)":"SOLICITUD DE SER COFIRMANTE DEL SENADOR RODRIGUEZ SAA (A SUS ANTECEDENTES)","('0070-S-2014', 2)":"SOLICITUD DE SER COFIRMANTE DEL SENADOR CIMADEVILLA (A SUS ANTECEDENTES)","('0070-S-2014', 3)":"CONSIDERACION Y APROBACION CON MODIFICACIONES","('0070-S-2014', 4)":"INSERCION DE LA SENADORA GIMENEZ","('0070-S-2014', 5)":"PASA A DIPUTADOS -"},"('Tramites', 'FECHA')":{"('0070-S-2014', 0)":"09\/04\/2014","('0070-S-2014', 1)":"30\/04\/2014","('0070-S-2014', 2)":"02\/07\/2014","('0070-S-2014', 3)":"17\/09\/2014","('0070-S-2014', 4)":"17\/09\/2014","('0070-S-2014', 5)":null},"('Tramites', 'RESULTADO')":{"('0070-S-2014', 0)":null,"('0070-S-2014', 1)":null,"('0070-S-2014', 2)":null,"('0070-S-2014', 3)":"MEDIA SANCION","('0070-S-2014', 4)":null,"('0070-S-2014', 5)":null},"Sumario":{"('0070-S-2014', 0)":"CREACION DE CARGOS; PRESUPUESTO; INSTALACION Y FUNCIONAMIENTO.","('0070-S-2014', 1)":null,"('0070-S-2014', 2)":null,"('0070-S-2014', 3)":null,"('0070-S-2014', 4)":null,"('0070-S-2014', 5)":null},"Palabra Clave":{"('0070-S-2014', 0)":" ","('0070-S-2014', 1)":null,"('0070-S-2014', 2)":null,"('0070-S-2014', 3)":null,"('0070-S-2014', 4)":null,"('0070-S-2014', 5)":null}}