{"Tipo de Proyecto":{"('0071-PE-2014', 0)":"MENSAJE NRO: ____\/__"},"Iniciado en: ":{"('0071-PE-2014', 0)":"Senado"},"Expediente Senado: ":{"('0071-PE-2014', 0)":"0071-PE-2014"},"Fecha: ":{"('0071-PE-2014', 0)":"26\/09\/2014"},"T\u00edtulo":{"('0071-PE-2014', 0)":"JEFATURA DE GABINETE DE MINISTROS REMITE COPIA DE LA RESPUESTA ENVIADA POR EL MINISTERIO DE PLANIFICACION FEDERAL, INVERSION PUBLICA Y SERVICIOS, SOBRE EL SISTEMA  DE CONTROL INTERNO REFERIDO AL BANCO DE INVERSION Y COMERCIO EXTERIOR S.A. (BICE) ESTADOS CONTABLES AL 31 DE DICIEMBRE DE 2010 DEL FIDEICOMISO DE ADMINISTRACION DEL PROYECTO DE FINALIZACION DE LA CENTRAL NUCLEAR ATUCHA II."},"('Firmantes', 'FIRMANTE')":{"('0071-PE-2014', 0)":"PARLAMENTARIA MIXTA REVISORA DE CUENTAS"},"('Firmantes', 'DISTRITO')":{"('0071-PE-2014', 0)":null},"('Firmantes', 'BLOQUE')":{"('0071-PE-2014', 0)":null},"('Tramites', 'C\u00c1MARA')":{"('0071-PE-2014', 0)":"Senado"},"('Tramites', 'MOVIMIENTO')":{"('0071-PE-2014', 0)":"CONSIDERACION Y APROBACION (AL ARCHIVO)"},"('Tramites', 'FECHA')":{"('0071-PE-2014', 0)":"10\/12\/2014"},"('Tramites', 'RESULTADO')":{"('0071-PE-2014', 0)":"APROBADO"},"Sumario":{"('0071-PE-2014', 0)":"HABIENDO TOMADO CONOCIMIENTO Y SIN PERJUICIO DE ULTERIORES MEDIDAS QUE PUEDAN ADOPTARSE, SE ACONSEJA SU REMISION AL ARCHIVO."},"Palabra Clave":{"('0071-PE-2014', 0)":" "}}