{"Tipo de Proyecto":{"('0072-D-2014', 0)":"PROYECTO DE RESOLUCI\u00d3N"},"Iniciado en: ":{"('0072-D-2014', 0)":"Diputados"},"Expediente Diputados: ":{"('0072-D-2014', 0)":"0072-D-2014"},"Publicado en: ":{"('0072-D-2014', 0)":"Tr\u00e1mite Parlamentario N\u00b0 1"},"Fecha: ":{"('0072-D-2014', 0)":"05\/03\/2014"},"T\u00edtulo":{"('0072-D-2014', 0)":"DECLARAR DE INTERES DE LA HONORABLE CAMARA DE DIPUTADOS DE LA NACION LA 14 EDICION DE LA \"FIESTA DEL GUARDAMONTE\", A REALIZARSE LOS DIAS 25 Y 26 DE ABRIL DE 2014 EN JUAN JOSE CASTELLI, PROVINCIA DEL CHACO."},"('Firmantes', 'FIRMANTE')":{"('0072-D-2014', 0)":"TEJEDOR, MIGUEL ANGEL"},"('Firmantes', 'DISTRITO')":{"('0072-D-2014', 0)":"CHACO"},"('Firmantes', 'BLOQUE')":{"('0072-D-2014', 0)":"UCR"},"('Giros', 'COMISI\u00d3N')":{"('0072-D-2014', 0)":"AGRICULTURA Y GANADERIA"},"('Tramites', 'C\u00c1MARA')":{"('0072-D-2014', 0)":"Diputados"},"('Tramites', 'MOVIMIENTO')":{"('0072-D-2014', 0)":"APROBACION ARTICULO 114 DEL REGLAMENTO DE LA H CAMARA DE DIPUTADOS; COMUNICADO EL 18\/06\/2014"},"('Tramites', 'FECHA')":{"('0072-D-2014', 0)":null},"('Tramites', 'RESULTADO')":{"('0072-D-2014', 0)":"APROBADO"},"Link":{"('0072-D-2014', 0)":"https:\/\/www.hcdn.gob.ar\/proyectos\/textoCompleto.jsp?exp=0072-D-2014&tipo=RESOLUCION"},"Palabra Clave":{"('0072-D-2014', 0)":" "}}