{"Tipo de Proyecto":{"('0073-S-2014', 0)":"MENSAJE NRO: 1592\/14 Y PROYECTO DE LEY","('0073-S-2014', 1)":null,"('0073-S-2014', 2)":null,"('0073-S-2014', 3)":null,"('0073-S-2014', 4)":null,"('0073-S-2014', 5)":null,"('0073-S-2014', 6)":null},"Iniciado en: ":{"('0073-S-2014', 0)":"Senado","('0073-S-2014', 1)":null,"('0073-S-2014', 2)":null,"('0073-S-2014', 3)":null,"('0073-S-2014', 4)":null,"('0073-S-2014', 5)":null,"('0073-S-2014', 6)":null},"Expediente Diputados: ":{"('0073-S-2014', 0)":"0073-S-2014","('0073-S-2014', 1)":null,"('0073-S-2014', 2)":null,"('0073-S-2014', 3)":null,"('0073-S-2014', 4)":null,"('0073-S-2014', 5)":null,"('0073-S-2014', 6)":null},"Expediente Senado: ":{"('0073-S-2014', 0)":"0316-PE-2014","('0073-S-2014', 1)":null,"('0073-S-2014', 2)":null,"('0073-S-2014', 3)":null,"('0073-S-2014', 4)":null,"('0073-S-2014', 5)":null,"('0073-S-2014', 6)":null},"Publicado en: ":{"('0073-S-2014', 0)":"Diario de Asuntos Entrados N\u00b0 148","('0073-S-2014', 1)":null,"('0073-S-2014', 2)":null,"('0073-S-2014', 3)":null,"('0073-S-2014', 4)":null,"('0073-S-2014', 5)":null,"('0073-S-2014', 6)":null},"Fecha: ":{"('0073-S-2014', 0)":"16\/09\/2014","('0073-S-2014', 1)":null,"('0073-S-2014', 2)":null,"('0073-S-2014', 3)":null,"('0073-S-2014', 4)":null,"('0073-S-2014', 5)":null,"('0073-S-2014', 6)":null},"T\u00edtulo":{"('0073-S-2014', 0)":"MODIFICACION DE LA LEY 17319 Y SUS MODIFICATORIAS (LEY DE HIDROCARBUROS): REGIMEN DE PROMOCION DE INVERSION PARA LA EXPLOTACION DE HIDROCARBUROS.","('0073-S-2014', 1)":null,"('0073-S-2014', 2)":null,"('0073-S-2014', 3)":null,"('0073-S-2014', 4)":null,"('0073-S-2014', 5)":null,"('0073-S-2014', 6)":null},"('Firmantes', 'FIRMANTE')":{"('0073-S-2014', 0)":"FERNANDEZ DE KIRCHNER, CRISTINA","('0073-S-2014', 1)":"CAPITANICH, JORGE","('0073-S-2014', 2)":"KICILLOF, AXEL","('0073-S-2014', 3)":"DE VIDO, JULIO","('0073-S-2014', 4)":null,"('0073-S-2014', 5)":null,"('0073-S-2014', 6)":null},"('Firmantes', 'DISTRITO')":{"('0073-S-2014', 0)":null,"('0073-S-2014', 1)":null,"('0073-S-2014', 2)":null,"('0073-S-2014', 3)":null,"('0073-S-2014', 4)":null,"('0073-S-2014', 5)":null,"('0073-S-2014', 6)":null},"('Firmantes', 'BLOQUE')":{"('0073-S-2014', 0)":"PODER EJECUTIVO","('0073-S-2014', 1)":"PODER EJECUTIVO","('0073-S-2014', 2)":"PODER EJECUTIVO","('0073-S-2014', 3)":"PODER EJECUTIVO","('0073-S-2014', 4)":null,"('0073-S-2014', 5)":null,"('0073-S-2014', 6)":null},"('Giros', 'COMISI\u00d3N')":{"('0073-S-2014', 0)":"ASUNTOS CONSTITUCIONALES","('0073-S-2014', 1)":"ENERGIA Y COMBUSTIBLES","('0073-S-2014', 2)":"PRESUPUESTO Y HACIENDA","('0073-S-2014', 3)":null,"('0073-S-2014', 4)":null,"('0073-S-2014', 5)":null,"('0073-S-2014', 6)":null},"('Tramites', 'C\u00c1MARA')":{"('0073-S-2014', 0)":"Senado","('0073-S-2014', 1)":"Senado","('0073-S-2014', 2)":"Senado","('0073-S-2014', 3)":"Diputados","('0073-S-2014', 4)":"Senado","('0073-S-2014', 5)":"Diputados","('0073-S-2014', 6)":"Diputados"},"('Tramites', 'MOVIMIENTO')":{"('0073-S-2014', 0)":"CITACION SESION ESPECIAL","('0073-S-2014', 1)":"CONSIDERACION Y APROBACION CON MODIFICACIONES","('0073-S-2014', 2)":"INSERCIONES DE LOS SENADORES CATALAN MAGNI, MONLLAU, BLAS, BERTONE, GARCIA LARRABURU, KUNATH, PERSICO, LEGUIZAMON, MANSILLA, ROZAS Y PILATTI VERGARA","('0073-S-2014', 3)":"PASA A DIPUTADOS -","('0073-S-2014', 4)":"CITACION SESION ESPECIAL","('0073-S-2014', 5)":"CONSIDERACION Y SANCION","('0073-S-2014', 6)":"INSERCIONES"},"('Tramites', 'FECHA')":{"('0073-S-2014', 0)":"08\/10\/2014","('0073-S-2014', 1)":"08\/10\/2014","('0073-S-2014', 2)":"08\/10\/2014","('0073-S-2014', 3)":null,"('0073-S-2014', 4)":"03\/12\/2014","('0073-S-2014', 5)":"29\/10\/2014","('0073-S-2014', 6)":"29\/10\/2014"},"('Tramites', 'RESULTADO')":{"('0073-S-2014', 0)":null,"('0073-S-2014', 1)":"MEDIA SANCION","('0073-S-2014', 2)":null,"('0073-S-2014', 3)":null,"('0073-S-2014', 4)":null,"('0073-S-2014', 5)":"SANCIONADO","('0073-S-2014', 6)":null},"Sumario":{"('0073-S-2014', 0)":"SUSTITUCION DE LOS ARTICULOS 23, 25, 26, 27, 29, 34, 35, 41, 45, 47, 48, 57, 59, 61; INCORPORACION DE LOS ARTICULOS 27 BIS, 27 TER, 58 BIS Y 91 BIS; DEROGACION DEL ARTICULO 62, DEROGACION DEL ARTICULO 2 DE LA LEY 25943 (ENARSA - PERMISOS DE EXPLORACION Y CONCESIONES); ACUERDO FEDERAL PARA EL AUTOABASTECIMIENTO DE HIDROCARBUROS, COMPLEMENTO NORMATIVO DE LAS LEYES 17319 Y 26197 PARA LA EXPLOTACION NO CONVENCIONAL Y LA PROMOCION DE LA EXPLORACION Y EXPLOTACION DE HIDROCARBUROS FIRMADO EL DIA 16\/09\/2014; ANEXO II: ANTEPROYECTO.","('0073-S-2014', 1)":null,"('0073-S-2014', 2)":null,"('0073-S-2014', 3)":null,"('0073-S-2014', 4)":null,"('0073-S-2014', 5)":null,"('0073-S-2014', 6)":null},"Palabra Clave":{"('0073-S-2014', 0)":" ","('0073-S-2014', 1)":null,"('0073-S-2014', 2)":null,"('0073-S-2014', 3)":null,"('0073-S-2014', 4)":null,"('0073-S-2014', 5)":null,"('0073-S-2014', 6)":null}}