{"Tipo de Proyecto":{"('0073-PE-2014', 0)":"MENSAJE NRO \/ A\u00d1O"},"Iniciado en: ":{"('0073-PE-2014', 0)":"Senado"},"Expediente Senado: ":{"('0073-PE-2014', 0)":"0073-PE-2014"},"Fecha: ":{"('0073-PE-2014', 0)":"26\/09\/2014"},"T\u00edtulo":{"('0073-PE-2014', 0)":"JEFATURA DE GABINETE DE MINISTROS REMITE COPIA DE LA RESPUESTA ENVIADA POR EL MINISTERIO DE PLANIFICACION FEDERAL, INVERSION PUBLICA Y SERVICIOS, SOBRE ASPECTOS CONTABLES Y DE CONTROL INTERNO ELABORADOS SOBRE LOS ESTADOS CONTABLES POR EL EJERCICIO FINALIZADO EL 31 DE DICIEMBRE DE DE 2007, CORRESPONDIENTE A LA DIRECCION GENERAL DE FABRICACIONES MILITARES."},"('Firmantes', 'FIRMANTE')":{"('0073-PE-2014', 0)":"PARLAMENTARIA MIXTA REVISORA DE CUENTAS"},"('Firmantes', 'DISTRITO')":{"('0073-PE-2014', 0)":null},"('Firmantes', 'BLOQUE')":{"('0073-PE-2014', 0)":null},"('Tramites', 'C\u00c1MARA')":{"('0073-PE-2014', 0)":"Senado"},"('Tramites', 'MOVIMIENTO')":{"('0073-PE-2014', 0)":"CONSIDERACION Y APROBACION (AL ARCHIVO)"},"('Tramites', 'FECHA')":{"('0073-PE-2014', 0)":"10\/12\/2014"},"('Tramites', 'RESULTADO')":{"('0073-PE-2014', 0)":"APROBADO"},"Sumario":{"('0073-PE-2014', 0)":"HABIENDO TOMADO CONOCIMIENTO Y SIN PERJUICIO DE ULTERIORES MEDIDAS QUE PUEDAN ADOPTARSE, SE ACONSEJA SU REMISION AL ARCHIVO."},"Palabra Clave":{"('0073-PE-2014', 0)":" "}}