{"Tipo de Proyecto":{"('0075-PE-2014', 0)":"MENSAJE NRO: 0587\/14","('0075-PE-2014', 1)":null},"Iniciado en: ":{"('0075-PE-2014', 0)":"Senado","('0075-PE-2014', 1)":null},"Expediente Senado: ":{"('0075-PE-2014', 0)":"0075-PE-2014","('0075-PE-2014', 1)":null},"Publicado en: ":{"('0075-PE-2014', 0)":"DAE S.A. N\u00b0 5","('0075-PE-2014', 1)":null},"Fecha: ":{"('0075-PE-2014', 0)":"24\/04\/2014","('0075-PE-2014', 1)":null},"T\u00edtulo":{"('0075-PE-2014', 0)":"SOLICITA ACUERDO PARA PROMOVER AL GRADO INMEDIATO SUPERIOR, CON FECHA 26 DE JUNIO DE 2013, AL VICEALMIRANTE GASTON FERNANDO ERICE.","('0075-PE-2014', 1)":null},"('Firmantes', 'FIRMANTE')":{"('0075-PE-2014', 0)":"FERNANDEZ DE KIRCHNER, CRISTINA","('0075-PE-2014', 1)":"ROSSI, AGUSTIN OSCAR"},"('Firmantes', 'DISTRITO')":{"('0075-PE-2014', 0)":null,"('0075-PE-2014', 1)":null},"('Firmantes', 'BLOQUE')":{"('0075-PE-2014', 0)":"PODER EJECUTIVO","('0075-PE-2014', 1)":"PODER EJECUTIVO"},"('Tramites', 'C\u00c1MARA')":{"('0075-PE-2014', 0)":"Senado","('0075-PE-2014', 1)":"Senado"},"('Tramites', 'MOVIMIENTO')":{"('0075-PE-2014', 0)":"MOCION SOBRE TABLAS CON DICTAMEN (AFIRMATIVA)","('0075-PE-2014', 1)":"CONSIDERACION Y APROBACION"},"('Tramites', 'FECHA')":{"('0075-PE-2014', 0)":"02\/07\/2014","('0075-PE-2014', 1)":"02\/07\/2014"},"('Tramites', 'RESULTADO')":{"('0075-PE-2014', 0)":null,"('0075-PE-2014', 1)":"APROBADO"},"Palabra Clave":{"('0075-PE-2014', 0)":" ","('0075-PE-2014', 1)":null}}