{"Tipo de Proyecto":{"('0076-S-2014', 0)":"PROYECTO DE LEY","('0076-S-2014', 1)":null},"Iniciado en: ":{"('0076-S-2014', 0)":"Senado","('0076-S-2014', 1)":null},"Expediente Diputados: ":{"('0076-S-2014', 0)":"0076-S-2014","('0076-S-2014', 1)":null},"Expediente Senado: ":{"('0076-S-2014', 0)":"2125-S-2014","('0076-S-2014', 1)":null},"Publicado en: ":{"('0076-S-2014', 0)":"Diario de Asuntos Entrados N\u00b0 105","('0076-S-2014', 1)":null},"Fecha: ":{"('0076-S-2014', 0)":"04\/07\/2014","('0076-S-2014', 1)":null},"T\u00edtulo":{"('0076-S-2014', 0)":"INSTITUIR EL DIA 26 DE OCTUBRE DE CADA A\u00d1O COMO DIA NACIONAL DE LA HEMOFILIA. ","('0076-S-2014', 1)":null},"('Firmantes', 'FIRMANTE')":{"('0076-S-2014', 0)":"ELIAS DE PEREZ, SILVIA BEATRIZ","('0076-S-2014', 1)":"MONLLAU, BLANCA MARIA DEL VALLE"},"('Firmantes', 'DISTRITO')":{"('0076-S-2014', 0)":"TUCUMAN","('0076-S-2014', 1)":"CATAMARCA"},"('Firmantes', 'BLOQUE')":{"('0076-S-2014', 0)":"UCR","('0076-S-2014', 1)":"FRENTE CIVICO Y SOCIAL DE CATAMARCA"},"('Giros', 'COMISI\u00d3N')":{"('0076-S-2014', 0)":"ACCION SOCIAL Y SALUD PUBLICA","('0076-S-2014', 1)":"LEGISLACION GENERAL"},"('Tramites', 'C\u00c1MARA')":{"('0076-S-2014', 0)":"Senado","('0076-S-2014', 1)":"Diputados"},"('Tramites', 'MOVIMIENTO')":{"('0076-S-2014', 0)":"CONSIDERACION Y APROBACION","('0076-S-2014', 1)":"PASA A DIPUTADOS -"},"('Tramites', 'FECHA')":{"('0076-S-2014', 0)":"22\/10\/2014","('0076-S-2014', 1)":null},"('Tramites', 'RESULTADO')":{"('0076-S-2014', 0)":"MEDIA SANCION","('0076-S-2014', 1)":null},"Link":{"('0076-S-2014', 0)":"http:\/\/www.senado.gov.ar\/parlamentario\/comisiones\/verExp\/2125.14\/S\/PL","('0076-S-2014', 1)":null},"Palabra Clave":{"('0076-S-2014', 0)":" ","('0076-S-2014', 1)":null}}