{"Tipo de Proyecto":{"('0077-PE-2014', 0)":"MENSAJE NRO: 0589\/14","('0077-PE-2014', 1)":null},"Iniciado en: ":{"('0077-PE-2014', 0)":"Senado","('0077-PE-2014', 1)":null},"Expediente Senado: ":{"('0077-PE-2014', 0)":"0077-PE-2014","('0077-PE-2014', 1)":null},"Publicado en: ":{"('0077-PE-2014', 0)":"DAE S.A. N\u00b0 5","('0077-PE-2014', 1)":null},"Fecha: ":{"('0077-PE-2014', 0)":"24\/04\/2014","('0077-PE-2014', 1)":null},"T\u00edtulo":{"('0077-PE-2014', 0)":"SOLICITA ACUERDO PARA PROMOVER AL GRADO INMEDIATO SUPERIOR, CON FECHA 31 DE DICIEMBRE DE 2013, AL BRIGADIER VGM MARIO FERNANDO ROCA.","('0077-PE-2014', 1)":null},"('Firmantes', 'FIRMANTE')":{"('0077-PE-2014', 0)":"FERNANDEZ DE KIRCHNER, CRISTINA","('0077-PE-2014', 1)":"ROSSI, AGUSTIN OSCAR"},"('Firmantes', 'DISTRITO')":{"('0077-PE-2014', 0)":null,"('0077-PE-2014', 1)":null},"('Firmantes', 'BLOQUE')":{"('0077-PE-2014', 0)":"PODER EJECUTIVO","('0077-PE-2014', 1)":"PODER EJECUTIVO"},"('Tramites', 'C\u00c1MARA')":{"('0077-PE-2014', 0)":"Senado","('0077-PE-2014', 1)":"Senado"},"('Tramites', 'MOVIMIENTO')":{"('0077-PE-2014', 0)":"MOCION SOBRE TABLAS CON DICTAMEN (AFIRMATIVA)","('0077-PE-2014', 1)":"CONSIDERACION Y APROBACION"},"('Tramites', 'FECHA')":{"('0077-PE-2014', 0)":"02\/07\/2014","('0077-PE-2014', 1)":"02\/07\/2014"},"('Tramites', 'RESULTADO')":{"('0077-PE-2014', 0)":null,"('0077-PE-2014', 1)":"APROBADO"},"Palabra Clave":{"('0077-PE-2014', 0)":" ","('0077-PE-2014', 1)":null}}