{"Tipo de Proyecto":{"('0078-PE-2014', 0)":"MENSAJE NRO: 0590\/14","('0078-PE-2014', 1)":null},"Iniciado en: ":{"('0078-PE-2014', 0)":"Senado","('0078-PE-2014', 1)":null},"Expediente Senado: ":{"('0078-PE-2014', 0)":"0078-PE-2014","('0078-PE-2014', 1)":null},"Publicado en: ":{"('0078-PE-2014', 0)":"DAE S.A. N\u00b0 5","('0078-PE-2014', 1)":null},"Fecha: ":{"('0078-PE-2014', 0)":"24\/04\/2014","('0078-PE-2014', 1)":null},"T\u00edtulo":{"('0078-PE-2014', 0)":"SOLICITA ACUERDO PARA PROMOVER AL GRADO INMEDIATO SUPERIOR, CON FECHA 26 DE JUNIO DE 2013, AL GENERAL DE DIVISION LUIS MARIA CARENA.","('0078-PE-2014', 1)":null},"('Firmantes', 'FIRMANTE')":{"('0078-PE-2014', 0)":"FERNANDEZ DE KIRCHNER, CRISTINA","('0078-PE-2014', 1)":"ROSSI, AGUSTIN OSCAR"},"('Firmantes', 'DISTRITO')":{"('0078-PE-2014', 0)":null,"('0078-PE-2014', 1)":null},"('Firmantes', 'BLOQUE')":{"('0078-PE-2014', 0)":"PODER EJECUTIVO","('0078-PE-2014', 1)":"PODER EJECUTIVO"},"('Tramites', 'C\u00c1MARA')":{"('0078-PE-2014', 0)":"Senado","('0078-PE-2014', 1)":"Senado"},"('Tramites', 'MOVIMIENTO')":{"('0078-PE-2014', 0)":"MOCION SOBRE TABLAS CON DICTAMEN (AFIRMATIVA)","('0078-PE-2014', 1)":"CONSIDERACION Y APROBACION"},"('Tramites', 'FECHA')":{"('0078-PE-2014', 0)":"02\/07\/2014","('0078-PE-2014', 1)":"02\/07\/2014"},"('Tramites', 'RESULTADO')":{"('0078-PE-2014', 0)":null,"('0078-PE-2014', 1)":"APROBADO"},"Palabra Clave":{"('0078-PE-2014', 0)":" ","('0078-PE-2014', 1)":null}}