{"Tipo de Proyecto":{"('0078-D-2014', 0)":"PROYECTO DE DECLARACI\u00d3N"},"Iniciado en: ":{"('0078-D-2014', 0)":"Diputados"},"Expediente Diputados: ":{"('0078-D-2014', 0)":"0078-D-2014"},"Publicado en: ":{"('0078-D-2014', 0)":"Tr\u00e1mite Parlamentario N\u00b0 1"},"Fecha: ":{"('0078-D-2014', 0)":"05\/03\/2014"},"T\u00edtulo":{"('0078-D-2014', 0)":"EXPRESAR PROFUNDO PESAR POR EL FALLECIMIENTO DE BELGICA ADELA MIRABAL \"DEDE\", UNICA SOBREVIVIENTE DE LAS HERMANAS MIRABAL CONOCIDAS COMO LAS MARIPOSAS DE LA REPUBLICA DOMINICANA, OCURRIDO EL 1 DE FEBRERO DE 2014 EN SANTO DOMINGO, REPUBLICA DOMINICANA."},"('Firmantes', 'FIRMANTE')":{"('0078-D-2014', 0)":"BALCEDO, MARIA ESTER"},"('Firmantes', 'DISTRITO')":{"('0078-D-2014', 0)":"BUENOS AIRES"},"('Firmantes', 'BLOQUE')":{"('0078-D-2014', 0)":"FRENTE PARA LA VICTORIA - PJ"},"('Giros', 'COMISI\u00d3N')":{"('0078-D-2014', 0)":"RELACIONES EXTERIORES Y CULTO"},"('Tramites', 'C\u00c1MARA')":{"('0078-D-2014', 0)":"Diputados"},"('Tramites', 'MOVIMIENTO')":{"('0078-D-2014', 0)":"APROBACION ARTICULO 114 DEL REGLAMENTO DE LA H CAMARA DE DIPUTADOS; COMUNICADO EL 30\/06\/2014"},"('Tramites', 'FECHA')":{"('0078-D-2014', 0)":null},"('Tramites', 'RESULTADO')":{"('0078-D-2014', 0)":"APROBADO"},"Link":{"('0078-D-2014', 0)":"https:\/\/www.hcdn.gob.ar\/proyectos\/textoCompleto.jsp?exp=0078-D-2014&tipo=DECLARACION"},"Palabra Clave":{"('0078-D-2014', 0)":" "}}