{"Tipo de Proyecto":{"('0079-S-2014', 0)":"PROYECTO DE DECLARACI\u00d3N"},"Iniciado en: ":{"('0079-S-2014', 0)":"Senado"},"Expediente Senado: ":{"('0079-S-2014', 0)":"0079-S-2014"},"Publicado en: ":{"('0079-S-2014', 0)":"Diario de Asuntos Entrados N\u00b0 4"},"Fecha: ":{"('0079-S-2014', 0)":"05\/03\/2014"},"T\u00edtulo":{"('0079-S-2014', 0)":"ADHERIR A LA CONMEMORACION DE LOS FESTEJOS RELIGIOSOS EN HOMENAJE A NUESTRA SE\u00d1ORA DE MONSERRAT, PATRONA RELIGIOSA DEL DEPARTAMENTO DE SILIPICA, PROVINCIA DE SANTIAGO DEL ESTERO, EL 2 DE FEBRERO. "},"('Firmantes', 'FIRMANTE')":{"('0079-S-2014', 0)":"ITURREZ DE CAPPELLINI, ADA ROSA DEL VALLE"},"('Firmantes', 'DISTRITO')":{"('0079-S-2014', 0)":"SANTIAGO DEL ESTERO"},"('Firmantes', 'BLOQUE')":{"('0079-S-2014', 0)":"FRENTE CIVICO POR SANTIAGO"},"('Tramites', 'C\u00c1MARA')":{"('0079-S-2014', 0)":"Senado"},"('Tramites', 'MOVIMIENTO')":{"('0079-S-2014', 0)":"CONSIDERACION Y APROBACION"},"('Tramites', 'FECHA')":{"('0079-S-2014', 0)":"02\/07\/2014"},"('Tramites', 'RESULTADO')":{"('0079-S-2014', 0)":"APROBADO"},"Link":{"('0079-S-2014', 0)":"http:\/\/www.senado.gov.ar\/parlamentario\/comisiones\/verExp\/79.14\/S\/PD"},"Palabra Clave":{"('0079-S-2014', 0)":" "}}