{"Tipo de Proyecto":{"('0081-S-2014', 0)":"PROYECTO DE DECLARACI\u00d3N"},"Iniciado en: ":{"('0081-S-2014', 0)":"Senado"},"Expediente Senado: ":{"('0081-S-2014', 0)":"0081-S-2014"},"Publicado en: ":{"('0081-S-2014', 0)":"Diario de Asuntos Entrados N\u00b0 4"},"Fecha: ":{"('0081-S-2014', 0)":"05\/03\/2014"},"T\u00edtulo":{"('0081-S-2014', 0)":"ADHERIR A UN NUEVO ANIVERSARIO DE LA SANCION DE LA LEY NACIONAL DE ELECCIONES 8871, EL 10 DE FEBRERO DE 1912."},"('Firmantes', 'FIRMANTE')":{"('0081-S-2014', 0)":"ITURREZ DE CAPPELLINI, ADA ROSA DEL VALLE"},"('Firmantes', 'DISTRITO')":{"('0081-S-2014', 0)":"SANTIAGO DEL ESTERO"},"('Firmantes', 'BLOQUE')":{"('0081-S-2014', 0)":"FRENTE CIVICO POR SANTIAGO"},"('Tramites', 'C\u00c1MARA')":{"('0081-S-2014', 0)":"Senado"},"('Tramites', 'MOVIMIENTO')":{"('0081-S-2014', 0)":"CONSIDERACION Y APROBACION CONJUNTAMENTE PARA LOS EXPEDIENTES 0081-S-2014 y 0758-S-2014"},"('Tramites', 'FECHA')":{"('0081-S-2014', 0)":"02\/07\/2014"},"('Tramites', 'RESULTADO')":{"('0081-S-2014', 0)":"APROBADO"},"Link":{"('0081-S-2014', 0)":"http:\/\/www.senado.gov.ar\/parlamentario\/comisiones\/verExp\/81.14\/S\/PD"},"Palabra Clave":{"('0081-S-2014', 0)":" "}}