{"Tipo de Proyecto":{"('0082-S-2014', 0)":"PROYECTO DE LEY","('0082-S-2014', 1)":null,"('0082-S-2014', 2)":null},"Iniciado en: ":{"('0082-S-2014', 0)":"Senado","('0082-S-2014', 1)":null,"('0082-S-2014', 2)":null},"Expediente Diputados: ":{"('0082-S-2014', 0)":"0082-S-2014","('0082-S-2014', 1)":null,"('0082-S-2014', 2)":null},"Expediente Senado: ":{"('0082-S-2014', 0)":"0793-S-2014","('0082-S-2014', 1)":null,"('0082-S-2014', 2)":null},"Publicado en: ":{"('0082-S-2014', 0)":"Diario de Asuntos Entrados N\u00b0 39","('0082-S-2014', 1)":null,"('0082-S-2014', 2)":null},"Fecha: ":{"('0082-S-2014', 0)":"01\/04\/2014","('0082-S-2014', 1)":null,"('0082-S-2014', 2)":null},"T\u00edtulo":{"('0082-S-2014', 0)":"TRANSFERIR A TITULO ONEROSO, POR VENTA O PERMUTA A LA PROVINCIA DE SALTA, LA SUPERFICIE NECESARIA PARA LA CONSTRUCCION DE LA AVENIDA DE CIRCUNVALACION NOROESTE DE SU CIUDAD CAPITAL Y LAS ROTONDAS DE INTERSECCION CON LAS RUTAS NACIONAL 9 Y RUTA PROVINCIAL 28 (REPRODUCCION DEL EXPEDIENTE 2903-S-11).","('0082-S-2014', 1)":null,"('0082-S-2014', 2)":null},"('Firmantes', 'FIRMANTE')":{"('0082-S-2014', 0)":"ROMERO, JUAN CARLOS","('0082-S-2014', 1)":null,"('0082-S-2014', 2)":null},"('Firmantes', 'DISTRITO')":{"('0082-S-2014', 0)":"SALTA","('0082-S-2014', 1)":null,"('0082-S-2014', 2)":null},"('Firmantes', 'BLOQUE')":{"('0082-S-2014', 0)":"JUSTICIALISTA 8 DE OCTUBRE","('0082-S-2014', 1)":null,"('0082-S-2014', 2)":null},"('Giros', 'COMISI\u00d3N')":{"('0082-S-2014', 0)":"LEGISLACION GENERAL","('0082-S-2014', 1)":"TRANSPORTES","('0082-S-2014', 2)":"PRESUPUESTO Y HACIENDA"},"('Tramites', 'C\u00c1MARA')":{"('0082-S-2014', 0)":"Senado","('0082-S-2014', 1)":"Diputados","('0082-S-2014', 2)":null},"('Tramites', 'MOVIMIENTO')":{"('0082-S-2014', 0)":"CONSIDERACION Y APROBACION","('0082-S-2014', 1)":"PASA A DIPUTADOS -","('0082-S-2014', 2)":null},"('Tramites', 'FECHA')":{"('0082-S-2014', 0)":"29\/10\/2014","('0082-S-2014', 1)":null,"('0082-S-2014', 2)":null},"('Tramites', 'RESULTADO')":{"('0082-S-2014', 0)":"MEDIA SANCION","('0082-S-2014', 1)":null,"('0082-S-2014', 2)":null},"Sumario":{"('0082-S-2014', 0)":"EXCEPTUAR DE LOS ALCANCES DE LEY 24758 (AREA DE CONSERVACION \"CAMPO GENERAL BELGRANO\", SALTA) LAS FRACCIONES DE TERRENOS NECESARIAS; FACULTAR AL ESTADO MAYOR GENERAL DEL EJERCITO A ACORDAR CON EL GOBIERNO DE LA PROVINCIA DE SALTA.","('0082-S-2014', 1)":null,"('0082-S-2014', 2)":null},"Palabra Clave":{"('0082-S-2014', 0)":" ","('0082-S-2014', 1)":null,"('0082-S-2014', 2)":null}}