{"Tipo de Proyecto":{"('0083-D-2014', 0)":"PROYECTO DE DECLARACI\u00d3N"},"Iniciado en: ":{"('0083-D-2014', 0)":"Diputados"},"Expediente Diputados: ":{"('0083-D-2014', 0)":"0083-D-2014"},"Publicado en: ":{"('0083-D-2014', 0)":"Tr\u00e1mite Parlamentario N\u00b0 1"},"Fecha: ":{"('0083-D-2014', 0)":"05\/03\/2014"},"T\u00edtulo":{"('0083-D-2014', 0)":"SOLICITAR AL PODER EJECUTIVO DISPONGA LA EJECUCION DE LA OBRA DE \"CANALES DE DESAG\u00dcES PLUVIALES METAN II\", EN LA PROVINCIA DE SALTA."},"('Firmantes', 'FIRMANTE')":{"('0083-D-2014', 0)":"VILARI\u00d1O, JOSE ANTONIO"},"('Firmantes', 'DISTRITO')":{"('0083-D-2014', 0)":"SALTA"},"('Firmantes', 'BLOQUE')":{"('0083-D-2014', 0)":"FRENTE PARA LA VICTORIA - PJ"},"('Giros', 'COMISI\u00d3N')":{"('0083-D-2014', 0)":"OBRAS PUBLICAS"},"('Tramites', 'C\u00c1MARA')":{"('0083-D-2014', 0)":"Diputados"},"('Tramites', 'MOVIMIENTO')":{"('0083-D-2014', 0)":"APROBACION ARTICULO 114 DEL REGLAMENTO DE LA H CAMARA DE DIPUTADOS; COMUNICADO EL 18\/09\/2014"},"('Tramites', 'FECHA')":{"('0083-D-2014', 0)":null},"('Tramites', 'RESULTADO')":{"('0083-D-2014', 0)":"APROBADO"},"Link":{"('0083-D-2014', 0)":"https:\/\/www.hcdn.gob.ar\/proyectos\/textoCompleto.jsp?exp=0083-D-2014&tipo=DECLARACION"},"Palabra Clave":{"('0083-D-2014', 0)":" "}}