{"Tipo de Proyecto":{"('0083-S-2014', 0)":"PROYECTO DE LEY","('0083-S-2014', 1)":null,"('0083-S-2014', 2)":null,"('0083-S-2014', 3)":null,"('0083-S-2014', 4)":null},"Iniciado en: ":{"('0083-S-2014', 0)":"Senado","('0083-S-2014', 1)":null,"('0083-S-2014', 2)":null,"('0083-S-2014', 3)":null,"('0083-S-2014', 4)":null},"Expediente Diputados: ":{"('0083-S-2014', 0)":"0083-S-2014","('0083-S-2014', 1)":null,"('0083-S-2014', 2)":null,"('0083-S-2014', 3)":null,"('0083-S-2014', 4)":null},"Expediente Senado: ":{"('0083-S-2014', 0)":"1495-S-2014","('0083-S-2014', 1)":null,"('0083-S-2014', 2)":null,"('0083-S-2014', 3)":null,"('0083-S-2014', 4)":null},"Publicado en: ":{"('0083-S-2014', 0)":"Diario de Asuntos Entrados N\u00b0 0","('0083-S-2014', 1)":null,"('0083-S-2014', 2)":null,"('0083-S-2014', 3)":null,"('0083-S-2014', 4)":null},"Fecha: ":{"('0083-S-2014', 0)":"10\/09\/2014","('0083-S-2014', 1)":null,"('0083-S-2014', 2)":null,"('0083-S-2014', 3)":null,"('0083-S-2014', 4)":null},"T\u00edtulo":{"('0083-S-2014', 0)":"MODIFICACION  DEL ARTICULO 17 DE LA LEY 14878 - REGIMEN VITIVINICOLA -, RESPECTO DE INCORPORAR LA DENOMINACION DE VINOS ESPUMANTES. ","('0083-S-2014', 1)":null,"('0083-S-2014', 2)":null,"('0083-S-2014', 3)":null,"('0083-S-2014', 4)":null},"('Firmantes', 'FIRMANTE')":{"('0083-S-2014', 0)":"BERMEJO, ROLANDO ADOLFO","('0083-S-2014', 1)":"FERNANDEZ, ANIBAL","('0083-S-2014', 2)":"GODOY, RUPERTO EDUARDO","('0083-S-2014', 3)":"LUNA, MIRTHA MARIA TERESITA","('0083-S-2014', 4)":"PICHETTO, MIGUEL ANGEL"},"('Firmantes', 'DISTRITO')":{"('0083-S-2014', 0)":"MENDOZA","('0083-S-2014', 1)":"BUENOS AIRES","('0083-S-2014', 2)":"SAN JUAN","('0083-S-2014', 3)":"LA RIOJA","('0083-S-2014', 4)":"RIO NEGRO"},"('Firmantes', 'BLOQUE')":{"('0083-S-2014', 0)":"FRENTE PARA LA VICTORIA - PJ","('0083-S-2014', 1)":"FRENTE PARA LA VICTORIA - PJ","('0083-S-2014', 2)":"FRENTE PARA LA VICTORIA - PJ","('0083-S-2014', 3)":"FRENTE PARA LA VICTORIA - PJ","('0083-S-2014', 4)":"FRENTE PARA LA VICTORIA - PJ"},"('Giros', 'COMISI\u00d3N')":{"('0083-S-2014', 0)":"AGRICULTURA Y GANADERIA","('0083-S-2014', 1)":"PRESUPUESTO Y HACIENDA","('0083-S-2014', 2)":null,"('0083-S-2014', 3)":null,"('0083-S-2014', 4)":null},"('Tramites', 'C\u00c1MARA')":{"('0083-S-2014', 0)":"Senado","('0083-S-2014', 1)":"Senado","('0083-S-2014', 2)":"Diputados","('0083-S-2014', 3)":null,"('0083-S-2014', 4)":null},"('Tramites', 'MOVIMIENTO')":{"('0083-S-2014', 0)":"MOCION SOBRE TABLAS (AFIRMATIVA)","('0083-S-2014', 1)":"CONSIDERACION Y APROBACION","('0083-S-2014', 2)":"PASA A DIPUTADOS -","('0083-S-2014', 3)":null,"('0083-S-2014', 4)":null},"('Tramites', 'FECHA')":{"('0083-S-2014', 0)":"29\/10\/2014","('0083-S-2014', 1)":"29\/10\/2014","('0083-S-2014', 2)":null,"('0083-S-2014', 3)":null,"('0083-S-2014', 4)":null},"('Tramites', 'RESULTADO')":{"('0083-S-2014', 0)":null,"('0083-S-2014', 1)":"MEDIA SANCION","('0083-S-2014', 2)":null,"('0083-S-2014', 3)":null,"('0083-S-2014', 4)":null},"Sumario":{"('0083-S-2014', 0)":"DEROGACION DEL CAPITULO VII, ARTICULOS 33 Y 34 QUE INTEGRAN EL TITULO II DE LA LEY 24674 Y SUS MODIFICATORIAS.","('0083-S-2014', 1)":null,"('0083-S-2014', 2)":null,"('0083-S-2014', 3)":null,"('0083-S-2014', 4)":null},"Palabra Clave":{"('0083-S-2014', 0)":" ","('0083-S-2014', 1)":null,"('0083-S-2014', 2)":null,"('0083-S-2014', 3)":null,"('0083-S-2014', 4)":null}}