{"Tipo de Proyecto":{"('0084-S-2014', 0)":"PROYECTO DE DECLARACI\u00d3N","('0084-S-2014', 1)":null},"Iniciado en: ":{"('0084-S-2014', 0)":"Senado","('0084-S-2014', 1)":null},"Expediente Senado: ":{"('0084-S-2014', 0)":"0084-S-2014","('0084-S-2014', 1)":null},"Publicado en: ":{"('0084-S-2014', 0)":"Diario de Asuntos Entrados N\u00b0 5","('0084-S-2014', 1)":null},"Fecha: ":{"('0084-S-2014', 0)":"05\/03\/2014","('0084-S-2014', 1)":null},"T\u00edtulo":{"('0084-S-2014', 0)":"ADHERIR A LA CONMEMORACION DEL DIA MUNDIAL DE LA JUSTICIA SOCIAL, QUE SE LLEVA A CABO EL 20 DE FEBRERO DE CADA A\u00d1O.","('0084-S-2014', 1)":null},"('Firmantes', 'FIRMANTE')":{"('0084-S-2014', 0)":"ITURREZ DE CAPPELLINI, ADA ROSA DEL VALLE","('0084-S-2014', 1)":null},"('Firmantes', 'DISTRITO')":{"('0084-S-2014', 0)":"SANTIAGO DEL ESTERO","('0084-S-2014', 1)":null},"('Firmantes', 'BLOQUE')":{"('0084-S-2014', 0)":"FRENTE CIVICO POR SANTIAGO","('0084-S-2014', 1)":null},"('Tramites', 'C\u00c1MARA')":{"('0084-S-2014', 0)":"Senado","('0084-S-2014', 1)":"Senado"},"('Tramites', 'MOVIMIENTO')":{"('0084-S-2014', 0)":"MOCION SOBRE TABLAS (AFIRMATIVA) CONJUNTAMENTE PARA LOS EXPEDIENTES 4185-S-2013, 0084-S-2014 y 0667-S-2014","('0084-S-2014', 1)":"CONSIDERACION Y APROBACION (TEXTO UNIFICADO) CONJUNTAMENTE PARA LOS EXPEDIENTES 4185-S-2013, 0084-S-2014 y 0667-S-2014"},"('Tramites', 'FECHA')":{"('0084-S-2014', 0)":"09\/04\/2014","('0084-S-2014', 1)":"09\/04\/2014"},"('Tramites', 'RESULTADO')":{"('0084-S-2014', 0)":null,"('0084-S-2014', 1)":"APROBADO"},"Link":{"('0084-S-2014', 0)":"http:\/\/www.senado.gov.ar\/parlamentario\/comisiones\/verExp\/84.14\/S\/PD","('0084-S-2014', 1)":null},"Palabra Clave":{"('0084-S-2014', 0)":" ","('0084-S-2014', 1)":null}}