{"Tipo de Proyecto":{"('0085-D-2014', 0)":"PROYECTO DE DECLARACI\u00d3N","('0085-D-2014', 1)":null},"Iniciado en: ":{"('0085-D-2014', 0)":"Diputados","('0085-D-2014', 1)":null},"Expediente Diputados: ":{"('0085-D-2014', 0)":"0085-D-2014","('0085-D-2014', 1)":null},"Publicado en: ":{"('0085-D-2014', 0)":"Tr\u00e1mite Parlamentario N\u00b0 1","('0085-D-2014', 1)":null},"Fecha: ":{"('0085-D-2014', 0)":"05\/03\/2014","('0085-D-2014', 1)":null},"T\u00edtulo":{"('0085-D-2014', 0)":"SOLICITAR AL PODER EJECUTIVO DISPONGA LA REFACCION INTEGRAL Y MEJORAMIENTO DE LAS INSTALACIONES DEL EDIFICIO DE LA SUCURSAL DEL CORREO ARGENTINO QUE FUNCIONA EN LA LOCALIDAD DE SAN ANTONIO DE LOS COBRES, DEPARTAMENTO DE LOS ANDES, PROVINCIA DE SALTA.","('0085-D-2014', 1)":null},"('Firmantes', 'FIRMANTE')":{"('0085-D-2014', 0)":"VILARI\u00d1O, JOSE ANTONIO","('0085-D-2014', 1)":null},"('Firmantes', 'DISTRITO')":{"('0085-D-2014', 0)":"SALTA","('0085-D-2014', 1)":null},"('Firmantes', 'BLOQUE')":{"('0085-D-2014', 0)":"FRENTE PARA LA VICTORIA - PJ","('0085-D-2014', 1)":null},"('Giros', 'COMISI\u00d3N')":{"('0085-D-2014', 0)":"COMUNICACIONES E INFORMATICA","('0085-D-2014', 1)":null},"('Tramites', 'C\u00c1MARA')":{"('0085-D-2014', 0)":"Diputados","('0085-D-2014', 1)":"Diputados"},"('Tramites', 'MOVIMIENTO')":{"('0085-D-2014', 0)":"APROBACION ARTICULO 114 DEL REGLAMENTO DE LA H CAMARA DE DIPUTADOS; COMUNICADO EL 14\/08\/2014","('0085-D-2014', 1)":"CONTESTACION DEL PODER EJECUTIVO NACIONAL - JEFE DE GABINETE DE MINISTROS - GIRADO A LA COMISION RESPECTIVA"},"('Tramites', 'FECHA')":{"('0085-D-2014', 0)":null,"('0085-D-2014', 1)":null},"('Tramites', 'RESULTADO')":{"('0085-D-2014', 0)":"APROBADO","('0085-D-2014', 1)":null},"Link":{"('0085-D-2014', 0)":"https:\/\/www.hcdn.gob.ar\/proyectos\/textoCompleto.jsp?exp=0085-D-2014&tipo=DECLARACION","('0085-D-2014', 1)":null},"Palabra Clave":{"('0085-D-2014', 0)":" ","('0085-D-2014', 1)":null}}