{"Tipo de Proyecto":{"('0085-PE-2014', 0)":"MENSAJE NRO \/ A\u00d1O"},"Iniciado en: ":{"('0085-PE-2014', 0)":"Senado"},"Expediente Senado: ":{"('0085-PE-2014', 0)":"0085-PE-2014"},"Fecha: ":{"('0085-PE-2014', 0)":"28\/10\/2014"},"T\u00edtulo":{"('0085-PE-2014', 0)":"JEFATURA DE GABINETE DE MINISTROS REMITE RESPUESTA ENVIADA POR EL MINISTERIO DE PLANIFICACION FEDERAL, INVERSION PUBLICA Y SERVICIOS, SOBRE EL INFORME DE EXAMEN ESPECIAL REFERIDO A LA VERIFICACION DEL CUMPLIMIENTO DE LA CIRCULAR 3\/93 AGN RESPECTO DE LA INFORMACION SUMINISTRADA POR EL ENTE NACIONAL REGULADOR DEL GAS, SOBRE CONTRATACIONES RELEVANTES, CONTRATACIONES NO RELEVANTES Y ACTOS DE SIGNIFICACION ECONOMICA EN EL PERIODO COMPRENDIDO ENTRE EL 01 DE ENERO DE 2009 Y EL 31 DE DICIEMBRE DE 2009."},"('Firmantes', 'FIRMANTE')":{"('0085-PE-2014', 0)":"PARLAMENTARIA MIXTA REVISORA DE CUENTAS"},"('Firmantes', 'DISTRITO')":{"('0085-PE-2014', 0)":null},"('Firmantes', 'BLOQUE')":{"('0085-PE-2014', 0)":null},"('Tramites', 'C\u00c1MARA')":{"('0085-PE-2014', 0)":"Senado"},"('Tramites', 'MOVIMIENTO')":{"('0085-PE-2014', 0)":"CONSIDERACION Y APROBACION (AL ARCHIVO)"},"('Tramites', 'FECHA')":{"('0085-PE-2014', 0)":"10\/12\/2014"},"('Tramites', 'RESULTADO')":{"('0085-PE-2014', 0)":"APROBADO"},"Sumario":{"('0085-PE-2014', 0)":"HABIENDO TOMADO CONOCIMIENTO Y SIN PERJUICIO DE ULTERIORES MEDIDAS QUE PUEDAN ADOPTARSE, SE ACONSEJA SU REMISION AL ARCHIVO."},"Palabra Clave":{"('0085-PE-2014', 0)":" "}}