{"Tipo de Proyecto":{"('0085-OV-2014', 0)":"PROYECTO DE RESOLUCI\u00d3N"},"Iniciado en: ":{"('0085-OV-2014', 0)":"Senado"},"Expediente Senado: ":{"('0085-OV-2014', 0)":"0085-OV-2014"},"Fecha: ":{"('0085-OV-2014', 0)":"06\/07\/2015"},"T\u00edtulo":{"('0085-OV-2014', 0)":"RESOLUCION REMITIDA POR LA AUDITORIA GENERAL DE LA NACION 44\/14, APROBANDO EL INFORME DE AUDITORIA, LA SINTESIS EJECUTIVA Y LA FICHA DEL INFORME QUE FORMA PARTE DEL MISMO, REALIZADO EN EL AMBITO DE LA BIBLIOTECA NACIONAL, REFERIDA AL PROGRAMA 25 - SERVICIOS DE LA BIBLIOTECA NACIONAL -.."},"('Firmantes', 'FIRMANTE')":{"('0085-OV-2014', 0)":"PARLAMENTARIA MIXTA REVISORA DE CUENTAS"},"('Firmantes', 'DISTRITO')":{"('0085-OV-2014', 0)":null},"('Firmantes', 'BLOQUE')":{"('0085-OV-2014', 0)":null},"Sumario":{"('0085-OV-2014', 0)":"HABIENDO TOMADO CONOCIMIENTO Y SIN PERJUICIO DE ULTERIORES MEDIDAS QUE PUEDAN ADOPTARSE, SE ACONSEJA SU REMISION AL ARCHIVO."},"Palabra Clave":{"('0085-OV-2014', 0)":" "}}