{"Tipo de Proyecto":{"('0086-S-2014', 0)":"PROYECTO DE DECLARACI\u00d3N"},"Iniciado en: ":{"('0086-S-2014', 0)":"Senado"},"Expediente Senado: ":{"('0086-S-2014', 0)":"0086-S-2014"},"Publicado en: ":{"('0086-S-2014', 0)":"Diario de Asuntos Entrados N\u00b0 5"},"Fecha: ":{"('0086-S-2014', 0)":"05\/03\/2014"},"T\u00edtulo":{"('0086-S-2014', 0)":"ADHERIR A LA CONMEMORACION DEL DIA NACIONAL DEL MEDICO LEGISTA EL 7 DE MARZO DE 2014, FECHA DE NACIMIENTO DEL DOCTOR NERIO ROJAS."},"('Firmantes', 'FIRMANTE')":{"('0086-S-2014', 0)":"ITURREZ DE CAPPELLINI, ADA ROSA DEL VALLE"},"('Firmantes', 'DISTRITO')":{"('0086-S-2014', 0)":"SANTIAGO DEL ESTERO"},"('Firmantes', 'BLOQUE')":{"('0086-S-2014', 0)":"FRENTE CIVICO POR SANTIAGO"},"('Tramites', 'C\u00c1MARA')":{"('0086-S-2014', 0)":"Senado"},"('Tramites', 'MOVIMIENTO')":{"('0086-S-2014', 0)":"CONSIDERACION Y APROBACION"},"('Tramites', 'FECHA')":{"('0086-S-2014', 0)":"02\/07\/2014"},"('Tramites', 'RESULTADO')":{"('0086-S-2014', 0)":"APROBADO"},"Link":{"('0086-S-2014', 0)":"http:\/\/www.senado.gov.ar\/parlamentario\/comisiones\/verExp\/86.14\/S\/PD"},"Palabra Clave":{"('0086-S-2014', 0)":" "}}