{"Tipo de Proyecto":{"('0087-D-2014', 0)":"PROYECTO DE DECLARACI\u00d3N"},"Iniciado en: ":{"('0087-D-2014', 0)":"Diputados"},"Expediente Diputados: ":{"('0087-D-2014', 0)":"0087-D-2014"},"Publicado en: ":{"('0087-D-2014', 0)":"Tr\u00e1mite Parlamentario N\u00b0 1"},"Fecha: ":{"('0087-D-2014', 0)":"05\/03\/2014"},"T\u00edtulo":{"('0087-D-2014', 0)":"SOLICITAR AL PODER EJECUTIVO DISPONGA LA REALIZACION DE ESTUDIOS TECNICOS Y PRESUPUESTARIOS DESTINADOS A LA CONSTRUCCION DE UNA ALCALDIA FEDERAL EN EL DEPARTAMENTO DE ORAN, PROVINCIA DE SALTA."},"('Firmantes', 'FIRMANTE')":{"('0087-D-2014', 0)":"VILARI\u00d1O, JOSE ANTONIO"},"('Firmantes', 'DISTRITO')":{"('0087-D-2014', 0)":"SALTA"},"('Firmantes', 'BLOQUE')":{"('0087-D-2014', 0)":"FRENTE PARA LA VICTORIA - PJ"},"('Giros', 'COMISI\u00d3N')":{"('0087-D-2014', 0)":"LEGISLACION PENAL"},"Link":{"('0087-D-2014', 0)":"https:\/\/www.hcdn.gob.ar\/proyectos\/textoCompleto.jsp?exp=0087-D-2014&tipo=DECLARACION"},"Palabra Clave":{"('0087-D-2014', 0)":" "}}