{"Tipo de Proyecto":{"('0088-D-2014', 0)":"PROYECTO DE DECLARACI\u00d3N"},"Iniciado en: ":{"('0088-D-2014', 0)":"Diputados"},"Expediente Diputados: ":{"('0088-D-2014', 0)":"0088-D-2014"},"Publicado en: ":{"('0088-D-2014', 0)":"Tr\u00e1mite Parlamentario N\u00b0 1"},"Fecha: ":{"('0088-D-2014', 0)":"05\/03\/2014"},"T\u00edtulo":{"('0088-D-2014', 0)":"SOLICITAR AL PODER EJECUTIVO DISPONGA VERIFICAR EL INGRESO DE BANANAS DE OTROS ORIGENES QUE NO CUMPLAN LOS REQUISITOS SANITARIOS NECESARIOS."},"('Firmantes', 'FIRMANTE')":{"('0088-D-2014', 0)":"VILARI\u00d1O, JOSE ANTONIO"},"('Firmantes', 'DISTRITO')":{"('0088-D-2014', 0)":"SALTA"},"('Firmantes', 'BLOQUE')":{"('0088-D-2014', 0)":"FRENTE PARA LA VICTORIA - PJ"},"('Giros', 'COMISI\u00d3N')":{"('0088-D-2014', 0)":"COMERCIO"},"Link":{"('0088-D-2014', 0)":"https:\/\/www.hcdn.gob.ar\/proyectos\/textoCompleto.jsp?exp=0088-D-2014&tipo=DECLARACION"},"Palabra Clave":{"('0088-D-2014', 0)":" "}}