{"Tipo de Proyecto":{"('0089-D-2014', 0)":"PROYECTO DE DECLARACI\u00d3N"},"Iniciado en: ":{"('0089-D-2014', 0)":"Diputados"},"Expediente Diputados: ":{"('0089-D-2014', 0)":"0089-D-2014"},"Publicado en: ":{"('0089-D-2014', 0)":"Tr\u00e1mite Parlamentario N\u00b0 1"},"Fecha: ":{"('0089-D-2014', 0)":"05\/03\/2014"},"T\u00edtulo":{"('0089-D-2014', 0)":"SOLICITAR AL PODER EJECUTIVO DISPONGA LAS MEDIDAS NECESARIAS PARA PONER EN FUNCIONAMIENTO EL FERROCARRIL BELGRANO CARGAS- RAMAL C 14 -, TRAMO: PROVINCIA DE SALTA - REPUBLICA ARGENTINA - CIUDAD DE ANTOFAGASTA - CHILE -."},"('Firmantes', 'FIRMANTE')":{"('0089-D-2014', 0)":"VILARI\u00d1O, JOSE ANTONIO"},"('Firmantes', 'DISTRITO')":{"('0089-D-2014', 0)":"SALTA"},"('Firmantes', 'BLOQUE')":{"('0089-D-2014', 0)":"FRENTE PARA LA VICTORIA - PJ"},"('Giros', 'COMISI\u00d3N')":{"('0089-D-2014', 0)":"TRANSPORTES"},"Link":{"('0089-D-2014', 0)":"https:\/\/www.hcdn.gob.ar\/proyectos\/textoCompleto.jsp?exp=0089-D-2014&tipo=DECLARACION"},"Palabra Clave":{"('0089-D-2014', 0)":" "}}