{"Tipo de Proyecto":{"('0089-S-2014', 0)":"PROYECTO DE DECLARACI\u00d3N","('0089-S-2014', 1)":null},"Iniciado en: ":{"('0089-S-2014', 0)":"Senado","('0089-S-2014', 1)":null},"Expediente Senado: ":{"('0089-S-2014', 0)":"0089-S-2014","('0089-S-2014', 1)":null},"Publicado en: ":{"('0089-S-2014', 0)":"Diario de Asuntos Entrados N\u00b0 5","('0089-S-2014', 1)":null},"Fecha: ":{"('0089-S-2014', 0)":"05\/03\/2014","('0089-S-2014', 1)":null},"T\u00edtulo":{"('0089-S-2014', 0)":"ADHERIR A LA CONMEMORACION DEL DIA DEL MERCOSUR QUE SE LLEVARA A CABO EL 26 DE MARZO DE 2014.","('0089-S-2014', 1)":null},"('Firmantes', 'FIRMANTE')":{"('0089-S-2014', 0)":"ITURREZ DE CAPPELLINI, ADA ROSA DEL VALLE","('0089-S-2014', 1)":null},"('Firmantes', 'DISTRITO')":{"('0089-S-2014', 0)":"SANTIAGO DEL ESTERO","('0089-S-2014', 1)":null},"('Firmantes', 'BLOQUE')":{"('0089-S-2014', 0)":"FRENTE CIVICO POR SANTIAGO","('0089-S-2014', 1)":null},"('Tramites', 'C\u00c1MARA')":{"('0089-S-2014', 0)":"Senado","('0089-S-2014', 1)":"Senado"},"('Tramites', 'MOVIMIENTO')":{"('0089-S-2014', 0)":"MOCION SOBRE TABLAS (AFIRMATIVA)","('0089-S-2014', 1)":"CONSIDERACION Y APROBACION"},"('Tramites', 'FECHA')":{"('0089-S-2014', 0)":"09\/04\/2014","('0089-S-2014', 1)":"09\/04\/2014"},"('Tramites', 'RESULTADO')":{"('0089-S-2014', 0)":null,"('0089-S-2014', 1)":"APROBADO"},"Link":{"('0089-S-2014', 0)":"http:\/\/www.senado.gov.ar\/parlamentario\/comisiones\/verExp\/89.14\/S\/PD","('0089-S-2014', 1)":null},"Palabra Clave":{"('0089-S-2014', 0)":" ","('0089-S-2014', 1)":null}}