{"Tipo de Proyecto":{"('0090-OV-2014', 0)":"PROYECTO DE RESOLUCI\u00d3N"},"Iniciado en: ":{"('0090-OV-2014', 0)":"Senado"},"Expediente Senado: ":{"('0090-OV-2014', 0)":"0090-OV-2014"},"Fecha: ":{"('0090-OV-2014', 0)":"26\/09\/2014"},"T\u00edtulo":{"('0090-OV-2014', 0)":"RESOLUCION REMITIDA POR LA AUDITORIA GENERAL DE LA NACION 49\/14, APROBANDO EL INFORME DE AUDITORIA REFERIDO A LOS ESTADOS FINANCIEROS DEL EJERCICIO CINCO FINALIZADO EL 31 DE DICIEMBRE DE 2013, CORRESPONDIENTE AL PROYECTO PNUD ARG\/08\/008, DE \"BOSQUES NATIVOS Y BIODIVERSIDAD\"."},"('Firmantes', 'FIRMANTE')":{"('0090-OV-2014', 0)":"PARLAMENTARIA MIXTA REVISORA DE CUENTAS"},"('Firmantes', 'DISTRITO')":{"('0090-OV-2014', 0)":null},"('Firmantes', 'BLOQUE')":{"('0090-OV-2014', 0)":null},"('Tramites', 'C\u00c1MARA')":{"('0090-OV-2014', 0)":"Senado"},"('Tramites', 'MOVIMIENTO')":{"('0090-OV-2014', 0)":"CONSIDERACION Y APROBACION (AL ARCHIVO)"},"('Tramites', 'FECHA')":{"('0090-OV-2014', 0)":"10\/12\/2014"},"('Tramites', 'RESULTADO')":{"('0090-OV-2014', 0)":"APROBADO"},"Sumario":{"('0090-OV-2014', 0)":"HABIENDO TOMADO CONOCIMIENTO Y SIN PERJUICIO DE ULTERIORES MEDIDAS QUE PUEDAN ADOPTARSE, SE ACONSEJA SU REMISION AL ARCHIVO."},"Palabra Clave":{"('0090-OV-2014', 0)":" "}}