{"Tipo de Proyecto":{"('0090-D-2014', 0)":"PROYECTO DE DECLARACI\u00d3N"},"Iniciado en: ":{"('0090-D-2014', 0)":"Diputados"},"Expediente Diputados: ":{"('0090-D-2014', 0)":"0090-D-2014"},"Publicado en: ":{"('0090-D-2014', 0)":"Tr\u00e1mite Parlamentario N\u00b0 1"},"Fecha: ":{"('0090-D-2014', 0)":"05\/03\/2014"},"T\u00edtulo":{"('0090-D-2014', 0)":"SOLICITAR AL PODER EJECUTIVO DISPONGA CONCRETAR LA HABILITACION DE UNA SUBDELEGACION DE LA POLICIA FEDERAL ARGENTINA EN EL MUNICIPIO DE GENERAL G\u00dcEMES, PROVINCIA DE SALTA"},"('Firmantes', 'FIRMANTE')":{"('0090-D-2014', 0)":"VILARI\u00d1O, JOSE ANTONIO"},"('Firmantes', 'DISTRITO')":{"('0090-D-2014', 0)":"SALTA"},"('Firmantes', 'BLOQUE')":{"('0090-D-2014', 0)":"FRENTE PARA LA VICTORIA - PJ"},"('Giros', 'COMISI\u00d3N')":{"('0090-D-2014', 0)":"SEGURIDAD INTERIOR"},"Link":{"('0090-D-2014', 0)":"https:\/\/www.hcdn.gob.ar\/proyectos\/textoCompleto.jsp?exp=0090-D-2014&tipo=DECLARACION"},"Palabra Clave":{"('0090-D-2014', 0)":" "}}