{"Tipo de Proyecto":{"('0091-S-2014', 0)":"PROYECTO DE LEY","('0091-S-2014', 1)":null},"Iniciado en: ":{"('0091-S-2014', 0)":"Senado","('0091-S-2014', 1)":null},"Expediente Diputados: ":{"('0091-S-2014', 0)":"0091-S-2014","('0091-S-2014', 1)":null},"Expediente Senado: ":{"('0091-S-2014', 0)":"2019-S-2014","('0091-S-2014', 1)":null},"Publicado en: ":{"('0091-S-2014', 0)":"Diario de Asuntos Entrados N\u00b0 99","('0091-S-2014', 1)":null},"Fecha: ":{"('0091-S-2014', 0)":"25\/06\/2014","('0091-S-2014', 1)":null},"T\u00edtulo":{"('0091-S-2014', 0)":"SUSTITUCION DEL ARTICULO 179 DE LA LEY 20744 (CONTRATO DE TRABAJO), INCORPORANDO LA REDUCCION PROPORCIONAL DE LOS DESCANSO DIARIOS POR LACTANCIA, CUANDO LA TRABAJADORA PRESTE SERVICIOS EN JORNADA REDUCIDA. ","('0091-S-2014', 1)":null},"('Firmantes', 'FIRMANTE')":{"('0091-S-2014', 0)":"RIOFRIO, MARINA RAQUEL","('0091-S-2014', 1)":null},"('Firmantes', 'DISTRITO')":{"('0091-S-2014', 0)":"SAN JUAN","('0091-S-2014', 1)":null},"('Firmantes', 'BLOQUE')":{"('0091-S-2014', 0)":"FRENTE PARA LA VICTORIA - PJ","('0091-S-2014', 1)":null},"('Giros', 'COMISI\u00d3N')":{"('0091-S-2014', 0)":"LEGISLACION DEL TRABAJO","('0091-S-2014', 1)":"FAMILIA, MUJER, NI\u00d1EZ Y ADOLESCENCIA"},"('Tramites', 'C\u00c1MARA')":{"('0091-S-2014', 0)":"Senado","('0091-S-2014', 1)":"Diputados"},"('Tramites', 'MOVIMIENTO')":{"('0091-S-2014', 0)":"CONSIDERACION Y APROBACION","('0091-S-2014', 1)":"PASA A DIPUTADOS -"},"('Tramites', 'FECHA')":{"('0091-S-2014', 0)":"03\/12\/2014","('0091-S-2014', 1)":null},"('Tramites', 'RESULTADO')":{"('0091-S-2014', 0)":"MEDIA SANCION","('0091-S-2014', 1)":null},"Link":{"('0091-S-2014', 0)":"http:\/\/www.senado.gov.ar\/parlamentario\/comisiones\/verExp\/2019.14\/S\/PL","('0091-S-2014', 1)":null},"Palabra Clave":{"('0091-S-2014', 0)":" ","('0091-S-2014', 1)":null}}