{"Tipo de Proyecto":{"('0091-D-2014', 0)":"PROYECTO DE DECLARACI\u00d3N"},"Iniciado en: ":{"('0091-D-2014', 0)":"Diputados"},"Expediente Diputados: ":{"('0091-D-2014', 0)":"0091-D-2014"},"Publicado en: ":{"('0091-D-2014', 0)":"Tr\u00e1mite Parlamentario N\u00b0 1"},"Fecha: ":{"('0091-D-2014', 0)":"05\/03\/2014"},"T\u00edtulo":{"('0091-D-2014', 0)":"SOLICITAR AL PODER EJECUTIVO DISPONGA LAS MEDIDAS NECESARIAS PARA LA CONSTRUCCION DE UNA ROTONDA EN LA RUTA NACIONAL 51 EN LA ENTRADA DE LA LOCALIDAD DE LA SILLETA, DEPARTAMENTO DE ROSARIO DE LERMA, PROVINCIA DE SALTA."},"('Firmantes', 'FIRMANTE')":{"('0091-D-2014', 0)":"VILARI\u00d1O, JOSE ANTONIO"},"('Firmantes', 'DISTRITO')":{"('0091-D-2014', 0)":"SALTA"},"('Firmantes', 'BLOQUE')":{"('0091-D-2014', 0)":"FRENTE PARA LA VICTORIA - PJ"},"('Giros', 'COMISI\u00d3N')":{"('0091-D-2014', 0)":"TRANSPORTES"},"Link":{"('0091-D-2014', 0)":"https:\/\/www.hcdn.gob.ar\/proyectos\/textoCompleto.jsp?exp=0091-D-2014&tipo=DECLARACION"},"Palabra Clave":{"('0091-D-2014', 0)":" "}}