{"Tipo de Proyecto":{"('0093-S-2014', 0)":"PROYECTO DE DECLARACI\u00d3N"},"Iniciado en: ":{"('0093-S-2014', 0)":"Senado"},"Expediente Senado: ":{"('0093-S-2014', 0)":"0093-S-2014"},"Publicado en: ":{"('0093-S-2014', 0)":"Diario de Asuntos Entrados N\u00b0 5"},"Fecha: ":{"('0093-S-2014', 0)":"05\/03\/2014"},"T\u00edtulo":{"('0093-S-2014', 0)":"RENDIR HOMENAJE A LA MEMORIA DEL ARTISTA ANTONIO BERNI, AL CUMPLIRSE EL 13 DE OCTUBRE DE 2014 UN NUEVO ANIVERSARIO DE SU FALLECIMIENTO, OCURRIDO EN EL A\u00d1O 1981."},"('Firmantes', 'FIRMANTE')":{"('0093-S-2014', 0)":"ITURREZ DE CAPPELLINI, ADA ROSA DEL VALLE"},"('Firmantes', 'DISTRITO')":{"('0093-S-2014', 0)":"SANTIAGO DEL ESTERO"},"('Firmantes', 'BLOQUE')":{"('0093-S-2014', 0)":"FRENTE CIVICO POR SANTIAGO"},"('Tramites', 'C\u00c1MARA')":{"('0093-S-2014', 0)":"Senado"},"('Tramites', 'MOVIMIENTO')":{"('0093-S-2014', 0)":"CONSIDERACION Y APROBACION"},"('Tramites', 'FECHA')":{"('0093-S-2014', 0)":"17\/09\/2014"},"('Tramites', 'RESULTADO')":{"('0093-S-2014', 0)":"APROBADO"},"Link":{"('0093-S-2014', 0)":"http:\/\/www.senado.gov.ar\/parlamentario\/comisiones\/verExp\/93.14\/S\/PD"},"Palabra Clave":{"('0093-S-2014', 0)":" "}}