{"Tipo de Proyecto":{"('0093-D-2014', 0)":"PROYECTO DE DECLARACI\u00d3N"},"Iniciado en: ":{"('0093-D-2014', 0)":"Diputados"},"Expediente Diputados: ":{"('0093-D-2014', 0)":"0093-D-2014"},"Publicado en: ":{"('0093-D-2014', 0)":"Tr\u00e1mite Parlamentario N\u00b0 1"},"Fecha: ":{"('0093-D-2014', 0)":"05\/03\/2014"},"T\u00edtulo":{"('0093-D-2014', 0)":"SOLICITAR AL PODER EJECUTIVO DISPONGA LA REALIZACION DE TRABAJOS DE REPAVIMENTACION Y SE\u00d1ALAMIENTO EN LA TRAZA DE LA AUTOPISTA - RUTA NACIONAL 34\/9 EN EL TRAMO DEPARTAMENTO DE GENERAL G\u00dcEMES - DEPARTAMENTO METAN, PROVINCIA DE SALTA."},"('Firmantes', 'FIRMANTE')":{"('0093-D-2014', 0)":"VILARI\u00d1O, JOSE ANTONIO"},"('Firmantes', 'DISTRITO')":{"('0093-D-2014', 0)":"SALTA"},"('Firmantes', 'BLOQUE')":{"('0093-D-2014', 0)":"FRENTE PARA LA VICTORIA - PJ"},"('Giros', 'COMISI\u00d3N')":{"('0093-D-2014', 0)":"TRANSPORTES"},"Link":{"('0093-D-2014', 0)":"https:\/\/www.hcdn.gob.ar\/proyectos\/textoCompleto.jsp?exp=0093-D-2014&tipo=DECLARACION"},"Palabra Clave":{"('0093-D-2014', 0)":" "}}