{"Tipo de Proyecto":{"('0094-S-2014', 0)":"PROYECTO DE DECLARACI\u00d3N","('0094-S-2014', 1)":null},"Iniciado en: ":{"('0094-S-2014', 0)":"Senado","('0094-S-2014', 1)":null},"Expediente Senado: ":{"('0094-S-2014', 0)":"0094-S-2014","('0094-S-2014', 1)":null},"Publicado en: ":{"('0094-S-2014', 0)":"Diario de Asuntos Entrados N\u00b0 5","('0094-S-2014', 1)":null},"Fecha: ":{"('0094-S-2014', 0)":"05\/03\/2014","('0094-S-2014', 1)":null},"T\u00edtulo":{"('0094-S-2014', 0)":"RENDIR HOMENAJE AL EXPRESIDENTE DE LA NACION NESTOR KIRCHNER AL CUMPLIRSE UN NUEVO ANIVERSARIO DE SU NACIMIENTO EL 25 DE FEBRERO.","('0094-S-2014', 1)":null},"('Firmantes', 'FIRMANTE')":{"('0094-S-2014', 0)":"ITURREZ DE CAPPELLINI, ADA ROSA DEL VALLE","('0094-S-2014', 1)":null},"('Firmantes', 'DISTRITO')":{"('0094-S-2014', 0)":"SANTIAGO DEL ESTERO","('0094-S-2014', 1)":null},"('Firmantes', 'BLOQUE')":{"('0094-S-2014', 0)":"FRENTE CIVICO POR SANTIAGO","('0094-S-2014', 1)":null},"('Tramites', 'C\u00c1MARA')":{"('0094-S-2014', 0)":"Senado","('0094-S-2014', 1)":"Senado"},"('Tramites', 'MOVIMIENTO')":{"('0094-S-2014', 0)":"MOCION SOBRE TABLAS (AFIRMATIVA)","('0094-S-2014', 1)":"CONSIDERACION Y APROBACION"},"('Tramites', 'FECHA')":{"('0094-S-2014', 0)":"09\/04\/2014","('0094-S-2014', 1)":"09\/04\/2014"},"('Tramites', 'RESULTADO')":{"('0094-S-2014', 0)":null,"('0094-S-2014', 1)":"APROBADO"},"Link":{"('0094-S-2014', 0)":"http:\/\/www.senado.gov.ar\/parlamentario\/comisiones\/verExp\/94.14\/S\/PD","('0094-S-2014', 1)":null},"Palabra Clave":{"('0094-S-2014', 0)":" ","('0094-S-2014', 1)":null}}