{"Tipo de Proyecto":{"('0094-D-2014', 0)":"PROYECTO DE RESOLUCI\u00d3N"},"Iniciado en: ":{"('0094-D-2014', 0)":"Diputados"},"Expediente Diputados: ":{"('0094-D-2014', 0)":"0094-D-2014"},"Publicado en: ":{"('0094-D-2014', 0)":"Tr\u00e1mite Parlamentario N\u00b0 1"},"Fecha: ":{"('0094-D-2014', 0)":"05\/03\/2014"},"T\u00edtulo":{"('0094-D-2014', 0)":"EXPRESAR RECONOCIMIENTO A LA TRAYECTORIA  DEL GUITARRISTA FLAMENCO PACO DE LUCIA, Y PESAR POR SU FALLECIMIENTO"},"('Firmantes', 'FIRMANTE')":{"('0094-D-2014', 0)":"BRAWER, MARA"},"('Firmantes', 'DISTRITO')":{"('0094-D-2014', 0)":"CIUDAD de BUENOS AIRES"},"('Firmantes', 'BLOQUE')":{"('0094-D-2014', 0)":"FRENTE PARA LA VICTORIA - PJ"},"('Giros', 'COMISI\u00d3N')":{"('0094-D-2014', 0)":"CULTURA"},"('Tramites', 'C\u00c1MARA')":{"('0094-D-2014', 0)":"Diputados"},"('Tramites', 'MOVIMIENTO')":{"('0094-D-2014', 0)":"APROBACION ARTICULO 114 DEL REGLAMENTO DE LA H CAMARA DE DIPUTADOS; COMUNICADO EL 04\/06\/2014"},"('Tramites', 'FECHA')":{"('0094-D-2014', 0)":null},"('Tramites', 'RESULTADO')":{"('0094-D-2014', 0)":"APROBADO"},"Link":{"('0094-D-2014', 0)":"https:\/\/www.hcdn.gob.ar\/proyectos\/textoCompleto.jsp?exp=0094-D-2014&tipo=RESOLUCION"},"Palabra Clave":{"('0094-D-2014', 0)":" "}}