{"Tipo de Proyecto":{"('0095-S-2014', 0)":"PROYECTO DE LEY","('0095-S-2014', 1)":null,"('0095-S-2014', 2)":null},"Iniciado en: ":{"('0095-S-2014', 0)":"Senado","('0095-S-2014', 1)":null,"('0095-S-2014', 2)":null},"Expediente Diputados: ":{"('0095-S-2014', 0)":"0095-S-2014","('0095-S-2014', 1)":null,"('0095-S-2014', 2)":null},"Expediente Senado: ":{"('0095-S-2014', 0)":"1073-S-2014","('0095-S-2014', 1)":null,"('0095-S-2014', 2)":null},"Publicado en: ":{"('0095-S-2014', 0)":"Diario de Asuntos Entrados N\u00b0 53","('0095-S-2014', 1)":null,"('0095-S-2014', 2)":null},"Fecha: ":{"('0095-S-2014', 0)":"22\/04\/2014","('0095-S-2014', 1)":null,"('0095-S-2014', 2)":null},"T\u00edtulo":{"('0095-S-2014', 0)":"DESIGNAR A LA CIUDAD DE COMODORO RIVADAVIA. PROVINCIA DE CHUBUT, CAPITAL NACIONAL DEL PETROLEO, EN RECONOCIMIENTO A SU PAPEL PROTAGONICO EN EL NACIMIENTO Y DESARROLLO DE LA EXPLOTACION HIDROCARBURIFERA EN EL PAIS.","('0095-S-2014', 1)":null,"('0095-S-2014', 2)":null},"('Firmantes', 'FIRMANTE')":{"('0095-S-2014', 0)":"GUINLE, MARCELO ALEJANDRO","('0095-S-2014', 1)":null,"('0095-S-2014', 2)":null},"('Firmantes', 'DISTRITO')":{"('0095-S-2014', 0)":"CHUBUT","('0095-S-2014', 1)":null,"('0095-S-2014', 2)":null},"('Firmantes', 'BLOQUE')":{"('0095-S-2014', 0)":"FRENTE PARA LA VICTORIA - PJ","('0095-S-2014', 1)":null,"('0095-S-2014', 2)":null},"('Giros', 'COMISI\u00d3N')":{"('0095-S-2014', 0)":"ENERGIA Y COMBUSTIBLES","('0095-S-2014', 1)":"LEGISLACION GENERAL","('0095-S-2014', 2)":null},"('Tramites', 'C\u00c1MARA')":{"('0095-S-2014', 0)":"Senado","('0095-S-2014', 1)":"Diputados","('0095-S-2014', 2)":"Diputados"},"('Tramites', 'MOVIMIENTO')":{"('0095-S-2014', 0)":"CONSIDERACION Y APROBACION","('0095-S-2014', 1)":"PASA A DIPUTADOS -","('0095-S-2014', 2)":"CONSIDERACION Y SANCION"},"('Tramites', 'FECHA')":{"('0095-S-2014', 0)":"03\/12\/2014","('0095-S-2014', 1)":null,"('0095-S-2014', 2)":"14\/09\/2016"},"('Tramites', 'RESULTADO')":{"('0095-S-2014', 0)":"MEDIA SANCION","('0095-S-2014', 1)":null,"('0095-S-2014', 2)":"SANCIONADO"},"Link":{"('0095-S-2014', 0)":"http:\/\/www.senado.gov.ar\/parlamentario\/comisiones\/verExp\/1073.14\/S\/PL","('0095-S-2014', 1)":null,"('0095-S-2014', 2)":null},"Palabra Clave":{"('0095-S-2014', 0)":" ","('0095-S-2014', 1)":null,"('0095-S-2014', 2)":null}}