{"Tipo de Proyecto":{"('0095-PE-2014', 0)":"MENSAJE NRO \/ A\u00d1O"},"Iniciado en: ":{"('0095-PE-2014', 0)":"Senado"},"Expediente Senado: ":{"('0095-PE-2014', 0)":"0095-PE-2014"},"Fecha: ":{"('0095-PE-2014', 0)":"14\/05\/2015"},"T\u00edtulo":{"('0095-PE-2014', 0)":"JEFATURA DE GABINETE DE MINISTROS REMITE RESPUESTAS ENVIADAS POR EL MINISTERIO DE ECONOMIA Y FINANZAS PUBLICAS SOBRE LOS ESTADOS FINANCIEROS POR EL EJERCICIO 2 FINALIZADO EL 31 DE DICIEMBRE DE 2009, CORRESPONDIENTES AL PROYECTO DE SERVICIOS BASICOS MUNICIPALES - CONVENIO DE PRESTAMO 7385-AR BIRF (0095-PE-14) Y POR EL MINISTERIO DE PLANIFICACION FEDERAL, INVERSION PUBLICA Y SERVICIOS SOBRE LOS ESTADOS FINANCIEROS POR EL EJERCICIO 2, FINALIZADO EL 31 DE DICIEMBRE DE 2009, CORRESPONDIENTES AL PROYECTO DE SERVICIOS BASICOS MUNICIPALES - CONVENIO DE PRESTAMO 7385-AR BIRF (0246-PE-14)."},"('Firmantes', 'FIRMANTE')":{"('0095-PE-2014', 0)":"PARLAMENTARIA MIXTA REVISORA DE CUENTAS"},"('Firmantes', 'DISTRITO')":{"('0095-PE-2014', 0)":null},"('Firmantes', 'BLOQUE')":{"('0095-PE-2014', 0)":null},"('Tramites', 'C\u00c1MARA')":{"('0095-PE-2014', 0)":"Senado"},"('Tramites', 'MOVIMIENTO')":{"('0095-PE-2014', 0)":"CONSIDERACION Y APROBACION (AL ARCHIVO)"},"('Tramites', 'FECHA')":{"('0095-PE-2014', 0)":"02\/11\/2016"},"('Tramites', 'RESULTADO')":{"('0095-PE-2014', 0)":"APROBADO"},"Sumario":{"('0095-PE-2014', 0)":"HABIENDO TOMADO CONOCIMIENTO Y SIN PERJUICIO DE ULTERIORES MEDIDAS QUE PUEDAN ADOPTARSE, SE ACONSEJA SU REMISION AL ARCHIVO."},"Palabra Clave":{"('0095-PE-2014', 0)":" "}}