{"Tipo de Proyecto":{"('0096-S-2014', 0)":"PROYECTO DE LEY","('0096-S-2014', 1)":null},"Iniciado en: ":{"('0096-S-2014', 0)":"Senado","('0096-S-2014', 1)":null},"Expediente Diputados: ":{"('0096-S-2014', 0)":"0096-S-2014","('0096-S-2014', 1)":null},"Expediente Senado: ":{"('0096-S-2014', 0)":"3262-S-2014","('0096-S-2014', 1)":null},"Publicado en: ":{"('0096-S-2014', 0)":"Diario de Asuntos Entrados N\u00b0 163","('0096-S-2014', 1)":null},"Fecha: ":{"('0096-S-2014', 0)":"06\/10\/2014","('0096-S-2014', 1)":null},"T\u00edtulo":{"('0096-S-2014', 0)":"IMPONER EL NOMBRE DE PRESIDENTE RAUL RICARDO ALFONSIN, AL PUENTE BASCULANTE FERROCARRETERO SITUADO SOBRE EL RIO NEGRO, QUE UNE LAS CIUDADES DE VIEDMA, CAPITAL DE LA PROVINCIA DE RIO NEGRO, Y CARMEN DE PATAGONES, PROVINCIA DE BUENOS AIRES.","('0096-S-2014', 1)":null},"('Firmantes', 'FIRMANTE')":{"('0096-S-2014', 0)":"LINARES, JAIME","('0096-S-2014', 1)":"ODARDA, MARIA MAGDALENA"},"('Firmantes', 'DISTRITO')":{"('0096-S-2014', 0)":"BUENOS AIRES","('0096-S-2014', 1)":"RIO NEGRO"},"('Firmantes', 'BLOQUE')":{"('0096-S-2014', 0)":"GEN","('0096-S-2014', 1)":"FRENTE PROGRESISTA - CCARI"},"('Giros', 'COMISI\u00d3N')":{"('0096-S-2014', 0)":"TRANSPORTES","('0096-S-2014', 1)":null},"('Tramites', 'C\u00c1MARA')":{"('0096-S-2014', 0)":"Senado","('0096-S-2014', 1)":"Diputados"},"('Tramites', 'MOVIMIENTO')":{"('0096-S-2014', 0)":"CONSIDERACION Y APROBACION","('0096-S-2014', 1)":"PASA A DIPUTADOS -"},"('Tramites', 'FECHA')":{"('0096-S-2014', 0)":"03\/12\/2014","('0096-S-2014', 1)":null},"('Tramites', 'RESULTADO')":{"('0096-S-2014', 0)":"MEDIA SANCION","('0096-S-2014', 1)":null},"Link":{"('0096-S-2014', 0)":"http:\/\/www.senado.gov.ar\/parlamentario\/comisiones\/verExp\/3262.14\/S\/PL","('0096-S-2014', 1)":null},"Palabra Clave":{"('0096-S-2014', 0)":" ","('0096-S-2014', 1)":null}}