{"Tipo de Proyecto":{"('0096-PE-2014', 0)":"MENSAJE NRO \/ A\u00d1O"},"Iniciado en: ":{"('0096-PE-2014', 0)":"Senado"},"Expediente Senado: ":{"('0096-PE-2014', 0)":"0096-PE-2014"},"Fecha: ":{"('0096-PE-2014', 0)":"14\/05\/2015"},"T\u00edtulo":{"('0096-PE-2014', 0)":"JEFATURA DE GABINETE DE MINISTROS REMITE RESPUESTA ENVIADA POR EL MINISTERIO DE ECONOMIA Y FINANZAS PUBLICAS, SOBRE EL INFORME DE LOS AUDITORES, REFERIDO AL BANCO DE INVERSION Y COMERCIO EXTERIOR S.A., ESTADOS CONTABLES AL 31 DE DICIEMBRE DE 2010."},"('Firmantes', 'FIRMANTE')":{"('0096-PE-2014', 0)":"PARLAMENTARIA MIXTA REVISORA DE CUENTAS"},"('Firmantes', 'DISTRITO')":{"('0096-PE-2014', 0)":null},"('Firmantes', 'BLOQUE')":{"('0096-PE-2014', 0)":null},"('Tramites', 'C\u00c1MARA')":{"('0096-PE-2014', 0)":"Senado"},"('Tramites', 'MOVIMIENTO')":{"('0096-PE-2014', 0)":"CONSIDERACION Y APROBACION (AL ARCHIVO)"},"('Tramites', 'FECHA')":{"('0096-PE-2014', 0)":"02\/11\/2016"},"('Tramites', 'RESULTADO')":{"('0096-PE-2014', 0)":"APROBADO"},"Sumario":{"('0096-PE-2014', 0)":"HABIENDO TOMADO CONOCIMIENTO Y SIN PERJUICIO DE ULTERIORES MEDIDAS QUE PUEDAN ADOPTARSE, SE ACONSEJA SU REMISION AL ARCHIVO."},"Palabra Clave":{"('0096-PE-2014', 0)":" "}}