{"Tipo de Proyecto":{"('0096-OV-2014', 0)":"PROYECTO DE RESOLUCI\u00d3N"},"Iniciado en: ":{"('0096-OV-2014', 0)":"Senado"},"Expediente Senado: ":{"('0096-OV-2014', 0)":"0096-OV-2014"},"Fecha: ":{"('0096-OV-2014', 0)":"03\/11\/2017"},"T\u00edtulo":{"('0096-OV-2014', 0)":"RESOLUCION REMITIDA POR LA AUDITORIA GENERAL DE LA NACION 55\/14, APROBANDO EL INFORME DE AUDITORIA INDEPENDIENTE SOBRE LOS ESTADOS FINANCIEROS DEL \"PROGRAMA DE INNOVACION TECNOLOGICA II\" (PIT II), CONTRATO DE PRESTAMO 2437\/OC-AR BID, EJERCICIO NUMERO 3 FINALIZADO EL 31\/12\/2013."},"('Firmantes', 'FIRMANTE')":{"('0096-OV-2014', 0)":"PARLAMENTARIA MIXTA REVISORA DE CUENTAS"},"('Firmantes', 'DISTRITO')":{"('0096-OV-2014', 0)":null},"('Firmantes', 'BLOQUE')":{"('0096-OV-2014', 0)":null},"Sumario":{"('0096-OV-2014', 0)":"HABIENDO TOMADO CONOCIMIENTO Y SIN PERJUICIO DE ULTERIORES MEDIDAS QUE PUEDAN ADOPTARSE, SE ACONSEJA SU REMISION AL ARCHIVO."},"Palabra Clave":{"('0096-OV-2014', 0)":" "}}