{"Tipo de Proyecto":{"('0097-S-2014', 0)":"PROYECTO DE LEY","('0097-S-2014', 1)":null,"('0097-S-2014', 2)":null,"('0097-S-2014', 3)":null,"('0097-S-2014', 4)":null,"('0097-S-2014', 5)":null},"Iniciado en: ":{"('0097-S-2014', 0)":"Senado","('0097-S-2014', 1)":null,"('0097-S-2014', 2)":null,"('0097-S-2014', 3)":null,"('0097-S-2014', 4)":null,"('0097-S-2014', 5)":null},"Expediente Diputados: ":{"('0097-S-2014', 0)":"0097-S-2014","('0097-S-2014', 1)":null,"('0097-S-2014', 2)":null,"('0097-S-2014', 3)":null,"('0097-S-2014', 4)":null,"('0097-S-2014', 5)":null},"Expediente Senado: ":{"('0097-S-2014', 0)":"0046-S-2014","('0097-S-2014', 1)":null,"('0097-S-2014', 2)":null,"('0097-S-2014', 3)":null,"('0097-S-2014', 4)":null,"('0097-S-2014', 5)":null},"Publicado en: ":{"('0097-S-2014', 0)":"Diario de Asuntos Entrados N\u00b0 3","('0097-S-2014', 1)":null,"('0097-S-2014', 2)":null,"('0097-S-2014', 3)":null,"('0097-S-2014', 4)":null,"('0097-S-2014', 5)":null},"Fecha: ":{"('0097-S-2014', 0)":"05\/03\/2014","('0097-S-2014', 1)":null,"('0097-S-2014', 2)":null,"('0097-S-2014', 3)":null,"('0097-S-2014', 4)":null,"('0097-S-2014', 5)":null},"T\u00edtulo":{"('0097-S-2014', 0)":"MODIFICACION DE LA LEY 20744 DE CONTRATO DE TRABAJO; SUSTITUCION DEL ARTICULO 52 (INCLUSION DE LA CARGA HORARIA DEL TRABAJADOR).","('0097-S-2014', 1)":null,"('0097-S-2014', 2)":null,"('0097-S-2014', 3)":null,"('0097-S-2014', 4)":null,"('0097-S-2014', 5)":null},"('Firmantes', 'FIRMANTE')":{"('0097-S-2014', 0)":"PEREYRA, GUILLERMO JUAN","('0097-S-2014', 1)":"CREXELL, CARMEN LUCILA","('0097-S-2014', 2)":null,"('0097-S-2014', 3)":null,"('0097-S-2014', 4)":null,"('0097-S-2014', 5)":null},"('Firmantes', 'DISTRITO')":{"('0097-S-2014', 0)":"NEUQUEN","('0097-S-2014', 1)":"NEUQUEN","('0097-S-2014', 2)":null,"('0097-S-2014', 3)":null,"('0097-S-2014', 4)":null,"('0097-S-2014', 5)":null},"('Firmantes', 'BLOQUE')":{"('0097-S-2014', 0)":"MOV POP NEUQUINO","('0097-S-2014', 1)":"MOV POP NEUQUINO","('0097-S-2014', 2)":null,"('0097-S-2014', 3)":null,"('0097-S-2014', 4)":null,"('0097-S-2014', 5)":null},"('Giros', 'COMISI\u00d3N')":{"('0097-S-2014', 0)":"LEGISLACION DEL TRABAJO","('0097-S-2014', 1)":null,"('0097-S-2014', 2)":null,"('0097-S-2014', 3)":null,"('0097-S-2014', 4)":null,"('0097-S-2014', 5)":null},"('Tramites', 'C\u00c1MARA')":{"('0097-S-2014', 0)":"Senado","('0097-S-2014', 1)":"Senado","('0097-S-2014', 2)":"Senado","('0097-S-2014', 3)":"Senado","('0097-S-2014', 4)":"Diputados","('0097-S-2014', 5)":"Senado"},"('Tramites', 'MOVIMIENTO')":{"('0097-S-2014', 0)":"CITACION SESION ESPECIAL","('0097-S-2014', 1)":"MOCION DE PREFERENCIA PARA LA PROXIMA SESION CON DICTAMEN (AFIRMATIVA)","('0097-S-2014', 2)":"CONSIDERACION Y APROBACION","('0097-S-2014', 3)":"INSERCION DEL SENADOR PEREYRA","('0097-S-2014', 4)":"PASA A DIPUTADOS -","('0097-S-2014', 5)":"REPRODUCIDO POR EXPEDIENTE 0159-S-16"},"('Tramites', 'FECHA')":{"('0097-S-2014', 0)":"19\/11\/2014","('0097-S-2014', 1)":"19\/11\/2014","('0097-S-2014', 2)":"03\/12\/2014","('0097-S-2014', 3)":"03\/12\/2014","('0097-S-2014', 4)":null,"('0097-S-2014', 5)":null},"('Tramites', 'RESULTADO')":{"('0097-S-2014', 0)":null,"('0097-S-2014', 1)":null,"('0097-S-2014', 2)":"MEDIA SANCION","('0097-S-2014', 3)":null,"('0097-S-2014', 4)":null,"('0097-S-2014', 5)":null},"Link":{"('0097-S-2014', 0)":"http:\/\/www.senado.gov.ar\/parlamentario\/comisiones\/verExp\/46.14\/S\/PL","('0097-S-2014', 1)":null,"('0097-S-2014', 2)":null,"('0097-S-2014', 3)":null,"('0097-S-2014', 4)":null,"('0097-S-2014', 5)":null},"Palabra Clave":{"('0097-S-2014', 0)":" ","('0097-S-2014', 1)":null,"('0097-S-2014', 2)":null,"('0097-S-2014', 3)":null,"('0097-S-2014', 4)":null,"('0097-S-2014', 5)":null}}