{"Tipo de Proyecto":{"('0099-S-2014', 0)":"PROYECTO DE LEY","('0099-S-2014', 1)":null},"Iniciado en: ":{"('0099-S-2014', 0)":"Senado","('0099-S-2014', 1)":null},"Expediente Senado: ":{"('0099-S-2014', 0)":"0099-S-2014","('0099-S-2014', 1)":null},"Publicado en: ":{"('0099-S-2014', 0)":"Diario de Asuntos Entrados N\u00b0 5","('0099-S-2014', 1)":null},"Fecha: ":{"('0099-S-2014', 0)":"05\/03\/2014","('0099-S-2014', 1)":null},"T\u00edtulo":{"('0099-S-2014', 0)":"PLAN NACIONAL DE EFICIENCIA ENERGETICA EN EDIFICIOS NUEVOS DEL SECTOR PUBLICO NACIONAL.","('0099-S-2014', 1)":null},"('Firmantes', 'FIRMANTE')":{"('0099-S-2014', 0)":"RODRIGUEZ SAA, ADOLFO","('0099-S-2014', 1)":"NEGRE DE ALONSO, LILIANA T."},"('Firmantes', 'DISTRITO')":{"('0099-S-2014', 0)":"SAN LUIS","('0099-S-2014', 1)":"SAN LUIS"},"('Firmantes', 'BLOQUE')":{"('0099-S-2014', 0)":"JUSTICIALISTA SAN LUIS","('0099-S-2014', 1)":"JUSTICIALISTA SAN LUIS"},"Sumario":{"('0099-S-2014', 0)":"USO RACIONAL DE LA ENERGIA; USO DE ENERGIA SOLAR TERMICA U OTRA FUENTE DE ENERGIA RENOVABLE.","('0099-S-2014', 1)":null},"Palabra Clave":{"('0099-S-2014', 0)":" ","('0099-S-2014', 1)":null}}