{"Tipo de Proyecto":{"('0100-OV-2014', 0)":"PROYECTO DE RESOLUCI\u00d3N"},"Iniciado en: ":{"('0100-OV-2014', 0)":"Senado"},"Expediente Senado: ":{"('0100-OV-2014', 0)":"0100-OV-2014"},"Fecha: ":{"('0100-OV-2014', 0)":"17\/09\/2015"},"T\u00edtulo":{"('0100-OV-2014', 0)":"RESOLUCION REMITIDA POR LA AUDITORIA GENERAL DE LA NACION 59\/14, APROBANDO EL INFORME DE AUDITORIA (CON SALVEDADES) REFERIDO A LOS ESTADOS FINANCIEROS DEL PROYECTO PNUD ARG\/O8\/015 \"APOYO AL PROGRAMA FEDERAL DE PRODUCCION LIMPIA Y CONSUMO SUSTENTABLE\", EJERCICIO 5 FINALIZADO EL 31 DE DICIEMBRE DE 2013."},"('Firmantes', 'FIRMANTE')":{"('0100-OV-2014', 0)":"PARLAMENTARIA MIXTA REVISORA DE CUENTAS"},"('Firmantes', 'DISTRITO')":{"('0100-OV-2014', 0)":null},"('Firmantes', 'BLOQUE')":{"('0100-OV-2014', 0)":null},"('Tramites', 'C\u00c1MARA')":{"('0100-OV-2014', 0)":"Senado"},"('Tramites', 'MOVIMIENTO')":{"('0100-OV-2014', 0)":"CONSIDERACION Y APROBACION (AL ARCHIVO)"},"('Tramites', 'FECHA')":{"('0100-OV-2014', 0)":"02\/11\/2016"},"('Tramites', 'RESULTADO')":{"('0100-OV-2014', 0)":"APROBADO"},"Sumario":{"('0100-OV-2014', 0)":"HABIENDO TOMADO CONOCIMIENTO Y SIN PERJUICIO DE ULTERIORES MEDIDAS QUE PUEDAN ADOPTARSE, SE ACONSEJA SU REMISION AL ARCHIVO."},"Palabra Clave":{"('0100-OV-2014', 0)":" "}}