{"Tipo de Proyecto":{"('0101-OV-2014', 0)":"PROYECTO DE RESOLUCI\u00d3N"},"Iniciado en: ":{"('0101-OV-2014', 0)":"Senado"},"Expediente Senado: ":{"('0101-OV-2014', 0)":"0101-OV-2014"},"Publicado en: ":{"('0101-OV-2014', 0)":"Diario de Asuntos Entrados N\u00b0 0"},"Fecha: ":{"('0101-OV-2014', 0)":"13\/07\/2018"},"T\u00edtulo":{"('0101-OV-2014', 0)":"DICTAMEN EN LA RESOLUCION REMITIDA POR LA AUDITORIA GENERAL DE LA NACION 60\/14, REFERIDA AL PROGRAMA DE GESTION AMBIENTAL PARA UNA PRODUCCION SUSTENTABLE EN EL SECTOR PRODUCTIVO, SUBPROGRAMA I: PROMOCION DE LA PRODUCCION LIMPIA, CONTRATO DE PRESTAMO 1865\/OC-AR BIS, EJERCICIO FINALIZADO EL 31\/12\/2013."},"('Firmantes', 'FIRMANTE')":{"('0101-OV-2014', 0)":"PARLAMENTARIA MIXTA REVISORA DE CUENTAS"},"('Firmantes', 'DISTRITO')":{"('0101-OV-2014', 0)":null},"('Firmantes', 'BLOQUE')":{"('0101-OV-2014', 0)":null},"Sumario":{"('0101-OV-2014', 0)":"HABIENDO TOMADO CONOCIMIENTO Y SIN PERJUICIO DE ULTERIORES MEDIDAS QUE PUEDAN ADOPTARSE, SE ACONSEJA SU REMISION AL ARCHIVO."},"Palabra Clave":{"('0101-OV-2014', 0)":" "}}