{"Tipo de Proyecto":{"('0102-PE-2014', 0)":"MENSAJE NRO \/ A\u00d1O"},"Iniciado en: ":{"('0102-PE-2014', 0)":"Senado"},"Expediente Senado: ":{"('0102-PE-2014', 0)":"0102-PE-2014"},"Fecha: ":{"('0102-PE-2014', 0)":"13\/03\/2015"},"T\u00edtulo":{"('0102-PE-2014', 0)":"JEFATURA DE GABINETE DE MINISTROS REMITE RESPUESTA ENVIADA POR EL MINISTERIO DE RELACIONES EXTERIORES Y CULTO, SOBRE EL CIRCUITO OPERATIVO DE INFORMACION DEL MERCOSUR."},"('Firmantes', 'FIRMANTE')":{"('0102-PE-2014', 0)":"PARLAMENTARIA MIXTA REVISORA DE CUENTAS"},"('Firmantes', 'DISTRITO')":{"('0102-PE-2014', 0)":null},"('Firmantes', 'BLOQUE')":{"('0102-PE-2014', 0)":null},"('Tramites', 'C\u00c1MARA')":{"('0102-PE-2014', 0)":"Senado"},"('Tramites', 'MOVIMIENTO')":{"('0102-PE-2014', 0)":"CONSIDERACION Y APROBACION (AL ARCHIVO)"},"('Tramites', 'FECHA')":{"('0102-PE-2014', 0)":"02\/11\/2016"},"('Tramites', 'RESULTADO')":{"('0102-PE-2014', 0)":"APROBADO"},"Sumario":{"('0102-PE-2014', 0)":"HABIENDO TOMADO CONOCIMIENTO Y SIN PERJUICIO DE ULTERIORES MEDIDAS QUE PUEDAN ADOPTARSE, SE ACONSEJA SU REMISION AL ARCHIVO."},"Palabra Clave":{"('0102-PE-2014', 0)":" "}}