{"Tipo de Proyecto":{"('0104-PE-2014', 0)":"MENSAJE NRO \/ A\u00d1O"},"Iniciado en: ":{"('0104-PE-2014', 0)":"Senado"},"Expediente Senado: ":{"('0104-PE-2014', 0)":"0104-PE-2014"},"Fecha: ":{"('0104-PE-2014', 0)":"14\/05\/2015"},"T\u00edtulo":{"('0104-PE-2014', 0)":"JEFATURA DE GABINETE DE MINISTROS REMITE RESPUESTA ENVIADA POR EL MINISTERIO DE DE TRABAJO, EMPLEO Y SEGURIDAD SOCIAL, REFERIDO A LA ADMINISTRACION NACIONAL DE LA SEGURIDAD SOCIAL (ANSES) OBLIGACIONES A CARGO DE LA ANSES: PAGO DE SUMAS ADEUDADAS A JUBILADOS Y PENSIONADOS MAYORES DE 75 A\u00d1OS."},"('Firmantes', 'FIRMANTE')":{"('0104-PE-2014', 0)":"PARLAMENTARIA MIXTA REVISORA DE CUENTAS"},"('Firmantes', 'DISTRITO')":{"('0104-PE-2014', 0)":null},"('Firmantes', 'BLOQUE')":{"('0104-PE-2014', 0)":null},"('Tramites', 'C\u00c1MARA')":{"('0104-PE-2014', 0)":"Senado"},"('Tramites', 'MOVIMIENTO')":{"('0104-PE-2014', 0)":"CONSIDERACION Y APROBACION (AL ARCHIVO)"},"('Tramites', 'FECHA')":{"('0104-PE-2014', 0)":"02\/11\/2016"},"('Tramites', 'RESULTADO')":{"('0104-PE-2014', 0)":"APROBADO"},"Sumario":{"('0104-PE-2014', 0)":"HABIENDO TOMADO CONOCIMIENTO Y SIN PERJUICIO DE ULTERIORES MEDIDAS QUE PUEDAN ADOPTARSE, SE ACONSEJA  SU REMISION AL ARCHIVO."},"Palabra Clave":{"('0104-PE-2014', 0)":" "}}