{"Tipo de Proyecto":{"('0104-D-2014', 0)":"PROYECTO DE RESOLUCI\u00d3N","('0104-D-2014', 1)":null},"Iniciado en: ":{"('0104-D-2014', 0)":"Diputados","('0104-D-2014', 1)":null},"Expediente Diputados: ":{"('0104-D-2014', 0)":"0104-D-2014","('0104-D-2014', 1)":null},"Publicado en: ":{"('0104-D-2014', 0)":"Tr\u00e1mite Parlamentario N\u00b0 1","('0104-D-2014', 1)":null},"Fecha: ":{"('0104-D-2014', 0)":"05\/03\/2014","('0104-D-2014', 1)":null},"T\u00edtulo":{"('0104-D-2014', 0)":"PEDIDO DE INFORMES AL PODER EJECUTIVO NACIONAL SOBRE DIVERSAS CUESTIONES RELACIONADAS CON EL IMPACTO DEL MARCO REGULATORIO DE LA MEDICINA PREPAGA, LEY 26682 Y SUS NORMAS REGLAMENTARIAS, EN MUTUALES Y COOPERATIVAS.","('0104-D-2014', 1)":null},"('Firmantes', 'FIRMANTE')":{"('0104-D-2014', 0)":"BIELLA CALVET, BERNARDO JOSE","('0104-D-2014', 1)":"FIAD, MARIO RAYMUNDO"},"('Firmantes', 'DISTRITO')":{"('0104-D-2014', 0)":"SALTA","('0104-D-2014', 1)":"JUJUY"},"('Firmantes', 'BLOQUE')":{"('0104-D-2014', 0)":"UDESO SALTA","('0104-D-2014', 1)":"UCR"},"('Giros', 'COMISI\u00d3N')":{"('0104-D-2014', 0)":"ACCION SOCIAL Y SALUD PUBLICA","('0104-D-2014', 1)":null},"('Tramites', 'C\u00c1MARA')":{"('0104-D-2014', 0)":"Diputados","('0104-D-2014', 1)":null},"('Tramites', 'MOVIMIENTO')":{"('0104-D-2014', 0)":"SOLICITUD DE REPRODUCCION DEL PROYECTO PARA EL PERIODO 133 (2015), SEGUN LOS TERMINOS DEL ARTICULO 7 DE LA RESOLUCION DE LA HCD DEL 05\/06\/1996","('0104-D-2014', 1)":null},"('Tramites', 'FECHA')":{"('0104-D-2014', 0)":null,"('0104-D-2014', 1)":null},"('Tramites', 'RESULTADO')":{"('0104-D-2014', 0)":null,"('0104-D-2014', 1)":null},"Link":{"('0104-D-2014', 0)":"https:\/\/www.hcdn.gob.ar\/proyectos\/textoCompleto.jsp?exp=0104-D-2014&tipo=RESOLUCION","('0104-D-2014', 1)":null},"Palabra Clave":{"('0104-D-2014', 0)":" ","('0104-D-2014', 1)":null}}