{"Tipo de Proyecto":{"('0105-S-2014', 0)":"PROYECTO DE LEY","('0105-S-2014', 1)":null,"('0105-S-2014', 2)":null,"('0105-S-2014', 3)":null,"('0105-S-2014', 4)":null},"Iniciado en: ":{"('0105-S-2014', 0)":"Senado","('0105-S-2014', 1)":null,"('0105-S-2014', 2)":null,"('0105-S-2014', 3)":null,"('0105-S-2014', 4)":null},"Expediente Diputados: ":{"('0105-S-2014', 0)":"0105-S-2014","('0105-S-2014', 1)":null,"('0105-S-2014', 2)":null,"('0105-S-2014', 3)":null,"('0105-S-2014', 4)":null},"Expediente Senado: ":{"('0105-S-2014', 0)":"1020-S-2014","('0105-S-2014', 1)":null,"('0105-S-2014', 2)":null,"('0105-S-2014', 3)":null,"('0105-S-2014', 4)":null},"Publicado en: ":{"('0105-S-2014', 0)":"Diario de Asuntos Entrados N\u00b0 50","('0105-S-2014', 1)":null,"('0105-S-2014', 2)":null,"('0105-S-2014', 3)":null,"('0105-S-2014', 4)":null},"Fecha: ":{"('0105-S-2014', 0)":"16\/04\/2014","('0105-S-2014', 1)":null,"('0105-S-2014', 2)":null,"('0105-S-2014', 3)":null,"('0105-S-2014', 4)":null},"T\u00edtulo":{"('0105-S-2014', 0)":"DECLARAR \"CAPITAL NACIONAL DEL PESEBRE\" A LA PROVINCIA DE LA RIOJA, POR LAS CARACTERISTICAS QUE LA DEVOCION POPULAR LE ASIGNA A LA REPRESENTACION DEL NACIMIENTO DE JESUCRISTO.","('0105-S-2014', 1)":null,"('0105-S-2014', 2)":null,"('0105-S-2014', 3)":null,"('0105-S-2014', 4)":null},"('Firmantes', 'FIRMANTE')":{"('0105-S-2014', 0)":"AGUIRRE DE SORIA, HILDA CLELIA","('0105-S-2014', 1)":null,"('0105-S-2014', 2)":null,"('0105-S-2014', 3)":null,"('0105-S-2014', 4)":null},"('Firmantes', 'DISTRITO')":{"('0105-S-2014', 0)":"LA RIOJA","('0105-S-2014', 1)":null,"('0105-S-2014', 2)":null,"('0105-S-2014', 3)":null,"('0105-S-2014', 4)":null},"('Firmantes', 'BLOQUE')":{"('0105-S-2014', 0)":"FRENTE PARA LA VICTORIA - PJ","('0105-S-2014', 1)":null,"('0105-S-2014', 2)":null,"('0105-S-2014', 3)":null,"('0105-S-2014', 4)":null},"('Giros', 'COMISI\u00d3N')":{"('0105-S-2014', 0)":"RELACIONES EXTERIORES Y CULTO","('0105-S-2014', 1)":"LEGISLACION GENERAL","('0105-S-2014', 2)":null,"('0105-S-2014', 3)":null,"('0105-S-2014', 4)":null},"('Tramites', 'C\u00c1MARA')":{"('0105-S-2014', 0)":"Senado","('0105-S-2014', 1)":"Diputados","('0105-S-2014', 2)":"Diputados","('0105-S-2014', 3)":"Diputados","('0105-S-2014', 4)":"Diputados"},"('Tramites', 'MOVIMIENTO')":{"('0105-S-2014', 0)":"CONSIDERACION Y APROBACION","('0105-S-2014', 1)":"PASA A DIPUTADOS -","('0105-S-2014', 2)":"SOLICITUD DE LA DIPUTADA MADERA SE REGISTRE EL EL BAE SUS PEDIDOS DE REUNIONDE LABOR PARLAMENTARIA PARA SU TRATAMIENTO","('0105-S-2014', 3)":"MOCION APARTAMIENTO DEL REGLAMENTO (AFIRMATIVA)","('0105-S-2014', 4)":"CONSIDERACION Y SANCION"},"('Tramites', 'FECHA')":{"('0105-S-2014', 0)":"03\/12\/2014","('0105-S-2014', 1)":null,"('0105-S-2014', 2)":null,"('0105-S-2014', 3)":"23\/11\/2016","('0105-S-2014', 4)":"23\/11\/2016"},"('Tramites', 'RESULTADO')":{"('0105-S-2014', 0)":"MEDIA SANCION","('0105-S-2014', 1)":null,"('0105-S-2014', 2)":null,"('0105-S-2014', 3)":null,"('0105-S-2014', 4)":"SANCIONADO"},"Link":{"('0105-S-2014', 0)":"http:\/\/www.senado.gov.ar\/parlamentario\/comisiones\/verExp\/1020.14\/S\/PL","('0105-S-2014', 1)":null,"('0105-S-2014', 2)":null,"('0105-S-2014', 3)":null,"('0105-S-2014', 4)":null},"Palabra Clave":{"('0105-S-2014', 0)":" ","('0105-S-2014', 1)":null,"('0105-S-2014', 2)":null,"('0105-S-2014', 3)":null,"('0105-S-2014', 4)":null}}