{"Tipo de Proyecto":{"('0106-S-2014', 0)":"PROYECTO DE LEY","('0106-S-2014', 1)":null,"('0106-S-2014', 2)":null,"('0106-S-2014', 3)":null,"('0106-S-2014', 4)":null,"('0106-S-2014', 5)":null,"('0106-S-2014', 6)":null},"Iniciado en: ":{"('0106-S-2014', 0)":"Senado","('0106-S-2014', 1)":null,"('0106-S-2014', 2)":null,"('0106-S-2014', 3)":null,"('0106-S-2014', 4)":null,"('0106-S-2014', 5)":null,"('0106-S-2014', 6)":null},"Expediente Diputados: ":{"('0106-S-2014', 0)":"0106-S-2014","('0106-S-2014', 1)":null,"('0106-S-2014', 2)":null,"('0106-S-2014', 3)":null,"('0106-S-2014', 4)":null,"('0106-S-2014', 5)":null,"('0106-S-2014', 6)":null},"Expediente Senado: ":{"('0106-S-2014', 0)":"3976-S-2014","('0106-S-2014', 1)":null,"('0106-S-2014', 2)":null,"('0106-S-2014', 3)":null,"('0106-S-2014', 4)":null,"('0106-S-2014', 5)":null,"('0106-S-2014', 6)":null},"Publicado en: ":{"('0106-S-2014', 0)":"Diario de Asuntos Entrados N\u00b0 199","('0106-S-2014', 1)":null,"('0106-S-2014', 2)":null,"('0106-S-2014', 3)":null,"('0106-S-2014', 4)":null,"('0106-S-2014', 5)":null,"('0106-S-2014', 6)":null},"Fecha: ":{"('0106-S-2014', 0)":"18\/11\/2014","('0106-S-2014', 1)":null,"('0106-S-2014', 2)":null,"('0106-S-2014', 3)":null,"('0106-S-2014', 4)":null,"('0106-S-2014', 5)":null,"('0106-S-2014', 6)":null},"T\u00edtulo":{"('0106-S-2014', 0)":"MODIFICACION DEL ARTICULO 7 DE LA LEY 26994 - CODIGO CIVIL Y COMERCIAL DE LA NACION -, ESTABLECIENDO QUE LA CITADA NORMA ENTRARA EN VIGENCIA EL 1 DE AGOSTO DE 2015. ","('0106-S-2014', 1)":null,"('0106-S-2014', 2)":null,"('0106-S-2014', 3)":null,"('0106-S-2014', 4)":null,"('0106-S-2014', 5)":null,"('0106-S-2014', 6)":null},"('Firmantes', 'FIRMANTE')":{"('0106-S-2014', 0)":"PICHETTO, MIGUEL ANGEL","('0106-S-2014', 1)":"FERNANDEZ, ANIBAL","('0106-S-2014', 2)":null,"('0106-S-2014', 3)":null,"('0106-S-2014', 4)":null,"('0106-S-2014', 5)":null,"('0106-S-2014', 6)":null},"('Firmantes', 'DISTRITO')":{"('0106-S-2014', 0)":"RIO NEGRO","('0106-S-2014', 1)":"BUENOS AIRES","('0106-S-2014', 2)":null,"('0106-S-2014', 3)":null,"('0106-S-2014', 4)":null,"('0106-S-2014', 5)":null,"('0106-S-2014', 6)":null},"('Firmantes', 'BLOQUE')":{"('0106-S-2014', 0)":"FRENTE PARA LA VICTORIA - PJ","('0106-S-2014', 1)":"FRENTE PARA LA VICTORIA - PJ","('0106-S-2014', 2)":null,"('0106-S-2014', 3)":null,"('0106-S-2014', 4)":null,"('0106-S-2014', 5)":null,"('0106-S-2014', 6)":null},"('Giros', 'COMISI\u00d3N')":{"('0106-S-2014', 0)":"ASUNTOS CONSTITUCIONALES","('0106-S-2014', 1)":null,"('0106-S-2014', 2)":null,"('0106-S-2014', 3)":null,"('0106-S-2014', 4)":null,"('0106-S-2014', 5)":null,"('0106-S-2014', 6)":null},"('Tramites', 'C\u00c1MARA')":{"('0106-S-2014', 0)":"Senado","('0106-S-2014', 1)":"Senado","('0106-S-2014', 2)":"Senado","('0106-S-2014', 3)":"Diputados","('0106-S-2014', 4)":"Diputados","('0106-S-2014', 5)":"Diputados","('0106-S-2014', 6)":"Diputados"},"('Tramites', 'MOVIMIENTO')":{"('0106-S-2014', 0)":"MOCION SOBRE TABLAS (AFIRMATIVA)","('0106-S-2014', 1)":"CONSIDERACION Y APROBACION","('0106-S-2014', 2)":"INSERCIONES DE LOS SENADORES CATALAN MAGNI Y NEGRE DE ALONSO","('0106-S-2014', 3)":"PASA A DIPUTADOS -","('0106-S-2014', 4)":"CITACION SESION ESPECIAL","('0106-S-2014', 5)":"CONSIDERACION Y SANCION","('0106-S-2014', 6)":"INSERCIONES"},"('Tramites', 'FECHA')":{"('0106-S-2014', 0)":"03\/12\/2014","('0106-S-2014', 1)":"03\/12\/2014","('0106-S-2014', 2)":"03\/12\/2014","('0106-S-2014', 3)":null,"('0106-S-2014', 4)":"16\/12\/2014","('0106-S-2014', 5)":"16\/12\/2014","('0106-S-2014', 6)":"16\/12\/2014"},"('Tramites', 'RESULTADO')":{"('0106-S-2014', 0)":null,"('0106-S-2014', 1)":"MEDIA SANCION","('0106-S-2014', 2)":null,"('0106-S-2014', 3)":null,"('0106-S-2014', 4)":null,"('0106-S-2014', 5)":"SANCIONADO","('0106-S-2014', 6)":null},"Link":{"('0106-S-2014', 0)":"http:\/\/www.senado.gov.ar\/parlamentario\/comisiones\/verExp\/3976.14\/S\/PL","('0106-S-2014', 1)":null,"('0106-S-2014', 2)":null,"('0106-S-2014', 3)":null,"('0106-S-2014', 4)":null,"('0106-S-2014', 5)":null,"('0106-S-2014', 6)":null},"Palabra Clave":{"('0106-S-2014', 0)":" ","('0106-S-2014', 1)":null,"('0106-S-2014', 2)":null,"('0106-S-2014', 3)":null,"('0106-S-2014', 4)":null,"('0106-S-2014', 5)":null,"('0106-S-2014', 6)":null}}