{"Tipo de Proyecto":{"('0107-S-2014', 0)":"PROYECTO DE LEY"},"Iniciado en: ":{"('0107-S-2014', 0)":"Senado"},"Expediente Senado: ":{"('0107-S-2014', 0)":"0107-S-2014"},"Publicado en: ":{"('0107-S-2014', 0)":"Diario de Asuntos Entrados N\u00b0 6"},"Fecha: ":{"('0107-S-2014', 0)":"05\/03\/2014"},"T\u00edtulo":{"('0107-S-2014', 0)":"MODIFICACION DE LA LEY 18829 (AGENTES DE VIAJE) ACERCA DE LAS PREVISIONES CONTENIDAS EN EL DECRETO 2182\/72 RESPECTO DE LAS ENTIDADES NO MERCANTILES SIN FINES DE LUCRO QUE REALIZAN ACTIVIDADES TURISTICAS (REPRODUCCION DEL EXPEDIENTE 1219-S-12)."},"('Firmantes', 'FIRMANTE')":{"('0107-S-2014', 0)":"FELLNER, LILIANA BEATRIZ"},"('Firmantes', 'DISTRITO')":{"('0107-S-2014', 0)":"JUJUY"},"('Firmantes', 'BLOQUE')":{"('0107-S-2014', 0)":"FRENTE PARA LA VICTORIA - PJ"},"('Tramites', 'C\u00c1MARA')":{"('0107-S-2014', 0)":"Senado"},"('Tramites', 'MOVIMIENTO')":{"('0107-S-2014', 0)":"REPRODUCIDO POR EXPEDIENTE 0181-S-16"},"('Tramites', 'FECHA')":{"('0107-S-2014', 0)":null},"('Tramites', 'RESULTADO')":{"('0107-S-2014', 0)":null},"Sumario":{"('0107-S-2014', 0)":"INCORPORACION DEL ARTICULO 1 BIS Y 11 BIS."},"Palabra Clave":{"('0107-S-2014', 0)":" "}}