{"Tipo de Proyecto":{"('0108-D-2014', 0)":"PROYECTO DE DECLARACI\u00d3N"},"Iniciado en: ":{"('0108-D-2014', 0)":"Diputados"},"Expediente Diputados: ":{"('0108-D-2014', 0)":"0108-D-2014"},"Publicado en: ":{"('0108-D-2014', 0)":"Tr\u00e1mite Parlamentario N\u00b0 1"},"Fecha: ":{"('0108-D-2014', 0)":"05\/03\/2014"},"T\u00edtulo":{"('0108-D-2014', 0)":"SOLICITAR AL PODER EJECUTIVO NACIONAL ADOPTE LAS MEDIDAS PERTINENTES A FIN QUE SE EJECUTE LA OBRA \"CANALES DE DESAG\u00dcES PLUVIALES (METAN II)\" DE LA CIUDAD DE SAN JOSE DE METAN, PROVINCIA DE SALTA."},"('Firmantes', 'FIRMANTE')":{"('0108-D-2014', 0)":"BIELLA CALVET, BERNARDO JOSE"},"('Firmantes', 'DISTRITO')":{"('0108-D-2014', 0)":"SALTA"},"('Firmantes', 'BLOQUE')":{"('0108-D-2014', 0)":"UDESO SALTA"},"('Giros', 'COMISI\u00d3N')":{"('0108-D-2014', 0)":"OBRAS PUBLICAS"},"('Tramites', 'C\u00c1MARA')":{"('0108-D-2014', 0)":"Diputados"},"('Tramites', 'MOVIMIENTO')":{"('0108-D-2014', 0)":"SOLICITUD DE REPRODUCCION DEL PROYECTO PARA EL PERIODO 133 (2015), SEGUN LOS TERMINOS DEL ARTICULO 7 DE LA RESOLUCION DE LA HCD DEL 05\/06\/1996"},"('Tramites', 'FECHA')":{"('0108-D-2014', 0)":null},"('Tramites', 'RESULTADO')":{"('0108-D-2014', 0)":null},"Link":{"('0108-D-2014', 0)":"https:\/\/www.hcdn.gob.ar\/proyectos\/textoCompleto.jsp?exp=0108-D-2014&tipo=DECLARACION"},"Palabra Clave":{"('0108-D-2014', 0)":" "}}