{"Tipo de Proyecto":{"('0109-D-2014', 0)":"PROYECTO DE DECLARACI\u00d3N"},"Iniciado en: ":{"('0109-D-2014', 0)":"Diputados"},"Expediente Diputados: ":{"('0109-D-2014', 0)":"0109-D-2014"},"Publicado en: ":{"('0109-D-2014', 0)":"Tr\u00e1mite Parlamentario N\u00b0 1"},"Fecha: ":{"('0109-D-2014', 0)":"05\/03\/2014"},"T\u00edtulo":{"('0109-D-2014', 0)":"SOLICITAR AL PODER EJECUTIVO NACIONAL DISPONGA ESTABLECER PROCEDIMIENTOS ALTERNATIVOS DE EMERGENCIA ANTE LA FALLA O CAIDA DEL SISTEMA INFORMATICO EN LAS OFICINAS DE ATENCION AL PUBLICO DEL ESTADO NACIONAL, ENTES AUTARQUICOS, SOCIEDADES DEL ESTADO Y EMPRESAS PRIVADAS. "},"('Firmantes', 'FIRMANTE')":{"('0109-D-2014', 0)":"BIELLA CALVET, BERNARDO JOSE"},"('Firmantes', 'DISTRITO')":{"('0109-D-2014', 0)":"SALTA"},"('Firmantes', 'BLOQUE')":{"('0109-D-2014', 0)":"UDESO SALTA"},"('Giros', 'COMISI\u00d3N')":{"('0109-D-2014', 0)":"COMUNICACIONES E INFORMATICA"},"('Tramites', 'C\u00c1MARA')":{"('0109-D-2014', 0)":"Diputados"},"('Tramites', 'MOVIMIENTO')":{"('0109-D-2014', 0)":"APROBACION ARTICULO 114 DEL REGLAMENTO DE LA H CAMARA DE DIPUTADOS; COMUNICADO EL 14\/08\/2014"},"('Tramites', 'FECHA')":{"('0109-D-2014', 0)":null},"('Tramites', 'RESULTADO')":{"('0109-D-2014', 0)":"APROBADO"},"Link":{"('0109-D-2014', 0)":"https:\/\/www.hcdn.gob.ar\/proyectos\/textoCompleto.jsp?exp=0109-D-2014&tipo=DECLARACION"},"Palabra Clave":{"('0109-D-2014', 0)":" "}}