{"Tipo de Proyecto":{"('0111-S-2014', 0)":"PROYECTO DE LEY","('0111-S-2014', 1)":null,"('0111-S-2014', 2)":null},"Iniciado en: ":{"('0111-S-2014', 0)":"Senado","('0111-S-2014', 1)":null,"('0111-S-2014', 2)":null},"Expediente Diputados: ":{"('0111-S-2014', 0)":"0111-S-2014","('0111-S-2014', 1)":null,"('0111-S-2014', 2)":null},"Expediente Senado: ":{"('0111-S-2014', 0)":"0041-S-2014","('0111-S-2014', 1)":null,"('0111-S-2014', 2)":null},"Publicado en: ":{"('0111-S-2014', 0)":"Diario de Asuntos Entrados N\u00b0 2","('0111-S-2014', 1)":null,"('0111-S-2014', 2)":null},"Fecha: ":{"('0111-S-2014', 0)":"05\/03\/2014","('0111-S-2014', 1)":null,"('0111-S-2014', 2)":null},"T\u00edtulo":{"('0111-S-2014', 0)":"CREACION DEL SISTEMA NACIONAL DE TRAZABILIDAD DE COMPONENTES SANGUINEOS.\n","('0111-S-2014', 1)":null,"('0111-S-2014', 2)":null},"('Firmantes', 'FIRMANTE')":{"('0111-S-2014', 0)":"DI PERNA, GRACIELA AGUSTINA","('0111-S-2014', 1)":null,"('0111-S-2014', 2)":null},"('Firmantes', 'DISTRITO')":{"('0111-S-2014', 0)":"CHUBUT","('0111-S-2014', 1)":null,"('0111-S-2014', 2)":null},"('Firmantes', 'BLOQUE')":{"('0111-S-2014', 0)":"TRABAJO Y DIGNIDAD","('0111-S-2014', 1)":null,"('0111-S-2014', 2)":null},"('Giros', 'COMISI\u00d3N')":{"('0111-S-2014', 0)":"ACCION SOCIAL Y SALUD PUBLICA","('0111-S-2014', 1)":"PRESUPUESTO Y HACIENDA","('0111-S-2014', 2)":null},"('Tramites', 'C\u00c1MARA')":{"('0111-S-2014', 0)":"Senado","('0111-S-2014', 1)":"Senado","('0111-S-2014', 2)":"Diputados"},"('Tramites', 'MOVIMIENTO')":{"('0111-S-2014', 0)":"CONSIDERACION Y APROBACION","('0111-S-2014', 1)":"INSERCIONES","('0111-S-2014', 2)":"PASA A DIPUTADOS -"},"('Tramites', 'FECHA')":{"('0111-S-2014', 0)":"03\/12\/2014","('0111-S-2014', 1)":"03\/12\/2014","('0111-S-2014', 2)":null},"('Tramites', 'RESULTADO')":{"('0111-S-2014', 0)":"MEDIA SANCION","('0111-S-2014', 1)":null,"('0111-S-2014', 2)":null},"Sumario":{"('0111-S-2014', 0)":"CONCEPTOS; AUTORIDAD DE APLICACION: MINISTERIO DE SALUD DE LA NACION.","('0111-S-2014', 1)":null,"('0111-S-2014', 2)":null},"Palabra Clave":{"('0111-S-2014', 0)":" ","('0111-S-2014', 1)":null,"('0111-S-2014', 2)":null}}