{"Tipo de Proyecto":{"('0114-S-2014', 0)":"MENSAJE NRO: 1983\/14 Y PROYECTO DE LEY","('0114-S-2014', 1)":null,"('0114-S-2014', 2)":null,"('0114-S-2014', 3)":null,"('0114-S-2014', 4)":null,"('0114-S-2014', 5)":null},"Iniciado en: ":{"('0114-S-2014', 0)":"Senado","('0114-S-2014', 1)":null,"('0114-S-2014', 2)":null,"('0114-S-2014', 3)":null,"('0114-S-2014', 4)":null,"('0114-S-2014', 5)":null},"Expediente Diputados: ":{"('0114-S-2014', 0)":"0114-S-2014","('0114-S-2014', 1)":null,"('0114-S-2014', 2)":null,"('0114-S-2014', 3)":null,"('0114-S-2014', 4)":null,"('0114-S-2014', 5)":null},"Expediente Senado: ":{"('0114-S-2014', 0)":"0365-PE-2014","('0114-S-2014', 1)":null,"('0114-S-2014', 2)":null,"('0114-S-2014', 3)":null,"('0114-S-2014', 4)":null,"('0114-S-2014', 5)":null},"Publicado en: ":{"('0114-S-2014', 0)":"Diario de Asuntos Entrados N\u00b0 186","('0114-S-2014', 1)":null,"('0114-S-2014', 2)":null,"('0114-S-2014', 3)":null,"('0114-S-2014', 4)":null,"('0114-S-2014', 5)":null},"Fecha: ":{"('0114-S-2014', 0)":"29\/10\/2014","('0114-S-2014', 1)":null,"('0114-S-2014', 2)":null,"('0114-S-2014', 3)":null,"('0114-S-2014', 4)":null,"('0114-S-2014', 5)":null},"T\u00edtulo":{"('0114-S-2014', 0)":"ARGENTINA DIGITAL.","('0114-S-2014', 1)":null,"('0114-S-2014', 2)":null,"('0114-S-2014', 3)":null,"('0114-S-2014', 4)":null,"('0114-S-2014', 5)":null},"('Firmantes', 'FIRMANTE')":{"('0114-S-2014', 0)":"FERNANDEZ DE KIRCHNER, CRISTINA","('0114-S-2014', 1)":"CAPITANICH, JORGE","('0114-S-2014', 2)":"DE VIDO, JULIO","('0114-S-2014', 3)":null,"('0114-S-2014', 4)":null,"('0114-S-2014', 5)":null},"('Firmantes', 'DISTRITO')":{"('0114-S-2014', 0)":null,"('0114-S-2014', 1)":null,"('0114-S-2014', 2)":null,"('0114-S-2014', 3)":null,"('0114-S-2014', 4)":null,"('0114-S-2014', 5)":null},"('Firmantes', 'BLOQUE')":{"('0114-S-2014', 0)":"PODER EJECUTIVO","('0114-S-2014', 1)":"PODER EJECUTIVO","('0114-S-2014', 2)":"PODER EJECUTIVO","('0114-S-2014', 3)":null,"('0114-S-2014', 4)":null,"('0114-S-2014', 5)":null},"('Giros', 'COMISI\u00d3N')":{"('0114-S-2014', 0)":"COMUNICACIONES E INFORMATICA","('0114-S-2014', 1)":null,"('0114-S-2014', 2)":null,"('0114-S-2014', 3)":null,"('0114-S-2014', 4)":null,"('0114-S-2014', 5)":null},"('Tramites', 'C\u00c1MARA')":{"('0114-S-2014', 0)":"Senado","('0114-S-2014', 1)":"Senado","('0114-S-2014', 2)":"Diputados","('0114-S-2014', 3)":"Diputados","('0114-S-2014', 4)":"Diputados","('0114-S-2014', 5)":"Diputados"},"('Tramites', 'MOVIMIENTO')":{"('0114-S-2014', 0)":"CONSIDERACION Y APROBACION","('0114-S-2014', 1)":"INSERCIONES DE LOS SENADORES MONTENEGRO, MONLLAU, SANTILLI, CATALAN MAGNI, BARRIONUEVO, LUNA, BLAS, PERSICO, MARINO, GIMENEZ, GARCIA LARRABURU Y BORELLO","('0114-S-2014', 2)":"PASA A DIPUTADOS -","('0114-S-2014', 3)":"CITACION SESION ESPECIAL","('0114-S-2014', 4)":"CONSIDERACION Y SANCION","('0114-S-2014', 5)":"INSERCIONES"},"('Tramites', 'FECHA')":{"('0114-S-2014', 0)":"10\/12\/2014","('0114-S-2014', 1)":"10\/12\/2014","('0114-S-2014', 2)":null,"('0114-S-2014', 3)":"16\/12\/2014","('0114-S-2014', 4)":"16\/12\/2014","('0114-S-2014', 5)":"16\/12\/2014"},"('Tramites', 'RESULTADO')":{"('0114-S-2014', 0)":"MEDIA SANCION","('0114-S-2014', 1)":null,"('0114-S-2014', 2)":null,"('0114-S-2014', 3)":null,"('0114-S-2014', 4)":"SANCIONADO","('0114-S-2014', 5)":null},"Sumario":{"('0114-S-2014', 0)":"DISPOSICIONES GENERALES (OBJETO; FINALIDAD; AMBITO DE APLICACION; JURISDICCION FEDERAL Y COMPETENCIA CONTENCIOSO ADMINISTRATIVA; INVIOLABILIDAD DE LAS COMUNICACIONES); DEFINICIONES; LICENCIAS; SERVICIOS DE TIC Y ESTABLECIMIENTO Y EXPLOTACION DE REDES DE TELECOMUNICACIONES; DESARROLLO DE LAS TIC; RECURSOS ESENCIALES DE LAS TIC (ESPECTRO RADIOELECTRICO; USO SATELITAL;  PLANES FUNDAMENTALES; ACCESO E INTERCONEXION); PRECIOS, TARIFAS Y GRAVAMENES; CONSIDERACIONES GENERALES SOBRE LOS SERVICIOS DE TIC; REGIMEN DE SANCIONES; CLAUSULAS TRANSITORIAS Y DISPOSICIONES FINALES.","('0114-S-2014', 1)":null,"('0114-S-2014', 2)":null,"('0114-S-2014', 3)":null,"('0114-S-2014', 4)":null,"('0114-S-2014', 5)":null},"Palabra Clave":{"('0114-S-2014', 0)":" ","('0114-S-2014', 1)":null,"('0114-S-2014', 2)":null,"('0114-S-2014', 3)":null,"('0114-S-2014', 4)":null,"('0114-S-2014', 5)":null}}