{"Tipo de Proyecto":{"('0116-D-2014', 0)":"PROYECTO DE DECLARACI\u00d3N","('0116-D-2014', 1)":null},"Iniciado en: ":{"('0116-D-2014', 0)":"Diputados","('0116-D-2014', 1)":null},"Expediente Diputados: ":{"('0116-D-2014', 0)":"0116-D-2014","('0116-D-2014', 1)":null},"Publicado en: ":{"('0116-D-2014', 0)":"Tr\u00e1mite Parlamentario N\u00b0 1","('0116-D-2014', 1)":null},"Fecha: ":{"('0116-D-2014', 0)":"05\/03\/2014","('0116-D-2014', 1)":null},"T\u00edtulo":{"('0116-D-2014', 0)":"SOLICITAR AL PODER EJECUTIVO NACIONAL DISPONGA LAS MEDIDAS NECESARIAS PARA IMPULSAR ANTE EL CONSEJO FEDERAL DE JUSTICIA (COFEJUS), POLITICAS QUE PROMUEVAN LA INCORPORACION DE LA ODONTOLOGIA FORENSE, EN LOS CUERPOS MEDICOS FORENSES DE TODAS LAS JURISDICCIONES.","('0116-D-2014', 1)":null},"('Firmantes', 'FIRMANTE')":{"('0116-D-2014', 0)":"BIELLA CALVET, BERNARDO JOSE","('0116-D-2014', 1)":"FIAD, MARIO RAYMUNDO"},"('Firmantes', 'DISTRITO')":{"('0116-D-2014', 0)":"SALTA","('0116-D-2014', 1)":"JUJUY"},"('Firmantes', 'BLOQUE')":{"('0116-D-2014', 0)":"UDESO SALTA","('0116-D-2014', 1)":"UCR"},"('Giros', 'COMISI\u00d3N')":{"('0116-D-2014', 0)":"JUSTICIA","('0116-D-2014', 1)":null},"('Tramites', 'C\u00c1MARA')":{"('0116-D-2014', 0)":"Diputados","('0116-D-2014', 1)":null},"('Tramites', 'MOVIMIENTO')":{"('0116-D-2014', 0)":"SOLICITUD DE REPRODUCCION DEL PROYECTO PARA EL PERIODO 133 (2015), SEGUN LOS TERMINOS DEL ARTICULO 7 DE LA RESOLUCION DE LA HCD DEL 05\/06\/1996","('0116-D-2014', 1)":null},"('Tramites', 'FECHA')":{"('0116-D-2014', 0)":null,"('0116-D-2014', 1)":null},"('Tramites', 'RESULTADO')":{"('0116-D-2014', 0)":null,"('0116-D-2014', 1)":null},"Link":{"('0116-D-2014', 0)":"https:\/\/www.hcdn.gob.ar\/proyectos\/textoCompleto.jsp?exp=0116-D-2014&tipo=DECLARACION","('0116-D-2014', 1)":null},"Palabra Clave":{"('0116-D-2014', 0)":" ","('0116-D-2014', 1)":null}}