{"Tipo de Proyecto":{"('0117-D-2014', 0)":"PROYECTO DE DECLARACI\u00d3N"},"Iniciado en: ":{"('0117-D-2014', 0)":"Diputados"},"Expediente Diputados: ":{"('0117-D-2014', 0)":"0117-D-2014"},"Publicado en: ":{"('0117-D-2014', 0)":"Tr\u00e1mite Parlamentario N\u00b0 1"},"Fecha: ":{"('0117-D-2014', 0)":"05\/03\/2014"},"T\u00edtulo":{"('0117-D-2014', 0)":"SOLICITAR AL PODER EJECUTIVO NACIONAL DISPONGA EFECTIVIZAR LA IMPLEMENTACION DEL PROGRAMA TELEVISION DIGITAL ABIERTA (TDA), EN EL MUNICIPIO DE ROSARIO DE LA FRONTERA, PROVINCIA DE SALTA."},"('Firmantes', 'FIRMANTE')":{"('0117-D-2014', 0)":"BIELLA CALVET, BERNARDO JOSE"},"('Firmantes', 'DISTRITO')":{"('0117-D-2014', 0)":"SALTA"},"('Firmantes', 'BLOQUE')":{"('0117-D-2014', 0)":"UDESO SALTA"},"('Giros', 'COMISI\u00d3N')":{"('0117-D-2014', 0)":"COMUNICACIONES E INFORMATICA"},"('Tramites', 'C\u00c1MARA')":{"('0117-D-2014', 0)":"Diputados"},"('Tramites', 'MOVIMIENTO')":{"('0117-D-2014', 0)":"APROBACION ARTICULO 114 DEL REGLAMENTO DE LA H CAMARA DE DIPUTADOS; COMUNICADO EL 14\/08\/2014"},"('Tramites', 'FECHA')":{"('0117-D-2014', 0)":null},"('Tramites', 'RESULTADO')":{"('0117-D-2014', 0)":"APROBADO"},"Link":{"('0117-D-2014', 0)":"https:\/\/www.hcdn.gob.ar\/proyectos\/textoCompleto.jsp?exp=0117-D-2014&tipo=DECLARACION"},"Palabra Clave":{"('0117-D-2014', 0)":" "}}