{"Tipo de Proyecto":{"('0118-S-2014', 0)":"MENSAJE NRO: 1270\/14 Y PROYECTO DE LEY","('0118-S-2014', 1)":null,"('0118-S-2014', 2)":null,"('0118-S-2014', 3)":null,"('0118-S-2014', 4)":null,"('0118-S-2014', 5)":null},"Iniciado en: ":{"('0118-S-2014', 0)":"Senado","('0118-S-2014', 1)":null,"('0118-S-2014', 2)":null,"('0118-S-2014', 3)":null,"('0118-S-2014', 4)":null,"('0118-S-2014', 5)":null},"Expediente Diputados: ":{"('0118-S-2014', 0)":"0118-S-2014","('0118-S-2014', 1)":null,"('0118-S-2014', 2)":null,"('0118-S-2014', 3)":null,"('0118-S-2014', 4)":null,"('0118-S-2014', 5)":null},"Expediente Senado: ":{"('0118-S-2014', 0)":"0303-PE-2014","('0118-S-2014', 1)":null,"('0118-S-2014', 2)":null,"('0118-S-2014', 3)":null,"('0118-S-2014', 4)":null,"('0118-S-2014', 5)":null},"Publicado en: ":{"('0118-S-2014', 0)":"Diario de Asuntos Entrados N\u00b0 120","('0118-S-2014', 1)":null,"('0118-S-2014', 2)":null,"('0118-S-2014', 3)":null,"('0118-S-2014', 4)":null,"('0118-S-2014', 5)":null},"Fecha: ":{"('0118-S-2014', 0)":"05\/08\/2014","('0118-S-2014', 1)":null,"('0118-S-2014', 2)":null,"('0118-S-2014', 3)":null,"('0118-S-2014', 4)":null,"('0118-S-2014', 5)":null},"T\u00edtulo":{"('0118-S-2014', 0)":"APROBACION DEL PROTOCOLO MODIFICATORIO AL CONVENIO SOBRE TRASLADO DE PERSONAS CONDENADAS CON LA REPUBLICA DEL PERU. ","('0118-S-2014', 1)":null,"('0118-S-2014', 2)":null,"('0118-S-2014', 3)":null,"('0118-S-2014', 4)":null,"('0118-S-2014', 5)":null},"('Firmantes', 'FIRMANTE')":{"('0118-S-2014', 0)":"FERNANDEZ DE KIRCHNER, CRISTINA","('0118-S-2014', 1)":"CAPITANICH, JORGE","('0118-S-2014', 2)":"TIMERMAN, HECTOR MARCOS","('0118-S-2014', 3)":null,"('0118-S-2014', 4)":null,"('0118-S-2014', 5)":null},"('Firmantes', 'DISTRITO')":{"('0118-S-2014', 0)":null,"('0118-S-2014', 1)":null,"('0118-S-2014', 2)":null,"('0118-S-2014', 3)":null,"('0118-S-2014', 4)":null,"('0118-S-2014', 5)":null},"('Firmantes', 'BLOQUE')":{"('0118-S-2014', 0)":"PODER EJECUTIVO","('0118-S-2014', 1)":"PODER EJECUTIVO","('0118-S-2014', 2)":"PODER EJECUTIVO","('0118-S-2014', 3)":null,"('0118-S-2014', 4)":null,"('0118-S-2014', 5)":null},"('Giros', 'COMISI\u00d3N')":{"('0118-S-2014', 0)":"RELACIONES EXTERIORES Y CULTO","('0118-S-2014', 1)":"LEGISLACION PENAL","('0118-S-2014', 2)":null,"('0118-S-2014', 3)":null,"('0118-S-2014', 4)":null,"('0118-S-2014', 5)":null},"('Tramites', 'C\u00c1MARA')":{"('0118-S-2014', 0)":"Senado","('0118-S-2014', 1)":"Diputados","('0118-S-2014', 2)":"Diputados","('0118-S-2014', 3)":"Diputados","('0118-S-2014', 4)":"Diputados","('0118-S-2014', 5)":"Diputados"},"('Tramites', 'MOVIMIENTO')":{"('0118-S-2014', 0)":"CONSIDERACION Y APROBACION","('0118-S-2014', 1)":"PASA A DIPUTADOS -","('0118-S-2014', 2)":"CITACION SESION ESPECIAL","('0118-S-2014', 3)":"CONSIDERACION Y SANCION","('0118-S-2014', 4)":"INSERCION DE LOS DIPUTADOS DEL CA\u00d1O Y BREGMAN SOBRE SENTIDO DE SU VOTO","('0118-S-2014', 5)":"INSERCION DEL DIPUTADO LOPEZ SOBRE SENTIDO DE SU VOTO"},"('Tramites', 'FECHA')":{"('0118-S-2014', 0)":"10\/12\/2014","('0118-S-2014', 1)":null,"('0118-S-2014', 2)":"26\/11\/2015","('0118-S-2014', 3)":"26\/11\/2015","('0118-S-2014', 4)":"26\/11\/2015","('0118-S-2014', 5)":"26\/11\/2015"},"('Tramites', 'RESULTADO')":{"('0118-S-2014', 0)":"MEDIA SANCION","('0118-S-2014', 1)":null,"('0118-S-2014', 2)":null,"('0118-S-2014', 3)":"SANCIONADO","('0118-S-2014', 4)":null,"('0118-S-2014', 5)":null},"Link":{"('0118-S-2014', 0)":"http:\/\/www.senado.gov.ar\/web\/proyectos\/verExpe.php?origen=PE&nro_comision=&tipo=PL&numexp=303\/14&tConsulta=5","('0118-S-2014', 1)":null,"('0118-S-2014', 2)":null,"('0118-S-2014', 3)":null,"('0118-S-2014', 4)":null,"('0118-S-2014', 5)":null},"Palabra Clave":{"('0118-S-2014', 0)":" ","('0118-S-2014', 1)":null,"('0118-S-2014', 2)":null,"('0118-S-2014', 3)":null,"('0118-S-2014', 4)":null,"('0118-S-2014', 5)":null}}