{"Tipo de Proyecto":{"('0120-S-2014', 0)":"PROYECTO DE RESOLUCI\u00d3N"},"Iniciado en: ":{"('0120-S-2014', 0)":"Senado"},"Expediente Senado: ":{"('0120-S-2014', 0)":"0120-S-2014"},"Publicado en: ":{"('0120-S-2014', 0)":"Diario de Asuntos Entrados N\u00b0 6"},"Fecha: ":{"('0120-S-2014', 0)":"05\/03\/2014"},"T\u00edtulo":{"('0120-S-2014', 0)":"DECLARAR DE INTERS DEL H SENADO EL DESARROLLO DEL SATELITE ARSAT 1 DE LA EMPRESA ARGENTINA DE SOLUCIONES SATELITALES CONSTRUIDO EN INSTALACIONES DEL INVAP SE DE LA CIUDAD DE SAN CARLOS DE BARILOCHE."},"('Firmantes', 'FIRMANTE')":{"('0120-S-2014', 0)":"GARCIA LARRABURU, SILVINA MARCELA"},"('Firmantes', 'DISTRITO')":{"('0120-S-2014', 0)":"RIO NEGRO"},"('Firmantes', 'BLOQUE')":{"('0120-S-2014', 0)":"FRENTE PARA LA VICTORIA - PJ"},"('Tramites', 'C\u00c1MARA')":{"('0120-S-2014', 0)":"Senado"},"('Tramites', 'MOVIMIENTO')":{"('0120-S-2014', 0)":"CONSIDERACION Y APROBACION"},"('Tramites', 'FECHA')":{"('0120-S-2014', 0)":"30\/04\/2014"},"('Tramites', 'RESULTADO')":{"('0120-S-2014', 0)":"APROBADO"},"Link":{"('0120-S-2014', 0)":"http:\/\/www.senado.gov.ar\/parlamentario\/comisiones\/verExp\/120.14\/S\/PR"},"Palabra Clave":{"('0120-S-2014', 0)":" "}}