{"Tipo de Proyecto":{"('0121-OVD-2014', 0)":"PROYECTO DE RESOLUCI\u00d3N"},"Iniciado en: ":{"('0121-OVD-2014', 0)":"Senado"},"Expediente Senado: ":{"('0121-OVD-2014', 0)":"0121-OVD-2014"},"Fecha: ":{"('0121-OVD-2014', 0)":"14\/05\/2015"},"T\u00edtulo":{"('0121-OVD-2014', 0)":"JEFATURA DE GABINETE DE MINISTROS REMITE RESPUESTA EN RELACION A LA RESOLUCION APROBADA POR EL H. CONGRESO DE LA NACION (0159-S-12) SOBRE LAS MEDIDAS ADOPTADAS PARA REGULARIZAR LAS SITUACIONES OBSERVADAS POR LA AUDITORIA GENERAL DE LA NACION, CON MOTIVO DE SU EXAMEN REALIZADO EN EL AMBITO DEL ORGANISMO REGULADOR DEL SISTEMA NACIONAL DE AEROPUERTOS (ORSNA), CON EL OBJETO DE VERIFICAR EL CUMPLIMIENTO DE LAS OBLIGACIONES POR PARTE DEL CONCESIONARIO LONDON SUPPLY S.A. Y LA GESTION DEL ORSNA EN EL CONTROL DE LAS MISMAS."},"('Firmantes', 'FIRMANTE')":{"('0121-OVD-2014', 0)":"PARLAMENTARIA MIXTA REVISORA DE CUENTAS"},"('Firmantes', 'DISTRITO')":{"('0121-OVD-2014', 0)":null},"('Firmantes', 'BLOQUE')":{"('0121-OVD-2014', 0)":null},"Sumario":{"('0121-OVD-2014', 0)":"HABIENDO TOMADO CONOCIMIENTO Y SIN PERJUICIO DE ULTERIORES MEDIDAS QUE PUEDAN ADOPTARSE, SE ACONSEJA SU REMISION AL ARCHIVO."},"Palabra Clave":{"('0121-OVD-2014', 0)":" "}}