{"Tipo de Proyecto":{"('0121-S-2014', 0)":"MENSAJE NRO. NRO\/A\u00d1O Y PROYECTO DE LEY","('0121-S-2014', 1)":null,"('0121-S-2014', 2)":null,"('0121-S-2014', 3)":null,"('0121-S-2014', 4)":null,"('0121-S-2014', 5)":null},"Iniciado en: ":{"('0121-S-2014', 0)":"Senado","('0121-S-2014', 1)":null,"('0121-S-2014', 2)":null,"('0121-S-2014', 3)":null,"('0121-S-2014', 4)":null,"('0121-S-2014', 5)":null},"Expediente Diputados: ":{"('0121-S-2014', 0)":"0121-S-2014","('0121-S-2014', 1)":null,"('0121-S-2014', 2)":null,"('0121-S-2014', 3)":null,"('0121-S-2014', 4)":null,"('0121-S-2014', 5)":null},"Expediente Senado: ":{"('0121-S-2014', 0)":"0320-PE-2014","('0121-S-2014', 1)":null,"('0121-S-2014', 2)":null,"('0121-S-2014', 3)":null,"('0121-S-2014', 4)":null,"('0121-S-2014', 5)":null},"Publicado en: ":{"('0121-S-2014', 0)":"Diario de Asuntos Entrados N\u00b0 165","('0121-S-2014', 1)":null,"('0121-S-2014', 2)":null,"('0121-S-2014', 3)":null,"('0121-S-2014', 4)":null,"('0121-S-2014', 5)":null},"Fecha: ":{"('0121-S-2014', 0)":"30\/09\/2014","('0121-S-2014', 1)":null,"('0121-S-2014', 2)":null,"('0121-S-2014', 3)":null,"('0121-S-2014', 4)":null,"('0121-S-2014', 5)":null},"T\u00edtulo":{"('0121-S-2014', 0)":"APROBACION DEL MEMORANDUM DE ENTENDIMIENTO CON LA REPUBLICA ISLAMICA DE PAKISTAN, SOBRE EL FORTALECIMIENTO DE LA COOPERACION EN MATERIA DE EDUCACION, CELEBRADO EN LA CIUDAD DE ISLAMABAD - REPUBLICA ISLAMICA DE PAKISTAN, EL 3 DE ABRIL DE 2014. ","('0121-S-2014', 1)":null,"('0121-S-2014', 2)":null,"('0121-S-2014', 3)":null,"('0121-S-2014', 4)":null,"('0121-S-2014', 5)":null},"('Firmantes', 'FIRMANTE')":{"('0121-S-2014', 0)":"FERNANDEZ DE KIRCHNER, CRISTINA","('0121-S-2014', 1)":"CAPITANICH, JORGE","('0121-S-2014', 2)":"TIMERMAN, HECTOR MARCOS","('0121-S-2014', 3)":null,"('0121-S-2014', 4)":null,"('0121-S-2014', 5)":null},"('Firmantes', 'DISTRITO')":{"('0121-S-2014', 0)":null,"('0121-S-2014', 1)":null,"('0121-S-2014', 2)":null,"('0121-S-2014', 3)":null,"('0121-S-2014', 4)":null,"('0121-S-2014', 5)":null},"('Firmantes', 'BLOQUE')":{"('0121-S-2014', 0)":"PODER EJECUTIVO","('0121-S-2014', 1)":"PODER EJECUTIVO","('0121-S-2014', 2)":"PODER EJECUTIVO","('0121-S-2014', 3)":null,"('0121-S-2014', 4)":null,"('0121-S-2014', 5)":null},"('Giros', 'COMISI\u00d3N')":{"('0121-S-2014', 0)":"RELACIONES EXTERIORES Y CULTO","('0121-S-2014', 1)":"EDUCACION","('0121-S-2014', 2)":null,"('0121-S-2014', 3)":null,"('0121-S-2014', 4)":null,"('0121-S-2014', 5)":null},"('Tramites', 'C\u00c1MARA')":{"('0121-S-2014', 0)":"Senado","('0121-S-2014', 1)":"Diputados","('0121-S-2014', 2)":"Diputados","('0121-S-2014', 3)":"Diputados","('0121-S-2014', 4)":"Diputados","('0121-S-2014', 5)":"Diputados"},"('Tramites', 'MOVIMIENTO')":{"('0121-S-2014', 0)":"CONSIDERACION Y APROBACION","('0121-S-2014', 1)":"PASA A DIPUTADOS -","('0121-S-2014', 2)":"CITACION SESION ESPECIAL","('0121-S-2014', 3)":"CONSIDERACION Y SANCION","('0121-S-2014', 4)":"INSERCION DE LOS DIPUTADOS DEL CA\u00d1O Y BREGMAN SOBRE SENTIDO DE SU VOTO","('0121-S-2014', 5)":"INSERCION DEL DIPUTADO LOPEZ SOBRE SENTIDO DE SU VOTO"},"('Tramites', 'FECHA')":{"('0121-S-2014', 0)":"10\/12\/2014","('0121-S-2014', 1)":null,"('0121-S-2014', 2)":"26\/11\/2015","('0121-S-2014', 3)":"26\/11\/2015","('0121-S-2014', 4)":"26\/11\/2015","('0121-S-2014', 5)":"26\/11\/2015"},"('Tramites', 'RESULTADO')":{"('0121-S-2014', 0)":"MEDIA SANCION","('0121-S-2014', 1)":null,"('0121-S-2014', 2)":null,"('0121-S-2014', 3)":"SANCIONADO","('0121-S-2014', 4)":null,"('0121-S-2014', 5)":null},"Link":{"('0121-S-2014', 0)":"http:\/\/www.senado.gov.ar\/web\/proyectos\/verExpe.php?origen=PE&nro_comision=&tipo=PL&numexp=320\/14&tConsulta=5","('0121-S-2014', 1)":null,"('0121-S-2014', 2)":null,"('0121-S-2014', 3)":null,"('0121-S-2014', 4)":null,"('0121-S-2014', 5)":null},"Palabra Clave":{"('0121-S-2014', 0)":" ","('0121-S-2014', 1)":null,"('0121-S-2014', 2)":null,"('0121-S-2014', 3)":null,"('0121-S-2014', 4)":null,"('0121-S-2014', 5)":null}}