{"Tipo de Proyecto":{"('0123-PE-2014', 0)":"MENSAJE NRO \/ A\u00d1O"},"Iniciado en: ":{"('0123-PE-2014', 0)":"Senado"},"Expediente Senado: ":{"('0123-PE-2014', 0)":"0123-PE-2014"},"Fecha: ":{"('0123-PE-2014', 0)":"13\/03\/2015"},"T\u00edtulo":{"('0123-PE-2014', 0)":"JEFATURA DE GABINETE DE MINISTROS REMITE RESPUESTA ENVIADA POR LA SECRETARIA DE AMBIENTE Y DESARROLLO SUSTENTABLE, SOBRE EL \"PROGRAMA DE GESTION AMBIENTAL PARA UNA PRODUCCION SUSTENTABLE EN EL SECTOR PRODUCTIVO - SUBPROGRAMA I -\", ESTADOS FINANCIEROS DEL EJERCICIO FINALIZADO EL 31 DE DICIEMBRE DE 2010, CONTRATO DE PRESTAMO 1865-AC-AR SUB I."},"('Firmantes', 'FIRMANTE')":{"('0123-PE-2014', 0)":"PARLAMENTARIA MIXTA REVISORA DE CUENTAS"},"('Firmantes', 'DISTRITO')":{"('0123-PE-2014', 0)":null},"('Firmantes', 'BLOQUE')":{"('0123-PE-2014', 0)":null},"('Tramites', 'C\u00c1MARA')":{"('0123-PE-2014', 0)":"Senado"},"('Tramites', 'MOVIMIENTO')":{"('0123-PE-2014', 0)":"CONSIDERACION Y APROBACION (AL ARCHIVO)"},"('Tramites', 'FECHA')":{"('0123-PE-2014', 0)":"02\/11\/2016"},"('Tramites', 'RESULTADO')":{"('0123-PE-2014', 0)":"APROBADO"},"Sumario":{"('0123-PE-2014', 0)":"HABIENDO TOMADO CONOCIMIENTO Y SIN PERJUICIO DE ULTERIORES MEDIDAS QUE PUEDAN ADOPTARSE, SE ACONSEJA SU REMISION AL ARCHIVO."},"Palabra Clave":{"('0123-PE-2014', 0)":" "}}