{"Tipo de Proyecto":{"('0124-PE-2014', 0)":"MENSAJE NRO \/ A\u00d1O"},"Iniciado en: ":{"('0124-PE-2014', 0)":"Senado"},"Expediente Senado: ":{"('0124-PE-2014', 0)":"0124-PE-2014"},"Fecha: ":{"('0124-PE-2014', 0)":"28\/10\/2014"},"T\u00edtulo":{"('0124-PE-2014', 0)":"JEFATURA DE GABINETE DE MINISTROS REMITE RESPUESTA ENVIADA POR EL MINISTERIO DE DESARROLLO SOCIAL, SOBRE LA AUDITORIA PRACTICADA SOBRE LOS ESTADOS CONTABLES DE LOTERIA NACIONAL SOCIEDAD DEL ESTADO, POR EL EJERCICIO FINALIZADO EL 31 DE DICIEMBRE DE 2008."},"('Firmantes', 'FIRMANTE')":{"('0124-PE-2014', 0)":"PARLAMENTARIA MIXTA REVISORA DE CUENTAS"},"('Firmantes', 'DISTRITO')":{"('0124-PE-2014', 0)":null},"('Firmantes', 'BLOQUE')":{"('0124-PE-2014', 0)":null},"('Tramites', 'C\u00c1MARA')":{"('0124-PE-2014', 0)":"Senado"},"('Tramites', 'MOVIMIENTO')":{"('0124-PE-2014', 0)":"CONSIDERACION Y APROBACION (AL ARCHIVO)"},"('Tramites', 'FECHA')":{"('0124-PE-2014', 0)":"10\/12\/2014"},"('Tramites', 'RESULTADO')":{"('0124-PE-2014', 0)":"APROBADO"},"Sumario":{"('0124-PE-2014', 0)":"HABIENDO TOMADO CONOCIMIENTO Y SIN PERJUICIO DE ULTERIORES MEDIDAS QUE PUEDAN ADOPTARSE SE ACONSEJA SU REMISION AL ARCHIVO."},"Palabra Clave":{"('0124-PE-2014', 0)":" "}}