{"Tipo de Proyecto":{"('0124-OV-2014', 0)":"PROYECTO DE RESOLUCI\u00d3N"},"Iniciado en: ":{"('0124-OV-2014', 0)":"Senado"},"Expediente Senado: ":{"('0124-OV-2014', 0)":"0124-OV-2014"},"Fecha: ":{"('0124-OV-2014', 0)":"14\/05\/2015"},"T\u00edtulo":{"('0124-OV-2014', 0)":"RESOLUCION REMITIDA POR LA AUDITORIA GENERAL DE LA NACION 71\/14, APROBANDO EL INFORME REFERIDO A LA AUDITORIA PRACTICADA SOBRE LOS ESTADOS CONTABLES POR EL EJERCICIO FINALIZADO EL 31 DE DICIEMBRE DE 2013, CORRESPONDIENTE A AGUA Y SANEAMIENTOS ARGENTINOS S.A."},"('Firmantes', 'FIRMANTE')":{"('0124-OV-2014', 0)":"PARLAMENTARIA MIXTA REVISORA DE CUENTAS"},"('Firmantes', 'DISTRITO')":{"('0124-OV-2014', 0)":null},"('Firmantes', 'BLOQUE')":{"('0124-OV-2014', 0)":null},"('Tramites', 'C\u00c1MARA')":{"('0124-OV-2014', 0)":"Senado"},"('Tramites', 'MOVIMIENTO')":{"('0124-OV-2014', 0)":"CONSIDERACION Y APROBACION (AL ARCHIVO)"},"('Tramites', 'FECHA')":{"('0124-OV-2014', 0)":"02\/11\/2016"},"('Tramites', 'RESULTADO')":{"('0124-OV-2014', 0)":"APROBADO"},"Sumario":{"('0124-OV-2014', 0)":"HABIENDO TOMADO CONOCIMIENTO Y SIN PERJUICIO DE ULTERIORES MEDIDAS QUE PUEDAN ADOPTARSE, SE ACONSEJA SU REMISION AL ARCHIVO."},"Palabra Clave":{"('0124-OV-2014', 0)":" "}}