{"Tipo de Proyecto":{"('0125-D-2014', 0)":"PROYECTO DE DECLARACI\u00d3N"},"Iniciado en: ":{"('0125-D-2014', 0)":"Diputados"},"Expediente Diputados: ":{"('0125-D-2014', 0)":"0125-D-2014"},"Publicado en: ":{"('0125-D-2014', 0)":"Tr\u00e1mite Parlamentario N\u00b0 1"},"Fecha: ":{"('0125-D-2014', 0)":"05\/03\/2014"},"T\u00edtulo":{"('0125-D-2014', 0)":"SOLICITAR AL PODER EJECUTIVO NACIONAL DISPONGA EL EMPLAZAMIENTO DE BALIZAS DE NAVEGACION EN EL TRAMO DEL RIO PARANA, DESDE PUERTO IGUAZU HASTA SU DESEMBOCADURA EN EL RIO DE LA PLATA.  "},"('Firmantes', 'FIRMANTE')":{"('0125-D-2014', 0)":"PASTORI, LUIS MARIO"},"('Firmantes', 'DISTRITO')":{"('0125-D-2014', 0)":"MISIONES"},"('Firmantes', 'BLOQUE')":{"('0125-D-2014', 0)":"UCR"},"('Giros', 'COMISI\u00d3N')":{"('0125-D-2014', 0)":"INTERESES MARITIMOS, FLUVIALES, PESQUEROS Y PORTUARIOS"},"Link":{"('0125-D-2014', 0)":"https:\/\/www.hcdn.gob.ar\/proyectos\/textoCompleto.jsp?exp=0125-D-2014&tipo=DECLARACION"},"Palabra Clave":{"('0125-D-2014', 0)":" "}}