{"Tipo de Proyecto":{"('0125-S-2014', 0)":"PROYECTO DE LEY"},"Iniciado en: ":{"('0125-S-2014', 0)":"Senado"},"Expediente Senado: ":{"('0125-S-2014', 0)":"0125-S-2014"},"Publicado en: ":{"('0125-S-2014', 0)":"Diario de Asuntos Entrados N\u00b0 7"},"Fecha: ":{"('0125-S-2014', 0)":"05\/03\/2014"},"T\u00edtulo":{"('0125-S-2014', 0)":"MODIFICACION A LA LEY 24156, DE ADMINISTRACION FINANCIERA Y DE LOS SISTEMAS DE CONTROL PUBLICO NACIONAL: SUSTITUCION DEL ARTICULO 21, SOBRE RECURSOS DEL EJERCICIO (REPRODUCCION DEL EXPEDIENTE 2804-S-12)."},"('Firmantes', 'FIRMANTE')":{"('0125-S-2014', 0)":"VERNA, CARLOS ALBERTO"},"('Firmantes', 'DISTRITO')":{"('0125-S-2014', 0)":"LA PAMPA"},"('Firmantes', 'BLOQUE')":{"('0125-S-2014', 0)":"PARTIDO JUSTICIALISTA LA PAMPA"},"Link":{"('0125-S-2014', 0)":"http:\/\/www.senado.gov.ar\/parlamentario\/comisiones\/verExp\/125.14\/S\/PL"},"Palabra Clave":{"('0125-S-2014', 0)":" "}}