{"Tipo de Proyecto":{"('0126-D-2014', 0)":"PROYECTO DE LEY","('0126-D-2014', 1)":null,"('0126-D-2014', 2)":null,"('0126-D-2014', 3)":null,"('0126-D-2014', 4)":null},"Iniciado en: ":{"('0126-D-2014', 0)":"Diputados","('0126-D-2014', 1)":null,"('0126-D-2014', 2)":null,"('0126-D-2014', 3)":null,"('0126-D-2014', 4)":null},"Expediente Diputados: ":{"('0126-D-2014', 0)":"0126-D-2014","('0126-D-2014', 1)":null,"('0126-D-2014', 2)":null,"('0126-D-2014', 3)":null,"('0126-D-2014', 4)":null},"Publicado en: ":{"('0126-D-2014', 0)":"Tr\u00e1mite Parlamentario N\u00b0 1","('0126-D-2014', 1)":null,"('0126-D-2014', 2)":null,"('0126-D-2014', 3)":null,"('0126-D-2014', 4)":null},"Fecha: ":{"('0126-D-2014', 0)":"05\/03\/2014","('0126-D-2014', 1)":null,"('0126-D-2014', 2)":null,"('0126-D-2014', 3)":null,"('0126-D-2014', 4)":null},"T\u00edtulo":{"('0126-D-2014', 0)":"DIAGNOSTICO Y TRATAMIENTO DE LA ENFERMEDAD CELIACA (LEY 26588): MODIFICACION DEL ARTICULO 6, SOBRE INCLUSION EN LOS LOCALES QUE BRINDAN SERVICIO DE COMIDAS Y BEBIDAS, DENTRO DE SUS CARTILLAS DE AL MENOS UN MENU APTO PARA CELIACOS.","('0126-D-2014', 1)":null,"('0126-D-2014', 2)":null,"('0126-D-2014', 3)":null,"('0126-D-2014', 4)":null},"('Firmantes', 'FIRMANTE')":{"('0126-D-2014', 0)":"PASTORI, LUIS MARIO","('0126-D-2014', 1)":null,"('0126-D-2014', 2)":null,"('0126-D-2014', 3)":null,"('0126-D-2014', 4)":null},"('Firmantes', 'DISTRITO')":{"('0126-D-2014', 0)":"MISIONES","('0126-D-2014', 1)":null,"('0126-D-2014', 2)":null,"('0126-D-2014', 3)":null,"('0126-D-2014', 4)":null},"('Firmantes', 'BLOQUE')":{"('0126-D-2014', 0)":"UCR","('0126-D-2014', 1)":null,"('0126-D-2014', 2)":null,"('0126-D-2014', 3)":null,"('0126-D-2014', 4)":null},"('Giros', 'COMISI\u00d3N')":{"('0126-D-2014', 0)":"ACCION SOCIAL Y SALUD PUBLICA","('0126-D-2014', 1)":"COMERCIO","('0126-D-2014', 2)":null,"('0126-D-2014', 3)":null,"('0126-D-2014', 4)":null},"('Tramites', 'C\u00c1MARA')":{"('0126-D-2014', 0)":"Diputados","('0126-D-2014', 1)":"Diputados","('0126-D-2014', 2)":"Senado","('0126-D-2014', 3)":"Senado","('0126-D-2014', 4)":"Senado"},"('Tramites', 'MOVIMIENTO')":{"('0126-D-2014', 0)":"CONSIDERACION Y APROBACION CONJUNTAMENTE PARA LOS EXPEDIENTES 0091-S-2013, 1657-S-2012, 2335-S-2013, 2929-S-2013, 0126-D-2014, 1897-D-2014 y 3024-D-2014","('0126-D-2014', 1)":"INSERCIONES CONJUNTAMENTE PARA LOS EXPEDIENTES 0091-S-2013, 1657-S-2012, 2335-S-2013, 2929-S-2013, 0126-D-2014, 1897-D-2014 y 3024-D-2014","('0126-D-2014', 2)":"VUELVE A SENADO - CONJUNTAMENTE PARA LOS EXPEDIENTES 0091-S-2013, 1657-S-2012, 2335-S-2013, 2929-S-2013, 0126-D-2014, 1897-D-2014 y 3024-D-2014","('0126-D-2014', 3)":"CONSIDERACION Y SANCION CONJUNTAMENTE PARA LOS EXPEDIENTES 0091-S-2013, 1657-S-2012, 2335-S-2013, 2929-S-2013, 0126-D-2014, 1897-D-2014 y 3024-D-2014","('0126-D-2014', 4)":"INSERCION DE LA SENADORA GIMENEZ CONJUNTAMENTE PARA LOS EXPEDIENTES 0091-S-2013, 1657-S-2012, 2335-S-2013, 2929-S-2013, 0126-D-2014, 1897-D-2014 y 3024-D-2014"},"('Tramites', 'FECHA')":{"('0126-D-2014', 0)":"26\/08\/2015","('0126-D-2014', 1)":"26\/08\/2015","('0126-D-2014', 2)":null,"('0126-D-2014', 3)":"07\/10\/2015","('0126-D-2014', 4)":"07\/10\/2015"},"('Tramites', 'RESULTADO')":{"('0126-D-2014', 0)":"MEDIA SANCION","('0126-D-2014', 1)":null,"('0126-D-2014', 2)":null,"('0126-D-2014', 3)":"SANCIONADO","('0126-D-2014', 4)":null},"Link":{"('0126-D-2014', 0)":"https:\/\/www.hcdn.gob.ar\/proyectos\/textoCompleto.jsp?exp=0126-D-2014&tipo=LEY","('0126-D-2014', 1)":null,"('0126-D-2014', 2)":null,"('0126-D-2014', 3)":null,"('0126-D-2014', 4)":null},"Palabra Clave":{"('0126-D-2014', 0)":" ","('0126-D-2014', 1)":null,"('0126-D-2014', 2)":null,"('0126-D-2014', 3)":null,"('0126-D-2014', 4)":null}}