{"Tipo de Proyecto":{"('0127-OV-2014', 0)":"PROYECTO DE RESOLUCI\u00d3N"},"Iniciado en: ":{"('0127-OV-2014', 0)":"Senado"},"Expediente Senado: ":{"('0127-OV-2014', 0)":"0127-OV-2014"},"Fecha: ":{"('0127-OV-2014', 0)":"28\/10\/2014"},"T\u00edtulo":{"('0127-OV-2014', 0)":"RESOLUCION REMITIDA POR LA AUDITORIA GENERAL DE LA NACION 74\/14, APROBANDO EL INFORME DE AUDITORIA SOBRE LOS ESTADOS FINANCIEROS AL 31 DE DICIEMBRE DE 2013 CORRESPONDIENTES AL \"PROGRAMA DE REHABILITACION Y PAVIMENTACION DEL PASO INTERNACIONAL EL PEHUENCHE\", CONTRATO DE PRESTAMO 4538, SUSCRITO EL 11 DE DICIEMBRE DE 2007 CON LA CORPORACION ANDINA DE FOMENTO (CAF)."},"('Firmantes', 'FIRMANTE')":{"('0127-OV-2014', 0)":"PARLAMENTARIA MIXTA REVISORA DE CUENTAS"},"('Firmantes', 'DISTRITO')":{"('0127-OV-2014', 0)":null},"('Firmantes', 'BLOQUE')":{"('0127-OV-2014', 0)":null},"('Tramites', 'C\u00c1MARA')":{"('0127-OV-2014', 0)":"Senado"},"('Tramites', 'MOVIMIENTO')":{"('0127-OV-2014', 0)":"CONSIDERACION Y APROBACION (AL ARCHIVO)"},"('Tramites', 'FECHA')":{"('0127-OV-2014', 0)":"10\/12\/2014"},"('Tramites', 'RESULTADO')":{"('0127-OV-2014', 0)":"APROBADO"},"Sumario":{"('0127-OV-2014', 0)":"HABIENDO TOMADO CONOCIMIENTO Y SIN PERJUICIO DE ULTERIORES MEDIDAS QUE PUEDAN ADOPTARSE, SE ACONSEJA SU REMISION AL ARCHIVO."},"Palabra Clave":{"('0127-OV-2014', 0)":" "}}