{"Tipo de Proyecto":{"('0127-S-2014', 0)":"PROYECTO DE LEY"},"Iniciado en: ":{"('0127-S-2014', 0)":"Senado"},"Expediente Senado: ":{"('0127-S-2014', 0)":"0127-S-2014"},"Publicado en: ":{"('0127-S-2014', 0)":"Diario de Asuntos Entrados N\u00b0 7"},"Fecha: ":{"('0127-S-2014', 0)":"05\/03\/2014"},"T\u00edtulo":{"('0127-S-2014', 0)":"MODIFICACION DEL ARTICULO 12 DE LA LEY 24354 (INVERSIONES PUBLICAS), RESPECTO A QUE LAS OBSERVACIONES DE LOS GOBIERNOS PROVINCIALES EN EL PROYECTO DEL PLAN NACIONAL DE INVERSIONES PUBLICAS, TENDRAN CARACTER DE VINCULANTES (REPRODUCCION DEL EXPEDIENTE 0827-S-12)."},"('Firmantes', 'FIRMANTE')":{"('0127-S-2014', 0)":"VERNA, CARLOS ALBERTO"},"('Firmantes', 'DISTRITO')":{"('0127-S-2014', 0)":"LA PAMPA"},"('Firmantes', 'BLOQUE')":{"('0127-S-2014', 0)":"PARTIDO JUSTICIALISTA LA PAMPA"},"Link":{"('0127-S-2014', 0)":"http:\/\/www.senado.gov.ar\/parlamentario\/comisiones\/verExp\/127.14\/S\/PL"},"Palabra Clave":{"('0127-S-2014', 0)":" "}}