{"Tipo de Proyecto":{"('0127-D-2014', 0)":"PROYECTO DE RESOLUCI\u00d3N","('0127-D-2014', 1)":null},"Iniciado en: ":{"('0127-D-2014', 0)":"Diputados","('0127-D-2014', 1)":null},"Expediente Diputados: ":{"('0127-D-2014', 0)":"0127-D-2014","('0127-D-2014', 1)":null},"Publicado en: ":{"('0127-D-2014', 0)":"Tr\u00e1mite Parlamentario N\u00b0 1","('0127-D-2014', 1)":null},"Fecha: ":{"('0127-D-2014', 0)":"05\/03\/2014","('0127-D-2014', 1)":null},"T\u00edtulo":{"('0127-D-2014', 0)":"PEDIDO DE INFORMES AL PODER EJECUTIVO NACIONAL SOBRE DIVERSAS CUESTIONES RELACIONADAS CON EL ESTADO DE CONCESION DEL SERVICIO DEL TREN MESOPOTAMICO.","('0127-D-2014', 1)":null},"('Firmantes', 'FIRMANTE')":{"('0127-D-2014', 0)":"PASTORI, LUIS MARIO","('0127-D-2014', 1)":"SEMHAN, MARIA DE LAS MERCEDES"},"('Firmantes', 'DISTRITO')":{"('0127-D-2014', 0)":"MISIONES","('0127-D-2014', 1)":"CORRIENTES"},"('Firmantes', 'BLOQUE')":{"('0127-D-2014', 0)":"UCR","('0127-D-2014', 1)":"ENCUENTRO POR CORRIENTES"},"('Giros', 'COMISI\u00d3N')":{"('0127-D-2014', 0)":"TRANSPORTES","('0127-D-2014', 1)":null},"Link":{"('0127-D-2014', 0)":"https:\/\/www.hcdn.gob.ar\/proyectos\/textoCompleto.jsp?exp=0127-D-2014&tipo=RESOLUCION","('0127-D-2014', 1)":null},"Palabra Clave":{"('0127-D-2014', 0)":" ","('0127-D-2014', 1)":null}}