{"Tipo de Proyecto":{"('0128-S-2014', 0)":"PROYECTO DE LEY"},"Iniciado en: ":{"('0128-S-2014', 0)":"Senado"},"Expediente Senado: ":{"('0128-S-2014', 0)":"0128-S-2014"},"Publicado en: ":{"('0128-S-2014', 0)":"Diario de Asuntos Entrados N\u00b0 7"},"Fecha: ":{"('0128-S-2014', 0)":"05\/03\/2014"},"T\u00edtulo":{"('0128-S-2014', 0)":"INCORPORACION DEL ARTICULO 4 BIS A LA LEY 21526, SOBRE UNIVERSALIZACION DE LOS SERVICIOS FINANCIEROS (REPRODUCCION DEL EXPEDIENTE 1347-S-12)."},"('Firmantes', 'FIRMANTE')":{"('0128-S-2014', 0)":"VERNA, CARLOS ALBERTO"},"('Firmantes', 'DISTRITO')":{"('0128-S-2014', 0)":"LA PAMPA"},"('Firmantes', 'BLOQUE')":{"('0128-S-2014', 0)":"PARTIDO JUSTICIALISTA LA PAMPA"},"Link":{"('0128-S-2014', 0)":"http:\/\/www.senado.gov.ar\/parlamentario\/comisiones\/verExp\/128.14\/S\/PL"},"Palabra Clave":{"('0128-S-2014', 0)":" "}}