{"Tipo de Proyecto":{"('0129-D-2014', 0)":"PROYECTO DE RESOLUCI\u00d3N","('0129-D-2014', 1)":null},"Iniciado en: ":{"('0129-D-2014', 0)":"Diputados","('0129-D-2014', 1)":null},"Expediente Diputados: ":{"('0129-D-2014', 0)":"0129-D-2014","('0129-D-2014', 1)":null},"Publicado en: ":{"('0129-D-2014', 0)":"Tr\u00e1mite Parlamentario N\u00b0 1","('0129-D-2014', 1)":null},"Fecha: ":{"('0129-D-2014', 0)":"05\/03\/2014","('0129-D-2014', 1)":null},"T\u00edtulo":{"('0129-D-2014', 0)":"PEDIDO DE INFORMES AL PODER EJECUTIVO NACIONAL SOBRE DIVERSAS CUESTIONES RELACIONADAS CON EL PROYECTO DE CONSTRUCCION DEL \"GASODUCTO DEL NORESTE ARGENTINO (GNEA)\".","('0129-D-2014', 1)":null},"('Firmantes', 'FIRMANTE')":{"('0129-D-2014', 0)":"PASTORI, LUIS MARIO","('0129-D-2014', 1)":"SEMHAN, MARIA DE LAS MERCEDES"},"('Firmantes', 'DISTRITO')":{"('0129-D-2014', 0)":"MISIONES","('0129-D-2014', 1)":"CORRIENTES"},"('Firmantes', 'BLOQUE')":{"('0129-D-2014', 0)":"UCR","('0129-D-2014', 1)":"ENCUENTRO POR CORRIENTES"},"('Giros', 'COMISI\u00d3N')":{"('0129-D-2014', 0)":"ENERGIA Y COMBUSTIBLES","('0129-D-2014', 1)":null},"Link":{"('0129-D-2014', 0)":"https:\/\/www.hcdn.gob.ar\/proyectos\/textoCompleto.jsp?exp=0129-D-2014&tipo=RESOLUCION","('0129-D-2014', 1)":null},"Palabra Clave":{"('0129-D-2014', 0)":" ","('0129-D-2014', 1)":null}}