{"Tipo de Proyecto":{"('0129-PE-2014', 0)":"MENSAJE NRO \/ A\u00d1O"},"Iniciado en: ":{"('0129-PE-2014', 0)":"Senado"},"Expediente Senado: ":{"('0129-PE-2014', 0)":"0129-PE-2014"},"Fecha: ":{"('0129-PE-2014', 0)":"13\/03\/2015"},"T\u00edtulo":{"('0129-PE-2014', 0)":"JEFATURA DE GABINETE DE MINISTROS REMITE RESPUESTA ENVIADA POR EL BANCO CENTRAL DE LA REPUBLICA ARGENTINA (BCRA), SOBRE EL MEMORANDUM SOBRE EL SISTEMA DE CONTROL INTERNO CONTABLE REFERIDO AL EJERCICIO 2007 DEL BCRA."},"('Firmantes', 'FIRMANTE')":{"('0129-PE-2014', 0)":"PARLAMENTARIA MIXTA REVISORA DE CUENTAS"},"('Firmantes', 'DISTRITO')":{"('0129-PE-2014', 0)":null},"('Firmantes', 'BLOQUE')":{"('0129-PE-2014', 0)":null},"('Tramites', 'C\u00c1MARA')":{"('0129-PE-2014', 0)":"Senado"},"('Tramites', 'MOVIMIENTO')":{"('0129-PE-2014', 0)":"CONSIDERACION Y APROBACION (AL ARCHIVO)"},"('Tramites', 'FECHA')":{"('0129-PE-2014', 0)":"02\/11\/2016"},"('Tramites', 'RESULTADO')":{"('0129-PE-2014', 0)":"APROBADO"},"Sumario":{"('0129-PE-2014', 0)":"HABIENDO TOMADO CONOCIMIENTO Y SIN PERJUICIO DE ULTERIORES MEDIDAS QUE PUEDAN ADOPTARSE, SE ACONSEJA SU REMISION AL ARCHIVO."},"Palabra Clave":{"('0129-PE-2014', 0)":" "}}