{"Tipo de Proyecto":{"('0129-S-2014', 0)":"MENSAJE NRO: 2472\/14 Y PROYECTO DE LEY","('0129-S-2014', 1)":null,"('0129-S-2014', 2)":null,"('0129-S-2014', 3)":null,"('0129-S-2014', 4)":null,"('0129-S-2014', 5)":null,"('0129-S-2014', 6)":null},"Iniciado en: ":{"('0129-S-2014', 0)":"Senado","('0129-S-2014', 1)":null,"('0129-S-2014', 2)":null,"('0129-S-2014', 3)":null,"('0129-S-2014', 4)":null,"('0129-S-2014', 5)":null,"('0129-S-2014', 6)":null},"Expediente Diputados: ":{"('0129-S-2014', 0)":"0129-S-2014","('0129-S-2014', 1)":null,"('0129-S-2014', 2)":null,"('0129-S-2014', 3)":null,"('0129-S-2014', 4)":null,"('0129-S-2014', 5)":null,"('0129-S-2014', 6)":null},"Expediente Senado: ":{"('0129-S-2014', 0)":"0414-PE-2014","('0129-S-2014', 1)":null,"('0129-S-2014', 2)":null,"('0129-S-2014', 3)":null,"('0129-S-2014', 4)":null,"('0129-S-2014', 5)":null,"('0129-S-2014', 6)":null},"Publicado en: ":{"('0129-S-2014', 0)":"Diario de Asuntos Entrados N\u00b0 0","('0129-S-2014', 1)":null,"('0129-S-2014', 2)":null,"('0129-S-2014', 3)":null,"('0129-S-2014', 4)":null,"('0129-S-2014', 5)":null,"('0129-S-2014', 6)":null},"Fecha: ":{"('0129-S-2014', 0)":"16\/12\/2014","('0129-S-2014', 1)":null,"('0129-S-2014', 2)":null,"('0129-S-2014', 3)":null,"('0129-S-2014', 4)":null,"('0129-S-2014', 5)":null,"('0129-S-2014', 6)":null},"T\u00edtulo":{"('0129-S-2014', 0)":"APROBACION DEL CONVENIO MARCO DE COOPERACION EN MATERIA ECONOMICA Y DE INVERSIONES CON EL GOBIERNO DE LA REPUBLICA POPULAR CHINA, SUSCRIPTO EN BUENOS AIRES, ARGENTINA, EL 18 DE JULIO DE 2014.","('0129-S-2014', 1)":null,"('0129-S-2014', 2)":null,"('0129-S-2014', 3)":null,"('0129-S-2014', 4)":null,"('0129-S-2014', 5)":null,"('0129-S-2014', 6)":null},"('Firmantes', 'FIRMANTE')":{"('0129-S-2014', 0)":"FERNANDEZ DE KIRCHNER, CRISTINA","('0129-S-2014', 1)":"CAPITANICH, JORGE","('0129-S-2014', 2)":"TIMERMAN, HECTOR MARCOS","('0129-S-2014', 3)":"GIORGI, DEBORA","('0129-S-2014', 4)":null,"('0129-S-2014', 5)":null,"('0129-S-2014', 6)":null},"('Firmantes', 'DISTRITO')":{"('0129-S-2014', 0)":null,"('0129-S-2014', 1)":null,"('0129-S-2014', 2)":null,"('0129-S-2014', 3)":null,"('0129-S-2014', 4)":null,"('0129-S-2014', 5)":null,"('0129-S-2014', 6)":null},"('Firmantes', 'BLOQUE')":{"('0129-S-2014', 0)":"PODER EJECUTIVO","('0129-S-2014', 1)":"PODER EJECUTIVO","('0129-S-2014', 2)":"PODER EJECUTIVO","('0129-S-2014', 3)":"PODER EJECUTIVO","('0129-S-2014', 4)":null,"('0129-S-2014', 5)":null,"('0129-S-2014', 6)":null},"('Giros', 'COMISI\u00d3N')":{"('0129-S-2014', 0)":"RELACIONES EXTERIORES Y CULTO","('0129-S-2014', 1)":null,"('0129-S-2014', 2)":null,"('0129-S-2014', 3)":null,"('0129-S-2014', 4)":null,"('0129-S-2014', 5)":null,"('0129-S-2014', 6)":null},"('Tramites', 'C\u00c1MARA')":{"('0129-S-2014', 0)":"Senado","('0129-S-2014', 1)":"Senado","('0129-S-2014', 2)":"Senado","('0129-S-2014', 3)":"Senado","('0129-S-2014', 4)":"Diputados","('0129-S-2014', 5)":"Diputados","('0129-S-2014', 6)":"Diputados"},"('Tramites', 'MOVIMIENTO')":{"('0129-S-2014', 0)":"CITACION SESION ESPECIAL","('0129-S-2014', 1)":"CONSIDERACION Y APROBACION","('0129-S-2014', 2)":"INSERCIONES DE LOS SENADORES PEREYRA Y ANGELI","('0129-S-2014', 3)":"PASA A DIPUTADOS -","('0129-S-2014', 4)":"CITACION SESION ESPECIAL","('0129-S-2014', 5)":"CONSIDERACION Y SANCION","('0129-S-2014', 6)":"INSERCION"},"('Tramites', 'FECHA')":{"('0129-S-2014', 0)":"29\/12\/2014","('0129-S-2014', 1)":"29\/12\/2014","('0129-S-2014', 2)":"29\/12\/2014","('0129-S-2014', 3)":null,"('0129-S-2014', 4)":"25\/02\/2015","('0129-S-2014', 5)":"25\/02\/2015","('0129-S-2014', 6)":"25\/02\/2015"},"('Tramites', 'RESULTADO')":{"('0129-S-2014', 0)":null,"('0129-S-2014', 1)":"MEDIA SANCION","('0129-S-2014', 2)":null,"('0129-S-2014', 3)":null,"('0129-S-2014', 4)":null,"('0129-S-2014', 5)":"SANCIONADO","('0129-S-2014', 6)":null},"Link":{"('0129-S-2014', 0)":"http:\/\/www.senado.gov.ar\/web\/proyectos\/verExpe.php?origen=PE&nro_comision=&tipo=PL&numexp=414\/14&tConsulta=5","('0129-S-2014', 1)":null,"('0129-S-2014', 2)":null,"('0129-S-2014', 3)":null,"('0129-S-2014', 4)":null,"('0129-S-2014', 5)":null,"('0129-S-2014', 6)":null},"Palabra Clave":{"('0129-S-2014', 0)":" ","('0129-S-2014', 1)":null,"('0129-S-2014', 2)":null,"('0129-S-2014', 3)":null,"('0129-S-2014', 4)":null,"('0129-S-2014', 5)":null,"('0129-S-2014', 6)":null}}