{"Tipo de Proyecto":{"('0131-PE-2014', 0)":"MENSAJE NRO \/ A\u00d1O"},"Iniciado en: ":{"('0131-PE-2014', 0)":"Senado"},"Expediente Senado: ":{"('0131-PE-2014', 0)":"0131-PE-2014"},"Fecha: ":{"('0131-PE-2014', 0)":"13\/03\/2015"},"T\u00edtulo":{"('0131-PE-2014', 0)":"JEFATURA DE GABINETE DE MINISTROS REMITE RESPUESTA ENVIADA POR EL MINISTERIO DE CIENCIA, TECNOLOGIA E INNOVACION PRODUCTIVA, SOBRE EL INFORME DE AUDITORIA DE DE GESTION, LA SINTESIS EJECUTIVA Y FICHA SOBRE EL PROGRAMA DE MODERNIZACION TECNOLOGICA III (PMT III), SUBPROGRAMA I, COMPONENTE I, EN EL AMBITO DEL MINISTERIO DE CIENCIA, TECNOLOGIA E INNOVACION PRODUCTIVA - CONVENIO DE PRESTAMO BID 1728\/OC-AR."},"('Firmantes', 'FIRMANTE')":{"('0131-PE-2014', 0)":"PARLAMENTARIA MIXTA REVISORA DE CUENTAS"},"('Firmantes', 'DISTRITO')":{"('0131-PE-2014', 0)":null},"('Firmantes', 'BLOQUE')":{"('0131-PE-2014', 0)":null},"('Tramites', 'C\u00c1MARA')":{"('0131-PE-2014', 0)":"Senado"},"('Tramites', 'MOVIMIENTO')":{"('0131-PE-2014', 0)":"CONSIDERACION Y APROBACION (AL ARCHIVO)"},"('Tramites', 'FECHA')":{"('0131-PE-2014', 0)":"02\/11\/2016"},"('Tramites', 'RESULTADO')":{"('0131-PE-2014', 0)":"APROBADO"},"Sumario":{"('0131-PE-2014', 0)":"HABIENDO TOMADO CONOCIMIENTO Y SIN PERJUICIO DE ULTERIORES MEDIDAS QUE PUEDAN ADOPTARSE, SE ACONSEJA SU REMISION AL ARCHIVO."},"Palabra Clave":{"('0131-PE-2014', 0)":" "}}