{"Tipo de Proyecto":{"('0131-D-2014', 0)":"PROYECTO DE DECLARACI\u00d3N"},"Iniciado en: ":{"('0131-D-2014', 0)":"Diputados"},"Expediente Diputados: ":{"('0131-D-2014', 0)":"0131-D-2014"},"Publicado en: ":{"('0131-D-2014', 0)":"Tr\u00e1mite Parlamentario N\u00b0 1"},"Fecha: ":{"('0131-D-2014', 0)":"05\/03\/2014"},"T\u00edtulo":{"('0131-D-2014', 0)":"SOLICITAR AL PODER EJECUTIVO NACIONAL DISPONGA LAS MEDIDAS NECESARIAS PARA LOGRAR QUE LAS EMPRESAS DE TRANSPORTE DE PASAJEROS DEL INTERIOR DEL PAIS, ACCEDAN A LOS MISMOS SUBSIDIOS Y BENEFICIOS QUE TIENEN LAS EMPRESAS DE LA ZONA METROPOLITANA."},"('Firmantes', 'FIRMANTE')":{"('0131-D-2014', 0)":"PASTORI, LUIS MARIO"},"('Firmantes', 'DISTRITO')":{"('0131-D-2014', 0)":"MISIONES"},"('Firmantes', 'BLOQUE')":{"('0131-D-2014', 0)":"UCR"},"('Giros', 'COMISI\u00d3N')":{"('0131-D-2014', 0)":"TRANSPORTES"},"Link":{"('0131-D-2014', 0)":"https:\/\/www.hcdn.gob.ar\/proyectos\/textoCompleto.jsp?exp=0131-D-2014&tipo=DECLARACION"},"Palabra Clave":{"('0131-D-2014', 0)":" "}}