{"Tipo de Proyecto":{"('0132-D-2014', 0)":"PROYECTO DE RESOLUCI\u00d3N"},"Iniciado en: ":{"('0132-D-2014', 0)":"Diputados"},"Expediente Diputados: ":{"('0132-D-2014', 0)":"0132-D-2014"},"Publicado en: ":{"('0132-D-2014', 0)":"Tr\u00e1mite Parlamentario N\u00b0 1"},"Fecha: ":{"('0132-D-2014', 0)":"05\/03\/2014"},"T\u00edtulo":{"('0132-D-2014', 0)":"PEDIDO DE INFORMES AL PODER EJECUTIVO NACIONAL SOBRE DIVERSAS CUESTIONES RELACIONADAS CON EL INICIO DEL \"PROYECTO REPRESA HIDROELECTRICA GARABI - PANAMBI\"."},"('Firmantes', 'FIRMANTE')":{"('0132-D-2014', 0)":"PASTORI, LUIS MARIO"},"('Firmantes', 'DISTRITO')":{"('0132-D-2014', 0)":"MISIONES"},"('Firmantes', 'BLOQUE')":{"('0132-D-2014', 0)":"UCR"},"('Giros', 'COMISI\u00d3N')":{"('0132-D-2014', 0)":"ENERGIA Y COMBUSTIBLES"},"Link":{"('0132-D-2014', 0)":"https:\/\/www.hcdn.gob.ar\/proyectos\/textoCompleto.jsp?exp=0132-D-2014&tipo=RESOLUCION"},"Palabra Clave":{"('0132-D-2014', 0)":" "}}