{"Tipo de Proyecto":{"('0133-D-2014', 0)":"PROYECTO DE LEY","('0133-D-2014', 1)":null},"Iniciado en: ":{"('0133-D-2014', 0)":"Diputados","('0133-D-2014', 1)":null},"Expediente Diputados: ":{"('0133-D-2014', 0)":"0133-D-2014","('0133-D-2014', 1)":null},"Publicado en: ":{"('0133-D-2014', 0)":"Tr\u00e1mite Parlamentario N\u00b0 1","('0133-D-2014', 1)":null},"Fecha: ":{"('0133-D-2014', 0)":"05\/03\/2014","('0133-D-2014', 1)":null},"T\u00edtulo":{"('0133-D-2014', 0)":"EDUCACION NACIONAL (LEY 26206): MODIFICACION DEL ARTICULO 11 SOBRE COMPRENSION DEL CONCEPTO DE DISCAPACIDAD. ","('0133-D-2014', 1)":null},"('Firmantes', 'FIRMANTE')":{"('0133-D-2014', 0)":"LANDAU, JORGE ALBERTO","('0133-D-2014', 1)":null},"('Firmantes', 'DISTRITO')":{"('0133-D-2014', 0)":"BUENOS AIRES","('0133-D-2014', 1)":null},"('Firmantes', 'BLOQUE')":{"('0133-D-2014', 0)":"FRENTE PARA LA VICTORIA - PJ","('0133-D-2014', 1)":null},"('Giros', 'COMISI\u00d3N')":{"('0133-D-2014', 0)":"EDUCACION","('0133-D-2014', 1)":"DISCAPACIDAD"},"Link":{"('0133-D-2014', 0)":"https:\/\/www.hcdn.gob.ar\/proyectos\/textoCompleto.jsp?exp=0133-D-2014&tipo=LEY","('0133-D-2014', 1)":null},"Palabra Clave":{"('0133-D-2014', 0)":" ","('0133-D-2014', 1)":null}}