{"Tipo de Proyecto":{"('0134-D-2014', 0)":"PROYECTO DE LEY","('0134-D-2014', 1)":null,"('0134-D-2014', 2)":null,"('0134-D-2014', 3)":null,"('0134-D-2014', 4)":null,"('0134-D-2014', 5)":null},"Iniciado en: ":{"('0134-D-2014', 0)":"Diputados","('0134-D-2014', 1)":null,"('0134-D-2014', 2)":null,"('0134-D-2014', 3)":null,"('0134-D-2014', 4)":null,"('0134-D-2014', 5)":null},"Expediente Diputados: ":{"('0134-D-2014', 0)":"0134-D-2014","('0134-D-2014', 1)":null,"('0134-D-2014', 2)":null,"('0134-D-2014', 3)":null,"('0134-D-2014', 4)":null,"('0134-D-2014', 5)":null},"Publicado en: ":{"('0134-D-2014', 0)":"Tr\u00e1mite Parlamentario N\u00b0 1","('0134-D-2014', 1)":null,"('0134-D-2014', 2)":null,"('0134-D-2014', 3)":null,"('0134-D-2014', 4)":null,"('0134-D-2014', 5)":null},"Fecha: ":{"('0134-D-2014', 0)":"05\/03\/2014","('0134-D-2014', 1)":null,"('0134-D-2014', 2)":null,"('0134-D-2014', 3)":null,"('0134-D-2014', 4)":null,"('0134-D-2014', 5)":null},"T\u00edtulo":{"('0134-D-2014', 0)":"CODIGO ELECTORAL NACIONAL (LEY 19945): MODIFICACIONES SOBRE ELECCION DE PARLAMENTARIOS DEL MERCOSUR CONJUNTAMENTE CON LOS COMICIOS NACIONALES; MODIFICACION DE LA LEY 26215 DE FINANCIAMIENTO DE LOS PARTIDOS POLITICOS.","('0134-D-2014', 1)":null,"('0134-D-2014', 2)":null,"('0134-D-2014', 3)":null,"('0134-D-2014', 4)":null,"('0134-D-2014', 5)":null},"('Firmantes', 'FIRMANTE')":{"('0134-D-2014', 0)":"LANDAU, JORGE ALBERTO","('0134-D-2014', 1)":null,"('0134-D-2014', 2)":null,"('0134-D-2014', 3)":null,"('0134-D-2014', 4)":null,"('0134-D-2014', 5)":null},"('Firmantes', 'DISTRITO')":{"('0134-D-2014', 0)":"BUENOS AIRES","('0134-D-2014', 1)":null,"('0134-D-2014', 2)":null,"('0134-D-2014', 3)":null,"('0134-D-2014', 4)":null,"('0134-D-2014', 5)":null},"('Firmantes', 'BLOQUE')":{"('0134-D-2014', 0)":"FRENTE PARA LA VICTORIA - PJ","('0134-D-2014', 1)":null,"('0134-D-2014', 2)":null,"('0134-D-2014', 3)":null,"('0134-D-2014', 4)":null,"('0134-D-2014', 5)":null},"('Giros', 'COMISI\u00d3N')":{"('0134-D-2014', 0)":"ASUNTOS CONSTITUCIONALES","('0134-D-2014', 1)":"JUSTICIA","('0134-D-2014', 2)":"PRESUPUESTO Y HACIENDA","('0134-D-2014', 3)":null,"('0134-D-2014', 4)":null,"('0134-D-2014', 5)":null},"('Tramites', 'C\u00c1MARA')":{"('0134-D-2014', 0)":"Diputados","('0134-D-2014', 1)":"Diputados","('0134-D-2014', 2)":"Senado","('0134-D-2014', 3)":"Senado","('0134-D-2014', 4)":"Senado","('0134-D-2014', 5)":"Senado"},"('Tramites', 'MOVIMIENTO')":{"('0134-D-2014', 0)":"CITACION SESION ESPECIAL CONJUNTAMENTE PARA LOS EXPEDIENTES 7928-D-2013, 0199-CD-2014, 0134-D-2014, 3002-D-2014, 3663-D-2014, 4412-D-2014, 4965-D-2014 y 9469-D-2014","('0134-D-2014', 1)":"CONSIDERACION Y APROBACION (VOTACION NOMINAL EN PARTICULAR - MAYORIA ABSOLUTA REQUERIDA POR ARTICULO 77 DE LA CONSTITUCION NACIONAL, VOTO PRESIDENTE DE LA CAMARA ARTICULO 41 APARTADO 2) DEL REGLAMENTO H CAMARA DE DIPUTADOS) CONJUNTAMENTE PARA LOS EXPEDIENTES 7928-D-2013, 0199-CD-2014, 0134-D-2014, 3002-D-2014, 3663-D-2014, 4412-D-2014, 4965-D-2014 y 9469-D-2014","('0134-D-2014', 2)":"PASA A SENADO - CONJUNTAMENTE PARA LOS EXPEDIENTES 7928-D-2013, 0199-CD-2014, 0134-D-2014, 3002-D-2014, 3663-D-2014, 4412-D-2014, 4965-D-2014 y 9469-D-2014","('0134-D-2014', 3)":"CITACION SESION ESPECIAL CONJUNTAMENTE PARA LOS EXPEDIENTES 7928-D-2013, 0199-CD-2014, 0134-D-2014, 3002-D-2014, 3663-D-2014, 0831-S-2014, 4412-D-2014, 1036-S-2014, 4965-D-2014, 1193-S-2014, 1225-S-2014, 1886-S-2014, 9469-D-2014, 2681-S-2014, 3048-S-2014, 3795-S-2014 y 3810-S-2014","('0134-D-2014', 4)":"CONSIDERACION Y SANCION CONJUNTAMENTE PARA LOS EXPEDIENTES 7928-D-2013, 0199-CD-2014, 0134-D-2014, 3002-D-2014, 3663-D-2014, 0831-S-2014, 4412-D-2014, 1036-S-2014, 4965-D-2014, 1193-S-2014, 1225-S-2014, 1886-S-2014, 9469-D-2014, 2681-S-2014, 3048-S-2014, 3795-S-2014 y 3810-S-2014","('0134-D-2014', 5)":"INSERCIONES DE LOS SENADORES CATALAN MAGNI Y BASUALDO CONJUNTAMENTE PARA LOS EXPEDIENTES 7928-D-2013, 0199-CD-2014, 0134-D-2014, 3002-D-2014, 3663-D-2014, 0831-S-2014, 4412-D-2014, 1036-S-2014, 4965-D-2014, 1193-S-2014, 1225-S-2014, 1886-S-2014, 9469-D-2014, 2681-S-2014, 3048-S-2014, 3795-S-2014 y 3810-S-2014"},"('Tramites', 'FECHA')":{"('0134-D-2014', 0)":"16\/12\/2014","('0134-D-2014', 1)":"16\/12\/2014","('0134-D-2014', 2)":null,"('0134-D-2014', 3)":"29\/12\/2014","('0134-D-2014', 4)":"29\/12\/2014","('0134-D-2014', 5)":"29\/12\/2014"},"('Tramites', 'RESULTADO')":{"('0134-D-2014', 0)":null,"('0134-D-2014', 1)":"MEDIA SANCION","('0134-D-2014', 2)":null,"('0134-D-2014', 3)":null,"('0134-D-2014', 4)":"SANCIONADO","('0134-D-2014', 5)":null},"Sumario":{"('0134-D-2014', 0)":"MODIFICACION DE LOS SIGUIENTES ARTICULOS: 53 (CONVOCATORIA Y FECHA DE ELECCIONES), 60 (REGISTRO DE LOS CANDIDATOS Y PEDIDO DE OFICIALIZACION DE LISTAS), 122 (PROCLAMACION DE LOS ELECTOS) Y 124 (ACTA DE ESCRUTINIO, TESTIMONIOS); INCORPORACION DE ARTICULO 60 BIS (REQUISITOS PARA LA OFICIALIZACION DE LISTAS), ARTICULO 120 BIS (COMPUTO FINAL PARLAMENTARIOS DEL MERCOSUR) Y CAPITULO IV A CONTINUACION DEL ARTICULO 164 (PARLAMENTARIOS DEL MERCOSUR); MODIFICACION DE LOS SIGUIENTES ARTICULOS DE LA LEY 26215 (LEY DE FINANCIAMIENTO DE LOS PARTIDOS POLITICOS): 34 (APORTES DE CAMPA\u00d1A), 35 (APORTE IMPRESION DE BOLETAS) Y 36 (DISTRIBUCION DE APORTES); JUSTICIA NACIONAL ELECTORAL; ESTATUS JURIDICO DE LOS PARLAMENTARIOS DEL MERCOSUR; FECHA DE ELECCIONES; PRIMERA ELECCION DIRECTA DE PARLAMENTARIOS DEL MERCOSUR; CARGOS A CUBRIR; INCORPORACION PARCIAL DE PARLAMENTARIOS DEL MERCOSUR; LISTAS.","('0134-D-2014', 1)":null,"('0134-D-2014', 2)":null,"('0134-D-2014', 3)":null,"('0134-D-2014', 4)":null,"('0134-D-2014', 5)":null},"Palabra Clave":{"('0134-D-2014', 0)":" ","('0134-D-2014', 1)":null,"('0134-D-2014', 2)":null,"('0134-D-2014', 3)":null,"('0134-D-2014', 4)":null,"('0134-D-2014', 5)":null}}