{"Tipo de Proyecto":{"('0135-D-2014', 0)":"PROYECTO DE RESOLUCI\u00d3N"},"Iniciado en: ":{"('0135-D-2014', 0)":"Diputados"},"Expediente Diputados: ":{"('0135-D-2014', 0)":"0135-D-2014"},"Publicado en: ":{"('0135-D-2014', 0)":"Tr\u00e1mite Parlamentario N\u00b0 1"},"Fecha: ":{"('0135-D-2014', 0)":"05\/03\/2014"},"T\u00edtulo":{"('0135-D-2014', 0)":"EXPRESAR ADHESION AL DIA INTERNACIONAL DE LA MUJER, QUE SE CELEBRA EL 8 DE MARZO DE CADA A\u00d1O."},"('Firmantes', 'FIRMANTE')":{"('0135-D-2014', 0)":"GRANADOS, DULCE"},"('Firmantes', 'DISTRITO')":{"('0135-D-2014', 0)":"BUENOS AIRES"},"('Firmantes', 'BLOQUE')":{"('0135-D-2014', 0)":"FRENTE PARA LA VICTORIA - PJ"},"('Giros', 'COMISI\u00d3N')":{"('0135-D-2014', 0)":"FAMILIA, MUJER, NI\u00d1EZ Y ADOLESCENCIA"},"Link":{"('0135-D-2014', 0)":"https:\/\/www.hcdn.gob.ar\/proyectos\/textoCompleto.jsp?exp=0135-D-2014&tipo=RESOLUCION"},"Palabra Clave":{"('0135-D-2014', 0)":" "}}