{"Tipo de Proyecto":{"('0137-PE-2014', 0)":"MENSAJE NRO: ____\/__"},"Iniciado en: ":{"('0137-PE-2014', 0)":"Senado"},"Expediente Senado: ":{"('0137-PE-2014', 0)":"0137-PE-2014"},"Fecha: ":{"('0137-PE-2014', 0)":"14\/05\/2015"},"T\u00edtulo":{"('0137-PE-2014', 0)":"JEFATURA DE GABINETE DE MINISTROS REMITE RESPUESTA ENVIADA POR EL MINISTERIO DE DEL INTERIOR Y TRANSPORTE, RESPECTO DE LAS MEDIDAS ADOPTADAS PARA REGULARIZAR LAS SITUACIONES OBSERVADAS POR LA AUDITORIA GENERAL DE LA NACION, SOBRE LOS ESTADOS FINANCIEROS AL 31 DE DICIEMBRE DE 2008, CORRESPONDIENTES AL \"PROYECTO DE TRANSPORTE URBANO DE BUENOS AIRES\" - CONVENIO DE PRESTAMO 7442-AR BIRF."},"('Firmantes', 'FIRMANTE')":{"('0137-PE-2014', 0)":"PARLAMENTARIA MIXTA REVISORA DE CUENTAS"},"('Firmantes', 'DISTRITO')":{"('0137-PE-2014', 0)":null},"('Firmantes', 'BLOQUE')":{"('0137-PE-2014', 0)":null},"('Tramites', 'C\u00c1MARA')":{"('0137-PE-2014', 0)":"Senado"},"('Tramites', 'MOVIMIENTO')":{"('0137-PE-2014', 0)":"CONSIDERACION Y APROBACION (AL ARCHIVO)"},"('Tramites', 'FECHA')":{"('0137-PE-2014', 0)":"02\/11\/2016"},"('Tramites', 'RESULTADO')":{"('0137-PE-2014', 0)":"APROBADO"},"Sumario":{"('0137-PE-2014', 0)":"HABIENDO TOMADO CONOCIMIENTO Y SIN PERJUICIO DE ULTERIORES MEDIDAS QUE PUEDAN ADOPTARSE, SE ACONSEJA SU REMISION AL ARCHIVO."},"Palabra Clave":{"('0137-PE-2014', 0)":" "}}