{"Tipo de Proyecto":{"('0137-D-2014', 0)":"PROYECTO DE RESOLUCI\u00d3N"},"Iniciado en: ":{"('0137-D-2014', 0)":"Diputados"},"Expediente Diputados: ":{"('0137-D-2014', 0)":"0137-D-2014"},"Publicado en: ":{"('0137-D-2014', 0)":"Tr\u00e1mite Parlamentario N\u00b0 1"},"Fecha: ":{"('0137-D-2014', 0)":"05\/03\/2014"},"T\u00edtulo":{"('0137-D-2014', 0)":"DECLARAR DE INTERES DE LA HONORABLE CAMARA DE DIPUTADOS DE LA NACION LA 5 FIESTA NACIONAL DE TEJO, A REALIZARSE DEL 13 AL 17 DE MARZO DE 2014 EN EL BALNEARIO EL CONDOR, PROVINCIA DE RIO NEGRO."},"('Firmantes', 'FIRMANTE')":{"('0137-D-2014', 0)":"CEJAS, JORGE ALBERTO"},"('Firmantes', 'DISTRITO')":{"('0137-D-2014', 0)":"RIO NEGRO"},"('Firmantes', 'BLOQUE')":{"('0137-D-2014', 0)":"FRENTE PARA LA VICTORIA - PJ"},"('Giros', 'COMISI\u00d3N')":{"('0137-D-2014', 0)":"DEPORTES"},"('Tramites', 'C\u00c1MARA')":{"('0137-D-2014', 0)":"Diputados"},"('Tramites', 'MOVIMIENTO')":{"('0137-D-2014', 0)":"APROBACION ARTICULO 114 DEL REGLAMENTO DE LA H CAMARA DE DIPUTADOS; COMUNICADO EL 04\/06\/2014"},"('Tramites', 'FECHA')":{"('0137-D-2014', 0)":null},"('Tramites', 'RESULTADO')":{"('0137-D-2014', 0)":"APROBADO"},"Link":{"('0137-D-2014', 0)":"https:\/\/www.hcdn.gob.ar\/proyectos\/textoCompleto.jsp?exp=0137-D-2014&tipo=RESOLUCION"},"Palabra Clave":{"('0137-D-2014', 0)":" "}}