{"Tipo de Proyecto":{"('0137-S-2014', 0)":"COMUNICACION"},"Iniciado en: ":{"('0137-S-2014', 0)":"Senado"},"Expediente Senado: ":{"('0137-S-2014', 0)":"0137-S-2014"},"Publicado en: ":{"('0137-S-2014', 0)":"Diario de Asuntos Entrados N\u00b0 7"},"Fecha: ":{"('0137-S-2014', 0)":"05\/03\/2014"},"T\u00edtulo":{"('0137-S-2014', 0)":"PEDIDO DE INFORMES SOBRE LOS RESULTADOS OBTENIDOS POR LA APLICACION DEL \"PROGRAMA NACIONAL DE ENTREGA VOLUNTARIA DE ARMAS DE FUEGO\" EN EL A\u00d1O 2013."},"('Firmantes', 'FIRMANTE')":{"('0137-S-2014', 0)":"BASUALDO, ROBERTO GUSTAVO"},"('Firmantes', 'DISTRITO')":{"('0137-S-2014', 0)":"SAN JUAN"},"('Firmantes', 'BLOQUE')":{"('0137-S-2014', 0)":"PRODUCCION Y TRABAJO"},"('Tramites', 'C\u00c1MARA')":{"('0137-S-2014', 0)":"Senado"},"('Tramites', 'MOVIMIENTO')":{"('0137-S-2014', 0)":"CONSIDERACION Y APROBACION"},"('Tramites', 'FECHA')":{"('0137-S-2014', 0)":"03\/12\/2014"},"('Tramites', 'RESULTADO')":{"('0137-S-2014', 0)":"APROBADO"},"Link":{"('0137-S-2014', 0)":"http:\/\/www.senado.gov.ar\/parlamentario\/comisiones\/verExp\/137.14\/S\/PC"},"Palabra Clave":{"('0137-S-2014', 0)":" "}}