{"Tipo de Proyecto":{"('0138-S-2014', 0)":"PROYECTO DE LEY","('0138-S-2014', 1)":null,"('0138-S-2014', 2)":null},"Iniciado en: ":{"('0138-S-2014', 0)":"Senado","('0138-S-2014', 1)":null,"('0138-S-2014', 2)":null},"Expediente Diputados: ":{"('0138-S-2014', 0)":"0138-S-2014","('0138-S-2014', 1)":null,"('0138-S-2014', 2)":null},"Expediente Senado: ":{"('0138-S-2014', 0)":"0295-S-2014","('0138-S-2014', 1)":null,"('0138-S-2014', 2)":null},"Publicado en: ":{"('0138-S-2014', 0)":"Diario de Asuntos Entrados N\u00b0 15","('0138-S-2014', 1)":null,"('0138-S-2014', 2)":null},"Fecha: ":{"('0138-S-2014', 0)":"11\/03\/2014","('0138-S-2014', 1)":null,"('0138-S-2014', 2)":null},"T\u00edtulo":{"('0138-S-2014', 0)":"CREACION DE UNA CAMARA FEDERAL DE APELACIONES CON ASIENTO EN LA CIUDAD DE FORMOSA, PROVINCIA DE FORMOSA, CON COMPETENCIA EN TODO EL TERRITORIO DE LA PROVINCIA DE FORMOSA.","('0138-S-2014', 1)":null,"('0138-S-2014', 2)":null},"('Firmantes', 'FIRMANTE')":{"('0138-S-2014', 0)":"MAYANS, JOSE MIGUEL ANGEL","('0138-S-2014', 1)":null,"('0138-S-2014', 2)":null},"('Firmantes', 'DISTRITO')":{"('0138-S-2014', 0)":"FORMOSA","('0138-S-2014', 1)":null,"('0138-S-2014', 2)":null},"('Firmantes', 'BLOQUE')":{"('0138-S-2014', 0)":"FRENTE PARA LA VICTORIA - PJ","('0138-S-2014', 1)":null,"('0138-S-2014', 2)":null},"('Giros', 'COMISI\u00d3N')":{"('0138-S-2014', 0)":"JUSTICIA","('0138-S-2014', 1)":"PRESUPUESTO Y HACIENDA","('0138-S-2014', 2)":null},"('Tramites', 'C\u00c1MARA')":{"('0138-S-2014', 0)":"Senado","('0138-S-2014', 1)":"Diputados","('0138-S-2014', 2)":"Senado"},"('Tramites', 'MOVIMIENTO')":{"('0138-S-2014', 0)":"CONSIDERACION Y APROBACION","('0138-S-2014', 1)":"PASA A DIPUTADOS -","('0138-S-2014', 2)":"REPRODUCIDO POR EXPEDIENTE 2494-S-17"},"('Tramites', 'FECHA')":{"('0138-S-2014', 0)":"17\/12\/2014","('0138-S-2014', 1)":null,"('0138-S-2014', 2)":null},"('Tramites', 'RESULTADO')":{"('0138-S-2014', 0)":"MEDIA SANCION","('0138-S-2014', 1)":null,"('0138-S-2014', 2)":null},"Sumario":{"('0138-S-2014', 0)":"CREACION DE UNA FISCALIA GENERAL DE CAMARA Y UNA DEFENSORIA PUBLICA OFICIAL DE CAMARA, CAUSAS.","('0138-S-2014', 1)":null,"('0138-S-2014', 2)":null},"Palabra Clave":{"('0138-S-2014', 0)":" ","('0138-S-2014', 1)":null,"('0138-S-2014', 2)":null}}