{"Tipo de Proyecto":{"('0139-S-2014', 0)":"PROYECTO DE LEY","('0139-S-2014', 1)":null,"('0139-S-2014', 2)":null,"('0139-S-2014', 3)":null,"('0139-S-2014', 4)":null,"('0139-S-2014', 5)":null},"Iniciado en: ":{"('0139-S-2014', 0)":"Senado","('0139-S-2014', 1)":null,"('0139-S-2014', 2)":null,"('0139-S-2014', 3)":null,"('0139-S-2014', 4)":null,"('0139-S-2014', 5)":null},"Expediente Diputados: ":{"('0139-S-2014', 0)":"0139-S-2014","('0139-S-2014', 1)":null,"('0139-S-2014', 2)":null,"('0139-S-2014', 3)":null,"('0139-S-2014', 4)":null,"('0139-S-2014', 5)":null},"Expediente Senado: ":{"('0139-S-2014', 0)":"3309-S-2014","('0139-S-2014', 1)":null,"('0139-S-2014', 2)":null,"('0139-S-2014', 3)":null,"('0139-S-2014', 4)":null,"('0139-S-2014', 5)":null},"Publicado en: ":{"('0139-S-2014', 0)":"Diario de Asuntos Entrados N\u00b0 165","('0139-S-2014', 1)":null,"('0139-S-2014', 2)":null,"('0139-S-2014', 3)":null,"('0139-S-2014', 4)":null,"('0139-S-2014', 5)":null},"Fecha: ":{"('0139-S-2014', 0)":"08\/10\/2014","('0139-S-2014', 1)":null,"('0139-S-2014', 2)":null,"('0139-S-2014', 3)":null,"('0139-S-2014', 4)":null,"('0139-S-2014', 5)":null},"T\u00edtulo":{"('0139-S-2014', 0)":"CREACION DE UNA CAMARA FEDERAL DE APELACIONES CON ASIENTO EN LA CIUDAD DE COMANDANTE LUIS PIEDRA BUENA, PROVINCIA DE SANTA CRUZ.","('0139-S-2014', 1)":null,"('0139-S-2014', 2)":null,"('0139-S-2014', 3)":null,"('0139-S-2014', 4)":null,"('0139-S-2014', 5)":null},"('Firmantes', 'FIRMANTE')":{"('0139-S-2014', 0)":"GONZALEZ, PABLO GERARDO","('0139-S-2014', 1)":"GARRAMU\u00d1O, JORGE ALBERTO","('0139-S-2014', 2)":"BERTONE, ROSANA ANDREA","('0139-S-2014', 3)":"LABADO, MARIA ESTER","('0139-S-2014', 4)":"CATALAN MAGNI, JULIO CESAR","('0139-S-2014', 5)":"MARTINEZ, ALFREDO ANSELMO"},"('Firmantes', 'DISTRITO')":{"('0139-S-2014', 0)":"SANTA CRUZ","('0139-S-2014', 1)":"TIERRA DEL FUEGO","('0139-S-2014', 2)":"TIERRA DEL FUEGO","('0139-S-2014', 3)":"SANTA CRUZ","('0139-S-2014', 4)":"TIERRA DEL FUEGO","('0139-S-2014', 5)":"SANTA CRUZ"},"('Firmantes', 'BLOQUE')":{"('0139-S-2014', 0)":"FRENTE PARA LA VICTORIA - PJ","('0139-S-2014', 1)":"MOV POP FUEGUINO","('0139-S-2014', 2)":"FRENTE PARA LA VICTORIA - PJ","('0139-S-2014', 3)":"FRENTE PARA LA VICTORIA - PJ","('0139-S-2014', 4)":"FRENTE PARA LA VICTORIA - PJ","('0139-S-2014', 5)":"UCR"},"('Giros', 'COMISI\u00d3N')":{"('0139-S-2014', 0)":"JUSTICIA","('0139-S-2014', 1)":"PRESUPUESTO Y HACIENDA","('0139-S-2014', 2)":null,"('0139-S-2014', 3)":null,"('0139-S-2014', 4)":null,"('0139-S-2014', 5)":null},"('Tramites', 'C\u00c1MARA')":{"('0139-S-2014', 0)":"Senado","('0139-S-2014', 1)":"Diputados","('0139-S-2014', 2)":"Diputados","('0139-S-2014', 3)":"Diputados","('0139-S-2014', 4)":null,"('0139-S-2014', 5)":null},"('Tramites', 'MOVIMIENTO')":{"('0139-S-2014', 0)":"CONSIDERACION Y APROBACION","('0139-S-2014', 1)":"PASA A DIPUTADOS -","('0139-S-2014', 2)":"CITACION SESION ESPECIAL","('0139-S-2014', 3)":"CONSIDERACION Y SANCION","('0139-S-2014', 4)":null,"('0139-S-2014', 5)":null},"('Tramites', 'FECHA')":{"('0139-S-2014', 0)":"17\/12\/2014","('0139-S-2014', 1)":null,"('0139-S-2014', 2)":"10\/06\/2015","('0139-S-2014', 3)":"10\/06\/2015","('0139-S-2014', 4)":null,"('0139-S-2014', 5)":null},"('Tramites', 'RESULTADO')":{"('0139-S-2014', 0)":"MEDIA SANCION","('0139-S-2014', 1)":null,"('0139-S-2014', 2)":null,"('0139-S-2014', 3)":"SANCIONADO","('0139-S-2014', 4)":null,"('0139-S-2014', 5)":null},"Link":{"('0139-S-2014', 0)":"http:\/\/www.senado.gov.ar\/parlamentario\/comisiones\/verExp\/3309.14\/S\/PL","('0139-S-2014', 1)":null,"('0139-S-2014', 2)":null,"('0139-S-2014', 3)":null,"('0139-S-2014', 4)":null,"('0139-S-2014', 5)":null},"Palabra Clave":{"('0139-S-2014', 0)":" ","('0139-S-2014', 1)":null,"('0139-S-2014', 2)":null,"('0139-S-2014', 3)":null,"('0139-S-2014', 4)":null,"('0139-S-2014', 5)":null}}