{"Tipo de Proyecto":{"('0140-D-2014', 0)":"PROYECTO DE DECLARACI\u00d3N","('0140-D-2014', 1)":null,"('0140-D-2014', 2)":null,"('0140-D-2014', 3)":null,"('0140-D-2014', 4)":null,"('0140-D-2014', 5)":null,"('0140-D-2014', 6)":null,"('0140-D-2014', 7)":null,"('0140-D-2014', 8)":null,"('0140-D-2014', 9)":null,"('0140-D-2014', 10)":null,"('0140-D-2014', 11)":null,"('0140-D-2014', 12)":null,"('0140-D-2014', 13)":null,"('0140-D-2014', 14)":null},"Iniciado en: ":{"('0140-D-2014', 0)":"Diputados","('0140-D-2014', 1)":null,"('0140-D-2014', 2)":null,"('0140-D-2014', 3)":null,"('0140-D-2014', 4)":null,"('0140-D-2014', 5)":null,"('0140-D-2014', 6)":null,"('0140-D-2014', 7)":null,"('0140-D-2014', 8)":null,"('0140-D-2014', 9)":null,"('0140-D-2014', 10)":null,"('0140-D-2014', 11)":null,"('0140-D-2014', 12)":null,"('0140-D-2014', 13)":null,"('0140-D-2014', 14)":null},"Expediente Diputados: ":{"('0140-D-2014', 0)":"0140-D-2014","('0140-D-2014', 1)":null,"('0140-D-2014', 2)":null,"('0140-D-2014', 3)":null,"('0140-D-2014', 4)":null,"('0140-D-2014', 5)":null,"('0140-D-2014', 6)":null,"('0140-D-2014', 7)":null,"('0140-D-2014', 8)":null,"('0140-D-2014', 9)":null,"('0140-D-2014', 10)":null,"('0140-D-2014', 11)":null,"('0140-D-2014', 12)":null,"('0140-D-2014', 13)":null,"('0140-D-2014', 14)":null},"Publicado en: ":{"('0140-D-2014', 0)":"Tr\u00e1mite Parlamentario N\u00b0 1","('0140-D-2014', 1)":null,"('0140-D-2014', 2)":null,"('0140-D-2014', 3)":null,"('0140-D-2014', 4)":null,"('0140-D-2014', 5)":null,"('0140-D-2014', 6)":null,"('0140-D-2014', 7)":null,"('0140-D-2014', 8)":null,"('0140-D-2014', 9)":null,"('0140-D-2014', 10)":null,"('0140-D-2014', 11)":null,"('0140-D-2014', 12)":null,"('0140-D-2014', 13)":null,"('0140-D-2014', 14)":null},"Fecha: ":{"('0140-D-2014', 0)":"05\/03\/2014","('0140-D-2014', 1)":null,"('0140-D-2014', 2)":null,"('0140-D-2014', 3)":null,"('0140-D-2014', 4)":null,"('0140-D-2014', 5)":null,"('0140-D-2014', 6)":null,"('0140-D-2014', 7)":null,"('0140-D-2014', 8)":null,"('0140-D-2014', 9)":null,"('0140-D-2014', 10)":null,"('0140-D-2014', 11)":null,"('0140-D-2014', 12)":null,"('0140-D-2014', 13)":null,"('0140-D-2014', 14)":null},"T\u00edtulo":{"('0140-D-2014', 0)":"EXPRESAR BENEPLACITO  POR EL \"CONVENIO DE SOLUCION AMIGABLE Y AVENIMIENTO DE EXPROPIACION\", QUE FIRMO EL ESTADO ARGENTINO Y REPSOL, CON MOTIVO DE LA NACIONALIZACION DE YPF.","('0140-D-2014', 1)":null,"('0140-D-2014', 2)":null,"('0140-D-2014', 3)":null,"('0140-D-2014', 4)":null,"('0140-D-2014', 5)":null,"('0140-D-2014', 6)":null,"('0140-D-2014', 7)":null,"('0140-D-2014', 8)":null,"('0140-D-2014', 9)":null,"('0140-D-2014', 10)":null,"('0140-D-2014', 11)":null,"('0140-D-2014', 12)":null,"('0140-D-2014', 13)":null,"('0140-D-2014', 14)":null},"('Firmantes', 'FIRMANTE')":{"('0140-D-2014', 0)":"RUBIN, CARLOS GUSTAVO","('0140-D-2014', 1)":"GIACOMINO, DANIEL OSCAR","('0140-D-2014', 2)":"ZAMARRE\u00d1O, MARIA EUGENIA","('0140-D-2014', 3)":"GIACCONE, CLAUDIA ALEJANDRA","('0140-D-2014', 4)":"BARRETO, JORGE RUBEN","('0140-D-2014', 5)":"FERREYRA, ARACELI","('0140-D-2014', 6)":"GONZALEZ, VERONICA","('0140-D-2014', 7)":"ABRAHAM, ALEJANDRO","('0140-D-2014', 8)":"RECALDE, HECTOR PEDRO","('0140-D-2014', 9)":"MARCOPULOS, JUAN FERNANDO","('0140-D-2014', 10)":"VILARI\u00d1O, JOSE ANTONIO","('0140-D-2014', 11)":"PERRONI, ANA MARIA","('0140-D-2014', 12)":"MENDOZA, SANDRA MARCELA","('0140-D-2014', 13)":"PERIE, JULIA ARGENTINA","('0140-D-2014', 14)":"BEDANO, NORA ESTHER"},"('Firmantes', 'DISTRITO')":{"('0140-D-2014', 0)":"CORRIENTES","('0140-D-2014', 1)":"CORDOBA","('0140-D-2014', 2)":"BUENOS AIRES","('0140-D-2014', 3)":"SANTA FE","('0140-D-2014', 4)":"ENTRE RIOS","('0140-D-2014', 5)":"CORRIENTES","('0140-D-2014', 6)":"TIERRA DEL FUEGO","('0140-D-2014', 7)":"MENDOZA","('0140-D-2014', 8)":"BUENOS AIRES","('0140-D-2014', 9)":"CORRIENTES","('0140-D-2014', 10)":"SALTA","('0140-D-2014', 11)":"CORRIENTES","('0140-D-2014', 12)":"CHACO","('0140-D-2014', 13)":"MISIONES","('0140-D-2014', 14)":"CORDOBA"},"('Firmantes', 'BLOQUE')":{"('0140-D-2014', 0)":"FRENTE PARA LA VICTORIA - PJ","('0140-D-2014', 1)":"FRENTE PARA LA VICTORIA - PJ","('0140-D-2014', 2)":"FRENTE PARA LA VICTORIA - PJ","('0140-D-2014', 3)":"FRENTE PARA LA VICTORIA - PJ","('0140-D-2014', 4)":"FRENTE PARA LA VICTORIA - PJ","('0140-D-2014', 5)":"FRENTE PARA LA VICTORIA - PJ","('0140-D-2014', 6)":"FRENTE PARA LA VICTORIA - PJ","('0140-D-2014', 7)":"FRENTE PARA LA VICTORIA - PJ","('0140-D-2014', 8)":"FRENTE PARA LA VICTORIA - PJ","('0140-D-2014', 9)":"FRENTE PARA LA VICTORIA - PJ","('0140-D-2014', 10)":"FRENTE PARA LA VICTORIA - PJ","('0140-D-2014', 11)":"FRENTE PARA LA VICTORIA - PJ","('0140-D-2014', 12)":"FRENTE PARA LA VICTORIA - PJ","('0140-D-2014', 13)":"FRENTE PARA LA VICTORIA - PJ","('0140-D-2014', 14)":"FRENTE PARA LA VICTORIA - PJ"},"('Giros', 'COMISI\u00d3N')":{"('0140-D-2014', 0)":"ENERGIA Y COMBUSTIBLES","('0140-D-2014', 1)":null,"('0140-D-2014', 2)":null,"('0140-D-2014', 3)":null,"('0140-D-2014', 4)":null,"('0140-D-2014', 5)":null,"('0140-D-2014', 6)":null,"('0140-D-2014', 7)":null,"('0140-D-2014', 8)":null,"('0140-D-2014', 9)":null,"('0140-D-2014', 10)":null,"('0140-D-2014', 11)":null,"('0140-D-2014', 12)":null,"('0140-D-2014', 13)":null,"('0140-D-2014', 14)":null},"('Tramites', 'C\u00c1MARA')":{"('0140-D-2014', 0)":"Diputados","('0140-D-2014', 1)":null,"('0140-D-2014', 2)":null,"('0140-D-2014', 3)":null,"('0140-D-2014', 4)":null,"('0140-D-2014', 5)":null,"('0140-D-2014', 6)":null,"('0140-D-2014', 7)":null,"('0140-D-2014', 8)":null,"('0140-D-2014', 9)":null,"('0140-D-2014', 10)":null,"('0140-D-2014', 11)":null,"('0140-D-2014', 12)":null,"('0140-D-2014', 13)":null,"('0140-D-2014', 14)":null},"('Tramites', 'MOVIMIENTO')":{"('0140-D-2014', 0)":"SOLICITUD DE SER COFIRMANTE DE LA DIPUTADA BEDANO NORA (A SUS ANTECEDENTES)","('0140-D-2014', 1)":null,"('0140-D-2014', 2)":null,"('0140-D-2014', 3)":null,"('0140-D-2014', 4)":null,"('0140-D-2014', 5)":null,"('0140-D-2014', 6)":null,"('0140-D-2014', 7)":null,"('0140-D-2014', 8)":null,"('0140-D-2014', 9)":null,"('0140-D-2014', 10)":null,"('0140-D-2014', 11)":null,"('0140-D-2014', 12)":null,"('0140-D-2014', 13)":null,"('0140-D-2014', 14)":null},"('Tramites', 'FECHA')":{"('0140-D-2014', 0)":null,"('0140-D-2014', 1)":null,"('0140-D-2014', 2)":null,"('0140-D-2014', 3)":null,"('0140-D-2014', 4)":null,"('0140-D-2014', 5)":null,"('0140-D-2014', 6)":null,"('0140-D-2014', 7)":null,"('0140-D-2014', 8)":null,"('0140-D-2014', 9)":null,"('0140-D-2014', 10)":null,"('0140-D-2014', 11)":null,"('0140-D-2014', 12)":null,"('0140-D-2014', 13)":null,"('0140-D-2014', 14)":null},"('Tramites', 'RESULTADO')":{"('0140-D-2014', 0)":null,"('0140-D-2014', 1)":null,"('0140-D-2014', 2)":null,"('0140-D-2014', 3)":null,"('0140-D-2014', 4)":null,"('0140-D-2014', 5)":null,"('0140-D-2014', 6)":null,"('0140-D-2014', 7)":null,"('0140-D-2014', 8)":null,"('0140-D-2014', 9)":null,"('0140-D-2014', 10)":null,"('0140-D-2014', 11)":null,"('0140-D-2014', 12)":null,"('0140-D-2014', 13)":null,"('0140-D-2014', 14)":null},"Link":{"('0140-D-2014', 0)":"https:\/\/www.hcdn.gob.ar\/proyectos\/textoCompleto.jsp?exp=0140-D-2014&tipo=DECLARACION","('0140-D-2014', 1)":null,"('0140-D-2014', 2)":null,"('0140-D-2014', 3)":null,"('0140-D-2014', 4)":null,"('0140-D-2014', 5)":null,"('0140-D-2014', 6)":null,"('0140-D-2014', 7)":null,"('0140-D-2014', 8)":null,"('0140-D-2014', 9)":null,"('0140-D-2014', 10)":null,"('0140-D-2014', 11)":null,"('0140-D-2014', 12)":null,"('0140-D-2014', 13)":null,"('0140-D-2014', 14)":null},"Palabra Clave":{"('0140-D-2014', 0)":" ","('0140-D-2014', 1)":null,"('0140-D-2014', 2)":null,"('0140-D-2014', 3)":null,"('0140-D-2014', 4)":null,"('0140-D-2014', 5)":null,"('0140-D-2014', 6)":null,"('0140-D-2014', 7)":null,"('0140-D-2014', 8)":null,"('0140-D-2014', 9)":null,"('0140-D-2014', 10)":null,"('0140-D-2014', 11)":null,"('0140-D-2014', 12)":null,"('0140-D-2014', 13)":null,"('0140-D-2014', 14)":null}}