{"Tipo de Proyecto":{"('0140-PE-2014', 0)":"MENSAJE NRO \/ A\u00d1O"},"Iniciado en: ":{"('0140-PE-2014', 0)":"Senado"},"Expediente Senado: ":{"('0140-PE-2014', 0)":"0140-PE-2014"},"Fecha: ":{"('0140-PE-2014', 0)":"13\/03\/2015"},"T\u00edtulo":{"('0140-PE-2014', 0)":"JEFE DE GABINETE DE MINISTROS REMITE COPIA DE LA RESPUESTA ENVIADA POR EL MINISTERIO DE TRABAJO, EMPLEO Y SEGURIDAD SOCIAL, RESPECTO DE LAS  MEDIDAS ADOPTADAS PARA REGULARIZAR LAS SITUACIONES OBSERVADAS POR LA AUDITORIA GENERAL DE LA NACION, REFERIDO A LA SUPERINTENDENCIA DE RIESGOS DEL TRABAJO - GESTION ADMINISTRATIVA DE LAS COMISIONES MEDICAS Y COMISION MEDICA CENTRAL."},"('Firmantes', 'FIRMANTE')":{"('0140-PE-2014', 0)":"PARLAMENTARIA MIXTA REVISORA DE CUENTAS"},"('Firmantes', 'DISTRITO')":{"('0140-PE-2014', 0)":null},"('Firmantes', 'BLOQUE')":{"('0140-PE-2014', 0)":null},"('Tramites', 'C\u00c1MARA')":{"('0140-PE-2014', 0)":"Senado"},"('Tramites', 'MOVIMIENTO')":{"('0140-PE-2014', 0)":"CONSIDERACION Y APROBACION (AL ARCHIVO)"},"('Tramites', 'FECHA')":{"('0140-PE-2014', 0)":"02\/11\/2016"},"('Tramites', 'RESULTADO')":{"('0140-PE-2014', 0)":"APROBADO"},"Sumario":{"('0140-PE-2014', 0)":"HABIENDO TOMADO CONOCIMIENTO Y SIN PERJUICIO DE ULTERIORES MEDIDAS QUE PUEDAN ADOPTARSE, SE ACONSEJA SU REMISION AL ARCHIVO."},"Palabra Clave":{"('0140-PE-2014', 0)":" "}}