{"Tipo de Proyecto":{"('0140-S-2014', 0)":"PROYECTO DE LEY","('0140-S-2014', 1)":null},"Iniciado en: ":{"('0140-S-2014', 0)":"Senado","('0140-S-2014', 1)":null},"Expediente Diputados: ":{"('0140-S-2014', 0)":"0140-S-2014","('0140-S-2014', 1)":null},"Expediente Senado: ":{"('0140-S-2014', 0)":"0068-S-2014","('0140-S-2014', 1)":null},"Publicado en: ":{"('0140-S-2014', 0)":"Diario de Asuntos Entrados N\u00b0 4","('0140-S-2014', 1)":null},"Fecha: ":{"('0140-S-2014', 0)":"05\/03\/2014","('0140-S-2014', 1)":null},"T\u00edtulo":{"('0140-S-2014', 0)":"CREACION DE  UNA CAMARA FEDERAL DE APELACIONES CON ASIENTO EN LA CIUDAD DE SANTIAGO DEL ESTERO, CAPITAL DE LA PROVINCIA HOMONIMA.","('0140-S-2014', 1)":null},"('Firmantes', 'FIRMANTE')":{"('0140-S-2014', 0)":"ITURREZ DE CAPPELLINI, ADA ROSA DEL VALLE","('0140-S-2014', 1)":null},"('Firmantes', 'DISTRITO')":{"('0140-S-2014', 0)":"SANTIAGO DEL ESTERO","('0140-S-2014', 1)":null},"('Firmantes', 'BLOQUE')":{"('0140-S-2014', 0)":"FRENTE CIVICO POR SANTIAGO","('0140-S-2014', 1)":null},"('Giros', 'COMISI\u00d3N')":{"('0140-S-2014', 0)":"JUSTICIA","('0140-S-2014', 1)":"PRESUPUESTO Y HACIENDA"},"('Tramites', 'C\u00c1MARA')":{"('0140-S-2014', 0)":"Senado","('0140-S-2014', 1)":"Diputados"},"('Tramites', 'MOVIMIENTO')":{"('0140-S-2014', 0)":"CONSIDERACION Y APROBACION","('0140-S-2014', 1)":"PASA A DIPUTADOS -"},"('Tramites', 'FECHA')":{"('0140-S-2014', 0)":"17\/12\/2014","('0140-S-2014', 1)":null},"('Tramites', 'RESULTADO')":{"('0140-S-2014', 0)":"MEDIA SANCION","('0140-S-2014', 1)":null},"Sumario":{"('0140-S-2014', 0)":"INTEGRACION; TRIBUNAL DE ALZADA; COMPETENCIA; CAUSAS; GASTOS.","('0140-S-2014', 1)":null},"Palabra Clave":{"('0140-S-2014', 0)":" ","('0140-S-2014', 1)":null}}