{"Tipo de Proyecto":{"('0141-D-2014', 0)":"PROYECTO DE DECLARACI\u00d3N","('0141-D-2014', 1)":null,"('0141-D-2014', 2)":null,"('0141-D-2014', 3)":null,"('0141-D-2014', 4)":null,"('0141-D-2014', 5)":null,"('0141-D-2014', 6)":null,"('0141-D-2014', 7)":null,"('0141-D-2014', 8)":null,"('0141-D-2014', 9)":null,"('0141-D-2014', 10)":null,"('0141-D-2014', 11)":null,"('0141-D-2014', 12)":null,"('0141-D-2014', 13)":null,"('0141-D-2014', 14)":null,"('0141-D-2014', 15)":null},"Iniciado en: ":{"('0141-D-2014', 0)":"Diputados","('0141-D-2014', 1)":null,"('0141-D-2014', 2)":null,"('0141-D-2014', 3)":null,"('0141-D-2014', 4)":null,"('0141-D-2014', 5)":null,"('0141-D-2014', 6)":null,"('0141-D-2014', 7)":null,"('0141-D-2014', 8)":null,"('0141-D-2014', 9)":null,"('0141-D-2014', 10)":null,"('0141-D-2014', 11)":null,"('0141-D-2014', 12)":null,"('0141-D-2014', 13)":null,"('0141-D-2014', 14)":null,"('0141-D-2014', 15)":null},"Expediente Diputados: ":{"('0141-D-2014', 0)":"0141-D-2014","('0141-D-2014', 1)":null,"('0141-D-2014', 2)":null,"('0141-D-2014', 3)":null,"('0141-D-2014', 4)":null,"('0141-D-2014', 5)":null,"('0141-D-2014', 6)":null,"('0141-D-2014', 7)":null,"('0141-D-2014', 8)":null,"('0141-D-2014', 9)":null,"('0141-D-2014', 10)":null,"('0141-D-2014', 11)":null,"('0141-D-2014', 12)":null,"('0141-D-2014', 13)":null,"('0141-D-2014', 14)":null,"('0141-D-2014', 15)":null},"Publicado en: ":{"('0141-D-2014', 0)":"Tr\u00e1mite Parlamentario N\u00b0 1","('0141-D-2014', 1)":null,"('0141-D-2014', 2)":null,"('0141-D-2014', 3)":null,"('0141-D-2014', 4)":null,"('0141-D-2014', 5)":null,"('0141-D-2014', 6)":null,"('0141-D-2014', 7)":null,"('0141-D-2014', 8)":null,"('0141-D-2014', 9)":null,"('0141-D-2014', 10)":null,"('0141-D-2014', 11)":null,"('0141-D-2014', 12)":null,"('0141-D-2014', 13)":null,"('0141-D-2014', 14)":null,"('0141-D-2014', 15)":null},"Fecha: ":{"('0141-D-2014', 0)":"05\/03\/2014","('0141-D-2014', 1)":null,"('0141-D-2014', 2)":null,"('0141-D-2014', 3)":null,"('0141-D-2014', 4)":null,"('0141-D-2014', 5)":null,"('0141-D-2014', 6)":null,"('0141-D-2014', 7)":null,"('0141-D-2014', 8)":null,"('0141-D-2014', 9)":null,"('0141-D-2014', 10)":null,"('0141-D-2014', 11)":null,"('0141-D-2014', 12)":null,"('0141-D-2014', 13)":null,"('0141-D-2014', 14)":null,"('0141-D-2014', 15)":null},"T\u00edtulo":{"('0141-D-2014', 0)":"EXPRESAR BENEPLACITO POR LA DECISION DE QUE LA BASE PETREL PASE A SER UNA BASE PERMANENTE EN LA ANTARTIDA.","('0141-D-2014', 1)":null,"('0141-D-2014', 2)":null,"('0141-D-2014', 3)":null,"('0141-D-2014', 4)":null,"('0141-D-2014', 5)":null,"('0141-D-2014', 6)":null,"('0141-D-2014', 7)":null,"('0141-D-2014', 8)":null,"('0141-D-2014', 9)":null,"('0141-D-2014', 10)":null,"('0141-D-2014', 11)":null,"('0141-D-2014', 12)":null,"('0141-D-2014', 13)":null,"('0141-D-2014', 14)":null,"('0141-D-2014', 15)":null},"('Firmantes', 'FIRMANTE')":{"('0141-D-2014', 0)":"RUBIN, CARLOS GUSTAVO","('0141-D-2014', 1)":"GIACOMINO, DANIEL OSCAR","('0141-D-2014', 2)":"ZAMARRE\u00d1O, MARIA EUGENIA","('0141-D-2014', 3)":"VILLATA, GRACIELA SUSANA","('0141-D-2014', 4)":"BALCEDO, MARIA ESTER","('0141-D-2014', 5)":"FERREYRA, ARACELI","('0141-D-2014', 6)":"MONGELO, JOSE RICARDO","('0141-D-2014', 7)":"MARCOPULOS, JUAN FERNANDO","('0141-D-2014', 8)":"BARRETO, JORGE RUBEN","('0141-D-2014', 9)":"ASSEFF, ALBERTO EMILIO","('0141-D-2014', 10)":"VILARI\u00d1O, JOSE ANTONIO","('0141-D-2014', 11)":"PERRONI, ANA MARIA","('0141-D-2014', 12)":"ABRAHAM, ALEJANDRO","('0141-D-2014', 13)":"GONZALEZ, VERONICA","('0141-D-2014', 14)":"GIACCONE, CLAUDIA ALEJANDRA","('0141-D-2014', 15)":"BEDANO, NORA ESTHER"},"('Firmantes', 'DISTRITO')":{"('0141-D-2014', 0)":"CORRIENTES","('0141-D-2014', 1)":"CORDOBA","('0141-D-2014', 2)":"BUENOS AIRES","('0141-D-2014', 3)":"CORDOBA","('0141-D-2014', 4)":"BUENOS AIRES","('0141-D-2014', 5)":"CORRIENTES","('0141-D-2014', 6)":"CHACO","('0141-D-2014', 7)":"CORRIENTES","('0141-D-2014', 8)":"ENTRE RIOS","('0141-D-2014', 9)":"BUENOS AIRES","('0141-D-2014', 10)":"SALTA","('0141-D-2014', 11)":"CORRIENTES","('0141-D-2014', 12)":"MENDOZA","('0141-D-2014', 13)":"TIERRA DEL FUEGO","('0141-D-2014', 14)":"SANTA FE","('0141-D-2014', 15)":"CORDOBA"},"('Firmantes', 'BLOQUE')":{"('0141-D-2014', 0)":"FRENTE PARA LA VICTORIA - PJ","('0141-D-2014', 1)":"FRENTE PARA LA VICTORIA - PJ","('0141-D-2014', 2)":"FRENTE PARA LA VICTORIA - PJ","('0141-D-2014', 3)":"FRENTE CIVICO - CORDOBA","('0141-D-2014', 4)":"FRENTE PARA LA VICTORIA - PJ","('0141-D-2014', 5)":"FRENTE PARA LA VICTORIA - PJ","('0141-D-2014', 6)":"FRENTE PARA LA VICTORIA - PJ","('0141-D-2014', 7)":"FRENTE PARA LA VICTORIA - PJ","('0141-D-2014', 8)":"FRENTE PARA LA VICTORIA - PJ","('0141-D-2014', 9)":"UNIR","('0141-D-2014', 10)":"FRENTE PARA LA VICTORIA - PJ","('0141-D-2014', 11)":"FRENTE PARA LA VICTORIA - PJ","('0141-D-2014', 12)":"FRENTE PARA LA VICTORIA - PJ","('0141-D-2014', 13)":"FRENTE PARA LA VICTORIA - PJ","('0141-D-2014', 14)":"FRENTE PARA LA VICTORIA - PJ","('0141-D-2014', 15)":"FRENTE PARA LA VICTORIA - PJ"},"('Giros', 'COMISI\u00d3N')":{"('0141-D-2014', 0)":"DEFENSA NACIONAL","('0141-D-2014', 1)":null,"('0141-D-2014', 2)":null,"('0141-D-2014', 3)":null,"('0141-D-2014', 4)":null,"('0141-D-2014', 5)":null,"('0141-D-2014', 6)":null,"('0141-D-2014', 7)":null,"('0141-D-2014', 8)":null,"('0141-D-2014', 9)":null,"('0141-D-2014', 10)":null,"('0141-D-2014', 11)":null,"('0141-D-2014', 12)":null,"('0141-D-2014', 13)":null,"('0141-D-2014', 14)":null,"('0141-D-2014', 15)":null},"('Tramites', 'C\u00c1MARA')":{"('0141-D-2014', 0)":"Diputados","('0141-D-2014', 1)":"Diputados","('0141-D-2014', 2)":null,"('0141-D-2014', 3)":null,"('0141-D-2014', 4)":null,"('0141-D-2014', 5)":null,"('0141-D-2014', 6)":null,"('0141-D-2014', 7)":null,"('0141-D-2014', 8)":null,"('0141-D-2014', 9)":null,"('0141-D-2014', 10)":null,"('0141-D-2014', 11)":null,"('0141-D-2014', 12)":null,"('0141-D-2014', 13)":null,"('0141-D-2014', 14)":null,"('0141-D-2014', 15)":null},"('Tramites', 'MOVIMIENTO')":{"('0141-D-2014', 0)":"SOLICITUD DE SER COFIRMANTE DE LA DIPUTADA BEDANO NORA (A SUS ANTECEDENTES)","('0141-D-2014', 1)":"APROBACION ARTICULO 114 DEL REGLAMENTO DE LA H CAMARA DE DIPUTADOS; COMUNICADO EL 14\/08\/2014","('0141-D-2014', 2)":null,"('0141-D-2014', 3)":null,"('0141-D-2014', 4)":null,"('0141-D-2014', 5)":null,"('0141-D-2014', 6)":null,"('0141-D-2014', 7)":null,"('0141-D-2014', 8)":null,"('0141-D-2014', 9)":null,"('0141-D-2014', 10)":null,"('0141-D-2014', 11)":null,"('0141-D-2014', 12)":null,"('0141-D-2014', 13)":null,"('0141-D-2014', 14)":null,"('0141-D-2014', 15)":null},"('Tramites', 'FECHA')":{"('0141-D-2014', 0)":null,"('0141-D-2014', 1)":null,"('0141-D-2014', 2)":null,"('0141-D-2014', 3)":null,"('0141-D-2014', 4)":null,"('0141-D-2014', 5)":null,"('0141-D-2014', 6)":null,"('0141-D-2014', 7)":null,"('0141-D-2014', 8)":null,"('0141-D-2014', 9)":null,"('0141-D-2014', 10)":null,"('0141-D-2014', 11)":null,"('0141-D-2014', 12)":null,"('0141-D-2014', 13)":null,"('0141-D-2014', 14)":null,"('0141-D-2014', 15)":null},"('Tramites', 'RESULTADO')":{"('0141-D-2014', 0)":null,"('0141-D-2014', 1)":"APROBADO","('0141-D-2014', 2)":null,"('0141-D-2014', 3)":null,"('0141-D-2014', 4)":null,"('0141-D-2014', 5)":null,"('0141-D-2014', 6)":null,"('0141-D-2014', 7)":null,"('0141-D-2014', 8)":null,"('0141-D-2014', 9)":null,"('0141-D-2014', 10)":null,"('0141-D-2014', 11)":null,"('0141-D-2014', 12)":null,"('0141-D-2014', 13)":null,"('0141-D-2014', 14)":null,"('0141-D-2014', 15)":null},"Link":{"('0141-D-2014', 0)":"https:\/\/www.hcdn.gob.ar\/proyectos\/textoCompleto.jsp?exp=0141-D-2014&tipo=DECLARACION","('0141-D-2014', 1)":null,"('0141-D-2014', 2)":null,"('0141-D-2014', 3)":null,"('0141-D-2014', 4)":null,"('0141-D-2014', 5)":null,"('0141-D-2014', 6)":null,"('0141-D-2014', 7)":null,"('0141-D-2014', 8)":null,"('0141-D-2014', 9)":null,"('0141-D-2014', 10)":null,"('0141-D-2014', 11)":null,"('0141-D-2014', 12)":null,"('0141-D-2014', 13)":null,"('0141-D-2014', 14)":null,"('0141-D-2014', 15)":null},"Palabra Clave":{"('0141-D-2014', 0)":" ","('0141-D-2014', 1)":null,"('0141-D-2014', 2)":null,"('0141-D-2014', 3)":null,"('0141-D-2014', 4)":null,"('0141-D-2014', 5)":null,"('0141-D-2014', 6)":null,"('0141-D-2014', 7)":null,"('0141-D-2014', 8)":null,"('0141-D-2014', 9)":null,"('0141-D-2014', 10)":null,"('0141-D-2014', 11)":null,"('0141-D-2014', 12)":null,"('0141-D-2014', 13)":null,"('0141-D-2014', 14)":null,"('0141-D-2014', 15)":null}}