{"Tipo de Proyecto":{"('0141-S-2014', 0)":"PROYECTO DE LEY","('0141-S-2014', 1)":null,"('0141-S-2014', 2)":null},"Iniciado en: ":{"('0141-S-2014', 0)":"Senado","('0141-S-2014', 1)":null,"('0141-S-2014', 2)":null},"Expediente Diputados: ":{"('0141-S-2014', 0)":"0141-S-2014","('0141-S-2014', 1)":null,"('0141-S-2014', 2)":null},"Expediente Senado: ":{"('0141-S-2014', 0)":"1428-S-2014","('0141-S-2014', 1)":null,"('0141-S-2014', 2)":null},"Publicado en: ":{"('0141-S-2014', 0)":"Diario de Asuntos Entrados N\u00b0 70","('0141-S-2014', 1)":null,"('0141-S-2014', 2)":null},"Fecha: ":{"('0141-S-2014', 0)":"16\/05\/2014","('0141-S-2014', 1)":null,"('0141-S-2014', 2)":null},"T\u00edtulo":{"('0141-S-2014', 0)":"DECLARAR PATRIMONIO HISTORICO NACIONAL AL DESTRUCTOR MISILISTICO ARA 'SANTISIMA TRINIDAD'.","('0141-S-2014', 1)":null,"('0141-S-2014', 2)":null},"('Firmantes', 'FIRMANTE')":{"('0141-S-2014', 0)":"ARTAZA, EUGENIO JUSTINIANO","('0141-S-2014', 1)":null,"('0141-S-2014', 2)":null},"('Firmantes', 'DISTRITO')":{"('0141-S-2014', 0)":"CORRIENTES","('0141-S-2014', 1)":null,"('0141-S-2014', 2)":null},"('Firmantes', 'BLOQUE')":{"('0141-S-2014', 0)":"UCR","('0141-S-2014', 1)":null,"('0141-S-2014', 2)":null},"('Giros', 'COMISI\u00d3N')":{"('0141-S-2014', 0)":"CULTURA","('0141-S-2014', 1)":"DEFENSA NACIONAL","('0141-S-2014', 2)":"PRESUPUESTO Y HACIENDA"},"('Tramites', 'C\u00c1MARA')":{"('0141-S-2014', 0)":"Senado","('0141-S-2014', 1)":"Diputados","('0141-S-2014', 2)":null},"('Tramites', 'MOVIMIENTO')":{"('0141-S-2014', 0)":"CONSIDERACION Y APROBACION","('0141-S-2014', 1)":"PASA A DIPUTADOS -","('0141-S-2014', 2)":null},"('Tramites', 'FECHA')":{"('0141-S-2014', 0)":"17\/12\/2014","('0141-S-2014', 1)":null,"('0141-S-2014', 2)":null},"('Tramites', 'RESULTADO')":{"('0141-S-2014', 0)":"MEDIA SANCION","('0141-S-2014', 1)":null,"('0141-S-2014', 2)":null},"Link":{"('0141-S-2014', 0)":"http:\/\/www.senado.gov.ar\/parlamentario\/comisiones\/verExp\/1428.14\/S\/PL","('0141-S-2014', 1)":null,"('0141-S-2014', 2)":null},"Palabra Clave":{"('0141-S-2014', 0)":" ","('0141-S-2014', 1)":null,"('0141-S-2014', 2)":null}}