{"Tipo de Proyecto":{"('0142-S-2014', 0)":"PROYECTO DE LEY","('0142-S-2014', 1)":null},"Iniciado en: ":{"('0142-S-2014', 0)":"Senado","('0142-S-2014', 1)":null},"Expediente Diputados: ":{"('0142-S-2014', 0)":"0142-S-2014","('0142-S-2014', 1)":null},"Expediente Senado: ":{"('0142-S-2014', 0)":"0038-S-2014","('0142-S-2014', 1)":null},"Publicado en: ":{"('0142-S-2014', 0)":"Diario de Asuntos Entrados N\u00b0 2","('0142-S-2014', 1)":null},"Fecha: ":{"('0142-S-2014', 0)":"05\/03\/2014","('0142-S-2014', 1)":null},"T\u00edtulo":{"('0142-S-2014', 0)":"DESIGNAR CON EL NOMBRE DE \"PIONEROS DEL PETROLEO\" A LA RUTA NACIONAL 26, QUE COMIENZA EN LA RUTA NACIONAL 3, EN LA CIUDAD DE COMODORO RIVADAVIA, CHUBUT, HASTA EL EMPALME CON LA RUTA NACIONAL 40. ","('0142-S-2014', 1)":null},"('Firmantes', 'FIRMANTE')":{"('0142-S-2014', 0)":"DI PERNA, GRACIELA AGUSTINA","('0142-S-2014', 1)":null},"('Firmantes', 'DISTRITO')":{"('0142-S-2014', 0)":"CHUBUT","('0142-S-2014', 1)":null},"('Firmantes', 'BLOQUE')":{"('0142-S-2014', 0)":"TRABAJO Y DIGNIDAD","('0142-S-2014', 1)":null},"('Giros', 'COMISI\u00d3N')":{"('0142-S-2014', 0)":"TRANSPORTES","('0142-S-2014', 1)":null},"('Tramites', 'C\u00c1MARA')":{"('0142-S-2014', 0)":"Senado","('0142-S-2014', 1)":"Diputados"},"('Tramites', 'MOVIMIENTO')":{"('0142-S-2014', 0)":"CONSIDERACION Y APROBACION","('0142-S-2014', 1)":"PASA A DIPUTADOS -"},"('Tramites', 'FECHA')":{"('0142-S-2014', 0)":"17\/12\/2014","('0142-S-2014', 1)":null},"('Tramites', 'RESULTADO')":{"('0142-S-2014', 0)":"MEDIA SANCION","('0142-S-2014', 1)":null},"Link":{"('0142-S-2014', 0)":"http:\/\/www.senado.gov.ar\/parlamentario\/comisiones\/verExp\/38.14\/S\/PL","('0142-S-2014', 1)":null},"Palabra Clave":{"('0142-S-2014', 0)":" ","('0142-S-2014', 1)":null}}