{"Tipo de Proyecto":{"('0142-D-2014', 0)":"PROYECTO DE RESOLUCI\u00d3N","('0142-D-2014', 1)":null,"('0142-D-2014', 2)":null,"('0142-D-2014', 3)":null,"('0142-D-2014', 4)":null,"('0142-D-2014', 5)":null,"('0142-D-2014', 6)":null,"('0142-D-2014', 7)":null,"('0142-D-2014', 8)":null,"('0142-D-2014', 9)":null,"('0142-D-2014', 10)":null,"('0142-D-2014', 11)":null,"('0142-D-2014', 12)":null,"('0142-D-2014', 13)":null,"('0142-D-2014', 14)":null,"('0142-D-2014', 15)":null},"Iniciado en: ":{"('0142-D-2014', 0)":"Diputados","('0142-D-2014', 1)":null,"('0142-D-2014', 2)":null,"('0142-D-2014', 3)":null,"('0142-D-2014', 4)":null,"('0142-D-2014', 5)":null,"('0142-D-2014', 6)":null,"('0142-D-2014', 7)":null,"('0142-D-2014', 8)":null,"('0142-D-2014', 9)":null,"('0142-D-2014', 10)":null,"('0142-D-2014', 11)":null,"('0142-D-2014', 12)":null,"('0142-D-2014', 13)":null,"('0142-D-2014', 14)":null,"('0142-D-2014', 15)":null},"Expediente Diputados: ":{"('0142-D-2014', 0)":"0142-D-2014","('0142-D-2014', 1)":null,"('0142-D-2014', 2)":null,"('0142-D-2014', 3)":null,"('0142-D-2014', 4)":null,"('0142-D-2014', 5)":null,"('0142-D-2014', 6)":null,"('0142-D-2014', 7)":null,"('0142-D-2014', 8)":null,"('0142-D-2014', 9)":null,"('0142-D-2014', 10)":null,"('0142-D-2014', 11)":null,"('0142-D-2014', 12)":null,"('0142-D-2014', 13)":null,"('0142-D-2014', 14)":null,"('0142-D-2014', 15)":null},"Publicado en: ":{"('0142-D-2014', 0)":"Tr\u00e1mite Parlamentario N\u00b0 1","('0142-D-2014', 1)":null,"('0142-D-2014', 2)":null,"('0142-D-2014', 3)":null,"('0142-D-2014', 4)":null,"('0142-D-2014', 5)":null,"('0142-D-2014', 6)":null,"('0142-D-2014', 7)":null,"('0142-D-2014', 8)":null,"('0142-D-2014', 9)":null,"('0142-D-2014', 10)":null,"('0142-D-2014', 11)":null,"('0142-D-2014', 12)":null,"('0142-D-2014', 13)":null,"('0142-D-2014', 14)":null,"('0142-D-2014', 15)":null},"Fecha: ":{"('0142-D-2014', 0)":"05\/03\/2014","('0142-D-2014', 1)":null,"('0142-D-2014', 2)":null,"('0142-D-2014', 3)":null,"('0142-D-2014', 4)":null,"('0142-D-2014', 5)":null,"('0142-D-2014', 6)":null,"('0142-D-2014', 7)":null,"('0142-D-2014', 8)":null,"('0142-D-2014', 9)":null,"('0142-D-2014', 10)":null,"('0142-D-2014', 11)":null,"('0142-D-2014', 12)":null,"('0142-D-2014', 13)":null,"('0142-D-2014', 14)":null,"('0142-D-2014', 15)":null},"T\u00edtulo":{"('0142-D-2014', 0)":"DECLARAR DE INTERES DE LA HONORABLE CAMARA DE DIPUTADOS DE LA NACION LAS ACTIVIDADES DE LA \"CAMPA\u00d1A SACA TARJETA ROJA AL MALTRATADOR (EDICION ARGENTINA)\", QUE CONTRIBUYE AL CUMPLIMIENTO DE LAS LEYES QUE GARANTIZAN UNA VIDA SIN VIOLENCIA, PROMOVIENDO LA EQUIDAD, IGUALDAD DE TRATO Y OPORTUNIDADES ENTRE TODAS LAS PERSONAS.","('0142-D-2014', 1)":null,"('0142-D-2014', 2)":null,"('0142-D-2014', 3)":null,"('0142-D-2014', 4)":null,"('0142-D-2014', 5)":null,"('0142-D-2014', 6)":null,"('0142-D-2014', 7)":null,"('0142-D-2014', 8)":null,"('0142-D-2014', 9)":null,"('0142-D-2014', 10)":null,"('0142-D-2014', 11)":null,"('0142-D-2014', 12)":null,"('0142-D-2014', 13)":null,"('0142-D-2014', 14)":null,"('0142-D-2014', 15)":null},"('Firmantes', 'FIRMANTE')":{"('0142-D-2014', 0)":"RUBIN, CARLOS GUSTAVO","('0142-D-2014', 1)":"GIACOMINO, DANIEL OSCAR","('0142-D-2014', 2)":"ZAMARRE\u00d1O, MARIA EUGENIA","('0142-D-2014', 3)":"VILLATA, GRACIELA SUSANA","('0142-D-2014', 4)":"BALCEDO, MARIA ESTER","('0142-D-2014', 5)":"PERRONI, ANA MARIA","('0142-D-2014', 6)":"FERREYRA, ARACELI","('0142-D-2014', 7)":"GONZALEZ, VERONICA","('0142-D-2014', 8)":"BARRETO, JORGE RUBEN","('0142-D-2014', 9)":"GIACCONE, CLAUDIA ALEJANDRA","('0142-D-2014', 10)":"VILARI\u00d1O, JOSE ANTONIO","('0142-D-2014', 11)":"ABRAHAM, ALEJANDRO","('0142-D-2014', 12)":"MARCOPULOS, JUAN FERNANDO","('0142-D-2014', 13)":"ASSEFF, ALBERTO EMILIO","('0142-D-2014', 14)":"MONGELO, JOSE RICARDO","('0142-D-2014', 15)":"BEDANO, NORA ESTHER"},"('Firmantes', 'DISTRITO')":{"('0142-D-2014', 0)":"CORRIENTES","('0142-D-2014', 1)":"CORDOBA","('0142-D-2014', 2)":"BUENOS AIRES","('0142-D-2014', 3)":"CORDOBA","('0142-D-2014', 4)":"BUENOS AIRES","('0142-D-2014', 5)":"CORRIENTES","('0142-D-2014', 6)":"CORRIENTES","('0142-D-2014', 7)":"TIERRA DEL FUEGO","('0142-D-2014', 8)":"ENTRE RIOS","('0142-D-2014', 9)":"SANTA FE","('0142-D-2014', 10)":"SALTA","('0142-D-2014', 11)":"MENDOZA","('0142-D-2014', 12)":"CORRIENTES","('0142-D-2014', 13)":"BUENOS AIRES","('0142-D-2014', 14)":"CHACO","('0142-D-2014', 15)":"CORDOBA"},"('Firmantes', 'BLOQUE')":{"('0142-D-2014', 0)":"FRENTE PARA LA VICTORIA - PJ","('0142-D-2014', 1)":"FRENTE PARA LA VICTORIA - PJ","('0142-D-2014', 2)":"FRENTE PARA LA VICTORIA - PJ","('0142-D-2014', 3)":"FRENTE CIVICO - CORDOBA","('0142-D-2014', 4)":"FRENTE PARA LA VICTORIA - PJ","('0142-D-2014', 5)":"FRENTE PARA LA VICTORIA - PJ","('0142-D-2014', 6)":"FRENTE PARA LA VICTORIA - PJ","('0142-D-2014', 7)":"FRENTE PARA LA VICTORIA - PJ","('0142-D-2014', 8)":"FRENTE PARA LA VICTORIA - PJ","('0142-D-2014', 9)":"FRENTE PARA LA VICTORIA - PJ","('0142-D-2014', 10)":"FRENTE PARA LA VICTORIA - PJ","('0142-D-2014', 11)":"FRENTE PARA LA VICTORIA - PJ","('0142-D-2014', 12)":"FRENTE PARA LA VICTORIA - PJ","('0142-D-2014', 13)":"UNIR","('0142-D-2014', 14)":"FRENTE PARA LA VICTORIA - PJ","('0142-D-2014', 15)":"FRENTE PARA LA VICTORIA - PJ"},"('Giros', 'COMISI\u00d3N')":{"('0142-D-2014', 0)":"FAMILIA, MUJER, NI\u00d1EZ Y ADOLESCENCIA","('0142-D-2014', 1)":null,"('0142-D-2014', 2)":null,"('0142-D-2014', 3)":null,"('0142-D-2014', 4)":null,"('0142-D-2014', 5)":null,"('0142-D-2014', 6)":null,"('0142-D-2014', 7)":null,"('0142-D-2014', 8)":null,"('0142-D-2014', 9)":null,"('0142-D-2014', 10)":null,"('0142-D-2014', 11)":null,"('0142-D-2014', 12)":null,"('0142-D-2014', 13)":null,"('0142-D-2014', 14)":null,"('0142-D-2014', 15)":null},"('Tramites', 'C\u00c1MARA')":{"('0142-D-2014', 0)":"Diputados","('0142-D-2014', 1)":null,"('0142-D-2014', 2)":null,"('0142-D-2014', 3)":null,"('0142-D-2014', 4)":null,"('0142-D-2014', 5)":null,"('0142-D-2014', 6)":null,"('0142-D-2014', 7)":null,"('0142-D-2014', 8)":null,"('0142-D-2014', 9)":null,"('0142-D-2014', 10)":null,"('0142-D-2014', 11)":null,"('0142-D-2014', 12)":null,"('0142-D-2014', 13)":null,"('0142-D-2014', 14)":null,"('0142-D-2014', 15)":null},"('Tramites', 'MOVIMIENTO')":{"('0142-D-2014', 0)":"SOLICITUD DE SER COFIRMANTE DE LA DIPUTADA BEDANO NORA (A SUS ANTECEDENTES)","('0142-D-2014', 1)":null,"('0142-D-2014', 2)":null,"('0142-D-2014', 3)":null,"('0142-D-2014', 4)":null,"('0142-D-2014', 5)":null,"('0142-D-2014', 6)":null,"('0142-D-2014', 7)":null,"('0142-D-2014', 8)":null,"('0142-D-2014', 9)":null,"('0142-D-2014', 10)":null,"('0142-D-2014', 11)":null,"('0142-D-2014', 12)":null,"('0142-D-2014', 13)":null,"('0142-D-2014', 14)":null,"('0142-D-2014', 15)":null},"('Tramites', 'FECHA')":{"('0142-D-2014', 0)":null,"('0142-D-2014', 1)":null,"('0142-D-2014', 2)":null,"('0142-D-2014', 3)":null,"('0142-D-2014', 4)":null,"('0142-D-2014', 5)":null,"('0142-D-2014', 6)":null,"('0142-D-2014', 7)":null,"('0142-D-2014', 8)":null,"('0142-D-2014', 9)":null,"('0142-D-2014', 10)":null,"('0142-D-2014', 11)":null,"('0142-D-2014', 12)":null,"('0142-D-2014', 13)":null,"('0142-D-2014', 14)":null,"('0142-D-2014', 15)":null},"('Tramites', 'RESULTADO')":{"('0142-D-2014', 0)":null,"('0142-D-2014', 1)":null,"('0142-D-2014', 2)":null,"('0142-D-2014', 3)":null,"('0142-D-2014', 4)":null,"('0142-D-2014', 5)":null,"('0142-D-2014', 6)":null,"('0142-D-2014', 7)":null,"('0142-D-2014', 8)":null,"('0142-D-2014', 9)":null,"('0142-D-2014', 10)":null,"('0142-D-2014', 11)":null,"('0142-D-2014', 12)":null,"('0142-D-2014', 13)":null,"('0142-D-2014', 14)":null,"('0142-D-2014', 15)":null},"Link":{"('0142-D-2014', 0)":"https:\/\/www.hcdn.gob.ar\/proyectos\/textoCompleto.jsp?exp=0142-D-2014&tipo=RESOLUCION","('0142-D-2014', 1)":null,"('0142-D-2014', 2)":null,"('0142-D-2014', 3)":null,"('0142-D-2014', 4)":null,"('0142-D-2014', 5)":null,"('0142-D-2014', 6)":null,"('0142-D-2014', 7)":null,"('0142-D-2014', 8)":null,"('0142-D-2014', 9)":null,"('0142-D-2014', 10)":null,"('0142-D-2014', 11)":null,"('0142-D-2014', 12)":null,"('0142-D-2014', 13)":null,"('0142-D-2014', 14)":null,"('0142-D-2014', 15)":null},"Palabra Clave":{"('0142-D-2014', 0)":" ","('0142-D-2014', 1)":null,"('0142-D-2014', 2)":null,"('0142-D-2014', 3)":null,"('0142-D-2014', 4)":null,"('0142-D-2014', 5)":null,"('0142-D-2014', 6)":null,"('0142-D-2014', 7)":null,"('0142-D-2014', 8)":null,"('0142-D-2014', 9)":null,"('0142-D-2014', 10)":null,"('0142-D-2014', 11)":null,"('0142-D-2014', 12)":null,"('0142-D-2014', 13)":null,"('0142-D-2014', 14)":null,"('0142-D-2014', 15)":null}}