{"Tipo de Proyecto":{"('0143-PE-2014', 0)":"MENSAJE NRO: 0780\/14 Y PROYECTO DE LEY","('0143-PE-2014', 1)":null,"('0143-PE-2014', 2)":null},"Iniciado en: ":{"('0143-PE-2014', 0)":"Senado","('0143-PE-2014', 1)":null,"('0143-PE-2014', 2)":null},"Expediente Senado: ":{"('0143-PE-2014', 0)":"0143-PE-2014","('0143-PE-2014', 1)":null,"('0143-PE-2014', 2)":null},"Publicado en: ":{"('0143-PE-2014', 0)":"Diario de Asuntos Entrados N\u00b0 79","('0143-PE-2014', 1)":null,"('0143-PE-2014', 2)":null},"Fecha: ":{"('0143-PE-2014', 0)":"28\/05\/2014","('0143-PE-2014', 1)":null,"('0143-PE-2014', 2)":null},"T\u00edtulo":{"('0143-PE-2014', 0)":"FIJAR UN VALOR ADICIONAL DE $ 185 SOBRE LA TARIFA VIGENTE, A TODOS LOS VEHICULOS DE TRANSPORTE AUTOMOTOR DE CARGA DE CATEGORIAS DE USUARIOS 5, 6 Y 7 QUE CIRCULEN DE LUNES A VIERNES INCLUSIVE, EN LOS HORARIOS DE 07:00 A 10:00 HS. EN SENTIDO DESCENDENTE HACIA LA CIUDAD AUTONOMA DE BUENOS AIRES, ENTRE LAS 17:00 Y 20:00 HACIA LA PROVINCIA DE BUENOS AIRES Y LOS DOMINGOS DE 17:00 A 20:00 HACIA LA CIUDAD DE BUENOS AIRES, POR LOS ACCESOS NORTE, OESTE Y RICCHIERI","('0143-PE-2014', 1)":null,"('0143-PE-2014', 2)":null},"('Firmantes', 'FIRMANTE')":{"('0143-PE-2014', 0)":"FERNANDEZ DE KIRCHNER, CRISTINA","('0143-PE-2014', 1)":"CAPITANICH, JORGE","('0143-PE-2014', 2)":"RANDAZZO, FLORENCIO"},"('Firmantes', 'DISTRITO')":{"('0143-PE-2014', 0)":null,"('0143-PE-2014', 1)":null,"('0143-PE-2014', 2)":null},"('Firmantes', 'BLOQUE')":{"('0143-PE-2014', 0)":"PODER EJECUTIVO","('0143-PE-2014', 1)":"PODER EJECUTIVO","('0143-PE-2014', 2)":"PODER EJECUTIVO"},"Sumario":{"('0143-PE-2014', 0)":"AJUSTE; DESTINO DE LO RECAUDADO: MEJORAMIENTO DE LA RED VIAL.","('0143-PE-2014', 1)":null,"('0143-PE-2014', 2)":null},"Palabra Clave":{"('0143-PE-2014', 0)":" ","('0143-PE-2014', 1)":null,"('0143-PE-2014', 2)":null}}