{"Tipo de Proyecto":{"('0143-S-2014', 0)":"PROYECTO DE LEY","('0143-S-2014', 1)":null},"Iniciado en: ":{"('0143-S-2014', 0)":"Senado","('0143-S-2014', 1)":null},"Expediente Diputados: ":{"('0143-S-2014', 0)":"0143-S-2014","('0143-S-2014', 1)":null},"Expediente Senado: ":{"('0143-S-2014', 0)":"3367-S-2014","('0143-S-2014', 1)":null},"Publicado en: ":{"('0143-S-2014', 0)":"Diario de Asuntos Entrados N\u00b0 168","('0143-S-2014', 1)":null},"Fecha: ":{"('0143-S-2014', 0)":"08\/10\/2014","('0143-S-2014', 1)":null},"T\u00edtulo":{"('0143-S-2014', 0)":"INSTITUIR COMO CUNA Y CAPITAL NACIONAL DE LA TANGOTERAPIA A LA CIUDAD DE ROSARIO, SANTA FE. (REPRODUCCION DEL EXPEDIENTE 2408-S-11).","('0143-S-2014', 1)":null},"('Firmantes', 'FIRMANTE')":{"('0143-S-2014', 0)":"LATORRE, ROXANA","('0143-S-2014', 1)":null},"('Firmantes', 'DISTRITO')":{"('0143-S-2014', 0)":"SANTA FE","('0143-S-2014', 1)":null},"('Firmantes', 'BLOQUE')":{"('0143-S-2014', 0)":"FEDERALISMO SANTAFESINO","('0143-S-2014', 1)":null},"('Giros', 'COMISI\u00d3N')":{"('0143-S-2014', 0)":"ACCION SOCIAL Y SALUD PUBLICA","('0143-S-2014', 1)":"LEGISLACION GENERAL"},"('Tramites', 'C\u00c1MARA')":{"('0143-S-2014', 0)":"Senado","('0143-S-2014', 1)":"Diputados"},"('Tramites', 'MOVIMIENTO')":{"('0143-S-2014', 0)":"CONSIDERACION Y APROBACION","('0143-S-2014', 1)":"PASA A DIPUTADOS -"},"('Tramites', 'FECHA')":{"('0143-S-2014', 0)":"17\/12\/2014","('0143-S-2014', 1)":null},"('Tramites', 'RESULTADO')":{"('0143-S-2014', 0)":"MEDIA SANCION","('0143-S-2014', 1)":null},"Link":{"('0143-S-2014', 0)":"http:\/\/www.senado.gov.ar\/parlamentario\/comisiones\/verExp\/3367.14\/S\/PL","('0143-S-2014', 1)":null},"Palabra Clave":{"('0143-S-2014', 0)":" ","('0143-S-2014', 1)":null}}