{"Tipo de Proyecto":{"('0143-D-2014', 0)":"PROYECTO DE RESOLUCI\u00d3N"},"Iniciado en: ":{"('0143-D-2014', 0)":"Diputados"},"Expediente Diputados: ":{"('0143-D-2014', 0)":"0143-D-2014"},"Publicado en: ":{"('0143-D-2014', 0)":"Tr\u00e1mite Parlamentario N\u00b0 0"},"Fecha: ":{"('0143-D-2014', 0)":"05\/03\/2014"},"T\u00edtulo":{"('0143-D-2014', 0)":"EL DIPUTADO JAVIER HECTOR TINEO SOLICITA AUTORIZACION PARA DESEMPE\u00d1AR EL CARGO DE MINISTRO DE PRODUCCION DE LA PROVINCIA DE LA RIOJA, A PARTIR DEL 05\/03\/2014 AL 28\/02\/2015."},"('Firmantes', 'FIRMANTE')":{"('0143-D-2014', 0)":"TINEO, JAVIER HECTOR"},"('Firmantes', 'DISTRITO')":{"('0143-D-2014', 0)":"LA RIOJA"},"('Firmantes', 'BLOQUE')":{"('0143-D-2014', 0)":"FRENTE PARA LA VICTORIA - PJ"},"('Giros', 'COMISI\u00d3N')":{"('0143-D-2014', 0)":"SOBRE TABLAS"},"('Tramites', 'C\u00c1MARA')":{"('0143-D-2014', 0)":"Diputados"},"('Tramites', 'MOVIMIENTO')":{"('0143-D-2014', 0)":"CONSIDERACION Y APROBACION CONJUNTAMENTE PARA LOS EXPEDIENTES 0143-D-2014 y 0144-D-2014"},"('Tramites', 'FECHA')":{"('0143-D-2014', 0)":"03\/04\/2014"},"('Tramites', 'RESULTADO')":{"('0143-D-2014', 0)":"APROBADO"},"Palabra Clave":{"('0143-D-2014', 0)":" "}}