{"Tipo de Proyecto":{"('0144-S-2014', 0)":"PROYECTO DE LEY","('0144-S-2014', 1)":null,"('0144-S-2014', 2)":null},"Iniciado en: ":{"('0144-S-2014', 0)":"Senado","('0144-S-2014', 1)":null,"('0144-S-2014', 2)":null},"Expediente Diputados: ":{"('0144-S-2014', 0)":"0144-S-2014","('0144-S-2014', 1)":null,"('0144-S-2014', 2)":null},"Expediente Senado: ":{"('0144-S-2014', 0)":"1248-S-2014","('0144-S-2014', 1)":null,"('0144-S-2014', 2)":null},"Publicado en: ":{"('0144-S-2014', 0)":"Diario de Asuntos Entrados N\u00b0 61","('0144-S-2014', 1)":null,"('0144-S-2014', 2)":null},"Fecha: ":{"('0144-S-2014', 0)":"05\/05\/2014","('0144-S-2014', 1)":null,"('0144-S-2014', 2)":null},"T\u00edtulo":{"('0144-S-2014', 0)":"LEY 24467 (REGIMEN ESPECIAL PARA LAS PEQUE\u00d1AS Y MEDIANAS EMPRESAS): MODIFICACION SOBRE REGULACION DEL CONTRATO DE GARANTIA RECIPROCA ","('0144-S-2014', 1)":null,"('0144-S-2014', 2)":null},"('Firmantes', 'FIRMANTE')":{"('0144-S-2014', 0)":"CREXELL, CARMEN LUCILA","('0144-S-2014', 1)":null,"('0144-S-2014', 2)":null},"('Firmantes', 'DISTRITO')":{"('0144-S-2014', 0)":"NEUQUEN","('0144-S-2014', 1)":null,"('0144-S-2014', 2)":null},"('Firmantes', 'BLOQUE')":{"('0144-S-2014', 0)":"MOV POP NEUQUINO","('0144-S-2014', 1)":null,"('0144-S-2014', 2)":null},"('Giros', 'COMISI\u00d3N')":{"('0144-S-2014', 0)":"LEGISLACION GENERAL","('0144-S-2014', 1)":"PEQUE\u00d1AS Y MEDIANAS EMPRESAS","('0144-S-2014', 2)":null},"('Tramites', 'C\u00c1MARA')":{"('0144-S-2014', 0)":"Senado","('0144-S-2014', 1)":"Senado","('0144-S-2014', 2)":"Diputados"},"('Tramites', 'MOVIMIENTO')":{"('0144-S-2014', 0)":"MOCION SOBRE TABLAS (AFIRMATIVA)","('0144-S-2014', 1)":"CONSIDERACION Y APROBACION","('0144-S-2014', 2)":"PASA A DIPUTADOS -"},"('Tramites', 'FECHA')":{"('0144-S-2014', 0)":"17\/12\/2014","('0144-S-2014', 1)":"17\/12\/2014","('0144-S-2014', 2)":null},"('Tramites', 'RESULTADO')":{"('0144-S-2014', 0)":null,"('0144-S-2014', 1)":"MEDIA SANCION","('0144-S-2014', 2)":null},"Sumario":{"('0144-S-2014', 0)":"SUSTITUCION DEL ARTICULO 68 (CONTRATO DE GARANTIA RECIPROCA); SUSTITUCION DEL ARTICULO 70 (CARACTER DE LA GARANTIA); INCORPORACION COMO ARTICULO 73 BIS (CERTIFICADO DE GARANTIA).","('0144-S-2014', 1)":null,"('0144-S-2014', 2)":null},"Palabra Clave":{"('0144-S-2014', 0)":" ","('0144-S-2014', 1)":null,"('0144-S-2014', 2)":null}}