{"Tipo de Proyecto":{"('0144-OV-2014', 0)":"PROYECTO DE RESOLUCI\u00d3N"},"Iniciado en: ":{"('0144-OV-2014', 0)":"Senado"},"Expediente Senado: ":{"('0144-OV-2014', 0)":"0144-OV-2014"},"Fecha: ":{"('0144-OV-2014', 0)":"06\/07\/2015"},"T\u00edtulo":{"('0144-OV-2014', 0)":"PEDIDO DE INFORMES AL PODER EJECUTIVO SOBRE RESOLUCION REMITIDA POR LA AUDITORIA GENERAL DE LA NACION 78\/14, APROBANDO EL INFORME REALIZADO EN EL AMBITO DE LA DIRECCION NACIONAL DE VIALIDAD (DNV), CON EL OBJETO DE EXAMINAR LA GESTION DE LA DNV RESPECTO AL PROGRAMA 22 - CONSTRUCCIONES -, SUBPROGRAMA 03 - OBRAS POR CONVENIO CON PROVINCIAS-, -ACTIVIDAD 01, ASISTENCIA FINANCIERA PARA OBRAS EN PROVINCIAS - PROVINCIA DE CORRIENTES, PERIODO COMPRENDIDO ENTRE EL 01 DE ENERO DE 2011 Y EL 31 DE MAYO DE 2012."},"('Firmantes', 'FIRMANTE')":{"('0144-OV-2014', 0)":"PARLAMENTARIA MIXTA REVISORA DE CUENTAS"},"('Firmantes', 'DISTRITO')":{"('0144-OV-2014', 0)":null},"('Firmantes', 'BLOQUE')":{"('0144-OV-2014', 0)":null},"Link":{"('0144-OV-2014', 0)":"http:\/\/www.senado.gov.ar\/parlamentario\/comisiones\/verExp\/144.14\/OV\/PR"},"Palabra Clave":{"('0144-OV-2014', 0)":" "}}