{"Tipo de Proyecto":{"('0145-D-2014', 0)":"PROYECTO DE RESOLUCI\u00d3N","('0145-D-2014', 1)":null,"('0145-D-2014', 2)":null,"('0145-D-2014', 3)":null,"('0145-D-2014', 4)":null,"('0145-D-2014', 5)":null,"('0145-D-2014', 6)":null},"Iniciado en: ":{"('0145-D-2014', 0)":"Diputados","('0145-D-2014', 1)":null,"('0145-D-2014', 2)":null,"('0145-D-2014', 3)":null,"('0145-D-2014', 4)":null,"('0145-D-2014', 5)":null,"('0145-D-2014', 6)":null},"Expediente Diputados: ":{"('0145-D-2014', 0)":"0145-D-2014","('0145-D-2014', 1)":null,"('0145-D-2014', 2)":null,"('0145-D-2014', 3)":null,"('0145-D-2014', 4)":null,"('0145-D-2014', 5)":null,"('0145-D-2014', 6)":null},"Publicado en: ":{"('0145-D-2014', 0)":"Tr\u00e1mite Parlamentario N\u00b0 1","('0145-D-2014', 1)":null,"('0145-D-2014', 2)":null,"('0145-D-2014', 3)":null,"('0145-D-2014', 4)":null,"('0145-D-2014', 5)":null,"('0145-D-2014', 6)":null},"Fecha: ":{"('0145-D-2014', 0)":"05\/03\/2014","('0145-D-2014', 1)":null,"('0145-D-2014', 2)":null,"('0145-D-2014', 3)":null,"('0145-D-2014', 4)":null,"('0145-D-2014', 5)":null,"('0145-D-2014', 6)":null},"T\u00edtulo":{"('0145-D-2014', 0)":"PEDIDO DE INFORMES AL PODER EJECUTIVO NACIONAL SOBRE LAS RAZONES TECNICAS DE LA REALIZACION FUERA DE TERMINO DEL CENSO NACIONAL AGROPECUARIO DURANTE EL A\u00d1O 2014 Y OTRAS CUESTIONES CONEXAS.","('0145-D-2014', 1)":null,"('0145-D-2014', 2)":null,"('0145-D-2014', 3)":null,"('0145-D-2014', 4)":null,"('0145-D-2014', 5)":null,"('0145-D-2014', 6)":null},"('Firmantes', 'FIRMANTE')":{"('0145-D-2014', 0)":"GIMENEZ, PATRICIA VIVIANA","('0145-D-2014', 1)":"COBOS, JULIO CESAR CLETO","('0145-D-2014', 2)":"PETRI, LUIS ALFONSO","('0145-D-2014', 3)":"NEGRI, MARIO RAUL","('0145-D-2014', 4)":"BURYAILE, RICARDO","('0145-D-2014', 5)":"VAQUIE, ENRIQUE ANDRES","('0145-D-2014', 6)":"TOLEDO, SUSANA MARIA"},"('Firmantes', 'DISTRITO')":{"('0145-D-2014', 0)":"MENDOZA","('0145-D-2014', 1)":"MENDOZA","('0145-D-2014', 2)":"MENDOZA","('0145-D-2014', 3)":"CORDOBA","('0145-D-2014', 4)":"FORMOSA","('0145-D-2014', 5)":"MENDOZA","('0145-D-2014', 6)":"SANTA CRUZ"},"('Firmantes', 'BLOQUE')":{"('0145-D-2014', 0)":"UCR","('0145-D-2014', 1)":"UCR","('0145-D-2014', 2)":"UCR","('0145-D-2014', 3)":"UCR","('0145-D-2014', 4)":"UCR","('0145-D-2014', 5)":"UCR","('0145-D-2014', 6)":"UCR"},"('Giros', 'COMISI\u00d3N')":{"('0145-D-2014', 0)":"POBLACION Y DESARROLLO HUMANO","('0145-D-2014', 1)":"AGRICULTURA Y GANADERIA","('0145-D-2014', 2)":null,"('0145-D-2014', 3)":null,"('0145-D-2014', 4)":null,"('0145-D-2014', 5)":null,"('0145-D-2014', 6)":null},"Link":{"('0145-D-2014', 0)":"https:\/\/www.hcdn.gob.ar\/proyectos\/textoCompleto.jsp?exp=0145-D-2014&tipo=RESOLUCION","('0145-D-2014', 1)":null,"('0145-D-2014', 2)":null,"('0145-D-2014', 3)":null,"('0145-D-2014', 4)":null,"('0145-D-2014', 5)":null,"('0145-D-2014', 6)":null},"Palabra Clave":{"('0145-D-2014', 0)":" ","('0145-D-2014', 1)":null,"('0145-D-2014', 2)":null,"('0145-D-2014', 3)":null,"('0145-D-2014', 4)":null,"('0145-D-2014', 5)":null,"('0145-D-2014', 6)":null}}