{"Tipo de Proyecto":{"('0145-S-2014', 0)":"PROYECTO DE LEY","('0145-S-2014', 1)":null,"('0145-S-2014', 2)":null,"('0145-S-2014', 3)":null},"Iniciado en: ":{"('0145-S-2014', 0)":"Senado","('0145-S-2014', 1)":null,"('0145-S-2014', 2)":null,"('0145-S-2014', 3)":null},"Expediente Diputados: ":{"('0145-S-2014', 0)":"0145-S-2014","('0145-S-2014', 1)":null,"('0145-S-2014', 2)":null,"('0145-S-2014', 3)":null},"Expediente Senado: ":{"('0145-S-2014', 0)":"1218-S-2014","('0145-S-2014', 1)":null,"('0145-S-2014', 2)":null,"('0145-S-2014', 3)":null},"Publicado en: ":{"('0145-S-2014', 0)":"Diario de Asuntos Entrados N\u00b0 60","('0145-S-2014', 1)":null,"('0145-S-2014', 2)":null,"('0145-S-2014', 3)":null},"Fecha: ":{"('0145-S-2014', 0)":"30\/04\/2014","('0145-S-2014', 1)":null,"('0145-S-2014', 2)":null,"('0145-S-2014', 3)":null},"T\u00edtulo":{"('0145-S-2014', 0)":"DESIGNACION CON EL NOMBRE DE PRESIDENTE DOCTOR RAUL RICARDO ALFONSIN A LA AVENIDA DE CIRCUNVALACION A LA CIUDAD DE SAN MIGUEL DE TUCUMAN. ","('0145-S-2014', 1)":null,"('0145-S-2014', 2)":null,"('0145-S-2014', 3)":null},"('Firmantes', 'FIRMANTE')":{"('0145-S-2014', 0)":"ELIAS DE PEREZ, SILVIA BEATRIZ","('0145-S-2014', 1)":null,"('0145-S-2014', 2)":null,"('0145-S-2014', 3)":null},"('Firmantes', 'DISTRITO')":{"('0145-S-2014', 0)":"TUCUMAN","('0145-S-2014', 1)":null,"('0145-S-2014', 2)":null,"('0145-S-2014', 3)":null},"('Firmantes', 'BLOQUE')":{"('0145-S-2014', 0)":"UCR","('0145-S-2014', 1)":null,"('0145-S-2014', 2)":null,"('0145-S-2014', 3)":null},"('Giros', 'COMISI\u00d3N')":{"('0145-S-2014', 0)":"TRANSPORTES","('0145-S-2014', 1)":null,"('0145-S-2014', 2)":null,"('0145-S-2014', 3)":null},"('Tramites', 'C\u00c1MARA')":{"('0145-S-2014', 0)":"Senado","('0145-S-2014', 1)":"Senado","('0145-S-2014', 2)":"Senado","('0145-S-2014', 3)":"Diputados"},"('Tramites', 'MOVIMIENTO')":{"('0145-S-2014', 0)":"MOCION DE PREFERENCIA PARA LA PROXIMA SESION CON DICTAMEN (AFIRMATIVA)","('0145-S-2014', 1)":"MOCION SOBRE TABLAS (AFIRMATIVA)","('0145-S-2014', 2)":"CONSIDERACION Y APROBACION","('0145-S-2014', 3)":"PASA A DIPUTADOS -"},"('Tramites', 'FECHA')":{"('0145-S-2014', 0)":"10\/12\/2014","('0145-S-2014', 1)":"17\/12\/2014","('0145-S-2014', 2)":"17\/12\/2014","('0145-S-2014', 3)":null},"('Tramites', 'RESULTADO')":{"('0145-S-2014', 0)":null,"('0145-S-2014', 1)":null,"('0145-S-2014', 2)":"MEDIA SANCION","('0145-S-2014', 3)":null},"Link":{"('0145-S-2014', 0)":"http:\/\/www.senado.gov.ar\/parlamentario\/comisiones\/verExp\/1218.14\/S\/PL","('0145-S-2014', 1)":null,"('0145-S-2014', 2)":null,"('0145-S-2014', 3)":null},"Palabra Clave":{"('0145-S-2014', 0)":" ","('0145-S-2014', 1)":null,"('0145-S-2014', 2)":null,"('0145-S-2014', 3)":null}}