{"Tipo de Proyecto":{"('0146-S-2014', 0)":"PROYECTO DE LEY","('0146-S-2014', 1)":null,"('0146-S-2014', 2)":null,"('0146-S-2014', 3)":null},"Iniciado en: ":{"('0146-S-2014', 0)":"Senado","('0146-S-2014', 1)":null,"('0146-S-2014', 2)":null,"('0146-S-2014', 3)":null},"Expediente Diputados: ":{"('0146-S-2014', 0)":"0146-S-2014","('0146-S-2014', 1)":null,"('0146-S-2014', 2)":null,"('0146-S-2014', 3)":null},"Expediente Senado: ":{"('0146-S-2014', 0)":"2126-S-2014","('0146-S-2014', 1)":null,"('0146-S-2014', 2)":null,"('0146-S-2014', 3)":null},"Publicado en: ":{"('0146-S-2014', 0)":"Diario de Asuntos Entrados N\u00b0 105","('0146-S-2014', 1)":null,"('0146-S-2014', 2)":null,"('0146-S-2014', 3)":null},"Fecha: ":{"('0146-S-2014', 0)":"04\/07\/2014","('0146-S-2014', 1)":null,"('0146-S-2014', 2)":null,"('0146-S-2014', 3)":null},"T\u00edtulo":{"('0146-S-2014', 0)":"CREACION DEL INSTITUTO NACIONAL DEL CANCER (INC). ","('0146-S-2014', 1)":null,"('0146-S-2014', 2)":null,"('0146-S-2014', 3)":null},"('Firmantes', 'FIRMANTE')":{"('0146-S-2014', 0)":"ELIAS DE PEREZ, SILVIA BEATRIZ","('0146-S-2014', 1)":"MONLLAU, BLANCA MARIA DEL VALLE","('0146-S-2014', 2)":null,"('0146-S-2014', 3)":null},"('Firmantes', 'DISTRITO')":{"('0146-S-2014', 0)":"TUCUMAN","('0146-S-2014', 1)":"CATAMARCA","('0146-S-2014', 2)":null,"('0146-S-2014', 3)":null},"('Firmantes', 'BLOQUE')":{"('0146-S-2014', 0)":"UCR","('0146-S-2014', 1)":"FRENTE CIVICO Y SOCIAL DE CATAMARCA","('0146-S-2014', 2)":null,"('0146-S-2014', 3)":null},"('Giros', 'COMISI\u00d3N')":{"('0146-S-2014', 0)":"ACCION SOCIAL Y SALUD PUBLICA","('0146-S-2014', 1)":"PRESUPUESTO Y HACIENDA","('0146-S-2014', 2)":null,"('0146-S-2014', 3)":null},"('Tramites', 'C\u00c1MARA')":{"('0146-S-2014', 0)":"Senado","('0146-S-2014', 1)":"Senado","('0146-S-2014', 2)":"Diputados","('0146-S-2014', 3)":"Diputados"},"('Tramites', 'MOVIMIENTO')":{"('0146-S-2014', 0)":"MOCION SOBRE TABLAS (AFIRMATIVA)","('0146-S-2014', 1)":"CONSIDERACION Y APROBACION","('0146-S-2014', 2)":"PASA A DIPUTADOS -","('0146-S-2014', 3)":"CONSIDERACION Y SANCION"},"('Tramites', 'FECHA')":{"('0146-S-2014', 0)":"17\/12\/2014","('0146-S-2014', 1)":"17\/12\/2014","('0146-S-2014', 2)":null,"('0146-S-2014', 3)":"28\/09\/2016"},"('Tramites', 'RESULTADO')":{"('0146-S-2014', 0)":null,"('0146-S-2014', 1)":"MEDIA SANCION","('0146-S-2014', 2)":null,"('0146-S-2014', 3)":"SANCIONADO"},"Sumario":{"('0146-S-2014', 0)":"OBJETO; ESTRUCTURA Y ORGANIZACION; PRESUPUESTO: RECURSOS.","('0146-S-2014', 1)":null,"('0146-S-2014', 2)":null,"('0146-S-2014', 3)":null},"Palabra Clave":{"('0146-S-2014', 0)":" ","('0146-S-2014', 1)":null,"('0146-S-2014', 2)":null,"('0146-S-2014', 3)":null}}