{"Tipo de Proyecto":{"('0147-S-2014', 0)":"PROYECTO DE LEY","('0147-S-2014', 1)":null,"('0147-S-2014', 2)":null,"('0147-S-2014', 3)":null},"Iniciado en: ":{"('0147-S-2014', 0)":"Senado","('0147-S-2014', 1)":null,"('0147-S-2014', 2)":null,"('0147-S-2014', 3)":null},"Expediente Diputados: ":{"('0147-S-2014', 0)":"0147-S-2014","('0147-S-2014', 1)":null,"('0147-S-2014', 2)":null,"('0147-S-2014', 3)":null},"Expediente Senado: ":{"('0147-S-2014', 0)":"1431-S-2014","('0147-S-2014', 1)":null,"('0147-S-2014', 2)":null,"('0147-S-2014', 3)":null},"Publicado en: ":{"('0147-S-2014', 0)":"Diario de Asuntos Entrados N\u00b0 70","('0147-S-2014', 1)":null,"('0147-S-2014', 2)":null,"('0147-S-2014', 3)":null},"Fecha: ":{"('0147-S-2014', 0)":"16\/05\/2014","('0147-S-2014', 1)":null,"('0147-S-2014', 2)":null,"('0147-S-2014', 3)":null},"T\u00edtulo":{"('0147-S-2014', 0)":"MODIFICACION DE LA LEY 23592 (ACTOS DISCRIMINATORIOS): TIPIFICACION DE LA DISCRIMINACION POR DISCAPACIDAD.","('0147-S-2014', 1)":null,"('0147-S-2014', 2)":null,"('0147-S-2014', 3)":null},"('Firmantes', 'FIRMANTE')":{"('0147-S-2014', 0)":"MORALES, GERARDO RUBEN","('0147-S-2014', 1)":"MARTINEZ, ALFREDO ANSELMO","('0147-S-2014', 2)":"MORANDINI, NORMA ELENA","('0147-S-2014', 3)":"ODARDA, MARIA MAGDALENA"},"('Firmantes', 'DISTRITO')":{"('0147-S-2014', 0)":"JUJUY","('0147-S-2014', 1)":"SANTA CRUZ","('0147-S-2014', 2)":"CORDOBA","('0147-S-2014', 3)":"RIO NEGRO"},"('Firmantes', 'BLOQUE')":{"('0147-S-2014', 0)":"UCR","('0147-S-2014', 1)":"UCR","('0147-S-2014', 2)":"FRENTE CIVICO DE LA PROVINCIA DE CORDOBA","('0147-S-2014', 3)":"FRENTE PROGRESISTA - CCARI"},"('Giros', 'COMISI\u00d3N')":{"('0147-S-2014', 0)":"DERECHOS HUMANOS Y GARANTIAS","('0147-S-2014', 1)":"DISCAPACIDAD","('0147-S-2014', 2)":null,"('0147-S-2014', 3)":null},"('Tramites', 'C\u00c1MARA')":{"('0147-S-2014', 0)":"Senado","('0147-S-2014', 1)":"Senado","('0147-S-2014', 2)":"Diputados","('0147-S-2014', 3)":null},"('Tramites', 'MOVIMIENTO')":{"('0147-S-2014', 0)":"MOCION SOBRE TABLAS (AFIRMATIVA)","('0147-S-2014', 1)":"CONSIDERACION Y APROBACION","('0147-S-2014', 2)":"PASA A DIPUTADOS -","('0147-S-2014', 3)":null},"('Tramites', 'FECHA')":{"('0147-S-2014', 0)":"17\/12\/2014","('0147-S-2014', 1)":"17\/12\/2014","('0147-S-2014', 2)":null,"('0147-S-2014', 3)":null},"('Tramites', 'RESULTADO')":{"('0147-S-2014', 0)":null,"('0147-S-2014', 1)":"MEDIA SANCION","('0147-S-2014', 2)":null,"('0147-S-2014', 3)":null},"Sumario":{"('0147-S-2014', 0)":"MODIFICACION DEL ARTICULO 1; DEFINICIONES.","('0147-S-2014', 1)":null,"('0147-S-2014', 2)":null,"('0147-S-2014', 3)":null},"Palabra Clave":{"('0147-S-2014', 0)":" ","('0147-S-2014', 1)":null,"('0147-S-2014', 2)":null,"('0147-S-2014', 3)":null}}