{"Tipo de Proyecto":{"('0148-D-2014', 0)":"PROYECTO DE LEY","('0148-D-2014', 1)":null,"('0148-D-2014', 2)":null,"('0148-D-2014', 3)":null,"('0148-D-2014', 4)":null,"('0148-D-2014', 5)":null,"('0148-D-2014', 6)":null,"('0148-D-2014', 7)":null,"('0148-D-2014', 8)":null,"('0148-D-2014', 9)":null,"('0148-D-2014', 10)":null},"Iniciado en: ":{"('0148-D-2014', 0)":"Diputados","('0148-D-2014', 1)":null,"('0148-D-2014', 2)":null,"('0148-D-2014', 3)":null,"('0148-D-2014', 4)":null,"('0148-D-2014', 5)":null,"('0148-D-2014', 6)":null,"('0148-D-2014', 7)":null,"('0148-D-2014', 8)":null,"('0148-D-2014', 9)":null,"('0148-D-2014', 10)":null},"Expediente Diputados: ":{"('0148-D-2014', 0)":"0148-D-2014","('0148-D-2014', 1)":null,"('0148-D-2014', 2)":null,"('0148-D-2014', 3)":null,"('0148-D-2014', 4)":null,"('0148-D-2014', 5)":null,"('0148-D-2014', 6)":null,"('0148-D-2014', 7)":null,"('0148-D-2014', 8)":null,"('0148-D-2014', 9)":null,"('0148-D-2014', 10)":null},"Publicado en: ":{"('0148-D-2014', 0)":"Tr\u00e1mite Parlamentario N\u00b0 1","('0148-D-2014', 1)":null,"('0148-D-2014', 2)":null,"('0148-D-2014', 3)":null,"('0148-D-2014', 4)":null,"('0148-D-2014', 5)":null,"('0148-D-2014', 6)":null,"('0148-D-2014', 7)":null,"('0148-D-2014', 8)":null,"('0148-D-2014', 9)":null,"('0148-D-2014', 10)":null},"Fecha: ":{"('0148-D-2014', 0)":"05\/03\/2014","('0148-D-2014', 1)":null,"('0148-D-2014', 2)":null,"('0148-D-2014', 3)":null,"('0148-D-2014', 4)":null,"('0148-D-2014', 5)":null,"('0148-D-2014', 6)":null,"('0148-D-2014', 7)":null,"('0148-D-2014', 8)":null,"('0148-D-2014', 9)":null,"('0148-D-2014', 10)":null},"T\u00edtulo":{"('0148-D-2014', 0)":"ESCUELA NORMAL DOMINGO FAUSTINO SARMIENTO, DE CHIVILCOY, PROVINCIA DE BUENOS AIRES: DECLARACION COMO MONUMENTO HISTORICO NACIONAL.","('0148-D-2014', 1)":null,"('0148-D-2014', 2)":null,"('0148-D-2014', 3)":null,"('0148-D-2014', 4)":null,"('0148-D-2014', 5)":null,"('0148-D-2014', 6)":null,"('0148-D-2014', 7)":null,"('0148-D-2014', 8)":null,"('0148-D-2014', 9)":null,"('0148-D-2014', 10)":null},"('Firmantes', 'FIRMANTE')":{"('0148-D-2014', 0)":"PUIGGROS, ADRIANA VICTORIA","('0148-D-2014', 1)":"AVOSCAN, HERMAN HORACIO","('0148-D-2014', 2)":"BRAWER, MARA","('0148-D-2014', 3)":"CONTRERA, MONICA GRACIELA","('0148-D-2014', 4)":"ELORRIAGA, OSVALDO ENRIQUE","('0148-D-2014', 5)":"HERRERA, GRISELDA NOEMI","('0148-D-2014', 6)":"RUBIN, CARLOS GUSTAVO","('0148-D-2014', 7)":"BEDANO, NORA ESTHER","('0148-D-2014', 8)":"PERRONI, ANA MARIA","('0148-D-2014', 9)":"SOTO, GLADYS BEATRIZ","('0148-D-2014', 10)":"BIANCHI, MARIA DEL CARMEN"},"('Firmantes', 'DISTRITO')":{"('0148-D-2014', 0)":"BUENOS AIRES","('0148-D-2014', 1)":"RIO NEGRO","('0148-D-2014', 2)":"CIUDAD de BUENOS AIRES","('0148-D-2014', 3)":"CHUBUT","('0148-D-2014', 4)":"ENTRE RIOS","('0148-D-2014', 5)":"LA RIOJA","('0148-D-2014', 6)":"CORRIENTES","('0148-D-2014', 7)":"CORDOBA","('0148-D-2014', 8)":"CORRIENTES","('0148-D-2014', 9)":"CHACO","('0148-D-2014', 10)":"CIUDAD de BUENOS AIRES"},"('Firmantes', 'BLOQUE')":{"('0148-D-2014', 0)":"FRENTE PARA LA VICTORIA - PJ","('0148-D-2014', 1)":"FRENTE PARA LA VICTORIA - PJ","('0148-D-2014', 2)":"FRENTE PARA LA VICTORIA - PJ","('0148-D-2014', 3)":"FRENTE PARA LA VICTORIA - PJ","('0148-D-2014', 4)":"FRENTE PARA LA VICTORIA - PJ","('0148-D-2014', 5)":"FRENTE PARA LA VICTORIA - PJ","('0148-D-2014', 6)":"FRENTE PARA LA VICTORIA - PJ","('0148-D-2014', 7)":"FRENTE PARA LA VICTORIA - PJ","('0148-D-2014', 8)":"FRENTE PARA LA VICTORIA - PJ","('0148-D-2014', 9)":"FRENTE PARA LA VICTORIA - PJ","('0148-D-2014', 10)":"FRENTE PARA LA VICTORIA - PJ"},"('Giros', 'COMISI\u00d3N')":{"('0148-D-2014', 0)":"CULTURA","('0148-D-2014', 1)":"EDUCACION","('0148-D-2014', 2)":"PRESUPUESTO Y HACIENDA","('0148-D-2014', 3)":null,"('0148-D-2014', 4)":null,"('0148-D-2014', 5)":null,"('0148-D-2014', 6)":null,"('0148-D-2014', 7)":null,"('0148-D-2014', 8)":null,"('0148-D-2014', 9)":null,"('0148-D-2014', 10)":null},"('Tramites', 'C\u00c1MARA')":{"('0148-D-2014', 0)":"Diputados","('0148-D-2014', 1)":"Diputados","('0148-D-2014', 2)":"Diputados","('0148-D-2014', 3)":"Diputados","('0148-D-2014', 4)":"Diputados","('0148-D-2014', 5)":"Diputados","('0148-D-2014', 6)":"Diputados","('0148-D-2014', 7)":"Diputados","('0148-D-2014', 8)":"Diputados","('0148-D-2014', 9)":null,"('0148-D-2014', 10)":null},"('Tramites', 'MOVIMIENTO')":{"('0148-D-2014', 0)":"SOLICITUD DE SER COFIRMANTE DE LA DIPUTADA BRAWER MARA (A SUS ANTECEDENTES)","('0148-D-2014', 1)":"SOLICITUD DE SER COFIRMANTE DE LA DIPUTADA CONTRERA MONICA (A SUS ANTECEDENTES)","('0148-D-2014', 2)":"SOLICITUD DE SER COFIRMANTE DEL DIPUTADO ELORRIAGA (A SUS ANTECEDENTES)","('0148-D-2014', 3)":"SOLICITUD DE SER COFIRMANTE DE LA DIPUTADA HERRERA, GRISELDA NOEMI (A SUS ANTECEDENTES)","('0148-D-2014', 4)":"SOLICITUD DE SER COFIRMANTE DEL DIPUTADO RUBIN (A SUS ANTECEDENTES)","('0148-D-2014', 5)":"SOLICITUD DE SER COFIRMANTE DE LA DIPUTADA BEDANO (A SUS ANTECEDENTES)","('0148-D-2014', 6)":"SOLICITUD DE SER COFIRMANTE DE LA DIPUTADA PERRONI (A SUS ANTECEDENTES)","('0148-D-2014', 7)":"SOLICITUD DE SER COFIRMANTE DE LA DIPUTADA SOTO (A SUS ANTECEDENTES)","('0148-D-2014', 8)":"SOLICITUD DE SER COFIRMANTE DE LA DIPUTADA BIANCHI, MARIA DEL CARMEN (A SUS ANTECEDENTES)","('0148-D-2014', 9)":null,"('0148-D-2014', 10)":null},"('Tramites', 'FECHA')":{"('0148-D-2014', 0)":null,"('0148-D-2014', 1)":null,"('0148-D-2014', 2)":null,"('0148-D-2014', 3)":null,"('0148-D-2014', 4)":null,"('0148-D-2014', 5)":null,"('0148-D-2014', 6)":null,"('0148-D-2014', 7)":null,"('0148-D-2014', 8)":null,"('0148-D-2014', 9)":null,"('0148-D-2014', 10)":null},"('Tramites', 'RESULTADO')":{"('0148-D-2014', 0)":null,"('0148-D-2014', 1)":null,"('0148-D-2014', 2)":null,"('0148-D-2014', 3)":null,"('0148-D-2014', 4)":null,"('0148-D-2014', 5)":null,"('0148-D-2014', 6)":null,"('0148-D-2014', 7)":null,"('0148-D-2014', 8)":null,"('0148-D-2014', 9)":null,"('0148-D-2014', 10)":null},"Link":{"('0148-D-2014', 0)":"https:\/\/www.hcdn.gob.ar\/proyectos\/textoCompleto.jsp?exp=0148-D-2014&tipo=LEY","('0148-D-2014', 1)":null,"('0148-D-2014', 2)":null,"('0148-D-2014', 3)":null,"('0148-D-2014', 4)":null,"('0148-D-2014', 5)":null,"('0148-D-2014', 6)":null,"('0148-D-2014', 7)":null,"('0148-D-2014', 8)":null,"('0148-D-2014', 9)":null,"('0148-D-2014', 10)":null},"Palabra Clave":{"('0148-D-2014', 0)":" ","('0148-D-2014', 1)":null,"('0148-D-2014', 2)":null,"('0148-D-2014', 3)":null,"('0148-D-2014', 4)":null,"('0148-D-2014', 5)":null,"('0148-D-2014', 6)":null,"('0148-D-2014', 7)":null,"('0148-D-2014', 8)":null,"('0148-D-2014', 9)":null,"('0148-D-2014', 10)":null}}