{"Tipo de Proyecto":{"('0149-OV-2014', 0)":"PROYECTO DE RESOLUCI\u00d3N"},"Iniciado en: ":{"('0149-OV-2014', 0)":"Senado"},"Expediente Senado: ":{"('0149-OV-2014', 0)":"0149-OV-2014"},"Fecha: ":{"('0149-OV-2014', 0)":"15\/09\/2015"},"T\u00edtulo":{"('0149-OV-2014', 0)":"RESOLUCIONES REMITIDAS POR LA AUDITORIA GENERAL DE LA NACION, 83\/14, TOMANDO CONOCIMIENTO DEL INFORME DE REVISION LIMITADA REFERIDO AL BANCO DE INVERSION Y COMERCIO EXTERIOR S.A., ESTADOS CONTABLES AL 31 DE MARZO DE 2014 (0149-OV-14), 176\/14, TOMANDO CONOCIMIENTO DEL INFORME DE REVISION LIMITADA REFERIDO AL BANCO DE INVERSION Y COMERCIO INTERIOR S.A., ESTADOS CONTABLES AL 30 DE JUNIO DE 2014 (0370-OV-14), 22\/15, TOMANDO CONOCIMIENTO DEL INFORME DE REVISION LIMITADA REFERIDO AL BANCO DE INVERSION Y COMERCIO EXTERIOR S.A., ESTADOS CONTABLES AL 30 DE SEPTIEMBRE DE 2014 (0014-OV-15), Y 46\/15, APROBANDO EL INFORME REFERIDO AL BANCO DE INVERSION Y COMERCIO EXTERIOR S.A., ESTADOS CONTABLES AL 31 DE DICIEMBRE DE 2014 (0063-OV-15)."},"('Firmantes', 'FIRMANTE')":{"('0149-OV-2014', 0)":"PARLAMENTARIA MIXTA REVISORA DE CUENTAS"},"('Firmantes', 'DISTRITO')":{"('0149-OV-2014', 0)":null},"('Firmantes', 'BLOQUE')":{"('0149-OV-2014', 0)":null},"('Tramites', 'C\u00c1MARA')":{"('0149-OV-2014', 0)":"Senado"},"('Tramites', 'MOVIMIENTO')":{"('0149-OV-2014', 0)":"CONSIDERACION Y APROBACION (AL ARCHIVO)"},"('Tramites', 'FECHA')":{"('0149-OV-2014', 0)":"02\/11\/2016"},"('Tramites', 'RESULTADO')":{"('0149-OV-2014', 0)":"APROBADO"},"Sumario":{"('0149-OV-2014', 0)":"HABIENDO TOMADO CONOCIMIENTO Y SIN PERJUICIO DE ULTERIORES MEDIDAS QUE PUEDAN ADOPTARSE, SE ACONSEJA SU REMISION AL ARCHIVO."},"Palabra Clave":{"('0149-OV-2014', 0)":" "}}