{"Tipo de Proyecto":{"('0150-D-2014', 0)":"PROYECTO DE LEY","('0150-D-2014', 1)":null,"('0150-D-2014', 2)":null,"('0150-D-2014', 3)":null,"('0150-D-2014', 4)":null,"('0150-D-2014', 5)":null,"('0150-D-2014', 6)":null,"('0150-D-2014', 7)":null,"('0150-D-2014', 8)":null,"('0150-D-2014', 9)":null,"('0150-D-2014', 10)":null},"Iniciado en: ":{"('0150-D-2014', 0)":"Diputados","('0150-D-2014', 1)":null,"('0150-D-2014', 2)":null,"('0150-D-2014', 3)":null,"('0150-D-2014', 4)":null,"('0150-D-2014', 5)":null,"('0150-D-2014', 6)":null,"('0150-D-2014', 7)":null,"('0150-D-2014', 8)":null,"('0150-D-2014', 9)":null,"('0150-D-2014', 10)":null},"Expediente Diputados: ":{"('0150-D-2014', 0)":"0150-D-2014","('0150-D-2014', 1)":null,"('0150-D-2014', 2)":null,"('0150-D-2014', 3)":null,"('0150-D-2014', 4)":null,"('0150-D-2014', 5)":null,"('0150-D-2014', 6)":null,"('0150-D-2014', 7)":null,"('0150-D-2014', 8)":null,"('0150-D-2014', 9)":null,"('0150-D-2014', 10)":null},"Publicado en: ":{"('0150-D-2014', 0)":"Tr\u00e1mite Parlamentario N\u00b0 1","('0150-D-2014', 1)":null,"('0150-D-2014', 2)":null,"('0150-D-2014', 3)":null,"('0150-D-2014', 4)":null,"('0150-D-2014', 5)":null,"('0150-D-2014', 6)":null,"('0150-D-2014', 7)":null,"('0150-D-2014', 8)":null,"('0150-D-2014', 9)":null,"('0150-D-2014', 10)":null},"Fecha: ":{"('0150-D-2014', 0)":"05\/03\/2014","('0150-D-2014', 1)":null,"('0150-D-2014', 2)":null,"('0150-D-2014', 3)":null,"('0150-D-2014', 4)":null,"('0150-D-2014', 5)":null,"('0150-D-2014', 6)":null,"('0150-D-2014', 7)":null,"('0150-D-2014', 8)":null,"('0150-D-2014', 9)":null,"('0150-D-2014', 10)":null},"T\u00edtulo":{"('0150-D-2014', 0)":"REGISTRO NACIONAL DE EFECTORES GUBERNAMENTALES Y NO GUBERNAMENTALES DEDICADOS AL DIAGNOSTICO, DESHABITUACION, DESINTOXICACION, REHABILITACION Y PREVENCION DE LAS ADICCIONES (RENAPAA), EN EL AMBITO DEL MINISTERIO DE SALUD DE LA NACION.","('0150-D-2014', 1)":null,"('0150-D-2014', 2)":null,"('0150-D-2014', 3)":null,"('0150-D-2014', 4)":null,"('0150-D-2014', 5)":null,"('0150-D-2014', 6)":null,"('0150-D-2014', 7)":null,"('0150-D-2014', 8)":null,"('0150-D-2014', 9)":null,"('0150-D-2014', 10)":null},"('Firmantes', 'FIRMANTE')":{"('0150-D-2014', 0)":"PUIGGROS, ADRIANA VICTORIA","('0150-D-2014', 1)":"AVOSCAN, HERMAN HORACIO","('0150-D-2014', 2)":"PERIE, JULIA ARGENTINA","('0150-D-2014', 3)":"CONTRERA, MONICA GRACIELA","('0150-D-2014', 4)":"ELORRIAGA, OSVALDO ENRIQUE","('0150-D-2014', 5)":"HERRERA, GRISELDA NOEMI","('0150-D-2014', 6)":"RUBIN, CARLOS GUSTAVO","('0150-D-2014', 7)":"BEDANO, NORA ESTHER","('0150-D-2014', 8)":"PERRONI, ANA MARIA","('0150-D-2014', 9)":"SOTO, GLADYS BEATRIZ","('0150-D-2014', 10)":"BIANCHI, MARIA DEL CARMEN"},"('Firmantes', 'DISTRITO')":{"('0150-D-2014', 0)":"BUENOS AIRES","('0150-D-2014', 1)":"RIO NEGRO","('0150-D-2014', 2)":"MISIONES","('0150-D-2014', 3)":"CHUBUT","('0150-D-2014', 4)":"ENTRE RIOS","('0150-D-2014', 5)":"LA RIOJA","('0150-D-2014', 6)":"CORRIENTES","('0150-D-2014', 7)":"CORDOBA","('0150-D-2014', 8)":"CORRIENTES","('0150-D-2014', 9)":"CHACO","('0150-D-2014', 10)":"CIUDAD de BUENOS AIRES"},"('Firmantes', 'BLOQUE')":{"('0150-D-2014', 0)":"FRENTE PARA LA VICTORIA - PJ","('0150-D-2014', 1)":"FRENTE PARA LA VICTORIA - PJ","('0150-D-2014', 2)":"FRENTE PARA LA VICTORIA - PJ","('0150-D-2014', 3)":"FRENTE PARA LA VICTORIA - PJ","('0150-D-2014', 4)":"FRENTE PARA LA VICTORIA - PJ","('0150-D-2014', 5)":"FRENTE PARA LA VICTORIA - PJ","('0150-D-2014', 6)":"FRENTE PARA LA VICTORIA - PJ","('0150-D-2014', 7)":"FRENTE PARA LA VICTORIA - PJ","('0150-D-2014', 8)":"FRENTE PARA LA VICTORIA - PJ","('0150-D-2014', 9)":"FRENTE PARA LA VICTORIA - PJ","('0150-D-2014', 10)":"FRENTE PARA LA VICTORIA - PJ"},"('Giros', 'COMISI\u00d3N')":{"('0150-D-2014', 0)":"PREVENCION DE ADICCIONES Y CONTROL DEL NARCOTRAFICO","('0150-D-2014', 1)":"ACCION SOCIAL Y SALUD PUBLICA","('0150-D-2014', 2)":"PRESUPUESTO Y HACIENDA","('0150-D-2014', 3)":null,"('0150-D-2014', 4)":null,"('0150-D-2014', 5)":null,"('0150-D-2014', 6)":null,"('0150-D-2014', 7)":null,"('0150-D-2014', 8)":null,"('0150-D-2014', 9)":null,"('0150-D-2014', 10)":null},"('Tramites', 'C\u00c1MARA')":{"('0150-D-2014', 0)":"Diputados","('0150-D-2014', 1)":"Diputados","('0150-D-2014', 2)":"Diputados","('0150-D-2014', 3)":"Diputados","('0150-D-2014', 4)":"Diputados","('0150-D-2014', 5)":"Diputados","('0150-D-2014', 6)":"Diputados","('0150-D-2014', 7)":"Diputados","('0150-D-2014', 8)":"Diputados","('0150-D-2014', 9)":null,"('0150-D-2014', 10)":null},"('Tramites', 'MOVIMIENTO')":{"('0150-D-2014', 0)":"SOLICITUD DE SER COFIRMANTE DE LA DIPUTADA PERIE JULIA (A SUS ANTECEDENTES)","('0150-D-2014', 1)":"SOLICITUD DE SER COFIRMANTE DE LA DIPUTADA CONTRERA MONICA (A SUS ANTECEDENTES)","('0150-D-2014', 2)":"SOLICITUD DE SER COFIRMANTE DEL DIPUTADO ELORRIAGA (A SUS ANTECEDENTES)","('0150-D-2014', 3)":"SOLICITUD DE SER COFIRMANTE DE LA DIPUTADA HERRERA, GRISELDA NOEMI (A SUS ANTECEDENTES)","('0150-D-2014', 4)":"SOLICITUD DE SER COFIRMANTE DEL DIPUTADO RUBIN (A SUS ANTECEDENTES)","('0150-D-2014', 5)":"SOLICITUD DE SER COFIRMANTE DE LA DIPUTADA BEDANO (A SUS ANTECEDENTES)","('0150-D-2014', 6)":"SOLICITUD DE SER COFIRMANTE DE LA DIPUTADA PERRONI (A SUS ANTECEDENTES)","('0150-D-2014', 7)":"SOLICITUD DE SER COFIRMANTE DE LA DIPUTADA SOTO (A SUS ANTECEDENTES)","('0150-D-2014', 8)":"SOLICITUD DE SER COFIRMANTE DE LA DIPUTADA BIANCHI, MARIA DEL CARMEN (A SUS ANTECEDENTES)","('0150-D-2014', 9)":null,"('0150-D-2014', 10)":null},"('Tramites', 'FECHA')":{"('0150-D-2014', 0)":null,"('0150-D-2014', 1)":null,"('0150-D-2014', 2)":null,"('0150-D-2014', 3)":null,"('0150-D-2014', 4)":null,"('0150-D-2014', 5)":null,"('0150-D-2014', 6)":null,"('0150-D-2014', 7)":null,"('0150-D-2014', 8)":null,"('0150-D-2014', 9)":null,"('0150-D-2014', 10)":null},"('Tramites', 'RESULTADO')":{"('0150-D-2014', 0)":null,"('0150-D-2014', 1)":null,"('0150-D-2014', 2)":null,"('0150-D-2014', 3)":null,"('0150-D-2014', 4)":null,"('0150-D-2014', 5)":null,"('0150-D-2014', 6)":null,"('0150-D-2014', 7)":null,"('0150-D-2014', 8)":null,"('0150-D-2014', 9)":null,"('0150-D-2014', 10)":null},"Sumario":{"('0150-D-2014', 0)":"CREACION; CONCEPTOS; AUTORIDAD DE APLICACION: MINISTERIO DE SALUD DE LA NACION: FUNCIONES; SUSCRIPCION DE CONVENIOS; REGLAMENTACION; RECURSOS; INVITACION A LAS PROVINCIAS Y A LA CIUDAD AUTONOMA DE BUENOS AIRES A ADHERIR A LA PRESENTE LEY.","('0150-D-2014', 1)":null,"('0150-D-2014', 2)":null,"('0150-D-2014', 3)":null,"('0150-D-2014', 4)":null,"('0150-D-2014', 5)":null,"('0150-D-2014', 6)":null,"('0150-D-2014', 7)":null,"('0150-D-2014', 8)":null,"('0150-D-2014', 9)":null,"('0150-D-2014', 10)":null},"Palabra Clave":{"('0150-D-2014', 0)":" ","('0150-D-2014', 1)":null,"('0150-D-2014', 2)":null,"('0150-D-2014', 3)":null,"('0150-D-2014', 4)":null,"('0150-D-2014', 5)":null,"('0150-D-2014', 6)":null,"('0150-D-2014', 7)":null,"('0150-D-2014', 8)":null,"('0150-D-2014', 9)":null,"('0150-D-2014', 10)":null}}