{"Tipo de Proyecto":{"('0152-D-2014', 0)":"PROYECTO DE LEY","('0152-D-2014', 1)":null,"('0152-D-2014', 2)":null},"Iniciado en: ":{"('0152-D-2014', 0)":"Diputados","('0152-D-2014', 1)":null,"('0152-D-2014', 2)":null},"Expediente Diputados: ":{"('0152-D-2014', 0)":"0152-D-2014","('0152-D-2014', 1)":null,"('0152-D-2014', 2)":null},"Publicado en: ":{"('0152-D-2014', 0)":"Tr\u00e1mite Parlamentario N\u00b0 1","('0152-D-2014', 1)":null,"('0152-D-2014', 2)":null},"Fecha: ":{"('0152-D-2014', 0)":"05\/03\/2014","('0152-D-2014', 1)":null,"('0152-D-2014', 2)":null},"T\u00edtulo":{"('0152-D-2014', 0)":"REGISTRO NACIONAL DE REINCIDENCIA Y ESTADISTICA CRIMINAL Y CARCELARIA (LEY 22117): INCORPORACION DEL ARTICULO 8 BIS, SOBRE INTERPOSICION DE LA ACCION DE PROTECCION DE DATOS PERSONALES RESPECTO A LA SUPRESION, RECTIFICACION, CONFIDENCIALIDAD O ACTUALIZACION DE LOS MISMOS ANTE EL JUEZ FEDERAL CON COMPETENCIA EN RAZON DEL DOMICILIO DEL ACTOR. ","('0152-D-2014', 1)":null,"('0152-D-2014', 2)":null},"('Firmantes', 'FIRMANTE')":{"('0152-D-2014', 0)":"COMELLI, ALICIA MARCELA","('0152-D-2014', 1)":"SAN MARTIN, ADRIAN","('0152-D-2014', 2)":"MOLINA, MANUEL ISAURO"},"('Firmantes', 'DISTRITO')":{"('0152-D-2014', 0)":"NEUQUEN","('0152-D-2014', 1)":"NEUQUEN","('0152-D-2014', 2)":"CATAMARCA"},"('Firmantes', 'BLOQUE')":{"('0152-D-2014', 0)":"MOV POP NEUQUINO","('0152-D-2014', 1)":"MOV POP NEUQUINO","('0152-D-2014', 2)":"FRENTE PARA LA VICTORIA - PJ"},"('Giros', 'COMISI\u00d3N')":{"('0152-D-2014', 0)":"JUSTICIA","('0152-D-2014', 1)":"LEGISLACION PENAL","('0152-D-2014', 2)":null},"('Tramites', 'C\u00c1MARA')":{"('0152-D-2014', 0)":"Diputados","('0152-D-2014', 1)":null,"('0152-D-2014', 2)":null},"('Tramites', 'MOVIMIENTO')":{"('0152-D-2014', 0)":"SOLICITUD DEL AUTOR DE RETIRO DEL PROYECTO (EXPEDIENTE 0492-D-14)","('0152-D-2014', 1)":null,"('0152-D-2014', 2)":null},"('Tramites', 'FECHA')":{"('0152-D-2014', 0)":null,"('0152-D-2014', 1)":null,"('0152-D-2014', 2)":null},"('Tramites', 'RESULTADO')":{"('0152-D-2014', 0)":null,"('0152-D-2014', 1)":null,"('0152-D-2014', 2)":null},"Link":{"('0152-D-2014', 0)":"https:\/\/www.hcdn.gob.ar\/proyectos\/textoCompleto.jsp?exp=0152-D-2014&tipo=LEY","('0152-D-2014', 1)":null,"('0152-D-2014', 2)":null},"Palabra Clave":{"('0152-D-2014', 0)":" ","('0152-D-2014', 1)":null,"('0152-D-2014', 2)":null}}