{"Tipo de Proyecto":{"('0152-S-2014', 0)":"PROYECTO DE LEY","('0152-S-2014', 1)":null,"('0152-S-2014', 2)":null},"Iniciado en: ":{"('0152-S-2014', 0)":"Senado","('0152-S-2014', 1)":null,"('0152-S-2014', 2)":null},"Expediente Diputados: ":{"('0152-S-2014', 0)":"0152-S-2014","('0152-S-2014', 1)":null,"('0152-S-2014', 2)":null},"Expediente Senado: ":{"('0152-S-2014', 0)":"2336-S-2014","('0152-S-2014', 1)":null,"('0152-S-2014', 2)":null},"Publicado en: ":{"('0152-S-2014', 0)":"Diario de Asuntos Entrados N\u00b0 116","('0152-S-2014', 1)":null,"('0152-S-2014', 2)":null},"Fecha: ":{"('0152-S-2014', 0)":"05\/08\/2014","('0152-S-2014', 1)":null,"('0152-S-2014', 2)":null},"T\u00edtulo":{"('0152-S-2014', 0)":"LEY DE PROMOCION Y DESARROLLO DE LOS DEPORTES URBANOS EN LA ARGENTINA.","('0152-S-2014', 1)":null,"('0152-S-2014', 2)":null},"('Firmantes', 'FIRMANTE')":{"('0152-S-2014', 0)":"SANTILLI, DIEGO CESAR","('0152-S-2014', 1)":null,"('0152-S-2014', 2)":null},"('Firmantes', 'DISTRITO')":{"('0152-S-2014', 0)":"CIUDAD de BUENOS AIRES","('0152-S-2014', 1)":null,"('0152-S-2014', 2)":null},"('Firmantes', 'BLOQUE')":{"('0152-S-2014', 0)":"PRO Y UNION POR ENTRE RIOS","('0152-S-2014', 1)":null,"('0152-S-2014', 2)":null},"('Giros', 'COMISI\u00d3N')":{"('0152-S-2014', 0)":"DEPORTES","('0152-S-2014', 1)":"PRESUPUESTO Y HACIENDA","('0152-S-2014', 2)":null},"('Tramites', 'C\u00c1MARA')":{"('0152-S-2014', 0)":"Senado","('0152-S-2014', 1)":"Senado","('0152-S-2014', 2)":"Diputados"},"('Tramites', 'MOVIMIENTO')":{"('0152-S-2014', 0)":"MOCION SOBRE TABLAS (AFIRMATIVA)","('0152-S-2014', 1)":"CONSIDERACION Y APROBACION","('0152-S-2014', 2)":"PASA A DIPUTADOS -"},"('Tramites', 'FECHA')":{"('0152-S-2014', 0)":"17\/12\/2014","('0152-S-2014', 1)":"17\/12\/2014","('0152-S-2014', 2)":null},"('Tramites', 'RESULTADO')":{"('0152-S-2014', 0)":null,"('0152-S-2014', 1)":"MEDIA SANCION","('0152-S-2014', 2)":null},"Sumario":{"('0152-S-2014', 0)":"DEFINICIONES; AUTORIDAD DE APLICACION: SECRETARIA DE DEPORTES DE LA NACION; INCORPORACION DEL ARTICULO 3 DE LEY 20655; INVITACION A ADHERIR.","('0152-S-2014', 1)":null,"('0152-S-2014', 2)":null},"Palabra Clave":{"('0152-S-2014', 0)":" ","('0152-S-2014', 1)":null,"('0152-S-2014', 2)":null}}