{"Tipo de Proyecto":{"('0154-S-2014', 0)":"PROYECTO DE LEY","('0154-S-2014', 1)":null,"('0154-S-2014', 2)":null,"('0154-S-2014', 3)":null,"('0154-S-2014', 4)":null,"('0154-S-2014', 5)":null},"Iniciado en: ":{"('0154-S-2014', 0)":"Senado","('0154-S-2014', 1)":null,"('0154-S-2014', 2)":null,"('0154-S-2014', 3)":null,"('0154-S-2014', 4)":null,"('0154-S-2014', 5)":null},"Expediente Diputados: ":{"('0154-S-2014', 0)":"0154-S-2014","('0154-S-2014', 1)":null,"('0154-S-2014', 2)":null,"('0154-S-2014', 3)":null,"('0154-S-2014', 4)":null,"('0154-S-2014', 5)":null},"Expediente Senado: ":{"('0154-S-2014', 0)":"4213-S-2014","('0154-S-2014', 1)":null,"('0154-S-2014', 2)":null,"('0154-S-2014', 3)":null,"('0154-S-2014', 4)":null,"('0154-S-2014', 5)":null},"Publicado en: ":{"('0154-S-2014', 0)":"Diario de Asuntos Entrados N\u00b0 215","('0154-S-2014', 1)":null,"('0154-S-2014', 2)":null,"('0154-S-2014', 3)":null,"('0154-S-2014', 4)":null,"('0154-S-2014', 5)":null},"Fecha: ":{"('0154-S-2014', 0)":"11\/12\/2014","('0154-S-2014', 1)":null,"('0154-S-2014', 2)":null,"('0154-S-2014', 3)":null,"('0154-S-2014', 4)":null,"('0154-S-2014', 5)":null},"T\u00edtulo":{"('0154-S-2014', 0)":"INSTITUIR EL 30 DE AGOSTO DE CADA A\u00d1O, COMO EL DIA NACIONAL DEL LIBRE ACCESO Y CIRCULACION A LAS COSTAS DE LOS RIOS, LAGOS Y ARROYOS.","('0154-S-2014', 1)":null,"('0154-S-2014', 2)":null,"('0154-S-2014', 3)":null,"('0154-S-2014', 4)":null,"('0154-S-2014', 5)":null},"('Firmantes', 'FIRMANTE')":{"('0154-S-2014', 0)":"ODARDA, MARIA MAGDALENA","('0154-S-2014', 1)":null,"('0154-S-2014', 2)":null,"('0154-S-2014', 3)":null,"('0154-S-2014', 4)":null,"('0154-S-2014', 5)":null},"('Firmantes', 'DISTRITO')":{"('0154-S-2014', 0)":"RIO NEGRO","('0154-S-2014', 1)":null,"('0154-S-2014', 2)":null,"('0154-S-2014', 3)":null,"('0154-S-2014', 4)":null,"('0154-S-2014', 5)":null},"('Firmantes', 'BLOQUE')":{"('0154-S-2014', 0)":"FRENTE PROGRESISTA - CCARI","('0154-S-2014', 1)":null,"('0154-S-2014', 2)":null,"('0154-S-2014', 3)":null,"('0154-S-2014', 4)":null,"('0154-S-2014', 5)":null},"('Giros', 'COMISI\u00d3N')":{"('0154-S-2014', 0)":"INTERESES MARITIMOS, FLUVIALES, PESQUEROS Y PORTUARIOS","('0154-S-2014', 1)":"LEGISLACION GENERAL","('0154-S-2014', 2)":null,"('0154-S-2014', 3)":null,"('0154-S-2014', 4)":null,"('0154-S-2014', 5)":null},"('Tramites', 'C\u00c1MARA')":{"('0154-S-2014', 0)":"Senado","('0154-S-2014', 1)":"Diputados","('0154-S-2014', 2)":"Diputados","('0154-S-2014', 3)":"Diputados","('0154-S-2014', 4)":"Diputados","('0154-S-2014', 5)":"Diputados"},"('Tramites', 'MOVIMIENTO')":{"('0154-S-2014', 0)":"CONSIDERACION Y APROBACION","('0154-S-2014', 1)":"PASA A DIPUTADOS -","('0154-S-2014', 2)":"MOCION DE PREFERENCIA CON DICTAMEN (AFIRMATIVA)","('0154-S-2014', 3)":"CITACION SESION ESPECIAL","('0154-S-2014', 4)":"MOCION INCLUSION EN EL ORDEN DEL DIA (AFIRMATIVA)","('0154-S-2014', 5)":"CONSIDERACION Y SANCION"},"('Tramites', 'FECHA')":{"('0154-S-2014', 0)":"17\/12\/2014","('0154-S-2014', 1)":null,"('0154-S-2014', 2)":"26\/08\/2015","('0154-S-2014', 3)":"30\/06\/2016","('0154-S-2014', 4)":"30\/06\/2016","('0154-S-2014', 5)":"30\/06\/2016"},"('Tramites', 'RESULTADO')":{"('0154-S-2014', 0)":"MEDIA SANCION","('0154-S-2014', 1)":null,"('0154-S-2014', 2)":null,"('0154-S-2014', 3)":null,"('0154-S-2014', 4)":null,"('0154-S-2014', 5)":"SANCIONADO"},"Link":{"('0154-S-2014', 0)":"http:\/\/www.senado.gov.ar\/parlamentario\/comisiones\/verExp\/4213.14\/S\/PL","('0154-S-2014', 1)":null,"('0154-S-2014', 2)":null,"('0154-S-2014', 3)":null,"('0154-S-2014', 4)":null,"('0154-S-2014', 5)":null},"Palabra Clave":{"('0154-S-2014', 0)":" ","('0154-S-2014', 1)":null,"('0154-S-2014', 2)":null,"('0154-S-2014', 3)":null,"('0154-S-2014', 4)":null,"('0154-S-2014', 5)":null}}