{"Tipo de Proyecto":{"('0154-D-2014', 0)":"PROYECTO DE DECLARACI\u00d3N","('0154-D-2014', 1)":null},"Iniciado en: ":{"('0154-D-2014', 0)":"Diputados","('0154-D-2014', 1)":null},"Expediente Diputados: ":{"('0154-D-2014', 0)":"0154-D-2014","('0154-D-2014', 1)":null},"Publicado en: ":{"('0154-D-2014', 0)":"Tr\u00e1mite Parlamentario N\u00b0 1","('0154-D-2014', 1)":null},"Fecha: ":{"('0154-D-2014', 0)":"05\/03\/2014","('0154-D-2014', 1)":null},"T\u00edtulo":{"('0154-D-2014', 0)":"DECLARAR DE INTERES DE LA HONORABLE CAMARA DE DIPUTADOS DE LA NACION EL \"PROYECTO PERITO MORENO\" POR EL CUAL EL NADADOR RUBEN GONZALEZ, NADARA SIN EQUIPO DE PROTECCION TERMICA SOBRE LA PARED SUR DEL GLACIAR PERITO MORENO, PROVINCIA DE SANTA CRUZ, ENTRE LOS DIAS 10 Y 20 DE MARZO DE 2014.","('0154-D-2014', 1)":null},"('Firmantes', 'FIRMANTE')":{"('0154-D-2014', 0)":"BALCEDO, MARIA ESTER","('0154-D-2014', 1)":"IANNI, ANA MARIA"},"('Firmantes', 'DISTRITO')":{"('0154-D-2014', 0)":"BUENOS AIRES","('0154-D-2014', 1)":"SANTA CRUZ"},"('Firmantes', 'BLOQUE')":{"('0154-D-2014', 0)":"FRENTE PARA LA VICTORIA - PJ","('0154-D-2014', 1)":"FRENTE PARA LA VICTORIA - PJ"},"('Giros', 'COMISI\u00d3N')":{"('0154-D-2014', 0)":"DEPORTES","('0154-D-2014', 1)":null},"('Tramites', 'C\u00c1MARA')":{"('0154-D-2014', 0)":"Diputados","('0154-D-2014', 1)":null},"('Tramites', 'MOVIMIENTO')":{"('0154-D-2014', 0)":"APROBACION ARTICULO 114 DEL REGLAMENTO DE LA H CAMARA DE DIPUTADOS; COMUNICADO EL 04\/06\/2014","('0154-D-2014', 1)":null},"('Tramites', 'FECHA')":{"('0154-D-2014', 0)":null,"('0154-D-2014', 1)":null},"('Tramites', 'RESULTADO')":{"('0154-D-2014', 0)":"APROBADO","('0154-D-2014', 1)":null},"Link":{"('0154-D-2014', 0)":"https:\/\/www.hcdn.gob.ar\/proyectos\/textoCompleto.jsp?exp=0154-D-2014&tipo=DECLARACION","('0154-D-2014', 1)":null},"Palabra Clave":{"('0154-D-2014', 0)":" ","('0154-D-2014', 1)":null}}