{"Tipo de Proyecto":{"('0154-PE-2014', 0)":"MENSAJE NRO \/ A\u00d1O"},"Iniciado en: ":{"('0154-PE-2014', 0)":"Senado"},"Expediente Senado: ":{"('0154-PE-2014', 0)":"0154-PE-2014"},"Fecha: ":{"('0154-PE-2014', 0)":"14\/05\/2015"},"T\u00edtulo":{"('0154-PE-2014', 0)":"JEFATURA DE GABINETE DE MINISTROS REMITE RESPUESTA EN RELACION A LA RESOLUCION CONJUNTA DE LA H. CAMARA DE SENADORES Y DE LA H. CAMARA DE DIPUTADOS (RC 109\/12) SOBRE EL INFORME DE LA AUDITORIA GENERAL DE LA NACION REALIZADO EN EL AMBITO DEL FONDO PARA LA CONVERGENCIA ESTRUCTURAL DEL MERCOSUR (FOCEM) REFERIDO A LA GESTION DE LA UNIDAD TECNICA NACIONAL DEL FOCEM (UTNF) - REPUBLICA ARGENTINA - Y DE LA SUBUNIDAD EJECUTORA ARGENTINA DEL PROYECTO (REGIONAL) MERCOSUR LIBRE DE AFTOSA (PAMA)."},"('Firmantes', 'FIRMANTE')":{"('0154-PE-2014', 0)":"PARLAMENTARIA MIXTA REVISORA DE CUENTAS"},"('Firmantes', 'DISTRITO')":{"('0154-PE-2014', 0)":null},"('Firmantes', 'BLOQUE')":{"('0154-PE-2014', 0)":null},"('Tramites', 'C\u00c1MARA')":{"('0154-PE-2014', 0)":"Senado"},"('Tramites', 'MOVIMIENTO')":{"('0154-PE-2014', 0)":"CONSIDERACION Y APROBACION (AL ARCHIVO)"},"('Tramites', 'FECHA')":{"('0154-PE-2014', 0)":"02\/11\/2016"},"('Tramites', 'RESULTADO')":{"('0154-PE-2014', 0)":"APROBADO"},"Sumario":{"('0154-PE-2014', 0)":"HABIENDO TOMADO CONOCIMIENTO Y SIN PERJUICIO DE ULTERIORES MEDIDAS QUE PUEDAN ADOPTARSE, SE ACONSEJA SU REMISION AL ARCHIVO."},"Palabra Clave":{"('0154-PE-2014', 0)":" "}}