{"Tipo de Proyecto":{"('0156-PE-2014', 0)":"MENSAJE NRO: ____\/__"},"Iniciado en: ":{"('0156-PE-2014', 0)":"Senado"},"Expediente Senado: ":{"('0156-PE-2014', 0)":"0156-PE-2014"},"Fecha: ":{"('0156-PE-2014', 0)":"03\/12\/2015"},"T\u00edtulo":{"('0156-PE-2014', 0)":"JEFATURA DE GABINETE REMITE RESPUESTAS ENVIADAS POR EL MINISTERIO DE TRABAJO, EMPLEO Y SEGURIDAD SOCIAL, RELACIONADA CON EL INFORME DE LA AUDITORIA GENERAL DE LA NACION, SOBRE LOS ESTADOS FINANCIEROS POR EL EJERCICIO FINALIZADO EL 31 DE DICIEMBRE DE 2009, REFERIDO A \"APOYO A LA TRANSICION DEL PROGRAMA JEFES DE HOGAR\", CONVENIO DE PRESTAMO 7369\/AR BIRF (0156-PE-14), Y RELACIONADA CON EL INFORME DE LA AUDITORIA GENERAL DE LA NACION, SOBRE LOS ESTADOS FINANCIEROS POR EL EJERCICIO FINALIZADO EL 31 DE DICIEMBRE DE 2010, CORRESPONDIENTES AL PNUD ARG 06\/11 \"APOYO A LA TRANSICION DEL PROGRAMA JEFES DE HOGAR\" (0107-PE-14)."},"('Firmantes', 'FIRMANTE')":{"('0156-PE-2014', 0)":"PARLAMENTARIA MIXTA REVISORA DE CUENTAS"},"('Firmantes', 'DISTRITO')":{"('0156-PE-2014', 0)":null},"('Firmantes', 'BLOQUE')":{"('0156-PE-2014', 0)":null},"('Tramites', 'C\u00c1MARA')":{"('0156-PE-2014', 0)":"Senado"},"('Tramites', 'MOVIMIENTO')":{"('0156-PE-2014', 0)":"CONSIDERACION Y APROBACION (AL ARCHIVO)"},"('Tramites', 'FECHA')":{"('0156-PE-2014', 0)":"02\/11\/2016"},"('Tramites', 'RESULTADO')":{"('0156-PE-2014', 0)":"APROBADO"},"Sumario":{"('0156-PE-2014', 0)":"HABIENDO TOMADO CONOCIMIENTO Y SIN PERJUICIO DE ULTERIORES MEDIDAS QUE PUEDAN ADOPTARSE, SE ACONSEJA SU REMISION AL ARCHIVO."},"Palabra Clave":{"('0156-PE-2014', 0)":" "}}