{"Tipo de Proyecto":{"('0158-PE-2014', 0)":"MENSAJE NRO \/ A\u00d1O"},"Iniciado en: ":{"('0158-PE-2014', 0)":"Senado"},"Expediente Senado: ":{"('0158-PE-2014', 0)":"0158-PE-2014"},"Fecha: ":{"('0158-PE-2014', 0)":"14\/05\/2015"},"T\u00edtulo":{"('0158-PE-2014', 0)":"JEFATURA DE GABINETE DE MINISTROS REMITE RESPUESTA ENVIADA POR EL MINISTERIO DE PLANIFICACION FEDERAL, INVERSION PUBLICA Y SERVICIOS, RELACIONADA CON LOS ESTADOS FINANCIEROS POR EL EJERCICIO FINALIZADO EL 31 DE DICIEMBRE DE 2010, CORRESPONDIENTES AL PROYECTO PNUD ARG\/07\/008 \"GESTION AMBIENTAL MINERA PARA LA PRODUCCION SUSTENTABLE\", CONVENIO DE PRESTAMO 1865-II AR BID."},"('Firmantes', 'FIRMANTE')":{"('0158-PE-2014', 0)":"PARLAMENTARIA MIXTA REVISORA DE CUENTAS"},"('Firmantes', 'DISTRITO')":{"('0158-PE-2014', 0)":null},"('Firmantes', 'BLOQUE')":{"('0158-PE-2014', 0)":null},"('Tramites', 'C\u00c1MARA')":{"('0158-PE-2014', 0)":"Senado"},"('Tramites', 'MOVIMIENTO')":{"('0158-PE-2014', 0)":"CONSIDERACION Y APROBACION (AL ARCHIVO)"},"('Tramites', 'FECHA')":{"('0158-PE-2014', 0)":"02\/11\/2016"},"('Tramites', 'RESULTADO')":{"('0158-PE-2014', 0)":"APROBADO"},"Sumario":{"('0158-PE-2014', 0)":"HABIENDO TOMADO CONOCIMIENTO Y SIN PERJUICIO DE ULTERIORES MEDIDAS QUE PUEDAN ADOPTARSE, SE ACONSEJA SU REMISION AL ARCHIVO."},"Palabra Clave":{"('0158-PE-2014', 0)":" "}}