{"Tipo de Proyecto":{"('0158-S-2014', 0)":"COMUNICACION"},"Iniciado en: ":{"('0158-S-2014', 0)":"Senado"},"Expediente Senado: ":{"('0158-S-2014', 0)":"0158-S-2014"},"Publicado en: ":{"('0158-S-2014', 0)":"Diario de Asuntos Entrados N\u00b0 8"},"Fecha: ":{"('0158-S-2014', 0)":"05\/03\/2014"},"T\u00edtulo":{"('0158-S-2014', 0)":"PEDIDO DE INFORMES AL PODER EJECUTIVO SOBRE LAS PROVINCIAS QUE SE ADHIRIERON A LA LEY DE FERTILIZACION ASISTIDA 26 862 Y SU CUMPLIMIENTO."},"('Firmantes', 'FIRMANTE')":{"('0158-S-2014', 0)":"BASUALDO, ROBERTO GUSTAVO"},"('Firmantes', 'DISTRITO')":{"('0158-S-2014', 0)":"SAN JUAN"},"('Firmantes', 'BLOQUE')":{"('0158-S-2014', 0)":"PRODUCCION Y TRABAJO"},"('Tramites', 'C\u00c1MARA')":{"('0158-S-2014', 0)":"Senado"},"('Tramites', 'MOVIMIENTO')":{"('0158-S-2014', 0)":"MODIFICACION DE LOS ARTICULOS 60 Y 77 DEL REGLAMENTO DEL H SENADO (EXPEDIENTE 0337-S-14, APROBADO EL 10\/12\/2014), CAMBIO DE GIRO DE LA COMISION DE SALUD Y DEPORTE A LA COMISION DE SALUD"},"('Tramites', 'FECHA')":{"('0158-S-2014', 0)":"27\/05\/2015"},"('Tramites', 'RESULTADO')":{"('0158-S-2014', 0)":null},"Link":{"('0158-S-2014', 0)":"http:\/\/www.senado.gov.ar\/parlamentario\/comisiones\/verExp\/158.14\/S\/PC"},"Palabra Clave":{"('0158-S-2014', 0)":" "}}