{"Tipo de Proyecto":{"('0159-S-2014', 0)":"PROYECTO DE LEY"},"Iniciado en: ":{"('0159-S-2014', 0)":"Senado"},"Expediente Senado: ":{"('0159-S-2014', 0)":"0159-S-2014"},"Publicado en: ":{"('0159-S-2014', 0)":"Diario de Asuntos Entrados N\u00b0 8"},"Fecha: ":{"('0159-S-2014', 0)":"05\/03\/2014"},"T\u00edtulo":{"('0159-S-2014', 0)":"DEROGACION DEL ARTICULO 3 (FERIADOS CON FINES TURISTICOS) DEL DECRETO 1584\/10 DEL PODER EJECUTIVO NACIONAL. "},"('Firmantes', 'FIRMANTE')":{"('0159-S-2014', 0)":"BASUALDO, ROBERTO GUSTAVO"},"('Firmantes', 'DISTRITO')":{"('0159-S-2014', 0)":"SAN JUAN"},"('Firmantes', 'BLOQUE')":{"('0159-S-2014', 0)":"PRODUCCION Y TRABAJO"},"Link":{"('0159-S-2014', 0)":"http:\/\/www.senado.gov.ar\/parlamentario\/comisiones\/verExp\/159.14\/S\/PL"},"Palabra Clave":{"('0159-S-2014', 0)":" "}}