{"Tipo de Proyecto":{"('0159-D-2014', 0)":"PROYECTO DE LEY","('0159-D-2014', 1)":null,"('0159-D-2014', 2)":null},"Iniciado en: ":{"('0159-D-2014', 0)":"Diputados","('0159-D-2014', 1)":null,"('0159-D-2014', 2)":null},"Expediente Diputados: ":{"('0159-D-2014', 0)":"0159-D-2014","('0159-D-2014', 1)":null,"('0159-D-2014', 2)":null},"Publicado en: ":{"('0159-D-2014', 0)":"Tr\u00e1mite Parlamentario N\u00b0 1","('0159-D-2014', 1)":null,"('0159-D-2014', 2)":null},"Fecha: ":{"('0159-D-2014', 0)":"05\/03\/2014","('0159-D-2014', 1)":null,"('0159-D-2014', 2)":null},"T\u00edtulo":{"('0159-D-2014', 0)":"CENTRO DE ATENCION TELEFONICA Y WEB DENOMINADO \"SI A LA VIDA\": CREACION EN EL AMBITO DE LA SECRETARIA NACIONAL DE NI\u00d1EZ, ADOLESCENCIA Y FAMILIA. ","('0159-D-2014', 1)":null,"('0159-D-2014', 2)":null},"('Firmantes', 'FIRMANTE')":{"('0159-D-2014', 0)":"CASELLES, GRACIELA MARIA","('0159-D-2014', 1)":null,"('0159-D-2014', 2)":null},"('Firmantes', 'DISTRITO')":{"('0159-D-2014', 0)":"SAN JUAN","('0159-D-2014', 1)":null,"('0159-D-2014', 2)":null},"('Firmantes', 'BLOQUE')":{"('0159-D-2014', 0)":"FRENTE PARA LA VICTORIA - PARTIDO BLOQUISTA","('0159-D-2014', 1)":null,"('0159-D-2014', 2)":null},"('Giros', 'COMISI\u00d3N')":{"('0159-D-2014', 0)":"FAMILIA, MUJER, NI\u00d1EZ Y ADOLESCENCIA","('0159-D-2014', 1)":"COMUNICACIONES E INFORMATICA","('0159-D-2014', 2)":"PRESUPUESTO Y HACIENDA"},"Sumario":{"('0159-D-2014', 0)":"CREACION; OBJETIVO; CARACTERISTICAS; COMPOSICION; DESIGNACION DE COORDINADOR; LINEA GRATUITA 0800; DIFUSION; GASTOS; REGLAMENTACION.","('0159-D-2014', 1)":null,"('0159-D-2014', 2)":null},"Palabra Clave":{"('0159-D-2014', 0)":" ","('0159-D-2014', 1)":null,"('0159-D-2014', 2)":null}}