{"Tipo de Proyecto":{"('0161-S-2014', 0)":"PROYECTO DE DECLARACI\u00d3N"},"Iniciado en: ":{"('0161-S-2014', 0)":"Senado"},"Expediente Senado: ":{"('0161-S-2014', 0)":"0161-S-2014"},"Publicado en: ":{"('0161-S-2014', 0)":"Diario de Asuntos Entrados N\u00b0 8"},"Fecha: ":{"('0161-S-2014', 0)":"05\/03\/2014"},"T\u00edtulo":{"('0161-S-2014', 0)":"EXPRESAR BENEPLACITO POR LA REALIZACION DEL III CONGRESO MUNDIAL DEL AGUA, A LLEVARSE A CABO EN VILLA MERCEDES, SAN LUIS, EL 21 Y 22 DE MARZO DE 2014. "},"('Firmantes', 'FIRMANTE')":{"('0161-S-2014', 0)":"BASUALDO, ROBERTO GUSTAVO"},"('Firmantes', 'DISTRITO')":{"('0161-S-2014', 0)":"SAN JUAN"},"('Firmantes', 'BLOQUE')":{"('0161-S-2014', 0)":"PRODUCCION Y TRABAJO"},"Link":{"('0161-S-2014', 0)":"http:\/\/www.senado.gov.ar\/parlamentario\/comisiones\/verExp\/161.14\/S\/PD"},"Palabra Clave":{"('0161-S-2014', 0)":" "}}