{"Tipo de Proyecto":{"('0162-S-2014', 0)":"PROYECTO DE DECLARACI\u00d3N"},"Iniciado en: ":{"('0162-S-2014', 0)":"Senado"},"Expediente Senado: ":{"('0162-S-2014', 0)":"0162-S-2014"},"Publicado en: ":{"('0162-S-2014', 0)":"Diario de Asuntos Entrados N\u00b0 9"},"Fecha: ":{"('0162-S-2014', 0)":"05\/03\/2014"},"T\u00edtulo":{"('0162-S-2014', 0)":"EXPRESAR PREOCUPACION POR LAS TRABAS QUE ESTA SUFRIENDO LA EXPORTACION DE TRIGO ARGENTINO AL VECINO PAIS DE BRASIL. "},"('Firmantes', 'FIRMANTE')":{"('0162-S-2014', 0)":"BASUALDO, ROBERTO GUSTAVO"},"('Firmantes', 'DISTRITO')":{"('0162-S-2014', 0)":"SAN JUAN"},"('Firmantes', 'BLOQUE')":{"('0162-S-2014', 0)":"PRODUCCION Y TRABAJO"},"Link":{"('0162-S-2014', 0)":"http:\/\/www.senado.gov.ar\/parlamentario\/comisiones\/verExp\/162.14\/S\/PD"},"Palabra Clave":{"('0162-S-2014', 0)":" "}}