{"Tipo de Proyecto":{"('0163-OV-2014', 0)":"PROYECTO DE RESOLUCI\u00d3N"},"Iniciado en: ":{"('0163-OV-2014', 0)":"Senado"},"Expediente Senado: ":{"('0163-OV-2014', 0)":"0163-OV-2014"},"Fecha: ":{"('0163-OV-2014', 0)":"10\/04\/2015"},"T\u00edtulo":{"('0163-OV-2014', 0)":"RESOLUCION REMITIDA POR LA AUDITORIA GENERAL DE LA NACION 90\/14, TOMANDO CONOCIMIENTO DE LAS CERTIFICACIONES DE LAS TRANSFERENCIAS DE FONDOS DEL ESTADO NACIONAL A AEROLINEAS ARGENTINAS S.A. APROBADAS POR RESOLUCIONES 120\/13, 133\/13, 256\/13, 261\/13, 414\/13, 552\/13 Y 599\/13 DE LA SECRETARIA DE TRANSPORTE."},"('Firmantes', 'FIRMANTE')":{"('0163-OV-2014', 0)":"PARLAMENTARIA MIXTA REVISORA DE CUENTAS"},"('Firmantes', 'DISTRITO')":{"('0163-OV-2014', 0)":null},"('Firmantes', 'BLOQUE')":{"('0163-OV-2014', 0)":null},"('Tramites', 'C\u00c1MARA')":{"('0163-OV-2014', 0)":"Senado"},"('Tramites', 'MOVIMIENTO')":{"('0163-OV-2014', 0)":"CONSIDERACION Y APROBACION (AL ARCHIVO)"},"('Tramites', 'FECHA')":{"('0163-OV-2014', 0)":"02\/11\/2016"},"('Tramites', 'RESULTADO')":{"('0163-OV-2014', 0)":"APROBADO"},"Sumario":{"('0163-OV-2014', 0)":"HABIENDO TOMADO CONOCIMIENTO Y SIN PERJUICIO DE ULTERIORES MEDIDAS QUE PUEDAN ADOPTARSE, SE ACONSEJA SU REMISION AL ARCHIVO."},"Palabra Clave":{"('0163-OV-2014', 0)":" "}}