{"Tipo de Proyecto":{"('0164-D-2014', 0)":"PROYECTO DE RESOLUCI\u00d3N","('0164-D-2014', 1)":null,"('0164-D-2014', 2)":null},"Iniciado en: ":{"('0164-D-2014', 0)":"Diputados","('0164-D-2014', 1)":null,"('0164-D-2014', 2)":null},"Expediente Diputados: ":{"('0164-D-2014', 0)":"0164-D-2014","('0164-D-2014', 1)":null,"('0164-D-2014', 2)":null},"Publicado en: ":{"('0164-D-2014', 0)":"Tr\u00e1mite Parlamentario N\u00b0 2","('0164-D-2014', 1)":null,"('0164-D-2014', 2)":null},"Fecha: ":{"('0164-D-2014', 0)":"06\/03\/2014","('0164-D-2014', 1)":null,"('0164-D-2014', 2)":null},"T\u00edtulo":{"('0164-D-2014', 0)":"DECLARAR DE INTERES DE LA HONORABLE CAMARA EL I CONGRESO INTERNACIONAL DE GESTION INTEGRAL DE LOS RESIDUOS SOLIDOS URBANOS \"HACEMOS GESTION 2014\" A REALIZARSE ENTRE LOS DIAS 6 Y 8 DE AGOSTO DE 2014 EN LA PROVINCIA DE SAN JUAN.","('0164-D-2014', 1)":null,"('0164-D-2014', 2)":null},"('Firmantes', 'FIRMANTE')":{"('0164-D-2014', 0)":"CASTRO, SANDRA DANIELA","('0164-D-2014', 1)":"U\u00d1AC, JOSE RUBEN","('0164-D-2014', 2)":"TOMAS, HECTOR DANIEL"},"('Firmantes', 'DISTRITO')":{"('0164-D-2014', 0)":"SAN JUAN","('0164-D-2014', 1)":"SAN JUAN","('0164-D-2014', 2)":"SAN JUAN"},"('Firmantes', 'BLOQUE')":{"('0164-D-2014', 0)":"FRENTE PARA LA VICTORIA - PJ","('0164-D-2014', 1)":"FRENTE PARA LA VICTORIA - PJ","('0164-D-2014', 2)":"FRENTE PARA LA VICTORIA - PJ"},"('Giros', 'COMISI\u00d3N')":{"('0164-D-2014', 0)":"RECURSOS NATURALES Y CONSERVACION DEL AMBIENTE HUMANO","('0164-D-2014', 1)":null,"('0164-D-2014', 2)":null},"('Tramites', 'C\u00c1MARA')":{"('0164-D-2014', 0)":"Diputados","('0164-D-2014', 1)":null,"('0164-D-2014', 2)":null},"('Tramites', 'MOVIMIENTO')":{"('0164-D-2014', 0)":"APROBACION ARTICULO 114 DEL REGLAMENTO DE LA H CAMARA DE DIPUTADOS; COMUNICADO EL 10\/07\/2014","('0164-D-2014', 1)":null,"('0164-D-2014', 2)":null},"('Tramites', 'FECHA')":{"('0164-D-2014', 0)":null,"('0164-D-2014', 1)":null,"('0164-D-2014', 2)":null},"('Tramites', 'RESULTADO')":{"('0164-D-2014', 0)":"APROBADO","('0164-D-2014', 1)":null,"('0164-D-2014', 2)":null},"Link":{"('0164-D-2014', 0)":"https:\/\/www.hcdn.gob.ar\/proyectos\/textoCompleto.jsp?exp=0164-D-2014&tipo=RESOLUCION","('0164-D-2014', 1)":null,"('0164-D-2014', 2)":null},"Palabra Clave":{"('0164-D-2014', 0)":" ","('0164-D-2014', 1)":null,"('0164-D-2014', 2)":null}}