{"Tipo de Proyecto":{"('0164-S-2014', 0)":"PROYECTO DE DECLARACI\u00d3N"},"Iniciado en: ":{"('0164-S-2014', 0)":"Senado"},"Expediente Senado: ":{"('0164-S-2014', 0)":"0164-S-2014"},"Publicado en: ":{"('0164-S-2014', 0)":"Diario de Asuntos Entrados N\u00b0 9"},"Fecha: ":{"('0164-S-2014', 0)":"05\/03\/2014"},"T\u00edtulo":{"('0164-S-2014', 0)":"EXPRESAR BENEPLACITO POR LA REALIZACION DEL CONGRESO QUE BAJO EL LEMA \"CONSTRUYENDO UN FUTURO REGIONAL SOSTENIBLE\", ORGANIZADO POR EL CENTRO ARGENTINO DE INGENIEROS, SE LLEVARA A CABO ENTRE EL 4 Y 6 DE NOVIEMBRE DE 2014 EN LA CIUDAD AUTONOMA DE BUENOS AIRES."},"('Firmantes', 'FIRMANTE')":{"('0164-S-2014', 0)":"BASUALDO, ROBERTO GUSTAVO"},"('Firmantes', 'DISTRITO')":{"('0164-S-2014', 0)":"SAN JUAN"},"('Firmantes', 'BLOQUE')":{"('0164-S-2014', 0)":"PRODUCCION Y TRABAJO"},"('Tramites', 'C\u00c1MARA')":{"('0164-S-2014', 0)":"Senado"},"('Tramites', 'MOVIMIENTO')":{"('0164-S-2014', 0)":"CONSIDERACION Y APROBACION"},"('Tramites', 'FECHA')":{"('0164-S-2014', 0)":"30\/04\/2014"},"('Tramites', 'RESULTADO')":{"('0164-S-2014', 0)":"APROBADO"},"Link":{"('0164-S-2014', 0)":"http:\/\/www.senado.gov.ar\/parlamentario\/comisiones\/verExp\/164.14\/S\/PD"},"Palabra Clave":{"('0164-S-2014', 0)":" "}}