{"Tipo de Proyecto":{"('0165-D-2014', 0)":"PROYECTO DE RESOLUCI\u00d3N","('0165-D-2014', 1)":null,"('0165-D-2014', 2)":null,"('0165-D-2014', 3)":null},"Iniciado en: ":{"('0165-D-2014', 0)":"Diputados","('0165-D-2014', 1)":null,"('0165-D-2014', 2)":null,"('0165-D-2014', 3)":null},"Expediente Diputados: ":{"('0165-D-2014', 0)":"0165-D-2014","('0165-D-2014', 1)":null,"('0165-D-2014', 2)":null,"('0165-D-2014', 3)":null},"Publicado en: ":{"('0165-D-2014', 0)":"Tr\u00e1mite Parlamentario N\u00b0 2","('0165-D-2014', 1)":null,"('0165-D-2014', 2)":null,"('0165-D-2014', 3)":null},"Fecha: ":{"('0165-D-2014', 0)":"06\/03\/2014","('0165-D-2014', 1)":null,"('0165-D-2014', 2)":null,"('0165-D-2014', 3)":null},"T\u00edtulo":{"('0165-D-2014', 0)":"PEDIDO DE INFORMES AL PODER EJECUTIVO SOBRE EL REGIMEN DE ENVIOS POSTALES Y OTRAS CUESTIONES CONEXAS.","('0165-D-2014', 1)":null,"('0165-D-2014', 2)":null,"('0165-D-2014', 3)":null},"('Firmantes', 'FIRMANTE')":{"('0165-D-2014', 0)":"ALFONSIN, RICARDO LUIS","('0165-D-2014', 1)":"BAZZE, MIGUEL ANGEL","('0165-D-2014', 2)":"NEGRI, MARIO RAUL","('0165-D-2014', 3)":"BURYAILE, RICARDO"},"('Firmantes', 'DISTRITO')":{"('0165-D-2014', 0)":"BUENOS AIRES","('0165-D-2014', 1)":"BUENOS AIRES","('0165-D-2014', 2)":"CORDOBA","('0165-D-2014', 3)":"FORMOSA"},"('Firmantes', 'BLOQUE')":{"('0165-D-2014', 0)":"UCR","('0165-D-2014', 1)":"UCR","('0165-D-2014', 2)":"UCR","('0165-D-2014', 3)":"UCR"},"('Giros', 'COMISI\u00d3N')":{"('0165-D-2014', 0)":"COMUNICACIONES E INFORMATICA","('0165-D-2014', 1)":null,"('0165-D-2014', 2)":null,"('0165-D-2014', 3)":null},"Link":{"('0165-D-2014', 0)":"https:\/\/www.hcdn.gob.ar\/proyectos\/textoCompleto.jsp?exp=0165-D-2014&tipo=RESOLUCION","('0165-D-2014', 1)":null,"('0165-D-2014', 2)":null,"('0165-D-2014', 3)":null},"Palabra Clave":{"('0165-D-2014', 0)":" ","('0165-D-2014', 1)":null,"('0165-D-2014', 2)":null,"('0165-D-2014', 3)":null}}