{"Tipo de Proyecto":{"('0165-S-2014', 0)":"PROYECTO DE DECLARACI\u00d3N"},"Iniciado en: ":{"('0165-S-2014', 0)":"Senado"},"Expediente Senado: ":{"('0165-S-2014', 0)":"0165-S-2014"},"Publicado en: ":{"('0165-S-2014', 0)":"Diario de Asuntos Entrados N\u00b0 9"},"Fecha: ":{"('0165-S-2014', 0)":"05\/03\/2014"},"T\u00edtulo":{"('0165-S-2014', 0)":"EXPRESAR PREOCUPACION POR EL ATRASO EN EL CUMPLIMIENTO DE LOS APORTES ECONOMICOS DE LOS PLANES FORESTALES, AFECTANDO LAS ECONOMIAS REGIONALES EN DIVERSAS PROVINCIAS."},"('Firmantes', 'FIRMANTE')":{"('0165-S-2014', 0)":"BASUALDO, ROBERTO GUSTAVO"},"('Firmantes', 'DISTRITO')":{"('0165-S-2014', 0)":"SAN JUAN"},"('Firmantes', 'BLOQUE')":{"('0165-S-2014', 0)":"PRODUCCION Y TRABAJO"},"Link":{"('0165-S-2014', 0)":"http:\/\/www.senado.gov.ar\/parlamentario\/comisiones\/verExp\/165.14\/S\/PD"},"Palabra Clave":{"('0165-S-2014', 0)":" "}}