{"Tipo de Proyecto":{"('0166-S-2014', 0)":"PROYECTO DE LEY"},"Iniciado en: ":{"('0166-S-2014', 0)":"Senado"},"Expediente Senado: ":{"('0166-S-2014', 0)":"0166-S-2014"},"Publicado en: ":{"('0166-S-2014', 0)":"Diario de Asuntos Entrados N\u00b0 9"},"Fecha: ":{"('0166-S-2014', 0)":"05\/03\/2014"},"T\u00edtulo":{"('0166-S-2014', 0)":"INSTITUIR EL 23 DE ABRIL DE CADA A\u00d1O COMO \"DIA DEL LIBRO Y DEL DERECHO DE AUTOR\", EN COINCIDENCIA CON LO APROBADO EN LA CONFERENCIA GENERAL DE LA UNESCO."},"('Firmantes', 'FIRMANTE')":{"('0166-S-2014', 0)":"BASUALDO, ROBERTO GUSTAVO"},"('Firmantes', 'DISTRITO')":{"('0166-S-2014', 0)":"SAN JUAN"},"('Firmantes', 'BLOQUE')":{"('0166-S-2014', 0)":"PRODUCCION Y TRABAJO"},"Sumario":{"('0166-S-2014', 0)":"INCORPORACION AL CALENDARIO ESCOLAR."},"Palabra Clave":{"('0166-S-2014', 0)":" "}}