{"Tipo de Proyecto":{"('0167-S-2014', 0)":"PROYECTO DE LEY"},"Iniciado en: ":{"('0167-S-2014', 0)":"Senado"},"Expediente Senado: ":{"('0167-S-2014', 0)":"0167-S-2014"},"Publicado en: ":{"('0167-S-2014', 0)":"Diario de Asuntos Entrados N\u00b0 9"},"Fecha: ":{"('0167-S-2014', 0)":"05\/03\/2014"},"T\u00edtulo":{"('0167-S-2014', 0)":"PROHIBICION DE LA EXHIBICION DE CARTELES, EN LAS PLAYAS DE ESTACIONAMIENTO PRIVADAS, CON LEYENDAS QUE EVADAN LA RESPONSABILIDAD DE LA EMPRESA RESPECTO DEL ROBO DE LOS VEHICULOS. "},"('Firmantes', 'FIRMANTE')":{"('0167-S-2014', 0)":"BASUALDO, ROBERTO GUSTAVO"},"('Firmantes', 'DISTRITO')":{"('0167-S-2014', 0)":"SAN JUAN"},"('Firmantes', 'BLOQUE')":{"('0167-S-2014', 0)":"PRODUCCION Y TRABAJO"},"Sumario":{"('0167-S-2014', 0)":"EMISION DE COMPROBANTES."},"Palabra Clave":{"('0167-S-2014', 0)":" "}}