{"Tipo de Proyecto":{"('0168-D-2014', 0)":"PROYECTO DE RESOLUCI\u00d3N"},"Iniciado en: ":{"('0168-D-2014', 0)":"Diputados"},"Expediente Diputados: ":{"('0168-D-2014', 0)":"0168-D-2014"},"Publicado en: ":{"('0168-D-2014', 0)":"Tr\u00e1mite Parlamentario N\u00b0 2"},"Fecha: ":{"('0168-D-2014', 0)":"06\/03\/2014"},"T\u00edtulo":{"('0168-D-2014', 0)":"EXPRESAR BENEPLACITO POR EL ACUERDO FIRMADO POR EL GOBIERNO ARGENTINO CON LA EMPRESA REPSOL."},"('Firmantes', 'FIRMANTE')":{"('0168-D-2014', 0)":"DONKIN, CARLOS GUILLERMO"},"('Firmantes', 'DISTRITO')":{"('0168-D-2014', 0)":"FORMOSA"},"('Firmantes', 'BLOQUE')":{"('0168-D-2014', 0)":"FRENTE PARA LA VICTORIA - PJ"},"('Giros', 'COMISI\u00d3N')":{"('0168-D-2014', 0)":"ENERGIA Y COMBUSTIBLES"},"Link":{"('0168-D-2014', 0)":"https:\/\/www.hcdn.gob.ar\/proyectos\/textoCompleto.jsp?exp=0168-D-2014&tipo=RESOLUCION"},"Palabra Clave":{"('0168-D-2014', 0)":" "}}