{"Tipo de Proyecto":{"('0168-PE-2014', 0)":"MENSAJE NRO: ____\/__"},"Iniciado en: ":{"('0168-PE-2014', 0)":"Senado"},"Expediente Senado: ":{"('0168-PE-2014', 0)":"0168-PE-2014"},"Fecha: ":{"('0168-PE-2014', 0)":"28\/10\/2014"},"T\u00edtulo":{"('0168-PE-2014', 0)":"JEFATURA DE GABINETE DE MINISTROS REMITE RESPUESTA ENVIADA POR EL MINISTERIO DE AGRICULTURA, GANADERIA Y PESCA, RELACIONADA CON LOS ESTADOS FINANCIEROS POR EL EJERCICIO FINALIZADO EL 31 DE DICIEMBRE DE 2010, SOBRE EL PROGRAMA DE SERVICIOS AGRICOLAS PROVINCIALES II (PROSAP II), CONVENIO DE PRESTAMO BID 1956\/OC-AR."},"('Firmantes', 'FIRMANTE')":{"('0168-PE-2014', 0)":"PARLAMENTARIA CONJUNTA DEL MERCOSUR (LEY 23981)"},"('Firmantes', 'DISTRITO')":{"('0168-PE-2014', 0)":null},"('Firmantes', 'BLOQUE')":{"('0168-PE-2014', 0)":null},"('Tramites', 'C\u00c1MARA')":{"('0168-PE-2014', 0)":"Senado"},"('Tramites', 'MOVIMIENTO')":{"('0168-PE-2014', 0)":"CONSIDERACION Y APROBACION (AL ARCHIVO)"},"('Tramites', 'FECHA')":{"('0168-PE-2014', 0)":"10\/12\/2014"},"('Tramites', 'RESULTADO')":{"('0168-PE-2014', 0)":"APROBADO"},"Sumario":{"('0168-PE-2014', 0)":"HABIENDO TOMADO CONOCIMIENTO Y SIN PERJUICIO DE ULTERIORES MEDIDAS QUE PUEDAN ADOPTARSE, SE ACONSEJA SU REMISION AL ARCHIVO."},"Palabra Clave":{"('0168-PE-2014', 0)":" "}}