{"Tipo de Proyecto":{"('0169-S-2014', 0)":"PROYECTO DE LEY"},"Iniciado en: ":{"('0169-S-2014', 0)":"Senado"},"Expediente Senado: ":{"('0169-S-2014', 0)":"0169-S-2014"},"Publicado en: ":{"('0169-S-2014', 0)":"Diario de Asuntos Entrados N\u00b0 9"},"Fecha: ":{"('0169-S-2014', 0)":"05\/03\/2014"},"T\u00edtulo":{"('0169-S-2014', 0)":"ESTABLECER QUE LOS ALIMENTOS LACTEOS ENVASADOS, DEBERAN PRESENTAR LA LEYENDA \"UNA ALIMENTACION SALUDABLE RICA EN CALCIO, COMPLEMENTADA CON LA PRACTICA REGULAR DE ACTIVIDAD FISICA, AYUDA A PREVENIR LA OSTEOPOROSIS EN LA EDAD ADULTA\"."},"('Firmantes', 'FIRMANTE')":{"('0169-S-2014', 0)":"BASUALDO, ROBERTO GUSTAVO"},"('Firmantes', 'DISTRITO')":{"('0169-S-2014', 0)":"SAN JUAN"},"('Firmantes', 'BLOQUE')":{"('0169-S-2014', 0)":"PRODUCCION Y TRABAJO"},"('Tramites', 'C\u00c1MARA')":{"('0169-S-2014', 0)":"Senado"},"('Tramites', 'MOVIMIENTO')":{"('0169-S-2014', 0)":"MODIFICACION DE LOS ARTICULOS 60 Y 77 DEL REGLAMENTO DEL H SENADO (EXPEDIENTE 0337-S-14, APROBADO EL 10\/12\/2014), CAMBIO DE GIRO DE LA COMISION DE SALUD Y DEPORTE A LA COMISION DE SALUD"},"('Tramites', 'FECHA')":{"('0169-S-2014', 0)":"27\/05\/2015"},"('Tramites', 'RESULTADO')":{"('0169-S-2014', 0)":null},"Link":{"('0169-S-2014', 0)":"http:\/\/www.senado.gov.ar\/parlamentario\/comisiones\/verExp\/169.14\/S\/PL"},"Palabra Clave":{"('0169-S-2014', 0)":" "}}