{"Tipo de Proyecto":{"('0169-PE-2014', 0)":"MENSAJE NRO: ____\/__"},"Iniciado en: ":{"('0169-PE-2014', 0)":"Senado"},"Expediente Senado: ":{"('0169-PE-2014', 0)":"0169-PE-2014"},"Fecha: ":{"('0169-PE-2014', 0)":"03\/12\/2015"},"T\u00edtulo":{"('0169-PE-2014', 0)":"JEFATURA DE GABINETE DE MINISTROS REMITE RESPUESTA ENVIADA POR EL MINISTERIO DE AGRICULTURA, GANADERIA Y PESCA, RELACIONADA CON LOS ESTADOS FINANCIEROS DEL EJERCICIO FINALIZADO EL 31 DE DICIEMBRE DE 2010, CORRESPONDIENTES AL PROYECTO DE CONSERVACION DE LA BIODIVERSIDAD EN PAISAJES PRODUCTIVOS FORESTALES, CONVENIO DE DONACION GEF PT 90118."},"('Firmantes', 'FIRMANTE')":{"('0169-PE-2014', 0)":"PARLAMENTARIA MIXTA REVISORA DE CUENTAS"},"('Firmantes', 'DISTRITO')":{"('0169-PE-2014', 0)":null},"('Firmantes', 'BLOQUE')":{"('0169-PE-2014', 0)":null},"('Tramites', 'C\u00c1MARA')":{"('0169-PE-2014', 0)":"Senado"},"('Tramites', 'MOVIMIENTO')":{"('0169-PE-2014', 0)":"CONSIDERACION Y APROBACION (AL ARCHIVO)"},"('Tramites', 'FECHA')":{"('0169-PE-2014', 0)":"02\/11\/2016"},"('Tramites', 'RESULTADO')":{"('0169-PE-2014', 0)":"APROBADO"},"Sumario":{"('0169-PE-2014', 0)":"HABIENDO TOMADO CONOCIMIENTO Y SIN PERJUICIO DE ULTERIORES MEDIDAS QUE PUEDAN ADOPTARSE, SE ACONSEJA SU REMISION AL ARCHIVO."},"Palabra Clave":{"('0169-PE-2014', 0)":" "}}