{"Tipo de Proyecto":{"('0169-D-2014', 0)":"PROYECTO DE LEY","('0169-D-2014', 1)":null,"('0169-D-2014', 2)":null,"('0169-D-2014', 3)":null,"('0169-D-2014', 4)":null,"('0169-D-2014', 5)":null,"('0169-D-2014', 6)":null,"('0169-D-2014', 7)":null},"Iniciado en: ":{"('0169-D-2014', 0)":"Diputados","('0169-D-2014', 1)":null,"('0169-D-2014', 2)":null,"('0169-D-2014', 3)":null,"('0169-D-2014', 4)":null,"('0169-D-2014', 5)":null,"('0169-D-2014', 6)":null,"('0169-D-2014', 7)":null},"Expediente Diputados: ":{"('0169-D-2014', 0)":"0169-D-2014","('0169-D-2014', 1)":null,"('0169-D-2014', 2)":null,"('0169-D-2014', 3)":null,"('0169-D-2014', 4)":null,"('0169-D-2014', 5)":null,"('0169-D-2014', 6)":null,"('0169-D-2014', 7)":null},"Publicado en: ":{"('0169-D-2014', 0)":"Tr\u00e1mite Parlamentario N\u00b0 2","('0169-D-2014', 1)":null,"('0169-D-2014', 2)":null,"('0169-D-2014', 3)":null,"('0169-D-2014', 4)":null,"('0169-D-2014', 5)":null,"('0169-D-2014', 6)":null,"('0169-D-2014', 7)":null},"Fecha: ":{"('0169-D-2014', 0)":"06\/03\/2014","('0169-D-2014', 1)":null,"('0169-D-2014', 2)":null,"('0169-D-2014', 3)":null,"('0169-D-2014', 4)":null,"('0169-D-2014', 5)":null,"('0169-D-2014', 6)":null,"('0169-D-2014', 7)":null},"T\u00edtulo":{"('0169-D-2014', 0)":"CODIGO ELECTORAL NACIONAL, LEY 19945; MODIFICACION DEL ARTICULO 3  BIS  SOBRE LA EMISION DEL VOTO DE LOS CONDENADOS Y PROCESADOS QUE SE ENCUENTREN CUMPLIENDO PRISION; DEROGACION DE LOS INCISOS E, F Y G DEL ARTICULO 3 E INCISO 2 DEL ARTICULO 19 DE LA LEY 11179 DEL CODIGO PENAL.","('0169-D-2014', 1)":null,"('0169-D-2014', 2)":null,"('0169-D-2014', 3)":null,"('0169-D-2014', 4)":null,"('0169-D-2014', 5)":null,"('0169-D-2014', 6)":null,"('0169-D-2014', 7)":null},"('Firmantes', 'FIRMANTE')":{"('0169-D-2014', 0)":"ALONSO, MARIA LUZ","('0169-D-2014', 1)":"MENDOZA, MAYRA SOLEDAD","('0169-D-2014', 2)":"CLERI, MARCOS","('0169-D-2014', 3)":"SANTILLAN, WALTER MARCELO","('0169-D-2014', 4)":"LARROQUE, ANDRES","('0169-D-2014', 5)":"DE PEDRO, EDUARDO ENRIQUE","('0169-D-2014', 6)":"FERNANDEZ SAGASTI, ANABEL","('0169-D-2014', 7)":"PIETRAGALLA CORTI, HORACIO"},"('Firmantes', 'DISTRITO')":{"('0169-D-2014', 0)":"LA PAMPA","('0169-D-2014', 1)":"BUENOS AIRES","('0169-D-2014', 2)":"SANTA FE","('0169-D-2014', 3)":"TUCUMAN","('0169-D-2014', 4)":"CIUDAD de BUENOS AIRES","('0169-D-2014', 5)":"BUENOS AIRES","('0169-D-2014', 6)":"MENDOZA","('0169-D-2014', 7)":"BUENOS AIRES"},"('Firmantes', 'BLOQUE')":{"('0169-D-2014', 0)":"FRENTE PARA LA VICTORIA - PJ","('0169-D-2014', 1)":"FRENTE PARA LA VICTORIA - PJ","('0169-D-2014', 2)":"FRENTE PARA LA VICTORIA - PJ","('0169-D-2014', 3)":"FRENTE PARA LA VICTORIA - PJ","('0169-D-2014', 4)":"FRENTE PARA LA VICTORIA - PJ","('0169-D-2014', 5)":"FRENTE PARA LA VICTORIA - PJ","('0169-D-2014', 6)":"FRENTE PARA LA VICTORIA - PJ","('0169-D-2014', 7)":"FRENTE PARA LA VICTORIA - PJ"},"('Giros', 'COMISI\u00d3N')":{"('0169-D-2014', 0)":"ASUNTOS CONSTITUCIONALES","('0169-D-2014', 1)":"JUSTICIA","('0169-D-2014', 2)":"LEGISLACION PENAL","('0169-D-2014', 3)":null,"('0169-D-2014', 4)":null,"('0169-D-2014', 5)":null,"('0169-D-2014', 6)":null,"('0169-D-2014', 7)":null},"Link":{"('0169-D-2014', 0)":"https:\/\/www.hcdn.gob.ar\/proyectos\/textoCompleto.jsp?exp=0169-D-2014&tipo=LEY","('0169-D-2014', 1)":null,"('0169-D-2014', 2)":null,"('0169-D-2014', 3)":null,"('0169-D-2014', 4)":null,"('0169-D-2014', 5)":null,"('0169-D-2014', 6)":null,"('0169-D-2014', 7)":null},"Palabra Clave":{"('0169-D-2014', 0)":" ","('0169-D-2014', 1)":null,"('0169-D-2014', 2)":null,"('0169-D-2014', 3)":null,"('0169-D-2014', 4)":null,"('0169-D-2014', 5)":null,"('0169-D-2014', 6)":null,"('0169-D-2014', 7)":null}}