{"Tipo de Proyecto":{"('0172-D-2014', 0)":"PROYECTO DE LEY","('0172-D-2014', 1)":null,"('0172-D-2014', 2)":null,"('0172-D-2014', 3)":null},"Iniciado en: ":{"('0172-D-2014', 0)":"Diputados","('0172-D-2014', 1)":null,"('0172-D-2014', 2)":null,"('0172-D-2014', 3)":null},"Expediente Diputados: ":{"('0172-D-2014', 0)":"0172-D-2014","('0172-D-2014', 1)":null,"('0172-D-2014', 2)":null,"('0172-D-2014', 3)":null},"Publicado en: ":{"('0172-D-2014', 0)":"Tr\u00e1mite Parlamentario N\u00b0 2","('0172-D-2014', 1)":null,"('0172-D-2014', 2)":null,"('0172-D-2014', 3)":null},"Fecha: ":{"('0172-D-2014', 0)":"06\/03\/2014","('0172-D-2014', 1)":null,"('0172-D-2014', 2)":null,"('0172-D-2014', 3)":null},"T\u00edtulo":{"('0172-D-2014', 0)":"DEROGACION DE LA LEY 26197 DE HIDROCARBUROS; TRANSFERIR LA ADMINISTRACION, EXPLORACION Y EXPLOTACION DE LOS YACIMIENTOS DE HIDROCARBUROS EXISTENTES EN TODO EL TERRITORIO DE LA NACION ARGENTINA AL ESTADO NACIONAL.","('0172-D-2014', 1)":null,"('0172-D-2014', 2)":null,"('0172-D-2014', 3)":null},"('Firmantes', 'FIRMANTE')":{"('0172-D-2014', 0)":"ROGEL, FABIAN DULIO","('0172-D-2014', 1)":"RICCARDO, JOSE LUIS","('0172-D-2014', 2)":"SANTIN, EDUARDO","('0172-D-2014', 3)":"MARTINEZ, ERNESTO FELIX"},"('Firmantes', 'DISTRITO')":{"('0172-D-2014', 0)":"ENTRE RIOS","('0172-D-2014', 1)":"SAN LUIS","('0172-D-2014', 2)":"BUENOS AIRES","('0172-D-2014', 3)":"LA RIOJA"},"('Firmantes', 'BLOQUE')":{"('0172-D-2014', 0)":"UCR","('0172-D-2014', 1)":"UCR","('0172-D-2014', 2)":"UCR","('0172-D-2014', 3)":"UCR"},"('Giros', 'COMISI\u00d3N')":{"('0172-D-2014', 0)":"ENERGIA Y COMBUSTIBLES","('0172-D-2014', 1)":"PRESUPUESTO Y HACIENDA","('0172-D-2014', 2)":"ASUNTOS CONSTITUCIONALES","('0172-D-2014', 3)":null},"Link":{"('0172-D-2014', 0)":"https:\/\/www.hcdn.gob.ar\/proyectos\/textoCompleto.jsp?exp=0172-D-2014&tipo=LEY","('0172-D-2014', 1)":null,"('0172-D-2014', 2)":null,"('0172-D-2014', 3)":null},"Palabra Clave":{"('0172-D-2014', 0)":" ","('0172-D-2014', 1)":null,"('0172-D-2014', 2)":null,"('0172-D-2014', 3)":null}}