{"Tipo de Proyecto":{"('0001-D-2005', 0)":"PROYECTO DE DECLARACI\u00d3N","('0001-D-2005', 1)":null,"('0001-D-2005', 2)":null,"('0001-D-2005', 3)":null},"Iniciado en: ":{"('0001-D-2005', 0)":"Diputados","('0001-D-2005', 1)":null,"('0001-D-2005', 2)":null,"('0001-D-2005', 3)":null},"Expediente Diputados: ":{"('0001-D-2005', 0)":"0001-D-2005","('0001-D-2005', 1)":null,"('0001-D-2005', 2)":null,"('0001-D-2005', 3)":null},"Publicado en: ":{"('0001-D-2005', 0)":"Tr\u00e1mite Parlamentario N\u00b0 1","('0001-D-2005', 1)":null,"('0001-D-2005', 2)":null,"('0001-D-2005', 3)":null},"Fecha: ":{"('0001-D-2005', 0)":"01\/03\/2005","('0001-D-2005', 1)":null,"('0001-D-2005', 2)":null,"('0001-D-2005', 3)":null},"T\u00edtulo":{"('0001-D-2005', 0)":"SOLICITAR AL PODER EJECUTIVO LA REGLAMENTACION DE LA LEY 24788 DE LUCHA CONTRA EL ALCOHOLISMO.","('0001-D-2005', 1)":null,"('0001-D-2005', 2)":null,"('0001-D-2005', 3)":null},"('Firmantes', 'FIRMANTE')":{"('0001-D-2005', 0)":"FERRIN, MARIA TERESA","('0001-D-2005', 1)":"MARTINEZ, ALFREDO ANSELMO","('0001-D-2005', 2)":"MARTINEZ, ERNESTO FELIX","('0001-D-2005', 3)":"PUIG DE STUBRIN, LILIA"},"('Firmantes', 'DISTRITO')":{"('0001-D-2005', 0)":"JUJUY","('0001-D-2005', 1)":"SANTA CRUZ","('0001-D-2005', 2)":"LA RIOJA","('0001-D-2005', 3)":"SANTA FE"},"('Firmantes', 'BLOQUE')":{"('0001-D-2005', 0)":"UCR","('0001-D-2005', 1)":"UCR","('0001-D-2005', 2)":"UCR","('0001-D-2005', 3)":"UCR"},"('Giros', 'COMISI\u00d3N')":{"('0001-D-2005', 0)":"PREVENCION DE ADICCIONES Y CONTROL DEL NARCOTRAFICO","('0001-D-2005', 1)":"ACCION SOCIAL Y SALUD PUBLICA","('0001-D-2005', 2)":null,"('0001-D-2005', 3)":null},"('Tramites', 'C\u00c1MARA')":{"('0001-D-2005', 0)":"Diputados","('0001-D-2005', 1)":"Diputados","('0001-D-2005', 2)":null,"('0001-D-2005', 3)":null},"('Tramites', 'MOVIMIENTO')":{"('0001-D-2005', 0)":"CONSIDERACION Y APROBACION","('0001-D-2005', 1)":"CONTESTACION DEL PODER EJECUTIVO NACIONAL - JEFE DE GABINETE DE MINISTROS - GIRADO A LA COMISION RESPECTIVA","('0001-D-2005', 2)":null,"('0001-D-2005', 3)":null},"('Tramites', 'FECHA')":{"('0001-D-2005', 0)":"01\/06\/2005","('0001-D-2005', 1)":"14\/12\/2005","('0001-D-2005', 2)":null,"('0001-D-2005', 3)":null},"('Tramites', 'RESULTADO')":{"('0001-D-2005', 0)":"APROBADO","('0001-D-2005', 1)":null,"('0001-D-2005', 2)":null,"('0001-D-2005', 3)":null},"Palabra Clave":{"('0001-D-2005', 0)":" ","('0001-D-2005', 1)":null,"('0001-D-2005', 2)":null,"('0001-D-2005', 3)":null}}