{"Tipo de Proyecto":{"('0001-PE-2005', 0)":"MENSAJE NRO: 0226\/05","('0001-PE-2005', 1)":null,"('0001-PE-2005', 2)":null},"Iniciado en: ":{"('0001-PE-2005', 0)":"Diputados","('0001-PE-2005', 1)":null,"('0001-PE-2005', 2)":null},"Expediente Diputados: ":{"('0001-PE-2005', 0)":"0001-PE-2005","('0001-PE-2005', 1)":null,"('0001-PE-2005', 2)":null},"Publicado en: ":{"('0001-PE-2005', 0)":"Tr\u00e1mite Parlamentario N\u00b0 20","('0001-PE-2005', 1)":null,"('0001-PE-2005', 2)":null},"Fecha: ":{"('0001-PE-2005', 0)":"30\/03\/2005","('0001-PE-2005', 1)":null,"('0001-PE-2005', 2)":null},"T\u00edtulo":{"('0001-PE-2005', 0)":"COMUNICACION DEL DECRETO 225\/05, POR EL CUAL SE ESTABLECE QUE EL FONDO PERMANENTE DE RECOMPENSAS CREADO POR LEY 25765, FUNCIONARA EN JURISDICCION DEL MINISTERIO DEL INTERIOR.","('0001-PE-2005', 1)":null,"('0001-PE-2005', 2)":null},"('Firmantes', 'FIRMANTE')":{"('0001-PE-2005', 0)":"KIRCHNER, NESTOR CARLOS","('0001-PE-2005', 1)":"FERNANDEZ, ALBERTO","('0001-PE-2005', 2)":"FERNANDEZ, ANIBAL"},"('Firmantes', 'DISTRITO')":{"('0001-PE-2005', 0)":null,"('0001-PE-2005', 1)":null,"('0001-PE-2005', 2)":null},"('Firmantes', 'BLOQUE')":{"('0001-PE-2005', 0)":"PODER EJECUTIVO","('0001-PE-2005', 1)":"PODER EJECUTIVO","('0001-PE-2005', 2)":"PODER EJECUTIVO"},"('Giros', 'COMISI\u00d3N')":{"('0001-PE-2005', 0)":"LEGISLACION PENAL","('0001-PE-2005', 1)":"PRESUPUESTO Y HACIENDA","('0001-PE-2005', 2)":"BICAMERAL PERMANENTE DE TRAMITE LEGISLATIVO - LEY 26122"},"Palabra Clave":{"('0001-PE-2005', 0)":" ","('0001-PE-2005', 1)":null,"('0001-PE-2005', 2)":null}}