{"Tipo de Proyecto":{"('0001-S-2005', 0)":"PROYECTO DE DECLARACI\u00d3N"},"Iniciado en: ":{"('0001-S-2005', 0)":"Senado"},"Expediente Senado: ":{"('0001-S-2005', 0)":"0001-S-2005"},"Fecha: ":{"('0001-S-2005', 0)":"29\/03\/2005"},"T\u00edtulo":{"('0001-S-2005', 0)":"EXPRESAR BENEPLACITO POR Y ADHERIR A LA CELEBRACION DEL 10\u00b0 ANIVERSARIO Y A LAS 100 EDICIONES DE LA PUBLICACION \" RADIO Y TELEVISION AMERICANA."},"('Firmantes', 'FIRMANTE')":{"('0001-S-2005', 0)":"JENEFES, GUILLERMO RAUL"},"('Firmantes', 'DISTRITO')":{"('0001-S-2005', 0)":"JUJUY"},"('Firmantes', 'BLOQUE')":{"('0001-S-2005', 0)":"JUSTICIALISTA"},"('Tramites', 'C\u00c1MARA')":{"('0001-S-2005', 0)":"Senado"},"('Tramites', 'MOVIMIENTO')":{"('0001-S-2005', 0)":"APROBACION ARTICULO 106, PARRAFO 3 DEL REGLAMENTO DEL H SENADO"},"('Tramites', 'FECHA')":{"('0001-S-2005', 0)":"01\/06\/2005"},"('Tramites', 'RESULTADO')":{"('0001-S-2005', 0)":"APROBADO"},"Link":{"('0001-S-2005', 0)":"http:\/\/www.senado.gov.ar\/parlamentario\/comisiones\/verExp\/1.05\/S\/PD"},"Palabra Clave":{"('0001-S-2005', 0)":" "}}