{"Tipo de Proyecto":{"('0002-S-2005', 0)":"COMUNICACION","('0002-S-2005', 1)":null,"('0002-S-2005', 2)":null},"Iniciado en: ":{"('0002-S-2005', 0)":"Senado","('0002-S-2005', 1)":null,"('0002-S-2005', 2)":null},"Expediente Senado: ":{"('0002-S-2005', 0)":"0002-S-2005","('0002-S-2005', 1)":null,"('0002-S-2005', 2)":null},"Publicado en: ":{"('0002-S-2005', 0)":"Diario de Asuntos Entrados N\u00b0 1","('0002-S-2005', 1)":null,"('0002-S-2005', 2)":null},"Fecha: ":{"('0002-S-2005', 0)":"01\/03\/2005","('0002-S-2005', 1)":null,"('0002-S-2005', 2)":null},"T\u00edtulo":{"('0002-S-2005', 0)":"SOLICITAR AL PODER EJECUTIVO DISPONGA MEDIDAS TRIBUTARIAS ESPECIALES QUE PROMUEVAN ACTIVIDADES ECONOMICAS A FIN DE REDUCIR EL DESEMPLEO EN PALPALA, PROVINCIA DE JUJUY.","('0002-S-2005', 1)":null,"('0002-S-2005', 2)":null},"('Firmantes', 'FIRMANTE')":{"('0002-S-2005', 0)":"JENEFES, GUILLERMO RAUL","('0002-S-2005', 1)":null,"('0002-S-2005', 2)":null},"('Firmantes', 'DISTRITO')":{"('0002-S-2005', 0)":"JUJUY","('0002-S-2005', 1)":null,"('0002-S-2005', 2)":null},"('Firmantes', 'BLOQUE')":{"('0002-S-2005', 0)":"JUSTICIALISTA","('0002-S-2005', 1)":null,"('0002-S-2005', 2)":null},"('Tramites', 'C\u00c1MARA')":{"('0002-S-2005', 0)":"Senado","('0002-S-2005', 1)":"Senado","('0002-S-2005', 2)":"Senado"},"('Tramites', 'MOVIMIENTO')":{"('0002-S-2005', 0)":"AMPLIACION GIRO A LA COMISION DE TRABAJO Y PREVISION SOCIAL","('0002-S-2005', 1)":"CONSIDERACION Y APROBACION","('0002-S-2005', 2)":"CONTESTACION DEL PODER EJECUTIVO NACIONAL - GIRADO A LA COMISION RESPECTIVA"},"('Tramites', 'FECHA')":{"('0002-S-2005', 0)":"06\/04\/2005","('0002-S-2005', 1)":"27\/07\/2005","('0002-S-2005', 2)":null},"('Tramites', 'RESULTADO')":{"('0002-S-2005', 0)":null,"('0002-S-2005', 1)":"APROBADO","('0002-S-2005', 2)":null},"Link":{"('0002-S-2005', 0)":"http:\/\/www.senado.gov.ar\/parlamentario\/comisiones\/verExp\/2.05\/S\/PC","('0002-S-2005', 1)":null,"('0002-S-2005', 2)":null},"Palabra Clave":{"('0002-S-2005', 0)":" ","('0002-S-2005', 1)":null,"('0002-S-2005', 2)":null}}