{"Tipo de Proyecto":{"('0007-PE-2005', 0)":"MENSAJE NRO: 0377\/05","('0007-PE-2005', 1)":null,"('0007-PE-2005', 2)":null},"Iniciado en: ":{"('0007-PE-2005', 0)":"Diputados","('0007-PE-2005', 1)":null,"('0007-PE-2005', 2)":null},"Expediente Diputados: ":{"('0007-PE-2005', 0)":"0007-PE-2005","('0007-PE-2005', 1)":null,"('0007-PE-2005', 2)":null},"Publicado en: ":{"('0007-PE-2005', 0)":"Tr\u00e1mite Parlamentario N\u00b0 43","('0007-PE-2005', 1)":null,"('0007-PE-2005', 2)":null},"Fecha: ":{"('0007-PE-2005', 0)":"02\/05\/2005","('0007-PE-2005', 1)":null,"('0007-PE-2005', 2)":null},"T\u00edtulo":{"('0007-PE-2005', 0)":"COMUNICACION DEL DECRETO 375\/05 POR EL CUAL SE APRUEBA EL PLAN DE ACCION Y EL PRESUPUESTO DE GASTOS PARA EL EJERCICIO 2005 DEL BANCO CENTRAL DE LA REPUBLICA ARGENTINA.","('0007-PE-2005', 1)":null,"('0007-PE-2005', 2)":null},"('Firmantes', 'FIRMANTE')":{"('0007-PE-2005', 0)":"KIRCHNER, NESTOR CARLOS","('0007-PE-2005', 1)":"FERNANDEZ, ALBERTO","('0007-PE-2005', 2)":"LAVAGNA, ROBERTO"},"('Firmantes', 'DISTRITO')":{"('0007-PE-2005', 0)":null,"('0007-PE-2005', 1)":null,"('0007-PE-2005', 2)":null},"('Firmantes', 'BLOQUE')":{"('0007-PE-2005', 0)":"PODER EJECUTIVO","('0007-PE-2005', 1)":"PODER EJECUTIVO","('0007-PE-2005', 2)":"PODER EJECUTIVO"},"('Giros', 'COMISI\u00d3N')":{"('0007-PE-2005', 0)":"PRESUPUESTO Y HACIENDA","('0007-PE-2005', 1)":"FINANZAS","('0007-PE-2005', 2)":null},"Palabra Clave":{"('0007-PE-2005', 0)":" ","('0007-PE-2005', 1)":null,"('0007-PE-2005', 2)":null}}