{"Tipo de Proyecto":{"('0008-PE-2005', 0)":"MENSAJE NRO: 0423\/05 Y PROYECTO DE LEY","('0008-PE-2005', 1)":null,"('0008-PE-2005', 2)":null},"Iniciado en: ":{"('0008-PE-2005', 0)":"Diputados","('0008-PE-2005', 1)":null,"('0008-PE-2005', 2)":null},"Expediente Diputados: ":{"('0008-PE-2005', 0)":"0008-PE-2005","('0008-PE-2005', 1)":null,"('0008-PE-2005', 2)":null},"Publicado en: ":{"('0008-PE-2005', 0)":"Tr\u00e1mite Parlamentario N\u00b0 46","('0008-PE-2005', 1)":null,"('0008-PE-2005', 2)":null},"Fecha: ":{"('0008-PE-2005', 0)":"05\/05\/2005","('0008-PE-2005', 1)":null,"('0008-PE-2005', 2)":null},"T\u00edtulo":{"('0008-PE-2005', 0)":"LEY 20630 Y MODIFICATORIAS: PRORROGAR HASTA EL 31 DE DICIEMBRE DE 2015 LA VIGENCIA DEL GRAVAMEN DE EMERGENCIA A LOS PREMIOS DE DETERMINADOS JUEGOS DE SORTEO Y CONCURSOS DEPORTIVOS.","('0008-PE-2005', 1)":null,"('0008-PE-2005', 2)":null},"('Firmantes', 'FIRMANTE')":{"('0008-PE-2005', 0)":"KIRCHNER, NESTOR CARLOS","('0008-PE-2005', 1)":"FERNANDEZ, ALBERTO","('0008-PE-2005', 2)":"DE VIDO, JULIO"},"('Firmantes', 'DISTRITO')":{"('0008-PE-2005', 0)":null,"('0008-PE-2005', 1)":null,"('0008-PE-2005', 2)":null},"('Firmantes', 'BLOQUE')":{"('0008-PE-2005', 0)":"PODER EJECUTIVO","('0008-PE-2005', 1)":"PODER EJECUTIVO","('0008-PE-2005', 2)":"PODER EJECUTIVO"},"('Giros', 'COMISI\u00d3N')":{"('0008-PE-2005', 0)":"PRESUPUESTO Y HACIENDA","('0008-PE-2005', 1)":"CULTURA","('0008-PE-2005', 2)":"ACCION SOCIAL Y SALUD PUBLICA"},"Palabra Clave":{"('0008-PE-2005', 0)":" ","('0008-PE-2005', 1)":null,"('0008-PE-2005', 2)":null}}