{"Tipo de Proyecto":{"('0008-D-2005', 0)":"PROYECTO DE LEY","('0008-D-2005', 1)":null,"('0008-D-2005', 2)":null,"('0008-D-2005', 3)":null},"Iniciado en: ":{"('0008-D-2005', 0)":"Diputados","('0008-D-2005', 1)":null,"('0008-D-2005', 2)":null,"('0008-D-2005', 3)":null},"Expediente Diputados: ":{"('0008-D-2005', 0)":"0008-D-2005","('0008-D-2005', 1)":null,"('0008-D-2005', 2)":null,"('0008-D-2005', 3)":null},"Publicado en: ":{"('0008-D-2005', 0)":"Tr\u00e1mite Parlamentario N\u00b0 1","('0008-D-2005', 1)":null,"('0008-D-2005', 2)":null,"('0008-D-2005', 3)":null},"Fecha: ":{"('0008-D-2005', 0)":"01\/03\/2005","('0008-D-2005', 1)":null,"('0008-D-2005', 2)":null,"('0008-D-2005', 3)":null},"T\u00edtulo":{"('0008-D-2005', 0)":"LEY DE ACCIDENTES DE TRABAJO - 24557 -. MODIFICACIONES SOBRE EL CALCULO DEL INGRESO BASE.","('0008-D-2005', 1)":null,"('0008-D-2005', 2)":null,"('0008-D-2005', 3)":null},"('Firmantes', 'FIRMANTE')":{"('0008-D-2005', 0)":"FERRIN, MARIA TERESA","('0008-D-2005', 1)":"MARTINEZ, ALFREDO ANSELMO","('0008-D-2005', 2)":"MARTINEZ, ERNESTO FELIX","('0008-D-2005', 3)":"PUIG DE STUBRIN, LILIA"},"('Firmantes', 'DISTRITO')":{"('0008-D-2005', 0)":"JUJUY","('0008-D-2005', 1)":"SANTA CRUZ","('0008-D-2005', 2)":"LA RIOJA","('0008-D-2005', 3)":"SANTA FE"},"('Firmantes', 'BLOQUE')":{"('0008-D-2005', 0)":"UCR","('0008-D-2005', 1)":"UCR","('0008-D-2005', 2)":"UCR","('0008-D-2005', 3)":"UCR"},"('Giros', 'COMISI\u00d3N')":{"('0008-D-2005', 0)":"LEGISLACION DEL TRABAJO","('0008-D-2005', 1)":"ECONOMIA","('0008-D-2005', 2)":"PRESUPUESTO Y HACIENDA","('0008-D-2005', 3)":null},"Sumario":{"('0008-D-2005', 0)":"MODIFICACION DE LOS ARTICULOS 12 (INGRESO BASE) Y 13 (PRESTACIONES POR INCAPACIDAD LABORAL TEMPORARIA).","('0008-D-2005', 1)":null,"('0008-D-2005', 2)":null,"('0008-D-2005', 3)":null},"Palabra Clave":{"('0008-D-2005', 0)":" ","('0008-D-2005', 1)":null,"('0008-D-2005', 2)":null,"('0008-D-2005', 3)":null}}