{"Tipo de Proyecto":{"('0009-PE-2005', 0)":"MENSAJE NRO: 0450\/05","('0009-PE-2005', 1)":null,"('0009-PE-2005', 2)":null},"Iniciado en: ":{"('0009-PE-2005', 0)":"Diputados","('0009-PE-2005', 1)":null,"('0009-PE-2005', 2)":null},"Expediente Diputados: ":{"('0009-PE-2005', 0)":"0009-PE-2005","('0009-PE-2005', 1)":null,"('0009-PE-2005', 2)":null},"Publicado en: ":{"('0009-PE-2005', 0)":"Tr\u00e1mite Parlamentario N\u00b0 46","('0009-PE-2005', 1)":null,"('0009-PE-2005', 2)":null},"Fecha: ":{"('0009-PE-2005', 0)":"05\/05\/2005","('0009-PE-2005', 1)":null,"('0009-PE-2005', 2)":null},"T\u00edtulo":{"('0009-PE-2005', 0)":"COMUNICACION DEL DECRETO 449\/05 POR EL CUAL SE ESTABLECE UN REGIMEN PARA LAS CONTRATACIONES ENTRE EL ESTADO NACIONAL Y PRESTADORES DEL SISTEMA UNICO DE PRESTACIONES BASICAS PARA PERSONAS CON DISCAPACIDAD.","('0009-PE-2005', 1)":null,"('0009-PE-2005', 2)":null},"('Firmantes', 'FIRMANTE')":{"('0009-PE-2005', 0)":"KIRCHNER, NESTOR CARLOS","('0009-PE-2005', 1)":"FERNANDEZ, ALBERTO","('0009-PE-2005', 2)":"GONZALEZ GARCIA, GINES MARIO"},"('Firmantes', 'DISTRITO')":{"('0009-PE-2005', 0)":null,"('0009-PE-2005', 1)":null,"('0009-PE-2005', 2)":null},"('Firmantes', 'BLOQUE')":{"('0009-PE-2005', 0)":"PODER EJECUTIVO","('0009-PE-2005', 1)":"PODER EJECUTIVO","('0009-PE-2005', 2)":"PODER EJECUTIVO"},"('Giros', 'COMISI\u00d3N')":{"('0009-PE-2005', 0)":"DISCAPACIDAD","('0009-PE-2005', 1)":"ACCION SOCIAL Y SALUD PUBLICA","('0009-PE-2005', 2)":null},"Palabra Clave":{"('0009-PE-2005', 0)":" ","('0009-PE-2005', 1)":null,"('0009-PE-2005', 2)":null}}