{"Tipo de Proyecto":{"('0010-PE-2005', 0)":"MENSAJE NRO: 0479\/05","('0010-PE-2005', 1)":null,"('0010-PE-2005', 2)":null},"Iniciado en: ":{"('0010-PE-2005', 0)":"Diputados","('0010-PE-2005', 1)":null,"('0010-PE-2005', 2)":null},"Expediente Diputados: ":{"('0010-PE-2005', 0)":"0010-PE-2005","('0010-PE-2005', 1)":null,"('0010-PE-2005', 2)":null},"Publicado en: ":{"('0010-PE-2005', 0)":"Tr\u00e1mite Parlamentario N\u00b0 52","('0010-PE-2005', 1)":null,"('0010-PE-2005', 2)":null},"Fecha: ":{"('0010-PE-2005', 0)":"13\/05\/2005","('0010-PE-2005', 1)":null,"('0010-PE-2005', 2)":null},"T\u00edtulo":{"('0010-PE-2005', 0)":"COMUNICACION DEL DECRETO 475\/05 POR EL CUAL SE APRUEBA LA REFORMULACION DEL PROYECTO DE PROMOCION INDUSTRIAL OTORGADO A LA FIRMA ALCALIS DE LA PATAGONIA SAIC.","('0010-PE-2005', 1)":null,"('0010-PE-2005', 2)":null},"('Firmantes', 'FIRMANTE')":{"('0010-PE-2005', 0)":"KIRCHNER, NESTOR CARLOS","('0010-PE-2005', 1)":"FERNANDEZ, ALBERTO","('0010-PE-2005', 2)":"LAVAGNA, ROBERTO"},"('Firmantes', 'DISTRITO')":{"('0010-PE-2005', 0)":null,"('0010-PE-2005', 1)":null,"('0010-PE-2005', 2)":null},"('Firmantes', 'BLOQUE')":{"('0010-PE-2005', 0)":"PODER EJECUTIVO","('0010-PE-2005', 1)":"PODER EJECUTIVO","('0010-PE-2005', 2)":"PODER EJECUTIVO"},"('Giros', 'COMISI\u00d3N')":{"('0010-PE-2005', 0)":"INDUSTRIA","('0010-PE-2005', 1)":"PRESUPUESTO Y HACIENDA","('0010-PE-2005', 2)":null},"('Tramites', 'C\u00c1MARA')":{"('0010-PE-2005', 0)":"Diputados","('0010-PE-2005', 1)":null,"('0010-PE-2005', 2)":null},"('Tramites', 'MOVIMIENTO')":{"('0010-PE-2005', 0)":"VER TRAMITE EN EXPEDIENTE 0247-D-07","('0010-PE-2005', 1)":null,"('0010-PE-2005', 2)":null},"('Tramites', 'FECHA')":{"('0010-PE-2005', 0)":null,"('0010-PE-2005', 1)":null,"('0010-PE-2005', 2)":null},"('Tramites', 'RESULTADO')":{"('0010-PE-2005', 0)":null,"('0010-PE-2005', 1)":null,"('0010-PE-2005', 2)":null},"Palabra Clave":{"('0010-PE-2005', 0)":" ","('0010-PE-2005', 1)":null,"('0010-PE-2005', 2)":null}}