{"Tipo de Proyecto":{"('0010-D-2005', 0)":"PROYECTO DE LEY","('0010-D-2005', 1)":null,"('0010-D-2005', 2)":null,"('0010-D-2005', 3)":null},"Iniciado en: ":{"('0010-D-2005', 0)":"Diputados","('0010-D-2005', 1)":null,"('0010-D-2005', 2)":null,"('0010-D-2005', 3)":null},"Expediente Diputados: ":{"('0010-D-2005', 0)":"0010-D-2005","('0010-D-2005', 1)":null,"('0010-D-2005', 2)":null,"('0010-D-2005', 3)":null},"Publicado en: ":{"('0010-D-2005', 0)":"Tr\u00e1mite Parlamentario N\u00b0 1","('0010-D-2005', 1)":null,"('0010-D-2005', 2)":null,"('0010-D-2005', 3)":null},"Fecha: ":{"('0010-D-2005', 0)":"01\/03\/2005","('0010-D-2005', 1)":null,"('0010-D-2005', 2)":null,"('0010-D-2005', 3)":null},"T\u00edtulo":{"('0010-D-2005', 0)":"LEY NACIONAL DE TRANSITO - LEY 24449 -. MODIFICACION SOBRE EL TRANSPORTE DE MENORES EN VEHICULOS DE AUXILIO MECANICO.","('0010-D-2005', 1)":null,"('0010-D-2005', 2)":null,"('0010-D-2005', 3)":null},"('Firmantes', 'FIRMANTE')":{"('0010-D-2005', 0)":"FERRIN, MARIA TERESA","('0010-D-2005', 1)":"MARTINEZ, ALFREDO ANSELMO","('0010-D-2005', 2)":"MARTINEZ, ERNESTO FELIX","('0010-D-2005', 3)":"PUIG DE STUBRIN, LILIA"},"('Firmantes', 'DISTRITO')":{"('0010-D-2005', 0)":"JUJUY","('0010-D-2005', 1)":"SANTA CRUZ","('0010-D-2005', 2)":"LA RIOJA","('0010-D-2005', 3)":"SANTA FE"},"('Firmantes', 'BLOQUE')":{"('0010-D-2005', 0)":"UCR","('0010-D-2005', 1)":"UCR","('0010-D-2005', 2)":"UCR","('0010-D-2005', 3)":"UCR"},"('Giros', 'COMISI\u00d3N')":{"('0010-D-2005', 0)":"TRANSPORTES","('0010-D-2005', 1)":"FAMILIA, MUJER, NI\u00d1EZ Y ADOLESCENCIA","('0010-D-2005', 2)":null,"('0010-D-2005', 3)":null},"Sumario":{"('0010-D-2005', 0)":"INCORPORACION DEL ARTICULO 61 BIS (POSIBILIDAD DEL TRANSPORTE DE MENORES EN ASIENTOS DELANTEROS).","('0010-D-2005', 1)":null,"('0010-D-2005', 2)":null,"('0010-D-2005', 3)":null},"Palabra Clave":{"('0010-D-2005', 0)":" ","('0010-D-2005', 1)":null,"('0010-D-2005', 2)":null,"('0010-D-2005', 3)":null}}