{"Tipo de Proyecto":{"('0011-D-2005', 0)":"PROYECTO DE LEY","('0011-D-2005', 1)":null,"('0011-D-2005', 2)":null,"('0011-D-2005', 3)":null},"Iniciado en: ":{"('0011-D-2005', 0)":"Diputados","('0011-D-2005', 1)":null,"('0011-D-2005', 2)":null,"('0011-D-2005', 3)":null},"Expediente Diputados: ":{"('0011-D-2005', 0)":"0011-D-2005","('0011-D-2005', 1)":null,"('0011-D-2005', 2)":null,"('0011-D-2005', 3)":null},"Publicado en: ":{"('0011-D-2005', 0)":"Tr\u00e1mite Parlamentario N\u00b0 1","('0011-D-2005', 1)":null,"('0011-D-2005', 2)":null,"('0011-D-2005', 3)":null},"Fecha: ":{"('0011-D-2005', 0)":"01\/03\/2005","('0011-D-2005', 1)":null,"('0011-D-2005', 2)":null,"('0011-D-2005', 3)":null},"T\u00edtulo":{"('0011-D-2005', 0)":"MODIFICACION DE LA LEY 22802 DE LEALTAD COMERCIAL SOBRE PUBLICIDAD EN IDIOMA EXTRANJERO Y SU TRADUCCION AL IDIOMA CASTELLANO.","('0011-D-2005', 1)":null,"('0011-D-2005', 2)":null,"('0011-D-2005', 3)":null},"('Firmantes', 'FIRMANTE')":{"('0011-D-2005', 0)":"FERRIN, MARIA TERESA","('0011-D-2005', 1)":"MARTINEZ, ALFREDO ANSELMO","('0011-D-2005', 2)":"MARTINEZ, ERNESTO FELIX","('0011-D-2005', 3)":"PUIG DE STUBRIN, LILIA"},"('Firmantes', 'DISTRITO')":{"('0011-D-2005', 0)":"JUJUY","('0011-D-2005', 1)":"SANTA CRUZ","('0011-D-2005', 2)":"LA RIOJA","('0011-D-2005', 3)":"SANTA FE"},"('Firmantes', 'BLOQUE')":{"('0011-D-2005', 0)":"UCR","('0011-D-2005', 1)":"UCR","('0011-D-2005', 2)":"UCR","('0011-D-2005', 3)":"UCR"},"('Giros', 'COMISI\u00d3N')":{"('0011-D-2005', 0)":"LEGISLACION GENERAL","('0011-D-2005', 1)":"DEFENSA DEL CONSUMIDOR","('0011-D-2005', 2)":"COMERCIO","('0011-D-2005', 3)":null},"Sumario":{"('0011-D-2005', 0)":"INCORPORACION DEL ARTICULO 9 BIS.","('0011-D-2005', 1)":null,"('0011-D-2005', 2)":null,"('0011-D-2005', 3)":null},"Palabra Clave":{"('0011-D-2005', 0)":" ","('0011-D-2005', 1)":null,"('0011-D-2005', 2)":null,"('0011-D-2005', 3)":null}}