{"Tipo de Proyecto":{"('0011-S-2005', 0)":"PROYECTO DE LEY"},"Iniciado en: ":{"('0011-S-2005', 0)":"Senado"},"Expediente Senado: ":{"('0011-S-2005', 0)":"0011-S-2005"},"Publicado en: ":{"('0011-S-2005', 0)":"Diario de Asuntos Entrados N\u00b0 1"},"Fecha: ":{"('0011-S-2005', 0)":"01\/03\/2005"},"T\u00edtulo":{"('0011-S-2005', 0)":"MODIFICACION DEL ARTICULO 1 DE LA LEY 24374 RESPECTO DE LA REGULARIZACION DOMINAL DE INMUEBLES URBANOS CON DESTINO A VIVIENDA."},"('Firmantes', 'FIRMANTE')":{"('0011-S-2005', 0)":"CAFIERO, ANTONIO FRANCISCO"},"('Firmantes', 'DISTRITO')":{"('0011-S-2005', 0)":"BUENOS AIRES"},"('Firmantes', 'BLOQUE')":{"('0011-S-2005', 0)":"JUSTICIALISTA"},"Link":{"('0011-S-2005', 0)":"http:\/\/www.senado.gov.ar\/parlamentario\/comisiones\/verExp\/11.05\/S\/PL"},"Palabra Clave":{"('0011-S-2005', 0)":" "}}