{"Tipo de Proyecto":{"('0012-D-2005', 0)":"PROYECTO DE LEY","('0012-D-2005', 1)":null},"Iniciado en: ":{"('0012-D-2005', 0)":"Diputados","('0012-D-2005', 1)":null},"Expediente Diputados: ":{"('0012-D-2005', 0)":"0012-D-2005","('0012-D-2005', 1)":null},"Publicado en: ":{"('0012-D-2005', 0)":"Tr\u00e1mite Parlamentario N\u00b0 1","('0012-D-2005', 1)":null},"Fecha: ":{"('0012-D-2005', 0)":"01\/03\/2005","('0012-D-2005', 1)":null},"T\u00edtulo":{"('0012-D-2005', 0)":"CODIGO PENAL. MODIFICACION DEL ARTICULO 84, SOBRE AUMENTOS DE PENA EN CASO DE MUERTE POR IMPRUDENCIA, NEGLIGENCIA, IMPERICIA EN SU ARTE O PROFESION EN CASO DE CONDUCCION DE VEHICULOS DE TRANSPORTE PUBLICO O BAJO INFLUENCIA DE ALCOHOL O DROGAS PROHIBIDAS.","('0012-D-2005', 1)":null},"('Firmantes', 'FIRMANTE')":{"('0012-D-2005', 0)":"FERRIN, MARIA TERESA","('0012-D-2005', 1)":"PUIG DE STUBRIN, LILIA"},"('Firmantes', 'DISTRITO')":{"('0012-D-2005', 0)":"JUJUY","('0012-D-2005', 1)":"SANTA FE"},"('Firmantes', 'BLOQUE')":{"('0012-D-2005', 0)":"UCR","('0012-D-2005', 1)":"UCR"},"('Giros', 'COMISI\u00d3N')":{"('0012-D-2005', 0)":"LEGISLACION PENAL","('0012-D-2005', 1)":null},"Palabra Clave":{"('0012-D-2005', 0)":" ","('0012-D-2005', 1)":null}}