{"Tipo de Proyecto":{"('0013-PE-2005', 0)":"MENSAJE NRO: 0528\/05","('0013-PE-2005', 1)":null,"('0013-PE-2005', 2)":null},"Iniciado en: ":{"('0013-PE-2005', 0)":"Diputados","('0013-PE-2005', 1)":null,"('0013-PE-2005', 2)":null},"Expediente Diputados: ":{"('0013-PE-2005', 0)":"0013-PE-2005","('0013-PE-2005', 1)":null,"('0013-PE-2005', 2)":null},"Publicado en: ":{"('0013-PE-2005', 0)":"Tr\u00e1mite Parlamentario N\u00b0 58","('0013-PE-2005', 1)":null,"('0013-PE-2005', 2)":null},"Fecha: ":{"('0013-PE-2005', 0)":"23\/05\/2005","('0013-PE-2005', 1)":null,"('0013-PE-2005', 2)":null},"T\u00edtulo":{"('0013-PE-2005', 0)":"COMUNICACION DEL DECRETO 527\/05 POR EL CUAL SE SUSPENDEN POR EL PLAZO DE DIEZ A\u00d1OS LOS TERMINOS QUE ESTUVIEREN TRANSCURRIENDO DE LAS LICENCIAS DE SERVICIOS DE RADIODIFUSION O SUS PRORROGAS.","('0013-PE-2005', 1)":null,"('0013-PE-2005', 2)":null},"('Firmantes', 'FIRMANTE')":{"('0013-PE-2005', 0)":"KIRCHNER, NESTOR CARLOS","('0013-PE-2005', 1)":"FERNANDEZ, ALBERTO","('0013-PE-2005', 2)":"FERNANDEZ, ANIBAL"},"('Firmantes', 'DISTRITO')":{"('0013-PE-2005', 0)":null,"('0013-PE-2005', 1)":null,"('0013-PE-2005', 2)":null},"('Firmantes', 'BLOQUE')":{"('0013-PE-2005', 0)":"PODER EJECUTIVO","('0013-PE-2005', 1)":"PODER EJECUTIVO","('0013-PE-2005', 2)":"PODER EJECUTIVO"},"('Giros', 'COMISI\u00d3N')":{"('0013-PE-2005', 0)":"BICAMERAL PERMANENTE DE TRAMITE LEGISLATIVO - LEY 26122","('0013-PE-2005', 1)":null,"('0013-PE-2005', 2)":null},"('Tramites', 'C\u00c1MARA')":{"('0013-PE-2005', 0)":"Diputados","('0013-PE-2005', 1)":"Diputados","('0013-PE-2005', 2)":"Diputados"},"('Tramites', 'MOVIMIENTO')":{"('0013-PE-2005', 0)":"SOLICITUD DEL PRESIDENTE DE LA COMISION BICAMERAL PERMANENTE DE TRAMITE LEGISLATIVO (LEY 26122) DE REMISION DEL EXPEDIENTE PARA SU ANALISIS (A LA PRESIDENCIA)","('0013-PE-2005', 1)":"EXPEDIENTE ORIGINALMENTE GIRADO A LA COMISION BICAMERAL DE SEGUIMIENTO DE FACULTADES DELEGADAS AL PODER EJECUTIVO NACIONAL - LEY 25561; SE LO REMITE A LA COMISION BICAMERAL DE TRAMITE LEGISLATIVO (LEY 26122)","('0013-PE-2005', 2)":"VER TRAMITE EN EXPEDIENTE 0068-PE-99"},"('Tramites', 'FECHA')":{"('0013-PE-2005', 0)":"25\/04\/2007","('0013-PE-2005', 1)":null,"('0013-PE-2005', 2)":null},"('Tramites', 'RESULTADO')":{"('0013-PE-2005', 0)":null,"('0013-PE-2005', 1)":null,"('0013-PE-2005', 2)":null},"Palabra Clave":{"('0013-PE-2005', 0)":" ","('0013-PE-2005', 1)":null,"('0013-PE-2005', 2)":null}}