{"Tipo de Proyecto":{"('0013-D-2005', 0)":"PROYECTO DE LEY","('0013-D-2005', 1)":null},"Iniciado en: ":{"('0013-D-2005', 0)":"Diputados","('0013-D-2005', 1)":null},"Expediente Diputados: ":{"('0013-D-2005', 0)":"0013-D-2005","('0013-D-2005', 1)":null},"Publicado en: ":{"('0013-D-2005', 0)":"Tr\u00e1mite Parlamentario N\u00b0 1","('0013-D-2005', 1)":null},"Fecha: ":{"('0013-D-2005', 0)":"01\/03\/2005","('0013-D-2005', 1)":null},"T\u00edtulo":{"('0013-D-2005', 0)":"COMPETENCIA PENAL DEL PODER JUDICIAL DE LA NACION - LEY 24050 -. MODIFICACION SOBRE MENORES IMPUTADOS.  ","('0013-D-2005', 1)":null},"('Firmantes', 'FIRMANTE')":{"('0013-D-2005', 0)":"FERRIN, MARIA TERESA","('0013-D-2005', 1)":"MARTINEZ, ERNESTO FELIX"},"('Firmantes', 'DISTRITO')":{"('0013-D-2005', 0)":"JUJUY","('0013-D-2005', 1)":"LA RIOJA"},"('Firmantes', 'BLOQUE')":{"('0013-D-2005', 0)":"UCR","('0013-D-2005', 1)":"UCR"},"('Giros', 'COMISI\u00d3N')":{"('0013-D-2005', 0)":"JUSTICIA","('0013-D-2005', 1)":"FAMILIA, MUJER, NI\u00d1EZ Y ADOLESCENCIA"},"Sumario":{"('0013-D-2005', 0)":"RETROTRAER LA REDACCION DEL ARTICULO 24 A SU REDACCION ORIGINARIA.","('0013-D-2005', 1)":null},"Palabra Clave":{"('0013-D-2005', 0)":" ","('0013-D-2005', 1)":null}}