{"Tipo de Proyecto":{"('0013-S-2005', 0)":"COMUNICACION","('0013-S-2005', 1)":null},"Iniciado en: ":{"('0013-S-2005', 0)":"Senado","('0013-S-2005', 1)":null},"Expediente Senado: ":{"('0013-S-2005', 0)":"0013-S-2005","('0013-S-2005', 1)":null},"Publicado en: ":{"('0013-S-2005', 0)":"Diario de Asuntos Entrados N\u00b0 1","('0013-S-2005', 1)":null},"Fecha: ":{"('0013-S-2005', 0)":"01\/03\/2005","('0013-S-2005', 1)":null},"T\u00edtulo":{"('0013-S-2005', 0)":"PEDIDO DE INFORMES AL PODER EJECUTIVO SOBRE LA REHABILITACION DEL DENOMINADO TREN \"JARDIN DE LA REPUBLICA \" EXPLOTADO POR NOA FERROCARRILES SA, QUE UNIA LA TUCUMAN - RETIRO - TUCUMAN.","('0013-S-2005', 1)":null},"('Firmantes', 'FIRMANTE')":{"('0013-S-2005', 0)":"OCHOA, RAUL ERNESTO","('0013-S-2005', 1)":null},"('Firmantes', 'DISTRITO')":{"('0013-S-2005', 0)":"SAN LUIS","('0013-S-2005', 1)":null},"('Firmantes', 'BLOQUE')":{"('0013-S-2005', 0)":"JUSTICIALISTA","('0013-S-2005', 1)":null},"('Tramites', 'C\u00c1MARA')":{"('0013-S-2005', 0)":"Senado","('0013-S-2005', 1)":"Senado"},"('Tramites', 'MOVIMIENTO')":{"('0013-S-2005', 0)":"APROBACION ARTICULO 106, PARRAFO 3 DEL REGLAMENTO DEL H SENADO","('0013-S-2005', 1)":"CONTESTACION DEL PODER EJECUTIVO NACIONAL - GIRADO A LA COMISION RESPECTIVA"},"('Tramites', 'FECHA')":{"('0013-S-2005', 0)":"04\/05\/2005","('0013-S-2005', 1)":null},"('Tramites', 'RESULTADO')":{"('0013-S-2005', 0)":"APROBADO","('0013-S-2005', 1)":null},"Link":{"('0013-S-2005', 0)":"http:\/\/www.senado.gov.ar\/parlamentario\/comisiones\/verExp\/13.05\/S\/PC","('0013-S-2005', 1)":null},"Palabra Clave":{"('0013-S-2005', 0)":" ","('0013-S-2005', 1)":null}}