{"Tipo de Proyecto":{"('0015-PE-2005', 0)":"MENSAJE NRO: 0558\/05","('0015-PE-2005', 1)":null,"('0015-PE-2005', 2)":null},"Iniciado en: ":{"('0015-PE-2005', 0)":"Diputados","('0015-PE-2005', 1)":null,"('0015-PE-2005', 2)":null},"Expediente Diputados: ":{"('0015-PE-2005', 0)":"0015-PE-2005","('0015-PE-2005', 1)":null,"('0015-PE-2005', 2)":null},"Publicado en: ":{"('0015-PE-2005', 0)":"Tr\u00e1mite Parlamentario N\u00b0 65","('0015-PE-2005', 1)":null,"('0015-PE-2005', 2)":null},"Fecha: ":{"('0015-PE-2005', 0)":"02\/06\/2005","('0015-PE-2005', 1)":null,"('0015-PE-2005', 2)":null},"T\u00edtulo":{"('0015-PE-2005', 0)":"COMUNICACION DEL DECRETO 557\/05 POR EL CUAL SE MODIFICA EL ARTICULO 2 DE LA LEY 23853, REGIMEN DE AUTARQUIA DEL PODER JUDICIAL DE LA NACION, SOBRE LOS RECURSOS DESTINADOS A SU FUNCIONAMIENTO.","('0015-PE-2005', 1)":null,"('0015-PE-2005', 2)":null},"('Firmantes', 'FIRMANTE')":{"('0015-PE-2005', 0)":"KIRCHNER, NESTOR CARLOS","('0015-PE-2005', 1)":"FERNANDEZ, ALBERTO","('0015-PE-2005', 2)":"FERNANDEZ, ANIBAL"},"('Firmantes', 'DISTRITO')":{"('0015-PE-2005', 0)":null,"('0015-PE-2005', 1)":null,"('0015-PE-2005', 2)":null},"('Firmantes', 'BLOQUE')":{"('0015-PE-2005', 0)":"PODER EJECUTIVO","('0015-PE-2005', 1)":"PODER EJECUTIVO","('0015-PE-2005', 2)":"PODER EJECUTIVO"},"('Giros', 'COMISI\u00d3N')":{"('0015-PE-2005', 0)":"JUSTICIA","('0015-PE-2005', 1)":"PRESUPUESTO Y HACIENDA","('0015-PE-2005', 2)":null},"('Tramites', 'C\u00c1MARA')":{"('0015-PE-2005', 0)":"Diputados","('0015-PE-2005', 1)":null,"('0015-PE-2005', 2)":null},"('Tramites', 'MOVIMIENTO')":{"('0015-PE-2005', 0)":"VER TRAMITE EN EXPEDIENTE 0246-D-07","('0015-PE-2005', 1)":null,"('0015-PE-2005', 2)":null},"('Tramites', 'FECHA')":{"('0015-PE-2005', 0)":null,"('0015-PE-2005', 1)":null,"('0015-PE-2005', 2)":null},"('Tramites', 'RESULTADO')":{"('0015-PE-2005', 0)":null,"('0015-PE-2005', 1)":null,"('0015-PE-2005', 2)":null},"Palabra Clave":{"('0015-PE-2005', 0)":" ","('0015-PE-2005', 1)":null,"('0015-PE-2005', 2)":null}}