{"Tipo de Proyecto":{"('0017-PE-2005', 0)":"MENSAJE NRO: 0566\/05","('0017-PE-2005', 1)":null,"('0017-PE-2005', 2)":null},"Iniciado en: ":{"('0017-PE-2005', 0)":"Diputados","('0017-PE-2005', 1)":null,"('0017-PE-2005', 2)":null},"Expediente Diputados: ":{"('0017-PE-2005', 0)":"0017-PE-2005","('0017-PE-2005', 1)":null,"('0017-PE-2005', 2)":null},"Publicado en: ":{"('0017-PE-2005', 0)":"Tr\u00e1mite Parlamentario N\u00b0 65","('0017-PE-2005', 1)":null,"('0017-PE-2005', 2)":null},"Fecha: ":{"('0017-PE-2005', 0)":"02\/06\/2005","('0017-PE-2005', 1)":null,"('0017-PE-2005', 2)":null},"T\u00edtulo":{"('0017-PE-2005', 0)":"COMUNICACION DEL DECRETO 565\/05 POR EL CUAL SE INCORPORA A LA PLANILLA ANEXA AL ARTICULO 12 DE LA LEY 25967, DE PRESUPUESTO 2005, DIVERSAS LICITACIONES PARA LA REALIZACION DE OBRAS PUBLICAS.","('0017-PE-2005', 1)":null,"('0017-PE-2005', 2)":null},"('Firmantes', 'FIRMANTE')":{"('0017-PE-2005', 0)":"KIRCHNER, NESTOR CARLOS","('0017-PE-2005', 1)":"FERNANDEZ, ALBERTO","('0017-PE-2005', 2)":"DE VIDO, JULIO"},"('Firmantes', 'DISTRITO')":{"('0017-PE-2005', 0)":null,"('0017-PE-2005', 1)":null,"('0017-PE-2005', 2)":null},"('Firmantes', 'BLOQUE')":{"('0017-PE-2005', 0)":"PODER EJECUTIVO","('0017-PE-2005', 1)":"PODER EJECUTIVO","('0017-PE-2005', 2)":"PODER EJECUTIVO"},"('Giros', 'COMISI\u00d3N')":{"('0017-PE-2005', 0)":"PRESUPUESTO Y HACIENDA","('0017-PE-2005', 1)":null,"('0017-PE-2005', 2)":null},"('Tramites', 'C\u00c1MARA')":{"('0017-PE-2005', 0)":"Diputados","('0017-PE-2005', 1)":null,"('0017-PE-2005', 2)":null},"('Tramites', 'MOVIMIENTO')":{"('0017-PE-2005', 0)":"VER TRAMITE EN EXPEDIENTE 0248-D-07","('0017-PE-2005', 1)":null,"('0017-PE-2005', 2)":null},"('Tramites', 'FECHA')":{"('0017-PE-2005', 0)":null,"('0017-PE-2005', 1)":null,"('0017-PE-2005', 2)":null},"('Tramites', 'RESULTADO')":{"('0017-PE-2005', 0)":null,"('0017-PE-2005', 1)":null,"('0017-PE-2005', 2)":null},"Palabra Clave":{"('0017-PE-2005', 0)":" ","('0017-PE-2005', 1)":null,"('0017-PE-2005', 2)":null}}