{"Tipo de Proyecto":{"('0017-OV-2005', 0)":"PROYECTO DE RESOLUCI\u00d3N"},"Iniciado en: ":{"('0017-OV-2005', 0)":"Senado"},"Expediente Senado: ":{"('0017-OV-2005', 0)":"0017-OV-2005"},"Fecha: ":{"('0017-OV-2005', 0)":"26\/04\/2011"},"T\u00edtulo":{"('0017-OV-2005', 0)":"PEDIDO DE INFORMES AL PODER EJECUTIVO SOBRE LAS MEDIDAS ADOPTADAS EN EL AMBITO DE LA ADMINISTRACION FEDERAL DE INGRESOS PUBLICOS A FIN DE CORREGIR LAS SITUACIONES OBSERVADAS POR LA AUDITORIA GENERAL DE LA NACION (0017-OV-05, 0431-OV-05 Y 0386-OV-06), REFERENTE A LA ACTIVIDAD DE CONTROL DESARROLLADA POR LA DIRECCION GENERAL DE ADUANAS (DGA) EN ZONAS FRANCAS, TERMINALES Y DEPOSITOS FISCALES, EN EL PERIODO 09\/2003 HASTA 12\/2003, DESCARGO EXTEMPORANEO REALIZADO POR LA AFIP AL INFORME REFERIDO A LA ACTIVIDAD DE CONTROL DESARROLLADA POR AL DGA, Y SOBRE UN INFORME DE AUDITORIA EN LA AFIP-DGA A LA GESTION Y PROCEDIMIENTOS DE CONTROL ADUANERO EN EL INTERIOR."},"('Firmantes', 'FIRMANTE')":{"('0017-OV-2005', 0)":"PARLAMENTARIA MIXTA REVISORA DE CUENTAS"},"('Firmantes', 'DISTRITO')":{"('0017-OV-2005', 0)":null},"('Firmantes', 'BLOQUE')":{"('0017-OV-2005', 0)":null},"Link":{"('0017-OV-2005', 0)":"http:\/\/www.senado.gov.ar\/parlamentario\/comisiones\/verExp\/17.05\/OV\/PR"},"Palabra Clave":{"('0017-OV-2005', 0)":" "}}