{"Tipo de Proyecto":{"('0018-S-2005', 0)":"PROYECTO DE DECLARACI\u00d3N"},"Iniciado en: ":{"('0018-S-2005', 0)":"Senado"},"Expediente Senado: ":{"('0018-S-2005', 0)":"0018-S-2005"},"Publicado en: ":{"('0018-S-2005', 0)":"Diario de Asuntos Entrados N\u00b0 2"},"Fecha: ":{"('0018-S-2005', 0)":"01\/03\/2005"},"T\u00edtulo":{"('0018-S-2005', 0)":"EXPRESAR BENEPLACITO Y SATISFACCION POR LAS NEGOCIACIONES CON CHINA A LOS EFECTOS DE EXPORTAR ALIMENTOS Y EN ESPECIAL CARNE SIN RESTRICCIONES NI CUPOS."},"('Firmantes', 'FIRMANTE')":{"('0018-S-2005', 0)":"SAADI, RAMON EDUARDO"},"('Firmantes', 'DISTRITO')":{"('0018-S-2005', 0)":"CATAMARCA"},"('Firmantes', 'BLOQUE')":{"('0018-S-2005', 0)":"JUSTICIALISTA"},"Link":{"('0018-S-2005', 0)":"http:\/\/www.senado.gov.ar\/parlamentario\/comisiones\/verExp\/18.05\/S\/PD"},"Palabra Clave":{"('0018-S-2005', 0)":" "}}