{"Tipo de Proyecto":{"('0018-D-2005', 0)":"PROYECTO DE RESOLUCI\u00d3N","('0018-D-2005', 1)":null},"Iniciado en: ":{"('0018-D-2005', 0)":"Diputados","('0018-D-2005', 1)":null},"Expediente Diputados: ":{"('0018-D-2005', 0)":"0018-D-2005","('0018-D-2005', 1)":null},"Publicado en: ":{"('0018-D-2005', 0)":"Tr\u00e1mite Parlamentario N\u00b0 1","('0018-D-2005', 1)":null},"Fecha: ":{"('0018-D-2005', 0)":"01\/03\/2005","('0018-D-2005', 1)":null},"T\u00edtulo":{"('0018-D-2005', 0)":"PEDIDO DE INFORMES AL PODER EJECUTIVO SOBRE EL CUMPLIMIENTO DEL ARTICULO 25 DEL PRESUPUESTO 2005 (LEY 25967), SOBRE CONTRATO DE OBRA PUBLICA.","('0018-D-2005', 1)":null},"('Firmantes', 'FIRMANTE')":{"('0018-D-2005', 0)":"NATALE, ALBERTO A.","('0018-D-2005', 1)":null},"('Firmantes', 'DISTRITO')":{"('0018-D-2005', 0)":"SANTA FE","('0018-D-2005', 1)":null},"('Firmantes', 'BLOQUE')":{"('0018-D-2005', 0)":"DEMOCRATA PROGRESISTA","('0018-D-2005', 1)":null},"('Giros', 'COMISI\u00d3N')":{"('0018-D-2005', 0)":"OBRAS PUBLICAS","('0018-D-2005', 1)":"PRESUPUESTO Y HACIENDA"},"Palabra Clave":{"('0018-D-2005', 0)":" ","('0018-D-2005', 1)":null}}