{"Tipo de Proyecto":{"('0019-D-2005', 0)":"PROYECTO DE RESOLUCI\u00d3N","('0019-D-2005', 1)":null,"('0019-D-2005', 2)":null},"Iniciado en: ":{"('0019-D-2005', 0)":"Diputados","('0019-D-2005', 1)":null,"('0019-D-2005', 2)":null},"Expediente Diputados: ":{"('0019-D-2005', 0)":"0019-D-2005","('0019-D-2005', 1)":null,"('0019-D-2005', 2)":null},"Publicado en: ":{"('0019-D-2005', 0)":"Tr\u00e1mite Parlamentario N\u00b0 1","('0019-D-2005', 1)":null,"('0019-D-2005', 2)":null},"Fecha: ":{"('0019-D-2005', 0)":"01\/03\/2005","('0019-D-2005', 1)":null,"('0019-D-2005', 2)":null},"T\u00edtulo":{"('0019-D-2005', 0)":"PEDIDO DE INFORMES AL PODER EJECUTIVO SOBRE EL PROCESO DE CONTRATACION REFERIDO A LA CONCESION DE OBRAS PUBLICAS POR PEAJE,  EMPRESA \"HIDROVIA S.A.\" Y LA ADJUDICACION SEGUN DECRETO 253\/95.","('0019-D-2005', 1)":null,"('0019-D-2005', 2)":null},"('Firmantes', 'FIRMANTE')":{"('0019-D-2005', 0)":"NATALE, ALBERTO A.","('0019-D-2005', 1)":null,"('0019-D-2005', 2)":null},"('Firmantes', 'DISTRITO')":{"('0019-D-2005', 0)":"SANTA FE","('0019-D-2005', 1)":null,"('0019-D-2005', 2)":null},"('Firmantes', 'BLOQUE')":{"('0019-D-2005', 0)":"DEMOCRATA PROGRESISTA","('0019-D-2005', 1)":null,"('0019-D-2005', 2)":null},"('Giros', 'COMISI\u00d3N')":{"('0019-D-2005', 0)":"INTERESES MARITIMOS, FLUVIALES, PESQUEROS Y PORTUARIOS","('0019-D-2005', 1)":"OBRAS PUBLICAS","('0019-D-2005', 2)":"PRESUPUESTO Y HACIENDA"},"Palabra Clave":{"('0019-D-2005', 0)":" ","('0019-D-2005', 1)":null,"('0019-D-2005', 2)":null}}