{"Tipo de Proyecto":{"('0019-PE-2005', 0)":"MENSAJE NRO: 0584\/05 Y PROYECTO DE LEY","('0019-PE-2005', 1)":null,"('0019-PE-2005', 2)":null},"Iniciado en: ":{"('0019-PE-2005', 0)":"Diputados","('0019-PE-2005', 1)":null,"('0019-PE-2005', 2)":null},"Expediente Diputados: ":{"('0019-PE-2005', 0)":"0019-PE-2005","('0019-PE-2005', 1)":null,"('0019-PE-2005', 2)":null},"Publicado en: ":{"('0019-PE-2005', 0)":"Tr\u00e1mite Parlamentario N\u00b0 66","('0019-PE-2005', 1)":null,"('0019-PE-2005', 2)":null},"Fecha: ":{"('0019-PE-2005', 0)":"03\/06\/2005","('0019-PE-2005', 1)":null,"('0019-PE-2005', 2)":null},"T\u00edtulo":{"('0019-PE-2005', 0)":"MODIFICACION DEL ARTICULO 14 DE LA LEY 25467, DE CIENCIA, TECNOLOGIA E INNOVACION: INCORPORACION DEL INSTITUTO GEOGRAFICO MILITAR Y EL SERVICIO METEOROLOGICO NACIONAL AL CONSEJO INTERINSTITUCIONAL DE CIENCIA Y TECNOLOGIA (CICYT).","('0019-PE-2005', 1)":null,"('0019-PE-2005', 2)":null},"('Firmantes', 'FIRMANTE')":{"('0019-PE-2005', 0)":"KIRCHNER, NESTOR CARLOS","('0019-PE-2005', 1)":"FERNANDEZ, ALBERTO","('0019-PE-2005', 2)":"FILMUS, DANIEL"},"('Firmantes', 'DISTRITO')":{"('0019-PE-2005', 0)":null,"('0019-PE-2005', 1)":null,"('0019-PE-2005', 2)":null},"('Firmantes', 'BLOQUE')":{"('0019-PE-2005', 0)":"PODER EJECUTIVO","('0019-PE-2005', 1)":"PODER EJECUTIVO","('0019-PE-2005', 2)":"PODER EJECUTIVO"},"('Giros', 'COMISI\u00d3N')":{"('0019-PE-2005', 0)":"DEFENSA NACIONAL","('0019-PE-2005', 1)":"CIENCIA Y TECNOLOGIA","('0019-PE-2005', 2)":null},"('Tramites', 'C\u00c1MARA')":{"('0019-PE-2005', 0)":"Diputados","('0019-PE-2005', 1)":null,"('0019-PE-2005', 2)":null},"('Tramites', 'MOVIMIENTO')":{"('0019-PE-2005', 0)":"REPRODUCIDO POR EXPEDIENTE 1085-D-07","('0019-PE-2005', 1)":null,"('0019-PE-2005', 2)":null},"('Tramites', 'FECHA')":{"('0019-PE-2005', 0)":null,"('0019-PE-2005', 1)":null,"('0019-PE-2005', 2)":null},"('Tramites', 'RESULTADO')":{"('0019-PE-2005', 0)":null,"('0019-PE-2005', 1)":null,"('0019-PE-2005', 2)":null},"Sumario":{"('0019-PE-2005', 0)":"SUSTITUCION DEL ARTICULO 14 DE LA CITADA NORMA, SOBRE LA INTEGRACION DEL CONSEJO INTERINSTITUCIONAL DE CIENCIA Y TECNOLOGIA (CICYT).","('0019-PE-2005', 1)":null,"('0019-PE-2005', 2)":null},"Palabra Clave":{"('0019-PE-2005', 0)":" ","('0019-PE-2005', 1)":null,"('0019-PE-2005', 2)":null}}