{"Tipo de Proyecto":{"('0021-S-2005', 0)":"PROYECTO DE DECLARACI\u00d3N"},"Iniciado en: ":{"('0021-S-2005', 0)":"Senado"},"Expediente Senado: ":{"('0021-S-2005', 0)":"0021-S-2005"},"Publicado en: ":{"('0021-S-2005', 0)":"Diario de Asuntos Entrados N\u00b0 2"},"Fecha: ":{"('0021-S-2005', 0)":"01\/03\/2005"},"T\u00edtulo":{"('0021-S-2005', 0)":"EXPRESAR SATISFACCION POR LA ALTA CONCURRENCIA DE VOTANTES EN LOS COMICIOS REALIZADOS EL 31 DE ENERO EN IRAK."},"('Firmantes', 'FIRMANTE')":{"('0021-S-2005', 0)":"SAADI, RAMON EDUARDO"},"('Firmantes', 'DISTRITO')":{"('0021-S-2005', 0)":"CATAMARCA"},"('Firmantes', 'BLOQUE')":{"('0021-S-2005', 0)":"JUSTICIALISTA"},"Link":{"('0021-S-2005', 0)":"http:\/\/www.senado.gov.ar\/parlamentario\/comisiones\/verExp\/21.05\/S\/PD"},"Palabra Clave":{"('0021-S-2005', 0)":" "}}