{"Tipo de Proyecto":{"('0021-D-2005', 0)":"PROYECTO DE RESOLUCI\u00d3N","('0021-D-2005', 1)":null,"('0021-D-2005', 2)":null},"Iniciado en: ":{"('0021-D-2005', 0)":"Diputados","('0021-D-2005', 1)":null,"('0021-D-2005', 2)":null},"Expediente Diputados: ":{"('0021-D-2005', 0)":"0021-D-2005","('0021-D-2005', 1)":null,"('0021-D-2005', 2)":null},"Publicado en: ":{"('0021-D-2005', 0)":"Tr\u00e1mite Parlamentario N\u00b0 1","('0021-D-2005', 1)":null,"('0021-D-2005', 2)":null},"Fecha: ":{"('0021-D-2005', 0)":"01\/03\/2005","('0021-D-2005', 1)":null,"('0021-D-2005', 2)":null},"T\u00edtulo":{"('0021-D-2005', 0)":"PEDIDO DE INFORMES AL PODER EJECUTIVO SOBRE LOS CONFLICTOS PLANTEADOS ANTE EL \"CENTRO INTERNACIONAL DE ARREGLO DE DIFERENCIAS RELATIVAS A INVERSIONES - CIADI -\" CON SEDE EN WASHINGTON, ESTADOS UNIDOS DE AMERICA, POR ESTADOS EXTRANJEROS O SUS HABITANTES CONTRA LA ARGENTINA.","('0021-D-2005', 1)":null,"('0021-D-2005', 2)":null},"('Firmantes', 'FIRMANTE')":{"('0021-D-2005', 0)":"NATALE, ALBERTO A.","('0021-D-2005', 1)":null,"('0021-D-2005', 2)":null},"('Firmantes', 'DISTRITO')":{"('0021-D-2005', 0)":"SANTA FE","('0021-D-2005', 1)":null,"('0021-D-2005', 2)":null},"('Firmantes', 'BLOQUE')":{"('0021-D-2005', 0)":"DEMOCRATA PROGRESISTA","('0021-D-2005', 1)":null,"('0021-D-2005', 2)":null},"('Giros', 'COMISI\u00d3N')":{"('0021-D-2005', 0)":"PRESUPUESTO Y HACIENDA","('0021-D-2005', 1)":"FINANZAS","('0021-D-2005', 2)":"RELACIONES EXTERIORES Y CULTO"},"Palabra Clave":{"('0021-D-2005', 0)":" ","('0021-D-2005', 1)":null,"('0021-D-2005', 2)":null}}