{"Tipo de Proyecto":{"('0022-D-2005', 0)":"PROYECTO DE RESOLUCI\u00d3N","('0022-D-2005', 1)":null},"Iniciado en: ":{"('0022-D-2005', 0)":"Diputados","('0022-D-2005', 1)":null},"Expediente Diputados: ":{"('0022-D-2005', 0)":"0022-D-2005","('0022-D-2005', 1)":null},"Publicado en: ":{"('0022-D-2005', 0)":"Tr\u00e1mite Parlamentario N\u00b0 1","('0022-D-2005', 1)":null},"Fecha: ":{"('0022-D-2005', 0)":"01\/03\/2005","('0022-D-2005', 1)":null},"T\u00edtulo":{"('0022-D-2005', 0)":"PEDIDO DE INFORMES AL PODER EJECUTIVO SOBRE LOS FONDOS FIDUCIARIOS INTEGRADOS CON BIENES O FONDOS DEL ESTADO NACIONAL, DETALLE DE SU GESTION, EVOLUCION, FLUJO Y USO, DESTACANDO EN SU CASO LAS TRANSFERENCIAS REALIZADAS Y LAS OBRAS EJECUTADAS O PROGRAMADAS, CONFORME LO DISPUESTO EN DIVERSAS NORMAS.","('0022-D-2005', 1)":null},"('Firmantes', 'FIRMANTE')":{"('0022-D-2005', 0)":"NATALE, ALBERTO A.","('0022-D-2005', 1)":null},"('Firmantes', 'DISTRITO')":{"('0022-D-2005', 0)":"SANTA FE","('0022-D-2005', 1)":null},"('Firmantes', 'BLOQUE')":{"('0022-D-2005', 0)":"DEMOCRATA PROGRESISTA","('0022-D-2005', 1)":null},"('Giros', 'COMISI\u00d3N')":{"('0022-D-2005', 0)":"PRESUPUESTO Y HACIENDA","('0022-D-2005', 1)":"OBRAS PUBLICAS"},"Palabra Clave":{"('0022-D-2005', 0)":" ","('0022-D-2005', 1)":null}}