{"Tipo de Proyecto":{"('0022-S-2005', 0)":"COMUNICACION","('0022-S-2005', 1)":null},"Iniciado en: ":{"('0022-S-2005', 0)":"Senado","('0022-S-2005', 1)":null},"Expediente Senado: ":{"('0022-S-2005', 0)":"0022-S-2005","('0022-S-2005', 1)":null},"Publicado en: ":{"('0022-S-2005', 0)":"Diario de Asuntos Entrados N\u00b0 2","('0022-S-2005', 1)":null},"Fecha: ":{"('0022-S-2005', 0)":"01\/03\/2005","('0022-S-2005', 1)":null},"T\u00edtulo":{"('0022-S-2005', 0)":"PEDIDO DE INFORMES AL PODER EJECUTIVO SOBRE DIVERSOS ASPECTOS DEL FUNCIONAMIENTO DEL SERVICIO PENITENCIARIO FEDERAL: INFRAESTRUCTURA, CAPACITACION Y COORDINACION, ASI COMO SOBRE EL ULTIMO CENSO  REALIZADO POR EL SNEP (SISTEMA NACIONAL DE ESTADISTICA DE LA PENA).","('0022-S-2005', 1)":null},"('Firmantes', 'FIRMANTE')":{"('0022-S-2005', 0)":"SAADI, RAMON EDUARDO","('0022-S-2005', 1)":null},"('Firmantes', 'DISTRITO')":{"('0022-S-2005', 0)":"CATAMARCA","('0022-S-2005', 1)":null},"('Firmantes', 'BLOQUE')":{"('0022-S-2005', 0)":"JUSTICIALISTA","('0022-S-2005', 1)":null},"('Tramites', 'C\u00c1MARA')":{"('0022-S-2005', 0)":"Senado","('0022-S-2005', 1)":"Senado"},"('Tramites', 'MOVIMIENTO')":{"('0022-S-2005', 0)":"APROBACION ARTICULO 106, PARRAFO 3 DEL REGLAMENTO DEL H SENADO","('0022-S-2005', 1)":"CONTESTACION DEL PODER EJECUTIVO NACIONAL - GIRADO A LA COMISION RESPECTIVA"},"('Tramites', 'FECHA')":{"('0022-S-2005', 0)":"20\/04\/2005","('0022-S-2005', 1)":null},"('Tramites', 'RESULTADO')":{"('0022-S-2005', 0)":"APROBADO","('0022-S-2005', 1)":null},"Link":{"('0022-S-2005', 0)":"http:\/\/www.senado.gov.ar\/parlamentario\/comisiones\/verExp\/22.05\/S\/PC","('0022-S-2005', 1)":null},"Palabra Clave":{"('0022-S-2005', 0)":" ","('0022-S-2005', 1)":null}}