{"Tipo de Proyecto":{"('0024-S-2005', 0)":"PROYECTO DE LEY"},"Iniciado en: ":{"('0024-S-2005', 0)":"Senado"},"Expediente Senado: ":{"('0024-S-2005', 0)":"0024-S-2005"},"Publicado en: ":{"('0024-S-2005', 0)":"Diario de Asuntos Entrados N\u00b0 2"},"Fecha: ":{"('0024-S-2005', 0)":"01\/03\/2005"},"T\u00edtulo":{"('0024-S-2005', 0)":"RATIFICAR LOS TERMINOS DE LA DENOMINADA \"ACTA DE REPARACION HISTORICA\" SUSCRIPTA EL 25 DE AGOSTO DE 1973 ENTRE EL PRESIDENTE DE LA NACION Y EL GOBERNADOR DE CATAMARCA , CUYOS ALCANCES FUERON EXTENSIVOS A LAS PROVINCIAS DE LA RIOJA, SAN LUIS Y SAN JUAN."},"('Firmantes', 'FIRMANTE')":{"('0024-S-2005', 0)":"SAADI, RAMON EDUARDO"},"('Firmantes', 'DISTRITO')":{"('0024-S-2005', 0)":"CATAMARCA"},"('Firmantes', 'BLOQUE')":{"('0024-S-2005', 0)":"JUSTICIALISTA"},"Link":{"('0024-S-2005', 0)":"http:\/\/www.senado.gov.ar\/parlamentario\/comisiones\/verExp\/24.05\/S\/PL"},"Palabra Clave":{"('0024-S-2005', 0)":" "}}