{"Tipo de Proyecto":{"('0024-PE-2005', 0)":"MENSAJE NRO: 0749\/05","('0024-PE-2005', 1)":null,"('0024-PE-2005', 2)":null},"Iniciado en: ":{"('0024-PE-2005', 0)":"Diputados","('0024-PE-2005', 1)":null,"('0024-PE-2005', 2)":null},"Expediente Diputados: ":{"('0024-PE-2005', 0)":"0024-PE-2005","('0024-PE-2005', 1)":null,"('0024-PE-2005', 2)":null},"Publicado en: ":{"('0024-PE-2005', 0)":"Tr\u00e1mite Parlamentario N\u00b0 88","('0024-PE-2005', 1)":null,"('0024-PE-2005', 2)":null},"Fecha: ":{"('0024-PE-2005', 0)":"07\/07\/2005","('0024-PE-2005', 1)":null,"('0024-PE-2005', 2)":null},"T\u00edtulo":{"('0024-PE-2005', 0)":"COMUNICACION DEL DECRETO 748\/05, POR EL CUAL SE ESTABLECE EN $350 EL HABER MINIMO DE LAS PRESTACIONES DEL REGIMEN PREVISIONAL PUBLICO DEL SISTEMA INTEGRADO DE JUBILACIONES Y PENSIONES. ","('0024-PE-2005', 1)":null,"('0024-PE-2005', 2)":null},"('Firmantes', 'FIRMANTE')":{"('0024-PE-2005', 0)":"KIRCHNER, NESTOR CARLOS","('0024-PE-2005', 1)":"FERNANDEZ, ALBERTO","('0024-PE-2005', 2)":"TOMADA, CARLOS"},"('Firmantes', 'DISTRITO')":{"('0024-PE-2005', 0)":null,"('0024-PE-2005', 1)":null,"('0024-PE-2005', 2)":null},"('Firmantes', 'BLOQUE')":{"('0024-PE-2005', 0)":"PODER EJECUTIVO","('0024-PE-2005', 1)":"PODER EJECUTIVO","('0024-PE-2005', 2)":"PODER EJECUTIVO"},"('Giros', 'COMISI\u00d3N')":{"('0024-PE-2005', 0)":"PREVISION Y SEGURIDAD SOCIAL","('0024-PE-2005', 1)":"PRESUPUESTO Y HACIENDA","('0024-PE-2005', 2)":null},"('Tramites', 'C\u00c1MARA')":{"('0024-PE-2005', 0)":"Diputados","('0024-PE-2005', 1)":null,"('0024-PE-2005', 2)":null},"('Tramites', 'MOVIMIENTO')":{"('0024-PE-2005', 0)":"VER TRAMITE EN EXPEDIENTE 0244-D-07","('0024-PE-2005', 1)":null,"('0024-PE-2005', 2)":null},"('Tramites', 'FECHA')":{"('0024-PE-2005', 0)":null,"('0024-PE-2005', 1)":null,"('0024-PE-2005', 2)":null},"('Tramites', 'RESULTADO')":{"('0024-PE-2005', 0)":null,"('0024-PE-2005', 1)":null,"('0024-PE-2005', 2)":null},"Palabra Clave":{"('0024-PE-2005', 0)":" ","('0024-PE-2005', 1)":null,"('0024-PE-2005', 2)":null}}