{"Tipo de Proyecto":{"('0026-S-2005', 0)":"COMUNICACION","('0026-S-2005', 1)":null,"('0026-S-2005', 2)":null},"Iniciado en: ":{"('0026-S-2005', 0)":"Senado","('0026-S-2005', 1)":null,"('0026-S-2005', 2)":null},"Expediente Senado: ":{"('0026-S-2005', 0)":"0026-S-2005","('0026-S-2005', 1)":null,"('0026-S-2005', 2)":null},"Publicado en: ":{"('0026-S-2005', 0)":"Diario de Asuntos Entrados N\u00b0 2","('0026-S-2005', 1)":null,"('0026-S-2005', 2)":null},"Fecha: ":{"('0026-S-2005', 0)":"01\/03\/2005","('0026-S-2005', 1)":null,"('0026-S-2005', 2)":null},"T\u00edtulo":{"('0026-S-2005', 0)":"SOLICITAR AL PODER EJECUTIVO DISPONGA LAS MEDIDAS URGENTES PARA SOLUCIONAR EL CORTE EN LA RUTA NACIONAL 40 KILOMETRO 61, ENTRE ANCHORIS (DEPARTAMENTO DE LUJAN DE CUYO) Y LA LOCALIDAD DE ZAPATA, PROVINCIA DE MENDOZA.","('0026-S-2005', 1)":null,"('0026-S-2005', 2)":null},"('Firmantes', 'FIRMANTE')":{"('0026-S-2005', 0)":"JAQUE, CELSO ALEJANDRO","('0026-S-2005', 1)":null,"('0026-S-2005', 2)":null},"('Firmantes', 'DISTRITO')":{"('0026-S-2005', 0)":"MENDOZA","('0026-S-2005', 1)":null,"('0026-S-2005', 2)":null},"('Firmantes', 'BLOQUE')":{"('0026-S-2005', 0)":"JUSTICIALISTA","('0026-S-2005', 1)":null,"('0026-S-2005', 2)":null},"('Tramites', 'C\u00c1MARA')":{"('0026-S-2005', 0)":"Senado","('0026-S-2005', 1)":"Senado","('0026-S-2005', 2)":"Senado"},"('Tramites', 'MOVIMIENTO')":{"('0026-S-2005', 0)":"CONSIDERACION Y APROBACION","('0026-S-2005', 1)":"CONTESTACION DEL PODER EJECUTIVO NACIONAL - GIRADO A LA COMISION RESPECTIVA","('0026-S-2005', 2)":"CONTESTACION DEL PODER EJECUTIVO NACIONAL - GIRADO A LA COMISION RESPECTIVA"},"('Tramites', 'FECHA')":{"('0026-S-2005', 0)":"18\/05\/2005","('0026-S-2005', 1)":null,"('0026-S-2005', 2)":null},"('Tramites', 'RESULTADO')":{"('0026-S-2005', 0)":"APROBADO","('0026-S-2005', 1)":null,"('0026-S-2005', 2)":null},"Link":{"('0026-S-2005', 0)":"http:\/\/www.senado.gov.ar\/parlamentario\/comisiones\/verExp\/26.05\/S\/PC","('0026-S-2005', 1)":null,"('0026-S-2005', 2)":null},"Palabra Clave":{"('0026-S-2005', 0)":" ","('0026-S-2005', 1)":null,"('0026-S-2005', 2)":null}}