{"Tipo de Proyecto":{"('0027-S-2005', 0)":"COMUNICACION","('0027-S-2005', 1)":null},"Iniciado en: ":{"('0027-S-2005', 0)":"Senado","('0027-S-2005', 1)":null},"Expediente Senado: ":{"('0027-S-2005', 0)":"0027-S-2005","('0027-S-2005', 1)":null},"Publicado en: ":{"('0027-S-2005', 0)":"Diario de Asuntos Entrados N\u00b0 2","('0027-S-2005', 1)":null},"Fecha: ":{"('0027-S-2005', 0)":"01\/03\/2005","('0027-S-2005', 1)":null},"T\u00edtulo":{"('0027-S-2005', 0)":"SOLICITAR AL PODER EJECUTIVO DISPONGA LA ACTIVACION DE  LA LICITACION DE LAS OBRAS RUTA NACIONAL 81, TRAMO PLUMA DE PATO - EMPALME RUTA NACIONAL 34.","('0027-S-2005', 1)":null},"('Firmantes', 'FIRMANTE')":{"('0027-S-2005', 0)":"GOMEZ DIEZ, RICARDO","('0027-S-2005', 1)":null},"('Firmantes', 'DISTRITO')":{"('0027-S-2005', 0)":"SALTA","('0027-S-2005', 1)":null},"('Firmantes', 'BLOQUE')":{"('0027-S-2005', 0)":"RENOVADOR","('0027-S-2005', 1)":null},"('Tramites', 'C\u00c1MARA')":{"('0027-S-2005', 0)":"Senado","('0027-S-2005', 1)":"Senado"},"('Tramites', 'MOVIMIENTO')":{"('0027-S-2005', 0)":"CONSIDERACION Y APROBACION","('0027-S-2005', 1)":"CONTESTACION DEL PODER EJECUTIVO NACIONAL - GIRADO A LA COMISION RESPECTIVA"},"('Tramites', 'FECHA')":{"('0027-S-2005', 0)":"18\/05\/2005","('0027-S-2005', 1)":null},"('Tramites', 'RESULTADO')":{"('0027-S-2005', 0)":"APROBADO","('0027-S-2005', 1)":null},"Link":{"('0027-S-2005', 0)":"http:\/\/www.senado.gov.ar\/parlamentario\/comisiones\/verExp\/27.05\/S\/PC","('0027-S-2005', 1)":null},"Palabra Clave":{"('0027-S-2005', 0)":" ","('0027-S-2005', 1)":null}}