{"Tipo de Proyecto":{"('0028-S-2005', 0)":"COMUNICACION","('0028-S-2005', 1)":null},"Iniciado en: ":{"('0028-S-2005', 0)":"Senado","('0028-S-2005', 1)":null},"Expediente Senado: ":{"('0028-S-2005', 0)":"0028-S-2005","('0028-S-2005', 1)":null},"Publicado en: ":{"('0028-S-2005', 0)":"Diario de Asuntos Entrados N\u00b0 2","('0028-S-2005', 1)":null},"Fecha: ":{"('0028-S-2005', 0)":"01\/03\/2005","('0028-S-2005', 1)":null},"T\u00edtulo":{"('0028-S-2005', 0)":"SOLICITAR AL PODER EJECUTIVO DISPONGA LAS MEDIDAS QUE ACTIVE LA ADJUDICACION Y CONTRATACION DE LAS OBRAS RUTA NACIONAL 81 TRAMO LIMITE CON FORMOSA - PLUMA DE PATO, SALTA.","('0028-S-2005', 1)":null},"('Firmantes', 'FIRMANTE')":{"('0028-S-2005', 0)":"GOMEZ DIEZ, RICARDO","('0028-S-2005', 1)":null},"('Firmantes', 'DISTRITO')":{"('0028-S-2005', 0)":"SALTA","('0028-S-2005', 1)":null},"('Firmantes', 'BLOQUE')":{"('0028-S-2005', 0)":"RENOVADOR","('0028-S-2005', 1)":null},"('Tramites', 'C\u00c1MARA')":{"('0028-S-2005', 0)":"Senado","('0028-S-2005', 1)":"Senado"},"('Tramites', 'MOVIMIENTO')":{"('0028-S-2005', 0)":"CONSIDERACION Y APROBACION","('0028-S-2005', 1)":"CONTESTACION DEL PODER EJECUTIVO NACIONAL - GIRADO A LA COMISION RESPECTIVA"},"('Tramites', 'FECHA')":{"('0028-S-2005', 0)":"18\/05\/2005","('0028-S-2005', 1)":null},"('Tramites', 'RESULTADO')":{"('0028-S-2005', 0)":"APROBADO","('0028-S-2005', 1)":null},"Link":{"('0028-S-2005', 0)":"http:\/\/www.senado.gov.ar\/parlamentario\/comisiones\/verExp\/28.05\/S\/PC","('0028-S-2005', 1)":null},"Palabra Clave":{"('0028-S-2005', 0)":" ","('0028-S-2005', 1)":null}}