{"Tipo de Proyecto":{"('0028-PE-2005', 0)":"MENSAJE NRO: 0789\/05","('0028-PE-2005', 1)":null,"('0028-PE-2005', 2)":null},"Iniciado en: ":{"('0028-PE-2005', 0)":"Diputados","('0028-PE-2005', 1)":null,"('0028-PE-2005', 2)":null},"Expediente Diputados: ":{"('0028-PE-2005', 0)":"0028-PE-2005","('0028-PE-2005', 1)":null,"('0028-PE-2005', 2)":null},"Publicado en: ":{"('0028-PE-2005', 0)":"Tr\u00e1mite Parlamentario N\u00b0 90","('0028-PE-2005', 1)":null,"('0028-PE-2005', 2)":null},"Fecha: ":{"('0028-PE-2005', 0)":"11\/07\/2005","('0028-PE-2005', 1)":null,"('0028-PE-2005', 2)":null},"T\u00edtulo":{"('0028-PE-2005', 0)":"COMUNICACION DEL DECRETO 788\/05 POR EL CUAL SE PRORROGA LA SUSPENSION DISPUESTA POR DECRETOS 390\/03 Y 809\/04, CON LAS EXCEPCIONES QUE SE DISPONE, REFERIDOS A LA REDUCCION DE APORTES DE AFILIADOS AL REGIMEN DE REPARTO Y DE CAPITALIZACION. ","('0028-PE-2005', 1)":null,"('0028-PE-2005', 2)":null},"('Firmantes', 'FIRMANTE')":{"('0028-PE-2005', 0)":"KIRCHNER, NESTOR CARLOS","('0028-PE-2005', 1)":"FERNANDEZ, ALBERTO","('0028-PE-2005', 2)":"TOMADA, CARLOS"},"('Firmantes', 'DISTRITO')":{"('0028-PE-2005', 0)":null,"('0028-PE-2005', 1)":null,"('0028-PE-2005', 2)":null},"('Firmantes', 'BLOQUE')":{"('0028-PE-2005', 0)":"PODER EJECUTIVO","('0028-PE-2005', 1)":"PODER EJECUTIVO","('0028-PE-2005', 2)":"PODER EJECUTIVO"},"('Giros', 'COMISI\u00d3N')":{"('0028-PE-2005', 0)":"PREVISION Y SEGURIDAD SOCIAL","('0028-PE-2005', 1)":"BICAMERAL PERMANENTE DE TRAMITE LEGISLATIVO - LEY 26122","('0028-PE-2005', 2)":null},"('Tramites', 'C\u00c1MARA')":{"('0028-PE-2005', 0)":"Diputados","('0028-PE-2005', 1)":"Diputados","('0028-PE-2005', 2)":null},"('Tramites', 'MOVIMIENTO')":{"('0028-PE-2005', 0)":"SOLICITUD DEL PRESIDENTE DE LA COMISION BICAMERAL PERMANENTE DE TRAMITE LEGISLATIVO (LEY 26122) DE REMISION DEL EXPEDIENTE PARA SU ANALISIS (A LA PRESIDENCIA)","('0028-PE-2005', 1)":"EXPEDIENTE ORIGINALMENTE GIRADO A LA COMISION DE PREVISION Y SEGURIDAD SOCIAL; SE LO REMITE A LA COMISION BICAMERAL DE TRAMITE LEGISLATIVO (LEY 26122)","('0028-PE-2005', 2)":null},"('Tramites', 'FECHA')":{"('0028-PE-2005', 0)":"25\/04\/2007","('0028-PE-2005', 1)":null,"('0028-PE-2005', 2)":null},"('Tramites', 'RESULTADO')":{"('0028-PE-2005', 0)":null,"('0028-PE-2005', 1)":null,"('0028-PE-2005', 2)":null},"Palabra Clave":{"('0028-PE-2005', 0)":" ","('0028-PE-2005', 1)":null,"('0028-PE-2005', 2)":null}}