{"Tipo de Proyecto":{"('0029-PE-2005', 0)":"MENSAJE NRO: 0823\/05 Y PROYECTO DE LEY","('0029-PE-2005', 1)":null,"('0029-PE-2005', 2)":null},"Iniciado en: ":{"('0029-PE-2005', 0)":"Diputados","('0029-PE-2005', 1)":null,"('0029-PE-2005', 2)":null},"Expediente Diputados: ":{"('0029-PE-2005', 0)":"0029-PE-2005","('0029-PE-2005', 1)":null,"('0029-PE-2005', 2)":null},"Expediente Senado: ":{"('0029-PE-2005', 0)":"0075-CD-2006","('0029-PE-2005', 1)":null,"('0029-PE-2005', 2)":null},"Publicado en: ":{"('0029-PE-2005', 0)":"Tr\u00e1mite Parlamentario N\u00b0 92","('0029-PE-2005', 1)":null,"('0029-PE-2005', 2)":null},"Fecha: ":{"('0029-PE-2005', 0)":"25\/07\/2005","('0029-PE-2005', 1)":null,"('0029-PE-2005', 2)":null},"T\u00edtulo":{"('0029-PE-2005', 0)":"CREACION DE UNA SALA EN LA CAMARA NACIONAL DE APELACIONES EN LO COMERCIAL DE LA CAPITAL FEDERAL, QUE SE INDIVIDUALIZARA CON LA LETRA \"F\": CARGOS, COMPETENCIA.","('0029-PE-2005', 1)":null,"('0029-PE-2005', 2)":null},"('Firmantes', 'FIRMANTE')":{"('0029-PE-2005', 0)":"KIRCHNER, NESTOR CARLOS","('0029-PE-2005', 1)":"FERNANDEZ, ALBERTO","('0029-PE-2005', 2)":"ROSATTI, HORACIO DANIEL"},"('Firmantes', 'DISTRITO')":{"('0029-PE-2005', 0)":null,"('0029-PE-2005', 1)":null,"('0029-PE-2005', 2)":null},"('Firmantes', 'BLOQUE')":{"('0029-PE-2005', 0)":"PODER EJECUTIVO","('0029-PE-2005', 1)":"PODER EJECUTIVO","('0029-PE-2005', 2)":"PODER EJECUTIVO"},"('Giros', 'COMISI\u00d3N')":{"('0029-PE-2005', 0)":"JUSTICIA","('0029-PE-2005', 1)":"PRESUPUESTO Y HACIENDA","('0029-PE-2005', 2)":null},"('Tramites', 'C\u00c1MARA')":{"('0029-PE-2005', 0)":"Diputados","('0029-PE-2005', 1)":"Senado","('0029-PE-2005', 2)":"Senado"},"('Tramites', 'MOVIMIENTO')":{"('0029-PE-2005', 0)":"CONSIDERACION Y APROBACION","('0029-PE-2005', 1)":"PASA A SENADO -","('0029-PE-2005', 2)":"CONSIDERACION Y SANCION"},"('Tramites', 'FECHA')":{"('0029-PE-2005', 0)":"06\/09\/2006","('0029-PE-2005', 1)":null,"('0029-PE-2005', 2)":"20\/12\/2006"},"('Tramites', 'RESULTADO')":{"('0029-PE-2005', 0)":"MEDIA SANCION","('0029-PE-2005', 1)":null,"('0029-PE-2005', 2)":"SANCIONADO"},"Link":{"('0029-PE-2005', 0)":"http:\/\/www.senado.gov.ar\/web\/proyectos\/verExpe.php?origen=CD&nro_comision=&tipo=PL&numexp=75\/06&tConsulta=4","('0029-PE-2005', 1)":null,"('0029-PE-2005', 2)":null},"Palabra Clave":{"('0029-PE-2005', 0)":" ","('0029-PE-2005', 1)":null,"('0029-PE-2005', 2)":null}}