{"Tipo de Proyecto":{"('0030-S-2005', 0)":"COMUNICACION"},"Iniciado en: ":{"('0030-S-2005', 0)":"Senado"},"Expediente Senado: ":{"('0030-S-2005', 0)":"0030-S-2005"},"Publicado en: ":{"('0030-S-2005', 0)":"Diario de Asuntos Entrados N\u00b0 2"},"Fecha: ":{"('0030-S-2005', 0)":"01\/03\/2005"},"T\u00edtulo":{"('0030-S-2005', 0)":"PEDIDO DE INFORMES AL PODER EJECUTIVO SOBRE LAS MEDIDAS ADOPTADAS ANTE EL ESCANDALO INFORMADO POR LA PRENSA DE CATAMARCA RELACIONADO CON EL PROCESO DE SELECCION DE PERSONAL PARA LA POLICIA DE LA PROVINCIA."},"('Firmantes', 'FIRMANTE')":{"('0030-S-2005', 0)":"SAADI, RAMON EDUARDO"},"('Firmantes', 'DISTRITO')":{"('0030-S-2005', 0)":"CATAMARCA"},"('Firmantes', 'BLOQUE')":{"('0030-S-2005', 0)":"JUSTICIALISTA"},"('Tramites', 'C\u00c1MARA')":{"('0030-S-2005', 0)":"Senado"},"('Tramites', 'MOVIMIENTO')":{"('0030-S-2005', 0)":"CONSIDERACION Y APROBACION (AL ARCHIVO)"},"('Tramites', 'FECHA')":{"('0030-S-2005', 0)":"10\/05\/2006"},"('Tramites', 'RESULTADO')":{"('0030-S-2005', 0)":"APROBADO"},"Link":{"('0030-S-2005', 0)":"http:\/\/www.senado.gov.ar\/parlamentario\/comisiones\/verExp\/30.05\/S\/PC"},"Palabra Clave":{"('0030-S-2005', 0)":" "}}