{"Tipo de Proyecto":{"('0031-D-2005', 0)":"PROYECTO DE RESOLUCI\u00d3N","('0031-D-2005', 1)":null},"Iniciado en: ":{"('0031-D-2005', 0)":"Diputados","('0031-D-2005', 1)":null},"Expediente Diputados: ":{"('0031-D-2005', 0)":"0031-D-2005","('0031-D-2005', 1)":null},"Publicado en: ":{"('0031-D-2005', 0)":"Tr\u00e1mite Parlamentario N\u00b0 1","('0031-D-2005', 1)":null},"Fecha: ":{"('0031-D-2005', 0)":"01\/03\/2005","('0031-D-2005', 1)":null},"T\u00edtulo":{"('0031-D-2005', 0)":"PEDIDO DE INFORMES AL PODER EJECUTIVO SOBRE EL JUICIO QUE PODRIA COMENZAR LA DEFENSORIA DEL PUEBLO DE LA NACION SINO SE REVIERTE LA SITUACION DE EMERGENCIA AMBIENTAL Y SANITARIA EN LA CUENCA MATANZA - RIACHUELO.","('0031-D-2005', 1)":null},"('Firmantes', 'FIRMANTE')":{"('0031-D-2005', 0)":"ATANASOF, ALFREDO NESTOR","('0031-D-2005', 1)":null},"('Firmantes', 'DISTRITO')":{"('0031-D-2005', 0)":"BUENOS AIRES","('0031-D-2005', 1)":null},"('Firmantes', 'BLOQUE')":{"('0031-D-2005', 0)":"JUSTICIALISTA","('0031-D-2005', 1)":null},"('Giros', 'COMISI\u00d3N')":{"('0031-D-2005', 0)":"INTERESES MARITIMOS, FLUVIALES, PESQUEROS Y PORTUARIOS","('0031-D-2005', 1)":"RECURSOS NATURALES Y CONSERVACION DEL AMBIENTE HUMANO"},"Palabra Clave":{"('0031-D-2005', 0)":" ","('0031-D-2005', 1)":null}}