{"Tipo de Proyecto":{"('0033-S-2005', 0)":"COMUNICACION"},"Iniciado en: ":{"('0033-S-2005', 0)":"Senado"},"Expediente Senado: ":{"('0033-S-2005', 0)":"0033-S-2005"},"Publicado en: ":{"('0033-S-2005', 0)":"Diario de Asuntos Entrados N\u00b0 2"},"Fecha: ":{"('0033-S-2005', 0)":"01\/03\/2005"},"T\u00edtulo":{"('0033-S-2005', 0)":"SOLICITAR AL PODER EJECUTIVO DISPONGA LAS MEDIDAS PARA SOLUCIONAR LA CRITICA SITUACION SANITARIA QUE ATRAVIESAN DIVERSOS DEPARTAMENTOS DE LA PROVINCIA DE CATAMARCA AFECTADOS POR LA PROPAGACION DE LA VINCHUCA VECTOR DE LA ENFERMEDAD CHAGAS - MAZZA."},"('Firmantes', 'FIRMANTE')":{"('0033-S-2005', 0)":"SAADI, RAMON EDUARDO"},"('Firmantes', 'DISTRITO')":{"('0033-S-2005', 0)":"CATAMARCA"},"('Firmantes', 'BLOQUE')":{"('0033-S-2005', 0)":"JUSTICIALISTA"},"('Tramites', 'C\u00c1MARA')":{"('0033-S-2005', 0)":"Senado"},"('Tramites', 'MOVIMIENTO')":{"('0033-S-2005', 0)":"CONSIDERACION Y APROBACION CONJUNTAMENTE PARA LOS EXPEDIENTES 0033-S-2005, 3710-S-2005 y 0177-S-2006"},"('Tramites', 'FECHA')":{"('0033-S-2005', 0)":"06\/09\/2006"},"('Tramites', 'RESULTADO')":{"('0033-S-2005', 0)":"APROBADO"},"Link":{"('0033-S-2005', 0)":"http:\/\/www.senado.gov.ar\/parlamentario\/comisiones\/verExp\/33.05\/S\/PC"},"Palabra Clave":{"('0033-S-2005', 0)":" "}}