{"Tipo de Proyecto":{"('0033-PE-2005', 0)":"MENSAJE NRO: 0888\/05","('0033-PE-2005', 1)":null,"('0033-PE-2005', 2)":null,"('0033-PE-2005', 3)":null},"Iniciado en: ":{"('0033-PE-2005', 0)":"Diputados","('0033-PE-2005', 1)":null,"('0033-PE-2005', 2)":null,"('0033-PE-2005', 3)":null},"Expediente Diputados: ":{"('0033-PE-2005', 0)":"0033-PE-2005","('0033-PE-2005', 1)":null,"('0033-PE-2005', 2)":null,"('0033-PE-2005', 3)":null},"Publicado en: ":{"('0033-PE-2005', 0)":"Tr\u00e1mite Parlamentario N\u00b0 93","('0033-PE-2005', 1)":null,"('0033-PE-2005', 2)":null,"('0033-PE-2005', 3)":null},"Fecha: ":{"('0033-PE-2005', 0)":"25\/07\/2005","('0033-PE-2005', 1)":null,"('0033-PE-2005', 2)":null,"('0033-PE-2005', 3)":null},"T\u00edtulo":{"('0033-PE-2005', 0)":"COMUNICACION DEL DICTADO DEL DECRETO 884\/05, POR EL CUAL SE HABILITA CON CARACTER PARTICULAR DE USO PRIVADO Y CON DESTINO INDUSTRIAL Y COMERCIAL, EL PUERTO PERTENECIENTE A LA FIRMA MOLINOS RIO DE LA PLATA SOCIEDAD ANONIMA, DENOMINADO SAN BENITO, UBICADO EN SAN LORENZO, PROVINCIA DE SANTA FE.","('0033-PE-2005', 1)":null,"('0033-PE-2005', 2)":null,"('0033-PE-2005', 3)":null},"('Firmantes', 'FIRMANTE')":{"('0033-PE-2005', 0)":"KIRCHNER, NESTOR CARLOS","('0033-PE-2005', 1)":"DE VIDO, JULIO","('0033-PE-2005', 2)":null,"('0033-PE-2005', 3)":null},"('Firmantes', 'DISTRITO')":{"('0033-PE-2005', 0)":null,"('0033-PE-2005', 1)":null,"('0033-PE-2005', 2)":null,"('0033-PE-2005', 3)":null},"('Firmantes', 'BLOQUE')":{"('0033-PE-2005', 0)":"PODER EJECUTIVO","('0033-PE-2005', 1)":"PODER EJECUTIVO","('0033-PE-2005', 2)":null,"('0033-PE-2005', 3)":null},"('Giros', 'COMISI\u00d3N')":{"('0033-PE-2005', 0)":"INTERESES MARITIMOS, FLUVIALES, PESQUEROS Y PORTUARIOS","('0033-PE-2005', 1)":"INDUSTRIA","('0033-PE-2005', 2)":"COMERCIO","('0033-PE-2005', 3)":"LEGISLACION GENERAL"},"Palabra Clave":{"('0033-PE-2005', 0)":" ","('0033-PE-2005', 1)":null,"('0033-PE-2005', 2)":null,"('0033-PE-2005', 3)":null}}