{"Tipo de Proyecto":{"('0034-PE-2005', 0)":"MENSAJE NRO: 0889\/05","('0034-PE-2005', 1)":null,"('0034-PE-2005', 2)":null,"('0034-PE-2005', 3)":null},"Iniciado en: ":{"('0034-PE-2005', 0)":"Diputados","('0034-PE-2005', 1)":null,"('0034-PE-2005', 2)":null,"('0034-PE-2005', 3)":null},"Expediente Diputados: ":{"('0034-PE-2005', 0)":"0034-PE-2005","('0034-PE-2005', 1)":null,"('0034-PE-2005', 2)":null,"('0034-PE-2005', 3)":null},"Publicado en: ":{"('0034-PE-2005', 0)":"Tr\u00e1mite Parlamentario N\u00b0 93","('0034-PE-2005', 1)":null,"('0034-PE-2005', 2)":null,"('0034-PE-2005', 3)":null},"Fecha: ":{"('0034-PE-2005', 0)":"25\/07\/2005","('0034-PE-2005', 1)":null,"('0034-PE-2005', 2)":null,"('0034-PE-2005', 3)":null},"T\u00edtulo":{"('0034-PE-2005', 0)":"COMUNICACION DEL DICTADO DEL DECRETO 885\/05, POR EL QUE SE AMPLIA LA HABILITACION PORTUARIA OTORGADA A LA FIRMA CARGILL SOCIEDAD ANONIMA COMERCIAL E INDUSTRIAL, AL MUELLE E INSTALACIONES UBICADOS EN LA LOCALIDAD DE GENERAL SAN  MARTIN, DEPARTAMENTO SAN LORENZO, PROVINCIA DE SANTA FE.","('0034-PE-2005', 1)":null,"('0034-PE-2005', 2)":null,"('0034-PE-2005', 3)":null},"('Firmantes', 'FIRMANTE')":{"('0034-PE-2005', 0)":"KIRCHNER, NESTOR CARLOS","('0034-PE-2005', 1)":"FERNANDEZ, ALBERTO","('0034-PE-2005', 2)":"DE VIDO, JULIO","('0034-PE-2005', 3)":null},"('Firmantes', 'DISTRITO')":{"('0034-PE-2005', 0)":null,"('0034-PE-2005', 1)":null,"('0034-PE-2005', 2)":null,"('0034-PE-2005', 3)":null},"('Firmantes', 'BLOQUE')":{"('0034-PE-2005', 0)":"PODER EJECUTIVO","('0034-PE-2005', 1)":"PODER EJECUTIVO","('0034-PE-2005', 2)":"PODER EJECUTIVO","('0034-PE-2005', 3)":null},"('Giros', 'COMISI\u00d3N')":{"('0034-PE-2005', 0)":"INTERESES MARITIMOS, FLUVIALES, PESQUEROS Y PORTUARIOS","('0034-PE-2005', 1)":"INDUSTRIA","('0034-PE-2005', 2)":"COMERCIO","('0034-PE-2005', 3)":"LEGISLACION GENERAL"},"Palabra Clave":{"('0034-PE-2005', 0)":" ","('0034-PE-2005', 1)":null,"('0034-PE-2005', 2)":null,"('0034-PE-2005', 3)":null}}