{"Tipo de Proyecto":{"('0034-D-2005', 0)":"PROYECTO DE RESOLUCI\u00d3N","('0034-D-2005', 1)":null,"('0034-D-2005', 2)":null},"Iniciado en: ":{"('0034-D-2005', 0)":"Diputados","('0034-D-2005', 1)":null,"('0034-D-2005', 2)":null},"Expediente Diputados: ":{"('0034-D-2005', 0)":"0034-D-2005","('0034-D-2005', 1)":null,"('0034-D-2005', 2)":null},"Publicado en: ":{"('0034-D-2005', 0)":"Tr\u00e1mite Parlamentario N\u00b0 1","('0034-D-2005', 1)":null,"('0034-D-2005', 2)":null},"Fecha: ":{"('0034-D-2005', 0)":"01\/03\/2005","('0034-D-2005', 1)":null,"('0034-D-2005', 2)":null},"T\u00edtulo":{"('0034-D-2005', 0)":"PEDIDO DE INFORMES AL PODER EJECUTIVO SOBRE LA  INTENCION DE LA REPUBLICA ORIENTAL DEL URUGUAY DE INSTALAR UNA PLANTA DE PROCESAMIENTO DE PASTA DE CELULOSA EN EL RIO URUGUAY FRENTE A LA PROVINCIA DE ENTRE RIOS.","('0034-D-2005', 1)":null,"('0034-D-2005', 2)":null},"('Firmantes', 'FIRMANTE')":{"('0034-D-2005', 0)":"ATANASOF, ALFREDO NESTOR","('0034-D-2005', 1)":null,"('0034-D-2005', 2)":null},"('Firmantes', 'DISTRITO')":{"('0034-D-2005', 0)":"BUENOS AIRES","('0034-D-2005', 1)":null,"('0034-D-2005', 2)":null},"('Firmantes', 'BLOQUE')":{"('0034-D-2005', 0)":"JUSTICIALISTA","('0034-D-2005', 1)":null,"('0034-D-2005', 2)":null},"('Giros', 'COMISI\u00d3N')":{"('0034-D-2005', 0)":"INTERESES MARITIMOS, FLUVIALES, PESQUEROS Y PORTUARIOS","('0034-D-2005', 1)":"RECURSOS NATURALES Y CONSERVACION DEL AMBIENTE HUMANO","('0034-D-2005', 2)":"RELACIONES EXTERIORES Y CULTO"},"Palabra Clave":{"('0034-D-2005', 0)":" ","('0034-D-2005', 1)":null,"('0034-D-2005', 2)":null}}