{"Tipo de Proyecto":{"('0034-S-2005', 0)":"PROYECTO DE DECLARACI\u00d3N"},"Iniciado en: ":{"('0034-S-2005', 0)":"Senado"},"Expediente Senado: ":{"('0034-S-2005', 0)":"0034-S-2005"},"Publicado en: ":{"('0034-S-2005', 0)":"Diario de Asuntos Entrados N\u00b0 2"},"Fecha: ":{"('0034-S-2005', 0)":"01\/03\/2005"},"T\u00edtulo":{"('0034-S-2005', 0)":"EXPRESAR BENEPLACITO POR POR LA ENTRADA EN VIGENCIA DEL PROTOCOLO DE KYOTO, SOBRE CAMBIO CLIMATICO, EL PASADO 16 DE FEBRERO DE 2005. "},"('Firmantes', 'FIRMANTE')":{"('0034-S-2005', 0)":"SAADI, RAMON EDUARDO"},"('Firmantes', 'DISTRITO')":{"('0034-S-2005', 0)":"CATAMARCA"},"('Firmantes', 'BLOQUE')":{"('0034-S-2005', 0)":"JUSTICIALISTA"},"('Tramites', 'C\u00c1MARA')":{"('0034-S-2005', 0)":"Senado"},"('Tramites', 'MOVIMIENTO')":{"('0034-S-2005', 0)":"CONSIDERACION Y APROBACION CONJUNTAMENTE PARA LOS EXPEDIENTES 4558-S-2004, 0034-S-2005, 0252-S-2005, 0282-S-2005, 0353-S-2005 y 0412-S-2005"},"('Tramites', 'FECHA')":{"('0034-S-2005', 0)":"04\/05\/2005"},"('Tramites', 'RESULTADO')":{"('0034-S-2005', 0)":"APROBADO"},"Link":{"('0034-S-2005', 0)":"http:\/\/www.senado.gov.ar\/parlamentario\/comisiones\/verExp\/34.05\/S\/PD"},"Palabra Clave":{"('0034-S-2005', 0)":" "}}