{"Tipo de Proyecto":{"('0035-PE-2005', 0)":"MENSAJE NRO: 0911\/05","('0035-PE-2005', 1)":null,"('0035-PE-2005', 2)":null},"Iniciado en: ":{"('0035-PE-2005', 0)":"Diputados","('0035-PE-2005', 1)":null,"('0035-PE-2005', 2)":null},"Expediente Diputados: ":{"('0035-PE-2005', 0)":"0035-PE-2005","('0035-PE-2005', 1)":null,"('0035-PE-2005', 2)":null},"Publicado en: ":{"('0035-PE-2005', 0)":"Tr\u00e1mite Parlamentario N\u00b0 96","('0035-PE-2005', 1)":null,"('0035-PE-2005', 2)":null},"Fecha: ":{"('0035-PE-2005', 0)":"28\/07\/2005","('0035-PE-2005', 1)":null,"('0035-PE-2005', 2)":null},"T\u00edtulo":{"('0035-PE-2005', 0)":"COMUNICACION DEL DECRETO 908\/05, POR EL QUE SE APRUEBA EL PRESUPUESTO DE GASTOS Y EL PLAN DE ACCION PARA EL EJERCICIO 2005, CORRESPONDIENTE AL BANCO DE LA NACION.","('0035-PE-2005', 1)":null,"('0035-PE-2005', 2)":null},"('Firmantes', 'FIRMANTE')":{"('0035-PE-2005', 0)":"KIRCHNER, NESTOR CARLOS","('0035-PE-2005', 1)":"FERNANDEZ, ALBERTO","('0035-PE-2005', 2)":"LAVAGNA, ROBERTO"},"('Firmantes', 'DISTRITO')":{"('0035-PE-2005', 0)":null,"('0035-PE-2005', 1)":null,"('0035-PE-2005', 2)":null},"('Firmantes', 'BLOQUE')":{"('0035-PE-2005', 0)":"PODER EJECUTIVO","('0035-PE-2005', 1)":"PODER EJECUTIVO","('0035-PE-2005', 2)":"PODER EJECUTIVO"},"('Giros', 'COMISI\u00d3N')":{"('0035-PE-2005', 0)":"PRESUPUESTO Y HACIENDA","('0035-PE-2005', 1)":"FINANZAS","('0035-PE-2005', 2)":null},"Palabra Clave":{"('0035-PE-2005', 0)":" ","('0035-PE-2005', 1)":null,"('0035-PE-2005', 2)":null}}