{"Tipo de Proyecto":{"('0035-D-2005', 0)":"PROYECTO DE DECLARACI\u00d3N","('0035-D-2005', 1)":null},"Iniciado en: ":{"('0035-D-2005', 0)":"Diputados","('0035-D-2005', 1)":null},"Expediente Diputados: ":{"('0035-D-2005', 0)":"0035-D-2005","('0035-D-2005', 1)":null},"Publicado en: ":{"('0035-D-2005', 0)":"Tr\u00e1mite Parlamentario N\u00b0 1","('0035-D-2005', 1)":null},"Fecha: ":{"('0035-D-2005', 0)":"01\/03\/2005","('0035-D-2005', 1)":null},"T\u00edtulo":{"('0035-D-2005', 0)":"EXPRESAR PREOCUPACION POR LA CONTAMINACION CON ALGAS TOXICAS EN EL RIO DE LA PLATA. ","('0035-D-2005', 1)":null},"('Firmantes', 'FIRMANTE')":{"('0035-D-2005', 0)":"ATANASOF, ALFREDO NESTOR","('0035-D-2005', 1)":null},"('Firmantes', 'DISTRITO')":{"('0035-D-2005', 0)":"BUENOS AIRES","('0035-D-2005', 1)":null},"('Firmantes', 'BLOQUE')":{"('0035-D-2005', 0)":"JUSTICIALISTA","('0035-D-2005', 1)":null},"('Giros', 'COMISI\u00d3N')":{"('0035-D-2005', 0)":"INTERESES MARITIMOS, FLUVIALES, PESQUEROS Y PORTUARIOS","('0035-D-2005', 1)":"RECURSOS NATURALES Y CONSERVACION DEL AMBIENTE HUMANO"},"Palabra Clave":{"('0035-D-2005', 0)":" ","('0035-D-2005', 1)":null}}