{"Tipo de Proyecto":{"('0036-S-2005', 0)":"COMUNICACION"},"Iniciado en: ":{"('0036-S-2005', 0)":"Senado"},"Expediente Senado: ":{"('0036-S-2005', 0)":"0036-S-2005"},"Publicado en: ":{"('0036-S-2005', 0)":"Diario de Asuntos Entrados N\u00b0 2"},"Fecha: ":{"('0036-S-2005', 0)":"01\/03\/2005"},"T\u00edtulo":{"('0036-S-2005', 0)":"SOLICITAR AL PODER EJECUTIVO DISPONGA LAS MEDIDAS PARA SOLUCIONAR LA CRITICA SITUACION SANITARIA POR LA QUE ATRAVIESAN DIVERSOS BARRIOS DE LA CIUDAD DE SAN FERNANDO DEL VALLE DE CATAMARCA COMO CONSECUENCIA DE LA CONTAMINACION CON ALGAS DEL DIQUE EL JUMEAL."},"('Firmantes', 'FIRMANTE')":{"('0036-S-2005', 0)":"SAADI, RAMON EDUARDO"},"('Firmantes', 'DISTRITO')":{"('0036-S-2005', 0)":"CATAMARCA"},"('Firmantes', 'BLOQUE')":{"('0036-S-2005', 0)":"JUSTICIALISTA"},"('Tramites', 'C\u00c1MARA')":{"('0036-S-2005', 0)":"Senado"},"('Tramites', 'MOVIMIENTO')":{"('0036-S-2005', 0)":"AMPLIACION GIRO A LA COMISION DE AMBIENTE Y DESARROLLO SUSTENTABLE"},"('Tramites', 'FECHA')":{"('0036-S-2005', 0)":"06\/04\/2005"},"('Tramites', 'RESULTADO')":{"('0036-S-2005', 0)":null},"Link":{"('0036-S-2005', 0)":"http:\/\/www.senado.gov.ar\/parlamentario\/comisiones\/verExp\/36.05\/S\/PC"},"Palabra Clave":{"('0036-S-2005', 0)":" "}}