{"Tipo de Proyecto":{"('0037-S-2005', 0)":"PROYECTO DE DECLARACI\u00d3N","('0037-S-2005', 1)":null},"Iniciado en: ":{"('0037-S-2005', 0)":"Senado","('0037-S-2005', 1)":null},"Expediente Senado: ":{"('0037-S-2005', 0)":"0037-S-2005","('0037-S-2005', 1)":null},"Publicado en: ":{"('0037-S-2005', 0)":"Diario de Asuntos Entrados N\u00b0 2","('0037-S-2005', 1)":null},"Fecha: ":{"('0037-S-2005', 0)":"01\/03\/2005","('0037-S-2005', 1)":null},"T\u00edtulo":{"('0037-S-2005', 0)":"EXPRESAR PREOCUPACION POR LA FALTA DE CONCURRENCIA A LAS SALAS DE JARDIN DE INFANTES DE TODO EL PAIS.","('0037-S-2005', 1)":null},"('Firmantes', 'FIRMANTE')":{"('0037-S-2005', 0)":"SAADI, RAMON EDUARDO","('0037-S-2005', 1)":null},"('Firmantes', 'DISTRITO')":{"('0037-S-2005', 0)":"CATAMARCA","('0037-S-2005', 1)":null},"('Firmantes', 'BLOQUE')":{"('0037-S-2005', 0)":"JUSTICIALISTA","('0037-S-2005', 1)":null},"('Tramites', 'C\u00c1MARA')":{"('0037-S-2005', 0)":"Senado","('0037-S-2005', 1)":"Senado"},"('Tramites', 'MOVIMIENTO')":{"('0037-S-2005', 0)":"CONSIDERACION Y APROBACION","('0037-S-2005', 1)":"CONTESTACION DEL PODER EJECUTIVO NACIONAL - GIRADO A LA COMISION RESPECTIVA"},"('Tramites', 'FECHA')":{"('0037-S-2005', 0)":"04\/05\/2005","('0037-S-2005', 1)":null},"('Tramites', 'RESULTADO')":{"('0037-S-2005', 0)":"APROBADO","('0037-S-2005', 1)":null},"Link":{"('0037-S-2005', 0)":"http:\/\/www.senado.gov.ar\/parlamentario\/comisiones\/verExp\/37.05\/S\/PD","('0037-S-2005', 1)":null},"Palabra Clave":{"('0037-S-2005', 0)":" ","('0037-S-2005', 1)":null}}