{"Tipo de Proyecto":{"('0038-S-2005', 0)":"COMUNICACION","('0038-S-2005', 1)":null,"('0038-S-2005', 2)":null},"Iniciado en: ":{"('0038-S-2005', 0)":"Senado","('0038-S-2005', 1)":null,"('0038-S-2005', 2)":null},"Expediente Senado: ":{"('0038-S-2005', 0)":"0038-S-2005","('0038-S-2005', 1)":null,"('0038-S-2005', 2)":null},"Publicado en: ":{"('0038-S-2005', 0)":"Diario de Asuntos Entrados N\u00b0 2","('0038-S-2005', 1)":null,"('0038-S-2005', 2)":null},"Fecha: ":{"('0038-S-2005', 0)":"01\/03\/2005","('0038-S-2005', 1)":null,"('0038-S-2005', 2)":null},"T\u00edtulo":{"('0038-S-2005', 0)":"SOLICITAR AL PODER EJECUTIVO DISPONGA LA REMISION DE LOS FONDOS PARA LA REPARACION DE LA ANTIGUA IGLESIA DE CHOYA, DE SAN FERNANDO DEL VALLE DE CATAMARCA . ","('0038-S-2005', 1)":null,"('0038-S-2005', 2)":null},"('Firmantes', 'FIRMANTE')":{"('0038-S-2005', 0)":"SAADI, RAMON EDUARDO","('0038-S-2005', 1)":null,"('0038-S-2005', 2)":null},"('Firmantes', 'DISTRITO')":{"('0038-S-2005', 0)":"CATAMARCA","('0038-S-2005', 1)":null,"('0038-S-2005', 2)":null},"('Firmantes', 'BLOQUE')":{"('0038-S-2005', 0)":"JUSTICIALISTA","('0038-S-2005', 1)":null,"('0038-S-2005', 2)":null},"('Tramites', 'C\u00c1MARA')":{"('0038-S-2005', 0)":"Senado","('0038-S-2005', 1)":"Senado","('0038-S-2005', 2)":"Senado"},"('Tramites', 'MOVIMIENTO')":{"('0038-S-2005', 0)":"CONSIDERACION Y APROBACION","('0038-S-2005', 1)":"CONTESTACION DEL PODER EJECUTIVO NACIONAL - GIRADO A LA COMISION RESPECTIVA","('0038-S-2005', 2)":"CONTESTACION DEL PODER EJECUTIVO NACIONAL - GIRADO A LA COMISION RESPECTIVA"},"('Tramites', 'FECHA')":{"('0038-S-2005', 0)":"18\/05\/2005","('0038-S-2005', 1)":null,"('0038-S-2005', 2)":null},"('Tramites', 'RESULTADO')":{"('0038-S-2005', 0)":"APROBADO","('0038-S-2005', 1)":null,"('0038-S-2005', 2)":null},"Link":{"('0038-S-2005', 0)":"http:\/\/www.senado.gov.ar\/parlamentario\/comisiones\/verExp\/38.05\/S\/PC","('0038-S-2005', 1)":null,"('0038-S-2005', 2)":null},"Palabra Clave":{"('0038-S-2005', 0)":" ","('0038-S-2005', 1)":null,"('0038-S-2005', 2)":null}}