{"Tipo de Proyecto":{"('0039-OVD-2005', 0)":"PROYECTO DE RESOLUCI\u00d3N"},"Iniciado en: ":{"('0039-OVD-2005', 0)":"Senado"},"Expediente Senado: ":{"('0039-OVD-2005', 0)":"0039-OVD-2005"},"Fecha: ":{"('0039-OVD-2005', 0)":"17\/10\/2005"},"T\u00edtulo":{"('0039-OVD-2005', 0)":"RESPUESTA REMITIDA POR LA JEFATURA DE GABINETE DE MINISTROS EN RELACION A LA RESOLUCION APROBADA POR LA H CAMARA (0080-S-04) SOBRE LAS MEDIDAS CONDUCENTES A LA NORMALIZACION DE LA GESTION DEL MINISTERIO DE ECONOMIA RESPECTO DE LAS CAUSAS JUDICIALES Y LA REGULARIZACION DEL SISTEMA DE REGISTRO Y ARCHIVO DE LA DIRECCION NACIONAL DE NORMALIZACION PATRIMONIAL REFERIDA A LA GESTION DE COBRO DEL CREDITO POR PARTE DE LAS EMPRESAS DISTRIBUIDORAS DE GAS POR CUENTA Y ORDEN DEL ESTADO NACIONAL. ASIMISMO, INFORME SOBRE LAS MEDIDAS ADOPTADAS PARA DETERMINAR EL EVENTUAL PERJUICIO FISCAL QUE PUDIERA HABERSE PRODUCIDO COMO CONSECUENCIA DE LAS ALUDIDAS SITUACIONES Y PARA LA DETERMINACION Y EFECTIVIZACION DE LAS CORRESPONDIENTES RESPONSABILIDADES."},"('Firmantes', 'FIRMANTE')":{"('0039-OVD-2005', 0)":"PARLAMENTARIA MIXTA REVISORA DE CUENTAS"},"('Firmantes', 'DISTRITO')":{"('0039-OVD-2005', 0)":null},"('Firmantes', 'BLOQUE')":{"('0039-OVD-2005', 0)":null},"('Tramites', 'C\u00c1MARA')":{"('0039-OVD-2005', 0)":"Senado"},"('Tramites', 'MOVIMIENTO')":{"('0039-OVD-2005', 0)":"CONSIDERACION Y APROBACION (AL ARCHIVO)"},"('Tramites', 'FECHA')":{"('0039-OVD-2005', 0)":"09\/11\/2005"},"('Tramites', 'RESULTADO')":{"('0039-OVD-2005', 0)":"ARCHIVADO"},"Sumario":{"('0039-OVD-2005', 0)":"HABIENDO TOMADO CONOCIMIENTO Y SIN PERJUICIO DE ULTERIORES MEDIDAS QUE PUEDAN ADOPTARSE, SE ACONSEJA SU REMISION AL ARCHIVO."},"Palabra Clave":{"('0039-OVD-2005', 0)":" "}}