{"Tipo de Proyecto":{"('0039-S-2005', 0)":"COMUNICACION"},"Iniciado en: ":{"('0039-S-2005', 0)":"Senado"},"Expediente Senado: ":{"('0039-S-2005', 0)":"0039-S-2005"},"Publicado en: ":{"('0039-S-2005', 0)":"Diario de Asuntos Entrados N\u00b0 2"},"Fecha: ":{"('0039-S-2005', 0)":"01\/03\/2005"},"T\u00edtulo":{"('0039-S-2005', 0)":"PEDIDO DE INFORMES AL PODER EJECUTIVO SOBRE DIVERSOS PUNTOS EN RELACION AL TRAFICO DE DROGAS DETECTADO A TRAVES DE LA COMPA\u00d1IA AEREA SOUTHERN WINDS."},"('Firmantes', 'FIRMANTE')":{"('0039-S-2005', 0)":"ARANCIO, MONICA"},"('Firmantes', 'DISTRITO')":{"('0039-S-2005', 0)":"JUJUY"},"('Firmantes', 'BLOQUE')":{"('0039-S-2005', 0)":"FRENTE CIVICO JUJE\u00d1O"},"Link":{"('0039-S-2005', 0)":"http:\/\/www.senado.gov.ar\/parlamentario\/comisiones\/verExp\/39.05\/S\/PC"},"Palabra Clave":{"('0039-S-2005', 0)":" "}}