{"Tipo de Proyecto":{"('0040-S-2005', 0)":"PROYECTO DE RESOLUCI\u00d3N"},"Iniciado en: ":{"('0040-S-2005', 0)":"Senado"},"Expediente Senado: ":{"('0040-S-2005', 0)":"0040-S-2005"},"Publicado en: ":{"('0040-S-2005', 0)":"Diario de Asuntos Entrados N\u00b0 2"},"Fecha: ":{"('0040-S-2005', 0)":"01\/03\/2005"},"T\u00edtulo":{"('0040-S-2005', 0)":"CREACION DE LA COMISION INVESTIGADORA DE CONCESIONES DE SERVICIOS AEREOS, CONTROL DE AEROPUERTOS Y TRANSPORTE DE MERCADERIAS Y PERSONAS."},"('Firmantes', 'FIRMANTE')":{"('0040-S-2005', 0)":"PRADES, CARLOS"},"('Firmantes', 'DISTRITO')":{"('0040-S-2005', 0)":"SANTA CRUZ"},"('Firmantes', 'BLOQUE')":{"('0040-S-2005', 0)":"UCR"},"Sumario":{"('0040-S-2005', 0)":"ESCLARECIMIENTO DE LOS HECHOS VINCULADOS CON LA EMPRESA SOUTHERN WINDS, LA RELACION CON LINEAS AEREAS FEDERALES (LAFSA)."},"Palabra Clave":{"('0040-S-2005', 0)":" "}}