{"Tipo de Proyecto":{"('0040-PE-2005', 0)":"MENSAJE NRO: 1048\/05","('0040-PE-2005', 1)":null,"('0040-PE-2005', 2)":null},"Iniciado en: ":{"('0040-PE-2005', 0)":"Diputados","('0040-PE-2005', 1)":null,"('0040-PE-2005', 2)":null},"Expediente Diputados: ":{"('0040-PE-2005', 0)":"0040-PE-2005","('0040-PE-2005', 1)":null,"('0040-PE-2005', 2)":null},"Publicado en: ":{"('0040-PE-2005', 0)":"Tr\u00e1mite Parlamentario N\u00b0 119","('0040-PE-2005', 1)":null,"('0040-PE-2005', 2)":null},"Fecha: ":{"('0040-PE-2005', 0)":"31\/08\/2005","('0040-PE-2005', 1)":null,"('0040-PE-2005', 2)":null},"T\u00edtulo":{"('0040-PE-2005', 0)":"COMUNICACION DEL DECRETO 1047\/05 POR EL CUAL SE MODIFICA LA LEY 20663, SOBRE LAS NORMAS QUE RIGEN EL PLAZO FIJO.","('0040-PE-2005', 1)":null,"('0040-PE-2005', 2)":null},"('Firmantes', 'FIRMANTE')":{"('0040-PE-2005', 0)":"KIRCHNER, NESTOR CARLOS","('0040-PE-2005', 1)":"LAVAGNA, ROBERTO","('0040-PE-2005', 2)":"FERNANDEZ, ALBERTO"},"('Firmantes', 'DISTRITO')":{"('0040-PE-2005', 0)":null,"('0040-PE-2005', 1)":null,"('0040-PE-2005', 2)":null},"('Firmantes', 'BLOQUE')":{"('0040-PE-2005', 0)":"PODER EJECUTIVO","('0040-PE-2005', 1)":"PODER EJECUTIVO","('0040-PE-2005', 2)":"PODER EJECUTIVO"},"('Giros', 'COMISI\u00d3N')":{"('0040-PE-2005', 0)":"FINANZAS","('0040-PE-2005', 1)":"ECONOMIA","('0040-PE-2005', 2)":null},"('Tramites', 'C\u00c1MARA')":{"('0040-PE-2005', 0)":"Diputados","('0040-PE-2005', 1)":null,"('0040-PE-2005', 2)":null},"('Tramites', 'MOVIMIENTO')":{"('0040-PE-2005', 0)":"Nota DIP: ratificado por ley 26078","('0040-PE-2005', 1)":null,"('0040-PE-2005', 2)":null},"('Tramites', 'FECHA')":{"('0040-PE-2005', 0)":null,"('0040-PE-2005', 1)":null,"('0040-PE-2005', 2)":null},"('Tramites', 'RESULTADO')":{"('0040-PE-2005', 0)":null,"('0040-PE-2005', 1)":null,"('0040-PE-2005', 2)":null},"Palabra Clave":{"('0040-PE-2005', 0)":" ","('0040-PE-2005', 1)":null,"('0040-PE-2005', 2)":null}}