{"Tipo de Proyecto":{"('0041-S-2005', 0)":"PROYECTO DE LEY","('0041-S-2005', 1)":null},"Iniciado en: ":{"('0041-S-2005', 0)":"Senado","('0041-S-2005', 1)":null},"Expediente Senado: ":{"('0041-S-2005', 0)":"0041-S-2005","('0041-S-2005', 1)":null},"Publicado en: ":{"('0041-S-2005', 0)":"Diario de Asuntos Entrados N\u00b0 3","('0041-S-2005', 1)":null},"Fecha: ":{"('0041-S-2005', 0)":"02\/03\/2005","('0041-S-2005', 1)":null},"T\u00edtulo":{"('0041-S-2005', 0)":"EXCLUIR DEL IMPUESTO AL VALOR AGREGADO LOS INGRESOS PERCIBIDOS POR LAS MUNICIPALIDADES EN CONCEPTO DE IMPUESTOS, TASA O PRESTACIONES DE SERVICIOS.","('0041-S-2005', 1)":null},"('Firmantes', 'FIRMANTE')":{"('0041-S-2005', 0)":"MARTINEZ PASS DE CRESTO, LAURA","('0041-S-2005', 1)":null},"('Firmantes', 'DISTRITO')":{"('0041-S-2005', 0)":"ENTRE RIOS","('0041-S-2005', 1)":null},"('Firmantes', 'BLOQUE')":{"('0041-S-2005', 0)":"JUSTICIALISTA","('0041-S-2005', 1)":null},"('Tramites', 'C\u00c1MARA')":{"('0041-S-2005', 0)":"Senado","('0041-S-2005', 1)":"Senado"},"('Tramites', 'MOVIMIENTO')":{"('0041-S-2005', 0)":"AMPLIACION GIRO A LA COMISION DE ASUNTOS ADMINISTRATIVOS Y MUNICIPALES","('0041-S-2005', 1)":"REPRODUCIDO POR EXPEDIENTE 0633-S-07"},"('Tramites', 'FECHA')":{"('0041-S-2005', 0)":"06\/04\/2005","('0041-S-2005', 1)":null},"('Tramites', 'RESULTADO')":{"('0041-S-2005', 0)":null,"('0041-S-2005', 1)":null},"Link":{"('0041-S-2005', 0)":"http:\/\/www.senado.gov.ar\/parlamentario\/comisiones\/verExp\/41.05\/S\/PL","('0041-S-2005', 1)":null},"Palabra Clave":{"('0041-S-2005', 0)":" ","('0041-S-2005', 1)":null}}