{"Tipo de Proyecto":{"('0041-D-2005', 0)":"PROYECTO DE RESOLUCI\u00d3N","('0041-D-2005', 1)":null},"Iniciado en: ":{"('0041-D-2005', 0)":"Diputados","('0041-D-2005', 1)":null},"Expediente Diputados: ":{"('0041-D-2005', 0)":"0041-D-2005","('0041-D-2005', 1)":null},"Publicado en: ":{"('0041-D-2005', 0)":"Tr\u00e1mite Parlamentario N\u00b0 1","('0041-D-2005', 1)":null},"Fecha: ":{"('0041-D-2005', 0)":"01\/03\/2005","('0041-D-2005', 1)":null},"T\u00edtulo":{"('0041-D-2005', 0)":"PEDIDO DE INFORMES AL PODER EJECUTIVO SOBRE EL ESTADO DE EJECUCION ACTUAL DEL CENSO DE VETERANOS DE GUERRA.","('0041-D-2005', 1)":null},"('Firmantes', 'FIRMANTE')":{"('0041-D-2005', 0)":"RICO, MARIA DEL CARMEN","('0041-D-2005', 1)":null},"('Firmantes', 'DISTRITO')":{"('0041-D-2005', 0)":"BUENOS AIRES","('0041-D-2005', 1)":null},"('Firmantes', 'BLOQUE')":{"('0041-D-2005', 0)":"FRENTE DEL MOVIMIENTO POPULAR","('0041-D-2005', 1)":null},"('Giros', 'COMISI\u00d3N')":{"('0041-D-2005', 0)":"DEFENSA NACIONAL","('0041-D-2005', 1)":"POBLACION Y DESARROLLO HUMANO"},"Palabra Clave":{"('0041-D-2005', 0)":" ","('0041-D-2005', 1)":null}}