{"Tipo de Proyecto":{"('0042-PE-2005', 0)":"MENSAJE NRO: 1074\/05","('0042-PE-2005', 1)":null,"('0042-PE-2005', 2)":null},"Iniciado en: ":{"('0042-PE-2005', 0)":"Diputados","('0042-PE-2005', 1)":null,"('0042-PE-2005', 2)":null},"Expediente Diputados: ":{"('0042-PE-2005', 0)":"0042-PE-2005","('0042-PE-2005', 1)":null,"('0042-PE-2005', 2)":null},"Publicado en: ":{"('0042-PE-2005', 0)":"Tr\u00e1mite Parlamentario N\u00b0 121","('0042-PE-2005', 1)":null,"('0042-PE-2005', 2)":null},"Fecha: ":{"('0042-PE-2005', 0)":"02\/09\/2005","('0042-PE-2005', 1)":null,"('0042-PE-2005', 2)":null},"T\u00edtulo":{"('0042-PE-2005', 0)":"COMUNICACION DEL DICTADO DEL DECRETO 1073\/05 POR EL CUAL SE HOMOLOGA EL ACTA ACUERDO Y ANEXOS DE LA COMISION NEGOCIADORA DE LA CARRERA PARA EL PERSONAL PROFESIONAL DE ESTABLECIMIENTOS HOSPITALARIOS Y ASISTENCIALES E INSTITUTOS DE INVESTIGACIONES Y PRODUCCION.","('0042-PE-2005', 1)":null,"('0042-PE-2005', 2)":null},"('Firmantes', 'FIRMANTE')":{"('0042-PE-2005', 0)":"KIRCHNER, NESTOR CARLOS","('0042-PE-2005', 1)":"FERNANDEZ, ALBERTO","('0042-PE-2005', 2)":"TOMADA, CARLOS"},"('Firmantes', 'DISTRITO')":{"('0042-PE-2005', 0)":null,"('0042-PE-2005', 1)":null,"('0042-PE-2005', 2)":null},"('Firmantes', 'BLOQUE')":{"('0042-PE-2005', 0)":"PODER EJECUTIVO","('0042-PE-2005', 1)":"PODER EJECUTIVO","('0042-PE-2005', 2)":"PODER EJECUTIVO"},"('Giros', 'COMISI\u00d3N')":{"('0042-PE-2005', 0)":"ACCION SOCIAL Y SALUD PUBLICA","('0042-PE-2005', 1)":"LEGISLACION DEL TRABAJO","('0042-PE-2005', 2)":null},"('Tramites', 'C\u00c1MARA')":{"('0042-PE-2005', 0)":"Diputados","('0042-PE-2005', 1)":null,"('0042-PE-2005', 2)":null},"('Tramites', 'MOVIMIENTO')":{"('0042-PE-2005', 0)":"VER TRAMITE EN EXPEDIENTE 7225-D-06","('0042-PE-2005', 1)":null,"('0042-PE-2005', 2)":null},"('Tramites', 'FECHA')":{"('0042-PE-2005', 0)":null,"('0042-PE-2005', 1)":null,"('0042-PE-2005', 2)":null},"('Tramites', 'RESULTADO')":{"('0042-PE-2005', 0)":null,"('0042-PE-2005', 1)":null,"('0042-PE-2005', 2)":null},"Palabra Clave":{"('0042-PE-2005', 0)":" ","('0042-PE-2005', 1)":null,"('0042-PE-2005', 2)":null}}