{"Tipo de Proyecto":{"('0042-D-2005', 0)":"PROYECTO DE LEY","('0042-D-2005', 1)":null},"Iniciado en: ":{"('0042-D-2005', 0)":"Diputados","('0042-D-2005', 1)":null},"Expediente Diputados: ":{"('0042-D-2005', 0)":"0042-D-2005","('0042-D-2005', 1)":null},"Publicado en: ":{"('0042-D-2005', 0)":"Tr\u00e1mite Parlamentario N\u00b0 1","('0042-D-2005', 1)":null},"Fecha: ":{"('0042-D-2005', 0)":"01\/03\/2005","('0042-D-2005', 1)":null},"T\u00edtulo":{"('0042-D-2005', 0)":"CREACION DE UN JUZGADO FEDERAL EN LA PROVINCIA DE TUCUMAN.","('0042-D-2005', 1)":null},"('Firmantes', 'FIRMANTE')":{"('0042-D-2005', 0)":"FALU, JOSE RICARDO","('0042-D-2005', 1)":null},"('Firmantes', 'DISTRITO')":{"('0042-D-2005', 0)":"TUCUMAN","('0042-D-2005', 1)":null},"('Firmantes', 'BLOQUE')":{"('0042-D-2005', 0)":"JUSTICIALISTA","('0042-D-2005', 1)":null},"('Giros', 'COMISI\u00d3N')":{"('0042-D-2005', 0)":"JUSTICIA","('0042-D-2005', 1)":"PRESUPUESTO Y HACIENDA"},"Sumario":{"('0042-D-2005', 0)":"DENOMINACION: JUZGADO FEDERAL NUMERO 3; CUATRO SECRETARIAS: UNA CON COMPETENCIA PENAL, OTRA CON COMPETENCIA EN LO CIVIL, COMERCIAL, LABORAL Y CONTENCIOSO ADMINISTRATIVO, OTRA CON COMPETENCIA EN LEYES ESPECIALES Y OTRA CON COMPETENCIA FISCAL; COMPETENCIA TERRITORIAL; CREACION DE CARGOS; CAUSAS; ANEXO I Y II.","('0042-D-2005', 1)":null},"Palabra Clave":{"('0042-D-2005', 0)":" ","('0042-D-2005', 1)":null}}