{"Tipo de Proyecto":{"('0043-S-2005', 0)":"PROYECTO DE RESOLUCI\u00d3N","('0043-S-2005', 1)":null,"('0043-S-2005', 2)":null},"Iniciado en: ":{"('0043-S-2005', 0)":"Senado","('0043-S-2005', 1)":null,"('0043-S-2005', 2)":null},"Expediente Diputados: ":{"('0043-S-2005', 0)":"0043-S-2005","('0043-S-2005', 1)":null,"('0043-S-2005', 2)":null},"Expediente Senado: ":{"('0043-S-2005', 0)":"0218-OV-2003","('0043-S-2005', 1)":null,"('0043-S-2005', 2)":null},"Fecha: ":{"('0043-S-2005', 0)":"04\/03\/2005","('0043-S-2005', 1)":null,"('0043-S-2005', 2)":null},"T\u00edtulo":{"('0043-S-2005', 0)":"PEDIDO DE INFORMES AL PODER EJECUTIVO SOBRE RESOLUCIONES REMITIDAS POR LA AUDITORIA GENERAL DE LA NACION SOBRE UN INFORME PRELIMINAR (0218-OV-03) Y SOBRE LOS ESTADOS FINANCIEROS AL 31 DE DICIEMBRE DE 2002 (0692-OV-03) EN EL AMBITO DEL PROYECTO PNUD, ARG\/98\/019 APOYO Y FORTALECIMIENTO A LA UNIDAD EJECUTORA DE LA PROVINCIA DE BUENOS AIRES, SUBPROYECTO MAR DEL PLATA DEL PROGRAMA MATERNO - INFANTIL Y NUTRICION - PROMIN II.","('0043-S-2005', 1)":null,"('0043-S-2005', 2)":null},"('Firmantes', 'FIRMANTE')":{"('0043-S-2005', 0)":"PARLAMENTARIA MIXTA REVISORA DE CUENTAS","('0043-S-2005', 1)":null,"('0043-S-2005', 2)":null},"('Firmantes', 'DISTRITO')":{"('0043-S-2005', 0)":null,"('0043-S-2005', 1)":null,"('0043-S-2005', 2)":null},"('Firmantes', 'BLOQUE')":{"('0043-S-2005', 0)":null,"('0043-S-2005', 1)":null,"('0043-S-2005', 2)":null},"('Giros', 'COMISI\u00d3N')":{"('0043-S-2005', 0)":"PARLAMENTARIA MIXTA REVISORA DE CUENTAS","('0043-S-2005', 1)":null,"('0043-S-2005', 2)":null},"('Tramites', 'C\u00c1MARA')":{"('0043-S-2005', 0)":"Senado","('0043-S-2005', 1)":"Diputados","('0043-S-2005', 2)":"Diputados"},"('Tramites', 'MOVIMIENTO')":{"('0043-S-2005', 0)":"CONSIDERACION Y APROBACION","('0043-S-2005', 1)":"PASA A DIPUTADOS -","('0043-S-2005', 2)":"CONSIDERACION Y APROBACION"},"('Tramites', 'FECHA')":{"('0043-S-2005', 0)":"04\/05\/2005","('0043-S-2005', 1)":null,"('0043-S-2005', 2)":"07\/07\/2005"},"('Tramites', 'RESULTADO')":{"('0043-S-2005', 0)":"APROBADO","('0043-S-2005', 1)":null,"('0043-S-2005', 2)":"APROBADO"},"Link":{"('0043-S-2005', 0)":"http:\/\/www.senado.gov.ar\/parlamentario\/comisiones\/verExp\/218.03\/OV\/PR","('0043-S-2005', 1)":null,"('0043-S-2005', 2)":null},"Palabra Clave":{"('0043-S-2005', 0)":" ","('0043-S-2005', 1)":null,"('0043-S-2005', 2)":null}}