{"Tipo de Proyecto":{"('0044-D-2005', 0)":"PROYECTO DE RESOLUCI\u00d3N","('0044-D-2005', 1)":null,"('0044-D-2005', 2)":null},"Iniciado en: ":{"('0044-D-2005', 0)":"Diputados","('0044-D-2005', 1)":null,"('0044-D-2005', 2)":null},"Expediente Diputados: ":{"('0044-D-2005', 0)":"0044-D-2005","('0044-D-2005', 1)":null,"('0044-D-2005', 2)":null},"Publicado en: ":{"('0044-D-2005', 0)":"Tr\u00e1mite Parlamentario N\u00b0 1","('0044-D-2005', 1)":null,"('0044-D-2005', 2)":null},"Fecha: ":{"('0044-D-2005', 0)":"01\/03\/2005","('0044-D-2005', 1)":null,"('0044-D-2005', 2)":null},"T\u00edtulo":{"('0044-D-2005', 0)":"PEDIDO DE INFORMES AL PODER EJECUTIVO SOBRE EL CONTRABANDO DE ESTUPEFACIENTES DESDE EL AEROPUERTO INTERNACIONAL DE EZEIZA.","('0044-D-2005', 1)":null,"('0044-D-2005', 2)":null},"('Firmantes', 'FIRMANTE')":{"('0044-D-2005', 0)":"MANSUR, NELIDA MABEL","('0044-D-2005', 1)":null,"('0044-D-2005', 2)":null},"('Firmantes', 'DISTRITO')":{"('0044-D-2005', 0)":"BUENOS AIRES","('0044-D-2005', 1)":null,"('0044-D-2005', 2)":null},"('Firmantes', 'BLOQUE')":{"('0044-D-2005', 0)":"UNIDAD FEDERALISTA","('0044-D-2005', 1)":null,"('0044-D-2005', 2)":null},"('Giros', 'COMISI\u00d3N')":{"('0044-D-2005', 0)":"PREVENCION DE ADICCIONES Y CONTROL DEL NARCOTRAFICO","('0044-D-2005', 1)":"DEFENSA NACIONAL","('0044-D-2005', 2)":"TRANSPORTES"},"Palabra Clave":{"('0044-D-2005', 0)":" ","('0044-D-2005', 1)":null,"('0044-D-2005', 2)":null}}