{"Tipo de Proyecto":{"('0048-S-2005', 0)":"PROYECTO DE RESOLUCI\u00d3N","('0048-S-2005', 1)":null,"('0048-S-2005', 2)":null,"('0048-S-2005', 3)":null},"Iniciado en: ":{"('0048-S-2005', 0)":"Senado","('0048-S-2005', 1)":null,"('0048-S-2005', 2)":null,"('0048-S-2005', 3)":null},"Expediente Diputados: ":{"('0048-S-2005', 0)":"0048-S-2005","('0048-S-2005', 1)":null,"('0048-S-2005', 2)":null,"('0048-S-2005', 3)":null},"Expediente Senado: ":{"('0048-S-2005', 0)":"0371-OV-2003","('0048-S-2005', 1)":null,"('0048-S-2005', 2)":null,"('0048-S-2005', 3)":null},"Fecha: ":{"('0048-S-2005', 0)":"04\/03\/2005","('0048-S-2005', 1)":null,"('0048-S-2005', 2)":null,"('0048-S-2005', 3)":null},"T\u00edtulo":{"('0048-S-2005', 0)":"PEDIDO DE INFORMES AL PODER EJECUTIVO SOBRE RESOLUCIONES REMITIDAS POR LA AUDITORIA GENERAL DE LA NACION SOBRE LOS ESTADOS FINANCIEROS AL 31 DE DICIEMBRE DE 2001 (0371-OV-03), 31 DE DICIEMBRE DE 2002 (0074-OV-04) Y 31 DE DICIEMBRE DE 2003 (0455-OV-04), CORRESPONDIENTES AL AMBITO DEL PROGRAMA DE MODERNIZACION PORTUARIA, CONTRATO DE PRESTAMO 962\/OC-AR BID.","('0048-S-2005', 1)":null,"('0048-S-2005', 2)":null,"('0048-S-2005', 3)":null},"('Firmantes', 'FIRMANTE')":{"('0048-S-2005', 0)":"PARLAMENTARIA MIXTA REVISORA DE CUENTAS","('0048-S-2005', 1)":null,"('0048-S-2005', 2)":null,"('0048-S-2005', 3)":null},"('Firmantes', 'DISTRITO')":{"('0048-S-2005', 0)":null,"('0048-S-2005', 1)":null,"('0048-S-2005', 2)":null,"('0048-S-2005', 3)":null},"('Firmantes', 'BLOQUE')":{"('0048-S-2005', 0)":null,"('0048-S-2005', 1)":null,"('0048-S-2005', 2)":null,"('0048-S-2005', 3)":null},"('Giros', 'COMISI\u00d3N')":{"('0048-S-2005', 0)":"PARLAMENTARIA MIXTA REVISORA DE CUENTAS","('0048-S-2005', 1)":null,"('0048-S-2005', 2)":null,"('0048-S-2005', 3)":null},"('Tramites', 'C\u00c1MARA')":{"('0048-S-2005', 0)":"Senado","('0048-S-2005', 1)":"Diputados","('0048-S-2005', 2)":"Diputados","('0048-S-2005', 3)":"Diputados"},"('Tramites', 'MOVIMIENTO')":{"('0048-S-2005', 0)":"CONSIDERACION Y APROBACION","('0048-S-2005', 1)":"PASA A DIPUTADOS -","('0048-S-2005', 2)":"CONSIDERACION Y APROBACION","('0048-S-2005', 3)":"CONTESTACION DEL PODER EJECUTIVO NACIONAL - JEFE DE GABINETE DE MINISTROS - GIRADO A LA COMISION RESPECTIVA"},"('Tramites', 'FECHA')":{"('0048-S-2005', 0)":"04\/05\/2005","('0048-S-2005', 1)":null,"('0048-S-2005', 2)":"07\/07\/2005","('0048-S-2005', 3)":"22\/02\/2006"},"('Tramites', 'RESULTADO')":{"('0048-S-2005', 0)":"APROBADO","('0048-S-2005', 1)":null,"('0048-S-2005', 2)":"APROBADO","('0048-S-2005', 3)":null},"Link":{"('0048-S-2005', 0)":"http:\/\/www.senado.gov.ar\/parlamentario\/comisiones\/verExp\/371.03\/OV\/PR","('0048-S-2005', 1)":null,"('0048-S-2005', 2)":null,"('0048-S-2005', 3)":null},"Palabra Clave":{"('0048-S-2005', 0)":" ","('0048-S-2005', 1)":null,"('0048-S-2005', 2)":null,"('0048-S-2005', 3)":null}}