{"Tipo de Proyecto":{"('0049-PE-2005', 0)":"MENSAJE NRO: 1194\/05 Y PROYECTO DE LEY","('0049-PE-2005', 1)":null,"('0049-PE-2005', 2)":null,"('0049-PE-2005', 3)":null,"('0049-PE-2005', 4)":null,"('0049-PE-2005', 5)":null},"Iniciado en: ":{"('0049-PE-2005', 0)":"Diputados","('0049-PE-2005', 1)":null,"('0049-PE-2005', 2)":null,"('0049-PE-2005', 3)":null,"('0049-PE-2005', 4)":null,"('0049-PE-2005', 5)":null},"Expediente Diputados: ":{"('0049-PE-2005', 0)":"0049-PE-2005","('0049-PE-2005', 1)":null,"('0049-PE-2005', 2)":null,"('0049-PE-2005', 3)":null,"('0049-PE-2005', 4)":null,"('0049-PE-2005', 5)":null},"Expediente Senado: ":{"('0049-PE-2005', 0)":"0059-CD-2005","('0049-PE-2005', 1)":null,"('0049-PE-2005', 2)":null,"('0049-PE-2005', 3)":null,"('0049-PE-2005', 4)":null,"('0049-PE-2005', 5)":null},"Publicado en: ":{"('0049-PE-2005', 0)":"Tr\u00e1mite Parlamentario N\u00b0 139","('0049-PE-2005', 1)":null,"('0049-PE-2005', 2)":null,"('0049-PE-2005', 3)":null,"('0049-PE-2005', 4)":null,"('0049-PE-2005', 5)":null},"Fecha: ":{"('0049-PE-2005', 0)":"27\/09\/2005","('0049-PE-2005', 1)":null,"('0049-PE-2005', 2)":null,"('0049-PE-2005', 3)":null,"('0049-PE-2005', 4)":null,"('0049-PE-2005', 5)":null},"T\u00edtulo":{"('0049-PE-2005', 0)":"PRORROGAR HASTA EL 31 DE DICIEMBRE DE 2009 LA VIGENCIA DE LAS LEYES DE IMPUESTO A LAS GANANCIAS (TO 1997 Y MODIFICATORIAS), SOBRE LOS BIENES PERSONALES, DE EMERGENCIA A LOS PREMIOS DE DETERMINADOS JUEGOS DE SORTEO Y CONCURSOS DEPORTIVOS, CONTRIBUCION  ESPECIAL SOBRE EL CAPITAL DE LAS COOPERATIVAS Y REGIMEN SIMPLIFICADO PARA PEQUE\u00d1OS CONTRIBUYENTES.","('0049-PE-2005', 1)":null,"('0049-PE-2005', 2)":null,"('0049-PE-2005', 3)":null,"('0049-PE-2005', 4)":null,"('0049-PE-2005', 5)":null},"('Firmantes', 'FIRMANTE')":{"('0049-PE-2005', 0)":"KIRCHNER, NESTOR CARLOS","('0049-PE-2005', 1)":"FERNANDEZ, ALBERTO","('0049-PE-2005', 2)":"LAVAGNA, ROBERTO","('0049-PE-2005', 3)":null,"('0049-PE-2005', 4)":null,"('0049-PE-2005', 5)":null},"('Firmantes', 'DISTRITO')":{"('0049-PE-2005', 0)":null,"('0049-PE-2005', 1)":null,"('0049-PE-2005', 2)":null,"('0049-PE-2005', 3)":null,"('0049-PE-2005', 4)":null,"('0049-PE-2005', 5)":null},"('Firmantes', 'BLOQUE')":{"('0049-PE-2005', 0)":"PODER EJECUTIVO","('0049-PE-2005', 1)":"PODER EJECUTIVO","('0049-PE-2005', 2)":"PODER EJECUTIVO","('0049-PE-2005', 3)":null,"('0049-PE-2005', 4)":null,"('0049-PE-2005', 5)":null},"('Giros', 'COMISI\u00d3N')":{"('0049-PE-2005', 0)":"PRESUPUESTO Y HACIENDA","('0049-PE-2005', 1)":null,"('0049-PE-2005', 2)":null,"('0049-PE-2005', 3)":null,"('0049-PE-2005', 4)":null,"('0049-PE-2005', 5)":null},"('Tramites', 'C\u00c1MARA')":{"('0049-PE-2005', 0)":"Diputados","('0049-PE-2005', 1)":"Diputados","('0049-PE-2005', 2)":"Diputados","('0049-PE-2005', 3)":"Senado","('0049-PE-2005', 4)":"Senado","('0049-PE-2005', 5)":"Senado"},"('Tramites', 'MOVIMIENTO')":{"('0049-PE-2005', 0)":"MOCION SOBRE TABLAS (AFIRMATIVA)","('0049-PE-2005', 1)":"CONSIDERACION Y APROBACION (VOTACION NOMINAL)","('0049-PE-2005', 2)":"INSERCIONES","('0049-PE-2005', 3)":"PASA A SENADO -","('0049-PE-2005', 4)":"MOCION SOBRE TABLAS CON DICTAMEN (AFIRMATIVA)","('0049-PE-2005', 5)":"CONSIDERACION Y SANCION"},"('Tramites', 'FECHA')":{"('0049-PE-2005', 0)":"14\/12\/2005","('0049-PE-2005', 1)":"14\/12\/2005","('0049-PE-2005', 2)":"14\/12\/2005","('0049-PE-2005', 3)":null,"('0049-PE-2005', 4)":"21\/12\/2005","('0049-PE-2005', 5)":"21\/12\/2005"},"('Tramites', 'RESULTADO')":{"('0049-PE-2005', 0)":null,"('0049-PE-2005', 1)":"MEDIA SANCION","('0049-PE-2005', 2)":null,"('0049-PE-2005', 3)":null,"('0049-PE-2005', 4)":null,"('0049-PE-2005', 5)":"SANCIONADO"},"Link":{"('0049-PE-2005', 0)":"http:\/\/www.senado.gov.ar\/web\/proyectos\/verExpe.php?origen=CD&nro_comision=&tipo=PL&numexp=59\/05&tConsulta=4","('0049-PE-2005', 1)":null,"('0049-PE-2005', 2)":null,"('0049-PE-2005', 3)":null,"('0049-PE-2005', 4)":null,"('0049-PE-2005', 5)":null},"Palabra Clave":{"('0049-PE-2005', 0)":" ","('0049-PE-2005', 1)":null,"('0049-PE-2005', 2)":null,"('0049-PE-2005', 3)":null,"('0049-PE-2005', 4)":null,"('0049-PE-2005', 5)":null}}