{"Tipo de Proyecto":{"('0050-D-2005', 0)":"PROYECTO DE DECLARACI\u00d3N","('0050-D-2005', 1)":null},"Iniciado en: ":{"('0050-D-2005', 0)":"Diputados","('0050-D-2005', 1)":null},"Expediente Diputados: ":{"('0050-D-2005', 0)":"0050-D-2005","('0050-D-2005', 1)":null},"Publicado en: ":{"('0050-D-2005', 0)":"Tr\u00e1mite Parlamentario N\u00b0 1","('0050-D-2005', 1)":null},"Fecha: ":{"('0050-D-2005', 0)":"01\/03\/2005","('0050-D-2005', 1)":null},"T\u00edtulo":{"('0050-D-2005', 0)":"PEDIDO DE INFORMES AL PODER EJECUTIVO SOBRE LA PARTIDA CON DEMORAS DEL VUELO 1647 DE AEROLINEAS ARGENTINAS, TRAMO: BAHIA BLANCA - BUENOS AIRES.","('0050-D-2005', 1)":null},"('Firmantes', 'FIRMANTE')":{"('0050-D-2005', 0)":"BONACORSI, JUAN CARLOS","('0050-D-2005', 1)":"MANSUR, NELIDA MABEL"},"('Firmantes', 'DISTRITO')":{"('0050-D-2005', 0)":"BUENOS AIRES","('0050-D-2005', 1)":"BUENOS AIRES"},"('Firmantes', 'BLOQUE')":{"('0050-D-2005', 0)":"UNIDAD FEDERALISTA","('0050-D-2005', 1)":"UNIDAD FEDERALISTA"},"('Giros', 'COMISI\u00d3N')":{"('0050-D-2005', 0)":"TRANSPORTES","('0050-D-2005', 1)":"DEFENSA DEL CONSUMIDOR"},"Palabra Clave":{"('0050-D-2005', 0)":" ","('0050-D-2005', 1)":null}}