{"Tipo de Proyecto":{"('0051-PE-2005', 0)":"MENSAJE NRO: 1218\/05 Y PROYECTO DE LEY","('0051-PE-2005', 1)":null,"('0051-PE-2005', 2)":null,"('0051-PE-2005', 3)":null,"('0051-PE-2005', 4)":null,"('0051-PE-2005', 5)":null,"('0051-PE-2005', 6)":null},"Iniciado en: ":{"('0051-PE-2005', 0)":"Diputados","('0051-PE-2005', 1)":null,"('0051-PE-2005', 2)":null,"('0051-PE-2005', 3)":null,"('0051-PE-2005', 4)":null,"('0051-PE-2005', 5)":null,"('0051-PE-2005', 6)":null},"Expediente Diputados: ":{"('0051-PE-2005', 0)":"0051-PE-2005","('0051-PE-2005', 1)":null,"('0051-PE-2005', 2)":null,"('0051-PE-2005', 3)":null,"('0051-PE-2005', 4)":null,"('0051-PE-2005', 5)":null,"('0051-PE-2005', 6)":null},"Expediente Senado: ":{"('0051-PE-2005', 0)":"0015-CD-2006","('0051-PE-2005', 1)":null,"('0051-PE-2005', 2)":null,"('0051-PE-2005', 3)":null,"('0051-PE-2005', 4)":null,"('0051-PE-2005', 5)":null,"('0051-PE-2005', 6)":null},"Publicado en: ":{"('0051-PE-2005', 0)":"Tr\u00e1mite Parlamentario N\u00b0 140","('0051-PE-2005', 1)":null,"('0051-PE-2005', 2)":null,"('0051-PE-2005', 3)":null,"('0051-PE-2005', 4)":null,"('0051-PE-2005', 5)":null,"('0051-PE-2005', 6)":null},"Fecha: ":{"('0051-PE-2005', 0)":"28\/09\/2005","('0051-PE-2005', 1)":null,"('0051-PE-2005', 2)":null,"('0051-PE-2005', 3)":null,"('0051-PE-2005', 4)":null,"('0051-PE-2005', 5)":null,"('0051-PE-2005', 6)":null},"T\u00edtulo":{"('0051-PE-2005', 0)":"CREACION DEL REGIMEN ESPECIAL DE CAPITALIZACION DE LAS PEQUE\u00d1AS Y MEDIANAS EMPRESAS.","('0051-PE-2005', 1)":null,"('0051-PE-2005', 2)":null,"('0051-PE-2005', 3)":null,"('0051-PE-2005', 4)":null,"('0051-PE-2005', 5)":null,"('0051-PE-2005', 6)":null},"('Firmantes', 'FIRMANTE')":{"('0051-PE-2005', 0)":"KIRCHNER, NESTOR CARLOS","('0051-PE-2005', 1)":"FERNANDEZ, ALBERTO","('0051-PE-2005', 2)":"LAVAGNA, ROBERTO","('0051-PE-2005', 3)":null,"('0051-PE-2005', 4)":null,"('0051-PE-2005', 5)":null,"('0051-PE-2005', 6)":null},"('Firmantes', 'DISTRITO')":{"('0051-PE-2005', 0)":null,"('0051-PE-2005', 1)":null,"('0051-PE-2005', 2)":null,"('0051-PE-2005', 3)":null,"('0051-PE-2005', 4)":null,"('0051-PE-2005', 5)":null,"('0051-PE-2005', 6)":null},"('Firmantes', 'BLOQUE')":{"('0051-PE-2005', 0)":"PODER EJECUTIVO","('0051-PE-2005', 1)":"PODER EJECUTIVO","('0051-PE-2005', 2)":"PODER EJECUTIVO","('0051-PE-2005', 3)":null,"('0051-PE-2005', 4)":null,"('0051-PE-2005', 5)":null,"('0051-PE-2005', 6)":null},"('Giros', 'COMISI\u00d3N')":{"('0051-PE-2005', 0)":"PEQUE\u00d1AS Y MEDIANAS EMPRESAS","('0051-PE-2005', 1)":"PRESUPUESTO Y HACIENDA","('0051-PE-2005', 2)":null,"('0051-PE-2005', 3)":null,"('0051-PE-2005', 4)":null,"('0051-PE-2005', 5)":null,"('0051-PE-2005', 6)":null},"('Tramites', 'C\u00c1MARA')":{"('0051-PE-2005', 0)":"Diputados","('0051-PE-2005', 1)":"Diputados","('0051-PE-2005', 2)":"Diputados","('0051-PE-2005', 3)":"Diputados","('0051-PE-2005', 4)":"Diputados","('0051-PE-2005', 5)":"Diputados","('0051-PE-2005', 6)":"Senado"},"('Tramites', 'MOVIMIENTO')":{"('0051-PE-2005', 0)":"CONSIDERACION","('0051-PE-2005', 1)":"INSERCION","('0051-PE-2005', 2)":"MOCION DE PREFERENCIA (AFIRMATIVA)","('0051-PE-2005', 3)":"MOCION DE PREFERENCIA PARA LA PROXIMA SESION CON DICTAMEN (AFIRMATIVA)","('0051-PE-2005', 4)":"CONSIDERACION Y APROBACION CON MODIFICACIONES (VOTACION NOMINAL)","('0051-PE-2005', 5)":"INSERCIONES","('0051-PE-2005', 6)":"PASA A SENADO -"},"('Tramites', 'FECHA')":{"('0051-PE-2005', 0)":"22\/12\/2005","('0051-PE-2005', 1)":"22\/12\/2005","('0051-PE-2005', 2)":"22\/02\/2006","('0051-PE-2005', 3)":"05\/04\/2006","('0051-PE-2005', 4)":"19\/04\/2006","('0051-PE-2005', 5)":"19\/04\/2006","('0051-PE-2005', 6)":null},"('Tramites', 'RESULTADO')":{"('0051-PE-2005', 0)":null,"('0051-PE-2005', 1)":null,"('0051-PE-2005', 2)":null,"('0051-PE-2005', 3)":null,"('0051-PE-2005', 4)":"MEDIA SANCION","('0051-PE-2005', 5)":null,"('0051-PE-2005', 6)":null},"Sumario":{"('0051-PE-2005', 0)":"EXENCION DEL IMPUESTO A LAS GANANCIAS PARA LAS PYMES QUE REINVIERTAN LAS UTILIDADES IMPOSITIVAS EN LA COMPRA, CONSTRUCCION, FABRICACION, ELABORACION O IMPORTACION DEFINITIVA DE BIENES DE CAPITAL; REQUISITOS PARA ACOGERSE AL REGIMEN; DURACION: DOS EJERCICIOS FISCALES;.","('0051-PE-2005', 1)":null,"('0051-PE-2005', 2)":null,"('0051-PE-2005', 3)":null,"('0051-PE-2005', 4)":null,"('0051-PE-2005', 5)":null,"('0051-PE-2005', 6)":null},"Palabra Clave":{"('0051-PE-2005', 0)":" ","('0051-PE-2005', 1)":null,"('0051-PE-2005', 2)":null,"('0051-PE-2005', 3)":null,"('0051-PE-2005', 4)":null,"('0051-PE-2005', 5)":null,"('0051-PE-2005', 6)":null}}