{"Tipo de Proyecto":{"('0052-D-2005', 0)":"PROYECTO DE RESOLUCI\u00d3N"},"Iniciado en: ":{"('0052-D-2005', 0)":"Diputados"},"Expediente Diputados: ":{"('0052-D-2005', 0)":"0052-D-2005"},"Publicado en: ":{"('0052-D-2005', 0)":"Tr\u00e1mite Parlamentario N\u00b0 1"},"Fecha: ":{"('0052-D-2005', 0)":"01\/03\/2005"},"T\u00edtulo":{"('0052-D-2005', 0)":"SOLICITAR AL PODER EJECUTIVO LA CREACION DE UNA DELEGACION DE LA SUPERINTENDENCIA DE SERVICIOS DE SALUD EN LA PROVINCIA DE SAN JUAN. "},"('Firmantes', 'FIRMANTE')":{"('0052-D-2005', 0)":"ELIZONDO, DANTE"},"('Firmantes', 'DISTRITO')":{"('0052-D-2005', 0)":"SAN JUAN"},"('Firmantes', 'BLOQUE')":{"('0052-D-2005', 0)":"JUSTICIALISTA"},"('Giros', 'COMISI\u00d3N')":{"('0052-D-2005', 0)":"ACCION SOCIAL Y SALUD PUBLICA"},"Palabra Clave":{"('0052-D-2005', 0)":" "}}