{"Tipo de Proyecto":{"('0053-D-2005', 0)":"PROYECTO DE DECLARACI\u00d3N","('0053-D-2005', 1)":null},"Iniciado en: ":{"('0053-D-2005', 0)":"Diputados","('0053-D-2005', 1)":null},"Expediente Diputados: ":{"('0053-D-2005', 0)":"0053-D-2005","('0053-D-2005', 1)":null},"Publicado en: ":{"('0053-D-2005', 0)":"Tr\u00e1mite Parlamentario N\u00b0 1","('0053-D-2005', 1)":null},"Fecha: ":{"('0053-D-2005', 0)":"01\/03\/2005","('0053-D-2005', 1)":null},"T\u00edtulo":{"('0053-D-2005', 0)":"EXPRESAR BENEPLACITO POR EL CRUCE DE LOS ANDES, TRAVESIA REALIZADA EL 12 DE FEBRERO DE 2005 CONMEMORANDO EL VIAJE DEL GENERAL SAN MARTIN PARA CUMPLIR CON LA INTEGRACION ARGENTINA - CHILENA.","('0053-D-2005', 1)":null},"('Firmantes', 'FIRMANTE')":{"('0053-D-2005', 0)":"ELIZONDO, DANTE","('0053-D-2005', 1)":null},"('Firmantes', 'DISTRITO')":{"('0053-D-2005', 0)":"SAN JUAN","('0053-D-2005', 1)":null},"('Firmantes', 'BLOQUE')":{"('0053-D-2005', 0)":"JUSTICIALISTA","('0053-D-2005', 1)":null},"('Giros', 'COMISI\u00d3N')":{"('0053-D-2005', 0)":"CULTURA","('0053-D-2005', 1)":"RELACIONES EXTERIORES Y CULTO"},"Palabra Clave":{"('0053-D-2005', 0)":" ","('0053-D-2005', 1)":null}}