{"Tipo de Proyecto":{"('0055-S-2005', 0)":"PROYECTO DE RESOLUCI\u00d3N","('0055-S-2005', 1)":null,"('0055-S-2005', 2)":null,"('0055-S-2005', 3)":null},"Iniciado en: ":{"('0055-S-2005', 0)":"Senado","('0055-S-2005', 1)":null,"('0055-S-2005', 2)":null,"('0055-S-2005', 3)":null},"Expediente Diputados: ":{"('0055-S-2005', 0)":"0055-S-2005","('0055-S-2005', 1)":null,"('0055-S-2005', 2)":null,"('0055-S-2005', 3)":null},"Expediente Senado: ":{"('0055-S-2005', 0)":"0746-OVD-2001","('0055-S-2005', 1)":null,"('0055-S-2005', 2)":null,"('0055-S-2005', 3)":null},"Fecha: ":{"('0055-S-2005', 0)":"10\/03\/2005","('0055-S-2005', 1)":null,"('0055-S-2005', 2)":null,"('0055-S-2005', 3)":null},"T\u00edtulo":{"('0055-S-2005', 0)":"PEDIDO DE INFORMES AL PODER EJECUTIVO SOBRE: JEFE DE GABINETE DE MINISTROS REMITE RESPUESTA EN RELACION A LA RESOLUCION APROBADA POR LA H CAMARA (0101-S-00) SOBRE MANIFESTAR LA URGENTE NECESIDAD DE QUE SE ADOPTEN LAS MEDIDAS NECESARIAS A LOS FINES DE ASEGURAR EL EFECTIVO CUMPLIMIENTO DE LAS TAREAS DE CONTROL QUE COMPETEN A LA COMISION NACIONAL DE REGULACION DEL TRANSPORTE, ORDENEN LAS INSTRUCCIONES SUMARIALES A FIN DE DETERMINAR Y EFECTIVIZAR LAS RESPONSABILIDADES PUESTAS DE MANIFIESTO POR LA AUDITORIA GENERAL DE LA NACION EN LAS TAREAS DE VERIFICACION QUE CONSTITUYEN EL OBJETIVO DE SU RESOLUCION 10\/99, SE ADOPTE LAS MEDIDAS CONDUCENTES A LOGRAR EL TOTAL CUMPLIMIENTO DE LA NORMATIVA QUE RIGE LA CONCESION DE LA EXPLOTACION DE LA RED FERROVIARIA QUE INTEGRA LA LINEA GENERAL URQUIZA EN EL TRAMO OBJETO DEL ESTUDIO RECEPTADO POR LA RESOLUCION 10\/99 (0749-OVD-01); JGM REMITE RESPUESTA EN RELACION A LA RESOLUCION APROBADA POR LA H CAMARA (0102-S-02) SOBRE LAS MEDIDAS ADOPTADAS PARA SOLUCIONAR LOS EFECTOS ADVERTIDOS POR EL CONTROL EXTERNO EN EL CUMPLIMIENTO DE LAS COMPETENCIAS DE CONTROL A CARGO DE LOS ORGANISMOS: COMISION NACIONAL DE REGULACION DEL TRANSPORTE (CNRT), ENTE NACIONAL REGULADOR NUCLEAR, DIRECCION NACIONAL DE TRANSPORTE AEROCOMERCIAL, ORGANO DE CONTROL DE LAS CONCESIONES VIALES (OCCOVI), COMITE FEDERAL DE RADIODIFUSION (COMFER) Y COMISION NACIONAL DE CORREOS Y TELEGRAFOS (1128-OVD-02); JGM REMITE RESPUESTA EN RELACION A LA RESOLUCION APROBADA POR LA H CAMARA (0113-S-02) SOBRE DISPONER LAS MEDIDAS CONDUCENTES A QUE LA CNRT ACTUALICE Y DETERMINE A LA BREVEDAD LA INFORMACION NECESARIA PARA QUE EL ORGANISMO DE CONTROL EXTERNO DE LA ADMINISTRACION NACIONAL PUEDA EMITIR DICTAMEN SOBRE LOS ESTADOS CONTABLES DEL ENTE REGULADOR (1130-OVD-02); JGM REMITE RESPUESTA EN RELACION A LA RESOLUCION APROBADA POR LA H CAMARA (0046-S-03) SOBRE INFORMACION ACTUALIZADA RESPECTO DE LAS MEDIDAS ADOPTADAS A LOS FINES DE ASEGURAR EL PLENO EJERCICIO DE SUS COMPETENCIAS POR LA CNRT Y EL RESULTADO PRODUCIDO POR LAS MISMAS (1017-OVD-03); INFORME REFERIDO A \"VERIFICAR LOS CONTROLES EJERCIDOS POR LA CNRT EN LA CONCESION DE LA ESTACION TERMINAL DE OMNIBUS DE RETIRO\" (0288-OV-04); DESCARGO REMITIDO POR LA AGN RESPECTO DE LA RESOLUCION 83\/04 REFERIDA A CONTROLES EJERCIDOS POR LA CNRT EN LA CONCESION DE LA TERMINAL DE OMNIBUS DE RETIRO (REF 0288-OV-04) (0289-OV-04); REMISION POR PARTE DE LA AGN DE COPIA AUTENTICADA DE LA RESOLUCION 84\/03 REFERIDA A \"MANTENIMIENTO, SEGURIDAD Y VERIFICACION DEL CUMPLIMIENTO DE LA LEY 22431 (SISTEMA  DE PROTECCION INTEGRAL A LAS PERSONAS DISCAPACITADAS) Y SU DECRETO REGLAMENTARIO 914\/97, RESPECTO DEL TRANSPORTE PUBLICO DE PASAJEROS POR FERROCARRIL, EN EL AMBITO DE LA CNRT Y LA EMPRESA TRANSPORTES METROPOLITANOS GENERAL ROCA SA (0290-OV-04); JGM REMITE RESPUESTA EN RELACION A LA RESOLUCION APROBADA POR LA H CAMARA (0101-S-00) SOBRE LAS MEDIDAS NECESARIAS A FIN DE ASEGURAR EL EFECTIVO CUMPLIMIENTO DE LAS TAREAS DE CONTROL QUE COMPETEN A LA CNRT, LA DETERMINACION Y EFECTIVIZACION DE LAS RESPONSABILIDADES CORRESPONDIENTES, ASIMISMO LOGRAR EL CUMPLIMIENTO DE LA NORMATIVA QUE RIGE LA CONCESION Y EXPLOTACION DE LA RED FERROVIARIA QUE INTEGRA LA LINEA GENERAL URQUIZA EN EL TRAMO OBJETO DEL ESTUDIO RECEPTADO POR RESOLUCION 10\/99 (0567-OVD-04); JGM REMITE RESPUESTA EN RELACION A LA RESOLUCION APROBADA POR LA H CAMARA (0101-S-00) SOBRE ADOPTAR LAS MEDIDAS NECESARIAS A LOS FINES DE ASEGURAR EL EFECTIVO CUMPLIMIENTO DE LAS TAREAS DE CONTROL QUE COMPETEN A LA CNRT (0768-OVD-04).","('0055-S-2005', 1)":null,"('0055-S-2005', 2)":null,"('0055-S-2005', 3)":null},"('Firmantes', 'FIRMANTE')":{"('0055-S-2005', 0)":"PARLAMENTARIA MIXTA REVISORA DE CUENTAS","('0055-S-2005', 1)":null,"('0055-S-2005', 2)":null,"('0055-S-2005', 3)":null},"('Firmantes', 'DISTRITO')":{"('0055-S-2005', 0)":null,"('0055-S-2005', 1)":null,"('0055-S-2005', 2)":null,"('0055-S-2005', 3)":null},"('Firmantes', 'BLOQUE')":{"('0055-S-2005', 0)":null,"('0055-S-2005', 1)":null,"('0055-S-2005', 2)":null,"('0055-S-2005', 3)":null},"('Giros', 'COMISI\u00d3N')":{"('0055-S-2005', 0)":"PARLAMENTARIA MIXTA REVISORA DE CUENTAS","('0055-S-2005', 1)":null,"('0055-S-2005', 2)":null,"('0055-S-2005', 3)":null},"('Tramites', 'C\u00c1MARA')":{"('0055-S-2005', 0)":"Senado","('0055-S-2005', 1)":"Diputados","('0055-S-2005', 2)":"Diputados","('0055-S-2005', 3)":"Diputados"},"('Tramites', 'MOVIMIENTO')":{"('0055-S-2005', 0)":"CONSIDERACION Y APROBACION","('0055-S-2005', 1)":"PASA A DIPUTADOS -","('0055-S-2005', 2)":"CONSIDERACION Y APROBACION","('0055-S-2005', 3)":"CONTESTACION DEL PODER EJECUTIVO NACIONAL - JEFE DE GABINETE DE MINISTROS - GIRADO A LA COMISION RESPECTIVA"},"('Tramites', 'FECHA')":{"('0055-S-2005', 0)":"04\/05\/2005","('0055-S-2005', 1)":null,"('0055-S-2005', 2)":"07\/07\/2005","('0055-S-2005', 3)":"14\/12\/2005"},"('Tramites', 'RESULTADO')":{"('0055-S-2005', 0)":"APROBADO","('0055-S-2005', 1)":null,"('0055-S-2005', 2)":"APROBADO","('0055-S-2005', 3)":null},"Link":{"('0055-S-2005', 0)":"http:\/\/www.senado.gov.ar\/parlamentario\/comisiones\/verExp\/746.01\/OVD\/PR","('0055-S-2005', 1)":null,"('0055-S-2005', 2)":null,"('0055-S-2005', 3)":null},"Palabra Clave":{"('0055-S-2005', 0)":" ","('0055-S-2005', 1)":null,"('0055-S-2005', 2)":null,"('0055-S-2005', 3)":null}}