{"Tipo de Proyecto":{"('0055-D-2005', 0)":"PROYECTO DE RESOLUCI\u00d3N"},"Iniciado en: ":{"('0055-D-2005', 0)":"Diputados"},"Expediente Diputados: ":{"('0055-D-2005', 0)":"0055-D-2005"},"Publicado en: ":{"('0055-D-2005', 0)":"Tr\u00e1mite Parlamentario N\u00b0 1"},"Fecha: ":{"('0055-D-2005', 0)":"01\/03\/2005"},"T\u00edtulo":{"('0055-D-2005', 0)":"DECLARAR DE INTERES DE LA H CAMARA DE DIPUTADOS LAS ACTIVIDADES Y ACTOS AL RECORDARSE LOS 50 A\u00d1OS DEL FALLECIMIENTO DEL POETA Y ESCRITOR SANJUANINO BUENAVENTURA LUNA."},"('Firmantes', 'FIRMANTE')":{"('0055-D-2005', 0)":"ELIZONDO, DANTE"},"('Firmantes', 'DISTRITO')":{"('0055-D-2005', 0)":"SAN JUAN"},"('Firmantes', 'BLOQUE')":{"('0055-D-2005', 0)":"JUSTICIALISTA"},"('Giros', 'COMISI\u00d3N')":{"('0055-D-2005', 0)":"CULTURA"},"('Tramites', 'C\u00c1MARA')":{"('0055-D-2005', 0)":"Diputados"},"('Tramites', 'MOVIMIENTO')":{"('0055-D-2005', 0)":"CONSIDERACION Y APROBACION"},"('Tramites', 'FECHA')":{"('0055-D-2005', 0)":"06\/04\/2005"},"('Tramites', 'RESULTADO')":{"('0055-D-2005', 0)":"APROBADO"},"Palabra Clave":{"('0055-D-2005', 0)":" "}}