{"Tipo de Proyecto":{"('0057-S-2005', 0)":"PROYECTO DE RESOLUCI\u00d3N","('0057-S-2005', 1)":null,"('0057-S-2005', 2)":null,"('0057-S-2005', 3)":null},"Iniciado en: ":{"('0057-S-2005', 0)":"Senado","('0057-S-2005', 1)":null,"('0057-S-2005', 2)":null,"('0057-S-2005', 3)":null},"Expediente Diputados: ":{"('0057-S-2005', 0)":"0057-S-2005","('0057-S-2005', 1)":null,"('0057-S-2005', 2)":null,"('0057-S-2005', 3)":null},"Expediente Senado: ":{"('0057-S-2005', 0)":"0439-OV-2003","('0057-S-2005', 1)":null,"('0057-S-2005', 2)":null,"('0057-S-2005', 3)":null},"Fecha: ":{"('0057-S-2005', 0)":"01\/04\/2005","('0057-S-2005', 1)":null,"('0057-S-2005', 2)":null,"('0057-S-2005', 3)":null},"T\u00edtulo":{"('0057-S-2005', 0)":"PEDIDO DE INFORMES AL PODER EJECUTIVO SOBRE RESOLUCIONES REMITIDAS POR LA AUDITORIA GENERAL DE LA NACION ACERCA DE LOS ESTADOS FINANCIEROS AL 31 DE DICIEMBRE DE 2002 (0439-OV-03) Y 31 DE DICIEMBRE DE 2003 (0357-OV-04) EN EL AMBITO DEL PROGRAMA DE VIGILANCIA DE LA SALUD Y CONTROL DE ENFERMEDADES - CONVENIO DE PRESTAMO 4516-AR BIRF.","('0057-S-2005', 1)":null,"('0057-S-2005', 2)":null,"('0057-S-2005', 3)":null},"('Firmantes', 'FIRMANTE')":{"('0057-S-2005', 0)":"PARLAMENTARIA MIXTA REVISORA DE CUENTAS","('0057-S-2005', 1)":null,"('0057-S-2005', 2)":null,"('0057-S-2005', 3)":null},"('Firmantes', 'DISTRITO')":{"('0057-S-2005', 0)":null,"('0057-S-2005', 1)":null,"('0057-S-2005', 2)":null,"('0057-S-2005', 3)":null},"('Firmantes', 'BLOQUE')":{"('0057-S-2005', 0)":null,"('0057-S-2005', 1)":null,"('0057-S-2005', 2)":null,"('0057-S-2005', 3)":null},"('Giros', 'COMISI\u00d3N')":{"('0057-S-2005', 0)":"PARLAMENTARIA MIXTA REVISORA DE CUENTAS","('0057-S-2005', 1)":null,"('0057-S-2005', 2)":null,"('0057-S-2005', 3)":null},"('Tramites', 'C\u00c1MARA')":{"('0057-S-2005', 0)":"Senado","('0057-S-2005', 1)":"Diputados","('0057-S-2005', 2)":"Diputados","('0057-S-2005', 3)":"Diputados"},"('Tramites', 'MOVIMIENTO')":{"('0057-S-2005', 0)":"CONSIDERACION Y APROBACION","('0057-S-2005', 1)":"PASA A DIPUTADOS -","('0057-S-2005', 2)":"CONSIDERACION Y APROBACION","('0057-S-2005', 3)":"CONTESTACION DEL PODER EJECUTIVO NACIONAL - JEFE DE GABINETE DE MINISTROS - GIRADO A LA COMISION RESPECTIVA"},"('Tramites', 'FECHA')":{"('0057-S-2005', 0)":"04\/05\/2005","('0057-S-2005', 1)":null,"('0057-S-2005', 2)":"07\/07\/2005","('0057-S-2005', 3)":"25\/10\/2006"},"('Tramites', 'RESULTADO')":{"('0057-S-2005', 0)":"APROBADO","('0057-S-2005', 1)":null,"('0057-S-2005', 2)":"APROBADO","('0057-S-2005', 3)":null},"Link":{"('0057-S-2005', 0)":"http:\/\/www.senado.gov.ar\/parlamentario\/comisiones\/verExp\/439.03\/OV\/PR","('0057-S-2005', 1)":null,"('0057-S-2005', 2)":null,"('0057-S-2005', 3)":null},"Palabra Clave":{"('0057-S-2005', 0)":" ","('0057-S-2005', 1)":null,"('0057-S-2005', 2)":null,"('0057-S-2005', 3)":null}}