{"Tipo de Proyecto":{"('0058-PE-2005', 0)":"MENSAJE NRO: 1296\/05","('0058-PE-2005', 1)":null,"('0058-PE-2005', 2)":null},"Iniciado en: ":{"('0058-PE-2005', 0)":"Diputados","('0058-PE-2005', 1)":null,"('0058-PE-2005', 2)":null},"Expediente Diputados: ":{"('0058-PE-2005', 0)":"0058-PE-2005","('0058-PE-2005', 1)":null,"('0058-PE-2005', 2)":null},"Publicado en: ":{"('0058-PE-2005', 0)":"Tr\u00e1mite Parlamentario N\u00b0 153","('0058-PE-2005', 1)":null,"('0058-PE-2005', 2)":null},"Fecha: ":{"('0058-PE-2005', 0)":"18\/10\/2005","('0058-PE-2005', 1)":null,"('0058-PE-2005', 2)":null},"T\u00edtulo":{"('0058-PE-2005', 0)":"COMUNICACION DEL DECRETO 1295\/05 POR EL CUAL SE ESTABLECE QUE A PARTIR DEL 1 DE OCTUBRE DE 2005, LA SUMA ESTABLECIDA POR EL DECRETO 2005\/04 PARA ADICIONAR A LOS SALARIOS DE LOS TRABAJADORES TENDRA CARACTER REMUNERATIVO Y ASCENDERA A UN TOTAL DE $ 120.","('0058-PE-2005', 1)":null,"('0058-PE-2005', 2)":null},"('Firmantes', 'FIRMANTE')":{"('0058-PE-2005', 0)":"KIRCHNER, NESTOR CARLOS","('0058-PE-2005', 1)":"FERNANDEZ, ALBERTO","('0058-PE-2005', 2)":"TOMADA, CARLOS"},"('Firmantes', 'DISTRITO')":{"('0058-PE-2005', 0)":null,"('0058-PE-2005', 1)":null,"('0058-PE-2005', 2)":null},"('Firmantes', 'BLOQUE')":{"('0058-PE-2005', 0)":"PODER EJECUTIVO","('0058-PE-2005', 1)":"PODER EJECUTIVO","('0058-PE-2005', 2)":"PODER EJECUTIVO"},"('Giros', 'COMISI\u00d3N')":{"('0058-PE-2005', 0)":"BICAMERAL DE SEGUIMIENTO DE FACULTADES DELEGADAS AL PODER EJECUTIVO NACIONAL - LEY 25561","('0058-PE-2005', 1)":null,"('0058-PE-2005', 2)":null},"('Tramites', 'C\u00c1MARA')":{"('0058-PE-2005', 0)":"Diputados","('0058-PE-2005', 1)":null,"('0058-PE-2005', 2)":null},"('Tramites', 'MOVIMIENTO')":{"('0058-PE-2005', 0)":"VER TRAMITE EN EXPEDIENTE 7225-D-06","('0058-PE-2005', 1)":null,"('0058-PE-2005', 2)":null},"('Tramites', 'FECHA')":{"('0058-PE-2005', 0)":null,"('0058-PE-2005', 1)":null,"('0058-PE-2005', 2)":null},"('Tramites', 'RESULTADO')":{"('0058-PE-2005', 0)":null,"('0058-PE-2005', 1)":null,"('0058-PE-2005', 2)":null},"Palabra Clave":{"('0058-PE-2005', 0)":" ","('0058-PE-2005', 1)":null,"('0058-PE-2005', 2)":null}}