{"Tipo de Proyecto":{"('0060-D-2005', 0)":"PROYECTO DE LEY","('0060-D-2005', 1)":null,"('0060-D-2005', 2)":null},"Iniciado en: ":{"('0060-D-2005', 0)":"Diputados","('0060-D-2005', 1)":null,"('0060-D-2005', 2)":null},"Expediente Diputados: ":{"('0060-D-2005', 0)":"0060-D-2005","('0060-D-2005', 1)":null,"('0060-D-2005', 2)":null},"Publicado en: ":{"('0060-D-2005', 0)":"Tr\u00e1mite Parlamentario N\u00b0 1","('0060-D-2005', 1)":null,"('0060-D-2005', 2)":null},"Fecha: ":{"('0060-D-2005', 0)":"01\/03\/2005","('0060-D-2005', 1)":null,"('0060-D-2005', 2)":null},"T\u00edtulo":{"('0060-D-2005', 0)":"REGIMEN DE BENEFICIOS PREVISIONALES PARA EL PERSONAL QUE DESEMPE\u00d1A TAREAS A BORDO DE AERONAVES  (REPRODUCCION DEL EXPEDIENTE 1472-D-03).","('0060-D-2005', 1)":null,"('0060-D-2005', 2)":null},"('Firmantes', 'FIRMANTE')":{"('0060-D-2005', 0)":"STOLBIZER, MARGARITA ROSA","('0060-D-2005', 1)":null,"('0060-D-2005', 2)":null},"('Firmantes', 'DISTRITO')":{"('0060-D-2005', 0)":"BUENOS AIRES","('0060-D-2005', 1)":null,"('0060-D-2005', 2)":null},"('Firmantes', 'BLOQUE')":{"('0060-D-2005', 0)":"UCR","('0060-D-2005', 1)":null,"('0060-D-2005', 2)":null},"('Giros', 'COMISI\u00d3N')":{"('0060-D-2005', 0)":"PREVISION Y SEGURIDAD SOCIAL","('0060-D-2005', 1)":"LEGISLACION DEL TRABAJO","('0060-D-2005', 2)":"PRESUPUESTO Y HACIENDA"},"Sumario":{"('0060-D-2005', 0)":"DERECHO A JUBILACION ORDINARIA CON 50 A\u00d1OS DE EDAD PARA EL PERSONAL COMPRENDIDO EN EL ARTICULO 3 DEL DECRETO 4257\/68, QUE REALIZAN TAREAS DE AERONAVEGACION; LA PRESENTE LEY SERA DE CARACTER TRANSITORIO HASTA TANTO SE SANCIONES LA LEGISLACION ESPECIAL DISPUESTA POR EL ARTICULO 157 DE LA LEY 24241 (SISTEMA INTEGRADO DE JUBILACIONES Y PENSIONES).","('0060-D-2005', 1)":null,"('0060-D-2005', 2)":null},"Palabra Clave":{"('0060-D-2005', 0)":" ","('0060-D-2005', 1)":null,"('0060-D-2005', 2)":null}}