{"Tipo de Proyecto":{"('0060-PE-2005', 0)":"MENSAJE NRO: 1318\/05","('0060-PE-2005', 1)":null,"('0060-PE-2005', 2)":null},"Iniciado en: ":{"('0060-PE-2005', 0)":"Diputados","('0060-PE-2005', 1)":null,"('0060-PE-2005', 2)":null},"Expediente Diputados: ":{"('0060-PE-2005', 0)":"0060-PE-2005","('0060-PE-2005', 1)":null,"('0060-PE-2005', 2)":null},"Publicado en: ":{"('0060-PE-2005', 0)":"Tr\u00e1mite Parlamentario N\u00b0 156","('0060-PE-2005', 1)":null,"('0060-PE-2005', 2)":null},"Fecha: ":{"('0060-PE-2005', 0)":"27\/10\/2005","('0060-PE-2005', 1)":null,"('0060-PE-2005', 2)":null},"T\u00edtulo":{"('0060-PE-2005', 0)":"COMUNICACION DEL DECRETO 1317\/05 POR EL CUAL SE INCREMENTA EL SALARIO DE LOS INVESTIGADORES SEGUN LOS MONTOS ESTABLECIDOS EN EL PROGRAMA DE JERARQUIZACION DE LA ACTIVIDAD CIENTIFICA Y TECNOLOGICA, ETAPAS I Y II, DECRETOS 755\/04 Y 1033\/05, RESPECTIVAMENTE.","('0060-PE-2005', 1)":null,"('0060-PE-2005', 2)":null},"('Firmantes', 'FIRMANTE')":{"('0060-PE-2005', 0)":"KIRCHNER, NESTOR CARLOS","('0060-PE-2005', 1)":"FERNANDEZ, ALBERTO","('0060-PE-2005', 2)":"FILMUS, DANIEL"},"('Firmantes', 'DISTRITO')":{"('0060-PE-2005', 0)":null,"('0060-PE-2005', 1)":null,"('0060-PE-2005', 2)":null},"('Firmantes', 'BLOQUE')":{"('0060-PE-2005', 0)":"PODER EJECUTIVO","('0060-PE-2005', 1)":"PODER EJECUTIVO","('0060-PE-2005', 2)":"PODER EJECUTIVO"},"('Giros', 'COMISI\u00d3N')":{"('0060-PE-2005', 0)":"CIENCIA Y TECNOLOGIA","('0060-PE-2005', 1)":"PRESUPUESTO Y HACIENDA","('0060-PE-2005', 2)":null},"('Tramites', 'C\u00c1MARA')":{"('0060-PE-2005', 0)":"Diputados","('0060-PE-2005', 1)":null,"('0060-PE-2005', 2)":null},"('Tramites', 'MOVIMIENTO')":{"('0060-PE-2005', 0)":"VER TRAMITE EN EXPEDIENTE 7225-D-06","('0060-PE-2005', 1)":null,"('0060-PE-2005', 2)":null},"('Tramites', 'FECHA')":{"('0060-PE-2005', 0)":null,"('0060-PE-2005', 1)":null,"('0060-PE-2005', 2)":null},"('Tramites', 'RESULTADO')":{"('0060-PE-2005', 0)":null,"('0060-PE-2005', 1)":null,"('0060-PE-2005', 2)":null},"Palabra Clave":{"('0060-PE-2005', 0)":" ","('0060-PE-2005', 1)":null,"('0060-PE-2005', 2)":null}}