{"Tipo de Proyecto":{"('0060-S-2005', 0)":"PROYECTO DE RESOLUCI\u00d3N","('0060-S-2005', 1)":null,"('0060-S-2005', 2)":null,"('0060-S-2005', 3)":null},"Iniciado en: ":{"('0060-S-2005', 0)":"Senado","('0060-S-2005', 1)":null,"('0060-S-2005', 2)":null,"('0060-S-2005', 3)":null},"Expediente Diputados: ":{"('0060-S-2005', 0)":"0060-S-2005","('0060-S-2005', 1)":null,"('0060-S-2005', 2)":null,"('0060-S-2005', 3)":null},"Expediente Senado: ":{"('0060-S-2005', 0)":"0658-OV-2004","('0060-S-2005', 1)":null,"('0060-S-2005', 2)":null,"('0060-S-2005', 3)":null},"Fecha: ":{"('0060-S-2005', 0)":"01\/04\/2005","('0060-S-2005', 1)":null,"('0060-S-2005', 2)":null,"('0060-S-2005', 3)":null},"T\u00edtulo":{"('0060-S-2005', 0)":"PEDIDO DE INFORMES AL PODER EJECUTIVO SOBRE RESOLUCION REMITIDA POR LA AUDITORIA GENERAL DE LA NACION ACERCA DE UNA AUDITORIA A LOS FINES DE VERIFICAR EL CUMPLIMIENTO DE LAS OBLIGACIONES CONTRACTUALES DE LA CONCESION DE OBRA PUBLICA POR PEAJE PARA LA CONSTRUCCION, MANTENIMIENTO Y EXPLOTACION DE LA CONEXION FISICA ROSARIO (SANTA FE) - VICTORIA (ENTRE RIOS), EN EL AMBITO DEL ORGANO DE CONTROL DE CONCESIONES VIALES (OCCOVI).","('0060-S-2005', 1)":null,"('0060-S-2005', 2)":null,"('0060-S-2005', 3)":null},"('Firmantes', 'FIRMANTE')":{"('0060-S-2005', 0)":"PARLAMENTARIA MIXTA REVISORA DE CUENTAS","('0060-S-2005', 1)":null,"('0060-S-2005', 2)":null,"('0060-S-2005', 3)":null},"('Firmantes', 'DISTRITO')":{"('0060-S-2005', 0)":null,"('0060-S-2005', 1)":null,"('0060-S-2005', 2)":null,"('0060-S-2005', 3)":null},"('Firmantes', 'BLOQUE')":{"('0060-S-2005', 0)":null,"('0060-S-2005', 1)":null,"('0060-S-2005', 2)":null,"('0060-S-2005', 3)":null},"('Tramites', 'C\u00c1MARA')":{"('0060-S-2005', 0)":"Senado","('0060-S-2005', 1)":"Diputados","('0060-S-2005', 2)":"Diputados","('0060-S-2005', 3)":"Diputados"},"('Tramites', 'MOVIMIENTO')":{"('0060-S-2005', 0)":"CONSIDERACION Y APROBACION","('0060-S-2005', 1)":"PASA A DIPUTADOS -","('0060-S-2005', 2)":"CONSIDERACION Y APROBACION","('0060-S-2005', 3)":"CONTESTACION DEL PODER EJECUTIVO NACIONAL - JEFE DE GABINETE DE MINISTROS - GIRADO A LA COMISION RESPECTIVA"},"('Tramites', 'FECHA')":{"('0060-S-2005', 0)":"04\/05\/2005","('0060-S-2005', 1)":null,"('0060-S-2005', 2)":"07\/07\/2005","('0060-S-2005', 3)":"20\/12\/2006"},"('Tramites', 'RESULTADO')":{"('0060-S-2005', 0)":"APROBADO","('0060-S-2005', 1)":null,"('0060-S-2005', 2)":"APROBADO","('0060-S-2005', 3)":null},"Link":{"('0060-S-2005', 0)":"http:\/\/www.senado.gov.ar\/parlamentario\/comisiones\/verExp\/658.04\/OV\/PR","('0060-S-2005', 1)":null,"('0060-S-2005', 2)":null,"('0060-S-2005', 3)":null},"Palabra Clave":{"('0060-S-2005', 0)":" ","('0060-S-2005', 1)":null,"('0060-S-2005', 2)":null,"('0060-S-2005', 3)":null}}