{"Tipo de Proyecto":{"('0061-S-2005', 0)":"PROYECTO DE RESOLUCI\u00d3N","('0061-S-2005', 1)":null,"('0061-S-2005', 2)":null},"Iniciado en: ":{"('0061-S-2005', 0)":"Senado","('0061-S-2005', 1)":null,"('0061-S-2005', 2)":null},"Expediente Diputados: ":{"('0061-S-2005', 0)":"0061-S-2005","('0061-S-2005', 1)":null,"('0061-S-2005', 2)":null},"Expediente Senado: ":{"('0061-S-2005', 0)":"0471-OV-2003","('0061-S-2005', 1)":null,"('0061-S-2005', 2)":null},"Fecha: ":{"('0061-S-2005', 0)":"04\/04\/2005","('0061-S-2005', 1)":null,"('0061-S-2005', 2)":null},"T\u00edtulo":{"('0061-S-2005', 0)":"PEDIDO DE INFORMES AL PODER EJECUTIVO SOBRE RESOLUCIONES REMITIDAS POR LA AUDITORIA GENERAL DE LA NACION ACERCA DE LOS ESTADOS CONTABLES AL 31 DE DICIEMBRE DE 2002 (0471-OV-03) Y 31 DE DICIEMBRE DE 2003 (0173-OV-04) DEL SUBPROGRAMA DE CAPACITACION Y ORIENTACION LABORAL, DEL PROGRAMA DE APOYO A LA PRODUCTIVIDAD Y  EMPLEABILIDAD DE JOVENES - CONTRATO DE PRESTAMO 1031\/OC-AR BID.","('0061-S-2005', 1)":null,"('0061-S-2005', 2)":null},"('Firmantes', 'FIRMANTE')":{"('0061-S-2005', 0)":"PARLAMENTARIA MIXTA REVISORA DE CUENTAS","('0061-S-2005', 1)":null,"('0061-S-2005', 2)":null},"('Firmantes', 'DISTRITO')":{"('0061-S-2005', 0)":null,"('0061-S-2005', 1)":null,"('0061-S-2005', 2)":null},"('Firmantes', 'BLOQUE')":{"('0061-S-2005', 0)":null,"('0061-S-2005', 1)":null,"('0061-S-2005', 2)":null},"('Giros', 'COMISI\u00d3N')":{"('0061-S-2005', 0)":"PARLAMENTARIA MIXTA REVISORA DE CUENTAS","('0061-S-2005', 1)":null,"('0061-S-2005', 2)":null},"('Tramites', 'C\u00c1MARA')":{"('0061-S-2005', 0)":"Senado","('0061-S-2005', 1)":"Diputados","('0061-S-2005', 2)":"Diputados"},"('Tramites', 'MOVIMIENTO')":{"('0061-S-2005', 0)":"CONSIDERACION Y APROBACION","('0061-S-2005', 1)":"PASA A DIPUTADOS -","('0061-S-2005', 2)":"CONSIDERACION Y APROBACION"},"('Tramites', 'FECHA')":{"('0061-S-2005', 0)":"04\/05\/2005","('0061-S-2005', 1)":null,"('0061-S-2005', 2)":"07\/07\/2005"},"('Tramites', 'RESULTADO')":{"('0061-S-2005', 0)":"APROBADO","('0061-S-2005', 1)":null,"('0061-S-2005', 2)":"APROBADO"},"Link":{"('0061-S-2005', 0)":"http:\/\/www.senado.gov.ar\/parlamentario\/comisiones\/verExp\/471.03\/OV\/PR","('0061-S-2005', 1)":null,"('0061-S-2005', 2)":null},"Palabra Clave":{"('0061-S-2005', 0)":" ","('0061-S-2005', 1)":null,"('0061-S-2005', 2)":null}}