{"Tipo de Proyecto":{"('0061-PE-2005', 0)":"MENSAJE NRO: 1321\/05 Y PROYECTO DE LEY","('0061-PE-2005', 1)":null,"('0061-PE-2005', 2)":null,"('0061-PE-2005', 3)":null,"('0061-PE-2005', 4)":null},"Iniciado en: ":{"('0061-PE-2005', 0)":"Diputados","('0061-PE-2005', 1)":null,"('0061-PE-2005', 2)":null,"('0061-PE-2005', 3)":null,"('0061-PE-2005', 4)":null},"Expediente Diputados: ":{"('0061-PE-2005', 0)":"0061-PE-2005","('0061-PE-2005', 1)":null,"('0061-PE-2005', 2)":null,"('0061-PE-2005', 3)":null,"('0061-PE-2005', 4)":null},"Expediente Senado: ":{"('0061-PE-2005', 0)":"0061-CD-2005","('0061-PE-2005', 1)":null,"('0061-PE-2005', 2)":null,"('0061-PE-2005', 3)":null,"('0061-PE-2005', 4)":null},"Publicado en: ":{"('0061-PE-2005', 0)":"Tr\u00e1mite Parlamentario N\u00b0 156","('0061-PE-2005', 1)":null,"('0061-PE-2005', 2)":null,"('0061-PE-2005', 3)":null,"('0061-PE-2005', 4)":null},"Fecha: ":{"('0061-PE-2005', 0)":"27\/10\/2005","('0061-PE-2005', 1)":null,"('0061-PE-2005', 2)":null,"('0061-PE-2005', 3)":null,"('0061-PE-2005', 4)":null},"T\u00edtulo":{"('0061-PE-2005', 0)":"AUTORIZACION AL SE\u00d1OR PRESIDENTE DE LA NACION PARA AUSENTARSE DEL PAIS DURANTE EL A\u00d1O 2006.","('0061-PE-2005', 1)":null,"('0061-PE-2005', 2)":null,"('0061-PE-2005', 3)":null,"('0061-PE-2005', 4)":null},"('Firmantes', 'FIRMANTE')":{"('0061-PE-2005', 0)":"KIRCHNER, NESTOR CARLOS","('0061-PE-2005', 1)":"FERNANDEZ, ALBERTO","('0061-PE-2005', 2)":"FERNANDEZ, ANIBAL","('0061-PE-2005', 3)":null,"('0061-PE-2005', 4)":null},"('Firmantes', 'DISTRITO')":{"('0061-PE-2005', 0)":null,"('0061-PE-2005', 1)":null,"('0061-PE-2005', 2)":null,"('0061-PE-2005', 3)":null,"('0061-PE-2005', 4)":null},"('Firmantes', 'BLOQUE')":{"('0061-PE-2005', 0)":"PODER EJECUTIVO","('0061-PE-2005', 1)":"PODER EJECUTIVO","('0061-PE-2005', 2)":"PODER EJECUTIVO","('0061-PE-2005', 3)":null,"('0061-PE-2005', 4)":null},"('Giros', 'COMISI\u00d3N')":{"('0061-PE-2005', 0)":"ASUNTOS CONSTITUCIONALES","('0061-PE-2005', 1)":null,"('0061-PE-2005', 2)":null,"('0061-PE-2005', 3)":null,"('0061-PE-2005', 4)":null},"('Tramites', 'C\u00c1MARA')":{"('0061-PE-2005', 0)":"Diputados","('0061-PE-2005', 1)":"Diputados","('0061-PE-2005', 2)":"Senado","('0061-PE-2005', 3)":"Senado","('0061-PE-2005', 4)":"Senado"},"('Tramites', 'MOVIMIENTO')":{"('0061-PE-2005', 0)":"MOCION SOBRE TABLAS (AFIRMATIVA)","('0061-PE-2005', 1)":"CONSIDERACION Y APROBACION","('0061-PE-2005', 2)":"PASA A SENADO -","('0061-PE-2005', 3)":"MOCION SOBRE TABLAS (AFIRMATIVA)","('0061-PE-2005', 4)":"CONSIDERACION Y SANCION"},"('Tramites', 'FECHA')":{"('0061-PE-2005', 0)":"14\/12\/2005","('0061-PE-2005', 1)":"14\/12\/2005","('0061-PE-2005', 2)":null,"('0061-PE-2005', 3)":"21\/12\/2005","('0061-PE-2005', 4)":"21\/12\/2005"},"('Tramites', 'RESULTADO')":{"('0061-PE-2005', 0)":null,"('0061-PE-2005', 1)":"MEDIA SANCION","('0061-PE-2005', 2)":null,"('0061-PE-2005', 3)":null,"('0061-PE-2005', 4)":"SANCIONADO"},"Link":{"('0061-PE-2005', 0)":"http:\/\/www.senado.gov.ar\/web\/proyectos\/verExpe.php?origen=CD&nro_comision=&tipo=PL&numexp=61\/05&tConsulta=4","('0061-PE-2005', 1)":null,"('0061-PE-2005', 2)":null,"('0061-PE-2005', 3)":null,"('0061-PE-2005', 4)":null},"Palabra Clave":{"('0061-PE-2005', 0)":" ","('0061-PE-2005', 1)":null,"('0061-PE-2005', 2)":null,"('0061-PE-2005', 3)":null,"('0061-PE-2005', 4)":null}}