{"Tipo de Proyecto":{"('0062-D-2005', 0)":"PROYECTO DE LEY","('0062-D-2005', 1)":null,"('0062-D-2005', 2)":null},"Iniciado en: ":{"('0062-D-2005', 0)":"Diputados","('0062-D-2005', 1)":null,"('0062-D-2005', 2)":null},"Expediente Diputados: ":{"('0062-D-2005', 0)":"0062-D-2005","('0062-D-2005', 1)":null,"('0062-D-2005', 2)":null},"Publicado en: ":{"('0062-D-2005', 0)":"Tr\u00e1mite Parlamentario N\u00b0 1","('0062-D-2005', 1)":null,"('0062-D-2005', 2)":null},"Fecha: ":{"('0062-D-2005', 0)":"01\/03\/2005","('0062-D-2005', 1)":null,"('0062-D-2005', 2)":null},"T\u00edtulo":{"('0062-D-2005', 0)":"DECRETOS 78\/94 Y 438\/00, Y LEYES 22731 Y 24018, DE REGIMENES PREVISIONALES (REPRODUCCION DEL EXPEDIENTE 1475-D-03).","('0062-D-2005', 1)":null,"('0062-D-2005', 2)":null},"('Firmantes', 'FIRMANTE')":{"('0062-D-2005', 0)":"STOLBIZER, MARGARITA ROSA","('0062-D-2005', 1)":null,"('0062-D-2005', 2)":null},"('Firmantes', 'DISTRITO')":{"('0062-D-2005', 0)":"BUENOS AIRES","('0062-D-2005', 1)":null,"('0062-D-2005', 2)":null},"('Firmantes', 'BLOQUE')":{"('0062-D-2005', 0)":"UCR","('0062-D-2005', 1)":null,"('0062-D-2005', 2)":null},"('Giros', 'COMISI\u00d3N')":{"('0062-D-2005', 0)":"PREVISION Y SEGURIDAD SOCIAL","('0062-D-2005', 1)":"PRESUPUESTO Y HACIENDA","('0062-D-2005', 2)":"ASUNTOS CONSTITUCIONALES"},"Sumario":{"('0062-D-2005', 0)":"DEROGACION DE LOS MISMOS; RESTABLECIMIENTO DE LA VIGENCIA DEL ARTICULO 2 INCISO A), APARTADO 1) DE LA LEY 24241 (SISTEMA INTEGRADO DE JUBILACIONES Y PENSIONES); INCORPORACION AL REGIMEN DE LA LEY 24241 DE LOS BENEFICIARIOS ACTUALES DE LOS REGIMENES DEROGADOS; TOPE MAXIMO DE BENEFICIOS; INCOMPATIBILIDAD DE LA PERCEPCION DE REMUNERACIONES CON EL COBRO DE HABERES CORRESPONDIENTES A CUALQUIER TIPO DE BENEFICIO PREVISIONAL O RETIRO ANTICIPADO, CUALQUIERA FUERE LA LEY POR LA QUE FUERON OTORGADOS; EXCEPCIONES: REMUNERACIONES CORRESPONDIENTES A CARGOS DOCENTES O DE INVESTIGACION EN UNIVERSIDADES NACIONALES, PROVINCIALES O PRIVADAS AUTORIZADAS POR EL PODER EJECUTIVO NACIONAL; DENUNCIA DE SITUACION; RESTITUCION DE SUMAS INDEBIDAMENTE PERCIBIDAS; SANCIONES; INVITACION A LAS PROVINCIAS A ADHERIR.","('0062-D-2005', 1)":null,"('0062-D-2005', 2)":null},"Palabra Clave":{"('0062-D-2005', 0)":" ","('0062-D-2005', 1)":null,"('0062-D-2005', 2)":null}}