{"Tipo de Proyecto":{"('0062-S-2005', 0)":"PROYECTO DE RESOLUCI\u00d3N","('0062-S-2005', 1)":null,"('0062-S-2005', 2)":null},"Iniciado en: ":{"('0062-S-2005', 0)":"Senado","('0062-S-2005', 1)":null,"('0062-S-2005', 2)":null},"Expediente Diputados: ":{"('0062-S-2005', 0)":"0062-S-2005","('0062-S-2005', 1)":null,"('0062-S-2005', 2)":null},"Expediente Senado: ":{"('0062-S-2005', 0)":"0516-OV-2003","('0062-S-2005', 1)":null,"('0062-S-2005', 2)":null},"Fecha: ":{"('0062-S-2005', 0)":"04\/04\/2005","('0062-S-2005', 1)":null,"('0062-S-2005', 2)":null},"T\u00edtulo":{"('0062-S-2005', 0)":"PEDIDO DE INFORMES AL PODER EJECUTIVO SOBRE RESOLUCION REMITIDA POR LA AUDITORIA GENERAL DE LA NACION ACERCA DEL PROCESO DE CONSOLIDACION APLICADO A LA DEUDA RECONOCIDA A LA EMPRESA YPF SA, POR EL MINISTERIO DE ECONOMIA.","('0062-S-2005', 1)":null,"('0062-S-2005', 2)":null},"('Firmantes', 'FIRMANTE')":{"('0062-S-2005', 0)":"PARLAMENTARIA MIXTA REVISORA DE CUENTAS","('0062-S-2005', 1)":null,"('0062-S-2005', 2)":null},"('Firmantes', 'DISTRITO')":{"('0062-S-2005', 0)":null,"('0062-S-2005', 1)":null,"('0062-S-2005', 2)":null},"('Firmantes', 'BLOQUE')":{"('0062-S-2005', 0)":null,"('0062-S-2005', 1)":null,"('0062-S-2005', 2)":null},"('Giros', 'COMISI\u00d3N')":{"('0062-S-2005', 0)":"PARLAMENTARIA MIXTA REVISORA DE CUENTAS","('0062-S-2005', 1)":null,"('0062-S-2005', 2)":null},"('Tramites', 'C\u00c1MARA')":{"('0062-S-2005', 0)":"Senado","('0062-S-2005', 1)":"Diputados","('0062-S-2005', 2)":"Diputados"},"('Tramites', 'MOVIMIENTO')":{"('0062-S-2005', 0)":"CONSIDERACION Y APROBACION","('0062-S-2005', 1)":"PASA A DIPUTADOS -","('0062-S-2005', 2)":"CONSIDERACION Y APROBACION"},"('Tramites', 'FECHA')":{"('0062-S-2005', 0)":"04\/05\/2005","('0062-S-2005', 1)":null,"('0062-S-2005', 2)":"07\/07\/2005"},"('Tramites', 'RESULTADO')":{"('0062-S-2005', 0)":"APROBADO","('0062-S-2005', 1)":null,"('0062-S-2005', 2)":"APROBADO"},"Link":{"('0062-S-2005', 0)":"http:\/\/www.senado.gov.ar\/parlamentario\/comisiones\/verExp\/516.03\/OV\/PR","('0062-S-2005', 1)":null,"('0062-S-2005', 2)":null},"Palabra Clave":{"('0062-S-2005', 0)":" ","('0062-S-2005', 1)":null,"('0062-S-2005', 2)":null}}