{"Tipo de Proyecto":{"('0062-PE-2005', 0)":"MENSAJE NRO: 1323\/05","('0062-PE-2005', 1)":null,"('0062-PE-2005', 2)":null},"Iniciado en: ":{"('0062-PE-2005', 0)":"Diputados","('0062-PE-2005', 1)":null,"('0062-PE-2005', 2)":null},"Expediente Diputados: ":{"('0062-PE-2005', 0)":"0062-PE-2005","('0062-PE-2005', 1)":null,"('0062-PE-2005', 2)":null},"Publicado en: ":{"('0062-PE-2005', 0)":"Tr\u00e1mite Parlamentario N\u00b0 156","('0062-PE-2005', 1)":null,"('0062-PE-2005', 2)":null},"Fecha: ":{"('0062-PE-2005', 0)":"27\/10\/2005","('0062-PE-2005', 1)":null,"('0062-PE-2005', 2)":null},"T\u00edtulo":{"('0062-PE-2005', 0)":"COMUNICACION DEL DECRETO 1322\/05 POR EL CUAL SE EXCEPTUA A LA ADMINISTRACION FEDERAL DE INGRESOS PUBLICOS DE LA APLICACION DE LOS DECRETOS 491\/02, 601\/02 Y 577\/03, AUTORIZANDOLA A REALIZAR TODOS LOS ACTOS NECESARIOS PARA OPERAR CON SUFICIENTE FLEXIBILIDAD Y EJECUTIVIDAD.","('0062-PE-2005', 1)":null,"('0062-PE-2005', 2)":null},"('Firmantes', 'FIRMANTE')":{"('0062-PE-2005', 0)":"KIRCHNER, NESTOR CARLOS","('0062-PE-2005', 1)":"FERNANDEZ, ALBERTO","('0062-PE-2005', 2)":"FERNANDEZ, ANIBAL"},"('Firmantes', 'DISTRITO')":{"('0062-PE-2005', 0)":null,"('0062-PE-2005', 1)":null,"('0062-PE-2005', 2)":null},"('Firmantes', 'BLOQUE')":{"('0062-PE-2005', 0)":"PODER EJECUTIVO","('0062-PE-2005', 1)":"PODER EJECUTIVO","('0062-PE-2005', 2)":"PODER EJECUTIVO"},"('Giros', 'COMISI\u00d3N')":{"('0062-PE-2005', 0)":"PRESUPUESTO Y HACIENDA","('0062-PE-2005', 1)":null,"('0062-PE-2005', 2)":null},"('Tramites', 'C\u00c1MARA')":{"('0062-PE-2005', 0)":"Diputados","('0062-PE-2005', 1)":null,"('0062-PE-2005', 2)":null},"('Tramites', 'MOVIMIENTO')":{"('0062-PE-2005', 0)":"VER TRAMITE EN EXPEDIENTE 7310-D-06","('0062-PE-2005', 1)":null,"('0062-PE-2005', 2)":null},"('Tramites', 'FECHA')":{"('0062-PE-2005', 0)":null,"('0062-PE-2005', 1)":null,"('0062-PE-2005', 2)":null},"('Tramites', 'RESULTADO')":{"('0062-PE-2005', 0)":null,"('0062-PE-2005', 1)":null,"('0062-PE-2005', 2)":null},"Palabra Clave":{"('0062-PE-2005', 0)":" ","('0062-PE-2005', 1)":null,"('0062-PE-2005', 2)":null}}