{"Tipo de Proyecto":{"('0063-PE-2005', 0)":"MENSAJE NRO: 1384\/05","('0063-PE-2005', 1)":null,"('0063-PE-2005', 2)":null},"Iniciado en: ":{"('0063-PE-2005', 0)":"Diputados","('0063-PE-2005', 1)":null,"('0063-PE-2005', 2)":null},"Expediente Diputados: ":{"('0063-PE-2005', 0)":"0063-PE-2005","('0063-PE-2005', 1)":null,"('0063-PE-2005', 2)":null},"Publicado en: ":{"('0063-PE-2005', 0)":"Tr\u00e1mite Parlamentario N\u00b0 164","('0063-PE-2005', 1)":null,"('0063-PE-2005', 2)":null},"Fecha: ":{"('0063-PE-2005', 0)":"08\/11\/2005","('0063-PE-2005', 1)":null,"('0063-PE-2005', 2)":null},"T\u00edtulo":{"('0063-PE-2005', 0)":"COMUNICACION DEL DECRETO 1376\/05 POR EL CUAL SE APRUEBA EL AUMENTO DEL APORTE DE LA REPUBLICA ARGENTINA A LA CORPORACION INTERAMERICANA DE INVERSIONES -CII-. ","('0063-PE-2005', 1)":null,"('0063-PE-2005', 2)":null},"('Firmantes', 'FIRMANTE')":{"('0063-PE-2005', 0)":"KIRCHNER, NESTOR CARLOS","('0063-PE-2005', 1)":"FERNANDEZ, ALBERTO","('0063-PE-2005', 2)":"LAVAGNA, ROBERTO"},"('Firmantes', 'DISTRITO')":{"('0063-PE-2005', 0)":null,"('0063-PE-2005', 1)":null,"('0063-PE-2005', 2)":null},"('Firmantes', 'BLOQUE')":{"('0063-PE-2005', 0)":"PODER EJECUTIVO","('0063-PE-2005', 1)":"PODER EJECUTIVO","('0063-PE-2005', 2)":"PODER EJECUTIVO"},"('Giros', 'COMISI\u00d3N')":{"('0063-PE-2005', 0)":"RELACIONES EXTERIORES Y CULTO","('0063-PE-2005', 1)":"PRESUPUESTO Y HACIENDA","('0063-PE-2005', 2)":null},"('Tramites', 'C\u00c1MARA')":{"('0063-PE-2005', 0)":"Diputados","('0063-PE-2005', 1)":null,"('0063-PE-2005', 2)":null},"('Tramites', 'MOVIMIENTO')":{"('0063-PE-2005', 0)":"VER TRAMITE EN EXPEDIENTE 0248-D-07","('0063-PE-2005', 1)":null,"('0063-PE-2005', 2)":null},"('Tramites', 'FECHA')":{"('0063-PE-2005', 0)":null,"('0063-PE-2005', 1)":null,"('0063-PE-2005', 2)":null},"('Tramites', 'RESULTADO')":{"('0063-PE-2005', 0)":null,"('0063-PE-2005', 1)":null,"('0063-PE-2005', 2)":null},"Palabra Clave":{"('0063-PE-2005', 0)":" ","('0063-PE-2005', 1)":null,"('0063-PE-2005', 2)":null}}