{"Tipo de Proyecto":{"('0063-D-2005', 0)":"PROYECTO DE LEY","('0063-D-2005', 1)":null,"('0063-D-2005', 2)":null},"Iniciado en: ":{"('0063-D-2005', 0)":"Diputados","('0063-D-2005', 1)":null,"('0063-D-2005', 2)":null},"Expediente Diputados: ":{"('0063-D-2005', 0)":"0063-D-2005","('0063-D-2005', 1)":null,"('0063-D-2005', 2)":null},"Publicado en: ":{"('0063-D-2005', 0)":"Tr\u00e1mite Parlamentario N\u00b0 1","('0063-D-2005', 1)":null,"('0063-D-2005', 2)":null},"Fecha: ":{"('0063-D-2005', 0)":"01\/03\/2005","('0063-D-2005', 1)":null,"('0063-D-2005', 2)":null},"T\u00edtulo":{"('0063-D-2005', 0)":"RECONOCIMIENTO DEL DERECHO HUMANO DE LA MUJER A LA INTERRUPCION DE SU EMBARAZO EN LOS CASOS PERMITIDOS POR EL ARTICULO 86, SEGUNDO PARRAFO, DEL CODIGO PENAL (REPRODUCCION DEL EXPEDIENTE 1479-D-03).","('0063-D-2005', 1)":null,"('0063-D-2005', 2)":null},"('Firmantes', 'FIRMANTE')":{"('0063-D-2005', 0)":"STOLBIZER, MARGARITA ROSA","('0063-D-2005', 1)":null,"('0063-D-2005', 2)":null},"('Firmantes', 'DISTRITO')":{"('0063-D-2005', 0)":"BUENOS AIRES","('0063-D-2005', 1)":null,"('0063-D-2005', 2)":null},"('Firmantes', 'BLOQUE')":{"('0063-D-2005', 0)":"UCR","('0063-D-2005', 1)":null,"('0063-D-2005', 2)":null},"('Giros', 'COMISI\u00d3N')":{"('0063-D-2005', 0)":"LEGISLACION PENAL","('0063-D-2005', 1)":"FAMILIA, MUJER, NI\u00d1EZ Y ADOLESCENCIA","('0063-D-2005', 2)":"ACCION SOCIAL Y SALUD PUBLICA"},"Sumario":{"('0063-D-2005', 0)":"EL ESTADO NACIONAL GARANTIZA DICHO DERECHO A TRAVES DEL SISTEMA DE SALUD PUBLICA.","('0063-D-2005', 1)":null,"('0063-D-2005', 2)":null},"Palabra Clave":{"('0063-D-2005', 0)":" ","('0063-D-2005', 1)":null,"('0063-D-2005', 2)":null}}