{"Tipo de Proyecto":{"('0064-S-2005', 0)":"PROYECTO DE RESOLUCI\u00d3N","('0064-S-2005', 1)":null,"('0064-S-2005', 2)":null},"Iniciado en: ":{"('0064-S-2005', 0)":"Senado","('0064-S-2005', 1)":null,"('0064-S-2005', 2)":null},"Expediente Diputados: ":{"('0064-S-2005', 0)":"0064-S-2005","('0064-S-2005', 1)":null,"('0064-S-2005', 2)":null},"Expediente Senado: ":{"('0064-S-2005', 0)":"0627-OV-2003","('0064-S-2005', 1)":null,"('0064-S-2005', 2)":null},"Fecha: ":{"('0064-S-2005', 0)":"04\/04\/2005","('0064-S-2005', 1)":null,"('0064-S-2005', 2)":null},"T\u00edtulo":{"('0064-S-2005', 0)":"PEDIDO DE INFORMES AL PODER EJECUTIVO SOBRE RESOLUCION REMITIDA POR LA AUDITORIA GENERAL DE LA NACION ACERCA DE LOS ESTADOS FINANCIEROS AL 31 DE DICIEMBRE DE 2002, DEL PROYECTO FORESTAL DE DESARROLLO - CONVENIO DE PRESTAMO 3948-AR BIRF.","('0064-S-2005', 1)":null,"('0064-S-2005', 2)":null},"('Firmantes', 'FIRMANTE')":{"('0064-S-2005', 0)":"PARLAMENTARIA MIXTA REVISORA DE CUENTAS","('0064-S-2005', 1)":null,"('0064-S-2005', 2)":null},"('Firmantes', 'DISTRITO')":{"('0064-S-2005', 0)":null,"('0064-S-2005', 1)":null,"('0064-S-2005', 2)":null},"('Firmantes', 'BLOQUE')":{"('0064-S-2005', 0)":null,"('0064-S-2005', 1)":null,"('0064-S-2005', 2)":null},"('Giros', 'COMISI\u00d3N')":{"('0064-S-2005', 0)":"PARLAMENTARIA MIXTA REVISORA DE CUENTAS","('0064-S-2005', 1)":null,"('0064-S-2005', 2)":null},"('Tramites', 'C\u00c1MARA')":{"('0064-S-2005', 0)":"Senado","('0064-S-2005', 1)":"Diputados","('0064-S-2005', 2)":"Diputados"},"('Tramites', 'MOVIMIENTO')":{"('0064-S-2005', 0)":"CONSIDERACION Y APROBACION","('0064-S-2005', 1)":"PASA A DIPUTADOS -","('0064-S-2005', 2)":"CONSIDERACION Y APROBACION"},"('Tramites', 'FECHA')":{"('0064-S-2005', 0)":"04\/05\/2005","('0064-S-2005', 1)":null,"('0064-S-2005', 2)":"07\/07\/2005"},"('Tramites', 'RESULTADO')":{"('0064-S-2005', 0)":"APROBADO","('0064-S-2005', 1)":null,"('0064-S-2005', 2)":"APROBADO"},"Link":{"('0064-S-2005', 0)":"http:\/\/www.senado.gov.ar\/parlamentario\/comisiones\/verExp\/627.03\/OV\/PR","('0064-S-2005', 1)":null,"('0064-S-2005', 2)":null},"Palabra Clave":{"('0064-S-2005', 0)":" ","('0064-S-2005', 1)":null,"('0064-S-2005', 2)":null}}