{"Tipo de Proyecto":{"('0064-D-2005', 0)":"PROYECTO DE LEY","('0064-D-2005', 1)":null},"Iniciado en: ":{"('0064-D-2005', 0)":"Diputados","('0064-D-2005', 1)":null},"Expediente Diputados: ":{"('0064-D-2005', 0)":"0064-D-2005","('0064-D-2005', 1)":null},"Publicado en: ":{"('0064-D-2005', 0)":"Tr\u00e1mite Parlamentario N\u00b0 1","('0064-D-2005', 1)":null},"Fecha: ":{"('0064-D-2005', 0)":"01\/03\/2005","('0064-D-2005', 1)":null},"T\u00edtulo":{"('0064-D-2005', 0)":"MODIFICACION DE LA LEY 25570 DE RATIFICACION DEL ACUERDO NACION - PROVINCIAS, SOBRE RELACION FINANCIERA Y BASES DE UN REGIMEN DE COPARTICIPACION FEDERAL DE IMPUESTOS, CELEBRADO ENTRE EL ESTADO NACIONAL, LOS ESTADOS PROVINCIALES Y LA CIUDAD AUTONOMA DE BUENOS AIRES, EN LA CIUDAD DE BUENOS AIRES EL 27 DE FEBRERO DE 2002 (REPRODUCCION DEL EXPEDIENTE 3988-D-03).","('0064-D-2005', 1)":null},"('Firmantes', 'FIRMANTE')":{"('0064-D-2005', 0)":"STOLBIZER, MARGARITA ROSA","('0064-D-2005', 1)":null},"('Firmantes', 'DISTRITO')":{"('0064-D-2005', 0)":"BUENOS AIRES","('0064-D-2005', 1)":null},"('Firmantes', 'BLOQUE')":{"('0064-D-2005', 0)":"UCR","('0064-D-2005', 1)":null},"('Giros', 'COMISI\u00d3N')":{"('0064-D-2005', 0)":"PRESUPUESTO Y HACIENDA","('0064-D-2005', 1)":"ACCION SOCIAL Y SALUD PUBLICA"},"Sumario":{"('0064-D-2005', 0)":"SUSTITUCION DEL ARTICULO 5 (INGRESO DEL CINCUENTA POR CIENTO DEL IMPUESTO RECAUDADO AL TESORO NACIONAL SIENDO ADMINISTRADO POR EL PODER EJECUTIVO NACIONAL CON DESTINO A LA ATENCION DE LOS GASTOS QUE OCASIONE LA EMERGENCIA PUBLICA DECLARADA EN EL ARTICULO 1 DE LA LEY 25561); CREACION DE UN FONDO DE EMERGENCIA SOCIAL: INTEGRACION, DISTRIBUCION Y VIGENCIA.","('0064-D-2005', 1)":null},"Palabra Clave":{"('0064-D-2005', 0)":" ","('0064-D-2005', 1)":null}}