{"Tipo de Proyecto":{"('0065-S-2005', 0)":"PROYECTO DE RESOLUCI\u00d3N","('0065-S-2005', 1)":null,"('0065-S-2005', 2)":null,"('0065-S-2005', 3)":null},"Iniciado en: ":{"('0065-S-2005', 0)":"Senado","('0065-S-2005', 1)":null,"('0065-S-2005', 2)":null,"('0065-S-2005', 3)":null},"Expediente Diputados: ":{"('0065-S-2005', 0)":"0065-S-2005","('0065-S-2005', 1)":null,"('0065-S-2005', 2)":null,"('0065-S-2005', 3)":null},"Expediente Senado: ":{"('0065-S-2005', 0)":"1338-OVD-1998","('0065-S-2005', 1)":null,"('0065-S-2005', 2)":null,"('0065-S-2005', 3)":null},"Fecha: ":{"('0065-S-2005', 0)":"14\/04\/2005","('0065-S-2005', 1)":null,"('0065-S-2005', 2)":null,"('0065-S-2005', 3)":null},"T\u00edtulo":{"('0065-S-2005', 0)":"PEDIDO DE INFORMES Y DE TOMA DE MEDIDAS AL PODER EJECUTIVO SOBRE RESOLUCIONES REMITIDAS POR LA AUDITORIA GENERAL DE LA NACION Y RESPUESTAS DE LA AGN Y LA JEFATURA DE GABINETE DE MINISTROS, SOBRE: SECRETARIA DE RELACION PARLAMENTARIA (SRP) DE LA JGM REMITE COPIA DE LA RESPUESTA ENVIADA POR EL MINISTERIO DE ECONOMIA Y OBRAS Y SERVICIOS PUBLICOS EN RELACION A LA RESOLUCION APROBADA POR LA HONORABLE CAMARA (0047-S-98) SOBRE MANIFESTAR LA NECESIDAD DE ADECUAR EL CONTROL DE LA CONCESION DE LA HIDROVIA SANTA FE - OCEANO A LA CORRESPONDIENTE NORMATIVA JURIDICA Y DE GESTION (1338-OVD-98); SECRETARIA DE RELACIONES PARLAMENTARIAS E INSTITUCIONALES DE LA JGM REMITE COPIA DE LA RESPUESTA RELACIONADA CON LA CONCESION DE LA HIDROVIA SANTA FE - OCEANO (RESOLUCION HONORABLE CAMARA 0047-S-98) (0579-PE-99); VERIFICACION DE LA GESTION DEL ORGANO DE CONTROL RESPECTO DEL CONTROL DE LA HIDROVIA SA SANTA FE - OCEANO PERIODO AUDITADO 1 DE JUNIO DE 2001 - 30 DE JUNIO DE 2002 (0374-OV-03); AGN REMITE DESCARGO DEL ORGANO DE CONTROL DE LA CONCESION HIDROVIA SA SANTA FE - OCEANO, A LA RESOLUCION 105\/03-AGN (0375-OV-03); VERIFICACION DEL REGIMEN TARIFARIO APLICADO A LA CONCESION HIDROVIA SANTA FE - OCEANO (0514-OV-03); AGN COMUNICA DESCARGO DE LA SUBSECRETARIA DE PUERTOS Y VIAS NAVEGABLES (HIDROVIA SANTA FE - OCEANO, REFERIDO A RESOLUCION AGN 162\/03) (0515-OV-03); JGM REMITE RESPUESTA EN RELACION A LA RESOLUCION APROBADA POR LA HONORABLE CAMARA (0239-S-03) SOBRE LAS MEDIDAS ADOPTADAS A LOS FINES DE ADECUAR LAS SITUACIONES OBSERVADAS POR LA AGN EN REFERENCIA AL CONTROL DE LA CONCESION DE LA HIDROVIA SANTA FE - OCEANO Y OTRAS CUESTIONES CONEXAS (0850-OVD-04); JGM REMITE RESPUESTA EN RELACION A LA RESOLUCION APROBADA POR LA HONORABLE CAMARA (0310-S-03) SOBRE LAS MEDIDAS ADOPTADAS EN EL AMBITO DE LA SUBSECRETARIA DE PUERTOS Y VIAS NAVEGABLES EN LO RELATIVO AL CUMPLIMIENTO DE LAS FUNCIONES A CARGO DEL ORGANO DE CONTROL CON COMPETENCIA SOBRE EL CONCESIONARIO HIDROVIA SANTA FE OCEANO.","('0065-S-2005', 1)":null,"('0065-S-2005', 2)":null,"('0065-S-2005', 3)":null},"('Firmantes', 'FIRMANTE')":{"('0065-S-2005', 0)":"PARLAMENTARIA MIXTA REVISORA DE CUENTAS","('0065-S-2005', 1)":null,"('0065-S-2005', 2)":null,"('0065-S-2005', 3)":null},"('Firmantes', 'DISTRITO')":{"('0065-S-2005', 0)":null,"('0065-S-2005', 1)":null,"('0065-S-2005', 2)":null,"('0065-S-2005', 3)":null},"('Firmantes', 'BLOQUE')":{"('0065-S-2005', 0)":null,"('0065-S-2005', 1)":null,"('0065-S-2005', 2)":null,"('0065-S-2005', 3)":null},"('Giros', 'COMISI\u00d3N')":{"('0065-S-2005', 0)":"PARLAMENTARIA MIXTA REVISORA DE CUENTAS","('0065-S-2005', 1)":null,"('0065-S-2005', 2)":null,"('0065-S-2005', 3)":null},"('Tramites', 'C\u00c1MARA')":{"('0065-S-2005', 0)":"Senado","('0065-S-2005', 1)":"Diputados","('0065-S-2005', 2)":"Diputados","('0065-S-2005', 3)":"Diputados"},"('Tramites', 'MOVIMIENTO')":{"('0065-S-2005', 0)":"CONSIDERACION Y APROBACION","('0065-S-2005', 1)":"PASA A DIPUTADOS -","('0065-S-2005', 2)":"CONSIDERACION Y APROBACION","('0065-S-2005', 3)":"CONTESTACION DEL PODER EJECUTIVO NACIONAL - JEFE DE GABINETE DE MINISTROS - GIRADO A LA COMISION RESPECTIVA"},"('Tramites', 'FECHA')":{"('0065-S-2005', 0)":"04\/05\/2005","('0065-S-2005', 1)":null,"('0065-S-2005', 2)":"07\/07\/2005","('0065-S-2005', 3)":"14\/03\/2007"},"('Tramites', 'RESULTADO')":{"('0065-S-2005', 0)":"APROBADO","('0065-S-2005', 1)":null,"('0065-S-2005', 2)":"APROBADO","('0065-S-2005', 3)":null},"Link":{"('0065-S-2005', 0)":"http:\/\/www.senado.gov.ar\/parlamentario\/comisiones\/verExp\/1338.98\/OVD\/PR","('0065-S-2005', 1)":null,"('0065-S-2005', 2)":null,"('0065-S-2005', 3)":null},"Palabra Clave":{"('0065-S-2005', 0)":" ","('0065-S-2005', 1)":null,"('0065-S-2005', 2)":null,"('0065-S-2005', 3)":null}}