{"Tipo de Proyecto":{"('0065-PE-2005', 0)":"MENSAJE NRO: 1431\/05","('0065-PE-2005', 1)":null,"('0065-PE-2005', 2)":null,"('0065-PE-2005', 3)":null},"Iniciado en: ":{"('0065-PE-2005', 0)":"Diputados","('0065-PE-2005', 1)":null,"('0065-PE-2005', 2)":null,"('0065-PE-2005', 3)":null},"Expediente Diputados: ":{"('0065-PE-2005', 0)":"0065-PE-2005","('0065-PE-2005', 1)":null,"('0065-PE-2005', 2)":null,"('0065-PE-2005', 3)":null},"Publicado en: ":{"('0065-PE-2005', 0)":"Tr\u00e1mite Parlamentario N\u00b0 174","('0065-PE-2005', 1)":null,"('0065-PE-2005', 2)":null,"('0065-PE-2005', 3)":null},"Fecha: ":{"('0065-PE-2005', 0)":"22\/11\/2005","('0065-PE-2005', 1)":null,"('0065-PE-2005', 2)":null,"('0065-PE-2005', 3)":null},"T\u00edtulo":{"('0065-PE-2005', 0)":"COMUNICACION DEL DECRETO 1430\/05 POR EL CUAL SE MODIFICA EL PRESUPUESTO DE LA ADMINISTRACION NACIONAL PARA EL EJERCICIO 2005 EN LA JURISDICCION 45, MINISTERIO DE DEFENSA, SUBJURISDICCIONES 20 (MINISTERIO DE DEFENSA) Y 22 (ESTADO MAYOR GENERAL DE LA ARMADA).","('0065-PE-2005', 1)":null,"('0065-PE-2005', 2)":null,"('0065-PE-2005', 3)":null},"('Firmantes', 'FIRMANTE')":{"('0065-PE-2005', 0)":"KIRCHNER, NESTOR CARLOS","('0065-PE-2005', 1)":"FERNANDEZ, ALBERTO","('0065-PE-2005', 2)":"LAVAGNA, ROBERTO","('0065-PE-2005', 3)":"PAMPURO, JOSE JUAN BAUTISTA"},"('Firmantes', 'DISTRITO')":{"('0065-PE-2005', 0)":null,"('0065-PE-2005', 1)":null,"('0065-PE-2005', 2)":null,"('0065-PE-2005', 3)":null},"('Firmantes', 'BLOQUE')":{"('0065-PE-2005', 0)":"PODER EJECUTIVO","('0065-PE-2005', 1)":"PODER EJECUTIVO","('0065-PE-2005', 2)":"PODER EJECUTIVO","('0065-PE-2005', 3)":"PODER EJECUTIVO"},"('Giros', 'COMISI\u00d3N')":{"('0065-PE-2005', 0)":"PRESUPUESTO Y HACIENDA","('0065-PE-2005', 1)":"DEFENSA NACIONAL","('0065-PE-2005', 2)":null,"('0065-PE-2005', 3)":null},"('Tramites', 'C\u00c1MARA')":{"('0065-PE-2005', 0)":"Diputados","('0065-PE-2005', 1)":null,"('0065-PE-2005', 2)":null,"('0065-PE-2005', 3)":null},"('Tramites', 'MOVIMIENTO')":{"('0065-PE-2005', 0)":"VER TRAMITE EN EXPEDIENTE 7450-D-06","('0065-PE-2005', 1)":null,"('0065-PE-2005', 2)":null,"('0065-PE-2005', 3)":null},"('Tramites', 'FECHA')":{"('0065-PE-2005', 0)":null,"('0065-PE-2005', 1)":null,"('0065-PE-2005', 2)":null,"('0065-PE-2005', 3)":null},"('Tramites', 'RESULTADO')":{"('0065-PE-2005', 0)":null,"('0065-PE-2005', 1)":null,"('0065-PE-2005', 2)":null,"('0065-PE-2005', 3)":null},"Palabra Clave":{"('0065-PE-2005', 0)":" ","('0065-PE-2005', 1)":null,"('0065-PE-2005', 2)":null,"('0065-PE-2005', 3)":null}}