{"Tipo de Proyecto":{"('0066-D-2005', 0)":"PROYECTO DE LEY","('0066-D-2005', 1)":null,"('0066-D-2005', 2)":null},"Iniciado en: ":{"('0066-D-2005', 0)":"Diputados","('0066-D-2005', 1)":null,"('0066-D-2005', 2)":null},"Expediente Diputados: ":{"('0066-D-2005', 0)":"0066-D-2005","('0066-D-2005', 1)":null,"('0066-D-2005', 2)":null},"Publicado en: ":{"('0066-D-2005', 0)":"Tr\u00e1mite Parlamentario N\u00b0 1","('0066-D-2005', 1)":null,"('0066-D-2005', 2)":null},"Fecha: ":{"('0066-D-2005', 0)":"01\/03\/2005","('0066-D-2005', 1)":null,"('0066-D-2005', 2)":null},"T\u00edtulo":{"('0066-D-2005', 0)":"CREACION DEL PROGRAMA DE APOYO Y ESTIMULO AL DEPORTE SOLIDARIO (REPRODUCCION DEL EXPEDIENTE 1764-D-03).","('0066-D-2005', 1)":null,"('0066-D-2005', 2)":null},"('Firmantes', 'FIRMANTE')":{"('0066-D-2005', 0)":"STOLBIZER, MARGARITA ROSA","('0066-D-2005', 1)":null,"('0066-D-2005', 2)":null},"('Firmantes', 'DISTRITO')":{"('0066-D-2005', 0)":"BUENOS AIRES","('0066-D-2005', 1)":null,"('0066-D-2005', 2)":null},"('Firmantes', 'BLOQUE')":{"('0066-D-2005', 0)":"UCR","('0066-D-2005', 1)":null,"('0066-D-2005', 2)":null},"('Giros', 'COMISI\u00d3N')":{"('0066-D-2005', 0)":"DEPORTES","('0066-D-2005', 1)":"COMUNICACIONES E INFORMATICA","('0066-D-2005', 2)":"PRESUPUESTO Y HACIENDA"},"Sumario":{"('0066-D-2005', 0)":"CREACION DEL COMITE DE SEGUIMIENTO Y CONTROL DEL PROGRAMA: FUNCIONES; PROMOCION Y DESARROLLO DE LOS DEPORTISTAS \"AMATEURS\"; FINALIDAD DEL PROGRAMA; MULTAS;  MODIFICACION DEL ARTICULO 95 DE LA LEY 22285, DE RADIODIFUSION.","('0066-D-2005', 1)":null,"('0066-D-2005', 2)":null},"Palabra Clave":{"('0066-D-2005', 0)":" ","('0066-D-2005', 1)":null,"('0066-D-2005', 2)":null}}