{"Tipo de Proyecto":{"('0068-S-2005', 0)":"PROYECTO DE DECLARACI\u00d3N"},"Iniciado en: ":{"('0068-S-2005', 0)":"Senado"},"Expediente Senado: ":{"('0068-S-2005', 0)":"0068-S-2005"},"Publicado en: ":{"('0068-S-2005', 0)":"Diario de Asuntos Entrados N\u00b0 4"},"Fecha: ":{"('0068-S-2005', 0)":"02\/03\/2005"},"T\u00edtulo":{"('0068-S-2005', 0)":"DECLARAR DE INTERES LEGISLATIVO Y AUSPICIAR EL PRIMER CURSO ARGENTINO DE ACTUALIZACION EN TERAPIA INTENSIVA A REALIZARSE EN LA CIUDAD DE CORDOBA, DEL 22 DE ABRIL AL 22 DE JULIO DE 2005."},"('Firmantes', 'FIRMANTE')":{"('0068-S-2005', 0)":"GIRI, HAIDE DELIA"},"('Firmantes', 'DISTRITO')":{"('0068-S-2005', 0)":"CORDOBA"},"('Firmantes', 'BLOQUE')":{"('0068-S-2005', 0)":"JUSTICIALISTA"},"('Tramites', 'C\u00c1MARA')":{"('0068-S-2005', 0)":"Senado"},"('Tramites', 'MOVIMIENTO')":{"('0068-S-2005', 0)":"APROBACION ARTICULO 106, PARRAFO 3 DEL REGLAMENTO DEL H SENADO"},"('Tramites', 'FECHA')":{"('0068-S-2005', 0)":"04\/05\/2005"},"('Tramites', 'RESULTADO')":{"('0068-S-2005', 0)":"APROBADO"},"Link":{"('0068-S-2005', 0)":"http:\/\/www.senado.gov.ar\/parlamentario\/comisiones\/verExp\/68.05\/S\/PD"},"Palabra Clave":{"('0068-S-2005', 0)":" "}}