{"Tipo de Proyecto":{"('0069-PE-2005', 0)":"MENSAJE NRO: 1467\/05","('0069-PE-2005', 1)":null,"('0069-PE-2005', 2)":null},"Iniciado en: ":{"('0069-PE-2005', 0)":"Diputados","('0069-PE-2005', 1)":null,"('0069-PE-2005', 2)":null},"Expediente Diputados: ":{"('0069-PE-2005', 0)":"0069-PE-2005","('0069-PE-2005', 1)":null,"('0069-PE-2005', 2)":null},"Publicado en: ":{"('0069-PE-2005', 0)":"Tr\u00e1mite Parlamentario N\u00b0 180","('0069-PE-2005', 1)":null,"('0069-PE-2005', 2)":null},"Fecha: ":{"('0069-PE-2005', 0)":"30\/11\/2005","('0069-PE-2005', 1)":null,"('0069-PE-2005', 2)":null},"T\u00edtulo":{"('0069-PE-2005', 0)":"COMUNICACION DEL DECRETO 1466\/05 POR EL CUAL SE MODIFICA LA DISTRIBUCION DEL PRESUPUESTO DE LA ADMINISTRACION NACIONAL PARA EL EJERCICIO 2005.","('0069-PE-2005', 1)":null,"('0069-PE-2005', 2)":null},"('Firmantes', 'FIRMANTE')":{"('0069-PE-2005', 0)":"KIRCHNER, NESTOR CARLOS","('0069-PE-2005', 1)":"FERNANDEZ, ALBERTO","('0069-PE-2005', 2)":"LAVAGNA, ROBERTO"},"('Firmantes', 'DISTRITO')":{"('0069-PE-2005', 0)":null,"('0069-PE-2005', 1)":null,"('0069-PE-2005', 2)":null},"('Firmantes', 'BLOQUE')":{"('0069-PE-2005', 0)":"PODER EJECUTIVO","('0069-PE-2005', 1)":"PODER EJECUTIVO","('0069-PE-2005', 2)":"PODER EJECUTIVO"},"('Giros', 'COMISI\u00d3N')":{"('0069-PE-2005', 0)":"PRESUPUESTO Y HACIENDA","('0069-PE-2005', 1)":null,"('0069-PE-2005', 2)":null},"('Tramites', 'C\u00c1MARA')":{"('0069-PE-2005', 0)":"Diputados","('0069-PE-2005', 1)":null,"('0069-PE-2005', 2)":null},"('Tramites', 'MOVIMIENTO')":{"('0069-PE-2005', 0)":"VER TRAMITE EN EXPEDIENTE 7448-D-06","('0069-PE-2005', 1)":null,"('0069-PE-2005', 2)":null},"('Tramites', 'FECHA')":{"('0069-PE-2005', 0)":null,"('0069-PE-2005', 1)":null,"('0069-PE-2005', 2)":null},"('Tramites', 'RESULTADO')":{"('0069-PE-2005', 0)":null,"('0069-PE-2005', 1)":null,"('0069-PE-2005', 2)":null},"Palabra Clave":{"('0069-PE-2005', 0)":" ","('0069-PE-2005', 1)":null,"('0069-PE-2005', 2)":null}}