{"Tipo de Proyecto":{"('0070-PE-2005', 0)":"MENSAJE NRO: 1472\/05","('0070-PE-2005', 1)":null,"('0070-PE-2005', 2)":null},"Iniciado en: ":{"('0070-PE-2005', 0)":"Diputados","('0070-PE-2005', 1)":null,"('0070-PE-2005', 2)":null},"Expediente Diputados: ":{"('0070-PE-2005', 0)":"0070-PE-2005","('0070-PE-2005', 1)":null,"('0070-PE-2005', 2)":null},"Publicado en: ":{"('0070-PE-2005', 0)":"Tr\u00e1mite Parlamentario N\u00b0 180","('0070-PE-2005', 1)":null,"('0070-PE-2005', 2)":null},"Fecha: ":{"('0070-PE-2005', 0)":"30\/11\/2005","('0070-PE-2005', 1)":null,"('0070-PE-2005', 2)":null},"T\u00edtulo":{"('0070-PE-2005', 0)":"COMUNICACION DEL DECRETO 1453\/05 POR EL CUAL SE DETERMINA LA ESCALA SALARIAL A PARTIR DEL 1 DE JULIO DE 2005 PARA EL PERSONAL COMPRENDIDO EN EL ESTATUTO DEL PERSONAL DOCENTE CIVIL DE LAS FUERZAS ARMADAS.","('0070-PE-2005', 1)":null,"('0070-PE-2005', 2)":null},"('Firmantes', 'FIRMANTE')":{"('0070-PE-2005', 0)":"KIRCHNER, NESTOR CARLOS","('0070-PE-2005', 1)":"FERNANDEZ, ALBERTO","('0070-PE-2005', 2)":"PAMPURO, JOSE JUAN BAUTISTA"},"('Firmantes', 'DISTRITO')":{"('0070-PE-2005', 0)":null,"('0070-PE-2005', 1)":null,"('0070-PE-2005', 2)":null},"('Firmantes', 'BLOQUE')":{"('0070-PE-2005', 0)":"PODER EJECUTIVO","('0070-PE-2005', 1)":"PODER EJECUTIVO","('0070-PE-2005', 2)":"PODER EJECUTIVO"},"('Giros', 'COMISI\u00d3N')":{"('0070-PE-2005', 0)":"DEFENSA NACIONAL","('0070-PE-2005', 1)":"PRESUPUESTO Y HACIENDA","('0070-PE-2005', 2)":null},"('Tramites', 'C\u00c1MARA')":{"('0070-PE-2005', 0)":"Diputados","('0070-PE-2005', 1)":null,"('0070-PE-2005', 2)":null},"('Tramites', 'MOVIMIENTO')":{"('0070-PE-2005', 0)":"VER TRAMITE EN EXPEDIENTE 7225-D-06","('0070-PE-2005', 1)":null,"('0070-PE-2005', 2)":null},"('Tramites', 'FECHA')":{"('0070-PE-2005', 0)":null,"('0070-PE-2005', 1)":null,"('0070-PE-2005', 2)":null},"('Tramites', 'RESULTADO')":{"('0070-PE-2005', 0)":null,"('0070-PE-2005', 1)":null,"('0070-PE-2005', 2)":null},"Palabra Clave":{"('0070-PE-2005', 0)":" ","('0070-PE-2005', 1)":null,"('0070-PE-2005', 2)":null}}