{"Tipo de Proyecto":{"('0071-S-2005', 0)":"PROYECTO DE RESOLUCI\u00d3N","('0071-S-2005', 1)":null,"('0071-S-2005', 2)":null,"('0071-S-2005', 3)":null},"Iniciado en: ":{"('0071-S-2005', 0)":"Senado","('0071-S-2005', 1)":null,"('0071-S-2005', 2)":null,"('0071-S-2005', 3)":null},"Expediente Senado: ":{"('0071-S-2005', 0)":"0071-S-2005","('0071-S-2005', 1)":null,"('0071-S-2005', 2)":null,"('0071-S-2005', 3)":null},"Publicado en: ":{"('0071-S-2005', 0)":"Diario de Asuntos Entrados N\u00b0 4","('0071-S-2005', 1)":null,"('0071-S-2005', 2)":null,"('0071-S-2005', 3)":null},"Fecha: ":{"('0071-S-2005', 0)":"02\/03\/2005","('0071-S-2005', 1)":null,"('0071-S-2005', 2)":null,"('0071-S-2005', 3)":null},"T\u00edtulo":{"('0071-S-2005', 0)":"RENDIR HOMENAJE A LAS VICTIMAS DEL BOMBARDEO DE PLAZA DE MAYO OCURRIDO EL 16 DE JUNIO DE 1955, CON MOTIVO DE CUMPLIRSE CINCUENTA A\u00d1OS.","('0071-S-2005', 1)":null,"('0071-S-2005', 2)":null,"('0071-S-2005', 3)":null},"('Firmantes', 'FIRMANTE')":{"('0071-S-2005', 0)":"GALLIA, SERGIO ADRIAN","('0071-S-2005', 1)":"OVIEDO, MERCEDES MARGARITA","('0071-S-2005', 2)":"GIUSTI, SILVIA ESTER","('0071-S-2005', 3)":"JENEFES, GUILLERMO RAUL"},"('Firmantes', 'DISTRITO')":{"('0071-S-2005', 0)":"NEUQUEN","('0071-S-2005', 1)":"MISIONES","('0071-S-2005', 2)":"CHUBUT","('0071-S-2005', 3)":"JUJUY"},"('Firmantes', 'BLOQUE')":{"('0071-S-2005', 0)":"JUSTICIALISTA","('0071-S-2005', 1)":"JUSTICIALISTA","('0071-S-2005', 2)":"JUSTICIALISTA","('0071-S-2005', 3)":"JUSTICIALISTA"},"('Tramites', 'C\u00c1MARA')":{"('0071-S-2005', 0)":"Senado","('0071-S-2005', 1)":"Senado","('0071-S-2005', 2)":null,"('0071-S-2005', 3)":null},"('Tramites', 'MOVIMIENTO')":{"('0071-S-2005', 0)":"MOCION SOBRE TABLAS (AFIRMATIVA) CONJUNTAMENTE PARA LOS EXPEDIENTES 0071-S-2005, 1754-S-2005, 1763-S-2005, 1781-S-2005 y 1787-S-2005","('0071-S-2005', 1)":"CONSIDERACION Y APROBACION CONJUNTAMENTE PARA LOS EXPEDIENTES 0071-S-2005, 1754-S-2005, 1763-S-2005, 1781-S-2005 y 1787-S-2005","('0071-S-2005', 2)":null,"('0071-S-2005', 3)":null},"('Tramites', 'FECHA')":{"('0071-S-2005', 0)":"15\/06\/2005","('0071-S-2005', 1)":"15\/06\/2005","('0071-S-2005', 2)":null,"('0071-S-2005', 3)":null},"('Tramites', 'RESULTADO')":{"('0071-S-2005', 0)":null,"('0071-S-2005', 1)":"APROBADO","('0071-S-2005', 2)":null,"('0071-S-2005', 3)":null},"Link":{"('0071-S-2005', 0)":"http:\/\/www.senado.gov.ar\/parlamentario\/comisiones\/verExp\/71.05\/S\/PR","('0071-S-2005', 1)":null,"('0071-S-2005', 2)":null,"('0071-S-2005', 3)":null},"Palabra Clave":{"('0071-S-2005', 0)":" ","('0071-S-2005', 1)":null,"('0071-S-2005', 2)":null,"('0071-S-2005', 3)":null}}