{"Tipo de Proyecto":{"('0072-PE-2005', 0)":"MENSAJE NRO: 1488\/05","('0072-PE-2005', 1)":null,"('0072-PE-2005', 2)":null},"Iniciado en: ":{"('0072-PE-2005', 0)":"Diputados","('0072-PE-2005', 1)":null,"('0072-PE-2005', 2)":null},"Expediente Diputados: ":{"('0072-PE-2005', 0)":"0072-PE-2005","('0072-PE-2005', 1)":null,"('0072-PE-2005', 2)":null},"Publicado en: ":{"('0072-PE-2005', 0)":"Tr\u00e1mite Parlamentario N\u00b0 184","('0072-PE-2005', 1)":null,"('0072-PE-2005', 2)":null},"Fecha: ":{"('0072-PE-2005', 0)":"06\/12\/2005","('0072-PE-2005', 1)":null,"('0072-PE-2005', 2)":null},"T\u00edtulo":{"('0072-PE-2005', 0)":"COMUNICACION DEL DECRETO 1457\/05 POR EL CUAL SE DEROGA EL INCISO J) DEL ARTICULO 4 DEL DECRETO 311\/03, POR EL CUAL SE CREA LA UNIDAD DE RENEGOCIACION Y ANALISIS DE LOS CONTRATOS DE SERVICIOS PUBLICOS.","('0072-PE-2005', 1)":null,"('0072-PE-2005', 2)":null},"('Firmantes', 'FIRMANTE')":{"('0072-PE-2005', 0)":"KIRCHNER, NESTOR CARLOS","('0072-PE-2005', 1)":"FERNANDEZ, ALBERTO","('0072-PE-2005', 2)":"DE VIDO, JULIO"},"('Firmantes', 'DISTRITO')":{"('0072-PE-2005', 0)":null,"('0072-PE-2005', 1)":null,"('0072-PE-2005', 2)":null},"('Firmantes', 'BLOQUE')":{"('0072-PE-2005', 0)":"PODER EJECUTIVO","('0072-PE-2005', 1)":"PODER EJECUTIVO","('0072-PE-2005', 2)":"PODER EJECUTIVO"},"('Giros', 'COMISI\u00d3N')":{"('0072-PE-2005', 0)":"BICAMERAL DE SEGUIMIENTO DE FACULTADES DELEGADAS AL PODER EJECUTIVO NACIONAL - LEY 25561","('0072-PE-2005', 1)":null,"('0072-PE-2005', 2)":null},"Palabra Clave":{"('0072-PE-2005', 0)":" ","('0072-PE-2005', 1)":null,"('0072-PE-2005', 2)":null}}