{"Tipo de Proyecto":{"('0074-PE-2005', 0)":"MENSAJE NRO: 1520\/05 Y PROYECTO DE LEY","('0074-PE-2005', 1)":null,"('0074-PE-2005', 2)":null},"Iniciado en: ":{"('0074-PE-2005', 0)":"Diputados","('0074-PE-2005', 1)":null,"('0074-PE-2005', 2)":null},"Expediente Diputados: ":{"('0074-PE-2005', 0)":"0074-PE-2005","('0074-PE-2005', 1)":null,"('0074-PE-2005', 2)":null},"Publicado en: ":{"('0074-PE-2005', 0)":"Tr\u00e1mite Parlamentario N\u00b0 184","('0074-PE-2005', 1)":null,"('0074-PE-2005', 2)":null},"Fecha: ":{"('0074-PE-2005', 0)":"06\/12\/2005","('0074-PE-2005', 1)":null,"('0074-PE-2005', 2)":null},"T\u00edtulo":{"('0074-PE-2005', 0)":"PRORROGA HASTA EL 31 DE DICIEMBRE DE 2006, DEL PLAZO PARA LLEVAR A CABO LA RENEGOCIACION DE LOS CONTRATOS DE OBRAS Y SERVICIOS PUBLICOS DISPUESTO POR EL ARTICULO  9 DE LA LEY 25561, DE EMERGENCIA ECONOMICA. ","('0074-PE-2005', 1)":null,"('0074-PE-2005', 2)":null},"('Firmantes', 'FIRMANTE')":{"('0074-PE-2005', 0)":"KIRCHNER, NESTOR CARLOS","('0074-PE-2005', 1)":"FERNANDEZ, ALBERTO","('0074-PE-2005', 2)":"MICELI, FELISA JOSEFINA"},"('Firmantes', 'DISTRITO')":{"('0074-PE-2005', 0)":null,"('0074-PE-2005', 1)":null,"('0074-PE-2005', 2)":null},"('Firmantes', 'BLOQUE')":{"('0074-PE-2005', 0)":"PODER EJECUTIVO","('0074-PE-2005', 1)":"PODER EJECUTIVO","('0074-PE-2005', 2)":"PODER EJECUTIVO"},"('Giros', 'COMISI\u00d3N')":{"('0074-PE-2005', 0)":"PRESUPUESTO Y HACIENDA","('0074-PE-2005', 1)":null,"('0074-PE-2005', 2)":null},"('Tramites', 'C\u00c1MARA')":{"('0074-PE-2005', 0)":"Diputados","('0074-PE-2005', 1)":"Diputados","('0074-PE-2005', 2)":null},"('Tramites', 'MOVIMIENTO')":{"('0074-PE-2005', 0)":"MOCION DE ORDEN SE APLACE LA CONSIDERACION (AFIRMATIVA)","('0074-PE-2005', 1)":"CONSIDERACION","('0074-PE-2005', 2)":null},"('Tramites', 'FECHA')":{"('0074-PE-2005', 0)":"21\/12\/2005","('0074-PE-2005', 1)":"21\/12\/2005","('0074-PE-2005', 2)":null},"('Tramites', 'RESULTADO')":{"('0074-PE-2005', 0)":null,"('0074-PE-2005', 1)":null,"('0074-PE-2005', 2)":null},"Palabra Clave":{"('0074-PE-2005', 0)":" ","('0074-PE-2005', 1)":null,"('0074-PE-2005', 2)":null}}