{"Tipo de Proyecto":{"('0074-S-2005', 0)":"PROYECTO DE LEY","('0074-S-2005', 1)":null,"('0074-S-2005', 2)":null},"Iniciado en: ":{"('0074-S-2005', 0)":"Senado","('0074-S-2005', 1)":null,"('0074-S-2005', 2)":null},"Expediente Diputados: ":{"('0074-S-2005', 0)":"0074-S-2005","('0074-S-2005', 1)":null,"('0074-S-2005', 2)":null},"Expediente Senado: ":{"('0074-S-2005', 0)":"0429-S-2005","('0074-S-2005', 1)":null,"('0074-S-2005', 2)":null},"Publicado en: ":{"('0074-S-2005', 0)":"Diario de Asuntos Entrados N\u00b0 22","('0074-S-2005', 1)":null,"('0074-S-2005', 2)":null},"Fecha: ":{"('0074-S-2005', 0)":"17\/03\/2005","('0074-S-2005', 1)":null,"('0074-S-2005', 2)":null},"T\u00edtulo":{"('0074-S-2005', 0)":"CREACION DEL PROGRAMA \"CONSTRUYENDO NUESTRA IDENTIDAD\".","('0074-S-2005', 1)":null,"('0074-S-2005', 2)":null},"('Firmantes', 'FIRMANTE')":{"('0074-S-2005', 0)":"ARANCIO, MONICA","('0074-S-2005', 1)":null,"('0074-S-2005', 2)":null},"('Firmantes', 'DISTRITO')":{"('0074-S-2005', 0)":"JUJUY","('0074-S-2005', 1)":null,"('0074-S-2005', 2)":null},"('Firmantes', 'BLOQUE')":{"('0074-S-2005', 0)":"FRENTE CIVICO JUJE\u00d1O","('0074-S-2005', 1)":null,"('0074-S-2005', 2)":null},"('Giros', 'COMISI\u00d3N')":{"('0074-S-2005', 0)":"EDUCACION","('0074-S-2005', 1)":"COMUNICACIONES E INFORMATICA","('0074-S-2005', 2)":"PRESUPUESTO Y HACIENDA"},"('Tramites', 'C\u00c1MARA')":{"('0074-S-2005', 0)":"Senado","('0074-S-2005', 1)":"Diputados","('0074-S-2005', 2)":null},"('Tramites', 'MOVIMIENTO')":{"('0074-S-2005', 0)":"CONSIDERACION Y APROBACION CON MODIFICACIONES","('0074-S-2005', 1)":"PASA A DIPUTADOS -","('0074-S-2005', 2)":null},"('Tramites', 'FECHA')":{"('0074-S-2005', 0)":"18\/05\/2005","('0074-S-2005', 1)":null,"('0074-S-2005', 2)":null},"('Tramites', 'RESULTADO')":{"('0074-S-2005', 0)":"MEDIA SANCION","('0074-S-2005', 1)":null,"('0074-S-2005', 2)":null},"Sumario":{"('0074-S-2005', 0)":"FIN: REALIZAR INTERCAMBIOS CULTURALES ENTRE NI\u00d1OS Y NI\u00d1AS DE DIFERENTES ESCUELAS PUBLICAS PRIMARIAS, SECUNDARIAS O EGB Y POLIMODAL ARGENTINAS; AUTORIDAD DE APLICACION: MINISTERIO DE EDUCACION, CIENCIA Y TECNOLOGIA; VIAJES DE ESTUDIO.","('0074-S-2005', 1)":null,"('0074-S-2005', 2)":null},"Palabra Clave":{"('0074-S-2005', 0)":" ","('0074-S-2005', 1)":null,"('0074-S-2005', 2)":null}}