{"Tipo de Proyecto":{"('0075-D-2005', 0)":"PROYECTO DE DECLARACI\u00d3N","('0075-D-2005', 1)":null},"Iniciado en: ":{"('0075-D-2005', 0)":"Diputados","('0075-D-2005', 1)":null},"Expediente Diputados: ":{"('0075-D-2005', 0)":"0075-D-2005","('0075-D-2005', 1)":null},"Publicado en: ":{"('0075-D-2005', 0)":"Tr\u00e1mite Parlamentario N\u00b0 1","('0075-D-2005', 1)":null},"Fecha: ":{"('0075-D-2005', 0)":"01\/03\/2005","('0075-D-2005', 1)":null},"T\u00edtulo":{"('0075-D-2005', 0)":"SOLICITAR AL PODER EJECUTIVO QUE SE INSTRUYA A LA DELEGACION ARGENTINA EN LA CONFERENCIA DE LA COMISION DE LA CONDICION JURIDICA Y SOCIAL DE LA MUJER DE LA \"ONU\", DENOMINADA \"BEIJING + 10\", A REALIZARSE DEL 28 DE FEBRERO AL 11 DE MARZO DE 2005 EN NUEVA YORK, ESTADOS UNIDOS DE AMERICA, PARA QUE DEFIENDAN LAS POSTURAS SOSTENIDAS POR EL ORDENAMIENTO JURIDICO DE NUESTRO PAIS.","('0075-D-2005', 1)":null},"('Firmantes', 'FIRMANTE')":{"('0075-D-2005', 0)":"PINEDO, FEDERICO","('0075-D-2005', 1)":null},"('Firmantes', 'DISTRITO')":{"('0075-D-2005', 0)":"CIUDAD de BUENOS AIRES","('0075-D-2005', 1)":null},"('Firmantes', 'BLOQUE')":{"('0075-D-2005', 0)":"COMPROMISO PARA EL CAMBIO","('0075-D-2005', 1)":null},"('Giros', 'COMISI\u00d3N')":{"('0075-D-2005', 0)":"RELACIONES EXTERIORES Y CULTO","('0075-D-2005', 1)":"FAMILIA, MUJER, NI\u00d1EZ Y ADOLESCENCIA"},"Palabra Clave":{"('0075-D-2005', 0)":" ","('0075-D-2005', 1)":null}}