{"Tipo de Proyecto":{"('0075-S-2005', 0)":"PROYECTO DE LEY"},"Iniciado en: ":{"('0075-S-2005', 0)":"Senado"},"Expediente Senado: ":{"('0075-S-2005', 0)":"0075-S-2005"},"Publicado en: ":{"('0075-S-2005', 0)":"Diario de Asuntos Entrados N\u00b0 4"},"Fecha: ":{"('0075-S-2005', 0)":"02\/03\/2005"},"T\u00edtulo":{"('0075-S-2005', 0)":"MODIFICACION DE LA LEY 24767 SOBRE COOPERACION INTERNACIONAL EN MATERIA PENAL (REPRODUCCION DEL EXPEDIENTE 1183-S-03)."},"('Firmantes', 'FIRMANTE')":{"('0075-S-2005', 0)":"CONTI, DIANA BEATRIZ"},"('Firmantes', 'DISTRITO')":{"('0075-S-2005', 0)":"BUENOS AIRES"},"('Firmantes', 'BLOQUE')":{"('0075-S-2005', 0)":"FREPASO"},"Sumario":{"('0075-S-2005', 0)":"AGREGASE SEGUNDO PARRAFO AL ARTICULO 10 (CRIMENES CONTRA LA HUMANIDAD); DEROGACION DEL ULTIMO PARRAFO DEL ARTICULO 22."},"Palabra Clave":{"('0075-S-2005', 0)":" "}}