{"Tipo de Proyecto":{"('0076-S-2005', 0)":"PROYECTO DE LEY","('0076-S-2005', 1)":null,"('0076-S-2005', 2)":null,"('0076-S-2005', 3)":null,"('0076-S-2005', 4)":null,"('0076-S-2005', 5)":null},"Iniciado en: ":{"('0076-S-2005', 0)":"Senado","('0076-S-2005', 1)":null,"('0076-S-2005', 2)":null,"('0076-S-2005', 3)":null,"('0076-S-2005', 4)":null,"('0076-S-2005', 5)":null},"Expediente Diputados: ":{"('0076-S-2005', 0)":"0076-S-2005","('0076-S-2005', 1)":null,"('0076-S-2005', 2)":null,"('0076-S-2005', 3)":null,"('0076-S-2005', 4)":null,"('0076-S-2005', 5)":null},"Expediente Senado: ":{"('0076-S-2005', 0)":"0132-S-2005","('0076-S-2005', 1)":null,"('0076-S-2005', 2)":null,"('0076-S-2005', 3)":null,"('0076-S-2005', 4)":null,"('0076-S-2005', 5)":null},"Publicado en: ":{"('0076-S-2005', 0)":"Diario de Asuntos Entrados N\u00b0 7","('0076-S-2005', 1)":null,"('0076-S-2005', 2)":null,"('0076-S-2005', 3)":null,"('0076-S-2005', 4)":null,"('0076-S-2005', 5)":null},"Fecha: ":{"('0076-S-2005', 0)":"04\/03\/2005","('0076-S-2005', 1)":null,"('0076-S-2005', 2)":null,"('0076-S-2005', 3)":null,"('0076-S-2005', 4)":null,"('0076-S-2005', 5)":null},"T\u00edtulo":{"('0076-S-2005', 0)":"MODIFICACION DEL ARTICULO 3 DE LA LEY 25970, DE CREACION DE UN JUZGADO FEDERAL DE PRIMERA INSTANCIA EN LA CIUDAD DE VILLA MARIA, PROVINCIA DE CORDOBA, SOBRE SU COMPETENCIA.","('0076-S-2005', 1)":null,"('0076-S-2005', 2)":null,"('0076-S-2005', 3)":null,"('0076-S-2005', 4)":null,"('0076-S-2005', 5)":null},"('Firmantes', 'FIRMANTE')":{"('0076-S-2005', 0)":"URQUIA, ROBERTO DANIEL","('0076-S-2005', 1)":"ROSSI, CARLOS ALBERTO","('0076-S-2005', 2)":null,"('0076-S-2005', 3)":null,"('0076-S-2005', 4)":null,"('0076-S-2005', 5)":null},"('Firmantes', 'DISTRITO')":{"('0076-S-2005', 0)":"CORDOBA","('0076-S-2005', 1)":"CORDOBA","('0076-S-2005', 2)":null,"('0076-S-2005', 3)":null,"('0076-S-2005', 4)":null,"('0076-S-2005', 5)":null},"('Firmantes', 'BLOQUE')":{"('0076-S-2005', 0)":"JUSTICIALISTA","('0076-S-2005', 1)":"VECINALISTA - PARTIDO NUEVO","('0076-S-2005', 2)":null,"('0076-S-2005', 3)":null,"('0076-S-2005', 4)":null,"('0076-S-2005', 5)":null},"('Giros', 'COMISI\u00d3N')":{"('0076-S-2005', 0)":"JUSTICIA","('0076-S-2005', 1)":null,"('0076-S-2005', 2)":null,"('0076-S-2005', 3)":null,"('0076-S-2005', 4)":null,"('0076-S-2005', 5)":null},"('Tramites', 'C\u00c1MARA')":{"('0076-S-2005', 0)":"Senado","('0076-S-2005', 1)":"Diputados","('0076-S-2005', 2)":"Diputados","('0076-S-2005', 3)":"Senado","('0076-S-2005', 4)":"Senado","('0076-S-2005', 5)":"Senado"},"('Tramites', 'MOVIMIENTO')":{"('0076-S-2005', 0)":"CONSIDERACION Y APROBACION","('0076-S-2005', 1)":"PASA A DIPUTADOS -","('0076-S-2005', 2)":"CONSIDERACION Y APROBACION CONJUNTAMENTE PARA LOS EXPEDIENTES 0076-S-2005, 0132-S-2005 y 3404-D-2005","('0076-S-2005', 3)":"VUELVE A SENADO - CONJUNTAMENTE PARA LOS EXPEDIENTES 0076-S-2005, 0132-S-2005 y 3404-D-2005","('0076-S-2005', 4)":"MOCION SOBRE TABLAS (AFIRMATIVA) CONJUNTAMENTE PARA LOS EXPEDIENTES 0076-S-2005, 0132-S-2005 y 3404-D-2005","('0076-S-2005', 5)":"CONSIDERACION Y SANCION CONJUNTAMENTE PARA LOS EXPEDIENTES 0076-S-2005, 0132-S-2005 y 3404-D-2005"},"('Tramites', 'FECHA')":{"('0076-S-2005', 0)":"18\/05\/2005","('0076-S-2005', 1)":null,"('0076-S-2005', 2)":"10\/05\/2006","('0076-S-2005', 3)":null,"('0076-S-2005', 4)":"08\/08\/2007","('0076-S-2005', 5)":"08\/08\/2007"},"('Tramites', 'RESULTADO')":{"('0076-S-2005', 0)":"MEDIA SANCION","('0076-S-2005', 1)":null,"('0076-S-2005', 2)":"MEDIA SANCION","('0076-S-2005', 3)":null,"('0076-S-2005', 4)":null,"('0076-S-2005', 5)":"SANCIONADO"},"Link":{"('0076-S-2005', 0)":"http:\/\/www.senado.gov.ar\/parlamentario\/comisiones\/verExp\/132.05\/S\/PL","('0076-S-2005', 1)":null,"('0076-S-2005', 2)":null,"('0076-S-2005', 3)":null,"('0076-S-2005', 4)":null,"('0076-S-2005', 5)":null},"Palabra Clave":{"('0076-S-2005', 0)":" ","('0076-S-2005', 1)":null,"('0076-S-2005', 2)":null,"('0076-S-2005', 3)":null,"('0076-S-2005', 4)":null,"('0076-S-2005', 5)":null}}