{"Tipo de Proyecto":{"('0076-PE-2005', 0)":"MENSAJE NRO: 1685\/05","('0076-PE-2005', 1)":null,"('0076-PE-2005', 2)":null},"Iniciado en: ":{"('0076-PE-2005', 0)":"Diputados","('0076-PE-2005', 1)":null,"('0076-PE-2005', 2)":null},"Expediente Diputados: ":{"('0076-PE-2005', 0)":"0076-PE-2005","('0076-PE-2005', 1)":null,"('0076-PE-2005', 2)":null},"Publicado en: ":{"('0076-PE-2005', 0)":"Tr\u00e1mite Parlamentario N\u00b0 186","('0076-PE-2005', 1)":null,"('0076-PE-2005', 2)":null},"Fecha: ":{"('0076-PE-2005', 0)":"21\/12\/2005","('0076-PE-2005', 1)":null,"('0076-PE-2005', 2)":null},"T\u00edtulo":{"('0076-PE-2005', 0)":"COMUNICACION DEL DECRETO 1673\/05 POR EL CUAL SE DISPONE EL INGRESO POR PARTE DE LA ENTIDAD 115 - COMISION NACIONAL DE COMUNICACIONES, ADMINISTRACION DESCENTRALIZADA, COMO CONTRIBUCION AL TESORO NACIONAL EN CARACTER DE ANTICIPO DE REMANENTES DE RECURSOS DEL EJERCICIO 2005 LA SUMA DE $ 66000000, EL CUAL DEBERA EFECTIVIZARSE EN EL PRESENTE EJERCICIO.","('0076-PE-2005', 1)":null,"('0076-PE-2005', 2)":null},"('Firmantes', 'FIRMANTE')":{"('0076-PE-2005', 0)":"KIRCHNER, NESTOR CARLOS","('0076-PE-2005', 1)":"FERNANDEZ, ALBERTO","('0076-PE-2005', 2)":"MICELI, FELISA JOSEFINA"},"('Firmantes', 'DISTRITO')":{"('0076-PE-2005', 0)":null,"('0076-PE-2005', 1)":null,"('0076-PE-2005', 2)":null},"('Firmantes', 'BLOQUE')":{"('0076-PE-2005', 0)":"PODER EJECUTIVO","('0076-PE-2005', 1)":"PODER EJECUTIVO","('0076-PE-2005', 2)":"PODER EJECUTIVO"},"('Giros', 'COMISI\u00d3N')":{"('0076-PE-2005', 0)":"PRESUPUESTO Y HACIENDA","('0076-PE-2005', 1)":null,"('0076-PE-2005', 2)":null},"('Tramites', 'C\u00c1MARA')":{"('0076-PE-2005', 0)":"Diputados","('0076-PE-2005', 1)":null,"('0076-PE-2005', 2)":null},"('Tramites', 'MOVIMIENTO')":{"('0076-PE-2005', 0)":"VER TRAMITE EN EXPEDIENTE 7449-D-06","('0076-PE-2005', 1)":null,"('0076-PE-2005', 2)":null},"('Tramites', 'FECHA')":{"('0076-PE-2005', 0)":null,"('0076-PE-2005', 1)":null,"('0076-PE-2005', 2)":null},"('Tramites', 'RESULTADO')":{"('0076-PE-2005', 0)":null,"('0076-PE-2005', 1)":null,"('0076-PE-2005', 2)":null},"Palabra Clave":{"('0076-PE-2005', 0)":" ","('0076-PE-2005', 1)":null,"('0076-PE-2005', 2)":null}}