{"Tipo de Proyecto":{"('0076-D-2005', 0)":"PROYECTO DE DECLARACI\u00d3N","('0076-D-2005', 1)":null,"('0076-D-2005', 2)":null,"('0076-D-2005', 3)":null,"('0076-D-2005', 4)":null,"('0076-D-2005', 5)":null},"Iniciado en: ":{"('0076-D-2005', 0)":"Diputados","('0076-D-2005', 1)":null,"('0076-D-2005', 2)":null,"('0076-D-2005', 3)":null,"('0076-D-2005', 4)":null,"('0076-D-2005', 5)":null},"Expediente Diputados: ":{"('0076-D-2005', 0)":"0076-D-2005","('0076-D-2005', 1)":null,"('0076-D-2005', 2)":null,"('0076-D-2005', 3)":null,"('0076-D-2005', 4)":null,"('0076-D-2005', 5)":null},"Publicado en: ":{"('0076-D-2005', 0)":"Tr\u00e1mite Parlamentario N\u00b0 1","('0076-D-2005', 1)":null,"('0076-D-2005', 2)":null,"('0076-D-2005', 3)":null,"('0076-D-2005', 4)":null,"('0076-D-2005', 5)":null},"Fecha: ":{"('0076-D-2005', 0)":"01\/03\/2005","('0076-D-2005', 1)":null,"('0076-D-2005', 2)":null,"('0076-D-2005', 3)":null,"('0076-D-2005', 4)":null,"('0076-D-2005', 5)":null},"T\u00edtulo":{"('0076-D-2005', 0)":"REPUDIAR LAS MANIFESTACIONES VERTIDAS A UNA EMISORA RADIAL POR PARTE DEL GOBERNADOR DE LA PROVINCIA DE CORDOBA DOCTOR JOSE MANUEL DE LA SOTA, SOBRE EL REGIMEN CARCELARIO Y LOS TRATADOS INTERNACIONALES DE DERECHOS HUMANOS.","('0076-D-2005', 1)":null,"('0076-D-2005', 2)":null,"('0076-D-2005', 3)":null,"('0076-D-2005', 4)":null,"('0076-D-2005', 5)":null},"('Firmantes', 'FIRMANTE')":{"('0076-D-2005', 0)":"MONTEAGUDO, LUCRECIA","('0076-D-2005', 1)":"BASTEIRO, SERGIO ARIEL","('0076-D-2005', 2)":"JARQUE, MARGARITA OFELIA","('0076-D-2005', 3)":"MUSA, LAURA CRISTINA","('0076-D-2005', 4)":"WALSH, PATRICIA","('0076-D-2005', 5)":"RODRIGUEZ, MARCELA VIRGINIA"},"('Firmantes', 'DISTRITO')":{"('0076-D-2005', 0)":"BUENOS AIRES","('0076-D-2005', 1)":"BUENOS AIRES","('0076-D-2005', 2)":"BUENOS AIRES","('0076-D-2005', 3)":"CIUDAD de BUENOS AIRES","('0076-D-2005', 4)":"CIUDAD de BUENOS AIRES","('0076-D-2005', 5)":"BUENOS AIRES"},"('Firmantes', 'BLOQUE')":{"('0076-D-2005', 0)":"PARTIDO INTRANSIGENTE","('0076-D-2005', 1)":"PARTIDO SOCIALISTA","('0076-D-2005', 2)":"ENCUENTRO","('0076-D-2005', 3)":"ARI","('0076-D-2005', 4)":"IZQUIERDA UNIDA","('0076-D-2005', 5)":"ARI"},"('Giros', 'COMISI\u00d3N')":{"('0076-D-2005', 0)":"LEGISLACION PENAL","('0076-D-2005', 1)":"RELACIONES EXTERIORES Y CULTO","('0076-D-2005', 2)":null,"('0076-D-2005', 3)":null,"('0076-D-2005', 4)":null,"('0076-D-2005', 5)":null},"Palabra Clave":{"('0076-D-2005', 0)":" ","('0076-D-2005', 1)":null,"('0076-D-2005', 2)":null,"('0076-D-2005', 3)":null,"('0076-D-2005', 4)":null,"('0076-D-2005', 5)":null}}