{"Tipo de Proyecto":{"('0077-PE-2005', 0)":"MENSAJE NRO: 1746\/05","('0077-PE-2005', 1)":null,"('0077-PE-2005', 2)":null},"Iniciado en: ":{"('0077-PE-2005', 0)":"Diputados","('0077-PE-2005', 1)":null,"('0077-PE-2005', 2)":null},"Expediente Diputados: ":{"('0077-PE-2005', 0)":"0077-PE-2005","('0077-PE-2005', 1)":null,"('0077-PE-2005', 2)":null},"Publicado en: ":{"('0077-PE-2005', 0)":"Tr\u00e1mite Parlamentario N\u00b0 187","('0077-PE-2005', 1)":null,"('0077-PE-2005', 2)":null},"Fecha: ":{"('0077-PE-2005', 0)":"02\/01\/2006","('0077-PE-2005', 1)":null,"('0077-PE-2005', 2)":null},"T\u00edtulo":{"('0077-PE-2005', 0)":"COMUNICACION DEL DECRETO 1745\/05 POR EL CUAL SE FIJA A PARTIR DEL 1 DE SETIEMBRE DE 2005, LA ASIGNACION DE LA CATEGORIA CORRESPONDIENTE AL PERSONAL DE LA COMISION NACIONAL DE ENERGIA ATOMICA.","('0077-PE-2005', 1)":null,"('0077-PE-2005', 2)":null},"('Firmantes', 'FIRMANTE')":{"('0077-PE-2005', 0)":"KIRCHNER, NESTOR CARLOS","('0077-PE-2005', 1)":"FERNANDEZ, ALBERTO","('0077-PE-2005', 2)":"DE VIDO, JULIO"},"('Firmantes', 'DISTRITO')":{"('0077-PE-2005', 0)":null,"('0077-PE-2005', 1)":null,"('0077-PE-2005', 2)":null},"('Firmantes', 'BLOQUE')":{"('0077-PE-2005', 0)":"PODER EJECUTIVO","('0077-PE-2005', 1)":"PODER EJECUTIVO","('0077-PE-2005', 2)":"PODER EJECUTIVO"},"('Giros', 'COMISI\u00d3N')":{"('0077-PE-2005', 0)":"PRESUPUESTO Y HACIENDA","('0077-PE-2005', 1)":"ENERGIA Y COMBUSTIBLES","('0077-PE-2005', 2)":null},"('Tramites', 'C\u00c1MARA')":{"('0077-PE-2005', 0)":"Diputados","('0077-PE-2005', 1)":null,"('0077-PE-2005', 2)":null},"('Tramites', 'MOVIMIENTO')":{"('0077-PE-2005', 0)":"VER TRAMITE EN EXPEDIENTE 7225-D-06","('0077-PE-2005', 1)":null,"('0077-PE-2005', 2)":null},"('Tramites', 'FECHA')":{"('0077-PE-2005', 0)":null,"('0077-PE-2005', 1)":null,"('0077-PE-2005', 2)":null},"('Tramites', 'RESULTADO')":{"('0077-PE-2005', 0)":null,"('0077-PE-2005', 1)":null,"('0077-PE-2005', 2)":null},"Palabra Clave":{"('0077-PE-2005', 0)":" ","('0077-PE-2005', 1)":null,"('0077-PE-2005', 2)":null}}