{"Tipo de Proyecto":{"('0077-D-2005', 0)":"PROYECTO DE LEY","('0077-D-2005', 1)":null,"('0077-D-2005', 2)":null,"('0077-D-2005', 3)":null,"('0077-D-2005', 4)":null,"('0077-D-2005', 5)":null,"('0077-D-2005', 6)":null},"Iniciado en: ":{"('0077-D-2005', 0)":"Diputados","('0077-D-2005', 1)":null,"('0077-D-2005', 2)":null,"('0077-D-2005', 3)":null,"('0077-D-2005', 4)":null,"('0077-D-2005', 5)":null,"('0077-D-2005', 6)":null},"Expediente Diputados: ":{"('0077-D-2005', 0)":"0077-D-2005","('0077-D-2005', 1)":null,"('0077-D-2005', 2)":null,"('0077-D-2005', 3)":null,"('0077-D-2005', 4)":null,"('0077-D-2005', 5)":null,"('0077-D-2005', 6)":null},"Publicado en: ":{"('0077-D-2005', 0)":"Tr\u00e1mite Parlamentario N\u00b0 1","('0077-D-2005', 1)":null,"('0077-D-2005', 2)":null,"('0077-D-2005', 3)":null,"('0077-D-2005', 4)":null,"('0077-D-2005', 5)":null,"('0077-D-2005', 6)":null},"Fecha: ":{"('0077-D-2005', 0)":"01\/03\/2005","('0077-D-2005', 1)":null,"('0077-D-2005', 2)":null,"('0077-D-2005', 3)":null,"('0077-D-2005', 4)":null,"('0077-D-2005', 5)":null,"('0077-D-2005', 6)":null},"T\u00edtulo":{"('0077-D-2005', 0)":"REGIMEN DE HISTORIAS CLINICAS.","('0077-D-2005', 1)":null,"('0077-D-2005', 2)":null,"('0077-D-2005', 3)":null,"('0077-D-2005', 4)":null,"('0077-D-2005', 5)":null,"('0077-D-2005', 6)":null},"('Firmantes', 'FIRMANTE')":{"('0077-D-2005', 0)":"MONTEAGUDO, LUCRECIA","('0077-D-2005', 1)":"BASTEIRO, SERGIO ARIEL","('0077-D-2005', 2)":"JARQUE, MARGARITA OFELIA","('0077-D-2005', 3)":"MUSA, LAURA CRISTINA","('0077-D-2005', 4)":"MAFFEI, MARTA OLINDA","('0077-D-2005', 5)":"POLINO, HECTOR TEODORO","('0077-D-2005', 6)":"GONZALEZ, MARIA AMERICA"},"('Firmantes', 'DISTRITO')":{"('0077-D-2005', 0)":"BUENOS AIRES","('0077-D-2005', 1)":"BUENOS AIRES","('0077-D-2005', 2)":"BUENOS AIRES","('0077-D-2005', 3)":"CIUDAD de BUENOS AIRES","('0077-D-2005', 4)":"BUENOS AIRES","('0077-D-2005', 5)":"CIUDAD de BUENOS AIRES","('0077-D-2005', 6)":"CIUDAD de BUENOS AIRES"},"('Firmantes', 'BLOQUE')":{"('0077-D-2005', 0)":"PARTIDO INTRANSIGENTE","('0077-D-2005', 1)":"PARTIDO SOCIALISTA","('0077-D-2005', 2)":"ENCUENTRO","('0077-D-2005', 3)":"ARI","('0077-D-2005', 4)":"ARI","('0077-D-2005', 5)":"PARTIDO SOCIALISTA","('0077-D-2005', 6)":"ARI"},"('Giros', 'COMISI\u00d3N')":{"('0077-D-2005', 0)":"ACCION SOCIAL Y SALUD PUBLICA","('0077-D-2005', 1)":"JUSTICIA","('0077-D-2005', 2)":"DERECHOS HUMANOS Y GARANTIAS","('0077-D-2005', 3)":null,"('0077-D-2005', 4)":null,"('0077-D-2005', 5)":null,"('0077-D-2005', 6)":null},"Sumario":{"('0077-D-2005', 0)":"COMPOSICION DE LA HISTORIA CLINICA DEL PACIENTE; CONTENIDO; LIBRE ACCESO DEL PACIENTE A SU HISTORIA CLINICA; SUJETOS LEGITIMADOS PARA SOLICITAR LA HISTORIA CLINICA; RESPONSABILIDAD DEL DEPOSITARIO POR LOS DA\u00d1OS Y PERJUICIOS QUE POR EL USO INDISCRIMINADO PUDIERA SUFRIR LA HISTORIA CLINICA; RESPONSABILIDADES; PERIODO DE TIEMPO POR EL QUE DEBERA SER GUARDADA LA HISTORIA CLINICA DEL PACIENTE; DERECHO DE TODO PACIENTE, TITULAR O CUALQUIERA DE LAS PERSONAS MENCIONADAS EN LA PRESENTE NORMA COMO SUJETOS LEGITIMADOS PARA EJERCER UNA ACCION DIRECTA DE HABEAS DATA; ENTREGA DE COPIAS DE LA HISTORIA CLINICA DEBIDAMENTE CERTIFICADAS POR AUTORIDAD SANITARIA DEL CENTRO DEPOSITARIO; SUJETOS IMPEDIDOS DE SOLICITAR LAS HISTORIAS CLINICAS; CASO DE EMERGENCIA SANITARIA O EPIDEMIOLOGICA.","('0077-D-2005', 1)":null,"('0077-D-2005', 2)":null,"('0077-D-2005', 3)":null,"('0077-D-2005', 4)":null,"('0077-D-2005', 5)":null,"('0077-D-2005', 6)":null},"Palabra Clave":{"('0077-D-2005', 0)":" ","('0077-D-2005', 1)":null,"('0077-D-2005', 2)":null,"('0077-D-2005', 3)":null,"('0077-D-2005', 4)":null,"('0077-D-2005', 5)":null,"('0077-D-2005', 6)":null}}