{"Tipo de Proyecto":{"('0077-S-2005', 0)":"PROYECTO DE LEY","('0077-S-2005', 1)":null},"Iniciado en: ":{"('0077-S-2005', 0)":"Senado","('0077-S-2005', 1)":null},"Expediente Senado: ":{"('0077-S-2005', 0)":"0077-S-2005","('0077-S-2005', 1)":null},"Publicado en: ":{"('0077-S-2005', 0)":"Diario de Asuntos Entrados N\u00b0 4","('0077-S-2005', 1)":null},"Fecha: ":{"('0077-S-2005', 0)":"02\/03\/2005","('0077-S-2005', 1)":null},"T\u00edtulo":{"('0077-S-2005', 0)":"INCORPORAR A LA LEY 23592 DE DISCRIMINACION, AQUELLOS ACTOS VINCULADOS CON LA ORIENTACION SEXUAL O IDENTIDAD DE GENERO (REPRODUCCION DEL EXPEDIENTE 1780-S-03).","('0077-S-2005', 1)":null},"('Firmantes', 'FIRMANTE')":{"('0077-S-2005', 0)":"CONTI, DIANA BEATRIZ","('0077-S-2005', 1)":null},"('Firmantes', 'DISTRITO')":{"('0077-S-2005', 0)":"BUENOS AIRES","('0077-S-2005', 1)":null},"('Firmantes', 'BLOQUE')":{"('0077-S-2005', 0)":"FREPASO","('0077-S-2005', 1)":null},"('Tramites', 'C\u00c1MARA')":{"('0077-S-2005', 0)":"Senado","('0077-S-2005', 1)":"Diputados"},"('Tramites', 'MOVIMIENTO')":{"('0077-S-2005', 0)":"CONSIDERACION Y APROBACION CONJUNTAMENTE PARA LOS EXPEDIENTES 0269-S-2005, 4161-S-2004 y 0077-S-2005","('0077-S-2005', 1)":"PASA A DIPUTADOS - CONJUNTAMENTE PARA LOS EXPEDIENTES 0269-S-2005, 4161-S-2004 y 0077-S-2005"},"('Tramites', 'FECHA')":{"('0077-S-2005', 0)":"30\/11\/2005","('0077-S-2005', 1)":null},"('Tramites', 'RESULTADO')":{"('0077-S-2005', 0)":"MEDIA SANCION","('0077-S-2005', 1)":null},"Link":{"('0077-S-2005', 0)":"http:\/\/www.senado.gov.ar\/parlamentario\/comisiones\/verExp\/77.05\/S\/PL","('0077-S-2005', 1)":null},"Palabra Clave":{"('0077-S-2005', 0)":" ","('0077-S-2005', 1)":null}}