{"Tipo de Proyecto":{"('0078-S-2005', 0)":"PROYECTO DE LEY"},"Iniciado en: ":{"('0078-S-2005', 0)":"Senado"},"Expediente Senado: ":{"('0078-S-2005', 0)":"0078-S-2005"},"Publicado en: ":{"('0078-S-2005', 0)":"Diario de Asuntos Entrados N\u00b0 4"},"Fecha: ":{"('0078-S-2005', 0)":"02\/03\/2005"},"T\u00edtulo":{"('0078-S-2005', 0)":"INCORPORAR COMO DIAS NO LABORABLES LOS LUNES Y MARTES DE CARNAVAL A LOS MENCIONADOS EN LA LEY 24445, VIGENTE EN TODO EL TERRITORIO DE LA NACION, PARA FOMENTAR EL TURISMO Y RECUPERAR COSTUMBRES POPULARES (REPRODUCCION DEL EXPEDIENTE 3518-S-03)."},"('Firmantes', 'FIRMANTE')":{"('0078-S-2005', 0)":"CONTI, DIANA BEATRIZ"},"('Firmantes', 'DISTRITO')":{"('0078-S-2005', 0)":"BUENOS AIRES"},"('Firmantes', 'BLOQUE')":{"('0078-S-2005', 0)":"FREPASO"},"Link":{"('0078-S-2005', 0)":"http:\/\/www.senado.gov.ar\/parlamentario\/comisiones\/verExp\/78.05\/S\/PL"},"Palabra Clave":{"('0078-S-2005', 0)":" "}}