{"Tipo de Proyecto":{"('0078-PE-2005', 0)":"MENSAJE NRO: 1749\/05","('0078-PE-2005', 1)":null,"('0078-PE-2005', 2)":null},"Iniciado en: ":{"('0078-PE-2005', 0)":"Diputados","('0078-PE-2005', 1)":null,"('0078-PE-2005', 2)":null},"Expediente Diputados: ":{"('0078-PE-2005', 0)":"0078-PE-2005","('0078-PE-2005', 1)":null,"('0078-PE-2005', 2)":null},"Publicado en: ":{"('0078-PE-2005', 0)":"Tr\u00e1mite Parlamentario N\u00b0 187","('0078-PE-2005', 1)":null,"('0078-PE-2005', 2)":null},"Fecha: ":{"('0078-PE-2005', 0)":"02\/01\/2006","('0078-PE-2005', 1)":null,"('0078-PE-2005', 2)":null},"T\u00edtulo":{"('0078-PE-2005', 0)":"COMUNICACION DEL DECRETO 1748\/05 POR EL CUAL SE MODIFICA EL PRESUPUESTO DE LA ADMINISTRACION NACIONAL PARA EL EJERCICIO 2005.","('0078-PE-2005', 1)":null,"('0078-PE-2005', 2)":null},"('Firmantes', 'FIRMANTE')":{"('0078-PE-2005', 0)":"KIRCHNER, NESTOR CARLOS","('0078-PE-2005', 1)":"FERNANDEZ, ALBERTO","('0078-PE-2005', 2)":"MICELI, FELISA JOSEFINA"},"('Firmantes', 'DISTRITO')":{"('0078-PE-2005', 0)":null,"('0078-PE-2005', 1)":null,"('0078-PE-2005', 2)":null},"('Firmantes', 'BLOQUE')":{"('0078-PE-2005', 0)":"PODER EJECUTIVO","('0078-PE-2005', 1)":"PODER EJECUTIVO","('0078-PE-2005', 2)":"PODER EJECUTIVO"},"('Giros', 'COMISI\u00d3N')":{"('0078-PE-2005', 0)":"PRESUPUESTO Y HACIENDA","('0078-PE-2005', 1)":null,"('0078-PE-2005', 2)":null},"('Tramites', 'C\u00c1MARA')":{"('0078-PE-2005', 0)":"Diputados","('0078-PE-2005', 1)":null,"('0078-PE-2005', 2)":null},"('Tramites', 'MOVIMIENTO')":{"('0078-PE-2005', 0)":"VER TRAMITE EN EXPEDIENTE 7450-D-06","('0078-PE-2005', 1)":null,"('0078-PE-2005', 2)":null},"('Tramites', 'FECHA')":{"('0078-PE-2005', 0)":null,"('0078-PE-2005', 1)":null,"('0078-PE-2005', 2)":null},"('Tramites', 'RESULTADO')":{"('0078-PE-2005', 0)":null,"('0078-PE-2005', 1)":null,"('0078-PE-2005', 2)":null},"Palabra Clave":{"('0078-PE-2005', 0)":" ","('0078-PE-2005', 1)":null,"('0078-PE-2005', 2)":null}}