{"Tipo de Proyecto":{"('0079-S-2005', 0)":"PROYECTO DE RESOLUCI\u00d3N","('0079-S-2005', 1)":null,"('0079-S-2005', 2)":null,"('0079-S-2005', 3)":null},"Iniciado en: ":{"('0079-S-2005', 0)":"Senado","('0079-S-2005', 1)":null,"('0079-S-2005', 2)":null,"('0079-S-2005', 3)":null},"Expediente Diputados: ":{"('0079-S-2005', 0)":"0079-S-2005","('0079-S-2005', 1)":null,"('0079-S-2005', 2)":null,"('0079-S-2005', 3)":null},"Expediente Senado: ":{"('0079-S-2005', 0)":"0697-OV-2003","('0079-S-2005', 1)":null,"('0079-S-2005', 2)":null,"('0079-S-2005', 3)":null},"Fecha: ":{"('0079-S-2005', 0)":"18\/04\/2005","('0079-S-2005', 1)":null,"('0079-S-2005', 2)":null,"('0079-S-2005', 3)":null},"T\u00edtulo":{"('0079-S-2005', 0)":"PEDIDO DE INFORMES AL PODER EJECUTIVO SOBRE RESOLUCIONES REMITIDAS POR LA AUDITORIA GENERAL DE LA NACION ACERCA DE LOS ESTADOS FINANCIEROS AL 31 DE DICIEMBRE DE 2002 (0697-OV-03) Y 31 DE DICIEMBRE 2003 (0375-OV-04) CORRESPONDIENTES AL PROGRAMA DE FORTALECIMIENTO INSTITUCIONAL Y DE APOYO AL ENTORNO PRODUCTIVO REGIONAL DE LAS PROVINCIAS DE MENOR DESARROLLO RELATIVO, FAPEP - CARTA DE ACUERDO 1353\/OC-AR BID.","('0079-S-2005', 1)":null,"('0079-S-2005', 2)":null,"('0079-S-2005', 3)":null},"('Firmantes', 'FIRMANTE')":{"('0079-S-2005', 0)":"PARLAMENTARIA MIXTA REVISORA DE CUENTAS","('0079-S-2005', 1)":null,"('0079-S-2005', 2)":null,"('0079-S-2005', 3)":null},"('Firmantes', 'DISTRITO')":{"('0079-S-2005', 0)":null,"('0079-S-2005', 1)":null,"('0079-S-2005', 2)":null,"('0079-S-2005', 3)":null},"('Firmantes', 'BLOQUE')":{"('0079-S-2005', 0)":null,"('0079-S-2005', 1)":null,"('0079-S-2005', 2)":null,"('0079-S-2005', 3)":null},"('Giros', 'COMISI\u00d3N')":{"('0079-S-2005', 0)":"PARLAMENTARIA MIXTA REVISORA DE CUENTAS","('0079-S-2005', 1)":null,"('0079-S-2005', 2)":null,"('0079-S-2005', 3)":null},"('Tramites', 'C\u00c1MARA')":{"('0079-S-2005', 0)":"Senado","('0079-S-2005', 1)":"Diputados","('0079-S-2005', 2)":"Diputados","('0079-S-2005', 3)":"Diputados"},"('Tramites', 'MOVIMIENTO')":{"('0079-S-2005', 0)":"CONSIDERACION Y APROBACION","('0079-S-2005', 1)":"PASA A DIPUTADOS -","('0079-S-2005', 2)":"CONSIDERACION Y APROBACION","('0079-S-2005', 3)":"CONTESTACION DEL PODER EJECUTIVO NACIONAL - JEFE DE GABINETE DE MINISTROS - GIRADO A LA COMISION RESPECTIVA"},"('Tramites', 'FECHA')":{"('0079-S-2005', 0)":"18\/05\/2005","('0079-S-2005', 1)":null,"('0079-S-2005', 2)":"07\/07\/2005","('0079-S-2005', 3)":"11\/03\/2009"},"('Tramites', 'RESULTADO')":{"('0079-S-2005', 0)":"APROBADO","('0079-S-2005', 1)":null,"('0079-S-2005', 2)":"APROBADO","('0079-S-2005', 3)":null},"Link":{"('0079-S-2005', 0)":"http:\/\/www.senado.gov.ar\/parlamentario\/comisiones\/verExp\/697.03\/OV\/PR","('0079-S-2005', 1)":null,"('0079-S-2005', 2)":null,"('0079-S-2005', 3)":null},"Palabra Clave":{"('0079-S-2005', 0)":" ","('0079-S-2005', 1)":null,"('0079-S-2005', 2)":null,"('0079-S-2005', 3)":null}}