{"Tipo de Proyecto":{"('0079-PE-2005', 0)":"MENSAJE NRO: 0028\/06","('0079-PE-2005', 1)":null,"('0079-PE-2005', 2)":null},"Iniciado en: ":{"('0079-PE-2005', 0)":"Diputados","('0079-PE-2005', 1)":null,"('0079-PE-2005', 2)":null},"Expediente Diputados: ":{"('0079-PE-2005', 0)":"0079-PE-2005","('0079-PE-2005', 1)":null,"('0079-PE-2005', 2)":null},"Publicado en: ":{"('0079-PE-2005', 0)":"Tr\u00e1mite Parlamentario N\u00b0 187","('0079-PE-2005', 1)":null,"('0079-PE-2005', 2)":null},"Fecha: ":{"('0079-PE-2005', 0)":"02\/01\/2006","('0079-PE-2005', 1)":null,"('0079-PE-2005', 2)":null},"T\u00edtulo":{"('0079-PE-2005', 0)":"COMUNICACION DEL DECRETO 8\/06 POR EL CUAL SE OBSERVA PARCIALMENTE Y SE PROMULGA LA LEY 26078, DE PRESUPUESTO DE LA ADMINISTRACION NACIONAL PARA EL EJERCICIO 2006.","('0079-PE-2005', 1)":null,"('0079-PE-2005', 2)":null},"('Firmantes', 'FIRMANTE')":{"('0079-PE-2005', 0)":"KIRCHNER, NESTOR CARLOS","('0079-PE-2005', 1)":"FERNANDEZ, ALBERTO","('0079-PE-2005', 2)":"MICELI, FELISA JOSEFINA"},"('Firmantes', 'DISTRITO')":{"('0079-PE-2005', 0)":null,"('0079-PE-2005', 1)":null,"('0079-PE-2005', 2)":null},"('Firmantes', 'BLOQUE')":{"('0079-PE-2005', 0)":"PODER EJECUTIVO","('0079-PE-2005', 1)":"PODER EJECUTIVO","('0079-PE-2005', 2)":"PODER EJECUTIVO"},"('Giros', 'COMISI\u00d3N')":{"('0079-PE-2005', 0)":"PRESUPUESTO Y HACIENDA","('0079-PE-2005', 1)":null,"('0079-PE-2005', 2)":null},"Palabra Clave":{"('0079-PE-2005', 0)":" ","('0079-PE-2005', 1)":null,"('0079-PE-2005', 2)":null}}