{"Tipo de Proyecto":{"('0080-PE-2005', 0)":"MENSAJE NRO: 0049\/06","('0080-PE-2005', 1)":null,"('0080-PE-2005', 2)":null},"Iniciado en: ":{"('0080-PE-2005', 0)":"Diputados","('0080-PE-2005', 1)":null,"('0080-PE-2005', 2)":null},"Expediente Diputados: ":{"('0080-PE-2005', 0)":"0080-PE-2005","('0080-PE-2005', 1)":null,"('0080-PE-2005', 2)":null},"Publicado en: ":{"('0080-PE-2005', 0)":"Tr\u00e1mite Parlamentario N\u00b0 187","('0080-PE-2005', 1)":null,"('0080-PE-2005', 2)":null},"Fecha: ":{"('0080-PE-2005', 0)":"02\/01\/2006","('0080-PE-2005', 1)":null,"('0080-PE-2005', 2)":null},"T\u00edtulo":{"('0080-PE-2005', 0)":"COMUNICACION DEL DECRETO 48\/06, POR EL CUAL SE HOMOLOGAN LAS ACTAS ACUERDO DE LA COMISION NEGOCIADORA SECTORIAL CORRESPONDIENTE A LA CARRERA DEL PERSONAL DE  GUARDAPARQUES NACIONALES Y SUS RESPECTIVOS ANEXOS.\n","('0080-PE-2005', 1)":null,"('0080-PE-2005', 2)":null},"('Firmantes', 'FIRMANTE')":{"('0080-PE-2005', 0)":"KIRCHNER, NESTOR CARLOS","('0080-PE-2005', 1)":"FERNANDEZ, ALBERTO","('0080-PE-2005', 2)":"TOMADA, CARLOS"},"('Firmantes', 'DISTRITO')":{"('0080-PE-2005', 0)":null,"('0080-PE-2005', 1)":null,"('0080-PE-2005', 2)":null},"('Firmantes', 'BLOQUE')":{"('0080-PE-2005', 0)":"PODER EJECUTIVO","('0080-PE-2005', 1)":"PODER EJECUTIVO","('0080-PE-2005', 2)":"PODER EJECUTIVO"},"('Giros', 'COMISI\u00d3N')":{"('0080-PE-2005', 0)":"LEGISLACION DEL TRABAJO","('0080-PE-2005', 1)":"RECURSOS NATURALES Y CONSERVACION DEL AMBIENTE HUMANO","('0080-PE-2005', 2)":null},"('Tramites', 'C\u00c1MARA')":{"('0080-PE-2005', 0)":"Diputados","('0080-PE-2005', 1)":null,"('0080-PE-2005', 2)":null},"('Tramites', 'MOVIMIENTO')":{"('0080-PE-2005', 0)":"VER TRAMITE EN EXPEDIENTE 7059-D-06","('0080-PE-2005', 1)":null,"('0080-PE-2005', 2)":null},"('Tramites', 'FECHA')":{"('0080-PE-2005', 0)":null,"('0080-PE-2005', 1)":null,"('0080-PE-2005', 2)":null},"('Tramites', 'RESULTADO')":{"('0080-PE-2005', 0)":null,"('0080-PE-2005', 1)":null,"('0080-PE-2005', 2)":null},"Palabra Clave":{"('0080-PE-2005', 0)":" ","('0080-PE-2005', 1)":null,"('0080-PE-2005', 2)":null}}