{"Tipo de Proyecto":{"('0080-S-2005', 0)":"PROYECTO DE RESOLUCI\u00d3N","('0080-S-2005', 1)":null,"('0080-S-2005', 2)":null,"('0080-S-2005', 3)":null},"Iniciado en: ":{"('0080-S-2005', 0)":"Senado","('0080-S-2005', 1)":null,"('0080-S-2005', 2)":null,"('0080-S-2005', 3)":null},"Expediente Diputados: ":{"('0080-S-2005', 0)":"0080-S-2005","('0080-S-2005', 1)":null,"('0080-S-2005', 2)":null,"('0080-S-2005', 3)":null},"Expediente Senado: ":{"('0080-S-2005', 0)":"0681-OV-2003","('0080-S-2005', 1)":null,"('0080-S-2005', 2)":null,"('0080-S-2005', 3)":null},"Fecha: ":{"('0080-S-2005', 0)":"18\/04\/2005","('0080-S-2005', 1)":null,"('0080-S-2005', 2)":null,"('0080-S-2005', 3)":null},"T\u00edtulo":{"('0080-S-2005', 0)":"PEDIDO DE INFORMES AL PODER EJECUTIVO SOBRE RESOLUCION REMITIDA POR LA AUDITORIA GENERAL DE LA NACION ACERCA DE LOS ESTADOS FINANCIEROS AL 31 DE DICIEMBRE DE 2002 DEL PROYECTO PNUD ARG\/96\/001, FORTALECIMIENTO DE LA SECRETARIA DE EMPLEO Y CAPACITACION LABORAL.","('0080-S-2005', 1)":null,"('0080-S-2005', 2)":null,"('0080-S-2005', 3)":null},"('Firmantes', 'FIRMANTE')":{"('0080-S-2005', 0)":"PARLAMENTARIA MIXTA REVISORA DE CUENTAS","('0080-S-2005', 1)":null,"('0080-S-2005', 2)":null,"('0080-S-2005', 3)":null},"('Firmantes', 'DISTRITO')":{"('0080-S-2005', 0)":null,"('0080-S-2005', 1)":null,"('0080-S-2005', 2)":null,"('0080-S-2005', 3)":null},"('Firmantes', 'BLOQUE')":{"('0080-S-2005', 0)":null,"('0080-S-2005', 1)":null,"('0080-S-2005', 2)":null,"('0080-S-2005', 3)":null},"('Giros', 'COMISI\u00d3N')":{"('0080-S-2005', 0)":"PARLAMENTARIA MIXTA REVISORA DE CUENTAS","('0080-S-2005', 1)":null,"('0080-S-2005', 2)":null,"('0080-S-2005', 3)":null},"('Tramites', 'C\u00c1MARA')":{"('0080-S-2005', 0)":"Senado","('0080-S-2005', 1)":"Diputados","('0080-S-2005', 2)":"Diputados","('0080-S-2005', 3)":"Diputados"},"('Tramites', 'MOVIMIENTO')":{"('0080-S-2005', 0)":"CONSIDERACION Y APROBACION","('0080-S-2005', 1)":"PASA A DIPUTADOS -","('0080-S-2005', 2)":"CONSIDERACION Y APROBACION","('0080-S-2005', 3)":"CONTESTACION DEL PODER EJECUTIVO NACIONAL - JEFE DE GABINETE DE MINISTROS - GIRADO A LA COMISION RESPECTIVA"},"('Tramites', 'FECHA')":{"('0080-S-2005', 0)":"18\/05\/2005","('0080-S-2005', 1)":null,"('0080-S-2005', 2)":"07\/07\/2005","('0080-S-2005', 3)":"28\/06\/2006"},"('Tramites', 'RESULTADO')":{"('0080-S-2005', 0)":"APROBADO","('0080-S-2005', 1)":null,"('0080-S-2005', 2)":"APROBADO","('0080-S-2005', 3)":null},"Link":{"('0080-S-2005', 0)":"http:\/\/www.senado.gov.ar\/parlamentario\/comisiones\/verExp\/681.03\/OV\/PR","('0080-S-2005', 1)":null,"('0080-S-2005', 2)":null,"('0080-S-2005', 3)":null},"Palabra Clave":{"('0080-S-2005', 0)":" ","('0080-S-2005', 1)":null,"('0080-S-2005', 2)":null,"('0080-S-2005', 3)":null}}