{"Tipo de Proyecto":{"('0082-S-2005', 0)":"PROYECTO DE RESOLUCI\u00d3N","('0082-S-2005', 1)":null,"('0082-S-2005', 2)":null,"('0082-S-2005', 3)":null},"Iniciado en: ":{"('0082-S-2005', 0)":"Senado","('0082-S-2005', 1)":null,"('0082-S-2005', 2)":null,"('0082-S-2005', 3)":null},"Expediente Diputados: ":{"('0082-S-2005', 0)":"0082-S-2005","('0082-S-2005', 1)":null,"('0082-S-2005', 2)":null,"('0082-S-2005', 3)":null},"Expediente Senado: ":{"('0082-S-2005', 0)":"0377-OV-2004","('0082-S-2005', 1)":null,"('0082-S-2005', 2)":null,"('0082-S-2005', 3)":null},"Fecha: ":{"('0082-S-2005', 0)":"22\/04\/2005","('0082-S-2005', 1)":null,"('0082-S-2005', 2)":null,"('0082-S-2005', 3)":null},"T\u00edtulo":{"('0082-S-2005', 0)":"PEDIDO DE INFORMES AL PODER EJECUTIVO SOBRE RESOLUCION REMITIDA POR LA AUDITORIA GENERAL DE LA NACION ACERCA DE LOS ESTADOS FINANCIEROS AL 31 DE DICIEMBRE DE 2003 CORRESPONDIENTES AL PROYECTO DE GESTION DE LA CONTAMINACION - CONVENIO DE PRESTAMO 4281-AR BIRF.","('0082-S-2005', 1)":null,"('0082-S-2005', 2)":null,"('0082-S-2005', 3)":null},"('Firmantes', 'FIRMANTE')":{"('0082-S-2005', 0)":"PARLAMENTARIA MIXTA REVISORA DE CUENTAS","('0082-S-2005', 1)":null,"('0082-S-2005', 2)":null,"('0082-S-2005', 3)":null},"('Firmantes', 'DISTRITO')":{"('0082-S-2005', 0)":null,"('0082-S-2005', 1)":null,"('0082-S-2005', 2)":null,"('0082-S-2005', 3)":null},"('Firmantes', 'BLOQUE')":{"('0082-S-2005', 0)":null,"('0082-S-2005', 1)":null,"('0082-S-2005', 2)":null,"('0082-S-2005', 3)":null},"('Giros', 'COMISI\u00d3N')":{"('0082-S-2005', 0)":"PARLAMENTARIA MIXTA REVISORA DE CUENTAS","('0082-S-2005', 1)":null,"('0082-S-2005', 2)":null,"('0082-S-2005', 3)":null},"('Tramites', 'C\u00c1MARA')":{"('0082-S-2005', 0)":"Senado","('0082-S-2005', 1)":"Diputados","('0082-S-2005', 2)":"Diputados","('0082-S-2005', 3)":"Diputados"},"('Tramites', 'MOVIMIENTO')":{"('0082-S-2005', 0)":"CONSIDERACION Y APROBACION","('0082-S-2005', 1)":"PASA A DIPUTADOS -","('0082-S-2005', 2)":"CONSIDERACION Y APROBACION","('0082-S-2005', 3)":"CONTESTACION DEL PODER EJECUTIVO NACIONAL - JEFE DE GABINETE DE MINISTROS - GIRADO A LA COMISION RESPECTIVA"},"('Tramites', 'FECHA')":{"('0082-S-2005', 0)":"18\/05\/2005","('0082-S-2005', 1)":null,"('0082-S-2005', 2)":"07\/07\/2005","('0082-S-2005', 3)":"14\/12\/2005"},"('Tramites', 'RESULTADO')":{"('0082-S-2005', 0)":"APROBADO","('0082-S-2005', 1)":null,"('0082-S-2005', 2)":"APROBADO","('0082-S-2005', 3)":null},"Link":{"('0082-S-2005', 0)":"http:\/\/www.senado.gov.ar\/parlamentario\/comisiones\/verExp\/377.04\/OV\/PR","('0082-S-2005', 1)":null,"('0082-S-2005', 2)":null,"('0082-S-2005', 3)":null},"Palabra Clave":{"('0082-S-2005', 0)":" ","('0082-S-2005', 1)":null,"('0082-S-2005', 2)":null,"('0082-S-2005', 3)":null}}