{"Tipo de Proyecto":{"('0082-D-2005', 0)":"PROYECTO DE LEY","('0082-D-2005', 1)":null},"Iniciado en: ":{"('0082-D-2005', 0)":"Diputados","('0082-D-2005', 1)":null},"Expediente Diputados: ":{"('0082-D-2005', 0)":"0082-D-2005","('0082-D-2005', 1)":null},"Publicado en: ":{"('0082-D-2005', 0)":"Tr\u00e1mite Parlamentario N\u00b0 1","('0082-D-2005', 1)":null},"Fecha: ":{"('0082-D-2005', 0)":"01\/03\/2005","('0082-D-2005', 1)":null},"T\u00edtulo":{"('0082-D-2005', 0)":"CREACION DEL JUZGADO FEDERAL DE PRIMERA INSTANCIA CON ASIENTO EN LA CIUDAD CAPITAL DE LA PROVINCIA DE CORDOBA.","('0082-D-2005', 1)":null},"('Firmantes', 'FIRMANTE')":{"('0082-D-2005', 0)":"MONTOYA, JORGE LUCIANO","('0082-D-2005', 1)":null},"('Firmantes', 'DISTRITO')":{"('0082-D-2005', 0)":"CORDOBA","('0082-D-2005', 1)":null},"('Firmantes', 'BLOQUE')":{"('0082-D-2005', 0)":"JUSTICIALISTA","('0082-D-2005', 1)":null},"('Giros', 'COMISI\u00d3N')":{"('0082-D-2005', 0)":"JUSTICIA","('0082-D-2005', 1)":"PRESUPUESTO Y HACIENDA"},"Palabra Clave":{"('0082-D-2005', 0)":" ","('0082-D-2005', 1)":null}}