{"Tipo de Proyecto":{"('0082-PE-2005', 0)":"MENSAJE NRO: 0093\/06","('0082-PE-2005', 1)":null,"('0082-PE-2005', 2)":null},"Iniciado en: ":{"('0082-PE-2005', 0)":"Diputados","('0082-PE-2005', 1)":null,"('0082-PE-2005', 2)":null},"Expediente Diputados: ":{"('0082-PE-2005', 0)":"0082-PE-2005","('0082-PE-2005', 1)":null,"('0082-PE-2005', 2)":null},"Publicado en: ":{"('0082-PE-2005', 0)":"Tr\u00e1mite Parlamentario N\u00b0 187","('0082-PE-2005', 1)":null,"('0082-PE-2005', 2)":null},"Fecha: ":{"('0082-PE-2005', 0)":"02\/01\/2006","('0082-PE-2005', 1)":null,"('0082-PE-2005', 2)":null},"T\u00edtulo":{"('0082-PE-2005', 0)":"COMUNICACION DEL DICTADO DEL DECRETO 92\/06 POR EL QUE SE INTRODUCEN MODIFICACIONES AL ESTATUTO DE LA POLICIA DE ESTABLECIMIENTOS NAVALES (DECRETO LEY 5177\/58 Y SUS MODIFICATORIAS).","('0082-PE-2005', 1)":null,"('0082-PE-2005', 2)":null},"('Firmantes', 'FIRMANTE')":{"('0082-PE-2005', 0)":"KIRCHNER, NESTOR CARLOS","('0082-PE-2005', 1)":"FERNANDEZ, ALBERTO","('0082-PE-2005', 2)":"GARRE, NILDA CELIA"},"('Firmantes', 'DISTRITO')":{"('0082-PE-2005', 0)":null,"('0082-PE-2005', 1)":null,"('0082-PE-2005', 2)":null},"('Firmantes', 'BLOQUE')":{"('0082-PE-2005', 0)":"PODER EJECUTIVO","('0082-PE-2005', 1)":"PODER EJECUTIVO","('0082-PE-2005', 2)":"PODER EJECUTIVO"},"('Giros', 'COMISI\u00d3N')":{"('0082-PE-2005', 0)":"LEGISLACION DEL TRABAJO","('0082-PE-2005', 1)":"PRESUPUESTO Y HACIENDA","('0082-PE-2005', 2)":null},"('Tramites', 'C\u00c1MARA')":{"('0082-PE-2005', 0)":"Diputados","('0082-PE-2005', 1)":null,"('0082-PE-2005', 2)":null},"('Tramites', 'MOVIMIENTO')":{"('0082-PE-2005', 0)":"VER TRAMITE EN EXPEDIENTE 7059-D-06","('0082-PE-2005', 1)":null,"('0082-PE-2005', 2)":null},"('Tramites', 'FECHA')":{"('0082-PE-2005', 0)":null,"('0082-PE-2005', 1)":null,"('0082-PE-2005', 2)":null},"('Tramites', 'RESULTADO')":{"('0082-PE-2005', 0)":null,"('0082-PE-2005', 1)":null,"('0082-PE-2005', 2)":null},"Palabra Clave":{"('0082-PE-2005', 0)":" ","('0082-PE-2005', 1)":null,"('0082-PE-2005', 2)":null}}