{"Tipo de Proyecto":{"('0083-D-2005', 0)":"PROYECTO DE DECLARACI\u00d3N"},"Iniciado en: ":{"('0083-D-2005', 0)":"Diputados"},"Expediente Diputados: ":{"('0083-D-2005', 0)":"0083-D-2005"},"Publicado en: ":{"('0083-D-2005', 0)":"Tr\u00e1mite Parlamentario N\u00b0 1"},"Fecha: ":{"('0083-D-2005', 0)":"01\/03\/2005"},"T\u00edtulo":{"('0083-D-2005', 0)":"DECLARAR DE INTERES PARA LA H CAMARA DE DIPUTADOS EL EVENTO DENOMINADO \"IFE 05: INTERNATIONAL FOOD AND DRINK EXHIBITION\", A REALIZARSE DEL 13 AL 16 DE MARZO DE 2005 EN LONDRES, REINO UNIDO DE GRAN BRETA\u00d1A E IRLANDA DEL NORTE."},"('Firmantes', 'FIRMANTE')":{"('0083-D-2005', 0)":"BROWN, CARLOS RAMON"},"('Firmantes', 'DISTRITO')":{"('0083-D-2005', 0)":"BUENOS AIRES"},"('Firmantes', 'BLOQUE')":{"('0083-D-2005', 0)":"JUSTICIALISTA"},"('Giros', 'COMISI\u00d3N')":{"('0083-D-2005', 0)":"AGRICULTURA Y GANADERIA"},"('Tramites', 'C\u00c1MARA')":{"('0083-D-2005', 0)":"Diputados"},"('Tramites', 'MOVIMIENTO')":{"('0083-D-2005', 0)":"CONSIDERACION Y APROBACION"},"('Tramites', 'FECHA')":{"('0083-D-2005', 0)":"20\/04\/2005"},"('Tramites', 'RESULTADO')":{"('0083-D-2005', 0)":"APROBADO"},"Palabra Clave":{"('0083-D-2005', 0)":" "}}