{"Tipo de Proyecto":{"('0083-PE-2005', 0)":"MENSAJE NRO: 0137\/06 Y PROYECTO DE LEY","('0083-PE-2005', 1)":null,"('0083-PE-2005', 2)":null},"Iniciado en: ":{"('0083-PE-2005', 0)":"Diputados","('0083-PE-2005', 1)":null,"('0083-PE-2005', 2)":null},"Expediente Diputados: ":{"('0083-PE-2005', 0)":"0083-PE-2005","('0083-PE-2005', 1)":null,"('0083-PE-2005', 2)":null},"Publicado en: ":{"('0083-PE-2005', 0)":"Tr\u00e1mite Parlamentario N\u00b0 189","('0083-PE-2005', 1)":null,"('0083-PE-2005', 2)":null},"Fecha: ":{"('0083-PE-2005', 0)":"08\/02\/2006","('0083-PE-2005', 1)":null,"('0083-PE-2005', 2)":null},"T\u00edtulo":{"('0083-PE-2005', 0)":"TRANSFERENCIA A TITULO GRATUITO DE UN INMUEBLE PROPIEDAD DEL ESTADO NACIONAL A LA IGLESIA CATOLICA APOSTOLICA ROMANA, ARZOBISPADO DE BUENOS AIRES. ","('0083-PE-2005', 1)":null,"('0083-PE-2005', 2)":null},"('Firmantes', 'FIRMANTE')":{"('0083-PE-2005', 0)":"KIRCHNER, NESTOR CARLOS","('0083-PE-2005', 1)":"FERNANDEZ, ALBERTO","('0083-PE-2005', 2)":"TAIANA, JORGE ENRIQUE"},"('Firmantes', 'DISTRITO')":{"('0083-PE-2005', 0)":null,"('0083-PE-2005', 1)":null,"('0083-PE-2005', 2)":null},"('Firmantes', 'BLOQUE')":{"('0083-PE-2005', 0)":"PODER EJECUTIVO","('0083-PE-2005', 1)":"PODER EJECUTIVO","('0083-PE-2005', 2)":"PODER EJECUTIVO"},"('Giros', 'COMISI\u00d3N')":{"('0083-PE-2005', 0)":"LEGISLACION GENERAL","('0083-PE-2005', 1)":"OBRAS PUBLICAS","('0083-PE-2005', 2)":"RELACIONES EXTERIORES Y CULTO"},"Sumario":{"('0083-PE-2005', 0)":"DELIMITACION Y NOMENCLATURA CATASTRAL; ESCRITURA TRASLATIVA DE DOMINIO.","('0083-PE-2005', 1)":null,"('0083-PE-2005', 2)":null},"Palabra Clave":{"('0083-PE-2005', 0)":" ","('0083-PE-2005', 1)":null,"('0083-PE-2005', 2)":null}}