{"Tipo de Proyecto":{"('0084-PE-2005', 0)":"MENSAJE NRO: 0138\/06 Y PROYECTO DE LEY","('0084-PE-2005', 1)":null,"('0084-PE-2005', 2)":null,"('0084-PE-2005', 3)":null},"Iniciado en: ":{"('0084-PE-2005', 0)":"Diputados","('0084-PE-2005', 1)":null,"('0084-PE-2005', 2)":null,"('0084-PE-2005', 3)":null},"Expediente Diputados: ":{"('0084-PE-2005', 0)":"0084-PE-2005","('0084-PE-2005', 1)":null,"('0084-PE-2005', 2)":null,"('0084-PE-2005', 3)":null},"Expediente Senado: ":{"('0084-PE-2005', 0)":"0102-CD-2006","('0084-PE-2005', 1)":null,"('0084-PE-2005', 2)":null,"('0084-PE-2005', 3)":null},"Publicado en: ":{"('0084-PE-2005', 0)":"Tr\u00e1mite Parlamentario N\u00b0 189","('0084-PE-2005', 1)":null,"('0084-PE-2005', 2)":null,"('0084-PE-2005', 3)":null},"Fecha: ":{"('0084-PE-2005', 0)":"08\/02\/2006","('0084-PE-2005', 1)":null,"('0084-PE-2005', 2)":null,"('0084-PE-2005', 3)":null},"T\u00edtulo":{"('0084-PE-2005', 0)":"MODIFICACION DE LA LEY 25630, DE CAMPA\u00d1A NACIONAL PARA LA PREVENCION DE MALFORMACIONES DE NACIMIENTO EN EL CEREBRO, LA MEDULA ESPINAL Y OTROS ORGANOS MEDIANTE LA UTILIZACION DE ACIDO FOLICO.","('0084-PE-2005', 1)":null,"('0084-PE-2005', 2)":null,"('0084-PE-2005', 3)":null},"('Firmantes', 'FIRMANTE')":{"('0084-PE-2005', 0)":"KIRCHNER, NESTOR CARLOS","('0084-PE-2005', 1)":"FERNANDEZ, ALBERTO","('0084-PE-2005', 2)":"GONZALEZ GARCIA, GINES MARIO","('0084-PE-2005', 3)":null},"('Firmantes', 'DISTRITO')":{"('0084-PE-2005', 0)":null,"('0084-PE-2005', 1)":null,"('0084-PE-2005', 2)":null,"('0084-PE-2005', 3)":null},"('Firmantes', 'BLOQUE')":{"('0084-PE-2005', 0)":"PODER EJECUTIVO","('0084-PE-2005', 1)":"PODER EJECUTIVO","('0084-PE-2005', 2)":"PODER EJECUTIVO","('0084-PE-2005', 3)":null},"('Giros', 'COMISI\u00d3N')":{"('0084-PE-2005', 0)":"ACCION SOCIAL Y SALUD PUBLICA","('0084-PE-2005', 1)":"INDUSTRIA","('0084-PE-2005', 2)":null,"('0084-PE-2005', 3)":null},"('Tramites', 'C\u00c1MARA')":{"('0084-PE-2005', 0)":"Diputados","('0084-PE-2005', 1)":"Diputados","('0084-PE-2005', 2)":"Diputados","('0084-PE-2005', 3)":"Senado"},"('Tramites', 'MOVIMIENTO')":{"('0084-PE-2005', 0)":"MOCION SOBRE TABLAS (PLAN DE LABOR) (AFIRMATIVA)","('0084-PE-2005', 1)":"MOCION SOBRE TABLAS (PLAN DE LABOR) (AFIRMATIVA)","('0084-PE-2005', 2)":"CONSIDERACION Y APROBACION","('0084-PE-2005', 3)":"PASA A SENADO -"},"('Tramites', 'FECHA')":{"('0084-PE-2005', 0)":"04\/10\/2006","('0084-PE-2005', 1)":"11\/10\/2006","('0084-PE-2005', 2)":"11\/10\/2006","('0084-PE-2005', 3)":null},"('Tramites', 'RESULTADO')":{"('0084-PE-2005', 0)":null,"('0084-PE-2005', 1)":null,"('0084-PE-2005', 2)":"MEDIA SANCION","('0084-PE-2005', 3)":null},"Sumario":{"('0084-PE-2005', 0)":"SUSTITUCION DE LOS ARTICULOS 3 (CONTENIDO DE LA HARINA DE TRIGO DESTINADA A LA ELABORACION DE PAN) Y 5 (ROTULO DE LOS ENVASES DE HARINAS); DEROGACION DEL ARTICULO 4.","('0084-PE-2005', 1)":null,"('0084-PE-2005', 2)":null,"('0084-PE-2005', 3)":null},"Palabra Clave":{"('0084-PE-2005', 0)":" ","('0084-PE-2005', 1)":null,"('0084-PE-2005', 2)":null,"('0084-PE-2005', 3)":null}}