{"Tipo de Proyecto":{"('0084-S-2005', 0)":"PROYECTO DE RESOLUCI\u00d3N","('0084-S-2005', 1)":null,"('0084-S-2005', 2)":null},"Iniciado en: ":{"('0084-S-2005', 0)":"Senado","('0084-S-2005', 1)":null,"('0084-S-2005', 2)":null},"Expediente Diputados: ":{"('0084-S-2005', 0)":"0084-S-2005","('0084-S-2005', 1)":null,"('0084-S-2005', 2)":null},"Expediente Senado: ":{"('0084-S-2005', 0)":"1023-S-2005","('0084-S-2005', 1)":null,"('0084-S-2005', 2)":null},"Fecha: ":{"('0084-S-2005', 0)":"26\/04\/2005","('0084-S-2005', 1)":null,"('0084-S-2005', 2)":null},"T\u00edtulo":{"('0084-S-2005', 0)":"PONER EN CONOCIMIENTO DE LAS H CAMARAS DE SENADORES Y DIPUTADOS DE LA NACION QUE LA COMISION PARLAMENTARIA MIXTA REVISORA DE CUENTAS DE LA ADMINISTRACION NO HA PODIDO EXPEDIRSE DENTRO DEL PLAZO FIJADO POR EL ARTICULO 5 DE LA LEY 23847 CON RESPECTO A LA CUENTA GENERAL CORRESPONDIENTE AL EJERCICIO 2003, DEBIDO A QUE LA RESPECTIVA DOCUMENTACION NO HA SIDO REMITIDA AUN A ESTE CUERPO POR PARTE DE LA AUDITORIA GENERAL DE LA NACION.","('0084-S-2005', 1)":null,"('0084-S-2005', 2)":null},"('Firmantes', 'FIRMANTE')":{"('0084-S-2005', 0)":"PARLAMENTARIA MIXTA REVISORA DE CUENTAS","('0084-S-2005', 1)":null,"('0084-S-2005', 2)":null},"('Firmantes', 'DISTRITO')":{"('0084-S-2005', 0)":null,"('0084-S-2005', 1)":null,"('0084-S-2005', 2)":null},"('Firmantes', 'BLOQUE')":{"('0084-S-2005', 0)":null,"('0084-S-2005', 1)":null,"('0084-S-2005', 2)":null},"('Giros', 'COMISI\u00d3N')":{"('0084-S-2005', 0)":"PARLAMENTARIA MIXTA REVISORA DE CUENTAS","('0084-S-2005', 1)":null,"('0084-S-2005', 2)":null},"('Tramites', 'C\u00c1MARA')":{"('0084-S-2005', 0)":"Senado","('0084-S-2005', 1)":"Diputados","('0084-S-2005', 2)":"Diputados"},"('Tramites', 'MOVIMIENTO')":{"('0084-S-2005', 0)":"CONSIDERACION Y APROBACION","('0084-S-2005', 1)":"PASA A DIPUTADOS -","('0084-S-2005', 2)":"CONSIDERACION Y APROBACION"},"('Tramites', 'FECHA')":{"('0084-S-2005', 0)":"18\/05\/2005","('0084-S-2005', 1)":null,"('0084-S-2005', 2)":"14\/06\/2006"},"('Tramites', 'RESULTADO')":{"('0084-S-2005', 0)":"APROBADO","('0084-S-2005', 1)":null,"('0084-S-2005', 2)":"APROBADO"},"Link":{"('0084-S-2005', 0)":"http:\/\/www.senado.gov.ar\/parlamentario\/comisiones\/verExp\/1023.05\/S\/PR","('0084-S-2005', 1)":null,"('0084-S-2005', 2)":null},"Palabra Clave":{"('0084-S-2005', 0)":" ","('0084-S-2005', 1)":null,"('0084-S-2005', 2)":null}}