{"Tipo de Proyecto":{"('0086-PE-2005', 0)":"MENSAJE NRO: 0164\/06","('0086-PE-2005', 1)":null,"('0086-PE-2005', 2)":null},"Iniciado en: ":{"('0086-PE-2005', 0)":"Diputados","('0086-PE-2005', 1)":null,"('0086-PE-2005', 2)":null},"Expediente Diputados: ":{"('0086-PE-2005', 0)":"0086-PE-2005","('0086-PE-2005', 1)":null,"('0086-PE-2005', 2)":null},"Publicado en: ":{"('0086-PE-2005', 0)":"Tr\u00e1mite Parlamentario N\u00b0 191","('0086-PE-2005', 1)":null,"('0086-PE-2005', 2)":null},"Fecha: ":{"('0086-PE-2005', 0)":"16\/02\/2006","('0086-PE-2005', 1)":null,"('0086-PE-2005', 2)":null},"T\u00edtulo":{"('0086-PE-2005', 0)":"COMUNICACION DEL DECRETO 163\/06 POR EL CUAL SE HOMOLOGAN LAS ACTAS ACUERDO DE LA COMISION NEGOCIADORA SECTORIAL CORRESPONDIENTE AL PERSONAL DEL CUERPO DE ADMINISTRADORES GUBERNAMENTALES.","('0086-PE-2005', 1)":null,"('0086-PE-2005', 2)":null},"('Firmantes', 'FIRMANTE')":{"('0086-PE-2005', 0)":"KIRCHNER, NESTOR CARLOS","('0086-PE-2005', 1)":"FERNANDEZ, ALBERTO","('0086-PE-2005', 2)":"TOMADA, CARLOS"},"('Firmantes', 'DISTRITO')":{"('0086-PE-2005', 0)":null,"('0086-PE-2005', 1)":null,"('0086-PE-2005', 2)":null},"('Firmantes', 'BLOQUE')":{"('0086-PE-2005', 0)":"PODER EJECUTIVO","('0086-PE-2005', 1)":"PODER EJECUTIVO","('0086-PE-2005', 2)":"PODER EJECUTIVO"},"('Giros', 'COMISI\u00d3N')":{"('0086-PE-2005', 0)":"LEGISLACION DEL TRABAJO","('0086-PE-2005', 1)":"PRESUPUESTO Y HACIENDA","('0086-PE-2005', 2)":null},"('Tramites', 'C\u00c1MARA')":{"('0086-PE-2005', 0)":"Diputados","('0086-PE-2005', 1)":null,"('0086-PE-2005', 2)":null},"('Tramites', 'MOVIMIENTO')":{"('0086-PE-2005', 0)":"VER TRAMITE EN EXPEDIENTE 7059-D-06","('0086-PE-2005', 1)":null,"('0086-PE-2005', 2)":null},"('Tramites', 'FECHA')":{"('0086-PE-2005', 0)":null,"('0086-PE-2005', 1)":null,"('0086-PE-2005', 2)":null},"('Tramites', 'RESULTADO')":{"('0086-PE-2005', 0)":null,"('0086-PE-2005', 1)":null,"('0086-PE-2005', 2)":null},"Palabra Clave":{"('0086-PE-2005', 0)":" ","('0086-PE-2005', 1)":null,"('0086-PE-2005', 2)":null}}