{"Tipo de Proyecto":{"('0087-PE-2005', 0)":"MENSAJE NRO: 0166\/06","('0087-PE-2005', 1)":null,"('0087-PE-2005', 2)":null},"Iniciado en: ":{"('0087-PE-2005', 0)":"Diputados","('0087-PE-2005', 1)":null,"('0087-PE-2005', 2)":null},"Expediente Diputados: ":{"('0087-PE-2005', 0)":"0087-PE-2005","('0087-PE-2005', 1)":null,"('0087-PE-2005', 2)":null},"Publicado en: ":{"('0087-PE-2005', 0)":"Tr\u00e1mite Parlamentario N\u00b0 191","('0087-PE-2005', 1)":null,"('0087-PE-2005', 2)":null},"Fecha: ":{"('0087-PE-2005', 0)":"16\/02\/2006","('0087-PE-2005', 1)":null,"('0087-PE-2005', 2)":null},"T\u00edtulo":{"('0087-PE-2005', 0)":"COMUNICACION DEL DECRETO 165\/06 POR EL CUAL SE HOMOLOGA EL ACTA ACUERDO Y SU ANEXO DE FECHA 29 DE DICIEMBRE DE 2005 DE LA COMISION NEGOCIADORA SECTORIAL CORRESPONDIENTE AL PERSONAL DE LA COMISION NACIONAL DE ACTIVIDADES ESPACIALES (CONAE).","('0087-PE-2005', 1)":null,"('0087-PE-2005', 2)":null},"('Firmantes', 'FIRMANTE')":{"('0087-PE-2005', 0)":"KIRCHNER, NESTOR CARLOS","('0087-PE-2005', 1)":"FERNANDEZ, ALBERTO","('0087-PE-2005', 2)":"TOMADA, CARLOS"},"('Firmantes', 'DISTRITO')":{"('0087-PE-2005', 0)":null,"('0087-PE-2005', 1)":null,"('0087-PE-2005', 2)":null},"('Firmantes', 'BLOQUE')":{"('0087-PE-2005', 0)":"PODER EJECUTIVO","('0087-PE-2005', 1)":"PODER EJECUTIVO","('0087-PE-2005', 2)":"PODER EJECUTIVO"},"('Giros', 'COMISI\u00d3N')":{"('0087-PE-2005', 0)":"LEGISLACION DEL TRABAJO","('0087-PE-2005', 1)":"CIENCIA Y TECNOLOGIA","('0087-PE-2005', 2)":null},"('Tramites', 'C\u00c1MARA')":{"('0087-PE-2005', 0)":"Diputados","('0087-PE-2005', 1)":null,"('0087-PE-2005', 2)":null},"('Tramites', 'MOVIMIENTO')":{"('0087-PE-2005', 0)":"VER TRAMITE EN EXPEDIENTE 7059-D-06","('0087-PE-2005', 1)":null,"('0087-PE-2005', 2)":null},"('Tramites', 'FECHA')":{"('0087-PE-2005', 0)":null,"('0087-PE-2005', 1)":null,"('0087-PE-2005', 2)":null},"('Tramites', 'RESULTADO')":{"('0087-PE-2005', 0)":null,"('0087-PE-2005', 1)":null,"('0087-PE-2005', 2)":null},"Palabra Clave":{"('0087-PE-2005', 0)":" ","('0087-PE-2005', 1)":null,"('0087-PE-2005', 2)":null}}