{"Tipo de Proyecto":{"('0090-D-2005', 0)":"PROYECTO DE RESOLUCI\u00d3N","('0090-D-2005', 1)":null,"('0090-D-2005', 2)":null,"('0090-D-2005', 3)":null,"('0090-D-2005', 4)":null},"Iniciado en: ":{"('0090-D-2005', 0)":"Diputados","('0090-D-2005', 1)":null,"('0090-D-2005', 2)":null,"('0090-D-2005', 3)":null,"('0090-D-2005', 4)":null},"Expediente Diputados: ":{"('0090-D-2005', 0)":"0090-D-2005","('0090-D-2005', 1)":null,"('0090-D-2005', 2)":null,"('0090-D-2005', 3)":null,"('0090-D-2005', 4)":null},"Publicado en: ":{"('0090-D-2005', 0)":"Tr\u00e1mite Parlamentario N\u00b0 1","('0090-D-2005', 1)":null,"('0090-D-2005', 2)":null,"('0090-D-2005', 3)":null,"('0090-D-2005', 4)":null},"Fecha: ":{"('0090-D-2005', 0)":"01\/03\/2005","('0090-D-2005', 1)":null,"('0090-D-2005', 2)":null,"('0090-D-2005', 3)":null,"('0090-D-2005', 4)":null},"T\u00edtulo":{"('0090-D-2005', 0)":"SOLICITAR AL PODER EJECUTIVO EL ANALISIS DE LA INFORMACION SUMINISTRADA POR EL FRENTE PARA LA VICTORIA, SOBRE LA RENDICION DE SUS GASTOS DE CAMPA\u00d1A DE LA FORMULA KIRCHNER - SCIOLI EN EL A\u00d1O 2003.","('0090-D-2005', 1)":null,"('0090-D-2005', 2)":null,"('0090-D-2005', 3)":null,"('0090-D-2005', 4)":null},"('Firmantes', 'FIRMANTE')":{"('0090-D-2005', 0)":"STOLBIZER, MARGARITA ROSA","('0090-D-2005', 1)":"BREARD, NOEL EUGENIO","('0090-D-2005', 2)":"PUIG DE STUBRIN, LILIA","('0090-D-2005', 3)":"GIUBERGIA, MIGUEL ANGEL","('0090-D-2005', 4)":"FERRIN, MARIA TERESA"},"('Firmantes', 'DISTRITO')":{"('0090-D-2005', 0)":"BUENOS AIRES","('0090-D-2005', 1)":"CORRIENTES","('0090-D-2005', 2)":"SANTA FE","('0090-D-2005', 3)":"JUJUY","('0090-D-2005', 4)":"JUJUY"},"('Firmantes', 'BLOQUE')":{"('0090-D-2005', 0)":"UCR","('0090-D-2005', 1)":"UCR","('0090-D-2005', 2)":"UCR","('0090-D-2005', 3)":"UCR","('0090-D-2005', 4)":"UCR"},"('Giros', 'COMISI\u00d3N')":{"('0090-D-2005', 0)":"ASUNTOS CONSTITUCIONALES","('0090-D-2005', 1)":"PRESUPUESTO Y HACIENDA","('0090-D-2005', 2)":null,"('0090-D-2005', 3)":null,"('0090-D-2005', 4)":null},"Palabra Clave":{"('0090-D-2005', 0)":" ","('0090-D-2005', 1)":null,"('0090-D-2005', 2)":null,"('0090-D-2005', 3)":null,"('0090-D-2005', 4)":null}}