{"Tipo de Proyecto":{"('0091-PE-2005', 0)":"MENSAJE NRO: 0212\/06","('0091-PE-2005', 1)":null,"('0091-PE-2005', 2)":null},"Iniciado en: ":{"('0091-PE-2005', 0)":"Diputados","('0091-PE-2005', 1)":null,"('0091-PE-2005', 2)":null},"Expediente Diputados: ":{"('0091-PE-2005', 0)":"0091-PE-2005","('0091-PE-2005', 1)":null,"('0091-PE-2005', 2)":null},"Publicado en: ":{"('0091-PE-2005', 0)":"Tr\u00e1mite Parlamentario N\u00b0 195","('0091-PE-2005', 1)":null,"('0091-PE-2005', 2)":null},"Fecha: ":{"('0091-PE-2005', 0)":"24\/02\/2006","('0091-PE-2005', 1)":null,"('0091-PE-2005', 2)":null},"T\u00edtulo":{"('0091-PE-2005', 0)":"COMUNICACION DEL DECRETO 210\/06 POR EL CUAL SE HOMOLOGA EL ACTA ACUERDO Y ANEXOS DE LA COMISION NEGOCIADORA DEL CONVENIO COLECTIVO DE TRABAJO SECTORIAL PARA EL PERSONAL DE ORQUESTAS, COROS Y BALLET DEPENDIENTE DE LA SECRETARIA DE CULTURA DE LA NACION, DE FECHA 23 DE ENERO DE 2006.","('0091-PE-2005', 1)":null,"('0091-PE-2005', 2)":null},"('Firmantes', 'FIRMANTE')":{"('0091-PE-2005', 0)":"KIRCHNER, NESTOR CARLOS","('0091-PE-2005', 1)":"FERNANDEZ, ALBERTO","('0091-PE-2005', 2)":"TOMADA, CARLOS"},"('Firmantes', 'DISTRITO')":{"('0091-PE-2005', 0)":null,"('0091-PE-2005', 1)":null,"('0091-PE-2005', 2)":null},"('Firmantes', 'BLOQUE')":{"('0091-PE-2005', 0)":"PODER EJECUTIVO","('0091-PE-2005', 1)":"PODER EJECUTIVO","('0091-PE-2005', 2)":"PODER EJECUTIVO"},"('Giros', 'COMISI\u00d3N')":{"('0091-PE-2005', 0)":"LEGISLACION DEL TRABAJO","('0091-PE-2005', 1)":"CULTURA","('0091-PE-2005', 2)":"PRESUPUESTO Y HACIENDA"},"('Tramites', 'C\u00c1MARA')":{"('0091-PE-2005', 0)":"Diputados","('0091-PE-2005', 1)":null,"('0091-PE-2005', 2)":null},"('Tramites', 'MOVIMIENTO')":{"('0091-PE-2005', 0)":"VER TRAMITE EN EXPEDIENTE 7059-D-06","('0091-PE-2005', 1)":null,"('0091-PE-2005', 2)":null},"('Tramites', 'FECHA')":{"('0091-PE-2005', 0)":null,"('0091-PE-2005', 1)":null,"('0091-PE-2005', 2)":null},"('Tramites', 'RESULTADO')":{"('0091-PE-2005', 0)":null,"('0091-PE-2005', 1)":null,"('0091-PE-2005', 2)":null},"Palabra Clave":{"('0091-PE-2005', 0)":" ","('0091-PE-2005', 1)":null,"('0091-PE-2005', 2)":null}}