{"Tipo de Proyecto":{"('0091-S-2005', 0)":"PROYECTO DE LEY"},"Iniciado en: ":{"('0091-S-2005', 0)":"Senado"},"Expediente Senado: ":{"('0091-S-2005', 0)":"0091-S-2005"},"Publicado en: ":{"('0091-S-2005', 0)":"Diario de Asuntos Entrados N\u00b0 5"},"Fecha: ":{"('0091-S-2005', 0)":"02\/03\/2005"},"T\u00edtulo":{"('0091-S-2005', 0)":"FOMENTO A LA PRODUCCION BIBLIOGRAFICA DE LAS PROVINCIAS."},"('Firmantes', 'FIRMANTE')":{"('0091-S-2005', 0)":"MAZA, ADA MERCEDES"},"('Firmantes', 'DISTRITO')":{"('0091-S-2005', 0)":"LA RIOJA"},"('Firmantes', 'BLOQUE')":{"('0091-S-2005', 0)":"JUSTICIALISTA"},"('Tramites', 'C\u00c1MARA')":{"('0091-S-2005', 0)":"Senado"},"('Tramites', 'MOVIMIENTO')":{"('0091-S-2005', 0)":"REPRODUCIDO POR EXPEDIENTE 0577-S-07"},"('Tramites', 'FECHA')":{"('0091-S-2005', 0)":null},"('Tramites', 'RESULTADO')":{"('0091-S-2005', 0)":null},"Sumario":{"('0091-S-2005', 0)":"CREACION DEL PROGRAMA \" ARGENTINA Y SUS AUTORES \" EN EL AMBITO DE LA BIBLIOTECA DEL CONGRESO DE LA NACION, DESTINADO A LA REEDICION DE LIBROS DE AUTORES DE LAS PROVINCIAS EN CONCORDANCIA CON LAS LEGISLATURAS PROVINCIALES."},"Palabra Clave":{"('0091-S-2005', 0)":" "}}