{"Tipo de Proyecto":{"('0091-D-2005', 0)":"PROYECTO DE RESOLUCI\u00d3N","('0091-D-2005', 1)":null,"('0091-D-2005', 2)":null},"Iniciado en: ":{"('0091-D-2005', 0)":"Diputados","('0091-D-2005', 1)":null,"('0091-D-2005', 2)":null},"Expediente Diputados: ":{"('0091-D-2005', 0)":"0091-D-2005","('0091-D-2005', 1)":null,"('0091-D-2005', 2)":null},"Publicado en: ":{"('0091-D-2005', 0)":"Tr\u00e1mite Parlamentario N\u00b0 1","('0091-D-2005', 1)":null,"('0091-D-2005', 2)":null},"Fecha: ":{"('0091-D-2005', 0)":"01\/03\/2005","('0091-D-2005', 1)":null,"('0091-D-2005', 2)":null},"T\u00edtulo":{"('0091-D-2005', 0)":"DECLARAR DE INTERES PARLAMENTARIO EL \"III CONGRESO NACIONAL SOBRE MANEJO DE PASTIZALES NATURALES\", A REALIZARSE LOS DIAS 12 Y 13 DE OCTUBRE DE 2005, EN PARANA, PROVINCIA DE ENTRE RIOS.","('0091-D-2005', 1)":null,"('0091-D-2005', 2)":null},"('Firmantes', 'FIRMANTE')":{"('0091-D-2005', 0)":"CUSINATO, GUSTAVO","('0091-D-2005', 1)":"CECCO, CARLOS JAIME","('0091-D-2005', 2)":"GIUBERGIA, MIGUEL ANGEL"},"('Firmantes', 'DISTRITO')":{"('0091-D-2005', 0)":"ENTRE RIOS","('0091-D-2005', 1)":"ENTRE RIOS","('0091-D-2005', 2)":"JUJUY"},"('Firmantes', 'BLOQUE')":{"('0091-D-2005', 0)":"UCR","('0091-D-2005', 1)":"UCR","('0091-D-2005', 2)":"UCR"},"('Giros', 'COMISI\u00d3N')":{"('0091-D-2005', 0)":"AGRICULTURA Y GANADERIA","('0091-D-2005', 1)":"RECURSOS NATURALES Y CONSERVACION DEL AMBIENTE HUMANO","('0091-D-2005', 2)":null},"('Tramites', 'C\u00c1MARA')":{"('0091-D-2005', 0)":"Diputados","('0091-D-2005', 1)":null,"('0091-D-2005', 2)":null},"('Tramites', 'MOVIMIENTO')":{"('0091-D-2005', 0)":"CONSIDERACION Y APROBACION","('0091-D-2005', 1)":null,"('0091-D-2005', 2)":null},"('Tramites', 'FECHA')":{"('0091-D-2005', 0)":"01\/06\/2005","('0091-D-2005', 1)":null,"('0091-D-2005', 2)":null},"('Tramites', 'RESULTADO')":{"('0091-D-2005', 0)":"APROBADO","('0091-D-2005', 1)":null,"('0091-D-2005', 2)":null},"Palabra Clave":{"('0091-D-2005', 0)":" ","('0091-D-2005', 1)":null,"('0091-D-2005', 2)":null}}