{"Tipo de Proyecto":{"('0092-S-2005', 0)":"PROYECTO DE DECLARACI\u00d3N"},"Iniciado en: ":{"('0092-S-2005', 0)":"Senado"},"Expediente Senado: ":{"('0092-S-2005', 0)":"0092-S-2005"},"Publicado en: ":{"('0092-S-2005', 0)":"Diario de Asuntos Entrados N\u00b0 5"},"Fecha: ":{"('0092-S-2005', 0)":"02\/03\/2005"},"T\u00edtulo":{"('0092-S-2005', 0)":"DECLARAR DE INTERES PARLAMENTARIO LA INSTALACION DE UNA PLANTA PILOTO PARA LA ELABORACION DE BIODIESEL, DE LA FIRMA BIOENERGY, EN PROVINCIA DEL CHACO."},"('Firmantes', 'FIRMANTE')":{"('0092-S-2005', 0)":"CURLETTI, MIRIAM BELEN"},"('Firmantes', 'DISTRITO')":{"('0092-S-2005', 0)":"CHACO"},"('Firmantes', 'BLOQUE')":{"('0092-S-2005', 0)":"UCR"},"('Tramites', 'C\u00c1MARA')":{"('0092-S-2005', 0)":"Senado"},"('Tramites', 'MOVIMIENTO')":{"('0092-S-2005', 0)":"CONSIDERACION Y APROBACION"},"('Tramites', 'FECHA')":{"('0092-S-2005', 0)":"27\/07\/2005"},"('Tramites', 'RESULTADO')":{"('0092-S-2005', 0)":"APROBADO"},"Link":{"('0092-S-2005', 0)":"http:\/\/www.senado.gov.ar\/parlamentario\/comisiones\/verExp\/92.05\/S\/PD"},"Palabra Clave":{"('0092-S-2005', 0)":" "}}