{"Tipo de Proyecto":{"('0094-D-2005', 0)":"PROYECTO DE RESOLUCI\u00d3N","('0094-D-2005', 1)":null,"('0094-D-2005', 2)":null},"Iniciado en: ":{"('0094-D-2005', 0)":"Diputados","('0094-D-2005', 1)":null,"('0094-D-2005', 2)":null},"Expediente Diputados: ":{"('0094-D-2005', 0)":"0094-D-2005","('0094-D-2005', 1)":null,"('0094-D-2005', 2)":null},"Publicado en: ":{"('0094-D-2005', 0)":"Tr\u00e1mite Parlamentario N\u00b0 1","('0094-D-2005', 1)":null,"('0094-D-2005', 2)":null},"Fecha: ":{"('0094-D-2005', 0)":"01\/03\/2005","('0094-D-2005', 1)":null,"('0094-D-2005', 2)":null},"T\u00edtulo":{"('0094-D-2005', 0)":"DECLARAR DE INTERES DEL H SENADO EL ENCUENTRO ANUAL DE LA \"ASOCIACION ARGENTINA DE PROSOPIS\", A REALIZARSE LOS DIAS 12 Y 13 DE OCTUBRE DE 2005, EN PARANA, PROVINCIA DE ENTRE RIOS.","('0094-D-2005', 1)":null,"('0094-D-2005', 2)":null},"('Firmantes', 'FIRMANTE')":{"('0094-D-2005', 0)":"CUSINATO, GUSTAVO","('0094-D-2005', 1)":"CECCO, CARLOS JAIME","('0094-D-2005', 2)":"GIUBERGIA, MIGUEL ANGEL"},"('Firmantes', 'DISTRITO')":{"('0094-D-2005', 0)":"ENTRE RIOS","('0094-D-2005', 1)":"ENTRE RIOS","('0094-D-2005', 2)":"JUJUY"},"('Firmantes', 'BLOQUE')":{"('0094-D-2005', 0)":"UCR","('0094-D-2005', 1)":"UCR","('0094-D-2005', 2)":"UCR"},"('Giros', 'COMISI\u00d3N')":{"('0094-D-2005', 0)":"CIENCIA Y TECNOLOGIA","('0094-D-2005', 1)":"RECURSOS NATURALES Y CONSERVACION DEL AMBIENTE HUMANO","('0094-D-2005', 2)":null},"Palabra Clave":{"('0094-D-2005', 0)":" ","('0094-D-2005', 1)":null,"('0094-D-2005', 2)":null}}