{"Tipo de Proyecto":{"('0094-S-2005', 0)":"PROYECTO DE DECLARACI\u00d3N","('0094-S-2005', 1)":null},"Iniciado en: ":{"('0094-S-2005', 0)":"Senado","('0094-S-2005', 1)":null},"Expediente Senado: ":{"('0094-S-2005', 0)":"0094-S-2005","('0094-S-2005', 1)":null},"Publicado en: ":{"('0094-S-2005', 0)":"Diario de Asuntos Entrados N\u00b0 5","('0094-S-2005', 1)":null},"Fecha: ":{"('0094-S-2005', 0)":"02\/03\/2005","('0094-S-2005', 1)":null},"T\u00edtulo":{"('0094-S-2005', 0)":"DECLARAR DE INTERES PARA EL H. SENADO EL LIII CONGRESO MUNDIAL DE MUJERES EMPRESARIAS (FCEM).","('0094-S-2005', 1)":null},"('Firmantes', 'FIRMANTE')":{"('0094-S-2005', 0)":"REUTEMANN, CARLOS ALBERTO","('0094-S-2005', 1)":"LATORRE, ROXANA"},"('Firmantes', 'DISTRITO')":{"('0094-S-2005', 0)":"SANTA FE","('0094-S-2005', 1)":"SANTA FE"},"('Firmantes', 'BLOQUE')":{"('0094-S-2005', 0)":"JUSTICIALISTA","('0094-S-2005', 1)":"JUSTICIALISTA"},"('Tramites', 'C\u00c1MARA')":{"('0094-S-2005', 0)":"Senado","('0094-S-2005', 1)":null},"('Tramites', 'MOVIMIENTO')":{"('0094-S-2005', 0)":"CONSIDERACION Y APROBACION","('0094-S-2005', 1)":null},"('Tramites', 'FECHA')":{"('0094-S-2005', 0)":"27\/07\/2005","('0094-S-2005', 1)":null},"('Tramites', 'RESULTADO')":{"('0094-S-2005', 0)":"APROBADO","('0094-S-2005', 1)":null},"Link":{"('0094-S-2005', 0)":"http:\/\/www.senado.gov.ar\/parlamentario\/comisiones\/verExp\/94.05\/S\/PD","('0094-S-2005', 1)":null},"Palabra Clave":{"('0094-S-2005', 0)":" ","('0094-S-2005', 1)":null}}