{"Tipo de Proyecto":{"('0095-D-2005', 0)":"PROYECTO DE RESOLUCI\u00d3N","('0095-D-2005', 1)":null,"('0095-D-2005', 2)":null},"Iniciado en: ":{"('0095-D-2005', 0)":"Diputados","('0095-D-2005', 1)":null,"('0095-D-2005', 2)":null},"Expediente Diputados: ":{"('0095-D-2005', 0)":"0095-D-2005","('0095-D-2005', 1)":null,"('0095-D-2005', 2)":null},"Publicado en: ":{"('0095-D-2005', 0)":"Tr\u00e1mite Parlamentario N\u00b0 1","('0095-D-2005', 1)":null,"('0095-D-2005', 2)":null},"Fecha: ":{"('0095-D-2005', 0)":"01\/03\/2005","('0095-D-2005', 1)":null,"('0095-D-2005', 2)":null},"T\u00edtulo":{"('0095-D-2005', 0)":"DECLARAR DE INTERES DE LA H CAMARA DE DIPUTADOS LA \" XXXVI REUNION ANUAL DE LA ASOCIACION ARGENTINA DE ECONOMIA AGRARIA\", A REALIZARSE DEL 24 AL 26 DE OCTUBRE DE 2005, EN LOMAS DE ZAMORA, PROVINCIA DE BUENOS AIRES.","('0095-D-2005', 1)":null,"('0095-D-2005', 2)":null},"('Firmantes', 'FIRMANTE')":{"('0095-D-2005', 0)":"CUSINATO, GUSTAVO","('0095-D-2005', 1)":"CECCO, CARLOS JAIME","('0095-D-2005', 2)":"GIUBERGIA, MIGUEL ANGEL"},"('Firmantes', 'DISTRITO')":{"('0095-D-2005', 0)":"ENTRE RIOS","('0095-D-2005', 1)":"ENTRE RIOS","('0095-D-2005', 2)":"JUJUY"},"('Firmantes', 'BLOQUE')":{"('0095-D-2005', 0)":"UCR","('0095-D-2005', 1)":"UCR","('0095-D-2005', 2)":"UCR"},"('Giros', 'COMISI\u00d3N')":{"('0095-D-2005', 0)":"AGRICULTURA Y GANADERIA","('0095-D-2005', 1)":null,"('0095-D-2005', 2)":null},"('Tramites', 'C\u00c1MARA')":{"('0095-D-2005', 0)":"Diputados","('0095-D-2005', 1)":null,"('0095-D-2005', 2)":null},"('Tramites', 'MOVIMIENTO')":{"('0095-D-2005', 0)":"CONSIDERACION Y APROBACION","('0095-D-2005', 1)":null,"('0095-D-2005', 2)":null},"('Tramites', 'FECHA')":{"('0095-D-2005', 0)":"20\/04\/2005","('0095-D-2005', 1)":null,"('0095-D-2005', 2)":null},"('Tramites', 'RESULTADO')":{"('0095-D-2005', 0)":"APROBADO","('0095-D-2005', 1)":null,"('0095-D-2005', 2)":null},"Palabra Clave":{"('0095-D-2005', 0)":" ","('0095-D-2005', 1)":null,"('0095-D-2005', 2)":null}}