{"Tipo de Proyecto":{"('0096-S-2005', 0)":"PROYECTO DE RESOLUCI\u00d3N","('0096-S-2005', 1)":null,"('0096-S-2005', 2)":null,"('0096-S-2005', 3)":null},"Iniciado en: ":{"('0096-S-2005', 0)":"Senado","('0096-S-2005', 1)":null,"('0096-S-2005', 2)":null,"('0096-S-2005', 3)":null},"Expediente Diputados: ":{"('0096-S-2005', 0)":"0096-S-2005","('0096-S-2005', 1)":null,"('0096-S-2005', 2)":null,"('0096-S-2005', 3)":null},"Expediente Senado: ":{"('0096-S-2005', 0)":"0674-OV-2003","('0096-S-2005', 1)":null,"('0096-S-2005', 2)":null,"('0096-S-2005', 3)":null},"Fecha: ":{"('0096-S-2005', 0)":"17\/05\/2005","('0096-S-2005', 1)":null,"('0096-S-2005', 2)":null,"('0096-S-2005', 3)":null},"T\u00edtulo":{"('0096-S-2005', 0)":"PEDIDO DE INFORMES AL PODER EJECUTIVO SOBRE RESOLUCION REMITIDA POR LA AUDITORIA GENERAL DE LA NACION REFERENTE A UNA AUDITORIA DE GESTION CON EL OBJETO DE VERIFICAR LOS PROCEDIMIENTOS Y CONTROLES SOBRE LA CALIDAD DE LOS COMBUSTIBLES LIQUIDOS DURANTE LOS EJERCICIOS 2001 Y 2002 (0674-OV-03) Y DESCARGO RESPECTO DE LA RESOLUCION 202\/03 (0675-OV-03), EN EL AMBITO DE LA SECRETARIA DE ENERGIA.","('0096-S-2005', 1)":null,"('0096-S-2005', 2)":null,"('0096-S-2005', 3)":null},"('Firmantes', 'FIRMANTE')":{"('0096-S-2005', 0)":"PARLAMENTARIA MIXTA REVISORA DE CUENTAS","('0096-S-2005', 1)":null,"('0096-S-2005', 2)":null,"('0096-S-2005', 3)":null},"('Firmantes', 'DISTRITO')":{"('0096-S-2005', 0)":null,"('0096-S-2005', 1)":null,"('0096-S-2005', 2)":null,"('0096-S-2005', 3)":null},"('Firmantes', 'BLOQUE')":{"('0096-S-2005', 0)":null,"('0096-S-2005', 1)":null,"('0096-S-2005', 2)":null,"('0096-S-2005', 3)":null},"('Giros', 'COMISI\u00d3N')":{"('0096-S-2005', 0)":"PARLAMENTARIA MIXTA REVISORA DE CUENTAS","('0096-S-2005', 1)":null,"('0096-S-2005', 2)":null,"('0096-S-2005', 3)":null},"('Tramites', 'C\u00c1MARA')":{"('0096-S-2005', 0)":"Senado","('0096-S-2005', 1)":"Diputados","('0096-S-2005', 2)":"Diputados","('0096-S-2005', 3)":"Diputados"},"('Tramites', 'MOVIMIENTO')":{"('0096-S-2005', 0)":"CONSIDERACION Y APROBACION","('0096-S-2005', 1)":"PASA A DIPUTADOS -","('0096-S-2005', 2)":"CONSIDERACION Y APROBACION","('0096-S-2005', 3)":"CONTESTACION DEL PODER EJECUTIVO NACIONAL - JEFE DE GABINETE DE MINISTROS - GIRADO A LA COMISION RESPECTIVA"},"('Tramites', 'FECHA')":{"('0096-S-2005', 0)":"08\/06\/2005","('0096-S-2005', 1)":null,"('0096-S-2005', 2)":"10\/08\/2005","('0096-S-2005', 3)":"22\/02\/2006"},"('Tramites', 'RESULTADO')":{"('0096-S-2005', 0)":"APROBADO","('0096-S-2005', 1)":null,"('0096-S-2005', 2)":"APROBADO","('0096-S-2005', 3)":null},"Link":{"('0096-S-2005', 0)":"http:\/\/www.senado.gov.ar\/parlamentario\/comisiones\/verExp\/674.03\/OV\/PR","('0096-S-2005', 1)":null,"('0096-S-2005', 2)":null,"('0096-S-2005', 3)":null},"Palabra Clave":{"('0096-S-2005', 0)":" ","('0096-S-2005', 1)":null,"('0096-S-2005', 2)":null,"('0096-S-2005', 3)":null}}