{"Tipo de Proyecto":{"('0096-D-2005', 0)":"PROYECTO DE RESOLUCI\u00d3N","('0096-D-2005', 1)":null,"('0096-D-2005', 2)":null},"Iniciado en: ":{"('0096-D-2005', 0)":"Diputados","('0096-D-2005', 1)":null,"('0096-D-2005', 2)":null},"Expediente Diputados: ":{"('0096-D-2005', 0)":"0096-D-2005","('0096-D-2005', 1)":null,"('0096-D-2005', 2)":null},"Publicado en: ":{"('0096-D-2005', 0)":"Tr\u00e1mite Parlamentario N\u00b0 1","('0096-D-2005', 1)":null,"('0096-D-2005', 2)":null},"Fecha: ":{"('0096-D-2005', 0)":"01\/03\/2005","('0096-D-2005', 1)":null,"('0096-D-2005', 2)":null},"T\u00edtulo":{"('0096-D-2005', 0)":"PEDIDO DE INFORMES AL PODER EJECUTIVO SOBRE LAS FUNCIONES DE LOS EMPLEADOS DE LA AEROLINEA \"SOUTHERN WINDS\".","('0096-D-2005', 1)":null,"('0096-D-2005', 2)":null},"('Firmantes', 'FIRMANTE')":{"('0096-D-2005', 0)":"GIUBERGIA, MIGUEL ANGEL","('0096-D-2005', 1)":"NEGRI, MARIO RAUL","('0096-D-2005', 2)":"STOLBIZER, MARGARITA ROSA"},"('Firmantes', 'DISTRITO')":{"('0096-D-2005', 0)":"JUJUY","('0096-D-2005', 1)":"CORDOBA","('0096-D-2005', 2)":"BUENOS AIRES"},"('Firmantes', 'BLOQUE')":{"('0096-D-2005', 0)":"UCR","('0096-D-2005', 1)":"UCR","('0096-D-2005', 2)":"UCR"},"('Giros', 'COMISI\u00d3N')":{"('0096-D-2005', 0)":"TRANSPORTES","('0096-D-2005', 1)":"TURISMO","('0096-D-2005', 2)":"PREVENCION DE ADICCIONES Y CONTROL DEL NARCOTRAFICO"},"Palabra Clave":{"('0096-D-2005', 0)":" ","('0096-D-2005', 1)":null,"('0096-D-2005', 2)":null}}