{"Tipo de Proyecto":{"('0099-D-2005', 0)":"PROYECTO DE LEY","('0099-D-2005', 1)":null,"('0099-D-2005', 2)":null},"Iniciado en: ":{"('0099-D-2005', 0)":"Diputados","('0099-D-2005', 1)":null,"('0099-D-2005', 2)":null},"Expediente Diputados: ":{"('0099-D-2005', 0)":"0099-D-2005","('0099-D-2005', 1)":null,"('0099-D-2005', 2)":null},"Publicado en: ":{"('0099-D-2005', 0)":"Tr\u00e1mite Parlamentario N\u00b0 1","('0099-D-2005', 1)":null,"('0099-D-2005', 2)":null},"Fecha: ":{"('0099-D-2005', 0)":"01\/03\/2005","('0099-D-2005', 1)":null,"('0099-D-2005', 2)":null},"T\u00edtulo":{"('0099-D-2005', 0)":"MODIFICACION DE LA LEY 24522, DE CONCURSOS Y QUIEBRAS, SOBRE EL TRATAMIENTO ESPECIAL DE INSTRUMENTOS CON TRANSDUCTORES RADIACTIVOS. ","('0099-D-2005', 1)":null,"('0099-D-2005', 2)":null},"('Firmantes', 'FIRMANTE')":{"('0099-D-2005', 0)":"VARGAS AIGNASSE, GERONIMO","('0099-D-2005', 1)":null,"('0099-D-2005', 2)":null},"('Firmantes', 'DISTRITO')":{"('0099-D-2005', 0)":"TUCUMAN","('0099-D-2005', 1)":null,"('0099-D-2005', 2)":null},"('Firmantes', 'BLOQUE')":{"('0099-D-2005', 0)":"JUSTICIALISTA","('0099-D-2005', 1)":null,"('0099-D-2005', 2)":null},"('Giros', 'COMISI\u00d3N')":{"('0099-D-2005', 0)":"JUSTICIA","('0099-D-2005', 1)":"LEGISLACION GENERAL","('0099-D-2005', 2)":"LEGISLACION DEL TRABAJO"},"Sumario":{"('0099-D-2005', 0)":"MODIFICACION DE LOS ARTICULOS 107 (CONCEPTO Y EXTENSION) Y 177 (INCAUTACION).","('0099-D-2005', 1)":null,"('0099-D-2005', 2)":null},"Palabra Clave":{"('0099-D-2005', 0)":" ","('0099-D-2005', 1)":null,"('0099-D-2005', 2)":null}}