{"Tipo de Proyecto":{"('0100-S-2005', 0)":"PROYECTO DE RESOLUCI\u00d3N","('0100-S-2005', 1)":null,"('0100-S-2005', 2)":null,"('0100-S-2005', 3)":null},"Iniciado en: ":{"('0100-S-2005', 0)":"Senado","('0100-S-2005', 1)":null,"('0100-S-2005', 2)":null,"('0100-S-2005', 3)":null},"Expediente Diputados: ":{"('0100-S-2005', 0)":"0100-S-2005","('0100-S-2005', 1)":null,"('0100-S-2005', 2)":null,"('0100-S-2005', 3)":null},"Expediente Senado: ":{"('0100-S-2005', 0)":"0018-OV-2005","('0100-S-2005', 1)":null,"('0100-S-2005', 2)":null,"('0100-S-2005', 3)":null},"Fecha: ":{"('0100-S-2005', 0)":"23\/05\/2005","('0100-S-2005', 1)":null,"('0100-S-2005', 2)":null,"('0100-S-2005', 3)":null},"T\u00edtulo":{"('0100-S-2005', 0)":"PEDIDO DE INFORMES AL PODER EJECUTIVO SOBRE RESOLUCION REMITIDA POR LA AUDITORIA GENERAL DE LA NACION REFERENTE A VERIFICAR EL CONTROL EJERCIDO POR EL ENTE REGULADOR DEL GAS (ENARGAS) RESPECTO DE LA CALIDAD Y SEGURIDAD DEL SISTEMA DE GAS NATURAL COMPRIMIDO (GNC) Y DESCARO DEL ORGANISMO AUDITADO.","('0100-S-2005', 1)":null,"('0100-S-2005', 2)":null,"('0100-S-2005', 3)":null},"('Firmantes', 'FIRMANTE')":{"('0100-S-2005', 0)":"PARLAMENTARIA MIXTA REVISORA DE CUENTAS","('0100-S-2005', 1)":null,"('0100-S-2005', 2)":null,"('0100-S-2005', 3)":null},"('Firmantes', 'DISTRITO')":{"('0100-S-2005', 0)":null,"('0100-S-2005', 1)":null,"('0100-S-2005', 2)":null,"('0100-S-2005', 3)":null},"('Firmantes', 'BLOQUE')":{"('0100-S-2005', 0)":null,"('0100-S-2005', 1)":null,"('0100-S-2005', 2)":null,"('0100-S-2005', 3)":null},"('Giros', 'COMISI\u00d3N')":{"('0100-S-2005', 0)":"PARLAMENTARIA MIXTA REVISORA DE CUENTAS","('0100-S-2005', 1)":null,"('0100-S-2005', 2)":null,"('0100-S-2005', 3)":null},"('Tramites', 'C\u00c1MARA')":{"('0100-S-2005', 0)":"Senado","('0100-S-2005', 1)":"Diputados","('0100-S-2005', 2)":"Diputados","('0100-S-2005', 3)":"Diputados"},"('Tramites', 'MOVIMIENTO')":{"('0100-S-2005', 0)":"CONSIDERACION Y APROBACION","('0100-S-2005', 1)":"PASA A DIPUTADOS -","('0100-S-2005', 2)":"CONSIDERACION Y APROBACION","('0100-S-2005', 3)":"CONTESTACION DEL PODER EJECUTIVO NACIONAL - JEFE DE GABINETE DE MINISTROS - GIRADO A LA COMISION RESPECTIVA"},"('Tramites', 'FECHA')":{"('0100-S-2005', 0)":"15\/06\/2005","('0100-S-2005', 1)":null,"('0100-S-2005', 2)":"10\/08\/2005","('0100-S-2005', 3)":"22\/02\/2006"},"('Tramites', 'RESULTADO')":{"('0100-S-2005', 0)":"APROBADO","('0100-S-2005', 1)":null,"('0100-S-2005', 2)":"APROBADO","('0100-S-2005', 3)":null},"Link":{"('0100-S-2005', 0)":"http:\/\/www.senado.gov.ar\/parlamentario\/comisiones\/verExp\/18.05\/OV\/PR","('0100-S-2005', 1)":null,"('0100-S-2005', 2)":null,"('0100-S-2005', 3)":null},"Palabra Clave":{"('0100-S-2005', 0)":" ","('0100-S-2005', 1)":null,"('0100-S-2005', 2)":null,"('0100-S-2005', 3)":null}}