{"Tipo de Proyecto":{"('0102-PE-2005', 0)":"MENSAJE NRO: 0424\/05","('0102-PE-2005', 1)":null},"Iniciado en: ":{"('0102-PE-2005', 0)":"Senado","('0102-PE-2005', 1)":null},"Expediente Senado: ":{"('0102-PE-2005', 0)":"0102-PE-2005","('0102-PE-2005', 1)":null},"Publicado en: ":{"('0102-PE-2005', 0)":"DAE S.A. N\u00b0 3","('0102-PE-2005', 1)":null},"Fecha: ":{"('0102-PE-2005', 0)":"11\/05\/2005","('0102-PE-2005', 1)":null},"T\u00edtulo":{"('0102-PE-2005', 0)":"SOLICITAR ACUERDO PARA DESIGNAR JUEZ NACIONAL A CARGO DEL JUZGADO NACIONAL DE PRIMERA INSTANCIA EN LO COMERCIAL NUMERO 13 DE LA CAPITAL FEDERAL A LA DOCTORA ALEJANDRA NOEMI TEVEZ.","('0102-PE-2005', 1)":null},"('Firmantes', 'FIRMANTE')":{"('0102-PE-2005', 0)":"KIRCHNER, NESTOR CARLOS","('0102-PE-2005', 1)":"ROSATTI, HORACIO DANIEL"},"('Firmantes', 'DISTRITO')":{"('0102-PE-2005', 0)":null,"('0102-PE-2005', 1)":null},"('Firmantes', 'BLOQUE')":{"('0102-PE-2005', 0)":"PODER EJECUTIVO","('0102-PE-2005', 1)":"PODER EJECUTIVO"},"('Tramites', 'C\u00c1MARA')":{"('0102-PE-2005', 0)":"Senado","('0102-PE-2005', 1)":null},"('Tramites', 'MOVIMIENTO')":{"('0102-PE-2005', 0)":"CONSIDERACION Y APROBACION","('0102-PE-2005', 1)":null},"('Tramites', 'FECHA')":{"('0102-PE-2005', 0)":"15\/06\/2005","('0102-PE-2005', 1)":null},"('Tramites', 'RESULTADO')":{"('0102-PE-2005', 0)":"APROBADO","('0102-PE-2005', 1)":null},"Palabra Clave":{"('0102-PE-2005', 0)":" ","('0102-PE-2005', 1)":null}}