{"Tipo de Proyecto":{"('0102-D-2005', 0)":"PROYECTO DE LEY","('0102-D-2005', 1)":null},"Iniciado en: ":{"('0102-D-2005', 0)":"Diputados","('0102-D-2005', 1)":null},"Expediente Diputados: ":{"('0102-D-2005', 0)":"0102-D-2005","('0102-D-2005', 1)":null},"Publicado en: ":{"('0102-D-2005', 0)":"Tr\u00e1mite Parlamentario N\u00b0 1","('0102-D-2005', 1)":null},"Fecha: ":{"('0102-D-2005', 0)":"01\/03\/2005","('0102-D-2005', 1)":null},"T\u00edtulo":{"('0102-D-2005', 0)":"CREACION DEL INSTITUTO NACIONAL DEL CHAMAME.","('0102-D-2005', 1)":null},"('Firmantes', 'FIRMANTE')":{"('0102-D-2005', 0)":"LUGO DE GONZALEZ CABA\u00d1AS, CECILIA","('0102-D-2005', 1)":null},"('Firmantes', 'DISTRITO')":{"('0102-D-2005', 0)":"CORRIENTES","('0102-D-2005', 1)":null},"('Firmantes', 'BLOQUE')":{"('0102-D-2005', 0)":"JUSTICIALISTA","('0102-D-2005', 1)":null},"('Giros', 'COMISI\u00d3N')":{"('0102-D-2005', 0)":"CULTURA","('0102-D-2005', 1)":"PRESUPUESTO Y HACIENDA"},"Palabra Clave":{"('0102-D-2005', 0)":" ","('0102-D-2005', 1)":null}}