{"Tipo de Proyecto":{"('0102-OV-2005', 0)":"PROYECTO DE RESOLUCI\u00d3N","('0102-OV-2005', 1)":null,"('0102-OV-2005', 2)":null},"Iniciado en: ":{"('0102-OV-2005', 0)":"Diputados","('0102-OV-2005', 1)":null,"('0102-OV-2005', 2)":null},"Expediente Diputados: ":{"('0102-OV-2005', 0)":"0102-OV-2005","('0102-OV-2005', 1)":null,"('0102-OV-2005', 2)":null},"Expediente Senado: ":{"('0102-OV-2005', 0)":"1473-S-2005","('0102-OV-2005', 1)":null,"('0102-OV-2005', 2)":null},"Fecha: ":{"('0102-OV-2005', 0)":"06\/06\/2005","('0102-OV-2005', 1)":null,"('0102-OV-2005', 2)":null},"T\u00edtulo":{"('0102-OV-2005', 0)":"PROPUESTA DEL ACUERDO ALCANZADA ENTRE EL PODER EJECUTIVO NACIONAL Y LAS EMPRESAS TERMINALES RIO DE LA PLATA SA, TERMINALES PORTUARIAS ARGENTINAS SA, TERMINAL 4 SA Y BUENOS AIRES CONTAINER TERMINAL SERVICES SA, PARA ADECUAR LOS CONTRATOS DE CONCESION DEL SERVICIO PORTUARIO QUE FUERAN APROBADOS POR LOS DECRETOS 1693\/94, 1194\/94, 2123\/94 Y 1195\/94 (0102-OV-05 Y 0152-OV-05)..","('0102-OV-2005', 1)":null,"('0102-OV-2005', 2)":null},"('Firmantes', 'FIRMANTE')":{"('0102-OV-2005', 0)":"BICAMERAL SEGUIMIENTO DE FACULTADES DELEGADAS AL PEN (LEY 25561)","('0102-OV-2005', 1)":null,"('0102-OV-2005', 2)":null},"('Firmantes', 'DISTRITO')":{"('0102-OV-2005', 0)":null,"('0102-OV-2005', 1)":null,"('0102-OV-2005', 2)":null},"('Firmantes', 'BLOQUE')":{"('0102-OV-2005', 0)":null,"('0102-OV-2005', 1)":null,"('0102-OV-2005', 2)":null},"('Giros', 'COMISI\u00d3N')":{"('0102-OV-2005', 0)":"BICAMERAL DE SEGUIMIENTO DE FACULTADES DELEGADAS AL PODER EJECUTIVO NACIONAL - LEY 25561","('0102-OV-2005', 1)":null,"('0102-OV-2005', 2)":null},"('Tramites', 'C\u00c1MARA')":{"('0102-OV-2005', 0)":"Senado","('0102-OV-2005', 1)":"Senado","('0102-OV-2005', 2)":"Diputados"},"('Tramites', 'MOVIMIENTO')":{"('0102-OV-2005', 0)":"CONSIDERACION Y APROBACION","('0102-OV-2005', 1)":"INSERCION DEL SENADOR GIUSTINIANI","('0102-OV-2005', 2)":"PASA A DIPUTADOS -"},"('Tramites', 'FECHA')":{"('0102-OV-2005', 0)":"08\/06\/2005","('0102-OV-2005', 1)":"08\/06\/2005","('0102-OV-2005', 2)":null},"('Tramites', 'RESULTADO')":{"('0102-OV-2005', 0)":"APROBADO","('0102-OV-2005', 1)":null,"('0102-OV-2005', 2)":null},"Palabra Clave":{"('0102-OV-2005', 0)":" ","('0102-OV-2005', 1)":null,"('0102-OV-2005', 2)":null}}