{"Tipo de Proyecto":{"('0103-OV-2005', 0)":"PROYECTO DE RESOLUCI\u00d3N"},"Iniciado en: ":{"('0103-OV-2005', 0)":"Diputados"},"Expediente Diputados: ":{"('0103-OV-2005', 0)":"0103-OV-2005"},"Fecha: ":{"('0103-OV-2005', 0)":"22\/06\/2005"},"T\u00edtulo":{"('0103-OV-2005', 0)":"ACUERDO ALCANZADO ENTRE EL PODER EJECUTIVO NACIONAL Y LA CONCESIONARIA AUTOPISTAS DEL SOL SA, PARA ADECUAR EL CONTRATO DE CONCESION (DECRETO 1165\/94)."},"('Firmantes', 'FIRMANTE')":{"('0103-OV-2005', 0)":"BICAMERAL SEGUIMIENTO DE FACULTADES DELEGADAS AL PEN (LEY 25561)"},"('Firmantes', 'DISTRITO')":{"('0103-OV-2005', 0)":null},"('Firmantes', 'BLOQUE')":{"('0103-OV-2005', 0)":null},"('Giros', 'COMISI\u00d3N')":{"('0103-OV-2005', 0)":"BICAMERAL DE SEGUIMIENTO DE FACULTADES DELEGADAS AL PODER EJECUTIVO NACIONAL - LEY 25561"},"Sumario":{"('0103-OV-2005', 0)":"APROBACION."},"Palabra Clave":{"('0103-OV-2005', 0)":" "}}