{"Tipo de Proyecto":{"('0104-S-2005', 0)":"PROYECTO DE RESOLUCI\u00d3N","('0104-S-2005', 1)":null,"('0104-S-2005', 2)":null,"('0104-S-2005', 3)":null},"Iniciado en: ":{"('0104-S-2005', 0)":"Senado","('0104-S-2005', 1)":null,"('0104-S-2005', 2)":null,"('0104-S-2005', 3)":null},"Expediente Diputados: ":{"('0104-S-2005', 0)":"0104-S-2005","('0104-S-2005', 1)":null,"('0104-S-2005', 2)":null,"('0104-S-2005', 3)":null},"Expediente Senado: ":{"('0104-S-2005', 0)":"0654-OV-2004","('0104-S-2005', 1)":null,"('0104-S-2005', 2)":null,"('0104-S-2005', 3)":null},"Fecha: ":{"('0104-S-2005', 0)":"23\/05\/2005","('0104-S-2005', 1)":null,"('0104-S-2005', 2)":null,"('0104-S-2005', 3)":null},"T\u00edtulo":{"('0104-S-2005', 0)":"SOLICITAR AL PODER EJECUTIVO QUE PROCEDA EN FORMA URGENTE EN LA RESOLUCION REMITIDA POR LA AUDITORIA GENERAL DE LA NACION SOBRE RESOLUCION REFERIDA AL INCUMPLIMIENTO DE BRINDAR INFORMACION POR PARTE DEL COMITE FEDERAL DE RADIODIFUSION (COMFER), DEPENDIENTE DE LA PRESIDENCIA DE LA NACION.","('0104-S-2005', 1)":null,"('0104-S-2005', 2)":null,"('0104-S-2005', 3)":null},"('Firmantes', 'FIRMANTE')":{"('0104-S-2005', 0)":"PARLAMENTARIA MIXTA REVISORA DE CUENTAS","('0104-S-2005', 1)":null,"('0104-S-2005', 2)":null,"('0104-S-2005', 3)":null},"('Firmantes', 'DISTRITO')":{"('0104-S-2005', 0)":null,"('0104-S-2005', 1)":null,"('0104-S-2005', 2)":null,"('0104-S-2005', 3)":null},"('Firmantes', 'BLOQUE')":{"('0104-S-2005', 0)":null,"('0104-S-2005', 1)":null,"('0104-S-2005', 2)":null,"('0104-S-2005', 3)":null},"('Giros', 'COMISI\u00d3N')":{"('0104-S-2005', 0)":"PARLAMENTARIA MIXTA REVISORA DE CUENTAS","('0104-S-2005', 1)":null,"('0104-S-2005', 2)":null,"('0104-S-2005', 3)":null},"('Tramites', 'C\u00c1MARA')":{"('0104-S-2005', 0)":"Senado","('0104-S-2005', 1)":"Diputados","('0104-S-2005', 2)":"Diputados","('0104-S-2005', 3)":"Diputados"},"('Tramites', 'MOVIMIENTO')":{"('0104-S-2005', 0)":"CONSIDERACION Y APROBACION","('0104-S-2005', 1)":"PASA A DIPUTADOS -","('0104-S-2005', 2)":"CONSIDERACION Y APROBACION","('0104-S-2005', 3)":"CONTESTACION DEL PODER EJECUTIVO NACIONAL - JEFE DE GABINETE DE MINISTROS - GIRADO A LA COMISION RESPECTIVA"},"('Tramites', 'FECHA')":{"('0104-S-2005', 0)":"15\/06\/2005","('0104-S-2005', 1)":null,"('0104-S-2005', 2)":"10\/08\/2005","('0104-S-2005', 3)":"22\/02\/2006"},"('Tramites', 'RESULTADO')":{"('0104-S-2005', 0)":"APROBADO","('0104-S-2005', 1)":null,"('0104-S-2005', 2)":"APROBADO","('0104-S-2005', 3)":null},"Link":{"('0104-S-2005', 0)":"http:\/\/www.senado.gov.ar\/parlamentario\/comisiones\/verExp\/654.04\/OV\/PR","('0104-S-2005', 1)":null,"('0104-S-2005', 2)":null,"('0104-S-2005', 3)":null},"Palabra Clave":{"('0104-S-2005', 0)":" ","('0104-S-2005', 1)":null,"('0104-S-2005', 2)":null,"('0104-S-2005', 3)":null}}