{"Tipo de Proyecto":{"('0104-PE-2005', 0)":"MENSAJE NRO: 0426\/05","('0104-PE-2005', 1)":null},"Iniciado en: ":{"('0104-PE-2005', 0)":"Senado","('0104-PE-2005', 1)":null},"Expediente Senado: ":{"('0104-PE-2005', 0)":"0104-PE-2005","('0104-PE-2005', 1)":null},"Publicado en: ":{"('0104-PE-2005', 0)":"DAE S.A. N\u00b0 3","('0104-PE-2005', 1)":null},"Fecha: ":{"('0104-PE-2005', 0)":"11\/05\/2005","('0104-PE-2005', 1)":null},"T\u00edtulo":{"('0104-PE-2005', 0)":"SOLICITAR ACUERDO PARA DESIGNAR JUEZ DE LA CAMARA FEDERAL DE APELACIONES DE ROSARIO, PROVINCIA DE SANTA FE, A LA DOCTORA ELIDA ISABEL VIDAL.","('0104-PE-2005', 1)":null},"('Firmantes', 'FIRMANTE')":{"('0104-PE-2005', 0)":"KIRCHNER, NESTOR CARLOS","('0104-PE-2005', 1)":"ROSATTI, HORACIO DANIEL"},"('Firmantes', 'DISTRITO')":{"('0104-PE-2005', 0)":null,"('0104-PE-2005', 1)":null},"('Firmantes', 'BLOQUE')":{"('0104-PE-2005', 0)":"PODER EJECUTIVO","('0104-PE-2005', 1)":"PODER EJECUTIVO"},"('Tramites', 'C\u00c1MARA')":{"('0104-PE-2005', 0)":"Senado","('0104-PE-2005', 1)":null},"('Tramites', 'MOVIMIENTO')":{"('0104-PE-2005', 0)":"CONSIDERACION Y APROBACION","('0104-PE-2005', 1)":null},"('Tramites', 'FECHA')":{"('0104-PE-2005', 0)":"15\/06\/2005","('0104-PE-2005', 1)":null},"('Tramites', 'RESULTADO')":{"('0104-PE-2005', 0)":"APROBADO","('0104-PE-2005', 1)":null},"Palabra Clave":{"('0104-PE-2005', 0)":" ","('0104-PE-2005', 1)":null}}