{"Tipo de Proyecto":{"('0104-D-2005', 0)":"PROYECTO DE LEY","('0104-D-2005', 1)":null},"Iniciado en: ":{"('0104-D-2005', 0)":"Diputados","('0104-D-2005', 1)":null},"Expediente Diputados: ":{"('0104-D-2005', 0)":"0104-D-2005","('0104-D-2005', 1)":null},"Publicado en: ":{"('0104-D-2005', 0)":"Tr\u00e1mite Parlamentario N\u00b0 1","('0104-D-2005', 1)":null},"Fecha: ":{"('0104-D-2005', 0)":"01\/03\/2005","('0104-D-2005', 1)":null},"T\u00edtulo":{"('0104-D-2005', 0)":"MODIFICACION DEL ARTICULO 5 BIS DE LA LEY 19787, DE DIFUSION DE MUSICA ARGENTINA, SOBRE PRIORIDADES EN LAS DIFERENTES PROGRAMACIONES.","('0104-D-2005', 1)":null},"('Firmantes', 'FIRMANTE')":{"('0104-D-2005', 0)":"LUGO DE GONZALEZ CABA\u00d1AS, CECILIA","('0104-D-2005', 1)":null},"('Firmantes', 'DISTRITO')":{"('0104-D-2005', 0)":"CORRIENTES","('0104-D-2005', 1)":null},"('Firmantes', 'BLOQUE')":{"('0104-D-2005', 0)":"JUSTICIALISTA","('0104-D-2005', 1)":null},"('Giros', 'COMISI\u00d3N')":{"('0104-D-2005', 0)":"CULTURA","('0104-D-2005', 1)":"COMUNICACIONES E INFORMATICA"},"Palabra Clave":{"('0104-D-2005', 0)":" ","('0104-D-2005', 1)":null}}