{"Tipo de Proyecto":{"('0105-PE-2005', 0)":"MENSAJE NRO: 0427\/05","('0105-PE-2005', 1)":null},"Iniciado en: ":{"('0105-PE-2005', 0)":"Senado","('0105-PE-2005', 1)":null},"Expediente Senado: ":{"('0105-PE-2005', 0)":"0105-PE-2005","('0105-PE-2005', 1)":null},"Publicado en: ":{"('0105-PE-2005', 0)":"DAE S.A. N\u00b0 3","('0105-PE-2005', 1)":null},"Fecha: ":{"('0105-PE-2005', 0)":"11\/05\/2005","('0105-PE-2005', 1)":null},"T\u00edtulo":{"('0105-PE-2005', 0)":"SOLICITAR ACUERDO PARA DESIGNAR JUEZ DE CAMARA EN EL TRIBUNAL ORAL EN LO CRIMINAL FEDERAL DE FORMOSA, PROVINCIA DE FORMOSA, AL DOCTOR ALFREDO FRANCISCO GARCIA WENK.","('0105-PE-2005', 1)":null},"('Firmantes', 'FIRMANTE')":{"('0105-PE-2005', 0)":"KIRCHNER, NESTOR CARLOS","('0105-PE-2005', 1)":"ROSATTI, HORACIO DANIEL"},"('Firmantes', 'DISTRITO')":{"('0105-PE-2005', 0)":null,"('0105-PE-2005', 1)":null},"('Firmantes', 'BLOQUE')":{"('0105-PE-2005', 0)":"PODER EJECUTIVO","('0105-PE-2005', 1)":"PODER EJECUTIVO"},"('Tramites', 'C\u00c1MARA')":{"('0105-PE-2005', 0)":"Senado","('0105-PE-2005', 1)":null},"('Tramites', 'MOVIMIENTO')":{"('0105-PE-2005', 0)":"CONSIDERACION Y APROBACION","('0105-PE-2005', 1)":null},"('Tramites', 'FECHA')":{"('0105-PE-2005', 0)":"15\/06\/2005","('0105-PE-2005', 1)":null},"('Tramites', 'RESULTADO')":{"('0105-PE-2005', 0)":"APROBADO","('0105-PE-2005', 1)":null},"Palabra Clave":{"('0105-PE-2005', 0)":" ","('0105-PE-2005', 1)":null}}