{"Tipo de Proyecto":{"('0106-S-2005', 0)":"PROYECTO DE DECLARACI\u00d3N","('0106-S-2005', 1)":null},"Iniciado en: ":{"('0106-S-2005', 0)":"Senado","('0106-S-2005', 1)":null},"Expediente Senado: ":{"('0106-S-2005', 0)":"0106-S-2005","('0106-S-2005', 1)":null},"Publicado en: ":{"('0106-S-2005', 0)":"Diario de Asuntos Entrados N\u00b0 5","('0106-S-2005', 1)":null},"Fecha: ":{"('0106-S-2005', 0)":"02\/03\/2005","('0106-S-2005', 1)":null},"T\u00edtulo":{"('0106-S-2005', 0)":"EXPRESAR ADHESION AL DIA INTERNACIONAL DE LA MUJER.","('0106-S-2005', 1)":null},"('Firmantes', 'FIRMANTE')":{"('0106-S-2005', 0)":"PINCHETTI DE SIERRA MORALES, DELIA","('0106-S-2005', 1)":"BUSSI, RICARDO ARGENTINO"},"('Firmantes', 'DISTRITO')":{"('0106-S-2005', 0)":"TUCUMAN","('0106-S-2005', 1)":"TUCUMAN"},"('Firmantes', 'BLOQUE')":{"('0106-S-2005', 0)":"FZA REPUBLICANA","('0106-S-2005', 1)":"FZA REPUBLICANA"},"('Tramites', 'C\u00c1MARA')":{"('0106-S-2005', 0)":"Senado","('0106-S-2005', 1)":"Senado"},"('Tramites', 'MOVIMIENTO')":{"('0106-S-2005', 0)":"MOCION SOBRE TABLAS (AFIRMATIVA) CONJUNTAMENTE PARA LOS EXPEDIENTES 4476-S-2004, 4513-S-2004, 0045-S-2005, 0106-S-2005, 0080-S-2005, 0119-S-2005, 0120-S-2005, 0122-S-2005, 0127-S-2005, 0136-S-2005, 0168-S-2005, 0173-S-2005, 0174-S-2005, 0203-S-2005, 0205-S-2005, 0214-S-2005, 0188-S-2005 y 0192-S-2005","('0106-S-2005', 1)":"CONSIDERACION Y APROBACION (TEXTO UNIFICADO) CONJUNTAMENTE PARA LOS EXPEDIENTES 4476-S-2004, 4513-S-2004, 0045-S-2005, 0106-S-2005, 0080-S-2005, 0119-S-2005, 0120-S-2005, 0122-S-2005, 0127-S-2005, 0136-S-2005, 0168-S-2005, 0173-S-2005, 0174-S-2005, 0203-S-2005, 0205-S-2005, 0214-S-2005, 0188-S-2005 y 0192-S-2005"},"('Tramites', 'FECHA')":{"('0106-S-2005', 0)":"09\/03\/2005","('0106-S-2005', 1)":"09\/03\/2005"},"('Tramites', 'RESULTADO')":{"('0106-S-2005', 0)":null,"('0106-S-2005', 1)":"APROBADO"},"Link":{"('0106-S-2005', 0)":"http:\/\/www.senado.gov.ar\/parlamentario\/comisiones\/verExp\/106.05\/S\/PD","('0106-S-2005', 1)":null},"Palabra Clave":{"('0106-S-2005', 0)":" ","('0106-S-2005', 1)":null}}