{"Tipo de Proyecto":{"('0106-D-2005', 0)":"PROYECTO DE LEY","('0106-D-2005', 1)":null},"Iniciado en: ":{"('0106-D-2005', 0)":"Diputados","('0106-D-2005', 1)":null},"Expediente Diputados: ":{"('0106-D-2005', 0)":"0106-D-2005","('0106-D-2005', 1)":null},"Publicado en: ":{"('0106-D-2005', 0)":"Tr\u00e1mite Parlamentario N\u00b0 1","('0106-D-2005', 1)":null},"Fecha: ":{"('0106-D-2005', 0)":"01\/03\/2005","('0106-D-2005', 1)":null},"T\u00edtulo":{"('0106-D-2005', 0)":"CREACION DEL \"PROGRAMA NACIONAL DE FEDERALISMO INSTITUCIONAL - PRONAFI -\".","('0106-D-2005', 1)":null},"('Firmantes', 'FIRMANTE')":{"('0106-D-2005', 0)":"LUGO DE GONZALEZ CABA\u00d1AS, CECILIA","('0106-D-2005', 1)":null},"('Firmantes', 'DISTRITO')":{"('0106-D-2005', 0)":"CORRIENTES","('0106-D-2005', 1)":null},"('Firmantes', 'BLOQUE')":{"('0106-D-2005', 0)":"JUSTICIALISTA","('0106-D-2005', 1)":null},"('Giros', 'COMISI\u00d3N')":{"('0106-D-2005', 0)":"ASUNTOS CONSTITUCIONALES","('0106-D-2005', 1)":"PRESUPUESTO Y HACIENDA"},"Palabra Clave":{"('0106-D-2005', 0)":" ","('0106-D-2005', 1)":null}}