{"Tipo de Proyecto":{"('0108-D-2005', 0)":"PROYECTO DE LEY","('0108-D-2005', 1)":null},"Iniciado en: ":{"('0108-D-2005', 0)":"Diputados","('0108-D-2005', 1)":null},"Expediente Diputados: ":{"('0108-D-2005', 0)":"0108-D-2005","('0108-D-2005', 1)":null},"Publicado en: ":{"('0108-D-2005', 0)":"Tr\u00e1mite Parlamentario N\u00b0 1","('0108-D-2005', 1)":null},"Fecha: ":{"('0108-D-2005', 0)":"01\/03\/2005","('0108-D-2005', 1)":null},"T\u00edtulo":{"('0108-D-2005', 0)":"DECLARAR A LA PROVINCIA DE CORRIENTES CAPITAL HONORIFICA DE LA NACION ANTE EL MERCADO COMUN DEL SUR - MERCOSUR -.","('0108-D-2005', 1)":null},"('Firmantes', 'FIRMANTE')":{"('0108-D-2005', 0)":"LUGO DE GONZALEZ CABA\u00d1AS, CECILIA","('0108-D-2005', 1)":null},"('Firmantes', 'DISTRITO')":{"('0108-D-2005', 0)":"CORRIENTES","('0108-D-2005', 1)":null},"('Firmantes', 'BLOQUE')":{"('0108-D-2005', 0)":"JUSTICIALISTA","('0108-D-2005', 1)":null},"('Giros', 'COMISI\u00d3N')":{"('0108-D-2005', 0)":"MERCOSUR","('0108-D-2005', 1)":"LEGISLACION GENERAL"},"Palabra Clave":{"('0108-D-2005', 0)":" ","('0108-D-2005', 1)":null}}