{"Tipo de Proyecto":{"('0108-PE-2005', 0)":"MENSAJE NRO: 0430\/05","('0108-PE-2005', 1)":null},"Iniciado en: ":{"('0108-PE-2005', 0)":"Senado","('0108-PE-2005', 1)":null},"Expediente Senado: ":{"('0108-PE-2005', 0)":"0108-PE-2005","('0108-PE-2005', 1)":null},"Publicado en: ":{"('0108-PE-2005', 0)":"DAE S.A. N\u00b0 3","('0108-PE-2005', 1)":null},"Fecha: ":{"('0108-PE-2005', 0)":"11\/05\/2005","('0108-PE-2005', 1)":null},"T\u00edtulo":{"('0108-PE-2005', 0)":"SOLICITAR ACUERDO PARA DESIGNAR JUEZ DEL JUZGADO NACIONAL DE PRIMERA INSTANCIA EN LO CIVIL NUMERO 1 DE LA CAPITAL FEDERAL, AL DOCTOR GUSTAVO DANIEL CARAMELO DIAZ.","('0108-PE-2005', 1)":null},"('Firmantes', 'FIRMANTE')":{"('0108-PE-2005', 0)":"KIRCHNER, NESTOR CARLOS","('0108-PE-2005', 1)":"ROSATTI, HORACIO DANIEL"},"('Firmantes', 'DISTRITO')":{"('0108-PE-2005', 0)":null,"('0108-PE-2005', 1)":null},"('Firmantes', 'BLOQUE')":{"('0108-PE-2005', 0)":"PODER EJECUTIVO","('0108-PE-2005', 1)":"PODER EJECUTIVO"},"('Tramites', 'C\u00c1MARA')":{"('0108-PE-2005', 0)":"Senado","('0108-PE-2005', 1)":null},"('Tramites', 'MOVIMIENTO')":{"('0108-PE-2005', 0)":"CONSIDERACION Y APROBACION","('0108-PE-2005', 1)":null},"('Tramites', 'FECHA')":{"('0108-PE-2005', 0)":"15\/06\/2005","('0108-PE-2005', 1)":null},"('Tramites', 'RESULTADO')":{"('0108-PE-2005', 0)":"APROBADO","('0108-PE-2005', 1)":null},"Palabra Clave":{"('0108-PE-2005', 0)":" ","('0108-PE-2005', 1)":null}}