{"Tipo de Proyecto":{"('0109-PE-2005', 0)":"MENSAJE NRO: 0431\/05","('0109-PE-2005', 1)":null},"Iniciado en: ":{"('0109-PE-2005', 0)":"Senado","('0109-PE-2005', 1)":null},"Expediente Senado: ":{"('0109-PE-2005', 0)":"0109-PE-2005","('0109-PE-2005', 1)":null},"Publicado en: ":{"('0109-PE-2005', 0)":"DAE S.A. N\u00b0 3","('0109-PE-2005', 1)":null},"Fecha: ":{"('0109-PE-2005', 0)":"11\/05\/2005","('0109-PE-2005', 1)":null},"T\u00edtulo":{"('0109-PE-2005', 0)":"SOLICITAR ACUERDO PARA DESIGNAR JUEZ DEL JUZGADO NACIONAL DE PRIMERA INSTANCIA EN LO CIVIL NUMERO 15 DE LA CAPITAL FEDERAL, DOCTORA MARIA ISABEL BENAVENTE.","('0109-PE-2005', 1)":null},"('Firmantes', 'FIRMANTE')":{"('0109-PE-2005', 0)":"KIRCHNER, NESTOR CARLOS","('0109-PE-2005', 1)":"ROSATTI, HORACIO DANIEL"},"('Firmantes', 'DISTRITO')":{"('0109-PE-2005', 0)":null,"('0109-PE-2005', 1)":null},"('Firmantes', 'BLOQUE')":{"('0109-PE-2005', 0)":"PODER EJECUTIVO","('0109-PE-2005', 1)":"PODER EJECUTIVO"},"('Tramites', 'C\u00c1MARA')":{"('0109-PE-2005', 0)":"Senado","('0109-PE-2005', 1)":null},"('Tramites', 'MOVIMIENTO')":{"('0109-PE-2005', 0)":"CONSIDERACION Y APROBACION","('0109-PE-2005', 1)":null},"('Tramites', 'FECHA')":{"('0109-PE-2005', 0)":"15\/06\/2005","('0109-PE-2005', 1)":null},"('Tramites', 'RESULTADO')":{"('0109-PE-2005', 0)":"APROBADO","('0109-PE-2005', 1)":null},"Palabra Clave":{"('0109-PE-2005', 0)":" ","('0109-PE-2005', 1)":null}}