{"Tipo de Proyecto":{"('0109-D-2005', 0)":"PROYECTO DE LEY","('0109-D-2005', 1)":null,"('0109-D-2005', 2)":null,"('0109-D-2005', 3)":null},"Iniciado en: ":{"('0109-D-2005', 0)":"Diputados","('0109-D-2005', 1)":null,"('0109-D-2005', 2)":null,"('0109-D-2005', 3)":null},"Expediente Diputados: ":{"('0109-D-2005', 0)":"0109-D-2005","('0109-D-2005', 1)":null,"('0109-D-2005', 2)":null,"('0109-D-2005', 3)":null},"Publicado en: ":{"('0109-D-2005', 0)":"Tr\u00e1mite Parlamentario N\u00b0 1","('0109-D-2005', 1)":null,"('0109-D-2005', 2)":null,"('0109-D-2005', 3)":null},"Fecha: ":{"('0109-D-2005', 0)":"01\/03\/2005","('0109-D-2005', 1)":null,"('0109-D-2005', 2)":null,"('0109-D-2005', 3)":null},"T\u00edtulo":{"('0109-D-2005', 0)":"CREACION DEL MUSEO NACIONAL DE LAS ISLAS MALVINAS.","('0109-D-2005', 1)":null,"('0109-D-2005', 2)":null,"('0109-D-2005', 3)":null},"('Firmantes', 'FIRMANTE')":{"('0109-D-2005', 0)":"LUGO DE GONZALEZ CABA\u00d1AS, CECILIA","('0109-D-2005', 1)":null,"('0109-D-2005', 2)":null,"('0109-D-2005', 3)":null},"('Firmantes', 'DISTRITO')":{"('0109-D-2005', 0)":"CORRIENTES","('0109-D-2005', 1)":null,"('0109-D-2005', 2)":null,"('0109-D-2005', 3)":null},"('Firmantes', 'BLOQUE')":{"('0109-D-2005', 0)":"JUSTICIALISTA","('0109-D-2005', 1)":null,"('0109-D-2005', 2)":null,"('0109-D-2005', 3)":null},"('Giros', 'COMISI\u00d3N')":{"('0109-D-2005', 0)":"CULTURA","('0109-D-2005', 1)":"DEFENSA NACIONAL","('0109-D-2005', 2)":"RELACIONES EXTERIORES Y CULTO","('0109-D-2005', 3)":"PRESUPUESTO Y HACIENDA"},"Palabra Clave":{"('0109-D-2005', 0)":" ","('0109-D-2005', 1)":null,"('0109-D-2005', 2)":null,"('0109-D-2005', 3)":null}}