{"Tipo de Proyecto":{"('0110-D-2005', 0)":"PROYECTO DE LEY","('0110-D-2005', 1)":null},"Iniciado en: ":{"('0110-D-2005', 0)":"Diputados","('0110-D-2005', 1)":null},"Expediente Diputados: ":{"('0110-D-2005', 0)":"0110-D-2005","('0110-D-2005', 1)":null},"Publicado en: ":{"('0110-D-2005', 0)":"Tr\u00e1mite Parlamentario N\u00b0 1","('0110-D-2005', 1)":null},"Fecha: ":{"('0110-D-2005', 0)":"01\/03\/2005","('0110-D-2005', 1)":null},"T\u00edtulo":{"('0110-D-2005', 0)":"INSTITUCION DEL PREMIO \"MERITO NACIONAL\", PARA ESTUDIANTES UNIVERSITARIOS QUE HAYAN OBTENIDO UN TITULO UNIVERSITARIO ANTES DE LOS 20 A\u00d1OS DE EDAD.","('0110-D-2005', 1)":null},"('Firmantes', 'FIRMANTE')":{"('0110-D-2005', 0)":"LUGO DE GONZALEZ CABA\u00d1AS, CECILIA","('0110-D-2005', 1)":null},"('Firmantes', 'DISTRITO')":{"('0110-D-2005', 0)":"CORRIENTES","('0110-D-2005', 1)":null},"('Firmantes', 'BLOQUE')":{"('0110-D-2005', 0)":"JUSTICIALISTA","('0110-D-2005', 1)":null},"('Giros', 'COMISI\u00d3N')":{"('0110-D-2005', 0)":"EDUCACION","('0110-D-2005', 1)":"PRESUPUESTO Y HACIENDA"},"Palabra Clave":{"('0110-D-2005', 0)":" ","('0110-D-2005', 1)":null}}