{"Tipo de Proyecto":{"('0110-PE-2005', 0)":"MENSAJE NRO: 0432\/05","('0110-PE-2005', 1)":null},"Iniciado en: ":{"('0110-PE-2005', 0)":"Senado","('0110-PE-2005', 1)":null},"Expediente Senado: ":{"('0110-PE-2005', 0)":"0110-PE-2005","('0110-PE-2005', 1)":null},"Publicado en: ":{"('0110-PE-2005', 0)":"DAE S.A. N\u00b0 3","('0110-PE-2005', 1)":null},"Fecha: ":{"('0110-PE-2005', 0)":"11\/05\/2005","('0110-PE-2005', 1)":null},"T\u00edtulo":{"('0110-PE-2005', 0)":"SOLICITAR ACUERDO PARA DESIGNAR JUEZ DEL JUZGADO NACIONAL DE PRIMERA INSTANCIA EN LO CIVIL NUMERO 51 DE LA CAPITAL FEDERAL A LA DOCTORA SILVIA YOLANDA TANZI.","('0110-PE-2005', 1)":null},"('Firmantes', 'FIRMANTE')":{"('0110-PE-2005', 0)":"KIRCHNER, NESTOR CARLOS","('0110-PE-2005', 1)":"ROSATTI, HORACIO DANIEL"},"('Firmantes', 'DISTRITO')":{"('0110-PE-2005', 0)":null,"('0110-PE-2005', 1)":null},"('Firmantes', 'BLOQUE')":{"('0110-PE-2005', 0)":"PODER EJECUTIVO","('0110-PE-2005', 1)":"PODER EJECUTIVO"},"('Tramites', 'C\u00c1MARA')":{"('0110-PE-2005', 0)":"Senado","('0110-PE-2005', 1)":null},"('Tramites', 'MOVIMIENTO')":{"('0110-PE-2005', 0)":"CONSIDERACION Y APROBACION","('0110-PE-2005', 1)":null},"('Tramites', 'FECHA')":{"('0110-PE-2005', 0)":"15\/06\/2005","('0110-PE-2005', 1)":null},"('Tramites', 'RESULTADO')":{"('0110-PE-2005', 0)":"APROBADO","('0110-PE-2005', 1)":null},"Palabra Clave":{"('0110-PE-2005', 0)":" ","('0110-PE-2005', 1)":null}}