{"Tipo de Proyecto":{"('0111-PE-2005', 0)":"MENSAJE NRO: 0433\/05","('0111-PE-2005', 1)":null},"Iniciado en: ":{"('0111-PE-2005', 0)":"Senado","('0111-PE-2005', 1)":null},"Expediente Senado: ":{"('0111-PE-2005', 0)":"0111-PE-2005","('0111-PE-2005', 1)":null},"Publicado en: ":{"('0111-PE-2005', 0)":"DAE S.A. N\u00b0 3","('0111-PE-2005', 1)":null},"Fecha: ":{"('0111-PE-2005', 0)":"11\/05\/2005","('0111-PE-2005', 1)":null},"T\u00edtulo":{"('0111-PE-2005', 0)":"SOLICITAR ACUERDO PARA DESIGNAR JUEZ DEL JUZGADO NACIONAL DE PRIMERA INSTANCIA EN LO CIVIL NUMERO 49 DE LA CAPITAL FEDERAL, AL DOCTOR OSVALDO ONOFRE ALVAREZ.","('0111-PE-2005', 1)":null},"('Firmantes', 'FIRMANTE')":{"('0111-PE-2005', 0)":"KIRCHNER, NESTOR CARLOS","('0111-PE-2005', 1)":"ROSATTI, HORACIO DANIEL"},"('Firmantes', 'DISTRITO')":{"('0111-PE-2005', 0)":null,"('0111-PE-2005', 1)":null},"('Firmantes', 'BLOQUE')":{"('0111-PE-2005', 0)":"PODER EJECUTIVO","('0111-PE-2005', 1)":"PODER EJECUTIVO"},"('Tramites', 'C\u00c1MARA')":{"('0111-PE-2005', 0)":"Senado","('0111-PE-2005', 1)":null},"('Tramites', 'MOVIMIENTO')":{"('0111-PE-2005', 0)":"CONSIDERACION Y APROBACION","('0111-PE-2005', 1)":null},"('Tramites', 'FECHA')":{"('0111-PE-2005', 0)":"15\/06\/2005","('0111-PE-2005', 1)":null},"('Tramites', 'RESULTADO')":{"('0111-PE-2005', 0)":"APROBADO","('0111-PE-2005', 1)":null},"Palabra Clave":{"('0111-PE-2005', 0)":" ","('0111-PE-2005', 1)":null}}