{"Tipo de Proyecto":{"('0111-S-2005', 0)":"PROYECTO DE LEY","('0111-S-2005', 1)":null,"('0111-S-2005', 2)":null},"Iniciado en: ":{"('0111-S-2005', 0)":"Senado","('0111-S-2005', 1)":null,"('0111-S-2005', 2)":null},"Expediente Diputados: ":{"('0111-S-2005', 0)":"0111-S-2005","('0111-S-2005', 1)":null,"('0111-S-2005', 2)":null},"Expediente Senado: ":{"('0111-S-2005', 0)":"0425-S-2005","('0111-S-2005', 1)":null,"('0111-S-2005', 2)":null},"Publicado en: ":{"('0111-S-2005', 0)":"Diario de Asuntos Entrados N\u00b0 22","('0111-S-2005', 1)":null,"('0111-S-2005', 2)":null},"Fecha: ":{"('0111-S-2005', 0)":"17\/03\/2005","('0111-S-2005', 1)":null,"('0111-S-2005', 2)":null},"T\u00edtulo":{"('0111-S-2005', 0)":"LEY 24240 (LEY DE DEFENSA DEL CONSUMIDOR): MODIFICACION (REPRODUCCION DEL EXPEDIENTE 2132-S-03).","('0111-S-2005', 1)":null,"('0111-S-2005', 2)":null},"('Firmantes', 'FIRMANTE')":{"('0111-S-2005', 0)":"GUINLE, MARCELO ALEJANDRO","('0111-S-2005', 1)":null,"('0111-S-2005', 2)":null},"('Firmantes', 'DISTRITO')":{"('0111-S-2005', 0)":"CHUBUT","('0111-S-2005', 1)":null,"('0111-S-2005', 2)":null},"('Firmantes', 'BLOQUE')":{"('0111-S-2005', 0)":"JUSTICIALISTA","('0111-S-2005', 1)":null,"('0111-S-2005', 2)":null},"('Giros', 'COMISI\u00d3N')":{"('0111-S-2005', 0)":"DEFENSA DEL CONSUMIDOR","('0111-S-2005', 1)":"JUSTICIA","('0111-S-2005', 2)":"TRANSPORTES"},"('Tramites', 'C\u00c1MARA')":{"('0111-S-2005', 0)":"Senado","('0111-S-2005', 1)":"Diputados","('0111-S-2005', 2)":null},"('Tramites', 'MOVIMIENTO')":{"('0111-S-2005', 0)":"CONSIDERACION Y APROBACION","('0111-S-2005', 1)":"PASA A DIPUTADOS -","('0111-S-2005', 2)":null},"('Tramites', 'FECHA')":{"('0111-S-2005', 0)":"27\/07\/2005","('0111-S-2005', 1)":null,"('0111-S-2005', 2)":null},"('Tramites', 'RESULTADO')":{"('0111-S-2005', 0)":"MEDIA SANCION","('0111-S-2005', 1)":null,"('0111-S-2005', 2)":null},"Sumario":{"('0111-S-2005', 0)":"SE INCORPORA COMO ULTIMO PARRAFO DEL ARTICULO 53 (ACTUACIONES JUDICIALES); MODIFICACION DEL ARTICULO 63 (CONTRATO DE TRANSPORTE).","('0111-S-2005', 1)":null,"('0111-S-2005', 2)":null},"Palabra Clave":{"('0111-S-2005', 0)":" ","('0111-S-2005', 1)":null,"('0111-S-2005', 2)":null}}