{"Tipo de Proyecto":{"('0111-D-2005', 0)":"PROYECTO DE DECLARACI\u00d3N"},"Iniciado en: ":{"('0111-D-2005', 0)":"Diputados"},"Expediente Diputados: ":{"('0111-D-2005', 0)":"0111-D-2005"},"Publicado en: ":{"('0111-D-2005', 0)":"Tr\u00e1mite Parlamentario N\u00b0 2"},"Fecha: ":{"('0111-D-2005', 0)":"02\/03\/2005"},"T\u00edtulo":{"('0111-D-2005', 0)":"EXPRESAR BENEPLACITO POR LA ENTRADA EN VIGENCIA DEL PROTOCOLO DE KYOTO."},"('Firmantes', 'FIRMANTE')":{"('0111-D-2005', 0)":"ARNOLD, EDUARDO ARIEL"},"('Firmantes', 'DISTRITO')":{"('0111-D-2005', 0)":"SANTA CRUZ"},"('Firmantes', 'BLOQUE')":{"('0111-D-2005', 0)":"JUSTICIALISTA"},"('Giros', 'COMISI\u00d3N')":{"('0111-D-2005', 0)":"RELACIONES EXTERIORES Y CULTO"},"Palabra Clave":{"('0111-D-2005', 0)":" "}}