{"Tipo de Proyecto":{"('0112-D-2005', 0)":"PROYECTO DE LEY","('0112-D-2005', 1)":null},"Iniciado en: ":{"('0112-D-2005', 0)":"Diputados","('0112-D-2005', 1)":null},"Expediente Diputados: ":{"('0112-D-2005', 0)":"0112-D-2005","('0112-D-2005', 1)":null},"Publicado en: ":{"('0112-D-2005', 0)":"Tr\u00e1mite Parlamentario N\u00b0 2","('0112-D-2005', 1)":null},"Fecha: ":{"('0112-D-2005', 0)":"02\/03\/2005","('0112-D-2005', 1)":null},"T\u00edtulo":{"('0112-D-2005', 0)":"BIBLIOTECAS POPULARES, LEY 2351: INCORPORACION DEL ARTICULO 2 BIS, SOBRE FOMENTO DE LA LECTURA DE LIBROS DE AUTORES NACIONALES, PARTICULARMENTE AQUELLOS RESIDENTES EN EL INTERIOR DEL PAIS.","('0112-D-2005', 1)":null},"('Firmantes', 'FIRMANTE')":{"('0112-D-2005', 0)":"LUGO DE GONZALEZ CABA\u00d1AS, CECILIA","('0112-D-2005', 1)":null},"('Firmantes', 'DISTRITO')":{"('0112-D-2005', 0)":"CORRIENTES","('0112-D-2005', 1)":null},"('Firmantes', 'BLOQUE')":{"('0112-D-2005', 0)":"JUSTICIALISTA","('0112-D-2005', 1)":null},"('Giros', 'COMISI\u00d3N')":{"('0112-D-2005', 0)":"CULTURA","('0112-D-2005', 1)":"LEGISLACION GENERAL"},"Palabra Clave":{"('0112-D-2005', 0)":" ","('0112-D-2005', 1)":null}}