{"Tipo de Proyecto":{"('0114-S-2005', 0)":"PROYECTO DE RESOLUCI\u00d3N","('0114-S-2005', 1)":null,"('0114-S-2005', 2)":null,"('0114-S-2005', 3)":null,"('0114-S-2005', 4)":null},"Iniciado en: ":{"('0114-S-2005', 0)":"Senado","('0114-S-2005', 1)":null,"('0114-S-2005', 2)":null,"('0114-S-2005', 3)":null,"('0114-S-2005', 4)":null},"Expediente Diputados: ":{"('0114-S-2005', 0)":"0114-S-2005","('0114-S-2005', 1)":null,"('0114-S-2005', 2)":null,"('0114-S-2005', 3)":null,"('0114-S-2005', 4)":null},"Expediente Senado: ":{"('0114-S-2005', 0)":"0037-OV-2004","('0114-S-2005', 1)":null,"('0114-S-2005', 2)":null,"('0114-S-2005', 3)":null,"('0114-S-2005', 4)":null},"Fecha: ":{"('0114-S-2005', 0)":"13\/06\/2005","('0114-S-2005', 1)":null,"('0114-S-2005', 2)":null,"('0114-S-2005', 3)":null,"('0114-S-2005', 4)":null},"T\u00edtulo":{"('0114-S-2005', 0)":"PEDIDO DE INFORMES AL PODER EJECUTIVO SOBRE RESOLUCION REMITIDA POR LA AUDITORIA GENERAL DE LA NACION REFERENTE A LOS ESTADOS FINANCIEROS AL 31 DE DICIEMBRE DE 2002 CORRESPONDIENTES AL PROYECTO DE DESARROLLO DE LAS COMUNIDADES INDIGENAS - CONVENIO DE PRESTAMO 4580-AR BIRF.","('0114-S-2005', 1)":null,"('0114-S-2005', 2)":null,"('0114-S-2005', 3)":null,"('0114-S-2005', 4)":null},"('Firmantes', 'FIRMANTE')":{"('0114-S-2005', 0)":"PARLAMENTARIA MIXTA REVISORA DE CUENTAS","('0114-S-2005', 1)":null,"('0114-S-2005', 2)":null,"('0114-S-2005', 3)":null,"('0114-S-2005', 4)":null},"('Firmantes', 'DISTRITO')":{"('0114-S-2005', 0)":null,"('0114-S-2005', 1)":null,"('0114-S-2005', 2)":null,"('0114-S-2005', 3)":null,"('0114-S-2005', 4)":null},"('Firmantes', 'BLOQUE')":{"('0114-S-2005', 0)":null,"('0114-S-2005', 1)":null,"('0114-S-2005', 2)":null,"('0114-S-2005', 3)":null,"('0114-S-2005', 4)":null},"('Giros', 'COMISI\u00d3N')":{"('0114-S-2005', 0)":"PARLAMENTARIA MIXTA REVISORA DE CUENTAS","('0114-S-2005', 1)":null,"('0114-S-2005', 2)":null,"('0114-S-2005', 3)":null,"('0114-S-2005', 4)":null},"('Tramites', 'C\u00c1MARA')":{"('0114-S-2005', 0)":"Senado","('0114-S-2005', 1)":"Diputados","('0114-S-2005', 2)":"Diputados","('0114-S-2005', 3)":"Diputados","('0114-S-2005', 4)":"Diputados"},"('Tramites', 'MOVIMIENTO')":{"('0114-S-2005', 0)":"CONSIDERACION Y APROBACION","('0114-S-2005', 1)":"PASA A DIPUTADOS -","('0114-S-2005', 2)":"CONSIDERACION Y APROBACION","('0114-S-2005', 3)":"CONTESTACION DEL PODER EJECUTIVO NACIONAL - JEFE DE GABINETE DE MINISTROS - GIRADO A LA COMISION RESPECTIVA","('0114-S-2005', 4)":"CONTESTACION DEL PODER EJECUTIVO NACIONAL - JEFE DE GABINETE DE MINISTROS - GIRADO A LA COMISION RESPECTIVA"},"('Tramites', 'FECHA')":{"('0114-S-2005', 0)":"27\/07\/2005","('0114-S-2005', 1)":null,"('0114-S-2005', 2)":"15\/03\/2006","('0114-S-2005', 3)":"19\/07\/2006","('0114-S-2005', 4)":"28\/02\/2008"},"('Tramites', 'RESULTADO')":{"('0114-S-2005', 0)":"APROBADO","('0114-S-2005', 1)":null,"('0114-S-2005', 2)":"APROBADO","('0114-S-2005', 3)":null,"('0114-S-2005', 4)":null},"Link":{"('0114-S-2005', 0)":"http:\/\/www.senado.gov.ar\/parlamentario\/comisiones\/verExp\/37.04\/OV\/PR","('0114-S-2005', 1)":null,"('0114-S-2005', 2)":null,"('0114-S-2005', 3)":null,"('0114-S-2005', 4)":null},"Palabra Clave":{"('0114-S-2005', 0)":" ","('0114-S-2005', 1)":null,"('0114-S-2005', 2)":null,"('0114-S-2005', 3)":null,"('0114-S-2005', 4)":null}}