{"Tipo de Proyecto":{"('0117-S-2005', 0)":"PROYECTO DE LEY","('0117-S-2005', 1)":null,"('0117-S-2005', 2)":null},"Iniciado en: ":{"('0117-S-2005', 0)":"Senado","('0117-S-2005', 1)":null,"('0117-S-2005', 2)":null},"Expediente Diputados: ":{"('0117-S-2005', 0)":"0117-S-2005","('0117-S-2005', 1)":null,"('0117-S-2005', 2)":null},"Expediente Senado: ":{"('0117-S-2005', 0)":"1858-S-2004","('0117-S-2005', 1)":null,"('0117-S-2005', 2)":null},"Publicado en: ":{"('0117-S-2005', 0)":"Diario de Asuntos Entrados N\u00b0 119","('0117-S-2005', 1)":null,"('0117-S-2005', 2)":null},"Fecha: ":{"('0117-S-2005', 0)":"22\/06\/2004","('0117-S-2005', 1)":null,"('0117-S-2005', 2)":null},"T\u00edtulo":{"('0117-S-2005', 0)":"TRANSFERIR A TITULO GRATUITO A LA MUNICIPALIDAD DE CHOS MALAL, PROVINCIA DEL NEUQUEN, EL DOMINIO DE UN INMUEBLE DE PROPIEDAD DEL ESTADO NACIONAL, CUYA TITULARIDAD ES DE LA EMPRESA NACIONAL DE CORREOS Y TELECOMUNICACIONES.","('0117-S-2005', 1)":null,"('0117-S-2005', 2)":null},"('Firmantes', 'FIRMANTE')":{"('0117-S-2005', 0)":"SAPAG, LUZ MARIA","('0117-S-2005', 1)":null,"('0117-S-2005', 2)":null},"('Firmantes', 'DISTRITO')":{"('0117-S-2005', 0)":"NEUQUEN","('0117-S-2005', 1)":null,"('0117-S-2005', 2)":null},"('Firmantes', 'BLOQUE')":{"('0117-S-2005', 0)":"MOV POP NEUQUINO","('0117-S-2005', 1)":null,"('0117-S-2005', 2)":null},"('Giros', 'COMISI\u00d3N')":{"('0117-S-2005', 0)":"LEGISLACION GENERAL","('0117-S-2005', 1)":"COMUNICACIONES E INFORMATICA","('0117-S-2005', 2)":"ASUNTOS MUNICIPALES"},"('Tramites', 'C\u00c1MARA')":{"('0117-S-2005', 0)":"Senado","('0117-S-2005', 1)":"Senado","('0117-S-2005', 2)":"Diputados"},"('Tramites', 'MOVIMIENTO')":{"('0117-S-2005', 0)":"AMPLIACION GIRO A LA COMISION DE SISTEMAS, MEDIOS DE COMUNICACION Y LIBERTAD DE EXPRESION","('0117-S-2005', 1)":"CONSIDERACION Y APROBACION","('0117-S-2005', 2)":"PASA A DIPUTADOS -"},"('Tramites', 'FECHA')":{"('0117-S-2005', 0)":"07\/07\/2004","('0117-S-2005', 1)":"10\/08\/2005","('0117-S-2005', 2)":null},"('Tramites', 'RESULTADO')":{"('0117-S-2005', 0)":null,"('0117-S-2005', 1)":"MEDIA SANCION","('0117-S-2005', 2)":null},"Sumario":{"('0117-S-2005', 0)":"DESTINO: INSTALACION DE UNA FERIA COMUNITARIA DE FRUTOS Y PRODUCTOS REGIONALES; ESCRITURA TRASLATIVA DE DOMINIO.","('0117-S-2005', 1)":null,"('0117-S-2005', 2)":null},"Palabra Clave":{"('0117-S-2005', 0)":" ","('0117-S-2005', 1)":null,"('0117-S-2005', 2)":null}}