{"Tipo de Proyecto":{"('0118-PE-2005', 0)":"MENSAJE NRO: 0440\/05","('0118-PE-2005', 1)":null},"Iniciado en: ":{"('0118-PE-2005', 0)":"Senado","('0118-PE-2005', 1)":null},"Expediente Senado: ":{"('0118-PE-2005', 0)":"0118-PE-2005","('0118-PE-2005', 1)":null},"Publicado en: ":{"('0118-PE-2005', 0)":"DAE S.A. N\u00b0 3","('0118-PE-2005', 1)":null},"Fecha: ":{"('0118-PE-2005', 0)":"11\/05\/2005","('0118-PE-2005', 1)":null},"T\u00edtulo":{"('0118-PE-2005', 0)":"SOLICITAR ACUERDO PARA DESIGNAR JUEZ NACIONAL A CARGO DEL JUZGADO NACIONAL DE PRIMERA INSTANCIA EN LO CIVIL NUMERO 74, DE LA CAPITAL FEDERAL AL DOCTOR JUAN ALBERTO CASAS.","('0118-PE-2005', 1)":null},"('Firmantes', 'FIRMANTE')":{"('0118-PE-2005', 0)":"KIRCHNER, NESTOR CARLOS","('0118-PE-2005', 1)":"ROSATTI, HORACIO DANIEL"},"('Firmantes', 'DISTRITO')":{"('0118-PE-2005', 0)":null,"('0118-PE-2005', 1)":null},"('Firmantes', 'BLOQUE')":{"('0118-PE-2005', 0)":"PODER EJECUTIVO","('0118-PE-2005', 1)":"PODER EJECUTIVO"},"('Tramites', 'C\u00c1MARA')":{"('0118-PE-2005', 0)":"Senado","('0118-PE-2005', 1)":null},"('Tramites', 'MOVIMIENTO')":{"('0118-PE-2005', 0)":"CONSIDERACION Y APROBACION","('0118-PE-2005', 1)":null},"('Tramites', 'FECHA')":{"('0118-PE-2005', 0)":"15\/06\/2005","('0118-PE-2005', 1)":null},"('Tramites', 'RESULTADO')":{"('0118-PE-2005', 0)":"APROBADO","('0118-PE-2005', 1)":null},"Palabra Clave":{"('0118-PE-2005', 0)":" ","('0118-PE-2005', 1)":null}}