{"Tipo de Proyecto":{"('0118-D-2005', 0)":"PROYECTO DE LEY","('0118-D-2005', 1)":null,"('0118-D-2005', 2)":null,"('0118-D-2005', 3)":null},"Iniciado en: ":{"('0118-D-2005', 0)":"Diputados","('0118-D-2005', 1)":null,"('0118-D-2005', 2)":null,"('0118-D-2005', 3)":null},"Expediente Diputados: ":{"('0118-D-2005', 0)":"0118-D-2005","('0118-D-2005', 1)":null,"('0118-D-2005', 2)":null,"('0118-D-2005', 3)":null},"Publicado en: ":{"('0118-D-2005', 0)":"Tr\u00e1mite Parlamentario N\u00b0 2","('0118-D-2005', 1)":null,"('0118-D-2005', 2)":null,"('0118-D-2005', 3)":null},"Fecha: ":{"('0118-D-2005', 0)":"02\/03\/2005","('0118-D-2005', 1)":null,"('0118-D-2005', 2)":null,"('0118-D-2005', 3)":null},"T\u00edtulo":{"('0118-D-2005', 0)":"DECLARAR MONUMENTO HISTORICO NACIONAL AL TEATRO MUNICIPAL \"SOLARI\" DE LA CIUDAD DE GOYA, PROVINCIA DE CORRIENTES, CUYA INAUGURACION DATA DEL A\u00d1O 1879.","('0118-D-2005', 1)":null,"('0118-D-2005', 2)":null,"('0118-D-2005', 3)":null},"('Firmantes', 'FIRMANTE')":{"('0118-D-2005', 0)":"LUGO DE GONZALEZ CABA\u00d1AS, CECILIA","('0118-D-2005', 1)":"CANTEROS, GUSTAVO JESUS ADOLFO","('0118-D-2005', 2)":"MENDEZ DE FERREYRA, ARACELI ESTELA","('0118-D-2005', 3)":"MACCHI, CARLOS GUILLERMO"},"('Firmantes', 'DISTRITO')":{"('0118-D-2005', 0)":"CORRIENTES","('0118-D-2005', 1)":"CORRIENTES","('0118-D-2005', 2)":"CORRIENTES","('0118-D-2005', 3)":"CORRIENTES"},"('Firmantes', 'BLOQUE')":{"('0118-D-2005', 0)":"JUSTICIALISTA","('0118-D-2005', 1)":"PROYECTO CORRIENTES","('0118-D-2005', 2)":"CONVERGENCIA","('0118-D-2005', 3)":"PARTIDO NUEVO"},"('Giros', 'COMISI\u00d3N')":{"('0118-D-2005', 0)":"CULTURA","('0118-D-2005', 1)":"LEGISLACION GENERAL","('0118-D-2005', 2)":null,"('0118-D-2005', 3)":null},"('Tramites', 'C\u00c1MARA')":{"('0118-D-2005', 0)":"Diputados","('0118-D-2005', 1)":null,"('0118-D-2005', 2)":null,"('0118-D-2005', 3)":null},"('Tramites', 'MOVIMIENTO')":{"('0118-D-2005', 0)":"REPRODUCIDO POR EXPEDIENTE 0196-D-07","('0118-D-2005', 1)":null,"('0118-D-2005', 2)":null,"('0118-D-2005', 3)":null},"('Tramites', 'FECHA')":{"('0118-D-2005', 0)":null,"('0118-D-2005', 1)":null,"('0118-D-2005', 2)":null,"('0118-D-2005', 3)":null},"('Tramites', 'RESULTADO')":{"('0118-D-2005', 0)":null,"('0118-D-2005', 1)":null,"('0118-D-2005', 2)":null,"('0118-D-2005', 3)":null},"Sumario":{"('0118-D-2005', 0)":"INSTRUMENTACION POR PARTE DE LA COMISION NACIONAL DE MUSEOS Y LUGARES HISTORICOS DE CONFORMIDAD A LO PREVISTO EN EL ARTICULO 1 DE LA LEY 12665.","('0118-D-2005', 1)":null,"('0118-D-2005', 2)":null,"('0118-D-2005', 3)":null},"Palabra Clave":{"('0118-D-2005', 0)":" ","('0118-D-2005', 1)":null,"('0118-D-2005', 2)":null,"('0118-D-2005', 3)":null}}