{"Tipo de Proyecto":{"('0118-S-2005', 0)":"MENSAJE NRO: 0318\/05 Y PROYECTO DE LEY","('0118-S-2005', 1)":null,"('0118-S-2005', 2)":null},"Iniciado en: ":{"('0118-S-2005', 0)":"Senado","('0118-S-2005', 1)":null,"('0118-S-2005', 2)":null},"Expediente Diputados: ":{"('0118-S-2005', 0)":"0118-S-2005","('0118-S-2005', 1)":null,"('0118-S-2005', 2)":null},"Expediente Senado: ":{"('0118-S-2005', 0)":"0077-PE-2005","('0118-S-2005', 1)":null,"('0118-S-2005', 2)":null},"Publicado en: ":{"('0118-S-2005', 0)":"Diario de Asuntos Entrados N\u00b0 42","('0118-S-2005', 1)":null,"('0118-S-2005', 2)":null},"Fecha: ":{"('0118-S-2005', 0)":"12\/04\/2005","('0118-S-2005', 1)":null,"('0118-S-2005', 2)":null},"T\u00edtulo":{"('0118-S-2005', 0)":"CREACION DE UN JUZGADO FEDERAL DE PRIMERA INSTANCIA CON ASIENTO EN LA CIUDAD DE RAFAELA, PROVINCIA DE SANTA FE.","('0118-S-2005', 1)":null,"('0118-S-2005', 2)":null},"('Firmantes', 'FIRMANTE')":{"('0118-S-2005', 0)":"KIRCHNER, NESTOR CARLOS","('0118-S-2005', 1)":"FERNANDEZ, ALBERTO","('0118-S-2005', 2)":"ROSATTI, HORACIO DANIEL"},"('Firmantes', 'DISTRITO')":{"('0118-S-2005', 0)":null,"('0118-S-2005', 1)":null,"('0118-S-2005', 2)":null},"('Firmantes', 'BLOQUE')":{"('0118-S-2005', 0)":"PODER EJECUTIVO","('0118-S-2005', 1)":"PODER EJECUTIVO","('0118-S-2005', 2)":"PODER EJECUTIVO"},"('Giros', 'COMISI\u00d3N')":{"('0118-S-2005', 0)":"JUSTICIA","('0118-S-2005', 1)":"PRESUPUESTO Y HACIENDA","('0118-S-2005', 2)":null},"('Tramites', 'C\u00c1MARA')":{"('0118-S-2005', 0)":"Senado","('0118-S-2005', 1)":"Diputados","('0118-S-2005', 2)":"Diputados"},"('Tramites', 'MOVIMIENTO')":{"('0118-S-2005', 0)":"CONSIDERACION Y APROBACION","('0118-S-2005', 1)":"PASA A DIPUTADOS -","('0118-S-2005', 2)":"CONSIDERACION Y SANCION"},"('Tramites', 'FECHA')":{"('0118-S-2005', 0)":"10\/08\/2005","('0118-S-2005', 1)":null,"('0118-S-2005', 2)":"09\/08\/2006"},"('Tramites', 'RESULTADO')":{"('0118-S-2005', 0)":"MEDIA SANCION","('0118-S-2005', 1)":null,"('0118-S-2005', 2)":"SANCIONADO"},"Sumario":{"('0118-S-2005', 0)":"SECRETARIAS; COMPETENCIA; CREACION DE UNA FISCALIA DE PRIMERA INSTANCIA Y UNA DEFENSORIA PUBLICA OFICIAL; TRIBUNAL DE ALZADA; CREACION DE CARGOS.","('0118-S-2005', 1)":null,"('0118-S-2005', 2)":null},"Palabra Clave":{"('0118-S-2005', 0)":" ","('0118-S-2005', 1)":null,"('0118-S-2005', 2)":null}}