{"Tipo de Proyecto":{"('0119-S-2005', 0)":"PROYECTO DE RESOLUCI\u00d3N","('0119-S-2005', 1)":null,"('0119-S-2005', 2)":null,"('0119-S-2005', 3)":null},"Iniciado en: ":{"('0119-S-2005', 0)":"Senado","('0119-S-2005', 1)":null,"('0119-S-2005', 2)":null,"('0119-S-2005', 3)":null},"Expediente Diputados: ":{"('0119-S-2005', 0)":"0119-S-2005","('0119-S-2005', 1)":null,"('0119-S-2005', 2)":null,"('0119-S-2005', 3)":null},"Expediente Senado: ":{"('0119-S-2005', 0)":"0117-OV-2004","('0119-S-2005', 1)":null,"('0119-S-2005', 2)":null,"('0119-S-2005', 3)":null},"Fecha: ":{"('0119-S-2005', 0)":"17\/05\/2004","('0119-S-2005', 1)":null,"('0119-S-2005', 2)":null,"('0119-S-2005', 3)":null},"T\u00edtulo":{"('0119-S-2005', 0)":"PEDIDO DE INFORMES AL PODER EJECUTIVO SOBRE RESOLUCION REMITIDA POR LA AUDITORIA GENERAL DE LA NACION REFERENTE A LOS ESTADOS FINANCIEROS AL 31 DE DICIEMBRE DE 2003 CORRESPONDIENTES AL PROGRAMA SECTORIAL DE SERVICIOS FINANCIEROS - COOPERACION TECNICA - CONVENIO DE PRESTAMO 1325\/OC-AR BID.","('0119-S-2005', 1)":null,"('0119-S-2005', 2)":null,"('0119-S-2005', 3)":null},"('Firmantes', 'FIRMANTE')":{"('0119-S-2005', 0)":"PARLAMENTARIA MIXTA REVISORA DE CUENTAS","('0119-S-2005', 1)":null,"('0119-S-2005', 2)":null,"('0119-S-2005', 3)":null},"('Firmantes', 'DISTRITO')":{"('0119-S-2005', 0)":null,"('0119-S-2005', 1)":null,"('0119-S-2005', 2)":null,"('0119-S-2005', 3)":null},"('Firmantes', 'BLOQUE')":{"('0119-S-2005', 0)":null,"('0119-S-2005', 1)":null,"('0119-S-2005', 2)":null,"('0119-S-2005', 3)":null},"('Giros', 'COMISI\u00d3N')":{"('0119-S-2005', 0)":"PARLAMENTARIA MIXTA REVISORA DE CUENTAS","('0119-S-2005', 1)":null,"('0119-S-2005', 2)":null,"('0119-S-2005', 3)":null},"('Tramites', 'C\u00c1MARA')":{"('0119-S-2005', 0)":"Senado","('0119-S-2005', 1)":"Diputados","('0119-S-2005', 2)":"Diputados","('0119-S-2005', 3)":"Diputados"},"('Tramites', 'MOVIMIENTO')":{"('0119-S-2005', 0)":"CONSIDERACION Y APROBACION","('0119-S-2005', 1)":"PASA A DIPUTADOS -","('0119-S-2005', 2)":"CONSIDERACION Y APROBACION","('0119-S-2005', 3)":"CONTESTACION DEL PODER EJECUTIVO NACIONAL - JEFE DE GABINETE DE MINISTROS - GIRADO A LA COMISION RESPECTIVA"},"('Tramites', 'FECHA')":{"('0119-S-2005', 0)":"27\/07\/2005","('0119-S-2005', 1)":null,"('0119-S-2005', 2)":"15\/03\/2006","('0119-S-2005', 3)":"07\/11\/2007"},"('Tramites', 'RESULTADO')":{"('0119-S-2005', 0)":"APROBADO","('0119-S-2005', 1)":null,"('0119-S-2005', 2)":"APROBADO","('0119-S-2005', 3)":null},"Link":{"('0119-S-2005', 0)":"http:\/\/www.senado.gov.ar\/parlamentario\/comisiones\/verExp\/117.04\/OV\/PR","('0119-S-2005', 1)":null,"('0119-S-2005', 2)":null,"('0119-S-2005', 3)":null},"Palabra Clave":{"('0119-S-2005', 0)":" ","('0119-S-2005', 1)":null,"('0119-S-2005', 2)":null,"('0119-S-2005', 3)":null}}