{"Tipo de Proyecto":{"('0120-D-2005', 0)":"PROYECTO DE RESOLUCI\u00d3N","('0120-D-2005', 1)":null,"('0120-D-2005', 2)":null},"Iniciado en: ":{"('0120-D-2005', 0)":"Diputados","('0120-D-2005', 1)":null,"('0120-D-2005', 2)":null},"Expediente Diputados: ":{"('0120-D-2005', 0)":"0120-D-2005","('0120-D-2005', 1)":null,"('0120-D-2005', 2)":null},"Publicado en: ":{"('0120-D-2005', 0)":"Tr\u00e1mite Parlamentario N\u00b0 2","('0120-D-2005', 1)":null,"('0120-D-2005', 2)":null},"Fecha: ":{"('0120-D-2005', 0)":"02\/03\/2005","('0120-D-2005', 1)":null,"('0120-D-2005', 2)":null},"T\u00edtulo":{"('0120-D-2005', 0)":"DECLARAR DE INTERES DE LA H CAMARA DE DIPUTADOS LA \"PRIMERA JORNADA DE TRIGO DE LA REGION CENTRO\", A REALIZARSE LOS DIAS 30 Y 31 DE MARZO DE 2005 EN LA PROVINCIA DE CORDOBA.","('0120-D-2005', 1)":null,"('0120-D-2005', 2)":null},"('Firmantes', 'FIRMANTE')":{"('0120-D-2005', 0)":"ROMERO, HECTOR RAMON","('0120-D-2005', 1)":null,"('0120-D-2005', 2)":null},"('Firmantes', 'DISTRITO')":{"('0120-D-2005', 0)":"CHACO","('0120-D-2005', 1)":null,"('0120-D-2005', 2)":null},"('Firmantes', 'BLOQUE')":{"('0120-D-2005', 0)":"UCR","('0120-D-2005', 1)":null,"('0120-D-2005', 2)":null},"('Giros', 'COMISI\u00d3N')":{"('0120-D-2005', 0)":"AGRICULTURA Y GANADERIA","('0120-D-2005', 1)":"ECONOMIAS Y DESARROLLO REGIONAL","('0120-D-2005', 2)":"CIENCIA Y TECNOLOGIA"},"('Tramites', 'C\u00c1MARA')":{"('0120-D-2005', 0)":"Diputados","('0120-D-2005', 1)":null,"('0120-D-2005', 2)":null},"('Tramites', 'MOVIMIENTO')":{"('0120-D-2005', 0)":"CONSIDERACION Y APROBACION","('0120-D-2005', 1)":null,"('0120-D-2005', 2)":null},"('Tramites', 'FECHA')":{"('0120-D-2005', 0)":"01\/06\/2005","('0120-D-2005', 1)":null,"('0120-D-2005', 2)":null},"('Tramites', 'RESULTADO')":{"('0120-D-2005', 0)":"APROBADO","('0120-D-2005', 1)":null,"('0120-D-2005', 2)":null},"Palabra Clave":{"('0120-D-2005', 0)":" ","('0120-D-2005', 1)":null,"('0120-D-2005', 2)":null}}