{"Tipo de Proyecto":{"('0120-S-2005', 0)":"PROYECTO DE RESOLUCI\u00d3N","('0120-S-2005', 1)":null,"('0120-S-2005', 2)":null},"Iniciado en: ":{"('0120-S-2005', 0)":"Senado","('0120-S-2005', 1)":null,"('0120-S-2005', 2)":null},"Expediente Diputados: ":{"('0120-S-2005', 0)":"0120-S-2005","('0120-S-2005', 1)":null,"('0120-S-2005', 2)":null},"Expediente Senado: ":{"('0120-S-2005', 0)":"0200-OV-2004","('0120-S-2005', 1)":null,"('0120-S-2005', 2)":null},"Fecha: ":{"('0120-S-2005', 0)":"13\/06\/2005","('0120-S-2005', 1)":null,"('0120-S-2005', 2)":null},"T\u00edtulo":{"('0120-S-2005', 0)":"PEDIDO DE INFORMES AL PODER EJECUTIVO SOBRE RESOLUCION REMITIDA POR LA AUDITORIA GENERAL DE LA NACION REFERENTE A LOS ESTADOS FINANCIEROS AL 31 DE DICIEMBRE DE 2003 DEL PROYECTO PNUD ARG\/96\/011 APOYO A LA EJECUCION DEL PROYECTO DE LUCHA CONTRA EL SIDA - CONVENIO DE PRESTAMO 4168-AR BIRF.","('0120-S-2005', 1)":null,"('0120-S-2005', 2)":null},"('Firmantes', 'FIRMANTE')":{"('0120-S-2005', 0)":"PARLAMENTARIA MIXTA REVISORA DE CUENTAS","('0120-S-2005', 1)":null,"('0120-S-2005', 2)":null},"('Firmantes', 'DISTRITO')":{"('0120-S-2005', 0)":null,"('0120-S-2005', 1)":null,"('0120-S-2005', 2)":null},"('Firmantes', 'BLOQUE')":{"('0120-S-2005', 0)":null,"('0120-S-2005', 1)":null,"('0120-S-2005', 2)":null},"('Giros', 'COMISI\u00d3N')":{"('0120-S-2005', 0)":"PARLAMENTARIA MIXTA REVISORA DE CUENTAS","('0120-S-2005', 1)":null,"('0120-S-2005', 2)":null},"('Tramites', 'C\u00c1MARA')":{"('0120-S-2005', 0)":"Senado","('0120-S-2005', 1)":"Diputados","('0120-S-2005', 2)":"Diputados"},"('Tramites', 'MOVIMIENTO')":{"('0120-S-2005', 0)":"CONSIDERACION Y APROBACION","('0120-S-2005', 1)":"PASA A DIPUTADOS -","('0120-S-2005', 2)":"CONSIDERACION Y APROBACION"},"('Tramites', 'FECHA')":{"('0120-S-2005', 0)":"27\/07\/2005","('0120-S-2005', 1)":null,"('0120-S-2005', 2)":"15\/03\/2006"},"('Tramites', 'RESULTADO')":{"('0120-S-2005', 0)":"APROBADO","('0120-S-2005', 1)":null,"('0120-S-2005', 2)":"APROBADO"},"Link":{"('0120-S-2005', 0)":"http:\/\/www.senado.gov.ar\/parlamentario\/comisiones\/verExp\/200.04\/OV\/PR","('0120-S-2005', 1)":null,"('0120-S-2005', 2)":null},"Palabra Clave":{"('0120-S-2005', 0)":" ","('0120-S-2005', 1)":null,"('0120-S-2005', 2)":null}}