{"Tipo de Proyecto":{"('0122-D-2005', 0)":"PROYECTO DE RESOLUCI\u00d3N","('0122-D-2005', 1)":null},"Iniciado en: ":{"('0122-D-2005', 0)":"Diputados","('0122-D-2005', 1)":null},"Expediente Diputados: ":{"('0122-D-2005', 0)":"0122-D-2005","('0122-D-2005', 1)":null},"Publicado en: ":{"('0122-D-2005', 0)":"Tr\u00e1mite Parlamentario N\u00b0 2","('0122-D-2005', 1)":null},"Fecha: ":{"('0122-D-2005', 0)":"02\/03\/2005","('0122-D-2005', 1)":null},"T\u00edtulo":{"('0122-D-2005', 0)":"DECLARAR DE INTERES DE LA H CAMARA DE DIPUTADOS AL \"CURSO INTERNACIONAL DE PRODUCCION DE PAPA\", A REALIZARSE DEL 14 AL 19 DE MARZO DE 2005 EN LA PROVINCIA DE BUENOS AIRES.","('0122-D-2005', 1)":null},"('Firmantes', 'FIRMANTE')":{"('0122-D-2005', 0)":"ROMERO, HECTOR RAMON","('0122-D-2005', 1)":null},"('Firmantes', 'DISTRITO')":{"('0122-D-2005', 0)":"CHACO","('0122-D-2005', 1)":null},"('Firmantes', 'BLOQUE')":{"('0122-D-2005', 0)":"UCR","('0122-D-2005', 1)":null},"('Giros', 'COMISI\u00d3N')":{"('0122-D-2005', 0)":"AGRICULTURA Y GANADERIA","('0122-D-2005', 1)":"CIENCIA Y TECNOLOGIA"},"('Tramites', 'C\u00c1MARA')":{"('0122-D-2005', 0)":"Diputados","('0122-D-2005', 1)":null},"('Tramites', 'MOVIMIENTO')":{"('0122-D-2005', 0)":"CONSIDERACION Y APROBACION","('0122-D-2005', 1)":null},"('Tramites', 'FECHA')":{"('0122-D-2005', 0)":"01\/06\/2005","('0122-D-2005', 1)":null},"('Tramites', 'RESULTADO')":{"('0122-D-2005', 0)":"APROBADO","('0122-D-2005', 1)":null},"Palabra Clave":{"('0122-D-2005', 0)":" ","('0122-D-2005', 1)":null}}