{"Tipo de Proyecto":{"('0122-PE-2005', 0)":"MENSAJE NRO: 0444\/05","('0122-PE-2005', 1)":null},"Iniciado en: ":{"('0122-PE-2005', 0)":"Senado","('0122-PE-2005', 1)":null},"Expediente Senado: ":{"('0122-PE-2005', 0)":"0122-PE-2005","('0122-PE-2005', 1)":null},"Publicado en: ":{"('0122-PE-2005', 0)":"DAE S.A. N\u00b0 3","('0122-PE-2005', 1)":null},"Fecha: ":{"('0122-PE-2005', 0)":"11\/05\/2005","('0122-PE-2005', 1)":null},"T\u00edtulo":{"('0122-PE-2005', 0)":"SOLICITAR ACUERDO PARA DESIGNAR JUEZ NACIONAL A CARGO DEL JUZGADO NACIONAL DE PRIMERA INSTANCIA EN LO CIVIL NUMERO 69 DE LA CAPITAL FEDERAL, A LA DOCTORA LAURA IRENE GONZALEZ.","('0122-PE-2005', 1)":null},"('Firmantes', 'FIRMANTE')":{"('0122-PE-2005', 0)":"KIRCHNER, NESTOR CARLOS","('0122-PE-2005', 1)":"ROSATTI, HORACIO DANIEL"},"('Firmantes', 'DISTRITO')":{"('0122-PE-2005', 0)":null,"('0122-PE-2005', 1)":null},"('Firmantes', 'BLOQUE')":{"('0122-PE-2005', 0)":"PODER EJECUTIVO","('0122-PE-2005', 1)":"PODER EJECUTIVO"},"('Tramites', 'C\u00c1MARA')":{"('0122-PE-2005', 0)":"Senado","('0122-PE-2005', 1)":null},"('Tramites', 'MOVIMIENTO')":{"('0122-PE-2005', 0)":"CONSIDERACION Y APROBACION","('0122-PE-2005', 1)":null},"('Tramites', 'FECHA')":{"('0122-PE-2005', 0)":"15\/06\/2005","('0122-PE-2005', 1)":null},"('Tramites', 'RESULTADO')":{"('0122-PE-2005', 0)":"APROBADO","('0122-PE-2005', 1)":null},"Palabra Clave":{"('0122-PE-2005', 0)":" ","('0122-PE-2005', 1)":null}}