{"Tipo de Proyecto":{"('0122-S-2005', 0)":"PROYECTO DE RESOLUCI\u00d3N","('0122-S-2005', 1)":null,"('0122-S-2005', 2)":null,"('0122-S-2005', 3)":null},"Iniciado en: ":{"('0122-S-2005', 0)":"Senado","('0122-S-2005', 1)":null,"('0122-S-2005', 2)":null,"('0122-S-2005', 3)":null},"Expediente Diputados: ":{"('0122-S-2005', 0)":"0122-S-2005","('0122-S-2005', 1)":null,"('0122-S-2005', 2)":null,"('0122-S-2005', 3)":null},"Expediente Senado: ":{"('0122-S-2005', 0)":"0273-OV-2004","('0122-S-2005', 1)":null,"('0122-S-2005', 2)":null,"('0122-S-2005', 3)":null},"Fecha: ":{"('0122-S-2005', 0)":"13\/06\/2005","('0122-S-2005', 1)":null,"('0122-S-2005', 2)":null,"('0122-S-2005', 3)":null},"T\u00edtulo":{"('0122-S-2005', 0)":"PEDIDO DE INFORMES AL PODER EJECUTIVO SOBRE RESOLUCION REMITIDA POR LA AUDITORIA GENERAL DE LA NACION REFERENTE A LOS ESTADOS FINANCIEROS AL 31 DE DICIEMBRE DE 2003 DEL PROYECTO PNUD ARG\/95\/005 DESARROLLO MUNICIPAL - CONVENIO DE PRESTAMO 3860-AR BIRF.","('0122-S-2005', 1)":null,"('0122-S-2005', 2)":null,"('0122-S-2005', 3)":null},"('Firmantes', 'FIRMANTE')":{"('0122-S-2005', 0)":"PARLAMENTARIA MIXTA REVISORA DE CUENTAS","('0122-S-2005', 1)":null,"('0122-S-2005', 2)":null,"('0122-S-2005', 3)":null},"('Firmantes', 'DISTRITO')":{"('0122-S-2005', 0)":null,"('0122-S-2005', 1)":null,"('0122-S-2005', 2)":null,"('0122-S-2005', 3)":null},"('Firmantes', 'BLOQUE')":{"('0122-S-2005', 0)":null,"('0122-S-2005', 1)":null,"('0122-S-2005', 2)":null,"('0122-S-2005', 3)":null},"('Giros', 'COMISI\u00d3N')":{"('0122-S-2005', 0)":"PARLAMENTARIA MIXTA REVISORA DE CUENTAS","('0122-S-2005', 1)":null,"('0122-S-2005', 2)":null,"('0122-S-2005', 3)":null},"('Tramites', 'C\u00c1MARA')":{"('0122-S-2005', 0)":"Senado","('0122-S-2005', 1)":"Diputados","('0122-S-2005', 2)":"Diputados","('0122-S-2005', 3)":"Diputados"},"('Tramites', 'MOVIMIENTO')":{"('0122-S-2005', 0)":"CONSIDERACION Y APROBACION","('0122-S-2005', 1)":"PASA A DIPUTADOS -","('0122-S-2005', 2)":"CONSIDERACION Y APROBACION","('0122-S-2005', 3)":"CONTESTACION DEL PODER EJECUTIVO NACIONAL - JEFE DE GABINETE DE MINISTROS - GIRADO A LA COMISION RESPECTIVA"},"('Tramites', 'FECHA')":{"('0122-S-2005', 0)":"27\/07\/2005","('0122-S-2005', 1)":null,"('0122-S-2005', 2)":"15\/03\/2006","('0122-S-2005', 3)":"25\/04\/2007"},"('Tramites', 'RESULTADO')":{"('0122-S-2005', 0)":"APROBADO","('0122-S-2005', 1)":null,"('0122-S-2005', 2)":"APROBADO","('0122-S-2005', 3)":null},"Link":{"('0122-S-2005', 0)":"http:\/\/www.senado.gov.ar\/parlamentario\/comisiones\/verExp\/273.04\/OV\/PR","('0122-S-2005', 1)":null,"('0122-S-2005', 2)":null,"('0122-S-2005', 3)":null},"Palabra Clave":{"('0122-S-2005', 0)":" ","('0122-S-2005', 1)":null,"('0122-S-2005', 2)":null,"('0122-S-2005', 3)":null}}