{"Tipo de Proyecto":{"('0125-S-2005', 0)":"PROYECTO DE RESOLUCI\u00d3N","('0125-S-2005', 1)":null,"('0125-S-2005', 2)":null},"Iniciado en: ":{"('0125-S-2005', 0)":"Senado","('0125-S-2005', 1)":null,"('0125-S-2005', 2)":null},"Expediente Diputados: ":{"('0125-S-2005', 0)":"0125-S-2005","('0125-S-2005', 1)":null,"('0125-S-2005', 2)":null},"Expediente Senado: ":{"('0125-S-2005', 0)":"0280-OV-2004","('0125-S-2005', 1)":null,"('0125-S-2005', 2)":null},"Fecha: ":{"('0125-S-2005', 0)":"13\/06\/2005","('0125-S-2005', 1)":null,"('0125-S-2005', 2)":null},"T\u00edtulo":{"('0125-S-2005', 0)":"PEDIDO DE INFORMES AL PODER EJECUTIVO SOBRE RESOLUCION REMITIDA POR LA AUDITORIA GENERAL DE LA NACION REFERENTE A LOS ESTADOS FINANCIEROS AL 31 DE DICIEMBRE DE 2003 DEL PROYECTO DE SANEAMIENTO AMBIENTAL Y CONTROL DE LAS INUNDACIONES EN LA CUENCA DEL RIO RECONQUISTA - CONTRATO DE PRESTAMO 797\/OC-AR BID Y AR-P1 OECF.","('0125-S-2005', 1)":null,"('0125-S-2005', 2)":null},"('Firmantes', 'FIRMANTE')":{"('0125-S-2005', 0)":"PARLAMENTARIA MIXTA REVISORA DE CUENTAS","('0125-S-2005', 1)":null,"('0125-S-2005', 2)":null},"('Firmantes', 'DISTRITO')":{"('0125-S-2005', 0)":null,"('0125-S-2005', 1)":null,"('0125-S-2005', 2)":null},"('Firmantes', 'BLOQUE')":{"('0125-S-2005', 0)":null,"('0125-S-2005', 1)":null,"('0125-S-2005', 2)":null},"('Giros', 'COMISI\u00d3N')":{"('0125-S-2005', 0)":"PARLAMENTARIA MIXTA REVISORA DE CUENTAS","('0125-S-2005', 1)":null,"('0125-S-2005', 2)":null},"('Tramites', 'C\u00c1MARA')":{"('0125-S-2005', 0)":"Senado","('0125-S-2005', 1)":"Diputados","('0125-S-2005', 2)":"Diputados"},"('Tramites', 'MOVIMIENTO')":{"('0125-S-2005', 0)":"CONSIDERACION Y APROBACION","('0125-S-2005', 1)":"PASA A DIPUTADOS -","('0125-S-2005', 2)":"CONSIDERACION Y APROBACION"},"('Tramites', 'FECHA')":{"('0125-S-2005', 0)":"27\/07\/2005","('0125-S-2005', 1)":null,"('0125-S-2005', 2)":"15\/03\/2006"},"('Tramites', 'RESULTADO')":{"('0125-S-2005', 0)":"APROBADO","('0125-S-2005', 1)":null,"('0125-S-2005', 2)":"APROBADO"},"Link":{"('0125-S-2005', 0)":"http:\/\/www.senado.gov.ar\/parlamentario\/comisiones\/verExp\/280.04\/OV\/PR","('0125-S-2005', 1)":null,"('0125-S-2005', 2)":null},"Palabra Clave":{"('0125-S-2005', 0)":" ","('0125-S-2005', 1)":null,"('0125-S-2005', 2)":null}}