{"Tipo de Proyecto":{"('0125-PE-2005', 0)":"MENSAJE NRO: 0447\/05","('0125-PE-2005', 1)":null},"Iniciado en: ":{"('0125-PE-2005', 0)":"Senado","('0125-PE-2005', 1)":null},"Expediente Senado: ":{"('0125-PE-2005', 0)":"0125-PE-2005","('0125-PE-2005', 1)":null},"Publicado en: ":{"('0125-PE-2005', 0)":"DAE S.A. N\u00b0 3","('0125-PE-2005', 1)":null},"Fecha: ":{"('0125-PE-2005', 0)":"11\/05\/2005","('0125-PE-2005', 1)":null},"T\u00edtulo":{"('0125-PE-2005', 0)":"SOLICITAR ACUERDO PARA DESIGNAR JUEZ DEL JUZGADO NACIONAL DE PRIMERA INSTANCIA DEL TRABAJO NUMERO 37 DE LA CAPITAL FEDERAL, DOCTORA SILVIA ESTHER PINTO VARELA.","('0125-PE-2005', 1)":null},"('Firmantes', 'FIRMANTE')":{"('0125-PE-2005', 0)":"KIRCHNER, NESTOR CARLOS","('0125-PE-2005', 1)":"ROSATTI, HORACIO DANIEL"},"('Firmantes', 'DISTRITO')":{"('0125-PE-2005', 0)":null,"('0125-PE-2005', 1)":null},"('Firmantes', 'BLOQUE')":{"('0125-PE-2005', 0)":"PODER EJECUTIVO","('0125-PE-2005', 1)":"PODER EJECUTIVO"},"('Tramites', 'C\u00c1MARA')":{"('0125-PE-2005', 0)":"Senado","('0125-PE-2005', 1)":null},"('Tramites', 'MOVIMIENTO')":{"('0125-PE-2005', 0)":"CONSIDERACION Y APROBACION","('0125-PE-2005', 1)":null},"('Tramites', 'FECHA')":{"('0125-PE-2005', 0)":"15\/06\/2005","('0125-PE-2005', 1)":null},"('Tramites', 'RESULTADO')":{"('0125-PE-2005', 0)":"APROBADO","('0125-PE-2005', 1)":null},"Palabra Clave":{"('0125-PE-2005', 0)":" ","('0125-PE-2005', 1)":null}}