{"Tipo de Proyecto":{"('0129-S-2005', 0)":"PROYECTO DE RESOLUCI\u00d3N","('0129-S-2005', 1)":null,"('0129-S-2005', 2)":null},"Iniciado en: ":{"('0129-S-2005', 0)":"Senado","('0129-S-2005', 1)":null,"('0129-S-2005', 2)":null},"Expediente Diputados: ":{"('0129-S-2005', 0)":"0129-S-2005","('0129-S-2005', 1)":null,"('0129-S-2005', 2)":null},"Expediente Senado: ":{"('0129-S-2005', 0)":"0423-OV-2004","('0129-S-2005', 1)":null,"('0129-S-2005', 2)":null},"Fecha: ":{"('0129-S-2005', 0)":"28\/06\/2005","('0129-S-2005', 1)":null,"('0129-S-2005', 2)":null},"T\u00edtulo":{"('0129-S-2005', 0)":"PEDIDO DE INFORMES AL PODER EJECUTIVO SOBRE RESOLUCION REMITIDA POR LA AUDITORIA GENERAL DE LA NACION REFERENTE A LA VERIFICACION DE LAS OBLIGACIONES CONTRACTUALES EN EL CORREDOR VIAL 7 (CV7), EN EL AMBITO DEL ORGANO DE CONTROL DE CONCESIONES VIALES (OCCOVI).","('0129-S-2005', 1)":null,"('0129-S-2005', 2)":null},"('Firmantes', 'FIRMANTE')":{"('0129-S-2005', 0)":"PARLAMENTARIA MIXTA REVISORA DE CUENTAS","('0129-S-2005', 1)":null,"('0129-S-2005', 2)":null},"('Firmantes', 'DISTRITO')":{"('0129-S-2005', 0)":null,"('0129-S-2005', 1)":null,"('0129-S-2005', 2)":null},"('Firmantes', 'BLOQUE')":{"('0129-S-2005', 0)":null,"('0129-S-2005', 1)":null,"('0129-S-2005', 2)":null},"('Giros', 'COMISI\u00d3N')":{"('0129-S-2005', 0)":"PARLAMENTARIA MIXTA REVISORA DE CUENTAS","('0129-S-2005', 1)":null,"('0129-S-2005', 2)":null},"('Tramites', 'C\u00c1MARA')":{"('0129-S-2005', 0)":"Senado","('0129-S-2005', 1)":"Diputados","('0129-S-2005', 2)":"Diputados"},"('Tramites', 'MOVIMIENTO')":{"('0129-S-2005', 0)":"CONSIDERACION Y APROBACION","('0129-S-2005', 1)":"PASA A DIPUTADOS -","('0129-S-2005', 2)":"CONSIDERACION Y APROBACION"},"('Tramites', 'FECHA')":{"('0129-S-2005', 0)":"27\/07\/2005","('0129-S-2005', 1)":null,"('0129-S-2005', 2)":"15\/03\/2006"},"('Tramites', 'RESULTADO')":{"('0129-S-2005', 0)":"APROBADO","('0129-S-2005', 1)":null,"('0129-S-2005', 2)":"APROBADO"},"Link":{"('0129-S-2005', 0)":"http:\/\/www.senado.gov.ar\/parlamentario\/comisiones\/verExp\/423.04\/OV\/PR","('0129-S-2005', 1)":null,"('0129-S-2005', 2)":null},"Palabra Clave":{"('0129-S-2005', 0)":" ","('0129-S-2005', 1)":null,"('0129-S-2005', 2)":null}}