{"Tipo de Proyecto":{"('0130-OV-2005', 0)":"PROYECTO DE RESOLUCI\u00d3N"},"Iniciado en: ":{"('0130-OV-2005', 0)":"Senado"},"Expediente Senado: ":{"('0130-OV-2005', 0)":"0130-OV-2005"},"Fecha: ":{"('0130-OV-2005', 0)":"13\/08\/2007"},"T\u00edtulo":{"('0130-OV-2005', 0)":"RESOLUCIONES REMITIDAS POR LA AUDITORIA GENERAL DE LA NACION COMUNICANDO RESOLUCION 36\/05, APROBANDO EL INFORME DE AUDITORIA REALIZADO EN LA COMISION NACIONAL DE ENERGIA ATOMICA CORRESPONDIENTE AL EJERCICIO 2003 Y DESCARGO DEL ORGANISMO AUDITADO (0130-OV-05) Y POR LA JEFATURA DE GABINETE DE MINISTROS: RESPUESTA EN RELACION A LA RESOLUCION APROBADA POR LA H. CAMARA (0133-S-04)."},"('Firmantes', 'FIRMANTE')":{"('0130-OV-2005', 0)":"PARLAMENTARIA MIXTA REVISORA DE CUENTAS"},"('Firmantes', 'DISTRITO')":{"('0130-OV-2005', 0)":null},"('Firmantes', 'BLOQUE')":{"('0130-OV-2005', 0)":null},"('Tramites', 'C\u00c1MARA')":{"('0130-OV-2005', 0)":"Senado"},"('Tramites', 'MOVIMIENTO')":{"('0130-OV-2005', 0)":"CONSIDERACION Y APROBACION"},"('Tramites', 'FECHA')":{"('0130-OV-2005', 0)":"12\/12\/2007"},"('Tramites', 'RESULTADO')":{"('0130-OV-2005', 0)":"APROBADO"},"Sumario":{"('0130-OV-2005', 0)":"HABIENDO TOMADO CONOCIMIENTO Y SIN PERJUICIO DE LAS ULTERIORES MEDIDAS QUE PUEDAN ADOPTARSE FRENTE A FUTUROS INFORMES QUE PRODUZCA LA AUDITORIA GENERAL DE LA NACION, SE ACONSEJA SU REMISION AL ARCHIVO."},"Palabra Clave":{"('0130-OV-2005', 0)":" "}}