{"Tipo de Proyecto":{"('0131-PE-2005', 0)":"MENSAJE NRO: 0469\/05","('0131-PE-2005', 1)":null},"Iniciado en: ":{"('0131-PE-2005', 0)":"Senado","('0131-PE-2005', 1)":null},"Expediente Senado: ":{"('0131-PE-2005', 0)":"0131-PE-2005","('0131-PE-2005', 1)":null},"Publicado en: ":{"('0131-PE-2005', 0)":"DAE S.A. N\u00b0 4","('0131-PE-2005', 1)":null},"Fecha: ":{"('0131-PE-2005', 0)":"18\/05\/2005","('0131-PE-2005', 1)":null},"T\u00edtulo":{"('0131-PE-2005', 0)":"SOLICITA ACUERDO PARA PROMOVER AL GRADO INMEDIATO SUPERIOR CON FECHA 31\/12\/2004, AL VICECOMODORO DON CARLOS ALBERTO VILLANUEVA DEL CUERPO DE LOS SERVICIOS PROFESIONALES DE LA FUERZA AEREA.","('0131-PE-2005', 1)":null},"('Firmantes', 'FIRMANTE')":{"('0131-PE-2005', 0)":"KIRCHNER, NESTOR CARLOS","('0131-PE-2005', 1)":"PAMPURO, JOSE JUAN BAUTISTA"},"('Firmantes', 'DISTRITO')":{"('0131-PE-2005', 0)":null,"('0131-PE-2005', 1)":null},"('Firmantes', 'BLOQUE')":{"('0131-PE-2005', 0)":"PODER EJECUTIVO","('0131-PE-2005', 1)":"PODER EJECUTIVO"},"('Tramites', 'C\u00c1MARA')":{"('0131-PE-2005', 0)":"Senado","('0131-PE-2005', 1)":null},"('Tramites', 'MOVIMIENTO')":{"('0131-PE-2005', 0)":"CONSIDERACION Y APROBACION","('0131-PE-2005', 1)":null},"('Tramites', 'FECHA')":{"('0131-PE-2005', 0)":"10\/08\/2005","('0131-PE-2005', 1)":null},"('Tramites', 'RESULTADO')":{"('0131-PE-2005', 0)":"APROBADO","('0131-PE-2005', 1)":null},"Palabra Clave":{"('0131-PE-2005', 0)":" ","('0131-PE-2005', 1)":null}}