{"Tipo de Proyecto":{"('0131-S-2005', 0)":"PROYECTO DE RESOLUCI\u00d3N","('0131-S-2005', 1)":null,"('0131-S-2005', 2)":null},"Iniciado en: ":{"('0131-S-2005', 0)":"Senado","('0131-S-2005', 1)":null,"('0131-S-2005', 2)":null},"Expediente Diputados: ":{"('0131-S-2005', 0)":"0131-S-2005","('0131-S-2005', 1)":null,"('0131-S-2005', 2)":null},"Expediente Senado: ":{"('0131-S-2005', 0)":"0485-OV-2004","('0131-S-2005', 1)":null,"('0131-S-2005', 2)":null},"Fecha: ":{"('0131-S-2005', 0)":"28\/06\/2005","('0131-S-2005', 1)":null,"('0131-S-2005', 2)":null},"T\u00edtulo":{"('0131-S-2005', 0)":"PEDIDO DE INFORMES AL PODER EJECUTIVO SOBRE RESOLUCION REMITIDA POR LA AUDITORIA GENERAL DE LA NACION REFERENTE A LOS ESTADOS FINANCIEROS AL 31 DE DICIEMBRE DE 2003 DEL PROYECTO DE FORTALECIMIENTO DE LA ASISTENCIA TECNICA EN GENERO, CONVENIO DE DONACION DE JAPON, BIRF TF 25818.","('0131-S-2005', 1)":null,"('0131-S-2005', 2)":null},"('Firmantes', 'FIRMANTE')":{"('0131-S-2005', 0)":"PARLAMENTARIA MIXTA REVISORA DE CUENTAS","('0131-S-2005', 1)":null,"('0131-S-2005', 2)":null},"('Firmantes', 'DISTRITO')":{"('0131-S-2005', 0)":null,"('0131-S-2005', 1)":null,"('0131-S-2005', 2)":null},"('Firmantes', 'BLOQUE')":{"('0131-S-2005', 0)":null,"('0131-S-2005', 1)":null,"('0131-S-2005', 2)":null},"('Giros', 'COMISI\u00d3N')":{"('0131-S-2005', 0)":"PARLAMENTARIA MIXTA REVISORA DE CUENTAS","('0131-S-2005', 1)":null,"('0131-S-2005', 2)":null},"('Tramites', 'C\u00c1MARA')":{"('0131-S-2005', 0)":"Senado","('0131-S-2005', 1)":"Diputados","('0131-S-2005', 2)":"Diputados"},"('Tramites', 'MOVIMIENTO')":{"('0131-S-2005', 0)":"CONSIDERACION Y APROBACION","('0131-S-2005', 1)":"PASA A DIPUTADOS -","('0131-S-2005', 2)":"CONSIDERACION Y APROBACION"},"('Tramites', 'FECHA')":{"('0131-S-2005', 0)":"27\/07\/2005","('0131-S-2005', 1)":null,"('0131-S-2005', 2)":"15\/03\/2006"},"('Tramites', 'RESULTADO')":{"('0131-S-2005', 0)":"APROBADO","('0131-S-2005', 1)":null,"('0131-S-2005', 2)":"APROBADO"},"Link":{"('0131-S-2005', 0)":"http:\/\/www.senado.gov.ar\/parlamentario\/comisiones\/verExp\/485.04\/OV\/PR","('0131-S-2005', 1)":null,"('0131-S-2005', 2)":null},"Palabra Clave":{"('0131-S-2005', 0)":" ","('0131-S-2005', 1)":null,"('0131-S-2005', 2)":null}}