{"Tipo de Proyecto":{"('0133-S-2005', 0)":"PROYECTO DE RESOLUCI\u00d3N","('0133-S-2005', 1)":null,"('0133-S-2005', 2)":null,"('0133-S-2005', 3)":null},"Iniciado en: ":{"('0133-S-2005', 0)":"Senado","('0133-S-2005', 1)":null,"('0133-S-2005', 2)":null,"('0133-S-2005', 3)":null},"Expediente Diputados: ":{"('0133-S-2005', 0)":"0133-S-2005","('0133-S-2005', 1)":null,"('0133-S-2005', 2)":null,"('0133-S-2005', 3)":null},"Expediente Senado: ":{"('0133-S-2005', 0)":"0516-OV-2004","('0133-S-2005', 1)":null,"('0133-S-2005', 2)":null,"('0133-S-2005', 3)":null},"Fecha: ":{"('0133-S-2005', 0)":"28\/06\/2005","('0133-S-2005', 1)":null,"('0133-S-2005', 2)":null,"('0133-S-2005', 3)":null},"T\u00edtulo":{"('0133-S-2005', 0)":"PEDIDO DE INFORMES AL PODER EJECUTIVO SOBRE RESOLUCION REMITIDA POR LA AUDITORIA GENERAL DE LA NACION REFERENTE A LOS ESTADOS FINANCIEROS AL 31 DE DICIEMBRE DE 2003 DEL PROGRAMA DE REFORMA DE LA EDUCACION SUPERIOR TECNICA NO UNIVERSITARIA - CONTRATO DE PRESTAMO 1060\/OC- AR BID.","('0133-S-2005', 1)":null,"('0133-S-2005', 2)":null,"('0133-S-2005', 3)":null},"('Firmantes', 'FIRMANTE')":{"('0133-S-2005', 0)":"PARLAMENTARIA MIXTA REVISORA DE CUENTAS","('0133-S-2005', 1)":null,"('0133-S-2005', 2)":null,"('0133-S-2005', 3)":null},"('Firmantes', 'DISTRITO')":{"('0133-S-2005', 0)":null,"('0133-S-2005', 1)":null,"('0133-S-2005', 2)":null,"('0133-S-2005', 3)":null},"('Firmantes', 'BLOQUE')":{"('0133-S-2005', 0)":null,"('0133-S-2005', 1)":null,"('0133-S-2005', 2)":null,"('0133-S-2005', 3)":null},"('Giros', 'COMISI\u00d3N')":{"('0133-S-2005', 0)":"PARLAMENTARIA MIXTA REVISORA DE CUENTAS","('0133-S-2005', 1)":null,"('0133-S-2005', 2)":null,"('0133-S-2005', 3)":null},"('Tramites', 'C\u00c1MARA')":{"('0133-S-2005', 0)":"Senado","('0133-S-2005', 1)":"Diputados","('0133-S-2005', 2)":"Diputados","('0133-S-2005', 3)":"Diputados"},"('Tramites', 'MOVIMIENTO')":{"('0133-S-2005', 0)":"CONSIDERACION Y APROBACION","('0133-S-2005', 1)":"PASA A DIPUTADOS -","('0133-S-2005', 2)":"CONSIDERACION Y APROBACION","('0133-S-2005', 3)":"CONTESTACION DEL PODER EJECUTIVO NACIONAL - JEFE DE GABINETE DE MINISTROS - GIRADO A LA COMISION RESPECTIVA"},"('Tramites', 'FECHA')":{"('0133-S-2005', 0)":"27\/07\/2005","('0133-S-2005', 1)":null,"('0133-S-2005', 2)":"15\/03\/2006","('0133-S-2005', 3)":"18\/07\/2007"},"('Tramites', 'RESULTADO')":{"('0133-S-2005', 0)":"APROBADO","('0133-S-2005', 1)":null,"('0133-S-2005', 2)":"APROBADO","('0133-S-2005', 3)":null},"Link":{"('0133-S-2005', 0)":"http:\/\/www.senado.gov.ar\/parlamentario\/comisiones\/verExp\/516.04\/OV\/PR","('0133-S-2005', 1)":null,"('0133-S-2005', 2)":null,"('0133-S-2005', 3)":null},"Palabra Clave":{"('0133-S-2005', 0)":" ","('0133-S-2005', 1)":null,"('0133-S-2005', 2)":null,"('0133-S-2005', 3)":null}}