{"Tipo de Proyecto":{"('0136-S-2005', 0)":"PROYECTO DE RESOLUCI\u00d3N","('0136-S-2005', 1)":null,"('0136-S-2005', 2)":null,"('0136-S-2005', 3)":null,"('0136-S-2005', 4)":null},"Iniciado en: ":{"('0136-S-2005', 0)":"Senado","('0136-S-2005', 1)":null,"('0136-S-2005', 2)":null,"('0136-S-2005', 3)":null,"('0136-S-2005', 4)":null},"Expediente Diputados: ":{"('0136-S-2005', 0)":"0136-S-2005","('0136-S-2005', 1)":null,"('0136-S-2005', 2)":null,"('0136-S-2005', 3)":null,"('0136-S-2005', 4)":null},"Expediente Senado: ":{"('0136-S-2005', 0)":"0581-OV-2004","('0136-S-2005', 1)":null,"('0136-S-2005', 2)":null,"('0136-S-2005', 3)":null,"('0136-S-2005', 4)":null},"Fecha: ":{"('0136-S-2005', 0)":"30\/06\/2005","('0136-S-2005', 1)":null,"('0136-S-2005', 2)":null,"('0136-S-2005', 3)":null,"('0136-S-2005', 4)":null},"T\u00edtulo":{"('0136-S-2005', 0)":"SOLICITAR AL PODER EJECUTIVO DISPONGA LAS MEDIDAS CONDUCENTES A LO OBSERVADO POR RESOLUCION REMITIDA POR LA AUDITORIA GENERAL DE LA NACION REFERENTE A UN INFORME ESPECIAL SOBRE LA VERIFICACION DEL CUMPLIMIENTO DEL ARTICULO 8 DE LA LEY 25152, DE ADMINISTRACION DE LOS RECURSOS PUBLICOS, AL 31 DE MARZO DE 2004.","('0136-S-2005', 1)":null,"('0136-S-2005', 2)":null,"('0136-S-2005', 3)":null,"('0136-S-2005', 4)":null},"('Firmantes', 'FIRMANTE')":{"('0136-S-2005', 0)":"PARLAMENTARIA MIXTA REVISORA DE CUENTAS","('0136-S-2005', 1)":null,"('0136-S-2005', 2)":null,"('0136-S-2005', 3)":null,"('0136-S-2005', 4)":null},"('Firmantes', 'DISTRITO')":{"('0136-S-2005', 0)":null,"('0136-S-2005', 1)":null,"('0136-S-2005', 2)":null,"('0136-S-2005', 3)":null,"('0136-S-2005', 4)":null},"('Firmantes', 'BLOQUE')":{"('0136-S-2005', 0)":null,"('0136-S-2005', 1)":null,"('0136-S-2005', 2)":null,"('0136-S-2005', 3)":null,"('0136-S-2005', 4)":null},"('Giros', 'COMISI\u00d3N')":{"('0136-S-2005', 0)":"PARLAMENTARIA MIXTA REVISORA DE CUENTAS","('0136-S-2005', 1)":null,"('0136-S-2005', 2)":null,"('0136-S-2005', 3)":null,"('0136-S-2005', 4)":null},"('Tramites', 'C\u00c1MARA')":{"('0136-S-2005', 0)":"Senado","('0136-S-2005', 1)":"Diputados","('0136-S-2005', 2)":"Diputados","('0136-S-2005', 3)":"Diputados","('0136-S-2005', 4)":"Diputados"},"('Tramites', 'MOVIMIENTO')":{"('0136-S-2005', 0)":"CONSIDERACION Y APROBACION","('0136-S-2005', 1)":"PASA A DIPUTADOS -","('0136-S-2005', 2)":"CONSIDERACION Y APROBACION","('0136-S-2005', 3)":"CONTESTACION DEL PODER EJECUTIVO NACIONAL - JEFE DE GABINETE DE MINISTROS - GIRADO A LA COMISION RESPECTIVA","('0136-S-2005', 4)":"CONTESTACION DEL PODER EJECUTIVO NACIONAL - JEFE DE GABINETE DE MINISTROS - GIRADO A LA COMISION RESPECTIVA"},"('Tramites', 'FECHA')":{"('0136-S-2005', 0)":"27\/07\/2005","('0136-S-2005', 1)":null,"('0136-S-2005', 2)":"15\/03\/2006","('0136-S-2005', 3)":"28\/06\/2006","('0136-S-2005', 4)":"07\/11\/2007"},"('Tramites', 'RESULTADO')":{"('0136-S-2005', 0)":"APROBADO","('0136-S-2005', 1)":null,"('0136-S-2005', 2)":"APROBADO","('0136-S-2005', 3)":null,"('0136-S-2005', 4)":null},"Link":{"('0136-S-2005', 0)":"http:\/\/www.senado.gov.ar\/parlamentario\/comisiones\/verExp\/581.04\/OV\/PR","('0136-S-2005', 1)":null,"('0136-S-2005', 2)":null,"('0136-S-2005', 3)":null,"('0136-S-2005', 4)":null},"Palabra Clave":{"('0136-S-2005', 0)":" ","('0136-S-2005', 1)":null,"('0136-S-2005', 2)":null,"('0136-S-2005', 3)":null,"('0136-S-2005', 4)":null}}