{"Tipo de Proyecto":{"('0138-S-2005', 0)":"PROYECTO DE DECLARACI\u00d3N"},"Iniciado en: ":{"('0138-S-2005', 0)":"Senado"},"Expediente Senado: ":{"('0138-S-2005', 0)":"0138-S-2005"},"Publicado en: ":{"('0138-S-2005', 0)":"Diario de Asuntos Entrados N\u00b0 7"},"Fecha: ":{"('0138-S-2005', 0)":"04\/03\/2005"},"T\u00edtulo":{"('0138-S-2005', 0)":"EXPRESAR SATISFACCION AL CONMEMORARSE 192 A\u00d1OS DE LA SANCION DE NUESTRO ESCUDO NACIONAL."},"('Firmantes', 'FIRMANTE')":{"('0138-S-2005', 0)":"BAR, GRACIELA YOLANDA"},"('Firmantes', 'DISTRITO')":{"('0138-S-2005', 0)":"ENTRE RIOS"},"('Firmantes', 'BLOQUE')":{"('0138-S-2005', 0)":"JUSTICIALISTA"},"('Tramites', 'C\u00c1MARA')":{"('0138-S-2005', 0)":"Senado"},"('Tramites', 'MOVIMIENTO')":{"('0138-S-2005', 0)":"CONSIDERACION Y APROBACION"},"('Tramites', 'FECHA')":{"('0138-S-2005', 0)":"04\/05\/2005"},"('Tramites', 'RESULTADO')":{"('0138-S-2005', 0)":"APROBADO"},"Link":{"('0138-S-2005', 0)":"http:\/\/www.senado.gov.ar\/parlamentario\/comisiones\/verExp\/138.05\/S\/PD"},"Palabra Clave":{"('0138-S-2005', 0)":" "}}