{"Tipo de Proyecto":{"('0139-S-2005', 0)":"PROYECTO DE DECLARACI\u00d3N"},"Iniciado en: ":{"('0139-S-2005', 0)":"Senado"},"Expediente Senado: ":{"('0139-S-2005', 0)":"0139-S-2005"},"Publicado en: ":{"('0139-S-2005', 0)":"Diario de Asuntos Entrados N\u00b0 7"},"Fecha: ":{"('0139-S-2005', 0)":"04\/03\/2005"},"T\u00edtulo":{"('0139-S-2005', 0)":"EXPRESAR BENEPLACITO AL CUMPLIRSE EL 222 ANIVERSARIO DE LA FUNDACION DE LA CIUDAD DE GUALEGUAY, EL PROXIMO 19 DE MARZO DEL CORRIENTE A\u00d1O."},"('Firmantes', 'FIRMANTE')":{"('0139-S-2005', 0)":"BAR, GRACIELA YOLANDA"},"('Firmantes', 'DISTRITO')":{"('0139-S-2005', 0)":"ENTRE RIOS"},"('Firmantes', 'BLOQUE')":{"('0139-S-2005', 0)":"JUSTICIALISTA"},"('Tramites', 'C\u00c1MARA')":{"('0139-S-2005', 0)":"Senado"},"('Tramites', 'MOVIMIENTO')":{"('0139-S-2005', 0)":"CONSIDERACION Y APROBACION"},"('Tramites', 'FECHA')":{"('0139-S-2005', 0)":"27\/07\/2005"},"('Tramites', 'RESULTADO')":{"('0139-S-2005', 0)":"APROBADO"},"Link":{"('0139-S-2005', 0)":"http:\/\/www.senado.gov.ar\/parlamentario\/comisiones\/verExp\/139.05\/S\/PD"},"Palabra Clave":{"('0139-S-2005', 0)":" "}}