{"Tipo de Proyecto":{"('0140-S-2005', 0)":"PROYECTO DE DECLARACI\u00d3N"},"Iniciado en: ":{"('0140-S-2005', 0)":"Senado"},"Expediente Senado: ":{"('0140-S-2005', 0)":"0140-S-2005"},"Publicado en: ":{"('0140-S-2005', 0)":"Diario de Asuntos Entrados N\u00b0 7"},"Fecha: ":{"('0140-S-2005', 0)":"04\/03\/2005"},"T\u00edtulo":{"('0140-S-2005', 0)":"EXPRESAR BENEPLACITO AL CUMPLIRSE 26 A\u00d1OS DE LA FUNDACION DE LA NUEVA CIUDAD DE FEDERACION, EL PROXIMO 26 DE MARZO DEL CORRIENTE A\u00d1O."},"('Firmantes', 'FIRMANTE')":{"('0140-S-2005', 0)":"BAR, GRACIELA YOLANDA"},"('Firmantes', 'DISTRITO')":{"('0140-S-2005', 0)":"ENTRE RIOS"},"('Firmantes', 'BLOQUE')":{"('0140-S-2005', 0)":"JUSTICIALISTA"},"('Tramites', 'C\u00c1MARA')":{"('0140-S-2005', 0)":"Senado"},"('Tramites', 'MOVIMIENTO')":{"('0140-S-2005', 0)":"CONSIDERACION Y APROBACION CON MODIFICACIONES"},"('Tramites', 'FECHA')":{"('0140-S-2005', 0)":"04\/05\/2005"},"('Tramites', 'RESULTADO')":{"('0140-S-2005', 0)":"APROBADO"},"Link":{"('0140-S-2005', 0)":"http:\/\/www.senado.gov.ar\/parlamentario\/comisiones\/verExp\/140.05\/S\/PD"},"Palabra Clave":{"('0140-S-2005', 0)":" "}}