{"Tipo de Proyecto":{"('0142-S-2005', 0)":"COMUNICACION","('0142-S-2005', 1)":null},"Iniciado en: ":{"('0142-S-2005', 0)":"Senado","('0142-S-2005', 1)":null},"Expediente Senado: ":{"('0142-S-2005', 0)":"0142-S-2005","('0142-S-2005', 1)":null},"Publicado en: ":{"('0142-S-2005', 0)":"Diario de Asuntos Entrados N\u00b0 7","('0142-S-2005', 1)":null},"Fecha: ":{"('0142-S-2005', 0)":"04\/03\/2005","('0142-S-2005', 1)":null},"T\u00edtulo":{"('0142-S-2005', 0)":"SOLICITAR AL PODER EJECUTIVO DISPONGA LAS MEDIDAS NECESARIAS PARA DAR ABASTECIMIENTO ELECTRICO AL DEPARTAMENTO DE SAN MARTIN, PROVINCIA DE SALTA.","('0142-S-2005', 1)":null},"('Firmantes', 'FIRMANTE')":{"('0142-S-2005', 0)":"GOMEZ DIEZ, RICARDO","('0142-S-2005', 1)":"SALVATORI, PEDRO"},"('Firmantes', 'DISTRITO')":{"('0142-S-2005', 0)":"SALTA","('0142-S-2005', 1)":"NEUQUEN"},"('Firmantes', 'BLOQUE')":{"('0142-S-2005', 0)":"RENOVADOR","('0142-S-2005', 1)":"MOV POP NEUQUINO"},"('Tramites', 'C\u00c1MARA')":{"('0142-S-2005', 0)":"Senado","('0142-S-2005', 1)":"Senado"},"('Tramites', 'MOVIMIENTO')":{"('0142-S-2005', 0)":"CONSIDERACION Y APROBACION","('0142-S-2005', 1)":"CONTESTACION DEL PODER EJECUTIVO NACIONAL - GIRADO A LA COMISION RESPECTIVA"},"('Tramites', 'FECHA')":{"('0142-S-2005', 0)":"27\/07\/2005","('0142-S-2005', 1)":null},"('Tramites', 'RESULTADO')":{"('0142-S-2005', 0)":"APROBADO","('0142-S-2005', 1)":null},"Link":{"('0142-S-2005', 0)":"http:\/\/www.senado.gov.ar\/parlamentario\/comisiones\/verExp\/142.05\/S\/PC","('0142-S-2005', 1)":null},"Palabra Clave":{"('0142-S-2005', 0)":" ","('0142-S-2005', 1)":null}}