{"Tipo de Proyecto":{"('0143-S-2005', 0)":"PROYECTO DE DECLARACI\u00d3N"},"Iniciado en: ":{"('0143-S-2005', 0)":"Senado"},"Expediente Senado: ":{"('0143-S-2005', 0)":"0143-S-2005"},"Publicado en: ":{"('0143-S-2005', 0)":"Diario de Asuntos Entrados N\u00b0 7"},"Fecha: ":{"('0143-S-2005', 0)":"04\/03\/2005"},"T\u00edtulo":{"('0143-S-2005', 0)":"EXPRESAR BENEPLACITO AL CUMPLIRSE 92 A\u00d1OS DE LA FUNDACION DE LA LOCALIDAD DE BOVRIL, PROVINCIA DE ENTRE RIOS, EL 26 DE MARZO DEL CORRIENTE A\u00d1O."},"('Firmantes', 'FIRMANTE')":{"('0143-S-2005', 0)":"BAR, GRACIELA YOLANDA"},"('Firmantes', 'DISTRITO')":{"('0143-S-2005', 0)":"ENTRE RIOS"},"('Firmantes', 'BLOQUE')":{"('0143-S-2005', 0)":"JUSTICIALISTA"},"('Tramites', 'C\u00c1MARA')":{"('0143-S-2005', 0)":"Senado"},"('Tramites', 'MOVIMIENTO')":{"('0143-S-2005', 0)":"CONSIDERACION Y APROBACION"},"('Tramites', 'FECHA')":{"('0143-S-2005', 0)":"04\/05\/2005"},"('Tramites', 'RESULTADO')":{"('0143-S-2005', 0)":"APROBADO"},"Link":{"('0143-S-2005', 0)":"http:\/\/www.senado.gov.ar\/parlamentario\/comisiones\/verExp\/143.05\/S\/PD"},"Palabra Clave":{"('0143-S-2005', 0)":" "}}