{"Tipo de Proyecto":{"('0144-S-2005', 0)":"COMUNICACION","('0144-S-2005', 1)":null,"('0144-S-2005', 2)":null},"Iniciado en: ":{"('0144-S-2005', 0)":"Senado","('0144-S-2005', 1)":null,"('0144-S-2005', 2)":null},"Expediente Senado: ":{"('0144-S-2005', 0)":"0144-S-2005","('0144-S-2005', 1)":null,"('0144-S-2005', 2)":null},"Publicado en: ":{"('0144-S-2005', 0)":"Diario de Asuntos Entrados N\u00b0 7","('0144-S-2005', 1)":null,"('0144-S-2005', 2)":null},"Fecha: ":{"('0144-S-2005', 0)":"04\/03\/2005","('0144-S-2005', 1)":null,"('0144-S-2005', 2)":null},"T\u00edtulo":{"('0144-S-2005', 0)":"SOLICITAR AL PODER EJECUTIVO REASIGNE LAS PARTIDAS PRESUPUESTARIAS PARA LA REPARACION Y RECONSTRUCCION DE LA CUESTA DE LA CEBILA, PROVINCIA DE CATAMARCA.","('0144-S-2005', 1)":null,"('0144-S-2005', 2)":null},"('Firmantes', 'FIRMANTE')":{"('0144-S-2005', 0)":"SAADI, RAMON EDUARDO","('0144-S-2005', 1)":null,"('0144-S-2005', 2)":null},"('Firmantes', 'DISTRITO')":{"('0144-S-2005', 0)":"CATAMARCA","('0144-S-2005', 1)":null,"('0144-S-2005', 2)":null},"('Firmantes', 'BLOQUE')":{"('0144-S-2005', 0)":"JUSTICIALISTA","('0144-S-2005', 1)":null,"('0144-S-2005', 2)":null},"('Tramites', 'C\u00c1MARA')":{"('0144-S-2005', 0)":"Senado","('0144-S-2005', 1)":"Senado","('0144-S-2005', 2)":"Senado"},"('Tramites', 'MOVIMIENTO')":{"('0144-S-2005', 0)":"CONSIDERACION Y APROBACION","('0144-S-2005', 1)":"CONTESTACION DEL PODER EJECUTIVO NACIONAL - GIRADO A LA COMISION RESPECTIVA","('0144-S-2005', 2)":"CONTESTACION DEL PODER EJECUTIVO NACIONAL - GIRADO A LA COMISION RESPECTIVA"},"('Tramites', 'FECHA')":{"('0144-S-2005', 0)":"27\/07\/2005","('0144-S-2005', 1)":null,"('0144-S-2005', 2)":null},"('Tramites', 'RESULTADO')":{"('0144-S-2005', 0)":"APROBADO","('0144-S-2005', 1)":null,"('0144-S-2005', 2)":null},"Link":{"('0144-S-2005', 0)":"http:\/\/www.senado.gov.ar\/parlamentario\/comisiones\/verExp\/144.05\/S\/PC","('0144-S-2005', 1)":null,"('0144-S-2005', 2)":null},"Palabra Clave":{"('0144-S-2005', 0)":" ","('0144-S-2005', 1)":null,"('0144-S-2005', 2)":null}}