{"Tipo de Proyecto":{"('0148-OVD-2005', 0)":"PROYECTO DE RESOLUCI\u00d3N"},"Iniciado en: ":{"('0148-OVD-2005', 0)":"Senado"},"Expediente Senado: ":{"('0148-OVD-2005', 0)":"0148-OVD-2005"},"Fecha: ":{"('0148-OVD-2005', 0)":"17\/10\/2005"},"T\u00edtulo":{"('0148-OVD-2005', 0)":"RESPUESTA REMITIDA POR LA JEFATURA DE GABINETE DE MINISTROS EN RELACION A LA RESOLUCION APROBADA POR LA H CAMARA (0240-S-03) SOBRE LAS MEDIDAS ADOPTADAS A FIN DE REGULARIZAR LAS SITUACIONES OBSERVADAS POR LA AUDITORIA GENERAL DE LA NACION EN SUS INFORMES RELACIONADOS CON LOS ESTADOS FINANCIEROS AL 31 DE DICIEMBRE DE 2001 DEL PROYECTO PNUD ARG\/97\/018 \"APOYO EN LA EJECUCION DEL PLAN PILOTO PARA LA IMPLEMENTACION DEL PROYECTO DE REFORMA DEL SECTOR SALUD (PRESSAL) EN LA CIUDAD AUTONOMA DE BUENOS AIRES\" - CONVENIO DE PRESTAMO 3931-AR BIRF."},"('Firmantes', 'FIRMANTE')":{"('0148-OVD-2005', 0)":"PARLAMENTARIA MIXTA REVISORA DE CUENTAS"},"('Firmantes', 'DISTRITO')":{"('0148-OVD-2005', 0)":null},"('Firmantes', 'BLOQUE')":{"('0148-OVD-2005', 0)":null},"('Tramites', 'C\u00c1MARA')":{"('0148-OVD-2005', 0)":"Senado"},"('Tramites', 'MOVIMIENTO')":{"('0148-OVD-2005', 0)":"CONSIDERACION Y APROBACION (AL ARCHIVO)"},"('Tramites', 'FECHA')":{"('0148-OVD-2005', 0)":"09\/11\/2005"},"('Tramites', 'RESULTADO')":{"('0148-OVD-2005', 0)":"APROBADO"},"Sumario":{"('0148-OVD-2005', 0)":"HABIENDO TOMADO CONOCIMIENTO Y SIN PERJUICIO DE ULTERIORES MEDIDAS QUE PUEDAN ADOPTARSE, SE ACONSEJA SU REMISION AL ARCHIVO."},"Palabra Clave":{"('0148-OVD-2005', 0)":" "}}