{"Tipo de Proyecto":{"('0151-OVD-2005', 0)":"PROYECTO DE RESOLUCI\u00d3N"},"Iniciado en: ":{"('0151-OVD-2005', 0)":"Senado"},"Expediente Senado: ":{"('0151-OVD-2005', 0)":"0151-OVD-2005"},"Fecha: ":{"('0151-OVD-2005', 0)":"19\/05\/2006"},"T\u00edtulo":{"('0151-OVD-2005', 0)":"RESPUESTA REMITIDA POR LA JEFATURA DE GABINETE DE MINISTROS EN RELACION A LA RESOLUCION APROBADA POR EL H. CONGRESO (0332-S-03) SOBRE LAS MEDIDAS ADOPTADAS EN ATENCION A LAS OBSERVACIONES FORMULADAS POR LA AUDITORIA GENERAL DE LA NACION CON MOTIVO DE LA AUDITORIA ESPECIAL SOBRE EL CUMPLIMIENTO DE LAS POLITICAS DEL PODER EJECUTIVO NACIONAL A TRAVES DE LA ADECUACION DE LA PLANIFICACION, EJECUCION, COORDINACION Y CONTROL DE LA GESTION DE LA ADMINISTRACION DE PROGRAMAS ESPECIALES DURANTE EL EJERCICIO 2001."},"('Firmantes', 'FIRMANTE')":{"('0151-OVD-2005', 0)":"PARLAMENTARIA MIXTA REVISORA DE CUENTAS"},"('Firmantes', 'DISTRITO')":{"('0151-OVD-2005', 0)":null},"('Firmantes', 'BLOQUE')":{"('0151-OVD-2005', 0)":null},"('Tramites', 'C\u00c1MARA')":{"('0151-OVD-2005', 0)":"Senado"},"('Tramites', 'MOVIMIENTO')":{"('0151-OVD-2005', 0)":"CONSIDERACION Y APROBACION (AL ARCHIVO)"},"('Tramites', 'FECHA')":{"('0151-OVD-2005', 0)":"30\/08\/2006"},"('Tramites', 'RESULTADO')":{"('0151-OVD-2005', 0)":"ARCHIVADO"},"Sumario":{"('0151-OVD-2005', 0)":"HABIENDO TOMADO CONOCIMIENTO Y SIN PERJUICIO DE ULTERIORES MEDIDAS QUE PUEDAN ADOPTARSE, SE ACONSEJA SU REMISION AL ARCHIVO."},"Palabra Clave":{"('0151-OVD-2005', 0)":" "}}