{"Tipo de Proyecto":{"('0155-OV-2005', 0)":"PROYECTO DE RESOLUCI\u00d3N","('0155-OV-2005', 1)":null,"('0155-OV-2005', 2)":null},"Iniciado en: ":{"('0155-OV-2005', 0)":"Diputados","('0155-OV-2005', 1)":null,"('0155-OV-2005', 2)":null},"Expediente Diputados: ":{"('0155-OV-2005', 0)":"0155-OV-2005","('0155-OV-2005', 1)":null,"('0155-OV-2005', 2)":null},"Fecha: ":{"('0155-OV-2005', 0)":"29\/04\/2005","('0155-OV-2005', 1)":null,"('0155-OV-2005', 2)":null},"T\u00edtulo":{"('0155-OV-2005', 0)":"APROBACION DEL ACUERDO ALCANZADO ENTRE EL PODER EJECUTIVO NACIONAL Y LA EMPRESA DISTRIBUIDORA LA PLATA SOCIEDAD ANONIMA (EDELAP SA).","('0155-OV-2005', 1)":null,"('0155-OV-2005', 2)":null},"('Firmantes', 'FIRMANTE')":{"('0155-OV-2005', 0)":"BICAMERAL SEGUIMIENTO DE FACULTADES DELEGADAS AL PEN (LEY 25561)","('0155-OV-2005', 1)":null,"('0155-OV-2005', 2)":null},"('Firmantes', 'DISTRITO')":{"('0155-OV-2005', 0)":null,"('0155-OV-2005', 1)":null,"('0155-OV-2005', 2)":null},"('Firmantes', 'BLOQUE')":{"('0155-OV-2005', 0)":null,"('0155-OV-2005', 1)":null,"('0155-OV-2005', 2)":null},"('Giros', 'COMISI\u00d3N')":{"('0155-OV-2005', 0)":"BICAMERAL DE SEGUIMIENTO DE FACULTADES DELEGADAS AL PODER EJECUTIVO NACIONAL - LEY 25561","('0155-OV-2005', 1)":null,"('0155-OV-2005', 2)":null},"('Tramites', 'C\u00c1MARA')":{"('0155-OV-2005', 0)":"Diputados","('0155-OV-2005', 1)":"Diputados","('0155-OV-2005', 2)":"Diputados"},"('Tramites', 'MOVIMIENTO')":{"('0155-OV-2005', 0)":"CONSIDERACION Y APROBACION (VOTACION NOMINAL)","('0155-OV-2005', 1)":"VER APROBACION DEL SENADO EN EXPEDIENTE 0989-S-05","('0155-OV-2005', 2)":"CONTESTACION DEL PODER EJECUTIVO NACIONAL - JEFE DE GABINETE DE MINISTROS - GIRADO A LA COMISION RESPECTIVA CONJUNTAMENTE PARA LOS EXPEDIENTES 0032-S-2005, 0989-S-2005 y 0155-OV-2005"},"('Tramites', 'FECHA')":{"('0155-OV-2005', 0)":"11\/05\/2005","('0155-OV-2005', 1)":null,"('0155-OV-2005', 2)":"19\/04\/2006"},"('Tramites', 'RESULTADO')":{"('0155-OV-2005', 0)":"APROBADO","('0155-OV-2005', 1)":null,"('0155-OV-2005', 2)":null},"Sumario":{"('0155-OV-2005', 0)":"CONSIDERACION: NOTA DE LA UNIDAD DE RENEGOCIACION Y ANALISIS DE CONTRATOS DE SERVICIOS PUBLICOS NUMERO 46, DE FECHA 6 DE ABRIL DE 2005, REMITIENDO A CONSIDERACION Y DICTAMEN DE LA COMISION BICAMERAL UNA COPIA CERTIFICADA DE LA PROPUESTA DE EDELAP SA DENOMINADA \"ACTA - ACUERDO - ADECUACION DEL CONTRATO DE CONCESION DEL SERVICIO PUBLICO DE DISTRIBUCION Y COMERCIALIZACION DE ENERGIA ELECTRICA\", DE FECHA 5 DE ABRIL DE 2005 Y SUSCRITA POR UNA PARTE POR LOS SE\u00d1ORES MINISTROS DE ECONOMIA Y PRODUCCION, Y DE PLANIFICACION FEDERAL, INVERSION PUBLICA Y SERVICIOS DE LA NACION, Y POR LA OTRA PARTE POR EL SE\u00d1OR PRESIDENTE DEL DIRECTORIO DE EDELAP SA.","('0155-OV-2005', 1)":null,"('0155-OV-2005', 2)":null},"Palabra Clave":{"('0155-OV-2005', 0)":" ","('0155-OV-2005', 1)":null,"('0155-OV-2005', 2)":null}}