{"Tipo de Proyecto":{"('0157-S-2005', 0)":"PROYECTO DE RESOLUCI\u00d3N","('0157-S-2005', 1)":null,"('0157-S-2005', 2)":null},"Iniciado en: ":{"('0157-S-2005', 0)":"Senado","('0157-S-2005', 1)":null,"('0157-S-2005', 2)":null},"Expediente Diputados: ":{"('0157-S-2005', 0)":"0157-S-2005","('0157-S-2005', 1)":null,"('0157-S-2005', 2)":null},"Expediente Senado: ":{"('0157-S-2005', 0)":"0648-OV-2004","('0157-S-2005', 1)":null,"('0157-S-2005', 2)":null},"Fecha: ":{"('0157-S-2005', 0)":"23\/08\/2005","('0157-S-2005', 1)":null,"('0157-S-2005', 2)":null},"T\u00edtulo":{"('0157-S-2005', 0)":"PEDIDO DE INFORMES AL PODER EJECUTIVO SOBRE RESOLUCION REMITIDA POR LA AUDITORIA GENERAL DE LA NACION REFERENTE A UN INFORME DESTINADO A VERIFICAR EL CUMPLIMIENTO DE LOS OBJETIVOS REGULADOS EN EL REGLAMENTO GENERAL DEL SERVICIO UNIVERSAL, CONTROLES APLICADOS POR LA SECRETARIA DE COMUNICACIONES, LA COMISION NACIONAL DE COMUNICACIONES Y LA SUBSECRETARIA DE DEFENSA DE LA COMPETENCIA Y DEFENSA DEL CONSUMIDOR, REALIZADO EN EL AMBITO DE LOS ORGANISMOS MENCIONADOS.","('0157-S-2005', 1)":null,"('0157-S-2005', 2)":null},"('Firmantes', 'FIRMANTE')":{"('0157-S-2005', 0)":"PARLAMENTARIA MIXTA REVISORA DE CUENTAS","('0157-S-2005', 1)":null,"('0157-S-2005', 2)":null},"('Firmantes', 'DISTRITO')":{"('0157-S-2005', 0)":null,"('0157-S-2005', 1)":null,"('0157-S-2005', 2)":null},"('Firmantes', 'BLOQUE')":{"('0157-S-2005', 0)":null,"('0157-S-2005', 1)":null,"('0157-S-2005', 2)":null},"('Giros', 'COMISI\u00d3N')":{"('0157-S-2005', 0)":"PARLAMENTARIA MIXTA REVISORA DE CUENTAS","('0157-S-2005', 1)":null,"('0157-S-2005', 2)":null},"('Tramites', 'C\u00c1MARA')":{"('0157-S-2005', 0)":"Senado","('0157-S-2005', 1)":"Diputados","('0157-S-2005', 2)":"Diputados"},"('Tramites', 'MOVIMIENTO')":{"('0157-S-2005', 0)":"CONSIDERACION Y APROBACION","('0157-S-2005', 1)":"PASA A DIPUTADOS -","('0157-S-2005', 2)":"CONSIDERACION Y APROBACION"},"('Tramites', 'FECHA')":{"('0157-S-2005', 0)":"21\/09\/2005","('0157-S-2005', 1)":null,"('0157-S-2005', 2)":"15\/03\/2006"},"('Tramites', 'RESULTADO')":{"('0157-S-2005', 0)":"APROBADO","('0157-S-2005', 1)":null,"('0157-S-2005', 2)":"APROBADO"},"Link":{"('0157-S-2005', 0)":"http:\/\/www.senado.gov.ar\/parlamentario\/comisiones\/verExp\/648.04\/OV\/PR","('0157-S-2005', 1)":null,"('0157-S-2005', 2)":null},"Palabra Clave":{"('0157-S-2005', 0)":" ","('0157-S-2005', 1)":null,"('0157-S-2005', 2)":null}}