{"Tipo de Proyecto":{"('0159-S-2005', 0)":"PROYECTO DE RESOLUCI\u00d3N","('0159-S-2005', 1)":null,"('0159-S-2005', 2)":null,"('0159-S-2005', 3)":null},"Iniciado en: ":{"('0159-S-2005', 0)":"Senado","('0159-S-2005', 1)":null,"('0159-S-2005', 2)":null,"('0159-S-2005', 3)":null},"Expediente Diputados: ":{"('0159-S-2005', 0)":"0159-S-2005","('0159-S-2005', 1)":null,"('0159-S-2005', 2)":null,"('0159-S-2005', 3)":null},"Expediente Senado: ":{"('0159-S-2005', 0)":"0440-OV-2004","('0159-S-2005', 1)":null,"('0159-S-2005', 2)":null,"('0159-S-2005', 3)":null},"Fecha: ":{"('0159-S-2005', 0)":"25\/08\/2005","('0159-S-2005', 1)":null,"('0159-S-2005', 2)":null,"('0159-S-2005', 3)":null},"T\u00edtulo":{"('0159-S-2005', 0)":"PEDIDO DE INFORMES AL PODER EJECUTIVO SOBRE RESOLUCION REMITIDA POR LA AUDITORIA GENERAL DE LA NACION REFERENTE AL CIRCUITO ADMINISTRATIVO Y OPERATIVO PARA EL PAGO DE PRESTACIONES PASIVAS CORRESPONDIENTES AL REGIMEN DE REPARTO EN EL AMBITO DE LA ADMINISTRACION NACIONAL DE LA SEGURIDAD SOCIAL (ANSES) (0440-OV-04) Y EL RESPECTIVO DESCARGO (0441-OV-04).","('0159-S-2005', 1)":null,"('0159-S-2005', 2)":null,"('0159-S-2005', 3)":null},"('Firmantes', 'FIRMANTE')":{"('0159-S-2005', 0)":"PARLAMENTARIA MIXTA REVISORA DE CUENTAS","('0159-S-2005', 1)":null,"('0159-S-2005', 2)":null,"('0159-S-2005', 3)":null},"('Firmantes', 'DISTRITO')":{"('0159-S-2005', 0)":null,"('0159-S-2005', 1)":null,"('0159-S-2005', 2)":null,"('0159-S-2005', 3)":null},"('Firmantes', 'BLOQUE')":{"('0159-S-2005', 0)":null,"('0159-S-2005', 1)":null,"('0159-S-2005', 2)":null,"('0159-S-2005', 3)":null},"('Giros', 'COMISI\u00d3N')":{"('0159-S-2005', 0)":"PARLAMENTARIA MIXTA REVISORA DE CUENTAS","('0159-S-2005', 1)":null,"('0159-S-2005', 2)":null,"('0159-S-2005', 3)":null},"('Tramites', 'C\u00c1MARA')":{"('0159-S-2005', 0)":"Senado","('0159-S-2005', 1)":"Diputados","('0159-S-2005', 2)":"Diputados","('0159-S-2005', 3)":"Diputados"},"('Tramites', 'MOVIMIENTO')":{"('0159-S-2005', 0)":"CONSIDERACION Y APROBACION","('0159-S-2005', 1)":"PASA A DIPUTADOS -","('0159-S-2005', 2)":"CONSIDERACION Y APROBACION","('0159-S-2005', 3)":"CONTESTACION DEL PODER EJECUTIVO NACIONAL - JEFE DE GABINETE DE MINISTROS - GIRADO A LA COMISION RESPECTIVA"},"('Tramites', 'FECHA')":{"('0159-S-2005', 0)":"21\/09\/2005","('0159-S-2005', 1)":null,"('0159-S-2005', 2)":"15\/03\/2006","('0159-S-2005', 3)":"14\/03\/2007"},"('Tramites', 'RESULTADO')":{"('0159-S-2005', 0)":"APROBADO","('0159-S-2005', 1)":null,"('0159-S-2005', 2)":"APROBADO","('0159-S-2005', 3)":null},"Link":{"('0159-S-2005', 0)":"http:\/\/www.senado.gov.ar\/parlamentario\/comisiones\/verExp\/440.04\/OV\/PR","('0159-S-2005', 1)":null,"('0159-S-2005', 2)":null,"('0159-S-2005', 3)":null},"Palabra Clave":{"('0159-S-2005', 0)":" ","('0159-S-2005', 1)":null,"('0159-S-2005', 2)":null,"('0159-S-2005', 3)":null}}