{"Tipo de Proyecto":{"('0160-S-2005', 0)":"PROYECTO DE RESOLUCI\u00d3N","('0160-S-2005', 1)":null,"('0160-S-2005', 2)":null,"('0160-S-2005', 3)":null},"Iniciado en: ":{"('0160-S-2005', 0)":"Senado","('0160-S-2005', 1)":null,"('0160-S-2005', 2)":null,"('0160-S-2005', 3)":null},"Expediente Diputados: ":{"('0160-S-2005', 0)":"0160-S-2005","('0160-S-2005', 1)":null,"('0160-S-2005', 2)":null,"('0160-S-2005', 3)":null},"Expediente Senado: ":{"('0160-S-2005', 0)":"0659-OV-2003","('0160-S-2005', 1)":null,"('0160-S-2005', 2)":null,"('0160-S-2005', 3)":null},"Fecha: ":{"('0160-S-2005', 0)":"25\/08\/2005","('0160-S-2005', 1)":null,"('0160-S-2005', 2)":null,"('0160-S-2005', 3)":null},"T\u00edtulo":{"('0160-S-2005', 0)":"PEDIDO DE INFORMES AL PODER EJECUTIVO SOBRE RESOLUCIONES REMITIDAS POR LA AUDITORIA GENERAL DE LA NACION Y EL PROYECTO DE RESOLUCION DEL SE\u00d1OR SENADOR MARIO DOMINGO DANIELE, ACERCA DE: UN INFORME REFERIDO AL EXAMEN EFECTUADO SOBRE EL FONDO NACIONAL PESQUERO, EJERCICIOS 2001 Y 2002 (0659-OV-03); ENCOMENDAR A LA AGN PARA QUE REALICE EL CONTROL CORRESPONDIENTE A LA CUENTA DEL FONDO NACIONAL PESQUERO (1850-S-02); REMISION POR PARTE DE LA AGN DE LA RESPUESTA EN RELACION AL PEDIDO DE AMPLIACION DEL INFORME APROBADO POR LA RESOLUCION 69\/02, SOBRE EL RECURSO PESQUERO (0189-OV-02); REMISION POR PARTE DE LA AGN DE LA RESPUESTA EN RELACION AL PEDIDO DE AMPLIACION DEL INFORME APROBADO POR LA RESOLUCION 69\/02, SOBRE EL RECURSO PESQUERO (0314-OV-03); AGN COMUNICA RESOLUCION 124\/04, SOBRE RELEVAMIENTO Y EVALUACION DEL AMBIENTE DE CONTROL IMPERANTE EN EL SISTEMA ADMINISTRATIVO DEL REGISTRO DE LA PESCA EN SEDE DE LA DIRECCION NACIONAL DE PESCA Y ACUICULTURA, Y VERIFICACION DE LA SITUACION AL 31 DE DICIEMBRE DE 2002 RESPECTO DE LA REINSCRIPCION DE BUQUES CON PERMISO DE PESCA VIGENTE (ARTICULO 71 DE LA LEY 24922) (0458-OV-04); Y AGN COMUNICA DESCARGO SOBRE LA RESOLUCION 124\/04.","('0160-S-2005', 1)":null,"('0160-S-2005', 2)":null,"('0160-S-2005', 3)":null},"('Firmantes', 'FIRMANTE')":{"('0160-S-2005', 0)":"PARLAMENTARIA MIXTA REVISORA DE CUENTAS","('0160-S-2005', 1)":null,"('0160-S-2005', 2)":null,"('0160-S-2005', 3)":null},"('Firmantes', 'DISTRITO')":{"('0160-S-2005', 0)":null,"('0160-S-2005', 1)":null,"('0160-S-2005', 2)":null,"('0160-S-2005', 3)":null},"('Firmantes', 'BLOQUE')":{"('0160-S-2005', 0)":null,"('0160-S-2005', 1)":null,"('0160-S-2005', 2)":null,"('0160-S-2005', 3)":null},"('Giros', 'COMISI\u00d3N')":{"('0160-S-2005', 0)":"PARLAMENTARIA MIXTA REVISORA DE CUENTAS","('0160-S-2005', 1)":null,"('0160-S-2005', 2)":null,"('0160-S-2005', 3)":null},"('Tramites', 'C\u00c1MARA')":{"('0160-S-2005', 0)":"Senado","('0160-S-2005', 1)":"Diputados","('0160-S-2005', 2)":"Diputados","('0160-S-2005', 3)":"Diputados"},"('Tramites', 'MOVIMIENTO')":{"('0160-S-2005', 0)":"CONSIDERACION Y APROBACION CONJUNTAMENTE PARA LOS EXPEDIENTES 1850-S-2002, 0160-S-2005 y 0659-OV-2003","('0160-S-2005', 1)":"PASA A DIPUTADOS - CONJUNTAMENTE PARA LOS EXPEDIENTES 1850-S-2002, 0160-S-2005 y 0659-OV-2003","('0160-S-2005', 2)":"CONSIDERACION Y APROBACION","('0160-S-2005', 3)":"CONTESTACION DEL PODER EJECUTIVO NACIONAL - JEFE DE GABINETE DE MINISTROS - GIRADO A LA COMISION RESPECTIVA"},"('Tramites', 'FECHA')":{"('0160-S-2005', 0)":"21\/09\/2005","('0160-S-2005', 1)":null,"('0160-S-2005', 2)":"15\/03\/2006","('0160-S-2005', 3)":"11\/03\/2009"},"('Tramites', 'RESULTADO')":{"('0160-S-2005', 0)":"APROBADO","('0160-S-2005', 1)":null,"('0160-S-2005', 2)":"APROBADO","('0160-S-2005', 3)":null},"Link":{"('0160-S-2005', 0)":"http:\/\/www.senado.gov.ar\/parlamentario\/comisiones\/verExp\/659.03\/OV\/PR","('0160-S-2005', 1)":null,"('0160-S-2005', 2)":null,"('0160-S-2005', 3)":null},"Palabra Clave":{"('0160-S-2005', 0)":" ","('0160-S-2005', 1)":null,"('0160-S-2005', 2)":null,"('0160-S-2005', 3)":null}}