{"Tipo de Proyecto":{"('0163-S-2005', 0)":"PROYECTO DE RESOLUCI\u00d3N","('0163-S-2005', 1)":null,"('0163-S-2005', 2)":null,"('0163-S-2005', 3)":null},"Iniciado en: ":{"('0163-S-2005', 0)":"Senado","('0163-S-2005', 1)":null,"('0163-S-2005', 2)":null,"('0163-S-2005', 3)":null},"Expediente Diputados: ":{"('0163-S-2005', 0)":"0163-S-2005","('0163-S-2005', 1)":null,"('0163-S-2005', 2)":null,"('0163-S-2005', 3)":null},"Expediente Senado: ":{"('0163-S-2005', 0)":"0365-OVD-2003","('0163-S-2005', 1)":null,"('0163-S-2005', 2)":null,"('0163-S-2005', 3)":null},"Fecha: ":{"('0163-S-2005', 0)":"25\/08\/2005","('0163-S-2005', 1)":null,"('0163-S-2005', 2)":null,"('0163-S-2005', 3)":null},"T\u00edtulo":{"('0163-S-2005', 0)":"RESPUESTA REMITIDA POR LA JEFATURA DE GABINETE DE MINISTROS EN RELACION A SENDAS RESOLUCIONES APROBADAS POR LA H CAMARA (0182-S-02 Y 0303-S-03) SOBRE LOS EFECTOS DERIVADOS DE LAS SITUACIONES EXPUESTAS POR EL ORGANO DE CONTROL RESPECTO DE LOS ESTADOS FINANCIEROS AL 31 DE DICIEMBRE DE 1999, 31 DE DICIEMBRE DE 2000 Y 31 DE DICIEMBRE DE 2001, DEL PROGRAMA DE FINANCIAMIENTO A MUNICIPIOS, CONVENIO DE PRESTAMO 3860-AR BIRF Y 932\/SF-AR BID (0365-OVD-03 Y 0914-OVD-04); PEDIDO DE INFORMES AL PODER EJECUTIVO SOBRE RESOLUCION REMITIDA POR LA AUDITORIA GENERAL DE LA NACION (117\/04) REFERENTE A LOS ESTADOS FINANCIEROS AL 31 DE DICIEMBRE DE 2003 DEL PROGRAMA DE FINANCIAMIENTO A MUNICIPIOS, CONVENIOS DE PRESTAMO 3860-AR BIRF, 830\/OC-AR Y 932\/SF-AR BID.","('0163-S-2005', 1)":null,"('0163-S-2005', 2)":null,"('0163-S-2005', 3)":null},"('Firmantes', 'FIRMANTE')":{"('0163-S-2005', 0)":"PARLAMENTARIA MIXTA REVISORA DE CUENTAS","('0163-S-2005', 1)":null,"('0163-S-2005', 2)":null,"('0163-S-2005', 3)":null},"('Firmantes', 'DISTRITO')":{"('0163-S-2005', 0)":null,"('0163-S-2005', 1)":null,"('0163-S-2005', 2)":null,"('0163-S-2005', 3)":null},"('Firmantes', 'BLOQUE')":{"('0163-S-2005', 0)":null,"('0163-S-2005', 1)":null,"('0163-S-2005', 2)":null,"('0163-S-2005', 3)":null},"('Giros', 'COMISI\u00d3N')":{"('0163-S-2005', 0)":"PARLAMENTARIA MIXTA REVISORA DE CUENTAS","('0163-S-2005', 1)":null,"('0163-S-2005', 2)":null,"('0163-S-2005', 3)":null},"('Tramites', 'C\u00c1MARA')":{"('0163-S-2005', 0)":"Senado","('0163-S-2005', 1)":"Diputados","('0163-S-2005', 2)":"Diputados","('0163-S-2005', 3)":"Diputados"},"('Tramites', 'MOVIMIENTO')":{"('0163-S-2005', 0)":"CONSIDERACION Y APROBACION","('0163-S-2005', 1)":"PASA A DIPUTADOS -","('0163-S-2005', 2)":"CONSIDERACION Y APROBACION","('0163-S-2005', 3)":"CONTESTACION DEL PODER EJECUTIVO NACIONAL - JEFE DE GABINETE DE MINISTROS - GIRADO A LA COMISION RESPECTIVA"},"('Tramites', 'FECHA')":{"('0163-S-2005', 0)":"21\/09\/2005","('0163-S-2005', 1)":null,"('0163-S-2005', 2)":"15\/03\/2006","('0163-S-2005', 3)":"11\/03\/2009"},"('Tramites', 'RESULTADO')":{"('0163-S-2005', 0)":"APROBADO","('0163-S-2005', 1)":null,"('0163-S-2005', 2)":"APROBADO","('0163-S-2005', 3)":null},"Link":{"('0163-S-2005', 0)":"http:\/\/www.senado.gov.ar\/parlamentario\/comisiones\/verExp\/365.03\/OVD\/PR","('0163-S-2005', 1)":null,"('0163-S-2005', 2)":null,"('0163-S-2005', 3)":null},"Palabra Clave":{"('0163-S-2005', 0)":" ","('0163-S-2005', 1)":null,"('0163-S-2005', 2)":null,"('0163-S-2005', 3)":null}}