{"Tipo de Proyecto":{"('0164-S-2005', 0)":"PROYECTO DE RESOLUCI\u00d3N","('0164-S-2005', 1)":null,"('0164-S-2005', 2)":null,"('0164-S-2005', 3)":null},"Iniciado en: ":{"('0164-S-2005', 0)":"Senado","('0164-S-2005', 1)":null,"('0164-S-2005', 2)":null,"('0164-S-2005', 3)":null},"Expediente Diputados: ":{"('0164-S-2005', 0)":"0164-S-2005","('0164-S-2005', 1)":null,"('0164-S-2005', 2)":null,"('0164-S-2005', 3)":null},"Expediente Senado: ":{"('0164-S-2005', 0)":"0636-OV-2004","('0164-S-2005', 1)":null,"('0164-S-2005', 2)":null,"('0164-S-2005', 3)":null},"Fecha: ":{"('0164-S-2005', 0)":"25\/08\/2005","('0164-S-2005', 1)":null,"('0164-S-2005', 2)":null,"('0164-S-2005', 3)":null},"T\u00edtulo":{"('0164-S-2005', 0)":"PEDIDO DE INFORMES AL PODER EJECUTIVO SOBRE RESOLUCION REMITIDA POR LA AUDITORIA GENERAL DE LA NACION REFERENTE A LOS ESTADOS FINANCIEROS AL 31 DE DICIEMBRE DE 2003 DE LA CARTA ACUERDO DE LA DONACION TF 28372 PARA EL PROYECTO DE CONSERVACION DE LA BIODIVERSIDAD.","('0164-S-2005', 1)":null,"('0164-S-2005', 2)":null,"('0164-S-2005', 3)":null},"('Firmantes', 'FIRMANTE')":{"('0164-S-2005', 0)":"PARLAMENTARIA MIXTA REVISORA DE CUENTAS","('0164-S-2005', 1)":null,"('0164-S-2005', 2)":null,"('0164-S-2005', 3)":null},"('Firmantes', 'DISTRITO')":{"('0164-S-2005', 0)":null,"('0164-S-2005', 1)":null,"('0164-S-2005', 2)":null,"('0164-S-2005', 3)":null},"('Firmantes', 'BLOQUE')":{"('0164-S-2005', 0)":null,"('0164-S-2005', 1)":null,"('0164-S-2005', 2)":null,"('0164-S-2005', 3)":null},"('Giros', 'COMISI\u00d3N')":{"('0164-S-2005', 0)":"PARLAMENTARIA MIXTA REVISORA DE CUENTAS","('0164-S-2005', 1)":null,"('0164-S-2005', 2)":null,"('0164-S-2005', 3)":null},"('Tramites', 'C\u00c1MARA')":{"('0164-S-2005', 0)":"Senado","('0164-S-2005', 1)":"Diputados","('0164-S-2005', 2)":"Diputados","('0164-S-2005', 3)":"Diputados"},"('Tramites', 'MOVIMIENTO')":{"('0164-S-2005', 0)":"CONSIDERACION Y APROBACION","('0164-S-2005', 1)":"PASA A DIPUTADOS -","('0164-S-2005', 2)":"CONSIDERACION Y APROBACION","('0164-S-2005', 3)":"CONTESTACION DEL PODER EJECUTIVO NACIONAL - JEFE DE GABINETE DE MINISTROS - GIRADO A LA COMISION RESPECTIVA"},"('Tramites', 'FECHA')":{"('0164-S-2005', 0)":"21\/09\/2005","('0164-S-2005', 1)":null,"('0164-S-2005', 2)":"15\/03\/2006","('0164-S-2005', 3)":"29\/11\/2006"},"('Tramites', 'RESULTADO')":{"('0164-S-2005', 0)":"APROBADO","('0164-S-2005', 1)":null,"('0164-S-2005', 2)":"APROBADO","('0164-S-2005', 3)":null},"Link":{"('0164-S-2005', 0)":"http:\/\/www.senado.gov.ar\/parlamentario\/comisiones\/verExp\/636.04\/OV\/PR","('0164-S-2005', 1)":null,"('0164-S-2005', 2)":null,"('0164-S-2005', 3)":null},"Palabra Clave":{"('0164-S-2005', 0)":" ","('0164-S-2005', 1)":null,"('0164-S-2005', 2)":null,"('0164-S-2005', 3)":null}}