{"Tipo de Proyecto":{"('0165-S-2005', 0)":"MENSAJE NRO: 0845\/05 Y PROYECTO DE LEY","('0165-S-2005', 1)":null,"('0165-S-2005', 2)":null,"('0165-S-2005', 3)":null,"('0165-S-2005', 4)":null,"('0165-S-2005', 5)":null,"('0165-S-2005', 6)":null,"('0165-S-2005', 7)":null,"('0165-S-2005', 8)":null},"Iniciado en: ":{"('0165-S-2005', 0)":"Senado","('0165-S-2005', 1)":null,"('0165-S-2005', 2)":null,"('0165-S-2005', 3)":null,"('0165-S-2005', 4)":null,"('0165-S-2005', 5)":null,"('0165-S-2005', 6)":null,"('0165-S-2005', 7)":null,"('0165-S-2005', 8)":null},"Expediente Diputados: ":{"('0165-S-2005', 0)":"0165-S-2005","('0165-S-2005', 1)":null,"('0165-S-2005', 2)":null,"('0165-S-2005', 3)":null,"('0165-S-2005', 4)":null,"('0165-S-2005', 5)":null,"('0165-S-2005', 6)":null,"('0165-S-2005', 7)":null,"('0165-S-2005', 8)":null},"Expediente Senado: ":{"('0165-S-2005', 0)":"0354-PE-2005","('0165-S-2005', 1)":null,"('0165-S-2005', 2)":null,"('0165-S-2005', 3)":null,"('0165-S-2005', 4)":null,"('0165-S-2005', 5)":null,"('0165-S-2005', 6)":null,"('0165-S-2005', 7)":null,"('0165-S-2005', 8)":null},"Publicado en: ":{"('0165-S-2005', 0)":"Diario de Asuntos Entrados N\u00b0 108","('0165-S-2005', 1)":null,"('0165-S-2005', 2)":null,"('0165-S-2005', 3)":null,"('0165-S-2005', 4)":null,"('0165-S-2005', 5)":null,"('0165-S-2005', 6)":null,"('0165-S-2005', 7)":null,"('0165-S-2005', 8)":null},"Fecha: ":{"('0165-S-2005', 0)":"15\/07\/2005","('0165-S-2005', 1)":null,"('0165-S-2005', 2)":null,"('0165-S-2005', 3)":null,"('0165-S-2005', 4)":null,"('0165-S-2005', 5)":null,"('0165-S-2005', 6)":null,"('0165-S-2005', 7)":null,"('0165-S-2005', 8)":null},"T\u00edtulo":{"('0165-S-2005', 0)":"CREACION DE LA EMPRESA ARGENTINA DE SOLUCIONES SATELITALES SOCIEDAD ANONIMA AR - SAT.","('0165-S-2005', 1)":null,"('0165-S-2005', 2)":null,"('0165-S-2005', 3)":null,"('0165-S-2005', 4)":null,"('0165-S-2005', 5)":null,"('0165-S-2005', 6)":null,"('0165-S-2005', 7)":null,"('0165-S-2005', 8)":null},"('Firmantes', 'FIRMANTE')":{"('0165-S-2005', 0)":"KIRCHNER, NESTOR CARLOS","('0165-S-2005', 1)":"FERNANDEZ, ALBERTO","('0165-S-2005', 2)":"DE VIDO, JULIO","('0165-S-2005', 3)":null,"('0165-S-2005', 4)":null,"('0165-S-2005', 5)":null,"('0165-S-2005', 6)":null,"('0165-S-2005', 7)":null,"('0165-S-2005', 8)":null},"('Firmantes', 'DISTRITO')":{"('0165-S-2005', 0)":null,"('0165-S-2005', 1)":null,"('0165-S-2005', 2)":null,"('0165-S-2005', 3)":null,"('0165-S-2005', 4)":null,"('0165-S-2005', 5)":null,"('0165-S-2005', 6)":null,"('0165-S-2005', 7)":null,"('0165-S-2005', 8)":null},"('Firmantes', 'BLOQUE')":{"('0165-S-2005', 0)":"PODER EJECUTIVO","('0165-S-2005', 1)":"PODER EJECUTIVO","('0165-S-2005', 2)":"PODER EJECUTIVO","('0165-S-2005', 3)":null,"('0165-S-2005', 4)":null,"('0165-S-2005', 5)":null,"('0165-S-2005', 6)":null,"('0165-S-2005', 7)":null,"('0165-S-2005', 8)":null},"('Giros', 'COMISI\u00d3N')":{"('0165-S-2005', 0)":"COMUNICACIONES E INFORMATICA","('0165-S-2005', 1)":"OBRAS PUBLICAS","('0165-S-2005', 2)":"ECONOMIA","('0165-S-2005', 3)":"PRESUPUESTO Y HACIENDA","('0165-S-2005', 4)":null,"('0165-S-2005', 5)":null,"('0165-S-2005', 6)":null,"('0165-S-2005', 7)":null,"('0165-S-2005', 8)":null},"('Tramites', 'C\u00c1MARA')":{"('0165-S-2005', 0)":"Senado","('0165-S-2005', 1)":"Senado","('0165-S-2005', 2)":"Senado","('0165-S-2005', 3)":"Senado","('0165-S-2005', 4)":"Diputados","('0165-S-2005', 5)":"Diputados","('0165-S-2005', 6)":"Diputados","('0165-S-2005', 7)":"Diputados","('0165-S-2005', 8)":"Diputados"},"('Tramites', 'MOVIMIENTO')":{"('0165-S-2005', 0)":"AMPLIACION GIRO A LA COMISION DE LEGISLACION GENERAL","('0165-S-2005', 1)":"MOCION SOBRE TABLAS (CON DICTAMEN) (AFIRMATIVA)","('0165-S-2005', 2)":"CONSIDERACION Y APROBACION","('0165-S-2005', 3)":"INSERCIONES DE LOS SENADORES SALVATORI Y GIUSTINIANI","('0165-S-2005', 4)":"PASA A DIPUTADOS -","('0165-S-2005', 5)":"MOCION APARTAMIENTO REGLAMENTO (NEGATIVA)","('0165-S-2005', 6)":"MOCION DE PREFERENCIA (AFIRMATIVA)","('0165-S-2005', 7)":"CONSIDERACION Y SANCION","('0165-S-2005', 8)":"INSERCIONES"},"('Tramites', 'FECHA')":{"('0165-S-2005', 0)":"10\/08\/2005","('0165-S-2005', 1)":"28\/09\/2005","('0165-S-2005', 2)":"28\/09\/2005","('0165-S-2005', 3)":"28\/09\/2005","('0165-S-2005', 4)":null,"('0165-S-2005', 5)":"21\/12\/2005","('0165-S-2005', 6)":"29\/03\/2006","('0165-S-2005', 7)":"05\/04\/2006","('0165-S-2005', 8)":"05\/04\/2006"},"('Tramites', 'RESULTADO')":{"('0165-S-2005', 0)":null,"('0165-S-2005', 1)":null,"('0165-S-2005', 2)":"MEDIA SANCION","('0165-S-2005', 3)":null,"('0165-S-2005', 4)":null,"('0165-S-2005', 5)":null,"('0165-S-2005', 6)":null,"('0165-S-2005', 7)":"SANCIONADO","('0165-S-2005', 8)":null},"Sumario":{"('0165-S-2005', 0)":"LA MISMA SE REGIRA POR EL ESTATUTO SOCIAL (ANEXO I), EL CAPITULO II, SECCION VI, ARTICULOS 308 A 312 DE LA LEY 19550 (SOCIEDADES COMERCIALES); ATRIBUCIONES; CONTROLES INTERNOS Y EXTERNOS; NO RESULTAN APLICABLES A LA EMPRESA LAS DISPOSICIONES DE LA LEY DE PROCEDIMIENTOS ADMINISTRATIVOS (LEY 19549), DEL DECRETO 1023\/2001 (CONTRATACIONES DEL ESTADO), LA LEY DE OBRAS PUBLICAS (LEY 13064) NI NORMAS O PRINCIPIOS DE DERECHO ADMINISTRATIVO; VINCULACION LABORAL REGIDA POR LA LEY 20744 DE CONTRATO DE TRABAJO; AUTORIZAR AL PODER EJECUTIVO A REALIZAR ADECUACIONES PRESUPUESTARIAS PARA SUSCRIBIR E INTEGRAR EL CAPITAL SOCIAL; CONSTITUCION Y PUESTA EN FUNCIONAMIENTO DE LA SOCIEDAD; PARTICIPACION ACCIONARIA; OTORGAR A LA EMPRESA ARGENTINA DE SOLUCIONES SATELITALES SOCIEDAD ANONIMA AR-SAT LA AUTORIZACION DEL USO DE LA POSICION ORBITAL 81\u00b0 DE LONGITUD OESTE Y SUS BANDAS DE FRECUENCIAS ASOCIADAS; MARCO DE OBLIGACIONES.","('0165-S-2005', 1)":null,"('0165-S-2005', 2)":null,"('0165-S-2005', 3)":null,"('0165-S-2005', 4)":null,"('0165-S-2005', 5)":null,"('0165-S-2005', 6)":null,"('0165-S-2005', 7)":null,"('0165-S-2005', 8)":null},"Palabra Clave":{"('0165-S-2005', 0)":" ","('0165-S-2005', 1)":null,"('0165-S-2005', 2)":null,"('0165-S-2005', 3)":null,"('0165-S-2005', 4)":null,"('0165-S-2005', 5)":null,"('0165-S-2005', 6)":null,"('0165-S-2005', 7)":null,"('0165-S-2005', 8)":null}}