{"Tipo de Proyecto":{"('0166-S-2005', 0)":"PROYECTO DE LEY"},"Iniciado en: ":{"('0166-S-2005', 0)":"Senado"},"Expediente Senado: ":{"('0166-S-2005', 0)":"0166-S-2005"},"Publicado en: ":{"('0166-S-2005', 0)":"Diario de Asuntos Entrados N\u00b0 8"},"Fecha: ":{"('0166-S-2005', 0)":"07\/03\/2005"},"T\u00edtulo":{"('0166-S-2005', 0)":"REGIMEN DE VIOLENCIA EN EL TRABAJO (REPRODUCCION DEL EXPEDIENTE 1424-S-03)."},"('Firmantes', 'FIRMANTE')":{"('0166-S-2005', 0)":"MAZA, ADA MERCEDES"},"('Firmantes', 'DISTRITO')":{"('0166-S-2005', 0)":"LA RIOJA"},"('Firmantes', 'BLOQUE')":{"('0166-S-2005', 0)":"JUSTICIALISTA"},"('Tramites', 'C\u00c1MARA')":{"('0166-S-2005', 0)":"Senado"},"('Tramites', 'MOVIMIENTO')":{"('0166-S-2005', 0)":"REPRODUCIDO POR EXPEDIENTE 0578-S-07"},"('Tramites', 'FECHA')":{"('0166-S-2005', 0)":null},"('Tramites', 'RESULTADO')":{"('0166-S-2005', 0)":null},"Sumario":{"('0166-S-2005', 0)":"CONCEPTO; DEFINICION Y DELIMITACION DE LOS TIPOS; VIOLENCIA DIRECTA E INDIRECTA; RESPONSABILIDADES; PROCEDIMIENTO Y ORGANO COMPETENTE; SANCIONES."},"Palabra Clave":{"('0166-S-2005', 0)":" "}}