{"Tipo de Proyecto":{"('0167-S-2005', 0)":"PROYECTO DE DECLARACI\u00d3N"},"Iniciado en: ":{"('0167-S-2005', 0)":"Senado"},"Expediente Senado: ":{"('0167-S-2005', 0)":"0167-S-2005"},"Publicado en: ":{"('0167-S-2005', 0)":"Diario de Asuntos Entrados N\u00b0 8"},"Fecha: ":{"('0167-S-2005', 0)":"07\/03\/2005"},"T\u00edtulo":{"('0167-S-2005', 0)":"EXPRESAR BENEPLACITO POR EL 99 ANIVERSARIO DE LA FUNDACION DE LA CIUDAD DE ESQUEL, PROVINCIA DE CHUBUT."},"('Firmantes', 'FIRMANTE')":{"('0167-S-2005', 0)":"GIUSTI, SILVIA ESTER"},"('Firmantes', 'DISTRITO')":{"('0167-S-2005', 0)":"CHUBUT"},"('Firmantes', 'BLOQUE')":{"('0167-S-2005', 0)":"JUSTICIALISTA"},"('Tramites', 'C\u00c1MARA')":{"('0167-S-2005', 0)":"Senado"},"('Tramites', 'MOVIMIENTO')":{"('0167-S-2005', 0)":"CONSIDERACION Y APROBACION"},"('Tramites', 'FECHA')":{"('0167-S-2005', 0)":"04\/05\/2005"},"('Tramites', 'RESULTADO')":{"('0167-S-2005', 0)":"APROBADO"},"Link":{"('0167-S-2005', 0)":"http:\/\/www.senado.gov.ar\/parlamentario\/comisiones\/verExp\/167.05\/S\/PD"},"Palabra Clave":{"('0167-S-2005', 0)":" "}}