{"Tipo de Proyecto":{"('0171-S-2005', 0)":"PROYECTO DE RESOLUCI\u00d3N","('0171-S-2005', 1)":null,"('0171-S-2005', 2)":null,"('0171-S-2005', 3)":null},"Iniciado en: ":{"('0171-S-2005', 0)":"Senado","('0171-S-2005', 1)":null,"('0171-S-2005', 2)":null,"('0171-S-2005', 3)":null},"Expediente Diputados: ":{"('0171-S-2005', 0)":"0171-S-2005","('0171-S-2005', 1)":null,"('0171-S-2005', 2)":null,"('0171-S-2005', 3)":null},"Expediente Senado: ":{"('0171-S-2005', 0)":"0582-OV-2004","('0171-S-2005', 1)":null,"('0171-S-2005', 2)":null,"('0171-S-2005', 3)":null},"Fecha: ":{"('0171-S-2005', 0)":"22\/09\/2005","('0171-S-2005', 1)":null,"('0171-S-2005', 2)":null,"('0171-S-2005', 3)":null},"T\u00edtulo":{"('0171-S-2005', 0)":"PEDIDO DE INFORMES AL PODER EJECUTIVO SOBRE RESOLUCION REMITIDA POR LA AUDITORIA GENERAL DE LA NACION REFERENTE A LOS ESTADOS FINANCIEROS DEL PROYECTO PNUD ARG\/96\/001 - FORTALECIMIENTO DE LA SECRETARIA DE EMPLEO Y CAPACITACION LABORAL, EJERCICIO FINALIZADO EL 31 DE DICIEMBRE DE 2003.","('0171-S-2005', 1)":null,"('0171-S-2005', 2)":null,"('0171-S-2005', 3)":null},"('Firmantes', 'FIRMANTE')":{"('0171-S-2005', 0)":"PARLAMENTARIA MIXTA REVISORA DE CUENTAS","('0171-S-2005', 1)":null,"('0171-S-2005', 2)":null,"('0171-S-2005', 3)":null},"('Firmantes', 'DISTRITO')":{"('0171-S-2005', 0)":null,"('0171-S-2005', 1)":null,"('0171-S-2005', 2)":null,"('0171-S-2005', 3)":null},"('Firmantes', 'BLOQUE')":{"('0171-S-2005', 0)":null,"('0171-S-2005', 1)":null,"('0171-S-2005', 2)":null,"('0171-S-2005', 3)":null},"('Giros', 'COMISI\u00d3N')":{"('0171-S-2005', 0)":"PARLAMENTARIA MIXTA REVISORA DE CUENTAS","('0171-S-2005', 1)":null,"('0171-S-2005', 2)":null,"('0171-S-2005', 3)":null},"('Tramites', 'C\u00c1MARA')":{"('0171-S-2005', 0)":"Senado","('0171-S-2005', 1)":"Diputados","('0171-S-2005', 2)":"Diputados","('0171-S-2005', 3)":"Diputados"},"('Tramites', 'MOVIMIENTO')":{"('0171-S-2005', 0)":"CONSIDERACION Y APROBACION","('0171-S-2005', 1)":"PASA A DIPUTADOS -","('0171-S-2005', 2)":"CONSIDERACION Y APROBACION","('0171-S-2005', 3)":"CONTESTACION DEL PODER EJECUTIVO NACIONAL - JEFE DE GABINETE DE MINISTROS - GIRADO A LA COMISION RESPECTIVA"},"('Tramites', 'FECHA')":{"('0171-S-2005', 0)":"02\/11\/2005","('0171-S-2005', 1)":null,"('0171-S-2005', 2)":"15\/03\/2006","('0171-S-2005', 3)":"19\/07\/2006"},"('Tramites', 'RESULTADO')":{"('0171-S-2005', 0)":"APROBADO","('0171-S-2005', 1)":null,"('0171-S-2005', 2)":"APROBADO","('0171-S-2005', 3)":null},"Link":{"('0171-S-2005', 0)":"http:\/\/www.senado.gov.ar\/parlamentario\/comisiones\/verExp\/582.04\/OV\/PR","('0171-S-2005', 1)":null,"('0171-S-2005', 2)":null,"('0171-S-2005', 3)":null},"Palabra Clave":{"('0171-S-2005', 0)":" ","('0171-S-2005', 1)":null,"('0171-S-2005', 2)":null,"('0171-S-2005', 3)":null}}