{"Tipo de Proyecto":{"('0173-S-2005', 0)":"PROYECTO DE RESOLUCI\u00d3N","('0173-S-2005', 1)":null,"('0173-S-2005', 2)":null,"('0173-S-2005', 3)":null},"Iniciado en: ":{"('0173-S-2005', 0)":"Senado","('0173-S-2005', 1)":null,"('0173-S-2005', 2)":null,"('0173-S-2005', 3)":null},"Expediente Diputados: ":{"('0173-S-2005', 0)":"0173-S-2005","('0173-S-2005', 1)":null,"('0173-S-2005', 2)":null,"('0173-S-2005', 3)":null},"Expediente Senado: ":{"('0173-S-2005', 0)":"0599-OV-2004","('0173-S-2005', 1)":null,"('0173-S-2005', 2)":null,"('0173-S-2005', 3)":null},"Fecha: ":{"('0173-S-2005', 0)":"22\/09\/2005","('0173-S-2005', 1)":null,"('0173-S-2005', 2)":null,"('0173-S-2005', 3)":null},"T\u00edtulo":{"('0173-S-2005', 0)":"DIRIGIRSE AL PODER EJECUTIVO PARA REITERARLE LA NECESIDAD DE QUE LA SOCIEDAD DEL ESTADO CASA DE MONEDA ADECUE SU GESTION A LO DISPUESTO POR LAS NORMAS VIGENTES EN CUANTO A LA PRESENTACION DE LOS ESTADOS CONTABLES TRIMESTRALES, DE CONFORMIDAD CON EL DECRETO 1105\/89, VISTA LA RESOLUCION REMITIDA POR LA AUDITORIA GENERAL DE LA NACION SOBRE LOS ESTADOS CONTABLES AL 31 DE DICIEMBRE DE 2002 DE DICHA ENTIDAD.","('0173-S-2005', 1)":null,"('0173-S-2005', 2)":null,"('0173-S-2005', 3)":null},"('Firmantes', 'FIRMANTE')":{"('0173-S-2005', 0)":"PARLAMENTARIA MIXTA REVISORA DE CUENTAS","('0173-S-2005', 1)":null,"('0173-S-2005', 2)":null,"('0173-S-2005', 3)":null},"('Firmantes', 'DISTRITO')":{"('0173-S-2005', 0)":null,"('0173-S-2005', 1)":null,"('0173-S-2005', 2)":null,"('0173-S-2005', 3)":null},"('Firmantes', 'BLOQUE')":{"('0173-S-2005', 0)":null,"('0173-S-2005', 1)":null,"('0173-S-2005', 2)":null,"('0173-S-2005', 3)":null},"('Giros', 'COMISI\u00d3N')":{"('0173-S-2005', 0)":"PARLAMENTARIA MIXTA REVISORA DE CUENTAS","('0173-S-2005', 1)":null,"('0173-S-2005', 2)":null,"('0173-S-2005', 3)":null},"('Tramites', 'C\u00c1MARA')":{"('0173-S-2005', 0)":"Senado","('0173-S-2005', 1)":"Diputados","('0173-S-2005', 2)":"Diputados","('0173-S-2005', 3)":"Diputados"},"('Tramites', 'MOVIMIENTO')":{"('0173-S-2005', 0)":"CONSIDERACION Y APROBACION","('0173-S-2005', 1)":"PASA A DIPUTADOS -","('0173-S-2005', 2)":"CONSIDERACION Y APROBACION","('0173-S-2005', 3)":"CONTESTACION DEL PODER EJECUTIVO NACIONAL - JEFE DE GABINETE DE MINISTROS - GIRADO A LA COMISION RESPECTIVA"},"('Tramites', 'FECHA')":{"('0173-S-2005', 0)":"02\/11\/2005","('0173-S-2005', 1)":null,"('0173-S-2005', 2)":"15\/03\/2006","('0173-S-2005', 3)":"29\/11\/2006"},"('Tramites', 'RESULTADO')":{"('0173-S-2005', 0)":"APROBADO","('0173-S-2005', 1)":null,"('0173-S-2005', 2)":"APROBADO","('0173-S-2005', 3)":null},"Link":{"('0173-S-2005', 0)":"http:\/\/www.senado.gov.ar\/parlamentario\/comisiones\/verExp\/599.04\/OV\/PR","('0173-S-2005', 1)":null,"('0173-S-2005', 2)":null,"('0173-S-2005', 3)":null},"Palabra Clave":{"('0173-S-2005', 0)":" ","('0173-S-2005', 1)":null,"('0173-S-2005', 2)":null,"('0173-S-2005', 3)":null}}