{"Tipo de Proyecto":{"('0174-S-2005', 0)":"PROYECTO DE RESOLUCI\u00d3N","('0174-S-2005', 1)":null,"('0174-S-2005', 2)":null,"('0174-S-2005', 3)":null},"Iniciado en: ":{"('0174-S-2005', 0)":"Senado","('0174-S-2005', 1)":null,"('0174-S-2005', 2)":null,"('0174-S-2005', 3)":null},"Expediente Diputados: ":{"('0174-S-2005', 0)":"0174-S-2005","('0174-S-2005', 1)":null,"('0174-S-2005', 2)":null,"('0174-S-2005', 3)":null},"Expediente Senado: ":{"('0174-S-2005', 0)":"0746-OVD-2004","('0174-S-2005', 1)":null,"('0174-S-2005', 2)":null,"('0174-S-2005', 3)":null},"Fecha: ":{"('0174-S-2005', 0)":"26\/09\/2005","('0174-S-2005', 1)":null,"('0174-S-2005', 2)":null,"('0174-S-2005', 3)":null},"T\u00edtulo":{"('0174-S-2005', 0)":"RESPUESTA REMITIDA POR LA JEFATURA DE GABINETE DE MINISTROS EN RELACION A LA RESOLUCION 0300-S-03, SOBRE LAS MEDIDAS ADOPTADAS CON RELACION A LOS ESTADOS FINANCIEROS AL 31 DE DICIEMBRE DE 2001 DEL IV PROYECTO DE PROTECCION SOCIAL - CONVENIO DE PRESTAMO 4398-AR BIRF; PEDIDO DE INFORMES AL PODER EJECUTIVO SOBRE RESOLUCIONES REMITIDAS POR LA AUDITORIA GENERAL DE LA NACION SOBRE LOS ESTADOS FINANCIEROS AL 31 DE DICIEMBRE DE 2002 (0071-OV-04) Y 31 DE DICIEMBRE DE 2003 (0041-OV-05) DE CITADO PROYECTO.","('0174-S-2005', 1)":null,"('0174-S-2005', 2)":null,"('0174-S-2005', 3)":null},"('Firmantes', 'FIRMANTE')":{"('0174-S-2005', 0)":"PARLAMENTARIA MIXTA REVISORA DE CUENTAS","('0174-S-2005', 1)":null,"('0174-S-2005', 2)":null,"('0174-S-2005', 3)":null},"('Firmantes', 'DISTRITO')":{"('0174-S-2005', 0)":null,"('0174-S-2005', 1)":null,"('0174-S-2005', 2)":null,"('0174-S-2005', 3)":null},"('Firmantes', 'BLOQUE')":{"('0174-S-2005', 0)":null,"('0174-S-2005', 1)":null,"('0174-S-2005', 2)":null,"('0174-S-2005', 3)":null},"('Giros', 'COMISI\u00d3N')":{"('0174-S-2005', 0)":"PARLAMENTARIA MIXTA REVISORA DE CUENTAS","('0174-S-2005', 1)":null,"('0174-S-2005', 2)":null,"('0174-S-2005', 3)":null},"('Tramites', 'C\u00c1MARA')":{"('0174-S-2005', 0)":"Senado","('0174-S-2005', 1)":"Diputados","('0174-S-2005', 2)":"Diputados","('0174-S-2005', 3)":"Diputados"},"('Tramites', 'MOVIMIENTO')":{"('0174-S-2005', 0)":"CONSIDERACION Y APROBACION","('0174-S-2005', 1)":"PASA A DIPUTADOS -","('0174-S-2005', 2)":"CONSIDERACION Y APROBACION","('0174-S-2005', 3)":"CONTESTACION DEL PODER EJECUTIVO NACIONAL - JEFE DE GABINETE DE MINISTROS - GIRADO A LA COMISION RESPECTIVA"},"('Tramites', 'FECHA')":{"('0174-S-2005', 0)":"02\/11\/2005","('0174-S-2005', 1)":null,"('0174-S-2005', 2)":"15\/03\/2006","('0174-S-2005', 3)":"19\/07\/2006"},"('Tramites', 'RESULTADO')":{"('0174-S-2005', 0)":"APROBADO","('0174-S-2005', 1)":null,"('0174-S-2005', 2)":"APROBADO","('0174-S-2005', 3)":null},"Link":{"('0174-S-2005', 0)":"http:\/\/www.senado.gov.ar\/parlamentario\/comisiones\/verExp\/746.04\/OVD\/PR","('0174-S-2005', 1)":null,"('0174-S-2005', 2)":null,"('0174-S-2005', 3)":null},"Palabra Clave":{"('0174-S-2005', 0)":" ","('0174-S-2005', 1)":null,"('0174-S-2005', 2)":null,"('0174-S-2005', 3)":null}}