{"Tipo de Proyecto":{"('0175-S-2005', 0)":"PROYECTO DE RESOLUCI\u00d3N","('0175-S-2005', 1)":null,"('0175-S-2005', 2)":null,"('0175-S-2005', 3)":null},"Iniciado en: ":{"('0175-S-2005', 0)":"Senado","('0175-S-2005', 1)":null,"('0175-S-2005', 2)":null,"('0175-S-2005', 3)":null},"Expediente Diputados: ":{"('0175-S-2005', 0)":"0175-S-2005","('0175-S-2005', 1)":null,"('0175-S-2005', 2)":null,"('0175-S-2005', 3)":null},"Expediente Senado: ":{"('0175-S-2005', 0)":"0464-OV-2002","('0175-S-2005', 1)":null,"('0175-S-2005', 2)":null,"('0175-S-2005', 3)":null},"Fecha: ":{"('0175-S-2005', 0)":"26\/09\/2005","('0175-S-2005', 1)":null,"('0175-S-2005', 2)":null,"('0175-S-2005', 3)":null},"T\u00edtulo":{"('0175-S-2005', 0)":"PEDIDO DE INFORMES AL PODER EJECUTIVO SOBRE RESOLUCIONES REMITIDAS POR LA AUDITORIA GENERAL DE LA NACION REFERENTE A LOS: ESTADOS CONTABLES AL 31 DE DICIEMBRE DE 2001 (0464-OV-02); ESTADOS CONTABLES Y MEMORANDUM SOBRE EL CONTROL INTERNO CONTABLE AL 31 DE DICIEMBRE DE 2002 (0531-OV-03); ESTADOS CONTABLES AL 31 DE DICIEMBRE DE 2003 (0519-OV-04); MEMORANDUM DE CONTROL INTERNO REFERENTE A LOS ESTADOS CONTABLES AL 31 DE DICIEMBRE DE 2001 (0056-OV-03); Y CONTROL INTERNO CONTABLE AL 31 DE DICIEMBRE DE 2003 Y LOS ESTADOS CONTABLES A ESA MISMA FECHA (0528-OV-04); EN EL AMBITO DEL BANCO CENTRAL DE LA REPUBLICA ARGENTINA.\n","('0175-S-2005', 1)":null,"('0175-S-2005', 2)":null,"('0175-S-2005', 3)":null},"('Firmantes', 'FIRMANTE')":{"('0175-S-2005', 0)":"PARLAMENTARIA MIXTA REVISORA DE CUENTAS","('0175-S-2005', 1)":null,"('0175-S-2005', 2)":null,"('0175-S-2005', 3)":null},"('Firmantes', 'DISTRITO')":{"('0175-S-2005', 0)":null,"('0175-S-2005', 1)":null,"('0175-S-2005', 2)":null,"('0175-S-2005', 3)":null},"('Firmantes', 'BLOQUE')":{"('0175-S-2005', 0)":null,"('0175-S-2005', 1)":null,"('0175-S-2005', 2)":null,"('0175-S-2005', 3)":null},"('Giros', 'COMISI\u00d3N')":{"('0175-S-2005', 0)":"PARLAMENTARIA MIXTA REVISORA DE CUENTAS","('0175-S-2005', 1)":null,"('0175-S-2005', 2)":null,"('0175-S-2005', 3)":null},"('Tramites', 'C\u00c1MARA')":{"('0175-S-2005', 0)":"Senado","('0175-S-2005', 1)":"Diputados","('0175-S-2005', 2)":"Diputados","('0175-S-2005', 3)":"Diputados"},"('Tramites', 'MOVIMIENTO')":{"('0175-S-2005', 0)":"CONSIDERACION Y APROBACION","('0175-S-2005', 1)":"PASA A DIPUTADOS -","('0175-S-2005', 2)":"CONSIDERACION Y APROBACION","('0175-S-2005', 3)":"CONTESTACION DEL PODER EJECUTIVO NACIONAL - JEFE DE GABINETE DE MINISTROS - GIRADO A LA COMISION RESPECTIVA"},"('Tramites', 'FECHA')":{"('0175-S-2005', 0)":"02\/11\/2005","('0175-S-2005', 1)":null,"('0175-S-2005', 2)":"15\/03\/2006","('0175-S-2005', 3)":"14\/03\/2007"},"('Tramites', 'RESULTADO')":{"('0175-S-2005', 0)":"APROBADO","('0175-S-2005', 1)":null,"('0175-S-2005', 2)":"APROBADO","('0175-S-2005', 3)":null},"Link":{"('0175-S-2005', 0)":"http:\/\/www.senado.gov.ar\/parlamentario\/comisiones\/verExp\/464.02\/OV\/PR","('0175-S-2005', 1)":null,"('0175-S-2005', 2)":null,"('0175-S-2005', 3)":null},"Palabra Clave":{"('0175-S-2005', 0)":" ","('0175-S-2005', 1)":null,"('0175-S-2005', 2)":null,"('0175-S-2005', 3)":null}}