{"Tipo de Proyecto":{"('0176-S-2005', 0)":"PROYECTO DE RESOLUCI\u00d3N","('0176-S-2005', 1)":null,"('0176-S-2005', 2)":null,"('0176-S-2005', 3)":null},"Iniciado en: ":{"('0176-S-2005', 0)":"Senado","('0176-S-2005', 1)":null,"('0176-S-2005', 2)":null,"('0176-S-2005', 3)":null},"Expediente Diputados: ":{"('0176-S-2005', 0)":"0176-S-2005","('0176-S-2005', 1)":null,"('0176-S-2005', 2)":null,"('0176-S-2005', 3)":null},"Expediente Senado: ":{"('0176-S-2005', 0)":"0534-OV-2004","('0176-S-2005', 1)":null,"('0176-S-2005', 2)":null,"('0176-S-2005', 3)":null},"Fecha: ":{"('0176-S-2005', 0)":"26\/09\/2005","('0176-S-2005', 1)":null,"('0176-S-2005', 2)":null,"('0176-S-2005', 3)":null},"T\u00edtulo":{"('0176-S-2005', 0)":"PEDIDO DE INFORMES AL PODER EJECUTIVO SOBRE RESOLUCIONES REMITIDAS POR LA AUDITORIA GENERAL DE LA NACION REFERENTES A LOS ESTADOS FINANCIEROS AL 31 DE DICIEMBRE DE 2003 DEL PROGRAMA DE FORTALECIMIENTO INSTITUCIONAL DE LA POLITICA COMERCIAL EXTERNA - CONTRATO DE PRESTAMO 1206\/OC-AR BID (0534-OV-04), Y DEL PROYECTO PNUD ARG\/01\/005 FORTALECIMIENTO INSTITUCIONAL DE LA POLITICA COMERCIAL EXTERNA (0545-OV-04).","('0176-S-2005', 1)":null,"('0176-S-2005', 2)":null,"('0176-S-2005', 3)":null},"('Firmantes', 'FIRMANTE')":{"('0176-S-2005', 0)":"PARLAMENTARIA MIXTA REVISORA DE CUENTAS","('0176-S-2005', 1)":null,"('0176-S-2005', 2)":null,"('0176-S-2005', 3)":null},"('Firmantes', 'DISTRITO')":{"('0176-S-2005', 0)":null,"('0176-S-2005', 1)":null,"('0176-S-2005', 2)":null,"('0176-S-2005', 3)":null},"('Firmantes', 'BLOQUE')":{"('0176-S-2005', 0)":null,"('0176-S-2005', 1)":null,"('0176-S-2005', 2)":null,"('0176-S-2005', 3)":null},"('Giros', 'COMISI\u00d3N')":{"('0176-S-2005', 0)":"PARLAMENTARIA MIXTA REVISORA DE CUENTAS","('0176-S-2005', 1)":null,"('0176-S-2005', 2)":null,"('0176-S-2005', 3)":null},"('Tramites', 'C\u00c1MARA')":{"('0176-S-2005', 0)":"Senado","('0176-S-2005', 1)":"Diputados","('0176-S-2005', 2)":"Diputados","('0176-S-2005', 3)":"Diputados"},"('Tramites', 'MOVIMIENTO')":{"('0176-S-2005', 0)":"CONSIDERACION Y APROBACION","('0176-S-2005', 1)":"PASA A DIPUTADOS -","('0176-S-2005', 2)":"CONSIDERACION Y APROBACION","('0176-S-2005', 3)":"CONTESTACION DEL PODER EJECUTIVO NACIONAL - JEFE DE GABINETE DE MINISTROS - GIRADO A LA COMISION RESPECTIVA"},"('Tramites', 'FECHA')":{"('0176-S-2005', 0)":"02\/11\/2005","('0176-S-2005', 1)":null,"('0176-S-2005', 2)":"15\/03\/2006","('0176-S-2005', 3)":"28\/03\/2007"},"('Tramites', 'RESULTADO')":{"('0176-S-2005', 0)":"APROBADO","('0176-S-2005', 1)":null,"('0176-S-2005', 2)":"APROBADO","('0176-S-2005', 3)":null},"Link":{"('0176-S-2005', 0)":"http:\/\/www.senado.gov.ar\/parlamentario\/comisiones\/verExp\/534.04\/OV\/PR","('0176-S-2005', 1)":null,"('0176-S-2005', 2)":null,"('0176-S-2005', 3)":null},"Palabra Clave":{"('0176-S-2005', 0)":" ","('0176-S-2005', 1)":null,"('0176-S-2005', 2)":null,"('0176-S-2005', 3)":null}}