{"Tipo de Proyecto":{"('0176-PE-2005', 0)":"MENSAJE NRO: 0641\/05","('0176-PE-2005', 1)":null},"Iniciado en: ":{"('0176-PE-2005', 0)":"Senado","('0176-PE-2005', 1)":null},"Expediente Senado: ":{"('0176-PE-2005', 0)":"0176-PE-2005","('0176-PE-2005', 1)":null},"Publicado en: ":{"('0176-PE-2005', 0)":"DAE S.A. N\u00b0 5","('0176-PE-2005', 1)":null},"Fecha: ":{"('0176-PE-2005', 0)":"16\/06\/2005","('0176-PE-2005', 1)":null},"T\u00edtulo":{"('0176-PE-2005', 0)":"SOLICITAR ACUERDO PARA DESIGNAR JUEZ FEDERAL A CARGO DEL JUZGADO NACIONAL DE PRIMERA INSTANCIA DEL TRABAJO NUMERO 17 DE LA CAPITAL FEDERAL A LA DOCTORA LILIANA RODRIGUEZ FERNANDEZ.","('0176-PE-2005', 1)":null},"('Firmantes', 'FIRMANTE')":{"('0176-PE-2005', 0)":"KIRCHNER, NESTOR CARLOS","('0176-PE-2005', 1)":"ROSATTI, HORACIO DANIEL"},"('Firmantes', 'DISTRITO')":{"('0176-PE-2005', 0)":null,"('0176-PE-2005', 1)":null},"('Firmantes', 'BLOQUE')":{"('0176-PE-2005', 0)":"PODER EJECUTIVO","('0176-PE-2005', 1)":"PODER EJECUTIVO"},"('Tramites', 'C\u00c1MARA')":{"('0176-PE-2005', 0)":"Senado","('0176-PE-2005', 1)":null},"('Tramites', 'MOVIMIENTO')":{"('0176-PE-2005', 0)":"CONSIDERACION Y APROBACION","('0176-PE-2005', 1)":null},"('Tramites', 'FECHA')":{"('0176-PE-2005', 0)":"17\/08\/2005","('0176-PE-2005', 1)":null},"('Tramites', 'RESULTADO')":{"('0176-PE-2005', 0)":"APROBADO","('0176-PE-2005', 1)":null},"Palabra Clave":{"('0176-PE-2005', 0)":" ","('0176-PE-2005', 1)":null}}