{"Tipo de Proyecto":{"('0177-PE-2005', 0)":"MENSAJE NRO: 0642\/05","('0177-PE-2005', 1)":null},"Iniciado en: ":{"('0177-PE-2005', 0)":"Senado","('0177-PE-2005', 1)":null},"Expediente Senado: ":{"('0177-PE-2005', 0)":"0177-PE-2005","('0177-PE-2005', 1)":null},"Publicado en: ":{"('0177-PE-2005', 0)":"DAE S.A. N\u00b0 5","('0177-PE-2005', 1)":null},"Fecha: ":{"('0177-PE-2005', 0)":"16\/06\/2005","('0177-PE-2005', 1)":null},"T\u00edtulo":{"('0177-PE-2005', 0)":"SOLICITAR ACUERDO PARA DESIGNAR JUEZ DEL JUZGADO NACIONAL DE PRIMERA INSTANCIA EN LO CIVIL NUMERO 75, DE LA CAPITAL FEDERAL, DOCTORA VIRGINIA SIMARI.","('0177-PE-2005', 1)":null},"('Firmantes', 'FIRMANTE')":{"('0177-PE-2005', 0)":"KIRCHNER, NESTOR CARLOS","('0177-PE-2005', 1)":"ROSATTI, HORACIO DANIEL"},"('Firmantes', 'DISTRITO')":{"('0177-PE-2005', 0)":null,"('0177-PE-2005', 1)":null},"('Firmantes', 'BLOQUE')":{"('0177-PE-2005', 0)":"PODER EJECUTIVO","('0177-PE-2005', 1)":"PODER EJECUTIVO"},"('Tramites', 'C\u00c1MARA')":{"('0177-PE-2005', 0)":"Senado","('0177-PE-2005', 1)":null},"('Tramites', 'MOVIMIENTO')":{"('0177-PE-2005', 0)":"CONSIDERACION Y APROBACION","('0177-PE-2005', 1)":null},"('Tramites', 'FECHA')":{"('0177-PE-2005', 0)":"17\/08\/2005","('0177-PE-2005', 1)":null},"('Tramites', 'RESULTADO')":{"('0177-PE-2005', 0)":"APROBADO","('0177-PE-2005', 1)":null},"Palabra Clave":{"('0177-PE-2005', 0)":" ","('0177-PE-2005', 1)":null}}