{"Tipo de Proyecto":{"('0177-S-2005', 0)":"PROYECTO DE RESOLUCI\u00d3N","('0177-S-2005', 1)":null,"('0177-S-2005', 2)":null,"('0177-S-2005', 3)":null},"Iniciado en: ":{"('0177-S-2005', 0)":"Senado","('0177-S-2005', 1)":null,"('0177-S-2005', 2)":null,"('0177-S-2005', 3)":null},"Expediente Diputados: ":{"('0177-S-2005', 0)":"0177-S-2005","('0177-S-2005', 1)":null,"('0177-S-2005', 2)":null,"('0177-S-2005', 3)":null},"Expediente Senado: ":{"('0177-S-2005', 0)":"0543-OV-2004","('0177-S-2005', 1)":null,"('0177-S-2005', 2)":null,"('0177-S-2005', 3)":null},"Fecha: ":{"('0177-S-2005', 0)":"26\/09\/2005","('0177-S-2005', 1)":null,"('0177-S-2005', 2)":null,"('0177-S-2005', 3)":null},"T\u00edtulo":{"('0177-S-2005', 0)":"PEDIDO DE INFORMES AL PODER EJECUTIVO SOBRE RESOLUCIONES REMITIDAS POR LA AUDITORIA GENERAL DE LA NACION REFERENTES A UNA REVISION DURANTE EL PERIODO DE JULIO A DICIEMBRE DE 2003 (0543-OV-04) Y SOBRE EL CUARTO INFORME SEMESTRAL (0033-OV-05), CORRESPONDIENTES AL SISTEMA DE PAGOS A BENEFICIARIOS DEL PROGRAMA JEFES DE HOGAR.","('0177-S-2005', 1)":null,"('0177-S-2005', 2)":null,"('0177-S-2005', 3)":null},"('Firmantes', 'FIRMANTE')":{"('0177-S-2005', 0)":"PARLAMENTARIA MIXTA REVISORA DE CUENTAS","('0177-S-2005', 1)":null,"('0177-S-2005', 2)":null,"('0177-S-2005', 3)":null},"('Firmantes', 'DISTRITO')":{"('0177-S-2005', 0)":null,"('0177-S-2005', 1)":null,"('0177-S-2005', 2)":null,"('0177-S-2005', 3)":null},"('Firmantes', 'BLOQUE')":{"('0177-S-2005', 0)":null,"('0177-S-2005', 1)":null,"('0177-S-2005', 2)":null,"('0177-S-2005', 3)":null},"('Giros', 'COMISI\u00d3N')":{"('0177-S-2005', 0)":"PARLAMENTARIA MIXTA REVISORA DE CUENTAS","('0177-S-2005', 1)":null,"('0177-S-2005', 2)":null,"('0177-S-2005', 3)":null},"('Tramites', 'C\u00c1MARA')":{"('0177-S-2005', 0)":"Senado","('0177-S-2005', 1)":"Diputados","('0177-S-2005', 2)":"Diputados","('0177-S-2005', 3)":"Diputados"},"('Tramites', 'MOVIMIENTO')":{"('0177-S-2005', 0)":"CONSIDERACION Y APROBACION","('0177-S-2005', 1)":"PASA A DIPUTADOS -","('0177-S-2005', 2)":"CONSIDERACION Y APROBACION","('0177-S-2005', 3)":"CONTESTACION DEL PODER EJECUTIVO NACIONAL - JEFE DE GABINETE DE MINISTROS - GIRADO A LA COMISION RESPECTIVA"},"('Tramites', 'FECHA')":{"('0177-S-2005', 0)":"02\/11\/2005","('0177-S-2005', 1)":null,"('0177-S-2005', 2)":"15\/03\/2006","('0177-S-2005', 3)":"06\/09\/2006"},"('Tramites', 'RESULTADO')":{"('0177-S-2005', 0)":"APROBADO","('0177-S-2005', 1)":"APROBADO","('0177-S-2005', 2)":"APROBADO","('0177-S-2005', 3)":null},"Link":{"('0177-S-2005', 0)":"http:\/\/www.senado.gov.ar\/parlamentario\/comisiones\/verExp\/543.04\/OV\/PR","('0177-S-2005', 1)":null,"('0177-S-2005', 2)":null,"('0177-S-2005', 3)":null},"Palabra Clave":{"('0177-S-2005', 0)":" ","('0177-S-2005', 1)":null,"('0177-S-2005', 2)":null,"('0177-S-2005', 3)":null}}