{"Tipo de Proyecto":{"('0178-S-2005', 0)":"PROYECTO DE RESOLUCI\u00d3N","('0178-S-2005', 1)":null,"('0178-S-2005', 2)":null,"('0178-S-2005', 3)":null},"Iniciado en: ":{"('0178-S-2005', 0)":"Senado","('0178-S-2005', 1)":null,"('0178-S-2005', 2)":null,"('0178-S-2005', 3)":null},"Expediente Diputados: ":{"('0178-S-2005', 0)":"0178-S-2005","('0178-S-2005', 1)":null,"('0178-S-2005', 2)":null,"('0178-S-2005', 3)":null},"Expediente Senado: ":{"('0178-S-2005', 0)":"0637-OV-2004","('0178-S-2005', 1)":null,"('0178-S-2005', 2)":null,"('0178-S-2005', 3)":null},"Fecha: ":{"('0178-S-2005', 0)":"26\/09\/2005","('0178-S-2005', 1)":null,"('0178-S-2005', 2)":null,"('0178-S-2005', 3)":null},"T\u00edtulo":{"('0178-S-2005', 0)":"PEDIDO DE INFORMES AL PODER EJECUTIVO SOBRE RESOLUCION REMITIDA POR LA AUDITORIA GENERAL DE LA NACION REFERENTE A LOS ESTADOS FINANCIEROS AL 31 DE DICIEMBRE DE 2003 DEL PROYECTO PNUD ARG\/98\/013 APOYO Y FORTALECIMIENTO A LA UNIDAD EJECUTORA DE LA PROVINCIA DE MENDOZA DEL PROGRAMA MATERNO INFANTIL Y NUTRICION - PROMIN II -.","('0178-S-2005', 1)":null,"('0178-S-2005', 2)":null,"('0178-S-2005', 3)":null},"('Firmantes', 'FIRMANTE')":{"('0178-S-2005', 0)":"PARLAMENTARIA MIXTA REVISORA DE CUENTAS","('0178-S-2005', 1)":null,"('0178-S-2005', 2)":null,"('0178-S-2005', 3)":null},"('Firmantes', 'DISTRITO')":{"('0178-S-2005', 0)":null,"('0178-S-2005', 1)":null,"('0178-S-2005', 2)":null,"('0178-S-2005', 3)":null},"('Firmantes', 'BLOQUE')":{"('0178-S-2005', 0)":null,"('0178-S-2005', 1)":null,"('0178-S-2005', 2)":null,"('0178-S-2005', 3)":null},"('Giros', 'COMISI\u00d3N')":{"('0178-S-2005', 0)":"PARLAMENTARIA MIXTA REVISORA DE CUENTAS","('0178-S-2005', 1)":null,"('0178-S-2005', 2)":null,"('0178-S-2005', 3)":null},"('Tramites', 'C\u00c1MARA')":{"('0178-S-2005', 0)":"Senado","('0178-S-2005', 1)":"Diputados","('0178-S-2005', 2)":"Diputados","('0178-S-2005', 3)":"Diputados"},"('Tramites', 'MOVIMIENTO')":{"('0178-S-2005', 0)":"CONSIDERACION Y APROBACION","('0178-S-2005', 1)":"PASA A DIPUTADOS -","('0178-S-2005', 2)":"CONSIDERACION Y APROBACION","('0178-S-2005', 3)":"CONTESTACION DEL PODER EJECUTIVO NACIONAL - JEFE DE GABINETE DE MINISTROS - GIRADO A LA COMISION RESPECTIVA"},"('Tramites', 'FECHA')":{"('0178-S-2005', 0)":"02\/11\/2005","('0178-S-2005', 1)":null,"('0178-S-2005', 2)":"15\/03\/2006","('0178-S-2005', 3)":"29\/11\/2006"},"('Tramites', 'RESULTADO')":{"('0178-S-2005', 0)":"APROBADO","('0178-S-2005', 1)":null,"('0178-S-2005', 2)":"APROBADO","('0178-S-2005', 3)":null},"Link":{"('0178-S-2005', 0)":"http:\/\/www.senado.gov.ar\/parlamentario\/comisiones\/verExp\/637.04\/OV\/PR","('0178-S-2005', 1)":null,"('0178-S-2005', 2)":null,"('0178-S-2005', 3)":null},"Palabra Clave":{"('0178-S-2005', 0)":" ","('0178-S-2005', 1)":null,"('0178-S-2005', 2)":null,"('0178-S-2005', 3)":null}}