{"Tipo de Proyecto":{"('0180-S-2005', 0)":"PROYECTO DE RESOLUCI\u00d3N","('0180-S-2005', 1)":null,"('0180-S-2005', 2)":null,"('0180-S-2005', 3)":null},"Iniciado en: ":{"('0180-S-2005', 0)":"Senado","('0180-S-2005', 1)":null,"('0180-S-2005', 2)":null,"('0180-S-2005', 3)":null},"Expediente Diputados: ":{"('0180-S-2005', 0)":"0180-S-2005","('0180-S-2005', 1)":null,"('0180-S-2005', 2)":null,"('0180-S-2005', 3)":null},"Expediente Senado: ":{"('0180-S-2005', 0)":"0585-OV-2004","('0180-S-2005', 1)":null,"('0180-S-2005', 2)":null,"('0180-S-2005', 3)":null},"Fecha: ":{"('0180-S-2005', 0)":"26\/09\/2005","('0180-S-2005', 1)":null,"('0180-S-2005', 2)":null,"('0180-S-2005', 3)":null},"T\u00edtulo":{"('0180-S-2005', 0)":"PEDIDO DE INFORMES AL PODER EJECUTIVO SOBRE RESOLUCION REMITIDA POR LA AUDITORIA GENERAL DE LA NACION REFERENTE A LOS ESTADOS FINANCIEROS DEL PROYECTO DE DESARROLLO DE PEQUE\u00d1OS PRODUCTORES AGROPECUARIOS, CONVENIO DE PRESTAMO 4212-AR BIRF, EJERCICIO FINALIZADO EL 31 DE DICIEMBRE DE 2003.","('0180-S-2005', 1)":null,"('0180-S-2005', 2)":null,"('0180-S-2005', 3)":null},"('Firmantes', 'FIRMANTE')":{"('0180-S-2005', 0)":"PARLAMENTARIA MIXTA REVISORA DE CUENTAS","('0180-S-2005', 1)":null,"('0180-S-2005', 2)":null,"('0180-S-2005', 3)":null},"('Firmantes', 'DISTRITO')":{"('0180-S-2005', 0)":null,"('0180-S-2005', 1)":null,"('0180-S-2005', 2)":null,"('0180-S-2005', 3)":null},"('Firmantes', 'BLOQUE')":{"('0180-S-2005', 0)":null,"('0180-S-2005', 1)":null,"('0180-S-2005', 2)":null,"('0180-S-2005', 3)":null},"('Giros', 'COMISI\u00d3N')":{"('0180-S-2005', 0)":"PARLAMENTARIA MIXTA REVISORA DE CUENTAS","('0180-S-2005', 1)":null,"('0180-S-2005', 2)":null,"('0180-S-2005', 3)":null},"('Tramites', 'C\u00c1MARA')":{"('0180-S-2005', 0)":"Senado","('0180-S-2005', 1)":"Diputados","('0180-S-2005', 2)":"Diputados","('0180-S-2005', 3)":"Diputados"},"('Tramites', 'MOVIMIENTO')":{"('0180-S-2005', 0)":"CONSIDERACION Y APROBACION","('0180-S-2005', 1)":"PASA A DIPUTADOS -","('0180-S-2005', 2)":"CONSIDERACION Y APROBACION","('0180-S-2005', 3)":"CONTESTACION DEL PODER EJECUTIVO NACIONAL - JEFE DE GABINETE DE MINISTROS - GIRADO A LA COMISION RESPECTIVA"},"('Tramites', 'FECHA')":{"('0180-S-2005', 0)":"02\/11\/2005","('0180-S-2005', 1)":null,"('0180-S-2005', 2)":"15\/03\/2006","('0180-S-2005', 3)":"09\/05\/2007"},"('Tramites', 'RESULTADO')":{"('0180-S-2005', 0)":"APROBADO","('0180-S-2005', 1)":null,"('0180-S-2005', 2)":"APROBADO","('0180-S-2005', 3)":null},"Link":{"('0180-S-2005', 0)":"http:\/\/www.senado.gov.ar\/parlamentario\/comisiones\/verExp\/585.04\/OV\/PR","('0180-S-2005', 1)":null,"('0180-S-2005', 2)":null,"('0180-S-2005', 3)":null},"Palabra Clave":{"('0180-S-2005', 0)":" ","('0180-S-2005', 1)":null,"('0180-S-2005', 2)":null,"('0180-S-2005', 3)":null}}