{"Tipo de Proyecto":{"('0181-S-2005', 0)":"PROYECTO DE RESOLUCI\u00d3N","('0181-S-2005', 1)":null,"('0181-S-2005', 2)":null},"Iniciado en: ":{"('0181-S-2005', 0)":"Senado","('0181-S-2005', 1)":null,"('0181-S-2005', 2)":null},"Expediente Diputados: ":{"('0181-S-2005', 0)":"0181-S-2005","('0181-S-2005', 1)":null,"('0181-S-2005', 2)":null},"Expediente Senado: ":{"('0181-S-2005', 0)":"0639-OV-2004","('0181-S-2005', 1)":null,"('0181-S-2005', 2)":null},"Fecha: ":{"('0181-S-2005', 0)":"26\/09\/2005","('0181-S-2005', 1)":null,"('0181-S-2005', 2)":null},"T\u00edtulo":{"('0181-S-2005', 0)":"PEDIDO DE INFORMES AL PODER EJECUTIVO SOBRE RESOLUCION REMITIDA POR LA AUDITORIA GENERAL DE LA NACION REFERENTE A LOS ESTADOS FINANCIEROS AL 31 DE DICIEMBRE DE 2003, APOYO EN LA EJECUCION DEL PLAN PILOTO PARA LA IMPLEMENTACION DEL PROYECTO DE REFORMA DEL SECTOR SALUD (PRESSAL) EN LA CIUDAD DE BUENOS AIRES, PROYECTO PNUD ARG\/97\/018.","('0181-S-2005', 1)":null,"('0181-S-2005', 2)":null},"('Firmantes', 'FIRMANTE')":{"('0181-S-2005', 0)":"PARLAMENTARIA MIXTA REVISORA DE CUENTAS","('0181-S-2005', 1)":null,"('0181-S-2005', 2)":null},"('Firmantes', 'DISTRITO')":{"('0181-S-2005', 0)":null,"('0181-S-2005', 1)":null,"('0181-S-2005', 2)":null},"('Firmantes', 'BLOQUE')":{"('0181-S-2005', 0)":null,"('0181-S-2005', 1)":null,"('0181-S-2005', 2)":null},"('Giros', 'COMISI\u00d3N')":{"('0181-S-2005', 0)":"PARLAMENTARIA MIXTA REVISORA DE CUENTAS","('0181-S-2005', 1)":null,"('0181-S-2005', 2)":null},"('Tramites', 'C\u00c1MARA')":{"('0181-S-2005', 0)":"Senado","('0181-S-2005', 1)":"Diputados","('0181-S-2005', 2)":"Diputados"},"('Tramites', 'MOVIMIENTO')":{"('0181-S-2005', 0)":"CONSIDERACION Y APROBACION","('0181-S-2005', 1)":"PASA A DIPUTADOS -","('0181-S-2005', 2)":"CONSIDERACION Y APROBACION"},"('Tramites', 'FECHA')":{"('0181-S-2005', 0)":"02\/11\/2005","('0181-S-2005', 1)":null,"('0181-S-2005', 2)":"15\/03\/2006"},"('Tramites', 'RESULTADO')":{"('0181-S-2005', 0)":"APROBADO","('0181-S-2005', 1)":null,"('0181-S-2005', 2)":"APROBADO"},"Link":{"('0181-S-2005', 0)":"http:\/\/www.senado.gov.ar\/parlamentario\/comisiones\/verExp\/639.04\/OV\/PR","('0181-S-2005', 1)":null,"('0181-S-2005', 2)":null},"Palabra Clave":{"('0181-S-2005', 0)":" ","('0181-S-2005', 1)":null,"('0181-S-2005', 2)":null}}