{"Tipo de Proyecto":{"('0182-PE-2005', 0)":"MENSAJE NRO: 0647\/05","('0182-PE-2005', 1)":null},"Iniciado en: ":{"('0182-PE-2005', 0)":"Senado","('0182-PE-2005', 1)":null},"Expediente Senado: ":{"('0182-PE-2005', 0)":"0182-PE-2005","('0182-PE-2005', 1)":null},"Publicado en: ":{"('0182-PE-2005', 0)":"DAE S.A. N\u00b0 5","('0182-PE-2005', 1)":null},"Fecha: ":{"('0182-PE-2005', 0)":"16\/06\/2005","('0182-PE-2005', 1)":null},"T\u00edtulo":{"('0182-PE-2005', 0)":"SOLICITAR ACUERDO PARA DESIGNAR JUEZ DEL JUZGADO NACIONAL DE EJECUCION PENAL NUMERO 2 DE LA CAPITAL FEDERAL,  AL DOCTOR GUSTAVO JAVIER GONZALEZ FERRARI.","('0182-PE-2005', 1)":null},"('Firmantes', 'FIRMANTE')":{"('0182-PE-2005', 0)":"KIRCHNER, NESTOR CARLOS","('0182-PE-2005', 1)":"ROSATTI, HORACIO DANIEL"},"('Firmantes', 'DISTRITO')":{"('0182-PE-2005', 0)":null,"('0182-PE-2005', 1)":null},"('Firmantes', 'BLOQUE')":{"('0182-PE-2005', 0)":"PODER EJECUTIVO","('0182-PE-2005', 1)":"PODER EJECUTIVO"},"('Tramites', 'C\u00c1MARA')":{"('0182-PE-2005', 0)":"Senado","('0182-PE-2005', 1)":null},"('Tramites', 'MOVIMIENTO')":{"('0182-PE-2005', 0)":"CONSIDERACION Y APROBACION","('0182-PE-2005', 1)":null},"('Tramites', 'FECHA')":{"('0182-PE-2005', 0)":"17\/08\/2005","('0182-PE-2005', 1)":null},"('Tramites', 'RESULTADO')":{"('0182-PE-2005', 0)":"APROBADO","('0182-PE-2005', 1)":null},"Palabra Clave":{"('0182-PE-2005', 0)":" ","('0182-PE-2005', 1)":null}}