{"Tipo de Proyecto":{"('0183-PE-2005', 0)":"MENSAJE NRO: 0648\/05","('0183-PE-2005', 1)":null},"Iniciado en: ":{"('0183-PE-2005', 0)":"Senado","('0183-PE-2005', 1)":null},"Expediente Senado: ":{"('0183-PE-2005', 0)":"0183-PE-2005","('0183-PE-2005', 1)":null},"Publicado en: ":{"('0183-PE-2005', 0)":"DAE S.A. N\u00b0 5","('0183-PE-2005', 1)":null},"Fecha: ":{"('0183-PE-2005', 0)":"16\/06\/2005","('0183-PE-2005', 1)":null},"T\u00edtulo":{"('0183-PE-2005', 0)":"SOLICITAR ACUERDO PARA DESIGNAR JUEZ DEL JUZGADO NACIONAL DE PRIMERA INSTANCIA EN LO COMERCIAL NUMERO 4 DE LA CAPITAL FEDERAL, AL DOCTOR HECTOR HUGO VITALE.","('0183-PE-2005', 1)":null},"('Firmantes', 'FIRMANTE')":{"('0183-PE-2005', 0)":"KIRCHNER, NESTOR CARLOS","('0183-PE-2005', 1)":"ROSATTI, HORACIO DANIEL"},"('Firmantes', 'DISTRITO')":{"('0183-PE-2005', 0)":null,"('0183-PE-2005', 1)":null},"('Firmantes', 'BLOQUE')":{"('0183-PE-2005', 0)":"PODER EJECUTIVO","('0183-PE-2005', 1)":"PODER EJECUTIVO"},"('Tramites', 'C\u00c1MARA')":{"('0183-PE-2005', 0)":"Senado","('0183-PE-2005', 1)":null},"('Tramites', 'MOVIMIENTO')":{"('0183-PE-2005', 0)":"CONSIDERACION Y APROBACION","('0183-PE-2005', 1)":null},"('Tramites', 'FECHA')":{"('0183-PE-2005', 0)":"17\/08\/2005","('0183-PE-2005', 1)":null},"('Tramites', 'RESULTADO')":{"('0183-PE-2005', 0)":"APROBADO","('0183-PE-2005', 1)":null},"Palabra Clave":{"('0183-PE-2005', 0)":" ","('0183-PE-2005', 1)":null}}