{"Tipo de Proyecto":{"('0184-S-2005', 0)":"PROYECTO DE RESOLUCI\u00d3N","('0184-S-2005', 1)":null,"('0184-S-2005', 2)":null,"('0184-S-2005', 3)":null},"Iniciado en: ":{"('0184-S-2005', 0)":"Senado","('0184-S-2005', 1)":null,"('0184-S-2005', 2)":null,"('0184-S-2005', 3)":null},"Expediente Diputados: ":{"('0184-S-2005', 0)":"0184-S-2005","('0184-S-2005', 1)":null,"('0184-S-2005', 2)":null,"('0184-S-2005', 3)":null},"Expediente Senado: ":{"('0184-S-2005', 0)":"0643-OV-2004","('0184-S-2005', 1)":null,"('0184-S-2005', 2)":null,"('0184-S-2005', 3)":null},"Fecha: ":{"('0184-S-2005', 0)":"26\/09\/2005","('0184-S-2005', 1)":null,"('0184-S-2005', 2)":null,"('0184-S-2005', 3)":null},"T\u00edtulo":{"('0184-S-2005', 0)":"PEDIDO DE INFORMES AL PODER EJECUTIVO SOBRE RESOLUCION REMITIDA POR LA AUDITORIA GENERAL DE LA NACION REFERENTE A LOS ESTADOS FINANCIEROS AL 31 DE DICIEMBRE DE 2003 CORRESPONDIENTES AL PROYECTO DE PROTECCION CONTRA LAS INUNDACIONES - CONVENIOS DE PRESTAMO 4117-AR BIRF Y 03830 JEXIM.","('0184-S-2005', 1)":null,"('0184-S-2005', 2)":null,"('0184-S-2005', 3)":null},"('Firmantes', 'FIRMANTE')":{"('0184-S-2005', 0)":"PARLAMENTARIA MIXTA REVISORA DE CUENTAS","('0184-S-2005', 1)":null,"('0184-S-2005', 2)":null,"('0184-S-2005', 3)":null},"('Firmantes', 'DISTRITO')":{"('0184-S-2005', 0)":null,"('0184-S-2005', 1)":null,"('0184-S-2005', 2)":null,"('0184-S-2005', 3)":null},"('Firmantes', 'BLOQUE')":{"('0184-S-2005', 0)":null,"('0184-S-2005', 1)":null,"('0184-S-2005', 2)":null,"('0184-S-2005', 3)":null},"('Giros', 'COMISI\u00d3N')":{"('0184-S-2005', 0)":"PARLAMENTARIA MIXTA REVISORA DE CUENTAS","('0184-S-2005', 1)":null,"('0184-S-2005', 2)":null,"('0184-S-2005', 3)":null},"('Tramites', 'C\u00c1MARA')":{"('0184-S-2005', 0)":"Senado","('0184-S-2005', 1)":"Diputados","('0184-S-2005', 2)":"Diputados","('0184-S-2005', 3)":"Diputados"},"('Tramites', 'MOVIMIENTO')":{"('0184-S-2005', 0)":"CONSIDERACION Y APROBACION","('0184-S-2005', 1)":"PASA A DIPUTADOS -","('0184-S-2005', 2)":"CONSIDERACION Y APROBACION","('0184-S-2005', 3)":"CONTESTACION DEL PODER EJECUTIVO NACIONAL - JEFE DE GABINETE DE MINISTROS - GIRADO A LA COMISION RESPECTIVA"},"('Tramites', 'FECHA')":{"('0184-S-2005', 0)":"02\/11\/2005","('0184-S-2005', 1)":null,"('0184-S-2005', 2)":"15\/03\/2006","('0184-S-2005', 3)":"11\/03\/2009"},"('Tramites', 'RESULTADO')":{"('0184-S-2005', 0)":"APROBADO","('0184-S-2005', 1)":null,"('0184-S-2005', 2)":"APROBADO","('0184-S-2005', 3)":null},"Link":{"('0184-S-2005', 0)":"http:\/\/www.senado.gov.ar\/parlamentario\/comisiones\/verExp\/643.04\/OV\/PR","('0184-S-2005', 1)":null,"('0184-S-2005', 2)":null,"('0184-S-2005', 3)":null},"Palabra Clave":{"('0184-S-2005', 0)":" ","('0184-S-2005', 1)":null,"('0184-S-2005', 2)":null,"('0184-S-2005', 3)":null}}