{"Tipo de Proyecto":{"('0185-S-2005', 0)":"COMUNICACION"},"Iniciado en: ":{"('0185-S-2005', 0)":"Senado"},"Expediente Senado: ":{"('0185-S-2005', 0)":"0185-S-2005"},"Publicado en: ":{"('0185-S-2005', 0)":"Diario de Asuntos Entrados N\u00b0 9"},"Fecha: ":{"('0185-S-2005', 0)":"08\/03\/2005"},"T\u00edtulo":{"('0185-S-2005', 0)":"SOLICITAR AL PODER EJECUTIVO NACIONAL INSTRUYA A LA AFIP PARA DEROGAR LA RESOLUCION 1829\/05, SOBRE PRESENTACION DE DECLARACIONES JURADAS MENSUALES DEL IMPUESTO AL VALOR AGREGADO VIA INTERNET."},"('Firmantes', 'FIRMANTE')":{"('0185-S-2005', 0)":"CURLETTI, MIRIAM BELEN"},"('Firmantes', 'DISTRITO')":{"('0185-S-2005', 0)":"CHACO"},"('Firmantes', 'BLOQUE')":{"('0185-S-2005', 0)":"UCR"},"Link":{"('0185-S-2005', 0)":"http:\/\/www.senado.gov.ar\/parlamentario\/comisiones\/verExp\/185.05\/S\/PC"},"Palabra Clave":{"('0185-S-2005', 0)":" "}}