{"Tipo de Proyecto":{"('0185-PE-2005', 0)":"MENSAJE NRO: 0650\/05","('0185-PE-2005', 1)":null},"Iniciado en: ":{"('0185-PE-2005', 0)":"Senado","('0185-PE-2005', 1)":null},"Expediente Senado: ":{"('0185-PE-2005', 0)":"0185-PE-2005","('0185-PE-2005', 1)":null},"Publicado en: ":{"('0185-PE-2005', 0)":"DAE S.A. N\u00b0 5","('0185-PE-2005', 1)":null},"Fecha: ":{"('0185-PE-2005', 0)":"16\/06\/2005","('0185-PE-2005', 1)":null},"T\u00edtulo":{"('0185-PE-2005', 0)":"SOLICITAR ACUERDO PARA DESIGNAR JUEZ DEL JUZGADO NACIONAL DE PRIMERA INSTANCIA EN LO COMERCIAL N\u00b0 25 DE LA CAPITAL FEDERAL AL DOCTOR HORACIO FRANCISCO ROBLEDO.","('0185-PE-2005', 1)":null},"('Firmantes', 'FIRMANTE')":{"('0185-PE-2005', 0)":"KIRCHNER, NESTOR CARLOS","('0185-PE-2005', 1)":"ROSATTI, HORACIO DANIEL"},"('Firmantes', 'DISTRITO')":{"('0185-PE-2005', 0)":null,"('0185-PE-2005', 1)":null},"('Firmantes', 'BLOQUE')":{"('0185-PE-2005', 0)":"PODER EJECUTIVO","('0185-PE-2005', 1)":"PODER EJECUTIVO"},"('Tramites', 'C\u00c1MARA')":{"('0185-PE-2005', 0)":"Senado","('0185-PE-2005', 1)":null},"('Tramites', 'MOVIMIENTO')":{"('0185-PE-2005', 0)":"CONSIDERACION Y APROBACION","('0185-PE-2005', 1)":null},"('Tramites', 'FECHA')":{"('0185-PE-2005', 0)":"17\/08\/2005","('0185-PE-2005', 1)":null},"('Tramites', 'RESULTADO')":{"('0185-PE-2005', 0)":"APROBADO","('0185-PE-2005', 1)":null},"Palabra Clave":{"('0185-PE-2005', 0)":" ","('0185-PE-2005', 1)":null}}