{"Tipo de Proyecto":{"('0186-PE-2005', 0)":"MENSAJE NRO: 0651\/05","('0186-PE-2005', 1)":null},"Iniciado en: ":{"('0186-PE-2005', 0)":"Senado","('0186-PE-2005', 1)":null},"Expediente Senado: ":{"('0186-PE-2005', 0)":"0186-PE-2005","('0186-PE-2005', 1)":null},"Publicado en: ":{"('0186-PE-2005', 0)":"DAE S.A. N\u00b0 5","('0186-PE-2005', 1)":null},"Fecha: ":{"('0186-PE-2005', 0)":"16\/06\/2005","('0186-PE-2005', 1)":null},"T\u00edtulo":{"('0186-PE-2005', 0)":"SOLICITAR ACUERDO PARA DESIGNAR JUEZ DEL JUZGADO NACIONAL DE PRIMERA INSTANCIA EN LO COMERCIAL N\u00b0 6 DE LA CAPITAL FEDERAL A LA DOCTORA MARTA GRACIELA CIRULLI.","('0186-PE-2005', 1)":null},"('Firmantes', 'FIRMANTE')":{"('0186-PE-2005', 0)":"KIRCHNER, NESTOR CARLOS","('0186-PE-2005', 1)":"ROSATTI, HORACIO DANIEL"},"('Firmantes', 'DISTRITO')":{"('0186-PE-2005', 0)":null,"('0186-PE-2005', 1)":null},"('Firmantes', 'BLOQUE')":{"('0186-PE-2005', 0)":"PODER EJECUTIVO","('0186-PE-2005', 1)":"PODER EJECUTIVO"},"('Tramites', 'C\u00c1MARA')":{"('0186-PE-2005', 0)":"Senado","('0186-PE-2005', 1)":null},"('Tramites', 'MOVIMIENTO')":{"('0186-PE-2005', 0)":"CONSIDERACION Y APROBACION","('0186-PE-2005', 1)":null},"('Tramites', 'FECHA')":{"('0186-PE-2005', 0)":"17\/08\/2005","('0186-PE-2005', 1)":null},"('Tramites', 'RESULTADO')":{"('0186-PE-2005', 0)":"APROBADO","('0186-PE-2005', 1)":null},"Palabra Clave":{"('0186-PE-2005', 0)":" ","('0186-PE-2005', 1)":null}}