{"Tipo de Proyecto":{"('0186-S-2005', 0)":"PROYECTO DE LEY"},"Iniciado en: ":{"('0186-S-2005', 0)":"Senado"},"Expediente Senado: ":{"('0186-S-2005', 0)":"0186-S-2005"},"Publicado en: ":{"('0186-S-2005', 0)":"Diario de Asuntos Entrados N\u00b0 9"},"Fecha: ":{"('0186-S-2005', 0)":"08\/03\/2005"},"T\u00edtulo":{"('0186-S-2005', 0)":"MODIFICACION DEL CODIGO PENAL; Y MODIFICACION DE LA LEY 17671 DE IDENTIFICACION, REGISTRO Y CLASIFICACION DEL POTENCIAL HUMANO NACIONAL."},"('Firmantes', 'FIRMANTE')":{"('0186-S-2005', 0)":"JENEFES, GUILLERMO RAUL"},"('Firmantes', 'DISTRITO')":{"('0186-S-2005', 0)":"JUJUY"},"('Firmantes', 'BLOQUE')":{"('0186-S-2005', 0)":"JUSTICIALISTA"},"Sumario":{"('0186-S-2005', 0)":"MODIFICACION DE LOS ARTICULOS 292, 293 (DELITOS DE FALSIFICACION DE INSTRUMENTOS PUBLICOS). MODIFICACION DE LOS ARTICULOS 33 Y 34 DE LA LEY 17671, E INCORPORACION DEL ARTICULO 33 BIS."},"Palabra Clave":{"('0186-S-2005', 0)":" "}}