{"Tipo de Proyecto":{"('0189-S-2005', 0)":"PROYECTO DE LEY"},"Iniciado en: ":{"('0189-S-2005', 0)":"Senado"},"Expediente Senado: ":{"('0189-S-2005', 0)":"0189-S-2005"},"Publicado en: ":{"('0189-S-2005', 0)":"Diario de Asuntos Entrados N\u00b0 9"},"Fecha: ":{"('0189-S-2005', 0)":"08\/03\/2005"},"T\u00edtulo":{"('0189-S-2005', 0)":"NORMAS PARA LA COMERCIALIZACION DE SUPLEMENTOS DIETARIOS BEBIBLES QUE CONTENGAN CAFEINA O ESTIMULANTES."},"('Firmantes', 'FIRMANTE')":{"('0189-S-2005', 0)":"SAADI, RAMON EDUARDO"},"('Firmantes', 'DISTRITO')":{"('0189-S-2005', 0)":"CATAMARCA"},"('Firmantes', 'BLOQUE')":{"('0189-S-2005', 0)":"JUSTICIALISTA"},"('Tramites', 'C\u00c1MARA')":{"('0189-S-2005', 0)":"Senado"},"('Tramites', 'MOVIMIENTO')":{"('0189-S-2005', 0)":"AMPLIACION GIRO A LA COMISION DE LEGISLACION GENERAL"},"('Tramites', 'FECHA')":{"('0189-S-2005', 0)":"19\/04\/2006"},"('Tramites', 'RESULTADO')":{"('0189-S-2005', 0)":null},"Sumario":{"('0189-S-2005', 0)":"SE PROHIBE LA VENTA A MENORES DE 18 A\u00d1OS; MODIFICACION DEL INCISO 7 DEL ARTICULO 1381 DEL CODIGO ALIMENTARIO NACIONAL (INCORPORACION DE LEYENDAS PREVENTIVAS)."},"Palabra Clave":{"('0189-S-2005', 0)":" "}}