{"Tipo de Proyecto":{"('0190-PE-2005', 0)":"MENSAJE NRO: 0659\/05","('0190-PE-2005', 1)":null},"Iniciado en: ":{"('0190-PE-2005', 0)":"Senado","('0190-PE-2005', 1)":null},"Expediente Senado: ":{"('0190-PE-2005', 0)":"0190-PE-2005","('0190-PE-2005', 1)":null},"Publicado en: ":{"('0190-PE-2005', 0)":"DAE S.A. N\u00b0 5","('0190-PE-2005', 1)":null},"Fecha: ":{"('0190-PE-2005', 0)":"16\/06\/2005","('0190-PE-2005', 1)":null},"T\u00edtulo":{"('0190-PE-2005', 0)":"SOLICITAR ACUERDO PARA DESIGNAR FISCAL FEDERAL ANTE LOS JUZGADOS FEDERALES DE PRIMERA INSTANCIA DE MERCEDES, PROVINCIA DE BUENOS AIRES, AL DOCTOR CARLOS ALBERTO STAGNARO.","('0190-PE-2005', 1)":null},"('Firmantes', 'FIRMANTE')":{"('0190-PE-2005', 0)":"KIRCHNER, NESTOR CARLOS","('0190-PE-2005', 1)":"ROSATTI, HORACIO DANIEL"},"('Firmantes', 'DISTRITO')":{"('0190-PE-2005', 0)":null,"('0190-PE-2005', 1)":null},"('Firmantes', 'BLOQUE')":{"('0190-PE-2005', 0)":"PODER EJECUTIVO","('0190-PE-2005', 1)":"PODER EJECUTIVO"},"('Tramites', 'C\u00c1MARA')":{"('0190-PE-2005', 0)":"Senado","('0190-PE-2005', 1)":"Senado"},"('Tramites', 'MOVIMIENTO')":{"('0190-PE-2005', 0)":"MOCION SOBRE TABLAS (AFIRMATIVA)","('0190-PE-2005', 1)":"CONSIDERACION Y APROBACION"},"('Tramites', 'FECHA')":{"('0190-PE-2005', 0)":"07\/09\/2005","('0190-PE-2005', 1)":"07\/09\/2005"},"('Tramites', 'RESULTADO')":{"('0190-PE-2005', 0)":null,"('0190-PE-2005', 1)":"APROBADO"},"Palabra Clave":{"('0190-PE-2005', 0)":" ","('0190-PE-2005', 1)":null}}