{"Tipo de Proyecto":{"('0191-PE-2005', 0)":"MENSAJE NRO: 0660\/05","('0191-PE-2005', 1)":null},"Iniciado en: ":{"('0191-PE-2005', 0)":"Senado","('0191-PE-2005', 1)":null},"Expediente Senado: ":{"('0191-PE-2005', 0)":"0191-PE-2005","('0191-PE-2005', 1)":null},"Publicado en: ":{"('0191-PE-2005', 0)":"DAE S.A. N\u00b0 5","('0191-PE-2005', 1)":null},"Fecha: ":{"('0191-PE-2005', 0)":"16\/06\/2005","('0191-PE-2005', 1)":null},"T\u00edtulo":{"('0191-PE-2005', 0)":"SOLICITAR ACUERDO PARA DESIGNAR DEFENSOR PUBLICO OFICIAL ANTE LOS TRIBUNALES ORALES EN LO CRIMINAL FEDERAL DE LA PLATA, PROVINCIA DE BUENOS AIRES, AL DOCTOR SANTIAGO MARINO AGUIRRE.","('0191-PE-2005', 1)":null},"('Firmantes', 'FIRMANTE')":{"('0191-PE-2005', 0)":"KIRCHNER, NESTOR CARLOS","('0191-PE-2005', 1)":"ROSATTI, HORACIO DANIEL"},"('Firmantes', 'DISTRITO')":{"('0191-PE-2005', 0)":null,"('0191-PE-2005', 1)":null},"('Firmantes', 'BLOQUE')":{"('0191-PE-2005', 0)":"PODER EJECUTIVO","('0191-PE-2005', 1)":"PODER EJECUTIVO"},"('Tramites', 'C\u00c1MARA')":{"('0191-PE-2005', 0)":"Senado","('0191-PE-2005', 1)":"Senado"},"('Tramites', 'MOVIMIENTO')":{"('0191-PE-2005', 0)":"MOCION SOBRE TABLAS (AFIRMATIVA)","('0191-PE-2005', 1)":"CONSIDERACION Y APROBACION"},"('Tramites', 'FECHA')":{"('0191-PE-2005', 0)":"07\/09\/2005","('0191-PE-2005', 1)":"07\/09\/2005"},"('Tramites', 'RESULTADO')":{"('0191-PE-2005', 0)":null,"('0191-PE-2005', 1)":"APROBADO"},"Palabra Clave":{"('0191-PE-2005', 0)":" ","('0191-PE-2005', 1)":null}}