{"Tipo de Proyecto":{"('0191-S-2005', 0)":"PROYECTO DE DECLARACI\u00d3N","('0191-S-2005', 1)":null},"Iniciado en: ":{"('0191-S-2005', 0)":"Senado","('0191-S-2005', 1)":null},"Expediente Senado: ":{"('0191-S-2005', 0)":"0191-S-2005","('0191-S-2005', 1)":null},"Publicado en: ":{"('0191-S-2005', 0)":"Diario de Asuntos Entrados N\u00b0 9","('0191-S-2005', 1)":null},"Fecha: ":{"('0191-S-2005', 0)":"08\/03\/2005","('0191-S-2005', 1)":null},"T\u00edtulo":{"('0191-S-2005', 0)":"EXPRESAR BENEPLACITO POR EL PREMIO FUNDACION EXPORT - AR 2004 OTORGADO A EMPRESAS DE LA PROVINCIA DE SANTA FE.","('0191-S-2005', 1)":null},"('Firmantes', 'FIRMANTE')":{"('0191-S-2005', 0)":"REUTEMANN, CARLOS ALBERTO","('0191-S-2005', 1)":"LATORRE, ROXANA"},"('Firmantes', 'DISTRITO')":{"('0191-S-2005', 0)":"SANTA FE","('0191-S-2005', 1)":"SANTA FE"},"('Firmantes', 'BLOQUE')":{"('0191-S-2005', 0)":"JUSTICIALISTA","('0191-S-2005', 1)":"JUSTICIALISTA"},"('Tramites', 'C\u00c1MARA')":{"('0191-S-2005', 0)":"Senado","('0191-S-2005', 1)":null},"('Tramites', 'MOVIMIENTO')":{"('0191-S-2005', 0)":"CONSIDERACION Y APROBACION","('0191-S-2005', 1)":null},"('Tramites', 'FECHA')":{"('0191-S-2005', 0)":"18\/05\/2005","('0191-S-2005', 1)":null},"('Tramites', 'RESULTADO')":{"('0191-S-2005', 0)":"APROBADO","('0191-S-2005', 1)":null},"Link":{"('0191-S-2005', 0)":"http:\/\/www.senado.gov.ar\/parlamentario\/comisiones\/verExp\/191.05\/S\/PD","('0191-S-2005', 1)":null},"Palabra Clave":{"('0191-S-2005', 0)":" ","('0191-S-2005', 1)":null}}