{"Tipo de Proyecto":{"('0192-S-2005', 0)":"PROYECTO DE DECLARACI\u00d3N","('0192-S-2005', 1)":null},"Iniciado en: ":{"('0192-S-2005', 0)":"Senado","('0192-S-2005', 1)":null},"Expediente Senado: ":{"('0192-S-2005', 0)":"0192-S-2005","('0192-S-2005', 1)":null},"Publicado en: ":{"('0192-S-2005', 0)":"Diario de Asuntos Entrados N\u00b0 9","('0192-S-2005', 1)":null},"Fecha: ":{"('0192-S-2005', 0)":"08\/03\/2005","('0192-S-2005', 1)":null},"T\u00edtulo":{"('0192-S-2005', 0)":"EXPRESAR ADHESION A LA CONMEMORACION DEL DIA INTERNACIONAL DE LA MUJER.","('0192-S-2005', 1)":null},"('Firmantes', 'FIRMANTE')":{"('0192-S-2005', 0)":"ROSSI, CARLOS ALBERTO","('0192-S-2005', 1)":null},"('Firmantes', 'DISTRITO')":{"('0192-S-2005', 0)":"CORDOBA","('0192-S-2005', 1)":null},"('Firmantes', 'BLOQUE')":{"('0192-S-2005', 0)":"VECINALISTA - PARTIDO NUEVO","('0192-S-2005', 1)":null},"('Tramites', 'C\u00c1MARA')":{"('0192-S-2005', 0)":"Senado","('0192-S-2005', 1)":"Senado"},"('Tramites', 'MOVIMIENTO')":{"('0192-S-2005', 0)":"MOCION SOBRE TABLAS (AFIRMATIVA) CONJUNTAMENTE PARA LOS EXPEDIENTES 4476-S-2004, 4513-S-2004, 0045-S-2005, 0106-S-2005, 0080-S-2005, 0119-S-2005, 0120-S-2005, 0122-S-2005, 0127-S-2005, 0136-S-2005, 0168-S-2005, 0173-S-2005, 0174-S-2005, 0203-S-2005, 0205-S-2005, 0214-S-2005, 0188-S-2005 y 0192-S-2005","('0192-S-2005', 1)":"CONSIDERACION Y APROBACION (TEXTO UNIFICADO) CONJUNTAMENTE PARA LOS EXPEDIENTES 4476-S-2004, 4513-S-2004, 0045-S-2005, 0106-S-2005, 0080-S-2005, 0119-S-2005, 0120-S-2005, 0122-S-2005, 0127-S-2005, 0136-S-2005, 0168-S-2005, 0173-S-2005, 0174-S-2005, 0203-S-2005, 0205-S-2005, 0214-S-2005, 0188-S-2005 y 0192-S-2005"},"('Tramites', 'FECHA')":{"('0192-S-2005', 0)":"09\/03\/2005","('0192-S-2005', 1)":"09\/03\/2005"},"('Tramites', 'RESULTADO')":{"('0192-S-2005', 0)":null,"('0192-S-2005', 1)":"APROBADO"},"Link":{"('0192-S-2005', 0)":"http:\/\/www.senado.gov.ar\/parlamentario\/comisiones\/verExp\/192.05\/S\/PD","('0192-S-2005', 1)":null},"Palabra Clave":{"('0192-S-2005', 0)":" ","('0192-S-2005', 1)":null}}