{"Tipo de Proyecto":{"('0193-PE-2005', 0)":"MENSAJE NRO: 0662\/05","('0193-PE-2005', 1)":null},"Iniciado en: ":{"('0193-PE-2005', 0)":"Senado","('0193-PE-2005', 1)":null},"Expediente Senado: ":{"('0193-PE-2005', 0)":"0193-PE-2005","('0193-PE-2005', 1)":null},"Publicado en: ":{"('0193-PE-2005', 0)":"DAE S.A. N\u00b0 5","('0193-PE-2005', 1)":null},"Fecha: ":{"('0193-PE-2005', 0)":"16\/06\/2005","('0193-PE-2005', 1)":null},"T\u00edtulo":{"('0193-PE-2005', 0)":"SOLICITAR ACUERDO PARA DESIGNAR JUEZ DE CAMARA EN EL TRIBUNAL ORAL EN LO CRIMINAL N\u00b0 13 DE LA CAPITAL FEDERAL, AL DOCTOR DIEGO LEIF GUARDIA.","('0193-PE-2005', 1)":null},"('Firmantes', 'FIRMANTE')":{"('0193-PE-2005', 0)":"KIRCHNER, NESTOR CARLOS","('0193-PE-2005', 1)":"ROSATTI, HORACIO DANIEL"},"('Firmantes', 'DISTRITO')":{"('0193-PE-2005', 0)":null,"('0193-PE-2005', 1)":null},"('Firmantes', 'BLOQUE')":{"('0193-PE-2005', 0)":"PODER EJECUTIVO","('0193-PE-2005', 1)":"PODER EJECUTIVO"},"('Tramites', 'C\u00c1MARA')":{"('0193-PE-2005', 0)":"Senado","('0193-PE-2005', 1)":null},"('Tramites', 'MOVIMIENTO')":{"('0193-PE-2005', 0)":"CONSIDERACION Y APROBACION","('0193-PE-2005', 1)":null},"('Tramites', 'FECHA')":{"('0193-PE-2005', 0)":"25\/08\/2005","('0193-PE-2005', 1)":null},"('Tramites', 'RESULTADO')":{"('0193-PE-2005', 0)":"APROBADO","('0193-PE-2005', 1)":null},"Palabra Clave":{"('0193-PE-2005', 0)":" ","('0193-PE-2005', 1)":null}}