{"Tipo de Proyecto":{"('0193-S-2005', 0)":"PROYECTO DE RESOLUCI\u00d3N","('0193-S-2005', 1)":null,"('0193-S-2005', 2)":null,"('0193-S-2005', 3)":null},"Iniciado en: ":{"('0193-S-2005', 0)":"Senado","('0193-S-2005', 1)":null,"('0193-S-2005', 2)":null,"('0193-S-2005', 3)":null},"Expediente Diputados: ":{"('0193-S-2005', 0)":"0193-S-2005","('0193-S-2005', 1)":null,"('0193-S-2005', 2)":null,"('0193-S-2005', 3)":null},"Expediente Senado: ":{"('0193-S-2005', 0)":"0240-OVD-2004","('0193-S-2005', 1)":null,"('0193-S-2005', 2)":null,"('0193-S-2005', 3)":null},"Fecha: ":{"('0193-S-2005', 0)":"03\/10\/2005","('0193-S-2005', 1)":null,"('0193-S-2005', 2)":null,"('0193-S-2005', 3)":null},"T\u00edtulo":{"('0193-S-2005', 0)":"PEDIDO DE INFORMES AL PODER EJECUTIVO SOBRE: RESPUESTAS REMITIDAS POR LA JEFATURA DE GABINETE DE MINISTROS EN RELACION A LAS RESOLUCIONES APROBADAS POR LA H CAMARA - 0109-OV-03 Y 0326-S-03 - SOBRE LAS MEDIDAS ADOPTADAS A FIN DE REGULARIZAR LAS SITUACIONES OBSERVADAS POR LA AUDITORIA GENERAL DE LA NACION CON MOTIVO DEL EXAMEN SOBRE LOS ESTADOS FINANCIEROS AL 31 DE DICIEMBRE DE 2000 Y 31 DE DICIEMBRE DE 2001 CORRESPONDIENTES AL PROYECTO DE REESTRUCTURACION EMPRESARIAL (0240-OVD-04), Y SOBRE LAS MEDIDAS ADOPTADAS A SIN DE REGULARIZAR LAS SITUACIONES OBSERVADA POR LA AGN EN SUS INFORMES RELACIONADOS CON LOS ESTADOS FINANCIEROS AL 31 DE DICIEMBRE DE 2001 DEL PROGRAMA DE APOYO DE REESTRUCTURACION EMPRESARIAL - CONTRATO DE PRESTAMO 989\/OC-AR BID (1036-OVD-04), RESPECTIVAMENTE;  RESOLUCIONES REMITIDAS POR LA AUDITORIA GENERAL DE LA NACION SOBRE LOS ESTADOS FINANCIEROS AL 31 DE DICIEMBRE DE 2002 (0683-OV-03 Y 0684-OV-03) Y 31 DE DICIEMBRE DE 2003 (0429-OV-04 Y 0456-OV-04) EN EL AMBITO DEL PROGRAMA DE APOYO A LA REESTRUCTURACION EMPRESARIAL CP 989\/OC-AR BID.\n","('0193-S-2005', 1)":null,"('0193-S-2005', 2)":null,"('0193-S-2005', 3)":null},"('Firmantes', 'FIRMANTE')":{"('0193-S-2005', 0)":"PARLAMENTARIA MIXTA REVISORA DE CUENTAS","('0193-S-2005', 1)":null,"('0193-S-2005', 2)":null,"('0193-S-2005', 3)":null},"('Firmantes', 'DISTRITO')":{"('0193-S-2005', 0)":null,"('0193-S-2005', 1)":null,"('0193-S-2005', 2)":null,"('0193-S-2005', 3)":null},"('Firmantes', 'BLOQUE')":{"('0193-S-2005', 0)":null,"('0193-S-2005', 1)":null,"('0193-S-2005', 2)":null,"('0193-S-2005', 3)":null},"('Giros', 'COMISI\u00d3N')":{"('0193-S-2005', 0)":"PARLAMENTARIA MIXTA REVISORA DE CUENTAS","('0193-S-2005', 1)":null,"('0193-S-2005', 2)":null,"('0193-S-2005', 3)":null},"('Tramites', 'C\u00c1MARA')":{"('0193-S-2005', 0)":"Senado","('0193-S-2005', 1)":"Diputados","('0193-S-2005', 2)":"Diputados","('0193-S-2005', 3)":"Diputados"},"('Tramites', 'MOVIMIENTO')":{"('0193-S-2005', 0)":"CONSIDERACION Y APROBACION","('0193-S-2005', 1)":"PASA A DIPUTADOS -","('0193-S-2005', 2)":"CONSIDERACION Y APROBACION","('0193-S-2005', 3)":"CONTESTACION DEL PODER EJECUTIVO NACIONAL - JEFE DE GABINETE DE MINISTROS - GIRADO A LA COMISION RESPECTIVA"},"('Tramites', 'FECHA')":{"('0193-S-2005', 0)":"02\/11\/2005","('0193-S-2005', 1)":null,"('0193-S-2005', 2)":"15\/03\/2006","('0193-S-2005', 3)":"11\/03\/2009"},"('Tramites', 'RESULTADO')":{"('0193-S-2005', 0)":"APROBADO","('0193-S-2005', 1)":null,"('0193-S-2005', 2)":"APROBADO","('0193-S-2005', 3)":null},"Link":{"('0193-S-2005', 0)":"http:\/\/www.senado.gov.ar\/parlamentario\/comisiones\/verExp\/240.04\/OVD\/PR","('0193-S-2005', 1)":null,"('0193-S-2005', 2)":null,"('0193-S-2005', 3)":null},"Palabra Clave":{"('0193-S-2005', 0)":" ","('0193-S-2005', 1)":null,"('0193-S-2005', 2)":null,"('0193-S-2005', 3)":null}}