{"Tipo de Proyecto":{"('0194-PE-2005', 0)":"MENSAJE NRO: 0663\/05","('0194-PE-2005', 1)":null},"Iniciado en: ":{"('0194-PE-2005', 0)":"Senado","('0194-PE-2005', 1)":null},"Expediente Senado: ":{"('0194-PE-2005', 0)":"0194-PE-2005","('0194-PE-2005', 1)":null},"Publicado en: ":{"('0194-PE-2005', 0)":"DAE S.A. N\u00b0 5","('0194-PE-2005', 1)":null},"Fecha: ":{"('0194-PE-2005', 0)":"16\/06\/2005","('0194-PE-2005', 1)":null},"T\u00edtulo":{"('0194-PE-2005', 0)":"SOLICITAR ACUERDO PARA DESIGNAR JUEZ DE CAMARA EN EL TRIBUNAL ORAL EN LO CRIMINAL N\u00b0 7 DE LA CAPITAL FEDERAL, AL DOCTOR JUAN FACUNDO GIUDICE BRAVO.","('0194-PE-2005', 1)":null},"('Firmantes', 'FIRMANTE')":{"('0194-PE-2005', 0)":"KIRCHNER, NESTOR CARLOS","('0194-PE-2005', 1)":"ROSATTI, HORACIO DANIEL"},"('Firmantes', 'DISTRITO')":{"('0194-PE-2005', 0)":null,"('0194-PE-2005', 1)":null},"('Firmantes', 'BLOQUE')":{"('0194-PE-2005', 0)":"PODER EJECUTIVO","('0194-PE-2005', 1)":"PODER EJECUTIVO"},"('Tramites', 'C\u00c1MARA')":{"('0194-PE-2005', 0)":"Senado","('0194-PE-2005', 1)":null},"('Tramites', 'MOVIMIENTO')":{"('0194-PE-2005', 0)":"CONSIDERACION Y APROBACION","('0194-PE-2005', 1)":null},"('Tramites', 'FECHA')":{"('0194-PE-2005', 0)":"25\/08\/2005","('0194-PE-2005', 1)":null},"('Tramites', 'RESULTADO')":{"('0194-PE-2005', 0)":"APROBADO","('0194-PE-2005', 1)":null},"Palabra Clave":{"('0194-PE-2005', 0)":" ","('0194-PE-2005', 1)":null}}