{"Tipo de Proyecto":{"('0196-S-2005', 0)":"PROYECTO DE RESOLUCI\u00d3N","('0196-S-2005', 1)":null,"('0196-S-2005', 2)":null,"('0196-S-2005', 3)":null},"Iniciado en: ":{"('0196-S-2005', 0)":"Senado","('0196-S-2005', 1)":null,"('0196-S-2005', 2)":null,"('0196-S-2005', 3)":null},"Expediente Diputados: ":{"('0196-S-2005', 0)":"0196-S-2005","('0196-S-2005', 1)":null,"('0196-S-2005', 2)":null,"('0196-S-2005', 3)":null},"Expediente Senado: ":{"('0196-S-2005', 0)":"0072-OV-2004","('0196-S-2005', 1)":null,"('0196-S-2005', 2)":null,"('0196-S-2005', 3)":null},"Fecha: ":{"('0196-S-2005', 0)":"03\/10\/2005","('0196-S-2005', 1)":null,"('0196-S-2005', 2)":null,"('0196-S-2005', 3)":null},"T\u00edtulo":{"('0196-S-2005', 0)":"PEDIDO DE INFORMES AL PODER EJECUTIVO SOBRE RESOLUCIONES REMITIDAS POR LA AUDITORIA GENERAL DE LA NACION REFERENTES A LOS ESTADOS FINANCIEROS AL 31 DE DICIEMBRE DE 2002 (0072-OV-04) Y 31 DE DICIEMBRE DE 2003 (0040-OV-05) CORRESPONDIENTES AL II PROGRAMA MATERNO INFANTIL Y NUTRICION (PROMIN II) - CONVENIO DE PRESTAMO 4164-AR BIRF.","('0196-S-2005', 1)":null,"('0196-S-2005', 2)":null,"('0196-S-2005', 3)":null},"('Firmantes', 'FIRMANTE')":{"('0196-S-2005', 0)":"PARLAMENTARIA MIXTA REVISORA DE CUENTAS","('0196-S-2005', 1)":null,"('0196-S-2005', 2)":null,"('0196-S-2005', 3)":null},"('Firmantes', 'DISTRITO')":{"('0196-S-2005', 0)":null,"('0196-S-2005', 1)":null,"('0196-S-2005', 2)":null,"('0196-S-2005', 3)":null},"('Firmantes', 'BLOQUE')":{"('0196-S-2005', 0)":null,"('0196-S-2005', 1)":null,"('0196-S-2005', 2)":null,"('0196-S-2005', 3)":null},"('Giros', 'COMISI\u00d3N')":{"('0196-S-2005', 0)":"PARLAMENTARIA MIXTA REVISORA DE CUENTAS","('0196-S-2005', 1)":null,"('0196-S-2005', 2)":null,"('0196-S-2005', 3)":null},"('Tramites', 'C\u00c1MARA')":{"('0196-S-2005', 0)":"Senado","('0196-S-2005', 1)":"Diputados","('0196-S-2005', 2)":"Diputados","('0196-S-2005', 3)":"Diputados"},"('Tramites', 'MOVIMIENTO')":{"('0196-S-2005', 0)":"CONSIDERACION Y APROBACION","('0196-S-2005', 1)":"PASA A DIPUTADOS -","('0196-S-2005', 2)":"CONSIDERACION Y APROBACION","('0196-S-2005', 3)":"CONTESTACION DEL PODER EJECUTIVO NACIONAL - JEFE DE GABINETE DE MINISTROS - GIRADO A LA COMISION RESPECTIVA"},"('Tramites', 'FECHA')":{"('0196-S-2005', 0)":"02\/11\/2005","('0196-S-2005', 1)":null,"('0196-S-2005', 2)":"15\/03\/2006","('0196-S-2005', 3)":"06\/09\/2006"},"('Tramites', 'RESULTADO')":{"('0196-S-2005', 0)":"APROBADO","('0196-S-2005', 1)":null,"('0196-S-2005', 2)":"APROBADO","('0196-S-2005', 3)":null},"Link":{"('0196-S-2005', 0)":"http:\/\/www.senado.gov.ar\/parlamentario\/comisiones\/verExp\/72.04\/OV\/PR","('0196-S-2005', 1)":null,"('0196-S-2005', 2)":null,"('0196-S-2005', 3)":null},"Palabra Clave":{"('0196-S-2005', 0)":" ","('0196-S-2005', 1)":null,"('0196-S-2005', 2)":null,"('0196-S-2005', 3)":null}}