{"Tipo de Proyecto":{"('0198-S-2005', 0)":"PROYECTO DE RESOLUCI\u00d3N","('0198-S-2005', 1)":null,"('0198-S-2005', 2)":null},"Iniciado en: ":{"('0198-S-2005', 0)":"Senado","('0198-S-2005', 1)":null,"('0198-S-2005', 2)":null},"Expediente Diputados: ":{"('0198-S-2005', 0)":"0198-S-2005","('0198-S-2005', 1)":null,"('0198-S-2005', 2)":null},"Expediente Senado: ":{"('0198-S-2005', 0)":"1513-OVD-1998","('0198-S-2005', 1)":null,"('0198-S-2005', 2)":null},"Fecha: ":{"('0198-S-2005', 0)":"06\/10\/2005","('0198-S-2005', 1)":null,"('0198-S-2005', 2)":null},"T\u00edtulo":{"('0198-S-2005', 0)":"PEDIDO DE INFORMES AL PODER EJECUTIVO SOBRE: JEFATURA DE GABINETE DE MINISTROS REMITE RESPUESTA ENVIADA POR EL MINISTERIO DE ECONOMIA Y OBRAS Y SERVICIOS PUBLICOS EN RELACION A LA RESOLUCION APROBADA POR EL H SENADO Y LA H CAMARA DE DIPUTADOS (0054-S-98) SOBRE LAS RESPONSABILIDADES EMERGENTES DE LOS HECHOS PUESTOS DE MANIFIESTO POR LA AUDITORIA GENERAL DE LA NACION RESPECTO DE LA CONCESION DE LA TERMINAL PORTUARIA DE PUERTO NUEVO 6 (1513-OVD-98); JGM REMITE RESPUESTA EN RELACION A LA RESOLUCION APROBADA POR LA H CAMARA (0058-S-00) SOBRE LA NECESIDAD DE ADOPTAR MEDIDAS PARA REGULARIZAR LAS GRAVES SITUACIONES OBSERVADAS POR LA AGN RESPECTO AL FUNCIONAMIENTO Y CONTROL DE LA EMPRESA TERMINALES RIO DE LA PLATA SA, CONCESIONARIO DE LAS TERMINALES PORTUARIAS 1 Y 2 DEL PUERTO NUEVO DE LA CIUDAD DE BUENOS AIRES (0194-OVD-01); JGM REMITE RESPUESTA EN RELACION A LA RESOLUCION APROBADA POR LA H CAMARA (0089-S-00) SOBRE LAS MEDIDAS PARA REGULARIZAR LAS GRAVES SITUACIONES OBSERVADAS POR LA AGN RESPECTO AL FUNCIONAMIENTO Y CONTROL DE LA TERMINAL PORTUARIA 5 DE LA CABA, ASEGURANDOSE SU CORRECTA OPERACION (0274-OVD-03); JGM REMITE RESPUESTA EN RELACION A LA RESOLUCION APROBADA POR LA H CAMARA (0159-S-02) SOBRE LAS MEDIDAS ADOPTADAS PARA ADECUAR LOS ASPECTOS OBSERVADOS POR LA AGN EN SU ANALISIS DEL CUMPLIMIENTO DE LAS OBLIGACIONES CONTRACTUALES EN LA CONCESION DE LA TERMINAL 5 DEL PUERTO NUEVO DE LA CABA A LO PREVISTO POR LA NORMATIVA LEGAL CORRESPONDIENTE, DETERMINAR PERJUICIO FISCAL E INDIVIDUALIZAR A LOS RESPONSABLES, Y LA ADOPCION DE MEDIDAS LEGALES PARA EFECTIVIZAR RESPONSABILIDADES (0257-OVD-04); AGN COMUNICA RESOLUCION 82\/04 (0286-OV-04) Y DESCARGO EN RELACION A LA MISMA (0287-OV-04) SOBRE UN INFORME REFERIDO A VERIFICAR EL CUMPLIMIENTO DE LAS OBLIGACIONES CONTRACTUALES EN LA TERMINAL 3; AGN COMUNICA RESOLUCION 2\/05 (0007-OV-05) SOBRE EL CUMPLIMIENTO DE LAS OBLIGACIONES QUE SURGEN DEL CONTRATO DE CONCESION DE LAS TERMINALES PORTUARIAS 1 Y 2, Y DESCARGO EN RELACION A LA MISMA (0008-OV-05); CONTROL DE GESTION DE LOS CONTRATOS POR PERMISO DE USO (0075-OV-05); JGM REMITE RESPUESTA EN RELACION A LA RESOLUCION APROBADA POR LA H CAMARA (0081-S-04) SOBRE LAS MEDIDAS PARA ADECUAR LA DOCUMENTACION CONTABLE DE LA ADMINISTRACION GENERAL DE PUERTOS SOCIEDAD DEL ESTADO EN LIQUIDACION, A LA RESPECTIVA NORMATIVA LEGAL Y TECNICO-CONTABLE, Y DETERMINAR Y EFECTIVIZAR RESPONSABILIDADES (1200-OVD-04); CONVENIO ENTRE LA AGN Y LA AGPSE CON EL OBJETO DE LLEVAR A CABO EL PROGRAMA DE ASISTENCIA PARA LA IMPLEMENTACION DE PROCEDIMIENTOS DE CONTROL DEL CONTRATO DE CONCESION DE LAS TERMINALES PORTUARIAS, EN EL AMBITO DE LA ADMINISTRACION GENERAL DE PUERTOS SOCIEDAD DEL ESTADO (0011-OV-05).","('0198-S-2005', 1)":null,"('0198-S-2005', 2)":null},"('Firmantes', 'FIRMANTE')":{"('0198-S-2005', 0)":"PARLAMENTARIA MIXTA REVISORA DE CUENTAS","('0198-S-2005', 1)":null,"('0198-S-2005', 2)":null},"('Firmantes', 'DISTRITO')":{"('0198-S-2005', 0)":null,"('0198-S-2005', 1)":null,"('0198-S-2005', 2)":null},"('Firmantes', 'BLOQUE')":{"('0198-S-2005', 0)":null,"('0198-S-2005', 1)":null,"('0198-S-2005', 2)":null},"('Giros', 'COMISI\u00d3N')":{"('0198-S-2005', 0)":"PARLAMENTARIA MIXTA REVISORA DE CUENTAS","('0198-S-2005', 1)":null,"('0198-S-2005', 2)":null},"('Tramites', 'C\u00c1MARA')":{"('0198-S-2005', 0)":"Senado","('0198-S-2005', 1)":"Diputados","('0198-S-2005', 2)":"Diputados"},"('Tramites', 'MOVIMIENTO')":{"('0198-S-2005', 0)":"CONSIDERACION Y APROBACION","('0198-S-2005', 1)":"PASA A DIPUTADOS -","('0198-S-2005', 2)":"CONSIDERACION Y APROBACION"},"('Tramites', 'FECHA')":{"('0198-S-2005', 0)":"02\/11\/2005","('0198-S-2005', 1)":null,"('0198-S-2005', 2)":"15\/03\/2006"},"('Tramites', 'RESULTADO')":{"('0198-S-2005', 0)":"APROBADO","('0198-S-2005', 1)":null,"('0198-S-2005', 2)":"APROBADO"},"Link":{"('0198-S-2005', 0)":"http:\/\/www.senado.gov.ar\/parlamentario\/comisiones\/verExp\/1513.98\/OVD\/PR","('0198-S-2005', 1)":null,"('0198-S-2005', 2)":null},"Palabra Clave":{"('0198-S-2005', 0)":" ","('0198-S-2005', 1)":null,"('0198-S-2005', 2)":null}}