{"Tipo de Proyecto":{"('0198-PE-2005', 0)":"MENSAJE NRO: 0667\/05","('0198-PE-2005', 1)":null},"Iniciado en: ":{"('0198-PE-2005', 0)":"Senado","('0198-PE-2005', 1)":null},"Expediente Senado: ":{"('0198-PE-2005', 0)":"0198-PE-2005","('0198-PE-2005', 1)":null},"Publicado en: ":{"('0198-PE-2005', 0)":"DAE S.A. N\u00b0 5","('0198-PE-2005', 1)":null},"Fecha: ":{"('0198-PE-2005', 0)":"16\/06\/2005","('0198-PE-2005', 1)":null},"T\u00edtulo":{"('0198-PE-2005', 0)":"SOLICITAR ACUERDO PARA DESIGNAR JUEZ DE CAMARA EN EL TRIBUNAL ORAL EN LO CRIMINAL NUMERO 13 DE LA CAPITAL FEDERAL, AL DOCTOR ENRIQUE JOSE GAMBOA.","('0198-PE-2005', 1)":null},"('Firmantes', 'FIRMANTE')":{"('0198-PE-2005', 0)":"KIRCHNER, NESTOR CARLOS","('0198-PE-2005', 1)":"ROSATTI, HORACIO DANIEL"},"('Firmantes', 'DISTRITO')":{"('0198-PE-2005', 0)":null,"('0198-PE-2005', 1)":null},"('Firmantes', 'BLOQUE')":{"('0198-PE-2005', 0)":"PODER EJECUTIVO","('0198-PE-2005', 1)":"PODER EJECUTIVO"},"('Tramites', 'C\u00c1MARA')":{"('0198-PE-2005', 0)":"Senado","('0198-PE-2005', 1)":null},"('Tramites', 'MOVIMIENTO')":{"('0198-PE-2005', 0)":"CONSIDERACION Y APROBACION","('0198-PE-2005', 1)":null},"('Tramites', 'FECHA')":{"('0198-PE-2005', 0)":"25\/08\/2005","('0198-PE-2005', 1)":null},"('Tramites', 'RESULTADO')":{"('0198-PE-2005', 0)":"APROBADO","('0198-PE-2005', 1)":null},"Palabra Clave":{"('0198-PE-2005', 0)":" ","('0198-PE-2005', 1)":null}}