{"Tipo de Proyecto":{"('0199-PE-2005', 0)":"MENSAJE NRO: 0668\/05","('0199-PE-2005', 1)":null},"Iniciado en: ":{"('0199-PE-2005', 0)":"Senado","('0199-PE-2005', 1)":null},"Expediente Senado: ":{"('0199-PE-2005', 0)":"0199-PE-2005","('0199-PE-2005', 1)":null},"Publicado en: ":{"('0199-PE-2005', 0)":"DAE S.A. N\u00b0 5","('0199-PE-2005', 1)":null},"Fecha: ":{"('0199-PE-2005', 0)":"16\/06\/2005","('0199-PE-2005', 1)":null},"T\u00edtulo":{"('0199-PE-2005', 0)":"SOLICITAR ACUERDO PARA DESIGNAR JUEZ DE CAMARA EN EL TRIBUNAL ORAL EN LO CRIMINAL N\u00b0 30 DE LA CAPITAL FEDERAL A LA DOCTORA MARCELA MONICA RODRIGUEZ.","('0199-PE-2005', 1)":null},"('Firmantes', 'FIRMANTE')":{"('0199-PE-2005', 0)":"KIRCHNER, NESTOR CARLOS","('0199-PE-2005', 1)":"ROSATTI, HORACIO DANIEL"},"('Firmantes', 'DISTRITO')":{"('0199-PE-2005', 0)":null,"('0199-PE-2005', 1)":null},"('Firmantes', 'BLOQUE')":{"('0199-PE-2005', 0)":"PODER EJECUTIVO","('0199-PE-2005', 1)":"PODER EJECUTIVO"},"('Tramites', 'C\u00c1MARA')":{"('0199-PE-2005', 0)":"Senado","('0199-PE-2005', 1)":null},"('Tramites', 'MOVIMIENTO')":{"('0199-PE-2005', 0)":"CONSIDERACION Y APROBACION","('0199-PE-2005', 1)":null},"('Tramites', 'FECHA')":{"('0199-PE-2005', 0)":"25\/08\/2005","('0199-PE-2005', 1)":null},"('Tramites', 'RESULTADO')":{"('0199-PE-2005', 0)":"APROBADO","('0199-PE-2005', 1)":null},"Palabra Clave":{"('0199-PE-2005', 0)":" ","('0199-PE-2005', 1)":null}}