{"Tipo de Proyecto":{"('0199-OVD-2005', 0)":"PROYECTO DE RESOLUCI\u00d3N"},"Iniciado en: ":{"('0199-OVD-2005', 0)":"Senado"},"Expediente Senado: ":{"('0199-OVD-2005', 0)":"0199-OVD-2005"},"Fecha: ":{"('0199-OVD-2005', 0)":"03\/10\/2005"},"T\u00edtulo":{"('0199-OVD-2005', 0)":"DICTAMEN EN LA RESPUESTA REMITIDA POR LA JEFATURA DE GABINETE DE MINISTROS EN RELACION A LA RESOLUCION APROBADA POR LA H CAMARA (0190-S-04) SOBRE LAS MEDIDAS ADOPTADAS PARA LA REGULARIZACION DE SITUACIONES OBSERVADAS POR EL CONTROL EXTERNO EN EL AMBITO DE YACIMIENTOS MINEROS DE AGUA DE DIONISIO EN SU EXAMEN DE LOS ESTADOS CONTABLES AL 31 DE DICIEMBRE DE 2001, ASIMISMO LA DETERMINACION Y EFECTIVIZACION DE LAS RESPONSABILIDADES CORRESPONDIENTES."},"('Firmantes', 'FIRMANTE')":{"('0199-OVD-2005', 0)":"PARLAMENTARIA MIXTA REVISORA DE CUENTAS"},"('Firmantes', 'DISTRITO')":{"('0199-OVD-2005', 0)":null},"('Firmantes', 'BLOQUE')":{"('0199-OVD-2005', 0)":null},"('Tramites', 'C\u00c1MARA')":{"('0199-OVD-2005', 0)":"Senado"},"('Tramites', 'MOVIMIENTO')":{"('0199-OVD-2005', 0)":"CONSIDERACION Y APROBACION (AL ARCHIVO)"},"('Tramites', 'FECHA')":{"('0199-OVD-2005', 0)":"02\/11\/2005"},"('Tramites', 'RESULTADO')":{"('0199-OVD-2005', 0)":"ARCHIVADO"},"Sumario":{"('0199-OVD-2005', 0)":"HABIENDO TOMADO CONOCIMIENTO Y SIN PERJUICIO DE ULTERIORES MEDIDAS QUE PUEDAN ADOPTARSE, SE ACONSEJA SU REMISION AL ARCHIVO."},"Palabra Clave":{"('0199-OVD-2005', 0)":" "}}