{"Tipo de Proyecto":{"('0199-S-2005', 0)":"PROYECTO DE RESOLUCI\u00d3N","('0199-S-2005', 1)":null,"('0199-S-2005', 2)":null,"('0199-S-2005', 3)":null,"('0199-S-2005', 4)":null},"Iniciado en: ":{"('0199-S-2005', 0)":"Senado","('0199-S-2005', 1)":null,"('0199-S-2005', 2)":null,"('0199-S-2005', 3)":null,"('0199-S-2005', 4)":null},"Expediente Diputados: ":{"('0199-S-2005', 0)":"0199-S-2005","('0199-S-2005', 1)":null,"('0199-S-2005', 2)":null,"('0199-S-2005', 3)":null,"('0199-S-2005', 4)":null},"Expediente Senado: ":{"('0199-S-2005', 0)":"1595-OVD-1998","('0199-S-2005', 1)":null,"('0199-S-2005', 2)":null,"('0199-S-2005', 3)":null,"('0199-S-2005', 4)":null},"Fecha: ":{"('0199-S-2005', 0)":"06\/10\/2005","('0199-S-2005', 1)":null,"('0199-S-2005', 2)":null,"('0199-S-2005', 3)":null,"('0199-S-2005', 4)":null},"T\u00edtulo":{"('0199-S-2005', 0)":"PEDIDO DE INFORMES AL PODER EJECUTIVO SOBRE RESPUESTAS REMITIDAS SOBRE LA AUDITORIA GENERAL DE LA NACION REFERENTES A: RESPUESTA ENVIADA POR EL MINISTERIO DE ECONOMIA Y OBRAS Y SERVICIOS PUBLICOS EN RELACION A LA RESOLUCION APROBADA POR AMBAS CAMARAS (0259-S-97) SOBRE LA URGENTE NECESIDAD DE ADECUAR LOS PROCEDIMIENTOS DE EJECUCION DE OBRAS EN JURISDICCION DE LA ADMINISTRACION NACIONAL DE ADUANAS EN LO PREVISTO POR LA NORMATIVA LEGAL, TECNICO-CONTABLE Y DE GESTION CORRESPONDIENTES (1595-OVD-98); RESPUESTA ENVIADA POR EL MEOYSP EN RELACION A LA RESOLUCION APROBADA POR LA H CAMARA (0049-S-98) SOBRE LA NECESIDAD QUE SE PROCEDA A LA ADECUACION DE LOS PROCEDIMIENTOS RELATIVOS A VALUACION, ASI COMO LA SUBASTA DE REZAGOS QUE FUERON OBSERVADOS POR LA AUDITORIA GENERAL DE LA NACION EN LA ANA (1591-OVD-98); RESPUESTA ENVIADA POR EL MEOYSP EN LA RESOLUCION CONJUNTA ACERCA DE LA ANA (1410-OVD-99); RESPUESTA ENVIADA POR EL MEOYSP RELACIONADA CON EL INFORME SOBRE CONTRATACIONES INFORMATICAS EN EL AMBITO DE LA ANA (0917-PE-99); SOBRE EL SISTEMA DE INFORMACION OPERATIVA DE LA EX ANA (0074-OV-99); RESPUESTA EN RELACION A LA RESOLUCION APROBADA POR POR LA H CAMARA (0126-S-00) SOBRE LAS MEDIDAS ADOPTADAS A LOS FINES DE CORREGIR LAS SITUACIONES OBSERVADAS POR LA AGN EN LA DIVISION DE APREMIOS DE LA ANA (0510-OVD-01); RESOLUCIONES REMITIDAS POR LA AUDITORIA GENERAL DE LA NACION: (194\/03) SOBRE LA ADMINISTRACION FEDERAL DE INGRESOS PUBLICOS (AFIP) CIRCUITO DE EXPORTACION -ACTIVIDAD DE LA DIRECCION GENERAL DE ADUANAS (DGA)- DEPARTAMENTO BUENOS AIRES - EN LO RELATIVO AL EGRESO DE MERCADERIAS DEL PAIS (0621-OV-03) Y EL RESPECTIVO DESCARGO (0622-OV-03); (134\/04) REFERIDA A LA GESTION Y AMBIENTE DE CONTROL DE LA LITIGIOSIDAD DE LA AFIP - DGA (0486-OV-04).","('0199-S-2005', 1)":null,"('0199-S-2005', 2)":null,"('0199-S-2005', 3)":null,"('0199-S-2005', 4)":null},"('Firmantes', 'FIRMANTE')":{"('0199-S-2005', 0)":"PARLAMENTARIA MIXTA REVISORA DE CUENTAS","('0199-S-2005', 1)":null,"('0199-S-2005', 2)":null,"('0199-S-2005', 3)":null,"('0199-S-2005', 4)":null},"('Firmantes', 'DISTRITO')":{"('0199-S-2005', 0)":null,"('0199-S-2005', 1)":null,"('0199-S-2005', 2)":null,"('0199-S-2005', 3)":null,"('0199-S-2005', 4)":null},"('Firmantes', 'BLOQUE')":{"('0199-S-2005', 0)":null,"('0199-S-2005', 1)":null,"('0199-S-2005', 2)":null,"('0199-S-2005', 3)":null,"('0199-S-2005', 4)":null},"('Giros', 'COMISI\u00d3N')":{"('0199-S-2005', 0)":"PARLAMENTARIA MIXTA REVISORA DE CUENTAS","('0199-S-2005', 1)":null,"('0199-S-2005', 2)":null,"('0199-S-2005', 3)":null,"('0199-S-2005', 4)":null},"('Tramites', 'C\u00c1MARA')":{"('0199-S-2005', 0)":"Senado","('0199-S-2005', 1)":"Diputados","('0199-S-2005', 2)":"Diputados","('0199-S-2005', 3)":"Diputados","('0199-S-2005', 4)":"Diputados"},"('Tramites', 'MOVIMIENTO')":{"('0199-S-2005', 0)":"CONSIDERACION Y APROBACION","('0199-S-2005', 1)":"PASA A DIPUTADOS -","('0199-S-2005', 2)":"CONSIDERACION Y APROBACION","('0199-S-2005', 3)":"CONTESTACION DEL PODER EJECUTIVO NACIONAL - JEFE DE GABINETE DE MINISTROS - GIRADO A LA COMISION RESPECTIVA","('0199-S-2005', 4)":"CONTESTACION DEL PODER EJECUTIVO NACIONAL - JEFE DE GABINETE DE MINISTROS - GIRADO A LA COMISION RESPECTIVA"},"('Tramites', 'FECHA')":{"('0199-S-2005', 0)":"02\/11\/2005","('0199-S-2005', 1)":null,"('0199-S-2005', 2)":"15\/03\/2006","('0199-S-2005', 3)":"05\/08\/2009","('0199-S-2005', 4)":"12\/05\/2010"},"('Tramites', 'RESULTADO')":{"('0199-S-2005', 0)":"APROBADO","('0199-S-2005', 1)":null,"('0199-S-2005', 2)":"APROBADO","('0199-S-2005', 3)":null,"('0199-S-2005', 4)":null},"Link":{"('0199-S-2005', 0)":"http:\/\/www.senado.gov.ar\/parlamentario\/comisiones\/verExp\/1595.98\/OVD\/PR","('0199-S-2005', 1)":null,"('0199-S-2005', 2)":null,"('0199-S-2005', 3)":null,"('0199-S-2005', 4)":null},"Palabra Clave":{"('0199-S-2005', 0)":" ","('0199-S-2005', 1)":null,"('0199-S-2005', 2)":null,"('0199-S-2005', 3)":null,"('0199-S-2005', 4)":null}}