{"Tipo de Proyecto":{"('0200-S-2005', 0)":"PROYECTO DE RESOLUCI\u00d3N","('0200-S-2005', 1)":null,"('0200-S-2005', 2)":null,"('0200-S-2005', 3)":null},"Iniciado en: ":{"('0200-S-2005', 0)":"Senado","('0200-S-2005', 1)":null,"('0200-S-2005', 2)":null,"('0200-S-2005', 3)":null},"Expediente Diputados: ":{"('0200-S-2005', 0)":"0200-S-2005","('0200-S-2005', 1)":null,"('0200-S-2005', 2)":null,"('0200-S-2005', 3)":null},"Expediente Senado: ":{"('0200-S-2005', 0)":"0029-OV-2005","('0200-S-2005', 1)":null,"('0200-S-2005', 2)":null,"('0200-S-2005', 3)":null},"Fecha: ":{"('0200-S-2005', 0)":"06\/10\/2005","('0200-S-2005', 1)":null,"('0200-S-2005', 2)":null,"('0200-S-2005', 3)":null},"T\u00edtulo":{"('0200-S-2005', 0)":"PEDIDO DE INFORMES AL PODER EJECUTIVO SOBRE RESOLUCIONES REMITIDAS POR LA AUDITORIA GENERAL DE LA NACION SOBRE LOS ESTADOS FINANCIEROS AL 31 DE DICIEMBRE DE 2003 (0029-OV-05) Y 31 DE DICIEMBRE DE 2004 (0165-OV-05) CORRESPONDIENTES AL PROGRAMA DE EMERGENCIA SANITARIA - CONVENIOS DE PRESTAMO 3921-AR BIRF, PARTE C; 4093-AR BIRF, PARTES C Y D; 4117-AR BIRF, PARTES C Y D; Y 4163-AR BIRF, PARTES E Y F.","('0200-S-2005', 1)":null,"('0200-S-2005', 2)":null,"('0200-S-2005', 3)":null},"('Firmantes', 'FIRMANTE')":{"('0200-S-2005', 0)":"PARLAMENTARIA MIXTA REVISORA DE CUENTAS","('0200-S-2005', 1)":null,"('0200-S-2005', 2)":null,"('0200-S-2005', 3)":null},"('Firmantes', 'DISTRITO')":{"('0200-S-2005', 0)":null,"('0200-S-2005', 1)":null,"('0200-S-2005', 2)":null,"('0200-S-2005', 3)":null},"('Firmantes', 'BLOQUE')":{"('0200-S-2005', 0)":null,"('0200-S-2005', 1)":null,"('0200-S-2005', 2)":null,"('0200-S-2005', 3)":null},"('Giros', 'COMISI\u00d3N')":{"('0200-S-2005', 0)":"PARLAMENTARIA MIXTA REVISORA DE CUENTAS","('0200-S-2005', 1)":null,"('0200-S-2005', 2)":null,"('0200-S-2005', 3)":null},"('Tramites', 'C\u00c1MARA')":{"('0200-S-2005', 0)":"Senado","('0200-S-2005', 1)":"Diputados","('0200-S-2005', 2)":"Diputados","('0200-S-2005', 3)":"Diputados"},"('Tramites', 'MOVIMIENTO')":{"('0200-S-2005', 0)":"CONSIDERACION Y APROBACION","('0200-S-2005', 1)":"PASA A DIPUTADOS -","('0200-S-2005', 2)":"CONSIDERACION Y APROBACION","('0200-S-2005', 3)":"CONTESTACION DEL PODER EJECUTIVO NACIONAL - JEFE DE GABINETE DE MINISTROS - GIRADO A LA COMISION RESPECTIVA"},"('Tramites', 'FECHA')":{"('0200-S-2005', 0)":"02\/11\/2005","('0200-S-2005', 1)":null,"('0200-S-2005', 2)":"15\/03\/2006","('0200-S-2005', 3)":"06\/09\/2006"},"('Tramites', 'RESULTADO')":{"('0200-S-2005', 0)":"APROBADO","('0200-S-2005', 1)":null,"('0200-S-2005', 2)":"APROBADO","('0200-S-2005', 3)":null},"Link":{"('0200-S-2005', 0)":"http:\/\/www.senado.gov.ar\/parlamentario\/comisiones\/verExp\/29.05\/OV\/PR","('0200-S-2005', 1)":null,"('0200-S-2005', 2)":null,"('0200-S-2005', 3)":null},"Palabra Clave":{"('0200-S-2005', 0)":" ","('0200-S-2005', 1)":null,"('0200-S-2005', 2)":null,"('0200-S-2005', 3)":null}}