{"Tipo de Proyecto":{"('0201-PE-2005', 0)":"MENSAJE NRO: 0670\/05","('0201-PE-2005', 1)":null},"Iniciado en: ":{"('0201-PE-2005', 0)":"Senado","('0201-PE-2005', 1)":null},"Expediente Senado: ":{"('0201-PE-2005', 0)":"0201-PE-2005","('0201-PE-2005', 1)":null},"Publicado en: ":{"('0201-PE-2005', 0)":"DAE S.A. N\u00b0 5","('0201-PE-2005', 1)":null},"Fecha: ":{"('0201-PE-2005', 0)":"16\/06\/2005","('0201-PE-2005', 1)":null},"T\u00edtulo":{"('0201-PE-2005', 0)":"SOLICITAR ACUERDO PARA DESIGNAR JUEZ DE LA CAMARA NACIONAL DE APELACIONES EN LO CIVIL DE LA CAPITAL FEDERAL, SALA B, AL DOCTOR MAURICIO LUIS MIZRAHI.","('0201-PE-2005', 1)":null},"('Firmantes', 'FIRMANTE')":{"('0201-PE-2005', 0)":"KIRCHNER, NESTOR CARLOS","('0201-PE-2005', 1)":"ROSATTI, HORACIO DANIEL"},"('Firmantes', 'DISTRITO')":{"('0201-PE-2005', 0)":null,"('0201-PE-2005', 1)":null},"('Firmantes', 'BLOQUE')":{"('0201-PE-2005', 0)":"PODER EJECUTIVO","('0201-PE-2005', 1)":"PODER EJECUTIVO"},"('Tramites', 'C\u00c1MARA')":{"('0201-PE-2005', 0)":"Senado","('0201-PE-2005', 1)":null},"('Tramites', 'MOVIMIENTO')":{"('0201-PE-2005', 0)":"CONSIDERACION Y APROBACION","('0201-PE-2005', 1)":null},"('Tramites', 'FECHA')":{"('0201-PE-2005', 0)":"25\/08\/2005","('0201-PE-2005', 1)":null},"('Tramites', 'RESULTADO')":{"('0201-PE-2005', 0)":"APROBADO","('0201-PE-2005', 1)":null},"Palabra Clave":{"('0201-PE-2005', 0)":" ","('0201-PE-2005', 1)":null}}