{"Tipo de Proyecto":{"('0208-S-2005', 0)":"PROYECTO DE RESOLUCI\u00d3N","('0208-S-2005', 1)":null,"('0208-S-2005', 2)":null,"('0208-S-2005', 3)":null,"('0208-S-2005', 4)":null},"Iniciado en: ":{"('0208-S-2005', 0)":"Senado","('0208-S-2005', 1)":null,"('0208-S-2005', 2)":null,"('0208-S-2005', 3)":null,"('0208-S-2005', 4)":null},"Expediente Diputados: ":{"('0208-S-2005', 0)":"0208-S-2005","('0208-S-2005', 1)":null,"('0208-S-2005', 2)":null,"('0208-S-2005', 3)":null,"('0208-S-2005', 4)":null},"Expediente Senado: ":{"('0208-S-2005', 0)":"0150-OVD-2005","('0208-S-2005', 1)":null,"('0208-S-2005', 2)":null,"('0208-S-2005', 3)":null,"('0208-S-2005', 4)":null},"Fecha: ":{"('0208-S-2005', 0)":"17\/10\/2005","('0208-S-2005', 1)":null,"('0208-S-2005', 2)":null,"('0208-S-2005', 3)":null,"('0208-S-2005', 4)":null},"T\u00edtulo":{"('0208-S-2005', 0)":"INSISTIR EN LA SOLICITUD A LA UNIVERSIDAD NACIONAL DE GENERAL SAN MARTIN QUE INFORME SOBRE LAS MEDIDAS ADOPTADAS A FIN DE REGULARIZAR LAS SITUACIONES OBSERVADAS POR LA AUDITORIA GENERAL DE LA NACION, EN VISTA LA RESPUESTA DE LA JEFATURA DE GABINETE DE MINISTROS EN RELACION A LA RESOLUCION APROBADA POR LA H CAMARA (0165-S-04),","('0208-S-2005', 1)":null,"('0208-S-2005', 2)":null,"('0208-S-2005', 3)":null,"('0208-S-2005', 4)":null},"('Firmantes', 'FIRMANTE')":{"('0208-S-2005', 0)":"PARLAMENTARIA MIXTA REVISORA DE CUENTAS","('0208-S-2005', 1)":null,"('0208-S-2005', 2)":null,"('0208-S-2005', 3)":null,"('0208-S-2005', 4)":null},"('Firmantes', 'DISTRITO')":{"('0208-S-2005', 0)":null,"('0208-S-2005', 1)":null,"('0208-S-2005', 2)":null,"('0208-S-2005', 3)":null,"('0208-S-2005', 4)":null},"('Firmantes', 'BLOQUE')":{"('0208-S-2005', 0)":null,"('0208-S-2005', 1)":null,"('0208-S-2005', 2)":null,"('0208-S-2005', 3)":null,"('0208-S-2005', 4)":null},"('Giros', 'COMISI\u00d3N')":{"('0208-S-2005', 0)":"PARLAMENTARIA MIXTA REVISORA DE CUENTAS","('0208-S-2005', 1)":null,"('0208-S-2005', 2)":null,"('0208-S-2005', 3)":null,"('0208-S-2005', 4)":null},"('Tramites', 'C\u00c1MARA')":{"('0208-S-2005', 0)":"Senado","('0208-S-2005', 1)":"Diputados","('0208-S-2005', 2)":"Diputados","('0208-S-2005', 3)":"Diputados","('0208-S-2005', 4)":"Diputados"},"('Tramites', 'MOVIMIENTO')":{"('0208-S-2005', 0)":"CONSIDERACION Y APROBACION","('0208-S-2005', 1)":"PASA A DIPUTADOS -","('0208-S-2005', 2)":"CONSIDERACION Y APROBACION","('0208-S-2005', 3)":"CONTESTACION DEL PODER EJECUTIVO NACIONAL - JEFE DE GABINETE DE MINISTROS - GIRADO A LA COMISION RESPECTIVA","('0208-S-2005', 4)":"CONTESTACION DEL PODER EJECUTIVO NACIONAL - JEFE DE GABINETE DE MINISTROS - GIRADO A LA COMISION RESPECTIVA"},"('Tramites', 'FECHA')":{"('0208-S-2005', 0)":"09\/11\/2005","('0208-S-2005', 1)":null,"('0208-S-2005', 2)":"15\/03\/2006","('0208-S-2005', 3)":"06\/09\/2006","('0208-S-2005', 4)":"14\/03\/2007"},"('Tramites', 'RESULTADO')":{"('0208-S-2005', 0)":"APROBADO","('0208-S-2005', 1)":null,"('0208-S-2005', 2)":"APROBADO","('0208-S-2005', 3)":null,"('0208-S-2005', 4)":null},"Link":{"('0208-S-2005', 0)":"http:\/\/www.senado.gov.ar\/parlamentario\/comisiones\/verExp\/150.05\/OVD\/PR","('0208-S-2005', 1)":null,"('0208-S-2005', 2)":null,"('0208-S-2005', 3)":null,"('0208-S-2005', 4)":null},"Palabra Clave":{"('0208-S-2005', 0)":" ","('0208-S-2005', 1)":null,"('0208-S-2005', 2)":null,"('0208-S-2005', 3)":null,"('0208-S-2005', 4)":null}}