{"Tipo de Proyecto":{"('0209-PE-2005', 0)":"MENSAJE NRO: 0684\/05","('0209-PE-2005', 1)":null},"Iniciado en: ":{"('0209-PE-2005', 0)":"Senado","('0209-PE-2005', 1)":null},"Expediente Senado: ":{"('0209-PE-2005', 0)":"0209-PE-2005","('0209-PE-2005', 1)":null},"Publicado en: ":{"('0209-PE-2005', 0)":"DAE S.A. N\u00b0 6","('0209-PE-2005', 1)":null},"Fecha: ":{"('0209-PE-2005', 0)":"21\/06\/2005","('0209-PE-2005', 1)":null},"T\u00edtulo":{"('0209-PE-2005', 0)":"SOLICITAR ACUERDO PARA DESIGNAR  JUEZ DEL JUZGADO NACIONAL EN LO CRIMINAL DE INSTRUCCION N\u00ba 4 DE LA CAPITAL FEDERAL AL DOCTOR JAVIER ANZOATEGUI.","('0209-PE-2005', 1)":null},"('Firmantes', 'FIRMANTE')":{"('0209-PE-2005', 0)":"KIRCHNER, NESTOR CARLOS","('0209-PE-2005', 1)":"ROSATTI, HORACIO DANIEL"},"('Firmantes', 'DISTRITO')":{"('0209-PE-2005', 0)":null,"('0209-PE-2005', 1)":null},"('Firmantes', 'BLOQUE')":{"('0209-PE-2005', 0)":"PODER EJECUTIVO","('0209-PE-2005', 1)":"PODER EJECUTIVO"},"('Tramites', 'C\u00c1MARA')":{"('0209-PE-2005', 0)":"Senado","('0209-PE-2005', 1)":"Senado"},"('Tramites', 'MOVIMIENTO')":{"('0209-PE-2005', 0)":"MOCION SOBRE TABLAS (AFIRMATIVA)","('0209-PE-2005', 1)":"CONSIDERACION Y APROBACION"},"('Tramites', 'FECHA')":{"('0209-PE-2005', 0)":"07\/09\/2005","('0209-PE-2005', 1)":"07\/09\/2005"},"('Tramites', 'RESULTADO')":{"('0209-PE-2005', 0)":null,"('0209-PE-2005', 1)":"APROBADO"},"Palabra Clave":{"('0209-PE-2005', 0)":" ","('0209-PE-2005', 1)":null}}