{"Tipo de Proyecto":{"('0209-S-2005', 0)":"PROYECTO DE RESOLUCI\u00d3N","('0209-S-2005', 1)":null,"('0209-S-2005', 2)":null,"('0209-S-2005', 3)":null},"Iniciado en: ":{"('0209-S-2005', 0)":"Senado","('0209-S-2005', 1)":null,"('0209-S-2005', 2)":null,"('0209-S-2005', 3)":null},"Expediente Diputados: ":{"('0209-S-2005', 0)":"0209-S-2005","('0209-S-2005', 1)":null,"('0209-S-2005', 2)":null,"('0209-S-2005', 3)":null},"Expediente Senado: ":{"('0209-S-2005', 0)":"1268-OVD-2004","('0209-S-2005', 1)":null,"('0209-S-2005', 2)":null,"('0209-S-2005', 3)":null},"Fecha: ":{"('0209-S-2005', 0)":"17\/10\/2005","('0209-S-2005', 1)":null,"('0209-S-2005', 2)":null,"('0209-S-2005', 3)":null},"T\u00edtulo":{"('0209-S-2005', 0)":"PEDIDO DE INFORMES AL PODER EJECUTIVO SOBRE RESPUESTA REMITIDA POR LA JEFATURA DE GABINETE DE MINISTROS EN RELACION A LA RESOLUCION APROBADA POR LA H CAMARA (0235-S-03) SOBRE LAS MEDIDAS ADOPTADAS A LOS EFECTOS DE SUBSANAR LAS IRREGULARIDADES OBSERVADAS POR LA AUDITORIA GENERAL DE LA NACION EN EL AMBITO EL ESTADO MAYOR GENERAL DE LA FUERZA AEREA SOBRE EL PROGRAMA 16 - CAPACIDAD OPERACIONAL DE LA FUERZA AEREA DURANTE EL EJERCICIO 1999.","('0209-S-2005', 1)":null,"('0209-S-2005', 2)":null,"('0209-S-2005', 3)":null},"('Firmantes', 'FIRMANTE')":{"('0209-S-2005', 0)":"PARLAMENTARIA MIXTA REVISORA DE CUENTAS","('0209-S-2005', 1)":null,"('0209-S-2005', 2)":null,"('0209-S-2005', 3)":null},"('Firmantes', 'DISTRITO')":{"('0209-S-2005', 0)":null,"('0209-S-2005', 1)":null,"('0209-S-2005', 2)":null,"('0209-S-2005', 3)":null},"('Firmantes', 'BLOQUE')":{"('0209-S-2005', 0)":null,"('0209-S-2005', 1)":null,"('0209-S-2005', 2)":null,"('0209-S-2005', 3)":null},"('Giros', 'COMISI\u00d3N')":{"('0209-S-2005', 0)":"PARLAMENTARIA MIXTA REVISORA DE CUENTAS","('0209-S-2005', 1)":null,"('0209-S-2005', 2)":null,"('0209-S-2005', 3)":null},"('Tramites', 'C\u00c1MARA')":{"('0209-S-2005', 0)":"Senado","('0209-S-2005', 1)":"Diputados","('0209-S-2005', 2)":"Diputados","('0209-S-2005', 3)":"Diputados"},"('Tramites', 'MOVIMIENTO')":{"('0209-S-2005', 0)":"CONSIDERACION Y APROBACION","('0209-S-2005', 1)":"PASA A DIPUTADOS -","('0209-S-2005', 2)":"CONSIDERACION Y APROBACION","('0209-S-2005', 3)":"CONTESTACION DEL PODER EJECUTIVO NACIONAL - JEFE DE GABINETE DE MINISTROS - GIRADO A LA COMISION RESPECTIVA"},"('Tramites', 'FECHA')":{"('0209-S-2005', 0)":"09\/11\/2005","('0209-S-2005', 1)":null,"('0209-S-2005', 2)":"15\/03\/2006","('0209-S-2005', 3)":"11\/03\/2009"},"('Tramites', 'RESULTADO')":{"('0209-S-2005', 0)":"APROBADO","('0209-S-2005', 1)":null,"('0209-S-2005', 2)":"APROBADO","('0209-S-2005', 3)":null},"Link":{"('0209-S-2005', 0)":"http:\/\/www.senado.gov.ar\/parlamentario\/comisiones\/verExp\/1268.04\/OVD\/PR","('0209-S-2005', 1)":null,"('0209-S-2005', 2)":null,"('0209-S-2005', 3)":null},"Palabra Clave":{"('0209-S-2005', 0)":" ","('0209-S-2005', 1)":null,"('0209-S-2005', 2)":null,"('0209-S-2005', 3)":null}}