{"Tipo de Proyecto":{"('0210-S-2005', 0)":"PROYECTO DE RESOLUCI\u00d3N","('0210-S-2005', 1)":null,"('0210-S-2005', 2)":null,"('0210-S-2005', 3)":null},"Iniciado en: ":{"('0210-S-2005', 0)":"Senado","('0210-S-2005', 1)":null,"('0210-S-2005', 2)":null,"('0210-S-2005', 3)":null},"Expediente Diputados: ":{"('0210-S-2005', 0)":"0210-S-2005","('0210-S-2005', 1)":null,"('0210-S-2005', 2)":null,"('0210-S-2005', 3)":null},"Expediente Senado: ":{"('0210-S-2005', 0)":"0183-OV-2005","('0210-S-2005', 1)":null,"('0210-S-2005', 2)":null,"('0210-S-2005', 3)":null},"Fecha: ":{"('0210-S-2005', 0)":"17\/10\/2005","('0210-S-2005', 1)":null,"('0210-S-2005', 2)":null,"('0210-S-2005', 3)":null},"T\u00edtulo":{"('0210-S-2005', 0)":"PEDIDO DE INFORMES AL PODER EJECUTIVO SOBRE RESOLUCION REMITIDA POR LA AUDITORIA GENERAL DE LA NACION REFERENTE A LOS ESTADOS FINANCIEROS DE II PROYECTO DE DESARROLLO PROVINCIAL, CONVENIO DE PRESTAMO 3877-AR BIRF (EJERCICIO 9, FINALIZADO EL 31 DE DICIEMBRE DE 2004).","('0210-S-2005', 1)":null,"('0210-S-2005', 2)":null,"('0210-S-2005', 3)":null},"('Firmantes', 'FIRMANTE')":{"('0210-S-2005', 0)":"PARLAMENTARIA MIXTA REVISORA DE CUENTAS","('0210-S-2005', 1)":null,"('0210-S-2005', 2)":null,"('0210-S-2005', 3)":null},"('Firmantes', 'DISTRITO')":{"('0210-S-2005', 0)":null,"('0210-S-2005', 1)":null,"('0210-S-2005', 2)":null,"('0210-S-2005', 3)":null},"('Firmantes', 'BLOQUE')":{"('0210-S-2005', 0)":null,"('0210-S-2005', 1)":null,"('0210-S-2005', 2)":null,"('0210-S-2005', 3)":null},"('Giros', 'COMISI\u00d3N')":{"('0210-S-2005', 0)":"PARLAMENTARIA MIXTA REVISORA DE CUENTAS","('0210-S-2005', 1)":null,"('0210-S-2005', 2)":null,"('0210-S-2005', 3)":null},"('Tramites', 'C\u00c1MARA')":{"('0210-S-2005', 0)":"Senado","('0210-S-2005', 1)":"Diputados","('0210-S-2005', 2)":"Diputados","('0210-S-2005', 3)":"Diputados"},"('Tramites', 'MOVIMIENTO')":{"('0210-S-2005', 0)":"CONSIDERACION Y APROBACION","('0210-S-2005', 1)":"PASA A DIPUTADOS -","('0210-S-2005', 2)":"CONSIDERACION Y APROBACION","('0210-S-2005', 3)":"CONTESTACION DEL PODER EJECUTIVO NACIONAL - JEFE DE GABINETE DE MINISTROS - GIRADO A LA COMISION RESPECTIVA"},"('Tramites', 'FECHA')":{"('0210-S-2005', 0)":"09\/11\/2005","('0210-S-2005', 1)":null,"('0210-S-2005', 2)":"15\/03\/2006","('0210-S-2005', 3)":"02\/08\/2006"},"('Tramites', 'RESULTADO')":{"('0210-S-2005', 0)":"APROBADO","('0210-S-2005', 1)":null,"('0210-S-2005', 2)":"APROBADO","('0210-S-2005', 3)":null},"Link":{"('0210-S-2005', 0)":"http:\/\/www.senado.gov.ar\/parlamentario\/comisiones\/verExp\/183.05\/OV\/PR","('0210-S-2005', 1)":null,"('0210-S-2005', 2)":null,"('0210-S-2005', 3)":null},"Palabra Clave":{"('0210-S-2005', 0)":" ","('0210-S-2005', 1)":null,"('0210-S-2005', 2)":null,"('0210-S-2005', 3)":null}}