{"Tipo de Proyecto":{"('0210-PE-2005', 0)":"MENSAJE NRO: 0685\/05","('0210-PE-2005', 1)":null},"Iniciado en: ":{"('0210-PE-2005', 0)":"Senado","('0210-PE-2005', 1)":null},"Expediente Senado: ":{"('0210-PE-2005', 0)":"0210-PE-2005","('0210-PE-2005', 1)":null},"Publicado en: ":{"('0210-PE-2005', 0)":"DAE S.A. N\u00b0 6","('0210-PE-2005', 1)":null},"Fecha: ":{"('0210-PE-2005', 0)":"21\/06\/2005","('0210-PE-2005', 1)":null},"T\u00edtulo":{"('0210-PE-2005', 0)":"SOLICITAR ACUERDO PARA DESIGNAR JUEZ DEL JUZGADO NACIONAL EN LO CRIMINAL DE INSTRUCCION N\u00ba 2 DE LA CAPITAL FEDERAL, AL DOCTOR MANUEL JERONIMO GOROSTIAGA.","('0210-PE-2005', 1)":null},"('Firmantes', 'FIRMANTE')":{"('0210-PE-2005', 0)":"KIRCHNER, NESTOR CARLOS","('0210-PE-2005', 1)":"ROSATTI, HORACIO DANIEL"},"('Firmantes', 'DISTRITO')":{"('0210-PE-2005', 0)":null,"('0210-PE-2005', 1)":null},"('Firmantes', 'BLOQUE')":{"('0210-PE-2005', 0)":"PODER EJECUTIVO","('0210-PE-2005', 1)":"PODER EJECUTIVO"},"('Tramites', 'C\u00c1MARA')":{"('0210-PE-2005', 0)":"Senado","('0210-PE-2005', 1)":null},"('Tramites', 'MOVIMIENTO')":{"('0210-PE-2005', 0)":"CONSIDERACION Y APROBACION","('0210-PE-2005', 1)":null},"('Tramites', 'FECHA')":{"('0210-PE-2005', 0)":"07\/09\/2005","('0210-PE-2005', 1)":null},"('Tramites', 'RESULTADO')":{"('0210-PE-2005', 0)":"APROBADO","('0210-PE-2005', 1)":null},"Palabra Clave":{"('0210-PE-2005', 0)":" ","('0210-PE-2005', 1)":null}}