{"Tipo de Proyecto":{"('0211-PE-2005', 0)":"MENSAJE NRO: 0686\/05","('0211-PE-2005', 1)":null},"Iniciado en: ":{"('0211-PE-2005', 0)":"Senado","('0211-PE-2005', 1)":null},"Expediente Senado: ":{"('0211-PE-2005', 0)":"0211-PE-2005","('0211-PE-2005', 1)":null},"Publicado en: ":{"('0211-PE-2005', 0)":"DAE S.A. N\u00b0 6","('0211-PE-2005', 1)":null},"Fecha: ":{"('0211-PE-2005', 0)":"21\/06\/2005","('0211-PE-2005', 1)":null},"T\u00edtulo":{"('0211-PE-2005', 0)":"SOLICITAR ACUERDO PARA DESIGNAR JUEZ DEL JUZGADO NACIONAL EN LO CRIMINAL DE INSTRUCCION N\u00ba 33 DE LA CAPITAL FEDERAL, AL DOCTOR ANA DIETA DE HERRERO.","('0211-PE-2005', 1)":null},"('Firmantes', 'FIRMANTE')":{"('0211-PE-2005', 0)":"KIRCHNER, NESTOR CARLOS","('0211-PE-2005', 1)":"ROSATTI, HORACIO DANIEL"},"('Firmantes', 'DISTRITO')":{"('0211-PE-2005', 0)":null,"('0211-PE-2005', 1)":null},"('Firmantes', 'BLOQUE')":{"('0211-PE-2005', 0)":"PODER EJECUTIVO","('0211-PE-2005', 1)":"PODER EJECUTIVO"},"('Tramites', 'C\u00c1MARA')":{"('0211-PE-2005', 0)":"Senado","('0211-PE-2005', 1)":"Senado"},"('Tramites', 'MOVIMIENTO')":{"('0211-PE-2005', 0)":"MOCION SOBRE TABLAS (AFIRMATIVA)","('0211-PE-2005', 1)":"CONSIDERACION Y APROBACION"},"('Tramites', 'FECHA')":{"('0211-PE-2005', 0)":"07\/09\/2005","('0211-PE-2005', 1)":"07\/09\/2005"},"('Tramites', 'RESULTADO')":{"('0211-PE-2005', 0)":null,"('0211-PE-2005', 1)":"APROBADO"},"Palabra Clave":{"('0211-PE-2005', 0)":" ","('0211-PE-2005', 1)":null}}