{"Tipo de Proyecto":{"('0212-PE-2005', 0)":"MENSAJE NRO: 0687\/05","('0212-PE-2005', 1)":null},"Iniciado en: ":{"('0212-PE-2005', 0)":"Senado","('0212-PE-2005', 1)":null},"Expediente Senado: ":{"('0212-PE-2005', 0)":"0212-PE-2005","('0212-PE-2005', 1)":null},"Publicado en: ":{"('0212-PE-2005', 0)":"DAE S.A. N\u00b0 6","('0212-PE-2005', 1)":null},"Fecha: ":{"('0212-PE-2005', 0)":"21\/06\/2005","('0212-PE-2005', 1)":null},"T\u00edtulo":{"('0212-PE-2005', 0)":"SOLICITAR ACUERDO PARA DESIGNAR JUEZ DEL JUZGADO NACIONAL EN LO CRIMINAL DE INSTRUCCION NUMERO 43 DE LA CAPITAL FEDERAL, AL DOCTOR PABLO MARCELO GARCIA DE LA TORRE.","('0212-PE-2005', 1)":null},"('Firmantes', 'FIRMANTE')":{"('0212-PE-2005', 0)":"KIRCHNER, NESTOR CARLOS","('0212-PE-2005', 1)":"ROSATTI, HORACIO DANIEL"},"('Firmantes', 'DISTRITO')":{"('0212-PE-2005', 0)":null,"('0212-PE-2005', 1)":null},"('Firmantes', 'BLOQUE')":{"('0212-PE-2005', 0)":"PODER EJECUTIVO","('0212-PE-2005', 1)":"PODER EJECUTIVO"},"('Tramites', 'C\u00c1MARA')":{"('0212-PE-2005', 0)":"Senado","('0212-PE-2005', 1)":null},"('Tramites', 'MOVIMIENTO')":{"('0212-PE-2005', 0)":"CONSIDERACION Y APROBACION","('0212-PE-2005', 1)":null},"('Tramites', 'FECHA')":{"('0212-PE-2005', 0)":"17\/08\/2005","('0212-PE-2005', 1)":null},"('Tramites', 'RESULTADO')":{"('0212-PE-2005', 0)":"APROBADO","('0212-PE-2005', 1)":null},"Palabra Clave":{"('0212-PE-2005', 0)":" ","('0212-PE-2005', 1)":null}}