{"Tipo de Proyecto":{"('0212-S-2005', 0)":"PROYECTO DE RESOLUCI\u00d3N","('0212-S-2005', 1)":null,"('0212-S-2005', 2)":null,"('0212-S-2005', 3)":null},"Iniciado en: ":{"('0212-S-2005', 0)":"Senado","('0212-S-2005', 1)":null,"('0212-S-2005', 2)":null,"('0212-S-2005', 3)":null},"Expediente Diputados: ":{"('0212-S-2005', 0)":"0212-S-2005","('0212-S-2005', 1)":null,"('0212-S-2005', 2)":null,"('0212-S-2005', 3)":null},"Expediente Senado: ":{"('0212-S-2005', 0)":"0373-OV-2003","('0212-S-2005', 1)":null,"('0212-S-2005', 2)":null,"('0212-S-2005', 3)":null},"Fecha: ":{"('0212-S-2005', 0)":"17\/10\/2005","('0212-S-2005', 1)":null,"('0212-S-2005', 2)":null,"('0212-S-2005', 3)":null},"T\u00edtulo":{"('0212-S-2005', 0)":"PEDIDO DE INFORMES AL PODER EJECUTIVO SOBRE RESOLUCIONES REMITIDAS POR LA AUDITORIA GENERAL DE LA NACION (104\/03 Y 99\/04) REFERENTES A UN INFORME DE AUDITORIA Y MEMORANDUM DE CONTROL INTERNO SOBRE LOS ESTADOS CONTABLES AL 31 DE DICIEMBRE DE 2002 (0373-OV-03) Y 31 DE DICIEMBRE DE 2003 (0379-OV-04), Y RESPUESTA REMITIDA POR LA JEFATURA DE GABINETE DE MINISTROS EN RELACION A LA RESOLUCION APROBADA POR LA H CAMARA (0107-S-02) SOBRE LAS MEDIDAS ADOPTADAS EN ORDEN DE SOLUCIONAR Y MEJORAR EL FUNCIONAMIENTO DE LOS SISTEMAS DE CONTROL INTERNO CONTABLE DE LA SUPERINTENDENCIA DE ADMINISTRADORAS DE FONDOS DE JUBILACIONES Y PENSIONES, SUPERANDO LAS SITUACIONES OBSERVADAS POR EL CONTROL EXTERNO (0134-OVD-03).","('0212-S-2005', 1)":null,"('0212-S-2005', 2)":null,"('0212-S-2005', 3)":null},"('Firmantes', 'FIRMANTE')":{"('0212-S-2005', 0)":"PARLAMENTARIA MIXTA REVISORA DE CUENTAS","('0212-S-2005', 1)":null,"('0212-S-2005', 2)":null,"('0212-S-2005', 3)":null},"('Firmantes', 'DISTRITO')":{"('0212-S-2005', 0)":null,"('0212-S-2005', 1)":null,"('0212-S-2005', 2)":null,"('0212-S-2005', 3)":null},"('Firmantes', 'BLOQUE')":{"('0212-S-2005', 0)":null,"('0212-S-2005', 1)":null,"('0212-S-2005', 2)":null,"('0212-S-2005', 3)":null},"('Giros', 'COMISI\u00d3N')":{"('0212-S-2005', 0)":"PARLAMENTARIA MIXTA REVISORA DE CUENTAS","('0212-S-2005', 1)":null,"('0212-S-2005', 2)":null,"('0212-S-2005', 3)":null},"('Tramites', 'C\u00c1MARA')":{"('0212-S-2005', 0)":"Senado","('0212-S-2005', 1)":"Diputados","('0212-S-2005', 2)":"Diputados","('0212-S-2005', 3)":"Diputados"},"('Tramites', 'MOVIMIENTO')":{"('0212-S-2005', 0)":"CONSIDERACION Y APROBACION","('0212-S-2005', 1)":"PASA A DIPUTADOS -","('0212-S-2005', 2)":"CONSIDERACION Y APROBACION","('0212-S-2005', 3)":"CONTESTACION DEL PODER EJECUTIVO NACIONAL - JEFE DE GABINETE DE MINISTROS - GIRADO A LA COMISION RESPECTIVA"},"('Tramites', 'FECHA')":{"('0212-S-2005', 0)":"09\/11\/2005","('0212-S-2005', 1)":null,"('0212-S-2005', 2)":"15\/03\/2006","('0212-S-2005', 3)":"25\/10\/2006"},"('Tramites', 'RESULTADO')":{"('0212-S-2005', 0)":"APROBADO","('0212-S-2005', 1)":null,"('0212-S-2005', 2)":"APROBADO","('0212-S-2005', 3)":null},"Link":{"('0212-S-2005', 0)":"http:\/\/www.senado.gov.ar\/parlamentario\/comisiones\/verExp\/373.03\/OV\/PR","('0212-S-2005', 1)":null,"('0212-S-2005', 2)":null,"('0212-S-2005', 3)":null},"Palabra Clave":{"('0212-S-2005', 0)":" ","('0212-S-2005', 1)":null,"('0212-S-2005', 2)":null,"('0212-S-2005', 3)":null}}