{"Tipo de Proyecto":{"('0213-S-2005', 0)":"PROYECTO DE RESOLUCI\u00d3N","('0213-S-2005', 1)":null,"('0213-S-2005', 2)":null},"Iniciado en: ":{"('0213-S-2005', 0)":"Senado","('0213-S-2005', 1)":null,"('0213-S-2005', 2)":null},"Expediente Diputados: ":{"('0213-S-2005', 0)":"0213-S-2005","('0213-S-2005', 1)":null,"('0213-S-2005', 2)":null},"Expediente Senado: ":{"('0213-S-2005', 0)":"0161-OV-2005","('0213-S-2005', 1)":null,"('0213-S-2005', 2)":null},"Fecha: ":{"('0213-S-2005', 0)":"17\/10\/2005","('0213-S-2005', 1)":null,"('0213-S-2005', 2)":null},"T\u00edtulo":{"('0213-S-2005', 0)":"PEDIDO DE INFORMES AL PODER EJECUTIVO SOBRE RESOLUCION REMITIDA POR LA AUDITORIA GENERAL DE LA NACION REFERENTE A LOS ESTADOS FINANCIEROS DEL PROGRAMA DE PROMOCION DEL FORTALECIMIENTO DE LA FAMILIA Y EL CAPITAL SOCIAL - CONVENIOS DE PRESTAMO PPF 374\/0-AR Y 4640-AR BIRF (EJERCICIOS 1 Y 2, FINALIZADOS EL 31 DE DICIEMBRE DE 2002 Y EL 31 DE DICIEMBRE DE 2003, RESPECTIVAMENTE).","('0213-S-2005', 1)":null,"('0213-S-2005', 2)":null},"('Firmantes', 'FIRMANTE')":{"('0213-S-2005', 0)":"PARLAMENTARIA MIXTA REVISORA DE CUENTAS","('0213-S-2005', 1)":null,"('0213-S-2005', 2)":null},"('Firmantes', 'DISTRITO')":{"('0213-S-2005', 0)":null,"('0213-S-2005', 1)":null,"('0213-S-2005', 2)":null},"('Firmantes', 'BLOQUE')":{"('0213-S-2005', 0)":null,"('0213-S-2005', 1)":null,"('0213-S-2005', 2)":null},"('Giros', 'COMISI\u00d3N')":{"('0213-S-2005', 0)":"PARLAMENTARIA MIXTA REVISORA DE CUENTAS","('0213-S-2005', 1)":null,"('0213-S-2005', 2)":null},"('Tramites', 'C\u00c1MARA')":{"('0213-S-2005', 0)":"Senado","('0213-S-2005', 1)":"Diputados","('0213-S-2005', 2)":"Diputados"},"('Tramites', 'MOVIMIENTO')":{"('0213-S-2005', 0)":"CONSIDERACION Y APROBACION","('0213-S-2005', 1)":"PASA A DIPUTADOS -","('0213-S-2005', 2)":"CONSIDERACION Y APROBACION"},"('Tramites', 'FECHA')":{"('0213-S-2005', 0)":"09\/11\/2005","('0213-S-2005', 1)":null,"('0213-S-2005', 2)":"15\/03\/2006"},"('Tramites', 'RESULTADO')":{"('0213-S-2005', 0)":"APROBADO","('0213-S-2005', 1)":null,"('0213-S-2005', 2)":"APROBADO"},"Link":{"('0213-S-2005', 0)":"http:\/\/www.senado.gov.ar\/parlamentario\/comisiones\/verExp\/161.05\/OV\/PR","('0213-S-2005', 1)":null,"('0213-S-2005', 2)":null},"Palabra Clave":{"('0213-S-2005', 0)":" ","('0213-S-2005', 1)":null,"('0213-S-2005', 2)":null}}