{"Tipo de Proyecto":{"('0215-S-2005', 0)":"PROYECTO DE RESOLUCI\u00d3N","('0215-S-2005', 1)":null,"('0215-S-2005', 2)":null,"('0215-S-2005', 3)":null,"('0215-S-2005', 4)":null},"Iniciado en: ":{"('0215-S-2005', 0)":"Senado","('0215-S-2005', 1)":null,"('0215-S-2005', 2)":null,"('0215-S-2005', 3)":null,"('0215-S-2005', 4)":null},"Expediente Diputados: ":{"('0215-S-2005', 0)":"0215-S-2005","('0215-S-2005', 1)":null,"('0215-S-2005', 2)":null,"('0215-S-2005', 3)":null,"('0215-S-2005', 4)":null},"Expediente Senado: ":{"('0215-S-2005', 0)":"0193-OV-2003","('0215-S-2005', 1)":null,"('0215-S-2005', 2)":null,"('0215-S-2005', 3)":null,"('0215-S-2005', 4)":null},"Fecha: ":{"('0215-S-2005', 0)":"17\/10\/2005","('0215-S-2005', 1)":null,"('0215-S-2005', 2)":null,"('0215-S-2005', 3)":null,"('0215-S-2005', 4)":null},"T\u00edtulo":{"('0215-S-2005', 0)":"PEDIDO DE INFORMES AL PODER EJECUTIVO SOBRE RESOLUCION REMITIDA POR LA AUDITORIA GENERAL DE LA NACION (54\/03) REFERENTE AL CUMPLIMIENTO DE POLITICAS DE SALUD, CONTROL PRESTACIONAL Y ECONOMICO-FINANCIERO, EJERCICIO 2001, EN EL AMBITO DE LA SUPERINTENDENCIA DE SERVICIOS DE SALUD (0193-OV-03), Y DESCARGO EN RELACION A DICHA RESOLUCION (0205-OV-03).","('0215-S-2005', 1)":null,"('0215-S-2005', 2)":null,"('0215-S-2005', 3)":null,"('0215-S-2005', 4)":null},"('Firmantes', 'FIRMANTE')":{"('0215-S-2005', 0)":"PARLAMENTARIA MIXTA REVISORA DE CUENTAS","('0215-S-2005', 1)":null,"('0215-S-2005', 2)":null,"('0215-S-2005', 3)":null,"('0215-S-2005', 4)":null},"('Firmantes', 'DISTRITO')":{"('0215-S-2005', 0)":null,"('0215-S-2005', 1)":null,"('0215-S-2005', 2)":null,"('0215-S-2005', 3)":null,"('0215-S-2005', 4)":null},"('Firmantes', 'BLOQUE')":{"('0215-S-2005', 0)":null,"('0215-S-2005', 1)":null,"('0215-S-2005', 2)":null,"('0215-S-2005', 3)":null,"('0215-S-2005', 4)":null},"('Giros', 'COMISI\u00d3N')":{"('0215-S-2005', 0)":"PARLAMENTARIA MIXTA REVISORA DE CUENTAS","('0215-S-2005', 1)":null,"('0215-S-2005', 2)":null,"('0215-S-2005', 3)":null,"('0215-S-2005', 4)":null},"('Tramites', 'C\u00c1MARA')":{"('0215-S-2005', 0)":"Senado","('0215-S-2005', 1)":"Diputados","('0215-S-2005', 2)":"Diputados","('0215-S-2005', 3)":"Diputados","('0215-S-2005', 4)":"Senado"},"('Tramites', 'MOVIMIENTO')":{"('0215-S-2005', 0)":"CONSIDERACION Y APROBACION","('0215-S-2005', 1)":"PASA A DIPUTADOS -","('0215-S-2005', 2)":"CONSIDERACION Y APROBACION","('0215-S-2005', 3)":"CONTESTACION DEL PODER EJECUTIVO NACIONAL - JEFE DE GABINETE DE MINISTROS - GIRADO A LA COMISION RESPECTIVA","('0215-S-2005', 4)":"CONTESTACION DEL PODER EJECUTIVO NACIONAL - JEFE DE GABINETE DE MINISTROS - GIRADO A LA COMISION RESPECTIVA"},"('Tramites', 'FECHA')":{"('0215-S-2005', 0)":"09\/11\/2005","('0215-S-2005', 1)":null,"('0215-S-2005', 2)":"15\/03\/2006","('0215-S-2005', 3)":"29\/11\/2006","('0215-S-2005', 4)":"15\/04\/2015"},"('Tramites', 'RESULTADO')":{"('0215-S-2005', 0)":"APROBADO","('0215-S-2005', 1)":null,"('0215-S-2005', 2)":"APROBADO","('0215-S-2005', 3)":null,"('0215-S-2005', 4)":null},"Link":{"('0215-S-2005', 0)":"http:\/\/www.senado.gov.ar\/parlamentario\/comisiones\/verExp\/193.03\/OV\/PR","('0215-S-2005', 1)":null,"('0215-S-2005', 2)":null,"('0215-S-2005', 3)":null,"('0215-S-2005', 4)":null},"Palabra Clave":{"('0215-S-2005', 0)":" ","('0215-S-2005', 1)":null,"('0215-S-2005', 2)":null,"('0215-S-2005', 3)":null,"('0215-S-2005', 4)":null}}