{"Tipo de Proyecto":{"('0216-S-2005', 0)":"PROYECTO DE RESOLUCI\u00d3N","('0216-S-2005', 1)":null,"('0216-S-2005', 2)":null,"('0216-S-2005', 3)":null},"Iniciado en: ":{"('0216-S-2005', 0)":"Senado","('0216-S-2005', 1)":null,"('0216-S-2005', 2)":null,"('0216-S-2005', 3)":null},"Expediente Diputados: ":{"('0216-S-2005', 0)":"0216-S-2005","('0216-S-2005', 1)":null,"('0216-S-2005', 2)":null,"('0216-S-2005', 3)":null},"Expediente Senado: ":{"('0216-S-2005', 0)":"0159-OVD-2003","('0216-S-2005', 1)":null,"('0216-S-2005', 2)":null,"('0216-S-2005', 3)":null},"Fecha: ":{"('0216-S-2005', 0)":"19\/10\/2005","('0216-S-2005', 1)":null,"('0216-S-2005', 2)":null,"('0216-S-2005', 3)":null},"T\u00edtulo":{"('0216-S-2005', 0)":"PEDIDO DE INFORMES AL PODER EJECUTIVO SOBRE LA RESPUESTA REMITIDA POR LA JEFATURA DE GABINETE DE MINISTROS EN RELACION A LA RESOLUCION APROBADA POR LA H CAMARA (0128-S-02) SOBRE LAS MEDIDAS ARBITRADAS PARA LA RECUPERACION DE LOS MONTOS ABONADOS EN EXCESO A LA FIRMA CESAR LUIS D'AQUINO S.A., EN EL TRAMITE DE LAS SOLICITUDES DE PAGO DE LOS CREDITOS CONSOLIDADOS DE LA EX EMPRESA SERVICIOS ELECTRICOS DEL GRAN BUENOS AIRES SOCIEDAD ANONIMA, ASI COMO DETERMINAR Y EFECTIVIZAR LAS RESPONSABILIDADES DE CADA UNO DE LOS FUNCIONARIOS INTERVINIENTES EN EL CITADO TRAMITE LIQUIDATORIO.","('0216-S-2005', 1)":null,"('0216-S-2005', 2)":null,"('0216-S-2005', 3)":null},"('Firmantes', 'FIRMANTE')":{"('0216-S-2005', 0)":"PARLAMENTARIA MIXTA REVISORA DE CUENTAS","('0216-S-2005', 1)":null,"('0216-S-2005', 2)":null,"('0216-S-2005', 3)":null},"('Firmantes', 'DISTRITO')":{"('0216-S-2005', 0)":null,"('0216-S-2005', 1)":null,"('0216-S-2005', 2)":null,"('0216-S-2005', 3)":null},"('Firmantes', 'BLOQUE')":{"('0216-S-2005', 0)":null,"('0216-S-2005', 1)":null,"('0216-S-2005', 2)":null,"('0216-S-2005', 3)":null},"('Giros', 'COMISI\u00d3N')":{"('0216-S-2005', 0)":"PARLAMENTARIA MIXTA REVISORA DE CUENTAS","('0216-S-2005', 1)":null,"('0216-S-2005', 2)":null,"('0216-S-2005', 3)":null},"('Tramites', 'C\u00c1MARA')":{"('0216-S-2005', 0)":"Senado","('0216-S-2005', 1)":"Diputados","('0216-S-2005', 2)":"Diputados","('0216-S-2005', 3)":"Diputados"},"('Tramites', 'MOVIMIENTO')":{"('0216-S-2005', 0)":"CONSIDERACION Y APROBACION","('0216-S-2005', 1)":"PASA A DIPUTADOS -","('0216-S-2005', 2)":"CONSIDERACION Y APROBACION","('0216-S-2005', 3)":"CONTESTACION DEL PODER EJECUTIVO NACIONAL - JEFE DE GABINETE DE MINISTROS - GIRADO A LA COMISION RESPECTIVA"},"('Tramites', 'FECHA')":{"('0216-S-2005', 0)":"09\/11\/2005","('0216-S-2005', 1)":null,"('0216-S-2005', 2)":"15\/03\/2006","('0216-S-2005', 3)":"25\/10\/2006"},"('Tramites', 'RESULTADO')":{"('0216-S-2005', 0)":"APROBADO","('0216-S-2005', 1)":null,"('0216-S-2005', 2)":"APROBADO","('0216-S-2005', 3)":null},"Link":{"('0216-S-2005', 0)":"http:\/\/www.senado.gov.ar\/parlamentario\/comisiones\/verExp\/159.03\/OVD\/PR","('0216-S-2005', 1)":null,"('0216-S-2005', 2)":null,"('0216-S-2005', 3)":null},"Palabra Clave":{"('0216-S-2005', 0)":" ","('0216-S-2005', 1)":null,"('0216-S-2005', 2)":null,"('0216-S-2005', 3)":null}}