{"Tipo de Proyecto":{"('0217-S-2005', 0)":"PROYECTO DE RESOLUCI\u00d3N","('0217-S-2005', 1)":null,"('0217-S-2005', 2)":null},"Iniciado en: ":{"('0217-S-2005', 0)":"Senado","('0217-S-2005', 1)":null,"('0217-S-2005', 2)":null},"Expediente Diputados: ":{"('0217-S-2005', 0)":"0217-S-2005","('0217-S-2005', 1)":null,"('0217-S-2005', 2)":null},"Expediente Senado: ":{"('0217-S-2005', 0)":"0834-OVD-2004","('0217-S-2005', 1)":null,"('0217-S-2005', 2)":null},"Fecha: ":{"('0217-S-2005', 0)":"19\/10\/2005","('0217-S-2005', 1)":null,"('0217-S-2005', 2)":null},"T\u00edtulo":{"('0217-S-2005', 0)":"REITERACION DE PEDIDO DE INFORMES AL PODER EJECUTIVO SOBRE LA RESPUESTA REMITIDA POR LA JEFATURA DE GABINETE DE MINISTROS EN RELACION A LA RESOLUCION APROBADA POR LA H CAMARA (0241-S-03) REFERENTE A LOS ESTADOS FINANCIEROS AL 31 DE DICIEMBRE DE 2001 DEL PROGRAMA DE ATENCION A NI\u00d1OS Y ADOLESCENTES EN RIESGO (PROAME II) - CONTRATO DE PRESTAMO 1111\/0C-AR Y 1008\/SF-AR Y CONVENIO DE COOPERACION TECNICA NO REEMBOLSABLE BID ATN\/SF 6076-AR.","('0217-S-2005', 1)":null,"('0217-S-2005', 2)":null},"('Firmantes', 'FIRMANTE')":{"('0217-S-2005', 0)":"PARLAMENTARIA MIXTA REVISORA DE CUENTAS","('0217-S-2005', 1)":null,"('0217-S-2005', 2)":null},"('Firmantes', 'DISTRITO')":{"('0217-S-2005', 0)":null,"('0217-S-2005', 1)":null,"('0217-S-2005', 2)":null},"('Firmantes', 'BLOQUE')":{"('0217-S-2005', 0)":null,"('0217-S-2005', 1)":null,"('0217-S-2005', 2)":null},"('Giros', 'COMISI\u00d3N')":{"('0217-S-2005', 0)":"PARLAMENTARIA MIXTA REVISORA DE CUENTAS","('0217-S-2005', 1)":null,"('0217-S-2005', 2)":null},"('Tramites', 'C\u00c1MARA')":{"('0217-S-2005', 0)":"Senado","('0217-S-2005', 1)":"Diputados","('0217-S-2005', 2)":"Diputados"},"('Tramites', 'MOVIMIENTO')":{"('0217-S-2005', 0)":"CONSIDERACION Y APROBACION","('0217-S-2005', 1)":"PASA A DIPUTADOS -","('0217-S-2005', 2)":"CONSIDERACION Y APROBACION"},"('Tramites', 'FECHA')":{"('0217-S-2005', 0)":"09\/11\/2005","('0217-S-2005', 1)":null,"('0217-S-2005', 2)":"15\/03\/2006"},"('Tramites', 'RESULTADO')":{"('0217-S-2005', 0)":"APROBADO","('0217-S-2005', 1)":null,"('0217-S-2005', 2)":"APROBADO"},"Link":{"('0217-S-2005', 0)":"http:\/\/www.senado.gov.ar\/parlamentario\/comisiones\/verExp\/834.04\/OVD\/PR","('0217-S-2005', 1)":null,"('0217-S-2005', 2)":null},"Palabra Clave":{"('0217-S-2005', 0)":" ","('0217-S-2005', 1)":null,"('0217-S-2005', 2)":null}}