{"Tipo de Proyecto":{"('0001-JGM-2010', 0)":"MENSAJE NRO: 0001\/10","('0001-JGM-2010', 1)":null,"('0001-JGM-2010', 2)":null},"Iniciado en: ":{"('0001-JGM-2010', 0)":"Diputados","('0001-JGM-2010', 1)":null,"('0001-JGM-2010', 2)":null},"Expediente Diputados: ":{"('0001-JGM-2010', 0)":"0001-JGM-2010","('0001-JGM-2010', 1)":null,"('0001-JGM-2010', 2)":null},"Publicado en: ":{"('0001-JGM-2010', 0)":"Tr\u00e1mite Parlamentario N\u00b0 1","('0001-JGM-2010', 1)":null,"('0001-JGM-2010', 2)":null},"Fecha: ":{"('0001-JGM-2010', 0)":"01\/03\/2010","('0001-JGM-2010', 1)":null,"('0001-JGM-2010', 2)":null},"T\u00edtulo":{"('0001-JGM-2010', 0)":"COMUNICACION DEL DECRETO DE NECESIDAD Y URGENCIA 296\/10 POR EL CUAL SE DEROGA EL DECRETO DE NECESIDAD Y URGENCIA 2010\/09.","('0001-JGM-2010', 1)":null,"('0001-JGM-2010', 2)":null},"('Firmantes', 'FIRMANTE')":{"('0001-JGM-2010', 0)":"BOUDOU, AMADO","('0001-JGM-2010', 1)":null,"('0001-JGM-2010', 2)":null},"('Firmantes', 'DISTRITO')":{"('0001-JGM-2010', 0)":null,"('0001-JGM-2010', 1)":null,"('0001-JGM-2010', 2)":null},"('Firmantes', 'BLOQUE')":{"('0001-JGM-2010', 0)":"PODER EJECUTIVO","('0001-JGM-2010', 1)":null,"('0001-JGM-2010', 2)":null},"('Giros', 'COMISI\u00d3N')":{"('0001-JGM-2010', 0)":"BICAMERAL PERMANENTE DE TRAMITE LEGISLATIVO - LEY 26122","('0001-JGM-2010', 1)":null,"('0001-JGM-2010', 2)":null},"('Tramites', 'C\u00c1MARA')":{"('0001-JGM-2010', 0)":"Diputados","('0001-JGM-2010', 1)":"Diputados","('0001-JGM-2010', 2)":"Diputados"},"('Tramites', 'MOVIMIENTO')":{"('0001-JGM-2010', 0)":"COMUNICACION DEL DICTAMEN","('0001-JGM-2010', 1)":"MOCION SOBRE TABLAS (PLAN DE LABOR) (AFIRMATIVA)","('0001-JGM-2010', 2)":"LECTURA EN RECINTO DE RESOLUCION CAUTELAR REFERENTE A LA ILEGITIMIDAD DE LA INTEGRACION DE LA COMISION BICAMERAL"},"('Tramites', 'FECHA')":{"('0001-JGM-2010', 0)":null,"('0001-JGM-2010', 1)":"17\/03\/2010","('0001-JGM-2010', 2)":"17\/03\/2010"},"('Tramites', 'RESULTADO')":{"('0001-JGM-2010', 0)":null,"('0001-JGM-2010', 1)":null,"('0001-JGM-2010', 2)":null},"Link":{"('0001-JGM-2010', 0)":"https:\/\/www4.hcdn.gob.ar\/dependencias\/dsecretaria\/Periodo2010\/PDF2010\/TP2010\/0001-JGM-10.pdf","('0001-JGM-2010', 1)":null,"('0001-JGM-2010', 2)":null},"Palabra Clave":{"('0001-JGM-2010', 0)":" ","('0001-JGM-2010', 1)":null,"('0001-JGM-2010', 2)":null}}