{"Tipo de Proyecto":{"('0003-JGM-2010', 0)":"MENSAJE NRO: 0106\/10","('0003-JGM-2010', 1)":null,"('0003-JGM-2010', 2)":null,"('0003-JGM-2010', 3)":null,"('0003-JGM-2010', 4)":null,"('0003-JGM-2010', 5)":null,"('0003-JGM-2010', 6)":null,"('0003-JGM-2010', 7)":null,"('0003-JGM-2010', 8)":null,"('0003-JGM-2010', 9)":null,"('0003-JGM-2010', 10)":null},"Iniciado en: ":{"('0003-JGM-2010', 0)":"Diputados","('0003-JGM-2010', 1)":null,"('0003-JGM-2010', 2)":null,"('0003-JGM-2010', 3)":null,"('0003-JGM-2010', 4)":null,"('0003-JGM-2010', 5)":null,"('0003-JGM-2010', 6)":null,"('0003-JGM-2010', 7)":null,"('0003-JGM-2010', 8)":null,"('0003-JGM-2010', 9)":null,"('0003-JGM-2010', 10)":null},"Expediente Diputados: ":{"('0003-JGM-2010', 0)":"0003-JGM-2010","('0003-JGM-2010', 1)":null,"('0003-JGM-2010', 2)":null,"('0003-JGM-2010', 3)":null,"('0003-JGM-2010', 4)":null,"('0003-JGM-2010', 5)":null,"('0003-JGM-2010', 6)":null,"('0003-JGM-2010', 7)":null,"('0003-JGM-2010', 8)":null,"('0003-JGM-2010', 9)":null,"('0003-JGM-2010', 10)":null},"Publicado en: ":{"('0003-JGM-2010', 0)":"Tr\u00e1mite Parlamentario N\u00b0 14","('0003-JGM-2010', 1)":null,"('0003-JGM-2010', 2)":null,"('0003-JGM-2010', 3)":null,"('0003-JGM-2010', 4)":null,"('0003-JGM-2010', 5)":null,"('0003-JGM-2010', 6)":null,"('0003-JGM-2010', 7)":null,"('0003-JGM-2010', 8)":null,"('0003-JGM-2010', 9)":null,"('0003-JGM-2010', 10)":null},"Fecha: ":{"('0003-JGM-2010', 0)":"15\/03\/2010","('0003-JGM-2010', 1)":null,"('0003-JGM-2010', 2)":null,"('0003-JGM-2010', 3)":null,"('0003-JGM-2010', 4)":null,"('0003-JGM-2010', 5)":null,"('0003-JGM-2010', 6)":null,"('0003-JGM-2010', 7)":null,"('0003-JGM-2010', 8)":null,"('0003-JGM-2010', 9)":null,"('0003-JGM-2010', 10)":null},"T\u00edtulo":{"('0003-JGM-2010', 0)":"COMUNICACION DEL DICTADO DEL DECRETO DE NECESIDAD Y URGENCIA 298\/10 POR EL CUAL SE CREA EL FONDO DE DESENDEUDAMIENTO ARGENTINO.","('0003-JGM-2010', 1)":null,"('0003-JGM-2010', 2)":null,"('0003-JGM-2010', 3)":null,"('0003-JGM-2010', 4)":null,"('0003-JGM-2010', 5)":null,"('0003-JGM-2010', 6)":null,"('0003-JGM-2010', 7)":null,"('0003-JGM-2010', 8)":null,"('0003-JGM-2010', 9)":null,"('0003-JGM-2010', 10)":null},"('Firmantes', 'FIRMANTE')":{"('0003-JGM-2010', 0)":"FERNANDEZ, ANIBAL","('0003-JGM-2010', 1)":"BOUDOU, AMADO","('0003-JGM-2010', 2)":null,"('0003-JGM-2010', 3)":null,"('0003-JGM-2010', 4)":null,"('0003-JGM-2010', 5)":null,"('0003-JGM-2010', 6)":null,"('0003-JGM-2010', 7)":null,"('0003-JGM-2010', 8)":null,"('0003-JGM-2010', 9)":null,"('0003-JGM-2010', 10)":null},"('Firmantes', 'DISTRITO')":{"('0003-JGM-2010', 0)":null,"('0003-JGM-2010', 1)":null,"('0003-JGM-2010', 2)":null,"('0003-JGM-2010', 3)":null,"('0003-JGM-2010', 4)":null,"('0003-JGM-2010', 5)":null,"('0003-JGM-2010', 6)":null,"('0003-JGM-2010', 7)":null,"('0003-JGM-2010', 8)":null,"('0003-JGM-2010', 9)":null,"('0003-JGM-2010', 10)":null},"('Firmantes', 'BLOQUE')":{"('0003-JGM-2010', 0)":"PODER EJECUTIVO","('0003-JGM-2010', 1)":"PODER EJECUTIVO","('0003-JGM-2010', 2)":null,"('0003-JGM-2010', 3)":null,"('0003-JGM-2010', 4)":null,"('0003-JGM-2010', 5)":null,"('0003-JGM-2010', 6)":null,"('0003-JGM-2010', 7)":null,"('0003-JGM-2010', 8)":null,"('0003-JGM-2010', 9)":null,"('0003-JGM-2010', 10)":null},"('Giros', 'COMISI\u00d3N')":{"('0003-JGM-2010', 0)":"BICAMERAL PERMANENTE DE TRAMITE LEGISLATIVO - LEY 26122","('0003-JGM-2010', 1)":null,"('0003-JGM-2010', 2)":null,"('0003-JGM-2010', 3)":null,"('0003-JGM-2010', 4)":null,"('0003-JGM-2010', 5)":null,"('0003-JGM-2010', 6)":null,"('0003-JGM-2010', 7)":null,"('0003-JGM-2010', 8)":null,"('0003-JGM-2010', 9)":null,"('0003-JGM-2010', 10)":null},"('Tramites', 'C\u00c1MARA')":{"('0003-JGM-2010', 0)":"Diputados","('0003-JGM-2010', 1)":"Diputados","('0003-JGM-2010', 2)":"Diputados","('0003-JGM-2010', 3)":"Diputados","('0003-JGM-2010', 4)":"Diputados","('0003-JGM-2010', 5)":"Diputados","('0003-JGM-2010', 6)":"Diputados","('0003-JGM-2010', 7)":"Diputados","('0003-JGM-2010', 8)":"Diputados","('0003-JGM-2010', 9)":"Diputados","('0003-JGM-2010', 10)":"Diputados"},"('Tramites', 'MOVIMIENTO')":{"('0003-JGM-2010', 0)":"COMUNICACION DEL DICTAMEN","('0003-JGM-2010', 1)":"CONSIDERACION","('0003-JGM-2010', 2)":"LECTURA EN RECINTO DE RESOLUCION CAUTELAR REFERENTE A LA ILEGITIMIDAD DE LA INTEGRACION DE LA COMISION BICAMERAL","('0003-JGM-2010', 3)":"MANIFESTACIONES EN MINORIA","('0003-JGM-2010', 4)":"CONVOCATORIA SESION ESPECIAL","('0003-JGM-2010', 5)":"ASENTIMIENTO DE LA H CAMARA AL TRATAMIENTO EN ESTA SESION","('0003-JGM-2010', 6)":"COMIENZA CONSIDERACION","('0003-JGM-2010', 7)":"LA PRESIDENCIA ACLARA EL SENTIDO DE LA VOTACION: EL RECHAZO SIGNIFICA EL RECHAZO DEL DECRETO.","('0003-JGM-2010', 8)":"CONSIDERACION Y RECHAZO (VOTACION NOMINAL)","('0003-JGM-2010', 9)":"TEXTO DE LA RESOLUCION APROBADA","('0003-JGM-2010', 10)":"INSERCIONES DE LOS DIPUTADOS CARRIO, DIAZ BANCALARI, KORENFELD, LEVERBERG, PILATTI VERGARA Y WEST"},"('Tramites', 'FECHA')":{"('0003-JGM-2010', 0)":null,"('0003-JGM-2010', 1)":"17\/03\/2010","('0003-JGM-2010', 2)":"17\/03\/2010","('0003-JGM-2010', 3)":"07\/04\/2010","('0003-JGM-2010', 4)":"13\/04\/2010","('0003-JGM-2010', 5)":"13\/04\/2010","('0003-JGM-2010', 6)":"13\/04\/2010","('0003-JGM-2010', 7)":"13\/04\/2010","('0003-JGM-2010', 8)":"13\/04\/2010","('0003-JGM-2010', 9)":"13\/04\/2010","('0003-JGM-2010', 10)":"13\/04\/2010"},"('Tramites', 'RESULTADO')":{"('0003-JGM-2010', 0)":null,"('0003-JGM-2010', 1)":null,"('0003-JGM-2010', 2)":null,"('0003-JGM-2010', 3)":null,"('0003-JGM-2010', 4)":null,"('0003-JGM-2010', 5)":null,"('0003-JGM-2010', 6)":null,"('0003-JGM-2010', 7)":null,"('0003-JGM-2010', 8)":"RECHAZADO","('0003-JGM-2010', 9)":null,"('0003-JGM-2010', 10)":null},"Link":{"('0003-JGM-2010', 0)":"https:\/\/www4.hcdn.gob.ar\/dependencias\/dsecretaria\/Periodo2010\/PDF2010\/TP2010\/0003-JGM-10.pdf","('0003-JGM-2010', 1)":null,"('0003-JGM-2010', 2)":null,"('0003-JGM-2010', 3)":null,"('0003-JGM-2010', 4)":null,"('0003-JGM-2010', 5)":null,"('0003-JGM-2010', 6)":null,"('0003-JGM-2010', 7)":null,"('0003-JGM-2010', 8)":null,"('0003-JGM-2010', 9)":null,"('0003-JGM-2010', 10)":null},"Palabra Clave":{"('0003-JGM-2010', 0)":" ","('0003-JGM-2010', 1)":null,"('0003-JGM-2010', 2)":null,"('0003-JGM-2010', 3)":null,"('0003-JGM-2010', 4)":null,"('0003-JGM-2010', 5)":null,"('0003-JGM-2010', 6)":null,"('0003-JGM-2010', 7)":null,"('0003-JGM-2010', 8)":null,"('0003-JGM-2010', 9)":null,"('0003-JGM-2010', 10)":null}}