{"Tipo de Proyecto":{"('0004-D-2010', 0)":"PROYECTO DE LEY","('0004-D-2010', 1)":null},"Iniciado en: ":{"('0004-D-2010', 0)":"Diputados","('0004-D-2010', 1)":null},"Expediente Diputados: ":{"('0004-D-2010', 0)":"0004-D-2010","('0004-D-2010', 1)":null},"Publicado en: ":{"('0004-D-2010', 0)":"Tr\u00e1mite Parlamentario N\u00b0 3","('0004-D-2010', 1)":null},"Fecha: ":{"('0004-D-2010', 0)":"02\/03\/2010","('0004-D-2010', 1)":null},"T\u00edtulo":{"('0004-D-2010', 0)":"ACCESIBILIDAD Y TRANSPORTE PARA PERSONAS CON DISCAPACIDAD, LEY 22431: SUSTITUCION DEL INCISO A) DEL ARTICULO 22 (OBLIGATORIEDAD DE CONTAR EN LOS VEHICULOS DE TRANSPORTE PUBLICO CON DOS ASIENTOS PARA PERSONAS CON MOVILIDAD REDUCIDA); DEROGACION DEL ARTICULO 1 DE LA LEY 25635, LA LEY 25634, LOS ARTICULOS 1 Y 2 DE LA LEY 25644, EL ARTICULO 4 DEL DECRETO 118\/2006, LOS PARRAFOS PRIMERO A SEPTIMO DEL DECRETO 38\/2004 Y LOS ARTICULOS 1, 2 Y 3 DE LA RESOLUCION 31\/04.","('0004-D-2010', 1)":null},"('Firmantes', 'FIRMANTE')":{"('0004-D-2010', 0)":"BERTOL, PAULA MARIA","('0004-D-2010', 1)":"BIANCHI, IVANA MARIA"},"('Firmantes', 'DISTRITO')":{"('0004-D-2010', 0)":"CIUDAD de BUENOS AIRES","('0004-D-2010', 1)":"SAN LUIS"},"('Firmantes', 'BLOQUE')":{"('0004-D-2010', 0)":"PRO","('0004-D-2010', 1)":"PERONISMO FEDERAL"},"('Giros', 'COMISI\u00d3N')":{"('0004-D-2010', 0)":"DISCAPACIDAD","('0004-D-2010', 1)":"TRANSPORTES"},"Link":{"('0004-D-2010', 0)":"https:\/\/www.hcdn.gob.ar\/proyectos\/textoCompleto.jsp?exp=0004-D-2010&tipo=LEY","('0004-D-2010', 1)":null},"Palabra Clave":{"('0004-D-2010', 0)":" ","('0004-D-2010', 1)":null}}