{"Tipo de Proyecto":{"('0004-S-2010', 0)":"PROYECTO DE LEY"},"Iniciado en: ":{"('0004-S-2010', 0)":"Senado"},"Expediente Senado: ":{"('0004-S-2010', 0)":"0004-S-2010"},"Publicado en: ":{"('0004-S-2010', 0)":"Diario de Asuntos Entrados N\u00b0 1"},"Fecha: ":{"('0004-S-2010', 0)":"01\/03\/2010"},"T\u00edtulo":{"('0004-S-2010', 0)":"JURISDICCION DE LAS PROVINCIAS SOBRE EL MAR TERRITORIAL ADYACENTE A SUS COSTAS, HASTA UNA DISTANCIA DE DOCE (12) MILLAS MARINAS A PARTIR DE LAS LINEAS ESTABLECIDAS EN EL ARTICULO 1 DE LA LEY 23968 (REPRODUCCION DEL EXPEDIENTE 0530-S-08)."},"('Firmantes', 'FIRMANTE')":{"('0004-S-2010', 0)":"GUINLE, MARCELO ALEJANDRO"},"('Firmantes', 'DISTRITO')":{"('0004-S-2010', 0)":"CHUBUT"},"('Firmantes', 'BLOQUE')":{"('0004-S-2010', 0)":"FRENTE PARA LA VICTORIA - PJ"},"('Tramites', 'C\u00c1MARA')":{"('0004-S-2010', 0)":"Senado"},"('Tramites', 'MOVIMIENTO')":{"('0004-S-2010', 0)":"REPRODUCIDO POR EXPEDIENTE 0112-S-12"},"('Tramites', 'FECHA')":{"('0004-S-2010', 0)":null},"('Tramites', 'RESULTADO')":{"('0004-S-2010', 0)":null},"Sumario":{"('0004-S-2010', 0)":"DEROGACION DEL DECRETO LEY 18502, REFERIDO AL MAR TERRITORIAL Y LA JURISDICCION PROVINCIAL SOBRE DICHO MAR."},"Palabra Clave":{"('0004-S-2010', 0)":" "}}