{"Tipo de Proyecto":{"('0005-D-2010', 0)":"PROYECTO DE DECLARACI\u00d3N","('0005-D-2010', 1)":null,"('0005-D-2010', 2)":null},"Iniciado en: ":{"('0005-D-2010', 0)":"Diputados","('0005-D-2010', 1)":null,"('0005-D-2010', 2)":null},"Expediente Diputados: ":{"('0005-D-2010', 0)":"0005-D-2010","('0005-D-2010', 1)":null,"('0005-D-2010', 2)":null},"Publicado en: ":{"('0005-D-2010', 0)":"Tr\u00e1mite Parlamentario N\u00b0 3","('0005-D-2010', 1)":null,"('0005-D-2010', 2)":null},"Fecha: ":{"('0005-D-2010', 0)":"02\/03\/2010","('0005-D-2010', 1)":null,"('0005-D-2010', 2)":null},"T\u00edtulo":{"('0005-D-2010', 0)":"VERIA CON AGRADO QUE EN EL PROXIMO CONVENIO DE TRANSFERENCIAS PROGRESIVAS DE COMPETENCIAS PENALES DEL PODER JUDICIAL DE LA NACION AL PODER JUDICIAL DE LA CIUDAD AUTONOMA DE BUENOS AIRES SE INCLUYAN LOS DELITOS ESTABLECIDOS EN LA LEY 24788 DE LUCHA CONTRA EL ALCOHOLISMO.","('0005-D-2010', 1)":null,"('0005-D-2010', 2)":null},"('Firmantes', 'FIRMANTE')":{"('0005-D-2010', 0)":"BERTOL, PAULA MARIA","('0005-D-2010', 1)":"PINEDO, FEDERICO","('0005-D-2010', 2)":"TRIACA, ALBERTO JORGE"},"('Firmantes', 'DISTRITO')":{"('0005-D-2010', 0)":"CIUDAD de BUENOS AIRES","('0005-D-2010', 1)":"CIUDAD de BUENOS AIRES","('0005-D-2010', 2)":"CIUDAD de BUENOS AIRES"},"('Firmantes', 'BLOQUE')":{"('0005-D-2010', 0)":"PRO","('0005-D-2010', 1)":"PRO","('0005-D-2010', 2)":"PRO"},"('Giros', 'COMISI\u00d3N')":{"('0005-D-2010', 0)":"PREVENCION DE ADICCIONES Y CONTROL DEL NARCOTRAFICO","('0005-D-2010', 1)":"LEGISLACION PENAL","('0005-D-2010', 2)":null},"Link":{"('0005-D-2010', 0)":"https:\/\/www.hcdn.gob.ar\/proyectos\/textoCompleto.jsp?exp=0005-D-2010&tipo=DECLARACION","('0005-D-2010', 1)":null,"('0005-D-2010', 2)":null},"Palabra Clave":{"('0005-D-2010', 0)":" ","('0005-D-2010', 1)":null,"('0005-D-2010', 2)":null}}