{"Tipo de Proyecto":{"('0005-PE-2010', 0)":"MENSAJE NRO: 0461\/10 Y PROYECTO DE LEY","('0005-PE-2010', 1)":null,"('0005-PE-2010', 2)":null},"Iniciado en: ":{"('0005-PE-2010', 0)":"Diputados","('0005-PE-2010', 1)":null,"('0005-PE-2010', 2)":null},"Expediente Diputados: ":{"('0005-PE-2010', 0)":"0005-PE-2010","('0005-PE-2010', 1)":null,"('0005-PE-2010', 2)":null},"Publicado en: ":{"('0005-PE-2010', 0)":"Tr\u00e1mite Parlamentario N\u00b0 28","('0005-PE-2010', 1)":null,"('0005-PE-2010', 2)":null},"Fecha: ":{"('0005-PE-2010', 0)":"07\/04\/2010","('0005-PE-2010', 1)":null,"('0005-PE-2010', 2)":null},"T\u00edtulo":{"('0005-PE-2010', 0)":"ESTABLECER EL 24 DE MAYO DE 2010 COMO FERIADO NACIONAL POR UNICA VEZ, CON LOS ALCANCES DE LA LEY 21239.","('0005-PE-2010', 1)":null,"('0005-PE-2010', 2)":null},"('Firmantes', 'FIRMANTE')":{"('0005-PE-2010', 0)":"FERNANDEZ DE KIRCHNER, CRISTINA","('0005-PE-2010', 1)":"FERNANDEZ, ANIBAL","('0005-PE-2010', 2)":"RANDAZZO, FLORENCIO"},"('Firmantes', 'DISTRITO')":{"('0005-PE-2010', 0)":null,"('0005-PE-2010', 1)":null,"('0005-PE-2010', 2)":null},"('Firmantes', 'BLOQUE')":{"('0005-PE-2010', 0)":"PODER EJECUTIVO","('0005-PE-2010', 1)":"PODER EJECUTIVO","('0005-PE-2010', 2)":"PODER EJECUTIVO"},"('Giros', 'COMISI\u00d3N')":{"('0005-PE-2010', 0)":"LEGISLACION GENERAL","('0005-PE-2010', 1)":"CULTURA","('0005-PE-2010', 2)":null},"Link":{"('0005-PE-2010', 0)":"https:\/\/www4.hcdn.gob.ar\/dependencias\/dsecretaria\/Periodo2010\/PDF2010\/TP2010\/0005-PE-10.pdf","('0005-PE-2010', 1)":null,"('0005-PE-2010', 2)":null},"Palabra Clave":{"('0005-PE-2010', 0)":" ","('0005-PE-2010', 1)":null,"('0005-PE-2010', 2)":null}}