{"Tipo de Proyecto":{"('0007-S-2010', 0)":"PROYECTO DE LEY"},"Iniciado en: ":{"('0007-S-2010', 0)":"Senado"},"Expediente Senado: ":{"('0007-S-2010', 0)":"0007-S-2010"},"Publicado en: ":{"('0007-S-2010', 0)":"Diario de Asuntos Entrados N\u00b0 1"},"Fecha: ":{"('0007-S-2010', 0)":"01\/03\/2010"},"T\u00edtulo":{"('0007-S-2010', 0)":"MODIFICACION DEL CODIGO CIVIL RESPECTO DE LAS ACCIONES DE FILIACION Y DE IMPUGNACION DE LA PATERNIDAD MATRIMONIAL (REPRODUCCION DEL EXPEDIENTE 1161-S-08)."},"('Firmantes', 'FIRMANTE')":{"('0007-S-2010', 0)":"GUINLE, MARCELO ALEJANDRO"},"('Firmantes', 'DISTRITO')":{"('0007-S-2010', 0)":"CHUBUT"},"('Firmantes', 'BLOQUE')":{"('0007-S-2010', 0)":"FRENTE PARA LA VICTORIA - PJ"},"('Tramites', 'C\u00c1MARA')":{"('0007-S-2010', 0)":"Senado"},"('Tramites', 'MOVIMIENTO')":{"('0007-S-2010', 0)":"REPRODUCIDO POR EXPEDIENTE 0115-S-12"},"('Tramites', 'FECHA')":{"('0007-S-2010', 0)":null},"('Tramites', 'RESULTADO')":{"('0007-S-2010', 0)":null},"Sumario":{"('0007-S-2010', 0)":"INCORPORACION DE UN PARRAFO AL ARTICULO 253; SUSTITUCION DE LOS ARTICULOS 254 (RECLAMO DE LOS HIJOS DE SU FILIACION MATRIMONIAL), 258 (IMPUGNACION DE LA PATERNIDAD POR PARTE DEL MARIDO), 259 (ACCION DE IMPUGNACION DE LA PATERNIDAD), 260 (CADUCIDAD) Y 263 (IMPUGNACION DEL RECONOCIMIENTO QUE HAGAN LOS PADRES DE LOS HIJOS CONCEBIDOS FUERA DEL MATRIMONIO)."},"Palabra Clave":{"('0007-S-2010', 0)":" "}}