{"Tipo de Proyecto":{"('0007-PE-2010', 0)":"MENSAJE NRO: 0540\/10","('0007-PE-2010', 1)":null,"('0007-PE-2010', 2)":null},"Iniciado en: ":{"('0007-PE-2010', 0)":"Diputados","('0007-PE-2010', 1)":null,"('0007-PE-2010', 2)":null},"Expediente Diputados: ":{"('0007-PE-2010', 0)":"0007-PE-2010","('0007-PE-2010', 1)":null,"('0007-PE-2010', 2)":null},"Publicado en: ":{"('0007-PE-2010', 0)":"Tr\u00e1mite Parlamentario N\u00b0 39","('0007-PE-2010', 1)":null,"('0007-PE-2010', 2)":null},"Fecha: ":{"('0007-PE-2010', 0)":"22\/04\/2010","('0007-PE-2010', 1)":null,"('0007-PE-2010', 2)":null},"T\u00edtulo":{"('0007-PE-2010', 0)":"COMUNICACION DEL DECRETO 511\/10 POR EL CUAL SE HABILITA CON CARACTER PARTICULAR, DE USO PRIVADO Y CON DESTINO INDUSTRIAL Y COMERCIAL, EL PUERTO DENOMINADO DREYFUS TIMBUES PROPIEDAD DE LA FIRMA  LCD ARGENTINA SOCIEDAD ANONIMA, UBICADO EN LA MARGEN DERECHA DEL RIO CORONDA, PROVINCIA DE SANTA FE.","('0007-PE-2010', 1)":null,"('0007-PE-2010', 2)":null},"('Firmantes', 'FIRMANTE')":{"('0007-PE-2010', 0)":"FERNANDEZ DE KIRCHNER, CRISTINA","('0007-PE-2010', 1)":"FERNANDEZ, ANIBAL","('0007-PE-2010', 2)":"DE VIDO, JULIO"},"('Firmantes', 'DISTRITO')":{"('0007-PE-2010', 0)":null,"('0007-PE-2010', 1)":null,"('0007-PE-2010', 2)":null},"('Firmantes', 'BLOQUE')":{"('0007-PE-2010', 0)":"PODER EJECUTIVO","('0007-PE-2010', 1)":"PODER EJECUTIVO","('0007-PE-2010', 2)":"PODER EJECUTIVO"},"('Giros', 'COMISI\u00d3N')":{"('0007-PE-2010', 0)":"INTERESES MARITIMOS, FLUVIALES, PESQUEROS Y PORTUARIOS","('0007-PE-2010', 1)":null,"('0007-PE-2010', 2)":null},"Link":{"('0007-PE-2010', 0)":"https:\/\/www4.hcdn.gob.ar\/dependencias\/dsecretaria\/Periodo2010\/PDF2010\/TP2010\/0007-PE-10.pdf","('0007-PE-2010', 1)":null,"('0007-PE-2010', 2)":null},"Palabra Clave":{"('0007-PE-2010', 0)":" ","('0007-PE-2010', 1)":null,"('0007-PE-2010', 2)":null}}