{"Tipo de Proyecto":{"('0007-JGM-2010', 0)":"MENSAJE NRO: 0181\/10","('0007-JGM-2010', 1)":null,"('0007-JGM-2010', 2)":null},"Iniciado en: ":{"('0007-JGM-2010', 0)":"Diputados","('0007-JGM-2010', 1)":null,"('0007-JGM-2010', 2)":null},"Expediente Diputados: ":{"('0007-JGM-2010', 0)":"0007-JGM-2010","('0007-JGM-2010', 1)":null,"('0007-JGM-2010', 2)":null},"Publicado en: ":{"('0007-JGM-2010', 0)":"Tr\u00e1mite Parlamentario N\u00b0 35","('0007-JGM-2010', 1)":null,"('0007-JGM-2010', 2)":null},"Fecha: ":{"('0007-JGM-2010', 0)":"16\/04\/2010","('0007-JGM-2010', 1)":null,"('0007-JGM-2010', 2)":null},"T\u00edtulo":{"('0007-JGM-2010', 0)":"COMUNICACION DEL DECRETO 500\/2010, DICTADO EN USO DE FACULTADES DELEGADAS POR EL CUAL SE MODIFICA EL DECRETO 509\/07 Y SUS MODIFICACIONES, SOBRE NOMENCLATURA COMUN DEL MERCOSUR.","('0007-JGM-2010', 1)":null,"('0007-JGM-2010', 2)":null},"('Firmantes', 'FIRMANTE')":{"('0007-JGM-2010', 0)":"FERNANDEZ, ANIBAL","('0007-JGM-2010', 1)":"BOUDOU, AMADO","('0007-JGM-2010', 2)":"GIORGI, DEBORA"},"('Firmantes', 'DISTRITO')":{"('0007-JGM-2010', 0)":null,"('0007-JGM-2010', 1)":null,"('0007-JGM-2010', 2)":null},"('Firmantes', 'BLOQUE')":{"('0007-JGM-2010', 0)":"PODER EJECUTIVO","('0007-JGM-2010', 1)":"PODER EJECUTIVO","('0007-JGM-2010', 2)":"PODER EJECUTIVO"},"('Giros', 'COMISI\u00d3N')":{"('0007-JGM-2010', 0)":"BICAMERAL PERMANENTE DE TRAMITE LEGISLATIVO - LEY 26122","('0007-JGM-2010', 1)":null,"('0007-JGM-2010', 2)":null},"('Tramites', 'C\u00c1MARA')":{"('0007-JGM-2010', 0)":"Diputados","('0007-JGM-2010', 1)":null,"('0007-JGM-2010', 2)":null},"('Tramites', 'MOVIMIENTO')":{"('0007-JGM-2010', 0)":"CONSIDERACION Y APROBACION","('0007-JGM-2010', 1)":null,"('0007-JGM-2010', 2)":null},"('Tramites', 'FECHA')":{"('0007-JGM-2010', 0)":"24\/10\/2012","('0007-JGM-2010', 1)":null,"('0007-JGM-2010', 2)":null},"('Tramites', 'RESULTADO')":{"('0007-JGM-2010', 0)":"APROBADO","('0007-JGM-2010', 1)":null,"('0007-JGM-2010', 2)":null},"Link":{"('0007-JGM-2010', 0)":"https:\/\/www4.hcdn.gob.ar\/dependencias\/dsecretaria\/Periodo2010\/PDF2010\/TP2010\/0007-JGM-10.pdf","('0007-JGM-2010', 1)":null,"('0007-JGM-2010', 2)":null},"Palabra Clave":{"('0007-JGM-2010', 0)":" ","('0007-JGM-2010', 1)":null,"('0007-JGM-2010', 2)":null}}