{"Tipo de Proyecto":{"('0007-D-2010', 0)":"PROYECTO DE RESOLUCI\u00d3N","('0007-D-2010', 1)":null,"('0007-D-2010', 2)":null,"('0007-D-2010', 3)":null,"('0007-D-2010', 4)":null},"Iniciado en: ":{"('0007-D-2010', 0)":"Diputados","('0007-D-2010', 1)":null,"('0007-D-2010', 2)":null,"('0007-D-2010', 3)":null,"('0007-D-2010', 4)":null},"Expediente Diputados: ":{"('0007-D-2010', 0)":"0007-D-2010","('0007-D-2010', 1)":null,"('0007-D-2010', 2)":null,"('0007-D-2010', 3)":null,"('0007-D-2010', 4)":null},"Publicado en: ":{"('0007-D-2010', 0)":"Tr\u00e1mite Parlamentario N\u00b0 3","('0007-D-2010', 1)":null,"('0007-D-2010', 2)":null,"('0007-D-2010', 3)":null,"('0007-D-2010', 4)":null},"Fecha: ":{"('0007-D-2010', 0)":"02\/03\/2010","('0007-D-2010', 1)":null,"('0007-D-2010', 2)":null,"('0007-D-2010', 3)":null,"('0007-D-2010', 4)":null},"T\u00edtulo":{"('0007-D-2010', 0)":"REGLAMENTO DE LA HONORABLE CAMARA DE DIPUTADOS. MODIFICACION DEL ARTICULO 114 SOBRE EL DILIGENCIAMIENTO DE LOS PROYECTOS DE DECLARACION Y DE RESOLUCION QUE HAYAN MERECIDO DICTAMEN SIN DISIDENCIA NI OBSERVACIONES DE LA COMISIONES RESPECTIVAS, PODRAN SER DILIGENCIADOS DIRECTAMENTE POR LA PRESIDENCIA DE LA CAMARA DE DIPUTADOS.","('0007-D-2010', 1)":null,"('0007-D-2010', 2)":null,"('0007-D-2010', 3)":null,"('0007-D-2010', 4)":null},"('Firmantes', 'FIRMANTE')":{"('0007-D-2010', 0)":"BERTOL, PAULA MARIA","('0007-D-2010', 1)":"URLICH, CARLOS","('0007-D-2010', 2)":"LANCETA, RUBEN ORFEL","('0007-D-2010', 3)":"SOLA, FELIPE CARLOS","('0007-D-2010', 4)":"GIUDICI, SILVANA MYRIAM"},"('Firmantes', 'DISTRITO')":{"('0007-D-2010', 0)":"CIUDAD de BUENOS AIRES","('0007-D-2010', 1)":"CHACO","('0007-D-2010', 2)":"BUENOS AIRES","('0007-D-2010', 3)":"BUENOS AIRES","('0007-D-2010', 4)":"CIUDAD de BUENOS AIRES"},"('Firmantes', 'BLOQUE')":{"('0007-D-2010', 0)":"PRO","('0007-D-2010', 1)":"UCR","('0007-D-2010', 2)":"UCR","('0007-D-2010', 3)":"PERONISMO FEDERAL","('0007-D-2010', 4)":"UCR"},"('Giros', 'COMISI\u00d3N')":{"('0007-D-2010', 0)":"PETICIONES, PODERES Y REGLAMENTO","('0007-D-2010', 1)":null,"('0007-D-2010', 2)":null,"('0007-D-2010', 3)":null,"('0007-D-2010', 4)":null},"Link":{"('0007-D-2010', 0)":"https:\/\/www.hcdn.gob.ar\/proyectos\/textoCompleto.jsp?exp=0007-D-2010&tipo=RESOLUCION","('0007-D-2010', 1)":null,"('0007-D-2010', 2)":null,"('0007-D-2010', 3)":null,"('0007-D-2010', 4)":null},"Palabra Clave":{"('0007-D-2010', 0)":" ","('0007-D-2010', 1)":null,"('0007-D-2010', 2)":null,"('0007-D-2010', 3)":null,"('0007-D-2010', 4)":null}}