{"Tipo de Proyecto":{"('0009-JGM-2010', 0)":"MENSAJE NRO: 0263\/10","('0009-JGM-2010', 1)":null},"Iniciado en: ":{"('0009-JGM-2010', 0)":"Diputados","('0009-JGM-2010', 1)":null},"Expediente Diputados: ":{"('0009-JGM-2010', 0)":"0009-JGM-2010","('0009-JGM-2010', 1)":null},"Publicado en: ":{"('0009-JGM-2010', 0)":"Tr\u00e1mite Parlamentario N\u00b0 51","('0009-JGM-2010', 1)":null},"Fecha: ":{"('0009-JGM-2010', 0)":"10\/05\/2010","('0009-JGM-2010', 1)":null},"T\u00edtulo":{"('0009-JGM-2010', 0)":"COMUNICACION DEL DECRETO 563\/10, MEDIANTE EL CUAL SE DISPONE LA REESTRUCTURACION DE LA DEUDA DEL ESTADO NACIONAL INSTRUMENTADA EN LOS TITULOS PUBLICOS QUE FUERAN ELEGIBLES PARA EL CANJE DISPUESTO POR EL DECRETO 1735\/04.","('0009-JGM-2010', 1)":null},"('Firmantes', 'FIRMANTE')":{"('0009-JGM-2010', 0)":"FERNANDEZ, ANIBAL","('0009-JGM-2010', 1)":"BOUDOU, AMADO"},"('Firmantes', 'DISTRITO')":{"('0009-JGM-2010', 0)":null,"('0009-JGM-2010', 1)":null},"('Firmantes', 'BLOQUE')":{"('0009-JGM-2010', 0)":"PODER EJECUTIVO","('0009-JGM-2010', 1)":"PODER EJECUTIVO"},"('Giros', 'COMISI\u00d3N')":{"('0009-JGM-2010', 0)":"BICAMERAL PERMANENTE DE TRAMITE LEGISLATIVO - LEY 26122","('0009-JGM-2010', 1)":null},"('Tramites', 'C\u00c1MARA')":{"('0009-JGM-2010', 0)":"Diputados","('0009-JGM-2010', 1)":null},"('Tramites', 'MOVIMIENTO')":{"('0009-JGM-2010', 0)":"CONSIDERACION Y APROBACION","('0009-JGM-2010', 1)":null},"('Tramites', 'FECHA')":{"('0009-JGM-2010', 0)":"24\/10\/2012","('0009-JGM-2010', 1)":null},"('Tramites', 'RESULTADO')":{"('0009-JGM-2010', 0)":"APROBADO","('0009-JGM-2010', 1)":null},"Link":{"('0009-JGM-2010', 0)":"https:\/\/www4.hcdn.gob.ar\/dependencias\/dsecretaria\/Periodo2010\/PDF2010\/TP2010\/0009-JGM-10.pdf","('0009-JGM-2010', 1)":null},"Palabra Clave":{"('0009-JGM-2010', 0)":" ","('0009-JGM-2010', 1)":null}}