{"Tipo de Proyecto":{"('0009-PE-2010', 0)":"MENSAJE NRO: 0542\/10","('0009-PE-2010', 1)":null,"('0009-PE-2010', 2)":null,"('0009-PE-2010', 3)":null},"Iniciado en: ":{"('0009-PE-2010', 0)":"Diputados","('0009-PE-2010', 1)":null,"('0009-PE-2010', 2)":null,"('0009-PE-2010', 3)":null},"Expediente Diputados: ":{"('0009-PE-2010', 0)":"0009-PE-2010","('0009-PE-2010', 1)":null,"('0009-PE-2010', 2)":null,"('0009-PE-2010', 3)":null},"Publicado en: ":{"('0009-PE-2010', 0)":"Tr\u00e1mite Parlamentario N\u00b0 39","('0009-PE-2010', 1)":null,"('0009-PE-2010', 2)":null,"('0009-PE-2010', 3)":null},"Fecha: ":{"('0009-PE-2010', 0)":"22\/04\/2010","('0009-PE-2010', 1)":null,"('0009-PE-2010', 2)":null,"('0009-PE-2010', 3)":null},"T\u00edtulo":{"('0009-PE-2010', 0)":"COMUNICACION DEL DECRETO 539\/10 DONDE SE RATIFICA EL ACTA ACUERDO SUSCRIPTO POR LA UNIDAD DE RENEGOCIACION Y ANALISIS DE CONTRATOS DE SERVICIOS PUBLICOS Y LA EMPRESA LICENCIATARIA DISTRIBUIDORA DE GAS DEL CENTRO SOCIEDAD ANONIMA CON FECHA 1 DE SETIEMBRE DE 2009.","('0009-PE-2010', 1)":null,"('0009-PE-2010', 2)":null,"('0009-PE-2010', 3)":null},"('Firmantes', 'FIRMANTE')":{"('0009-PE-2010', 0)":"FERNANDEZ DE KIRCHNER, CRISTINA","('0009-PE-2010', 1)":"FERNANDEZ, ANIBAL","('0009-PE-2010', 2)":"BOUDOU, AMADO","('0009-PE-2010', 3)":"DE VIDO, JULIO"},"('Firmantes', 'DISTRITO')":{"('0009-PE-2010', 0)":null,"('0009-PE-2010', 1)":null,"('0009-PE-2010', 2)":null,"('0009-PE-2010', 3)":null},"('Firmantes', 'BLOQUE')":{"('0009-PE-2010', 0)":"PODER EJECUTIVO","('0009-PE-2010', 1)":"PODER EJECUTIVO","('0009-PE-2010', 2)":"PODER EJECUTIVO","('0009-PE-2010', 3)":"PODER EJECUTIVO"},"('Giros', 'COMISI\u00d3N')":{"('0009-PE-2010', 0)":"BICAMERAL DE SEGUIMIENTO DE FACULTADES DELEGADAS AL PODER EJECUTIVO NACIONAL - LEY 25561","('0009-PE-2010', 1)":null,"('0009-PE-2010', 2)":null,"('0009-PE-2010', 3)":null},"Link":{"('0009-PE-2010', 0)":"https:\/\/www4.hcdn.gob.ar\/dependencias\/dsecretaria\/Periodo2010\/PDF2010\/TP2010\/0009-PE-10.pdf","('0009-PE-2010', 1)":null,"('0009-PE-2010', 2)":null,"('0009-PE-2010', 3)":null},"Palabra Clave":{"('0009-PE-2010', 0)":" ","('0009-PE-2010', 1)":null,"('0009-PE-2010', 2)":null,"('0009-PE-2010', 3)":null}}