{"Tipo de Proyecto":{"('0010-PE-2010', 0)":"MENSAJE NRO: 0617\/10 Y PROYECTO DE LEY","('0010-PE-2010', 1)":null,"('0010-PE-2010', 2)":null},"Iniciado en: ":{"('0010-PE-2010', 0)":"Diputados","('0010-PE-2010', 1)":null,"('0010-PE-2010', 2)":null},"Expediente Diputados: ":{"('0010-PE-2010', 0)":"0010-PE-2010","('0010-PE-2010', 1)":null,"('0010-PE-2010', 2)":null},"Publicado en: ":{"('0010-PE-2010', 0)":"Tr\u00e1mite Parlamentario N\u00b0 47","('0010-PE-2010', 1)":null,"('0010-PE-2010', 2)":null},"Fecha: ":{"('0010-PE-2010', 0)":"04\/05\/2010","('0010-PE-2010', 1)":null,"('0010-PE-2010', 2)":null},"T\u00edtulo":{"('0010-PE-2010', 0)":"APROBACION DEL CODIGO AEROPORTUARIO DE FALTAS QUE FIGURA COMO ANEXO I DEL PRESENTE PROYECTO.","('0010-PE-2010', 1)":null,"('0010-PE-2010', 2)":null},"('Firmantes', 'FIRMANTE')":{"('0010-PE-2010', 0)":"FERNANDEZ DE KIRCHNER, CRISTINA","('0010-PE-2010', 1)":"FERNANDEZ, ANIBAL","('0010-PE-2010', 2)":"ALAK, JULIO"},"('Firmantes', 'DISTRITO')":{"('0010-PE-2010', 0)":null,"('0010-PE-2010', 1)":null,"('0010-PE-2010', 2)":null},"('Firmantes', 'BLOQUE')":{"('0010-PE-2010', 0)":"PODER EJECUTIVO","('0010-PE-2010', 1)":"PODER EJECUTIVO","('0010-PE-2010', 2)":"PODER EJECUTIVO"},"('Giros', 'COMISI\u00d3N')":{"('0010-PE-2010', 0)":"SEGURIDAD INTERIOR","('0010-PE-2010', 1)":"TRANSPORTES","('0010-PE-2010', 2)":"PRESUPUESTO Y HACIENDA"},"Sumario":{"('0010-PE-2010', 0)":"MODIFICACION DEL INCISO 8 (PERCEPCION DE MULTAS) DEL ARTICULO 21 Y DEL ARTICULO 104 DE LA LEY 26102, DE SEGURIDAD AEROPORTUARIA; FALTAS; SANCIONES; REGISTRO DE ANTECEDENTES DE FALTAS AEROPORTUARIAS; AREAS DE SEGURIDAD.","('0010-PE-2010', 1)":null,"('0010-PE-2010', 2)":null},"Palabra Clave":{"('0010-PE-2010', 0)":" ","('0010-PE-2010', 1)":null,"('0010-PE-2010', 2)":null}}