{"Tipo de Proyecto":{"('0010-D-2010', 0)":"PROYECTO DE RESOLUCI\u00d3N","('0010-D-2010', 1)":null},"Iniciado en: ":{"('0010-D-2010', 0)":"Diputados","('0010-D-2010', 1)":null},"Expediente Diputados: ":{"('0010-D-2010', 0)":"0010-D-2010","('0010-D-2010', 1)":null},"Publicado en: ":{"('0010-D-2010', 0)":"Tr\u00e1mite Parlamentario N\u00b0 3","('0010-D-2010', 1)":null},"Fecha: ":{"('0010-D-2010', 0)":"02\/03\/2010","('0010-D-2010', 1)":null},"T\u00edtulo":{"('0010-D-2010', 0)":"REGLAMENTACION DEL LIBRE ACCESO A LA INFORMACION LEGISLATIVA Y ADMINISTRATIVA PRODUCIDA EN EL AMBITO DE LA CAMARA DE DIPUTADOS DE LA NACION.","('0010-D-2010', 1)":null},"('Firmantes', 'FIRMANTE')":{"('0010-D-2010', 0)":"BERTOL, PAULA MARIA","('0010-D-2010', 1)":"LANCETA, RUBEN ORFEL"},"('Firmantes', 'DISTRITO')":{"('0010-D-2010', 0)":"CIUDAD de BUENOS AIRES","('0010-D-2010', 1)":"BUENOS AIRES"},"('Firmantes', 'BLOQUE')":{"('0010-D-2010', 0)":"PRO","('0010-D-2010', 1)":"UCR"},"('Giros', 'COMISI\u00d3N')":{"('0010-D-2010', 0)":"PETICIONES, PODERES Y REGLAMENTO","('0010-D-2010', 1)":null},"('Tramites', 'C\u00c1MARA')":{"('0010-D-2010', 0)":"Diputados","('0010-D-2010', 1)":null},"('Tramites', 'MOVIMIENTO')":{"('0010-D-2010', 0)":"SOLICITUD DE REPRODUCCION DEL PROYECTO PARA EL PERIODO 129 (2011), SEGUN LOS TERMINOS DEL ARTICULO 7 DE LA RESOLUCION DE LA HCD DEL 05\/06\/1996","('0010-D-2010', 1)":null},"('Tramites', 'FECHA')":{"('0010-D-2010', 0)":"16\/03\/2011","('0010-D-2010', 1)":null},"('Tramites', 'RESULTADO')":{"('0010-D-2010', 0)":null,"('0010-D-2010', 1)":null},"Link":{"('0010-D-2010', 0)":"https:\/\/www.hcdn.gob.ar\/proyectos\/textoCompleto.jsp?exp=0010-D-2010&tipo=RESOLUCION","('0010-D-2010', 1)":null},"Palabra Clave":{"('0010-D-2010', 0)":" ","('0010-D-2010', 1)":null}}