{"Tipo de Proyecto":{"('0010-JGM-2010', 0)":"MENSAJE NRO: 0297\/10","('0010-JGM-2010', 1)":null},"Iniciado en: ":{"('0010-JGM-2010', 0)":"Diputados","('0010-JGM-2010', 1)":null},"Expediente Diputados: ":{"('0010-JGM-2010', 0)":"0010-JGM-2010","('0010-JGM-2010', 1)":null},"Publicado en: ":{"('0010-JGM-2010', 0)":"Tr\u00e1mite Parlamentario N\u00b0 57","('0010-JGM-2010', 1)":null},"Fecha: ":{"('0010-JGM-2010', 0)":"17\/05\/2010","('0010-JGM-2010', 1)":null},"T\u00edtulo":{"('0010-JGM-2010', 0)":"COMUNICACION DEL DECRETO 615\/2010, POR EL CUAL SE ESTABLECE, POR UNICA VEZ, FERIADO NACIONAL EL DIA 24 DE MAYO DE 2010 EN TODO EL TERRITORIO DE LA NACION. ","('0010-JGM-2010', 1)":null},"('Firmantes', 'FIRMANTE')":{"('0010-JGM-2010', 0)":"FERNANDEZ, ANIBAL","('0010-JGM-2010', 1)":"RANDAZZO, FLORENCIO"},"('Firmantes', 'DISTRITO')":{"('0010-JGM-2010', 0)":null,"('0010-JGM-2010', 1)":null},"('Firmantes', 'BLOQUE')":{"('0010-JGM-2010', 0)":"PODER EJECUTIVO","('0010-JGM-2010', 1)":"PODER EJECUTIVO"},"('Giros', 'COMISI\u00d3N')":{"('0010-JGM-2010', 0)":"BICAMERAL PERMANENTE DE TRAMITE LEGISLATIVO - LEY 26122","('0010-JGM-2010', 1)":null},"('Tramites', 'C\u00c1MARA')":{"('0010-JGM-2010', 0)":"Diputados","('0010-JGM-2010', 1)":null},"('Tramites', 'MOVIMIENTO')":{"('0010-JGM-2010', 0)":"CONSIDERACION Y APROBACION","('0010-JGM-2010', 1)":null},"('Tramites', 'FECHA')":{"('0010-JGM-2010', 0)":"21\/11\/2012","('0010-JGM-2010', 1)":null},"('Tramites', 'RESULTADO')":{"('0010-JGM-2010', 0)":"APROBADO","('0010-JGM-2010', 1)":null},"Link":{"('0010-JGM-2010', 0)":"https:\/\/www4.hcdn.gob.ar\/dependencias\/dsecretaria\/Periodo2010\/PDF2010\/TP2010\/0010-JGM-10.pdf","('0010-JGM-2010', 1)":null},"Palabra Clave":{"('0010-JGM-2010', 0)":" ","('0010-JGM-2010', 1)":null}}