{"Tipo de Proyecto":{"('0011-D-2010', 0)":"PROYECTO DE RESOLUCI\u00d3N","('0011-D-2010', 1)":null,"('0011-D-2010', 2)":null,"('0011-D-2010', 3)":null},"Iniciado en: ":{"('0011-D-2010', 0)":"Diputados","('0011-D-2010', 1)":null,"('0011-D-2010', 2)":null,"('0011-D-2010', 3)":null},"Expediente Diputados: ":{"('0011-D-2010', 0)":"0011-D-2010","('0011-D-2010', 1)":null,"('0011-D-2010', 2)":null,"('0011-D-2010', 3)":null},"Publicado en: ":{"('0011-D-2010', 0)":"Tr\u00e1mite Parlamentario N\u00b0 3","('0011-D-2010', 1)":null,"('0011-D-2010', 2)":null,"('0011-D-2010', 3)":null},"Fecha: ":{"('0011-D-2010', 0)":"02\/03\/2010","('0011-D-2010', 1)":null,"('0011-D-2010', 2)":null,"('0011-D-2010', 3)":null},"T\u00edtulo":{"('0011-D-2010', 0)":"REGLAMENTO DE LA HONORABLE CAMARA: INCORPORACION DEL ARTICULO 114 TER, SOBRE LOS PROYECTOS DE SOLICITUD AL PODER EJECUTIVO DE DECLARACION DE INTERES NACIONAL.","('0011-D-2010', 1)":null,"('0011-D-2010', 2)":null,"('0011-D-2010', 3)":null},"('Firmantes', 'FIRMANTE')":{"('0011-D-2010', 0)":"BERTOL, PAULA MARIA","('0011-D-2010', 1)":"SOLA, FELIPE CARLOS","('0011-D-2010', 2)":"URLICH, CARLOS","('0011-D-2010', 3)":"GIUDICI, SILVANA MYRIAM"},"('Firmantes', 'DISTRITO')":{"('0011-D-2010', 0)":"CIUDAD de BUENOS AIRES","('0011-D-2010', 1)":"BUENOS AIRES","('0011-D-2010', 2)":"CHACO","('0011-D-2010', 3)":"CIUDAD de BUENOS AIRES"},"('Firmantes', 'BLOQUE')":{"('0011-D-2010', 0)":"PRO","('0011-D-2010', 1)":"PERONISMO FEDERAL","('0011-D-2010', 2)":"UCR","('0011-D-2010', 3)":"UCR"},"('Giros', 'COMISI\u00d3N')":{"('0011-D-2010', 0)":"PETICIONES, PODERES Y REGLAMENTO","('0011-D-2010', 1)":null,"('0011-D-2010', 2)":null,"('0011-D-2010', 3)":null},"('Tramites', 'C\u00c1MARA')":{"('0011-D-2010', 0)":"Diputados","('0011-D-2010', 1)":null,"('0011-D-2010', 2)":null,"('0011-D-2010', 3)":null},"('Tramites', 'MOVIMIENTO')":{"('0011-D-2010', 0)":"SOLICITUD DE REPRODUCCION DEL PROYECTO PARA EL PERIODO 129 (2011), SEGUN LOS TERMINOS DEL ARTICULO 7 DE LA RESOLUCION DE LA HCD DEL 05\/06\/1996","('0011-D-2010', 1)":null,"('0011-D-2010', 2)":null,"('0011-D-2010', 3)":null},"('Tramites', 'FECHA')":{"('0011-D-2010', 0)":"16\/03\/2011","('0011-D-2010', 1)":null,"('0011-D-2010', 2)":null,"('0011-D-2010', 3)":null},"('Tramites', 'RESULTADO')":{"('0011-D-2010', 0)":null,"('0011-D-2010', 1)":null,"('0011-D-2010', 2)":null,"('0011-D-2010', 3)":null},"Link":{"('0011-D-2010', 0)":"https:\/\/www.hcdn.gob.ar\/proyectos\/textoCompleto.jsp?exp=0011-D-2010&tipo=RESOLUCION","('0011-D-2010', 1)":null,"('0011-D-2010', 2)":null,"('0011-D-2010', 3)":null},"Palabra Clave":{"('0011-D-2010', 0)":" ","('0011-D-2010', 1)":null,"('0011-D-2010', 2)":null,"('0011-D-2010', 3)":null}}