{"Tipo de Proyecto":{"('0012-D-2010', 0)":"PROYECTO DE RESOLUCI\u00d3N","('0012-D-2010', 1)":null,"('0012-D-2010', 2)":null},"Iniciado en: ":{"('0012-D-2010', 0)":"Diputados","('0012-D-2010', 1)":null,"('0012-D-2010', 2)":null},"Expediente Diputados: ":{"('0012-D-2010', 0)":"0012-D-2010","('0012-D-2010', 1)":null,"('0012-D-2010', 2)":null},"Publicado en: ":{"('0012-D-2010', 0)":"Tr\u00e1mite Parlamentario N\u00b0 3","('0012-D-2010', 1)":null,"('0012-D-2010', 2)":null},"Fecha: ":{"('0012-D-2010', 0)":"02\/03\/2010","('0012-D-2010', 1)":null,"('0012-D-2010', 2)":null},"T\u00edtulo":{"('0012-D-2010', 0)":"CONTENIDOS MINIMOS DEL SITIO WEB DE LA CAMARA DE DIPUTADOS DE LA NACION.","('0012-D-2010', 1)":null,"('0012-D-2010', 2)":null},"('Firmantes', 'FIRMANTE')":{"('0012-D-2010', 0)":"BERTOL, PAULA MARIA","('0012-D-2010', 1)":"URLICH, CARLOS","('0012-D-2010', 2)":"SOLA, FELIPE CARLOS"},"('Firmantes', 'DISTRITO')":{"('0012-D-2010', 0)":"CIUDAD de BUENOS AIRES","('0012-D-2010', 1)":"CHACO","('0012-D-2010', 2)":"BUENOS AIRES"},"('Firmantes', 'BLOQUE')":{"('0012-D-2010', 0)":"PRO","('0012-D-2010', 1)":"UCR","('0012-D-2010', 2)":"PERONISMO FEDERAL"},"('Giros', 'COMISI\u00d3N')":{"('0012-D-2010', 0)":"PETICIONES, PODERES Y REGLAMENTO","('0012-D-2010', 1)":null,"('0012-D-2010', 2)":null},"('Tramites', 'C\u00c1MARA')":{"('0012-D-2010', 0)":"Diputados","('0012-D-2010', 1)":"Diputados","('0012-D-2010', 2)":null},"('Tramites', 'MOVIMIENTO')":{"('0012-D-2010', 0)":"SOLICITUD DE REPRODUCCION DEL PROYECTO PARA EL PERIODO 129 (2011), SEGUN LOS TERMINOS DEL ARTICULO 7 DE LA RESOLUCION DE LA HCD DEL 05\/06\/1996","('0012-D-2010', 1)":"SOLICITUD DE REPRODUCCION DEL PROYECTO PARA EL PERIODO 130 (2012), SEGUN LOS TERMINOS DEL ARTICULO 7 DE LA RESOLUCION DE LA HCD DEL 05\/06\/1996","('0012-D-2010', 2)":null},"('Tramites', 'FECHA')":{"('0012-D-2010', 0)":"16\/03\/2011","('0012-D-2010', 1)":"21\/03\/2012","('0012-D-2010', 2)":null},"('Tramites', 'RESULTADO')":{"('0012-D-2010', 0)":null,"('0012-D-2010', 1)":null,"('0012-D-2010', 2)":null},"Link":{"('0012-D-2010', 0)":"https:\/\/www.hcdn.gob.ar\/proyectos\/textoCompleto.jsp?exp=0012-D-2010&tipo=RESOLUCION","('0012-D-2010', 1)":null,"('0012-D-2010', 2)":null},"Palabra Clave":{"('0012-D-2010', 0)":" ","('0012-D-2010', 1)":null,"('0012-D-2010', 2)":null}}