{"Tipo de Proyecto":{"('0013-D-2010', 0)":"PROYECTO DE LEY","('0013-D-2010', 1)":null,"('0013-D-2010', 2)":null},"Iniciado en: ":{"('0013-D-2010', 0)":"Diputados","('0013-D-2010', 1)":null,"('0013-D-2010', 2)":null},"Expediente Diputados: ":{"('0013-D-2010', 0)":"0013-D-2010","('0013-D-2010', 1)":null,"('0013-D-2010', 2)":null},"Publicado en: ":{"('0013-D-2010', 0)":"Tr\u00e1mite Parlamentario N\u00b0 3","('0013-D-2010', 1)":null,"('0013-D-2010', 2)":null},"Fecha: ":{"('0013-D-2010', 0)":"02\/03\/2010","('0013-D-2010', 1)":null,"('0013-D-2010', 2)":null},"T\u00edtulo":{"('0013-D-2010', 0)":"GARANTIA DE LOS INTERESES DEL ESTADO NACIONAL EN LA CIUDAD AUTONOMA DE BUENOS AIRES - LEY 24588 -.   MODIFICACION DEL ARTICULO 8, SOBRE TRANSFERENCIA DE LA JUSTICIA NACIONAL ORDINARIA.","('0013-D-2010', 1)":null,"('0013-D-2010', 2)":null},"('Firmantes', 'FIRMANTE')":{"('0013-D-2010', 0)":"BERTOL, PAULA MARIA","('0013-D-2010', 1)":"PINEDO, FEDERICO","('0013-D-2010', 2)":"ALONSO, LAURA"},"('Firmantes', 'DISTRITO')":{"('0013-D-2010', 0)":"CIUDAD de BUENOS AIRES","('0013-D-2010', 1)":"CIUDAD de BUENOS AIRES","('0013-D-2010', 2)":"CIUDAD de BUENOS AIRES"},"('Firmantes', 'BLOQUE')":{"('0013-D-2010', 0)":"PRO","('0013-D-2010', 1)":"PRO","('0013-D-2010', 2)":"PRO"},"('Giros', 'COMISI\u00d3N')":{"('0013-D-2010', 0)":"ASUNTOS MUNICIPALES","('0013-D-2010', 1)":"JUSTICIA","('0013-D-2010', 2)":"PRESUPUESTO Y HACIENDA"},"('Tramites', 'C\u00c1MARA')":{"('0013-D-2010', 0)":"Diputados","('0013-D-2010', 1)":null,"('0013-D-2010', 2)":null},"('Tramites', 'MOVIMIENTO')":{"('0013-D-2010', 0)":"SOLICITUD DE SER COFIRMANTE DE LA DIPUTADA ALONSO (A SUS ANTECEDENTES)","('0013-D-2010', 1)":null,"('0013-D-2010', 2)":null},"('Tramites', 'FECHA')":{"('0013-D-2010', 0)":"17\/03\/2010","('0013-D-2010', 1)":null,"('0013-D-2010', 2)":null},"('Tramites', 'RESULTADO')":{"('0013-D-2010', 0)":null,"('0013-D-2010', 1)":null,"('0013-D-2010', 2)":null},"Link":{"('0013-D-2010', 0)":"https:\/\/www.hcdn.gob.ar\/proyectos\/textoCompleto.jsp?exp=0013-D-2010&tipo=LEY","('0013-D-2010', 1)":null,"('0013-D-2010', 2)":null},"Palabra Clave":{"('0013-D-2010', 0)":" ","('0013-D-2010', 1)":null,"('0013-D-2010', 2)":null}}