{"Tipo de Proyecto":{"('0013-JGM-2010', 0)":"MENSAJE NRO: 0317\/10","('0013-JGM-2010', 1)":null,"('0013-JGM-2010', 2)":null},"Iniciado en: ":{"('0013-JGM-2010', 0)":"Diputados","('0013-JGM-2010', 1)":null,"('0013-JGM-2010', 2)":null},"Expediente Diputados: ":{"('0013-JGM-2010', 0)":"0013-JGM-2010","('0013-JGM-2010', 1)":null,"('0013-JGM-2010', 2)":null},"Publicado en: ":{"('0013-JGM-2010', 0)":"Tr\u00e1mite Parlamentario N\u00b0 62","('0013-JGM-2010', 1)":null,"('0013-JGM-2010', 2)":null},"Fecha: ":{"('0013-JGM-2010', 0)":"26\/05\/2010","('0013-JGM-2010', 1)":null,"('0013-JGM-2010', 2)":null},"T\u00edtulo":{"('0013-JGM-2010', 0)":"COMUNICACION DEL DECRETO 656\/10 POR EL CUAL SE ADOPTAN LAS DISPOSICIONES DE LA DIRECTIVA 16 DEL 4 DE SETIEMBRE DE 2009 DE LA COMISION DE COMERCIO DEL MERCOSUR (CCM), SOBRE TRATAMIENTO ARANCELARIO PARA LA IMPORTACION DE ACETATO DE VINILO. ","('0013-JGM-2010', 1)":null,"('0013-JGM-2010', 2)":null},"('Firmantes', 'FIRMANTE')":{"('0013-JGM-2010', 0)":"FERNANDEZ, ANIBAL","('0013-JGM-2010', 1)":"BOUDOU, AMADO","('0013-JGM-2010', 2)":"GIORGI, DEBORA"},"('Firmantes', 'DISTRITO')":{"('0013-JGM-2010', 0)":null,"('0013-JGM-2010', 1)":null,"('0013-JGM-2010', 2)":null},"('Firmantes', 'BLOQUE')":{"('0013-JGM-2010', 0)":"PODER EJECUTIVO","('0013-JGM-2010', 1)":"PODER EJECUTIVO","('0013-JGM-2010', 2)":"PODER EJECUTIVO"},"('Giros', 'COMISI\u00d3N')":{"('0013-JGM-2010', 0)":"BICAMERAL PERMANENTE DE TRAMITE LEGISLATIVO - LEY 26122","('0013-JGM-2010', 1)":null,"('0013-JGM-2010', 2)":null},"('Tramites', 'C\u00c1MARA')":{"('0013-JGM-2010', 0)":"Diputados","('0013-JGM-2010', 1)":null,"('0013-JGM-2010', 2)":null},"('Tramites', 'MOVIMIENTO')":{"('0013-JGM-2010', 0)":"CONSIDERACION Y APROBACION","('0013-JGM-2010', 1)":null,"('0013-JGM-2010', 2)":null},"('Tramites', 'FECHA')":{"('0013-JGM-2010', 0)":"19\/11\/2014","('0013-JGM-2010', 1)":null,"('0013-JGM-2010', 2)":null},"('Tramites', 'RESULTADO')":{"('0013-JGM-2010', 0)":"APROBADO","('0013-JGM-2010', 1)":null,"('0013-JGM-2010', 2)":null},"Link":{"('0013-JGM-2010', 0)":"https:\/\/www4.hcdn.gob.ar\/dependencias\/dsecretaria\/Periodo2010\/PDF2010\/TP2010\/0013-JGM-10.pdf","('0013-JGM-2010', 1)":null,"('0013-JGM-2010', 2)":null},"Palabra Clave":{"('0013-JGM-2010', 0)":" ","('0013-JGM-2010', 1)":null,"('0013-JGM-2010', 2)":null}}