{"Tipo de Proyecto":{"('0013-PE-2010', 0)":"MENSAJE NRO: 0640\/10 Y PROYECTO DE LEY","('0013-PE-2010', 1)":null,"('0013-PE-2010', 2)":null},"Iniciado en: ":{"('0013-PE-2010', 0)":"Diputados","('0013-PE-2010', 1)":null,"('0013-PE-2010', 2)":null},"Expediente Diputados: ":{"('0013-PE-2010', 0)":"0013-PE-2010","('0013-PE-2010', 1)":null,"('0013-PE-2010', 2)":null},"Publicado en: ":{"('0013-PE-2010', 0)":"Tr\u00e1mite Parlamentario N\u00b0 52","('0013-PE-2010', 1)":null,"('0013-PE-2010', 2)":null},"Fecha: ":{"('0013-PE-2010', 0)":"11\/05\/2010","('0013-PE-2010', 1)":null,"('0013-PE-2010', 2)":null},"T\u00edtulo":{"('0013-PE-2010', 0)":"MODIFICACION DEL ARTICULO 77 DEL CODIGO PENAL, 'SIGNIFICACION DE CONCEPTOS EMPLEADOS EN EL CODIGO': INCORPORACION DE LA DEFINICION DE FUNCIONARIO PUBLICO EXTRANJERO, FIJANDO LOS ALCANCES DEL TERMINO UTILIZADO EN EL ARTICULO 258 BIS (COHECHO).","('0013-PE-2010', 1)":null,"('0013-PE-2010', 2)":null},"('Firmantes', 'FIRMANTE')":{"('0013-PE-2010', 0)":"FERNANDEZ DE KIRCHNER, CRISTINA","('0013-PE-2010', 1)":"FERNANDEZ, ANIBAL","('0013-PE-2010', 2)":"ALAK, JULIO"},"('Firmantes', 'DISTRITO')":{"('0013-PE-2010', 0)":null,"('0013-PE-2010', 1)":null,"('0013-PE-2010', 2)":null},"('Firmantes', 'BLOQUE')":{"('0013-PE-2010', 0)":"PODER EJECUTIVO","('0013-PE-2010', 1)":"PODER EJECUTIVO","('0013-PE-2010', 2)":"PODER EJECUTIVO"},"('Giros', 'COMISI\u00d3N')":{"('0013-PE-2010', 0)":"LEGISLACION PENAL","('0013-PE-2010', 1)":null,"('0013-PE-2010', 2)":null},"Sumario":{"('0013-PE-2010', 0)":"APLICACION DE LA CONVENCION SOBRE LA LUCHA CONTRA EL COHECHO DE FUNCIONARIOS PUBLICOS EXTRANJEROS EN TRANSACCIONES COMERCIALES INTERNACIONALES, FIRMADA POR LA OCDE, RATIFICADA POR LEY 25319.","('0013-PE-2010', 1)":null,"('0013-PE-2010', 2)":null},"Palabra Clave":{"('0013-PE-2010', 0)":" ","('0013-PE-2010', 1)":null,"('0013-PE-2010', 2)":null}}