{"Tipo de Proyecto":{"('0013-S-2010', 0)":"PROYECTO DE DECLARACI\u00d3N","('0013-S-2010', 1)":null},"Iniciado en: ":{"('0013-S-2010', 0)":"Senado","('0013-S-2010', 1)":null},"Expediente Senado: ":{"('0013-S-2010', 0)":"0013-S-2010","('0013-S-2010', 1)":null},"Publicado en: ":{"('0013-S-2010', 0)":"Diario de Asuntos Entrados N\u00b0 1","('0013-S-2010', 1)":null},"Fecha: ":{"('0013-S-2010', 0)":"01\/03\/2010","('0013-S-2010', 1)":null},"T\u00edtulo":{"('0013-S-2010', 0)":"ADHERIR A LA CONMEMORACION DEL DIA INTERNACIONAL DE LA MUJER EL 8 DE MARZO.","('0013-S-2010', 1)":null},"('Firmantes', 'FIRMANTE')":{"('0013-S-2010', 0)":"MEABE DE MATHO, JOSEFINA","('0013-S-2010', 1)":null},"('Firmantes', 'DISTRITO')":{"('0013-S-2010', 0)":"CORRIENTES","('0013-S-2010', 1)":null},"('Firmantes', 'BLOQUE')":{"('0013-S-2010', 0)":"PARTIDO LIBERAL DE CORRIENTES","('0013-S-2010', 1)":null},"('Tramites', 'C\u00c1MARA')":{"('0013-S-2010', 0)":"Senado","('0013-S-2010', 1)":"Senado"},"('Tramites', 'MOVIMIENTO')":{"('0013-S-2010', 0)":"MOCION SOBRE TABLAS (AFIRMATIVA) CONJUNTAMENTE PARA LOS EXPEDIENTES 0033-S-2010, 0013-S-2010, 0122-S-2010, 0196-S-2010, 0228-S-2010, 0230-S-2010, 0323-S-2010, 0262-S-2010, 0264-S-2010, 0273-S-2010 y 0379-S-2010","('0013-S-2010', 1)":"CONSIDERACION Y APROBACION (TEXTO UNIFICADO) CONJUNTAMENTE PARA LOS EXPEDIENTES 0033-S-2010, 0013-S-2010, 0122-S-2010, 0196-S-2010, 0228-S-2010, 0230-S-2010, 0323-S-2010, 0262-S-2010, 0264-S-2010, 0273-S-2010 y 0379-S-2010"},"('Tramites', 'FECHA')":{"('0013-S-2010', 0)":"28\/04\/2010","('0013-S-2010', 1)":"28\/04\/2010"},"('Tramites', 'RESULTADO')":{"('0013-S-2010', 0)":null,"('0013-S-2010', 1)":"APROBADO"},"Link":{"('0013-S-2010', 0)":"http:\/\/www.senado.gov.ar\/parlamentario\/comisiones\/verExp\/13.10\/S\/PD","('0013-S-2010', 1)":null},"Palabra Clave":{"('0013-S-2010', 0)":" ","('0013-S-2010', 1)":null}}