{"Tipo de Proyecto":{"('0014-D-2010', 0)":"PROYECTO DE LEY","('0014-D-2010', 1)":null,"('0014-D-2010', 2)":null},"Iniciado en: ":{"('0014-D-2010', 0)":"Diputados","('0014-D-2010', 1)":null,"('0014-D-2010', 2)":null},"Expediente Diputados: ":{"('0014-D-2010', 0)":"0014-D-2010","('0014-D-2010', 1)":null,"('0014-D-2010', 2)":null},"Publicado en: ":{"('0014-D-2010', 0)":"Tr\u00e1mite Parlamentario N\u00b0 3","('0014-D-2010', 1)":null,"('0014-D-2010', 2)":null},"Fecha: ":{"('0014-D-2010', 0)":"02\/03\/2010","('0014-D-2010', 1)":null,"('0014-D-2010', 2)":null},"T\u00edtulo":{"('0014-D-2010', 0)":"REGIMEN DE APLICACION DEL SISTEMA DE ARBITRAJE NACIONAL O INTERNACIONAL.","('0014-D-2010', 1)":null,"('0014-D-2010', 2)":null},"('Firmantes', 'FIRMANTE')":{"('0014-D-2010', 0)":"BERTOL, PAULA MARIA","('0014-D-2010', 1)":"PINEDO, FEDERICO","('0014-D-2010', 2)":"TRIACA, ALBERTO JORGE"},"('Firmantes', 'DISTRITO')":{"('0014-D-2010', 0)":"CIUDAD de BUENOS AIRES","('0014-D-2010', 1)":"CIUDAD de BUENOS AIRES","('0014-D-2010', 2)":"CIUDAD de BUENOS AIRES"},"('Firmantes', 'BLOQUE')":{"('0014-D-2010', 0)":"PRO","('0014-D-2010', 1)":"PRO","('0014-D-2010', 2)":"PRO"},"('Giros', 'COMISI\u00d3N')":{"('0014-D-2010', 0)":"JUSTICIA","('0014-D-2010', 1)":"RELACIONES EXTERIORES Y CULTO","('0014-D-2010', 2)":null},"Sumario":{"('0014-D-2010', 0)":"DISPOSICIONES GENERALES; EL ACUERDO ARBITRAL; LOS ARBITROS; EL PROCEDIMIENTO EN EL ARBITRAJE AD-HOC; EL LAUDO; OTROS MODOS DE CONCLUSION DEL ARBITRAJE; RECURSOS; EJECUCION DEL LAUDO; HONORARIOS; DISPOSICIONES TRANSITORIAS Y DE APLICACION; DEROGACION DEL LIBRO VI DEL CODIGO PROCESAL CIVIL Y COMERCIAL DE LA NACION.","('0014-D-2010', 1)":null,"('0014-D-2010', 2)":null},"Palabra Clave":{"('0014-D-2010', 0)":" ","('0014-D-2010', 1)":null,"('0014-D-2010', 2)":null}}