{"Tipo de Proyecto":{"('0014-JGM-2010', 0)":"MENSAJE NRO: 0349\/10","('0014-JGM-2010', 1)":null,"('0014-JGM-2010', 2)":null},"Iniciado en: ":{"('0014-JGM-2010', 0)":"Diputados","('0014-JGM-2010', 1)":null,"('0014-JGM-2010', 2)":null},"Expediente Diputados: ":{"('0014-JGM-2010', 0)":"0014-JGM-2010","('0014-JGM-2010', 1)":null,"('0014-JGM-2010', 2)":null},"Publicado en: ":{"('0014-JGM-2010', 0)":"Tr\u00e1mite Parlamentario N\u00b0 66","('0014-JGM-2010', 1)":null,"('0014-JGM-2010', 2)":null},"Fecha: ":{"('0014-JGM-2010', 0)":"01\/06\/2010","('0014-JGM-2010', 1)":null,"('0014-JGM-2010', 2)":null},"T\u00edtulo":{"('0014-JGM-2010', 0)":"COMUNICACION DEL DECRETO 688\/10, POR EL CUAL SE ADOPTAN DISPOSICIONES DE LA DIRECTIVA 14 DEL 4 DE SEPTIEMBRE DE 2009 DE LA COMISION DE COMERCIO DEL MERCOSUR, SOBRE TRATAMIENTO ARANCELARIO PARA LA IMPORTACION DE ARPILLERA DE YUTE. ","('0014-JGM-2010', 1)":null,"('0014-JGM-2010', 2)":null},"('Firmantes', 'FIRMANTE')":{"('0014-JGM-2010', 0)":"FERNANDEZ, ANIBAL","('0014-JGM-2010', 1)":"BOUDOU, AMADO","('0014-JGM-2010', 2)":"GIORGI, DEBORA"},"('Firmantes', 'DISTRITO')":{"('0014-JGM-2010', 0)":null,"('0014-JGM-2010', 1)":null,"('0014-JGM-2010', 2)":null},"('Firmantes', 'BLOQUE')":{"('0014-JGM-2010', 0)":"PODER EJECUTIVO","('0014-JGM-2010', 1)":"PODER EJECUTIVO","('0014-JGM-2010', 2)":"PODER EJECUTIVO"},"('Giros', 'COMISI\u00d3N')":{"('0014-JGM-2010', 0)":"BICAMERAL PERMANENTE DE TRAMITE LEGISLATIVO - LEY 26122","('0014-JGM-2010', 1)":null,"('0014-JGM-2010', 2)":null},"('Tramites', 'C\u00c1MARA')":{"('0014-JGM-2010', 0)":"Diputados","('0014-JGM-2010', 1)":null,"('0014-JGM-2010', 2)":null},"('Tramites', 'MOVIMIENTO')":{"('0014-JGM-2010', 0)":"CONSIDERACION Y APROBACION","('0014-JGM-2010', 1)":null,"('0014-JGM-2010', 2)":null},"('Tramites', 'FECHA')":{"('0014-JGM-2010', 0)":"19\/11\/2014","('0014-JGM-2010', 1)":null,"('0014-JGM-2010', 2)":null},"('Tramites', 'RESULTADO')":{"('0014-JGM-2010', 0)":"APROBADO","('0014-JGM-2010', 1)":null,"('0014-JGM-2010', 2)":null},"Link":{"('0014-JGM-2010', 0)":"https:\/\/www4.hcdn.gob.ar\/dependencias\/dsecretaria\/Periodo2010\/PDF2010\/TP2010\/0014-JGM-10.pdf","('0014-JGM-2010', 1)":null,"('0014-JGM-2010', 2)":null},"Palabra Clave":{"('0014-JGM-2010', 0)":" ","('0014-JGM-2010', 1)":null,"('0014-JGM-2010', 2)":null}}