{"Tipo de Proyecto":{"('0015-PE-2010', 0)":"MENSAJE NRO: 0898\/10 Y PROYECTO DE LEY","('0015-PE-2010', 1)":null,"('0015-PE-2010', 2)":null,"('0015-PE-2010', 3)":null,"('0015-PE-2010', 4)":null,"('0015-PE-2010', 5)":null,"('0015-PE-2010', 6)":null,"('0015-PE-2010', 7)":null,"('0015-PE-2010', 8)":null,"('0015-PE-2010', 9)":null,"('0015-PE-2010', 10)":null,"('0015-PE-2010', 11)":null,"('0015-PE-2010', 12)":null,"('0015-PE-2010', 13)":null,"('0015-PE-2010', 14)":null},"Iniciado en: ":{"('0015-PE-2010', 0)":"Diputados","('0015-PE-2010', 1)":null,"('0015-PE-2010', 2)":null,"('0015-PE-2010', 3)":null,"('0015-PE-2010', 4)":null,"('0015-PE-2010', 5)":null,"('0015-PE-2010', 6)":null,"('0015-PE-2010', 7)":null,"('0015-PE-2010', 8)":null,"('0015-PE-2010', 9)":null,"('0015-PE-2010', 10)":null,"('0015-PE-2010', 11)":null,"('0015-PE-2010', 12)":null,"('0015-PE-2010', 13)":null,"('0015-PE-2010', 14)":null},"Expediente Diputados: ":{"('0015-PE-2010', 0)":"0015-PE-2010","('0015-PE-2010', 1)":null,"('0015-PE-2010', 2)":null,"('0015-PE-2010', 3)":null,"('0015-PE-2010', 4)":null,"('0015-PE-2010', 5)":null,"('0015-PE-2010', 6)":null,"('0015-PE-2010', 7)":null,"('0015-PE-2010', 8)":null,"('0015-PE-2010', 9)":null,"('0015-PE-2010', 10)":null,"('0015-PE-2010', 11)":null,"('0015-PE-2010', 12)":null,"('0015-PE-2010', 13)":null,"('0015-PE-2010', 14)":null},"Expediente Senado: ":{"('0015-PE-2010', 0)":"0040-CD-2011","('0015-PE-2010', 1)":null,"('0015-PE-2010', 2)":null,"('0015-PE-2010', 3)":null,"('0015-PE-2010', 4)":null,"('0015-PE-2010', 5)":null,"('0015-PE-2010', 6)":null,"('0015-PE-2010', 7)":null,"('0015-PE-2010', 8)":null,"('0015-PE-2010', 9)":null,"('0015-PE-2010', 10)":null,"('0015-PE-2010', 11)":null,"('0015-PE-2010', 12)":null,"('0015-PE-2010', 13)":null,"('0015-PE-2010', 14)":null},"Publicado en: ":{"('0015-PE-2010', 0)":"Tr\u00e1mite Parlamentario N\u00b0 81","('0015-PE-2010', 1)":null,"('0015-PE-2010', 2)":null,"('0015-PE-2010', 3)":null,"('0015-PE-2010', 4)":null,"('0015-PE-2010', 5)":null,"('0015-PE-2010', 6)":null,"('0015-PE-2010', 7)":null,"('0015-PE-2010', 8)":null,"('0015-PE-2010', 9)":null,"('0015-PE-2010', 10)":null,"('0015-PE-2010', 11)":null,"('0015-PE-2010', 12)":null,"('0015-PE-2010', 13)":null,"('0015-PE-2010', 14)":null},"Fecha: ":{"('0015-PE-2010', 0)":"23\/06\/2010","('0015-PE-2010', 1)":null,"('0015-PE-2010', 2)":null,"('0015-PE-2010', 3)":null,"('0015-PE-2010', 4)":null,"('0015-PE-2010', 5)":null,"('0015-PE-2010', 6)":null,"('0015-PE-2010', 7)":null,"('0015-PE-2010', 8)":null,"('0015-PE-2010', 9)":null,"('0015-PE-2010', 10)":null,"('0015-PE-2010', 11)":null,"('0015-PE-2010', 12)":null,"('0015-PE-2010', 13)":null,"('0015-PE-2010', 14)":null},"T\u00edtulo":{"('0015-PE-2010', 0)":"DELITO DE LAVADO DE ACTIVOS, REFORMA DEL TIPO PENAL PREVISTO EN EL CODIGO PENAL Y EN LA LEY 25246, SOBRE PREVENCION Y REPRESION DE LA LEGITIMACION DE ACTIVOS PROVENIENTES DE ILICITOS; MODIFICACION DEL INCISO 1 DEL ARTICULO 278 DEL CODIGO PENAL Y SUSTITUCION DE LOS ARTICULOS 6, 14, 20 Y 30 (UNIDAD DE INFORMACION FINANCIERA) E INCORPORACION DE LOS ARTICULOS 14 BIS, 31, 32 Y 33 DE LA LEY.","('0015-PE-2010', 1)":null,"('0015-PE-2010', 2)":null,"('0015-PE-2010', 3)":null,"('0015-PE-2010', 4)":null,"('0015-PE-2010', 5)":null,"('0015-PE-2010', 6)":null,"('0015-PE-2010', 7)":null,"('0015-PE-2010', 8)":null,"('0015-PE-2010', 9)":null,"('0015-PE-2010', 10)":null,"('0015-PE-2010', 11)":null,"('0015-PE-2010', 12)":null,"('0015-PE-2010', 13)":null,"('0015-PE-2010', 14)":null},"('Firmantes', 'FIRMANTE')":{"('0015-PE-2010', 0)":"FERNANDEZ DE KIRCHNER, CRISTINA","('0015-PE-2010', 1)":"FERNANDEZ, ANIBAL","('0015-PE-2010', 2)":"ALAK, JULIO","('0015-PE-2010', 3)":null,"('0015-PE-2010', 4)":null,"('0015-PE-2010', 5)":null,"('0015-PE-2010', 6)":null,"('0015-PE-2010', 7)":null,"('0015-PE-2010', 8)":null,"('0015-PE-2010', 9)":null,"('0015-PE-2010', 10)":null,"('0015-PE-2010', 11)":null,"('0015-PE-2010', 12)":null,"('0015-PE-2010', 13)":null,"('0015-PE-2010', 14)":null},"('Firmantes', 'DISTRITO')":{"('0015-PE-2010', 0)":null,"('0015-PE-2010', 1)":null,"('0015-PE-2010', 2)":null,"('0015-PE-2010', 3)":null,"('0015-PE-2010', 4)":null,"('0015-PE-2010', 5)":null,"('0015-PE-2010', 6)":null,"('0015-PE-2010', 7)":null,"('0015-PE-2010', 8)":null,"('0015-PE-2010', 9)":null,"('0015-PE-2010', 10)":null,"('0015-PE-2010', 11)":null,"('0015-PE-2010', 12)":null,"('0015-PE-2010', 13)":null,"('0015-PE-2010', 14)":null},"('Firmantes', 'BLOQUE')":{"('0015-PE-2010', 0)":"PODER EJECUTIVO","('0015-PE-2010', 1)":"PODER EJECUTIVO","('0015-PE-2010', 2)":"PODER EJECUTIVO","('0015-PE-2010', 3)":null,"('0015-PE-2010', 4)":null,"('0015-PE-2010', 5)":null,"('0015-PE-2010', 6)":null,"('0015-PE-2010', 7)":null,"('0015-PE-2010', 8)":null,"('0015-PE-2010', 9)":null,"('0015-PE-2010', 10)":null,"('0015-PE-2010', 11)":null,"('0015-PE-2010', 12)":null,"('0015-PE-2010', 13)":null,"('0015-PE-2010', 14)":null},"('Giros', 'COMISI\u00d3N')":{"('0015-PE-2010', 0)":"LEGISLACION PENAL","('0015-PE-2010', 1)":"FINANZAS","('0015-PE-2010', 2)":null,"('0015-PE-2010', 3)":null,"('0015-PE-2010', 4)":null,"('0015-PE-2010', 5)":null,"('0015-PE-2010', 6)":null,"('0015-PE-2010', 7)":null,"('0015-PE-2010', 8)":null,"('0015-PE-2010', 9)":null,"('0015-PE-2010', 10)":null,"('0015-PE-2010', 11)":null,"('0015-PE-2010', 12)":null,"('0015-PE-2010', 13)":null,"('0015-PE-2010', 14)":null},"('Tramites', 'C\u00c1MARA')":{"('0015-PE-2010', 0)":"Diputados","('0015-PE-2010', 1)":"Diputados","('0015-PE-2010', 2)":"Diputados","('0015-PE-2010', 3)":"Diputados","('0015-PE-2010', 4)":"Diputados","('0015-PE-2010', 5)":"Diputados","('0015-PE-2010', 6)":"Diputados","('0015-PE-2010', 7)":"Diputados","('0015-PE-2010', 8)":"Diputados","('0015-PE-2010', 9)":"Senado","('0015-PE-2010', 10)":"Senado","('0015-PE-2010', 11)":"Senado","('0015-PE-2010', 12)":"Senado","('0015-PE-2010', 13)":"Senado","('0015-PE-2010', 14)":"Diputados"},"('Tramites', 'MOVIMIENTO')":{"('0015-PE-2010', 0)":"MOCION DE PREFERENCIA PARA LA PROXIMA SESION CON DICTAMEN (AFIRMATIVA)","('0015-PE-2010', 1)":"MOCION DE PREFERENCIA PARA LA PROXIMA SESION CON DICTAMEN (AFIRMATIVA)","('0015-PE-2010', 2)":"MANIFESTACIONES EN MINORIA CONJUNTAMENTE PARA LOS EXPEDIENTES 0015-PE-2010, 0040-CD-2011 y 1335-D-2011","('0015-PE-2010', 3)":"CITACION SESION ESPECIAL CONJUNTAMENTE PARA LOS EXPEDIENTES 0015-PE-2010, 0040-CD-2011 y 1335-D-2011","('0015-PE-2010', 4)":"CONSIDERACION Y APROBACION CON MODIFICACIONES CONJUNTAMENTE PARA LOS EXPEDIENTES 0015-PE-2010, 0040-CD-2011 y 1335-D-2011","('0015-PE-2010', 5)":"INSERCION DIPUTADO AGUAD CONJUNTAMENTE PARA LOS EXPEDIENTES 0015-PE-2010, 0040-CD-2011 y 1335-D-2011","('0015-PE-2010', 6)":"INSERCION DIPUTADO FORTUNA CONJUNTAMENTE PARA LOS EXPEDIENTES 0015-PE-2010, 0040-CD-2011 y 1335-D-2011","('0015-PE-2010', 7)":"INSERCION DIPUTADO LANCETA CONJUNTAMENTE PARA LOS EXPEDIENTES 0015-PE-2010, 0040-CD-2011 y 1335-D-2011","('0015-PE-2010', 8)":"INSERCION DIPUTADO THOMAS CONJUNTAMENTE PARA LOS EXPEDIENTES 0015-PE-2010, 0040-CD-2011 y 1335-D-2011","('0015-PE-2010', 9)":"PASA A SENADO - CONJUNTAMENTE PARA LOS EXPEDIENTES 0015-PE-2010, 0040-CD-2011 y 1335-D-2011","('0015-PE-2010', 10)":"COMUNICACION DE LA SECRETARIA PARLAMENTARIA DE LA H. CAMARA DE DIPUTADOS DE UNA FE DE ERRATAS CONJUNTAMENTE PARA LOS EXPEDIENTES 0015-PE-2010, 0040-CD-2011 y 1335-D-2011","('0015-PE-2010', 11)":"MOCION SOBRE TABLAS (AFIRMATIVA) CONJUNTAMENTE PARA LOS EXPEDIENTES 0015-PE-2010, 0040-CD-2011, 1335-D-2011 y 0209-S-2011","('0015-PE-2010', 12)":"CONSIDERACION Y SANCION CONJUNTAMENTE PARA LOS EXPEDIENTES 0015-PE-2010, 0040-CD-2011, 1335-D-2011 y 0209-S-2011","('0015-PE-2010', 13)":"INSERCIONES","('0015-PE-2010', 14)":"COMUNICACION DEL DECRETO 825\/2011 del 17\/06\/2011 DE VETO PARCIAL Y PROMULGACION, OBSERVACION DEL ARTICULO 25 CONJUNTAMENTE PARA LOS EXPEDIENTES 0015-PE-2010, 0040-CD-2011, 1335-D-2011 y 0209-S-2011"},"('Tramites', 'FECHA')":{"('0015-PE-2010', 0)":"13\/10\/2010","('0015-PE-2010', 1)":"13\/04\/2011","('0015-PE-2010', 2)":"04\/05\/2011","('0015-PE-2010', 3)":"04\/05\/2011","('0015-PE-2010', 4)":"04\/05\/2011","('0015-PE-2010', 5)":"04\/05\/2011","('0015-PE-2010', 6)":"04\/05\/2011","('0015-PE-2010', 7)":"04\/05\/2011","('0015-PE-2010', 8)":"04\/05\/2011","('0015-PE-2010', 9)":null,"('0015-PE-2010', 10)":null,"('0015-PE-2010', 11)":"01\/06\/2011","('0015-PE-2010', 12)":"01\/06\/2011","('0015-PE-2010', 13)":"01\/06\/2011","('0015-PE-2010', 14)":null},"('Tramites', 'RESULTADO')":{"('0015-PE-2010', 0)":null,"('0015-PE-2010', 1)":null,"('0015-PE-2010', 2)":null,"('0015-PE-2010', 3)":null,"('0015-PE-2010', 4)":"MEDIA SANCION","('0015-PE-2010', 5)":null,"('0015-PE-2010', 6)":null,"('0015-PE-2010', 7)":null,"('0015-PE-2010', 8)":null,"('0015-PE-2010', 9)":null,"('0015-PE-2010', 10)":null,"('0015-PE-2010', 11)":null,"('0015-PE-2010', 12)":"SANCIONADO","('0015-PE-2010', 13)":null,"('0015-PE-2010', 14)":null},"Sumario":{"('0015-PE-2010', 0)":"INCORPORACION DE ENUNCIADO A CONTINUACION DEL ARTICULO 29: 'CAPITULO VI: MEDIDAS ESPECIALES DE INVESTIGACION'.","('0015-PE-2010', 1)":null,"('0015-PE-2010', 2)":null,"('0015-PE-2010', 3)":null,"('0015-PE-2010', 4)":null,"('0015-PE-2010', 5)":null,"('0015-PE-2010', 6)":null,"('0015-PE-2010', 7)":null,"('0015-PE-2010', 8)":null,"('0015-PE-2010', 9)":null,"('0015-PE-2010', 10)":null,"('0015-PE-2010', 11)":null,"('0015-PE-2010', 12)":null,"('0015-PE-2010', 13)":null,"('0015-PE-2010', 14)":null},"Palabra Clave":{"('0015-PE-2010', 0)":" ","('0015-PE-2010', 1)":null,"('0015-PE-2010', 2)":null,"('0015-PE-2010', 3)":null,"('0015-PE-2010', 4)":null,"('0015-PE-2010', 5)":null,"('0015-PE-2010', 6)":null,"('0015-PE-2010', 7)":null,"('0015-PE-2010', 8)":null,"('0015-PE-2010', 9)":null,"('0015-PE-2010', 10)":null,"('0015-PE-2010', 11)":null,"('0015-PE-2010', 12)":null,"('0015-PE-2010', 13)":null,"('0015-PE-2010', 14)":null}}