{"Tipo de Proyecto":{"('0015-S-2010', 0)":"PROYECTO DE DECLARACI\u00d3N","('0015-S-2010', 1)":null},"Iniciado en: ":{"('0015-S-2010', 0)":"Senado","('0015-S-2010', 1)":null},"Expediente Senado: ":{"('0015-S-2010', 0)":"0015-S-2010","('0015-S-2010', 1)":null},"Publicado en: ":{"('0015-S-2010', 0)":"Diario de Asuntos Entrados N\u00b0 1","('0015-S-2010', 1)":null},"Fecha: ":{"('0015-S-2010', 0)":"01\/03\/2010","('0015-S-2010', 1)":null},"T\u00edtulo":{"('0015-S-2010', 0)":"EXPRESAR PESAR POR EL FALLECIMIENTO DE LA ESCRITORA MARTHA MERCADER, EL 17 DE FEBRERO PASADO.","('0015-S-2010', 1)":null},"('Firmantes', 'FIRMANTE')":{"('0015-S-2010', 0)":"BORTOLOZZI DE BOGADO, ADRIANA RAQUEL","('0015-S-2010', 1)":null},"('Firmantes', 'DISTRITO')":{"('0015-S-2010', 0)":"FORMOSA","('0015-S-2010', 1)":null},"('Firmantes', 'BLOQUE')":{"('0015-S-2010', 0)":"FRENTE PARA LA VICTORIA - PJ","('0015-S-2010', 1)":null},"('Tramites', 'C\u00c1MARA')":{"('0015-S-2010', 0)":"Senado","('0015-S-2010', 1)":"Senado"},"('Tramites', 'MOVIMIENTO')":{"('0015-S-2010', 0)":"MOCION SOBRE TABLAS CON DICTAMEN (AFIRMATIVA) CONJUNTAMENTE PARA LOS EXPEDIENTES 3470-S-2009 y 0015-S-2010","('0015-S-2010', 1)":"CONSIDERACION Y APROBACION CONJUNTAMENTE PARA LOS EXPEDIENTES 3470-S-2009 y 0015-S-2010"},"('Tramites', 'FECHA')":{"('0015-S-2010', 0)":"28\/04\/2010","('0015-S-2010', 1)":"28\/04\/2010"},"('Tramites', 'RESULTADO')":{"('0015-S-2010', 0)":null,"('0015-S-2010', 1)":"APROBADO"},"Link":{"('0015-S-2010', 0)":"http:\/\/www.senado.gov.ar\/parlamentario\/comisiones\/verExp\/15.10\/S\/PD","('0015-S-2010', 1)":null},"Palabra Clave":{"('0015-S-2010', 0)":" ","('0015-S-2010', 1)":null}}