{"Tipo de Proyecto":{"('0016-JGM-2010', 0)":"MENSAJE NRO: 0386\/10","('0016-JGM-2010', 1)":null,"('0016-JGM-2010', 2)":null},"Iniciado en: ":{"('0016-JGM-2010', 0)":"Diputados","('0016-JGM-2010', 1)":null,"('0016-JGM-2010', 2)":null},"Expediente Diputados: ":{"('0016-JGM-2010', 0)":"0016-JGM-2010","('0016-JGM-2010', 1)":null,"('0016-JGM-2010', 2)":null},"Publicado en: ":{"('0016-JGM-2010', 0)":"Tr\u00e1mite Parlamentario N\u00b0 70","('0016-JGM-2010', 1)":null,"('0016-JGM-2010', 2)":null},"Fecha: ":{"('0016-JGM-2010', 0)":"07\/06\/2010","('0016-JGM-2010', 1)":null,"('0016-JGM-2010', 2)":null},"T\u00edtulo":{"('0016-JGM-2010', 0)":"COMUNICACION DEL DECRETO 608\/2010, POR EL CUAL SE INCORPORAN DIVERSAS REFERENCIAS EN EL ANEXO IX DEL DECRETO 509\/2007 (AJUSTE DE LA LISTA ARGENTINA DE EXCEPCIONES AL ARANCEL EXTERNO COMUN DEL MERCOSUR).\n","('0016-JGM-2010', 1)":null,"('0016-JGM-2010', 2)":null},"('Firmantes', 'FIRMANTE')":{"('0016-JGM-2010', 0)":"FERNANDEZ, ANIBAL","('0016-JGM-2010', 1)":"BOUDOU, AMADO","('0016-JGM-2010', 2)":"GIORGI, DEBORA"},"('Firmantes', 'DISTRITO')":{"('0016-JGM-2010', 0)":null,"('0016-JGM-2010', 1)":null,"('0016-JGM-2010', 2)":null},"('Firmantes', 'BLOQUE')":{"('0016-JGM-2010', 0)":"PODER EJECUTIVO","('0016-JGM-2010', 1)":"PODER EJECUTIVO","('0016-JGM-2010', 2)":"PODER EJECUTIVO"},"('Giros', 'COMISI\u00d3N')":{"('0016-JGM-2010', 0)":"BICAMERAL PERMANENTE DE TRAMITE LEGISLATIVO - LEY 26122","('0016-JGM-2010', 1)":null,"('0016-JGM-2010', 2)":null},"('Tramites', 'C\u00c1MARA')":{"('0016-JGM-2010', 0)":"Diputados","('0016-JGM-2010', 1)":null,"('0016-JGM-2010', 2)":null},"('Tramites', 'MOVIMIENTO')":{"('0016-JGM-2010', 0)":"CONSIDERACION Y APROBACION","('0016-JGM-2010', 1)":null,"('0016-JGM-2010', 2)":null},"('Tramites', 'FECHA')":{"('0016-JGM-2010', 0)":"24\/10\/2012","('0016-JGM-2010', 1)":null,"('0016-JGM-2010', 2)":null},"('Tramites', 'RESULTADO')":{"('0016-JGM-2010', 0)":"APROBADO","('0016-JGM-2010', 1)":null,"('0016-JGM-2010', 2)":null},"Link":{"('0016-JGM-2010', 0)":"https:\/\/www4.hcdn.gob.ar\/dependencias\/dsecretaria\/Periodo2010\/PDF2010\/TP2010\/0016-JGM-10.pdf","('0016-JGM-2010', 1)":null,"('0016-JGM-2010', 2)":null},"Palabra Clave":{"('0016-JGM-2010', 0)":" ","('0016-JGM-2010', 1)":null,"('0016-JGM-2010', 2)":null}}