{"Tipo de Proyecto":{"('0017-JGM-2010', 0)":"MENSAJE NRO: 0387\/10","('0017-JGM-2010', 1)":null},"Iniciado en: ":{"('0017-JGM-2010', 0)":"Diputados","('0017-JGM-2010', 1)":null},"Expediente Diputados: ":{"('0017-JGM-2010', 0)":"0017-JGM-2010","('0017-JGM-2010', 1)":null},"Publicado en: ":{"('0017-JGM-2010', 0)":"Tr\u00e1mite Parlamentario N\u00b0 70","('0017-JGM-2010', 1)":null},"Fecha: ":{"('0017-JGM-2010', 0)":"07\/06\/2010","('0017-JGM-2010', 1)":null},"T\u00edtulo":{"('0017-JGM-2010', 0)":"COMUNICACION DEL DECRETO 708\/2010, POR EL CUAL SE APRUEBA EL MODELO DE CONTRATO DE PRESTAMO BIRF 7861-AR A CELEBRARSE ENTRE LA REPUBLICA ARGENTINA Y EL BANCO INTERNACIONAL DE RECONSTRUCCION Y FOMENTO (BIRF), DESTINADO A FINANCIAR PARCIALMENTE EL PROYECTO DE SEGURIDAD VIAL - FASE I.","('0017-JGM-2010', 1)":null},"('Firmantes', 'FIRMANTE')":{"('0017-JGM-2010', 0)":"FERNANDEZ, ANIBAL","('0017-JGM-2010', 1)":"BOUDOU, AMADO"},"('Firmantes', 'DISTRITO')":{"('0017-JGM-2010', 0)":null,"('0017-JGM-2010', 1)":null},"('Firmantes', 'BLOQUE')":{"('0017-JGM-2010', 0)":"PODER EJECUTIVO","('0017-JGM-2010', 1)":"PODER EJECUTIVO"},"('Giros', 'COMISI\u00d3N')":{"('0017-JGM-2010', 0)":"BICAMERAL PERMANENTE DE TRAMITE LEGISLATIVO - LEY 26122","('0017-JGM-2010', 1)":null},"('Tramites', 'C\u00c1MARA')":{"('0017-JGM-2010', 0)":"Diputados","('0017-JGM-2010', 1)":null},"('Tramites', 'MOVIMIENTO')":{"('0017-JGM-2010', 0)":"CONSIDERACION Y APROBACION","('0017-JGM-2010', 1)":null},"('Tramites', 'FECHA')":{"('0017-JGM-2010', 0)":"24\/10\/2012","('0017-JGM-2010', 1)":null},"('Tramites', 'RESULTADO')":{"('0017-JGM-2010', 0)":"APROBADO","('0017-JGM-2010', 1)":null},"Link":{"('0017-JGM-2010', 0)":"https:\/\/www4.hcdn.gob.ar\/dependencias\/dsecretaria\/Periodo2010\/PDF2010\/TP2010\/0017-JGM-10.pdf","('0017-JGM-2010', 1)":null},"Palabra Clave":{"('0017-JGM-2010', 0)":" ","('0017-JGM-2010', 1)":null}}