{"Tipo de Proyecto":{"('0017-PE-2010', 0)":"MENSAJE NRO: 0888\/10 Y PROYECTO DE LEY","('0017-PE-2010', 1)":null,"('0017-PE-2010', 2)":null,"('0017-PE-2010', 3)":null,"('0017-PE-2010', 4)":null,"('0017-PE-2010', 5)":null,"('0017-PE-2010', 6)":null,"('0017-PE-2010', 7)":null},"Iniciado en: ":{"('0017-PE-2010', 0)":"Diputados","('0017-PE-2010', 1)":null,"('0017-PE-2010', 2)":null,"('0017-PE-2010', 3)":null,"('0017-PE-2010', 4)":null,"('0017-PE-2010', 5)":null,"('0017-PE-2010', 6)":null,"('0017-PE-2010', 7)":null},"Expediente Diputados: ":{"('0017-PE-2010', 0)":"0017-PE-2010","('0017-PE-2010', 1)":null,"('0017-PE-2010', 2)":null,"('0017-PE-2010', 3)":null,"('0017-PE-2010', 4)":null,"('0017-PE-2010', 5)":null,"('0017-PE-2010', 6)":null,"('0017-PE-2010', 7)":null},"Expediente Senado: ":{"('0017-PE-2010', 0)":"0089-CD-2011","('0017-PE-2010', 1)":null,"('0017-PE-2010', 2)":null,"('0017-PE-2010', 3)":null,"('0017-PE-2010', 4)":null,"('0017-PE-2010', 5)":null,"('0017-PE-2010', 6)":null,"('0017-PE-2010', 7)":null},"Publicado en: ":{"('0017-PE-2010', 0)":"Tr\u00e1mite Parlamentario N\u00b0 83","('0017-PE-2010', 1)":null,"('0017-PE-2010', 2)":null,"('0017-PE-2010', 3)":null,"('0017-PE-2010', 4)":null,"('0017-PE-2010', 5)":null,"('0017-PE-2010', 6)":null,"('0017-PE-2010', 7)":null},"Fecha: ":{"('0017-PE-2010', 0)":"25\/06\/2010","('0017-PE-2010', 1)":null,"('0017-PE-2010', 2)":null,"('0017-PE-2010', 3)":null,"('0017-PE-2010', 4)":null,"('0017-PE-2010', 5)":null,"('0017-PE-2010', 6)":null,"('0017-PE-2010', 7)":null},"T\u00edtulo":{"('0017-PE-2010', 0)":"NUEVO REGIMEN DE TRABAJO AGRARIO; DEROGACION DE LA LEY 22248 Y SUS MODIFICATORIAS Y EL DECRETO REGLAMENTARIO 563\/81.","('0017-PE-2010', 1)":null,"('0017-PE-2010', 2)":null,"('0017-PE-2010', 3)":null,"('0017-PE-2010', 4)":null,"('0017-PE-2010', 5)":null,"('0017-PE-2010', 6)":null,"('0017-PE-2010', 7)":null},"('Firmantes', 'FIRMANTE')":{"('0017-PE-2010', 0)":"FERNANDEZ DE KIRCHNER, CRISTINA","('0017-PE-2010', 1)":"FERNANDEZ, ANIBAL","('0017-PE-2010', 2)":"TOMADA, CARLOS","('0017-PE-2010', 3)":null,"('0017-PE-2010', 4)":null,"('0017-PE-2010', 5)":null,"('0017-PE-2010', 6)":null,"('0017-PE-2010', 7)":null},"('Firmantes', 'DISTRITO')":{"('0017-PE-2010', 0)":null,"('0017-PE-2010', 1)":null,"('0017-PE-2010', 2)":null,"('0017-PE-2010', 3)":null,"('0017-PE-2010', 4)":null,"('0017-PE-2010', 5)":null,"('0017-PE-2010', 6)":null,"('0017-PE-2010', 7)":null},"('Firmantes', 'BLOQUE')":{"('0017-PE-2010', 0)":"PODER EJECUTIVO","('0017-PE-2010', 1)":"PODER EJECUTIVO","('0017-PE-2010', 2)":"PODER EJECUTIVO","('0017-PE-2010', 3)":null,"('0017-PE-2010', 4)":null,"('0017-PE-2010', 5)":null,"('0017-PE-2010', 6)":null,"('0017-PE-2010', 7)":null},"('Giros', 'COMISI\u00d3N')":{"('0017-PE-2010', 0)":"LEGISLACION DEL TRABAJO","('0017-PE-2010', 1)":"PREVISION Y SEGURIDAD SOCIAL","('0017-PE-2010', 2)":"AGRICULTURA Y GANADERIA","('0017-PE-2010', 3)":"PRESUPUESTO Y HACIENDA","('0017-PE-2010', 4)":null,"('0017-PE-2010', 5)":null,"('0017-PE-2010', 6)":null,"('0017-PE-2010', 7)":null},"('Tramites', 'C\u00c1MARA')":{"('0017-PE-2010', 0)":"Diputados","('0017-PE-2010', 1)":"Diputados","('0017-PE-2010', 2)":"Diputados","('0017-PE-2010', 3)":"Diputados","('0017-PE-2010', 4)":"Senado","('0017-PE-2010', 5)":"Senado","('0017-PE-2010', 6)":"Senado","('0017-PE-2010', 7)":"Senado"},"('Tramites', 'MOVIMIENTO')":{"('0017-PE-2010', 0)":"RESOLUCION DE PRESIDENCIA - AMPLIACION DE GIRO A LA COMISION DE AGRICULTURA Y GANADERIA.","('0017-PE-2010', 1)":"CITACION SESION ESPECIAL CONJUNTAMENTE PARA LOS EXPEDIENTES 0017-PE-2010, 0089-CD-2011 y 5153-D-2010","('0017-PE-2010', 2)":"CONSIDERACION Y APROBACION CON MODIFICACIONES CONJUNTAMENTE PARA LOS EXPEDIENTES 0017-PE-2010, 0089-CD-2011 y 5153-D-2010","('0017-PE-2010', 3)":"INSERCIONES DE LOS DIPUTADOS ARENA, DIAZ BANCALARI, GALLARDO Y GIUBERGIA CONJUNTAMENTE PARA LOS EXPEDIENTES 0017-PE-2010, 0089-CD-2011 y 5153-D-2010","('0017-PE-2010', 4)":"PASA A SENADO - CONJUNTAMENTE PARA LOS EXPEDIENTES 0017-PE-2010, 0089-CD-2011 y 5153-D-2010","('0017-PE-2010', 5)":"MOCION SOBRE TABLAS (AFIRMATIVA) CONJUNTAMENTE PARA LOS EXPEDIENTES 0017-PE-2010, 0089-CD-2011 y 5153-D-2010","('0017-PE-2010', 6)":"CONSIDERACION Y SANCION CONJUNTAMENTE PARA LOS EXPEDIENTES 0017-PE-2010, 0089-CD-2011 y 5153-D-2010","('0017-PE-2010', 7)":"INSERCIONES DE LOS SENADORES BERMEJO, PARRILLI, BASUALDO, REUTEMANN Y PERSICO CONJUNTAMENTE PARA LOS EXPEDIENTES 0017-PE-2010, 0089-CD-2011 y 5153-D-2010"},"('Tramites', 'FECHA')":{"('0017-PE-2010', 0)":"16\/03\/2011","('0017-PE-2010', 1)":"15\/12\/2011","('0017-PE-2010', 2)":"15\/12\/2011","('0017-PE-2010', 3)":"15\/12\/2011","('0017-PE-2010', 4)":null,"('0017-PE-2010', 5)":"21\/12\/2011","('0017-PE-2010', 6)":"21\/12\/2011","('0017-PE-2010', 7)":"21\/12\/2011"},"('Tramites', 'RESULTADO')":{"('0017-PE-2010', 0)":null,"('0017-PE-2010', 1)":null,"('0017-PE-2010', 2)":"MEDIA SANCION","('0017-PE-2010', 3)":null,"('0017-PE-2010', 4)":null,"('0017-PE-2010', 5)":null,"('0017-PE-2010', 6)":"SANCIONADO","('0017-PE-2010', 7)":null},"Sumario":{"('0017-PE-2010', 0)":"DISPOSICIONES GENERALES; CONTRATO DE TRABAJO AGRARIO EN GENERAL; MODALIDADES CONTRACTUALES DEL TRABAJO AGRARIO; RETRIBUCION DEL TRABAJADOR AGRARIO; REMUNERACION Y PAGO; PROHIBICION DE RETENCIONES POR MERCADERIAS; JORNADA DE TRABAJO Y DESCANSO SEMANAL; SEGURIDAD Y RIESGOS DEL TRABAJO; LICENCIAS; APLICACION DE LAS LICENCIAS DE LA LEY 20744 DE CONTRATO DE TRABAJO; LICENCIAS ESPECIALES; ACCIDENTES Y ENFERMEDADES INCULPABLES; PROHIBICION DEL TRABAJO INFANTIL Y PROTECCION DEL TRABAJO ADOLESCENTE; PREVENCION DEL TRABAJO INFANTIL; ESPACIOS DE CONTENCION PARA NI\u00d1OS Y NI\u00d1AS; PROMOCION DEL EMPLEO DE LOS TRABAJADORES TEMPORARIOS; CREACION DEL SERVICIO PUBLICO DE EMPLEO PARA TRABAJADORES TEMPORARIOS DE LA ACTIVIDAD AGRARIA; UTILIZACION OBLIGATORIA; CELEBRACION DE CONVENIOS; FACULTAD DEL MINISTERIO DE TRABAJO, EMPLEO Y SEGURIDAD SOCIAL; BOLSAS DE TRABAJO A CARGO DE LAS ASOCIACIONES SINDICALES;  CAPACITACION Y FORMACION PROFESIONAL; RESPONSABILIDAD DEL ESTADO; ORGANOS TRIPARTITOS DEL REGIMEN DE TRABAJO AGRARIO; COMISION NACIONAL DE TRABAJO AGRARIO (CNTA): INTEGRACION; COMISIONES ASESORAS REGIONALES; AUTORIDAD DE APLICACION: MINISTERIO DE TRABAJO, EMPLEO Y SEGURIDAD SOCIAL; DISPOSICIONES COMPLEMENTARIAS; VIGENCIA DE RESOLUCIONES; RECONOCIMIENTO DE ANTIG\u00dcEDAD: MODIFICACION DEL INCISO C) DEL ARTICULO 2 DE LA LEY 20744 DE CONTRATO DE TRABAJO; MODIFICACION DEL ARTICULO 40 DE LA LEY 24013 (LEY DE EMPLEO); SUSTITUCION DE LOS ARTICULOS 1, 4, 7, 8, 9 Y 16,  INCORPORACION DE LOS ARTICULOS 7 BIS, 9 BIS, 9 TER, 16 BIS, 16 TER Y 16 QUATER DE LA LEY 25191 (LIBRETA DE TRABAJO PARA EL TRABAJADOR RURAL); EL 'REGISTRO NACIONAL DE TRABAJADORES RURALES Y EMPLEADORES (RENATRE) Y EL 'SISTEMA INTEGRAL DE PRESTACIONES POR DESEMPLEO' SERAN DENOMINADOS 'REGISTRO NACIONAL DE TRABAJADORES Y EMPLEADORES AGRARIOS (RENATEA) Y 'SISTEMA INTEGRAL DE PRESTACIONES POR DESEMPLEO Y SERVICIO DE SEPELIO'; APLICACION SUPLETORIA DE LAS DISPOSICIONES DE LAS LEYES 24013, 25013, 25323 Y 25345.","('0017-PE-2010', 1)":null,"('0017-PE-2010', 2)":null,"('0017-PE-2010', 3)":null,"('0017-PE-2010', 4)":null,"('0017-PE-2010', 5)":null,"('0017-PE-2010', 6)":null,"('0017-PE-2010', 7)":null},"Palabra Clave":{"('0017-PE-2010', 0)":" ","('0017-PE-2010', 1)":null,"('0017-PE-2010', 2)":null,"('0017-PE-2010', 3)":null,"('0017-PE-2010', 4)":null,"('0017-PE-2010', 5)":null,"('0017-PE-2010', 6)":null,"('0017-PE-2010', 7)":null}}