{"Tipo de Proyecto":{"('0017-S-2010', 0)":"PROYECTO DE LEY","('0017-S-2010', 1)":null,"('0017-S-2010', 2)":null,"('0017-S-2010', 3)":null,"('0017-S-2010', 4)":null,"('0017-S-2010', 5)":null},"Iniciado en: ":{"('0017-S-2010', 0)":"Senado","('0017-S-2010', 1)":null,"('0017-S-2010', 2)":null,"('0017-S-2010', 3)":null,"('0017-S-2010', 4)":null,"('0017-S-2010', 5)":null},"Expediente Diputados: ":{"('0017-S-2010', 0)":"0017-S-2010","('0017-S-2010', 1)":null,"('0017-S-2010', 2)":null,"('0017-S-2010', 3)":null,"('0017-S-2010', 4)":null,"('0017-S-2010', 5)":null},"Expediente Senado: ":{"('0017-S-2010', 0)":"0237-S-2010","('0017-S-2010', 1)":null,"('0017-S-2010', 2)":null,"('0017-S-2010', 3)":null,"('0017-S-2010', 4)":null,"('0017-S-2010', 5)":null},"Publicado en: ":{"('0017-S-2010', 0)":"Diario de Asuntos Entrados N\u00b0 14","('0017-S-2010', 1)":null,"('0017-S-2010', 2)":null,"('0017-S-2010', 3)":null,"('0017-S-2010', 4)":null,"('0017-S-2010', 5)":null},"Fecha: ":{"('0017-S-2010', 0)":"10\/03\/2010","('0017-S-2010', 1)":null,"('0017-S-2010', 2)":null,"('0017-S-2010', 3)":null,"('0017-S-2010', 4)":null,"('0017-S-2010', 5)":null},"T\u00edtulo":{"('0017-S-2010', 0)":"CREACION DEL FONDO DEL DESENDEUDAMIENTO ARGENTINO.","('0017-S-2010', 1)":null,"('0017-S-2010', 2)":null,"('0017-S-2010', 3)":null,"('0017-S-2010', 4)":null,"('0017-S-2010', 5)":null},"('Firmantes', 'FIRMANTE')":{"('0017-S-2010', 0)":"VERNA, CARLOS ALBERTO","('0017-S-2010', 1)":"HIGONET, MARIA DE LOS ANGELES","('0017-S-2010', 2)":null,"('0017-S-2010', 3)":null,"('0017-S-2010', 4)":null,"('0017-S-2010', 5)":null},"('Firmantes', 'DISTRITO')":{"('0017-S-2010', 0)":"LA PAMPA","('0017-S-2010', 1)":"LA PAMPA","('0017-S-2010', 2)":null,"('0017-S-2010', 3)":null,"('0017-S-2010', 4)":null,"('0017-S-2010', 5)":null},"('Firmantes', 'BLOQUE')":{"('0017-S-2010', 0)":"PARTIDO JUSTICIALISTA LA PAMPA","('0017-S-2010', 1)":"PARTIDO JUSTICIALISTA LA PAMPA","('0017-S-2010', 2)":null,"('0017-S-2010', 3)":null,"('0017-S-2010', 4)":null,"('0017-S-2010', 5)":null},"('Giros', 'COMISI\u00d3N')":{"('0017-S-2010', 0)":"PRESUPUESTO Y HACIENDA","('0017-S-2010', 1)":"FINANZAS","('0017-S-2010', 2)":"ASUNTOS CONSTITUCIONALES","('0017-S-2010', 3)":null,"('0017-S-2010', 4)":null,"('0017-S-2010', 5)":null},"('Tramites', 'C\u00c1MARA')":{"('0017-S-2010', 0)":"Senado","('0017-S-2010', 1)":"Senado","('0017-S-2010', 2)":"Senado","('0017-S-2010', 3)":"Senado","('0017-S-2010', 4)":"Diputados","('0017-S-2010', 5)":"Diputados"},"('Tramites', 'MOVIMIENTO')":{"('0017-S-2010', 0)":"CAMBIO DE COMISIONES","('0017-S-2010', 1)":"MOCION DE PREFERENCIA CON DICTAMEN (AFIRMATIVA)","('0017-S-2010', 2)":"CONSIDERACION Y APROBACION CON MODIFICACIONES CONJUNTAMENTE PARA LOS EXPEDIENTES 0017-S-2010, 0237-S-2010, 0276-S-2010, 0422-S-2010, 0660-S-2010, 0693-S-2010 y 0935-S-2010","('0017-S-2010', 3)":"INSERCIONES DE LOS SENADORES REUTEMANN, PARRILLI, GIUSTINIANI, RIOFRIO, JENEFES Y VIGO CONJUNTAMENTE PARA LOS EXPEDIENTES 0017-S-2010, 0237-S-2010, 0276-S-2010, 0422-S-2010, 0660-S-2010, 0693-S-2010 y 0935-S-2010","('0017-S-2010', 4)":"PASA A DIPUTADOS - CONJUNTAMENTE PARA LOS EXPEDIENTES 0017-S-2010, 0237-S-2010, 0276-S-2010, 0422-S-2010, 0660-S-2010, 0693-S-2010 y 0935-S-2010","('0017-S-2010', 5)":"MOCION DE PREFERENCIA PARA LA PROXIMA SESION CON DICTAMEN (AFIRMATIVA)"},"('Tramites', 'FECHA')":{"('0017-S-2010', 0)":"14\/04\/2010","('0017-S-2010', 1)":"14\/04\/2010","('0017-S-2010', 2)":"05\/05\/2010","('0017-S-2010', 3)":"05\/05\/2010","('0017-S-2010', 4)":null,"('0017-S-2010', 5)":"14\/07\/2010"},"('Tramites', 'RESULTADO')":{"('0017-S-2010', 0)":null,"('0017-S-2010', 1)":null,"('0017-S-2010', 2)":"MEDIA SANCION","('0017-S-2010', 3)":null,"('0017-S-2010', 4)":null,"('0017-S-2010', 5)":null},"Sumario":{"('0017-S-2010', 0)":"DESTINO: CANCELACION DE LOS SERVICIOS DE LA DEUDA CON TENEDORES PRIVADOS CORRESPONDIENTES AL EJERCICIO FISCAL 2010, INTEGRADO POR HASTA LA SUMA DE DOLARES ESTADOUNIDENSES CUATRO MIL TRESCIENTOS OCHENTA Y DOS MILLONES (U$S 4.382.000.000), QUE EL BANCO CENTRAL DE LA REPUBLICA ARGENTINA (BCRA) DEBERA TRANSFERIR A TESORO NACIONAL DE LAS RESERVAS DE LIBRE DISPONIBILIDAD; DETALLE DE LA COMPOSICION DE LOS SERVICIOS DE LA DEUDA CON TENEDORES PRIVADOS; CONTRAPRESTACION A RECIBIR POR EL BCRA.","('0017-S-2010', 1)":null,"('0017-S-2010', 2)":null,"('0017-S-2010', 3)":null,"('0017-S-2010', 4)":null,"('0017-S-2010', 5)":null},"Palabra Clave":{"('0017-S-2010', 0)":" ","('0017-S-2010', 1)":null,"('0017-S-2010', 2)":null,"('0017-S-2010', 3)":null,"('0017-S-2010', 4)":null,"('0017-S-2010', 5)":null}}