{"Tipo de Proyecto":{"('0018-S-2010', 0)":"PROYECTO DE LEY"},"Iniciado en: ":{"('0018-S-2010', 0)":"Senado"},"Expediente Senado: ":{"('0018-S-2010', 0)":"0018-S-2010"},"Publicado en: ":{"('0018-S-2010', 0)":"Diario de Asuntos Entrados N\u00b0 1"},"Fecha: ":{"('0018-S-2010', 0)":"01\/03\/2010"},"T\u00edtulo":{"('0018-S-2010', 0)":"GARANTIA DE ACUERDOS INFORMADOS EN EL SENADO."},"('Firmantes', 'FIRMANTE')":{"('0018-S-2010', 0)":"BORTOLOZZI DE BOGADO, ADRIANA RAQUEL"},"('Firmantes', 'DISTRITO')":{"('0018-S-2010', 0)":"FORMOSA"},"('Firmantes', 'BLOQUE')":{"('0018-S-2010', 0)":"FRENTE PARA LA VICTORIA - PJ"},"Sumario":{"('0018-S-2010', 0)":"OBJETO."},"Palabra Clave":{"('0018-S-2010', 0)":" "}}