{"Tipo de Proyecto":{"('0018-OV-2010', 0)":"PROYECTO DE RESOLUCI\u00d3N"},"Iniciado en: ":{"('0018-OV-2010', 0)":"Senado"},"Expediente Senado: ":{"('0018-OV-2010', 0)":"0018-OV-2010"},"Fecha: ":{"('0018-OV-2010', 0)":"07\/04\/2011"},"T\u00edtulo":{"('0018-OV-2010', 0)":"PEDIDO DE INFORMES AL PODER EJECUTIVO SOBRE LAS MEDIDAS ADOPTADAS PARA REGULARIZAR LAS SITUACIONES OBSERVADAS POR LA AUDITORIA GENERAL DE LA NACION (0018-OV-10), EN EL AMBITO DE LA DIRECCION NACIONAL DE VIALIDAD EN SU EXAMEN REFERENTE AL SUBPROGRAMA 06 \"MEJORAMIENTO Y RECONSTRUCCION DE PUENTES\", A FIN DE EVALUAR LA GESTION DESARROLLADA POR LAS AREAS VINCULADAS CON LA EJECUCION DE ESTE TIPO DE OBRAS, EJERCICIO 2005."},"('Firmantes', 'FIRMANTE')":{"('0018-OV-2010', 0)":"PARLAMENTARIA MIXTA REVISORA DE CUENTAS"},"('Firmantes', 'DISTRITO')":{"('0018-OV-2010', 0)":null},"('Firmantes', 'BLOQUE')":{"('0018-OV-2010', 0)":null},"Link":{"('0018-OV-2010', 0)":"http:\/\/www.senado.gov.ar\/parlamentario\/comisiones\/verExp\/18.10\/OV\/PR"},"Palabra Clave":{"('0018-OV-2010', 0)":" "}}