{"Tipo de Proyecto":{"('0019-OV-2010', 0)":"PROYECTO DE RESOLUCI\u00d3N"},"Iniciado en: ":{"('0019-OV-2010', 0)":"Senado"},"Expediente Senado: ":{"('0019-OV-2010', 0)":"0019-OV-2010"},"Fecha: ":{"('0019-OV-2010', 0)":"07\/04\/2011"},"T\u00edtulo":{"('0019-OV-2010', 0)":"PEDIDO DE INFORMES AL PODER EJECUTIVO SOBRE LAS MEDIDAS ADOPTADAS PARA SUBSANAR LAS SITUACIONES OBSERVADAS POR LA AUDITORIA GENERAL DE LA NACION (0019-OV-10) EN EL INFORME DE GESTION REALIZADO EN EL AMBITO DE LA FUNDACION ARGENTINA DE NANOTECNOLOGIA, POR EL PERIODO COMPRENDIDO ENTRE EL 31\/8\/05 Y EL 30\/6\/08."},"('Firmantes', 'FIRMANTE')":{"('0019-OV-2010', 0)":"PARLAMENTARIA MIXTA REVISORA DE CUENTAS"},"('Firmantes', 'DISTRITO')":{"('0019-OV-2010', 0)":null},"('Firmantes', 'BLOQUE')":{"('0019-OV-2010', 0)":null},"Link":{"('0019-OV-2010', 0)":"http:\/\/www.senado.gov.ar\/parlamentario\/comisiones\/verExp\/19.10\/OV\/PR"},"Palabra Clave":{"('0019-OV-2010', 0)":" "}}