{"Tipo de Proyecto":{"('0019-S-2010', 0)":"PROYECTO DE LEY","('0019-S-2010', 1)":null,"('0019-S-2010', 2)":null},"Iniciado en: ":{"('0019-S-2010', 0)":"Senado","('0019-S-2010', 1)":null,"('0019-S-2010', 2)":null},"Expediente Diputados: ":{"('0019-S-2010', 0)":"0019-S-2010","('0019-S-2010', 1)":null,"('0019-S-2010', 2)":null},"Expediente Senado: ":{"('0019-S-2010', 0)":"0036-S-2010","('0019-S-2010', 1)":null,"('0019-S-2010', 2)":null},"Publicado en: ":{"('0019-S-2010', 0)":"Diario de Asuntos Entrados N\u00b0 3","('0019-S-2010', 1)":null,"('0019-S-2010', 2)":null},"Fecha: ":{"('0019-S-2010', 0)":"02\/03\/2010","('0019-S-2010', 1)":null,"('0019-S-2010', 2)":null},"T\u00edtulo":{"('0019-S-2010', 0)":"RESTITUCION AL GOBIERNO DE LA PROVINCIA DE SALTA EL DOMINIO DE UN INMUEBLE PROPIEDAD DEL ESTADO NACIONAL, POR HABER CONCLUIDO EL MOTIVO DE SU TRANSFERENCIA (REPRODUCCION DEL EXPEDIENTE 0456-S-07).","('0019-S-2010', 1)":null,"('0019-S-2010', 2)":null},"('Firmantes', 'FIRMANTE')":{"('0019-S-2010', 0)":"ESCUDERO, SONIA MARGARITA","('0019-S-2010', 1)":null,"('0019-S-2010', 2)":null},"('Firmantes', 'DISTRITO')":{"('0019-S-2010', 0)":"SALTA","('0019-S-2010', 1)":null,"('0019-S-2010', 2)":null},"('Firmantes', 'BLOQUE')":{"('0019-S-2010', 0)":"JUSTICIALISTA 8 DE OCTUBRE","('0019-S-2010', 1)":null,"('0019-S-2010', 2)":null},"('Giros', 'COMISI\u00d3N')":{"('0019-S-2010', 0)":"LEGISLACION GENERAL","('0019-S-2010', 1)":"EDUCACION","('0019-S-2010', 2)":"PRESUPUESTO Y HACIENDA"},"('Tramites', 'C\u00c1MARA')":{"('0019-S-2010', 0)":"Senado","('0019-S-2010', 1)":"Senado","('0019-S-2010', 2)":"Diputados"},"('Tramites', 'MOVIMIENTO')":{"('0019-S-2010', 0)":"MOCION SOBRE TABLAS (AFIRMATIVA)","('0019-S-2010', 1)":"CONSIDERACION Y APROBACION","('0019-S-2010', 2)":"PASA A DIPUTADOS -"},"('Tramites', 'FECHA')":{"('0019-S-2010', 0)":"05\/05\/2010","('0019-S-2010', 1)":"05\/05\/2010","('0019-S-2010', 2)":null},"('Tramites', 'RESULTADO')":{"('0019-S-2010', 0)":null,"('0019-S-2010', 1)":"MEDIA SANCION","('0019-S-2010', 2)":null},"Sumario":{"('0019-S-2010', 0)":"DESTINO DEL INMUEBLE: CONSTRUCCION DE UN EDIFICIO ESCOLAR PARA EL FUNCIONAMIENTO DE LA ESCUELA DE ENSE\u00d1ANZA TECNICA DE INSTRUCCION Y PERFECCIONAMIENTO AERONAUTICO N\u00b0 5144 \"CAPITAN MARCELO P. LOTUFO\".","('0019-S-2010', 1)":null,"('0019-S-2010', 2)":null},"Palabra Clave":{"('0019-S-2010', 0)":" ","('0019-S-2010', 1)":null,"('0019-S-2010', 2)":null}}