{"Tipo de Proyecto":{"('0019-D-2010', 0)":"PROYECTO DE RESOLUCI\u00d3N"},"Iniciado en: ":{"('0019-D-2010', 0)":"Diputados"},"Expediente Diputados: ":{"('0019-D-2010', 0)":"0019-D-2010"},"Publicado en: ":{"('0019-D-2010', 0)":"Tr\u00e1mite Parlamentario N\u00b0 3"},"Fecha: ":{"('0019-D-2010', 0)":"02\/03\/2010"},"T\u00edtulo":{"('0019-D-2010', 0)":"INCORPORACION DE LA LEYENDA: \"ANTES DE IMPRIMIR, PIENSE EN EL MEDIO AMBIENTE\" EN TODA LA PAPELERIA MEMBRETADA IMPRESA POR LA IMPRENTA DEL CONGRESO NACIONAL Y EN TODOS LOS MAILS CON DOMINIO \"DIPUTADOS.GOV.AR\" Y \"HCDN.GOV.AR\" Y EN LA PAGINA OFICIAL DE LA HONORABLE CAMARA DE DIPUTADOS."},"('Firmantes', 'FIRMANTE')":{"('0019-D-2010', 0)":"COMELLI, ALICIA MARCELA"},"('Firmantes', 'DISTRITO')":{"('0019-D-2010', 0)":"NEUQUEN"},"('Firmantes', 'BLOQUE')":{"('0019-D-2010', 0)":"MOV POP NEUQUINO"},"('Giros', 'COMISI\u00d3N')":{"('0019-D-2010', 0)":"PETICIONES, PODERES Y REGLAMENTO"},"('Tramites', 'C\u00c1MARA')":{"('0019-D-2010', 0)":"Diputados"},"('Tramites', 'MOVIMIENTO')":{"('0019-D-2010', 0)":"SOLICITUD DEL AUTOR DE RETIRO DEL PROYECTO (AFIRMATIVA)"},"('Tramites', 'FECHA')":{"('0019-D-2010', 0)":"17\/03\/2010"},"('Tramites', 'RESULTADO')":{"('0019-D-2010', 0)":"RETIRADO"},"Link":{"('0019-D-2010', 0)":"https:\/\/www.hcdn.gob.ar\/proyectos\/textoCompleto.jsp?exp=0019-D-2010&tipo=RESOLUCION"},"Palabra Clave":{"('0019-D-2010', 0)":" "}}