{"Tipo de Proyecto":{"('0020-D-2010', 0)":"PROYECTO DE LEY","('0020-D-2010', 1)":null,"('0020-D-2010', 2)":null},"Iniciado en: ":{"('0020-D-2010', 0)":"Diputados","('0020-D-2010', 1)":null,"('0020-D-2010', 2)":null},"Expediente Diputados: ":{"('0020-D-2010', 0)":"0020-D-2010","('0020-D-2010', 1)":null,"('0020-D-2010', 2)":null},"Publicado en: ":{"('0020-D-2010', 0)":"Tr\u00e1mite Parlamentario N\u00b0 3","('0020-D-2010', 1)":null,"('0020-D-2010', 2)":null},"Fecha: ":{"('0020-D-2010', 0)":"02\/03\/2010","('0020-D-2010', 1)":null,"('0020-D-2010', 2)":null},"T\u00edtulo":{"('0020-D-2010', 0)":"PROMOCION DE TELEFONIA MOVIL PARA PERSONAS CON DISCAPACIDADES AUDITIVAS Y DEL HABLA.","('0020-D-2010', 1)":null,"('0020-D-2010', 2)":null},"('Firmantes', 'FIRMANTE')":{"('0020-D-2010', 0)":"COMELLI, ALICIA MARCELA","('0020-D-2010', 1)":null,"('0020-D-2010', 2)":null},"('Firmantes', 'DISTRITO')":{"('0020-D-2010', 0)":"NEUQUEN","('0020-D-2010', 1)":null,"('0020-D-2010', 2)":null},"('Firmantes', 'BLOQUE')":{"('0020-D-2010', 0)":"MOV POP NEUQUINO","('0020-D-2010', 1)":null,"('0020-D-2010', 2)":null},"('Giros', 'COMISI\u00d3N')":{"('0020-D-2010', 0)":"COMUNICACIONES E INFORMATICA","('0020-D-2010', 1)":"DISCAPACIDAD","('0020-D-2010', 2)":"PRESUPUESTO Y HACIENDA"},"('Tramites', 'C\u00c1MARA')":{"('0020-D-2010', 0)":"Diputados","('0020-D-2010', 1)":null,"('0020-D-2010', 2)":null},"('Tramites', 'MOVIMIENTO')":{"('0020-D-2010', 0)":"REPRODUCIDO POR EXPEDIENTE 0027-D-12","('0020-D-2010', 1)":null,"('0020-D-2010', 2)":null},"('Tramites', 'FECHA')":{"('0020-D-2010', 0)":null,"('0020-D-2010', 1)":null,"('0020-D-2010', 2)":null},"('Tramites', 'RESULTADO')":{"('0020-D-2010', 0)":null,"('0020-D-2010', 1)":null,"('0020-D-2010', 2)":null},"Sumario":{"('0020-D-2010', 0)":"PLANES PREFERENCIALES; INTRANSFERIBILIDAD; INCORPORACION DEL APARTADO 29 AL INCISO H) DEL ARTICULO 7 DE LA LEY DE IMPUESTO AL VALOR AGREGADO (TO DECRETO 280\/97); SANCIONES; REGLAMENTACION.","('0020-D-2010', 1)":null,"('0020-D-2010', 2)":null},"Palabra Clave":{"('0020-D-2010', 0)":" ","('0020-D-2010', 1)":null,"('0020-D-2010', 2)":null}}