{"Tipo de Proyecto":{"('0020-JGM-2010', 0)":"MENSAJE NRO: 0405\/10","('0020-JGM-2010', 1)":null,"('0020-JGM-2010', 2)":null},"Iniciado en: ":{"('0020-JGM-2010', 0)":"Diputados","('0020-JGM-2010', 1)":null,"('0020-JGM-2010', 2)":null},"Expediente Diputados: ":{"('0020-JGM-2010', 0)":"0020-JGM-2010","('0020-JGM-2010', 1)":null,"('0020-JGM-2010', 2)":null},"Publicado en: ":{"('0020-JGM-2010', 0)":"Tr\u00e1mite Parlamentario N\u00b0 76","('0020-JGM-2010', 1)":null,"('0020-JGM-2010', 2)":null},"Fecha: ":{"('0020-JGM-2010', 0)":"15\/06\/2010","('0020-JGM-2010', 1)":null,"('0020-JGM-2010', 2)":null},"T\u00edtulo":{"('0020-JGM-2010', 0)":"COMUNICACION DEL DECRETO 761\/10 POR EL CUAL SE SUSTITUYE EN EL ANEXO XIV DEL DECRETO 509\/07 Y SUS MODIFICACIONES, LA POSICION ARANCELARIA DE LA NOMENCLATURA COMUN DEL MERCOSUR, N.C.M. - 1517.90.10, REFERENCIA - 9 - Y EL DERECHO DE EXPORTACION.","('0020-JGM-2010', 1)":null,"('0020-JGM-2010', 2)":null},"('Firmantes', 'FIRMANTE')":{"('0020-JGM-2010', 0)":"FERNANDEZ, ANIBAL","('0020-JGM-2010', 1)":"BOUDOU, AMADO","('0020-JGM-2010', 2)":"GIORGI, DEBORA"},"('Firmantes', 'DISTRITO')":{"('0020-JGM-2010', 0)":null,"('0020-JGM-2010', 1)":null,"('0020-JGM-2010', 2)":null},"('Firmantes', 'BLOQUE')":{"('0020-JGM-2010', 0)":"PODER EJECUTIVO","('0020-JGM-2010', 1)":"PODER EJECUTIVO","('0020-JGM-2010', 2)":"PODER EJECUTIVO"},"('Giros', 'COMISI\u00d3N')":{"('0020-JGM-2010', 0)":"BICAMERAL PERMANENTE DE TRAMITE LEGISLATIVO - LEY 26122","('0020-JGM-2010', 1)":null,"('0020-JGM-2010', 2)":null},"('Tramites', 'C\u00c1MARA')":{"('0020-JGM-2010', 0)":"Diputados","('0020-JGM-2010', 1)":null,"('0020-JGM-2010', 2)":null},"('Tramites', 'MOVIMIENTO')":{"('0020-JGM-2010', 0)":"CONSIDERACION Y APROBACION","('0020-JGM-2010', 1)":null,"('0020-JGM-2010', 2)":null},"('Tramites', 'FECHA')":{"('0020-JGM-2010', 0)":"19\/11\/2014","('0020-JGM-2010', 1)":null,"('0020-JGM-2010', 2)":null},"('Tramites', 'RESULTADO')":{"('0020-JGM-2010', 0)":"APROBADO","('0020-JGM-2010', 1)":null,"('0020-JGM-2010', 2)":null},"Link":{"('0020-JGM-2010', 0)":"https:\/\/www4.hcdn.gob.ar\/dependencias\/dsecretaria\/Periodo2010\/PDF2010\/TP2010\/0020-JGM-10.pdf","('0020-JGM-2010', 1)":null,"('0020-JGM-2010', 2)":null},"Palabra Clave":{"('0020-JGM-2010', 0)":" ","('0020-JGM-2010', 1)":null,"('0020-JGM-2010', 2)":null}}