{"Tipo de Proyecto":{"('0020-PE-2010', 0)":"MENSAJE NRO: 1008\/10 Y PROYECTO DE LEY","('0020-PE-2010', 1)":null,"('0020-PE-2010', 2)":null},"Iniciado en: ":{"('0020-PE-2010', 0)":"Diputados","('0020-PE-2010', 1)":null,"('0020-PE-2010', 2)":null},"Expediente Diputados: ":{"('0020-PE-2010', 0)":"0020-PE-2010","('0020-PE-2010', 1)":null,"('0020-PE-2010', 2)":null},"Publicado en: ":{"('0020-PE-2010', 0)":"Tr\u00e1mite Parlamentario N\u00b0 98","('0020-PE-2010', 1)":null,"('0020-PE-2010', 2)":null},"Fecha: ":{"('0020-PE-2010', 0)":"19\/07\/2010","('0020-PE-2010', 1)":null,"('0020-PE-2010', 2)":null},"T\u00edtulo":{"('0020-PE-2010', 0)":"PRORROGAR LA DECLARACION DE UTILIDAD PUBLICA Y SUJETO A EXPROPIACION DE LOS BIENES INMUEBLES QUE RESULTAREN NECESARIOS PARA EL TOTAL CUMPLIMIENTO DEL TRATADO DE YACYRETA, APROBADO POR LEY 20646.","('0020-PE-2010', 1)":null,"('0020-PE-2010', 2)":null},"('Firmantes', 'FIRMANTE')":{"('0020-PE-2010', 0)":"FERNANDEZ DE KIRCHNER, CRISTINA","('0020-PE-2010', 1)":"FERNANDEZ, ANIBAL","('0020-PE-2010', 2)":"DE VIDO, JULIO"},"('Firmantes', 'DISTRITO')":{"('0020-PE-2010', 0)":null,"('0020-PE-2010', 1)":null,"('0020-PE-2010', 2)":null},"('Firmantes', 'BLOQUE')":{"('0020-PE-2010', 0)":"PODER EJECUTIVO","('0020-PE-2010', 1)":"PODER EJECUTIVO","('0020-PE-2010', 2)":"PODER EJECUTIVO"},"('Giros', 'COMISI\u00d3N')":{"('0020-PE-2010', 0)":"LEGISLACION GENERAL","('0020-PE-2010', 1)":"PRESUPUESTO Y HACIENDA","('0020-PE-2010', 2)":null},"Link":{"('0020-PE-2010', 0)":"https:\/\/www4.hcdn.gob.ar\/dependencias\/dsecretaria\/Periodo2010\/PDF2010\/TP2010\/0020-PE-10.pdf","('0020-PE-2010', 1)":null,"('0020-PE-2010', 2)":null},"Palabra Clave":{"('0020-PE-2010', 0)":" ","('0020-PE-2010', 1)":null,"('0020-PE-2010', 2)":null}}