{"Tipo de Proyecto":{"('0021-OV-2010', 0)":"PROYECTO DE RESOLUCI\u00d3N"},"Iniciado en: ":{"('0021-OV-2010', 0)":"Senado"},"Expediente Senado: ":{"('0021-OV-2010', 0)":"0021-OV-2010"},"Fecha: ":{"('0021-OV-2010', 0)":"06\/09\/2012"},"T\u00edtulo":{"('0021-OV-2010', 0)":"DICTAMEN EN LA RESOLUCION REMITIDA POR LA AUDITORIA GENERAL DE LA NACION (21\/10 DEL 25\/02\/10), SOBRE EL INFORME DE AUDITORIA, REALIZADO EN EL AMBITO DEL ENTE REGULADOR DE AGUA Y SANEAMIENTO (ERAS), REFERIDO A VERIFICAR LAS OBLIGACIONES ESTABLECIDAS EN LA LEGISLACION VIGENTE RELACIONADAS CON LA PUESTA EN FUNCIONAMIENTO Y OPERATIVIDAD DEL ERAS, NECESARIAS PARA LLEVAR A CABO LAS MISIONES QUE LE FUERAN ENCOMENDADAS."},"('Firmantes', 'FIRMANTE')":{"('0021-OV-2010', 0)":"PARLAMENTARIA MIXTA REVISORA DE CUENTAS"},"('Firmantes', 'DISTRITO')":{"('0021-OV-2010', 0)":null},"('Firmantes', 'BLOQUE')":{"('0021-OV-2010', 0)":null},"('Tramites', 'C\u00c1MARA')":{"('0021-OV-2010', 0)":"Senado"},"('Tramites', 'MOVIMIENTO')":{"('0021-OV-2010', 0)":"CONSIDERACION Y APROBACION"},"('Tramites', 'FECHA')":{"('0021-OV-2010', 0)":"14\/11\/2012"},"('Tramites', 'RESULTADO')":{"('0021-OV-2010', 0)":"APROBADO"},"Sumario":{"('0021-OV-2010', 0)":"HABIENDO TOMADO CONOCIMIENTO, Y SIN PERJUICIO DE ULTERIORES MEDIDAS QUE PUEDAN ADOPTARSE, SE ACONSEJA SU REMISION AL ARCHIVO."},"Palabra Clave":{"('0021-OV-2010', 0)":" "}}