{"Tipo de Proyecto":{"('0022-D-2010', 0)":"PROYECTO DE RESOLUCI\u00d3N","('0022-D-2010', 1)":null,"('0022-D-2010', 2)":null,"('0022-D-2010', 3)":null},"Iniciado en: ":{"('0022-D-2010', 0)":"Diputados","('0022-D-2010', 1)":null,"('0022-D-2010', 2)":null,"('0022-D-2010', 3)":null},"Expediente Diputados: ":{"('0022-D-2010', 0)":"0022-D-2010","('0022-D-2010', 1)":null,"('0022-D-2010', 2)":null,"('0022-D-2010', 3)":null},"Publicado en: ":{"('0022-D-2010', 0)":"Tr\u00e1mite Parlamentario N\u00b0 3","('0022-D-2010', 1)":null,"('0022-D-2010', 2)":null,"('0022-D-2010', 3)":null},"Fecha: ":{"('0022-D-2010', 0)":"02\/03\/2010","('0022-D-2010', 1)":null,"('0022-D-2010', 2)":null,"('0022-D-2010', 3)":null},"T\u00edtulo":{"('0022-D-2010', 0)":"PEDIDO DE INFORMES AL PODER EJECUTIVO SOBRE DIVERSAS CUESTIONES RELACIONADAS CON EL FINANCIAMIENTO DEL PROGRAMA FUTBOL PARA TODOS","('0022-D-2010', 1)":null,"('0022-D-2010', 2)":null,"('0022-D-2010', 3)":null},"('Firmantes', 'FIRMANTE')":{"('0022-D-2010', 0)":"GIUDICI, SILVANA MYRIAM","('0022-D-2010', 1)":"IGLESIAS, FERNANDO ADOLFO","('0022-D-2010', 2)":"CUSINATO, GUSTAVO","('0022-D-2010', 3)":"BULLRICH, PATRICIA"},"('Firmantes', 'DISTRITO')":{"('0022-D-2010', 0)":"CIUDAD de BUENOS AIRES","('0022-D-2010', 1)":"CIUDAD de BUENOS AIRES","('0022-D-2010', 2)":"ENTRE RIOS","('0022-D-2010', 3)":"CIUDAD de BUENOS AIRES"},"('Firmantes', 'BLOQUE')":{"('0022-D-2010', 0)":"UCR","('0022-D-2010', 1)":"COALICION CIVICA","('0022-D-2010', 2)":"UCR","('0022-D-2010', 3)":"COALICION CIVICA"},"('Giros', 'COMISI\u00d3N')":{"('0022-D-2010', 0)":"COMUNICACIONES E INFORMATICA","('0022-D-2010', 1)":"PRESUPUESTO Y HACIENDA","('0022-D-2010', 2)":null,"('0022-D-2010', 3)":null},"Link":{"('0022-D-2010', 0)":"https:\/\/www.hcdn.gob.ar\/proyectos\/textoCompleto.jsp?exp=0022-D-2010&tipo=RESOLUCION","('0022-D-2010', 1)":null,"('0022-D-2010', 2)":null,"('0022-D-2010', 3)":null},"Palabra Clave":{"('0022-D-2010', 0)":" ","('0022-D-2010', 1)":null,"('0022-D-2010', 2)":null,"('0022-D-2010', 3)":null}}