{"Tipo de Proyecto":{"('0022-JGM-2010', 0)":"MENSAJE NRO: 0407\/10","('0022-JGM-2010', 1)":null},"Iniciado en: ":{"('0022-JGM-2010', 0)":"Diputados","('0022-JGM-2010', 1)":null},"Expediente Diputados: ":{"('0022-JGM-2010', 0)":"0022-JGM-2010","('0022-JGM-2010', 1)":null},"Publicado en: ":{"('0022-JGM-2010', 0)":"Tr\u00e1mite Parlamentario N\u00b0 76","('0022-JGM-2010', 1)":null},"Fecha: ":{"('0022-JGM-2010', 0)":"15\/06\/2010","('0022-JGM-2010', 1)":null},"T\u00edtulo":{"('0022-JGM-2010', 0)":"COMUNICACION DEL DECRETO 763\/10 POR EL CUAL SE APRUEBA EL MODELO DE CONTRATO DE PRESTAMO - CAF - DESTINADO A FINANCIAR PARCIALMENTE EL PROGRAMA DE OBRAS MULTIPLES EN MUNICIPIOS, A SUSCRIBIRSE ENTRE LA REPUBLICA ARGENTINA Y LA CORPORACION ANDINA DE FOMENTO (CAF).","('0022-JGM-2010', 1)":null},"('Firmantes', 'FIRMANTE')":{"('0022-JGM-2010', 0)":"FERNANDEZ, ANIBAL","('0022-JGM-2010', 1)":"BOUDOU, AMADO"},"('Firmantes', 'DISTRITO')":{"('0022-JGM-2010', 0)":null,"('0022-JGM-2010', 1)":null},"('Firmantes', 'BLOQUE')":{"('0022-JGM-2010', 0)":"PODER EJECUTIVO","('0022-JGM-2010', 1)":"PODER EJECUTIVO"},"('Giros', 'COMISI\u00d3N')":{"('0022-JGM-2010', 0)":"BICAMERAL PERMANENTE DE TRAMITE LEGISLATIVO - LEY 26122","('0022-JGM-2010', 1)":null},"Link":{"('0022-JGM-2010', 0)":"https:\/\/www4.hcdn.gob.ar\/dependencias\/dsecretaria\/Periodo2010\/PDF2010\/TP2010\/0022-JGM-10.pdf","('0022-JGM-2010', 1)":null},"Palabra Clave":{"('0022-JGM-2010', 0)":" ","('0022-JGM-2010', 1)":null}}