{"Tipo de Proyecto":{"('0023-S-2010', 0)":"PROYECTO DE LEY"},"Iniciado en: ":{"('0023-S-2010', 0)":"Senado"},"Expediente Senado: ":{"('0023-S-2010', 0)":"0023-S-2010"},"Publicado en: ":{"('0023-S-2010', 0)":"Diario de Asuntos Entrados N\u00b0 2"},"Fecha: ":{"('0023-S-2010', 0)":"01\/03\/2010"},"T\u00edtulo":{"('0023-S-2010', 0)":"CREACION DEL INSTITUTO NACIONAL DE AREAS COSTERAS (INACO) CON EL FIN DE IMPLEMENTAR ACCIONES ESTRATEGICAS PARA LA CONSERVACION Y USO SUSTENTABLE COSTAS (REPRODUCCION DEL EXPEDIENTE 1837-S-08)."},"('Firmantes', 'FIRMANTE')":{"('0023-S-2010', 0)":"CABANCHIK, SAMUEL MANUEL"},"('Firmantes', 'DISTRITO')":{"('0023-S-2010', 0)":"CIUDAD de BUENOS AIRES"},"('Firmantes', 'BLOQUE')":{"('0023-S-2010', 0)":"PROYECTO BUENOS AIRES FEDERAL"},"Sumario":{"('0023-S-2010', 0)":"FUNCIONES; ATRIBUCIONES; RECURSOS."},"Palabra Clave":{"('0023-S-2010', 0)":" "}}