{"Tipo de Proyecto":{"('0023-D-2010', 0)":"PROYECTO DE RESOLUCI\u00d3N","('0023-D-2010', 1)":null,"('0023-D-2010', 2)":null},"Iniciado en: ":{"('0023-D-2010', 0)":"Diputados","('0023-D-2010', 1)":null,"('0023-D-2010', 2)":null},"Expediente Diputados: ":{"('0023-D-2010', 0)":"0023-D-2010","('0023-D-2010', 1)":null,"('0023-D-2010', 2)":null},"Publicado en: ":{"('0023-D-2010', 0)":"Tr\u00e1mite Parlamentario N\u00b0 3","('0023-D-2010', 1)":null,"('0023-D-2010', 2)":null},"Fecha: ":{"('0023-D-2010', 0)":"02\/03\/2010","('0023-D-2010', 1)":null,"('0023-D-2010', 2)":null},"T\u00edtulo":{"('0023-D-2010', 0)":"PEDIDO DE INFORMES AL PODER EJECUTIVO SOBRE DIVERSAS CUESTIONES RELACIONADAS CON LA VENTA DE ACCIONES DE TELECOM.","('0023-D-2010', 1)":null,"('0023-D-2010', 2)":null},"('Firmantes', 'FIRMANTE')":{"('0023-D-2010', 0)":"GIUDICI, SILVANA MYRIAM","('0023-D-2010', 1)":"CUSINATO, GUSTAVO","('0023-D-2010', 2)":"GIUBERGIA, MIGUEL ANGEL"},"('Firmantes', 'DISTRITO')":{"('0023-D-2010', 0)":"CIUDAD de BUENOS AIRES","('0023-D-2010', 1)":"ENTRE RIOS","('0023-D-2010', 2)":"JUJUY"},"('Firmantes', 'BLOQUE')":{"('0023-D-2010', 0)":"UCR","('0023-D-2010', 1)":"UCR","('0023-D-2010', 2)":"UCR"},"('Giros', 'COMISI\u00d3N')":{"('0023-D-2010', 0)":"COMUNICACIONES E INFORMATICA","('0023-D-2010', 1)":"DEFENSA DEL CONSUMIDOR, DEL USUARIO Y DE LA COMPETENCIA","('0023-D-2010', 2)":null},"Link":{"('0023-D-2010', 0)":"https:\/\/www.hcdn.gob.ar\/proyectos\/textoCompleto.jsp?exp=0023-D-2010&tipo=RESOLUCION","('0023-D-2010', 1)":null,"('0023-D-2010', 2)":null},"Palabra Clave":{"('0023-D-2010', 0)":" ","('0023-D-2010', 1)":null,"('0023-D-2010', 2)":null}}