{"Tipo de Proyecto":{"('0024-PE-2010', 0)":"MENSAJE NRO: 1208\/10 Y PROYECTO DE LEY","('0024-PE-2010', 1)":null,"('0024-PE-2010', 2)":null,"('0024-PE-2010', 3)":null,"('0024-PE-2010', 4)":null,"('0024-PE-2010', 5)":null,"('0024-PE-2010', 6)":null,"('0024-PE-2010', 7)":null,"('0024-PE-2010', 8)":null,"('0024-PE-2010', 9)":null},"Iniciado en: ":{"('0024-PE-2010', 0)":"Diputados","('0024-PE-2010', 1)":null,"('0024-PE-2010', 2)":null,"('0024-PE-2010', 3)":null,"('0024-PE-2010', 4)":null,"('0024-PE-2010', 5)":null,"('0024-PE-2010', 6)":null,"('0024-PE-2010', 7)":null,"('0024-PE-2010', 8)":null,"('0024-PE-2010', 9)":null},"Expediente Diputados: ":{"('0024-PE-2010', 0)":"0024-PE-2010","('0024-PE-2010', 1)":null,"('0024-PE-2010', 2)":null,"('0024-PE-2010', 3)":null,"('0024-PE-2010', 4)":null,"('0024-PE-2010', 5)":null,"('0024-PE-2010', 6)":null,"('0024-PE-2010', 7)":null,"('0024-PE-2010', 8)":null,"('0024-PE-2010', 9)":null},"Expediente Senado: ":{"('0024-PE-2010', 0)":"0085-CD-2011","('0024-PE-2010', 1)":null,"('0024-PE-2010', 2)":null,"('0024-PE-2010', 3)":null,"('0024-PE-2010', 4)":null,"('0024-PE-2010', 5)":null,"('0024-PE-2010', 6)":null,"('0024-PE-2010', 7)":null,"('0024-PE-2010', 8)":null,"('0024-PE-2010', 9)":null},"Publicado en: ":{"('0024-PE-2010', 0)":"Tr\u00e1mite Parlamentario N\u00b0 121","('0024-PE-2010', 1)":null,"('0024-PE-2010', 2)":null,"('0024-PE-2010', 3)":null,"('0024-PE-2010', 4)":null,"('0024-PE-2010', 5)":null,"('0024-PE-2010', 6)":null,"('0024-PE-2010', 7)":null,"('0024-PE-2010', 8)":null,"('0024-PE-2010', 9)":null},"Fecha: ":{"('0024-PE-2010', 0)":"27\/08\/2010","('0024-PE-2010', 1)":null,"('0024-PE-2010', 2)":null,"('0024-PE-2010', 3)":null,"('0024-PE-2010', 4)":null,"('0024-PE-2010', 5)":null,"('0024-PE-2010', 6)":null,"('0024-PE-2010', 7)":null,"('0024-PE-2010', 8)":null,"('0024-PE-2010', 9)":null},"T\u00edtulo":{"('0024-PE-2010', 0)":"DECLARAR DE INTERES PUBLICO LA FABRICACION, COMERCIALIZACION Y DISTRIBUCION DE PASTA DE CELULOSA Y DE PAPEL PARA DIARIOS, MARCO REGULATORIO Y CONTROL PARLAMENTARIO.","('0024-PE-2010', 1)":null,"('0024-PE-2010', 2)":null,"('0024-PE-2010', 3)":null,"('0024-PE-2010', 4)":null,"('0024-PE-2010', 5)":null,"('0024-PE-2010', 6)":null,"('0024-PE-2010', 7)":null,"('0024-PE-2010', 8)":null,"('0024-PE-2010', 9)":null},"('Firmantes', 'FIRMANTE')":{"('0024-PE-2010', 0)":"FERNANDEZ DE KIRCHNER, CRISTINA","('0024-PE-2010', 1)":"FERNANDEZ, ANIBAL","('0024-PE-2010', 2)":"BOUDOU, AMADO","('0024-PE-2010', 3)":null,"('0024-PE-2010', 4)":null,"('0024-PE-2010', 5)":null,"('0024-PE-2010', 6)":null,"('0024-PE-2010', 7)":null,"('0024-PE-2010', 8)":null,"('0024-PE-2010', 9)":null},"('Firmantes', 'DISTRITO')":{"('0024-PE-2010', 0)":null,"('0024-PE-2010', 1)":null,"('0024-PE-2010', 2)":null,"('0024-PE-2010', 3)":null,"('0024-PE-2010', 4)":null,"('0024-PE-2010', 5)":null,"('0024-PE-2010', 6)":null,"('0024-PE-2010', 7)":null,"('0024-PE-2010', 8)":null,"('0024-PE-2010', 9)":null},"('Firmantes', 'BLOQUE')":{"('0024-PE-2010', 0)":"PODER EJECUTIVO","('0024-PE-2010', 1)":"PODER EJECUTIVO","('0024-PE-2010', 2)":"PODER EJECUTIVO","('0024-PE-2010', 3)":null,"('0024-PE-2010', 4)":null,"('0024-PE-2010', 5)":null,"('0024-PE-2010', 6)":null,"('0024-PE-2010', 7)":null,"('0024-PE-2010', 8)":null,"('0024-PE-2010', 9)":null},"('Giros', 'COMISI\u00d3N')":{"('0024-PE-2010', 0)":"COMERCIO","('0024-PE-2010', 1)":"COMUNICACIONES E INFORMATICA","('0024-PE-2010', 2)":"LIBERTAD DE EXPRESION","('0024-PE-2010', 3)":"ASUNTOS CONSTITUCIONALES","('0024-PE-2010', 4)":"PETICIONES, PODERES Y REGLAMENTO","('0024-PE-2010', 5)":null,"('0024-PE-2010', 6)":null,"('0024-PE-2010', 7)":null,"('0024-PE-2010', 8)":null,"('0024-PE-2010', 9)":null},"('Tramites', 'C\u00c1MARA')":{"('0024-PE-2010', 0)":"Diputados","('0024-PE-2010', 1)":"Diputados","('0024-PE-2010', 2)":"Diputados","('0024-PE-2010', 3)":"Senado","('0024-PE-2010', 4)":"Diputados","('0024-PE-2010', 5)":"Diputados","('0024-PE-2010', 6)":"Diputados","('0024-PE-2010', 7)":"Senado","('0024-PE-2010', 8)":"Senado","('0024-PE-2010', 9)":"Senado"},"('Tramites', 'MOVIMIENTO')":{"('0024-PE-2010', 0)":"MOCION DE MODIFICACION DE GIRO A COMISIONES (SE DIFIERE SU VOTACION)","('0024-PE-2010', 1)":"MOCION SE VOTE LA MODIFICACION DEL GIRO (NO SE VOTA POR FALTA QUORUM)","('0024-PE-2010', 2)":"MOCION DE PREFERENCIA PARA LA PROXIMA SESION CON DICTAMEN (AFIRMATIVA)","('0024-PE-2010', 3)":"SOLICITUD DE TRATAMIENTO EN PRIMER TERMINO EN LA SESION DEL 15\/12\/2011","('0024-PE-2010', 4)":"CITACION SESION ESPECIAL CONJUNTAMENTE PARA LOS EXPEDIENTES 0024-PE-2010, 0085-CD-2011, 6422-D-2010, 6751-D-2010, 7381-D-2010 y 0031-PE-2010","('0024-PE-2010', 5)":"CONSIDERACION Y APROBACION CONJUNTAMENTE PARA LOS EXPEDIENTES 0024-PE-2010, 0085-CD-2011, 6422-D-2010, 6751-D-2010, 7381-D-2010 y 0031-PE-2010","('0024-PE-2010', 6)":"INSERCION DE LOS DIPUTADOS AGUAD, ARENA, BIDEGAIN, DIAZ BANCALARI, DI TULIO, GONZALEZ, LEVERBERG Y ZIEGLER","('0024-PE-2010', 7)":"PASA A SENADO - CONJUNTAMENTE PARA LOS EXPEDIENTES 0024-PE-2010, 0085-CD-2011, 6422-D-2010, 6751-D-2010, 7381-D-2010 y 0031-PE-2010","('0024-PE-2010', 8)":"CONSIDERACION Y SANCION CONJUNTAMENTE PARA LOS EXPEDIENTES 0024-PE-2010, 0085-CD-2011, 6422-D-2010, 6751-D-2010, 7381-D-2010 y 0031-PE-2010","('0024-PE-2010', 9)":"INSERCIONES"},"('Tramites', 'FECHA')":{"('0024-PE-2010', 0)":"08\/09\/2010","('0024-PE-2010', 1)":"08\/09\/2010","('0024-PE-2010', 2)":"13\/10\/2010","('0024-PE-2010', 3)":"02\/11\/2011","('0024-PE-2010', 4)":"15\/12\/2011","('0024-PE-2010', 5)":"15\/12\/2011","('0024-PE-2010', 6)":"15\/12\/2011","('0024-PE-2010', 7)":null,"('0024-PE-2010', 8)":"22\/12\/2011","('0024-PE-2010', 9)":"22\/12\/2011"},"('Tramites', 'RESULTADO')":{"('0024-PE-2010', 0)":null,"('0024-PE-2010', 1)":null,"('0024-PE-2010', 2)":null,"('0024-PE-2010', 3)":null,"('0024-PE-2010', 4)":null,"('0024-PE-2010', 5)":"MEDIA SANCION","('0024-PE-2010', 6)":null,"('0024-PE-2010', 7)":null,"('0024-PE-2010', 8)":"SANCIONADO","('0024-PE-2010', 9)":null},"Sumario":{"('0024-PE-2010', 0)":"CREACION DE UNA COMISION BICAMERAL DE SEGUIMIENTO DE LA FABRICACION, COMERCIALIZACION Y DISTRIBUCION DE PASTA DE CELULOSA Y DE PAPEL PARA DIARIOS, DE CARACTER PERMANENTE; OBJETO: CONTROL DE LA ACTIVIDAD; CREACION DE UN CONSEJO CONSULTIVO FEDERAL A CUYA INTEGRACION SE INVITARA A LOS REPRESENTANTES DE LOS DIARIOS DE LA CIUDAD AUTONOMA DE BUENOS AIRES Y DEL INTERIOR; ENVIO A LA COMISION BICAMERAL POR PARTE DEL PODER EJECUTIVO DE UN PROYECTO DE MARCO REGULATORIO DE LA ACTIVIDAD; CRITERIOS.","('0024-PE-2010', 1)":null,"('0024-PE-2010', 2)":null,"('0024-PE-2010', 3)":null,"('0024-PE-2010', 4)":null,"('0024-PE-2010', 5)":null,"('0024-PE-2010', 6)":null,"('0024-PE-2010', 7)":null,"('0024-PE-2010', 8)":null,"('0024-PE-2010', 9)":null},"Palabra Clave":{"('0024-PE-2010', 0)":" ","('0024-PE-2010', 1)":null,"('0024-PE-2010', 2)":null,"('0024-PE-2010', 3)":null,"('0024-PE-2010', 4)":null,"('0024-PE-2010', 5)":null,"('0024-PE-2010', 6)":null,"('0024-PE-2010', 7)":null,"('0024-PE-2010', 8)":null,"('0024-PE-2010', 9)":null}}