{"Tipo de Proyecto":{"('0025-OVD-2010', 0)":"PROYECTO DE RESOLUCI\u00d3N"},"Iniciado en: ":{"('0025-OVD-2010', 0)":"Senado"},"Expediente Senado: ":{"('0025-OVD-2010', 0)":"0025-OVD-2010"},"Fecha: ":{"('0025-OVD-2010', 0)":"06\/09\/2012"},"T\u00edtulo":{"('0025-OVD-2010', 0)":"DICTAMEN EN LA RESPUESTA REMITIDA POR LA JEFATURA DE GABINETE DE MINISTROS EN RELACION A LA RESOLUCION 0199-S-05, APROBADA POR EL HONORABLE CONGRESO DE LA NACION, SOBRE LAS MEDIDAS ADOPTADAS EN ORDEN A CORREGIR LAS GRAVES SITUACIONES QUE VIENEN SIENDO OBSERVADAS POR LA AUDITORIA GENERAL DE LA NACION EN EL AMBITO DE LA ADMINISTRACION FEDERAL DE INGRESOS PUBLICOS (AFIP) - DIRECCION GENERAL DE ADUANAS)."},"('Firmantes', 'FIRMANTE')":{"('0025-OVD-2010', 0)":"PARLAMENTARIA MIXTA REVISORA DE CUENTAS"},"('Firmantes', 'DISTRITO')":{"('0025-OVD-2010', 0)":null},"('Firmantes', 'BLOQUE')":{"('0025-OVD-2010', 0)":null},"('Tramites', 'C\u00c1MARA')":{"('0025-OVD-2010', 0)":"Senado"},"('Tramites', 'MOVIMIENTO')":{"('0025-OVD-2010', 0)":"CONSIDERACION Y APROBACION"},"('Tramites', 'FECHA')":{"('0025-OVD-2010', 0)":"14\/11\/2012"},"('Tramites', 'RESULTADO')":{"('0025-OVD-2010', 0)":"APROBADO"},"Sumario":{"('0025-OVD-2010', 0)":"HABIENDO TOMADO CONOCIMIENTO, Y SIN PERJUICIO DE ULTERIORES MEDIDAS QUE PUEDAN ADOPTARSE, SE ACONSEJA SU REMISION AL ARCHIVO."},"Palabra Clave":{"('0025-OVD-2010', 0)":" "}}