{"Tipo de Proyecto":{"('0026-S-2010', 0)":"PROYECTO DE LEY"},"Iniciado en: ":{"('0026-S-2010', 0)":"Senado"},"Expediente Senado: ":{"('0026-S-2010', 0)":"0026-S-2010"},"Publicado en: ":{"('0026-S-2010', 0)":"Diario de Asuntos Entrados N\u00b0 3"},"Fecha: ":{"('0026-S-2010', 0)":"02\/03\/2010"},"T\u00edtulo":{"('0026-S-2010', 0)":"ESTABLECIENDO UN REGIMEN ESPECIAL DE JUBILACIONES Y PENSIONES PARA EX EMPLEADOS DE LA EMPRESA ALTOS HORNOS ZAPLA."},"('Firmantes', 'FIRMANTE')":{"('0026-S-2010', 0)":"JENEFES, GUILLERMO RAUL"},"('Firmantes', 'DISTRITO')":{"('0026-S-2010', 0)":"JUJUY"},"('Firmantes', 'BLOQUE')":{"('0026-S-2010', 0)":"FRENTE PARA LA VICTORIA - PJ"},"Sumario":{"('0026-S-2010', 0)":"LOS TRABAJADORES EN RELACION DE DEPENDENCIA DE LA EX EMPRESA ALTOS HORNOS ZAPLA, CUYA DESVINCULACION DEFINITIVA, CUALQUIERA FUERA LA FORMA DE DISTRACTO, SE HUBIERA PRODUCIDO HASTA LOS DIEZ A\u00d1OS POSTERIORES A LA FECHA DEL DECRETO 2332\/91 Y SUS DERECHOHABIENTES SE REGIRAN POR LA LEY PREVISIONAL VIGENTE A LA FECHA DEL MENCIONADO DECRETO EN TODO LO QUE NO SEA MODIFICADO POR LA PRESENTE; ACREDITACION; CONSIDERACION POR A\u00d1OS TRABAJADOS; DERECHOS; BENEFICIOS."},"Palabra Clave":{"('0026-S-2010', 0)":" "}}