{"Tipo de Proyecto":{"('0026-D-2010', 0)":"PROYECTO DE DECLARACI\u00d3N","('0026-D-2010', 1)":null,"('0026-D-2010', 2)":null},"Iniciado en: ":{"('0026-D-2010', 0)":"Diputados","('0026-D-2010', 1)":null,"('0026-D-2010', 2)":null},"Expediente Diputados: ":{"('0026-D-2010', 0)":"0026-D-2010","('0026-D-2010', 1)":null,"('0026-D-2010', 2)":null},"Publicado en: ":{"('0026-D-2010', 0)":"Tr\u00e1mite Parlamentario N\u00b0 3","('0026-D-2010', 1)":null,"('0026-D-2010', 2)":null},"Fecha: ":{"('0026-D-2010', 0)":"02\/03\/2010","('0026-D-2010', 1)":null,"('0026-D-2010', 2)":null},"T\u00edtulo":{"('0026-D-2010', 0)":"EXPRESAR PESAR POR EL TERREMOTO QUE AZOTO A PUERTO PRINCIPE, HAITI, OCURRIDO EL DIA 12 DE ENERO DE 2010.","('0026-D-2010', 1)":null,"('0026-D-2010', 2)":null},"('Firmantes', 'FIRMANTE')":{"('0026-D-2010', 0)":"GIUDICI, SILVANA MYRIAM","('0026-D-2010', 1)":"GIUBERGIA, MIGUEL ANGEL","('0026-D-2010', 2)":"TUNESSI, JUAN PEDRO"},"('Firmantes', 'DISTRITO')":{"('0026-D-2010', 0)":"CIUDAD de BUENOS AIRES","('0026-D-2010', 1)":"JUJUY","('0026-D-2010', 2)":"BUENOS AIRES"},"('Firmantes', 'BLOQUE')":{"('0026-D-2010', 0)":"UCR","('0026-D-2010', 1)":"UCR","('0026-D-2010', 2)":"UCR"},"('Giros', 'COMISI\u00d3N')":{"('0026-D-2010', 0)":"RELACIONES EXTERIORES Y CULTO","('0026-D-2010', 1)":null,"('0026-D-2010', 2)":null},"('Tramites', 'C\u00c1MARA')":{"('0026-D-2010', 0)":"Diputados","('0026-D-2010', 1)":"Diputados","('0026-D-2010', 2)":null},"('Tramites', 'MOVIMIENTO')":{"('0026-D-2010', 0)":"CONSIDERACION Y APROBACION CONJUNTAMENTE PARA LOS EXPEDIENTES 6182-D-2009, 0026-D-2010 y 0252-D-2010","('0026-D-2010', 1)":"INSERCION DEL DIPUTADO PAROLI CONJUNTAMENTE PARA LOS EXPEDIENTES 6182-D-2009, 0026-D-2010 y 0252-D-2010","('0026-D-2010', 2)":null},"('Tramites', 'FECHA')":{"('0026-D-2010', 0)":"17\/03\/2010","('0026-D-2010', 1)":"17\/03\/2010","('0026-D-2010', 2)":null},"('Tramites', 'RESULTADO')":{"('0026-D-2010', 0)":"APROBADO","('0026-D-2010', 1)":null,"('0026-D-2010', 2)":null},"Link":{"('0026-D-2010', 0)":"https:\/\/www.hcdn.gob.ar\/proyectos\/textoCompleto.jsp?exp=0026-D-2010&tipo=DECLARACION","('0026-D-2010', 1)":null,"('0026-D-2010', 2)":null},"Palabra Clave":{"('0026-D-2010', 0)":" ","('0026-D-2010', 1)":null,"('0026-D-2010', 2)":null}}