{"Tipo de Proyecto":{"('0026-JGM-2010', 0)":"MENSAJE NRO: 0426\/10","('0026-JGM-2010', 1)":null},"Iniciado en: ":{"('0026-JGM-2010', 0)":"Diputados","('0026-JGM-2010', 1)":null},"Expediente Diputados: ":{"('0026-JGM-2010', 0)":"0026-JGM-2010","('0026-JGM-2010', 1)":null},"Publicado en: ":{"('0026-JGM-2010', 0)":"Tr\u00e1mite Parlamentario N\u00b0 80","('0026-JGM-2010', 1)":null},"Fecha: ":{"('0026-JGM-2010', 0)":"19\/06\/2010","('0026-JGM-2010', 1)":null},"T\u00edtulo":{"('0026-JGM-2010', 0)":"COMUNICACION DEL DECRETO 786\/2010 POR EL CUAL SE APRUEBA EL MODELO DE CONTRATO DE GARANTIA A CELEBRARSE ENTRE LA REPUBLICA ARGENTINA Y EL BANCO INTERAMERICANO DE DESARROLLO (BID), DESTINADO A LA PROVINCIA DE BUENOS AIRES PARA FINANCIAR EL PROGRAMA DE SEGURIDAD CIUDADANA E INCLUSION.","('0026-JGM-2010', 1)":null},"('Firmantes', 'FIRMANTE')":{"('0026-JGM-2010', 0)":"FERNANDEZ, ANIBAL","('0026-JGM-2010', 1)":"BOUDOU, AMADO"},"('Firmantes', 'DISTRITO')":{"('0026-JGM-2010', 0)":null,"('0026-JGM-2010', 1)":null},"('Firmantes', 'BLOQUE')":{"('0026-JGM-2010', 0)":"PODER EJECUTIVO","('0026-JGM-2010', 1)":"PODER EJECUTIVO"},"('Giros', 'COMISI\u00d3N')":{"('0026-JGM-2010', 0)":"BICAMERAL PERMANENTE DE TRAMITE LEGISLATIVO - LEY 26122","('0026-JGM-2010', 1)":null},"Link":{"('0026-JGM-2010', 0)":"https:\/\/www4.hcdn.gob.ar\/dependencias\/dsecretaria\/Periodo2010\/PDF2010\/TP2010\/0026-JGM-10.pdf","('0026-JGM-2010', 1)":null},"Palabra Clave":{"('0026-JGM-2010', 0)":" ","('0026-JGM-2010', 1)":null}}