{"Tipo de Proyecto":{"('0026-PE-2010', 0)":"MENSAJE NRO: 1483\/10","('0026-PE-2010', 1)":null,"('0026-PE-2010', 2)":null},"Iniciado en: ":{"('0026-PE-2010', 0)":"Diputados","('0026-PE-2010', 1)":null,"('0026-PE-2010', 2)":null},"Expediente Diputados: ":{"('0026-PE-2010', 0)":"0026-PE-2010","('0026-PE-2010', 1)":null,"('0026-PE-2010', 2)":null},"Publicado en: ":{"('0026-PE-2010', 0)":"Tr\u00e1mite Parlamentario N\u00b0 155","('0026-PE-2010', 1)":null,"('0026-PE-2010', 2)":null},"Fecha: ":{"('0026-PE-2010', 0)":"15\/10\/2010","('0026-PE-2010', 1)":null,"('0026-PE-2010', 2)":null},"T\u00edtulo":{"('0026-PE-2010', 0)":"COMUNICACION DEL DECRETO 1482\/10 POR EL QUE SE OBSERVA Y SE DEVUELVE EL PROYECTO DE LEY REGISTRADO BAJO EL NUMERO 26649 SOBRE AJUSTE DE LOS HABERES PREVISIONALES AL 82 % DEL SALARIO MINIMO VITAL Y MOVIL.","('0026-PE-2010', 1)":null,"('0026-PE-2010', 2)":null},"('Firmantes', 'FIRMANTE')":{"('0026-PE-2010', 0)":"FERNANDEZ DE KIRCHNER, CRISTINA","('0026-PE-2010', 1)":"FERNANDEZ, ANIBAL","('0026-PE-2010', 2)":"TOMADA, CARLOS"},"('Firmantes', 'DISTRITO')":{"('0026-PE-2010', 0)":null,"('0026-PE-2010', 1)":null,"('0026-PE-2010', 2)":null},"('Firmantes', 'BLOQUE')":{"('0026-PE-2010', 0)":"PODER EJECUTIVO","('0026-PE-2010', 1)":"PODER EJECUTIVO","('0026-PE-2010', 2)":"PODER EJECUTIVO"},"('Giros', 'COMISI\u00d3N')":{"('0026-PE-2010', 0)":"PREVISION Y SEGURIDAD SOCIAL","('0026-PE-2010', 1)":"PRESUPUESTO Y HACIENDA","('0026-PE-2010', 2)":null},"Palabra Clave":{"('0026-PE-2010', 0)":" ","('0026-PE-2010', 1)":null,"('0026-PE-2010', 2)":null}}