{"Tipo de Proyecto":{"('0027-PE-2010', 0)":"MENSAJE NRO: 1501\/10","('0027-PE-2010', 1)":null,"('0027-PE-2010', 2)":null},"Iniciado en: ":{"('0027-PE-2010', 0)":"Diputados","('0027-PE-2010', 1)":null,"('0027-PE-2010', 2)":null},"Expediente Diputados: ":{"('0027-PE-2010', 0)":"0027-PE-2010","('0027-PE-2010', 1)":null,"('0027-PE-2010', 2)":null},"Publicado en: ":{"('0027-PE-2010', 0)":"Tr\u00e1mite Parlamentario N\u00b0 157","('0027-PE-2010', 1)":null,"('0027-PE-2010', 2)":null},"Fecha: ":{"('0027-PE-2010', 0)":"19\/10\/2010","('0027-PE-2010', 1)":null,"('0027-PE-2010', 2)":null},"T\u00edtulo":{"('0027-PE-2010', 0)":"COMUNICACION DEL DECRETO 1407\/2010 POR EL CUAL SE APRUEBA EL CALCULO DE INCIDENCIA QUE LAS VARIACIONES DE PRECIOS OPERADAS DESDE EL MES DE DICIEMBRE DE 2004 HASTA EL MES DE JUNIO DE 2009, HAN TENIDO EN LOS COSTOS RELACIONADAS CON LA OPERACION, MANTENIMIENTO E INVERSIONES INCLUIDAS EN EL PLAN ECONOMICO FINANCIERO (PEF) DE LA CONCESION DE LA EMPRESA CAMINOS DEL RIO URUGUAY SOCIEDAD ANONIMA.","('0027-PE-2010', 1)":null,"('0027-PE-2010', 2)":null},"('Firmantes', 'FIRMANTE')":{"('0027-PE-2010', 0)":"FERNANDEZ DE KIRCHNER, CRISTINA","('0027-PE-2010', 1)":"FERNANDEZ, ANIBAL","('0027-PE-2010', 2)":"DE VIDO, JULIO"},"('Firmantes', 'DISTRITO')":{"('0027-PE-2010', 0)":null,"('0027-PE-2010', 1)":null,"('0027-PE-2010', 2)":null},"('Firmantes', 'BLOQUE')":{"('0027-PE-2010', 0)":"PODER EJECUTIVO","('0027-PE-2010', 1)":"PODER EJECUTIVO","('0027-PE-2010', 2)":"PODER EJECUTIVO"},"('Giros', 'COMISI\u00d3N')":{"('0027-PE-2010', 0)":"BICAMERAL DE REFORMA DEL ESTADO Y SEGUIMIENTO DE LAS PRIVATIZACIONES (LEY 23696)","('0027-PE-2010', 1)":null,"('0027-PE-2010', 2)":null},"Link":{"('0027-PE-2010', 0)":"https:\/\/www4.hcdn.gob.ar\/dependencias\/dsecretaria\/Periodo2010\/PDF2010\/TP2010\/0027-PE-10.pdf","('0027-PE-2010', 1)":null,"('0027-PE-2010', 2)":null},"Palabra Clave":{"('0027-PE-2010', 0)":" ","('0027-PE-2010', 1)":null,"('0027-PE-2010', 2)":null}}