{"Tipo de Proyecto":{"('0027-S-2010', 0)":"PROYECTO DE LEY","('0027-S-2010', 1)":null,"('0027-S-2010', 2)":null,"('0027-S-2010', 3)":null,"('0027-S-2010', 4)":null,"('0027-S-2010', 5)":null,"('0027-S-2010', 6)":null,"('0027-S-2010', 7)":null,"('0027-S-2010', 8)":null,"('0027-S-2010', 9)":null},"Iniciado en: ":{"('0027-S-2010', 0)":"Senado","('0027-S-2010', 1)":null,"('0027-S-2010', 2)":null,"('0027-S-2010', 3)":null,"('0027-S-2010', 4)":null,"('0027-S-2010', 5)":null,"('0027-S-2010', 6)":null,"('0027-S-2010', 7)":null,"('0027-S-2010', 8)":null,"('0027-S-2010', 9)":null},"Expediente Senado: ":{"('0027-S-2010', 0)":"0027-S-2010","('0027-S-2010', 1)":null,"('0027-S-2010', 2)":null,"('0027-S-2010', 3)":null,"('0027-S-2010', 4)":null,"('0027-S-2010', 5)":null,"('0027-S-2010', 6)":null,"('0027-S-2010', 7)":null,"('0027-S-2010', 8)":null,"('0027-S-2010', 9)":null},"Publicado en: ":{"('0027-S-2010', 0)":"Diario de Asuntos Entrados N\u00b0 3","('0027-S-2010', 1)":null,"('0027-S-2010', 2)":null,"('0027-S-2010', 3)":null,"('0027-S-2010', 4)":null,"('0027-S-2010', 5)":null,"('0027-S-2010', 6)":null,"('0027-S-2010', 7)":null,"('0027-S-2010', 8)":null,"('0027-S-2010', 9)":null},"Fecha: ":{"('0027-S-2010', 0)":"02\/03\/2010","('0027-S-2010', 1)":null,"('0027-S-2010', 2)":null,"('0027-S-2010', 3)":null,"('0027-S-2010', 4)":null,"('0027-S-2010', 5)":null,"('0027-S-2010', 6)":null,"('0027-S-2010', 7)":null,"('0027-S-2010', 8)":null,"('0027-S-2010', 9)":null},"T\u00edtulo":{"('0027-S-2010', 0)":"RECONOCIMIENTO Y CANCELACION POR PARTE DEL ESTADO NACIONAL DE LAS OBLIGACIONES A FAVOR DE LOS EX TRABAJADORES DE ALTOS HORNOS ZAPLA CON DERECHO AL PROGRAMA DE PROPIEDAD PARTICIPADA (PPP).","('0027-S-2010', 1)":null,"('0027-S-2010', 2)":null,"('0027-S-2010', 3)":null,"('0027-S-2010', 4)":null,"('0027-S-2010', 5)":null,"('0027-S-2010', 6)":null,"('0027-S-2010', 7)":null,"('0027-S-2010', 8)":null,"('0027-S-2010', 9)":null},"('Firmantes', 'FIRMANTE')":{"('0027-S-2010', 0)":"JENEFES, GUILLERMO RAUL","('0027-S-2010', 1)":null,"('0027-S-2010', 2)":null,"('0027-S-2010', 3)":null,"('0027-S-2010', 4)":null,"('0027-S-2010', 5)":null,"('0027-S-2010', 6)":null,"('0027-S-2010', 7)":null,"('0027-S-2010', 8)":null,"('0027-S-2010', 9)":null},"('Firmantes', 'DISTRITO')":{"('0027-S-2010', 0)":"JUJUY","('0027-S-2010', 1)":null,"('0027-S-2010', 2)":null,"('0027-S-2010', 3)":null,"('0027-S-2010', 4)":null,"('0027-S-2010', 5)":null,"('0027-S-2010', 6)":null,"('0027-S-2010', 7)":null,"('0027-S-2010', 8)":null,"('0027-S-2010', 9)":null},"('Firmantes', 'BLOQUE')":{"('0027-S-2010', 0)":"FRENTE PARA LA VICTORIA - PJ","('0027-S-2010', 1)":null,"('0027-S-2010', 2)":null,"('0027-S-2010', 3)":null,"('0027-S-2010', 4)":null,"('0027-S-2010', 5)":null,"('0027-S-2010', 6)":null,"('0027-S-2010', 7)":null,"('0027-S-2010', 8)":null,"('0027-S-2010', 9)":null},"('Tramites', 'C\u00c1MARA')":{"('0027-S-2010', 0)":"Senado","('0027-S-2010', 1)":"Senado","('0027-S-2010', 2)":"Senado","('0027-S-2010', 3)":"Senado","('0027-S-2010', 4)":"Senado","('0027-S-2010', 5)":"Diputados","('0027-S-2010', 6)":"Diputados","('0027-S-2010', 7)":"Diputados","('0027-S-2010', 8)":"Diputados","('0027-S-2010', 9)":"Diputados"},"('Tramites', 'MOVIMIENTO')":{"('0027-S-2010', 0)":"MOCION DE PREFERENCIA CON DICTAMEN (AFIRMATIVA)","('0027-S-2010', 1)":"SOLICITUD DE UNIFICACION DE GIRO CON EL EXPEDIENTE 0015-CD-11, SE SUPRIME EL GIRO A LA COMISION DE LEGISLACION GENERAL","('0027-S-2010', 2)":"MOCION DE PREFERENCIA PARA LA SESION DEL 01\/06\/2011 CON DICTAMEN (AFIRMATIVA) CONJUNTAMENTE PARA LOS EXPEDIENTES 0755-D-2010, 0015-CD-2011 y 0027-S-2010","('0027-S-2010', 3)":"CONSIDERACION Y APROBACION CON MODIFICACIONES CONJUNTAMENTE PARA LOS EXPEDIENTES 0755-D-2010, 0015-CD-2011 y 0027-S-2010","('0027-S-2010', 4)":"INSERCION CONJUNTAMENTE PARA LOS EXPEDIENTES 0755-D-2010, 0015-CD-2011 y 0027-S-2010","('0027-S-2010', 5)":"VUELVE A DIPUTADOS - CONJUNTAMENTE PARA LOS EXPEDIENTES 0755-D-2010, 0015-CD-2011 y 0027-S-2010","('0027-S-2010', 6)":"CITACION SESION ESPECIAL CONJUNTAMENTE PARA LOS EXPEDIENTES 0755-D-2010, 0015-CD-2011 y 0027-S-2010","('0027-S-2010', 7)":"CONSIDERACION CONJUNTAMENTE PARA LOS EXPEDIENTES 0755-D-2010, 0015-CD-2011 y 0027-S-2010","('0027-S-2010', 8)":"CONTINUA CONSIDERACION Y SANCION. VOTACION -GENERAL Y PARTICULAR- (NOMINAL) CONJUNTAMENTE PARA LOS EXPEDIENTES 0755-D-2010, 0015-CD-2011 y 0027-S-2010","('0027-S-2010', 9)":"INSERCION DEL DIPUTADO HELLER CONJUNTAMENTE PARA LOS EXPEDIENTES 0755-D-2010, 0015-CD-2011 y 0027-S-2010"},"('Tramites', 'FECHA')":{"('0027-S-2010', 0)":"13\/04\/2011","('0027-S-2010', 1)":"13\/04\/2011","('0027-S-2010', 2)":"04\/05\/2011","('0027-S-2010', 3)":"01\/06\/2011","('0027-S-2010', 4)":"01\/06\/2011","('0027-S-2010', 5)":null,"('0027-S-2010', 6)":"03\/08\/2011","('0027-S-2010', 7)":"03\/08\/2011","('0027-S-2010', 8)":"03\/08\/2011","('0027-S-2010', 9)":"03\/08\/2011"},"('Tramites', 'RESULTADO')":{"('0027-S-2010', 0)":null,"('0027-S-2010', 1)":null,"('0027-S-2010', 2)":null,"('0027-S-2010', 3)":"MEDIA SANCION","('0027-S-2010', 4)":null,"('0027-S-2010', 5)":null,"('0027-S-2010', 6)":null,"('0027-S-2010', 7)":null,"('0027-S-2010', 8)":"SANCIONADO","('0027-S-2010', 9)":null},"Link":{"('0027-S-2010', 0)":"http:\/\/www.senado.gov.ar\/parlamentario\/comisiones\/verExp\/27.10\/S\/PL","('0027-S-2010', 1)":null,"('0027-S-2010', 2)":null,"('0027-S-2010', 3)":null,"('0027-S-2010', 4)":null,"('0027-S-2010', 5)":null,"('0027-S-2010', 6)":null,"('0027-S-2010', 7)":null,"('0027-S-2010', 8)":null,"('0027-S-2010', 9)":null},"Palabra Clave":{"('0027-S-2010', 0)":" ","('0027-S-2010', 1)":null,"('0027-S-2010', 2)":null,"('0027-S-2010', 3)":null,"('0027-S-2010', 4)":null,"('0027-S-2010', 5)":null,"('0027-S-2010', 6)":null,"('0027-S-2010', 7)":null,"('0027-S-2010', 8)":null,"('0027-S-2010', 9)":null}}