{"Tipo de Proyecto":{"('0027-OV-2010', 0)":"PROYECTO DE RESOLUCI\u00d3N"},"Iniciado en: ":{"('0027-OV-2010', 0)":"Diputados"},"Expediente Diputados: ":{"('0027-OV-2010', 0)":"0027-OV-2010"},"Fecha: ":{"('0027-OV-2010', 0)":"15\/02\/2011"},"T\u00edtulo":{"('0027-OV-2010', 0)":"EXPEDIENTE 0027-OV-2010, MEDIANTE EL CUAL JEFATURA DE GABINETE DE MINISTROS REMITE RESPUESTA EN RELACION CON LA RESOLUCION APROBADA POR EL H. CONGRESO (0231-S-07) SOBRE LAS MEDIDAS ADOPTADAS EN ATENCION A LAS OBSERVACIONES FORMULADAS POR LA AUDITORIA GENERAL DE LA NACION EN LOS INFORMES OBJETO DE LAS RESOLUCIONES 214\/04 Y 204\/05 EN EL AMBITO DEL BANCO DE LA NACION ARGENTINA."},"('Firmantes', 'FIRMANTE')":{"('0027-OV-2010', 0)":"PARLAMENTARIA MIXTA REVISORA DE CUENTAS"},"('Firmantes', 'DISTRITO')":{"('0027-OV-2010', 0)":null},"('Firmantes', 'BLOQUE')":{"('0027-OV-2010', 0)":null},"('Giros', 'COMISI\u00d3N')":{"('0027-OV-2010', 0)":"PARLAMENTARIA MIXTA REVISORA DE CUENTAS"},"('Tramites', 'C\u00c1MARA')":{"('0027-OV-2010', 0)":"Diputados"},"('Tramites', 'MOVIMIENTO')":{"('0027-OV-2010', 0)":"CONSIDERACION Y APROBACION (AL ARCHIVO)"},"('Tramites', 'FECHA')":{"('0027-OV-2010', 0)":"16\/03\/2011"},"('Tramites', 'RESULTADO')":{"('0027-OV-2010', 0)":"APROBADO"},"Palabra Clave":{"('0027-OV-2010', 0)":" "}}