{"Tipo de Proyecto":{"('0028-JGM-2010', 0)":"MENSAJE NRO: 0430\/10","('0028-JGM-2010', 1)":null,"('0028-JGM-2010', 2)":null},"Iniciado en: ":{"('0028-JGM-2010', 0)":"Diputados","('0028-JGM-2010', 1)":null,"('0028-JGM-2010', 2)":null},"Expediente Diputados: ":{"('0028-JGM-2010', 0)":"0028-JGM-2010","('0028-JGM-2010', 1)":null,"('0028-JGM-2010', 2)":null},"Publicado en: ":{"('0028-JGM-2010', 0)":"Tr\u00e1mite Parlamentario N\u00b0 81","('0028-JGM-2010', 1)":null,"('0028-JGM-2010', 2)":null},"Fecha: ":{"('0028-JGM-2010', 0)":"23\/06\/2010","('0028-JGM-2010', 1)":null,"('0028-JGM-2010', 2)":null},"T\u00edtulo":{"('0028-JGM-2010', 0)":"COMUNICACION DEL DECRETO 806\/10 POR EL CUAL SE ADOPTAN LAS DISPOSICIONES DE LA DIRECTIVA 20 DEL 22 DE OCTUBRE DE 2009 DE LA COMISION DE COMERCIO DEL MERCOSUR (CCM), SOBRE TRATAMIENTO ARANCELARIO PARA LA IMPORTACION DE LAMINAS DE POLIURETANO CELULAR CON RECUBRIMIENTO REFLECTIVO Y RETROREFLECTIVO, PARA LA CONFECCION DE DOCUMENTOS.","('0028-JGM-2010', 1)":null,"('0028-JGM-2010', 2)":null},"('Firmantes', 'FIRMANTE')":{"('0028-JGM-2010', 0)":"FERNANDEZ, ANIBAL","('0028-JGM-2010', 1)":"BOUDOU, AMADO","('0028-JGM-2010', 2)":"GIORGI, DEBORA"},"('Firmantes', 'DISTRITO')":{"('0028-JGM-2010', 0)":null,"('0028-JGM-2010', 1)":null,"('0028-JGM-2010', 2)":null},"('Firmantes', 'BLOQUE')":{"('0028-JGM-2010', 0)":"PODER EJECUTIVO","('0028-JGM-2010', 1)":"PODER EJECUTIVO","('0028-JGM-2010', 2)":"PODER EJECUTIVO"},"('Giros', 'COMISI\u00d3N')":{"('0028-JGM-2010', 0)":"BICAMERAL PERMANENTE DE TRAMITE LEGISLATIVO - LEY 26122","('0028-JGM-2010', 1)":null,"('0028-JGM-2010', 2)":null},"('Tramites', 'C\u00c1MARA')":{"('0028-JGM-2010', 0)":"Diputados","('0028-JGM-2010', 1)":null,"('0028-JGM-2010', 2)":null},"('Tramites', 'MOVIMIENTO')":{"('0028-JGM-2010', 0)":"CONSIDERACION Y APROBACION","('0028-JGM-2010', 1)":null,"('0028-JGM-2010', 2)":null},"('Tramites', 'FECHA')":{"('0028-JGM-2010', 0)":"24\/10\/2012","('0028-JGM-2010', 1)":null,"('0028-JGM-2010', 2)":null},"('Tramites', 'RESULTADO')":{"('0028-JGM-2010', 0)":"APROBADO","('0028-JGM-2010', 1)":null,"('0028-JGM-2010', 2)":null},"Link":{"('0028-JGM-2010', 0)":"https:\/\/www4.hcdn.gob.ar\/dependencias\/dsecretaria\/Periodo2010\/PDF2010\/TP2010\/0028-JGM-10.pdf","('0028-JGM-2010', 1)":null,"('0028-JGM-2010', 2)":null},"Palabra Clave":{"('0028-JGM-2010', 0)":" ","('0028-JGM-2010', 1)":null,"('0028-JGM-2010', 2)":null}}