{"Tipo de Proyecto":{"('0028-PE-2010', 0)":"MENSAJE NRO: 1502\/10","('0028-PE-2010', 1)":null,"('0028-PE-2010', 2)":null},"Iniciado en: ":{"('0028-PE-2010', 0)":"Diputados","('0028-PE-2010', 1)":null,"('0028-PE-2010', 2)":null},"Expediente Diputados: ":{"('0028-PE-2010', 0)":"0028-PE-2010","('0028-PE-2010', 1)":null,"('0028-PE-2010', 2)":null},"Publicado en: ":{"('0028-PE-2010', 0)":"Tr\u00e1mite Parlamentario N\u00b0 157","('0028-PE-2010', 1)":null,"('0028-PE-2010', 2)":null},"Fecha: ":{"('0028-PE-2010', 0)":"19\/10\/2010","('0028-PE-2010', 1)":null,"('0028-PE-2010', 2)":null},"T\u00edtulo":{"('0028-PE-2010', 0)":"COMUNICACION DEL DECRETO 1408\/2010 POR EL CUAL SE APRUEBA EL CALCULO DE INCIDENCIA QUE LAS VARIACIONES DE PRECIOS OPERADAS DESDE EL MES DE JUNIO DE 2009 HASTA EL MES DE JUNIO DE 2010, HAN TENIDO EN LOS COSTOS RELACIONADOS CON LA OPERACION, MANTENIMIENTO E INVERSIONES INCLUIDAS EN EL PLAN ECONOMICO FINANCIERO (PEF) DE LA EMPRESA CONCESIONARIA GRUPO CONCESIONARIO DEL OESTE SOCIEDAD ANONIMA.","('0028-PE-2010', 1)":null,"('0028-PE-2010', 2)":null},"('Firmantes', 'FIRMANTE')":{"('0028-PE-2010', 0)":"FERNANDEZ DE KIRCHNER, CRISTINA","('0028-PE-2010', 1)":"FERNANDEZ, ANIBAL","('0028-PE-2010', 2)":"DE VIDO, JULIO"},"('Firmantes', 'DISTRITO')":{"('0028-PE-2010', 0)":null,"('0028-PE-2010', 1)":null,"('0028-PE-2010', 2)":null},"('Firmantes', 'BLOQUE')":{"('0028-PE-2010', 0)":"PODER EJECUTIVO","('0028-PE-2010', 1)":"PODER EJECUTIVO","('0028-PE-2010', 2)":"PODER EJECUTIVO"},"('Giros', 'COMISI\u00d3N')":{"('0028-PE-2010', 0)":"BICAMERAL DE REFORMA DEL ESTADO Y SEGUIMIENTO DE LAS PRIVATIZACIONES (LEY 23696)","('0028-PE-2010', 1)":null,"('0028-PE-2010', 2)":null},"Link":{"('0028-PE-2010', 0)":"https:\/\/www4.hcdn.gob.ar\/dependencias\/dsecretaria\/Periodo2010\/PDF2010\/TP2010\/0028-PE-10.pdf","('0028-PE-2010', 1)":null,"('0028-PE-2010', 2)":null},"Palabra Clave":{"('0028-PE-2010', 0)":" ","('0028-PE-2010', 1)":null,"('0028-PE-2010', 2)":null}}