{"Tipo de Proyecto":{"('0029-S-2010', 0)":"PROYECTO DE DECLARACI\u00d3N","('0029-S-2010', 1)":null},"Iniciado en: ":{"('0029-S-2010', 0)":"Senado","('0029-S-2010', 1)":null},"Expediente Senado: ":{"('0029-S-2010', 0)":"0029-S-2010","('0029-S-2010', 1)":null},"Publicado en: ":{"('0029-S-2010', 0)":"Diario de Asuntos Entrados N\u00b0 3","('0029-S-2010', 1)":null},"Fecha: ":{"('0029-S-2010', 0)":"02\/03\/2010","('0029-S-2010', 1)":null},"T\u00edtulo":{"('0029-S-2010', 0)":"EXPRESAR BENEPLACITO POR EL APOYO DE LOS ASISTENTES A LA CUMBRE DE LA UNIDAD DE AMERICA LATINA Y EL CARIBE A LA POSICION ARGENTINA EN DEFENSA DE SUS DERECHOS SOBERANOS SOBRE LAS ISLAS MALVINAS, GEORGIAS Y SANDWICH DEL SUR.","('0029-S-2010', 1)":null},"('Firmantes', 'FIRMANTE')":{"('0029-S-2010', 0)":"MAZA, ADA MERCEDES","('0029-S-2010', 1)":null},"('Firmantes', 'DISTRITO')":{"('0029-S-2010', 0)":"LA RIOJA","('0029-S-2010', 1)":null},"('Firmantes', 'BLOQUE')":{"('0029-S-2010', 0)":"FRENTE PARA LA VICTORIA - PJ","('0029-S-2010', 1)":null},"('Tramites', 'C\u00c1MARA')":{"('0029-S-2010', 0)":"Senado","('0029-S-2010', 1)":"Senado"},"('Tramites', 'MOVIMIENTO')":{"('0029-S-2010', 0)":"MOCION SOBRE TABLAS (AFIRMATIVA) CONJUNTAMENTE PARA LOS EXPEDIENTES 3410-S-2009, 3437-S-2009, 3446-S-2009, 3467-S-2009, 3468-S-2009 y 0029-S-2010","('0029-S-2010', 1)":"CONSIDERACION Y APROBACION (TEXTO UNIFICADO) CONJUNTAMENTE PARA LOS EXPEDIENTES 3410-S-2009, 3437-S-2009, 3446-S-2009, 3467-S-2009, 3468-S-2009 y 0029-S-2010"},"('Tramites', 'FECHA')":{"('0029-S-2010', 0)":"03\/03\/2010","('0029-S-2010', 1)":"03\/03\/2010"},"('Tramites', 'RESULTADO')":{"('0029-S-2010', 0)":null,"('0029-S-2010', 1)":"APROBADO"},"Link":{"('0029-S-2010', 0)":"http:\/\/www.senado.gov.ar\/parlamentario\/comisiones\/verExp\/29.10\/S\/PD","('0029-S-2010', 1)":null},"Palabra Clave":{"('0029-S-2010', 0)":" ","('0029-S-2010', 1)":null}}