{"Tipo de Proyecto":{"('0029-JGM-2010', 0)":"MENSAJE NRO: 0444\/10","('0029-JGM-2010', 1)":null},"Iniciado en: ":{"('0029-JGM-2010', 0)":"Diputados","('0029-JGM-2010', 1)":null},"Expediente Diputados: ":{"('0029-JGM-2010', 0)":"0029-JGM-2010","('0029-JGM-2010', 1)":null},"Publicado en: ":{"('0029-JGM-2010', 0)":"Tr\u00e1mite Parlamentario N\u00b0 85","('0029-JGM-2010', 1)":null},"Fecha: ":{"('0029-JGM-2010', 0)":"29\/06\/2010","('0029-JGM-2010', 1)":null},"T\u00edtulo":{"('0029-JGM-2010', 0)":"COMUNICACION DEL DECRETO 834\/10 POR EL CUAL SE EXIME AL MINISTERIO DE CIENCIA, TECNOLOGIA E INNOVACION PRODUCTIVA DEL PAGO DEL DERECHO DE EXPORTACION PARA CONSUMO DE TREINTA Y CINCO (35) SISMOGRAFOS PORTATILES DE BANDA ANCHA PERTENECIENTES A LA INSTITUCION IRIS - PASSCAL DE LOS ESTADOS UNIDOS DE AMERICA. ","('0029-JGM-2010', 1)":null},"('Firmantes', 'FIRMANTE')":{"('0029-JGM-2010', 0)":"FERNANDEZ, ANIBAL","('0029-JGM-2010', 1)":"BOUDOU, AMADO"},"('Firmantes', 'DISTRITO')":{"('0029-JGM-2010', 0)":null,"('0029-JGM-2010', 1)":null},"('Firmantes', 'BLOQUE')":{"('0029-JGM-2010', 0)":"PODER EJECUTIVO","('0029-JGM-2010', 1)":"PODER EJECUTIVO"},"('Giros', 'COMISI\u00d3N')":{"('0029-JGM-2010', 0)":"BICAMERAL PERMANENTE DE TRAMITE LEGISLATIVO - LEY 26122","('0029-JGM-2010', 1)":null},"('Tramites', 'C\u00c1MARA')":{"('0029-JGM-2010', 0)":"Diputados","('0029-JGM-2010', 1)":null},"('Tramites', 'MOVIMIENTO')":{"('0029-JGM-2010', 0)":"CONSIDERACION Y APROBACION","('0029-JGM-2010', 1)":null},"('Tramites', 'FECHA')":{"('0029-JGM-2010', 0)":"24\/10\/2012","('0029-JGM-2010', 1)":null},"('Tramites', 'RESULTADO')":{"('0029-JGM-2010', 0)":"APROBADO","('0029-JGM-2010', 1)":null},"Link":{"('0029-JGM-2010', 0)":"https:\/\/www4.hcdn.gob.ar\/dependencias\/dsecretaria\/Periodo2010\/PDF2010\/TP2010\/0029-JGM-10.pdf","('0029-JGM-2010', 1)":null},"Palabra Clave":{"('0029-JGM-2010', 0)":" ","('0029-JGM-2010', 1)":null}}