{"Tipo de Proyecto":{"('0030-JGM-2010', 0)":"MENSAJE NRO: 0445\/10","('0030-JGM-2010', 1)":null},"Iniciado en: ":{"('0030-JGM-2010', 0)":"Diputados","('0030-JGM-2010', 1)":null},"Expediente Diputados: ":{"('0030-JGM-2010', 0)":"0030-JGM-2010","('0030-JGM-2010', 1)":null},"Publicado en: ":{"('0030-JGM-2010', 0)":"Tr\u00e1mite Parlamentario N\u00b0 85","('0030-JGM-2010', 1)":null},"Fecha: ":{"('0030-JGM-2010', 0)":"29\/06\/2010","('0030-JGM-2010', 1)":null},"T\u00edtulo":{"('0030-JGM-2010', 0)":"COMUNICACION DEL DECRETO 835\/10 POR EL CUAL SE EXIME AL MINISTERIO DE CIENCIA, TECNOLOGIA E INNOVACION PRODUCTIVA DEL PAGO DEL DERECHO DE EXPORTACION PARA CONSUMO DE CUARENTA - 40 - SISMOGRAFOS PORTATILES DE BANDA ANCHA PERTENECIENTES A LA INSTITUCION IRIS - PASSCAL DE LOS ESTADOS UNIDOS DE AMERICA.","('0030-JGM-2010', 1)":null},"('Firmantes', 'FIRMANTE')":{"('0030-JGM-2010', 0)":"FERNANDEZ, ANIBAL","('0030-JGM-2010', 1)":"BOUDOU, AMADO"},"('Firmantes', 'DISTRITO')":{"('0030-JGM-2010', 0)":null,"('0030-JGM-2010', 1)":null},"('Firmantes', 'BLOQUE')":{"('0030-JGM-2010', 0)":"PODER EJECUTIVO","('0030-JGM-2010', 1)":"PODER EJECUTIVO"},"('Giros', 'COMISI\u00d3N')":{"('0030-JGM-2010', 0)":"BICAMERAL PERMANENTE DE TRAMITE LEGISLATIVO - LEY 26122","('0030-JGM-2010', 1)":null},"('Tramites', 'C\u00c1MARA')":{"('0030-JGM-2010', 0)":"Diputados","('0030-JGM-2010', 1)":null},"('Tramites', 'MOVIMIENTO')":{"('0030-JGM-2010', 0)":"CONSIDERACION Y APROBACION","('0030-JGM-2010', 1)":null},"('Tramites', 'FECHA')":{"('0030-JGM-2010', 0)":"24\/10\/2012","('0030-JGM-2010', 1)":null},"('Tramites', 'RESULTADO')":{"('0030-JGM-2010', 0)":"APROBADO","('0030-JGM-2010', 1)":null},"Link":{"('0030-JGM-2010', 0)":"https:\/\/www4.hcdn.gob.ar\/dependencias\/dsecretaria\/Periodo2010\/PDF2010\/TP2010\/0030-JGM-10.pdf","('0030-JGM-2010', 1)":null},"Palabra Clave":{"('0030-JGM-2010', 0)":" ","('0030-JGM-2010', 1)":null}}