{"Tipo de Proyecto":{"('0030-PE-2010', 0)":"MENSAJE NRO: 1504\/10 Y PROYECTO DE LEY","('0030-PE-2010', 1)":null,"('0030-PE-2010', 2)":null,"('0030-PE-2010', 3)":null,"('0030-PE-2010', 4)":null,"('0030-PE-2010', 5)":null},"Iniciado en: ":{"('0030-PE-2010', 0)":"Diputados","('0030-PE-2010', 1)":null,"('0030-PE-2010', 2)":null,"('0030-PE-2010', 3)":null,"('0030-PE-2010', 4)":null,"('0030-PE-2010', 5)":null},"Expediente Diputados: ":{"('0030-PE-2010', 0)":"0030-PE-2010","('0030-PE-2010', 1)":null,"('0030-PE-2010', 2)":null,"('0030-PE-2010', 3)":null,"('0030-PE-2010', 4)":null,"('0030-PE-2010', 5)":null},"Publicado en: ":{"('0030-PE-2010', 0)":"Tr\u00e1mite Parlamentario N\u00b0 157","('0030-PE-2010', 1)":null,"('0030-PE-2010', 2)":null,"('0030-PE-2010', 3)":null,"('0030-PE-2010', 4)":null,"('0030-PE-2010', 5)":null},"Fecha: ":{"('0030-PE-2010', 0)":"19\/10\/2010","('0030-PE-2010', 1)":null,"('0030-PE-2010', 2)":null,"('0030-PE-2010', 3)":null,"('0030-PE-2010', 4)":null,"('0030-PE-2010', 5)":null},"T\u00edtulo":{"('0030-PE-2010', 0)":"EXCLUIR AL MINISTERIO DE DEFENSA Y AL MINISTERIO DEL INTERIOR DE LO PRESCRIPTO POR LAS LEYES 21770 Y 22215 (AUTORIZACION A IMPORTAR MATERIALES  Y\/O EQUIPOS ESPECIALIZADOS A LA POLICIA DE LA PROVINCIA DE BUENOS AIRES Y POLICIAS PROVINCIALES); OTORGAMIENTO DE AUTORIZACIONES A TRAVES DEL MINISTERIO DE JUSTICIA, SEGURIDAD Y DERECHOS HUMANOS; ","('0030-PE-2010', 1)":null,"('0030-PE-2010', 2)":null,"('0030-PE-2010', 3)":null,"('0030-PE-2010', 4)":null,"('0030-PE-2010', 5)":null},"('Firmantes', 'FIRMANTE')":{"('0030-PE-2010', 0)":"FERNANDEZ DE KIRCHNER, CRISTINA","('0030-PE-2010', 1)":"FERNANDEZ, ANIBAL","('0030-PE-2010', 2)":"ALAK, JULIO","('0030-PE-2010', 3)":"BOUDOU, AMADO","('0030-PE-2010', 4)":"DE VIDO, JULIO","('0030-PE-2010', 5)":"GARRE, NILDA CELIA"},"('Firmantes', 'DISTRITO')":{"('0030-PE-2010', 0)":null,"('0030-PE-2010', 1)":null,"('0030-PE-2010', 2)":null,"('0030-PE-2010', 3)":null,"('0030-PE-2010', 4)":null,"('0030-PE-2010', 5)":null},"('Firmantes', 'BLOQUE')":{"('0030-PE-2010', 0)":"PODER EJECUTIVO","('0030-PE-2010', 1)":"PODER EJECUTIVO","('0030-PE-2010', 2)":"PODER EJECUTIVO","('0030-PE-2010', 3)":"PODER EJECUTIVO","('0030-PE-2010', 4)":"PODER EJECUTIVO","('0030-PE-2010', 5)":"PODER EJECUTIVO"},"('Giros', 'COMISI\u00d3N')":{"('0030-PE-2010', 0)":"COMERCIO","('0030-PE-2010', 1)":"SEGURIDAD INTERIOR","('0030-PE-2010', 2)":"PRESUPUESTO Y HACIENDA","('0030-PE-2010', 3)":null,"('0030-PE-2010', 4)":null,"('0030-PE-2010', 5)":null},"Sumario":{"('0030-PE-2010', 0)":"INTERVENCION DE LA DIRECCION GENERAL DE FABRICACIONES MILITARES, DEPENDIENTES DEL MINISTERIO DE PLANIFICACION FEDERAL, INVERSION PUBLICA Y SERVICIOS PARA QUE INFORME SOBRE SI EL MATERIAL A IMPORTAR EN CADA CASO PODRIA SER FABRICADO LOCALMENTE EN CONDICIONES SIMILARES DE CALIDAD Y PRECIO.","('0030-PE-2010', 1)":null,"('0030-PE-2010', 2)":null,"('0030-PE-2010', 3)":null,"('0030-PE-2010', 4)":null,"('0030-PE-2010', 5)":null},"Palabra Clave":{"('0030-PE-2010', 0)":" ","('0030-PE-2010', 1)":null,"('0030-PE-2010', 2)":null,"('0030-PE-2010', 3)":null,"('0030-PE-2010', 4)":null,"('0030-PE-2010', 5)":null}}