{"Tipo de Proyecto":{"('0030-OV-2010', 0)":"PROYECTO DE RESOLUCI\u00d3N"},"Iniciado en: ":{"('0030-OV-2010', 0)":"Diputados"},"Expediente Diputados: ":{"('0030-OV-2010', 0)":"0030-OV-2010"},"Fecha: ":{"('0030-OV-2010', 0)":"13\/02\/2012"},"T\u00edtulo":{"('0030-OV-2010', 0)":"DICTAMEN EN LA RESPUESTA REMITIDA POR LA JEFATURA DE GABINETE DE MINISTROS EN RELACION A LA RESOLUCION 0029-S-09 (0270-OV-08), APROBADA POR EL H. CONGRESO DE LA NACION; CON MOTIVO DE SU EXAMEN CON EL OBJETO DE AUDITAR LAS COMPRAS Y CONTRATACIONES DE BIENES Y SERVICIOS DE LA ADMINISTRACION FEDERAL DE INGRESOS PUBLICOS (AFIP)."},"('Firmantes', 'FIRMANTE')":{"('0030-OV-2010', 0)":"PARLAMENTARIA MIXTA REVISORA DE CUENTAS"},"('Firmantes', 'DISTRITO')":{"('0030-OV-2010', 0)":null},"('Firmantes', 'BLOQUE')":{"('0030-OV-2010', 0)":null},"('Giros', 'COMISI\u00d3N')":{"('0030-OV-2010', 0)":"PARLAMENTARIA MIXTA REVISORA DE CUENTAS"},"('Tramites', 'C\u00c1MARA')":{"('0030-OV-2010', 0)":"Diputados"},"('Tramites', 'MOVIMIENTO')":{"('0030-OV-2010', 0)":"CONSIDERACION Y APROBACION"},"('Tramites', 'FECHA')":{"('0030-OV-2010', 0)":"21\/03\/2012"},"('Tramites', 'RESULTADO')":{"('0030-OV-2010', 0)":"APROBADO"},"Sumario":{"('0030-OV-2010', 0)":"HABIENDO TOMADO CONOCIMIENTO, Y SIN PERJUICIO DE ULTERIORES MEDIDAS QUE PUEDAN ADOPTARSE, SE ACONSEJA SU REMISION AL ARCHIVO."},"Palabra Clave":{"('0030-OV-2010', 0)":" "}}