{"Tipo de Proyecto":{"('0030-D-2010', 0)":"PROYECTO DE RESOLUCI\u00d3N","('0030-D-2010', 1)":null,"('0030-D-2010', 2)":null},"Iniciado en: ":{"('0030-D-2010', 0)":"Diputados","('0030-D-2010', 1)":null,"('0030-D-2010', 2)":null},"Expediente Diputados: ":{"('0030-D-2010', 0)":"0030-D-2010","('0030-D-2010', 1)":null,"('0030-D-2010', 2)":null},"Publicado en: ":{"('0030-D-2010', 0)":"Tr\u00e1mite Parlamentario N\u00b0 3","('0030-D-2010', 1)":null,"('0030-D-2010', 2)":null},"Fecha: ":{"('0030-D-2010', 0)":"02\/03\/2010","('0030-D-2010', 1)":null,"('0030-D-2010', 2)":null},"T\u00edtulo":{"('0030-D-2010', 0)":"EXPRESAR PREOCUPACION POR LA PRETENSION UNILATERAL DEL GOBIERNO INGLES DE REALIZAR ACTIVIDADES DE PERFORACION HIDROCARBURIFERA EN LAS ISLAS MALVINAS. ","('0030-D-2010', 1)":null,"('0030-D-2010', 2)":null},"('Firmantes', 'FIRMANTE')":{"('0030-D-2010', 0)":"GIUDICI, SILVANA MYRIAM","('0030-D-2010', 1)":"CUSINATO, GUSTAVO","('0030-D-2010', 2)":"TUNESSI, JUAN PEDRO"},"('Firmantes', 'DISTRITO')":{"('0030-D-2010', 0)":"CIUDAD de BUENOS AIRES","('0030-D-2010', 1)":"ENTRE RIOS","('0030-D-2010', 2)":"BUENOS AIRES"},"('Firmantes', 'BLOQUE')":{"('0030-D-2010', 0)":"UCR","('0030-D-2010', 1)":"UCR","('0030-D-2010', 2)":"UCR"},"('Giros', 'COMISI\u00d3N')":{"('0030-D-2010', 0)":"RELACIONES EXTERIORES Y CULTO","('0030-D-2010', 1)":null,"('0030-D-2010', 2)":null},"('Tramites', 'C\u00c1MARA')":{"('0030-D-2010', 0)":"Diputados","('0030-D-2010', 1)":"Diputados","('0030-D-2010', 2)":null},"('Tramites', 'MOVIMIENTO')":{"('0030-D-2010', 0)":"CONSIDERACION Y APROBACION CONJUNTAMENTE PARA LOS EXPEDIENTES 0030-D-2010, 0108-D-2010, 0247-D-2010, 0527-D-2010 y 0752-D-2010","('0030-D-2010', 1)":"INSERCIONES DE LOS DIPUTADOS AGOSTO, BELOUS, PAROLI Y SCIUTTO CONJUNTAMENTE PARA LOS EXPEDIENTES 0030-D-2010, 0108-D-2010, 0247-D-2010, 0527-D-2010 y 0752-D-2010","('0030-D-2010', 2)":null},"('Tramites', 'FECHA')":{"('0030-D-2010', 0)":"17\/03\/2010","('0030-D-2010', 1)":"17\/03\/2010","('0030-D-2010', 2)":null},"('Tramites', 'RESULTADO')":{"('0030-D-2010', 0)":"APROBADO","('0030-D-2010', 1)":null,"('0030-D-2010', 2)":null},"Link":{"('0030-D-2010', 0)":"https:\/\/www.hcdn.gob.ar\/proyectos\/textoCompleto.jsp?exp=0030-D-2010&tipo=RESOLUCION","('0030-D-2010', 1)":null,"('0030-D-2010', 2)":null},"Palabra Clave":{"('0030-D-2010', 0)":" ","('0030-D-2010', 1)":null,"('0030-D-2010', 2)":null}}