{"Tipo de Proyecto":{"('0030-S-2010', 0)":"PROYECTO DE DECLARACI\u00d3N"},"Iniciado en: ":{"('0030-S-2010', 0)":"Senado"},"Expediente Senado: ":{"('0030-S-2010', 0)":"0030-S-2010"},"Publicado en: ":{"('0030-S-2010', 0)":"Diario de Asuntos Entrados N\u00b0 3"},"Fecha: ":{"('0030-S-2010', 0)":"02\/03\/2010"},"T\u00edtulo":{"('0030-S-2010', 0)":"DECLARAR DE INTERES LA XV EDICION DE EXPO MACIA, FIESTA PROVINCIAL DE LA MIEL Y EXPO APICOLA DEL MERCOSUR, A REALIZARSE ENTRE EL 26 Y 28 DE MARZO EN LA LOCALIDAD DE MACIA, ENTRE RIOS."},"('Firmantes', 'FIRMANTE')":{"('0030-S-2010', 0)":"OSUNA, BLANCA INES"},"('Firmantes', 'DISTRITO')":{"('0030-S-2010', 0)":"ENTRE RIOS"},"('Firmantes', 'BLOQUE')":{"('0030-S-2010', 0)":"FRENTE PARA LA VICTORIA - PJ"},"('Tramites', 'C\u00c1MARA')":{"('0030-S-2010', 0)":"Senado"},"('Tramites', 'MOVIMIENTO')":{"('0030-S-2010', 0)":"CONSIDERACION Y APROBACION"},"('Tramites', 'FECHA')":{"('0030-S-2010', 0)":"28\/04\/2010"},"('Tramites', 'RESULTADO')":{"('0030-S-2010', 0)":"APROBADO"},"Link":{"('0030-S-2010', 0)":"http:\/\/www.senado.gov.ar\/parlamentario\/comisiones\/verExp\/30.10\/S\/PD"},"Palabra Clave":{"('0030-S-2010', 0)":" "}}