{"Tipo de Proyecto":{"('0032-PE-2010', 0)":"MENSAJE NRO: 1563\/10 Y PROYECTO DE LEY","('0032-PE-2010', 1)":null,"('0032-PE-2010', 2)":null,"('0032-PE-2010', 3)":null,"('0032-PE-2010', 4)":null},"Iniciado en: ":{"('0032-PE-2010', 0)":"Diputados","('0032-PE-2010', 1)":null,"('0032-PE-2010', 2)":null,"('0032-PE-2010', 3)":null,"('0032-PE-2010', 4)":null},"Expediente Diputados: ":{"('0032-PE-2010', 0)":"0032-PE-2010","('0032-PE-2010', 1)":null,"('0032-PE-2010', 2)":null,"('0032-PE-2010', 3)":null,"('0032-PE-2010', 4)":null},"Expediente Senado: ":{"('0032-PE-2010', 0)":"0068-CD-2010","('0032-PE-2010', 1)":null,"('0032-PE-2010', 2)":null,"('0032-PE-2010', 3)":null,"('0032-PE-2010', 4)":null},"Publicado en: ":{"('0032-PE-2010', 0)":"Tr\u00e1mite Parlamentario N\u00b0 165","('0032-PE-2010', 1)":null,"('0032-PE-2010', 2)":null,"('0032-PE-2010', 3)":null,"('0032-PE-2010', 4)":null},"Fecha: ":{"('0032-PE-2010', 0)":"02\/11\/2010","('0032-PE-2010', 1)":null,"('0032-PE-2010', 2)":null,"('0032-PE-2010', 3)":null,"('0032-PE-2010', 4)":null},"T\u00edtulo":{"('0032-PE-2010', 0)":"ACORDAR AUTORIZACION A LA SE\u00d1ORA PRESIDENTA DE LA NACION PARA  AUSENTARSE DEL PAIS DURANTE EL A\u00d1O 2011, CUANDO RAZONES DE GOBIERNO ASI LO REQUIERAN.","('0032-PE-2010', 1)":null,"('0032-PE-2010', 2)":null,"('0032-PE-2010', 3)":null,"('0032-PE-2010', 4)":null},"('Firmantes', 'FIRMANTE')":{"('0032-PE-2010', 0)":"FERNANDEZ DE KIRCHNER, CRISTINA","('0032-PE-2010', 1)":"FERNANDEZ, ANIBAL","('0032-PE-2010', 2)":"RANDAZZO, FLORENCIO","('0032-PE-2010', 3)":null,"('0032-PE-2010', 4)":null},"('Firmantes', 'DISTRITO')":{"('0032-PE-2010', 0)":null,"('0032-PE-2010', 1)":null,"('0032-PE-2010', 2)":null,"('0032-PE-2010', 3)":null,"('0032-PE-2010', 4)":null},"('Firmantes', 'BLOQUE')":{"('0032-PE-2010', 0)":"PODER EJECUTIVO","('0032-PE-2010', 1)":"PODER EJECUTIVO","('0032-PE-2010', 2)":"PODER EJECUTIVO","('0032-PE-2010', 3)":null,"('0032-PE-2010', 4)":null},"('Giros', 'COMISI\u00d3N')":{"('0032-PE-2010', 0)":"ASUNTOS CONSTITUCIONALES","('0032-PE-2010', 1)":null,"('0032-PE-2010', 2)":null,"('0032-PE-2010', 3)":null,"('0032-PE-2010', 4)":null},"('Tramites', 'C\u00c1MARA')":{"('0032-PE-2010', 0)":"Diputados","('0032-PE-2010', 1)":"Diputados","('0032-PE-2010', 2)":"Senado","('0032-PE-2010', 3)":"Senado","('0032-PE-2010', 4)":"Senado"},"('Tramites', 'MOVIMIENTO')":{"('0032-PE-2010', 0)":"MOCION SOBRE TABLAS (AFIRMATIVA)","('0032-PE-2010', 1)":"CONSIDERACION Y APROBACION","('0032-PE-2010', 2)":"PASA A SENADO -","('0032-PE-2010', 3)":"MOCION SOBRE TABLAS (AFIRMATIVA)","('0032-PE-2010', 4)":"CONSIDERACION Y SANCION"},"('Tramites', 'FECHA')":{"('0032-PE-2010', 0)":"10\/11\/2010","('0032-PE-2010', 1)":"10\/11\/2010","('0032-PE-2010', 2)":null,"('0032-PE-2010', 3)":"24\/11\/2010","('0032-PE-2010', 4)":"24\/11\/2010"},"('Tramites', 'RESULTADO')":{"('0032-PE-2010', 0)":null,"('0032-PE-2010', 1)":"MEDIA SANCION","('0032-PE-2010', 2)":null,"('0032-PE-2010', 3)":null,"('0032-PE-2010', 4)":"SANCIONADO"},"Link":{"('0032-PE-2010', 0)":"https:\/\/www4.hcdn.gob.ar\/dependencias\/dsecretaria\/Periodo2010\/PDF2010\/TP2010\/0032-PE-10.pdf","('0032-PE-2010', 1)":null,"('0032-PE-2010', 2)":null,"('0032-PE-2010', 3)":null,"('0032-PE-2010', 4)":null},"Palabra Clave":{"('0032-PE-2010', 0)":" ","('0032-PE-2010', 1)":null,"('0032-PE-2010', 2)":null,"('0032-PE-2010', 3)":null,"('0032-PE-2010', 4)":null}}