{"Tipo de Proyecto":{"('0032-S-2010', 0)":"COMUNICACION"},"Iniciado en: ":{"('0032-S-2010', 0)":"Senado"},"Expediente Senado: ":{"('0032-S-2010', 0)":"0032-S-2010"},"Publicado en: ":{"('0032-S-2010', 0)":"Diario de Asuntos Entrados N\u00b0 3"},"Fecha: ":{"('0032-S-2010', 0)":"02\/03\/2010"},"T\u00edtulo":{"('0032-S-2010', 0)":"PEDIDO DE INFORMES AL PODER EJECUTIVO SOBRE LOS INMUEBLES PROPIEDAD DEL ESTADO NACIONAL UBICADOS EN LA PROVINCIA DE ENTRE RIOS."},"('Firmantes', 'FIRMANTE')":{"('0032-S-2010', 0)":"OSUNA, BLANCA INES"},"('Firmantes', 'DISTRITO')":{"('0032-S-2010', 0)":"ENTRE RIOS"},"('Firmantes', 'BLOQUE')":{"('0032-S-2010', 0)":"FRENTE PARA LA VICTORIA - PJ"},"Link":{"('0032-S-2010', 0)":"http:\/\/www.senado.gov.ar\/parlamentario\/comisiones\/verExp\/32.10\/S\/PC"},"Palabra Clave":{"('0032-S-2010', 0)":" "}}