{"Tipo de Proyecto":{"('0033-D-2010', 0)":"PROYECTO DE LEY","('0033-D-2010', 1)":null},"Iniciado en: ":{"('0033-D-2010', 0)":"Diputados","('0033-D-2010', 1)":null},"Expediente Diputados: ":{"('0033-D-2010', 0)":"0033-D-2010","('0033-D-2010', 1)":null},"Publicado en: ":{"('0033-D-2010', 0)":"Tr\u00e1mite Parlamentario N\u00b0 3","('0033-D-2010', 1)":null},"Fecha: ":{"('0033-D-2010', 0)":"02\/03\/2010","('0033-D-2010', 1)":null},"T\u00edtulo":{"('0033-D-2010', 0)":"EJECUCION DE LA PENA PRIVATIVA DE LA LIBERTAD, LEY 24660: INCORPORACION DEL ARTICULO 33 BIS, SOBRE EXCEPCION A LA PRISION DOMICILIARIA (REPRODUCCION DEL EXPEDIENTE 0009-D-08).","('0033-D-2010', 1)":null},"('Firmantes', 'FIRMANTE')":{"('0033-D-2010', 0)":"GIUDICI, SILVANA MYRIAM","('0033-D-2010', 1)":null},"('Firmantes', 'DISTRITO')":{"('0033-D-2010', 0)":"CIUDAD de BUENOS AIRES","('0033-D-2010', 1)":null},"('Firmantes', 'BLOQUE')":{"('0033-D-2010', 0)":"UCR","('0033-D-2010', 1)":null},"('Giros', 'COMISI\u00d3N')":{"('0033-D-2010', 0)":"LEGISLACION PENAL","('0033-D-2010', 1)":"TERCERA EDAD"},"Palabra Clave":{"('0033-D-2010', 0)":" ","('0033-D-2010', 1)":null}}