{"Tipo de Proyecto":{"('0033-JGM-2010', 0)":"MENSAJE NRO: 0488\/10","('0033-JGM-2010', 1)":null},"Iniciado en: ":{"('0033-JGM-2010', 0)":"Diputados","('0033-JGM-2010', 1)":null},"Expediente Diputados: ":{"('0033-JGM-2010', 0)":"0033-JGM-2010","('0033-JGM-2010', 1)":null},"Publicado en: ":{"('0033-JGM-2010', 0)":"Tr\u00e1mite Parlamentario N\u00b0 95","('0033-JGM-2010', 1)":null},"Fecha: ":{"('0033-JGM-2010', 0)":"13\/07\/2010","('0033-JGM-2010', 1)":null},"T\u00edtulo":{"('0033-JGM-2010', 0)":"COMUNICACION DEL DECRETO 919\/10 DE MODIFICACION DE LA LEY DE MINISTERIOS (LEY 22520 TEXTO ORDENADO DECRETO 438\/92) , INCORPORANDO EL MINISTERIO DE TURISMO Y SU COMPETENCIA (MODIFICACION DE LOS ARTICULOS 1 Y 20 BIS E INCORPORACION DEL ARTICULO 20 QUATER)","('0033-JGM-2010', 1)":null},"('Firmantes', 'FIRMANTE')":{"('0033-JGM-2010', 0)":"FERNANDEZ, ANIBAL","('0033-JGM-2010', 1)":"RANDAZZO, FLORENCIO"},"('Firmantes', 'DISTRITO')":{"('0033-JGM-2010', 0)":null,"('0033-JGM-2010', 1)":null},"('Firmantes', 'BLOQUE')":{"('0033-JGM-2010', 0)":"PODER EJECUTIVO","('0033-JGM-2010', 1)":"PODER EJECUTIVO"},"('Giros', 'COMISI\u00d3N')":{"('0033-JGM-2010', 0)":"BICAMERAL PERMANENTE DE TRAMITE LEGISLATIVO - LEY 26122","('0033-JGM-2010', 1)":null},"('Tramites', 'C\u00c1MARA')":{"('0033-JGM-2010', 0)":"Diputados","('0033-JGM-2010', 1)":null},"('Tramites', 'MOVIMIENTO')":{"('0033-JGM-2010', 0)":"CONSIDERACION Y APROBACION","('0033-JGM-2010', 1)":null},"('Tramites', 'FECHA')":{"('0033-JGM-2010', 0)":"21\/11\/2012","('0033-JGM-2010', 1)":null},"('Tramites', 'RESULTADO')":{"('0033-JGM-2010', 0)":"APROBADO","('0033-JGM-2010', 1)":null},"Link":{"('0033-JGM-2010', 0)":"https:\/\/www4.hcdn.gob.ar\/dependencias\/dsecretaria\/Periodo2010\/PDF2010\/TP2010\/0033-JGM-10.pdf","('0033-JGM-2010', 1)":null},"Palabra Clave":{"('0033-JGM-2010', 0)":" ","('0033-JGM-2010', 1)":null}}