{"Tipo de Proyecto":{"('0034-OV-2010', 0)":"PROYECTO DE RESOLUCI\u00d3N","('0034-OV-2010', 1)":null,"('0034-OV-2010', 2)":null},"Iniciado en: ":{"('0034-OV-2010', 0)":"Senado","('0034-OV-2010', 1)":null,"('0034-OV-2010', 2)":null},"Expediente Senado: ":{"('0034-OV-2010', 0)":"0034-OV-2010","('0034-OV-2010', 1)":null,"('0034-OV-2010', 2)":null},"Fecha: ":{"('0034-OV-2010', 0)":"06\/04\/2011","('0034-OV-2010', 1)":null,"('0034-OV-2010', 2)":null},"T\u00edtulo":{"('0034-OV-2010', 0)":"SOLICITAR AL PODER EJECUTIVO SE SIRVA DAR INSTRUCCIONES A LA EMPRESA EDUCAR SOCIEDAD DEL ESTADO, PARA QUE REMITA A LA AUDITORIA GENERAL DE LA NACION EL INFORME DE LA COMISION FISCALIZADORA CORRESPONDIENTE AL EJERCICIO 2005 Y LA MEMORIA ANUAL, CORRESPONDIENTES A LOS EJERCICIOS FINALIZADOS EL 31 DE DICIEMBRE DE 2004 (0034-OV-10) Y EL 31 DE DICIEMBRE DE 2005 (0035-OV-10).","('0034-OV-2010', 1)":null,"('0034-OV-2010', 2)":null},"('Firmantes', 'FIRMANTE')":{"('0034-OV-2010', 0)":"PARLAMENTARIA MIXTA REVISORA DE CUENTAS","('0034-OV-2010', 1)":null,"('0034-OV-2010', 2)":null},"('Firmantes', 'DISTRITO')":{"('0034-OV-2010', 0)":null,"('0034-OV-2010', 1)":null,"('0034-OV-2010', 2)":null},"('Firmantes', 'BLOQUE')":{"('0034-OV-2010', 0)":null,"('0034-OV-2010', 1)":null,"('0034-OV-2010', 2)":null},"('Tramites', 'C\u00c1MARA')":{"('0034-OV-2010', 0)":"Senado","('0034-OV-2010', 1)":"Diputados","('0034-OV-2010', 2)":"Senado"},"('Tramites', 'MOVIMIENTO')":{"('0034-OV-2010', 0)":"CONSIDERACION Y APROBACION","('0034-OV-2010', 1)":"PASA A DIPUTADOS -","('0034-OV-2010', 2)":"CONTESTACION DEL PODER EJECUTIVO NACIONAL - JEFE DE GABINETE DE MINISTROS - GIRADO A LA COMISION RESPECTIVA"},"('Tramites', 'FECHA')":{"('0034-OV-2010', 0)":"04\/05\/2011","('0034-OV-2010', 1)":null,"('0034-OV-2010', 2)":"14\/03\/2012"},"('Tramites', 'RESULTADO')":{"('0034-OV-2010', 0)":"APROBADO","('0034-OV-2010', 1)":null,"('0034-OV-2010', 2)":null},"Link":{"('0034-OV-2010', 0)":"http:\/\/www.senado.gov.ar\/parlamentario\/comisiones\/verExp\/34.10\/OV\/PR","('0034-OV-2010', 1)":null,"('0034-OV-2010', 2)":null},"Palabra Clave":{"('0034-OV-2010', 0)":" ","('0034-OV-2010', 1)":null,"('0034-OV-2010', 2)":null}}