{"Tipo de Proyecto":{"('0035-JGM-2010', 0)":"MENSAJE NRO: 0524\/10","('0035-JGM-2010', 1)":null,"('0035-JGM-2010', 2)":null},"Iniciado en: ":{"('0035-JGM-2010', 0)":"Diputados","('0035-JGM-2010', 1)":null,"('0035-JGM-2010', 2)":null},"Expediente Diputados: ":{"('0035-JGM-2010', 0)":"0035-JGM-2010","('0035-JGM-2010', 1)":null,"('0035-JGM-2010', 2)":null},"Publicado en: ":{"('0035-JGM-2010', 0)":"Tr\u00e1mite Parlamentario N\u00b0 101","('0035-JGM-2010', 1)":null,"('0035-JGM-2010', 2)":null},"Fecha: ":{"('0035-JGM-2010', 0)":"23\/07\/2010","('0035-JGM-2010', 1)":null,"('0035-JGM-2010', 2)":null},"T\u00edtulo":{"('0035-JGM-2010', 0)":"COMUNICACION DEL DECRETO 901\/10, POR EL CUAL SE PRORROGA POR EL TERMINO DE 360 DIAS LA SUSPENSION DE LA EXPORTACION PARA CONSUMO DE DESPERDICIOS Y DESECHOS DE METALES FERROSOS ESTABLECIDO MEDIANTE RESOLUCION CONJUNTA 1\/09 DEL EX MINISTERIO DE PRODUCCION Y 2\/09 DEL MINISTERIO DE ECONOMIA Y FINANZAS PUBLICAS. ","('0035-JGM-2010', 1)":null,"('0035-JGM-2010', 2)":null},"('Firmantes', 'FIRMANTE')":{"('0035-JGM-2010', 0)":"FERNANDEZ, ANIBAL","('0035-JGM-2010', 1)":"BOUDOU, AMADO","('0035-JGM-2010', 2)":"GIORGI, DEBORA"},"('Firmantes', 'DISTRITO')":{"('0035-JGM-2010', 0)":null,"('0035-JGM-2010', 1)":null,"('0035-JGM-2010', 2)":null},"('Firmantes', 'BLOQUE')":{"('0035-JGM-2010', 0)":"PODER EJECUTIVO","('0035-JGM-2010', 1)":"PODER EJECUTIVO","('0035-JGM-2010', 2)":"PODER EJECUTIVO"},"('Giros', 'COMISI\u00d3N')":{"('0035-JGM-2010', 0)":"BICAMERAL PERMANENTE DE TRAMITE LEGISLATIVO - LEY 26122","('0035-JGM-2010', 1)":null,"('0035-JGM-2010', 2)":null},"('Tramites', 'C\u00c1MARA')":{"('0035-JGM-2010', 0)":"Diputados","('0035-JGM-2010', 1)":null,"('0035-JGM-2010', 2)":null},"('Tramites', 'MOVIMIENTO')":{"('0035-JGM-2010', 0)":"CONSIDERACION Y APROBACION (DEL DICTAMEN II)","('0035-JGM-2010', 1)":null,"('0035-JGM-2010', 2)":null},"('Tramites', 'FECHA')":{"('0035-JGM-2010', 0)":"19\/11\/2014","('0035-JGM-2010', 1)":null,"('0035-JGM-2010', 2)":null},"('Tramites', 'RESULTADO')":{"('0035-JGM-2010', 0)":"APROBADO","('0035-JGM-2010', 1)":null,"('0035-JGM-2010', 2)":null},"Link":{"('0035-JGM-2010', 0)":"https:\/\/www4.hcdn.gob.ar\/dependencias\/dsecretaria\/Periodo2010\/PDF2010\/TP2010\/0035-JGM-10.pdf","('0035-JGM-2010', 1)":null,"('0035-JGM-2010', 2)":null},"Palabra Clave":{"('0035-JGM-2010', 0)":" ","('0035-JGM-2010', 1)":null,"('0035-JGM-2010', 2)":null}}