{"Tipo de Proyecto":{"('0035-D-2010', 0)":"PROYECTO DE LEY","('0035-D-2010', 1)":null,"('0035-D-2010', 2)":null},"Iniciado en: ":{"('0035-D-2010', 0)":"Diputados","('0035-D-2010', 1)":null,"('0035-D-2010', 2)":null},"Expediente Diputados: ":{"('0035-D-2010', 0)":"0035-D-2010","('0035-D-2010', 1)":null,"('0035-D-2010', 2)":null},"Publicado en: ":{"('0035-D-2010', 0)":"Tr\u00e1mite Parlamentario N\u00b0 3","('0035-D-2010', 1)":null,"('0035-D-2010', 2)":null},"Fecha: ":{"('0035-D-2010', 0)":"02\/03\/2010","('0035-D-2010', 1)":null,"('0035-D-2010', 2)":null},"T\u00edtulo":{"('0035-D-2010', 0)":"SISTEMA INTEGRADO DE JUBILACIONES Y PENSIONES, LEY 24241: MODIFICACION DEL ARTICULO 53, SOBRE BENEFICIARIOS DE LA PENSION EN CASO DE MUERTE DEL JUBILADO (REPRODUCCION DEL EXPEDIENTE 0011-D-08).","('0035-D-2010', 1)":null,"('0035-D-2010', 2)":null},"('Firmantes', 'FIRMANTE')":{"('0035-D-2010', 0)":"GIUDICI, SILVANA MYRIAM","('0035-D-2010', 1)":null,"('0035-D-2010', 2)":null},"('Firmantes', 'DISTRITO')":{"('0035-D-2010', 0)":"CIUDAD de BUENOS AIRES","('0035-D-2010', 1)":null,"('0035-D-2010', 2)":null},"('Firmantes', 'BLOQUE')":{"('0035-D-2010', 0)":"UCR","('0035-D-2010', 1)":null,"('0035-D-2010', 2)":null},"('Giros', 'COMISI\u00d3N')":{"('0035-D-2010', 0)":"PREVISION Y SEGURIDAD SOCIAL","('0035-D-2010', 1)":"FAMILIA, MUJER, NI\u00d1EZ Y ADOLESCENCIA","('0035-D-2010', 2)":"PRESUPUESTO Y HACIENDA"},"Palabra Clave":{"('0035-D-2010', 0)":" ","('0035-D-2010', 1)":null,"('0035-D-2010', 2)":null}}