{"Tipo de Proyecto":{"('0035-S-2010', 0)":"PROYECTO DE LEY"},"Iniciado en: ":{"('0035-S-2010', 0)":"Senado"},"Expediente Senado: ":{"('0035-S-2010', 0)":"0035-S-2010"},"Publicado en: ":{"('0035-S-2010', 0)":"Diario de Asuntos Entrados N\u00b0 3"},"Fecha: ":{"('0035-S-2010', 0)":"02\/03\/2010"},"T\u00edtulo":{"('0035-S-2010', 0)":"LEY 25520, DE INTELIGENCIA NACIONAL: MODIFICACION DEL ARTICULO 21, REFERENTE A LA TRANSFERENCIA DIRECCION DE OBSERVACIONES JUDICIALES (DOJ) , AL AMBITO DEL PODER JUDICIAL."},"('Firmantes', 'FIRMANTE')":{"('0035-S-2010', 0)":"ESCUDERO, SONIA MARGARITA"},"('Firmantes', 'DISTRITO')":{"('0035-S-2010', 0)":"SALTA"},"('Firmantes', 'BLOQUE')":{"('0035-S-2010', 0)":"JUSTICIALISTA 8 DE OCTUBRE"},"('Tramites', 'C\u00c1MARA')":{"('0035-S-2010', 0)":"Senado"},"('Tramites', 'MOVIMIENTO')":{"('0035-S-2010', 0)":"REPRODUCIDO POR EXPEDIENTE 0250-S-12"},"('Tramites', 'FECHA')":{"('0035-S-2010', 0)":null},"('Tramites', 'RESULTADO')":{"('0035-S-2010', 0)":null},"Link":{"('0035-S-2010', 0)":"http:\/\/www.senado.gov.ar\/parlamentario\/comisiones\/verExp\/35.10\/S\/PL"},"Palabra Clave":{"('0035-S-2010', 0)":" "}}