{"Tipo de Proyecto":{"('0036-JGM-2010', 0)":"MENSAJE NRO: 0532\/10","('0036-JGM-2010', 1)":null},"Iniciado en: ":{"('0036-JGM-2010', 0)":"Diputados","('0036-JGM-2010', 1)":null},"Expediente Diputados: ":{"('0036-JGM-2010', 0)":"0036-JGM-2010","('0036-JGM-2010', 1)":null},"Publicado en: ":{"('0036-JGM-2010', 0)":"Tr\u00e1mite Parlamentario N\u00b0 103","('0036-JGM-2010', 1)":null},"Fecha: ":{"('0036-JGM-2010', 0)":"02\/08\/2010","('0036-JGM-2010', 1)":null},"T\u00edtulo":{"('0036-JGM-2010', 0)":"COMUNICACION DEL DECRETO 1026\/10 POR EL CUAL SE APRUEBA  EL CONTRATO DE PRESTAMO DESTINADO A FINANCIAR EL PROGRAMA DE ESTUDIOS EN EL SECTOR ENERGETICO EN LA REPUBLICA ARGENTINA, A SUSCRIBIRSE ENTRE LA REPUBLICA ARGENTINA Y LA CORPORACION ANDINA DE FOMENTO (CAF).","('0036-JGM-2010', 1)":null},"('Firmantes', 'FIRMANTE')":{"('0036-JGM-2010', 0)":"FERNANDEZ, ANIBAL","('0036-JGM-2010', 1)":"BOUDOU, AMADO"},"('Firmantes', 'DISTRITO')":{"('0036-JGM-2010', 0)":null,"('0036-JGM-2010', 1)":null},"('Firmantes', 'BLOQUE')":{"('0036-JGM-2010', 0)":"PODER EJECUTIVO","('0036-JGM-2010', 1)":"PODER EJECUTIVO"},"('Giros', 'COMISI\u00d3N')":{"('0036-JGM-2010', 0)":"BICAMERAL PERMANENTE DE TRAMITE LEGISLATIVO - LEY 26122","('0036-JGM-2010', 1)":null},"Palabra Clave":{"('0036-JGM-2010', 0)":" ","('0036-JGM-2010', 1)":null}}