{"Tipo de Proyecto":{"('0038-D-2010', 0)":"PROYECTO DE LEY","('0038-D-2010', 1)":null},"Iniciado en: ":{"('0038-D-2010', 0)":"Diputados","('0038-D-2010', 1)":null},"Expediente Diputados: ":{"('0038-D-2010', 0)":"0038-D-2010","('0038-D-2010', 1)":null},"Publicado en: ":{"('0038-D-2010', 0)":"Tr\u00e1mite Parlamentario N\u00b0 3","('0038-D-2010', 1)":null},"Fecha: ":{"('0038-D-2010', 0)":"02\/03\/2010","('0038-D-2010', 1)":null},"T\u00edtulo":{"('0038-D-2010', 0)":"LICENCIA POR MATERNIDAD, LEY 24716: MODIFICACION DEL ARTICULO 1, SOBRE EXTENSION EN CASO DE NACIMIENTO DE HIJO\/S CON DISCAPACIDAD O PATOLOGIAS QUE REQUIERAN CUIDADOS INTENSIVOS PROLONGADOS (REPRODUCCION DEL EXPEDIENTE 0657-D-08).","('0038-D-2010', 1)":null},"('Firmantes', 'FIRMANTE')":{"('0038-D-2010', 0)":"GIUDICI, SILVANA MYRIAM","('0038-D-2010', 1)":"BERTOL, PAULA MARIA"},"('Firmantes', 'DISTRITO')":{"('0038-D-2010', 0)":"CIUDAD de BUENOS AIRES","('0038-D-2010', 1)":"CIUDAD de BUENOS AIRES"},"('Firmantes', 'BLOQUE')":{"('0038-D-2010', 0)":"UCR","('0038-D-2010', 1)":"PRO"},"('Giros', 'COMISI\u00d3N')":{"('0038-D-2010', 0)":"LEGISLACION DEL TRABAJO","('0038-D-2010', 1)":"FAMILIA, MUJER, NI\u00d1EZ Y ADOLESCENCIA"},"('Tramites', 'C\u00c1MARA')":{"('0038-D-2010', 0)":"Diputados","('0038-D-2010', 1)":"Diputados"},"('Tramites', 'MOVIMIENTO')":{"('0038-D-2010', 0)":"SOLICITUD DE SER COFIRMANTE DE LA DIPUTADA BERTOL (A SUS ANTECEDENTES)","('0038-D-2010', 1)":"REPRODUCIDO POR EXPEDIENTE 7746-D-12"},"('Tramites', 'FECHA')":{"('0038-D-2010', 0)":"14\/07\/2010","('0038-D-2010', 1)":null},"('Tramites', 'RESULTADO')":{"('0038-D-2010', 0)":null,"('0038-D-2010', 1)":null},"Palabra Clave":{"('0038-D-2010', 0)":" ","('0038-D-2010', 1)":null}}