{"Tipo de Proyecto":{"('0038-S-2010', 0)":"PROYECTO DE LEY"},"Iniciado en: ":{"('0038-S-2010', 0)":"Senado"},"Expediente Senado: ":{"('0038-S-2010', 0)":"0038-S-2010"},"Publicado en: ":{"('0038-S-2010', 0)":"Diario de Asuntos Entrados N\u00b0 3"},"Fecha: ":{"('0038-S-2010', 0)":"02\/03\/2010"},"T\u00edtulo":{"('0038-S-2010', 0)":"MODIFICACION DEL CODIGO CIVIL EN RELACION A LOS DERECHOS DE LOS CONVIVIENTES (REPRODUCCION DEL EXPEDIENTE 3603-S-06) (REPRODUCCION DEL EXPEDIENTE 0271-S-08)."},"('Firmantes', 'FIRMANTE')":{"('0038-S-2010', 0)":"ESCUDERO, SONIA MARGARITA"},"('Firmantes', 'DISTRITO')":{"('0038-S-2010', 0)":"SALTA"},"('Firmantes', 'BLOQUE')":{"('0038-S-2010', 0)":"JUSTICIALISTA 8 DE OCTUBRE"},"Sumario":{"('0038-S-2010', 0)":"MODIFICACION DEL INCISO 1) DEL ARTICULO 144 (ESPOSO O ESPOSA NO SEPARADOS PERSONALMENTE O DIVORCIADOS VINCULARMENTE), ARTICULO 393 (TUTELA), INCISO 12 DEL ARTICULO 398 (PLEITO CON EL MENOR SOBRE SU ESTADO, O SUS BIENES) Y ARTICULO 476 (CURADOR LEGITIMO)."},"Palabra Clave":{"('0038-S-2010', 0)":" "}}