{"Tipo de Proyecto":{"('0040-D-2010', 0)":"PROYECTO DE LEY","('0040-D-2010', 1)":null,"('0040-D-2010', 2)":null,"('0040-D-2010', 3)":null,"('0040-D-2010', 4)":null,"('0040-D-2010', 5)":null,"('0040-D-2010', 6)":null},"Iniciado en: ":{"('0040-D-2010', 0)":"Diputados","('0040-D-2010', 1)":null,"('0040-D-2010', 2)":null,"('0040-D-2010', 3)":null,"('0040-D-2010', 4)":null,"('0040-D-2010', 5)":null,"('0040-D-2010', 6)":null},"Expediente Diputados: ":{"('0040-D-2010', 0)":"0040-D-2010","('0040-D-2010', 1)":null,"('0040-D-2010', 2)":null,"('0040-D-2010', 3)":null,"('0040-D-2010', 4)":null,"('0040-D-2010', 5)":null,"('0040-D-2010', 6)":null},"Publicado en: ":{"('0040-D-2010', 0)":"Tr\u00e1mite Parlamentario N\u00b0 3","('0040-D-2010', 1)":null,"('0040-D-2010', 2)":null,"('0040-D-2010', 3)":null,"('0040-D-2010', 4)":null,"('0040-D-2010', 5)":null,"('0040-D-2010', 6)":null},"Fecha: ":{"('0040-D-2010', 0)":"02\/03\/2010","('0040-D-2010', 1)":null,"('0040-D-2010', 2)":null,"('0040-D-2010', 3)":null,"('0040-D-2010', 4)":null,"('0040-D-2010', 5)":null,"('0040-D-2010', 6)":null},"T\u00edtulo":{"('0040-D-2010', 0)":"REGLAMENTACION DEL DERECHO DE ACCESO A LA INFORMACION DE CUALQUIER ORGANO PERTENECIENTE AL SECTOR PUBLICO NACIONAL: LEGITIMACION, PRINCIPIO DE PUBLICIDAD, EXCEPCIONES AL DERECHO, CLASIFICACION, CONTROL JUDICIAL, DENEGATORIA, ACCION DE AMPARO, CREACION DE LA COMISION NACIONAL DE TRANSPARENCIA Y ACCESO A LA INFORMACION (REPRODUCCION DEL EXPEDIENTE 2557-D-08).","('0040-D-2010', 1)":null,"('0040-D-2010', 2)":null,"('0040-D-2010', 3)":null,"('0040-D-2010', 4)":null,"('0040-D-2010', 5)":null,"('0040-D-2010', 6)":null},"('Firmantes', 'FIRMANTE')":{"('0040-D-2010', 0)":"GIUDICI, SILVANA MYRIAM","('0040-D-2010', 1)":"BERTOL, PAULA MARIA","('0040-D-2010', 2)":"CUSINATO, GUSTAVO","('0040-D-2010', 3)":null,"('0040-D-2010', 4)":null,"('0040-D-2010', 5)":null,"('0040-D-2010', 6)":null},"('Firmantes', 'DISTRITO')":{"('0040-D-2010', 0)":"CIUDAD de BUENOS AIRES","('0040-D-2010', 1)":"CIUDAD de BUENOS AIRES","('0040-D-2010', 2)":"ENTRE RIOS","('0040-D-2010', 3)":null,"('0040-D-2010', 4)":null,"('0040-D-2010', 5)":null,"('0040-D-2010', 6)":null},"('Firmantes', 'BLOQUE')":{"('0040-D-2010', 0)":"UCR","('0040-D-2010', 1)":"PRO","('0040-D-2010', 2)":"UCR","('0040-D-2010', 3)":null,"('0040-D-2010', 4)":null,"('0040-D-2010', 5)":null,"('0040-D-2010', 6)":null},"('Giros', 'COMISI\u00d3N')":{"('0040-D-2010', 0)":"ASUNTOS CONSTITUCIONALES","('0040-D-2010', 1)":"JUSTICIA","('0040-D-2010', 2)":"PRESUPUESTO Y HACIENDA","('0040-D-2010', 3)":null,"('0040-D-2010', 4)":null,"('0040-D-2010', 5)":null,"('0040-D-2010', 6)":null},"('Tramites', 'C\u00c1MARA')":{"('0040-D-2010', 0)":"Diputados","('0040-D-2010', 1)":"Diputados","('0040-D-2010', 2)":"Diputados","('0040-D-2010', 3)":"Diputados","('0040-D-2010', 4)":"Diputados","('0040-D-2010', 5)":"Diputados","('0040-D-2010', 6)":"Diputados"},"('Tramites', 'MOVIMIENTO')":{"('0040-D-2010', 0)":"MOCION DE PREFERENCIA PARA LA PROXIMA SESION CON DICTAMEN (AFIRMATIVA)","('0040-D-2010', 1)":"MOCION DE PREFERENCIA PARA LA PROXIMA SESION CON DICTAMEN (AFIRMATIVA)","('0040-D-2010', 2)":"MOCION DE PREFERENCIA PARA LA PROXIMA SESION CON DICTAMEN (AFIRMATIVA)","('0040-D-2010', 3)":"MOCION DE PREFERENCIA PARA LA PROXIMA SESION CON DICTAMEN (AFIRMATIVA)","('0040-D-2010', 4)":"MOCION DE PREFERENCIA PARA LA PROXIMA SESION CON DICTAMEN (AFIRMATIVA)","('0040-D-2010', 5)":"MOCION DE PREFERENCIA PARA LA PROXIMA SESION CON DICTAMEN (AFIRMATIVA)","('0040-D-2010', 6)":"MOCION DE PREFERENCIA PARA LA PROXIMA SESION CON DICTAMEN (AFIRMATIVA)"},"('Tramites', 'FECHA')":{"('0040-D-2010', 0)":"12\/05\/2010","('0040-D-2010', 1)":"23\/06\/2010","('0040-D-2010', 2)":"30\/06\/2010","('0040-D-2010', 3)":"14\/07\/2010","('0040-D-2010', 4)":"04\/08\/2010","('0040-D-2010', 5)":"11\/08\/2010","('0040-D-2010', 6)":"18\/08\/2010"},"('Tramites', 'RESULTADO')":{"('0040-D-2010', 0)":null,"('0040-D-2010', 1)":null,"('0040-D-2010', 2)":null,"('0040-D-2010', 3)":null,"('0040-D-2010', 4)":null,"('0040-D-2010', 5)":null,"('0040-D-2010', 6)":null},"Palabra Clave":{"('0040-D-2010', 0)":" ","('0040-D-2010', 1)":null,"('0040-D-2010', 2)":null,"('0040-D-2010', 3)":null,"('0040-D-2010', 4)":null,"('0040-D-2010', 5)":null,"('0040-D-2010', 6)":null}}