{"Tipo de Proyecto":{"('0042-S-2010', 0)":"PROYECTO DE LEY"},"Iniciado en: ":{"('0042-S-2010', 0)":"Senado"},"Expediente Senado: ":{"('0042-S-2010', 0)":"0042-S-2010"},"Publicado en: ":{"('0042-S-2010', 0)":"Diario de Asuntos Entrados N\u00b0 4"},"Fecha: ":{"('0042-S-2010', 0)":"02\/03\/2010"},"T\u00edtulo":{"('0042-S-2010', 0)":"ESTABLECER LOS DERECHOS DE PROPIEDAD INTELECTUAL DE LOS PUEBLOS INDIGENAS (REPRODUCCION DEL EXPEDIENTE 0285-S-08)."},"('Firmantes', 'FIRMANTE')":{"('0042-S-2010', 0)":"ESCUDERO, SONIA MARGARITA"},"('Firmantes', 'DISTRITO')":{"('0042-S-2010', 0)":"SALTA"},"('Firmantes', 'BLOQUE')":{"('0042-S-2010', 0)":"JUSTICIALISTA 8 DE OCTUBRE"},"('Tramites', 'C\u00c1MARA')":{"('0042-S-2010', 0)":"Senado"},"('Tramites', 'MOVIMIENTO')":{"('0042-S-2010', 0)":"REPRODUCIDO POR EXPEDIENTE 0065-S-12"},"('Tramites', 'FECHA')":{"('0042-S-2010', 0)":null},"('Tramites', 'RESULTADO')":{"('0042-S-2010', 0)":null},"Sumario":{"('0042-S-2010', 0)":"DEFINICIONES; REGISTRO DE CONOCIMIENTOS TRADICIONALES; CREACION DEL REGISTRO NACIONAL DE PROTECCION A LOS CONOCIMIENTOS TRADICIONALES DENTRO DEL INSTITUTO NACIONAL DE ASUNTOS INDIGENAS (INAI); DIRECCION DEL REGISTRO; ELEMENTOS REGISTRABLES; CONTRATOS DE LICENCIA; REGISTRO Y VALIDACION; PROTECCION DEL REGIMEN SUI GENERIS; SANCIONES APLICABLES."},"Palabra Clave":{"('0042-S-2010', 0)":" "}}