{"Tipo de Proyecto":{"('0043-D-2010', 0)":"PROYECTO DE LEY"},"Iniciado en: ":{"('0043-D-2010', 0)":"Diputados"},"Expediente Diputados: ":{"('0043-D-2010', 0)":"0043-D-2010"},"Publicado en: ":{"('0043-D-2010', 0)":"Tr\u00e1mite Parlamentario N\u00b0 3"},"Fecha: ":{"('0043-D-2010', 0)":"02\/03\/2010"},"T\u00edtulo":{"('0043-D-2010', 0)":"REGIMEN DE LA ACCION DE \"HABEAS NORMA\", CON EL OBJETO DE PROTEGER LOS DERECHOS CONSTITUCIONALES O LEGALES QUE NO PUEDAN SER EJERCIDOS POR FALTA DE UNA NORMA REGLAMENTARIA QUE LO TORNE OPERATIVO  (REPRODUCCION DEL EXPEDIENTE 0207-D-08)."},"('Firmantes', 'FIRMANTE')":{"('0043-D-2010', 0)":"COMELLI, ALICIA MARCELA"},"('Firmantes', 'DISTRITO')":{"('0043-D-2010', 0)":"NEUQUEN"},"('Firmantes', 'BLOQUE')":{"('0043-D-2010', 0)":"MOV POP NEUQUINO"},"('Giros', 'COMISI\u00d3N')":{"('0043-D-2010', 0)":"JUSTICIA"},"('Tramites', 'C\u00c1MARA')":{"('0043-D-2010', 0)":"Diputados"},"('Tramites', 'MOVIMIENTO')":{"('0043-D-2010', 0)":"REPRODUCIDO POR EXPEDIENTE 0029-D-12"},"('Tramites', 'FECHA')":{"('0043-D-2010', 0)":null},"('Tramites', 'RESULTADO')":{"('0043-D-2010', 0)":null},"Palabra Clave":{"('0043-D-2010', 0)":" "}}