{"Tipo de Proyecto":{"('0043-JGM-2010', 0)":"MENSAJE NRO: 0656\/10","('0043-JGM-2010', 1)":null},"Iniciado en: ":{"('0043-JGM-2010', 0)":"Diputados","('0043-JGM-2010', 1)":null},"Expediente Diputados: ":{"('0043-JGM-2010', 0)":"0043-JGM-2010","('0043-JGM-2010', 1)":null},"Publicado en: ":{"('0043-JGM-2010', 0)":"Tr\u00e1mite Parlamentario N\u00b0 131","('0043-JGM-2010', 1)":null},"Fecha: ":{"('0043-JGM-2010', 0)":"10\/09\/2010","('0043-JGM-2010', 1)":null},"T\u00edtulo":{"('0043-JGM-2010', 0)":"COMUNICACION DEL DECRETO 1193\/10 POR EL CUAL SE ESTABLECE QUE LA JUNTA DE INVESTIGACION DE ACCIDENTES DE LA AVIACION CIVIL (JIAAC), DESARROLLARA SU ACCION COMO ORGANISMO DESCENTRALIZADO EN LA ORBITA DE LA SECRETARIA DE TRANSPORTE DEL MINISTERIO DE PLANIFICACION FEDERAL, INVERSION PUBLICA Y SERVICIOS.","('0043-JGM-2010', 1)":null},"('Firmantes', 'FIRMANTE')":{"('0043-JGM-2010', 0)":"FERNANDEZ, ANIBAL","('0043-JGM-2010', 1)":"DE VIDO, JULIO"},"('Firmantes', 'DISTRITO')":{"('0043-JGM-2010', 0)":null,"('0043-JGM-2010', 1)":null},"('Firmantes', 'BLOQUE')":{"('0043-JGM-2010', 0)":"PODER EJECUTIVO","('0043-JGM-2010', 1)":"PODER EJECUTIVO"},"('Giros', 'COMISI\u00d3N')":{"('0043-JGM-2010', 0)":"BICAMERAL PERMANENTE DE TRAMITE LEGISLATIVO - LEY 26122","('0043-JGM-2010', 1)":null},"('Tramites', 'C\u00c1MARA')":{"('0043-JGM-2010', 0)":"Diputados","('0043-JGM-2010', 1)":null},"('Tramites', 'MOVIMIENTO')":{"('0043-JGM-2010', 0)":"CONSIDERACION Y APROBACION","('0043-JGM-2010', 1)":null},"('Tramites', 'FECHA')":{"('0043-JGM-2010', 0)":"24\/10\/2012","('0043-JGM-2010', 1)":null},"('Tramites', 'RESULTADO')":{"('0043-JGM-2010', 0)":"APROBADO","('0043-JGM-2010', 1)":null},"Link":{"('0043-JGM-2010', 0)":"https:\/\/www4.hcdn.gob.ar\/dependencias\/dsecretaria\/Periodo2010\/PDF2010\/TP2010\/0043-JGM-10.pdf","('0043-JGM-2010', 1)":null},"Palabra Clave":{"('0043-JGM-2010', 0)":" ","('0043-JGM-2010', 1)":null}}