{"Tipo de Proyecto":{"('0045-D-2010', 0)":"PROYECTO DE LEY","('0045-D-2010', 1)":null},"Iniciado en: ":{"('0045-D-2010', 0)":"Diputados","('0045-D-2010', 1)":null},"Expediente Diputados: ":{"('0045-D-2010', 0)":"0045-D-2010","('0045-D-2010', 1)":null},"Publicado en: ":{"('0045-D-2010', 0)":"Tr\u00e1mite Parlamentario N\u00b0 3","('0045-D-2010', 1)":null},"Fecha: ":{"('0045-D-2010', 0)":"02\/03\/2010","('0045-D-2010', 1)":null},"T\u00edtulo":{"('0045-D-2010', 0)":"TRANSITO, LEY 24449: SUSTITUCION DEL INCISO G) DEL ARTICULO 5 (DEFINICION DE BICICLETA, SISTEMA DE ILUMINACION), DEL ARTICULO 28 (RESPONSABILIDAD SOBRE LA SEGURIDAD, AUTOMOTORES, SISTEMA DE ILUMINACION); SUSTITUCION DEL APARTADO 7 DEL INCISO A) Y DEL INCISO K) DEL ARTICULO 29 (CONDICIONES DE SEGURIDAD); SUSTITUCION DEL APARTADO 2 DEL INCISO I) DEL ARTICULO 31 (REPRODUCCION DEL EXPEDIENTE 2602-D-08).","('0045-D-2010', 1)":null},"('Firmantes', 'FIRMANTE')":{"('0045-D-2010', 0)":"COMELLI, ALICIA MARCELA","('0045-D-2010', 1)":null},"('Firmantes', 'DISTRITO')":{"('0045-D-2010', 0)":"NEUQUEN","('0045-D-2010', 1)":null},"('Firmantes', 'BLOQUE')":{"('0045-D-2010', 0)":"MOV POP NEUQUINO","('0045-D-2010', 1)":null},"('Giros', 'COMISI\u00d3N')":{"('0045-D-2010', 0)":"TRANSPORTES","('0045-D-2010', 1)":"INDUSTRIA"},"('Tramites', 'C\u00c1MARA')":{"('0045-D-2010', 0)":"Diputados","('0045-D-2010', 1)":null},"('Tramites', 'MOVIMIENTO')":{"('0045-D-2010', 0)":"REPRODUCIDO POR EXPEDIENTE 0036-D-12","('0045-D-2010', 1)":null},"('Tramites', 'FECHA')":{"('0045-D-2010', 0)":null,"('0045-D-2010', 1)":null},"('Tramites', 'RESULTADO')":{"('0045-D-2010', 0)":null,"('0045-D-2010', 1)":null},"Palabra Clave":{"('0045-D-2010', 0)":" ","('0045-D-2010', 1)":null}}