{"Tipo de Proyecto":{"('0045-S-2010', 0)":"PROYECTO DE LEY"},"Iniciado en: ":{"('0045-S-2010', 0)":"Senado"},"Expediente Senado: ":{"('0045-S-2010', 0)":"0045-S-2010"},"Publicado en: ":{"('0045-S-2010', 0)":"Diario de Asuntos Entrados N\u00b0 4"},"Fecha: ":{"('0045-S-2010', 0)":"02\/03\/2010"},"T\u00edtulo":{"('0045-S-2010', 0)":"SISTEMA DE CONSULTA A PUEBLOS Y COMUNIDADES INDIGENA (REPRODUCCION DEL EXPEDIENTE 0288-S-08)."},"('Firmantes', 'FIRMANTE')":{"('0045-S-2010', 0)":"ESCUDERO, SONIA MARGARITA"},"('Firmantes', 'DISTRITO')":{"('0045-S-2010', 0)":"SALTA"},"('Firmantes', 'BLOQUE')":{"('0045-S-2010', 0)":"JUSTICIALISTA 8 DE OCTUBRE"},"('Tramites', 'C\u00c1MARA')":{"('0045-S-2010', 0)":"Senado"},"('Tramites', 'MOVIMIENTO')":{"('0045-S-2010', 0)":"REPRODUCIDO POR EXPEDIENTE 0066-S-12"},"('Tramites', 'FECHA')":{"('0045-S-2010', 0)":null},"('Tramites', 'RESULTADO')":{"('0045-S-2010', 0)":null},"Sumario":{"('0045-S-2010', 0)":"OBJETIVOS; DEFINICIONES; SUJETOS DE CONSULTA; CONVOCATORIA; COORDINACION EJECUTIVA DEL SISTEMA DE CONSULTA INDIGENA; GRUPO TECNICO OPERATIVO; MODALIDADES DE LA CONSULTA Y SUS INTRUMENTOS TECNICOS; RESULTADO; SANCIONES; DIFUSION POR EL INAI."},"Palabra Clave":{"('0045-S-2010', 0)":" "}}