{"Tipo de Proyecto":{"('0045-OV-2010', 0)":"PROYECTO DE RESOLUCI\u00d3N"},"Iniciado en: ":{"('0045-OV-2010', 0)":"Senado"},"Expediente Senado: ":{"('0045-OV-2010', 0)":"0045-OV-2010"},"Fecha: ":{"('0045-OV-2010', 0)":"07\/04\/2011"},"T\u00edtulo":{"('0045-OV-2010', 0)":"PEDIDO DE INFORMES AL PODER EJECUTIVO SOBRE LAS MEDIDAS ADOPTADAS PARA REGULARIZAR LAS SITUACIONES OBSERVADAS POR LA AUDITORIA GENERAL DE LA NACION (0045-OV-10), EN SU EXAMEN SOBRE LAS TRANSFERENCIAS DE FONDOS NACIONALES A MUNICIPIOS EN EL MARCO DEL PROGRAMA 50 -FORMULACION, PROGRAMACION, EJECUCION Y CONTROL DE OBRAS PUBLICAS- MINISTERIO DE PLANIFICACION FEDERAL, INVERSION PUBLICA Y SERVICIOS; PERIODO AUDITADO: EJERCICIO 2007."},"('Firmantes', 'FIRMANTE')":{"('0045-OV-2010', 0)":"PARLAMENTARIA MIXTA REVISORA DE CUENTAS"},"('Firmantes', 'DISTRITO')":{"('0045-OV-2010', 0)":null},"('Firmantes', 'BLOQUE')":{"('0045-OV-2010', 0)":null},"Link":{"('0045-OV-2010', 0)":"http:\/\/www.senado.gov.ar\/parlamentario\/comisiones\/verExp\/45.10\/OV\/PR"},"Palabra Clave":{"('0045-OV-2010', 0)":" "}}