{"Tipo de Proyecto":{"('0047-S-2010', 0)":"PROYECTO DE LEY","('0047-S-2010', 1)":null,"('0047-S-2010', 2)":null,"('0047-S-2010', 3)":null},"Iniciado en: ":{"('0047-S-2010', 0)":"Senado","('0047-S-2010', 1)":null,"('0047-S-2010', 2)":null,"('0047-S-2010', 3)":null},"Expediente Diputados: ":{"('0047-S-2010', 0)":"0047-S-2010","('0047-S-2010', 1)":null,"('0047-S-2010', 2)":null,"('0047-S-2010', 3)":null},"Expediente Senado: ":{"('0047-S-2010', 0)":"0247-S-2010","('0047-S-2010', 1)":null,"('0047-S-2010', 2)":null,"('0047-S-2010', 3)":null},"Publicado en: ":{"('0047-S-2010', 0)":"Diario de Asuntos Entrados N\u00b0 14","('0047-S-2010', 1)":null,"('0047-S-2010', 2)":null,"('0047-S-2010', 3)":null},"Fecha: ":{"('0047-S-2010', 0)":"14\/03\/2010","('0047-S-2010', 1)":null,"('0047-S-2010', 2)":null,"('0047-S-2010', 3)":null},"T\u00edtulo":{"('0047-S-2010', 0)":"SUSTITUCION DEL ARTICULO 118 DE LA LEY 17418 (LEY DE SEGUROS) ELIMINANDO EL DOMICILIO DE LA ASEGURADORA COMO FACTOR DE ATRIBUCION DE COMPETENCIA.","('0047-S-2010', 1)":null,"('0047-S-2010', 2)":null,"('0047-S-2010', 3)":null},"('Firmantes', 'FIRMANTE')":{"('0047-S-2010', 0)":"GUINLE, MARCELO ALEJANDRO","('0047-S-2010', 1)":null,"('0047-S-2010', 2)":null,"('0047-S-2010', 3)":null},"('Firmantes', 'DISTRITO')":{"('0047-S-2010', 0)":"CHUBUT","('0047-S-2010', 1)":null,"('0047-S-2010', 2)":null,"('0047-S-2010', 3)":null},"('Firmantes', 'BLOQUE')":{"('0047-S-2010', 0)":"FRENTE PARA LA VICTORIA - PJ","('0047-S-2010', 1)":null,"('0047-S-2010', 2)":null,"('0047-S-2010', 3)":null},"('Giros', 'COMISI\u00d3N')":{"('0047-S-2010', 0)":"ECONOMIA","('0047-S-2010', 1)":"LEGISLACION GENERAL","('0047-S-2010', 2)":"JUSTICIA","('0047-S-2010', 3)":null},"('Tramites', 'C\u00c1MARA')":{"('0047-S-2010', 0)":"Senado","('0047-S-2010', 1)":"Senado","('0047-S-2010', 2)":"Diputados","('0047-S-2010', 3)":"Senado"},"('Tramites', 'MOVIMIENTO')":{"('0047-S-2010', 0)":"MOCION SOBRE TABLAS CON DICTAMEN (AFIRMATIVA)","('0047-S-2010', 1)":"CONSIDERACION Y APROBACION","('0047-S-2010', 2)":"PASA A DIPUTADOS -","('0047-S-2010', 3)":"REPRODUCIDO POR EXPEDIENTE 0120-S-12"},"('Tramites', 'FECHA')":{"('0047-S-2010', 0)":"09\/06\/2010","('0047-S-2010', 1)":"09\/06\/2010","('0047-S-2010', 2)":null,"('0047-S-2010', 3)":null},"('Tramites', 'RESULTADO')":{"('0047-S-2010', 0)":null,"('0047-S-2010', 1)":"MEDIA SANCION","('0047-S-2010', 2)":null,"('0047-S-2010', 3)":null},"Link":{"('0047-S-2010', 0)":"https:\/\/www4.hcdn.gob.ar\/dependencias\/dsecretaria\/Periodo2010\/PDF2010\/TP2010\/0047-S-10.pdf","('0047-S-2010', 1)":null,"('0047-S-2010', 2)":null,"('0047-S-2010', 3)":null},"Palabra Clave":{"('0047-S-2010', 0)":" ","('0047-S-2010', 1)":null,"('0047-S-2010', 2)":null,"('0047-S-2010', 3)":null}}