{"Tipo de Proyecto":{"('0047-D-2010', 0)":"PROYECTO DE LEY","('0047-D-2010', 1)":null},"Iniciado en: ":{"('0047-D-2010', 0)":"Diputados","('0047-D-2010', 1)":null},"Expediente Diputados: ":{"('0047-D-2010', 0)":"0047-D-2010","('0047-D-2010', 1)":null},"Publicado en: ":{"('0047-D-2010', 0)":"Tr\u00e1mite Parlamentario N\u00b0 3","('0047-D-2010', 1)":null},"Fecha: ":{"('0047-D-2010', 0)":"02\/03\/2010","('0047-D-2010', 1)":null},"T\u00edtulo":{"('0047-D-2010', 0)":"ACADEMIAS NACIONALES, LEY 24824: SUSTITUCION DEL ARTICULO 2 (PERCEPCION DE LA ACADEMIA NACIONAL DE FARMACIA Y BIOQUIMICA, DE LA CONTRIBUCION QUE ANUALMENTE SE FIJE EN EL PRESUPUESTO NACIONAL SEGUN ARTICULO 4 DEL DECRETO-LEY 4362\/55) (REPRODUCCION DEL EXPEDIENTE 3294-D-08).","('0047-D-2010', 1)":null},"('Firmantes', 'FIRMANTE')":{"('0047-D-2010', 0)":"COMELLI, ALICIA MARCELA","('0047-D-2010', 1)":null},"('Firmantes', 'DISTRITO')":{"('0047-D-2010', 0)":"NEUQUEN","('0047-D-2010', 1)":null},"('Firmantes', 'BLOQUE')":{"('0047-D-2010', 0)":"MOV POP NEUQUINO","('0047-D-2010', 1)":null},"('Giros', 'COMISI\u00d3N')":{"('0047-D-2010', 0)":"CIENCIA Y TECNOLOGIA","('0047-D-2010', 1)":"PRESUPUESTO Y HACIENDA"},"('Tramites', 'C\u00c1MARA')":{"('0047-D-2010', 0)":"Diputados","('0047-D-2010', 1)":"Diputados"},"('Tramites', 'MOVIMIENTO')":{"('0047-D-2010', 0)":"RESOLUCION DE PRESIDENCIA - AMPLIACION DE GIRO A LA COMISION DE CIENCIA Y TECNOLOGIA. SE SUPRIME EL GIRO A LA COMISION DE EDUCACION.","('0047-D-2010', 1)":"REPRODUCIDO POR EXPEDIENTE 0047-D-12"},"('Tramites', 'FECHA')":{"('0047-D-2010', 0)":"16\/03\/2011","('0047-D-2010', 1)":null},"('Tramites', 'RESULTADO')":{"('0047-D-2010', 0)":null,"('0047-D-2010', 1)":null},"Palabra Clave":{"('0047-D-2010', 0)":" ","('0047-D-2010', 1)":null}}