{"Tipo de Proyecto":{"('0048-JGM-2010', 0)":"MENSAJE NRO: 0741\/10","('0048-JGM-2010', 1)":null},"Iniciado en: ":{"('0048-JGM-2010', 0)":"Diputados","('0048-JGM-2010', 1)":null},"Expediente Diputados: ":{"('0048-JGM-2010', 0)":"0048-JGM-2010","('0048-JGM-2010', 1)":null},"Publicado en: ":{"('0048-JGM-2010', 0)":"Tr\u00e1mite Parlamentario N\u00b0 157","('0048-JGM-2010', 1)":null},"Fecha: ":{"('0048-JGM-2010', 0)":"19\/10\/2010","('0048-JGM-2010', 1)":null},"T\u00edtulo":{"('0048-JGM-2010', 0)":"COMUNICACION DEL DECRETO 1190\/2010 POR EL CUAL SE ADOPTAN LAS DISPOSICIONES DE LA DECISION 28 DEL 7 DE DICIEMBRE DE 2009 DEL CONSEJO DEL MERCADO COMUN, SOBRE MANTENER EXCEPCIONES AL ARANCEL EXTERNO COMUN HASTA 100 ITEMS ARANCELARIOS HASTA EL 31 DE DICIEMBRE DE 2011.","('0048-JGM-2010', 1)":null},"('Firmantes', 'FIRMANTE')":{"('0048-JGM-2010', 0)":"FERNANDEZ, ANIBAL","('0048-JGM-2010', 1)":"GIORGI, DEBORA"},"('Firmantes', 'DISTRITO')":{"('0048-JGM-2010', 0)":null,"('0048-JGM-2010', 1)":null},"('Firmantes', 'BLOQUE')":{"('0048-JGM-2010', 0)":"PODER EJECUTIVO","('0048-JGM-2010', 1)":"PODER EJECUTIVO"},"('Giros', 'COMISI\u00d3N')":{"('0048-JGM-2010', 0)":"BICAMERAL PERMANENTE DE TRAMITE LEGISLATIVO - LEY 26122","('0048-JGM-2010', 1)":null},"('Tramites', 'C\u00c1MARA')":{"('0048-JGM-2010', 0)":"Diputados","('0048-JGM-2010', 1)":null},"('Tramites', 'MOVIMIENTO')":{"('0048-JGM-2010', 0)":"CONSIDERACION Y APROBACION (DEL DICTAMEN 2)","('0048-JGM-2010', 1)":null},"('Tramites', 'FECHA')":{"('0048-JGM-2010', 0)":"19\/11\/2014","('0048-JGM-2010', 1)":null},"('Tramites', 'RESULTADO')":{"('0048-JGM-2010', 0)":"APROBADO","('0048-JGM-2010', 1)":null},"Link":{"('0048-JGM-2010', 0)":"https:\/\/www4.hcdn.gob.ar\/dependencias\/dsecretaria\/Periodo2010\/PDF2010\/TP2010\/0048-JGM-10.pdf","('0048-JGM-2010', 1)":null},"Palabra Clave":{"('0048-JGM-2010', 0)":" ","('0048-JGM-2010', 1)":null}}