{"Tipo de Proyecto":{"('0049-D-2010', 0)":"PROYECTO DE LEY","('0049-D-2010', 1)":null},"Iniciado en: ":{"('0049-D-2010', 0)":"Diputados","('0049-D-2010', 1)":null},"Expediente Diputados: ":{"('0049-D-2010', 0)":"0049-D-2010","('0049-D-2010', 1)":null},"Publicado en: ":{"('0049-D-2010', 0)":"Tr\u00e1mite Parlamentario N\u00b0 3","('0049-D-2010', 1)":null},"Fecha: ":{"('0049-D-2010', 0)":"02\/03\/2010","('0049-D-2010', 1)":null},"T\u00edtulo":{"('0049-D-2010', 0)":"DECLARACION DE INCONSTITUCIONALIDAD DE UNA NORMA NACIONAL DE CUALQUIER JERARQUIA: OBLIGACION DE LOS TRIBUNALES INTERVINIENTES DE COMUNICARLA AL CONGRESO DE LA NACION ","('0049-D-2010', 1)":null},"('Firmantes', 'FIRMANTE')":{"('0049-D-2010', 0)":"COMELLI, ALICIA MARCELA","('0049-D-2010', 1)":null},"('Firmantes', 'DISTRITO')":{"('0049-D-2010', 0)":"NEUQUEN","('0049-D-2010', 1)":null},"('Firmantes', 'BLOQUE')":{"('0049-D-2010', 0)":"MOV POP NEUQUINO","('0049-D-2010', 1)":null},"('Giros', 'COMISI\u00d3N')":{"('0049-D-2010', 0)":"JUSTICIA","('0049-D-2010', 1)":"ASUNTOS CONSTITUCIONALES"},"('Tramites', 'C\u00c1MARA')":{"('0049-D-2010', 0)":"Diputados","('0049-D-2010', 1)":null},"('Tramites', 'MOVIMIENTO')":{"('0049-D-2010', 0)":"REPRODUCIDO POR EXPEDIENTE 0048-D-12","('0049-D-2010', 1)":null},"('Tramites', 'FECHA')":{"('0049-D-2010', 0)":null,"('0049-D-2010', 1)":null},"('Tramites', 'RESULTADO')":{"('0049-D-2010', 0)":null,"('0049-D-2010', 1)":null},"Palabra Clave":{"('0049-D-2010', 0)":" ","('0049-D-2010', 1)":null}}