{"Tipo de Proyecto":{"('0051-S-2010', 0)":"PROYECTO DE LEY"},"Iniciado en: ":{"('0051-S-2010', 0)":"Senado"},"Expediente Senado: ":{"('0051-S-2010', 0)":"0051-S-2010"},"Publicado en: ":{"('0051-S-2010', 0)":"Diario de Asuntos Entrados N\u00b0 5"},"Fecha: ":{"('0051-S-2010', 0)":"02\/03\/2010"},"T\u00edtulo":{"('0051-S-2010', 0)":"DECLARAR BIEN HISTORICO - ARTISTICO DEL PATRIMONIO CULTURAL DE LA NACION DE ACUERDO A LAS LEYES 12665 Y 24252 AL ARTE RUPESTRE EXISTENTE EN EL SITIO ARQUEOLOGICO Y ALREDEDORES DE SANTA ROSA DE TASTIL, DEPARTAMENTO DE ROSARIO DE LERMA, PROVINCIA DE SALTA . (REPRODUCCION DEL EXPEDIENTE 4482-S-08)."},"('Firmantes', 'FIRMANTE')":{"('0051-S-2010', 0)":"ESCUDERO, SONIA MARGARITA"},"('Firmantes', 'DISTRITO')":{"('0051-S-2010', 0)":"SALTA"},"('Firmantes', 'BLOQUE')":{"('0051-S-2010', 0)":"JUSTICIALISTA 8 DE OCTUBRE"},"Link":{"('0051-S-2010', 0)":"http:\/\/www.senado.gov.ar\/parlamentario\/comisiones\/verExp\/51.10\/S\/PL"},"Palabra Clave":{"('0051-S-2010', 0)":" "}}