{"Tipo de Proyecto":{"('0052-D-2010', 0)":"PROYECTO DE LEY","('0052-D-2010', 1)":null,"('0052-D-2010', 2)":null},"Iniciado en: ":{"('0052-D-2010', 0)":"Diputados","('0052-D-2010', 1)":null,"('0052-D-2010', 2)":null},"Expediente Diputados: ":{"('0052-D-2010', 0)":"0052-D-2010","('0052-D-2010', 1)":null,"('0052-D-2010', 2)":null},"Expediente Senado: ":{"('0052-D-2010', 0)":"0042-CD-2010","('0052-D-2010', 1)":null,"('0052-D-2010', 2)":null},"Publicado en: ":{"('0052-D-2010', 0)":"Tr\u00e1mite Parlamentario N\u00b0 3","('0052-D-2010', 1)":null,"('0052-D-2010', 2)":null},"Fecha: ":{"('0052-D-2010', 0)":"02\/03\/2010","('0052-D-2010', 1)":null,"('0052-D-2010', 2)":null},"T\u00edtulo":{"('0052-D-2010', 0)":"CODIGO CIVIL: DEROGACION DEL INCISO 1) DEL ARTICULO 1808 (SUJETOS QUE NO PUEDEN ACEPTAR DONACIONES DE BIENES) (REPRODUCCION DEL EXPEDIENTE 6362-D-08).","('0052-D-2010', 1)":null,"('0052-D-2010', 2)":null},"('Firmantes', 'FIRMANTE')":{"('0052-D-2010', 0)":"COMELLI, ALICIA MARCELA","('0052-D-2010', 1)":null,"('0052-D-2010', 2)":null},"('Firmantes', 'DISTRITO')":{"('0052-D-2010', 0)":"NEUQUEN","('0052-D-2010', 1)":null,"('0052-D-2010', 2)":null},"('Firmantes', 'BLOQUE')":{"('0052-D-2010', 0)":"MOV POP NEUQUINO","('0052-D-2010', 1)":null,"('0052-D-2010', 2)":null},"('Giros', 'COMISI\u00d3N')":{"('0052-D-2010', 0)":"LEGISLACION GENERAL","('0052-D-2010', 1)":"FAMILIA, MUJER, NI\u00d1EZ Y ADOLESCENCIA","('0052-D-2010', 2)":null},"('Tramites', 'C\u00c1MARA')":{"('0052-D-2010', 0)":"Diputados","('0052-D-2010', 1)":"Senado","('0052-D-2010', 2)":"Diputados"},"('Tramites', 'MOVIMIENTO')":{"('0052-D-2010', 0)":"CONSIDERACION Y APROBACION","('0052-D-2010', 1)":"PASA A SENADO -","('0052-D-2010', 2)":"REPRODUCIDO POR EXPEDIENTE 0050-D-12"},"('Tramites', 'FECHA')":{"('0052-D-2010', 0)":"11\/08\/2010","('0052-D-2010', 1)":null,"('0052-D-2010', 2)":null},"('Tramites', 'RESULTADO')":{"('0052-D-2010', 0)":"MEDIA SANCION","('0052-D-2010', 1)":null,"('0052-D-2010', 2)":null},"Palabra Clave":{"('0052-D-2010', 0)":" ","('0052-D-2010', 1)":null,"('0052-D-2010', 2)":null}}