{"Tipo de Proyecto":{"('0052-S-2010', 0)":"PROYECTO DE LEY"},"Iniciado en: ":{"('0052-S-2010', 0)":"Senado"},"Expediente Senado: ":{"('0052-S-2010', 0)":"0052-S-2010"},"Publicado en: ":{"('0052-S-2010', 0)":"Diario de Asuntos Entrados N\u00b0 5"},"Fecha: ":{"('0052-S-2010', 0)":"02\/03\/2010"},"T\u00edtulo":{"('0052-S-2010', 0)":"MODIFICACION AL CODIGO PENAL: INCORPORACION DEL ARTICULO 78 TER (SANCIONES A LAS PERSONAS JURIDICAS) (REPRODUCCION DEL EXPEDIENTE 3079-S-08)."},"('Firmantes', 'FIRMANTE')":{"('0052-S-2010', 0)":"ESCUDERO, SONIA MARGARITA"},"('Firmantes', 'DISTRITO')":{"('0052-S-2010', 0)":"SALTA"},"('Firmantes', 'BLOQUE')":{"('0052-S-2010', 0)":"JUSTICIALISTA 8 DE OCTUBRE"},"Link":{"('0052-S-2010', 0)":"http:\/\/www.senado.gov.ar\/parlamentario\/comisiones\/verExp\/52.10\/S\/PL"},"Palabra Clave":{"('0052-S-2010', 0)":" "}}