{"Tipo de Proyecto":{"('0054-D-2010', 0)":"PROYECTO DE LEY","('0054-D-2010', 1)":null},"Iniciado en: ":{"('0054-D-2010', 0)":"Diputados","('0054-D-2010', 1)":null},"Expediente Diputados: ":{"('0054-D-2010', 0)":"0054-D-2010","('0054-D-2010', 1)":null},"Publicado en: ":{"('0054-D-2010', 0)":"Tr\u00e1mite Parlamentario N\u00b0 3","('0054-D-2010', 1)":null},"Fecha: ":{"('0054-D-2010', 0)":"02\/03\/2010","('0054-D-2010', 1)":null},"T\u00edtulo":{"('0054-D-2010', 0)":"CREACION DE UN MARCO REGULATORIO FEDERAL DEL TRANSPORTE INTERJURISDICCIONAL PARA EL TRANSITO DE CARGAS PESADAS Y PELIGROSAS A TRAVES DE LOS PASOS INTERNACIONALES UBICADOS EN LA PROVINCIA DEL NEUQUEN, EN FUNCION DE LO ESTABLECIDO POR LOS ARTICULOS 41 Y 75 INCISO 13) DE LA CONSTITUCION NACIONAL (REPRODUCCION DEL EXPEDIENTE 6620-D-08).","('0054-D-2010', 1)":null},"('Firmantes', 'FIRMANTE')":{"('0054-D-2010', 0)":"COMELLI, ALICIA MARCELA","('0054-D-2010', 1)":null},"('Firmantes', 'DISTRITO')":{"('0054-D-2010', 0)":"NEUQUEN","('0054-D-2010', 1)":null},"('Firmantes', 'BLOQUE')":{"('0054-D-2010', 0)":"MOV POP NEUQUINO","('0054-D-2010', 1)":null},"('Giros', 'COMISI\u00d3N')":{"('0054-D-2010', 0)":"TRANSPORTES","('0054-D-2010', 1)":"RECURSOS NATURALES Y CONSERVACION DEL AMBIENTE HUMANO"},"Sumario":{"('0054-D-2010', 0)":"EL PASO INTERNACIONAL CARDENAL SAMORE TENDRA CON CARACTER PRIORITARIO Y EXCLUSIVO, UN USO SOCIAL, TURISTICO Y AMBIENTAL, QUEDANDO PROHIBIDO TODO TRANSITO DE CARGAS PESADAS Y PELIGROSAS; EL PASO INTERNACIONAL PINO HACHADO TENDRA ADEMAS DE LOS USOS MENCIONADOS, LA CONDICION DE CORREDOR DE TRANSPORTE DE CARGAS PESADAS Y PELIGROSAS; SE CONSIDERAN CARGAS PELIGROSAS AL TRANSITO A GRANEL DE LAS SUSTANCIAS ENUNCIADAS EN EL ANEXO II DE LA LEY 24051.","('0054-D-2010', 1)":null},"Palabra Clave":{"('0054-D-2010', 0)":" ","('0054-D-2010', 1)":null}}