{"Tipo de Proyecto":{"('0054-S-2010', 0)":"PROYECTO DE LEY","('0054-S-2010', 1)":null,"('0054-S-2010', 2)":null},"Iniciado en: ":{"('0054-S-2010', 0)":"Senado","('0054-S-2010', 1)":null,"('0054-S-2010', 2)":null},"Expediente Diputados: ":{"('0054-S-2010', 0)":"0054-S-2010","('0054-S-2010', 1)":null,"('0054-S-2010', 2)":null},"Expediente Senado: ":{"('0054-S-2010', 0)":"1163-S-2010","('0054-S-2010', 1)":null,"('0054-S-2010', 2)":null},"Publicado en: ":{"('0054-S-2010', 0)":"Diario de Asuntos Entrados N\u00b0 50","('0054-S-2010', 1)":null,"('0054-S-2010', 2)":null},"Fecha: ":{"('0054-S-2010', 0)":"05\/05\/2010","('0054-S-2010', 1)":null,"('0054-S-2010', 2)":null},"T\u00edtulo":{"('0054-S-2010', 0)":"PROMOCION DE LA DONACION VOLUNTARIA, HABITUAL Y ALTRUISTA DE SANGRE (REPRODUCCION DEL EXPEDIENTE 4162-S-08).","('0054-S-2010', 1)":null,"('0054-S-2010', 2)":null},"('Firmantes', 'FIRMANTE')":{"('0054-S-2010', 0)":"MARINO, JUAN CARLOS","('0054-S-2010', 1)":null,"('0054-S-2010', 2)":null},"('Firmantes', 'DISTRITO')":{"('0054-S-2010', 0)":"LA PAMPA","('0054-S-2010', 1)":null,"('0054-S-2010', 2)":null},"('Firmantes', 'BLOQUE')":{"('0054-S-2010', 0)":"UCR","('0054-S-2010', 1)":null,"('0054-S-2010', 2)":null},"('Giros', 'COMISI\u00d3N')":{"('0054-S-2010', 0)":"ACCION SOCIAL Y SALUD PUBLICA","('0054-S-2010', 1)":"COMUNICACIONES E INFORMATICA","('0054-S-2010', 2)":null},"('Tramites', 'C\u00c1MARA')":{"('0054-S-2010', 0)":"Senado","('0054-S-2010', 1)":"Diputados","('0054-S-2010', 2)":"Diputados"},"('Tramites', 'MOVIMIENTO')":{"('0054-S-2010', 0)":"CONSIDERACION Y APROBACION","('0054-S-2010', 1)":"PASA A DIPUTADOS -","('0054-S-2010', 2)":"REPRODUCIDO POR EXPEDIENTE 1335-S-13"},"('Tramites', 'FECHA')":{"('0054-S-2010', 0)":"30\/06\/2010","('0054-S-2010', 1)":null,"('0054-S-2010', 2)":null},"('Tramites', 'RESULTADO')":{"('0054-S-2010', 0)":"MEDIA SANCION","('0054-S-2010', 1)":null,"('0054-S-2010', 2)":null},"Link":{"('0054-S-2010', 0)":"https:\/\/www4.hcdn.gob.ar\/dependencias\/dsecretaria\/Periodo2010\/PDF2010\/TP2010\/0054-S-10.pdf","('0054-S-2010', 1)":null,"('0054-S-2010', 2)":null},"Palabra Clave":{"('0054-S-2010', 0)":" ","('0054-S-2010', 1)":null,"('0054-S-2010', 2)":null}}