{"Tipo de Proyecto":{"('0055-D-2010', 0)":"PROYECTO DE LEY","('0055-D-2010', 1)":null},"Iniciado en: ":{"('0055-D-2010', 0)":"Diputados","('0055-D-2010', 1)":null},"Expediente Diputados: ":{"('0055-D-2010', 0)":"0055-D-2010","('0055-D-2010', 1)":null},"Publicado en: ":{"('0055-D-2010', 0)":"Tr\u00e1mite Parlamentario N\u00b0 3","('0055-D-2010', 1)":null},"Fecha: ":{"('0055-D-2010', 0)":"02\/03\/2010","('0055-D-2010', 1)":null},"T\u00edtulo":{"('0055-D-2010', 0)":"CODIGO CIVIL: MODIFICACION DEL ARTICULO 267 (OBLIGACION ALIMENTARIA, DEFINICION) (REPRODUCCION DEL EXPEDIENTE 6710-D-08).","('0055-D-2010', 1)":null},"('Firmantes', 'FIRMANTE')":{"('0055-D-2010', 0)":"COMELLI, ALICIA MARCELA","('0055-D-2010', 1)":null},"('Firmantes', 'DISTRITO')":{"('0055-D-2010', 0)":"NEUQUEN","('0055-D-2010', 1)":null},"('Firmantes', 'BLOQUE')":{"('0055-D-2010', 0)":"MOV POP NEUQUINO","('0055-D-2010', 1)":null},"('Giros', 'COMISI\u00d3N')":{"('0055-D-2010', 0)":"LEGISLACION GENERAL","('0055-D-2010', 1)":"FAMILIA, MUJER, NI\u00d1EZ Y ADOLESCENCIA"},"('Tramites', 'C\u00c1MARA')":{"('0055-D-2010', 0)":"Diputados","('0055-D-2010', 1)":null},"('Tramites', 'MOVIMIENTO')":{"('0055-D-2010', 0)":"REPRODUCIDO POR EXPEDIENTE 0052-D-12","('0055-D-2010', 1)":null},"('Tramites', 'FECHA')":{"('0055-D-2010', 0)":null,"('0055-D-2010', 1)":null},"('Tramites', 'RESULTADO')":{"('0055-D-2010', 0)":null,"('0055-D-2010', 1)":null},"Palabra Clave":{"('0055-D-2010', 0)":" ","('0055-D-2010', 1)":null}}