{"Tipo de Proyecto":{"('0055-S-2010', 0)":"PROYECTO DE LEY","('0055-S-2010', 1)":null,"('0055-S-2010', 2)":null},"Iniciado en: ":{"('0055-S-2010', 0)":"Senado","('0055-S-2010', 1)":null,"('0055-S-2010', 2)":null},"Expediente Diputados: ":{"('0055-S-2010', 0)":"0055-S-2010","('0055-S-2010', 1)":null,"('0055-S-2010', 2)":null},"Expediente Senado: ":{"('0055-S-2010', 0)":"1096-S-2010","('0055-S-2010', 1)":null,"('0055-S-2010', 2)":null},"Publicado en: ":{"('0055-S-2010', 0)":"Diario de Asuntos Entrados N\u00b0 47","('0055-S-2010', 1)":null,"('0055-S-2010', 2)":null},"Fecha: ":{"('0055-S-2010', 0)":"29\/04\/2010","('0055-S-2010', 1)":null,"('0055-S-2010', 2)":null},"T\u00edtulo":{"('0055-S-2010', 0)":"SUSTITUCION DEL ARTICULO 48 DEL DECRETO LEY 19492\/44 (REGIMEN PARA LA NAVEGACION, COMUNICACION Y COMERCIO DE CABOTAJE NACIONAL), ACERCA DEL VALOR DE LAS MULTAS APLICABLES A LOS BUQUES EXTRANJEROS QUE VIOLEN LA PROHIBICION ESTABLECIDA EN EL MISMO.","('0055-S-2010', 1)":null,"('0055-S-2010', 2)":null},"('Firmantes', 'FIRMANTE')":{"('0055-S-2010', 0)":"BIANCALANI, FABIO DARIO","('0055-S-2010', 1)":null,"('0055-S-2010', 2)":null},"('Firmantes', 'DISTRITO')":{"('0055-S-2010', 0)":"CHACO","('0055-S-2010', 1)":null,"('0055-S-2010', 2)":null},"('Firmantes', 'BLOQUE')":{"('0055-S-2010', 0)":"FRENTE PARA LA VICTORIA - PJ","('0055-S-2010', 1)":null,"('0055-S-2010', 2)":null},"('Giros', 'COMISI\u00d3N')":{"('0055-S-2010', 0)":"INTERESES MARITIMOS, FLUVIALES, PESQUEROS Y PORTUARIOS","('0055-S-2010', 1)":"SEGURIDAD INTERIOR","('0055-S-2010', 2)":null},"('Tramites', 'C\u00c1MARA')":{"('0055-S-2010', 0)":"Senado","('0055-S-2010', 1)":"Diputados","('0055-S-2010', 2)":"Diputados"},"('Tramites', 'MOVIMIENTO')":{"('0055-S-2010', 0)":"CONSIDERACION Y APROBACION","('0055-S-2010', 1)":"PASA A DIPUTADOS -","('0055-S-2010', 2)":"CONSIDERACION Y SANCION"},"('Tramites', 'FECHA')":{"('0055-S-2010', 0)":"30\/06\/2010","('0055-S-2010', 1)":null,"('0055-S-2010', 2)":"31\/10\/2012"},"('Tramites', 'RESULTADO')":{"('0055-S-2010', 0)":"MEDIA SANCION","('0055-S-2010', 1)":null,"('0055-S-2010', 2)":"SANCIONADO"},"Link":{"('0055-S-2010', 0)":"https:\/\/www4.hcdn.gob.ar\/dependencias\/dsecretaria\/Periodo2010\/PDF2010\/TP2010\/0055-S-10.pdf","('0055-S-2010', 1)":null,"('0055-S-2010', 2)":null},"Palabra Clave":{"('0055-S-2010', 0)":" ","('0055-S-2010', 1)":null,"('0055-S-2010', 2)":null}}