{"Tipo de Proyecto":{"('0057-OV-2010', 0)":"PROYECTO DE RESOLUCI\u00d3N"},"Iniciado en: ":{"('0057-OV-2010', 0)":"Senado"},"Expediente Senado: ":{"('0057-OV-2010', 0)":"0057-OV-2010"},"Fecha: ":{"('0057-OV-2010', 0)":"08\/07\/2010"},"T\u00edtulo":{"('0057-OV-2010', 0)":"PEDIDO DE INFORMES AL PODER EJECUTIVO SOBRE RESOLUCION REMITIDA POR LA AUDITORIA GENERAL DE LA NACION VERIFICACION DEL CUMPLIMIENTO DE LAS OBLIGACIONES CONTRACTUALES DE LOS CONCESIONARIOS DE LA RED VIAL NACIONAL BAJO DECRETO 1007\/2003, SU RENTABILIDAD Y LA GESTION DEL ORGANO DE CONTROL DE LAS CONCESIONES VIALES (OCCOVI) EN EL CONTROL DE LAS MISMAS."},"('Firmantes', 'FIRMANTE')":{"('0057-OV-2010', 0)":"PARLAMENTARIA MIXTA REVISORA DE CUENTAS"},"('Firmantes', 'DISTRITO')":{"('0057-OV-2010', 0)":null},"('Firmantes', 'BLOQUE')":{"('0057-OV-2010', 0)":null},"Link":{"('0057-OV-2010', 0)":"http:\/\/www.senado.gov.ar\/parlamentario\/comisiones\/verExp\/57.10\/OV\/PR"},"Palabra Clave":{"('0057-OV-2010', 0)":" "}}