{"Tipo de Proyecto":{"('0058-D-2010', 0)":"PROYECTO DE LEY"},"Iniciado en: ":{"('0058-D-2010', 0)":"Diputados"},"Expediente Diputados: ":{"('0058-D-2010', 0)":"0058-D-2010"},"Publicado en: ":{"('0058-D-2010', 0)":"Tr\u00e1mite Parlamentario N\u00b0 3"},"Fecha: ":{"('0058-D-2010', 0)":"02\/03\/2010"},"T\u00edtulo":{"('0058-D-2010', 0)":"MODIFICACION DE LA LEY 20972 DE ACEFALIA PRESIDENCIAL:  INCORPORACION DE LOS ARTICULOS 8 Y 9 SOBRE SUJECION A INSTRUCCIONES DEL PRESIDENTE Y RESTRICCION DE ADOPCION DE MEDIDAS O ACCIONES CONTRARIAS A LAS POLITICAS ESTABLECIDAS POR EL PRESIDENTE DE LA NACION, EN CASO DE ASUNCION DEL VICEPRESIDENTE, PRESIDENTE PROVISORIO DEL SENADO, PRESIDENTE DE LA CAMARA DE DIPUTADOS O PRESIDENTE DE LA CORTE SUPREMA DE JUSTICIA EN CASO DE VACANCIA TRANSITORIA, CONFORME AL ARTICULO 88 DE LA CONSTITUCION NACIONAL."},"('Firmantes', 'FIRMANTE')":{"('0058-D-2010', 0)":"CONTI, DIANA BEATRIZ"},"('Firmantes', 'DISTRITO')":{"('0058-D-2010', 0)":"BUENOS AIRES"},"('Firmantes', 'BLOQUE')":{"('0058-D-2010', 0)":"FRENTE PARA LA VICTORIA - PJ"},"('Giros', 'COMISI\u00d3N')":{"('0058-D-2010', 0)":"ASUNTOS CONSTITUCIONALES"},"Link":{"('0058-D-2010', 0)":"https:\/\/www.hcdn.gob.ar\/proyectos\/textoCompleto.jsp?exp=0058-D-2010&tipo=LEY"},"Palabra Clave":{"('0058-D-2010', 0)":" "}}