{"Tipo de Proyecto":{"('0064-S-2010', 0)":"PROYECTO DE LEY"},"Iniciado en: ":{"('0064-S-2010', 0)":"Senado"},"Expediente Senado: ":{"('0064-S-2010', 0)":"0064-S-2010"},"Publicado en: ":{"('0064-S-2010', 0)":"Diario de Asuntos Entrados N\u00b0 5"},"Fecha: ":{"('0064-S-2010', 0)":"02\/03\/2010"},"T\u00edtulo":{"('0064-S-2010', 0)":"MODIFICACION DE LA LEY 22431, DE PROTECCION INTEGRAL DE DISCAPACITADOS, RESPECTO AL TRASLADO DE LOS MISMOS EN MEDIOS DE TRANSPORTE CON O SIN ACOMPA\u00d1ANTE (REPRODUCCION DEL EXPEDIENTE 0268-S-08)."},"('Firmantes', 'FIRMANTE')":{"('0064-S-2010', 0)":"ESCUDERO, SONIA MARGARITA"},"('Firmantes', 'DISTRITO')":{"('0064-S-2010', 0)":"SALTA"},"('Firmantes', 'BLOQUE')":{"('0064-S-2010', 0)":"JUSTICIALISTA 8 DE OCTUBRE"},"('Tramites', 'C\u00c1MARA')":{"('0064-S-2010', 0)":"Senado"},"('Tramites', 'MOVIMIENTO')":{"('0064-S-2010', 0)":"REPRODUCIDO POR EXPEDIENTE 0076-S-12"},"('Tramites', 'FECHA')":{"('0064-S-2010', 0)":null},"('Tramites', 'RESULTADO')":{"('0064-S-2010', 0)":null},"Link":{"('0064-S-2010', 0)":"http:\/\/www.senado.gov.ar\/parlamentario\/comisiones\/verExp\/64.10\/S\/PL"},"Palabra Clave":{"('0064-S-2010', 0)":" "}}