{"Tipo de Proyecto":{"('0064-D-2010', 0)":"PROYECTO DE LEY"},"Iniciado en: ":{"('0064-D-2010', 0)":"Diputados"},"Expediente Diputados: ":{"('0064-D-2010', 0)":"0064-D-2010"},"Publicado en: ":{"('0064-D-2010', 0)":"Tr\u00e1mite Parlamentario N\u00b0 3"},"Fecha: ":{"('0064-D-2010', 0)":"02\/03\/2010"},"T\u00edtulo":{"('0064-D-2010', 0)":"LEY DE AMPARO - LEY 16986 -. INCORPORACION DEL ARTICULO 7 BIS, SOBRE INTERPOSICION DE LA MEDIDA CAUTELAR POR FUNCIONARIO PUBLICO."},"('Firmantes', 'FIRMANTE')":{"('0064-D-2010', 0)":"CONTI, DIANA BEATRIZ"},"('Firmantes', 'DISTRITO')":{"('0064-D-2010', 0)":"BUENOS AIRES"},"('Firmantes', 'BLOQUE')":{"('0064-D-2010', 0)":"FRENTE PARA LA VICTORIA - PJ"},"('Giros', 'COMISI\u00d3N')":{"('0064-D-2010', 0)":"JUSTICIA"},"Link":{"('0064-D-2010', 0)":"https:\/\/www.hcdn.gob.ar\/proyectos\/textoCompleto.jsp?exp=0064-D-2010&tipo=LEY"},"Palabra Clave":{"('0064-D-2010', 0)":" "}}