{"Tipo de Proyecto":{"('0065-S-2010', 0)":"MENSAJE NRO: 0650\/10 Y PROYECTO DE LEY","('0065-S-2010', 1)":null,"('0065-S-2010', 2)":null,"('0065-S-2010', 3)":null,"('0065-S-2010', 4)":null},"Iniciado en: ":{"('0065-S-2010', 0)":"Senado","('0065-S-2010', 1)":null,"('0065-S-2010', 2)":null,"('0065-S-2010', 3)":null,"('0065-S-2010', 4)":null},"Expediente Diputados: ":{"('0065-S-2010', 0)":"0065-S-2010","('0065-S-2010', 1)":null,"('0065-S-2010', 2)":null,"('0065-S-2010', 3)":null,"('0065-S-2010', 4)":null},"Expediente Senado: ":{"('0065-S-2010', 0)":"0062-PE-2010","('0065-S-2010', 1)":null,"('0065-S-2010', 2)":null,"('0065-S-2010', 3)":null,"('0065-S-2010', 4)":null},"Publicado en: ":{"('0065-S-2010', 0)":"Diario de Asuntos Entrados N\u00b0 56","('0065-S-2010', 1)":null,"('0065-S-2010', 2)":null,"('0065-S-2010', 3)":null,"('0065-S-2010', 4)":null},"Fecha: ":{"('0065-S-2010', 0)":"13\/05\/2010","('0065-S-2010', 1)":null,"('0065-S-2010', 2)":null,"('0065-S-2010', 3)":null,"('0065-S-2010', 4)":null},"T\u00edtulo":{"('0065-S-2010', 0)":"APROBACION DEL ACUERDO CON LA CORPORACION ANDINA DE FOMENTO SOBRE SUSCRIPCION DE ACCIONES DE CAPITAL ORDINARIO, SUSCRIPTO EN LA CIUDAD DE BUENOS AIRES, EL 3 DE NOVIEMBRE DE 2009.","('0065-S-2010', 1)":null,"('0065-S-2010', 2)":null,"('0065-S-2010', 3)":null,"('0065-S-2010', 4)":null},"('Firmantes', 'FIRMANTE')":{"('0065-S-2010', 0)":"FERNANDEZ DE KIRCHNER, CRISTINA","('0065-S-2010', 1)":"FERNANDEZ, ANIBAL","('0065-S-2010', 2)":"BOUDOU, AMADO","('0065-S-2010', 3)":null,"('0065-S-2010', 4)":null},"('Firmantes', 'DISTRITO')":{"('0065-S-2010', 0)":null,"('0065-S-2010', 1)":null,"('0065-S-2010', 2)":null,"('0065-S-2010', 3)":null,"('0065-S-2010', 4)":null},"('Firmantes', 'BLOQUE')":{"('0065-S-2010', 0)":"PODER EJECUTIVO","('0065-S-2010', 1)":"PODER EJECUTIVO","('0065-S-2010', 2)":"PODER EJECUTIVO","('0065-S-2010', 3)":null,"('0065-S-2010', 4)":null},"('Giros', 'COMISI\u00d3N')":{"('0065-S-2010', 0)":"RELACIONES EXTERIORES Y CULTO","('0065-S-2010', 1)":"PRESUPUESTO Y HACIENDA","('0065-S-2010', 2)":null,"('0065-S-2010', 3)":null,"('0065-S-2010', 4)":null},"('Tramites', 'C\u00c1MARA')":{"('0065-S-2010', 0)":"Senado","('0065-S-2010', 1)":"Diputados","('0065-S-2010', 2)":"Diputados","('0065-S-2010', 3)":"Diputados","('0065-S-2010', 4)":"Diputados"},"('Tramites', 'MOVIMIENTO')":{"('0065-S-2010', 0)":"CONSIDERACION Y APROBACION","('0065-S-2010', 1)":"PASA A DIPUTADOS -","('0065-S-2010', 2)":"CITACION SESION ESPECIAL","('0065-S-2010', 3)":"CONSIDERACION","('0065-S-2010', 4)":"CONTINUA CONSIDERACION Y SANCION. VOTACION -GENERAL Y PARTICULAR- (NOMINAL)"},"('Tramites', 'FECHA')":{"('0065-S-2010', 0)":"11\/08\/2010","('0065-S-2010', 1)":null,"('0065-S-2010', 2)":"03\/08\/2011","('0065-S-2010', 3)":"03\/08\/2011","('0065-S-2010', 4)":"03\/08\/2011"},"('Tramites', 'RESULTADO')":{"('0065-S-2010', 0)":"MEDIA SANCION","('0065-S-2010', 1)":null,"('0065-S-2010', 2)":null,"('0065-S-2010', 3)":null,"('0065-S-2010', 4)":"SANCIONADO"},"Link":{"('0065-S-2010', 0)":"https:\/\/www4.hcdn.gob.ar\/dependencias\/dsecretaria\/Periodo2010\/PDF2010\/TP2010\/0065-S-10.pdf","('0065-S-2010', 1)":null,"('0065-S-2010', 2)":null,"('0065-S-2010', 3)":null,"('0065-S-2010', 4)":null},"Palabra Clave":{"('0065-S-2010', 0)":" ","('0065-S-2010', 1)":null,"('0065-S-2010', 2)":null,"('0065-S-2010', 3)":null,"('0065-S-2010', 4)":null}}