{"Tipo de Proyecto":{"('0065-D-2010', 0)":"PROYECTO DE LEY"},"Iniciado en: ":{"('0065-D-2010', 0)":"Diputados"},"Expediente Diputados: ":{"('0065-D-2010', 0)":"0065-D-2010"},"Publicado en: ":{"('0065-D-2010', 0)":"Tr\u00e1mite Parlamentario N\u00b0 3"},"Fecha: ":{"('0065-D-2010', 0)":"02\/03\/2010"},"T\u00edtulo":{"('0065-D-2010', 0)":"SOCIEDADES COMERCIALES - LEY 19550 -. MODIFICACION DEL ARTICULO 10, SOBRE ACTUALIZACION PERIODICA DE LA PAGINA WEB DE LA INSPECCION GENERAL DE JUSTICIA EN LO REFERIDO A LA INFORMACION SOCIETARIA."},"('Firmantes', 'FIRMANTE')":{"('0065-D-2010', 0)":"CONTI, DIANA BEATRIZ"},"('Firmantes', 'DISTRITO')":{"('0065-D-2010', 0)":"BUENOS AIRES"},"('Firmantes', 'BLOQUE')":{"('0065-D-2010', 0)":"FRENTE PARA LA VICTORIA - PJ"},"('Giros', 'COMISI\u00d3N')":{"('0065-D-2010', 0)":"LEGISLACION GENERAL"},"Link":{"('0065-D-2010', 0)":"https:\/\/www.hcdn.gob.ar\/proyectos\/textoCompleto.jsp?exp=0065-D-2010&tipo=LEY"},"Palabra Clave":{"('0065-D-2010', 0)":" "}}