{"Tipo de Proyecto":{"('0067-S-2010', 0)":"PROYECTO DE LEY"},"Iniciado en: ":{"('0067-S-2010', 0)":"Senado"},"Expediente Senado: ":{"('0067-S-2010', 0)":"0067-S-2010"},"Publicado en: ":{"('0067-S-2010', 0)":"Diario de Asuntos Entrados N\u00b0 5"},"Fecha: ":{"('0067-S-2010', 0)":"02\/03\/2010"},"T\u00edtulo":{"('0067-S-2010', 0)":"PROMOCION GANADERA PARA EL INCREMENTO DE STOCK GANADERO (REPRODUCCION DEL EXPEDIENTE 0052-S-08)."},"('Firmantes', 'FIRMANTE')":{"('0067-S-2010', 0)":"BORTOLOZZI DE BOGADO, ADRIANA RAQUEL"},"('Firmantes', 'DISTRITO')":{"('0067-S-2010', 0)":"FORMOSA"},"('Firmantes', 'BLOQUE')":{"('0067-S-2010', 0)":"FRENTE PARA LA VICTORIA - PJ"},"Sumario":{"('0067-S-2010', 0)":"BENEFICIOS FINANCIEROS Y FISCALES."},"Palabra Clave":{"('0067-S-2010', 0)":" "}}