{"Tipo de Proyecto":{"('0069-S-2010', 0)":"PROYECTO DE LEY"},"Iniciado en: ":{"('0069-S-2010', 0)":"Senado"},"Expediente Senado: ":{"('0069-S-2010', 0)":"0069-S-2010"},"Publicado en: ":{"('0069-S-2010', 0)":"Diario de Asuntos Entrados N\u00b0 5"},"Fecha: ":{"('0069-S-2010', 0)":"02\/03\/2010"},"T\u00edtulo":{"('0069-S-2010', 0)":"REGULACION DE LA ACTIVIDAD PUBLICITARIA (REPRODUCCION DEL EXPEDIENTE 0058-S-08)."},"('Firmantes', 'FIRMANTE')":{"('0069-S-2010', 0)":"BORTOLOZZI DE BOGADO, ADRIANA RAQUEL"},"('Firmantes', 'DISTRITO')":{"('0069-S-2010', 0)":"FORMOSA"},"('Firmantes', 'BLOQUE')":{"('0069-S-2010', 0)":"FRENTE PARA LA VICTORIA - PJ"},"Sumario":{"('0069-S-2010', 0)":"DISPOSICIONES GENERALES: OBJETO, CONCEPTO, SUJETOS RESPONSABLES; FORMAS ANOMALAS DE PUBLICIDAD: PUBLICIDAD ILEGAL: ILICITUD, PUBLICIDAD ENGA\u00d1OSA: CARACTERIZACION, PRINCIPIOS DE DETERMINACION, PUBLICIDAD DESLEAL: CONCEPTO, REGLAS DE APRECIACION, PUBLICIDAD SUBLIMINAL: DEFINICION, PRINCIPIOS DE DETERMINACION, PUBLICIDAD CONTAMINANTE: CONCEPTO,  CARACTERIZACION; RESTRICCIONES A LA ACTIVIDAD PUBLICITARIA: PUBLICIDAD DE PRODUCTOS O SERVICIOS DE USO RIESGOSO O RESTRINGIDO: REQUISITOS, PROHIBICIONES; REGIMEN PROCEDIMENTAL: DISPOSICIONES GENERALES: AUTORIDAD DE APLICACION: TRIBUNAL NACIONAL DE DEFENSA DE LA COMPETENCIA: COMPETENCIA, LEGITIMACION, PROCEDIMIENTO: PRESENTACION, TRAMITE Y PLAZOS, CONCILIACION, RECURSOS; REGIMEN SANCIONATORIO: FORMAS SANCIONATORIAS: PENALIDADES, MODALIDAD Y CUANTIA DE LAS PENAS: DETERMINACION, ACTUALIZACION, DISPOSICIONES TRANSITORIAS."},"Palabra Clave":{"('0069-S-2010', 0)":" "}}