{"Tipo de Proyecto":{"('0069-D-2010', 0)":"PROYECTO DE LEY"},"Iniciado en: ":{"('0069-D-2010', 0)":"Diputados"},"Expediente Diputados: ":{"('0069-D-2010', 0)":"0069-D-2010"},"Publicado en: ":{"('0069-D-2010', 0)":"Tr\u00e1mite Parlamentario N\u00b0 3"},"Fecha: ":{"('0069-D-2010', 0)":"02\/03\/2010"},"T\u00edtulo":{"('0069-D-2010', 0)":"CODIGO PROCESAL PENAL. MODIFICACION DEL SEGUNDO PARRAFO DEL ARTICULO 348, SOBRE SOBRESEIMIENTO."},"('Firmantes', 'FIRMANTE')":{"('0069-D-2010', 0)":"CONTI, DIANA BEATRIZ"},"('Firmantes', 'DISTRITO')":{"('0069-D-2010', 0)":"BUENOS AIRES"},"('Firmantes', 'BLOQUE')":{"('0069-D-2010', 0)":"FRENTE PARA LA VICTORIA - PJ"},"('Giros', 'COMISI\u00d3N')":{"('0069-D-2010', 0)":"LEGISLACION PENAL"},"Link":{"('0069-D-2010', 0)":"https:\/\/www.hcdn.gob.ar\/proyectos\/textoCompleto.jsp?exp=0069-D-2010&tipo=LEY"},"Palabra Clave":{"('0069-D-2010', 0)":" "}}