{"Tipo de Proyecto":{"('0072-D-2010', 0)":"PROYECTO DE LEY","('0072-D-2010', 1)":null,"('0072-D-2010', 2)":null},"Iniciado en: ":{"('0072-D-2010', 0)":"Diputados","('0072-D-2010', 1)":null,"('0072-D-2010', 2)":null},"Expediente Diputados: ":{"('0072-D-2010', 0)":"0072-D-2010","('0072-D-2010', 1)":null,"('0072-D-2010', 2)":null},"Publicado en: ":{"('0072-D-2010', 0)":"Tr\u00e1mite Parlamentario N\u00b0 3","('0072-D-2010', 1)":null,"('0072-D-2010', 2)":null},"Fecha: ":{"('0072-D-2010', 0)":"02\/03\/2010","('0072-D-2010', 1)":null,"('0072-D-2010', 2)":null},"T\u00edtulo":{"('0072-D-2010', 0)":"CODIGO PENAL. MODIFICACION DEL ARTICULO 63, SOBRE COMPUTO DE LA PRESCRIPCION DE LA ACCION PENAL EN CASOS DE DELITOS CONTRA LA INTEGRIDAD SEXUAL EN MENORES DESDE LA MEDIANOCHE DEL DIA EN QUE LA VICTIMA CUMPLIERA LA MAYORIA DE EDAD.","('0072-D-2010', 1)":null,"('0072-D-2010', 2)":null},"('Firmantes', 'FIRMANTE')":{"('0072-D-2010', 0)":"CONTI, DIANA BEATRIZ","('0072-D-2010', 1)":null,"('0072-D-2010', 2)":null},"('Firmantes', 'DISTRITO')":{"('0072-D-2010', 0)":"BUENOS AIRES","('0072-D-2010', 1)":null,"('0072-D-2010', 2)":null},"('Firmantes', 'BLOQUE')":{"('0072-D-2010', 0)":"FRENTE PARA LA VICTORIA - PJ","('0072-D-2010', 1)":null,"('0072-D-2010', 2)":null},"('Giros', 'COMISI\u00d3N')":{"('0072-D-2010', 0)":"LEGISLACION PENAL","('0072-D-2010', 1)":"FAMILIA, MUJER, NI\u00d1EZ Y ADOLESCENCIA","('0072-D-2010', 2)":null},"('Tramites', 'C\u00c1MARA')":{"('0072-D-2010', 0)":"Diputados","('0072-D-2010', 1)":"Diputados","('0072-D-2010', 2)":"Senado"},"('Tramites', 'MOVIMIENTO')":{"('0072-D-2010', 0)":"PLAN DE LABOR CONJUNTAMENTE PARA LOS EXPEDIENTES 2405-D-2009, 0038-CD-2011 y 0072-D-2010","('0072-D-2010', 1)":"CONSIDERACION Y APROBACION CONJUNTAMENTE PARA LOS EXPEDIENTES 2405-D-2009, 0038-CD-2011 y 0072-D-2010","('0072-D-2010', 2)":"PASA A SENADO - CONJUNTAMENTE PARA LOS EXPEDIENTES 2405-D-2009, 0038-CD-2011 y 0072-D-2010"},"('Tramites', 'FECHA')":{"('0072-D-2010', 0)":"13\/04\/2011","('0072-D-2010', 1)":"13\/04\/2011","('0072-D-2010', 2)":null},"('Tramites', 'RESULTADO')":{"('0072-D-2010', 0)":null,"('0072-D-2010', 1)":"MEDIA SANCION","('0072-D-2010', 2)":null},"Link":{"('0072-D-2010', 0)":"https:\/\/www.hcdn.gob.ar\/proyectos\/textoCompleto.jsp?exp=0072-D-2010&tipo=LEY","('0072-D-2010', 1)":null,"('0072-D-2010', 2)":null},"Palabra Clave":{"('0072-D-2010', 0)":" ","('0072-D-2010', 1)":null,"('0072-D-2010', 2)":null}}