{"Tipo de Proyecto":{"('0074-S-2010', 0)":"PROYECTO DE LEY"},"Iniciado en: ":{"('0074-S-2010', 0)":"Senado"},"Expediente Senado: ":{"('0074-S-2010', 0)":"0074-S-2010"},"Publicado en: ":{"('0074-S-2010', 0)":"Diario de Asuntos Entrados N\u00b0 6"},"Fecha: ":{"('0074-S-2010', 0)":"02\/03\/2010"},"T\u00edtulo":{"('0074-S-2010', 0)":"EXENCION DE TODO IMPUESTO O GRAVAMEN SOBRE LAS ARTESANIAS ABORIGENES (REPRODUCCION DEL EXPEDIENTE 0115-S-08)."},"('Firmantes', 'FIRMANTE')":{"('0074-S-2010', 0)":"BORTOLOZZI DE BOGADO, ADRIANA RAQUEL"},"('Firmantes', 'DISTRITO')":{"('0074-S-2010', 0)":"FORMOSA"},"('Firmantes', 'BLOQUE')":{"('0074-S-2010', 0)":"FRENTE PARA LA VICTORIA - PJ"},"Sumario":{"('0074-S-2010', 0)":"EXENCION PARA LA COMERCIALIZACION INTERNA O INTERNACIONAL."},"Palabra Clave":{"('0074-S-2010', 0)":" "}}