{"Tipo de Proyecto":{"('0075-D-2010', 0)":"PROYECTO DE DECLARACI\u00d3N"},"Iniciado en: ":{"('0075-D-2010', 0)":"Diputados"},"Expediente Diputados: ":{"('0075-D-2010', 0)":"0075-D-2010"},"Publicado en: ":{"('0075-D-2010', 0)":"Tr\u00e1mite Parlamentario N\u00b0 3"},"Fecha: ":{"('0075-D-2010', 0)":"02\/03\/2010"},"T\u00edtulo":{"('0075-D-2010', 0)":"EXPRESAR PESAR POR EL FALLECIMIENTO DEL PERIODISTA Y ESCRITOR TOMAS ELOY MARTINEZ, OCURRIDO EL DIA 31 DE ENERO DE 2010 EN ESTA CIUDAD A LA EDAD DE 65 A\u00d1OS TRAS PADECER UNA LARGA ENFERMEDAD."},"('Firmantes', 'FIRMANTE')":{"('0075-D-2010', 0)":"GIUDICI, SILVANA MYRIAM"},"('Firmantes', 'DISTRITO')":{"('0075-D-2010', 0)":"CIUDAD de BUENOS AIRES"},"('Firmantes', 'BLOQUE')":{"('0075-D-2010', 0)":"UCR"},"('Giros', 'COMISI\u00d3N')":{"('0075-D-2010', 0)":"CULTURA"},"('Tramites', 'C\u00c1MARA')":{"('0075-D-2010', 0)":"Diputados"},"('Tramites', 'MOVIMIENTO')":{"('0075-D-2010', 0)":"CONSIDERACION Y APROBACION CONJUNTAMENTE PARA LOS EXPEDIENTES 0075-D-2010 y 0390-D-2010"},"('Tramites', 'FECHA')":{"('0075-D-2010', 0)":"12\/05\/2010"},"('Tramites', 'RESULTADO')":{"('0075-D-2010', 0)":"APROBADO"},"Link":{"('0075-D-2010', 0)":"https:\/\/www.hcdn.gob.ar\/proyectos\/textoCompleto.jsp?exp=0075-D-2010&tipo=DECLARACION"},"Palabra Clave":{"('0075-D-2010', 0)":" "}}