{"Tipo de Proyecto":{"('0075-S-2010', 0)":"PROYECTO DE LEY","('0075-S-2010', 1)":null,"('0075-S-2010', 2)":null},"Iniciado en: ":{"('0075-S-2010', 0)":"Senado","('0075-S-2010', 1)":null,"('0075-S-2010', 2)":null},"Expediente Diputados: ":{"('0075-S-2010', 0)":"0075-S-2010","('0075-S-2010', 1)":null,"('0075-S-2010', 2)":null},"Expediente Senado: ":{"('0075-S-2010', 0)":"0159-S-2010","('0075-S-2010', 1)":null,"('0075-S-2010', 2)":null},"Publicado en: ":{"('0075-S-2010', 0)":"Diario de Asuntos Entrados N\u00b0 9","('0075-S-2010', 1)":null,"('0075-S-2010', 2)":null},"Fecha: ":{"('0075-S-2010', 0)":"04\/03\/2010","('0075-S-2010', 1)":null,"('0075-S-2010', 2)":null},"T\u00edtulo":{"('0075-S-2010', 0)":"CREACION DEL REGISTRO NACIONAL DE DEUDORES ALIMENTARIOS EN MORA (REPRODUCCION DEL EXPEDIENTE 0313-S-08).","('0075-S-2010', 1)":null,"('0075-S-2010', 2)":null},"('Firmantes', 'FIRMANTE')":{"('0075-S-2010', 0)":"BORTOLOZZI DE BOGADO, ADRIANA RAQUEL","('0075-S-2010', 1)":null,"('0075-S-2010', 2)":null},"('Firmantes', 'DISTRITO')":{"('0075-S-2010', 0)":"FORMOSA","('0075-S-2010', 1)":null,"('0075-S-2010', 2)":null},"('Firmantes', 'BLOQUE')":{"('0075-S-2010', 0)":"FRENTE PARA LA VICTORIA - PJ","('0075-S-2010', 1)":null,"('0075-S-2010', 2)":null},"('Giros', 'COMISI\u00d3N')":{"('0075-S-2010', 0)":"JUSTICIA","('0075-S-2010', 1)":"FAMILIA, MUJER, NI\u00d1EZ Y ADOLESCENCIA","('0075-S-2010', 2)":"PRESUPUESTO Y HACIENDA"},"('Tramites', 'C\u00c1MARA')":{"('0075-S-2010', 0)":"Senado","('0075-S-2010', 1)":"Senado","('0075-S-2010', 2)":"Diputados"},"('Tramites', 'MOVIMIENTO')":{"('0075-S-2010', 0)":"CONSIDERACION Y APROBACION CONJUNTAMENTE PARA LOS EXPEDIENTES 0075-S-2010, 0159-S-2010 y 0885-S-2010","('0075-S-2010', 1)":"INSERCIONES DE LAS SENADORAS PARRILLI Y FELLNER CONJUNTAMENTE PARA LOS EXPEDIENTES 0075-S-2010, 0159-S-2010 y 0885-S-2010","('0075-S-2010', 2)":"PASA A DIPUTADOS - CONJUNTAMENTE PARA LOS EXPEDIENTES 0075-S-2010, 0159-S-2010 y 0885-S-2010"},"('Tramites', 'FECHA')":{"('0075-S-2010', 0)":"25\/08\/2010","('0075-S-2010', 1)":"25\/08\/2010","('0075-S-2010', 2)":null},"('Tramites', 'RESULTADO')":{"('0075-S-2010', 0)":"MEDIA SANCION","('0075-S-2010', 1)":null,"('0075-S-2010', 2)":null},"Sumario":{"('0075-S-2010', 0)":"DEFINICION; OBLIGACION DE COMUNICACION; FUNCIONES; EXENCIONES; OBLIGACION DE CONTRALOR; SANCIONES","('0075-S-2010', 1)":null,"('0075-S-2010', 2)":null},"Palabra Clave":{"('0075-S-2010', 0)":" ","('0075-S-2010', 1)":null,"('0075-S-2010', 2)":null}}