{"Tipo de Proyecto":{"('0077-D-2010', 0)":"PROYECTO DE LEY","('0077-D-2010', 1)":null,"('0077-D-2010', 2)":null},"Iniciado en: ":{"('0077-D-2010', 0)":"Diputados","('0077-D-2010', 1)":null,"('0077-D-2010', 2)":null},"Expediente Diputados: ":{"('0077-D-2010', 0)":"0077-D-2010","('0077-D-2010', 1)":null,"('0077-D-2010', 2)":null},"Publicado en: ":{"('0077-D-2010', 0)":"Tr\u00e1mite Parlamentario N\u00b0 3","('0077-D-2010', 1)":null,"('0077-D-2010', 2)":null},"Fecha: ":{"('0077-D-2010', 0)":"02\/03\/2010","('0077-D-2010', 1)":null,"('0077-D-2010', 2)":null},"T\u00edtulo":{"('0077-D-2010', 0)":"OTORGAMIENTO DE UNA PENSION VITALICIA A CIVILES Y MILITARES MOVILIZADOS A ZONA DE FRONTERA CON MOTIVO DE LA DISPUTA CON LA REPUBLICA DE CHILE EN EL A\u00d1O 1978 (REPRODUCCION DEL EXPEDIENTE 3955-D-08).","('0077-D-2010', 1)":null,"('0077-D-2010', 2)":null},"('Firmantes', 'FIRMANTE')":{"('0077-D-2010', 0)":"BRILLO, JOSE RICARDO","('0077-D-2010', 1)":null,"('0077-D-2010', 2)":null},"('Firmantes', 'DISTRITO')":{"('0077-D-2010', 0)":"NEUQUEN","('0077-D-2010', 1)":null,"('0077-D-2010', 2)":null},"('Firmantes', 'BLOQUE')":{"('0077-D-2010', 0)":"MOV POP NEUQUINO","('0077-D-2010', 1)":null,"('0077-D-2010', 2)":null},"('Giros', 'COMISI\u00d3N')":{"('0077-D-2010', 0)":"PREVISION Y SEGURIDAD SOCIAL","('0077-D-2010', 1)":"DEFENSA NACIONAL","('0077-D-2010', 2)":"PRESUPUESTO Y HACIENDA"},"Palabra Clave":{"('0077-D-2010', 0)":" ","('0077-D-2010', 1)":null,"('0077-D-2010', 2)":null}}