{"Tipo de Proyecto":{"('0079-S-2010', 0)":"PROYECTO DE LEY","('0079-S-2010', 1)":null},"Iniciado en: ":{"('0079-S-2010', 0)":"Senado","('0079-S-2010', 1)":null},"Expediente Diputados: ":{"('0079-S-2010', 0)":"0079-S-2010","('0079-S-2010', 1)":null},"Expediente Senado: ":{"('0079-S-2010', 0)":"0438-S-2010","('0079-S-2010', 1)":null},"Publicado en: ":{"('0079-S-2010', 0)":"Diario de Asuntos Entrados N\u00b0 21","('0079-S-2010', 1)":null},"Fecha: ":{"('0079-S-2010', 0)":"17\/03\/2010","('0079-S-2010', 1)":null},"T\u00edtulo":{"('0079-S-2010', 0)":"DECLARAR DE INTERES ARQUEOLOGICO, HISTORICO Y CULTURAL DE LA NACION, AL SISTEMA DE INSTALACIONES Y TRAMOS DE CAMINO DE LA QUEBRADA DE CONCONTA, PROVINCIA DE SAN JUAN (REPRODUCCION DEL EXPEDIENTE 2736-S-08).","('0079-S-2010', 1)":null},"('Firmantes', 'FIRMANTE')":{"('0079-S-2010', 0)":"GIOJA, CESAR AMBROSIO","('0079-S-2010', 1)":null},"('Firmantes', 'DISTRITO')":{"('0079-S-2010', 0)":"SAN JUAN","('0079-S-2010', 1)":null},"('Firmantes', 'BLOQUE')":{"('0079-S-2010', 0)":"FRENTE PARA LA VICTORIA - PJ","('0079-S-2010', 1)":null},"('Giros', 'COMISI\u00d3N')":{"('0079-S-2010', 0)":"CULTURA","('0079-S-2010', 1)":"PRESUPUESTO Y HACIENDA"},"('Tramites', 'C\u00c1MARA')":{"('0079-S-2010', 0)":"Senado","('0079-S-2010', 1)":"Diputados"},"('Tramites', 'MOVIMIENTO')":{"('0079-S-2010', 0)":"CONSIDERACION Y APROBACION","('0079-S-2010', 1)":"PASA A DIPUTADOS -"},"('Tramites', 'FECHA')":{"('0079-S-2010', 0)":"08\/09\/2010","('0079-S-2010', 1)":null},"('Tramites', 'RESULTADO')":{"('0079-S-2010', 0)":"MEDIA SANCION","('0079-S-2010', 1)":null},"Link":{"('0079-S-2010', 0)":"https:\/\/www4.hcdn.gob.ar\/dependencias\/dsecretaria\/Periodo2010\/PDF2010\/TP2010\/0079-S-10.pdf","('0079-S-2010', 1)":null},"Palabra Clave":{"('0079-S-2010', 0)":" ","('0079-S-2010', 1)":null}}