{"Tipo de Proyecto":{"('0080-S-2010', 0)":"PROYECTO DE LEY","('0080-S-2010', 1)":null,"('0080-S-2010', 2)":null,"('0080-S-2010', 3)":null},"Iniciado en: ":{"('0080-S-2010', 0)":"Senado","('0080-S-2010', 1)":null,"('0080-S-2010', 2)":null,"('0080-S-2010', 3)":null},"Expediente Diputados: ":{"('0080-S-2010', 0)":"0080-S-2010","('0080-S-2010', 1)":null,"('0080-S-2010', 2)":null,"('0080-S-2010', 3)":null},"Expediente Senado: ":{"('0080-S-2010', 0)":"0286-S-2010","('0080-S-2010', 1)":null,"('0080-S-2010', 2)":null,"('0080-S-2010', 3)":null},"Publicado en: ":{"('0080-S-2010', 0)":"Diario de Asuntos Entrados N\u00b0 16","('0080-S-2010', 1)":null,"('0080-S-2010', 2)":null,"('0080-S-2010', 3)":null},"Fecha: ":{"('0080-S-2010', 0)":"11\/03\/2010","('0080-S-2010', 1)":null,"('0080-S-2010', 2)":null,"('0080-S-2010', 3)":null},"T\u00edtulo":{"('0080-S-2010', 0)":"DECLARAR MONUMENTO HISTORICO NACIONAL AL EDIFICIO DE LA FACULTAD DE INGENIERIA, EX SEDE CENTRAL DE LA FUNDACION EVA PERON, UBICADO EN LA CIUDAD AUTONOMA DE BUENOS AIRES (REPRODUCCION DEL EXPEDIENTE 3831-S-2008).","('0080-S-2010', 1)":null,"('0080-S-2010', 2)":null,"('0080-S-2010', 3)":null},"('Firmantes', 'FIRMANTE')":{"('0080-S-2010', 0)":"OSUNA, BLANCA INES","('0080-S-2010', 1)":null,"('0080-S-2010', 2)":null,"('0080-S-2010', 3)":null},"('Firmantes', 'DISTRITO')":{"('0080-S-2010', 0)":"ENTRE RIOS","('0080-S-2010', 1)":null,"('0080-S-2010', 2)":null,"('0080-S-2010', 3)":null},"('Firmantes', 'BLOQUE')":{"('0080-S-2010', 0)":"FRENTE PARA LA VICTORIA - PJ","('0080-S-2010', 1)":null,"('0080-S-2010', 2)":null,"('0080-S-2010', 3)":null},"('Giros', 'COMISI\u00d3N')":{"('0080-S-2010', 0)":"CULTURA","('0080-S-2010', 1)":"PRESUPUESTO Y HACIENDA","('0080-S-2010', 2)":null,"('0080-S-2010', 3)":null},"('Tramites', 'C\u00c1MARA')":{"('0080-S-2010', 0)":"Senado","('0080-S-2010', 1)":"Diputados","('0080-S-2010', 2)":"Diputados","('0080-S-2010', 3)":"Diputados"},"('Tramites', 'MOVIMIENTO')":{"('0080-S-2010', 0)":"CONSIDERACION Y APROBACION","('0080-S-2010', 1)":"PASA A DIPUTADOS -","('0080-S-2010', 2)":"CITACION SESION ESPECIAL","('0080-S-2010', 3)":"CONSIDERACION Y SANCION"},"('Tramites', 'FECHA')":{"('0080-S-2010', 0)":"08\/09\/2010","('0080-S-2010', 1)":null,"('0080-S-2010', 2)":"30\/11\/2011","('0080-S-2010', 3)":"30\/11\/2011"},"('Tramites', 'RESULTADO')":{"('0080-S-2010', 0)":"MEDIA SANCION","('0080-S-2010', 1)":null,"('0080-S-2010', 2)":null,"('0080-S-2010', 3)":"SANCIONADO"},"Link":{"('0080-S-2010', 0)":"https:\/\/www4.hcdn.gob.ar\/dependencias\/dsecretaria\/Periodo2010\/PDF2010\/TP2010\/0080-S-10.pdf","('0080-S-2010', 1)":null,"('0080-S-2010', 2)":null,"('0080-S-2010', 3)":null},"Palabra Clave":{"('0080-S-2010', 0)":" ","('0080-S-2010', 1)":null,"('0080-S-2010', 2)":null,"('0080-S-2010', 3)":null}}