{"Tipo de Proyecto":{"('0082-S-2010', 0)":"PROYECTO DE LEY","('0082-S-2010', 1)":null,"('0082-S-2010', 2)":null,"('0082-S-2010', 3)":null,"('0082-S-2010', 4)":null,"('0082-S-2010', 5)":null,"('0082-S-2010', 6)":null,"('0082-S-2010', 7)":null,"('0082-S-2010', 8)":null},"Iniciado en: ":{"('0082-S-2010', 0)":"Senado","('0082-S-2010', 1)":null,"('0082-S-2010', 2)":null,"('0082-S-2010', 3)":null,"('0082-S-2010', 4)":null,"('0082-S-2010', 5)":null,"('0082-S-2010', 6)":null,"('0082-S-2010', 7)":null,"('0082-S-2010', 8)":null},"Expediente Diputados: ":{"('0082-S-2010', 0)":"0082-S-2010","('0082-S-2010', 1)":null,"('0082-S-2010', 2)":null,"('0082-S-2010', 3)":null,"('0082-S-2010', 4)":null,"('0082-S-2010', 5)":null,"('0082-S-2010', 6)":null,"('0082-S-2010', 7)":null,"('0082-S-2010', 8)":null},"Expediente Senado: ":{"('0082-S-2010', 0)":"0933-S-2010","('0082-S-2010', 1)":null,"('0082-S-2010', 2)":null,"('0082-S-2010', 3)":null,"('0082-S-2010', 4)":null,"('0082-S-2010', 5)":null,"('0082-S-2010', 6)":null,"('0082-S-2010', 7)":null,"('0082-S-2010', 8)":null},"Publicado en: ":{"('0082-S-2010', 0)":"Diario de Asuntos Entrados N\u00b0 41","('0082-S-2010', 1)":null,"('0082-S-2010', 2)":null,"('0082-S-2010', 3)":null,"('0082-S-2010', 4)":null,"('0082-S-2010', 5)":null,"('0082-S-2010', 6)":null,"('0082-S-2010', 7)":null,"('0082-S-2010', 8)":null},"Fecha: ":{"('0082-S-2010', 0)":"20\/04\/2010","('0082-S-2010', 1)":null,"('0082-S-2010', 2)":null,"('0082-S-2010', 3)":null,"('0082-S-2010', 4)":null,"('0082-S-2010', 5)":null,"('0082-S-2010', 6)":null,"('0082-S-2010', 7)":null,"('0082-S-2010', 8)":null},"T\u00edtulo":{"('0082-S-2010', 0)":"MODIFICACION DEL CODIGO PENAL Y EL CODIGO PROCESAL PENAL DE LA NACION, CON RESPECTO AL DELITO DE DESAPARICION FORZADA DE PERSONAS.","('0082-S-2010', 1)":null,"('0082-S-2010', 2)":null,"('0082-S-2010', 3)":null,"('0082-S-2010', 4)":null,"('0082-S-2010', 5)":null,"('0082-S-2010', 6)":null,"('0082-S-2010', 7)":null,"('0082-S-2010', 8)":null},"('Firmantes', 'FIRMANTE')":{"('0082-S-2010', 0)":"ESCUDERO, SONIA MARGARITA","('0082-S-2010', 1)":"MORANDINI, NORMA ELENA","('0082-S-2010', 2)":"JUEZ, LUIS ALFREDO","('0082-S-2010', 3)":"BORTOLOZZI DE BOGADO, ADRIANA RAQUEL","('0082-S-2010', 4)":null,"('0082-S-2010', 5)":null,"('0082-S-2010', 6)":null,"('0082-S-2010', 7)":null,"('0082-S-2010', 8)":null},"('Firmantes', 'DISTRITO')":{"('0082-S-2010', 0)":"SALTA","('0082-S-2010', 1)":"CORDOBA","('0082-S-2010', 2)":"CORDOBA","('0082-S-2010', 3)":"FORMOSA","('0082-S-2010', 4)":null,"('0082-S-2010', 5)":null,"('0082-S-2010', 6)":null,"('0082-S-2010', 7)":null,"('0082-S-2010', 8)":null},"('Firmantes', 'BLOQUE')":{"('0082-S-2010', 0)":"JUSTICIALISTA 8 DE OCTUBRE","('0082-S-2010', 1)":"FRENTE CIVICO DE LA PROVINCIA DE CORDOBA","('0082-S-2010', 2)":"FRENTE CIVICO DE LA PROVINCIA DE CORDOBA","('0082-S-2010', 3)":"FRENTE PARA LA VICTORIA - PJ","('0082-S-2010', 4)":null,"('0082-S-2010', 5)":null,"('0082-S-2010', 6)":null,"('0082-S-2010', 7)":null,"('0082-S-2010', 8)":null},"('Giros', 'COMISI\u00d3N')":{"('0082-S-2010', 0)":"LEGISLACION PENAL","('0082-S-2010', 1)":"DERECHOS HUMANOS Y GARANTIAS","('0082-S-2010', 2)":null,"('0082-S-2010', 3)":null,"('0082-S-2010', 4)":null,"('0082-S-2010', 5)":null,"('0082-S-2010', 6)":null,"('0082-S-2010', 7)":null,"('0082-S-2010', 8)":null},"('Tramites', 'C\u00c1MARA')":{"('0082-S-2010', 0)":"Senado","('0082-S-2010', 1)":"Senado","('0082-S-2010', 2)":"Senado","('0082-S-2010', 3)":"Senado","('0082-S-2010', 4)":"Senado","('0082-S-2010', 5)":"Diputados","('0082-S-2010', 6)":"Diputados","('0082-S-2010', 7)":"Diputados","('0082-S-2010', 8)":"Diputados"},"('Tramites', 'MOVIMIENTO')":{"('0082-S-2010', 0)":"MOCION DE VUELTA A COMISION (AFIRMATIVA) CONJUNTAMENTE PARA LOS EXPEDIENTES 0082-S-2010, 0933-S-2010 y 0941-S-2010","('0082-S-2010', 1)":"MOCION DE PREFERENCIA PARA LA PROXIMA SESION CON DICTAMEN (AFIRMATIVA) CONJUNTAMENTE PARA LOS EXPEDIENTES 0082-S-2010, 0933-S-2010 y 0941-S-2010","('0082-S-2010', 2)":"MOCION DE PREFERENCIA PARA LA PROXIMA SESION CON DICTAMEN (AFIRMATIVA) CONJUNTAMENTE PARA LOS EXPEDIENTES 0082-S-2010, 0933-S-2010 y 0941-S-2010","('0082-S-2010', 3)":"CONSIDERACION Y APROBACION CONJUNTAMENTE PARA LOS EXPEDIENTES 0082-S-2010, 0933-S-2010 y 0941-S-2010","('0082-S-2010', 4)":"INSERCION DEL SENADOR REUTEMANN CONJUNTAMENTE PARA LOS EXPEDIENTES 0082-S-2010, 0933-S-2010 y 0941-S-2010","('0082-S-2010', 5)":"PASA A DIPUTADOS - CONJUNTAMENTE PARA LOS EXPEDIENTES 0082-S-2010, 0933-S-2010 y 0941-S-2010","('0082-S-2010', 6)":"MOCION SOBRE TABLAS (PLAN DE LABOR) (AFIRMATIVA) CONJUNTAMENTE PARA LOS EXPEDIENTES 0082-S-2010, 0933-S-2010 y 0941-S-2010","('0082-S-2010', 7)":"CONSIDERACION Y SANCION (VOTACION GENERAL Y PARTICULAR NOMINAL) CONJUNTAMENTE PARA LOS EXPEDIENTES 0082-S-2010, 0933-S-2010 y 0941-S-2010","('0082-S-2010', 8)":"INSERCION DIPUTADA GALLARDO CONJUNTAMENTE PARA LOS EXPEDIENTES 0082-S-2010, 0933-S-2010 y 0941-S-2010"},"('Tramites', 'FECHA')":{"('0082-S-2010', 0)":"11\/08\/2010","('0082-S-2010', 1)":"11\/08\/2010","('0082-S-2010', 2)":"25\/08\/2010","('0082-S-2010', 3)":"29\/09\/2010","('0082-S-2010', 4)":"29\/09\/2010","('0082-S-2010', 5)":null,"('0082-S-2010', 6)":"13\/04\/2011","('0082-S-2010', 7)":"13\/04\/2011","('0082-S-2010', 8)":"13\/04\/2011"},"('Tramites', 'RESULTADO')":{"('0082-S-2010', 0)":null,"('0082-S-2010', 1)":null,"('0082-S-2010', 2)":null,"('0082-S-2010', 3)":"MEDIA SANCION","('0082-S-2010', 4)":null,"('0082-S-2010', 5)":null,"('0082-S-2010', 6)":null,"('0082-S-2010', 7)":"SANCIONADO","('0082-S-2010', 8)":null},"Sumario":{"('0082-S-2010', 0)":"INCORPORACION DEL ARTICULO 142 TER AL CODIGO PENAL; SUSTITUCION DEL INCISO 1), APARTADO E), DEL ARTICULO 33 DEL CODIGO PROCESAL PENAL; INCORPORACION DE LOS ARTICULOS 194 BIS Y 215 BIS AL CODIGO PROCESAL PENAL.","('0082-S-2010', 1)":null,"('0082-S-2010', 2)":null,"('0082-S-2010', 3)":null,"('0082-S-2010', 4)":null,"('0082-S-2010', 5)":null,"('0082-S-2010', 6)":null,"('0082-S-2010', 7)":null,"('0082-S-2010', 8)":null},"Palabra Clave":{"('0082-S-2010', 0)":" ","('0082-S-2010', 1)":null,"('0082-S-2010', 2)":null,"('0082-S-2010', 3)":null,"('0082-S-2010', 4)":null,"('0082-S-2010', 5)":null,"('0082-S-2010', 6)":null,"('0082-S-2010', 7)":null,"('0082-S-2010', 8)":null}}