{"Tipo de Proyecto":{"('0082-D-2010', 0)":"PROYECTO DE LEY","('0082-D-2010', 1)":null},"Iniciado en: ":{"('0082-D-2010', 0)":"Diputados","('0082-D-2010', 1)":null},"Expediente Diputados: ":{"('0082-D-2010', 0)":"0082-D-2010","('0082-D-2010', 1)":null},"Publicado en: ":{"('0082-D-2010', 0)":"Tr\u00e1mite Parlamentario N\u00b0 3","('0082-D-2010', 1)":null},"Fecha: ":{"('0082-D-2010', 0)":"02\/03\/2010","('0082-D-2010', 1)":null},"T\u00edtulo":{"('0082-D-2010', 0)":"PROHIBICION DE TECNOLOGIAS DE RESTRICCION DEL USO GENETICO (TRUGS) EN SEMILLAS, SANCIONES POR INFRACCION (REPRODUCCION DEL EXPEDIENTE 6376-D-08).","('0082-D-2010', 1)":null},"('Firmantes', 'FIRMANTE')":{"('0082-D-2010', 0)":"BONASSO, MIGUEL LUIS","('0082-D-2010', 1)":null},"('Firmantes', 'DISTRITO')":{"('0082-D-2010', 0)":"CIUDAD de BUENOS AIRES","('0082-D-2010', 1)":null},"('Firmantes', 'BLOQUE')":{"('0082-D-2010', 0)":"DIALOGO POR BUENOS AIRES","('0082-D-2010', 1)":null},"('Giros', 'COMISI\u00d3N')":{"('0082-D-2010', 0)":"RECURSOS NATURALES Y CONSERVACION DEL AMBIENTE HUMANO","('0082-D-2010', 1)":"LEGISLACION PENAL"},"Palabra Clave":{"('0082-D-2010', 0)":" ","('0082-D-2010', 1)":null}}