{"Tipo de Proyecto":{"('0083-D-2010', 0)":"PROYECTO DE LEY","('0083-D-2010', 1)":null,"('0083-D-2010', 2)":null},"Iniciado en: ":{"('0083-D-2010', 0)":"Diputados","('0083-D-2010', 1)":null,"('0083-D-2010', 2)":null},"Expediente Diputados: ":{"('0083-D-2010', 0)":"0083-D-2010","('0083-D-2010', 1)":null,"('0083-D-2010', 2)":null},"Publicado en: ":{"('0083-D-2010', 0)":"Tr\u00e1mite Parlamentario N\u00b0 3","('0083-D-2010', 1)":null,"('0083-D-2010', 2)":null},"Fecha: ":{"('0083-D-2010', 0)":"02\/03\/2010","('0083-D-2010', 1)":null,"('0083-D-2010', 2)":null},"T\u00edtulo":{"('0083-D-2010', 0)":"BOLSAS BIODEGRADABLES, PRESUPUESTOS MINIMOS AMBIENTALES PARA SU UTILIZACION: DEFINICIONES, SANCIONES. (REPRODUCCION DEL EXPEDIENTE 6377-D-08).","('0083-D-2010', 1)":null,"('0083-D-2010', 2)":null},"('Firmantes', 'FIRMANTE')":{"('0083-D-2010', 0)":"BONASSO, MIGUEL LUIS","('0083-D-2010', 1)":null,"('0083-D-2010', 2)":null},"('Firmantes', 'DISTRITO')":{"('0083-D-2010', 0)":"CIUDAD de BUENOS AIRES","('0083-D-2010', 1)":null,"('0083-D-2010', 2)":null},"('Firmantes', 'BLOQUE')":{"('0083-D-2010', 0)":"DIALOGO POR BUENOS AIRES","('0083-D-2010', 1)":null,"('0083-D-2010', 2)":null},"('Giros', 'COMISI\u00d3N')":{"('0083-D-2010', 0)":"RECURSOS NATURALES Y CONSERVACION DEL AMBIENTE HUMANO","('0083-D-2010', 1)":"COMERCIO","('0083-D-2010', 2)":"LEGISLACION PENAL"},"Palabra Clave":{"('0083-D-2010', 0)":" ","('0083-D-2010', 1)":null,"('0083-D-2010', 2)":null}}