{"Tipo de Proyecto":{"('0083-S-2010', 0)":"PROYECTO DE LEY","('0083-S-2010', 1)":null,"('0083-S-2010', 2)":null,"('0083-S-2010', 3)":null},"Iniciado en: ":{"('0083-S-2010', 0)":"Senado","('0083-S-2010', 1)":null,"('0083-S-2010', 2)":null,"('0083-S-2010', 3)":null},"Expediente Senado: ":{"('0083-S-2010', 0)":"0083-S-2010","('0083-S-2010', 1)":null,"('0083-S-2010', 2)":null,"('0083-S-2010', 3)":null},"Publicado en: ":{"('0083-S-2010', 0)":"Diario de Asuntos Entrados N\u00b0 6","('0083-S-2010', 1)":null,"('0083-S-2010', 2)":null,"('0083-S-2010', 3)":null},"Fecha: ":{"('0083-S-2010', 0)":"02\/03\/2010","('0083-S-2010', 1)":null,"('0083-S-2010', 2)":null,"('0083-S-2010', 3)":null},"T\u00edtulo":{"('0083-S-2010', 0)":"INCORPORACION DEL ARTICULO 177 BIS DE LA LEY 20744, DE CONTRATO DE TRABAJO, SOBRE REGIMEN DE LICENCIA POR MATERNIDAD (REPRODUCCION DEL EXPEDIENTE 0218-S-08).","('0083-S-2010', 1)":null,"('0083-S-2010', 2)":null,"('0083-S-2010', 3)":null},"('Firmantes', 'FIRMANTE')":{"('0083-S-2010', 0)":"BORTOLOZZI DE BOGADO, ADRIANA RAQUEL","('0083-S-2010', 1)":null,"('0083-S-2010', 2)":null,"('0083-S-2010', 3)":null},"('Firmantes', 'DISTRITO')":{"('0083-S-2010', 0)":"FORMOSA","('0083-S-2010', 1)":null,"('0083-S-2010', 2)":null,"('0083-S-2010', 3)":null},"('Firmantes', 'BLOQUE')":{"('0083-S-2010', 0)":"FRENTE PARA LA VICTORIA - PJ","('0083-S-2010', 1)":null,"('0083-S-2010', 2)":null,"('0083-S-2010', 3)":null},"('Tramites', 'C\u00c1MARA')":{"('0083-S-2010', 0)":"Senado","('0083-S-2010', 1)":"Senado","('0083-S-2010', 2)":"Senado","('0083-S-2010', 3)":"Diputados"},"('Tramites', 'MOVIMIENTO')":{"('0083-S-2010', 0)":"MOCION DE PREFERENCIA PARA LA ULTIMA SESION DEL MES DE JUNIO CON DICTAMEN (AFIRMATIVA)","('0083-S-2010', 1)":"CONSIDERACION Y APROBACION CONJUNTAMENTE PARA LOS EXPEDIENTES 0060-S-2010, 0389-S-2009, 0589-S-2009, 0720-S-2009, 3344-S-2009, 0083-S-2010, 0090-S-2010, 0292-S-2010, 0657-S-2010, 0926-S-2010, 1233-S-2010, 1234-S-2010, 1408-S-2010 y 1353-S-2010","('0083-S-2010', 2)":"INSERCIONES CONJUNTAMENTE PARA LOS EXPEDIENTES 0060-S-2010, 0389-S-2009, 0589-S-2009, 0720-S-2009, 3344-S-2009, 0083-S-2010, 0090-S-2010, 0292-S-2010, 0657-S-2010, 0926-S-2010, 1233-S-2010, 1234-S-2010, 1408-S-2010 y 1353-S-2010","('0083-S-2010', 3)":"PASA A DIPUTADOS - CONJUNTAMENTE PARA LOS EXPEDIENTES 0060-S-2010, 0389-S-2009, 0589-S-2009, 0720-S-2009, 3344-S-2009, 0083-S-2010, 0090-S-2010, 0292-S-2010, 0657-S-2010, 0926-S-2010, 1233-S-2010, 1234-S-2010, 1408-S-2010 y 1353-S-2010"},"('Tramites', 'FECHA')":{"('0083-S-2010', 0)":"19\/05\/2010","('0083-S-2010', 1)":"30\/06\/2010","('0083-S-2010', 2)":"30\/06\/2010","('0083-S-2010', 3)":null},"('Tramites', 'RESULTADO')":{"('0083-S-2010', 0)":null,"('0083-S-2010', 1)":"MEDIA SANCION","('0083-S-2010', 2)":null,"('0083-S-2010', 3)":null},"Link":{"('0083-S-2010', 0)":"http:\/\/www.senado.gov.ar\/parlamentario\/comisiones\/verExp\/83.10\/S\/PL","('0083-S-2010', 1)":null,"('0083-S-2010', 2)":null,"('0083-S-2010', 3)":null},"Palabra Clave":{"('0083-S-2010', 0)":" ","('0083-S-2010', 1)":null,"('0083-S-2010', 2)":null,"('0083-S-2010', 3)":null}}