{"Tipo de Proyecto":{"('0084-S-2010', 0)":"MENSAJE NRO: 1198\/10 Y PROYECTO DE LEY","('0084-S-2010', 1)":null,"('0084-S-2010', 2)":null,"('0084-S-2010', 3)":null,"('0084-S-2010', 4)":null,"('0084-S-2010', 5)":null},"Iniciado en: ":{"('0084-S-2010', 0)":"Senado","('0084-S-2010', 1)":null,"('0084-S-2010', 2)":null,"('0084-S-2010', 3)":null,"('0084-S-2010', 4)":null,"('0084-S-2010', 5)":null},"Expediente Diputados: ":{"('0084-S-2010', 0)":"0084-S-2010","('0084-S-2010', 1)":null,"('0084-S-2010', 2)":null,"('0084-S-2010', 3)":null,"('0084-S-2010', 4)":null,"('0084-S-2010', 5)":null},"Expediente Senado: ":{"('0084-S-2010', 0)":"0136-PE-2010","('0084-S-2010', 1)":null,"('0084-S-2010', 2)":null,"('0084-S-2010', 3)":null,"('0084-S-2010', 4)":null,"('0084-S-2010', 5)":null},"Publicado en: ":{"('0084-S-2010', 0)":"Diario de Asuntos Entrados N\u00b0 129","('0084-S-2010', 1)":null,"('0084-S-2010', 2)":null,"('0084-S-2010', 3)":null,"('0084-S-2010', 4)":null,"('0084-S-2010', 5)":null},"Fecha: ":{"('0084-S-2010', 0)":"26\/08\/2010","('0084-S-2010', 1)":null,"('0084-S-2010', 2)":null,"('0084-S-2010', 3)":null,"('0084-S-2010', 4)":null,"('0084-S-2010', 5)":null},"T\u00edtulo":{"('0084-S-2010', 0)":"RENOVACION DE LA AUTORIZACION DE SALIDA DE TERRITORIO NACIONAL DE MEDIOS Y PERSONAL DE LAS FUERZAS NACIONALES, PARA QUE CONTINUEN PARTICIPANDO EN LA MISION DE ESTABILIZACION DE LAS NACIONES UNIDAS EN HAITI (MINUSTAH). ","('0084-S-2010', 1)":null,"('0084-S-2010', 2)":null,"('0084-S-2010', 3)":null,"('0084-S-2010', 4)":null,"('0084-S-2010', 5)":null},"('Firmantes', 'FIRMANTE')":{"('0084-S-2010', 0)":"FERNANDEZ DE KIRCHNER, CRISTINA","('0084-S-2010', 1)":"FERNANDEZ, ANIBAL","('0084-S-2010', 2)":"TIMERMAN, HECTOR MARCOS","('0084-S-2010', 3)":"GARRE, NILDA CELIA","('0084-S-2010', 4)":"BOUDOU, AMADO","('0084-S-2010', 5)":"ALAK, JULIO"},"('Firmantes', 'DISTRITO')":{"('0084-S-2010', 0)":null,"('0084-S-2010', 1)":null,"('0084-S-2010', 2)":null,"('0084-S-2010', 3)":null,"('0084-S-2010', 4)":null,"('0084-S-2010', 5)":null},"('Firmantes', 'BLOQUE')":{"('0084-S-2010', 0)":"PODER EJECUTIVO","('0084-S-2010', 1)":"PODER EJECUTIVO","('0084-S-2010', 2)":"PODER EJECUTIVO","('0084-S-2010', 3)":"PODER EJECUTIVO","('0084-S-2010', 4)":"PODER EJECUTIVO","('0084-S-2010', 5)":"PODER EJECUTIVO"},"('Giros', 'COMISI\u00d3N')":{"('0084-S-2010', 0)":"DEFENSA NACIONAL","('0084-S-2010', 1)":"RELACIONES EXTERIORES Y CULTO","('0084-S-2010', 2)":null,"('0084-S-2010', 3)":null,"('0084-S-2010', 4)":null,"('0084-S-2010', 5)":null},"('Tramites', 'C\u00c1MARA')":{"('0084-S-2010', 0)":"Senado","('0084-S-2010', 1)":"Senado","('0084-S-2010', 2)":"Diputados","('0084-S-2010', 3)":"Diputados","('0084-S-2010', 4)":"Diputados","('0084-S-2010', 5)":null},"('Tramites', 'MOVIMIENTO')":{"('0084-S-2010', 0)":"CONSIDERACION Y APROBACION","('0084-S-2010', 1)":"INSERCION DEL SENADOR FILMUS","('0084-S-2010', 2)":"PASA A DIPUTADOS -","('0084-S-2010', 3)":"MOCION SOBRE TABLAS (AFIRMATIVA)","('0084-S-2010', 4)":"CONSIDERACION Y SANCION","('0084-S-2010', 5)":null},"('Tramites', 'FECHA')":{"('0084-S-2010', 0)":"29\/09\/2010","('0084-S-2010', 1)":"29\/09\/2010","('0084-S-2010', 2)":null,"('0084-S-2010', 3)":"10\/11\/2010","('0084-S-2010', 4)":"10\/11\/2010","('0084-S-2010', 5)":null},"('Tramites', 'RESULTADO')":{"('0084-S-2010', 0)":"MEDIA SANCION","('0084-S-2010', 1)":null,"('0084-S-2010', 2)":null,"('0084-S-2010', 3)":null,"('0084-S-2010', 4)":"SANCIONADO","('0084-S-2010', 5)":null},"Link":{"('0084-S-2010', 0)":"https:\/\/www4.hcdn.gob.ar\/dependencias\/dsecretaria\/Periodo2010\/PDF2010\/TP2010\/0084-S-10.pdf","('0084-S-2010', 1)":null,"('0084-S-2010', 2)":null,"('0084-S-2010', 3)":null,"('0084-S-2010', 4)":null,"('0084-S-2010', 5)":null},"Palabra Clave":{"('0084-S-2010', 0)":" ","('0084-S-2010', 1)":null,"('0084-S-2010', 2)":null,"('0084-S-2010', 3)":null,"('0084-S-2010', 4)":null,"('0084-S-2010', 5)":null}}