{"Tipo de Proyecto":{"('0085-S-2010', 0)":"PROYECTO DE LEY"},"Iniciado en: ":{"('0085-S-2010', 0)":"Senado"},"Expediente Senado: ":{"('0085-S-2010', 0)":"0085-S-2010"},"Publicado en: ":{"('0085-S-2010', 0)":"Diario de Asuntos Entrados N\u00b0 6"},"Fecha: ":{"('0085-S-2010', 0)":"02\/03\/2010"},"T\u00edtulo":{"('0085-S-2010', 0)":"CUMPLIMIENTO DE LAS GARANTIAS CONSTITUCIONALES DE COPARTICIPACION FEDERAL DE IMPUESTOS (REPRODUCCION DEL EXPEDIENTE 3232-S-08)."},"('Firmantes', 'FIRMANTE')":{"('0085-S-2010', 0)":"GIUSTINIANI, RUBEN HECTOR"},"('Firmantes', 'DISTRITO')":{"('0085-S-2010', 0)":"SANTA FE"},"('Firmantes', 'BLOQUE')":{"('0085-S-2010', 0)":"PARTIDO SOCIALISTA"},"Link":{"('0085-S-2010', 0)":"http:\/\/www.senado.gov.ar\/parlamentario\/comisiones\/verExp\/85.10\/S\/PL"},"Palabra Clave":{"('0085-S-2010', 0)":" "}}