{"Tipo de Proyecto":{"('0086-S-2010', 0)":"PROYECTO DE LEY","('0086-S-2010', 1)":null,"('0086-S-2010', 2)":null,"('0086-S-2010', 3)":null,"('0086-S-2010', 4)":null},"Iniciado en: ":{"('0086-S-2010', 0)":"Senado","('0086-S-2010', 1)":null,"('0086-S-2010', 2)":null,"('0086-S-2010', 3)":null,"('0086-S-2010', 4)":null},"Expediente Diputados: ":{"('0086-S-2010', 0)":"0086-S-2010","('0086-S-2010', 1)":null,"('0086-S-2010', 2)":null,"('0086-S-2010', 3)":null,"('0086-S-2010', 4)":null},"Expediente Senado: ":{"('0086-S-2010', 0)":"0441-S-2010","('0086-S-2010', 1)":null,"('0086-S-2010', 2)":null,"('0086-S-2010', 3)":null,"('0086-S-2010', 4)":null},"Publicado en: ":{"('0086-S-2010', 0)":"Diario de Asuntos Entrados N\u00b0 22","('0086-S-2010', 1)":null,"('0086-S-2010', 2)":null,"('0086-S-2010', 3)":null,"('0086-S-2010', 4)":null},"Fecha: ":{"('0086-S-2010', 0)":"17\/03\/2010","('0086-S-2010', 1)":null,"('0086-S-2010', 2)":null,"('0086-S-2010', 3)":null,"('0086-S-2010', 4)":null},"T\u00edtulo":{"('0086-S-2010', 0)":"CONTROL DE ARMAS, MUNICION Y MATERIALES RELACIONADOS.","('0086-S-2010', 1)":null,"('0086-S-2010', 2)":null,"('0086-S-2010', 3)":null,"('0086-S-2010', 4)":null},"('Firmantes', 'FIRMANTE')":{"('0086-S-2010', 0)":"ESCUDERO, SONIA MARGARITA","('0086-S-2010', 1)":null,"('0086-S-2010', 2)":null,"('0086-S-2010', 3)":null,"('0086-S-2010', 4)":null},"('Firmantes', 'DISTRITO')":{"('0086-S-2010', 0)":"SALTA","('0086-S-2010', 1)":null,"('0086-S-2010', 2)":null,"('0086-S-2010', 3)":null,"('0086-S-2010', 4)":null},"('Firmantes', 'BLOQUE')":{"('0086-S-2010', 0)":"JUSTICIALISTA 8 DE OCTUBRE","('0086-S-2010', 1)":null,"('0086-S-2010', 2)":null,"('0086-S-2010', 3)":null,"('0086-S-2010', 4)":null},"('Giros', 'COMISI\u00d3N')":{"('0086-S-2010', 0)":"SEGURIDAD INTERIOR","('0086-S-2010', 1)":"LEGISLACION DEL TRABAJO","('0086-S-2010', 2)":"PRESUPUESTO Y HACIENDA","('0086-S-2010', 3)":null,"('0086-S-2010', 4)":null},"('Tramites', 'C\u00c1MARA')":{"('0086-S-2010', 0)":"Senado","('0086-S-2010', 1)":"Senado","('0086-S-2010', 2)":"Senado","('0086-S-2010', 3)":"Diputados","('0086-S-2010', 4)":"Senado"},"('Tramites', 'MOVIMIENTO')":{"('0086-S-2010', 0)":"MOCION DE PREFERENCIA PARA LA SESION DEL 29\/09\/2010 CON DICTAMEN (AFIRMATIVA)","('0086-S-2010', 1)":"SE SUPRIME EL GIRO A LAS COMISIONES DE DEFENSA NACIONAL Y PRESUPUESTO Y HACIENDA","('0086-S-2010', 2)":"CONSIDERACION Y APROBACION CON MODIFICACIONES","('0086-S-2010', 3)":"PASA A DIPUTADOS -","('0086-S-2010', 4)":"REPRODUCIDO POR EXPEDIENTE 0083-S-12"},"('Tramites', 'FECHA')":{"('0086-S-2010', 0)":"11\/08\/2010","('0086-S-2010', 1)":"11\/08\/2010","('0086-S-2010', 2)":"20\/10\/2010","('0086-S-2010', 3)":null,"('0086-S-2010', 4)":null},"('Tramites', 'RESULTADO')":{"('0086-S-2010', 0)":null,"('0086-S-2010', 1)":null,"('0086-S-2010', 2)":"MEDIA SANCION","('0086-S-2010', 3)":null,"('0086-S-2010', 4)":null},"Sumario":{"('0086-S-2010', 0)":"SUSTITUCION DEL ARTICULO 27 DE LA LEY 11709, DEROGACION DE LAS LEYES 23979, 24492 Y 25086, 25938, LA LEY 20429 EN LO REFERIDO A MATERIALES, ACTIVIDADES O PERSONAS REGULADOS EN LA PRESENTE LEY Y LA OS ARTICULOS 18, 19 20 Y 21 DE LA LEY 26216, SUSTITUCION DEL APARTADO 2 DEL ARTICULO 189 BIS DEL CODIGO PENAL, SUSTITUCION DEL ARTICULO 867 DEL CODIGO ADUANERO.","('0086-S-2010', 1)":null,"('0086-S-2010', 2)":null,"('0086-S-2010', 3)":null,"('0086-S-2010', 4)":null},"Palabra Clave":{"('0086-S-2010', 0)":" ","('0086-S-2010', 1)":null,"('0086-S-2010', 2)":null,"('0086-S-2010', 3)":null,"('0086-S-2010', 4)":null}}