{"Tipo de Proyecto":{"('0086-D-2010', 0)":"PROYECTO DE LEY","('0086-D-2010', 1)":null},"Iniciado en: ":{"('0086-D-2010', 0)":"Diputados","('0086-D-2010', 1)":null},"Expediente Diputados: ":{"('0086-D-2010', 0)":"0086-D-2010","('0086-D-2010', 1)":null},"Publicado en: ":{"('0086-D-2010', 0)":"Tr\u00e1mite Parlamentario N\u00b0 3","('0086-D-2010', 1)":null},"Fecha: ":{"('0086-D-2010', 0)":"02\/03\/2010","('0086-D-2010', 1)":null},"T\u00edtulo":{"('0086-D-2010', 0)":"REGIMEN DE CONTRATACIONES DE LOS CLUBES, ASOCIACIONES Y FEDERACIONES CON FUTBOL PROFESIONAL: OBJETO, AMBITO DE APLICACION, PRINCIPIOS GENERALES, CONTRATOS COMPRENDIDOS, CONTRATOS EXCLUIDOS, NORMATIVA APLICABLE, CLAUSULA DE TRANSPARENCIA, CONTROL DEL PROCEDIMIENTO CONTRACTUAL, CLASES DE LICITACIONES Y CONCURSOS PUBLICOS, PERSONAS NO HABILITADAS (REPRODUCCION DEL EXPEDIENTE 1560-D-08).","('0086-D-2010', 1)":null},"('Firmantes', 'FIRMANTE')":{"('0086-D-2010', 0)":"LANCETA, RUBEN ORFEL","('0086-D-2010', 1)":null},"('Firmantes', 'DISTRITO')":{"('0086-D-2010', 0)":"BUENOS AIRES","('0086-D-2010', 1)":null},"('Firmantes', 'BLOQUE')":{"('0086-D-2010', 0)":"UCR","('0086-D-2010', 1)":null},"('Giros', 'COMISI\u00d3N')":{"('0086-D-2010', 0)":"DEPORTES","('0086-D-2010', 1)":"LEGISLACION GENERAL"},"Palabra Clave":{"('0086-D-2010', 0)":" ","('0086-D-2010', 1)":null}}