{"Tipo de Proyecto":{"('0087-S-2010', 0)":"PROYECTO DE LEY","('0087-S-2010', 1)":null,"('0087-S-2010', 2)":null,"('0087-S-2010', 3)":null,"('0087-S-2010', 4)":null,"('0087-S-2010', 5)":null},"Iniciado en: ":{"('0087-S-2010', 0)":"Senado","('0087-S-2010', 1)":null,"('0087-S-2010', 2)":null,"('0087-S-2010', 3)":null,"('0087-S-2010', 4)":null,"('0087-S-2010', 5)":null},"Expediente Diputados: ":{"('0087-S-2010', 0)":"0087-S-2010","('0087-S-2010', 1)":null,"('0087-S-2010', 2)":null,"('0087-S-2010', 3)":null,"('0087-S-2010', 4)":null,"('0087-S-2010', 5)":null},"Expediente Senado: ":{"('0087-S-2010', 0)":"1638-S-2010","('0087-S-2010', 1)":null,"('0087-S-2010', 2)":null,"('0087-S-2010', 3)":null,"('0087-S-2010', 4)":null,"('0087-S-2010', 5)":null},"Publicado en: ":{"('0087-S-2010', 0)":"Diario de Asuntos Entrados N\u00b0 69","('0087-S-2010', 1)":null,"('0087-S-2010', 2)":null,"('0087-S-2010', 3)":null,"('0087-S-2010', 4)":null,"('0087-S-2010', 5)":null},"Fecha: ":{"('0087-S-2010', 0)":"03\/06\/2010","('0087-S-2010', 1)":null,"('0087-S-2010', 2)":null,"('0087-S-2010', 3)":null,"('0087-S-2010', 4)":null,"('0087-S-2010', 5)":null},"T\u00edtulo":{"('0087-S-2010', 0)":"ESTABLECIENDO LAS CLAUSURAS DEFINITIVAS DE LOS LUGARES QUE FUNCIONEN COMO DESARMADEROS DE AUTOPARTES Y PROHIBICION DE LA COMERCIALIZACION, EL TRANSPORTE Y ALMACENAMIENTO DE AUTOPARTES Y OTROS DE AUTOMOTORES . ","('0087-S-2010', 1)":null,"('0087-S-2010', 2)":null,"('0087-S-2010', 3)":null,"('0087-S-2010', 4)":null,"('0087-S-2010', 5)":null},"('Firmantes', 'FIRMANTE')":{"('0087-S-2010', 0)":"PICHETTO, MIGUEL ANGEL","('0087-S-2010', 1)":"CALCAGNO Y MAILLMANN, ERIC","('0087-S-2010', 2)":"FILMUS, DANIEL","('0087-S-2010', 3)":"MAYANS, JOSE MIGUEL ANGEL","('0087-S-2010', 4)":"PAMPURO, JOSE JUAN BAUTISTA","('0087-S-2010', 5)":"FERNANDEZ, NICOLAS ALEJANDRO"},"('Firmantes', 'DISTRITO')":{"('0087-S-2010', 0)":"RIO NEGRO","('0087-S-2010', 1)":"BUENOS AIRES","('0087-S-2010', 2)":"CIUDAD de BUENOS AIRES","('0087-S-2010', 3)":"FORMOSA","('0087-S-2010', 4)":"BUENOS AIRES","('0087-S-2010', 5)":"SANTA CRUZ"},"('Firmantes', 'BLOQUE')":{"('0087-S-2010', 0)":"FRENTE PARA LA VICTORIA - PJ","('0087-S-2010', 1)":"FRENTE PARA LA VICTORIA - PJ","('0087-S-2010', 2)":"FRENTE PARA LA VICTORIA - PJ","('0087-S-2010', 3)":"FRENTE PARA LA VICTORIA - PJ","('0087-S-2010', 4)":"FRENTE PARA LA VICTORIA - PJ","('0087-S-2010', 5)":"FRENTE PARA LA VICTORIA - PJ"},"('Giros', 'COMISI\u00d3N')":{"('0087-S-2010', 0)":"COMERCIO","('0087-S-2010', 1)":"LEGISLACION PENAL","('0087-S-2010', 2)":"INDUSTRIA","('0087-S-2010', 3)":null,"('0087-S-2010', 4)":null,"('0087-S-2010', 5)":null},"('Tramites', 'C\u00c1MARA')":{"('0087-S-2010', 0)":"Senado","('0087-S-2010', 1)":"Senado","('0087-S-2010', 2)":"Senado","('0087-S-2010', 3)":"Senado","('0087-S-2010', 4)":"Diputados","('0087-S-2010', 5)":null},"('Tramites', 'MOVIMIENTO')":{"('0087-S-2010', 0)":"MOCION DE PREFERENCIA PARA LA SESION DEL 29\/09\/2010 CON DICTAMEN (AFIRMATIVA)","('0087-S-2010', 1)":"SE SUPRIME EL GIRO A INDUSTRIA Y COMERCIO; AMPLIACION DE GIRO A SEGURIDAD INTERIOR Y NARCOTRAFICO","('0087-S-2010', 2)":"MOCION SOBRE TABLAS (AFIRMATIVA)","('0087-S-2010', 3)":"CONSIDERACION Y APROBACION CON MODIFICACIONES","('0087-S-2010', 4)":"PASA A DIPUTADOS -","('0087-S-2010', 5)":null},"('Tramites', 'FECHA')":{"('0087-S-2010', 0)":"11\/08\/2010","('0087-S-2010', 1)":"11\/08\/2010","('0087-S-2010', 2)":"20\/10\/2010","('0087-S-2010', 3)":"20\/10\/2010","('0087-S-2010', 4)":null,"('0087-S-2010', 5)":null},"('Tramites', 'RESULTADO')":{"('0087-S-2010', 0)":null,"('0087-S-2010', 1)":null,"('0087-S-2010', 2)":null,"('0087-S-2010', 3)":"MEDIA SANCION","('0087-S-2010', 4)":null,"('0087-S-2010', 5)":null},"Sumario":{"('0087-S-2010', 0)":"DEROGACION DE LA LEY 25761 (REGIMEN LEGAL PARA EL DESARMADO DE AUTOMOTORES Y VENTA DE SUS AUTOPARTES); EXCEPCION: PLANTAS DE DESGUACE DEBIDAMENTE HABILITADAS AL EFECTO, CUYA ACTIVIDAD PRINCIPAL  SE ENCUENTRE DIRIGIDA AL RECICLADO COMO MATERIA PRIMA DE LA INDUSTRIA METALURGICA.","('0087-S-2010', 1)":null,"('0087-S-2010', 2)":null,"('0087-S-2010', 3)":null,"('0087-S-2010', 4)":null,"('0087-S-2010', 5)":null},"Palabra Clave":{"('0087-S-2010', 0)":" ","('0087-S-2010', 1)":null,"('0087-S-2010', 2)":null,"('0087-S-2010', 3)":null,"('0087-S-2010', 4)":null,"('0087-S-2010', 5)":null}}