{"Tipo de Proyecto":{"('0088-OV-2010', 0)":"PROYECTO DE RESOLUCI\u00d3N","('0088-OV-2010', 1)":null,"('0088-OV-2010', 2)":null},"Iniciado en: ":{"('0088-OV-2010', 0)":"Senado","('0088-OV-2010', 1)":null,"('0088-OV-2010', 2)":null},"Expediente Senado: ":{"('0088-OV-2010', 0)":"0088-OV-2010","('0088-OV-2010', 1)":null,"('0088-OV-2010', 2)":null},"Fecha: ":{"('0088-OV-2010', 0)":"06\/04\/2011","('0088-OV-2010', 1)":null,"('0088-OV-2010', 2)":null},"T\u00edtulo":{"('0088-OV-2010', 0)":"PEDIDO DE INFORMES AL PODER EJECUTIVO SOBRE LAS MEDIDAS ADOPTADAS A FIN DE REGULARIZAR LAS SITUACIONES OBSERVADAS POR LA AUDITORIA GENERAL DE LA NACION (0088-OV-10) EN RELACION AL INFORME REFERIDO A LOS ESTADOS FINANCIEROS AL 31\/12\/09 DEL PROGRAMA DE SERVICIOS AGRICOLAS PROVINCIALES II.","('0088-OV-2010', 1)":null,"('0088-OV-2010', 2)":null},"('Firmantes', 'FIRMANTE')":{"('0088-OV-2010', 0)":"PARLAMENTARIA MIXTA REVISORA DE CUENTAS","('0088-OV-2010', 1)":null,"('0088-OV-2010', 2)":null},"('Firmantes', 'DISTRITO')":{"('0088-OV-2010', 0)":null,"('0088-OV-2010', 1)":null,"('0088-OV-2010', 2)":null},"('Firmantes', 'BLOQUE')":{"('0088-OV-2010', 0)":null,"('0088-OV-2010', 1)":null,"('0088-OV-2010', 2)":null},"('Tramites', 'C\u00c1MARA')":{"('0088-OV-2010', 0)":"Senado","('0088-OV-2010', 1)":"Diputados","('0088-OV-2010', 2)":"Senado"},"('Tramites', 'MOVIMIENTO')":{"('0088-OV-2010', 0)":"CONSIDERACION Y APROBACION","('0088-OV-2010', 1)":"PASA A DIPUTADOS -","('0088-OV-2010', 2)":"CONTESTACION DEL PODER EJECUTIVO NACIONAL - GIRADO A LA COMISION RESPECTIVA"},"('Tramites', 'FECHA')":{"('0088-OV-2010', 0)":"04\/05\/2011","('0088-OV-2010', 1)":null,"('0088-OV-2010', 2)":"14\/12\/2011"},"('Tramites', 'RESULTADO')":{"('0088-OV-2010', 0)":"APROBADO","('0088-OV-2010', 1)":null,"('0088-OV-2010', 2)":null},"Link":{"('0088-OV-2010', 0)":"http:\/\/www.senado.gov.ar\/parlamentario\/comisiones\/verExp\/88.10\/OV\/PR","('0088-OV-2010', 1)":null,"('0088-OV-2010', 2)":null},"Palabra Clave":{"('0088-OV-2010', 0)":" ","('0088-OV-2010', 1)":null,"('0088-OV-2010', 2)":null}}