{"Tipo de Proyecto":{"('0088-D-2010', 0)":"PROYECTO DE LEY","('0088-D-2010', 1)":null},"Iniciado en: ":{"('0088-D-2010', 0)":"Diputados","('0088-D-2010', 1)":null},"Expediente Diputados: ":{"('0088-D-2010', 0)":"0088-D-2010","('0088-D-2010', 1)":null},"Publicado en: ":{"('0088-D-2010', 0)":"Tr\u00e1mite Parlamentario N\u00b0 3","('0088-D-2010', 1)":null},"Fecha: ":{"('0088-D-2010', 0)":"02\/03\/2010","('0088-D-2010', 1)":null},"T\u00edtulo":{"('0088-D-2010', 0)":"INSTITUTO NACIONAL DE ESTADISTICAS Y CENSOS (INDEC), DISPONER SU INTERVENCION POR EL PLAZO DE 180 DIAS A CARGO DE UNA COMISION ESPECIAL DEL PARLAMENTO NACIONAL; MODIFICACION DEL ARTICULO 2 DE LA LEY 17622, CREACION DE INDEC (REPRODUCCION DEL EXPEDIENTE 2064-D-08).","('0088-D-2010', 1)":null},"('Firmantes', 'FIRMANTE')":{"('0088-D-2010', 0)":"LANCETA, RUBEN ORFEL","('0088-D-2010', 1)":null},"('Firmantes', 'DISTRITO')":{"('0088-D-2010', 0)":"BUENOS AIRES","('0088-D-2010', 1)":null},"('Firmantes', 'BLOQUE')":{"('0088-D-2010', 0)":"UCR","('0088-D-2010', 1)":null},"('Giros', 'COMISI\u00d3N')":{"('0088-D-2010', 0)":"COMERCIO","('0088-D-2010', 1)":"PETICIONES, PODERES Y REGLAMENTO"},"('Tramites', 'C\u00c1MARA')":{"('0088-D-2010', 0)":"Diputados","('0088-D-2010', 1)":null},"('Tramites', 'MOVIMIENTO')":{"('0088-D-2010', 0)":"MOCION DE PREFERENCIA PARA LA PROXIMA SESION CON DICTAMEN (AFIRMATIVA)","('0088-D-2010', 1)":null},"('Tramites', 'FECHA')":{"('0088-D-2010', 0)":"12\/05\/2010","('0088-D-2010', 1)":null},"('Tramites', 'RESULTADO')":{"('0088-D-2010', 0)":null,"('0088-D-2010', 1)":null},"Palabra Clave":{"('0088-D-2010', 0)":" ","('0088-D-2010', 1)":null}}