{"Tipo de Proyecto":{"('0089-OV-2010', 0)":"PROYECTO DE RESOLUCI\u00d3N"},"Iniciado en: ":{"('0089-OV-2010', 0)":"Senado"},"Expediente Senado: ":{"('0089-OV-2010', 0)":"0089-OV-2010"},"Fecha: ":{"('0089-OV-2010', 0)":"07\/04\/2011"},"T\u00edtulo":{"('0089-OV-2010', 0)":"PEDIDO DE INFORMES AL PODER EJECUTIVO SOBRE LAS MEDIDAS ADOPTADAS PARA SUBSANAR LAS OBSERVACIONES FORMULADAS POR LA AUDITORIA GENERAL DE LA NACION (0089-OV-10), RESPECTO DEL INFORME REFERIDO A LOS ESTADOS FINANCIEROS CORRESPONDIENTES AL PROGRAMA DE PASOS FRONTERIZOS Y CORREDORES DE INTEGRACION, CONTRATO DE PRESTAMO 1294\/OC-AR, EJERCICIO FINALIZADO EL 31\/12\/09."},"('Firmantes', 'FIRMANTE')":{"('0089-OV-2010', 0)":"PARLAMENTARIA MIXTA REVISORA DE CUENTAS"},"('Firmantes', 'DISTRITO')":{"('0089-OV-2010', 0)":null},"('Firmantes', 'BLOQUE')":{"('0089-OV-2010', 0)":null},"Link":{"('0089-OV-2010', 0)":"http:\/\/www.senado.gov.ar\/parlamentario\/comisiones\/verExp\/89.10\/OV\/PR"},"Palabra Clave":{"('0089-OV-2010', 0)":" "}}