{"Tipo de Proyecto":{"('0091-D-2010', 0)":"PROYECTO DE LEY"},"Iniciado en: ":{"('0091-D-2010', 0)":"Diputados"},"Expediente Diputados: ":{"('0091-D-2010', 0)":"0091-D-2010"},"Publicado en: ":{"('0091-D-2010', 0)":"Tr\u00e1mite Parlamentario N\u00b0 3"},"Fecha: ":{"('0091-D-2010', 0)":"02\/03\/2010"},"T\u00edtulo":{"('0091-D-2010', 0)":"OBRAS PUBLICAS, LEY 13064: MODIFICACION DEL ARTICULO 1 (DEFINICION DE OBRA PUBLICA) (REPRODUCCION DEL EXPEDIENTE 3847-D-08)."},"('Firmantes', 'FIRMANTE')":{"('0091-D-2010', 0)":"LANCETA, RUBEN ORFEL"},"('Firmantes', 'DISTRITO')":{"('0091-D-2010', 0)":"BUENOS AIRES"},"('Firmantes', 'BLOQUE')":{"('0091-D-2010', 0)":"UCR"},"('Giros', 'COMISI\u00d3N')":{"('0091-D-2010', 0)":"OBRAS PUBLICAS"},"Palabra Clave":{"('0091-D-2010', 0)":" "}}