{"Tipo de Proyecto":{"('0092-S-2010', 0)":"COMUNICACION"},"Iniciado en: ":{"('0092-S-2010', 0)":"Senado"},"Expediente Senado: ":{"('0092-S-2010', 0)":"0092-S-2010"},"Publicado en: ":{"('0092-S-2010', 0)":"Diario de Asuntos Entrados N\u00b0 6"},"Fecha: ":{"('0092-S-2010', 0)":"02\/03\/2010"},"T\u00edtulo":{"('0092-S-2010', 0)":"SOLICITAR LA REGLAMENTACION DE LA LEY 26534 (CREACION DEL INSTITUTO NACIONAL DE INVESTIGACION, DIAGNOSTICOS Y TRATAMIENTO DE ENFERMEDADES TROPICALES)."},"('Firmantes', 'FIRMANTE')":{"('0092-S-2010', 0)":"LORES, HORACIO"},"('Firmantes', 'DISTRITO')":{"('0092-S-2010', 0)":"NEUQUEN"},"('Firmantes', 'BLOQUE')":{"('0092-S-2010', 0)":"MOV POP NEUQUINO"},"Link":{"('0092-S-2010', 0)":"http:\/\/www.senado.gov.ar\/parlamentario\/comisiones\/verExp\/92.10\/S\/PC"},"Palabra Clave":{"('0092-S-2010', 0)":" "}}