{"Tipo de Proyecto":{"('0092-D-2010', 0)":"PROYECTO DE LEY","('0092-D-2010', 1)":null},"Iniciado en: ":{"('0092-D-2010', 0)":"Diputados","('0092-D-2010', 1)":null},"Expediente Diputados: ":{"('0092-D-2010', 0)":"0092-D-2010","('0092-D-2010', 1)":null},"Publicado en: ":{"('0092-D-2010', 0)":"Tr\u00e1mite Parlamentario N\u00b0 3","('0092-D-2010', 1)":null},"Fecha: ":{"('0092-D-2010', 0)":"02\/03\/2010","('0092-D-2010', 1)":null},"T\u00edtulo":{"('0092-D-2010', 0)":"EMERGENCIA SANITARIA NACIONAL (DECRETO 486\/02) (REPRODUCCION DEL EXPEDIENTE 5438-D-08).","('0092-D-2010', 1)":null},"('Firmantes', 'FIRMANTE')":{"('0092-D-2010', 0)":"LANCETA, RUBEN ORFEL","('0092-D-2010', 1)":null},"('Firmantes', 'DISTRITO')":{"('0092-D-2010', 0)":"BUENOS AIRES","('0092-D-2010', 1)":null},"('Firmantes', 'BLOQUE')":{"('0092-D-2010', 0)":"UCR","('0092-D-2010', 1)":null},"('Giros', 'COMISI\u00d3N')":{"('0092-D-2010', 0)":"ACCION SOCIAL Y SALUD PUBLICA","('0092-D-2010', 1)":"PRESUPUESTO Y HACIENDA"},"Sumario":{"('0092-D-2010', 0)":"MODIFICACION DE LOS ARTICULOS 9 (REGIMEN DE COMPRAS Y CONTRATACIONES) Y 10 (MONITOREO DE PRECIOS E IMPORTACION, LISTADOS DE MEDICAMENTOS E INSUMOS, PRECIOS DE REFERENCIA, PRESCRIPCION POR GENERICOS Y SU SUSTITUCION); DEROGACION DE LOS ARTICULOS 26, 27 Y 28 DEL TITULO II: CONTRATACIONES DEL INSTITUTO NACIONAL DE SERVICIOS SOCIALES PARA JUBILADOS Y PENSIONADOS; INCORPORACION DEL ARTICULO 29 (INSTITUTO NACIONAL DE SERVICIOS SOCIALES PARA JUBILADOS Y PENSIONADOS).","('0092-D-2010', 1)":null},"Palabra Clave":{"('0092-D-2010', 0)":" ","('0092-D-2010', 1)":null}}