{"Tipo de Proyecto":{"('0092-OV-2010', 0)":"PROYECTO DE RESOLUCI\u00d3N","('0092-OV-2010', 1)":null,"('0092-OV-2010', 2)":null},"Iniciado en: ":{"('0092-OV-2010', 0)":"Senado","('0092-OV-2010', 1)":null,"('0092-OV-2010', 2)":null},"Expediente Senado: ":{"('0092-OV-2010', 0)":"0092-OV-2010","('0092-OV-2010', 1)":null,"('0092-OV-2010', 2)":null},"Fecha: ":{"('0092-OV-2010', 0)":"05\/04\/2011","('0092-OV-2010', 1)":null,"('0092-OV-2010', 2)":null},"T\u00edtulo":{"('0092-OV-2010', 0)":"PEDIDO DE INFORMES AL PODER EJECUTIVO SOBRE LAS MEDIDAS ADOPTADAS EN ATENCION A LAS OBSERVACIONES FORMULADAS POR LA AUDITORIA GENERAL DE LA NACION, EN SU EXAMEN SOBRE LOS ESTADOS CONTABLES Y FUNCIONAMIENTO DE LOS SISTEMAS DE CONTROL INTERNO CONTABLE POR LOS EJERCICIOS FINALIZADOS AL 31\/12\/05, 31\/12\/06 Y 31\/12\/07, DEL FONDO NACIONAL DE DESARROLLO PARA LA MICRO, PEQUE\u00d1A Y MEDIANA EMPRESA, REMITIDOS EN EXPEDIENTES 0092-OV-10, 0093-OV-10, 0094-OV-10, 0095-OV-10, 0293-OV-10 Y 0294-OV-10.","('0092-OV-2010', 1)":null,"('0092-OV-2010', 2)":null},"('Firmantes', 'FIRMANTE')":{"('0092-OV-2010', 0)":"PARLAMENTARIA MIXTA REVISORA DE CUENTAS","('0092-OV-2010', 1)":null,"('0092-OV-2010', 2)":null},"('Firmantes', 'DISTRITO')":{"('0092-OV-2010', 0)":null,"('0092-OV-2010', 1)":null,"('0092-OV-2010', 2)":null},"('Firmantes', 'BLOQUE')":{"('0092-OV-2010', 0)":null,"('0092-OV-2010', 1)":null,"('0092-OV-2010', 2)":null},"('Tramites', 'C\u00c1MARA')":{"('0092-OV-2010', 0)":"Senado","('0092-OV-2010', 1)":"Diputados","('0092-OV-2010', 2)":"Senado"},"('Tramites', 'MOVIMIENTO')":{"('0092-OV-2010', 0)":"CONSIDERACION Y APROBACION","('0092-OV-2010', 1)":"PASA A DIPUTADOS -","('0092-OV-2010', 2)":"CONTESTACION DEL PODER EJECUTIVO NACIONAL - GIRADO A LA COMISION RESPECTIVA"},"('Tramites', 'FECHA')":{"('0092-OV-2010', 0)":"04\/05\/2011","('0092-OV-2010', 1)":null,"('0092-OV-2010', 2)":"14\/03\/2012"},"('Tramites', 'RESULTADO')":{"('0092-OV-2010', 0)":"APROBADO","('0092-OV-2010', 1)":null,"('0092-OV-2010', 2)":null},"Link":{"('0092-OV-2010', 0)":"http:\/\/www.senado.gov.ar\/parlamentario\/comisiones\/verExp\/92.10\/OV\/PR","('0092-OV-2010', 1)":null,"('0092-OV-2010', 2)":null},"Palabra Clave":{"('0092-OV-2010', 0)":" ","('0092-OV-2010', 1)":null,"('0092-OV-2010', 2)":null}}