{"Tipo de Proyecto":{"('0093-D-2010', 0)":"PROYECTO DE LEY","('0093-D-2010', 1)":null},"Iniciado en: ":{"('0093-D-2010', 0)":"Diputados","('0093-D-2010', 1)":null},"Expediente Diputados: ":{"('0093-D-2010', 0)":"0093-D-2010","('0093-D-2010', 1)":null},"Publicado en: ":{"('0093-D-2010', 0)":"Tr\u00e1mite Parlamentario N\u00b0 3","('0093-D-2010', 1)":null},"Fecha: ":{"('0093-D-2010', 0)":"02\/03\/2010","('0093-D-2010', 1)":null},"T\u00edtulo":{"('0093-D-2010', 0)":"REGIMEN DE CONTRATACIONES DEL ESTADO NACIONAL, DECRETO 1023\/01: MODIFICACION DEL ARTICULO 23 (ORGANOS DEL SISTEMA) (REPRODUCCION DEL EXPEDIENTE 5925-D-08).","('0093-D-2010', 1)":null},"('Firmantes', 'FIRMANTE')":{"('0093-D-2010', 0)":"LANCETA, RUBEN ORFEL","('0093-D-2010', 1)":null},"('Firmantes', 'DISTRITO')":{"('0093-D-2010', 0)":"BUENOS AIRES","('0093-D-2010', 1)":null},"('Firmantes', 'BLOQUE')":{"('0093-D-2010', 0)":"UCR","('0093-D-2010', 1)":null},"('Giros', 'COMISI\u00d3N')":{"('0093-D-2010', 0)":"OBRAS PUBLICAS","('0093-D-2010', 1)":"JUSTICIA"},"Palabra Clave":{"('0093-D-2010', 0)":" ","('0093-D-2010', 1)":null}}