{"Tipo de Proyecto":{"('0094-D-2010', 0)":"PROYECTO DE RESOLUCI\u00d3N","('0094-D-2010', 1)":null,"('0094-D-2010', 2)":null},"Iniciado en: ":{"('0094-D-2010', 0)":"Diputados","('0094-D-2010', 1)":null,"('0094-D-2010', 2)":null},"Expediente Diputados: ":{"('0094-D-2010', 0)":"0094-D-2010","('0094-D-2010', 1)":null,"('0094-D-2010', 2)":null},"Publicado en: ":{"('0094-D-2010', 0)":"Tr\u00e1mite Parlamentario N\u00b0 2","('0094-D-2010', 1)":null,"('0094-D-2010', 2)":null},"Fecha: ":{"('0094-D-2010', 0)":"02\/03\/2010","('0094-D-2010', 1)":null,"('0094-D-2010', 2)":null},"T\u00edtulo":{"('0094-D-2010', 0)":"DECLARAR NULO DE NULIDAD ABSOLUTA, EL DECRETO DE NECESIDAD Y URGENCIA 298\/2010, DE CREACION EL FONDO DEL DESENDEUDAMIENTO ARGENTINO, Y CREACION, EN EL AMBITO DEL HONORABLE CONGRESO DE LA NACION, DE LA COMISION BICAMERAL PERMANENTE DE SEGUIMIENTO DE LOS PAGOS DE LA DEUDA. ","('0094-D-2010', 1)":null,"('0094-D-2010', 2)":null},"('Firmantes', 'FIRMANTE')":{"('0094-D-2010', 0)":"CARRIO, ELISA MARIA AVELINA","('0094-D-2010', 1)":null,"('0094-D-2010', 2)":null},"('Firmantes', 'DISTRITO')":{"('0094-D-2010', 0)":"CIUDAD de BUENOS AIRES","('0094-D-2010', 1)":null,"('0094-D-2010', 2)":null},"('Firmantes', 'BLOQUE')":{"('0094-D-2010', 0)":"COALICION CIVICA","('0094-D-2010', 1)":null,"('0094-D-2010', 2)":null},"('Giros', 'COMISI\u00d3N')":{"('0094-D-2010', 0)":"PRESUPUESTO Y HACIENDA","('0094-D-2010', 1)":"FINANZAS","('0094-D-2010', 2)":"ASUNTOS CONSTITUCIONALES"},"Link":{"('0094-D-2010', 0)":"https:\/\/www.hcdn.gob.ar\/proyectos\/textoCompleto.jsp?exp=0094-D-2010&tipo=RESOLUCION","('0094-D-2010', 1)":null,"('0094-D-2010', 2)":null},"Palabra Clave":{"('0094-D-2010', 0)":" ","('0094-D-2010', 1)":null,"('0094-D-2010', 2)":null}}