{"Tipo de Proyecto":{"('0095-S-2010', 0)":"PROYECTO DE LEY","('0095-S-2010', 1)":null,"('0095-S-2010', 2)":null,"('0095-S-2010', 3)":null,"('0095-S-2010', 4)":null},"Iniciado en: ":{"('0095-S-2010', 0)":"Senado","('0095-S-2010', 1)":null,"('0095-S-2010', 2)":null,"('0095-S-2010', 3)":null,"('0095-S-2010', 4)":null},"Expediente Diputados: ":{"('0095-S-2010', 0)":"0095-S-2010","('0095-S-2010', 1)":null,"('0095-S-2010', 2)":null,"('0095-S-2010', 3)":null,"('0095-S-2010', 4)":null},"Expediente Senado: ":{"('0095-S-2010', 0)":"3748-S-2010","('0095-S-2010', 1)":null,"('0095-S-2010', 2)":null,"('0095-S-2010', 3)":null,"('0095-S-2010', 4)":null},"Publicado en: ":{"('0095-S-2010', 0)":"Diario de Asuntos Entrados N\u00b0 169","('0095-S-2010', 1)":null,"('0095-S-2010', 2)":null,"('0095-S-2010', 3)":null,"('0095-S-2010', 4)":null},"Fecha: ":{"('0095-S-2010', 0)":"25\/10\/2010","('0095-S-2010', 1)":null,"('0095-S-2010', 2)":null,"('0095-S-2010', 3)":null,"('0095-S-2010', 4)":null},"T\u00edtulo":{"('0095-S-2010', 0)":"DECLARAR ZONA DE DESASTRE Y EMERGENCIA ECONOMICA, SOCIAL Y PRODUCTIVA POR 365 DIAS, PRORROGABLES POR IGUAL TERMINO, A LA LOCALIDAD DE POZO DEL TIGRE, PROVINCIA DE FORMOSA Y ZONAS ALEDA\u00d1AS AFECTADAS POR EL FENOMENO CLIMATICO OCURRIDO EL 21 DE OCTUBRE DE 2010. ","('0095-S-2010', 1)":null,"('0095-S-2010', 2)":null,"('0095-S-2010', 3)":null,"('0095-S-2010', 4)":null},"('Firmantes', 'FIRMANTE')":{"('0095-S-2010', 0)":"MAYANS, JOSE MIGUEL ANGEL","('0095-S-2010', 1)":null,"('0095-S-2010', 2)":null,"('0095-S-2010', 3)":null,"('0095-S-2010', 4)":null},"('Firmantes', 'DISTRITO')":{"('0095-S-2010', 0)":"FORMOSA","('0095-S-2010', 1)":null,"('0095-S-2010', 2)":null,"('0095-S-2010', 3)":null,"('0095-S-2010', 4)":null},"('Firmantes', 'BLOQUE')":{"('0095-S-2010', 0)":"FRENTE PARA LA VICTORIA - PJ","('0095-S-2010', 1)":null,"('0095-S-2010', 2)":null,"('0095-S-2010', 3)":null,"('0095-S-2010', 4)":null},"('Giros', 'COMISI\u00d3N')":{"('0095-S-2010', 0)":"ACCION SOCIAL Y SALUD PUBLICA","('0095-S-2010', 1)":"ECONOMIAS Y DESARROLLO REGIONAL","('0095-S-2010', 2)":"PRESUPUESTO Y HACIENDA","('0095-S-2010', 3)":null,"('0095-S-2010', 4)":null},"('Tramites', 'C\u00c1MARA')":{"('0095-S-2010', 0)":"Senado","('0095-S-2010', 1)":"Senado","('0095-S-2010', 2)":"Senado","('0095-S-2010', 3)":"Senado","('0095-S-2010', 4)":"Diputados"},"('Tramites', 'MOVIMIENTO')":{"('0095-S-2010', 0)":"MOCION SOBRE TABLAS (AFIRMATIVA) CONJUNTAMENTE PARA LOS EXPEDIENTES 0095-S-2010, 3748-S-2010 y 3735-S-2010","('0095-S-2010', 1)":"CONSTITUCION CAMARA EN COMISION (AFIRMATIVA) CONJUNTAMENTE PARA LOS EXPEDIENTES 0095-S-2010, 3748-S-2010 y 3735-S-2010","('0095-S-2010', 2)":"CONFERENCIA CONJUNTAMENTE PARA LOS EXPEDIENTES 0095-S-2010, 3748-S-2010 y 3735-S-2010","('0095-S-2010', 3)":"CONSIDERACION Y APROBACION CONJUNTAMENTE PARA LOS EXPEDIENTES 0095-S-2010, 3748-S-2010 y 3735-S-2010","('0095-S-2010', 4)":"PASA A DIPUTADOS - CONJUNTAMENTE PARA LOS EXPEDIENTES 0095-S-2010, 3748-S-2010 y 3735-S-2010"},"('Tramites', 'FECHA')":{"('0095-S-2010', 0)":"03\/11\/2010","('0095-S-2010', 1)":"03\/11\/2010","('0095-S-2010', 2)":"03\/11\/2010","('0095-S-2010', 3)":"03\/11\/2010","('0095-S-2010', 4)":null},"('Tramites', 'RESULTADO')":{"('0095-S-2010', 0)":null,"('0095-S-2010', 1)":null,"('0095-S-2010', 2)":null,"('0095-S-2010', 3)":"MEDIA SANCION","('0095-S-2010', 4)":null},"Link":{"('0095-S-2010', 0)":"https:\/\/www4.hcdn.gob.ar\/dependencias\/dsecretaria\/Periodo2010\/PDF2010\/TP2010\/0095-S-10.pdf","('0095-S-2010', 1)":null,"('0095-S-2010', 2)":null,"('0095-S-2010', 3)":null,"('0095-S-2010', 4)":null},"Palabra Clave":{"('0095-S-2010', 0)":" ","('0095-S-2010', 1)":null,"('0095-S-2010', 2)":null,"('0095-S-2010', 3)":null,"('0095-S-2010', 4)":null}}