{"Tipo de Proyecto":{"('0096-S-2010', 0)":"PROYECTO DE LEY"},"Iniciado en: ":{"('0096-S-2010', 0)":"Senado"},"Expediente Senado: ":{"('0096-S-2010', 0)":"0096-S-2010"},"Publicado en: ":{"('0096-S-2010', 0)":"Diario de Asuntos Entrados N\u00b0 6"},"Fecha: ":{"('0096-S-2010', 0)":"02\/03\/2010"},"T\u00edtulo":{"('0096-S-2010', 0)":"PRESUPUESTOS MINIMOS DE PROTECCION Y CONSERVACION DE LA FLORA SILVESTRE AUTOCTONA, EN CONCORDANCIA CON EL ARTICULO 41 DE LA CONSTITUCION NACIONAL (REPRODUCCION DEL EXPEDIENTE 1175-S-08)."},"('Firmantes', 'FIRMANTE')":{"('0096-S-2010', 0)":"LORES, HORACIO"},"('Firmantes', 'DISTRITO')":{"('0096-S-2010', 0)":"NEUQUEN"},"('Firmantes', 'BLOQUE')":{"('0096-S-2010', 0)":"MOV POP NEUQUINO"},"Sumario":{"('0096-S-2010', 0)":"OBJETIVO, DEFINICION Y CLASIFICACION; GESTION, APROVECHAMIENTO SUSTENTABLE Y MEDIDAS DE PRESERVACION;  EVALUACION DE IMPACTO AMBIENTAL; INTRODUCCION Y CONTROL SANITARIO DE LA FLORA.;  FISCALIZACION;  REGIMEN SANCIONATORIO; ANEXO I CATEGORIAS; ANEXO II, CRITERIOS PARA LAS CATEGORIAS EN PELIGRO CRITICO, EN PELIGRO Y VULNERABLE."},"Palabra Clave":{"('0096-S-2010', 0)":" "}}