{"Tipo de Proyecto":{"('0096-D-2010', 0)":"PROYECTO DE LEY","('0096-D-2010', 1)":null},"Iniciado en: ":{"('0096-D-2010', 0)":"Diputados","('0096-D-2010', 1)":null},"Expediente Diputados: ":{"('0096-D-2010', 0)":"0096-D-2010","('0096-D-2010', 1)":null},"Publicado en: ":{"('0096-D-2010', 0)":"Tr\u00e1mite Parlamentario N\u00b0 4","('0096-D-2010', 1)":null},"Fecha: ":{"('0096-D-2010', 0)":"02\/03\/2010","('0096-D-2010', 1)":null},"T\u00edtulo":{"('0096-D-2010', 0)":"PRODUCTOS ALIMENTICIOS ELABORADOS CON ACEITES HIDROGENADOS, OBLIGATORIEDAD DE IDENTIFICARLOS CON UNA LEYENDA (REPRODUCCION DEL EXPEDIENTE 2344-D-08).","('0096-D-2010', 1)":null},"('Firmantes', 'FIRMANTE')":{"('0096-D-2010', 0)":"MORANTE, ANTONIO ARNALDO MARIA","('0096-D-2010', 1)":null},"('Firmantes', 'DISTRITO')":{"('0096-D-2010', 0)":"CHACO","('0096-D-2010', 1)":null},"('Firmantes', 'BLOQUE')":{"('0096-D-2010', 0)":"FRENTE PARA LA VICTORIA - PJ","('0096-D-2010', 1)":null},"('Giros', 'COMISI\u00d3N')":{"('0096-D-2010', 0)":"ACCION SOCIAL Y SALUD PUBLICA","('0096-D-2010', 1)":"INDUSTRIA"},"Palabra Clave":{"('0096-D-2010', 0)":" ","('0096-D-2010', 1)":null}}