{"Tipo de Proyecto":{"('0098-S-2010', 0)":"PROYECTO DE DECLARACI\u00d3N","('0098-S-2010', 1)":null},"Iniciado en: ":{"('0098-S-2010', 0)":"Senado","('0098-S-2010', 1)":null},"Expediente Senado: ":{"('0098-S-2010', 0)":"0098-S-2010","('0098-S-2010', 1)":null},"Publicado en: ":{"('0098-S-2010', 0)":"Diario de Asuntos Entrados N\u00b0 6","('0098-S-2010', 1)":null},"Fecha: ":{"('0098-S-2010', 0)":"02\/03\/2010","('0098-S-2010', 1)":null},"T\u00edtulo":{"('0098-S-2010', 0)":"DECLARAR DE INTERES CULTURAL AL HOMENAJE \"LIDERAZGO CON MIRADA DE MUJER\" QUE SE REALIZARA EL 8 DE MARZO DE CORRIENTE DIA INTERNACIONAL DE LA MUJER - EN LA CIUDAD DEL NEUQUEN.","('0098-S-2010', 1)":null},"('Firmantes', 'FIRMANTE')":{"('0098-S-2010', 0)":"PARRILLI, NANCI MARIA AGUSTINA","('0098-S-2010', 1)":null},"('Firmantes', 'DISTRITO')":{"('0098-S-2010', 0)":"NEUQUEN","('0098-S-2010', 1)":null},"('Firmantes', 'BLOQUE')":{"('0098-S-2010', 0)":"FRENTE PARA LA VICTORIA - PJ","('0098-S-2010', 1)":null},"('Tramites', 'C\u00c1MARA')":{"('0098-S-2010', 0)":"Senado","('0098-S-2010', 1)":"Senado"},"('Tramites', 'MOVIMIENTO')":{"('0098-S-2010', 0)":"MOCION SOBRE TABLAS (AFIRMATIVA)","('0098-S-2010', 1)":"CONSIDERACION Y APROBACION"},"('Tramites', 'FECHA')":{"('0098-S-2010', 0)":"28\/04\/2010","('0098-S-2010', 1)":"28\/04\/2010"},"('Tramites', 'RESULTADO')":{"('0098-S-2010', 0)":null,"('0098-S-2010', 1)":"APROBADO"},"Link":{"('0098-S-2010', 0)":"http:\/\/www.senado.gov.ar\/parlamentario\/comisiones\/verExp\/98.10\/S\/PD","('0098-S-2010', 1)":null},"Palabra Clave":{"('0098-S-2010', 0)":" ","('0098-S-2010', 1)":null}}