{"Tipo de Proyecto":{"('0100-OV-2010', 0)":"PROYECTO DE RESOLUCI\u00d3N","('0100-OV-2010', 1)":null,"('0100-OV-2010', 2)":null,"('0100-OV-2010', 3)":null},"Iniciado en: ":{"('0100-OV-2010', 0)":"Senado","('0100-OV-2010', 1)":null,"('0100-OV-2010', 2)":null,"('0100-OV-2010', 3)":null},"Expediente Senado: ":{"('0100-OV-2010', 0)":"0100-OV-2010","('0100-OV-2010', 1)":null,"('0100-OV-2010', 2)":null,"('0100-OV-2010', 3)":null},"Fecha: ":{"('0100-OV-2010', 0)":"07\/04\/2011","('0100-OV-2010', 1)":null,"('0100-OV-2010', 2)":null,"('0100-OV-2010', 3)":null},"T\u00edtulo":{"('0100-OV-2010', 0)":"PEDIDO DE INFORMES AL PODER EJECUTIVO SOBRE LAS MEDIDAS ADOPTADAS A FIN DE REGULARIZAR LAS SITUACIONES OBSERVADAS POR LA AUDITORIA GENERAL DE LA NACION (0100-OV-10), EN RELACION AL INFORME SOBRE LOS ESTADOS FINANCIEROS AL 31\/12\/09, CORRESPONDIENTES AL \"PROYECTO DE INVERSION EN SALUD MATERNO-INFANTIL PROVINCIAL\" PNUD ARG\/04\/023, PRESTAMO BIRF 7225-AR Y \"SEGUNDO PROYECTO DE INVERSION DE SALUD MATERNO-INFANTIL PROVINCIAL II\", PRESTAMO BIRF 7409-AR.","('0100-OV-2010', 1)":null,"('0100-OV-2010', 2)":null,"('0100-OV-2010', 3)":null},"('Firmantes', 'FIRMANTE')":{"('0100-OV-2010', 0)":"PARLAMENTARIA MIXTA REVISORA DE CUENTAS","('0100-OV-2010', 1)":null,"('0100-OV-2010', 2)":null,"('0100-OV-2010', 3)":null},"('Firmantes', 'DISTRITO')":{"('0100-OV-2010', 0)":null,"('0100-OV-2010', 1)":null,"('0100-OV-2010', 2)":null,"('0100-OV-2010', 3)":null},"('Firmantes', 'BLOQUE')":{"('0100-OV-2010', 0)":null,"('0100-OV-2010', 1)":null,"('0100-OV-2010', 2)":null,"('0100-OV-2010', 3)":null},"('Tramites', 'C\u00c1MARA')":{"('0100-OV-2010', 0)":"Senado","('0100-OV-2010', 1)":"Diputados","('0100-OV-2010', 2)":"Senado","('0100-OV-2010', 3)":"Senado"},"('Tramites', 'MOVIMIENTO')":{"('0100-OV-2010', 0)":"CONSIDERACION Y APROBACION","('0100-OV-2010', 1)":"PASA A DIPUTADOS -","('0100-OV-2010', 2)":"CONTESTACION DEL PODER EJECUTIVO NACIONAL - GIRADO A LA COMISION RESPECTIVA","('0100-OV-2010', 3)":"CONTESTACION DEL PODER EJECUTIVO NACIONAL - GIRADO A LA COMISION RESPECTIVA"},"('Tramites', 'FECHA')":{"('0100-OV-2010', 0)":"04\/05\/2011","('0100-OV-2010', 1)":null,"('0100-OV-2010', 2)":"14\/12\/2011","('0100-OV-2010', 3)":"02\/07\/2014"},"('Tramites', 'RESULTADO')":{"('0100-OV-2010', 0)":"APROBADO","('0100-OV-2010', 1)":null,"('0100-OV-2010', 2)":null,"('0100-OV-2010', 3)":null},"Link":{"('0100-OV-2010', 0)":"http:\/\/www.senado.gov.ar\/parlamentario\/comisiones\/verExp\/100.10\/OV\/PR","('0100-OV-2010', 1)":null,"('0100-OV-2010', 2)":null,"('0100-OV-2010', 3)":null},"Palabra Clave":{"('0100-OV-2010', 0)":" ","('0100-OV-2010', 1)":null,"('0100-OV-2010', 2)":null,"('0100-OV-2010', 3)":null}}