{"Tipo de Proyecto":{"('0101-OV-2010', 0)":"PROYECTO DE RESOLUCI\u00d3N","('0101-OV-2010', 1)":null},"Iniciado en: ":{"('0101-OV-2010', 0)":"Senado","('0101-OV-2010', 1)":null},"Expediente Senado: ":{"('0101-OV-2010', 0)":"0101-OV-2010","('0101-OV-2010', 1)":null},"Fecha: ":{"('0101-OV-2010', 0)":"05\/04\/2011","('0101-OV-2010', 1)":null},"T\u00edtulo":{"('0101-OV-2010', 0)":"PEDIDO DE INFORMES AL PODER EJECUTIVO SOBRE LAS MEDIDAS ADOPTADAS EN ATENCION A LAS OBSERVACIONES FORMULADAS POR LA AUDITORIA GENERAL DE LA NACION, EN SU EXAMEN REFERIDO A LOS ESTADOS FINANCIEROS AL 31\/12\/09 CORRESPONDIENTES AL PROYECTO PNUD ARG\/08\/008 BOSQUES NATIVOS Y SU BIODIVERSIDAD Y PROYECTO DE MANEJO SUSTENTABLE DE LOS RECURSOS NATURALES -CONTRATO DE PRESTAMO 7520 AR BIRF, EN EXPEDIENTES REMITIDOS 0101-OV-10 Y 0275-OV-10.","('0101-OV-2010', 1)":null},"('Firmantes', 'FIRMANTE')":{"('0101-OV-2010', 0)":"PARLAMENTARIA MIXTA REVISORA DE CUENTAS","('0101-OV-2010', 1)":null},"('Firmantes', 'DISTRITO')":{"('0101-OV-2010', 0)":null,"('0101-OV-2010', 1)":null},"('Firmantes', 'BLOQUE')":{"('0101-OV-2010', 0)":null,"('0101-OV-2010', 1)":null},"('Tramites', 'C\u00c1MARA')":{"('0101-OV-2010', 0)":"Senado","('0101-OV-2010', 1)":"Diputados"},"('Tramites', 'MOVIMIENTO')":{"('0101-OV-2010', 0)":"CONSIDERACION Y APROBACION","('0101-OV-2010', 1)":"PASA A DIPUTADOS -"},"('Tramites', 'FECHA')":{"('0101-OV-2010', 0)":"04\/05\/2011","('0101-OV-2010', 1)":null},"('Tramites', 'RESULTADO')":{"('0101-OV-2010', 0)":"APROBADO","('0101-OV-2010', 1)":null},"Link":{"('0101-OV-2010', 0)":"http:\/\/www.senado.gov.ar\/parlamentario\/comisiones\/verExp\/101.10\/OV\/PR","('0101-OV-2010', 1)":null},"Palabra Clave":{"('0101-OV-2010', 0)":" ","('0101-OV-2010', 1)":null}}