{"Tipo de Proyecto":{"('0103-OV-2010', 0)":"PROYECTO DE RESOLUCI\u00d3N"},"Iniciado en: ":{"('0103-OV-2010', 0)":"Senado"},"Expediente Senado: ":{"('0103-OV-2010', 0)":"0103-OV-2010"},"Fecha: ":{"('0103-OV-2010', 0)":"07\/04\/2011"},"T\u00edtulo":{"('0103-OV-2010', 0)":"PEDIDO DE INFORMES AL PODER EJECUTIVO SOBRE LAS MEDIDAS ADOPTADAS A FIN DE REGULARIZAR LAS SITUACIONES OBSERVADAS POR LA AUDITORIA GENERAL DE LA NACION (0103-OV-10) EN SU INFORME REFERIDO A LOS ESTADOS FINANCIEROS DEL EJERCICIO FINALIZADO EL 31\/12\/09, CORRESPONDIENTES AL PROGRAMA DE GESTION DE LA SANIDAD Y CALIDAD AGROALIMENTARIA, CONTRATO DE PRESTAMO 1950-OC-AR BID."},"('Firmantes', 'FIRMANTE')":{"('0103-OV-2010', 0)":"PARLAMENTARIA MIXTA REVISORA DE CUENTAS"},"('Firmantes', 'DISTRITO')":{"('0103-OV-2010', 0)":null},"('Firmantes', 'BLOQUE')":{"('0103-OV-2010', 0)":null},"Sumario":{"('0103-OV-2010', 0)":"PERJUICIOS FISCALES Y RESPONSABILIDADES."},"Palabra Clave":{"('0103-OV-2010', 0)":" "}}