{"Tipo de Proyecto":{"('0104-S-2010', 0)":"PROYECTO DE DECLARACI\u00d3N","('0104-S-2010', 1)":null},"Iniciado en: ":{"('0104-S-2010', 0)":"Senado","('0104-S-2010', 1)":null},"Expediente Senado: ":{"('0104-S-2010', 0)":"0104-S-2010","('0104-S-2010', 1)":null},"Publicado en: ":{"('0104-S-2010', 0)":"Diario de Asuntos Entrados N\u00b0 7","('0104-S-2010', 1)":null},"Fecha: ":{"('0104-S-2010', 0)":"03\/03\/2010","('0104-S-2010', 1)":null},"T\u00edtulo":{"('0104-S-2010', 0)":"EXPRESAR PESADUMBRE POR EL TERREMOTO QUE ASOLO A LA REPUBLICA DE CHILE Y SOLIDARIDAD CON ESA NACION.","('0104-S-2010', 1)":null},"('Firmantes', 'FIRMANTE')":{"('0104-S-2010', 0)":"RACHED, EMILIO ALBERTO","('0104-S-2010', 1)":null},"('Firmantes', 'DISTRITO')":{"('0104-S-2010', 0)":"SANTIAGO DEL ESTERO","('0104-S-2010', 1)":null},"('Firmantes', 'BLOQUE')":{"('0104-S-2010', 0)":"UCR","('0104-S-2010', 1)":null},"('Tramites', 'C\u00c1MARA')":{"('0104-S-2010', 0)":"Senado","('0104-S-2010', 1)":"Senado"},"('Tramites', 'MOVIMIENTO')":{"('0104-S-2010', 0)":"MOCION SOBRE TABLAS (AFIRMATIVA) CONJUNTAMENTE PARA LOS EXPEDIENTES 0011-S-2010, 0012-S-2010, 0124-S-2010, 0117-S-2010, 0115-S-2010, 0114-S-2010, 0109-S-2010, 0104-S-2010, 0091-S-2010, 0089-S-2010, 0088-S-2010 y 0116-S-2010","('0104-S-2010', 1)":"CONSIDERACION Y APROBACION (TEXTO UNIFICADO) CONJUNTAMENTE PARA LOS EXPEDIENTES 0011-S-2010, 0012-S-2010, 0124-S-2010, 0117-S-2010, 0115-S-2010, 0114-S-2010, 0109-S-2010, 0104-S-2010, 0091-S-2010, 0089-S-2010, 0088-S-2010 y 0116-S-2010"},"('Tramites', 'FECHA')":{"('0104-S-2010', 0)":"03\/03\/2010","('0104-S-2010', 1)":"03\/03\/2010"},"('Tramites', 'RESULTADO')":{"('0104-S-2010', 0)":null,"('0104-S-2010', 1)":"APROBADO"},"Link":{"('0104-S-2010', 0)":"http:\/\/www.senado.gov.ar\/parlamentario\/comisiones\/verExp\/104.10\/S\/PD","('0104-S-2010', 1)":null},"Palabra Clave":{"('0104-S-2010', 0)":" ","('0104-S-2010', 1)":null}}