{"Tipo de Proyecto":{"('0113-OVD-2010', 0)":"PROYECTO DE RESOLUCI\u00d3N"},"Iniciado en: ":{"('0113-OVD-2010', 0)":"Senado"},"Expediente Senado: ":{"('0113-OVD-2010', 0)":"0113-OVD-2010"},"Fecha: ":{"('0113-OVD-2010', 0)":"29\/11\/2012"},"T\u00edtulo":{"('0113-OVD-2010', 0)":"DICTAMEN EN LA RESPUESTA REMITIDA POR LA JEFATURA DE GABINETE DE MINISTROS EN RELACION A LA RESOLUCION 0223-S-07 (0568-OV-06), APROBADA POR EL H. CONGRESO DE LA NACION; SOBRE LAS MEDIDAS ADOPTADAS A LOS FINES DE REGULARIZAR LOS ASPECTOS OBSERVADOS POR LA AUDITORIA GENERAL DE LA NACION EN EL INFORME OBJETO DE LA RESOLUCION 7\/07 DEL CITADO ORGANO DE CONTROL EXTERNO, EN EL AMBITO DE LA ADMINISTRACION FEDERAL DE INGRESOS PUBLICOS - DIRECCION GENERAL DE ADUANAS (REF. OV 568\/06 RESERVADO). "},"('Firmantes', 'FIRMANTE')":{"('0113-OVD-2010', 0)":"PARLAMENTARIA MIXTA REVISORA DE CUENTAS"},"('Firmantes', 'DISTRITO')":{"('0113-OVD-2010', 0)":null},"('Firmantes', 'BLOQUE')":{"('0113-OVD-2010', 0)":null},"('Tramites', 'C\u00c1MARA')":{"('0113-OVD-2010', 0)":"Senado"},"('Tramites', 'MOVIMIENTO')":{"('0113-OVD-2010', 0)":"CONSIDERACION Y APROBACION (AL ARCHIVO)"},"('Tramites', 'FECHA')":{"('0113-OVD-2010', 0)":"10\/12\/2014"},"('Tramites', 'RESULTADO')":{"('0113-OVD-2010', 0)":"APROBADO"},"Sumario":{"('0113-OVD-2010', 0)":"HABIENDO TOMADO CONOCIMIENTO, Y SIN PERJUICIO DE ULTERIORES MEDIDAS QUE PUEDAN ADOPTARSE, SE ACONSEJA SU REMISION AL ARCHIVO."},"Palabra Clave":{"('0113-OVD-2010', 0)":" "}}