{"Tipo de Proyecto":{"('0114-S-2010', 0)":"PROYECTO DE DECLARACI\u00d3N","('0114-S-2010', 1)":null},"Iniciado en: ":{"('0114-S-2010', 0)":"Senado","('0114-S-2010', 1)":null},"Expediente Senado: ":{"('0114-S-2010', 0)":"0114-S-2010","('0114-S-2010', 1)":null},"Publicado en: ":{"('0114-S-2010', 0)":"Diario de Asuntos Entrados N\u00b0 7","('0114-S-2010', 1)":null},"Fecha: ":{"('0114-S-2010', 0)":"03\/03\/2010","('0114-S-2010', 1)":null},"T\u00edtulo":{"('0114-S-2010', 0)":"EXPRESAR PESAR POR EL TERREMOTO OCURRIDO EN CHILE EL 27 DE FEBRERO PASADO Y SOLIDARIDAD CON EL PUEBLO CHILENO.","('0114-S-2010', 1)":null},"('Firmantes', 'FIRMANTE')":{"('0114-S-2010', 0)":"FUENTES, MARCELO JORGE","('0114-S-2010', 1)":null},"('Firmantes', 'DISTRITO')":{"('0114-S-2010', 0)":"NEUQUEN","('0114-S-2010', 1)":null},"('Firmantes', 'BLOQUE')":{"('0114-S-2010', 0)":"FRENTE PARA LA VICTORIA - PJ","('0114-S-2010', 1)":null},"('Tramites', 'C\u00c1MARA')":{"('0114-S-2010', 0)":"Senado","('0114-S-2010', 1)":"Senado"},"('Tramites', 'MOVIMIENTO')":{"('0114-S-2010', 0)":"MOCION SOBRE TABLAS (AFIRMATIVA) CONJUNTAMENTE PARA LOS EXPEDIENTES 0011-S-2010, 0012-S-2010, 0124-S-2010, 0117-S-2010, 0115-S-2010, 0114-S-2010, 0109-S-2010, 0104-S-2010, 0091-S-2010, 0089-S-2010, 0088-S-2010 y 0116-S-2010","('0114-S-2010', 1)":"CONSIDERACION Y APROBACION (TEXTO UNIFICADO) CONJUNTAMENTE PARA LOS EXPEDIENTES 0011-S-2010, 0012-S-2010, 0124-S-2010, 0117-S-2010, 0115-S-2010, 0114-S-2010, 0109-S-2010, 0104-S-2010, 0091-S-2010, 0089-S-2010, 0088-S-2010 y 0116-S-2010"},"('Tramites', 'FECHA')":{"('0114-S-2010', 0)":"03\/03\/2010","('0114-S-2010', 1)":"03\/03\/2010"},"('Tramites', 'RESULTADO')":{"('0114-S-2010', 0)":null,"('0114-S-2010', 1)":"APROBADO"},"Link":{"('0114-S-2010', 0)":"http:\/\/www.senado.gov.ar\/parlamentario\/comisiones\/verExp\/114.10\/S\/PD","('0114-S-2010', 1)":null},"Palabra Clave":{"('0114-S-2010', 0)":" ","('0114-S-2010', 1)":null}}