{"Tipo de Proyecto":{"('0118-D-2010', 0)":"PROYECTO DE RESOLUCI\u00d3N"},"Iniciado en: ":{"('0118-D-2010', 0)":"Diputados"},"Expediente Diputados: ":{"('0118-D-2010', 0)":"0118-D-2010"},"Publicado en: ":{"('0118-D-2010', 0)":"Tr\u00e1mite Parlamentario N\u00b0 4"},"Fecha: ":{"('0118-D-2010', 0)":"02\/03\/2010"},"T\u00edtulo":{"('0118-D-2010', 0)":"SOLICITAR AL PODER EJECUTIVO DISPONGA EL EMPRENDIMIENTO DE UNA CAMPA\u00d1A DE DIFUSION EN RELACION A LOS PRODUCTOS ALIMENTICIOS QUE CONTENGAN COMPONENTES Y\/O COMPUESTOS DERIVADOS DE \"ORGANISMOS GENETICAMENTE MODIFICADOS -OGM- O TRANSGENICOS\". "},"('Firmantes', 'FIRMANTE')":{"('0118-D-2010', 0)":"PERIE, JULIA ARGENTINA"},"('Firmantes', 'DISTRITO')":{"('0118-D-2010', 0)":"MISIONES"},"('Firmantes', 'BLOQUE')":{"('0118-D-2010', 0)":"FRENTE PARA LA VICTORIA - PJ"},"('Giros', 'COMISI\u00d3N')":{"('0118-D-2010', 0)":"ACCION SOCIAL Y SALUD PUBLICA"},"Link":{"('0118-D-2010', 0)":"https:\/\/www.hcdn.gob.ar\/proyectos\/textoCompleto.jsp?exp=0118-D-2010&tipo=RESOLUCION"},"Palabra Clave":{"('0118-D-2010', 0)":" "}}