{"Tipo de Proyecto":{"('0119-S-2010', 0)":"PROYECTO DE DECLARACI\u00d3N"},"Iniciado en: ":{"('0119-S-2010', 0)":"Senado"},"Expediente Senado: ":{"('0119-S-2010', 0)":"0119-S-2010"},"Publicado en: ":{"('0119-S-2010', 0)":"Diario de Asuntos Entrados N\u00b0 7"},"Fecha: ":{"('0119-S-2010', 0)":"03\/03\/2010"},"T\u00edtulo":{"('0119-S-2010', 0)":"RECHAZAR EL DECRETO DE NECESIDAD Y URGENCIA NUMERO 298\/10 DEL PEN, QUE DISPONE UTILIZAR FONDOS DE LAS RESERVAS DEL BANCO CENTRAL."},"('Firmantes', 'FIRMANTE')":{"('0119-S-2010', 0)":"CANO, JOSE MANUEL"},"('Firmantes', 'DISTRITO')":{"('0119-S-2010', 0)":"TUCUMAN"},"('Firmantes', 'BLOQUE')":{"('0119-S-2010', 0)":"UCR"},"Link":{"('0119-S-2010', 0)":"http:\/\/www.senado.gov.ar\/parlamentario\/comisiones\/verExp\/119.10\/S\/PD"},"Palabra Clave":{"('0119-S-2010', 0)":" "}}