{"Tipo de Proyecto":{"('0121-S-2010', 0)":"PROYECTO DE DECLARACI\u00d3N"},"Iniciado en: ":{"('0121-S-2010', 0)":"Senado"},"Expediente Senado: ":{"('0121-S-2010', 0)":"0121-S-2010"},"Publicado en: ":{"('0121-S-2010', 0)":"Diario de Asuntos Entrados N\u00b0 7"},"Fecha: ":{"('0121-S-2010', 0)":"03\/03\/2010"},"T\u00edtulo":{"('0121-S-2010', 0)":"RECHAZAR EL DECRETO N\u00ba 297\/10 DEL PEN, QUE DISPONE UTILIZAR FONDOS DE LAS RESERVAS DEL BANCO CENTRAL."},"('Firmantes', 'FIRMANTE')":{"('0121-S-2010', 0)":"CANO, JOSE MANUEL"},"('Firmantes', 'DISTRITO')":{"('0121-S-2010', 0)":"TUCUMAN"},"('Firmantes', 'BLOQUE')":{"('0121-S-2010', 0)":"UCR"},"Link":{"('0121-S-2010', 0)":"http:\/\/www.senado.gov.ar\/parlamentario\/comisiones\/verExp\/121.10\/S\/PD"},"Palabra Clave":{"('0121-S-2010', 0)":" "}}