{"Tipo de Proyecto":{"('0121-D-2010', 0)":"PROYECTO DE RESOLUCI\u00d3N","('0121-D-2010', 1)":null},"Iniciado en: ":{"('0121-D-2010', 0)":"Diputados","('0121-D-2010', 1)":null},"Expediente Diputados: ":{"('0121-D-2010', 0)":"0121-D-2010","('0121-D-2010', 1)":null},"Publicado en: ":{"('0121-D-2010', 0)":"Tr\u00e1mite Parlamentario N\u00b0 4","('0121-D-2010', 1)":null},"Fecha: ":{"('0121-D-2010', 0)":"02\/03\/2010","('0121-D-2010', 1)":null},"T\u00edtulo":{"('0121-D-2010', 0)":"SOLICITAR AL PODER EJECUTIVO DISPONGA UN SUBSIDIO A PRODUCTORES CRIADORES DE BOVINOS DE HASTA 1000 VIENTRES, DE LA PROVINCIA DEL CHACO.","('0121-D-2010', 1)":null},"('Firmantes', 'FIRMANTE')":{"('0121-D-2010', 0)":"ORSOLINI, PABLO EDUARDO","('0121-D-2010', 1)":null},"('Firmantes', 'DISTRITO')":{"('0121-D-2010', 0)":"CHACO","('0121-D-2010', 1)":null},"('Firmantes', 'BLOQUE')":{"('0121-D-2010', 0)":"UCR","('0121-D-2010', 1)":null},"('Giros', 'COMISI\u00d3N')":{"('0121-D-2010', 0)":"AGRICULTURA Y GANADERIA","('0121-D-2010', 1)":"PRESUPUESTO Y HACIENDA"},"Link":{"('0121-D-2010', 0)":"https:\/\/www.hcdn.gob.ar\/proyectos\/textoCompleto.jsp?exp=0121-D-2010&tipo=RESOLUCION","('0121-D-2010', 1)":null},"Palabra Clave":{"('0121-D-2010', 0)":" ","('0121-D-2010', 1)":null}}