{"Tipo de Proyecto":{"('0123-D-2010', 0)":"PROYECTO DE RESOLUCI\u00d3N"},"Iniciado en: ":{"('0123-D-2010', 0)":"Diputados"},"Expediente Diputados: ":{"('0123-D-2010', 0)":"0123-D-2010"},"Publicado en: ":{"('0123-D-2010', 0)":"Tr\u00e1mite Parlamentario N\u00b0 4"},"Fecha: ":{"('0123-D-2010', 0)":"02\/03\/2010"},"T\u00edtulo":{"('0123-D-2010', 0)":"SOLICITAR AL PODER EJECUTIVO DISPONGA IMPLEMENTAR EL \"PROGRAMA ARRAIGO\" EN TODO EL TERRITORIO ARGENTINO PARA LA REGULARIZACION DOMINIAL DE ASENTAMIENTOS Y VILLAS DE EMERGENCIA RADICADAS EN TIERRAS FISCALES NACIONALES. "},"('Firmantes', 'FIRMANTE')":{"('0123-D-2010', 0)":"ORSOLINI, PABLO EDUARDO"},"('Firmantes', 'DISTRITO')":{"('0123-D-2010', 0)":"CHACO"},"('Firmantes', 'BLOQUE')":{"('0123-D-2010', 0)":"UCR"},"('Giros', 'COMISI\u00d3N')":{"('0123-D-2010', 0)":"VIVIENDA Y ORDENAMIENTO URBANO"},"Link":{"('0123-D-2010', 0)":"https:\/\/www.hcdn.gob.ar\/proyectos\/textoCompleto.jsp?exp=0123-D-2010&tipo=RESOLUCION"},"Palabra Clave":{"('0123-D-2010', 0)":" "}}