{"Tipo de Proyecto":{"('0124-S-2010', 0)":"PROYECTO DE DECLARACI\u00d3N","('0124-S-2010', 1)":null},"Iniciado en: ":{"('0124-S-2010', 0)":"Senado","('0124-S-2010', 1)":null},"Expediente Senado: ":{"('0124-S-2010', 0)":"0124-S-2010","('0124-S-2010', 1)":null},"Publicado en: ":{"('0124-S-2010', 0)":"Diario de Asuntos Entrados N\u00b0 7","('0124-S-2010', 1)":null},"Fecha: ":{"('0124-S-2010', 0)":"03\/03\/2010","('0124-S-2010', 1)":null},"T\u00edtulo":{"('0124-S-2010', 0)":"EXPRESAR PESAR POR EL FENOMENO SISMICO ACAECIDO EL 27 DE FEBRERO EN CHILE.","('0124-S-2010', 1)":null},"('Firmantes', 'FIRMANTE')":{"('0124-S-2010', 0)":"CORRADI DE BELTRAN, ANA MARIA","('0124-S-2010', 1)":null},"('Firmantes', 'DISTRITO')":{"('0124-S-2010', 0)":"SANTIAGO DEL ESTERO","('0124-S-2010', 1)":null},"('Firmantes', 'BLOQUE')":{"('0124-S-2010', 0)":"FRENTE PARA LA VICTORIA - PJ","('0124-S-2010', 1)":null},"('Tramites', 'C\u00c1MARA')":{"('0124-S-2010', 0)":"Senado","('0124-S-2010', 1)":"Senado"},"('Tramites', 'MOVIMIENTO')":{"('0124-S-2010', 0)":"MOCION SOBRE TABLAS (AFIRMATIVA) CONJUNTAMENTE PARA LOS EXPEDIENTES 0011-S-2010, 0012-S-2010, 0124-S-2010, 0117-S-2010, 0115-S-2010, 0114-S-2010, 0109-S-2010, 0104-S-2010, 0091-S-2010, 0089-S-2010, 0088-S-2010 y 0116-S-2010","('0124-S-2010', 1)":"CONSIDERACION Y APROBACION (TEXTO UNIFICADO) CONJUNTAMENTE PARA LOS EXPEDIENTES 0011-S-2010, 0012-S-2010, 0124-S-2010, 0117-S-2010, 0115-S-2010, 0114-S-2010, 0109-S-2010, 0104-S-2010, 0091-S-2010, 0089-S-2010, 0088-S-2010 y 0116-S-2010"},"('Tramites', 'FECHA')":{"('0124-S-2010', 0)":"03\/03\/2010","('0124-S-2010', 1)":"03\/03\/2010"},"('Tramites', 'RESULTADO')":{"('0124-S-2010', 0)":null,"('0124-S-2010', 1)":"APROBADO"},"Link":{"('0124-S-2010', 0)":"http:\/\/www.senado.gov.ar\/parlamentario\/comisiones\/verExp\/124.10\/S\/PD","('0124-S-2010', 1)":null},"Palabra Clave":{"('0124-S-2010', 0)":" ","('0124-S-2010', 1)":null}}