{"Tipo de Proyecto":{"('0126-S-2010', 0)":"COMUNICACION"},"Iniciado en: ":{"('0126-S-2010', 0)":"Senado"},"Expediente Senado: ":{"('0126-S-2010', 0)":"0126-S-2010"},"Publicado en: ":{"('0126-S-2010', 0)":"Diario de Asuntos Entrados N\u00b0 7"},"Fecha: ":{"('0126-S-2010', 0)":"03\/03\/2010"},"T\u00edtulo":{"('0126-S-2010', 0)":"SOLICITAR EL CUMPLIMIENTO DEL PROTOCOLO FACULTATIVO RELATIVO A LA VENTA DE NI\u00d1OS, LA PROSTITUCION INFANTIL Y LA UTILIZACION DE LOS NI\u00d1OS EN LA PORNOGRAFIA E INFORMES SOBRE EL MISMO."},"('Firmantes', 'FIRMANTE')":{"('0126-S-2010', 0)":"CORRADI DE BELTRAN, ANA MARIA"},"('Firmantes', 'DISTRITO')":{"('0126-S-2010', 0)":"SANTIAGO DEL ESTERO"},"('Firmantes', 'BLOQUE')":{"('0126-S-2010', 0)":"FRENTE PARA LA VICTORIA - PJ"},"Link":{"('0126-S-2010', 0)":"http:\/\/www.senado.gov.ar\/parlamentario\/comisiones\/verExp\/126.10\/S\/PC"},"Palabra Clave":{"('0126-S-2010', 0)":" "}}