{"Tipo de Proyecto":{"('0127-D-2010', 0)":"PROYECTO DE RESOLUCI\u00d3N","('0127-D-2010', 1)":null},"Iniciado en: ":{"('0127-D-2010', 0)":"Diputados","('0127-D-2010', 1)":null},"Expediente Diputados: ":{"('0127-D-2010', 0)":"0127-D-2010","('0127-D-2010', 1)":null},"Publicado en: ":{"('0127-D-2010', 0)":"Tr\u00e1mite Parlamentario N\u00b0 4","('0127-D-2010', 1)":null},"Fecha: ":{"('0127-D-2010', 0)":"02\/03\/2010","('0127-D-2010', 1)":null},"T\u00edtulo":{"('0127-D-2010', 0)":"SOLICITAR AL PODER EJECUTIVO DISPONGA ESTABLECER UNA PRORROGA DE LA LEY 25730, QUE EXIME DE SANCIONES PARA LIBRADORES DE CHEQUES RECHAZADOS A PRODUCTORES COMPRENDIDOS EN LA LEY DE EMERGENCIA AGROPECUARIA.","('0127-D-2010', 1)":null},"('Firmantes', 'FIRMANTE')":{"('0127-D-2010', 0)":"ORSOLINI, PABLO EDUARDO","('0127-D-2010', 1)":null},"('Firmantes', 'DISTRITO')":{"('0127-D-2010', 0)":"CHACO","('0127-D-2010', 1)":null},"('Firmantes', 'BLOQUE')":{"('0127-D-2010', 0)":"UCR","('0127-D-2010', 1)":null},"('Giros', 'COMISI\u00d3N')":{"('0127-D-2010', 0)":"AGRICULTURA Y GANADERIA","('0127-D-2010', 1)":"FINANZAS"},"Link":{"('0127-D-2010', 0)":"https:\/\/www.hcdn.gob.ar\/proyectos\/textoCompleto.jsp?exp=0127-D-2010&tipo=RESOLUCION","('0127-D-2010', 1)":null},"Palabra Clave":{"('0127-D-2010', 0)":" ","('0127-D-2010', 1)":null}}