{"Tipo de Proyecto":{"('0127-S-2010', 0)":"PROYECTO DE DECLARACI\u00d3N","('0127-S-2010', 1)":null,"('0127-S-2010', 2)":null,"('0127-S-2010', 3)":null,"('0127-S-2010', 4)":null,"('0127-S-2010', 5)":null,"('0127-S-2010', 6)":null},"Iniciado en: ":{"('0127-S-2010', 0)":"Senado","('0127-S-2010', 1)":null,"('0127-S-2010', 2)":null,"('0127-S-2010', 3)":null,"('0127-S-2010', 4)":null,"('0127-S-2010', 5)":null,"('0127-S-2010', 6)":null},"Expediente Senado: ":{"('0127-S-2010', 0)":"0127-S-2010","('0127-S-2010', 1)":null,"('0127-S-2010', 2)":null,"('0127-S-2010', 3)":null,"('0127-S-2010', 4)":null,"('0127-S-2010', 5)":null,"('0127-S-2010', 6)":null},"Publicado en: ":{"('0127-S-2010', 0)":"Diario de Asuntos Entrados N\u00b0 7","('0127-S-2010', 1)":null,"('0127-S-2010', 2)":null,"('0127-S-2010', 3)":null,"('0127-S-2010', 4)":null,"('0127-S-2010', 5)":null,"('0127-S-2010', 6)":null},"Fecha: ":{"('0127-S-2010', 0)":"03\/03\/2010","('0127-S-2010', 1)":null,"('0127-S-2010', 2)":null,"('0127-S-2010', 3)":null,"('0127-S-2010', 4)":null,"('0127-S-2010', 5)":null,"('0127-S-2010', 6)":null},"T\u00edtulo":{"('0127-S-2010', 0)":"EXPRESAR BENEPLACITO POR EL RESPALDO DIPLOMATICO OBTENIDO POR LA ARGENTINA RESPECTO DE SUS DERECHOS SOBERANOS SOBRE LAS ISLAS MALVINAS , GEORGIAS Y SANDWICH DEL SUR , POR PARTE DE LOS PAISES REUNIDOS EN LA CUMBRE DE PAISES DE AMERICA LATINA Y EL CARIBE . ","('0127-S-2010', 1)":null,"('0127-S-2010', 2)":null,"('0127-S-2010', 3)":null,"('0127-S-2010', 4)":null,"('0127-S-2010', 5)":null,"('0127-S-2010', 6)":null},"('Firmantes', 'FIRMANTE')":{"('0127-S-2010', 0)":"CALCAGNO Y MAILLMANN, ERIC","('0127-S-2010', 1)":"GIOJA, CESAR AMBROSIO","('0127-S-2010', 2)":"OSUNA, BLANCA INES","('0127-S-2010', 3)":"PICHETTO, MIGUEL ANGEL","('0127-S-2010', 4)":"MARTINEZ, JOSE CARLOS","('0127-S-2010', 5)":"DIAZ, MARIA ROSA","('0127-S-2010', 6)":"RIOFRIO, MARINA RAQUEL"},"('Firmantes', 'DISTRITO')":{"('0127-S-2010', 0)":"BUENOS AIRES","('0127-S-2010', 1)":"SAN JUAN","('0127-S-2010', 2)":"ENTRE RIOS","('0127-S-2010', 3)":"RIO NEGRO","('0127-S-2010', 4)":"TIERRA DEL FUEGO","('0127-S-2010', 5)":"TIERRA DEL FUEGO","('0127-S-2010', 6)":"SAN JUAN"},"('Firmantes', 'BLOQUE')":{"('0127-S-2010', 0)":"FRENTE PARA LA VICTORIA - PJ","('0127-S-2010', 1)":"FRENTE PARA LA VICTORIA - PJ","('0127-S-2010', 2)":"FRENTE PARA LA VICTORIA - PJ","('0127-S-2010', 3)":"FRENTE PARA LA VICTORIA - PJ","('0127-S-2010', 4)":"POR TIERRA DEL FUEGO","('0127-S-2010', 5)":"POR TIERRA DEL FUEGO","('0127-S-2010', 6)":"FRENTE PARA LA VICTORIA - PJ"},"Link":{"('0127-S-2010', 0)":"http:\/\/www.senado.gov.ar\/parlamentario\/comisiones\/verExp\/127.10\/S\/PD","('0127-S-2010', 1)":null,"('0127-S-2010', 2)":null,"('0127-S-2010', 3)":null,"('0127-S-2010', 4)":null,"('0127-S-2010', 5)":null,"('0127-S-2010', 6)":null},"Palabra Clave":{"('0127-S-2010', 0)":" ","('0127-S-2010', 1)":null,"('0127-S-2010', 2)":null,"('0127-S-2010', 3)":null,"('0127-S-2010', 4)":null,"('0127-S-2010', 5)":null,"('0127-S-2010', 6)":null}}