{"Tipo de Proyecto":{"('0128-S-2010', 0)":"PROYECTO DE LEY","('0128-S-2010', 1)":null,"('0128-S-2010', 2)":null,"('0128-S-2010', 3)":null,"('0128-S-2010', 4)":null,"('0128-S-2010', 5)":null,"('0128-S-2010', 6)":null,"('0128-S-2010', 7)":null,"('0128-S-2010', 8)":null,"('0128-S-2010', 9)":null,"('0128-S-2010', 10)":null,"('0128-S-2010', 11)":null},"Iniciado en: ":{"('0128-S-2010', 0)":"Senado","('0128-S-2010', 1)":null,"('0128-S-2010', 2)":null,"('0128-S-2010', 3)":null,"('0128-S-2010', 4)":null,"('0128-S-2010', 5)":null,"('0128-S-2010', 6)":null,"('0128-S-2010', 7)":null,"('0128-S-2010', 8)":null,"('0128-S-2010', 9)":null,"('0128-S-2010', 10)":null,"('0128-S-2010', 11)":null},"Expediente Senado: ":{"('0128-S-2010', 0)":"0128-S-2010","('0128-S-2010', 1)":null,"('0128-S-2010', 2)":null,"('0128-S-2010', 3)":null,"('0128-S-2010', 4)":null,"('0128-S-2010', 5)":null,"('0128-S-2010', 6)":null,"('0128-S-2010', 7)":null,"('0128-S-2010', 8)":null,"('0128-S-2010', 9)":null,"('0128-S-2010', 10)":null,"('0128-S-2010', 11)":null},"Publicado en: ":{"('0128-S-2010', 0)":"Diario de Asuntos Entrados N\u00b0 7","('0128-S-2010', 1)":null,"('0128-S-2010', 2)":null,"('0128-S-2010', 3)":null,"('0128-S-2010', 4)":null,"('0128-S-2010', 5)":null,"('0128-S-2010', 6)":null,"('0128-S-2010', 7)":null,"('0128-S-2010', 8)":null,"('0128-S-2010', 9)":null,"('0128-S-2010', 10)":null,"('0128-S-2010', 11)":null},"Fecha: ":{"('0128-S-2010', 0)":"03\/03\/2010","('0128-S-2010', 1)":null,"('0128-S-2010', 2)":null,"('0128-S-2010', 3)":null,"('0128-S-2010', 4)":null,"('0128-S-2010', 5)":null,"('0128-S-2010', 6)":null,"('0128-S-2010', 7)":null,"('0128-S-2010', 8)":null,"('0128-S-2010', 9)":null,"('0128-S-2010', 10)":null,"('0128-S-2010', 11)":null},"T\u00edtulo":{"('0128-S-2010', 0)":"MODIFICACION A LA LEY 25413, DE COMPETITIVIDAD: SUSTITUCION DEL ARTICULO 3 (AFECTACION DEL 70 % DEL IMPUESTO A LOS DEBITOS Y CREDITOS BANCARIOS AL TESORO NACIONAL, CON ADMINISTRACION DEL PODER EJECUTIVO A FIN DE CONTRIBUIR A CONSOLIDAR LA SUSTENTABILIDAD DEL PROGRAMA FISCAL Y ECONOMICO) (REPRODUCCION DEL EXPEDIENTE 3511-S-08).","('0128-S-2010', 1)":null,"('0128-S-2010', 2)":null,"('0128-S-2010', 3)":null,"('0128-S-2010', 4)":null,"('0128-S-2010', 5)":null,"('0128-S-2010', 6)":null,"('0128-S-2010', 7)":null,"('0128-S-2010', 8)":null,"('0128-S-2010', 9)":null,"('0128-S-2010', 10)":null,"('0128-S-2010', 11)":null},"('Firmantes', 'FIRMANTE')":{"('0128-S-2010', 0)":"VERANI, PABLO","('0128-S-2010', 1)":null,"('0128-S-2010', 2)":null,"('0128-S-2010', 3)":null,"('0128-S-2010', 4)":null,"('0128-S-2010', 5)":null,"('0128-S-2010', 6)":null,"('0128-S-2010', 7)":null,"('0128-S-2010', 8)":null,"('0128-S-2010', 9)":null,"('0128-S-2010', 10)":null,"('0128-S-2010', 11)":null},"('Firmantes', 'DISTRITO')":{"('0128-S-2010', 0)":"RIO NEGRO","('0128-S-2010', 1)":null,"('0128-S-2010', 2)":null,"('0128-S-2010', 3)":null,"('0128-S-2010', 4)":null,"('0128-S-2010', 5)":null,"('0128-S-2010', 6)":null,"('0128-S-2010', 7)":null,"('0128-S-2010', 8)":null,"('0128-S-2010', 9)":null,"('0128-S-2010', 10)":null,"('0128-S-2010', 11)":null},"('Firmantes', 'BLOQUE')":{"('0128-S-2010', 0)":"UCR","('0128-S-2010', 1)":null,"('0128-S-2010', 2)":null,"('0128-S-2010', 3)":null,"('0128-S-2010', 4)":null,"('0128-S-2010', 5)":null,"('0128-S-2010', 6)":null,"('0128-S-2010', 7)":null,"('0128-S-2010', 8)":null,"('0128-S-2010', 9)":null,"('0128-S-2010', 10)":null,"('0128-S-2010', 11)":null},"('Tramites', 'C\u00c1MARA')":{"('0128-S-2010', 0)":"Senado","('0128-S-2010', 1)":"Senado","('0128-S-2010', 2)":"Senado","('0128-S-2010', 3)":"Senado","('0128-S-2010', 4)":"Senado","('0128-S-2010', 5)":"Diputados","('0128-S-2010', 6)":"Diputados","('0128-S-2010', 7)":"Diputados","('0128-S-2010', 8)":"Diputados","('0128-S-2010', 9)":"Diputados","('0128-S-2010', 10)":"Diputados","('0128-S-2010', 11)":"Diputados"},"('Tramites', 'MOVIMIENTO')":{"('0128-S-2010', 0)":"MOCION DE PREFERENCIA PARA LA PROXIMA SESION CON DICTAMEN (AFIRMATIVA) CONJUNTAMENTE PARA LOS EXPEDIENTES 0010-S-2010, 0523-S-2009, 2468-S-2009, 2605-S-2009, 2621-S-2009, 3392-S-2009, 3435-S-2009, 3440-S-2009, 3474-S-2009, 0146-S-2010 y 0128-S-2010","('0128-S-2010', 1)":"MANIFESTACIONES EN MINORIA CONJUNTAMENTE PARA LOS EXPEDIENTES 0010-S-2010, 0523-S-2009, 2468-S-2009, 2605-S-2009, 2621-S-2009, 3392-S-2009, 3435-S-2009, 3440-S-2009, 3474-S-2009, 0146-S-2010 y 0128-S-2010","('0128-S-2010', 2)":"MANIFESTACIONES EN MINORIA CONJUNTAMENTE PARA LOS EXPEDIENTES 0010-S-2010, 0523-S-2009, 2468-S-2009, 2605-S-2009, 2621-S-2009, 3392-S-2009, 3435-S-2009, 3440-S-2009, 3474-S-2009, 0146-S-2010 y 0128-S-2010","('0128-S-2010', 3)":"CONSIDERACION Y APROBACION CON MODIFICACIONES CONJUNTAMENTE PARA LOS EXPEDIENTES 0010-S-2010, 0523-S-2009, 2468-S-2009, 2605-S-2009, 2621-S-2009, 3392-S-2009, 3435-S-2009, 3440-S-2009, 3474-S-2009, 0146-S-2010 y 0128-S-2010","('0128-S-2010', 4)":"INSERCIONES DE LOS SENADORES QUINTELA, COLAZO, CORPACCI, RACHED Y PARRILLI CONJUNTAMENTE PARA LOS EXPEDIENTES 0010-S-2010, 0523-S-2009, 2468-S-2009, 2605-S-2009, 2621-S-2009, 3392-S-2009, 3435-S-2009, 3440-S-2009, 3474-S-2009, 0146-S-2010 y 0128-S-2010","('0128-S-2010', 5)":"PASA A DIPUTADOS - GIRO A LA PRESIDENCIA CONJUNTAMENTE PARA LOS EXPEDIENTES 0010-S-2010, 0523-S-2009, 2468-S-2009, 2605-S-2009, 2621-S-2009, 3392-S-2009, 3435-S-2009, 3440-S-2009, 3474-S-2009, 0146-S-2010 y 0128-S-2010","('0128-S-2010', 6)":"CITACION SESION ESPECIAL CONJUNTAMENTE PARA LOS EXPEDIENTES 0010-S-2010, 0523-S-2009, 2468-S-2009, 2605-S-2009, 2621-S-2009, 3392-S-2009, 3435-S-2009, 3440-S-2009, 3474-S-2009, 0146-S-2010 y 0128-S-2010","('0128-S-2010', 7)":"CONSIDERACION CONJUNTAMENTE PARA LOS EXPEDIENTES 0010-S-2010, 0523-S-2009, 2468-S-2009, 2605-S-2009, 2621-S-2009, 3392-S-2009, 3435-S-2009, 3440-S-2009, 3474-S-2009, 0146-S-2010 y 0128-S-2010","('0128-S-2010', 8)":"MOCION DE GIRO A LAS COMISIONES DE ASUNTOS CONSTITUCIONALES Y PRESUPUESTO Y HACIENDA DE ACUERDO CON EL ARTICULO 122 DEL REGLAMENTO, JUNTO CON LAS NOTAS INTERCAMBIADAS ENTRE LOS PRESIDENTES DE DIPUTADOS Y DE SENADO, REFERIDAS A LA MAYORIA NECESARIA PARA SU APROBACION, CONFORME ARTICULO 75 DE LA CONSTITUCION NACIONAL (AFIRMATIVA) CONJUNTAMENTE PARA LOS EXPEDIENTES 0010-S-2010, 0523-S-2009, 2468-S-2009, 2605-S-2009, 2621-S-2009, 3392-S-2009, 3435-S-2009, 3440-S-2009, 3474-S-2009, 0146-S-2010 y 0128-S-2010","('0128-S-2010', 9)":"MOCION DE PREFERENCIA PARA LA PROXIMA SESION CON DICTAMEN (AFIRMATIVA) CONJUNTAMENTE PARA LOS EXPEDIENTES 0010-S-2010, 0523-S-2009, 2468-S-2009, 2605-S-2009, 2621-S-2009, 3392-S-2009, 3435-S-2009, 3440-S-2009, 3474-S-2009, 0146-S-2010 y 0128-S-2010","('0128-S-2010', 10)":"MOCION DE PREFERENCIA PARA LA PROXIMA SESION CON DICTAMEN (AFIRMATIVA) CONJUNTAMENTE PARA LOS EXPEDIENTES 0010-S-2010, 0523-S-2009, 2468-S-2009, 2605-S-2009, 2621-S-2009, 3392-S-2009, 3435-S-2009, 3440-S-2009, 3474-S-2009, 0146-S-2010 y 0128-S-2010","('0128-S-2010', 11)":"MOCION DE PREFERENCIA PARA LA PROXIMA SESION CON DICTAMEN (AFIRMATIVA) CONJUNTAMENTE PARA LOS EXPEDIENTES 0010-S-2010, 0523-S-2009, 2468-S-2009, 2605-S-2009, 2621-S-2009, 3392-S-2009, 3435-S-2009, 3440-S-2009, 3474-S-2009, 0146-S-2010 y 0128-S-2010"},"('Tramites', 'FECHA')":{"('0128-S-2010', 0)":"03\/03\/2010","('0128-S-2010', 1)":"17\/03\/2010","('0128-S-2010', 2)":"07\/04\/2010","('0128-S-2010', 3)":"14\/04\/2010","('0128-S-2010', 4)":"14\/04\/2010","('0128-S-2010', 5)":null,"('0128-S-2010', 6)":"04\/05\/2010","('0128-S-2010', 7)":"05\/05\/2010","('0128-S-2010', 8)":"05\/05\/2010","('0128-S-2010', 9)":"04\/08\/2010","('0128-S-2010', 10)":"11\/08\/2010","('0128-S-2010', 11)":"13\/10\/2010"},"('Tramites', 'RESULTADO')":{"('0128-S-2010', 0)":null,"('0128-S-2010', 1)":null,"('0128-S-2010', 2)":null,"('0128-S-2010', 3)":"MEDIA SANCION","('0128-S-2010', 4)":null,"('0128-S-2010', 5)":null,"('0128-S-2010', 6)":null,"('0128-S-2010', 7)":null,"('0128-S-2010', 8)":null,"('0128-S-2010', 9)":null,"('0128-S-2010', 10)":null,"('0128-S-2010', 11)":null},"Link":{"('0128-S-2010', 0)":"http:\/\/www.senado.gov.ar\/parlamentario\/comisiones\/verExp\/128.10\/S\/PL","('0128-S-2010', 1)":null,"('0128-S-2010', 2)":null,"('0128-S-2010', 3)":null,"('0128-S-2010', 4)":null,"('0128-S-2010', 5)":null,"('0128-S-2010', 6)":null,"('0128-S-2010', 7)":null,"('0128-S-2010', 8)":null,"('0128-S-2010', 9)":null,"('0128-S-2010', 10)":null,"('0128-S-2010', 11)":null},"Palabra Clave":{"('0128-S-2010', 0)":" ","('0128-S-2010', 1)":null,"('0128-S-2010', 2)":null,"('0128-S-2010', 3)":null,"('0128-S-2010', 4)":null,"('0128-S-2010', 5)":null,"('0128-S-2010', 6)":null,"('0128-S-2010', 7)":null,"('0128-S-2010', 8)":null,"('0128-S-2010', 9)":null,"('0128-S-2010', 10)":null,"('0128-S-2010', 11)":null}}