{"Tipo de Proyecto":{"('0128-D-2010', 0)":"PROYECTO DE DECLARACI\u00d3N"},"Iniciado en: ":{"('0128-D-2010', 0)":"Diputados"},"Expediente Diputados: ":{"('0128-D-2010', 0)":"0128-D-2010"},"Publicado en: ":{"('0128-D-2010', 0)":"Tr\u00e1mite Parlamentario N\u00b0 4"},"Fecha: ":{"('0128-D-2010', 0)":"02\/03\/2010"},"T\u00edtulo":{"('0128-D-2010', 0)":"ADHERIR AL CENTESIMO ANIVERSARIO DE LA CIUDAD DE VILLA ANGELA, PROVINCIA DEL CHACO, A CELEBRARSE EL DIA 24 DE MAYO DE 2010."},"('Firmantes', 'FIRMANTE')":{"('0128-D-2010', 0)":"ORSOLINI, PABLO EDUARDO"},"('Firmantes', 'DISTRITO')":{"('0128-D-2010', 0)":"CHACO"},"('Firmantes', 'BLOQUE')":{"('0128-D-2010', 0)":"UCR"},"('Giros', 'COMISI\u00d3N')":{"('0128-D-2010', 0)":"CULTURA"},"('Tramites', 'C\u00c1MARA')":{"('0128-D-2010', 0)":"Diputados"},"('Tramites', 'MOVIMIENTO')":{"('0128-D-2010', 0)":"CONSIDERACION Y APROBACION"},"('Tramites', 'FECHA')":{"('0128-D-2010', 0)":"12\/05\/2010"},"('Tramites', 'RESULTADO')":{"('0128-D-2010', 0)":"APROBADO"},"Link":{"('0128-D-2010', 0)":"https:\/\/www.hcdn.gob.ar\/proyectos\/textoCompleto.jsp?exp=0128-D-2010&tipo=DECLARACION"},"Palabra Clave":{"('0128-D-2010', 0)":" "}}