{"Tipo de Proyecto":{"('0130-S-2010', 0)":"PROYECTO DE RESOLUCI\u00d3N","('0130-S-2010', 1)":null,"('0130-S-2010', 2)":null,"('0130-S-2010', 3)":null},"Iniciado en: ":{"('0130-S-2010', 0)":"Senado","('0130-S-2010', 1)":null,"('0130-S-2010', 2)":null,"('0130-S-2010', 3)":null},"Expediente Senado: ":{"('0130-S-2010', 0)":"0130-S-2010","('0130-S-2010', 1)":null,"('0130-S-2010', 2)":null,"('0130-S-2010', 3)":null},"Publicado en: ":{"('0130-S-2010', 0)":"Diario de Asuntos Entrados N\u00b0 7","('0130-S-2010', 1)":null,"('0130-S-2010', 2)":null,"('0130-S-2010', 3)":null},"Fecha: ":{"('0130-S-2010', 0)":"03\/03\/2010","('0130-S-2010', 1)":null,"('0130-S-2010', 2)":null,"('0130-S-2010', 3)":null},"T\u00edtulo":{"('0130-S-2010', 0)":"CONVOCAR DE ACUERDO AL ARTICULO 71 DE LA CONSTITUCION NACIONAL Y EL ARTICULO 214 DEL REGLAMENTO DEL SENADO, AL MINISTRO DE ECONOMIA Y FINANZAS PUBLICAS, LICENCIADO AMADO BOUDOU, A INFORMAR ACERCA DE TODO LO ACTUADO EN TORNO A DIVERSOS DECRETOS SOBRE DEUDA PUBLICA.","('0130-S-2010', 1)":null,"('0130-S-2010', 2)":null,"('0130-S-2010', 3)":null},"('Firmantes', 'FIRMANTE')":{"('0130-S-2010', 0)":"MORALES, GERARDO RUBEN","('0130-S-2010', 1)":"GIUSTINIANI, RUBEN HECTOR","('0130-S-2010', 2)":"MORANDINI, NORMA ELENA","('0130-S-2010', 3)":"ESTENSSORO, MARIA EUGENIA"},"('Firmantes', 'DISTRITO')":{"('0130-S-2010', 0)":"JUJUY","('0130-S-2010', 1)":"SANTA FE","('0130-S-2010', 2)":"CORDOBA","('0130-S-2010', 3)":"CIUDAD de BUENOS AIRES"},"('Firmantes', 'BLOQUE')":{"('0130-S-2010', 0)":"UCR","('0130-S-2010', 1)":"PARTIDO SOCIALISTA","('0130-S-2010', 2)":"FRENTE CIVICO DE LA PROVINCIA DE CORDOBA","('0130-S-2010', 3)":"COALICION CIVICA"},"('Tramites', 'C\u00c1MARA')":{"('0130-S-2010', 0)":"Senado","('0130-S-2010', 1)":null,"('0130-S-2010', 2)":null,"('0130-S-2010', 3)":null},"('Tramites', 'MOVIMIENTO')":{"('0130-S-2010', 0)":"MOCION DE PREFERENCIA PARA LA PROXIMA SESION CON DICTAMEN (AFIRMATIVA)","('0130-S-2010', 1)":null,"('0130-S-2010', 2)":null,"('0130-S-2010', 3)":null},"('Tramites', 'FECHA')":{"('0130-S-2010', 0)":"03\/03\/2010","('0130-S-2010', 1)":null,"('0130-S-2010', 2)":null,"('0130-S-2010', 3)":null},"('Tramites', 'RESULTADO')":{"('0130-S-2010', 0)":null,"('0130-S-2010', 1)":null,"('0130-S-2010', 2)":null,"('0130-S-2010', 3)":null},"Link":{"('0130-S-2010', 0)":"http:\/\/www.senado.gov.ar\/parlamentario\/comisiones\/verExp\/130.10\/S\/PR","('0130-S-2010', 1)":null,"('0130-S-2010', 2)":null,"('0130-S-2010', 3)":null},"Palabra Clave":{"('0130-S-2010', 0)":" ","('0130-S-2010', 1)":null,"('0130-S-2010', 2)":null,"('0130-S-2010', 3)":null}}