{"Tipo de Proyecto":{"('0131-D-2010', 0)":"PROYECTO DE RESOLUCI\u00d3N","('0131-D-2010', 1)":null,"('0131-D-2010', 2)":null,"('0131-D-2010', 3)":null},"Iniciado en: ":{"('0131-D-2010', 0)":"Diputados","('0131-D-2010', 1)":null,"('0131-D-2010', 2)":null,"('0131-D-2010', 3)":null},"Expediente Diputados: ":{"('0131-D-2010', 0)":"0131-D-2010","('0131-D-2010', 1)":null,"('0131-D-2010', 2)":null,"('0131-D-2010', 3)":null},"Publicado en: ":{"('0131-D-2010', 0)":"Tr\u00e1mite Parlamentario N\u00b0 4","('0131-D-2010', 1)":null,"('0131-D-2010', 2)":null,"('0131-D-2010', 3)":null},"Fecha: ":{"('0131-D-2010', 0)":"02\/03\/2010","('0131-D-2010', 1)":null,"('0131-D-2010', 2)":null,"('0131-D-2010', 3)":null},"T\u00edtulo":{"('0131-D-2010', 0)":"SOLICITAR AL PODER EJECUTIVO DISPONGA DIFERIR LA FECHA DE PAGO DE LOS RECURSOS DE LA SEGURIDAD SOCIAL A CARGO DE LOS PRODUCTORES VITIVINICOLAS DE LA UVA INDUSTRIALIZADA ESTABLECIDAS EN EL DECRETO 618\/1997.","('0131-D-2010', 1)":null,"('0131-D-2010', 2)":null,"('0131-D-2010', 3)":null},"('Firmantes', 'FIRMANTE')":{"('0131-D-2010', 0)":"MANSUR, RICARDO ALFREDO","('0131-D-2010', 1)":"THOMAS, ENRIQUE LUIS","('0131-D-2010', 2)":"PINTO, SERGIO DAMIAN","('0131-D-2010', 3)":"JURI, MARIANA"},"('Firmantes', 'DISTRITO')":{"('0131-D-2010', 0)":"MENDOZA","('0131-D-2010', 1)":"MENDOZA","('0131-D-2010', 2)":"MENDOZA","('0131-D-2010', 3)":"MENDOZA"},"('Firmantes', 'BLOQUE')":{"('0131-D-2010', 0)":"UCR","('0131-D-2010', 1)":"PERONISMO FEDERAL","('0131-D-2010', 2)":"UCR","('0131-D-2010', 3)":"UCR"},"('Giros', 'COMISI\u00d3N')":{"('0131-D-2010', 0)":"AGRICULTURA Y GANADERIA","('0131-D-2010', 1)":"PRESUPUESTO Y HACIENDA","('0131-D-2010', 2)":null,"('0131-D-2010', 3)":null},"Link":{"('0131-D-2010', 0)":"https:\/\/www.hcdn.gob.ar\/proyectos\/textoCompleto.jsp?exp=0131-D-2010&tipo=RESOLUCION","('0131-D-2010', 1)":null,"('0131-D-2010', 2)":null,"('0131-D-2010', 3)":null},"Palabra Clave":{"('0131-D-2010', 0)":" ","('0131-D-2010', 1)":null,"('0131-D-2010', 2)":null,"('0131-D-2010', 3)":null}}