{"Tipo de Proyecto":{"('0134-S-2010', 0)":"PROYECTO DE RESOLUCI\u00d3N","('0134-S-2010', 1)":null},"Iniciado en: ":{"('0134-S-2010', 0)":"Senado","('0134-S-2010', 1)":null},"Expediente Senado: ":{"('0134-S-2010', 0)":"0134-S-2010","('0134-S-2010', 1)":null},"Publicado en: ":{"('0134-S-2010', 0)":"Diario de Asuntos Entrados N\u00b0 8","('0134-S-2010', 1)":null},"Fecha: ":{"('0134-S-2010', 0)":"03\/03\/2010","('0134-S-2010', 1)":null},"T\u00edtulo":{"('0134-S-2010', 0)":"ADHERIR A LA CONMEMORACION DEL DIA INTERNACIONAL DE LA NO VIOLENCIA, QUE SE CELEBRA EL 2 DE OCTUBRE DE CADA A\u00d1O.","('0134-S-2010', 1)":null},"('Firmantes', 'FIRMANTE')":{"('0134-S-2010', 0)":"ESCUDERO, SONIA MARGARITA","('0134-S-2010', 1)":null},"('Firmantes', 'DISTRITO')":{"('0134-S-2010', 0)":"SALTA","('0134-S-2010', 1)":null},"('Firmantes', 'BLOQUE')":{"('0134-S-2010', 0)":"JUSTICIALISTA 8 DE OCTUBRE","('0134-S-2010', 1)":null},"('Tramites', 'C\u00c1MARA')":{"('0134-S-2010', 0)":"Senado","('0134-S-2010', 1)":"Senado"},"('Tramites', 'MOVIMIENTO')":{"('0134-S-2010', 0)":"MOCION SOBRE TABLAS (AFIRMATIVA)","('0134-S-2010', 1)":"CONSIDERACION Y APROBACION"},"('Tramites', 'FECHA')":{"('0134-S-2010', 0)":"11\/08\/2010","('0134-S-2010', 1)":"11\/08\/2010"},"('Tramites', 'RESULTADO')":{"('0134-S-2010', 0)":null,"('0134-S-2010', 1)":"APROBADO"},"Link":{"('0134-S-2010', 0)":"http:\/\/www.senado.gov.ar\/parlamentario\/comisiones\/verExp\/134.10\/S\/PR","('0134-S-2010', 1)":null},"Palabra Clave":{"('0134-S-2010', 0)":" ","('0134-S-2010', 1)":null}}