{"Tipo de Proyecto":{"('0135-S-2010', 0)":"PROYECTO DE RESOLUCI\u00d3N"},"Iniciado en: ":{"('0135-S-2010', 0)":"Senado"},"Expediente Senado: ":{"('0135-S-2010', 0)":"0135-S-2010"},"Publicado en: ":{"('0135-S-2010', 0)":"Diario de Asuntos Entrados N\u00b0 8"},"Fecha: ":{"('0135-S-2010', 0)":"03\/03\/2010"},"T\u00edtulo":{"('0135-S-2010', 0)":"CREACION DE LA COMISION ESPECIAL DE APOYO Y SEGUIMIENTO DE LAS OBRAS PARA LA REACTIVACION DEL FERROCARRIL BELGRANO CARGAS, EN EL AMBITO DEL H. SENADO."},"('Firmantes', 'FIRMANTE')":{"('0135-S-2010', 0)":"ESCUDERO, SONIA MARGARITA"},"('Firmantes', 'DISTRITO')":{"('0135-S-2010', 0)":"SALTA"},"('Firmantes', 'BLOQUE')":{"('0135-S-2010', 0)":"JUSTICIALISTA 8 DE OCTUBRE"},"Link":{"('0135-S-2010', 0)":"http:\/\/www.senado.gov.ar\/parlamentario\/comisiones\/verExp\/135.10\/S\/PR"},"Palabra Clave":{"('0135-S-2010', 0)":" "}}