{"Tipo de Proyecto":{"('0136-D-2010', 0)":"PROYECTO DE RESOLUCI\u00d3N"},"Iniciado en: ":{"('0136-D-2010', 0)":"Diputados"},"Expediente Diputados: ":{"('0136-D-2010', 0)":"0136-D-2010"},"Publicado en: ":{"('0136-D-2010', 0)":"Tr\u00e1mite Parlamentario N\u00b0 4"},"Fecha: ":{"('0136-D-2010', 0)":"02\/03\/2010"},"T\u00edtulo":{"('0136-D-2010', 0)":"EXPRESAR BENEPLACITO POR LA NOVENA CONVOCATORIA DEL PROGRAMA DE PEQUE\u00d1AS DONACIONES -PPD ARGENTINA- DEL FONDO PARA EL MEDIO AMBIENTE MUNDIAL -FMAM- CON LA FINALIDAD DE FINANCIAR PROYECTOS DE DESARROLLO SUSTENTABLE EN LA REGION NOROESTE ARGENTINO -NOA-, A REALIZARSE DEL 15 DE FEBRERO AL 26 DE MARZO DE 2010."},"('Firmantes', 'FIRMANTE')":{"('0136-D-2010', 0)":"VILARI\u00d1O, JOSE ANTONIO"},"('Firmantes', 'DISTRITO')":{"('0136-D-2010', 0)":"SALTA"},"('Firmantes', 'BLOQUE')":{"('0136-D-2010', 0)":"FRENTE PARA LA VICTORIA - PJ"},"('Giros', 'COMISI\u00d3N')":{"('0136-D-2010', 0)":"RELACIONES EXTERIORES Y CULTO"},"Link":{"('0136-D-2010', 0)":"https:\/\/www.hcdn.gob.ar\/proyectos\/textoCompleto.jsp?exp=0136-D-2010&tipo=RESOLUCION"},"Palabra Clave":{"('0136-D-2010', 0)":" "}}