{"Tipo de Proyecto":{"('0136-S-2010', 0)":"COMUNICACION","('0136-S-2010', 1)":null,"('0136-S-2010', 2)":null},"Iniciado en: ":{"('0136-S-2010', 0)":"Senado","('0136-S-2010', 1)":null,"('0136-S-2010', 2)":null},"Expediente Senado: ":{"('0136-S-2010', 0)":"0136-S-2010","('0136-S-2010', 1)":null,"('0136-S-2010', 2)":null},"Publicado en: ":{"('0136-S-2010', 0)":"Diario de Asuntos Entrados N\u00b0 8","('0136-S-2010', 1)":null,"('0136-S-2010', 2)":null},"Fecha: ":{"('0136-S-2010', 0)":"03\/03\/2010","('0136-S-2010', 1)":null,"('0136-S-2010', 2)":null},"T\u00edtulo":{"('0136-S-2010', 0)":"PEDIDO DE INFORMES AL PODER EJECUTIVO SOBRE DIVERSOS PUNTOS RELACIONADOS CON LAS OBRAS DE REPARACION Y RECONSTRUCCION DE INFRAESTRUCTURA EN TARTAGAL, SALTA  A UN A\u00d1O DEL ALUD QUE AFECTARA A ESA CIUDAD.","('0136-S-2010', 1)":null,"('0136-S-2010', 2)":null},"('Firmantes', 'FIRMANTE')":{"('0136-S-2010', 0)":"ESCUDERO, SONIA MARGARITA","('0136-S-2010', 1)":null,"('0136-S-2010', 2)":null},"('Firmantes', 'DISTRITO')":{"('0136-S-2010', 0)":"SALTA","('0136-S-2010', 1)":null,"('0136-S-2010', 2)":null},"('Firmantes', 'BLOQUE')":{"('0136-S-2010', 0)":"JUSTICIALISTA 8 DE OCTUBRE","('0136-S-2010', 1)":null,"('0136-S-2010', 2)":null},"('Tramites', 'C\u00c1MARA')":{"('0136-S-2010', 0)":"Senado","('0136-S-2010', 1)":"Senado","('0136-S-2010', 2)":"Senado"},"('Tramites', 'MOVIMIENTO')":{"('0136-S-2010', 0)":"CONSIDERACION Y APROBACION","('0136-S-2010', 1)":"CONTESTACION DEL PODER EJECUTIVO NACIONAL - JEFE DE GABINETE DE MINISTROS - (A SUS ANTECEDENTES)","('0136-S-2010', 2)":"CONTESTACION DEL PODER EJECUTIVO NACIONAL - JEFE DE GABINETE DE MINISTROS - (A SUS ANTECEDENTES)"},"('Tramites', 'FECHA')":{"('0136-S-2010', 0)":"19\/05\/2010","('0136-S-2010', 1)":"16\/03\/2011","('0136-S-2010', 2)":"16\/03\/2011"},"('Tramites', 'RESULTADO')":{"('0136-S-2010', 0)":"APROBADO","('0136-S-2010', 1)":null,"('0136-S-2010', 2)":null},"Link":{"('0136-S-2010', 0)":"http:\/\/www.senado.gov.ar\/parlamentario\/comisiones\/verExp\/136.10\/S\/PC","('0136-S-2010', 1)":null,"('0136-S-2010', 2)":null},"Palabra Clave":{"('0136-S-2010', 0)":" ","('0136-S-2010', 1)":null,"('0136-S-2010', 2)":null}}