{"Tipo de Proyecto":{"('0137-D-2010', 0)":"PROYECTO DE RESOLUCI\u00d3N"},"Iniciado en: ":{"('0137-D-2010', 0)":"Diputados"},"Expediente Diputados: ":{"('0137-D-2010', 0)":"0137-D-2010"},"Publicado en: ":{"('0137-D-2010', 0)":"Tr\u00e1mite Parlamentario N\u00b0 4"},"Fecha: ":{"('0137-D-2010', 0)":"02\/03\/2010"},"T\u00edtulo":{"('0137-D-2010', 0)":"EXPRESAR BENEPLACITO POR LA APROBACION DEL PROTOCOLO AMBIENTAL DE LA ZONA DE INTEGRACION DEL CENTRO OESTE SUDAMERICANO -ZICOSUR-."},"('Firmantes', 'FIRMANTE')":{"('0137-D-2010', 0)":"VILARI\u00d1O, JOSE ANTONIO"},"('Firmantes', 'DISTRITO')":{"('0137-D-2010', 0)":"SALTA"},"('Firmantes', 'BLOQUE')":{"('0137-D-2010', 0)":"FRENTE PARA LA VICTORIA - PJ"},"('Giros', 'COMISI\u00d3N')":{"('0137-D-2010', 0)":"RELACIONES EXTERIORES Y CULTO"},"('Tramites', 'C\u00c1MARA')":{"('0137-D-2010', 0)":"Diputados"},"('Tramites', 'MOVIMIENTO')":{"('0137-D-2010', 0)":"CONSIDERACION Y APROBACION"},"('Tramites', 'FECHA')":{"('0137-D-2010', 0)":"12\/05\/2010"},"('Tramites', 'RESULTADO')":{"('0137-D-2010', 0)":"APROBADO"},"Link":{"('0137-D-2010', 0)":"https:\/\/www.hcdn.gob.ar\/proyectos\/textoCompleto.jsp?exp=0137-D-2010&tipo=RESOLUCION"},"Palabra Clave":{"('0137-D-2010', 0)":" "}}