{"Tipo de Proyecto":{"('0137-S-2010', 0)":"PROYECTO DE DECLARACI\u00d3N"},"Iniciado en: ":{"('0137-S-2010', 0)":"Senado"},"Expediente Senado: ":{"('0137-S-2010', 0)":"0137-S-2010"},"Publicado en: ":{"('0137-S-2010', 0)":"Diario de Asuntos Entrados N\u00b0 8"},"Fecha: ":{"('0137-S-2010', 0)":"03\/03\/2010"},"T\u00edtulo":{"('0137-S-2010', 0)":"EXPRESAR SUS CONDOLENCIAS AL PUEBLO CHILENO POR EL TERREMOTO SUCEDIDO EL 27 DE FEBRERO DE 2010."},"('Firmantes', 'FIRMANTE')":{"('0137-S-2010', 0)":"PERSICO, DANIEL RAUL"},"('Firmantes', 'DISTRITO')":{"('0137-S-2010', 0)":"SAN LUIS"},"('Firmantes', 'BLOQUE')":{"('0137-S-2010', 0)":"FRENTE PARA LA VICTORIA - PJ"},"Link":{"('0137-S-2010', 0)":"http:\/\/www.senado.gov.ar\/parlamentario\/comisiones\/verExp\/137.10\/S\/PD"},"Palabra Clave":{"('0137-S-2010', 0)":" "}}