{"Tipo de Proyecto":{"('0139-S-2010', 0)":"PROYECTO DE LEY"},"Iniciado en: ":{"('0139-S-2010', 0)":"Senado"},"Expediente Senado: ":{"('0139-S-2010', 0)":"0139-S-2010"},"Publicado en: ":{"('0139-S-2010', 0)":"Diario de Asuntos Entrados N\u00b0 8"},"Fecha: ":{"('0139-S-2010', 0)":"03\/03\/2010"},"T\u00edtulo":{"('0139-S-2010', 0)":"CREACION DE LA OFICINA DE SEGURO AGROPECUARIO INTEGRAL, EN EL AMBITO DE LA SUPERINTENDENCIA DE SEGUROS DE LA NACION DEL MINISTERIO DE ECONOMIA Y FINANZAS PUBLICAS. MODIFICACIONES A LA LEY 17418, DE SEGUROS."},"('Firmantes', 'FIRMANTE')":{"('0139-S-2010', 0)":"PERSICO, DANIEL RAUL"},"('Firmantes', 'DISTRITO')":{"('0139-S-2010', 0)":"SAN LUIS"},"('Firmantes', 'BLOQUE')":{"('0139-S-2010', 0)":"FRENTE PARA LA VICTORIA - PJ"},"Sumario":{"('0139-S-2010', 0)":"FUNCIONES; LEY 17418: SUSTITUCION DE LA SECCION IX DEL CAPITULO II POR EL SIGUIENTE: \"SECCION IX: SEGUROS AGROPECUARIOS GENERALES\", DEROGACION DE LA SECCION X DEL CAPITULO II, MODIFICACIONES A LOS ARTICULOS 90 (LIMITACION DE LA INDEMNIZACION), 92 (VALUACION DE LA INDEMNIZACION), 93 (PLAZO PARA LA DENUNCIA DE UN SINIESTRO), 94 (POSTERGACION DE LA LIQUIDACION DEL DA\u00d1O HASTA UN PERIODO ESPECIFICO), 95 (CAMBIOS QUE PUEDE REALIZAR EL ASEGURADO ANTES DE LA DETERMINACION DEL DA\u00d1O Y SIN CONSENTIMIENTO DEL ASEGURADOR) Y 96 (RESCISION DEL CONTRATO EN CASO DE ENAJENACION DEL INMUEBLE); INCORPORACION DE LOS ARTICULOS 98 (DA\u00d1OS QUE NO COMPRENDE EL SEGURO, SALVO PACTO EN CONTRARIO), 99 (SUBROGACION DE DERECHOS DEL ASEGURADO POR PARTE DEL ASEGURADOR, EN APLICACION DEL ARTICULO 80), 100 (DERECHO DEL ASEGURADOR A INSPECCIONAR Y EXAMINAR LA PRODUCCION ASEGURADA), 101 (ASISTENCIA VETERINARIA), 102 (PERDIDA DEL DERECHO A SER INDEMNIZADO EN CASO DE MALTRATO O DESCUIDO DEL ANIMAL), 103 (PROHIBICION DE SACRIFICAR AL ANIMAL SIN CONSENTIMIENTO DEL ASEGURADOR, EXCEPCIONES) Y 104 (RESPONSABILIDAD CONTRACTUAL DEL ASEGURADOR HASTA UN MES DESPUES DE EXTINGUIDA LA MISMA; PROHIBICION DE RESCINDIR EL CONTRATO POR PARTE DEL ASEGURADOR CUANDO ALGUNO DE LOS ANIMALES HA SIDO INFECTADO POR UNA ENFERMEDAD CONTAGIOSA CUBIERTA); DEROGACION DE LOS ARTICULOS 91 Y 97; INVITACION A ADHERIR LAS PROVINCIAS Y A LA CIUDAD AUTONOMA DE BUENOS AIRES."},"Palabra Clave":{"('0139-S-2010', 0)":" "}}