{"Tipo de Proyecto":{"('0141-S-2010', 0)":"PROYECTO DE LEY"},"Iniciado en: ":{"('0141-S-2010', 0)":"Senado"},"Expediente Senado: ":{"('0141-S-2010', 0)":"0141-S-2010"},"Publicado en: ":{"('0141-S-2010', 0)":"Diario de Asuntos Entrados N\u00b0 8"},"Fecha: ":{"('0141-S-2010', 0)":"03\/03\/2010"},"T\u00edtulo":{"('0141-S-2010', 0)":"LEY 23966, DE IMPUESTO SOBRE LOS BIENES PERSONALES: SUSTITUCION DEL ARTICULO 22 INCISO A), REFERIDO AL CONCEPTO DE CASA - HABITACION PARA LA APLICACION DEL GRAVAMEN."},"('Firmantes', 'FIRMANTE')":{"('0141-S-2010', 0)":"JENEFES, GUILLERMO RAUL"},"('Firmantes', 'DISTRITO')":{"('0141-S-2010', 0)":"JUJUY"},"('Firmantes', 'BLOQUE')":{"('0141-S-2010', 0)":"FRENTE PARA LA VICTORIA - PJ"},"Link":{"('0141-S-2010', 0)":"http:\/\/www.senado.gov.ar\/parlamentario\/comisiones\/verExp\/141.10\/S\/PL"},"Palabra Clave":{"('0141-S-2010', 0)":" "}}