{"Tipo de Proyecto":{"('0142-D-2010', 0)":"PROYECTO DE RESOLUCI\u00d3N"},"Iniciado en: ":{"('0142-D-2010', 0)":"Diputados"},"Expediente Diputados: ":{"('0142-D-2010', 0)":"0142-D-2010"},"Publicado en: ":{"('0142-D-2010', 0)":"Tr\u00e1mite Parlamentario N\u00b0 4"},"Fecha: ":{"('0142-D-2010', 0)":"02\/03\/2010"},"T\u00edtulo":{"('0142-D-2010', 0)":"SOLICITAR AL PODER EJECUTIVO DISPONGA CONSTITUIR UNA BRIGADA ESPECIAL DE LA POLICIA FEDERAL ORIENTADA A LA CUSTODIA Y PRESERVACION DEL PATRIMONIO CULTURAL."},"('Firmantes', 'FIRMANTE')":{"('0142-D-2010', 0)":"PERIE, JULIA ARGENTINA"},"('Firmantes', 'DISTRITO')":{"('0142-D-2010', 0)":"MISIONES"},"('Firmantes', 'BLOQUE')":{"('0142-D-2010', 0)":"FRENTE PARA LA VICTORIA - PJ"},"('Giros', 'COMISI\u00d3N')":{"('0142-D-2010', 0)":"LEGISLACION PENAL"},"Link":{"('0142-D-2010', 0)":"https:\/\/www.hcdn.gob.ar\/proyectos\/textoCompleto.jsp?exp=0142-D-2010&tipo=RESOLUCION"},"Palabra Clave":{"('0142-D-2010', 0)":" "}}