{"Tipo de Proyecto":{"('0143-D-2010', 0)":"PROYECTO DE RESOLUCI\u00d3N","('0143-D-2010', 1)":null,"('0143-D-2010', 2)":null},"Iniciado en: ":{"('0143-D-2010', 0)":"Diputados","('0143-D-2010', 1)":null,"('0143-D-2010', 2)":null},"Expediente Diputados: ":{"('0143-D-2010', 0)":"0143-D-2010","('0143-D-2010', 1)":null,"('0143-D-2010', 2)":null},"Publicado en: ":{"('0143-D-2010', 0)":"Tr\u00e1mite Parlamentario N\u00b0 4","('0143-D-2010', 1)":null,"('0143-D-2010', 2)":null},"Fecha: ":{"('0143-D-2010', 0)":"02\/03\/2010","('0143-D-2010', 1)":null,"('0143-D-2010', 2)":null},"T\u00edtulo":{"('0143-D-2010', 0)":"DECLARAR DE INTERES DE LA H. CAMARA LA PROMOCION Y FOMENTO DE LA CARRERA DE \"TECNICO SUPERIOR EN AGROECOLOGIA\" QUE DICTA LA \"MULTIVERSIDAD POPULAR\" DE LA PROVINCIA DE MISIONES.","('0143-D-2010', 1)":null,"('0143-D-2010', 2)":null},"('Firmantes', 'FIRMANTE')":{"('0143-D-2010', 0)":"PERIE, JULIA ARGENTINA","('0143-D-2010', 1)":"LEVERBERG, STELLA MARIS","('0143-D-2010', 2)":"RISKO, SILVIA LUCRECIA"},"('Firmantes', 'DISTRITO')":{"('0143-D-2010', 0)":"MISIONES","('0143-D-2010', 1)":"MISIONES","('0143-D-2010', 2)":"MISIONES"},"('Firmantes', 'BLOQUE')":{"('0143-D-2010', 0)":"FRENTE PARA LA VICTORIA - PJ","('0143-D-2010', 1)":"FRENTE PARA LA VICTORIA - PJ","('0143-D-2010', 2)":"FRENTE PARA LA VICTORIA - PJ"},"('Giros', 'COMISI\u00d3N')":{"('0143-D-2010', 0)":"EDUCACION","('0143-D-2010', 1)":null,"('0143-D-2010', 2)":null},"('Tramites', 'C\u00c1MARA')":{"('0143-D-2010', 0)":"Diputados","('0143-D-2010', 1)":null,"('0143-D-2010', 2)":null},"('Tramites', 'MOVIMIENTO')":{"('0143-D-2010', 0)":"APROBACION ARTICULO 114 DEL REGLAMENTO DE LA H CAMARA DE DIPUTADOS; COMUNICADO EL 31\/08\/2010","('0143-D-2010', 1)":null,"('0143-D-2010', 2)":null},"('Tramites', 'FECHA')":{"('0143-D-2010', 0)":null,"('0143-D-2010', 1)":null,"('0143-D-2010', 2)":null},"('Tramites', 'RESULTADO')":{"('0143-D-2010', 0)":"APROBADO","('0143-D-2010', 1)":null,"('0143-D-2010', 2)":null},"Link":{"('0143-D-2010', 0)":"https:\/\/www.hcdn.gob.ar\/proyectos\/textoCompleto.jsp?exp=0143-D-2010&tipo=RESOLUCION","('0143-D-2010', 1)":null,"('0143-D-2010', 2)":null},"Palabra Clave":{"('0143-D-2010', 0)":" ","('0143-D-2010', 1)":null,"('0143-D-2010', 2)":null}}