{"Tipo de Proyecto":{"('0144-D-2010', 0)":"PROYECTO DE RESOLUCI\u00d3N","('0144-D-2010', 1)":null,"('0144-D-2010', 2)":null},"Iniciado en: ":{"('0144-D-2010', 0)":"Diputados","('0144-D-2010', 1)":null,"('0144-D-2010', 2)":null},"Expediente Diputados: ":{"('0144-D-2010', 0)":"0144-D-2010","('0144-D-2010', 1)":null,"('0144-D-2010', 2)":null},"Publicado en: ":{"('0144-D-2010', 0)":"Tr\u00e1mite Parlamentario N\u00b0 4","('0144-D-2010', 1)":null,"('0144-D-2010', 2)":null},"Fecha: ":{"('0144-D-2010', 0)":"02\/03\/2010","('0144-D-2010', 1)":null,"('0144-D-2010', 2)":null},"T\u00edtulo":{"('0144-D-2010', 0)":"SOLICITAR AL PODER EJECUTIVO DISPONGA LAS MEDIDAS NECESARIAS PARA LA CREACION DE UNA DELEGACION DEL SENASA EN EL MUNICIPIO DE CONCEPCION DE LA SIERRA, PROVINCIA DE MISIONES.","('0144-D-2010', 1)":null,"('0144-D-2010', 2)":null},"('Firmantes', 'FIRMANTE')":{"('0144-D-2010', 0)":"PERIE, JULIA ARGENTINA","('0144-D-2010', 1)":"LEVERBERG, STELLA MARIS","('0144-D-2010', 2)":"RISKO, SILVIA LUCRECIA"},"('Firmantes', 'DISTRITO')":{"('0144-D-2010', 0)":"MISIONES","('0144-D-2010', 1)":"MISIONES","('0144-D-2010', 2)":"MISIONES"},"('Firmantes', 'BLOQUE')":{"('0144-D-2010', 0)":"FRENTE PARA LA VICTORIA - PJ","('0144-D-2010', 1)":"FRENTE PARA LA VICTORIA - PJ","('0144-D-2010', 2)":"FRENTE PARA LA VICTORIA - PJ"},"('Giros', 'COMISI\u00d3N')":{"('0144-D-2010', 0)":"AGRICULTURA Y GANADERIA","('0144-D-2010', 1)":null,"('0144-D-2010', 2)":null},"('Tramites', 'C\u00c1MARA')":{"('0144-D-2010', 0)":"Diputados","('0144-D-2010', 1)":"Diputados","('0144-D-2010', 2)":null},"('Tramites', 'MOVIMIENTO')":{"('0144-D-2010', 0)":"CONSIDERACION Y APROBACION","('0144-D-2010', 1)":"CONTESTACION DEL PODER EJECUTIVO NACIONAL - JEFE DE GABINETE DE MINISTROS - GIRADO A LA COMISION RESPECTIVA","('0144-D-2010', 2)":null},"('Tramites', 'FECHA')":{"('0144-D-2010', 0)":"12\/05\/2010","('0144-D-2010', 1)":"30\/11\/2011","('0144-D-2010', 2)":null},"('Tramites', 'RESULTADO')":{"('0144-D-2010', 0)":"APROBADO","('0144-D-2010', 1)":null,"('0144-D-2010', 2)":null},"Link":{"('0144-D-2010', 0)":"https:\/\/www.hcdn.gob.ar\/proyectos\/textoCompleto.jsp?exp=0144-D-2010&tipo=RESOLUCION","('0144-D-2010', 1)":null,"('0144-D-2010', 2)":null},"Palabra Clave":{"('0144-D-2010', 0)":" ","('0144-D-2010', 1)":null,"('0144-D-2010', 2)":null}}