{"Tipo de Proyecto":{"('0145-S-2010', 0)":"PROYECTO DE DECLARACI\u00d3N","('0145-S-2010', 1)":null},"Iniciado en: ":{"('0145-S-2010', 0)":"Senado","('0145-S-2010', 1)":null},"Expediente Senado: ":{"('0145-S-2010', 0)":"0145-S-2010","('0145-S-2010', 1)":null},"Publicado en: ":{"('0145-S-2010', 0)":"Diario de Asuntos Entrados N\u00b0 8","('0145-S-2010', 1)":null},"Fecha: ":{"('0145-S-2010', 0)":"03\/03\/2010","('0145-S-2010', 1)":null},"T\u00edtulo":{"('0145-S-2010', 0)":"DECLARAR DE INTERES PARLAMENTARIO LA MUESTRA EXPOAGRO 2010, DENOMINADA EXPOAGRO DEL BICENTENARIO, A REALIZARSE DEL 3 AL 6 DE MARZO EN BARADERO, PROVINCIA DE BUENOS AIRES.","('0145-S-2010', 1)":null},"('Firmantes', 'FIRMANTE')":{"('0145-S-2010', 0)":"RACHED, EMILIO ALBERTO","('0145-S-2010', 1)":null},"('Firmantes', 'DISTRITO')":{"('0145-S-2010', 0)":"SANTIAGO DEL ESTERO","('0145-S-2010', 1)":null},"('Firmantes', 'BLOQUE')":{"('0145-S-2010', 0)":"UCR","('0145-S-2010', 1)":null},"('Tramites', 'C\u00c1MARA')":{"('0145-S-2010', 0)":"Senado","('0145-S-2010', 1)":"Senado"},"('Tramites', 'MOVIMIENTO')":{"('0145-S-2010', 0)":"MOCION SOBRE TABLAS (AFIRMATIVA)","('0145-S-2010', 1)":"CONSIDERACION Y APROBACION"},"('Tramites', 'FECHA')":{"('0145-S-2010', 0)":"28\/04\/2010","('0145-S-2010', 1)":"28\/04\/2010"},"('Tramites', 'RESULTADO')":{"('0145-S-2010', 0)":null,"('0145-S-2010', 1)":"APROBADO"},"Link":{"('0145-S-2010', 0)":"http:\/\/www.senado.gov.ar\/parlamentario\/comisiones\/verExp\/145.10\/S\/PD","('0145-S-2010', 1)":null},"Palabra Clave":{"('0145-S-2010', 0)":" ","('0145-S-2010', 1)":null}}