{"Tipo de Proyecto":{"('0146-D-2010', 0)":"PROYECTO DE RESOLUCI\u00d3N","('0146-D-2010', 1)":null},"Iniciado en: ":{"('0146-D-2010', 0)":"Diputados","('0146-D-2010', 1)":null},"Expediente Diputados: ":{"('0146-D-2010', 0)":"0146-D-2010","('0146-D-2010', 1)":null},"Publicado en: ":{"('0146-D-2010', 0)":"Tr\u00e1mite Parlamentario N\u00b0 4","('0146-D-2010', 1)":null},"Fecha: ":{"('0146-D-2010', 0)":"02\/03\/2010","('0146-D-2010', 1)":null},"T\u00edtulo":{"('0146-D-2010', 0)":"DECLARAR DE INTERES DE LA H. CAMARA LA OBRA REALIZADA POR LA \"FUNDACION CORONEL PLACIDO OBLIGADO Y DOLORES OBLIGADO DE OBLIGADO\" PARA PERSONAS CON PARALISIS CEREBRAL.","('0146-D-2010', 1)":null},"('Firmantes', 'FIRMANTE')":{"('0146-D-2010', 0)":"PERIE, JULIA ARGENTINA","('0146-D-2010', 1)":null},"('Firmantes', 'DISTRITO')":{"('0146-D-2010', 0)":"MISIONES","('0146-D-2010', 1)":null},"('Firmantes', 'BLOQUE')":{"('0146-D-2010', 0)":"FRENTE PARA LA VICTORIA - PJ","('0146-D-2010', 1)":null},"('Giros', 'COMISI\u00d3N')":{"('0146-D-2010', 0)":"ACCION SOCIAL Y SALUD PUBLICA","('0146-D-2010', 1)":"DISCAPACIDAD"},"('Tramites', 'C\u00c1MARA')":{"('0146-D-2010', 0)":"Diputados","('0146-D-2010', 1)":"Diputados"},"('Tramites', 'MOVIMIENTO')":{"('0146-D-2010', 0)":"APROBACION ARTICULO 114 DEL REGLAMENTO DE LA H CAMARA DE DIPUTADOS; COMUNICADO EL 11\/08\/2010","('0146-D-2010', 1)":"CONTESTACION DEL PODER EJECUTIVO NACIONAL - JEFE DE GABINETE DE MINISTROS - GIRADO A LA COMISION RESPECTIVA"},"('Tramites', 'FECHA')":{"('0146-D-2010', 0)":null,"('0146-D-2010', 1)":"30\/11\/2011"},"('Tramites', 'RESULTADO')":{"('0146-D-2010', 0)":"APROBADO","('0146-D-2010', 1)":null},"Link":{"('0146-D-2010', 0)":"https:\/\/www.hcdn.gob.ar\/proyectos\/textoCompleto.jsp?exp=0146-D-2010&tipo=RESOLUCION","('0146-D-2010', 1)":null},"Palabra Clave":{"('0146-D-2010', 0)":" ","('0146-D-2010', 1)":null}}