{"Tipo de Proyecto":{"('0148-S-2010', 0)":"COMUNICACION"},"Iniciado en: ":{"('0148-S-2010', 0)":"Senado"},"Expediente Senado: ":{"('0148-S-2010', 0)":"0148-S-2010"},"Publicado en: ":{"('0148-S-2010', 0)":"Diario de Asuntos Entrados N\u00b0 8"},"Fecha: ":{"('0148-S-2010', 0)":"03\/03\/2010"},"T\u00edtulo":{"('0148-S-2010', 0)":"SOLICITAR AL PODER EJECUTIVO DISPONGA LAS MEDIDAS TENDIENTES A LA INSTALACION DE UN CENTRO DE SALUD DESTINADO AL ESTUDIO Y PREVENCION DE ENFERMEDADES TROPICALES EN LA PROVINCIA DE MISIONES. "},"('Firmantes', 'FIRMANTE')":{"('0148-S-2010', 0)":"VIANA, LUIS ALBERTO"},"('Firmantes', 'DISTRITO')":{"('0148-S-2010', 0)":"MISIONES"},"('Firmantes', 'BLOQUE')":{"('0148-S-2010', 0)":"FRENTE PARA LA VICTORIA - PJ"},"Link":{"('0148-S-2010', 0)":"http:\/\/www.senado.gov.ar\/parlamentario\/comisiones\/verExp\/148.10\/S\/PC"},"Palabra Clave":{"('0148-S-2010', 0)":" "}}