{"Tipo de Proyecto":{"('0149-D-2010', 0)":"PROYECTO DE RESOLUCI\u00d3N","('0149-D-2010', 1)":null,"('0149-D-2010', 2)":null},"Iniciado en: ":{"('0149-D-2010', 0)":"Diputados","('0149-D-2010', 1)":null,"('0149-D-2010', 2)":null},"Expediente Diputados: ":{"('0149-D-2010', 0)":"0149-D-2010","('0149-D-2010', 1)":null,"('0149-D-2010', 2)":null},"Publicado en: ":{"('0149-D-2010', 0)":"Tr\u00e1mite Parlamentario N\u00b0 4","('0149-D-2010', 1)":null,"('0149-D-2010', 2)":null},"Fecha: ":{"('0149-D-2010', 0)":"02\/03\/2010","('0149-D-2010', 1)":null,"('0149-D-2010', 2)":null},"T\u00edtulo":{"('0149-D-2010', 0)":"SOLICITAR AL PODER EJECUTIVO INSTRUMENTAR LOS MECANISMOS NECESARIOS A FIN DE REGLAMENTAR EN SU TOTALIDAD LA LEY 26314 SANCIONADA EL 21 DE NOVIEMBRE DE 2007, QUE ESTABLECE EL PRECIO DIFERENCIAL PARA CONSUMO RESIDENCIAL DE GAS LICUADO DE PETROLEO EN GARRAFAS DE 10, 12, Y 15 KILOGRAMOS.","('0149-D-2010', 1)":null,"('0149-D-2010', 2)":null},"('Firmantes', 'FIRMANTE')":{"('0149-D-2010', 0)":"PERIE, JULIA ARGENTINA","('0149-D-2010', 1)":"LEVERBERG, STELLA MARIS","('0149-D-2010', 2)":"RISKO, SILVIA LUCRECIA"},"('Firmantes', 'DISTRITO')":{"('0149-D-2010', 0)":"MISIONES","('0149-D-2010', 1)":"MISIONES","('0149-D-2010', 2)":"MISIONES"},"('Firmantes', 'BLOQUE')":{"('0149-D-2010', 0)":"FRENTE PARA LA VICTORIA - PJ","('0149-D-2010', 1)":"FRENTE PARA LA VICTORIA - PJ","('0149-D-2010', 2)":"FRENTE PARA LA VICTORIA - PJ"},"('Giros', 'COMISI\u00d3N')":{"('0149-D-2010', 0)":"ENERGIA Y COMBUSTIBLES","('0149-D-2010', 1)":null,"('0149-D-2010', 2)":null},"Link":{"('0149-D-2010', 0)":"https:\/\/www.hcdn.gob.ar\/proyectos\/textoCompleto.jsp?exp=0149-D-2010&tipo=RESOLUCION","('0149-D-2010', 1)":null,"('0149-D-2010', 2)":null},"Palabra Clave":{"('0149-D-2010', 0)":" ","('0149-D-2010', 1)":null,"('0149-D-2010', 2)":null}}