{"Tipo de Proyecto":{"('0154-S-2010', 0)":"PROYECTO DE LEY"},"Iniciado en: ":{"('0154-S-2010', 0)":"Senado"},"Expediente Senado: ":{"('0154-S-2010', 0)":"0154-S-2010"},"Publicado en: ":{"('0154-S-2010', 0)":"Diario de Asuntos Entrados N\u00b0 9"},"Fecha: ":{"('0154-S-2010', 0)":"04\/03\/2010"},"T\u00edtulo":{"('0154-S-2010', 0)":"LEY PARA EL DESARROLLO SOSTENIBLE DEL MEDIO RURAL Y EL INCREMENTO DEL BIENESTAR DE SUS POBLADORES: CREACION DEL CONSEJO PARA EL MEDIO RURAL, CREACION DEL PROGRAMA DE DESARROLLO RURAL SOSTENIBLE, FINANCIACION (REPRODUCCION DEL EXPEDIENTE 1007-S-08)."},"('Firmantes', 'FIRMANTE')":{"('0154-S-2010', 0)":"CORREGIDO, ELENA MERCEDES"},"('Firmantes', 'DISTRITO')":{"('0154-S-2010', 0)":"CHACO"},"('Firmantes', 'BLOQUE')":{"('0154-S-2010', 0)":"FRENTE PARA LA VICTORIA - PJ"},"Link":{"('0154-S-2010', 0)":"http:\/\/www.senado.gov.ar\/parlamentario\/comisiones\/verExp\/154.10\/S\/PL"},"Palabra Clave":{"('0154-S-2010', 0)":" "}}