{"Tipo de Proyecto":{"('0155-D-2010', 0)":"PROYECTO DE LEY","('0155-D-2010', 1)":null,"('0155-D-2010', 2)":null,"('0155-D-2010', 3)":null,"('0155-D-2010', 4)":null,"('0155-D-2010', 5)":null,"('0155-D-2010', 6)":null,"('0155-D-2010', 7)":null,"('0155-D-2010', 8)":null,"('0155-D-2010', 9)":null,"('0155-D-2010', 10)":null,"('0155-D-2010', 11)":null,"('0155-D-2010', 12)":null},"Iniciado en: ":{"('0155-D-2010', 0)":"Diputados","('0155-D-2010', 1)":null,"('0155-D-2010', 2)":null,"('0155-D-2010', 3)":null,"('0155-D-2010', 4)":null,"('0155-D-2010', 5)":null,"('0155-D-2010', 6)":null,"('0155-D-2010', 7)":null,"('0155-D-2010', 8)":null,"('0155-D-2010', 9)":null,"('0155-D-2010', 10)":null,"('0155-D-2010', 11)":null,"('0155-D-2010', 12)":null},"Expediente Diputados: ":{"('0155-D-2010', 0)":"0155-D-2010","('0155-D-2010', 1)":null,"('0155-D-2010', 2)":null,"('0155-D-2010', 3)":null,"('0155-D-2010', 4)":null,"('0155-D-2010', 5)":null,"('0155-D-2010', 6)":null,"('0155-D-2010', 7)":null,"('0155-D-2010', 8)":null,"('0155-D-2010', 9)":null,"('0155-D-2010', 10)":null,"('0155-D-2010', 11)":null,"('0155-D-2010', 12)":null},"Publicado en: ":{"('0155-D-2010', 0)":"Tr\u00e1mite Parlamentario N\u00b0 4","('0155-D-2010', 1)":null,"('0155-D-2010', 2)":null,"('0155-D-2010', 3)":null,"('0155-D-2010', 4)":null,"('0155-D-2010', 5)":null,"('0155-D-2010', 6)":null,"('0155-D-2010', 7)":null,"('0155-D-2010', 8)":null,"('0155-D-2010', 9)":null,"('0155-D-2010', 10)":null,"('0155-D-2010', 11)":null,"('0155-D-2010', 12)":null},"Fecha: ":{"('0155-D-2010', 0)":"02\/03\/2010","('0155-D-2010', 1)":null,"('0155-D-2010', 2)":null,"('0155-D-2010', 3)":null,"('0155-D-2010', 4)":null,"('0155-D-2010', 5)":null,"('0155-D-2010', 6)":null,"('0155-D-2010', 7)":null,"('0155-D-2010', 8)":null,"('0155-D-2010', 9)":null,"('0155-D-2010', 10)":null,"('0155-D-2010', 11)":null,"('0155-D-2010', 12)":null},"T\u00edtulo":{"('0155-D-2010', 0)":"CREACION EN EL AMBITO DEL HONORABLE CONGRESO DE LA NACION UNA COMISION BICAMERAL DE SEGUIMIENTO DE LA CRISIS DEL \"INSTITUTO NACIONAL DE ESTADISTICAS Y CENSOS -INDEC-\".","('0155-D-2010', 1)":null,"('0155-D-2010', 2)":null,"('0155-D-2010', 3)":null,"('0155-D-2010', 4)":null,"('0155-D-2010', 5)":null,"('0155-D-2010', 6)":null,"('0155-D-2010', 7)":null,"('0155-D-2010', 8)":null,"('0155-D-2010', 9)":null,"('0155-D-2010', 10)":null,"('0155-D-2010', 11)":null,"('0155-D-2010', 12)":null},"('Firmantes', 'FIRMANTE')":{"('0155-D-2010', 0)":"LOZANO, CLAUDIO RAUL","('0155-D-2010', 1)":"DONDA PEREZ, VICTORIA ANALIA","('0155-D-2010', 2)":"ARGUMEDO, ALCIRA SUSANA","('0155-D-2010', 3)":"MACALUSE, EDUARDO GABRIEL","('0155-D-2010', 4)":"GIUBERGIA, MIGUEL ANGEL","('0155-D-2010', 5)":"GRIBAUDO, CHRISTIAN ALEJANDRO","('0155-D-2010', 6)":"ITURRASPE, NORA GRACIELA","('0155-D-2010', 7)":"CARDELLI, JORGE JUSTO","('0155-D-2010', 8)":"PARADA, LILIANA BEATRIZ","('0155-D-2010', 9)":"BULLRICH, PATRICIA","('0155-D-2010', 10)":"MERCHAN, PAULA CECILIA","('0155-D-2010', 11)":"BENAS, VERONICA CLAUDIA","('0155-D-2010', 12)":"GIL LOZANO, CLAUDIA FERNANDA"},"('Firmantes', 'DISTRITO')":{"('0155-D-2010', 0)":"CIUDAD de BUENOS AIRES","('0155-D-2010', 1)":"BUENOS AIRES","('0155-D-2010', 2)":"CIUDAD de BUENOS AIRES","('0155-D-2010', 3)":"BUENOS AIRES","('0155-D-2010', 4)":"JUJUY","('0155-D-2010', 5)":"BUENOS AIRES","('0155-D-2010', 6)":"BUENOS AIRES","('0155-D-2010', 7)":"CIUDAD de BUENOS AIRES","('0155-D-2010', 8)":"CIUDAD de BUENOS AIRES","('0155-D-2010', 9)":"CIUDAD de BUENOS AIRES","('0155-D-2010', 10)":"CORDOBA","('0155-D-2010', 11)":"SANTA FE","('0155-D-2010', 12)":"CIUDAD de BUENOS AIRES"},"('Firmantes', 'BLOQUE')":{"('0155-D-2010', 0)":"MOVIMIENTO PROYECTO SUR","('0155-D-2010', 1)":"LIBRES DEL SUR","('0155-D-2010', 2)":"MOVIMIENTO PROYECTO SUR","('0155-D-2010', 3)":"SI POR LA UNIDAD POPULAR","('0155-D-2010', 4)":"UCR","('0155-D-2010', 5)":"PRO","('0155-D-2010', 6)":"SI POR LA UNIDAD POPULAR","('0155-D-2010', 7)":"MOVIMIENTO PROYECTO SUR","('0155-D-2010', 8)":"MOVIMIENTO PROYECTO SUR","('0155-D-2010', 9)":"COALICION CIVICA","('0155-D-2010', 10)":"LIBRES DEL SUR","('0155-D-2010', 11)":"SI POR LA UNIDAD POPULAR","('0155-D-2010', 12)":"COALICION CIVICA"},"('Giros', 'COMISI\u00d3N')":{"('0155-D-2010', 0)":"PETICIONES, PODERES Y REGLAMENTO","('0155-D-2010', 1)":"POBLACION Y DESARROLLO HUMANO","('0155-D-2010', 2)":"PRESUPUESTO Y HACIENDA","('0155-D-2010', 3)":null,"('0155-D-2010', 4)":null,"('0155-D-2010', 5)":null,"('0155-D-2010', 6)":null,"('0155-D-2010', 7)":null,"('0155-D-2010', 8)":null,"('0155-D-2010', 9)":null,"('0155-D-2010', 10)":null,"('0155-D-2010', 11)":null,"('0155-D-2010', 12)":null},"('Tramites', 'C\u00c1MARA')":{"('0155-D-2010', 0)":"Diputados","('0155-D-2010', 1)":null,"('0155-D-2010', 2)":null,"('0155-D-2010', 3)":null,"('0155-D-2010', 4)":null,"('0155-D-2010', 5)":null,"('0155-D-2010', 6)":null,"('0155-D-2010', 7)":null,"('0155-D-2010', 8)":null,"('0155-D-2010', 9)":null,"('0155-D-2010', 10)":null,"('0155-D-2010', 11)":null,"('0155-D-2010', 12)":null},"('Tramites', 'MOVIMIENTO')":{"('0155-D-2010', 0)":"MOCION DE PREFERENCIA PARA LA PROXIMA SESION CON DICTAMEN (AFIRMATIVA)","('0155-D-2010', 1)":null,"('0155-D-2010', 2)":null,"('0155-D-2010', 3)":null,"('0155-D-2010', 4)":null,"('0155-D-2010', 5)":null,"('0155-D-2010', 6)":null,"('0155-D-2010', 7)":null,"('0155-D-2010', 8)":null,"('0155-D-2010', 9)":null,"('0155-D-2010', 10)":null,"('0155-D-2010', 11)":null,"('0155-D-2010', 12)":null},"('Tramites', 'FECHA')":{"('0155-D-2010', 0)":"17\/03\/2010","('0155-D-2010', 1)":null,"('0155-D-2010', 2)":null,"('0155-D-2010', 3)":null,"('0155-D-2010', 4)":null,"('0155-D-2010', 5)":null,"('0155-D-2010', 6)":null,"('0155-D-2010', 7)":null,"('0155-D-2010', 8)":null,"('0155-D-2010', 9)":null,"('0155-D-2010', 10)":null,"('0155-D-2010', 11)":null,"('0155-D-2010', 12)":null},"('Tramites', 'RESULTADO')":{"('0155-D-2010', 0)":null,"('0155-D-2010', 1)":null,"('0155-D-2010', 2)":null,"('0155-D-2010', 3)":null,"('0155-D-2010', 4)":null,"('0155-D-2010', 5)":null,"('0155-D-2010', 6)":null,"('0155-D-2010', 7)":null,"('0155-D-2010', 8)":null,"('0155-D-2010', 9)":null,"('0155-D-2010', 10)":null,"('0155-D-2010', 11)":null,"('0155-D-2010', 12)":null},"Sumario":{"('0155-D-2010', 0)":"MODIFICACION DEL ARTICULO 2 LEY 17622 Y MODIFICATORIAS; SOBRE CREACION DEL INSTITUTO NACIONAL DE ESTADISTICA Y CENSOS, DEPENDIENTE DEL CONGRESO DE LA NACION. INTEGRACION, OBJETIVOS, FACULTADES.","('0155-D-2010', 1)":null,"('0155-D-2010', 2)":null,"('0155-D-2010', 3)":null,"('0155-D-2010', 4)":null,"('0155-D-2010', 5)":null,"('0155-D-2010', 6)":null,"('0155-D-2010', 7)":null,"('0155-D-2010', 8)":null,"('0155-D-2010', 9)":null,"('0155-D-2010', 10)":null,"('0155-D-2010', 11)":null,"('0155-D-2010', 12)":null},"Palabra Clave":{"('0155-D-2010', 0)":" ","('0155-D-2010', 1)":null,"('0155-D-2010', 2)":null,"('0155-D-2010', 3)":null,"('0155-D-2010', 4)":null,"('0155-D-2010', 5)":null,"('0155-D-2010', 6)":null,"('0155-D-2010', 7)":null,"('0155-D-2010', 8)":null,"('0155-D-2010', 9)":null,"('0155-D-2010', 10)":null,"('0155-D-2010', 11)":null,"('0155-D-2010', 12)":null}}