{"Tipo de Proyecto":{"('0157-D-2010', 0)":"PROYECTO DE LEY","('0157-D-2010', 1)":null,"('0157-D-2010', 2)":null,"('0157-D-2010', 3)":null,"('0157-D-2010', 4)":null,"('0157-D-2010', 5)":null,"('0157-D-2010', 6)":null,"('0157-D-2010', 7)":null,"('0157-D-2010', 8)":null},"Iniciado en: ":{"('0157-D-2010', 0)":"Diputados","('0157-D-2010', 1)":null,"('0157-D-2010', 2)":null,"('0157-D-2010', 3)":null,"('0157-D-2010', 4)":null,"('0157-D-2010', 5)":null,"('0157-D-2010', 6)":null,"('0157-D-2010', 7)":null,"('0157-D-2010', 8)":null},"Expediente Diputados: ":{"('0157-D-2010', 0)":"0157-D-2010","('0157-D-2010', 1)":null,"('0157-D-2010', 2)":null,"('0157-D-2010', 3)":null,"('0157-D-2010', 4)":null,"('0157-D-2010', 5)":null,"('0157-D-2010', 6)":null,"('0157-D-2010', 7)":null,"('0157-D-2010', 8)":null},"Publicado en: ":{"('0157-D-2010', 0)":"Tr\u00e1mite Parlamentario N\u00b0 2","('0157-D-2010', 1)":null,"('0157-D-2010', 2)":null,"('0157-D-2010', 3)":null,"('0157-D-2010', 4)":null,"('0157-D-2010', 5)":null,"('0157-D-2010', 6)":null,"('0157-D-2010', 7)":null,"('0157-D-2010', 8)":null},"Fecha: ":{"('0157-D-2010', 0)":"02\/03\/2010","('0157-D-2010', 1)":null,"('0157-D-2010', 2)":null,"('0157-D-2010', 3)":null,"('0157-D-2010', 4)":null,"('0157-D-2010', 5)":null,"('0157-D-2010', 6)":null,"('0157-D-2010', 7)":null,"('0157-D-2010', 8)":null},"T\u00edtulo":{"('0157-D-2010', 0)":"SE DECLARA NULO DE NULIDAD ABSOLUTA E INSANABLE, AL DECRETO DE NECESIDAD Y URGENCIA 298\/2010,  DE CREACION DEL FONDO DEL DESENDEUDAMIENTO ARGENTINO Y CREACION, EN EL AMBITO DEL HONORABLE CONGRESO DE LA NACION, DE LA COMISION BICAMERAL PERMANENTE DE SEGUIMIENTO DE LOS PAGOS DE LA DEUDA. ","('0157-D-2010', 1)":null,"('0157-D-2010', 2)":null,"('0157-D-2010', 3)":null,"('0157-D-2010', 4)":null,"('0157-D-2010', 5)":null,"('0157-D-2010', 6)":null,"('0157-D-2010', 7)":null,"('0157-D-2010', 8)":null},"('Firmantes', 'FIRMANTE')":{"('0157-D-2010', 0)":"GIL LAVEDRA, RICARDO RODOLFO","('0157-D-2010', 1)":"FERRARI, GUSTAVO ALFREDO HORACIO","('0157-D-2010', 2)":"AGUAD, OSCAR RAUL","('0157-D-2010', 3)":"BULLRICH, PATRICIA","('0157-D-2010', 4)":"LANCETA, RUBEN ORFEL","('0157-D-2010', 5)":"TUNESSI, JUAN PEDRO","('0157-D-2010', 6)":"CARRANZA, CARLOS ALBERTO","('0157-D-2010', 7)":"BURYAILE, RICARDO","('0157-D-2010', 8)":"ALONSO, LAURA"},"('Firmantes', 'DISTRITO')":{"('0157-D-2010', 0)":"CIUDAD de BUENOS AIRES","('0157-D-2010', 1)":"BUENOS AIRES","('0157-D-2010', 2)":"CORDOBA","('0157-D-2010', 3)":"CIUDAD de BUENOS AIRES","('0157-D-2010', 4)":"BUENOS AIRES","('0157-D-2010', 5)":"BUENOS AIRES","('0157-D-2010', 6)":"SANTA FE","('0157-D-2010', 7)":"FORMOSA","('0157-D-2010', 8)":"CIUDAD de BUENOS AIRES"},"('Firmantes', 'BLOQUE')":{"('0157-D-2010', 0)":"UCR","('0157-D-2010', 1)":"PERONISMO FEDERAL","('0157-D-2010', 2)":"UCR","('0157-D-2010', 3)":"COALICION CIVICA","('0157-D-2010', 4)":"UCR","('0157-D-2010', 5)":"UCR","('0157-D-2010', 6)":"PERONISMO FEDERAL","('0157-D-2010', 7)":"UCR","('0157-D-2010', 8)":"PRO"},"('Giros', 'COMISI\u00d3N')":{"('0157-D-2010', 0)":"PRESUPUESTO Y HACIENDA","('0157-D-2010', 1)":"FINANZAS","('0157-D-2010', 2)":"ASUNTOS CONSTITUCIONALES","('0157-D-2010', 3)":null,"('0157-D-2010', 4)":null,"('0157-D-2010', 5)":null,"('0157-D-2010', 6)":null,"('0157-D-2010', 7)":null,"('0157-D-2010', 8)":null},"Link":{"('0157-D-2010', 0)":"https:\/\/www.hcdn.gob.ar\/proyectos\/textoCompleto.jsp?exp=0157-D-2010&tipo=LEY","('0157-D-2010', 1)":null,"('0157-D-2010', 2)":null,"('0157-D-2010', 3)":null,"('0157-D-2010', 4)":null,"('0157-D-2010', 5)":null,"('0157-D-2010', 6)":null,"('0157-D-2010', 7)":null,"('0157-D-2010', 8)":null},"Palabra Clave":{"('0157-D-2010', 0)":" ","('0157-D-2010', 1)":null,"('0157-D-2010', 2)":null,"('0157-D-2010', 3)":null,"('0157-D-2010', 4)":null,"('0157-D-2010', 5)":null,"('0157-D-2010', 6)":null,"('0157-D-2010', 7)":null,"('0157-D-2010', 8)":null}}