{"Tipo de Proyecto":{"('0158-D-2010', 0)":"PROYECTO DE DECLARACI\u00d3N","('0158-D-2010', 1)":null},"Iniciado en: ":{"('0158-D-2010', 0)":"Diputados","('0158-D-2010', 1)":null},"Expediente Diputados: ":{"('0158-D-2010', 0)":"0158-D-2010","('0158-D-2010', 1)":null},"Publicado en: ":{"('0158-D-2010', 0)":"Tr\u00e1mite Parlamentario N\u00b0 4","('0158-D-2010', 1)":null},"Fecha: ":{"('0158-D-2010', 0)":"02\/03\/2010","('0158-D-2010', 1)":null},"T\u00edtulo":{"('0158-D-2010', 0)":"EXPRESAR DISCONFORMIDAD CON LA DECISION DE FINANCIAR EL PROGRAMA \"FUTBOL PARA TODOS\" A PARTIR DE LA REASIGNACION DE FONDOS DEL PRESUPUESTO NACIONAL.","('0158-D-2010', 1)":null},"('Firmantes', 'FIRMANTE')":{"('0158-D-2010', 0)":"BURYAILE, RICARDO","('0158-D-2010', 1)":null},"('Firmantes', 'DISTRITO')":{"('0158-D-2010', 0)":"FORMOSA","('0158-D-2010', 1)":null},"('Firmantes', 'BLOQUE')":{"('0158-D-2010', 0)":"UCR","('0158-D-2010', 1)":null},"('Giros', 'COMISI\u00d3N')":{"('0158-D-2010', 0)":"COMUNICACIONES E INFORMATICA","('0158-D-2010', 1)":"PRESUPUESTO Y HACIENDA"},"Link":{"('0158-D-2010', 0)":"https:\/\/www.hcdn.gob.ar\/proyectos\/textoCompleto.jsp?exp=0158-D-2010&tipo=DECLARACION","('0158-D-2010', 1)":null},"Palabra Clave":{"('0158-D-2010', 0)":" ","('0158-D-2010', 1)":null}}