{"Tipo de Proyecto":{"('0160-PE-2010', 0)":"MENSAJE NRO: 1325\/10","('0160-PE-2010', 1)":null},"Iniciado en: ":{"('0160-PE-2010', 0)":"Senado","('0160-PE-2010', 1)":null},"Expediente Senado: ":{"('0160-PE-2010', 0)":"0160-PE-2010","('0160-PE-2010', 1)":null},"Publicado en: ":{"('0160-PE-2010', 0)":"DAE S.A. N\u00b0 6","('0160-PE-2010', 1)":null},"Fecha: ":{"('0160-PE-2010', 0)":"15\/09\/2010","('0160-PE-2010', 1)":null},"T\u00edtulo":{"('0160-PE-2010', 0)":"SOLICITA ACUERDO PARA DESIGNAR VOCAL DE LA CAMARA NACIONAL DE APELACIONES DEL TRABAJO DE LA CAPITAL FEDERAL, SALA \"VII\", A LA DOCTORA BEATRIZ INES FONTANA","('0160-PE-2010', 1)":null},"('Firmantes', 'FIRMANTE')":{"('0160-PE-2010', 0)":"FERNANDEZ DE KIRCHNER, CRISTINA","('0160-PE-2010', 1)":"ALAK, JULIO"},"('Firmantes', 'DISTRITO')":{"('0160-PE-2010', 0)":null,"('0160-PE-2010', 1)":null},"('Firmantes', 'BLOQUE')":{"('0160-PE-2010', 0)":"PODER EJECUTIVO","('0160-PE-2010', 1)":"PODER EJECUTIVO"},"('Tramites', 'C\u00c1MARA')":{"('0160-PE-2010', 0)":"Senado","('0160-PE-2010', 1)":"Senado"},"('Tramites', 'MOVIMIENTO')":{"('0160-PE-2010', 0)":"MOCION SOBRE TABLAS (AFIRMATIVA)","('0160-PE-2010', 1)":"CONSIDERACION Y APROBACION"},"('Tramites', 'FECHA')":{"('0160-PE-2010', 0)":"15\/12\/2010","('0160-PE-2010', 1)":"15\/12\/2010"},"('Tramites', 'RESULTADO')":{"('0160-PE-2010', 0)":null,"('0160-PE-2010', 1)":"APROBADO"},"Palabra Clave":{"('0160-PE-2010', 0)":" ","('0160-PE-2010', 1)":null}}