{"Tipo de Proyecto":{"('0160-S-2010', 0)":"PROYECTO DE LEY"},"Iniciado en: ":{"('0160-S-2010', 0)":"Senado"},"Expediente Senado: ":{"('0160-S-2010', 0)":"0160-S-2010"},"Publicado en: ":{"('0160-S-2010', 0)":"Diario de Asuntos Entrados N\u00b0 9"},"Fecha: ":{"('0160-S-2010', 0)":"04\/03\/2010"},"T\u00edtulo":{"('0160-S-2010', 0)":"PROHIBICION DE EXIGIR EL CERTIFICADO DE SUPERVIVENCIA A LOS JUBILADOS PARA RECIBIR SUS HABERES (REPRODUCCION DEL EXPEDIENTE 0312-S-08)."},"('Firmantes', 'FIRMANTE')":{"('0160-S-2010', 0)":"BORTOLOZZI DE BOGADO, ADRIANA RAQUEL"},"('Firmantes', 'DISTRITO')":{"('0160-S-2010', 0)":"FORMOSA"},"('Firmantes', 'BLOQUE')":{"('0160-S-2010', 0)":"FRENTE PARA LA VICTORIA - PJ"},"Link":{"('0160-S-2010', 0)":"http:\/\/www.senado.gov.ar\/parlamentario\/comisiones\/verExp\/160.10\/S\/PL"},"Palabra Clave":{"('0160-S-2010', 0)":" "}}