{"Tipo de Proyecto":{"('0161-PE-2010', 0)":"MENSAJE NRO: 1326\/10","('0161-PE-2010', 1)":null},"Iniciado en: ":{"('0161-PE-2010', 0)":"Senado","('0161-PE-2010', 1)":null},"Expediente Senado: ":{"('0161-PE-2010', 0)":"0161-PE-2010","('0161-PE-2010', 1)":null},"Publicado en: ":{"('0161-PE-2010', 0)":"DAE S.A. N\u00b0 6","('0161-PE-2010', 1)":null},"Fecha: ":{"('0161-PE-2010', 0)":"15\/09\/2010","('0161-PE-2010', 1)":null},"T\u00edtulo":{"('0161-PE-2010', 0)":"SOLICITA ACUERDO PARA DESIGNAR VOCAL DE LA CAMARA NACIONAL DE APELACIONES DEL TRABAJO DE LA CAPITAL FEDERAL, SALA \"III\",  A LA DOCTORA DIANA REGINA CA\u00d1AL.","('0161-PE-2010', 1)":null},"('Firmantes', 'FIRMANTE')":{"('0161-PE-2010', 0)":"FERNANDEZ DE KIRCHNER, CRISTINA","('0161-PE-2010', 1)":"ALAK, JULIO"},"('Firmantes', 'DISTRITO')":{"('0161-PE-2010', 0)":null,"('0161-PE-2010', 1)":null},"('Firmantes', 'BLOQUE')":{"('0161-PE-2010', 0)":"PODER EJECUTIVO","('0161-PE-2010', 1)":"PODER EJECUTIVO"},"('Tramites', 'C\u00c1MARA')":{"('0161-PE-2010', 0)":"Senado","('0161-PE-2010', 1)":"Senado"},"('Tramites', 'MOVIMIENTO')":{"('0161-PE-2010', 0)":"MOCION SOBRE TABLAS (AFIRMATIVA)","('0161-PE-2010', 1)":"CONSIDERACION Y APROBACION"},"('Tramites', 'FECHA')":{"('0161-PE-2010', 0)":"15\/12\/2010","('0161-PE-2010', 1)":"15\/12\/2010"},"('Tramites', 'RESULTADO')":{"('0161-PE-2010', 0)":null,"('0161-PE-2010', 1)":"APROBADO"},"Palabra Clave":{"('0161-PE-2010', 0)":" ","('0161-PE-2010', 1)":null}}