{"Tipo de Proyecto":{"('0165-PE-2010', 0)":"MENSAJE NRO: 1330\/10","('0165-PE-2010', 1)":null},"Iniciado en: ":{"('0165-PE-2010', 0)":"Senado","('0165-PE-2010', 1)":null},"Expediente Senado: ":{"('0165-PE-2010', 0)":"0165-PE-2010","('0165-PE-2010', 1)":null},"Publicado en: ":{"('0165-PE-2010', 0)":"DAE S.A. N\u00b0 6","('0165-PE-2010', 1)":null},"Fecha: ":{"('0165-PE-2010', 0)":"15\/09\/2010","('0165-PE-2010', 1)":null},"T\u00edtulo":{"('0165-PE-2010', 0)":"SOLICITA ACUERDO PARA DESIGNAR VOCAL DE LA CAMARA NACIONAL DE APELACIONES DEL TRABAJO DE LA CAPITAL FEDERAL, SALA \"X\", DOCTOR ENRIQUE RICARDO BRANDOLINO","('0165-PE-2010', 1)":null},"('Firmantes', 'FIRMANTE')":{"('0165-PE-2010', 0)":"FERNANDEZ DE KIRCHNER, CRISTINA","('0165-PE-2010', 1)":"ALAK, JULIO"},"('Firmantes', 'DISTRITO')":{"('0165-PE-2010', 0)":null,"('0165-PE-2010', 1)":null},"('Firmantes', 'BLOQUE')":{"('0165-PE-2010', 0)":"PODER EJECUTIVO","('0165-PE-2010', 1)":"PODER EJECUTIVO"},"('Tramites', 'C\u00c1MARA')":{"('0165-PE-2010', 0)":"Senado","('0165-PE-2010', 1)":"Senado"},"('Tramites', 'MOVIMIENTO')":{"('0165-PE-2010', 0)":"MOCION DE VUELTA A COMISION (AFIRMATIVA)","('0165-PE-2010', 1)":"CONSIDERACION Y APROBACION"},"('Tramites', 'FECHA')":{"('0165-PE-2010', 0)":"15\/12\/2010","('0165-PE-2010', 1)":"15\/12\/2010"},"('Tramites', 'RESULTADO')":{"('0165-PE-2010', 0)":null,"('0165-PE-2010', 1)":"APROBADO"},"Palabra Clave":{"('0165-PE-2010', 0)":" ","('0165-PE-2010', 1)":null}}