{"Tipo de Proyecto":{"('0166-S-2010', 0)":"PROYECTO DE LEY","('0166-S-2010', 1)":null,"('0166-S-2010', 2)":null},"Iniciado en: ":{"('0166-S-2010', 0)":"Senado","('0166-S-2010', 1)":null,"('0166-S-2010', 2)":null},"Expediente Senado: ":{"('0166-S-2010', 0)":"0166-S-2010","('0166-S-2010', 1)":null,"('0166-S-2010', 2)":null},"Publicado en: ":{"('0166-S-2010', 0)":"Diario de Asuntos Entrados N\u00b0 9","('0166-S-2010', 1)":null,"('0166-S-2010', 2)":null},"Fecha: ":{"('0166-S-2010', 0)":"04\/03\/2010","('0166-S-2010', 1)":null,"('0166-S-2010', 2)":null},"T\u00edtulo":{"('0166-S-2010', 0)":"DEROGACION DEL APARTADO A) DE LA CLAUSULA PRIMERA DEL ACUERDO ENTRE EL PODER EJECUTIVO NACIONAL Y LOS GOBIERNOS PROVINCIALES, QUE COMO ANEXO I FORMA PARTE DE LA LEY 24130 , RESPECTO DE DEROGAR ASIGNACIONES ESPECIFICAS DE TRIBUTOS PARA FINANCIAR EL SISTEMA PREVISIONAL (REPRODUCCION DEL EXPEDIENTE 4307-S-08).","('0166-S-2010', 1)":null,"('0166-S-2010', 2)":null},"('Firmantes', 'FIRMANTE')":{"('0166-S-2010', 0)":"ROMERO, JUAN CARLOS","('0166-S-2010', 1)":null,"('0166-S-2010', 2)":null},"('Firmantes', 'DISTRITO')":{"('0166-S-2010', 0)":"SALTA","('0166-S-2010', 1)":null,"('0166-S-2010', 2)":null},"('Firmantes', 'BLOQUE')":{"('0166-S-2010', 0)":"JUSTICIALISTA 8 DE OCTUBRE","('0166-S-2010', 1)":null,"('0166-S-2010', 2)":null},"('Tramites', 'C\u00c1MARA')":{"('0166-S-2010', 0)":"Senado","('0166-S-2010', 1)":"Senado","('0166-S-2010', 2)":"Senado"},"('Tramites', 'MOVIMIENTO')":{"('0166-S-2010', 0)":"SE SUPRIME EL GIRO A LA COMISION DE PRESUPUESTO Y HACIENDA; GIRO A LA COMISION DE COPARTICIPACION FEDERAL DE IMPUESTOS","('0166-S-2010', 1)":"AMPLIACION GIRO A LA COMISION DE PRESUPUESTO Y HACIENDA","('0166-S-2010', 2)":"REPRODUCIDO POR EXPEDIENTE 2674-S-12"},"('Tramites', 'FECHA')":{"('0166-S-2010', 0)":"19\/05\/2010","('0166-S-2010', 1)":"02\/06\/2010","('0166-S-2010', 2)":null},"('Tramites', 'RESULTADO')":{"('0166-S-2010', 0)":null,"('0166-S-2010', 1)":null,"('0166-S-2010', 2)":null},"Link":{"('0166-S-2010', 0)":"http:\/\/www.senado.gov.ar\/parlamentario\/comisiones\/verExp\/166.10\/S\/PL","('0166-S-2010', 1)":null,"('0166-S-2010', 2)":null},"Palabra Clave":{"('0166-S-2010', 0)":" ","('0166-S-2010', 1)":null,"('0166-S-2010', 2)":null}}