{"Tipo de Proyecto":{"('0166-OV-2010', 0)":"PROYECTO DE RESOLUCI\u00d3N"},"Iniciado en: ":{"('0166-OV-2010', 0)":"Senado"},"Expediente Senado: ":{"('0166-OV-2010', 0)":"0166-OV-2010"},"Fecha: ":{"('0166-OV-2010', 0)":"07\/04\/2011"},"T\u00edtulo":{"('0166-OV-2010', 0)":"PEDIDO DE INFORMES AL PODER EJECUTIVO SOBRE LAS MEDIDAS ADOPTADAS EN ATENCION A LAS SITUACIONES OBSERVADAS POR LA AUDITORIA GENERAL DE LA NACION (0166-OV-10) EN EL EXAMEN REALIZADO EN EL AMBITO DE LA SECRETARIA DE AGRICULTURA, GANADERIA, PESCA Y ALIMENTOS, SOBRE LA DIRECCION DE FORESTACION, UNIDAD DEPENDIENTE DE LA DIRECCION NACIONAL DE PRODUCCION AGROPECUARIA Y FORESTAL, EN SU CARACTER DE RESPONSABLE DE LA APLICACION DE LA LEY 25080, DE INVERSIONES PARA BOSQUES CULTIVADOS, EJERCICIO 2008."},"('Firmantes', 'FIRMANTE')":{"('0166-OV-2010', 0)":"PARLAMENTARIA MIXTA REVISORA DE CUENTAS"},"('Firmantes', 'DISTRITO')":{"('0166-OV-2010', 0)":null},"('Firmantes', 'BLOQUE')":{"('0166-OV-2010', 0)":null},"Link":{"('0166-OV-2010', 0)":"http:\/\/www.senado.gov.ar\/parlamentario\/comisiones\/verExp\/166.10\/OV\/PR"},"Palabra Clave":{"('0166-OV-2010', 0)":" "}}