{"Tipo de Proyecto":{"('0167-PE-2010', 0)":"MENSAJE NRO: 1332\/10","('0167-PE-2010', 1)":null},"Iniciado en: ":{"('0167-PE-2010', 0)":"Senado","('0167-PE-2010', 1)":null},"Expediente Senado: ":{"('0167-PE-2010', 0)":"0167-PE-2010","('0167-PE-2010', 1)":null},"Publicado en: ":{"('0167-PE-2010', 0)":"DAE S.A. N\u00b0 6","('0167-PE-2010', 1)":null},"Fecha: ":{"('0167-PE-2010', 0)":"15\/09\/2010","('0167-PE-2010', 1)":null},"T\u00edtulo":{"('0167-PE-2010', 0)":"SOLICITA ACUERDO PARA DESIGNAR VOCAL DE LA CAMARA NACIONAL DE APELACIONES DEL TRABAJO DE LA CAPITAL FEDERAL, SALA \"IV\", A LA DOCTORA GRACIELA ELENA MARINO.","('0167-PE-2010', 1)":null},"('Firmantes', 'FIRMANTE')":{"('0167-PE-2010', 0)":"FERNANDEZ DE KIRCHNER, CRISTINA","('0167-PE-2010', 1)":"ALAK, JULIO"},"('Firmantes', 'DISTRITO')":{"('0167-PE-2010', 0)":null,"('0167-PE-2010', 1)":null},"('Firmantes', 'BLOQUE')":{"('0167-PE-2010', 0)":"PODER EJECUTIVO","('0167-PE-2010', 1)":"PODER EJECUTIVO"},"('Tramites', 'C\u00c1MARA')":{"('0167-PE-2010', 0)":"Senado","('0167-PE-2010', 1)":"Senado"},"('Tramites', 'MOVIMIENTO')":{"('0167-PE-2010', 0)":"MOCION SOBRE TABLAS (AFIRMATIVA)","('0167-PE-2010', 1)":"CONSIDERACION Y APROBACION"},"('Tramites', 'FECHA')":{"('0167-PE-2010', 0)":"15\/12\/2010","('0167-PE-2010', 1)":"15\/12\/2010"},"('Tramites', 'RESULTADO')":{"('0167-PE-2010', 0)":null,"('0167-PE-2010', 1)":"APROBADO"},"Palabra Clave":{"('0167-PE-2010', 0)":" ","('0167-PE-2010', 1)":null}}