{"Tipo de Proyecto":{"('0168-PE-2010', 0)":"MENSAJE NRO: 1333\/10","('0168-PE-2010', 1)":null},"Iniciado en: ":{"('0168-PE-2010', 0)":"Senado","('0168-PE-2010', 1)":null},"Expediente Senado: ":{"('0168-PE-2010', 0)":"0168-PE-2010","('0168-PE-2010', 1)":null},"Publicado en: ":{"('0168-PE-2010', 0)":"DAE S.A. N\u00b0 6","('0168-PE-2010', 1)":null},"Fecha: ":{"('0168-PE-2010', 0)":"15\/09\/2010","('0168-PE-2010', 1)":null},"T\u00edtulo":{"('0168-PE-2010', 0)":"SOLICITA ACUERDO PARA DESIGNAR JUEZA DEL JUZGADO FEDERAL DE PRIMERA INSTANCIA DE CALETA OLIVIA, PROVINCIA DE SANTA CRUZ, A LA DOCTORA MARTA ISABEL YA\u00d1EZ.","('0168-PE-2010', 1)":null},"('Firmantes', 'FIRMANTE')":{"('0168-PE-2010', 0)":"FERNANDEZ DE KIRCHNER, CRISTINA","('0168-PE-2010', 1)":"ALAK, JULIO"},"('Firmantes', 'DISTRITO')":{"('0168-PE-2010', 0)":null,"('0168-PE-2010', 1)":null},"('Firmantes', 'BLOQUE')":{"('0168-PE-2010', 0)":"PODER EJECUTIVO","('0168-PE-2010', 1)":"PODER EJECUTIVO"},"('Tramites', 'C\u00c1MARA')":{"('0168-PE-2010', 0)":"Senado","('0168-PE-2010', 1)":null},"('Tramites', 'MOVIMIENTO')":{"('0168-PE-2010', 0)":"CONSIDERACION Y APROBACION","('0168-PE-2010', 1)":null},"('Tramites', 'FECHA')":{"('0168-PE-2010', 0)":"15\/12\/2010","('0168-PE-2010', 1)":null},"('Tramites', 'RESULTADO')":{"('0168-PE-2010', 0)":"APROBADO","('0168-PE-2010', 1)":null},"Palabra Clave":{"('0168-PE-2010', 0)":" ","('0168-PE-2010', 1)":null}}