{"Tipo de Proyecto":{"('0168-S-2010', 0)":"PROYECTO DE LEY"},"Iniciado en: ":{"('0168-S-2010', 0)":"Senado"},"Expediente Senado: ":{"('0168-S-2010', 0)":"0168-S-2010"},"Publicado en: ":{"('0168-S-2010', 0)":"Diario de Asuntos Entrados N\u00b0 10"},"Fecha: ":{"('0168-S-2010', 0)":"04\/03\/2010"},"T\u00edtulo":{"('0168-S-2010', 0)":"DISPONER LA CREACION Y EMISION DE UNA MONEDA DE CURSO LEGAL DE DOS PESOS, CON EL ROSTRO DEL GENERAL MARTIN MIGUEL DE G\u00dcEMES (REPRODUCCION DEL EXPEDIENTE 1512-S-08)."},"('Firmantes', 'FIRMANTE')":{"('0168-S-2010', 0)":"ROMERO, JUAN CARLOS"},"('Firmantes', 'DISTRITO')":{"('0168-S-2010', 0)":"SALTA"},"('Firmantes', 'BLOQUE')":{"('0168-S-2010', 0)":"JUSTICIALISTA 8 DE OCTUBRE"},"Link":{"('0168-S-2010', 0)":"http:\/\/www.senado.gov.ar\/parlamentario\/comisiones\/verExp\/168.10\/S\/PL"},"Palabra Clave":{"('0168-S-2010', 0)":" "}}