{"Tipo de Proyecto":{"('0169-OV-2010', 0)":"PROYECTO DE RESOLUCI\u00d3N","('0169-OV-2010', 1)":null},"Iniciado en: ":{"('0169-OV-2010', 0)":"Senado","('0169-OV-2010', 1)":null},"Expediente Senado: ":{"('0169-OV-2010', 0)":"0169-OV-2010","('0169-OV-2010', 1)":null},"Fecha: ":{"('0169-OV-2010', 0)":"25\/07\/2012","('0169-OV-2010', 1)":null},"T\u00edtulo":{"('0169-OV-2010', 0)":"PEDIDO DE INFORMES AL PODER EJECUTIVO SOBRE LAS MEDIDAS ADOPTADAS EN ATENCION A LAS OBSERVACIONES FORMULADAS POR LA AUDITORIA GENERAL DE LA NACION (RESOLUCION 113\/10), REFERIDA A UNA EVALUACION DEL DESARROLLO DE LOS PROYECTOS Y ACTIVIDADES DEL COMPONENTE PROYECTOS PRODUCTIVOS HERRAMIENTAS POR TRABAJO, PROGRAMA DE EMPLEO TRANSITORIO EN OBRA PUBLICA LOCAL CON APORTE DE MATERIALES, TRABAJADORES CONSTRUCTORES, SEGURO DE CAPACITACION Y EMPLEO Y CENTROS DE INTEGRACION COMUNITARIA, CORRESPONDIENTES AL PROYECTO DE TRANSICION DEL PROGRAMA JEFES DE HOGAR.","('0169-OV-2010', 1)":null},"('Firmantes', 'FIRMANTE')":{"('0169-OV-2010', 0)":"PARLAMENTARIA MIXTA REVISORA DE CUENTAS","('0169-OV-2010', 1)":null},"('Firmantes', 'DISTRITO')":{"('0169-OV-2010', 0)":null,"('0169-OV-2010', 1)":null},"('Firmantes', 'BLOQUE')":{"('0169-OV-2010', 0)":null,"('0169-OV-2010', 1)":null},"('Tramites', 'C\u00c1MARA')":{"('0169-OV-2010', 0)":"Senado","('0169-OV-2010', 1)":"Senado"},"('Tramites', 'MOVIMIENTO')":{"('0169-OV-2010', 0)":"CONSIDERACION Y APROBACION","('0169-OV-2010', 1)":"CONTESTACION DEL PODER EJECUTIVO NACIONAL - GIRADO A LA COMISION RESPECTIVA"},"('Tramites', 'FECHA')":{"('0169-OV-2010', 0)":"14\/11\/2012","('0169-OV-2010', 1)":"02\/07\/2014"},"('Tramites', 'RESULTADO')":{"('0169-OV-2010', 0)":"APROBADO","('0169-OV-2010', 1)":null},"Link":{"('0169-OV-2010', 0)":"http:\/\/www.senado.gov.ar\/parlamentario\/comisiones\/verExp\/169.10\/OV\/PR","('0169-OV-2010', 1)":null},"Palabra Clave":{"('0169-OV-2010', 0)":" ","('0169-OV-2010', 1)":null}}