{"Tipo de Proyecto":{"('0170-PE-2010', 0)":"MENSAJE NRO: 1335\/10","('0170-PE-2010', 1)":null},"Iniciado en: ":{"('0170-PE-2010', 0)":"Senado","('0170-PE-2010', 1)":null},"Expediente Senado: ":{"('0170-PE-2010', 0)":"0170-PE-2010","('0170-PE-2010', 1)":null},"Publicado en: ":{"('0170-PE-2010', 0)":"DAE S.A. N\u00b0 6","('0170-PE-2010', 1)":null},"Fecha: ":{"('0170-PE-2010', 0)":"15\/09\/2010","('0170-PE-2010', 1)":null},"T\u00edtulo":{"('0170-PE-2010', 0)":"SOLICITA ACUERDO PARA DESIGNAR JUEZ DEL JUZGADO FEDERAL DE PRIMERA INSTANCIA NUMERO 2 DE CORRIENTES, PROVINCIA DE CORRIENTES, AL DOCTOR JUAN CARLOS VALLEJOS.","('0170-PE-2010', 1)":null},"('Firmantes', 'FIRMANTE')":{"('0170-PE-2010', 0)":"FERNANDEZ DE KIRCHNER, CRISTINA","('0170-PE-2010', 1)":"ALAK, JULIO"},"('Firmantes', 'DISTRITO')":{"('0170-PE-2010', 0)":null,"('0170-PE-2010', 1)":null},"('Firmantes', 'BLOQUE')":{"('0170-PE-2010', 0)":"PODER EJECUTIVO","('0170-PE-2010', 1)":"PODER EJECUTIVO"},"('Tramites', 'C\u00c1MARA')":{"('0170-PE-2010', 0)":"Senado","('0170-PE-2010', 1)":null},"('Tramites', 'MOVIMIENTO')":{"('0170-PE-2010', 0)":"CONSIDERACION Y APROBACION","('0170-PE-2010', 1)":null},"('Tramites', 'FECHA')":{"('0170-PE-2010', 0)":"15\/12\/2010","('0170-PE-2010', 1)":null},"('Tramites', 'RESULTADO')":{"('0170-PE-2010', 0)":"APROBADO","('0170-PE-2010', 1)":null},"Palabra Clave":{"('0170-PE-2010', 0)":" ","('0170-PE-2010', 1)":null}}