{"Tipo de Proyecto":{"('0172-S-2010', 0)":"PROYECTO DE DECLARACI\u00d3N"},"Iniciado en: ":{"('0172-S-2010', 0)":"Senado"},"Expediente Senado: ":{"('0172-S-2010', 0)":"0172-S-2010"},"Publicado en: ":{"('0172-S-2010', 0)":"Diario de Asuntos Entrados N\u00b0 10"},"Fecha: ":{"('0172-S-2010', 0)":"04\/03\/2010"},"T\u00edtulo":{"('0172-S-2010', 0)":"DECLARAR DE INTERES CULTURAL Y ADHERIR A LA CELEBRACION DEL CENTESIMO ANIVERSARIO DE LA LOCALIDAD DE TRICAO MALAL, PROVINCIA DEL NEUQUEN EL, 10 DE MARZO DE 2010."},"('Firmantes', 'FIRMANTE')":{"('0172-S-2010', 0)":"PARRILLI, NANCI MARIA AGUSTINA"},"('Firmantes', 'DISTRITO')":{"('0172-S-2010', 0)":"NEUQUEN"},"('Firmantes', 'BLOQUE')":{"('0172-S-2010', 0)":"FRENTE PARA LA VICTORIA - PJ"},"('Tramites', 'C\u00c1MARA')":{"('0172-S-2010', 0)":"Senado"},"('Tramites', 'MOVIMIENTO')":{"('0172-S-2010', 0)":"CONSIDERACION Y APROBACION"},"('Tramites', 'FECHA')":{"('0172-S-2010', 0)":"30\/06\/2010"},"('Tramites', 'RESULTADO')":{"('0172-S-2010', 0)":"APROBADO"},"Link":{"('0172-S-2010', 0)":"http:\/\/www.senado.gov.ar\/parlamentario\/comisiones\/verExp\/172.10\/S\/PD"},"Palabra Clave":{"('0172-S-2010', 0)":" "}}