{"Tipo de Proyecto":{"('0173-S-2010', 0)":"PROYECTO DE LEY"},"Iniciado en: ":{"('0173-S-2010', 0)":"Senado"},"Expediente Senado: ":{"('0173-S-2010', 0)":"0173-S-2010"},"Publicado en: ":{"('0173-S-2010', 0)":"Diario de Asuntos Entrados N\u00b0 10"},"Fecha: ":{"('0173-S-2010', 0)":"04\/03\/2010"},"T\u00edtulo":{"('0173-S-2010', 0)":"CREACION DE LA ESCUELA DE MEDICINA TROPICAL Y SALUD INTERNACIONAL."},"('Firmantes', 'FIRMANTE')":{"('0173-S-2010', 0)":"LORES, HORACIO"},"('Firmantes', 'DISTRITO')":{"('0173-S-2010', 0)":"NEUQUEN"},"('Firmantes', 'BLOQUE')":{"('0173-S-2010', 0)":"MOV POP NEUQUINO"},"('Tramites', 'C\u00c1MARA')":{"('0173-S-2010', 0)":"Senado"},"('Tramites', 'MOVIMIENTO')":{"('0173-S-2010', 0)":"REPRODUCIDO POR EXPEDIENTE 0177-S-12"},"('Tramites', 'FECHA')":{"('0173-S-2010', 0)":null},"('Tramites', 'RESULTADO')":{"('0173-S-2010', 0)":null},"Sumario":{"('0173-S-2010', 0)":"OBJETO: FORMAR PROFESIONALES QUE SE DEDIQUEN A LA INVESTIGACION, PREVENCION, CONTROL, DIAGNOSTICO Y TRATAMIENTO DE LAS ENFERMEDADES TROPICALES; FUNCIONES DENTRO DE LA ORBITA DEL INSTITUTO NACIONAL DE MEDICINA TROPICAL; SEDE: UNA DE LAS PROVINCIAS QUE CONFORMAN EL NEA O EL NOA; PRIORIDAD LABORAL DE LOS PROFESIONALES GRADUADOS EN EL INSTITUTO NACIONAL DE MEDICINA TROPICAL."},"Palabra Clave":{"('0173-S-2010', 0)":" "}}