{"Tipo de Proyecto":{"('0174-S-2010', 0)":"PROYECTO DE DECLARACI\u00d3N","('0174-S-2010', 1)":null},"Iniciado en: ":{"('0174-S-2010', 0)":"Senado","('0174-S-2010', 1)":null},"Expediente Senado: ":{"('0174-S-2010', 0)":"0174-S-2010","('0174-S-2010', 1)":null},"Publicado en: ":{"('0174-S-2010', 0)":"Diario de Asuntos Entrados N\u00b0 10","('0174-S-2010', 1)":null},"Fecha: ":{"('0174-S-2010', 0)":"04\/03\/2010","('0174-S-2010', 1)":null},"T\u00edtulo":{"('0174-S-2010', 0)":"EXPRESAR PESAR POR EL FALLECIMIENTO DEL MUSICO Y COMPOSITOR ARIEL RAMIREZ, EL 18 DE FEBRERO PASADO.","('0174-S-2010', 1)":null},"('Firmantes', 'FIRMANTE')":{"('0174-S-2010', 0)":"LORES, HORACIO","('0174-S-2010', 1)":null},"('Firmantes', 'DISTRITO')":{"('0174-S-2010', 0)":"NEUQUEN","('0174-S-2010', 1)":null},"('Firmantes', 'BLOQUE')":{"('0174-S-2010', 0)":"MOV POP NEUQUINO","('0174-S-2010', 1)":null},"('Tramites', 'C\u00c1MARA')":{"('0174-S-2010', 0)":"Senado","('0174-S-2010', 1)":"Senado"},"('Tramites', 'MOVIMIENTO')":{"('0174-S-2010', 0)":"MOCION SOBRE TABLAS (AFIRMATIVA) CONJUNTAMENTE PARA LOS EXPEDIENTES 3469-S-2009, 0016-S-2010, 0174-S-2010 y 0297-S-2010","('0174-S-2010', 1)":"CONSIDERACION Y APROBACION (TEXTO UNIFICADO) CONJUNTAMENTE PARA LOS EXPEDIENTES 3469-S-2009, 0016-S-2010, 0174-S-2010 y 0297-S-2010"},"('Tramites', 'FECHA')":{"('0174-S-2010', 0)":"28\/04\/2010","('0174-S-2010', 1)":"28\/04\/2010"},"('Tramites', 'RESULTADO')":{"('0174-S-2010', 0)":null,"('0174-S-2010', 1)":"APROBADO"},"Link":{"('0174-S-2010', 0)":"http:\/\/www.senado.gov.ar\/parlamentario\/comisiones\/verExp\/174.10\/S\/PD","('0174-S-2010', 1)":null},"Palabra Clave":{"('0174-S-2010', 0)":" ","('0174-S-2010', 1)":null}}