{"Tipo de Proyecto":{"('0174-PE-2010', 0)":"MENSAJE NRO: 1377\/10","('0174-PE-2010', 1)":null},"Iniciado en: ":{"('0174-PE-2010', 0)":"Senado","('0174-PE-2010', 1)":null},"Expediente Senado: ":{"('0174-PE-2010', 0)":"0174-PE-2010","('0174-PE-2010', 1)":null},"Publicado en: ":{"('0174-PE-2010', 0)":"DAE S.A. N\u00b0 7","('0174-PE-2010', 1)":null},"Fecha: ":{"('0174-PE-2010', 0)":"22\/09\/2010","('0174-PE-2010', 1)":null},"T\u00edtulo":{"('0174-PE-2010', 0)":"SOLICITA ACUERDO PARA DESIGNAR PRESIDENTA DEL BANCO CENTRAL DE LA REPUBLICA ARGENTINA A LA LICENCIADA MERCEDES MARCO DEL PONT. ","('0174-PE-2010', 1)":null},"('Firmantes', 'FIRMANTE')":{"('0174-PE-2010', 0)":"FERNANDEZ DE KIRCHNER, CRISTINA","('0174-PE-2010', 1)":"BOUDOU, AMADO"},"('Firmantes', 'DISTRITO')":{"('0174-PE-2010', 0)":null,"('0174-PE-2010', 1)":null},"('Firmantes', 'BLOQUE')":{"('0174-PE-2010', 0)":"PODER EJECUTIVO","('0174-PE-2010', 1)":"PODER EJECUTIVO"},"Palabra Clave":{"('0174-PE-2010', 0)":" ","('0174-PE-2010', 1)":null}}