{"Tipo de Proyecto":{"('0175-S-2010', 0)":"PROYECTO DE DECLARACI\u00d3N"},"Iniciado en: ":{"('0175-S-2010', 0)":"Senado"},"Expediente Senado: ":{"('0175-S-2010', 0)":"0175-S-2010"},"Publicado en: ":{"('0175-S-2010', 0)":"Diario de Asuntos Entrados N\u00b0 10"},"Fecha: ":{"('0175-S-2010', 0)":"04\/03\/2010"},"T\u00edtulo":{"('0175-S-2010', 0)":"RENDIR HOMENAJE AL MUSICO Y DIRECTOR DE ORQUESTA JOSE LUIS BOLLEA, EXPRESANDO PESAR POR SU FALLECIMIENTO. "},"('Firmantes', 'FIRMANTE')":{"('0175-S-2010', 0)":"LORES, HORACIO"},"('Firmantes', 'DISTRITO')":{"('0175-S-2010', 0)":"NEUQUEN"},"('Firmantes', 'BLOQUE')":{"('0175-S-2010', 0)":"MOV POP NEUQUINO"},"('Tramites', 'C\u00c1MARA')":{"('0175-S-2010', 0)":"Senado"},"('Tramites', 'MOVIMIENTO')":{"('0175-S-2010', 0)":"CONSIDERACION Y APROBACION"},"('Tramites', 'FECHA')":{"('0175-S-2010', 0)":"09\/06\/2010"},"('Tramites', 'RESULTADO')":{"('0175-S-2010', 0)":"APROBADO"},"Link":{"('0175-S-2010', 0)":"http:\/\/www.senado.gov.ar\/parlamentario\/comisiones\/verExp\/175.10\/S\/PD"},"Palabra Clave":{"('0175-S-2010', 0)":" "}}