{"Tipo de Proyecto":{"('0175-PE-2010', 0)":"MENSAJE NRO: 1379\/10","('0175-PE-2010', 1)":null},"Iniciado en: ":{"('0175-PE-2010', 0)":"Senado","('0175-PE-2010', 1)":null},"Expediente Senado: ":{"('0175-PE-2010', 0)":"0175-PE-2010","('0175-PE-2010', 1)":null},"Publicado en: ":{"('0175-PE-2010', 0)":"DAE S.A. N\u00b0 7","('0175-PE-2010', 1)":null},"Fecha: ":{"('0175-PE-2010', 0)":"22\/09\/2010","('0175-PE-2010', 1)":null},"T\u00edtulo":{"('0175-PE-2010', 0)":"SOLICITA ACUERDO PARA DESIGNAR VICEPRESIDENTE DEL BANCO CENTRAL DE LA REPUBLICA ARGENTINA AL LICENCIADO MIGUEL ANGEL PESCE.","('0175-PE-2010', 1)":null},"('Firmantes', 'FIRMANTE')":{"('0175-PE-2010', 0)":"FERNANDEZ DE KIRCHNER, CRISTINA","('0175-PE-2010', 1)":"BOUDOU, AMADO"},"('Firmantes', 'DISTRITO')":{"('0175-PE-2010', 0)":null,"('0175-PE-2010', 1)":null},"('Firmantes', 'BLOQUE')":{"('0175-PE-2010', 0)":"PODER EJECUTIVO","('0175-PE-2010', 1)":"PODER EJECUTIVO"},"Palabra Clave":{"('0175-PE-2010', 0)":" ","('0175-PE-2010', 1)":null}}