{"Tipo de Proyecto":{"('0177-PE-2010', 0)":"MENSAJE NRO: 1385\/10","('0177-PE-2010', 1)":null},"Iniciado en: ":{"('0177-PE-2010', 0)":"Senado","('0177-PE-2010', 1)":null},"Expediente Senado: ":{"('0177-PE-2010', 0)":"0177-PE-2010","('0177-PE-2010', 1)":null},"Publicado en: ":{"('0177-PE-2010', 0)":"DAE S.A. N\u00b0 7","('0177-PE-2010', 1)":null},"Fecha: ":{"('0177-PE-2010', 0)":"22\/09\/2010","('0177-PE-2010', 1)":null},"T\u00edtulo":{"('0177-PE-2010', 0)":"SOLICITA ACUERDO PARA NOMBRAR DIRECTOR DEL BANCO CENTRAL DE LA REPUBLICA ARGENTINA AL CONTADOR WALDO JOSE MARIA FARIAS.","('0177-PE-2010', 1)":null},"('Firmantes', 'FIRMANTE')":{"('0177-PE-2010', 0)":"FERNANDEZ DE KIRCHNER, CRISTINA","('0177-PE-2010', 1)":"GIORGI, DEBORA"},"('Firmantes', 'DISTRITO')":{"('0177-PE-2010', 0)":null,"('0177-PE-2010', 1)":null},"('Firmantes', 'BLOQUE')":{"('0177-PE-2010', 0)":"PODER EJECUTIVO","('0177-PE-2010', 1)":"PODER EJECUTIVO"},"('Tramites', 'C\u00c1MARA')":{"('0177-PE-2010', 0)":"Senado","('0177-PE-2010', 1)":"Senado"},"('Tramites', 'MOVIMIENTO')":{"('0177-PE-2010', 0)":"SOLICITUD DE RETIRO DEL ACUERDO POR MENSAJE 1837\/15","('0177-PE-2010', 1)":"CONSIDERACION Y APROBACION DEL RETIRO"},"('Tramites', 'FECHA')":{"('0177-PE-2010', 0)":null,"('0177-PE-2010', 1)":"16\/09\/2015"},"('Tramites', 'RESULTADO')":{"('0177-PE-2010', 0)":null,"('0177-PE-2010', 1)":"RETIRADO"},"Palabra Clave":{"('0177-PE-2010', 0)":" ","('0177-PE-2010', 1)":null}}