{"Tipo de Proyecto":{"('0180-S-2010', 0)":"PROYECTO DE DECLARACI\u00d3N"},"Iniciado en: ":{"('0180-S-2010', 0)":"Senado"},"Expediente Senado: ":{"('0180-S-2010', 0)":"0180-S-2010"},"Publicado en: ":{"('0180-S-2010', 0)":"Diario de Asuntos Entrados N\u00b0 10"},"Fecha: ":{"('0180-S-2010', 0)":"04\/03\/2010"},"T\u00edtulo":{"('0180-S-2010', 0)":"DECLARAR DE INTERES LA CONMEMORACION DEL DIA MUNDIAL DEL AGUA, EL 22 DE MARZO."},"('Firmantes', 'FIRMANTE')":{"('0180-S-2010', 0)":"COLAZO, MARIO JORGE"},"('Firmantes', 'DISTRITO')":{"('0180-S-2010', 0)":"TIERRA DEL FUEGO"},"('Firmantes', 'BLOQUE')":{"('0180-S-2010', 0)":"FRENTE PARA LA VICTORIA - PJ"},"Link":{"('0180-S-2010', 0)":"http:\/\/www.senado.gov.ar\/parlamentario\/comisiones\/verExp\/180.10\/S\/PD"},"Palabra Clave":{"('0180-S-2010', 0)":" "}}