{"Tipo de Proyecto":{"('0181-S-2010', 0)":"PROYECTO DE DECLARACI\u00d3N"},"Iniciado en: ":{"('0181-S-2010', 0)":"Senado"},"Expediente Senado: ":{"('0181-S-2010', 0)":"0181-S-2010"},"Publicado en: ":{"('0181-S-2010', 0)":"Diario de Asuntos Entrados N\u00b0 10"},"Fecha: ":{"('0181-S-2010', 0)":"04\/03\/2010"},"T\u00edtulo":{"('0181-S-2010', 0)":"DECLARAR DE INTERES EDUCATIVO LA CONMEMORACION DEL DIA DE LAS ESCUELAS DE FRONTERA, EL 14 DE MARZO."},"('Firmantes', 'FIRMANTE')":{"('0181-S-2010', 0)":"COLAZO, MARIO JORGE"},"('Firmantes', 'DISTRITO')":{"('0181-S-2010', 0)":"TIERRA DEL FUEGO"},"('Firmantes', 'BLOQUE')":{"('0181-S-2010', 0)":"FRENTE PARA LA VICTORIA - PJ"},"('Tramites', 'C\u00c1MARA')":{"('0181-S-2010', 0)":"Senado"},"('Tramites', 'MOVIMIENTO')":{"('0181-S-2010', 0)":"CONSIDERACION Y APROBACION"},"('Tramites', 'FECHA')":{"('0181-S-2010', 0)":"09\/06\/2010"},"('Tramites', 'RESULTADO')":{"('0181-S-2010', 0)":"APROBADO"},"Link":{"('0181-S-2010', 0)":"http:\/\/www.senado.gov.ar\/parlamentario\/comisiones\/verExp\/181.10\/S\/PD"},"Palabra Clave":{"('0181-S-2010', 0)":" "}}