{"Tipo de Proyecto":{"('0182-S-2010', 0)":"PROYECTO DE DECLARACI\u00d3N"},"Iniciado en: ":{"('0182-S-2010', 0)":"Senado"},"Expediente Senado: ":{"('0182-S-2010', 0)":"0182-S-2010"},"Publicado en: ":{"('0182-S-2010', 0)":"Diario de Asuntos Entrados N\u00b0 10"},"Fecha: ":{"('0182-S-2010', 0)":"04\/03\/2010"},"T\u00edtulo":{"('0182-S-2010', 0)":"DECLARAR DE INTERES LA CONMEMORACION DEL DIA DEL MERCADO COMUN DEL SUR (MERCOSUR), EL 26 DE MARZO."},"('Firmantes', 'FIRMANTE')":{"('0182-S-2010', 0)":"COLAZO, MARIO JORGE"},"('Firmantes', 'DISTRITO')":{"('0182-S-2010', 0)":"TIERRA DEL FUEGO"},"('Firmantes', 'BLOQUE')":{"('0182-S-2010', 0)":"FRENTE PARA LA VICTORIA - PJ"},"('Tramites', 'C\u00c1MARA')":{"('0182-S-2010', 0)":"Senado"},"('Tramites', 'MOVIMIENTO')":{"('0182-S-2010', 0)":"CONSIDERACION Y APROBACION CONJUNTAMENTE PARA LOS EXPEDIENTES 0182-S-2010, 0470-S-2010, 0529-S-2010 y 0538-S-2010"},"('Tramites', 'FECHA')":{"('0182-S-2010', 0)":"09\/06\/2010"},"('Tramites', 'RESULTADO')":{"('0182-S-2010', 0)":"APROBADO"},"Link":{"('0182-S-2010', 0)":"http:\/\/www.senado.gov.ar\/parlamentario\/comisiones\/verExp\/182.10\/S\/PD"},"Palabra Clave":{"('0182-S-2010', 0)":" "}}