{"Tipo de Proyecto":{"('0185-S-2010', 0)":"PROYECTO DE DECLARACI\u00d3N"},"Iniciado en: ":{"('0185-S-2010', 0)":"Senado"},"Expediente Senado: ":{"('0185-S-2010', 0)":"0185-S-2010"},"Publicado en: ":{"('0185-S-2010', 0)":"Diario de Asuntos Entrados N\u00b0 10"},"Fecha: ":{"('0185-S-2010', 0)":"04\/03\/2010"},"T\u00edtulo":{"('0185-S-2010', 0)":"DECLARAR DE INTERES EDUCATIVO Y CULTURAL LA ACTIVIDAD ACADEMICA UNIVERSITARIA QUE DESARROLLARAN 119 CIUDADANOS PRIVADOS DE LA LIBERTAD EN UNIDADES PENITENCIARIAS DE LA PLATA, FLORENCIO VARELA Y MAGDALENA, PROVINCIA DE BUENOS AIRES, DICTADAS POR DOCENTES DE LA FACULTAD DE DERECHO DE LA UNIVERSIDAD NACIONAL DE LA PLATA (UNLP)."},"('Firmantes', 'FIRMANTE')":{"('0185-S-2010', 0)":"COLAZO, MARIO JORGE"},"('Firmantes', 'DISTRITO')":{"('0185-S-2010', 0)":"TIERRA DEL FUEGO"},"('Firmantes', 'BLOQUE')":{"('0185-S-2010', 0)":"FRENTE PARA LA VICTORIA - PJ"},"Link":{"('0185-S-2010', 0)":"http:\/\/www.senado.gov.ar\/parlamentario\/comisiones\/verExp\/185.10\/S\/PD"},"Palabra Clave":{"('0185-S-2010', 0)":" "}}