{"Tipo de Proyecto":{"('0185-PE-2010', 0)":"MENSAJE NRO: 1466\/10","('0185-PE-2010', 1)":null},"Iniciado en: ":{"('0185-PE-2010', 0)":"Senado","('0185-PE-2010', 1)":null},"Expediente Senado: ":{"('0185-PE-2010', 0)":"0185-PE-2010","('0185-PE-2010', 1)":null},"Publicado en: ":{"('0185-PE-2010', 0)":"DAE S.A. N\u00b0 8","('0185-PE-2010', 1)":null},"Fecha: ":{"('0185-PE-2010', 0)":"15\/09\/2010","('0185-PE-2010', 1)":null},"T\u00edtulo":{"('0185-PE-2010', 0)":"SOLICITA ACUERDO PARA DESIGNAR JUEZ DEL JUZGADO NACIONAL DE PRIMERA INSTANCIA EN LO COMERCIAL N\u00b0 24 DE LA CAPITAL FEDERAL, A LA DOCTORA MARIA GABRIELA VASSALLO.","('0185-PE-2010', 1)":null},"('Firmantes', 'FIRMANTE')":{"('0185-PE-2010', 0)":"FERNANDEZ DE KIRCHNER, CRISTINA","('0185-PE-2010', 1)":"ALAK, JULIO"},"('Firmantes', 'DISTRITO')":{"('0185-PE-2010', 0)":null,"('0185-PE-2010', 1)":null},"('Firmantes', 'BLOQUE')":{"('0185-PE-2010', 0)":"PODER EJECUTIVO","('0185-PE-2010', 1)":"PODER EJECUTIVO"},"('Tramites', 'C\u00c1MARA')":{"('0185-PE-2010', 0)":"Senado","('0185-PE-2010', 1)":"Senado"},"('Tramites', 'MOVIMIENTO')":{"('0185-PE-2010', 0)":"MOCION SOBRE TABLAS (AFIRMATIVA)","('0185-PE-2010', 1)":"CONSIDERACION Y APROBACION"},"('Tramites', 'FECHA')":{"('0185-PE-2010', 0)":"15\/12\/2010","('0185-PE-2010', 1)":"15\/12\/2010"},"('Tramites', 'RESULTADO')":{"('0185-PE-2010', 0)":null,"('0185-PE-2010', 1)":"APROBADO"},"Palabra Clave":{"('0185-PE-2010', 0)":" ","('0185-PE-2010', 1)":null}}