{"Tipo de Proyecto":{"('0186-S-2010', 0)":"PROYECTO DE DECLARACI\u00d3N"},"Iniciado en: ":{"('0186-S-2010', 0)":"Senado"},"Expediente Senado: ":{"('0186-S-2010', 0)":"0186-S-2010"},"Publicado en: ":{"('0186-S-2010', 0)":"Diario de Asuntos Entrados N\u00b0 10"},"Fecha: ":{"('0186-S-2010', 0)":"04\/03\/2010"},"T\u00edtulo":{"('0186-S-2010', 0)":"DECLARAR DE INTERES LA CONMEMORACION DEL DIA AMERICANO DEL INDIO, EL 19 DE ABRIL."},"('Firmantes', 'FIRMANTE')":{"('0186-S-2010', 0)":"COLAZO, MARIO JORGE"},"('Firmantes', 'DISTRITO')":{"('0186-S-2010', 0)":"TIERRA DEL FUEGO"},"('Firmantes', 'BLOQUE')":{"('0186-S-2010', 0)":"FRENTE PARA LA VICTORIA - PJ"},"('Tramites', 'C\u00c1MARA')":{"('0186-S-2010', 0)":"Senado"},"('Tramites', 'MOVIMIENTO')":{"('0186-S-2010', 0)":"CONSIDERACION Y APROBACION"},"('Tramites', 'FECHA')":{"('0186-S-2010', 0)":"11\/08\/2010"},"('Tramites', 'RESULTADO')":{"('0186-S-2010', 0)":"APROBADO"},"Link":{"('0186-S-2010', 0)":"http:\/\/www.senado.gov.ar\/parlamentario\/comisiones\/verExp\/186.10\/S\/PD"},"Palabra Clave":{"('0186-S-2010', 0)":" "}}