{"Tipo de Proyecto":{"('0186-PE-2010', 0)":"MENSAJE NRO: 1467\/10","('0186-PE-2010', 1)":null},"Iniciado en: ":{"('0186-PE-2010', 0)":"Senado","('0186-PE-2010', 1)":null},"Expediente Senado: ":{"('0186-PE-2010', 0)":"0186-PE-2010","('0186-PE-2010', 1)":null},"Publicado en: ":{"('0186-PE-2010', 0)":"DAE S.A. N\u00b0 8","('0186-PE-2010', 1)":null},"Fecha: ":{"('0186-PE-2010', 0)":"15\/09\/2010","('0186-PE-2010', 1)":null},"T\u00edtulo":{"('0186-PE-2010', 0)":"SOLICITA ACUERDO PARA DESIGNAR JUEZ DEL JUZGADO NACIONAL DE PRIMERA INSTANCIA EN LO COMERCIAL NUMERO 31 DE LA CAPITAL FEDERAL, A LA DOCTORA VIVIAN CECILIA FERNANDEZ GARELLO.","('0186-PE-2010', 1)":null},"('Firmantes', 'FIRMANTE')":{"('0186-PE-2010', 0)":"FERNANDEZ DE KIRCHNER, CRISTINA","('0186-PE-2010', 1)":"ALAK, JULIO"},"('Firmantes', 'DISTRITO')":{"('0186-PE-2010', 0)":null,"('0186-PE-2010', 1)":null},"('Firmantes', 'BLOQUE')":{"('0186-PE-2010', 0)":"PODER EJECUTIVO","('0186-PE-2010', 1)":"PODER EJECUTIVO"},"('Tramites', 'C\u00c1MARA')":{"('0186-PE-2010', 0)":"Senado","('0186-PE-2010', 1)":"Senado"},"('Tramites', 'MOVIMIENTO')":{"('0186-PE-2010', 0)":"MOCION SOBRE TABLAS (AFIRMATIVA)","('0186-PE-2010', 1)":"CONSIDERACION Y APROBACION"},"('Tramites', 'FECHA')":{"('0186-PE-2010', 0)":"15\/12\/2010","('0186-PE-2010', 1)":"15\/12\/2010"},"('Tramites', 'RESULTADO')":{"('0186-PE-2010', 0)":null,"('0186-PE-2010', 1)":"APROBADO"},"Palabra Clave":{"('0186-PE-2010', 0)":" ","('0186-PE-2010', 1)":null}}