{"Tipo de Proyecto":{"('0186-D-2010', 0)":"PROYECTO DE LEY"},"Iniciado en: ":{"('0186-D-2010', 0)":"Diputados"},"Expediente Diputados: ":{"('0186-D-2010', 0)":"0186-D-2010"},"Publicado en: ":{"('0186-D-2010', 0)":"Tr\u00e1mite Parlamentario N\u00b0 4"},"Fecha: ":{"('0186-D-2010', 0)":"02\/03\/2010"},"T\u00edtulo":{"('0186-D-2010', 0)":"RECURSO DE ACLARATORIA. MODIFICACION DEL INCISO 2) DEL ARTICULO 166 Y SUSTITUCION DEL ULTIMO PARRAFO DEL ARTICULO 272 DEL CODIGO PROCESAL CIVIL Y COMERCIAL DE LA NACION."},"('Firmantes', 'FIRMANTE')":{"('0186-D-2010', 0)":"RODRIGUEZ, MARCELA VIRGINIA"},"('Firmantes', 'DISTRITO')":{"('0186-D-2010', 0)":"BUENOS AIRES"},"('Firmantes', 'BLOQUE')":{"('0186-D-2010', 0)":"COALICION CIVICA"},"('Giros', 'COMISI\u00d3N')":{"('0186-D-2010', 0)":"JUSTICIA"},"Link":{"('0186-D-2010', 0)":"https:\/\/www.hcdn.gob.ar\/proyectos\/textoCompleto.jsp?exp=0186-D-2010&tipo=LEY"},"Palabra Clave":{"('0186-D-2010', 0)":" "}}