{"Tipo de Proyecto":{"('0188-S-2010', 0)":"COMUNICACION","('0188-S-2010', 1)":null,"('0188-S-2010', 2)":null,"('0188-S-2010', 3)":null},"Iniciado en: ":{"('0188-S-2010', 0)":"Senado","('0188-S-2010', 1)":null,"('0188-S-2010', 2)":null,"('0188-S-2010', 3)":null},"Expediente Senado: ":{"('0188-S-2010', 0)":"0188-S-2010","('0188-S-2010', 1)":null,"('0188-S-2010', 2)":null,"('0188-S-2010', 3)":null},"Publicado en: ":{"('0188-S-2010', 0)":"Diario de Asuntos Entrados N\u00b0 10","('0188-S-2010', 1)":null,"('0188-S-2010', 2)":null,"('0188-S-2010', 3)":null},"Fecha: ":{"('0188-S-2010', 0)":"04\/03\/2010","('0188-S-2010', 1)":null,"('0188-S-2010', 2)":null,"('0188-S-2010', 3)":null},"T\u00edtulo":{"('0188-S-2010', 0)":"PEDIDO DE INFORMES AL PODER EJECUTIVO NACIONAL SOBRE DIVERSOS PUNTOS RELACIONADOS CON LA ASIGNACION UNIVERSAL POR HIJO PARA PROTECCION SOCIAL.","('0188-S-2010', 1)":null,"('0188-S-2010', 2)":null,"('0188-S-2010', 3)":null},"('Firmantes', 'FIRMANTE')":{"('0188-S-2010', 0)":"ROMERO, JUAN CARLOS","('0188-S-2010', 1)":null,"('0188-S-2010', 2)":null,"('0188-S-2010', 3)":null},"('Firmantes', 'DISTRITO')":{"('0188-S-2010', 0)":"SALTA","('0188-S-2010', 1)":null,"('0188-S-2010', 2)":null,"('0188-S-2010', 3)":null},"('Firmantes', 'BLOQUE')":{"('0188-S-2010', 0)":"JUSTICIALISTA 8 DE OCTUBRE","('0188-S-2010', 1)":null,"('0188-S-2010', 2)":null,"('0188-S-2010', 3)":null},"('Tramites', 'C\u00c1MARA')":{"('0188-S-2010', 0)":"Senado","('0188-S-2010', 1)":"Senado","('0188-S-2010', 2)":"Senado","('0188-S-2010', 3)":"Senado"},"('Tramites', 'MOVIMIENTO')":{"('0188-S-2010', 0)":"CONSIDERACION Y APROBACION","('0188-S-2010', 1)":"CONTESTACION DEL PODER EJECUTIVO NACIONAL - JEFE DE GABINETE DE MINISTROS - (A SUS ANTECEDENTES)","('0188-S-2010', 2)":"CONTESTACION DEL PODER EJECUTIVO NACIONAL - JEFE DE GABINETE DE MINISTROS - (A SUS ANTECEDENTES)","('0188-S-2010', 3)":"CONTESTACION DEL PODER EJECUTIVO NACIONAL - JEFE DE GABINETE DE MINISTROS - (A SUS ANTECEDENTES)"},"('Tramites', 'FECHA')":{"('0188-S-2010', 0)":"09\/06\/2010","('0188-S-2010', 1)":null,"('0188-S-2010', 2)":"01\/06\/2011","('0188-S-2010', 3)":"01\/06\/2011"},"('Tramites', 'RESULTADO')":{"('0188-S-2010', 0)":"APROBADO","('0188-S-2010', 1)":null,"('0188-S-2010', 2)":null,"('0188-S-2010', 3)":null},"Link":{"('0188-S-2010', 0)":"http:\/\/www.senado.gov.ar\/parlamentario\/comisiones\/verExp\/188.10\/S\/PC","('0188-S-2010', 1)":null,"('0188-S-2010', 2)":null,"('0188-S-2010', 3)":null},"Palabra Clave":{"('0188-S-2010', 0)":" ","('0188-S-2010', 1)":null,"('0188-S-2010', 2)":null,"('0188-S-2010', 3)":null}}