{"Tipo de Proyecto":{"('0189-PE-2010', 0)":"MENSAJE NRO: 1470\/10","('0189-PE-2010', 1)":null},"Iniciado en: ":{"('0189-PE-2010', 0)":"Senado","('0189-PE-2010', 1)":null},"Expediente Senado: ":{"('0189-PE-2010', 0)":"0189-PE-2010","('0189-PE-2010', 1)":null},"Publicado en: ":{"('0189-PE-2010', 0)":"DAE S.A. N\u00b0 8","('0189-PE-2010', 1)":null},"Fecha: ":{"('0189-PE-2010', 0)":"15\/09\/2010","('0189-PE-2010', 1)":null},"T\u00edtulo":{"('0189-PE-2010', 0)":"SOLICITA ACUERDO PARA DESIGNAR JUEZ DEL JUZGADO NACIONAL DE PRIMERA INSTANCIA EN LO COMERCIAL N\u00b0 2 DE LA CAPITAL FEDERAL, AL DOCTOR FERNANDO PENNACCA.","('0189-PE-2010', 1)":null},"('Firmantes', 'FIRMANTE')":{"('0189-PE-2010', 0)":"FERNANDEZ DE KIRCHNER, CRISTINA","('0189-PE-2010', 1)":"ALAK, JULIO"},"('Firmantes', 'DISTRITO')":{"('0189-PE-2010', 0)":null,"('0189-PE-2010', 1)":null},"('Firmantes', 'BLOQUE')":{"('0189-PE-2010', 0)":"PODER EJECUTIVO","('0189-PE-2010', 1)":"PODER EJECUTIVO"},"('Tramites', 'C\u00c1MARA')":{"('0189-PE-2010', 0)":"Senado","('0189-PE-2010', 1)":"Senado"},"('Tramites', 'MOVIMIENTO')":{"('0189-PE-2010', 0)":"MOCION SOBRE TABLAS (AFIRMATIVA)","('0189-PE-2010', 1)":"CONSIDERACION Y APROBACION"},"('Tramites', 'FECHA')":{"('0189-PE-2010', 0)":"15\/12\/2010","('0189-PE-2010', 1)":"15\/12\/2010"},"('Tramites', 'RESULTADO')":{"('0189-PE-2010', 0)":null,"('0189-PE-2010', 1)":"APROBADO"},"Palabra Clave":{"('0189-PE-2010', 0)":" ","('0189-PE-2010', 1)":null}}