{"Tipo de Proyecto":{"('0190-S-2010', 0)":"PROYECTO DE LEY"},"Iniciado en: ":{"('0190-S-2010', 0)":"Senado"},"Expediente Senado: ":{"('0190-S-2010', 0)":"0190-S-2010"},"Publicado en: ":{"('0190-S-2010', 0)":"Diario de Asuntos Entrados N\u00b0 10"},"Fecha: ":{"('0190-S-2010', 0)":"04\/03\/2010"},"T\u00edtulo":{"('0190-S-2010', 0)":"CREACION DE UNA ADUANA EN EL PARQUE INDUSTRIAL \"LA ISLA\" DE LA CIUDAD DE LA BANDA, PROVINCIA DE SANTIAGO DEL ESTERO."},"('Firmantes', 'FIRMANTE')":{"('0190-S-2010', 0)":"RACHED, EMILIO ALBERTO"},"('Firmantes', 'DISTRITO')":{"('0190-S-2010', 0)":"SANTIAGO DEL ESTERO"},"('Firmantes', 'BLOQUE')":{"('0190-S-2010', 0)":"UCR"},"Link":{"('0190-S-2010', 0)":"http:\/\/www.senado.gov.ar\/parlamentario\/comisiones\/verExp\/190.10\/S\/PL"},"Palabra Clave":{"('0190-S-2010', 0)":" "}}