{"Tipo de Proyecto":{"('0190-D-2010', 0)":"PROYECTO DE LEY","('0190-D-2010', 1)":null},"Iniciado en: ":{"('0190-D-2010', 0)":"Diputados","('0190-D-2010', 1)":null},"Expediente Diputados: ":{"('0190-D-2010', 0)":"0190-D-2010","('0190-D-2010', 1)":null},"Publicado en: ":{"('0190-D-2010', 0)":"Tr\u00e1mite Parlamentario N\u00b0 4","('0190-D-2010', 1)":null},"Fecha: ":{"('0190-D-2010', 0)":"02\/03\/2010","('0190-D-2010', 1)":null},"T\u00edtulo":{"('0190-D-2010', 0)":"CODIGO CIVIL: MODIFICACION DEL ARTICULO 2953, SOBRE USO Y HABITACION.","('0190-D-2010', 1)":null},"('Firmantes', 'FIRMANTE')":{"('0190-D-2010', 0)":"RODRIGUEZ, MARCELA VIRGINIA","('0190-D-2010', 1)":"CARRIO, ELISA MARIA AVELINA"},"('Firmantes', 'DISTRITO')":{"('0190-D-2010', 0)":"BUENOS AIRES","('0190-D-2010', 1)":"CIUDAD de BUENOS AIRES"},"('Firmantes', 'BLOQUE')":{"('0190-D-2010', 0)":"COALICION CIVICA","('0190-D-2010', 1)":"COALICION CIVICA"},"('Giros', 'COMISI\u00d3N')":{"('0190-D-2010', 0)":"LEGISLACION GENERAL","('0190-D-2010', 1)":"FAMILIA, MUJER, NI\u00d1EZ Y ADOLESCENCIA"},"Link":{"('0190-D-2010', 0)":"https:\/\/www.hcdn.gob.ar\/proyectos\/textoCompleto.jsp?exp=0190-D-2010&tipo=LEY","('0190-D-2010', 1)":null},"Palabra Clave":{"('0190-D-2010', 0)":" ","('0190-D-2010', 1)":null}}