{"Tipo de Proyecto":{"('0191-D-2010', 0)":"PROYECTO DE LEY"},"Iniciado en: ":{"('0191-D-2010', 0)":"Diputados"},"Expediente Diputados: ":{"('0191-D-2010', 0)":"0191-D-2010"},"Publicado en: ":{"('0191-D-2010', 0)":"Tr\u00e1mite Parlamentario N\u00b0 4"},"Fecha: ":{"('0191-D-2010', 0)":"02\/03\/2010"},"T\u00edtulo":{"('0191-D-2010', 0)":"MODIFICACION DE LA LEY 27 DE JURISDICCION DE TRIBUNALES NACIONALES: SUSTITUCION DEL ARTICULO 3 (OBJETO DE LA LEY, CONTROL DE CONSTITUCIONALIDAD), INCORPORACION DE LOS ARTICULOS 3 BIS (DECLARACION DE INCONSTITUCIONALIDAD DE OFICIO) Y 3 TER (TRASLADO DE LA POSIBLE INCONSTITUCIONALIDAD)."},"('Firmantes', 'FIRMANTE')":{"('0191-D-2010', 0)":"RODRIGUEZ, MARCELA VIRGINIA"},"('Firmantes', 'DISTRITO')":{"('0191-D-2010', 0)":"BUENOS AIRES"},"('Firmantes', 'BLOQUE')":{"('0191-D-2010', 0)":"COALICION CIVICA"},"('Giros', 'COMISI\u00d3N')":{"('0191-D-2010', 0)":"JUSTICIA"},"Link":{"('0191-D-2010', 0)":"https:\/\/www.hcdn.gob.ar\/proyectos\/textoCompleto.jsp?exp=0191-D-2010&tipo=LEY"},"Palabra Clave":{"('0191-D-2010', 0)":" "}}