{"Tipo de Proyecto":{"('0191-S-2010', 0)":"COMUNICACION"},"Iniciado en: ":{"('0191-S-2010', 0)":"Senado"},"Expediente Senado: ":{"('0191-S-2010', 0)":"0191-S-2010"},"Publicado en: ":{"('0191-S-2010', 0)":"Diario de Asuntos Entrados N\u00b0 10"},"Fecha: ":{"('0191-S-2010', 0)":"04\/03\/2010"},"T\u00edtulo":{"('0191-S-2010', 0)":"PEDIDO DE INFORMES AL PODER EJECUTIVO NACIONAL SOBRE DIVERSOS PUNTOS RELACIONADOS CON LA DISTRIBUCION DE APORTES DEL TESORO NACIONAL EN LOS EJERCICIOS 2007, 2008 Y 2009."},"('Firmantes', 'FIRMANTE')":{"('0191-S-2010', 0)":"RACHED, EMILIO ALBERTO"},"('Firmantes', 'DISTRITO')":{"('0191-S-2010', 0)":"SANTIAGO DEL ESTERO"},"('Firmantes', 'BLOQUE')":{"('0191-S-2010', 0)":"UCR"},"Link":{"('0191-S-2010', 0)":"http:\/\/www.senado.gov.ar\/parlamentario\/comisiones\/verExp\/191.10\/S\/PC"},"Palabra Clave":{"('0191-S-2010', 0)":" "}}