{"Tipo de Proyecto":{"('0193-PE-2010', 0)":"MENSAJE NRO: 1487\/10 Y PROYECTO DE LEY","('0193-PE-2010', 1)":null,"('0193-PE-2010', 2)":null},"Iniciado en: ":{"('0193-PE-2010', 0)":"Senado","('0193-PE-2010', 1)":null,"('0193-PE-2010', 2)":null},"Expediente Senado: ":{"('0193-PE-2010', 0)":"0193-PE-2010","('0193-PE-2010', 1)":null,"('0193-PE-2010', 2)":null},"Publicado en: ":{"('0193-PE-2010', 0)":"Diario de Asuntos Entrados N\u00b0 161","('0193-PE-2010', 1)":null,"('0193-PE-2010', 2)":null},"Fecha: ":{"('0193-PE-2010', 0)":"14\/10\/2010","('0193-PE-2010', 1)":null,"('0193-PE-2010', 2)":null},"T\u00edtulo":{"('0193-PE-2010', 0)":"APROBACION DEL ACUERDO ENTRE LA GRAN YAMAHIRIA ARABE LIBIA POPULAR SOCIALISTA Y LA REPUBLICA ARGENTINA, SOBRE COOPERACION EN EL AREA DE LA INVESTIGACION CIENTIFICA, SUSCRIPTO EN TRIPOLI EL 22 DE NOVIEMBRE DE 2008 Y EL PROTOCOLO DE ENMIENDA AL ACUERDO MENCIONADO, FIRMADO EN BUENOS AIRES EL 18 DE JUNIO DE 2009.","('0193-PE-2010', 1)":null,"('0193-PE-2010', 2)":null},"('Firmantes', 'FIRMANTE')":{"('0193-PE-2010', 0)":"FERNANDEZ DE KIRCHNER, CRISTINA","('0193-PE-2010', 1)":"FERNANDEZ, ANIBAL","('0193-PE-2010', 2)":"TIMERMAN, HECTOR MARCOS"},"('Firmantes', 'DISTRITO')":{"('0193-PE-2010', 0)":null,"('0193-PE-2010', 1)":null,"('0193-PE-2010', 2)":null},"('Firmantes', 'BLOQUE')":{"('0193-PE-2010', 0)":"PODER EJECUTIVO","('0193-PE-2010', 1)":"PODER EJECUTIVO","('0193-PE-2010', 2)":"PODER EJECUTIVO"},"Palabra Clave":{"('0193-PE-2010', 0)":" ","('0193-PE-2010', 1)":null,"('0193-PE-2010', 2)":null}}