{"Tipo de Proyecto":{"('0193-D-2010', 0)":"PROYECTO DE LEY","('0193-D-2010', 1)":null},"Iniciado en: ":{"('0193-D-2010', 0)":"Diputados","('0193-D-2010', 1)":null},"Expediente Diputados: ":{"('0193-D-2010', 0)":"0193-D-2010","('0193-D-2010', 1)":null},"Publicado en: ":{"('0193-D-2010', 0)":"Tr\u00e1mite Parlamentario N\u00b0 4","('0193-D-2010', 1)":null},"Fecha: ":{"('0193-D-2010', 0)":"02\/03\/2010","('0193-D-2010', 1)":null},"T\u00edtulo":{"('0193-D-2010', 0)":"CODIGO CIVIL: DEROGACION DEL ARTICULO 1226, SOBRE ADMINISTRACION POR LA ESPOSA DE LOS BIENES QUE LLEVE AL MATRIMONIO O LOS ADQUIRIDOS LUEGO A TITULO PROPIO.","('0193-D-2010', 1)":null},"('Firmantes', 'FIRMANTE')":{"('0193-D-2010', 0)":"RODRIGUEZ, MARCELA VIRGINIA","('0193-D-2010', 1)":"CARRIO, ELISA MARIA AVELINA"},"('Firmantes', 'DISTRITO')":{"('0193-D-2010', 0)":"BUENOS AIRES","('0193-D-2010', 1)":"CIUDAD de BUENOS AIRES"},"('Firmantes', 'BLOQUE')":{"('0193-D-2010', 0)":"COALICION CIVICA","('0193-D-2010', 1)":"COALICION CIVICA"},"('Giros', 'COMISI\u00d3N')":{"('0193-D-2010', 0)":"LEGISLACION GENERAL","('0193-D-2010', 1)":"FAMILIA, MUJER, NI\u00d1EZ Y ADOLESCENCIA"},"Link":{"('0193-D-2010', 0)":"https:\/\/www.hcdn.gob.ar\/proyectos\/textoCompleto.jsp?exp=0193-D-2010&tipo=LEY","('0193-D-2010', 1)":null},"Palabra Clave":{"('0193-D-2010', 0)":" ","('0193-D-2010', 1)":null}}