{"Tipo de Proyecto":{"('0196-D-2010', 0)":"PROYECTO DE RESOLUCI\u00d3N","('0196-D-2010', 1)":null,"('0196-D-2010', 2)":null,"('0196-D-2010', 3)":null,"('0196-D-2010', 4)":null},"Iniciado en: ":{"('0196-D-2010', 0)":"Diputados","('0196-D-2010', 1)":null,"('0196-D-2010', 2)":null,"('0196-D-2010', 3)":null,"('0196-D-2010', 4)":null},"Expediente Diputados: ":{"('0196-D-2010', 0)":"0196-D-2010","('0196-D-2010', 1)":null,"('0196-D-2010', 2)":null,"('0196-D-2010', 3)":null,"('0196-D-2010', 4)":null},"Publicado en: ":{"('0196-D-2010', 0)":"Tr\u00e1mite Parlamentario N\u00b0 4","('0196-D-2010', 1)":null,"('0196-D-2010', 2)":null,"('0196-D-2010', 3)":null,"('0196-D-2010', 4)":null},"Fecha: ":{"('0196-D-2010', 0)":"02\/03\/2010","('0196-D-2010', 1)":null,"('0196-D-2010', 2)":null,"('0196-D-2010', 3)":null,"('0196-D-2010', 4)":null},"T\u00edtulo":{"('0196-D-2010', 0)":"SOLICITAR A LA COMISION MIXTA REVISORA DE CUENTAS DISPONGA MODIFICAR EL PLAN ANUAL DE CONTROL EXTERNO DE LA AUDITORIA GENERAL DE LA NACION INCORPORANDO LA REALIZACION DE UNA AUDITORIA INTEGRAL AL PROGRAMA DE INGRESO SOCIAL CON TRABAJO.","('0196-D-2010', 1)":null,"('0196-D-2010', 2)":null,"('0196-D-2010', 3)":null,"('0196-D-2010', 4)":null},"('Firmantes', 'FIRMANTE')":{"('0196-D-2010', 0)":"ALCUAZ, HORACIO ALBERTO","('0196-D-2010', 1)":"LINARES, MARIA VIRGINIA","('0196-D-2010', 2)":"PERALTA, FABIAN FRANCISCO","('0196-D-2010', 3)":"STOLBIZER, MARGARITA ROSA","('0196-D-2010', 4)":"MILMAN, GERARDO FABIAN"},"('Firmantes', 'DISTRITO')":{"('0196-D-2010', 0)":"BUENOS AIRES","('0196-D-2010', 1)":"BUENOS AIRES","('0196-D-2010', 2)":"SANTA FE","('0196-D-2010', 3)":"BUENOS AIRES","('0196-D-2010', 4)":"BUENOS AIRES"},"('Firmantes', 'BLOQUE')":{"('0196-D-2010', 0)":"GEN","('0196-D-2010', 1)":"GEN","('0196-D-2010', 2)":"GEN","('0196-D-2010', 3)":"GEN","('0196-D-2010', 4)":"GEN"},"('Giros', 'COMISI\u00d3N')":{"('0196-D-2010', 0)":"PRESUPUESTO Y HACIENDA","('0196-D-2010', 1)":"ACCION SOCIAL Y SALUD PUBLICA","('0196-D-2010', 2)":"LEGISLACION DEL TRABAJO","('0196-D-2010', 3)":null,"('0196-D-2010', 4)":null},"Link":{"('0196-D-2010', 0)":"https:\/\/www.hcdn.gob.ar\/proyectos\/textoCompleto.jsp?exp=0196-D-2010&tipo=RESOLUCION","('0196-D-2010', 1)":null,"('0196-D-2010', 2)":null,"('0196-D-2010', 3)":null,"('0196-D-2010', 4)":null},"Palabra Clave":{"('0196-D-2010', 0)":" ","('0196-D-2010', 1)":null,"('0196-D-2010', 2)":null,"('0196-D-2010', 3)":null,"('0196-D-2010', 4)":null}}