{"Tipo de Proyecto":{"('0198-D-2010', 0)":"PROYECTO DE RESOLUCI\u00d3N"},"Iniciado en: ":{"('0198-D-2010', 0)":"Diputados"},"Expediente Diputados: ":{"('0198-D-2010', 0)":"0198-D-2010"},"Publicado en: ":{"('0198-D-2010', 0)":"Tr\u00e1mite Parlamentario N\u00b0 4"},"Fecha: ":{"('0198-D-2010', 0)":"02\/03\/2010"},"T\u00edtulo":{"('0198-D-2010', 0)":"PEDIDO DE INFORMES AL PODER EJECUTIVO SOBRE DIVERSAS CUESTIONES RELACIONADAS CON ADELANTOS FINANCIEROS TRANSITORIOS DE COPARTICIPACION FEDERAL DE IMPUESTOS GIRADOS A LAS PROVINCIAS EN EL PERIODO 2008 - 2010."},"('Firmantes', 'FIRMANTE')":{"('0198-D-2010', 0)":"MILMAN, GERARDO FABIAN"},"('Firmantes', 'DISTRITO')":{"('0198-D-2010', 0)":"BUENOS AIRES"},"('Firmantes', 'BLOQUE')":{"('0198-D-2010', 0)":"GEN"},"('Giros', 'COMISI\u00d3N')":{"('0198-D-2010', 0)":"PRESUPUESTO Y HACIENDA"},"('Tramites', 'C\u00c1MARA')":{"('0198-D-2010', 0)":"Diputados"},"('Tramites', 'MOVIMIENTO')":{"('0198-D-2010', 0)":"SOLICITUD DE REPRODUCCION DEL PROYECTO PARA EL PERIODO 129 (2011), SEGUN LOS TERMINOS DEL ARTICULO 7 DE LA RESOLUCION DE LA HCD DEL 05\/06\/1996"},"('Tramites', 'FECHA')":{"('0198-D-2010', 0)":"16\/03\/2011"},"('Tramites', 'RESULTADO')":{"('0198-D-2010', 0)":null},"Link":{"('0198-D-2010', 0)":"https:\/\/www.hcdn.gob.ar\/proyectos\/textoCompleto.jsp?exp=0198-D-2010&tipo=RESOLUCION"},"Palabra Clave":{"('0198-D-2010', 0)":" "}}