{"Tipo de Proyecto":{"('0199-D-2010', 0)":"PROYECTO DE LEY","('0199-D-2010', 1)":null,"('0199-D-2010', 2)":null,"('0199-D-2010', 3)":null,"('0199-D-2010', 4)":null},"Iniciado en: ":{"('0199-D-2010', 0)":"Diputados","('0199-D-2010', 1)":null,"('0199-D-2010', 2)":null,"('0199-D-2010', 3)":null,"('0199-D-2010', 4)":null},"Expediente Diputados: ":{"('0199-D-2010', 0)":"0199-D-2010","('0199-D-2010', 1)":null,"('0199-D-2010', 2)":null,"('0199-D-2010', 3)":null,"('0199-D-2010', 4)":null},"Publicado en: ":{"('0199-D-2010', 0)":"Tr\u00e1mite Parlamentario N\u00b0 2","('0199-D-2010', 1)":null,"('0199-D-2010', 2)":null,"('0199-D-2010', 3)":null,"('0199-D-2010', 4)":null},"Fecha: ":{"('0199-D-2010', 0)":"02\/03\/2010","('0199-D-2010', 1)":null,"('0199-D-2010', 2)":null,"('0199-D-2010', 3)":null,"('0199-D-2010', 4)":null},"T\u00edtulo":{"('0199-D-2010', 0)":"SE DECLARA NULO DE NULIDAD ABSOLUTA E INSANABLE AL DECRETO DE NECESIDAD Y URGENCIA 298\/2010, DE CREACION DEL FONDO DEL DESENDEUDAMIENTO ARGENTINO, Y CREACION, EN EL AMBITO DEL HONORABLE CONGRESO DE LA NACION, DE LA COMISION BICAMERAL PERMANENTE DE SEGUIMIENTO DE LOS PAGOS DE LA DEUDA.  ","('0199-D-2010', 1)":null,"('0199-D-2010', 2)":null,"('0199-D-2010', 3)":null,"('0199-D-2010', 4)":null},"('Firmantes', 'FIRMANTE')":{"('0199-D-2010', 0)":"STOLBIZER, MARGARITA ROSA","('0199-D-2010', 1)":"ALCUAZ, HORACIO ALBERTO","('0199-D-2010', 2)":"MILMAN, GERARDO FABIAN","('0199-D-2010', 3)":"PERALTA, FABIAN FRANCISCO","('0199-D-2010', 4)":"LINARES, MARIA VIRGINIA"},"('Firmantes', 'DISTRITO')":{"('0199-D-2010', 0)":"BUENOS AIRES","('0199-D-2010', 1)":"BUENOS AIRES","('0199-D-2010', 2)":"BUENOS AIRES","('0199-D-2010', 3)":"SANTA FE","('0199-D-2010', 4)":"BUENOS AIRES"},"('Firmantes', 'BLOQUE')":{"('0199-D-2010', 0)":"GEN","('0199-D-2010', 1)":"GEN","('0199-D-2010', 2)":"GEN","('0199-D-2010', 3)":"GEN","('0199-D-2010', 4)":"GEN"},"('Giros', 'COMISI\u00d3N')":{"('0199-D-2010', 0)":"PRESUPUESTO Y HACIENDA","('0199-D-2010', 1)":"FINANZAS","('0199-D-2010', 2)":"ASUNTOS CONSTITUCIONALES","('0199-D-2010', 3)":null,"('0199-D-2010', 4)":null},"Link":{"('0199-D-2010', 0)":"https:\/\/www.hcdn.gob.ar\/proyectos\/textoCompleto.jsp?exp=0199-D-2010&tipo=LEY","('0199-D-2010', 1)":null,"('0199-D-2010', 2)":null,"('0199-D-2010', 3)":null,"('0199-D-2010', 4)":null},"Palabra Clave":{"('0199-D-2010', 0)":" ","('0199-D-2010', 1)":null,"('0199-D-2010', 2)":null,"('0199-D-2010', 3)":null,"('0199-D-2010', 4)":null}}