{"Tipo de Proyecto":{"('0001-PE-2011', 0)":"MENSAJE NRO: 0489\/11 Y PROYECTO DE LEY","('0001-PE-2011', 1)":null,"('0001-PE-2011', 2)":null,"('0001-PE-2011', 3)":null,"('0001-PE-2011', 4)":null,"('0001-PE-2011', 5)":null,"('0001-PE-2011', 6)":null,"('0001-PE-2011', 7)":null},"Iniciado en: ":{"('0001-PE-2011', 0)":"Diputados","('0001-PE-2011', 1)":null,"('0001-PE-2011', 2)":null,"('0001-PE-2011', 3)":null,"('0001-PE-2011', 4)":null,"('0001-PE-2011', 5)":null,"('0001-PE-2011', 6)":null,"('0001-PE-2011', 7)":null},"Expediente Diputados: ":{"('0001-PE-2011', 0)":"0001-PE-2011","('0001-PE-2011', 1)":null,"('0001-PE-2011', 2)":null,"('0001-PE-2011', 3)":null,"('0001-PE-2011', 4)":null,"('0001-PE-2011', 5)":null,"('0001-PE-2011', 6)":null,"('0001-PE-2011', 7)":null},"Expediente Senado: ":{"('0001-PE-2011', 0)":"0090-CD-2011","('0001-PE-2011', 1)":null,"('0001-PE-2011', 2)":null,"('0001-PE-2011', 3)":null,"('0001-PE-2011', 4)":null,"('0001-PE-2011', 5)":null,"('0001-PE-2011', 6)":null,"('0001-PE-2011', 7)":null},"Publicado en: ":{"('0001-PE-2011', 0)":"Tr\u00e1mite Parlamentario N\u00b0 36","('0001-PE-2011', 1)":null,"('0001-PE-2011', 2)":null,"('0001-PE-2011', 3)":null,"('0001-PE-2011', 4)":null,"('0001-PE-2011', 5)":null,"('0001-PE-2011', 6)":null,"('0001-PE-2011', 7)":null},"Fecha: ":{"('0001-PE-2011', 0)":"27\/04\/2011","('0001-PE-2011', 1)":null,"('0001-PE-2011', 2)":null,"('0001-PE-2011', 3)":null,"('0001-PE-2011', 4)":null,"('0001-PE-2011', 5)":null,"('0001-PE-2011', 6)":null,"('0001-PE-2011', 7)":null},"T\u00edtulo":{"('0001-PE-2011', 0)":"PROTECCION AL DOMINIO NACIONAL SOBRE LA PROPIEDAD, POSESION O TENENCIA DE LAS TIERRAS RURALES, LIMITANDO LA ADQUISICION PARA LOS EXTRANJEROS.","('0001-PE-2011', 1)":null,"('0001-PE-2011', 2)":null,"('0001-PE-2011', 3)":null,"('0001-PE-2011', 4)":null,"('0001-PE-2011', 5)":null,"('0001-PE-2011', 6)":null,"('0001-PE-2011', 7)":null},"('Firmantes', 'FIRMANTE')":{"('0001-PE-2011', 0)":"FERNANDEZ DE KIRCHNER, CRISTINA","('0001-PE-2011', 1)":"FERNANDEZ, ANIBAL","('0001-PE-2011', 2)":"ALAK, JULIO","('0001-PE-2011', 3)":"DOMINGUEZ, JULIAN ANDRES","('0001-PE-2011', 4)":null,"('0001-PE-2011', 5)":null,"('0001-PE-2011', 6)":null,"('0001-PE-2011', 7)":null},"('Firmantes', 'DISTRITO')":{"('0001-PE-2011', 0)":null,"('0001-PE-2011', 1)":null,"('0001-PE-2011', 2)":null,"('0001-PE-2011', 3)":null,"('0001-PE-2011', 4)":null,"('0001-PE-2011', 5)":null,"('0001-PE-2011', 6)":null,"('0001-PE-2011', 7)":null},"('Firmantes', 'BLOQUE')":{"('0001-PE-2011', 0)":"PODER EJECUTIVO","('0001-PE-2011', 1)":"PODER EJECUTIVO","('0001-PE-2011', 2)":"PODER EJECUTIVO","('0001-PE-2011', 3)":"PODER EJECUTIVO","('0001-PE-2011', 4)":null,"('0001-PE-2011', 5)":null,"('0001-PE-2011', 6)":null,"('0001-PE-2011', 7)":null},"('Giros', 'COMISI\u00d3N')":{"('0001-PE-2011', 0)":"LEGISLACION GENERAL","('0001-PE-2011', 1)":"ASUNTOS CONSTITUCIONALES","('0001-PE-2011', 2)":"AGRICULTURA Y GANADERIA","('0001-PE-2011', 3)":null,"('0001-PE-2011', 4)":null,"('0001-PE-2011', 5)":null,"('0001-PE-2011', 6)":null,"('0001-PE-2011', 7)":null},"('Tramites', 'C\u00c1MARA')":{"('0001-PE-2011', 0)":"Diputados","('0001-PE-2011', 1)":"Diputados","('0001-PE-2011', 2)":"Diputados","('0001-PE-2011', 3)":"Diputados","('0001-PE-2011', 4)":"Senado","('0001-PE-2011', 5)":"Senado","('0001-PE-2011', 6)":"Senado","('0001-PE-2011', 7)":"Senado"},"('Tramites', 'MOVIMIENTO')":{"('0001-PE-2011', 0)":"RESOLUCION DE PRESIDENCIA - AMPLIACION DE GIRO A LA COMISION DE ASUNTOS CONSTITUCIONALES.","('0001-PE-2011', 1)":"CITACION SESION ESPECIAL CONJUNTAMENTE PARA LOS EXPEDIENTES 0071-D-2010, 0360-D-2010, 1296-D-2010, 3854-D-2010, 5127-D-2010, 5679-D-2010, 7009-D-2010, 7047-D-2010, 0071-D-2011, 1270-D-2011, 0001-PE-2011, 0090-CD-2011, 2793-D-2011, 2891-D-2011, 4126-D-2011, 4262-D-2011, 4600-D-2011, 4700-D-2011, 5081-D-2011, 5438-D-2011 y 6121-D-2011","('0001-PE-2011', 2)":"CONSIDERACION Y APROBACION CON MODIFICACIONES CONJUNTAMENTE PARA LOS EXPEDIENTES 0071-D-2010, 0360-D-2010, 1296-D-2010, 3854-D-2010, 5127-D-2010, 5679-D-2010, 7009-D-2010, 7047-D-2010, 0071-D-2011, 1270-D-2011, 0001-PE-2011, 0090-CD-2011, 2793-D-2011, 2891-D-2011, 4126-D-2011, 4262-D-2011, 4600-D-2011, 4700-D-2011, 5081-D-2011, 5438-D-2011 y 6121-D-2011","('0001-PE-2011', 3)":"INSERCIONES DE LOS DIPUTADOS ARENA, BERTONE, COMELLI, CREMER DE BUSTI, DIAZ BANCALARI, FERRA DE BARTOL, GALLARDO, GUZMAN, LEVERBERG, PARADA, PERIE, RE, REGAZZOLI, RODRIGUEZ, SCIUTTO Y VILARI\u00d1O","('0001-PE-2011', 4)":"PASA A SENADO - CONJUNTAMENTE PARA LOS EXPEDIENTES 0071-D-2010, 0360-D-2010, 1296-D-2010, 3854-D-2010, 5127-D-2010, 5679-D-2010, 7009-D-2010, 7047-D-2010, 0071-D-2011, 1270-D-2011, 0001-PE-2011, 0090-CD-2011, 2793-D-2011, 2891-D-2011, 4126-D-2011, 4262-D-2011, 4600-D-2011, 4700-D-2011, 5081-D-2011, 5438-D-2011 y 6121-D-2011","('0001-PE-2011', 5)":"MOCION SOBRE TABLAS (AFIRMATIVA) CONJUNTAMENTE PARA LOS EXPEDIENTES 0071-D-2010, 0360-D-2010, 1296-D-2010, 3854-D-2010, 5127-D-2010, 5679-D-2010, 7009-D-2010, 7047-D-2010, 0071-D-2011, 1270-D-2011, 0001-PE-2011, 0090-CD-2011, 2793-D-2011, 2891-D-2011, 4126-D-2011, 4262-D-2011, 4600-D-2011, 4700-D-2011, 5081-D-2011, 5438-D-2011 y 6121-D-2011","('0001-PE-2011', 6)":"CONSIDERACION Y SANCION CONJUNTAMENTE PARA LOS EXPEDIENTES 0071-D-2010, 0360-D-2010, 1296-D-2010, 3854-D-2010, 5127-D-2010, 5679-D-2010, 7009-D-2010, 7047-D-2010, 0071-D-2011, 1270-D-2011, 0001-PE-2011, 0090-CD-2011, 2793-D-2011, 2891-D-2011, 4126-D-2011, 4262-D-2011, 4600-D-2011, 4700-D-2011, 5081-D-2011, 5438-D-2011 y 6121-D-2011","('0001-PE-2011', 7)":"INSERCIONES"},"('Tramites', 'FECHA')":{"('0001-PE-2011', 0)":"30\/11\/2011","('0001-PE-2011', 1)":"15\/12\/2011","('0001-PE-2011', 2)":"15\/12\/2011","('0001-PE-2011', 3)":"15\/12\/2011","('0001-PE-2011', 4)":null,"('0001-PE-2011', 5)":"22\/12\/2011","('0001-PE-2011', 6)":"22\/12\/2011","('0001-PE-2011', 7)":"22\/12\/2011"},"('Tramites', 'RESULTADO')":{"('0001-PE-2011', 0)":null,"('0001-PE-2011', 1)":null,"('0001-PE-2011', 2)":"MEDIA SANCION","('0001-PE-2011', 3)":null,"('0001-PE-2011', 4)":null,"('0001-PE-2011', 5)":null,"('0001-PE-2011', 6)":"SANCIONADO","('0001-PE-2011', 7)":null},"Sumario":{"('0001-PE-2011', 0)":"AMBITO DE APLICACION; OBJETO; LIMITES AL DOMINIO U OCUPACION; CREACION DEL REGISTRO NACIONAL DE TIERRAS RURALES EN EL AMBITO DEL MINISTERIO DE JUSTICIA Y DERECHOS HUMANOS; CREACION DEL CONSEJO INTERMINISTERIAL DE TIERRAS RURALES","('0001-PE-2011', 1)":null,"('0001-PE-2011', 2)":null,"('0001-PE-2011', 3)":null,"('0001-PE-2011', 4)":null,"('0001-PE-2011', 5)":null,"('0001-PE-2011', 6)":null,"('0001-PE-2011', 7)":null},"Palabra Clave":{"('0001-PE-2011', 0)":" ","('0001-PE-2011', 1)":null,"('0001-PE-2011', 2)":null,"('0001-PE-2011', 3)":null,"('0001-PE-2011', 4)":null,"('0001-PE-2011', 5)":null,"('0001-PE-2011', 6)":null,"('0001-PE-2011', 7)":null}}