{"Tipo de Proyecto":{"('0001-D-2011', 0)":"PROYECTO DE LEY","('0001-D-2011', 1)":null,"('0001-D-2011', 2)":null},"Iniciado en: ":{"('0001-D-2011', 0)":"Diputados","('0001-D-2011', 1)":null,"('0001-D-2011', 2)":null},"Expediente Diputados: ":{"('0001-D-2011', 0)":"0001-D-2011","('0001-D-2011', 1)":null,"('0001-D-2011', 2)":null},"Publicado en: ":{"('0001-D-2011', 0)":"Tr\u00e1mite Parlamentario N\u00b0 1","('0001-D-2011', 1)":null,"('0001-D-2011', 2)":null},"Fecha: ":{"('0001-D-2011', 0)":"01\/03\/2011","('0001-D-2011', 1)":null,"('0001-D-2011', 2)":null},"T\u00edtulo":{"('0001-D-2011', 0)":"CONSEJO DE LA MAGISTRATURA (LEY 24937): MODIFICACIONES, SOBRE COMPOSICION E INTEGRACION.","('0001-D-2011', 1)":null,"('0001-D-2011', 2)":null},"('Firmantes', 'FIRMANTE')":{"('0001-D-2011', 0)":"BERTOL, PAULA MARIA","('0001-D-2011', 1)":null,"('0001-D-2011', 2)":null},"('Firmantes', 'DISTRITO')":{"('0001-D-2011', 0)":"CIUDAD de BUENOS AIRES","('0001-D-2011', 1)":null,"('0001-D-2011', 2)":null},"('Firmantes', 'BLOQUE')":{"('0001-D-2011', 0)":"PRO","('0001-D-2011', 1)":null,"('0001-D-2011', 2)":null},"('Giros', 'COMISI\u00d3N')":{"('0001-D-2011', 0)":"JUSTICIA","('0001-D-2011', 1)":"PETICIONES, PODERES Y REGLAMENTO","('0001-D-2011', 2)":"PRESUPUESTO Y HACIENDA"},"('Tramites', 'C\u00c1MARA')":{"('0001-D-2011', 0)":"Diputados","('0001-D-2011', 1)":null,"('0001-D-2011', 2)":null},"('Tramites', 'MOVIMIENTO')":{"('0001-D-2011', 0)":"REPRODUCIDO POR EXPEDIENTE 0170-d-013","('0001-D-2011', 1)":null,"('0001-D-2011', 2)":null},"('Tramites', 'FECHA')":{"('0001-D-2011', 0)":null,"('0001-D-2011', 1)":null,"('0001-D-2011', 2)":null},"('Tramites', 'RESULTADO')":{"('0001-D-2011', 0)":null,"('0001-D-2011', 1)":null,"('0001-D-2011', 2)":null},"Sumario":{"('0001-D-2011', 0)":"MODIFICACION DE LOS ARTICULOS 2, 3, 5, 7 INCISO 2 Y 4 Y ARTICULO 10; INCORPORACION DE LOS INCISOS 15, 16 Y 17 AL ARTICULO 7.","('0001-D-2011', 1)":null,"('0001-D-2011', 2)":null},"Palabra Clave":{"('0001-D-2011', 0)":" ","('0001-D-2011', 1)":null,"('0001-D-2011', 2)":null}}