{"Tipo de Proyecto":{"('0002-D-2011', 0)":"PROYECTO DE LEY","('0002-D-2011', 1)":null},"Iniciado en: ":{"('0002-D-2011', 0)":"Diputados","('0002-D-2011', 1)":null},"Expediente Diputados: ":{"('0002-D-2011', 0)":"0002-D-2011","('0002-D-2011', 1)":null},"Publicado en: ":{"('0002-D-2011', 0)":"Tr\u00e1mite Parlamentario N\u00b0 1","('0002-D-2011', 1)":null},"Fecha: ":{"('0002-D-2011', 0)":"01\/03\/2011","('0002-D-2011', 1)":null},"T\u00edtulo":{"('0002-D-2011', 0)":"RATIFICACION DEL CONVENIO MARCO PARA EL CONTROL DEL TABACO APROBADO POR LA 56  ASAMBLEA MUNDIAL DE LA SALUD (OMS) EL 21 DE MAYO DE 2003. ","('0002-D-2011', 1)":null},"('Firmantes', 'FIRMANTE')":{"('0002-D-2011', 0)":"BERTOL, PAULA MARIA","('0002-D-2011', 1)":null},"('Firmantes', 'DISTRITO')":{"('0002-D-2011', 0)":"CIUDAD de BUENOS AIRES","('0002-D-2011', 1)":null},"('Firmantes', 'BLOQUE')":{"('0002-D-2011', 0)":"PRO","('0002-D-2011', 1)":null},"('Giros', 'COMISI\u00d3N')":{"('0002-D-2011', 0)":"RELACIONES EXTERIORES Y CULTO","('0002-D-2011', 1)":"PREVENCION DE ADICCIONES Y CONTROL DEL NARCOTRAFICO"},"('Tramites', 'C\u00c1MARA')":{"('0002-D-2011', 0)":"Diputados","('0002-D-2011', 1)":null},"('Tramites', 'MOVIMIENTO')":{"('0002-D-2011', 0)":"MOCION DE PREFERENCIA PARA LA PROXIMA SESION CON DICTAMEN (AFIRMATIVA)","('0002-D-2011', 1)":null},"('Tramites', 'FECHA')":{"('0002-D-2011', 0)":"13\/04\/2011","('0002-D-2011', 1)":null},"('Tramites', 'RESULTADO')":{"('0002-D-2011', 0)":null,"('0002-D-2011', 1)":null},"Link":{"('0002-D-2011', 0)":"https:\/\/www.hcdn.gob.ar\/proyectos\/textoCompleto.jsp?exp=0002-D-2011&tipo=LEY","('0002-D-2011', 1)":null},"Palabra Clave":{"('0002-D-2011', 0)":" ","('0002-D-2011', 1)":null}}