{"Tipo de Proyecto":{"('0003-PE-2011', 0)":"MENSAJE NRO: 1292\/11","('0003-PE-2011', 1)":null,"('0003-PE-2011', 2)":null},"Iniciado en: ":{"('0003-PE-2011', 0)":"Diputados","('0003-PE-2011', 1)":null,"('0003-PE-2011', 2)":null},"Expediente Diputados: ":{"('0003-PE-2011', 0)":"0003-PE-2011","('0003-PE-2011', 1)":null,"('0003-PE-2011', 2)":null},"Publicado en: ":{"('0003-PE-2011', 0)":"Tr\u00e1mite Parlamentario N\u00b0 117","('0003-PE-2011', 1)":null,"('0003-PE-2011', 2)":null},"Fecha: ":{"('0003-PE-2011', 0)":"25\/08\/2011","('0003-PE-2011', 1)":null,"('0003-PE-2011', 2)":null},"T\u00edtulo":{"('0003-PE-2011', 0)":"COMUNICACION DEL DECRETO 1291\/2011 POR EL CUAL SE APRUEBA EL PLAN DE ACCION Y PRESUPUESTO PARA EL EJERCICIO 2011 DEL BANCO DE INVERSION Y COMERCIO EXTERIOR SOCIEDAD ANONIMA.","('0003-PE-2011', 1)":null,"('0003-PE-2011', 2)":null},"('Firmantes', 'FIRMANTE')":{"('0003-PE-2011', 0)":"FERNANDEZ DE KIRCHNER, CRISTINA","('0003-PE-2011', 1)":"BOUDOU, AMADO","('0003-PE-2011', 2)":"FERNANDEZ, ANIBAL"},"('Firmantes', 'DISTRITO')":{"('0003-PE-2011', 0)":null,"('0003-PE-2011', 1)":null,"('0003-PE-2011', 2)":null},"('Firmantes', 'BLOQUE')":{"('0003-PE-2011', 0)":"PODER EJECUTIVO","('0003-PE-2011', 1)":"PODER EJECUTIVO","('0003-PE-2011', 2)":"PODER EJECUTIVO"},"('Giros', 'COMISI\u00d3N')":{"('0003-PE-2011', 0)":"PRESUPUESTO Y HACIENDA","('0003-PE-2011', 1)":null,"('0003-PE-2011', 2)":null},"Link":{"('0003-PE-2011', 0)":"https:\/\/www4.hcdn.gob.ar\/dependencias\/dsecretaria\/Periodo2011\/PDF2011\/TP2011\/0003-PE-11.pdf","('0003-PE-2011', 1)":null,"('0003-PE-2011', 2)":null},"Palabra Clave":{"('0003-PE-2011', 0)":" ","('0003-PE-2011', 1)":null,"('0003-PE-2011', 2)":null}}