{"Tipo de Proyecto":{"('0003-JGM-2011', 0)":"MENSAJE NRO: 0065\/11","('0003-JGM-2011', 1)":null},"Iniciado en: ":{"('0003-JGM-2011', 0)":"Diputados","('0003-JGM-2011', 1)":null},"Expediente Diputados: ":{"('0003-JGM-2011', 0)":"0003-JGM-2011","('0003-JGM-2011', 1)":null},"Publicado en: ":{"('0003-JGM-2011', 0)":"Tr\u00e1mite Parlamentario N\u00b0 2","('0003-JGM-2011', 1)":null},"Fecha: ":{"('0003-JGM-2011', 0)":"02\/03\/2011","('0003-JGM-2011', 1)":null},"T\u00edtulo":{"('0003-JGM-2011', 0)":"COMUNICACION DEL DICTADO DEL DECRETO DE NECESIDAD Y URGENCIA 2054\/2010 POR EL CUAL SE ESTABLECEN DISPOSICIONES COMPLEMENTARIAS A LA PRORROGA DEL PRESUPUESTO GENERAL DE LA ADMINISTRACION NACIONAL PARA EL EJERCICIO 2010. ","('0003-JGM-2011', 1)":null},"('Firmantes', 'FIRMANTE')":{"('0003-JGM-2011', 0)":"FERNANDEZ, ANIBAL","('0003-JGM-2011', 1)":"BOUDOU, AMADO"},"('Firmantes', 'DISTRITO')":{"('0003-JGM-2011', 0)":null,"('0003-JGM-2011', 1)":null},"('Firmantes', 'BLOQUE')":{"('0003-JGM-2011', 0)":"PODER EJECUTIVO","('0003-JGM-2011', 1)":"PODER EJECUTIVO"},"('Giros', 'COMISI\u00d3N')":{"('0003-JGM-2011', 0)":"BICAMERAL PERMANENTE DE TRAMITE LEGISLATIVO - LEY 26122","('0003-JGM-2011', 1)":null},"('Tramites', 'C\u00c1MARA')":{"('0003-JGM-2011', 0)":"Diputados","('0003-JGM-2011', 1)":null},"('Tramites', 'MOVIMIENTO')":{"('0003-JGM-2011', 0)":"CONSIDERACION Y APROBACION","('0003-JGM-2011', 1)":null},"('Tramites', 'FECHA')":{"('0003-JGM-2011', 0)":"24\/10\/2012","('0003-JGM-2011', 1)":null},"('Tramites', 'RESULTADO')":{"('0003-JGM-2011', 0)":"APROBADO","('0003-JGM-2011', 1)":null},"Link":{"('0003-JGM-2011', 0)":"https:\/\/www4.hcdn.gob.ar\/dependencias\/dsecretaria\/Periodo2011\/PDF2011\/TP2011\/0003-JGM-11.pdf","('0003-JGM-2011', 1)":null},"Palabra Clave":{"('0003-JGM-2011', 0)":" ","('0003-JGM-2011', 1)":null}}