{"Tipo de Proyecto":{"('0003-S-2011', 0)":"PROYECTO DE LEY"},"Iniciado en: ":{"('0003-S-2011', 0)":"Senado"},"Expediente Senado: ":{"('0003-S-2011', 0)":"0003-S-2011"},"Publicado en: ":{"('0003-S-2011', 0)":"Diario de Asuntos Entrados N\u00b0 1"},"Fecha: ":{"('0003-S-2011', 0)":"02\/03\/2011"},"T\u00edtulo":{"('0003-S-2011', 0)":"PROHIBICION DE PULVERIZACIONES AEREAS Y RESTRICCION DE APLICACIONES TERRESTRES DE PLAGUICIDAS."},"('Firmantes', 'FIRMANTE')":{"('0003-S-2011', 0)":"PERSICO, DANIEL RAUL"},"('Firmantes', 'DISTRITO')":{"('0003-S-2011', 0)":"SAN LUIS"},"('Firmantes', 'BLOQUE')":{"('0003-S-2011', 0)":"FRENTE PARA LA VICTORIA - PJ"},"Sumario":{"('0003-S-2011', 0)":"DISTANCIAS DEL RADIO URBANO; EXCEPCIONES; DEFINICIONES; PENAS"},"Palabra Clave":{"('0003-S-2011', 0)":" "}}