{"Tipo de Proyecto":{"('0004-S-2011', 0)":"PROYECTO DE DECLARACI\u00d3N"},"Iniciado en: ":{"('0004-S-2011', 0)":"Senado"},"Expediente Senado: ":{"('0004-S-2011', 0)":"0004-S-2011"},"Publicado en: ":{"('0004-S-2011', 0)":"Diario de Asuntos Entrados N\u00b0 1"},"Fecha: ":{"('0004-S-2011', 0)":"02\/03\/2011"},"T\u00edtulo":{"('0004-S-2011', 0)":"ADHERIR AL DIA MUNDIAL DEL AGUA, QUE SE CONMEMORA EL 22 DE MARZO."},"('Firmantes', 'FIRMANTE')":{"('0004-S-2011', 0)":"BERMEJO, ROLANDO ADOLFO"},"('Firmantes', 'DISTRITO')":{"('0004-S-2011', 0)":"MENDOZA"},"('Firmantes', 'BLOQUE')":{"('0004-S-2011', 0)":"FRENTE PARA LA VICTORIA - PJ"},"Link":{"('0004-S-2011', 0)":"http:\/\/www.senado.gov.ar\/parlamentario\/comisiones\/verExp\/4.11\/S\/PD"},"Palabra Clave":{"('0004-S-2011', 0)":" "}}