{"Tipo de Proyecto":{"('0005-PE-2011', 0)":"MENSAJE NRO: 1340\/11 Y PROYECTO DE LEY","('0005-PE-2011', 1)":null,"('0005-PE-2011', 2)":null,"('0005-PE-2011', 3)":null,"('0005-PE-2011', 4)":null},"Iniciado en: ":{"('0005-PE-2011', 0)":"Diputados","('0005-PE-2011', 1)":null,"('0005-PE-2011', 2)":null,"('0005-PE-2011', 3)":null,"('0005-PE-2011', 4)":null},"Expediente Diputados: ":{"('0005-PE-2011', 0)":"0005-PE-2011","('0005-PE-2011', 1)":null,"('0005-PE-2011', 2)":null,"('0005-PE-2011', 3)":null,"('0005-PE-2011', 4)":null},"Expediente Senado: ":{"('0005-PE-2011', 0)":"0012-CD-2012","('0005-PE-2011', 1)":null,"('0005-PE-2011', 2)":null,"('0005-PE-2011', 3)":null,"('0005-PE-2011', 4)":null},"Publicado en: ":{"('0005-PE-2011', 0)":"Tr\u00e1mite Parlamentario N\u00b0 121","('0005-PE-2011', 1)":null,"('0005-PE-2011', 2)":null,"('0005-PE-2011', 3)":null,"('0005-PE-2011', 4)":null},"Fecha: ":{"('0005-PE-2011', 0)":"31\/08\/2011","('0005-PE-2011', 1)":null,"('0005-PE-2011', 2)":null,"('0005-PE-2011', 3)":null,"('0005-PE-2011', 4)":null},"T\u00edtulo":{"('0005-PE-2011', 0)":"AUMENTO DEL APORTE DE LA REPUBLICA ARGENTINA AL CAPITAL AUTORIZADO DEL BANCO INTERAMERICANO DE DESARROLLO (BID). APROBACION DEL NOVENO AUMENTO GENERAL DE RECURSOS CONFORME A LA RESOLUCION AG-7\/10.","('0005-PE-2011', 1)":null,"('0005-PE-2011', 2)":null,"('0005-PE-2011', 3)":null,"('0005-PE-2011', 4)":null},"('Firmantes', 'FIRMANTE')":{"('0005-PE-2011', 0)":"FERNANDEZ DE KIRCHNER, CRISTINA","('0005-PE-2011', 1)":"FERNANDEZ, ANIBAL","('0005-PE-2011', 2)":"BOUDOU, AMADO","('0005-PE-2011', 3)":null,"('0005-PE-2011', 4)":null},"('Firmantes', 'DISTRITO')":{"('0005-PE-2011', 0)":null,"('0005-PE-2011', 1)":null,"('0005-PE-2011', 2)":null,"('0005-PE-2011', 3)":null,"('0005-PE-2011', 4)":null},"('Firmantes', 'BLOQUE')":{"('0005-PE-2011', 0)":"PODER EJECUTIVO","('0005-PE-2011', 1)":"PODER EJECUTIVO","('0005-PE-2011', 2)":"PODER EJECUTIVO","('0005-PE-2011', 3)":null,"('0005-PE-2011', 4)":null},"('Giros', 'COMISI\u00d3N')":{"('0005-PE-2011', 0)":"FINANZAS","('0005-PE-2011', 1)":"PRESUPUESTO Y HACIENDA","('0005-PE-2011', 2)":null,"('0005-PE-2011', 3)":null,"('0005-PE-2011', 4)":null},"('Tramites', 'C\u00c1MARA')":{"('0005-PE-2011', 0)":"Diputados","('0005-PE-2011', 1)":"Diputados","('0005-PE-2011', 2)":"Diputados","('0005-PE-2011', 3)":"Senado","('0005-PE-2011', 4)":"Senado"},"('Tramites', 'MOVIMIENTO')":{"('0005-PE-2011', 0)":"CITACION SESION ESPECIAL","('0005-PE-2011', 1)":"CONSIDERACION Y APROBACION CON MODIFICACIONES","('0005-PE-2011', 2)":"INSERCIONES DE LOS DIPUTADOS HELLER, SOLANAS, CARDELLI Y ARGUMEDO","('0005-PE-2011', 3)":"PASA A SENADO -","('0005-PE-2011', 4)":"CONSIDERACION Y SANCION"},"('Tramites', 'FECHA')":{"('0005-PE-2011', 0)":"28\/03\/2012","('0005-PE-2011', 1)":"28\/03\/2012","('0005-PE-2011', 2)":"28\/03\/2012","('0005-PE-2011', 3)":null,"('0005-PE-2011', 4)":"16\/05\/2012"},"('Tramites', 'RESULTADO')":{"('0005-PE-2011', 0)":null,"('0005-PE-2011', 1)":"MEDIA SANCION","('0005-PE-2011', 2)":null,"('0005-PE-2011', 3)":null,"('0005-PE-2011', 4)":"SANCIONADO"},"Link":{"('0005-PE-2011', 0)":"https:\/\/www4.hcdn.gob.ar\/dependencias\/dsecretaria\/Periodo2011\/PDF2011\/TP2011\/0005-PE-11.pdf","('0005-PE-2011', 1)":null,"('0005-PE-2011', 2)":null,"('0005-PE-2011', 3)":null,"('0005-PE-2011', 4)":null},"Palabra Clave":{"('0005-PE-2011', 0)":" ","('0005-PE-2011', 1)":null,"('0005-PE-2011', 2)":null,"('0005-PE-2011', 3)":null,"('0005-PE-2011', 4)":null}}