{"Tipo de Proyecto":{"('0006-D-2011', 0)":"PROYECTO DE LEY","('0006-D-2011', 1)":null,"('0006-D-2011', 2)":null,"('0006-D-2011', 3)":null,"('0006-D-2011', 4)":null},"Iniciado en: ":{"('0006-D-2011', 0)":"Diputados","('0006-D-2011', 1)":null,"('0006-D-2011', 2)":null,"('0006-D-2011', 3)":null,"('0006-D-2011', 4)":null},"Expediente Diputados: ":{"('0006-D-2011', 0)":"0006-D-2011","('0006-D-2011', 1)":null,"('0006-D-2011', 2)":null,"('0006-D-2011', 3)":null,"('0006-D-2011', 4)":null},"Publicado en: ":{"('0006-D-2011', 0)":"Tr\u00e1mite Parlamentario N\u00b0 1","('0006-D-2011', 1)":null,"('0006-D-2011', 2)":null,"('0006-D-2011', 3)":null,"('0006-D-2011', 4)":null},"Fecha: ":{"('0006-D-2011', 0)":"01\/03\/2011","('0006-D-2011', 1)":null,"('0006-D-2011', 2)":null,"('0006-D-2011', 3)":null,"('0006-D-2011', 4)":null},"T\u00edtulo":{"('0006-D-2011', 0)":"REGIMEN DE AMPARO COLECTIVO: MODIFICACION DEL CODIGO PROCESAL CIVIL Y COMERCIAL DE LA NACION Y DE LA LEY 16986; CREACION DEL REGISTRO DE AMPAROS COLECTIVOS.","('0006-D-2011', 1)":null,"('0006-D-2011', 2)":null,"('0006-D-2011', 3)":null,"('0006-D-2011', 4)":null},"('Firmantes', 'FIRMANTE')":{"('0006-D-2011', 0)":"BERTOL, PAULA MARIA","('0006-D-2011', 1)":"BULLRICH, PATRICIA","('0006-D-2011', 2)":"PINEDO, FEDERICO","('0006-D-2011', 3)":"FERRARI, GUSTAVO ALFREDO HORACIO","('0006-D-2011', 4)":"OBIGLIO, JULIAN MARTIN"},"('Firmantes', 'DISTRITO')":{"('0006-D-2011', 0)":"CIUDAD de BUENOS AIRES","('0006-D-2011', 1)":"CIUDAD de BUENOS AIRES","('0006-D-2011', 2)":"CIUDAD de BUENOS AIRES","('0006-D-2011', 3)":"BUENOS AIRES","('0006-D-2011', 4)":"CIUDAD de BUENOS AIRES"},"('Firmantes', 'BLOQUE')":{"('0006-D-2011', 0)":"PRO","('0006-D-2011', 1)":"COALICION CIVICA","('0006-D-2011', 2)":"PRO","('0006-D-2011', 3)":"PERONISMO FEDERAL","('0006-D-2011', 4)":"PRO"},"('Giros', 'COMISI\u00d3N')":{"('0006-D-2011', 0)":"ASUNTOS CONSTITUCIONALES","('0006-D-2011', 1)":"JUSTICIA","('0006-D-2011', 2)":null,"('0006-D-2011', 3)":null,"('0006-D-2011', 4)":null},"('Tramites', 'C\u00c1MARA')":{"('0006-D-2011', 0)":"Diputados","('0006-D-2011', 1)":"Diputados","('0006-D-2011', 2)":null,"('0006-D-2011', 3)":null,"('0006-D-2011', 4)":null},"('Tramites', 'MOVIMIENTO')":{"('0006-D-2011', 0)":"SOLICITUD DE SER COFIRMANTE DEL DIPUTADO OBIGLIO (A SUS ANTECEDENTES)","('0006-D-2011', 1)":"REPRODUCIDO POR EXPEDIENTE 0172-D-2013","('0006-D-2011', 2)":null,"('0006-D-2011', 3)":null,"('0006-D-2011', 4)":null},"('Tramites', 'FECHA')":{"('0006-D-2011', 0)":"16\/03\/2011","('0006-D-2011', 1)":null,"('0006-D-2011', 2)":null,"('0006-D-2011', 3)":null,"('0006-D-2011', 4)":null},"('Tramites', 'RESULTADO')":{"('0006-D-2011', 0)":null,"('0006-D-2011', 1)":null,"('0006-D-2011', 2)":null,"('0006-D-2011', 3)":null,"('0006-D-2011', 4)":null},"Sumario":{"('0006-D-2011', 0)":"MODIFICACION DE LOS ARTICULOS 321, 498; INCORPORACION DE LOS ARTICULOS 498 BIS, 498 TER, 498 QUATER; MODIFICACION DE LOS ARTICULOS 1 Y 5 DE LA LEY 16986 (LEY DE AMPARO);","('0006-D-2011', 1)":null,"('0006-D-2011', 2)":null,"('0006-D-2011', 3)":null,"('0006-D-2011', 4)":null},"Palabra Clave":{"('0006-D-2011', 0)":" ","('0006-D-2011', 1)":null,"('0006-D-2011', 2)":null,"('0006-D-2011', 3)":null,"('0006-D-2011', 4)":null}}