{"Tipo de Proyecto":{"('0006-PE-2011', 0)":"MENSAJE NRO: 1557\/11","('0006-PE-2011', 1)":null,"('0006-PE-2011', 2)":null},"Iniciado en: ":{"('0006-PE-2011', 0)":"Diputados","('0006-PE-2011', 1)":null,"('0006-PE-2011', 2)":null},"Expediente Diputados: ":{"('0006-PE-2011', 0)":"0006-PE-2011","('0006-PE-2011', 1)":null,"('0006-PE-2011', 2)":null},"Publicado en: ":{"('0006-PE-2011', 0)":"Tr\u00e1mite Parlamentario N\u00b0 146","('0006-PE-2011', 1)":null,"('0006-PE-2011', 2)":null},"Fecha: ":{"('0006-PE-2011', 0)":"04\/10\/2011","('0006-PE-2011', 1)":null,"('0006-PE-2011', 2)":null},"T\u00edtulo":{"('0006-PE-2011', 0)":"COMUNICACION DEL DICTADO DEL DECRETO 1446\/11 POR EL CUAL SE APRUEBA EL PLAN DE ACCION Y EL PRESUPUESTO DE GASTOS PARA EL EJERCICIO 2011 CORRESPONDIENTE AL BANCO CENTRAL DE LA REPUBLICA ARGENTINA.","('0006-PE-2011', 1)":null,"('0006-PE-2011', 2)":null},"('Firmantes', 'FIRMANTE')":{"('0006-PE-2011', 0)":"FERNANDEZ DE KIRCHNER, CRISTINA","('0006-PE-2011', 1)":"FERNANDEZ, ANIBAL","('0006-PE-2011', 2)":"BOUDOU, AMADO"},"('Firmantes', 'DISTRITO')":{"('0006-PE-2011', 0)":null,"('0006-PE-2011', 1)":null,"('0006-PE-2011', 2)":null},"('Firmantes', 'BLOQUE')":{"('0006-PE-2011', 0)":"PODER EJECUTIVO","('0006-PE-2011', 1)":"PODER EJECUTIVO","('0006-PE-2011', 2)":"PODER EJECUTIVO"},"('Giros', 'COMISI\u00d3N')":{"('0006-PE-2011', 0)":"PRESUPUESTO Y HACIENDA","('0006-PE-2011', 1)":"FINANZAS","('0006-PE-2011', 2)":null},"Link":{"('0006-PE-2011', 0)":"https:\/\/www4.hcdn.gob.ar\/dependencias\/dsecretaria\/Periodo2011\/PDF2011\/TP2011\/0006-PE-11.pdf","('0006-PE-2011', 1)":null,"('0006-PE-2011', 2)":null},"Palabra Clave":{"('0006-PE-2011', 0)":" ","('0006-PE-2011', 1)":null,"('0006-PE-2011', 2)":null}}