{"Tipo de Proyecto":{"('0006-S-2011', 0)":"PROYECTO DE LEY","('0006-S-2011', 1)":null,"('0006-S-2011', 2)":null},"Iniciado en: ":{"('0006-S-2011', 0)":"Senado","('0006-S-2011', 1)":null,"('0006-S-2011', 2)":null},"Expediente Diputados: ":{"('0006-S-2011', 0)":"0006-S-2011","('0006-S-2011', 1)":null,"('0006-S-2011', 2)":null},"Expediente Senado: ":{"('0006-S-2011', 0)":"0305-S-2011","('0006-S-2011', 1)":null,"('0006-S-2011', 2)":null},"Publicado en: ":{"('0006-S-2011', 0)":"Diario de Asuntos Entrados N\u00b0 16","('0006-S-2011', 1)":null,"('0006-S-2011', 2)":null},"Fecha: ":{"('0006-S-2011', 0)":"15\/03\/2011","('0006-S-2011', 1)":null,"('0006-S-2011', 2)":null},"T\u00edtulo":{"('0006-S-2011', 0)":"TRANSFERENCIA A TITULO GRATUITO A LA MUNICIPALIDAD DE SANTA FE DEL INMUEBLE DE LA EX ESTACION BELGRANO.","('0006-S-2011', 1)":null,"('0006-S-2011', 2)":null},"('Firmantes', 'FIRMANTE')":{"('0006-S-2011', 0)":"GIUSTINIANI, RUBEN HECTOR","('0006-S-2011', 1)":null,"('0006-S-2011', 2)":null},"('Firmantes', 'DISTRITO')":{"('0006-S-2011', 0)":"SANTA FE","('0006-S-2011', 1)":null,"('0006-S-2011', 2)":null},"('Firmantes', 'BLOQUE')":{"('0006-S-2011', 0)":"PARTIDO SOCIALISTA","('0006-S-2011', 1)":null,"('0006-S-2011', 2)":null},"('Giros', 'COMISI\u00d3N')":{"('0006-S-2011', 0)":"LEGISLACION GENERAL","('0006-S-2011', 1)":"TRANSPORTES","('0006-S-2011', 2)":"PRESUPUESTO Y HACIENDA"},"('Tramites', 'C\u00c1MARA')":{"('0006-S-2011', 0)":"Senado","('0006-S-2011', 1)":"Senado","('0006-S-2011', 2)":"Diputados"},"('Tramites', 'MOVIMIENTO')":{"('0006-S-2011', 0)":"MOCION SOBRE TABLAS (AFIRMATIVA)","('0006-S-2011', 1)":"CONSIDERACION Y APROBACION","('0006-S-2011', 2)":"PASA A DIPUTADOS -"},"('Tramites', 'FECHA')":{"('0006-S-2011', 0)":"16\/03\/2011","('0006-S-2011', 1)":"16\/03\/2011","('0006-S-2011', 2)":null},"('Tramites', 'RESULTADO')":{"('0006-S-2011', 0)":null,"('0006-S-2011', 1)":"MEDIA SANCION","('0006-S-2011', 2)":null},"Link":{"('0006-S-2011', 0)":"https:\/\/www4.hcdn.gob.ar\/dependencias\/dsecretaria\/Periodo2011\/PDF2011\/TP2011\/0006-S-11.pdf","('0006-S-2011', 1)":null,"('0006-S-2011', 2)":null},"Palabra Clave":{"('0006-S-2011', 0)":" ","('0006-S-2011', 1)":null,"('0006-S-2011', 2)":null}}