{"Tipo de Proyecto":{"('0008-JGM-2011', 0)":"MENSAJE NRO: 0198\/11","('0008-JGM-2011', 1)":null},"Iniciado en: ":{"('0008-JGM-2011', 0)":"Diputados","('0008-JGM-2011', 1)":null},"Expediente Diputados: ":{"('0008-JGM-2011', 0)":"0008-JGM-2011","('0008-JGM-2011', 1)":null},"Publicado en: ":{"('0008-JGM-2011', 0)":"Tr\u00e1mite Parlamentario N\u00b0 41","('0008-JGM-2011', 1)":null},"Fecha: ":{"('0008-JGM-2011', 0)":"04\/05\/2011","('0008-JGM-2011', 1)":null},"T\u00edtulo":{"('0008-JGM-2011', 0)":"COMUNICACION DEL DECRETO DE NECESIDAD Y URGENCIA 446\/2011, POR EL CUAL SE MODIFICA LA LEY 24714, REGIMEN DE ASIGNACIONES FAMILIARES, EN LO REFERENTE A LA ASIGNACION POR EMBARAZO PARA PROTECCION SOCIAL.","('0008-JGM-2011', 1)":null},"('Firmantes', 'FIRMANTE')":{"('0008-JGM-2011', 0)":"FERNANDEZ, ANIBAL","('0008-JGM-2011', 1)":"TOMADA, CARLOS"},"('Firmantes', 'DISTRITO')":{"('0008-JGM-2011', 0)":null,"('0008-JGM-2011', 1)":null},"('Firmantes', 'BLOQUE')":{"('0008-JGM-2011', 0)":"PODER EJECUTIVO","('0008-JGM-2011', 1)":"PODER EJECUTIVO"},"('Giros', 'COMISI\u00d3N')":{"('0008-JGM-2011', 0)":"BICAMERAL PERMANENTE DE TRAMITE LEGISLATIVO - LEY 26122","('0008-JGM-2011', 1)":null},"('Tramites', 'C\u00c1MARA')":{"('0008-JGM-2011', 0)":"Diputados","('0008-JGM-2011', 1)":null},"('Tramites', 'MOVIMIENTO')":{"('0008-JGM-2011', 0)":"CONSIDERACION Y APROBACION","('0008-JGM-2011', 1)":null},"('Tramites', 'FECHA')":{"('0008-JGM-2011', 0)":"11\/09\/2013","('0008-JGM-2011', 1)":null},"('Tramites', 'RESULTADO')":{"('0008-JGM-2011', 0)":"APROBADO","('0008-JGM-2011', 1)":null},"Link":{"('0008-JGM-2011', 0)":"https:\/\/www4.hcdn.gob.ar\/dependencias\/dsecretaria\/Periodo2011\/PDF2011\/TP2011\/0008-JGM-11.pdf","('0008-JGM-2011', 1)":null},"Palabra Clave":{"('0008-JGM-2011', 0)":" ","('0008-JGM-2011', 1)":null}}