{"Tipo de Proyecto":{"('0008-D-2011', 0)":"PROYECTO DE LEY","('0008-D-2011', 1)":null},"Iniciado en: ":{"('0008-D-2011', 0)":"Diputados","('0008-D-2011', 1)":null},"Expediente Diputados: ":{"('0008-D-2011', 0)":"0008-D-2011","('0008-D-2011', 1)":null},"Publicado en: ":{"('0008-D-2011', 0)":"Tr\u00e1mite Parlamentario N\u00b0 1","('0008-D-2011', 1)":null},"Fecha: ":{"('0008-D-2011', 0)":"01\/03\/2011","('0008-D-2011', 1)":null},"T\u00edtulo":{"('0008-D-2011', 0)":"REGIMEN DE INICIATIVA POPULAR: REGLAMENTACION DEL ARTICULO 39 DE LA CONSTITUCION NACIONAL; DEROGACION DE LA LEY 24747. ","('0008-D-2011', 1)":null},"('Firmantes', 'FIRMANTE')":{"('0008-D-2011', 0)":"BERTOL, PAULA MARIA","('0008-D-2011', 1)":"PINEDO, FEDERICO"},"('Firmantes', 'DISTRITO')":{"('0008-D-2011', 0)":"CIUDAD de BUENOS AIRES","('0008-D-2011', 1)":"CIUDAD de BUENOS AIRES"},"('Firmantes', 'BLOQUE')":{"('0008-D-2011', 0)":"PRO","('0008-D-2011', 1)":"PRO"},"('Giros', 'COMISI\u00d3N')":{"('0008-D-2011', 0)":"ASUNTOS CONSTITUCIONALES","('0008-D-2011', 1)":"PRESUPUESTO Y HACIENDA"},"('Tramites', 'C\u00c1MARA')":{"('0008-D-2011', 0)":"Diputados","('0008-D-2011', 1)":null},"('Tramites', 'MOVIMIENTO')":{"('0008-D-2011', 0)":"REPRODUCIDO POR EXPEDIENTE 0174-D-2013","('0008-D-2011', 1)":null},"('Tramites', 'FECHA')":{"('0008-D-2011', 0)":null,"('0008-D-2011', 1)":null},"('Tramites', 'RESULTADO')":{"('0008-D-2011', 0)":null,"('0008-D-2011', 1)":null},"Link":{"('0008-D-2011', 0)":"https:\/\/www.hcdn.gob.ar\/proyectos\/textoCompleto.jsp?exp=0008-D-2011&tipo=LEY","('0008-D-2011', 1)":null},"Palabra Clave":{"('0008-D-2011', 0)":" ","('0008-D-2011', 1)":null}}