{"Tipo de Proyecto":{"('0008-S-2011', 0)":"PROYECTO DE LEY"},"Iniciado en: ":{"('0008-S-2011', 0)":"Senado"},"Expediente Senado: ":{"('0008-S-2011', 0)":"0008-S-2011"},"Publicado en: ":{"('0008-S-2011', 0)":"Diario de Asuntos Entrados N\u00b0 1"},"Fecha: ":{"('0008-S-2011', 0)":"02\/03\/2011"},"T\u00edtulo":{"('0008-S-2011', 0)":"MODIFICACION DE LA LEY 25761, ESTABLECIENDO PLAZOS Y CONDICIONES PARA EL DESGUACE DE VEHICULOS (REPRODUCCION DEL EXPEDIENTE 1983-S-09)."},"('Firmantes', 'FIRMANTE')":{"('0008-S-2011', 0)":"LORES, HORACIO"},"('Firmantes', 'DISTRITO')":{"('0008-S-2011', 0)":"NEUQUEN"},"('Firmantes', 'BLOQUE')":{"('0008-S-2011', 0)":"MOV POP NEUQUINO"},"Sumario":{"('0008-S-2011', 0)":"INCORPORACION DE UN PARRAFO AL ARTICULO 11; MODIFICACION DEL ARTICULO 7 DEL DECRETO 774\/2004; SANCIONES: REGIMEN DE MULTAS."},"Palabra Clave":{"('0008-S-2011', 0)":" "}}