{"Tipo de Proyecto":{"('0008-PE-2011', 0)":"MENSAJE NRO: 1643\/11 Y PROYECTO DE LEY","('0008-PE-2011', 1)":null,"('0008-PE-2011', 2)":null,"('0008-PE-2011', 3)":null,"('0008-PE-2011', 4)":null,"('0008-PE-2011', 5)":null,"('0008-PE-2011', 6)":null},"Iniciado en: ":{"('0008-PE-2011', 0)":"Diputados","('0008-PE-2011', 1)":null,"('0008-PE-2011', 2)":null,"('0008-PE-2011', 3)":null,"('0008-PE-2011', 4)":null,"('0008-PE-2011', 5)":null,"('0008-PE-2011', 6)":null},"Expediente Diputados: ":{"('0008-PE-2011', 0)":"0008-PE-2011","('0008-PE-2011', 1)":null,"('0008-PE-2011', 2)":null,"('0008-PE-2011', 3)":null,"('0008-PE-2011', 4)":null,"('0008-PE-2011', 5)":null,"('0008-PE-2011', 6)":null},"Expediente Senado: ":{"('0008-PE-2011', 0)":"0087-CD-2011","('0008-PE-2011', 1)":null,"('0008-PE-2011', 2)":null,"('0008-PE-2011', 3)":null,"('0008-PE-2011', 4)":null,"('0008-PE-2011', 5)":null,"('0008-PE-2011', 6)":null},"Publicado en: ":{"('0008-PE-2011', 0)":"Tr\u00e1mite Parlamentario N\u00b0 153","('0008-PE-2011', 1)":null,"('0008-PE-2011', 2)":null,"('0008-PE-2011', 3)":null,"('0008-PE-2011', 4)":null,"('0008-PE-2011', 5)":null,"('0008-PE-2011', 6)":null},"Fecha: ":{"('0008-PE-2011', 0)":"14\/10\/2011","('0008-PE-2011', 1)":null,"('0008-PE-2011', 2)":null,"('0008-PE-2011', 3)":null,"('0008-PE-2011', 4)":null,"('0008-PE-2011', 5)":null,"('0008-PE-2011', 6)":null},"T\u00edtulo":{"('0008-PE-2011', 0)":"MODIFICACION DEL CODIGO PENAL SOBRE PREVENCION, INVESTIGACION Y SANCION DE ACTIVIDADES DELICTIVAS CON FINALIDAD TERRORISTA.","('0008-PE-2011', 1)":null,"('0008-PE-2011', 2)":null,"('0008-PE-2011', 3)":null,"('0008-PE-2011', 4)":null,"('0008-PE-2011', 5)":null,"('0008-PE-2011', 6)":null},"('Firmantes', 'FIRMANTE')":{"('0008-PE-2011', 0)":"FERNANDEZ DE KIRCHNER, CRISTINA","('0008-PE-2011', 1)":"FERNANDEZ, ANIBAL","('0008-PE-2011', 2)":"ALAK, JULIO","('0008-PE-2011', 3)":null,"('0008-PE-2011', 4)":null,"('0008-PE-2011', 5)":null,"('0008-PE-2011', 6)":null},"('Firmantes', 'DISTRITO')":{"('0008-PE-2011', 0)":null,"('0008-PE-2011', 1)":null,"('0008-PE-2011', 2)":null,"('0008-PE-2011', 3)":null,"('0008-PE-2011', 4)":null,"('0008-PE-2011', 5)":null,"('0008-PE-2011', 6)":null},"('Firmantes', 'BLOQUE')":{"('0008-PE-2011', 0)":"PODER EJECUTIVO","('0008-PE-2011', 1)":"PODER EJECUTIVO","('0008-PE-2011', 2)":"PODER EJECUTIVO","('0008-PE-2011', 3)":null,"('0008-PE-2011', 4)":null,"('0008-PE-2011', 5)":null,"('0008-PE-2011', 6)":null},"('Giros', 'COMISI\u00d3N')":{"('0008-PE-2011', 0)":"LEGISLACION PENAL","('0008-PE-2011', 1)":"FINANZAS","('0008-PE-2011', 2)":null,"('0008-PE-2011', 3)":null,"('0008-PE-2011', 4)":null,"('0008-PE-2011', 5)":null,"('0008-PE-2011', 6)":null},"('Tramites', 'C\u00c1MARA')":{"('0008-PE-2011', 0)":"Diputados","('0008-PE-2011', 1)":"Diputados","('0008-PE-2011', 2)":"Diputados","('0008-PE-2011', 3)":"Senado","('0008-PE-2011', 4)":"Senado","('0008-PE-2011', 5)":"Senado","('0008-PE-2011', 6)":"Senado"},"('Tramites', 'MOVIMIENTO')":{"('0008-PE-2011', 0)":"CITACION SESION ESPECIAL","('0008-PE-2011', 1)":"CONSIDERACION Y APROBACION CON MODIFICACIONES","('0008-PE-2011', 2)":"INSERCION DE LOS DIPUTADOS BIANCHI, CARLOTTO, PUIGGROS Y RODRIGUEZ","('0008-PE-2011', 3)":"PASA A SENADO -","('0008-PE-2011', 4)":"MOCION SOBRE TABLAS (AFIRMATIVA)","('0008-PE-2011', 5)":"CONSIDERACION Y SANCION","('0008-PE-2011', 6)":"INSERCIONES DE LOS SENADORES RIOFRIO, MARINO Y CANO"},"('Tramites', 'FECHA')":{"('0008-PE-2011', 0)":"15\/12\/2011","('0008-PE-2011', 1)":"15\/12\/2011","('0008-PE-2011', 2)":"15\/12\/2011","('0008-PE-2011', 3)":null,"('0008-PE-2011', 4)":"21\/12\/2011","('0008-PE-2011', 5)":"21\/12\/2011","('0008-PE-2011', 6)":"21\/12\/2011"},"('Tramites', 'RESULTADO')":{"('0008-PE-2011', 0)":null,"('0008-PE-2011', 1)":"MEDIA SANCION","('0008-PE-2011', 2)":null,"('0008-PE-2011', 3)":null,"('0008-PE-2011', 4)":null,"('0008-PE-2011', 5)":"SANCIONADO","('0008-PE-2011', 6)":null},"Sumario":{"('0008-PE-2011', 0)":"DEROGACION DE LOS ARTICULOS 213 TER Y 213 QUATER; INCORPORACION DEL ARTICULO 41 QUINQUIES (AGRAVANTES); RENUMERACION DE LOS ARTICULOS 306, 307 Y 308 COMO 307, 308 Y 309; INCORPORACION DEL ARTICULO 306 (TIPIFICACION); APLICACION; FACULTADES DE LA UNIDAD DE INFORMACION FINANCIERA (UIF).","('0008-PE-2011', 1)":null,"('0008-PE-2011', 2)":null,"('0008-PE-2011', 3)":null,"('0008-PE-2011', 4)":null,"('0008-PE-2011', 5)":null,"('0008-PE-2011', 6)":null},"Palabra Clave":{"('0008-PE-2011', 0)":" ","('0008-PE-2011', 1)":null,"('0008-PE-2011', 2)":null,"('0008-PE-2011', 3)":null,"('0008-PE-2011', 4)":null,"('0008-PE-2011', 5)":null,"('0008-PE-2011', 6)":null}}