{"Tipo de Proyecto":{"('0009-PE-2011', 0)":"MENSAJE NRO: 1644\/11 Y PROYECTO DE LEY","('0009-PE-2011', 1)":null,"('0009-PE-2011', 2)":null,"('0009-PE-2011', 3)":null,"('0009-PE-2011', 4)":null,"('0009-PE-2011', 5)":null},"Iniciado en: ":{"('0009-PE-2011', 0)":"Diputados","('0009-PE-2011', 1)":null,"('0009-PE-2011', 2)":null,"('0009-PE-2011', 3)":null,"('0009-PE-2011', 4)":null,"('0009-PE-2011', 5)":null},"Expediente Diputados: ":{"('0009-PE-2011', 0)":"0009-PE-2011","('0009-PE-2011', 1)":null,"('0009-PE-2011', 2)":null,"('0009-PE-2011', 3)":null,"('0009-PE-2011', 4)":null,"('0009-PE-2011', 5)":null},"Expediente Senado: ":{"('0009-PE-2011', 0)":"0088-CD-2011","('0009-PE-2011', 1)":null,"('0009-PE-2011', 2)":null,"('0009-PE-2011', 3)":null,"('0009-PE-2011', 4)":null,"('0009-PE-2011', 5)":null},"Publicado en: ":{"('0009-PE-2011', 0)":"Tr\u00e1mite Parlamentario N\u00b0 153","('0009-PE-2011', 1)":null,"('0009-PE-2011', 2)":null,"('0009-PE-2011', 3)":null,"('0009-PE-2011', 4)":null,"('0009-PE-2011', 5)":null},"Fecha: ":{"('0009-PE-2011', 0)":"14\/10\/2011","('0009-PE-2011', 1)":null,"('0009-PE-2011', 2)":null,"('0009-PE-2011', 3)":null,"('0009-PE-2011', 4)":null,"('0009-PE-2011', 5)":null},"T\u00edtulo":{"('0009-PE-2011', 0)":"MODIFICACION DEL CODIGO PENAL, INCORPORANDO COMO DELITOS JUNTO AL LAVADO DE DINERO, AQUELLAS CONDUCTAS QUE AFECTEN EL ORDEN ECONOMICO Y FINANCIERO. ","('0009-PE-2011', 1)":null,"('0009-PE-2011', 2)":null,"('0009-PE-2011', 3)":null,"('0009-PE-2011', 4)":null,"('0009-PE-2011', 5)":null},"('Firmantes', 'FIRMANTE')":{"('0009-PE-2011', 0)":"FERNANDEZ DE KIRCHNER, CRISTINA","('0009-PE-2011', 1)":"FERNANDEZ, ANIBAL","('0009-PE-2011', 2)":"ALAK, JULIO","('0009-PE-2011', 3)":null,"('0009-PE-2011', 4)":null,"('0009-PE-2011', 5)":null},"('Firmantes', 'DISTRITO')":{"('0009-PE-2011', 0)":null,"('0009-PE-2011', 1)":null,"('0009-PE-2011', 2)":null,"('0009-PE-2011', 3)":null,"('0009-PE-2011', 4)":null,"('0009-PE-2011', 5)":null},"('Firmantes', 'BLOQUE')":{"('0009-PE-2011', 0)":"PODER EJECUTIVO","('0009-PE-2011', 1)":"PODER EJECUTIVO","('0009-PE-2011', 2)":"PODER EJECUTIVO","('0009-PE-2011', 3)":null,"('0009-PE-2011', 4)":null,"('0009-PE-2011', 5)":null},"('Giros', 'COMISI\u00d3N')":{"('0009-PE-2011', 0)":"LEGISLACION PENAL","('0009-PE-2011', 1)":"FINANZAS","('0009-PE-2011', 2)":null,"('0009-PE-2011', 3)":null,"('0009-PE-2011', 4)":null,"('0009-PE-2011', 5)":null},"('Tramites', 'C\u00c1MARA')":{"('0009-PE-2011', 0)":"Diputados","('0009-PE-2011', 1)":"Diputados","('0009-PE-2011', 2)":"Senado","('0009-PE-2011', 3)":"Senado","('0009-PE-2011', 4)":"Senado","('0009-PE-2011', 5)":"Senado"},"('Tramites', 'MOVIMIENTO')":{"('0009-PE-2011', 0)":"CITACION SESION ESPECIAL","('0009-PE-2011', 1)":"CONSIDERACION Y APROBACION CON MODIFICACIONES","('0009-PE-2011', 2)":"PASA A SENADO -","('0009-PE-2011', 3)":"MOCION SOBRE TABLAS (AFIRMATIVA)","('0009-PE-2011', 4)":"CONSIDERACION Y SANCION","('0009-PE-2011', 5)":"INSERCIONES DE LOS SENADORES RIOFRIO, MARINO Y CANO"},"('Tramites', 'FECHA')":{"('0009-PE-2011', 0)":"15\/12\/2011","('0009-PE-2011', 1)":"15\/12\/2011","('0009-PE-2011', 2)":null,"('0009-PE-2011', 3)":"21\/12\/2011","('0009-PE-2011', 4)":"21\/12\/2011","('0009-PE-2011', 5)":"21\/12\/2011"},"('Tramites', 'RESULTADO')":{"('0009-PE-2011', 0)":null,"('0009-PE-2011', 1)":"MEDIA SANCION","('0009-PE-2011', 2)":null,"('0009-PE-2011', 3)":null,"('0009-PE-2011', 4)":"SANCIONADO","('0009-PE-2011', 5)":null},"Sumario":{"('0009-PE-2011', 0)":"INCORPORACION DE LOS ARTICULOS 306 (DELITO DE ABUSO DE INFORMACION PRIVILEGIADA),  307, 308 (MANIPULACION DE VALORES NEGOCIABLES), 309 (INTERMEDIACION FINANCIERA REALIZADA FUERA DEL SISTEMA REGULATORIO), 310, 311, 312; RENUMERACION DE LOS ARTICULOS 306, 307, 308 COMO ARTICULOS 313, 314 Y 315.","('0009-PE-2011', 1)":null,"('0009-PE-2011', 2)":null,"('0009-PE-2011', 3)":null,"('0009-PE-2011', 4)":null,"('0009-PE-2011', 5)":null},"Palabra Clave":{"('0009-PE-2011', 0)":" ","('0009-PE-2011', 1)":null,"('0009-PE-2011', 2)":null,"('0009-PE-2011', 3)":null,"('0009-PE-2011', 4)":null,"('0009-PE-2011', 5)":null}}