{"Tipo de Proyecto":{"('0010-S-2011', 0)":"PROYECTO DE LEY"},"Iniciado en: ":{"('0010-S-2011', 0)":"Senado"},"Expediente Senado: ":{"('0010-S-2011', 0)":"0010-S-2011"},"Publicado en: ":{"('0010-S-2011', 0)":"Diario de Asuntos Entrados N\u00b0 1"},"Fecha: ":{"('0010-S-2011', 0)":"02\/03\/2011"},"T\u00edtulo":{"('0010-S-2011', 0)":"PROGRAMA DE PROPIEDAD PARTICIPADA DE LOS EX AGENTES DE GAS DEL ESTADO (REPRODUCCION DEL EXPEDIENTE 1801-S-08) (REPRODUCCION DEL EXPEDIENTE 3451-S-09)."},"('Firmantes', 'FIRMANTE')":{"('0010-S-2011', 0)":"LORES, HORACIO"},"('Firmantes', 'DISTRITO')":{"('0010-S-2011', 0)":"NEUQUEN"},"('Firmantes', 'BLOQUE')":{"('0010-S-2011', 0)":"MOV POP NEUQUINO"},"('Tramites', 'C\u00c1MARA')":{"('0010-S-2011', 0)":"Senado"},"('Tramites', 'MOVIMIENTO')":{"('0010-S-2011', 0)":"MOCION DE PREFERENCIA PARA LA PROXIMA SESION O SUBSIGUIENTES CON DICTAMEN (AFIRMATIVA)"},"('Tramites', 'FECHA')":{"('0010-S-2011', 0)":"02\/11\/2011"},"('Tramites', 'RESULTADO')":{"('0010-S-2011', 0)":null},"Link":{"('0010-S-2011', 0)":"http:\/\/www.senado.gov.ar\/parlamentario\/comisiones\/verExp\/10.11\/S\/PL"},"Palabra Clave":{"('0010-S-2011', 0)":" "}}