{"Tipo de Proyecto":{"('0010-JGM-2011', 0)":"MENSAJE NRO: 0293\/11","('0010-JGM-2011', 1)":null},"Iniciado en: ":{"('0010-JGM-2011', 0)":"Diputados","('0010-JGM-2011', 1)":null},"Expediente Diputados: ":{"('0010-JGM-2011', 0)":"0010-JGM-2011","('0010-JGM-2011', 1)":null},"Publicado en: ":{"('0010-JGM-2011', 0)":"Tr\u00e1mite Parlamentario N\u00b0 52","('0010-JGM-2011', 1)":null},"Fecha: ":{"('0010-JGM-2011', 0)":"19\/05\/2011","('0010-JGM-2011', 1)":null},"T\u00edtulo":{"('0010-JGM-2011', 0)":"COMUNICACION DEL DECRETO DE NECESIDAD Y URGENCIA 521\/2011 POR EL CUAL SE TRASLADA CON CARACTER EXCEPCIONAL EL FERIADO NACIONAL ESTABLECIDO PARA EL DIA 17 DE AGOSTO DE 2011 AL DIA 22 DE AGOSTO DE 2011.","('0010-JGM-2011', 1)":null},"('Firmantes', 'FIRMANTE')":{"('0010-JGM-2011', 0)":"FERNANDEZ, ANIBAL","('0010-JGM-2011', 1)":"RANDAZZO, FLORENCIO"},"('Firmantes', 'DISTRITO')":{"('0010-JGM-2011', 0)":null,"('0010-JGM-2011', 1)":null},"('Firmantes', 'BLOQUE')":{"('0010-JGM-2011', 0)":"PODER EJECUTIVO","('0010-JGM-2011', 1)":"PODER EJECUTIVO"},"('Giros', 'COMISI\u00d3N')":{"('0010-JGM-2011', 0)":"BICAMERAL PERMANENTE DE TRAMITE LEGISLATIVO - LEY 26122","('0010-JGM-2011', 1)":null},"('Tramites', 'C\u00c1MARA')":{"('0010-JGM-2011', 0)":"Diputados","('0010-JGM-2011', 1)":"Diputados"},"('Tramites', 'MOVIMIENTO')":{"('0010-JGM-2011', 0)":"CITACION SESION ESPECIAL","('0010-JGM-2011', 1)":"CONSIDERACION Y APROBACION"},"('Tramites', 'FECHA')":{"('0010-JGM-2011', 0)":"12\/11\/2014","('0010-JGM-2011', 1)":"12\/11\/2014"},"('Tramites', 'RESULTADO')":{"('0010-JGM-2011', 0)":null,"('0010-JGM-2011', 1)":"APROBADO"},"Link":{"('0010-JGM-2011', 0)":"https:\/\/www4.hcdn.gob.ar\/dependencias\/dsecretaria\/Periodo2011\/PDF2011\/TP2011\/0010-JGM-11.pdf","('0010-JGM-2011', 1)":null},"Palabra Clave":{"('0010-JGM-2011', 0)":" ","('0010-JGM-2011', 1)":null}}