{"Tipo de Proyecto":{"('0011-D-2011', 0)":"PROYECTO DE LEY","('0011-D-2011', 1)":null,"('0011-D-2011', 2)":null},"Iniciado en: ":{"('0011-D-2011', 0)":"Diputados","('0011-D-2011', 1)":null,"('0011-D-2011', 2)":null},"Expediente Diputados: ":{"('0011-D-2011', 0)":"0011-D-2011","('0011-D-2011', 1)":null,"('0011-D-2011', 2)":null},"Publicado en: ":{"('0011-D-2011', 0)":"Tr\u00e1mite Parlamentario N\u00b0 1","('0011-D-2011', 1)":null,"('0011-D-2011', 2)":null},"Fecha: ":{"('0011-D-2011', 0)":"01\/03\/2011","('0011-D-2011', 1)":null,"('0011-D-2011', 2)":null},"T\u00edtulo":{"('0011-D-2011', 0)":"MODIFICACION DE LA LEY 11723 DE PROPIEDAD INTELECTUAL: MODIFICACION DE LOS ARTICULOS 57 Y 61 SOBRE OBRAS PUBLICADAS, SUSTITUCION DE LOS ARTICULOS 17 Y 18 DEL DECRETO 41233\/34 Y DEROGACION DEL DECRETO 3079\/57 \n","('0011-D-2011', 1)":null,"('0011-D-2011', 2)":null},"('Firmantes', 'FIRMANTE')":{"('0011-D-2011', 0)":"BERTOL, PAULA MARIA","('0011-D-2011', 1)":"BULLRICH, PATRICIA","('0011-D-2011', 2)":"FERRARI, GUSTAVO ALFREDO HORACIO"},"('Firmantes', 'DISTRITO')":{"('0011-D-2011', 0)":"CIUDAD de BUENOS AIRES","('0011-D-2011', 1)":"CIUDAD de BUENOS AIRES","('0011-D-2011', 2)":"BUENOS AIRES"},"('Firmantes', 'BLOQUE')":{"('0011-D-2011', 0)":"PRO","('0011-D-2011', 1)":"COALICION CIVICA","('0011-D-2011', 2)":"PERONISMO FEDERAL"},"('Giros', 'COMISI\u00d3N')":{"('0011-D-2011', 0)":"LEGISLACION GENERAL","('0011-D-2011', 1)":"CULTURA","('0011-D-2011', 2)":null},"('Tramites', 'C\u00c1MARA')":{"('0011-D-2011', 0)":"Diputados","('0011-D-2011', 1)":null,"('0011-D-2011', 2)":null},"('Tramites', 'MOVIMIENTO')":{"('0011-D-2011', 0)":"REPRODUCIDO POR EXPEDIENTE 0176-D-2013","('0011-D-2011', 1)":null,"('0011-D-2011', 2)":null},"('Tramites', 'FECHA')":{"('0011-D-2011', 0)":null,"('0011-D-2011', 1)":null,"('0011-D-2011', 2)":null},"('Tramites', 'RESULTADO')":{"('0011-D-2011', 0)":null,"('0011-D-2011', 1)":null,"('0011-D-2011', 2)":null},"Link":{"('0011-D-2011', 0)":"https:\/\/www.hcdn.gob.ar\/proyectos\/textoCompleto.jsp?exp=0011-D-2011&tipo=LEY","('0011-D-2011', 1)":null,"('0011-D-2011', 2)":null},"Palabra Clave":{"('0011-D-2011', 0)":" ","('0011-D-2011', 1)":null,"('0011-D-2011', 2)":null}}