{"Tipo de Proyecto":{"('0011-PE-2011', 0)":"MENSAJE NRO: 1862\/11 Y PROYECTO DE LEY","('0011-PE-2011', 1)":null,"('0011-PE-2011', 2)":null,"('0011-PE-2011', 3)":null,"('0011-PE-2011', 4)":null,"('0011-PE-2011', 5)":null,"('0011-PE-2011', 6)":null},"Iniciado en: ":{"('0011-PE-2011', 0)":"Diputados","('0011-PE-2011', 1)":null,"('0011-PE-2011', 2)":null,"('0011-PE-2011', 3)":null,"('0011-PE-2011', 4)":null,"('0011-PE-2011', 5)":null,"('0011-PE-2011', 6)":null},"Expediente Diputados: ":{"('0011-PE-2011', 0)":"0011-PE-2011","('0011-PE-2011', 1)":null,"('0011-PE-2011', 2)":null,"('0011-PE-2011', 3)":null,"('0011-PE-2011', 4)":null,"('0011-PE-2011', 5)":null,"('0011-PE-2011', 6)":null},"Expediente Senado: ":{"('0011-PE-2011', 0)":"0081-CD-2011","('0011-PE-2011', 1)":null,"('0011-PE-2011', 2)":null,"('0011-PE-2011', 3)":null,"('0011-PE-2011', 4)":null,"('0011-PE-2011', 5)":null,"('0011-PE-2011', 6)":null},"Publicado en: ":{"('0011-PE-2011', 0)":"Tr\u00e1mite Parlamentario N\u00b0 175","('0011-PE-2011', 1)":null,"('0011-PE-2011', 2)":null,"('0011-PE-2011', 3)":null,"('0011-PE-2011', 4)":null,"('0011-PE-2011', 5)":null,"('0011-PE-2011', 6)":null},"Fecha: ":{"('0011-PE-2011', 0)":"17\/11\/2011","('0011-PE-2011', 1)":null,"('0011-PE-2011', 2)":null,"('0011-PE-2011', 3)":null,"('0011-PE-2011', 4)":null,"('0011-PE-2011', 5)":null,"('0011-PE-2011', 6)":null},"T\u00edtulo":{"('0011-PE-2011', 0)":"PRORROGA HASTA EL 31 DE DICIEMBRE DE 2013 LA VIGENCIA DE LA LEY 26204 DE EMERGENCIA ECONOMICA, PRORROGADA POR LAS LEYES 26339, 26456 Y 26563.","('0011-PE-2011', 1)":null,"('0011-PE-2011', 2)":null,"('0011-PE-2011', 3)":null,"('0011-PE-2011', 4)":null,"('0011-PE-2011', 5)":null,"('0011-PE-2011', 6)":null},"('Firmantes', 'FIRMANTE')":{"('0011-PE-2011', 0)":"FERNANDEZ DE KIRCHNER, CRISTINA","('0011-PE-2011', 1)":"FERNANDEZ, ANIBAL","('0011-PE-2011', 2)":"BOUDOU, AMADO","('0011-PE-2011', 3)":null,"('0011-PE-2011', 4)":null,"('0011-PE-2011', 5)":null,"('0011-PE-2011', 6)":null},"('Firmantes', 'DISTRITO')":{"('0011-PE-2011', 0)":null,"('0011-PE-2011', 1)":null,"('0011-PE-2011', 2)":null,"('0011-PE-2011', 3)":null,"('0011-PE-2011', 4)":null,"('0011-PE-2011', 5)":null,"('0011-PE-2011', 6)":null},"('Firmantes', 'BLOQUE')":{"('0011-PE-2011', 0)":"PODER EJECUTIVO","('0011-PE-2011', 1)":"PODER EJECUTIVO","('0011-PE-2011', 2)":"PODER EJECUTIVO","('0011-PE-2011', 3)":null,"('0011-PE-2011', 4)":null,"('0011-PE-2011', 5)":null,"('0011-PE-2011', 6)":null},"('Giros', 'COMISI\u00d3N')":{"('0011-PE-2011', 0)":"PRESUPUESTO Y HACIENDA","('0011-PE-2011', 1)":null,"('0011-PE-2011', 2)":null,"('0011-PE-2011', 3)":null,"('0011-PE-2011', 4)":null,"('0011-PE-2011', 5)":null,"('0011-PE-2011', 6)":null},"('Tramites', 'C\u00c1MARA')":{"('0011-PE-2011', 0)":"Diputados","('0011-PE-2011', 1)":"Diputados","('0011-PE-2011', 2)":"Diputados","('0011-PE-2011', 3)":"Senado","('0011-PE-2011', 4)":"Senado","('0011-PE-2011', 5)":"Senado","('0011-PE-2011', 6)":"Senado"},"('Tramites', 'MOVIMIENTO')":{"('0011-PE-2011', 0)":"CITACION SESION ESPECIAL","('0011-PE-2011', 1)":"CONSIDERACION Y APROBACION","('0011-PE-2011', 2)":"INSERCIONES DE LOS DIPUTADOS DIAZ BANCALARI, GIUBERGIA Y PEREZ","('0011-PE-2011', 3)":"PASA A SENADO -","('0011-PE-2011', 4)":"MOCION SOBRE TABLAS (AFIRMATIVA)","('0011-PE-2011', 5)":"CONSIDERACION Y SANCION","('0011-PE-2011', 6)":"INSERCIONES DE LOS SENADORES CANO, CORRADI DE BELTRAN, PARRILLI, REUTEMANN Y ROMERO"},"('Tramites', 'FECHA')":{"('0011-PE-2011', 0)":"14\/12\/2011","('0011-PE-2011', 1)":"14\/12\/2011","('0011-PE-2011', 2)":"14\/12\/2011","('0011-PE-2011', 3)":null,"('0011-PE-2011', 4)":"21\/12\/2011","('0011-PE-2011', 5)":"21\/12\/2011","('0011-PE-2011', 6)":"21\/12\/2011"},"('Tramites', 'RESULTADO')":{"('0011-PE-2011', 0)":null,"('0011-PE-2011', 1)":"MEDIA SANCION","('0011-PE-2011', 2)":null,"('0011-PE-2011', 3)":null,"('0011-PE-2011', 4)":null,"('0011-PE-2011', 5)":"SANCIONADO","('0011-PE-2011', 6)":null},"Sumario":{"('0011-PE-2011', 0)":"VIGENCIA: A PARTIR DEL 1 DE ENERO DE 2012.","('0011-PE-2011', 1)":null,"('0011-PE-2011', 2)":null,"('0011-PE-2011', 3)":null,"('0011-PE-2011', 4)":null,"('0011-PE-2011', 5)":null,"('0011-PE-2011', 6)":null},"Palabra Clave":{"('0011-PE-2011', 0)":" ","('0011-PE-2011', 1)":null,"('0011-PE-2011', 2)":null,"('0011-PE-2011', 3)":null,"('0011-PE-2011', 4)":null,"('0011-PE-2011', 5)":null,"('0011-PE-2011', 6)":null}}