{"Tipo de Proyecto":{"('0012-JGM-2011', 0)":"MENSAJE NRO: 0324\/11","('0012-JGM-2011', 1)":null,"('0012-JGM-2011', 2)":null},"Iniciado en: ":{"('0012-JGM-2011', 0)":"Diputados","('0012-JGM-2011', 1)":null,"('0012-JGM-2011', 2)":null},"Expediente Diputados: ":{"('0012-JGM-2011', 0)":"0012-JGM-2011","('0012-JGM-2011', 1)":null,"('0012-JGM-2011', 2)":null},"Publicado en: ":{"('0012-JGM-2011', 0)":"Tr\u00e1mite Parlamentario N\u00b0 57","('0012-JGM-2011', 1)":null,"('0012-JGM-2011', 2)":null},"Fecha: ":{"('0012-JGM-2011', 0)":"27\/05\/2011","('0012-JGM-2011', 1)":null,"('0012-JGM-2011', 2)":null},"T\u00edtulo":{"('0012-JGM-2011', 0)":"COMUNICACION DEL DECRETO 672\/11 POR EL CUAL SE PROMULGA PARCIALMENTE EL PROYECTO DE LEY REGISTRADO BAJO EL NUMERO 26681, SOBRE CREACION DE UNA ADUANA EN EL DEPARTAMENTO DE LA BANDA, PROVINCIA DE SANTIAGO DEL ESTERO. ","('0012-JGM-2011', 1)":null,"('0012-JGM-2011', 2)":null},"('Firmantes', 'FIRMANTE')":{"('0012-JGM-2011', 0)":"FERNANDEZ, ANIBAL","('0012-JGM-2011', 1)":"BOUDOU, AMADO","('0012-JGM-2011', 2)":null},"('Firmantes', 'DISTRITO')":{"('0012-JGM-2011', 0)":null,"('0012-JGM-2011', 1)":null,"('0012-JGM-2011', 2)":null},"('Firmantes', 'BLOQUE')":{"('0012-JGM-2011', 0)":"PODER EJECUTIVO","('0012-JGM-2011', 1)":"PODER EJECUTIVO","('0012-JGM-2011', 2)":null},"('Giros', 'COMISI\u00d3N')":{"('0012-JGM-2011', 0)":"BICAMERAL PERMANENTE DE TRAMITE LEGISLATIVO - LEY 26122","('0012-JGM-2011', 1)":"ECONOMIA","('0012-JGM-2011', 2)":"PRESUPUESTO Y HACIENDA"},"('Tramites', 'C\u00c1MARA')":{"('0012-JGM-2011', 0)":"Diputados","('0012-JGM-2011', 1)":null,"('0012-JGM-2011', 2)":null},"('Tramites', 'MOVIMIENTO')":{"('0012-JGM-2011', 0)":"CONSIDERACION Y APROBACION","('0012-JGM-2011', 1)":null,"('0012-JGM-2011', 2)":null},"('Tramites', 'FECHA')":{"('0012-JGM-2011', 0)":"24\/10\/2012","('0012-JGM-2011', 1)":null,"('0012-JGM-2011', 2)":null},"('Tramites', 'RESULTADO')":{"('0012-JGM-2011', 0)":"APROBADO","('0012-JGM-2011', 1)":null,"('0012-JGM-2011', 2)":null},"Link":{"('0012-JGM-2011', 0)":"https:\/\/www4.hcdn.gob.ar\/dependencias\/dsecretaria\/Periodo2011\/PDF2011\/TP2011\/0012-JGM-11.pdf","('0012-JGM-2011', 1)":null,"('0012-JGM-2011', 2)":null},"Palabra Clave":{"('0012-JGM-2011', 0)":" ","('0012-JGM-2011', 1)":null,"('0012-JGM-2011', 2)":null}}