{"Tipo de Proyecto":{"('0013-JGM-2011', 0)":"MENSAJE NRO: 0449\/11","('0013-JGM-2011', 1)":null,"('0013-JGM-2011', 2)":null},"Iniciado en: ":{"('0013-JGM-2011', 0)":"Diputados","('0013-JGM-2011', 1)":null,"('0013-JGM-2011', 2)":null},"Expediente Diputados: ":{"('0013-JGM-2011', 0)":"0013-JGM-2011","('0013-JGM-2011', 1)":null,"('0013-JGM-2011', 2)":null},"Publicado en: ":{"('0013-JGM-2011', 0)":"Tr\u00e1mite Parlamentario N\u00b0 73","('0013-JGM-2011', 1)":null,"('0013-JGM-2011', 2)":null},"Fecha: ":{"('0013-JGM-2011', 0)":"21\/06\/2011","('0013-JGM-2011', 1)":null,"('0013-JGM-2011', 2)":null},"T\u00edtulo":{"('0013-JGM-2011', 0)":"COMUNICACION DEL DECRETO 825\/11 POR EL CUAL SE PROMULGA PARCIALMENTE EL PROYECTO DE LEY REGISTRADO BAJO EL NUMERO 26683, DE MODIFICACION DEL CODIGO PENAL RESPECTO DEL DELITO DE LAVADO DE ACTIVOS.","('0013-JGM-2011', 1)":null,"('0013-JGM-2011', 2)":null},"('Firmantes', 'FIRMANTE')":{"('0013-JGM-2011', 0)":"FERNANDEZ, ANIBAL","('0013-JGM-2011', 1)":"ALAK, JULIO","('0013-JGM-2011', 2)":null},"('Firmantes', 'DISTRITO')":{"('0013-JGM-2011', 0)":null,"('0013-JGM-2011', 1)":null,"('0013-JGM-2011', 2)":null},"('Firmantes', 'BLOQUE')":{"('0013-JGM-2011', 0)":"PODER EJECUTIVO","('0013-JGM-2011', 1)":"PODER EJECUTIVO","('0013-JGM-2011', 2)":null},"('Giros', 'COMISI\u00d3N')":{"('0013-JGM-2011', 0)":"BICAMERAL PERMANENTE DE TRAMITE LEGISLATIVO - LEY 26122","('0013-JGM-2011', 1)":"LEGISLACION PENAL","('0013-JGM-2011', 2)":"FINANZAS"},"('Tramites', 'C\u00c1MARA')":{"('0013-JGM-2011', 0)":"Diputados","('0013-JGM-2011', 1)":null,"('0013-JGM-2011', 2)":null},"('Tramites', 'MOVIMIENTO')":{"('0013-JGM-2011', 0)":"CONSIDERACION Y APROBACION","('0013-JGM-2011', 1)":null,"('0013-JGM-2011', 2)":null},"('Tramites', 'FECHA')":{"('0013-JGM-2011', 0)":"24\/10\/2012","('0013-JGM-2011', 1)":null,"('0013-JGM-2011', 2)":null},"('Tramites', 'RESULTADO')":{"('0013-JGM-2011', 0)":"APROBADO","('0013-JGM-2011', 1)":null,"('0013-JGM-2011', 2)":null},"Link":{"('0013-JGM-2011', 0)":"https:\/\/www4.hcdn.gob.ar\/dependencias\/dsecretaria\/Periodo2011\/PDF2011\/TP2011\/0013-JGM-11.pdf","('0013-JGM-2011', 1)":null,"('0013-JGM-2011', 2)":null},"Palabra Clave":{"('0013-JGM-2011', 0)":" ","('0013-JGM-2011', 1)":null,"('0013-JGM-2011', 2)":null}}