{"Tipo de Proyecto":{"('0013-S-2011', 0)":"PROYECTO DE LEY"},"Iniciado en: ":{"('0013-S-2011', 0)":"Senado"},"Expediente Senado: ":{"('0013-S-2011', 0)":"0013-S-2011"},"Publicado en: ":{"('0013-S-2011', 0)":"Diario de Asuntos Entrados N\u00b0 1"},"Fecha: ":{"('0013-S-2011', 0)":"02\/03\/2011"},"T\u00edtulo":{"('0013-S-2011', 0)":"INSTITUIR COMO DIA DEL PADRE, AL 24 DE AGOSTO DE CADA A\u00d1O, A CONMEMORARSE EL TERCER DOMINGO DE AGOSTO EN HOMENAJE A DON JOSE DE SAN MARTIN (REPRODUCCION DEL EXPEDIENTE 2303-S-09)."},"('Firmantes', 'FIRMANTE')":{"('0013-S-2011', 0)":"LORES, HORACIO"},"('Firmantes', 'DISTRITO')":{"('0013-S-2011', 0)":"NEUQUEN"},"('Firmantes', 'BLOQUE')":{"('0013-S-2011', 0)":"MOV POP NEUQUINO"},"Link":{"('0013-S-2011', 0)":"http:\/\/www.senado.gov.ar\/parlamentario\/comisiones\/verExp\/13.11\/S\/PL"},"Palabra Clave":{"('0013-S-2011', 0)":" "}}