{"Tipo de Proyecto":{"('0014-D-2011', 0)":"PROYECTO DE LEY","('0014-D-2011', 1)":null,"('0014-D-2011', 2)":null},"Iniciado en: ":{"('0014-D-2011', 0)":"Diputados","('0014-D-2011', 1)":null,"('0014-D-2011', 2)":null},"Expediente Diputados: ":{"('0014-D-2011', 0)":"0014-D-2011","('0014-D-2011', 1)":null,"('0014-D-2011', 2)":null},"Publicado en: ":{"('0014-D-2011', 0)":"Tr\u00e1mite Parlamentario N\u00b0 1","('0014-D-2011', 1)":null,"('0014-D-2011', 2)":null},"Fecha: ":{"('0014-D-2011', 0)":"01\/03\/2011","('0014-D-2011', 1)":null,"('0014-D-2011', 2)":null},"T\u00edtulo":{"('0014-D-2011', 0)":"TARIFAS DE ENERGIA ELECTRICA Y GAS NATURAL: DEROGACION DEL DECRETO 2067\/08, DE LA RESOLUCION 1451\/08 DEL MINISTERIO DE PLANIFICACION FEDERAL, INVERSION PUBLICA Y SERVICIOS Y LA RESOLUCION 536\/08 DEL ENTE NACIONAL REGULADOR DEL GAS -ENARGAS-.","('0014-D-2011', 1)":null,"('0014-D-2011', 2)":null},"('Firmantes', 'FIRMANTE')":{"('0014-D-2011', 0)":"GIUDICI, SILVANA MYRIAM","('0014-D-2011', 1)":"CUSINATO, GUSTAVO","('0014-D-2011', 2)":"GIUBERGIA, MIGUEL ANGEL"},"('Firmantes', 'DISTRITO')":{"('0014-D-2011', 0)":"CIUDAD de BUENOS AIRES","('0014-D-2011', 1)":"ENTRE RIOS","('0014-D-2011', 2)":"JUJUY"},"('Firmantes', 'BLOQUE')":{"('0014-D-2011', 0)":"UCR","('0014-D-2011', 1)":"UCR","('0014-D-2011', 2)":"UCR"},"('Giros', 'COMISI\u00d3N')":{"('0014-D-2011', 0)":"ENERGIA Y COMBUSTIBLES","('0014-D-2011', 1)":"DEFENSA DEL CONSUMIDOR, DEL USUARIO Y DE LA COMPETENCIA","('0014-D-2011', 2)":"PRESUPUESTO Y HACIENDA"},"Link":{"('0014-D-2011', 0)":"https:\/\/www.hcdn.gob.ar\/proyectos\/textoCompleto.jsp?exp=0014-D-2011&tipo=LEY","('0014-D-2011', 1)":null,"('0014-D-2011', 2)":null},"Palabra Clave":{"('0014-D-2011', 0)":" ","('0014-D-2011', 1)":null,"('0014-D-2011', 2)":null}}