{"Tipo de Proyecto":{"('0014-OV-2011', 0)":"PROYECTO DE RESOLUCI\u00d3N"},"Iniciado en: ":{"('0014-OV-2011', 0)":"Senado"},"Expediente Senado: ":{"('0014-OV-2011', 0)":"0014-OV-2011"},"Fecha: ":{"('0014-OV-2011', 0)":"24\/04\/2012"},"T\u00edtulo":{"('0014-OV-2011', 0)":"PEDIDO DE INFORMES AL PODER EJECUTIVO SOBRE LAS MEDIDAS ADOPTADAS PARA REGULARIZAR LAS OBSERVACIONES FORMULADAS POR LA AUDITORIA GENERAL DE LA NACION, RESOLUCIONES 28\/11 Y 29\/11; RESPECTO A LOS ESTADOS CONTABLES AL 31\/12\/08 Y MEMORANDO DE CONTROL INTERNO EJERCICIOS 2006, 2007 Y 2008, CORRESPONDIENTES A LA CAJA COMPLEMENTARIA DE PREVISION PARA LA ACTIVIDAD DOCENTE."},"('Firmantes', 'FIRMANTE')":{"('0014-OV-2011', 0)":"PARLAMENTARIA MIXTA REVISORA DE CUENTAS"},"('Firmantes', 'DISTRITO')":{"('0014-OV-2011', 0)":null},"('Firmantes', 'BLOQUE')":{"('0014-OV-2011', 0)":null},"('Tramites', 'C\u00c1MARA')":{"('0014-OV-2011', 0)":"Senado"},"('Tramites', 'MOVIMIENTO')":{"('0014-OV-2011', 0)":"CONSIDERACION Y APROBACION"},"('Tramites', 'FECHA')":{"('0014-OV-2011', 0)":"11\/07\/2012"},"('Tramites', 'RESULTADO')":{"('0014-OV-2011', 0)":"APROBADO"},"Link":{"('0014-OV-2011', 0)":"http:\/\/www.senado.gov.ar\/parlamentario\/comisiones\/verExp\/14.11\/OV\/PR"},"Palabra Clave":{"('0014-OV-2011', 0)":" "}}