{"Tipo de Proyecto":{"('0014-S-2011', 0)":"PROYECTO DE LEY","('0014-S-2011', 1)":null,"('0014-S-2011', 2)":null},"Iniciado en: ":{"('0014-S-2011', 0)":"Senado","('0014-S-2011', 1)":null,"('0014-S-2011', 2)":null},"Expediente Diputados: ":{"('0014-S-2011', 0)":"0014-S-2011","('0014-S-2011', 1)":null,"('0014-S-2011', 2)":null},"Expediente Senado: ":{"('0014-S-2011', 0)":"0104-S-2011","('0014-S-2011', 1)":null,"('0014-S-2011', 2)":null},"Publicado en: ":{"('0014-S-2011', 0)":"Diario de Asuntos Entrados N\u00b0 6","('0014-S-2011', 1)":null,"('0014-S-2011', 2)":null},"Fecha: ":{"('0014-S-2011', 0)":"03\/03\/2011","('0014-S-2011', 1)":null,"('0014-S-2011', 2)":null},"T\u00edtulo":{"('0014-S-2011', 0)":"EXENCION A EMPRESAS O PRODUCTORES AGROPECUARIOS QUE POSEAN HACIENDA DE CRIA: INCORPORACION DEL INCISO Z) AL ARTICULO 20 DE LA LEY DE IMPUESTO A LAS GANANCIAS (TEXTO ORDENADO 1977)  (REPRODUCCION DEL EXPEDIENTE 3345-S-09).","('0014-S-2011', 1)":null,"('0014-S-2011', 2)":null},"('Firmantes', 'FIRMANTE')":{"('0014-S-2011', 0)":"VERNA, CARLOS ALBERTO","('0014-S-2011', 1)":null,"('0014-S-2011', 2)":null},"('Firmantes', 'DISTRITO')":{"('0014-S-2011', 0)":"LA PAMPA","('0014-S-2011', 1)":null,"('0014-S-2011', 2)":null},"('Firmantes', 'BLOQUE')":{"('0014-S-2011', 0)":"PARTIDO JUSTICIALISTA LA PAMPA","('0014-S-2011', 1)":null,"('0014-S-2011', 2)":null},"('Giros', 'COMISI\u00d3N')":{"('0014-S-2011', 0)":"PRESUPUESTO Y HACIENDA","('0014-S-2011', 1)":"AGRICULTURA Y GANADERIA","('0014-S-2011', 2)":null},"('Tramites', 'C\u00c1MARA')":{"('0014-S-2011', 0)":"Senado","('0014-S-2011', 1)":"Senado","('0014-S-2011', 2)":"Diputados"},"('Tramites', 'MOVIMIENTO')":{"('0014-S-2011', 0)":"MOCION SOBRE TABLAS (AFIRMATIVA)","('0014-S-2011', 1)":"CONSIDERACION Y APROBACION","('0014-S-2011', 2)":"PASA A DIPUTADOS -"},"('Tramites', 'FECHA')":{"('0014-S-2011', 0)":"30\/03\/2011","('0014-S-2011', 1)":"30\/03\/2011","('0014-S-2011', 2)":null},"('Tramites', 'RESULTADO')":{"('0014-S-2011', 0)":null,"('0014-S-2011', 1)":"MEDIA SANCION","('0014-S-2011', 2)":null},"Link":{"('0014-S-2011', 0)":"https:\/\/www4.hcdn.gob.ar\/dependencias\/dsecretaria\/Periodo2011\/PDF2011\/TP2011\/0014-S-11.pdf","('0014-S-2011', 1)":null,"('0014-S-2011', 2)":null},"Palabra Clave":{"('0014-S-2011', 0)":" ","('0014-S-2011', 1)":null,"('0014-S-2011', 2)":null}}