{"Tipo de Proyecto":{"('0014-JGM-2011', 0)":"MENSAJE NRO \/ A\u00d1O","('0014-JGM-2011', 1)":null,"('0014-JGM-2011', 2)":null,"('0014-JGM-2011', 3)":null,"('0014-JGM-2011', 4)":null},"Iniciado en: ":{"('0014-JGM-2011', 0)":"Diputados","('0014-JGM-2011', 1)":null,"('0014-JGM-2011', 2)":null,"('0014-JGM-2011', 3)":null,"('0014-JGM-2011', 4)":null},"Expediente Diputados: ":{"('0014-JGM-2011', 0)":"0014-JGM-2011","('0014-JGM-2011', 1)":null,"('0014-JGM-2011', 2)":null,"('0014-JGM-2011', 3)":null,"('0014-JGM-2011', 4)":null},"Publicado en: ":{"('0014-JGM-2011', 0)":"BAE N\u00b0 18","('0014-JGM-2011', 1)":null,"('0014-JGM-2011', 2)":null,"('0014-JGM-2011', 3)":null,"('0014-JGM-2011', 4)":null},"Fecha: ":{"('0014-JGM-2011', 0)":"05\/07\/2011","('0014-JGM-2011', 1)":null,"('0014-JGM-2011', 2)":null,"('0014-JGM-2011', 3)":null,"('0014-JGM-2011', 4)":null},"T\u00edtulo":{"('0014-JGM-2011', 0)":"REMISION DE LA CUENTA DE INVERSION CORRESPONDIENTE AL EJERCICIO FISCAL 2010, CONFORME A LOS TERMINOS DEL ARTICULO 75, INCISO 8 DE LA CONSTITUCION NACIONAL.","('0014-JGM-2011', 1)":null,"('0014-JGM-2011', 2)":null,"('0014-JGM-2011', 3)":null,"('0014-JGM-2011', 4)":null},"('Firmantes', 'FIRMANTE')":{"('0014-JGM-2011', 0)":"FERNANDEZ, ANIBAL","('0014-JGM-2011', 1)":"BOUDOU, AMADO","('0014-JGM-2011', 2)":null,"('0014-JGM-2011', 3)":null,"('0014-JGM-2011', 4)":null},"('Firmantes', 'DISTRITO')":{"('0014-JGM-2011', 0)":null,"('0014-JGM-2011', 1)":null,"('0014-JGM-2011', 2)":null,"('0014-JGM-2011', 3)":null,"('0014-JGM-2011', 4)":null},"('Firmantes', 'BLOQUE')":{"('0014-JGM-2011', 0)":"PODER EJECUTIVO","('0014-JGM-2011', 1)":"PODER EJECUTIVO","('0014-JGM-2011', 2)":null,"('0014-JGM-2011', 3)":null,"('0014-JGM-2011', 4)":null},"('Giros', 'COMISI\u00d3N')":{"('0014-JGM-2011', 0)":"PARLAMENTARIA MIXTA REVISORA DE CUENTAS","('0014-JGM-2011', 1)":null,"('0014-JGM-2011', 2)":null,"('0014-JGM-2011', 3)":null,"('0014-JGM-2011', 4)":null},"('Tramites', 'C\u00c1MARA')":{"('0014-JGM-2011', 0)":"Diputados","('0014-JGM-2011', 1)":"Diputados","('0014-JGM-2011', 2)":"Senado","('0014-JGM-2011', 3)":"Senado","('0014-JGM-2011', 4)":"Senado"},"('Tramites', 'MOVIMIENTO')":{"('0014-JGM-2011', 0)":"CONSIDERACION Y APROBACION CONJUNTAMENTE PARA LOS EXPEDIENTES 0031-JGM-2010, 0025-CD-2013 y 0014-JGM-2011","('0014-JGM-2011', 1)":"INSERCIONES DE LOS DIPUTADOS GARRIDO Y VAQUIE CONJUNTAMENTE PARA LOS EXPEDIENTES 0031-JGM-2010, 0025-CD-2013 y 0014-JGM-2011","('0014-JGM-2011', 2)":"PASA A SENADO - CONJUNTAMENTE PARA LOS EXPEDIENTES 0031-JGM-2010, 0025-CD-2013 y 0014-JGM-2011","('0014-JGM-2011', 3)":"CITACION SESION ESPECIAL CONJUNTAMENTE PARA LOS EXPEDIENTES 0031-JGM-2010, 0025-CD-2013 y 0014-JGM-2011","('0014-JGM-2011', 4)":"CONSIDERACION Y SANCION CONJUNTAMENTE PARA LOS EXPEDIENTES 0031-JGM-2010, 0025-CD-2013 y 0014-JGM-2011"},"('Tramites', 'FECHA')":{"('0014-JGM-2011', 0)":"05\/06\/2013","('0014-JGM-2011', 1)":"05\/06\/2013","('0014-JGM-2011', 2)":null,"('0014-JGM-2011', 3)":"29\/12\/2014","('0014-JGM-2011', 4)":"29\/12\/2014"},"('Tramites', 'RESULTADO')":{"('0014-JGM-2011', 0)":"MEDIA SANCION","('0014-JGM-2011', 1)":null,"('0014-JGM-2011', 2)":null,"('0014-JGM-2011', 3)":null,"('0014-JGM-2011', 4)":"SANCIONADO"},"Link":{"('0014-JGM-2011', 0)":"http:\/\/www.senado.gov.ar\/web\/proyectos\/verExpe.php?origen=S&nro_comision=&tipo=PL&numexp=0\/00&tConsulta=4","('0014-JGM-2011', 1)":null,"('0014-JGM-2011', 2)":null,"('0014-JGM-2011', 3)":null,"('0014-JGM-2011', 4)":null},"Palabra Clave":{"('0014-JGM-2011', 0)":" ","('0014-JGM-2011', 1)":null,"('0014-JGM-2011', 2)":null,"('0014-JGM-2011', 3)":null,"('0014-JGM-2011', 4)":null}}