{"Tipo de Proyecto":{"('0015-D-2011', 0)":"PROYECTO DE DECLARACI\u00d3N","('0015-D-2011', 1)":null},"Iniciado en: ":{"('0015-D-2011', 0)":"Diputados","('0015-D-2011', 1)":null},"Expediente Diputados: ":{"('0015-D-2011', 0)":"0015-D-2011","('0015-D-2011', 1)":null},"Publicado en: ":{"('0015-D-2011', 0)":"Tr\u00e1mite Parlamentario N\u00b0 1","('0015-D-2011', 1)":null},"Fecha: ":{"('0015-D-2011', 0)":"01\/03\/2011","('0015-D-2011', 1)":null},"T\u00edtulo":{"('0015-D-2011', 0)":"EXPRESAR PESAR POR EL ASESINATO DEL PERIODISTA AHMAD MAHMUD, OCURRIDO DURANTE LAS MANIFESTACIONES OPOSITORAS EN EGIPTO, EL DIA 29 DE ENERO DE 2011.","('0015-D-2011', 1)":null},"('Firmantes', 'FIRMANTE')":{"('0015-D-2011', 0)":"GIUDICI, SILVANA MYRIAM","('0015-D-2011', 1)":"CUSINATO, GUSTAVO"},"('Firmantes', 'DISTRITO')":{"('0015-D-2011', 0)":"CIUDAD de BUENOS AIRES","('0015-D-2011', 1)":"ENTRE RIOS"},"('Firmantes', 'BLOQUE')":{"('0015-D-2011', 0)":"UCR","('0015-D-2011', 1)":"UCR"},"('Giros', 'COMISI\u00d3N')":{"('0015-D-2011', 0)":"RELACIONES EXTERIORES Y CULTO","('0015-D-2011', 1)":null},"Link":{"('0015-D-2011', 0)":"https:\/\/www.hcdn.gob.ar\/proyectos\/textoCompleto.jsp?exp=0015-D-2011&tipo=DECLARACION","('0015-D-2011', 1)":null},"Palabra Clave":{"('0015-D-2011', 0)":" ","('0015-D-2011', 1)":null}}