{"Tipo de Proyecto":{"('0016-S-2011', 0)":"PROYECTO DE LEY","('0016-S-2011', 1)":null,"('0016-S-2011', 2)":null},"Iniciado en: ":{"('0016-S-2011', 0)":"Senado","('0016-S-2011', 1)":null,"('0016-S-2011', 2)":null},"Expediente Diputados: ":{"('0016-S-2011', 0)":"0016-S-2011","('0016-S-2011', 1)":null,"('0016-S-2011', 2)":null},"Expediente Senado: ":{"('0016-S-2011', 0)":"0448-S-2011","('0016-S-2011', 1)":null,"('0016-S-2011', 2)":null},"Publicado en: ":{"('0016-S-2011', 0)":"Diario de Asuntos Entrados N\u00b0 24","('0016-S-2011', 1)":null,"('0016-S-2011', 2)":null},"Fecha: ":{"('0016-S-2011', 0)":"21\/03\/2011","('0016-S-2011', 1)":null,"('0016-S-2011', 2)":null},"T\u00edtulo":{"('0016-S-2011', 0)":"DECLARAR ZONA DE DESASTRE Y EMERGENCIA ECONOMICA Y SOCIAL A LAS LOCALIDADES AFECTADAS POR LA CRECIDA DE LOS RIOS DULCE Y SALADO EN LA PROVINCIA DE SANTIAGO DEL ESTERO.","('0016-S-2011', 1)":null,"('0016-S-2011', 2)":null},"('Firmantes', 'FIRMANTE')":{"('0016-S-2011', 0)":"CORRADI DE BELTRAN, ANA MARIA","('0016-S-2011', 1)":null,"('0016-S-2011', 2)":null},"('Firmantes', 'DISTRITO')":{"('0016-S-2011', 0)":"SANTIAGO DEL ESTERO","('0016-S-2011', 1)":null,"('0016-S-2011', 2)":null},"('Firmantes', 'BLOQUE')":{"('0016-S-2011', 0)":"FRENTE PARA LA VICTORIA - PJ","('0016-S-2011', 1)":null,"('0016-S-2011', 2)":null},"('Giros', 'COMISI\u00d3N')":{"('0016-S-2011', 0)":"PRESUPUESTO Y HACIENDA","('0016-S-2011', 1)":"ACCION SOCIAL Y SALUD PUBLICA","('0016-S-2011', 2)":"ECONOMIAS Y DESARROLLO REGIONAL"},"('Tramites', 'C\u00c1MARA')":{"('0016-S-2011', 0)":"Senado","('0016-S-2011', 1)":"Senado","('0016-S-2011', 2)":"Diputados"},"('Tramites', 'MOVIMIENTO')":{"('0016-S-2011', 0)":"MOCION SOBRE TABLAS (AFIRMATIVA) CONJUNTAMENTE PARA LOS EXPEDIENTES 0016-S-2011, 0448-S-2011 y 0322-S-2011","('0016-S-2011', 1)":"CONSIDERACION Y APROBACION (TEXTO CONSENSUADO) CONJUNTAMENTE PARA LOS EXPEDIENTES 0016-S-2011, 0448-S-2011 y 0322-S-2011","('0016-S-2011', 2)":"PASA A DIPUTADOS - CONJUNTAMENTE PARA LOS EXPEDIENTES 0016-S-2011, 0448-S-2011 y 0322-S-2011"},"('Tramites', 'FECHA')":{"('0016-S-2011', 0)":"30\/03\/2011","('0016-S-2011', 1)":"30\/03\/2011","('0016-S-2011', 2)":null},"('Tramites', 'RESULTADO')":{"('0016-S-2011', 0)":null,"('0016-S-2011', 1)":"MEDIA SANCION","('0016-S-2011', 2)":null},"Link":{"('0016-S-2011', 0)":"https:\/\/www4.hcdn.gob.ar\/dependencias\/dsecretaria\/Periodo2011\/PDF2011\/TP2011\/0016-S-11.pdf","('0016-S-2011', 1)":null,"('0016-S-2011', 2)":null},"Palabra Clave":{"('0016-S-2011', 0)":" ","('0016-S-2011', 1)":null,"('0016-S-2011', 2)":null}}