{"Tipo de Proyecto":{"('0017-S-2011', 0)":"PROYECTO DE LEY","('0017-S-2011', 1)":null,"('0017-S-2011', 2)":null,"('0017-S-2011', 3)":null,"('0017-S-2011', 4)":null,"('0017-S-2011', 5)":null},"Iniciado en: ":{"('0017-S-2011', 0)":"Senado","('0017-S-2011', 1)":null,"('0017-S-2011', 2)":null,"('0017-S-2011', 3)":null,"('0017-S-2011', 4)":null,"('0017-S-2011', 5)":null},"Expediente Diputados: ":{"('0017-S-2011', 0)":"0017-S-2011","('0017-S-2011', 1)":null,"('0017-S-2011', 2)":null,"('0017-S-2011', 3)":null,"('0017-S-2011', 4)":null,"('0017-S-2011', 5)":null},"Expediente Senado: ":{"('0017-S-2011', 0)":"0120-S-2011","('0017-S-2011', 1)":null,"('0017-S-2011', 2)":null,"('0017-S-2011', 3)":null,"('0017-S-2011', 4)":null,"('0017-S-2011', 5)":null},"Publicado en: ":{"('0017-S-2011', 0)":"Diario de Asuntos Entrados N\u00b0 7","('0017-S-2011', 1)":null,"('0017-S-2011', 2)":null,"('0017-S-2011', 3)":null,"('0017-S-2011', 4)":null,"('0017-S-2011', 5)":null},"Fecha: ":{"('0017-S-2011', 0)":"03\/03\/2011","('0017-S-2011', 1)":null,"('0017-S-2011', 2)":null,"('0017-S-2011', 3)":null,"('0017-S-2011', 4)":null,"('0017-S-2011', 5)":null},"T\u00edtulo":{"('0017-S-2011', 0)":"TRANSFERENCIA A TITULO GRATUITO A LA PROVINCIA DE ENTRE RIOS DE UN INMUEBLE UBICADO EN PUERTO NUEVO, PARANA, PERTENECIENTE A LA DIRECCION DE VIAS NAVEGABLES.","('0017-S-2011', 1)":null,"('0017-S-2011', 2)":null,"('0017-S-2011', 3)":null,"('0017-S-2011', 4)":null,"('0017-S-2011', 5)":null},"('Firmantes', 'FIRMANTE')":{"('0017-S-2011', 0)":"OSUNA, BLANCA INES","('0017-S-2011', 1)":"COLAZO, MARIO JORGE","('0017-S-2011', 2)":"PARRILLI, NANCI MARIA AGUSTINA","('0017-S-2011', 3)":"QUINTELA, TERESITA NICOLASA","('0017-S-2011', 4)":null,"('0017-S-2011', 5)":null},"('Firmantes', 'DISTRITO')":{"('0017-S-2011', 0)":"ENTRE RIOS","('0017-S-2011', 1)":"TIERRA DEL FUEGO","('0017-S-2011', 2)":"NEUQUEN","('0017-S-2011', 3)":"LA RIOJA","('0017-S-2011', 4)":null,"('0017-S-2011', 5)":null},"('Firmantes', 'BLOQUE')":{"('0017-S-2011', 0)":"FRENTE PARA LA VICTORIA - PJ","('0017-S-2011', 1)":"FRENTE PARA LA VICTORIA - PJ","('0017-S-2011', 2)":"FRENTE PARA LA VICTORIA - PJ","('0017-S-2011', 3)":"FRENTE PARA LA VICTORIA - PJ","('0017-S-2011', 4)":null,"('0017-S-2011', 5)":null},"('Giros', 'COMISI\u00d3N')":{"('0017-S-2011', 0)":"LEGISLACION GENERAL","('0017-S-2011', 1)":"INTERESES MARITIMOS, FLUVIALES, PESQUEROS Y PORTUARIOS","('0017-S-2011', 2)":"PRESUPUESTO Y HACIENDA","('0017-S-2011', 3)":null,"('0017-S-2011', 4)":null,"('0017-S-2011', 5)":null},"('Tramites', 'C\u00c1MARA')":{"('0017-S-2011', 0)":"Senado","('0017-S-2011', 1)":"Senado","('0017-S-2011', 2)":"Diputados","('0017-S-2011', 3)":"Diputados","('0017-S-2011', 4)":"Diputados","('0017-S-2011', 5)":"Diputados"},"('Tramites', 'MOVIMIENTO')":{"('0017-S-2011', 0)":"MOCION SOBRE TABLAS (AFIRMATIVA)","('0017-S-2011', 1)":"CONSIDERACION Y APROBACION","('0017-S-2011', 2)":"PASA A DIPUTADOS -","('0017-S-2011', 3)":"MOCION APARTAMIENTO DEL REGLAMENTO (AFIRMATIVA)","('0017-S-2011', 4)":"CONSIDERACION Y SANCION","('0017-S-2011', 5)":"INSERCION DEL DIPUTADO FERNANDEZ"},"('Tramites', 'FECHA')":{"('0017-S-2011', 0)":"30\/03\/2011","('0017-S-2011', 1)":"30\/03\/2011","('0017-S-2011', 2)":null,"('0017-S-2011', 3)":"07\/09\/2011","('0017-S-2011', 4)":"07\/09\/2011","('0017-S-2011', 5)":"07\/09\/2011"},"('Tramites', 'RESULTADO')":{"('0017-S-2011', 0)":null,"('0017-S-2011', 1)":"MEDIA SANCION","('0017-S-2011', 2)":null,"('0017-S-2011', 3)":null,"('0017-S-2011', 4)":"SANCIONADO","('0017-S-2011', 5)":null},"Sumario":{"('0017-S-2011', 0)":"CARGO: DESTINAR EL INMUEBLE REFERIDO AL FUNCIONAMIENTO DE LA ESCUELA N\u00ba 100 \"PUERTO NUEVO\".","('0017-S-2011', 1)":null,"('0017-S-2011', 2)":null,"('0017-S-2011', 3)":null,"('0017-S-2011', 4)":null,"('0017-S-2011', 5)":null},"Palabra Clave":{"('0017-S-2011', 0)":" ","('0017-S-2011', 1)":null,"('0017-S-2011', 2)":null,"('0017-S-2011', 3)":null,"('0017-S-2011', 4)":null,"('0017-S-2011', 5)":null}}