{"Tipo de Proyecto":{"('0017-D-2011', 0)":"PROYECTO DE RESOLUCI\u00d3N","('0017-D-2011', 1)":null,"('0017-D-2011', 2)":null},"Iniciado en: ":{"('0017-D-2011', 0)":"Diputados","('0017-D-2011', 1)":null,"('0017-D-2011', 2)":null},"Expediente Diputados: ":{"('0017-D-2011', 0)":"0017-D-2011","('0017-D-2011', 1)":null,"('0017-D-2011', 2)":null},"Publicado en: ":{"('0017-D-2011', 0)":"Tr\u00e1mite Parlamentario N\u00b0 1","('0017-D-2011', 1)":null,"('0017-D-2011', 2)":null},"Fecha: ":{"('0017-D-2011', 0)":"01\/03\/2011","('0017-D-2011', 1)":null,"('0017-D-2011', 2)":null},"T\u00edtulo":{"('0017-D-2011', 0)":"SOLICITAR AL PODER EJECUTIVO DISPONGA DAR CUMPLIMIENTO AL ARTICULO 5 DEL DECRETO 927\/2009 (INSTITUTO NACIONAL DE ESTADISTICAS Y CENSOS), SOBRE REMISION DE INFORMES DEL CONSEJO ACADEMICO  DE EVALUACION Y SEGUIMIENTO (CAES) A ESTE HONORABLE CONGRESO, RELACIONADOS CON LA CONFECCION DEL INDICE DE PRECIOS.","('0017-D-2011', 1)":null,"('0017-D-2011', 2)":null},"('Firmantes', 'FIRMANTE')":{"('0017-D-2011', 0)":"GIUDICI, SILVANA MYRIAM","('0017-D-2011', 1)":"CUSINATO, GUSTAVO","('0017-D-2011', 2)":"MARTINEZ ODDONE, HERIBERTO AGUSTIN"},"('Firmantes', 'DISTRITO')":{"('0017-D-2011', 0)":"CIUDAD de BUENOS AIRES","('0017-D-2011', 1)":"ENTRE RIOS","('0017-D-2011', 2)":"CORDOBA"},"('Firmantes', 'BLOQUE')":{"('0017-D-2011', 0)":"UCR","('0017-D-2011', 1)":"UCR","('0017-D-2011', 2)":"UCR"},"('Giros', 'COMISI\u00d3N')":{"('0017-D-2011', 0)":"COMERCIO","('0017-D-2011', 1)":null,"('0017-D-2011', 2)":null},"Link":{"('0017-D-2011', 0)":"https:\/\/www.hcdn.gob.ar\/proyectos\/textoCompleto.jsp?exp=0017-D-2011&tipo=RESOLUCION","('0017-D-2011', 1)":null,"('0017-D-2011', 2)":null},"Palabra Clave":{"('0017-D-2011', 0)":" ","('0017-D-2011', 1)":null,"('0017-D-2011', 2)":null}}