{"Tipo de Proyecto":{"('0018-D-2011', 0)":"PROYECTO DE LEY","('0018-D-2011', 1)":null,"('0018-D-2011', 2)":null},"Iniciado en: ":{"('0018-D-2011', 0)":"Diputados","('0018-D-2011', 1)":null,"('0018-D-2011', 2)":null},"Expediente Diputados: ":{"('0018-D-2011', 0)":"0018-D-2011","('0018-D-2011', 1)":null,"('0018-D-2011', 2)":null},"Publicado en: ":{"('0018-D-2011', 0)":"Tr\u00e1mite Parlamentario N\u00b0 1","('0018-D-2011', 1)":null,"('0018-D-2011', 2)":null},"Fecha: ":{"('0018-D-2011', 0)":"01\/03\/2011","('0018-D-2011', 1)":null,"('0018-D-2011', 2)":null},"T\u00edtulo":{"('0018-D-2011', 0)":"DEROGACION DEL PROGRAMA DE USO RACIONAL DE ENERGIA ELECTRICA (PUREE)","('0018-D-2011', 1)":null,"('0018-D-2011', 2)":null},"('Firmantes', 'FIRMANTE')":{"('0018-D-2011', 0)":"GIUDICI, SILVANA MYRIAM","('0018-D-2011', 1)":"CUSINATO, GUSTAVO","('0018-D-2011', 2)":"GIUBERGIA, MIGUEL ANGEL"},"('Firmantes', 'DISTRITO')":{"('0018-D-2011', 0)":"CIUDAD de BUENOS AIRES","('0018-D-2011', 1)":"ENTRE RIOS","('0018-D-2011', 2)":"JUJUY"},"('Firmantes', 'BLOQUE')":{"('0018-D-2011', 0)":"UCR","('0018-D-2011', 1)":"UCR","('0018-D-2011', 2)":"UCR"},"('Giros', 'COMISI\u00d3N')":{"('0018-D-2011', 0)":"ENERGIA Y COMBUSTIBLES","('0018-D-2011', 1)":"DEFENSA DEL CONSUMIDOR, DEL USUARIO Y DE LA COMPETENCIA","('0018-D-2011', 2)":"PRESUPUESTO Y HACIENDA"},"Sumario":{"('0018-D-2011', 0)":"DEROGACION DE LAS RESOLUCIONES 415\/04, 416\/04, 93\/04, 552\/04, 831\/04, 624\/05, 745\/05, 931\/05, 1063\/05, 942\/06, 1037\/07, 797\/08, 1169\/08, 1170\/08 Y 1838\/08  DE LA SECRETARIA DE ENERGIA, SUS COMPLEMENTARIAS, CONCORDANTES, AMPLIATORIAS Y MODIFICATORIAS;  DEROGACION DEL DECRETO 140\/07 QUE DECLARA DE INTERES EL PUREE Y EL DECRETO 2067\/08 QUE APRUEBA LA CREACION DEL FONDO FIDUCIARIO;  DEROGACION DE LAS RESOLUCIONES DEL ENTE REGULADOR DE LA ENERGIA ELECTRICA, 355\/05, 479\/05, 537\/05, 602\/05, 954\/06, 628\/08, 654\/08 Y 123\/09, REGLAMENTARIAS DE LAS RESOLUCIONES DE LA SECRETARIA DE ENERGIA, SUS COMPLEMENTARIAS, AMPLIATORIAS, CONCORDANTES Y MODIFICATORIAS; DEROGACION DEL DECRETO 2067\/08,  LA RESOLUCION  1451\/08 DEL MINISTERIO DE PLANIFICACION FEDERAL, INVERSION PUBLICA Y SERVICIOS Y LA RESOLUCION 536\/08 DEL ENTE NACIONAL REGULADOR DEL GAS.","('0018-D-2011', 1)":null,"('0018-D-2011', 2)":null},"Palabra Clave":{"('0018-D-2011', 0)":" ","('0018-D-2011', 1)":null,"('0018-D-2011', 2)":null}}