{"Tipo de Proyecto":{"('0018-JGM-2011', 0)":"MENSAJE NRO: 0002\/12","('0018-JGM-2011', 1)":null},"Iniciado en: ":{"('0018-JGM-2011', 0)":"Diputados","('0018-JGM-2011', 1)":null},"Expediente Diputados: ":{"('0018-JGM-2011', 0)":"0018-JGM-2011","('0018-JGM-2011', 1)":null},"Publicado en: ":{"('0018-JGM-2011', 0)":"Tr\u00e1mite Parlamentario N\u00b0 195","('0018-JGM-2011', 1)":null},"Fecha: ":{"('0018-JGM-2011', 0)":"03\/01\/2012","('0018-JGM-2011', 1)":null},"T\u00edtulo":{"('0018-JGM-2011', 0)":"COMUNICACION DEL DICTADO DEL DECRETO DE NECESIDAD Y URGENCIA 1764\/11 POR EL CUAL SE MODIFICA EL PRESUPUESTO GENERAL DE LA ADMINISTRACION NACIONAL PARA EL EJERCICIO 2011.","('0018-JGM-2011', 1)":null},"('Firmantes', 'FIRMANTE')":{"('0018-JGM-2011', 0)":"ABAL MEDINA, JUAN MANUEL","('0018-JGM-2011', 1)":"RANDAZZO, FLORENCIO"},"('Firmantes', 'DISTRITO')":{"('0018-JGM-2011', 0)":null,"('0018-JGM-2011', 1)":null},"('Firmantes', 'BLOQUE')":{"('0018-JGM-2011', 0)":"PODER EJECUTIVO","('0018-JGM-2011', 1)":"PODER EJECUTIVO"},"('Giros', 'COMISI\u00d3N')":{"('0018-JGM-2011', 0)":"BICAMERAL PERMANENTE DE TRAMITE LEGISLATIVO - LEY 26122","('0018-JGM-2011', 1)":null},"('Tramites', 'C\u00c1MARA')":{"('0018-JGM-2011', 0)":"Diputados","('0018-JGM-2011', 1)":null},"('Tramites', 'MOVIMIENTO')":{"('0018-JGM-2011', 0)":"CONSIDERACION Y APROBACION","('0018-JGM-2011', 1)":null},"('Tramites', 'FECHA')":{"('0018-JGM-2011', 0)":"21\/03\/2012","('0018-JGM-2011', 1)":null},"('Tramites', 'RESULTADO')":{"('0018-JGM-2011', 0)":"APROBADO","('0018-JGM-2011', 1)":null},"Link":{"('0018-JGM-2011', 0)":"https:\/\/www4.hcdn.gob.ar\/dependencias\/dsecretaria\/Periodo2011\/PDF2011\/TP2011\/0018-JGM-11.pdf","('0018-JGM-2011', 1)":null},"Palabra Clave":{"('0018-JGM-2011', 0)":" ","('0018-JGM-2011', 1)":null}}