{"Tipo de Proyecto":{"('0018-S-2011', 0)":"PROYECTO DE LEY"},"Iniciado en: ":{"('0018-S-2011', 0)":"Senado"},"Expediente Senado: ":{"('0018-S-2011', 0)":"0018-S-2011"},"Publicado en: ":{"('0018-S-2011', 0)":"Diario de Asuntos Entrados N\u00b0 2"},"Fecha: ":{"('0018-S-2011', 0)":"02\/03\/2011"},"T\u00edtulo":{"('0018-S-2011', 0)":"ACCIONES DE CLASE (REPRODUCCION DEL EXPEDIENTE 1786-S-09)."},"('Firmantes', 'FIRMANTE')":{"('0018-S-2011', 0)":"LORES, HORACIO"},"('Firmantes', 'DISTRITO')":{"('0018-S-2011', 0)":"NEUQUEN"},"('Firmantes', 'BLOQUE')":{"('0018-S-2011', 0)":"MOV POP NEUQUINO"},"Sumario":{"('0018-S-2011', 0)":"DEFINICION; REQUISITOS PREVIOS; RESOLUCION ACERCA DE LA TRAMITACION DE LA ACCION DE CLASE; AUDIENCIA; NOTIFICACION; ELECCION DEL REPRESENTANTE; INTEGRACION DEFINITIVA DE LA CLASE; REMOCION DEL REPRESENTANTE; SENTENCIA; SUBCLASE; DEBERES Y FACULTADES DEL JUEZ EN LA DIRECCION DEL PROCESO; INVITACION A LAS PROVINCIAS Y A LA CIUDAD AUTONOMA DE BUENOS AIRES A REGULAR EL PROCEDIMIENTO DE LAS ACCIONES DE CLASE."},"Palabra Clave":{"('0018-S-2011', 0)":" "}}