{"Tipo de Proyecto":{"('0019-S-2011', 0)":"PROYECTO DE LEY"},"Iniciado en: ":{"('0019-S-2011', 0)":"Senado"},"Expediente Senado: ":{"('0019-S-2011', 0)":"0019-S-2011"},"Publicado en: ":{"('0019-S-2011', 0)":"Diario de Asuntos Entrados N\u00b0 2"},"Fecha: ":{"('0019-S-2011', 0)":"02\/03\/2011"},"T\u00edtulo":{"('0019-S-2011', 0)":"PRESUPUESTOS MINIMOS DE VALORIZACION DE RESIDUOS: AUTORIDADES, RESPONSABILIDAD, DERECHOS Y OBLIGACIONES, RESPONSABILIDAD DEL PRODUCTOR O IMPORTADOR, TECNOLOGIAS, SANCIONES (REPRODUCCION DEL EXPEDIENTE 1688-S-09)."},"('Firmantes', 'FIRMANTE')":{"('0019-S-2011', 0)":"LORES, HORACIO"},"('Firmantes', 'DISTRITO')":{"('0019-S-2011', 0)":"NEUQUEN"},"('Firmantes', 'BLOQUE')":{"('0019-S-2011', 0)":"MOV POP NEUQUINO"},"Link":{"('0019-S-2011', 0)":"http:\/\/www.senado.gov.ar\/parlamentario\/comisiones\/verExp\/19.11\/S\/PL"},"Palabra Clave":{"('0019-S-2011', 0)":" "}}