{"Tipo de Proyecto":{"('0019-D-2011', 0)":"PROYECTO DE LEY","('0019-D-2011', 1)":null,"('0019-D-2011', 2)":null},"Iniciado en: ":{"('0019-D-2011', 0)":"Diputados","('0019-D-2011', 1)":null,"('0019-D-2011', 2)":null},"Expediente Diputados: ":{"('0019-D-2011', 0)":"0019-D-2011","('0019-D-2011', 1)":null,"('0019-D-2011', 2)":null},"Publicado en: ":{"('0019-D-2011', 0)":"Tr\u00e1mite Parlamentario N\u00b0 1","('0019-D-2011', 1)":null,"('0019-D-2011', 2)":null},"Fecha: ":{"('0019-D-2011', 0)":"01\/03\/2011","('0019-D-2011', 1)":null,"('0019-D-2011', 2)":null},"T\u00edtulo":{"('0019-D-2011', 0)":"BEBIDAS ENERGIZANTES: INCLUSION EN LAS DISPOSICIONES DE ESPECIALIDADES MEDICINALES O PRODUCTOS FARMACEUTICOS DE LA ANMAT; EXIGENCIA DE VENTA BAJO RECETA MEDICA.","('0019-D-2011', 1)":null,"('0019-D-2011', 2)":null},"('Firmantes', 'FIRMANTE')":{"('0019-D-2011', 0)":"COMELLI, ALICIA MARCELA","('0019-D-2011', 1)":"BRILLO, JOSE RICARDO","('0019-D-2011', 2)":"GUZMAN, OLGA ELIZABETH"},"('Firmantes', 'DISTRITO')":{"('0019-D-2011', 0)":"NEUQUEN","('0019-D-2011', 1)":"NEUQUEN","('0019-D-2011', 2)":"NEUQUEN"},"('Firmantes', 'BLOQUE')":{"('0019-D-2011', 0)":"MOV POP NEUQUINO","('0019-D-2011', 1)":"MOV POP NEUQUINO","('0019-D-2011', 2)":"MOV POP NEUQUINO"},"('Giros', 'COMISI\u00d3N')":{"('0019-D-2011', 0)":"PREVENCION DE ADICCIONES Y CONTROL DEL NARCOTRAFICO","('0019-D-2011', 1)":"ACCION SOCIAL Y SALUD PUBLICA","('0019-D-2011', 2)":null},"('Tramites', 'C\u00c1MARA')":{"('0019-D-2011', 0)":"Diputados","('0019-D-2011', 1)":null,"('0019-D-2011', 2)":null},"('Tramites', 'MOVIMIENTO')":{"('0019-D-2011', 0)":"REPRODUCIDO POR EXPEDIENTE 0283-D-13","('0019-D-2011', 1)":null,"('0019-D-2011', 2)":null},"('Tramites', 'FECHA')":{"('0019-D-2011', 0)":null,"('0019-D-2011', 1)":null,"('0019-D-2011', 2)":null},"('Tramites', 'RESULTADO')":{"('0019-D-2011', 0)":null,"('0019-D-2011', 1)":null,"('0019-D-2011', 2)":null},"Sumario":{"('0019-D-2011', 0)":"PROHIBICION DE PUBLICIDAD Y OFERTA; EXPENDIO SOLAMENTE EN FARMACIAS; MULTAS; INVITACION A REALIZACION DE CAMPA\u00d1AS Y DIFUSION.","('0019-D-2011', 1)":null,"('0019-D-2011', 2)":null},"Palabra Clave":{"('0019-D-2011', 0)":" ","('0019-D-2011', 1)":null,"('0019-D-2011', 2)":null}}