{"Tipo de Proyecto":{"('0020-JGM-2011', 0)":"MENSAJE NRO: 0004\/12","('0020-JGM-2011', 1)":null},"Iniciado en: ":{"('0020-JGM-2011', 0)":"Diputados","('0020-JGM-2011', 1)":null},"Expediente Diputados: ":{"('0020-JGM-2011', 0)":"0020-JGM-2011","('0020-JGM-2011', 1)":null},"Publicado en: ":{"('0020-JGM-2011', 0)":"Tr\u00e1mite Parlamentario N\u00b0 195","('0020-JGM-2011', 1)":null},"Fecha: ":{"('0020-JGM-2011', 0)":"03\/01\/2012","('0020-JGM-2011', 1)":null},"T\u00edtulo":{"('0020-JGM-2011', 0)":"COMUNICACION DEL DICTADO DEL DECRETO DE NECESIDAD Y URGENCIA 2082\/11 POR EL CUAL SE SUSTITUYEN VARIOS ARTICULOS DE LA LEY DE MINISTERIOS (TEXTO ORDENADO DECRETO 438\/92) Y SUS MODIFICATORIOS Y COMPLEMENTARIOS. (SUSTITUCION DE LOS ARTICULOS 1, 18, 20 Y 20 BIS)","('0020-JGM-2011', 1)":null},"('Firmantes', 'FIRMANTE')":{"('0020-JGM-2011', 0)":"ABAL MEDINA, JUAN MANUEL","('0020-JGM-2011', 1)":"RANDAZZO, FLORENCIO"},"('Firmantes', 'DISTRITO')":{"('0020-JGM-2011', 0)":null,"('0020-JGM-2011', 1)":null},"('Firmantes', 'BLOQUE')":{"('0020-JGM-2011', 0)":"PODER EJECUTIVO","('0020-JGM-2011', 1)":"PODER EJECUTIVO"},"('Giros', 'COMISI\u00d3N')":{"('0020-JGM-2011', 0)":"BICAMERAL PERMANENTE DE TRAMITE LEGISLATIVO - LEY 26122","('0020-JGM-2011', 1)":null},"('Tramites', 'C\u00c1MARA')":{"('0020-JGM-2011', 0)":"Diputados","('0020-JGM-2011', 1)":null},"('Tramites', 'MOVIMIENTO')":{"('0020-JGM-2011', 0)":"CONSIDERACION Y APROBACION","('0020-JGM-2011', 1)":null},"('Tramites', 'FECHA')":{"('0020-JGM-2011', 0)":"21\/03\/2012","('0020-JGM-2011', 1)":null},"('Tramites', 'RESULTADO')":{"('0020-JGM-2011', 0)":"APROBADO","('0020-JGM-2011', 1)":null},"Link":{"('0020-JGM-2011', 0)":"https:\/\/www4.hcdn.gob.ar\/dependencias\/dsecretaria\/Periodo2011\/PDF2011\/TP2011\/0020-JGM-11.pdf","('0020-JGM-2011', 1)":null},"Palabra Clave":{"('0020-JGM-2011', 0)":" ","('0020-JGM-2011', 1)":null}}