{"Tipo de Proyecto":{"('0020-S-2011', 0)":"PROYECTO DE DECLARACI\u00d3N"},"Iniciado en: ":{"('0020-S-2011', 0)":"Senado"},"Expediente Senado: ":{"('0020-S-2011', 0)":"0020-S-2011"},"Publicado en: ":{"('0020-S-2011', 0)":"Diario de Asuntos Entrados N\u00b0 2"},"Fecha: ":{"('0020-S-2011', 0)":"02\/03\/2011"},"T\u00edtulo":{"('0020-S-2011', 0)":"EXPRESAR BENEPLACITO POR EL 61 ANIVERSARIO DE LA CREACION DE LA COMISION NACIONAL DE ENERGIA ATOMICA, EL 31 DE MAYO."},"('Firmantes', 'FIRMANTE')":{"('0020-S-2011', 0)":"LORES, HORACIO"},"('Firmantes', 'DISTRITO')":{"('0020-S-2011', 0)":"NEUQUEN"},"('Firmantes', 'BLOQUE')":{"('0020-S-2011', 0)":"MOV POP NEUQUINO"},"('Tramites', 'C\u00c1MARA')":{"('0020-S-2011', 0)":"Senado"},"('Tramites', 'MOVIMIENTO')":{"('0020-S-2011', 0)":"CONSIDERACION Y APROBACION"},"('Tramites', 'FECHA')":{"('0020-S-2011', 0)":"01\/06\/2011"},"('Tramites', 'RESULTADO')":{"('0020-S-2011', 0)":"APROBADO"},"Link":{"('0020-S-2011', 0)":"http:\/\/www.senado.gov.ar\/parlamentario\/comisiones\/verExp\/20.11\/S\/PD"},"Palabra Clave":{"('0020-S-2011', 0)":" "}}