{"Tipo de Proyecto":{"('0022-D-2011', 0)":"PROYECTO DE LEY","('0022-D-2011', 1)":null,"('0022-D-2011', 2)":null},"Iniciado en: ":{"('0022-D-2011', 0)":"Diputados","('0022-D-2011', 1)":null,"('0022-D-2011', 2)":null},"Expediente Diputados: ":{"('0022-D-2011', 0)":"0022-D-2011","('0022-D-2011', 1)":null,"('0022-D-2011', 2)":null},"Publicado en: ":{"('0022-D-2011', 0)":"Tr\u00e1mite Parlamentario N\u00b0 1","('0022-D-2011', 1)":null,"('0022-D-2011', 2)":null},"Fecha: ":{"('0022-D-2011', 0)":"01\/03\/2011","('0022-D-2011', 1)":null,"('0022-D-2011', 2)":null},"T\u00edtulo":{"('0022-D-2011', 0)":"GARANTIA DEL ACCESO A LA ADMINISTRACION Y A LA JUSTICIA PARA PERSONAS ENFERMAS, DISCAPACITADAS Y ANCIANAS. ","('0022-D-2011', 1)":null,"('0022-D-2011', 2)":null},"('Firmantes', 'FIRMANTE')":{"('0022-D-2011', 0)":"COMELLI, ALICIA MARCELA","('0022-D-2011', 1)":"BRILLO, JOSE RICARDO","('0022-D-2011', 2)":"GUZMAN, OLGA ELIZABETH"},"('Firmantes', 'DISTRITO')":{"('0022-D-2011', 0)":"NEUQUEN","('0022-D-2011', 1)":"NEUQUEN","('0022-D-2011', 2)":"NEUQUEN"},"('Firmantes', 'BLOQUE')":{"('0022-D-2011', 0)":"MOV POP NEUQUINO","('0022-D-2011', 1)":"MOV POP NEUQUINO","('0022-D-2011', 2)":"MOV POP NEUQUINO"},"('Giros', 'COMISI\u00d3N')":{"('0022-D-2011', 0)":"JUSTICIA","('0022-D-2011', 1)":"PRESUPUESTO Y HACIENDA","('0022-D-2011', 2)":"DISCAPACIDAD"},"('Tramites', 'C\u00c1MARA')":{"('0022-D-2011', 0)":"Diputados","('0022-D-2011', 1)":null,"('0022-D-2011', 2)":null},"('Tramites', 'MOVIMIENTO')":{"('0022-D-2011', 0)":"REPRODUCIDO POR EXPEDIENTE 0286-D-13","('0022-D-2011', 1)":null,"('0022-D-2011', 2)":null},"('Tramites', 'FECHA')":{"('0022-D-2011', 0)":null,"('0022-D-2011', 1)":null,"('0022-D-2011', 2)":null},"('Tramites', 'RESULTADO')":{"('0022-D-2011', 0)":null,"('0022-D-2011', 1)":null,"('0022-D-2011', 2)":null},"Sumario":{"('0022-D-2011', 0)":"BENEFICIOS; INVITACION A ADHERIR","('0022-D-2011', 1)":null,"('0022-D-2011', 2)":null},"Palabra Clave":{"('0022-D-2011', 0)":" ","('0022-D-2011', 1)":null,"('0022-D-2011', 2)":null}}