{"Tipo de Proyecto":{"('0023-S-2011', 0)":"PROYECTO DE DECLARACI\u00d3N"},"Iniciado en: ":{"('0023-S-2011', 0)":"Senado"},"Expediente Senado: ":{"('0023-S-2011', 0)":"0023-S-2011"},"Publicado en: ":{"('0023-S-2011', 0)":"Diario de Asuntos Entrados N\u00b0 2"},"Fecha: ":{"('0023-S-2011', 0)":"02\/03\/2011"},"T\u00edtulo":{"('0023-S-2011', 0)":"DECLARAR DE INTERES LEGISLATIVO EL XVIII CONGRESO GEOLOGICO ARGENTINO, A REALIZARSE EN LA CIUDAD DE NEUQUEN ENTRE EL 2 Y EL 6 DE MAYO DE 2011."},"('Firmantes', 'FIRMANTE')":{"('0023-S-2011', 0)":"LORES, HORACIO"},"('Firmantes', 'DISTRITO')":{"('0023-S-2011', 0)":"NEUQUEN"},"('Firmantes', 'BLOQUE')":{"('0023-S-2011', 0)":"MOV POP NEUQUINO"},"('Tramites', 'C\u00c1MARA')":{"('0023-S-2011', 0)":"Senado"},"('Tramites', 'MOVIMIENTO')":{"('0023-S-2011', 0)":"CONSIDERACION Y APROBACION"},"('Tramites', 'FECHA')":{"('0023-S-2011', 0)":"01\/06\/2011"},"('Tramites', 'RESULTADO')":{"('0023-S-2011', 0)":"APROBADO"},"Link":{"('0023-S-2011', 0)":"http:\/\/www.senado.gov.ar\/parlamentario\/comisiones\/verExp\/23.11\/S\/PD"},"Palabra Clave":{"('0023-S-2011', 0)":" "}}