{"Tipo de Proyecto":{"('0023-JGM-2011', 0)":"MENSAJE NRO: 0049\/12","('0023-JGM-2011', 1)":null},"Iniciado en: ":{"('0023-JGM-2011', 0)":"Diputados","('0023-JGM-2011', 1)":null},"Expediente Diputados: ":{"('0023-JGM-2011', 0)":"0023-JGM-2011","('0023-JGM-2011', 1)":null},"Publicado en: ":{"('0023-JGM-2011', 0)":"Tr\u00e1mite Parlamentario N\u00b0 202","('0023-JGM-2011', 1)":null},"Fecha: ":{"('0023-JGM-2011', 0)":"15\/02\/2012","('0023-JGM-2011', 1)":null},"T\u00edtulo":{"('0023-JGM-2011', 0)":"COMUNICACION DEL DICTADO DE LA DECISION ADMINISTRATIVA N\u00b0 67 DEL 30 DE DICIEMBRE DE 2011 CORRESPONDIENTE A LA APROBACION DEL PRESUPUESTO CONSOLIDADO DEL SECTOR PUBLICO NACIONAL CORRESPONDIENTE AL EJERCICIO FISCAL A\u00d1O 2011.","('0023-JGM-2011', 1)":null},"('Firmantes', 'FIRMANTE')":{"('0023-JGM-2011', 0)":"ABAL MEDINA, JUAN MANUEL","('0023-JGM-2011', 1)":"LORENZINO, HERNAN"},"('Firmantes', 'DISTRITO')":{"('0023-JGM-2011', 0)":null,"('0023-JGM-2011', 1)":null},"('Firmantes', 'BLOQUE')":{"('0023-JGM-2011', 0)":"PODER EJECUTIVO","('0023-JGM-2011', 1)":"PODER EJECUTIVO"},"('Giros', 'COMISI\u00d3N')":{"('0023-JGM-2011', 0)":"PRESUPUESTO Y HACIENDA","('0023-JGM-2011', 1)":null},"Link":{"('0023-JGM-2011', 0)":"https:\/\/www4.hcdn.gob.ar\/dependencias\/dsecretaria\/Periodo2011\/PDF2011\/TP2011\/0023-JGM-11.pdf","('0023-JGM-2011', 1)":null},"Palabra Clave":{"('0023-JGM-2011', 0)":" ","('0023-JGM-2011', 1)":null}}