{"Tipo de Proyecto":{"('0024-JGM-2011', 0)":"MENSAJE NRO: 0050\/12","('0024-JGM-2011', 1)":null},"Iniciado en: ":{"('0024-JGM-2011', 0)":"Diputados","('0024-JGM-2011', 1)":null},"Expediente Diputados: ":{"('0024-JGM-2011', 0)":"0024-JGM-2011","('0024-JGM-2011', 1)":null},"Publicado en: ":{"('0024-JGM-2011', 0)":"Tr\u00e1mite Parlamentario N\u00b0 202","('0024-JGM-2011', 1)":null},"Fecha: ":{"('0024-JGM-2011', 0)":"15\/02\/2012","('0024-JGM-2011', 1)":null},"T\u00edtulo":{"('0024-JGM-2011', 0)":"COMUNICACION DEL DECRETO 148\/2012 DICTADO EN USO DE FACULTADES DELEGADAS, POR EL CUAL SE DISMINUYE LA ALICUOTA DEL VEINTIUNO POR CIENTO (21%) ESTABLECIDA EN EL ARTICULO 1 DE LA LEY 24625, DE IMPUESTO ADICIONAL DE EMERGENCIA  SOBRE EL PRECIO FINAL DE VENTA DE CIGARRILLOS Y SUS MODIFICATORIAS, ESTABLECIENDOSE LA MISMA EN EL SIETE PORCIENTO (7%).","('0024-JGM-2011', 1)":null},"('Firmantes', 'FIRMANTE')":{"('0024-JGM-2011', 0)":"ABAL MEDINA, JUAN MANUEL","('0024-JGM-2011', 1)":"LORENZINO, HERNAN"},"('Firmantes', 'DISTRITO')":{"('0024-JGM-2011', 0)":null,"('0024-JGM-2011', 1)":null},"('Firmantes', 'BLOQUE')":{"('0024-JGM-2011', 0)":"PODER EJECUTIVO","('0024-JGM-2011', 1)":"PODER EJECUTIVO"},"('Giros', 'COMISI\u00d3N')":{"('0024-JGM-2011', 0)":"BICAMERAL PERMANENTE DE TRAMITE LEGISLATIVO - LEY 26122","('0024-JGM-2011', 1)":null},"('Tramites', 'C\u00c1MARA')":{"('0024-JGM-2011', 0)":"Diputados","('0024-JGM-2011', 1)":null},"('Tramites', 'MOVIMIENTO')":{"('0024-JGM-2011', 0)":"CONSIDERACION Y APROBACION","('0024-JGM-2011', 1)":null},"('Tramites', 'FECHA')":{"('0024-JGM-2011', 0)":"21\/03\/2012","('0024-JGM-2011', 1)":null},"('Tramites', 'RESULTADO')":{"('0024-JGM-2011', 0)":"APROBADO","('0024-JGM-2011', 1)":null},"Link":{"('0024-JGM-2011', 0)":"https:\/\/www4.hcdn.gob.ar\/dependencias\/dsecretaria\/Periodo2011\/PDF2011\/TP2011\/0024-JGM-11.pdf","('0024-JGM-2011', 1)":null},"Palabra Clave":{"('0024-JGM-2011', 0)":" ","('0024-JGM-2011', 1)":null}}