{"Tipo de Proyecto":{"('0025-JGM-2011', 0)":"MENSAJE NRO: 0051\/12","('0025-JGM-2011', 1)":null},"Iniciado en: ":{"('0025-JGM-2011', 0)":"Diputados","('0025-JGM-2011', 1)":null},"Expediente Diputados: ":{"('0025-JGM-2011', 0)":"0025-JGM-2011","('0025-JGM-2011', 1)":null},"Publicado en: ":{"('0025-JGM-2011', 0)":"Tr\u00e1mite Parlamentario N\u00b0 202","('0025-JGM-2011', 1)":null},"Fecha: ":{"('0025-JGM-2011', 0)":"15\/02\/2012","('0025-JGM-2011', 1)":null},"T\u00edtulo":{"('0025-JGM-2011', 0)":"COMUNICACION DEL DECRETO DE NECESIDAD Y URGENCIA 201\/2012 POR EL CUAL SE SUSPENDE DESDE EL 1 DE ENERO DE 2012 HASTA EL 31 DE DICIEMBRE DE 2012 INCLUSIVE, LA APLICACION DE LAS DISPOSICIONES DEL DECRETO 814\/01 Y MODIFICATORIAS, RESPECTO DE EMPLEADORES TITULARES DE ESTABLECIMIENTOS EDUCATIVOS DE GESTION PRIVADAS INCORPORADOS A LA ENSE\u00d1ANZA OFICIAL.","('0025-JGM-2011', 1)":null},"('Firmantes', 'FIRMANTE')":{"('0025-JGM-2011', 0)":"ABAL MEDINA, JUAN MANUEL","('0025-JGM-2011', 1)":"LORENZINO, HERNAN"},"('Firmantes', 'DISTRITO')":{"('0025-JGM-2011', 0)":null,"('0025-JGM-2011', 1)":null},"('Firmantes', 'BLOQUE')":{"('0025-JGM-2011', 0)":"PODER EJECUTIVO","('0025-JGM-2011', 1)":"PODER EJECUTIVO"},"('Giros', 'COMISI\u00d3N')":{"('0025-JGM-2011', 0)":"BICAMERAL PERMANENTE DE TRAMITE LEGISLATIVO - LEY 26122","('0025-JGM-2011', 1)":null},"('Tramites', 'C\u00c1MARA')":{"('0025-JGM-2011', 0)":"Diputados","('0025-JGM-2011', 1)":"Diputados"},"('Tramites', 'MOVIMIENTO')":{"('0025-JGM-2011', 0)":"CONSIDERACION Y APROBACION","('0025-JGM-2011', 1)":"VER TRAMITE DEL DECRETO EN SENADO EN EXPEDIENTE 0232-S-2012."},"('Tramites', 'FECHA')":{"('0025-JGM-2011', 0)":"21\/03\/2012","('0025-JGM-2011', 1)":null},"('Tramites', 'RESULTADO')":{"('0025-JGM-2011', 0)":"APROBADO","('0025-JGM-2011', 1)":null},"Link":{"('0025-JGM-2011', 0)":"https:\/\/www4.hcdn.gob.ar\/dependencias\/dsecretaria\/Periodo2011\/PDF2011\/TP2011\/0025-JGM-11.pdf","('0025-JGM-2011', 1)":null},"Palabra Clave":{"('0025-JGM-2011', 0)":" ","('0025-JGM-2011', 1)":null}}