{"Tipo de Proyecto":{"('0026-D-2011', 0)":"PROYECTO DE RESOLUCI\u00d3N"},"Iniciado en: ":{"('0026-D-2011', 0)":"Diputados"},"Expediente Diputados: ":{"('0026-D-2011', 0)":"0026-D-2011"},"Publicado en: ":{"('0026-D-2011', 0)":"Tr\u00e1mite Parlamentario N\u00b0 1"},"Fecha: ":{"('0026-D-2011', 0)":"01\/03\/2011"},"T\u00edtulo":{"('0026-D-2011', 0)":"PEDIDO DE INFORMES AL PODER EJECUTIVO SOBRE LOS PLAZOS DE FINALIZACION DE LAS OBRAS DE LA CENTRAL NUCLEAR ATUCHA II."},"('Firmantes', 'FIRMANTE')":{"('0026-D-2011', 0)":"COMELLI, ALICIA MARCELA"},"('Firmantes', 'DISTRITO')":{"('0026-D-2011', 0)":"NEUQUEN"},"('Firmantes', 'BLOQUE')":{"('0026-D-2011', 0)":"MOV POP NEUQUINO"},"('Giros', 'COMISI\u00d3N')":{"('0026-D-2011', 0)":"ENERGIA Y COMBUSTIBLES"},"Link":{"('0026-D-2011', 0)":"https:\/\/www.hcdn.gob.ar\/proyectos\/textoCompleto.jsp?exp=0026-D-2011&tipo=RESOLUCION"},"Palabra Clave":{"('0026-D-2011', 0)":" "}}