{"Tipo de Proyecto":{"('0026-S-2011', 0)":"PROYECTO DE DECLARACI\u00d3N","('0026-S-2011', 1)":null},"Iniciado en: ":{"('0026-S-2011', 0)":"Senado","('0026-S-2011', 1)":null},"Expediente Senado: ":{"('0026-S-2011', 0)":"0026-S-2011","('0026-S-2011', 1)":null},"Publicado en: ":{"('0026-S-2011', 0)":"Diario de Asuntos Entrados N\u00b0 2","('0026-S-2011', 1)":null},"Fecha: ":{"('0026-S-2011', 0)":"02\/03\/2011","('0026-S-2011', 1)":null},"T\u00edtulo":{"('0026-S-2011', 0)":"ADHERIR A LA CONMEMORACION DEL DIA DE LA ANTARTIDA ARGENTINA, EL 22 DE FEBRERO.","('0026-S-2011', 1)":null},"('Firmantes', 'FIRMANTE')":{"('0026-S-2011', 0)":"LORES, HORACIO","('0026-S-2011', 1)":null},"('Firmantes', 'DISTRITO')":{"('0026-S-2011', 0)":"NEUQUEN","('0026-S-2011', 1)":null},"('Firmantes', 'BLOQUE')":{"('0026-S-2011', 0)":"MOV POP NEUQUINO","('0026-S-2011', 1)":null},"('Tramites', 'C\u00c1MARA')":{"('0026-S-2011', 0)":"Senado","('0026-S-2011', 1)":"Senado"},"('Tramites', 'MOVIMIENTO')":{"('0026-S-2011', 0)":"MOCION SOBRE TABLAS (AFIRMATIVA) CONJUNTAMENTE PARA LOS EXPEDIENTES 0026-S-2011 y 0169-S-2011","('0026-S-2011', 1)":"CONSIDERACION Y APROBACION CONJUNTAMENTE PARA LOS EXPEDIENTES 0026-S-2011 y 0169-S-2011"},"('Tramites', 'FECHA')":{"('0026-S-2011', 0)":"16\/03\/2011","('0026-S-2011', 1)":"16\/03\/2011"},"('Tramites', 'RESULTADO')":{"('0026-S-2011', 0)":null,"('0026-S-2011', 1)":"APROBADO"},"Link":{"('0026-S-2011', 0)":"http:\/\/www.senado.gov.ar\/parlamentario\/comisiones\/verExp\/26.11\/S\/PD","('0026-S-2011', 1)":null},"Palabra Clave":{"('0026-S-2011', 0)":" ","('0026-S-2011', 1)":null}}