{"Tipo de Proyecto":{"('0028-S-2011', 0)":"PROYECTO DE DECLARACI\u00d3N"},"Iniciado en: ":{"('0028-S-2011', 0)":"Senado"},"Expediente Senado: ":{"('0028-S-2011', 0)":"0028-S-2011"},"Publicado en: ":{"('0028-S-2011', 0)":"Diario de Asuntos Entrados N\u00b0 2"},"Fecha: ":{"('0028-S-2011', 0)":"02\/03\/2011"},"T\u00edtulo":{"('0028-S-2011', 0)":"ADHERIR A LA CONMEMORACION DE UN NUEVO ANIVERSARIO DE LA FUNDACION DE LA LOCALIDAD DE EL HUECU, PROVINCIA DEL NEUQUEN, EFECTUADA EL 1 DE FEBRERO DE 1940."},"('Firmantes', 'FIRMANTE')":{"('0028-S-2011', 0)":"LORES, HORACIO"},"('Firmantes', 'DISTRITO')":{"('0028-S-2011', 0)":"NEUQUEN"},"('Firmantes', 'BLOQUE')":{"('0028-S-2011', 0)":"MOV POP NEUQUINO"},"('Tramites', 'C\u00c1MARA')":{"('0028-S-2011', 0)":"Senado"},"('Tramites', 'MOVIMIENTO')":{"('0028-S-2011', 0)":"CONSIDERACION Y APROBACION"},"('Tramites', 'FECHA')":{"('0028-S-2011', 0)":"01\/06\/2011"},"('Tramites', 'RESULTADO')":{"('0028-S-2011', 0)":"APROBADO"},"Link":{"('0028-S-2011', 0)":"http:\/\/www.senado.gov.ar\/parlamentario\/comisiones\/verExp\/28.11\/S\/PD"},"Palabra Clave":{"('0028-S-2011', 0)":" "}}