{"Tipo de Proyecto":{"('0030-D-2011', 0)":"PROYECTO DE RESOLUCI\u00d3N"},"Iniciado en: ":{"('0030-D-2011', 0)":"Diputados"},"Expediente Diputados: ":{"('0030-D-2011', 0)":"0030-D-2011"},"Publicado en: ":{"('0030-D-2011', 0)":"Tr\u00e1mite Parlamentario N\u00b0 1"},"Fecha: ":{"('0030-D-2011', 0)":"01\/03\/2011"},"T\u00edtulo":{"('0030-D-2011', 0)":"EXPRESAR RECHAZO Y REPUDIO AL PEDIDO DE LAS AUTORIDADES DE LAS ISLAS MALVINAS HACIA EL BARCO SHAMAN, DE BANDERA ARGENTINA, PARA QUE BAJARA EL PABELLON NACIONAL Y LO SUSTITUYERA POR EL DEL REINO UNIDO DE GRAN BRETA\u00d1A."},"('Firmantes', 'FIRMANTE')":{"('0030-D-2011', 0)":"COMELLI, ALICIA MARCELA"},"('Firmantes', 'DISTRITO')":{"('0030-D-2011', 0)":"NEUQUEN"},"('Firmantes', 'BLOQUE')":{"('0030-D-2011', 0)":"MOV POP NEUQUINO"},"('Giros', 'COMISI\u00d3N')":{"('0030-D-2011', 0)":"RELACIONES EXTERIORES Y CULTO"},"Link":{"('0030-D-2011', 0)":"https:\/\/www.hcdn.gob.ar\/proyectos\/textoCompleto.jsp?exp=0030-D-2011&tipo=RESOLUCION"},"Palabra Clave":{"('0030-D-2011', 0)":" "}}