{"Tipo de Proyecto":{"('0031-D-2011', 0)":"PROYECTO DE LEY","('0031-D-2011', 1)":null},"Iniciado en: ":{"('0031-D-2011', 0)":"Diputados","('0031-D-2011', 1)":null},"Expediente Diputados: ":{"('0031-D-2011', 0)":"0031-D-2011","('0031-D-2011', 1)":null},"Publicado en: ":{"('0031-D-2011', 0)":"Tr\u00e1mite Parlamentario N\u00b0 1","('0031-D-2011', 1)":null},"Fecha: ":{"('0031-D-2011', 0)":"01\/03\/2011","('0031-D-2011', 1)":null},"T\u00edtulo":{"('0031-D-2011', 0)":"PRESUPUESTOS MINIMOS AMBIENTALES, LEY 25675: MODIFICACIONES, SOBRE POLITICAS AMBIENTALES (REPRODUCCION DEL EXPEDIENTE 0166-D-09).","('0031-D-2011', 1)":null},"('Firmantes', 'FIRMANTE')":{"('0031-D-2011', 0)":"COMELLI, ALICIA MARCELA","('0031-D-2011', 1)":null},"('Firmantes', 'DISTRITO')":{"('0031-D-2011', 0)":"NEUQUEN","('0031-D-2011', 1)":null},"('Firmantes', 'BLOQUE')":{"('0031-D-2011', 0)":"MOV POP NEUQUINO","('0031-D-2011', 1)":null},"('Giros', 'COMISI\u00d3N')":{"('0031-D-2011', 0)":"RECURSOS NATURALES Y CONSERVACION DEL AMBIENTE HUMANO","('0031-D-2011', 1)":"PRESUPUESTO Y HACIENDA"},"('Tramites', 'C\u00c1MARA')":{"('0031-D-2011', 0)":"Diputados","('0031-D-2011', 1)":null},"('Tramites', 'MOVIMIENTO')":{"('0031-D-2011', 0)":"REPRODUCIDO POR EXPEDIENTE 0291-D-13","('0031-D-2011', 1)":null},"('Tramites', 'FECHA')":{"('0031-D-2011', 0)":null,"('0031-D-2011', 1)":null},"('Tramites', 'RESULTADO')":{"('0031-D-2011', 0)":null,"('0031-D-2011', 1)":null},"Sumario":{"('0031-D-2011', 0)":"MODIFICACION DE LA DENOMINACION POR LA DE \"LEY GENERAL DEL AMBIENTE Y DE PRESUPUESTOS MINIMOS DE PROTECCION\"; MODIFICACION DE LOS ARTICULOS 1, 2 Y 3; INCORPORACION DE LOS ARTICULOS 31 BIS Y 34 BIS; INVITACION A LAS PROVINCIAS Y A LA CIUDAD AUTONOMA DE BUENOS AIRES A ADHERIR A LOS ARTICULOS 2, 4, 5, 8, 9, 10, 11, 12, 13, 16, 19, 20, 21, 26 Y 33.","('0031-D-2011', 1)":null},"Palabra Clave":{"('0031-D-2011', 0)":" ","('0031-D-2011', 1)":null}}