{"Tipo de Proyecto":{"('0032-D-2011', 0)":"PROYECTO DE LEY","('0032-D-2011', 1)":null},"Iniciado en: ":{"('0032-D-2011', 0)":"Diputados","('0032-D-2011', 1)":null},"Expediente Diputados: ":{"('0032-D-2011', 0)":"0032-D-2011","('0032-D-2011', 1)":null},"Publicado en: ":{"('0032-D-2011', 0)":"Tr\u00e1mite Parlamentario N\u00b0 1","('0032-D-2011', 1)":null},"Fecha: ":{"('0032-D-2011', 0)":"01\/03\/2011","('0032-D-2011', 1)":null},"T\u00edtulo":{"('0032-D-2011', 0)":"FONDO NACIONAL DE INCENTIVO DOCENTE, LEY 25053: MODIFICACION DEL ARTICULO 13 (RECURSOS), DEROGACION DEL ARTICULO 1 DEL DECRETO REGLAMENTARIO 878\/99 (REPRODUCCION DEL EXPEDIENTE 0167-D-09).","('0032-D-2011', 1)":null},"('Firmantes', 'FIRMANTE')":{"('0032-D-2011', 0)":"COMELLI, ALICIA MARCELA","('0032-D-2011', 1)":null},"('Firmantes', 'DISTRITO')":{"('0032-D-2011', 0)":"NEUQUEN","('0032-D-2011', 1)":null},"('Firmantes', 'BLOQUE')":{"('0032-D-2011', 0)":"MOV POP NEUQUINO","('0032-D-2011', 1)":null},"('Giros', 'COMISI\u00d3N')":{"('0032-D-2011', 0)":"EDUCACION","('0032-D-2011', 1)":"PRESUPUESTO Y HACIENDA"},"('Tramites', 'C\u00c1MARA')":{"('0032-D-2011', 0)":"Diputados","('0032-D-2011', 1)":null},"('Tramites', 'MOVIMIENTO')":{"('0032-D-2011', 0)":"REPRODUCIDO POR EXPEDIENTE 0292-D-13","('0032-D-2011', 1)":null},"('Tramites', 'FECHA')":{"('0032-D-2011', 0)":null,"('0032-D-2011', 1)":null},"('Tramites', 'RESULTADO')":{"('0032-D-2011', 0)":null,"('0032-D-2011', 1)":null},"Palabra Clave":{"('0032-D-2011', 0)":" ","('0032-D-2011', 1)":null}}