{"Tipo de Proyecto":{"('0032-S-2011', 0)":"COMUNICACION"},"Iniciado en: ":{"('0032-S-2011', 0)":"Senado"},"Expediente Senado: ":{"('0032-S-2011', 0)":"0032-S-2011"},"Publicado en: ":{"('0032-S-2011', 0)":"Diario de Asuntos Entrados N\u00b0 2"},"Fecha: ":{"('0032-S-2011', 0)":"02\/03\/2011"},"T\u00edtulo":{"('0032-S-2011', 0)":"SOLICITAR AL PODER EJECUTIVO DISPONGA LAS MEDIDAS CONDUCENTES A DAR CUMPLIMIENTO URGENTE A LA EJECUCION DE LOS TRABAJOS DE RESTAURACION NECESARIOS PARA EL EDIFICIO E INSTALACIONES DEL REGIMIENTO DE INFANTERIA DE MONTA\u00d1A \"TENIENTE GENERAL RACEDO\", UBICADO EN LA LOCALIDAD DE COVUNCO, PROVINCIA DEL NEUQUEN, Y QUE FUERA DECLARADO MONUMENTO HISTORICO NACIONAL SEGUN LA LEY 26312."},"('Firmantes', 'FIRMANTE')":{"('0032-S-2011', 0)":"LORES, HORACIO"},"('Firmantes', 'DISTRITO')":{"('0032-S-2011', 0)":"NEUQUEN"},"('Firmantes', 'BLOQUE')":{"('0032-S-2011', 0)":"MOV POP NEUQUINO"},"Link":{"('0032-S-2011', 0)":"http:\/\/www.senado.gov.ar\/parlamentario\/comisiones\/verExp\/32.11\/S\/PC"},"Palabra Clave":{"('0032-S-2011', 0)":" "}}