{"Tipo de Proyecto":{"('0034-S-2011', 0)":"PROYECTO DE DECLARACI\u00d3N","('0034-S-2011', 1)":null},"Iniciado en: ":{"('0034-S-2011', 0)":"Senado","('0034-S-2011', 1)":null},"Expediente Senado: ":{"('0034-S-2011', 0)":"0034-S-2011","('0034-S-2011', 1)":null},"Publicado en: ":{"('0034-S-2011', 0)":"Diario de Asuntos Entrados N\u00b0 3","('0034-S-2011', 1)":null},"Fecha: ":{"('0034-S-2011', 0)":"02\/03\/2011","('0034-S-2011', 1)":null},"T\u00edtulo":{"('0034-S-2011', 0)":"DECLARAR DE INTERES LA REALIZACION DE LA EXPOSICION INTERNACIONAL DE LA MAQUINA HERRAMIENTA, HERRAMIENTAS Y AFINES, DEL 25 AL 30 DE MARZO EN LA CIUDAD AUTONOMA DE BUENOS AIRES.","('0034-S-2011', 1)":null},"('Firmantes', 'FIRMANTE')":{"('0034-S-2011', 0)":"HIGONET, MARIA DE LOS ANGELES","('0034-S-2011', 1)":"VERNA, CARLOS ALBERTO"},"('Firmantes', 'DISTRITO')":{"('0034-S-2011', 0)":"LA PAMPA","('0034-S-2011', 1)":"LA PAMPA"},"('Firmantes', 'BLOQUE')":{"('0034-S-2011', 0)":"PARTIDO JUSTICIALISTA LA PAMPA","('0034-S-2011', 1)":"PARTIDO JUSTICIALISTA LA PAMPA"},"('Tramites', 'C\u00c1MARA')":{"('0034-S-2011', 0)":"Senado","('0034-S-2011', 1)":"Senado"},"('Tramites', 'MOVIMIENTO')":{"('0034-S-2011', 0)":"MOCION SOBRE TABLAS (AFIRMATIVA)","('0034-S-2011', 1)":"CONSIDERACION Y APROBACION"},"('Tramites', 'FECHA')":{"('0034-S-2011', 0)":"16\/03\/2011","('0034-S-2011', 1)":"16\/03\/2011"},"('Tramites', 'RESULTADO')":{"('0034-S-2011', 0)":null,"('0034-S-2011', 1)":"APROBADO"},"Link":{"('0034-S-2011', 0)":"http:\/\/www.senado.gov.ar\/parlamentario\/comisiones\/verExp\/34.11\/S\/PD","('0034-S-2011', 1)":null},"Palabra Clave":{"('0034-S-2011', 0)":" ","('0034-S-2011', 1)":null}}