{"Tipo de Proyecto":{"('0034-D-2011', 0)":"PROYECTO DE LEY","('0034-D-2011', 1)":null,"('0034-D-2011', 2)":null},"Iniciado en: ":{"('0034-D-2011', 0)":"Diputados","('0034-D-2011', 1)":null,"('0034-D-2011', 2)":null},"Expediente Diputados: ":{"('0034-D-2011', 0)":"0034-D-2011","('0034-D-2011', 1)":null,"('0034-D-2011', 2)":null},"Publicado en: ":{"('0034-D-2011', 0)":"Tr\u00e1mite Parlamentario N\u00b0 1","('0034-D-2011', 1)":null,"('0034-D-2011', 2)":null},"Fecha: ":{"('0034-D-2011', 0)":"01\/03\/2011","('0034-D-2011', 1)":null,"('0034-D-2011', 2)":null},"T\u00edtulo":{"('0034-D-2011', 0)":"DERECHO DE PERCIBIR UNA INDEMNIZACION A LAS PERSONAS EXILIADAS POR RAZONES POLITICAS ENTRE EL 16 DE SEPTIEMBRE DE 1955 Y EL 10 DE DICIEMBRE DE 1983 (REPRODUCCION DEL EXPEDIENTE 0170-D-09).","('0034-D-2011', 1)":null,"('0034-D-2011', 2)":null},"('Firmantes', 'FIRMANTE')":{"('0034-D-2011', 0)":"COMELLI, ALICIA MARCELA","('0034-D-2011', 1)":null,"('0034-D-2011', 2)":null},"('Firmantes', 'DISTRITO')":{"('0034-D-2011', 0)":"NEUQUEN","('0034-D-2011', 1)":null,"('0034-D-2011', 2)":null},"('Firmantes', 'BLOQUE')":{"('0034-D-2011', 0)":"MOV POP NEUQUINO","('0034-D-2011', 1)":null,"('0034-D-2011', 2)":null},"('Giros', 'COMISI\u00d3N')":{"('0034-D-2011', 0)":"DERECHOS HUMANOS Y GARANTIAS","('0034-D-2011', 1)":"JUSTICIA","('0034-D-2011', 2)":"PRESUPUESTO Y HACIENDA"},"('Tramites', 'C\u00c1MARA')":{"('0034-D-2011', 0)":"Diputados","('0034-D-2011', 1)":null,"('0034-D-2011', 2)":null},"('Tramites', 'MOVIMIENTO')":{"('0034-D-2011', 0)":"REPRODUCIDO POR EXPEDIENTE 0290-D-13","('0034-D-2011', 1)":null,"('0034-D-2011', 2)":null},"('Tramites', 'FECHA')":{"('0034-D-2011', 0)":null,"('0034-D-2011', 1)":null,"('0034-D-2011', 2)":null},"('Tramites', 'RESULTADO')":{"('0034-D-2011', 0)":null,"('0034-D-2011', 1)":null,"('0034-D-2011', 2)":null},"Sumario":{"('0034-D-2011', 0)":"RECONOCIMIENTO, UNIONES DE HECHO, CONCURRENCIA, CARACTER DE LA INDEMNIZACION, ACREDITACION, MONTO, TRAMITACION DE RECLAMOS, CADUCIDAD, EXENCIONES, RENUNCIAS","('0034-D-2011', 1)":null,"('0034-D-2011', 2)":null},"Palabra Clave":{"('0034-D-2011', 0)":" ","('0034-D-2011', 1)":null,"('0034-D-2011', 2)":null}}