{"Tipo de Proyecto":{"('0034-OV-2011', 0)":"PROYECTO DE RESOLUCI\u00d3N"},"Iniciado en: ":{"('0034-OV-2011', 0)":"Diputados"},"Expediente Diputados: ":{"('0034-OV-2011', 0)":"0034-OV-2011"},"Fecha: ":{"('0034-OV-2011', 0)":"27\/10\/2011"},"T\u00edtulo":{"('0034-OV-2011', 0)":"DICTAMEN EN LA RESPUESTA REMITIDA POR LA JEFATURA DE GABINETE DE MINISTROS EN RELACION A LA RESOLUCION 0195-S-07 (0353-OV-06), APROBADA POR EL H. CONGRESO DE LA NACION;  SOBRE LAS MEDIDAS ADOPTADAS A FIN DE ASEGURAR QUE LA ADMINISTRACION DE PARQUES NACIONALES CUMPLA EN SUMINISTRAR INFORMACION A LA AGN."},"('Firmantes', 'FIRMANTE')":{"('0034-OV-2011', 0)":"PARLAMENTARIA MIXTA REVISORA DE CUENTAS"},"('Firmantes', 'DISTRITO')":{"('0034-OV-2011', 0)":null},"('Firmantes', 'BLOQUE')":{"('0034-OV-2011', 0)":null},"('Giros', 'COMISI\u00d3N')":{"('0034-OV-2011', 0)":"PARLAMENTARIA MIXTA REVISORA DE CUENTAS"},"('Tramites', 'C\u00c1MARA')":{"('0034-OV-2011', 0)":"Diputados"},"('Tramites', 'MOVIMIENTO')":{"('0034-OV-2011', 0)":"CONSIDERACION Y APROBACION (AL ARCHIVO)"},"('Tramites', 'FECHA')":{"('0034-OV-2011', 0)":"23\/05\/2012"},"('Tramites', 'RESULTADO')":{"('0034-OV-2011', 0)":"APROBADO"},"Sumario":{"('0034-OV-2011', 0)":"HABIENDO TOMADO CONOCIMIENTO, Y SIN PERJUICIO DE ULTERIORES MEDIDAS QUE PUEDAN ADOPTARSE, SE ACONSEJA SU REMISION AL ARCHIVO."},"Palabra Clave":{"('0034-OV-2011', 0)":" "}}