{"Tipo de Proyecto":{"('0035-D-2011', 0)":"PROYECTO DE LEY","('0035-D-2011', 1)":null},"Iniciado en: ":{"('0035-D-2011', 0)":"Diputados","('0035-D-2011', 1)":null},"Expediente Diputados: ":{"('0035-D-2011', 0)":"0035-D-2011","('0035-D-2011', 1)":null},"Publicado en: ":{"('0035-D-2011', 0)":"Tr\u00e1mite Parlamentario N\u00b0 1","('0035-D-2011', 1)":null},"Fecha: ":{"('0035-D-2011', 0)":"01\/03\/2011","('0035-D-2011', 1)":null},"T\u00edtulo":{"('0035-D-2011', 0)":"PROPIEDAD INTELECTUAL, LEY 11723: MODIFICACION DEL ARTICULO 36, SOBRE EL DERECHO EXCLUSIVO DE LOS AUTORES PARA AUTORIZAR LA REPRESENTACION Y LA EJECUCION PUBLICA DE LAS OBRAS; DEROGACION DEL ARTICULO 33 DEL DECRETO 41233\/34 (REPRODUCCION DEL EXPEDIENTE 0171-D-09).","('0035-D-2011', 1)":null},"('Firmantes', 'FIRMANTE')":{"('0035-D-2011', 0)":"COMELLI, ALICIA MARCELA","('0035-D-2011', 1)":null},"('Firmantes', 'DISTRITO')":{"('0035-D-2011', 0)":"NEUQUEN","('0035-D-2011', 1)":null},"('Firmantes', 'BLOQUE')":{"('0035-D-2011', 0)":"MOV POP NEUQUINO","('0035-D-2011', 1)":null},"('Giros', 'COMISI\u00d3N')":{"('0035-D-2011', 0)":"LEGISLACION GENERAL","('0035-D-2011', 1)":"CULTURA"},"('Tramites', 'C\u00c1MARA')":{"('0035-D-2011', 0)":"Diputados","('0035-D-2011', 1)":null},"('Tramites', 'MOVIMIENTO')":{"('0035-D-2011', 0)":"REPRODUCIDO POR EXPEDIENTE 0434-D-13","('0035-D-2011', 1)":null},"('Tramites', 'FECHA')":{"('0035-D-2011', 0)":null,"('0035-D-2011', 1)":null},"('Tramites', 'RESULTADO')":{"('0035-D-2011', 0)":null,"('0035-D-2011', 1)":null},"Palabra Clave":{"('0035-D-2011', 0)":" ","('0035-D-2011', 1)":null}}