{"Tipo de Proyecto":{"('0035-OV-2011', 0)":"PROYECTO DE RESOLUCI\u00d3N"},"Iniciado en: ":{"('0035-OV-2011', 0)":"Diputados"},"Expediente Diputados: ":{"('0035-OV-2011', 0)":"0035-OV-2011"},"Fecha: ":{"('0035-OV-2011', 0)":"15\/02\/2012"},"T\u00edtulo":{"('0035-OV-2011', 0)":"DICTAMEN EN LA RESPUESTA REMITIDA POR LA JEFATURA DE GABINETE DE MINISTROS EN RELACION A LA RESOLUCION 0065-S-08 (0075-OV-07), APROBADA POR EL H. CONGRESO DE LA NACION; RESPECTO DEL INFORME SOBRE LOS ESTADOS FINANCIEROS AL 31\/12\/06, CORRESPONDIENTES AL PROGRAMA DE MEJORAMIENTO DEL SISTEMA EDUCATIVO, SUBPROGRAMA I MEJORAMIENTO DE LA CALIDAD Y EQUIDAD DE LA EDUCACION."},"('Firmantes', 'FIRMANTE')":{"('0035-OV-2011', 0)":"PARLAMENTARIA MIXTA REVISORA DE CUENTAS"},"('Firmantes', 'DISTRITO')":{"('0035-OV-2011', 0)":null},"('Firmantes', 'BLOQUE')":{"('0035-OV-2011', 0)":null},"('Giros', 'COMISI\u00d3N')":{"('0035-OV-2011', 0)":"PARLAMENTARIA MIXTA REVISORA DE CUENTAS"},"('Tramites', 'C\u00c1MARA')":{"('0035-OV-2011', 0)":"Diputados"},"('Tramites', 'MOVIMIENTO')":{"('0035-OV-2011', 0)":"CONSIDERACION Y APROBACION (AL ARCHIVO)"},"('Tramites', 'FECHA')":{"('0035-OV-2011', 0)":"21\/03\/2012"},"('Tramites', 'RESULTADO')":{"('0035-OV-2011', 0)":"APROBADO"},"Sumario":{"('0035-OV-2011', 0)":"HABIENDO TOMADO CONOCIMIENTO, Y SIN PERJUICIO DE ULTERIORES MEDIDAS QUE PUEDAN ADOPTARSE, SE ACONSEJA SU REMISION AL ARCHIVO."},"Palabra Clave":{"('0035-OV-2011', 0)":" "}}