{"Tipo de Proyecto":{"('0036-S-2011', 0)":"PROYECTO DE LEY"},"Iniciado en: ":{"('0036-S-2011', 0)":"Senado"},"Expediente Senado: ":{"('0036-S-2011', 0)":"0036-S-2011"},"Publicado en: ":{"('0036-S-2011', 0)":"Diario de Asuntos Entrados N\u00b0 3"},"Fecha: ":{"('0036-S-2011', 0)":"02\/03\/2011"},"T\u00edtulo":{"('0036-S-2011', 0)":"MODIFICACION DEL ARTICULO 87 LA LEY 24013 (LEY DE EMPLEO)  RESPECTO AL EMPLEO DE PERSONAS DISCAPACITADAS  (REPRODUCCION DEL EXPEDIENTE 0274-S-09)."},"('Firmantes', 'FIRMANTE')":{"('0036-S-2011', 0)":"GUINLE, MARCELO ALEJANDRO"},"('Firmantes', 'DISTRITO')":{"('0036-S-2011', 0)":"CHUBUT"},"('Firmantes', 'BLOQUE')":{"('0036-S-2011', 0)":"FRENTE PARA LA VICTORIA - PJ"},"Link":{"('0036-S-2011', 0)":"http:\/\/www.senado.gov.ar\/parlamentario\/comisiones\/verExp\/36.11\/S\/PL"},"Palabra Clave":{"('0036-S-2011', 0)":" "}}