{"Tipo de Proyecto":{"('0036-D-2011', 0)":"PROYECTO DE LEY","('0036-D-2011', 1)":null},"Iniciado en: ":{"('0036-D-2011', 0)":"Diputados","('0036-D-2011', 1)":null},"Expediente Diputados: ":{"('0036-D-2011', 0)":"0036-D-2011","('0036-D-2011', 1)":null},"Expediente Senado: ":{"('0036-D-2011', 0)":"0192-CD-2012","('0036-D-2011', 1)":null},"Publicado en: ":{"('0036-D-2011', 0)":"Tr\u00e1mite Parlamentario N\u00b0 1","('0036-D-2011', 1)":null},"Fecha: ":{"('0036-D-2011', 0)":"01\/03\/2011","('0036-D-2011', 1)":null},"T\u00edtulo":{"('0036-D-2011', 0)":"RECONOCER AL GENERO MUSICAL FOLKLORICO ZAMBA COMO PARTE INTEGRANTE DEL PATRIMONIO CULTURAL ARGENTINO Y DECLARAR DE INTERES CULTURAL NACIONAL SU PRESERVACION EN EL MARCO CONSTITUCIONAL QUE DISPONEN LOS ARTICULOS 41, PARRAFOS 2 Y 3, Y 75, INCISO 19); DECLARAR AL 29 DE SEPTIEMBRE DE CADA A\u00d1O COMO DIA NACIONAL DE LA ZAMBA EN HOMENAJE AL NATALICIO DEL MUSICO SALTE\u00d1O GUSTAVO \"CUCHI\" LEGUIZAMON (REPRODUCCION DEL EXPEDIENTE 0172-D-09).","('0036-D-2011', 1)":null},"('Firmantes', 'FIRMANTE')":{"('0036-D-2011', 0)":"COMELLI, ALICIA MARCELA","('0036-D-2011', 1)":null},"('Firmantes', 'DISTRITO')":{"('0036-D-2011', 0)":"NEUQUEN","('0036-D-2011', 1)":null},"('Firmantes', 'BLOQUE')":{"('0036-D-2011', 0)":"MOV POP NEUQUINO","('0036-D-2011', 1)":null},"('Giros', 'COMISI\u00d3N')":{"('0036-D-2011', 0)":"CULTURA","('0036-D-2011', 1)":"LEGISLACION GENERAL"},"('Tramites', 'C\u00c1MARA')":{"('0036-D-2011', 0)":"Diputados","('0036-D-2011', 1)":"Senado"},"('Tramites', 'MOVIMIENTO')":{"('0036-D-2011', 0)":"CONSIDERACION Y APROBACION","('0036-D-2011', 1)":"PASA A SENADO -"},"('Tramites', 'FECHA')":{"('0036-D-2011', 0)":"28\/11\/2012","('0036-D-2011', 1)":null},"('Tramites', 'RESULTADO')":{"('0036-D-2011', 0)":"MEDIA SANCION","('0036-D-2011', 1)":null},"Palabra Clave":{"('0036-D-2011', 0)":" ","('0036-D-2011', 1)":null}}