{"Tipo de Proyecto":{"('0037-S-2011', 0)":"PROYECTO DE LEY"},"Iniciado en: ":{"('0037-S-2011', 0)":"Senado"},"Expediente Senado: ":{"('0037-S-2011', 0)":"0037-S-2011"},"Publicado en: ":{"('0037-S-2011', 0)":"Diario de Asuntos Entrados N\u00b0 3"},"Fecha: ":{"('0037-S-2011', 0)":"02\/03\/2011"},"T\u00edtulo":{"('0037-S-2011', 0)":"MODIFICACION DEL ARTICULO 1 DEL DECRETO LEY 19485 - BONIFICACION EN LAS JUBILACIONES Y PENSIONES DE BENEFICIARIOS RADICADOS EN EL INTERIOR DEL PAIS (REPRODUCCION DEL EXPEDIENTE 0729-S-09)."},"('Firmantes', 'FIRMANTE')":{"('0037-S-2011', 0)":"GUINLE, MARCELO ALEJANDRO"},"('Firmantes', 'DISTRITO')":{"('0037-S-2011', 0)":"CHUBUT"},"('Firmantes', 'BLOQUE')":{"('0037-S-2011', 0)":"FRENTE PARA LA VICTORIA - PJ"},"('Tramites', 'C\u00c1MARA')":{"('0037-S-2011', 0)":"Senado"},"('Tramites', 'MOVIMIENTO')":{"('0037-S-2011', 0)":"REPRODUCIDO POR EXPEDIENTE 0092-S-13"},"('Tramites', 'FECHA')":{"('0037-S-2011', 0)":null},"('Tramites', 'RESULTADO')":{"('0037-S-2011', 0)":null},"Link":{"('0037-S-2011', 0)":"http:\/\/www.senado.gov.ar\/parlamentario\/comisiones\/verExp\/37.11\/S\/PL"},"Palabra Clave":{"('0037-S-2011', 0)":" "}}