{"Tipo de Proyecto":{"('0038-D-2011', 0)":"PROYECTO DE LEY","('0038-D-2011', 1)":null},"Iniciado en: ":{"('0038-D-2011', 0)":"Diputados","('0038-D-2011', 1)":null},"Expediente Diputados: ":{"('0038-D-2011', 0)":"0038-D-2011","('0038-D-2011', 1)":null},"Publicado en: ":{"('0038-D-2011', 0)":"Tr\u00e1mite Parlamentario N\u00b0 1","('0038-D-2011', 1)":null},"Fecha: ":{"('0038-D-2011', 0)":"01\/03\/2011","('0038-D-2011', 1)":null},"T\u00edtulo":{"('0038-D-2011', 0)":"REGIMEN PARA EL SERVICIO TELEFONICO POR REDES, LINEA SOLICITADA POR EL USUARIO Y PUESTA EN FUNCIONAMIENTO  (REPRODUCCION DEL EXPEDIENTE 0175-D-09).","('0038-D-2011', 1)":null},"('Firmantes', 'FIRMANTE')":{"('0038-D-2011', 0)":"COMELLI, ALICIA MARCELA","('0038-D-2011', 1)":null},"('Firmantes', 'DISTRITO')":{"('0038-D-2011', 0)":"NEUQUEN","('0038-D-2011', 1)":null},"('Firmantes', 'BLOQUE')":{"('0038-D-2011', 0)":"MOV POP NEUQUINO","('0038-D-2011', 1)":null},"('Giros', 'COMISI\u00d3N')":{"('0038-D-2011', 0)":"COMUNICACIONES E INFORMATICA","('0038-D-2011', 1)":"DEFENSA DEL CONSUMIDOR, DEL USUARIO Y DE LA COMPETENCIA"},"('Tramites', 'C\u00c1MARA')":{"('0038-D-2011', 0)":"Diputados","('0038-D-2011', 1)":null},"('Tramites', 'MOVIMIENTO')":{"('0038-D-2011', 0)":"REPRODUCIDO POR EXPEDIENTE 0437-D-13","('0038-D-2011', 1)":null},"('Tramites', 'FECHA')":{"('0038-D-2011', 0)":null,"('0038-D-2011', 1)":null},"('Tramites', 'RESULTADO')":{"('0038-D-2011', 0)":null,"('0038-D-2011', 1)":null},"Palabra Clave":{"('0038-D-2011', 0)":" ","('0038-D-2011', 1)":null}}