{"Tipo de Proyecto":{"('0038-S-2011', 0)":"PROYECTO DE LEY"},"Iniciado en: ":{"('0038-S-2011', 0)":"Senado"},"Expediente Senado: ":{"('0038-S-2011', 0)":"0038-S-2011"},"Publicado en: ":{"('0038-S-2011', 0)":"Diario de Asuntos Entrados N\u00b0 3"},"Fecha: ":{"('0038-S-2011', 0)":"02\/03\/2011"},"T\u00edtulo":{"('0038-S-2011', 0)":"LEY SOBRE ZONAS DE SEGURIDAD; CREACION Y CLASIFICACION DE ZONAS DE SEGURIDAD; CREACION DE LA COMISION NACIONAL DE ZONAS DE SEGURIDAD EN EL AMBITO DEL MINISTERIO DEL INTERIOR: DEROGACION DEL DECRETO LEY 15385\/44 , EL DECRETO 9329\/63 Y LA RESOLUCION 1751\/95 DEL MINISTERIO DE DEFENSA (REPRODUCCION DEL EXPEDIENTE 0270-S-09)."},"('Firmantes', 'FIRMANTE')":{"('0038-S-2011', 0)":"GUINLE, MARCELO ALEJANDRO"},"('Firmantes', 'DISTRITO')":{"('0038-S-2011', 0)":"CHUBUT"},"('Firmantes', 'BLOQUE')":{"('0038-S-2011', 0)":"FRENTE PARA LA VICTORIA - PJ"},"Link":{"('0038-S-2011', 0)":"http:\/\/www.senado.gov.ar\/parlamentario\/comisiones\/verExp\/38.11\/S\/PL"},"Palabra Clave":{"('0038-S-2011', 0)":" "}}