{"Tipo de Proyecto":{"('0038-OV-2011', 0)":"PROYECTO DE RESOLUCI\u00d3N"},"Iniciado en: ":{"('0038-OV-2011', 0)":"Diputados"},"Expediente Diputados: ":{"('0038-OV-2011', 0)":"0038-OV-2011"},"Fecha: ":{"('0038-OV-2011', 0)":"10\/02\/2012"},"T\u00edtulo":{"('0038-OV-2011', 0)":"DICTAMEN EN LA RESPUESTA REMITIDA POR LA JEFATURA DE GABINETE DE MINISTROS EN RELACION A LA RESOLUCION 0023-S-09 (0038-OV-11), APROBADA POR EL H. CONGRESO DE LA NACION; SOBRE LAS MEDIDAS ADOPTADAS A EFECTOS DE SOLUCIONAR LOS ASPECTOS SE\u00d1ALADOS POR LA AGN EN SU EXAMEN REALIZADO EN EL AMBITO DE LA SECRETARIA DE TRANSPORTE, LA COMISION NACIONAL DE REGULACION DEL TRANSPORTE Y LA CONSULTORA EJECUTIVA NACIONAL DE TRANSPORTE, REFERIDO A EVALUACION Y CONTROL DEL SISTEMA DE REVISION TECNICA DE JURISDICCION NACIONAL DEL TRANSPORTE AUTOMOTOR."},"('Firmantes', 'FIRMANTE')":{"('0038-OV-2011', 0)":"PARLAMENTARIA MIXTA REVISORA DE CUENTAS"},"('Firmantes', 'DISTRITO')":{"('0038-OV-2011', 0)":null},"('Firmantes', 'BLOQUE')":{"('0038-OV-2011', 0)":null},"('Giros', 'COMISI\u00d3N')":{"('0038-OV-2011', 0)":"PARLAMENTARIA MIXTA REVISORA DE CUENTAS"},"('Tramites', 'C\u00c1MARA')":{"('0038-OV-2011', 0)":"Diputados"},"('Tramites', 'MOVIMIENTO')":{"('0038-OV-2011', 0)":"CONSIDERACION Y APROBACION"},"('Tramites', 'FECHA')":{"('0038-OV-2011', 0)":"21\/03\/2012"},"('Tramites', 'RESULTADO')":{"('0038-OV-2011', 0)":"APROBADO"},"Sumario":{"('0038-OV-2011', 0)":"HABIENDO TOMADO CONOCIMIENTO, Y SIN PERJUICIO DE ULTERIORES MEDIDAS QUE PUEDAN ADOPTARSE, SE ACONSEJA SU REMISION AL ARCHIVO."},"Palabra Clave":{"('0038-OV-2011', 0)":" "}}