{"Tipo de Proyecto":{"('0039-OV-2011', 0)":"PROYECTO DE RESOLUCI\u00d3N"},"Iniciado en: ":{"('0039-OV-2011', 0)":"Diputados"},"Expediente Diputados: ":{"('0039-OV-2011', 0)":"0039-OV-2011"},"Fecha: ":{"('0039-OV-2011', 0)":"15\/02\/2012"},"T\u00edtulo":{"('0039-OV-2011', 0)":"DICTAMEN EN LA RESPUESTA REMITIDA POR LA JEFATURA DE GABINETE DE MINISTROS EN RELACION A LA RESOLUCION 0103-S-09 Y 0187-S-09 (0034-OV-08 Y 0433-OV-08),  APROBADA POR EL H. CONGRESO DE LA NACION; RESPECTO DEL INFORME SOBRE LOS ESTADOS FINANCIEROS AL 31\/12\/03, 31\/12\/04, 31\/12\/05, 31\/12\/06 Y 31\/12\/07, CORRESPONDIENTES AL PROGRAMA FEDERAL DE LA MUJER."},"('Firmantes', 'FIRMANTE')":{"('0039-OV-2011', 0)":"PARLAMENTARIA MIXTA REVISORA DE CUENTAS"},"('Firmantes', 'DISTRITO')":{"('0039-OV-2011', 0)":null},"('Firmantes', 'BLOQUE')":{"('0039-OV-2011', 0)":null},"('Giros', 'COMISI\u00d3N')":{"('0039-OV-2011', 0)":"PARLAMENTARIA MIXTA REVISORA DE CUENTAS"},"('Tramites', 'C\u00c1MARA')":{"('0039-OV-2011', 0)":"Diputados"},"('Tramites', 'MOVIMIENTO')":{"('0039-OV-2011', 0)":"CONSIDERACION Y APROBACION (AL ARCHIVO)"},"('Tramites', 'FECHA')":{"('0039-OV-2011', 0)":"21\/03\/2012"},"('Tramites', 'RESULTADO')":{"('0039-OV-2011', 0)":"APROBADO"},"Sumario":{"('0039-OV-2011', 0)":"HABIENDO TOMADO CONOCIMIENTO, Y SIN PERJUICIO DE ULTERIORES MEDIDAS QUE PUEDAN ADOPTARSE, SE ACONSEJA SU REMISION AL ARCHIVO."},"Palabra Clave":{"('0039-OV-2011', 0)":" "}}