{"Tipo de Proyecto":{"('0040-S-2011', 0)":"PROYECTO DE LEY"},"Iniciado en: ":{"('0040-S-2011', 0)":"Senado"},"Expediente Senado: ":{"('0040-S-2011', 0)":"0040-S-2011"},"Publicado en: ":{"('0040-S-2011', 0)":"Diario de Asuntos Entrados N\u00b0 3"},"Fecha: ":{"('0040-S-2011', 0)":"02\/03\/2011"},"T\u00edtulo":{"('0040-S-2011', 0)":"MODIFICACION DE LA LEY 23789, CON RESPECTO A LA AMPLIACION DE USUARIOS DEL TELEGRAMA OBRERO GRATUITO."},"('Firmantes', 'FIRMANTE')":{"('0040-S-2011', 0)":"GUINLE, MARCELO ALEJANDRO"},"('Firmantes', 'DISTRITO')":{"('0040-S-2011', 0)":"CHUBUT"},"('Firmantes', 'BLOQUE')":{"('0040-S-2011', 0)":"FRENTE PARA LA VICTORIA - PJ"},"Sumario":{"('0040-S-2011', 0)":"SUSTITUCION DE LOS ARTICULOS 1 Y 2; INCORPORACION DEL ARTICULO 3 BIS (FORMULARIO DIGITALIZADO),"},"Palabra Clave":{"('0040-S-2011', 0)":" "}}