{"Tipo de Proyecto":{"('0040-D-2011', 0)":"PROYECTO DE LEY","('0040-D-2011', 1)":null},"Iniciado en: ":{"('0040-D-2011', 0)":"Diputados","('0040-D-2011', 1)":null},"Expediente Diputados: ":{"('0040-D-2011', 0)":"0040-D-2011","('0040-D-2011', 1)":null},"Publicado en: ":{"('0040-D-2011', 0)":"Tr\u00e1mite Parlamentario N\u00b0 1","('0040-D-2011', 1)":null},"Fecha: ":{"('0040-D-2011', 0)":"01\/03\/2011","('0040-D-2011', 1)":null},"T\u00edtulo":{"('0040-D-2011', 0)":"MODIFICACION DE LA LEY DE IMPUESTO A LAS GANANCIAS, LEY 20628 (TEXTO ORDENADO POR DECRETO 649\/97 Y SUS MODIFICATORIAS): INCORPORACION DEL INCISO X) AL ARTICULO 20 (EXENCION EN LAS REMUNERACIONES PERCIBIDAS POR LOS PROFESIONALES Y TECNICOS DE LA SALUD) (REPRODUCCION DEL EXPEDIENTE 0179-D-09).","('0040-D-2011', 1)":null},"('Firmantes', 'FIRMANTE')":{"('0040-D-2011', 0)":"COMELLI, ALICIA MARCELA","('0040-D-2011', 1)":null},"('Firmantes', 'DISTRITO')":{"('0040-D-2011', 0)":"NEUQUEN","('0040-D-2011', 1)":null},"('Firmantes', 'BLOQUE')":{"('0040-D-2011', 0)":"MOV POP NEUQUINO","('0040-D-2011', 1)":null},"('Giros', 'COMISI\u00d3N')":{"('0040-D-2011', 0)":"PRESUPUESTO Y HACIENDA","('0040-D-2011', 1)":"ACCION SOCIAL Y SALUD PUBLICA"},"('Tramites', 'C\u00c1MARA')":{"('0040-D-2011', 0)":"Diputados","('0040-D-2011', 1)":null},"('Tramites', 'MOVIMIENTO')":{"('0040-D-2011', 0)":"REPRODUCIDO POR EXPEDIENTE 0439-D-13","('0040-D-2011', 1)":null},"('Tramites', 'FECHA')":{"('0040-D-2011', 0)":null,"('0040-D-2011', 1)":null},"('Tramites', 'RESULTADO')":{"('0040-D-2011', 0)":null,"('0040-D-2011', 1)":null},"Palabra Clave":{"('0040-D-2011', 0)":" ","('0040-D-2011', 1)":null}}