{"Tipo de Proyecto":{"('0040-OV-2011', 0)":"PROYECTO DE RESOLUCI\u00d3N"},"Iniciado en: ":{"('0040-OV-2011', 0)":"Diputados"},"Expediente Diputados: ":{"('0040-OV-2011', 0)":"0040-OV-2011"},"Fecha: ":{"('0040-OV-2011', 0)":"27\/10\/2011"},"T\u00edtulo":{"('0040-OV-2011', 0)":"DICTAMEN EN LA RESPUESTA REMITIDA POR LA JEFATURA DE GABINETE DE MINISTROS EN RELACION A LAS RESOLUCIONES 0119-S-09 (0271-OV-08) Y 0151-S-09 (0430-OV-07), APROBADAS POR EL H. CONGRESO DE LA NACION, SOBRE LAS MEDIDAS ADOPTADAS EN ATENCION A LAS OBSERVACIONES Y RECOMENDACIONES EFECTUADAS POR LA AUDITORIA GENERAL DE LA NACION, CON MOTIVO DEL EXAMEN REALIZADO EN EL AMBITO DE ADMINISTRACION NACIONAL DE SEGURIDAD SOCIAL."},"('Firmantes', 'FIRMANTE')":{"('0040-OV-2011', 0)":"PARLAMENTARIA MIXTA REVISORA DE CUENTAS"},"('Firmantes', 'DISTRITO')":{"('0040-OV-2011', 0)":null},"('Firmantes', 'BLOQUE')":{"('0040-OV-2011', 0)":null},"('Giros', 'COMISI\u00d3N')":{"('0040-OV-2011', 0)":"PARLAMENTARIA MIXTA REVISORA DE CUENTAS"},"('Tramites', 'C\u00c1MARA')":{"('0040-OV-2011', 0)":"Diputados"},"('Tramites', 'MOVIMIENTO')":{"('0040-OV-2011', 0)":"CONSIDERACION Y APROBACION (AL ARCHIVO)"},"('Tramites', 'FECHA')":{"('0040-OV-2011', 0)":"23\/05\/2012"},"('Tramites', 'RESULTADO')":{"('0040-OV-2011', 0)":"APROBADO"},"Sumario":{"('0040-OV-2011', 0)":"HABIENDO TOMADO CONOCIMIENTO, Y SIN PERJUICIO DE ULTERIORES MEDIDAS QUE PUEDAN ADOPTARSE, SE ACONSEJA SU REMISION AL ARCHIVO."},"Palabra Clave":{"('0040-OV-2011', 0)":" "}}