{"Tipo de Proyecto":{"('0041-OVD-2011', 0)":"PROYECTO DE RESOLUCI\u00d3N"},"Iniciado en: ":{"('0041-OVD-2011', 0)":"Senado"},"Expediente Senado: ":{"('0041-OVD-2011', 0)":"0041-OVD-2011"},"Fecha: ":{"('0041-OVD-2011', 0)":"27\/11\/2012"},"T\u00edtulo":{"('0041-OVD-2011', 0)":"DICTAMEN EN LA RESPUESTA REMITIDA POR LA JEFATURA DE GABINETE DE MINISTROS EN RELACION A LA RESOLUCION 0169-S-09 (0243-OV-07), APROBADA POR EL H. CONGRESO DE LA NACION; SOBRE LAS MEDIDAS ADOPTADAS PARA REGULARIZAR LAS OBSERVACIONES SE\u00d1ALADAS POR LA AUDITORIA GENERAL DE LA NACION CON MOTIVO DEL INFORME REALIZADO EN EL AMBITO DE LA SECRETARIA DE AMBIENTE Y DESARROLLO SUSTENTABLE CON EL OBJETO DE EVALUAR LA GESTION EN MATERIA DE PROGRAMAS NACIONALES Y ACCIONES IMPLEMENTADAS EN EL MARCO DEL CONVENIO DE CAMBIO CLIMATICO, PERIODO AUDITADO: 2004 A AGOSTO DE 2006."},"('Firmantes', 'FIRMANTE')":{"('0041-OVD-2011', 0)":"PARLAMENTARIA MIXTA REVISORA DE CUENTAS"},"('Firmantes', 'DISTRITO')":{"('0041-OVD-2011', 0)":null},"('Firmantes', 'BLOQUE')":{"('0041-OVD-2011', 0)":null},"('Tramites', 'C\u00c1MARA')":{"('0041-OVD-2011', 0)":"Senado"},"('Tramites', 'MOVIMIENTO')":{"('0041-OVD-2011', 0)":"CONSIDERACION Y APROBACION (AL ARCHIVO)"},"('Tramites', 'FECHA')":{"('0041-OVD-2011', 0)":"10\/12\/2014"},"('Tramites', 'RESULTADO')":{"('0041-OVD-2011', 0)":"APROBADO"},"Sumario":{"('0041-OVD-2011', 0)":"HABIENDO TOMADO CONOCIMIENTO, Y SIN PERJUICIO DE ULTERIORES MEDIDAS QUE PUEDAN ADOPTARSE, SE ACONSEJA SU REMISION AL ARCHIVO."},"Palabra Clave":{"('0041-OVD-2011', 0)":" "}}