{"Tipo de Proyecto":{"('0041-S-2011', 0)":"PROYECTO DE RESOLUCI\u00d3N","('0041-S-2011', 1)":null,"('0041-S-2011', 2)":null},"Iniciado en: ":{"('0041-S-2011', 0)":"Senado","('0041-S-2011', 1)":null,"('0041-S-2011', 2)":null},"Expediente Diputados: ":{"('0041-S-2011', 0)":"0041-S-2011","('0041-S-2011', 1)":null,"('0041-S-2011', 2)":null},"Expediente Senado: ":{"('0041-S-2011', 0)":"0403-OV-2008","('0041-S-2011', 1)":null,"('0041-S-2011', 2)":null},"Fecha: ":{"('0041-S-2011', 0)":"25\/11\/2009","('0041-S-2011', 1)":null,"('0041-S-2011', 2)":null},"T\u00edtulo":{"('0041-S-2011', 0)":"PEDIDO DE INFORMES AL PODER EJECUTIVO SOBRE RESOLUCIONES REMITIDAS POR LA AUDITORIA GENERAL DE LA NACION APROBANDO LOS ESTADOS FINANCIEROS AL 31 DE DICIEMBRE DE 2007 (0403-OV-08) Y 31 DE DICIEMBRE DE 2008 (0177-OV-09) CORRESPONDIENTES AL PROYECTO PNUD ARG\/06\/011 - APOYO A LA TRANSICION DEL PROGRAMA JEFES DE HOGAR - CONVENIO DE PRESTAMO 7369-AR BIRF.","('0041-S-2011', 1)":null,"('0041-S-2011', 2)":null},"('Firmantes', 'FIRMANTE')":{"('0041-S-2011', 0)":"PARLAMENTARIA MIXTA REVISORA DE CUENTAS","('0041-S-2011', 1)":null,"('0041-S-2011', 2)":null},"('Firmantes', 'DISTRITO')":{"('0041-S-2011', 0)":null,"('0041-S-2011', 1)":null,"('0041-S-2011', 2)":null},"('Firmantes', 'BLOQUE')":{"('0041-S-2011', 0)":null,"('0041-S-2011', 1)":null,"('0041-S-2011', 2)":null},"('Giros', 'COMISI\u00d3N')":{"('0041-S-2011', 0)":"PARLAMENTARIA MIXTA REVISORA DE CUENTAS","('0041-S-2011', 1)":null,"('0041-S-2011', 2)":null},"('Tramites', 'C\u00c1MARA')":{"('0041-S-2011', 0)":"Senado","('0041-S-2011', 1)":"Diputados","('0041-S-2011', 2)":"Diputados"},"('Tramites', 'MOVIMIENTO')":{"('0041-S-2011', 0)":"CONSIDERACION Y APROBACION","('0041-S-2011', 1)":"PASA A DIPUTADOS -","('0041-S-2011', 2)":"CONSIDERACION Y APROBACION"},"('Tramites', 'FECHA')":{"('0041-S-2011', 0)":"30\/03\/2011","('0041-S-2011', 1)":null,"('0041-S-2011', 2)":"27\/06\/2012"},"('Tramites', 'RESULTADO')":{"('0041-S-2011', 0)":"APROBADO","('0041-S-2011', 1)":null,"('0041-S-2011', 2)":"APROBADO"},"Link":{"('0041-S-2011', 0)":"http:\/\/www.senado.gov.ar\/parlamentario\/comisiones\/verExp\/403.08\/OV\/PR","('0041-S-2011', 1)":null,"('0041-S-2011', 2)":null},"Palabra Clave":{"('0041-S-2011', 0)":" ","('0041-S-2011', 1)":null,"('0041-S-2011', 2)":null}}