{"Tipo de Proyecto":{"('0041-D-2011', 0)":"PROYECTO DE LEY","('0041-D-2011', 1)":null},"Iniciado en: ":{"('0041-D-2011', 0)":"Diputados","('0041-D-2011', 1)":null},"Expediente Diputados: ":{"('0041-D-2011', 0)":"0041-D-2011","('0041-D-2011', 1)":null},"Publicado en: ":{"('0041-D-2011', 0)":"Tr\u00e1mite Parlamentario N\u00b0 1","('0041-D-2011', 1)":null},"Fecha: ":{"('0041-D-2011', 0)":"01\/03\/2011","('0041-D-2011', 1)":null},"T\u00edtulo":{"('0041-D-2011', 0)":"PRINCIPIOS DE BANGALORE SOBRE LA CONDUCTA JUDICIAL, RESOLUCION 2006\/23 DE LA ONU, COMPLEMENTARIOS DE LOS PRINCIPIOS BASICOS RELATIVOS A LA INDEPENDENCIA DE LA JUDICATURA SEGUN RESOLUCIONES 40\/32 Y 40\/146 DE LA ONU: ADOPTARLOS COMO PRINCIPIOS RECTORES DE LA CONDUCTA PARA MAGISTRADOS, FUNCIONARIOS JUDICIALES Y MIEMBROS DEL MINISTERIO PUBLICO; ANEXO. (REPRODUCCION DEL EXPEDIENTE 0180-D-09).","('0041-D-2011', 1)":null},"('Firmantes', 'FIRMANTE')":{"('0041-D-2011', 0)":"COMELLI, ALICIA MARCELA","('0041-D-2011', 1)":null},"('Firmantes', 'DISTRITO')":{"('0041-D-2011', 0)":"NEUQUEN","('0041-D-2011', 1)":null},"('Firmantes', 'BLOQUE')":{"('0041-D-2011', 0)":"MOV POP NEUQUINO","('0041-D-2011', 1)":null},"('Giros', 'COMISI\u00d3N')":{"('0041-D-2011', 0)":"JUSTICIA","('0041-D-2011', 1)":"RELACIONES EXTERIORES Y CULTO"},"('Tramites', 'C\u00c1MARA')":{"('0041-D-2011', 0)":"Diputados","('0041-D-2011', 1)":null},"('Tramites', 'MOVIMIENTO')":{"('0041-D-2011', 0)":"REPRODUCIDO POR EXPEDIENTE 0442-D-13","('0041-D-2011', 1)":null},"('Tramites', 'FECHA')":{"('0041-D-2011', 0)":null,"('0041-D-2011', 1)":null},"('Tramites', 'RESULTADO')":{"('0041-D-2011', 0)":null,"('0041-D-2011', 1)":null},"Sumario":{"('0041-D-2011', 0)":"INVITACION A ADHERIR.","('0041-D-2011', 1)":null},"Palabra Clave":{"('0041-D-2011', 0)":" ","('0041-D-2011', 1)":null}}