{"Tipo de Proyecto":{"('0043-S-2011', 0)":"PROYECTO DE LEY"},"Iniciado en: ":{"('0043-S-2011', 0)":"Senado"},"Expediente Senado: ":{"('0043-S-2011', 0)":"0043-S-2011"},"Publicado en: ":{"('0043-S-2011', 0)":"Diario de Asuntos Entrados N\u00b0 3"},"Fecha: ":{"('0043-S-2011', 0)":"02\/03\/2011"},"T\u00edtulo":{"('0043-S-2011', 0)":"SE ESTABLECE QUE LOS BENEFICIOS SOCIALES CONTEMPLADOS EN EL ARTICULO 103  BIS DE LA LEY 20744 (LEY DE CONTRATO DE TRABAJO) Y EN CONVENIOS COLECTIVOS DE TRABAJO, ASI COMO TAMBIEN LOS ADICIONALES POR ZONA O DESARRAIGO O PRIMAS ZONALES Y CUALQUIER OTRA RETRIBUCION AL TRABAJO PERSONAL EN RELACION DE DEPENDENCIA QUE TENGAN COMO ORIGEN O CAUSA LA COMPENSACION DE DIFERENCIAS REGIONALES, NO INTEGRAN LA BASE IMPONIBLE A LOS EFECTOS DE LA DETERMINACION DEL IMPUESTO A LAS GANANCIAS."},"('Firmantes', 'FIRMANTE')":{"('0043-S-2011', 0)":"GUINLE, MARCELO ALEJANDRO"},"('Firmantes', 'DISTRITO')":{"('0043-S-2011', 0)":"CHUBUT"},"('Firmantes', 'BLOQUE')":{"('0043-S-2011', 0)":"FRENTE PARA LA VICTORIA - PJ"},"Link":{"('0043-S-2011', 0)":"http:\/\/www.senado.gov.ar\/parlamentario\/comisiones\/verExp\/43.11\/S\/PL"},"Palabra Clave":{"('0043-S-2011', 0)":" "}}