{"Tipo de Proyecto":{"('0043-D-2011', 0)":"PROYECTO DE LEY","('0043-D-2011', 1)":null,"('0043-D-2011', 2)":null},"Iniciado en: ":{"('0043-D-2011', 0)":"Diputados","('0043-D-2011', 1)":null,"('0043-D-2011', 2)":null},"Expediente Diputados: ":{"('0043-D-2011', 0)":"0043-D-2011","('0043-D-2011', 1)":null,"('0043-D-2011', 2)":null},"Publicado en: ":{"('0043-D-2011', 0)":"Tr\u00e1mite Parlamentario N\u00b0 1","('0043-D-2011', 1)":null,"('0043-D-2011', 2)":null},"Fecha: ":{"('0043-D-2011', 0)":"01\/03\/2011","('0043-D-2011', 1)":null,"('0043-D-2011', 2)":null},"T\u00edtulo":{"('0043-D-2011', 0)":"REGIMEN PENAL TRIBUTARIO, LEY 24769 Y MODIFICATORIAS: DEROGACION DEL ARTICULO 16, SOBRE EXTINCION DE LA ACCION PENAL (REPRODUCCION DEL EXPEDIENTE 0182-D-09).","('0043-D-2011', 1)":null,"('0043-D-2011', 2)":null},"('Firmantes', 'FIRMANTE')":{"('0043-D-2011', 0)":"COMELLI, ALICIA MARCELA","('0043-D-2011', 1)":null,"('0043-D-2011', 2)":null},"('Firmantes', 'DISTRITO')":{"('0043-D-2011', 0)":"NEUQUEN","('0043-D-2011', 1)":null,"('0043-D-2011', 2)":null},"('Firmantes', 'BLOQUE')":{"('0043-D-2011', 0)":"MOV POP NEUQUINO","('0043-D-2011', 1)":null,"('0043-D-2011', 2)":null},"('Giros', 'COMISI\u00d3N')":{"('0043-D-2011', 0)":"LEGISLACION PENAL","('0043-D-2011', 1)":"PRESUPUESTO Y HACIENDA","('0043-D-2011', 2)":"PREVISION Y SEGURIDAD SOCIAL"},"('Tramites', 'C\u00c1MARA')":{"('0043-D-2011', 0)":"Diputados","('0043-D-2011', 1)":null,"('0043-D-2011', 2)":null},"('Tramites', 'MOVIMIENTO')":{"('0043-D-2011', 0)":"REPRODUCIDO POR EXPEDIENTE 0444-D-13","('0043-D-2011', 1)":null,"('0043-D-2011', 2)":null},"('Tramites', 'FECHA')":{"('0043-D-2011', 0)":null,"('0043-D-2011', 1)":null,"('0043-D-2011', 2)":null},"('Tramites', 'RESULTADO')":{"('0043-D-2011', 0)":null,"('0043-D-2011', 1)":null,"('0043-D-2011', 2)":null},"Palabra Clave":{"('0043-D-2011', 0)":" ","('0043-D-2011', 1)":null,"('0043-D-2011', 2)":null}}