{"Tipo de Proyecto":{"('0044-D-2011', 0)":"PROYECTO DE LEY","('0044-D-2011', 1)":null},"Iniciado en: ":{"('0044-D-2011', 0)":"Diputados","('0044-D-2011', 1)":null},"Expediente Diputados: ":{"('0044-D-2011', 0)":"0044-D-2011","('0044-D-2011', 1)":null},"Publicado en: ":{"('0044-D-2011', 0)":"Tr\u00e1mite Parlamentario N\u00b0 1","('0044-D-2011', 1)":null},"Fecha: ":{"('0044-D-2011', 0)":"01\/03\/2011","('0044-D-2011', 1)":null},"T\u00edtulo":{"('0044-D-2011', 0)":"REGIMEN DE AUTARQUIA PARA EL PODER JUDICIAL DE LA NACION, LEY 23853: MODIFICACIONES. (REPRODUCCION DEL EXPEDIENTE 0183-D-09).","('0044-D-2011', 1)":null},"('Firmantes', 'FIRMANTE')":{"('0044-D-2011', 0)":"COMELLI, ALICIA MARCELA","('0044-D-2011', 1)":null},"('Firmantes', 'DISTRITO')":{"('0044-D-2011', 0)":"NEUQUEN","('0044-D-2011', 1)":null},"('Firmantes', 'BLOQUE')":{"('0044-D-2011', 0)":"MOV POP NEUQUINO","('0044-D-2011', 1)":null},"('Giros', 'COMISI\u00d3N')":{"('0044-D-2011', 0)":"JUSTICIA","('0044-D-2011', 1)":"PRESUPUESTO Y HACIENDA"},"('Tramites', 'C\u00c1MARA')":{"('0044-D-2011', 0)":"Diputados","('0044-D-2011', 1)":null},"('Tramites', 'MOVIMIENTO')":{"('0044-D-2011', 0)":"REPRODUCIDO POR EXPEDIENTE 0445-D-13","('0044-D-2011', 1)":null},"('Tramites', 'FECHA')":{"('0044-D-2011', 0)":null,"('0044-D-2011', 1)":null},"('Tramites', 'RESULTADO')":{"('0044-D-2011', 0)":null,"('0044-D-2011', 1)":null},"Sumario":{"('0044-D-2011', 0)":"MODIFICACION DEL ARTICULO 8 (LA CORTE SUPREMA DE JUSTICIA DE LA NACION TENDRA AMPLIAS FACULTADES PARA DISPONER DE SU PATRIMONIO Y DETERMINAR EL REGIMEN DE ADMINISTRACION Y CONTRALOR DE SUS RECURSOS Y SU EJECUCION); ESTABLECER EL DEPOSITO REGULADO POR EL ARTICULO 268 DEL CODIGO PROCESAL CIVIL Y COMERCIAL EN LA SUMA DE $1000","('0044-D-2011', 1)":null},"Palabra Clave":{"('0044-D-2011', 0)":" ","('0044-D-2011', 1)":null}}