{"Tipo de Proyecto":{"('0045-D-2011', 0)":"PROYECTO DE LEY","('0045-D-2011', 1)":null},"Iniciado en: ":{"('0045-D-2011', 0)":"Diputados","('0045-D-2011', 1)":null},"Expediente Diputados: ":{"('0045-D-2011', 0)":"0045-D-2011","('0045-D-2011', 1)":null},"Publicado en: ":{"('0045-D-2011', 0)":"Tr\u00e1mite Parlamentario N\u00b0 1","('0045-D-2011', 1)":null},"Fecha: ":{"('0045-D-2011', 0)":"01\/03\/2011","('0045-D-2011', 1)":null},"T\u00edtulo":{"('0045-D-2011', 0)":"PROCEDIMIENTO TRIBUTARIO, LEY 11683 (TEXTO ORDENADO DECRETO 821\/98 Y SUS MODIFICATORIAS): MODIFICACION DEL ARTICULO 101, SOBRE DECLARACIONES JURADAS, MANIFESTACIONES E INFORMES QUE SE PRESENTAN A LA ADMINISTRACION FEDERAL DE INGRESOS PUBLICOS - AFIP. (REPRODUCCION DEL EXPEDIENTE 0185-D-09).","('0045-D-2011', 1)":null},"('Firmantes', 'FIRMANTE')":{"('0045-D-2011', 0)":"COMELLI, ALICIA MARCELA","('0045-D-2011', 1)":null},"('Firmantes', 'DISTRITO')":{"('0045-D-2011', 0)":"NEUQUEN","('0045-D-2011', 1)":null},"('Firmantes', 'BLOQUE')":{"('0045-D-2011', 0)":"MOV POP NEUQUINO","('0045-D-2011', 1)":null},"('Giros', 'COMISI\u00d3N')":{"('0045-D-2011', 0)":"PRESUPUESTO Y HACIENDA","('0045-D-2011', 1)":"JUSTICIA"},"('Tramites', 'C\u00c1MARA')":{"('0045-D-2011', 0)":"Diputados","('0045-D-2011', 1)":null},"('Tramites', 'MOVIMIENTO')":{"('0045-D-2011', 0)":"REPRODUCIDO POR EXPEDIENTE 0446-D-13","('0045-D-2011', 1)":null},"('Tramites', 'FECHA')":{"('0045-D-2011', 0)":null,"('0045-D-2011', 1)":null},"('Tramites', 'RESULTADO')":{"('0045-D-2011', 0)":null,"('0045-D-2011', 1)":null},"Palabra Clave":{"('0045-D-2011', 0)":" ","('0045-D-2011', 1)":null}}