{"Tipo de Proyecto":{"('0046-D-2011', 0)":"PROYECTO DE LEY","('0046-D-2011', 1)":null},"Iniciado en: ":{"('0046-D-2011', 0)":"Diputados","('0046-D-2011', 1)":null},"Expediente Diputados: ":{"('0046-D-2011', 0)":"0046-D-2011","('0046-D-2011', 1)":null},"Publicado en: ":{"('0046-D-2011', 0)":"Tr\u00e1mite Parlamentario N\u00b0 1","('0046-D-2011', 1)":null},"Fecha: ":{"('0046-D-2011', 0)":"01\/03\/2011","('0046-D-2011', 1)":null},"T\u00edtulo":{"('0046-D-2011', 0)":"MARCO REGULATORIO PARA EMPRESAS DE GESTION DE RESIDUOS ELECTRICOS Y ELECTRONICOS (REPRODUCCION DEL EXPEDIENTE 0187-D-09).","('0046-D-2011', 1)":null},"('Firmantes', 'FIRMANTE')":{"('0046-D-2011', 0)":"COMELLI, ALICIA MARCELA","('0046-D-2011', 1)":null},"('Firmantes', 'DISTRITO')":{"('0046-D-2011', 0)":"NEUQUEN","('0046-D-2011', 1)":null},"('Firmantes', 'BLOQUE')":{"('0046-D-2011', 0)":"MOV POP NEUQUINO","('0046-D-2011', 1)":null},"('Giros', 'COMISI\u00d3N')":{"('0046-D-2011', 0)":"RECURSOS NATURALES Y CONSERVACION DEL AMBIENTE HUMANO","('0046-D-2011', 1)":"INDUSTRIA"},"('Tramites', 'C\u00c1MARA')":{"('0046-D-2011', 0)":"Diputados","('0046-D-2011', 1)":null},"('Tramites', 'MOVIMIENTO')":{"('0046-D-2011', 0)":"REPRODUCIDO POR EXPEDIENTE 0447-D-13","('0046-D-2011', 1)":null},"('Tramites', 'FECHA')":{"('0046-D-2011', 0)":null,"('0046-D-2011', 1)":null},"('Tramites', 'RESULTADO')":{"('0046-D-2011', 0)":null,"('0046-D-2011', 1)":null},"Sumario":{"('0046-D-2011', 0)":"OBJETO Y AMBITO DE APLICACION; DEFINICIONES; MEDIDAS DE PREVENCION; ENTREGA DE RESIDUOS DE APARATOS ELECTRICOS Y ELECTRONICOS;  TRASLADO Y TRATAMIENTO DE LOS RESIDUOS;  REGISTRO NACIONAL DE GESTORES DE RESIDUOS ELECTRONICOS; REGIMEN DE PROMOCION; CAMPA\u00d1AS DE CONCIENTIZACION; ANEXO 1; ANEXO 2.","('0046-D-2011', 1)":null},"Palabra Clave":{"('0046-D-2011', 0)":" ","('0046-D-2011', 1)":null}}