{"Tipo de Proyecto":{"('0047-S-2011', 0)":"PROYECTO DE RESOLUCI\u00d3N","('0047-S-2011', 1)":null,"('0047-S-2011', 2)":null},"Iniciado en: ":{"('0047-S-2011', 0)":"Senado","('0047-S-2011', 1)":null,"('0047-S-2011', 2)":null},"Expediente Diputados: ":{"('0047-S-2011', 0)":"0047-S-2011","('0047-S-2011', 1)":null,"('0047-S-2011', 2)":null},"Expediente Senado: ":{"('0047-S-2011', 0)":"0195-OV-2008","('0047-S-2011', 1)":null,"('0047-S-2011', 2)":null},"Fecha: ":{"('0047-S-2011', 0)":"25\/11\/2009","('0047-S-2011', 1)":null,"('0047-S-2011', 2)":null},"T\u00edtulo":{"('0047-S-2011', 0)":"PEDIDO DE INFORMES AL PODER EJECUTIVO SOBRE RESOLUCION REMITIDA POR LA AUDITORIA GENERAL DE LA NACION REFERENTE A INFORME DE GESTION AMBIENTAL REALIZADO EN LA EMPRESA YACIMIENTO CARBONIFERO RIO TURBIO, A FIN DE CUMPLIMENTAR LAS RECOMENDACIONES DE LA ACTUACION 105\/02 AGN, RECOMENDACIONES DE LA ACTUACION 168\/02 Y GESTION DE LA INTERVENCION EN LO REFERIDO A LA PRESERVACION DEL AMBIENTE, TANTO EN EL AREA DEL YACIMIENTO, COMO EN LA DEL COMPLEJO FERROPORTUARIO RIO TURBIO - PUNTA LOYOLA.","('0047-S-2011', 1)":null,"('0047-S-2011', 2)":null},"('Firmantes', 'FIRMANTE')":{"('0047-S-2011', 0)":"PARLAMENTARIA MIXTA REVISORA DE CUENTAS","('0047-S-2011', 1)":null,"('0047-S-2011', 2)":null},"('Firmantes', 'DISTRITO')":{"('0047-S-2011', 0)":null,"('0047-S-2011', 1)":null,"('0047-S-2011', 2)":null},"('Firmantes', 'BLOQUE')":{"('0047-S-2011', 0)":null,"('0047-S-2011', 1)":null,"('0047-S-2011', 2)":null},"('Giros', 'COMISI\u00d3N')":{"('0047-S-2011', 0)":"PARLAMENTARIA MIXTA REVISORA DE CUENTAS","('0047-S-2011', 1)":null,"('0047-S-2011', 2)":null},"('Tramites', 'C\u00c1MARA')":{"('0047-S-2011', 0)":"Senado","('0047-S-2011', 1)":"Diputados","('0047-S-2011', 2)":"Diputados"},"('Tramites', 'MOVIMIENTO')":{"('0047-S-2011', 0)":"CONSIDERACION Y APROBACION","('0047-S-2011', 1)":"PASA A DIPUTADOS -","('0047-S-2011', 2)":"CONSIDERACION Y APROBACION"},"('Tramites', 'FECHA')":{"('0047-S-2011', 0)":"30\/03\/2011","('0047-S-2011', 1)":null,"('0047-S-2011', 2)":"27\/06\/2012"},"('Tramites', 'RESULTADO')":{"('0047-S-2011', 0)":"APROBADO","('0047-S-2011', 1)":null,"('0047-S-2011', 2)":"APROBADO"},"Link":{"('0047-S-2011', 0)":"http:\/\/www.senado.gov.ar\/parlamentario\/comisiones\/verExp\/195.08\/OV\/PR","('0047-S-2011', 1)":null,"('0047-S-2011', 2)":null},"Palabra Clave":{"('0047-S-2011', 0)":" ","('0047-S-2011', 1)":null,"('0047-S-2011', 2)":null}}