{"Tipo de Proyecto":{"('0048-D-2011', 0)":"PROYECTO DE LEY","('0048-D-2011', 1)":null,"('0048-D-2011', 2)":null,"('0048-D-2011', 3)":null,"('0048-D-2011', 4)":null,"('0048-D-2011', 5)":null,"('0048-D-2011', 6)":null,"('0048-D-2011', 7)":null,"('0048-D-2011', 8)":null,"('0048-D-2011', 9)":null,"('0048-D-2011', 10)":null,"('0048-D-2011', 11)":null,"('0048-D-2011', 12)":null,"('0048-D-2011', 13)":null,"('0048-D-2011', 14)":null,"('0048-D-2011', 15)":null},"Iniciado en: ":{"('0048-D-2011', 0)":"Diputados","('0048-D-2011', 1)":null,"('0048-D-2011', 2)":null,"('0048-D-2011', 3)":null,"('0048-D-2011', 4)":null,"('0048-D-2011', 5)":null,"('0048-D-2011', 6)":null,"('0048-D-2011', 7)":null,"('0048-D-2011', 8)":null,"('0048-D-2011', 9)":null,"('0048-D-2011', 10)":null,"('0048-D-2011', 11)":null,"('0048-D-2011', 12)":null,"('0048-D-2011', 13)":null,"('0048-D-2011', 14)":null,"('0048-D-2011', 15)":null},"Expediente Diputados: ":{"('0048-D-2011', 0)":"0048-D-2011","('0048-D-2011', 1)":null,"('0048-D-2011', 2)":null,"('0048-D-2011', 3)":null,"('0048-D-2011', 4)":null,"('0048-D-2011', 5)":null,"('0048-D-2011', 6)":null,"('0048-D-2011', 7)":null,"('0048-D-2011', 8)":null,"('0048-D-2011', 9)":null,"('0048-D-2011', 10)":null,"('0048-D-2011', 11)":null,"('0048-D-2011', 12)":null,"('0048-D-2011', 13)":null,"('0048-D-2011', 14)":null,"('0048-D-2011', 15)":null},"Expediente Senado: ":{"('0048-D-2011', 0)":"0028-CD-2012","('0048-D-2011', 1)":null,"('0048-D-2011', 2)":null,"('0048-D-2011', 3)":null,"('0048-D-2011', 4)":null,"('0048-D-2011', 5)":null,"('0048-D-2011', 6)":null,"('0048-D-2011', 7)":null,"('0048-D-2011', 8)":null,"('0048-D-2011', 9)":null,"('0048-D-2011', 10)":null,"('0048-D-2011', 11)":null,"('0048-D-2011', 12)":null,"('0048-D-2011', 13)":null,"('0048-D-2011', 14)":null,"('0048-D-2011', 15)":null},"Publicado en: ":{"('0048-D-2011', 0)":"Tr\u00e1mite Parlamentario N\u00b0 1","('0048-D-2011', 1)":null,"('0048-D-2011', 2)":null,"('0048-D-2011', 3)":null,"('0048-D-2011', 4)":null,"('0048-D-2011', 5)":null,"('0048-D-2011', 6)":null,"('0048-D-2011', 7)":null,"('0048-D-2011', 8)":null,"('0048-D-2011', 9)":null,"('0048-D-2011', 10)":null,"('0048-D-2011', 11)":null,"('0048-D-2011', 12)":null,"('0048-D-2011', 13)":null,"('0048-D-2011', 14)":null,"('0048-D-2011', 15)":null},"Fecha: ":{"('0048-D-2011', 0)":"01\/03\/2011","('0048-D-2011', 1)":null,"('0048-D-2011', 2)":null,"('0048-D-2011', 3)":null,"('0048-D-2011', 4)":null,"('0048-D-2011', 5)":null,"('0048-D-2011', 6)":null,"('0048-D-2011', 7)":null,"('0048-D-2011', 8)":null,"('0048-D-2011', 9)":null,"('0048-D-2011', 10)":null,"('0048-D-2011', 11)":null,"('0048-D-2011', 12)":null,"('0048-D-2011', 13)":null,"('0048-D-2011', 14)":null,"('0048-D-2011', 15)":null},"T\u00edtulo":{"('0048-D-2011', 0)":"CREACION DEL PROGRAMA NACIONAL DE SALUD SOCIAL Y PROCREACION RESPONSABLE, LEY 25673: MODIFICACION DE LOS ARTICULOS 2, 6, 7, 10 Y 13 (REPRODUCCION DEL EXPEDIENTE 0190-D-09).","('0048-D-2011', 1)":null,"('0048-D-2011', 2)":null,"('0048-D-2011', 3)":null,"('0048-D-2011', 4)":null,"('0048-D-2011', 5)":null,"('0048-D-2011', 6)":null,"('0048-D-2011', 7)":null,"('0048-D-2011', 8)":null,"('0048-D-2011', 9)":null,"('0048-D-2011', 10)":null,"('0048-D-2011', 11)":null,"('0048-D-2011', 12)":null,"('0048-D-2011', 13)":null,"('0048-D-2011', 14)":null,"('0048-D-2011', 15)":null},"('Firmantes', 'FIRMANTE')":{"('0048-D-2011', 0)":"COMELLI, ALICIA MARCELA","('0048-D-2011', 1)":null,"('0048-D-2011', 2)":null,"('0048-D-2011', 3)":null,"('0048-D-2011', 4)":null,"('0048-D-2011', 5)":null,"('0048-D-2011', 6)":null,"('0048-D-2011', 7)":null,"('0048-D-2011', 8)":null,"('0048-D-2011', 9)":null,"('0048-D-2011', 10)":null,"('0048-D-2011', 11)":null,"('0048-D-2011', 12)":null,"('0048-D-2011', 13)":null,"('0048-D-2011', 14)":null,"('0048-D-2011', 15)":null},"('Firmantes', 'DISTRITO')":{"('0048-D-2011', 0)":"NEUQUEN","('0048-D-2011', 1)":null,"('0048-D-2011', 2)":null,"('0048-D-2011', 3)":null,"('0048-D-2011', 4)":null,"('0048-D-2011', 5)":null,"('0048-D-2011', 6)":null,"('0048-D-2011', 7)":null,"('0048-D-2011', 8)":null,"('0048-D-2011', 9)":null,"('0048-D-2011', 10)":null,"('0048-D-2011', 11)":null,"('0048-D-2011', 12)":null,"('0048-D-2011', 13)":null,"('0048-D-2011', 14)":null,"('0048-D-2011', 15)":null},"('Firmantes', 'BLOQUE')":{"('0048-D-2011', 0)":"MOV POP NEUQUINO","('0048-D-2011', 1)":null,"('0048-D-2011', 2)":null,"('0048-D-2011', 3)":null,"('0048-D-2011', 4)":null,"('0048-D-2011', 5)":null,"('0048-D-2011', 6)":null,"('0048-D-2011', 7)":null,"('0048-D-2011', 8)":null,"('0048-D-2011', 9)":null,"('0048-D-2011', 10)":null,"('0048-D-2011', 11)":null,"('0048-D-2011', 12)":null,"('0048-D-2011', 13)":null,"('0048-D-2011', 14)":null,"('0048-D-2011', 15)":null},"('Giros', 'COMISI\u00d3N')":{"('0048-D-2011', 0)":"ACCION SOCIAL Y SALUD PUBLICA","('0048-D-2011', 1)":"FAMILIA, MUJER, NI\u00d1EZ Y ADOLESCENCIA","('0048-D-2011', 2)":"LEGISLACION GENERAL","('0048-D-2011', 3)":"PRESUPUESTO Y HACIENDA","('0048-D-2011', 4)":null,"('0048-D-2011', 5)":null,"('0048-D-2011', 6)":null,"('0048-D-2011', 7)":null,"('0048-D-2011', 8)":null,"('0048-D-2011', 9)":null,"('0048-D-2011', 10)":null,"('0048-D-2011', 11)":null,"('0048-D-2011', 12)":null,"('0048-D-2011', 13)":null,"('0048-D-2011', 14)":null,"('0048-D-2011', 15)":null},"('Tramites', 'C\u00c1MARA')":{"('0048-D-2011', 0)":"Diputados","('0048-D-2011', 1)":"Diputados","('0048-D-2011', 2)":"Diputados","('0048-D-2011', 3)":"Diputados","('0048-D-2011', 4)":"Diputados","('0048-D-2011', 5)":"Diputados","('0048-D-2011', 6)":"Diputados","('0048-D-2011', 7)":"Diputados","('0048-D-2011', 8)":"Senado","('0048-D-2011', 9)":"Senado","('0048-D-2011', 10)":"Senado","('0048-D-2011', 11)":"Senado","('0048-D-2011', 12)":"Senado","('0048-D-2011', 13)":"Diputados","('0048-D-2011', 14)":"Diputados","('0048-D-2011', 15)":"Diputados"},"('Tramites', 'MOVIMIENTO')":{"('0048-D-2011', 0)":"Nota Dip.: el presente proyecto fue considerado en primer termino dentro de la Orden del dia 3018\/2011. En virtud de la caducidad de la misma, el expediente comienza una nueva consideracion junto con otros expedientes, lo que se plasma en la Orden del Dia 469\/2012, prosiguiendo su tramite hasta su sancion.","('0048-D-2011', 1)":"RESOLUCION DE PRESIDENCIA - AMPLIACION DE GIRO A LAS COMISIONES DE LEGISLACION GENERAL, PRESUPUESTO Y HACIENDA.","('0048-D-2011', 2)":"CITACION SESION ESPECIAL CONJUNTAMENTE PARA LOS EXPEDIENTES 0492-D-2010, 2106-D-2010, 2459-D-2010, 2663-D-2010, 3953-D-2010, 4423-D-2010, 5056-D-2010, 5854-D-2010, 0048-D-2011 y 0028-CD-2012","('0048-D-2011', 3)":"CONSIDERACION Y APROBACION EN GENERAL CONJUNTAMENTE PARA LOS EXPEDIENTES 0492-D-2010, 2106-D-2010, 2459-D-2010, 2663-D-2010, 3953-D-2010, 4423-D-2010, 5056-D-2010, 5854-D-2010, 0048-D-2011 y 0028-CD-2012","('0048-D-2011', 4)":"INSERCIONES CONJUNTAMENTE PARA LOS EXPEDIENTES 0492-D-2010, 2106-D-2010, 2459-D-2010, 2663-D-2010, 3953-D-2010, 4423-D-2010, 5056-D-2010, 5854-D-2010, 0048-D-2011 y 0028-CD-2012","('0048-D-2011', 5)":"COMIENZA CONSIDERACION Y APROBACION EN GENERAL CONJUNTAMENTE PARA LOS EXPEDIENTES 0048-D-2011, 0028-CD-2012, 3169-D-2011, 6054-D-2011, 0031-D-2012, 0904-D-2012, 1383-D-2012, 2434-D-2012, 2568-D-2012, 3051-D-2012, 3671-D-2012 y 3837-D-2012","('0048-D-2011', 6)":"CONSIDERACION Y APROBACION CON MODIFICACIONES CONJUNTAMENTE PARA LOS EXPEDIENTES 0048-D-2011, 0028-CD-2012, 3169-D-2011, 6054-D-2011, 0031-D-2012, 0904-D-2012, 1383-D-2012, 2434-D-2012, 2568-D-2012, 3051-D-2012, 3671-D-2012 y 3837-D-2012","('0048-D-2011', 7)":"INSERCIONES DE LOS DIPUTADOS BIELLA CALVET, DIAZ BANCALARI, GALLARDO, GIL LAVEDRA, GRANADOS, MENDOZA (M.S.), MONGELO, OBIGLIO, PIETRAGALLA DORTI, RODRIGUEZ Y VILARI\u00d1O CONJUNTAMENTE PARA LOS EXPEDIENTES 0048-D-2011, 0028-CD-2012, 3169-D-2011, 6054-D-2011, 0031-D-2012, 0904-D-2012, 1383-D-2012, 2434-D-2012, 2568-D-2012, 3051-D-2012, 3671-D-2012 y 3837-D-2012","('0048-D-2011', 8)":"PASA A SENADO - CONJUNTAMENTE PARA LOS EXPEDIENTES 0048-D-2011, 0028-CD-2012, 3169-D-2011, 6054-D-2011, 0031-D-2012, 0904-D-2012, 1383-D-2012, 2434-D-2012, 2568-D-2012, 3051-D-2012, 3671-D-2012 y 3837-D-2012","('0048-D-2011', 9)":"MOCION DE PREFERENCIA CON DICTAMEN (AFIRMATIVA) CONJUNTAMENTE PARA LOS EXPEDIENTES 0048-D-2011, 0028-CD-2012, 3169-D-2011, 6054-D-2011, 0031-D-2012, 0904-D-2012, 1383-D-2012, 2434-D-2012, 2568-D-2012, 3051-D-2012, 3671-D-2012 y 3837-D-2012","('0048-D-2011', 10)":"MOCION DE PREFERENCIA PARA LA PROXIMA SESION CON DICTAMEN (AFIRMATIVA) CONJUNTAMENTE PARA LOS EXPEDIENTES 0048-D-2011, 0028-CD-2012, 0016-S-2011, 3169-D-2011, 1026-S-2011, 1070-S-2011, 1316-S-2011, 1442-S-2011, 1529-S-2011, 6054-D-2011, 0031-D-2012, 0904-D-2012, 1383-D-2012, 2434-D-2012, 2568-D-2012, 3051-D-2012, 3671-D-2012, 3837-D-2012, 1104-S-2012, 1436-S-2012 y 2201-S-2012","('0048-D-2011', 11)":"CONSIDERACION Y APROBACION CON MODIFICACIONES CONJUNTAMENTE PARA LOS EXPEDIENTES 0048-D-2011, 0028-CD-2012, 0016-S-2011, 3169-D-2011, 1026-S-2011, 1070-S-2011, 1316-S-2011, 1442-S-2011, 1529-S-2011, 6054-D-2011, 0031-D-2012, 0904-D-2012, 1383-D-2012, 2434-D-2012, 2568-D-2012, 3051-D-2012, 3671-D-2012, 3837-D-2012, 1104-S-2012, 1436-S-2012 y 2201-S-2012","('0048-D-2011', 12)":"INSERCIONES CONJUNTAMENTE PARA LOS EXPEDIENTES 0048-D-2011, 0028-CD-2012, 0016-S-2011, 3169-D-2011, 1026-S-2011, 1070-S-2011, 1316-S-2011, 1442-S-2011, 1529-S-2011, 6054-D-2011, 0031-D-2012, 0904-D-2012, 1383-D-2012, 2434-D-2012, 2568-D-2012, 3051-D-2012, 3671-D-2012, 3837-D-2012, 1104-S-2012, 1436-S-2012 y 2201-S-2012","('0048-D-2011', 13)":"VUELVE A DIPUTADOS - CONJUNTAMENTE PARA LOS EXPEDIENTES 0048-D-2011, 0028-CD-2012, 0016-S-2011, 3169-D-2011, 1026-S-2011, 1070-S-2011, 1316-S-2011, 1442-S-2011, 1529-S-2011, 6054-D-2011, 0031-D-2012, 0904-D-2012, 1383-D-2012, 2434-D-2012, 2568-D-2012, 3051-D-2012, 3671-D-2012, 3837-D-2012, 1104-S-2012, 1436-S-2012 y 2201-S-2012","('0048-D-2011', 14)":"MOCION SOBRE TABLAS (AFIRMATIVA) CONJUNTAMENTE PARA LOS EXPEDIENTES 0048-D-2011, 0028-CD-2012, 0016-S-2011, 3169-D-2011, 1026-S-2011, 1070-S-2011, 1316-S-2011, 1442-S-2011, 1529-S-2011, 6054-D-2011, 0031-D-2012, 0904-D-2012, 1383-D-2012, 2434-D-2012, 2568-D-2012, 3051-D-2012, 3671-D-2012, 3837-D-2012, 1104-S-2012, 1436-S-2012 y 2201-S-2012","('0048-D-2011', 15)":"CONSIDERACION Y SANCION (ACEPTACION DE LAS MODIFICACIONES INTRODUCIDAS POR EL H. SENADO) CONJUNTAMENTE PARA LOS EXPEDIENTES 0048-D-2011, 0028-CD-2012, 0016-S-2011, 3169-D-2011, 1026-S-2011, 1070-S-2011, 1316-S-2011, 1442-S-2011, 1529-S-2011, 6054-D-2011, 0031-D-2012, 0904-D-2012, 1383-D-2012, 2434-D-2012, 2568-D-2012, 3051-D-2012, 3671-D-2012, 3837-D-2012, 1104-S-2012, 1436-S-2012 y 2201-S-2012"},"('Tramites', 'FECHA')":{"('0048-D-2011', 0)":null,"('0048-D-2011', 1)":"30\/11\/2011","('0048-D-2011', 2)":"30\/11\/2011","('0048-D-2011', 3)":"30\/11\/2011","('0048-D-2011', 4)":"30\/11\/2011","('0048-D-2011', 5)":"27\/06\/2012","('0048-D-2011', 6)":"27\/06\/2012","('0048-D-2011', 7)":"27\/06\/2012","('0048-D-2011', 8)":null,"('0048-D-2011', 9)":"15\/08\/2012","('0048-D-2011', 10)":"20\/03\/2013","('0048-D-2011', 11)":"24\/04\/2013","('0048-D-2011', 12)":"24\/04\/2013","('0048-D-2011', 13)":null,"('0048-D-2011', 14)":"05\/06\/2013","('0048-D-2011', 15)":"05\/06\/2013"},"('Tramites', 'RESULTADO')":{"('0048-D-2011', 0)":null,"('0048-D-2011', 1)":null,"('0048-D-2011', 2)":null,"('0048-D-2011', 3)":null,"('0048-D-2011', 4)":null,"('0048-D-2011', 5)":null,"('0048-D-2011', 6)":"MEDIA SANCION","('0048-D-2011', 7)":null,"('0048-D-2011', 8)":null,"('0048-D-2011', 9)":null,"('0048-D-2011', 10)":null,"('0048-D-2011', 11)":"MEDIA SANCION","('0048-D-2011', 12)":null,"('0048-D-2011', 13)":null,"('0048-D-2011', 14)":null,"('0048-D-2011', 15)":"SANCIONADO"},"Link":{"('0048-D-2011', 0)":"http:\/\/www.senado.gov.ar\/web\/proyectos\/verExpe.php?origen=CD&nro_comision=&tipo=PL&numexp=28\/12&tConsulta=5","('0048-D-2011', 1)":null,"('0048-D-2011', 2)":null,"('0048-D-2011', 3)":null,"('0048-D-2011', 4)":null,"('0048-D-2011', 5)":null,"('0048-D-2011', 6)":null,"('0048-D-2011', 7)":null,"('0048-D-2011', 8)":null,"('0048-D-2011', 9)":null,"('0048-D-2011', 10)":null,"('0048-D-2011', 11)":null,"('0048-D-2011', 12)":null,"('0048-D-2011', 13)":null,"('0048-D-2011', 14)":null,"('0048-D-2011', 15)":null},"Palabra Clave":{"('0048-D-2011', 0)":" ","('0048-D-2011', 1)":null,"('0048-D-2011', 2)":null,"('0048-D-2011', 3)":null,"('0048-D-2011', 4)":null,"('0048-D-2011', 5)":null,"('0048-D-2011', 6)":null,"('0048-D-2011', 7)":null,"('0048-D-2011', 8)":null,"('0048-D-2011', 9)":null,"('0048-D-2011', 10)":null,"('0048-D-2011', 11)":null,"('0048-D-2011', 12)":null,"('0048-D-2011', 13)":null,"('0048-D-2011', 14)":null,"('0048-D-2011', 15)":null}}