{"Tipo de Proyecto":{"('0049-S-2011', 0)":"PROYECTO DE DECLARACI\u00d3N"},"Iniciado en: ":{"('0049-S-2011', 0)":"Senado"},"Expediente Senado: ":{"('0049-S-2011', 0)":"0049-S-2011"},"Publicado en: ":{"('0049-S-2011', 0)":"Diario de Asuntos Entrados N\u00b0 3"},"Fecha: ":{"('0049-S-2011', 0)":"02\/03\/2011"},"T\u00edtulo":{"('0049-S-2011', 0)":"RENDIR HOMENAJE A JOAQUIN V. GONZALEZ, AL CUMPLIRSE EL 6 DE MARZO UN NUEVO ANIVERSARIO DE SU NACIMIENTO."},"('Firmantes', 'FIRMANTE')":{"('0049-S-2011', 0)":"QUINTELA, TERESITA NICOLASA"},"('Firmantes', 'DISTRITO')":{"('0049-S-2011', 0)":"LA RIOJA"},"('Firmantes', 'BLOQUE')":{"('0049-S-2011', 0)":"FRENTE PARA LA VICTORIA - PJ"},"('Tramites', 'C\u00c1MARA')":{"('0049-S-2011', 0)":"Senado"},"('Tramites', 'MOVIMIENTO')":{"('0049-S-2011', 0)":"CONSIDERACION Y APROBACION"},"('Tramites', 'FECHA')":{"('0049-S-2011', 0)":"01\/06\/2011"},"('Tramites', 'RESULTADO')":{"('0049-S-2011', 0)":"APROBADO"},"Link":{"('0049-S-2011', 0)":"http:\/\/www.senado.gov.ar\/parlamentario\/comisiones\/verExp\/49.11\/S\/PD"},"Palabra Clave":{"('0049-S-2011', 0)":" "}}