{"Tipo de Proyecto":{"('0049-D-2011', 0)":"PROYECTO DE LEY","('0049-D-2011', 1)":null,"('0049-D-2011', 2)":null},"Iniciado en: ":{"('0049-D-2011', 0)":"Diputados","('0049-D-2011', 1)":null,"('0049-D-2011', 2)":null},"Expediente Diputados: ":{"('0049-D-2011', 0)":"0049-D-2011","('0049-D-2011', 1)":null,"('0049-D-2011', 2)":null},"Publicado en: ":{"('0049-D-2011', 0)":"Tr\u00e1mite Parlamentario N\u00b0 1","('0049-D-2011', 1)":null,"('0049-D-2011', 2)":null},"Fecha: ":{"('0049-D-2011', 0)":"01\/03\/2011","('0049-D-2011', 1)":null,"('0049-D-2011', 2)":null},"T\u00edtulo":{"('0049-D-2011', 0)":"ESTABLECER QUE LOS USUARIOS RESIDENTES EN  LAS PROVINCIAS INTEGRANTES DE LA ORGANIZACION FEDERAL DE ESTADOS PRODUCTORES DE HIDROCARBUROS - OFEPHI - QUEDEN EXCEPTUADOS DEL PAGO DE LOS CARGOS TARIFARIOS PARA FINANCIAR EL FONDO FIDUCIARIO PARA LA IMPORTACION DE GAS NATURAL (REPRODUCCION DEL EXPEDIENTE 0601-D-09).","('0049-D-2011', 1)":null,"('0049-D-2011', 2)":null},"('Firmantes', 'FIRMANTE')":{"('0049-D-2011', 0)":"COMELLI, ALICIA MARCELA","('0049-D-2011', 1)":null,"('0049-D-2011', 2)":null},"('Firmantes', 'DISTRITO')":{"('0049-D-2011', 0)":"NEUQUEN","('0049-D-2011', 1)":null,"('0049-D-2011', 2)":null},"('Firmantes', 'BLOQUE')":{"('0049-D-2011', 0)":"MOV POP NEUQUINO","('0049-D-2011', 1)":null,"('0049-D-2011', 2)":null},"('Giros', 'COMISI\u00d3N')":{"('0049-D-2011', 0)":"ENERGIA Y COMBUSTIBLES","('0049-D-2011', 1)":"DEFENSA DEL CONSUMIDOR, DEL USUARIO Y DE LA COMPETENCIA","('0049-D-2011', 2)":"PRESUPUESTO Y HACIENDA"},"('Tramites', 'C\u00c1MARA')":{"('0049-D-2011', 0)":"Diputados","('0049-D-2011', 1)":null,"('0049-D-2011', 2)":null},"('Tramites', 'MOVIMIENTO')":{"('0049-D-2011', 0)":"REPRODUCIDO POR EXPEDIENTE 0449-D-13","('0049-D-2011', 1)":null,"('0049-D-2011', 2)":null},"('Tramites', 'FECHA')":{"('0049-D-2011', 0)":null,"('0049-D-2011', 1)":null,"('0049-D-2011', 2)":null},"('Tramites', 'RESULTADO')":{"('0049-D-2011', 0)":null,"('0049-D-2011', 1)":null,"('0049-D-2011', 2)":null},"Palabra Clave":{"('0049-D-2011', 0)":" ","('0049-D-2011', 1)":null,"('0049-D-2011', 2)":null}}