{"Tipo de Proyecto":{"('0049-OV-2011', 0)":"PROYECTO DE RESOLUCI\u00d3N","('0049-OV-2011', 1)":null},"Iniciado en: ":{"('0049-OV-2011', 0)":"Senado","('0049-OV-2011', 1)":null},"Expediente Senado: ":{"('0049-OV-2011', 0)":"0049-OV-2011","('0049-OV-2011', 1)":null},"Fecha: ":{"('0049-OV-2011', 0)":"26\/04\/2012","('0049-OV-2011', 1)":null},"T\u00edtulo":{"('0049-OV-2011', 0)":"PEDIDO DE INFORMES AL PODER EJECUTIVO SOBRE LAS MEDIDAS ADOPTADAS PARA REGULARIZAR LAS OBSERVACIONES FORMULADAS POR LA AUDITORIA GENERAL DE LA NACION, RESOLUCION 31\/11; RESPECTO DEL INFORME DE AUDITORIA SOBRE EL INDICE DE CALIDAD TECNICO-GESTION, Y SEGUIMIENTO DE LAS OBSERVACIONES FORMULADAS POR RESOLUCION 181\/2006 AGN, EN EL AMBITO DEL ENTE NACIONAL REGULADOR DE LA ELECTRICIDAD.","('0049-OV-2011', 1)":null},"('Firmantes', 'FIRMANTE')":{"('0049-OV-2011', 0)":"PARLAMENTARIA MIXTA REVISORA DE CUENTAS","('0049-OV-2011', 1)":null},"('Firmantes', 'DISTRITO')":{"('0049-OV-2011', 0)":null,"('0049-OV-2011', 1)":null},"('Firmantes', 'BLOQUE')":{"('0049-OV-2011', 0)":null,"('0049-OV-2011', 1)":null},"('Tramites', 'C\u00c1MARA')":{"('0049-OV-2011', 0)":"Senado","('0049-OV-2011', 1)":"Senado"},"('Tramites', 'MOVIMIENTO')":{"('0049-OV-2011', 0)":"CONSIDERACION Y APROBACION","('0049-OV-2011', 1)":"CONTESTACION DEL PODER EJECUTIVO NACIONAL - JEFE DE GABINETE DE MINISTROS - GIRADO A LA COMISION RESPECTIVA"},"('Tramites', 'FECHA')":{"('0049-OV-2011', 0)":"11\/07\/2012","('0049-OV-2011', 1)":"24\/04\/2013"},"('Tramites', 'RESULTADO')":{"('0049-OV-2011', 0)":"APROBADO","('0049-OV-2011', 1)":null},"Link":{"('0049-OV-2011', 0)":"http:\/\/www.senado.gov.ar\/parlamentario\/comisiones\/verExp\/49.11\/OV\/PR","('0049-OV-2011', 1)":null},"Palabra Clave":{"('0049-OV-2011', 0)":" ","('0049-OV-2011', 1)":null}}