{"Tipo de Proyecto":{"('0050-D-2011', 0)":"PROYECTO DE LEY"},"Iniciado en: ":{"('0050-D-2011', 0)":"Diputados"},"Expediente Diputados: ":{"('0050-D-2011', 0)":"0050-D-2011"},"Publicado en: ":{"('0050-D-2011', 0)":"Tr\u00e1mite Parlamentario N\u00b0 1"},"Fecha: ":{"('0050-D-2011', 0)":"01\/03\/2011"},"T\u00edtulo":{"('0050-D-2011', 0)":"CODIGO PENAL: MODIFICACION DEL ARTICULO 181 (PENAS DE PRISION PARA QUIEN VIOLE LA PROTECCION DEL DERECHO REAL DE POSESION DE UN INMUEBLE) (REPRODUCCION DEL EXPEDIENTE 0735-D-09)."},"('Firmantes', 'FIRMANTE')":{"('0050-D-2011', 0)":"COMELLI, ALICIA MARCELA"},"('Firmantes', 'DISTRITO')":{"('0050-D-2011', 0)":"NEUQUEN"},"('Firmantes', 'BLOQUE')":{"('0050-D-2011', 0)":"MOV POP NEUQUINO"},"('Giros', 'COMISI\u00d3N')":{"('0050-D-2011', 0)":"LEGISLACION PENAL"},"('Tramites', 'C\u00c1MARA')":{"('0050-D-2011', 0)":"Diputados"},"('Tramites', 'MOVIMIENTO')":{"('0050-D-2011', 0)":"REPRODUCIDO POR EXPEDIENTE 0450-D-13"},"('Tramites', 'FECHA')":{"('0050-D-2011', 0)":null},"('Tramites', 'RESULTADO')":{"('0050-D-2011', 0)":null},"Palabra Clave":{"('0050-D-2011', 0)":" "}}