{"Tipo de Proyecto":{"('0050-S-2011', 0)":"PROYECTO DE LEY"},"Iniciado en: ":{"('0050-S-2011', 0)":"Senado"},"Expediente Senado: ":{"('0050-S-2011', 0)":"0050-S-2011"},"Publicado en: ":{"('0050-S-2011', 0)":"Diario de Asuntos Entrados N\u00b0 4"},"Fecha: ":{"('0050-S-2011', 0)":"02\/03\/2011"},"T\u00edtulo":{"('0050-S-2011', 0)":"CREACION EL SISTEMA FEDERAL DE ESTABILIZACION DE PRECIOS AGROPECUARIOS REGIONALES (REPRODUCCION DEL EXPEDIENTE 3352-S-09)."},"('Firmantes', 'FIRMANTE')":{"('0050-S-2011', 0)":"BERMEJO, ROLANDO ADOLFO"},"('Firmantes', 'DISTRITO')":{"('0050-S-2011', 0)":"MENDOZA"},"('Firmantes', 'BLOQUE')":{"('0050-S-2011', 0)":"FRENTE PARA LA VICTORIA - PJ"},"('Tramites', 'C\u00c1MARA')":{"('0050-S-2011', 0)":"Senado"},"('Tramites', 'MOVIMIENTO')":{"('0050-S-2011', 0)":"REPRODUCIDO POR EXPEDIENTE 0753-S-2013"},"('Tramites', 'FECHA')":{"('0050-S-2011', 0)":null},"('Tramites', 'RESULTADO')":{"('0050-S-2011', 0)":null},"Sumario":{"('0050-S-2011', 0)":"MISION, OBJETIVOS Y FUNCIONES; FUNCIONAMIENTO: CONSTITUCION DE UN FIDEICOMISO PARA CADA SECTOR PRODUCTIVO ESPECIFICO QUE DESEE ADHERIRSE; CREACION DEL CONSEJO FEDERAL DEL SISTEMA DE ESTABILIZACION DE PRECIOS AGROPECUARIOS REGIONALES; FUNCIONES; ADHESION; RECURSOS."},"Palabra Clave":{"('0050-S-2011', 0)":" "}}