{"Tipo de Proyecto":{"('0051-D-2011', 0)":"PROYECTO DE LEY","('0051-D-2011', 1)":null,"('0051-D-2011', 2)":null},"Iniciado en: ":{"('0051-D-2011', 0)":"Diputados","('0051-D-2011', 1)":null,"('0051-D-2011', 2)":null},"Expediente Diputados: ":{"('0051-D-2011', 0)":"0051-D-2011","('0051-D-2011', 1)":null,"('0051-D-2011', 2)":null},"Expediente Senado: ":{"('0051-D-2011', 0)":"0035-CD-2012","('0051-D-2011', 1)":null,"('0051-D-2011', 2)":null},"Publicado en: ":{"('0051-D-2011', 0)":"Tr\u00e1mite Parlamentario N\u00b0 1","('0051-D-2011', 1)":null,"('0051-D-2011', 2)":null},"Fecha: ":{"('0051-D-2011', 0)":"01\/03\/2011","('0051-D-2011', 1)":null,"('0051-D-2011', 2)":null},"T\u00edtulo":{"('0051-D-2011', 0)":"DECLARAR MONUMENTO Y LUGAR HISTORICO NACIONAL EL SEPULCRO Y LAS RUINAS DE LOS RANCHOS DE LA \"PASTO VERDE\", UBICADOS SOBRE LA MARGEN DE LA RUTA NACIONAL 22 AL INGRESO DE LA CIUDAD DE PLAZA HUINCUL, EN LA PROVINCIA DEL NEUQUEN (REPRODUCCION DEL EXPEDIENTE 1035-D-09).","('0051-D-2011', 1)":null,"('0051-D-2011', 2)":null},"('Firmantes', 'FIRMANTE')":{"('0051-D-2011', 0)":"COMELLI, ALICIA MARCELA","('0051-D-2011', 1)":null,"('0051-D-2011', 2)":null},"('Firmantes', 'DISTRITO')":{"('0051-D-2011', 0)":"NEUQUEN","('0051-D-2011', 1)":null,"('0051-D-2011', 2)":null},"('Firmantes', 'BLOQUE')":{"('0051-D-2011', 0)":"MOV POP NEUQUINO","('0051-D-2011', 1)":null,"('0051-D-2011', 2)":null},"('Giros', 'COMISI\u00d3N')":{"('0051-D-2011', 0)":"CULTURA","('0051-D-2011', 1)":"PRESUPUESTO Y HACIENDA","('0051-D-2011', 2)":null},"('Tramites', 'C\u00c1MARA')":{"('0051-D-2011', 0)":"Diputados","('0051-D-2011', 1)":"Senado","('0051-D-2011', 2)":"Senado"},"('Tramites', 'MOVIMIENTO')":{"('0051-D-2011', 0)":"CONSIDERACION Y APROBACION","('0051-D-2011', 1)":"PASA A SENADO -","('0051-D-2011', 2)":"CONSIDERACION Y SANCION"},"('Tramites', 'FECHA')":{"('0051-D-2011', 0)":"27\/06\/2012","('0051-D-2011', 1)":null,"('0051-D-2011', 2)":"14\/11\/2012"},"('Tramites', 'RESULTADO')":{"('0051-D-2011', 0)":"MEDIA SANCION","('0051-D-2011', 1)":null,"('0051-D-2011', 2)":"SANCIONADO"},"Link":{"('0051-D-2011', 0)":"http:\/\/www.senado.gov.ar\/web\/proyectos\/verExpe.php?origen=CD&nro_comision=&tipo=PL&numexp=35\/12&tConsulta=4","('0051-D-2011', 1)":null,"('0051-D-2011', 2)":null},"Palabra Clave":{"('0051-D-2011', 0)":" ","('0051-D-2011', 1)":null,"('0051-D-2011', 2)":null}}