{"Tipo de Proyecto":{"('0052-D-2011', 0)":"PROYECTO DE LEY","('0052-D-2011', 1)":null},"Iniciado en: ":{"('0052-D-2011', 0)":"Diputados","('0052-D-2011', 1)":null},"Expediente Diputados: ":{"('0052-D-2011', 0)":"0052-D-2011","('0052-D-2011', 1)":null},"Publicado en: ":{"('0052-D-2011', 0)":"Tr\u00e1mite Parlamentario N\u00b0 1","('0052-D-2011', 1)":null},"Fecha: ":{"('0052-D-2011', 0)":"01\/03\/2011","('0052-D-2011', 1)":null},"T\u00edtulo":{"('0052-D-2011', 0)":"CODIGO CIVIL, MODIFICACIONES: RECATEGORIZACION DEL AGUA COMO BIEN DE DOMINIO PUBLICO DEL ESTADO; SUSTITUCION DE LOS ARTICULOS 2340, 2341, 2343, 2518, 2611, 2637 Y 2639. INCORPORACION DE LOS ARTICULOS 2340 BIS, 2340 TER Y EL INCISO 7) EN EL ARTICULO 4019; DEROGACION DEL ARTICULO 2349 (REPRODUCCION DEL EXPEDIENTE 1517-D-09).","('0052-D-2011', 1)":null},"('Firmantes', 'FIRMANTE')":{"('0052-D-2011', 0)":"COMELLI, ALICIA MARCELA","('0052-D-2011', 1)":null},"('Firmantes', 'DISTRITO')":{"('0052-D-2011', 0)":"NEUQUEN","('0052-D-2011', 1)":null},"('Firmantes', 'BLOQUE')":{"('0052-D-2011', 0)":"MOV POP NEUQUINO","('0052-D-2011', 1)":null},"('Giros', 'COMISI\u00d3N')":{"('0052-D-2011', 0)":"LEGISLACION GENERAL","('0052-D-2011', 1)":"INTERESES MARITIMOS, FLUVIALES, PESQUEROS Y PORTUARIOS"},"('Tramites', 'C\u00c1MARA')":{"('0052-D-2011', 0)":"Diputados","('0052-D-2011', 1)":null},"('Tramites', 'MOVIMIENTO')":{"('0052-D-2011', 0)":"REPRODUCIDO POR EXPEDIENTE 0451-D-13","('0052-D-2011', 1)":null},"('Tramites', 'FECHA')":{"('0052-D-2011', 0)":null,"('0052-D-2011', 1)":null},"('Tramites', 'RESULTADO')":{"('0052-D-2011', 0)":null,"('0052-D-2011', 1)":null},"Palabra Clave":{"('0052-D-2011', 0)":" ","('0052-D-2011', 1)":null}}