{"Tipo de Proyecto":{"('0052-S-2011', 0)":"PROYECTO DE RESOLUCI\u00d3N","('0052-S-2011', 1)":null,"('0052-S-2011', 2)":null,"('0052-S-2011', 3)":null},"Iniciado en: ":{"('0052-S-2011', 0)":"Senado","('0052-S-2011', 1)":null,"('0052-S-2011', 2)":null,"('0052-S-2011', 3)":null},"Expediente Senado: ":{"('0052-S-2011', 0)":"0052-S-2011","('0052-S-2011', 1)":null,"('0052-S-2011', 2)":null,"('0052-S-2011', 3)":null},"Publicado en: ":{"('0052-S-2011', 0)":"Diario de Asuntos Entrados N\u00b0 4","('0052-S-2011', 1)":null,"('0052-S-2011', 2)":null,"('0052-S-2011', 3)":null},"Fecha: ":{"('0052-S-2011', 0)":"02\/03\/2011","('0052-S-2011', 1)":null,"('0052-S-2011', 2)":null,"('0052-S-2011', 3)":null},"T\u00edtulo":{"('0052-S-2011', 0)":"ENCOMENDAR LAS ACCIONES NECESARIAS A LOS EFECTOS DE QUE EL SERVICIO DE TELEVISION POR CABLE DEL HONORABLE SENADO PROVEA EL ACCESO A LAS SE\u00d1ALES TELEVISIVAS \"TELESUR NOTICIAS\" Y \"CN 23 CANAL DE NOTICIAS\" EN LOS DESPACHOS DEL HONORABLE SENADO DE LA NACION.\n","('0052-S-2011', 1)":null,"('0052-S-2011', 2)":null,"('0052-S-2011', 3)":null},"('Firmantes', 'FIRMANTE')":{"('0052-S-2011', 0)":"OSUNA, BLANCA INES","('0052-S-2011', 1)":"QUINTELA, TERESITA NICOLASA","('0052-S-2011', 2)":"VIGO, ELIDA MARIA","('0052-S-2011', 3)":"ITURREZ DE CAPPELLINI, ADA ROSA DEL VALLE"},"('Firmantes', 'DISTRITO')":{"('0052-S-2011', 0)":"ENTRE RIOS","('0052-S-2011', 1)":"LA RIOJA","('0052-S-2011', 2)":"MISIONES","('0052-S-2011', 3)":"SANTIAGO DEL ESTERO"},"('Firmantes', 'BLOQUE')":{"('0052-S-2011', 0)":"FRENTE PARA LA VICTORIA - PJ","('0052-S-2011', 1)":"FRENTE PARA LA VICTORIA - PJ","('0052-S-2011', 2)":"FRENTE PARA LA VICTORIA - PJ","('0052-S-2011', 3)":"FRENTE CIVICO POR SANTIAGO"},"('Tramites', 'C\u00c1MARA')":{"('0052-S-2011', 0)":"Senado","('0052-S-2011', 1)":"Senado","('0052-S-2011', 2)":null,"('0052-S-2011', 3)":null},"('Tramites', 'MOVIMIENTO')":{"('0052-S-2011', 0)":"MOCION DE PREFERENCIA (AFIRMATIVA)","('0052-S-2011', 1)":"CONSIDERACION Y APROBACION","('0052-S-2011', 2)":null,"('0052-S-2011', 3)":null},"('Tramites', 'FECHA')":{"('0052-S-2011', 0)":"13\/04\/2011","('0052-S-2011', 1)":"31\/08\/2011","('0052-S-2011', 2)":null,"('0052-S-2011', 3)":null},"('Tramites', 'RESULTADO')":{"('0052-S-2011', 0)":null,"('0052-S-2011', 1)":"APROBADO","('0052-S-2011', 2)":null,"('0052-S-2011', 3)":null},"Link":{"('0052-S-2011', 0)":"http:\/\/www.senado.gov.ar\/parlamentario\/comisiones\/verExp\/52.11\/S\/PR","('0052-S-2011', 1)":null,"('0052-S-2011', 2)":null,"('0052-S-2011', 3)":null},"Palabra Clave":{"('0052-S-2011', 0)":" ","('0052-S-2011', 1)":null,"('0052-S-2011', 2)":null,"('0052-S-2011', 3)":null}}