{"Tipo de Proyecto":{"('0058-S-2011', 0)":"COMUNICACION"},"Iniciado en: ":{"('0058-S-2011', 0)":"Senado"},"Expediente Senado: ":{"('0058-S-2011', 0)":"0058-S-2011"},"Publicado en: ":{"('0058-S-2011', 0)":"Diario de Asuntos Entrados N\u00b0 4"},"Fecha: ":{"('0058-S-2011', 0)":"02\/03\/2011"},"T\u00edtulo":{"('0058-S-2011', 0)":"PEDIDO DE INFORMES AL PODER EJECUTIVO INFORME SOBRE LAS MEDIDAS IMPLEMENTADAS PARA IMPEDIR LA SUBA DEL PRECIO DEL PAN."},"('Firmantes', 'FIRMANTE')":{"('0058-S-2011', 0)":"ROMERO, JUAN CARLOS"},"('Firmantes', 'DISTRITO')":{"('0058-S-2011', 0)":"SALTA"},"('Firmantes', 'BLOQUE')":{"('0058-S-2011', 0)":"JUSTICIALISTA 8 DE OCTUBRE"},"Sumario":{"('0058-S-2011', 0)":"REALIZACION DE FISCALIZACIONES EN LA CADENA COMERCIAL; PORCENTAJE DE PRODUCCION HARINERA DESTINADA A LA EXPORTACION; Y CUESTIONES CONEXAS."},"Palabra Clave":{"('0058-S-2011', 0)":" "}}