{"Tipo de Proyecto":{"('0058-D-2011', 0)":"PROYECTO DE LEY","('0058-D-2011', 1)":null},"Iniciado en: ":{"('0058-D-2011', 0)":"Diputados","('0058-D-2011', 1)":null},"Expediente Diputados: ":{"('0058-D-2011', 0)":"0058-D-2011","('0058-D-2011', 1)":null},"Publicado en: ":{"('0058-D-2011', 0)":"Tr\u00e1mite Parlamentario N\u00b0 1","('0058-D-2011', 1)":null},"Fecha: ":{"('0058-D-2011', 0)":"01\/03\/2011","('0058-D-2011', 1)":null},"T\u00edtulo":{"('0058-D-2011', 0)":"SUSTITUCION DEL ARTICULO 60 DE LA LEY 19945 (CODIGO NACIONAL ELECTORAL), SOBRE REGISTRO DE CANDIDATOS Y PEDIDO DE OFICIALIZACION DE LISTAS, CUPO JUVENIL.","('0058-D-2011', 1)":null},"('Firmantes', 'FIRMANTE')":{"('0058-D-2011', 0)":"CASA\u00d1AS, JUAN FRANCISCO","('0058-D-2011', 1)":null},"('Firmantes', 'DISTRITO')":{"('0058-D-2011', 0)":"TUCUMAN","('0058-D-2011', 1)":null},"('Firmantes', 'BLOQUE')":{"('0058-D-2011', 0)":"UCR","('0058-D-2011', 1)":null},"('Giros', 'COMISI\u00d3N')":{"('0058-D-2011', 0)":"ASUNTOS CONSTITUCIONALES","('0058-D-2011', 1)":"JUSTICIA"},"('Tramites', 'C\u00c1MARA')":{"('0058-D-2011', 0)":"Diputados","('0058-D-2011', 1)":"Diputados"},"('Tramites', 'MOVIMIENTO')":{"('0058-D-2011', 0)":"MOCION DE PREFERENCIA PARA LA PROXIMA SESION CON DICTAMEN (AFIRMATIVA)","('0058-D-2011', 1)":"MOCION DE PREFERENCIA PARA LA PROXIMA SESION CON DICTAMEN (AFIRMATIVA)"},"('Tramites', 'FECHA')":{"('0058-D-2011', 0)":"23\/05\/2012","('0058-D-2011', 1)":"27\/06\/2012"},"('Tramites', 'RESULTADO')":{"('0058-D-2011', 0)":null,"('0058-D-2011', 1)":null},"Link":{"('0058-D-2011', 0)":"https:\/\/www.hcdn.gob.ar\/proyectos\/textoCompleto.jsp?exp=0058-D-2011&tipo=LEY","('0058-D-2011', 1)":null},"Palabra Clave":{"('0058-D-2011', 0)":" ","('0058-D-2011', 1)":null}}