{"Tipo de Proyecto":{"('0059-D-2011', 0)":"PROYECTO DE LEY"},"Iniciado en: ":{"('0059-D-2011', 0)":"Diputados"},"Expediente Diputados: ":{"('0059-D-2011', 0)":"0059-D-2011"},"Publicado en: ":{"('0059-D-2011', 0)":"Tr\u00e1mite Parlamentario N\u00b0 1"},"Fecha: ":{"('0059-D-2011', 0)":"01\/03\/2011"},"T\u00edtulo":{"('0059-D-2011', 0)":"CREACION DEL PROGRAMA NACIONAL DE ATENCION DEL ESTRES POSTRAUMATICO (REPRODUCCION DEL EXPEDIENTE 0025-D-09)."},"('Firmantes', 'FIRMANTE')":{"('0059-D-2011', 0)":"GIUDICI, SILVANA MYRIAM"},"('Firmantes', 'DISTRITO')":{"('0059-D-2011', 0)":"CIUDAD de BUENOS AIRES"},"('Firmantes', 'BLOQUE')":{"('0059-D-2011', 0)":"UCR"},"('Giros', 'COMISI\u00d3N')":{"('0059-D-2011', 0)":"ACCION SOCIAL Y SALUD PUBLICA"},"Sumario":{"('0059-D-2011', 0)":"INVITACION A ADHERIR."},"Palabra Clave":{"('0059-D-2011', 0)":" "}}