{"Tipo de Proyecto":{"('0059-S-2011', 0)":"PROYECTO DE LEY"},"Iniciado en: ":{"('0059-S-2011', 0)":"Senado"},"Expediente Senado: ":{"('0059-S-2011', 0)":"0059-S-2011"},"Publicado en: ":{"('0059-S-2011', 0)":"Diario de Asuntos Entrados N\u00b0 4"},"Fecha: ":{"('0059-S-2011', 0)":"02\/03\/2011"},"T\u00edtulo":{"('0059-S-2011', 0)":"CREACION DEL BOLETO PARA ORQUESTAS DE CAMARA, SINFONICAS, FILARMONICAS Y AGRUPACIONES VOCALES DE INSTITUCIONES PUBLICAS O PRIVADAS QUE EFECTUEN INTERPRETACIONES EN DIFERENTES PUNTOS DEL TERRITORIO NACIONAL."},"('Firmantes', 'FIRMANTE')":{"('0059-S-2011', 0)":"ROMERO, JUAN CARLOS"},"('Firmantes', 'DISTRITO')":{"('0059-S-2011', 0)":"SALTA"},"('Firmantes', 'BLOQUE')":{"('0059-S-2011', 0)":"JUSTICIALISTA 8 DE OCTUBRE"},"('Tramites', 'C\u00c1MARA')":{"('0059-S-2011', 0)":"Senado"},"('Tramites', 'MOVIMIENTO')":{"('0059-S-2011', 0)":"REPRODUCIDO POR EXPEDIENTE 1302-S-13"},"('Tramites', 'FECHA')":{"('0059-S-2011', 0)":null},"('Tramites', 'RESULTADO')":{"('0059-S-2011', 0)":null},"Sumario":{"('0059-S-2011', 0)":"DESCUENTO DEL 50 POR CIENTO DEL PASAJE EN TRANSPORTES AEREOS, FERROVIARIOS, FLUVIAL Y AUTOMOTOR."},"Palabra Clave":{"('0059-S-2011', 0)":" "}}