{"Tipo de Proyecto":{"('0060-D-2011', 0)":"PROYECTO DE LEY","('0060-D-2011', 1)":null},"Iniciado en: ":{"('0060-D-2011', 0)":"Diputados","('0060-D-2011', 1)":null},"Expediente Diputados: ":{"('0060-D-2011', 0)":"0060-D-2011","('0060-D-2011', 1)":null},"Publicado en: ":{"('0060-D-2011', 0)":"Tr\u00e1mite Parlamentario N\u00b0 1","('0060-D-2011', 1)":null},"Fecha: ":{"('0060-D-2011', 0)":"01\/03\/2011","('0060-D-2011', 1)":null},"T\u00edtulo":{"('0060-D-2011', 0)":"INSTITUIR EL 21 DE OCTUBRE DE CADA A\u00d1O COMO DIA NACIONAL DEL RADIOAFICIONADO  (REPRODUCCION DEL EXPEDIENTE 0026-D-09).","('0060-D-2011', 1)":null},"('Firmantes', 'FIRMANTE')":{"('0060-D-2011', 0)":"GIUDICI, SILVANA MYRIAM","('0060-D-2011', 1)":null},"('Firmantes', 'DISTRITO')":{"('0060-D-2011', 0)":"CIUDAD de BUENOS AIRES","('0060-D-2011', 1)":null},"('Firmantes', 'BLOQUE')":{"('0060-D-2011', 0)":"UCR","('0060-D-2011', 1)":null},"('Giros', 'COMISI\u00d3N')":{"('0060-D-2011', 0)":"COMUNICACIONES E INFORMATICA","('0060-D-2011', 1)":"LEGISLACION GENERAL"},"Palabra Clave":{"('0060-D-2011', 0)":" ","('0060-D-2011', 1)":null}}