{"Tipo de Proyecto":{"('0060-S-2011', 0)":"MENSAJE NRO: 0116\/11 Y PROYECTO DE LEY","('0060-S-2011', 1)":null,"('0060-S-2011', 2)":null,"('0060-S-2011', 3)":null},"Iniciado en: ":{"('0060-S-2011', 0)":"Senado","('0060-S-2011', 1)":null,"('0060-S-2011', 2)":null,"('0060-S-2011', 3)":null},"Expediente Diputados: ":{"('0060-S-2011', 0)":"0060-S-2011","('0060-S-2011', 1)":null,"('0060-S-2011', 2)":null,"('0060-S-2011', 3)":null},"Expediente Senado: ":{"('0060-S-2011', 0)":"0007-PE-2011","('0060-S-2011', 1)":null,"('0060-S-2011', 2)":null,"('0060-S-2011', 3)":null},"Publicado en: ":{"('0060-S-2011', 0)":"Diario de Asuntos Entrados N\u00b0 8","('0060-S-2011', 1)":null,"('0060-S-2011', 2)":null,"('0060-S-2011', 3)":null},"Fecha: ":{"('0060-S-2011', 0)":"03\/03\/2011","('0060-S-2011', 1)":null,"('0060-S-2011', 2)":null,"('0060-S-2011', 3)":null},"T\u00edtulo":{"('0060-S-2011', 0)":"APROBACION DEL CONVENIO ENTRE LA REPUBLICA ARGENTINA Y LA REPUBLICA DE ECUADOR PARA EL CUMPLIMIENTO DE CONDENAS PENALES, SUSCRIPTO EN BUENOS AIRES, EL 20 DE SEPTIEMBRE DE 2007, Y EL ACUERDO POR CANJE DE NOTAS POR EL QUE SE ENMIENDA EL ARTICULO 10 DEL MISMO, DEL 18 DE ENERO DE 2010.","('0060-S-2011', 1)":null,"('0060-S-2011', 2)":null,"('0060-S-2011', 3)":null},"('Firmantes', 'FIRMANTE')":{"('0060-S-2011', 0)":"FERNANDEZ DE KIRCHNER, CRISTINA","('0060-S-2011', 1)":"FERNANDEZ, ANIBAL","('0060-S-2011', 2)":"TIMERMAN, HECTOR MARCOS","('0060-S-2011', 3)":null},"('Firmantes', 'DISTRITO')":{"('0060-S-2011', 0)":null,"('0060-S-2011', 1)":null,"('0060-S-2011', 2)":null,"('0060-S-2011', 3)":null},"('Firmantes', 'BLOQUE')":{"('0060-S-2011', 0)":"PODER EJECUTIVO","('0060-S-2011', 1)":"PODER EJECUTIVO","('0060-S-2011', 2)":"PODER EJECUTIVO","('0060-S-2011', 3)":null},"('Giros', 'COMISI\u00d3N')":{"('0060-S-2011', 0)":"RELACIONES EXTERIORES Y CULTO","('0060-S-2011', 1)":"LEGISLACION PENAL","('0060-S-2011', 2)":null,"('0060-S-2011', 3)":null},"('Tramites', 'C\u00c1MARA')":{"('0060-S-2011', 0)":"Senado","('0060-S-2011', 1)":"Diputados","('0060-S-2011', 2)":"Diputados","('0060-S-2011', 3)":"Diputados"},"('Tramites', 'MOVIMIENTO')":{"('0060-S-2011', 0)":"CONSIDERACION Y APROBACION","('0060-S-2011', 1)":"PASA A DIPUTADOS -","('0060-S-2011', 2)":"MOCION SOBRE TABLAS (PLAN DE LABOR) (AFIRMATIVA)","('0060-S-2011', 3)":"CONSIDERACION Y SANCION (VOTACION NOMINAL)"},"('Tramites', 'FECHA')":{"('0060-S-2011', 0)":"13\/04\/2011","('0060-S-2011', 1)":null,"('0060-S-2011', 2)":"27\/08\/2014","('0060-S-2011', 3)":"27\/08\/2014"},"('Tramites', 'RESULTADO')":{"('0060-S-2011', 0)":"MEDIA SANCION","('0060-S-2011', 1)":null,"('0060-S-2011', 2)":null,"('0060-S-2011', 3)":"SANCIONADO"},"Link":{"('0060-S-2011', 0)":"https:\/\/www4.hcdn.gob.ar\/dependencias\/dsecretaria\/Periodo2011\/PDF2011\/TP2011\/0060-S-11.pdf","('0060-S-2011', 1)":null,"('0060-S-2011', 2)":null,"('0060-S-2011', 3)":null},"Palabra Clave":{"('0060-S-2011', 0)":" ","('0060-S-2011', 1)":null,"('0060-S-2011', 2)":null,"('0060-S-2011', 3)":null}}