{"Tipo de Proyecto":{"('0061-D-2011', 0)":"PROYECTO DE LEY","('0061-D-2011', 1)":null,"('0061-D-2011', 2)":null,"('0061-D-2011', 3)":null},"Iniciado en: ":{"('0061-D-2011', 0)":"Diputados","('0061-D-2011', 1)":null,"('0061-D-2011', 2)":null,"('0061-D-2011', 3)":null},"Expediente Diputados: ":{"('0061-D-2011', 0)":"0061-D-2011","('0061-D-2011', 1)":null,"('0061-D-2011', 2)":null,"('0061-D-2011', 3)":null},"Publicado en: ":{"('0061-D-2011', 0)":"Tr\u00e1mite Parlamentario N\u00b0 1","('0061-D-2011', 1)":null,"('0061-D-2011', 2)":null,"('0061-D-2011', 3)":null},"Fecha: ":{"('0061-D-2011', 0)":"01\/03\/2011","('0061-D-2011', 1)":null,"('0061-D-2011', 2)":null,"('0061-D-2011', 3)":null},"T\u00edtulo":{"('0061-D-2011', 0)":"GARANTIA DE LOS INTERESES DEL ESTADO NACIONAL EN LA CIUDAD AUTONOMA DE BUENOS AIRES, LEY 24588: MODIFICACION DEL ARTICULO 10 (TRANSFERENCIA A LA CIUDAD AUTONOMA DEL REGISTRO DE LA PROPIEDAD INMUEBLE Y DE LA INSPECCION GENERAL DE JUSTICIA) (REPRODUCCION DEL EXPEDIENTE 0027-D-09).","('0061-D-2011', 1)":null,"('0061-D-2011', 2)":null,"('0061-D-2011', 3)":null},"('Firmantes', 'FIRMANTE')":{"('0061-D-2011', 0)":"GIUDICI, SILVANA MYRIAM","('0061-D-2011', 1)":null,"('0061-D-2011', 2)":null,"('0061-D-2011', 3)":null},"('Firmantes', 'DISTRITO')":{"('0061-D-2011', 0)":"CIUDAD de BUENOS AIRES","('0061-D-2011', 1)":null,"('0061-D-2011', 2)":null,"('0061-D-2011', 3)":null},"('Firmantes', 'BLOQUE')":{"('0061-D-2011', 0)":"UCR","('0061-D-2011', 1)":null,"('0061-D-2011', 2)":null,"('0061-D-2011', 3)":null},"('Giros', 'COMISI\u00d3N')":{"('0061-D-2011', 0)":"JUSTICIA","('0061-D-2011', 1)":"ASUNTOS CONSTITUCIONALES","('0061-D-2011', 2)":"LEGISLACION GENERAL","('0061-D-2011', 3)":"PRESUPUESTO Y HACIENDA"},"Palabra Clave":{"('0061-D-2011', 0)":" ","('0061-D-2011', 1)":null,"('0061-D-2011', 2)":null,"('0061-D-2011', 3)":null}}