{"Tipo de Proyecto":{"('0062-OV-2011', 0)":"PROYECTO DE RESOLUCI\u00d3N","('0062-OV-2011', 1)":null},"Iniciado en: ":{"('0062-OV-2011', 0)":"Senado","('0062-OV-2011', 1)":null},"Expediente Senado: ":{"('0062-OV-2011', 0)":"0062-OV-2011","('0062-OV-2011', 1)":null},"Fecha: ":{"('0062-OV-2011', 0)":"24\/04\/2012","('0062-OV-2011', 1)":null},"T\u00edtulo":{"('0062-OV-2011', 0)":"PEDIDO DE INFORMES AL PODER EJECUTIVO SOBRE LAS MEDIDAS ADOPTADAS EN ATENCION A LAS OBSERVACIONES FORMULADAS POR LA AUDITORIA GENERAL DE LA NACION, RESOLUCION 43\/11; SOBRE EL INFORME REALIZADO EN EL AMBITO DE LA COMISION NACIONAL DE COMUNICACIONES: CONTROLES REALIZADOS POR LA CNC RESPECTO A LA RELACION ENTRE LAS EMPRESAS DE TELEFONIA MOVIL Y SUS CLIENTES.","('0062-OV-2011', 1)":null},"('Firmantes', 'FIRMANTE')":{"('0062-OV-2011', 0)":"PARLAMENTARIA MIXTA REVISORA DE CUENTAS","('0062-OV-2011', 1)":null},"('Firmantes', 'DISTRITO')":{"('0062-OV-2011', 0)":null,"('0062-OV-2011', 1)":null},"('Firmantes', 'BLOQUE')":{"('0062-OV-2011', 0)":null,"('0062-OV-2011', 1)":null},"('Tramites', 'C\u00c1MARA')":{"('0062-OV-2011', 0)":"Senado","('0062-OV-2011', 1)":"Senado"},"('Tramites', 'MOVIMIENTO')":{"('0062-OV-2011', 0)":"CONSIDERACION Y APROBACION","('0062-OV-2011', 1)":"CONTESTACION DEL PODER EJECUTIVO NACIONAL - JEFE DE GABINETE DE MINISTROS - GIRADO A LA COMISION RESPECTIVA"},"('Tramites', 'FECHA')":{"('0062-OV-2011', 0)":"11\/07\/2012","('0062-OV-2011', 1)":"24\/04\/2013"},"('Tramites', 'RESULTADO')":{"('0062-OV-2011', 0)":"APROBADO","('0062-OV-2011', 1)":null},"Link":{"('0062-OV-2011', 0)":"http:\/\/www.senado.gov.ar\/parlamentario\/comisiones\/verExp\/62.11\/OV\/PR","('0062-OV-2011', 1)":null},"Palabra Clave":{"('0062-OV-2011', 0)":" ","('0062-OV-2011', 1)":null}}