{"Tipo de Proyecto":{"('0062-S-2011', 0)":"PROYECTO DE DECLARACI\u00d3N","('0062-S-2011', 1)":null},"Iniciado en: ":{"('0062-S-2011', 0)":"Senado","('0062-S-2011', 1)":null},"Expediente Senado: ":{"('0062-S-2011', 0)":"0062-S-2011","('0062-S-2011', 1)":null},"Publicado en: ":{"('0062-S-2011', 0)":"Diario de Asuntos Entrados N\u00b0 4","('0062-S-2011', 1)":null},"Fecha: ":{"('0062-S-2011', 0)":"02\/03\/2011","('0062-S-2011', 1)":null},"T\u00edtulo":{"('0062-S-2011', 0)":"ADHERIR AL DIA MUNDIAL DE LA POESIA, EL 21 DE MARZO.","('0062-S-2011', 1)":null},"('Firmantes', 'FIRMANTE')":{"('0062-S-2011', 0)":"ROMERO, JUAN CARLOS","('0062-S-2011', 1)":null},"('Firmantes', 'DISTRITO')":{"('0062-S-2011', 0)":"SALTA","('0062-S-2011', 1)":null},"('Firmantes', 'BLOQUE')":{"('0062-S-2011', 0)":"JUSTICIALISTA 8 DE OCTUBRE","('0062-S-2011', 1)":null},"('Tramites', 'C\u00c1MARA')":{"('0062-S-2011', 0)":"Senado","('0062-S-2011', 1)":"Senado"},"('Tramites', 'MOVIMIENTO')":{"('0062-S-2011', 0)":"MOCION SOBRE TABLAS (AFIRMATIVA)","('0062-S-2011', 1)":"CONSIDERACION Y APROBACION"},"('Tramites', 'FECHA')":{"('0062-S-2011', 0)":"16\/03\/2011","('0062-S-2011', 1)":"16\/03\/2011"},"('Tramites', 'RESULTADO')":{"('0062-S-2011', 0)":null,"('0062-S-2011', 1)":"APROBADO"},"Link":{"('0062-S-2011', 0)":"http:\/\/www.senado.gov.ar\/parlamentario\/comisiones\/verExp\/62.11\/S\/PD","('0062-S-2011', 1)":null},"Palabra Clave":{"('0062-S-2011', 0)":" ","('0062-S-2011', 1)":null}}