{"Tipo de Proyecto":{"('0063-OV-2011', 0)":"PROYECTO DE RESOLUCI\u00d3N"},"Iniciado en: ":{"('0063-OV-2011', 0)":"Senado"},"Expediente Senado: ":{"('0063-OV-2011', 0)":"0063-OV-2011"},"Fecha: ":{"('0063-OV-2011', 0)":"24\/04\/2012"},"T\u00edtulo":{"('0063-OV-2011', 0)":"PEDIDO DE INFORMES AL PODER EJECUTIVO SOBRE LAS MEDIDAS ADOPTADAS PARA REGULARIZAR LAS OBSERVACIONES FORMULADAS POR LA AUDITORIA GENERAL DE LA NACION, RESOLUCION 44\/11; EN EL AMBITO DEL ENTE NACIONAL REGULADOR DEL GAS, CUYO OBJETO FUERA LA CONSTATACION DE LA RAZONABILIDAD DE LA INFORMACION EMITIDA POR EL ORGANISMO  EN CUMPLIMIENTO DE LOS REQUERIMIENTOS DE LA CIRCULAR AGN 3\/93, CONTRATACIONES RELEVANTES, CONTRATACIONES NO SIGNIFICATIVAS Y ACTOS DE SIGNIFICACION ECONOMICA."},"('Firmantes', 'FIRMANTE')":{"('0063-OV-2011', 0)":"PARLAMENTARIA MIXTA REVISORA DE CUENTAS"},"('Firmantes', 'DISTRITO')":{"('0063-OV-2011', 0)":null},"('Firmantes', 'BLOQUE')":{"('0063-OV-2011', 0)":null},"('Tramites', 'C\u00c1MARA')":{"('0063-OV-2011', 0)":"Senado"},"('Tramites', 'MOVIMIENTO')":{"('0063-OV-2011', 0)":"CONSIDERACION Y APROBACION"},"('Tramites', 'FECHA')":{"('0063-OV-2011', 0)":"11\/07\/2012"},"('Tramites', 'RESULTADO')":{"('0063-OV-2011', 0)":"APROBADO"},"Link":{"('0063-OV-2011', 0)":"http:\/\/www.senado.gov.ar\/parlamentario\/comisiones\/verExp\/63.11\/OV\/PR"},"Palabra Clave":{"('0063-OV-2011', 0)":" "}}