{"Tipo de Proyecto":{"('0063-D-2011', 0)":"PROYECTO DE LEY","('0063-D-2011', 1)":null},"Iniciado en: ":{"('0063-D-2011', 0)":"Diputados","('0063-D-2011', 1)":null},"Expediente Diputados: ":{"('0063-D-2011', 0)":"0063-D-2011","('0063-D-2011', 1)":null},"Publicado en: ":{"('0063-D-2011', 0)":"Tr\u00e1mite Parlamentario N\u00b0 1","('0063-D-2011', 1)":null},"Fecha: ":{"('0063-D-2011', 0)":"01\/03\/2011","('0063-D-2011', 1)":null},"T\u00edtulo":{"('0063-D-2011', 0)":"MODIFICACION DEL CODIGO CIVIL DE LA NACION; MODIFICACIONES SOBRE DIVORCIO POR MUTUO CONSENTIMIENTO; AGILIZACION DEL TRAMITE LEGAL (REPRODUCCION DEL EXPEDIENTE 2564-D-09).","('0063-D-2011', 1)":null},"('Firmantes', 'FIRMANTE')":{"('0063-D-2011', 0)":"GIUDICI, SILVANA MYRIAM","('0063-D-2011', 1)":null},"('Firmantes', 'DISTRITO')":{"('0063-D-2011', 0)":"CIUDAD de BUENOS AIRES","('0063-D-2011', 1)":null},"('Firmantes', 'BLOQUE')":{"('0063-D-2011', 0)":"UCR","('0063-D-2011', 1)":null},"('Giros', 'COMISI\u00d3N')":{"('0063-D-2011', 0)":"LEGISLACION GENERAL","('0063-D-2011', 1)":"FAMILIA, MUJER, NI\u00d1EZ Y ADOLESCENCIA"},"Sumario":{"('0063-D-2011', 0)":"MODIFICACION DE LOS ARTICULOS 205, 215 Y 238 Y MODIFICACION PARCIAL DEL ARTICULO 236, INCISO 3.","('0063-D-2011', 1)":null},"Palabra Clave":{"('0063-D-2011', 0)":" ","('0063-D-2011', 1)":null}}