{"Tipo de Proyecto":{"('0064-S-2011', 0)":"PROYECTO DE LEY"},"Iniciado en: ":{"('0064-S-2011', 0)":"Senado"},"Expediente Senado: ":{"('0064-S-2011', 0)":"0064-S-2011"},"Publicado en: ":{"('0064-S-2011', 0)":"Diario de Asuntos Entrados N\u00b0 4"},"Fecha: ":{"('0064-S-2011', 0)":"02\/03\/2011"},"T\u00edtulo":{"('0064-S-2011', 0)":"DEROGACION DE LA LEY 26350 (HORA OFICIAL); RATIFICACION DEL ACTUAL HUSO HORARIO, TRES HORAS AL OESTE DEL MERIDIANO DE GREENWICH."},"('Firmantes', 'FIRMANTE')":{"('0064-S-2011', 0)":"ROMERO, JUAN CARLOS"},"('Firmantes', 'DISTRITO')":{"('0064-S-2011', 0)":"SALTA"},"('Firmantes', 'BLOQUE')":{"('0064-S-2011', 0)":"JUSTICIALISTA 8 DE OCTUBRE"},"('Tramites', 'C\u00c1MARA')":{"('0064-S-2011', 0)":"Senado"},"('Tramites', 'MOVIMIENTO')":{"('0064-S-2011', 0)":"REPRODUCIDO POR EXPEDIENTE 1300-S-13"},"('Tramites', 'FECHA')":{"('0064-S-2011', 0)":null},"('Tramites', 'RESULTADO')":{"('0064-S-2011', 0)":null},"Link":{"('0064-S-2011', 0)":"http:\/\/www.senado.gov.ar\/parlamentario\/comisiones\/verExp\/64.11\/S\/PL"},"Palabra Clave":{"('0064-S-2011', 0)":" "}}