{"Tipo de Proyecto":{"('0066-D-2011', 0)":"PROYECTO DE LEY","('0066-D-2011', 1)":null,"('0066-D-2011', 2)":null},"Iniciado en: ":{"('0066-D-2011', 0)":"Diputados","('0066-D-2011', 1)":null,"('0066-D-2011', 2)":null},"Expediente Diputados: ":{"('0066-D-2011', 0)":"0066-D-2011","('0066-D-2011', 1)":null,"('0066-D-2011', 2)":null},"Publicado en: ":{"('0066-D-2011', 0)":"Tr\u00e1mite Parlamentario N\u00b0 1","('0066-D-2011', 1)":null,"('0066-D-2011', 2)":null},"Fecha: ":{"('0066-D-2011', 0)":"01\/03\/2011","('0066-D-2011', 1)":null,"('0066-D-2011', 2)":null},"T\u00edtulo":{"('0066-D-2011', 0)":"EXENCION DEL IMPUESTO AL VALOR AGREGADO (IVA) A ALGUNOS PRODUCTOS DE LA CANASTA BASICA ALIMENTARIA (REPRODUCCION DEL EXPEDIENTE 5046-D-09).","('0066-D-2011', 1)":null,"('0066-D-2011', 2)":null},"('Firmantes', 'FIRMANTE')":{"('0066-D-2011', 0)":"GIUDICI, SILVANA MYRIAM","('0066-D-2011', 1)":null,"('0066-D-2011', 2)":null},"('Firmantes', 'DISTRITO')":{"('0066-D-2011', 0)":"CIUDAD de BUENOS AIRES","('0066-D-2011', 1)":null,"('0066-D-2011', 2)":null},"('Firmantes', 'BLOQUE')":{"('0066-D-2011', 0)":"UCR","('0066-D-2011', 1)":null,"('0066-D-2011', 2)":null},"('Giros', 'COMISI\u00d3N')":{"('0066-D-2011', 0)":"PRESUPUESTO Y HACIENDA","('0066-D-2011', 1)":"ACCION SOCIAL Y SALUD PUBLICA","('0066-D-2011', 2)":"COMERCIO"},"Sumario":{"('0066-D-2011', 0)":"LEY 23349 TEXTO ORDENADO DECRETO 280\/97 Y SUS MODIFICACIONES: SUSTITUCION DEL INCISO F DEL ARTICULO 7, TITULO II (DE LAS EXENCIONES)","('0066-D-2011', 1)":null,"('0066-D-2011', 2)":null},"Palabra Clave":{"('0066-D-2011', 0)":" ","('0066-D-2011', 1)":null,"('0066-D-2011', 2)":null}}