{"Tipo de Proyecto":{"('0067-PE-2011', 0)":"MENSAJE NRO: 0377\/11","('0067-PE-2011', 1)":null},"Iniciado en: ":{"('0067-PE-2011', 0)":"Senado","('0067-PE-2011', 1)":null},"Expediente Senado: ":{"('0067-PE-2011', 0)":"0067-PE-2011","('0067-PE-2011', 1)":null},"Publicado en: ":{"('0067-PE-2011', 0)":"DAE S.A. N\u00b0 2","('0067-PE-2011', 1)":null},"Fecha: ":{"('0067-PE-2011', 0)":"30\/03\/2011","('0067-PE-2011', 1)":null},"T\u00edtulo":{"('0067-PE-2011', 0)":"SOLICITA ACUERDO PARA PROMOVER A FUNCIONARIO DE LA CATEGORIA \"A\" EMBAJADOR EXTRAORDINARIO Y PLENIPOTENCIARIO. AL ACTUAL FUNCIONARIO DE LA CATEGORIA B, MINISTRO PLENIPOTENCIARIO DE PRIMERA CLASE A DON JUAN JOSE CASTELLI.","('0067-PE-2011', 1)":null},"('Firmantes', 'FIRMANTE')":{"('0067-PE-2011', 0)":"FERNANDEZ DE KIRCHNER, CRISTINA","('0067-PE-2011', 1)":"TIMERMAN, HECTOR MARCOS"},"('Firmantes', 'DISTRITO')":{"('0067-PE-2011', 0)":null,"('0067-PE-2011', 1)":null},"('Firmantes', 'BLOQUE')":{"('0067-PE-2011', 0)":"PODER EJECUTIVO","('0067-PE-2011', 1)":"PODER EJECUTIVO"},"('Tramites', 'C\u00c1MARA')":{"('0067-PE-2011', 0)":"Senado","('0067-PE-2011', 1)":null},"('Tramites', 'MOVIMIENTO')":{"('0067-PE-2011', 0)":"CONSIDERACION Y APROBACION","('0067-PE-2011', 1)":null},"('Tramites', 'FECHA')":{"('0067-PE-2011', 0)":"29\/06\/2011","('0067-PE-2011', 1)":null},"('Tramites', 'RESULTADO')":{"('0067-PE-2011', 0)":"APROBADO","('0067-PE-2011', 1)":null},"Palabra Clave":{"('0067-PE-2011', 0)":" ","('0067-PE-2011', 1)":null}}