{"Tipo de Proyecto":{"('0067-D-2011', 0)":"PROYECTO DE LEY","('0067-D-2011', 1)":null,"('0067-D-2011', 2)":null},"Iniciado en: ":{"('0067-D-2011', 0)":"Diputados","('0067-D-2011', 1)":null,"('0067-D-2011', 2)":null},"Expediente Diputados: ":{"('0067-D-2011', 0)":"0067-D-2011","('0067-D-2011', 1)":null,"('0067-D-2011', 2)":null},"Publicado en: ":{"('0067-D-2011', 0)":"Tr\u00e1mite Parlamentario N\u00b0 1","('0067-D-2011', 1)":null,"('0067-D-2011', 2)":null},"Fecha: ":{"('0067-D-2011', 0)":"01\/03\/2011","('0067-D-2011', 1)":null,"('0067-D-2011', 2)":null},"T\u00edtulo":{"('0067-D-2011', 0)":"CREACION DE LA UNIVERSIDAD AGRARIA NACIONAL (REPRODUCCION DEL EXPEDIENTE 3394-D-08).","('0067-D-2011', 1)":null,"('0067-D-2011', 2)":null},"('Firmantes', 'FIRMANTE')":{"('0067-D-2011', 0)":"MARCONATO, GUSTAVO ANGEL","('0067-D-2011', 1)":null,"('0067-D-2011', 2)":null},"('Firmantes', 'DISTRITO')":{"('0067-D-2011', 0)":"SANTA FE","('0067-D-2011', 1)":null,"('0067-D-2011', 2)":null},"('Firmantes', 'BLOQUE')":{"('0067-D-2011', 0)":"FRENTE PARA LA VICTORIA - PJ","('0067-D-2011', 1)":null,"('0067-D-2011', 2)":null},"('Giros', 'COMISI\u00d3N')":{"('0067-D-2011', 0)":"EDUCACION","('0067-D-2011', 1)":"AGRICULTURA Y GANADERIA","('0067-D-2011', 2)":"PRESUPUESTO Y HACIENDA"},"Sumario":{"('0067-D-2011', 0)":"OBJETIVO; GASTOS A CARGO DEL MINISTERIO DE EDUCACION.","('0067-D-2011', 1)":null,"('0067-D-2011', 2)":null},"Palabra Clave":{"('0067-D-2011', 0)":" ","('0067-D-2011', 1)":null,"('0067-D-2011', 2)":null}}