{"Tipo de Proyecto":{"('0069-S-2011', 0)":"PROYECTO DE LEY","('0069-S-2011', 1)":null,"('0069-S-2011', 2)":null,"('0069-S-2011', 3)":null},"Iniciado en: ":{"('0069-S-2011', 0)":"Senado","('0069-S-2011', 1)":null,"('0069-S-2011', 2)":null,"('0069-S-2011', 3)":null},"Expediente Diputados: ":{"('0069-S-2011', 0)":"0069-S-2011","('0069-S-2011', 1)":null,"('0069-S-2011', 2)":null,"('0069-S-2011', 3)":null},"Expediente Senado: ":{"('0069-S-2011', 0)":"0170-S-2011","('0069-S-2011', 1)":null,"('0069-S-2011', 2)":null,"('0069-S-2011', 3)":null},"Publicado en: ":{"('0069-S-2011', 0)":"Diario de Asuntos Entrados N\u00b0 9","('0069-S-2011', 1)":null,"('0069-S-2011', 2)":null,"('0069-S-2011', 3)":null},"Fecha: ":{"('0069-S-2011', 0)":"03\/03\/2011","('0069-S-2011', 1)":null,"('0069-S-2011', 2)":null,"('0069-S-2011', 3)":null},"T\u00edtulo":{"('0069-S-2011', 0)":"MODIFICACION DE LA LEY 20589 (ESTATUTO DE CONTRATISTAS DE VI\u00d1AS Y FRUTALES) , EN RELACION A LA INDEMNIZACION Y DETALLES DE LA MENSUALIDAD QUE RECIBE EL CONTRATISTA.","('0069-S-2011', 1)":null,"('0069-S-2011', 2)":null,"('0069-S-2011', 3)":null},"('Firmantes', 'FIRMANTE')":{"('0069-S-2011', 0)":"MONTERO, LAURA GISELA","('0069-S-2011', 1)":null,"('0069-S-2011', 2)":null,"('0069-S-2011', 3)":null},"('Firmantes', 'DISTRITO')":{"('0069-S-2011', 0)":"MENDOZA","('0069-S-2011', 1)":null,"('0069-S-2011', 2)":null,"('0069-S-2011', 3)":null},"('Firmantes', 'BLOQUE')":{"('0069-S-2011', 0)":"UCR","('0069-S-2011', 1)":null,"('0069-S-2011', 2)":null,"('0069-S-2011', 3)":null},"('Giros', 'COMISI\u00d3N')":{"('0069-S-2011', 0)":"LEGISLACION DEL TRABAJO","('0069-S-2011', 1)":"AGRICULTURA Y GANADERIA","('0069-S-2011', 2)":"LEGISLACION GENERAL","('0069-S-2011', 3)":null},"('Tramites', 'C\u00c1MARA')":{"('0069-S-2011', 0)":"Senado","('0069-S-2011', 1)":"Senado","('0069-S-2011', 2)":"Diputados","('0069-S-2011', 3)":"Diputados"},"('Tramites', 'MOVIMIENTO')":{"('0069-S-2011', 0)":"MOCION DE PREFERENCIA CON DICTAMEN (AFIRMATIVA)","('0069-S-2011', 1)":"CONSIDERACION Y APROBACION","('0069-S-2011', 2)":"PASA A DIPUTADOS -","('0069-S-2011', 3)":"RESOLUCION DE PRESIDENCIA - CAMBIO DE ORDEN DE LAS COMISIONES"},"('Tramites', 'FECHA')":{"('0069-S-2011', 0)":"30\/03\/2011","('0069-S-2011', 1)":"04\/05\/2011","('0069-S-2011', 2)":null,"('0069-S-2011', 3)":null},"('Tramites', 'RESULTADO')":{"('0069-S-2011', 0)":null,"('0069-S-2011', 1)":"MEDIA SANCION","('0069-S-2011', 2)":null,"('0069-S-2011', 3)":null},"Sumario":{"('0069-S-2011', 0)":"MODIFICACION DEL ARTICULO 12 INCISO 5 B) Y ARTICULO 16.","('0069-S-2011', 1)":null,"('0069-S-2011', 2)":null,"('0069-S-2011', 3)":null},"Palabra Clave":{"('0069-S-2011', 0)":" ","('0069-S-2011', 1)":null,"('0069-S-2011', 2)":null,"('0069-S-2011', 3)":null}}