{"Tipo de Proyecto":{"('0069-D-2011', 0)":"PROYECTO DE DECLARACI\u00d3N","('0069-D-2011', 1)":null,"('0069-D-2011', 2)":null,"('0069-D-2011', 3)":null,"('0069-D-2011', 4)":null},"Iniciado en: ":{"('0069-D-2011', 0)":"Diputados","('0069-D-2011', 1)":null,"('0069-D-2011', 2)":null,"('0069-D-2011', 3)":null,"('0069-D-2011', 4)":null},"Expediente Diputados: ":{"('0069-D-2011', 0)":"0069-D-2011","('0069-D-2011', 1)":null,"('0069-D-2011', 2)":null,"('0069-D-2011', 3)":null,"('0069-D-2011', 4)":null},"Publicado en: ":{"('0069-D-2011', 0)":"Tr\u00e1mite Parlamentario N\u00b0 2","('0069-D-2011', 1)":null,"('0069-D-2011', 2)":null,"('0069-D-2011', 3)":null,"('0069-D-2011', 4)":null},"Fecha: ":{"('0069-D-2011', 0)":"02\/03\/2011","('0069-D-2011', 1)":null,"('0069-D-2011', 2)":null,"('0069-D-2011', 3)":null,"('0069-D-2011', 4)":null},"T\u00edtulo":{"('0069-D-2011', 0)":"SOLICITAR AL PODER EJECUTIVO INSTRUMENTE LAS MEDIDAS NECESARIAS, DISPUESTAS POR LA LEY 24759 DE LA CONVENCION INTERAMERICANA CONTRA LA CORRUPCION, PARA EXIGIR  COMO REQUISITO PREVIO A LAS CANDIDATURAS ELECTIVAS FEDERALES, LA DECLARACION JURADA PATRIMONIAL.","('0069-D-2011', 1)":null,"('0069-D-2011', 2)":null,"('0069-D-2011', 3)":null,"('0069-D-2011', 4)":null},"('Firmantes', 'FIRMANTE')":{"('0069-D-2011', 0)":"VEGA, JUAN CARLOS","('0069-D-2011', 1)":"BALDATA, GRISELDA ANGELA","('0069-D-2011', 2)":"STORNI, SILVIA","('0069-D-2011', 3)":"CASTALDO, NORAH SUSANA","('0069-D-2011', 4)":"GARNERO, ESTELA RAMONA"},"('Firmantes', 'DISTRITO')":{"('0069-D-2011', 0)":"CORDOBA","('0069-D-2011', 1)":"CORDOBA","('0069-D-2011', 2)":"CORDOBA","('0069-D-2011', 3)":"TUCUMAN","('0069-D-2011', 4)":"CORDOBA"},"('Firmantes', 'BLOQUE')":{"('0069-D-2011', 0)":"COALICION CIVICA","('0069-D-2011', 1)":"COALICION CIVICA","('0069-D-2011', 2)":"UCR","('0069-D-2011', 3)":"UCR","('0069-D-2011', 4)":"CORDOBA FEDERAL"},"('Giros', 'COMISI\u00d3N')":{"('0069-D-2011', 0)":"ASUNTOS CONSTITUCIONALES","('0069-D-2011', 1)":"JUSTICIA","('0069-D-2011', 2)":null,"('0069-D-2011', 3)":null,"('0069-D-2011', 4)":null},"Link":{"('0069-D-2011', 0)":"https:\/\/www.hcdn.gob.ar\/proyectos\/textoCompleto.jsp?exp=0069-D-2011&tipo=DECLARACION","('0069-D-2011', 1)":null,"('0069-D-2011', 2)":null,"('0069-D-2011', 3)":null,"('0069-D-2011', 4)":null},"Palabra Clave":{"('0069-D-2011', 0)":" ","('0069-D-2011', 1)":null,"('0069-D-2011', 2)":null,"('0069-D-2011', 3)":null,"('0069-D-2011', 4)":null}}