{"Tipo de Proyecto":{"('0072-S-2011', 0)":"PROYECTO DE LEY"},"Iniciado en: ":{"('0072-S-2011', 0)":"Senado"},"Expediente Senado: ":{"('0072-S-2011', 0)":"0072-S-2011"},"Publicado en: ":{"('0072-S-2011', 0)":"Diario de Asuntos Entrados N\u00b0 4"},"Fecha: ":{"('0072-S-2011', 0)":"02\/03\/2011"},"T\u00edtulo":{"('0072-S-2011', 0)":"MODIFICACION DE LOS ARTICULOS 8 (PLAZO) Y 11 (MONTO BASE) DE LA LEY 26060, PLAN DE DESARROLLO SUSTENTABLE Y FOMENTO DE LA PRODUCCION ALGODONERA, RESPECTO DE EXTENDER LA CONSTITUCION DEL FONDO COMPENSADOR Y LA AMPLIACION DE LA BASE DEL MISMO."},"('Firmantes', 'FIRMANTE')":{"('0072-S-2011', 0)":"CORREGIDO, ELENA MERCEDES"},"('Firmantes', 'DISTRITO')":{"('0072-S-2011', 0)":"CHACO"},"('Firmantes', 'BLOQUE')":{"('0072-S-2011', 0)":"FRENTE PARA LA VICTORIA - PJ"},"Link":{"('0072-S-2011', 0)":"http:\/\/www.senado.gov.ar\/parlamentario\/comisiones\/verExp\/72.11\/S\/PL"},"Palabra Clave":{"('0072-S-2011', 0)":" "}}