{"Tipo de Proyecto":{"('0073-D-2011', 0)":"PROYECTO DE RESOLUCI\u00d3N","('0073-D-2011', 1)":null,"('0073-D-2011', 2)":null,"('0073-D-2011', 3)":null,"('0073-D-2011', 4)":null},"Iniciado en: ":{"('0073-D-2011', 0)":"Diputados","('0073-D-2011', 1)":null,"('0073-D-2011', 2)":null,"('0073-D-2011', 3)":null,"('0073-D-2011', 4)":null},"Expediente Diputados: ":{"('0073-D-2011', 0)":"0073-D-2011","('0073-D-2011', 1)":null,"('0073-D-2011', 2)":null,"('0073-D-2011', 3)":null,"('0073-D-2011', 4)":null},"Publicado en: ":{"('0073-D-2011', 0)":"Tr\u00e1mite Parlamentario N\u00b0 2","('0073-D-2011', 1)":null,"('0073-D-2011', 2)":null,"('0073-D-2011', 3)":null,"('0073-D-2011', 4)":null},"Fecha: ":{"('0073-D-2011', 0)":"02\/03\/2011","('0073-D-2011', 1)":null,"('0073-D-2011', 2)":null,"('0073-D-2011', 3)":null,"('0073-D-2011', 4)":null},"T\u00edtulo":{"('0073-D-2011', 0)":"PEDIDO DE INFORMES AL PODER EJECUTIVO SOBRE DIVERSAS CUESTIONES RELACIONADAS CON LA ENTREGA DEL DOCUMENTO NACIONAL DE IDENTIDAD (DNI).","('0073-D-2011', 1)":null,"('0073-D-2011', 2)":null,"('0073-D-2011', 3)":null,"('0073-D-2011', 4)":null},"('Firmantes', 'FIRMANTE')":{"('0073-D-2011', 0)":"TERADA, ALICIA","('0073-D-2011', 1)":"IGLESIAS, FERNANDO ADOLFO","('0073-D-2011', 2)":"GIL LOZANO, CLAUDIA FERNANDA","('0073-D-2011', 3)":"QUIROZ, ELSA SIRIA","('0073-D-2011', 4)":"GARCIA, SUSANA ROSA"},"('Firmantes', 'DISTRITO')":{"('0073-D-2011', 0)":"CHACO","('0073-D-2011', 1)":"CIUDAD de BUENOS AIRES","('0073-D-2011', 2)":"CIUDAD de BUENOS AIRES","('0073-D-2011', 3)":"BUENOS AIRES","('0073-D-2011', 4)":"SANTA FE"},"('Firmantes', 'BLOQUE')":{"('0073-D-2011', 0)":"COALICION CIVICA","('0073-D-2011', 1)":"COALICION CIVICA","('0073-D-2011', 2)":"COALICION CIVICA","('0073-D-2011', 3)":"COALICION CIVICA","('0073-D-2011', 4)":"COALICION CIVICA"},"('Giros', 'COMISI\u00d3N')":{"('0073-D-2011', 0)":"LEGISLACION GENERAL","('0073-D-2011', 1)":null,"('0073-D-2011', 2)":null,"('0073-D-2011', 3)":null,"('0073-D-2011', 4)":null},"Link":{"('0073-D-2011', 0)":"https:\/\/www.hcdn.gob.ar\/proyectos\/textoCompleto.jsp?exp=0073-D-2011&tipo=RESOLUCION","('0073-D-2011', 1)":null,"('0073-D-2011', 2)":null,"('0073-D-2011', 3)":null,"('0073-D-2011', 4)":null},"Palabra Clave":{"('0073-D-2011', 0)":" ","('0073-D-2011', 1)":null,"('0073-D-2011', 2)":null,"('0073-D-2011', 3)":null,"('0073-D-2011', 4)":null}}