{"Tipo de Proyecto":{"('0074-S-2011', 0)":"PROYECTO DE LEY"},"Iniciado en: ":{"('0074-S-2011', 0)":"Senado"},"Expediente Senado: ":{"('0074-S-2011', 0)":"0074-S-2011"},"Publicado en: ":{"('0074-S-2011', 0)":"Diario de Asuntos Entrados N\u00b0 5"},"Fecha: ":{"('0074-S-2011', 0)":"02\/03\/2011"},"T\u00edtulo":{"('0074-S-2011', 0)":"DEROGACION DE LA LEY 26571, DE DEMOCRATIZACION DE LA REPRESENTACION POLITICA, LA TRANSPARENCIA Y LA EQUIDAD ELECTORAL (REPRODUCCION DEL EXPEDIENTE 3364-S-09)."},"('Firmantes', 'FIRMANTE')":{"('0074-S-2011', 0)":"CABANCHIK, SAMUEL MANUEL"},"('Firmantes', 'DISTRITO')":{"('0074-S-2011', 0)":"CIUDAD de BUENOS AIRES"},"('Firmantes', 'BLOQUE')":{"('0074-S-2011', 0)":"PROYECTO BUENOS AIRES FEDERAL"},"Link":{"('0074-S-2011', 0)":"http:\/\/www.senado.gov.ar\/parlamentario\/comisiones\/verExp\/74.11\/S\/PL"},"Palabra Clave":{"('0074-S-2011', 0)":" "}}