{"Tipo de Proyecto":{"('0075-S-2011', 0)":"PROYECTO DE LEY"},"Iniciado en: ":{"('0075-S-2011', 0)":"Senado"},"Expediente Senado: ":{"('0075-S-2011', 0)":"0075-S-2011"},"Publicado en: ":{"('0075-S-2011', 0)":"Diario de Asuntos Entrados N\u00b0 5"},"Fecha: ":{"('0075-S-2011', 0)":"02\/03\/2011"},"T\u00edtulo":{"('0075-S-2011', 0)":"ACCION POR OMISION REGLAMENTARIA (REPRODUCCION DEL EXPEDIENTE 1074-S-09)."},"('Firmantes', 'FIRMANTE')":{"('0075-S-2011', 0)":"CABANCHIK, SAMUEL MANUEL"},"('Firmantes', 'DISTRITO')":{"('0075-S-2011', 0)":"CIUDAD de BUENOS AIRES"},"('Firmantes', 'BLOQUE')":{"('0075-S-2011', 0)":"PROYECTO BUENOS AIRES FEDERAL"},"('Tramites', 'C\u00c1MARA')":{"('0075-S-2011', 0)":"Senado"},"('Tramites', 'MOVIMIENTO')":{"('0075-S-2011', 0)":"REPRODUCIDO POR EXPEDIENTE 0113-S-13"},"('Tramites', 'FECHA')":{"('0075-S-2011', 0)":null},"('Tramites', 'RESULTADO')":{"('0075-S-2011', 0)":null},"Sumario":{"('0075-S-2011', 0)":"OBJETO: ORDENAR AL ORGANISMO PUBLICO COMPETENTE SUBSANAR LA OMISION DENTRO DE UN  PLAZO RAZONABLE; LEGITIMACION; PROCEDENCIA DE OFICIO; COMPETENCIA."},"Palabra Clave":{"('0075-S-2011', 0)":" "}}