{"Tipo de Proyecto":{"('0075-D-2011', 0)":"PROYECTO DE RESOLUCI\u00d3N","('0075-D-2011', 1)":null,"('0075-D-2011', 2)":null},"Iniciado en: ":{"('0075-D-2011', 0)":"Diputados","('0075-D-2011', 1)":null,"('0075-D-2011', 2)":null},"Expediente Diputados: ":{"('0075-D-2011', 0)":"0075-D-2011","('0075-D-2011', 1)":null,"('0075-D-2011', 2)":null},"Publicado en: ":{"('0075-D-2011', 0)":"Tr\u00e1mite Parlamentario N\u00b0 2","('0075-D-2011', 1)":null,"('0075-D-2011', 2)":null},"Fecha: ":{"('0075-D-2011', 0)":"02\/03\/2011","('0075-D-2011', 1)":null,"('0075-D-2011', 2)":null},"T\u00edtulo":{"('0075-D-2011', 0)":"SOLICITAR AL PODER EJECUTIVO DISPONGA ABSTENERSE DE INCORPORAR A LOS CARTELES DE LAS OBRAS PUBLICAS QUE REALIZA EL GOBIERNO, EL ROSTRO Y NOMBRE DE LA PRESIDENTE CRISTINA FERNANDEZ DE KIRCHNER.","('0075-D-2011', 1)":null,"('0075-D-2011', 2)":null},"('Firmantes', 'FIRMANTE')":{"('0075-D-2011', 0)":"TERADA, ALICIA","('0075-D-2011', 1)":"MORAN, JUAN CARLOS","('0075-D-2011', 2)":"QUIROZ, ELSA SIRIA"},"('Firmantes', 'DISTRITO')":{"('0075-D-2011', 0)":"CHACO","('0075-D-2011', 1)":"BUENOS AIRES","('0075-D-2011', 2)":"BUENOS AIRES"},"('Firmantes', 'BLOQUE')":{"('0075-D-2011', 0)":"COALICION CIVICA","('0075-D-2011', 1)":"COALICION CIVICA","('0075-D-2011', 2)":"COALICION CIVICA"},"('Giros', 'COMISI\u00d3N')":{"('0075-D-2011', 0)":"OBRAS PUBLICAS","('0075-D-2011', 1)":"COMUNICACIONES E INFORMATICA","('0075-D-2011', 2)":null},"Link":{"('0075-D-2011', 0)":"https:\/\/www.hcdn.gob.ar\/proyectos\/textoCompleto.jsp?exp=0075-D-2011&tipo=RESOLUCION","('0075-D-2011', 1)":null,"('0075-D-2011', 2)":null},"Palabra Clave":{"('0075-D-2011', 0)":" ","('0075-D-2011', 1)":null,"('0075-D-2011', 2)":null}}