{"Tipo de Proyecto":{"('0077-S-2011', 0)":"PROYECTO DE LEY"},"Iniciado en: ":{"('0077-S-2011', 0)":"Senado"},"Expediente Senado: ":{"('0077-S-2011', 0)":"0077-S-2011"},"Publicado en: ":{"('0077-S-2011', 0)":"Diario de Asuntos Entrados N\u00b0 5"},"Fecha: ":{"('0077-S-2011', 0)":"02\/03\/2011"},"T\u00edtulo":{"('0077-S-2011', 0)":"ESTABLECER LOS PRESUPUESTOS MINIMOS PARA DEFINIR EL ORDENAMIENTO TERRITORIAL DEL PAIS (REPRODUCCION DEL EXPEDIENTE 3313-S-07)."},"('Firmantes', 'FIRMANTE')":{"('0077-S-2011', 0)":"MARINO, JUAN CARLOS"},"('Firmantes', 'DISTRITO')":{"('0077-S-2011', 0)":"LA PAMPA"},"('Firmantes', 'BLOQUE')":{"('0077-S-2011', 0)":"UCR"},"Sumario":{"('0077-S-2011', 0)":"PRINCIPIOS GENERALES DE PLANIFICACION; NIVELES E INSTRUMENTOS DE LA PLANIFICACION; FORMAS DE COOPERACION Y  CONCERTACION; PLAN TERRITORIAL NACIONAL; OBRAS PUBLICAS; APORTES PARA LOS PROYECTOS DE TUTELA, RECUPERACION Y VALORIZACION; (ANEXO: CONTENIDOS DE LA PLANIFICACION)"},"Palabra Clave":{"('0077-S-2011', 0)":" "}}