{"Tipo de Proyecto":{"('0077-D-2011', 0)":"PROYECTO DE RESOLUCI\u00d3N","('0077-D-2011', 1)":null,"('0077-D-2011', 2)":null},"Iniciado en: ":{"('0077-D-2011', 0)":"Diputados","('0077-D-2011', 1)":null,"('0077-D-2011', 2)":null},"Expediente Diputados: ":{"('0077-D-2011', 0)":"0077-D-2011","('0077-D-2011', 1)":null,"('0077-D-2011', 2)":null},"Publicado en: ":{"('0077-D-2011', 0)":"Tr\u00e1mite Parlamentario N\u00b0 2","('0077-D-2011', 1)":null,"('0077-D-2011', 2)":null},"Fecha: ":{"('0077-D-2011', 0)":"02\/03\/2011","('0077-D-2011', 1)":null,"('0077-D-2011', 2)":null},"T\u00edtulo":{"('0077-D-2011', 0)":"PEDIDO DE INFORMES AL PODER EJECUTIVO SOBRE DIVERSAS CUESTIONES RELACIONADAS CON LOS PROGRAMAS IMPLEMENTADOS CONTRA LA ENFERMEDAD DEL MAL DE CHAGAS, EN LA PROVINCIA DEL CHACO","('0077-D-2011', 1)":null,"('0077-D-2011', 2)":null},"('Firmantes', 'FIRMANTE')":{"('0077-D-2011', 0)":"TERADA, ALICIA","('0077-D-2011', 1)":"CARCA, ELISA BEATRIZ","('0077-D-2011', 2)":"PIEMONTE, HECTOR HORACIO"},"('Firmantes', 'DISTRITO')":{"('0077-D-2011', 0)":"CHACO","('0077-D-2011', 1)":"BUENOS AIRES","('0077-D-2011', 2)":"BUENOS AIRES"},"('Firmantes', 'BLOQUE')":{"('0077-D-2011', 0)":"COALICION CIVICA","('0077-D-2011', 1)":"COALICION CIVICA","('0077-D-2011', 2)":"COALICION CIVICA"},"('Giros', 'COMISI\u00d3N')":{"('0077-D-2011', 0)":"ACCION SOCIAL Y SALUD PUBLICA","('0077-D-2011', 1)":null,"('0077-D-2011', 2)":null},"('Tramites', 'C\u00c1MARA')":{"('0077-D-2011', 0)":"Diputados","('0077-D-2011', 1)":null,"('0077-D-2011', 2)":null},"('Tramites', 'MOVIMIENTO')":{"('0077-D-2011', 0)":"SOLICITUD DE REPRODUCCION DEL PROYECTO PARA EL PERIODO 130 (2012), SEGUN LOS TERMINOS DEL ARTICULO 7 DE LA RESOLUCION DE LA HCD DEL 05\/06\/1996","('0077-D-2011', 1)":null,"('0077-D-2011', 2)":null},"('Tramites', 'FECHA')":{"('0077-D-2011', 0)":"21\/03\/2012","('0077-D-2011', 1)":null,"('0077-D-2011', 2)":null},"('Tramites', 'RESULTADO')":{"('0077-D-2011', 0)":null,"('0077-D-2011', 1)":null,"('0077-D-2011', 2)":null},"Link":{"('0077-D-2011', 0)":"https:\/\/www.hcdn.gob.ar\/proyectos\/textoCompleto.jsp?exp=0077-D-2011&tipo=RESOLUCION","('0077-D-2011', 1)":null,"('0077-D-2011', 2)":null},"Palabra Clave":{"('0077-D-2011', 0)":" ","('0077-D-2011', 1)":null,"('0077-D-2011', 2)":null}}