{"Tipo de Proyecto":{"('0078-D-2011', 0)":"PROYECTO DE RESOLUCI\u00d3N","('0078-D-2011', 1)":null,"('0078-D-2011', 2)":null,"('0078-D-2011', 3)":null},"Iniciado en: ":{"('0078-D-2011', 0)":"Diputados","('0078-D-2011', 1)":null,"('0078-D-2011', 2)":null,"('0078-D-2011', 3)":null},"Expediente Diputados: ":{"('0078-D-2011', 0)":"0078-D-2011","('0078-D-2011', 1)":null,"('0078-D-2011', 2)":null,"('0078-D-2011', 3)":null},"Publicado en: ":{"('0078-D-2011', 0)":"Tr\u00e1mite Parlamentario N\u00b0 2","('0078-D-2011', 1)":null,"('0078-D-2011', 2)":null,"('0078-D-2011', 3)":null},"Fecha: ":{"('0078-D-2011', 0)":"02\/03\/2011","('0078-D-2011', 1)":null,"('0078-D-2011', 2)":null,"('0078-D-2011', 3)":null},"T\u00edtulo":{"('0078-D-2011', 0)":"PEDIDO DE INFORMES AL PODER EJECUTIVO SOBRE LA PRORROGA DEL REGIMEN DE PROMOCION INDUSTRIAL, DISPUESTO POR DECRETO 699\/10.","('0078-D-2011', 1)":null,"('0078-D-2011', 2)":null,"('0078-D-2011', 3)":null},"('Firmantes', 'FIRMANTE')":{"('0078-D-2011', 0)":"TERADA, ALICIA","('0078-D-2011', 1)":"GARCIA, SUSANA ROSA","('0078-D-2011', 2)":"ORSOLINI, PABLO EDUARDO","('0078-D-2011', 3)":"URLICH, CARLOS"},"('Firmantes', 'DISTRITO')":{"('0078-D-2011', 0)":"CHACO","('0078-D-2011', 1)":"SANTA FE","('0078-D-2011', 2)":"CHACO","('0078-D-2011', 3)":"CHACO"},"('Firmantes', 'BLOQUE')":{"('0078-D-2011', 0)":"COALICION CIVICA","('0078-D-2011', 1)":"COALICION CIVICA","('0078-D-2011', 2)":"UCR","('0078-D-2011', 3)":"UCR"},"('Giros', 'COMISI\u00d3N')":{"('0078-D-2011', 0)":"PRESUPUESTO Y HACIENDA","('0078-D-2011', 1)":null,"('0078-D-2011', 2)":null,"('0078-D-2011', 3)":null},"Link":{"('0078-D-2011', 0)":"https:\/\/www.hcdn.gob.ar\/proyectos\/textoCompleto.jsp?exp=0078-D-2011&tipo=RESOLUCION","('0078-D-2011', 1)":null,"('0078-D-2011', 2)":null,"('0078-D-2011', 3)":null},"Palabra Clave":{"('0078-D-2011', 0)":" ","('0078-D-2011', 1)":null,"('0078-D-2011', 2)":null,"('0078-D-2011', 3)":null}}