{"Tipo de Proyecto":{"('0080-D-2011', 0)":"PROYECTO DE LEY","('0080-D-2011', 1)":null,"('0080-D-2011', 2)":null},"Iniciado en: ":{"('0080-D-2011', 0)":"Diputados","('0080-D-2011', 1)":null,"('0080-D-2011', 2)":null},"Expediente Diputados: ":{"('0080-D-2011', 0)":"0080-D-2011","('0080-D-2011', 1)":null,"('0080-D-2011', 2)":null},"Publicado en: ":{"('0080-D-2011', 0)":"Tr\u00e1mite Parlamentario N\u00b0 2","('0080-D-2011', 1)":null,"('0080-D-2011', 2)":null},"Fecha: ":{"('0080-D-2011', 0)":"02\/03\/2011","('0080-D-2011', 1)":null,"('0080-D-2011', 2)":null},"T\u00edtulo":{"('0080-D-2011', 0)":"REGIMEN DE ADMINISTRACION DE LOS RECURSOS PUBLICOS - LEY 25152 -. INCORPORACION DEL ARTICULO 8 BIS, SOBRE PUBLICACION DE INFORMACION FINANCIERA DE LOS ORGANISMOS PUBLICOS EN INTERNET.","('0080-D-2011', 1)":null,"('0080-D-2011', 2)":null},"('Firmantes', 'FIRMANTE')":{"('0080-D-2011', 0)":"TERADA, ALICIA","('0080-D-2011', 1)":"PEREZ, ADRIAN","('0080-D-2011', 2)":"REYES, MARIA FERNANDA"},"('Firmantes', 'DISTRITO')":{"('0080-D-2011', 0)":"CHACO","('0080-D-2011', 1)":"BUENOS AIRES","('0080-D-2011', 2)":"CIUDAD de BUENOS AIRES"},"('Firmantes', 'BLOQUE')":{"('0080-D-2011', 0)":"COALICION CIVICA","('0080-D-2011', 1)":"COALICION CIVICA","('0080-D-2011', 2)":"COALICION CIVICA"},"('Giros', 'COMISI\u00d3N')":{"('0080-D-2011', 0)":"PRESUPUESTO Y HACIENDA","('0080-D-2011', 1)":null,"('0080-D-2011', 2)":null},"Link":{"('0080-D-2011', 0)":"https:\/\/www.hcdn.gob.ar\/proyectos\/textoCompleto.jsp?exp=0080-D-2011&tipo=LEY","('0080-D-2011', 1)":null,"('0080-D-2011', 2)":null},"Palabra Clave":{"('0080-D-2011', 0)":" ","('0080-D-2011', 1)":null,"('0080-D-2011', 2)":null}}