{"Tipo de Proyecto":{"('0081-D-2011', 0)":"PROYECTO DE RESOLUCI\u00d3N","('0081-D-2011', 1)":null,"('0081-D-2011', 2)":null},"Iniciado en: ":{"('0081-D-2011', 0)":"Diputados","('0081-D-2011', 1)":null,"('0081-D-2011', 2)":null},"Expediente Diputados: ":{"('0081-D-2011', 0)":"0081-D-2011","('0081-D-2011', 1)":null,"('0081-D-2011', 2)":null},"Publicado en: ":{"('0081-D-2011', 0)":"Tr\u00e1mite Parlamentario N\u00b0 2","('0081-D-2011', 1)":null,"('0081-D-2011', 2)":null},"Fecha: ":{"('0081-D-2011', 0)":"02\/03\/2011","('0081-D-2011', 1)":null,"('0081-D-2011', 2)":null},"T\u00edtulo":{"('0081-D-2011', 0)":"PEDIDO  DE INFORMES AL PODER EJECUTIVO SOBRE DIVERSAS CUESTIONES RELACIONADAS CON LA INCAUTACION DE MATERIAL NO DECLARADO, EN UN AVION MILITAR DE LOS ESTADOS UNIDOS DE AMERICA, QUE ATERRIZO EN EL AEROPUERTO INTERNACIONAL DE EZEIZA. ","('0081-D-2011', 1)":null,"('0081-D-2011', 2)":null},"('Firmantes', 'FIRMANTE')":{"('0081-D-2011', 0)":"ATANASOF, ALFREDO NESTOR","('0081-D-2011', 1)":"AMADEO, EDUARDO PABLO","('0081-D-2011', 2)":"RUCCI, CLAUDIA MONICA"},"('Firmantes', 'DISTRITO')":{"('0081-D-2011', 0)":"BUENOS AIRES","('0081-D-2011', 1)":"BUENOS AIRES","('0081-D-2011', 2)":"BUENOS AIRES"},"('Firmantes', 'BLOQUE')":{"('0081-D-2011', 0)":"PERONISMO FEDERAL","('0081-D-2011', 1)":"PERONISMO FEDERAL","('0081-D-2011', 2)":"PERONISMO FEDERAL"},"('Giros', 'COMISI\u00d3N')":{"('0081-D-2011', 0)":"DEFENSA NACIONAL","('0081-D-2011', 1)":"RELACIONES EXTERIORES Y CULTO","('0081-D-2011', 2)":null},"Link":{"('0081-D-2011', 0)":"https:\/\/www.hcdn.gob.ar\/proyectos\/textoCompleto.jsp?exp=0081-D-2011&tipo=RESOLUCION","('0081-D-2011', 1)":null,"('0081-D-2011', 2)":null},"Palabra Clave":{"('0081-D-2011', 0)":" ","('0081-D-2011', 1)":null,"('0081-D-2011', 2)":null}}