{"Tipo de Proyecto":{"('0081-S-2011', 0)":"PROYECTO DE LEY","('0081-S-2011', 1)":null,"('0081-S-2011', 2)":null,"('0081-S-2011', 3)":null},"Iniciado en: ":{"('0081-S-2011', 0)":"Senado","('0081-S-2011', 1)":null,"('0081-S-2011', 2)":null,"('0081-S-2011', 3)":null},"Expediente Diputados: ":{"('0081-S-2011', 0)":"0081-S-2011","('0081-S-2011', 1)":null,"('0081-S-2011', 2)":null,"('0081-S-2011', 3)":null},"Expediente Senado: ":{"('0081-S-2011', 0)":"0007-S-2011","('0081-S-2011', 1)":null,"('0081-S-2011', 2)":null,"('0081-S-2011', 3)":null},"Publicado en: ":{"('0081-S-2011', 0)":"Diario de Asuntos Entrados N\u00b0 1","('0081-S-2011', 1)":null,"('0081-S-2011', 2)":null,"('0081-S-2011', 3)":null},"Fecha: ":{"('0081-S-2011', 0)":"02\/03\/2011","('0081-S-2011', 1)":null,"('0081-S-2011', 2)":null,"('0081-S-2011', 3)":null},"T\u00edtulo":{"('0081-S-2011', 0)":"FOMENTO Y DESARROLLO DE LA ACTIVIDAD APICOLA (REPRODUCCION DEL EXPEDIENTE 3854-S-08).","('0081-S-2011', 1)":null,"('0081-S-2011', 2)":null,"('0081-S-2011', 3)":null},"('Firmantes', 'FIRMANTE')":{"('0081-S-2011', 0)":"LORES, HORACIO","('0081-S-2011', 1)":null,"('0081-S-2011', 2)":null,"('0081-S-2011', 3)":null},"('Firmantes', 'DISTRITO')":{"('0081-S-2011', 0)":"NEUQUEN","('0081-S-2011', 1)":null,"('0081-S-2011', 2)":null,"('0081-S-2011', 3)":null},"('Firmantes', 'BLOQUE')":{"('0081-S-2011', 0)":"MOV POP NEUQUINO","('0081-S-2011', 1)":null,"('0081-S-2011', 2)":null,"('0081-S-2011', 3)":null},"('Giros', 'COMISI\u00d3N')":{"('0081-S-2011', 0)":"AGRICULTURA Y GANADERIA","('0081-S-2011', 1)":"LEGISLACION GENERAL","('0081-S-2011', 2)":"PRESUPUESTO Y HACIENDA","('0081-S-2011', 3)":null},"('Tramites', 'C\u00c1MARA')":{"('0081-S-2011', 0)":"Senado","('0081-S-2011', 1)":"Senado","('0081-S-2011', 2)":"Senado","('0081-S-2011', 3)":"Diputados"},"('Tramites', 'MOVIMIENTO')":{"('0081-S-2011', 0)":"MOCION DE PREFERENCIA CON DICTAMEN (AFIRMATIVA)","('0081-S-2011', 1)":"MOCION SOBRE TABLAS CON DICTAMEN (AFIRMATIVA) CONJUNTAMENTE PARA LOS EXPEDIENTES 1851-S-2010, 0081-S-2011 y 0007-S-2011","('0081-S-2011', 2)":"CONSIDERACION Y APROBACION CONJUNTAMENTE PARA LOS EXPEDIENTES 1851-S-2010, 0081-S-2011 y 0007-S-2011","('0081-S-2011', 3)":"PASA A DIPUTADOS - CONJUNTAMENTE PARA LOS EXPEDIENTES 1851-S-2010, 0081-S-2011 y 0007-S-2011"},"('Tramites', 'FECHA')":{"('0081-S-2011', 0)":"04\/05\/2011","('0081-S-2011', 1)":"29\/06\/2011","('0081-S-2011', 2)":"29\/06\/2011","('0081-S-2011', 3)":null},"('Tramites', 'RESULTADO')":{"('0081-S-2011', 0)":null,"('0081-S-2011', 1)":null,"('0081-S-2011', 2)":"MEDIA SANCION","('0081-S-2011', 3)":null},"Sumario":{"('0081-S-2011', 0)":"ALCANCES; AUTORIDAD DE APLICACION: SECRETARIA DE AGRICULTURA, GANADERIA, PESCA Y ALIMENTACION; BENEFICIARIOS; CREACION DEL REGISTRO NACIONAL, CONSEJO APICOLA NACIONAL, COORDINADOR NACIONAL Y COMISION DE ALTA DIRECCION; INGRESO Y TRANSITO DEL MATERIAL APICOLA; INFRACCIONES Y SANCIONES.","('0081-S-2011', 1)":null,"('0081-S-2011', 2)":null,"('0081-S-2011', 3)":null},"Palabra Clave":{"('0081-S-2011', 0)":" ","('0081-S-2011', 1)":null,"('0081-S-2011', 2)":null,"('0081-S-2011', 3)":null}}