{"Tipo de Proyecto":{"('0082-S-2011', 0)":"PROYECTO DE LEY","('0082-S-2011', 1)":null,"('0082-S-2011', 2)":null,"('0082-S-2011', 3)":null,"('0082-S-2011', 4)":null,"('0082-S-2011', 5)":null,"('0082-S-2011', 6)":null,"('0082-S-2011', 7)":null,"('0082-S-2011', 8)":null,"('0082-S-2011', 9)":null,"('0082-S-2011', 10)":null,"('0082-S-2011', 11)":null,"('0082-S-2011', 12)":null,"('0082-S-2011', 13)":null,"('0082-S-2011', 14)":null,"('0082-S-2011', 15)":null},"Iniciado en: ":{"('0082-S-2011', 0)":"Senado","('0082-S-2011', 1)":null,"('0082-S-2011', 2)":null,"('0082-S-2011', 3)":null,"('0082-S-2011', 4)":null,"('0082-S-2011', 5)":null,"('0082-S-2011', 6)":null,"('0082-S-2011', 7)":null,"('0082-S-2011', 8)":null,"('0082-S-2011', 9)":null,"('0082-S-2011', 10)":null,"('0082-S-2011', 11)":null,"('0082-S-2011', 12)":null,"('0082-S-2011', 13)":null,"('0082-S-2011', 14)":null,"('0082-S-2011', 15)":null},"Expediente Diputados: ":{"('0082-S-2011', 0)":"0082-S-2011","('0082-S-2011', 1)":null,"('0082-S-2011', 2)":null,"('0082-S-2011', 3)":null,"('0082-S-2011', 4)":null,"('0082-S-2011', 5)":null,"('0082-S-2011', 6)":null,"('0082-S-2011', 7)":null,"('0082-S-2011', 8)":null,"('0082-S-2011', 9)":null,"('0082-S-2011', 10)":null,"('0082-S-2011', 11)":null,"('0082-S-2011', 12)":null,"('0082-S-2011', 13)":null,"('0082-S-2011', 14)":null,"('0082-S-2011', 15)":null},"Expediente Senado: ":{"('0082-S-2011', 0)":"1145-S-2011","('0082-S-2011', 1)":null,"('0082-S-2011', 2)":null,"('0082-S-2011', 3)":null,"('0082-S-2011', 4)":null,"('0082-S-2011', 5)":null,"('0082-S-2011', 6)":null,"('0082-S-2011', 7)":null,"('0082-S-2011', 8)":null,"('0082-S-2011', 9)":null,"('0082-S-2011', 10)":null,"('0082-S-2011', 11)":null,"('0082-S-2011', 12)":null,"('0082-S-2011', 13)":null,"('0082-S-2011', 14)":null,"('0082-S-2011', 15)":null},"Publicado en: ":{"('0082-S-2011', 0)":"Diario de Asuntos Entrados N\u00b0 61","('0082-S-2011', 1)":null,"('0082-S-2011', 2)":null,"('0082-S-2011', 3)":null,"('0082-S-2011', 4)":null,"('0082-S-2011', 5)":null,"('0082-S-2011', 6)":null,"('0082-S-2011', 7)":null,"('0082-S-2011', 8)":null,"('0082-S-2011', 9)":null,"('0082-S-2011', 10)":null,"('0082-S-2011', 11)":null,"('0082-S-2011', 12)":null,"('0082-S-2011', 13)":null,"('0082-S-2011', 14)":null,"('0082-S-2011', 15)":null},"Fecha: ":{"('0082-S-2011', 0)":"23\/05\/2011","('0082-S-2011', 1)":null,"('0082-S-2011', 2)":null,"('0082-S-2011', 3)":null,"('0082-S-2011', 4)":null,"('0082-S-2011', 5)":null,"('0082-S-2011', 6)":null,"('0082-S-2011', 7)":null,"('0082-S-2011', 8)":null,"('0082-S-2011', 9)":null,"('0082-S-2011', 10)":null,"('0082-S-2011', 11)":null,"('0082-S-2011', 12)":null,"('0082-S-2011', 13)":null,"('0082-S-2011', 14)":null,"('0082-S-2011', 15)":null},"T\u00edtulo":{"('0082-S-2011', 0)":"TRANSFERENCIA A TITULO GRATUITO AL ARZOBISPADO DE RESISTENCIA, CHACO, UN INMUEBLE UBICADO EN LA RUTA NACIONAL 11 DE LA MENCIONADA LOCALIDAD.","('0082-S-2011', 1)":null,"('0082-S-2011', 2)":null,"('0082-S-2011', 3)":null,"('0082-S-2011', 4)":null,"('0082-S-2011', 5)":null,"('0082-S-2011', 6)":null,"('0082-S-2011', 7)":null,"('0082-S-2011', 8)":null,"('0082-S-2011', 9)":null,"('0082-S-2011', 10)":null,"('0082-S-2011', 11)":null,"('0082-S-2011', 12)":null,"('0082-S-2011', 13)":null,"('0082-S-2011', 14)":null,"('0082-S-2011', 15)":null},"('Firmantes', 'FIRMANTE')":{"('0082-S-2011', 0)":"CORREGIDO, ELENA MERCEDES","('0082-S-2011', 1)":"MAYANS, JOSE MIGUEL ANGEL","('0082-S-2011', 2)":"ITURREZ DE CAPPELLINI, ADA ROSA DEL VALLE","('0082-S-2011', 3)":"QUINTELA, TERESITA NICOLASA","('0082-S-2011', 4)":"FELLNER, LILIANA BEATRIZ","('0082-S-2011', 5)":"RIOFRIO, MARINA RAQUEL","('0082-S-2011', 6)":"GUINLE, MARCELO ALEJANDRO","('0082-S-2011', 7)":"MAZA, ADA MERCEDES","('0082-S-2011', 8)":"LATORRE, ROXANA","('0082-S-2011', 9)":"PERSICO, DANIEL RAUL","('0082-S-2011', 10)":"CALCAGNO Y MAILLMANN, ERIC","('0082-S-2011', 11)":"BANICEVICH, JORGE ESTEBAN","('0082-S-2011', 12)":"OSUNA, BLANCA INES","('0082-S-2011', 13)":"ESCUDERO, SONIA MARGARITA","('0082-S-2011', 14)":"JENEFES, GUILLERMO RAUL","('0082-S-2011', 15)":"LORES, HORACIO"},"('Firmantes', 'DISTRITO')":{"('0082-S-2011', 0)":"CHACO","('0082-S-2011', 1)":"FORMOSA","('0082-S-2011', 2)":"SANTIAGO DEL ESTERO","('0082-S-2011', 3)":"LA RIOJA","('0082-S-2011', 4)":"JUJUY","('0082-S-2011', 5)":"SAN JUAN","('0082-S-2011', 6)":"CHUBUT","('0082-S-2011', 7)":"LA RIOJA","('0082-S-2011', 8)":"SANTA FE","('0082-S-2011', 9)":"SAN LUIS","('0082-S-2011', 10)":"BUENOS AIRES","('0082-S-2011', 11)":"SANTA CRUZ","('0082-S-2011', 12)":"ENTRE RIOS","('0082-S-2011', 13)":"SALTA","('0082-S-2011', 14)":"JUJUY","('0082-S-2011', 15)":"NEUQUEN"},"('Firmantes', 'BLOQUE')":{"('0082-S-2011', 0)":"FRENTE PARA LA VICTORIA - PJ","('0082-S-2011', 1)":"FRENTE PARA LA VICTORIA - PJ","('0082-S-2011', 2)":"FRENTE CIVICO POR SANTIAGO","('0082-S-2011', 3)":"FRENTE PARA LA VICTORIA - PJ","('0082-S-2011', 4)":"FRENTE PARA LA VICTORIA - PJ","('0082-S-2011', 5)":"FRENTE PARA LA VICTORIA - PJ","('0082-S-2011', 6)":"FRENTE PARA LA VICTORIA - PJ","('0082-S-2011', 7)":"FRENTE PARA LA VICTORIA - PJ","('0082-S-2011', 8)":"FEDERALISMO SANTAFESINO","('0082-S-2011', 9)":"FRENTE PARA LA VICTORIA - PJ","('0082-S-2011', 10)":"FRENTE PARA LA VICTORIA - PJ","('0082-S-2011', 11)":"FRENTE PARA LA VICTORIA - PJ","('0082-S-2011', 12)":"FRENTE PARA LA VICTORIA - PJ","('0082-S-2011', 13)":"JUSTICIALISTA 8 DE OCTUBRE","('0082-S-2011', 14)":"FRENTE PARA LA VICTORIA - PJ","('0082-S-2011', 15)":"MOV POP NEUQUINO"},"('Giros', 'COMISI\u00d3N')":{"('0082-S-2011', 0)":"LEGISLACION GENERAL","('0082-S-2011', 1)":"RELACIONES EXTERIORES Y CULTO","('0082-S-2011', 2)":"PRESUPUESTO Y HACIENDA","('0082-S-2011', 3)":null,"('0082-S-2011', 4)":null,"('0082-S-2011', 5)":null,"('0082-S-2011', 6)":null,"('0082-S-2011', 7)":null,"('0082-S-2011', 8)":null,"('0082-S-2011', 9)":null,"('0082-S-2011', 10)":null,"('0082-S-2011', 11)":null,"('0082-S-2011', 12)":null,"('0082-S-2011', 13)":null,"('0082-S-2011', 14)":null,"('0082-S-2011', 15)":null},"('Tramites', 'C\u00c1MARA')":{"('0082-S-2011', 0)":"Senado","('0082-S-2011', 1)":"Senado","('0082-S-2011', 2)":"Senado","('0082-S-2011', 3)":"Senado","('0082-S-2011', 4)":"Diputados","('0082-S-2011', 5)":"Diputados","('0082-S-2011', 6)":null,"('0082-S-2011', 7)":null,"('0082-S-2011', 8)":null,"('0082-S-2011', 9)":null,"('0082-S-2011', 10)":null,"('0082-S-2011', 11)":null,"('0082-S-2011', 12)":null,"('0082-S-2011', 13)":null,"('0082-S-2011', 14)":null,"('0082-S-2011', 15)":null},"('Tramites', 'MOVIMIENTO')":{"('0082-S-2011', 0)":"SOLICITUD DE SER COFIRMANTE DE LOS SENADORES ESCUDERO Y JENEFES (A SUS ANTECEDENTES)","('0082-S-2011', 1)":"SOLICITUD DE SER COFIRMANTE DEL SENADOR LORES (A SUS ANTECEDENTES)","('0082-S-2011', 2)":"MOCION SOBRE TABLAS CON DICTAMEN (AFIRMATIVA)","('0082-S-2011', 3)":"CONSIDERACION Y APROBACION","('0082-S-2011', 4)":"PASA A DIPUTADOS -","('0082-S-2011', 5)":"CONSIDERACION Y SANCION","('0082-S-2011', 6)":null,"('0082-S-2011', 7)":null,"('0082-S-2011', 8)":null,"('0082-S-2011', 9)":null,"('0082-S-2011', 10)":null,"('0082-S-2011', 11)":null,"('0082-S-2011', 12)":null,"('0082-S-2011', 13)":null,"('0082-S-2011', 14)":null,"('0082-S-2011', 15)":null},"('Tramites', 'FECHA')":{"('0082-S-2011', 0)":null,"('0082-S-2011', 1)":"29\/06\/2011","('0082-S-2011', 2)":"29\/06\/2011","('0082-S-2011', 3)":"29\/06\/2011","('0082-S-2011', 4)":null,"('0082-S-2011', 5)":"05\/06\/2013","('0082-S-2011', 6)":null,"('0082-S-2011', 7)":null,"('0082-S-2011', 8)":null,"('0082-S-2011', 9)":null,"('0082-S-2011', 10)":null,"('0082-S-2011', 11)":null,"('0082-S-2011', 12)":null,"('0082-S-2011', 13)":null,"('0082-S-2011', 14)":null,"('0082-S-2011', 15)":null},"('Tramites', 'RESULTADO')":{"('0082-S-2011', 0)":null,"('0082-S-2011', 1)":null,"('0082-S-2011', 2)":null,"('0082-S-2011', 3)":"MEDIA SANCION","('0082-S-2011', 4)":null,"('0082-S-2011', 5)":"SANCIONADO","('0082-S-2011', 6)":null,"('0082-S-2011', 7)":null,"('0082-S-2011', 8)":null,"('0082-S-2011', 9)":null,"('0082-S-2011', 10)":null,"('0082-S-2011', 11)":null,"('0082-S-2011', 12)":null,"('0082-S-2011', 13)":null,"('0082-S-2011', 14)":null,"('0082-S-2011', 15)":null},"Link":{"('0082-S-2011', 0)":"https:\/\/www4.hcdn.gob.ar\/dependencias\/dsecretaria\/Periodo2011\/PDF2011\/TP2011\/0082-S-11.pdf","('0082-S-2011', 1)":null,"('0082-S-2011', 2)":null,"('0082-S-2011', 3)":null,"('0082-S-2011', 4)":null,"('0082-S-2011', 5)":null,"('0082-S-2011', 6)":null,"('0082-S-2011', 7)":null,"('0082-S-2011', 8)":null,"('0082-S-2011', 9)":null,"('0082-S-2011', 10)":null,"('0082-S-2011', 11)":null,"('0082-S-2011', 12)":null,"('0082-S-2011', 13)":null,"('0082-S-2011', 14)":null,"('0082-S-2011', 15)":null},"Palabra Clave":{"('0082-S-2011', 0)":" ","('0082-S-2011', 1)":null,"('0082-S-2011', 2)":null,"('0082-S-2011', 3)":null,"('0082-S-2011', 4)":null,"('0082-S-2011', 5)":null,"('0082-S-2011', 6)":null,"('0082-S-2011', 7)":null,"('0082-S-2011', 8)":null,"('0082-S-2011', 9)":null,"('0082-S-2011', 10)":null,"('0082-S-2011', 11)":null,"('0082-S-2011', 12)":null,"('0082-S-2011', 13)":null,"('0082-S-2011', 14)":null,"('0082-S-2011', 15)":null}}