{"Tipo de Proyecto":{"('0082-D-2011', 0)":"PROYECTO DE RESOLUCI\u00d3N","('0082-D-2011', 1)":null,"('0082-D-2011', 2)":null},"Iniciado en: ":{"('0082-D-2011', 0)":"Diputados","('0082-D-2011', 1)":null,"('0082-D-2011', 2)":null},"Expediente Diputados: ":{"('0082-D-2011', 0)":"0082-D-2011","('0082-D-2011', 1)":null,"('0082-D-2011', 2)":null},"Publicado en: ":{"('0082-D-2011', 0)":"Tr\u00e1mite Parlamentario N\u00b0 2","('0082-D-2011', 1)":null,"('0082-D-2011', 2)":null},"Fecha: ":{"('0082-D-2011', 0)":"02\/03\/2011","('0082-D-2011', 1)":null,"('0082-D-2011', 2)":null},"T\u00edtulo":{"('0082-D-2011', 0)":"EXPRESAR REPUDIO POR LOS ACTOS DE VIOLENCIA OCURRIDOS EN LIBIA.","('0082-D-2011', 1)":null,"('0082-D-2011', 2)":null},"('Firmantes', 'FIRMANTE')":{"('0082-D-2011', 0)":"CORTINA, ROY","('0082-D-2011', 1)":"VIALE, LISANDRO ALFREDO","('0082-D-2011', 2)":"CICILIANI, ALICIA MABEL"},"('Firmantes', 'DISTRITO')":{"('0082-D-2011', 0)":"CIUDAD de BUENOS AIRES","('0082-D-2011', 1)":"ENTRE RIOS","('0082-D-2011', 2)":"SANTA FE"},"('Firmantes', 'BLOQUE')":{"('0082-D-2011', 0)":"PARTIDO SOCIALISTA","('0082-D-2011', 1)":"PARTIDO SOCIALISTA","('0082-D-2011', 2)":"PARTIDO SOCIALISTA"},"('Giros', 'COMISI\u00d3N')":{"('0082-D-2011', 0)":"RELACIONES EXTERIORES Y CULTO","('0082-D-2011', 1)":null,"('0082-D-2011', 2)":null},"('Tramites', 'C\u00c1MARA')":{"('0082-D-2011', 0)":"Diputados","('0082-D-2011', 1)":null,"('0082-D-2011', 2)":null},"('Tramites', 'MOVIMIENTO')":{"('0082-D-2011', 0)":"APROBACION ARTICULO 114 DEL REGLAMENTO DE LA H CAMARA DE DIPUTADOS; COMUNICADO EL 22\/06\/2011 CONJUNTAMENTE PARA LOS EXPEDIENTES 0096-D-2011, 0082-D-2011, 0201-D-2011, 0211-D-2011, 0238-D-2011, 0353-D-2011, 0823-D-2011, 0802-D-2011, 0720-D-2011, 1103-D-2011 y 1538-D-2011","('0082-D-2011', 1)":null,"('0082-D-2011', 2)":null},"('Tramites', 'FECHA')":{"('0082-D-2011', 0)":null,"('0082-D-2011', 1)":null,"('0082-D-2011', 2)":null},"('Tramites', 'RESULTADO')":{"('0082-D-2011', 0)":"APROBADO","('0082-D-2011', 1)":null,"('0082-D-2011', 2)":null},"Link":{"('0082-D-2011', 0)":"https:\/\/www.hcdn.gob.ar\/proyectos\/textoCompleto.jsp?exp=0082-D-2011&tipo=RESOLUCION","('0082-D-2011', 1)":null,"('0082-D-2011', 2)":null},"Palabra Clave":{"('0082-D-2011', 0)":" ","('0082-D-2011', 1)":null,"('0082-D-2011', 2)":null}}