{"Tipo de Proyecto":{"('0083-D-2011', 0)":"PROYECTO DE LEY","('0083-D-2011', 1)":null},"Iniciado en: ":{"('0083-D-2011', 0)":"Diputados","('0083-D-2011', 1)":null},"Expediente Diputados: ":{"('0083-D-2011', 0)":"0083-D-2011","('0083-D-2011', 1)":null},"Publicado en: ":{"('0083-D-2011', 0)":"Tr\u00e1mite Parlamentario N\u00b0 2","('0083-D-2011', 1)":null},"Fecha: ":{"('0083-D-2011', 0)":"02\/03\/2011","('0083-D-2011', 1)":null},"T\u00edtulo":{"('0083-D-2011', 0)":"\"DIA DE LA BIBLIODIVERSIDAD\": INSTITUIR COMO TAL EL 21 DE SEPTIEMBRE DE CADA A\u00d1O.","('0083-D-2011', 1)":null},"('Firmantes', 'FIRMANTE')":{"('0083-D-2011', 0)":"MORANTE, ANTONIO ARNALDO MARIA","('0083-D-2011', 1)":null},"('Firmantes', 'DISTRITO')":{"('0083-D-2011', 0)":"CHACO","('0083-D-2011', 1)":null},"('Firmantes', 'BLOQUE')":{"('0083-D-2011', 0)":"FRENTE PARA LA VICTORIA - PJ","('0083-D-2011', 1)":null},"('Giros', 'COMISI\u00d3N')":{"('0083-D-2011', 0)":"CULTURA","('0083-D-2011', 1)":"LEGISLACION GENERAL"},"('Tramites', 'C\u00c1MARA')":{"('0083-D-2011', 0)":"Diputados","('0083-D-2011', 1)":null},"('Tramites', 'MOVIMIENTO')":{"('0083-D-2011', 0)":"SOLICITUD DEL AUTOR DE MODIFICACION DEL PROYECTO (AFIRMATIVA)","('0083-D-2011', 1)":null},"('Tramites', 'FECHA')":{"('0083-D-2011', 0)":null,"('0083-D-2011', 1)":null},"('Tramites', 'RESULTADO')":{"('0083-D-2011', 0)":null,"('0083-D-2011', 1)":null},"Link":{"('0083-D-2011', 0)":"https:\/\/www.hcdn.gob.ar\/proyectos\/textoCompleto.jsp?exp=0083-D-2011&tipo=LEY","('0083-D-2011', 1)":null},"Palabra Clave":{"('0083-D-2011', 0)":" ","('0083-D-2011', 1)":null}}