{"Tipo de Proyecto":{"('0083-S-2011', 0)":"PROYECTO DE LEY"},"Iniciado en: ":{"('0083-S-2011', 0)":"Senado"},"Expediente Senado: ":{"('0083-S-2011', 0)":"0083-S-2011"},"Publicado en: ":{"('0083-S-2011', 0)":"Diario de Asuntos Entrados N\u00b0 5"},"Fecha: ":{"('0083-S-2011', 0)":"02\/03\/2011"},"T\u00edtulo":{"('0083-S-2011', 0)":"RECONOCER AL GENERO MUSICAL FOLCLORICO DENOMINADO CHACARERA EN TODAS SUS VARIEDADES COMO PARTE INTEGRANTE DEL PATRIMONIO CULTURAL ARGENTINO EN LOS TERMINOS DE LA LEY 26118 . (REPRODUCCION DEL EXPEDIENTE 4401-S-08)."},"('Firmantes', 'FIRMANTE')":{"('0083-S-2011', 0)":"RACHED, EMILIO ALBERTO"},"('Firmantes', 'DISTRITO')":{"('0083-S-2011', 0)":"SANTIAGO DEL ESTERO"},"('Firmantes', 'BLOQUE')":{"('0083-S-2011', 0)":"UCR"},"Link":{"('0083-S-2011', 0)":"http:\/\/www.senado.gov.ar\/parlamentario\/comisiones\/verExp\/83.11\/S\/PL"},"Palabra Clave":{"('0083-S-2011', 0)":" "}}