{"Tipo de Proyecto":{"('0084-S-2011', 0)":"PROYECTO DE LEY","('0084-S-2011', 1)":null,"('0084-S-2011', 2)":null,"('0084-S-2011', 3)":null},"Iniciado en: ":{"('0084-S-2011', 0)":"Senado","('0084-S-2011', 1)":null,"('0084-S-2011', 2)":null,"('0084-S-2011', 3)":null},"Expediente Diputados: ":{"('0084-S-2011', 0)":"0084-S-2011","('0084-S-2011', 1)":null,"('0084-S-2011', 2)":null,"('0084-S-2011', 3)":null},"Expediente Senado: ":{"('0084-S-2011', 0)":"0041-S-2011","('0084-S-2011', 1)":null,"('0084-S-2011', 2)":null,"('0084-S-2011', 3)":null},"Publicado en: ":{"('0084-S-2011', 0)":"Diario de Asuntos Entrados N\u00b0 3","('0084-S-2011', 1)":null,"('0084-S-2011', 2)":null,"('0084-S-2011', 3)":null},"Fecha: ":{"('0084-S-2011', 0)":"02\/03\/2011","('0084-S-2011', 1)":null,"('0084-S-2011', 2)":null,"('0084-S-2011', 3)":null},"T\u00edtulo":{"('0084-S-2011', 0)":"DECLARAR DE INTERES GENERAL EL USO EFICIENTE DE LA ENERGIA ELECTRICA.","('0084-S-2011', 1)":null,"('0084-S-2011', 2)":null,"('0084-S-2011', 3)":null},"('Firmantes', 'FIRMANTE')":{"('0084-S-2011', 0)":"GUINLE, MARCELO ALEJANDRO","('0084-S-2011', 1)":null,"('0084-S-2011', 2)":null,"('0084-S-2011', 3)":null},"('Firmantes', 'DISTRITO')":{"('0084-S-2011', 0)":"CHUBUT","('0084-S-2011', 1)":null,"('0084-S-2011', 2)":null,"('0084-S-2011', 3)":null},"('Firmantes', 'BLOQUE')":{"('0084-S-2011', 0)":"FRENTE PARA LA VICTORIA - PJ","('0084-S-2011', 1)":null,"('0084-S-2011', 2)":null,"('0084-S-2011', 3)":null},"('Giros', 'COMISI\u00d3N')":{"('0084-S-2011', 0)":"ENERGIA Y COMBUSTIBLES","('0084-S-2011', 1)":"PRESUPUESTO Y HACIENDA","('0084-S-2011', 2)":null,"('0084-S-2011', 3)":null},"('Tramites', 'C\u00c1MARA')":{"('0084-S-2011', 0)":"Senado","('0084-S-2011', 1)":"Senado","('0084-S-2011', 2)":"Diputados","('0084-S-2011', 3)":"Senado"},"('Tramites', 'MOVIMIENTO')":{"('0084-S-2011', 0)":"MOCION DE PREFERENCIA PARA LA PROXIMA SESION CON DICTAMEN (AFIRMATIVA)","('0084-S-2011', 1)":"CONSIDERACION Y APROBACION","('0084-S-2011', 2)":"PASA A DIPUTADOS -","('0084-S-2011', 3)":"REPRODUCIDO POR EXPEDIENTE 0530-S-14"},"('Tramites', 'FECHA')":{"('0084-S-2011', 0)":"13\/04\/2011","('0084-S-2011', 1)":"29\/06\/2011","('0084-S-2011', 2)":null,"('0084-S-2011', 3)":null},"('Tramites', 'RESULTADO')":{"('0084-S-2011', 0)":null,"('0084-S-2011', 1)":"MEDIA SANCION","('0084-S-2011', 2)":null,"('0084-S-2011', 3)":null},"Sumario":{"('0084-S-2011', 0)":"POLITICA GENERAL EN LA MATERIA; AUTORIDAD DE APLICACION: SECRETARIA DE ENERGIA DE LA NACION, DEPENDIENTE DEL MINISTERIO DE PLANIFICACION FEDERAL, INVERSION PUBLICA Y SERVICIOS; NORMAS INTERNACIONALES SOBRE PRODUCTOS ARGENTINOS; REGISTRO NACIONAL; REGISTRO DE FISCALIZACION Y CONTROL; INCENTIVOS; DISPOSICIONES COMPLEMENTARIAS; ADECUACION DEL PROGRAMA DE USO RACIONAL DE LA ENERGIA; INVITACION A ADHERIR.","('0084-S-2011', 1)":null,"('0084-S-2011', 2)":null,"('0084-S-2011', 3)":null},"Palabra Clave":{"('0084-S-2011', 0)":" ","('0084-S-2011', 1)":null,"('0084-S-2011', 2)":null,"('0084-S-2011', 3)":null}}