{"Tipo de Proyecto":{"('0084-D-2011', 0)":"PROYECTO DE LEY","('0084-D-2011', 1)":null,"('0084-D-2011', 2)":null},"Iniciado en: ":{"('0084-D-2011', 0)":"Diputados","('0084-D-2011', 1)":null,"('0084-D-2011', 2)":null},"Expediente Diputados: ":{"('0084-D-2011', 0)":"0084-D-2011","('0084-D-2011', 1)":null,"('0084-D-2011', 2)":null},"Publicado en: ":{"('0084-D-2011', 0)":"Tr\u00e1mite Parlamentario N\u00b0 2","('0084-D-2011', 1)":null,"('0084-D-2011', 2)":null},"Fecha: ":{"('0084-D-2011', 0)":"02\/03\/2011","('0084-D-2011', 1)":null,"('0084-D-2011', 2)":null},"T\u00edtulo":{"('0084-D-2011', 0)":"OTORGAR JERARQUIA CONSTITUCIONAL A LA CONVENCION SOBRE LA PROTECCION Y PROMOCION DE LA DIVERSIDAD DE LAS EXPRESIONES CULTURALES ADOPTADAS EN PARIS (REPUBLICA FRANCESA), EL DIA 20 DE OCTUBRE DE 2005 (LEY 26305).","('0084-D-2011', 1)":null,"('0084-D-2011', 2)":null},"('Firmantes', 'FIRMANTE')":{"('0084-D-2011', 0)":"MORANTE, ANTONIO ARNALDO MARIA","('0084-D-2011', 1)":null,"('0084-D-2011', 2)":null},"('Firmantes', 'DISTRITO')":{"('0084-D-2011', 0)":"CHACO","('0084-D-2011', 1)":null,"('0084-D-2011', 2)":null},"('Firmantes', 'BLOQUE')":{"('0084-D-2011', 0)":"FRENTE PARA LA VICTORIA - PJ","('0084-D-2011', 1)":null,"('0084-D-2011', 2)":null},"('Giros', 'COMISI\u00d3N')":{"('0084-D-2011', 0)":"ASUNTOS CONSTITUCIONALES","('0084-D-2011', 1)":"CULTURA","('0084-D-2011', 2)":"RELACIONES EXTERIORES Y CULTO"},"Link":{"('0084-D-2011', 0)":"https:\/\/www.hcdn.gob.ar\/proyectos\/textoCompleto.jsp?exp=0084-D-2011&tipo=LEY","('0084-D-2011', 1)":null,"('0084-D-2011', 2)":null},"Palabra Clave":{"('0084-D-2011', 0)":" ","('0084-D-2011', 1)":null,"('0084-D-2011', 2)":null}}