{"Tipo de Proyecto":{"('0088-D-2011', 0)":"PROYECTO DE RESOLUCI\u00d3N"},"Iniciado en: ":{"('0088-D-2011', 0)":"Diputados"},"Expediente Diputados: ":{"('0088-D-2011', 0)":"0088-D-2011"},"Publicado en: ":{"('0088-D-2011', 0)":"Tr\u00e1mite Parlamentario N\u00b0 2"},"Fecha: ":{"('0088-D-2011', 0)":"02\/03\/2011"},"T\u00edtulo":{"('0088-D-2011', 0)":"EXPRESAR BENEPLACITO POR LA DECISION EN LA REPUBLICA FEDERATIVA DEL BRASIL DE LA COMISION DE LA VERDAD PARA ESCLARECER LOS CRIMENES DE LESA HUMANIDAD COMETIDOS EN LA DICTADURA MILITAR QUE GOBERNARA EN DICHO PAIS ENTRE LOS A\u00d1OS 1964 Y 1985."},"('Firmantes', 'FIRMANTE')":{"('0088-D-2011', 0)":"MORANTE, ANTONIO ARNALDO MARIA"},"('Firmantes', 'DISTRITO')":{"('0088-D-2011', 0)":"CHACO"},"('Firmantes', 'BLOQUE')":{"('0088-D-2011', 0)":"FRENTE PARA LA VICTORIA - PJ"},"('Giros', 'COMISI\u00d3N')":{"('0088-D-2011', 0)":"RELACIONES EXTERIORES Y CULTO"},"('Tramites', 'C\u00c1MARA')":{"('0088-D-2011', 0)":"Diputados"},"('Tramites', 'MOVIMIENTO')":{"('0088-D-2011', 0)":"APROBACION ARTICULO 114 DEL REGLAMENTO DE LA H CAMARA DE DIPUTADOS; COMUNICADO EL 22\/06\/2011"},"('Tramites', 'FECHA')":{"('0088-D-2011', 0)":null},"('Tramites', 'RESULTADO')":{"('0088-D-2011', 0)":"APROBADO"},"Link":{"('0088-D-2011', 0)":"https:\/\/www.hcdn.gob.ar\/proyectos\/textoCompleto.jsp?exp=0088-D-2011&tipo=RESOLUCION"},"Palabra Clave":{"('0088-D-2011', 0)":" "}}