{"Tipo de Proyecto":{"('0088-OV-2011', 0)":"PROYECTO DE RESOLUCI\u00d3N"},"Iniciado en: ":{"('0088-OV-2011', 0)":"Senado"},"Expediente Senado: ":{"('0088-OV-2011', 0)":"0088-OV-2011"},"Fecha: ":{"('0088-OV-2011', 0)":"24\/04\/2012"},"T\u00edtulo":{"('0088-OV-2011', 0)":"PEDIDO DE INFORMES AL PODER EJECUTIVO SOBRE LAS MEDIDAS ADOPTADAS EN ATENCION A LAS OBSERVACIONES FORMULADAS POR LA AUDITORIA GENERAL DE LA NACION, RESOLUCION 45\/11; RESPECTO DE SU INFORME REALIZADO EN EL AMBITO DEL INSTITUTO GEOGRAFICO NACIONAL, CON EL OBJETO DE ANALIZAR EL PROGRAMA 16 - ELABORACION Y ACTUALIZACION DE CARTOGRAFIA BASICA - GESTION 2008."},"('Firmantes', 'FIRMANTE')":{"('0088-OV-2011', 0)":"PARLAMENTARIA MIXTA REVISORA DE CUENTAS"},"('Firmantes', 'DISTRITO')":{"('0088-OV-2011', 0)":null},"('Firmantes', 'BLOQUE')":{"('0088-OV-2011', 0)":null},"('Tramites', 'C\u00c1MARA')":{"('0088-OV-2011', 0)":"Senado"},"('Tramites', 'MOVIMIENTO')":{"('0088-OV-2011', 0)":"CONSIDERACION Y APROBACION"},"('Tramites', 'FECHA')":{"('0088-OV-2011', 0)":"11\/07\/2012"},"('Tramites', 'RESULTADO')":{"('0088-OV-2011', 0)":"APROBADO"},"Link":{"('0088-OV-2011', 0)":"http:\/\/www.senado.gov.ar\/parlamentario\/comisiones\/verExp\/88.11\/OV\/PR"},"Palabra Clave":{"('0088-OV-2011', 0)":" "}}