{"Tipo de Proyecto":{"('0089-D-2011', 0)":"PROYECTO DE RESOLUCI\u00d3N"},"Iniciado en: ":{"('0089-D-2011', 0)":"Diputados"},"Expediente Diputados: ":{"('0089-D-2011', 0)":"0089-D-2011"},"Publicado en: ":{"('0089-D-2011', 0)":"Tr\u00e1mite Parlamentario N\u00b0 2"},"Fecha: ":{"('0089-D-2011', 0)":"02\/03\/2011"},"T\u00edtulo":{"('0089-D-2011', 0)":"DECLARAR DE INTERES DE LA H. CAMARA LA REUNION DEL \"COMITE CONSULTIVO INTERNACIONAL ALGODONERO - CCIA -, A REALIZARSE DEL 4 AL 9 DE SETIEMBRE DE 2011 EN LAS CIUDADES AUTONOMA DE BUENOS AIRES Y DE PRESIDENCIA ROQUE SAENZ PE\u00d1A, PROVINCIA DEL CHACO."},"('Firmantes', 'FIRMANTE')":{"('0089-D-2011', 0)":"MORANTE, ANTONIO ARNALDO MARIA"},"('Firmantes', 'DISTRITO')":{"('0089-D-2011', 0)":"CHACO"},"('Firmantes', 'BLOQUE')":{"('0089-D-2011', 0)":"FRENTE PARA LA VICTORIA - PJ"},"('Giros', 'COMISI\u00d3N')":{"('0089-D-2011', 0)":"AGRICULTURA Y GANADERIA"},"('Tramites', 'C\u00c1MARA')":{"('0089-D-2011', 0)":"Diputados"},"('Tramites', 'MOVIMIENTO')":{"('0089-D-2011', 0)":"APROBACION ARTICULO 114 DEL REGLAMENTO DE LA H CAMARA DE DIPUTADOS; COMUNICADO EL 18\/05\/2011 CONJUNTAMENTE PARA LOS EXPEDIENTES 0089-D-2011 y 0573-D-2011"},"('Tramites', 'FECHA')":{"('0089-D-2011', 0)":null},"('Tramites', 'RESULTADO')":{"('0089-D-2011', 0)":"APROBADO"},"Link":{"('0089-D-2011', 0)":"https:\/\/www.hcdn.gob.ar\/proyectos\/textoCompleto.jsp?exp=0089-D-2011&tipo=RESOLUCION"},"Palabra Clave":{"('0089-D-2011', 0)":" "}}