{"Tipo de Proyecto":{"('0089-S-2011', 0)":"PROYECTO DE LEY"},"Iniciado en: ":{"('0089-S-2011', 0)":"Senado"},"Expediente Senado: ":{"('0089-S-2011', 0)":"0089-S-2011"},"Publicado en: ":{"('0089-S-2011', 0)":"Diario de Asuntos Entrados N\u00b0 6"},"Fecha: ":{"('0089-S-2011', 0)":"03\/03\/2011"},"T\u00edtulo":{"('0089-S-2011', 0)":"JUBILACION ANTICIPADA PARA LOS TRABAJADORES DE LA EX EMPRESA DE ENERGIA DE JUJUY "},"('Firmantes', 'FIRMANTE')":{"('0089-S-2011', 0)":"JENEFES, GUILLERMO RAUL"},"('Firmantes', 'DISTRITO')":{"('0089-S-2011', 0)":"JUJUY"},"('Firmantes', 'BLOQUE')":{"('0089-S-2011', 0)":"FRENTE PARA LA VICTORIA - PJ"},"Sumario":{"('0089-S-2011', 0)":"ALCANCES; REQUISITOS; ACREDITACION DE A\u00d1OS TRABAJADOS; JUBILACION POR INVALIDEZ; OTORGAMIENTO DE LOS PRESENTES BENEFICIOS A PARTIR DE LA SOLICITUD, NO RECONOCIENDOSE PARA SU PAGO HABERES RETROACTIVOS ANTERIORES A DICHA FECHA."},"Palabra Clave":{"('0089-S-2011', 0)":" "}}