{"Tipo de Proyecto":{"('0090-D-2011', 0)":"PROYECTO DE LEY","('0090-D-2011', 1)":null},"Iniciado en: ":{"('0090-D-2011', 0)":"Diputados","('0090-D-2011', 1)":null},"Expediente Diputados: ":{"('0090-D-2011', 0)":"0090-D-2011","('0090-D-2011', 1)":null},"Publicado en: ":{"('0090-D-2011', 0)":"Tr\u00e1mite Parlamentario N\u00b0 2","('0090-D-2011', 1)":null},"Fecha: ":{"('0090-D-2011', 0)":"02\/03\/2011","('0090-D-2011', 1)":null},"T\u00edtulo":{"('0090-D-2011', 0)":"CUMPLIR CON EL ARTICULO 63 DE LA CONSTITUCION DE LA ORGANIZACION MUNDIAL DE LA SALUD Y REMITIR TODAS LAS LEYES SANCIONADAS EN MATERIA DE SALUD AL DEPARTAMENTO DE ASUNTOS LEGALES DE LA OMS (REPRODUCCION DEL EXPEDIENTE 0028-D-09).","('0090-D-2011', 1)":null},"('Firmantes', 'FIRMANTE')":{"('0090-D-2011', 0)":"MORANTE, ANTONIO ARNALDO MARIA","('0090-D-2011', 1)":null},"('Firmantes', 'DISTRITO')":{"('0090-D-2011', 0)":"CHACO","('0090-D-2011', 1)":null},"('Firmantes', 'BLOQUE')":{"('0090-D-2011', 0)":"FRENTE PARA LA VICTORIA - PJ","('0090-D-2011', 1)":null},"('Giros', 'COMISI\u00d3N')":{"('0090-D-2011', 0)":"RELACIONES EXTERIORES Y CULTO","('0090-D-2011', 1)":"ACCION SOCIAL Y SALUD PUBLICA"},"Palabra Clave":{"('0090-D-2011', 0)":" ","('0090-D-2011', 1)":null}}