{"Tipo de Proyecto":{"('0090-S-2011', 0)":"PROYECTO DE LEY","('0090-S-2011', 1)":null,"('0090-S-2011', 2)":null,"('0090-S-2011', 3)":null},"Iniciado en: ":{"('0090-S-2011', 0)":"Senado","('0090-S-2011', 1)":null,"('0090-S-2011', 2)":null,"('0090-S-2011', 3)":null},"Expediente Diputados: ":{"('0090-S-2011', 0)":"0090-S-2011","('0090-S-2011', 1)":null,"('0090-S-2011', 2)":null,"('0090-S-2011', 3)":null},"Expediente Senado: ":{"('0090-S-2011', 0)":"0217-S-2011","('0090-S-2011', 1)":null,"('0090-S-2011', 2)":null,"('0090-S-2011', 3)":null},"Publicado en: ":{"('0090-S-2011', 0)":"Diario de Asuntos Entrados N\u00b0 12","('0090-S-2011', 1)":null,"('0090-S-2011', 2)":null,"('0090-S-2011', 3)":null},"Fecha: ":{"('0090-S-2011', 0)":"09\/03\/2011","('0090-S-2011', 1)":null,"('0090-S-2011', 2)":null,"('0090-S-2011', 3)":null},"T\u00edtulo":{"('0090-S-2011', 0)":"REGULACION DEL FUNCIONAMIENTO DE LAS UNIVERSIDADES EXTRANJERAS (REPRODUCCION DEL EXPEDIENTE 2494-S-09).","('0090-S-2011', 1)":null,"('0090-S-2011', 2)":null,"('0090-S-2011', 3)":null},"('Firmantes', 'FIRMANTE')":{"('0090-S-2011', 0)":"OSUNA, BLANCA INES","('0090-S-2011', 1)":"CORRADI DE BELTRAN, ANA MARIA","('0090-S-2011', 2)":"FILMUS, DANIEL","('0090-S-2011', 3)":null},"('Firmantes', 'DISTRITO')":{"('0090-S-2011', 0)":"ENTRE RIOS","('0090-S-2011', 1)":"SANTIAGO DEL ESTERO","('0090-S-2011', 2)":"CIUDAD de BUENOS AIRES","('0090-S-2011', 3)":null},"('Firmantes', 'BLOQUE')":{"('0090-S-2011', 0)":"FRENTE PARA LA VICTORIA - PJ","('0090-S-2011', 1)":"FRENTE PARA LA VICTORIA - PJ","('0090-S-2011', 2)":"FRENTE PARA LA VICTORIA - PJ","('0090-S-2011', 3)":null},"('Giros', 'COMISI\u00d3N')":{"('0090-S-2011', 0)":"EDUCACION","('0090-S-2011', 1)":"RELACIONES EXTERIORES Y CULTO","('0090-S-2011', 2)":null,"('0090-S-2011', 3)":null},"('Tramites', 'C\u00c1MARA')":{"('0090-S-2011', 0)":"Senado","('0090-S-2011', 1)":"Senado","('0090-S-2011', 2)":"Diputados","('0090-S-2011', 3)":"Diputados"},"('Tramites', 'MOVIMIENTO')":{"('0090-S-2011', 0)":"MOCION DE PREFERENCIA CON DICTAMEN (AFIRMATIVA)","('0090-S-2011', 1)":"CONSIDERACION Y APROBACION","('0090-S-2011', 2)":"PASA A DIPUTADOS -","('0090-S-2011', 3)":"CONSIDERACION Y SANCION"},"('Tramites', 'FECHA')":{"('0090-S-2011', 0)":"04\/05\/2011","('0090-S-2011', 1)":"27\/07\/2011","('0090-S-2011', 2)":null,"('0090-S-2011', 3)":"14\/11\/2012"},"('Tramites', 'RESULTADO')":{"('0090-S-2011', 0)":null,"('0090-S-2011', 1)":"MEDIA SANCION","('0090-S-2011', 2)":null,"('0090-S-2011', 3)":"SANCIONADO"},"Link":{"('0090-S-2011', 0)":"https:\/\/www4.hcdn.gob.ar\/dependencias\/dsecretaria\/Periodo2011\/PDF2011\/TP2011\/0090-S-11.pdf","('0090-S-2011', 1)":null,"('0090-S-2011', 2)":null,"('0090-S-2011', 3)":null},"Palabra Clave":{"('0090-S-2011', 0)":" ","('0090-S-2011', 1)":null,"('0090-S-2011', 2)":null,"('0090-S-2011', 3)":null}}