{"Tipo de Proyecto":{"('0091-OV-2011', 0)":"PROYECTO DE RESOLUCI\u00d3N"},"Iniciado en: ":{"('0091-OV-2011', 0)":"Senado"},"Expediente Senado: ":{"('0091-OV-2011', 0)":"0091-OV-2011"},"Fecha: ":{"('0091-OV-2011', 0)":"24\/04\/2012"},"T\u00edtulo":{"('0091-OV-2011', 0)":"PEDIDO DE INFORMES AL PODER EJECUTIVO SOBRE LAS MEDIDAS ADOPTADAS PARA REGULARIZAR LAS OBSERVACIONES FORMULADAS POR LA AUDITORIA GENERAL DE LA NACION, RESOLUCION 48\/11; SOBRE EL INFORME CORRESPONDIENTE AL PROYECTO PARA LA FORMULACION DE UN SISTEMA NACIONAL DE ALERTA TEMPRANA Y PREVENCION DE CATASTROFES Y ESTADOS FINANCIEROS AL 31\/12\/10."},"('Firmantes', 'FIRMANTE')":{"('0091-OV-2011', 0)":"PARLAMENTARIA MIXTA REVISORA DE CUENTAS"},"('Firmantes', 'DISTRITO')":{"('0091-OV-2011', 0)":null},"('Firmantes', 'BLOQUE')":{"('0091-OV-2011', 0)":null},"('Tramites', 'C\u00c1MARA')":{"('0091-OV-2011', 0)":"Senado"},"('Tramites', 'MOVIMIENTO')":{"('0091-OV-2011', 0)":"CONSIDERACION Y APROBACION"},"('Tramites', 'FECHA')":{"('0091-OV-2011', 0)":"11\/07\/2012"},"('Tramites', 'RESULTADO')":{"('0091-OV-2011', 0)":"APROBADO"},"Link":{"('0091-OV-2011', 0)":"http:\/\/www.senado.gov.ar\/parlamentario\/comisiones\/verExp\/91.11\/OV\/PR"},"Palabra Clave":{"('0091-OV-2011', 0)":" "}}