{"Tipo de Proyecto":{"('0092-D-2011', 0)":"PROYECTO DE LEY"},"Iniciado en: ":{"('0092-D-2011', 0)":"Diputados"},"Expediente Diputados: ":{"('0092-D-2011', 0)":"0092-D-2011"},"Publicado en: ":{"('0092-D-2011', 0)":"Tr\u00e1mite Parlamentario N\u00b0 2"},"Fecha: ":{"('0092-D-2011', 0)":"02\/03\/2011"},"T\u00edtulo":{"('0092-D-2011', 0)":"ESTATUTO Y ESCALAFON PARA EL PERSONAL DEL CONGRESO DE LA NACION, LEY 24600: MODIFICACIONES (REPRODUCCION DEL EXPEDIENTE 0030-D-09)."},"('Firmantes', 'FIRMANTE')":{"('0092-D-2011', 0)":"MORANTE, ANTONIO ARNALDO MARIA"},"('Firmantes', 'DISTRITO')":{"('0092-D-2011', 0)":"CHACO"},"('Firmantes', 'BLOQUE')":{"('0092-D-2011', 0)":"FRENTE PARA LA VICTORIA - PJ"},"('Giros', 'COMISI\u00d3N')":{"('0092-D-2011', 0)":"LEGISLACION DEL TRABAJO"},"Sumario":{"('0092-D-2011', 0)":"MODIFICACION DE LOS ARTICULOS 27, 34 Y 46; INSTITUIR EL DIA 11 DE NOVIEMBRE DE CADA A\u00d1O COMO \"DIA DEL EMPLEADO LEGISLATIVO NACIONAL\", COMO DIA NO LABORABLE."},"Palabra Clave":{"('0092-D-2011', 0)":" "}}