{"Tipo de Proyecto":{"('0092-OV-2011', 0)":"PROYECTO DE RESOLUCI\u00d3N"},"Iniciado en: ":{"('0092-OV-2011', 0)":"Senado"},"Expediente Senado: ":{"('0092-OV-2011', 0)":"0092-OV-2011"},"Fecha: ":{"('0092-OV-2011', 0)":"24\/04\/2012"},"T\u00edtulo":{"('0092-OV-2011', 0)":"PEDIDO DE INFORMES AL PODER EJECUTIVO SOBRE LAS MEDIDAS ADOPTADAS EN ATENCION A LAS OBSERVACIONES FORMULADAS POR LA AUDITORIA GENERAL DE LA NACION, RESOLUCION 49\/11; RESPECTO DEL INFORME CORRESPONDIENTE A LOS ESTADOS FINANCIEROS  AL 31\/12\/10 DEL PROGRAMA DE GESTION AMBIENTAL PARA UNA PRODUCCION SUSTENTABLE EN EL SECTOR PRODUCTIVO -SUBPROGRAMA 1-."},"('Firmantes', 'FIRMANTE')":{"('0092-OV-2011', 0)":"PARLAMENTARIA MIXTA REVISORA DE CUENTAS"},"('Firmantes', 'DISTRITO')":{"('0092-OV-2011', 0)":null},"('Firmantes', 'BLOQUE')":{"('0092-OV-2011', 0)":null},"('Tramites', 'C\u00c1MARA')":{"('0092-OV-2011', 0)":"Senado"},"('Tramites', 'MOVIMIENTO')":{"('0092-OV-2011', 0)":"CONSIDERACION Y APROBACION"},"('Tramites', 'FECHA')":{"('0092-OV-2011', 0)":"11\/07\/2012"},"('Tramites', 'RESULTADO')":{"('0092-OV-2011', 0)":"APROBADO"},"Link":{"('0092-OV-2011', 0)":"http:\/\/www.senado.gov.ar\/parlamentario\/comisiones\/verExp\/92.11\/OV\/PR"},"Palabra Clave":{"('0092-OV-2011', 0)":" "}}