{"Tipo de Proyecto":{"('0093-D-2011', 0)":"PROYECTO DE LEY","('0093-D-2011', 1)":null},"Iniciado en: ":{"('0093-D-2011', 0)":"Diputados","('0093-D-2011', 1)":null},"Expediente Diputados: ":{"('0093-D-2011', 0)":"0093-D-2011","('0093-D-2011', 1)":null},"Publicado en: ":{"('0093-D-2011', 0)":"Tr\u00e1mite Parlamentario N\u00b0 2","('0093-D-2011', 1)":null},"Fecha: ":{"('0093-D-2011', 0)":"02\/03\/2011","('0093-D-2011', 1)":null},"T\u00edtulo":{"('0093-D-2011', 0)":"APROBACION DEL CONVENIO MARCO DE LA ORGANIZACION MUNDIAL DE LA SALUD PARA EL CONTROL DEL TABACO, ADOPTADO EN LA 56 ASAMBLEA MUNDIAL DE LA SALUD, GINEBRA, SUIZA, EL 21\/5\/2003 (REPRODUCCION DEL EXPEDIENTE 0031-D-09).","('0093-D-2011', 1)":null},"('Firmantes', 'FIRMANTE')":{"('0093-D-2011', 0)":"MORANTE, ANTONIO ARNALDO MARIA","('0093-D-2011', 1)":null},"('Firmantes', 'DISTRITO')":{"('0093-D-2011', 0)":"CHACO","('0093-D-2011', 1)":null},"('Firmantes', 'BLOQUE')":{"('0093-D-2011', 0)":"FRENTE PARA LA VICTORIA - PJ","('0093-D-2011', 1)":null},"('Giros', 'COMISI\u00d3N')":{"('0093-D-2011', 0)":"RELACIONES EXTERIORES Y CULTO","('0093-D-2011', 1)":"PREVENCION DE ADICCIONES Y CONTROL DEL NARCOTRAFICO"},"Palabra Clave":{"('0093-D-2011', 0)":" ","('0093-D-2011', 1)":null}}