{"Tipo de Proyecto":{"('0095-D-2011', 0)":"PROYECTO DE RESOLUCI\u00d3N"},"Iniciado en: ":{"('0095-D-2011', 0)":"Diputados"},"Expediente Diputados: ":{"('0095-D-2011', 0)":"0095-D-2011"},"Publicado en: ":{"('0095-D-2011', 0)":"Tr\u00e1mite Parlamentario N\u00b0 2"},"Fecha: ":{"('0095-D-2011', 0)":"02\/03\/2011"},"T\u00edtulo":{"('0095-D-2011', 0)":"EXPRESAR BENEPLACITO POR LA CREACION DE ONU MUJERES, QUE PRESIDE LA EX PRESIDENTA DE CHILE MICHELLE BACHELET."},"('Firmantes', 'FIRMANTE')":{"('0095-D-2011', 0)":"COMELLI, ALICIA MARCELA"},"('Firmantes', 'DISTRITO')":{"('0095-D-2011', 0)":"NEUQUEN"},"('Firmantes', 'BLOQUE')":{"('0095-D-2011', 0)":"MOV POP NEUQUINO"},"('Giros', 'COMISI\u00d3N')":{"('0095-D-2011', 0)":"RELACIONES EXTERIORES Y CULTO"},"('Tramites', 'C\u00c1MARA')":{"('0095-D-2011', 0)":"Diputados"},"('Tramites', 'MOVIMIENTO')":{"('0095-D-2011', 0)":"APROBACION ARTICULO 114 DEL REGLAMENTO DE LA H CAMARA DE DIPUTADOS; COMUNICADO EL 22\/06\/2011"},"('Tramites', 'FECHA')":{"('0095-D-2011', 0)":null},"('Tramites', 'RESULTADO')":{"('0095-D-2011', 0)":"APROBADO"},"Link":{"('0095-D-2011', 0)":"https:\/\/www.hcdn.gob.ar\/proyectos\/textoCompleto.jsp?exp=0095-D-2011&tipo=RESOLUCION"},"Palabra Clave":{"('0095-D-2011', 0)":" "}}