{"Tipo de Proyecto":{"('0096-D-2011', 0)":"PROYECTO DE RESOLUCI\u00d3N"},"Iniciado en: ":{"('0096-D-2011', 0)":"Diputados"},"Expediente Diputados: ":{"('0096-D-2011', 0)":"0096-D-2011"},"Publicado en: ":{"('0096-D-2011', 0)":"Tr\u00e1mite Parlamentario N\u00b0 2"},"Fecha: ":{"('0096-D-2011', 0)":"02\/03\/2011"},"T\u00edtulo":{"('0096-D-2011', 0)":"EXPRESAR PREOCUPACION POR LOS GRAVES HECHOS DE VIOLENCIA OCURRIDOS EN LIBIA."},"('Firmantes', 'FIRMANTE')":{"('0096-D-2011', 0)":"MOLAS, PEDRO OMAR"},"('Firmantes', 'DISTRITO')":{"('0096-D-2011', 0)":"CATAMARCA"},"('Firmantes', 'BLOQUE')":{"('0096-D-2011', 0)":"UCR"},"('Giros', 'COMISI\u00d3N')":{"('0096-D-2011', 0)":"RELACIONES EXTERIORES Y CULTO"},"('Tramites', 'C\u00c1MARA')":{"('0096-D-2011', 0)":"Diputados"},"('Tramites', 'MOVIMIENTO')":{"('0096-D-2011', 0)":"APROBACION ARTICULO 114 DEL REGLAMENTO DE LA H CAMARA DE DIPUTADOS; COMUNICADO EL 22\/06\/2011 CONJUNTAMENTE PARA LOS EXPEDIENTES 0096-D-2011, 0082-D-2011, 0201-D-2011, 0211-D-2011, 0238-D-2011, 0353-D-2011, 0823-D-2011, 0802-D-2011, 0720-D-2011, 1103-D-2011 y 1538-D-2011"},"('Tramites', 'FECHA')":{"('0096-D-2011', 0)":null},"('Tramites', 'RESULTADO')":{"('0096-D-2011', 0)":"APROBADO"},"Link":{"('0096-D-2011', 0)":"https:\/\/www.hcdn.gob.ar\/proyectos\/textoCompleto.jsp?exp=0096-D-2011&tipo=RESOLUCION"},"Palabra Clave":{"('0096-D-2011', 0)":" "}}