{"Tipo de Proyecto":{"('0096-S-2011', 0)":"MENSAJE NRO: 0378\/11 Y PROYECTO DE LEY","('0096-S-2011', 1)":null,"('0096-S-2011', 2)":null},"Iniciado en: ":{"('0096-S-2011', 0)":"Senado","('0096-S-2011', 1)":null,"('0096-S-2011', 2)":null},"Expediente Diputados: ":{"('0096-S-2011', 0)":"0096-S-2011","('0096-S-2011', 1)":null,"('0096-S-2011', 2)":null},"Expediente Senado: ":{"('0096-S-2011', 0)":"0068-PE-2011","('0096-S-2011', 1)":null,"('0096-S-2011', 2)":null},"Publicado en: ":{"('0096-S-2011', 0)":"Diario de Asuntos Entrados N\u00b0 33","('0096-S-2011', 1)":null,"('0096-S-2011', 2)":null},"Fecha: ":{"('0096-S-2011', 0)":"05\/04\/2011","('0096-S-2011', 1)":null,"('0096-S-2011', 2)":null},"T\u00edtulo":{"('0096-S-2011', 0)":"APROBACION DEL ACUERDO DE SEDE ENTRE LA REPUBLICA ARGENTINA Y EL MERCADO COMUN DEL SUR -MERCOSUR- , PARA EL FUNCIONAMIENTO DEL INSTITUTO DE POLITICAS PUBLICAS DE DERECHOS HUMANOS, SUSCRIPTO EN MONTEVIDEO, REPUBLICA ORIENTAL DEL URUGUAY, EL 8 DE DICIEMBRE DE 2009.","('0096-S-2011', 1)":null,"('0096-S-2011', 2)":null},"('Firmantes', 'FIRMANTE')":{"('0096-S-2011', 0)":"FERNANDEZ DE KIRCHNER, CRISTINA","('0096-S-2011', 1)":"FERNANDEZ, ANIBAL","('0096-S-2011', 2)":"TIMERMAN, HECTOR MARCOS"},"('Firmantes', 'DISTRITO')":{"('0096-S-2011', 0)":null,"('0096-S-2011', 1)":null,"('0096-S-2011', 2)":null},"('Firmantes', 'BLOQUE')":{"('0096-S-2011', 0)":"PODER EJECUTIVO","('0096-S-2011', 1)":"PODER EJECUTIVO","('0096-S-2011', 2)":"PODER EJECUTIVO"},"('Giros', 'COMISI\u00d3N')":{"('0096-S-2011', 0)":"RELACIONES EXTERIORES Y CULTO","('0096-S-2011', 1)":"PRESUPUESTO Y HACIENDA","('0096-S-2011', 2)":null},"('Tramites', 'C\u00c1MARA')":{"('0096-S-2011', 0)":"Senado","('0096-S-2011', 1)":"Diputados","('0096-S-2011', 2)":"Diputados"},"('Tramites', 'MOVIMIENTO')":{"('0096-S-2011', 0)":"CONSIDERACION Y APROBACION","('0096-S-2011', 1)":"PASA A DIPUTADOS -","('0096-S-2011', 2)":"CONSIDERACION Y SANCION"},"('Tramites', 'FECHA')":{"('0096-S-2011', 0)":"27\/07\/2011","('0096-S-2011', 1)":null,"('0096-S-2011', 2)":"27\/06\/2012"},"('Tramites', 'RESULTADO')":{"('0096-S-2011', 0)":"MEDIA SANCION","('0096-S-2011', 1)":null,"('0096-S-2011', 2)":"SANCIONADO"},"Link":{"('0096-S-2011', 0)":"https:\/\/www4.hcdn.gob.ar\/dependencias\/dsecretaria\/Periodo2011\/PDF2011\/TP2011\/0096-S-11.pdf","('0096-S-2011', 1)":null,"('0096-S-2011', 2)":null},"Palabra Clave":{"('0096-S-2011', 0)":" ","('0096-S-2011', 1)":null,"('0096-S-2011', 2)":null}}