{"Tipo de Proyecto":{"('0097-S-2011', 0)":"MENSAJE NRO: 0379\/11 Y PROYECTO DE LEY","('0097-S-2011', 1)":null,"('0097-S-2011', 2)":null,"('0097-S-2011', 3)":null},"Iniciado en: ":{"('0097-S-2011', 0)":"Senado","('0097-S-2011', 1)":null,"('0097-S-2011', 2)":null,"('0097-S-2011', 3)":null},"Expediente Diputados: ":{"('0097-S-2011', 0)":"0097-S-2011","('0097-S-2011', 1)":null,"('0097-S-2011', 2)":null,"('0097-S-2011', 3)":null},"Expediente Senado: ":{"('0097-S-2011', 0)":"0069-PE-2011","('0097-S-2011', 1)":null,"('0097-S-2011', 2)":null,"('0097-S-2011', 3)":null},"Publicado en: ":{"('0097-S-2011', 0)":"Diario de Asuntos Entrados N\u00b0 33","('0097-S-2011', 1)":null,"('0097-S-2011', 2)":null,"('0097-S-2011', 3)":null},"Fecha: ":{"('0097-S-2011', 0)":"05\/04\/2011","('0097-S-2011', 1)":null,"('0097-S-2011', 2)":null,"('0097-S-2011', 3)":null},"T\u00edtulo":{"('0097-S-2011', 0)":"APROBACION DEL PROTOCOLO DE INTEGRACION EDUCATIVA Y RECONOCIMIENTO DE CERTIFICADOS, TITULOS Y ESTUDIOS DE NIVEL PRIMARIO \/ FUNDAMENTAL \/ BASICO Y MEDIO \/ SECUNDARIO, ENTRE LOS ESTADOS PARTE DEL MERCOSUR Y ESTADOS ASOCIADOS, SUSCRIPTO EN SAN JUAN, REPUBLICA ARGENTINA, EL 2 DE AGOSTO DE 2010.","('0097-S-2011', 1)":null,"('0097-S-2011', 2)":null,"('0097-S-2011', 3)":null},"('Firmantes', 'FIRMANTE')":{"('0097-S-2011', 0)":"FERNANDEZ DE KIRCHNER, CRISTINA","('0097-S-2011', 1)":"FERNANDEZ, ANIBAL","('0097-S-2011', 2)":"TIMERMAN, HECTOR MARCOS","('0097-S-2011', 3)":null},"('Firmantes', 'DISTRITO')":{"('0097-S-2011', 0)":null,"('0097-S-2011', 1)":null,"('0097-S-2011', 2)":null,"('0097-S-2011', 3)":null},"('Firmantes', 'BLOQUE')":{"('0097-S-2011', 0)":"PODER EJECUTIVO","('0097-S-2011', 1)":"PODER EJECUTIVO","('0097-S-2011', 2)":"PODER EJECUTIVO","('0097-S-2011', 3)":null},"('Giros', 'COMISI\u00d3N')":{"('0097-S-2011', 0)":"RELACIONES EXTERIORES Y CULTO","('0097-S-2011', 1)":"EDUCACION","('0097-S-2011', 2)":null,"('0097-S-2011', 3)":null},"('Tramites', 'C\u00c1MARA')":{"('0097-S-2011', 0)":"Senado","('0097-S-2011', 1)":"Diputados","('0097-S-2011', 2)":"Diputados","('0097-S-2011', 3)":"Diputados"},"('Tramites', 'MOVIMIENTO')":{"('0097-S-2011', 0)":"CONSIDERACION Y APROBACION","('0097-S-2011', 1)":"PASA A DIPUTADOS -","('0097-S-2011', 2)":"CITACION SESION ESPECIAL","('0097-S-2011', 3)":"CONSIDERACION Y SANCION"},"('Tramites', 'FECHA')":{"('0097-S-2011', 0)":"27\/07\/2011","('0097-S-2011', 1)":null,"('0097-S-2011', 2)":"30\/11\/2011","('0097-S-2011', 3)":"30\/11\/2011"},"('Tramites', 'RESULTADO')":{"('0097-S-2011', 0)":"MEDIA SANCION","('0097-S-2011', 1)":null,"('0097-S-2011', 2)":null,"('0097-S-2011', 3)":"SANCIONADO"},"Link":{"('0097-S-2011', 0)":"https:\/\/www4.hcdn.gob.ar\/dependencias\/dsecretaria\/Periodo2011\/PDF2011\/TP2011\/0097-S-11.pdf","('0097-S-2011', 1)":null,"('0097-S-2011', 2)":null,"('0097-S-2011', 3)":null},"Palabra Clave":{"('0097-S-2011', 0)":" ","('0097-S-2011', 1)":null,"('0097-S-2011', 2)":null,"('0097-S-2011', 3)":null}}