{"Tipo de Proyecto":{"('0098-S-2011', 0)":"MENSAJE NRO: 0118\/11 Y PROYECTO DE LEY","('0098-S-2011', 1)":null,"('0098-S-2011', 2)":null,"('0098-S-2011', 3)":null},"Iniciado en: ":{"('0098-S-2011', 0)":"Senado","('0098-S-2011', 1)":null,"('0098-S-2011', 2)":null,"('0098-S-2011', 3)":null},"Expediente Diputados: ":{"('0098-S-2011', 0)":"0098-S-2011","('0098-S-2011', 1)":null,"('0098-S-2011', 2)":null,"('0098-S-2011', 3)":null},"Expediente Senado: ":{"('0098-S-2011', 0)":"0009-PE-2011","('0098-S-2011', 1)":null,"('0098-S-2011', 2)":null,"('0098-S-2011', 3)":null},"Publicado en: ":{"('0098-S-2011', 0)":"Diario de Asuntos Entrados N\u00b0 8","('0098-S-2011', 1)":null,"('0098-S-2011', 2)":null,"('0098-S-2011', 3)":null},"Fecha: ":{"('0098-S-2011', 0)":"03\/03\/2011","('0098-S-2011', 1)":null,"('0098-S-2011', 2)":null,"('0098-S-2011', 3)":null},"T\u00edtulo":{"('0098-S-2011', 0)":"APROBACION DEL ACUERDO ENTRE EL GOBIERNO DE LA REPUBLICA ARGENTINA Y EL GOBIERNO DE LA REPUBLICA FEDERATIVA DEL BRASIL, RELATIVO AL INTERCAMBIO DE PASANTES, SUSCRIPTO EN BUENOS AIRES, EL 14 DE AGOSTO DE 2001.","('0098-S-2011', 1)":null,"('0098-S-2011', 2)":null,"('0098-S-2011', 3)":null},"('Firmantes', 'FIRMANTE')":{"('0098-S-2011', 0)":"FERNANDEZ DE KIRCHNER, CRISTINA","('0098-S-2011', 1)":"FERNANDEZ, ANIBAL","('0098-S-2011', 2)":"TIMERMAN, HECTOR MARCOS","('0098-S-2011', 3)":null},"('Firmantes', 'DISTRITO')":{"('0098-S-2011', 0)":null,"('0098-S-2011', 1)":null,"('0098-S-2011', 2)":null,"('0098-S-2011', 3)":null},"('Firmantes', 'BLOQUE')":{"('0098-S-2011', 0)":"PODER EJECUTIVO","('0098-S-2011', 1)":"PODER EJECUTIVO","('0098-S-2011', 2)":"PODER EJECUTIVO","('0098-S-2011', 3)":null},"('Giros', 'COMISI\u00d3N')":{"('0098-S-2011', 0)":"RELACIONES EXTERIORES Y CULTO","('0098-S-2011', 1)":"LEGISLACION DEL TRABAJO","('0098-S-2011', 2)":null,"('0098-S-2011', 3)":null},"('Tramites', 'C\u00c1MARA')":{"('0098-S-2011', 0)":"Senado","('0098-S-2011', 1)":"Diputados","('0098-S-2011', 2)":"Diputados","('0098-S-2011', 3)":"Diputados"},"('Tramites', 'MOVIMIENTO')":{"('0098-S-2011', 0)":"CONSIDERACION Y APROBACION","('0098-S-2011', 1)":"PASA A DIPUTADOS -","('0098-S-2011', 2)":"CITACION SESION ESPECIAL","('0098-S-2011', 3)":"CONSIDERACION Y SANCION"},"('Tramites', 'FECHA')":{"('0098-S-2011', 0)":"27\/07\/2011","('0098-S-2011', 1)":null,"('0098-S-2011', 2)":"30\/11\/2011","('0098-S-2011', 3)":"30\/11\/2011"},"('Tramites', 'RESULTADO')":{"('0098-S-2011', 0)":"MEDIA SANCION","('0098-S-2011', 1)":null,"('0098-S-2011', 2)":null,"('0098-S-2011', 3)":"SANCIONADO"},"Link":{"('0098-S-2011', 0)":"https:\/\/www4.hcdn.gob.ar\/dependencias\/dsecretaria\/Periodo2011\/PDF2011\/TP2011\/0098-S-11.pdf","('0098-S-2011', 1)":null,"('0098-S-2011', 2)":null,"('0098-S-2011', 3)":null},"Palabra Clave":{"('0098-S-2011', 0)":" ","('0098-S-2011', 1)":null,"('0098-S-2011', 2)":null,"('0098-S-2011', 3)":null}}