{"Tipo de Proyecto":{"('0098-D-2011', 0)":"PROYECTO DE LEY","('0098-D-2011', 1)":null,"('0098-D-2011', 2)":null},"Iniciado en: ":{"('0098-D-2011', 0)":"Diputados","('0098-D-2011', 1)":null,"('0098-D-2011', 2)":null},"Expediente Diputados: ":{"('0098-D-2011', 0)":"0098-D-2011","('0098-D-2011', 1)":null,"('0098-D-2011', 2)":null},"Publicado en: ":{"('0098-D-2011', 0)":"Tr\u00e1mite Parlamentario N\u00b0 2","('0098-D-2011', 1)":null,"('0098-D-2011', 2)":null},"Fecha: ":{"('0098-D-2011', 0)":"02\/03\/2011","('0098-D-2011', 1)":null,"('0098-D-2011', 2)":null},"T\u00edtulo":{"('0098-D-2011', 0)":"GARANTIZAR LA CONTINUIDAD ALIMENTARIA DE LOS HIJOS MAYORES DE EDAD QUE MANTIENEN SU REGULARIDAD ESTUDIANTIL (REPRODUCCION DEL EXPEDIENTE 2754-D-09).","('0098-D-2011', 1)":null,"('0098-D-2011', 2)":null},"('Firmantes', 'FIRMANTE')":{"('0098-D-2011', 0)":"BIANCHI, IVANA MARIA","('0098-D-2011', 1)":null,"('0098-D-2011', 2)":null},"('Firmantes', 'DISTRITO')":{"('0098-D-2011', 0)":"SAN LUIS","('0098-D-2011', 1)":null,"('0098-D-2011', 2)":null},"('Firmantes', 'BLOQUE')":{"('0098-D-2011', 0)":"PERONISMO FEDERAL","('0098-D-2011', 1)":null,"('0098-D-2011', 2)":null},"('Giros', 'COMISI\u00d3N')":{"('0098-D-2011', 0)":"FAMILIA, MUJER, NI\u00d1EZ Y ADOLESCENCIA","('0098-D-2011', 1)":"LEGISLACION PENAL","('0098-D-2011', 2)":"PRESUPUESTO Y HACIENDA"},"('Tramites', 'C\u00c1MARA')":{"('0098-D-2011', 0)":"Diputados","('0098-D-2011', 1)":"Diputados","('0098-D-2011', 2)":null},"('Tramites', 'MOVIMIENTO')":{"('0098-D-2011', 0)":"REPRODUCIDO POR EXPEDIENTE 0573-D-13","('0098-D-2011', 1)":"REPRODUCIDO POR EXPEDIENTE 8487-D-14","('0098-D-2011', 2)":null},"('Tramites', 'FECHA')":{"('0098-D-2011', 0)":null,"('0098-D-2011', 1)":null,"('0098-D-2011', 2)":null},"('Tramites', 'RESULTADO')":{"('0098-D-2011', 0)":null,"('0098-D-2011', 1)":null,"('0098-D-2011', 2)":null},"Sumario":{"('0098-D-2011', 0)":"CONTINUIDAD AUTOMATICA DE LA CUOTA ALIMENTARIA, LUEGO DE DE LA MAYORIA DE EDAD DEL HIJO, MIENTRAS CONTINUE ESTUDIANDO REGULARMENTE Y VIVA EN CASA DEL PROGENITOR QUE EJERCE LA TENENCIA; RECLAMOS.","('0098-D-2011', 1)":null,"('0098-D-2011', 2)":null},"Palabra Clave":{"('0098-D-2011', 0)":" ","('0098-D-2011', 1)":null,"('0098-D-2011', 2)":null}}