{"Tipo de Proyecto":{"('0099-S-2011', 0)":"MENSAJE NRO: 0380\/11 Y PROYECTO DE LEY","('0099-S-2011', 1)":null,"('0099-S-2011', 2)":null},"Iniciado en: ":{"('0099-S-2011', 0)":"Senado","('0099-S-2011', 1)":null,"('0099-S-2011', 2)":null},"Expediente Diputados: ":{"('0099-S-2011', 0)":"0099-S-2011","('0099-S-2011', 1)":null,"('0099-S-2011', 2)":null},"Expediente Senado: ":{"('0099-S-2011', 0)":"0070-PE-2011","('0099-S-2011', 1)":null,"('0099-S-2011', 2)":null},"Publicado en: ":{"('0099-S-2011', 0)":"Diario de Asuntos Entrados N\u00b0 33","('0099-S-2011', 1)":null,"('0099-S-2011', 2)":null},"Fecha: ":{"('0099-S-2011', 0)":"05\/04\/2011","('0099-S-2011', 1)":null,"('0099-S-2011', 2)":null},"T\u00edtulo":{"('0099-S-2011', 0)":"APROBACION DEL CONVENIO SOBRE EL TRABAJO MARITIMO 2006, ADOPTADO POR LA CONFERENCIA GENERAL DE LA ORGANIZACION INTERNACIONAL DEL TRABAJO (OIT) EN GINEBRA, CONFEDERACION SUIZA, EL 23 DE FEBRERO DE 2006.","('0099-S-2011', 1)":null,"('0099-S-2011', 2)":null},"('Firmantes', 'FIRMANTE')":{"('0099-S-2011', 0)":"FERNANDEZ DE KIRCHNER, CRISTINA","('0099-S-2011', 1)":"FERNANDEZ, ANIBAL","('0099-S-2011', 2)":"TIMERMAN, HECTOR MARCOS"},"('Firmantes', 'DISTRITO')":{"('0099-S-2011', 0)":null,"('0099-S-2011', 1)":null,"('0099-S-2011', 2)":null},"('Firmantes', 'BLOQUE')":{"('0099-S-2011', 0)":"PODER EJECUTIVO","('0099-S-2011', 1)":"PODER EJECUTIVO","('0099-S-2011', 2)":"PODER EJECUTIVO"},"('Giros', 'COMISI\u00d3N')":{"('0099-S-2011', 0)":"RELACIONES EXTERIORES Y CULTO","('0099-S-2011', 1)":"LEGISLACION DEL TRABAJO","('0099-S-2011', 2)":null},"('Tramites', 'C\u00c1MARA')":{"('0099-S-2011', 0)":"Senado","('0099-S-2011', 1)":"Diputados","('0099-S-2011', 2)":"Diputados"},"('Tramites', 'MOVIMIENTO')":{"('0099-S-2011', 0)":"CONSIDERACION Y APROBACION","('0099-S-2011', 1)":"PASA A DIPUTADOS -","('0099-S-2011', 2)":"CONSIDERACION Y SANCION"},"('Tramites', 'FECHA')":{"('0099-S-2011', 0)":"27\/07\/2011","('0099-S-2011', 1)":null,"('0099-S-2011', 2)":"27\/11\/2013"},"('Tramites', 'RESULTADO')":{"('0099-S-2011', 0)":"MEDIA SANCION","('0099-S-2011', 1)":null,"('0099-S-2011', 2)":"SANCIONADO"},"Link":{"('0099-S-2011', 0)":"https:\/\/www4.hcdn.gob.ar\/dependencias\/dsecretaria\/Periodo2011\/PDF2011\/TP2011\/0099-S-11.pdf","('0099-S-2011', 1)":null,"('0099-S-2011', 2)":null},"Palabra Clave":{"('0099-S-2011', 0)":" ","('0099-S-2011', 1)":null,"('0099-S-2011', 2)":null}}