{"Tipo de Proyecto":{"('0100-D-2011', 0)":"PROYECTO DE LEY","('0100-D-2011', 1)":null,"('0100-D-2011', 2)":null},"Iniciado en: ":{"('0100-D-2011', 0)":"Diputados","('0100-D-2011', 1)":null,"('0100-D-2011', 2)":null},"Expediente Diputados: ":{"('0100-D-2011', 0)":"0100-D-2011","('0100-D-2011', 1)":null,"('0100-D-2011', 2)":null},"Publicado en: ":{"('0100-D-2011', 0)":"Tr\u00e1mite Parlamentario N\u00b0 2","('0100-D-2011', 1)":null,"('0100-D-2011', 2)":null},"Fecha: ":{"('0100-D-2011', 0)":"02\/03\/2011","('0100-D-2011', 1)":null,"('0100-D-2011', 2)":null},"T\u00edtulo":{"('0100-D-2011', 0)":"ESTABLECER LA IMPRESION DE FOLLETOS QUE CONTENGAN INFORMACION SOBRE LA PREVENCION, SANCION Y ERRADICACION DE LA VIOLENCIA CONTRA LAS MUJERES EN LOS AMBITOS QUE DESARROLLEN SUS RELACIONES INTERPERSONALES - LEY 26485 -. (REPRODUCCION DEL EXPEDIENTE 3323-D-09).","('0100-D-2011', 1)":null,"('0100-D-2011', 2)":null},"('Firmantes', 'FIRMANTE')":{"('0100-D-2011', 0)":"BIANCHI, IVANA MARIA","('0100-D-2011', 1)":null,"('0100-D-2011', 2)":null},"('Firmantes', 'DISTRITO')":{"('0100-D-2011', 0)":"SAN LUIS","('0100-D-2011', 1)":null,"('0100-D-2011', 2)":null},"('Firmantes', 'BLOQUE')":{"('0100-D-2011', 0)":"PERONISMO FEDERAL","('0100-D-2011', 1)":null,"('0100-D-2011', 2)":null},"('Giros', 'COMISI\u00d3N')":{"('0100-D-2011', 0)":"FAMILIA, MUJER, NI\u00d1EZ Y ADOLESCENCIA","('0100-D-2011', 1)":"PETICIONES, PODERES Y REGLAMENTO","('0100-D-2011', 2)":"PRESUPUESTO Y HACIENDA"},"('Tramites', 'C\u00c1MARA')":{"('0100-D-2011', 0)":"Diputados","('0100-D-2011', 1)":null,"('0100-D-2011', 2)":null},"('Tramites', 'MOVIMIENTO')":{"('0100-D-2011', 0)":"REPRODUCIDO POR EXPEDIENTE 0571-D-13","('0100-D-2011', 1)":null,"('0100-D-2011', 2)":null},"('Tramites', 'FECHA')":{"('0100-D-2011', 0)":null,"('0100-D-2011', 1)":null,"('0100-D-2011', 2)":null},"('Tramites', 'RESULTADO')":{"('0100-D-2011', 0)":null,"('0100-D-2011', 1)":null,"('0100-D-2011', 2)":null},"Sumario":{"('0100-D-2011', 0)":"AUTORIDAD DE APLICACION: MINISTERIO DE DESARROLLO SOCIAL, JUNTO AL CONSEJO NACIONAL DE LA MUJER.","('0100-D-2011', 1)":null,"('0100-D-2011', 2)":null},"Palabra Clave":{"('0100-D-2011', 0)":" ","('0100-D-2011', 1)":null,"('0100-D-2011', 2)":null}}