{"Tipo de Proyecto":{"('0100-S-2011', 0)":"MENSAJE NRO: 0570\/11 Y PROYECTO DE LEY","('0100-S-2011', 1)":null,"('0100-S-2011', 2)":null,"('0100-S-2011', 3)":null},"Iniciado en: ":{"('0100-S-2011', 0)":"Senado","('0100-S-2011', 1)":null,"('0100-S-2011', 2)":null,"('0100-S-2011', 3)":null},"Expediente Diputados: ":{"('0100-S-2011', 0)":"0100-S-2011","('0100-S-2011', 1)":null,"('0100-S-2011', 2)":null,"('0100-S-2011', 3)":null},"Expediente Senado: ":{"('0100-S-2011', 0)":"0079-PE-2011","('0100-S-2011', 1)":null,"('0100-S-2011', 2)":null,"('0100-S-2011', 3)":null},"Publicado en: ":{"('0100-S-2011', 0)":"Diario de Asuntos Entrados N\u00b0 58","('0100-S-2011', 1)":null,"('0100-S-2011', 2)":null,"('0100-S-2011', 3)":null},"Fecha: ":{"('0100-S-2011', 0)":"13\/05\/2011","('0100-S-2011', 1)":null,"('0100-S-2011', 2)":null,"('0100-S-2011', 3)":null},"T\u00edtulo":{"('0100-S-2011', 0)":"APROBACION DEL PROTOCOLO ADICIONAL AL TRATADO CONSTITUTIVO DE UNASUR, SOBRE COMPROMISO CON LA DEMOCRACIA, CELEBRADO EN LA CIUDAD DE GEORGETOWN, REPUBLICA COOPERATIVA DE GUYANA, EL 26 DE NOVIEMBRE DE 2010. ","('0100-S-2011', 1)":null,"('0100-S-2011', 2)":null,"('0100-S-2011', 3)":null},"('Firmantes', 'FIRMANTE')":{"('0100-S-2011', 0)":"FERNANDEZ DE KIRCHNER, CRISTINA","('0100-S-2011', 1)":"FERNANDEZ, ANIBAL","('0100-S-2011', 2)":"TIMERMAN, HECTOR MARCOS","('0100-S-2011', 3)":null},"('Firmantes', 'DISTRITO')":{"('0100-S-2011', 0)":null,"('0100-S-2011', 1)":null,"('0100-S-2011', 2)":null,"('0100-S-2011', 3)":null},"('Firmantes', 'BLOQUE')":{"('0100-S-2011', 0)":"PODER EJECUTIVO","('0100-S-2011', 1)":"PODER EJECUTIVO","('0100-S-2011', 2)":"PODER EJECUTIVO","('0100-S-2011', 3)":null},"('Giros', 'COMISI\u00d3N')":{"('0100-S-2011', 0)":"RELACIONES EXTERIORES Y CULTO","('0100-S-2011', 1)":null,"('0100-S-2011', 2)":null,"('0100-S-2011', 3)":null},"('Tramites', 'C\u00c1MARA')":{"('0100-S-2011', 0)":"Senado","('0100-S-2011', 1)":"Diputados","('0100-S-2011', 2)":"Diputados","('0100-S-2011', 3)":"Diputados"},"('Tramites', 'MOVIMIENTO')":{"('0100-S-2011', 0)":"CONSIDERACION Y APROBACION","('0100-S-2011', 1)":"PASA A DIPUTADOS -","('0100-S-2011', 2)":"CITACION SESION ESPECIAL","('0100-S-2011', 3)":"CONSIDERACION Y SANCION"},"('Tramites', 'FECHA')":{"('0100-S-2011', 0)":"27\/07\/2011","('0100-S-2011', 1)":null,"('0100-S-2011', 2)":"30\/11\/2011","('0100-S-2011', 3)":"30\/11\/2011"},"('Tramites', 'RESULTADO')":{"('0100-S-2011', 0)":"MEDIA SANCION","('0100-S-2011', 1)":null,"('0100-S-2011', 2)":null,"('0100-S-2011', 3)":"SANCIONADO"},"Link":{"('0100-S-2011', 0)":"https:\/\/www4.hcdn.gob.ar\/dependencias\/dsecretaria\/Periodo2011\/PDF2011\/TP2011\/0100-S-11.pdf","('0100-S-2011', 1)":null,"('0100-S-2011', 2)":null,"('0100-S-2011', 3)":null},"Palabra Clave":{"('0100-S-2011', 0)":" ","('0100-S-2011', 1)":null,"('0100-S-2011', 2)":null,"('0100-S-2011', 3)":null}}