{"Tipo de Proyecto":{"('0101-OV-2011', 0)":"PROYECTO DE RESOLUCI\u00d3N","('0101-OV-2011', 1)":null},"Iniciado en: ":{"('0101-OV-2011', 0)":"Senado","('0101-OV-2011', 1)":null},"Expediente Senado: ":{"('0101-OV-2011', 0)":"0101-OV-2011","('0101-OV-2011', 1)":null},"Fecha: ":{"('0101-OV-2011', 0)":"25\/04\/2012","('0101-OV-2011', 1)":null},"T\u00edtulo":{"('0101-OV-2011', 0)":"PEDIDO DE INFORMES AL PODER EJECUTIVO SOBRE LAS MEDIDAS ADOPTADAS PARA REGULARIZAR LAS OBSERVACIONES FORMULADAS POR LA AUDITORIA GENERAL DE LA NACION, RESOLUCION 58\/11; CON MOTIVO DEL EXAMEN REALIZADO EN EL AMBITO DE LA SUBSECRETARIA DE RECURSOS HIDRICOS, DELEGACION ARGENTINA ANTE LA COMISION TRINACIONAL PARA EL DESARROLLO DE LA CUECA DEL RIO PILCOMAYO, CON EL OBJETO DE EXAMINAR EL PROYECTO DE GESTION INTEGRADA Y PLAN MAESTRO DE LA MENTADA CUENCA.","('0101-OV-2011', 1)":null},"('Firmantes', 'FIRMANTE')":{"('0101-OV-2011', 0)":"PARLAMENTARIA MIXTA REVISORA DE CUENTAS","('0101-OV-2011', 1)":null},"('Firmantes', 'DISTRITO')":{"('0101-OV-2011', 0)":null,"('0101-OV-2011', 1)":null},"('Firmantes', 'BLOQUE')":{"('0101-OV-2011', 0)":null,"('0101-OV-2011', 1)":null},"('Tramites', 'C\u00c1MARA')":{"('0101-OV-2011', 0)":"Senado","('0101-OV-2011', 1)":"Senado"},"('Tramites', 'MOVIMIENTO')":{"('0101-OV-2011', 0)":"CONSIDERACION Y APROBACION","('0101-OV-2011', 1)":"CONTESTACION DEL PODER EJECUTIVO NACIONAL - GIRADO A LA COMISION RESPECTIVA"},"('Tramites', 'FECHA')":{"('0101-OV-2011', 0)":"11\/07\/2012","('0101-OV-2011', 1)":"30\/04\/2014"},"('Tramites', 'RESULTADO')":{"('0101-OV-2011', 0)":"APROBADO","('0101-OV-2011', 1)":null},"Link":{"('0101-OV-2011', 0)":"http:\/\/www.senado.gov.ar\/parlamentario\/comisiones\/verExp\/101.11\/OV\/PR","('0101-OV-2011', 1)":null},"Palabra Clave":{"('0101-OV-2011', 0)":" ","('0101-OV-2011', 1)":null}}