{"Tipo de Proyecto":{"('0102-S-2011', 0)":"MENSAJE NRO: 0572\/11 Y PROYECTO DE LEY","('0102-S-2011', 1)":null,"('0102-S-2011', 2)":null},"Iniciado en: ":{"('0102-S-2011', 0)":"Senado","('0102-S-2011', 1)":null,"('0102-S-2011', 2)":null},"Expediente Diputados: ":{"('0102-S-2011', 0)":"0102-S-2011","('0102-S-2011', 1)":null,"('0102-S-2011', 2)":null},"Expediente Senado: ":{"('0102-S-2011', 0)":"0081-PE-2011","('0102-S-2011', 1)":null,"('0102-S-2011', 2)":null},"Publicado en: ":{"('0102-S-2011', 0)":"Diario de Asuntos Entrados N\u00b0 58","('0102-S-2011', 1)":null,"('0102-S-2011', 2)":null},"Fecha: ":{"('0102-S-2011', 0)":"13\/05\/2011","('0102-S-2011', 1)":null,"('0102-S-2011', 2)":null},"T\u00edtulo":{"('0102-S-2011', 0)":"APROBACION DEL ACUERDO SOBRE EL ACUIFERO GUARANI, CELEBRADO CON LA REPUBLICA FEDERATIVA DEL BRASIL, LA REPUBLICA DEL PARAGUAY Y LA REPUBLICA ORIENTAL DEL URUGUAY EN SAN JUAN, REPUBLICA ARGENTINA, EL 2 DE AGOSTO DE 2010. ","('0102-S-2011', 1)":null,"('0102-S-2011', 2)":null},"('Firmantes', 'FIRMANTE')":{"('0102-S-2011', 0)":"FERNANDEZ DE KIRCHNER, CRISTINA","('0102-S-2011', 1)":"FERNANDEZ, ANIBAL","('0102-S-2011', 2)":"TIMERMAN, HECTOR MARCOS"},"('Firmantes', 'DISTRITO')":{"('0102-S-2011', 0)":null,"('0102-S-2011', 1)":null,"('0102-S-2011', 2)":null},"('Firmantes', 'BLOQUE')":{"('0102-S-2011', 0)":"PODER EJECUTIVO","('0102-S-2011', 1)":"PODER EJECUTIVO","('0102-S-2011', 2)":"PODER EJECUTIVO"},"('Giros', 'COMISI\u00d3N')":{"('0102-S-2011', 0)":"RELACIONES EXTERIORES Y CULTO","('0102-S-2011', 1)":"INTERESES MARITIMOS, FLUVIALES, PESQUEROS Y PORTUARIOS","('0102-S-2011', 2)":null},"('Tramites', 'C\u00c1MARA')":{"('0102-S-2011', 0)":"Senado","('0102-S-2011', 1)":"Diputados","('0102-S-2011', 2)":"Diputados"},"('Tramites', 'MOVIMIENTO')":{"('0102-S-2011', 0)":"CONSIDERACION Y APROBACION","('0102-S-2011', 1)":"PASA A DIPUTADOS -","('0102-S-2011', 2)":"CONSIDERACION Y SANCION"},"('Tramites', 'FECHA')":{"('0102-S-2011', 0)":"27\/07\/2011","('0102-S-2011', 1)":null,"('0102-S-2011', 2)":"31\/10\/2012"},"('Tramites', 'RESULTADO')":{"('0102-S-2011', 0)":"MEDIA SANCION","('0102-S-2011', 1)":null,"('0102-S-2011', 2)":"SANCIONADO"},"Link":{"('0102-S-2011', 0)":"https:\/\/www4.hcdn.gob.ar\/dependencias\/dsecretaria\/Periodo2011\/PDF2011\/TP2011\/0102-S-11.pdf","('0102-S-2011', 1)":null,"('0102-S-2011', 2)":null},"Palabra Clave":{"('0102-S-2011', 0)":" ","('0102-S-2011', 1)":null,"('0102-S-2011', 2)":null}}