{"Tipo de Proyecto":{"('0102-D-2011', 0)":"PROYECTO DE LEY"},"Iniciado en: ":{"('0102-D-2011', 0)":"Diputados"},"Expediente Diputados: ":{"('0102-D-2011', 0)":"0102-D-2011"},"Publicado en: ":{"('0102-D-2011', 0)":"Tr\u00e1mite Parlamentario N\u00b0 2"},"Fecha: ":{"('0102-D-2011', 0)":"01\/03\/2011"},"T\u00edtulo":{"('0102-D-2011', 0)":"CODIGO PENAL DE LA NACION: MODIFICACION DEL ARTICULO 20 SOBRE INHABILITACION ESPECIAL Y DEL ARTICULO 20 BIS SOBRE APLICACION DE INHABILITACION PERPETUA PARA REALIZAR ACTIVIDADES DE INTELIGENCIA, DE SEGURIDAD PUBLICA O PRIVADA O CUALQUIER OTRA VINCULADA CON EL USO O LA COMERCIALIZACION DE ARMAS A LOS CONDENADOS POR DELITOS DE GENOCIDIO Y LESA HUMANIDAD."},"('Firmantes', 'FIRMANTE')":{"('0102-D-2011', 0)":"CONTI, DIANA BEATRIZ"},"('Firmantes', 'DISTRITO')":{"('0102-D-2011', 0)":"BUENOS AIRES"},"('Firmantes', 'BLOQUE')":{"('0102-D-2011', 0)":"FRENTE PARA LA VICTORIA - PJ"},"('Giros', 'COMISI\u00d3N')":{"('0102-D-2011', 0)":"LEGISLACION PENAL"},"Sumario":{"('0102-D-2011', 0)":"EL TEXTO DEL ARTICULO 20 BIS ANTERIOR REEMPLAZARA AL DEL ARTICULO 20 TER Y EL DEL 20 TER SE RENUMERA COMO 20 QUATER; SUSTITUCION DEL PRIMER PARRAFO DEL ARTICULO 310 DEL CODIGO PROCESAL PENAL."},"Palabra Clave":{"('0102-D-2011', 0)":" "}}