{"Tipo de Proyecto":{"('0103-S-2011', 0)":"MENSAJE NRO: 0758\/11 Y PROYECTO DE LEY","('0103-S-2011', 1)":null,"('0103-S-2011', 2)":null,"('0103-S-2011', 3)":null,"('0103-S-2011', 4)":null},"Iniciado en: ":{"('0103-S-2011', 0)":"Senado","('0103-S-2011', 1)":null,"('0103-S-2011', 2)":null,"('0103-S-2011', 3)":null,"('0103-S-2011', 4)":null},"Expediente Diputados: ":{"('0103-S-2011', 0)":"0103-S-2011","('0103-S-2011', 1)":null,"('0103-S-2011', 2)":null,"('0103-S-2011', 3)":null,"('0103-S-2011', 4)":null},"Expediente Senado: ":{"('0103-S-2011', 0)":"0130-PE-2011","('0103-S-2011', 1)":null,"('0103-S-2011', 2)":null,"('0103-S-2011', 3)":null,"('0103-S-2011', 4)":null},"Publicado en: ":{"('0103-S-2011', 0)":"Diario de Asuntos Entrados N\u00b0 75","('0103-S-2011', 1)":null,"('0103-S-2011', 2)":null,"('0103-S-2011', 3)":null,"('0103-S-2011', 4)":null},"Fecha: ":{"('0103-S-2011', 0)":"17\/06\/2011","('0103-S-2011', 1)":null,"('0103-S-2011', 2)":null,"('0103-S-2011', 3)":null,"('0103-S-2011', 4)":null},"T\u00edtulo":{"('0103-S-2011', 0)":"APROBACION DEL CONVENIO DE SEDE CON LA ORGANIZACION IBEROAMERICANA  DE JUVENTUD, SUSCRIPTO EN BUENOS AIRES EL 26 DE AGOSTO DE 2009.","('0103-S-2011', 1)":null,"('0103-S-2011', 2)":null,"('0103-S-2011', 3)":null,"('0103-S-2011', 4)":null},"('Firmantes', 'FIRMANTE')":{"('0103-S-2011', 0)":"FERNANDEZ DE KIRCHNER, CRISTINA","('0103-S-2011', 1)":"FERNANDEZ, ANIBAL","('0103-S-2011', 2)":"TIMERMAN, HECTOR MARCOS","('0103-S-2011', 3)":null,"('0103-S-2011', 4)":null},"('Firmantes', 'DISTRITO')":{"('0103-S-2011', 0)":null,"('0103-S-2011', 1)":null,"('0103-S-2011', 2)":null,"('0103-S-2011', 3)":null,"('0103-S-2011', 4)":null},"('Firmantes', 'BLOQUE')":{"('0103-S-2011', 0)":"PODER EJECUTIVO","('0103-S-2011', 1)":"PODER EJECUTIVO","('0103-S-2011', 2)":"PODER EJECUTIVO","('0103-S-2011', 3)":null,"('0103-S-2011', 4)":null},"('Giros', 'COMISI\u00d3N')":{"('0103-S-2011', 0)":"RELACIONES EXTERIORES Y CULTO","('0103-S-2011', 1)":"PRESUPUESTO Y HACIENDA","('0103-S-2011', 2)":null,"('0103-S-2011', 3)":null,"('0103-S-2011', 4)":null},"('Tramites', 'C\u00c1MARA')":{"('0103-S-2011', 0)":"Senado","('0103-S-2011', 1)":"Diputados","('0103-S-2011', 2)":"Diputados","('0103-S-2011', 3)":"Diputados","('0103-S-2011', 4)":"Diputados"},"('Tramites', 'MOVIMIENTO')":{"('0103-S-2011', 0)":"CONSIDERACION Y APROBACION","('0103-S-2011', 1)":"PASA A DIPUTADOS -","('0103-S-2011', 2)":"MOCION SOBRE TABLAS (AFIRMATIVA)","('0103-S-2011', 3)":"MOCION CAMARA EN COMISION (AFIRMATIVA), CONFERENCIA","('0103-S-2011', 4)":"CONSIDERACION Y SANCION"},"('Tramites', 'FECHA')":{"('0103-S-2011', 0)":"27\/07\/2011","('0103-S-2011', 1)":null,"('0103-S-2011', 2)":"28\/11\/2012","('0103-S-2011', 3)":"28\/11\/2012","('0103-S-2011', 4)":"28\/11\/2012"},"('Tramites', 'RESULTADO')":{"('0103-S-2011', 0)":"MEDIA SANCION","('0103-S-2011', 1)":null,"('0103-S-2011', 2)":null,"('0103-S-2011', 3)":null,"('0103-S-2011', 4)":"SANCIONADO"},"Link":{"('0103-S-2011', 0)":"https:\/\/www4.hcdn.gob.ar\/dependencias\/dsecretaria\/Periodo2011\/PDF2011\/TP2011\/0103-S-11.pdf","('0103-S-2011', 1)":null,"('0103-S-2011', 2)":null,"('0103-S-2011', 3)":null,"('0103-S-2011', 4)":null},"Palabra Clave":{"('0103-S-2011', 0)":" ","('0103-S-2011', 1)":null,"('0103-S-2011', 2)":null,"('0103-S-2011', 3)":null,"('0103-S-2011', 4)":null}}