{"Tipo de Proyecto":{"('0103-D-2011', 0)":"PROYECTO DE LEY"},"Iniciado en: ":{"('0103-D-2011', 0)":"Diputados"},"Expediente Diputados: ":{"('0103-D-2011', 0)":"0103-D-2011"},"Publicado en: ":{"('0103-D-2011', 0)":"Tr\u00e1mite Parlamentario N\u00b0 2"},"Fecha: ":{"('0103-D-2011', 0)":"02\/03\/2011"},"T\u00edtulo":{"('0103-D-2011', 0)":"CODIGO PENAL Y CODIGO PROCESAL PENAL: MODIFICACION, SOBRE APLICACION DE CRITERIOS DE OPORTUNIDAD."},"('Firmantes', 'FIRMANTE')":{"('0103-D-2011', 0)":"CONTI, DIANA BEATRIZ"},"('Firmantes', 'DISTRITO')":{"('0103-D-2011', 0)":"BUENOS AIRES"},"('Firmantes', 'BLOQUE')":{"('0103-D-2011', 0)":"FRENTE PARA LA VICTORIA - PJ"},"('Giros', 'COMISI\u00d3N')":{"('0103-D-2011', 0)":"LEGISLACION PENAL"},"Sumario":{"('0103-D-2011', 0)":"INCORPORACION DE ARTICULO 74, INCORPORACION DE INCISO 5 AL ARTICULO 59 DEL CODIGO PENAL; MODIFICACION DEL ARTICULO 5 DEL CODIGO PROCESAL PENAL."},"Palabra Clave":{"('0103-D-2011', 0)":" "}}