{"Tipo de Proyecto":{"('0104-D-2011', 0)":"PROYECTO DE LEY","('0104-D-2011', 1)":null},"Iniciado en: ":{"('0104-D-2011', 0)":"Diputados","('0104-D-2011', 1)":null},"Expediente Diputados: ":{"('0104-D-2011', 0)":"0104-D-2011","('0104-D-2011', 1)":null},"Publicado en: ":{"('0104-D-2011', 0)":"Tr\u00e1mite Parlamentario N\u00b0 2","('0104-D-2011', 1)":null},"Fecha: ":{"('0104-D-2011', 0)":"02\/03\/2011","('0104-D-2011', 1)":null},"T\u00edtulo":{"('0104-D-2011', 0)":"DEROGACION DE LA LEY 24270  DE IMPEDIMENTO DE CONTACTO DE LOS HIJOS MENORES CON SUS PADRES NO CONVIVIENTES.\n","('0104-D-2011', 1)":null},"('Firmantes', 'FIRMANTE')":{"('0104-D-2011', 0)":"CONTI, DIANA BEATRIZ","('0104-D-2011', 1)":null},"('Firmantes', 'DISTRITO')":{"('0104-D-2011', 0)":"BUENOS AIRES","('0104-D-2011', 1)":null},"('Firmantes', 'BLOQUE')":{"('0104-D-2011', 0)":"FRENTE PARA LA VICTORIA - PJ","('0104-D-2011', 1)":null},"('Giros', 'COMISI\u00d3N')":{"('0104-D-2011', 0)":"LEGISLACION PENAL","('0104-D-2011', 1)":"FAMILIA, MUJER, NI\u00d1EZ Y ADOLESCENCIA"},"Link":{"('0104-D-2011', 0)":"https:\/\/www.hcdn.gob.ar\/proyectos\/textoCompleto.jsp?exp=0104-D-2011&tipo=LEY","('0104-D-2011', 1)":null},"Palabra Clave":{"('0104-D-2011', 0)":" ","('0104-D-2011', 1)":null}}