{"Tipo de Proyecto":{"('0104-S-2011', 0)":"MENSAJE NRO: 0794\/11 Y PROYECTO DE LEY","('0104-S-2011', 1)":null,"('0104-S-2011', 2)":null},"Iniciado en: ":{"('0104-S-2011', 0)":"Senado","('0104-S-2011', 1)":null,"('0104-S-2011', 2)":null},"Expediente Diputados: ":{"('0104-S-2011', 0)":"0104-S-2011","('0104-S-2011', 1)":null,"('0104-S-2011', 2)":null},"Expediente Senado: ":{"('0104-S-2011', 0)":"0132-PE-2011","('0104-S-2011', 1)":null,"('0104-S-2011', 2)":null},"Publicado en: ":{"('0104-S-2011', 0)":"Diario de Asuntos Entrados N\u00b0 75","('0104-S-2011', 1)":null,"('0104-S-2011', 2)":null},"Fecha: ":{"('0104-S-2011', 0)":"17\/06\/2011","('0104-S-2011', 1)":null,"('0104-S-2011', 2)":null},"T\u00edtulo":{"('0104-S-2011', 0)":"APROBACION DEL ACUERDO DE COOPERACION CIENTIFICA Y TECNICA CON LA REPUBLICA DE BENIN, CELEBRADO EN BUENOS AIRES EL 29 DE MARZO DE 2010. ","('0104-S-2011', 1)":null,"('0104-S-2011', 2)":null},"('Firmantes', 'FIRMANTE')":{"('0104-S-2011', 0)":"FERNANDEZ DE KIRCHNER, CRISTINA","('0104-S-2011', 1)":"FERNANDEZ, ANIBAL","('0104-S-2011', 2)":"TIMERMAN, HECTOR MARCOS"},"('Firmantes', 'DISTRITO')":{"('0104-S-2011', 0)":null,"('0104-S-2011', 1)":null,"('0104-S-2011', 2)":null},"('Firmantes', 'BLOQUE')":{"('0104-S-2011', 0)":"PODER EJECUTIVO","('0104-S-2011', 1)":"PODER EJECUTIVO","('0104-S-2011', 2)":"PODER EJECUTIVO"},"('Giros', 'COMISI\u00d3N')":{"('0104-S-2011', 0)":"RELACIONES EXTERIORES Y CULTO","('0104-S-2011', 1)":"CIENCIA Y TECNOLOGIA","('0104-S-2011', 2)":null},"('Tramites', 'C\u00c1MARA')":{"('0104-S-2011', 0)":"Senado","('0104-S-2011', 1)":"Diputados","('0104-S-2011', 2)":null},"('Tramites', 'MOVIMIENTO')":{"('0104-S-2011', 0)":"CONSIDERACION Y APROBACION","('0104-S-2011', 1)":"PASA A DIPUTADOS -","('0104-S-2011', 2)":null},"('Tramites', 'FECHA')":{"('0104-S-2011', 0)":"27\/07\/2011","('0104-S-2011', 1)":null,"('0104-S-2011', 2)":null},"('Tramites', 'RESULTADO')":{"('0104-S-2011', 0)":"MEDIA SANCION","('0104-S-2011', 1)":null,"('0104-S-2011', 2)":null},"Link":{"('0104-S-2011', 0)":"https:\/\/www4.hcdn.gob.ar\/dependencias\/dsecretaria\/Periodo2011\/PDF2011\/TP2011\/0104-S-11.pdf","('0104-S-2011', 1)":null,"('0104-S-2011', 2)":null},"Palabra Clave":{"('0104-S-2011', 0)":" ","('0104-S-2011', 1)":null,"('0104-S-2011', 2)":null}}