{"Tipo de Proyecto":{"('0105-S-2011', 0)":"MENSAJE NRO: 0759\/11 Y PROYECTO DE LEY","('0105-S-2011', 1)":null,"('0105-S-2011', 2)":null},"Iniciado en: ":{"('0105-S-2011', 0)":"Senado","('0105-S-2011', 1)":null,"('0105-S-2011', 2)":null},"Expediente Diputados: ":{"('0105-S-2011', 0)":"0105-S-2011","('0105-S-2011', 1)":null,"('0105-S-2011', 2)":null},"Expediente Senado: ":{"('0105-S-2011', 0)":"0131-PE-2011","('0105-S-2011', 1)":null,"('0105-S-2011', 2)":null},"Publicado en: ":{"('0105-S-2011', 0)":"Diario de Asuntos Entrados N\u00b0 75","('0105-S-2011', 1)":null,"('0105-S-2011', 2)":null},"Fecha: ":{"('0105-S-2011', 0)":"17\/06\/2011","('0105-S-2011', 1)":null,"('0105-S-2011', 2)":null},"T\u00edtulo":{"('0105-S-2011', 0)":"APROBACION DEL ACUERDO PREFERENCIAL DE COMERCIO ENTRE EL MERCADO COMUN DEL SUR (MERCOSUR) Y LA UNION ADUANERA DE AFRICA DEL SUR (SACU), SUSCRIPTO POR LOS ESTADOS PARTE DEL MERCOSUR EN BRASIL EL 15\/12\/2008, Y POR LOS ESTADOS MIEMBROS DE LA SACU EN MASERU - REINO DE LESOTHO -, EL 03\/04\/2009. ","('0105-S-2011', 1)":null,"('0105-S-2011', 2)":null},"('Firmantes', 'FIRMANTE')":{"('0105-S-2011', 0)":"FERNANDEZ DE KIRCHNER, CRISTINA","('0105-S-2011', 1)":"FERNANDEZ, ANIBAL","('0105-S-2011', 2)":"TIMERMAN, HECTOR MARCOS"},"('Firmantes', 'DISTRITO')":{"('0105-S-2011', 0)":null,"('0105-S-2011', 1)":null,"('0105-S-2011', 2)":null},"('Firmantes', 'BLOQUE')":{"('0105-S-2011', 0)":"PODER EJECUTIVO","('0105-S-2011', 1)":"PODER EJECUTIVO","('0105-S-2011', 2)":"PODER EJECUTIVO"},"('Giros', 'COMISI\u00d3N')":{"('0105-S-2011', 0)":"RELACIONES EXTERIORES Y CULTO","('0105-S-2011', 1)":"MERCOSUR","('0105-S-2011', 2)":"COMERCIO"},"('Tramites', 'C\u00c1MARA')":{"('0105-S-2011', 0)":"Senado","('0105-S-2011', 1)":"Diputados","('0105-S-2011', 2)":"Diputados"},"('Tramites', 'MOVIMIENTO')":{"('0105-S-2011', 0)":"CONSIDERACION Y APROBACION","('0105-S-2011', 1)":"PASA A DIPUTADOS -","('0105-S-2011', 2)":"CONSIDERACION Y SANCION"},"('Tramites', 'FECHA')":{"('0105-S-2011', 0)":"27\/07\/2011","('0105-S-2011', 1)":null,"('0105-S-2011', 2)":"21\/11\/2012"},"('Tramites', 'RESULTADO')":{"('0105-S-2011', 0)":"MEDIA SANCION","('0105-S-2011', 1)":null,"('0105-S-2011', 2)":"SANCIONADO"},"Link":{"('0105-S-2011', 0)":"https:\/\/www4.hcdn.gob.ar\/dependencias\/dsecretaria\/Periodo2011\/PDF2011\/TP2011\/0105-S-11.pdf","('0105-S-2011', 1)":null,"('0105-S-2011', 2)":null},"Palabra Clave":{"('0105-S-2011', 0)":" ","('0105-S-2011', 1)":null,"('0105-S-2011', 2)":null}}