{"Tipo de Proyecto":{"('0105-D-2011', 0)":"PROYECTO DE LEY"},"Iniciado en: ":{"('0105-D-2011', 0)":"Diputados"},"Expediente Diputados: ":{"('0105-D-2011', 0)":"0105-D-2011"},"Publicado en: ":{"('0105-D-2011', 0)":"Tr\u00e1mite Parlamentario N\u00b0 2"},"Fecha: ":{"('0105-D-2011', 0)":"02\/03\/2011"},"T\u00edtulo":{"('0105-D-2011', 0)":"COMPETENCIA E INTEGRACION DEL PODER JUDICIAL DE LA NACION EN MATERIA PENAL. - LEY 24050: MODIFICACION DEL ARTICULO 10, DEROGACION DE LA OBLIGATORIEDAD DE LOS FALLOS PLENARIOS DE LA CAMARA DE CASACION PENAL."},"('Firmantes', 'FIRMANTE')":{"('0105-D-2011', 0)":"CONTI, DIANA BEATRIZ"},"('Firmantes', 'DISTRITO')":{"('0105-D-2011', 0)":"BUENOS AIRES"},"('Firmantes', 'BLOQUE')":{"('0105-D-2011', 0)":"FRENTE PARA LA VICTORIA - PJ"},"('Giros', 'COMISI\u00d3N')":{"('0105-D-2011', 0)":"LEGISLACION PENAL"},"Sumario":{"('0105-D-2011', 0)":"DEROGACION DE LOS PARRAFOS SEGUNDO Y TERCERO DEL INCISO C) DEL ARTICULO 10."},"Palabra Clave":{"('0105-D-2011', 0)":" "}}