{"Tipo de Proyecto":{"('0106-S-2011', 0)":"COMUNICACION"},"Iniciado en: ":{"('0106-S-2011', 0)":"Senado"},"Expediente Senado: ":{"('0106-S-2011', 0)":"0106-S-2011"},"Publicado en: ":{"('0106-S-2011', 0)":"Diario de Asuntos Entrados N\u00b0 6"},"Fecha: ":{"('0106-S-2011', 0)":"03\/03\/2011"},"T\u00edtulo":{"('0106-S-2011', 0)":"PEDIDO DE INFORMES AL PODER EJECUTIVO SOBRE LOS ALCANCES DE LA DECISION ADMINISTRATIVA 41\/2010 DE LA JEFATURA DE GABINETE DE MINISTROS (REASIGNACION DE PARTIDAS PRESUPUESTARIAS A FAVOR DEL PROGRAMA \"FUTBOL PARA TODOS\")"},"('Firmantes', 'FIRMANTE')":{"('0106-S-2011', 0)":"RACHED, EMILIO ALBERTO"},"('Firmantes', 'DISTRITO')":{"('0106-S-2011', 0)":"SANTIAGO DEL ESTERO"},"('Firmantes', 'BLOQUE')":{"('0106-S-2011', 0)":"UCR"},"Link":{"('0106-S-2011', 0)":"http:\/\/www.senado.gov.ar\/parlamentario\/comisiones\/verExp\/106.11\/S\/PC"},"Palabra Clave":{"('0106-S-2011', 0)":" "}}