{"Tipo de Proyecto":{"('0106-D-2011', 0)":"PROYECTO DE LEY","('0106-D-2011', 1)":null,"('0106-D-2011', 2)":null,"('0106-D-2011', 3)":null,"('0106-D-2011', 4)":null,"('0106-D-2011', 5)":null,"('0106-D-2011', 6)":null,"('0106-D-2011', 7)":null,"('0106-D-2011', 8)":null,"('0106-D-2011', 9)":null},"Iniciado en: ":{"('0106-D-2011', 0)":"Diputados","('0106-D-2011', 1)":null,"('0106-D-2011', 2)":null,"('0106-D-2011', 3)":null,"('0106-D-2011', 4)":null,"('0106-D-2011', 5)":null,"('0106-D-2011', 6)":null,"('0106-D-2011', 7)":null,"('0106-D-2011', 8)":null,"('0106-D-2011', 9)":null},"Expediente Diputados: ":{"('0106-D-2011', 0)":"0106-D-2011","('0106-D-2011', 1)":null,"('0106-D-2011', 2)":null,"('0106-D-2011', 3)":null,"('0106-D-2011', 4)":null,"('0106-D-2011', 5)":null,"('0106-D-2011', 6)":null,"('0106-D-2011', 7)":null,"('0106-D-2011', 8)":null,"('0106-D-2011', 9)":null},"Expediente Senado: ":{"('0106-D-2011', 0)":"0016-CD-2012","('0106-D-2011', 1)":null,"('0106-D-2011', 2)":null,"('0106-D-2011', 3)":null,"('0106-D-2011', 4)":null,"('0106-D-2011', 5)":null,"('0106-D-2011', 6)":null,"('0106-D-2011', 7)":null,"('0106-D-2011', 8)":null,"('0106-D-2011', 9)":null},"Publicado en: ":{"('0106-D-2011', 0)":"Tr\u00e1mite Parlamentario N\u00b0 2","('0106-D-2011', 1)":null,"('0106-D-2011', 2)":null,"('0106-D-2011', 3)":null,"('0106-D-2011', 4)":null,"('0106-D-2011', 5)":null,"('0106-D-2011', 6)":null,"('0106-D-2011', 7)":null,"('0106-D-2011', 8)":null,"('0106-D-2011', 9)":null},"Fecha: ":{"('0106-D-2011', 0)":"02\/03\/2011","('0106-D-2011', 1)":null,"('0106-D-2011', 2)":null,"('0106-D-2011', 3)":null,"('0106-D-2011', 4)":null,"('0106-D-2011', 5)":null,"('0106-D-2011', 6)":null,"('0106-D-2011', 7)":null,"('0106-D-2011', 8)":null,"('0106-D-2011', 9)":null},"T\u00edtulo":{"('0106-D-2011', 0)":"CODIGO PENAL DE LA NACION: MODIFICACION DEL ARTICULO 80, SOBRE HOMICIDIO AGRAVADO; INCORPORACION DEL AGRAVANTE A QUIEN MATARE A LA PERSONA CON QUIEN MANTIENE O HA MANTENIDO RELACION DE PAREJA, Y DEL ODIO DE GENERO.","('0106-D-2011', 1)":null,"('0106-D-2011', 2)":null,"('0106-D-2011', 3)":null,"('0106-D-2011', 4)":null,"('0106-D-2011', 5)":null,"('0106-D-2011', 6)":null,"('0106-D-2011', 7)":null,"('0106-D-2011', 8)":null,"('0106-D-2011', 9)":null},"('Firmantes', 'FIRMANTE')":{"('0106-D-2011', 0)":"CONTI, DIANA BEATRIZ","('0106-D-2011', 1)":"COMELLI, ALICIA MARCELA","('0106-D-2011', 2)":"DI TULLIO, JULIANA","('0106-D-2011', 3)":"WEST, MARIANO FEDERICO","('0106-D-2011', 4)":null,"('0106-D-2011', 5)":null,"('0106-D-2011', 6)":null,"('0106-D-2011', 7)":null,"('0106-D-2011', 8)":null,"('0106-D-2011', 9)":null},"('Firmantes', 'DISTRITO')":{"('0106-D-2011', 0)":"BUENOS AIRES","('0106-D-2011', 1)":"NEUQUEN","('0106-D-2011', 2)":"BUENOS AIRES","('0106-D-2011', 3)":"BUENOS AIRES","('0106-D-2011', 4)":null,"('0106-D-2011', 5)":null,"('0106-D-2011', 6)":null,"('0106-D-2011', 7)":null,"('0106-D-2011', 8)":null,"('0106-D-2011', 9)":null},"('Firmantes', 'BLOQUE')":{"('0106-D-2011', 0)":"FRENTE PARA LA VICTORIA - PJ","('0106-D-2011', 1)":"MOV POP NEUQUINO","('0106-D-2011', 2)":"FRENTE PARA LA VICTORIA - PJ","('0106-D-2011', 3)":"FRENTE PARA LA VICTORIA - PJ","('0106-D-2011', 4)":null,"('0106-D-2011', 5)":null,"('0106-D-2011', 6)":null,"('0106-D-2011', 7)":null,"('0106-D-2011', 8)":null,"('0106-D-2011', 9)":null},"('Giros', 'COMISI\u00d3N')":{"('0106-D-2011', 0)":"LEGISLACION PENAL","('0106-D-2011', 1)":"FAMILIA, MUJER, NI\u00d1EZ Y ADOLESCENCIA","('0106-D-2011', 2)":null,"('0106-D-2011', 3)":null,"('0106-D-2011', 4)":null,"('0106-D-2011', 5)":null,"('0106-D-2011', 6)":null,"('0106-D-2011', 7)":null,"('0106-D-2011', 8)":null,"('0106-D-2011', 9)":null},"('Tramites', 'C\u00c1MARA')":{"('0106-D-2011', 0)":"Diputados","('0106-D-2011', 1)":"Diputados","('0106-D-2011', 2)":"Diputados","('0106-D-2011', 3)":"Senado","('0106-D-2011', 4)":"Senado","('0106-D-2011', 5)":"Senado","('0106-D-2011', 6)":"Diputados","('0106-D-2011', 7)":"Diputados","('0106-D-2011', 8)":"Diputados","('0106-D-2011', 9)":"Diputados"},"('Tramites', 'MOVIMIENTO')":{"('0106-D-2011', 0)":"SOLICITUD DE SER COFIRMANTE DEL DIPUTADO WEST (A SUS ANTECEDENTES)","('0106-D-2011', 1)":"CONSIDERACION Y APROBACION CON MODIFICACIONES CONJUNTAMENTE PARA LOS EXPEDIENTES 0106-D-2011, 0016-CD-2012, 0288-D-2011, 1700-D-2011, 2637-D-2011, 5391-D-2011, 5687-D-2011, 0094-D-2012, 0408-D-2012, 0606-D-2012, 0712-D-2012, 0711-D-2012, 0894-D-2012, 0957-D-2012, 1524-D-2012 y 1536-D-2012","('0106-D-2011', 2)":"INSERCIONES DE LOS DIPUTADOS BERNAL, CAMA\u00d1O, CICILIANI, COMELLI, DIAZ BANCALARI, FERNANDEZ SAGASTI, FERRARI, GIL LAVEDRA, GUZMAN, LINARES, MENDOZA, MONGELO, PANSA, PUIGGROS, SACCA Y SEGARRA CONJUNTAMENTE PARA LOS EXPEDIENTES 0106-D-2011, 0016-CD-2012, 0288-D-2011, 1700-D-2011, 2637-D-2011, 5391-D-2011, 5687-D-2011, 0094-D-2012, 0408-D-2012, 0606-D-2012, 0712-D-2012, 0711-D-2012, 0894-D-2012, 0957-D-2012, 1524-D-2012 y 1536-D-2012","('0106-D-2011', 3)":"PASA A SENADO - CONJUNTAMENTE PARA LOS EXPEDIENTES 0106-D-2011, 0016-CD-2012, 0288-D-2011, 1700-D-2011, 2637-D-2011, 5391-D-2011, 5687-D-2011, 0094-D-2012, 0408-D-2012, 0606-D-2012, 0712-D-2012, 0711-D-2012, 0894-D-2012, 0957-D-2012, 1524-D-2012 y 1536-D-2012","('0106-D-2011', 4)":"MOCION DE PREFERENCIA PARA LA PROXIMA SESION CON DICTAMEN (AFIRMATIVA) CONJUNTAMENTE PARA LOS EXPEDIENTES 0106-D-2011, 0016-CD-2012, 0288-D-2011, 1700-D-2011, 0205-S-2011, 0267-S-2011, 0382-S-2011, 0383-S-2011, 2637-D-2011, 0611-S-2011, 0788-S-2011, 0967-S-2011, 1058-S-2011, 5391-D-2011, 5687-D-2011, 0094-D-2012, 0408-D-2012, 0606-D-2012, 0712-D-2012, 0711-D-2012, 0894-D-2012, 0957-D-2012, 1524-D-2012, 1536-D-2012, 0018-S-2012, 0110-S-2012, 0162-S-2012, 0535-S-2012, 0563-S-2012, 1872-S-2012 y 1460-S-2012","('0106-D-2011', 5)":"CONSIDERACION Y APROBACION CON MODIFICACIONES CONJUNTAMENTE PARA LOS EXPEDIENTES 0106-D-2011, 0016-CD-2012, 0288-D-2011, 1700-D-2011, 0205-S-2011, 0267-S-2011, 0382-S-2011, 0383-S-2011, 2637-D-2011, 0611-S-2011, 0788-S-2011, 0967-S-2011, 1058-S-2011, 5391-D-2011, 5687-D-2011, 0094-D-2012, 0408-D-2012, 0606-D-2012, 0712-D-2012, 0711-D-2012, 0894-D-2012, 0957-D-2012, 1524-D-2012, 1536-D-2012, 0018-S-2012, 0110-S-2012, 0162-S-2012, 0535-S-2012, 0563-S-2012, 1872-S-2012 y 1460-S-2012","('0106-D-2011', 6)":"VUELVE A DIPUTADOS - CONJUNTAMENTE PARA LOS EXPEDIENTES 0106-D-2011, 0016-CD-2012, 0288-D-2011, 1700-D-2011, 0205-S-2011, 0267-S-2011, 0382-S-2011, 0383-S-2011, 2637-D-2011, 0611-S-2011, 0788-S-2011, 0967-S-2011, 1058-S-2011, 5391-D-2011, 5687-D-2011, 0094-D-2012, 0408-D-2012, 0606-D-2012, 0712-D-2012, 0711-D-2012, 0894-D-2012, 0957-D-2012, 1524-D-2012, 1536-D-2012, 0018-S-2012, 0110-S-2012, 0162-S-2012, 0535-S-2012, 0563-S-2012, 1872-S-2012 y 1460-S-2012","('0106-D-2011', 7)":"CITACION SESION ESPECIAL CONJUNTAMENTE PARA LOS EXPEDIENTES 0106-D-2011, 0016-CD-2012, 0288-D-2011, 1700-D-2011, 0205-S-2011, 0267-S-2011, 0382-S-2011, 0383-S-2011, 2637-D-2011, 0611-S-2011, 0788-S-2011, 0967-S-2011, 1058-S-2011, 5391-D-2011, 5687-D-2011, 0094-D-2012, 0408-D-2012, 0606-D-2012, 0712-D-2012, 0711-D-2012, 0894-D-2012, 0957-D-2012, 1524-D-2012, 1536-D-2012, 0018-S-2012, 0110-S-2012, 0162-S-2012, 0535-S-2012, 0563-S-2012, 1872-S-2012 y 1460-S-2012","('0106-D-2011', 8)":"CONSIDERACION Y SANCION (INSISTENCIA DE LA H CAMARA DE DIPUTADOS EN SU SANCION ORIGINAL) CONJUNTAMENTE PARA LOS EXPEDIENTES 0106-D-2011, 0016-CD-2012, 0288-D-2011, 1700-D-2011, 0205-S-2011, 0267-S-2011, 0382-S-2011, 0383-S-2011, 2637-D-2011, 0611-S-2011, 0788-S-2011, 0967-S-2011, 1058-S-2011, 5391-D-2011, 5687-D-2011, 0094-D-2012, 0408-D-2012, 0606-D-2012, 0712-D-2012, 0711-D-2012, 0894-D-2012, 0957-D-2012, 1524-D-2012, 1536-D-2012, 0018-S-2012, 0110-S-2012, 0162-S-2012, 0535-S-2012, 0563-S-2012, 1872-S-2012 y 1460-S-2012","('0106-D-2011', 9)":"INSERCIONES CONJUNTAMENTE PARA LOS EXPEDIENTES 0106-D-2011, 0016-CD-2012, 0288-D-2011, 1700-D-2011, 2637-D-2011, 5391-D-2011, 5687-D-2011, 0094-D-2012, 0408-D-2012, 0606-D-2012, 0712-D-2012, 0711-D-2012, 0894-D-2012, 0957-D-2012, 1524-D-2012 y 1536-D-2012"},"('Tramites', 'FECHA')":{"('0106-D-2011', 0)":"30\/11\/2011","('0106-D-2011', 1)":"18\/04\/2012","('0106-D-2011', 2)":"18\/04\/2012","('0106-D-2011', 3)":null,"('0106-D-2011', 4)":"12\/09\/2012","('0106-D-2011', 5)":"03\/10\/2012","('0106-D-2011', 6)":null,"('0106-D-2011', 7)":"14\/11\/2012","('0106-D-2011', 8)":"14\/11\/2012","('0106-D-2011', 9)":"14\/11\/2012"},"('Tramites', 'RESULTADO')":{"('0106-D-2011', 0)":null,"('0106-D-2011', 1)":"MEDIA SANCION","('0106-D-2011', 2)":null,"('0106-D-2011', 3)":null,"('0106-D-2011', 4)":null,"('0106-D-2011', 5)":"MEDIA SANCION","('0106-D-2011', 6)":null,"('0106-D-2011', 7)":null,"('0106-D-2011', 8)":"SANCIONADO","('0106-D-2011', 9)":null},"Link":{"('0106-D-2011', 0)":"https:\/\/www.hcdn.gob.ar\/proyectos\/textoCompleto.jsp?exp=0106-D-2011&tipo=LEY","('0106-D-2011', 1)":null,"('0106-D-2011', 2)":null,"('0106-D-2011', 3)":null,"('0106-D-2011', 4)":null,"('0106-D-2011', 5)":null,"('0106-D-2011', 6)":null,"('0106-D-2011', 7)":null,"('0106-D-2011', 8)":null,"('0106-D-2011', 9)":null},"Palabra Clave":{"('0106-D-2011', 0)":" ","('0106-D-2011', 1)":null,"('0106-D-2011', 2)":null,"('0106-D-2011', 3)":null,"('0106-D-2011', 4)":null,"('0106-D-2011', 5)":null,"('0106-D-2011', 6)":null,"('0106-D-2011', 7)":null,"('0106-D-2011', 8)":null,"('0106-D-2011', 9)":null}}