{"Tipo de Proyecto":{"('0107-S-2011', 0)":"PROYECTO DE DECLARACI\u00d3N"},"Iniciado en: ":{"('0107-S-2011', 0)":"Senado"},"Expediente Senado: ":{"('0107-S-2011', 0)":"0107-S-2011"},"Publicado en: ":{"('0107-S-2011', 0)":"Diario de Asuntos Entrados N\u00b0 6"},"Fecha: ":{"('0107-S-2011', 0)":"03\/03\/2011"},"T\u00edtulo":{"('0107-S-2011', 0)":"ADHERIR A LA CONMEMORACION DEL 65\u00b0 ANIVERSARIO DE LA INDEPENDENCIA DE LA REPUBLICA ARABE DE SIRIA, EL 17 DE ABRIL."},"('Firmantes', 'FIRMANTE')":{"('0107-S-2011', 0)":"RACHED, EMILIO ALBERTO"},"('Firmantes', 'DISTRITO')":{"('0107-S-2011', 0)":"SANTIAGO DEL ESTERO"},"('Firmantes', 'BLOQUE')":{"('0107-S-2011', 0)":"UCR"},"('Tramites', 'C\u00c1MARA')":{"('0107-S-2011', 0)":"Senado"},"('Tramites', 'MOVIMIENTO')":{"('0107-S-2011', 0)":"CONSIDERACION Y APROBACION"},"('Tramites', 'FECHA')":{"('0107-S-2011', 0)":"04\/05\/2011"},"('Tramites', 'RESULTADO')":{"('0107-S-2011', 0)":"APROBADO"},"Link":{"('0107-S-2011', 0)":"http:\/\/www.senado.gov.ar\/parlamentario\/comisiones\/verExp\/107.11\/S\/PD"},"Palabra Clave":{"('0107-S-2011', 0)":" "}}