{"Tipo de Proyecto":{"('0107-OV-2011', 0)":"PROYECTO DE RESOLUCI\u00d3N"},"Iniciado en: ":{"('0107-OV-2011', 0)":"Senado"},"Expediente Senado: ":{"('0107-OV-2011', 0)":"0107-OV-2011"},"Fecha: ":{"('0107-OV-2011', 0)":"24\/04\/2012"},"T\u00edtulo":{"('0107-OV-2011', 0)":"PEDIDO DE INFORMES AL PODER EJECUTIVO SOBRE LAS MEDIDAS ADOPTADAS EN ATENCION A LAS OBSERVACIONES FORMULADAS POR LA AUDITORIA GENERAL DE LA NACION, RESOLUCION 64\/11; SOBRE EL INFORME DE AUDITORIA REFERIDO A LOS ESTADOS FINANCIEROS DEL EJERCICIO FINALIZADO EL 31\/12\/10, PROYECTO BOSQUES NATIVOS Y BIODIVERSIDAD."},"('Firmantes', 'FIRMANTE')":{"('0107-OV-2011', 0)":"PARLAMENTARIA MIXTA REVISORA DE CUENTAS"},"('Firmantes', 'DISTRITO')":{"('0107-OV-2011', 0)":null},"('Firmantes', 'BLOQUE')":{"('0107-OV-2011', 0)":null},"('Tramites', 'C\u00c1MARA')":{"('0107-OV-2011', 0)":"Senado"},"('Tramites', 'MOVIMIENTO')":{"('0107-OV-2011', 0)":"CONSIDERACION Y APROBACION"},"('Tramites', 'FECHA')":{"('0107-OV-2011', 0)":"11\/07\/2012"},"('Tramites', 'RESULTADO')":{"('0107-OV-2011', 0)":"APROBADO"},"Link":{"('0107-OV-2011', 0)":"http:\/\/www.senado.gov.ar\/parlamentario\/comisiones\/verExp\/107.11\/OV\/PR"},"Palabra Clave":{"('0107-OV-2011', 0)":" "}}