{"Tipo de Proyecto":{"('0110-S-2011', 0)":"PROYECTO DE LEY"},"Iniciado en: ":{"('0110-S-2011', 0)":"Senado"},"Expediente Senado: ":{"('0110-S-2011', 0)":"0110-S-2011"},"Publicado en: ":{"('0110-S-2011', 0)":"Diario de Asuntos Entrados N\u00b0 7"},"Fecha: ":{"('0110-S-2011', 0)":"03\/03\/2011"},"T\u00edtulo":{"('0110-S-2011', 0)":"REGIMEN DE SEGURIDAD DEL ESPACIO AEREO. MODIFICACION DEL ARTICULO 24 DE LA LEY 17285 (CODIGO AERONAUTICO), SOBRE LA ACCION DE LA FUERZA AEREA ARGENTINA FRENTE A LA DETECCION DE VUELOS NO AUTORIZADOS."},"('Firmantes', 'FIRMANTE')":{"('0110-S-2011', 0)":"BORTOLOZZI DE BOGADO, ADRIANA RAQUEL"},"('Firmantes', 'DISTRITO')":{"('0110-S-2011', 0)":"FORMOSA"},"('Firmantes', 'BLOQUE')":{"('0110-S-2011', 0)":"ESPERANZA FEDERAL"},"Sumario":{"('0110-S-2011', 0)":"SOLICITAR AL PODER EJECUTIVO REGLAMENTE LA PRESENTE MEDIDA MEDIANTE EL DICTADO DEL PROTOCOLO DE DISUASION Y DERRIBO DE LOS VUELOS NO AUTORIZADOS DENTRO DEL ESPACIO AEREO ARGENTINO."},"Palabra Clave":{"('0110-S-2011', 0)":" "}}