{"Tipo de Proyecto":{"('0111-OV-2011', 0)":"PROYECTO DE RESOLUCI\u00d3N","('0111-OV-2011', 1)":null},"Iniciado en: ":{"('0111-OV-2011', 0)":"Senado","('0111-OV-2011', 1)":null},"Expediente Senado: ":{"('0111-OV-2011', 0)":"0111-OV-2011","('0111-OV-2011', 1)":null},"Fecha: ":{"('0111-OV-2011', 0)":"25\/04\/2012","('0111-OV-2011', 1)":null},"T\u00edtulo":{"('0111-OV-2011', 0)":"PEDIDO DE INFORMES AL PODER EJECUTIVO SOBRE LAS MEDIDAS ADOPTADAS PARA REGULARIZAR LAS OBSERVACIONES FORMULADAS POR LA AUDITORIA GENERAL DE LA NACION, RESOLUCION 68\/11; SOBRE EL INFORME REFERIDO A LOS ESTADOS FINANCIEROS POR EL EJERCICIO FINALIZADO EL 31\/12\/10 CORRESPONDIENTE AL PROGRAMA DE APOYO A LA POLITICA DE MEJORAMIENTO DE LA EQUIDAD EDUCATIVA - SUBPROGRAMA II.","('0111-OV-2011', 1)":null},"('Firmantes', 'FIRMANTE')":{"('0111-OV-2011', 0)":"PARLAMENTARIA MIXTA REVISORA DE CUENTAS","('0111-OV-2011', 1)":null},"('Firmantes', 'DISTRITO')":{"('0111-OV-2011', 0)":null,"('0111-OV-2011', 1)":null},"('Firmantes', 'BLOQUE')":{"('0111-OV-2011', 0)":null,"('0111-OV-2011', 1)":null},"('Tramites', 'C\u00c1MARA')":{"('0111-OV-2011', 0)":"Senado","('0111-OV-2011', 1)":"Senado"},"('Tramites', 'MOVIMIENTO')":{"('0111-OV-2011', 0)":"CONSIDERACION Y APROBACION","('0111-OV-2011', 1)":"CONTESTACION DEL PODER EJECUTIVO NACIONAL - GIRADO A LA COMISION RESPECTIVA"},"('Tramites', 'FECHA')":{"('0111-OV-2011', 0)":"11\/07\/2012","('0111-OV-2011', 1)":"02\/07\/2014"},"('Tramites', 'RESULTADO')":{"('0111-OV-2011', 0)":"APROBADO","('0111-OV-2011', 1)":null},"Link":{"('0111-OV-2011', 0)":"http:\/\/www.senado.gov.ar\/parlamentario\/comisiones\/verExp\/111.11\/OV\/PR","('0111-OV-2011', 1)":null},"Palabra Clave":{"('0111-OV-2011', 0)":" ","('0111-OV-2011', 1)":null}}