{"Tipo de Proyecto":{"('0112-OV-2011', 0)":"PROYECTO DE RESOLUCI\u00d3N"},"Iniciado en: ":{"('0112-OV-2011', 0)":"Senado"},"Expediente Senado: ":{"('0112-OV-2011', 0)":"0112-OV-2011"},"Fecha: ":{"('0112-OV-2011', 0)":"25\/04\/2012"},"T\u00edtulo":{"('0112-OV-2011', 0)":"PEDIDO DE INFORMES AL PODER EJECUTIVO SOBRE LAS MEDIDAS ADOPTADAS PARA REGULARIZAR LAS OBSERVACIONES FORMULADAS POR LA AUDITORIA GENERAL DE LA NACION, RESOLUCIONES 69\/11 Y 79\/11; SOBRE LOS ESTADOS FINANCIEROS POR EL EJERCICIO FINALIZADO EL 31\/12\/10, CORRESPONDIENTES AL PROGRAMA DE GESTION INTEGRAL DE RESIDUOS SOLIDOS URBANOS EN MUNICIPIOS TURISTICOS, SUBPROGRAMA I Y II."},"('Firmantes', 'FIRMANTE')":{"('0112-OV-2011', 0)":"PARLAMENTARIA MIXTA REVISORA DE CUENTAS"},"('Firmantes', 'DISTRITO')":{"('0112-OV-2011', 0)":null},"('Firmantes', 'BLOQUE')":{"('0112-OV-2011', 0)":null},"('Tramites', 'C\u00c1MARA')":{"('0112-OV-2011', 0)":"Senado"},"('Tramites', 'MOVIMIENTO')":{"('0112-OV-2011', 0)":"CONSIDERACION Y APROBACION"},"('Tramites', 'FECHA')":{"('0112-OV-2011', 0)":"11\/07\/2012"},"('Tramites', 'RESULTADO')":{"('0112-OV-2011', 0)":"APROBADO"},"Link":{"('0112-OV-2011', 0)":"http:\/\/www.senado.gov.ar\/parlamentario\/comisiones\/verExp\/112.11\/OV\/PR"},"Palabra Clave":{"('0112-OV-2011', 0)":" "}}