{"Tipo de Proyecto":{"('0113-OV-2011', 0)":"PROYECTO DE RESOLUCI\u00d3N","('0113-OV-2011', 1)":null},"Iniciado en: ":{"('0113-OV-2011', 0)":"Senado","('0113-OV-2011', 1)":null},"Expediente Senado: ":{"('0113-OV-2011', 0)":"0113-OV-2011","('0113-OV-2011', 1)":null},"Fecha: ":{"('0113-OV-2011', 0)":"24\/04\/2012","('0113-OV-2011', 1)":null},"T\u00edtulo":{"('0113-OV-2011', 0)":"PEDIDO DE INFORMES AL PODER EJECUTIVO SOBRE LAS MEDIDAS ADOPTADAS EN ATENCION A LAS OBSERVACIONES FORMULADAS POR LA AUDITORIA GENERAL DE LA NACION, RESOLUCION 70\/11; REFERIDO A LOS ESTADOS FINANCIEROS POR EL EJERCICIO FINALIZADO EL 31\/12\/10, CORRESPONDIENTE AL PROYECTO PNUD ARG\/07\/008 GESTION AMBIENTAL MINERA PARA LA PRODUCCION  SUSTENTABLE.","('0113-OV-2011', 1)":null},"('Firmantes', 'FIRMANTE')":{"('0113-OV-2011', 0)":"PARLAMENTARIA MIXTA REVISORA DE CUENTAS","('0113-OV-2011', 1)":null},"('Firmantes', 'DISTRITO')":{"('0113-OV-2011', 0)":null,"('0113-OV-2011', 1)":null},"('Firmantes', 'BLOQUE')":{"('0113-OV-2011', 0)":null,"('0113-OV-2011', 1)":null},"('Tramites', 'C\u00c1MARA')":{"('0113-OV-2011', 0)":"Senado","('0113-OV-2011', 1)":"Senado"},"('Tramites', 'MOVIMIENTO')":{"('0113-OV-2011', 0)":"CONSIDERACION Y APROBACION","('0113-OV-2011', 1)":"CONTESTACION DEL PODER EJECUTIVO NACIONAL - GIRADO A LA COMISION RESPECTIVA"},"('Tramites', 'FECHA')":{"('0113-OV-2011', 0)":"11\/07\/2012","('0113-OV-2011', 1)":"02\/07\/2014"},"('Tramites', 'RESULTADO')":{"('0113-OV-2011', 0)":"APROBADO","('0113-OV-2011', 1)":null},"Link":{"('0113-OV-2011', 0)":"http:\/\/www.senado.gov.ar\/parlamentario\/comisiones\/verExp\/113.11\/OV\/PR","('0113-OV-2011', 1)":null},"Palabra Clave":{"('0113-OV-2011', 0)":" ","('0113-OV-2011', 1)":null}}