{"Tipo de Proyecto":{"('0113-D-2011', 0)":"PROYECTO DE LEY","('0113-D-2011', 1)":null},"Iniciado en: ":{"('0113-D-2011', 0)":"Diputados","('0113-D-2011', 1)":null},"Expediente Diputados: ":{"('0113-D-2011', 0)":"0113-D-2011","('0113-D-2011', 1)":null},"Publicado en: ":{"('0113-D-2011', 0)":"Tr\u00e1mite Parlamentario N\u00b0 2","('0113-D-2011', 1)":null},"Fecha: ":{"('0113-D-2011', 0)":"02\/03\/2011","('0113-D-2011', 1)":null},"T\u00edtulo":{"('0113-D-2011', 0)":"DESTRUCCION O DEGRADACION DE BOSQUE NATIVO; CORTE DE ARBOL: REGIMEN SANCIONATORIO; MODIFICACION DEL  ARTICULO 186 INCISO 2 B) DEL CODIGO PENAL (INCENDIOS Y OTROS ESTRAGOS) (REPRODUCCION DEL EXPEDIENTE 3299-D-09).","('0113-D-2011', 1)":null},"('Firmantes', 'FIRMANTE')":{"('0113-D-2011', 0)":"LEVERBERG, STELLA MARIS","('0113-D-2011', 1)":null},"('Firmantes', 'DISTRITO')":{"('0113-D-2011', 0)":"MISIONES","('0113-D-2011', 1)":null},"('Firmantes', 'BLOQUE')":{"('0113-D-2011', 0)":"FRENTE PARA LA VICTORIA - PJ","('0113-D-2011', 1)":null},"('Giros', 'COMISI\u00d3N')":{"('0113-D-2011', 0)":"LEGISLACION PENAL","('0113-D-2011', 1)":"RECURSOS NATURALES Y CONSERVACION DEL AMBIENTE HUMANO"},"Palabra Clave":{"('0113-D-2011', 0)":" ","('0113-D-2011', 1)":null}}