{"Tipo de Proyecto":{"('0114-S-2011', 0)":"PROYECTO DE LEY"},"Iniciado en: ":{"('0114-S-2011', 0)":"Senado"},"Expediente Senado: ":{"('0114-S-2011', 0)":"0114-S-2011"},"Publicado en: ":{"('0114-S-2011', 0)":"Diario de Asuntos Entrados N\u00b0 7"},"Fecha: ":{"('0114-S-2011', 0)":"03\/03\/2011"},"T\u00edtulo":{"('0114-S-2011', 0)":"PROMOCION DE LA INDUSTRIA TEXTIL DE LAS PROVINCIAS DEL NORTE ARGENTINO; MODIFICACION DEL ARTICULO 11 DE LA LEY 23658 (REPRODUCCION DEL EXPEDIENTE 0201-S-09)."},"('Firmantes', 'FIRMANTE')":{"('0114-S-2011', 0)":"BORTOLOZZI DE BOGADO, ADRIANA RAQUEL"},"('Firmantes', 'DISTRITO')":{"('0114-S-2011', 0)":"FORMOSA"},"('Firmantes', 'BLOQUE')":{"('0114-S-2011', 0)":"ESPERANZA FEDERAL"},"Link":{"('0114-S-2011', 0)":"http:\/\/www.senado.gov.ar\/parlamentario\/comisiones\/verExp\/114.11\/S\/PL"},"Palabra Clave":{"('0114-S-2011', 0)":" "}}