{"Tipo de Proyecto":{"('0114-D-2011', 0)":"PROYECTO DE RESOLUCI\u00d3N","('0114-D-2011', 1)":null,"('0114-D-2011', 2)":null,"('0114-D-2011', 3)":null,"('0114-D-2011', 4)":null,"('0114-D-2011', 5)":null,"('0114-D-2011', 6)":null,"('0114-D-2011', 7)":null,"('0114-D-2011', 8)":null,"('0114-D-2011', 9)":null,"('0114-D-2011', 10)":null,"('0114-D-2011', 11)":null},"Iniciado en: ":{"('0114-D-2011', 0)":"Diputados","('0114-D-2011', 1)":null,"('0114-D-2011', 2)":null,"('0114-D-2011', 3)":null,"('0114-D-2011', 4)":null,"('0114-D-2011', 5)":null,"('0114-D-2011', 6)":null,"('0114-D-2011', 7)":null,"('0114-D-2011', 8)":null,"('0114-D-2011', 9)":null,"('0114-D-2011', 10)":null,"('0114-D-2011', 11)":null},"Expediente Diputados: ":{"('0114-D-2011', 0)":"0114-D-2011","('0114-D-2011', 1)":null,"('0114-D-2011', 2)":null,"('0114-D-2011', 3)":null,"('0114-D-2011', 4)":null,"('0114-D-2011', 5)":null,"('0114-D-2011', 6)":null,"('0114-D-2011', 7)":null,"('0114-D-2011', 8)":null,"('0114-D-2011', 9)":null,"('0114-D-2011', 10)":null,"('0114-D-2011', 11)":null},"Publicado en: ":{"('0114-D-2011', 0)":"Tr\u00e1mite Parlamentario N\u00b0 2","('0114-D-2011', 1)":null,"('0114-D-2011', 2)":null,"('0114-D-2011', 3)":null,"('0114-D-2011', 4)":null,"('0114-D-2011', 5)":null,"('0114-D-2011', 6)":null,"('0114-D-2011', 7)":null,"('0114-D-2011', 8)":null,"('0114-D-2011', 9)":null,"('0114-D-2011', 10)":null,"('0114-D-2011', 11)":null},"Fecha: ":{"('0114-D-2011', 0)":"02\/03\/2011","('0114-D-2011', 1)":null,"('0114-D-2011', 2)":null,"('0114-D-2011', 3)":null,"('0114-D-2011', 4)":null,"('0114-D-2011', 5)":null,"('0114-D-2011', 6)":null,"('0114-D-2011', 7)":null,"('0114-D-2011', 8)":null,"('0114-D-2011', 9)":null,"('0114-D-2011', 10)":null,"('0114-D-2011', 11)":null},"T\u00edtulo":{"('0114-D-2011', 0)":"CREACION DE UNA COMISION INVESTIGADORA SOBRE LOS MOTIVOS DE LA CLAUSURA DE LA FINCA AHO, PROPIEDAD DEL DIPUTADO NACIONAL DOCTOR ALFREDO HORACIO OLMEDO, EN EL  AMBITO DE LA H. CAMARA DE DIPUTADOS DE LA NACION.","('0114-D-2011', 1)":null,"('0114-D-2011', 2)":null,"('0114-D-2011', 3)":null,"('0114-D-2011', 4)":null,"('0114-D-2011', 5)":null,"('0114-D-2011', 6)":null,"('0114-D-2011', 7)":null,"('0114-D-2011', 8)":null,"('0114-D-2011', 9)":null,"('0114-D-2011', 10)":null,"('0114-D-2011', 11)":null},"('Firmantes', 'FIRMANTE')":{"('0114-D-2011', 0)":"DONDA PEREZ, VICTORIA ANALIA","('0114-D-2011', 1)":"LOZANO, CLAUDIO RAUL","('0114-D-2011', 2)":"MERCHAN, PAULA CECILIA","('0114-D-2011', 3)":"REYES, MARIA FERNANDA","('0114-D-2011', 4)":"CARDELLI, JORGE JUSTO","('0114-D-2011', 5)":"BENAS, VERONICA CLAUDIA","('0114-D-2011', 6)":"ARGUMEDO, ALCIRA SUSANA","('0114-D-2011', 7)":"BASTEIRO, SERGIO ARIEL","('0114-D-2011', 8)":"STORANI, MARIA LUISA","('0114-D-2011', 9)":"ITURRASPE, NORA GRACIELA","('0114-D-2011', 10)":"SOLANAS, FERNANDO EZEQUIEL","('0114-D-2011', 11)":"BELOUS, NELIDA"},"('Firmantes', 'DISTRITO')":{"('0114-D-2011', 0)":"BUENOS AIRES","('0114-D-2011', 1)":"CIUDAD de BUENOS AIRES","('0114-D-2011', 2)":"CORDOBA","('0114-D-2011', 3)":"CIUDAD de BUENOS AIRES","('0114-D-2011', 4)":"CIUDAD de BUENOS AIRES","('0114-D-2011', 5)":"SANTA FE","('0114-D-2011', 6)":"CIUDAD de BUENOS AIRES","('0114-D-2011', 7)":"BUENOS AIRES","('0114-D-2011', 8)":"BUENOS AIRES","('0114-D-2011', 9)":"BUENOS AIRES","('0114-D-2011', 10)":"CIUDAD de BUENOS AIRES","('0114-D-2011', 11)":"TIERRA DEL FUEGO"},"('Firmantes', 'BLOQUE')":{"('0114-D-2011', 0)":"LIBRES DEL SUR","('0114-D-2011', 1)":"MOVIMIENTO PROYECTO SUR","('0114-D-2011', 2)":"LIBRES DEL SUR","('0114-D-2011', 3)":"COALICION CIVICA","('0114-D-2011', 4)":"MOVIMIENTO PROYECTO SUR","('0114-D-2011', 5)":"SI POR LA UNIDAD POPULAR","('0114-D-2011', 6)":"MOVIMIENTO PROYECTO SUR","('0114-D-2011', 7)":"NUEVO ENCUENTRO POPULAR Y SOLIDARIO","('0114-D-2011', 8)":"UCR","('0114-D-2011', 9)":"SI POR LA UNIDAD POPULAR","('0114-D-2011', 10)":"MOVIMIENTO PROYECTO SUR","('0114-D-2011', 11)":"SOCIAL PATAGONICO"},"('Giros', 'COMISI\u00d3N')":{"('0114-D-2011', 0)":"PETICIONES, PODERES Y REGLAMENTO","('0114-D-2011', 1)":"ASUNTOS CONSTITUCIONALES","('0114-D-2011', 2)":"LEGISLACION DEL TRABAJO","('0114-D-2011', 3)":null,"('0114-D-2011', 4)":null,"('0114-D-2011', 5)":null,"('0114-D-2011', 6)":null,"('0114-D-2011', 7)":null,"('0114-D-2011', 8)":null,"('0114-D-2011', 9)":null,"('0114-D-2011', 10)":null,"('0114-D-2011', 11)":null},"Link":{"('0114-D-2011', 0)":"https:\/\/www.hcdn.gob.ar\/proyectos\/textoCompleto.jsp?exp=0114-D-2011&tipo=RESOLUCION","('0114-D-2011', 1)":null,"('0114-D-2011', 2)":null,"('0114-D-2011', 3)":null,"('0114-D-2011', 4)":null,"('0114-D-2011', 5)":null,"('0114-D-2011', 6)":null,"('0114-D-2011', 7)":null,"('0114-D-2011', 8)":null,"('0114-D-2011', 9)":null,"('0114-D-2011', 10)":null,"('0114-D-2011', 11)":null},"Palabra Clave":{"('0114-D-2011', 0)":" ","('0114-D-2011', 1)":null,"('0114-D-2011', 2)":null,"('0114-D-2011', 3)":null,"('0114-D-2011', 4)":null,"('0114-D-2011', 5)":null,"('0114-D-2011', 6)":null,"('0114-D-2011', 7)":null,"('0114-D-2011', 8)":null,"('0114-D-2011', 9)":null,"('0114-D-2011', 10)":null,"('0114-D-2011', 11)":null}}