{"Tipo de Proyecto":{"('0115-S-2011', 0)":"PROYECTO DE DECLARACI\u00d3N","('0115-S-2011', 1)":null},"Iniciado en: ":{"('0115-S-2011', 0)":"Senado","('0115-S-2011', 1)":null},"Expediente Senado: ":{"('0115-S-2011', 0)":"0115-S-2011","('0115-S-2011', 1)":null},"Publicado en: ":{"('0115-S-2011', 0)":"Diario de Asuntos Entrados N\u00b0 7","('0115-S-2011', 1)":null},"Fecha: ":{"('0115-S-2011', 0)":"03\/03\/2011","('0115-S-2011', 1)":null},"T\u00edtulo":{"('0115-S-2011', 0)":"EXPRESAR PESAR POR EL FALLECIMIENTO DEL PROSECRETARIO PARLAMENTARIO DEL H. SENADO, DON JUAN JOSE CANALS. ","('0115-S-2011', 1)":null},"('Firmantes', 'FIRMANTE')":{"('0115-S-2011', 0)":"LORES, HORACIO","('0115-S-2011', 1)":null},"('Firmantes', 'DISTRITO')":{"('0115-S-2011', 0)":"NEUQUEN","('0115-S-2011', 1)":null},"('Firmantes', 'BLOQUE')":{"('0115-S-2011', 0)":"MOV POP NEUQUINO","('0115-S-2011', 1)":null},"('Tramites', 'C\u00c1MARA')":{"('0115-S-2011', 0)":"Senado","('0115-S-2011', 1)":"Senado"},"('Tramites', 'MOVIMIENTO')":{"('0115-S-2011', 0)":"MOCION SOBRE TABLAS (AFIRMATIVA) CONJUNTAMENTE PARA LOS EXPEDIENTES 0108-S-2011, 0115-S-2011, 0211-S-2011, 0285-S-2011, 0320-S-2011 y 0326-S-2011","('0115-S-2011', 1)":"CONSIDERACION Y APROBACION (TEXTO UNIFICADO) CONJUNTAMENTE PARA LOS EXPEDIENTES 0108-S-2011, 0115-S-2011, 0211-S-2011, 0285-S-2011, 0320-S-2011 y 0326-S-2011"},"('Tramites', 'FECHA')":{"('0115-S-2011', 0)":"16\/03\/2011","('0115-S-2011', 1)":"16\/03\/2011"},"('Tramites', 'RESULTADO')":{"('0115-S-2011', 0)":null,"('0115-S-2011', 1)":"APROBADO"},"Link":{"('0115-S-2011', 0)":"http:\/\/www.senado.gov.ar\/parlamentario\/comisiones\/verExp\/115.11\/S\/PD","('0115-S-2011', 1)":null},"Palabra Clave":{"('0115-S-2011', 0)":" ","('0115-S-2011', 1)":null}}