{"Tipo de Proyecto":{"('0116-OV-2011', 0)":"PROYECTO DE RESOLUCI\u00d3N"},"Iniciado en: ":{"('0116-OV-2011', 0)":"Senado"},"Expediente Senado: ":{"('0116-OV-2011', 0)":"0116-OV-2011"},"Fecha: ":{"('0116-OV-2011', 0)":"24\/04\/2012"},"T\u00edtulo":{"('0116-OV-2011', 0)":"PEDIDO DE INFORMES AL PODER EJECUTIVO SOBRE LAS MEDIDAS ADOPTADAS EN ATENCION A LAS OBSERVACIONES FORMULADAS POR LA AUDITORIA GENERAL DE LA NACION, RESOLUCION 73\/11; REFERIDO A LOS ESTADOS FINANCIEROS POR EL EJERCICIO I, COMPRENDIDO ENTRE 08\/03\/10 Y 31\/12\/10, CORRESPONDIENTE AL PROGRAMA DE INNOVACION TECNOLOGICA."},"('Firmantes', 'FIRMANTE')":{"('0116-OV-2011', 0)":"PARLAMENTARIA MIXTA REVISORA DE CUENTAS"},"('Firmantes', 'DISTRITO')":{"('0116-OV-2011', 0)":null},"('Firmantes', 'BLOQUE')":{"('0116-OV-2011', 0)":null},"('Tramites', 'C\u00c1MARA')":{"('0116-OV-2011', 0)":"Senado"},"('Tramites', 'MOVIMIENTO')":{"('0116-OV-2011', 0)":"CONSIDERACION Y APROBACION"},"('Tramites', 'FECHA')":{"('0116-OV-2011', 0)":"11\/07\/2012"},"('Tramites', 'RESULTADO')":{"('0116-OV-2011', 0)":"APROBADO"},"Link":{"('0116-OV-2011', 0)":"http:\/\/www.senado.gov.ar\/parlamentario\/comisiones\/verExp\/116.11\/OV\/PR"},"Palabra Clave":{"('0116-OV-2011', 0)":" "}}