{"Tipo de Proyecto":{"('0117-S-2011', 0)":"PROYECTO DE LEY","('0117-S-2011', 1)":null,"('0117-S-2011', 2)":null,"('0117-S-2011', 3)":null},"Iniciado en: ":{"('0117-S-2011', 0)":"Senado","('0117-S-2011', 1)":null,"('0117-S-2011', 2)":null,"('0117-S-2011', 3)":null},"Expediente Diputados: ":{"('0117-S-2011', 0)":"0117-S-2011","('0117-S-2011', 1)":null,"('0117-S-2011', 2)":null,"('0117-S-2011', 3)":null},"Expediente Senado: ":{"('0117-S-2011', 0)":"2063-S-2011","('0117-S-2011', 1)":null,"('0117-S-2011', 2)":null,"('0117-S-2011', 3)":null},"Publicado en: ":{"('0117-S-2011', 0)":"Diario de Asuntos Entrados N\u00b0 113","('0117-S-2011', 1)":null,"('0117-S-2011', 2)":null,"('0117-S-2011', 3)":null},"Fecha: ":{"('0117-S-2011', 0)":"30\/08\/2011","('0117-S-2011', 1)":null,"('0117-S-2011', 2)":null,"('0117-S-2011', 3)":null},"T\u00edtulo":{"('0117-S-2011', 0)":"INSTITUIR EL 24 DE AGOSTO DE CADA A\u00d1O COMO \"DIA DEL LECTOR\", EN CONMEMORACION Y HOMENAJE AL DIA DEL NATALICIO DEL ESCRITOR ARGENTINO JORGE LUIS BORGES.","('0117-S-2011', 1)":null,"('0117-S-2011', 2)":null,"('0117-S-2011', 3)":null},"('Firmantes', 'FIRMANTE')":{"('0117-S-2011', 0)":"CABANCHIK, SAMUEL MANUEL","('0117-S-2011', 1)":null,"('0117-S-2011', 2)":null,"('0117-S-2011', 3)":null},"('Firmantes', 'DISTRITO')":{"('0117-S-2011', 0)":"CIUDAD de BUENOS AIRES","('0117-S-2011', 1)":null,"('0117-S-2011', 2)":null,"('0117-S-2011', 3)":null},"('Firmantes', 'BLOQUE')":{"('0117-S-2011', 0)":"PROYECTO BUENOS AIRES FEDERAL","('0117-S-2011', 1)":null,"('0117-S-2011', 2)":null,"('0117-S-2011', 3)":null},"('Giros', 'COMISI\u00d3N')":{"('0117-S-2011', 0)":"CULTURA","('0117-S-2011', 1)":"LEGISLACION GENERAL","('0117-S-2011', 2)":null,"('0117-S-2011', 3)":null},"('Tramites', 'C\u00c1MARA')":{"('0117-S-2011', 0)":"Senado","('0117-S-2011', 1)":"Senado","('0117-S-2011', 2)":"Diputados","('0117-S-2011', 3)":"Diputados"},"('Tramites', 'MOVIMIENTO')":{"('0117-S-2011', 0)":"MOCION SOBRE TABLAS (AFIRMATIVA)","('0117-S-2011', 1)":"CONSIDERACION Y APROBACION","('0117-S-2011', 2)":"PASA A DIPUTADOS -","('0117-S-2011', 3)":"CONSIDERACION Y SANCION"},"('Tramites', 'FECHA')":{"('0117-S-2011', 0)":"31\/08\/2011","('0117-S-2011', 1)":"31\/08\/2011","('0117-S-2011', 2)":null,"('0117-S-2011', 3)":"27\/06\/2012"},"('Tramites', 'RESULTADO')":{"('0117-S-2011', 0)":null,"('0117-S-2011', 1)":"MEDIA SANCION","('0117-S-2011', 2)":null,"('0117-S-2011', 3)":"SANCIONADO"},"Sumario":{"('0117-S-2011', 0)":"INVITACION A ADHERIR.","('0117-S-2011', 1)":null,"('0117-S-2011', 2)":null,"('0117-S-2011', 3)":null},"Palabra Clave":{"('0117-S-2011', 0)":" ","('0117-S-2011', 1)":null,"('0117-S-2011', 2)":null,"('0117-S-2011', 3)":null}}