{"Tipo de Proyecto":{"('0118-S-2011', 0)":"PROYECTO DE LEY","('0118-S-2011', 1)":null},"Iniciado en: ":{"('0118-S-2011', 0)":"Senado","('0118-S-2011', 1)":null},"Expediente Diputados: ":{"('0118-S-2011', 0)":"0118-S-2011","('0118-S-2011', 1)":null},"Expediente Senado: ":{"('0118-S-2011', 0)":"0861-S-2011","('0118-S-2011', 1)":null},"Publicado en: ":{"('0118-S-2011', 0)":"Diario de Asuntos Entrados N\u00b0 46","('0118-S-2011', 1)":null},"Fecha: ":{"('0118-S-2011', 0)":"27\/04\/2011","('0118-S-2011', 1)":null},"T\u00edtulo":{"('0118-S-2011', 0)":"DENOMINAR  \"GOBERNADOR GUILLERMO EUGENIO SNOPEK\", AL TRAMO DE LA RUTA NACIONAL 34 QUE ATRAVIESA LA PROVINCIA DE JUJUY.","('0118-S-2011', 1)":null},"('Firmantes', 'FIRMANTE')":{"('0118-S-2011', 0)":"JENEFES, GUILLERMO RAUL","('0118-S-2011', 1)":null},"('Firmantes', 'DISTRITO')":{"('0118-S-2011', 0)":"JUJUY","('0118-S-2011', 1)":null},"('Firmantes', 'BLOQUE')":{"('0118-S-2011', 0)":"FRENTE PARA LA VICTORIA - PJ","('0118-S-2011', 1)":null},"('Giros', 'COMISI\u00d3N')":{"('0118-S-2011', 0)":"TRANSPORTES","('0118-S-2011', 1)":"OBRAS PUBLICAS"},"('Tramites', 'C\u00c1MARA')":{"('0118-S-2011', 0)":"Senado","('0118-S-2011', 1)":"Diputados"},"('Tramites', 'MOVIMIENTO')":{"('0118-S-2011', 0)":"CONSIDERACION Y APROBACION","('0118-S-2011', 1)":"PASA A DIPUTADOS -"},"('Tramites', 'FECHA')":{"('0118-S-2011', 0)":"31\/08\/2011","('0118-S-2011', 1)":null},"('Tramites', 'RESULTADO')":{"('0118-S-2011', 0)":"MEDIA SANCION","('0118-S-2011', 1)":null},"Link":{"('0118-S-2011', 0)":"https:\/\/www4.hcdn.gob.ar\/dependencias\/dsecretaria\/Periodo2011\/PDF2011\/TP2011\/0118-S-11.pdf","('0118-S-2011', 1)":null},"Palabra Clave":{"('0118-S-2011', 0)":" ","('0118-S-2011', 1)":null}}