{"Tipo de Proyecto":{"('0118-OV-2011', 0)":"PROYECTO DE RESOLUCI\u00d3N","('0118-OV-2011', 1)":null},"Iniciado en: ":{"('0118-OV-2011', 0)":"Senado","('0118-OV-2011', 1)":null},"Expediente Senado: ":{"('0118-OV-2011', 0)":"0118-OV-2011","('0118-OV-2011', 1)":null},"Fecha: ":{"('0118-OV-2011', 0)":"26\/04\/2012","('0118-OV-2011', 1)":null},"T\u00edtulo":{"('0118-OV-2011', 0)":"PEDIDO DE INFORMES AL PODER EJECUTIVO SOBRE LAS MEDIDAS ADOPTADAS PARA REGULARIZAR LAS OBSERVACIONES FORMULADAS POR LA AUDITORIA GENERAL DE LA NACION, RESOLUCION 75\/11; RESPECTO DEL INFORME DEL AUDITOR Y MEMORANDO SOBRE EL SISTEMA DE CONTROL INTERNO REFERIDOS AL BANCO DE INVERSION  Y COMERCIO EXTERIOR SA - ESTADOS CONTABLES AL 31\/12\/10 DEL FIDEICOMISO DE ADMINISTRACION DEL PROYECTO DE FINALIZACION DE LA CENTRAL NUCLEAR ATUCHA II.","('0118-OV-2011', 1)":null},"('Firmantes', 'FIRMANTE')":{"('0118-OV-2011', 0)":"PARLAMENTARIA MIXTA REVISORA DE CUENTAS","('0118-OV-2011', 1)":null},"('Firmantes', 'DISTRITO')":{"('0118-OV-2011', 0)":null,"('0118-OV-2011', 1)":null},"('Firmantes', 'BLOQUE')":{"('0118-OV-2011', 0)":null,"('0118-OV-2011', 1)":null},"('Tramites', 'C\u00c1MARA')":{"('0118-OV-2011', 0)":"Senado","('0118-OV-2011', 1)":"Senado"},"('Tramites', 'MOVIMIENTO')":{"('0118-OV-2011', 0)":"CONSIDERACION Y APROBACION","('0118-OV-2011', 1)":"CONTESTACION DEL PODER EJECUTIVO NACIONAL - GIRADO A LA COMISION RESPECTIVA"},"('Tramites', 'FECHA')":{"('0118-OV-2011', 0)":"11\/07\/2012","('0118-OV-2011', 1)":"30\/04\/2014"},"('Tramites', 'RESULTADO')":{"('0118-OV-2011', 0)":"APROBADO","('0118-OV-2011', 1)":null},"Link":{"('0118-OV-2011', 0)":"http:\/\/www.senado.gov.ar\/parlamentario\/comisiones\/verExp\/118.11\/OV\/PR","('0118-OV-2011', 1)":null},"Palabra Clave":{"('0118-OV-2011', 0)":" ","('0118-OV-2011', 1)":null}}