{"Tipo de Proyecto":{"('0119-S-2011', 0)":"PROYECTO DE LEY","('0119-S-2011', 1)":null,"('0119-S-2011', 2)":null},"Iniciado en: ":{"('0119-S-2011', 0)":"Senado","('0119-S-2011', 1)":null,"('0119-S-2011', 2)":null},"Expediente Diputados: ":{"('0119-S-2011', 0)":"0119-S-2011","('0119-S-2011', 1)":null,"('0119-S-2011', 2)":null},"Expediente Senado: ":{"('0119-S-2011', 0)":"0207-S-2011","('0119-S-2011', 1)":null,"('0119-S-2011', 2)":null},"Publicado en: ":{"('0119-S-2011', 0)":"Diario de Asuntos Entrados N\u00b0 12","('0119-S-2011', 1)":null,"('0119-S-2011', 2)":null},"Fecha: ":{"('0119-S-2011', 0)":"09\/03\/2011","('0119-S-2011', 1)":null,"('0119-S-2011', 2)":null},"T\u00edtulo":{"('0119-S-2011', 0)":"DECLARAR DE UTILIDAD PUBLICA Y SUJETO A EXPROPIACION UN INMUEBLE UBICADO EN EL DEPARTAMENTO DE SAN MARTIN, PROVINCIA DE SALTA, PARA SER DESTINADO A COMUNIDADES INDIGENAS MISION WICHI CHOWAYUK Y MISION WICHI SOPFWAYUK (CASPI ZAPALLO)  DE LA PROVINCIA DE SALTA (REPRODUCCION DEL EXPEDIENTE 0595-S-09).","('0119-S-2011', 1)":null,"('0119-S-2011', 2)":null},"('Firmantes', 'FIRMANTE')":{"('0119-S-2011', 0)":"ESCUDERO, SONIA MARGARITA","('0119-S-2011', 1)":null,"('0119-S-2011', 2)":null},"('Firmantes', 'DISTRITO')":{"('0119-S-2011', 0)":"SALTA","('0119-S-2011', 1)":null,"('0119-S-2011', 2)":null},"('Firmantes', 'BLOQUE')":{"('0119-S-2011', 0)":"JUSTICIALISTA 8 DE OCTUBRE","('0119-S-2011', 1)":null,"('0119-S-2011', 2)":null},"('Giros', 'COMISI\u00d3N')":{"('0119-S-2011', 0)":"LEGISLACION GENERAL","('0119-S-2011', 1)":"POBLACION Y DESARROLLO HUMANO","('0119-S-2011', 2)":"PRESUPUESTO Y HACIENDA"},"('Tramites', 'C\u00c1MARA')":{"('0119-S-2011', 0)":"Senado","('0119-S-2011', 1)":"Senado","('0119-S-2011', 2)":"Diputados"},"('Tramites', 'MOVIMIENTO')":{"('0119-S-2011', 0)":"SE SUPRIME EL GIRO A LA COMISION DE POBLACION Y DESARROLLO HUMANO","('0119-S-2011', 1)":"CONSIDERACION Y APROBACION","('0119-S-2011', 2)":"PASA A DIPUTADOS -"},"('Tramites', 'FECHA')":{"('0119-S-2011', 0)":"01\/06\/2011","('0119-S-2011', 1)":"31\/08\/2011","('0119-S-2011', 2)":null},"('Tramites', 'RESULTADO')":{"('0119-S-2011', 0)":null,"('0119-S-2011', 1)":"MEDIA SANCION","('0119-S-2011', 2)":null},"Link":{"('0119-S-2011', 0)":"https:\/\/www4.hcdn.gob.ar\/dependencias\/dsecretaria\/Periodo2011\/PDF2011\/TP2011\/0119-S-11.pdf","('0119-S-2011', 1)":null,"('0119-S-2011', 2)":null},"Palabra Clave":{"('0119-S-2011', 0)":" ","('0119-S-2011', 1)":null,"('0119-S-2011', 2)":null}}