{"Tipo de Proyecto":{"('0120-D-2011', 0)":"PROYECTO DE DECLARACI\u00d3N","('0120-D-2011', 1)":null},"Iniciado en: ":{"('0120-D-2011', 0)":"Diputados","('0120-D-2011', 1)":null},"Expediente Diputados: ":{"('0120-D-2011', 0)":"0120-D-2011","('0120-D-2011', 1)":null},"Publicado en: ":{"('0120-D-2011', 0)":"Tr\u00e1mite Parlamentario N\u00b0 2","('0120-D-2011', 1)":null},"Fecha: ":{"('0120-D-2011', 0)":"02\/03\/2011","('0120-D-2011', 1)":null},"T\u00edtulo":{"('0120-D-2011', 0)":"SOLICITAR AL PODER EJECUTIVO DISPONGA LAS MEDIDAS NECESARIAS A FIN DE INSTRUMENTAR LA INSTALACION DE UNA SUCURSAL BANCARIA SIMPLIFICADA EN LA LOCALIDAD DE SAN ANTONIO DE LOS COBRES, DEPARTAMENTO DE LOS ANDES, PROVINCIA DE SALTA","('0120-D-2011', 1)":null},"('Firmantes', 'FIRMANTE')":{"('0120-D-2011', 0)":"DAHER, ZULEMA BEATRIZ","('0120-D-2011', 1)":null},"('Firmantes', 'DISTRITO')":{"('0120-D-2011', 0)":"SALTA","('0120-D-2011', 1)":null},"('Firmantes', 'BLOQUE')":{"('0120-D-2011', 0)":"PERONISMO FEDERAL","('0120-D-2011', 1)":null},"('Giros', 'COMISI\u00d3N')":{"('0120-D-2011', 0)":"FINANZAS","('0120-D-2011', 1)":null},"('Tramites', 'C\u00c1MARA')":{"('0120-D-2011', 0)":"Diputados","('0120-D-2011', 1)":"Diputados"},"('Tramites', 'MOVIMIENTO')":{"('0120-D-2011', 0)":"APROBACION ARTICULO 114 DEL REGLAMENTO DE LA H CAMARA DE DIPUTADOS; COMUNICADO EL 05\/07\/2011","('0120-D-2011', 1)":"CONTESTACION DEL PODER EJECUTIVO NACIONAL - JEFE DE GABINETE DE MINISTROS - GIRADO A LA COMISION RESPECTIVA"},"('Tramites', 'FECHA')":{"('0120-D-2011', 0)":null,"('0120-D-2011', 1)":"21\/03\/2012"},"('Tramites', 'RESULTADO')":{"('0120-D-2011', 0)":"APROBADO","('0120-D-2011', 1)":null},"Link":{"('0120-D-2011', 0)":"https:\/\/www.hcdn.gob.ar\/proyectos\/textoCompleto.jsp?exp=0120-D-2011&tipo=DECLARACION","('0120-D-2011', 1)":null},"Palabra Clave":{"('0120-D-2011', 0)":" ","('0120-D-2011', 1)":null}}