{"Tipo de Proyecto":{"('0120-S-2011', 0)":"PROYECTO DE LEY","('0120-S-2011', 1)":null},"Iniciado en: ":{"('0120-S-2011', 0)":"Senado","('0120-S-2011', 1)":null},"Expediente Diputados: ":{"('0120-S-2011', 0)":"0120-S-2011","('0120-S-2011', 1)":null},"Expediente Senado: ":{"('0120-S-2011', 0)":"3845-S-2010","('0120-S-2011', 1)":null},"Publicado en: ":{"('0120-S-2011', 0)":"Diario de Asuntos Entrados N\u00b0 173","('0120-S-2011', 1)":null},"Fecha: ":{"('0120-S-2011', 0)":"03\/11\/2010","('0120-S-2011', 1)":null},"T\u00edtulo":{"('0120-S-2011', 0)":"DISPONER LA PARTICIPACION DE LOS VETERANOS DE GUERRA DE MALVINAS EN LOS DESFILES Y CEREMONIAS DE FESTEJOS DE LA FECHAS PATRIAS.","('0120-S-2011', 1)":null},"('Firmantes', 'FIRMANTE')":{"('0120-S-2011', 0)":"ARTAZA, EUGENIO JUSTINIANO","('0120-S-2011', 1)":null},"('Firmantes', 'DISTRITO')":{"('0120-S-2011', 0)":"CORRIENTES","('0120-S-2011', 1)":null},"('Firmantes', 'BLOQUE')":{"('0120-S-2011', 0)":"UCR","('0120-S-2011', 1)":null},"('Giros', 'COMISI\u00d3N')":{"('0120-S-2011', 0)":"DEFENSA NACIONAL","('0120-S-2011', 1)":"LEGISLACION GENERAL"},"('Tramites', 'C\u00c1MARA')":{"('0120-S-2011', 0)":"Senado","('0120-S-2011', 1)":"Diputados"},"('Tramites', 'MOVIMIENTO')":{"('0120-S-2011', 0)":"CONSIDERACION Y APROBACION","('0120-S-2011', 1)":"PASA A DIPUTADOS -"},"('Tramites', 'FECHA')":{"('0120-S-2011', 0)":"31\/08\/2011","('0120-S-2011', 1)":null},"('Tramites', 'RESULTADO')":{"('0120-S-2011', 0)":"MEDIA SANCION","('0120-S-2011', 1)":null},"Link":{"('0120-S-2011', 0)":"https:\/\/www4.hcdn.gob.ar\/dependencias\/dsecretaria\/Periodo2011\/PDF2011\/TP2011\/0120-S-11.pdf","('0120-S-2011', 1)":null},"Palabra Clave":{"('0120-S-2011', 0)":" ","('0120-S-2011', 1)":null}}