{"Tipo de Proyecto":{"('0121-S-2011', 0)":"PROYECTO DE LEY","('0121-S-2011', 1)":null,"('0121-S-2011', 2)":null,"('0121-S-2011', 3)":null,"('0121-S-2011', 4)":null},"Iniciado en: ":{"('0121-S-2011', 0)":"Senado","('0121-S-2011', 1)":null,"('0121-S-2011', 2)":null,"('0121-S-2011', 3)":null,"('0121-S-2011', 4)":null},"Expediente Diputados: ":{"('0121-S-2011', 0)":"0121-S-2011","('0121-S-2011', 1)":null,"('0121-S-2011', 2)":null,"('0121-S-2011', 3)":null,"('0121-S-2011', 4)":null},"Expediente Senado: ":{"('0121-S-2011', 0)":"0916-S-2011","('0121-S-2011', 1)":null,"('0121-S-2011', 2)":null,"('0121-S-2011', 3)":null,"('0121-S-2011', 4)":null},"Publicado en: ":{"('0121-S-2011', 0)":"Diario de Asuntos Entrados N\u00b0 49","('0121-S-2011', 1)":null,"('0121-S-2011', 2)":null,"('0121-S-2011', 3)":null,"('0121-S-2011', 4)":null},"Fecha: ":{"('0121-S-2011', 0)":"03\/05\/2011","('0121-S-2011', 1)":null,"('0121-S-2011', 2)":null,"('0121-S-2011', 3)":null,"('0121-S-2011', 4)":null},"T\u00edtulo":{"('0121-S-2011', 0)":"DECLARAR EL 9 DE JUNIO DE CADA A\u00d1O COMO DIA NACIONAL DEL DESARROLLO CIENTIFICO Y TECNOLOGICO ESPACIAL.","('0121-S-2011', 1)":null,"('0121-S-2011', 2)":null,"('0121-S-2011', 3)":null,"('0121-S-2011', 4)":null},"('Firmantes', 'FIRMANTE')":{"('0121-S-2011', 0)":"VERANI, PABLO","('0121-S-2011', 1)":null,"('0121-S-2011', 2)":null,"('0121-S-2011', 3)":null,"('0121-S-2011', 4)":null},"('Firmantes', 'DISTRITO')":{"('0121-S-2011', 0)":"RIO NEGRO","('0121-S-2011', 1)":null,"('0121-S-2011', 2)":null,"('0121-S-2011', 3)":null,"('0121-S-2011', 4)":null},"('Firmantes', 'BLOQUE')":{"('0121-S-2011', 0)":"UCR","('0121-S-2011', 1)":null,"('0121-S-2011', 2)":null,"('0121-S-2011', 3)":null,"('0121-S-2011', 4)":null},"('Giros', 'COMISI\u00d3N')":{"('0121-S-2011', 0)":"CIENCIA Y TECNOLOGIA","('0121-S-2011', 1)":"LEGISLACION GENERAL","('0121-S-2011', 2)":null,"('0121-S-2011', 3)":null,"('0121-S-2011', 4)":null},"('Tramites', 'C\u00c1MARA')":{"('0121-S-2011', 0)":"Senado","('0121-S-2011', 1)":"Diputados","('0121-S-2011', 2)":"Diputados","('0121-S-2011', 3)":"Senado","('0121-S-2011', 4)":"Senado"},"('Tramites', 'MOVIMIENTO')":{"('0121-S-2011', 0)":"CONSIDERACION Y APROBACION","('0121-S-2011', 1)":"PASA A DIPUTADOS -","('0121-S-2011', 2)":"CONSIDERACION Y APROBACION","('0121-S-2011', 3)":"VUELVE A SENADO -","('0121-S-2011', 4)":"CONSIDERACION Y SANCION (ACEPTACION DE MODIFICACIONES INTRODUCIDAS POR LA H CAMARA DE DIPUTADOS)"},"('Tramites', 'FECHA')":{"('0121-S-2011', 0)":"31\/08\/2011","('0121-S-2011', 1)":null,"('0121-S-2011', 2)":"08\/08\/2012","('0121-S-2011', 3)":null,"('0121-S-2011', 4)":"14\/11\/2012"},"('Tramites', 'RESULTADO')":{"('0121-S-2011', 0)":"MEDIA SANCION","('0121-S-2011', 1)":null,"('0121-S-2011', 2)":"MEDIA SANCION","('0121-S-2011', 3)":null,"('0121-S-2011', 4)":"SANCIONADO"},"Sumario":{"('0121-S-2011', 0)":"DESIGNAR A LA PROVINCIA DE RIO NEGRO Y EN ELLA A LA EMPRESA ESTATAL INVAP COMO LA SEDE DONDE SE CENTRALICEN LOS ACTOS DE CONMEMORACION DE DICHO DIA.","('0121-S-2011', 1)":null,"('0121-S-2011', 2)":null,"('0121-S-2011', 3)":null,"('0121-S-2011', 4)":null},"Palabra Clave":{"('0121-S-2011', 0)":" ","('0121-S-2011', 1)":null,"('0121-S-2011', 2)":null,"('0121-S-2011', 3)":null,"('0121-S-2011', 4)":null}}