{"Tipo de Proyecto":{"('0122-S-2011', 0)":"PROYECTO DE LEY","('0122-S-2011', 1)":null,"('0122-S-2011', 2)":null},"Iniciado en: ":{"('0122-S-2011', 0)":"Senado","('0122-S-2011', 1)":null,"('0122-S-2011', 2)":null},"Expediente Diputados: ":{"('0122-S-2011', 0)":"0122-S-2011","('0122-S-2011', 1)":null,"('0122-S-2011', 2)":null},"Expediente Senado: ":{"('0122-S-2011', 0)":"0558-S-2011","('0122-S-2011', 1)":null,"('0122-S-2011', 2)":null},"Publicado en: ":{"('0122-S-2011', 0)":"Diario de Asuntos Entrados N\u00b0 30","('0122-S-2011', 1)":null,"('0122-S-2011', 2)":null},"Fecha: ":{"('0122-S-2011', 0)":"30\/03\/2011","('0122-S-2011', 1)":null,"('0122-S-2011', 2)":null},"T\u00edtulo":{"('0122-S-2011', 0)":"REGIMEN DE LA CUENTA BASICA DE AHORROS GRATUITA.","('0122-S-2011', 1)":null,"('0122-S-2011', 2)":null},"('Firmantes', 'FIRMANTE')":{"('0122-S-2011', 0)":"MONTERO, LAURA GISELA","('0122-S-2011', 1)":null,"('0122-S-2011', 2)":null},"('Firmantes', 'DISTRITO')":{"('0122-S-2011', 0)":"MENDOZA","('0122-S-2011', 1)":null,"('0122-S-2011', 2)":null},"('Firmantes', 'BLOQUE')":{"('0122-S-2011', 0)":"UCR","('0122-S-2011', 1)":null,"('0122-S-2011', 2)":null},"('Giros', 'COMISI\u00d3N')":{"('0122-S-2011', 0)":"PRESUPUESTO Y HACIENDA","('0122-S-2011', 1)":"FINANZAS","('0122-S-2011', 2)":null},"('Tramites', 'C\u00c1MARA')":{"('0122-S-2011', 0)":"Senado","('0122-S-2011', 1)":"Senado","('0122-S-2011', 2)":"Diputados"},"('Tramites', 'MOVIMIENTO')":{"('0122-S-2011', 0)":"MOCION DE PREFERENCIA PARA LA PROXIMA SESION (AFIRMATIVA)","('0122-S-2011', 1)":"CONSIDERACION Y APROBACION","('0122-S-2011', 2)":"PASA A DIPUTADOS -"},"('Tramites', 'FECHA')":{"('0122-S-2011', 0)":"01\/06\/2011","('0122-S-2011', 1)":"31\/08\/2011","('0122-S-2011', 2)":null},"('Tramites', 'RESULTADO')":{"('0122-S-2011', 0)":null,"('0122-S-2011', 1)":"MEDIA SANCION","('0122-S-2011', 2)":null},"Sumario":{"('0122-S-2011', 0)":"DEPOSITOS; EXENCION DE CARGOS A LAS OPERACIONES; SE EXIME DE LA APLICACION DEL IMPUESTO ESTABLECIDO EN LA LEY 25413, DE COMPETITIVIDAD, A LA OPERACION DE GESTION DE COBRANZA ORIGINADA EN EL DEPOSITO DE CHEQUES CANCELATORIOS EN UNA CAJA DE AHORROS Y\/O CUENTA CORRIENTE CUYO TITULAR SEA UNA PERSONA FISICA.","('0122-S-2011', 1)":null,"('0122-S-2011', 2)":null},"Palabra Clave":{"('0122-S-2011', 0)":" ","('0122-S-2011', 1)":null,"('0122-S-2011', 2)":null}}