{"Tipo de Proyecto":{"('0123-S-2011', 0)":"COMUNICACION"},"Iniciado en: ":{"('0123-S-2011', 0)":"Senado"},"Expediente Senado: ":{"('0123-S-2011', 0)":"0123-S-2011"},"Publicado en: ":{"('0123-S-2011', 0)":"Diario de Asuntos Entrados N\u00b0 7"},"Fecha: ":{"('0123-S-2011', 0)":"03\/03\/2011"},"T\u00edtulo":{"('0123-S-2011', 0)":"PEDIDO DE INFORMES AL PODER EJECUTIVO INFORME SOBRE DIVERSOS PUNTOS RELACIONADOS CON EL PROGRAMA FEDERAL DE SALUD."},"('Firmantes', 'FIRMANTE')":{"('0123-S-2011', 0)":"BASUALDO, ROBERTO GUSTAVO"},"('Firmantes', 'DISTRITO')":{"('0123-S-2011', 0)":"SAN JUAN"},"('Firmantes', 'BLOQUE')":{"('0123-S-2011', 0)":"PRODUCCION Y TRABAJO"},"Link":{"('0123-S-2011', 0)":"http:\/\/www.senado.gov.ar\/parlamentario\/comisiones\/verExp\/123.11\/S\/PC"},"Palabra Clave":{"('0123-S-2011', 0)":" "}}