{"Tipo de Proyecto":{"('0124-S-2011', 0)":"COMUNICACION"},"Iniciado en: ":{"('0124-S-2011', 0)":"Senado"},"Expediente Senado: ":{"('0124-S-2011', 0)":"0124-S-2011"},"Publicado en: ":{"('0124-S-2011', 0)":"Diario de Asuntos Entrados N\u00b0 7"},"Fecha: ":{"('0124-S-2011', 0)":"03\/03\/2011"},"T\u00edtulo":{"('0124-S-2011', 0)":"SOLICITAR AL PODER EJECUTIVO INCORPORE AL CALENDARIO ESCOLAR, LA FIGURA Y TRAYECTORIA DEL CORONEL JOSE ANTONIO VIRASORO."},"('Firmantes', 'FIRMANTE')":{"('0124-S-2011', 0)":"BASUALDO, ROBERTO GUSTAVO"},"('Firmantes', 'DISTRITO')":{"('0124-S-2011', 0)":"SAN JUAN"},"('Firmantes', 'BLOQUE')":{"('0124-S-2011', 0)":"PRODUCCION Y TRABAJO"},"Link":{"('0124-S-2011', 0)":"http:\/\/www.senado.gov.ar\/parlamentario\/comisiones\/verExp\/124.11\/S\/PC"},"Palabra Clave":{"('0124-S-2011', 0)":" "}}