{"Tipo de Proyecto":{"('0127-S-2011', 0)":"COMUNICACION"},"Iniciado en: ":{"('0127-S-2011', 0)":"Senado"},"Expediente Senado: ":{"('0127-S-2011', 0)":"0127-S-2011"},"Publicado en: ":{"('0127-S-2011', 0)":"Diario de Asuntos Entrados N\u00b0 7"},"Fecha: ":{"('0127-S-2011', 0)":"03\/03\/2011"},"T\u00edtulo":{"('0127-S-2011', 0)":"PEDIDO DE INFORMES AL PODER EJECUTIVO SOBRE DIVERSOS PUNTOS ACERCA DE LA PUBLICIDAD OFICIAL."},"('Firmantes', 'FIRMANTE')":{"('0127-S-2011', 0)":"BASUALDO, ROBERTO GUSTAVO"},"('Firmantes', 'DISTRITO')":{"('0127-S-2011', 0)":"SAN JUAN"},"('Firmantes', 'BLOQUE')":{"('0127-S-2011', 0)":"PRODUCCION Y TRABAJO"},"Link":{"('0127-S-2011', 0)":"http:\/\/www.senado.gov.ar\/parlamentario\/comisiones\/verExp\/127.11\/S\/PC"},"Palabra Clave":{"('0127-S-2011', 0)":" "}}