{"Tipo de Proyecto":{"('0127-D-2011', 0)":"PROYECTO DE RESOLUCI\u00d3N"},"Iniciado en: ":{"('0127-D-2011', 0)":"Diputados"},"Expediente Diputados: ":{"('0127-D-2011', 0)":"0127-D-2011"},"Publicado en: ":{"('0127-D-2011', 0)":"Tr\u00e1mite Parlamentario N\u00b0 2"},"Fecha: ":{"('0127-D-2011', 0)":"02\/03\/2011"},"T\u00edtulo":{"('0127-D-2011', 0)":"EXPRESAR BENEPLACITO POR LA XLII EDICION DE LA FIESTA NACIONAL DEL QUESO, REALIZADA DEL 17 AL 20 DE FEBRERO DE 2011 EN TAFI DEL VALLE, PROVINCIA DE TUCUMAN."},"('Firmantes', 'FIRMANTE')":{"('0127-D-2011', 0)":"SALIM, JUAN ARTURO"},"('Firmantes', 'DISTRITO')":{"('0127-D-2011', 0)":"TUCUMAN"},"('Firmantes', 'BLOQUE')":{"('0127-D-2011', 0)":"FRENTE PARA LA VICTORIA - PJ"},"('Giros', 'COMISI\u00d3N')":{"('0127-D-2011', 0)":"CULTURA"},"('Tramites', 'C\u00c1MARA')":{"('0127-D-2011', 0)":"Diputados"},"('Tramites', 'MOVIMIENTO')":{"('0127-D-2011', 0)":"APROBACION ARTICULO 114 DEL REGLAMENTO DE LA H CAMARA DE DIPUTADOS; COMUNICADO EL 17\/08\/2011"},"('Tramites', 'FECHA')":{"('0127-D-2011', 0)":null},"('Tramites', 'RESULTADO')":{"('0127-D-2011', 0)":"APROBADO"},"Link":{"('0127-D-2011', 0)":"https:\/\/www.hcdn.gob.ar\/proyectos\/textoCompleto.jsp?exp=0127-D-2011&tipo=RESOLUCION"},"Palabra Clave":{"('0127-D-2011', 0)":" "}}