{"Tipo de Proyecto":{"('0128-D-2011', 0)":"PROYECTO DE RESOLUCI\u00d3N"},"Iniciado en: ":{"('0128-D-2011', 0)":"Diputados"},"Expediente Diputados: ":{"('0128-D-2011', 0)":"0128-D-2011"},"Publicado en: ":{"('0128-D-2011', 0)":"Tr\u00e1mite Parlamentario N\u00b0 2"},"Fecha: ":{"('0128-D-2011', 0)":"02\/03\/2011"},"T\u00edtulo":{"('0128-D-2011', 0)":"EXPRESAR BENEPLACITO POR LA EDICION DE LA FIESTA NACIONAL DEL SOL, REALIZADA DEL 22 AL 26 DE FEBRERO DE 2011 EN LA CIUDAD CAPITAL DE LA PROVINCIA DE SAN JUAN."},"('Firmantes', 'FIRMANTE')":{"('0128-D-2011', 0)":"SALIM, JUAN ARTURO"},"('Firmantes', 'DISTRITO')":{"('0128-D-2011', 0)":"TUCUMAN"},"('Firmantes', 'BLOQUE')":{"('0128-D-2011', 0)":"FRENTE PARA LA VICTORIA - PJ"},"('Giros', 'COMISI\u00d3N')":{"('0128-D-2011', 0)":"CULTURA"},"('Tramites', 'C\u00c1MARA')":{"('0128-D-2011', 0)":"Diputados"},"('Tramites', 'MOVIMIENTO')":{"('0128-D-2011', 0)":"APROBACION ARTICULO 114 DEL REGLAMENTO DE LA H CAMARA DE DIPUTADOS; COMUNICADO EL 17\/08\/2011"},"('Tramites', 'FECHA')":{"('0128-D-2011', 0)":null},"('Tramites', 'RESULTADO')":{"('0128-D-2011', 0)":"APROBADO"},"Link":{"('0128-D-2011', 0)":"https:\/\/www.hcdn.gob.ar\/proyectos\/textoCompleto.jsp?exp=0128-D-2011&tipo=RESOLUCION"},"Palabra Clave":{"('0128-D-2011', 0)":" "}}