{"Tipo de Proyecto":{"('0128-OV-2011', 0)":"PROYECTO DE RESOLUCI\u00d3N"},"Iniciado en: ":{"('0128-OV-2011', 0)":"Senado"},"Expediente Senado: ":{"('0128-OV-2011', 0)":"0128-OV-2011"},"Fecha: ":{"('0128-OV-2011', 0)":"26\/04\/2012"},"T\u00edtulo":{"('0128-OV-2011', 0)":"PEDIDO DE INFORMES AL PODER EJECUTIVO SOBRE LAS MEDIDAS ADOPTADAS PARA REGULARIZAR LAS OBSERVACIONES FORMULADAS POR LA AUDITORIA GENERAL DE LA NACION, RESOLUCION 84\/11; SOBRE EL INFORME REFERIDO A EVALUAR LA GESTION DESARROLLADA POR LA DIRECCION NACIONAL DE ARQUITECTURA CON RELACION AL PROGRAMA 25, \"EJECUCION DE OBRAS DE ARQUITECTURA\", PARA LOS EJERCICIO 2007 Y 2008."},"('Firmantes', 'FIRMANTE')":{"('0128-OV-2011', 0)":"PARLAMENTARIA MIXTA REVISORA DE CUENTAS"},"('Firmantes', 'DISTRITO')":{"('0128-OV-2011', 0)":null},"('Firmantes', 'BLOQUE')":{"('0128-OV-2011', 0)":null},"('Tramites', 'C\u00c1MARA')":{"('0128-OV-2011', 0)":"Senado"},"('Tramites', 'MOVIMIENTO')":{"('0128-OV-2011', 0)":"CONSIDERACION Y APROBACION"},"('Tramites', 'FECHA')":{"('0128-OV-2011', 0)":"11\/07\/2012"},"('Tramites', 'RESULTADO')":{"('0128-OV-2011', 0)":"APROBADO"},"Link":{"('0128-OV-2011', 0)":"http:\/\/www.senado.gov.ar\/parlamentario\/comisiones\/verExp\/128.11\/OV\/PR"},"Palabra Clave":{"('0128-OV-2011', 0)":" "}}