{"Tipo de Proyecto":{"('0130-D-2011', 0)":"PROYECTO DE LEY","('0130-D-2011', 1)":null,"('0130-D-2011', 2)":null,"('0130-D-2011', 3)":null},"Iniciado en: ":{"('0130-D-2011', 0)":"Diputados","('0130-D-2011', 1)":null,"('0130-D-2011', 2)":null,"('0130-D-2011', 3)":null},"Expediente Diputados: ":{"('0130-D-2011', 0)":"0130-D-2011","('0130-D-2011', 1)":null,"('0130-D-2011', 2)":null,"('0130-D-2011', 3)":null},"Publicado en: ":{"('0130-D-2011', 0)":"Tr\u00e1mite Parlamentario N\u00b0 2","('0130-D-2011', 1)":null,"('0130-D-2011', 2)":null,"('0130-D-2011', 3)":null},"Fecha: ":{"('0130-D-2011', 0)":"02\/03\/2011","('0130-D-2011', 1)":null,"('0130-D-2011', 2)":null,"('0130-D-2011', 3)":null},"T\u00edtulo":{"('0130-D-2011', 0)":"REFORMA INTEGRAL DEL INSTITUTO NACIONAL DE ESTADISTICA Y CENSOS - INDEC -; DEROGACION DE LA LEY 17622 Y LOS DECRETOS 3110\/70 (REGLAMENTARIO) Y 927\/09 (TRANSFERENCIA AL PRIMER NIVEL OPERATIVO DEL MINISTERIO DE ECONOMIA Y FINANZAS PUBLICAS (REPRODUCCION DEL EXPEDIENTE 6074-D-09).","('0130-D-2011', 1)":null,"('0130-D-2011', 2)":null,"('0130-D-2011', 3)":null},"('Firmantes', 'FIRMANTE')":{"('0130-D-2011', 0)":"MILMAN, GERARDO FABIAN","('0130-D-2011', 1)":null,"('0130-D-2011', 2)":null,"('0130-D-2011', 3)":null},"('Firmantes', 'DISTRITO')":{"('0130-D-2011', 0)":"BUENOS AIRES","('0130-D-2011', 1)":null,"('0130-D-2011', 2)":null,"('0130-D-2011', 3)":null},"('Firmantes', 'BLOQUE')":{"('0130-D-2011', 0)":"GEN","('0130-D-2011', 1)":null,"('0130-D-2011', 2)":null,"('0130-D-2011', 3)":null},"('Giros', 'COMISI\u00d3N')":{"('0130-D-2011', 0)":"POBLACION Y DESARROLLO HUMANO","('0130-D-2011', 1)":"LEGISLACION DEL TRABAJO","('0130-D-2011', 2)":"PETICIONES, PODERES Y REGLAMENTO","('0130-D-2011', 3)":"PRESUPUESTO Y HACIENDA"},"Sumario":{"('0130-D-2011', 0)":"DISPOSICIONES GENERALES: ORGANISMO AUTARQUICO, INSTITUIDO EN EL AMBITO DE PRESIDENCIA DE LA NACION; INTEGRACION DEL SISTEMA ESTADISTICO NACIONAL; FUNCIONES; PRESUPUESTO; PROGRAMA ANUAL DE ESTADISTICAS Y CENSOS; CENSOS NACIONALES; SECRETO ESTADISTICO; INFRACCIONES; DIRECTORIO DEL INDEC; CONSEJO FEDERAL ASESOR DEL INDEC (COFAI); PERSONAL; CURSOS Y BECAS; PUBLICACIONES E INFORMES;","('0130-D-2011', 1)":null,"('0130-D-2011', 2)":null,"('0130-D-2011', 3)":null},"Palabra Clave":{"('0130-D-2011', 0)":" ","('0130-D-2011', 1)":null,"('0130-D-2011', 2)":null,"('0130-D-2011', 3)":null}}