{"Tipo de Proyecto":{"('0131-S-2011', 0)":"COMUNICACION","('0131-S-2011', 1)":null},"Iniciado en: ":{"('0131-S-2011', 0)":"Senado","('0131-S-2011', 1)":null},"Expediente Senado: ":{"('0131-S-2011', 0)":"0131-S-2011","('0131-S-2011', 1)":null},"Publicado en: ":{"('0131-S-2011', 0)":"Diario de Asuntos Entrados N\u00b0 9","('0131-S-2011', 1)":null},"Fecha: ":{"('0131-S-2011', 0)":"03\/03\/2011","('0131-S-2011', 1)":null},"T\u00edtulo":{"('0131-S-2011', 0)":"PEDIDO DE INFORMES AL PODER EJECUTIVO SOBRE EL ESTADO DE UNA LINEA DE CREDITOS HIPOTECARIOS DEL BANCO NACION DENOMINADOS : CREDITOS HIPOTECARIOS NACION \"CASA PROPIA\".","('0131-S-2011', 1)":null},"('Firmantes', 'FIRMANTE')":{"('0131-S-2011', 0)":"BASUALDO, ROBERTO GUSTAVO","('0131-S-2011', 1)":null},"('Firmantes', 'DISTRITO')":{"('0131-S-2011', 0)":"SAN JUAN","('0131-S-2011', 1)":null},"('Firmantes', 'BLOQUE')":{"('0131-S-2011', 0)":"PRODUCCION Y TRABAJO","('0131-S-2011', 1)":null},"('Tramites', 'C\u00c1MARA')":{"('0131-S-2011', 0)":"Senado","('0131-S-2011', 1)":"Senado"},"('Tramites', 'MOVIMIENTO')":{"('0131-S-2011', 0)":"CONSIDERACION Y APROBACION","('0131-S-2011', 1)":"CONTESTACION DEL PODER EJECUTIVO NACIONAL - GIRADO A LA COMISION RESPECTIVA"},"('Tramites', 'FECHA')":{"('0131-S-2011', 0)":"04\/05\/2011","('0131-S-2011', 1)":"14\/12\/2011"},"('Tramites', 'RESULTADO')":{"('0131-S-2011', 0)":"APROBADO","('0131-S-2011', 1)":null},"Link":{"('0131-S-2011', 0)":"http:\/\/www.senado.gov.ar\/parlamentario\/comisiones\/verExp\/131.11\/S\/PC","('0131-S-2011', 1)":null},"Palabra Clave":{"('0131-S-2011', 0)":" ","('0131-S-2011', 1)":null}}