{"Tipo de Proyecto":{"('0132-D-2011', 0)":"PROYECTO DE LEY","('0132-D-2011', 1)":null},"Iniciado en: ":{"('0132-D-2011', 0)":"Diputados","('0132-D-2011', 1)":null},"Expediente Diputados: ":{"('0132-D-2011', 0)":"0132-D-2011","('0132-D-2011', 1)":null},"Publicado en: ":{"('0132-D-2011', 0)":"Tr\u00e1mite Parlamentario N\u00b0 2","('0132-D-2011', 1)":null},"Fecha: ":{"('0132-D-2011', 0)":"02\/03\/2011","('0132-D-2011', 1)":null},"T\u00edtulo":{"('0132-D-2011', 0)":"MODIFICACION DEL ARTICULO 37 DE LA LEY 24156 DE ADMINISTRACION FINANCIERA Y DE LOS SISTEMAS DE CONTROL DEL SECTOR PUBLICO NACIONAL, SOBRE REESTRUCTURACION DE PARTIDAS PRESUPUESTARIAS (REPRODUCCION DEL EXPEDIENTE 6198-D-09).","('0132-D-2011', 1)":null},"('Firmantes', 'FIRMANTE')":{"('0132-D-2011', 0)":"MILMAN, GERARDO FABIAN","('0132-D-2011', 1)":null},"('Firmantes', 'DISTRITO')":{"('0132-D-2011', 0)":"BUENOS AIRES","('0132-D-2011', 1)":null},"('Firmantes', 'BLOQUE')":{"('0132-D-2011', 0)":"GEN","('0132-D-2011', 1)":null},"('Giros', 'COMISI\u00d3N')":{"('0132-D-2011', 0)":"PRESUPUESTO Y HACIENDA","('0132-D-2011', 1)":"ASUNTOS CONSTITUCIONALES"},"Palabra Clave":{"('0132-D-2011', 0)":" ","('0132-D-2011', 1)":null}}