{"Tipo de Proyecto":{"('0133-S-2011', 0)":"PROYECTO DE DECLARACI\u00d3N","('0133-S-2011', 1)":null},"Iniciado en: ":{"('0133-S-2011', 0)":"Senado","('0133-S-2011', 1)":null},"Expediente Senado: ":{"('0133-S-2011', 0)":"0133-S-2011","('0133-S-2011', 1)":null},"Publicado en: ":{"('0133-S-2011', 0)":"Diario de Asuntos Entrados N\u00b0 9","('0133-S-2011', 1)":null},"Fecha: ":{"('0133-S-2011', 0)":"03\/03\/2011","('0133-S-2011', 1)":null},"T\u00edtulo":{"('0133-S-2011', 0)":"ADHERIR AL ANIVERSARIO DEL NATALICIO DE DOMINGO FAUSTINO SARMIENTO, EL 15 DE FEBRERO PASADO.","('0133-S-2011', 1)":null},"('Firmantes', 'FIRMANTE')":{"('0133-S-2011', 0)":"BASUALDO, ROBERTO GUSTAVO","('0133-S-2011', 1)":null},"('Firmantes', 'DISTRITO')":{"('0133-S-2011', 0)":"SAN JUAN","('0133-S-2011', 1)":null},"('Firmantes', 'BLOQUE')":{"('0133-S-2011', 0)":"PRODUCCION Y TRABAJO","('0133-S-2011', 1)":null},"('Tramites', 'C\u00c1MARA')":{"('0133-S-2011', 0)":"Senado","('0133-S-2011', 1)":"Senado"},"('Tramites', 'MOVIMIENTO')":{"('0133-S-2011', 0)":"MOCION SOBRE TABLAS (AFIRMATIVA)","('0133-S-2011', 1)":"CONSIDERACION Y APROBACION"},"('Tramites', 'FECHA')":{"('0133-S-2011', 0)":"16\/03\/2011","('0133-S-2011', 1)":"16\/03\/2011"},"('Tramites', 'RESULTADO')":{"('0133-S-2011', 0)":null,"('0133-S-2011', 1)":"APROBADO"},"Link":{"('0133-S-2011', 0)":"http:\/\/www.senado.gov.ar\/parlamentario\/comisiones\/verExp\/133.11\/S\/PD","('0133-S-2011', 1)":null},"Palabra Clave":{"('0133-S-2011', 0)":" ","('0133-S-2011', 1)":null}}