{"Tipo de Proyecto":{"('0133-D-2011', 0)":"PROYECTO DE RESOLUCI\u00d3N"},"Iniciado en: ":{"('0133-D-2011', 0)":"Diputados"},"Expediente Diputados: ":{"('0133-D-2011', 0)":"0133-D-2011"},"Publicado en: ":{"('0133-D-2011', 0)":"Tr\u00e1mite Parlamentario N\u00b0 2"},"Fecha: ":{"('0133-D-2011', 0)":"02\/03\/2011"},"T\u00edtulo":{"('0133-D-2011', 0)":"PEDIDO DE INFORMES AL PODER EJECUTIVO SOBRE DIVERSAS CUESTIONES RELACIONADAS CON EL OTORGAMIENTO DE UN CREDITO DEL BANCO MUNDIAL DESEMBOLSADO EN EL A\u00d1O 1996."},"('Firmantes', 'FIRMANTE')":{"('0133-D-2011', 0)":"COMI, CARLOS MARCELO"},"('Firmantes', 'DISTRITO')":{"('0133-D-2011', 0)":"SANTA FE"},"('Firmantes', 'BLOQUE')":{"('0133-D-2011', 0)":"COALICION CIVICA"},"('Giros', 'COMISI\u00d3N')":{"('0133-D-2011', 0)":"PRESUPUESTO Y HACIENDA"},"Link":{"('0133-D-2011', 0)":"https:\/\/www.hcdn.gob.ar\/proyectos\/textoCompleto.jsp?exp=0133-D-2011&tipo=RESOLUCION"},"Palabra Clave":{"('0133-D-2011', 0)":" "}}