{"Tipo de Proyecto":{"('0134-S-2011', 0)":"PROYECTO DE RESOLUCI\u00d3N","('0134-S-2011', 1)":null,"('0134-S-2011', 2)":null,"('0134-S-2011', 3)":null,"('0134-S-2011', 4)":null,"('0134-S-2011', 5)":null,"('0134-S-2011', 6)":null,"('0134-S-2011', 7)":null,"('0134-S-2011', 8)":null,"('0134-S-2011', 9)":null,"('0134-S-2011', 10)":null,"('0134-S-2011', 11)":null,"('0134-S-2011', 12)":null,"('0134-S-2011', 13)":null,"('0134-S-2011', 14)":null,"('0134-S-2011', 15)":null},"Iniciado en: ":{"('0134-S-2011', 0)":"Senado","('0134-S-2011', 1)":null,"('0134-S-2011', 2)":null,"('0134-S-2011', 3)":null,"('0134-S-2011', 4)":null,"('0134-S-2011', 5)":null,"('0134-S-2011', 6)":null,"('0134-S-2011', 7)":null,"('0134-S-2011', 8)":null,"('0134-S-2011', 9)":null,"('0134-S-2011', 10)":null,"('0134-S-2011', 11)":null,"('0134-S-2011', 12)":null,"('0134-S-2011', 13)":null,"('0134-S-2011', 14)":null,"('0134-S-2011', 15)":null},"Expediente Diputados: ":{"('0134-S-2011', 0)":"0134-S-2011","('0134-S-2011', 1)":null,"('0134-S-2011', 2)":null,"('0134-S-2011', 3)":null,"('0134-S-2011', 4)":null,"('0134-S-2011', 5)":null,"('0134-S-2011', 6)":null,"('0134-S-2011', 7)":null,"('0134-S-2011', 8)":null,"('0134-S-2011', 9)":null,"('0134-S-2011', 10)":null,"('0134-S-2011', 11)":null,"('0134-S-2011', 12)":null,"('0134-S-2011', 13)":null,"('0134-S-2011', 14)":null,"('0134-S-2011', 15)":null},"Expediente Senado: ":{"('0134-S-2011', 0)":"2345-S-2011","('0134-S-2011', 1)":null,"('0134-S-2011', 2)":null,"('0134-S-2011', 3)":null,"('0134-S-2011', 4)":null,"('0134-S-2011', 5)":null,"('0134-S-2011', 6)":null,"('0134-S-2011', 7)":null,"('0134-S-2011', 8)":null,"('0134-S-2011', 9)":null,"('0134-S-2011', 10)":null,"('0134-S-2011', 11)":null,"('0134-S-2011', 12)":null,"('0134-S-2011', 13)":null,"('0134-S-2011', 14)":null,"('0134-S-2011', 15)":null},"Publicado en: ":{"('0134-S-2011', 0)":"Diario de Asuntos Entrados N\u00b0 130","('0134-S-2011', 1)":null,"('0134-S-2011', 2)":null,"('0134-S-2011', 3)":null,"('0134-S-2011', 4)":null,"('0134-S-2011', 5)":null,"('0134-S-2011', 6)":null,"('0134-S-2011', 7)":null,"('0134-S-2011', 8)":null,"('0134-S-2011', 9)":null,"('0134-S-2011', 10)":null,"('0134-S-2011', 11)":null,"('0134-S-2011', 12)":null,"('0134-S-2011', 13)":null,"('0134-S-2011', 14)":null,"('0134-S-2011', 15)":null},"Fecha: ":{"('0134-S-2011', 0)":"23\/09\/2011","('0134-S-2011', 1)":null,"('0134-S-2011', 2)":null,"('0134-S-2011', 3)":null,"('0134-S-2011', 4)":null,"('0134-S-2011', 5)":null,"('0134-S-2011', 6)":null,"('0134-S-2011', 7)":null,"('0134-S-2011', 8)":null,"('0134-S-2011', 9)":null,"('0134-S-2011', 10)":null,"('0134-S-2011', 11)":null,"('0134-S-2011', 12)":null,"('0134-S-2011', 13)":null,"('0134-S-2011', 14)":null,"('0134-S-2011', 15)":null},"T\u00edtulo":{"('0134-S-2011', 0)":"DISPONER ASUETO ADMINISTRATIVO EN EL AMBITO DEL CONGRESO DE LA NACION, EL DIA 11 DE NOVIEMBRE DE CADA A\u00d1O, DIA DEL TRABAJADOR LEGISLATIVO.","('0134-S-2011', 1)":null,"('0134-S-2011', 2)":null,"('0134-S-2011', 3)":null,"('0134-S-2011', 4)":null,"('0134-S-2011', 5)":null,"('0134-S-2011', 6)":null,"('0134-S-2011', 7)":null,"('0134-S-2011', 8)":null,"('0134-S-2011', 9)":null,"('0134-S-2011', 10)":null,"('0134-S-2011', 11)":null,"('0134-S-2011', 12)":null,"('0134-S-2011', 13)":null,"('0134-S-2011', 14)":null,"('0134-S-2011', 15)":null},"('Firmantes', 'FIRMANTE')":{"('0134-S-2011', 0)":"MORALES, GERARDO RUBEN","('0134-S-2011', 1)":"SANZ, ERNESTO RICARDO","('0134-S-2011', 2)":"VERA, ARTURO","('0134-S-2011', 3)":"VERANI, PABLO","('0134-S-2011', 4)":"MONTERO, LAURA GISELA","('0134-S-2011', 5)":"CIMADEVILLA, MARIO JORGE","('0134-S-2011', 6)":"NIKISCH, ROY ABELARDO","('0134-S-2011', 7)":"CASTILLO, OSCAR ANIBAL","('0134-S-2011', 8)":"MARINO, JUAN CARLOS","('0134-S-2011', 9)":"ARTAZA, EUGENIO JUSTINIANO","('0134-S-2011', 10)":"MARTINEZ, ALFREDO ANSELMO","('0134-S-2011', 11)":"CANO, JOSE MANUEL","('0134-S-2011', 12)":"MONLLAU, BLANCA MARIA DEL VALLE","('0134-S-2011', 13)":"NEGRE DE ALONSO, LILIANA T.","('0134-S-2011', 14)":"BASUALDO, ROBERTO GUSTAVO","('0134-S-2011', 15)":"GONZALEZ DE DUHALDE, HILDA"},"('Firmantes', 'DISTRITO')":{"('0134-S-2011', 0)":"JUJUY","('0134-S-2011', 1)":"MENDOZA","('0134-S-2011', 2)":"ENTRE RIOS","('0134-S-2011', 3)":"RIO NEGRO","('0134-S-2011', 4)":"MENDOZA","('0134-S-2011', 5)":"CHUBUT","('0134-S-2011', 6)":"CHACO","('0134-S-2011', 7)":"CATAMARCA","('0134-S-2011', 8)":"LA PAMPA","('0134-S-2011', 9)":"CORRIENTES","('0134-S-2011', 10)":"SANTA CRUZ","('0134-S-2011', 11)":"TUCUMAN","('0134-S-2011', 12)":"CATAMARCA","('0134-S-2011', 13)":"SAN LUIS","('0134-S-2011', 14)":"SAN JUAN","('0134-S-2011', 15)":"BUENOS AIRES"},"('Firmantes', 'BLOQUE')":{"('0134-S-2011', 0)":"UCR","('0134-S-2011', 1)":"UCR","('0134-S-2011', 2)":"UCR","('0134-S-2011', 3)":"UCR","('0134-S-2011', 4)":"UCR","('0134-S-2011', 5)":"UCR","('0134-S-2011', 6)":"UCR","('0134-S-2011', 7)":"FRENTE CIVICO Y SOCIAL DE CATAMARCA","('0134-S-2011', 8)":"UCR","('0134-S-2011', 9)":"UCR","('0134-S-2011', 10)":"UCR","('0134-S-2011', 11)":"UCR","('0134-S-2011', 12)":"FRENTE CIVICO Y SOCIAL DE CATAMARCA","('0134-S-2011', 13)":"JUSTICIALISTA SAN LUIS","('0134-S-2011', 14)":"PRODUCCION Y TRABAJO","('0134-S-2011', 15)":"JUSTICIALISTA DIALOG AR"},"('Giros', 'COMISI\u00d3N')":{"('0134-S-2011', 0)":"LEGISLACION DEL TRABAJO","('0134-S-2011', 1)":"LEGISLACION GENERAL","('0134-S-2011', 2)":null,"('0134-S-2011', 3)":null,"('0134-S-2011', 4)":null,"('0134-S-2011', 5)":null,"('0134-S-2011', 6)":null,"('0134-S-2011', 7)":null,"('0134-S-2011', 8)":null,"('0134-S-2011', 9)":null,"('0134-S-2011', 10)":null,"('0134-S-2011', 11)":null,"('0134-S-2011', 12)":null,"('0134-S-2011', 13)":null,"('0134-S-2011', 14)":null,"('0134-S-2011', 15)":null},"('Tramites', 'C\u00c1MARA')":{"('0134-S-2011', 0)":"Senado","('0134-S-2011', 1)":"Senado","('0134-S-2011', 2)":"Senado","('0134-S-2011', 3)":"Diputados","('0134-S-2011', 4)":null,"('0134-S-2011', 5)":null,"('0134-S-2011', 6)":null,"('0134-S-2011', 7)":null,"('0134-S-2011', 8)":null,"('0134-S-2011', 9)":null,"('0134-S-2011', 10)":null,"('0134-S-2011', 11)":null,"('0134-S-2011', 12)":null,"('0134-S-2011', 13)":null,"('0134-S-2011', 14)":null,"('0134-S-2011', 15)":null},"('Tramites', 'MOVIMIENTO')":{"('0134-S-2011', 0)":"SOLICITUD DE SER COFIRMANTE DE LOS SENADORES NEGRE DE ALONSO, MONLLAU, GONZALEZ DE DUHALDE, BASUALDO Y CANO (A SUS ANTECEDENTES)","('0134-S-2011', 1)":"MOCION SOBRE TABLAS (AFIRMATIVA)","('0134-S-2011', 2)":"CONSIDERACION Y APROBACION","('0134-S-2011', 3)":"PASA A DIPUTADOS -","('0134-S-2011', 4)":null,"('0134-S-2011', 5)":null,"('0134-S-2011', 6)":null,"('0134-S-2011', 7)":null,"('0134-S-2011', 8)":null,"('0134-S-2011', 9)":null,"('0134-S-2011', 10)":null,"('0134-S-2011', 11)":null,"('0134-S-2011', 12)":null,"('0134-S-2011', 13)":null,"('0134-S-2011', 14)":null,"('0134-S-2011', 15)":null},"('Tramites', 'FECHA')":{"('0134-S-2011', 0)":"02\/11\/2011","('0134-S-2011', 1)":"02\/11\/2011","('0134-S-2011', 2)":"02\/11\/2011","('0134-S-2011', 3)":null,"('0134-S-2011', 4)":null,"('0134-S-2011', 5)":null,"('0134-S-2011', 6)":null,"('0134-S-2011', 7)":null,"('0134-S-2011', 8)":null,"('0134-S-2011', 9)":null,"('0134-S-2011', 10)":null,"('0134-S-2011', 11)":null,"('0134-S-2011', 12)":null,"('0134-S-2011', 13)":null,"('0134-S-2011', 14)":null,"('0134-S-2011', 15)":null},"('Tramites', 'RESULTADO')":{"('0134-S-2011', 0)":null,"('0134-S-2011', 1)":null,"('0134-S-2011', 2)":"APROBADO","('0134-S-2011', 3)":null,"('0134-S-2011', 4)":null,"('0134-S-2011', 5)":null,"('0134-S-2011', 6)":null,"('0134-S-2011', 7)":null,"('0134-S-2011', 8)":null,"('0134-S-2011', 9)":null,"('0134-S-2011', 10)":null,"('0134-S-2011', 11)":null,"('0134-S-2011', 12)":null,"('0134-S-2011', 13)":null,"('0134-S-2011', 14)":null,"('0134-S-2011', 15)":null},"Link":{"('0134-S-2011', 0)":"https:\/\/www4.hcdn.gob.ar\/dependencias\/dsecretaria\/Periodo2011\/PDF2011\/TP2011\/0134-S-11.pdf","('0134-S-2011', 1)":null,"('0134-S-2011', 2)":null,"('0134-S-2011', 3)":null,"('0134-S-2011', 4)":null,"('0134-S-2011', 5)":null,"('0134-S-2011', 6)":null,"('0134-S-2011', 7)":null,"('0134-S-2011', 8)":null,"('0134-S-2011', 9)":null,"('0134-S-2011', 10)":null,"('0134-S-2011', 11)":null,"('0134-S-2011', 12)":null,"('0134-S-2011', 13)":null,"('0134-S-2011', 14)":null,"('0134-S-2011', 15)":null},"Palabra Clave":{"('0134-S-2011', 0)":" ","('0134-S-2011', 1)":null,"('0134-S-2011', 2)":null,"('0134-S-2011', 3)":null,"('0134-S-2011', 4)":null,"('0134-S-2011', 5)":null,"('0134-S-2011', 6)":null,"('0134-S-2011', 7)":null,"('0134-S-2011', 8)":null,"('0134-S-2011', 9)":null,"('0134-S-2011', 10)":null,"('0134-S-2011', 11)":null,"('0134-S-2011', 12)":null,"('0134-S-2011', 13)":null,"('0134-S-2011', 14)":null,"('0134-S-2011', 15)":null}}