{"Tipo de Proyecto":{"('0135-D-2011', 0)":"PROYECTO DE DECLARACI\u00d3N"},"Iniciado en: ":{"('0135-D-2011', 0)":"Diputados"},"Expediente Diputados: ":{"('0135-D-2011', 0)":"0135-D-2011"},"Publicado en: ":{"('0135-D-2011', 0)":"Tr\u00e1mite Parlamentario N\u00b0 2"},"Fecha: ":{"('0135-D-2011', 0)":"02\/03\/2011"},"T\u00edtulo":{"('0135-D-2011', 0)":"ADHERIR A LA CONMEMORACION DEL 90 ANIVERSARIO DE LA CIUDAD DE RIO GRANDE, PROVINCIA DE TIERRA DEL FUEGO ANTARTIDA E ISLAS DEL ATLANTICO SUR, A CELEBRARSE EL 11 DE JULIO DE 2011."},"('Firmantes', 'FIRMANTE')":{"('0135-D-2011', 0)":"FADUL, LILIANA"},"('Firmantes', 'DISTRITO')":{"('0135-D-2011', 0)":"TIERRA DEL FUEGO"},"('Firmantes', 'BLOQUE')":{"('0135-D-2011', 0)":"PARTIDO FEDERAL FUEGUINO"},"('Giros', 'COMISI\u00d3N')":{"('0135-D-2011', 0)":"POBLACION Y DESARROLLO HUMANO"},"('Tramites', 'C\u00c1MARA')":{"('0135-D-2011', 0)":"Diputados"},"('Tramites', 'MOVIMIENTO')":{"('0135-D-2011', 0)":"APROBACION ARTICULO 114 DEL REGLAMENTO DE LA H CAMARA DE DIPUTADOS; COMUNICADO EL 08\/11\/2011"},"('Tramites', 'FECHA')":{"('0135-D-2011', 0)":null},"('Tramites', 'RESULTADO')":{"('0135-D-2011', 0)":"APROBADO"},"Link":{"('0135-D-2011', 0)":"https:\/\/www.hcdn.gob.ar\/proyectos\/textoCompleto.jsp?exp=0135-D-2011&tipo=DECLARACION"},"Palabra Clave":{"('0135-D-2011', 0)":" "}}