{"Tipo de Proyecto":{"('0137-OV-2011', 0)":"PROYECTO DE RESOLUCI\u00d3N","('0137-OV-2011', 1)":null},"Iniciado en: ":{"('0137-OV-2011', 0)":"Senado","('0137-OV-2011', 1)":null},"Expediente Senado: ":{"('0137-OV-2011', 0)":"0137-OV-2011","('0137-OV-2011', 1)":null},"Fecha: ":{"('0137-OV-2011', 0)":"25\/04\/2012","('0137-OV-2011', 1)":null},"T\u00edtulo":{"('0137-OV-2011', 0)":"PEDIDO DE INFORMES AL PODER EJECUTIVO SOBRE LAS MEDIDAS ADOPTADAS PARA REGULARIZAR LAS OBSERVACIONES FORMULADAS POR LA AUDITORIA GENERAL DE LA NACION, RESOLUCION 93\/11; RESPECTO DEL INFORME DE AUDITORIA DE CONTROL DE GESTION AMBIENTAL REALIZADO EN LA SUBSECRETARIA DE RECURSOS HIDRICOS EN RELACION AL SEGUIMIENTO DE LA RESOLUCION 137\/07 AGN, PLAN FEDERAL DE CONTROL DE INUNDACIONES.","('0137-OV-2011', 1)":null},"('Firmantes', 'FIRMANTE')":{"('0137-OV-2011', 0)":"PARLAMENTARIA MIXTA REVISORA DE CUENTAS","('0137-OV-2011', 1)":null},"('Firmantes', 'DISTRITO')":{"('0137-OV-2011', 0)":null,"('0137-OV-2011', 1)":null},"('Firmantes', 'BLOQUE')":{"('0137-OV-2011', 0)":null,"('0137-OV-2011', 1)":null},"('Tramites', 'C\u00c1MARA')":{"('0137-OV-2011', 0)":"Senado","('0137-OV-2011', 1)":"Senado"},"('Tramites', 'MOVIMIENTO')":{"('0137-OV-2011', 0)":"CONSIDERACION Y APROBACION","('0137-OV-2011', 1)":"CONTESTACION DEL PODER EJECUTIVO NACIONAL - GIRADO A LA COMISION RESPECTIVA"},"('Tramites', 'FECHA')":{"('0137-OV-2011', 0)":"11\/07\/2012","('0137-OV-2011', 1)":"30\/04\/2014"},"('Tramites', 'RESULTADO')":{"('0137-OV-2011', 0)":"APROBADO","('0137-OV-2011', 1)":null},"Link":{"('0137-OV-2011', 0)":"http:\/\/www.senado.gov.ar\/parlamentario\/comisiones\/verExp\/137.11\/OV\/PR","('0137-OV-2011', 1)":null},"Palabra Clave":{"('0137-OV-2011', 0)":" ","('0137-OV-2011', 1)":null}}