{"Tipo de Proyecto":{"('0138-D-2011', 0)":"PROYECTO DE DECLARACI\u00d3N"},"Iniciado en: ":{"('0138-D-2011', 0)":"Diputados"},"Expediente Diputados: ":{"('0138-D-2011', 0)":"0138-D-2011"},"Publicado en: ":{"('0138-D-2011', 0)":"Tr\u00e1mite Parlamentario N\u00b0 2"},"Fecha: ":{"('0138-D-2011', 0)":"02\/03\/2011"},"T\u00edtulo":{"('0138-D-2011', 0)":"EXPRESAR BENEPLACITO POR LA DECLARACION DEL MINISTRO DE DEFENSA DE LA REPUBLICA DE BRASIL, NELSON JOBIN, DE NO PRESTAR APOYO A BUQUES QUE TENGAN POR OBJETO AUXILIAR LOGISTICAMENTE A EMPRESAS QUE PRETENDAN REALIZAR O REALICEN EXPLORACIONES O EXPLOTACIONES HIDROCARBURIFERAS EN LAS ISLAS MALVINAS Y SUS ADYACENCIAS."},"('Firmantes', 'FIRMANTE')":{"('0138-D-2011', 0)":"FADUL, LILIANA"},"('Firmantes', 'DISTRITO')":{"('0138-D-2011', 0)":"TIERRA DEL FUEGO"},"('Firmantes', 'BLOQUE')":{"('0138-D-2011', 0)":"PARTIDO FEDERAL FUEGUINO"},"('Giros', 'COMISI\u00d3N')":{"('0138-D-2011', 0)":"RELACIONES EXTERIORES Y CULTO"},"('Tramites', 'C\u00c1MARA')":{"('0138-D-2011', 0)":"Diputados"},"('Tramites', 'MOVIMIENTO')":{"('0138-D-2011', 0)":"APROBACION ARTICULO 114 DEL REGLAMENTO DE LA H CAMARA DE DIPUTADOS; COMUNICADO EL 22\/06\/2011"},"('Tramites', 'FECHA')":{"('0138-D-2011', 0)":null},"('Tramites', 'RESULTADO')":{"('0138-D-2011', 0)":"APROBADO"},"Link":{"('0138-D-2011', 0)":"https:\/\/www.hcdn.gob.ar\/proyectos\/textoCompleto.jsp?exp=0138-D-2011&tipo=DECLARACION"},"Palabra Clave":{"('0138-D-2011', 0)":" "}}