{"Tipo de Proyecto":{"('0139-S-2011', 0)":"PROYECTO DE LEY","('0139-S-2011', 1)":null,"('0139-S-2011', 2)":null},"Iniciado en: ":{"('0139-S-2011', 0)":"Senado","('0139-S-2011', 1)":null,"('0139-S-2011', 2)":null},"Expediente Diputados: ":{"('0139-S-2011', 0)":"0139-S-2011","('0139-S-2011', 1)":null,"('0139-S-2011', 2)":null},"Expediente Senado: ":{"('0139-S-2011', 0)":"1301-S-2011","('0139-S-2011', 1)":null,"('0139-S-2011', 2)":null},"Publicado en: ":{"('0139-S-2011', 0)":"Diario de Asuntos Entrados N\u00b0 69","('0139-S-2011', 1)":null,"('0139-S-2011', 2)":null},"Fecha: ":{"('0139-S-2011', 0)":"02\/06\/2011","('0139-S-2011', 1)":null,"('0139-S-2011', 2)":null},"T\u00edtulo":{"('0139-S-2011', 0)":"INCORPORAR AL PLAN MEDICO OBLIGATORIO (PMO) DE LA REPUBLICA ARGENTINA LA VACUNA BACILO DE CALMETTE Y GUERIN (BCG) PARA LA POBLACION PEDIATRICA DEL TERRITORIO NACIONAL.","('0139-S-2011', 1)":null,"('0139-S-2011', 2)":null},"('Firmantes', 'FIRMANTE')":{"('0139-S-2011', 0)":"CANO, JOSE MANUEL","('0139-S-2011', 1)":null,"('0139-S-2011', 2)":null},"('Firmantes', 'DISTRITO')":{"('0139-S-2011', 0)":"TUCUMAN","('0139-S-2011', 1)":null,"('0139-S-2011', 2)":null},"('Firmantes', 'BLOQUE')":{"('0139-S-2011', 0)":"UCR","('0139-S-2011', 1)":null,"('0139-S-2011', 2)":null},"('Giros', 'COMISI\u00d3N')":{"('0139-S-2011', 0)":"ACCION SOCIAL Y SALUD PUBLICA","('0139-S-2011', 1)":"PRESUPUESTO Y HACIENDA","('0139-S-2011', 2)":null},"('Tramites', 'C\u00c1MARA')":{"('0139-S-2011', 0)":"Senado","('0139-S-2011', 1)":"Diputados","('0139-S-2011', 2)":"Diputados"},"('Tramites', 'MOVIMIENTO')":{"('0139-S-2011', 0)":"CONSIDERACION Y APROBACION","('0139-S-2011', 1)":"PASA A DIPUTADOS -","('0139-S-2011', 2)":"CONSIDERACION Y SANCION"},"('Tramites', 'FECHA')":{"('0139-S-2011', 0)":"02\/11\/2011","('0139-S-2011', 1)":null,"('0139-S-2011', 2)":"21\/11\/2012"},"('Tramites', 'RESULTADO')":{"('0139-S-2011', 0)":"MEDIA SANCION","('0139-S-2011', 1)":null,"('0139-S-2011', 2)":"SANCIONADO"},"Link":{"('0139-S-2011', 0)":"https:\/\/www4.hcdn.gob.ar\/dependencias\/dsecretaria\/Periodo2011\/PDF2011\/TP2011\/0139-S-11.pdf","('0139-S-2011', 1)":null,"('0139-S-2011', 2)":null},"Palabra Clave":{"('0139-S-2011', 0)":" ","('0139-S-2011', 1)":null,"('0139-S-2011', 2)":null}}