{"Tipo de Proyecto":{"('0140-S-2011', 0)":"COMUNICACION","('0140-S-2011', 1)":null},"Iniciado en: ":{"('0140-S-2011', 0)":"Senado","('0140-S-2011', 1)":null},"Expediente Senado: ":{"('0140-S-2011', 0)":"0140-S-2011","('0140-S-2011', 1)":null},"Publicado en: ":{"('0140-S-2011', 0)":"Diario de Asuntos Entrados N\u00b0 9","('0140-S-2011', 1)":null},"Fecha: ":{"('0140-S-2011', 0)":"03\/03\/2011","('0140-S-2011', 1)":null},"T\u00edtulo":{"('0140-S-2011', 0)":"PEDIDO DE INFORMES AL PODER EJECUTIVO SOBRE EL REGISTRO NACIONAL DE ANTECEDENTES DE TRANSITO.","('0140-S-2011', 1)":null},"('Firmantes', 'FIRMANTE')":{"('0140-S-2011', 0)":"BASUALDO, ROBERTO GUSTAVO","('0140-S-2011', 1)":null},"('Firmantes', 'DISTRITO')":{"('0140-S-2011', 0)":"SAN JUAN","('0140-S-2011', 1)":null},"('Firmantes', 'BLOQUE')":{"('0140-S-2011', 0)":"PRODUCCION Y TRABAJO","('0140-S-2011', 1)":null},"('Tramites', 'C\u00c1MARA')":{"('0140-S-2011', 0)":"Senado","('0140-S-2011', 1)":"Senado"},"('Tramites', 'MOVIMIENTO')":{"('0140-S-2011', 0)":"CONSIDERACION Y APROBACION","('0140-S-2011', 1)":"CONTESTACION DEL PODER EJECUTIVO NACIONAL - JEFE DE GABINETE DE MINISTROS - GIRADO A LA COMISION RESPECTIVA"},"('Tramites', 'FECHA')":{"('0140-S-2011', 0)":"29\/06\/2011","('0140-S-2011', 1)":"14\/03\/2012"},"('Tramites', 'RESULTADO')":{"('0140-S-2011', 0)":"APROBADO","('0140-S-2011', 1)":null},"Link":{"('0140-S-2011', 0)":"http:\/\/www.senado.gov.ar\/parlamentario\/comisiones\/verExp\/140.11\/S\/PC","('0140-S-2011', 1)":null},"Palabra Clave":{"('0140-S-2011', 0)":" ","('0140-S-2011', 1)":null}}