{"Tipo de Proyecto":{"('0141-S-2011', 0)":"COMUNICACION"},"Iniciado en: ":{"('0141-S-2011', 0)":"Senado"},"Expediente Senado: ":{"('0141-S-2011', 0)":"0141-S-2011"},"Publicado en: ":{"('0141-S-2011', 0)":"Diario de Asuntos Entrados N\u00b0 9"},"Fecha: ":{"('0141-S-2011', 0)":"03\/03\/2011"},"T\u00edtulo":{"('0141-S-2011', 0)":"PEDIDO DE INFORMES AL PODER EJECUTIVO SOBRE LAS POLITICAS Y CONTROLES DE LAS PRACTICAS DE EXPLOTACION DE LA MINERIA BARRICK GOLD EN LA PROVINCIA DE SAN JUAN."},"('Firmantes', 'FIRMANTE')":{"('0141-S-2011', 0)":"BASUALDO, ROBERTO GUSTAVO"},"('Firmantes', 'DISTRITO')":{"('0141-S-2011', 0)":"SAN JUAN"},"('Firmantes', 'BLOQUE')":{"('0141-S-2011', 0)":"PRODUCCION Y TRABAJO"},"Link":{"('0141-S-2011', 0)":"http:\/\/www.senado.gov.ar\/parlamentario\/comisiones\/verExp\/141.11\/S\/PC"},"Palabra Clave":{"('0141-S-2011', 0)":" "}}