{"Tipo de Proyecto":{"('0141-D-2011', 0)":"PROYECTO DE RESOLUCI\u00d3N"},"Iniciado en: ":{"('0141-D-2011', 0)":"Diputados"},"Expediente Diputados: ":{"('0141-D-2011', 0)":"0141-D-2011"},"Publicado en: ":{"('0141-D-2011', 0)":"Tr\u00e1mite Parlamentario N\u00b0 2"},"Fecha: ":{"('0141-D-2011', 0)":"02\/03\/2011"},"T\u00edtulo":{"('0141-D-2011', 0)":"PEDIDO DE INFORMES AL PODER EJECUTIVO SOBRE DIVERSAS CUESTIONES RELACIONADAS CON EL PROYECTO CORREDOR DE INTEGRACION AUSTRAL ENTRE  LA ISLA GRANDE DE LA PROVINCIA DE TIERRA DEL FUEGO, ANTARTIDA E ISLAS DEL ATLANTICO SUR Y LA PROVINCIA DE SANTA CRUZ."},"('Firmantes', 'FIRMANTE')":{"('0141-D-2011', 0)":"FADUL, LILIANA"},"('Firmantes', 'DISTRITO')":{"('0141-D-2011', 0)":"TIERRA DEL FUEGO"},"('Firmantes', 'BLOQUE')":{"('0141-D-2011', 0)":"PARTIDO FEDERAL FUEGUINO"},"('Giros', 'COMISI\u00d3N')":{"('0141-D-2011', 0)":"TRANSPORTES"},"Link":{"('0141-D-2011', 0)":"https:\/\/www.hcdn.gob.ar\/proyectos\/textoCompleto.jsp?exp=0141-D-2011&tipo=RESOLUCION"},"Palabra Clave":{"('0141-D-2011', 0)":" "}}