{"Tipo de Proyecto":{"('0142-S-2011', 0)":"PROYECTO DE LEY"},"Iniciado en: ":{"('0142-S-2011', 0)":"Senado"},"Expediente Senado: ":{"('0142-S-2011', 0)":"0142-S-2011"},"Publicado en: ":{"('0142-S-2011', 0)":"Diario de Asuntos Entrados N\u00b0 9"},"Fecha: ":{"('0142-S-2011', 0)":"03\/03\/2011"},"T\u00edtulo":{"('0142-S-2011', 0)":"DISPONER LA REALIZACION DE UNA CAMPA\u00d1A INFORMATIVA DESTINADA A LA CONCIENTIZACION SOBRE EL USO RESPONSABLE DE SUPLEMENTOS DIETARIOS."},"('Firmantes', 'FIRMANTE')":{"('0142-S-2011', 0)":"BASUALDO, ROBERTO GUSTAVO"},"('Firmantes', 'DISTRITO')":{"('0142-S-2011', 0)":"SAN JUAN"},"('Firmantes', 'BLOQUE')":{"('0142-S-2011', 0)":"PRODUCCION Y TRABAJO"},"Link":{"('0142-S-2011', 0)":"http:\/\/www.senado.gov.ar\/parlamentario\/comisiones\/verExp\/142.11\/S\/PL"},"Palabra Clave":{"('0142-S-2011', 0)":" "}}