{"Tipo de Proyecto":{"('0142-D-2011', 0)":"PROYECTO DE RESOLUCI\u00d3N"},"Iniciado en: ":{"('0142-D-2011', 0)":"Diputados"},"Expediente Diputados: ":{"('0142-D-2011', 0)":"0142-D-2011"},"Publicado en: ":{"('0142-D-2011', 0)":"Tr\u00e1mite Parlamentario N\u00b0 2"},"Fecha: ":{"('0142-D-2011', 0)":"02\/03\/2011"},"T\u00edtulo":{"('0142-D-2011', 0)":"SOLICITAR AL PODER EJECUTIVO DISPONGA LAS MEDIDAS NECESARIAS A FIN DE ENMENDAR EL \"MAPA INTERACTIVO\" DEL TERRITORIO NACIONAL PUBLICADO EN EL \"PORTAL PUBLICO DE NOTICIAS DE LA REPUBLICA ARGENTINA\". "},"('Firmantes', 'FIRMANTE')":{"('0142-D-2011', 0)":"FADUL, LILIANA"},"('Firmantes', 'DISTRITO')":{"('0142-D-2011', 0)":"TIERRA DEL FUEGO"},"('Firmantes', 'BLOQUE')":{"('0142-D-2011', 0)":"PARTIDO FEDERAL FUEGUINO"},"('Giros', 'COMISI\u00d3N')":{"('0142-D-2011', 0)":"COMUNICACIONES E INFORMATICA"},"Link":{"('0142-D-2011', 0)":"https:\/\/www.hcdn.gob.ar\/proyectos\/textoCompleto.jsp?exp=0142-D-2011&tipo=RESOLUCION"},"Palabra Clave":{"('0142-D-2011', 0)":" "}}