{"Tipo de Proyecto":{"('0143-S-2011', 0)":"COMUNICACION"},"Iniciado en: ":{"('0143-S-2011', 0)":"Senado"},"Expediente Senado: ":{"('0143-S-2011', 0)":"0143-S-2011"},"Publicado en: ":{"('0143-S-2011', 0)":"Diario de Asuntos Entrados N\u00b0 9"},"Fecha: ":{"('0143-S-2011', 0)":"03\/03\/2011"},"T\u00edtulo":{"('0143-S-2011', 0)":"PEDIDO DE INFORMES AL PODER EJECUTIVO SOBRE LAS RESERVAS, INVERSION Y POLITICAS EN MATERIA DE ENERGIA ELECTRICA EN NUESTRO PAIS."},"('Firmantes', 'FIRMANTE')":{"('0143-S-2011', 0)":"BASUALDO, ROBERTO GUSTAVO"},"('Firmantes', 'DISTRITO')":{"('0143-S-2011', 0)":"SAN JUAN"},"('Firmantes', 'BLOQUE')":{"('0143-S-2011', 0)":"PRODUCCION Y TRABAJO"},"Link":{"('0143-S-2011', 0)":"http:\/\/www.senado.gov.ar\/parlamentario\/comisiones\/verExp\/143.11\/S\/PC"},"Palabra Clave":{"('0143-S-2011', 0)":" "}}