{"Tipo de Proyecto":{"('0146-D-2011', 0)":"PROYECTO DE DECLARACI\u00d3N"},"Iniciado en: ":{"('0146-D-2011', 0)":"Diputados"},"Expediente Diputados: ":{"('0146-D-2011', 0)":"0146-D-2011"},"Publicado en: ":{"('0146-D-2011', 0)":"Tr\u00e1mite Parlamentario N\u00b0 2"},"Fecha: ":{"('0146-D-2011', 0)":"02\/03\/2011"},"T\u00edtulo":{"('0146-D-2011', 0)":"EXPRESAR REPUDIO POR LA SITUACION EN LA QUE SE ENCUENTRA EL TRABAJADOR DEL INDEC,  LAHITTE FACUNDO."},"('Firmantes', 'FIRMANTE')":{"('0146-D-2011', 0)":"ITURRASPE, NORA GRACIELA"},"('Firmantes', 'DISTRITO')":{"('0146-D-2011', 0)":"BUENOS AIRES"},"('Firmantes', 'BLOQUE')":{"('0146-D-2011', 0)":"SI POR LA UNIDAD POPULAR"},"('Giros', 'COMISI\u00d3N')":{"('0146-D-2011', 0)":"LEGISLACION DEL TRABAJO"},"Link":{"('0146-D-2011', 0)":"https:\/\/www.hcdn.gob.ar\/proyectos\/textoCompleto.jsp?exp=0146-D-2011&tipo=DECLARACION"},"Palabra Clave":{"('0146-D-2011', 0)":" "}}