{"Tipo de Proyecto":{"('0147-S-2011', 0)":"PROYECTO DE LEY","('0147-S-2011', 1)":null},"Iniciado en: ":{"('0147-S-2011', 0)":"Senado","('0147-S-2011', 1)":null},"Expediente Diputados: ":{"('0147-S-2011', 0)":"0147-S-2011","('0147-S-2011', 1)":null},"Expediente Senado: ":{"('0147-S-2011', 0)":"1105-S-2011","('0147-S-2011', 1)":null},"Publicado en: ":{"('0147-S-2011', 0)":"Diario de Asuntos Entrados N\u00b0 60","('0147-S-2011', 1)":null},"Fecha: ":{"('0147-S-2011', 0)":"18\/05\/2011","('0147-S-2011', 1)":null},"T\u00edtulo":{"('0147-S-2011', 0)":"MODIFICACION DEL CODIGO PENAL: SUSTITUCION DEL APARTADO 3 DEL ARTICULO 189 BIS, SOBRE LA FIGURA DEL ACOPIO DE MUNICIONES SIN LA DEBIDA AUTORIZACION LEGAL.","('0147-S-2011', 1)":null},"('Firmantes', 'FIRMANTE')":{"('0147-S-2011', 0)":"ARTAZA, EUGENIO JUSTINIANO","('0147-S-2011', 1)":null},"('Firmantes', 'DISTRITO')":{"('0147-S-2011', 0)":"CORRIENTES","('0147-S-2011', 1)":null},"('Firmantes', 'BLOQUE')":{"('0147-S-2011', 0)":"UCR","('0147-S-2011', 1)":null},"('Giros', 'COMISI\u00d3N')":{"('0147-S-2011', 0)":"LEGISLACION PENAL","('0147-S-2011', 1)":null},"('Tramites', 'C\u00c1MARA')":{"('0147-S-2011', 0)":"Senado","('0147-S-2011', 1)":"Diputados"},"('Tramites', 'MOVIMIENTO')":{"('0147-S-2011', 0)":"CONSIDERACION Y APROBACION","('0147-S-2011', 1)":"PASA A DIPUTADOS -"},"('Tramites', 'FECHA')":{"('0147-S-2011', 0)":"02\/11\/2011","('0147-S-2011', 1)":null},"('Tramites', 'RESULTADO')":{"('0147-S-2011', 0)":"MEDIA SANCION","('0147-S-2011', 1)":null},"Link":{"('0147-S-2011', 0)":"https:\/\/www4.hcdn.gob.ar\/dependencias\/dsecretaria\/Periodo2011\/PDF2011\/TP2011\/0147-S-11.pdf","('0147-S-2011', 1)":null},"Palabra Clave":{"('0147-S-2011', 0)":" ","('0147-S-2011', 1)":null}}