{"Tipo de Proyecto":{"('0148-D-2011', 0)":"PROYECTO DE RESOLUCI\u00d3N"},"Iniciado en: ":{"('0148-D-2011', 0)":"Diputados"},"Expediente Diputados: ":{"('0148-D-2011', 0)":"0148-D-2011"},"Publicado en: ":{"('0148-D-2011', 0)":"Tr\u00e1mite Parlamentario N\u00b0 2"},"Fecha: ":{"('0148-D-2011', 0)":"02\/03\/2011"},"T\u00edtulo":{"('0148-D-2011', 0)":"DECLARAR DE INTERES DE LA H. CAMARA EL \"2 CONGRESO NACIONAL DE ZOOARQUEOLOGIA ARGENTINA\", A REALIZARSE DEL 10 AL 14 DE MAYO DE 2011, EN OLAVARRIA, PROVINCIA DE BUENOS AIRES. "},"('Firmantes', 'FIRMANTE')":{"('0148-D-2011', 0)":"BIANCHI, IVANA MARIA"},"('Firmantes', 'DISTRITO')":{"('0148-D-2011', 0)":"SAN LUIS"},"('Firmantes', 'BLOQUE')":{"('0148-D-2011', 0)":"PERONISMO FEDERAL"},"('Giros', 'COMISI\u00d3N')":{"('0148-D-2011', 0)":"RECURSOS NATURALES Y CONSERVACION DEL AMBIENTE HUMANO"},"('Tramites', 'C\u00c1MARA')":{"('0148-D-2011', 0)":"Diputados"},"('Tramites', 'MOVIMIENTO')":{"('0148-D-2011', 0)":"APROBACION ARTICULO 114 DEL REGLAMENTO DE LA H CAMARA DE DIPUTADOS; COMUNICADO EL 12\/04\/2011"},"('Tramites', 'FECHA')":{"('0148-D-2011', 0)":null},"('Tramites', 'RESULTADO')":{"('0148-D-2011', 0)":"APROBADO"},"Link":{"('0148-D-2011', 0)":"https:\/\/www.hcdn.gob.ar\/proyectos\/textoCompleto.jsp?exp=0148-D-2011&tipo=RESOLUCION"},"Palabra Clave":{"('0148-D-2011', 0)":" "}}