{"Tipo de Proyecto":{"('0148-S-2011', 0)":"PROYECTO DE DECLARACI\u00d3N","('0148-S-2011', 1)":null},"Iniciado en: ":{"('0148-S-2011', 0)":"Senado","('0148-S-2011', 1)":null},"Expediente Senado: ":{"('0148-S-2011', 0)":"0148-S-2011","('0148-S-2011', 1)":null},"Publicado en: ":{"('0148-S-2011', 0)":"Diario de Asuntos Entrados N\u00b0 9","('0148-S-2011', 1)":null},"Fecha: ":{"('0148-S-2011', 0)":"03\/03\/2011","('0148-S-2011', 1)":null},"T\u00edtulo":{"('0148-S-2011', 0)":"ADHERIR A LA CONMEMORACION DEL DIA DEL ESCUDO NACIONAL, EL 12 DE MARZO.","('0148-S-2011', 1)":null},"('Firmantes', 'FIRMANTE')":{"('0148-S-2011', 0)":"BASUALDO, ROBERTO GUSTAVO","('0148-S-2011', 1)":null},"('Firmantes', 'DISTRITO')":{"('0148-S-2011', 0)":"SAN JUAN","('0148-S-2011', 1)":null},"('Firmantes', 'BLOQUE')":{"('0148-S-2011', 0)":"PRODUCCION Y TRABAJO","('0148-S-2011', 1)":null},"('Tramites', 'C\u00c1MARA')":{"('0148-S-2011', 0)":"Senado","('0148-S-2011', 1)":"Senado"},"('Tramites', 'MOVIMIENTO')":{"('0148-S-2011', 0)":"MOCION SOBRE TABLAS (AFIRMATIVA)","('0148-S-2011', 1)":"CONSIDERACION Y APROBACION"},"('Tramites', 'FECHA')":{"('0148-S-2011', 0)":"16\/03\/2011","('0148-S-2011', 1)":"16\/03\/2011"},"('Tramites', 'RESULTADO')":{"('0148-S-2011', 0)":null,"('0148-S-2011', 1)":"APROBADO"},"Link":{"('0148-S-2011', 0)":"http:\/\/www.senado.gov.ar\/parlamentario\/comisiones\/verExp\/148.11\/S\/PD","('0148-S-2011', 1)":null},"Palabra Clave":{"('0148-S-2011', 0)":" ","('0148-S-2011', 1)":null}}