{"Tipo de Proyecto":{"('0151-S-2011', 0)":"PROYECTO DE LEY","('0151-S-2011', 1)":null,"('0151-S-2011', 2)":null,"('0151-S-2011', 3)":null,"('0151-S-2011', 4)":null,"('0151-S-2011', 5)":null,"('0151-S-2011', 6)":null,"('0151-S-2011', 7)":null},"Iniciado en: ":{"('0151-S-2011', 0)":"Senado","('0151-S-2011', 1)":null,"('0151-S-2011', 2)":null,"('0151-S-2011', 3)":null,"('0151-S-2011', 4)":null,"('0151-S-2011', 5)":null,"('0151-S-2011', 6)":null,"('0151-S-2011', 7)":null},"Expediente Diputados: ":{"('0151-S-2011', 0)":"0151-S-2011","('0151-S-2011', 1)":null,"('0151-S-2011', 2)":null,"('0151-S-2011', 3)":null,"('0151-S-2011', 4)":null,"('0151-S-2011', 5)":null,"('0151-S-2011', 6)":null,"('0151-S-2011', 7)":null},"Expediente Senado: ":{"('0151-S-2011', 0)":"2046-S-2011","('0151-S-2011', 1)":null,"('0151-S-2011', 2)":null,"('0151-S-2011', 3)":null,"('0151-S-2011', 4)":null,"('0151-S-2011', 5)":null,"('0151-S-2011', 6)":null,"('0151-S-2011', 7)":null},"Publicado en: ":{"('0151-S-2011', 0)":"Diario de Asuntos Entrados N\u00b0 112","('0151-S-2011', 1)":null,"('0151-S-2011', 2)":null,"('0151-S-2011', 3)":null,"('0151-S-2011', 4)":null,"('0151-S-2011', 5)":null,"('0151-S-2011', 6)":null,"('0151-S-2011', 7)":null},"Fecha: ":{"('0151-S-2011', 0)":"30\/08\/2011","('0151-S-2011', 1)":null,"('0151-S-2011', 2)":null,"('0151-S-2011', 3)":null,"('0151-S-2011', 4)":null,"('0151-S-2011', 5)":null,"('0151-S-2011', 6)":null,"('0151-S-2011', 7)":null},"T\u00edtulo":{"('0151-S-2011', 0)":"CREACION DE UN JUZGADO FEDERAL DE PRIMERA INSTANCIA NUMERO 3 CON COMPETENCIA EN MATERIA PENAL Y CORRECCIONAL EN LA CIUDAD DE SAN MIGUEL DE TUCUMAN, PROVINCIA DE TUCUMAN.","('0151-S-2011', 1)":null,"('0151-S-2011', 2)":null,"('0151-S-2011', 3)":null,"('0151-S-2011', 4)":null,"('0151-S-2011', 5)":null,"('0151-S-2011', 6)":null,"('0151-S-2011', 7)":null},"('Firmantes', 'FIRMANTE')":{"('0151-S-2011', 0)":"CANO, JOSE MANUEL","('0151-S-2011', 1)":null,"('0151-S-2011', 2)":null,"('0151-S-2011', 3)":null,"('0151-S-2011', 4)":null,"('0151-S-2011', 5)":null,"('0151-S-2011', 6)":null,"('0151-S-2011', 7)":null},"('Firmantes', 'DISTRITO')":{"('0151-S-2011', 0)":"TUCUMAN","('0151-S-2011', 1)":null,"('0151-S-2011', 2)":null,"('0151-S-2011', 3)":null,"('0151-S-2011', 4)":null,"('0151-S-2011', 5)":null,"('0151-S-2011', 6)":null,"('0151-S-2011', 7)":null},"('Firmantes', 'BLOQUE')":{"('0151-S-2011', 0)":"UCR","('0151-S-2011', 1)":null,"('0151-S-2011', 2)":null,"('0151-S-2011', 3)":null,"('0151-S-2011', 4)":null,"('0151-S-2011', 5)":null,"('0151-S-2011', 6)":null,"('0151-S-2011', 7)":null},"('Giros', 'COMISI\u00d3N')":{"('0151-S-2011', 0)":"JUSTICIA","('0151-S-2011', 1)":"PRESUPUESTO Y HACIENDA","('0151-S-2011', 2)":null,"('0151-S-2011', 3)":null,"('0151-S-2011', 4)":null,"('0151-S-2011', 5)":null,"('0151-S-2011', 6)":null,"('0151-S-2011', 7)":null},"('Tramites', 'C\u00c1MARA')":{"('0151-S-2011', 0)":"Senado","('0151-S-2011', 1)":"Senado","('0151-S-2011', 2)":"Senado","('0151-S-2011', 3)":"Senado","('0151-S-2011', 4)":"Diputados","('0151-S-2011', 5)":"Diputados","('0151-S-2011', 6)":"Senado","('0151-S-2011', 7)":"Senado"},"('Tramites', 'MOVIMIENTO')":{"('0151-S-2011', 0)":"CONSTITUCION CAMARA EN COMISION","('0151-S-2011', 1)":"CONFERENCIA","('0151-S-2011', 2)":"CONSIDERACION Y APROBACION","('0151-S-2011', 3)":"INSERCION","('0151-S-2011', 4)":"PASA A DIPUTADOS -","('0151-S-2011', 5)":"CONSIDERACION Y APROBACION CONJUNTAMENTE PARA LOS EXPEDIENTES 0151-S-2011, 2046-S-2011 y 0298-D-2012","('0151-S-2011', 6)":"VUELVE A SENADO - CONJUNTAMENTE PARA LOS EXPEDIENTES 0151-S-2011, 2046-S-2011 y 0298-D-2012","('0151-S-2011', 7)":"CONSIDERACION Y SANCION CONJUNTAMENTE PARA LOS EXPEDIENTES 0151-S-2011, 2046-S-2011 y 0298-D-2012"},"('Tramites', 'FECHA')":{"('0151-S-2011', 0)":"02\/11\/2011","('0151-S-2011', 1)":"02\/11\/2011","('0151-S-2011', 2)":"02\/11\/2011","('0151-S-2011', 3)":"02\/11\/2011","('0151-S-2011', 4)":null,"('0151-S-2011', 5)":"24\/10\/2012","('0151-S-2011', 6)":null,"('0151-S-2011', 7)":"04\/09\/2013"},"('Tramites', 'RESULTADO')":{"('0151-S-2011', 0)":null,"('0151-S-2011', 1)":null,"('0151-S-2011', 2)":"MEDIA SANCION","('0151-S-2011', 3)":null,"('0151-S-2011', 4)":null,"('0151-S-2011', 5)":"MEDIA SANCION","('0151-S-2011', 6)":null,"('0151-S-2011', 7)":"SANCIONADO"},"Sumario":{"('0151-S-2011', 0)":"COMPETENCIA TERRITORIAL; TRIBUNAL DE ALZADA: CAMARA FEDERAL DE APELACIONES DE TUCUMAN; MODIFICACION COMPETENCIA MATERIAL DE LOS JUZGADOS FEDERALES 1 Y 2, A PARTIR DEL FUNCIONAMIENTO DEL JUZGADO N 3  NO ATENDERAN CAUSAS REFERIDAS A LO PENAL Y CORRECCIONAL Y REFERIDAS A LA LEY DE ESTUPEFACIENTES; MINISTERIO PUBLICO; CREACION DE CARGOS; FUNCIONARIOS Y EMPLEADOS.","('0151-S-2011', 1)":null,"('0151-S-2011', 2)":null,"('0151-S-2011', 3)":null,"('0151-S-2011', 4)":null,"('0151-S-2011', 5)":null,"('0151-S-2011', 6)":null,"('0151-S-2011', 7)":null},"Palabra Clave":{"('0151-S-2011', 0)":" ","('0151-S-2011', 1)":null,"('0151-S-2011', 2)":null,"('0151-S-2011', 3)":null,"('0151-S-2011', 4)":null,"('0151-S-2011', 5)":null,"('0151-S-2011', 6)":null,"('0151-S-2011', 7)":null}}