{"Tipo de Proyecto":{"('0151-OVD-2011', 0)":"PROYECTO DE RESOLUCI\u00d3N"},"Iniciado en: ":{"('0151-OVD-2011', 0)":"Senado"},"Expediente Senado: ":{"('0151-OVD-2011', 0)":"0151-OVD-2011"},"Fecha: ":{"('0151-OVD-2011', 0)":"30\/05\/2012"},"T\u00edtulo":{"('0151-OVD-2011', 0)":"DICTAMEN EN LA RESPUESTA REMITIDA POR LA JEFATURA DE GABINETE DE MINISTROS EN RELACION A LA RESOLUCION 0184-S-09 (0338-OV-08), APROBADA POR EL H. CONGRESO DE LA NACION; SOBRE LAS MEDIDAS ADOPTADAS EN ATENCION A LAS OBSERVACIONES FORMULADAS POR LA AGN RESPECTO DEL INFORME SOBRE LOS ESTADOS FINANCIEROS AL 31\/12\/07, CORRESPONDIENTES AL PROYECTO DE ENERGIAS RENOVABLES EN MERCADOS RURALES."},"('Firmantes', 'FIRMANTE')":{"('0151-OVD-2011', 0)":"PARLAMENTARIA MIXTA REVISORA DE CUENTAS"},"('Firmantes', 'DISTRITO')":{"('0151-OVD-2011', 0)":null},"('Firmantes', 'BLOQUE')":{"('0151-OVD-2011', 0)":null},"('Tramites', 'C\u00c1MARA')":{"('0151-OVD-2011', 0)":"Senado"},"('Tramites', 'MOVIMIENTO')":{"('0151-OVD-2011', 0)":"CONSIDERACION Y APROBACION (AL ARCHIVO)"},"('Tramites', 'FECHA')":{"('0151-OVD-2011', 0)":"11\/07\/2012"},"('Tramites', 'RESULTADO')":{"('0151-OVD-2011', 0)":"APROBADO"},"Sumario":{"('0151-OVD-2011', 0)":"HABIENDO TOMADO CONOCIMIENTO, Y SIN PERJUICIO DE ULTERIORES MEDIDAS QUE PUEDAN ADOPTARSE, SE ACONSEJA SU REMISION AL ARCHIVO."},"Palabra Clave":{"('0151-OVD-2011', 0)":" "}}