{"Tipo de Proyecto":{"('0152-D-2011', 0)":"PROYECTO DE RESOLUCI\u00d3N"},"Iniciado en: ":{"('0152-D-2011', 0)":"Diputados"},"Expediente Diputados: ":{"('0152-D-2011', 0)":"0152-D-2011"},"Publicado en: ":{"('0152-D-2011', 0)":"Tr\u00e1mite Parlamentario N\u00b0 2"},"Fecha: ":{"('0152-D-2011', 0)":"02\/03\/2011"},"T\u00edtulo":{"('0152-D-2011', 0)":"PEDIDO DE INFORMES AL PODER EJECUTIVO SOBRE DIVERSAS CUESTIONES RELACIONADAS CON EL EXPEDIENTE 311-000364-07-8 DEL INSTITUTO NACIONAL DE VITIVINICULTURA."},"('Firmantes', 'FIRMANTE')":{"('0152-D-2011', 0)":"MANSUR, RICARDO ALFREDO"},"('Firmantes', 'DISTRITO')":{"('0152-D-2011', 0)":"MENDOZA"},"('Firmantes', 'BLOQUE')":{"('0152-D-2011', 0)":"UCR"},"('Giros', 'COMISI\u00d3N')":{"('0152-D-2011', 0)":"INDUSTRIA"},"Link":{"('0152-D-2011', 0)":"https:\/\/www.hcdn.gob.ar\/proyectos\/textoCompleto.jsp?exp=0152-D-2011&tipo=RESOLUCION"},"Palabra Clave":{"('0152-D-2011', 0)":" "}}