{"Tipo de Proyecto":{"('0154-D-2011', 0)":"PROYECTO DE LEY","('0154-D-2011', 1)":null,"('0154-D-2011', 2)":null,"('0154-D-2011', 3)":null,"('0154-D-2011', 4)":null,"('0154-D-2011', 5)":null,"('0154-D-2011', 6)":null,"('0154-D-2011', 7)":null,"('0154-D-2011', 8)":null,"('0154-D-2011', 9)":null,"('0154-D-2011', 10)":null,"('0154-D-2011', 11)":null,"('0154-D-2011', 12)":null,"('0154-D-2011', 13)":null},"Iniciado en: ":{"('0154-D-2011', 0)":"Diputados","('0154-D-2011', 1)":null,"('0154-D-2011', 2)":null,"('0154-D-2011', 3)":null,"('0154-D-2011', 4)":null,"('0154-D-2011', 5)":null,"('0154-D-2011', 6)":null,"('0154-D-2011', 7)":null,"('0154-D-2011', 8)":null,"('0154-D-2011', 9)":null,"('0154-D-2011', 10)":null,"('0154-D-2011', 11)":null,"('0154-D-2011', 12)":null,"('0154-D-2011', 13)":null},"Expediente Diputados: ":{"('0154-D-2011', 0)":"0154-D-2011","('0154-D-2011', 1)":null,"('0154-D-2011', 2)":null,"('0154-D-2011', 3)":null,"('0154-D-2011', 4)":null,"('0154-D-2011', 5)":null,"('0154-D-2011', 6)":null,"('0154-D-2011', 7)":null,"('0154-D-2011', 8)":null,"('0154-D-2011', 9)":null,"('0154-D-2011', 10)":null,"('0154-D-2011', 11)":null,"('0154-D-2011', 12)":null,"('0154-D-2011', 13)":null},"Publicado en: ":{"('0154-D-2011', 0)":"Tr\u00e1mite Parlamentario N\u00b0 2","('0154-D-2011', 1)":null,"('0154-D-2011', 2)":null,"('0154-D-2011', 3)":null,"('0154-D-2011', 4)":null,"('0154-D-2011', 5)":null,"('0154-D-2011', 6)":null,"('0154-D-2011', 7)":null,"('0154-D-2011', 8)":null,"('0154-D-2011', 9)":null,"('0154-D-2011', 10)":null,"('0154-D-2011', 11)":null,"('0154-D-2011', 12)":null,"('0154-D-2011', 13)":null},"Fecha: ":{"('0154-D-2011', 0)":"02\/03\/2011","('0154-D-2011', 1)":null,"('0154-D-2011', 2)":null,"('0154-D-2011', 3)":null,"('0154-D-2011', 4)":null,"('0154-D-2011', 5)":null,"('0154-D-2011', 6)":null,"('0154-D-2011', 7)":null,"('0154-D-2011', 8)":null,"('0154-D-2011', 9)":null,"('0154-D-2011', 10)":null,"('0154-D-2011', 11)":null,"('0154-D-2011', 12)":null,"('0154-D-2011', 13)":null},"T\u00edtulo":{"('0154-D-2011', 0)":"RATIFICACION DEL CONVENIO CONSTITUTIVO DEL BANCO DEL SUR FIRMADO EN PORLAMAR, ISLA MARGARITA, REPUBLICA BOLIVARIANA DE VENEZUELA EL 26 DE SEPTIEMBRE DE 2009.","('0154-D-2011', 1)":null,"('0154-D-2011', 2)":null,"('0154-D-2011', 3)":null,"('0154-D-2011', 4)":null,"('0154-D-2011', 5)":null,"('0154-D-2011', 6)":null,"('0154-D-2011', 7)":null,"('0154-D-2011', 8)":null,"('0154-D-2011', 9)":null,"('0154-D-2011', 10)":null,"('0154-D-2011', 11)":null,"('0154-D-2011', 12)":null,"('0154-D-2011', 13)":null},"('Firmantes', 'FIRMANTE')":{"('0154-D-2011', 0)":"SOLANAS, FERNANDO EZEQUIEL","('0154-D-2011', 1)":"MERCHAN, PAULA CECILIA","('0154-D-2011', 2)":"CARDELLI, JORGE JUSTO","('0154-D-2011', 3)":"ARGUMEDO, ALCIRA SUSANA","('0154-D-2011', 4)":"ALCUAZ, HORACIO ALBERTO","('0154-D-2011', 5)":"LOZANO, CLAUDIO RAUL","('0154-D-2011', 6)":"BONASSO, MIGUEL LUIS","('0154-D-2011', 7)":"MACALUSE, EDUARDO GABRIEL","('0154-D-2011', 8)":"PARADA, LILIANA BEATRIZ","('0154-D-2011', 9)":"CUCCOVILLO, RICARDO OSCAR","('0154-D-2011', 10)":"VIALE, LISANDRO ALFREDO","('0154-D-2011', 11)":"BASTEIRO, SERGIO ARIEL","('0154-D-2011', 12)":"DONDA PEREZ, VICTORIA ANALIA","('0154-D-2011', 13)":"PERIE, JULIA ARGENTINA"},"('Firmantes', 'DISTRITO')":{"('0154-D-2011', 0)":"CIUDAD de BUENOS AIRES","('0154-D-2011', 1)":"CORDOBA","('0154-D-2011', 2)":"CIUDAD de BUENOS AIRES","('0154-D-2011', 3)":"CIUDAD de BUENOS AIRES","('0154-D-2011', 4)":"BUENOS AIRES","('0154-D-2011', 5)":"CIUDAD de BUENOS AIRES","('0154-D-2011', 6)":"CIUDAD de BUENOS AIRES","('0154-D-2011', 7)":"BUENOS AIRES","('0154-D-2011', 8)":"CIUDAD de BUENOS AIRES","('0154-D-2011', 9)":"BUENOS AIRES","('0154-D-2011', 10)":"ENTRE RIOS","('0154-D-2011', 11)":"BUENOS AIRES","('0154-D-2011', 12)":"BUENOS AIRES","('0154-D-2011', 13)":"MISIONES"},"('Firmantes', 'BLOQUE')":{"('0154-D-2011', 0)":"MOVIMIENTO PROYECTO SUR","('0154-D-2011', 1)":"LIBRES DEL SUR","('0154-D-2011', 2)":"MOVIMIENTO PROYECTO SUR","('0154-D-2011', 3)":"MOVIMIENTO PROYECTO SUR","('0154-D-2011', 4)":"GEN","('0154-D-2011', 5)":"MOVIMIENTO PROYECTO SUR","('0154-D-2011', 6)":"DIALOGO POR BUENOS AIRES","('0154-D-2011', 7)":"SI POR LA UNIDAD POPULAR","('0154-D-2011', 8)":"MOVIMIENTO PROYECTO SUR","('0154-D-2011', 9)":"PARTIDO SOCIALISTA","('0154-D-2011', 10)":"PARTIDO SOCIALISTA","('0154-D-2011', 11)":"NUEVO ENCUENTRO POPULAR Y SOLIDARIO","('0154-D-2011', 12)":"LIBRES DEL SUR","('0154-D-2011', 13)":"FRENTE PARA LA VICTORIA - PJ"},"('Giros', 'COMISI\u00d3N')":{"('0154-D-2011', 0)":"RELACIONES EXTERIORES Y CULTO","('0154-D-2011', 1)":"FINANZAS","('0154-D-2011', 2)":"PRESUPUESTO Y HACIENDA","('0154-D-2011', 3)":null,"('0154-D-2011', 4)":null,"('0154-D-2011', 5)":null,"('0154-D-2011', 6)":null,"('0154-D-2011', 7)":null,"('0154-D-2011', 8)":null,"('0154-D-2011', 9)":null,"('0154-D-2011', 10)":null,"('0154-D-2011', 11)":null,"('0154-D-2011', 12)":null,"('0154-D-2011', 13)":null},"Link":{"('0154-D-2011', 0)":"https:\/\/www.hcdn.gob.ar\/proyectos\/textoCompleto.jsp?exp=0154-D-2011&tipo=LEY","('0154-D-2011', 1)":null,"('0154-D-2011', 2)":null,"('0154-D-2011', 3)":null,"('0154-D-2011', 4)":null,"('0154-D-2011', 5)":null,"('0154-D-2011', 6)":null,"('0154-D-2011', 7)":null,"('0154-D-2011', 8)":null,"('0154-D-2011', 9)":null,"('0154-D-2011', 10)":null,"('0154-D-2011', 11)":null,"('0154-D-2011', 12)":null,"('0154-D-2011', 13)":null},"Palabra Clave":{"('0154-D-2011', 0)":" ","('0154-D-2011', 1)":null,"('0154-D-2011', 2)":null,"('0154-D-2011', 3)":null,"('0154-D-2011', 4)":null,"('0154-D-2011', 5)":null,"('0154-D-2011', 6)":null,"('0154-D-2011', 7)":null,"('0154-D-2011', 8)":null,"('0154-D-2011', 9)":null,"('0154-D-2011', 10)":null,"('0154-D-2011', 11)":null,"('0154-D-2011', 12)":null,"('0154-D-2011', 13)":null}}