{"Tipo de Proyecto":{"('0154-S-2011', 0)":"PROYECTO DE LEY"},"Iniciado en: ":{"('0154-S-2011', 0)":"Senado"},"Expediente Senado: ":{"('0154-S-2011', 0)":"0154-S-2011"},"Publicado en: ":{"('0154-S-2011', 0)":"Diario de Asuntos Entrados N\u00b0 9"},"Fecha: ":{"('0154-S-2011', 0)":"03\/03\/2011"},"T\u00edtulo":{"('0154-S-2011', 0)":"CONMEMORAR EL 16 DE MARZO DE CADA A\u00d1O LA CREACION DEL REGIMIENTO DE GRANADEROS A CABALLO, LIBERTADOR GENERAL SAN MARTIN, E INCORPORANDO ESTA FECHA AL CALENDARIO ESCOLAR."},"('Firmantes', 'FIRMANTE')":{"('0154-S-2011', 0)":"BASUALDO, ROBERTO GUSTAVO"},"('Firmantes', 'DISTRITO')":{"('0154-S-2011', 0)":"SAN JUAN"},"('Firmantes', 'BLOQUE')":{"('0154-S-2011', 0)":"PRODUCCION Y TRABAJO"},"Link":{"('0154-S-2011', 0)":"http:\/\/www.senado.gov.ar\/parlamentario\/comisiones\/verExp\/154.11\/S\/PL"},"Palabra Clave":{"('0154-S-2011', 0)":" "}}