{"Tipo de Proyecto":{"('0156-D-2011', 0)":"PROYECTO DE RESOLUCI\u00d3N"},"Iniciado en: ":{"('0156-D-2011', 0)":"Diputados"},"Expediente Diputados: ":{"('0156-D-2011', 0)":"0156-D-2011"},"Publicado en: ":{"('0156-D-2011', 0)":"Tr\u00e1mite Parlamentario N\u00b0 2"},"Fecha: ":{"('0156-D-2011', 0)":"02\/03\/2011"},"T\u00edtulo":{"('0156-D-2011', 0)":"DECLARAR DE INTERES DE LA H. CAMARA EL XXVI CONGRESO NACIONAL DE DERECHO PROCESAL - EN HOMENAJE A LOS DOCTORES ROLAND ARAZI Y JORGE VAZQUEZ ROSSI -, ORGANIZADO POR LA FACULTAD DE CIENCIAS JURIDICAS Y SOCIALES DE LA UNIVERSIDAD NACIONAL DEL LITORAL, PROVINCIA DE SANTA FE, DEL 8 AL 10 DE JUNIO DE 2011."},"('Firmantes', 'FIRMANTE')":{"('0156-D-2011', 0)":"MORANTE, ANTONIO ARNALDO MARIA"},"('Firmantes', 'DISTRITO')":{"('0156-D-2011', 0)":"CHACO"},"('Firmantes', 'BLOQUE')":{"('0156-D-2011', 0)":"FRENTE PARA LA VICTORIA - PJ"},"('Giros', 'COMISI\u00d3N')":{"('0156-D-2011', 0)":"LEGISLACION GENERAL"},"Link":{"('0156-D-2011', 0)":"https:\/\/www.hcdn.gob.ar\/proyectos\/textoCompleto.jsp?exp=0156-D-2011&tipo=RESOLUCION"},"Palabra Clave":{"('0156-D-2011', 0)":" "}}