{"Tipo de Proyecto":{"('0156-S-2011', 0)":"PROYECTO DE LEY","('0156-S-2011', 1)":null,"('0156-S-2011', 2)":null},"Iniciado en: ":{"('0156-S-2011', 0)":"Senado","('0156-S-2011', 1)":null,"('0156-S-2011', 2)":null},"Expediente Diputados: ":{"('0156-S-2011', 0)":"0156-S-2011","('0156-S-2011', 1)":null,"('0156-S-2011', 2)":null},"Expediente Senado: ":{"('0156-S-2011', 0)":"0908-S-2011","('0156-S-2011', 1)":null,"('0156-S-2011', 2)":null},"Publicado en: ":{"('0156-S-2011', 0)":"Diario de Asuntos Entrados N\u00b0 49","('0156-S-2011', 1)":null,"('0156-S-2011', 2)":null},"Fecha: ":{"('0156-S-2011', 0)":"03\/05\/2011","('0156-S-2011', 1)":null,"('0156-S-2011', 2)":null},"T\u00edtulo":{"('0156-S-2011', 0)":"TRANSFERENCIA A TITULO GRATUITO A LA MUNICIPALIDAD DE CONHELLO DE LA PROVINCIA DE LA PAMPA DEL DOMINIO DE UN INMUEBLE DEL ESTADO NACIONAL SITO EN DICHA LOCALIDAD.","('0156-S-2011', 1)":null,"('0156-S-2011', 2)":null},"('Firmantes', 'FIRMANTE')":{"('0156-S-2011', 0)":"VERNA, CARLOS ALBERTO","('0156-S-2011', 1)":"HIGONET, MARIA DE LOS ANGELES","('0156-S-2011', 2)":null},"('Firmantes', 'DISTRITO')":{"('0156-S-2011', 0)":"LA PAMPA","('0156-S-2011', 1)":"LA PAMPA","('0156-S-2011', 2)":null},"('Firmantes', 'BLOQUE')":{"('0156-S-2011', 0)":"PARTIDO JUSTICIALISTA LA PAMPA","('0156-S-2011', 1)":"PARTIDO JUSTICIALISTA LA PAMPA","('0156-S-2011', 2)":null},"('Giros', 'COMISI\u00d3N')":{"('0156-S-2011', 0)":"LEGISLACION GENERAL","('0156-S-2011', 1)":"ASUNTOS MUNICIPALES","('0156-S-2011', 2)":"PRESUPUESTO Y HACIENDA"},"('Tramites', 'C\u00c1MARA')":{"('0156-S-2011', 0)":"Senado","('0156-S-2011', 1)":"Diputados","('0156-S-2011', 2)":null},"('Tramites', 'MOVIMIENTO')":{"('0156-S-2011', 0)":"CONSIDERACION Y APROBACION","('0156-S-2011', 1)":"PASA A DIPUTADOS -","('0156-S-2011', 2)":null},"('Tramites', 'FECHA')":{"('0156-S-2011', 0)":"02\/11\/2011","('0156-S-2011', 1)":null,"('0156-S-2011', 2)":null},"('Tramites', 'RESULTADO')":{"('0156-S-2011', 0)":"MEDIA SANCION","('0156-S-2011', 1)":null,"('0156-S-2011', 2)":null},"Sumario":{"('0156-S-2011', 0)":"CARGO: CONSTRUCCION DE UNA CALLE PUBLICA.","('0156-S-2011', 1)":null,"('0156-S-2011', 2)":null},"Palabra Clave":{"('0156-S-2011', 0)":" ","('0156-S-2011', 1)":null,"('0156-S-2011', 2)":null}}