{"Tipo de Proyecto":{"('0157-D-2011', 0)":"PROYECTO DE RESOLUCI\u00d3N"},"Iniciado en: ":{"('0157-D-2011', 0)":"Diputados"},"Expediente Diputados: ":{"('0157-D-2011', 0)":"0157-D-2011"},"Publicado en: ":{"('0157-D-2011', 0)":"Tr\u00e1mite Parlamentario N\u00b0 2"},"Fecha: ":{"('0157-D-2011', 0)":"02\/03\/2011"},"T\u00edtulo":{"('0157-D-2011', 0)":"EXPRESAR BENEPLACITO POR LA CONFORMACION DEL \"PRIMER  CORO JUVENIL BILING\u00dcE INTERINSTITUCIONAL\", INTEGRADO POR ALUMNOS SECUNDARIOS DE LA ENS 87 Y ALUMNOS DE LA ESCUELA PRIMARIA DEL BARRIO TOBA DE RESISTENCIA UEP N\u00ba 30, PROVINCIA DEL CHACO."},"('Firmantes', 'FIRMANTE')":{"('0157-D-2011', 0)":"MORANTE, ANTONIO ARNALDO MARIA"},"('Firmantes', 'DISTRITO')":{"('0157-D-2011', 0)":"CHACO"},"('Firmantes', 'BLOQUE')":{"('0157-D-2011', 0)":"FRENTE PARA LA VICTORIA - PJ"},"('Giros', 'COMISI\u00d3N')":{"('0157-D-2011', 0)":"EDUCACION"},"('Tramites', 'C\u00c1MARA')":{"('0157-D-2011', 0)":"Diputados"},"('Tramites', 'MOVIMIENTO')":{"('0157-D-2011', 0)":"APROBACION ARTICULO 114 DEL REGLAMENTO DE LA H CAMARA DE DIPUTADOS; COMUNICADO EL 31\/05\/2011"},"('Tramites', 'FECHA')":{"('0157-D-2011', 0)":null},"('Tramites', 'RESULTADO')":{"('0157-D-2011', 0)":"APROBADO"},"Link":{"('0157-D-2011', 0)":"https:\/\/www.hcdn.gob.ar\/proyectos\/textoCompleto.jsp?exp=0157-D-2011&tipo=RESOLUCION"},"Palabra Clave":{"('0157-D-2011', 0)":" "}}