{"Tipo de Proyecto":{"('0157-S-2011', 0)":"PROYECTO DE LEY"},"Iniciado en: ":{"('0157-S-2011', 0)":"Senado"},"Expediente Senado: ":{"('0157-S-2011', 0)":"0157-S-2011"},"Publicado en: ":{"('0157-S-2011', 0)":"Diario de Asuntos Entrados N\u00b0 9"},"Fecha: ":{"('0157-S-2011', 0)":"03\/03\/2011"},"T\u00edtulo":{"('0157-S-2011', 0)":"RECORDAR EL 13 DE JUNIO DE CADA A\u00d1O EL NACIMIENTO DEL GENERAL JUAN ANTONIO ALVAREZ DE ARENALES E INCORPORANDOLA AL CALENDARIO ESCOLAR."},"('Firmantes', 'FIRMANTE')":{"('0157-S-2011', 0)":"BASUALDO, ROBERTO GUSTAVO"},"('Firmantes', 'DISTRITO')":{"('0157-S-2011', 0)":"SAN JUAN"},"('Firmantes', 'BLOQUE')":{"('0157-S-2011', 0)":"PRODUCCION Y TRABAJO"},"Link":{"('0157-S-2011', 0)":"http:\/\/www.senado.gov.ar\/parlamentario\/comisiones\/verExp\/157.11\/S\/PL"},"Palabra Clave":{"('0157-S-2011', 0)":" "}}