{"Tipo de Proyecto":{"('0160-S-2011', 0)":"PROYECTO DE LEY"},"Iniciado en: ":{"('0160-S-2011', 0)":"Senado"},"Expediente Senado: ":{"('0160-S-2011', 0)":"0160-S-2011"},"Publicado en: ":{"('0160-S-2011', 0)":"Diario de Asuntos Entrados N\u00b0 9"},"Fecha: ":{"('0160-S-2011', 0)":"03\/03\/2011"},"T\u00edtulo":{"('0160-S-2011', 0)":"MODIFICACION DEL CODIGO CIVIL: INCORPORACION DEL ARTICULO 313 BIS ACERCA DE LA NO DISCRIMINACION DEL NI\u00d1O EN CONDICIONES DE ADOPCION POR RAZONES DE RAZA, ETNIA O RELIGION POR PARTE DE LOS ADOPTANTES."},"('Firmantes', 'FIRMANTE')":{"('0160-S-2011', 0)":"BASUALDO, ROBERTO GUSTAVO"},"('Firmantes', 'DISTRITO')":{"('0160-S-2011', 0)":"SAN JUAN"},"('Firmantes', 'BLOQUE')":{"('0160-S-2011', 0)":"PRODUCCION Y TRABAJO"},"Link":{"('0160-S-2011', 0)":"http:\/\/www.senado.gov.ar\/parlamentario\/comisiones\/verExp\/160.11\/S\/PL"},"Palabra Clave":{"('0160-S-2011', 0)":" "}}