{"Tipo de Proyecto":{"('0160-PE-2011', 0)":"MENSAJE NRO: 0896\/11","('0160-PE-2011', 1)":null},"Iniciado en: ":{"('0160-PE-2011', 0)":"Senado","('0160-PE-2011', 1)":null},"Expediente Senado: ":{"('0160-PE-2011', 0)":"0160-PE-2011","('0160-PE-2011', 1)":null},"Publicado en: ":{"('0160-PE-2011', 0)":"DAE S.A. N\u00b0 3","('0160-PE-2011', 1)":null},"Fecha: ":{"('0160-PE-2011', 0)":"08\/07\/2011","('0160-PE-2011', 1)":null},"T\u00edtulo":{"('0160-PE-2011', 0)":"SOLICITA ACUERDO PARA DESIGNAR JUEZA DEL JUZGADO FEDERAL DE PRIMERA INSTANCIA DE OBERA, PROVINCIA DE MISIONES, A LA DOCTORA MARIA VERONICA SKANATA .  \n \n","('0160-PE-2011', 1)":null},"('Firmantes', 'FIRMANTE')":{"('0160-PE-2011', 0)":"FERNANDEZ DE KIRCHNER, CRISTINA","('0160-PE-2011', 1)":"ALAK, JULIO"},"('Firmantes', 'DISTRITO')":{"('0160-PE-2011', 0)":null,"('0160-PE-2011', 1)":null},"('Firmantes', 'BLOQUE')":{"('0160-PE-2011', 0)":"PODER EJECUTIVO","('0160-PE-2011', 1)":"PODER EJECUTIVO"},"('Tramites', 'C\u00c1MARA')":{"('0160-PE-2011', 0)":"Senado","('0160-PE-2011', 1)":"Senado"},"('Tramites', 'MOVIMIENTO')":{"('0160-PE-2011', 0)":"MOCION SOBRE TABLAS CON DICTAMEN (AFIRMATIVA)","('0160-PE-2011', 1)":"CONSIDERACION Y APROBACION"},"('Tramites', 'FECHA')":{"('0160-PE-2011', 0)":"31\/08\/2011","('0160-PE-2011', 1)":"31\/08\/2011"},"('Tramites', 'RESULTADO')":{"('0160-PE-2011', 0)":null,"('0160-PE-2011', 1)":"APROBADO"},"Palabra Clave":{"('0160-PE-2011', 0)":" ","('0160-PE-2011', 1)":null}}