{"Tipo de Proyecto":{"('0160-D-2011', 0)":"PROYECTO DE RESOLUCI\u00d3N"},"Iniciado en: ":{"('0160-D-2011', 0)":"Diputados"},"Expediente Diputados: ":{"('0160-D-2011', 0)":"0160-D-2011"},"Publicado en: ":{"('0160-D-2011', 0)":"Tr\u00e1mite Parlamentario N\u00b0 2"},"Fecha: ":{"('0160-D-2011', 0)":"02\/03\/2011"},"T\u00edtulo":{"('0160-D-2011', 0)":"DECLARAR DE INTERES DE ESTA H. CAMARA EL \"ENCUENTRO REGIONAL DE AGROECOLOGIA 2011\" ORGANIZADO POR EL MOVIMIENTO  AGROECOLOGICO CHAQUE\u00d1O,  A REALIZARSE EN PARAJE BUENA VISTA, MUNICIPIO  DE GENERAL SAN MARTIN, PROVINCIA DE CHACO, DEL 11 AL 13 DE MARZO DE 2011."},"('Firmantes', 'FIRMANTE')":{"('0160-D-2011', 0)":"MORANTE, ANTONIO ARNALDO MARIA"},"('Firmantes', 'DISTRITO')":{"('0160-D-2011', 0)":"CHACO"},"('Firmantes', 'BLOQUE')":{"('0160-D-2011', 0)":"FRENTE PARA LA VICTORIA - PJ"},"('Giros', 'COMISI\u00d3N')":{"('0160-D-2011', 0)":"AGRICULTURA Y GANADERIA"},"Link":{"('0160-D-2011', 0)":"https:\/\/www.hcdn.gob.ar\/proyectos\/textoCompleto.jsp?exp=0160-D-2011&tipo=RESOLUCION"},"Palabra Clave":{"('0160-D-2011', 0)":" "}}