{"Tipo de Proyecto":{"('0161-D-2011', 0)":"PROYECTO DE RESOLUCI\u00d3N"},"Iniciado en: ":{"('0161-D-2011', 0)":"Diputados"},"Expediente Diputados: ":{"('0161-D-2011', 0)":"0161-D-2011"},"Publicado en: ":{"('0161-D-2011', 0)":"Tr\u00e1mite Parlamentario N\u00b0 2"},"Fecha: ":{"('0161-D-2011', 0)":"02\/03\/2011"},"T\u00edtulo":{"('0161-D-2011', 0)":"DECLARAR DE INTERES DE LA H. CAMARA  LA \"EXPO AGRONEA 2011\" A REALIZARSE EN LA CIUDAD DE CHARATA, PROVINCIA DE CHACO, DEL 24 AL 26 DE JUNIO DE 2011. "},"('Firmantes', 'FIRMANTE')":{"('0161-D-2011', 0)":"MORANTE, ANTONIO ARNALDO MARIA"},"('Firmantes', 'DISTRITO')":{"('0161-D-2011', 0)":"CHACO"},"('Firmantes', 'BLOQUE')":{"('0161-D-2011', 0)":"FRENTE PARA LA VICTORIA - PJ"},"('Giros', 'COMISI\u00d3N')":{"('0161-D-2011', 0)":"AGRICULTURA Y GANADERIA"},"('Tramites', 'C\u00c1MARA')":{"('0161-D-2011', 0)":"Diputados"},"('Tramites', 'MOVIMIENTO')":{"('0161-D-2011', 0)":"APROBACION ARTICULO 114 DEL REGLAMENTO DE LA H CAMARA DE DIPUTADOS; COMUNICADO EL 18\/05\/2011 CONJUNTAMENTE PARA LOS EXPEDIENTES 0161-D-2011 y 0571-D-2011"},"('Tramites', 'FECHA')":{"('0161-D-2011', 0)":null},"('Tramites', 'RESULTADO')":{"('0161-D-2011', 0)":"APROBADO"},"Link":{"('0161-D-2011', 0)":"https:\/\/www.hcdn.gob.ar\/proyectos\/textoCompleto.jsp?exp=0161-D-2011&tipo=RESOLUCION"},"Palabra Clave":{"('0161-D-2011', 0)":" "}}