{"Tipo de Proyecto":{"('0163-PE-2011', 0)":"MENSAJE NRO: 0899\/11","('0163-PE-2011', 1)":null},"Iniciado en: ":{"('0163-PE-2011', 0)":"Senado","('0163-PE-2011', 1)":null},"Expediente Senado: ":{"('0163-PE-2011', 0)":"0163-PE-2011","('0163-PE-2011', 1)":null},"Publicado en: ":{"('0163-PE-2011', 0)":"DAE S.A. N\u00b0 3","('0163-PE-2011', 1)":null},"Fecha: ":{"('0163-PE-2011', 0)":"08\/07\/2011","('0163-PE-2011', 1)":null},"T\u00edtulo":{"('0163-PE-2011', 0)":"SOLICITA ACUERDO PARA DESIGNAR JUEZ DEL JUZGADO FEDERAL DE PRIMERA INSTANCIA NUMERO 1 DE SALTA , PROVINCIA DE SALTA, AL DOCTOR EDGARDO SANTIAGO LOPEZ HERRERA . ","('0163-PE-2011', 1)":null},"('Firmantes', 'FIRMANTE')":{"('0163-PE-2011', 0)":"FERNANDEZ DE KIRCHNER, CRISTINA","('0163-PE-2011', 1)":"ALAK, JULIO"},"('Firmantes', 'DISTRITO')":{"('0163-PE-2011', 0)":null,"('0163-PE-2011', 1)":null},"('Firmantes', 'BLOQUE')":{"('0163-PE-2011', 0)":"PODER EJECUTIVO","('0163-PE-2011', 1)":"PODER EJECUTIVO"},"('Tramites', 'C\u00c1MARA')":{"('0163-PE-2011', 0)":"Senado","('0163-PE-2011', 1)":"Senado"},"('Tramites', 'MOVIMIENTO')":{"('0163-PE-2011', 0)":"SOLICITUD DE RETIRO DEL MENSAJE (EXPEDIENTE 0304-PE-11, MENSAJE 1342\/11, DAE SUPLEMENTO ACUERDOS 7) (AFIRMATIVA)","('0163-PE-2011', 1)":"CONSIDERACION Y RETIRO"},"('Tramites', 'FECHA')":{"('0163-PE-2011', 0)":"02\/11\/2011","('0163-PE-2011', 1)":"02\/11\/2011"},"('Tramites', 'RESULTADO')":{"('0163-PE-2011', 0)":null,"('0163-PE-2011', 1)":"RETIRADO"},"Palabra Clave":{"('0163-PE-2011', 0)":" ","('0163-PE-2011', 1)":null}}