{"Tipo de Proyecto":{"('0164-PE-2011', 0)":"MENSAJE NRO: 0900\/11","('0164-PE-2011', 1)":null},"Iniciado en: ":{"('0164-PE-2011', 0)":"Senado","('0164-PE-2011', 1)":null},"Expediente Senado: ":{"('0164-PE-2011', 0)":"0164-PE-2011","('0164-PE-2011', 1)":null},"Publicado en: ":{"('0164-PE-2011', 0)":"DAE S.A. N\u00b0 3","('0164-PE-2011', 1)":null},"Fecha: ":{"('0164-PE-2011', 0)":"08\/07\/2011","('0164-PE-2011', 1)":null},"T\u00edtulo":{"('0164-PE-2011', 0)":"SOLICITA ACUERDO PARA DESIGNAR FISCAL GENERAL ANTE LA CAMARA NACIONAL DE CASACION PENAL, FISCALIA NUMERO 4 AL DOCTOR JAVIER AUGUSTO DE LUCA.","('0164-PE-2011', 1)":null},"('Firmantes', 'FIRMANTE')":{"('0164-PE-2011', 0)":"FERNANDEZ DE KIRCHNER, CRISTINA","('0164-PE-2011', 1)":"ALAK, JULIO"},"('Firmantes', 'DISTRITO')":{"('0164-PE-2011', 0)":null,"('0164-PE-2011', 1)":null},"('Firmantes', 'BLOQUE')":{"('0164-PE-2011', 0)":"PODER EJECUTIVO","('0164-PE-2011', 1)":"PODER EJECUTIVO"},"('Tramites', 'C\u00c1MARA')":{"('0164-PE-2011', 0)":"Senado","('0164-PE-2011', 1)":"Senado"},"('Tramites', 'MOVIMIENTO')":{"('0164-PE-2011', 0)":"MOCION SOBRE TABLAS CON DICTAMEN (AFIRMATIVA)","('0164-PE-2011', 1)":"CONSIDERACION Y APROBACION"},"('Tramites', 'FECHA')":{"('0164-PE-2011', 0)":"31\/08\/2011","('0164-PE-2011', 1)":"31\/08\/2011"},"('Tramites', 'RESULTADO')":{"('0164-PE-2011', 0)":null,"('0164-PE-2011', 1)":"APROBADO"},"Palabra Clave":{"('0164-PE-2011', 0)":" ","('0164-PE-2011', 1)":null}}