{"Tipo de Proyecto":{"('0164-D-2011', 0)":"PROYECTO DE RESOLUCI\u00d3N"},"Iniciado en: ":{"('0164-D-2011', 0)":"Diputados"},"Expediente Diputados: ":{"('0164-D-2011', 0)":"0164-D-2011"},"Publicado en: ":{"('0164-D-2011', 0)":"Tr\u00e1mite Parlamentario N\u00b0 2"},"Fecha: ":{"('0164-D-2011', 0)":"02\/03\/2011"},"T\u00edtulo":{"('0164-D-2011', 0)":"DECLARAR DE INTERES DE LA H. CAMARA  LA JORNADA \"LA CUESTION CRIMINAL EN EL HORIZONTE DE LOS DERECHOS HUMANOS\" A TRES A\u00d1OS DE LA REFORMA PSIQUIATRICA DE LA UNIDAD 20. EL FIN DE LA PELIGROSIDAD POSITIVA. EN EL HORIZONTE DE LA CREACION DE UNA PSIQUIATRIA DEMOCRATICA Y UNA CLINICA DE LA VULNERABILIDAD\". ORGANIZADO POR LA UNIVERSIDAD DE LANUS,  A REALIZARSE EL 17 DE MARZO DE 2011."},"('Firmantes', 'FIRMANTE')":{"('0164-D-2011', 0)":"MORANTE, ANTONIO ARNALDO MARIA"},"('Firmantes', 'DISTRITO')":{"('0164-D-2011', 0)":"CHACO"},"('Firmantes', 'BLOQUE')":{"('0164-D-2011', 0)":"FRENTE PARA LA VICTORIA - PJ"},"('Giros', 'COMISI\u00d3N')":{"('0164-D-2011', 0)":"EDUCACION"},"('Tramites', 'C\u00c1MARA')":{"('0164-D-2011', 0)":"Diputados"},"('Tramites', 'MOVIMIENTO')":{"('0164-D-2011', 0)":"APROBACION ARTICULO 114 DEL REGLAMENTO DE LA H CAMARA DE DIPUTADOS; COMUNICADO EL 31\/05\/2011"},"('Tramites', 'FECHA')":{"('0164-D-2011', 0)":null},"('Tramites', 'RESULTADO')":{"('0164-D-2011', 0)":"APROBADO"},"Link":{"('0164-D-2011', 0)":"https:\/\/www.hcdn.gob.ar\/proyectos\/textoCompleto.jsp?exp=0164-D-2011&tipo=RESOLUCION"},"Palabra Clave":{"('0164-D-2011', 0)":" "}}