{"Tipo de Proyecto":{"('0164-S-2011', 0)":"MENSAJE NRO: 1645\/11 Y PROYECTO DE LEY","('0164-S-2011', 1)":null,"('0164-S-2011', 2)":null,"('0164-S-2011', 3)":null},"Iniciado en: ":{"('0164-S-2011', 0)":"Senado","('0164-S-2011', 1)":null,"('0164-S-2011', 2)":null,"('0164-S-2011', 3)":null},"Expediente Diputados: ":{"('0164-S-2011', 0)":"0164-S-2011","('0164-S-2011', 1)":null,"('0164-S-2011', 2)":null,"('0164-S-2011', 3)":null},"Expediente Senado: ":{"('0164-S-2011', 0)":"0336-PE-2011","('0164-S-2011', 1)":null,"('0164-S-2011', 2)":null,"('0164-S-2011', 3)":null},"Publicado en: ":{"('0164-S-2011', 0)":"Diario de Asuntos Entrados N\u00b0 142","('0164-S-2011', 1)":null,"('0164-S-2011', 2)":null,"('0164-S-2011', 3)":null},"Fecha: ":{"('0164-S-2011', 0)":"21\/10\/2011","('0164-S-2011', 1)":null,"('0164-S-2011', 2)":null,"('0164-S-2011', 3)":null},"T\u00edtulo":{"('0164-S-2011', 0)":"APROBACION DEL ACUERDO CON EL GOBIERNO DE LA REPUBLICA FEDERATIVA DEL BRASIL PARA LA CONSTRUCCION DE UN PUENTE INTERNACIONAL SOBRE EL RIO PEPIRI - GUAZU, ENTRE LAS CIUDADES DE SAN PEDRO, ARGENTINA, Y PARAISO, BRASIL, CELEBRADO EN BUENOS AIRES, EL 31 DE ENERO DE 2011.","('0164-S-2011', 1)":null,"('0164-S-2011', 2)":null,"('0164-S-2011', 3)":null},"('Firmantes', 'FIRMANTE')":{"('0164-S-2011', 0)":"FERNANDEZ DE KIRCHNER, CRISTINA","('0164-S-2011', 1)":"FERNANDEZ, ANIBAL","('0164-S-2011', 2)":"TIMERMAN, HECTOR MARCOS","('0164-S-2011', 3)":null},"('Firmantes', 'DISTRITO')":{"('0164-S-2011', 0)":null,"('0164-S-2011', 1)":null,"('0164-S-2011', 2)":null,"('0164-S-2011', 3)":null},"('Firmantes', 'BLOQUE')":{"('0164-S-2011', 0)":"PODER EJECUTIVO","('0164-S-2011', 1)":"PODER EJECUTIVO","('0164-S-2011', 2)":"PODER EJECUTIVO","('0164-S-2011', 3)":null},"('Giros', 'COMISI\u00d3N')":{"('0164-S-2011', 0)":"RELACIONES EXTERIORES Y CULTO","('0164-S-2011', 1)":"TRANSPORTES","('0164-S-2011', 2)":null,"('0164-S-2011', 3)":null},"('Tramites', 'C\u00c1MARA')":{"('0164-S-2011', 0)":"Senado","('0164-S-2011', 1)":"Senado","('0164-S-2011', 2)":"Diputados","('0164-S-2011', 3)":"Diputados"},"('Tramites', 'MOVIMIENTO')":{"('0164-S-2011', 0)":"MOCION SOBRE TABLAS (AFIRMATIVA)","('0164-S-2011', 1)":"CONSIDERACION Y APROBACION","('0164-S-2011', 2)":"PASA A DIPUTADOS -","('0164-S-2011', 3)":"CONSIDERACION Y SANCION"},"('Tramites', 'FECHA')":{"('0164-S-2011', 0)":"14\/12\/2011","('0164-S-2011', 1)":"14\/12\/2011","('0164-S-2011', 2)":null,"('0164-S-2011', 3)":"02\/07\/2014"},"('Tramites', 'RESULTADO')":{"('0164-S-2011', 0)":null,"('0164-S-2011', 1)":"MEDIA SANCION","('0164-S-2011', 2)":null,"('0164-S-2011', 3)":"SANCIONADO"},"Link":{"('0164-S-2011', 0)":"https:\/\/www4.hcdn.gob.ar\/dependencias\/dsecretaria\/Periodo2011\/PDF2011\/TP2011\/0164-S-11.pdf","('0164-S-2011', 1)":null,"('0164-S-2011', 2)":null,"('0164-S-2011', 3)":null},"Palabra Clave":{"('0164-S-2011', 0)":" ","('0164-S-2011', 1)":null,"('0164-S-2011', 2)":null,"('0164-S-2011', 3)":null}}