{"Tipo de Proyecto":{"('0165-S-2011', 0)":"MENSAJE NRO: 1646\/11 Y PROYECTO DE LEY","('0165-S-2011', 1)":null,"('0165-S-2011', 2)":null,"('0165-S-2011', 3)":null},"Iniciado en: ":{"('0165-S-2011', 0)":"Senado","('0165-S-2011', 1)":null,"('0165-S-2011', 2)":null,"('0165-S-2011', 3)":null},"Expediente Diputados: ":{"('0165-S-2011', 0)":"0165-S-2011","('0165-S-2011', 1)":null,"('0165-S-2011', 2)":null,"('0165-S-2011', 3)":null},"Expediente Senado: ":{"('0165-S-2011', 0)":"0337-PE-2011","('0165-S-2011', 1)":null,"('0165-S-2011', 2)":null,"('0165-S-2011', 3)":null},"Publicado en: ":{"('0165-S-2011', 0)":"Diario de Asuntos Entrados N\u00b0 142","('0165-S-2011', 1)":null,"('0165-S-2011', 2)":null,"('0165-S-2011', 3)":null},"Fecha: ":{"('0165-S-2011', 0)":"14\/10\/2011","('0165-S-2011', 1)":null,"('0165-S-2011', 2)":null,"('0165-S-2011', 3)":null},"T\u00edtulo":{"('0165-S-2011', 0)":"APROBACION DEL PROTOCOLO SOBRE EL COMERCIO DE SERVICIOS ENTRE MERCOSUR Y CHILE, APROBADO EN MONTEVIDEO, REPUBLICA ORIENTAL DEL URUGUAY - EL 27 DE MAYO DE 2009.","('0165-S-2011', 1)":null,"('0165-S-2011', 2)":null,"('0165-S-2011', 3)":null},"('Firmantes', 'FIRMANTE')":{"('0165-S-2011', 0)":"FERNANDEZ DE KIRCHNER, CRISTINA","('0165-S-2011', 1)":"FERNANDEZ, ANIBAL","('0165-S-2011', 2)":"TIMERMAN, HECTOR MARCOS","('0165-S-2011', 3)":"BOUDOU, AMADO"},"('Firmantes', 'DISTRITO')":{"('0165-S-2011', 0)":null,"('0165-S-2011', 1)":null,"('0165-S-2011', 2)":null,"('0165-S-2011', 3)":null},"('Firmantes', 'BLOQUE')":{"('0165-S-2011', 0)":"PODER EJECUTIVO","('0165-S-2011', 1)":"PODER EJECUTIVO","('0165-S-2011', 2)":"PODER EJECUTIVO","('0165-S-2011', 3)":"PODER EJECUTIVO"},"('Giros', 'COMISI\u00d3N')":{"('0165-S-2011', 0)":"RELACIONES EXTERIORES Y CULTO","('0165-S-2011', 1)":"COMERCIO","('0165-S-2011', 2)":null,"('0165-S-2011', 3)":null},"('Tramites', 'C\u00c1MARA')":{"('0165-S-2011', 0)":"Senado","('0165-S-2011', 1)":"Senado","('0165-S-2011', 2)":"Diputados","('0165-S-2011', 3)":"Diputados"},"('Tramites', 'MOVIMIENTO')":{"('0165-S-2011', 0)":"MOCION SOBRE TABLAS (AFIRMATIVA)","('0165-S-2011', 1)":"CONSIDERACION Y APROBACION","('0165-S-2011', 2)":"PASA A DIPUTADOS -","('0165-S-2011', 3)":"CONSIDERACION Y SANCION"},"('Tramites', 'FECHA')":{"('0165-S-2011', 0)":"14\/12\/2011","('0165-S-2011', 1)":"14\/12\/2011","('0165-S-2011', 2)":null,"('0165-S-2011', 3)":"19\/11\/2014"},"('Tramites', 'RESULTADO')":{"('0165-S-2011', 0)":null,"('0165-S-2011', 1)":"MEDIA SANCION","('0165-S-2011', 2)":null,"('0165-S-2011', 3)":"SANCIONADO"},"Link":{"('0165-S-2011', 0)":"https:\/\/www4.hcdn.gob.ar\/dependencias\/dsecretaria\/Periodo2011\/PDF2011\/TP2011\/0165-S-11.pdf","('0165-S-2011', 1)":null,"('0165-S-2011', 2)":null,"('0165-S-2011', 3)":null},"Palabra Clave":{"('0165-S-2011', 0)":" ","('0165-S-2011', 1)":null,"('0165-S-2011', 2)":null,"('0165-S-2011', 3)":null}}