{"Tipo de Proyecto":{"('0168-D-2011', 0)":"PROYECTO DE RESOLUCI\u00d3N"},"Iniciado en: ":{"('0168-D-2011', 0)":"Diputados"},"Expediente Diputados: ":{"('0168-D-2011', 0)":"0168-D-2011"},"Publicado en: ":{"('0168-D-2011', 0)":"Tr\u00e1mite Parlamentario N\u00b0 2"},"Fecha: ":{"('0168-D-2011', 0)":"02\/03\/2011"},"T\u00edtulo":{"('0168-D-2011', 0)":"DECLARAR DE INTERES DE LA H. CAMARA EL MANUAL DE DISTRIBUCION GRATUITA \"CUANDO SOSPECHAR CANCER EN EL NI\u00d1O\", ELABORADO POR EL EQUIPO DE TRABAJO DEL REGISTRO ONCOPEDIATRICO HOSPITALARIO ARGENTINO (ROHA) Y EDITADO POR LA FUNDACION HOSPITAL DE PEDIATRIA PROF DR JUAN P. GARRAHAN"},"('Firmantes', 'FIRMANTE')":{"('0168-D-2011', 0)":"MORANTE, ANTONIO ARNALDO MARIA"},"('Firmantes', 'DISTRITO')":{"('0168-D-2011', 0)":"CHACO"},"('Firmantes', 'BLOQUE')":{"('0168-D-2011', 0)":"FRENTE PARA LA VICTORIA - PJ"},"('Giros', 'COMISI\u00d3N')":{"('0168-D-2011', 0)":"ACCION SOCIAL Y SALUD PUBLICA"},"Link":{"('0168-D-2011', 0)":"https:\/\/www.hcdn.gob.ar\/proyectos\/textoCompleto.jsp?exp=0168-D-2011&tipo=RESOLUCION"},"Palabra Clave":{"('0168-D-2011', 0)":" "}}