{"Tipo de Proyecto":{"('0169-S-2011', 0)":"PROYECTO DE DECLARACI\u00d3N","('0169-S-2011', 1)":null},"Iniciado en: ":{"('0169-S-2011', 0)":"Senado","('0169-S-2011', 1)":null},"Expediente Senado: ":{"('0169-S-2011', 0)":"0169-S-2011","('0169-S-2011', 1)":null},"Publicado en: ":{"('0169-S-2011', 0)":"Diario de Asuntos Entrados N\u00b0 9","('0169-S-2011', 1)":null},"Fecha: ":{"('0169-S-2011', 0)":"03\/03\/2011","('0169-S-2011', 1)":null},"T\u00edtulo":{"('0169-S-2011', 0)":"ADHERIR A LA CONMEMORACION DEL DIA DE LA ANTARTIDA ARGENTINA, EL 22 DE FEBRERO . ","('0169-S-2011', 1)":null},"('Firmantes', 'FIRMANTE')":{"('0169-S-2011', 0)":"BASUALDO, ROBERTO GUSTAVO","('0169-S-2011', 1)":null},"('Firmantes', 'DISTRITO')":{"('0169-S-2011', 0)":"SAN JUAN","('0169-S-2011', 1)":null},"('Firmantes', 'BLOQUE')":{"('0169-S-2011', 0)":"PRODUCCION Y TRABAJO","('0169-S-2011', 1)":null},"('Tramites', 'C\u00c1MARA')":{"('0169-S-2011', 0)":"Senado","('0169-S-2011', 1)":"Senado"},"('Tramites', 'MOVIMIENTO')":{"('0169-S-2011', 0)":"MOCION SOBRE TABLAS (AFIRMATIVA) CONJUNTAMENTE PARA LOS EXPEDIENTES 0026-S-2011 y 0169-S-2011","('0169-S-2011', 1)":"CONSIDERACION Y APROBACION CONJUNTAMENTE PARA LOS EXPEDIENTES 0026-S-2011 y 0169-S-2011"},"('Tramites', 'FECHA')":{"('0169-S-2011', 0)":"16\/03\/2011","('0169-S-2011', 1)":"16\/03\/2011"},"('Tramites', 'RESULTADO')":{"('0169-S-2011', 0)":null,"('0169-S-2011', 1)":"APROBADO"},"Link":{"('0169-S-2011', 0)":"http:\/\/www.senado.gov.ar\/parlamentario\/comisiones\/verExp\/169.11\/S\/PD","('0169-S-2011', 1)":null},"Palabra Clave":{"('0169-S-2011', 0)":" ","('0169-S-2011', 1)":null}}