{"Tipo de Proyecto":{"('0170-D-2011', 0)":"PROYECTO DE RESOLUCI\u00d3N"},"Iniciado en: ":{"('0170-D-2011', 0)":"Diputados"},"Expediente Diputados: ":{"('0170-D-2011', 0)":"0170-D-2011"},"Publicado en: ":{"('0170-D-2011', 0)":"Tr\u00e1mite Parlamentario N\u00b0 2"},"Fecha: ":{"('0170-D-2011', 0)":"02\/03\/2011"},"T\u00edtulo":{"('0170-D-2011', 0)":"SOLICITAR AL PODER EJECUTIVO QUE DEROGUE NORMAS ESTABLECIDAS EN LOS DECRETOS 848\/73 Y 143\/74, SOBRE PADRINAZGO PRESIDENCIAL."},"('Firmantes', 'FIRMANTE')":{"('0170-D-2011', 0)":"MORANTE, ANTONIO ARNALDO MARIA"},"('Firmantes', 'DISTRITO')":{"('0170-D-2011', 0)":"CHACO"},"('Firmantes', 'BLOQUE')":{"('0170-D-2011', 0)":"FRENTE PARA LA VICTORIA - PJ"},"('Giros', 'COMISI\u00d3N')":{"('0170-D-2011', 0)":"LEGISLACION GENERAL"},"Link":{"('0170-D-2011', 0)":"https:\/\/www.hcdn.gob.ar\/proyectos\/textoCompleto.jsp?exp=0170-D-2011&tipo=RESOLUCION"},"Palabra Clave":{"('0170-D-2011', 0)":" "}}