{"Tipo de Proyecto":{"('0172-D-2011', 0)":"PROYECTO DE RESOLUCI\u00d3N"},"Iniciado en: ":{"('0172-D-2011', 0)":"Diputados"},"Expediente Diputados: ":{"('0172-D-2011', 0)":"0172-D-2011"},"Publicado en: ":{"('0172-D-2011', 0)":"Tr\u00e1mite Parlamentario N\u00b0 2"},"Fecha: ":{"('0172-D-2011', 0)":"02\/03\/2011"},"T\u00edtulo":{"('0172-D-2011', 0)":"EXPRESAR BENEPLACITO POR LA DECISION ADOPTADA POR EL PODER EJECUTIVO DE INCLUIR EN EL PROGRAMA DE VACUNACION OFICIAL DE LA NACION, LA VACUNA CONTRA EL VIRUS PAPILOMA HUMANO (HVP)."},"('Firmantes', 'FIRMANTE')":{"('0172-D-2011', 0)":"MORANTE, ANTONIO ARNALDO MARIA"},"('Firmantes', 'DISTRITO')":{"('0172-D-2011', 0)":"CHACO"},"('Firmantes', 'BLOQUE')":{"('0172-D-2011', 0)":"FRENTE PARA LA VICTORIA - PJ"},"('Giros', 'COMISI\u00d3N')":{"('0172-D-2011', 0)":"ACCION SOCIAL Y SALUD PUBLICA"},"Link":{"('0172-D-2011', 0)":"https:\/\/www.hcdn.gob.ar\/proyectos\/textoCompleto.jsp?exp=0172-D-2011&tipo=RESOLUCION"},"Palabra Clave":{"('0172-D-2011', 0)":" "}}