{"Tipo de Proyecto":{"('0174-S-2011', 0)":"PROYECTO DE DECLARACI\u00d3N","('0174-S-2011', 1)":null},"Iniciado en: ":{"('0174-S-2011', 0)":"Senado","('0174-S-2011', 1)":null},"Expediente Senado: ":{"('0174-S-2011', 0)":"0174-S-2011","('0174-S-2011', 1)":null},"Publicado en: ":{"('0174-S-2011', 0)":"Diario de Asuntos Entrados N\u00b0 10","('0174-S-2011', 1)":null},"Fecha: ":{"('0174-S-2011', 0)":"04\/03\/2011","('0174-S-2011', 1)":null},"T\u00edtulo":{"('0174-S-2011', 0)":"ADHERIR A LA CONMEMORACION DEL DIA INTERNACIONAL DE LA MUJER, EL 8 DE MARZO.","('0174-S-2011', 1)":null},"('Firmantes', 'FIRMANTE')":{"('0174-S-2011', 0)":"PERSICO, DANIEL RAUL","('0174-S-2011', 1)":null},"('Firmantes', 'DISTRITO')":{"('0174-S-2011', 0)":"SAN LUIS","('0174-S-2011', 1)":null},"('Firmantes', 'BLOQUE')":{"('0174-S-2011', 0)":"FRENTE PARA LA VICTORIA - PJ","('0174-S-2011', 1)":null},"('Tramites', 'C\u00c1MARA')":{"('0174-S-2011', 0)":"Senado","('0174-S-2011', 1)":"Senado"},"('Tramites', 'MOVIMIENTO')":{"('0174-S-2011', 0)":"MOCION SOBRE TABLAS (AFIRMATIVA) CONJUNTAMENTE PARA LOS EXPEDIENTES 4421-S-2010, 0005-S-2011, 0048-S-2011, 0066-S-2011, 0076-S-2011, 0080-S-2011, 0118-S-2011, 0167-S-2011, 0174-S-2011, 0194-S-2011 y 0280-S-2011","('0174-S-2011', 1)":"CONSIDERACION Y APROBACION (TEXTO UNIFICADO) CONJUNTAMENTE PARA LOS EXPEDIENTES 4421-S-2010, 0005-S-2011, 0048-S-2011, 0066-S-2011, 0076-S-2011, 0080-S-2011, 0118-S-2011, 0167-S-2011, 0174-S-2011, 0194-S-2011 y 0280-S-2011"},"('Tramites', 'FECHA')":{"('0174-S-2011', 0)":"16\/03\/2011","('0174-S-2011', 1)":"16\/03\/2011"},"('Tramites', 'RESULTADO')":{"('0174-S-2011', 0)":null,"('0174-S-2011', 1)":"APROBADO"},"Link":{"('0174-S-2011', 0)":"http:\/\/www.senado.gov.ar\/parlamentario\/comisiones\/verExp\/174.11\/S\/PD","('0174-S-2011', 1)":null},"Palabra Clave":{"('0174-S-2011', 0)":" ","('0174-S-2011', 1)":null}}