{"Tipo de Proyecto":{"('0175-S-2011', 0)":"PROYECTO DE DECLARACI\u00d3N","('0175-S-2011', 1)":null},"Iniciado en: ":{"('0175-S-2011', 0)":"Senado","('0175-S-2011', 1)":null},"Expediente Senado: ":{"('0175-S-2011', 0)":"0175-S-2011","('0175-S-2011', 1)":null},"Publicado en: ":{"('0175-S-2011', 0)":"Diario de Asuntos Entrados N\u00b0 10","('0175-S-2011', 1)":null},"Fecha: ":{"('0175-S-2011', 0)":"04\/03\/2011","('0175-S-2011', 1)":null},"T\u00edtulo":{"('0175-S-2011', 0)":"ADHERIR A LA CONMEMORACION DEL DIA DE LA SALUD, EL 7 DE ABRIL.","('0175-S-2011', 1)":null},"('Firmantes', 'FIRMANTE')":{"('0175-S-2011', 0)":"ITURREZ DE CAPPELLINI, ADA ROSA DEL VALLE","('0175-S-2011', 1)":null},"('Firmantes', 'DISTRITO')":{"('0175-S-2011', 0)":"SANTIAGO DEL ESTERO","('0175-S-2011', 1)":null},"('Firmantes', 'BLOQUE')":{"('0175-S-2011', 0)":"FRENTE CIVICO POR SANTIAGO","('0175-S-2011', 1)":null},"('Tramites', 'C\u00c1MARA')":{"('0175-S-2011', 0)":"Senado","('0175-S-2011', 1)":"Senado"},"('Tramites', 'MOVIMIENTO')":{"('0175-S-2011', 0)":"MOCION SOBRE TABLAS (AFIRMATIVA) CONJUNTAMENTE PARA LOS EXPEDIENTES 0388-S-2011, 0175-S-2011, 0478-S-2011 y 0486-S-2011","('0175-S-2011', 1)":"CONSIDERACION Y APROBACION (TEXTO UNIFICADO) CONJUNTAMENTE PARA LOS EXPEDIENTES 0388-S-2011, 0175-S-2011, 0478-S-2011 y 0486-S-2011"},"('Tramites', 'FECHA')":{"('0175-S-2011', 0)":"30\/03\/2011","('0175-S-2011', 1)":"30\/03\/2011"},"('Tramites', 'RESULTADO')":{"('0175-S-2011', 0)":null,"('0175-S-2011', 1)":"APROBADO"},"Link":{"('0175-S-2011', 0)":"http:\/\/www.senado.gov.ar\/parlamentario\/comisiones\/verExp\/175.11\/S\/PD","('0175-S-2011', 1)":null},"Palabra Clave":{"('0175-S-2011', 0)":" ","('0175-S-2011', 1)":null}}