{"Tipo de Proyecto":{"('0176-D-2011', 0)":"PROYECTO DE LEY","('0176-D-2011', 1)":null,"('0176-D-2011', 2)":null,"('0176-D-2011', 3)":null,"('0176-D-2011', 4)":null,"('0176-D-2011', 5)":null,"('0176-D-2011', 6)":null},"Iniciado en: ":{"('0176-D-2011', 0)":"Diputados","('0176-D-2011', 1)":null,"('0176-D-2011', 2)":null,"('0176-D-2011', 3)":null,"('0176-D-2011', 4)":null,"('0176-D-2011', 5)":null,"('0176-D-2011', 6)":null},"Expediente Diputados: ":{"('0176-D-2011', 0)":"0176-D-2011","('0176-D-2011', 1)":null,"('0176-D-2011', 2)":null,"('0176-D-2011', 3)":null,"('0176-D-2011', 4)":null,"('0176-D-2011', 5)":null,"('0176-D-2011', 6)":null},"Publicado en: ":{"('0176-D-2011', 0)":"Tr\u00e1mite Parlamentario N\u00b0 2","('0176-D-2011', 1)":null,"('0176-D-2011', 2)":null,"('0176-D-2011', 3)":null,"('0176-D-2011', 4)":null,"('0176-D-2011', 5)":null,"('0176-D-2011', 6)":null},"Fecha: ":{"('0176-D-2011', 0)":"02\/03\/2011","('0176-D-2011', 1)":null,"('0176-D-2011', 2)":null,"('0176-D-2011', 3)":null,"('0176-D-2011', 4)":null,"('0176-D-2011', 5)":null,"('0176-D-2011', 6)":null},"T\u00edtulo":{"('0176-D-2011', 0)":"CODIGO CIVIL: MODIFICACIONES DEL TITULO IV DE LA SECCION SEGUNDA, LIBRO PRIMERO, SOBRE ADOPCION.","('0176-D-2011', 1)":null,"('0176-D-2011', 2)":null,"('0176-D-2011', 3)":null,"('0176-D-2011', 4)":null,"('0176-D-2011', 5)":null,"('0176-D-2011', 6)":null},"('Firmantes', 'FIRMANTE')":{"('0176-D-2011', 0)":"HOTTON, CYNTHIA LILIANA","('0176-D-2011', 1)":"MORAN, JUAN CARLOS","('0176-D-2011', 2)":"ERRO, NORBERTO PEDRO","('0176-D-2011', 3)":"TOMAS, HECTOR DANIEL","('0176-D-2011', 4)":"MOLAS, PEDRO OMAR","('0176-D-2011', 5)":"THOMAS, ENRIQUE LUIS","('0176-D-2011', 6)":"LEDESMA, JULIO RUBEN"},"('Firmantes', 'DISTRITO')":{"('0176-D-2011', 0)":"CIUDAD de BUENOS AIRES","('0176-D-2011', 1)":"BUENOS AIRES","('0176-D-2011', 2)":"BUENOS AIRES","('0176-D-2011', 3)":"SAN JUAN","('0176-D-2011', 4)":"CATAMARCA","('0176-D-2011', 5)":"MENDOZA","('0176-D-2011', 6)":"BUENOS AIRES"},"('Firmantes', 'BLOQUE')":{"('0176-D-2011', 0)":"VALORES PARA MI PAIS","('0176-D-2011', 1)":"COALICION CIVICA","('0176-D-2011', 2)":"UCR","('0176-D-2011', 3)":"FRENTE PARA LA VICTORIA - PJ","('0176-D-2011', 4)":"UCR","('0176-D-2011', 5)":"PERONISMO FEDERAL","('0176-D-2011', 6)":"CORRIENTE DE PENSAMIENTO FEDERAL"},"('Giros', 'COMISI\u00d3N')":{"('0176-D-2011', 0)":"LEGISLACION GENERAL","('0176-D-2011', 1)":"FAMILIA, MUJER, NI\u00d1EZ Y ADOLESCENCIA","('0176-D-2011', 2)":null,"('0176-D-2011', 3)":null,"('0176-D-2011', 4)":null,"('0176-D-2011', 5)":null,"('0176-D-2011', 6)":null},"('Tramites', 'C\u00c1MARA')":{"('0176-D-2011', 0)":"Diputados","('0176-D-2011', 1)":null,"('0176-D-2011', 2)":null,"('0176-D-2011', 3)":null,"('0176-D-2011', 4)":null,"('0176-D-2011', 5)":null,"('0176-D-2011', 6)":null},"('Tramites', 'MOVIMIENTO')":{"('0176-D-2011', 0)":"SOLICITUD DE SER COFIRMANTE DEL DIPUTADO LEDESMA (A SUS ANTECEDENTES)","('0176-D-2011', 1)":null,"('0176-D-2011', 2)":null,"('0176-D-2011', 3)":null,"('0176-D-2011', 4)":null,"('0176-D-2011', 5)":null,"('0176-D-2011', 6)":null},"('Tramites', 'FECHA')":{"('0176-D-2011', 0)":"16\/03\/2011","('0176-D-2011', 1)":null,"('0176-D-2011', 2)":null,"('0176-D-2011', 3)":null,"('0176-D-2011', 4)":null,"('0176-D-2011', 5)":null,"('0176-D-2011', 6)":null},"('Tramites', 'RESULTADO')":{"('0176-D-2011', 0)":null,"('0176-D-2011', 1)":null,"('0176-D-2011', 2)":null,"('0176-D-2011', 3)":null,"('0176-D-2011', 4)":null,"('0176-D-2011', 5)":null,"('0176-D-2011', 6)":null},"Sumario":{"('0176-D-2011', 0)":"MODIFICACION DE LOS ARTICULOS 311, 312, 313, 314, 315, 316, 317, 318, 319, 320, 321 DEL CAPITULO I (DISPOSICIONES GENERALES), 322, 323, 324, 325, 326, 327, 328 DEL CAPITULO II (ADOPCION PLENA), 329, 330, 331, 332, 333, 334, 335, 336 DEL CAPITULO III (ADOPCION SIMPLE), 337, 338 (NULIDAD E INSCRIPCION), 339 Y 340 (EFECTOS DE LA ADOPCION CONFERIDA EN EL EXTRANJERO).","('0176-D-2011', 1)":null,"('0176-D-2011', 2)":null,"('0176-D-2011', 3)":null,"('0176-D-2011', 4)":null,"('0176-D-2011', 5)":null,"('0176-D-2011', 6)":null},"Palabra Clave":{"('0176-D-2011', 0)":" ","('0176-D-2011', 1)":null,"('0176-D-2011', 2)":null,"('0176-D-2011', 3)":null,"('0176-D-2011', 4)":null,"('0176-D-2011', 5)":null,"('0176-D-2011', 6)":null}}