{"Tipo de Proyecto":{"('0178-D-2011', 0)":"PROYECTO DE RESOLUCI\u00d3N","('0178-D-2011', 1)":null,"('0178-D-2011', 2)":null,"('0178-D-2011', 3)":null,"('0178-D-2011', 4)":null,"('0178-D-2011', 5)":null},"Iniciado en: ":{"('0178-D-2011', 0)":"Diputados","('0178-D-2011', 1)":null,"('0178-D-2011', 2)":null,"('0178-D-2011', 3)":null,"('0178-D-2011', 4)":null,"('0178-D-2011', 5)":null},"Expediente Diputados: ":{"('0178-D-2011', 0)":"0178-D-2011","('0178-D-2011', 1)":null,"('0178-D-2011', 2)":null,"('0178-D-2011', 3)":null,"('0178-D-2011', 4)":null,"('0178-D-2011', 5)":null},"Publicado en: ":{"('0178-D-2011', 0)":"Tr\u00e1mite Parlamentario N\u00b0 2","('0178-D-2011', 1)":null,"('0178-D-2011', 2)":null,"('0178-D-2011', 3)":null,"('0178-D-2011', 4)":null,"('0178-D-2011', 5)":null},"Fecha: ":{"('0178-D-2011', 0)":"02\/03\/2011","('0178-D-2011', 1)":null,"('0178-D-2011', 2)":null,"('0178-D-2011', 3)":null,"('0178-D-2011', 4)":null,"('0178-D-2011', 5)":null},"T\u00edtulo":{"('0178-D-2011', 0)":"PEDIDO DE INFORMES  AL PODER EJECUTIVO NACIONAL SOBRE DIVERSAS CUESTIONES RELACIONADAS  CON EL PLAN ESTRATEGICO AGROALIMENTARIO Y AGROINDUSTRIAL PARTICIPATIVO Y FEDERAL (PEA2) 2010-2016.","('0178-D-2011', 1)":null,"('0178-D-2011', 2)":null,"('0178-D-2011', 3)":null,"('0178-D-2011', 4)":null,"('0178-D-2011', 5)":null},"('Firmantes', 'FIRMANTE')":{"('0178-D-2011', 0)":"PARADA, LILIANA BEATRIZ","('0178-D-2011', 1)":"LOZANO, CLAUDIO RAUL","('0178-D-2011', 2)":"ARGUMEDO, ALCIRA SUSANA","('0178-D-2011', 3)":"MACALUSE, EDUARDO GABRIEL","('0178-D-2011', 4)":"BENAS, VERONICA CLAUDIA","('0178-D-2011', 5)":"ITURRASPE, NORA GRACIELA"},"('Firmantes', 'DISTRITO')":{"('0178-D-2011', 0)":"CIUDAD de BUENOS AIRES","('0178-D-2011', 1)":"CIUDAD de BUENOS AIRES","('0178-D-2011', 2)":"CIUDAD de BUENOS AIRES","('0178-D-2011', 3)":"BUENOS AIRES","('0178-D-2011', 4)":"SANTA FE","('0178-D-2011', 5)":"BUENOS AIRES"},"('Firmantes', 'BLOQUE')":{"('0178-D-2011', 0)":"MOVIMIENTO PROYECTO SUR","('0178-D-2011', 1)":"MOVIMIENTO PROYECTO SUR","('0178-D-2011', 2)":"MOVIMIENTO PROYECTO SUR","('0178-D-2011', 3)":"SI POR LA UNIDAD POPULAR","('0178-D-2011', 4)":"SI POR LA UNIDAD POPULAR","('0178-D-2011', 5)":"SI POR LA UNIDAD POPULAR"},"('Giros', 'COMISI\u00d3N')":{"('0178-D-2011', 0)":"AGRICULTURA Y GANADERIA","('0178-D-2011', 1)":null,"('0178-D-2011', 2)":null,"('0178-D-2011', 3)":null,"('0178-D-2011', 4)":null,"('0178-D-2011', 5)":null},"('Tramites', 'C\u00c1MARA')":{"('0178-D-2011', 0)":"Diputados","('0178-D-2011', 1)":"Diputados","('0178-D-2011', 2)":null,"('0178-D-2011', 3)":null,"('0178-D-2011', 4)":null,"('0178-D-2011', 5)":null},"('Tramites', 'MOVIMIENTO')":{"('0178-D-2011', 0)":"SOLICITUD DE REPRODUCCION DEL PROYECTO PARA EL PERIODO 130 (2012), SEGUN LOS TERMINOS DEL ARTICULO 7 DE LA RESOLUCION DE LA HCD DEL 05\/06\/1996","('0178-D-2011', 1)":"SOLICITUD DE REPRODUCCION DEL PROYECTO PARA EL PERIODO 131 (2013), SEGUN LOS TERMINOS DEL ARTICULO 7 DE LA RESOLUCION DE LA HCD DEL 05\/06\/1996","('0178-D-2011', 2)":null,"('0178-D-2011', 3)":null,"('0178-D-2011', 4)":null,"('0178-D-2011', 5)":null},"('Tramites', 'FECHA')":{"('0178-D-2011', 0)":"21\/03\/2012","('0178-D-2011', 1)":null,"('0178-D-2011', 2)":null,"('0178-D-2011', 3)":null,"('0178-D-2011', 4)":null,"('0178-D-2011', 5)":null},"('Tramites', 'RESULTADO')":{"('0178-D-2011', 0)":null,"('0178-D-2011', 1)":null,"('0178-D-2011', 2)":null,"('0178-D-2011', 3)":null,"('0178-D-2011', 4)":null,"('0178-D-2011', 5)":null},"Link":{"('0178-D-2011', 0)":"https:\/\/www.hcdn.gob.ar\/proyectos\/textoCompleto.jsp?exp=0178-D-2011&tipo=RESOLUCION","('0178-D-2011', 1)":null,"('0178-D-2011', 2)":null,"('0178-D-2011', 3)":null,"('0178-D-2011', 4)":null,"('0178-D-2011', 5)":null},"Palabra Clave":{"('0178-D-2011', 0)":" ","('0178-D-2011', 1)":null,"('0178-D-2011', 2)":null,"('0178-D-2011', 3)":null,"('0178-D-2011', 4)":null,"('0178-D-2011', 5)":null}}