{"Tipo de Proyecto":{"('0181-OVD-2011', 0)":"PROYECTO DE RESOLUCI\u00d3N"},"Iniciado en: ":{"('0181-OVD-2011', 0)":"Senado"},"Expediente Senado: ":{"('0181-OVD-2011', 0)":"0181-OVD-2011"},"Fecha: ":{"('0181-OVD-2011', 0)":"30\/05\/2012"},"T\u00edtulo":{"('0181-OVD-2011', 0)":"DICTAMEN EN LAS RESPUESTAS REMITIDAS POR LA JEFATURA DE GABINETE DE MINISTROS EN RELACION A LAS RESOLUCIONES 0193-S-09 (0142-OV-08) Y 0139-S-09 (0281-OV-07), APROBADA POR EL H. CONGRESO DE LA NACION; EN ATENCION A LAS OBSERVACIONES EFECTUADAS POR LA AGN CON MOTIVO DEL EXAMEN DE LOS ESTADOS CONTABLES Y CONTROL INTERNO DE LA EMPRESA AGUA Y SANEAMIENTOS ARGENTINOS SA, CORRESPONDIENTES AL EJERCICIO FINALIZADO EL 31 DE DICIEMBRE DE 2007."},"('Firmantes', 'FIRMANTE')":{"('0181-OVD-2011', 0)":"PARLAMENTARIA MIXTA REVISORA DE CUENTAS"},"('Firmantes', 'DISTRITO')":{"('0181-OVD-2011', 0)":null},"('Firmantes', 'BLOQUE')":{"('0181-OVD-2011', 0)":null},"('Tramites', 'C\u00c1MARA')":{"('0181-OVD-2011', 0)":"Senado"},"('Tramites', 'MOVIMIENTO')":{"('0181-OVD-2011', 0)":"CONSIDERACION Y APROBACION (AL ARCHIVO)"},"('Tramites', 'FECHA')":{"('0181-OVD-2011', 0)":"11\/07\/2012"},"('Tramites', 'RESULTADO')":{"('0181-OVD-2011', 0)":"APROBADO"},"Sumario":{"('0181-OVD-2011', 0)":"HABIENDO TOMADO CONOCIMIENTO, Y SIN PERJUICIO DE ULTERIORES MEDIDAS QUE PUEDAN ADOPTARSE, SE ACONSEJA SU REMISION AL ARCHIVO."},"Palabra Clave":{"('0181-OVD-2011', 0)":" "}}