{"Tipo de Proyecto":{"('0181-D-2011', 0)":"PROYECTO DE RESOLUCI\u00d3N","('0181-D-2011', 1)":null,"('0181-D-2011', 2)":null},"Iniciado en: ":{"('0181-D-2011', 0)":"Diputados","('0181-D-2011', 1)":null,"('0181-D-2011', 2)":null},"Expediente Diputados: ":{"('0181-D-2011', 0)":"0181-D-2011","('0181-D-2011', 1)":null,"('0181-D-2011', 2)":null},"Publicado en: ":{"('0181-D-2011', 0)":"Tr\u00e1mite Parlamentario N\u00b0 2","('0181-D-2011', 1)":null,"('0181-D-2011', 2)":null},"Fecha: ":{"('0181-D-2011', 0)":"02\/03\/2011","('0181-D-2011', 1)":null,"('0181-D-2011', 2)":null},"T\u00edtulo":{"('0181-D-2011', 0)":"PEDIDO DE INFORMES AL PODER EJECUTIVO NACIONAL SOBRE DIVERSAS CUESTIONES RELACIONADAS CON LA COMISION BICAMERAL Y EL CONSEJO FEDERAL DE LAS MICRO, PEQUE\u00d1AS Y MEDIANAS EMPRESAS CREADOS POR LA LEY 25300, DE REGIMEN DE FOMENTO PARA LA MICRO, PEQUE\u00d1A Y MEDIANA EMPRESA.","('0181-D-2011', 1)":null,"('0181-D-2011', 2)":null},"('Firmantes', 'FIRMANTE')":{"('0181-D-2011', 0)":"PARADA, LILIANA BEATRIZ","('0181-D-2011', 1)":"LOZANO, CLAUDIO RAUL","('0181-D-2011', 2)":"BENAS, VERONICA CLAUDIA"},"('Firmantes', 'DISTRITO')":{"('0181-D-2011', 0)":"CIUDAD de BUENOS AIRES","('0181-D-2011', 1)":"CIUDAD de BUENOS AIRES","('0181-D-2011', 2)":"SANTA FE"},"('Firmantes', 'BLOQUE')":{"('0181-D-2011', 0)":"MOVIMIENTO PROYECTO SUR","('0181-D-2011', 1)":"MOVIMIENTO PROYECTO SUR","('0181-D-2011', 2)":"SI POR LA UNIDAD POPULAR"},"('Giros', 'COMISI\u00d3N')":{"('0181-D-2011', 0)":"PEQUE\u00d1AS Y MEDIANAS EMPRESAS","('0181-D-2011', 1)":"PETICIONES, PODERES Y REGLAMENTO","('0181-D-2011', 2)":null},"('Tramites', 'C\u00c1MARA')":{"('0181-D-2011', 0)":"Diputados","('0181-D-2011', 1)":"Diputados","('0181-D-2011', 2)":null},"('Tramites', 'MOVIMIENTO')":{"('0181-D-2011', 0)":"SOLICITUD DE REPRODUCCION DEL PROYECTO PARA EL PERIODO 130 (2012), SEGUN LOS TERMINOS DEL ARTICULO 7 DE LA RESOLUCION DE LA HCD DEL 05\/06\/1996","('0181-D-2011', 1)":"SOLICITUD DE REPRODUCCION DEL PROYECTO PARA EL PERIODO 131 (2013), SEGUN LOS TERMINOS DEL ARTICULO 7 DE LA RESOLUCION DE LA HCD DEL 05\/06\/1996","('0181-D-2011', 2)":null},"('Tramites', 'FECHA')":{"('0181-D-2011', 0)":"21\/03\/2012","('0181-D-2011', 1)":null,"('0181-D-2011', 2)":null},"('Tramites', 'RESULTADO')":{"('0181-D-2011', 0)":null,"('0181-D-2011', 1)":null,"('0181-D-2011', 2)":null},"Link":{"('0181-D-2011', 0)":"https:\/\/www.hcdn.gob.ar\/proyectos\/textoCompleto.jsp?exp=0181-D-2011&tipo=RESOLUCION","('0181-D-2011', 1)":null,"('0181-D-2011', 2)":null},"Palabra Clave":{"('0181-D-2011', 0)":" ","('0181-D-2011', 1)":null,"('0181-D-2011', 2)":null}}