{"Tipo de Proyecto":{"('0182-S-2011', 0)":"COMUNICACION"},"Iniciado en: ":{"('0182-S-2011', 0)":"Senado"},"Expediente Senado: ":{"('0182-S-2011', 0)":"0182-S-2011"},"Publicado en: ":{"('0182-S-2011', 0)":"Diario de Asuntos Entrados N\u00b0 10"},"Fecha: ":{"('0182-S-2011', 0)":"04\/03\/2011"},"T\u00edtulo":{"('0182-S-2011', 0)":"PEDIDO DE INFORMES AL PODER EJECUTIVO CON RESPECTO A LOS MEDIOS IMPLEMENTADOS POR EL ESTADO PARA EL ACCESO, POR PARTE DE LOS MIEMBROS DE COMUNIDADES INDIGENAS, A LA INFORMACION SOBRE SUS BENEFICIOS SOCIALES."},"('Firmantes', 'FIRMANTE')":{"('0182-S-2011', 0)":"DI PERNA, GRACIELA AGUSTINA"},"('Firmantes', 'DISTRITO')":{"('0182-S-2011', 0)":"CHUBUT"},"('Firmantes', 'BLOQUE')":{"('0182-S-2011', 0)":"TRABAJO Y DIGNIDAD"},"Link":{"('0182-S-2011', 0)":"http:\/\/www.senado.gov.ar\/parlamentario\/comisiones\/verExp\/182.11\/S\/PC"},"Palabra Clave":{"('0182-S-2011', 0)":" "}}