{"Tipo de Proyecto":{"('0184-S-2011', 0)":"COMUNICACION"},"Iniciado en: ":{"('0184-S-2011', 0)":"Senado"},"Expediente Senado: ":{"('0184-S-2011', 0)":"0184-S-2011"},"Publicado en: ":{"('0184-S-2011', 0)":"Diario de Asuntos Entrados N\u00b0 10"},"Fecha: ":{"('0184-S-2011', 0)":"04\/03\/2011"},"T\u00edtulo":{"('0184-S-2011', 0)":"SOLICITAR AL PODER EJECUTIVO INFORMES SOBRE DIVERSOS PUNTOS RELACIONADOS CON EL PLAN NACIONAL DE SEGURIDAD ALIMENTARIA."},"('Firmantes', 'FIRMANTE')":{"('0184-S-2011', 0)":"DI PERNA, GRACIELA AGUSTINA"},"('Firmantes', 'DISTRITO')":{"('0184-S-2011', 0)":"CHUBUT"},"('Firmantes', 'BLOQUE')":{"('0184-S-2011', 0)":"TRABAJO Y DIGNIDAD"},"Link":{"('0184-S-2011', 0)":"http:\/\/www.senado.gov.ar\/parlamentario\/comisiones\/verExp\/184.11\/S\/PC"},"Palabra Clave":{"('0184-S-2011', 0)":" "}}