{"Tipo de Proyecto":{"('0184-D-2011', 0)":"PROYECTO DE DECLARACI\u00d3N","('0184-D-2011', 1)":null,"('0184-D-2011', 2)":null,"('0184-D-2011', 3)":null,"('0184-D-2011', 4)":null,"('0184-D-2011', 5)":null,"('0184-D-2011', 6)":null,"('0184-D-2011', 7)":null,"('0184-D-2011', 8)":null,"('0184-D-2011', 9)":null,"('0184-D-2011', 10)":null},"Iniciado en: ":{"('0184-D-2011', 0)":"Diputados","('0184-D-2011', 1)":null,"('0184-D-2011', 2)":null,"('0184-D-2011', 3)":null,"('0184-D-2011', 4)":null,"('0184-D-2011', 5)":null,"('0184-D-2011', 6)":null,"('0184-D-2011', 7)":null,"('0184-D-2011', 8)":null,"('0184-D-2011', 9)":null,"('0184-D-2011', 10)":null},"Expediente Diputados: ":{"('0184-D-2011', 0)":"0184-D-2011","('0184-D-2011', 1)":null,"('0184-D-2011', 2)":null,"('0184-D-2011', 3)":null,"('0184-D-2011', 4)":null,"('0184-D-2011', 5)":null,"('0184-D-2011', 6)":null,"('0184-D-2011', 7)":null,"('0184-D-2011', 8)":null,"('0184-D-2011', 9)":null,"('0184-D-2011', 10)":null},"Publicado en: ":{"('0184-D-2011', 0)":"Tr\u00e1mite Parlamentario N\u00b0 2","('0184-D-2011', 1)":null,"('0184-D-2011', 2)":null,"('0184-D-2011', 3)":null,"('0184-D-2011', 4)":null,"('0184-D-2011', 5)":null,"('0184-D-2011', 6)":null,"('0184-D-2011', 7)":null,"('0184-D-2011', 8)":null,"('0184-D-2011', 9)":null,"('0184-D-2011', 10)":null},"Fecha: ":{"('0184-D-2011', 0)":"02\/03\/2011","('0184-D-2011', 1)":null,"('0184-D-2011', 2)":null,"('0184-D-2011', 3)":null,"('0184-D-2011', 4)":null,"('0184-D-2011', 5)":null,"('0184-D-2011', 6)":null,"('0184-D-2011', 7)":null,"('0184-D-2011', 8)":null,"('0184-D-2011', 9)":null,"('0184-D-2011', 10)":null},"T\u00edtulo":{"('0184-D-2011', 0)":"EXPRESAR REPUDIO POR EL INTENTO DE DESALOJO Y LA VIOLENCIA QUE PADECEN COMUNIDADES CAMPESINAS DE LA PROVINCIA DE SANTIAGO DEL ESTERO.","('0184-D-2011', 1)":null,"('0184-D-2011', 2)":null,"('0184-D-2011', 3)":null,"('0184-D-2011', 4)":null,"('0184-D-2011', 5)":null,"('0184-D-2011', 6)":null,"('0184-D-2011', 7)":null,"('0184-D-2011', 8)":null,"('0184-D-2011', 9)":null,"('0184-D-2011', 10)":null},"('Firmantes', 'FIRMANTE')":{"('0184-D-2011', 0)":"PARADA, LILIANA BEATRIZ","('0184-D-2011', 1)":"LOZANO, CLAUDIO RAUL","('0184-D-2011', 2)":"CARDELLI, JORGE JUSTO","('0184-D-2011', 3)":"ARGUMEDO, ALCIRA SUSANA","('0184-D-2011', 4)":"MACALUSE, EDUARDO GABRIEL","('0184-D-2011', 5)":"BENAS, VERONICA CLAUDIA","('0184-D-2011', 6)":"MERCHAN, PAULA CECILIA","('0184-D-2011', 7)":"BONASSO, MIGUEL LUIS","('0184-D-2011', 8)":"ITURRASPE, NORA GRACIELA","('0184-D-2011', 9)":"DONDA PEREZ, VICTORIA ANALIA","('0184-D-2011', 10)":"BELOUS, NELIDA"},"('Firmantes', 'DISTRITO')":{"('0184-D-2011', 0)":"CIUDAD de BUENOS AIRES","('0184-D-2011', 1)":"CIUDAD de BUENOS AIRES","('0184-D-2011', 2)":"CIUDAD de BUENOS AIRES","('0184-D-2011', 3)":"CIUDAD de BUENOS AIRES","('0184-D-2011', 4)":"BUENOS AIRES","('0184-D-2011', 5)":"SANTA FE","('0184-D-2011', 6)":"CORDOBA","('0184-D-2011', 7)":"CIUDAD de BUENOS AIRES","('0184-D-2011', 8)":"BUENOS AIRES","('0184-D-2011', 9)":"BUENOS AIRES","('0184-D-2011', 10)":"TIERRA DEL FUEGO"},"('Firmantes', 'BLOQUE')":{"('0184-D-2011', 0)":"MOVIMIENTO PROYECTO SUR","('0184-D-2011', 1)":"MOVIMIENTO PROYECTO SUR","('0184-D-2011', 2)":"MOVIMIENTO PROYECTO SUR","('0184-D-2011', 3)":"MOVIMIENTO PROYECTO SUR","('0184-D-2011', 4)":"SI POR LA UNIDAD POPULAR","('0184-D-2011', 5)":"SI POR LA UNIDAD POPULAR","('0184-D-2011', 6)":"LIBRES DEL SUR","('0184-D-2011', 7)":"DIALOGO POR BUENOS AIRES","('0184-D-2011', 8)":"SI POR LA UNIDAD POPULAR","('0184-D-2011', 9)":"LIBRES DEL SUR","('0184-D-2011', 10)":"SOCIAL PATAGONICO"},"('Giros', 'COMISI\u00d3N')":{"('0184-D-2011', 0)":"AGRICULTURA Y GANADERIA","('0184-D-2011', 1)":null,"('0184-D-2011', 2)":null,"('0184-D-2011', 3)":null,"('0184-D-2011', 4)":null,"('0184-D-2011', 5)":null,"('0184-D-2011', 6)":null,"('0184-D-2011', 7)":null,"('0184-D-2011', 8)":null,"('0184-D-2011', 9)":null,"('0184-D-2011', 10)":null},"('Tramites', 'C\u00c1MARA')":{"('0184-D-2011', 0)":"Diputados","('0184-D-2011', 1)":"Diputados","('0184-D-2011', 2)":null,"('0184-D-2011', 3)":null,"('0184-D-2011', 4)":null,"('0184-D-2011', 5)":null,"('0184-D-2011', 6)":null,"('0184-D-2011', 7)":null,"('0184-D-2011', 8)":null,"('0184-D-2011', 9)":null,"('0184-D-2011', 10)":null},"('Tramites', 'MOVIMIENTO')":{"('0184-D-2011', 0)":"SOLICITUD DE REPRODUCCION DEL PROYECTO PARA EL PERIODO 130 (2012), SEGUN LOS TERMINOS DEL ARTICULO 7 DE LA RESOLUCION DE LA HCD DEL 05\/06\/1996","('0184-D-2011', 1)":"SOLICITUD DE REPRODUCCION DEL PROYECTO PARA EL PERIODO 131 (2013), SEGUN LOS TERMINOS DEL ARTICULO 7 DE LA RESOLUCION DE LA HCD DEL 05\/06\/1996","('0184-D-2011', 2)":null,"('0184-D-2011', 3)":null,"('0184-D-2011', 4)":null,"('0184-D-2011', 5)":null,"('0184-D-2011', 6)":null,"('0184-D-2011', 7)":null,"('0184-D-2011', 8)":null,"('0184-D-2011', 9)":null,"('0184-D-2011', 10)":null},"('Tramites', 'FECHA')":{"('0184-D-2011', 0)":"21\/03\/2012","('0184-D-2011', 1)":null,"('0184-D-2011', 2)":null,"('0184-D-2011', 3)":null,"('0184-D-2011', 4)":null,"('0184-D-2011', 5)":null,"('0184-D-2011', 6)":null,"('0184-D-2011', 7)":null,"('0184-D-2011', 8)":null,"('0184-D-2011', 9)":null,"('0184-D-2011', 10)":null},"('Tramites', 'RESULTADO')":{"('0184-D-2011', 0)":null,"('0184-D-2011', 1)":null,"('0184-D-2011', 2)":null,"('0184-D-2011', 3)":null,"('0184-D-2011', 4)":null,"('0184-D-2011', 5)":null,"('0184-D-2011', 6)":null,"('0184-D-2011', 7)":null,"('0184-D-2011', 8)":null,"('0184-D-2011', 9)":null,"('0184-D-2011', 10)":null},"Link":{"('0184-D-2011', 0)":"https:\/\/www.hcdn.gob.ar\/proyectos\/textoCompleto.jsp?exp=0184-D-2011&tipo=DECLARACION","('0184-D-2011', 1)":null,"('0184-D-2011', 2)":null,"('0184-D-2011', 3)":null,"('0184-D-2011', 4)":null,"('0184-D-2011', 5)":null,"('0184-D-2011', 6)":null,"('0184-D-2011', 7)":null,"('0184-D-2011', 8)":null,"('0184-D-2011', 9)":null,"('0184-D-2011', 10)":null},"Palabra Clave":{"('0184-D-2011', 0)":" ","('0184-D-2011', 1)":null,"('0184-D-2011', 2)":null,"('0184-D-2011', 3)":null,"('0184-D-2011', 4)":null,"('0184-D-2011', 5)":null,"('0184-D-2011', 6)":null,"('0184-D-2011', 7)":null,"('0184-D-2011', 8)":null,"('0184-D-2011', 9)":null,"('0184-D-2011', 10)":null}}