{"Tipo de Proyecto":{"('0185-PE-2011', 0)":"MENSAJE NRO: 0946\/11","('0185-PE-2011', 1)":null},"Iniciado en: ":{"('0185-PE-2011', 0)":"Senado","('0185-PE-2011', 1)":null},"Expediente Senado: ":{"('0185-PE-2011', 0)":"0185-PE-2011","('0185-PE-2011', 1)":null},"Publicado en: ":{"('0185-PE-2011', 0)":"DAE S.A. N\u00b0 3","('0185-PE-2011', 1)":null},"Fecha: ":{"('0185-PE-2011', 0)":"08\/07\/2011","('0185-PE-2011', 1)":null},"T\u00edtulo":{"('0185-PE-2011', 0)":"SOLICITA ACUERDO PARA DESIGNAR JUEZA DE CAMARA EN EL TRIBUNAL ORAL EN LO CRIMINAL FEDERAL 5 DE LA CAPITAL FEDERAL, A LA DOCTORA ADRIANA PALLIOTTI.","('0185-PE-2011', 1)":null},"('Firmantes', 'FIRMANTE')":{"('0185-PE-2011', 0)":"FERNANDEZ DE KIRCHNER, CRISTINA","('0185-PE-2011', 1)":"ALAK, JULIO"},"('Firmantes', 'DISTRITO')":{"('0185-PE-2011', 0)":null,"('0185-PE-2011', 1)":null},"('Firmantes', 'BLOQUE')":{"('0185-PE-2011', 0)":"PODER EJECUTIVO","('0185-PE-2011', 1)":"PODER EJECUTIVO"},"('Tramites', 'C\u00c1MARA')":{"('0185-PE-2011', 0)":"Senado","('0185-PE-2011', 1)":"Senado"},"('Tramites', 'MOVIMIENTO')":{"('0185-PE-2011', 0)":"MOCION SOBRE TABLAS CON DICTAMEN (AFIRMATIVA)","('0185-PE-2011', 1)":"CONSIDERACION Y APROBACION"},"('Tramites', 'FECHA')":{"('0185-PE-2011', 0)":"31\/08\/2011","('0185-PE-2011', 1)":"31\/08\/2011"},"('Tramites', 'RESULTADO')":{"('0185-PE-2011', 0)":null,"('0185-PE-2011', 1)":"APROBADO"},"Palabra Clave":{"('0185-PE-2011', 0)":" ","('0185-PE-2011', 1)":null}}