{"Tipo de Proyecto":{"('0185-S-2011', 0)":"PROYECTO DE DECLARACI\u00d3N"},"Iniciado en: ":{"('0185-S-2011', 0)":"Senado"},"Expediente Senado: ":{"('0185-S-2011', 0)":"0185-S-2011"},"Publicado en: ":{"('0185-S-2011', 0)":"Diario de Asuntos Entrados N\u00b0 10"},"Fecha: ":{"('0185-S-2011', 0)":"04\/03\/2011"},"T\u00edtulo":{"('0185-S-2011', 0)":"ADHERIR A LA CELEBRACION DEL ANIVERSARIO DE LA CREACION DEL MUSEO PROVINCIAL DE CIENCIAS NATURALES DEL CHUBUT, QUE SE CONMEMORO EL 16 DE FEBRERO PASADO."},"('Firmantes', 'FIRMANTE')":{"('0185-S-2011', 0)":"DI PERNA, GRACIELA AGUSTINA"},"('Firmantes', 'DISTRITO')":{"('0185-S-2011', 0)":"CHUBUT"},"('Firmantes', 'BLOQUE')":{"('0185-S-2011', 0)":"TRABAJO Y DIGNIDAD"},"('Tramites', 'C\u00c1MARA')":{"('0185-S-2011', 0)":"Senado"},"('Tramites', 'MOVIMIENTO')":{"('0185-S-2011', 0)":"CONSIDERACION Y APROBACION"},"('Tramites', 'FECHA')":{"('0185-S-2011', 0)":"02\/11\/2011"},"('Tramites', 'RESULTADO')":{"('0185-S-2011', 0)":"APROBADO"},"Link":{"('0185-S-2011', 0)":"http:\/\/www.senado.gov.ar\/parlamentario\/comisiones\/verExp\/185.11\/S\/PD"},"Palabra Clave":{"('0185-S-2011', 0)":" "}}