{"Tipo de Proyecto":{"('0186-S-2011', 0)":"PROYECTO DE DECLARACI\u00d3N"},"Iniciado en: ":{"('0186-S-2011', 0)":"Senado"},"Expediente Senado: ":{"('0186-S-2011', 0)":"0186-S-2011"},"Publicado en: ":{"('0186-S-2011', 0)":"Diario de Asuntos Entrados N\u00b0 10"},"Fecha: ":{"('0186-S-2011', 0)":"04\/03\/2011"},"T\u00edtulo":{"('0186-S-2011', 0)":"ADHERIR A LA CELEBRACION DEL 107 ANIVERSARIO DE LA FUNDACION DE LA COMUNA RURAL DE GASTRE, QUE SE CONMEMORO EL 31 DE ENERO DEL CORRIENTE A\u00d1O."},"('Firmantes', 'FIRMANTE')":{"('0186-S-2011', 0)":"DI PERNA, GRACIELA AGUSTINA"},"('Firmantes', 'DISTRITO')":{"('0186-S-2011', 0)":"CHUBUT"},"('Firmantes', 'BLOQUE')":{"('0186-S-2011', 0)":"TRABAJO Y DIGNIDAD"},"('Tramites', 'C\u00c1MARA')":{"('0186-S-2011', 0)":"Senado"},"('Tramites', 'MOVIMIENTO')":{"('0186-S-2011', 0)":"CONSIDERACION Y APROBACION"},"('Tramites', 'FECHA')":{"('0186-S-2011', 0)":"02\/11\/2011"},"('Tramites', 'RESULTADO')":{"('0186-S-2011', 0)":"APROBADO"},"Link":{"('0186-S-2011', 0)":"http:\/\/www.senado.gov.ar\/parlamentario\/comisiones\/verExp\/186.11\/S\/PD"},"Palabra Clave":{"('0186-S-2011', 0)":" "}}