{"Tipo de Proyecto":{"('0186-OV-2011', 0)":"PROYECTO DE RESOLUCI\u00d3N"},"Iniciado en: ":{"('0186-OV-2011', 0)":"Diputados"},"Expediente Diputados: ":{"('0186-OV-2011', 0)":"0186-OV-2011"},"Fecha: ":{"('0186-OV-2011', 0)":"15\/02\/2012"},"T\u00edtulo":{"('0186-OV-2011', 0)":"DICTAMEN EN LA RESPUESTA REMITIDA POR LA JEFATURA DE GABINETE DE MINISTROS EN RELACION A LA RESOLUCION 0099-S-09 (0027-OV-07), APROBADA POR EL H. CONGRESO DE LA NACION; INFORME DE CONTROL AMBIENTAL REFERIDO A LA DIRECCION DE BOSQUES EN RELACION AL MANEJO SUSTENTABLE DE LOS ECOSISTEMAS FORESTALES EN EL TERRITORIO NACIONAL, PROGRAMA NACIONAL DE BOSQUES MODELO."},"('Firmantes', 'FIRMANTE')":{"('0186-OV-2011', 0)":"PARLAMENTARIA MIXTA REVISORA DE CUENTAS"},"('Firmantes', 'DISTRITO')":{"('0186-OV-2011', 0)":null},"('Firmantes', 'BLOQUE')":{"('0186-OV-2011', 0)":null},"('Giros', 'COMISI\u00d3N')":{"('0186-OV-2011', 0)":"PARLAMENTARIA MIXTA REVISORA DE CUENTAS"},"('Tramites', 'C\u00c1MARA')":{"('0186-OV-2011', 0)":"Diputados"},"('Tramites', 'MOVIMIENTO')":{"('0186-OV-2011', 0)":"CONSIDERACION Y APROBACION (AL ARCHIVO)"},"('Tramites', 'FECHA')":{"('0186-OV-2011', 0)":"21\/03\/2012"},"('Tramites', 'RESULTADO')":{"('0186-OV-2011', 0)":"APROBADO"},"Sumario":{"('0186-OV-2011', 0)":"HABIENDO TOMADO CONOCIMIENTO, Y SIN PERJUICIO DE ULTERIORES MEDIDAS QUE PUEDAN ADOPTARSE, SE ACONSEJA SU REMISION AL ARCHIVO."},"Palabra Clave":{"('0186-OV-2011', 0)":" "}}