{"Tipo de Proyecto":{"('0187-D-2011', 0)":"PROYECTO DE DECLARACI\u00d3N","('0187-D-2011', 1)":null,"('0187-D-2011', 2)":null,"('0187-D-2011', 3)":null,"('0187-D-2011', 4)":null,"('0187-D-2011', 5)":null,"('0187-D-2011', 6)":null},"Iniciado en: ":{"('0187-D-2011', 0)":"Diputados","('0187-D-2011', 1)":null,"('0187-D-2011', 2)":null,"('0187-D-2011', 3)":null,"('0187-D-2011', 4)":null,"('0187-D-2011', 5)":null,"('0187-D-2011', 6)":null},"Expediente Diputados: ":{"('0187-D-2011', 0)":"0187-D-2011","('0187-D-2011', 1)":null,"('0187-D-2011', 2)":null,"('0187-D-2011', 3)":null,"('0187-D-2011', 4)":null,"('0187-D-2011', 5)":null,"('0187-D-2011', 6)":null},"Publicado en: ":{"('0187-D-2011', 0)":"Tr\u00e1mite Parlamentario N\u00b0 2","('0187-D-2011', 1)":null,"('0187-D-2011', 2)":null,"('0187-D-2011', 3)":null,"('0187-D-2011', 4)":null,"('0187-D-2011', 5)":null,"('0187-D-2011', 6)":null},"Fecha: ":{"('0187-D-2011', 0)":"02\/03\/2011","('0187-D-2011', 1)":null,"('0187-D-2011', 2)":null,"('0187-D-2011', 3)":null,"('0187-D-2011', 4)":null,"('0187-D-2011', 5)":null,"('0187-D-2011', 6)":null},"T\u00edtulo":{"('0187-D-2011', 0)":"EXPRESAR REPUDIO A LA REPRESION POLICIAL PERPETRADA EN EL DESALOJO DEL DIA 29 DE JUNIO DE 2010 EN LA CIUDAD AUTONOMA DE BUENOS AIRES.","('0187-D-2011', 1)":null,"('0187-D-2011', 2)":null,"('0187-D-2011', 3)":null,"('0187-D-2011', 4)":null,"('0187-D-2011', 5)":null,"('0187-D-2011', 6)":null},"('Firmantes', 'FIRMANTE')":{"('0187-D-2011', 0)":"PARADA, LILIANA BEATRIZ","('0187-D-2011', 1)":"LOZANO, CLAUDIO RAUL","('0187-D-2011', 2)":"ARGUMEDO, ALCIRA SUSANA","('0187-D-2011', 3)":"MACALUSE, EDUARDO GABRIEL","('0187-D-2011', 4)":"SOLANAS, FERNANDO EZEQUIEL","('0187-D-2011', 5)":"BENAS, VERONICA CLAUDIA","('0187-D-2011', 6)":"ITURRASPE, NORA GRACIELA"},"('Firmantes', 'DISTRITO')":{"('0187-D-2011', 0)":"CIUDAD de BUENOS AIRES","('0187-D-2011', 1)":"CIUDAD de BUENOS AIRES","('0187-D-2011', 2)":"CIUDAD de BUENOS AIRES","('0187-D-2011', 3)":"BUENOS AIRES","('0187-D-2011', 4)":"CIUDAD de BUENOS AIRES","('0187-D-2011', 5)":"SANTA FE","('0187-D-2011', 6)":"BUENOS AIRES"},"('Firmantes', 'BLOQUE')":{"('0187-D-2011', 0)":"MOVIMIENTO PROYECTO SUR","('0187-D-2011', 1)":"MOVIMIENTO PROYECTO SUR","('0187-D-2011', 2)":"MOVIMIENTO PROYECTO SUR","('0187-D-2011', 3)":"SI POR LA UNIDAD POPULAR","('0187-D-2011', 4)":"MOVIMIENTO PROYECTO SUR","('0187-D-2011', 5)":"SI POR LA UNIDAD POPULAR","('0187-D-2011', 6)":"SI POR LA UNIDAD POPULAR"},"('Giros', 'COMISI\u00d3N')":{"('0187-D-2011', 0)":"LEGISLACION PENAL","('0187-D-2011', 1)":null,"('0187-D-2011', 2)":null,"('0187-D-2011', 3)":null,"('0187-D-2011', 4)":null,"('0187-D-2011', 5)":null,"('0187-D-2011', 6)":null},"('Tramites', 'C\u00c1MARA')":{"('0187-D-2011', 0)":"Diputados","('0187-D-2011', 1)":"Diputados","('0187-D-2011', 2)":null,"('0187-D-2011', 3)":null,"('0187-D-2011', 4)":null,"('0187-D-2011', 5)":null,"('0187-D-2011', 6)":null},"('Tramites', 'MOVIMIENTO')":{"('0187-D-2011', 0)":"SOLICITUD DE REPRODUCCION DEL PROYECTO PARA EL PERIODO 130 (2012), SEGUN LOS TERMINOS DEL ARTICULO 7 DE LA RESOLUCION DE LA HCD DEL 05\/06\/1996","('0187-D-2011', 1)":"SOLICITUD DE REPRODUCCION DEL PROYECTO PARA EL PERIODO 131 (2013), SEGUN LOS TERMINOS DEL ARTICULO 7 DE LA RESOLUCION DE LA HCD DEL 05\/06\/1996","('0187-D-2011', 2)":null,"('0187-D-2011', 3)":null,"('0187-D-2011', 4)":null,"('0187-D-2011', 5)":null,"('0187-D-2011', 6)":null},"('Tramites', 'FECHA')":{"('0187-D-2011', 0)":"21\/03\/2012","('0187-D-2011', 1)":null,"('0187-D-2011', 2)":null,"('0187-D-2011', 3)":null,"('0187-D-2011', 4)":null,"('0187-D-2011', 5)":null,"('0187-D-2011', 6)":null},"('Tramites', 'RESULTADO')":{"('0187-D-2011', 0)":null,"('0187-D-2011', 1)":null,"('0187-D-2011', 2)":null,"('0187-D-2011', 3)":null,"('0187-D-2011', 4)":null,"('0187-D-2011', 5)":null,"('0187-D-2011', 6)":null},"Link":{"('0187-D-2011', 0)":"https:\/\/www.hcdn.gob.ar\/proyectos\/textoCompleto.jsp?exp=0187-D-2011&tipo=DECLARACION","('0187-D-2011', 1)":null,"('0187-D-2011', 2)":null,"('0187-D-2011', 3)":null,"('0187-D-2011', 4)":null,"('0187-D-2011', 5)":null,"('0187-D-2011', 6)":null},"Palabra Clave":{"('0187-D-2011', 0)":" ","('0187-D-2011', 1)":null,"('0187-D-2011', 2)":null,"('0187-D-2011', 3)":null,"('0187-D-2011', 4)":null,"('0187-D-2011', 5)":null,"('0187-D-2011', 6)":null}}