{"Tipo de Proyecto":{"('0188-D-2011', 0)":"PROYECTO DE LEY","('0188-D-2011', 1)":null},"Iniciado en: ":{"('0188-D-2011', 0)":"Diputados","('0188-D-2011', 1)":null},"Expediente Diputados: ":{"('0188-D-2011', 0)":"0188-D-2011","('0188-D-2011', 1)":null},"Publicado en: ":{"('0188-D-2011', 0)":"Tr\u00e1mite Parlamentario N\u00b0 2","('0188-D-2011', 1)":null},"Fecha: ":{"('0188-D-2011', 0)":"02\/03\/2011","('0188-D-2011', 1)":null},"T\u00edtulo":{"('0188-D-2011', 0)":"CREACION DE UNA DEFENSORIA PUBLICA OFICIAL Y UNA FISCALIA PUBLICA FEDERAL ANTE EL JUZGADO FEDERAL DE PRIMERA INSTANCIA CON COMPETENCIA EN MATERIA CRIMINAL, CORRECCIONAL, EJECUCION PENAL, CIVIL, COMERCIAL Y EJECUCION FISCAL CON ASIENTO EN LA CIUDAD DE ESQUEL, PROVINCIA DEL CHUBUT.","('0188-D-2011', 1)":null},"('Firmantes', 'FIRMANTE')":{"('0188-D-2011', 0)":"PAIS, JUAN MARIO","('0188-D-2011', 1)":null},"('Firmantes', 'DISTRITO')":{"('0188-D-2011', 0)":"CHUBUT","('0188-D-2011', 1)":null},"('Firmantes', 'BLOQUE')":{"('0188-D-2011', 0)":"FRENTE PARA LA VICTORIA - PJ","('0188-D-2011', 1)":null},"('Giros', 'COMISI\u00d3N')":{"('0188-D-2011', 0)":"JUSTICIA","('0188-D-2011', 1)":"PRESUPUESTO Y HACIENDA"},"Link":{"('0188-D-2011', 0)":"https:\/\/www.hcdn.gob.ar\/proyectos\/textoCompleto.jsp?exp=0188-D-2011&tipo=LEY","('0188-D-2011', 1)":null},"Palabra Clave":{"('0188-D-2011', 0)":" ","('0188-D-2011', 1)":null}}