{"Tipo de Proyecto":{"('0188-PE-2011', 0)":"MENSAJE NRO: 0950\/11","('0188-PE-2011', 1)":null},"Iniciado en: ":{"('0188-PE-2011', 0)":"Senado","('0188-PE-2011', 1)":null},"Expediente Senado: ":{"('0188-PE-2011', 0)":"0188-PE-2011","('0188-PE-2011', 1)":null},"Publicado en: ":{"('0188-PE-2011', 0)":"DAE S.A. N\u00b0 3","('0188-PE-2011', 1)":null},"Fecha: ":{"('0188-PE-2011', 0)":"08\/07\/2011","('0188-PE-2011', 1)":null},"T\u00edtulo":{"('0188-PE-2011', 0)":"SOLICITA ACUERDO PARA DESIGNAR JUEZ DEL JUZGADO NACIONAL DE PRIMERA INSTANCIA EN LO CIVIL 16 DE LA CAPITAL FEDERAL, AL DOCTOR JAVIER HUMBERTO FERNANDEZ.","('0188-PE-2011', 1)":null},"('Firmantes', 'FIRMANTE')":{"('0188-PE-2011', 0)":"FERNANDEZ DE KIRCHNER, CRISTINA","('0188-PE-2011', 1)":"ALAK, JULIO"},"('Firmantes', 'DISTRITO')":{"('0188-PE-2011', 0)":null,"('0188-PE-2011', 1)":null},"('Firmantes', 'BLOQUE')":{"('0188-PE-2011', 0)":"PODER EJECUTIVO","('0188-PE-2011', 1)":"PODER EJECUTIVO"},"('Tramites', 'C\u00c1MARA')":{"('0188-PE-2011', 0)":"Senado","('0188-PE-2011', 1)":"Senado"},"('Tramites', 'MOVIMIENTO')":{"('0188-PE-2011', 0)":"MOCION SOBRE TABLAS CON DICTAMEN (AFIRMATIVA)","('0188-PE-2011', 1)":"CONSIDERACION Y APROBACION"},"('Tramites', 'FECHA')":{"('0188-PE-2011', 0)":"31\/08\/2011","('0188-PE-2011', 1)":"31\/08\/2011"},"('Tramites', 'RESULTADO')":{"('0188-PE-2011', 0)":null,"('0188-PE-2011', 1)":"APROBADO"},"Palabra Clave":{"('0188-PE-2011', 0)":" ","('0188-PE-2011', 1)":null}}