{"Tipo de Proyecto":{"('0188-OV-2011', 0)":"PROYECTO DE RESOLUCI\u00d3N"},"Iniciado en: ":{"('0188-OV-2011', 0)":"Senado"},"Expediente Senado: ":{"('0188-OV-2011', 0)":"0188-OV-2011"},"Fecha: ":{"('0188-OV-2011', 0)":"26\/04\/2012"},"T\u00edtulo":{"('0188-OV-2011', 0)":"PEDIDO DE INFORMES AL PODER EJECUTIVO SOBRE LAS MEDIDAS ADOPTADAS PARA REGULARIZAR LAS OBSERVACIONES FORMULADAS POR LA AUDITORIA GENERAL DE LA NACION, RESOLUCION 97\/11; RESPECTO DEL INFORME DE AUDITORIA SOBRE LOS ESTADOS FINANCIEROS DEL EJERCICIO 7 AL 31\/12\/10, SOBRE EL PROGRAMA DE CORREDORES VIALES DE INTEGRACION FASE I."},"('Firmantes', 'FIRMANTE')":{"('0188-OV-2011', 0)":"PARLAMENTARIA MIXTA REVISORA DE CUENTAS"},"('Firmantes', 'DISTRITO')":{"('0188-OV-2011', 0)":null},"('Firmantes', 'BLOQUE')":{"('0188-OV-2011', 0)":null},"('Tramites', 'C\u00c1MARA')":{"('0188-OV-2011', 0)":"Senado"},"('Tramites', 'MOVIMIENTO')":{"('0188-OV-2011', 0)":"CONSIDERACION Y APROBACION"},"('Tramites', 'FECHA')":{"('0188-OV-2011', 0)":"11\/07\/2012"},"('Tramites', 'RESULTADO')":{"('0188-OV-2011', 0)":"APROBADO"},"Link":{"('0188-OV-2011', 0)":"http:\/\/www.senado.gov.ar\/parlamentario\/comisiones\/verExp\/188.11\/OV\/PR"},"Palabra Clave":{"('0188-OV-2011', 0)":" "}}