{"Tipo de Proyecto":{"('0189-S-2011', 0)":"PROYECTO DE DECLARACI\u00d3N"},"Iniciado en: ":{"('0189-S-2011', 0)":"Senado"},"Expediente Senado: ":{"('0189-S-2011', 0)":"0189-S-2011"},"Publicado en: ":{"('0189-S-2011', 0)":"Diario de Asuntos Entrados N\u00b0 10"},"Fecha: ":{"('0189-S-2011', 0)":"04\/03\/2011"},"T\u00edtulo":{"('0189-S-2011', 0)":"EXPRESAR BENEPLACITO POR LA RESTAURACION DEL HISTORICO MOLINO HARINERO DE TREVELIN COMO MUSEO REGIONAL."},"('Firmantes', 'FIRMANTE')":{"('0189-S-2011', 0)":"DI PERNA, GRACIELA AGUSTINA"},"('Firmantes', 'DISTRITO')":{"('0189-S-2011', 0)":"CHUBUT"},"('Firmantes', 'BLOQUE')":{"('0189-S-2011', 0)":"TRABAJO Y DIGNIDAD"},"('Tramites', 'C\u00c1MARA')":{"('0189-S-2011', 0)":"Senado"},"('Tramites', 'MOVIMIENTO')":{"('0189-S-2011', 0)":"CONSIDERACION Y APROBACION"},"('Tramites', 'FECHA')":{"('0189-S-2011', 0)":"02\/11\/2011"},"('Tramites', 'RESULTADO')":{"('0189-S-2011', 0)":"APROBADO"},"Link":{"('0189-S-2011', 0)":"http:\/\/www.senado.gov.ar\/parlamentario\/comisiones\/verExp\/189.11\/S\/PD"},"Palabra Clave":{"('0189-S-2011', 0)":" "}}