{"Tipo de Proyecto":{"('0190-OV-2011', 0)":"PROYECTO DE RESOLUCI\u00d3N"},"Iniciado en: ":{"('0190-OV-2011', 0)":"Senado"},"Expediente Senado: ":{"('0190-OV-2011', 0)":"0190-OV-2011"},"Fecha: ":{"('0190-OV-2011', 0)":"25\/04\/2012"},"T\u00edtulo":{"('0190-OV-2011', 0)":"PEDIDO DE INFORMES AL PODER EJECUTIVO SOBRE LAS MEDIDAS ADOPTADAS PARA REGULARIZAR LAS OBSERVACIONES FORMULADAS POR LA AUDITORIA GENERAL DE LA NACION, RESOLUCION 99\/11; SOBRE EL INFORME DE AUDITORIA REFERIDO A LOS ESTADOS FINANCIEROS AL 31\/12\/10 CORRESPONDIENTE AL PROGRAMA DE DESARROLLO SOCIAL EN AREAS FRONTERIZAS DEL NOROESTE Y NORESTE ARGENTINO CON NECESIDADES BASICAS INSATISFECHAS."},"('Firmantes', 'FIRMANTE')":{"('0190-OV-2011', 0)":"PARLAMENTARIA MIXTA REVISORA DE CUENTAS"},"('Firmantes', 'DISTRITO')":{"('0190-OV-2011', 0)":null},"('Firmantes', 'BLOQUE')":{"('0190-OV-2011', 0)":null},"('Tramites', 'C\u00c1MARA')":{"('0190-OV-2011', 0)":"Senado"},"('Tramites', 'MOVIMIENTO')":{"('0190-OV-2011', 0)":"CONSIDERACION Y APROBACION"},"('Tramites', 'FECHA')":{"('0190-OV-2011', 0)":"11\/07\/2012"},"('Tramites', 'RESULTADO')":{"('0190-OV-2011', 0)":"APROBADO"},"Link":{"('0190-OV-2011', 0)":"http:\/\/www.senado.gov.ar\/parlamentario\/comisiones\/verExp\/190.11\/OV\/PR"},"Palabra Clave":{"('0190-OV-2011', 0)":" "}}