{"Tipo de Proyecto":{"('0190-PE-2011', 0)":"MENSAJE NRO: 0952\/11","('0190-PE-2011', 1)":null},"Iniciado en: ":{"('0190-PE-2011', 0)":"Senado","('0190-PE-2011', 1)":null},"Expediente Senado: ":{"('0190-PE-2011', 0)":"0190-PE-2011","('0190-PE-2011', 1)":null},"Publicado en: ":{"('0190-PE-2011', 0)":"DAE S.A. N\u00b0 3","('0190-PE-2011', 1)":null},"Fecha: ":{"('0190-PE-2011', 0)":"08\/07\/2011","('0190-PE-2011', 1)":null},"T\u00edtulo":{"('0190-PE-2011', 0)":"SOLICITA ACUERDO PARA DESIGNAR JUEZ DEL JUZGADO NACIONAL DE PRIMERA INSTANCIA EN LO CIVIL 9 DE LA CAPITAL FEDERAL, AL DOCTOR CAMILO JORGE ALMEIDA PONS.","('0190-PE-2011', 1)":null},"('Firmantes', 'FIRMANTE')":{"('0190-PE-2011', 0)":"FERNANDEZ DE KIRCHNER, CRISTINA","('0190-PE-2011', 1)":"ALAK, JULIO"},"('Firmantes', 'DISTRITO')":{"('0190-PE-2011', 0)":null,"('0190-PE-2011', 1)":null},"('Firmantes', 'BLOQUE')":{"('0190-PE-2011', 0)":"PODER EJECUTIVO","('0190-PE-2011', 1)":"PODER EJECUTIVO"},"('Tramites', 'C\u00c1MARA')":{"('0190-PE-2011', 0)":"Senado","('0190-PE-2011', 1)":"Senado"},"('Tramites', 'MOVIMIENTO')":{"('0190-PE-2011', 0)":"MOCION SOBRE TABLAS CON DICTAMEN (AFIRMATIVA)","('0190-PE-2011', 1)":"CONSIDERACION Y APROBACION"},"('Tramites', 'FECHA')":{"('0190-PE-2011', 0)":"31\/08\/2011","('0190-PE-2011', 1)":"31\/08\/2011"},"('Tramites', 'RESULTADO')":{"('0190-PE-2011', 0)":null,"('0190-PE-2011', 1)":"APROBADO"},"Palabra Clave":{"('0190-PE-2011', 0)":" ","('0190-PE-2011', 1)":null}}