{"Tipo de Proyecto":{"('0191-OV-2011', 0)":"PROYECTO DE RESOLUCI\u00d3N"},"Iniciado en: ":{"('0191-OV-2011', 0)":"Senado"},"Expediente Senado: ":{"('0191-OV-2011', 0)":"0191-OV-2011"},"Fecha: ":{"('0191-OV-2011', 0)":"26\/09\/2012"},"T\u00edtulo":{"('0191-OV-2011', 0)":"DICTAMEN EN LAS RESOLUCIONES (100\/11, 176\/11, 247\/11 Y 39\/12) REMITIDA POR LA AUDITORIA GENERAL DE LA NACION, EN LAS CUALES LA AGN TOMA CONOCIMIENTO DE LOS INFORMES DE REVISION LIMITADA - ESTADOS CONTABLES AL 31\/03\/11, 30\/06\/11, 30\/09\/11 Y 31\/12\/11, EN EL AMBITO DEL BANCO DE INVERSION Y COMERCIO EXTERIOR SOCIEDAD ANONIMA."},"('Firmantes', 'FIRMANTE')":{"('0191-OV-2011', 0)":"PARLAMENTARIA MIXTA REVISORA DE CUENTAS"},"('Firmantes', 'DISTRITO')":{"('0191-OV-2011', 0)":null},"('Firmantes', 'BLOQUE')":{"('0191-OV-2011', 0)":null},"('Tramites', 'C\u00c1MARA')":{"('0191-OV-2011', 0)":"Senado"},"('Tramites', 'MOVIMIENTO')":{"('0191-OV-2011', 0)":"CONSIDERACION Y APROBACION"},"('Tramites', 'FECHA')":{"('0191-OV-2011', 0)":"14\/11\/2012"},"('Tramites', 'RESULTADO')":{"('0191-OV-2011', 0)":"APROBADO"},"Sumario":{"('0191-OV-2011', 0)":"HABIENDO TOMADO CONOCIMIENTO, Y SIN PERJUICIO DE ULTERIORES MEDIDAS QUE PUEDAN ADOPTARSE, SE ACONSEJA SU REMISION AL ARCHIVO."},"Palabra Clave":{"('0191-OV-2011', 0)":" "}}