{"Tipo de Proyecto":{"('0191-PE-2011', 0)":"MENSAJE NRO: 0954\/11","('0191-PE-2011', 1)":null},"Iniciado en: ":{"('0191-PE-2011', 0)":"Senado","('0191-PE-2011', 1)":null},"Expediente Senado: ":{"('0191-PE-2011', 0)":"0191-PE-2011","('0191-PE-2011', 1)":null},"Publicado en: ":{"('0191-PE-2011', 0)":"DAE S.A. N\u00b0 3","('0191-PE-2011', 1)":null},"Fecha: ":{"('0191-PE-2011', 0)":"08\/07\/2011","('0191-PE-2011', 1)":null},"T\u00edtulo":{"('0191-PE-2011', 0)":"SOLICITA ACUERDO PARA DESIGNAR JUEZ DE CAMARA EN EL TRIBUNAL ORAL EN LO CRIMINAL FEDERAL 3 DE SAN MARTIN, PROVINCIA DE BUENOS AIRES, AL DOCTOR GERMAN ANDRES CASTELLI.","('0191-PE-2011', 1)":null},"('Firmantes', 'FIRMANTE')":{"('0191-PE-2011', 0)":"FERNANDEZ DE KIRCHNER, CRISTINA","('0191-PE-2011', 1)":"ALAK, JULIO"},"('Firmantes', 'DISTRITO')":{"('0191-PE-2011', 0)":null,"('0191-PE-2011', 1)":null},"('Firmantes', 'BLOQUE')":{"('0191-PE-2011', 0)":"PODER EJECUTIVO","('0191-PE-2011', 1)":"PODER EJECUTIVO"},"('Tramites', 'C\u00c1MARA')":{"('0191-PE-2011', 0)":"Senado","('0191-PE-2011', 1)":"Senado"},"('Tramites', 'MOVIMIENTO')":{"('0191-PE-2011', 0)":"MOCION SOBRE TABLAS CON DICTAMEN (AFIRMATIVA)","('0191-PE-2011', 1)":"CONSIDERACION Y APROBACION"},"('Tramites', 'FECHA')":{"('0191-PE-2011', 0)":"31\/08\/2011","('0191-PE-2011', 1)":"31\/08\/2011"},"('Tramites', 'RESULTADO')":{"('0191-PE-2011', 0)":null,"('0191-PE-2011', 1)":"APROBADO"},"Palabra Clave":{"('0191-PE-2011', 0)":" ","('0191-PE-2011', 1)":null}}