{"Tipo de Proyecto":{"('0192-D-2011', 0)":"PROYECTO DE LEY","('0192-D-2011', 1)":null},"Iniciado en: ":{"('0192-D-2011', 0)":"Diputados","('0192-D-2011', 1)":null},"Expediente Diputados: ":{"('0192-D-2011', 0)":"0192-D-2011","('0192-D-2011', 1)":null},"Publicado en: ":{"('0192-D-2011', 0)":"Tr\u00e1mite Parlamentario N\u00b0 2","('0192-D-2011', 1)":null},"Fecha: ":{"('0192-D-2011', 0)":"02\/03\/2011","('0192-D-2011', 1)":null},"T\u00edtulo":{"('0192-D-2011', 0)":"CODIGO DE COMERCIO: MODIFICACIONES, SOBRE MENORES E INSCRIPCION EN EL REGISTRO PUBLICO DE COMERCIO DE DOCUMENTOS RELATIVOS AL ESTADO DE LAS PERSONAS.","('0192-D-2011', 1)":null},"('Firmantes', 'FIRMANTE')":{"('0192-D-2011', 0)":"RODRIGUEZ, MARCELA VIRGINIA","('0192-D-2011', 1)":null},"('Firmantes', 'DISTRITO')":{"('0192-D-2011', 0)":"BUENOS AIRES","('0192-D-2011', 1)":null},"('Firmantes', 'BLOQUE')":{"('0192-D-2011', 0)":"COALICION CIVICA","('0192-D-2011', 1)":null},"('Giros', 'COMISI\u00d3N')":{"('0192-D-2011', 0)":"LEGISLACION GENERAL","('0192-D-2011', 1)":"FAMILIA, MUJER, NI\u00d1EZ Y ADOLESCENCIA"},"Sumario":{"('0192-D-2011', 0)":"MODIFICACION DEL ARTICULO 28 (MENORES DE EDAD), INCISOS 1) (CONVENCIONES MATRIMONIALES), 2) (SENTENCIAS DE DIVORCIO) Y 5) (AUTORIZACIONES CONCEDIDAS A MENORES DE EDAD) DEL ARTICULO 36 Y DEROGACION DE LOS ARTICULOS 13 AL 21 DEL CODIGO DE COMERCIO.","('0192-D-2011', 1)":null},"Palabra Clave":{"('0192-D-2011', 0)":" ","('0192-D-2011', 1)":null}}