{"Tipo de Proyecto":{"('0192-OV-2011', 0)":"PROYECTO DE RESOLUCI\u00d3N","('0192-OV-2011', 1)":null},"Iniciado en: ":{"('0192-OV-2011', 0)":"Senado","('0192-OV-2011', 1)":null},"Expediente Senado: ":{"('0192-OV-2011', 0)":"0192-OV-2011","('0192-OV-2011', 1)":null},"Fecha: ":{"('0192-OV-2011', 0)":"24\/04\/2012","('0192-OV-2011', 1)":null},"T\u00edtulo":{"('0192-OV-2011', 0)":"PEDIDO DE INFORMES AL PODER EJECUTIVO SOBRE LAS MEDIDAS ADOPTADAS PARA REGULARIZAR LAS OBSERVACIONES FORMULADAS POR LA AUDITORIA GENERAL DE LA NACION, RESOLUCION 101\/11; SOBRE EL INFORME DE AUDITORIA REFERIDO A LOS ESTADOS FINANCIEROS DEL EJERCICIO FINALIZADO EL 31\/12\/10 CORRESPONDIENTE AL PROGRAMA DE GESTION AMBIENTAL DE LA CUENCA MATANZA-RIACHUELO.","('0192-OV-2011', 1)":null},"('Firmantes', 'FIRMANTE')":{"('0192-OV-2011', 0)":"PARLAMENTARIA MIXTA REVISORA DE CUENTAS","('0192-OV-2011', 1)":null},"('Firmantes', 'DISTRITO')":{"('0192-OV-2011', 0)":null,"('0192-OV-2011', 1)":null},"('Firmantes', 'BLOQUE')":{"('0192-OV-2011', 0)":null,"('0192-OV-2011', 1)":null},"('Tramites', 'C\u00c1MARA')":{"('0192-OV-2011', 0)":"Senado","('0192-OV-2011', 1)":"Senado"},"('Tramites', 'MOVIMIENTO')":{"('0192-OV-2011', 0)":"CONSIDERACION Y APROBACION","('0192-OV-2011', 1)":"CONTESTACION DEL PODER EJECUTIVO NACIONAL - GIRADO A LA COMISION RESPECTIVA"},"('Tramites', 'FECHA')":{"('0192-OV-2011', 0)":"11\/07\/2012","('0192-OV-2011', 1)":"17\/09\/2014"},"('Tramites', 'RESULTADO')":{"('0192-OV-2011', 0)":"APROBADO","('0192-OV-2011', 1)":null},"Link":{"('0192-OV-2011', 0)":"http:\/\/www.senado.gov.ar\/parlamentario\/comisiones\/verExp\/192.11\/OV\/PR","('0192-OV-2011', 1)":null},"Palabra Clave":{"('0192-OV-2011', 0)":" ","('0192-OV-2011', 1)":null}}