{"Tipo de Proyecto":{"('0194-OV-2011', 0)":"PROYECTO DE RESOLUCI\u00d3N"},"Iniciado en: ":{"('0194-OV-2011', 0)":"Senado"},"Expediente Senado: ":{"('0194-OV-2011', 0)":"0194-OV-2011"},"Fecha: ":{"('0194-OV-2011', 0)":"24\/04\/2012"},"T\u00edtulo":{"('0194-OV-2011', 0)":"PEDIDO DE INFORMES AL PODER EJECUTIVO SOBRE LAS MEDIDAS ADOPTADAS PARA REGULARIZAR LAS OBSERVACIONES FORMULADAS POR LA AUDITORIA GENERAL DE LA NACION, RESOLUCION 104\/11; RESPECTO DEL INFORME DE AUDITORIA DE GESTION REFERIDO AL ESTADO MAYOR CONJUNTO DE LAS FUERZAS ARMADAS, PROGRAMA 20 - SOSTEN LOGISTICO ANTARTICO, PERIODO JUNIO A OCTUBRE 2009."},"('Firmantes', 'FIRMANTE')":{"('0194-OV-2011', 0)":"PARLAMENTARIA MIXTA REVISORA DE CUENTAS"},"('Firmantes', 'DISTRITO')":{"('0194-OV-2011', 0)":null},"('Firmantes', 'BLOQUE')":{"('0194-OV-2011', 0)":null},"('Tramites', 'C\u00c1MARA')":{"('0194-OV-2011', 0)":"Senado"},"('Tramites', 'MOVIMIENTO')":{"('0194-OV-2011', 0)":"CONSIDERACION Y APROBACION"},"('Tramites', 'FECHA')":{"('0194-OV-2011', 0)":"11\/07\/2012"},"('Tramites', 'RESULTADO')":{"('0194-OV-2011', 0)":"APROBADO"},"Link":{"('0194-OV-2011', 0)":"http:\/\/www.senado.gov.ar\/parlamentario\/comisiones\/verExp\/194.11\/OV\/PR"},"Palabra Clave":{"('0194-OV-2011', 0)":" "}}